collision_index,collision_year,collision_ref_no,vehicle_reference,vehicle_type,towing_and_articulation,vehicle_manoeuvre_historic,vehicle_manoeuvre,vehicle_direction_from,vehicle_direction_to,vehicle_location_restricted_lane_historic,vehicle_location_restricted_lane,junction_location,skidding_and_overturning,hit_object_in_carriageway,vehicle_leaving_carriageway,hit_object_off_carriageway,first_point_of_impact,vehicle_left_hand_drive,journey_purpose_of_driver_historic,journey_purpose_of_driver,sex_of_driver,age_of_driver,age_band_of_driver,engine_capacity_cc,propulsion_code,age_of_vehicle,generic_make_model,driver_imd_decile,lsoa_of_driver,escooter_flag,driver_distance_banding
2024351442039,2024,351442039,2,9,0,-1,5,-1,-1,-1,0,1,1,-1,-1,0,3,1,-1,6,1,47,8,1591,1,5,HYUNDAI TUCSON,2,E01018075,0,1
2024320403803,2024,320403803,1,9,0,9,9,6,4,0,0,6,0,0,0,0,1,1,-1,-1,1,46,8,1685,2,7,HYUNDAI TUCSON,-1,-1,0,-1
2024451487290,2024,451487290,2,9,0,-1,9,7,5,-1,0,0,0,0,0,0,1,1,-1,9,1,76,11,1598,8,2,HYUNDAI TUCSON,9,E01030761,0,3
2024461521520,2024,461521520,2,9,-1,-1,2,0,0,-1,0,0,0,0,0,0,3,9,-1,6,3,-1,-1,1685,2,8,HYUNDAI TUCSON,-1,-1,0,-1
2024041426572,2024,041426572,2,9,4,-1,19,3,5,-1,0,0,0,0,1,0,3,1,-1,9,1,60,9,1591,1,5,HYUNDAI TUCSON,10,E01025019,0,1
2024302401634,2024,302401634,2,9,0,17,19,1,6,0,0,0,0,0,0,0,1,1,6,6,2,31,6,1591,1,5,HYUNDAI TUCSON,7,E01019726,0,1
2024461402710,2024,461402710,1,9,0,-1,19,1,5,-1,0,0,0,0,0,0,4,1,-1,6,2,46,8,1685,2,7,HYUNDAI TUCSON,7,E01032817,0,1
2024401417150,2024,401417150,2,9,0,-1,9,5,1,-1,0,8,0,0,0,0,3,1,-1,6,2,62,9,1591,1,8,HYUNDAI TUCSON,4,E01015711,0,1
2024010550908,2024,010550908,2,9,0,99,99,9,9,99,99,0,9,99,9,99,1,9,6,6,3,-1,-1,1685,2,8,HYUNDAI TUCSON,-1,-1,0,-1
2024111462199,2024,111462199,2,9,0,-1,4,5,1,-1,0,0,0,0,0,0,2,1,-1,2,2,44,7,1598,8,2,HYUNDAI TUCSON,6,E01027613,0,4
2024411473714,2024,411473714,2,9,0,-1,2,0,0,-1,0,0,0,0,0,0,3,1,-1,6,-1,-1,-1,1598,8,0,HYUNDAI TUCSON,-1,-1,0,-1
2024161423095,2024,161423095,2,9,0,-1,19,1,5,-1,0,0,0,0,0,0,4,9,-1,6,1,67,10,1685,2,8,HYUNDAI TUCSON,3,E01034753,0,1
2024440122435,2024,440122435,2,9,0,18,19,6,2,0,0,0,0,0,0,0,4,1,1,1,1,45,7,1591,1,6,HYUNDAI TUCSON,7,E01032002,0,4
2024031399651,2024,031399651,2,9,0,-1,2,7,7,-1,0,0,0,0,0,0,2,1,-1,6,1,59,9,1598,1,1,HYUNDAI TUCSON,-1,-1,0,-1
2024302401333,2024,302401333,1,9,0,4,4,8,4,0,0,8,0,0,0,0,1,2,6,6,1,61,9,1591,1,7,HYUNDAI TUCSON,9,E01019879,0,1
2024546887924,2024,546887924,2,9,0,3,3,2,7,0,0,0,0,0,0,0,3,1,1,1,2,62,9,1995,2,9,HYUNDAI TUCSON,6,E01032031,0,1
2024522401523,2024,522401523,1,9,0,9,9,8,5,0,0,5,0,0,0,0,3,1,6,6,2,50,8,1591,1,5,HYUNDAI TUCSON,9,E01014545,0,1
2024411468168,2024,411468168,1,9,0,-1,19,4,8,-1,0,0,0,0,0,0,1,1,-1,2,2,36,7,1598,8,1,HYUNDAI TUCSON,9,E01023653,0,2
2024991477432,2024,991477432,2,9,0,-1,19,5,2,-1,0,0,0,0,1,10,3,1,-1,9,2,30,6,1598,2,5,HYUNDAI TUCSON,8,-1,0,4
2024501473140,2024,501473140,3,9,0,-1,19,2,6,-1,0,0,0,0,0,0,2,1,-1,9,2,48,8,1591,1,4,HYUNDAI TUCSON,4,E01018922,0,3
2024461430307,2024,461430307,2,9,0,-1,19,5,1,-1,0,0,0,0,0,0,2,9,-1,9,2,32,6,1598,8,2,HYUNDAI TUCSON,2,E01016152,0,1
2024141491213,2024,141491213,1,9,0,-1,19,5,7,-1,0,2,0,0,0,0,1,1,-1,6,1,48,8,1591,1,5,HYUNDAI TUCSON,8,E01007428,0,1
2024201511119,2024,201511119,2,9,0,-1,19,3,7,-1,0,8,0,0,0,0,1,1,-1,6,1,55,8,1685,2,8,HYUNDAI TUCSON,2,E01009123,0,2
2024371448731,2024,371448731,1,9,0,-1,19,2,5,-1,0,0,0,0,7,3,1,1,-1,9,1,25,5,1598,1,2,HYUNDAI TUCSON,9,E01030145,0,2
2024061473023,2024,061473023,2,9,0,-1,19,5,1,-1,0,0,0,0,0,0,1,1,-1,9,1,59,9,1598,8,2,HYUNDAI TUCSON,8,E01004791,0,1
2024010551662,2024,010551662,1,9,0,9,9,1,7,0,0,1,0,0,0,0,1,1,6,6,1,63,9,1598,8,1,HYUNDAI TUCSON,9,E01000775,0,1
2024201439575,2024,201439575,2,9,0,-1,19,5,1,-1,0,8,1,0,0,0,2,1,-1,2,1,36,7,1598,1,0,HYUNDAI TUCSON,3,E01009162,0,1
2024991440716,2024,991440716,1,8,0,-1,19,1,5,-1,0,1,0,0,0,0,3,1,-1,1,2,59,9,1598,8,3,HYUNDAI TUCSON,-1,-1,0,-1
2024052402280,2024,052402280,2,9,0,4,4,5,1,0,0,1,0,0,0,0,2,1,6,6,1,57,9,1598,8,1,HYUNDAI TUCSON,10,E01018490,0,4
2024041426597,2024,041426597,2,9,0,-1,19,7,3,-1,0,8,0,0,1,11,3,1,-1,6,1,55,8,1598,1,3,HYUNDAI TUCSON,1,E01012707,0,1
2024991398258,2024,991398258,2,9,0,-1,19,3,7,-1,0,0,0,0,0,0,1,1,-1,6,2,47,8,1685,2,7,HYUNDAI TUCSON,-1,-1,0,-1
2024991431234,2024,991431234,1,9,0,-1,19,2,6,-1,0,0,0,0,0,0,4,1,-1,9,2,37,7,1591,1,5,HYUNDAI TUCSON,2,-1,0,1
2024610009724,2024,610009724,2,9,0,7,7,5,6,0,0,6,0,0,7,0,3,1,6,6,2,32,6,1598,1,1,HYUNDAI TUCSON,8,W01001425,0,1
2024991478280,2024,991478280,1,9,0,-1,19,3,7,-1,0,0,0,0,0,0,1,1,-1,9,2,36,7,1598,8,1,HYUNDAI TUCSON,4,-1,0,3
2024201533753,2024,201533753,2,9,0,-1,19,5,1,-1,0,0,0,0,0,0,2,1,-1,2,1,47,8,1685,2,8,HYUNDAI TUCSON,8,E01013783,0,4
2024451458029,2024,451458029,2,9,0,-1,11,2,6,-1,0,0,0,0,0,0,2,1,-1,1,1,61,9,1685,2,8,HYUNDAI TUCSON,8,E01033970,0,4
2024231493530,2024,231493530,1,9,0,-1,9,4,2,-1,0,6,0,0,0,0,3,9,-1,6,2,68,10,1598,8,0,HYUNDAI TUCSON,9,E01028423,0,3
2024421436429,2024,421436429,6,9,0,-1,19,5,1,-1,0,0,0,0,0,0,1,1,-1,9,1,31,6,1591,1,7,HYUNDAI TUCSON,4,E01002168,0,4
2024201526280,2024,201526280,2,9,0,-1,19,4,8,-1,0,8,0,0,0,0,1,1,-1,6,1,42,7,1598,8,0,HYUNDAI TUCSON,5,E01009590,0,4
2024440296513,2024,440296513,2,9,0,18,19,8,4,0,0,8,0,0,0,0,3,1,6,6,2,29,6,1598,1,2,HYUNDAI TUCSON,4,E01017251,0,1
2024061487749,2024,061487749,1,9,0,-1,14,6,2,-1,0,0,0,0,0,0,3,1,-1,2,1,35,6,1598,8,0,HYUNDAI TUCSON,9,E01012493,0,4
2024052401343,2024,052401343,2,9,0,18,19,4,8,0,0,8,0,0,0,0,1,1,6,6,1,73,10,1591,1,6,HYUNDAI TUCSON,1,E01006735,0,1
2024332400086,2024,332400086,2,9,0,-1,19,5,1,-1,0,0,0,0,0,0,1,1,-1,2,1,54,8,1598,8,1,HYUNDAI TUCSON,10,E01013803,0,1
2024201464692,2024,201464692,2,9,0,-1,19,6,2,-1,0,1,0,0,0,0,2,1,-1,9,2,59,9,1598,1,0,HYUNDAI TUCSON,2,E01009992,0,1
2024501502578,2024,501502578,1,9,0,-1,13,6,2,-1,0,0,1,0,4,6,1,1,-1,2,1,33,6,1685,2,7,HYUNDAI TUCSON,8,E01020249,0,4
2024141529363,2024,141529363,3,9,0,-1,19,1,5,-1,0,0,0,0,0,0,2,1,-1,2,2,40,7,1591,1,6,HYUNDAI TUCSON,1,E01007492,0,3
2024610020024,2024,610020024,3,9,0,5,5,4,8,0,0,1,0,0,0,0,3,1,6,6,1,67,10,1591,1,5,HYUNDAI TUCSON,7,W01001499,0,1
2024320360857,2024,320360857,1,9,0,-1,-1,3,7,0,0,4,0,0,0,0,1,1,6,6,2,44,7,1598,1,2,HYUNDAI TUCSON,-1,-1,0,-1
2024440529640,2024,440529640,1,9,0,9,9,1,7,0,0,8,0,0,0,0,4,1,1,1,1,-1,-1,1598,8,0,HYUNDAI TUCSON,-1,-1,0,-1
2024471465738,2024,471465738,2,9,0,-1,19,7,3,-1,0,1,0,0,0,0,4,1,-1,2,1,65,9,1975,1,18,HYUNDAI TUCSON,7,E01021046,0,1
2024221405118,2024,221405118,1,9,0,-1,9,4,2,-1,0,6,0,0,0,0,1,1,-1,1,1,46,8,1685,2,8,HYUNDAI TUCSON,7,E01032319,0,1
2024991444541,2024,991444541,3,9,0,-1,19,3,7,-1,0,0,0,0,0,0,1,9,-1,6,2,50,8,1685,2,7,HYUNDAI TUCSON,9,-1,0,4
2024461485501,2024,461485501,3,9,0,-1,19,7,3,-1,0,0,0,0,0,0,1,1,-1,9,2,66,10,1598,8,0,HYUNDAI TUCSON,6,E01024117,0,1
2024311485815,2024,311485815,2,9,0,-1,2,0,0,-1,9,0,0,0,0,0,2,1,-1,6,-1,-1,-1,1685,2,7,HYUNDAI TUCSON,-1,-1,0,-1
2024991484364,2024,991484364,2,9,0,-1,5,1,4,-1,0,1,0,0,0,0,1,1,-1,1,2,40,7,1591,1,6,HYUNDAI TUCSON,9,-1,0,4
2024451460637,2024,451460637,2,9,0,-1,4,3,7,-1,0,0,0,0,0,0,2,1,-1,9,2,42,7,1591,1,5,HYUNDAI TUCSON,10,E01030425,0,1
2024361455137,2024,361455137,2,9,0,-1,19,1,5,-1,0,8,0,0,0,0,1,1,-1,9,1,36,7,1991,2,15,HYUNDAI TUCSON,2,E01026600,0,1
2024461415677,2024,461415677,1,9,0,-1,19,7,3,-1,0,0,1,0,1,0,4,9,-1,2,1,38,7,1598,8,1,HYUNDAI TUCSON,4,E01024494,0,1
2024461400473,2024,461400473,1,9,0,-1,19,6,2,-1,0,0,0,0,0,0,4,1,-1,9,1,73,10,1598,-1,3,HYUNDAI TUCSON,6,E01024804,0,2
2024061483755,2024,061483755,3,9,0,-1,19,5,8,-1,0,0,0,0,0,0,2,1,-1,9,2,55,8,1598,1,3,HYUNDAI TUCSON,8,E01005453,0,4
2024520500080,2024,520500080,2,9,0,4,4,1,5,0,0,3,0,0,0,0,2,1,6,6,1,60,9,1598,8,1,HYUNDAI TUCSON,3,E01029280,0,1
2024010536984,2024,010536984,1,9,0,99,99,9,9,99,99,0,9,99,9,99,2,9,1,1,2,41,7,1598,-1,3,HYUNDAI TUCSON,9,E01004098,0,1
2024411540828,2024,411540828,2,9,0,-1,19,-1,-1,-1,0,5,0,0,0,0,9,1,-1,9,2,57,9,1591,1,6,HYUNDAI TUCSON,6,E01023305,0,1
2024332400117,2024,332400117,1,9,0,-1,6,1,1,-1,0,8,0,0,1,0,3,1,-1,6,3,-1,-1,1975,1,15,HYUNDAI TUCSON,-1,-1,0,-1
2024041530920,2024,041530920,2,9,0,-1,9,3,7,-1,0,1,0,0,0,0,2,1,-1,2,1,51,8,1995,2,9,HYUNDAI TUCSON,4,E01012712,0,1
2024311416105,2024,311416105,1,9,0,-1,19,1,5,-1,0,4,0,0,0,0,1,1,-1,6,1,-1,-1,1598,8,1,HYUNDAI TUCSON,2,E01013962,0,1
2024211527998,2024,211527998,2,9,0,-1,19,1,5,-1,0,1,0,0,0,0,1,1,-1,1,1,43,7,1598,8,3,HYUNDAI TUCSON,-1,-1,0,-1
2024631465032,2024,631465032,2,9,0,-1,19,4,8,-1,0,8,0,0,0,0,1,1,-1,6,2,43,7,1685,2,7,HYUNDAI TUCSON,2,W01000594,0,1
2024361476812,2024,361476812,2,9,0,-1,19,5,7,-1,0,0,0,0,0,0,4,1,-1,9,2,35,6,1598,1,0,HYUNDAI TUCSON,5,E01026712,0,1
2024041535431,2024,041535431,1,9,0,-1,5,3,7,-1,0,1,0,0,0,0,1,1,-1,1,1,46,8,1591,1,3,HYUNDAI TUCSON,6,E01034342,0,1
2024531484340,2024,531484340,1,9,0,-1,19,4,8,-1,0,2,0,0,0,0,4,1,-1,9,1,71,10,1598,1,2,HYUNDAI TUCSON,5,E01022270,0,3
2024061505126,2024,061505126,1,9,0,-1,5,5,1,-1,0,8,0,0,0,0,1,1,-1,9,2,66,10,1598,8,1,HYUNDAI TUCSON,7,E01005361,0,1
2024991575086,2024,991575086,1,9,0,-1,5,3,7,-1,0,8,0,0,0,0,1,1,-1,2,1,38,7,1685,2,8,HYUNDAI TUCSON,9,-1,0,1
2024622400707,2024,622400707,2,9,0,18,19,6,1,0,0,8,0,0,0,0,2,1,6,6,1,45,7,1591,1,7,HYUNDAI TUCSON,1,W01001300,0,1
2024052401296,2024,052401296,1,9,0,9,9,2,8,0,0,8,0,0,0,0,1,1,6,6,1,35,6,1591,1,5,HYUNDAI TUCSON,3,E01006543,0,1
2024131491046,2024,131491046,2,9,0,-1,9,8,6,-1,0,8,0,0,0,0,4,1,-1,9,1,54,8,1591,1,5,HYUNDAI TUCSON,8,E01011800,0,1
2024421476489,2024,421476489,4,9,0,-1,19,1,5,-1,0,1,0,0,0,0,1,1,-1,9,2,35,6,1591,1,6,HYUNDAI TUCSON,10,E01021587,0,1
2024351533970,2024,351533970,1,9,0,-1,-1,-1,-1,-1,-1,0,-1,-1,-1,0,-1,9,-1,6,2,-1,-1,1591,1,5,HYUNDAI TUCSON,-1,-1,0,-1
2024545005424,2024,545005424,1,9,0,9,9,6,4,0,0,6,0,0,0,0,3,1,6,6,1,30,6,1598,1,0,HYUNDAI TUCSON,8,E01031964,0,1
202460Q084072,2024,60Q084072,2,9,0,3,3,4,1,0,0,8,0,0,0,0,2,1,6,6,2,28,6,1995,2,7,HYUNDAI TUCSON,-1,-1,0,-1
2024401529324,2024,401529324,3,9,0,-1,4,4,8,-1,0,0,0,0,0,0,2,1,-1,6,1,36,7,1591,1,5,HYUNDAI TUCSON,10,E01032982,0,4
2024061479366,2024,061479366,2,9,0,-1,4,3,7,-1,0,1,0,0,0,0,3,1,-1,9,2,37,7,1685,2,7,HYUNDAI TUCSON,7,E01005771,0,1
2024061501954,2024,061501954,2,9,0,-1,19,-1,-1,-1,0,1,0,0,0,0,0,1,-1,6,3,-1,-1,1975,1,18,HYUNDAI TUCSON,-1,-1,0,-1
2024631503581,2024,631503581,1,9,0,-1,5,2,4,-1,0,0,0,0,0,0,3,1,-1,6,2,45,7,1598,8,1,HYUNDAI TUCSON,2,W01000588,0,1
2024332401189,2024,332401189,1,9,0,-1,9,3,1,-1,0,3,0,0,0,0,4,1,-1,9,1,43,7,1598,2,6,HYUNDAI TUCSON,7,E01025848,0,2
2024010540404,2024,010540404,1,9,0,99,99,9,9,99,99,9,9,99,9,99,2,9,6,6,1,39,7,1591,1,6,HYUNDAI TUCSON,7,E01001566,0,1
2024010495453,2024,010495453,2,9,0,9,9,5,3,0,0,6,0,0,0,0,1,1,2,2,2,46,8,1591,1,6,HYUNDAI TUCSON,2,E01001001,0,1
2024371496628,2024,371496628,2,9,0,-1,20,0,0,-1,0,0,0,0,0,0,2,1,-1,6,2,33,6,1991,2,15,HYUNDAI TUCSON,1,E01030256,0,1
2024221500550,2024,221500550,1,9,0,-1,19,2,6,-1,0,0,0,0,7,10,1,1,-1,9,1,67,10,1598,8,1,HYUNDAI TUCSON,4,E01029000,0,3
2024010534003,2024,010534003,1,9,0,5,5,0,3,0,0,1,0,4,1,11,1,1,6,6,2,70,10,1598,8,2,HYUNDAI TUCSON,9,E01003682,0,1
2024041416454,2024,041416454,1,9,0,-1,19,5,1,-1,0,1,0,0,0,0,1,1,-1,9,2,47,8,1598,1,3,HYUNDAI TUCSON,7,E01025301,0,1
2024501494961,2024,501494961,2,9,0,-1,19,7,3,-1,0,8,0,0,0,0,1,1,-1,9,1,38,7,1685,2,8,HYUNDAI TUCSON,5,E01019043,0,3
2024461477600,2024,461477600,2,9,0,-1,19,7,3,-1,0,0,0,0,0,0,3,9,-1,6,1,33,6,1591,1,6,HYUNDAI TUCSON,5,E01024345,0,1
2024010506437,2024,010506437,1,9,9,99,99,9,9,99,99,9,0,99,9,99,9,9,6,6,3,-1,-1,1598,8,1,HYUNDAI TUCSON,-1,-1,0,-1
2024471492225,2024,471492225,1,9,0,-1,7,2,3,-1,0,2,0,0,0,0,1,1,-1,6,2,47,8,1598,1,2,HYUNDAI TUCSON,4,E01016951,0,1
2024131411033,2024,131411033,1,9,0,-1,6,3,7,-1,0,8,0,0,0,0,1,1,-1,6,-1,38,7,1598,8,2,HYUNDAI TUCSON,6,E01011394,0,1
2024421420726,2024,421420726,1,9,0,-1,19,7,7,-1,0,0,0,0,7,0,1,1,-1,6,1,36,7,1598,8,2,HYUNDAI TUCSON,5,E01002342,0,2
2024991444230,2024,991444230,3,9,0,-1,19,8,4,-1,0,1,0,0,0,0,1,1,-1,9,1,32,6,1685,2,7,HYUNDAI TUCSON,3,-1,0,3
2024501528771,2024,501528771,1,9,0,-1,19,5,1,-1,0,0,2,0,7,0,1,1,-1,1,1,55,8,1598,8,1,HYUNDAI TUCSON,9,E01022145,0,5
2024131513212,2024,131513212,1,9,0,-1,5,1,5,-1,0,2,0,0,0,0,1,1,-1,9,1,42,7,1591,1,4,HYUNDAI TUCSON,9,E01011568,0,1
2024991499778,2024,991499778,2,9,0,-1,4,3,7,-1,0,1,0,0,0,0,1,1,-1,9,2,55,8,1598,8,1,HYUNDAI TUCSON,-1,-1,0,-1
2024501547395,2024,501547395,1,9,0,-1,6,1,5,-1,0,0,0,0,7,0,3,1,-1,6,2,-1,-1,1598,1,0,HYUNDAI TUCSON,6,E01007476,0,5
2024531424700,2024,531424700,1,9,0,-1,19,1,5,-1,0,0,0,0,2,9,1,1,-1,9,1,36,7,1991,2,18,HYUNDAI TUCSON,5,E01022218,0,3
2024552400668,2024,552400668,1,9,0,8,8,2,4,0,0,6,0,0,0,0,3,1,2,2,2,49,8,1995,2,7,HYUNDAI TUCSON,7,E01020509,0,1
2024522500239,2024,522500239,3,9,0,3,3,3,7,0,0,0,0,0,0,0,2,1,6,6,2,34,6,1685,2,8,HYUNDAI TUCSON,-1,-1,0,-1
2024421503105,2024,421503105,2,9,0,-1,19,8,4,-1,0,8,0,0,0,0,3,1,-1,9,2,36,7,1591,1,6,HYUNDAI TUCSON,6,E01015816,0,1
2024522403452,2024,522403452,1,9,0,18,19,6,2,0,0,0,0,0,0,0,1,1,6,6,2,57,9,1598,8,1,HYUNDAI TUCSON,9,E01014993,0,1
2024061479574,2024,061479574,1,8,0,-1,9,7,5,-1,0,2,0,0,0,0,1,1,-1,1,1,53,8,1598,8,2,HYUNDAI TUCSON,4,E01006110,0,1
2024520402775,2024,520402775,1,9,0,18,19,3,6,0,0,0,5,0,5,6,1,1,6,6,2,25,5,1598,8,0,HYUNDAI TUCSON,2,E01028435,0,5
2024631455784,2024,631455784,1,9,0,-1,19,4,8,-1,0,0,1,0,0,0,1,1,-1,9,1,63,9,1685,2,7,HYUNDAI TUCSON,9,E01009829,0,4
2024161395908,2024,161395908,2,9,0,-1,19,6,2,-1,0,0,0,4,0,0,4,9,-1,6,2,35,6,1685,2,8,HYUNDAI TUCSON,2,E01012795,0,1
2024471492495,2024,471492495,1,9,0,-1,19,1,6,-1,0,8,0,0,0,0,4,1,-1,9,1,56,9,1598,8,2,HYUNDAI TUCSON,6,E01031402,0,1
2024010548674,2024,010548674,1,9,0,9,9,2,8,0,0,8,0,0,0,0,1,1,6,6,2,43,7,1591,1,7,HYUNDAI TUCSON,8,E01002340,0,1
2024991451992,2024,991451992,2,9,0,-1,19,4,8,-1,0,0,2,6,1,1,4,1,-1,9,2,60,9,1598,8,0,HYUNDAI TUCSON,-1,-1,0,-1
2024991512725,2024,991512725,1,9,0,-1,19,5,1,-1,0,1,0,4,0,0,1,1,-1,6,1,44,7,1685,2,7,HYUNDAI TUCSON,2,-1,0,1
2024010524089,2024,010524089,4,9,0,18,19,7,3,0,0,2,0,0,0,0,2,1,6,6,1,68,10,1598,8,1,HYUNDAI TUCSON,3,E01021598,0,4
2024071048388,2024,071048388,1,9,0,-1,9,1,5,-1,0,1,0,0,0,0,4,1,-1,6,1,40,7,1598,8,1,HYUNDAI TUCSON,8,E01012386,0,1
2024461471015,2024,461471015,1,9,0,-1,19,7,3,-1,0,0,0,0,0,0,1,9,-1,6,1,73,10,1598,8,2,HYUNDAI TUCSON,5,E01024561,0,1
2024201413944,2024,201413944,1,9,0,-1,7,3,6,-1,0,0,0,0,2,0,1,1,-1,6,1,18,4,1685,2,7,HYUNDAI TUCSON,-1,-1,0,-1
2024451435989,2024,451435989,1,9,0,-1,5,5,1,-1,0,0,0,0,0,0,3,1,-1,7,2,43,7,1598,8,2,HYUNDAI TUCSON,10,E01030774,0,1
2024052400992,2024,052400992,2,9,0,12,12,5,3,0,0,1,0,0,0,0,1,1,6,6,2,59,9,1685,2,7,HYUNDAI TUCSON,1,E01006776,0,1
2024991485998,2024,991485998,2,9,0,-1,19,7,3,-1,0,1,1,0,7,2,1,1,-1,6,2,50,8,1598,1,0,HYUNDAI TUCSON,2,-1,0,1
2024221428451,2024,221428451,2,9,0,-1,19,4,8,-1,0,0,0,0,0,0,4,1,-1,9,1,50,8,1591,1,5,HYUNDAI TUCSON,-1,-1,0,-1
202454D639224,2024,54D639224,1,9,0,18,19,5,1,0,0,4,0,0,0,0,1,1,6,6,1,44,7,1591,1,6,HYUNDAI TUCSON,5,E01015571,0,1
2024061481936,2024,061481936,1,9,0,-1,4,-1,-1,-1,0,0,0,99,1,0,3,1,-1,9,1,31,6,1598,8,0,HYUNDAI TUCSON,1,E01005667,0,1
2024302401314,2024,302401314,1,9,0,18,19,5,1,0,0,0,0,0,0,0,1,1,6,6,1,53,8,1685,2,7,HYUNDAI TUCSON,2,E01013945,0,3
2024010526851,2024,010526851,1,9,0,99,99,9,9,99,99,9,9,99,9,99,2,9,2,2,2,37,7,1591,1,4,HYUNDAI TUCSON,6,E01001088,0,1
2024010524688,2024,010524688,1,9,0,1,1,8,6,0,0,0,0,0,0,0,0,9,6,6,2,51,8,1591,1,6,HYUNDAI TUCSON,5,E01001060,0,1
2024991409428,2024,991409428,2,9,0,-1,3,4,8,-1,0,0,0,0,0,0,2,1,-1,6,2,56,9,1591,1,5,HYUNDAI TUCSON,9,-1,0,2
2024010502459,2024,010502459,2,9,0,18,19,5,1,0,0,2,0,0,0,0,1,1,6,6,1,46,8,1598,1,2,HYUNDAI TUCSON,2,E01003188,0,1
2024141451766,2024,141451766,1,9,0,-1,19,7,3,-1,0,0,0,0,0,0,1,1,-1,6,2,38,7,1591,1,5,HYUNDAI TUCSON,1,E01008015,0,2
2024201497443,2024,201497443,1,9,0,-1,13,8,4,-1,0,0,0,0,0,0,4,1,-1,1,1,65,9,1598,8,2,HYUNDAI TUCSON,1,E01009258,0,1
2024010515627,2024,010515627,1,9,0,17,19,6,2,0,0,1,0,0,0,0,4,1,6,6,1,78,11,1598,8,1,HYUNDAI TUCSON,2,E01004001,0,2
2024549093824,2024,549093824,2,9,0,4,4,7,3,0,0,0,0,0,0,0,2,1,6,6,2,56,9,1598,8,2,HYUNDAI TUCSON,8,E01002930,0,5
2024101493737,2024,101493737,2,9,0,-1,3,8,4,-1,0,1,0,0,0,0,3,1,-1,9,1,50,8,1598,1,2,HYUNDAI TUCSON,4,E01008779,0,2
2024440101722,2024,440101722,1,9,0,18,19,4,8,0,0,8,0,0,0,0,1,1,2,2,1,24,5,1991,2,15,HYUNDAI TUCSON,10,E01016267,0,3
2024991522943,2024,991522943,1,9,0,-1,2,0,0,-1,0,0,0,0,0,0,3,1,-1,9,1,60,9,1598,1,3,HYUNDAI TUCSON,9,-1,0,2
2024440534311,2024,440534311,1,9,0,5,5,2,6,0,0,6,0,0,0,0,3,1,6,6,2,55,8,1591,1,5,HYUNDAI TUCSON,-1,-1,0,-1
2024231434756,2024,231434756,1,9,0,-1,-1,8,4,-1,-1,0,0,0,0,0,3,9,-1,-1,1,81,11,1598,1,2,HYUNDAI TUCSON,1,E01010125,0,1
2024471443798,2024,471443798,1,9,0,-1,10,7,5,-1,0,1,0,0,0,0,4,1,-1,2,2,32,6,1995,2,8,HYUNDAI TUCSON,5,E01021213,0,2
2024340WN0452,2024,340WN0452,2,9,0,-1,3,8,4,-1,0,1,0,0,0,0,2,1,-1,9,2,44,7,1591,1,7,HYUNDAI TUCSON,6,E01027132,0,1
2024501465569,2024,501465569,1,9,0,-1,2,3,6,-1,0,2,0,0,0,0,1,1,-1,9,2,78,11,1685,2,6,HYUNDAI TUCSON,1,E01019041,0,1
2024991455940,2024,991455940,1,9,0,-1,9,7,5,-1,0,6,0,0,1,0,1,1,-1,9,1,49,8,1598,8,0,HYUNDAI TUCSON,-1,-1,0,-1
2024201517285,2024,201517285,1,9,0,-1,9,5,2,-1,0,6,1,0,0,0,3,1,-1,9,1,32,6,1591,1,6,HYUNDAI TUCSON,1,E01033894,0,1
2024311397105,2024,311397105,1,9,0,-1,3,3,3,-1,0,0,0,0,0,0,1,1,-1,6,1,40,7,1598,8,2,HYUNDAI TUCSON,2,E01013856,0,4
2024461532142,2024,461532142,2,9,0,-1,3,1,5,-1,0,0,0,0,0,0,2,9,-1,9,2,39,7,1685,2,9,HYUNDAI TUCSON,7,E01000377,0,1
2024991464609,2024,991464609,1,9,0,-1,19,2,6,-1,0,1,0,0,0,0,1,1,-1,9,2,80,11,1591,1,6,HYUNDAI TUCSON,8,-1,0,2
2024991470986,2024,991470986,2,9,0,-1,19,6,2,-1,9,0,1,0,0,0,1,1,-1,9,1,60,9,1598,1,2,HYUNDAI TUCSON,8,-1,0,1
2024201419874,2024,201419874,1,9,0,-1,5,4,8,-1,9,6,0,0,0,0,4,1,-1,2,1,61,9,1991,2,19,HYUNDAI TUCSON,-1,-1,0,-1
2024351471533,2024,351471533,2,9,0,-1,19,3,7,-1,0,0,5,0,7,0,1,1,-1,6,1,61,9,1591,1,5,HYUNDAI TUCSON,1,E01027310,0,4
2024522403065,2024,522403065,3,9,0,3,3,1,5,0,0,8,0,0,0,0,2,1,6,6,1,32,6,1591,1,6,HYUNDAI TUCSON,9,E01034527,0,4
2024201461728,2024,201461728,2,9,0,-1,19,6,3,-1,0,8,0,0,0,0,1,1,-1,9,1,48,8,1591,1,8,HYUNDAI TUCSON,3,E01009264,0,2
2024411535865,2024,411535865,2,9,0,-1,19,5,1,-1,0,0,2,10,0,0,2,1,-1,2,1,25,5,1598,8,3,HYUNDAI TUCSON,6,E01000594,0,3
2024221450104,2024,221450104,1,9,0,-1,5,2,6,-1,0,6,0,0,0,0,4,1,-1,6,1,43,7,1598,8,1,HYUNDAI TUCSON,7,E01022401,0,4
2024201510074,2024,201510074,4,9,0,-1,19,2,6,-1,0,0,0,0,0,0,2,1,-1,6,-1,-1,-1,1598,1,3,HYUNDAI TUCSON,-1,-1,0,-1
2024010504503,2024,010504503,2,9,0,2,2,0,0,0,0,1,0,4,0,0,1,1,6,6,3,-1,-1,1598,8,2,HYUNDAI TUCSON,-1,-1,0,-1
2024231498279,2024,231498279,2,9,0,-1,4,4,8,-1,0,0,0,0,0,0,2,1,-1,6,1,59,9,1591,1,5,HYUNDAI TUCSON,8,E01032532,0,4