collision_index,collision_year,collision_ref_no,vehicle_reference,vehicle_type,towing_and_articulation,vehicle_manoeuvre_historic,vehicle_manoeuvre,vehicle_direction_from,vehicle_direction_to,vehicle_location_restricted_lane_historic,vehicle_location_restricted_lane,junction_location,skidding_and_overturning,hit_object_in_carriageway,vehicle_leaving_carriageway,hit_object_off_carriageway,first_point_of_impact,vehicle_left_hand_drive,journey_purpose_of_driver_historic,journey_purpose_of_driver,sex_of_driver,age_of_driver,age_band_of_driver,engine_capacity_cc,propulsion_code,age_of_vehicle,generic_make_model,driver_imd_decile,lsoa_of_driver,escooter_flag,driver_distance_banding
2024501514304,2024,501514304,1,9,0,-1,19,1,6,-1,0,0,0,0,0,0,3,1,-1,9,2,35,6,1685,2,7,HYUNDAI TUCSON,6,E01018753,0,3
202417S104324,2024,17S104324,2,9,0,6,6,0,3,0,0,0,0,0,0,0,3,1,6,6,1,62,9,1991,2,18,HYUNDAI TUCSON,2,E01012193,0,1
2024101527038,2024,101527038,1,9,0,-1,19,7,3,-1,0,0,0,0,0,0,1,1,-1,6,2,29,6,1598,8,2,HYUNDAI TUCSON,7,E01008197,0,2
2024461401164,2024,461401164,1,9,0,-1,19,7,3,-1,0,3,0,0,0,0,3,9,-1,1,1,-1,-1,1598,8,0,HYUNDAI TUCSON,9,E01024972,0,5
2024320423397,2024,320423397,1,9,0,-1,-1,6,2,0,0,0,0,0,0,0,1,1,6,6,1,37,7,1685,2,7,HYUNDAI TUCSON,10,E01026356,0,4
2024991453518,2024,991453518,2,9,0,-1,19,1,5,-1,0,0,0,0,0,0,1,1,-1,9,1,38,7,1591,1,7,HYUNDAI TUCSON,-1,-1,0,-1
2024010542166,2024,010542166,1,9,0,9,9,3,8,0,0,5,0,0,0,0,3,1,2,2,1,28,6,1598,8,1,HYUNDAI TUCSON,7,E01001204,0,1
2024311493251,2024,311493251,2,9,0,-1,19,6,2,-1,0,0,0,0,0,0,3,1,-1,6,1,48,8,1598,8,1,HYUNDAI TUCSON,4,E01027945,0,1
2024052400142,2024,052400142,1,9,0,18,19,3,7,0,0,0,0,0,0,0,1,1,1,1,1,30,6,1598,8,1,HYUNDAI TUCSON,2,E01006868,0,2
2024201438240,2024,201438240,1,9,0,-1,19,7,3,-1,0,0,0,0,0,0,1,9,-1,6,1,80,11,1991,2,16,HYUNDAI TUCSON,1,E01010401,0,1
2024010540516,2024,010540516,1,9,0,99,99,9,9,99,99,9,9,99,9,99,2,9,6,6,2,39,7,1598,8,3,HYUNDAI TUCSON,4,E01023805,0,2
2024211413462,2024,211413462,3,9,0,-1,19,5,1,-1,0,1,0,0,0,0,3,1,-1,6,2,38,7,1685,2,8,HYUNDAI TUCSON,8,E01010398,0,1
2024430446981,2024,430446981,1,9,0,18,19,4,8,0,0,0,1,12,1,4,1,1,1,1,2,34,6,1598,8,3,HYUNDAI TUCSON,7,E01028474,0,2
2024501513232,2024,501513232,3,9,0,-1,19,3,7,-1,0,0,0,0,0,0,1,1,-1,9,1,62,9,1995,2,9,HYUNDAI TUCSON,1,E01015040,0,1
2024440306388,2024,440306388,1,9,0,18,19,1,5,0,0,1,0,0,0,0,1,1,6,6,1,85,11,1598,8,3,HYUNDAI TUCSON,7,E01022946,0,1
2024401490548,2024,401490548,2,9,0,-1,2,0,0,-1,0,2,0,0,0,0,3,1,-1,6,-1,-1,-1,1591,1,5,HYUNDAI TUCSON,-1,-1,0,-1
2024041426261,2024,041426261,1,9,0,-1,9,5,1,-1,0,1,0,0,0,0,3,1,-1,9,2,27,6,1591,1,6,HYUNDAI TUCSON,9,E01018494,0,4
2024540577124,2024,540577124,1,9,0,18,19,1,5,0,0,4,0,0,0,0,1,1,6,6,2,33,6,1591,1,4,HYUNDAI TUCSON,7,E01033861,0,1
2024201480290,2024,201480290,2,9,0,-1,19,1,5,-1,0,0,0,0,0,0,2,1,-1,6,1,48,8,1685,2,7,HYUNDAI TUCSON,-1,-1,0,-1
2024471440989,2024,471440989,1,9,0,-1,19,5,1,-1,0,0,2,0,2,4,2,1,-1,2,1,28,6,1598,1,2,HYUNDAI TUCSON,8,E01021055,0,4
2024540688424,2024,540688424,2,9,0,2,2,0,0,0,0,1,0,0,0,0,2,1,6,6,2,32,6,1598,8,2,HYUNDAI TUCSON,3,E01032118,0,1
202417M313424,2024,17M313424,1,9,0,-1,19,5,1,-1,0,0,0,0,0,0,0,1,-1,9,1,30,6,1591,1,5,HYUNDAI TUCSON,5,E01012219,0,2
2024471447540,2024,471447540,1,9,0,-1,19,2,6,-1,0,0,0,11,0,0,1,1,-1,1,1,67,10,1598,8,1,HYUNDAI TUCSON,5,E01021211,0,2
2024061427623,2024,061427623,2,9,0,-1,11,-1,-1,-1,0,3,0,0,0,0,1,1,-1,6,3,-1,-1,1591,1,6,HYUNDAI TUCSON,-1,-1,0,-1
2024041486552,2024,041486552,2,9,0,-1,19,7,3,-1,0,0,0,0,0,0,1,1,-1,9,1,43,7,1685,2,7,HYUNDAI TUCSON,9,E01025008,0,2
2024631459144,2024,631459144,1,9,0,-1,12,4,8,-1,0,0,0,0,0,0,3,1,-1,9,2,73,10,1685,2,7,HYUNDAI TUCSON,6,W01000524,0,4
2024010548956,2024,010548956,2,9,0,18,19,5,1,0,0,1,0,0,0,0,1,1,6,6,1,34,6,1598,8,0,HYUNDAI TUCSON,1,E01000643,0,1
2024061435295,2024,061435295,1,9,0,-1,10,-1,-1,-1,0,-1,0,0,0,0,1,1,-1,6,3,-1,-1,1598,8,0,HYUNDAI TUCSON,-1,-1,0,-1
2024421423246,2024,421423246,2,9,0,-1,19,2,4,-1,0,1,0,0,0,0,1,1,-1,1,1,50,8,1685,2,7,HYUNDAI TUCSON,7,E01021952,0,1
2024411556405,2024,411556405,2,9,0,-1,19,2,6,-1,0,0,0,0,0,0,3,1,-1,9,1,73,10,1591,1,7,HYUNDAI TUCSON,6,E01023845,0,2
2024010525143,2024,010525143,2,9,0,9,9,4,1,0,0,0,0,0,0,0,1,1,6,6,1,43,7,1591,1,6,HYUNDAI TUCSON,-1,-1,0,-1
2024520403296,2024,520403296,2,9,0,18,19,4,8,0,0,8,0,0,0,0,1,1,6,6,1,53,8,1598,-1,4,HYUNDAI TUCSON,7,E01029192,0,2
2024141462845,2024,141462845,1,9,0,-1,19,3,7,-1,0,1,1,10,2,7,1,1,-1,6,1,49,8,1685,2,7,HYUNDAI TUCSON,3,E01007799,0,1
2024211492083,2024,211492083,2,9,0,-1,19,7,6,-1,0,0,0,0,0,0,4,1,-1,6,2,43,7,1598,1,2,HYUNDAI TUCSON,1,E01009756,0,2
2024501405976,2024,501405976,2,9,0,-1,2,4,1,-1,9,2,0,0,0,0,2,1,-1,6,-1,-1,-1,1685,2,6,HYUNDAI TUCSON,-1,-1,0,-1
2024061529615,2024,061529615,2,9,-1,-1,-1,-1,-1,-1,-1,0,-1,-1,-1,0,-1,9,-1,6,3,30,6,1598,8,1,HYUNDAI TUCSON,1,E01034114,0,1
2024231509329,2024,231509329,2,9,0,-1,7,1,4,-1,0,5,1,0,0,0,3,1,-1,9,2,62,9,1598,8,3,HYUNDAI TUCSON,7,E01031260,0,1
2024211490849,2024,211490849,1,9,0,-1,5,3,7,-1,0,0,0,0,0,0,1,1,-1,9,2,40,7,1995,2,8,HYUNDAI TUCSON,3,E01034059,0,1
2024302400138,2024,302400138,1,9,0,7,7,4,8,0,0,6,0,0,0,0,1,1,6,6,1,59,9,1598,8,2,HYUNDAI TUCSON,4,E01013458,0,1
2024131468015,2024,131468015,2,9,0,-1,5,1,5,-1,9,0,0,0,0,0,1,1,-1,9,1,53,8,1598,1,1,HYUNDAI TUCSON,1,E01011363,0,1
2024010544465,2024,010544465,1,9,0,18,19,6,2,0,0,0,0,0,0,0,1,1,6,6,1,65,9,1598,8,2,HYUNDAI TUCSON,10,E01030415,0,2
2024161488879,2024,161488879,2,9,0,-1,2,0,0,-1,0,1,0,0,0,0,3,1,-1,6,2,35,6,1598,8,0,HYUNDAI TUCSON,7,E01012818,0,3
2024320141597,2024,320141597,1,9,0,-1,-1,1,5,0,0,0,0,0,0,0,1,1,6,6,2,35,6,1685,2,7,HYUNDAI TUCSON,6,E01026020,0,1
2024631514879,2024,631514879,1,9,0,-1,9,6,4,-1,9,5,0,0,0,0,3,1,-1,1,1,53,8,1685,2,8,HYUNDAI TUCSON,9,W01000432,0,3
2024421507073,2024,421507073,8,9,0,-1,2,0,0,-1,0,0,0,0,0,0,3,1,-1,6,2,40,7,1598,1,2,HYUNDAI TUCSON,7,E01021656,0,1
2024131520006,2024,131520006,1,9,0,-1,19,7,3,-1,0,0,0,0,0,0,1,1,-1,6,2,60,9,1598,1,2,HYUNDAI TUCSON,10,E01011088,0,2
2024451483205,2024,451483205,2,9,0,-1,19,7,3,-1,0,2,0,0,0,0,2,2,-1,1,1,31,6,1591,1,4,HYUNDAI TUCSON,7,E01030741,0,1
2024161511569,2024,161511569,1,9,0,-1,4,2,4,-1,0,1,0,0,0,0,1,1,-1,9,1,33,6,1598,8,0,HYUNDAI TUCSON,6,E01013318,0,4
202460Q005130,2024,60Q005130,1,9,0,18,19,4,8,0,0,0,0,0,7,11,1,1,6,6,1,29,6,1598,8,1,HYUNDAI TUCSON,-1,-1,0,-1
2024991408853,2024,991408853,2,9,0,-1,5,2,8,-1,0,1,0,0,0,0,4,1,-1,9,1,34,6,1591,1,4,HYUNDAI TUCSON,4,-1,0,2
2024991526793,2024,991526793,2,17,4,-1,19,6,2,-1,0,0,0,0,0,0,2,1,-1,1,1,30,6,6596,2,1,JCB 4220,8,-1,0,4
2024340WN3772,2024,340WN3772,2,17,0,-1,19,1,5,-1,0,0,0,0,0,0,3,1,-1,1,1,17,4,6596,2,0,JCB 4220,6,E01027025,0,2
2024371480521,2024,371480521,2,17,4,-1,9,7,7,-1,0,0,0,0,0,0,3,1,-1,1,1,25,5,6596,2,9,JCB 4220,-1,-1,0,-1
2024501539298,2024,501539298,1,17,0,-1,5,5,4,-1,0,8,0,0,0,0,1,1,-1,1,1,24,5,6596,2,2,JCB 4220,4,E01020087,0,1
2024221425428,2024,221425428,2,17,4,-1,10,1,7,-1,0,5,0,0,0,0,2,1,-1,1,1,52,8,6596,2,2,JCB 4220,4,E01028882,0,4
2024991420707,2024,991420707,1,17,0,-1,19,8,4,-1,0,0,0,0,7,9,3,1,-1,9,1,63,9,6596,2,0,JCB 4220,3,-1,0,2
2024111437975,2024,111437975,1,17,4,-1,19,3,8,-1,0,0,0,0,0,0,0,9,-1,1,1,23,5,6596,2,2,JCB 4220,3,E01019302,0,4
2024461438503,2024,461438503,2,17,0,-1,4,5,1,-1,0,0,1,0,0,0,3,1,-1,6,1,33,6,6596,2,1,JCB 4220,5,E01024366,0,1
2024070541521,2024,070541521,1,17,4,18,19,4,8,0,0,0,5,0,1,0,0,1,1,1,1,46,8,6596,2,1,JCB 4220,-1,-1,0,-1
2024320551991,2024,320551991,1,17,4,13,13,4,8,0,0,0,0,0,0,0,2,1,1,1,1,-1,-1,6596,2,2,JCB 4220,-1,-1,0,-1
2024501508600,2024,501508600,2,17,1,-1,19,3,7,-1,0,2,0,0,0,0,4,1,-1,1,1,55,8,6596,2,1,JCB 4220,7,E01020245,0,3
2024501476208,2024,501476208,2,9,0,-1,19,4,8,-1,0,0,5,0,0,0,3,1,-1,9,2,54,8,2776,2,9,JEEP WRANGLER,4,E01018951,0,1
2024411490842,2024,411490842,1,9,0,-1,19,1,5,-1,0,0,0,0,0,0,1,1,-1,6,1,46,8,3604,1,8,JEEP WRANGLER,4,E01000507,0,4
2024991524774,2024,991524774,1,9,0,-1,19,7,3,-1,0,0,1,0,0,0,4,1,-1,2,1,21,5,3960,1,21,JEEP WRANGLER,7,-1,0,1
2024440533022,2024,440533022,1,9,0,18,19,5,1,0,0,0,0,11,0,0,1,1,6,6,1,33,6,2776,2,8,JEEP WRANGLER,7,E01023282,0,1
2024421474824,2024,421474824,2,9,0,-1,19,1,5,-1,0,1,1,0,1,0,3,1,-1,2,1,32,6,3960,1,31,JEEP WRANGLER,5,E01021263,0,1
2024440395007,2024,440395007,1,9,0,18,19,5,1,0,0,0,0,0,7,9,1,1,6,6,2,57,9,1995,1,2,JEEP WRANGLER,3,E01021122,0,5
2024010493836,2024,010493836,1,9,0,4,4,5,1,0,0,1,0,11,0,0,1,1,3,7,1,45,7,3778,1,16,JEEP WRANGLER,-1,-1,0,-1
2024010527406,2024,010527406,1,9,0,9,9,6,3,0,0,5,0,0,0,0,3,1,6,6,2,47,8,3960,1,25,JEEP WRANGLER,6,E01002656,0,1
2024361470466,2024,361470466,3,9,0,-1,19,2,6,-1,0,0,0,0,0,0,1,1,-1,6,2,55,8,3604,1,8,JEEP WRANGLER,7,E01017464,0,4
2024531491079,2024,531491079,2,9,0,-1,19,1,5,-1,0,8,0,0,0,0,1,1,-1,7,2,52,8,2776,2,9,JEEP WRANGLER,10,E01034780,0,4
2024010511474,2024,010511474,2,9,0,99,99,9,9,99,99,0,9,99,9,99,1,9,6,6,1,27,6,2777,2,14,JEEP WRANGLER,8,E01001307,0,3
2024302400321,2024,302400321,2,9,0,18,19,1,5,0,0,1,0,0,0,0,4,1,6,6,2,61,9,1995,1,3,JEEP WRANGLER,7,E01019539,0,1
2024411462080,2024,411462080,1,9,-1,-1,-1,-1,-1,-1,-1,0,-1,-1,-1,0,-1,9,-1,6,1,55,8,3604,1,9,JEEP WRANGLER,8,E01023383,0,1
2024131412566,2024,131412566,2,9,0,-1,4,1,5,-1,0,1,0,0,0,0,2,1,-1,9,2,52,8,1995,1,3,JEEP WRANGLER,6,E01011062,0,2
2024211515461,2024,211515461,2,9,0,-1,19,1,5,-1,0,0,0,0,0,0,2,1,-1,9,2,51,8,2143,2,5,JEEP WRANGLER,3,E01025391,0,5
2024041393663,2024,041393663,2,9,0,-1,19,5,1,-1,0,0,0,0,0,0,2,1,-1,9,1,36,7,2777,2,13,JEEP WRANGLER,10,E01024970,0,2
2024421525450,2024,421525450,1,9,0,-1,19,2,6,-1,0,0,0,0,0,0,1,9,-1,9,2,66,10,2777,2,16,JEEP WRANGLER,9,E01021577,0,1
2024461460136,2024,461460136,2,4,0,-1,19,7,5,-1,0,0,0,0,0,0,1,1,-1,6,1,26,6,498,1,26,KAWASAKI ER,2,E01023973,0,1
2024010503259,2024,010503259,1,5,0,99,99,9,9,99,99,9,9,99,9,99,1,1,2,2,1,53,8,649,1,8,KAWASAKI ER,8,E01004168,0,2
202460Q067136,2024,60Q067136,1,5,0,18,19,3,7,0,0,0,1,0,0,0,0,1,6,6,1,20,4,649,1,17,KAWASAKI ER,-1,-1,0,-1
2024122400640,2024,122400640,2,4,0,18,19,3,7,0,0,8,0,0,0,0,3,1,6,6,1,24,5,649,1,6,KAWASAKI ER,9,E01011847,0,4
2024111427231,2024,111427231,1,4,0,-1,19,1,5,-1,0,0,1,10,1,1,1,1,-1,6,1,19,4,296,1,9,KAWASAKI ER,2,E01020615,0,1
2024631478484,2024,631478484,1,5,0,-1,19,3,6,-1,0,0,0,0,7,10,1,1,-1,9,1,23,5,649,1,14,KAWASAKI ER,4,E01032555,0,5
2024471495899,2024,471495899,2,5,0,-1,19,7,3,-1,0,0,0,0,0,0,0,1,-1,2,1,60,9,649,1,11,KAWASAKI ER,3,E01031830,0,1
2024010512179,2024,010512179,1,5,0,3,3,3,7,0,0,8,0,0,0,0,2,1,6,6,1,25,5,649,1,9,KAWASAKI ER,5,E01003527,0,2
2024201438284,2024,201438284,2,3,0,-1,19,7,3,-1,0,8,0,7,4,0,1,1,-1,2,1,42,7,649,1,12,KAWASAKI ER,2,E01010025,0,1
2024471466559,2024,471466559,1,5,0,-1,5,1,5,-1,0,0,1,0,0,0,4,1,-1,2,1,55,8,649,1,11,KAWASAKI ER,10,E01030321,0,4
2024401407271,2024,401407271,2,5,0,-1,19,5,1,-1,0,8,5,0,0,0,1,1,-1,6,1,24,5,649,1,7,KAWASAKI ER,9,E01017372,0,1
2024440396803,2024,440396803,2,5,0,18,19,6,2,0,0,1,0,0,0,0,1,1,6,6,1,33,6,498,1,26,KAWASAKI ER,4,E01017235,0,1
2024340NN2602,2024,340NN2602,2,5,0,-1,19,7,3,-1,0,0,0,0,0,0,2,1,-1,6,1,39,7,649,1,10,KAWASAKI ER,1,E01015600,0,4
2024010540689,2024,010540689,2,5,0,18,19,7,3,0,0,1,0,0,0,0,1,1,6,6,1,42,7,649,1,6,KAWASAKI ER,3,E01000016,0,3
2024411464903,2024,411464903,1,5,0,-1,13,1,5,-1,0,3,0,0,7,2,1,1,-1,6,1,20,4,649,1,6,KAWASAKI ER,10,E01023423,0,3
2024522401347,2024,522401347,2,5,0,18,19,7,1,0,0,4,0,0,0,0,1,1,6,6,1,54,8,498,1,22,KAWASAKI ER,10,E01015021,0,2
2024451438870,2024,451438870,2,4,0,-1,8,6,1,-1,0,4,0,0,0,0,3,1,-1,2,1,22,5,296,1,9,KAWASAKI ER,10,E01030355,0,2
2024010548709,2024,010548709,1,5,0,8,8,7,1,0,0,1,0,0,0,0,1,1,2,2,1,59,9,649,1,13,KAWASAKI ER,3,E01001757,0,1
2024401539307,2024,401539307,2,2,0,-1,19,1,5,-1,0,0,0,0,0,0,1,1,-1,6,1,22,5,498,1,19,KAWASAKI ER,7,E01017435,0,1
2024111439402,2024,111439402,1,5,0,-1,19,7,3,-1,0,0,0,0,1,11,4,1,-1,9,1,57,9,649,1,12,KAWASAKI ER,1,E01020762,0,4
2024552400977,2024,552400977,2,4,0,18,19,2,6,0,0,8,0,0,0,0,1,1,2,2,1,30,6,498,1,21,KAWASAKI ER,4,E01015345,0,1
2024052400377,2024,052400377,2,4,0,18,19,2,6,0,0,8,0,0,0,0,1,1,6,6,1,41,7,498,1,17,KAWASAKI ER,1,E01006728,0,1
2024411510821,2024,411510821,2,4,0,-1,19,4,8,-1,0,0,0,0,0,0,4,1,-1,6,1,21,5,451,1,0,KAWASAKI ER,6,E01023835,0,3
2024440400526,2024,440400526,1,4,0,13,13,6,2,0,0,1,0,0,0,0,1,1,2,2,2,29,6,498,1,21,KAWASAKI ER,3,E01017185,0,3
2024010508541,2024,010508541,1,5,0,99,99,9,9,99,99,9,9,99,9,99,9,1,2,2,1,33,6,649,1,8,KAWASAKI ER,2,E01000627,0,1
2024302400911,2024,302400911,1,4,0,18,19,8,4,0,0,1,0,0,0,0,1,1,6,6,1,55,8,649,1,10,KAWASAKI ER,1,E01019650,0,1
2024131481048,2024,131481048,1,5,0,-1,19,1,5,-1,0,1,0,0,0,0,1,1,-1,6,2,38,7,649,1,18,KAWASAKI ER,5,E01011392,0,1
2024161526786,2024,161526786,1,5,0,-1,19,8,6,-1,0,1,5,0,1,0,1,1,-1,9,2,38,7,649,1,9,KAWASAKI ER,3,E01007639,0,3
2024320259116,2024,320259116,2,5,0,-1,-1,2,6,0,0,8,0,0,0,0,1,1,-1,-1,1,64,9,649,1,15,KAWASAKI ER,1,E01026149,0,1
2024061490347,2024,061490347,2,5,0,-1,19,5,1,-1,0,0,1,0,0,0,3,1,-1,6,2,41,7,649,1,14,KAWASAKI ER,1,E01005004,0,3
2024991413369,2024,991413369,1,5,0,-1,9,2,8,-1,0,8,1,0,0,0,3,1,-1,6,1,31,6,649,1,11,KAWASAKI ER,3,-1,0,1
2024501420900,2024,501420900,1,3,0,-1,19,6,2,-1,4,1,0,0,0,0,1,1,-1,2,1,26,6,498,1,25,KAWASAKI ER,1,E01015028,0,1
2024351458341,2024,351458341,1,5,0,-1,19,3,7,-1,0,8,0,0,1,0,1,1,-1,6,2,22,5,649,1,7,KAWASAKI ER,5,E01035532,0,1
2024161517006,2024,161517006,1,4,0,-1,19,1,5,-1,0,0,0,10,0,0,1,1,-1,6,1,38,7,296,1,8,KAWASAKI ER,5,E01013271,0,3
2024430430750,2024,430430750,1,5,0,11,11,1,5,0,0,0,0,0,0,0,1,1,6,6,1,53,8,649,1,17,KAWASAKI ER,7,E01023360,0,3
2024991483637,2024,991483637,2,5,0,-1,19,5,1,-1,0,2,2,0,0,0,1,1,-1,9,1,32,6,649,1,16,KAWASAKI ER,6,-1,0,2
2024302401439,2024,302401439,1,5,0,16,19,2,6,0,0,0,0,0,8,11,1,1,6,6,1,42,7,649,1,15,KAWASAKI ER,1,E01027952,0,4
2024201478605,2024,201478605,1,5,0,-1,19,5,1,-1,0,1,5,0,0,0,1,1,-1,2,1,32,6,649,1,17,KAWASAKI ER,1,E01009347,0,1
2024451432291,2024,451432291,2,4,0,-1,19,1,5,-1,0,0,0,0,0,0,2,1,-1,9,1,20,4,296,1,9,KAWASAKI ER,10,E01004122,0,3
2024501518324,2024,501518324,2,5,0,-1,15,7,3,-1,0,1,0,0,0,0,1,1,-1,6,1,19,4,649,1,16,KAWASAKI ER,4,E01015129,0,2
2024131419114,2024,131419114,1,5,0,-1,19,3,7,-1,0,0,1,11,0,0,3,1,-1,9,1,49,8,498,1,25,KAWASAKI ER,9,E01011278,0,1
2024320428976,2024,320428976,2,4,0,8,8,3,5,0,0,1,1,0,0,0,1,1,6,6,1,40,7,500,1,19,KAWASAKI ER,8,E01026188,0,1
2024522500043,2024,522500043,1,5,0,18,19,6,2,0,0,8,0,0,0,0,3,1,6,6,1,22,5,649,1,10,KAWASAKI ER,5,E01014665,0,1
2024552400383,2024,552400383,1,5,0,13,13,6,2,0,0,1,0,0,0,0,1,1,6,6,1,35,6,649,1,15,KAWASAKI ER,10,E01020371,0,2
2024010525904,2024,010525904,2,5,0,99,99,9,9,99,99,9,9,99,9,99,1,1,6,6,3,-1,-1,649,1,9,KAWASAKI ER,-1,-1,0,-1
2024401518132,2024,401518132,2,4,0,-1,19,7,3,-1,0,8,0,0,0,0,1,1,-1,6,1,31,6,250,1,10,MAKE AND MODEL REDACTED,8,E01017620,0,2
2024522401620,2024,522401620,1,9,0,18,19,2,6,0,0,0,1,0,0,0,1,1,6,6,1,49,8,5204,1,8,MAKE AND MODEL REDACTED,8,E01032682,0,1
2024122400937,2024,122400937,1,17,4,17,19,7,3,0,0,0,5,0,0,0,1,1,1,1,1,60,9,6728,2,10,MAKE AND MODEL REDACTED,2,E01033473,0,2
2024471455507,2024,471455507,2,17,0,-1,9,7,6,-1,0,6,0,0,0,0,3,2,-1,2,1,75,10,4400,2,12,MAKE AND MODEL REDACTED,8,E01035341,0,1
2024361451020,2024,361451020,1,9,0,-1,7,6,1,-1,0,1,0,0,0,0,4,1,-1,9,2,35,6,-1,3,1,MERCEDES EQB CLASS,-1,-1,0,-1
2024371434888,2024,371434888,1,9,0,-1,19,3,3,-1,0,0,0,0,1,0,1,1,-1,7,2,34,6,-1,3,2,MERCEDES EQB CLASS,7,E01030200,0,1
2024141516300,2024,141516300,2,9,0,-1,19,8,4,-1,0,2,0,0,0,0,1,1,-1,7,1,38,7,-1,3,1,MERCEDES EQB CLASS,8,E01007381,0,1
2024411521186,2024,411521186,1,9,0,-1,7,2,4,-1,0,6,0,0,0,0,-1,1,-1,1,1,58,9,-1,3,0,MERCEDES EQB CLASS,8,E01033029,0,1
2024451488215,2024,451488215,1,9,0,-1,10,5,1,-1,0,0,0,0,0,0,1,1,-1,9,1,41,7,-1,3,1,MERCEDES EQB CLASS,8,E01030298,0,2
202454A797324,2024,54A797324,2,9,0,18,19,7,3,0,0,8,0,0,0,0,4,1,6,6,2,57,9,-1,3,1,MERCEDES EQB CLASS,6,E01015553,0,1
2024471397681,2024,471397681,1,9,0,-1,9,7,5,-1,0,5,0,0,0,0,1,1,-1,1,1,58,9,-1,3,2,MERCEDES EQB CLASS,10,E01031699,0,3
2024501451777,2024,501451777,1,9,0,-1,19,8,4,-1,0,0,0,0,0,0,2,1,-1,6,1,46,8,-1,3,1,MERCEDES EQB CLASS,4,E01018862,0,2
2024351452435,2024,351452435,2,9,0,-1,19,5,1,-1,0,1,0,0,0,0,1,1,-1,6,2,32,6,-1,3,1,MERCEDES EQB CLASS,8,E01030107,0,3
2024430610315,2024,430610315,6,9,0,18,19,4,8,0,0,0,0,0,0,0,2,1,6,6,1,52,8,-1,3,1,MERCEDES EQB CLASS,-1,-1,0,-1
2024401528624,2024,401528624,1,9,0,-1,9,5,7,-1,0,5,0,11,0,0,1,1,-1,9,1,45,7,-1,3,2,MERCEDES EQB CLASS,9,E01017406,0,1
2024991491251,2024,991491251,1,9,0,-1,13,2,6,-1,0,0,5,0,1,0,1,1,-1,6,1,19,4,-1,3,0,MERCEDES EQB CLASS,8,-1,0,2
2024421501807,2024,421501807,1,9,0,-1,5,1,1,-1,0,1,0,0,0,0,1,1,-1,9,1,48,8,-1,3,1,MERCEDES EQB CLASS,-1,-1,0,-1
2024221482519,2024,221482519,2,9,0,-1,19,6,1,-1,0,0,0,0,0,0,1,1,-1,6,1,34,6,-1,3,0,MERCEDES EQB CLASS,4,E01028838,0,2
2024131486721,2024,131486721,2,9,0,-1,9,1,5,-1,0,8,0,0,0,0,2,1,-1,1,1,38,7,-1,3,1,MERCEDES EQB CLASS,9,E01011844,0,3
2024010547880,2024,010547880,2,9,9,99,99,9,9,99,99,9,9,99,9,99,9,9,6,6,1,40,7,-1,3,0,MERCEDES EQB CLASS,7,E01001522,0,1
2024411471110,2024,411471110,3,9,0,-1,5,3,7,-1,0,8,0,0,0,0,1,1,-1,6,2,35,6,-1,3,1,MERCEDES EQB CLASS,6,E01023765,0,3
2024010535657,2024,010535657,2,9,9,99,99,9,9,99,99,6,0,99,9,99,9,9,6,6,3,-1,-1,-1,3,0,MERCEDES EQB CLASS,-1,-1,0,-1
2024201509025,2024,201509025,2,9,0,-1,15,1,6,-1,0,1,0,0,0,0,4,9,-1,6,3,40,7,-1,3,1,MERCEDES EQB CLASS,-1,-1,0,-1
2024010537069,2024,010537069,1,9,0,9,9,7,5,0,0,5,0,0,0,0,4,1,6,6,1,44,7,-1,3,1,MERCEDES EQB CLASS,4,E01000915,0,1
2024010498143,2024,010498143,1,9,0,12,12,7,3,0,0,1,0,0,0,0,1,1,6,6,1,51,8,-1,3,1,MERCEDES EQB CLASS,9,E01002983,0,1
2024141409595,2024,141409595,2,9,0,-1,8,1,4,-1,0,1,0,0,0,0,3,1,-1,9,1,42,7,-1,3,1,MERCEDES EQB CLASS,7,E01008133,0,2
2024010550437,2024,010550437,1,9,0,4,4,7,3,0,0,0,0,0,0,0,4,2,3,7,2,44,7,-1,3,0,MERCEDES EQB CLASS,4,E01002681,0,1
2024451487739,2024,451487739,2,9,0,-1,19,-1,-1,-1,0,0,0,0,0,0,1,1,-1,6,2,-1,-1,-1,3,2,MERCEDES EQB CLASS,-1,-1,0,-1
2024010520531,2024,010520531,2,9,0,99,99,9,9,99,99,9,9,99,9,99,9,9,6,6,1,38,7,-1,3,2,MERCEDES EQB CLASS,7,E01004173,0,2
2024430535788,2024,430535788,1,9,0,18,19,4,8,0,0,8,0,0,0,0,1,1,6,6,3,46,8,-1,3,1,MERCEDES EQB CLASS,10,E01016701,0,1
2024010543380,2024,010543380,2,9,0,18,19,5,1,0,0,9,0,99,0,0,1,1,6,6,3,-1,-1,-1,3,2,MERCEDES EQB CLASS,-1,-1,0,-1
2024430538374,2024,430538374,3,9,0,18,19,6,2,0,0,0,0,0,0,0,1,1,2,2,1,40,7,-1,3,0,MERCEDES EQB CLASS,6,E01033856,0,4
2024361406963,2024,361406963,1,9,0,-1,19,7,3,-1,0,0,0,0,0,0,2,1,-1,2,1,40,7,-1,3,0,MERCEDES EQB CLASS,8,E01026587,0,3
2024010518881,2024,010518881,1,9,0,3,3,5,1,5,5,1,0,0,0,0,4,1,6,6,1,52,8,-1,3,1,MERCEDES EQB CLASS,7,E01000993,0,1