collision_index,collision_year,collision_ref_no,vehicle_reference,vehicle_type,towing_and_articulation,vehicle_manoeuvre_historic,vehicle_manoeuvre,vehicle_direction_from,vehicle_direction_to,vehicle_location_restricted_lane_historic,vehicle_location_restricted_lane,junction_location,skidding_and_overturning,hit_object_in_carriageway,vehicle_leaving_carriageway,hit_object_off_carriageway,first_point_of_impact,vehicle_left_hand_drive,journey_purpose_of_driver_historic,journey_purpose_of_driver,sex_of_driver,age_of_driver,age_band_of_driver,engine_capacity_cc,propulsion_code,age_of_vehicle,generic_make_model,driver_imd_decile,lsoa_of_driver,escooter_flag,driver_distance_banding
2024010520540,2024,010520540,1,9,0,18,19,5,1,0,0,8,1,0,0,0,3,1,6,6,1,39,7,-1,3,0,MERCEDES EQB CLASS,4,E01001009,0,1
2024351474187,2024,351474187,2,9,0,-1,3,-1,-1,-1,0,2,-1,-1,-1,0,2,1,-1,9,1,39,7,-1,3,1,MERCEDES EQB CLASS,6,E01034438,0,1
2024010519480,2024,010519480,3,9,0,2,2,0,0,0,0,2,0,0,0,0,1,1,6,6,3,-1,-1,-1,3,0,MERCEDES EQB CLASS,-1,-1,0,-1
2024471510576,2024,471510576,5,9,0,-1,3,8,4,-1,0,1,0,0,0,0,2,1,-1,9,1,75,10,-1,3,0,MERCEDES EQB CLASS,6,E01021130,0,1
2024070887597,2024,070887597,1,9,0,-1,5,1,6,-1,0,1,0,0,0,0,1,1,-1,6,1,-1,-1,-1,3,0,MERCEDES EQB CLASS,-1,-1,0,-1
2024041529121,2024,041529121,1,9,0,-1,12,6,2,-1,0,0,0,11,0,0,1,1,-1,6,1,73,10,-1,3,2,MERCEDES EQB CLASS,3,E01012588,0,1
2024311476043,2024,311476043,1,9,0,-1,9,1,3,-1,0,1,0,0,0,0,0,1,-1,6,2,38,7,-1,3,0,MERCEDES EQB CLASS,-1,-1,0,-1
2024440071858,2024,440071858,3,9,0,2,2,0,0,0,0,2,0,0,0,0,1,1,6,6,2,-1,-1,1499,1,6,MINI COUNTRYMAN,-1,-1,0,-1
2024631528955,2024,631528955,1,9,0,-1,4,2,6,-1,0,0,0,0,0,0,2,1,-1,6,1,38,7,1598,2,12,MINI COUNTRYMAN,1,W01001428,0,3
2024221453815,2024,221453815,2,9,0,-1,19,8,4,-1,0,0,1,0,0,0,1,1,-1,6,1,53,8,1499,1,4,MINI COUNTRYMAN,5,E01028955,0,4
2024501477798,2024,501477798,3,9,0,-1,19,3,7,-1,0,0,0,0,0,0,1,1,-1,9,1,52,8,1995,2,8,MINI COUNTRYMAN,7,E01015493,0,5
2024351526648,2024,351526648,2,9,0,-1,2,0,0,-1,0,1,0,4,0,0,2,1,-1,6,-1,-1,-1,1598,1,12,MINI COUNTRYMAN,-1,-1,0,-1
2024052400098,2024,052400098,1,9,0,18,19,2,6,0,0,8,0,0,0,0,1,1,2,2,2,52,8,1499,1,1,MINI COUNTRYMAN,7,E01007193,0,3
2024552401355,2024,552401355,2,9,0,18,19,4,8,0,0,0,0,0,0,0,1,1,6,6,2,40,7,1499,1,7,MINI COUNTRYMAN,6,E01020398,0,1
2024061498769,2024,061498769,1,9,0,-1,4,-1,-1,-1,0,0,0,0,0,0,3,1,-1,9,2,32,6,1499,1,6,MINI COUNTRYMAN,1,E01005756,0,1
2024421512035,2024,421512035,2,9,0,-1,2,0,0,-1,0,8,0,0,0,0,3,1,-1,6,1,52,8,1598,2,11,MINI COUNTRYMAN,5,E01021848,0,2
2024501510068,2024,501510068,1,9,0,-1,19,5,1,-1,0,0,0,0,0,0,1,9,-1,6,2,19,4,1995,2,12,MINI COUNTRYMAN,7,E01020233,0,3
2024010491103,2024,010491103,1,9,0,9,9,1,7,0,0,6,0,0,0,0,1,1,2,2,2,44,7,1998,1,5,MINI COUNTRYMAN,8,E01003659,0,1
2024161462680,2024,161462680,3,9,0,-1,19,4,8,-1,0,0,0,0,0,0,2,1,-1,9,2,38,7,1499,8,6,MINI COUNTRYMAN,4,E01002805,0,5
2024430360930,2024,430360930,1,9,0,9,9,8,7,0,0,6,0,0,0,0,1,1,6,6,2,77,11,1499,1,3,MINI COUNTRYMAN,7,E01017673,0,2
2024401545362,2024,401545362,1,9,0,-1,19,1,5,-1,0,0,0,0,1,6,1,1,-1,6,1,18,4,1995,2,10,MINI COUNTRYMAN,10,E01023817,0,4
2024041524498,2024,041524498,1,9,0,-1,11,7,3,-1,0,1,0,0,0,0,1,1,-1,1,2,23,5,1995,2,10,MINI COUNTRYMAN,4,E01025335,0,4
2024332401049,2024,332401049,1,9,0,-1,19,1,4,-1,0,0,0,0,0,0,1,1,-1,6,2,61,9,1598,2,8,MINI COUNTRYMAN,10,E01025891,0,1
2024421494995,2024,421494995,1,9,0,-1,9,2,8,-1,0,8,0,0,0,0,1,1,-1,9,2,34,6,1499,8,4,MINI COUNTRYMAN,10,E01021366,0,3
2024010503457,2024,010503457,2,9,0,2,2,0,0,0,0,0,0,0,1,0,2,1,6,6,3,-1,-1,1998,1,5,MINI COUNTRYMAN,-1,-1,0,-1
2024041525001,2024,041525001,1,9,0,-1,19,1,5,-1,0,0,0,0,0,0,1,1,-1,2,2,67,10,1995,2,11,MINI COUNTRYMAN,1,E01025295,0,1
2024351539701,2024,351539701,2,9,0,-1,3,3,7,-1,0,0,0,0,0,0,2,1,-1,6,2,44,7,1995,2,12,MINI COUNTRYMAN,4,E01025789,0,4
2024010496147,2024,010496147,2,9,0,9,9,4,1,0,0,1,0,0,7,0,1,1,1,1,1,31,6,1499,8,5,MINI COUNTRYMAN,9,E01030322,0,1
2024411443179,2024,411443179,2,9,0,-1,9,6,8,-1,0,1,0,0,0,0,1,1,-1,9,2,53,8,1998,1,7,MINI COUNTRYMAN,9,E01017703,0,3
2024010504801,2024,010504801,1,9,0,18,19,5,1,0,0,8,0,0,0,0,4,1,6,6,1,55,8,1598,1,10,MINI COUNTRYMAN,-1,-1,0,-1
2024351567930,2024,351567930,1,9,0,-1,9,5,1,-1,0,4,0,0,0,0,1,1,-1,6,2,60,9,1499,1,7,MINI COUNTRYMAN,7,E01000139,0,4
2024430534410,2024,430534410,2,9,0,18,19,6,2,0,0,0,0,0,0,0,1,1,6,6,1,42,7,1499,1,6,MINI COUNTRYMAN,10,E01028625,0,3
2024451482563,2024,451482563,1,9,0,-1,15,2,6,-1,0,0,0,0,0,0,0,1,-1,2,2,55,8,1499,1,5,MINI COUNTRYMAN,7,E01030648,0,1
2024351506968,2024,351506968,1,9,0,-1,7,8,2,-1,0,5,0,0,0,0,0,1,-1,6,2,58,9,1598,1,10,MINI COUNTRYMAN,10,E01018248,0,1
2024430016916,2024,430016916,2,9,0,15,15,1,5,0,0,1,0,0,7,0,3,1,6,6,2,49,8,1499,8,3,MINI COUNTRYMAN,10,E01016565,0,1
2024131503859,2024,131503859,1,9,0,-1,4,8,4,-1,0,0,0,0,0,0,1,1,-1,9,2,70,10,1499,1,5,MINI COUNTRYMAN,7,E01011635,0,2
2024451406947,2024,451406947,2,9,0,-1,9,1,5,-1,0,5,0,0,0,0,1,1,-1,6,1,40,7,1499,8,6,MINI COUNTRYMAN,8,E01030877,0,3
2024461507410,2024,461507410,2,9,0,-1,5,1,5,-1,0,0,0,0,0,0,0,9,-1,6,1,44,7,1499,1,6,MINI COUNTRYMAN,6,E01024367,0,1
2024010499502,2024,010499502,2,9,0,99,99,9,9,99,99,9,9,99,9,99,1,9,6,6,3,34,6,1499,8,6,MINI COUNTRYMAN,3,E01002303,0,2
2024041459720,2024,041459720,1,9,0,-1,19,5,1,-1,0,0,0,0,0,0,1,1,-1,6,1,19,4,1995,2,12,MINI COUNTRYMAN,7,E01024984,0,1
2024421483055,2024,421483055,2,9,0,-1,5,2,8,-1,0,2,0,0,0,0,1,2,-1,6,2,57,9,1499,1,5,MINI COUNTRYMAN,-1,-1,0,-1
2024340NN1092,2024,340NN1092,2,9,0,-1,19,1,5,-1,0,0,0,0,1,0,2,1,-1,1,1,46,8,1598,2,12,MINI COUNTRYMAN,9,E01027116,0,2
2024010497508,2024,010497508,1,9,0,9,9,7,5,0,0,6,0,0,0,0,1,1,6,6,1,60,9,1998,1,4,MINI COUNTRYMAN,2,E01001012,0,1
2024052401204,2024,052401204,1,9,0,16,19,1,5,0,0,0,0,0,7,11,1,1,6,6,2,86,11,1499,1,4,MINI COUNTRYMAN,9,E01006825,0,1
2024440364765,2024,440364765,1,9,0,9,9,6,2,0,0,6,0,0,0,0,3,1,6,6,2,55,8,1998,1,6,MINI COUNTRYMAN,7,E01003762,0,5
2024161510608,2024,161510608,1,9,0,-1,19,6,2,-1,0,0,0,0,0,0,3,9,-1,2,2,47,8,1598,2,10,MINI COUNTRYMAN,2,E01013202,0,1
2024471400507,2024,471400507,1,9,0,-1,19,4,8,-1,0,0,5,0,7,0,1,1,-1,9,1,62,9,1499,8,2,MINI COUNTRYMAN,6,E01021104,0,2
2024031494632,2024,031494632,1,9,0,-1,5,6,3,-1,0,0,0,0,0,0,1,1,-1,9,2,59,9,1598,1,13,MINI COUNTRYMAN,5,E01019151,0,1
2024131451998,2024,131451998,1,9,0,-1,-1,-1,-1,-1,-1,0,-1,-1,-1,-1,-1,1,-1,6,3,-1,-1,1995,2,8,MINI COUNTRYMAN,-1,-1,0,-1
2024010518692,2024,010518692,2,9,0,99,99,9,9,99,99,9,9,99,9,99,9,9,6,6,2,77,11,1499,1,5,MINI COUNTRYMAN,8,E01004075,0,1
202417S202124,2024,17S202124,2,9,0,4,4,6,2,0,0,0,0,0,0,0,2,1,2,2,2,46,8,1499,1,2,MINI COUNTRYMAN,4,E01035202,0,2
2024991402765,2024,991402765,2,9,0,-1,4,4,7,-1,0,0,0,0,0,0,1,1,-1,6,1,52,8,1995,2,12,MINI COUNTRYMAN,6,-1,0,4
2024361404913,2024,361404913,2,9,0,-1,2,0,0,-1,0,0,1,0,1,0,2,1,-1,6,1,58,9,1598,1,9,MINI COUNTRYMAN,6,E01026612,0,4
2024531452533,2024,531452533,1,9,0,-1,5,1,1,-1,0,0,0,0,7,0,1,1,-1,6,1,87,11,1499,1,1,MINI COUNTRYMAN,9,E01022304,0,1
2024010527020,2024,010527020,1,9,0,99,99,9,9,99,99,9,9,99,9,99,3,9,6,6,2,56,9,1998,1,1,MINI COUNTRYMAN,3,E01015922,0,3
2024991495943,2024,991495943,2,9,0,-1,3,2,6,-1,0,0,0,0,0,0,3,1,-1,9,2,56,9,1998,8,0,MINI COUNTRYMAN,-1,-1,0,-1
2024010500930,2024,010500930,2,9,0,99,99,9,9,99,99,9,9,99,9,99,1,9,6,6,3,-1,-1,1998,1,2,MINI COUNTRYMAN,-1,-1,0,-1
2024501521325,2024,501521325,1,9,0,-1,9,1,3,-1,0,8,0,0,0,0,1,1,-1,6,2,36,7,1995,2,8,MINI COUNTRYMAN,7,E01018879,0,2
2024543395024,2024,543395024,15,9,0,18,19,4,8,0,0,0,1,0,1,0,1,1,6,6,2,61,9,1995,2,10,MINI COUNTRYMAN,9,E01031863,0,3
2024201433319,2024,201433319,1,9,0,-1,5,6,2,-1,0,0,0,4,0,0,1,9,-1,9,2,69,10,1598,1,10,MINI COUNTRYMAN,10,E01031202,0,4
2024010517513,2024,010517513,1,9,0,9,9,8,5,0,0,5,0,0,0,0,3,1,1,1,1,44,7,1499,8,2,MINI COUNTRYMAN,5,E01033917,0,2
2024231516280,2024,231516280,2,9,0,-1,19,3,7,-1,0,4,0,0,0,0,3,1,-1,9,2,55,8,1995,2,5,MINI COUNTRYMAN,10,E01009698,0,3
2024041518596,2024,041518596,2,9,0,-1,19,1,5,-1,0,0,0,0,0,0,1,1,-1,6,2,31,6,1998,1,6,MINI COUNTRYMAN,6,E01007059,0,3
2024010513170,2024,010513170,2,9,0,99,99,9,9,99,99,9,9,99,9,99,9,9,6,6,3,-1,-1,1998,1,5,MINI COUNTRYMAN,-1,-1,0,-1
2024471507704,2024,471507704,1,9,0,-1,9,5,7,-1,0,1,0,0,0,0,4,1,-1,9,1,62,9,1998,1,4,MINI COUNTRYMAN,8,E01024475,0,4
2024461441929,2024,461441929,2,9,0,-1,4,7,3,-1,0,0,0,0,0,0,2,1,-1,9,1,31,6,1499,1,6,MINI COUNTRYMAN,7,E01024553,0,2
2024010512149,2024,010512149,1,9,0,18,19,3,7,9,9,1,0,10,6,4,1,1,6,6,1,41,7,1598,1,12,MINI COUNTRYMAN,7,E01001866,0,1
2024411528166,2024,411528166,1,9,0,-1,19,3,6,-1,0,4,0,0,0,0,1,1,-1,6,1,41,7,1598,1,11,MINI COUNTRYMAN,7,E01000492,0,4
2024461452496,2024,461452496,1,9,0,-1,19,7,3,-1,0,2,0,0,0,0,1,1,-1,9,1,33,6,1995,2,10,MINI COUNTRYMAN,1,E01035316,0,1
2024052400334,2024,052400334,1,9,0,18,19,5,1,0,0,0,0,0,0,0,1,1,6,6,2,45,7,1598,2,14,MINI COUNTRYMAN,8,E01025489,0,2
2024451435767,2024,451435767,2,9,0,-1,19,5,1,-1,1,1,0,0,0,0,2,1,-1,9,-1,55,8,1598,1,10,MINI COUNTRYMAN,9,E01003834,0,3
2024610007324,2024,610007324,3,9,0,18,19,7,3,0,0,0,0,0,0,0,1,1,6,6,2,52,8,1598,2,11,MINI COUNTRYMAN,5,W01001458,0,3
2024122400508,2024,122400508,1,9,0,18,19,1,5,0,0,1,0,0,0,0,1,1,3,7,2,51,8,1598,2,12,MINI COUNTRYMAN,8,E01027685,0,3
2024471506194,2024,471506194,1,9,0,-1,19,7,3,-1,0,0,0,0,0,0,1,1,-1,9,2,84,11,1598,2,12,MINI COUNTRYMAN,10,E01031774,0,1
202460Q186345,2024,60Q186345,1,9,0,4,4,1,5,0,0,0,0,0,0,0,2,1,6,6,1,54,8,1998,1,1,MINI COUNTRYMAN,-1,-1,0,-1
2024421512528,2024,421512528,2,9,0,-1,19,2,7,-1,0,0,0,0,0,0,1,1,-1,9,2,51,8,1499,1,4,MINI COUNTRYMAN,7,E01033145,0,1
2024070999909,2024,070999909,1,9,0,-1,3,5,1,-1,0,1,0,0,0,0,1,1,-1,2,2,32,6,1499,1,3,MINI COUNTRYMAN,8,E01018555,0,2
2024101485932,2024,101485932,2,9,0,-1,19,7,3,-1,0,8,0,0,0,0,4,1,-1,9,2,64,9,1598,1,10,MINI COUNTRYMAN,5,E01027365,0,3
2024211415277,2024,211415277,2,9,0,-1,3,7,3,-1,0,0,0,0,0,0,1,1,-1,6,2,78,11,1995,2,11,MINI COUNTRYMAN,-1,-1,0,-1
2024461458044,2024,461458044,2,9,0,-1,19,5,3,-1,0,0,0,0,7,0,4,1,-1,6,2,47,8,1499,8,3,MINI COUNTRYMAN,8,E01024708,0,4
2024010488404,2024,010488404,1,9,5,18,19,7,3,0,0,3,0,0,0,0,1,1,6,6,1,77,11,1499,8,4,MINI COUNTRYMAN,7,E01002582,0,1
2024320189561,2024,320189561,2,9,0,9,9,2,8,0,0,5,0,0,1,1,3,1,-1,-1,2,29,6,1598,1,11,MINI COUNTRYMAN,10,E01013804,0,3
2024320352349,2024,320352349,1,9,0,-1,-1,1,5,0,0,0,0,0,0,0,1,1,1,1,2,75,10,1598,2,11,MINI COUNTRYMAN,5,E01026409,0,1
2024061459675,2024,061459675,1,9,0,-1,5,5,1,-1,0,1,0,0,0,0,1,1,-1,6,1,25,5,1998,1,3,MINI COUNTRYMAN,7,E01004775,0,1
2024041429383,2024,041429383,2,9,0,-1,19,3,7,-1,9,1,0,0,1,0,3,1,-1,9,2,60,9,1995,2,5,MINI COUNTRYMAN,7,E01027814,0,5
2024010534249,2024,010534249,2,9,0,7,7,1,4,0,0,2,0,0,1,0,1,1,6,6,2,40,7,1995,2,7,MINI COUNTRYMAN,7,E01003867,0,1
2024131407665,2024,131407665,1,9,0,-1,-1,-1,-1,-1,-1,-1,-1,-1,-1,0,-1,1,-1,6,3,-1,-1,1598,1,10,MINI COUNTRYMAN,-1,-1,0,-1
2024501461939,2024,501461939,1,9,0,-1,19,3,7,-1,0,8,0,0,0,0,3,1,-1,9,2,58,9,1998,8,0,MINI COUNTRYMAN,7,E01018889,0,3
2024421419264,2024,421419264,2,9,0,-1,8,3,7,-1,0,4,0,0,0,0,2,9,-1,6,2,63,9,1499,8,2,MINI COUNTRYMAN,9,E01021285,0,3
2024141530825,2024,141530825,1,9,0,-1,19,3,7,-1,0,0,0,0,0,0,4,1,-1,6,2,55,8,1499,8,0,MINI COUNTRYMAN,6,E01007908,0,1
2024471427765,2024,471427765,2,9,0,-1,19,1,5,-1,0,0,0,0,0,0,2,1,-1,9,1,70,10,1499,8,3,MINI COUNTRYMAN,5,E01020932,0,3
2024522401385,2024,522401385,2,9,0,18,19,8,4,0,0,0,0,0,0,0,1,1,6,6,1,71,10,1499,1,2,MINI COUNTRYMAN,10,E01014749,0,2
2024010501937,2024,010501937,2,9,0,15,15,1,5,0,0,0,2,0,0,0,1,2,6,6,1,27,6,1998,1,2,MINI COUNTRYMAN,2,E01000931,0,2
2024544255224,2024,544255224,2,9,0,18,19,1,5,0,0,0,0,0,0,0,4,1,6,6,1,41,7,1499,8,5,MINI COUNTRYMAN,9,E01032702,0,2
2024631420755,2024,631420755,1,9,0,-1,19,8,4,-1,0,0,0,0,0,0,1,1,-1,2,2,59,9,1598,2,10,MINI COUNTRYMAN,2,W01000707,0,1
2024302401802,2024,302401802,1,9,0,18,19,7,3,0,0,2,0,0,1,0,1,1,6,6,2,79,11,1499,1,3,MINI COUNTRYMAN,5,E01019669,0,1
2024471477220,2024,471477220,2,9,0,-1,3,4,8,-1,0,1,0,0,0,0,0,1,-1,6,2,34,6,1598,2,9,MINI COUNTRYMAN,3,E01021057,0,1
2024421502990,2024,421502990,1,9,0,-1,19,5,1,-1,9,0,0,0,7,0,1,1,-1,6,1,26,6,1598,1,11,MINI COUNTRYMAN,-1,-1,0,-1
2024421402727,2024,421402727,1,9,0,-1,19,7,3,-1,0,7,0,0,7,0,4,1,-1,9,2,27,6,1499,1,6,MINI COUNTRYMAN,10,E01030180,0,4
2024622400868,2024,622400868,2,9,0,18,19,8,4,0,0,1,0,0,0,0,2,1,6,6,2,43,7,1499,1,2,MINI COUNTRYMAN,8,W01001012,0,1
2024471454003,2024,471454003,2,9,0,-1,8,5,7,-1,0,1,0,0,0,0,1,1,-1,7,2,38,7,1998,1,4,MINI COUNTRYMAN,5,E01032836,0,1
2024361467692,2024,361467692,2,9,0,-1,5,1,5,-1,0,8,0,0,0,0,1,1,-1,6,2,37,7,1598,1,10,MINI COUNTRYMAN,7,E01026754,0,3
2024010531261,2024,010531261,2,9,0,18,19,1,5,0,0,8,0,0,0,0,1,1,6,6,2,52,8,1998,1,1,MINI COUNTRYMAN,2,E01001750,0,1
2024010506531,2024,010506531,1,9,0,99,99,9,9,99,99,9,9,99,9,99,9,9,6,6,3,-1,-1,1499,1,2,MINI COUNTRYMAN,-1,-1,0,-1
2024010518553,2024,010518553,1,9,0,9,9,3,1,0,0,6,0,0,0,0,1,1,6,6,1,19,4,1998,1,7,MINI COUNTRYMAN,9,E01000248,0,1
2024461536277,2024,461536277,2,9,0,-1,19,3,7,-1,0,0,0,0,0,0,1,1,-1,6,1,-1,-1,1499,8,6,MINI COUNTRYMAN,9,E01024802,0,4
2024501514866,2024,501514866,2,9,0,-1,19,5,1,-1,0,0,1,0,2,10,1,2,-1,2,2,56,9,1995,2,11,MINI COUNTRYMAN,9,E01020158,0,3
2024461416496,2024,461416496,1,9,0,-1,19,6,2,-1,0,0,0,0,0,0,1,1,-1,6,2,70,10,1598,2,11,MINI COUNTRYMAN,7,E01024069,0,4
2024010494560,2024,010494560,2,9,0,18,19,1,5,0,0,0,0,0,0,0,1,1,6,6,2,49,8,1499,8,5,MINI COUNTRYMAN,2,E01003191,0,3
2024141555008,2024,141555008,1,9,0,-1,3,5,1,-1,0,1,0,0,0,0,2,1,-1,6,2,29,6,1499,1,1,MINI COUNTRYMAN,-1,-1,0,-1
2024501486067,2024,501486067,1,9,0,-1,7,5,7,-1,0,6,0,0,0,0,1,1,-1,9,1,59,9,1995,2,11,MINI COUNTRYMAN,5,E01018842,0,4
2024471471856,2024,471471856,3,9,0,-1,2,0,0,-1,0,1,0,0,0,0,2,1,-1,6,-1,-1,-1,1598,1,12,MINI COUNTRYMAN,-1,-1,0,-1
2024122400586,2024,122400586,1,9,0,7,7,5,7,0,0,1,0,0,0,0,1,1,1,1,1,62,9,1598,2,12,MINI COUNTRYMAN,5,E01027630,0,1
2024531467586,2024,531467586,1,9,0,-1,19,5,1,-1,0,0,0,0,0,0,4,1,-1,9,2,78,11,1598,1,9,MINI COUNTRYMAN,7,E01022345,0,1
2024421422291,2024,421422291,1,9,0,-1,19,6,2,-1,0,2,0,0,0,0,1,1,-1,6,2,54,8,1598,1,8,MINI COUNTRYMAN,3,E01015843,0,1
2024101396212,2024,101396212,3,9,0,-1,3,5,1,-1,0,8,0,0,0,0,4,9,-1,9,2,56,9,1499,8,5,MINI COUNTRYMAN,6,E01008195,0,2
2024010503303,2024,010503303,1,9,0,7,7,5,7,0,0,5,0,0,0,0,4,1,6,6,1,23,5,1499,1,3,MINI COUNTRYMAN,4,E01033745,0,1
2024411420643,2024,411420643,2,9,0,-1,19,2,5,-1,0,0,0,0,0,0,1,1,-1,6,1,34,6,1499,1,7,MINI COUNTRYMAN,6,E01023624,0,1
2024451474804,2024,451474804,2,9,9,-1,6,-1,-1,-1,0,0,0,0,0,0,1,1,-1,6,3,40,7,1499,1,5,MINI COUNTRYMAN,-1,-1,0,-1
2024010490958,2024,010490958,3,9,0,4,4,4,8,0,0,0,0,0,0,0,2,1,6,6,1,57,9,1998,1,4,MINI COUNTRYMAN,6,E01023506,0,4
2024010507070,2024,010507070,1,9,0,99,99,9,9,99,99,0,9,99,9,99,2,9,2,2,2,51,8,1598,1,13,MINI COUNTRYMAN,8,E01030844,0,1
2024421457139,2024,421457139,3,9,0,-1,2,6,2,-1,0,0,0,0,0,0,1,1,-1,6,-1,-1,-1,1598,1,12,MINI COUNTRYMAN,-1,-1,0,-1
2024440172864,2024,440172864,1,9,0,1,1,2,6,0,0,0,0,0,0,0,2,1,6,6,2,-1,-1,1499,1,3,MINI COUNTRYMAN,-1,-1,0,-1
2024411465187,2024,411465187,2,9,0,-1,19,7,3,-1,0,8,0,0,1,4,4,1,-1,7,2,37,7,1600,1,12,MINI COUNTRYMAN,7,E01023947,0,1
2024501435603,2024,501435603,2,9,0,-1,3,7,3,-1,0,1,0,0,0,0,2,9,-1,6,2,45,7,1499,1,6,MINI COUNTRYMAN,7,E01034624,0,2
2024401498143,2024,401498143,1,9,0,-1,-1,-1,-1,-1,-1,-1,-1,-1,-1,0,-1,9,-1,6,1,20,4,1598,1,10,MINI COUNTRYMAN,6,E01017569,0,2
2024221407114,2024,221407114,1,9,0,-1,19,6,2,-1,0,0,0,4,2,0,1,9,-1,6,2,26,6,1499,8,6,MINI COUNTRYMAN,9,E01032148,0,1
2024471523240,2024,471523240,4,9,0,-1,2,0,0,-1,0,0,0,0,0,0,1,1,-1,6,-1,-1,-1,1499,1,1,MINI COUNTRYMAN,-1,-1,0,-1
2024520500409,2024,520500409,1,9,0,3,3,4,8,0,0,0,0,0,0,0,2,1,6,6,2,50,8,1598,2,12,MINI COUNTRYMAN,7,E01029078,0,3
2024131491764,2024,131491764,1,9,0,-1,19,7,5,-1,0,1,1,0,0,0,1,1,-1,9,1,38,7,1995,2,12,MINI COUNTRYMAN,6,E01011155,0,1
2024361503668,2024,361503668,1,9,0,-1,19,3,7,-1,0,0,0,4,0,0,1,1,-1,9,1,41,7,1499,8,2,MINI COUNTRYMAN,3,E01006639,0,5
2024991472579,2024,991472579,3,9,0,-1,19,7,7,-1,0,0,0,0,0,0,2,1,-1,9,2,63,9,1499,1,1,MINI COUNTRYMAN,9,-1,0,1
2024221415278,2024,221415278,2,9,0,-1,9,4,3,-1,0,6,0,0,0,0,3,9,-1,6,2,41,7,1598,1,10,MINI COUNTRYMAN,4,E01032301,0,1
2024010543519,2024,010543519,2,9,0,99,99,9,9,99,99,9,9,99,9,99,9,9,6,6,3,-1,-1,1598,1,10,MINI COUNTRYMAN,-1,-1,0,-1
2024131509091,2024,131509091,1,9,0,-1,19,1,5,-1,0,0,0,0,0,0,2,1,-1,1,1,60,9,1598,2,13,MINI COUNTRYMAN,8,E01011496,0,1
2024371498546,2024,371498546,2,9,0,-1,3,-1,-1,-1,0,4,0,0,0,0,2,1,-1,2,2,31,6,1995,2,11,MINI COUNTRYMAN,9,E01030089,0,3
2024221539054,2024,221539054,2,9,0,-1,9,6,5,-1,0,6,0,0,0,0,1,9,-1,6,2,58,9,1995,2,13,MINI COUNTRYMAN,8,E01032441,0,1
2024010518862,2024,010518862,1,9,0,18,19,5,1,0,0,0,5,0,0,0,1,1,6,6,1,32,6,1600,1,13,MINI COUNTRYMAN,4,E01001023,0,1
2024122401052,2024,122401052,2,9,2,5,5,7,5,0,0,2,0,0,0,0,1,1,6,6,2,71,10,1995,2,10,MINI COUNTRYMAN,9,E01013438,0,1
2024421433260,2024,421433260,3,9,0,-1,19,5,1,-1,0,0,0,0,0,0,0,1,-1,6,2,49,8,1499,1,4,MINI COUNTRYMAN,5,E01021802,0,1
2024461528257,2024,461528257,1,9,0,-1,19,-1,-1,-1,0,0,0,0,0,0,3,9,-1,6,2,71,10,1499,1,3,MINI COUNTRYMAN,8,E01024077,0,3
2024461536073,2024,461536073,2,9,0,-1,9,8,6,-1,0,1,0,0,0,0,2,1,-1,6,2,48,8,1995,2,11,MINI COUNTRYMAN,2,E01024078,0,1
2024122400246,2024,122400246,1,9,0,5,5,6,8,0,0,6,0,0,0,0,1,1,6,6,2,36,7,1998,1,2,MINI COUNTRYMAN,9,E01013344,0,1
2024421525191,2024,421525191,3,9,0,-1,19,1,4,-1,0,2,0,0,0,0,3,1,-1,6,2,53,8,1598,1,10,MINI COUNTRYMAN,3,E01015988,0,1
2024122400851,2024,122400851,1,9,0,1,1,3,7,0,0,0,0,0,0,0,2,1,6,6,2,63,9,1995,2,11,MINI COUNTRYMAN,9,E01013414,0,4
2024041397792,2024,041397792,2,9,0,-1,19,7,3,-1,0,0,0,0,0,0,3,1,-1,9,2,48,8,1499,8,4,MINI COUNTRYMAN,6,E01025026,0,1
2024520003096,2024,520003096,2,9,0,2,2,0,0,0,0,0,0,0,0,0,4,1,6,6,3,-1,-1,1499,1,6,MINI COUNTRYMAN,-1,-1,0,-1
2024311509054,2024,311509054,2,9,0,-1,11,1,5,-1,0,1,0,0,0,0,1,1,-1,6,2,61,9,1499,8,5,MINI COUNTRYMAN,6,E01028298,0,1
2024052401693,2024,052401693,1,9,0,9,9,1,7,0,0,1,0,0,0,0,3,1,6,6,2,32,6,1499,1,6,MINI COUNTRYMAN,1,E01006447,0,1
2024991398036,2024,991398036,1,9,0,-1,19,3,7,-1,0,0,0,0,0,0,4,1,-1,9,1,55,8,1598,2,11,MINI COUNTRYMAN,10,-1,0,4
2024552401466,2024,552401466,1,9,0,5,5,2,6,0,0,8,0,0,0,0,1,1,6,6,2,69,10,1499,8,0,MINI COUNTRYMAN,10,E01020395,0,2
2024552400375,2024,552400375,2,9,0,18,19,6,2,0,0,0,0,0,1,0,1,1,6,6,1,50,8,1995,2,10,MINI COUNTRYMAN,5,E01031991,0,2
2024010543375,2024,010543375,2,9,0,99,99,9,9,99,99,9,9,99,9,99,1,9,6,6,3,-1,-1,1598,1,10,MINI COUNTRYMAN,-1,-1,0,-1
2024041464196,2024,041464196,1,9,0,-1,19,-1,-1,-1,0,0,0,0,0,0,-1,9,-1,6,2,48,8,1499,8,5,MINI COUNTRYMAN,9,E01025490,0,1