collision_index,collision_year,collision_ref_no,vehicle_reference,vehicle_type,towing_and_articulation,vehicle_manoeuvre_historic,vehicle_manoeuvre,vehicle_direction_from,vehicle_direction_to,vehicle_location_restricted_lane_historic,vehicle_location_restricted_lane,junction_location,skidding_and_overturning,hit_object_in_carriageway,vehicle_leaving_carriageway,hit_object_off_carriageway,first_point_of_impact,vehicle_left_hand_drive,journey_purpose_of_driver_historic,journey_purpose_of_driver,sex_of_driver,age_of_driver,age_band_of_driver,engine_capacity_cc,propulsion_code,age_of_vehicle,generic_make_model,driver_imd_decile,lsoa_of_driver,escooter_flag,driver_distance_banding
2024440355852,2024,440355852,1,4,0,9,9,5,3,0,0,8,0,0,0,0,0,1,1,1,1,60,9,600,1,12,YAMAHA XJ,-1,-1,0,-1
2024010503404,2024,010503404,1,3,0,99,99,9,9,99,99,1,9,99,9,99,1,1,1,1,3,-1,-1,600,1,12,YAMAHA XJ,3,E01003374,0,1
2024010528775,2024,010528775,1,5,0,18,19,3,7,0,0,8,0,0,0,0,1,1,6,6,1,40,7,600,1,11,YAMAHA XJ,8,E01002193,0,4
2024010527280,2024,010527280,1,5,0,13,13,7,3,0,0,8,5,0,0,0,4,1,2,2,1,32,6,599,1,11,YAMAHA XJ,3,E01035672,0,1
2024010497479,2024,010497479,2,5,0,16,19,5,8,0,0,0,0,0,0,0,1,1,6,6,1,24,5,600,1,10,YAMAHA XJ,7,E01000288,0,3
2024547627224,2024,547627224,1,5,0,18,19,6,2,0,0,0,0,0,7,0,0,1,6,6,1,22,5,599,1,14,YAMAHA XJ,9,E01032052,0,4
2024010505070,2024,010505070,1,5,0,99,99,9,9,99,99,9,9,99,9,99,1,1,6,6,3,-1,-1,599,1,14,YAMAHA XJ,-1,-1,0,-1
2024991493250,2024,991493250,1,5,0,-1,13,1,6,-1,0,0,0,0,0,0,1,1,-1,6,1,36,7,599,1,22,YAMAHA XJ,1,-1,0,3
2024010509202,2024,010509202,2,5,0,16,19,1,5,0,0,3,5,0,0,0,2,1,2,2,1,39,7,599,1,15,YAMAHA XJ,9,E01032609,0,4
2024340NN1372,2024,340NN1372,1,5,0,-1,12,7,3,-1,0,7,1,0,0,0,1,1,-1,6,1,68,10,892,1,24,YAMAHA XJ,6,E01027062,0,2
2024211459571,2024,211459571,2,5,0,-1,19,2,6,-1,0,0,2,0,0,0,1,1,-1,9,1,25,5,599,1,15,YAMAHA XJ,8,E01029460,0,1
2024010551759,2024,010551759,2,5,0,14,14,5,1,0,0,8,5,0,0,0,4,1,6,6,1,27,6,600,1,12,YAMAHA XJ,3,E01002923,0,1
2024010509654,2024,010509654,1,5,0,18,19,3,7,0,0,0,0,0,0,0,1,1,6,6,1,32,6,600,1,10,YAMAHA XJ,-1,-1,0,-1
2024010526783,2024,010526783,1,5,0,99,99,9,9,99,99,9,9,99,9,99,9,1,6,6,1,21,5,600,1,11,YAMAHA XJ,10,E01004106,0,1
2024411477757,2024,411477757,1,4,0,-1,19,8,4,-1,0,0,0,4,0,0,1,1,-1,6,1,28,6,599,1,15,YAMAHA XJ,4,E01002130,0,4
2024131501585,2024,131501585,2,5,0,-1,14,8,4,-1,0,1,5,0,0,0,4,1,-1,2,1,32,6,598,1,25,YAMAHA XJ,2,E01010869,0,1
2024440400568,2024,440400568,1,4,0,18,19,6,2,0,0,0,0,0,0,0,4,1,2,2,1,23,5,600,1,9,YAMAHA XJ,6,E01017047,0,2
2024010527214,2024,010527214,1,5,0,99,99,9,9,99,99,9,9,99,9,99,0,1,6,6,1,57,9,892,1,23,YAMAHA XJ,5,E01002395,0,4
2024010522965,2024,010522965,2,5,9,99,99,9,9,99,99,9,9,99,9,99,9,1,6,6,3,-1,-1,600,1,13,YAMAHA XJ,-1,-1,0,-1
2024421439914,2024,421439914,2,5,0,-1,19,7,3,-1,0,1,5,10,1,0,3,1,-1,9,1,23,5,600,1,13,YAMAHA XJ,5,E01021954,0,1
2024010518353,2024,010518353,4,4,0,2,2,0,0,0,0,1,5,0,0,0,3,1,6,6,3,-1,-1,600,1,12,YAMAHA XJ,-1,-1,0,-1
2024622400351,2024,622400351,1,2,0,10,10,2,6,0,0,1,0,0,0,0,2,1,6,6,1,16,4,49,1,0,MAKE AND MODEL REDACTED,1,W01001739,0,1
2024522500091,2024,522500091,1,2,0,18,19,7,3,2,2,8,0,0,0,0,4,1,6,6,1,16,4,49,1,10,MAKE AND MODEL REDACTED,5,E01015000,0,1
2024351539300,2024,351539300,1,3,0,-1,19,6,2,-1,0,1,0,0,0,0,1,1,-1,6,1,16,4,49,1,13,MAKE AND MODEL REDACTED,9,E01018275,0,2
2024141414806,2024,141414806,2,2,0,-1,19,3,7,-1,0,1,5,0,0,0,4,1,-1,9,1,16,4,49,1,12,MAKE AND MODEL REDACTED,1,E01008054,0,2
2024421530028,2024,421530028,1,2,0,-1,13,1,6,-1,0,0,0,0,0,0,1,1,-1,2,1,17,4,49,1,8,MAKE AND MODEL REDACTED,6,E01021971,0,1
2024201478602,2024,201478602,2,2,0,-1,19,1,5,-1,0,8,0,0,0,0,1,1,-1,6,1,53,8,49,1,8,MAKE AND MODEL REDACTED,1,E01009200,0,1
2024421413631,2024,421413631,2,2,0,-1,5,3,7,-1,0,8,5,0,0,0,3,1,-1,6,1,16,4,49,1,8,MAKE AND MODEL REDACTED,6,E01021971,0,1
2024361403984,2024,361403984,1,2,0,-1,19,2,6,-1,0,0,1,0,0,0,1,1,-1,7,1,16,4,49,1,9,MAKE AND MODEL REDACTED,9,E01026570,0,1
2024221498692,2024,221498692,1,2,0,-1,4,4,8,-1,0,0,0,0,0,0,1,1,-1,7,1,16,4,49,1,11,MAKE AND MODEL REDACTED,2,E01014074,0,1
2024010504898,2024,010504898,2,9,0,18,19,9,9,99,99,9,9,99,9,99,1,9,6,6,3,25,5,5204,1,4,MAKE AND MODEL REDACTED,6,E01032780,0,2
2024052401249,2024,052401249,4,9,0,18,19,5,1,0,0,0,0,0,0,0,2,1,6,6,1,56,9,5204,1,7,MAKE AND MODEL REDACTED,5,E01006951,0,1
2024052402273,2024,052402273,1,9,0,18,19,5,1,0,0,0,0,0,0,0,1,1,6,6,1,53,8,3982,1,5,MAKE AND MODEL REDACTED,2,E01006439,0,2
2024221431632,2024,221431632,1,9,0,-1,3,8,4,-1,0,1,0,0,0,0,2,1,-1,6,1,43,7,-1,3,3,AUDI E-TRON,3,W01001408,0,4
2024010518659,2024,010518659,1,9,0,3,3,5,1,0,0,1,0,0,0,0,1,1,6,6,1,43,7,-1,3,4,AUDI E-TRON,5,E01035486,0,1
2024010528402,2024,010528402,1,9,0,99,99,9,9,99,99,9,9,99,9,99,9,9,6,6,2,65,9,-1,3,3,AUDI E-TRON,4,E01002780,0,1
2024211422889,2024,211422889,2,9,0,-1,19,6,2,-1,0,0,0,0,0,0,1,1,-1,2,1,46,8,-1,3,1,AUDI E-TRON,8,E01029417,0,1
2024010509386,2024,010509386,2,9,0,99,99,9,9,99,99,9,9,99,9,99,9,9,6,6,3,-1,-1,-1,3,4,AUDI E-TRON,-1,-1,0,-1
2024221507538,2024,221507538,4,9,0,-1,13,2,6,-1,0,0,0,0,6,9,3,1,-1,6,2,48,8,-1,3,4,AUDI E-TRON,5,E01009802,0,2
2024522401154,2024,522401154,1,9,0,18,19,6,2,0,0,0,0,0,0,0,2,1,6,6,1,30,6,-1,3,2,AUDI E-TRON,3,E01022254,0,4
2024471485233,2024,471485233,1,9,0,-1,5,4,8,-1,0,2,0,0,3,10,1,1,-1,9,2,38,7,-1,3,1,AUDI E-TRON,4,E01020921,0,1
2024451455766,2024,451455766,2,9,0,-1,19,7,3,-1,0,0,0,0,0,0,1,1,-1,9,1,54,8,-1,3,5,AUDI E-TRON,10,E01030606,0,2
2024131407813,2024,131407813,2,9,0,-1,19,1,5,-1,0,0,1,0,0,0,3,1,-1,2,2,44,7,-1,3,3,AUDI E-TRON,9,E01011711,0,1
2024531502515,2024,531502515,2,9,0,-1,5,7,3,-1,0,0,0,0,0,0,2,1,-1,1,1,57,9,-1,3,1,AUDI E-TRON,6,E01014032,0,4
2024010526319,2024,010526319,2,9,0,99,99,9,9,99,99,9,9,99,9,99,1,9,6,6,3,32,6,-1,3,1,AUDI E-TRON,2,E01001437,0,2
2024421432466,2024,421432466,1,9,0,-1,19,2,6,-1,0,0,0,0,0,0,1,9,-1,9,2,46,8,-1,3,4,AUDI E-TRON,5,E01021907,0,4
2024351479520,2024,351479520,1,9,0,-1,5,7,3,-1,9,6,0,0,0,0,1,1,-1,6,1,48,8,-1,3,3,AUDI E-TRON,9,E01018252,0,1
2024010526269,2024,010526269,1,9,0,9,9,5,2,0,0,1,0,0,0,0,1,1,2,2,1,27,6,-1,3,1,AUDI E-TRON,6,E01004475,0,1
2024010531583,2024,010531583,1,9,0,18,19,7,3,0,0,1,0,0,0,0,4,1,2,2,1,50,8,-1,3,3,AUDI E-TRON,-1,-1,0,-1
2024211429019,2024,211429019,1,9,0,-1,4,3,7,-1,0,0,0,0,0,0,2,1,-1,6,2,32,6,-1,3,4,AUDI E-TRON,-1,-1,0,-1
2024010509490,2024,010509490,2,9,0,99,99,9,9,99,99,9,9,99,9,99,9,9,6,6,3,39,7,-1,3,4,AUDI E-TRON,9,E01024300,0,4
2024544803324,2024,544803324,1,9,0,18,19,6,2,0,0,0,0,0,0,0,4,1,6,6,3,-1,-1,-1,3,2,AUDI E-TRON,-1,-1,0,-1
2024070600867,2024,070600867,2,9,0,9,9,1,2,0,0,2,0,0,0,0,1,1,6,6,1,49,8,-1,3,0,AUDI E-TRON,8,E01018703,0,1
2024440358223,2024,440358223,2,9,0,18,19,4,8,0,0,8,0,0,0,0,4,1,6,6,1,42,7,-1,3,4,AUDI E-TRON,6,E01022486,0,3
2024622400581,2024,622400581,2,9,0,3,3,7,3,0,0,0,0,0,0,0,2,1,6,6,1,35,6,-1,3,3,AUDI E-TRON,10,W01001948,0,2
2024991453444,2024,991453444,1,9,0,-1,19,8,4,-1,0,1,0,0,0,0,1,1,-1,6,1,39,7,-1,3,4,AUDI E-TRON,8,-1,0,3
2024451499295,2024,451499295,1,9,0,-1,9,5,7,-1,0,0,0,0,0,0,1,1,-1,9,1,45,7,-1,3,2,AUDI E-TRON,9,E01030421,0,1
2024010542505,2024,010542505,1,8,0,99,99,9,9,99,99,0,9,99,9,99,9,9,1,1,1,39,7,-1,3,3,AUDI E-TRON,3,E01004295,0,1
2024101449576,2024,101449576,2,9,0,-1,5,1,5,-1,0,8,0,0,0,0,1,1,-1,1,1,58,9,-1,3,3,AUDI E-TRON,7,E01027473,0,3
2024010543477,2024,010543477,1,9,0,99,99,9,9,99,99,9,9,99,9,99,2,9,6,6,1,34,6,-1,3,5,AUDI E-TRON,2,E01001528,0,1
2024010524734,2024,010524734,1,9,0,9,9,1,6,0,0,8,0,0,0,0,3,1,6,6,2,42,7,-1,3,5,AUDI E-TRON,-1,-1,0,-1
2024411474377,2024,411474377,2,9,0,-1,11,8,3,-1,0,3,0,0,0,0,1,1,-1,6,2,44,7,-1,3,1,AUDI E-TRON,10,E01023841,0,1
2024311491950,2024,311491950,2,9,0,-1,19,8,2,-1,0,4,0,0,0,0,1,1,-1,6,3,45,7,-1,3,2,AUDI E-TRON,-1,-1,0,-1
2024451465407,2024,451465407,4,9,0,-1,19,6,2,-1,0,0,0,0,0,0,2,1,-1,9,1,44,7,-1,3,3,AUDI E-TRON,9,E01023111,0,3
2024161513693,2024,161513693,1,9,0,-1,3,7,3,-1,0,0,0,0,0,0,0,1,-1,7,2,52,8,-1,3,2,AUDI E-TRON,10,E01013088,0,1
2024461484860,2024,461484860,2,9,0,-1,19,7,3,-1,0,0,0,0,0,0,4,1,-1,6,2,41,7,-1,3,4,AUDI E-TRON,7,E01035277,0,4
2024421470427,2024,421470427,2,9,0,-1,3,1,5,-1,0,0,0,0,0,0,2,1,-1,9,1,44,7,-1,3,1,AUDI E-TRON,7,E01034440,0,4
2024071065145,2024,071065145,2,9,0,-1,4,2,6,-1,0,8,0,0,0,0,4,1,-1,6,1,39,7,-1,3,4,AUDI E-TRON,-1,-1,0,-1
2024010542249,2024,010542249,1,9,0,3,3,9,9,99,99,9,9,99,9,99,2,9,1,1,1,35,6,-1,3,2,AUDI E-TRON,8,E01034802,0,5
2024201512420,2024,201512420,1,9,0,-1,19,7,3,-1,0,0,0,0,0,0,1,1,-1,9,1,31,6,-1,3,2,AUDI E-TRON,1,E01009507,0,2
2024471416027,2024,471416027,5,9,0,-1,19,7,3,-1,0,0,1,0,0,0,1,1,-1,9,2,47,8,-1,3,5,AUDI E-TRON,5,E01035486,0,4
2024461533849,2024,461533849,1,9,0,-1,4,3,1,-1,0,0,0,0,0,0,3,9,-1,9,1,37,7,-1,3,2,AUDI E-TRON,8,E01016060,0,1
2024061536294,2024,061536294,2,9,0,-1,2,0,0,-1,0,0,0,0,0,0,0,1,-1,6,-1,-1,-1,-1,3,2,AUDI E-TRON,-1,-1,0,-1
2024522402220,2024,522402220,1,9,0,9,9,7,5,0,0,6,0,0,0,0,1,1,6,6,1,40,7,-1,3,2,AUDI E-TRON,7,E01014577,0,1
2024421483363,2024,421483363,1,9,0,-1,19,5,1,-1,0,0,0,0,0,0,1,1,-1,6,1,32,6,-1,3,4,AUDI E-TRON,2,E01001437,0,3
2024071022964,2024,071022964,2,9,0,-1,4,2,6,-1,0,0,0,0,0,0,2,1,-1,9,1,59,9,-1,3,1,AUDI E-TRON,6,E01029778,0,4
2024211494667,2024,211494667,1,9,0,-1,7,3,5,-1,0,0,0,0,0,0,3,1,-1,6,2,31,6,-1,3,3,AUDI E-TRON,10,E01029513,0,1
2024052402136,2024,052402136,2,9,0,18,19,1,5,0,0,0,0,0,0,0,2,1,6,6,1,43,7,-1,3,3,AUDI E-TRON,10,E01007187,0,2
2024010520432,2024,010520432,1,9,0,18,19,3,7,0,0,1,0,0,7,11,1,1,6,6,1,29,6,-1,3,2,AUDI E-TRON,8,E01000649,0,1
2024010540401,2024,010540401,2,9,9,99,99,9,9,99,99,9,9,99,9,99,9,9,6,6,3,-1,-1,-1,3,2,AUDI E-TRON,-1,-1,0,-1
2024991428168,2024,991428168,1,9,0,-1,19,6,2,-1,0,0,0,0,1,0,1,1,-1,6,1,50,8,-1,3,4,AUDI E-TRON,2,-1,0,2
2024070499976,2024,070499976,1,9,0,7,7,1,3,0,0,6,0,0,0,0,3,1,2,2,2,-1,-1,-1,3,3,AUDI E-TRON,-1,-1,0,-1
2024070958769,2024,070958769,1,9,0,-1,11,6,2,-1,0,8,0,0,0,0,1,1,-1,6,3,-1,-1,-1,3,5,AUDI E-TRON,-1,-1,0,-1
2024231471534,2024,231471534,2,9,0,-1,4,2,6,-1,0,0,0,0,0,0,2,1,-1,9,2,48,8,-1,3,0,AUDI E-TRON,8,E01031285,0,2
2024052401118,2024,052401118,2,9,0,2,2,0,0,0,0,0,0,0,0,0,2,1,6,6,3,-1,-1,-1,3,1,AUDI E-TRON,-1,-1,0,-1
2024351429965,2024,351429965,1,9,-1,-1,-1,-1,-1,-1,-1,0,-1,-1,-1,0,-1,9,-1,6,1,38,7,-1,3,1,AUDI E-TRON,8,E01018117,0,1
2024161420091,2024,161420091,2,9,0,-1,4,7,3,-1,0,8,0,0,0,0,2,1,-1,2,2,29,6,-1,3,2,AUDI E-TRON,8,E01013011,0,1
2024131448764,2024,131448764,1,90,0,-1,19,1,5,-1,0,1,0,0,0,0,1,1,-1,6,1,32,6,976,1,0,MAKE AND MODEL REDACTED,1,E01010820,0,1
2024991436467,2024,991436467,2,5,0,-1,19,5,1,-1,0,1,0,0,7,0,1,1,-1,9,1,67,10,-1,-1,-1,MAKE AND MODEL REDACTED,9,E01027367,0,4
2024070407335,2024,070407335,1,9,0,18,19,3,7,0,0,8,0,7,3,11,1,1,6,6,1,44,7,6262,1,7,MAKE AND MODEL REDACTED,6,E01028899,0,3
2024461423807,2024,461423807,2,17,0,-1,9,4,3,-1,0,1,0,0,0,0,4,2,-1,1,1,18,4,4800,2,3,MAKE AND MODEL REDACTED,4,E01024032,0,3
2024520403270,2024,520403270,1,9,4,17,19,3,5,0,0,2,0,0,0,0,3,1,6,6,1,17,4,2495,2,35,LAND ROVER 90,5,E01029222,0,1
2024471485156,2024,471485156,2,9,4,-1,10,2,1,-1,0,1,0,0,0,0,4,1,-1,6,1,25,5,2495,2,40,LAND ROVER 90,8,E01021147,0,3
2024501477148,2024,501477148,2,9,0,-1,19,6,2,-1,0,8,0,0,0,0,4,1,-1,9,1,30,6,2494,2,37,LAND ROVER 90,8,E01018884,0,1
2024471398296,2024,471398296,1,9,0,-1,19,1,5,-1,0,0,1,0,0,0,1,1,-1,9,1,55,8,2494,2,35,LAND ROVER 90,7,E01021025,0,1
2024471406232,2024,471406232,1,9,0,-1,19,5,1,-1,0,0,5,0,1,10,1,2,-1,9,1,21,5,2495,2,35,LAND ROVER 90,8,E01031694,0,2
2024471485166,2024,471485166,2,9,0,-1,19,1,5,-1,0,1,0,0,0,0,1,1,-1,2,2,31,6,3500,1,39,LAND ROVER 90,5,E01021152,0,1
2024141395898,2024,141395898,1,9,0,-1,19,3,7,-1,0,0,0,7,0,0,1,9,-1,6,1,26,6,2495,2,35,LAND ROVER 90,4,E01011184,0,3
2024520402174,2024,520402174,2,9,0,18,19,3,7,0,0,0,0,0,0,0,1,1,6,6,1,72,10,2495,2,35,LAND ROVER 90,4,E01029342,0,1
2024401500415,2024,401500415,1,9,0,-1,19,3,7,-1,0,0,0,0,0,0,1,1,-1,9,1,63,9,2494,2,37,LAND ROVER 90,7,E01027219,0,4
2024461410695,2024,461410695,2,9,0,-1,19,7,3,-1,0,0,1,0,2,7,1,1,-1,6,1,21,5,2495,2,34,LAND ROVER 90,5,E01024556,0,3
2024520402180,2024,520402180,1,9,0,18,19,3,7,0,0,8,5,0,0,0,1,1,6,6,1,32,6,2494,2,36,LAND ROVER 90,8,E01029182,0,3
2024231493372,2024,231493372,1,9,0,-1,19,8,4,-1,0,8,0,0,0,0,4,1,-1,9,1,58,9,2494,2,36,LAND ROVER 90,7,E01031013,0,1
2024010515251,2024,010515251,1,9,0,4,4,1,5,0,0,1,0,0,0,0,2,2,6,6,1,54,8,1998,1,8,MAKE AND MODEL REDACTED,-1,-1,0,-1
2024522500017,2024,522500017,2,9,0,12,12,1,5,0,0,0,0,0,0,0,3,1,6,6,3,-1,-1,1198,1,7,NISSAN PULSAR,-1,-1,0,-1
2024421471628,2024,421471628,1,9,-1,-1,19,5,1,-1,0,0,0,0,0,0,3,9,-1,6,2,-1,-1,1198,1,8,NISSAN PULSAR,-1,-1,0,-1
202417M118824,2024,17M118824,1,9,0,-1,3,5,1,-1,0,1,0,0,0,0,2,1,-1,9,2,49,8,1461,2,9,NISSAN PULSAR,5,E01012046,0,1
2024361423937,2024,361423937,1,9,0,-1,19,1,5,-1,0,1,0,0,0,0,1,1,-1,6,1,95,11,1198,1,7,NISSAN PULSAR,5,E01026751,0,4
2024461400807,2024,461400807,2,9,0,-1,9,7,3,-1,0,8,0,0,0,0,3,1,-1,9,1,52,8,1198,1,9,NISSAN PULSAR,5,E01024342,0,1
2024101456092,2024,101456092,2,9,0,-1,19,6,2,-1,0,8,0,0,0,0,4,1,-1,6,2,20,4,1461,2,9,NISSAN PULSAR,3,E01008594,0,1
2024052400681,2024,052400681,1,9,0,18,19,8,4,0,0,2,0,0,0,0,3,1,2,2,1,40,7,1461,2,8,NISSAN PULSAR,2,E01032510,0,1
2024131483799,2024,131483799,1,9,0,-1,7,7,3,-1,0,8,0,0,0,0,3,1,-1,6,1,72,10,1198,1,7,NISSAN PULSAR,9,E01011567,0,1
2024231447587,2024,231447587,2,9,0,-1,9,6,4,-1,0,8,0,0,0,0,1,1,-1,6,1,43,7,1198,1,9,NISSAN PULSAR,6,E01031091,0,1
2024501448610,2024,501448610,1,9,0,-1,19,3,7,-1,0,0,0,0,2,7,1,1,-1,9,1,34,6,1461,2,8,NISSAN PULSAR,4,E01019032,0,4
2024451416575,2024,451416575,1,9,0,-1,19,5,1,-1,0,1,0,0,0,0,3,1,-1,9,1,65,9,1198,1,7,NISSAN PULSAR,9,E01033717,0,5
2024461521454,2024,461521454,1,9,0,-1,19,3,7,-1,0,0,0,0,0,0,1,9,-1,6,2,77,11,1198,1,8,NISSAN PULSAR,2,E01016102,0,1
2024161492951,2024,161492951,2,9,0,-1,5,1,5,-1,0,1,0,0,0,0,1,9,-1,6,1,40,7,1461,2,8,NISSAN PULSAR,2,E01013130,0,1
2024421528138,2024,421528138,2,9,0,-1,19,3,7,-1,0,0,0,0,0,0,2,1,-1,2,1,67,10,1461,2,9,NISSAN PULSAR,8,E01021887,0,2
2024622400564,2024,622400564,1,9,0,18,19,4,8,0,0,0,5,4,7,0,1,1,6,6,1,61,9,1461,2,8,NISSAN PULSAR,4,W01001220,0,1
2024351519180,2024,351519180,1,9,0,-1,19,3,7,-1,0,0,0,0,0,0,1,1,-1,9,2,65,9,1198,1,6,NISSAN PULSAR,8,E01034430,0,4
2024320747741,2024,320747741,1,9,0,-1,-1,8,4,0,0,4,0,0,0,0,1,1,-1,-1,2,65,9,1461,2,8,NISSAN PULSAR,8,E01026262,0,1
2024041512901,2024,041512901,1,9,0,-1,9,4,8,-1,0,8,0,0,0,0,3,1,-1,9,1,38,7,1618,1,8,NISSAN PULSAR,1,E01012586,0,1
2024421437988,2024,421437988,1,9,0,-1,9,1,7,-1,0,0,0,0,0,0,1,1,-1,9,1,18,4,1198,1,8,NISSAN PULSAR,4,E01015930,0,1
2024070887337,2024,070887337,1,9,0,-1,19,5,1,-1,0,6,0,0,0,0,1,1,-1,2,1,47,8,1198,1,7,NISSAN PULSAR,7,E01018331,0,1
2024542839924,2024,542839924,2,9,0,18,19,5,1,0,0,1,0,0,0,0,1,1,3,7,2,30,6,1198,1,8,NISSAN PULSAR,6,E01023022,0,3
2024311523537,2024,311523537,1,9,0,-1,5,1,1,-1,0,0,0,0,0,0,1,1,-1,9,1,28,6,1198,1,9,NISSAN PULSAR,-1,-1,0,-1
2024010534003,2024,010534003,3,9,0,2,2,0,0,0,0,1,0,0,0,0,1,1,6,6,3,-1,-1,1198,1,9,NISSAN PULSAR,-1,-1,0,-1
2024361418583,2024,361418583,1,9,0,-1,15,7,3,-1,0,0,0,0,0,0,4,9,-1,9,1,73,10,1198,1,7,NISSAN PULSAR,4,E01026741,0,4
2024991424212,2024,991424212,2,9,0,-1,19,2,6,-1,0,1,0,0,0,0,4,9,-1,6,1,87,11,1198,1,6,NISSAN PULSAR,10,-1,0,1
2024061510604,2024,061510604,2,9,0,-1,19,5,1,-1,0,8,0,0,0,0,1,1,-1,9,1,44,7,1198,1,9,NISSAN PULSAR,-1,-1,0,-1
2024010550654,2024,010550654,2,9,0,9,9,3,1,0,0,6,0,0,0,0,3,1,6,6,2,40,7,1461,2,8,NISSAN PULSAR,2,E01002615,0,1
2024501478954,2024,501478954,1,9,0,-1,7,8,4,-1,0,5,0,0,0,0,4,1,-1,9,1,59,9,1198,1,8,NISSAN PULSAR,8,E01020009,0,1
2024041433238,2024,041433238,1,9,0,-1,19,1,5,-1,0,0,0,0,0,0,4,1,-1,2,2,50,8,1198,1,8,NISSAN PULSAR,10,E01025403,0,1
2024520403259,2024,520403259,1,9,0,4,4,2,8,0,0,1,0,0,0,0,2,1,6,6,2,33,6,1461,2,6,NISSAN PULSAR,5,E01035132,0,1
2024141465554,2024,141465554,1,9,0,-1,5,4,8,-1,0,2,0,0,3,11,1,1,-1,9,2,43,7,1198,1,9,NISSAN PULSAR,2,E01007457,0,1
2024221449213,2024,221449213,2,9,0,-1,19,4,8,-1,0,0,1,0,7,4,1,1,-1,6,1,76,11,1461,2,8,NISSAN PULSAR,5,E01024917,0,5
2024471437294,2024,471437294,2,9,0,-1,19,8,4,-1,0,0,0,0,0,0,1,1,-1,6,1,67,10,1461,2,9,NISSAN PULSAR,4,E01031572,0,2
2024111448829,2024,111448829,1,9,0,-1,7,3,7,-1,0,5,0,0,0,0,2,1,-1,6,2,71,10,1198,1,7,NISSAN PULSAR,3,E01012340,0,1
2024421518906,2024,421518906,2,9,0,-1,3,7,3,-1,0,0,0,0,0,0,2,1,-1,6,2,26,6,1461,2,8,NISSAN PULSAR,5,E01015928,0,1
2024991436385,2024,991436385,1,9,0,-1,19,3,7,-1,0,0,0,0,0,0,1,1,-1,9,2,29,6,1461,2,7,NISSAN PULSAR,1,-1,0,2
2024351420977,2024,351420977,3,9,0,-1,19,4,8,-1,0,0,1,0,0,0,3,1,-1,6,1,31,6,1198,1,7,NISSAN PULSAR,1,E01015603,0,1
2024610028724,2024,610028724,3,9,0,18,19,3,7,0,0,0,1,0,0,0,2,1,6,6,1,68,10,1461,2,7,NISSAN PULSAR,6,W01001977,0,3
2024302400529,2024,302400529,2,9,0,9,9,5,3,0,0,8,5,0,0,0,1,1,6,6,1,79,11,1198,1,9,NISSAN PULSAR,1,E01013591,0,1
2024451439492,2024,451439492,1,9,0,-1,19,7,3,-1,0,1,0,0,7,0,4,1,-1,9,1,54,8,1198,1,7,NISSAN PULSAR,7,E01030423,0,2
2024010498288,2024,010498288,2,9,0,3,3,1,5,0,0,1,0,0,0,0,1,1,6,6,2,33,6,1198,1,8,NISSAN PULSAR,5,E01000360,0,3
2024010512606,2024,010512606,2,9,0,99,99,9,9,99,99,9,9,99,9,99,9,9,6,6,3,-1,-1,1198,1,7,NISSAN PULSAR,-1,-1,0,-1
2024010504710,2024,010504710,2,9,0,7,7,5,8,2,2,5,0,0,0,0,1,1,6,6,2,35,6,1198,1,8,NISSAN PULSAR,6,E01033589,0,1
2024131499996,2024,131499996,1,9,0,-1,19,7,3,-1,0,8,0,0,0,0,1,1,-1,6,1,36,7,1461,2,9,NISSAN PULSAR,7,E01011630,0,1
2024201456329,2024,201456329,2,9,0,-1,19,4,8,-1,0,8,0,0,0,0,4,9,-1,6,1,33,6,1198,1,8,NISSAN PULSAR,4,E01010008,0,1
2024010517319,2024,010517319,1,9,0,99,99,9,9,99,99,5,9,99,9,99,3,9,6,6,2,56,9,1198,1,8,NISSAN PULSAR,10,E01004106,0,1
2024501505969,2024,501505969,2,9,0,-1,3,3,7,-1,0,0,0,0,0,0,0,1,-1,6,1,44,7,1461,2,9,NISSAN PULSAR,1,E01015152,0,1
2024622400610,2024,622400610,1,9,0,18,19,6,2,0,0,0,0,0,1,0,1,1,6,6,2,47,8,1618,1,8,NISSAN PULSAR,3,W01001043,0,1
2024052400260,2024,052400260,2,9,0,18,19,4,8,0,0,8,0,0,0,0,3,1,3,7,2,52,8,1198,1,9,NISSAN PULSAR,2,E01006496,0,1
2024052400320,2024,052400320,1,9,0,5,5,5,1,0,0,6,0,0,0,0,4,1,6,6,1,55,8,1198,1,6,NISSAN PULSAR,1,E01006844,0,1
2024351541885,2024,351541885,1,9,0,-1,5,5,7,-1,0,3,0,0,0,0,3,1,-1,2,2,33,6,1198,1,6,NISSAN PULSAR,8,E01034566,0,4
2024010523045,2024,010523045,1,9,0,9,9,5,3,0,0,6,0,0,0,0,4,1,6,6,1,49,8,1198,1,8,NISSAN PULSAR,2,E01004420,0,3
2024041442796,2024,041442796,2,9,0,-1,19,5,1,-1,0,0,0,0,0,0,2,1,-1,9,1,71,10,1461,2,8,NISSAN PULSAR,9,E01005333,0,4
2024101472442,2024,101472442,2,9,0,-1,19,3,7,-1,0,0,1,10,5,6,4,1,-1,9,2,33,6,1198,1,8,NISSAN PULSAR,5,E01008622,0,4
2024201529470,2024,201529470,1,9,0,-1,9,4,1,-1,0,5,0,0,0,0,1,1,-1,6,1,70,10,1461,2,8,NISSAN PULSAR,-1,-1,0,-1