collision_index,collision_year,collision_ref_no,vehicle_reference,vehicle_type,towing_and_articulation,vehicle_manoeuvre_historic,vehicle_manoeuvre,vehicle_direction_from,vehicle_direction_to,vehicle_location_restricted_lane_historic,vehicle_location_restricted_lane,junction_location,skidding_and_overturning,hit_object_in_carriageway,vehicle_leaving_carriageway,hit_object_off_carriageway,first_point_of_impact,vehicle_left_hand_drive,journey_purpose_of_driver_historic,journey_purpose_of_driver,sex_of_driver,age_of_driver,age_band_of_driver,engine_capacity_cc,propulsion_code,age_of_vehicle,generic_make_model,driver_imd_decile,lsoa_of_driver,escooter_flag,driver_distance_banding
2024061475927,2024,061475927,1,8,0,-1,9,-1,-1,-1,0,0,0,0,0,0,4,1,-1,1,1,48,8,1198,1,6,NISSAN PULSAR,1,E01005198,0,1
2024421424215,2024,421424215,2,9,0,-1,4,7,3,-1,0,0,0,0,0,0,2,9,-1,9,1,19,4,1198,1,9,NISSAN PULSAR,5,E01033921,0,4
2024041462401,2024,041462401,1,9,0,-1,1,-1,-1,-1,9,0,0,0,0,0,2,9,-1,1,1,40,7,1461,2,7,NISSAN PULSAR,4,E01025526,0,1
2024010528490,2024,010528490,1,9,0,18,19,5,1,9,9,8,0,0,2,2,1,1,6,6,1,20,4,1198,1,8,NISSAN PULSAR,4,E01002594,0,1
2024991485872,2024,991485872,1,9,0,-1,19,6,2,-1,0,0,1,10,2,2,4,1,-1,6,1,28,6,1994,2,20,MAKE AND MODEL REDACTED,3,-1,0,1
2024141411614,2024,141411614,1,3,0,-1,19,1,5,-1,0,0,0,0,0,0,1,1,-1,6,1,-1,-1,124,1,10,MAKE AND MODEL REDACTED,-1,-1,0,-1
2024610049024,2024,610049024,2,11,0,18,19,7,3,0,0,0,0,0,0,0,3,1,6,6,2,33,6,4500,2,0,MAKE AND MODEL REDACTED,2,W01001441,0,3
2024061505606,2024,061505606,2,11,0,-1,19,3,7,-1,0,0,0,0,0,0,1,1,-1,1,1,28,6,4500,2,0,MAKE AND MODEL REDACTED,5,E01005347,0,2
2024451509677,2024,451509677,2,9,0,-1,19,3,7,-1,-1,0,0,0,0,0,2,1,-1,9,1,69,10,2997,1,49,MAKE AND MODEL REDACTED,5,E01003547,0,4
2024421460795,2024,421460795,4,90,0,-1,19,2,6,-1,0,0,0,0,1,0,0,2,-1,9,2,47,8,1600,1,58,VOLKSWAGEN MODEL MISSING,3,E01022049,0,4
2024201472622,2024,201472622,2,9,0,-1,19,1,6,-1,0,8,0,0,0,0,4,1,-1,2,1,40,7,1984,1,17,VOLKSWAGEN MODEL MISSING,2,E01010093,0,1
2024221529067,2024,221529067,2,90,0,-1,3,3,7,-1,0,0,0,0,0,0,2,1,-1,6,1,56,9,1896,2,18,VOLKSWAGEN MODEL MISSING,8,E01032334,0,2
2024622400394,2024,622400394,2,19,0,18,19,1,5,0,0,0,0,0,0,0,2,1,6,6,1,42,7,1584,1,-1,VOLKSWAGEN MODEL MISSING,6,W01000560,0,4
2024010524796,2024,010524796,2,19,0,2,2,0,0,0,0,1,0,0,0,0,3,1,6,6,3,-1,-1,1584,1,43,VOLKSWAGEN MODEL MISSING,-1,-1,0,-1
2024010518669,2024,010518669,2,9,0,5,5,5,1,0,0,4,0,0,0,0,1,1,6,6,1,47,8,1380,1,13,VOLKSWAGEN MODEL MISSING,-1,-1,0,-1
2024461459199,2024,461459199,2,10,0,-1,2,1,3,-1,0,0,0,0,0,0,2,1,-1,6,1,-1,-1,1968,2,13,VOLKSWAGEN MODEL MISSING,3,E01002777,0,4
2024440543417,2024,440543417,2,9,0,5,5,1,5,0,0,1,0,0,0,0,1,1,6,6,1,84,11,1380,1,13,VOLKSWAGEN MODEL MISSING,5,E01023110,0,4
2024221464213,2024,221464213,1,19,0,-1,19,7,3,-1,0,0,0,0,1,4,1,2,-1,9,2,52,8,1600,1,54,VOLKSWAGEN MODEL MISSING,10,E01032367,0,4
2024201452880,2024,201452880,1,9,0,-1,19,3,7,-1,0,1,0,0,0,0,1,1,-1,6,1,40,7,1390,1,12,VOLKSWAGEN MODEL MISSING,-1,-1,0,-1
2024371514842,2024,371514842,1,9,0,-1,19,8,4,-1,0,1,0,0,0,0,1,1,-1,9,2,59,9,2000,1,1,VOLKSWAGEN MODEL MISSING,9,E01017603,0,4
2024201454348,2024,201454348,2,9,0,-1,19,8,6,-1,0,8,0,0,0,0,1,1,-1,6,2,43,7,1390,1,11,VOLKSWAGEN MODEL MISSING,-1,-1,0,-1
2024031422599,2024,031422599,1,9,0,-1,19,3,7,-1,0,0,0,0,1,0,1,1,-1,6,1,42,7,1968,2,17,VOLKSWAGEN MODEL MISSING,2,E01019265,0,4
2024371454277,2024,371454277,2,9,0,-1,9,1,3,-1,0,2,0,0,0,0,1,1,-1,9,2,28,6,1390,1,19,VOLKSWAGEN MODEL MISSING,7,E01029911,0,1
2024401396466,2024,401396466,1,9,0,-1,19,8,4,-1,0,0,1,0,1,9,1,1,-1,2,2,25,5,1896,2,22,VOLKSWAGEN MODEL MISSING,3,E01016725,0,3
2024991437983,2024,991437983,1,9,0,-1,19,3,6,-1,0,0,1,0,7,0,1,1,-1,6,1,21,5,1896,2,21,VOLKSWAGEN MODEL MISSING,3,-1,0,4
2024451487428,2024,451487428,2,9,0,-1,19,4,8,-1,0,0,0,0,0,0,1,1,-1,6,1,33,6,2967,2,18,VOLKSWAGEN MODEL MISSING,-1,-1,0,-1
2024031483432,2024,031483432,2,9,0,-1,19,3,7,-1,0,1,0,0,0,0,1,1,-1,9,1,43,7,1984,1,18,VOLKSWAGEN MODEL MISSING,10,E01008069,0,5
2024201444814,2024,201444814,1,9,0,-1,19,3,7,-1,0,0,0,0,0,0,1,1,-1,6,2,40,7,1389,1,15,VOLKSWAGEN MODEL MISSING,-1,-1,0,-1
2024361517524,2024,361517524,1,9,0,-1,19,2,5,-1,0,0,0,7,0,0,1,1,-1,1,1,40,7,1390,1,12,VOLKSWAGEN MODEL MISSING,1,E01026623,0,4
2024302401194,2024,302401194,2,90,0,18,19,7,3,0,0,8,0,0,0,0,1,1,6,6,1,38,7,1984,1,34,VOLKSWAGEN MODEL MISSING,2,E01026716,0,5
2024991525134,2024,991525134,2,9,0,-1,3,8,4,-1,0,4,0,0,0,0,2,1,-1,6,1,41,7,1380,1,13,VOLKSWAGEN MODEL MISSING,7,-1,0,4
2024461488799,2024,461488799,3,9,0,-1,19,3,7,-1,0,0,0,0,0,0,3,2,-1,9,1,51,8,1498,1,6,VOLKSWAGEN MODEL MISSING,9,E01001094,0,4
2024010500391,2024,010500391,2,9,0,99,99,9,9,99,99,0,9,99,9,99,1,9,6,6,3,-1,-1,1389,1,12,VOLKSWAGEN MODEL MISSING,-1,-1,0,-1
2024311419956,2024,311419956,1,9,0,-1,9,5,3,-1,0,6,0,0,0,0,4,1,-1,9,1,41,7,1595,1,17,VOLKSWAGEN MODEL MISSING,1,E01013839,0,2
2024421505252,2024,421505252,1,9,0,-1,9,1,3,-1,0,6,0,0,0,0,1,1,-1,9,1,63,9,1390,1,17,VOLKSWAGEN MODEL MISSING,5,E01015951,0,1
2024440141659,2024,440141659,1,9,0,1,1,1,5,0,0,0,0,4,1,10,2,1,6,6,2,81,11,1400,1,19,VOLKSWAGEN MODEL MISSING,-1,-1,0,-1
2024010520739,2024,010520739,1,9,0,7,7,5,8,0,0,5,0,0,0,0,4,1,6,6,1,61,9,1390,1,11,VOLKSWAGEN MODEL MISSING,7,E01001058,0,1
2024547214424,2024,547214424,1,90,0,13,13,3,7,0,0,0,5,0,1,4,4,1,6,6,1,73,10,1641,1,-1,VOLKSWAGEN MODEL MISSING,8,E01032074,0,4
2024451520876,2024,451520876,1,9,0,-1,19,7,3,-1,0,0,0,0,0,0,1,1,-1,9,1,38,7,1389,1,12,VOLKSWAGEN MODEL MISSING,6,E01002919,0,3
2024010502696,2024,010502696,2,9,0,99,99,9,9,99,99,9,9,99,9,99,9,9,6,6,3,-1,-1,999,1,4,VOLKSWAGEN T-ROC,9,E01000647,0,3
2024141420411,2024,141420411,2,9,0,-1,19,3,7,-1,0,1,0,0,0,0,3,9,-1,6,3,-1,-1,999,1,1,VOLKSWAGEN T-ROC,-1,-1,0,-1
2024991420824,2024,991420824,3,9,0,-1,3,5,1,-1,0,0,0,0,0,0,2,1,-1,6,1,47,8,1968,2,5,VOLKSWAGEN T-ROC,5,-1,0,4
2024461432863,2024,461432863,2,9,0,-1,19,1,5,-1,0,1,0,0,0,0,3,1,-1,9,2,67,10,1498,1,5,VOLKSWAGEN T-ROC,8,E01024762,0,1
2024131420137,2024,131420137,1,9,0,-1,9,5,3,-1,0,0,0,0,0,0,1,1,-1,6,2,23,5,999,1,6,VOLKSWAGEN T-ROC,3,E01010704,0,1
2024411518045,2024,411518045,1,9,-1,-1,-1,-1,-1,-1,-1,-1,-1,-1,-1,0,1,9,-1,6,1,-1,-1,1984,1,3,VOLKSWAGEN T-ROC,-1,-1,0,-1
2024231512558,2024,231512558,2,9,0,-1,19,5,1,-1,0,1,0,0,0,0,1,9,-1,6,2,25,5,999,1,5,VOLKSWAGEN T-ROC,9,E01009706,0,1
2024211514183,2024,211514183,2,9,0,-1,19,8,5,-1,0,8,0,0,0,0,3,1,-1,6,2,34,6,1498,1,3,VOLKSWAGEN T-ROC,-1,-1,0,-1
2024131528485,2024,131528485,1,9,0,-1,19,3,7,-1,0,2,0,0,0,0,3,1,-1,6,3,-1,-1,999,1,2,VOLKSWAGEN T-ROC,-1,-1,0,-1
2024361405861,2024,361405861,2,9,0,-1,19,7,3,-1,0,1,0,0,0,0,1,1,-1,9,2,51,8,1968,2,5,VOLKSWAGEN T-ROC,7,E01026427,0,2
202417L405924,2024,17L405924,1,9,0,-1,11,8,4,-1,0,3,0,0,0,0,4,1,-1,9,1,59,9,1498,1,2,VOLKSWAGEN T-ROC,5,E01027630,0,4
2024991460893,2024,991460893,1,9,0,-1,19,5,1,-1,0,0,0,0,0,0,1,1,-1,6,2,65,9,1498,1,3,VOLKSWAGEN T-ROC,6,-1,0,3
2024531506573,2024,531506573,2,9,0,-1,19,6,2,-1,0,0,0,0,0,0,4,1,-1,2,1,46,8,999,1,0,VOLKSWAGEN T-ROC,5,E01022334,0,3
2024231536711,2024,231536711,1,9,0,-1,19,6,2,-1,0,8,0,0,0,0,1,1,-1,6,1,35,6,1968,2,1,VOLKSWAGEN T-ROC,9,E01031180,0,1
2024201455989,2024,201455989,1,9,0,-1,19,3,7,-1,0,0,0,0,0,0,1,1,-1,6,-1,-1,-1,1498,1,3,VOLKSWAGEN T-ROC,-1,-1,0,-1
2024201511783,2024,201511783,1,9,0,-1,5,6,2,-1,0,1,0,0,0,0,3,1,-1,9,2,55,8,1498,1,4,VOLKSWAGEN T-ROC,-1,-1,0,-1
2024471448355,2024,471448355,1,9,0,-1,3,1,5,-1,0,0,0,0,0,0,2,1,-1,9,2,62,9,1498,1,2,VOLKSWAGEN T-ROC,3,E01016907,0,1
2024041478566,2024,041478566,1,9,0,-1,19,3,7,-1,0,0,0,0,0,0,4,1,-1,9,1,83,11,1498,1,5,VOLKSWAGEN T-ROC,1,E01024899,0,1
2024061525130,2024,061525130,1,9,0,-1,5,1,4,-1,0,0,0,0,0,0,1,1,-1,9,2,37,7,1498,1,1,VOLKSWAGEN T-ROC,8,E01032922,0,3
2024471482005,2024,471482005,3,9,0,-1,19,6,2,-1,0,0,0,0,0,0,1,1,-1,9,2,28,6,999,1,2,VOLKSWAGEN T-ROC,5,E01021139,0,4
202454F245824,2024,54F245824,2,9,0,4,4,1,5,0,0,4,0,0,0,0,2,1,6,6,1,49,8,999,1,0,VOLKSWAGEN T-ROC,9,E01034543,0,1
2024201534013,2024,201534013,1,9,0,-1,19,7,3,-1,0,6,0,0,0,0,1,1,-1,6,1,27,6,999,1,3,VOLKSWAGEN T-ROC,6,E01008968,0,1
2024010552763,2024,010552763,1,9,0,99,99,9,9,99,99,9,9,99,9,99,2,9,6,6,2,35,6,1498,1,0,VOLKSWAGEN T-ROC,3,E01003079,0,1
2024041475559,2024,041475559,1,9,0,-1,5,5,1,-1,0,0,0,0,0,0,1,1,-1,6,1,29,6,1598,2,5,VOLKSWAGEN T-ROC,6,E01025123,0,3
2024421484551,2024,421484551,1,9,0,-1,5,3,7,-1,0,0,0,0,0,0,3,1,-1,6,1,-1,-1,999,1,2,VOLKSWAGEN T-ROC,-1,-1,0,-1
2024421433465,2024,421433465,2,9,0,-1,19,1,5,-1,0,0,0,0,0,0,4,1,-1,6,2,63,9,1498,1,5,VOLKSWAGEN T-ROC,6,E01021414,0,2
2024361506268,2024,361506268,1,9,0,-1,19,4,8,-1,0,0,0,0,0,0,3,1,-1,9,2,44,7,1498,1,6,VOLKSWAGEN T-ROC,8,E01026849,0,1
2024411457093,2024,411457093,2,9,0,-1,19,5,1,-1,0,8,0,0,0,0,1,1,-1,6,2,61,9,1498,1,4,VOLKSWAGEN T-ROC,10,E01023697,0,2
2024461452762,2024,461452762,2,9,0,-1,4,2,4,-1,0,0,0,0,0,0,2,9,-1,1,2,55,8,1498,1,0,VOLKSWAGEN T-ROC,6,E01024589,0,3
2024991419089,2024,991419089,1,9,0,-1,19,6,2,-1,0,8,0,0,0,0,3,1,-1,9,1,23,5,1598,2,6,VOLKSWAGEN T-ROC,1,-1,0,3
2024421528935,2024,421528935,2,9,0,-1,19,5,2,-1,0,8,0,0,0,0,4,1,-1,9,1,32,6,1498,1,3,VOLKSWAGEN T-ROC,4,E01021776,0,1
2024471417374,2024,471417374,1,9,0,-1,13,4,8,-1,0,0,0,0,1,11,2,1,-1,1,2,53,8,1498,1,3,VOLKSWAGEN T-ROC,4,E01021096,0,2
2024301394344,2024,301394344,1,9,0,-1,-1,1,5,-1,-1,0,0,0,0,0,2,1,-1,-1,2,24,5,1968,2,3,VOLKSWAGEN T-ROC,2,E01028259,0,2
2024010505012,2024,010505012,2,9,0,99,99,9,9,99,99,9,9,99,9,99,9,9,6,6,3,-1,-1,1968,2,6,VOLKSWAGEN T-ROC,-1,-1,0,-1
2024211511355,2024,211511355,1,9,0,-1,1,5,1,-1,0,0,0,0,0,0,1,1,-1,6,1,-1,-1,1498,1,0,VOLKSWAGEN T-ROC,-1,-1,0,-1
2024440295792,2024,440295792,3,9,0,4,4,8,4,0,0,0,0,0,0,0,1,1,2,2,2,25,5,1498,1,6,VOLKSWAGEN T-ROC,9,E01022547,0,1
2024411435554,2024,411435554,1,9,0,-1,7,3,5,-1,0,0,0,0,0,0,4,9,-1,2,2,32,6,1498,1,1,VOLKSWAGEN T-ROC,10,E01023887,0,3
2024991437335,2024,991437335,1,9,0,-1,5,3,1,-1,0,6,0,0,0,0,3,1,-1,9,2,87,11,1498,1,0,VOLKSWAGEN T-ROC,9,-1,0,1
2024440520903,2024,440520903,3,9,0,18,19,5,1,0,0,0,0,0,0,0,0,1,6,6,2,-1,-1,1498,1,0,VOLKSWAGEN T-ROC,10,E01023213,0,2
2024101531393,2024,101531393,2,9,0,-1,3,1,5,-1,0,0,0,0,0,0,2,1,-1,6,2,27,6,999,1,3,VOLKSWAGEN T-ROC,6,E01027488,0,4
2024411452862,2024,411452862,1,9,0,-1,5,8,4,-1,0,0,0,0,0,0,1,1,-1,6,1,30,6,1498,1,1,VOLKSWAGEN T-ROC,2,E01002032,0,3
2024411404876,2024,411404876,1,9,0,-1,19,4,8,-1,0,0,0,0,0,0,3,9,-1,6,2,41,7,1498,1,3,VOLKSWAGEN T-ROC,5,E01023905,0,1
2024101453468,2024,101453468,1,9,0,-1,1,7,3,-1,0,0,0,4,0,0,2,1,-1,9,1,74,10,1498,1,1,VOLKSWAGEN T-ROC,4,E01008640,0,1
2024041517930,2024,041517930,1,9,0,-1,19,1,5,-1,0,1,0,0,0,0,1,1,-1,9,2,64,9,1498,1,4,VOLKSWAGEN T-ROC,1,E01012574,0,1
2024201397552,2024,201397552,2,9,0,-1,3,4,8,-1,0,0,0,0,0,0,2,1,-1,9,2,30,6,1498,1,1,VOLKSWAGEN T-ROC,1,E01009501,0,3
2024161502660,2024,161502660,2,9,0,-1,19,7,3,-1,0,8,0,0,0,0,4,1,-1,6,1,67,10,1498,1,1,VOLKSWAGEN T-ROC,1,E01013206,0,1
2024052400947,2024,052400947,1,9,0,12,12,7,3,0,0,0,0,0,4,1,1,1,6,6,2,62,9,1498,1,2,VOLKSWAGEN T-ROC,5,E01006488,0,1
2024471483860,2024,471483860,1,9,0,-1,3,7,3,-1,0,3,0,0,0,0,2,1,-1,9,1,27,6,999,1,6,VOLKSWAGEN T-ROC,6,E01031407,0,1
2024010538168,2024,010538168,2,9,0,4,4,5,1,0,0,1,0,4,0,0,1,1,1,1,1,35,6,999,1,0,VOLKSWAGEN T-ROC,4,E01003249,0,1
2024071063342,2024,071063342,1,9,0,-1,19,6,2,-1,0,0,1,0,1,7,1,1,-1,2,1,31,6,999,1,1,VOLKSWAGEN T-ROC,7,W01000283,0,2
2024131535490,2024,131535490,1,9,0,-1,19,8,4,-1,0,1,0,0,0,0,1,1,-1,6,2,29,6,1598,2,5,VOLKSWAGEN T-ROC,4,E01010878,0,3
2024010498815,2024,010498815,1,9,0,9,9,2,7,0,0,5,0,0,0,0,4,1,6,6,2,55,8,999,1,3,VOLKSWAGEN T-ROC,6,E01001829,0,1
2024361454673,2024,361454673,2,9,0,-1,3,0,0,-1,0,0,0,0,0,0,2,1,-1,9,1,27,6,1498,1,3,VOLKSWAGEN T-ROC,8,E01026921,0,2
2024010532346,2024,010532346,2,9,0,16,19,5,1,0,0,0,0,0,7,0,1,1,6,6,1,20,4,1984,1,3,VOLKSWAGEN T-ROC,9,E01003749,0,2
2024211431714,2024,211431714,1,9,0,-1,19,1,5,-1,0,0,0,0,0,0,3,1,-1,6,2,52,8,1498,1,5,VOLKSWAGEN T-ROC,-1,-1,0,-1
2024531479141,2024,531479141,2,9,0,-1,11,1,5,-1,0,0,1,0,2,7,1,1,-1,1,1,35,6,1968,2,2,VOLKSWAGEN T-ROC,8,E01029577,0,5
2024010542814,2024,010542814,1,9,0,9,9,3,1,0,0,1,0,0,0,0,1,1,2,2,1,40,7,1498,1,3,VOLKSWAGEN T-ROC,4,E01001234,0,1
2024332400174,2024,332400174,2,9,0,-1,2,0,0,-1,0,0,0,0,0,0,2,1,-1,6,3,-1,-1,1498,1,1,VOLKSWAGEN T-ROC,-1,-1,0,-1
2024471526868,2024,471526868,1,9,0,-1,7,1,3,-1,0,6,0,0,0,0,-1,1,-1,9,1,61,9,999,1,4,VOLKSWAGEN T-ROC,9,E01016980,0,1
2024010523956,2024,010523956,1,9,0,3,3,6,2,0,0,1,0,0,0,0,2,1,2,2,1,33,6,1498,1,5,VOLKSWAGEN T-ROC,3,E01003616,0,2
2024070692743,2024,070692743,1,9,0,-1,-1,8,6,0,0,0,0,0,0,0,1,1,6,6,1,68,10,1498,1,1,VOLKSWAGEN T-ROC,2,E01018685,0,1
2024451447339,2024,451447339,2,9,0,-1,4,7,3,-1,0,0,0,0,0,0,2,1,-1,9,1,72,10,1498,1,4,VOLKSWAGEN T-ROC,8,E01030582,0,4
2024991522137,2024,991522137,1,9,0,-1,5,8,4,-1,0,2,0,0,0,0,3,1,-1,6,2,64,9,1598,2,5,VOLKSWAGEN T-ROC,3,-1,0,3
2024631486611,2024,631486611,2,8,0,-1,19,5,1,-1,0,0,0,0,0,0,1,1,-1,6,1,57,9,1968,2,5,VOLKSWAGEN T-ROC,5,W01000576,0,2
2024010498832,2024,010498832,2,9,0,99,99,9,9,99,99,9,9,99,9,99,1,9,6,6,3,-1,-1,999,1,1,VOLKSWAGEN T-ROC,5,E01000792,0,1
2024430343173,2024,430343173,2,9,0,18,19,-1,-1,0,0,0,0,0,0,0,1,1,6,6,2,61,9,1984,1,4,VOLKSWAGEN T-ROC,10,E01028626,0,4
2024010543383,2024,010543383,2,9,0,99,99,9,9,99,99,9,9,99,9,99,1,9,6,6,3,-1,-1,999,1,4,VOLKSWAGEN T-ROC,-1,-1,0,-1
2024361397722,2024,361397722,2,9,0,-1,19,7,3,-1,0,0,0,11,0,0,1,1,-1,6,2,66,10,1498,1,4,VOLKSWAGEN T-ROC,4,E01026444,0,4
2024010522773,2024,010522773,1,9,0,99,99,9,9,99,99,9,9,99,9,99,2,9,6,6,2,30,6,1498,1,0,VOLKSWAGEN T-ROC,4,E01003480,0,1
2024302400645,2024,302400645,2,9,0,9,9,4,3,0,0,8,0,0,0,0,3,1,6,6,2,70,10,1498,1,1,VOLKSWAGEN T-ROC,9,E01013559,0,2
2024421517003,2024,421517003,3,9,0,-1,19,1,5,-1,0,8,0,0,0,0,3,1,-1,9,2,44,7,1498,1,2,VOLKSWAGEN T-ROC,8,E01021803,0,1
2024031403690,2024,031403690,2,9,0,-1,2,0,0,-1,0,0,0,0,0,0,2,1,-1,6,-1,-1,-1,999,1,5,VOLKSWAGEN T-ROC,-1,-1,0,-1
2024070488604,2024,070488604,2,9,0,4,4,2,6,0,0,0,0,0,0,0,2,1,6,6,2,33,6,1968,2,6,VOLKSWAGEN T-ROC,5,E01012544,0,1
2024070306199,2024,070306199,1,9,0,18,19,1,5,0,0,0,0,0,7,11,1,1,1,1,2,36,7,1498,1,3,VOLKSWAGEN T-ROC,9,E01018669,0,1
2024991448036,2024,991448036,1,9,0,-1,10,7,5,-1,0,1,0,0,0,0,2,1,-1,9,2,75,10,1498,1,3,VOLKSWAGEN T-ROC,-1,-1,0,-1
2024361447295,2024,361447295,1,9,0,-1,14,1,5,-1,0,1,0,0,0,0,4,1,-1,9,2,72,10,1498,1,5,VOLKSWAGEN T-ROC,8,E01026480,0,2
2024070537353,2024,070537353,1,9,0,18,19,5,1,0,0,0,0,0,0,0,1,1,6,6,1,33,6,999,1,2,VOLKSWAGEN T-ROC,3,E01005757,0,3
2024052401125,2024,052401125,2,9,0,18,19,6,2,0,0,1,0,0,1,1,1,1,6,6,1,24,5,999,1,0,VOLKSWAGEN T-ROC,1,E01006759,0,4
2024461412178,2024,461412178,1,9,0,-1,9,8,4,-1,0,8,0,0,0,0,1,1,-1,6,1,58,9,1498,1,2,VOLKSWAGEN T-ROC,3,E01035285,0,1
2024332401147,2024,332401147,1,9,0,-1,9,5,3,-1,0,6,0,0,1,7,1,1,-1,9,2,34,6,999,1,3,VOLKSWAGEN T-ROC,4,E01025843,0,1
2024302401363,2024,302401363,2,9,0,8,8,2,5,0,0,1,0,0,0,0,2,1,1,1,2,25,5,999,1,6,VOLKSWAGEN T-ROC,2,E01013815,0,4
2024201419810,2024,201419810,2,9,0,-1,9,3,7,-1,0,1,0,0,0,0,3,9,-1,6,1,58,9,999,1,1,VOLKSWAGEN T-ROC,1,E01009301,0,1
2024041531172,2024,041531172,2,9,0,-1,4,5,1,-1,0,1,0,4,0,0,2,1,-1,2,2,39,7,999,1,6,VOLKSWAGEN T-ROC,9,E01012569,0,4
2024351411884,2024,351411884,1,9,0,-1,9,7,3,-1,0,1,0,0,0,0,1,1,-1,1,2,26,6,999,1,6,VOLKSWAGEN T-ROC,7,E01018056,0,2
2024520402420,2024,520402420,3,9,0,18,19,4,8,0,0,1,0,0,0,0,1,1,6,6,2,30,6,999,1,3,VOLKSWAGEN T-ROC,7,E01029262,0,1
2024010495164,2024,010495164,2,9,0,18,19,1,5,0,0,0,1,0,2,7,1,1,6,6,2,47,8,1498,1,1,VOLKSWAGEN T-ROC,7,E01000259,0,1
2024430492147,2024,430492147,2,9,0,9,9,8,6,0,0,1,0,0,0,0,3,1,4,7,2,68,10,1498,1,2,VOLKSWAGEN T-ROC,9,E01028708,0,1
2024991482310,2024,991482310,2,9,0,-1,4,8,4,-1,0,0,0,0,0,0,2,1,-1,9,2,36,7,999,1,1,VOLKSWAGEN T-ROC,3,-1,0,2
2024031426465,2024,031426465,1,9,0,-1,19,5,8,-1,0,8,0,0,7,0,1,1,-1,9,1,33,6,1498,1,0,VOLKSWAGEN T-ROC,5,E01002237,0,5
2024991497824,2024,991497824,2,9,0,-1,19,3,7,-1,0,0,0,0,0,0,1,1,-1,9,2,25,5,1498,1,0,VOLKSWAGEN T-ROC,8,-1,0,3
2024122500065,2024,122500065,3,9,0,4,4,8,4,0,0,0,0,0,0,0,2,1,6,6,2,45,7,1498,1,3,VOLKSWAGEN T-ROC,10,E01027719,0,1
2024141509540,2024,141509540,1,9,0,-1,4,1,5,-1,0,0,0,0,0,0,2,1,-1,6,2,31,6,1598,2,4,VOLKSWAGEN T-ROC,6,E01007554,0,2
2024547121924,2024,547121924,1,9,0,18,19,8,4,0,0,1,0,0,0,0,3,1,6,6,1,72,10,1498,1,2,VOLKSWAGEN T-ROC,8,E01032059,0,2
2024070719936,2024,070719936,2,9,0,-1,3,7,3,-1,0,1,0,0,0,0,3,1,-1,9,2,42,7,1498,1,3,VOLKSWAGEN T-ROC,9,E01012488,0,1
2024461428622,2024,461428622,2,9,0,-1,19,1,4,-1,0,1,0,0,0,0,3,1,-1,6,2,59,9,1498,1,3,VOLKSWAGEN T-ROC,3,E01024099,0,2
2024131417421,2024,131417421,3,9,0,-1,2,0,0,-1,0,1,0,0,0,0,2,1,-1,6,-1,-1,-1,999,1,3,VOLKSWAGEN T-ROC,-1,-1,0,-1
2024430081794,2024,430081794,1,9,0,9,9,5,3,0,0,6,0,0,0,0,1,1,6,6,1,57,9,1984,1,4,VOLKSWAGEN T-ROC,10,E01017936,0,1
2024371484878,2024,371484878,2,9,0,-1,19,3,7,-1,0,8,0,0,0,0,1,1,-1,9,2,27,6,1498,1,0,VOLKSWAGEN T-ROC,3,E01029886,0,1
2024622400454,2024,622400454,3,9,0,3,3,6,2,0,0,0,0,0,0,0,2,1,6,6,2,28,6,999,1,1,VOLKSWAGEN T-ROC,4,E01027350,0,5
2024031534745,2024,031534745,1,9,0,-1,19,8,5,-1,0,1,0,10,1,4,1,1,-1,9,1,69,10,999,1,4,VOLKSWAGEN T-ROC,8,E01019279,0,1
2024231540887,2024,231540887,2,9,0,-1,19,6,2,-1,0,0,0,0,0,0,1,1,-1,6,1,49,8,1968,2,6,VOLKSWAGEN T-ROC,6,E01028479,0,4
2024501421993,2024,501421993,1,9,0,-1,19,7,3,-1,0,0,1,0,1,4,4,9,-1,1,2,25,5,999,1,6,VOLKSWAGEN T-ROC,9,E01019940,0,3
2024440128450,2024,440128450,2,9,0,5,5,2,6,0,0,6,0,0,0,0,1,1,6,6,2,55,8,1498,1,1,VOLKSWAGEN T-ROC,-1,-1,0,-1
2024010532395,2024,010532395,2,9,0,99,99,9,9,99,99,9,9,99,9,99,9,9,6,6,2,-1,-1,1968,2,5,VOLKSWAGEN T-ROC,10,E01000395,0,1
2024371411234,2024,371411234,1,9,0,-1,5,2,6,-1,0,0,0,0,0,0,3,1,-1,1,1,71,10,1498,1,5,VOLKSWAGEN T-ROC,5,E01033446,0,4
2024010525047,2024,010525047,1,9,0,99,99,9,9,99,99,9,9,99,9,99,1,9,6,6,3,51,8,1498,1,0,VOLKSWAGEN T-ROC,2,E01003044,0,1
2024991402330,2024,991402330,1,9,0,-1,8,4,7,-1,0,1,0,0,0,0,2,1,-1,9,2,25,5,999,1,6,VOLKSWAGEN T-ROC,-1,-1,0,-1
2024010525952,2024,010525952,2,9,0,3,3,5,1,0,0,5,0,0,0,0,2,9,6,6,1,-1,-1,1498,1,2,VOLKSWAGEN T-ROC,2,E01001110,0,2
2024201516496,2024,201516496,1,9,0,-1,5,7,3,-1,0,3,0,0,0,0,1,1,-1,9,2,29,6,1498,1,5,VOLKSWAGEN T-ROC,-1,-1,0,-1
2024070138430,2024,070138430,2,9,0,18,19,2,6,0,0,0,0,0,0,0,2,1,6,6,1,43,7,1498,1,1,VOLKSWAGEN T-ROC,10,E01018644,0,1
2024991499678,2024,991499678,1,9,0,-1,19,6,2,-1,0,0,0,0,0,0,4,1,-1,9,1,74,10,999,1,1,VOLKSWAGEN T-ROC,-1,-1,0,-1
2024201470462,2024,201470462,1,9,0,-1,19,2,6,-1,0,0,0,4,0,0,1,9,-1,9,2,39,7,999,1,1,VOLKSWAGEN T-ROC,1,E01009173,0,1
2024131426659,2024,131426659,1,9,0,-1,19,8,4,-1,0,2,0,0,0,0,4,1,-1,9,1,65,9,1498,1,1,VOLKSWAGEN T-ROC,6,E01010955,0,1