collision_index,collision_year,collision_ref_no,vehicle_reference,vehicle_type,towing_and_articulation,vehicle_manoeuvre_historic,vehicle_manoeuvre,vehicle_direction_from,vehicle_direction_to,vehicle_location_restricted_lane_historic,vehicle_location_restricted_lane,junction_location,skidding_and_overturning,hit_object_in_carriageway,vehicle_leaving_carriageway,hit_object_off_carriageway,first_point_of_impact,vehicle_left_hand_drive,journey_purpose_of_driver_historic,journey_purpose_of_driver,sex_of_driver,age_of_driver,age_band_of_driver,engine_capacity_cc,propulsion_code,age_of_vehicle,generic_make_model,driver_imd_decile,lsoa_of_driver,escooter_flag,driver_distance_banding
2024991450422,2024,991450422,1,9,0,-1,19,3,7,-1,0,0,0,0,0,0,1,1,-1,2,2,48,8,1498,1,2,VOLKSWAGEN T-ROC,10,-1,0,2
2024010516503,2024,010516503,2,9,0,18,19,1,5,0,0,4,0,0,0,0,0,2,6,6,3,24,5,1598,2,5,VOLKSWAGEN T-ROC,-1,-1,0,-1
2024061475230,2024,061475230,1,9,0,-1,11,7,3,-1,0,0,0,0,0,0,1,1,-1,9,2,30,6,1498,1,4,VOLKSWAGEN T-ROC,2,E01033300,0,4
2024131466652,2024,131466652,1,9,0,-1,19,1,1,-1,0,8,0,4,0,0,3,1,-1,6,2,66,10,1498,1,4,VOLKSWAGEN T-ROC,9,E01010875,0,1
2024401434613,2024,401434613,1,9,0,-1,19,2,5,-1,9,1,0,0,2,0,1,1,-1,6,1,33,6,1498,1,1,VOLKSWAGEN T-ROC,4,E01017522,0,1
2024522500342,2024,522500342,2,9,0,4,4,2,6,0,0,8,0,0,0,0,1,1,6,6,2,63,9,1498,1,1,VOLKSWAGEN T-ROC,8,W01001549,0,4
2024471399128,2024,471399128,1,9,0,-1,19,7,3,-1,0,6,0,0,0,0,3,1,-1,6,1,68,10,1498,1,4,VOLKSWAGEN T-ROC,8,E01031814,0,1
2024061504843,2024,061504843,2,9,0,-1,9,-1,-1,-1,0,1,0,99,0,0,4,1,-1,6,3,-1,-1,999,1,4,VOLKSWAGEN T-ROC,-1,-1,0,-1
2024421444782,2024,421444782,1,9,0,-1,19,8,4,-1,0,8,0,0,0,0,1,1,-1,9,2,34,6,1498,1,3,VOLKSWAGEN T-ROC,10,E01021746,0,1
2024101535395,2024,101535395,1,9,0,-1,9,5,2,-1,0,1,0,0,0,0,1,1,-1,9,2,80,11,999,1,3,VOLKSWAGEN T-ROC,8,E01027495,0,2
2024010510038,2024,010510038,2,9,0,3,3,1,5,0,0,1,1,0,0,0,2,1,6,6,1,27,6,1498,1,2,VOLKSWAGEN T-ROC,5,E01034481,0,2
2024221475069,2024,221475069,1,9,0,-1,13,3,7,-1,0,8,0,0,0,0,1,1,-1,1,2,23,5,999,1,0,VOLKSWAGEN T-ROC,5,E01014035,0,2
2024010511978,2024,010511978,1,9,0,18,19,1,5,0,0,0,0,0,0,0,1,1,2,2,1,44,7,1498,1,6,VOLKSWAGEN T-ROC,6,E01003003,0,3
2024552400870,2024,552400870,1,9,0,18,19,8,4,0,0,0,0,0,0,0,1,1,2,2,2,35,6,1968,2,2,VOLKSWAGEN T-ROC,10,E01020420,0,3
2024631523925,2024,631523925,2,9,0,-1,7,1,3,-1,0,5,0,0,0,0,4,1,-1,9,2,52,8,1498,1,0,VOLKSWAGEN T-ROC,6,W01000551,0,1
2024010541616,2024,010541616,2,9,0,99,99,9,9,99,99,9,9,99,9,99,2,9,6,6,1,28,6,1498,1,3,VOLKSWAGEN T-ROC,6,E01000459,0,1
2024010521216,2024,010521216,3,9,0,2,2,0,0,9,9,0,0,0,0,0,0,1,6,6,3,-1,-1,1498,1,2,VOLKSWAGEN T-ROC,-1,-1,0,-1
2024531504640,2024,531504640,1,9,0,-1,19,1,5,-1,0,1,0,0,0,0,1,1,-1,9,1,32,6,1498,1,3,VOLKSWAGEN T-ROC,6,E01022211,0,1
2024061470119,2024,061470119,2,9,0,-1,19,3,8,-1,0,1,0,0,0,0,2,1,-1,9,2,37,7,1498,1,6,VOLKSWAGEN T-ROC,1,E01005321,0,1
2024201410866,2024,201410866,1,9,0,-1,9,3,1,-1,0,6,0,0,0,0,1,9,-1,6,1,21,5,1498,1,2,VOLKSWAGEN T-ROC,8,E01010119,0,1
2024371465256,2024,371465256,2,9,0,-1,19,7,3,-1,0,0,0,0,0,0,2,1,-1,9,2,52,8,999,1,4,VOLKSWAGEN T-ROC,6,E01018051,0,4
2024501483547,2024,501483547,4,9,0,-1,15,3,7,-1,0,0,0,0,0,0,0,1,-1,6,2,35,6,999,1,6,VOLKSWAGEN T-ROC,1,E01009124,0,5
2024552401043,2024,552401043,2,9,0,18,19,5,1,0,0,8,0,0,1,11,1,1,6,6,1,54,8,1498,1,6,VOLKSWAGEN T-ROC,7,E01015330,0,1
2024161512136,2024,161512136,2,9,0,-1,19,7,3,-1,0,0,0,0,0,0,1,1,-1,6,2,70,10,1498,1,3,VOLKSWAGEN T-ROC,6,E01013253,0,2
2024311498213,2024,311498213,1,9,0,-1,5,5,1,-1,9,2,0,0,7,0,4,1,-1,9,2,65,9,999,1,0,VOLKSWAGEN T-ROC,3,E01028210,0,1
2024501534535,2024,501534535,1,9,0,-1,19,1,5,-1,0,0,0,0,1,11,1,1,-1,9,1,62,9,1498,1,1,VOLKSWAGEN T-ROC,7,E01010317,0,5
2024471517833,2024,471517833,1,9,0,-1,19,7,3,-1,0,0,0,0,0,0,3,1,-1,6,2,79,11,1498,1,0,VOLKSWAGEN T-ROC,8,E01031664,0,1
2024332400590,2024,332400590,2,9,0,-1,13,4,1,-1,0,8,0,0,0,0,1,1,-1,1,2,34,6,1498,1,4,VOLKSWAGEN T-ROC,10,E01025734,0,2
2024052400089,2024,052400089,2,9,0,3,3,8,4,0,0,0,0,0,0,0,2,1,6,6,2,44,7,1498,1,2,VOLKSWAGEN T-ROC,5,E01006670,0,1
2024371479515,2024,371479515,2,9,0,-1,19,7,3,-1,0,0,0,0,0,0,1,1,-1,9,2,36,7,999,1,4,VOLKSWAGEN T-ROC,4,E01029892,0,1
2024461449202,2024,461449202,3,9,0,-1,7,8,3,-1,0,0,0,0,1,0,0,1,-1,6,1,50,8,1498,1,3,VOLKSWAGEN T-ROC,6,E01021855,0,4
2024421426890,2024,421426890,1,9,0,-1,19,1,5,-1,0,0,0,0,0,0,1,1,-1,6,1,61,9,1968,2,5,VOLKSWAGEN T-ROC,7,E01026014,0,5
2024471440472,2024,471440472,1,9,0,-1,4,8,7,-1,0,1,0,0,0,0,3,1,-1,6,2,36,7,1498,1,1,VOLKSWAGEN T-ROC,3,E01031549,0,1
2024430318689,2024,430318689,2,9,0,18,19,7,3,0,0,2,0,0,1,0,1,1,6,6,2,61,9,999,1,1,VOLKSWAGEN T-ROC,8,E01016274,0,1
2024010512197,2024,010512197,1,9,0,4,4,5,1,0,0,0,0,0,0,0,1,1,6,6,2,55,8,1498,1,1,VOLKSWAGEN T-ROC,2,E01001076,0,1
2024421431448,2024,421431448,2,9,0,-1,19,1,5,-1,0,1,0,0,0,0,4,1,-1,1,1,54,8,1968,2,0,VOLKSWAGEN T-ROC,8,E01021914,0,3
2024141492664,2024,141492664,2,9,0,-1,19,1,5,-1,0,4,0,0,0,0,1,1,-1,6,1,42,7,1498,1,4,VOLKSWAGEN T-ROC,9,E01007710,0,1
2024471456821,2024,471456821,3,9,0,-1,19,3,6,-1,0,0,0,0,0,0,2,1,-1,9,2,53,8,999,1,0,VOLKSWAGEN T-ROC,6,E01020959,0,3
2024201394780,2024,201394780,1,9,0,-1,19,6,2,-1,0,0,0,0,0,0,1,1,-1,6,2,50,8,999,1,6,VOLKSWAGEN T-ROC,-1,-1,0,-1
2024201470257,2024,201470257,3,9,0,-1,4,8,4,-1,0,0,0,0,0,0,2,1,-1,6,2,34,6,999,1,4,VOLKSWAGEN T-ROC,1,E01009056,0,2
2024141505467,2024,141505467,1,9,0,-1,19,7,3,-1,0,0,1,0,2,4,1,1,-1,1,2,62,9,1498,1,3,VOLKSWAGEN T-ROC,3,E01007459,0,1
2024211435431,2024,211435431,1,9,0,-1,19,4,8,-1,0,0,0,12,0,0,1,1,-1,1,2,43,7,1498,1,4,VOLKSWAGEN T-ROC,10,E01029678,0,1
2024461510687,2024,461510687,2,9,0,-1,3,1,5,-1,0,4,0,0,0,0,2,1,-1,6,2,31,6,999,1,2,VOLKSWAGEN T-ROC,8,E01024058,0,1
2024361443763,2024,361443763,2,9,0,-1,4,1,5,-1,0,0,0,0,0,0,2,1,-1,6,2,55,8,1498,1,2,VOLKSWAGEN T-ROC,5,E01018067,0,1
2024010497482,2024,010497482,1,9,0,5,5,7,3,0,0,0,0,0,0,0,1,1,6,6,1,25,5,1498,1,3,VOLKSWAGEN T-ROC,7,E01000259,0,1
2024430331780,2024,430331780,1,9,0,18,19,4,8,0,0,0,0,0,0,0,4,1,1,1,2,56,9,1498,1,3,VOLKSWAGEN T-ROC,6,E01021022,0,4
2024201558233,2024,201558233,2,9,0,-1,3,7,3,-1,0,4,0,0,0,0,1,1,-1,1,1,73,10,1498,1,0,VOLKSWAGEN T-ROC,1,E01009047,0,1
2024430035351,2024,430035351,2,9,0,18,19,2,6,0,0,8,0,0,0,0,1,1,6,6,2,30,6,999,1,6,VOLKSWAGEN T-ROC,-1,-1,0,-1
2024010505510,2024,010505510,2,9,9,99,99,9,9,9,9,0,9,99,9,99,9,9,6,6,1,47,8,1498,1,1,VOLKSWAGEN T-ROC,2,E01003932,0,1
2024131470250,2024,131470250,1,9,0,-1,19,3,7,-1,0,8,0,0,0,0,1,1,-1,9,2,39,7,1598,2,5,VOLKSWAGEN T-ROC,6,E01010639,0,3
2024101397993,2024,101397993,1,9,0,-1,19,3,7,-1,0,1,0,0,1,11,4,1,-1,9,2,62,9,999,1,6,VOLKSWAGEN T-ROC,-1,-1,0,-1
2024211528282,2024,211528282,1,9,0,-1,19,1,5,-1,0,0,0,0,0,0,1,1,-1,6,1,63,9,1968,2,1,VOLKSWAGEN T-ROC,10,E01029507,0,1
2024351509888,2024,351509888,2,9,-1,-1,-1,-1,-1,-1,-1,-1,-1,-1,-1,0,-1,9,-1,6,1,22,5,1598,2,5,VOLKSWAGEN T-ROC,5,E01018059,0,2
2024141493324,2024,141493324,2,9,0,-1,19,5,1,-1,0,1,0,0,0,0,1,1,-1,2,2,29,6,1498,1,5,VOLKSWAGEN T-ROC,3,E01007513,0,2
2024622400853,2024,622400853,1,9,0,9,9,6,4,0,0,6,1,0,0,0,3,1,1,1,2,53,8,1498,1,5,VOLKSWAGEN T-ROC,3,W01001805,0,1
2024421473215,2024,421473215,2,9,0,-1,19,6,2,-1,0,0,0,0,0,0,2,1,-1,9,1,45,7,1498,1,0,VOLKSWAGEN T-ROC,4,E01021704,0,3
2024221419499,2024,221419499,2,9,0,-1,4,4,7,-1,0,1,0,0,0,0,2,9,-1,9,2,27,6,1498,1,2,VOLKSWAGEN T-ROC,1,E01014165,0,1
2024010518476,2024,010518476,4,9,0,18,19,1,5,0,0,8,0,0,0,0,1,2,6,6,2,26,6,1498,1,1,VOLKSWAGEN T-ROC,-1,-1,0,-1
2024131534200,2024,131534200,1,9,0,-1,9,8,6,-1,0,6,0,0,0,0,3,1,-1,9,2,28,6,1498,1,2,VOLKSWAGEN T-ROC,3,E01010825,0,1
2024430629215,2024,430629215,2,9,0,3,3,5,1,0,0,4,0,0,0,0,2,1,6,6,1,29,6,999,1,2,VOLKSWAGEN T-ROC,9,E01028785,0,1
2024471518636,2024,471518636,2,9,0,-1,19,3,8,-1,0,3,0,0,0,0,4,1,-1,6,1,40,7,1498,1,3,VOLKSWAGEN T-ROC,5,E01031410,0,1
2024471461676,2024,471461676,2,9,0,-1,19,1,5,-1,0,2,0,0,8,11,3,1,-1,6,1,68,10,1498,1,0,VOLKSWAGEN T-ROC,10,E01031702,0,1
2024010521807,2024,010521807,1,9,0,99,99,9,9,99,99,2,9,99,9,99,9,9,2,2,2,49,8,1498,1,1,VOLKSWAGEN T-ROC,3,E01003975,0,1
2024010508361,2024,010508361,1,9,0,1,1,3,7,0,0,6,0,0,0,0,2,1,6,6,1,55,8,1498,1,7,VOLKSWAGEN T-ROC,-1,-1,0,-1
2024010551728,2024,010551728,2,9,0,99,99,9,9,99,99,9,9,99,9,99,9,9,6,6,3,55,8,1498,1,4,VOLKSWAGEN T-ROC,5,E01002202,0,1
2024461402542,2024,461402542,1,9,0,-1,19,7,3,-1,0,0,0,0,1,4,1,1,-1,6,1,46,8,1498,1,1,VOLKSWAGEN T-ROC,10,E01003857,0,5
2024010528717,2024,010528717,1,9,0,7,7,3,5,0,0,1,0,0,1,0,1,1,6,6,1,28,6,1598,2,6,VOLKSWAGEN T-ROC,5,E01015723,0,4
2024451478519,2024,451478519,1,9,0,-1,7,3,7,-1,0,0,1,0,0,0,1,1,-1,6,1,17,4,1984,1,4,VOLKSWAGEN T-ROC,6,E01003755,0,4
2024070244285,2024,070244285,3,9,0,18,19,8,3,0,0,0,0,0,0,0,1,1,2,2,2,41,7,1968,2,1,VOLKSWAGEN T-ROC,8,E01018458,0,1
2024061522346,2024,061522346,1,9,0,-1,3,-1,-1,-1,0,0,0,0,0,0,2,1,-1,6,2,34,6,999,1,4,VOLKSWAGEN T-ROC,4,E01005840,0,1
2024991432832,2024,991432832,2,9,0,-1,2,0,0,-1,0,0,0,0,0,0,2,1,-1,6,-1,-1,-1,1968,2,5,VOLKSWAGEN T-ROC,-1,-1,0,-1
2024010526948,2024,010526948,1,9,0,9,9,3,2,0,0,1,0,0,0,0,1,1,6,6,2,55,8,999,1,3,VOLKSWAGEN T-ROC,9,E01003669,0,1
2024010517180,2024,010517180,2,9,9,99,99,9,9,99,99,9,9,99,9,99,9,9,6,6,1,61,9,1498,1,2,VOLKSWAGEN T-ROC,5,E01001611,0,1
2024332401196,2024,332401196,2,9,0,-1,11,8,4,-1,0,8,0,0,0,0,4,1,-1,6,3,-1,-1,1498,1,3,VOLKSWAGEN T-ROC,-1,-1,0,-1
2024430425844,2024,430425844,1,9,0,9,9,1,7,0,0,5,0,0,0,0,4,1,6,6,2,72,10,1498,1,1,VOLKSWAGEN T-ROC,9,E01030705,0,3
2024332400388,2024,332400388,2,9,0,-1,2,0,0,-1,0,0,0,0,1,10,1,1,-1,6,3,-1,-1,1598,2,6,VOLKSWAGEN T-ROC,-1,-1,0,-1
2024070833682,2024,070833682,1,9,0,-1,19,1,5,-1,0,-1,0,0,0,10,1,1,-1,9,1,18,4,1498,1,0,VOLKSWAGEN T-ROC,3,E01009956,0,4
2024991510601,2024,991510601,1,9,0,-1,19,6,4,-1,9,1,1,10,7,0,1,1,-1,6,2,75,10,1498,1,0,VOLKSWAGEN T-ROC,8,-1,0,1
2024440459204,2024,440459204,1,9,0,9,9,1,7,0,0,6,0,0,0,0,1,1,6,6,2,-1,-1,1498,1,0,VOLKSWAGEN T-ROC,-1,-1,0,-1
2024221474207,2024,221474207,1,9,0,-1,9,4,2,-1,0,6,0,0,0,0,1,9,-1,2,1,58,9,1498,1,3,VOLKSWAGEN T-ROC,9,E01032448,0,2
2024471523778,2024,471523778,1,9,0,-1,13,1,5,-1,0,0,0,0,0,0,3,1,-1,9,1,72,10,1984,1,4,VOLKSWAGEN T-ROC,7,E01030879,0,3
2024201426076,2024,201426076,1,9,0,-1,19,2,6,-1,0,0,0,0,0,0,1,1,-1,6,1,-1,-1,1984,1,1,VOLKSWAGEN T-ROC,-1,-1,0,-1
2024302500066,2024,302500066,1,9,0,-1,19,6,3,-1,0,8,0,0,0,0,1,1,-1,6,1,46,8,1598,2,5,VOLKSWAGEN T-ROC,4,E01013537,0,1
2024552401494,2024,552401494,1,9,0,18,19,3,7,1,1,0,1,0,0,0,1,1,6,6,2,62,9,999,1,6,VOLKSWAGEN T-ROC,10,E01020380,0,1
2024010541124,2024,010541124,1,9,0,1,1,5,1,0,0,0,0,0,0,0,2,1,2,2,1,45,7,1498,1,3,VOLKSWAGEN T-ROC,6,E01001951,0,1
2024451517202,2024,451517202,2,9,0,-1,19,3,7,-1,0,0,0,0,0,0,2,1,-1,9,2,50,8,999,1,6,VOLKSWAGEN T-ROC,10,E01032839,0,4
2024421527369,2024,421527369,1,9,0,-1,5,3,1,-1,0,6,0,0,0,0,3,1,-1,6,2,61,9,1984,1,4,VOLKSWAGEN T-ROC,8,E01015965,0,1
2024131513151,2024,131513151,4,9,0,-1,4,1,5,-1,0,0,0,0,0,0,2,1,-1,2,2,33,6,1498,1,1,VOLKSWAGEN T-ROC,4,E01010855,0,2
2024411536841,2024,411536841,2,9,-1,-1,-1,-1,-1,-1,-1,0,-1,-1,-1,0,1,9,-1,6,2,42,7,1498,1,1,VOLKSWAGEN T-ROC,8,E01034362,0,4
202460Q089558,2024,60Q089558,1,9,0,18,19,1,5,0,0,0,0,0,0,0,1,1,6,6,1,80,11,1498,1,6,VOLKSWAGEN T-ROC,-1,-1,0,-1
2024361480928,2024,361480928,2,9,0,-1,4,1,5,-1,0,2,0,0,0,0,2,1,-1,6,1,29,6,999,1,5,VOLKSWAGEN T-ROC,3,E01026719,0,4
2024010550280,2024,010550280,2,9,9,99,99,9,9,99,99,9,9,99,9,99,9,9,6,6,3,-1,-1,1498,1,4,VOLKSWAGEN T-ROC,10,E01003881,0,2
2024010526469,2024,010526469,3,9,0,9,9,5,2,0,0,8,0,0,0,0,1,1,6,6,3,-1,-1,1968,2,5,VOLKSWAGEN T-ROC,-1,-1,0,-1
2024201500027,2024,201500027,1,9,0,-1,14,6,2,-1,0,0,0,0,0,0,1,1,-1,9,1,18,4,999,1,6,VOLKSWAGEN T-ROC,-1,-1,0,-1
2024451506920,2024,451506920,2,9,0,-1,19,7,3,-1,0,0,0,0,0,0,0,1,-1,2,2,62,9,1498,1,0,VOLKSWAGEN T-ROC,8,E01023103,0,2
2024131402046,2024,131402046,2,9,0,-1,13,5,7,-1,0,0,0,0,0,0,1,1,-1,6,1,28,6,1498,1,2,VOLKSWAGEN T-ROC,2,E01011157,0,1
2024010511180,2024,010511180,1,9,0,99,99,9,9,99,99,0,9,99,9,99,1,9,6,6,3,-1,-1,1498,1,3,VOLKSWAGEN T-ROC,-1,-1,0,-1
2024231501206,2024,231501206,1,9,0,-1,5,7,3,-1,0,0,0,0,0,0,1,1,-1,1,1,70,10,1498,1,0,VOLKSWAGEN T-ROC,7,E01031320,0,1
2024440202829,2024,440202829,1,9,0,18,19,8,4,0,0,1,0,0,0,0,1,1,2,2,1,37,7,1498,1,6,VOLKSWAGEN T-ROC,-1,-1,0,-1
2024010531335,2024,010531335,1,9,0,99,99,9,9,99,99,9,9,99,9,99,9,9,6,6,3,-1,-1,1984,1,3,VOLKSWAGEN T-ROC,10,E01003463,0,2
2024461534247,2024,461534247,1,9,0,-1,15,2,6,-1,0,1,0,0,0,0,1,1,-1,6,2,22,5,1498,1,4,VOLKSWAGEN T-ROC,4,E01024138,0,1
2024061505770,2024,061505770,2,9,0,-1,19,6,3,-1,0,0,0,0,0,0,3,1,-1,2,1,64,9,1498,1,0,VOLKSWAGEN T-ROC,4,E01005690,0,2
2024991527448,2024,991527448,2,9,0,-1,19,8,4,-1,0,0,0,0,0,0,4,1,-1,9,2,28,6,999,1,6,VOLKSWAGEN T-ROC,2,-1,0,2
2024991435435,2024,991435435,2,9,0,-1,19,1,5,-1,0,0,0,0,0,0,3,1,-1,9,2,69,10,1498,1,3,VOLKSWAGEN T-ROC,3,-1,0,1
2024471483648,2024,471483648,1,9,0,-1,19,3,7,-1,0,0,0,0,0,0,3,1,-1,9,2,67,10,1498,1,1,VOLKSWAGEN T-ROC,8,E01021095,0,1
2024991419539,2024,991419539,2,9,0,-1,19,7,2,-1,0,1,1,0,0,0,3,1,-1,2,2,56,9,1498,1,2,VOLKSWAGEN T-ROC,10,-1,0,1
2024302401324,2024,302401324,1,9,0,18,19,2,6,0,0,0,0,0,0,0,1,1,6,6,1,38,7,1984,1,2,VOLKSWAGEN T-ROC,7,E01011299,0,4
2024440512820,2024,440512820,1,9,0,18,19,2,6,0,0,1,0,4,0,0,4,1,6,6,1,60,9,1498,1,1,VOLKSWAGEN T-ROC,3,E01017257,0,2
2024211496257,2024,211496257,1,9,0,-1,19,3,7,-1,0,0,0,0,0,0,1,1,-1,6,1,30,6,1968,2,2,VOLKSWAGEN T-ROC,-1,-1,0,-1
2024430414387,2024,430414387,1,9,0,13,13,1,5,0,0,0,0,0,0,0,4,1,6,6,1,-1,-1,1498,1,2,VOLKSWAGEN T-ROC,-1,-1,0,-1
2024201434436,2024,201434436,2,9,0,-1,8,3,1,-1,0,1,0,0,0,0,2,9,-1,6,1,24,5,1498,1,4,VOLKSWAGEN T-ROC,1,E01009132,0,3
2024421434598,2024,421434598,3,9,0,-1,19,8,2,-1,0,0,0,0,1,0,1,1,-1,9,1,27,6,1498,1,3,VOLKSWAGEN T-ROC,6,E01021723,0,2
2024221471529,2024,221471529,2,9,0,-1,2,0,0,-1,0,0,0,0,0,0,2,9,-1,6,1,55,8,999,1,6,VOLKSWAGEN T-ROC,5,E01035073,0,4
2024371490513,2024,371490513,1,9,0,-1,5,7,3,-1,0,0,0,0,0,0,1,1,-1,6,2,77,11,1498,1,2,VOLKSWAGEN T-ROC,10,E01023372,0,5
2024061460048,2024,061460048,2,9,0,-1,2,0,0,-1,0,0,0,0,0,0,4,9,-1,7,2,-1,-1,1498,1,4,VOLKSWAGEN T-ROC,-1,-1,0,-1
2024010541972,2024,010541972,1,9,0,99,99,9,9,99,99,9,9,99,9,99,2,9,6,6,2,30,6,1498,1,1,VOLKSWAGEN T-ROC,6,E01021275,0,4
2024010511402,2024,010511402,1,9,0,9,9,3,1,4,4,8,0,0,0,0,3,1,6,6,1,32,6,1984,1,3,VOLKSWAGEN T-ROC,2,E01001911,0,1
2024461504253,2024,461504253,3,9,0,-1,2,0,0,-1,0,0,0,11,7,11,1,1,-1,6,-1,-1,-1,1498,1,4,VOLKSWAGEN T-ROC,-1,-1,0,-1
2024302401390,2024,302401390,1,9,0,17,19,3,8,0,0,7,0,0,1,0,1,1,6,6,1,26,6,1498,1,0,VOLKSWAGEN T-ROC,1,E01008979,0,4
2024010516487,2024,010516487,2,9,0,2,2,9,9,99,99,0,9,99,9,99,9,1,6,6,3,-1,-1,1498,1,2,VOLKSWAGEN T-ROC,10,E01016606,0,4
2024531484482,2024,531484482,1,9,0,-1,9,4,2,-1,0,6,0,0,0,0,3,1,-1,9,1,49,8,999,1,5,VOLKSWAGEN T-ROC,8,E01027891,0,5
2024052401918,2024,052401918,1,9,0,18,19,5,1,0,0,0,0,0,0,0,1,1,6,6,2,31,6,1498,1,3,VOLKSWAGEN T-ROC,1,E01007012,0,3
2024501535038,2024,501535038,2,9,0,-1,19,5,2,-1,0,1,0,0,0,0,1,9,-1,6,2,37,7,1498,1,4,VOLKSWAGEN T-ROC,1,E01015048,0,1
2024221428674,2024,221428674,1,9,0,-1,4,6,2,-1,0,1,0,0,0,0,2,1,-1,9,2,28,6,1498,1,3,VOLKSWAGEN T-ROC,9,E01032337,0,2
2024221499023,2024,221499023,1,9,0,-1,9,5,2,-1,0,5,0,0,0,0,4,1,-1,6,1,28,6,1968,2,5,VOLKSWAGEN T-ROC,1,E01028957,0,3
2024501455246,2024,501455246,1,9,0,-1,3,-1,-1,-1,0,1,0,0,0,0,3,1,-1,9,2,36,7,1498,1,6,VOLKSWAGEN T-ROC,9,E01020239,0,2
2024122400599,2024,122400599,2,9,0,18,19,7,3,0,0,0,0,0,1,11,0,1,6,6,1,32,6,1984,1,5,VOLKSWAGEN T-ROC,6,E01027578,0,4
2024010491884,2024,010491884,1,9,0,18,19,3,7,0,0,1,0,0,0,0,1,1,2,2,2,30,6,1498,1,3,VOLKSWAGEN T-ROC,1,E01001517,0,1
2024041432389,2024,041432389,1,9,0,-1,12,1,7,-1,0,1,0,0,0,0,4,1,-1,9,1,37,7,1498,1,4,VOLKSWAGEN T-ROC,2,E01010894,0,4
2024622400821,2024,622400821,2,9,0,18,19,4,8,0,0,0,0,0,0,0,2,1,6,6,2,58,9,1498,1,3,VOLKSWAGEN T-ROC,7,W01000878,0,1
2024010516540,2024,010516540,1,9,0,18,19,5,1,0,0,9,0,10,9,10,9,1,6,6,2,22,5,999,1,0,VOLKSWAGEN T-ROC,2,E01002852,0,1
2024421421393,2024,421421393,2,9,0,-1,19,4,8,-1,0,0,1,0,7,0,1,1,-1,9,2,60,9,1498,1,4,VOLKSWAGEN T-ROC,5,E01021909,0,2
2024071050687,2024,071050687,1,9,0,-1,6,1,1,-1,0,0,0,0,0,0,3,1,-1,9,2,58,9,1498,1,1,VOLKSWAGEN T-ROC,10,E01023551,0,5
2024552400859,2024,552400859,2,9,0,2,2,0,0,0,0,0,0,0,0,0,3,1,6,6,1,49,8,1498,1,6,VOLKSWAGEN T-ROC,9,E01015431,0,1
2024010520111,2024,010520111,1,9,0,4,4,7,3,0,0,0,0,0,0,0,4,2,6,6,2,38,7,1498,1,1,VOLKSWAGEN T-ROC,-1,-1,0,-1
2024010551154,2024,010551154,1,9,0,6,6,4,4,0,0,0,0,0,0,0,3,1,2,2,1,25,5,1498,1,6,VOLKSWAGEN T-ROC,6,E01003026,0,1
2024061398268,2024,061398268,1,9,0,-1,19,5,1,-1,0,1,0,0,1,1,1,1,-1,9,1,71,10,1984,1,3,VOLKSWAGEN T-ROC,-1,-1,0,-1
2024211482956,2024,211482956,1,9,0,-1,19,1,2,-1,0,0,1,0,1,0,1,1,-1,2,1,26,6,1968,2,5,VOLKSWAGEN T-ROC,9,E01029518,0,1
2024070865014,2024,070865014,2,9,0,-1,19,5,1,-1,0,8,0,0,0,0,1,1,-1,9,2,80,11,1498,1,3,VOLKSWAGEN T-ROC,10,E01018724,0,2
2024471486274,2024,471486274,2,9,0,-1,19,5,1,-1,0,0,0,0,0,0,3,1,-1,2,2,30,6,1498,1,5,VOLKSWAGEN T-ROC,7,E01035329,0,1
2024010538646,2024,010538646,2,9,0,18,19,5,1,0,0,1,0,0,0,0,1,1,6,6,1,26,6,1984,1,3,VOLKSWAGEN T-ROC,-1,-1,0,-1
2024141532002,2024,141532002,1,9,0,-1,2,0,0,-1,0,2,0,0,0,0,3,1,-1,9,1,33,6,999,1,0,VOLKSWAGEN T-ROC,4,E01008088,0,1
2024421505696,2024,421505696,1,9,0,-1,19,1,5,-1,0,0,2,0,7,0,1,1,-1,9,1,20,4,1498,1,3,VOLKSWAGEN T-ROC,8,E01021760,0,2
2024211490287,2024,211490287,1,9,0,-1,19,7,3,-1,0,1,0,0,0,0,1,1,-1,6,2,50,8,1498,1,6,VOLKSWAGEN T-ROC,-1,-1,0,-1
2024351519425,2024,351519425,2,9,0,-1,4,4,8,-1,0,1,0,0,0,0,2,1,-1,9,1,66,10,1498,1,3,VOLKSWAGEN T-ROC,10,E01026357,0,1
2024010535819,2024,010535819,3,9,0,2,2,0,0,0,0,1,0,0,0,0,4,1,6,6,3,-1,-1,1498,1,0,VOLKSWAGEN T-ROC,-1,-1,0,-1
2024010526134,2024,010526134,2,9,0,9,9,1,6,0,0,0,0,0,0,0,1,1,6,6,2,45,7,1498,1,5,VOLKSWAGEN T-ROC,4,E01020396,0,5
2024440513465,2024,440513465,1,9,0,18,19,5,1,0,0,0,0,0,0,0,1,1,6,6,1,28,6,1598,2,5,VOLKSWAGEN T-ROC,9,E01022610,0,3
2024340WN5512,2024,340WN5512,2,9,0,-1,19,4,8,-1,0,8,0,0,0,0,4,1,-1,9,1,19,4,999,1,4,VOLKSWAGEN T-ROC,7,E01026991,0,3
2024201459421,2024,201459421,2,9,0,-1,9,2,8,-1,0,6,0,0,0,0,2,1,-1,9,1,53,8,1498,1,5,VOLKSWAGEN T-ROC,1,E01008966,0,2
2024010541190,2024,010541190,2,9,0,7,7,9,9,99,99,9,9,99,9,99,9,9,6,6,3,-1,-1,1498,1,0,VOLKSWAGEN T-ROC,-1,-1,0,-1
2024141440969,2024,141440969,2,9,0,-1,9,7,5,-1,0,2,0,0,0,0,3,1,-1,9,2,64,9,1984,1,2,VOLKSWAGEN T-ROC,4,E01007637,0,1
2024461563077,2024,461563077,1,9,0,-1,19,3,7,-1,0,1,5,0,0,0,1,1,-1,9,2,37,7,999,1,0,VOLKSWAGEN T-ROC,1,E01024496,0,1
2024010544122,2024,010544122,1,9,0,99,99,9,9,99,99,9,9,99,9,99,9,9,6,6,2,60,9,999,1,1,VOLKSWAGEN T-ROC,3,E01004403,0,1