collision_index,collision_year,collision_ref_no,vehicle_reference,vehicle_type,towing_and_articulation,vehicle_manoeuvre_historic,vehicle_manoeuvre,vehicle_direction_from,vehicle_direction_to,vehicle_location_restricted_lane_historic,vehicle_location_restricted_lane,junction_location,skidding_and_overturning,hit_object_in_carriageway,vehicle_leaving_carriageway,hit_object_off_carriageway,first_point_of_impact,vehicle_left_hand_drive,journey_purpose_of_driver_historic,journey_purpose_of_driver,sex_of_driver,age_of_driver,age_band_of_driver,engine_capacity_cc,propulsion_code,age_of_vehicle,generic_make_model,driver_imd_decile,lsoa_of_driver,escooter_flag,driver_distance_banding
2024351464712,2024,351464712,1,9,0,-1,19,1,5,-1,0,0,0,0,0,0,1,1,-1,1,1,33,6,1388,1,11,FORD B-MAX,9,E01015631,0,1
2024631466649,2024,631466649,2,9,0,-1,4,5,1,-1,0,0,0,0,0,0,3,1,-1,9,2,66,10,998,1,10,FORD B-MAX,6,W01000471,0,1
2024440249538,2024,440249538,2,9,0,7,7,1,3,0,0,8,0,0,0,0,3,1,6,6,1,56,9,1596,1,11,FORD B-MAX,9,E01023275,0,3
2024471496464,2024,471496464,1,9,0,-1,5,7,3,-1,0,0,0,0,0,0,3,1,-1,2,2,60,9,998,1,8,FORD B-MAX,5,E01031806,0,2
2024302400318,2024,302400318,2,9,0,18,19,4,8,0,0,8,0,0,0,0,3,1,6,6,2,41,7,998,1,11,FORD B-MAX,8,E01019764,0,2
2024340NN3332,2024,340NN3332,2,9,0,-1,19,3,7,-1,0,1,0,0,0,0,1,1,-1,9,2,29,6,1560,2,12,FORD B-MAX,9,E01027120,0,1
2024440133394,2024,440133394,1,9,0,4,4,8,4,0,0,0,0,0,0,0,2,1,6,6,2,67,10,998,1,7,FORD B-MAX,9,E01016788,0,5
2024010529231,2024,010529231,1,9,0,99,99,9,9,99,99,9,9,99,9,99,2,9,6,6,2,35,6,1596,1,8,FORD B-MAX,4,E01000639,0,1
2024440073513,2024,440073513,2,9,0,18,19,4,8,0,0,1,0,0,0,0,1,1,6,6,2,32,6,1596,1,7,FORD B-MAX,8,E01022955,0,1
2024201399340,2024,201399340,4,9,0,-1,4,8,4,-1,0,0,0,0,0,0,2,1,-1,2,2,74,10,1388,1,10,FORD B-MAX,5,E01031021,0,2
2024461430262,2024,461430262,2,9,0,-1,19,7,3,-1,0,1,0,0,0,0,1,2,-1,2,2,23,5,998,1,11,FORD B-MAX,5,E01024038,0,2
202460Q052439,2024,60Q052439,1,9,0,4,4,3,7,0,0,8,0,0,0,0,1,1,6,6,2,36,7,1596,1,9,FORD B-MAX,-1,-1,0,-1
2024141419707,2024,141419707,1,9,0,-1,9,7,5,-1,0,8,0,0,0,0,1,9,-1,6,2,32,6,1596,1,11,FORD B-MAX,7,E01007827,0,1
2024141472382,2024,141472382,1,9,0,-1,4,8,4,-1,0,0,0,0,0,0,2,1,-1,9,2,75,10,1596,1,11,FORD B-MAX,9,E01007601,0,2
2024320504337,2024,320504337,2,9,0,-1,-1,2,6,0,0,8,1,4,1,1,1,1,-1,-1,2,29,6,1499,2,11,FORD B-MAX,5,E01026243,0,3
2024430603133,2024,430603133,2,9,0,10,10,6,3,0,0,5,0,0,0,0,2,1,6,6,2,52,8,1596,1,12,FORD B-MAX,9,E01028482,0,2
2024320358471,2024,320358471,1,9,0,13,13,4,8,0,0,0,1,0,0,0,1,1,6,6,1,84,11,1596,1,11,FORD B-MAX,3,E01034686,0,3
2024211518882,2024,211518882,1,9,0,-1,1,3,7,-1,0,0,0,0,0,0,0,9,-1,9,2,80,11,1388,1,9,FORD B-MAX,-1,-1,0,-1
2024320230046,2024,320230046,1,9,0,-1,-1,4,8,0,0,1,0,0,0,0,1,1,6,6,1,-1,-1,998,1,11,FORD B-MAX,-1,-1,0,-1
2024070100596,2024,070100596,1,9,0,18,19,2,5,0,0,0,0,0,0,0,1,1,2,2,1,26,6,1499,2,9,FORD B-MAX,-1,-1,0,-1
2024440562744,2024,440562744,1,9,0,18,19,7,3,0,0,0,0,0,1,0,1,1,6,6,1,78,11,998,1,11,FORD B-MAX,4,E01017093,0,1
2024471480655,2024,471480655,2,9,0,-1,5,1,5,-1,0,6,0,0,0,0,3,1,-1,9,2,77,11,1388,1,9,FORD B-MAX,4,E01021138,0,2
2024411412259,2024,411412259,1,9,0,-1,9,8,2,-1,0,1,0,0,0,0,1,1,-1,6,1,84,11,1596,1,10,FORD B-MAX,9,E01023500,0,2
2024371434899,2024,371434899,1,9,0,-1,4,1,5,-1,0,0,0,0,0,0,1,1,-1,6,1,62,9,1596,1,9,FORD B-MAX,4,E01030113,0,1
2024201449362,2024,201449362,2,9,0,-1,19,2,6,-1,0,8,0,0,0,0,3,9,-1,6,2,63,9,1388,1,10,FORD B-MAX,4,E01009226,0,1
2024070355960,2024,070355960,1,9,0,9,9,2,8,0,0,6,0,0,0,0,1,1,6,6,2,68,10,1596,1,8,FORD B-MAX,9,E01018526,0,1
2024421402356,2024,421402356,1,9,0,-1,1,1,5,-1,0,1,0,0,0,0,2,9,-1,6,1,81,11,1596,1,10,FORD B-MAX,7,E01015943,0,1
2024221410037,2024,221410037,2,9,0,-1,13,7,3,-1,0,8,0,0,0,0,1,1,-1,1,1,63,9,1596,1,11,FORD B-MAX,2,E01009795,0,4
2024010504082,2024,010504082,2,9,0,99,99,9,9,99,99,9,9,99,9,99,9,9,6,6,3,-1,-1,998,1,6,FORD B-MAX,-1,-1,0,-1
2024131431931,2024,131431931,3,9,0,-1,19,3,7,-1,0,0,0,0,0,0,1,1,-1,9,2,60,9,998,1,8,FORD B-MAX,5,E01007396,0,4
2024131515910,2024,131515910,1,9,0,-1,9,8,6,-1,0,8,0,0,0,0,1,1,-1,9,2,87,11,998,1,8,FORD B-MAX,8,E01011589,0,1
202417L110624,2024,17L110624,1,9,0,-1,4,8,4,-1,0,0,0,0,0,0,2,1,-1,9,2,46,8,1560,2,11,FORD B-MAX,7,E01012270,0,4
2024332400155,2024,332400155,1,9,0,-1,13,3,7,-1,0,0,0,0,7,2,1,1,-1,6,2,36,7,998,1,10,FORD B-MAX,4,E01013717,0,1
2024421524769,2024,421524769,2,9,0,-1,19,2,6,-1,0,0,0,0,0,0,1,1,-1,9,2,61,9,1596,1,11,FORD B-MAX,10,E01021591,0,3
2024211509658,2024,211509658,2,9,0,-1,4,0,0,-1,0,0,0,4,0,0,2,1,-1,6,1,34,6,1499,2,10,FORD B-MAX,1,E01009099,0,3
2024471406240,2024,471406240,2,9,0,-1,19,4,1,-1,0,0,0,0,0,0,1,1,-1,9,1,75,10,998,1,7,FORD B-MAX,8,E01021163,0,1
2024440013910,2024,440013910,1,9,0,9,9,8,6,0,0,6,0,0,0,0,3,1,6,6,2,85,11,1596,1,8,FORD B-MAX,7,E01023071,0,2
2024461490689,2024,461490689,2,9,0,-1,2,3,7,-1,0,0,0,0,0,0,0,1,-1,9,2,54,8,1596,1,10,FORD B-MAX,3,E01024103,0,3
2024401517774,2024,401517774,1,9,0,-1,10,7,5,-1,0,0,0,0,0,0,4,1,-1,9,2,27,6,1596,1,9,FORD B-MAX,10,E01017392,0,2
2024471520335,2024,471520335,2,9,0,-1,19,8,4,-1,0,0,0,0,0,0,2,1,-1,6,1,43,7,1560,2,11,FORD B-MAX,4,E01031791,0,2
2024061491639,2024,061491639,2,9,0,-1,10,6,2,-1,0,2,0,0,0,0,3,1,-1,9,2,46,8,998,1,10,FORD B-MAX,1,E01005270,0,1
2024201524550,2024,201524550,2,9,0,-1,19,5,1,-1,0,1,0,0,0,0,1,9,-1,6,3,-1,-1,1388,1,9,FORD B-MAX,-1,-1,0,-1
2024501451635,2024,501451635,2,9,0,-1,19,2,8,-1,0,1,0,0,1,0,3,1,-1,6,1,89,11,998,1,8,FORD B-MAX,7,E01019899,0,2
2024201517680,2024,201517680,2,9,0,-1,3,1,5,-1,0,0,0,0,0,0,2,1,-1,9,2,41,7,1388,1,11,FORD B-MAX,3,E01010144,0,1
2024010537998,2024,010537998,2,9,0,18,19,5,1,0,0,0,0,0,0,0,1,1,1,1,1,58,9,1388,1,11,FORD B-MAX,-1,-1,0,-1
2024501495076,2024,501495076,1,9,0,-1,19,3,7,-1,0,0,0,0,2,10,4,1,-1,6,2,28,6,1499,2,11,FORD B-MAX,1,E01015046,0,3
2024451453621,2024,451453621,1,9,0,-1,19,3,7,-1,0,0,1,0,0,0,4,9,-1,9,2,61,9,1388,1,10,FORD B-MAX,4,E01002425,0,4
2024451394601,2024,451394601,3,9,0,-1,19,1,5,-1,0,0,0,0,0,0,1,9,-1,6,2,45,7,998,1,10,FORD B-MAX,-1,-1,0,-1
2024231449512,2024,231449512,1,5,0,-1,19,4,8,-1,0,0,0,0,1,0,0,1,-1,9,1,72,10,1745,1,6,MAKE AND MODEL REDACTED,2,E01031065,0,1
2024010502294,2024,010502294,1,5,0,18,19,1,5,0,0,8,5,0,0,0,1,1,6,6,1,56,9,1084,1,1,HONDA CRF 1100,10,E01016260,0,4
2024461428609,2024,461428609,1,5,0,-1,19,5,7,-1,0,1,2,0,0,0,1,1,-1,9,1,43,7,1084,1,5,HONDA CRF 1100,10,E01030902,0,5
2024031442256,2024,031442256,2,5,0,-1,19,7,3,-1,0,8,0,0,0,0,4,1,-1,9,1,61,9,1084,1,1,HONDA CRF 1100,10,E01019078,0,1
2024122400552,2024,122400552,1,4,0,7,7,3,7,0,0,0,1,0,1,0,1,1,6,6,1,51,8,1084,1,2,HONDA CRF 1100,2,E01012357,0,3
2024451421083,2024,451421083,2,5,0,-1,19,7,3,-1,0,8,0,0,0,0,4,1,-1,9,1,40,7,1084,1,1,HONDA CRF 1100,8,E01030723,0,1
2024010534622,2024,010534622,1,5,0,99,99,9,9,99,99,9,9,99,9,99,1,1,6,6,1,31,6,1084,1,4,HONDA CRF 1100,6,E01001342,0,3
2024440391389,2024,440391389,2,5,0,18,19,1,5,0,0,8,0,0,0,0,1,1,6,6,1,63,9,1084,1,3,HONDA CRF 1100,10,E01022898,0,1
2024501504590,2024,501504590,1,4,0,-1,9,1,6,-1,0,2,5,0,0,0,4,1,-1,9,1,51,8,1084,1,2,HONDA CRF 1100,6,E01020274,0,1
2024122400384,2024,122400384,2,5,0,18,19,7,3,0,0,1,0,0,0,0,1,1,6,6,1,57,9,1084,1,3,HONDA CRF 1100,1,E01012945,0,3
2024361511507,2024,361511507,2,5,0,-1,19,5,1,-1,0,1,5,0,0,0,1,1,-1,9,1,36,7,1084,1,1,HONDA CRF 1100,9,E01026942,0,1
2024351452116,2024,351452116,1,5,0,-1,13,5,2,-1,0,0,0,0,0,0,3,1,-1,6,1,46,8,1084,1,3,HONDA CRF 1100,2,E01017490,0,4
2024010532861,2024,010532861,2,5,0,13,13,1,5,0,0,1,5,0,0,0,1,1,6,6,1,26,6,1084,1,0,HONDA CRF 1100,-1,-1,0,-1
2024371427045,2024,371427045,1,5,0,-1,19,5,1,-1,0,1,0,0,0,0,1,1,-1,6,1,60,9,1084,1,2,HONDA CRF 1100,6,E01030260,0,4
2024631462172,2024,631462172,1,5,0,-1,19,8,4,-1,0,8,0,0,0,0,1,1,-1,6,1,59,9,1084,1,4,HONDA CRF 1100,7,W01000712,0,4
2024351403952,2024,351403952,1,3,0,-1,4,7,3,-1,0,0,0,0,0,0,2,1,-1,2,1,29,6,1084,1,3,HONDA CRF 1100,7,E01018286,0,1
2024471525305,2024,471525305,2,5,0,-1,19,1,5,-1,0,8,0,0,0,0,1,1,-1,2,1,50,8,1084,1,0,HONDA CRF 1100,8,E01021040,0,3
2024010539752,2024,010539752,1,5,0,18,19,7,3,0,0,0,0,0,0,0,4,1,2,2,1,56,9,1084,1,2,HONDA CRF 1100,9,E01015999,0,3
2024501512731,2024,501512731,1,5,0,-1,13,3,7,-1,0,1,5,0,0,0,4,1,-1,2,1,47,8,1084,1,1,HONDA CRF 1100,4,E01019980,0,1
2024531500461,2024,531500461,2,5,0,-1,19,7,3,-1,0,8,5,0,0,0,4,1,-1,9,1,33,6,1084,1,3,HONDA CRF 1100,9,E01023717,0,5
2024481437277,2024,481437277,1,5,0,-1,19,3,7,-1,0,0,0,0,0,0,1,1,-1,2,1,30,6,1084,1,4,HONDA CRF 1100,-1,-1,0,-1
2024622400427,2024,622400427,1,9,0,18,19,4,8,0,0,0,0,0,1,0,1,1,6,6,2,34,6,-1,3,0,HYUNDAI IONIQ,4,E01033929,0,5
2024131397617,2024,131397617,2,9,0,-1,7,1,5,-1,0,2,0,0,0,0,1,1,-1,1,1,46,8,1580,8,7,HYUNDAI IONIQ,2,E01010621,0,1
2024010550596,2024,010550596,1,9,0,9,9,8,5,0,0,6,0,0,0,0,1,1,1,1,1,58,9,1580,8,6,HYUNDAI IONIQ,-1,-1,0,-1
2024101509972,2024,101509972,1,8,0,-1,5,1,5,-1,0,8,0,0,0,0,1,9,-1,1,1,60,9,1580,8,6,HYUNDAI IONIQ,1,E01008399,0,3
2024991399977,2024,991399977,1,8,0,-1,19,8,4,-1,0,0,0,0,0,0,1,1,-1,9,1,30,6,1580,8,3,HYUNDAI IONIQ,6,-1,0,3
2024451466155,2024,451466155,1,9,0,-1,4,8,2,-1,0,1,1,0,0,0,1,1,-1,9,1,52,8,-1,3,6,HYUNDAI IONIQ,10,E01016627,0,4
2024131455517,2024,131455517,1,9,0,-1,19,2,8,-1,0,0,0,0,0,0,3,1,-1,9,1,37,7,1580,8,5,HYUNDAI IONIQ,-1,-1,0,-1
2024010500907,2024,010500907,2,8,0,99,99,9,9,99,99,9,9,99,9,99,1,9,6,6,1,29,6,1580,8,5,HYUNDAI IONIQ,2,E01034475,0,3
2024461495769,2024,461495769,2,9,0,-1,19,8,4,-1,0,8,0,0,0,0,1,1,-1,1,1,48,8,1580,8,6,HYUNDAI IONIQ,7,E01024691,0,1
2024991432419,2024,991432419,1,8,0,-1,19,3,7,-1,0,1,0,0,0,0,1,1,-1,1,1,38,7,1580,8,6,HYUNDAI IONIQ,1,-1,0,1
2024131487784,2024,131487784,2,9,0,-1,19,1,3,-1,0,8,0,0,0,0,3,1,-1,9,1,49,8,-1,3,0,HYUNDAI IONIQ,1,E01011468,0,1
2024010497513,2024,010497513,1,8,0,99,99,9,9,99,99,9,9,99,9,99,2,9,1,1,1,44,7,-1,3,3,HYUNDAI IONIQ,5,E01034212,0,1
2024311482416,2024,311482416,1,9,0,-1,19,2,8,-1,0,0,0,0,0,0,1,1,-1,9,1,27,6,-1,3,2,HYUNDAI IONIQ,2,E01013917,0,1
2024010517313,2024,010517313,1,9,0,7,7,3,5,0,0,4,0,0,0,0,0,1,6,6,1,65,9,1580,8,3,HYUNDAI IONIQ,2,E01033939,0,1
2024131521433,2024,131521433,1,9,0,-1,9,7,3,-1,0,1,0,0,0,0,4,1,-1,1,1,28,6,1580,8,5,HYUNDAI IONIQ,6,E01011646,0,1
2024311443300,2024,311443300,2,9,0,-1,7,6,1,-1,0,1,0,0,0,0,0,1,-1,6,3,-1,-1,1580,8,6,HYUNDAI IONIQ,-1,-1,0,-1
2024311421677,2024,311421677,2,8,0,-1,19,6,6,-1,0,0,0,0,0,0,1,1,-1,2,1,44,7,1580,8,7,HYUNDAI IONIQ,2,E01013905,0,1
2024141413794,2024,141413794,1,9,0,-1,19,5,1,-1,0,2,0,0,0,0,1,1,-1,6,1,19,4,1580,8,5,HYUNDAI IONIQ,1,E01007949,0,1
2024010522067,2024,010522067,1,9,0,9,9,5,3,0,0,6,0,0,0,0,1,1,1,1,1,24,5,1580,8,3,HYUNDAI IONIQ,5,E01035697,0,1
2024991505562,2024,991505562,2,9,0,-1,19,6,2,-1,0,0,0,0,0,0,2,1,-1,9,1,53,8,-1,3,1,HYUNDAI IONIQ,10,-1,0,1
2024430630819,2024,430630819,2,8,0,18,19,3,7,0,0,0,0,0,0,0,3,1,6,6,1,-1,-1,1580,8,4,HYUNDAI IONIQ,-1,-1,0,-1
2024010499840,2024,010499840,1,9,0,18,19,5,1,0,0,0,1,6,8,11,3,1,6,6,1,17,4,1580,8,7,HYUNDAI IONIQ,-1,-1,0,-1
2024010522035,2024,010522035,2,9,0,99,99,9,9,99,99,9,9,99,9,99,9,9,6,6,1,66,10,1580,8,6,HYUNDAI IONIQ,4,E01003480,0,3
2024440192621,2024,440192621,1,9,0,18,19,2,6,0,0,4,0,0,0,0,1,1,6,6,2,69,10,-1,3,2,HYUNDAI IONIQ,6,E01033239,0,4
2024302400563,2024,302400563,1,8,0,9,9,4,2,0,0,6,0,0,0,0,1,1,1,1,1,25,5,1580,8,7,HYUNDAI IONIQ,4,E01013459,0,1
2024010527036,2024,010527036,2,9,0,18,19,1,5,0,0,1,0,0,0,0,1,1,2,2,1,37,7,1580,8,3,HYUNDAI IONIQ,3,E01003524,0,2
2024010522189,2024,010522189,1,9,9,99,99,9,9,99,99,9,9,99,9,99,2,2,6,6,3,-1,-1,1580,8,5,HYUNDAI IONIQ,-1,-1,0,-1
2024141429501,2024,141429501,1,9,0,-1,9,4,2,-1,0,1,0,0,0,0,1,1,-1,2,1,39,7,-1,3,2,HYUNDAI IONIQ,4,E01007478,0,1
2024061483512,2024,061483512,2,8,0,-1,10,-1,-1,-1,0,0,0,0,0,0,1,1,-1,6,1,-1,-1,1580,8,6,HYUNDAI IONIQ,-1,-1,0,-1
2024052400937,2024,052400937,1,8,0,5,5,2,4,0,0,0,0,0,0,0,4,1,1,1,1,44,7,1580,8,3,HYUNDAI IONIQ,5,E01007255,0,2
2024201506909,2024,201506909,1,9,0,-1,3,6,2,-1,0,0,0,0,0,0,1,1,-1,6,1,40,7,1580,8,6,HYUNDAI IONIQ,3,E01009089,0,1
2024991459093,2024,991459093,1,9,0,-1,19,8,4,-1,0,0,0,0,0,0,1,1,-1,9,2,50,8,1580,8,2,HYUNDAI IONIQ,-1,-1,0,-1
2024411403890,2024,411403890,2,9,0,-1,19,1,4,-1,0,4,0,0,0,0,2,9,-1,9,1,33,6,1580,8,3,HYUNDAI IONIQ,4,E01023797,0,1
2024131470376,2024,131470376,2,9,0,-1,5,8,6,-1,0,2,0,0,0,0,1,1,-1,1,1,37,7,1580,8,3,HYUNDAI IONIQ,1,E01011910,0,1
2024440434306,2024,440434306,3,8,0,18,19,7,3,0,0,2,0,0,0,0,1,1,1,1,2,26,6,1580,8,6,HYUNDAI IONIQ,4,E01017071,0,4
2024201495502,2024,201495502,1,8,0,-1,5,7,3,-1,0,8,0,0,0,0,1,1,-1,1,1,41,7,1580,8,5,HYUNDAI IONIQ,2,E01010264,0,3
2024010530761,2024,010530761,2,9,0,18,19,5,1,0,0,8,0,0,0,0,1,1,6,6,1,44,7,1580,8,5,HYUNDAI IONIQ,1,E01022319,0,5
2024010550882,2024,010550882,2,9,0,18,19,5,1,0,0,1,0,0,0,0,1,1,6,6,1,74,10,-1,3,0,HYUNDAI IONIQ,3,E01000130,0,1
2024221521993,2024,221521993,1,9,0,-1,9,6,4,-1,0,6,0,0,0,0,1,1,-1,9,1,88,11,1580,8,6,HYUNDAI IONIQ,10,E01032324,0,1
2024010518524,2024,010518524,2,9,0,99,99,9,9,99,99,9,9,99,9,99,9,9,6,6,3,-1,-1,1580,8,6,HYUNDAI IONIQ,-1,-1,0,-1
2024131445749,2024,131445749,1,9,0,-1,5,1,6,-1,0,8,0,0,0,0,3,1,-1,6,2,34,6,-1,3,2,HYUNDAI IONIQ,1,E01011917,0,3
2024471445494,2024,471445494,2,9,0,-1,9,3,5,-1,0,3,0,0,0,0,3,1,-1,2,2,49,8,-1,3,1,HYUNDAI IONIQ,9,E01035354,0,1
2024430517646,2024,430517646,3,9,0,4,4,6,2,0,0,0,0,0,0,0,0,1,2,2,1,50,8,-1,3,0,HYUNDAI IONIQ,9,E01033188,0,4
2024411510768,2024,411510768,3,9,0,-1,10,5,3,-1,0,8,0,0,0,0,1,1,-1,2,2,29,6,-1,3,2,HYUNDAI IONIQ,7,E01001537,0,2
2024340NN4102,2024,340NN4102,2,8,0,-1,19,2,6,-1,0,0,0,0,0,0,1,1,-1,1,1,49,8,1580,8,6,HYUNDAI IONIQ,2,E01027246,0,2
2024440051400,2024,440051400,1,9,0,18,19,2,6,0,0,0,0,0,0,0,2,1,6,6,1,28,6,1580,8,5,HYUNDAI IONIQ,8,E01017226,0,1
2024141535517,2024,141535517,1,9,0,-1,19,1,5,-1,0,0,0,0,0,0,1,1,-1,1,1,48,8,1580,8,6,HYUNDAI IONIQ,3,E01007903,0,1
2024531524342,2024,531524342,2,9,0,-1,4,5,1,-1,0,0,0,0,0,0,2,1,-1,9,1,36,7,1580,8,5,HYUNDAI IONIQ,1,E01033366,0,4
2024351410097,2024,351410097,2,8,-1,-1,-1,-1,-1,-1,-1,-1,-1,-1,-1,0,-1,9,-1,1,1,37,7,1580,8,5,HYUNDAI IONIQ,6,E01035547,0,2
2024302400667,2024,302400667,1,8,0,18,19,4,8,0,0,8,0,0,1,2,1,1,6,6,1,29,6,1580,8,7,HYUNDAI IONIQ,2,E01013571,0,1
2024010529988,2024,010529988,2,9,0,17,19,7,3,0,0,1,0,0,0,0,4,1,6,6,1,59,9,1580,8,2,HYUNDAI IONIQ,3,E01001445,0,1
2024101498236,2024,101498236,1,9,0,-1,19,7,3,-1,0,0,0,0,0,0,1,1,-1,6,1,46,8,-1,3,2,HYUNDAI IONIQ,1,E01008437,0,1
2024552400777,2024,552400777,2,9,0,18,19,2,6,0,0,0,0,0,0,0,1,1,6,6,1,48,8,-1,3,1,HYUNDAI IONIQ,9,E01000209,0,5
202417S103524,2024,17S103524,1,9,0,1,1,4,8,0,0,2,0,0,0,0,0,1,6,6,3,-1,-1,1580,8,7,HYUNDAI IONIQ,-1,-1,0,-1
2024131532601,2024,131532601,1,9,0,-1,19,7,3,-1,0,0,5,4,0,0,4,1,-1,1,1,48,8,1580,8,3,HYUNDAI IONIQ,2,E01011558,0,1
2024010550259,2024,010550259,3,8,0,99,99,9,9,99,99,9,9,99,9,99,9,9,6,6,3,-1,-1,1580,8,7,HYUNDAI IONIQ,3,E01003720,0,3
2024052400527,2024,052400527,1,8,0,7,7,5,3,0,0,1,0,0,0,0,1,1,6,6,3,-1,-1,1580,8,6,HYUNDAI IONIQ,-1,-1,0,-1
2024131485705,2024,131485705,1,9,0,-1,-1,-1,-1,-1,-1,-1,-1,-1,-1,-1,-1,1,-1,6,3,-1,-1,1580,8,3,HYUNDAI IONIQ,-1,-1,0,-1
2024991436513,2024,991436513,1,8,0,-1,6,5,4,-1,0,1,0,0,0,0,3,1,-1,1,1,57,9,1580,8,4,HYUNDAI IONIQ,1,-1,0,1
2024101461350,2024,101461350,2,9,0,-1,2,1,5,-1,0,0,0,0,0,0,0,1,-1,6,3,-1,-1,1580,8,6,HYUNDAI IONIQ,-1,-1,0,-1
2024010518773,2024,010518773,1,9,0,99,99,9,9,99,99,9,9,99,9,99,2,9,1,1,1,40,7,-1,3,3,HYUNDAI IONIQ,2,E01003508,0,1
2024010503797,2024,010503797,1,9,0,1,1,7,3,0,0,6,0,0,0,0,0,1,6,6,3,58,9,-1,3,1,HYUNDAI IONIQ,3,E01003979,0,3
2024010495404,2024,010495404,2,9,0,4,4,2,6,0,0,1,0,0,0,0,1,1,6,6,1,19,4,1580,8,7,HYUNDAI IONIQ,4,E01004540,0,3
2024546242724,2024,546242724,2,9,0,13,13,3,7,0,0,0,0,0,4,6,4,1,6,6,1,57,9,1580,8,6,HYUNDAI IONIQ,1,E01033370,0,4
2024141498122,2024,141498122,1,9,0,-1,3,5,1,-1,0,0,0,0,0,0,2,1,-1,1,1,35,6,1580,8,6,HYUNDAI IONIQ,2,E01033270,0,1
2024061448511,2024,061448511,1,9,0,-1,19,2,8,-1,0,8,0,0,0,0,1,1,-1,1,1,37,7,1580,8,6,HYUNDAI IONIQ,2,E01005193,0,1
2024430197801,2024,430197801,1,8,0,18,19,2,6,0,0,1,0,0,1,1,1,1,1,1,1,-1,-1,-1,3,3,HYUNDAI IONIQ,-1,-1,0,-1
2024501402672,2024,501402672,2,9,0,-1,3,3,7,-1,0,0,0,0,0,0,2,1,-1,6,2,44,7,1580,8,2,HYUNDAI IONIQ,7,E01034623,0,2
2024361434426,2024,361434426,1,9,0,-1,19,3,7,-1,0,3,0,0,0,0,4,1,-1,2,1,36,7,-1,3,3,HYUNDAI IONIQ,8,E01026918,0,1
2024543627824,2024,543627824,1,8,0,5,5,6,2,0,0,0,0,0,0,0,1,1,1,1,1,33,6,1580,8,5,HYUNDAI IONIQ,3,E01015530,0,1
2024302401164,2024,302401164,1,9,0,5,5,3,7,0,0,8,0,0,0,0,0,1,1,1,1,34,6,1580,8,6,HYUNDAI IONIQ,4,E01013459,0,3
2024070512324,2024,070512324,2,8,0,18,19,2,6,0,0,0,1,0,0,0,1,1,6,6,1,42,7,1580,8,7,HYUNDAI IONIQ,8,E01018361,0,2
2024010515845,2024,010515845,2,9,0,16,19,7,3,0,0,1,0,0,0,0,3,1,6,6,1,25,5,1580,8,6,HYUNDAI IONIQ,3,E01004397,0,2
2024131528258,2024,131528258,1,9,0,-1,19,3,7,-1,0,4,0,0,1,11,1,1,-1,1,1,51,8,1580,8,4,HYUNDAI IONIQ,1,E01011434,0,2
2024401442152,2024,401442152,2,9,-1,-1,-1,-1,-1,-1,-1,0,-1,-1,-1,0,-1,9,-1,6,3,-1,-1,1580,8,5,HYUNDAI IONIQ,-1,-1,0,-1
2024411425285,2024,411425285,2,9,0,-1,19,5,1,-1,0,0,0,0,1,2,2,1,-1,1,2,34,6,1580,8,6,HYUNDAI IONIQ,5,E01035569,0,3
2024010550959,2024,010550959,1,8,0,99,99,9,9,99,99,9,9,99,9,99,1,9,6,6,3,-1,-1,1580,8,6,HYUNDAI IONIQ,-1,-1,0,-1
2024340NN0382,2024,340NN0382,2,9,0,-1,19,8,4,-1,0,8,0,7,2,1,1,1,-1,1,1,36,7,-1,3,7,HYUNDAI IONIQ,5,E01027061,0,3
2024010518637,2024,010518637,3,9,0,2,2,0,0,0,0,2,0,0,0,0,2,1,6,6,3,-1,-1,1580,8,7,HYUNDAI IONIQ,-1,-1,0,-1
2024201440245,2024,201440245,1,8,0,-1,5,4,8,-1,0,0,0,0,0,0,1,1,-1,1,1,44,7,1580,8,6,HYUNDAI IONIQ,6,E01009525,0,3
2024471411219,2024,471411219,2,9,0,-1,9,2,7,-1,0,8,0,0,0,0,1,1,-1,1,1,52,8,1580,8,3,HYUNDAI IONIQ,7,E01016878,0,1
2024010548397,2024,010548397,2,9,0,99,99,9,9,99,99,9,9,99,9,99,9,9,6,6,3,-1,-1,-1,3,3,HYUNDAI IONIQ,-1,-1,0,-1
2024430255681,2024,430255681,1,9,0,4,4,8,4,0,0,0,0,0,0,0,0,1,6,6,2,39,7,1580,8,6,HYUNDAI IONIQ,10,E01010185,0,4
2024991456880,2024,991456880,1,9,0,-1,19,5,8,-1,0,0,0,0,0,0,1,1,-1,1,1,46,8,1580,8,6,HYUNDAI IONIQ,2,-1,0,1
202460Q117212,2024,60Q117212,2,9,0,18,19,7,3,0,0,0,0,0,0,0,2,1,6,6,2,32,6,1580,8,2,HYUNDAI IONIQ,-1,-1,0,-1
2024471508846,2024,471508846,1,9,0,-1,19,5,4,-1,0,8,0,0,0,0,3,1,-1,1,1,65,9,1580,8,7,HYUNDAI IONIQ,1,E01016866,0,1
2024991507036,2024,991507036,1,9,0,-1,19,1,5,-1,0,8,0,0,0,0,1,1,-1,1,1,36,7,1580,8,5,HYUNDAI IONIQ,7,-1,0,1
2024010542316,2024,010542316,2,9,0,18,19,1,5,0,0,1,0,0,0,0,4,1,1,1,1,27,6,-1,3,4,HYUNDAI IONIQ,4,E01004329,0,1
2024411520033,2024,411520033,2,9,0,-1,9,4,1,-1,0,5,0,0,0,0,4,1,-1,2,1,70,10,1580,8,4,HYUNDAI IONIQ,10,E01023449,0,1
2024461515608,2024,461515608,2,8,0,-1,4,4,8,-1,0,1,0,0,0,0,2,9,-1,1,1,48,8,1580,8,7,HYUNDAI IONIQ,4,E01000029,0,3