collision_index,collision_year,collision_ref_no,vehicle_reference,vehicle_type,towing_and_articulation,vehicle_manoeuvre_historic,vehicle_manoeuvre,vehicle_direction_from,vehicle_direction_to,vehicle_location_restricted_lane_historic,vehicle_location_restricted_lane,junction_location,skidding_and_overturning,hit_object_in_carriageway,vehicle_leaving_carriageway,hit_object_off_carriageway,first_point_of_impact,vehicle_left_hand_drive,journey_purpose_of_driver_historic,journey_purpose_of_driver,sex_of_driver,age_of_driver,age_band_of_driver,engine_capacity_cc,propulsion_code,age_of_vehicle,generic_make_model,driver_imd_decile,lsoa_of_driver,escooter_flag,driver_distance_banding
2024991475506,2024,991475506,2,9,0,-1,19,4,8,-1,0,1,0,0,0,0,4,1,-1,9,1,46,8,-1,3,3,HYUNDAI IONIQ,8,-1,0,1
2024451526894,2024,451526894,2,9,0,-1,19,3,1,-1,0,8,0,0,0,0,1,1,-1,9,1,47,8,1580,8,5,HYUNDAI IONIQ,5,E01030862,0,1
2024010510465,2024,010510465,2,9,0,18,19,7,3,0,0,1,0,0,0,0,1,1,1,1,1,37,7,1580,8,7,HYUNDAI IONIQ,2,E01004247,0,2
2024010498680,2024,010498680,2,9,0,18,19,5,1,0,0,1,0,0,0,0,3,1,6,6,1,29,6,-1,3,3,HYUNDAI IONIQ,4,E01003074,0,1
2024041423346,2024,041423346,1,9,0,-1,19,1,1,-1,0,0,0,0,0,0,1,1,-1,1,1,58,9,1580,8,7,HYUNDAI IONIQ,1,E01024876,0,1
2024010506395,2024,010506395,2,8,0,5,5,2,6,0,0,2,0,0,0,0,1,1,6,6,3,24,5,1580,8,5,HYUNDAI IONIQ,-1,-1,0,-1
2024010523416,2024,010523416,1,9,0,11,11,7,3,0,0,1,0,0,0,0,4,1,6,6,3,-1,-1,1580,8,7,HYUNDAI IONIQ,-1,-1,0,-1
2024622400319,2024,622400319,2,9,0,18,19,4,8,0,0,0,0,0,0,0,2,1,1,1,1,27,6,1580,8,4,HYUNDAI IONIQ,1,E01033370,0,4
2024440106805,2024,440106805,1,9,0,18,19,6,2,0,0,0,0,0,0,0,1,1,6,6,1,84,11,1580,8,2,HYUNDAI IONIQ,9,E01022991,0,1
2024522402930,2024,522402930,1,8,0,1,1,5,1,9,9,2,0,0,0,0,4,1,1,1,3,-1,-1,1580,8,4,HYUNDAI IONIQ,-1,-1,0,-1
2024010507428,2024,010507428,3,9,0,2,2,0,0,0,0,8,0,0,0,0,2,1,6,6,3,-1,-1,1580,8,5,HYUNDAI IONIQ,-1,-1,0,-1
2024010507106,2024,010507106,2,9,0,6,6,4,4,0,0,6,0,0,0,0,3,1,6,6,1,37,7,1580,8,4,HYUNDAI IONIQ,5,E01004743,0,1
2024131401770,2024,131401770,3,8,0,-1,3,2,6,-1,0,1,0,0,0,0,4,1,-1,1,1,51,8,1580,8,5,HYUNDAI IONIQ,1,E01011427,0,1
2024052402537,2024,052402537,2,9,0,18,19,5,1,0,0,8,1,0,0,0,1,1,6,6,1,41,7,1580,8,3,HYUNDAI IONIQ,4,E01007074,0,1
2024041510534,2024,041510534,1,9,0,-1,9,1,7,-1,0,8,0,0,0,0,1,1,-1,1,1,52,8,1580,8,5,HYUNDAI IONIQ,4,E01012690,0,2
2024201445092,2024,201445092,1,9,0,-1,19,2,8,-1,0,0,0,0,0,0,4,9,-1,7,2,35,6,1580,8,6,HYUNDAI IONIQ,2,E01009981,0,1
2024061465082,2024,061465082,2,8,0,-1,19,7,3,-1,0,0,0,0,0,0,2,1,-1,1,1,35,6,1580,8,5,HYUNDAI IONIQ,5,E01006004,0,2
2024010522967,2024,010522967,1,9,0,99,99,9,9,99,99,0,9,99,9,99,9,9,6,6,1,43,7,-1,3,3,HYUNDAI IONIQ,3,E01003573,0,1
2024231531772,2024,231531772,1,9,0,-1,9,1,6,-1,0,5,0,0,0,0,1,1,-1,6,2,77,11,-1,3,1,HYUNDAI IONIQ,10,E01009672,0,1
2024131452544,2024,131452544,1,8,0,-1,4,0,0,-1,9,8,0,0,0,0,0,1,-1,1,1,67,10,1580,8,7,HYUNDAI IONIQ,3,E01011647,0,1
2024010530606,2024,010530606,1,9,0,4,4,7,3,0,0,1,0,0,0,0,2,1,6,6,1,50,8,-1,3,2,HYUNDAI IONIQ,5,E01002059,0,2
2024010531342,2024,010531342,1,9,0,5,5,0,5,0,0,6,0,0,0,0,3,1,1,1,1,54,8,1580,8,5,HYUNDAI IONIQ,4,E01000532,0,2
2024340WN3942,2024,340WN3942,1,9,0,-1,9,3,1,-1,0,0,0,0,0,0,1,1,-1,6,1,-1,-1,1580,8,5,HYUNDAI IONIQ,-1,-1,0,-1
2024302401513,2024,302401513,1,9,0,5,5,6,2,0,0,1,0,0,0,0,3,1,6,6,1,50,8,1580,8,3,HYUNDAI IONIQ,2,E01013497,0,1
2024010499443,2024,010499443,1,8,0,1,1,1,5,0,0,0,0,0,0,0,2,1,6,6,1,47,8,1580,8,5,HYUNDAI IONIQ,2,E01003188,0,1
2024010488174,2024,010488174,1,8,0,18,19,1,5,0,0,0,0,0,0,0,2,1,1,1,1,58,9,-1,3,2,HYUNDAI IONIQ,5,E01000038,0,2
2024061532837,2024,061532837,2,8,0,-1,19,-1,-1,-1,0,0,0,0,0,0,2,1,-1,2,1,38,7,1580,8,4,HYUNDAI IONIQ,2,E01004969,0,1
2024070750971,2024,070750971,1,9,0,-1,5,7,3,-1,0,4,0,0,0,0,1,1,-1,9,1,44,7,-1,3,3,HYUNDAI IONIQ,10,E01012517,0,4
2024501490744,2024,501490744,1,9,0,-1,19,6,2,-1,0,0,0,0,7,0,1,1,-1,9,1,74,10,1580,8,4,HYUNDAI IONIQ,9,E01029260,0,4
2024061528264,2024,061528264,1,8,0,-1,4,4,8,-1,4,8,0,0,0,0,4,9,-1,1,2,39,7,1580,8,5,HYUNDAI IONIQ,1,E01034124,0,1
2024010538529,2024,010538529,2,8,0,99,99,9,9,99,99,9,9,99,9,99,9,9,6,6,3,-1,-1,1580,8,6,HYUNDAI IONIQ,-1,-1,0,-1
2024430161938,2024,430161938,2,8,0,18,19,4,8,0,0,4,0,0,0,0,3,1,6,6,1,-1,-1,1580,8,6,HYUNDAI IONIQ,-1,-1,0,-1
2024010547741,2024,010547741,1,9,4,99,99,9,9,99,99,9,9,99,9,99,2,9,1,1,1,47,8,1580,8,8,HYUNDAI IONIQ,3,E01003726,0,3
2024010501875,2024,010501875,2,9,0,9,9,1,6,0,0,0,0,0,0,0,3,1,6,6,1,24,5,1580,8,6,HYUNDAI IONIQ,3,E01033933,0,1
2024061536502,2024,061536502,1,8,0,-1,5,3,1,-1,0,1,0,0,0,0,0,1,-1,1,1,53,8,1580,8,2,HYUNDAI IONIQ,2,E01005182,0,1
2024361486787,2024,361486787,1,9,0,-1,19,7,3,-1,0,0,0,0,0,0,4,9,-1,6,1,78,11,1580,8,3,HYUNDAI IONIQ,6,E01026629,0,1
2024481437320,2024,481437320,2,9,0,-1,9,1,7,-1,0,8,0,0,0,0,1,1,-1,1,1,43,7,1580,8,6,HYUNDAI IONIQ,-1,-1,0,-1
2024211490545,2024,211490545,3,8,0,-1,4,1,5,-1,0,0,0,0,0,0,2,1,-1,1,1,47,8,1580,8,3,HYUNDAI IONIQ,-1,-1,0,-1
2024461450703,2024,461450703,1,8,0,-1,14,3,7,-1,0,1,0,0,0,0,1,9,-1,1,1,61,9,1580,8,6,HYUNDAI IONIQ,2,E01016035,0,1
2024061447803,2024,061447803,1,9,0,-1,9,7,5,-1,0,6,0,0,0,0,1,1,-1,6,1,35,6,1580,8,6,HYUNDAI IONIQ,1,E01005164,0,1
2024340WN9142,2024,340WN9142,1,9,0,-1,19,1,5,-1,0,0,1,0,1,0,1,1,-1,6,1,50,8,1580,8,1,HYUNDAI IONIQ,9,E01025816,0,4
2024122401221,2024,122401221,2,9,0,5,5,7,3,0,0,8,0,0,7,1,1,1,2,2,1,26,6,1580,8,3,HYUNDAI IONIQ,5,E01010729,0,4
2024061440946,2024,061440946,1,8,0,-1,5,1,5,-1,0,2,0,0,0,0,1,1,-1,1,1,69,10,1580,8,5,HYUNDAI IONIQ,-1,-1,0,-1
2024440480779,2024,440480779,1,9,0,6,6,7,7,0,0,8,0,10,0,0,3,1,6,6,1,81,11,-1,3,2,HYUNDAI IONIQ,9,E01017301,0,2
2024061471334,2024,061471334,2,9,0,-1,19,5,1,-1,0,0,0,0,0,0,1,1,-1,1,1,32,6,1580,8,5,HYUNDAI IONIQ,1,E01005429,0,2
2024131441130,2024,131441130,1,9,0,-1,9,1,7,-1,0,0,0,0,0,0,3,1,-1,1,1,36,7,1580,8,2,HYUNDAI IONIQ,1,E01010623,0,3
2024052400662,2024,052400662,2,8,0,1,1,4,8,0,0,1,0,0,0,0,2,1,1,1,2,41,7,1580,8,2,HYUNDAI IONIQ,4,E01006640,0,2
2024430464964,2024,430464964,1,8,0,3,3,7,3,0,0,0,0,0,0,0,1,1,1,1,1,38,7,1580,8,3,HYUNDAI IONIQ,-1,-1,0,-1
2024010549676,2024,010549676,2,8,9,2,2,0,0,99,99,9,9,99,9,99,3,9,6,6,3,-1,-1,1580,8,5,HYUNDAI IONIQ,-1,-1,0,-1
2024010515862,2024,010515862,2,9,0,99,99,9,9,99,99,9,9,99,9,99,9,9,6,6,3,60,9,-1,3,3,HYUNDAI IONIQ,5,E01003029,0,1
2024010512661,2024,010512661,2,9,0,99,99,9,9,99,99,9,9,99,9,99,9,9,6,6,3,-1,-1,1580,8,6,HYUNDAI IONIQ,4,E01034610,0,1
2024010532053,2024,010532053,1,9,0,18,19,5,1,0,0,4,0,0,0,0,2,1,6,6,1,48,8,-1,3,3,HYUNDAI IONIQ,4,E01001934,0,1
2024421526776,2024,421526776,1,9,0,-1,19,5,1,-1,0,0,0,0,0,0,1,1,-1,9,1,62,9,-1,3,2,HYUNDAI IONIQ,7,E01033137,0,1
2024010510186,2024,010510186,2,8,0,99,99,9,9,99,99,9,9,99,9,99,1,9,6,6,3,-1,-1,-1,3,1,HYUNDAI IONIQ,-1,-1,0,-1
2024010550259,2024,010550259,2,8,0,99,99,9,9,99,99,9,9,99,9,99,9,9,6,6,3,-1,-1,1580,8,5,HYUNDAI IONIQ,-1,-1,0,-1
2024052400160,2024,052400160,2,9,0,2,2,0,0,0,0,1,1,0,0,0,3,1,1,1,1,39,7,1580,8,5,HYUNDAI IONIQ,3,E01006836,0,2
2024041411657,2024,041411657,3,9,0,-1,2,1,5,-1,0,0,0,0,0,0,2,1,-1,6,3,-1,-1,-1,3,2,HYUNDAI IONIQ,-1,-1,0,-1
2024010509065,2024,010509065,2,8,0,99,99,9,9,99,99,9,9,99,9,99,1,9,6,6,1,52,8,1580,8,5,HYUNDAI IONIQ,5,E01003628,0,1
2024201523405,2024,201523405,3,9,0,-1,19,2,6,-1,0,1,0,0,0,0,1,1,-1,6,1,43,7,1580,8,5,HYUNDAI IONIQ,-1,-1,0,-1
2024010524020,2024,010524020,3,9,0,2,2,0,0,0,0,1,0,0,0,0,3,1,6,6,3,-1,-1,1580,8,5,HYUNDAI IONIQ,-1,-1,0,-1
2024131410718,2024,131410718,2,9,0,-1,19,3,7,-1,0,0,1,0,0,0,1,1,-1,1,1,55,8,1580,8,4,HYUNDAI IONIQ,1,E01033021,0,1
2024010500864,2024,010500864,1,8,0,16,19,7,3,8,6,4,0,9,1,7,1,1,6,6,1,36,7,1580,8,6,HYUNDAI IONIQ,6,E01015766,0,4
2024421471066,2024,421471066,2,9,-1,-1,3,4,7,-1,0,4,0,0,0,0,2,1,-1,1,1,54,8,1580,8,6,HYUNDAI IONIQ,4,E01004747,0,4
2024451529913,2024,451529913,1,9,0,-1,4,1,5,-1,0,3,0,0,0,0,2,1,-1,1,1,49,8,1580,8,4,HYUNDAI IONIQ,6,E01016478,0,4
2024010506300,2024,010506300,2,9,0,18,19,5,1,0,0,0,0,0,0,0,2,1,6,6,1,31,6,1580,8,7,HYUNDAI IONIQ,5,E01004624,0,1
2024041402443,2024,041402443,1,9,0,-1,19,1,5,-1,0,2,0,0,0,0,4,1,-1,9,1,63,9,1580,8,7,HYUNDAI IONIQ,7,E01025004,0,1
2024421512762,2024,421512762,1,8,0,-1,19,5,1,-1,0,0,0,0,0,0,4,1,-1,1,1,29,6,1580,8,3,HYUNDAI IONIQ,4,E01004313,0,4
2024991445229,2024,991445229,1,8,0,-1,5,3,8,-1,0,8,0,0,0,0,1,1,-1,9,1,27,6,1580,8,4,HYUNDAI IONIQ,3,-1,0,1
2024131523009,2024,131523009,2,9,0,-1,19,7,3,-1,0,8,0,0,0,0,1,1,-1,1,1,47,8,1580,8,5,HYUNDAI IONIQ,1,E01010966,0,3
2024010525941,2024,010525941,1,9,0,18,19,5,1,0,0,4,0,0,0,0,1,1,6,6,1,27,6,-1,3,2,HYUNDAI IONIQ,2,E01004223,0,1
2024010514342,2024,010514342,2,9,0,18,19,1,5,0,0,1,0,0,0,0,1,1,1,1,2,50,8,1580,8,6,HYUNDAI IONIQ,-1,-1,0,-1
2024481561724,2024,481561724,1,9,0,-1,19,7,3,-1,0,0,0,0,0,0,4,1,-1,1,1,40,7,1580,8,5,HYUNDAI IONIQ,-1,-1,0,-1
2024131534946,2024,131534946,1,9,0,-1,19,1,1,-1,0,2,5,10,0,0,0,1,-1,1,1,46,8,1580,8,6,HYUNDAI IONIQ,3,E01010669,0,1
2024010547016,2024,010547016,1,9,0,9,9,3,1,0,0,8,0,0,0,0,1,1,1,1,1,54,8,1580,8,7,HYUNDAI IONIQ,3,E01001548,0,4
2024320449877,2024,320449877,2,9,0,9,9,6,4,0,0,6,0,0,0,0,1,1,6,6,2,35,6,-1,3,3,HYUNDAI IONIQ,9,E01019706,0,4
2024041488368,2024,041488368,1,9,0,-1,5,5,1,-1,0,8,0,0,0,0,3,1,-1,1,1,68,10,1580,8,6,HYUNDAI IONIQ,1,E01024876,0,1
2024010534891,2024,010534891,1,9,0,18,19,5,1,0,0,1,0,0,0,0,1,1,6,6,1,35,6,1580,8,4,HYUNDAI IONIQ,3,E01034200,0,1
2024471463192,2024,471463192,1,9,0,-1,9,2,6,-1,0,2,0,0,0,0,1,1,-1,1,2,30,6,1580,8,5,HYUNDAI IONIQ,4,E01020915,0,2
2024320346079,2024,320346079,1,9,0,-1,-1,1,5,0,0,1,0,0,0,0,1,1,-1,-1,1,30,6,1580,8,7,HYUNDAI IONIQ,4,E01026323,0,3
2024010519317,2024,010519317,1,9,0,9,9,7,5,0,0,6,0,0,0,0,1,1,6,6,1,39,7,1580,8,6,HYUNDAI IONIQ,7,E01002373,0,3
2024052401645,2024,052401645,1,9,0,18,19,2,6,0,0,1,0,0,0,0,3,1,6,6,1,60,9,1580,8,3,HYUNDAI IONIQ,7,E01007036,0,1
2024010516513,2024,010516513,1,9,0,99,99,9,9,99,99,9,9,99,9,99,2,9,2,2,2,39,7,1580,8,7,HYUNDAI IONIQ,3,E01000641,0,1
2024101424157,2024,101424157,2,9,0,-1,1,1,4,-1,0,8,0,0,0,0,4,1,-1,2,2,37,7,-1,3,2,HYUNDAI IONIQ,3,E01008639,0,2
2024061440227,2024,061440227,2,8,0,-1,19,7,2,-1,0,0,0,0,0,0,2,9,-1,1,1,35,6,1580,8,6,HYUNDAI IONIQ,3,E01005498,0,1
2024520002195,2024,520002195,2,9,0,15,15,3,7,0,0,8,0,0,0,0,3,1,6,6,3,-1,-1,1580,8,3,HYUNDAI IONIQ,-1,-1,0,-1
2024461415944,2024,461415944,1,9,0,-1,19,1,5,-1,0,0,0,0,0,0,1,1,-1,9,1,33,6,-1,3,3,HYUNDAI IONIQ,10,E01024835,0,1
2024131448758,2024,131448758,1,9,0,-1,19,5,1,-1,0,8,0,0,0,0,1,1,-1,6,1,36,7,1580,8,6,HYUNDAI IONIQ,1,E01011025,0,3
2024010531837,2024,010531837,1,9,0,18,19,7,3,0,0,8,0,0,0,0,1,1,1,1,1,38,7,1580,8,5,HYUNDAI IONIQ,2,E01004249,0,1
2024010509639,2024,010509639,1,9,0,9,9,5,3,0,0,6,0,0,0,0,1,1,6,6,1,67,10,1580,8,2,HYUNDAI IONIQ,3,E01002572,0,1
2024461514074,2024,461514074,1,9,0,-1,7,2,6,-1,0,0,0,0,0,0,1,1,-1,1,1,36,7,1580,8,4,HYUNDAI IONIQ,4,E01024182,0,1
2024010511368,2024,010511368,1,9,0,99,99,9,9,99,99,0,9,99,9,99,2,9,1,1,1,33,6,1580,8,8,HYUNDAI IONIQ,8,E01000447,0,1
2024451503558,2024,451503558,4,9,0,-1,19,2,6,-1,0,0,0,0,0,0,1,1,-1,9,1,58,9,-1,3,2,HYUNDAI IONIQ,8,E01016250,0,3
2024501442420,2024,501442420,2,8,0,-1,19,2,6,-1,0,1,0,0,0,0,4,1,-1,9,1,34,6,1580,8,3,HYUNDAI IONIQ,1,E01015155,0,1
2024131444414,2024,131444414,1,8,0,-1,12,1,5,-1,0,0,0,0,0,0,3,1,-1,6,3,-1,-1,1580,8,6,HYUNDAI IONIQ,-1,-1,0,-1
2024010489698,2024,010489698,1,9,0,18,19,3,7,0,0,1,0,0,0,0,1,1,6,6,2,44,7,1580,8,7,HYUNDAI IONIQ,5,E01002456,0,1
2024010506414,2024,010506414,2,8,0,18,19,6,2,0,0,2,0,0,0,0,3,1,6,6,1,45,7,-1,3,2,HYUNDAI IONIQ,1,E01003318,0,1
2024010518987,2024,010518987,1,9,0,18,19,2,6,0,0,0,0,0,0,0,1,1,1,1,1,60,9,1580,8,6,HYUNDAI IONIQ,2,E01004214,0,1
2024332400262,2024,332400262,1,9,0,-1,3,1,5,-1,0,0,0,0,0,0,4,1,-1,2,1,40,7,1580,8,6,HYUNDAI IONIQ,4,E01034011,0,1
2024041456899,2024,041456899,2,9,0,-1,5,5,1,-1,0,2,0,0,0,0,2,1,-1,9,1,32,6,1580,8,4,HYUNDAI IONIQ,1,E01024875,0,1
2024991450463,2024,991450463,1,8,0,-1,19,5,1,-1,0,0,0,0,0,0,1,1,-1,1,1,38,7,1580,8,5,HYUNDAI IONIQ,-1,-1,0,-1
2024401429587,2024,401429587,1,9,0,-1,19,1,5,-1,0,1,0,0,0,0,1,1,-1,1,1,40,7,1580,8,6,HYUNDAI IONIQ,2,E01015725,0,1
2024010535972,2024,010535972,1,9,0,18,19,1,5,0,0,2,0,0,0,0,1,1,1,1,1,58,9,-1,3,2,HYUNDAI IONIQ,3,E01003915,0,1
2024010535467,2024,010535467,1,9,0,5,5,0,1,0,0,8,0,0,0,0,1,1,6,6,1,27,6,1580,8,8,HYUNDAI IONIQ,2,E01033586,0,1
2024440027247,2024,440027247,1,8,0,18,19,1,5,0,0,1,0,0,0,0,4,1,1,1,1,43,7,1580,8,5,HYUNDAI IONIQ,2,E01017139,0,1
2024010497779,2024,010497779,2,8,9,99,99,9,9,99,99,9,9,99,9,99,9,9,1,1,1,39,7,1580,8,3,HYUNDAI IONIQ,2,E01003075,0,1
2024010532049,2024,010532049,4,9,0,18,19,3,7,0,0,0,0,0,0,0,1,1,1,1,1,55,8,1580,8,6,HYUNDAI IONIQ,4,E01021845,0,4
2024010511464,2024,010511464,1,9,0,99,99,9,9,99,99,9,9,99,9,99,1,9,6,6,3,-1,-1,1580,8,7,HYUNDAI IONIQ,-1,-1,0,-1
2024141482641,2024,141482641,2,9,0,-1,6,6,6,-1,0,0,0,0,0,0,3,1,-1,6,1,-1,-1,1580,8,5,HYUNDAI IONIQ,-1,-1,0,-1
2024471465563,2024,471465563,1,9,0,-1,9,2,8,-1,0,8,0,0,0,0,1,1,-1,9,1,46,8,1580,8,3,HYUNDAI IONIQ,9,E01016980,0,1
2024010501567,2024,010501567,1,8,0,99,99,9,9,99,99,0,9,99,9,99,9,9,6,6,1,31,6,1580,8,4,HYUNDAI IONIQ,2,E01035677,0,2
2024131500291,2024,131500291,1,9,0,-1,-1,-1,-1,-1,-1,8,-1,-1,-1,0,1,1,-1,6,3,-1,-1,1580,8,7,HYUNDAI IONIQ,-1,-1,0,-1
2024131449077,2024,131449077,2,9,0,-1,19,1,5,-1,0,1,0,0,0,0,1,1,-1,1,1,32,6,1580,8,2,HYUNDAI IONIQ,1,E01011339,0,1
2024010513178,2024,010513178,2,9,0,99,99,9,9,99,99,9,9,99,9,99,9,9,6,6,3,44,7,-1,3,2,HYUNDAI IONIQ,5,E01002866,0,2
2024421526599,2024,421526599,2,9,0,-1,19,5,1,-1,0,0,0,0,0,0,1,1,-1,1,1,43,7,-1,3,2,HYUNDAI IONIQ,4,E01021437,0,4
2024522500308,2024,522500308,1,8,0,18,19,2,6,2,2,0,0,0,0,0,1,1,1,1,1,40,7,1580,8,3,HYUNDAI IONIQ,1,E01014654,0,1
2024141525985,2024,141525985,1,9,0,-1,4,1,5,-1,0,0,0,0,0,0,1,1,-1,1,1,40,7,1580,8,5,HYUNDAI IONIQ,1,E01007857,0,1
2024061537151,2024,061537151,2,8,0,-1,19,1,5,-1,0,8,0,0,0,0,4,9,-1,1,1,37,7,1580,8,3,HYUNDAI IONIQ,1,E01005682,0,3
2024461497102,2024,461497102,2,9,0,-1,3,7,3,-1,0,1,0,0,0,0,2,1,-1,6,1,58,9,1580,8,1,HYUNDAI IONIQ,5,E01035299,0,2
2024471450434,2024,471450434,1,9,0,-1,19,1,5,-1,0,2,0,0,0,0,3,1,-1,1,1,59,9,1580,8,5,HYUNDAI IONIQ,6,E01034305,0,2
2024010526321,2024,010526321,1,8,0,99,99,9,9,99,99,9,9,99,9,99,9,9,6,6,1,32,6,1580,8,4,HYUNDAI IONIQ,6,E01002138,0,1
2024131431133,2024,131431133,2,9,0,-1,4,1,1,-1,0,8,0,0,0,0,2,1,-1,6,1,47,8,1580,8,4,HYUNDAI IONIQ,3,E01010669,0,3
2024010510980,2024,010510980,1,8,0,99,99,9,9,99,99,9,9,99,9,99,9,1,6,6,1,37,7,-1,3,2,HYUNDAI IONIQ,4,E01004376,0,1
2024401482931,2024,401482931,2,9,0,-1,-1,-1,-1,-1,-1,0,-1,-1,-1,0,-1,9,-1,1,1,39,7,1580,8,3,HYUNDAI IONIQ,7,E01017481,0,1
2024552400204,2024,552400204,1,8,0,18,19,5,1,9,9,0,0,0,0,0,3,1,1,1,1,41,7,1580,8,8,HYUNDAI IONIQ,6,E01015286,0,1
2024231500524,2024,231500524,2,9,0,-1,19,5,1,-1,0,0,0,0,0,0,2,9,-1,6,1,47,8,-1,3,1,HYUNDAI IONIQ,8,E01009671,0,1
2024201435160,2024,201435160,1,9,0,-1,19,2,6,-1,0,6,0,0,0,0,1,1,-1,9,1,45,7,-1,3,3,HYUNDAI IONIQ,2,E01009940,0,1
2024010537531,2024,010537531,2,8,0,99,99,9,9,99,99,9,9,99,9,99,9,9,6,6,3,-1,-1,1580,8,6,HYUNDAI IONIQ,4,E01003098,0,2
2024451448212,2024,451448212,2,9,0,-1,19,5,1,-1,0,0,0,0,0,0,1,1,-1,1,1,55,8,1580,8,6,HYUNDAI IONIQ,6,E01002628,0,3
2024451494293,2024,451494293,1,9,0,-1,19,5,1,-1,0,0,1,0,0,0,3,1,-1,9,2,36,7,-1,3,1,HYUNDAI IONIQ,6,E01022486,0,4
2024991442717,2024,991442717,1,9,0,-1,7,5,7,-1,0,0,0,0,0,0,1,1,-1,6,2,66,10,1580,8,2,HYUNDAI IONIQ,1,-1,0,2
2024052402626,2024,052402626,1,8,0,6,6,7,7,0,0,8,0,0,0,0,3,1,2,2,1,45,7,-1,3,3,HYUNDAI IONIQ,4,E01032507,0,1
2024421487435,2024,421487435,1,9,-1,-1,-1,-1,-1,-1,-1,-1,-1,-1,-1,0,-1,9,-1,6,3,-1,-1,1580,8,5,HYUNDAI IONIQ,-1,-1,0,-1
2024351436079,2024,351436079,1,9,0,-1,13,5,1,-1,0,1,0,0,0,0,4,1,-1,6,2,61,9,1580,8,6,HYUNDAI IONIQ,9,E01018204,0,1
2024010517413,2024,010517413,1,9,0,2,2,0,0,0,0,0,0,0,0,0,2,1,6,6,3,-1,-1,1580,8,7,HYUNDAI IONIQ,-1,-1,0,-1
2024440058133,2024,440058133,1,9,0,18,19,2,6,0,0,8,0,0,0,0,4,1,6,6,1,42,7,-1,3,2,HYUNDAI IONIQ,3,E01017242,0,1
2024131450761,2024,131450761,2,9,0,-1,19,5,1,-1,0,0,0,0,0,0,2,1,-1,1,1,43,7,1580,8,6,HYUNDAI IONIQ,5,E01010668,0,2
2024041435661,2024,041435661,2,9,0,-1,9,3,7,-1,0,1,0,0,8,10,2,2,-1,1,1,68,10,1580,8,6,HYUNDAI IONIQ,1,E01024876,0,3
2024201472776,2024,201472776,1,9,0,-1,6,6,6,-1,0,0,0,0,0,0,1,1,-1,6,1,54,8,1580,8,6,HYUNDAI IONIQ,1,E01034914,0,2
2024302401112,2024,302401112,1,9,0,4,4,4,8,0,0,1,0,0,0,0,2,1,2,2,1,35,6,-1,3,4,HYUNDAI IONIQ,8,E01019603,0,1
2024122500037,2024,122500037,1,8,0,18,19,7,2,0,0,8,0,0,0,0,3,1,6,6,1,50,8,1580,8,5,HYUNDAI IONIQ,2,E01010630,0,4
2024010506836,2024,010506836,2,8,0,18,19,3,7,0,0,8,0,0,0,0,3,1,1,1,2,43,7,-1,3,2,HYUNDAI IONIQ,3,E01004533,0,3
2024351471520,2024,351471520,1,8,0,-1,5,5,1,-1,0,0,0,0,0,0,1,1,-1,1,1,26,6,1580,8,3,HYUNDAI IONIQ,2,E01015604,0,1
2024421525953,2024,421525953,2,9,-1,-1,3,-1,-1,-1,0,0,0,0,0,0,2,9,-1,6,1,28,6,1580,8,5,HYUNDAI IONIQ,7,E01035167,0,1
2024111528063,2024,111528063,1,9,0,-1,9,1,7,-1,0,2,0,0,0,0,1,1,-1,6,1,39,7,-1,3,1,HYUNDAI IONIQ,2,E01020877,0,1
2024010513576,2024,010513576,1,8,0,18,19,3,7,0,0,8,0,0,0,0,1,1,2,2,1,44,7,1580,8,7,HYUNDAI IONIQ,4,E01003734,0,1
2024131448208,2024,131448208,1,9,0,-1,9,5,3,-1,0,8,0,0,0,0,1,1,-1,1,1,44,7,1580,8,6,HYUNDAI IONIQ,2,E01010805,0,3
2024052401039,2024,052401039,1,8,0,5,5,7,3,0,0,0,0,0,0,0,4,1,1,1,1,53,8,1580,8,5,HYUNDAI IONIQ,1,E01005613,0,4
2024430193192,2024,430193192,1,9,0,18,19,1,5,0,0,2,0,0,0,0,1,1,6,6,2,32,6,-1,3,2,HYUNDAI IONIQ,-1,-1,0,-1
2024991528480,2024,991528480,1,8,0,-1,19,5,1,-1,0,8,0,0,0,0,3,1,-1,9,1,53,8,1580,8,3,HYUNDAI IONIQ,10,-1,0,2
2024522403246,2024,522403246,1,9,0,5,5,1,5,0,0,0,0,0,0,0,4,1,1,1,1,35,6,1580,8,3,HYUNDAI IONIQ,2,E01014574,0,1
2024991493495,2024,991493495,1,9,0,-1,19,4,8,-1,0,0,0,0,1,0,3,1,-1,2,2,21,5,-1,3,2,HYUNDAI IONIQ,-1,-1,0,-1
2024010519866,2024,010519866,1,9,0,18,19,4,8,0,0,1,0,0,0,0,3,1,6,6,1,20,4,1580,8,7,HYUNDAI IONIQ,2,E01004205,0,2
2024010547880,2024,010547880,1,9,0,99,99,9,9,99,99,9,9,99,9,99,2,9,6,6,1,38,7,1580,8,6,HYUNDAI IONIQ,2,E01001427,0,1
2024010526280,2024,010526280,2,9,0,4,4,7,3,0,0,0,0,0,0,0,2,1,1,1,1,32,6,1580,8,4,HYUNDAI IONIQ,2,E01003507,0,2
2024061513814,2024,061513814,1,9,-1,-1,19,5,1,-1,0,8,0,0,0,0,1,9,-1,6,1,-1,-1,1580,8,3,HYUNDAI IONIQ,-1,-1,0,-1
2024010499867,2024,010499867,2,9,0,18,19,1,5,0,0,8,0,0,2,7,4,1,6,6,1,22,5,1580,8,7,HYUNDAI IONIQ,2,E01003546,0,1
2024010525066,2024,010525066,1,8,9,99,99,9,9,99,99,9,9,99,9,99,9,9,6,6,3,-1,-1,1580,8,4,HYUNDAI IONIQ,3,E01001239,0,2
2024010499425,2024,010499425,1,9,0,99,99,9,9,99,99,9,9,99,9,99,9,9,2,2,1,21,5,-1,3,2,HYUNDAI IONIQ,2,E01004324,0,1
2024010545140,2024,010545140,1,9,0,5,5,3,7,0,0,8,0,0,0,0,1,1,1,1,1,34,6,1580,8,5,HYUNDAI IONIQ,2,E01004249,0,1