collision_index,collision_year,collision_ref_no,vehicle_reference,vehicle_type,towing_and_articulation,vehicle_manoeuvre_historic,vehicle_manoeuvre,vehicle_direction_from,vehicle_direction_to,vehicle_location_restricted_lane_historic,vehicle_location_restricted_lane,junction_location,skidding_and_overturning,hit_object_in_carriageway,vehicle_leaving_carriageway,hit_object_off_carriageway,first_point_of_impact,vehicle_left_hand_drive,journey_purpose_of_driver_historic,journey_purpose_of_driver,sex_of_driver,age_of_driver,age_band_of_driver,engine_capacity_cc,propulsion_code,age_of_vehicle,generic_make_model,driver_imd_decile,lsoa_of_driver,escooter_flag,driver_distance_banding
2024631498084,2024,631498084,2,19,0,-1,19,3,7,-1,0,0,0,0,2,10,3,1,-1,1,1,46,8,2287,2,1,IVECO DAILY,4,E01019824,0,5
2024031393911,2024,031393911,2,20,0,-1,19,3,7,-1,0,0,0,0,0,0,2,1,-1,1,1,41,7,2998,2,2,IVECO DAILY,-1,-1,0,-1
2024041436953,2024,041436953,3,19,0,-1,19,5,1,-1,0,0,0,0,0,0,1,1,-1,1,1,58,9,2287,2,5,IVECO DAILY,5,E01025228,0,1
2024131430045,2024,131430045,1,19,0,-1,19,3,7,-1,0,0,0,4,0,0,4,1,-1,6,3,-1,-1,2287,2,8,IVECO DAILY,-1,-1,0,-1
2024371470987,2024,371470987,2,19,0,-1,19,8,4,-1,0,8,0,0,7,10,4,1,-1,1,1,28,6,2287,2,1,IVECO DAILY,10,E01030179,0,1
2024440393759,2024,440393759,2,19,0,2,2,0,0,0,0,0,0,0,0,0,2,1,1,1,1,54,8,2287,2,1,IVECO DAILY,9,E01022282,0,5
2024131513151,2024,131513151,1,19,0,-1,19,1,5,-1,0,0,0,0,0,0,1,1,-1,1,1,66,10,2998,2,1,IVECO DAILY,1,E01010721,0,2
2024061434863,2024,061434863,2,19,0,-1,19,6,2,-1,0,0,0,0,0,0,1,1,-1,6,3,-1,-1,2287,2,7,IVECO DAILY,-1,-1,0,-1
2024302400063,2024,302400063,3,19,4,2,2,0,0,0,0,8,0,0,0,0,2,1,6,6,1,38,7,2287,2,1,IVECO DAILY,3,E01019484,0,2
2024471471505,2024,471471505,3,19,0,-1,2,1,5,-1,0,1,0,0,0,0,4,1,-1,1,1,63,9,2287,2,3,IVECO DAILY,8,E01030529,0,3
2024010550705,2024,010550705,1,19,4,18,19,1,5,0,0,8,0,0,0,0,0,1,1,1,1,50,8,2287,2,3,IVECO DAILY,3,E01000435,0,4
2024461509921,2024,461509921,3,19,0,-1,19,5,1,-1,0,8,0,0,0,0,1,1,-1,1,2,20,4,2287,2,0,IVECO DAILY,4,E01035005,0,4
2024221420187,2024,221420187,1,10,0,-1,19,1,5,-1,0,1,0,0,0,0,4,9,-1,1,1,72,10,2998,2,14,IVECO DAILY,7,E01032126,0,1
2024320022613,2024,320022613,3,19,0,-1,-1,1,4,0,0,0,0,0,0,0,1,1,1,1,2,26,6,2287,2,4,IVECO DAILY,9,E01001018,0,5
2024070965605,2024,070965605,1,19,0,-1,2,0,0,-1,9,2,0,0,0,0,3,1,-1,1,1,31,6,2287,2,2,IVECO DAILY,2,E01014337,0,3
2024430423725,2024,430423725,2,20,4,17,19,7,3,0,0,8,0,0,0,0,2,1,1,1,1,51,8,2998,2,2,IVECO DAILY,4,E01028471,0,3
2024421417599,2024,421417599,1,19,0,-1,5,5,1,-1,0,0,0,0,0,0,1,1,-1,1,1,59,9,2287,2,1,IVECO DAILY,10,E01021958,0,2
2024010509914,2024,010509914,1,19,0,9,9,2,7,0,0,8,0,0,0,0,4,1,1,1,1,25,5,2287,2,3,IVECO DAILY,2,E01000743,0,2
2024070225361,2024,070225361,2,20,0,2,2,0,0,0,0,0,0,0,0,0,2,1,1,1,1,49,8,2998,2,5,IVECO DAILY,3,E01018731,0,3
2024631492034,2024,631492034,1,19,4,-1,19,6,2,-1,0,8,0,0,0,0,1,1,-1,6,1,45,7,2287,2,13,IVECO DAILY,9,W01000715,0,4
2024520002224,2024,520002224,2,20,0,3,3,-1,-1,0,0,0,0,0,0,0,2,1,6,6,3,-1,-1,2287,2,1,IVECO DAILY,-1,-1,0,-1
2024991397370,2024,991397370,1,19,0,-1,19,7,3,-1,0,0,0,0,0,0,1,1,-1,1,1,30,6,2287,2,1,IVECO DAILY,4,E01027389,0,4
2024451419875,2024,451419875,1,20,0,-1,99,1,5,-1,99,0,9,99,9,99,4,1,-1,6,1,29,6,2287,2,2,IVECO DAILY,7,E01001084,0,3
2024010504274,2024,010504274,2,19,9,18,19,9,9,99,99,9,9,99,0,0,9,9,6,6,3,-1,-1,2287,2,1,IVECO DAILY,-1,-1,0,-1
2024451401846,2024,451401846,1,11,0,-1,19,5,5,-1,0,0,0,11,0,0,1,1,-1,1,1,48,8,2998,2,1,IVECO DAILY,4,E01031547,0,4
2024211443663,2024,211443663,2,20,0,-1,6,3,3,-1,0,0,0,0,0,0,2,1,-1,1,1,62,9,2998,2,1,IVECO DAILY,-1,-1,0,-1
2024522403158,2024,522403158,2,20,0,17,19,4,2,0,0,8,0,0,0,0,1,1,1,1,3,-1,-1,2287,2,9,IVECO DAILY,-1,-1,0,-1
2024231457864,2024,231457864,1,19,0,-1,1,1,5,-1,0,0,0,0,0,0,2,1,-1,7,1,46,8,2287,2,8,IVECO DAILY,5,E01031106,0,1
2024501464150,2024,501464150,2,20,0,-1,19,4,8,-1,0,0,0,0,0,0,1,1,-1,1,1,48,8,-1,-1,-1,IVECO DAILY,1,E01015023,0,4
2024070376783,2024,070376783,2,19,0,18,19,5,1,0,0,8,0,0,0,0,1,1,1,1,1,60,9,-1,-1,-1,IVECO DAILY,3,E01018435,0,2
2024311412476,2024,311412476,2,19,0,-1,19,6,8,-1,0,0,1,0,0,0,1,1,-1,1,1,32,6,2287,2,11,IVECO DAILY,6,E01026199,0,3
2024552400461,2024,552400461,1,19,0,9,9,8,7,0,0,5,0,0,0,0,3,1,1,1,1,61,9,2998,2,0,IVECO DAILY,8,E01015333,0,3
2024361520418,2024,361520418,1,20,0,-1,19,3,7,-1,0,6,0,0,0,0,1,1,-1,1,1,33,6,-1,-1,-1,IVECO DAILY,3,E01027173,0,5
2024131492116,2024,131492116,2,19,0,-1,19,1,1,-1,0,8,0,0,0,0,2,1,-1,1,1,65,9,2287,2,0,IVECO DAILY,5,E01011736,0,2
2024010540398,2024,010540398,2,20,0,4,4,7,3,0,0,0,0,0,0,0,2,1,1,1,1,29,6,2998,2,6,IVECO DAILY,8,E01021347,0,4
2024371479153,2024,371479153,1,19,0,-1,19,6,3,-1,0,0,1,0,1,0,1,1,-1,9,1,19,4,2287,2,10,IVECO DAILY,5,E01030130,0,3
2024522402440,2024,522402440,1,19,0,4,4,8,4,0,0,8,0,0,0,0,2,1,6,6,1,36,7,2287,2,1,IVECO DAILY,8,E01032672,0,4
2024010547138,2024,010547138,2,19,0,99,99,9,9,99,99,9,9,99,9,99,2,9,6,6,3,-1,-1,2287,2,4,IVECO DAILY,-1,-1,0,-1
2024451544001,2024,451544001,2,19,0,-1,19,1,5,-1,0,1,1,0,7,11,1,1,-1,1,1,46,8,2287,2,1,IVECO DAILY,5,E01000747,0,2
2024131534696,2024,131534696,1,19,0,-1,19,1,5,-1,0,1,0,4,0,0,1,1,-1,9,1,35,6,2287,2,2,IVECO DAILY,1,E01011625,0,2
2024010509337,2024,010509337,1,19,0,9,9,3,1,0,0,1,0,0,0,0,1,1,1,1,1,34,6,2287,2,3,IVECO DAILY,6,E01003433,0,2
2024501520762,2024,501520762,3,20,0,-1,2,0,0,-1,0,0,0,0,0,0,2,1,-1,1,1,36,7,2287,2,0,IVECO DAILY,3,E01018974,0,3
2024010519286,2024,010519286,2,19,0,99,99,9,9,99,99,9,9,99,9,99,1,9,6,6,3,25,5,2287,2,3,IVECO DAILY,4,E01000997,0,1
2024461440840,2024,461440840,2,5,0,-1,19,7,3,-1,0,4,0,0,0,0,0,1,-1,6,1,74,10,676,1,25,MAKE AND MODEL REDACTED,6,E01024022,0,1
2024361544885,2024,361544885,1,5,0,-1,4,1,5,-1,0,1,0,0,0,0,0,1,-1,9,1,62,9,676,1,25,MAKE AND MODEL REDACTED,7,E01026593,0,1
2024501450848,2024,501450848,1,5,0,-1,13,6,2,-1,0,0,2,0,0,0,0,1,-1,6,1,76,11,676,1,23,MAKE AND MODEL REDACTED,4,E01018913,0,2
2024471519408,2024,471519408,2,5,0,-1,19,3,7,-1,0,1,0,0,0,0,3,1,-1,9,2,22,5,773,1,9,MAKE AND MODEL REDACTED,3,E01021050,0,1
2024031444160,2024,031444160,2,5,0,-1,19,2,6,-1,0,0,2,10,0,0,0,1,-1,6,1,57,9,676,1,24,MAKE AND MODEL REDACTED,6,E01019145,0,2
2024221484919,2024,221484919,1,9,0,-1,19,6,8,-1,0,0,1,0,7,4,1,1,-1,6,1,58,9,2174,1,36,MAKE AND MODEL REDACTED,4,E01014161,0,2
2024010517797,2024,010517797,4,9,0,-1,-1,3,7,0,0,1,0,0,0,0,0,1,6,6,1,22,5,3799,1,5,MAKE AND MODEL REDACTED,5,E01003757,0,3
2024010543176,2024,010543176,1,9,0,4,4,5,1,0,0,1,0,0,0,0,2,1,6,6,1,43,7,1999,8,0,MAKE AND MODEL REDACTED,6,E01001419,0,1
2024010524750,2024,010524750,2,9,0,4,4,7,3,0,0,2,0,0,0,0,2,1,6,6,1,38,7,1950,2,0,MAKE AND MODEL REDACTED,5,E01002520,0,4
2024010532732,2024,010532732,1,9,0,9,9,1,7,0,0,6,0,0,0,0,1,1,6,6,1,24,5,1796,1,11,MAKE AND MODEL REDACTED,3,E01001262,0,1
2024221471561,2024,221471561,1,9,0,-1,9,5,3,-1,0,4,0,0,0,0,3,9,-1,1,1,53,8,1849,2,10,MAKE AND MODEL REDACTED,4,E01025556,0,5
2024501493227,2024,501493227,2,9,0,-1,19,6,2,-1,0,0,0,0,0,0,1,1,-1,6,1,48,8,1798,1,11,MAKE AND MODEL REDACTED,4,E01020321,0,1
2024631407324,2024,631407324,1,9,0,-1,13,6,2,-1,0,0,1,0,7,10,1,1,-1,6,1,44,7,1798,1,12,MAKE AND MODEL REDACTED,4,W01001314,0,4
2024101470766,2024,101470766,1,9,0,-1,9,1,5,-1,0,8,0,0,0,0,1,1,-1,6,1,63,9,1849,2,9,MAKE AND MODEL REDACTED,3,E01008451,0,1
2024991512745,2024,991512745,1,9,0,-1,5,3,7,-1,0,0,0,0,0,0,1,1,-1,6,1,34,6,1798,1,12,MAKE AND MODEL REDACTED,5,-1,0,3
2024361496939,2024,361496939,1,9,0,-1,19,-1,-1,-1,0,0,0,0,0,0,-1,1,-1,6,1,62,9,1796,1,12,MAKE AND MODEL REDACTED,1,E01026595,0,1
2024041421447,2024,041421447,1,9,0,-1,5,5,1,-1,0,8,0,0,0,0,3,1,-1,2,2,36,7,1796,1,12,MAKE AND MODEL REDACTED,2,E01024902,0,1
2024211454092,2024,211454092,1,9,0,-1,5,5,1,-1,0,1,0,0,0,0,1,1,-1,9,2,62,9,1796,1,12,MAKE AND MODEL REDACTED,3,E01029553,0,1
2024061444874,2024,061444874,2,9,0,-1,19,2,5,-1,0,8,0,0,0,0,1,1,-1,9,1,25,5,1499,1,6,MAKE AND MODEL REDACTED,3,E01025379,0,2
2024622400845,2024,622400845,1,9,0,16,19,4,8,0,0,0,0,4,0,0,1,1,6,6,1,18,4,1499,1,7,MAKE AND MODEL REDACTED,4,W01001176,0,1
2024161427741,2024,161427741,5,9,0,-1,19,2,6,-1,0,1,0,0,0,0,1,1,-1,9,2,32,6,1499,1,7,MAKE AND MODEL REDACTED,5,E01007640,0,4
2024451493437,2024,451493437,1,9,0,-1,15,5,7,-1,0,0,0,0,0,0,3,1,-1,2,2,22,5,1499,1,6,MAKE AND MODEL REDACTED,7,E01021913,0,4
2024451534672,2024,451534672,2,9,0,-1,3,2,6,-1,0,0,0,0,0,0,4,1,-1,9,2,55,8,1499,1,7,MAKE AND MODEL REDACTED,8,E01022492,0,3
2024351521052,2024,351521052,2,3,0,-1,3,3,5,-1,0,0,0,0,0,0,1,1,-1,6,1,22,5,125,1,2,MAKE AND MODEL REDACTED,3,E01015667,0,1
2024231528141,2024,231528141,1,3,0,-1,13,6,2,-1,0,0,1,0,0,0,4,1,-1,9,1,49,8,125,1,9,MAKE AND MODEL REDACTED,2,E01031066,0,1
2024302401223,2024,302401223,2,5,0,16,19,1,4,0,0,3,1,0,0,0,3,1,6,6,1,76,11,1783,1,14,MAKE AND MODEL REDACTED,6,E01007836,0,3
2024010541164,2024,010541164,3,9,0,2,2,0,0,0,0,1,0,0,0,0,2,1,6,6,3,-1,-1,2861,1,29,MAKE AND MODEL REDACTED,-1,-1,0,-1
2024461416257,2024,461416257,1,2,0,-1,13,8,4,-1,0,1,1,0,0,0,1,1,-1,9,1,18,4,49,1,11,MAKE AND MODEL REDACTED,4,E01035319,0,2
2024320357007,2024,320357007,1,3,0,7,7,2,6,0,0,2,5,0,0,0,1,1,6,6,1,16,4,-1,-1,-1,MAKE AND MODEL REDACTED,2,E01026142,0,1
2024231518049,2024,231518049,2,2,0,-1,19,1,4,-1,0,8,0,0,0,0,1,1,-1,6,1,16,4,49,1,19,MAKE AND MODEL REDACTED,9,E01031302,0,1
2024311461700,2024,311461700,2,2,0,-1,19,1,5,-1,0,8,0,0,0,0,1,1,-1,6,1,25,5,49,1,16,MAKE AND MODEL REDACTED,4,E01027996,0,1
2024622500004,2024,622500004,2,9,0,18,19,1,5,0,0,8,0,0,0,0,2,1,6,6,2,59,9,1368,1,6,ABARTH 595,10,W01001733,0,1
202460Q120924,2024,60Q120924,1,9,0,16,19,8,3,0,0,0,0,0,0,0,1,1,6,6,2,67,10,1368,1,4,ABARTH 595,-1,-1,0,-1
2024161417904,2024,161417904,2,9,0,-1,19,5,1,-1,0,1,0,0,0,0,1,1,-1,9,1,58,9,1368,1,5,ABARTH 595,7,E01012794,0,1
2024991436544,2024,991436544,2,9,0,-1,19,7,3,-1,0,0,0,0,0,0,2,1,-1,9,1,20,4,1368,1,7,ABARTH 595,-1,-1,0,-1
2024501448179,2024,501448179,2,9,0,-1,9,5,3,-1,0,5,0,0,0,0,4,1,-1,9,1,56,9,1368,1,10,ABARTH 595,5,E01020278,0,3
2024440184613,2024,440184613,1,9,0,18,19,2,6,0,0,1,0,0,0,0,1,1,2,2,2,57,9,1368,1,5,ABARTH 595,4,E01017044,0,1
2024010548107,2024,010548107,3,9,0,2,2,0,0,0,0,1,0,0,0,0,0,1,6,6,3,-1,-1,1368,1,10,ABARTH 595,-1,-1,0,-1
2024461559289,2024,461559289,3,9,0,-1,10,2,7,-1,0,0,0,0,0,0,3,1,-1,6,2,24,5,1368,1,4,ABARTH 595,6,E01024301,0,1
2024311440709,2024,311440709,2,9,0,-1,19,8,4,-1,0,2,0,0,0,0,2,1,-1,9,1,39,7,1368,1,4,ABARTH 595,7,E01007685,0,4
2024540785024,2024,540785024,1,9,0,5,5,5,4,0,0,6,0,0,0,0,1,1,2,2,1,41,7,1368,1,7,ABARTH 595,5,E01031925,0,1
2024991496419,2024,991496419,1,9,0,-1,19,8,5,-1,0,3,0,0,0,0,2,1,-1,2,1,59,9,1368,1,5,ABARTH 595,8,-1,0,4
2024340WN0322,2024,340WN0322,1,9,0,-1,19,8,4,-1,0,0,0,0,0,0,1,1,-1,1,2,55,8,1368,1,6,ABARTH 595,-1,-1,0,-1
2024421500527,2024,421500527,2,9,0,-1,19,5,1,-1,0,0,0,0,0,0,0,1,-1,6,2,32,6,1368,1,8,ABARTH 595,3,E01021358,0,4
2024131504595,2024,131504595,2,9,0,-1,19,1,5,-1,0,0,1,0,0,0,2,1,-1,1,1,64,9,1368,1,2,ABARTH 595,10,E01027675,0,3
2024552401374,2024,552401374,2,9,0,10,10,8,5,0,0,5,0,0,0,0,2,1,2,2,2,53,8,1368,1,2,ABARTH 595,6,E01020434,0,3
2024411491845,2024,411491845,1,9,0,-1,19,1,5,-1,0,0,0,0,0,0,3,1,-1,6,1,51,8,1368,1,9,ABARTH 595,4,E01023301,0,1
2024131503604,2024,131503604,1,9,0,-1,19,5,1,-1,0,8,0,0,0,0,3,2,-1,6,3,-1,-1,1368,1,8,ABARTH 595,-1,-1,0,-1
2024010529639,2024,010529639,1,9,0,16,19,3,7,0,0,8,0,0,0,0,1,1,6,6,1,45,7,1368,1,6,ABARTH 595,3,E01002457,0,1
2024421439801,2024,421439801,2,9,0,-1,10,5,1,-1,0,5,0,0,0,0,2,1,-1,9,2,38,7,1368,1,5,ABARTH 595,8,E01021397,0,1
2024010519644,2024,010519644,1,9,0,99,99,9,9,99,99,9,9,99,9,99,9,9,6,6,2,74,10,1368,1,6,ABARTH 595,2,E01001196,0,2
2024211458143,2024,211458143,1,9,0,-1,19,5,1,-1,0,1,0,0,0,0,1,1,-1,6,1,60,9,1368,1,5,ABARTH 595,3,E01029354,0,3
2024501504569,2024,501504569,2,9,0,-1,4,3,7,-1,0,1,0,0,0,0,2,1,-1,9,1,69,10,1368,1,4,ABARTH 595,4,E01018762,0,4
2024421409486,2024,421409486,1,9,0,-1,19,8,8,-1,0,1,0,0,0,0,1,1,-1,9,2,26,6,1368,1,6,ABARTH 595,7,E01015837,0,1
2024401484998,2024,401484998,2,9,0,-1,3,5,1,-1,0,0,0,0,0,0,2,1,-1,2,2,32,6,1368,1,6,ABARTH 595,8,E01015696,0,1
2024451504626,2024,451504626,1,9,0,-1,19,6,2,-1,0,0,2,0,1,4,3,1,-1,9,1,21,5,1368,1,8,ABARTH 595,6,E01004560,0,4
2024061491059,2024,061491059,1,9,0,-1,19,3,7,-1,0,0,0,4,0,0,1,1,-1,9,2,29,6,1368,1,7,ABARTH 595,9,E01004807,0,1
2024211426708,2024,211426708,2,9,0,-1,4,7,3,-1,0,0,0,0,0,0,0,1,-1,6,2,24,5,1368,1,6,ABARTH 595,-1,-1,0,-1
2024991551009,2024,991551009,1,9,0,-1,19,1,5,-1,0,0,0,0,0,0,1,1,-1,2,2,23,5,1368,1,6,ABARTH 595,2,-1,0,1
2024522403062,2024,522403062,1,9,0,9,9,3,1,0,0,8,0,0,0,0,1,1,6,6,1,26,6,1368,1,7,ABARTH 595,8,E01030544,0,5
2024231524222,2024,231524222,1,9,0,-1,19,4,2,-1,0,0,1,0,1,4,1,1,-1,6,1,23,5,1368,1,8,ABARTH 595,6,E01014299,0,4
2024010531072,2024,010531072,1,9,0,10,10,4,2,0,0,1,0,0,0,0,1,1,6,6,1,46,8,1368,1,8,ABARTH 595,3,E01001154,0,1
2024421502668,2024,421502668,3,9,0,-1,3,7,3,-1,0,0,0,0,0,0,2,1,-1,2,1,49,8,1368,1,5,ABARTH 595,1,E01015887,0,1
2024010514561,2024,010514561,1,9,0,7,7,5,7,7,6,6,0,0,0,0,1,1,1,1,1,27,6,1368,1,2,ABARTH 595,7,E01004597,0,2
2024141402276,2024,141402276,1,9,0,-1,15,5,1,-1,0,0,0,0,0,0,1,1,-1,6,1,48,8,1368,1,10,ABARTH 595,1,E01008060,0,1
2024010502609,2024,010502609,1,9,0,14,14,3,7,0,0,0,1,0,0,0,1,1,6,6,1,54,8,1368,1,2,ABARTH 595,8,E01000389,0,1
2024522500095,2024,522500095,2,9,0,18,19,5,1,0,0,0,0,0,0,0,3,1,6,6,1,65,9,1368,1,1,ABARTH 595,10,E01014876,0,3
2024461430550,2024,461430550,1,9,0,-1,7,1,5,-1,0,1,0,0,0,0,1,1,-1,6,1,47,8,1368,1,6,ABARTH 595,4,E01024293,0,1
2024340WN3332,2024,340WN3332,1,9,0,-1,5,7,1,-1,0,6,0,0,0,0,3,1,-1,9,1,19,4,1368,1,7,ABARTH 595,10,E01027291,0,2
2024520002119,2024,520002119,2,9,0,6,6,1,1,0,0,0,0,0,0,0,3,1,6,6,1,19,4,1368,1,7,ABARTH 595,7,E01029019,0,4
2024622400161,2024,622400161,1,9,0,18,19,8,4,0,0,0,2,0,0,0,1,1,1,1,1,23,5,1368,1,3,ABARTH 595,2,W01001094,0,2
2024131395486,2024,131395486,1,9,0,-1,19,7,3,-1,0,0,0,0,0,0,3,1,-1,9,1,36,7,1368,1,6,ABARTH 595,7,E01010931,0,2
2024031456105,2024,031456105,1,9,0,-1,19,1,5,-1,0,0,0,0,0,0,4,1,-1,6,1,33,6,1368,1,8,ABARTH 595,-1,-1,0,-1
2024010546176,2024,010546176,2,9,9,99,99,9,9,99,99,9,9,99,9,99,9,9,6,6,3,-1,-1,1368,1,6,ABARTH 595,-1,-1,0,-1
2024991489808,2024,991489808,2,9,0,-1,3,6,2,-1,0,1,0,0,0,0,2,1,-1,9,2,37,7,1368,1,7,ABARTH 595,6,-1,0,4
2024010530850,2024,010530850,1,9,0,18,19,3,7,0,0,0,1,0,0,0,4,1,6,6,1,21,5,1368,1,2,ABARTH 595,10,E01021467,0,3
2024461488902,2024,461488902,2,9,-1,-1,8,-1,-1,-1,-1,0,-1,0,0,0,4,9,-1,6,2,62,9,1368,1,0,ABARTH 595,6,E01024592,0,1
2024552400787,2024,552400787,1,9,0,18,19,8,4,0,0,0,5,4,0,0,1,1,6,6,1,21,5,1368,1,7,ABARTH 595,9,E01015406,0,2
2024461412985,2024,461412985,3,9,0,-1,2,0,0,-1,-1,2,0,0,0,0,4,1,-1,6,-1,-1,-1,1368,1,10,ABARTH 595,-1,-1,0,-1
2024201520285,2024,201520285,4,9,0,-1,2,0,0,-1,0,0,0,0,0,0,1,1,-1,6,1,40,7,1368,1,10,ABARTH 595,-1,-1,0,-1
2024471460038,2024,471460038,2,9,0,-1,2,0,0,-1,0,1,0,0,0,0,3,1,-1,6,-1,-1,-1,1368,1,6,ABARTH 595,-1,-1,0,-1
2024421529411,2024,421529411,1,9,0,-1,15,1,5,-1,0,0,0,4,0,0,3,1,-1,9,2,32,6,1368,1,0,MAKE AND MODEL REDACTED,8,E01021515,0,1
2024070618176,2024,070618176,1,9,0,18,19,1,5,0,0,0,0,0,0,0,1,1,6,6,1,30,6,1368,1,7,MAKE AND MODEL REDACTED,2,E01012370,0,1
2024122401198,2024,122401198,1,90,0,18,19,5,1,0,0,0,0,0,7,3,1,1,6,6,1,51,8,976,1,0,MAKE AND MODEL REDACTED,5,E01027564,0,4
2024041445323,2024,041445323,2,2,0,-1,19,3,7,-1,0,0,0,0,0,0,0,1,-1,1,1,16,4,49,1,4,MAKE AND MODEL REDACTED,7,E01025131,0,3
2024461438530,2024,461438530,2,4,0,-1,19,2,6,-1,0,0,0,0,0,0,1,1,-1,6,2,38,7,125,1,3,MAKE AND MODEL REDACTED,6,E01024513,0,2
2024440348542,2024,440348542,1,3,0,18,19,7,3,0,0,0,0,0,0,0,0,1,6,6,1,20,4,125,1,4,MAKE AND MODEL REDACTED,7,E01022648,0,2
2024231420064,2024,231420064,2,3,0,-1,19,3,7,-1,0,0,0,0,0,0,0,1,-1,2,1,19,4,125,1,3,MAKE AND MODEL REDACTED,10,E01032393,0,3
2024052400534,2024,052400534,2,3,0,18,19,5,2,0,0,8,0,0,0,0,1,1,6,6,1,33,6,125,1,4,MAKE AND MODEL REDACTED,1,E01006440,0,2
2024031445011,2024,031445011,1,3,0,-1,19,5,1,-1,0,0,0,0,0,0,1,1,-1,9,1,66,10,125,1,4,MAKE AND MODEL REDACTED,3,E01025063,0,4
2024440367722,2024,440367722,1,3,0,18,19,5,1,0,0,8,0,0,0,0,1,1,6,6,1,18,4,125,1,6,MAKE AND MODEL REDACTED,3,E01022840,0,1
2024361437990,2024,361437990,1,3,0,-1,13,7,3,-1,0,1,0,0,4,0,1,1,-1,9,1,29,6,125,1,5,MAKE AND MODEL REDACTED,3,E01026447,0,4
2024520401663,2024,520401663,2,3,0,18,19,7,3,0,0,1,0,0,0,0,1,1,6,6,1,32,6,125,1,6,MAKE AND MODEL REDACTED,2,E01029304,0,1
2024302500209,2024,302500209,1,9,0,-1,19,8,4,-1,0,0,0,0,1,0,4,1,-1,9,1,21,5,2000,1,22,MAKE AND MODEL REDACTED,6,E01019741,0,2
2024351510441,2024,351510441,2,9,0,-1,4,3,7,-1,0,8,0,0,0,0,1,1,-1,6,1,63,9,1790,1,28,MAKE AND MODEL REDACTED,6,E01018049,0,1
2024332400184,2024,332400184,1,9,0,-1,19,5,1,-1,0,0,1,10,1,4,3,1,-1,9,1,36,7,1797,1,24,MAKE AND MODEL REDACTED,8,E01025739,0,1
2024471517201,2024,471517201,3,9,0,-1,19,3,7,-1,0,0,0,0,0,0,1,1,-1,9,1,43,7,1990,1,11,MAKE AND MODEL REDACTED,6,E01021032,0,2
2024552401181,2024,552401181,1,10,0,18,19,4,8,0,0,0,0,0,0,0,1,1,6,6,1,42,7,-1,-1,-1,MAKE AND MODEL REDACTED,1,E01013859,0,5
2024552400740,2024,552400740,1,5,0,18,19,8,4,0,0,0,1,0,0,0,1,1,6,6,1,55,8,1203,1,5,MAKE AND MODEL REDACTED,6,E01032076,0,4
2024622400331,2024,622400331,1,5,0,18,19,3,7,0,0,0,0,0,0,0,1,1,6,6,1,55,8,1203,1,3,MAKE AND MODEL REDACTED,8,W01000771,0,1
2024332400515,2024,332400515,3,21,0,-1,19,5,1,-1,0,3,0,0,3,0,2,1,-1,1,1,35,6,7790,2,11,MAKE AND MODEL REDACTED,4,E01019844,0,2
2024371469701,2024,371469701,2,4,0,-1,19,5,1,-1,0,1,1,0,0,0,1,1,-1,2,1,65,9,451,1,0,MAKE AND MODEL REDACTED,6,E01030063,0,3
2024052401554,2024,052401554,1,3,0,18,19,6,2,0,0,0,1,0,0,0,1,1,6,6,1,37,7,124,1,17,MAKE AND MODEL REDACTED,2,E01007244,0,2
2024471449684,2024,471449684,1,3,0,-1,19,7,3,-1,0,1,1,0,0,0,3,1,-1,9,1,74,10,125,1,59,LAMBRETTA MODEL MISSING,4,E01021076,0,1
202460Q023766,2024,60Q023766,1,3,0,18,19,7,3,0,0,0,0,0,1,0,4,1,6,6,1,22,5,125,1,49,LAMBRETTA MODEL MISSING,-1,-1,0,-1
2024122400716,2024,122400716,1,4,0,15,15,5,1,0,0,0,0,0,0,0,4,1,6,6,1,53,8,200,1,61,LAMBRETTA MODEL MISSING,-1,-1,0,-1
2024340NN1822,2024,340NN1822,1,2,0,-1,19,1,5,-1,0,0,5,0,0,0,3,1,-1,9,1,67,10,125,1,-1,LAMBRETTA MODEL MISSING,6,E01027039,0,2
2024131526878,2024,131526878,1,3,0,-1,19,5,1,-1,0,1,0,0,0,0,1,1,-1,9,1,58,9,123,1,43,LAMBRETTA MODEL MISSING,6,E01010797,0,1
2024201509106,2024,201509106,2,2,0,-1,19,4,8,-1,0,2,0,0,0,0,4,1,-1,9,1,63,9,125,1,55,LAMBRETTA MODEL MISSING,2,E01009837,0,1
2024421455350,2024,421455350,2,4,0,-1,15,3,7,-1,0,1,0,0,0,0,1,1,-1,9,1,54,8,150,1,58,LAMBRETTA MODEL MISSING,1,E01022045,0,1
2024411401951,2024,411401951,2,4,0,-1,19,-1,-1,-1,99,8,0,0,-1,0,4,1,-1,9,1,53,8,150,1,59,LAMBRETTA MODEL MISSING,8,E01023297,0,2