collision_index,collision_year,collision_ref_no,vehicle_reference,vehicle_type,towing_and_articulation,vehicle_manoeuvre_historic,vehicle_manoeuvre,vehicle_direction_from,vehicle_direction_to,vehicle_location_restricted_lane_historic,vehicle_location_restricted_lane,junction_location,skidding_and_overturning,hit_object_in_carriageway,vehicle_leaving_carriageway,hit_object_off_carriageway,first_point_of_impact,vehicle_left_hand_drive,journey_purpose_of_driver_historic,journey_purpose_of_driver,sex_of_driver,age_of_driver,age_band_of_driver,engine_capacity_cc,propulsion_code,age_of_vehicle,generic_make_model,driver_imd_decile,lsoa_of_driver,escooter_flag,driver_distance_banding
2024440362074,2024,440362074,1,3,0,18,19,3,7,0,0,0,0,0,0,0,3,1,6,6,1,70,10,225,1,64,LAMBRETTA MODEL MISSING,10,E01002339,0,5
2024231481453,2024,231481453,1,4,0,-1,19,4,8,-1,0,0,0,0,0,0,3,1,-1,9,1,58,9,150,1,57,LAMBRETTA MODEL MISSING,4,E01031185,0,2
2024320627137,2024,320627137,1,4,0,-1,-1,6,2,0,0,0,2,0,0,0,4,1,-1,-1,1,55,8,150,1,56,LAMBRETTA MODEL MISSING,4,E01026090,0,4
2024061470969,2024,061470969,1,9,0,-1,19,2,6,-1,9,6,0,10,1,10,1,1,-1,6,1,58,9,1499,1,15,MITSUBISHI LANCER,-1,-1,0,-1
2024010515626,2024,010515626,1,9,0,9,9,1,7,0,0,6,0,0,0,0,2,1,6,6,2,49,8,1798,1,16,MITSUBISHI LANCER,8,E01003668,0,1
2024501535539,2024,501535539,2,9,0,-1,19,7,3,-1,0,0,0,0,0,0,1,1,-1,9,2,41,7,1968,2,14,MITSUBISHI LANCER,8,E01018899,0,3
2024010537256,2024,010537256,2,9,0,99,99,9,9,99,99,0,9,99,9,99,9,9,6,6,3,-1,-1,1798,1,14,MITSUBISHI LANCER,3,E01001008,0,3
2024461516226,2024,461516226,1,9,0,-1,19,3,7,-1,0,0,0,0,0,0,1,9,-1,6,1,-1,-1,1584,1,16,MITSUBISHI LANCER,2,E01024685,0,1
2024131529920,2024,131529920,2,9,0,-1,19,5,1,-1,0,0,0,0,0,0,3,1,-1,9,1,22,5,1584,1,18,MITSUBISHI LANCER,1,E01011316,0,1
2024070424642,2024,070424642,1,9,0,18,19,7,3,0,0,0,1,4,0,0,1,1,6,6,1,36,7,1998,1,20,MITSUBISHI LANCER,9,E01018669,0,1
2024351441152,2024,351441152,1,9,0,-1,19,5,1,-1,0,0,0,0,0,0,4,1,-1,6,1,75,10,1584,1,18,MITSUBISHI LANCER,5,E01018158,0,1
2024471442955,2024,471442955,2,9,0,-1,19,5,1,-1,0,0,0,0,0,0,1,1,-1,9,2,63,9,1584,1,18,MITSUBISHI LANCER,6,E01031568,0,3
2024201509710,2024,201509710,1,9,0,-1,7,2,4,-1,0,6,5,10,7,0,1,1,-1,6,3,-1,-1,1997,1,20,MITSUBISHI LANCER,-1,-1,0,-1
2024622400651,2024,622400651,2,9,0,18,19,1,5,0,0,0,0,0,0,0,2,1,6,6,1,58,9,1968,2,14,MITSUBISHI LANCER,3,W01001870,0,1
2024461486974,2024,461486974,2,9,0,-1,2,0,0,-1,0,0,0,0,0,0,1,1,-1,6,-1,-1,-1,1968,2,13,MITSUBISHI LANCER,-1,-1,0,-1
2024531482025,2024,531482025,1,9,0,-1,13,2,6,-1,0,0,0,0,0,0,2,1,-1,9,1,40,7,1968,2,14,MITSUBISHI LANCER,7,E01034789,0,1
2024141520869,2024,141520869,1,9,0,-1,9,3,5,-1,0,2,1,0,0,0,2,1,-1,9,1,20,4,1968,2,14,MITSUBISHI LANCER,10,E01012927,0,4
2024531533640,2024,531533640,1,9,0,-1,9,5,3,-1,0,8,0,0,0,0,1,1,-1,6,1,-1,-1,1584,1,17,MITSUBISHI LANCER,-1,-1,0,-1
2024320278035,2024,320278035,1,9,0,-1,-1,4,8,0,0,0,2,0,1,9,1,1,-1,-1,1,50,8,1584,1,17,MITSUBISHI LANCER,4,E01026079,0,1
2024471466886,2024,471466886,2,9,-1,-1,7,4,7,-1,0,1,0,0,0,0,1,9,-1,6,1,64,9,1584,1,17,MITSUBISHI LANCER,4,E01031583,0,1
2024440556064,2024,440556064,1,9,0,18,19,2,6,0,0,1,0,0,0,0,1,1,2,2,1,29,6,1499,1,15,MITSUBISHI LANCER,6,E01017300,0,1
2024471491074,2024,471491074,2,9,0,-1,13,4,8,-1,0,1,0,0,0,0,0,9,-1,6,1,20,4,1968,2,15,MITSUBISHI LANCER,5,E01031370,0,1
2024311499496,2024,311499496,1,9,0,-1,4,2,6,-1,0,1,0,0,0,0,1,9,-1,6,1,55,8,1968,2,13,MITSUBISHI LANCER,-1,-1,0,-1
2024421502997,2024,421502997,1,9,0,-1,19,1,5,-1,0,0,0,0,0,0,1,1,-1,6,1,28,6,1499,1,14,MITSUBISHI LANCER,7,E01023932,0,4
2024131530372,2024,131530372,1,9,0,-1,4,7,3,-1,0,1,0,0,0,0,2,2,-1,9,1,46,8,1968,2,16,MITSUBISHI LANCER,4,E01000611,0,5
2024461450744,2024,461450744,1,9,0,-1,19,7,3,-1,0,0,0,0,0,0,1,1,-1,9,1,29,6,1798,1,14,MITSUBISHI LANCER,10,E01024823,0,1
2024010540127,2024,010540127,1,9,0,18,19,3,7,0,0,0,0,0,0,0,1,1,6,6,2,38,7,1998,1,15,MITSUBISHI LANCER,2,E01023860,0,4
2024451487299,2024,451487299,2,9,0,-1,19,-1,-1,-1,99,0,0,0,0,0,1,1,-1,6,1,58,9,1584,1,16,MITSUBISHI LANCER,-1,-1,0,-1
2024161508106,2024,161508106,1,9,0,-1,7,1,3,-1,0,1,0,0,0,0,1,1,-1,6,2,78,11,1499,1,14,MITSUBISHI LANCER,1,E01013222,0,1
2024211424020,2024,211424020,2,9,0,-1,13,4,8,-1,0,0,5,0,0,0,1,1,-1,2,1,25,5,1998,1,25,MITSUBISHI LANCER,3,E01029568,0,1
2024161523553,2024,161523553,1,3,0,-1,19,1,5,-1,0,1,2,0,0,0,1,1,-1,6,1,26,6,125,1,17,MAKE AND MODEL REDACTED,7,E01013032,0,4
2024010542392,2024,010542392,1,9,0,18,19,3,7,0,0,0,0,0,0,0,3,1,6,6,1,75,10,2487,8,3,MAKE AND MODEL REDACTED,8,E01021749,0,2
2024991422995,2024,991422995,1,8,0,-1,5,3,7,-1,0,0,0,0,0,0,0,1,-1,1,1,50,8,2487,8,4,MAKE AND MODEL REDACTED,7,-1,0,1
2024010548004,2024,010548004,4,9,0,18,19,1,5,0,0,0,1,0,7,4,2,1,1,1,1,50,8,2487,8,4,MAKE AND MODEL REDACTED,2,E01016463,0,4
2024201461682,2024,201461682,1,9,0,-1,19,5,1,-1,0,3,0,0,0,0,1,1,-1,6,1,41,7,2487,8,5,MAKE AND MODEL REDACTED,1,E01008935,0,2
2024552400725,2024,552400725,2,8,0,8,8,4,7,0,0,5,0,0,0,0,2,1,6,6,1,53,8,2487,8,4,MAKE AND MODEL REDACTED,6,E01015349,0,1
2024501467686,2024,501467686,1,8,0,-1,1,-1,-1,-1,0,6,0,99,0,0,2,1,-1,6,1,46,8,2487,8,5,MAKE AND MODEL REDACTED,1,E01015030,0,2
2024041412988,2024,041412988,1,9,0,-1,19,5,1,-1,0,0,1,0,0,0,1,1,-1,1,1,50,8,2487,8,5,MAKE AND MODEL REDACTED,1,E01005189,0,4
2024440181282,2024,440181282,1,9,0,18,19,1,5,0,0,2,0,0,7,2,1,1,2,2,1,55,8,2487,8,3,MAKE AND MODEL REDACTED,2,E01022904,0,1
2024991483637,2024,991483637,1,9,0,-1,3,3,7,-1,0,1,0,0,0,0,4,1,-1,6,1,47,8,2487,8,4,MAKE AND MODEL REDACTED,9,-1,0,1
2024010534757,2024,010534757,2,5,0,99,99,9,9,99,99,9,9,99,9,99,1,1,2,2,1,58,9,1200,1,3,TRIUMPH SCRAMBLER,7,E01000748,0,3
2024451491311,2024,451491311,1,5,0,-1,19,8,4,-1,0,1,5,10,1,0,3,1,-1,2,1,44,7,900,1,0,TRIUMPH SCRAMBLER,9,E01030947,0,1
2024451501666,2024,451501666,2,4,0,-1,19,3,7,-1,0,1,5,0,0,0,1,1,-1,2,1,52,8,398,1,0,TRIUMPH SCRAMBLER,3,E01031657,0,4
2024311531984,2024,311531984,1,4,0,-1,19,3,7,-1,0,0,0,0,0,0,1,1,-1,2,1,46,8,398,1,0,TRIUMPH SCRAMBLER,-1,-1,0,-1
2024010502178,2024,010502178,1,5,0,99,99,9,9,99,99,0,9,99,9,99,1,1,2,2,1,50,8,1200,1,1,TRIUMPH SCRAMBLER,7,E01004108,0,1
2024471400948,2024,471400948,2,5,0,-1,19,5,1,-1,0,1,0,0,0,0,1,1,-1,9,1,46,8,1200,1,5,TRIUMPH SCRAMBLER,9,E01031733,0,1
2024061499984,2024,061499984,1,5,0,-1,19,1,5,-1,0,1,0,0,0,0,1,1,-1,2,1,62,9,900,1,1,TRIUMPH SCRAMBLER,9,E01005549,0,4
2024991413948,2024,991413948,1,5,0,-1,7,5,6,-1,0,5,1,0,0,0,3,1,-1,1,1,32,6,1200,1,0,TRIUMPH SCRAMBLER,3,-1,0,2
2024461474534,2024,461474534,1,5,0,-1,19,8,3,-1,0,0,2,0,0,0,3,1,-1,9,1,51,8,1200,1,2,TRIUMPH SCRAMBLER,6,E01024719,0,4
2024122400674,2024,122400674,1,5,0,3,3,1,5,0,0,0,0,0,0,0,2,1,6,6,1,56,9,1200,1,1,TRIUMPH SCRAMBLER,6,E01012922,0,4
2024010512207,2024,010512207,2,5,0,18,19,7,3,0,0,0,0,0,0,0,1,1,6,6,1,60,9,1200,1,3,TRIUMPH SCRAMBLER,-1,-1,0,-1
2024430530511,2024,430530511,2,5,0,18,19,6,2,0,0,0,0,0,0,0,1,1,6,6,1,-1,-1,292,1,0,MAKE AND MODEL REDACTED,10,E01017874,0,3
2024041468544,2024,041468544,1,4,0,-1,5,1,5,-1,0,1,0,0,0,0,4,1,-1,9,1,73,10,292,1,0,MAKE AND MODEL REDACTED,8,E01025516,0,1
2024201415805,2024,201415805,1,4,0,-1,19,4,8,-1,0,0,0,10,1,11,1,1,-1,9,1,30,6,-1,-1,-1,MAKE AND MODEL REDACTED,1,E01009480,0,1
2024041478325,2024,041478325,2,9,0,-1,9,3,5,-1,1,8,0,0,0,0,3,1,-1,9,1,24,5,1984,1,8,MAKE AND MODEL REDACTED,7,E01025199,0,3
2024461432863,2024,461432863,1,9,0,-1,19,5,1,-1,0,2,0,0,0,0,3,1,-1,9,1,71,10,1984,1,10,MAKE AND MODEL REDACTED,7,E01024743,0,2
2024991437237,2024,991437237,1,9,0,-1,19,5,1,-1,0,0,2,0,7,0,4,1,-1,9,1,23,5,1984,1,9,MAKE AND MODEL REDACTED,5,-1,0,2
2024522401317,2024,522401317,2,9,0,9,9,1,7,0,0,6,0,0,0,0,3,1,6,6,1,24,5,1984,1,10,MAKE AND MODEL REDACTED,3,E01014673,0,1
2024471513153,2024,471513153,1,9,0,-1,13,5,1,-1,0,0,0,0,0,0,1,1,-1,2,1,22,5,1984,1,10,MAKE AND MODEL REDACTED,6,E01035326,0,3
202460Q194849,2024,60Q194849,1,9,0,17,19,7,4,0,0,0,2,0,7,11,1,1,6,6,2,21,5,1984,1,8,MAKE AND MODEL REDACTED,-1,-1,0,-1
2024411539785,2024,411539785,1,9,-1,-1,-1,-1,-1,-1,-1,0,-1,-1,-1,0,4,9,-1,6,1,35,6,2480,1,6,MAKE AND MODEL REDACTED,10,E01023898,0,1
2024461414940,2024,461414940,1,9,0,-1,5,2,6,-1,0,8,0,0,0,0,1,1,-1,7,1,42,7,2360,1,17,MAKE AND MODEL REDACTED,3,E01024668,0,1
2024010509754,2024,010509754,1,9,0,18,19,3,7,0,0,0,0,0,0,0,1,1,6,6,1,34,6,2360,1,15,MAKE AND MODEL REDACTED,-1,-1,0,-1
2024131508858,2024,131508858,1,9,0,-1,19,1,5,-1,0,8,0,0,0,0,4,1,-1,9,1,44,7,1968,2,15,MAKE AND MODEL REDACTED,1,E01011358,0,1
2024461525210,2024,461525210,1,9,0,-1,19,8,4,-1,0,0,5,0,5,0,1,1,-1,9,1,65,9,1998,1,16,MAKE AND MODEL REDACTED,4,E01024194,0,4
2024520401954,2024,520401954,1,19,0,18,19,1,5,0,0,8,0,0,0,0,1,1,6,6,1,64,9,-1,-1,-1,MAKE AND MODEL REDACTED,7,E01020479,0,4
2024552400785,2024,552400785,1,90,0,18,19,1,5,0,0,0,0,0,0,0,1,1,6,6,1,57,9,2500,2,29,MAKE AND MODEL REDACTED,7,E01025568,0,5
2024471473371,2024,471473371,1,19,0,-1,7,2,4,-1,0,8,0,0,0,0,1,1,-1,1,1,24,5,2287,2,10,MAKE AND MODEL REDACTED,6,E01020962,0,3
2024361412065,2024,361412065,2,3,0,-1,19,5,1,-1,0,1,0,0,0,0,1,1,-1,2,2,52,8,125,1,18,MAKE AND MODEL REDACTED,10,E01026552,0,1
2024010511341,2024,010511341,2,3,0,15,15,1,5,2,2,8,2,0,0,0,3,1,2,2,1,37,7,125,1,17,MAKE AND MODEL REDACTED,4,E01002663,0,1
2024451440338,2024,451440338,1,21,0,-1,19,1,4,-1,0,0,0,0,0,0,3,9,-1,1,1,50,8,-1,-1,-1,MAKE AND MODEL REDACTED,3,E01030901,0,3
2024010526288,2024,010526288,2,3,0,18,19,1,5,0,0,4,0,0,0,0,1,1,6,6,1,21,5,125,1,4,MAKE AND MODEL REDACTED,6,E01000339,0,1
2024070367497,2024,070367497,1,11,0,5,5,5,1,0,0,6,0,0,0,0,3,1,1,1,1,61,9,4250,2,12,OPTARE MODEL MISSING,4,E01005850,0,2
2024302401609,2024,302401609,2,11,0,18,19,1,5,0,0,0,1,0,0,0,1,1,1,1,2,59,9,6700,2,10,OPTARE MODEL MISSING,9,E01019449,0,1
2024361491899,2024,361491899,1,11,0,-1,5,1,2,-1,0,1,0,0,0,0,0,1,-1,6,1,85,11,4250,2,16,OPTARE MODEL MISSING,2,E01026592,0,4
2024311398364,2024,311398364,1,11,0,-1,5,4,8,-1,2,0,0,0,0,0,0,1,-1,1,1,63,9,5900,2,15,OPTARE MODEL MISSING,1,E01019452,0,3
2024421499451,2024,421499451,1,11,0,-1,19,1,5,-1,0,1,0,10,2,4,1,1,-1,1,1,60,9,4250,2,16,OPTARE MODEL MISSING,1,E01022042,0,4
2024221522492,2024,221522492,1,11,0,-1,9,2,1,-1,0,5,0,0,0,0,1,9,-1,1,1,48,8,4250,2,15,OPTARE MODEL MISSING,5,E01028980,0,4
2024131530990,2024,131530990,2,11,0,-1,19,8,3,-1,0,0,0,0,0,0,1,1,-1,1,1,40,7,4250,2,10,OPTARE MODEL MISSING,2,E01024897,0,3
2024501508906,2024,501508906,1,11,0,-1,19,6,2,-1,2,2,1,10,7,0,1,1,-1,1,1,48,8,4250,2,12,OPTARE MODEL MISSING,6,E01020074,0,4
2024302400683,2024,302400683,1,11,0,9,9,1,5,9,9,8,0,0,0,0,3,1,1,1,1,64,9,6700,2,10,OPTARE MODEL MISSING,8,E01019415,0,1
2024201437937,2024,201437937,2,11,0,-1,19,3,7,-1,0,0,0,0,0,0,3,1,-1,9,1,50,8,4250,2,12,OPTARE MODEL MISSING,8,E01034317,0,3
2024221471575,2024,221471575,3,11,0,-1,3,7,3,-1,0,0,0,0,0,0,3,9,-1,1,1,65,9,5900,2,17,OPTARE MODEL MISSING,2,E01014140,0,1
2024061397514,2024,061397514,1,11,0,-1,3,-1,-1,-1,0,0,0,0,0,0,-1,9,-1,6,1,34,6,4250,2,13,OPTARE MODEL MISSING,2,E01005732,0,4
2024131527847,2024,131527847,1,11,0,-1,5,7,3,-1,0,1,0,0,0,0,0,1,-1,6,3,-1,-1,6374,2,14,OPTARE MODEL MISSING,-1,-1,0,-1
2024531438738,2024,531438738,1,11,0,-1,19,6,2,-1,0,0,0,0,0,0,1,1,-1,1,1,25,5,4580,2,17,OPTARE MODEL MISSING,-1,-1,0,-1
2024991538676,2024,991538676,2,11,0,-1,5,3,7,-1,0,6,0,0,0,0,1,1,-1,1,1,56,9,4250,2,14,OPTARE MODEL MISSING,6,-1,0,2
2024302400523,2024,302400523,1,11,0,16,19,6,1,0,0,6,0,0,1,11,1,1,1,1,2,64,9,6700,2,16,OPTARE MODEL MISSING,4,E01028260,0,4
2024311412999,2024,311412999,3,11,0,-1,19,8,4,-1,0,0,0,0,0,0,2,1,-1,1,1,47,8,5900,2,15,OPTARE MODEL MISSING,2,E01013856,0,2
2024461497102,2024,461497102,1,11,0,-1,5,7,4,-1,0,1,0,0,0,0,1,1,-1,1,1,57,9,4250,2,10,OPTARE MODEL MISSING,3,E01024608,0,1
2024311418751,2024,311418751,1,11,0,-1,19,1,5,-1,0,0,0,0,0,0,0,1,-1,1,1,74,10,4250,2,12,OPTARE MODEL MISSING,-1,-1,0,-1
2024610048524,2024,610048524,1,11,0,18,19,7,3,0,0,0,0,0,0,0,3,1,1,1,1,30,6,4250,2,19,OPTARE MODEL MISSING,2,W01001436,0,2
2024991414333,2024,991414333,1,11,0,-1,19,1,4,-1,2,6,0,0,0,0,4,1,-1,1,1,61,9,4250,2,10,OPTARE MODEL MISSING,2,-1,0,1
2024302400200,2024,302400200,1,11,0,18,19,1,5,0,0,4,0,0,0,0,0,1,1,1,1,42,7,4250,2,11,OPTARE MODEL MISSING,5,E01019440,0,3
2024221436875,2024,221436875,1,11,0,-1,19,8,3,-1,0,0,0,0,0,0,1,1,-1,1,1,24,5,4250,2,17,OPTARE MODEL MISSING,9,E01028966,0,1
2024302400292,2024,302400292,1,11,0,18,19,1,5,0,0,1,0,0,0,0,1,1,1,1,1,61,9,4580,2,15,OPTARE MODEL MISSING,3,E01033388,0,1
2024122400804,2024,122400804,1,11,0,18,19,8,4,0,0,0,2,6,7,9,1,1,1,1,1,46,8,4250,2,13,OPTARE MODEL MISSING,1,E01034972,0,2
2024141464890,2024,141464890,2,11,0,-1,2,0,0,-1,0,0,0,0,0,0,2,1,-1,1,1,61,9,4250,2,15,OPTARE MODEL MISSING,1,E01033277,0,2
2024010512232,2024,010512232,1,11,0,18,19,5,1,2,2,1,0,0,0,0,4,1,1,1,1,23,5,-1,3,2,OPTARE MODEL MISSING,-1,-1,0,-1
2024631395376,2024,631395376,2,11,0,-1,19,6,2,-1,0,0,0,0,1,10,4,1,-1,1,1,56,9,4250,2,12,OPTARE MODEL MISSING,5,W01000728,0,3
2024311443898,2024,311443898,1,11,0,-1,2,0,0,-1,0,0,0,0,0,0,0,1,-1,1,1,41,7,4250,2,12,OPTARE MODEL MISSING,1,E01027939,0,1
2024311413857,2024,311413857,1,11,0,-1,9,6,4,-1,0,0,0,0,0,0,1,1,-1,1,1,54,8,4250,2,12,OPTARE MODEL MISSING,-1,-1,0,-1
2024131450642,2024,131450642,2,11,0,-1,19,5,1,-1,0,1,0,0,0,0,3,1,-1,1,1,21,5,6300,2,17,OPTARE MODEL MISSING,3,E01010784,0,4
2024221474303,2024,221474303,1,11,0,-1,19,4,8,-1,0,0,0,4,0,0,4,1,-1,1,1,63,9,4250,2,12,OPTARE MODEL MISSING,7,E01014093,0,1
2024131505680,2024,131505680,1,11,0,-1,15,7,3,-1,0,8,0,0,0,0,1,1,-1,1,1,47,8,4250,2,10,OPTARE MODEL MISSING,3,E01010847,0,3
202454F133624,2024,54F133624,3,11,0,18,19,4,6,0,0,1,0,0,0,0,1,1,1,1,2,27,6,4250,2,17,OPTARE MODEL MISSING,6,E01029040,0,3
2024311474446,2024,311474446,1,11,0,-1,2,1,1,-1,0,0,0,0,0,0,0,2,-1,1,1,50,8,4250,2,10,OPTARE MODEL MISSING,-1,-1,0,-1
2024543740624,2024,543740624,1,11,0,16,19,8,4,0,0,0,0,0,0,0,0,1,1,1,1,63,9,4250,2,15,OPTARE MODEL MISSING,-1,-1,0,-1
2024351401581,2024,351401581,1,2,0,-1,19,5,1,-1,0,0,2,0,1,0,3,1,-1,6,1,21,5,125,1,13,MAKE AND MODEL REDACTED,8,E01018274,0,1
2024131483815,2024,131483815,2,9,0,-1,9,2,3,-1,0,8,0,0,0,0,4,1,-1,9,1,66,10,999,1,8,SEAT MII,10,E01011797,0,1
2024461443070,2024,461443070,1,9,0,-1,5,8,4,-1,0,0,0,0,0,0,1,1,-1,6,2,25,5,999,1,9,SEAT MII,8,E01024004,0,1
2024471528844,2024,471528844,1,9,0,-1,19,5,1,-1,0,0,5,4,0,0,1,1,-1,2,2,54,8,999,1,10,SEAT MII,8,E01016936,0,1
2024061498134,2024,061498134,3,9,0,-1,4,7,3,-1,0,0,0,0,0,0,2,1,-1,2,2,30,6,999,1,5,SEAT MII,1,E01011284,0,4
2024991455407,2024,991455407,1,9,0,-1,19,6,2,-1,0,0,0,0,0,0,1,1,-1,9,2,49,8,999,1,6,SEAT MII,10,-1,0,1
2024371476804,2024,371476804,2,9,0,-1,5,7,1,-1,0,0,0,0,1,0,3,1,-1,6,2,20,4,999,1,9,SEAT MII,10,E01018015,0,4
2024201456846,2024,201456846,1,9,0,-1,9,6,4,-1,0,5,0,0,0,0,3,9,-1,6,1,29,6,999,1,9,SEAT MII,3,E01008957,0,1
2024520402713,2024,520402713,1,9,0,9,9,7,5,0,0,8,0,0,0,0,4,1,6,6,2,29,6,999,1,8,SEAT MII,7,E01029192,0,2
2024340WN7112,2024,340WN7112,2,9,0,-1,19,5,1,-1,0,1,0,0,0,0,1,1,-1,1,2,25,5,999,1,11,SEAT MII,9,E01027301,0,2
2024302401132,2024,302401132,1,9,0,9,9,4,2,0,0,2,0,0,0,0,3,1,6,6,2,78,11,-1,3,3,SEAT MII,6,E01019608,0,2
2024161450409,2024,161450409,3,9,0,-1,8,8,2,-1,0,0,0,0,0,0,2,1,-1,6,2,53,8,999,1,11,SEAT MII,2,E01013195,0,1
2024361521773,2024,361521773,1,9,0,-1,2,0,0,-1,0,1,0,0,0,0,1,1,-1,6,1,18,4,999,1,12,SEAT MII,5,E01026766,0,2
2024501416438,2024,501416438,2,9,0,-1,9,7,5,-1,0,5,0,0,0,0,4,1,-1,6,2,21,5,999,1,5,SEAT MII,4,E01020290,0,2
2024471426505,2024,471426505,2,9,0,-1,4,1,5,-1,0,0,0,0,0,0,2,1,-1,9,2,56,9,999,1,11,SEAT MII,7,E01020970,0,4
2024211432155,2024,211432155,2,9,0,-1,3,-1,-1,-1,0,1,0,0,0,0,2,1,-1,2,1,42,7,999,1,10,SEAT MII,-1,-1,0,-1
2024131457717,2024,131457717,1,9,0,-1,9,3,1,-1,0,1,0,0,0,0,4,1,-1,2,1,29,6,999,1,11,SEAT MII,4,E01011477,0,1
2024411399325,2024,411399325,1,9,0,-1,5,3,7,-1,0,2,0,0,0,0,4,1,-1,9,2,51,8,-1,3,3,SEAT MII,10,E01023425,0,1
2024361525293,2024,361525293,1,9,0,-1,19,8,4,-1,0,0,0,0,0,0,1,1,-1,6,1,25,5,999,1,12,SEAT MII,3,E01009656,0,5
2024061483186,2024,061483186,1,9,0,-1,19,3,7,-1,0,0,0,0,0,0,1,9,-1,6,1,33,6,999,1,10,SEAT MII,1,E01010618,0,4
2024451485456,2024,451485456,2,9,0,-1,9,5,3,-1,0,1,0,0,0,0,3,1,-1,9,2,78,11,-1,3,4,SEAT MII,6,E01030649,0,1
2024161522585,2024,161522585,2,9,0,-1,14,8,4,-1,0,0,0,0,0,0,2,9,-1,6,2,21,5,999,1,12,SEAT MII,9,E01012954,0,1
2024041439435,2024,041439435,1,9,0,-1,19,3,7,-1,0,0,0,0,0,0,3,1,-1,9,2,63,9,999,1,11,SEAT MII,3,E01024879,0,1
2024501464520,2024,501464520,1,9,0,-1,19,7,3,-1,0,0,0,0,0,0,1,1,-1,9,2,80,11,-1,3,4,SEAT MII,5,E01020157,0,1
2024161493052,2024,161493052,2,9,0,-1,2,0,0,-1,0,0,0,0,0,0,2,1,-1,6,-1,-1,-1,999,1,10,SEAT MII,-1,-1,0,-1
2024421462030,2024,421462030,1,9,0,-1,19,2,7,-1,0,0,0,0,0,0,1,1,-1,1,1,33,6,999,1,11,SEAT MII,3,E01021319,0,1
2024411430695,2024,411430695,1,9,0,-1,19,5,1,-1,0,0,0,0,0,0,1,1,-1,9,2,71,10,999,1,11,SEAT MII,7,E01032963,0,4
2024430237341,2024,430237341,2,9,0,18,19,1,5,0,0,8,0,0,1,4,1,1,6,6,1,28,6,999,1,10,SEAT MII,5,E01035736,0,1
2024131535218,2024,131535218,1,9,0,-1,9,2,2,-1,0,1,0,0,0,0,4,1,-1,9,2,18,4,999,1,11,SEAT MII,10,E01011654,0,1
2024131449378,2024,131449378,2,9,0,-1,9,6,2,-1,0,8,0,0,8,0,4,1,-1,9,2,20,4,999,1,7,SEAT MII,6,E01011070,0,2
2024041449588,2024,041449588,2,9,0,-1,19,1,5,-1,0,1,0,0,0,0,3,1,-1,9,2,34,6,999,1,9,SEAT MII,3,E01025225,0,1
2024371516678,2024,371516678,1,9,0,-1,19,5,1,-1,0,0,0,0,0,0,1,1,-1,9,2,64,9,999,1,11,SEAT MII,5,E01030201,0,1
2024451462387,2024,451462387,1,9,0,-1,19,3,7,-1,0,0,0,0,0,0,1,1,-1,1,1,26,6,999,1,10,SEAT MII,6,E01031586,0,3
2024461474474,2024,461474474,2,9,0,-1,19,3,7,-1,0,0,1,0,0,0,1,1,-1,6,1,20,4,999,1,5,SEAT MII,10,E01024233,0,1
2024010531141,2024,010531141,1,9,0,9,9,5,3,0,0,8,0,0,0,0,3,1,3,7,1,43,7,999,1,12,SEAT MII,-1,-1,0,-1
2024131504270,2024,131504270,2,9,0,-1,4,3,7,-1,0,2,0,0,0,0,2,1,-1,2,1,59,9,999,1,8,SEAT MII,9,E01013341,0,4
2024141531474,2024,141531474,1,9,0,-1,9,7,4,-1,0,5,0,0,0,0,1,2,-1,9,1,43,7,999,1,5,SEAT MII,4,E01008142,0,1
2024440095697,2024,440095697,1,9,0,5,5,3,7,0,0,4,0,0,0,0,1,1,6,6,2,20,4,999,1,8,SEAT MII,9,E01017046,0,1
2024122400721,2024,122400721,3,9,0,18,19,1,5,0,0,0,0,0,0,0,2,1,6,6,1,24,5,999,1,7,SEAT MII,6,E01029907,0,5
2024141399698,2024,141399698,2,9,0,-1,2,0,0,-1,0,0,1,4,0,0,2,1,-1,6,-1,-1,-1,999,1,11,SEAT MII,-1,-1,0,-1
2024351398850,2024,351398850,1,9,0,-1,2,0,0,-1,0,1,0,0,0,0,2,1,-1,6,2,28,6,698,1,19,SMART CITY,8,E01018268,0,1
2024361513896,2024,361513896,2,9,0,-1,19,1,5,-1,0,0,0,0,0,0,4,1,-1,6,2,43,7,698,1,20,SMART CITY,6,E01026613,0,2
2024052401492,2024,052401492,2,9,0,9,9,1,7,0,0,8,0,0,0,0,4,1,6,6,2,32,6,698,1,19,SMART CITY,1,E01007215,0,1
2024501414950,2024,501414950,1,9,0,-1,19,4,8,-1,0,2,0,0,0,0,1,1,-1,2,1,18,4,698,1,19,SMART CITY,8,E01018899,0,3