collision_index,collision_year,collision_ref_no,vehicle_reference,vehicle_type,towing_and_articulation,vehicle_manoeuvre_historic,vehicle_manoeuvre,vehicle_direction_from,vehicle_direction_to,vehicle_location_restricted_lane_historic,vehicle_location_restricted_lane,junction_location,skidding_and_overturning,hit_object_in_carriageway,vehicle_leaving_carriageway,hit_object_off_carriageway,first_point_of_impact,vehicle_left_hand_drive,journey_purpose_of_driver_historic,journey_purpose_of_driver,sex_of_driver,age_of_driver,age_band_of_driver,engine_capacity_cc,propulsion_code,age_of_vehicle,generic_make_model,driver_imd_decile,lsoa_of_driver,escooter_flag,driver_distance_banding
2024010496914,2024,010496914,1,3,0,18,19,2,6,0,0,1,0,0,0,0,1,1,6,6,1,24,5,125,1,5,YAMAHA MWS,2,E01000508,0,1
2024061532191,2024,061532191,1,3,0,-1,19,1,5,-1,0,2,0,0,0,0,2,1,-1,1,1,49,8,125,1,2,YAMAHA MWS,-1,-1,0,-1
2024010526920,2024,010526920,1,3,9,99,99,9,9,99,99,9,9,99,9,99,9,1,6,6,3,31,6,125,1,4,YAMAHA MWS,4,E01035686,0,1
2024010544058,2024,010544058,1,3,0,14,14,3,7,0,0,1,0,0,0,0,2,1,6,6,1,40,7,125,1,1,YAMAHA MWS,10,E01000458,0,2
2024430077644,2024,430077644,2,9,0,18,19,7,3,0,0,1,0,0,0,0,1,1,6,6,3,-1,-1,2776,2,10,MAKE AND MODEL REDACTED,-1,-1,0,-1
2024461486420,2024,461486420,1,9,0,-1,19,1,5,-1,0,0,0,0,0,0,1,1,-1,9,1,82,11,2776,2,17,MAKE AND MODEL REDACTED,8,E01024237,0,2
2024421421066,2024,421421066,2,9,0,-1,10,3,1,-1,0,1,0,0,0,0,2,1,-1,9,2,48,8,2776,2,18,MAKE AND MODEL REDACTED,5,E01021844,0,1
2024010536666,2024,010536666,2,9,0,17,19,7,3,0,0,0,0,0,0,0,3,1,6,6,2,68,10,3301,1,18,MAKE AND MODEL REDACTED,3,E01001825,0,1
2024231420064,2024,231420064,3,9,0,-1,19,3,7,-1,0,0,0,0,0,0,1,1,-1,9,1,57,9,2777,2,13,MAKE AND MODEL REDACTED,3,E01018893,0,5
2024311452142,2024,311452142,2,9,0,-1,3,1,5,-1,0,1,0,0,0,0,2,1,-1,6,2,40,7,2776,2,18,MAKE AND MODEL REDACTED,-1,-1,0,-1
2024351476508,2024,351476508,2,9,0,-1,19,3,7,-1,0,0,0,0,0,0,3,1,-1,7,2,32,6,1560,2,10,CITROEN C4,3,E01030115,0,1
2024041481173,2024,041481173,2,9,0,-1,19,7,3,-1,0,0,0,0,0,0,4,1,-1,9,1,80,11,1499,2,4,CITROEN C4,5,E01024954,0,1
202460Q153178,2024,60Q153178,1,9,0,5,5,5,1,0,0,4,0,0,0,0,1,1,6,6,2,58,9,-1,3,1,CITROEN C4,-1,-1,0,-1
2024371465159,2024,371465159,1,9,0,-1,19,5,1,-1,0,0,0,0,1,0,1,1,-1,9,2,58,9,1200,1,8,CITROEN C4,5,E01021994,0,4
2024061453531,2024,061453531,1,9,0,-1,9,5,3,-1,0,0,0,0,0,0,3,1,-1,6,2,49,8,1560,2,17,CITROEN C4,6,E01005550,0,1
2024221456206,2024,221456206,1,9,0,-1,19,5,8,-1,0,1,0,4,0,0,3,1,-1,9,1,85,11,1499,2,1,CITROEN C4,6,E01032296,0,1
2024430145074,2024,430145074,3,9,0,3,3,2,6,0,0,0,0,0,0,0,2,1,6,6,1,52,8,1560,2,12,CITROEN C4,7,E01017928,0,4
2024631468004,2024,631468004,1,9,4,-1,9,3,8,-1,0,6,0,0,0,0,3,1,-1,9,1,78,11,1560,2,9,CITROEN C4,6,W01000709,0,2
2024161418543,2024,161418543,2,9,0,-1,19,5,1,-1,0,8,1,0,1,0,3,1,-1,6,1,70,10,1200,1,7,CITROEN C4,6,E01013036,0,3
2024131453463,2024,131453463,1,9,0,-1,14,3,7,-1,0,1,0,0,0,0,1,2,-1,9,1,52,8,1199,1,2,CITROEN C4,7,E01011112,0,3
2024351530611,2024,351530611,1,8,0,-1,19,1,5,-1,0,0,0,0,0,0,1,1,-1,1,1,49,8,1560,2,8,CITROEN C4,4,E01018145,0,1
2024131482316,2024,131482316,1,9,0,-1,19,5,1,-1,0,0,0,0,0,0,4,1,-1,6,1,60,9,1560,2,9,CITROEN C4,9,E01011194,0,4
2024010524127,2024,010524127,1,9,0,2,2,0,0,0,0,1,0,0,0,0,4,1,6,6,3,-1,-1,1560,2,16,CITROEN C4,-1,-1,0,-1
2024631454683,2024,631454683,2,9,0,-1,4,2,6,-1,0,1,0,0,0,0,2,1,-1,2,2,30,6,1560,2,9,CITROEN C4,7,W01000690,0,1
2024501518324,2024,501518324,1,9,0,-1,7,1,3,-1,0,6,0,0,0,0,3,1,-1,2,2,28,6,1200,1,8,CITROEN C4,2,E01031808,0,5
2024361483930,2024,361483930,3,9,-1,-1,-1,-1,-1,-1,-1,0,-1,-1,-1,0,-1,1,-1,6,1,53,8,1499,2,6,CITROEN C4,6,E01026462,0,2
2024351516800,2024,351516800,1,9,0,-1,13,5,1,-1,0,0,0,0,0,0,2,1,-1,6,2,41,7,1199,1,0,CITROEN C4,7,E01026240,0,1
2024991441696,2024,991441696,1,9,0,-1,19,5,1,-1,0,0,1,4,0,0,1,1,-1,9,1,35,6,1199,1,1,CITROEN C4,1,-1,0,4
2024522401561,2024,522401561,1,9,0,16,19,8,3,0,0,8,0,0,0,0,1,1,6,6,1,35,6,1560,2,11,CITROEN C4,2,E01014643,0,1
2024501481700,2024,501481700,2,9,0,-1,19,2,6,-1,0,0,1,0,0,0,1,1,-1,6,2,58,9,1560,2,11,CITROEN C4,6,E01020161,0,1
2024131442831,2024,131442831,1,9,0,-1,19,5,1,-1,0,0,0,0,0,0,3,1,-1,6,2,74,10,1499,2,4,CITROEN C4,4,E01011799,0,1
2024131507874,2024,131507874,2,9,0,-1,5,5,1,-1,0,4,0,0,0,0,1,1,-1,2,1,50,8,1560,2,9,CITROEN C4,1,E01010731,0,1
2024461398372,2024,461398372,2,9,0,-1,4,2,4,-1,0,0,0,0,0,0,2,9,-1,6,1,42,7,1997,2,8,CITROEN C4,2,E01024019,0,1
2024552400350,2024,552400350,1,9,0,7,7,7,1,0,0,5,0,0,0,0,4,1,6,6,2,39,7,1560,2,9,CITROEN C4,7,E01015457,0,1
2024161449129,2024,161449129,2,9,0,-1,19,6,2,-1,0,0,0,0,1,0,3,1,-1,6,1,37,7,1560,2,7,CITROEN C4,8,E01012955,0,4
2024161452214,2024,161452214,2,9,0,-1,2,0,0,-1,0,0,0,0,0,0,3,1,-1,6,-1,-1,-1,1200,1,4,CITROEN C4,-1,-1,0,-1
2024010514338,2024,010514338,4,9,0,18,19,3,7,0,0,0,0,0,0,0,2,1,6,6,1,29,6,1560,2,9,CITROEN C4,2,E01000484,0,4
2024052402583,2024,052402583,1,9,0,5,5,3,7,0,0,0,0,0,0,0,1,1,1,1,1,53,8,1997,2,15,CITROEN C4,1,E01035368,0,3
2024401498313,2024,401498313,2,9,0,-1,3,-1,-1,-1,0,4,0,0,0,0,2,1,-1,9,1,26,6,1997,2,9,CITROEN C4,5,E01015718,0,1
2024991464272,2024,991464272,2,9,0,-1,19,2,6,-1,0,0,0,2,0,0,1,1,-1,6,2,18,4,1200,1,7,CITROEN C4,-1,-1,0,-1
2024991507771,2024,991507771,2,9,0,-1,19,1,5,-1,0,0,0,0,0,0,4,2,-1,9,2,53,8,1200,1,9,CITROEN C4,-1,-1,0,-1
2024991458704,2024,991458704,1,9,0,-1,19,6,2,-1,0,0,5,4,0,0,1,1,-1,6,2,33,6,1199,1,1,CITROEN C4,-1,-1,0,-1
2024991467918,2024,991467918,2,9,0,-1,19,1,5,-1,0,0,0,0,0,0,1,1,-1,9,2,35,6,1560,2,12,CITROEN C4,10,-1,0,4
2024131496275,2024,131496275,2,9,0,-1,19,6,2,-1,0,8,0,0,0,0,4,1,-1,6,1,35,6,1560,2,15,CITROEN C4,5,E01011161,0,2
2024161415457,2024,161415457,2,9,0,-1,2,0,0,-1,0,0,0,0,0,0,3,1,-1,6,-1,-1,-1,1560,2,12,CITROEN C4,-1,-1,0,-1
2024041497108,2024,041497108,1,9,0,-1,1,5,1,-1,0,1,0,0,0,0,2,1,-1,9,2,37,7,1997,2,16,CITROEN C4,1,E01025248,0,1
2024221492043,2024,221492043,1,9,0,-1,19,7,3,-1,0,0,0,0,0,0,1,9,-1,6,1,67,10,1200,1,2,CITROEN C4,-1,-1,0,-1
2024010539792,2024,010539792,2,9,0,99,99,9,9,99,99,9,9,99,9,99,9,9,6,6,1,68,10,1560,2,8,CITROEN C4,4,E01004037,0,1
2024991426248,2024,991426248,1,9,0,-1,19,2,6,-1,0,0,1,0,7,0,1,1,-1,6,2,72,10,1560,2,9,CITROEN C4,9,-1,0,2
2024221414245,2024,221414245,1,9,0,-1,19,1,4,-1,0,6,1,0,0,0,3,9,-1,6,1,63,9,1560,2,8,CITROEN C4,4,E01002599,0,5
2024461491483,2024,461491483,1,9,0,-1,5,3,7,-1,0,1,0,0,0,0,1,1,-1,9,1,66,10,1560,2,12,CITROEN C4,5,E01024201,0,1
2024070792132,2024,070792132,1,9,0,-1,19,6,2,-1,4,0,0,0,0,0,1,1,-1,6,2,42,7,1560,2,15,CITROEN C4,-1,-1,0,-1
2024471482912,2024,471482912,3,9,0,-1,19,1,5,-1,0,1,0,0,0,0,3,1,-1,9,1,34,6,1560,2,15,CITROEN C4,5,E01021089,0,1
2024361469564,2024,361469564,2,9,-1,-1,2,-1,-1,-1,0,0,0,0,0,0,2,9,-1,6,3,-1,-1,1560,2,12,CITROEN C4,-1,-1,0,-1
2024451478528,2024,451478528,2,9,0,-1,19,3,7,-1,0,0,0,0,0,0,2,1,-1,9,2,35,6,1798,1,16,CITROEN C4,10,E01001019,0,4
2024451448557,2024,451448557,2,9,0,-1,19,5,1,-1,0,1,0,0,0,0,1,1,-1,9,2,42,7,1560,2,8,CITROEN C4,9,E01022587,0,3
2024401494868,2024,401494868,2,9,0,-1,4,6,2,-1,0,1,0,0,0,0,2,1,-1,6,2,31,6,1560,2,19,CITROEN C4,4,E01017522,0,1
2024041445198,2024,041445198,1,9,0,-1,19,5,1,-1,0,0,0,0,0,0,1,1,-1,9,2,73,10,1200,1,6,CITROEN C4,4,E01025394,0,1
2024351509368,2024,351509368,1,9,0,-1,9,5,1,-1,0,1,0,0,0,0,2,1,-1,9,2,43,7,1200,1,7,CITROEN C4,8,E01018050,0,1
2024552400551,2024,552400551,1,9,0,18,19,8,4,0,0,0,0,0,0,0,1,1,2,2,1,35,6,1560,2,6,CITROEN C4,6,E01020453,0,3
2024361442914,2024,361442914,1,9,0,-1,19,6,3,-1,0,0,0,0,0,0,1,1,-1,6,1,20,4,1560,2,10,CITROEN C4,2,E01016458,0,5
2024221407210,2024,221407210,2,9,0,-1,19,7,3,-1,0,8,0,0,0,0,1,1,-1,6,1,42,7,1560,2,14,CITROEN C4,10,E01014181,0,1
2024010506210,2024,010506210,1,9,0,18,19,7,3,0,0,0,0,0,0,0,1,1,6,6,1,39,7,1587,1,17,CITROEN C4,-1,-1,0,-1
2024440129439,2024,440129439,2,9,0,9,9,3,2,0,0,8,0,0,0,0,4,1,6,6,2,39,7,1560,2,9,CITROEN C4,5,E01017016,0,1
2024010516647,2024,010516647,2,9,9,99,99,9,9,99,99,9,9,99,9,99,9,9,6,6,3,-1,-1,1560,2,8,CITROEN C4,-1,-1,0,-1
2024010529849,2024,010529849,2,9,0,18,19,8,4,0,0,8,0,0,0,0,1,1,6,6,2,37,7,1200,1,6,CITROEN C4,2,E01001528,0,1
2024141414618,2024,141414618,2,9,0,-1,13,2,6,-1,0,0,0,0,0,0,1,9,-1,6,1,23,5,1560,2,10,CITROEN C4,1,E01008097,0,2
2024131472811,2024,131472811,2,9,0,-1,19,1,1,-1,0,8,0,0,0,0,4,1,-1,6,1,19,4,1200,1,3,CITROEN C4,3,E01010791,0,1
2024010515739,2024,010515739,2,9,0,99,99,9,9,99,99,9,9,99,9,99,2,9,6,6,3,-1,-1,1199,1,2,CITROEN C4,-1,-1,0,-1
2024302401087,2024,302401087,3,9,0,16,19,8,2,0,0,2,0,0,0,0,2,1,2,2,2,27,6,1200,1,9,CITROEN C4,3,E01013547,0,1
2024320039279,2024,320039279,2,9,0,2,2,0,0,0,0,0,0,0,0,0,1,1,6,6,1,52,8,1560,2,14,CITROEN C4,3,E01026270,0,1
2024552401189,2024,552401189,1,9,0,1,1,6,5,0,0,5,0,0,0,0,3,1,6,6,1,48,8,1200,1,8,CITROEN C4,6,E01009556,0,5
2024622500017,2024,622500017,1,9,0,9,9,8,6,0,0,1,0,0,0,0,1,1,6,6,1,21,5,1199,1,1,CITROEN C4,10,W01001848,0,1
2024440013132,2024,440013132,1,9,0,4,4,7,3,0,0,1,1,0,0,0,1,1,2,2,2,45,7,1997,2,11,CITROEN C4,10,E01020420,0,2
2024010545601,2024,010545601,1,9,0,18,19,5,1,0,0,1,0,0,0,0,1,1,2,2,1,49,8,1587,1,18,CITROEN C4,6,E01002124,0,2
2024211492763,2024,211492763,2,9,0,-1,19,8,2,-1,0,0,0,0,0,0,1,1,-1,9,2,53,8,1560,2,7,CITROEN C4,-1,-1,0,-1
2024361519852,2024,361519852,3,9,0,-1,2,0,0,-1,0,0,0,0,0,0,0,1,-1,1,1,55,8,1560,2,11,CITROEN C4,6,E01021980,0,5
2024543042124,2024,543042124,2,9,0,18,19,8,4,0,0,1,0,0,4,0,4,1,6,6,1,64,9,1560,2,9,CITROEN C4,5,E01029222,0,4
2024471476681,2024,471476681,1,9,0,-1,19,7,3,-1,0,0,5,0,0,0,1,1,-1,9,2,37,7,1560,2,9,CITROEN C4,5,E01021109,0,1
2024430407207,2024,430407207,1,9,0,18,19,5,1,0,0,0,-1,0,0,0,1,1,6,6,1,-1,-1,1199,1,2,CITROEN C4,10,E01035425,0,2
2024461453108,2024,461453108,1,9,0,-1,19,3,7,-1,0,1,0,0,0,0,1,1,-1,9,1,61,9,1560,2,12,CITROEN C4,1,E01016031,0,1
2024531531066,2024,531531066,1,9,0,-1,4,5,1,-1,0,0,0,4,0,0,1,1,-1,2,1,54,8,1200,1,8,CITROEN C4,10,E01032940,0,1
2024031395434,2024,031395434,1,9,0,-1,9,4,8,-1,0,0,0,0,0,0,3,2,-1,9,1,33,6,1560,2,13,CITROEN C4,3,E01033268,0,5
2024622400318,2024,622400318,1,9,0,9,9,2,1,0,0,6,0,7,0,0,1,1,6,6,1,68,10,1499,2,2,CITROEN C4,2,W01001866,0,1
2024161495012,2024,161495012,2,9,0,-1,5,8,4,-1,0,1,0,0,0,0,1,1,-1,9,1,77,11,1560,2,17,CITROEN C4,2,E01012763,0,1
2024371465231,2024,371465231,1,9,0,-1,19,-1,-1,-1,-1,0,-1,-1,-1,0,-1,9,-1,6,1,39,7,1560,2,16,CITROEN C4,8,E01029901,0,1
2024332400971,2024,332400971,1,9,0,-1,9,6,5,-1,0,5,0,0,0,0,4,1,-1,9,1,67,10,1997,2,9,CITROEN C4,8,E01032600,0,1
2024361412466,2024,361412466,1,9,0,-1,4,1,5,-1,0,0,0,0,0,0,1,1,-1,9,1,67,10,1560,2,16,CITROEN C4,6,E01026649,0,3
2024421515572,2024,421515572,3,9,0,-1,3,4,7,-1,0,0,0,0,0,0,2,1,-1,6,1,37,7,1587,1,16,CITROEN C4,4,E01022041,0,2
2024522401295,2024,522401295,1,9,0,18,19,6,1,0,0,0,0,0,0,0,1,1,6,6,1,34,6,1199,1,1,CITROEN C4,4,E01015258,0,5
2024440542771,2024,440542771,1,9,0,18,19,4,8,0,0,1,0,0,0,0,1,1,6,6,1,18,4,1587,1,19,CITROEN C4,10,E01023172,0,1
2024461406257,2024,461406257,2,9,0,-1,2,0,0,-1,0,2,0,0,0,0,2,1,-1,6,2,27,6,1560,2,8,CITROEN C4,8,E01024261,0,1
2024122401051,2024,122401051,1,9,0,18,19,7,3,0,0,6,0,0,0,0,2,1,6,6,2,31,6,1200,1,7,CITROEN C4,7,E01027600,0,3
2024440392200,2024,440392200,1,9,0,18,19,3,5,0,0,1,0,0,7,0,1,1,2,2,2,38,7,1560,2,8,CITROEN C4,7,E01023271,0,2
2024131418805,2024,131418805,1,9,0,-1,19,3,7,-1,0,0,0,0,0,0,1,1,-1,9,2,36,7,1560,2,12,CITROEN C4,4,E01011073,0,1
2024010497966,2024,010497966,1,9,0,1,1,5,3,9,9,5,0,4,0,0,1,1,3,7,2,48,8,-1,3,1,CITROEN C4,5,E01002584,0,1
2024440490840,2024,440490840,1,9,0,9,9,3,1,0,0,6,0,0,0,0,1,1,6,6,2,76,11,1560,2,13,CITROEN C4,6,E01032884,0,1
2024501501650,2024,501501650,1,9,0,-1,19,8,4,-1,0,0,0,0,0,0,2,1,-1,9,2,46,8,1560,2,7,CITROEN C4,3,E01015167,0,1
2024440032626,2024,440032626,3,9,0,18,19,2,6,0,0,8,0,0,0,0,3,1,1,1,1,-1,-1,1560,2,11,CITROEN C4,9,E01004687,0,5
2024411469191,2024,411469191,1,9,0,-1,19,2,6,-1,0,0,0,7,1,11,1,1,-1,9,1,65,9,-1,3,2,CITROEN C4,6,E01000459,0,4
2024211428722,2024,211428722,1,9,0,-1,7,8,2,-1,0,1,5,0,3,0,1,9,-1,6,1,54,8,1200,1,6,CITROEN C4,6,E01029488,0,1
2024991443345,2024,991443345,1,9,0,-1,19,1,5,-1,0,0,0,0,1,0,1,1,-1,9,2,70,10,1560,2,13,CITROEN C4,-1,-1,0,-1
2024461478268,2024,461478268,1,9,0,-1,19,7,3,-1,0,0,1,0,0,0,1,1,-1,9,1,32,6,1560,2,15,CITROEN C4,9,E01021229,0,2
2024041446374,2024,041446374,2,9,0,-1,19,5,1,-1,0,8,0,0,1,0,1,1,-1,6,1,21,5,1560,2,15,CITROEN C4,1,E01012657,0,1
2024320495272,2024,320495272,2,8,0,-1,-1,8,4,0,0,1,0,0,0,0,1,1,1,1,2,33,6,1560,2,11,CITROEN C4,1,E01026094,0,1
2024421528765,2024,421528765,1,9,0,-1,9,6,4,-1,0,5,1,99,0,0,1,1,-1,6,1,63,9,1587,1,16,CITROEN C4,-1,-1,0,-1
2024010541552,2024,010541552,1,9,0,18,19,5,1,0,0,8,0,0,0,0,4,1,6,6,2,48,8,-1,3,3,CITROEN C4,5,E01000467,0,1
2024430604613,2024,430604613,1,9,0,12,12,1,5,0,0,0,0,0,0,0,2,1,6,6,1,33,6,1560,2,9,CITROEN C4,4,E01016518,0,4
2024070142616,2024,070142616,2,9,0,18,19,5,1,0,0,0,0,0,0,0,3,1,6,6,1,60,9,1560,2,8,CITROEN C4,1,E01007274,0,3
2024231451244,2024,231451244,1,9,0,-1,19,3,7,-1,0,8,0,0,0,0,1,1,-1,1,2,38,7,1560,2,8,CITROEN C4,9,E01027006,0,2
2024440351514,2024,440351514,2,9,0,18,19,1,5,0,0,2,0,0,0,0,3,1,6,6,2,39,7,1200,1,7,CITROEN C4,8,E01022633,0,1
2024340WN4682,2024,340WN4682,2,9,0,-1,3,3,7,-1,0,0,0,0,0,0,2,1,-1,9,1,40,7,1200,1,9,CITROEN C4,6,E01035421,0,1
2024201517561,2024,201517561,4,9,0,-1,3,5,1,-1,0,0,0,0,0,0,2,1,-1,6,1,63,9,1199,1,2,CITROEN C4,10,E01025835,0,4
2024501491689,2024,501491689,1,9,0,-1,19,6,2,-1,0,1,0,0,0,0,1,1,-1,9,1,43,7,1560,2,9,CITROEN C4,1,E01015048,0,2
2024501437981,2024,501437981,2,9,0,-1,20,0,0,-1,0,2,0,0,0,0,1,1,-1,6,-1,-1,-1,1199,1,0,CITROEN C4,-1,-1,0,-1
2024010533539,2024,010533539,2,9,0,5,5,7,3,0,0,2,0,0,0,0,1,1,2,2,1,38,7,1560,2,6,CITROEN C4,4,E01000912,0,2
2024201461793,2024,201461793,2,9,0,-1,2,0,0,-1,0,0,0,0,0,0,1,1,-1,6,1,28,6,1560,2,6,CITROEN C4,2,E01009014,0,1
2024430412709,2024,430412709,1,9,0,13,13,8,4,0,0,0,2,0,0,1,1,1,1,1,1,27,6,1587,1,16,CITROEN C4,10,E01028624,0,4
2024411475959,2024,411475959,1,9,0,-1,5,5,1,-1,0,2,0,0,0,0,4,1,-1,6,2,45,7,1560,2,8,CITROEN C4,8,E01034363,0,2
2024201579927,2024,201579927,2,9,0,-1,19,5,1,-1,0,2,0,0,0,0,2,1,-1,9,2,43,7,1560,2,8,CITROEN C4,1,E01009202,0,1
2024421403998,2024,421403998,1,9,0,-1,19,3,6,-1,0,0,0,0,0,0,1,9,-1,6,1,81,11,1200,1,7,CITROEN C4,8,E01021719,0,1
2024010503957,2024,010503957,1,9,0,18,19,4,8,0,0,8,0,0,0,0,1,1,6,6,1,33,6,-1,3,1,CITROEN C4,2,E01001875,0,1
2024622400020,2024,622400020,1,9,0,4,4,3,7,0,0,8,0,0,1,7,2,1,6,6,1,87,11,1560,2,15,CITROEN C4,10,W01001134,0,1
2024421466760,2024,421466760,2,9,0,-1,19,3,7,-1,0,2,1,0,0,0,4,1,-1,9,1,30,6,1200,1,9,CITROEN C4,4,E01021506,0,1
2024501514342,2024,501514342,2,9,0,-1,2,0,0,-1,0,0,0,0,0,0,3,1,-1,6,2,29,6,1560,2,8,CITROEN C4,6,E01018915,0,1
2024231460242,2024,231460242,1,9,0,-1,19,4,8,-1,0,8,0,0,0,0,1,1,-1,6,1,44,7,1560,2,15,CITROEN C4,7,E01028474,0,4
2024010500637,2024,010500637,1,9,0,99,99,9,9,99,99,0,9,99,9,99,2,9,2,2,2,35,6,1200,1,4,CITROEN C4,3,E01033945,0,1
2024371457913,2024,371457913,2,9,0,-1,19,2,6,-1,0,0,0,0,0,0,3,2,-1,6,1,28,6,1200,1,6,CITROEN C4,7,E01030143,0,1
2024122400744,2024,122400744,1,9,0,17,19,1,6,0,0,2,1,0,1,3,1,1,1,1,1,36,7,1997,2,9,CITROEN C4,1,E01012085,0,3
2024610010124,2024,610010124,1,9,0,17,19,6,3,0,0,0,1,0,1,0,1,1,6,6,2,70,10,1997,2,9,CITROEN C4,3,W01001429,0,1
2024311400949,2024,311400949,2,9,0,-1,19,7,3,-1,0,0,0,0,0,0,1,1,-1,6,1,80,11,1560,2,11,CITROEN C4,5,E01019439,0,3
2024351559719,2024,351559719,3,9,0,-1,3,0,0,-1,0,1,0,0,0,0,1,1,-1,6,2,27,6,1560,2,15,CITROEN C4,7,E01027033,0,3
2024041497911,2024,041497911,2,9,0,-1,19,5,1,-1,0,1,0,0,0,0,2,1,-1,7,2,36,7,1997,2,8,CITROEN C4,6,E01025541,0,1
2024010503105,2024,010503105,1,9,0,99,99,9,9,99,99,0,9,99,9,99,9,9,6,6,1,56,9,1200,1,5,CITROEN C4,2,E01004423,0,1
2024543716524,2024,543716524,2,9,0,18,19,3,7,0,0,1,0,0,0,0,3,1,6,6,2,65,9,1560,2,8,CITROEN C4,6,E01015478,0,1
2024320078699,2024,320078699,1,9,0,-1,-1,2,6,0,0,1,0,0,0,0,1,1,6,6,1,87,11,1560,2,10,CITROEN C4,1,E01026149,0,1
2024302400518,2024,302400518,3,9,0,2,2,0,0,0,0,0,0,0,0,0,3,1,6,6,2,86,11,1560,2,12,CITROEN C4,9,E01019627,0,2
2024471516942,2024,471516942,1,9,0,-1,9,2,7,-1,0,5,0,0,0,0,1,2,-1,9,2,57,9,1200,1,10,CITROEN C4,6,E01031464,0,1
2024411443586,2024,411443586,1,9,0,-1,4,5,1,-1,0,4,0,0,0,0,2,1,-1,6,2,47,8,1560,2,14,CITROEN C4,10,E01023460,0,3
2024010518927,2024,010518927,1,9,0,99,99,9,9,99,99,9,9,99,9,99,2,9,6,6,2,43,7,1560,2,9,CITROEN C4,2,E01001655,0,1
2024501398007,2024,501398007,2,9,0,-1,2,0,0,-1,0,2,0,0,0,0,2,1,-1,6,-1,-1,-1,1997,2,7,CITROEN C4,-1,-1,0,-1
2024041535526,2024,041535526,2,9,0,-1,19,2,6,-1,0,0,0,0,2,3,1,1,-1,9,2,62,9,1560,2,10,CITROEN C4,4,E01025001,0,1
2024231417684,2024,231417684,2,9,0,-1,19,8,6,-1,0,8,0,0,0,0,4,9,-1,9,1,35,6,1560,2,10,CITROEN C4,9,E01031331,0,1
2024991430766,2024,991430766,1,9,0,-1,13,2,6,-1,0,0,5,0,7,11,1,1,-1,1,2,51,8,1200,1,3,CITROEN C4,10,-1,0,4
2024552400515,2024,552400515,2,9,0,4,4,5,1,0,0,0,0,0,0,0,2,1,6,6,2,64,9,1587,1,18,CITROEN C4,8,E01020505,0,1
2024311443157,2024,311443157,2,9,0,-1,2,7,3,-1,0,8,0,0,0,0,2,1,-1,2,2,44,7,1997,2,10,CITROEN C4,1,E01028173,0,1
2024010512346,2024,010512346,1,9,9,99,99,9,9,99,99,9,9,99,9,99,9,9,6,6,1,85,11,1560,2,8,CITROEN C4,3,E01035650,0,1
2024320723962,2024,320723962,1,9,0,-1,-1,1,5,0,0,2,0,4,0,0,1,1,-1,-1,2,60,9,1560,2,10,CITROEN C4,2,E01026084,0,1
2024501472202,2024,501472202,1,9,0,-1,19,7,3,-1,0,0,0,0,1,10,4,1,-1,9,2,26,6,1560,2,12,CITROEN C4,4,E01020309,0,2
2024131467610,2024,131467610,1,9,0,-1,-1,-1,-1,-1,-1,8,-1,-1,-1,0,1,1,-1,6,3,-1,-1,1560,2,12,CITROEN C4,-1,-1,0,-1
2024201397989,2024,201397989,2,9,0,-1,4,8,3,-1,0,1,0,0,0,0,2,9,-1,9,2,34,6,1560,2,13,CITROEN C4,3,E01010005,0,1
2024471397499,2024,471397499,2,9,0,-1,9,8,6,-1,0,6,0,0,0,0,3,1,-1,6,2,34,6,1560,2,6,CITROEN C4,8,E01016929,0,1
2024122400249,2024,122400249,1,9,0,18,19,5,1,0,0,3,0,0,0,0,1,1,6,6,1,76,11,1560,2,8,CITROEN C4,5,E01027916,0,2
2024141414667,2024,141414667,1,9,0,-1,7,5,7,-1,0,8,0,0,0,0,1,9,-1,2,1,34,6,1200,1,6,CITROEN C4,8,E01008038,0,1
2024361528372,2024,361528372,1,9,0,-1,1,1,4,-1,0,1,0,0,7,0,2,1,-1,1,1,45,7,1587,1,16,CITROEN C4,2,E01026865,0,1
2024531405017,2024,531405017,1,9,0,-1,9,1,7,-1,0,5,0,0,0,0,4,1,-1,9,1,82,11,1560,2,12,CITROEN C4,8,E01022144,0,1
2024351460354,2024,351460354,4,9,0,-1,19,4,8,-1,0,0,0,0,0,0,2,1,-1,2,2,41,7,1200,1,8,CITROEN C4,9,E01018303,0,1
2024547762824,2024,547762824,1,9,0,18,19,5,1,0,0,0,0,0,0,0,1,1,6,6,1,26,6,1200,1,6,CITROEN C4,9,E01032105,0,3
2024991406235,2024,991406235,2,9,0,-1,19,6,2,-1,0,0,0,0,0,0,1,1,-1,9,2,42,7,1200,1,3,CITROEN C4,1,-1,0,4
2024141469408,2024,141469408,2,9,0,-1,13,6,2,-1,0,1,0,0,0,0,1,1,-1,6,1,31,6,1200,1,9,CITROEN C4,1,E01008116,0,1
2024351452041,2024,351452041,2,9,0,-1,19,2,6,-1,0,1,0,0,0,0,1,1,-1,9,2,64,9,1560,2,12,CITROEN C4,6,E01018052,0,2