collision_index,collision_year,collision_ref_no,vehicle_reference,vehicle_type,towing_and_articulation,vehicle_manoeuvre_historic,vehicle_manoeuvre,vehicle_direction_from,vehicle_direction_to,vehicle_location_restricted_lane_historic,vehicle_location_restricted_lane,junction_location,skidding_and_overturning,hit_object_in_carriageway,vehicle_leaving_carriageway,hit_object_off_carriageway,first_point_of_impact,vehicle_left_hand_drive,journey_purpose_of_driver_historic,journey_purpose_of_driver,sex_of_driver,age_of_driver,age_band_of_driver,engine_capacity_cc,propulsion_code,age_of_vehicle,generic_make_model,driver_imd_decile,lsoa_of_driver,escooter_flag,driver_distance_banding
2024010515829,2024,010515829,1,9,0,18,19,1,5,0,0,0,0,0,0,0,0,1,2,2,1,53,8,1587,1,19,CITROEN C4,9,E01004115,0,2
2024010507569,2024,010507569,2,9,0,99,99,9,9,99,99,6,9,99,9,99,9,9,6,6,3,-1,-1,1587,1,16,CITROEN C4,-1,-1,0,-1
2024231531709,2024,231531709,1,9,0,-1,4,1,5,-1,0,0,1,0,0,0,1,1,-1,6,1,36,7,1560,2,8,CITROEN C4,4,E01008891,0,3
2024440154529,2024,440154529,1,9,0,3,3,7,3,0,0,1,0,0,0,0,2,1,6,6,1,62,9,1560,2,13,CITROEN C4,10,E01022624,0,3
2024451408430,2024,451408430,2,9,0,-1,19,4,6,-1,0,0,0,0,1,0,2,1,-1,9,1,56,9,1200,1,6,CITROEN C4,6,E01016218,0,4
2024610057924,2024,610057924,2,9,0,18,19,9,9,0,0,1,0,0,0,0,1,1,6,6,2,-1,-1,1560,2,10,CITROEN C4,1,W01001473,0,1
2024201501070,2024,201501070,1,9,0,-1,19,2,6,-1,0,0,0,0,0,0,4,1,-1,6,2,59,9,1560,2,9,CITROEN C4,1,E01009019,0,1
2024421521455,2024,421521455,1,9,0,-1,19,5,1,-1,0,1,0,0,0,0,1,1,-1,6,1,-1,-1,1200,1,3,CITROEN C4,-1,-1,0,-1
2024141463178,2024,141463178,1,9,0,-1,5,2,4,-1,0,8,0,0,0,0,3,1,-1,9,2,28,6,1560,2,9,CITROEN C4,1,E01007531,0,1
2024440505314,2024,440505314,2,9,0,4,4,3,7,0,0,4,0,0,0,0,2,1,1,1,1,-1,-1,1199,1,0,CITROEN C4,-1,-1,0,-1
2024111521110,2024,111521110,1,9,0,-1,19,2,6,-1,0,0,0,0,0,0,1,1,-1,6,2,40,7,1560,2,11,CITROEN C4,3,E01020591,0,1
2024010531283,2024,010531283,1,9,0,99,99,9,9,0,0,1,0,4,1,10,1,1,6,6,1,26,6,1199,1,1,CITROEN C4,2,E01002100,0,2
2024010504878,2024,010504878,1,9,0,99,99,9,9,99,99,9,9,99,9,99,3,9,6,6,1,47,8,1200,1,5,CITROEN C4,3,E01024608,0,4
2024430066979,2024,430066979,1,9,0,18,19,6,2,0,0,0,0,0,0,0,4,1,6,6,2,59,9,1560,2,7,CITROEN C4,10,E01028428,0,1
2024991428565,2024,991428565,1,9,0,-1,19,4,8,-1,0,0,1,0,0,0,1,1,-1,6,1,31,6,1560,2,14,CITROEN C4,6,-1,0,2
2024461520585,2024,461520585,2,9,0,-1,9,7,3,-1,0,4,0,0,1,0,1,2,-1,2,2,21,5,1598,1,11,CITROEN C4,4,E01024557,0,2
2024461486087,2024,461486087,1,9,0,-1,10,5,6,-1,0,3,0,0,1,0,4,1,-1,6,1,54,8,1997,2,12,CITROEN C4,4,E01017034,0,5
2024010495164,2024,010495164,1,9,0,18,19,1,5,0,0,0,0,0,0,0,2,1,1,1,1,43,7,1560,2,9,CITROEN C4,-1,-1,0,-1
2024501443716,2024,501443716,2,9,0,-1,3,3,7,-1,0,1,0,0,0,0,2,9,-1,6,2,39,7,1560,2,10,CITROEN C4,8,E01019988,0,1
2024440373816,2024,440373816,2,9,0,7,7,8,1,0,0,6,0,0,0,0,1,1,6,6,1,50,8,1560,2,10,CITROEN C4,2,E01015539,0,4
2024531507425,2024,531507425,3,9,0,-1,2,0,0,-1,0,0,0,0,0,0,1,1,-1,6,-1,-1,-1,1200,1,8,CITROEN C4,-1,-1,0,-1
2024010512046,2024,010512046,1,9,0,7,7,1,4,0,0,2,0,0,0,0,0,1,6,6,1,59,9,1200,1,8,CITROEN C4,3,E01003263,0,1
2024461417772,2024,461417772,1,9,0,-1,19,1,5,-1,0,0,2,0,1,4,1,1,-1,1,1,52,8,1200,1,4,CITROEN C4,1,E01020985,0,4
2024401519136,2024,401519136,1,9,-1,-1,-1,-1,-1,-1,-1,-1,-1,-1,-1,0,-1,9,-1,6,1,-1,-1,1997,2,9,CITROEN C4,7,E01033817,0,2
2024461489102,2024,461489102,1,9,0,-1,4,1,5,-1,0,1,0,0,0,0,4,9,-1,6,2,-1,-1,1560,2,7,CITROEN C4,9,E01016086,0,1
2024101445361,2024,101445361,2,9,0,-1,7,3,7,-1,0,1,1,0,7,10,1,1,-1,9,2,38,7,1560,2,8,CITROEN C4,9,E01027509,0,1
2024451471656,2024,451471656,1,9,0,-1,12,3,7,-1,0,0,0,0,0,0,4,1,-1,9,1,70,10,1199,1,0,CITROEN C4,-1,-1,0,-1
2024231486415,2024,231486415,3,9,0,-1,19,2,6,-1,0,0,0,0,0,0,4,9,-1,6,1,52,8,1560,2,12,CITROEN C4,2,E01009943,0,4
2024052402027,2024,052402027,2,9,0,4,4,2,7,0,0,1,0,0,0,0,2,1,1,1,3,-1,-1,-1,3,2,CITROEN C4,-1,-1,0,-1
2024351407595,2024,351407595,1,9,0,-1,19,4,8,-1,0,0,1,0,1,0,1,1,-1,9,1,55,8,1560,2,9,CITROEN C4,8,E01018203,0,4
2024010508575,2024,010508575,1,9,0,18,19,7,3,0,0,1,1,0,0,0,3,1,1,1,2,56,9,1200,1,3,CITROEN C4,4,E01000066,0,1
2024131470565,2024,131470565,3,9,0,-1,19,4,8,-1,0,8,0,0,0,0,3,1,-1,9,2,54,8,1500,2,3,CITROEN C4,7,E01011329,0,2
2024311533077,2024,311533077,3,9,0,-1,2,5,1,-1,0,0,5,4,1,0,2,1,-1,6,-1,-1,-1,1560,2,17,CITROEN C4,-1,-1,0,-1
2024471511434,2024,471511434,2,9,0,-1,7,1,2,-1,0,8,0,0,2,0,2,1,-1,6,1,49,8,1560,2,15,CITROEN C4,3,E01031752,0,2
2024991396554,2024,991396554,1,9,0,-1,9,8,3,-1,0,8,0,0,0,0,3,2,-1,2,2,42,7,1560,2,16,CITROEN C4,6,-1,0,1
2024501405634,2024,501405634,1,9,0,-1,19,6,2,-1,0,0,0,0,0,0,1,1,-1,7,1,38,7,1560,2,8,CITROEN C4,4,E01019071,0,2
2024041507180,2024,041507180,2,9,0,-1,19,5,5,-1,0,0,0,0,0,0,2,1,-1,9,1,51,8,1200,1,5,CITROEN C4,4,E01025335,0,1
2024041467334,2024,041467334,3,9,0,-1,2,0,0,-1,0,0,0,0,0,0,2,1,-1,6,-1,-1,-1,1560,2,13,CITROEN C4,-1,-1,0,-1
2024421441572,2024,421441572,2,9,0,-1,15,8,3,-1,0,0,0,0,0,0,1,1,-1,9,2,31,6,1560,2,11,CITROEN C4,6,E01021714,0,1
2024201485926,2024,201485926,2,9,0,-1,3,6,2,-1,0,0,0,0,0,0,2,1,-1,6,-1,-1,-1,1560,2,9,CITROEN C4,-1,-1,0,-1
2024302400330,2024,302400330,2,9,0,18,19,8,4,0,0,8,0,0,0,0,4,1,2,2,1,47,8,1560,2,17,CITROEN C4,10,E01019462,0,1
2024010535748,2024,010535748,2,9,9,99,99,9,9,99,99,9,9,99,9,99,9,9,6,6,3,-1,-1,1598,1,15,CITROEN C4,-1,-1,0,-1
2024010531449,2024,010531449,1,9,0,99,99,9,9,99,99,9,9,99,9,99,1,9,6,6,2,72,10,1200,1,4,CITROEN C4,8,E01000886,0,2
2024061528931,2024,061528931,1,9,0,-1,19,-1,-1,-1,0,8,0,0,0,0,4,1,-1,6,2,54,8,1560,2,6,CITROEN C4,5,E01005455,0,1
2024231524265,2024,231524265,1,9,0,-1,19,4,8,-1,0,0,1,11,1,4,3,1,-1,2,1,68,10,1200,1,7,CITROEN C4,6,E01031061,0,3
2024141423372,2024,141423372,2,9,0,-1,5,7,3,-1,0,0,0,0,0,0,1,1,-1,9,1,23,5,1560,2,10,CITROEN C4,1,E01008097,0,2
2024010509921,2024,010509921,1,9,0,99,99,9,9,99,99,9,9,99,9,99,9,9,6,6,2,38,7,1200,1,5,CITROEN C4,6,E01004728,0,1
2024231529550,2024,231529550,1,9,0,-1,19,8,4,-1,0,8,0,0,0,0,3,9,-1,6,1,79,11,1560,2,10,CITROEN C4,5,E01031327,0,1
2024010548856,2024,010548856,2,9,0,99,99,9,9,99,99,0,9,99,9,99,2,9,6,6,3,-1,-1,1587,1,19,CITROEN C4,-1,-1,0,-1
2024320253660,2024,320253660,2,9,0,-1,-1,4,8,0,0,8,0,0,0,0,3,1,-1,-1,1,62,9,1560,2,10,CITROEN C4,4,E01026067,0,4
2024131449585,2024,131449585,1,9,0,-1,19,1,5,-1,0,8,0,0,0,0,3,1,-1,9,2,55,8,1560,2,14,CITROEN C4,3,E01011776,0,1
2024451461992,2024,451461992,3,9,0,-1,19,1,5,-1,0,1,0,0,0,0,1,1,-1,9,2,50,8,1200,1,9,CITROEN C4,8,E01004131,0,4
2024320503028,2024,320503028,1,9,0,9,9,7,4,0,0,8,0,0,0,0,1,1,6,6,2,-1,-1,1500,2,3,CITROEN C4,-1,-1,0,-1
2024552401314,2024,552401314,1,9,0,18,19,6,2,0,0,4,0,0,0,0,1,1,6,6,2,58,9,1560,2,15,CITROEN C4,7,E01031993,0,4
2024111430829,2024,111430829,1,9,0,-1,9,2,8,-1,0,6,0,0,0,0,4,1,-1,6,2,30,6,1560,2,13,CITROEN C4,-1,-1,0,-1
2024010528650,2024,010528650,1,9,0,9,9,5,3,0,0,2,0,0,0,0,1,2,2,2,2,24,5,1200,1,5,CITROEN C4,6,E01004017,0,1
2024451450388,2024,451450388,2,9,0,-1,12,1,5,-1,0,0,0,0,0,0,3,1,-1,9,1,60,9,1560,2,8,CITROEN C4,8,E01001119,0,2
2024411462202,2024,411462202,1,9,0,-1,19,2,2,-1,9,0,0,0,0,0,1,9,-1,6,1,34,6,1560,2,12,CITROEN C4,3,E01023650,0,1
2024361452778,2024,361452778,1,9,0,-1,8,5,1,-1,0,3,0,0,0,0,1,1,-1,9,2,42,7,1200,1,6,CITROEN C4,5,E01026279,0,3
2024552400619,2024,552400619,2,9,0,18,19,8,4,0,0,0,0,0,0,0,1,1,6,6,1,36,7,1560,2,7,CITROEN C4,6,E01020447,0,2
2024501448271,2024,501448271,1,9,0,-1,19,3,6,-1,0,0,2,0,1,4,1,2,-1,9,1,18,4,1560,2,11,CITROEN C4,10,E01020200,0,1
2024052400368,2024,052400368,2,8,0,4,4,6,2,0,0,0,0,0,0,0,2,1,1,1,2,-1,-1,1997,2,12,CITROEN C4,2,E01006725,0,1
2024311403664,2024,311403664,1,9,0,-1,-1,-1,-1,-1,0,0,0,0,0,0,-1,1,-1,6,1,38,7,1560,2,11,CITROEN C4,1,E01013584,0,3
2024552400898,2024,552400898,1,9,0,2,2,0,0,0,0,0,0,0,0,0,3,1,6,6,1,72,10,1997,2,15,CITROEN C4,4,E01020518,0,2
2024440102566,2024,440102566,1,9,0,18,19,8,4,0,0,0,0,0,0,0,1,1,6,6,1,34,6,1560,2,10,CITROEN C4,5,E01031860,0,1
2024131482972,2024,131482972,1,9,0,-1,19,6,2,-1,0,0,0,0,0,0,1,1,-1,9,2,32,6,1200,1,6,CITROEN C4,4,E01011634,0,1
2024461401749,2024,461401749,2,9,0,-1,19,3,7,-1,0,0,0,0,0,0,3,9,-1,7,2,47,8,1560,2,8,CITROEN C4,7,E01024260,0,1
2024161436575,2024,161436575,2,9,0,-1,12,1,5,-1,0,0,0,0,0,0,1,1,-1,1,1,44,7,1560,2,9,CITROEN C4,3,E01012907,0,1
2024440160207,2024,440160207,3,9,0,3,3,2,6,0,0,1,0,0,0,0,2,1,6,6,3,-1,-1,1560,2,15,CITROEN C4,-1,-1,0,-1
2024430626328,2024,430626328,1,9,0,3,3,-1,-1,0,0,4,0,0,0,0,2,1,6,6,1,62,9,1499,2,1,CITROEN C4,-1,-1,0,-1
2024552400916,2024,552400916,2,9,0,18,19,6,2,0,0,8,0,0,0,0,4,1,6,6,1,34,6,1560,2,9,CITROEN C4,6,E01020510,0,1
2024010545564,2024,010545564,1,9,0,99,99,9,9,99,99,9,9,99,9,99,0,9,6,6,1,42,7,1997,2,7,CITROEN C4,4,E01002591,0,1
2024010499917,2024,010499917,1,9,0,99,99,9,9,99,99,9,9,99,9,99,9,9,6,6,1,52,8,1560,2,7,CITROEN C4,6,E01003435,0,1
2024471500023,2024,471500023,2,9,0,-1,2,0,0,-1,0,1,0,0,0,0,4,1,-1,6,-1,-1,-1,1997,2,10,CITROEN C4,-1,-1,0,-1
2024311446316,2024,311446316,1,9,0,-1,10,6,4,-1,0,6,0,0,0,0,1,9,-1,6,2,24,5,1587,1,17,CITROEN C4,-1,-1,0,-1
2024131521660,2024,131521660,4,9,0,-1,2,0,0,-1,0,0,0,0,0,0,1,1,-1,1,1,41,7,1560,2,12,CITROEN C4,2,E01011786,0,1
2024141424568,2024,141424568,1,9,0,-1,3,7,3,-1,0,0,0,0,0,0,2,1,-1,9,2,34,6,1560,2,8,CITROEN C4,4,E01019485,0,3
2024010550959,2024,010550959,2,8,0,99,99,9,9,99,99,9,9,99,9,99,2,9,6,6,3,-1,-1,1560,2,7,CITROEN C4,-1,-1,0,-1
2024010535383,2024,010535383,1,9,0,9,9,2,8,0,0,1,0,0,0,0,3,1,6,6,2,56,9,1560,2,12,CITROEN C4,4,E01004729,0,1
2024211466459,2024,211466459,2,9,0,-1,3,5,1,-1,0,0,0,4,0,0,2,1,-1,6,1,57,9,1997,2,14,CITROEN C4,6,E01025759,0,4
2024302400578,2024,302400578,3,9,0,18,19,3,7,0,0,0,0,0,0,0,2,1,6,6,2,55,8,1560,2,12,CITROEN C4,4,E01013938,0,3
2024543613924,2024,543613924,2,9,0,18,19,5,1,0,0,0,0,0,1,9,1,1,6,6,2,36,7,1560,2,11,CITROEN C4,7,E01015576,0,2
2024520401965,2024,520401965,1,9,0,7,7,6,1,0,0,8,0,0,0,0,1,1,6,6,1,24,5,1360,1,14,CITROEN C4,2,E01029239,0,4
2024440185281,2024,440185281,2,9,0,9,9,8,6,0,0,1,0,0,0,0,3,1,6,6,2,25,5,1560,2,14,CITROEN C4,2,E01022913,0,2
2024461487855,2024,461487855,1,9,0,-1,19,3,7,-1,0,0,0,0,0,0,2,9,-1,6,1,-1,-1,1560,2,14,CITROEN C4,2,E01024263,0,2
2024411453742,2024,411453742,3,9,0,-1,19,5,1,-1,0,0,0,0,0,0,0,1,-1,6,2,35,6,1560,2,12,CITROEN C4,4,E01027313,0,4
2024411427191,2024,411427191,2,9,0,-1,3,5,1,-1,0,1,0,0,0,0,4,1,-1,6,2,36,7,1560,2,9,CITROEN C4,7,E01017376,0,1
2024061516967,2024,061516967,2,9,0,-1,15,-1,-1,-1,0,1,1,0,1,0,1,1,-1,6,3,-1,-1,1560,2,10,CITROEN C4,-1,-1,0,-1
2024231436936,2024,231436936,1,9,0,-1,1,4,8,-1,9,0,0,0,0,0,2,1,-1,9,1,83,11,1997,2,17,CITROEN C4,4,E01031045,0,1
2024201510071,2024,201510071,2,9,0,-1,2,0,0,-1,0,0,0,0,0,0,4,9,-1,6,1,53,8,1997,2,17,CITROEN C4,1,E01009335,0,1
2024052400588,2024,052400588,1,9,0,18,19,3,7,0,0,1,0,0,0,0,1,1,6,6,2,40,7,1560,2,10,CITROEN C4,1,E01007019,0,1
2024131443775,2024,131443775,1,9,0,-1,11,5,4,-1,0,8,0,0,0,0,4,1,-1,9,2,44,7,1560,2,8,CITROEN C4,9,E01011565,0,1
2024351462245,2024,351462245,1,9,-1,-1,-1,-1,-1,-1,-1,0,-1,-1,-1,0,3,9,-1,6,1,-1,-1,1560,2,13,CITROEN C4,-1,-1,0,-1
2024041478344,2024,041478344,2,9,0,-1,19,1,5,-1,0,8,0,0,0,0,1,1,-1,9,1,32,6,1560,2,16,CITROEN C4,4,E01025030,0,2
2024471475319,2024,471475319,1,9,0,-1,9,5,3,-1,0,6,0,0,0,0,1,1,-1,2,2,47,8,1997,1,17,CITROEN C4,7,E01021160,0,1
2024401415688,2024,401415688,4,9,0,-1,11,5,1,-1,0,0,0,0,0,0,2,1,-1,6,1,56,9,1560,2,10,CITROEN C4,10,E01016816,0,4
2024010539163,2024,010539163,2,9,9,99,99,9,9,99,99,5,9,99,9,99,9,9,6,6,3,-1,-1,1560,2,7,CITROEN C4,3,E01003334,0,1
2024122400399,2024,122400399,2,9,0,18,19,3,7,0,0,2,0,0,0,0,1,1,1,1,2,24,5,1560,2,7,CITROEN C4,7,E01027738,0,3
2024471469001,2024,471469001,1,9,0,-1,19,1,4,-1,0,1,0,0,0,0,2,1,-1,6,1,35,6,1560,2,10,CITROEN C4,7,E01031618,0,2
2024141476758,2024,141476758,1,9,0,-1,3,5,1,-1,0,8,0,0,0,0,2,1,-1,9,1,75,10,1560,2,10,CITROEN C4,8,E01019479,0,2
2024520401542,2024,520401542,2,9,0,3,3,6,1,0,0,8,0,0,0,0,2,1,6,6,2,40,7,1200,1,7,CITROEN C4,6,E01032631,0,1
2024371431554,2024,371431554,1,9,0,-1,19,0,0,-1,0,0,0,4,0,0,4,1,-1,6,2,39,7,1560,2,7,CITROEN C4,-1,-1,0,-1
2024371529530,2024,371529530,5,9,0,-1,19,3,7,-1,0,0,0,0,0,0,1,1,-1,9,2,37,7,1499,2,1,CITROEN C4,7,E01033454,0,3
2024340WN0232,2024,340WN0232,1,9,0,-1,19,8,4,-1,0,1,0,0,0,0,1,1,-1,1,1,47,8,1200,1,3,CITROEN C4,10,E01027298,0,1
2024451467699,2024,451467699,1,9,0,-1,9,3,1,-1,0,8,0,0,0,0,3,1,-1,9,1,59,9,1997,2,10,CITROEN C4,10,E01030966,0,1
2024351475197,2024,351475197,1,9,0,-1,19,5,1,-1,0,3,1,9,1,1,1,1,-1,9,1,46,8,1560,2,11,CITROEN C4,2,E01015643,0,2
2024461416234,2024,461416234,1,9,0,-1,4,3,7,-1,0,0,0,0,0,0,2,1,-1,2,2,45,7,1560,2,11,CITROEN C4,5,E01024181,0,2
2024461523633,2024,461523633,3,9,0,-1,4,7,3,-1,0,0,0,0,0,0,2,1,-1,9,1,32,6,1199,1,1,CITROEN C4,3,E01034166,0,5
2024991400867,2024,991400867,2,9,0,-1,3,5,1,-1,0,0,0,0,0,0,2,2,-1,9,1,30,6,1560,2,8,CITROEN C4,8,-1,0,1
2024361436931,2024,361436931,1,9,0,-1,19,3,1,-1,0,2,0,0,0,0,1,1,-1,6,1,44,7,1560,2,13,CITROEN C4,6,E01026580,0,2
2024201459610,2024,201459610,2,9,0,-1,19,3,1,-1,0,8,0,7,0,0,4,1,-1,6,1,41,7,1560,2,7,CITROEN C4,2,E01009064,0,1
2024991533093,2024,991533093,1,9,0,-1,9,1,6,-1,0,2,0,0,0,0,1,1,-1,9,1,53,8,1560,2,9,CITROEN C4,7,-1,0,1
2024371432951,2024,371432951,2,9,0,-1,19,5,2,-1,0,8,0,0,0,0,2,1,-1,9,1,18,4,1200,1,3,CITROEN C4,3,E01029998,0,1
2024361465494,2024,361465494,1,9,0,-1,6,4,2,-1,0,0,0,0,0,0,1,1,-1,6,1,85,11,1560,2,7,CITROEN C4,4,E01026713,0,1
2024531421307,2024,531421307,1,9,0,-1,19,5,1,-1,0,0,0,0,0,0,1,1,-1,9,1,48,8,1560,2,7,CITROEN C4,6,E01034323,0,4
2024544949824,2024,544949824,1,9,0,7,7,2,6,0,0,5,0,0,1,0,3,1,6,6,1,72,10,1997,2,7,CITROEN C4,6,E01031950,0,3
2024430482628,2024,430482628,1,9,0,18,19,4,8,0,0,8,0,0,0,0,3,1,6,6,2,36,7,1587,1,16,CITROEN C4,8,E01016679,0,1
2024440431690,2024,440431690,1,9,0,3,3,4,8,0,0,1,0,0,0,0,2,1,6,6,1,46,8,1560,2,10,CITROEN C4,7,E01020468,0,4
2024302400879,2024,302400879,2,9,0,18,19,2,6,0,0,2,0,0,0,0,0,1,6,6,1,30,6,1560,2,9,CITROEN C4,9,E01019790,0,1
2024320487664,2024,320487664,2,9,0,4,4,3,7,0,0,1,0,0,0,0,2,1,-1,-1,1,19,4,1560,2,9,CITROEN C4,4,E01026034,0,2
2024501472236,2024,501472236,1,9,0,-1,9,4,3,-1,0,8,0,0,0,0,1,1,-1,9,2,52,8,1199,1,2,CITROEN C4,7,E01015107,0,2
2024311399625,2024,311399625,1,9,0,-1,19,3,7,-1,0,0,0,0,0,0,1,1,-1,2,1,43,7,-1,3,2,CITROEN C4,5,E01013931,0,1
2024622400355,2024,622400355,1,9,0,18,19,6,2,0,0,0,0,0,0,0,1,1,6,6,2,56,9,1200,1,9,CITROEN C4,3,W01001869,0,1
2024141422790,2024,141422790,2,9,0,-1,2,2,2,-1,0,0,0,0,0,0,3,1,-1,7,2,40,7,1560,2,9,CITROEN C4,2,E01008056,0,1
2024302401487,2024,302401487,1,9,0,16,19,3,6,0,0,2,1,0,0,0,3,1,3,7,2,67,10,1560,2,8,CITROEN C4,10,E01019670,0,1
2024010519079,2024,010519079,2,9,0,18,19,9,9,99,99,3,9,99,9,99,2,9,6,6,3,36,7,1199,1,0,CITROEN C4,7,E01001587,0,2
2024991542276,2024,991542276,1,9,0,-1,7,8,3,-1,0,1,0,0,0,0,1,1,-1,6,2,36,7,1199,1,2,CITROEN C4,9,-1,0,2
202417H101024,2024,17H101024,1,9,0,9,9,2,8,0,0,8,0,0,0,0,1,1,6,6,1,61,9,1560,2,17,CITROEN C4,-1,-1,0,-1
2024302401712,2024,302401712,1,9,0,18,19,1,5,0,0,1,0,0,0,0,4,1,3,7,2,52,8,1560,2,9,CITROEN C4,2,E01013512,0,1
202460Q095504,2024,60Q095504,2,9,0,2,2,0,0,0,0,0,0,0,0,0,4,1,6,6,1,40,7,1560,2,10,CITROEN C4,-1,-1,0,-1
2024161417812,2024,161417812,2,9,0,-1,19,6,2,-1,0,0,0,0,0,0,2,1,-1,9,1,54,8,1997,2,17,CITROEN C4,4,E01013047,0,3
2024440089006,2024,440089006,2,9,0,18,19,8,4,0,0,8,0,0,0,0,1,1,2,2,2,37,7,1560,2,8,CITROEN C4,2,E01017053,0,1
2024141494368,2024,141494368,1,9,0,-1,9,5,5,-1,0,3,0,0,0,0,1,1,-1,9,2,30,6,1200,1,8,CITROEN C4,5,E01008099,0,1
2024552400478,2024,552400478,2,9,0,18,19,8,4,0,0,8,0,0,0,0,4,1,6,6,2,22,5,1560,2,12,CITROEN C4,1,E01029046,0,4
2024201448691,2024,201448691,1,9,0,-1,13,3,7,-1,0,0,0,0,0,0,3,1,-1,9,2,30,6,1560,2,9,CITROEN C4,-1,-1,0,-1
2024211400073,2024,211400073,2,9,-1,-1,-1,-1,-1,-1,-1,-1,-1,-1,-1,0,-1,9,-1,9,1,32,6,1560,2,16,CITROEN C4,3,E01010290,0,3
2024041519831,2024,041519831,2,9,0,-1,3,4,8,-1,0,0,0,0,0,0,2,1,-1,2,2,33,6,1560,2,10,CITROEN C4,7,E01025496,0,3
2024430180370,2024,430180370,1,9,0,18,19,6,2,0,0,0,0,0,0,0,3,1,6,6,2,58,9,1560,2,12,CITROEN C4,3,E01023157,0,4
2024201466111,2024,201466111,1,9,0,-1,19,4,8,-1,0,0,0,0,0,0,1,9,-1,6,1,42,7,1560,2,8,CITROEN C4,6,E01009681,0,3
2024351516390,2024,351516390,1,9,0,-1,19,3,7,-1,0,0,0,0,0,0,1,1,-1,6,3,-1,-1,1560,2,12,CITROEN C4,-1,-1,0,-1
2024461458138,2024,461458138,2,9,0,-1,19,5,1,-1,0,1,0,0,0,0,3,1,-1,9,2,34,6,1560,2,7,CITROEN C4,3,E01016173,0,3
2024471450482,2024,471450482,3,9,0,-1,2,0,0,-1,0,0,0,4,0,0,2,1,-1,9,1,56,9,1560,2,11,CITROEN C4,2,E01031437,0,1
2024010555469,2024,010555469,1,9,9,99,99,9,9,99,99,9,9,99,9,99,9,9,6,6,2,66,10,1199,1,1,CITROEN C4,-1,-1,0,-1
2024471499256,2024,471499256,1,9,0,-1,19,7,3,-1,0,8,0,0,0,0,1,9,-1,6,2,33,6,1560,2,13,CITROEN C4,4,E01031434,0,2
2024201433826,2024,201433826,1,9,0,-1,19,4,8,-1,0,8,0,0,0,0,1,9,-1,6,2,37,7,1560,2,8,CITROEN C4,4,E01031170,0,3
2024549821824,2024,549821824,2,9,0,4,4,7,2,0,0,1,0,0,0,0,2,1,6,6,2,31,6,1560,2,9,CITROEN C4,3,E01032118,0,2
2024010498149,2024,010498149,1,9,0,18,19,9,9,99,99,9,9,99,9,99,2,9,1,1,1,46,8,1560,2,8,CITROEN C4,9,E01003896,0,4
2024311411427,2024,311411427,1,9,0,-1,9,1,6,-1,0,2,0,0,0,0,1,1,-1,6,1,47,8,1560,2,13,CITROEN C4,-1,-1,0,-1
2024010539608,2024,010539608,2,9,0,99,99,9,9,99,99,9,9,99,9,99,2,9,6,6,3,-1,-1,1200,1,4,CITROEN C4,-1,-1,0,-1
2024161465005,2024,161465005,2,9,0,-1,19,4,8,-1,0,1,0,0,0,0,1,1,-1,9,2,75,10,1997,1,16,CITROEN C4,9,E01034755,0,2
2024101457253,2024,101457253,2,9,0,-1,7,1,4,-1,0,8,0,10,0,0,1,1,-1,6,1,64,9,1560,2,17,CITROEN C4,3,E01008286,0,2
2024010545122,2024,010545122,1,9,9,3,3,1,5,99,99,9,9,99,9,99,2,1,6,6,2,-1,-1,1560,2,6,CITROEN C4,3,E01002408,0,1
2024552400662,2024,552400662,1,9,0,9,9,4,2,0,0,6,0,0,0,0,4,1,2,2,2,34,6,1560,2,12,CITROEN C4,7,E01015454,0,1
202460Q179328,2024,60Q179328,1,9,0,5,5,7,3,0,0,6,0,0,0,0,3,1,2,2,1,40,7,1560,2,9,CITROEN C4,-1,-1,0,-1
2024610048424,2024,610048424,2,9,0,18,19,4,8,0,0,0,1,0,0,0,1,1,6,6,1,30,6,1200,1,8,CITROEN C4,5,W01001430,0,3
2024010537605,2024,010537605,2,9,0,18,19,3,7,0,0,0,0,0,0,0,3,2,6,6,3,-1,-1,1560,2,8,CITROEN C4,-1,-1,0,-1
2024522402663,2024,522402663,2,9,0,4,4,6,2,0,0,0,0,0,0,0,2,1,6,6,1,42,7,1499,2,1,CITROEN C4,5,W01002019,0,4
2024411489413,2024,411489413,2,9,0,-1,19,1,5,-1,0,0,0,0,0,0,3,1,-1,6,1,46,8,1560,2,9,CITROEN C4,7,E01025654,0,5
2024991439024,2024,991439024,1,9,0,-1,9,3,1,-1,0,5,0,0,0,0,1,1,-1,6,1,31,6,1499,2,5,CITROEN C4,8,-1,0,1
2024052401483,2024,052401483,2,9,0,3,3,5,1,0,0,0,1,0,0,0,2,1,6,6,2,37,7,1560,2,15,CITROEN C4,3,E01006587,0,1
2024311494960,2024,311494960,1,9,0,-1,19,4,8,-1,0,0,0,0,0,0,3,1,-1,6,1,66,10,1499,2,2,CITROEN C4,-1,-1,0,-1
2024201512590,2024,201512590,1,9,0,-1,19,4,8,-1,0,0,0,0,0,0,1,9,-1,6,2,48,8,1200,1,3,CITROEN C4,5,E01009798,0,1