collision_index,collision_year,collision_ref_no,vehicle_reference,vehicle_type,towing_and_articulation,vehicle_manoeuvre_historic,vehicle_manoeuvre,vehicle_direction_from,vehicle_direction_to,vehicle_location_restricted_lane_historic,vehicle_location_restricted_lane,junction_location,skidding_and_overturning,hit_object_in_carriageway,vehicle_leaving_carriageway,hit_object_off_carriageway,first_point_of_impact,vehicle_left_hand_drive,journey_purpose_of_driver_historic,journey_purpose_of_driver,sex_of_driver,age_of_driver,age_band_of_driver,engine_capacity_cc,propulsion_code,age_of_vehicle,generic_make_model,driver_imd_decile,lsoa_of_driver,escooter_flag,driver_distance_banding
2024351503337,2024,351503337,4,9,0,-1,4,5,1,-1,0,0,0,0,0,0,2,1,-1,6,1,39,7,1968,2,7,AUDI A4,9,E01026955,0,4
2024010514782,2024,010514782,2,9,0,99,99,9,9,99,99,9,9,99,9,99,1,9,6,6,3,52,8,1395,1,6,AUDI A4,3,E01003088,0,1
2024221536290,2024,221536290,1,9,0,-1,19,2,5,-1,0,0,0,0,1,10,1,9,-1,9,2,38,7,1896,2,20,AUDI A4,6,W01001437,0,4
2024131459456,2024,131459456,2,9,0,-1,19,1,5,-1,0,8,0,0,0,0,4,1,-1,9,1,54,8,1968,2,13,AUDI A4,3,E01010584,0,1
2024471473194,2024,471473194,1,9,0,-1,19,3,7,-1,0,1,0,0,0,0,1,1,-1,9,1,40,7,1984,1,10,AUDI A4,6,E01031376,0,1
2024010497480,2024,010497480,1,9,0,18,19,1,5,0,0,1,0,0,1,2,4,1,6,6,1,28,6,1968,2,14,AUDI A4,4,E01003767,0,2
2024061396353,2024,061396353,2,9,0,-1,3,3,7,-1,0,0,0,0,0,0,2,1,-1,6,1,28,6,1984,1,1,AUDI A4,7,E01006303,0,1
2024552400683,2024,552400683,2,9,0,18,19,5,1,0,0,8,0,0,0,0,3,1,6,6,1,25,5,1986,2,19,AUDI A4,1,E01020552,0,1
2024351443117,2024,351443117,3,9,0,-1,-1,-1,-1,-1,-1,0,-1,-1,-1,0,-1,9,-1,6,3,-1,-1,1984,1,8,AUDI A4,-1,-1,0,-1
2024552401014,2024,552401014,1,9,0,12,12,2,6,0,0,0,0,0,0,0,4,1,6,6,1,33,6,1968,2,8,AUDI A4,3,E01032751,0,4
2024122400548,2024,122400548,2,9,0,18,19,7,3,0,0,0,0,0,0,0,2,1,6,6,3,-1,-1,1986,2,18,AUDI A4,-1,-1,0,-1
2024440298113,2024,440298113,2,9,0,18,19,7,3,0,0,1,0,0,0,0,1,1,6,6,1,28,6,1968,2,16,AUDI A4,2,E01017202,0,1
2024430290344,2024,430290344,1,9,0,18,19,4,8,0,0,8,0,0,0,0,1,1,6,6,1,57,9,1968,2,15,AUDI A4,7,E01016613,0,3
2024201397151,2024,201397151,1,9,0,-1,9,8,4,-1,0,6,0,0,0,0,1,1,-1,6,2,40,7,1968,2,7,AUDI A4,-1,-1,0,-1
2024544947124,2024,544947124,1,9,0,18,19,7,3,0,0,0,0,0,0,0,1,1,6,6,1,87,11,1968,2,8,AUDI A4,8,E01031865,0,4
2024041488269,2024,041488269,1,9,0,-1,9,3,5,-1,0,8,0,0,0,0,1,1,-1,6,2,40,7,1968,2,15,AUDI A4,7,E01025568,0,1
2024421523963,2024,421523963,1,9,0,-1,19,7,3,-1,0,0,9,0,0,0,1,1,-1,6,1,-1,-1,2976,1,20,AUDI A4,-1,-1,0,-1
2024010520909,2024,010520909,1,9,0,7,7,5,8,0,0,0,1,0,0,0,1,1,6,6,1,44,7,3123,1,17,AUDI A4,-1,-1,0,-1
2024010534230,2024,010534230,3,9,0,14,14,7,3,0,0,2,0,0,0,0,1,1,6,6,3,-1,-1,1968,2,12,AUDI A4,-1,-1,0,-1
2024340NN3212,2024,340NN3212,2,9,0,-1,19,3,7,-1,0,1,0,0,0,0,1,1,-1,2,2,52,8,1968,2,11,AUDI A4,1,E01027083,0,1
2024991523059,2024,991523059,2,9,0,-1,2,0,0,-1,0,0,0,0,0,0,3,1,-1,6,-1,-1,-1,1968,2,10,AUDI A4,-1,-1,0,-1
2024201455272,2024,201455272,2,9,0,-1,5,1,5,-1,0,0,0,0,0,0,4,9,-1,9,1,44,7,1968,2,14,AUDI A4,4,E01009236,0,1
2024421533182,2024,421533182,2,9,0,-1,19,8,4,-1,0,1,0,0,0,0,1,1,-1,6,1,37,7,1395,1,6,AUDI A4,6,E01021714,0,1
2024111499308,2024,111499308,1,9,0,-1,13,7,4,-1,0,0,0,0,0,0,1,1,-1,9,2,26,6,1986,2,18,AUDI A4,1,E01012093,0,4
2024421405043,2024,421405043,1,9,0,-1,11,7,3,-1,0,0,0,0,0,0,1,1,-1,9,1,51,8,2698,2,15,AUDI A4,6,E01003713,0,3
2024471499717,2024,471499717,1,9,0,-1,9,5,3,-1,0,5,0,0,0,0,3,1,-1,2,2,46,8,1395,1,8,AUDI A4,9,E01017003,0,1
2024201436186,2024,201436186,1,9,0,-1,9,8,5,-1,0,0,0,0,0,0,1,1,-1,6,1,29,6,1968,2,15,AUDI A4,2,E01010047,0,1
2024122400420,2024,122400420,1,9,0,2,2,0,0,0,0,1,0,0,0,0,0,1,6,6,1,29,6,1968,2,10,AUDI A4,10,E01013378,0,1
2024061500758,2024,061500758,2,9,0,-1,9,1,7,-1,0,2,0,0,0,0,3,1,-1,6,1,32,6,1984,1,8,AUDI A4,8,E01004918,0,1
2024141451633,2024,141451633,1,9,0,-1,9,3,5,-1,0,1,0,0,0,0,3,1,-1,2,1,51,8,1968,2,14,AUDI A4,5,E01028024,0,2
2024010537274,2024,010537274,2,9,0,99,99,9,9,99,99,9,9,99,9,99,9,9,6,6,3,-1,-1,1984,1,5,AUDI A4,-1,-1,0,-1
2024421419294,2024,421419294,1,9,0,-1,5,-1,-1,-1,0,4,0,0,0,0,1,1,-1,6,2,43,7,3197,1,16,AUDI A4,7,E01021807,0,1
2024201513017,2024,201513017,2,9,0,-1,2,0,0,-1,0,0,0,0,0,0,3,9,-1,9,1,32,6,1968,2,15,AUDI A4,3,E01009294,0,1
2024061453371,2024,061453371,2,9,0,-1,19,8,2,-1,0,1,0,0,0,0,0,1,-1,8,1,36,7,2967,2,1,AUDI A4,4,E01005730,0,4
202417H103724,2024,17H103724,1,9,0,-1,19,4,2,-1,0,0,1,0,6,4,1,1,-1,9,1,17,4,1968,2,15,AUDI A4,1,E01011953,0,2
2024461480959,2024,461480959,1,9,0,-1,19,6,1,-1,0,0,0,7,3,1,1,1,-1,9,1,35,6,1984,1,7,AUDI A4,9,E01003847,0,4
2024211535271,2024,211535271,1,9,0,-1,19,7,3,-1,0,0,0,10,7,11,1,1,-1,9,1,39,7,1968,2,8,AUDI A4,6,E01014178,0,3
2024622400584,2024,622400584,1,9,0,14,14,4,8,0,0,0,0,4,0,0,1,1,6,6,1,27,6,1968,2,7,AUDI A4,3,W01001946,0,2
2024221470644,2024,221470644,1,9,0,-1,13,3,7,-1,0,0,0,0,0,0,4,9,-1,6,1,29,6,1896,2,23,AUDI A4,-1,-1,0,-1
2024351417994,2024,351417994,1,9,0,-1,19,7,7,-1,0,0,0,0,0,0,1,9,-1,9,1,32,6,1968,2,11,AUDI A4,9,E01035559,0,1
2024221424997,2024,221424997,1,9,0,-1,19,2,6,-1,0,0,0,0,0,0,1,9,-1,6,2,44,7,1984,1,2,AUDI A4,9,E01034322,0,1
2024471437191,2024,471437191,1,9,0,-1,19,1,5,-1,0,0,0,0,0,0,1,1,-1,2,1,50,8,1984,1,16,AUDI A4,4,E01020924,0,1
2024302400123,2024,302400123,1,9,0,5,5,4,6,0,0,4,0,0,0,0,1,1,6,6,1,35,6,1968,2,8,AUDI A4,1,E01013591,0,1
2024361447782,2024,361447782,2,9,0,-1,2,5,6,-1,0,0,0,0,0,0,0,1,-1,6,1,45,7,1968,2,15,AUDI A4,5,E01026845,0,1
2024221466386,2024,221466386,1,9,0,-1,9,8,6,-1,9,6,0,0,0,0,1,1,-1,6,1,26,6,1968,2,15,AUDI A4,5,E01035073,0,1
2024471463285,2024,471463285,3,9,0,-1,2,0,0,-1,0,1,0,0,0,0,3,1,-1,6,-1,-1,-1,1968,2,11,AUDI A4,-1,-1,0,-1
2024440133574,2024,440133574,4,9,0,3,3,1,5,0,0,1,0,0,0,0,3,1,6,6,1,58,9,1986,2,17,AUDI A4,7,E01028559,0,4
2024211448784,2024,211448784,2,9,0,-1,19,1,5,-1,0,1,0,0,0,0,1,1,-1,6,1,-1,-1,1968,2,14,AUDI A4,-1,-1,0,-1
2024201475625,2024,201475625,3,9,0,-1,19,6,2,-1,0,1,0,0,0,0,3,9,-1,6,1,-1,-1,2967,2,1,AUDI A4,-1,-1,0,-1
2024131506368,2024,131506368,1,9,0,-1,19,3,7,-1,0,8,0,0,0,0,1,1,-1,7,1,48,8,1984,1,19,AUDI A4,1,E01010964,0,1
2024522403152,2024,522403152,2,9,0,9,9,5,3,0,0,6,0,0,0,0,1,1,6,6,1,-1,-1,2967,2,14,AUDI A4,-1,-1,0,-1
2024041514428,2024,041514428,1,9,0,-1,19,5,1,-1,0,0,1,0,5,6,4,1,-1,9,1,21,5,1968,2,14,AUDI A4,1,E01005353,0,4
2024201528769,2024,201528769,1,8,0,-1,19,8,3,-1,0,0,0,0,0,0,1,1,-1,6,1,36,7,1968,2,9,AUDI A4,2,E01009833,0,2
2024041514681,2024,041514681,2,9,0,-1,8,5,1,-1,0,0,0,0,0,0,2,1,-1,2,2,38,7,1798,1,16,AUDI A4,2,E01025480,0,1
2024421462862,2024,421462862,2,9,0,-1,19,7,3,-1,0,1,0,0,0,0,1,1,-1,9,2,31,6,1798,1,10,AUDI A4,10,E01015885,0,1
2024010539311,2024,010539311,1,9,0,5,5,1,5,0,0,0,0,4,0,0,0,1,6,6,1,56,9,1798,1,13,AUDI A4,5,E01002128,0,2
2024221527736,2024,221527736,1,9,0,-1,19,4,8,-1,0,0,0,11,0,0,1,9,-1,9,1,74,10,1395,1,8,AUDI A4,7,E01028833,0,2
2024461520663,2024,461520663,2,9,0,-1,19,5,1,-1,0,0,0,0,0,0,1,1,-1,6,1,54,8,1968,2,3,AUDI A4,6,E01024513,0,3
2024471495049,2024,471495049,3,9,0,-1,2,0,0,-1,0,1,0,0,0,0,2,9,-1,6,-1,-1,-1,1986,2,16,AUDI A4,-1,-1,0,-1
2024141420005,2024,141420005,2,9,0,-1,9,7,4,-1,0,1,0,0,0,0,0,1,-1,1,1,37,7,2967,2,3,AUDI A4,4,E01007607,0,4
2024161468065,2024,161468065,1,9,0,-1,19,8,4,-1,0,0,0,0,7,0,1,1,-1,2,1,58,9,1984,1,4,AUDI A4,9,E01012954,0,2
2024010528666,2024,010528666,1,9,0,18,19,7,3,0,0,6,0,0,0,0,1,1,6,6,1,27,6,2967,2,9,AUDI A4,3,E01000007,0,1
2024201504467,2024,201504467,1,9,0,-1,19,6,2,-1,99,0,0,0,9,0,1,9,-1,6,1,54,8,1968,2,9,AUDI A4,4,E01008955,0,1
2024131490244,2024,131490244,1,9,0,-1,2,5,1,-1,0,1,0,0,0,0,1,1,-1,9,1,33,6,1986,2,18,AUDI A4,2,E01032608,0,1
2024131526742,2024,131526742,2,9,0,-1,9,3,5,-1,0,2,0,0,0,0,4,1,-1,6,1,45,7,1968,2,11,AUDI A4,1,E01011059,0,3
2024991524384,2024,991524384,2,9,0,-1,19,7,3,-1,0,8,0,0,0,0,1,1,-1,1,1,58,9,2598,1,28,AUDI A4,-1,-1,0,-1
2024430222243,2024,430222243,2,9,0,3,3,8,4,0,0,1,0,0,0,0,2,1,6,6,1,50,8,1968,2,5,AUDI A4,10,E01028668,0,2
2024440229894,2024,440229894,1,9,0,18,19,8,4,0,0,8,0,0,0,0,1,1,6,6,2,61,9,1395,1,8,AUDI A4,7,E01030943,0,4
2024552500036,2024,552500036,2,9,0,3,3,8,4,0,0,4,0,0,0,0,2,1,6,6,1,48,8,1968,2,11,AUDI A4,3,E01020564,0,3
2024122500254,2024,122500254,1,9,0,17,19,3,7,0,0,0,0,0,0,0,3,1,1,1,1,50,8,1968,2,0,AUDI A4,7,E01027713,0,4
2024010535731,2024,010535731,2,9,0,6,6,3,3,0,0,1,0,0,0,0,3,1,6,6,1,58,9,1984,1,11,AUDI A4,-1,-1,0,-1
2024070885851,2024,070885851,3,9,0,-1,3,7,3,-1,0,0,0,0,0,0,0,1,-1,2,1,34,6,1984,1,0,AUDI A4,1,E01006706,0,3
2024501396118,2024,501396118,1,9,0,-1,6,3,5,-1,0,0,0,0,0,0,3,9,-1,9,2,33,6,1986,2,17,AUDI A4,1,E01015146,0,1
2024622400846,2024,622400846,1,9,0,18,19,4,8,0,0,0,0,0,0,0,1,1,6,6,1,47,8,1968,2,15,AUDI A4,2,W01000790,0,1
2024522402061,2024,522402061,1,9,0,4,4,8,4,0,0,3,0,0,0,0,2,1,6,6,1,54,8,1968,2,13,AUDI A4,9,E01014872,0,1
2024131518345,2024,131518345,2,9,0,-1,4,5,1,-1,0,2,0,0,0,0,1,1,-1,6,1,52,8,1968,2,8,AUDI A4,2,E01010738,0,1
2024131482048,2024,131482048,1,9,0,-1,19,1,5,-1,0,8,0,0,0,0,1,1,-1,6,2,43,7,1968,2,16,AUDI A4,2,E01011043,0,3
2024141529925,2024,141529925,4,9,0,-1,19,3,7,-1,0,1,0,0,0,0,0,1,-1,1,1,32,6,2967,2,0,AUDI A4,1,E01007902,0,3
2024461441902,2024,461441902,1,9,0,-1,7,4,1,-1,0,1,0,0,0,0,1,1,-1,6,2,47,8,1968,2,5,AUDI A4,5,E01035299,0,1
2024010533177,2024,010533177,1,9,0,99,99,9,9,99,99,9,9,99,9,99,9,9,6,6,1,21,5,1395,1,6,AUDI A4,9,E01004277,0,1
2024211478862,2024,211478862,2,9,0,-1,19,4,8,-1,0,0,0,0,0,0,2,1,-1,9,1,39,7,1968,2,14,AUDI A4,8,E01029713,0,2
2024231471147,2024,231471147,1,9,0,-1,19,8,4,-1,0,0,0,0,7,9,3,9,-1,2,1,23,5,1986,2,18,AUDI A4,3,E01031174,0,2
2024361485286,2024,361485286,1,9,0,-1,19,6,2,-1,0,0,0,0,0,0,3,1,-1,9,1,63,9,1968,2,12,AUDI A4,10,E01026506,0,3
2024631473360,2024,631473360,3,9,0,-1,4,4,8,-1,0,8,0,0,0,0,2,1,-1,6,2,40,7,1968,2,7,AUDI A4,6,W01000574,0,1
2024201477882,2024,201477882,1,9,0,-1,19,3,7,-1,0,2,0,0,0,0,4,9,-1,6,3,30,6,1781,1,21,AUDI A4,-1,-1,0,-1
2024061505826,2024,061505826,1,9,0,-1,19,3,6,-1,0,8,0,0,0,0,1,1,-1,9,1,81,11,1968,2,7,AUDI A4,1,E01006040,0,3
2024501436898,2024,501436898,2,9,0,-1,3,1,7,-1,0,1,0,0,0,0,3,1,-1,6,2,33,6,1968,2,14,AUDI A4,5,E01034643,0,1
2024201421388,2024,201421388,1,9,0,-1,19,8,4,-1,0,1,0,0,0,0,1,1,-1,6,3,20,4,1968,2,16,AUDI A4,-1,-1,0,-1
2024052400128,2024,052400128,2,9,0,18,19,7,3,0,0,0,0,0,0,0,4,1,6,6,1,47,8,2698,2,14,AUDI A4,3,E01006568,0,2
2024010508601,2024,010508601,2,9,0,2,2,0,0,0,0,1,0,0,0,0,2,1,6,6,3,-1,-1,1984,1,1,AUDI A4,-1,-1,0,-1
2024052400049,2024,052400049,1,9,0,4,4,7,3,0,0,0,0,0,0,0,2,1,6,6,1,25,5,1968,2,8,AUDI A4,1,E01012409,0,3
2024101457401,2024,101457401,2,9,0,-1,19,2,6,-1,0,8,1,0,1,4,3,1,-1,6,1,60,9,1968,2,6,AUDI A4,9,E01027465,0,1
2024221525576,2024,221525576,2,9,0,-1,19,6,2,-1,0,8,0,0,0,0,1,9,-1,6,1,20,4,1968,2,16,AUDI A4,7,E01014082,0,2
2024531404533,2024,531404533,2,9,0,-1,10,5,1,-1,0,0,0,0,0,0,2,1,-1,9,1,48,8,1986,2,17,AUDI A4,1,E01034793,0,2
2024461412223,2024,461412223,3,9,0,-1,10,1,7,-1,0,1,0,0,0,0,2,1,-1,2,1,55,8,1968,2,11,AUDI A4,5,E01024054,0,1
2024041428707,2024,041428707,1,9,0,-1,19,1,5,-1,0,0,0,0,0,0,1,1,-1,9,1,31,6,1968,2,9,AUDI A4,6,E01025066,0,3
2024010518731,2024,010518731,1,9,0,99,99,9,9,99,99,9,9,99,9,99,2,9,2,2,1,36,7,1984,1,0,AUDI A4,5,E01002479,0,3
2024131535645,2024,131535645,2,9,0,-1,13,7,1,-1,0,1,0,0,0,0,1,1,-1,9,1,18,4,1968,2,10,AUDI A4,1,E01010679,0,1
2024010521576,2024,010521576,1,9,0,2,2,0,0,0,0,2,0,0,0,0,3,1,6,6,3,-1,-1,1984,1,1,AUDI A4,-1,-1,0,-1
2024302400792,2024,302400792,2,9,0,18,19,8,4,0,0,2,0,0,0,0,1,1,2,2,1,63,9,1968,2,3,AUDI A4,1,E01007916,0,3
2024471413010,2024,471413010,2,9,0,-1,10,5,2,-1,0,1,0,0,0,0,2,1,-1,2,1,40,7,1968,2,16,AUDI A4,8,E01031698,0,3
2024610053524,2024,610053524,1,9,0,2,2,6,2,0,0,0,0,0,0,0,2,1,6,6,1,51,8,1984,1,17,AUDI A4,2,W01001498,0,2
2024010542716,2024,010542716,1,9,0,9,9,3,1,0,0,6,0,0,0,0,1,1,6,6,1,28,6,2967,2,9,AUDI A4,3,E01000007,0,1
2024221452259,2024,221452259,1,9,0,-1,19,8,4,-1,0,0,2,0,1,10,1,1,-1,9,1,27,6,1968,2,13,AUDI A4,5,E01014018,0,2
2024430391903,2024,430391903,2,9,0,18,19,5,1,0,0,0,0,0,0,0,1,1,6,6,2,55,8,2967,2,8,AUDI A4,-1,-1,0,-1
2024141541841,2024,141541841,2,9,0,-1,19,1,5,-1,0,0,0,0,0,0,1,9,-1,6,3,-1,-1,1986,2,17,AUDI A4,-1,-1,0,-1
2024141464416,2024,141464416,1,9,0,-1,7,6,1,-1,0,8,0,0,0,0,1,1,-1,6,1,27,6,1968,2,9,AUDI A4,8,E01011170,0,4
2024041475883,2024,041475883,3,9,0,-1,2,1,5,-1,0,1,0,0,0,0,1,1,-1,9,1,42,7,1968,2,7,AUDI A4,1,E01005070,0,4
2024471513435,2024,471513435,2,9,0,-1,19,3,7,-1,0,1,0,0,0,0,3,1,-1,9,1,58,9,1986,2,18,AUDI A4,6,E01031376,0,2
2024421494874,2024,421494874,1,9,0,-1,19,5,1,-1,0,8,1,0,7,0,1,1,-1,6,1,73,10,1986,2,18,AUDI A4,3,E01021598,0,1
2024041513236,2024,041513236,2,9,0,-1,19,5,1,-1,0,0,0,0,0,0,3,1,-1,2,1,36,7,1968,2,5,AUDI A4,3,E01024879,0,1
2024361399632,2024,361399632,1,9,0,-1,19,2,6,-1,0,0,0,0,0,0,1,1,-1,2,1,39,7,1968,2,11,AUDI A4,6,E01026837,0,1
2024320337172,2024,320337172,2,9,0,-1,-1,2,6,0,0,8,5,0,1,0,3,1,6,6,1,26,6,1968,2,13,AUDI A4,3,E01026064,0,3
2024201511986,2024,201511986,2,9,0,-1,2,0,0,-1,0,0,0,0,0,0,3,1,-1,6,-1,-1,-1,1968,2,4,AUDI A4,-1,-1,0,-1
2024061407921,2024,061407921,1,9,-1,-1,11,3,7,-1,0,8,0,0,0,0,4,9,-1,6,1,-1,-1,1968,2,14,AUDI A4,7,E01004836,0,1
2024131402673,2024,131402673,1,9,0,-1,19,5,1,-1,0,2,0,0,0,0,1,1,-1,2,1,28,6,1968,2,3,AUDI A4,9,E01011118,0,2
2024451497474,2024,451497474,1,9,0,-1,19,7,3,-1,0,0,0,0,0,0,2,1,-1,2,1,20,4,1968,2,15,AUDI A4,4,E01024586,0,4
2024141413254,2024,141413254,1,9,0,-1,19,6,2,-1,0,8,0,0,0,0,1,1,-1,2,1,25,5,1968,2,9,AUDI A4,7,E01007658,0,4
2024451524553,2024,451524553,1,9,0,-1,19,5,1,-1,0,0,0,0,4,0,1,1,-1,2,1,41,7,1984,1,10,AUDI A4,8,E01030704,0,3
2024131427661,2024,131427661,1,9,0,-1,19,5,1,-1,0,8,0,0,0,0,1,1,-1,6,1,35,6,1968,2,14,AUDI A4,1,E01011729,0,1
2024010536318,2024,010536318,1,9,0,10,10,8,5,0,0,1,0,0,0,0,1,1,2,2,1,53,8,1984,1,7,AUDI A4,5,E01003186,0,2
2024320228634,2024,320228634,1,9,0,2,2,0,0,0,0,2,0,0,0,0,3,1,-1,-1,2,39,7,1986,2,17,AUDI A4,4,E01026032,0,1
2024070727400,2024,070727400,1,9,0,-1,19,5,1,-1,0,0,0,0,0,0,1,1,-1,6,1,55,8,1984,1,3,AUDI A4,7,E01012372,0,2
2024010509007,2024,010509007,1,9,0,99,99,9,9,99,99,9,9,99,9,99,2,9,6,6,2,41,7,1968,2,3,AUDI A4,7,E01001411,0,2
2024201508705,2024,201508705,1,9,0,-1,19,6,2,-1,0,1,0,10,0,0,1,9,-1,6,3,-1,-1,1968,2,15,AUDI A4,-1,-1,0,-1
2024141471391,2024,141471391,3,9,0,-1,19,7,2,-1,0,0,0,0,0,0,2,1,-1,2,2,42,7,1968,2,10,AUDI A4,9,E01007602,0,3
2024401400040,2024,401400040,1,9,0,-1,19,1,5,-1,0,0,0,0,0,0,3,9,-1,9,1,32,6,1896,2,16,AUDI A4,2,E01001395,0,4
2024371446376,2024,371446376,1,9,0,-1,5,5,1,-1,0,1,0,0,0,0,3,1,-1,9,1,22,5,1984,1,1,AUDI A4,6,E01034564,0,1
2024471434496,2024,471434496,1,9,0,-1,19,6,2,-1,0,8,0,0,0,0,1,1,-1,6,1,-1,-1,1984,1,17,AUDI A4,-1,-1,0,-1
2024111431389,2024,111431389,1,9,0,-1,13,1,5,-1,0,1,1,0,0,0,1,1,-1,9,1,43,7,1986,2,18,AUDI A4,3,E01020811,0,1
2024201468490,2024,201468490,1,9,0,-1,19,6,2,-1,0,0,0,0,0,0,1,1,-1,6,1,38,7,1986,2,17,AUDI A4,2,E01010146,0,1
2024471406866,2024,471406866,1,9,0,-1,19,7,3,-1,0,4,0,0,0,0,1,1,-1,1,1,72,10,1968,2,9,AUDI A4,6,E01020956,0,2
2024111503846,2024,111503846,2,9,0,-1,3,2,4,-1,0,0,0,0,0,0,2,1,-1,2,1,54,8,1968,2,6,AUDI A4,4,E01020656,0,4
2024061533415,2024,061533415,1,9,0,-1,19,2,6,-1,0,0,0,0,6,0,1,1,-1,9,2,41,7,1986,2,15,AUDI A4,1,E01005662,0,4
2024451439492,2024,451439492,2,9,0,-1,5,3,5,-1,0,6,0,0,1,0,1,1,-1,9,1,40,7,1968,2,14,AUDI A4,9,E01022846,0,2
2024471468246,2024,471468246,1,9,0,-1,20,1,5,-1,0,0,0,0,0,0,1,1,-1,7,2,28,6,1968,2,15,AUDI A4,4,E01021045,0,1
2024141424672,2024,141424672,3,9,0,-1,19,1,5,-1,0,1,0,0,0,0,1,1,-1,9,1,31,6,1968,2,14,AUDI A4,3,E01007963,0,1
2024052401754,2024,052401754,2,9,0,18,19,3,7,0,0,3,0,0,0,0,4,1,6,6,1,43,7,1984,1,5,AUDI A4,2,E01006788,0,1
2024610054424,2024,610054424,1,9,0,18,19,2,6,0,0,0,0,0,0,0,1,1,6,6,1,34,6,1968,2,6,AUDI A4,2,W01000836,0,4
2024131478207,2024,131478207,3,9,0,-1,2,0,0,-1,-1,0,0,0,0,0,2,1,-1,9,2,62,9,1968,2,9,AUDI A4,6,E01027636,0,4
2024471437090,2024,471437090,1,9,0,-1,19,7,3,-1,0,1,0,0,0,0,2,1,-1,6,2,27,6,1395,1,7,AUDI A4,6,E01031408,0,1
2024221400036,2024,221400036,1,9,0,-1,19,4,7,-1,0,0,0,0,0,0,1,9,-1,6,3,28,6,1968,2,8,AUDI A4,3,E01014104,0,1
2024061521349,2024,061521349,1,9,0,-1,19,3,7,-1,0,0,1,4,0,0,1,1,-1,6,-1,-1,-1,1896,2,17,AUDI A4,-1,-1,0,-1
2024340WN4602,2024,340WN4602,1,9,0,-1,19,7,1,-1,0,0,0,0,1,0,1,1,-1,6,1,46,8,1984,1,15,AUDI A4,10,E01027272,0,2
2024552500091,2024,552500091,2,9,0,18,19,6,2,0,0,8,0,0,0,0,4,1,6,6,1,51,8,1984,1,18,AUDI A4,10,E01015396,0,1
2024131424023,2024,131424023,1,9,0,-1,19,7,3,-1,0,1,0,0,0,0,1,1,-1,6,1,34,6,1896,2,20,AUDI A4,3,E01010762,0,1
202417S103024,2024,17S103024,1,9,0,4,4,5,1,0,0,1,0,0,0,0,2,1,6,6,1,24,5,1984,1,2,AUDI A4,3,E01012197,0,2
2024332400951,2024,332400951,3,9,0,-1,5,1,5,-1,0,4,0,0,0,0,3,1,-1,6,1,39,7,1968,2,6,AUDI A4,9,E01025669,0,1
2024401412002,2024,401412002,1,9,0,-1,5,7,1,-1,0,0,0,0,0,0,1,9,-1,6,1,58,9,1395,1,7,AUDI A4,6,E01001525,0,4
2024522402016,2024,522402016,2,9,0,18,19,7,3,0,0,4,0,0,0,0,1,1,6,6,3,-1,-1,1798,1,10,AUDI A4,-1,-1,0,-1
2024010548194,2024,010548194,2,9,0,2,2,0,0,0,0,0,0,0,0,0,2,1,6,6,3,-1,-1,1798,1,12,AUDI A4,-1,-1,0,-1
2024071019765,2024,071019765,1,9,0,-1,9,7,3,-1,0,4,0,0,0,0,3,1,-1,2,2,51,8,1395,1,8,AUDI A4,9,E01018669,0,1
2024351424378,2024,351424378,3,9,-1,-1,-1,-1,-1,-1,-1,0,-1,-1,-1,0,-1,9,-1,6,1,31,6,1968,2,10,AUDI A4,2,E01015592,0,1
2024340WN7172,2024,340WN7172,1,9,0,-1,4,5,1,-1,0,0,0,0,0,0,1,1,-1,9,1,36,7,1968,2,14,AUDI A4,1,E01027231,0,1
2024991534714,2024,991534714,2,9,0,-1,19,5,1,-1,0,1,1,0,0,0,4,1,-1,9,1,55,8,1968,2,9,AUDI A4,1,-1,0,1
2024031431009,2024,031431009,2,9,0,-1,9,1,6,-1,0,6,0,0,0,0,3,9,-1,6,2,39,7,1968,2,6,AUDI A4,6,E01019320,0,4
2024122400721,2024,122400721,1,9,0,18,19,1,5,0,0,0,0,0,0,0,2,1,6,6,1,43,7,1968,2,7,AUDI A4,4,E01034982,0,1
2024421497629,2024,421497629,1,9,0,-1,-1,-1,-1,-1,-1,-1,-1,-1,-1,0,-1,9,-1,6,3,-1,-1,1798,1,10,AUDI A4,-1,-1,0,-1
2024010500051,2024,010500051,1,9,0,18,19,5,1,0,0,1,0,0,0,0,1,1,6,6,1,34,6,1984,1,19,AUDI A4,2,E01003489,0,1
2024061424686,2024,061424686,1,9,0,-1,19,3,7,-1,0,8,0,0,0,0,1,1,-1,6,1,32,6,1986,2,18,AUDI A4,3,E01005870,0,1
2024461518051,2024,461518051,2,9,0,-1,4,2,6,-1,0,0,0,0,0,0,2,9,-1,6,1,54,8,1968,2,11,AUDI A4,4,E01024494,0,2
2024201512640,2024,201512640,1,9,0,-1,19,8,4,-1,0,8,0,0,0,0,1,9,-1,9,1,-1,-1,1968,2,12,AUDI A4,5,E01009615,0,1
2024552401258,2024,552401258,1,9,0,18,19,1,5,0,0,4,0,0,0,0,1,1,6,6,2,43,7,1984,1,13,AUDI A4,7,E01015407,0,1
2024401445519,2024,401445519,1,9,0,-1,19,5,1,-1,0,8,0,0,0,0,1,1,-1,9,1,23,5,1968,2,15,AUDI A4,6,E01017571,0,2
2024371531598,2024,371531598,1,9,0,-1,9,7,5,-1,0,8,0,0,0,0,1,1,-1,6,2,49,8,1968,2,7,AUDI A4,6,E01030186,0,2