collision_index,collision_year,collision_ref_no,vehicle_reference,vehicle_type,towing_and_articulation,vehicle_manoeuvre_historic,vehicle_manoeuvre,vehicle_direction_from,vehicle_direction_to,vehicle_location_restricted_lane_historic,vehicle_location_restricted_lane,junction_location,skidding_and_overturning,hit_object_in_carriageway,vehicle_leaving_carriageway,hit_object_off_carriageway,first_point_of_impact,vehicle_left_hand_drive,journey_purpose_of_driver_historic,journey_purpose_of_driver,sex_of_driver,age_of_driver,age_band_of_driver,engine_capacity_cc,propulsion_code,age_of_vehicle,generic_make_model,driver_imd_decile,lsoa_of_driver,escooter_flag,driver_distance_banding
2024430386339,2024,430386339,1,9,0,18,19,3,7,0,0,6,0,0,0,0,1,1,6,6,1,59,9,2191,2,3,MAZDA CX-5,9,E01017714,0,1
2024451451362,2024,451451362,1,9,0,-1,19,5,1,-1,0,0,0,0,7,10,1,1,-1,2,2,66,10,2191,2,6,MAZDA CX-5,10,E01030382,0,1
2024010541004,2024,010541004,1,9,0,99,99,9,9,99,99,9,9,99,9,99,2,9,1,1,2,23,5,1998,1,1,MAZDA CX-5,3,E01001705,0,2
2024451399166,2024,451399166,1,9,0,-1,8,5,1,-1,0,1,0,0,0,0,2,1,-1,9,2,57,9,1998,1,4,MAZDA CX-5,4,E01030588,0,1
2024351537273,2024,351537273,1,9,0,-1,19,8,6,-1,0,0,0,11,0,0,1,1,-1,6,1,38,7,2191,2,8,MAZDA CX-5,7,E01018023,0,2
2024010500291,2024,010500291,1,9,0,99,99,9,9,99,99,9,9,99,9,99,9,9,6,6,2,37,7,1998,1,2,MAZDA CX-5,4,E01000532,0,1
2024131522894,2024,131522894,1,9,0,-1,19,3,7,-1,0,0,0,4,0,0,1,1,-1,9,1,65,9,2191,2,10,MAZDA CX-5,6,E01011883,0,1
2024010547803,2024,010547803,1,9,0,6,6,5,5,0,0,1,0,0,0,0,1,1,6,6,3,-1,-1,1998,1,5,MAZDA CX-5,-1,-1,0,-1
2024991449979,2024,991449979,2,9,0,-1,19,2,6,-1,0,4,0,0,0,0,2,1,-1,9,2,41,7,2191,2,6,MAZDA CX-5,6,-1,0,4
2024122401163,2024,122401163,2,9,0,2,2,0,0,0,0,2,0,0,0,0,2,1,6,6,3,-1,-1,1998,1,2,MAZDA CX-5,-1,-1,0,-1
2024010539754,2024,010539754,1,9,0,18,19,5,1,0,0,1,0,0,0,0,1,1,6,6,1,60,9,1998,1,2,MAZDA CX-5,-1,-1,0,-1
2024991414348,2024,991414348,2,9,0,-1,19,7,3,-1,0,1,0,0,0,0,1,1,-1,6,2,48,8,1998,1,1,MAZDA CX-5,9,-1,0,1
2024070259569,2024,070259569,2,9,0,18,19,5,5,0,0,3,0,0,7,1,4,1,6,6,1,31,6,1998,1,7,MAZDA CX-5,9,W01000376,0,3
2024010534695,2024,010534695,2,9,0,18,19,1,5,0,0,0,1,0,0,0,1,1,6,6,1,68,10,1998,1,5,MAZDA CX-5,4,E01015930,0,4
2024010524905,2024,010524905,1,9,0,18,19,3,7,0,0,4,0,0,0,0,1,1,6,6,1,31,6,1998,1,1,MAZDA CX-5,2,E01000501,0,1
2024010504828,2024,010504828,2,9,0,99,99,9,9,99,99,9,9,99,9,99,1,9,6,6,3,50,8,2191,2,9,MAZDA CX-5,10,E01030382,0,3
2024302401093,2024,302401093,1,9,0,16,19,2,5,0,0,8,1,0,0,0,1,1,1,1,1,28,6,1998,1,0,MAZDA CX-5,1,E01013568,0,3
2024311510542,2024,311510542,1,9,0,-1,19,8,4,-1,0,0,0,0,0,0,3,1,-1,6,1,37,7,2191,2,8,MAZDA CX-5,-1,-1,0,-1
202460Q002146,2024,60Q002146,2,9,0,4,4,1,5,0,0,1,0,0,0,0,2,1,6,6,1,55,8,2191,2,7,MAZDA CX-5,-1,-1,0,-1
2024430592506,2024,430592506,1,9,0,18,19,5,1,0,0,0,0,11,0,4,1,1,6,6,1,60,9,1998,1,5,MAZDA CX-5,7,E01028486,0,2
2024332401044,2024,332401044,3,9,0,-1,19,7,3,-1,0,1,0,0,0,0,1,1,-1,6,1,63,9,1998,1,2,MAZDA CX-5,10,E01025813,0,1
2024522401933,2024,522401933,1,9,0,18,19,4,8,0,0,0,5,0,0,0,1,1,6,6,1,72,10,2191,2,7,MAZDA CX-5,10,E01014381,0,4
2024991482178,2024,991482178,2,9,0,-1,19,4,8,-1,0,0,0,0,0,0,3,1,-1,9,1,51,8,2191,2,10,MAZDA CX-5,5,E01005859,0,5
2024451435409,2024,451435409,2,9,0,-1,19,4,8,-1,0,0,0,4,1,0,1,1,-1,9,1,30,6,1998,1,6,MAZDA CX-5,10,E01030919,0,3
2024070513224,2024,070513224,2,9,0,18,19,1,5,0,0,1,0,0,0,0,3,1,6,6,1,73,10,2191,2,8,MAZDA CX-5,7,E01034673,0,3
2024440249033,2024,440249033,2,9,0,4,4,4,8,0,0,0,0,0,0,0,2,1,6,6,1,49,8,2191,2,6,MAZDA CX-5,8,E01022622,0,3
2024552401143,2024,552401143,2,9,0,18,19,8,4,0,0,8,0,0,0,0,1,1,6,6,2,51,8,2191,2,8,MAZDA CX-5,3,E01015813,0,5
2024440255693,2024,440255693,1,9,0,5,5,3,7,0,0,8,0,0,0,0,1,1,6,6,1,82,11,1998,1,1,MAZDA CX-5,3,E01017263,0,1
2024552400626,2024,552400626,2,9,0,2,2,0,0,0,0,0,0,0,0,0,1,1,6,6,3,-1,-1,2191,2,10,MAZDA CX-5,-1,-1,0,-1
2024421527178,2024,421527178,1,9,0,-1,19,3,7,-1,0,0,0,0,0,0,1,1,-1,9,3,51,8,1998,1,6,MAZDA CX-5,4,E01015990,0,1
2024471497784,2024,471497784,1,9,0,-1,11,7,1,-1,0,3,0,0,0,0,0,1,-1,6,2,56,9,2191,2,6,MAZDA CX-5,6,E01021198,0,2
2024471427692,2024,471427692,1,9,0,-1,9,1,7,-1,0,1,0,0,0,0,1,1,-1,9,2,42,7,2191,2,11,MAZDA CX-5,1,E01020983,0,1
2024430451563,2024,430451563,1,9,0,9,9,5,3,0,0,6,0,0,0,0,3,1,3,7,2,33,6,1998,1,3,MAZDA CX-5,5,E01016434,0,1
2024340NN9072,2024,340NN9072,2,9,0,-1,19,5,1,-1,0,0,0,0,0,0,1,1,-1,6,1,73,10,1998,1,0,MAZDA CX-5,2,E01015633,0,4
2024340NN0852,2024,340NN0852,1,9,0,-1,19,2,6,-1,0,0,1,0,7,3,1,1,-1,9,1,39,7,1998,1,3,MAZDA CX-5,7,E01035394,0,3
2024411538190,2024,411538190,2,9,-1,-1,-1,-1,-1,-1,-1,0,-1,-1,-1,0,-1,9,-1,2,1,50,8,1998,1,4,MAZDA CX-5,6,E01023396,0,1
2024991503420,2024,991503420,2,9,0,-1,19,1,5,-1,0,2,0,0,0,0,3,1,-1,6,1,60,9,1998,1,2,MAZDA CX-5,8,-1,0,2
2024010504110,2024,010504110,4,9,0,2,2,0,0,0,0,1,0,0,0,0,3,1,6,6,3,-1,-1,1998,1,2,MAZDA CX-5,-1,-1,0,-1
2024501444993,2024,501444993,1,9,0,-1,19,5,1,-1,0,0,0,0,0,0,1,9,-1,9,2,60,9,1998,1,1,MAZDA CX-5,3,E01018761,0,1
2024031446401,2024,031446401,1,9,0,-1,19,5,2,-1,0,0,0,0,1,0,3,1,-1,6,1,56,9,1998,1,2,MAZDA CX-5,9,-1,0,5
2024531481601,2024,531481601,2,9,0,-1,19,2,6,-1,0,8,0,0,0,0,1,2,-1,2,1,47,8,2786,1,60,MAKE AND MODEL REDACTED,6,E01022186,0,3
2024411460335,2024,411460335,1,9,-1,-1,-1,-1,-1,-1,-1,-1,-1,-1,-1,0,-1,9,-1,2,1,38,7,-1,3,9,RENAULT ZOE,5,E01023827,0,1
2024010500321,2024,010500321,1,9,0,18,19,6,2,0,0,0,0,0,0,0,1,1,3,7,1,58,9,-1,3,3,RENAULT ZOE,9,E01004650,0,1
2024302401234,2024,302401234,1,9,0,9,9,1,7,0,0,8,0,0,0,0,3,1,6,6,1,40,7,-1,3,11,RENAULT ZOE,8,E01008025,0,2
2024501518371,2024,501518371,2,9,0,-1,19,6,2,-1,0,8,0,0,0,0,1,1,-1,6,2,38,7,-1,3,3,RENAULT ZOE,8,E01034862,0,1
2024332400392,2024,332400392,1,9,0,-1,9,7,5,-1,0,5,0,10,1,10,1,1,-1,6,1,69,10,-1,3,2,RENAULT ZOE,9,E01025901,0,1
2024161544696,2024,161544696,2,9,0,-1,19,7,3,-1,0,0,0,0,0,0,3,9,-1,2,2,48,8,-1,3,1,RENAULT ZOE,1,E01012881,0,1
2024041458039,2024,041458039,1,9,0,-1,19,3,7,-1,0,1,0,0,0,0,4,1,-1,6,1,63,9,-1,3,3,RENAULT ZOE,1,E01012649,0,1
2024010505165,2024,010505165,2,9,0,99,99,9,9,99,99,9,9,99,9,99,9,9,6,6,3,-1,-1,-1,3,5,RENAULT ZOE,-1,-1,0,-1
2024451419804,2024,451419804,1,9,0,-1,19,1,5,-1,0,0,0,0,0,0,3,1,-1,2,2,34,6,-1,3,6,RENAULT ZOE,10,E01003380,0,4
2024131457772,2024,131457772,2,9,0,-1,9,3,1,-1,0,1,0,0,0,0,1,1,-1,9,1,71,10,-1,3,4,RENAULT ZOE,10,E01010696,0,1
2024440308476,2024,440308476,1,9,0,4,4,6,2,0,0,8,0,0,0,0,1,1,6,6,1,53,8,-1,3,4,RENAULT ZOE,3,E01017225,0,1
2024302401587,2024,302401587,1,9,0,13,13,5,1,0,0,0,2,0,2,11,4,1,6,6,1,17,4,-1,3,3,RENAULT ZOE,9,E01019590,0,1
2024440541208,2024,440541208,2,9,0,18,19,5,1,0,0,8,0,0,0,0,1,1,6,6,3,-1,-1,-1,3,3,RENAULT ZOE,-1,-1,0,-1
2024401423240,2024,401423240,1,9,0,-1,19,1,5,-1,0,8,0,0,0,0,1,1,-1,1,1,23,5,-1,3,2,RENAULT ZOE,4,E01015804,0,1
2024221449197,2024,221449197,1,9,0,-1,5,1,5,-1,0,8,0,0,0,0,3,9,-1,6,2,25,5,-1,3,4,RENAULT ZOE,1,E01034935,0,4
2024522403370,2024,522403370,1,9,0,18,19,5,1,0,0,8,0,0,0,0,1,1,1,1,2,57,9,-1,3,3,RENAULT ZOE,10,E01014869,0,3
2024010522339,2024,010522339,2,9,0,99,99,9,9,99,99,9,9,99,9,99,2,9,6,6,3,-1,-1,-1,3,8,RENAULT ZOE,-1,-1,0,-1
2024010523252,2024,010523252,2,9,0,99,99,9,9,99,99,9,9,99,9,99,3,9,6,6,1,34,6,-1,3,2,RENAULT ZOE,4,E01001182,0,1
2024421425215,2024,421425215,1,9,0,-1,9,6,2,-1,0,1,0,0,0,0,1,9,-1,6,3,-1,-1,-1,3,3,RENAULT ZOE,-1,-1,0,-1
2024101437086,2024,101437086,1,9,0,-1,19,3,7,-1,0,8,0,0,0,0,3,1,-1,6,2,60,9,-1,3,5,RENAULT ZOE,4,E01008174,0,1
2024531462370,2024,531462370,2,9,0,-1,2,0,0,-1,0,0,0,0,0,0,1,1,-1,6,-1,-1,-1,-1,3,9,RENAULT ZOE,-1,-1,0,-1
2024421487777,2024,421487777,2,9,0,-1,19,6,2,-1,0,0,0,0,0,0,2,1,-1,6,1,50,8,-1,3,3,RENAULT ZOE,8,E01021717,0,2
2024010495874,2024,010495874,2,9,0,99,99,9,9,99,99,9,9,99,9,99,1,1,6,6,3,36,7,-1,3,5,RENAULT ZOE,2,E01003052,0,1
202454E900124,2024,54E900124,1,9,0,13,13,5,8,0,0,0,0,0,7,10,1,1,6,6,1,28,6,-1,3,9,RENAULT ZOE,5,E01020452,0,4
2024010503911,2024,010503911,2,9,0,99,99,9,9,99,99,9,9,99,9,99,9,9,6,6,2,52,8,-1,3,4,RENAULT ZOE,9,E01000182,0,1
2024430169267,2024,430169267,1,9,0,18,19,2,6,0,0,0,0,0,0,0,3,1,6,6,1,56,9,-1,3,3,RENAULT ZOE,5,E01023216,0,4
2024010553770,2024,010553770,1,9,0,99,99,9,9,99,99,9,9,99,9,99,1,9,6,6,3,-1,-1,-1,3,5,RENAULT ZOE,2,E01032512,0,3
2024010540537,2024,010540537,1,9,0,18,19,5,1,0,0,8,0,10,0,0,3,1,6,6,1,60,9,-1,3,10,RENAULT ZOE,3,E01023573,0,2
2024141463649,2024,141463649,1,9,0,-1,11,1,5,-1,0,1,0,0,1,11,1,1,-1,7,2,35,6,-1,3,3,RENAULT ZOE,2,E01011868,0,2
2024070151336,2024,070151336,2,9,0,18,19,4,8,0,0,1,0,0,0,0,1,1,6,6,1,44,7,-1,3,5,RENAULT ZOE,6,E01012552,0,1
2024161489697,2024,161489697,2,9,0,-1,19,1,5,-1,0,0,0,0,1,0,1,1,-1,9,2,74,10,-1,3,4,RENAULT ZOE,10,E01013054,0,2
2024010497324,2024,010497324,4,9,0,2,2,0,0,0,0,0,0,0,0,0,2,1,6,6,3,-1,-1,-1,3,11,RENAULT ZOE,-1,-1,0,-1
2024221445360,2024,221445360,1,9,0,-1,6,2,2,-1,0,8,0,0,0,0,3,9,-1,6,1,26,6,-1,3,2,RENAULT ZOE,1,E01004827,0,4
2024991545192,2024,991545192,1,9,0,-1,19,1,5,-1,0,2,0,0,0,0,1,1,-1,2,2,46,8,-1,3,4,RENAULT ZOE,1,-1,0,1
2024451444198,2024,451444198,1,9,0,-1,19,5,1,-1,0,2,0,0,1,11,1,1,-1,9,2,43,7,-1,3,4,RENAULT ZOE,10,E01030967,0,1
2024461499910,2024,461499910,2,9,0,-1,19,2,7,-1,0,8,0,0,0,0,4,1,-1,9,1,36,7,-1,3,7,RENAULT ZOE,5,E01024086,0,3
2024010500562,2024,010500562,2,9,0,99,99,9,9,99,99,0,9,99,9,99,2,9,6,6,3,-1,-1,-1,3,2,RENAULT ZOE,10,E01000681,0,1
2024520403180,2024,520403180,2,9,0,18,19,4,1,0,0,1,0,0,0,0,4,1,6,6,1,57,9,-1,3,1,RENAULT ZOE,9,E01022859,0,5
2024340WN6142,2024,340WN6142,1,9,0,-1,19,2,6,-1,0,0,5,0,7,9,4,1,-1,9,1,51,8,-1,3,3,RENAULT ZOE,8,E01027304,0,2
2024520500219,2024,520500219,1,9,0,9,9,3,8,0,0,8,0,0,0,0,1,1,6,6,2,75,10,-1,3,3,RENAULT ZOE,6,E01029270,0,1
2024430480256,2024,430480256,1,9,0,1,1,4,8,0,0,0,0,0,0,0,2,1,6,6,1,34,6,-1,3,4,RENAULT ZOE,3,E01017857,0,2
2024231489628,2024,231489628,2,9,0,-1,19,2,7,-1,0,8,0,0,0,0,1,1,-1,6,2,46,8,-1,3,6,RENAULT ZOE,10,E01031201,0,1
2024221476137,2024,221476137,2,9,0,-1,19,7,4,-1,0,0,0,0,0,0,3,9,-1,9,2,35,6,-1,3,4,RENAULT ZOE,7,E01035055,0,4
2024320267701,2024,320267701,2,9,0,9,9,4,2,0,0,8,0,0,0,0,3,1,1,1,2,27,6,-1,3,4,RENAULT ZOE,9,E01026139,0,4
2024131522216,2024,131522216,1,9,0,-1,9,3,1,-1,0,1,0,0,7,0,1,1,-1,6,2,61,9,-1,3,6,RENAULT ZOE,6,E01011042,0,1
2024010536275,2024,010536275,2,9,0,9,9,7,5,0,0,8,0,0,0,0,1,1,6,6,1,46,8,-1,3,4,RENAULT ZOE,3,E01034219,0,1
2024411422024,2024,411422024,1,9,-1,-1,-1,-1,-1,-1,-1,-1,-1,-1,-1,0,-1,9,-1,6,1,38,7,-1,3,4,RENAULT ZOE,3,E01023669,0,1
2024471424374,2024,471424374,2,9,0,-1,19,6,2,-1,0,2,0,0,0,0,2,1,-1,2,2,43,7,-1,3,8,RENAULT ZOE,10,E01016982,0,1
2024010520492,2024,010520492,1,9,0,5,5,1,5,0,0,2,0,0,0,0,1,1,6,6,1,54,8,-1,3,2,RENAULT ZOE,4,E01001909,0,1
2024549761424,2024,549761424,1,9,0,5,5,4,8,0,0,1,0,0,0,0,2,1,6,6,1,89,11,-1,3,3,RENAULT ZOE,8,E01031852,0,2
2024131502214,2024,131502214,1,9,0,-1,19,7,3,-1,0,1,0,0,0,0,3,1,-1,1,1,65,9,-1,3,3,RENAULT ZOE,8,E01010645,0,3
2024201536127,2024,201536127,2,9,0,-1,19,3,7,-1,0,1,0,0,0,0,3,1,-1,1,1,36,7,-1,3,2,RENAULT ZOE,4,E01010427,0,3
2024471408151,2024,471408151,1,9,0,-1,19,2,6,-1,0,0,0,0,0,0,3,1,-1,9,2,44,7,-1,3,4,RENAULT ZOE,8,E01031397,0,3
2024471483218,2024,471483218,1,9,0,-1,9,7,5,-1,0,0,0,0,0,0,1,1,-1,9,2,20,4,-1,3,8,RENAULT ZOE,4,E01031583,0,1
2024440267037,2024,440267037,2,9,0,18,19,8,4,0,0,0,0,0,0,0,1,1,1,1,1,29,6,-1,3,9,RENAULT ZOE,5,E01022539,0,2
2024421490560,2024,421490560,1,9,0,-1,9,3,8,-1,0,8,0,0,0,0,2,1,-1,2,1,23,5,-1,3,1,RENAULT ZOE,2,E01022023,0,1
2024501499842,2024,501499842,2,9,0,-1,5,7,4,-1,0,8,0,99,0,0,3,1,-1,6,1,76,11,-1,3,2,RENAULT ZOE,4,E01020302,0,1
2024401530694,2024,401530694,2,9,0,-1,19,1,5,-1,0,0,0,0,0,0,1,1,-1,6,1,24,5,-1,3,2,RENAULT ZOE,2,E01015738,0,2
2024131454986,2024,131454986,2,9,0,-1,19,2,6,-1,0,8,0,0,0,0,1,1,-1,9,2,32,6,-1,3,10,RENAULT ZOE,2,E01011250,0,1
202417H103424,2024,17H103424,2,9,0,-1,19,3,7,-1,0,1,0,0,0,0,1,1,-1,9,2,54,8,-1,3,1,RENAULT ZOE,5,E01011996,0,1
2024471433952,2024,471433952,2,9,0,-1,19,2,1,-1,0,2,0,0,0,0,1,1,-1,1,1,56,9,-1,3,2,RENAULT ZOE,1,E01016915,0,1
2024401464867,2024,401464867,2,9,0,-1,19,1,5,-1,0,1,0,0,0,0,1,1,-1,6,2,56,9,-1,3,3,RENAULT ZOE,8,E01017434,0,2
2024340NN2832,2024,340NN2832,1,9,0,-1,19,7,3,-1,0,3,0,0,3,1,1,1,-1,1,2,38,7,-1,3,1,RENAULT ZOE,1,E01026960,0,3
2024522403063,2024,522403063,1,9,0,4,4,2,6,0,0,1,0,0,0,0,4,1,6,6,2,50,8,-1,3,4,RENAULT ZOE,10,E01014873,0,1
2024421499472,2024,421499472,2,9,0,-1,19,3,7,-1,0,8,0,0,0,0,2,1,-1,6,2,51,8,-1,3,9,RENAULT ZOE,6,E01021676,0,4
2024552400987,2024,552400987,2,9,0,8,8,8,4,0,0,1,0,0,0,0,2,1,6,6,1,50,8,-1,3,4,RENAULT ZOE,3,E01015308,0,2
2024101487169,2024,101487169,1,9,0,-1,9,6,4,-1,0,8,0,0,0,0,3,1,-1,1,2,50,8,-1,3,2,RENAULT ZOE,7,E01008273,0,3
2024451405592,2024,451405592,1,9,0,-1,9,7,4,-1,0,8,0,0,0,0,1,1,-1,2,2,53,8,-1,3,4,RENAULT ZOE,4,E01030601,0,2
2024221457829,2024,221457829,1,9,-1,-1,-1,-1,-1,-1,-1,0,-1,-1,-1,0,-1,9,-1,6,2,35,6,-1,3,5,RENAULT ZOE,2,E01014071,0,1
2024552400623,2024,552400623,2,9,0,4,4,6,2,0,0,0,0,0,0,0,2,1,6,6,1,39,7,-1,3,6,RENAULT ZOE,-1,-1,0,-1
2024440355780,2024,440355780,1,9,0,18,19,1,5,0,0,0,0,0,2,3,1,1,6,6,1,30,6,-1,3,10,RENAULT ZOE,5,E01017158,0,4
2024520402345,2024,520402345,3,9,0,9,9,5,3,0,0,8,0,0,0,0,2,1,6,6,2,46,8,-1,3,2,RENAULT ZOE,10,E01020242,0,4
2024311520353,2024,311520353,1,9,0,-1,10,7,4,-1,0,5,0,0,0,0,1,1,-1,1,1,59,9,-1,3,6,RENAULT ZOE,2,E01013854,0,1
2024070685212,2024,070685212,2,9,0,3,3,6,1,0,0,1,0,0,0,0,4,1,6,6,2,20,4,-1,3,9,RENAULT ZOE,8,E01012499,0,1
2024052401133,2024,052401133,1,9,0,18,19,5,1,0,0,0,0,10,0,0,4,1,6,6,2,69,10,-1,3,1,RENAULT ZOE,6,E01007265,0,1
2024471480428,2024,471480428,1,9,0,-1,5,0,6,-1,-1,0,0,0,0,0,1,1,-1,1,1,55,8,-1,-1,-1,RENAULT ZOE,9,E01031389,0,2
2024320741776,2024,320741776,1,9,0,-1,-1,8,4,0,0,0,0,4,0,0,1,1,-1,-1,2,35,6,-1,3,3,RENAULT ZOE,3,E01026207,0,1
2024421400133,2024,421400133,2,9,0,-1,19,5,1,-1,0,1,0,0,0,0,1,9,-1,9,2,44,7,-1,3,5,RENAULT ZOE,6,E01021414,0,4
2024052400374,2024,052400374,1,9,0,18,19,5,1,0,0,2,0,0,4,1,1,2,6,6,2,26,6,-1,3,1,RENAULT ZOE,1,E01006675,0,1
2024522401242,2024,522401242,2,9,0,18,19,6,2,0,0,1,0,0,0,0,1,1,6,6,3,-1,-1,-1,3,5,RENAULT ZOE,-1,-1,0,-1
2024501474850,2024,501474850,1,9,0,-1,19,5,1,-1,0,0,0,0,0,0,4,1,-1,9,2,53,8,-1,3,2,RENAULT ZOE,3,E01020018,0,1
2024401445519,2024,401445519,2,9,0,-1,9,3,1,-1,0,6,0,0,1,1,2,1,-1,1,1,32,6,-1,3,3,RENAULT ZOE,4,E01015784,0,2
2024010500004,2024,010500004,1,9,0,9,9,1,7,0,0,8,0,0,0,0,1,1,6,6,1,46,8,-1,3,5,RENAULT ZOE,4,E01002103,0,1
2024231429035,2024,231429035,1,9,0,-1,9,4,2,-1,0,5,0,0,3,11,1,1,-1,2,2,57,9,-1,3,3,RENAULT ZOE,10,E01031155,0,1
2024440364723,2024,440364723,1,3,0,18,19,6,2,0,0,0,0,0,0,0,1,1,6,6,1,59,9,125,1,6,MAKE AND MODEL REDACTED,7,E01015588,0,5
2024201453141,2024,201453141,2,4,0,-1,19,6,2,-1,0,8,0,8,0,0,1,1,-1,9,1,62,9,125,1,3,MAKE AND MODEL REDACTED,6,E01010079,0,1
2024201439905,2024,201439905,1,3,0,-1,19,6,7,-1,0,8,0,0,0,0,1,1,-1,9,1,74,10,125,1,5,MAKE AND MODEL REDACTED,9,E01032886,0,2
2024010526578,2024,010526578,2,3,0,18,19,5,1,0,0,1,0,0,0,0,2,1,6,6,1,39,7,125,1,1,MAKE AND MODEL REDACTED,3,E01001970,0,1
2024351479645,2024,351479645,1,3,0,-1,19,7,3,-1,0,1,0,0,0,0,1,1,-1,6,1,62,9,125,1,3,MAKE AND MODEL REDACTED,5,E01017947,0,1
2024201493204,2024,201493204,1,9,0,-1,19,8,4,-1,0,6,0,0,0,0,3,1,-1,9,1,42,7,1422,2,8,SEAT TOLEDO,2,E01010056,0,2
2024421494121,2024,421494121,2,9,0,-1,3,2,6,-1,0,0,0,0,0,0,0,1,-1,6,1,50,8,1390,1,11,SEAT TOLEDO,10,E01021467,0,1
2024131460058,2024,131460058,2,9,0,-1,9,8,5,-1,0,6,0,0,0,0,1,1,-1,9,2,29,6,1598,2,9,SEAT TOLEDO,6,E01011607,0,1
2024991466105,2024,991466105,2,8,0,-1,10,5,2,-1,0,1,0,0,0,0,2,1,-1,1,1,33,6,1598,2,9,SEAT TOLEDO,1,-1,0,1
2024031529383,2024,031529383,2,9,0,-1,19,2,6,-1,0,0,0,0,0,0,0,1,-1,9,2,51,8,1598,2,7,SEAT TOLEDO,6,E01034075,0,2
2024440236999,2024,440236999,3,8,0,18,19,6,2,0,0,1,0,0,0,0,1,1,1,1,1,69,10,1598,2,11,SEAT TOLEDO,8,E01023014,0,3
2024201442195,2024,201442195,2,9,0,-1,19,8,4,-1,0,8,0,0,0,0,1,9,-1,2,2,43,7,1598,2,10,SEAT TOLEDO,3,E01009140,0,1
2024221523841,2024,221523841,1,9,0,-1,2,3,7,-1,0,0,0,0,2,7,1,1,-1,6,1,20,4,2324,1,21,SEAT TOLEDO,5,E01014099,0,4
2024041539738,2024,041539738,2,9,0,-1,3,2,6,-1,0,1,0,0,0,0,2,1,-1,1,1,42,7,1598,2,9,SEAT TOLEDO,-1,-1,0,-1
2024501492679,2024,501492679,5,9,0,-1,19,6,2,-1,0,0,1,0,0,0,2,1,-1,1,1,38,7,999,1,5,SEAT TOLEDO,3,E01018978,0,1
202417S103924,2024,17S103924,1,8,0,9,9,1,5,0,0,1,0,0,0,0,0,1,6,6,1,37,7,1598,2,8,SEAT TOLEDO,3,E01012289,0,1
2024311488318,2024,311488318,3,9,0,-1,2,0,0,-1,0,1,0,0,7,0,1,1,-1,1,1,40,7,1598,2,10,SEAT TOLEDO,-1,-1,0,-1
2024061548583,2024,061548583,2,9,0,-1,19,1,1,-1,0,8,1,7,0,0,3,1,-1,9,1,53,8,1598,2,9,SEAT TOLEDO,-1,-1,0,-1
2024221456963,2024,221456963,2,9,0,-1,19,7,3,-1,0,0,0,0,0,0,2,9,-1,2,1,28,6,999,1,7,SEAT TOLEDO,8,E01028877,0,1
2024201444753,2024,201444753,1,9,0,-1,1,2,6,-1,0,0,0,0,0,0,1,1,-1,6,1,41,7,1598,2,11,SEAT TOLEDO,1,E01009502,0,1
2024101461851,2024,101461851,3,9,0,-1,19,8,4,-1,0,0,0,0,0,0,1,1,-1,9,1,40,7,1197,1,9,SEAT TOLEDO,-1,-1,0,-1
2024471441563,2024,471441563,1,9,0,-1,4,6,2,-1,0,0,0,0,0,0,0,9,-1,6,2,41,7,1598,2,9,SEAT TOLEDO,4,E01021004,0,2
2024131467697,2024,131467697,2,9,0,-1,19,6,2,-1,0,0,0,0,0,0,1,1,-1,9,1,60,9,1197,1,9,SEAT TOLEDO,5,E01011877,0,2
2024522402954,2024,522402954,2,9,0,18,19,2,6,0,0,8,0,0,0,0,1,1,6,6,1,46,8,1197,1,9,SEAT TOLEDO,8,E01014956,0,1
2024501483089,2024,501483089,3,9,0,-1,4,8,4,-1,0,0,0,0,0,0,2,9,-1,6,1,33,6,1197,1,10,SEAT TOLEDO,7,E01013419,0,5
2024201448486,2024,201448486,1,9,0,-1,7,8,2,-1,0,8,0,0,0,0,2,1,-1,6,1,23,5,1598,2,9,SEAT TOLEDO,7,E01009643,0,1
2024141412216,2024,141412216,2,9,0,-1,19,1,4,-1,0,0,0,0,0,0,1,1,-1,2,1,50,8,1896,2,18,SEAT TOLEDO,2,E01008063,0,1
2024546543524,2024,546543524,3,9,0,4,4,2,6,0,0,1,0,0,0,0,2,1,6,6,1,33,6,1598,2,11,SEAT TOLEDO,-1,-1,0,-1
2024991430603,2024,991430603,2,8,0,-1,9,7,3,-1,0,0,0,0,0,0,4,1,-1,9,1,66,10,1598,2,6,SEAT TOLEDO,6,-1,0,1
2024520000020,2024,520000020,1,3,0,18,19,6,2,0,0,8,0,0,0,0,1,1,6,6,1,32,6,124,1,23,YAMAHA DT,2,E01014464,0,1
2024161474093,2024,161474093,2,3,0,-1,19,4,8,-1,0,1,0,0,0,0,1,1,-1,6,1,53,8,124,1,33,YAMAHA DT,1,E01013203,0,1
2024552400840,2024,552400840,2,3,0,18,19,7,3,0,0,8,0,0,0,0,1,1,6,6,1,24,5,124,1,23,YAMAHA DT,1,E01020582,0,1
2024061425190,2024,061425190,1,3,0,-1,19,5,1,-1,0,0,0,0,0,0,1,1,-1,6,1,53,8,124,1,23,YAMAHA DT,3,E01004916,0,1
2024461400066,2024,461400066,2,3,0,-1,15,1,5,-1,0,6,0,0,0,0,3,1,-1,6,1,50,8,123,1,34,YAMAHA DT,10,E01024631,0,1
2024430170827,2024,430170827,1,3,0,16,19,1,5,0,0,0,0,10,1,0,1,1,6,6,1,17,4,124,1,22,YAMAHA DT,8,E01028765,0,1
2024440098144,2024,440098144,2,3,0,18,19,5,1,0,0,0,0,0,0,0,1,1,6,6,1,19,4,124,1,24,YAMAHA DT,6,E01022961,0,1