collision_index,collision_year,collision_ref_no,vehicle_reference,vehicle_type,towing_and_articulation,vehicle_manoeuvre_historic,vehicle_manoeuvre,vehicle_direction_from,vehicle_direction_to,vehicle_location_restricted_lane_historic,vehicle_location_restricted_lane,junction_location,skidding_and_overturning,hit_object_in_carriageway,vehicle_leaving_carriageway,hit_object_off_carriageway,first_point_of_impact,vehicle_left_hand_drive,journey_purpose_of_driver_historic,journey_purpose_of_driver,sex_of_driver,age_of_driver,age_band_of_driver,engine_capacity_cc,propulsion_code,age_of_vehicle,generic_make_model,driver_imd_decile,lsoa_of_driver,escooter_flag,driver_distance_banding
2024010544378,2024,010544378,2,3,0,18,19,1,5,0,0,0,0,0,0,0,2,1,6,6,1,33,6,124,1,2,YAMAHA X,3,E01000499,0,1
2024471470917,2024,471470917,1,4,0,-1,19,7,3,-1,0,0,0,0,0,0,4,1,-1,9,1,21,5,292,1,2,YAMAHA X,5,E01000454,0,4
2024010504999,2024,010504999,2,4,0,18,19,7,3,0,0,8,0,0,0,0,1,1,2,2,1,27,6,124,1,2,YAMAHA X,3,E01034206,0,3
2024311431280,2024,311431280,2,3,0,-1,5,2,1,-1,0,1,0,0,0,0,4,1,-1,1,1,34,6,124,1,5,YAMAHA X,1,E01013948,0,1
2024010517731,2024,010517731,2,4,0,18,19,7,3,0,0,0,0,0,0,0,1,1,6,6,3,-1,-1,124,1,2,YAMAHA X,-1,-1,0,-1
2024430237493,2024,430237493,1,3,0,3,3,7,3,0,0,1,0,0,0,0,1,1,2,2,1,49,8,124,1,6,YAMAHA X,10,E01016575,0,1
2024010500809,2024,010500809,1,3,0,99,99,9,9,99,99,1,9,99,9,99,9,1,1,1,1,24,5,124,1,4,YAMAHA X,3,E01004405,0,2
2024010505333,2024,010505333,1,3,0,99,99,9,9,99,99,9,9,99,9,99,9,1,1,1,1,43,7,124,1,1,YAMAHA X,6,E01002023,0,2
2024471475819,2024,471475819,2,90,0,-1,4,5,1,-1,0,0,5,0,7,0,3,1,-1,6,1,43,7,292,1,6,YAMAHA X,4,E01016894,0,1
2024010500054,2024,010500054,2,3,0,5,5,3,7,0,0,8,0,0,0,0,1,1,1,1,1,36,7,124,1,2,YAMAHA X,4,E01003141,0,1
2024010547378,2024,010547378,1,3,0,99,99,9,9,99,99,9,9,99,9,99,1,1,1,1,1,38,7,124,1,7,YAMAHA X,4,E01004760,0,1
2024010525035,2024,010525035,6,5,0,4,4,6,2,0,0,0,5,0,0,0,1,1,6,6,1,43,7,124,1,5,YAMAHA X,5,E01000994,0,2
2024010533030,2024,010533030,2,3,0,18,19,3,7,0,0,1,0,0,0,0,1,1,6,6,1,29,6,124,1,5,YAMAHA X,2,E01002069,0,1
2024351481690,2024,351481690,2,3,0,-1,11,5,1,-1,0,0,1,0,0,0,2,1,-1,1,1,35,6,124,1,1,YAMAHA X,6,E01033179,0,1
2024010523745,2024,010523745,2,3,0,18,19,3,7,0,0,8,0,10,0,0,3,1,6,6,1,41,7,124,1,5,YAMAHA X,3,E01004060,0,1
2024010526635,2024,010526635,1,3,0,99,99,9,9,99,99,9,9,99,9,99,1,1,6,6,1,31,6,124,1,2,YAMAHA X,3,E01003286,0,3
2024411515628,2024,411515628,2,3,0,-1,19,2,4,-1,0,1,2,0,0,0,1,1,-1,2,1,26,6,124,1,2,YAMAHA X,3,E01023538,0,1
2024010499913,2024,010499913,1,3,9,99,99,9,9,99,99,9,9,99,9,99,1,1,1,1,1,26,6,124,1,2,YAMAHA X,2,E01001485,0,2
2024010520986,2024,010520986,2,3,0,99,99,9,9,99,99,9,9,99,9,99,9,1,6,6,1,27,6,124,1,2,YAMAHA X,4,E01002738,0,2
2024052401051,2024,052401051,2,3,0,14,14,3,7,0,0,0,0,0,0,0,1,1,2,2,1,39,7,124,1,2,YAMAHA X,2,E01032510,0,1
2024421506974,2024,421506974,2,3,0,-1,-1,-1,-1,-1,-1,0,-1,-1,-1,0,-1,1,-1,6,1,40,7,124,1,0,YAMAHA X,3,E01000099,0,3
2024010539091,2024,010539091,2,3,0,18,19,1,5,0,0,4,0,0,0,0,4,1,6,6,1,47,8,124,1,3,YAMAHA X,5,E01001607,0,2
2024010521914,2024,010521914,2,3,0,15,15,4,8,0,0,5,0,0,0,0,1,1,6,6,1,40,7,124,1,4,YAMAHA X,8,E01004502,0,1
2024010513677,2024,010513677,1,3,0,99,99,9,9,99,99,9,9,99,9,99,2,1,6,6,1,35,6,124,1,2,YAMAHA X,2,E01002087,0,2
2024010517697,2024,010517697,1,3,0,99,99,9,9,99,99,9,9,99,9,99,1,1,2,2,1,29,6,124,1,2,YAMAHA X,6,E01003949,0,3
2024010542965,2024,010542965,1,3,0,99,99,9,9,99,99,1,9,99,9,99,9,1,1,1,3,33,6,124,1,2,YAMAHA X,6,E01001258,0,2
202454C063624,2024,54C063624,1,3,0,18,19,2,6,0,0,1,0,0,0,0,1,1,6,6,1,43,7,124,1,1,YAMAHA X,-1,-1,0,-1
2024010553255,2024,010553255,2,3,0,99,99,9,9,2,2,1,9,99,9,99,1,1,2,2,1,31,6,124,1,2,YAMAHA X,2,E01024294,0,4
2024371509464,2024,371509464,2,3,0,-1,19,3,7,-1,0,1,2,0,0,0,3,1,-1,9,1,32,6,124,1,1,YAMAHA X,9,E01030045,0,1
2024010499073,2024,010499073,1,3,0,99,99,9,9,99,99,9,9,99,9,99,9,1,2,2,3,31,6,124,1,1,YAMAHA X,7,E01002298,0,4
2024010546524,2024,010546524,1,3,0,18,19,3,7,0,0,1,5,0,0,0,1,1,6,6,1,24,5,124,1,2,YAMAHA X,3,E01032786,0,1
2024010513818,2024,010513818,1,3,0,99,99,9,9,99,99,0,9,99,9,99,9,1,6,6,3,39,7,124,1,2,YAMAHA X,1,E01001442,0,1
2024471467778,2024,471467778,1,3,0,-1,13,3,7,-1,0,8,5,0,7,0,1,1,-1,1,1,21,5,124,1,0,YAMAHA X,3,E01016909,0,1
2024010513431,2024,010513431,1,3,0,18,19,9,9,99,99,9,9,99,9,99,9,1,2,2,1,21,5,124,1,4,YAMAHA X,2,E01001959,0,1
2024471516596,2024,471516596,2,3,0,-1,3,7,3,-1,0,1,0,0,0,0,3,1,-1,6,1,20,4,124,1,4,YAMAHA X,4,E01016852,0,1
2024440156966,2024,440156966,1,4,0,18,19,1,5,0,0,0,0,0,0,0,4,1,2,2,1,27,6,292,1,1,YAMAHA X,3,E01017193,0,2
2024010515915,2024,010515915,1,4,0,18,19,5,1,0,0,0,0,0,0,0,1,1,6,6,2,22,5,292,1,2,YAMAHA X,7,E01004483,0,1
2024010519330,2024,010519330,1,3,0,3,3,9,9,99,99,9,9,99,9,99,1,1,1,1,1,32,6,292,1,5,YAMAHA X,5,E01001859,0,2
2024010501124,2024,010501124,2,3,0,10,10,1,7,0,0,1,0,0,0,0,4,1,6,6,2,26,6,124,1,1,YAMAHA X,4,E01002044,0,1
2024010505985,2024,010505985,1,4,0,99,99,9,9,99,99,1,9,99,9,99,9,1,6,6,1,25,5,292,1,3,YAMAHA X,3,E01003993,0,2
2024010535281,2024,010535281,1,3,0,99,99,9,9,99,99,9,9,99,9,99,9,1,1,1,1,22,5,124,1,0,YAMAHA X,3,E01001645,0,1
2024010535847,2024,010535847,1,3,0,99,99,9,9,99,99,1,9,99,9,99,9,1,6,6,3,25,5,292,1,0,YAMAHA X,9,E01034360,0,4
2024440496188,2024,440496188,1,3,0,18,19,5,1,0,0,8,0,0,0,0,3,1,2,2,1,28,6,124,1,1,YAMAHA X,5,E01017158,0,1
2024471453308,2024,471453308,1,3,0,-1,19,7,3,-1,0,8,0,0,0,0,1,1,-1,1,1,33,6,124,1,3,YAMAHA X,2,E01016978,0,1
2024010499495,2024,010499495,1,3,0,99,99,9,9,99,99,0,9,99,9,99,9,1,1,1,1,39,7,124,1,1,YAMAHA X,8,E01003361,0,1
2024010521725,2024,010521725,2,3,0,13,13,1,5,0,0,1,0,0,0,0,1,1,1,1,1,42,7,292,1,2,YAMAHA X,2,E01032564,0,1
2024010502136,2024,010502136,1,3,0,13,13,9,9,99,99,9,9,99,9,99,1,1,2,2,1,30,6,124,1,1,YAMAHA X,3,E01004397,0,2
2024451423161,2024,451423161,1,3,0,-1,5,5,1,-1,0,0,0,0,0,0,3,1,-1,1,1,41,7,124,1,4,YAMAHA X,10,E01016575,0,1
2024552401366,2024,552401366,1,3,0,9,9,8,6,0,0,8,0,0,0,0,3,1,6,6,1,40,7,292,1,1,YAMAHA X,4,E01015327,0,1
2024010530509,2024,010530509,1,4,0,18,19,3,7,0,0,0,1,4,0,0,1,1,6,6,1,77,11,292,1,0,YAMAHA X,6,E01034580,0,1
2024010515356,2024,010515356,1,3,0,99,99,9,9,99,99,9,9,99,9,99,1,1,1,1,1,29,6,124,1,4,YAMAHA X,4,E01004342,0,2
2024010551605,2024,010551605,1,3,0,99,99,9,9,99,99,9,9,99,9,99,9,1,1,1,1,28,6,292,1,1,YAMAHA X,2,E01001911,0,3
2024010500318,2024,010500318,1,3,0,99,99,9,9,99,99,9,9,99,9,99,9,1,1,1,1,22,5,124,1,5,YAMAHA X,2,E01001978,0,2
2024010536082,2024,010536082,1,3,0,99,99,9,9,99,99,0,9,99,9,99,9,1,6,6,1,32,6,124,1,3,YAMAHA X,3,E01002646,0,1
2024471411219,2024,471411219,1,3,0,-1,19,6,2,-1,0,8,5,0,0,0,3,1,-1,1,1,29,6,124,1,4,YAMAHA X,2,E01016945,0,1
2024010531567,2024,010531567,1,3,9,99,99,9,9,99,99,9,9,99,9,99,9,1,1,1,1,38,7,292,1,1,YAMAHA X,2,E01003511,0,2
2024010545547,2024,010545547,2,3,0,99,99,9,9,99,99,9,9,8,9,99,9,1,1,1,1,27,6,124,1,0,YAMAHA X,3,E01003923,0,1
2024010518725,2024,010518725,1,4,0,18,19,1,5,0,0,1,0,0,0,0,1,1,1,1,1,39,7,250,1,6,YAMAHA X,5,E01003666,0,2
2024430574563,2024,430574563,2,3,0,2,2,0,0,0,0,0,0,0,0,0,1,1,1,1,1,38,7,124,1,1,YAMAHA X,6,E01028558,0,1
2024010535096,2024,010535096,2,4,0,18,19,5,1,0,0,3,0,0,0,0,4,1,1,1,1,36,7,292,1,7,YAMAHA X,3,E01002627,0,1
2024010520959,2024,010520959,1,3,0,99,99,9,9,99,99,9,9,99,9,99,1,1,2,2,1,30,6,124,1,0,YAMAHA X,3,E01000998,0,3
2024010515073,2024,010515073,1,3,0,4,4,1,5,0,0,1,0,0,0,0,2,1,6,6,1,22,5,124,1,6,YAMAHA X,4,E01004495,0,1
2024010529010,2024,010529010,1,3,0,99,99,9,9,99,99,9,9,99,9,99,9,1,6,6,3,37,7,124,1,4,YAMAHA X,6,E01001997,0,1
2024010510126,2024,010510126,1,3,0,99,99,9,9,99,99,9,9,99,9,99,9,1,6,6,1,20,4,124,1,4,YAMAHA X,5,E01001381,0,2
2024010498676,2024,010498676,1,3,0,18,19,5,1,0,0,8,0,0,0,0,1,1,6,6,1,19,4,124,1,2,YAMAHA X,4,E01004425,0,1
2024010497561,2024,010497561,1,3,0,18,19,7,3,9,9,1,1,10,1,11,1,1,6,6,1,32,6,124,1,1,YAMAHA X,2,E01000798,0,3
2024010502873,2024,010502873,1,3,0,99,99,9,9,99,99,9,9,99,9,99,9,1,1,1,3,43,7,124,1,1,YAMAHA X,5,E01000996,0,1
2024010514569,2024,010514569,1,4,0,99,99,9,9,99,99,9,9,99,9,99,2,1,2,2,2,44,7,292,1,2,YAMAHA X,7,E01004372,0,3
2024010510373,2024,010510373,1,3,0,99,99,9,9,99,99,0,9,99,9,99,9,1,1,1,3,20,4,124,1,2,YAMAHA X,7,E01034187,0,3
2024010500172,2024,010500172,1,3,0,99,99,9,9,99,99,1,9,99,9,99,9,1,6,6,1,19,4,124,1,6,YAMAHA X,4,E01004425,0,2
2024010542747,2024,010542747,1,3,0,99,99,9,9,99,99,9,9,99,9,99,9,1,1,1,1,29,6,124,1,5,YAMAHA X,4,E01034027,0,3
2024010504254,2024,010504254,2,3,0,7,7,7,1,0,0,2,0,0,0,0,1,1,6,6,1,19,4,124,1,6,YAMAHA X,8,E01000233,0,1
2024552401320,2024,552401320,1,3,0,13,13,8,4,0,0,8,0,0,0,0,1,1,6,6,1,58,9,124,1,2,YAMAHA X,4,E01020346,0,1
2024010509821,2024,010509821,2,3,0,99,99,9,9,99,99,9,9,99,9,99,1,1,6,6,3,-1,-1,124,1,1,YAMAHA X,-1,-1,0,-1
2024522402217,2024,522402217,1,4,0,3,3,3,7,0,0,2,0,0,0,0,2,1,6,6,1,22,5,292,1,0,YAMAHA X,4,E01014622,0,1
2024010517596,2024,010517596,2,2,0,18,19,3,7,0,0,1,0,0,0,0,1,1,1,1,1,49,8,292,1,4,YAMAHA X,4,E01002055,0,1
2024010513080,2024,010513080,1,3,0,99,99,9,9,99,99,9,9,99,9,99,9,1,2,2,1,46,8,124,1,3,YAMAHA X,3,E01003377,0,1
2024010499502,2024,010499502,1,3,0,99,99,9,9,99,99,9,9,99,9,99,9,1,1,1,1,29,6,124,1,3,YAMAHA X,3,E01004062,0,3
2024010524012,2024,010524012,1,4,0,99,99,9,9,99,99,9,9,99,9,99,1,1,6,6,1,35,6,292,1,4,YAMAHA X,4,E01023857,0,3
2024010506071,2024,010506071,2,4,0,18,19,1,5,0,0,1,0,0,0,0,1,1,6,6,1,26,6,292,1,6,YAMAHA X,6,E01001040,0,1
2024010498385,2024,010498385,1,3,0,15,15,9,9,99,99,5,9,99,9,99,9,1,1,1,3,-1,-1,124,1,3,YAMAHA X,6,E01001872,0,1
2024010542118,2024,010542118,2,4,0,14,14,5,1,0,0,1,0,0,0,0,0,1,1,1,1,24,5,124,1,6,YAMAHA X,5,E01004172,0,1
2024010516096,2024,010516096,1,3,0,99,99,9,9,99,99,1,9,99,9,99,9,1,6,6,1,40,7,124,1,2,YAMAHA X,3,E01003979,0,1
2024010535859,2024,010535859,1,2,9,99,99,9,9,99,99,0,9,99,9,99,9,1,1,1,1,22,5,124,1,2,YAMAHA X,3,E01003082,0,1
2024010505591,2024,010505591,1,3,0,99,99,9,9,99,99,9,9,99,9,99,9,1,2,2,1,21,5,292,1,2,YAMAHA X,5,E01000591,0,3
2024010528301,2024,010528301,1,3,0,99,99,9,9,99,99,9,9,99,9,99,9,1,1,1,1,26,6,124,1,0,YAMAHA X,8,E01000241,0,1
2024010523866,2024,010523866,1,3,0,2,2,9,9,99,99,9,9,99,9,99,9,1,6,6,1,53,8,124,1,3,YAMAHA X,6,E01001277,0,1
2024010513913,2024,010513913,1,23,0,18,19,5,1,0,0,1,0,0,0,0,1,1,6,6,1,32,6,124,1,2,YAMAHA X,8,E01004639,0,1
2024010531259,2024,010531259,2,3,0,13,13,1,5,0,0,1,0,0,0,0,1,1,1,1,1,48,8,124,1,0,YAMAHA X,3,E01001011,0,2
2024461526645,2024,461526645,2,4,0,-1,9,3,7,-1,0,1,0,0,0,0,2,1,-1,9,1,80,11,292,1,4,YAMAHA X,8,E01024652,0,1
2024440301542,2024,440301542,1,3,0,18,19,5,1,0,0,2,0,0,0,0,1,1,2,2,1,38,7,124,1,1,YAMAHA X,9,E01035438,0,3
2024401524964,2024,401524964,2,3,-1,-1,-1,-1,-1,-1,-1,0,-1,-1,-1,0,-1,1,-1,6,1,32,6,124,1,3,YAMAHA X,5,E01015793,0,1
2024010527297,2024,010527297,1,3,0,99,99,9,9,99,99,1,9,99,9,99,9,1,1,1,3,39,7,124,1,5,YAMAHA X,3,E01004060,0,1
2024010519987,2024,010519987,1,3,0,3,3,8,4,0,0,0,0,0,0,0,1,1,6,6,1,31,6,292,1,7,YAMAHA X,9,E01004625,0,1
2024411489598,2024,411489598,2,3,0,-1,3,5,1,-1,0,1,0,0,0,0,1,1,-1,1,1,36,7,124,1,0,YAMAHA X,4,E01023337,0,1
2024010519246,2024,010519246,2,4,0,15,15,3,7,0,0,3,0,0,0,0,2,1,6,6,1,31,6,300,1,7,YAMAHA X,2,E01033882,0,1
2024201521477,2024,201521477,1,3,0,-1,5,2,6,-1,0,0,0,4,0,0,4,1,-1,6,1,19,4,124,1,3,YAMAHA X,1,E01033648,0,1
2024430495419,2024,430495419,1,3,0,18,19,8,4,0,0,8,0,0,0,0,2,1,2,2,1,27,6,124,1,4,YAMAHA X,4,E01032733,0,3
2024471424193,2024,471424193,2,3,0,-1,3,4,8,-1,0,8,5,0,0,0,2,1,-1,9,2,56,9,124,1,1,YAMAHA X,3,E01031409,0,1
2024010531552,2024,010531552,1,3,0,99,99,9,9,99,99,9,9,99,9,99,9,1,1,1,3,44,7,124,1,2,YAMAHA X,5,E01000338,0,3
2024411420070,2024,411420070,2,2,0,-1,19,7,3,-1,0,0,0,0,0,0,0,1,-1,6,1,26,6,124,1,1,YAMAHA X,5,E01002128,0,4
2024010499667,2024,010499667,1,3,0,99,99,9,9,99,99,9,9,99,9,99,1,1,6,6,1,22,5,124,1,2,YAMAHA X,4,E01031605,0,4
2024010518509,2024,010518509,1,4,0,14,14,1,5,0,0,8,0,0,0,0,1,1,6,6,1,48,8,292,1,3,YAMAHA X,4,E01030503,0,4
2024010531442,2024,010531442,1,3,0,3,3,1,5,0,0,1,0,0,0,0,4,1,6,6,1,49,8,124,1,2,YAMAHA X,5,E01003147,0,1
2024010506526,2024,010506526,1,3,9,99,99,9,9,99,99,0,9,99,9,99,9,1,6,6,3,41,7,124,1,2,YAMAHA X,5,E01032782,0,1
2024010524666,2024,010524666,1,3,0,99,99,9,9,99,99,9,9,99,9,99,9,1,1,1,3,32,6,124,1,0,YAMAHA X,5,E01003632,0,3
2024421475680,2024,421475680,2,3,0,-1,19,5,1,-1,0,1,0,0,0,0,1,1,-1,1,1,29,6,124,1,1,YAMAHA X,2,E01015896,0,1
2024010496801,2024,010496801,2,4,0,99,99,9,9,99,99,9,9,99,9,99,2,1,6,6,3,-1,-1,124,1,2,YAMAHA X,-1,-1,0,-1
2024010549499,2024,010549499,2,3,0,-1,-1,3,7,0,0,1,0,0,0,0,1,1,6,6,1,17,4,124,1,0,YAMAHA X,2,E01003252,0,2
2024010532546,2024,010532546,1,3,0,18,19,7,3,0,0,0,0,0,0,0,0,1,1,1,1,43,7,124,1,2,YAMAHA X,-1,-1,0,-1
2024201470319,2024,201470319,2,3,0,-1,19,6,2,-1,0,0,0,0,0,0,4,1,-1,9,1,30,6,124,1,7,YAMAHA X,1,E01009020,0,1
2024010545921,2024,010545921,1,4,0,18,19,9,9,99,99,9,9,99,9,99,1,1,1,1,1,25,5,292,1,1,YAMAHA X,2,E01003940,0,1
2024010502746,2024,010502746,1,3,0,99,99,9,9,99,99,9,9,99,9,99,9,1,6,6,3,36,7,124,1,1,YAMAHA X,5,E01030980,0,4
2024461515771,2024,461515771,2,3,0,-1,19,3,7,-1,0,8,0,0,0,0,3,1,-1,2,1,27,6,124,1,0,YAMAHA X,6,E01024180,0,1
2024340WN7272,2024,340WN7272,2,3,0,-1,9,5,3,-1,0,1,0,0,0,0,2,1,-1,1,1,29,6,292,1,5,YAMAHA X,1,E01027239,0,1
2024552401450,2024,552401450,2,3,0,9,9,3,1,0,0,6,0,0,0,0,3,1,2,2,1,42,7,124,1,2,YAMAHA X,6,E01015286,0,1
2024010519645,2024,010519645,1,3,0,18,19,5,1,0,0,8,2,0,0,0,4,1,1,1,1,26,6,124,1,2,YAMAHA X,-1,-1,0,-1
2024010528981,2024,010528981,1,3,9,99,99,9,9,99,99,9,9,99,9,99,9,1,2,2,1,46,8,124,1,2,YAMAHA X,3,E01003379,0,3
2024010500460,2024,010500460,2,4,0,18,19,8,4,0,0,1,0,0,0,0,1,1,2,2,1,41,7,292,1,4,YAMAHA X,5,E01004522,0,1
2024010548856,2024,010548856,1,3,0,99,99,9,9,99,99,0,9,99,9,99,9,1,6,6,1,33,6,124,1,2,YAMAHA X,6,E01004343,0,1
2024061425962,2024,061425962,2,9,0,-1,19,8,4,-1,0,1,0,0,0,0,0,1,-1,8,1,43,7,2998,8,1,BMW X5,4,E01005730,0,2
2024010523910,2024,010523910,1,9,0,18,19,3,7,9,9,1,0,10,1,11,4,1,6,6,2,37,7,4398,1,21,BMW X5,3,E01002923,0,1
2024522402597,2024,522402597,1,9,0,18,19,2,6,0,0,8,0,0,0,0,4,1,1,1,1,-1,-1,2998,8,2,BMW X5,10,E01014793,0,3
2024371513749,2024,371513749,2,9,0,-1,19,6,2,-1,0,1,0,0,0,0,3,1,-1,6,2,53,8,2993,2,18,BMW X5,9,E01030011,0,1
2024010521537,2024,010521537,2,9,0,18,19,1,5,0,0,1,0,0,0,0,1,9,6,6,3,-1,-1,2993,12,3,BMW X5,-1,-1,0,-1
2024131439420,2024,131439420,3,9,0,-1,19,4,1,-1,0,1,0,0,0,0,0,9,-1,1,1,-1,-1,2993,12,3,BMW X5,-1,-1,0,-1
2024501409264,2024,501409264,1,9,0,-1,19,6,2,-1,0,1,0,0,0,0,1,9,-1,6,1,37,7,2993,2,15,BMW X5,6,E01015027,0,1
2024451507215,2024,451507215,1,9,0,-1,19,3,7,-1,0,1,0,0,0,0,4,1,-1,2,1,28,6,2993,2,5,BMW X5,9,E01030908,0,1
2024351531608,2024,351531608,3,9,0,-1,2,0,0,-1,0,0,0,0,0,0,0,1,-1,6,-1,-1,-1,2993,-1,2,BMW X5,-1,-1,0,-1
2024061518960,2024,061518960,4,9,0,-1,19,5,1,-1,0,0,0,0,0,0,0,1,-1,8,2,49,8,2998,8,1,BMW X5,4,E01005730,0,2
2024041498813,2024,041498813,1,9,0,-1,5,3,7,-1,0,2,0,0,7,0,1,1,-1,9,1,44,7,2998,8,1,BMW X5,8,E01025549,0,3
2024010487919,2024,010487919,5,9,0,18,19,4,8,0,0,7,0,0,1,0,0,1,1,1,1,34,6,2993,12,3,BMW X5,-1,-1,0,-1
2024010523613,2024,010523613,1,9,0,18,19,5,1,0,0,8,0,0,0,0,1,1,6,6,3,34,6,2998,1,5,BMW X5,-1,-1,0,-1
2024131421095,2024,131421095,2,9,0,-1,10,1,5,-1,0,0,0,0,0,0,2,1,-1,6,1,44,7,2993,2,17,BMW X5,6,E01035048,0,1
2024141506339,2024,141506339,3,9,0,-1,19,7,3,-1,0,0,0,0,0,0,2,1,-1,9,2,58,9,2926,2,23,BMW X5,7,E01019548,0,4
2024351539380,2024,351539380,1,9,0,-1,5,4,8,-1,0,1,0,0,0,0,2,1,-1,9,2,30,6,2993,2,12,BMW X5,3,E01018093,0,1
2024161439160,2024,161439160,3,9,0,-1,19,3,7,-1,0,0,0,0,0,0,0,1,-1,1,1,35,6,2993,12,3,BMW X5,8,E01012962,0,1
2024010536179,2024,010536179,1,9,0,18,19,5,1,0,0,1,0,0,0,0,1,1,6,6,2,56,9,2993,-1,0,BMW X5,8,E01021788,0,2
2024010502789,2024,010502789,1,9,0,7,7,2,5,0,0,6,0,0,0,0,3,1,6,6,1,49,8,2998,8,3,BMW X5,8,E01000646,0,1
2024211530011,2024,211530011,1,9,0,-1,12,5,1,-1,0,0,0,0,0,0,3,1,-1,6,2,63,9,2993,2,19,BMW X5,7,E01018450,0,4
2024041455853,2024,041455853,1,9,0,-1,19,1,2,-1,0,1,0,0,0,0,4,1,-1,6,2,38,7,2993,2,7,BMW X5,3,E01025071,0,1
2024631448094,2024,631448094,2,9,0,-1,4,4,8,-1,0,0,0,0,0,0,2,1,-1,6,2,27,6,2993,2,19,BMW X5,4,W01000656,0,4
2024501445193,2024,501445193,2,9,0,-1,19,3,7,-1,0,0,0,0,0,0,2,1,-1,9,1,43,7,2993,2,14,BMW X5,5,E01020279,0,3
2024451409619,2024,451409619,8,9,0,-1,19,7,3,-1,0,0,0,0,0,0,0,1,-1,1,1,39,7,2993,12,3,BMW X5,10,E01030435,0,3
2024548780224,2024,548780224,2,9,0,3,3,3,7,0,0,0,0,0,0,0,0,1,1,1,1,-1,-1,2993,12,2,BMW X5,-1,-1,0,-1
2024501507754,2024,501507754,3,9,0,-1,3,3,7,-1,0,0,0,0,0,0,2,1,-1,6,1,38,7,2993,2,19,BMW X5,4,E01018918,0,3
2024302401054,2024,302401054,2,9,0,3,3,4,8,0,0,1,0,0,0,0,3,1,6,6,1,51,8,2993,2,12,BMW X5,10,E01019712,0,3
2024070050720,2024,070050720,2,9,0,4,4,2,6,0,0,0,0,0,0,0,2,1,6,6,1,60,9,2993,12,3,BMW X5,-1,-1,0,-1
2024440402201,2024,440402201,1,9,0,18,19,6,2,0,0,2,5,7,0,0,1,1,2,2,1,35,6,2979,1,21,BMW X5,4,E01022621,0,3
2024421510661,2024,421510661,1,9,4,-1,19,1,5,-1,0,0,0,0,0,0,0,1,-1,1,1,30,6,2993,2,16,BMW X5,8,E01002348,0,4
2024430437764,2024,430437764,2,9,0,17,19,4,2,0,0,0,1,0,7,0,2,1,6,6,1,51,8,2998,8,0,BMW X5,9,E01017714,0,1
2024421416310,2024,421416310,2,9,0,-1,19,7,3,-1,0,0,0,0,1,4,4,1,-1,9,1,33,6,2993,2,16,BMW X5,3,E01021889,0,2
2024221452426,2024,221452426,2,9,0,-1,4,5,1,-1,0,8,0,0,0,0,2,9,-1,6,2,40,7,2993,2,5,BMW X5,5,E01014060,0,2
2024471445190,2024,471445190,2,9,0,-1,2,0,0,-1,0,0,0,0,0,0,3,1,-1,7,2,40,7,2993,2,5,BMW X5,8,E01021107,0,1
2024201462813,2024,201462813,1,9,0,-1,19,3,5,-1,0,0,0,0,0,0,1,1,-1,9,2,57,9,2993,2,11,BMW X5,6,E01029620,0,2
202417L210524,2024,17L210524,1,9,0,-1,19,2,6,-1,0,0,0,0,0,0,1,1,-1,9,1,28,6,2993,2,7,BMW X5,1,E01012175,0,1
2024141489459,2024,141489459,1,9,0,-1,11,1,2,-1,0,3,0,0,0,0,4,9,-1,6,2,36,7,4395,1,6,BMW X5,3,E01007777,0,3
2024471445986,2024,471445986,1,9,0,-1,19,3,7,-1,0,2,0,0,0,0,1,1,-1,1,1,41,7,4395,1,1,BMW X5,5,E01030531,0,3
2024010487919,2024,010487919,3,9,0,18,19,4,8,0,0,6,0,0,0,0,0,1,1,1,1,36,7,2993,12,3,BMW X5,-1,-1,0,-1
2024531422218,2024,531422218,2,9,0,-1,19,5,1,-1,0,0,0,0,0,0,1,1,-1,9,1,42,7,2993,2,5,BMW X5,3,E01022457,0,1
2024401414175,2024,401414175,1,9,0,-1,19,-1,-1,-1,0,4,0,0,0,0,1,9,-1,6,1,28,6,2993,2,4,BMW X5,5,E01033837,0,1
2024451475808,2024,451475808,1,9,0,-1,19,7,3,-1,0,0,0,0,0,0,0,1,-1,1,1,28,6,2993,12,3,BMW X5,4,E01031575,0,2
2024131422856,2024,131422856,1,9,0,-1,1,3,7,-1,0,1,0,0,0,0,2,1,-1,6,3,-1,-1,2993,2,20,BMW X5,-1,-1,0,-1
2024332400137,2024,332400137,2,9,0,-1,19,3,7,-1,0,1,0,0,0,0,1,1,-1,1,3,-1,-1,2993,2,6,BMW X5,-1,-1,0,-1
2024131482048,2024,131482048,2,9,0,-1,19,1,5,-1,0,8,0,0,0,0,2,1,-1,6,1,37,7,2993,2,7,BMW X5,1,E01033693,0,2