collision_index,collision_year,collision_ref_no,vehicle_reference,vehicle_type,towing_and_articulation,vehicle_manoeuvre_historic,vehicle_manoeuvre,vehicle_direction_from,vehicle_direction_to,vehicle_location_restricted_lane_historic,vehicle_location_restricted_lane,junction_location,skidding_and_overturning,hit_object_in_carriageway,vehicle_leaving_carriageway,hit_object_off_carriageway,first_point_of_impact,vehicle_left_hand_drive,journey_purpose_of_driver_historic,journey_purpose_of_driver,sex_of_driver,age_of_driver,age_band_of_driver,engine_capacity_cc,propulsion_code,age_of_vehicle,generic_make_model,driver_imd_decile,lsoa_of_driver,escooter_flag,driver_distance_banding
2024302400818,2024,302400818,1,9,0,18,19,6,1,0,0,8,0,0,0,0,1,1,6,6,1,52,8,2993,2,12,BMW X5,2,E01013453,0,1
2024340WN5302,2024,340WN5302,3,9,0,-1,2,0,0,-1,0,8,0,0,0,0,4,1,-1,6,3,-1,-1,2993,2,17,BMW X5,-1,-1,0,-1
2024041539738,2024,041539738,1,9,0,-1,19,6,6,-1,0,1,0,0,0,0,1,9,-1,6,1,48,8,2993,2,12,BMW X5,1,E01024895,0,1
2024430339574,2024,430339574,2,9,0,18,19,2,6,0,0,0,0,0,0,0,1,1,6,6,2,-1,-1,2993,2,5,BMW X5,7,E01016579,0,2
2024411518162,2024,411518162,2,9,0,-1,19,1,5,-1,0,2,0,0,0,0,4,1,-1,6,1,56,9,2993,2,5,BMW X5,9,E01017422,0,3
2024010508765,2024,010508765,1,9,0,18,19,1,5,0,0,1,0,0,0,0,1,1,6,6,1,33,6,2993,2,4,BMW X5,-1,-1,0,-1
2024522401084,2024,522401084,1,9,0,18,19,6,2,0,0,0,0,0,0,0,1,1,6,6,1,41,7,2993,2,6,BMW X5,10,E01014901,0,2
2024010493727,2024,010493727,2,9,0,10,10,5,2,0,0,2,0,0,0,0,1,1,3,7,1,42,7,2998,8,3,BMW X5,8,E01000671,0,1
2024010535129,2024,010535129,1,9,0,5,5,3,7,0,0,1,0,0,0,0,1,1,6,6,1,72,10,4799,1,17,BMW X5,1,E01002905,0,1
2024440096555,2024,440096555,2,9,0,4,4,2,6,0,0,0,0,0,0,0,2,1,1,1,2,44,7,2993,2,10,BMW X5,-1,-1,0,-1
2024041443828,2024,041443828,1,9,0,-1,19,1,5,-1,0,0,5,0,0,0,1,1,-1,9,1,45,7,2993,2,18,BMW X5,4,E01025360,0,1
2024131476678,2024,131476678,1,9,0,-1,19,3,7,-1,0,1,0,0,0,0,4,1,-1,6,1,30,6,2993,2,9,BMW X5,1,E01010622,0,2
2024430283038,2024,430283038,2,9,0,6,6,6,6,0,0,8,0,0,0,0,3,1,6,6,2,32,6,1995,2,7,BMW X5,-1,-1,0,-1
2024451409619,2024,451409619,3,9,0,-1,19,7,3,-1,0,0,0,0,0,0,0,1,-1,1,1,31,6,2993,12,2,BMW X5,10,E01030435,0,3
2024070236115,2024,070236115,2,9,0,18,19,7,3,0,0,4,0,0,0,0,0,1,1,1,1,53,8,2993,2,4,BMW X5,3,E01018402,0,3
2024131397433,2024,131397433,3,9,0,-1,19,1,5,-1,0,4,0,0,0,0,0,1,-1,1,1,18,4,2993,12,3,BMW X5,6,E01011885,0,2
2024061423076,2024,061423076,2,9,0,-1,-1,-1,-1,-1,-1,-1,-1,-1,-1,0,-1,1,-1,6,3,40,7,2993,2,8,BMW X5,1,E01005165,0,1
2024010527380,2024,010527380,3,9,0,18,19,1,5,0,0,1,0,0,0,0,3,1,6,6,1,38,7,2998,8,3,BMW X5,2,E01001458,0,1
2024061483513,2024,061483513,2,9,0,-1,9,1,5,-1,0,2,0,0,0,0,1,1,-1,1,1,40,7,2993,12,3,BMW X5,-1,-1,0,-1
2024052402265,2024,052402265,1,9,0,5,5,6,2,0,0,8,0,0,0,0,1,1,6,6,1,34,6,2993,2,4,BMW X5,1,E01006760,0,1
2024501446574,2024,501446574,1,9,0,-1,4,7,3,-1,0,0,0,0,0,0,1,1,-1,2,2,40,7,2993,2,11,BMW X5,5,E01034619,0,1
2024471497492,2024,471497492,3,9,0,-1,19,7,3,-1,0,0,0,0,0,0,0,1,-1,9,1,43,7,2993,12,3,BMW X5,6,E01021034,0,4
2024340WN4332,2024,340WN4332,7,9,0,-1,19,3,7,-1,0,0,0,0,0,0,0,1,-1,9,1,33,6,2993,2,10,BMW X5,10,E01027274,0,1
2024201535189,2024,201535189,1,9,0,-1,1,3,7,-1,0,0,0,0,0,0,4,1,-1,6,1,-1,-1,2996,2,14,BMW X5,-1,-1,0,-1
202454B133224,2024,54B133224,2,9,0,18,19,7,3,0,0,1,0,0,0,0,1,1,6,6,1,46,8,2993,12,2,BMW X5,8,E01020435,0,4
2024101421589,2024,101421589,2,9,0,-1,19,7,3,-1,0,0,0,0,0,0,0,9,-1,6,1,26,6,2993,2,14,BMW X5,2,E01033206,0,2
2024421427046,2024,421427046,1,9,0,-1,19,-1,-1,-1,0,1,0,0,0,0,1,9,-1,6,2,58,9,2998,8,3,BMW X5,8,E01002273,0,3
2024451445256,2024,451445256,3,9,0,-1,4,1,5,-1,-1,0,0,0,0,0,2,1,-1,1,1,38,7,2993,2,6,BMW X5,10,E01030435,0,3
2024131417867,2024,131417867,3,9,0,-1,19,1,5,-1,0,1,0,0,0,0,0,1,-1,1,2,39,7,2993,2,5,BMW X5,6,E01011885,0,3
2024010527588,2024,010527588,3,9,0,18,19,7,3,0,0,8,0,0,0,0,0,1,1,1,1,38,7,2993,2,4,BMW X5,7,E01023492,0,4
2024131495996,2024,131495996,3,9,0,-1,19,1,5,-1,0,0,0,0,0,0,0,1,-1,1,1,42,7,2993,2,4,BMW X5,6,E01011885,0,3
2024501458043,2024,501458043,1,9,0,-1,19,2,6,-1,0,0,0,0,0,0,1,1,-1,9,1,47,8,2993,2,19,BMW X5,2,E01020141,0,1
2024991523247,2024,991523247,1,9,0,-1,19,3,7,-1,0,0,0,0,0,0,1,1,-1,9,2,31,6,2993,2,7,BMW X5,6,-1,0,1
2024471424897,2024,471424897,3,9,0,-1,4,0,0,-1,0,0,0,0,0,0,0,1,-1,1,1,40,7,2993,12,3,BMW X5,6,E01021034,0,4
2024411416848,2024,411416848,1,9,0,-1,7,3,5,-1,0,6,0,0,0,0,-1,1,-1,6,2,65,9,1995,2,10,BMW X5,3,E01023300,0,1
2024061525049,2024,061525049,1,9,0,-1,19,8,5,-1,0,1,0,0,0,0,1,1,-1,9,1,45,7,2993,2,17,BMW X5,1,E01005527,0,1
2024010537011,2024,010537011,1,9,0,4,4,5,1,0,0,8,0,0,0,0,3,1,2,2,1,44,7,2993,2,9,BMW X5,3,E01034201,0,1
2024122400476,2024,122400476,2,9,0,9,9,5,2,0,0,0,0,0,0,0,1,1,6,6,1,48,8,2993,12,3,BMW X5,3,E01027651,0,1
2024101441105,2024,101441105,1,9,0,-1,9,1,7,-1,0,8,0,0,0,0,1,1,-1,2,1,47,8,1995,2,10,BMW X5,1,E01008540,0,3
2024421478172,2024,421478172,2,9,0,-1,4,6,4,-1,0,0,0,0,0,0,2,1,-1,6,2,62,9,2993,2,17,BMW X5,3,E01003563,0,4
2024471473845,2024,471473845,2,9,0,-1,19,3,7,-1,0,0,0,0,0,0,2,1,-1,9,2,37,7,2993,2,15,BMW X5,3,E01031549,0,4
2024430405911,2024,430405911,2,9,0,3,3,3,7,0,0,0,0,0,0,0,2,1,6,6,2,48,8,1997,8,7,BMW X5,8,E01028510,0,1
2024061530994,2024,061530994,3,9,0,-1,5,7,3,-1,0,5,0,0,0,0,0,1,-1,1,1,28,6,2998,8,1,BMW X5,5,E01008139,0,4
2024531439717,2024,531439717,1,9,0,-1,19,2,6,-1,0,0,2,10,7,0,1,9,-1,9,1,38,7,2979,1,21,BMW X5,4,E01022156,0,2
2024471481588,2024,471481588,2,9,0,-1,19,7,3,-1,0,0,0,0,0,0,3,1,-1,9,1,61,9,2993,12,1,BMW X5,10,E01028655,0,4
2024311410995,2024,311410995,1,9,0,-1,4,1,5,-1,0,1,0,0,0,0,1,1,-1,6,1,58,9,2993,2,19,BMW X5,1,E01013825,0,1
2024010519672,2024,010519672,1,9,0,18,19,5,1,0,0,1,1,11,0,0,1,1,6,6,1,33,6,2993,2,5,BMW X5,-1,-1,0,-1
2024461536102,2024,461536102,1,9,0,-1,19,1,5,-1,0,0,0,0,0,0,1,1,-1,9,1,56,9,2998,8,2,BMW X5,3,E01024742,0,3
2024340NN0062,2024,340NN0062,2,9,0,-1,19,5,2,-1,0,1,0,0,0,0,1,1,-1,9,1,40,7,2993,2,12,BMW X5,3,E01027038,0,1
2024631483918,2024,631483918,1,9,0,-1,14,3,7,-1,0,1,0,0,0,0,4,1,-1,1,2,55,8,2993,2,19,BMW X5,7,W01000578,0,3
2024201456353,2024,201456353,2,9,0,-1,10,7,5,-1,0,8,0,0,0,0,1,9,-1,1,2,48,8,2998,8,3,BMW X5,8,E01010151,0,1
2024061521352,2024,061521352,1,9,0,-1,19,1,5,-1,0,2,0,0,0,0,1,1,-1,1,1,36,7,2993,2,15,BMW X5,7,E01034663,0,4
2024010545440,2024,010545440,2,9,0,99,99,9,9,99,99,9,9,99,9,99,0,9,6,6,3,-1,-1,2993,2,10,BMW X5,-1,-1,0,-1
2024991534620,2024,991534620,2,9,0,-1,19,1,2,-1,0,1,0,0,0,0,2,1,-1,9,1,57,9,2993,2,19,BMW X5,-1,-1,0,-1
2024552400560,2024,552400560,1,9,0,1,1,3,7,0,0,0,0,0,0,0,2,1,6,6,1,29,6,2993,2,11,BMW X5,8,E01020421,0,2
2024010536260,2024,010536260,4,9,0,-1,-1,5,1,0,0,1,0,0,0,0,0,1,6,6,1,44,7,2993,2,4,BMW X5,4,E01001484,0,2
2024122400921,2024,122400921,1,9,0,9,9,1,7,0,0,2,0,0,0,0,1,1,6,6,1,43,7,2993,12,0,BMW X5,8,E01027891,0,4
2024010549226,2024,010549226,3,9,0,2,2,0,0,0,0,0,0,0,0,0,4,1,6,6,3,-1,-1,2998,1,5,BMW X5,-1,-1,0,-1
2024010511643,2024,010511643,2,9,0,99,99,9,9,0,0,9,0,99,9,99,4,9,6,6,1,35,6,2993,2,10,BMW X5,-1,-1,0,-1
2024061506594,2024,061506594,1,9,0,-1,5,5,1,-1,0,0,0,0,0,0,3,1,-1,1,1,27,6,2993,2,19,BMW X5,3,E01006106,0,1
2024461402752,2024,461402752,2,9,0,-1,4,4,8,-1,0,1,0,0,0,0,2,9,-1,6,1,49,8,2998,8,2,BMW X5,9,E01024526,0,4
2024131468470,2024,131468470,1,9,0,-1,15,3,3,-1,0,0,0,0,4,0,4,1,-1,9,1,37,7,2993,2,4,BMW X5,6,E01011885,0,3
2024361442914,2024,361442914,3,9,0,-1,19,6,2,-1,0,0,0,0,0,0,1,1,-1,8,1,43,7,2993,12,3,BMW X5,9,E01026509,0,3
2024041433382,2024,041433382,2,9,0,-1,19,7,3,-1,0,0,0,0,0,0,0,1,-1,6,1,-1,-1,2993,2,5,BMW X5,8,E01025453,0,3
2024070033124,2024,070033124,4,9,0,18,19,7,3,0,0,1,0,0,0,0,1,1,6,6,2,38,7,2993,2,12,BMW X5,7,E01018345,0,1
2024991521847,2024,991521847,1,9,0,-1,19,4,8,-1,0,0,0,0,0,0,1,1,-1,9,1,23,5,1995,2,9,BMW X5,3,-1,0,4
2024010516538,2024,010516538,2,9,0,9,9,4,1,0,0,6,0,0,0,0,1,1,6,6,3,-1,-1,2993,2,5,BMW X5,-1,-1,0,-1
2024010504788,2024,010504788,2,9,0,9,9,2,7,0,0,2,0,0,0,0,3,1,6,6,1,49,8,2993,-1,2,BMW X5,8,E01002366,0,1
2024010536882,2024,010536882,2,9,0,9,9,1,7,0,0,8,0,0,0,0,1,1,6,6,2,45,7,2998,8,2,BMW X5,9,E01000213,0,1
2024622400009,2024,622400009,1,8,0,18,19,5,1,0,0,2,0,4,0,0,1,1,6,6,1,36,7,2993,2,8,BMW X5,1,E01025229,0,5
2024111481184,2024,111481184,2,9,0,-1,19,3,7,-1,0,0,0,0,0,0,3,1,-1,6,1,44,7,2993,2,5,BMW X5,-1,-1,0,-1
2024320321382,2024,320321382,1,9,0,-1,-1,3,7,0,0,2,0,0,0,0,1,1,6,6,3,-1,-1,2993,2,19,BMW X5,-1,-1,0,-1
2024131502976,2024,131502976,5,9,0,-1,2,0,0,-1,0,0,0,0,0,0,1,2,-1,6,-1,-1,-1,2993,2,8,BMW X5,-1,-1,0,-1
2024201434373,2024,201434373,1,9,0,-1,19,1,7,-1,0,8,0,0,0,0,1,1,-1,6,1,-1,-1,2993,2,6,BMW X5,-1,-1,0,-1
2024041492206,2024,041492206,2,9,0,-1,19,3,7,-1,0,8,0,0,0,0,1,1,-1,9,1,57,9,2993,12,1,BMW X5,10,E01025015,0,3
2024131412996,2024,131412996,3,9,0,-1,19,2,1,-1,0,1,0,0,0,0,0,1,-1,1,1,40,7,2993,2,6,BMW X5,6,E01011885,0,3
2024131452222,2024,131452222,1,9,0,-1,9,1,1,-1,0,8,0,0,0,0,1,1,-1,9,-1,25,5,4395,1,10,BMW X5,1,E01011368,0,2
2024522403242,2024,522403242,2,9,0,9,9,5,3,0,0,5,0,0,0,0,1,1,6,6,3,-1,-1,2993,2,18,BMW X5,-1,-1,0,-1
2024101397993,2024,101397993,2,9,0,-1,9,5,7,-1,0,2,0,0,0,0,1,1,-1,9,1,44,7,4395,1,4,BMW X5,8,E01008370,0,1
2024031517592,2024,031517592,1,9,0,-1,9,1,5,-1,0,0,0,0,0,0,1,1,-1,6,1,58,9,2993,2,14,BMW X5,-1,-1,0,-1
2024302500226,2024,302500226,1,9,0,-1,13,6,2,-1,0,0,0,0,0,0,1,1,-1,6,1,46,8,2993,2,12,BMW X5,2,E01029452,0,2
2024201425635,2024,201425635,2,9,0,-1,19,5,2,-1,0,0,0,0,0,0,2,1,-1,6,2,40,7,1995,2,9,BMW X5,-1,-1,0,-1
2024010509950,2024,010509950,1,9,0,18,19,5,1,0,0,1,0,0,0,0,3,1,6,6,1,61,9,2993,2,6,BMW X5,3,E01004720,0,2
2024501507796,2024,501507796,3,9,0,-1,19,5,1,-1,0,1,0,0,0,0,1,1,-1,1,1,36,7,2993,-1,2,BMW X5,6,E01015123,0,1
2024340WN3702,2024,340WN3702,2,9,0,-1,3,1,5,-1,0,1,0,0,0,0,2,1,-1,6,1,38,7,1995,2,9,BMW X5,9,E01027254,0,1
2024421520959,2024,421520959,1,9,0,-1,13,8,4,-1,0,0,0,0,1,4,1,1,-1,9,1,38,7,2998,8,0,BMW X5,7,E01021902,0,1
2024010496440,2024,010496440,1,9,0,3,3,1,5,0,0,1,0,0,0,0,2,1,6,6,1,39,7,4799,1,16,BMW X5,8,E01002946,0,1
2024061428941,2024,061428941,1,9,0,-1,9,4,8,-1,0,5,0,0,0,0,1,1,-1,6,2,38,7,2993,2,12,BMW X5,6,E01005875,0,1
2024411449831,2024,411449831,2,9,-1,-1,-1,-1,-1,-1,-1,-1,-1,-1,-1,0,-1,9,-1,6,2,50,8,2993,2,7,BMW X5,3,E01023326,0,3
2024471497963,2024,471497963,1,9,0,-1,19,1,5,-1,0,1,0,0,0,0,1,1,-1,9,2,48,8,2993,2,5,BMW X5,10,E01003851,0,4
2024461400740,2024,461400740,1,9,0,-1,19,6,2,-1,0,2,1,0,1,0,4,1,-1,9,1,36,7,4395,1,3,BMW X5,10,E01024336,0,1
2024041442305,2024,041442305,1,9,0,-1,6,1,5,-1,0,0,0,0,0,0,0,1,-1,9,1,42,7,2998,8,1,BMW X5,10,E01006985,0,4
2024201432799,2024,201432799,1,9,0,-1,19,5,1,-1,0,8,0,10,1,11,1,9,-1,6,3,-1,-1,2993,2,7,BMW X5,-1,-1,0,-1
2024041536451,2024,041536451,1,9,0,-1,19,2,4,-1,0,0,5,0,1,11,4,1,-1,9,1,41,7,2993,2,9,BMW X5,3,E01012617,0,1
2024451421284,2024,451421284,2,9,0,-1,19,7,3,-1,0,0,0,0,0,0,1,1,-1,1,1,44,7,2993,12,3,BMW X5,10,E01030435,0,4
2024411428345,2024,411428345,1,9,0,-1,19,5,1,-1,0,0,0,0,0,0,2,1,-1,6,1,38,7,2993,2,16,BMW X5,6,E01023598,0,1
2024451425446,2024,451425446,1,9,0,-1,19,3,7,-1,0,0,1,0,1,7,3,1,-1,6,1,28,6,2993,2,5,BMW X5,8,E01016748,0,4
2024549093824,2024,549093824,1,9,0,18,19,7,3,0,0,0,0,0,0,0,1,1,6,6,2,54,8,2993,12,0,BMW X5,-1,-1,0,-1
2024010516462,2024,010516462,2,9,0,18,19,7,3,0,0,8,0,0,0,0,1,1,6,6,1,36,7,2993,2,10,BMW X5,2,E01000552,0,1
2024141441564,2024,141441564,1,9,0,-1,9,5,2,-1,0,8,0,0,0,0,1,1,-1,9,1,63,9,2993,12,2,BMW X5,9,E01007690,0,1
2024201456752,2024,201456752,2,9,0,-1,19,5,4,-1,0,8,0,0,0,0,1,1,-1,6,1,54,8,2993,2,12,BMW X5,-1,-1,0,-1
2024332400954,2024,332400954,2,9,0,-1,19,7,3,-1,0,1,0,0,0,0,1,1,-1,6,3,-1,-1,2993,2,13,BMW X5,-1,-1,0,-1
2024440213309,2024,440213309,1,9,0,13,13,3,7,0,0,1,0,0,0,0,1,1,1,1,2,-1,-1,2993,12,2,BMW X5,-1,-1,0,-1
2024552400439,2024,552400439,2,9,0,4,4,8,4,0,0,4,0,0,0,0,2,1,6,6,2,65,9,2993,2,10,BMW X5,4,E01020581,0,1
2024052401770,2024,052401770,1,9,0,9,9,2,8,0,0,8,0,0,0,0,1,1,6,6,2,49,8,1995,2,7,BMW X5,10,E01030891,0,5
2024131420883,2024,131420883,2,9,0,-1,19,5,1,-1,0,8,0,0,0,0,1,1,-1,6,3,-1,-1,2993,2,18,BMW X5,-1,-1,0,-1
2024430209262,2024,430209262,1,9,0,5,5,4,8,0,0,0,0,0,0,0,2,1,6,6,1,35,6,2993,2,15,BMW X5,4,E01032714,0,4
2024411541112,2024,411541112,1,9,0,-1,4,1,5,-1,0,0,0,0,0,0,2,1,-1,6,1,69,10,2993,2,6,BMW X5,10,E01017938,0,4
2024041417918,2024,041417918,2,9,0,-1,19,1,5,-1,0,1,0,0,0,0,2,1,-1,9,1,52,8,2993,2,17,BMW X5,4,E01012693,0,1
2024010491151,2024,010491151,1,9,0,9,9,5,3,0,0,1,1,0,0,0,1,1,6,6,1,32,6,2993,2,20,BMW X5,4,E01029102,0,5
2024141519805,2024,141519805,1,9,0,-1,9,7,3,-1,0,0,1,6,0,0,1,1,-1,1,1,44,7,2993,2,4,BMW X5,1,E01007902,0,2
2024351435511,2024,351435511,2,9,0,-1,5,7,3,-1,0,4,0,0,0,0,3,1,-1,6,1,81,11,2993,2,9,BMW X5,6,E01018165,0,3
2024461428138,2024,461428138,5,9,0,-1,-1,5,1,-1,-1,0,0,0,0,0,0,1,-1,-1,1,40,7,2993,12,2,BMW X5,7,E01030452,0,4
2024131421730,2024,131421730,3,9,0,-1,-1,-1,-1,-1,-1,0,-1,-1,-1,0,-1,1,-1,6,1,34,6,2993,2,17,BMW X5,1,E01010700,0,1
2024010495251,2024,010495251,2,9,0,18,19,7,3,0,0,0,0,0,0,0,1,1,1,1,1,34,6,2993,12,2,BMW X5,-1,-1,0,-1
2024131417421,2024,131417421,2,9,0,-1,2,3,3,-1,0,1,0,0,0,0,2,1,-1,6,-1,-1,-1,2993,2,19,BMW X5,-1,-1,0,-1
2024052401498,2024,052401498,2,9,0,7,7,5,7,0,0,1,0,0,0,0,1,1,1,1,1,47,8,2993,2,7,BMW X5,-1,-1,0,-1
2024010529601,2024,010529601,2,9,0,13,13,5,1,0,0,1,0,0,0,0,0,1,6,6,1,33,6,2993,12,2,BMW X5,-1,-1,0,-1
2024052402459,2024,052402459,1,9,0,18,19,1,5,0,0,1,0,0,0,0,1,1,1,1,1,-1,-1,2993,2,7,BMW X5,-1,-1,0,-1
2024421451632,2024,421451632,1,9,0,-1,19,6,8,-1,0,1,0,4,0,0,1,1,-1,9,1,53,8,2926,2,21,BMW X5,9,E01021371,0,1
2024991485929,2024,991485929,2,9,0,-1,19,5,8,-1,0,1,1,0,0,0,1,1,-1,6,2,41,7,2993,2,18,BMW X5,8,-1,0,2
2024052400600,2024,052400600,3,9,0,18,19,3,7,0,0,0,0,0,0,0,4,1,1,1,1,44,7,2993,2,7,BMW X5,-1,-1,0,-1
2024231457143,2024,231457143,2,9,0,-1,4,0,0,-1,0,0,0,0,0,0,1,1,-1,1,1,48,8,2993,2,4,BMW X5,9,E01031284,0,4
2024361447784,2024,361447784,1,9,0,-1,19,8,4,-1,0,0,0,4,0,0,1,1,-1,6,1,33,6,2993,2,19,BMW X5,7,E01026471,0,2
2024461490374,2024,461490374,1,9,0,-1,5,3,7,-1,0,0,0,0,0,0,3,9,-1,6,2,40,7,2998,8,1,BMW X5,6,E01024117,0,1
2024010528924,2024,010528924,2,9,0,18,19,7,3,0,0,8,0,0,0,0,1,1,6,6,1,17,4,1995,2,8,BMW X5,4,E01002114,0,1
2024161439160,2024,161439160,2,9,0,-1,19,7,3,-1,0,0,0,0,0,0,0,1,-1,1,1,36,7,2993,12,3,BMW X5,8,E01012962,0,1
2024991460484,2024,991460484,2,9,0,-1,19,2,6,-1,0,1,0,0,0,0,1,1,-1,6,2,35,6,2993,2,15,BMW X5,5,-1,0,1
2024131466188,2024,131466188,1,9,0,-1,9,1,3,-1,0,1,0,0,0,0,1,1,-1,6,-1,-1,-1,2993,2,4,BMW X5,-1,-1,0,-1
2024311518194,2024,311518194,1,9,0,-1,20,8,4,-1,0,0,0,0,0,0,1,1,-1,1,1,-1,-1,2993,12,2,BMW X5,5,E01028189,0,3
2024010532890,2024,010532890,1,9,0,99,99,9,9,0,0,0,9,99,9,99,9,9,6,6,1,-1,-1,2993,2,9,BMW X5,5,E01002682,0,1
2024131459171,2024,131459171,3,9,0,-1,19,3,7,-1,0,0,0,0,0,0,0,1,-1,1,1,30,6,2993,12,3,BMW X5,6,E01011885,0,3
2024991420020,2024,991420020,1,9,0,-1,19,7,3,-1,0,1,0,0,0,0,1,1,-1,9,2,37,7,2993,12,2,BMW X5,8,-1,0,1
2024451526575,2024,451526575,2,9,0,-1,5,3,7,-1,99,1,0,0,0,0,1,1,-1,6,2,58,9,2998,8,3,BMW X5,-1,-1,0,-1
2024131438804,2024,131438804,5,9,0,-1,19,6,2,-1,0,1,0,0,0,0,0,1,-1,1,1,31,6,2993,12,3,BMW X5,6,E01011885,0,3
2024471437192,2024,471437192,2,9,0,-1,19,1,5,-1,0,0,1,0,1,0,1,1,-1,6,2,48,8,2993,12,2,BMW X5,10,E01031621,0,2
2024421409646,2024,421409646,2,9,0,-1,19,7,3,-1,0,0,1,0,0,0,4,1,-1,9,2,45,7,2993,2,6,BMW X5,2,E01024677,0,4
2024520401827,2024,520401827,2,9,0,18,19,5,1,0,0,2,0,0,4,6,2,1,6,6,2,33,6,2993,2,12,BMW X5,5,E01032070,0,3
2024311494578,2024,311494578,2,9,0,-1,3,1,5,-1,0,1,0,0,0,0,3,9,-1,6,1,65,9,2993,2,19,BMW X5,6,E01033774,0,1
2024010545518,2024,010545518,1,9,0,18,19,1,5,0,0,8,0,0,0,0,1,1,6,6,1,53,8,2993,2,8,BMW X5,5,E01000071,0,1
2024061450941,2024,061450941,2,9,0,-1,19,-1,-1,-1,0,0,0,0,0,0,1,1,-1,6,3,-1,-1,3000,2,15,BMW X5,-1,-1,0,-1
2024141499324,2024,141499324,1,9,0,-1,19,3,7,-1,0,4,0,0,0,0,1,1,-1,6,3,-1,-1,2993,2,18,BMW X5,-1,-1,0,-1
2024010522392,2024,010522392,2,9,0,6,6,1,1,0,0,0,0,0,0,0,2,1,2,2,1,62,9,2979,1,20,BMW X5,-1,-1,0,-1
2024340WN3162,2024,340WN3162,1,9,0,-1,19,5,1,-1,0,4,0,0,0,0,1,1,-1,9,1,43,7,2998,8,2,BMW X5,9,E01025816,0,3
2024991406598,2024,991406598,1,9,0,-1,19,4,8,-1,0,0,1,0,0,0,1,1,-1,6,1,35,6,4395,1,3,BMW X5,8,-1,0,5
2024421434976,2024,421434976,2,9,0,-1,10,6,3,-1,0,1,0,0,0,0,3,1,-1,6,2,38,7,2993,2,11,BMW X5,7,E01021476,0,1
2024461457700,2024,461457700,1,9,0,-1,19,4,8,-1,0,0,5,11,1,0,1,1,-1,6,2,45,7,2993,2,5,BMW X5,9,E01000444,0,4
2024411454403,2024,411454403,2,9,0,-1,11,5,1,-1,0,3,5,0,4,0,1,1,-1,2,1,32,6,2993,2,12,BMW X5,6,E01023798,0,1
2024131514519,2024,131514519,1,9,0,-1,19,3,7,-1,0,8,0,0,0,0,1,1,-1,9,1,26,6,2993,2,14,BMW X5,1,E01011723,0,1
2024201523990,2024,201523990,2,9,0,-1,3,5,1,-1,0,0,0,0,0,0,2,1,-1,9,2,46,8,2993,2,6,BMW X5,8,E01009466,0,3
2024041525172,2024,041525172,2,9,0,-1,19,7,3,-1,0,0,0,0,0,0,2,1,-1,9,1,50,8,2993,12,0,BMW X5,4,E01025212,0,1
2024311431453,2024,311431453,3,9,0,-1,2,5,1,-1,0,0,0,0,0,0,3,9,-1,6,1,71,10,2993,12,2,BMW X5,9,E01028351,0,3
2024501461776,2024,501461776,1,9,0,-1,19,1,5,-1,0,1,0,0,0,0,1,1,-1,1,1,41,7,2993,-1,2,BMW X5,4,E01018876,0,3
2024010540887,2024,010540887,2,9,0,2,2,0,0,0,0,2,0,0,0,0,0,1,6,6,3,-1,-1,2998,1,5,BMW X5,-1,-1,0,-1
2024201526906,2024,201526906,2,9,0,-1,19,6,2,-1,0,0,0,0,0,0,2,1,-1,6,1,36,7,2993,2,19,BMW X5,1,E01009083,0,1
2024141536419,2024,141536419,2,9,0,-1,19,3,7,-1,0,0,0,0,0,0,1,1,-1,9,1,41,7,2993,2,8,BMW X5,-1,-1,0,-1
2024010501726,2024,010501726,1,9,0,18,19,5,1,0,0,0,0,0,0,0,2,1,6,6,1,47,8,2998,8,3,BMW X5,10,E01021751,0,2
2024010503884,2024,010503884,1,9,0,18,19,5,1,0,0,0,0,0,0,0,1,1,6,6,1,48,8,2993,2,13,BMW X5,4,E01001391,0,2
2024041497749,2024,041497749,1,9,0,-1,19,5,1,-1,0,1,0,0,0,0,1,1,-1,2,1,67,10,2993,12,1,BMW X5,7,E01025251,0,1
2024061420880,2024,061420880,2,9,0,-1,4,4,8,-1,0,0,0,0,0,0,4,1,-1,1,2,34,6,2998,8,1,BMW X5,2,E01005950,0,3
2024161432006,2024,161432006,2,9,0,-1,19,3,7,-1,0,8,0,0,0,0,1,1,-1,2,1,56,9,2993,-1,2,BMW X5,10,E01013064,0,3
2024421523813,2024,421523813,1,9,0,-1,19,1,5,-1,0,0,0,0,0,0,1,1,-1,6,3,-1,-1,2926,2,21,BMW X5,-1,-1,0,-1
2024010531760,2024,010531760,3,9,0,18,19,1,5,0,0,1,0,0,0,0,1,1,6,6,1,42,7,2993,2,5,BMW X5,3,E01003574,0,1
2024421446413,2024,421446413,2,9,0,-1,19,7,3,-1,0,1,0,0,0,0,1,1,-1,1,1,41,7,2993,2,4,BMW X5,8,E01021537,0,4
2024332400298,2024,332400298,1,9,0,-1,9,6,5,-1,0,2,0,0,0,0,1,1,-1,2,2,43,7,2993,2,8,BMW X5,7,E01025941,0,1
2024161444228,2024,161444228,1,9,0,-1,9,5,3,-1,0,0,0,0,0,0,1,1,-1,6,1,56,9,2993,2,15,BMW X5,5,E01012773,0,1
2024430483348,2024,430483348,2,9,0,18,19,7,3,0,0,8,0,0,0,0,1,1,2,2,1,30,6,2993,2,19,BMW X5,3,E01016454,0,1
2024131509466,2024,131509466,1,9,0,-1,4,3,7,-1,0,0,0,0,0,0,2,1,-1,6,1,-1,-1,2993,2,19,BMW X5,-1,-1,0,-1