collision_index,collision_year,collision_ref_no,vehicle_reference,vehicle_type,towing_and_articulation,vehicle_manoeuvre_historic,vehicle_manoeuvre,vehicle_direction_from,vehicle_direction_to,vehicle_location_restricted_lane_historic,vehicle_location_restricted_lane,junction_location,skidding_and_overturning,hit_object_in_carriageway,vehicle_leaving_carriageway,hit_object_off_carriageway,first_point_of_impact,vehicle_left_hand_drive,journey_purpose_of_driver_historic,journey_purpose_of_driver,sex_of_driver,age_of_driver,age_band_of_driver,engine_capacity_cc,propulsion_code,age_of_vehicle,generic_make_model,driver_imd_decile,lsoa_of_driver,escooter_flag,driver_distance_banding
2024131460538,2024,131460538,3,9,0,-1,19,6,2,-1,0,2,0,0,0,0,0,1,-1,1,1,-1,-1,2993,2,6,BMW X5,6,E01011885,0,1
2024552401057,2024,552401057,2,9,0,18,19,6,2,0,0,0,0,0,0,0,1,1,6,6,1,52,8,2993,2,13,BMW X5,4,E01020571,0,4
2024361465400,2024,361465400,1,9,0,-1,19,1,3,-1,0,0,0,10,1,0,3,1,-1,9,1,73,10,2926,2,21,BMW X5,9,E01026543,0,4
2024471466484,2024,471466484,1,9,0,-1,5,1,5,-1,9,0,0,0,0,0,0,9,-1,6,1,52,8,2993,2,4,BMW X5,8,E01001925,0,4
2024061505751,2024,061505751,1,9,0,-1,19,7,3,-1,0,1,0,10,0,0,1,1,-1,9,1,30,6,2993,12,1,BMW X5,-1,-1,0,-1
2024010524142,2024,010524142,1,9,0,18,19,7,3,0,0,0,0,0,1,2,1,1,6,6,1,69,10,2993,2,8,BMW X5,9,E01004546,0,1
2024010545152,2024,010545152,1,9,0,99,99,9,9,99,99,9,9,99,9,99,1,9,6,6,3,40,7,2993,2,7,BMW X5,6,E01032803,0,2
2024991437571,2024,991437571,1,9,0,-1,7,7,8,-1,0,5,0,0,0,0,4,1,-1,9,1,40,7,2993,2,15,BMW X5,6,-1,0,1
2024471522818,2024,471522818,1,9,0,-1,19,7,3,-1,9,0,0,0,1,0,4,1,-1,6,3,-1,-1,1997,8,7,BMW X5,-1,-1,0,-1
2024061450910,2024,061450910,2,9,0,-1,19,1,5,-1,0,0,0,0,0,0,1,1,-1,8,1,31,6,2998,8,1,BMW X5,2,E01004817,0,1
2024991401867,2024,991401867,1,9,0,-1,19,4,8,-1,0,0,5,12,7,1,1,1,-1,9,1,35,6,2993,2,16,BMW X5,2,-1,0,4
2024541956624,2024,541956624,1,9,0,1,1,2,6,0,0,0,0,0,0,0,2,1,6,6,1,51,8,2993,2,18,BMW X5,9,E01015501,0,2
2024070643218,2024,070643218,2,9,0,16,19,5,1,0,0,0,2,0,7,11,1,1,1,1,1,42,7,2993,12,3,BMW X5,1,E01018310,0,4
2024451445256,2024,451445256,1,9,0,-1,4,1,5,-1,-1,0,0,0,0,0,1,1,-1,1,1,36,7,2993,2,5,BMW X5,10,E01030435,0,3
2024411522622,2024,411522622,1,9,0,-1,5,6,2,-1,0,5,0,0,7,0,1,1,-1,6,1,29,6,2993,2,5,BMW X5,6,E01033308,0,1
2024610015724,2024,610015724,1,9,0,18,19,6,2,0,0,0,0,0,0,0,4,1,6,6,2,43,7,1995,2,9,BMW X5,9,W01001714,0,4
2024201454837,2024,201454837,2,9,0,-1,7,3,7,-1,0,5,0,0,0,0,3,1,-1,6,1,50,8,2993,2,11,BMW X5,-1,-1,0,-1
2024520403299,2024,520403299,1,9,0,9,9,3,1,0,0,8,0,0,0,0,2,1,6,6,2,56,9,2993,2,20,BMW X5,5,E01029330,0,1
2024430622984,2024,430622984,2,9,0,9,9,2,8,0,0,4,0,0,0,0,3,1,6,6,1,33,6,2993,2,12,BMW X5,8,E01028463,0,1
2024010549081,2024,010549081,2,9,0,99,99,9,9,99,99,9,9,99,9,99,1,9,6,6,3,-1,-1,2993,2,7,BMW X5,-1,-1,0,-1
2024010514971,2024,010514971,1,9,0,5,5,1,5,0,0,3,0,0,0,0,0,1,1,1,1,47,8,2993,12,3,BMW X5,3,E01004734,0,1
2024440433128,2024,440433128,3,9,0,18,19,7,3,0,0,8,0,0,0,0,0,1,1,1,1,42,7,2993,12,2,BMW X5,2,E01017051,0,3
2024010498889,2024,010498889,1,9,0,18,19,7,3,0,0,0,0,4,0,0,1,1,6,6,2,65,9,2993,-1,1,BMW X5,4,E01000689,0,1
2024161472191,2024,161472191,2,9,0,-1,19,5,3,-1,0,1,0,0,0,0,0,1,-1,1,1,29,6,2993,12,3,BMW X5,10,E01013090,0,2
2024041486512,2024,041486512,1,9,0,-1,11,7,3,-1,0,0,1,10,0,0,1,1,-1,9,1,49,8,4395,1,9,BMW X5,1,E01025229,0,2
2024461523707,2024,461523707,2,9,0,-1,19,7,3,-1,0,2,0,0,0,0,4,1,-1,6,1,31,6,2998,8,0,BMW X5,4,E01035314,0,2
2024201532070,2024,201532070,2,9,0,-1,19,7,3,-1,5,4,0,0,0,0,0,1,-1,1,1,33,6,2993,2,4,BMW X5,-1,-1,0,-1
2024131428995,2024,131428995,1,9,0,-1,13,5,1,-1,0,0,1,0,0,0,1,1,-1,9,1,41,7,2998,8,1,BMW X5,10,E01011562,0,2
2024522403304,2024,522403304,3,9,0,18,19,6,2,0,0,0,0,0,0,0,0,1,6,6,1,-1,-1,2998,8,2,BMW X5,10,E01014793,0,3
2024302500132,2024,302500132,1,9,0,-1,19,7,3,-1,0,0,1,0,1,0,1,1,-1,6,1,70,10,2993,2,11,BMW X5,7,E01019814,0,4
2024031466371,2024,031466371,3,9,0,-1,19,1,5,-1,0,0,0,0,0,0,3,1,-1,9,1,57,9,2998,8,0,BMW X5,8,E01025323,0,5
2024501515044,2024,501515044,2,9,0,-1,19,4,8,-1,0,0,0,4,0,0,1,1,-1,2,1,29,6,2993,2,16,BMW X5,5,E01020195,0,4
2024010537837,2024,010537837,1,9,0,7,7,6,8,7,6,2,0,0,0,0,1,1,6,6,3,-1,-1,2993,2,18,BMW X5,-1,-1,0,-1
202460Q008964,2024,60Q008964,1,9,0,9,9,5,8,0,0,4,0,0,0,0,1,1,6,6,1,57,9,2993,2,14,BMW X5,-1,-1,0,-1
2024131534912,2024,131534912,3,9,0,-1,19,8,4,-1,0,0,0,0,0,0,0,1,-1,1,1,31,6,2993,12,2,BMW X5,-1,-1,0,-1
2024221523319,2024,221523319,1,9,0,-1,19,6,2,-1,0,8,0,0,0,0,1,1,-1,6,1,81,11,2993,2,7,BMW X5,3,E01032423,0,2
2024161414198,2024,161414198,2,9,0,-1,19,5,1,-1,0,2,0,0,0,0,1,9,-1,6,1,50,8,2993,2,11,BMW X5,-1,-1,0,-1
2024201449721,2024,201449721,1,9,0,-1,19,2,6,-1,0,6,1,0,0,0,1,1,-1,6,1,41,7,2993,2,19,BMW X5,-1,-1,0,-1
202454A720524,2024,54A720524,1,9,0,18,19,1,5,0,0,1,0,0,0,0,1,1,6,6,3,-1,-1,2993,2,19,BMW X5,-1,-1,0,-1
2024451465583,2024,451465583,1,9,0,-1,19,1,5,-1,0,0,0,0,8,7,1,1,-1,2,1,43,7,2998,8,2,BMW X5,8,E01022780,0,4
2024161486902,2024,161486902,1,9,0,-1,19,7,3,-1,0,0,0,0,0,0,1,1,-1,6,1,47,8,2993,2,15,BMW X5,1,E01012856,0,3
2024231433431,2024,231433431,1,9,0,-1,9,3,7,-1,0,5,0,0,0,0,1,1,-1,9,2,66,10,2993,2,11,BMW X5,6,E01031193,0,1
2024061420593,2024,061420593,1,9,0,-1,7,-1,-1,-1,0,0,0,0,0,0,-1,9,-1,6,3,-1,-1,2993,2,5,BMW X5,-1,-1,0,-1
2024131509704,2024,131509704,2,9,0,-1,19,1,1,-1,0,1,0,0,0,0,0,1,-1,6,-1,35,6,2993,12,2,BMW X5,-1,-1,0,-1
2024061454114,2024,061454114,1,9,0,-1,19,5,1,-1,0,2,0,0,0,0,1,1,-1,1,1,30,6,2998,8,1,BMW X5,-1,-1,0,-1
2024122500129,2024,122500129,2,9,0,18,19,7,5,0,0,3,0,0,0,0,4,1,6,6,2,35,6,2993,2,11,BMW X5,6,E01027790,0,1
2024501451415,2024,501451415,1,9,0,-1,1,1,5,-1,0,1,0,0,0,0,2,1,-1,9,1,60,9,2497,2,17,BMW X5,4,E01018780,0,1
2024122400201,2024,122400201,1,9,0,18,19,6,2,0,0,1,0,0,0,0,1,1,6,6,1,70,10,4395,1,2,BMW X5,4,E01027779,0,2
2024010547031,2024,010547031,1,9,0,18,19,3,7,0,0,1,0,0,0,0,1,1,6,6,1,33,6,2993,2,5,BMW X5,-1,-1,0,-1
2024131419991,2024,131419991,2,9,0,-1,19,5,1,-1,0,1,0,0,0,0,0,1,-1,1,1,-1,-1,2993,2,4,BMW X5,6,E01011885,0,3
2024471396748,2024,471396748,1,9,0,-1,4,4,8,-1,0,0,0,0,0,0,1,1,-1,2,1,46,8,2993,2,4,BMW X5,7,E01031564,0,2
2024131402046,2024,131402046,1,9,0,-1,19,5,2,-1,0,0,0,0,0,0,0,1,-1,1,1,35,6,2993,12,2,BMW X5,-1,-1,0,-1
2024041408688,2024,041408688,1,9,0,-1,19,3,7,-1,0,0,0,0,1,1,1,1,-1,9,1,35,6,2993,2,14,BMW X5,1,E01025083,0,2
2024041464797,2024,041464797,1,9,0,-1,19,3,7,-1,1,0,0,0,0,0,1,1,-1,2,1,69,10,2993,12,2,BMW X5,10,E01025015,0,2
2024991397421,2024,991397421,2,9,0,-1,5,7,2,-1,0,8,0,0,0,0,4,1,-1,7,1,33,6,2993,2,10,BMW X5,4,-1,0,1
2024010518304,2024,010518304,3,9,0,18,19,3,7,0,0,1,0,0,0,0,3,2,6,6,1,47,8,2993,2,9,BMW X5,3,E01035695,0,1
202454D000024,2024,54D000024,2,9,0,10,10,5,3,0,0,1,0,0,0,0,2,1,6,6,1,65,9,2993,2,12,BMW X5,9,E01013293,0,5
2024131452273,2024,131452273,3,9,0,-1,19,7,1,-1,0,8,0,0,0,0,0,1,-1,1,1,-1,-1,2993,12,2,BMW X5,6,E01011885,0,3
2024052401988,2024,052401988,1,9,0,18,19,8,4,0,0,1,0,0,0,0,0,1,1,1,2,-1,-1,2993,2,7,BMW X5,-1,-1,0,-1
2024461448670,2024,461448670,3,9,0,-1,2,0,0,-1,-1,0,0,0,0,0,4,1,-1,6,1,40,7,2926,2,21,BMW X5,6,E01024180,0,1
2024440294773,2024,440294773,2,9,0,18,19,6,2,0,0,0,0,10,0,0,3,1,2,2,1,38,7,2998,8,2,BMW X5,9,E01022593,0,1
2024161527325,2024,161527325,1,9,0,-1,6,4,4,-1,0,1,0,0,0,0,1,1,-1,1,1,40,7,2993,2,6,BMW X5,8,E01007605,0,4
2024430085633,2024,430085633,1,9,0,18,19,1,5,0,0,0,0,0,0,0,1,1,6,6,1,59,9,2993,2,19,BMW X5,4,E01016474,0,4
2024131406254,2024,131406254,2,9,0,-1,19,7,3,-1,0,0,0,0,0,0,0,1,-1,6,-1,-1,-1,2993,2,6,BMW X5,-1,-1,0,-1
2024061403860,2024,061403860,1,9,0,-1,19,6,2,-1,0,0,2,0,2,4,1,1,-1,9,1,34,6,2993,2,7,BMW X5,1,E01008122,0,4
2024501505636,2024,501505636,3,9,0,-1,19,2,6,-1,0,0,0,0,0,0,0,1,-1,1,1,38,7,2993,-1,2,BMW X5,6,E01015123,0,1
2024401477282,2024,401477282,2,9,0,-1,3,7,3,-1,0,0,0,0,0,0,2,1,-1,6,1,53,8,2993,2,13,BMW X5,3,E01026033,0,4
2024061495047,2024,061495047,2,9,0,-1,19,1,5,-1,0,1,0,0,7,0,1,1,-1,9,1,68,10,2993,2,17,BMW X5,8,E01005776,0,1
2024010504727,2024,010504727,2,9,0,99,99,9,9,99,99,9,9,99,9,99,1,9,6,6,3,-1,-1,2993,2,5,BMW X5,1,E01000643,0,1
2024401492376,2024,401492376,2,9,-1,-1,-1,-1,-1,-1,-1,0,-1,-1,-1,0,4,9,-1,6,1,29,6,2993,2,16,BMW X5,3,E01015795,0,1
2024010493549,2024,010493549,1,9,0,18,19,1,5,0,0,1,0,0,0,0,0,1,6,6,1,46,8,2998,8,1,BMW X5,2,E01010047,0,5
2024221487643,2024,221487643,2,9,0,-1,19,5,8,-1,0,0,0,0,1,10,1,1,-1,2,1,55,8,2993,2,14,BMW X5,8,E01014002,0,2
2024131409147,2024,131409147,1,9,0,-1,19,2,5,-1,0,0,0,4,7,0,1,1,-1,9,1,65,9,2993,-1,3,BMW X5,7,E01011889,0,1
2024401434994,2024,401434994,2,9,0,-1,19,8,2,-1,0,1,0,0,0,0,0,1,-1,1,1,47,8,2993,2,4,BMW X5,-1,-1,0,-1
2024010491746,2024,010491746,2,9,0,9,9,2,7,9,9,2,0,0,1,1,1,1,1,1,1,42,7,2993,12,3,BMW X5,7,E01032767,0,2
2024010549911,2024,010549911,1,9,0,99,99,9,9,99,99,9,9,99,9,99,9,1,6,6,1,37,7,2979,1,21,BMW X5,9,E01002509,0,1
2024071083778,2024,071083778,3,9,0,-1,4,5,1,-1,0,0,0,0,0,0,2,1,-1,9,1,49,8,2993,2,19,BMW X5,4,E01025988,0,5
2024010516983,2024,010516983,1,9,0,9,9,5,2,1,1,8,0,0,0,0,3,1,6,6,1,29,6,2993,12,3,BMW X5,10,E01000448,0,1
2024320708628,2024,320708628,2,9,0,2,2,0,0,0,0,0,0,0,0,0,2,1,-1,-1,2,18,4,2993,2,4,BMW X5,7,E01034706,0,1
2024010487919,2024,010487919,4,9,0,18,19,4,8,0,0,6,0,0,1,0,0,1,1,1,1,53,8,2993,12,3,BMW X5,-1,-1,0,-1
202417S107724,2024,17S107724,1,9,0,-1,19,6,2,-1,0,8,0,0,0,0,4,1,-1,1,1,35,6,2993,2,9,BMW X5,-1,-1,0,-1
2024101564105,2024,101564105,2,9,0,-1,19,7,3,-1,0,8,0,0,0,0,1,1,-1,6,-1,-1,-1,2993,2,19,BMW X5,-1,-1,0,-1
2024440423066,2024,440423066,1,9,0,9,9,1,7,0,0,8,0,0,0,0,3,1,1,1,2,23,5,2993,2,4,BMW X5,3,E01022916,0,2
2024010516798,2024,010516798,3,9,0,18,19,3,7,0,0,0,0,0,0,0,4,1,1,1,1,43,7,2993,12,3,BMW X5,2,E01035694,0,3
2024440363203,2024,440363203,1,9,0,9,9,3,7,0,0,5,0,0,0,0,1,1,6,6,1,59,9,2993,2,20,BMW X5,5,E01017204,0,1
2024991464384,2024,991464384,2,9,0,-1,19,1,5,-1,0,8,0,0,0,0,1,1,-1,6,1,27,6,1995,2,7,BMW X5,1,-1,0,2
2024361428920,2024,361428920,3,9,0,-1,13,3,7,-1,0,0,0,0,0,0,0,9,-1,9,1,49,8,2993,12,3,BMW X5,-1,-1,0,-1
2024440504116,2024,440504116,1,9,0,18,19,1,5,0,0,0,0,4,1,10,1,1,6,6,2,65,9,2993,2,18,BMW X5,7,E01017292,0,1
2024010507357,2024,010507357,2,9,0,18,19,7,3,0,0,1,0,0,0,0,0,1,6,6,1,38,7,2993,2,4,BMW X5,-1,-1,0,-1
2024111437160,2024,111437160,2,9,0,-1,19,7,3,-1,0,0,0,0,0,0,0,1,-1,8,1,-1,-1,2993,2,4,BMW X5,-1,-1,0,-1
2024471480592,2024,471480592,4,9,0,-1,19,2,6,-1,0,2,0,0,1,0,1,1,-1,9,1,50,8,2993,2,5,BMW X5,10,E01030839,0,4
2024010540423,2024,010540423,2,9,0,99,99,9,9,99,99,6,9,99,9,99,9,9,6,6,3,-1,-1,2998,8,2,BMW X5,-1,-1,0,-1
2024302400804,2024,302400804,1,9,0,4,4,6,2,0,0,8,0,0,0,0,2,1,6,6,2,46,8,1995,2,7,BMW X5,-1,-1,0,-1
2024010516285,2024,010516285,1,9,0,18,19,5,1,0,0,2,0,0,0,0,1,1,6,6,1,26,6,1997,8,8,BMW X5,4,E01003376,0,2
2024411469237,2024,411469237,1,9,0,-1,19,5,1,-1,0,1,0,0,0,0,1,1,-1,9,1,34,6,2993,2,16,BMW X5,7,E01023492,0,1
2024471460672,2024,471460672,2,9,0,-1,19,6,2,-1,0,0,0,0,0,0,0,1,-1,1,1,27,6,2993,2,3,BMW X5,6,E01021034,0,3
2024531513938,2024,531513938,2,5,0,-1,19,3,7,-1,0,1,5,0,0,0,1,1,-1,9,1,59,9,600,1,3,MAKE AND MODEL REDACTED,2,E01022284,0,1
2024320440467,2024,320440467,3,4,0,-1,-1,2,8,0,0,1,1,0,0,0,1,1,6,6,1,60,9,600,1,1,MAKE AND MODEL REDACTED,-1,-1,0,-1
2024010521398,2024,010521398,1,5,0,99,99,9,9,99,99,9,9,99,9,99,9,1,6,6,1,36,7,600,1,5,MAKE AND MODEL REDACTED,9,E01015939,0,3
2024141426471,2024,141426471,1,5,0,-1,19,1,5,-1,0,1,0,10,0,0,3,1,-1,6,1,73,10,600,1,2,MAKE AND MODEL REDACTED,1,E01007626,0,1
2024440210031,2024,440210031,1,5,0,14,14,8,4,0,0,0,0,0,0,0,4,1,6,6,1,38,7,1202,1,10,MAKE AND MODEL REDACTED,10,E01022605,0,1
2024311428921,2024,311428921,1,5,0,-1,5,1,1,-1,0,0,0,4,0,0,1,1,-1,6,1,61,9,1458,1,21,MAKE AND MODEL REDACTED,8,E01028194,0,1
2024522401480,2024,522401480,2,5,0,18,19,1,6,0,0,8,0,0,0,0,1,1,6,6,1,58,9,1200,1,25,MAKE AND MODEL REDACTED,8,E01014821,0,1
2024211418174,2024,211418174,2,5,0,-1,-1,5,8,-1,-1,0,-1,0,-1,0,1,1,-1,6,1,47,8,1202,1,9,MAKE AND MODEL REDACTED,4,E01029851,0,1
2024501423209,2024,501423209,2,5,0,-1,4,6,2,-1,0,0,0,0,0,0,1,1,-1,9,1,66,10,1200,1,24,MAKE AND MODEL REDACTED,4,E01018877,0,1
2024471505144,2024,471505144,1,5,0,-1,19,7,3,-1,0,0,1,4,7,0,3,1,-1,6,1,77,11,1200,1,27,MAKE AND MODEL REDACTED,3,E01021003,0,1
2024211472224,2024,211472224,2,5,0,-1,19,2,6,-1,0,1,0,0,0,0,1,1,-1,6,1,37,7,1690,1,7,MAKE AND MODEL REDACTED,-1,-1,0,-1
2024631478167,2024,631478167,2,4,0,-1,19,2,6,-1,0,0,2,0,0,0,3,1,-1,9,1,80,11,1690,1,9,MAKE AND MODEL REDACTED,3,W01000714,0,1
2024101474034,2024,101474034,2,5,0,-1,19,2,6,-1,0,8,1,0,0,0,1,1,-1,6,1,39,7,883,1,10,MAKE AND MODEL REDACTED,3,E01008639,0,1
2024070337121,2024,070337121,1,5,0,18,19,7,3,0,0,1,0,0,0,0,1,1,6,6,1,48,8,998,1,7,HONDA CRF1000D,10,E01035386,0,4
2024010539828,2024,010539828,1,5,0,99,99,9,9,99,99,0,9,99,9,99,1,1,2,2,2,47,8,998,1,4,HONDA CRF1000D,9,E01023461,0,4
2024451462079,2024,451462079,1,5,0,-1,19,5,1,-1,0,0,0,0,0,0,4,1,-1,2,1,39,7,998,1,5,HONDA CRF1000D,7,E01016569,0,4
2024041437996,2024,041437996,2,5,0,-1,19,5,1,-1,9,0,5,0,0,0,4,1,-1,9,1,69,10,998,1,7,HONDA CRF1000D,7,E01025400,0,2
2024520402451,2024,520402451,2,5,0,18,19,3,7,0,0,8,0,0,0,0,4,1,6,6,1,56,9,998,1,6,HONDA CRF1000D,6,E01029039,0,4
2024010549648,2024,010549648,1,5,0,18,19,5,1,0,0,8,0,0,0,0,1,1,2,2,1,61,9,998,1,7,HONDA CRF1000D,6,E01033813,0,4
2024451449223,2024,451449223,2,5,0,-1,19,2,6,-1,0,0,5,0,0,0,2,1,-1,9,1,22,5,998,1,6,HONDA CRF1000D,10,E01016672,0,4
2024061458942,2024,061458942,2,5,0,-1,19,5,1,-1,0,0,0,0,0,0,0,1,-1,6,1,38,7,998,1,5,HONDA CRF1000D,1,E01005615,0,1
2024501498871,2024,501498871,1,5,0,-1,9,3,1,-1,9,1,0,0,1,0,1,1,-1,6,1,74,10,998,1,6,HONDA CRF1000D,7,E01018670,0,5
2024401405094,2024,401405094,2,5,0,-1,5,5,1,-1,0,6,0,0,0,0,0,1,-1,2,1,37,7,998,1,5,HONDA CRF1000D,8,E01017669,0,4
2024461471156,2024,461471156,2,5,0,-1,99,1,5,-1,0,0,0,0,0,0,2,1,-1,6,1,64,9,998,1,6,HONDA CRF1000D,4,E01035314,0,3
2024332400644,2024,332400644,2,5,0,-1,19,1,5,-1,0,8,0,0,0,0,4,1,-1,6,1,29,6,998,1,5,HONDA CRF1000D,4,E01025843,0,1
2024221424244,2024,221424244,1,5,0,-1,13,6,2,-1,0,0,1,0,1,0,1,1,-1,9,1,65,9,998,1,7,HONDA CRF1000D,9,E01009817,0,4
2024010531418,2024,010531418,1,5,0,99,99,9,9,99,99,9,9,99,9,99,1,1,6,6,1,50,8,998,1,6,HONDA CRF1000D,6,E01016467,0,3
2024421485195,2024,421485195,2,5,0,-1,19,7,3,-1,0,0,0,0,1,0,1,1,-1,9,1,28,6,998,1,4,HONDA CRF1000D,6,E01021399,0,3
2024010530377,2024,010530377,1,5,0,18,19,7,3,9,9,1,0,0,0,0,1,1,2,2,1,49,8,644,1,16,MAKE AND MODEL REDACTED,3,E01003983,0,1
2024501395345,2024,501395345,2,5,0,-1,19,6,2,-1,0,1,0,0,0,0,1,1,-1,6,1,57,9,690,1,13,MAKE AND MODEL REDACTED,9,E01015033,0,1
2024332400279,2024,332400279,2,5,0,-1,19,2,6,-1,0,8,0,0,0,0,1,1,-1,9,1,22,5,690,1,8,MAKE AND MODEL REDACTED,6,E01025746,0,1
2024440133521,2024,440133521,2,5,0,18,19,8,4,0,0,1,0,0,0,0,1,1,6,6,1,51,8,690,1,10,MAKE AND MODEL REDACTED,10,E01034724,0,1
2024471486882,2024,471486882,1,3,0,-1,19,7,3,-1,0,0,1,0,1,0,4,1,-1,9,1,32,6,125,1,13,MAKE AND MODEL REDACTED,3,E01020971,0,2
2024440479969,2024,440479969,1,2,0,4,4,6,2,0,0,1,0,0,0,0,1,1,6,6,1,19,4,125,1,0,MAKE AND MODEL REDACTED,8,E01023124,0,1
2024411497828,2024,411497828,1,9,0,-1,19,4,1,-1,0,1,0,0,0,0,4,1,-1,9,1,87,11,2487,8,1,LEXUS NX 350,9,E01001417,0,1
2024122401214,2024,122401214,1,9,0,13,13,1,5,0,0,0,0,0,0,0,1,1,3,7,1,62,9,2487,8,0,LEXUS NX 350,7,E01012942,0,2
2024302400789,2024,302400789,5,9,0,18,19,7,3,0,0,0,0,0,0,0,1,1,6,6,1,52,8,2487,8,2,LEXUS NX 350,9,E01028421,0,4
2024161475384,2024,161475384,1,9,0,-1,19,5,3,-1,0,0,0,0,0,0,1,1,-1,6,1,52,8,2487,8,0,LEXUS NX 350,-1,-1,0,-1
2024451441955,2024,451441955,2,9,0,-1,19,3,7,-1,0,1,0,0,0,0,4,2,-1,9,1,62,9,2487,8,2,LEXUS NX 350,9,E01030334,0,2
2024010522607,2024,010522607,1,9,0,18,19,7,3,0,0,1,0,0,0,0,1,1,2,2,2,68,10,2487,8,2,LEXUS NX 350,3,E01000800,0,1
2024141474705,2024,141474705,1,9,0,-1,3,5,1,-1,0,0,0,0,0,0,2,1,-1,9,2,37,7,2487,8,1,LEXUS NX 350,7,E01010572,0,4
2024451416301,2024,451416301,1,9,0,-1,19,3,7,-1,0,1,0,0,0,0,3,1,-1,9,1,78,11,2487,8,0,LEXUS NX 350,10,E01016608,0,3
2024461530692,2024,461530692,1,9,0,-1,19,3,7,-1,0,8,0,0,0,0,1,9,-1,6,3,-1,-1,2487,8,1,LEXUS NX 350,-1,-1,0,-1
2024401414480,2024,401414480,2,9,0,-1,19,6,2,-1,0,0,0,0,0,0,1,1,-1,6,1,17,4,2487,8,2,LEXUS NX 350,9,E01033508,0,3
2024991408951,2024,991408951,1,9,0,-1,9,7,4,-1,0,2,0,0,0,0,1,1,-1,9,1,57,9,2487,8,1,LEXUS NX 350,5,-1,0,1
2024010516037,2024,010516037,1,9,0,9,9,6,3,0,0,8,0,0,0,0,1,1,6,6,1,74,10,2487,8,1,LEXUS NX 350,7,E01002617,0,1
2024302400598,2024,302400598,1,2,0,18,19,6,2,0,0,3,0,0,0,0,1,1,6,6,2,47,8,50,1,7,MAKE AND MODEL REDACTED,1,E01013456,0,3
2024501449921,2024,501449921,2,2,0,-1,3,7,3,-1,0,0,0,0,0,0,1,1,-1,9,1,16,4,50,1,7,MAKE AND MODEL REDACTED,5,E01018768,0,1
2024361443763,2024,361443763,1,2,0,-1,4,1,5,-1,0,0,1,0,0,0,3,1,-1,6,1,16,4,50,1,7,MAKE AND MODEL REDACTED,5,E01018067,0,1
2024061506594,2024,061506594,2,3,0,-1,19,1,4,-1,0,0,0,0,1,0,1,1,-1,9,1,17,4,-1,-1,-1,MAKE AND MODEL REDACTED,1,E01006105,0,1
2024430281319,2024,430281319,2,3,0,7,7,8,4,0,0,5,0,0,0,0,2,1,2,2,2,27,6,125,1,13,MAKE AND MODEL REDACTED,4,E01017905,0,1
2024531436698,2024,531436698,2,2,0,-1,19,7,3,-1,0,1,2,0,0,0,1,1,-1,2,1,29,6,50,1,9,MAKE AND MODEL REDACTED,2,E01022285,0,1
2024622400602,2024,622400602,1,2,0,18,19,2,6,0,0,0,1,0,7,0,1,1,6,6,1,13,3,49,1,8,MAKE AND MODEL REDACTED,3,W01000922,0,1
2024552400655,2024,552400655,1,3,0,4,4,6,2,0,0,0,1,0,0,0,1,1,6,6,1,18,4,-1,-1,-1,MAKE AND MODEL REDACTED,4,E01020581,0,2
2024010544984,2024,010544984,2,9,9,99,99,9,9,99,99,9,9,99,9,99,9,9,6,6,1,-1,-1,1997,1,17,MAKE AND MODEL REDACTED,-1,-1,0,-1
2024101525486,2024,101525486,1,9,-1,-1,-1,-1,-1,-1,-1,0,-1,-1,-1,0,-1,9,-1,9,1,58,9,1997,2,16,MAKE AND MODEL REDACTED,1,E01033547,0,1
2024332400968,2024,332400968,2,9,0,-1,4,7,3,-1,0,4,0,0,0,0,1,1,-1,2,1,54,8,1997,1,21,MAKE AND MODEL REDACTED,1,-1,0,5
2024471465486,2024,471465486,2,9,0,-1,19,1,5,-1,0,1,0,0,0,0,3,1,-1,9,2,39,7,1997,1,17,MAKE AND MODEL REDACTED,1,E01016868,0,2
2024131402679,2024,131402679,3,9,0,-1,3,3,7,-1,0,0,0,0,0,0,2,1,-1,2,1,55,8,1997,2,14,MAKE AND MODEL REDACTED,1,E01011036,0,1
2024201484886,2024,201484886,1,9,0,-1,7,3,4,-1,0,0,0,10,1,2,1,1,-1,6,3,-1,-1,1997,2,16,MAKE AND MODEL REDACTED,-1,-1,0,-1
2024010504287,2024,010504287,1,3,0,18,19,3,7,0,0,0,0,0,0,0,0,1,6,6,1,25,5,124,1,21,MAKE AND MODEL REDACTED,2,E01033584,0,1
2024141405838,2024,141405838,1,9,0,-1,19,3,7,-1,0,0,0,0,0,0,1,1,-1,2,1,28,6,-1,-1,-1,RENAULT KANGOO,5,E01007640,0,2
2024991449590,2024,991449590,1,9,0,-1,19,3,7,-1,0,0,0,0,0,0,1,2,-1,6,1,63,9,-1,-1,-1,RENAULT KANGOO,2,-1,0,3
2024371400805,2024,371400805,1,19,0,-1,19,1,5,-1,0,0,2,0,2,0,1,9,-1,6,1,35,6,1461,2,21,RENAULT KANGOO,4,E01030219,0,1