collision_index,collision_year,collision_ref_no,vehicle_reference,vehicle_type,towing_and_articulation,vehicle_manoeuvre_historic,vehicle_manoeuvre,vehicle_direction_from,vehicle_direction_to,vehicle_location_restricted_lane_historic,vehicle_location_restricted_lane,junction_location,skidding_and_overturning,hit_object_in_carriageway,vehicle_leaving_carriageway,hit_object_off_carriageway,first_point_of_impact,vehicle_left_hand_drive,journey_purpose_of_driver_historic,journey_purpose_of_driver,sex_of_driver,age_of_driver,age_band_of_driver,engine_capacity_cc,propulsion_code,age_of_vehicle,generic_make_model,driver_imd_decile,lsoa_of_driver,escooter_flag,driver_distance_banding
2024430227945,2024,430227945,1,9,0,18,19,5,7,4,4,5,0,0,0,0,4,1,6,6,1,60,9,1560,2,12,PEUGEOT PARTNER,2,E01028552,0,1
2024010549007,2024,010549007,2,19,0,5,5,8,4,0,0,8,0,0,0,0,4,1,6,6,1,29,6,1560,2,6,PEUGEOT PARTNER,5,E01015723,0,4
2024430512167,2024,430512167,1,19,0,9,9,1,8,0,0,5,0,0,0,0,1,1,6,6,1,17,4,1498,2,3,PEUGEOT PARTNER,10,E01016707,0,1
2024451486873,2024,451486873,1,9,0,-1,9,5,1,-1,0,0,0,0,0,0,0,1,-1,2,1,33,6,1560,2,8,PEUGEOT PARTNER,6,E01024301,0,4
2024010529361,2024,010529361,1,19,0,4,4,7,3,0,0,1,0,11,0,0,1,1,2,2,1,42,7,1499,2,1,PEUGEOT PARTNER,8,E01004553,0,1
2024411519457,2024,411519457,2,19,0,-1,4,1,5,-1,0,0,0,0,0,0,2,1,-1,9,1,37,7,1560,2,7,PEUGEOT PARTNER,7,E01023540,0,1
2024311529495,2024,311529495,1,19,0,-1,19,5,1,-1,0,0,0,0,0,0,4,1,-1,6,1,62,9,1560,2,6,PEUGEOT PARTNER,7,E01026344,0,4
2024991414041,2024,991414041,1,19,0,-1,1,4,8,-1,0,1,0,0,0,0,2,1,-1,1,1,53,8,1560,2,12,PEUGEOT PARTNER,9,-1,0,1
2024231492293,2024,231492293,1,19,0,-1,14,1,5,-1,0,0,0,4,0,0,1,1,-1,1,1,37,7,1560,2,6,PEUGEOT PARTNER,2,E01009954,0,4
2024440362783,2024,440362783,1,19,0,18,19,5,1,0,0,1,0,0,0,0,1,1,1,1,1,22,5,-1,3,2,PEUGEOT PARTNER,-1,-1,0,-1
2024201405887,2024,201405887,1,19,0,-1,19,6,2,-1,0,8,0,0,0,0,4,1,-1,1,1,18,4,1500,2,2,PEUGEOT PARTNER,-1,-1,0,-1
2024361484920,2024,361484920,1,19,0,-1,9,0,0,-1,0,1,0,0,0,0,1,1,-1,2,1,23,5,1560,2,10,PEUGEOT PARTNER,5,E01026430,0,4
2024461445648,2024,461445648,4,9,0,-1,2,0,0,-1,0,0,0,0,0,0,1,1,-1,6,-1,-1,-1,1560,2,11,PEUGEOT PARTNER,-1,-1,0,-1
2024041437121,2024,041437121,1,19,0,-1,19,5,5,-1,0,0,0,4,0,0,1,1,-1,1,1,24,5,1500,2,2,PEUGEOT PARTNER,1,E01025290,0,1
2024141493311,2024,141493311,2,19,0,-1,19,1,7,-1,0,1,0,0,0,0,1,1,-1,6,3,-1,-1,1560,2,11,PEUGEOT PARTNER,-1,-1,0,-1
2024201505805,2024,201505805,1,19,0,-1,19,2,6,-1,0,1,0,0,0,0,1,1,-1,6,1,35,6,1560,2,16,PEUGEOT PARTNER,4,E01009313,0,1
2024010507340,2024,010507340,1,19,0,18,19,1,5,0,0,2,1,10,0,0,1,1,6,6,1,35,6,1498,2,4,PEUGEOT PARTNER,7,E01003956,0,2
2024010548522,2024,010548522,1,19,0,9,9,1,7,0,0,6,0,0,0,0,1,1,2,2,1,60,9,1560,2,5,PEUGEOT PARTNER,-1,-1,0,-1
2024010510348,2024,010510348,2,19,0,99,99,9,9,99,99,9,9,99,9,99,9,9,6,6,3,-1,-1,1560,2,6,PEUGEOT PARTNER,3,E01004060,0,1
2024131504793,2024,131504793,1,19,0,-1,19,5,1,-1,0,0,0,0,0,0,1,1,-1,1,1,25,5,1500,2,2,PEUGEOT PARTNER,3,E01011822,0,1
2024302401613,2024,302401613,1,19,0,17,19,6,3,0,0,8,1,0,0,0,3,1,1,1,1,31,6,1499,2,1,PEUGEOT PARTNER,3,E01019552,0,1
2024010525736,2024,010525736,1,19,0,3,3,3,7,0,0,1,0,0,0,0,2,1,2,2,1,39,7,1560,2,6,PEUGEOT PARTNER,-1,-1,0,-1
2024371500670,2024,371500670,1,19,0,-1,19,2,6,-1,0,0,0,0,0,0,1,1,-1,1,1,38,7,1499,2,1,PEUGEOT PARTNER,5,E01030210,0,3
2024371407794,2024,371407794,2,9,0,-1,19,4,6,-1,0,0,0,0,0,0,1,1,-1,9,1,68,10,-1,-1,-1,PEUGEOT PARTNER,4,E01004124,0,5
2024131408116,2024,131408116,2,19,0,-1,19,7,7,-1,0,0,0,0,0,0,2,1,-1,6,1,28,6,1499,2,1,PEUGEOT PARTNER,4,E01006387,0,4
2024010510803,2024,010510803,2,19,0,99,99,9,9,99,99,9,9,99,9,99,9,9,6,6,3,-1,-1,1500,2,2,PEUGEOT PARTNER,-1,-1,0,-1
2024311420402,2024,311420402,1,19,0,-1,19,2,6,-1,0,0,0,0,0,0,0,9,-1,6,3,-1,-1,1560,2,11,PEUGEOT PARTNER,-1,-1,0,-1
2024631448749,2024,631448749,1,19,0,-1,9,5,3,-1,0,6,0,0,0,0,3,1,-1,6,1,22,5,1498,2,3,PEUGEOT PARTNER,3,W01001885,0,4
2024421437886,2024,421437886,1,19,0,-1,7,3,5,-1,0,5,0,0,0,0,1,9,-1,1,1,57,9,1498,2,4,PEUGEOT PARTNER,3,E01029889,0,4
2024361505800,2024,361505800,1,9,0,-1,19,2,7,-1,0,0,0,7,0,0,1,1,-1,6,2,83,11,1560,2,10,PEUGEOT PARTNER,8,E01026560,0,1
2024111531244,2024,111531244,2,9,0,-1,10,6,2,-1,0,0,0,0,0,0,2,1,-1,9,2,64,9,1560,2,9,PEUGEOT PARTNER,8,E01008808,0,3
2024221445900,2024,221445900,1,19,0,-1,9,5,2,-1,0,3,0,0,0,0,1,9,-1,9,1,29,6,1560,2,13,PEUGEOT PARTNER,4,E01028920,0,2
2024501461425,2024,501461425,2,19,0,-1,1,2,6,-1,0,0,0,0,0,0,2,2,-1,6,1,31,6,1560,2,5,PEUGEOT PARTNER,7,E01015211,0,1
2024332400580,2024,332400580,1,19,0,-1,5,4,8,-1,0,6,0,0,0,0,4,1,-1,9,2,55,8,1560,2,10,PEUGEOT PARTNER,8,E01025951,0,1
202454A033224,2024,54A033224,1,9,0,18,19,6,2,0,0,0,0,0,7,4,1,1,6,6,1,58,9,1200,1,7,PEUGEOT PARTNER,5,E01015519,0,1
202454E580024,2024,54E580024,2,19,0,18,19,7,3,0,0,1,0,0,0,0,1,1,1,1,1,33,6,1499,2,1,PEUGEOT PARTNER,5,E01002651,0,5
2024991421762,2024,991421762,4,19,0,-1,19,7,3,-1,0,1,0,4,0,0,2,1,-1,2,1,52,8,1498,2,4,PEUGEOT PARTNER,2,-1,0,4
2024010516759,2024,010516759,2,19,0,99,99,9,9,99,99,9,9,99,9,99,1,9,6,6,3,31,6,1560,2,11,PEUGEOT PARTNER,4,E01000976,0,2
2024302401400,2024,302401400,1,19,0,4,4,1,5,0,0,0,0,0,0,0,1,1,1,1,1,32,6,1498,2,4,PEUGEOT PARTNER,2,E01027977,0,3
2024010551017,2024,010551017,2,19,0,18,19,3,7,0,0,8,0,0,0,0,1,1,6,6,1,31,6,1498,2,4,PEUGEOT PARTNER,6,E01002601,0,1
2024010507013,2024,010507013,2,9,0,18,19,7,3,0,0,8,0,0,0,0,4,1,6,6,1,45,7,1560,2,7,PEUGEOT PARTNER,-1,-1,0,-1
2024101513297,2024,101513297,1,20,0,-1,11,7,3,-1,0,0,0,0,0,0,4,2,-1,6,1,26,6,-1,-1,-1,PEUGEOT PARTNER,-1,-1,0,-1
2024451397665,2024,451397665,1,19,0,-1,19,1,5,-1,0,1,0,0,0,0,3,1,-1,1,1,63,9,1499,2,1,PEUGEOT PARTNER,3,E01024103,0,5
2024440062843,2024,440062843,2,19,0,5,5,4,8,0,0,6,0,0,0,0,1,1,2,2,1,19,4,1868,2,19,PEUGEOT PARTNER,8,E01022990,0,1
2024101467492,2024,101467492,2,19,0,-1,10,8,4,-1,0,1,0,0,0,0,2,9,-1,6,1,41,7,1560,2,9,PEUGEOT PARTNER,4,E01008513,0,2
2024461518385,2024,461518385,1,19,0,-1,19,3,7,-1,0,0,0,0,0,0,1,1,-1,2,1,29,6,1500,2,2,PEUGEOT PARTNER,9,E01024765,0,2
2024522401141,2024,522401141,1,19,0,6,6,7,7,0,0,0,0,0,0,0,3,1,6,6,1,25,5,1560,2,8,PEUGEOT PARTNER,1,E01014593,0,1
2024411402093,2024,411402093,1,19,0,-1,19,6,2,-1,0,1,0,0,0,0,1,1,-1,1,1,22,5,1997,2,19,PEUGEOT PARTNER,10,E01023502,0,4
2024061522484,2024,061522484,2,19,0,-1,10,-1,-1,-1,99,1,0,99,0,0,1,1,-1,6,1,33,6,1560,2,7,PEUGEOT PARTNER,8,E01006090,0,1
2024010499263,2024,010499263,2,19,0,99,99,9,9,99,99,9,9,99,9,99,9,9,6,6,3,48,8,1560,2,8,PEUGEOT PARTNER,2,E01001509,0,2
2024302401291,2024,302401291,1,9,0,18,19,2,6,0,0,0,0,0,1,1,1,1,6,6,2,60,9,-1,-1,-1,PEUGEOT PARTNER,3,E01019657,0,1
2024010520664,2024,010520664,3,19,0,18,19,7,3,0,0,1,0,0,0,0,2,1,2,2,1,21,5,1560,2,8,PEUGEOT PARTNER,2,E01000084,0,2
2024201466381,2024,201466381,2,19,0,-1,9,2,8,-1,0,5,0,0,0,0,3,1,-1,1,2,62,9,1560,2,6,PEUGEOT PARTNER,-1,-1,0,-1
2024010541614,2024,010541614,1,19,0,9,9,3,8,0,0,1,0,0,0,0,3,1,6,6,1,60,9,1499,2,2,PEUGEOT PARTNER,6,E01002220,0,2
2024311415754,2024,311415754,2,19,0,-1,19,8,4,-1,0,8,0,0,0,0,4,1,-1,1,1,44,7,1560,2,9,PEUGEOT PARTNER,3,E01028014,0,1
2024522401322,2024,522401322,1,19,0,9,9,8,6,0,0,5,0,0,0,0,3,1,6,6,1,36,7,1560,2,7,PEUGEOT PARTNER,10,E01014715,0,1
2024622400454,2024,622400454,2,19,0,3,3,6,2,0,0,0,0,0,0,0,2,1,6,6,1,65,9,1560,2,7,PEUGEOT PARTNER,9,W01001947,0,1
2024141511213,2024,141511213,2,19,0,-1,9,5,3,-1,0,4,0,0,0,0,1,1,-1,1,1,22,5,1560,2,9,PEUGEOT PARTNER,5,E01007640,0,3
2024070431678,2024,070431678,1,19,0,18,19,6,3,0,0,8,0,0,0,0,1,1,6,6,1,50,8,1560,2,13,PEUGEOT PARTNER,-1,-1,0,-1
2024122401189,2024,122401189,1,9,0,18,19,7,3,0,0,1,0,0,0,0,4,1,3,7,1,40,7,1560,2,13,PEUGEOT PARTNER,2,E01034974,0,1
2024161456127,2024,161456127,3,19,0,-1,19,2,6,-1,0,0,0,0,1,0,3,1,-1,9,2,71,10,1500,2,5,PEUGEOT PARTNER,5,E01005873,0,4
2024451527560,2024,451527560,2,19,0,-1,19,3,7,-1,0,0,0,0,0,0,2,1,-1,1,1,31,6,1498,2,3,PEUGEOT PARTNER,9,E01003905,0,3
2024010550749,2024,010550749,2,19,0,18,19,1,5,0,0,1,0,0,0,0,1,1,1,1,1,44,7,1499,2,1,PEUGEOT PARTNER,6,E01035099,0,5
2024010509816,2024,010509816,1,19,0,7,7,8,2,0,0,1,0,0,0,0,4,1,1,1,1,50,8,1200,1,5,PEUGEOT PARTNER,3,E01003605,0,2
2024991526355,2024,991526355,2,19,0,-1,19,4,7,-1,0,0,0,0,0,0,2,1,-1,1,2,34,6,1499,2,1,PEUGEOT PARTNER,6,-1,0,3
2024461458240,2024,461458240,1,19,0,-1,1,4,3,-1,0,0,0,0,0,0,2,9,-1,6,1,23,5,1560,2,11,PEUGEOT PARTNER,6,E01024346,0,2
2024991466055,2024,991466055,1,19,0,-1,19,2,6,-1,0,1,0,0,0,0,4,1,-1,1,1,40,7,1560,2,6,PEUGEOT PARTNER,9,-1,0,1
2024501400074,2024,501400074,2,19,0,-1,4,7,3,-1,0,0,0,0,0,0,1,1,-1,1,1,36,7,1498,2,3,PEUGEOT PARTNER,4,E01034640,0,3
2024211400164,2024,211400164,1,19,0,-1,19,6,2,-1,0,0,0,0,0,0,1,9,-1,6,1,71,10,1560,2,7,PEUGEOT PARTNER,1,E01010274,0,3
2024221513577,2024,221513577,1,19,0,-1,5,5,1,-1,0,5,0,0,0,0,1,1,-1,1,1,21,5,1498,2,3,PEUGEOT PARTNER,10,E01028388,0,4
2024010520849,2024,010520849,2,19,9,18,19,9,9,99,99,0,9,99,9,99,9,9,6,6,2,-1,-1,1499,2,1,PEUGEOT PARTNER,-1,-1,0,-1
2024010509374,2024,010509374,1,19,0,18,19,3,7,0,0,6,0,0,0,0,1,1,2,2,1,30,6,1498,2,3,PEUGEOT PARTNER,-1,-1,0,-1
2024041469615,2024,041469615,1,19,0,-1,9,5,2,-1,0,8,0,0,0,0,1,1,-1,9,1,54,8,1560,2,9,PEUGEOT PARTNER,2,E01024942,0,1
2024991461752,2024,991461752,1,19,0,-1,11,4,1,-1,0,0,0,0,0,0,1,1,-1,9,1,40,7,1560,2,8,PEUGEOT PARTNER,1,-1,0,1
2024010507835,2024,010507835,1,19,0,5,5,8,4,0,0,4,0,0,0,0,1,1,2,2,1,34,6,1498,2,3,PEUGEOT PARTNER,5,E01002059,0,3
2024010517938,2024,010517938,2,19,0,7,7,5,7,0,0,2,0,0,0,0,4,1,1,1,1,44,7,1498,2,5,PEUGEOT PARTNER,3,E01031360,0,4
2024461416257,2024,461416257,2,8,0,-1,9,2,6,-1,0,6,0,0,0,0,1,1,-1,9,1,55,8,1560,2,7,PEUGEOT PARTNER,2,E01024685,0,1
2024131517899,2024,131517899,4,19,0,-1,3,2,6,-1,0,8,0,0,0,0,1,1,-1,6,3,-1,-1,1499,2,1,PEUGEOT PARTNER,-1,-1,0,-1
2024070535785,2024,070535785,2,19,0,2,2,0,0,0,0,0,0,0,0,0,1,1,1,1,1,45,7,1560,2,9,PEUGEOT PARTNER,3,E01018446,0,4
2024131403133,2024,131403133,1,19,0,-1,-1,-1,-1,-1,-1,0,-1,-1,-1,0,-1,1,-1,6,1,38,7,1560,2,7,PEUGEOT PARTNER,5,E01010873,0,1
2024421523202,2024,421523202,2,19,0,-1,19,3,7,-1,0,8,0,0,0,0,2,1,-1,2,1,31,6,1498,2,4,PEUGEOT PARTNER,8,E01021924,0,3
2024332400649,2024,332400649,2,19,0,-1,19,4,8,-1,0,0,0,0,7,10,1,1,-1,1,1,58,9,1498,2,4,PEUGEOT PARTNER,8,E01034007,0,3
2024351411477,2024,351411477,1,19,0,-1,-1,-1,-1,-1,0,-1,0,4,0,0,4,9,-1,6,3,-1,-1,1560,2,7,PEUGEOT PARTNER,-1,-1,0,-1
2024610021824,2024,610021824,2,19,0,2,2,0,0,0,0,2,0,0,0,0,2,1,6,6,3,-1,-1,1560,2,9,PEUGEOT PARTNER,-1,-1,0,-1
2024010496382,2024,010496382,2,19,0,3,3,5,1,0,0,2,0,0,0,0,0,1,2,2,1,33,6,1499,2,1,PEUGEOT PARTNER,3,E01000154,0,4
2024211524058,2024,211524058,1,19,0,-1,9,2,2,-1,0,0,2,7,3,1,1,1,-1,2,1,61,9,1560,2,7,PEUGEOT PARTNER,6,E01028878,0,3
2024991426172,2024,991426172,1,9,0,-1,1,8,4,-1,0,0,0,0,0,0,2,1,-1,6,1,30,6,-1,-1,-1,PEUGEOT PARTNER,-1,-1,0,-1
2024430439422,2024,430439422,1,19,0,4,4,7,3,0,0,1,0,0,0,0,1,1,1,1,1,33,6,1498,2,4,PEUGEOT PARTNER,6,E01035724,0,3
2024302400236,2024,302400236,2,19,0,18,19,8,4,0,0,8,0,0,0,0,3,1,1,1,1,41,7,1498,2,3,PEUGEOT PARTNER,9,E01019624,0,1
2024991519678,2024,991519678,1,19,0,-1,19,5,2,-1,0,1,0,0,0,0,1,1,-1,2,1,39,7,1560,2,7,PEUGEOT PARTNER,3,-1,0,2
2024451474029,2024,451474029,1,19,0,-1,19,5,1,-1,0,0,2,0,0,0,1,1,-1,9,1,31,6,1560,2,8,PEUGEOT PARTNER,10,E01004180,0,3
2024440028857,2024,440028857,2,19,0,18,19,5,1,0,0,0,0,0,0,0,1,1,6,6,1,26,6,1498,2,4,PEUGEOT PARTNER,3,E01017133,0,1
2024010531473,2024,010531473,3,19,0,14,14,3,7,0,0,1,0,0,0,0,1,1,6,6,1,44,7,1498,2,4,PEUGEOT PARTNER,2,E01004286,0,2
2024010537940,2024,010537940,2,9,0,9,9,7,4,0,0,6,0,0,0,0,1,1,1,1,1,39,7,1560,2,7,PEUGEOT PARTNER,-1,-1,0,-1
2024201421735,2024,201421735,1,19,0,-1,9,6,4,-1,0,5,0,0,0,0,1,9,-1,1,1,57,9,1500,2,2,PEUGEOT PARTNER,4,E01009825,0,2
2024471482242,2024,471482242,4,19,0,-1,19,7,3,-1,0,0,0,0,0,0,1,1,-1,6,1,31,6,1560,2,9,PEUGEOT PARTNER,1,-1,0,5
2024622400039,2024,622400039,2,19,0,2,2,0,0,0,0,1,1,0,0,0,2,1,1,1,3,-1,-1,1560,2,9,PEUGEOT PARTNER,-1,-1,0,-1
2024041498825,2024,041498825,1,9,0,-1,19,7,3,-1,0,0,0,0,0,0,4,1,-1,6,1,57,9,1997,2,19,PEUGEOT PARTNER,7,E01025174,0,1
2024991534795,2024,991534795,1,19,0,-1,9,3,8,-1,0,8,1,0,1,0,1,1,-1,1,1,54,8,1560,2,12,PEUGEOT PARTNER,8,-1,0,2
2024010526999,2024,010526999,1,19,0,9,9,7,5,0,0,5,0,0,0,0,3,1,1,1,1,51,8,-1,3,2,PEUGEOT PARTNER,4,E01003410,0,1
2024440027452,2024,440027452,2,19,0,3,3,2,6,0,0,0,0,0,0,0,2,1,2,2,2,63,9,1500,2,4,PEUGEOT PARTNER,10,E01022646,0,1
202460Q186345,2024,60Q186345,2,19,0,2,2,0,0,0,0,0,0,0,0,0,1,1,6,6,1,61,9,1560,2,12,PEUGEOT PARTNER,-1,-1,0,-1
2024010524243,2024,010524243,1,19,0,2,2,0,0,0,0,1,0,0,0,0,4,1,6,6,3,-1,-1,1498,2,4,PEUGEOT PARTNER,-1,-1,0,-1
2024101534097,2024,101534097,1,19,-1,-1,5,3,7,-1,0,0,0,0,0,0,1,9,-1,1,2,36,7,1560,2,11,PEUGEOT PARTNER,3,E01008182,0,1
2024501522950,2024,501522950,4,19,0,-1,19,3,7,-1,0,0,0,0,0,0,1,1,-1,6,1,32,6,1560,2,12,PEUGEOT PARTNER,1,E01015145,0,1
2024031470175,2024,031470175,1,19,0,-1,13,1,5,-1,0,0,0,0,0,0,0,1,-1,2,1,42,7,1560,2,7,PEUGEOT PARTNER,1,E01019112,0,3
2024131464421,2024,131464421,1,19,0,-1,19,3,7,-1,0,0,0,7,0,0,1,1,-1,9,1,37,7,1560,2,12,PEUGEOT PARTNER,1,E01005068,0,4
2024131458101,2024,131458101,1,19,0,-1,19,3,7,-1,0,6,1,11,7,3,4,1,-1,1,1,50,8,1498,2,3,PEUGEOT PARTNER,8,E01027677,0,3
2024531494346,2024,531494346,1,19,0,-1,9,3,7,-1,0,0,0,0,0,0,1,1,-1,9,1,27,6,1499,2,1,PEUGEOT PARTNER,8,E01034802,0,2
2024471533767,2024,471533767,1,19,0,-1,1,2,6,-1,99,2,0,0,0,0,2,1,-1,6,1,50,8,1560,2,10,PEUGEOT PARTNER,4,E01020914,0,1
2024610053624,2024,610053624,2,19,0,18,19,3,7,0,0,1,0,0,0,0,1,1,6,6,1,71,10,1560,2,5,PEUGEOT PARTNER,6,W01001562,0,1
2024440280446,2024,440280446,2,19,0,18,19,1,5,0,0,1,0,0,0,0,1,1,1,1,1,34,6,1498,2,3,PEUGEOT PARTNER,6,E01031508,0,3
2024991522363,2024,991522363,1,19,0,-1,19,7,3,-1,0,0,0,0,0,0,1,1,-1,6,1,18,4,1560,2,10,PEUGEOT PARTNER,5,E01026878,0,5
2024221496272,2024,221496272,3,19,0,-1,19,6,1,-1,0,0,0,0,0,0,2,1,-1,6,1,33,6,1499,2,1,PEUGEOT PARTNER,6,E01035061,0,3
2024201453145,2024,201453145,1,19,0,-1,1,4,8,-1,0,0,0,0,0,0,2,1,-1,6,3,25,5,1868,2,19,PEUGEOT PARTNER,-1,-1,0,-1
2024311395407,2024,311395407,1,19,0,-1,5,1,5,-1,0,0,0,0,0,0,1,1,-1,1,1,39,7,1498,2,3,PEUGEOT PARTNER,5,E01019440,0,3
2024471421700,2024,471421700,2,19,-1,-1,4,8,4,-1,0,0,0,0,0,0,2,9,-1,6,3,-1,-1,1560,2,13,PEUGEOT PARTNER,-1,-1,0,-1
2024501484555,2024,501484555,2,19,0,-1,19,4,8,-1,0,0,0,0,0,0,1,9,-1,6,1,86,11,1560,2,10,PEUGEOT PARTNER,4,E01018760,0,4
2024401539307,2024,401539307,3,19,0,-1,19,3,7,-1,0,0,0,0,0,0,1,1,-1,6,1,23,5,1560,2,10,PEUGEOT PARTNER,4,E01016727,0,4
2024440430423,2024,440430423,1,19,0,18,19,4,8,0,0,0,0,0,1,0,1,1,6,6,1,32,6,1868,2,18,PEUGEOT PARTNER,9,E01035438,0,3
2024221442063,2024,221442063,2,19,0,-1,19,2,6,-1,0,0,5,0,7,4,1,1,-1,2,1,23,5,1499,2,1,PEUGEOT PARTNER,4,E01029010,0,2
2024501511800,2024,501511800,1,19,0,-1,7,6,8,-1,0,6,0,0,0,0,1,1,-1,6,1,46,8,1499,2,1,PEUGEOT PARTNER,3,E01034166,0,1
2024440327657,2024,440327657,1,19,0,18,19,5,1,0,0,1,0,0,0,0,1,1,1,1,1,28,6,1498,2,4,PEUGEOT PARTNER,4,E01016705,0,4
2024010523844,2024,010523844,1,19,0,99,99,9,9,99,99,9,9,99,9,99,1,9,6,6,3,-1,-1,1560,2,6,PEUGEOT PARTNER,-1,-1,0,-1
2024211490716,2024,211490716,2,19,0,-1,9,7,5,-1,0,8,1,0,7,0,3,1,-1,2,1,42,7,1498,2,3,PEUGEOT PARTNER,9,E01029375,0,1
2024221431648,2024,221431648,2,19,0,-1,10,6,3,-1,0,8,0,0,0,0,3,1,-1,6,1,29,6,1560,2,8,PEUGEOT PARTNER,4,E01014098,0,2
2024501509165,2024,501509165,1,19,0,-1,19,2,6,-1,0,0,0,0,0,0,1,1,-1,6,1,70,10,1868,2,18,PEUGEOT PARTNER,8,E01020266,0,2
2024501497111,2024,501497111,2,19,9,-1,7,3,5,-1,0,6,0,0,0,0,1,1,-1,6,1,31,6,1560,2,8,PEUGEOT PARTNER,3,E01015052,0,1
2024631506693,2024,631506693,1,19,0,-1,9,2,7,-1,0,5,0,0,0,0,4,1,-1,2,1,65,9,1560,2,15,PEUGEOT PARTNER,5,W01002012,0,1
2024351418055,2024,351418055,3,19,0,-1,10,2,6,-1,0,1,0,0,0,0,1,1,-1,9,1,76,11,1600,2,12,PEUGEOT PARTNER,7,E01018056,0,3
2024361433328,2024,361433328,2,19,0,-1,3,2,3,-1,0,0,0,0,0,0,1,1,-1,2,2,39,7,1560,2,9,PEUGEOT PARTNER,1,E01026467,0,1
2024991403110,2024,991403110,2,19,0,-1,19,3,7,-1,0,8,0,0,0,0,1,1,-1,9,1,56,9,1560,2,6,PEUGEOT PARTNER,4,E01027376,0,2
2024411519728,2024,411519728,2,19,0,-1,19,3,7,-1,0,1,0,0,0,0,1,1,-1,1,1,46,8,1498,2,3,PEUGEOT PARTNER,2,E01021700,0,4
2024501498339,2024,501498339,2,19,0,-1,1,8,4,-1,0,0,0,0,0,0,2,1,-1,6,1,22,5,1560,2,7,PEUGEOT PARTNER,4,E01015129,0,4
2024131533678,2024,131533678,3,19,0,-1,19,1,1,-1,0,0,0,0,0,0,1,1,-1,1,1,36,7,1560,2,5,PEUGEOT PARTNER,4,E01008994,0,5
2024340NN1472,2024,340NN1472,1,19,0,-1,5,1,7,-1,0,6,0,0,0,0,3,1,-1,1,2,36,7,1560,2,12,PEUGEOT PARTNER,3,E01027319,0,1
2024991447215,2024,991447215,1,19,0,-1,19,7,3,-1,0,0,0,2,0,0,1,1,-1,1,1,49,8,1498,2,4,PEUGEOT PARTNER,4,-1,0,3
2024501497350,2024,501497350,1,19,0,-1,19,4,1,-1,0,1,0,0,0,0,1,1,-1,6,1,25,5,1560,2,8,PEUGEOT PARTNER,4,E01015183,0,1
2024010499489,2024,010499489,1,19,0,5,5,3,7,0,0,2,0,4,0,0,1,1,1,1,1,48,8,1560,2,7,PEUGEOT PARTNER,3,E01003263,0,2
2024631501674,2024,631501674,3,19,0,-1,7,8,2,-1,0,6,0,0,0,0,1,1,-1,1,1,40,7,1560,2,8,PEUGEOT PARTNER,6,W01000701,0,4
2024471513153,2024,471513153,2,19,0,-1,19,1,5,-1,0,0,0,0,1,0,1,1,-1,2,1,25,5,1560,2,10,PEUGEOT PARTNER,6,E01031663,0,2
2024501413958,2024,501413958,1,9,0,-1,19,5,1,-1,0,0,0,0,0,0,1,9,-1,6,1,68,10,1997,2,21,PEUGEOT PARTNER,2,E01015171,0,1
2024211438619,2024,211438619,1,19,0,-1,4,5,1,-1,0,0,0,0,0,0,2,2,-1,1,1,61,9,1498,2,4,PEUGEOT PARTNER,-1,-1,0,-1
2024101518580,2024,101518580,2,9,0,-1,19,4,8,-1,0,8,0,0,0,0,4,1,-1,6,2,72,10,1560,2,13,PEUGEOT PARTNER,6,E01027479,0,2
2024010530025,2024,010530025,2,19,0,1,1,1,5,0,0,1,0,0,0,0,2,1,1,1,1,55,8,1500,2,2,PEUGEOT PARTNER,2,E01002767,0,2
2024501408107,2024,501408107,2,19,0,-1,9,2,8,-1,0,8,0,0,0,0,3,1,-1,9,1,29,6,1560,2,16,PEUGEOT PARTNER,5,E01019040,0,3
2024411525303,2024,411525303,1,19,0,-1,19,3,7,-1,0,0,0,0,0,0,1,1,-1,6,1,40,7,1560,2,7,PEUGEOT PARTNER,5,E01015712,0,4
2024471413672,2024,471413672,1,19,0,-1,1,6,2,-1,0,0,0,0,0,0,2,1,-1,6,1,36,7,1560,2,5,PEUGEOT PARTNER,3,E01020927,0,1
2024351421947,2024,351421947,1,19,0,-1,10,3,1,-1,0,5,0,0,0,0,1,1,-1,2,1,48,8,1560,2,7,PEUGEOT PARTNER,5,E01018214,0,1
2024010500699,2024,010500699,2,19,0,9,9,5,3,0,0,1,0,0,0,0,3,1,2,2,1,43,7,1560,2,12,PEUGEOT PARTNER,5,E01001038,0,1
2024070218124,2024,070218124,1,19,0,18,19,5,1,0,0,0,0,2,0,0,1,1,6,6,1,40,7,1560,2,8,PEUGEOT PARTNER,10,E01012393,0,1
2024231423596,2024,231423596,1,9,0,-1,19,6,2,-1,0,0,0,0,0,0,1,1,-1,1,1,40,7,1560,2,15,PEUGEOT PARTNER,4,E01031047,0,1
2024461433329,2024,461433329,2,19,0,-1,19,7,3,-1,0,0,0,0,0,0,2,9,-1,1,1,62,9,1498,2,4,PEUGEOT PARTNER,9,E01024298,0,3
2024161421045,2024,161421045,2,19,0,-1,9,5,3,-1,0,0,0,0,0,0,1,9,-1,6,1,55,8,1560,2,6,PEUGEOT PARTNER,-1,-1,0,-1