collision_index,collision_year,collision_ref_no,vehicle_reference,vehicle_type,towing_and_articulation,vehicle_manoeuvre_historic,vehicle_manoeuvre,vehicle_direction_from,vehicle_direction_to,vehicle_location_restricted_lane_historic,vehicle_location_restricted_lane,junction_location,skidding_and_overturning,hit_object_in_carriageway,vehicle_leaving_carriageway,hit_object_off_carriageway,first_point_of_impact,vehicle_left_hand_drive,journey_purpose_of_driver_historic,journey_purpose_of_driver,sex_of_driver,age_of_driver,age_band_of_driver,engine_capacity_cc,propulsion_code,age_of_vehicle,generic_make_model,driver_imd_decile,lsoa_of_driver,escooter_flag,driver_distance_banding
2024320533001,2024,320533001,3,9,0,9,9,4,2,0,0,1,0,0,0,0,2,1,-1,-1,1,76,11,1560,2,16,PEUGEOT PARTNER,6,E01026100,0,1
2024010535670,2024,010535670,1,19,0,9,9,1,8,0,0,1,0,0,0,0,1,1,2,2,1,22,5,1498,2,5,PEUGEOT PARTNER,5,E01000398,0,1
2024421451348,2024,421451348,2,19,0,-1,13,4,8,-1,0,0,0,0,0,0,2,1,-1,2,1,46,8,1560,2,7,PEUGEOT PARTNER,5,E01016015,0,1
2024430195485,2024,430195485,1,19,0,9,9,2,8,0,0,5,0,0,0,0,4,1,6,6,1,34,6,1560,2,8,PEUGEOT PARTNER,5,E01016487,0,3
2024201494998,2024,201494998,1,19,0,-1,9,6,3,-1,0,5,0,0,0,0,1,1,-1,2,2,59,9,1499,2,1,PEUGEOT PARTNER,4,E01010353,0,1
2024451496893,2024,451496893,2,19,0,-1,2,1,5,-1,0,1,0,0,1,0,2,1,-1,6,-1,-1,-1,1560,2,9,PEUGEOT PARTNER,-1,-1,0,-1
2024311517395,2024,311517395,2,19,0,-1,5,8,4,-1,0,0,0,0,0,0,-1,1,-1,6,3,-1,-1,1498,2,3,PEUGEOT PARTNER,-1,-1,0,-1
2024302401088,2024,302401088,2,19,0,3,3,2,6,0,0,0,0,0,0,0,2,1,1,1,1,22,5,1560,2,5,PEUGEOT PARTNER,5,E01025747,0,4
2024122400063,2024,122400063,1,9,0,17,19,1,5,0,0,0,0,0,2,11,1,1,2,2,1,71,10,1560,2,17,PEUGEOT PARTNER,8,E01034974,0,1
2024010546843,2024,010546843,1,19,0,18,19,4,8,0,0,1,1,0,0,0,2,1,1,1,1,35,6,1500,2,2,PEUGEOT PARTNER,2,E01003987,0,2
2024501488990,2024,501488990,1,19,0,-1,2,1,5,-1,0,8,0,4,0,0,2,1,-1,1,1,49,8,1560,2,6,PEUGEOT PARTNER,6,E01020256,0,2
2024010533443,2024,010533443,1,19,0,7,7,1,2,0,0,4,0,0,0,0,4,1,1,1,1,53,8,1560,2,8,PEUGEOT PARTNER,5,E01002640,0,1
2024041444941,2024,041444941,2,9,0,-1,2,0,0,-1,0,0,0,0,0,0,2,1,-1,6,-1,-1,-1,-1,-1,-1,PEUGEOT PARTNER,-1,-1,0,-1
2024111462199,2024,111462199,1,19,0,-1,19,5,1,-1,0,0,0,0,0,0,1,1,-1,6,3,30,6,1560,2,16,PEUGEOT PARTNER,-1,-1,0,-1
2024061524112,2024,061524112,1,19,0,-1,19,8,4,-1,0,1,0,0,0,0,1,1,-1,9,1,27,6,1560,2,5,PEUGEOT PARTNER,2,E01005708,0,1
2024451395265,2024,451395265,1,19,0,-1,19,5,1,-1,0,0,0,0,0,0,1,9,-1,6,1,35,6,1560,2,6,PEUGEOT PARTNER,9,E01030731,0,2
2024101422166,2024,101422166,1,19,0,-1,4,7,3,-1,0,0,0,0,0,0,0,1,-1,6,1,46,8,1560,2,12,PEUGEOT PARTNER,6,E01008314,0,2
2024111551210,2024,111551210,1,19,0,-1,7,6,1,-1,0,8,0,0,0,0,1,1,-1,2,1,65,9,1498,2,3,PEUGEOT PARTNER,1,E01020739,0,1
2024340WN0252,2024,340WN0252,1,19,0,-1,19,8,4,-1,0,0,0,0,0,0,1,1,-1,2,1,21,5,1498,2,3,PEUGEOT PARTNER,10,E01028364,0,4
2024430160299,2024,430160299,1,19,0,18,19,1,4,0,0,1,0,0,0,0,1,1,1,1,1,51,8,1560,2,6,PEUGEOT PARTNER,4,E01028516,0,1
2024351538833,2024,351538833,1,19,0,-1,19,8,4,-1,0,0,1,11,1,1,1,1,-1,1,1,20,4,1498,2,4,PEUGEOT PARTNER,4,E01023877,0,4
2024221468071,2024,221468071,2,19,0,-1,4,8,4,-1,0,0,0,0,0,0,2,1,-1,6,1,19,4,1498,2,4,PEUGEOT PARTNER,-1,-1,0,-1
2024010510874,2024,010510874,1,19,0,5,5,5,1,0,0,8,0,0,0,0,1,2,6,6,1,43,7,1560,2,6,PEUGEOT PARTNER,4,E01001934,0,2
2024010501842,2024,010501842,1,19,0,18,19,1,5,0,0,1,0,0,0,0,3,1,6,6,3,26,6,1560,2,5,PEUGEOT PARTNER,8,E01032825,0,4
2024631448595,2024,631448595,1,19,0,-1,19,5,8,-1,0,0,0,0,0,0,1,1,-1,1,1,25,5,1560,2,10,PEUGEOT PARTNER,7,W01001571,0,2
2024411495736,2024,411495736,1,19,-1,-1,-1,-1,-1,-1,-1,0,-1,-1,-1,0,1,9,-1,6,1,26,6,1560,2,9,PEUGEOT PARTNER,4,E01030645,0,4
2024552500080,2024,552500080,1,19,0,9,9,4,1,0,0,5,0,0,0,0,1,1,6,6,3,-1,-1,1560,2,12,PEUGEOT PARTNER,-1,-1,0,-1
2024451414706,2024,451414706,2,19,0,-1,9,5,3,-1,0,6,0,0,0,0,2,1,-1,2,1,46,8,1560,2,10,PEUGEOT PARTNER,8,E01030478,0,1
2024520402532,2024,520402532,2,19,9,9,9,6,4,0,0,8,0,0,0,0,1,1,6,6,3,-1,-1,1500,2,3,PEUGEOT PARTNER,-1,-1,0,-1
2024351419217,2024,351419217,2,19,-1,-1,2,0,0,-1,0,2,1,0,0,0,2,9,-1,2,1,52,8,1560,2,14,PEUGEOT PARTNER,2,E01015660,0,1
2024461439956,2024,461439956,1,19,0,-1,9,2,7,-1,0,8,0,0,0,0,1,1,-1,1,1,57,9,1560,2,10,PEUGEOT PARTNER,1,E01035317,0,2
2024302401321,2024,302401321,2,19,0,2,2,0,0,0,0,0,0,0,1,0,3,1,1,1,1,65,9,1560,2,10,PEUGEOT PARTNER,7,E01019513,0,1
2024421509110,2024,421509110,1,19,0,-1,19,1,3,-1,0,4,0,0,0,0,1,1,-1,6,1,54,8,1499,2,1,PEUGEOT PARTNER,5,E01021921,0,4
2024451457354,2024,451457354,3,19,0,-1,4,3,7,-1,0,0,1,0,0,0,2,1,-1,1,1,23,5,1560,2,5,PEUGEOT PARTNER,10,E01023092,0,3
2024461533094,2024,461533094,1,19,0,-1,19,4,8,-1,0,0,0,0,0,0,1,1,-1,6,1,36,7,1500,2,2,PEUGEOT PARTNER,5,E01035292,0,4
2024440469711,2024,440469711,1,19,0,18,19,4,8,0,0,1,0,0,0,0,1,1,6,6,1,31,6,1499,2,1,PEUGEOT PARTNER,-1,-1,0,-1
2024221457187,2024,221457187,1,19,0,-1,19,5,8,-1,0,0,0,0,0,0,1,9,-1,1,1,27,6,1498,2,4,PEUGEOT PARTNER,8,E01033528,0,3
2024010500924,2024,010500924,1,19,0,3,3,5,1,0,0,0,0,0,0,0,2,1,2,2,1,50,8,1499,2,1,PEUGEOT PARTNER,8,E01030577,0,4
2024101442817,2024,101442817,1,19,0,-1,19,5,1,-1,0,8,0,0,0,0,1,9,-1,6,1,49,8,1560,2,6,PEUGEOT PARTNER,1,E01008590,0,1
2024070851336,2024,070851336,2,19,0,-1,19,6,2,-1,0,1,0,0,0,0,1,1,-1,1,1,66,10,1560,2,8,PEUGEOT PARTNER,2,E01018388,0,2
2024461470998,2024,461470998,1,19,0,-1,19,3,7,-1,0,0,0,0,0,0,1,9,-1,1,1,-1,-1,1560,2,10,PEUGEOT PARTNER,-1,-1,0,-1
2024320165361,2024,320165361,1,19,0,9,9,3,2,0,0,6,0,0,0,0,3,1,-1,-1,2,31,6,1560,2,13,PEUGEOT PARTNER,4,E01026055,0,2
2024631455064,2024,631455064,1,19,0,-1,9,8,6,-1,0,5,0,0,0,0,4,1,-1,2,1,59,9,1560,2,10,PEUGEOT PARTNER,4,E01014033,0,1
2024070542234,2024,070542234,1,19,0,18,19,4,8,0,0,1,0,0,0,0,1,1,6,6,2,-1,-1,1500,2,3,PEUGEOT PARTNER,-1,-1,0,-1
2024631511460,2024,631511460,2,19,0,-1,19,5,1,-1,0,8,0,0,0,0,1,1,-1,6,1,53,8,1499,2,1,PEUGEOT PARTNER,6,W01000662,0,2
2024461472338,2024,461472338,1,19,0,-1,5,3,7,-1,0,6,0,0,0,0,1,1,-1,1,2,61,9,1560,2,9,PEUGEOT PARTNER,1,E01024697,0,1
2024501505047,2024,501505047,1,19,0,-1,19,5,1,-1,0,0,0,0,8,9,1,1,-1,1,1,60,9,1499,2,0,PEUGEOT PARTNER,5,E01018783,0,4
2024201470257,2024,201470257,1,19,0,-1,19,8,4,-1,0,0,0,0,0,0,1,1,-1,6,1,32,6,1560,2,9,PEUGEOT PARTNER,3,E01009221,0,1
2024501485898,2024,501485898,1,19,0,-1,13,2,4,-1,0,0,1,11,7,11,1,1,-1,9,1,38,7,1560,2,14,PEUGEOT PARTNER,4,E01018961,0,4
2024010504181,2024,010504181,2,19,0,99,99,9,9,99,99,9,9,99,9,99,9,9,6,6,3,-1,-1,1560,2,7,PEUGEOT PARTNER,-1,-1,0,-1
2024461469476,2024,461469476,1,9,0,-1,19,7,6,-1,0,0,0,0,0,0,1,1,-1,6,1,33,6,1560,2,10,PEUGEOT PARTNER,1,E01024563,0,1
2024131525096,2024,131525096,1,19,0,-1,4,1,1,-1,0,0,0,0,0,0,2,1,-1,6,3,-1,-1,-1,3,0,PEUGEOT PARTNER,-1,-1,0,-1
2024631525688,2024,631525688,1,21,0,-1,12,5,2,-1,0,0,0,0,0,0,3,1,-1,1,1,24,5,-1,-1,-1,PEUGEOT PARTNER,4,E01028945,0,4
2024161498882,2024,161498882,2,19,0,-1,19,6,2,-1,0,0,0,0,0,0,2,1,-1,6,1,33,6,1499,2,1,PEUGEOT PARTNER,1,E01012806,0,4
2024010511119,2024,010511119,4,19,0,2,2,0,0,0,0,1,0,0,0,0,1,1,6,6,3,-1,-1,1498,2,3,PEUGEOT PARTNER,-1,-1,0,-1
2024421397340,2024,421397340,1,20,0,-1,19,1,3,-1,0,0,0,0,1,0,1,1,-1,2,1,26,6,-1,-1,-1,PEUGEOT PARTNER,2,E01021286,0,1
2024340NN1972,2024,340NN1972,2,19,0,-1,19,1,5,-1,0,8,5,0,7,9,4,1,-1,2,1,33,6,1560,2,9,PEUGEOT PARTNER,6,E01027032,0,2
2024471513510,2024,471513510,1,19,0,-1,5,7,2,-1,0,1,0,0,0,0,1,1,-1,6,1,43,7,1560,2,6,PEUGEOT PARTNER,6,E01031342,0,1
2024211445692,2024,211445692,1,19,0,-1,19,8,6,-1,0,0,0,0,0,0,1,1,-1,9,1,35,6,1560,2,7,PEUGEOT PARTNER,7,E01029790,0,3
2024010509185,2024,010509185,2,19,0,99,99,9,9,99,99,9,9,99,9,99,2,9,6,6,3,-1,-1,1560,2,6,PEUGEOT PARTNER,-1,-1,0,-1
2024522403373,2024,522403373,1,9,0,18,19,3,7,0,0,1,0,0,0,0,1,1,6,6,1,-1,-1,1868,2,20,PEUGEOT PARTNER,2,E01014486,0,1
2024471403300,2024,471403300,1,19,0,-1,19,2,6,-1,0,1,0,0,0,0,1,9,-1,6,1,21,5,1498,2,5,PEUGEOT PARTNER,4,E01025789,0,5
2024401500594,2024,401500594,2,19,0,-1,-1,-1,-1,-1,-1,-1,-1,-1,-1,0,4,9,-1,2,1,47,8,1560,2,6,PEUGEOT PARTNER,10,E01017438,0,3
2024430034113,2024,430034113,1,19,0,18,19,8,4,0,0,0,0,0,0,0,1,1,6,6,1,45,7,1560,2,7,PEUGEOT PARTNER,-1,-1,0,-1
2024461498020,2024,461498020,1,19,0,-1,19,5,1,-1,0,0,0,0,0,0,1,9,-1,6,1,42,7,1498,2,4,PEUGEOT PARTNER,3,E01024620,0,1
2024991428014,2024,991428014,1,19,0,-1,19,4,8,-1,0,0,2,10,4,0,4,1,-1,6,1,35,6,1560,2,8,PEUGEOT PARTNER,6,-1,0,1
2024221498010,2024,221498010,2,9,0,-1,19,1,4,-1,0,0,0,0,0,0,1,1,-1,6,1,65,9,1997,2,21,PEUGEOT PARTNER,1,E01013995,0,1
202454E989824,2024,54E989824,1,19,0,18,19,6,2,9,9,1,0,0,1,11,1,1,6,6,1,30,6,1560,2,9,PEUGEOT PARTNER,8,E01032053,0,1
2024430482613,2024,430482613,1,19,0,18,19,4,8,0,0,0,0,0,1,4,2,1,2,2,1,41,7,1500,2,5,PEUGEOT PARTNER,2,E01002786,0,4
2024461434387,2024,461434387,1,19,0,-1,19,4,3,-1,0,0,0,4,0,0,1,9,-1,1,2,27,6,1498,2,3,PEUGEOT PARTNER,8,E01016095,0,2
2024131394867,2024,131394867,3,19,0,-1,2,0,0,-1,0,0,0,0,0,0,2,1,-1,6,-1,-1,-1,1560,2,12,PEUGEOT PARTNER,-1,-1,0,-1
2024010505582,2024,010505582,3,19,0,18,19,7,3,0,0,8,0,0,0,0,1,1,6,6,1,23,5,1560,2,5,PEUGEOT PARTNER,5,E01021443,0,2
2024031476621,2024,031476621,2,9,0,-1,19,5,1,-1,0,0,0,0,0,0,3,1,-1,9,1,68,10,1560,2,8,PEUGEOT PARTNER,5,E01019304,0,2
2024501477071,2024,501477071,2,19,0,-1,19,8,4,-1,0,0,0,0,0,0,1,1,-1,1,1,25,5,1560,2,10,PEUGEOT PARTNER,3,E01019076,0,4
2024101397155,2024,101397155,1,19,0,-1,5,5,1,-1,0,8,0,0,0,0,1,1,-1,1,1,51,8,1498,2,4,PEUGEOT PARTNER,1,E01034514,0,1
2024461427170,2024,461427170,2,9,0,-1,3,3,7,-1,0,4,0,0,0,0,2,1,-1,9,1,50,8,1560,2,11,PEUGEOT PARTNER,5,E01024528,0,2
2024332400967,2024,332400967,1,19,0,-1,11,8,4,-1,0,1,0,0,0,0,4,1,-1,9,1,21,5,1499,2,1,PEUGEOT PARTNER,3,E01025822,0,4
2024371437796,2024,371437796,1,19,0,-1,19,5,1,-1,0,1,0,0,0,0,1,1,-1,6,1,54,8,1560,2,10,PEUGEOT PARTNER,9,E01030239,0,1
2024320052069,2024,320052069,1,19,0,-1,-1,8,4,0,0,0,0,0,1,4,1,1,1,1,1,32,6,1500,2,3,PEUGEOT PARTNER,1,E01013312,0,4
2024141405823,2024,141405823,2,19,0,-1,3,8,2,-1,0,1,0,0,0,0,2,1,-1,6,1,41,7,1560,2,8,PEUGEOT PARTNER,4,E01007382,0,2
2024520401782,2024,520401782,2,19,0,2,2,0,0,0,0,0,0,0,0,0,3,1,6,6,3,-1,-1,1498,2,3,PEUGEOT PARTNER,-1,-1,0,-1
2024440460610,2024,440460610,1,19,0,1,1,7,3,0,0,0,0,0,0,0,2,1,1,1,2,-1,-1,1498,2,3,PEUGEOT PARTNER,-1,-1,0,-1
2024552400871,2024,552400871,1,9,0,18,19,8,4,0,0,8,0,0,0,0,1,1,6,6,2,81,11,1498,1,5,SKODA KAROQ,5,E01031990,0,4
2024501519968,2024,501519968,2,9,0,-1,4,5,1,-1,0,0,0,0,0,0,1,1,-1,7,2,36,7,1598,2,4,SKODA KAROQ,5,E01020122,0,3
2024010548892,2024,010548892,1,9,0,9,9,7,4,0,0,6,0,0,0,0,4,1,6,6,1,28,6,1498,1,0,SKODA KAROQ,2,E01000863,0,1
2024520500135,2024,520500135,2,9,0,18,19,5,1,0,0,0,0,0,0,0,3,1,6,6,1,54,8,1498,1,6,SKODA KAROQ,8,E01029129,0,1
2024101427265,2024,101427265,4,9,0,-1,3,5,1,-1,0,0,0,0,0,0,2,1,-1,6,2,48,8,1498,1,5,SKODA KAROQ,-1,-1,0,-1
2024471506862,2024,471506862,1,9,0,-1,9,2,8,-1,0,6,0,0,0,0,3,1,-1,9,2,45,7,1498,1,3,SKODA KAROQ,6,E01021187,0,1
2024471424182,2024,471424182,1,9,0,-1,19,1,5,-1,0,1,0,0,0,0,2,1,-1,9,2,57,9,1984,1,5,SKODA KAROQ,5,E01031611,0,4
2024221484684,2024,221484684,1,9,0,-1,9,5,4,-1,0,6,0,0,0,0,1,1,-1,6,1,80,11,1498,1,4,SKODA KAROQ,10,E01016206,0,5
2024371410907,2024,371410907,1,9,0,-1,19,5,1,-1,0,1,0,0,0,0,4,1,-1,6,1,53,8,1498,1,3,SKODA KAROQ,4,E01030244,0,4
2024061455869,2024,061455869,1,9,0,-1,19,8,3,-1,0,1,0,0,0,0,1,1,-1,9,1,72,10,999,1,4,SKODA KAROQ,2,E01006262,0,1
2024010497324,2024,010497324,3,9,0,2,2,0,0,0,0,0,0,0,0,0,2,1,6,6,3,-1,-1,1498,1,4,SKODA KAROQ,-1,-1,0,-1
2024531453689,2024,531453689,1,9,0,-1,19,2,6,-1,0,0,0,0,0,0,0,1,-1,9,2,42,7,999,1,1,SKODA KAROQ,10,E01022367,0,3
2024221401303,2024,221401303,1,9,0,-1,19,6,2,-1,0,4,1,10,7,0,3,9,-1,1,1,30,6,1968,2,1,SKODA KAROQ,7,E01014157,0,1
2024520402353,2024,520402353,1,9,0,4,4,2,6,0,0,8,0,0,0,0,2,1,6,6,1,50,8,1498,1,6,SKODA KAROQ,5,E01018839,0,5
2024010538703,2024,010538703,2,9,9,99,99,9,9,99,99,9,9,99,9,99,1,9,6,6,3,-1,-1,1498,1,0,SKODA KAROQ,1,E01000599,0,3
2024501466515,2024,501466515,1,9,0,-1,19,5,1,-1,0,0,1,0,0,0,1,1,-1,6,1,87,11,1498,1,2,SKODA KAROQ,4,E01018920,0,3
2024421402699,2024,421402699,3,9,0,-1,19,2,6,-1,0,7,0,0,0,0,2,1,-1,6,2,57,9,1498,1,2,SKODA KAROQ,8,E01021444,0,3
2024501441125,2024,501441125,1,9,0,-1,9,5,3,-1,0,6,0,0,0,0,1,1,-1,9,1,62,9,1498,1,3,SKODA KAROQ,3,E01018993,0,1
2024231431092,2024,231431092,1,9,0,-1,4,8,4,-1,0,1,0,0,0,0,1,9,-1,6,1,69,10,1498,1,3,SKODA KAROQ,3,E01009302,0,2
2024061435731,2024,061435731,1,9,0,-1,19,2,6,-1,0,8,0,0,0,0,1,1,-1,6,1,72,10,1968,2,5,SKODA KAROQ,3,E01004796,0,1
2024061501785,2024,061501785,2,9,0,-1,19,6,4,-1,0,8,0,0,0,0,4,1,-1,7,2,36,7,1498,1,4,SKODA KAROQ,6,E01012524,0,3
2024430550475,2024,430550475,2,9,0,9,9,3,1,0,0,6,0,0,0,0,3,1,2,2,2,44,7,1968,2,6,SKODA KAROQ,7,E01034786,0,4
2024211447831,2024,211447831,1,9,0,-1,5,4,8,-1,0,6,0,0,0,0,1,1,-1,6,1,69,10,1498,1,0,SKODA KAROQ,7,E01029393,0,1
2024061425036,2024,061425036,2,9,0,-1,19,5,1,-1,0,0,0,0,0,0,3,1,-1,6,2,31,6,1498,1,5,SKODA KAROQ,4,E01006044,0,3
2024543982224,2024,543982224,1,9,0,18,19,3,7,0,0,0,0,0,0,0,1,1,6,6,2,75,10,1498,1,1,SKODA KAROQ,3,E01031896,0,4
2024531488354,2024,531488354,2,9,0,-1,19,2,6,-1,0,1,0,0,0,0,1,1,-1,6,1,77,11,1498,1,0,SKODA KAROQ,8,E01022257,0,1
2024451500380,2024,451500380,1,9,0,-1,19,5,1,-1,0,0,0,0,0,0,2,1,-1,9,2,38,7,1498,1,6,SKODA KAROQ,8,E01022586,0,4
2024131460103,2024,131460103,2,9,0,-1,14,1,5,-1,0,1,0,0,0,0,1,1,-1,6,-1,28,6,1498,1,3,SKODA KAROQ,2,E01010864,0,1
2024411500556,2024,411500556,1,9,0,-1,5,1,4,-1,0,4,0,0,0,0,1,1,-1,6,1,59,9,1498,1,0,SKODA KAROQ,6,E01023600,0,1
2024430429380,2024,430429380,2,9,0,9,9,7,5,0,0,8,0,0,0,0,3,1,6,6,1,31,6,1498,1,3,SKODA KAROQ,9,E01035264,0,4
2024201518659,2024,201518659,3,9,0,-1,19,8,4,-1,0,8,0,0,0,0,1,1,-1,6,1,46,8,1498,1,2,SKODA KAROQ,2,E01010091,0,1
2024101499214,2024,101499214,3,9,0,-1,5,5,2,-1,0,1,0,0,0,0,1,1,-1,9,1,63,9,1498,1,4,SKODA KAROQ,-1,-1,0,-1
202454B289924,2024,54B289924,1,9,0,18,19,1,5,0,0,1,0,0,0,0,0,1,1,1,2,61,9,999,1,6,SKODA KAROQ,7,E01031857,0,1
2024501486263,2024,501486263,1,9,0,-1,19,4,8,-1,0,0,0,0,0,0,3,1,-1,9,2,50,8,1498,1,0,SKODA KAROQ,2,E01015168,0,4
2024041406530,2024,041406530,3,9,0,-1,19,3,7,-1,0,0,0,0,0,0,2,1,-1,1,1,39,7,1968,2,1,SKODA KAROQ,1,E01024877,0,1
2024361467730,2024,361467730,2,9,0,-1,4,1,5,-1,0,0,0,0,0,0,2,1,-1,9,2,69,10,1498,1,6,SKODA KAROQ,6,E01026886,0,1
2024010550051,2024,010550051,1,9,0,9,9,3,1,0,0,5,0,0,0,0,1,1,6,6,1,54,8,999,1,6,SKODA KAROQ,8,E01003470,0,1
2024501447294,2024,501447294,1,9,0,-1,19,6,2,-1,0,0,0,0,0,0,1,1,-1,9,1,65,9,1498,1,0,SKODA KAROQ,3,E01015094,0,4
2024552400547,2024,552400547,1,9,0,18,19,8,4,0,0,0,0,0,0,0,1,1,6,6,2,63,9,999,1,6,SKODA KAROQ,7,E01020481,0,1
2024122400270,2024,122400270,1,9,0,18,19,3,7,0,0,0,0,0,1,10,1,1,6,6,2,70,10,1498,1,1,SKODA KAROQ,5,E01027802,0,3
2024371493060,2024,371493060,1,9,-1,-1,3,0,0,-1,0,1,0,0,0,0,-1,9,-1,6,2,26,6,1498,1,3,SKODA KAROQ,7,E01030159,0,1
2024471473944,2024,471473944,1,9,0,-1,9,3,1,-1,0,1,0,0,0,0,1,1,-1,9,1,36,7,1498,1,5,SKODA KAROQ,4,E01014603,0,5
2024141450450,2024,141450450,2,9,0,-1,19,6,2,-1,0,0,0,0,0,0,2,1,-1,9,1,38,7,1498,1,5,SKODA KAROQ,1,E01007904,0,1
2024041512389,2024,041512389,1,9,0,-1,19,7,3,-1,0,0,0,0,0,0,4,1,-1,9,1,52,8,1968,2,3,SKODA KAROQ,7,E01025029,0,4
2024451491233,2024,451491233,1,9,0,-1,19,5,1,-1,0,8,0,0,1,1,1,1,-1,9,1,76,11,1498,1,3,SKODA KAROQ,5,E01030995,0,2
2024211443378,2024,211443378,2,9,0,-1,19,5,1,-1,0,0,0,0,0,0,2,1,-1,6,1,54,8,1498,1,1,SKODA KAROQ,1,E01014328,0,1
2024622400874,2024,622400874,2,9,0,5,5,4,2,0,0,8,0,0,0,0,0,1,6,6,2,68,10,999,1,4,SKODA KAROQ,10,W01000880,0,2
2024101494932,2024,101494932,1,9,0,-1,9,8,6,-1,0,6,0,0,0,0,3,1,-1,6,1,68,10,1498,1,1,SKODA KAROQ,7,E01027440,0,1
2024332401119,2024,332401119,2,9,0,-1,19,5,1,-1,0,0,0,0,0,0,3,1,-1,6,1,53,8,1498,1,0,SKODA KAROQ,1,E01013675,0,1
2024520001285,2024,520001285,2,9,0,18,19,7,3,0,0,0,0,0,0,0,0,1,6,6,2,50,8,1498,1,3,SKODA KAROQ,10,E01014415,0,1
2024101434886,2024,101434886,2,9,0,-1,19,3,7,-1,0,4,0,0,0,0,1,1,-1,2,1,58,9,1598,2,6,SKODA KAROQ,5,E01027500,0,2
2024991534643,2024,991534643,1,9,0,-1,9,6,5,-1,0,5,0,0,0,0,1,1,-1,1,1,66,10,1498,1,6,SKODA KAROQ,2,-1,0,1
2024211453076,2024,211453076,2,9,0,-1,19,7,6,-1,0,1,0,0,0,0,1,1,-1,9,1,49,8,1968,2,5,SKODA KAROQ,9,E01029767,0,4
2024501396542,2024,501396542,2,9,0,-1,19,5,8,-1,0,0,0,0,0,0,1,1,-1,9,2,33,6,999,1,3,SKODA KAROQ,4,E01018847,0,1
2024371468077,2024,371468077,1,9,0,-1,19,3,7,-1,0,6,1,0,0,0,1,1,-1,9,1,74,10,1498,1,5,SKODA KAROQ,9,E01030085,0,1
2024371496525,2024,371496525,1,9,0,-1,9,2,4,-1,0,0,0,0,0,0,4,1,-1,6,1,73,10,1968,2,6,SKODA KAROQ,6,E01030212,0,1
2024070128824,2024,070128824,1,9,0,18,19,7,3,0,0,0,0,0,0,0,1,1,2,2,1,60,9,1968,2,4,SKODA KAROQ,8,E01004935,0,4
2024522402143,2024,522402143,2,9,0,7,7,3,5,0,0,6,0,0,0,0,1,1,6,6,3,-1,-1,1498,1,6,SKODA KAROQ,-1,-1,0,-1
2024101399665,2024,101399665,2,9,0,-1,19,7,3,-1,0,1,0,0,0,0,1,1,-1,6,2,63,9,1498,1,2,SKODA KAROQ,1,E01027451,0,1
2024010497333,2024,010497333,2,9,0,4,4,1,5,0,0,0,0,0,0,0,1,1,6,6,2,48,8,1498,1,6,SKODA KAROQ,6,E01021399,0,4
2024440226631,2024,440226631,3,9,0,18,19,6,2,0,0,1,0,0,0,0,3,1,6,6,1,67,10,1498,1,4,SKODA KAROQ,10,E01022791,0,1
2024991494050,2024,991494050,3,9,0,-1,19,4,8,-1,0,0,0,0,0,0,1,1,-1,1,1,20,4,1968,2,0,SKODA KAROQ,9,-1,0,4
2024371530257,2024,371530257,2,9,0,-1,4,5,1,-1,0,0,0,0,0,0,1,1,-1,9,1,39,7,1498,1,3,SKODA KAROQ,9,E01022013,0,2
2024501451890,2024,501451890,2,9,0,-1,19,1,7,-1,0,8,0,0,0,0,2,1,-1,1,2,29,6,999,1,6,SKODA KAROQ,8,E01020051,0,1
2024010505624,2024,010505624,2,9,0,18,19,6,2,0,0,1,0,0,0,0,1,1,6,6,1,51,8,1498,1,0,SKODA KAROQ,9,E01000761,0,3
2024371535958,2024,371535958,1,9,0,-1,99,-1,-1,-1,99,0,0,0,0,0,3,1,-1,9,2,61,9,1498,1,6,SKODA KAROQ,4,E01029962,0,1
2024531404839,2024,531404839,1,9,0,-1,19,6,2,-1,0,0,0,0,0,0,1,9,-1,6,2,73,10,1498,1,1,SKODA KAROQ,5,E01022361,0,3
2024070033632,2024,070033632,2,9,0,4,4,4,7,0,0,2,0,0,0,0,2,1,6,6,1,43,7,1498,1,1,SKODA KAROQ,9,E01018473,0,3
2024211475515,2024,211475515,2,9,0,-1,4,2,6,-1,0,0,0,0,0,0,2,1,-1,9,2,31,6,1498,1,4,SKODA KAROQ,-1,-1,0,-1
2024141497869,2024,141497869,1,9,0,-1,19,3,7,-1,0,1,0,0,0,0,1,1,-1,7,2,33,6,1498,1,4,SKODA KAROQ,4,E01007344,0,1
2024131489279,2024,131489279,1,9,0,-1,19,3,7,-1,0,6,0,0,0,0,3,1,-1,9,1,79,11,1498,1,3,SKODA KAROQ,9,E01011168,0,2
2024141463503,2024,141463503,2,9,0,-1,19,1,5,-1,0,1,0,0,0,0,3,1,-1,9,1,59,9,1498,1,1,SKODA KAROQ,1,E01007506,0,1
2024010502485,2024,010502485,1,9,0,99,99,9,9,99,99,9,9,99,9,99,2,9,6,6,2,62,9,1498,1,6,SKODA KAROQ,9,E01023102,0,4
2024351409293,2024,351409293,2,9,0,-1,19,5,1,-1,0,0,0,0,1,10,1,1,-1,9,1,72,10,1498,1,2,SKODA KAROQ,10,E01018122,0,3