collision_index,collision_year,collision_ref_no,vehicle_reference,vehicle_type,towing_and_articulation,vehicle_manoeuvre_historic,vehicle_manoeuvre,vehicle_direction_from,vehicle_direction_to,vehicle_location_restricted_lane_historic,vehicle_location_restricted_lane,junction_location,skidding_and_overturning,hit_object_in_carriageway,vehicle_leaving_carriageway,hit_object_off_carriageway,first_point_of_impact,vehicle_left_hand_drive,journey_purpose_of_driver_historic,journey_purpose_of_driver,sex_of_driver,age_of_driver,age_band_of_driver,engine_capacity_cc,propulsion_code,age_of_vehicle,generic_make_model,driver_imd_decile,lsoa_of_driver,escooter_flag,driver_distance_banding
2024501504585,2024,501504585,2,9,0,-1,12,3,7,-1,0,0,0,0,0,0,2,2,-1,6,1,46,8,2487,8,5,TOYOTA RAV4,2,E01000931,0,5
2024010499493,2024,010499493,2,9,0,99,99,9,9,99,99,9,9,99,9,99,9,9,6,6,3,-1,-1,2487,8,1,TOYOTA RAV4,4,E01003793,0,1
2024991410427,2024,991410427,1,9,0,-1,19,5,8,-1,0,1,0,0,0,0,1,1,-1,6,1,34,6,2487,8,4,TOYOTA RAV4,9,-1,0,1
2024461441506,2024,461441506,4,9,0,-1,2,0,0,-1,0,2,0,0,0,0,2,1,-1,9,1,46,8,2487,8,1,TOYOTA RAV4,5,E01024452,0,1
2024471478583,2024,471478583,1,9,0,-1,5,1,3,-1,0,1,0,0,0,0,3,1,-1,9,1,26,6,1998,2,10,TOYOTA RAV4,3,E01024535,0,3
2024991434375,2024,991434375,1,9,0,-1,19,3,7,-1,0,1,0,4,0,0,1,1,-1,6,2,58,9,1998,1,16,TOYOTA RAV4,2,-1,0,1
2024101501628,2024,101501628,1,9,0,-1,19,5,1,-1,0,0,0,0,0,0,3,1,-1,1,2,44,7,2487,8,3,TOYOTA RAV4,10,E01008264,0,3
2024531458501,2024,531458501,2,9,0,-1,2,0,0,-1,0,8,0,0,0,0,3,1,-1,6,-1,-1,-1,1998,1,20,TOYOTA RAV4,-1,-1,0,-1
2024311470137,2024,311470137,2,9,0,-1,19,7,3,-1,0,0,0,0,0,0,4,1,-1,6,1,30,6,2494,8,6,TOYOTA RAV4,1,E01013959,0,1
2024401449948,2024,401449948,1,9,0,-1,19,4,8,-1,0,0,0,4,0,0,4,1,-1,6,2,75,10,1995,2,18,TOYOTA RAV4,1,E01015771,0,1
2024320355543,2024,320355543,1,9,0,-1,-1,1,5,0,0,0,0,0,1,0,1,1,-1,-1,1,86,11,2231,2,16,TOYOTA RAV4,6,E01026387,0,2
2024010548991,2024,010548991,1,9,0,1,1,1,5,0,0,9,0,0,0,0,2,9,6,6,2,-1,-1,2494,8,7,TOYOTA RAV4,6,E01003756,0,2
2024411399925,2024,411399925,1,9,0,-1,5,5,1,-1,0,8,0,0,0,0,3,9,-1,6,2,54,8,2494,8,8,TOYOTA RAV4,7,E01017652,0,2
2024131512856,2024,131512856,1,9,0,-1,5,1,5,-1,0,0,0,0,1,0,2,1,-1,9,1,64,9,2487,8,1,TOYOTA RAV4,7,E01011252,0,2
2024010506290,2024,010506290,1,9,0,99,99,9,9,99,99,9,9,99,9,99,9,9,6,6,1,42,7,2487,8,1,TOYOTA RAV4,9,E01001281,0,1
2024430435257,2024,430435257,1,9,0,9,9,6,4,0,0,2,0,0,0,0,3,1,6,6,1,-1,-1,2487,8,5,TOYOTA RAV4,4,E01035254,0,1
2024061434332,2024,061434332,1,9,0,-1,5,5,1,-1,0,1,0,0,0,0,4,1,-1,6,1,52,8,2231,2,10,TOYOTA RAV4,1,E01005228,0,1
2024471402313,2024,471402313,1,9,0,-1,9,4,8,-1,0,6,0,0,0,0,3,1,-1,6,2,42,7,1998,1,18,TOYOTA RAV4,7,E01021169,0,1
2024401506831,2024,401506831,3,9,-1,-1,-1,-1,-1,-1,-1,0,-1,-1,-1,0,-1,9,-1,6,2,-1,-1,2487,8,5,TOYOTA RAV4,6,E01017386,0,4
2024351539218,2024,351539218,3,9,0,-1,5,1,5,-1,0,8,0,0,0,0,1,1,-1,6,1,59,9,2487,8,4,TOYOTA RAV4,3,E01018073,0,1
2024010512857,2024,010512857,2,9,0,99,99,9,9,99,99,9,9,99,9,99,1,9,6,6,3,-1,-1,2494,8,7,TOYOTA RAV4,-1,-1,0,-1
2024010524958,2024,010524958,2,9,0,99,99,9,9,99,99,9,9,99,9,99,1,9,6,6,3,-1,-1,2487,8,3,TOYOTA RAV4,-1,-1,0,-1
2024211506004,2024,211506004,2,9,0,-1,5,1,4,-1,0,4,0,0,0,0,3,1,-1,1,1,57,9,2487,8,2,TOYOTA RAV4,10,E01029747,0,3
2024421442875,2024,421442875,2,9,0,-1,19,3,7,-1,0,0,0,0,0,0,3,1,-1,2,2,59,9,2487,8,2,TOYOTA RAV4,7,E01021882,0,1
2024010538687,2024,010538687,2,9,9,99,99,9,9,99,99,9,9,99,9,99,9,9,6,6,3,-1,-1,2487,8,3,TOYOTA RAV4,-1,-1,0,-1
2024141400397,2024,141400397,2,9,0,-1,2,4,8,-1,0,0,0,0,0,0,2,1,-1,6,-1,-1,-1,1998,2,9,TOYOTA RAV4,-1,-1,0,-1
2024522500533,2024,522500533,1,9,0,18,19,2,6,0,0,8,0,0,0,0,3,1,6,6,1,25,5,2487,8,4,TOYOTA RAV4,2,E01014489,0,1
2024451404602,2024,451404602,2,9,0,-1,19,5,1,-1,0,0,0,0,0,0,2,1,-1,9,2,46,8,2487,8,4,TOYOTA RAV4,3,E01030901,0,3
2024131496312,2024,131496312,1,9,0,-1,19,5,1,-1,0,6,0,0,0,0,1,1,-1,9,1,47,8,2231,2,17,TOYOTA RAV4,6,E01033696,0,1
2024010514522,2024,010514522,1,9,0,9,9,2,7,0,0,2,0,10,7,0,1,1,6,6,2,76,11,2494,8,7,TOYOTA RAV4,6,E01002331,0,1
2024010535806,2024,010535806,3,9,0,3,3,7,3,0,0,1,0,0,0,0,2,1,6,6,1,68,10,2487,8,2,TOYOTA RAV4,8,E01028422,0,4
2024061414553,2024,061414553,2,9,0,-1,19,8,4,-1,0,0,0,0,0,0,3,1,-1,6,1,28,6,1998,1,17,TOYOTA RAV4,8,E01005571,0,1
2024302500175,2024,302500175,1,9,0,-1,19,1,5,-1,0,0,0,0,0,0,2,1,-1,6,2,68,10,2231,2,11,TOYOTA RAV4,5,E01028342,0,4
2024361483225,2024,361483225,1,9,0,-1,19,3,7,-1,0,0,0,0,0,0,1,1,-1,1,1,47,8,2487,8,4,TOYOTA RAV4,2,E01026798,0,2
2024070988350,2024,070988350,1,9,0,-1,19,3,7,-1,0,0,1,0,1,2,1,1,-1,9,1,51,8,2494,8,8,TOYOTA RAV4,1,E01006504,0,2
2024010514075,2024,010514075,1,9,0,5,5,5,1,0,0,1,0,0,0,0,1,1,6,6,2,28,6,1987,1,8,TOYOTA RAV4,7,E01030300,0,4
2024061400833,2024,061400833,2,9,0,-1,4,3,7,-1,0,0,0,0,0,0,2,1,-1,9,1,51,8,2487,8,4,TOYOTA RAV4,8,E01005880,0,3
2024161502243,2024,161502243,1,9,0,-1,9,1,7,-1,0,6,0,0,0,0,1,1,-1,6,2,45,7,2487,8,3,TOYOTA RAV4,10,E01013215,0,2
2024010526118,2024,010526118,1,9,0,18,19,3,7,0,0,2,1,0,1,4,1,1,6,6,1,40,7,2487,8,5,TOYOTA RAV4,-1,-1,0,-1
2024041438315,2024,041438315,2,9,0,-1,3,5,1,-1,0,4,0,0,0,0,2,1,-1,9,2,55,8,2487,8,4,TOYOTA RAV4,7,E01025411,0,1
2024361458009,2024,361458009,2,9,0,-1,5,4,8,-1,0,1,0,0,0,0,2,1,-1,6,2,62,9,1998,1,19,TOYOTA RAV4,4,E01026606,0,3
2024010542543,2024,010542543,1,9,0,18,19,1,5,0,0,0,1,0,0,0,1,1,6,6,1,46,8,1998,1,20,TOYOTA RAV4,2,E01001579,0,1
2024141415221,2024,141415221,1,9,0,-1,5,1,1,-1,0,1,0,0,0,0,2,1,-1,2,2,51,8,1998,1,20,TOYOTA RAV4,1,E01007566,0,1
2024010531319,2024,010531319,2,9,0,5,5,7,3,0,0,8,0,0,0,0,4,1,6,6,1,34,6,2487,8,3,TOYOTA RAV4,7,E01000993,0,1
2024010545141,2024,010545141,2,9,0,6,6,9,9,99,99,9,9,99,9,99,9,9,6,6,3,34,6,2494,8,8,TOYOTA RAV4,8,E01001134,0,1
2024411414506,2024,411414506,2,9,0,-1,19,2,6,-1,0,4,0,0,0,0,1,1,-1,7,1,34,6,2487,8,5,TOYOTA RAV4,3,E01023865,0,1
2024010508649,2024,010508649,1,9,0,18,19,8,4,0,0,1,0,10,1,1,1,1,6,6,1,29,6,2487,8,2,TOYOTA RAV4,4,E01023303,0,3
2024351515015,2024,351515015,1,9,0,-1,5,1,5,-1,0,4,0,0,0,0,1,1,-1,6,1,59,9,1998,2,9,TOYOTA RAV4,4,E01018083,0,1
2024031535309,2024,031535309,1,9,0,-1,5,1,3,-1,0,0,0,0,0,0,3,1,-1,6,2,69,10,2487,8,4,TOYOTA RAV4,-1,-1,0,-1
2024010524465,2024,010524465,2,9,0,99,99,9,9,99,99,9,9,99,9,99,1,9,6,6,3,-1,-1,1986,1,11,TOYOTA RAV4,-1,-1,0,-1
202407Q002101,2024,07Q002101,1,9,0,18,19,6,2,0,0,0,0,0,0,0,3,1,2,2,1,55,8,2487,8,5,TOYOTA RAV4,-1,-1,0,-1
2024501525991,2024,501525991,2,9,0,-1,19,6,2,-1,0,0,1,0,0,0,1,1,-1,9,2,49,8,2487,8,3,TOYOTA RAV4,8,E01019961,0,1
2024010527212,2024,010527212,1,9,0,18,19,7,3,0,0,0,0,0,0,0,1,1,6,6,1,44,7,2487,8,2,TOYOTA RAV4,4,E01001463,0,1
2024131526938,2024,131526938,1,9,0,-1,19,3,7,-1,0,8,5,0,1,7,1,1,-1,6,1,26,6,2231,2,17,TOYOTA RAV4,1,E01011721,0,1
2024991473033,2024,991473033,1,9,0,-1,19,4,8,-1,0,1,0,0,0,0,1,1,-1,6,1,56,9,2487,8,5,TOYOTA RAV4,5,-1,0,4
2024430001671,2024,430001671,2,9,0,3,3,4,8,0,0,1,0,0,0,0,2,1,6,6,2,73,10,1998,2,11,TOYOTA RAV4,6,E01016837,0,1
2024531507425,2024,531507425,2,9,0,-1,2,0,0,-1,0,0,0,0,0,0,1,1,-1,6,-1,-1,-1,1998,2,9,TOYOTA RAV4,-1,-1,0,-1
2024070624125,2024,070624125,2,9,0,7,7,7,1,0,0,8,1,0,0,0,0,1,6,6,2,79,11,2487,8,1,TOYOTA RAV4,9,E01018571,0,1
2024311418268,2024,311418268,2,9,0,-1,9,2,8,-1,0,1,0,0,0,0,1,1,-1,6,1,67,10,2487,8,5,TOYOTA RAV4,7,E01007685,0,4
2024411500513,2024,411500513,1,9,0,-1,-1,-1,-1,-1,-1,0,-1,-1,-1,0,1,1,-1,6,1,35,6,2487,8,5,TOYOTA RAV4,3,E01000152,0,3
2024451474419,2024,451474419,1,9,0,-1,19,6,2,-1,9,0,0,0,0,0,1,1,-1,6,2,81,11,1998,1,21,TOYOTA RAV4,10,E01030510,0,1
2024461414150,2024,461414150,1,9,0,-1,19,5,1,-1,0,0,0,0,0,0,1,9,-1,2,1,61,9,1995,2,19,TOYOTA RAV4,9,E01024431,0,1
2024461538413,2024,461538413,1,9,0,-1,19,5,1,-1,0,2,0,0,0,0,4,9,-1,6,2,67,10,2487,8,5,TOYOTA RAV4,9,E01024299,0,1
2024201484309,2024,201484309,2,9,0,-1,3,7,7,-1,0,1,0,0,0,0,2,1,-1,9,1,43,7,2487,8,1,TOYOTA RAV4,1,E01009489,0,1
2024332400126,2024,332400126,1,9,0,-1,19,6,3,-1,0,0,0,0,0,0,1,1,-1,6,1,19,4,2487,8,4,TOYOTA RAV4,5,E01025747,0,1
2024221420922,2024,221420922,2,9,0,-1,2,0,0,-1,0,2,0,0,0,0,2,2,-1,6,1,58,9,2487,8,5,TOYOTA RAV4,8,E01032388,0,1
2024461450115,2024,461450115,2,9,0,-1,3,2,4,-1,0,0,0,0,0,0,2,9,-1,2,1,57,9,2487,8,2,TOYOTA RAV4,4,E01002250,0,3
2024461532543,2024,461532543,1,9,0,-1,19,2,1,-1,0,0,1,0,0,0,1,1,-1,9,2,40,7,1998,2,9,TOYOTA RAV4,2,E01024192,0,4
2024131399740,2024,131399740,1,9,0,-1,19,2,6,-1,0,0,1,0,7,0,1,1,-1,9,1,56,9,2494,8,7,TOYOTA RAV4,8,E01032503,0,1
2024480543306,2024,480543306,1,9,9,99,99,9,9,99,99,9,9,99,9,99,9,9,6,6,1,39,7,1998,1,20,TOYOTA RAV4,4,E01000531,0,3
2024351501714,2024,351501714,1,9,0,-1,19,5,1,-1,0,0,2,0,4,6,1,1,-1,9,2,37,7,2487,8,1,TOYOTA RAV4,3,E01015638,0,3
2024461421810,2024,461421810,1,9,0,-1,19,1,5,-1,0,0,0,0,0,0,1,1,-1,9,1,48,8,2487,8,2,TOYOTA RAV4,7,E01016093,0,1
2024201469229,2024,201469229,1,9,0,-1,14,8,4,-1,0,0,0,0,0,0,1,1,-1,9,2,48,8,2494,8,6,TOYOTA RAV4,1,E01009113,0,1
2024010498291,2024,010498291,1,9,0,18,19,4,8,0,0,8,0,0,0,0,1,1,3,7,2,44,7,2487,8,4,TOYOTA RAV4,3,E01000090,0,1
2024311396630,2024,311396630,1,9,0,-1,9,2,6,-1,0,1,0,0,0,0,1,1,-1,6,2,41,7,2494,8,8,TOYOTA RAV4,10,E01028218,0,1
2024552400121,2024,552400121,2,9,0,4,4,4,8,0,0,0,0,0,0,0,2,1,6,6,2,33,6,1794,1,22,TOYOTA RAV4,4,E01020346,0,1
2024320624814,2024,320624814,2,9,0,-1,-1,1,5,0,0,0,0,0,1,0,3,1,-1,-1,1,36,7,1995,2,8,TOYOTA RAV4,10,E01026187,0,2
2024471481541,2024,471481541,2,9,0,-1,9,1,5,-1,0,1,0,0,0,0,2,1,-1,9,1,64,9,2231,2,10,TOYOTA RAV4,8,E01020987,0,1
2024041513220,2024,041513220,1,9,0,-1,9,7,3,-1,0,0,0,0,0,0,4,1,-1,2,1,32,6,2231,2,14,TOYOTA RAV4,2,E01024883,0,1
2024010522164,2024,010522164,1,9,0,18,19,7,3,0,0,2,0,0,0,0,2,1,6,6,1,57,9,2231,2,11,TOYOTA RAV4,7,E01002986,0,1
2024010532690,2024,010532690,1,9,0,18,19,4,8,0,0,1,0,0,0,0,1,1,6,6,1,43,7,2487,8,4,TOYOTA RAV4,7,E01004193,0,1
2024361487733,2024,361487733,1,9,0,-1,9,5,3,-1,0,5,0,0,7,0,1,2,-1,6,1,47,8,2487,8,4,TOYOTA RAV4,9,E01029939,0,3
2024552400843,2024,552400843,1,9,0,18,19,6,2,0,0,8,0,0,0,0,4,1,6,6,1,63,9,2487,8,0,TOYOTA RAV4,7,E01022997,0,3
2024122500445,2024,122500445,1,9,0,9,9,7,3,0,0,1,0,0,0,0,1,1,6,6,2,77,11,1998,2,10,TOYOTA RAV4,8,E01027556,0,1
2024010523770,2024,010523770,4,9,0,18,19,4,8,0,0,0,0,0,0,0,1,1,6,6,1,69,10,1998,1,19,TOYOTA RAV4,4,E01001903,0,1
2024991401819,2024,991401819,1,9,0,-1,5,4,7,-1,0,8,0,0,0,0,1,1,-1,9,1,63,9,2487,8,5,TOYOTA RAV4,10,-1,0,2
2024041413044,2024,041413044,2,9,0,-1,19,1,5,-1,0,1,0,0,1,0,1,1,-1,9,1,30,6,2487,8,1,TOYOTA RAV4,1,E01012603,0,1
2024231481334,2024,231481334,2,9,0,-1,4,4,8,-1,0,1,0,0,0,0,2,1,-1,9,2,27,6,2487,8,4,TOYOTA RAV4,6,E01029428,0,4
2024010543966,2024,010543966,1,9,0,99,99,9,9,99,99,9,9,99,9,99,1,9,6,6,3,-1,-1,2487,8,2,TOYOTA RAV4,9,E01004133,0,1
2024141459073,2024,141459073,2,9,0,-1,19,2,6,-1,0,8,0,0,0,0,3,1,-1,6,1,54,8,1998,2,9,TOYOTA RAV4,3,E01007569,0,1
2024451480459,2024,451480459,2,9,0,-1,4,1,3,-1,0,0,0,0,0,0,0,1,-1,6,2,30,6,2487,8,4,TOYOTA RAV4,-1,-1,0,-1
2024471430615,2024,471430615,1,9,0,-1,19,6,2,-1,0,1,0,0,0,0,4,1,-1,6,1,80,11,2487,8,3,TOYOTA RAV4,5,E01034300,0,1
2024311455000,2024,311455000,1,9,0,-1,4,5,1,-1,0,0,0,0,0,0,4,1,-1,6,2,80,11,1986,1,14,TOYOTA RAV4,6,E01028202,0,1
2024061524202,2024,061524202,1,9,0,-1,3,2,5,-1,0,0,0,0,0,0,1,1,-1,1,2,34,6,2494,8,5,TOYOTA RAV4,9,E01005549,0,1
2024302400422,2024,302400422,2,9,4,18,19,4,8,0,0,0,0,0,0,0,3,1,6,6,2,31,6,2231,2,16,TOYOTA RAV4,5,E01019613,0,1
2024531479770,2024,531479770,2,9,0,-1,19,5,1,-1,0,8,0,0,3,0,1,1,-1,9,2,42,7,2487,8,4,TOYOTA RAV4,9,E01022185,0,3
2024471409667,2024,471409667,1,9,0,-1,19,8,4,-1,0,2,0,0,0,0,1,1,-1,6,2,73,10,2494,8,7,TOYOTA RAV4,10,E01031729,0,1
2024531492807,2024,531492807,2,9,0,-1,19,1,5,-1,0,1,0,0,0,0,4,1,-1,2,2,29,6,2487,8,3,TOYOTA RAV4,7,E01034789,0,1
2024421477557,2024,421477557,1,9,0,-1,1,7,3,-1,-1,2,0,0,0,0,2,1,-1,9,1,61,9,1998,2,11,TOYOTA RAV4,7,E01021695,0,1
2024340NN1992,2024,340NN1992,2,9,0,-1,10,7,5,-1,0,1,0,0,0,0,2,1,-1,9,2,72,10,2231,2,11,TOYOTA RAV4,6,E01027039,0,1
2024552400873,2024,552400873,2,9,0,3,3,2,6,0,0,4,0,0,0,0,2,1,6,6,1,62,9,1998,1,20,TOYOTA RAV4,4,E01015303,0,1
2024201434348,2024,201434348,1,9,0,-1,19,2,6,-1,0,0,0,0,0,0,1,9,-1,6,1,30,6,1998,1,15,TOYOTA RAV4,2,E01009991,0,1
2024320363376,2024,320363376,1,9,0,1,1,5,1,0,0,0,0,0,0,0,4,1,-1,-1,1,86,11,2231,2,16,TOYOTA RAV4,5,E01035532,0,4
2024122500542,2024,122500542,1,9,0,17,19,5,1,0,0,0,2,0,0,0,1,1,3,7,2,24,5,2231,2,13,TOYOTA RAV4,7,E01011849,0,1
2024471520181,2024,471520181,1,9,0,-1,19,7,3,-1,0,0,0,0,0,0,1,1,-1,9,2,67,10,1998,1,21,TOYOTA RAV4,6,E01021018,0,1
2024010517792,2024,010517792,1,9,0,18,19,4,8,0,0,1,0,0,0,0,1,1,6,6,1,58,9,1995,2,8,TOYOTA RAV4,8,E01002483,0,4
2024010519108,2024,010519108,1,9,0,16,19,1,5,0,0,1,0,0,0,0,1,1,1,1,1,48,8,2494,8,7,TOYOTA RAV4,6,E01001309,0,1
2024421439103,2024,421439103,1,9,0,-1,19,3,7,-1,0,0,0,0,0,0,1,1,-1,9,2,75,10,1998,1,18,TOYOTA RAV4,-1,-1,0,-1
2024070514569,2024,070514569,1,9,0,18,19,1,5,0,0,4,0,0,0,0,1,1,2,2,1,22,5,2487,8,2,TOYOTA RAV4,2,E01035365,0,2
2024451403237,2024,451403237,2,9,0,-1,9,1,5,-1,0,8,0,0,0,0,4,1,-1,9,1,20,4,2487,8,1,TOYOTA RAV4,3,E01001008,0,4
2024302400790,2024,302400790,2,9,0,17,19,4,8,0,0,8,0,0,0,0,4,1,6,6,2,34,6,2487,8,4,TOYOTA RAV4,3,E01019775,0,2
2024351429960,2024,351429960,1,9,0,-1,19,6,2,-1,0,0,0,0,0,0,4,1,-1,6,1,-1,-1,2231,2,11,TOYOTA RAV4,9,E01018241,0,1
2024440333398,2024,440333398,1,9,0,4,4,3,7,0,0,1,0,0,0,0,2,1,6,6,2,42,7,1998,1,18,TOYOTA RAV4,10,E01022995,0,4
2024411402030,2024,411402030,1,9,0,-1,1,1,5,-1,0,0,0,0,0,0,2,1,-1,6,2,54,8,2494,8,8,TOYOTA RAV4,2,E01023641,0,1
2024522401142,2024,522401142,2,9,0,2,2,0,0,0,0,1,0,0,0,0,2,1,6,6,3,-1,-1,2487,8,3,TOYOTA RAV4,-1,-1,0,-1
202454D124924,2024,54D124924,1,9,0,18,19,8,4,0,0,0,0,4,0,0,1,1,2,2,2,28,6,2487,8,3,TOYOTA RAV4,6,E01031893,0,1
2024010514679,2024,010514679,2,9,0,18,19,3,7,0,0,2,0,0,0,0,0,1,6,6,3,24,5,2487,8,5,TOYOTA RAV4,-1,-1,0,-1
2024111522590,2024,111522590,2,9,0,-1,19,8,5,-1,0,3,0,0,0,0,4,1,-1,7,2,55,8,1987,1,7,TOYOTA RAV4,7,E01020659,0,2
2024010527616,2024,010527616,1,9,0,3,3,7,3,0,0,1,0,0,0,0,2,1,1,1,1,52,8,2487,8,0,TOYOTA RAV4,7,E01000749,0,3
2024061396033,2024,061396033,2,9,0,-1,19,5,2,-1,0,8,0,0,0,0,4,1,-1,9,1,71,10,2494,8,6,TOYOTA RAV4,7,E01006089,0,3
2024141421342,2024,141421342,2,9,0,-1,19,5,1,-1,0,1,0,0,0,0,1,1,-1,9,2,62,9,2231,2,17,TOYOTA RAV4,2,E01007843,0,1
2024421440764,2024,421440764,2,9,0,-1,3,3,7,-1,0,0,0,0,0,0,2,1,-1,9,1,43,7,2494,8,7,TOYOTA RAV4,7,E01021801,0,2
2024141526778,2024,141526778,2,9,0,-1,2,0,0,-1,0,0,0,0,0,0,4,1,-1,6,-1,-1,-1,2487,8,4,TOYOTA RAV4,-1,-1,0,-1
2024430417685,2024,430417685,1,9,0,3,3,5,1,0,0,1,0,10,0,0,2,1,6,6,2,52,8,2494,8,8,TOYOTA RAV4,-1,-1,0,-1
2024411406453,2024,411406453,3,9,0,-1,19,5,1,-1,0,0,0,0,0,0,1,1,-1,6,2,70,10,2494,8,8,TOYOTA RAV4,5,E01023400,0,1
2024010536550,2024,010536550,2,9,0,18,19,4,8,0,0,8,0,0,0,0,0,1,1,1,2,35,6,2487,8,4,TOYOTA RAV4,9,E01004596,0,2
2024041465023,2024,041465023,2,9,0,-1,19,5,1,-1,0,1,0,0,0,0,3,1,-1,2,1,57,9,2487,8,4,TOYOTA RAV4,10,E01024963,0,1
2024010550189,2024,010550189,1,9,0,99,99,9,9,0,0,8,0,0,9,0,9,1,6,6,3,-1,-1,2487,8,3,TOYOTA RAV4,-1,-1,0,-1
2024010498674,2024,010498674,1,9,0,7,7,5,8,0,0,5,0,0,1,0,4,1,6,6,1,64,9,1998,1,21,TOYOTA RAV4,6,E01002745,0,1
2024340NN4642,2024,340NN4642,3,9,0,-1,19,7,3,-1,2,0,0,0,0,0,1,1,-1,9,1,53,8,1987,1,7,TOYOTA RAV4,-1,-1,0,-1
2024111500025,2024,111500025,2,9,0,-1,9,5,1,-1,0,1,0,0,0,0,3,1,-1,1,1,37,7,2487,8,3,TOYOTA RAV4,4,E01020651,0,2
2024622400311,2024,622400311,2,9,0,18,19,3,7,0,0,8,0,0,0,0,2,1,1,1,1,-1,-1,2487,8,5,TOYOTA RAV4,3,W01001293,0,4
2024041500805,2024,041500805,2,9,0,-1,7,3,5,-1,0,0,0,0,0,0,3,1,-1,9,2,58,9,2231,2,13,TOYOTA RAV4,8,E01025272,0,1
2024010523218,2024,010523218,2,9,0,99,99,9,9,99,99,9,9,99,9,99,1,9,6,6,3,-1,-1,2231,2,17,TOYOTA RAV4,2,E01001944,0,3
2024010532262,2024,010532262,1,8,0,8,8,5,7,0,0,1,0,0,0,0,1,9,6,6,3,36,7,2487,8,4,TOYOTA RAV4,3,E01003573,0,3
2024010497889,2024,010497889,1,9,0,99,99,9,9,99,99,9,9,99,9,99,1,9,6,6,3,-1,-1,2487,8,3,TOYOTA RAV4,-1,-1,0,-1
2024440249033,2024,440249033,1,9,0,18,19,4,8,0,0,0,0,0,0,0,1,1,6,6,1,50,8,2487,8,5,TOYOTA RAV4,8,E01023234,0,1
2024440332302,2024,440332302,1,9,0,18,19,8,4,0,0,8,1,0,3,4,1,1,6,6,2,83,11,2494,8,6,TOYOTA RAV4,10,E01030811,0,4
2024451400049,2024,451400049,1,9,0,-1,9,3,1,-1,0,0,0,0,0,0,1,1,-1,9,1,68,10,2487,8,3,TOYOTA RAV4,8,E01030865,0,2
2024231430118,2024,231430118,1,9,0,-1,19,3,8,-1,0,0,1,0,7,0,1,1,-1,2,1,48,8,1998,2,10,TOYOTA RAV4,6,E01010221,0,4
2024052401384,2024,052401384,1,9,0,18,19,4,8,0,0,1,0,0,0,0,1,1,6,6,1,66,10,2231,2,16,TOYOTA RAV4,8,E01007166,0,1
2024471507682,2024,471507682,2,9,0,-1,-1,-1,-1,-1,-1,0,-1,-1,-1,0,-1,9,-1,6,3,-1,-1,2231,2,15,TOYOTA RAV4,-1,-1,0,-1
2024461416602,2024,461416602,4,9,0,-1,2,0,0,-1,0,0,0,0,0,0,4,1,-1,6,-1,-1,-1,1998,1,16,TOYOTA RAV4,-1,-1,0,-1
2024991435380,2024,991435380,2,9,0,-1,4,3,2,-1,0,0,0,0,0,0,4,1,-1,9,2,27,6,2487,8,2,TOYOTA RAV4,4,-1,0,1
2024010510176,2024,010510176,2,9,0,99,99,9,9,99,99,9,9,99,9,99,1,9,6,6,3,-1,-1,2494,8,6,TOYOTA RAV4,-1,-1,0,-1
2024211451265,2024,211451265,1,9,0,-1,19,5,1,-1,0,0,0,0,0,0,1,1,-1,6,1,43,7,1995,2,7,TOYOTA RAV4,2,E01029842,0,2
2024622400834,2024,622400834,1,9,0,18,19,8,4,0,0,0,0,0,0,0,1,1,6,6,2,61,9,1998,1,21,TOYOTA RAV4,10,W01001727,0,2
2024070734663,2024,070734663,1,9,0,-1,4,3,7,-1,0,1,0,0,0,0,1,1,-1,9,2,44,7,2231,2,11,TOYOTA RAV4,9,W01000272,0,3
2024061447907,2024,061447907,1,9,0,-1,19,5,2,-1,0,8,0,0,1,11,1,1,-1,9,1,79,11,2487,8,2,TOYOTA RAV4,-1,-1,0,-1
2024010515452,2024,010515452,1,9,0,1,1,5,7,0,0,1,0,0,1,0,2,1,6,6,1,41,7,2494,8,7,TOYOTA RAV4,5,E01004631,0,1
2024010502918,2024,010502918,1,9,0,18,19,3,7,0,0,1,0,0,0,0,2,1,6,6,2,44,7,2231,2,11,TOYOTA RAV4,4,E01003222,0,1
2024520402592,2024,520402592,1,9,0,18,19,6,2,0,0,0,0,0,0,0,1,1,6,6,1,66,10,1998,1,19,TOYOTA RAV4,8,E01029319,0,1
2024211466545,2024,211466545,1,9,0,-1,4,7,3,-1,0,1,0,0,0,0,1,1,-1,1,2,40,7,2487,8,5,TOYOTA RAV4,5,E01013500,0,3
2024401526548,2024,401526548,1,9,0,-1,7,2,4,-1,0,5,0,0,0,0,1,9,-1,6,2,-1,-1,1794,1,23,TOYOTA RAV4,-1,-1,0,-1
2024991528768,2024,991528768,2,9,0,-1,19,2,6,-1,0,0,0,0,0,0,1,1,-1,1,1,53,8,2487,8,3,TOYOTA RAV4,-1,-1,0,-1
2024320590905,2024,320590905,2,9,0,-1,-1,8,4,0,0,8,1,0,0,0,4,1,6,6,2,48,8,2231,2,16,TOYOTA RAV4,3,E01026183,0,3
2024430524045,2024,430524045,5,9,0,18,19,7,3,0,0,0,0,0,0,0,1,1,6,6,3,52,8,2487,8,1,TOYOTA RAV4,8,E01028463,0,3
2024221455672,2024,221455672,1,9,0,-1,5,3,7,-1,0,8,0,0,0,0,2,1,-1,6,2,60,9,2487,8,2,TOYOTA RAV4,7,E01014205,0,1
2024411437009,2024,411437009,1,9,0,-1,9,7,5,-1,0,5,0,0,0,0,4,1,-1,2,1,55,8,1998,1,22,TOYOTA RAV4,8,E01023884,0,1
2024161495668,2024,161495668,1,9,0,-1,9,8,6,-1,0,6,0,0,0,0,1,9,-1,6,2,53,8,2231,2,10,TOYOTA RAV4,6,E01013253,0,1