collision_index,collision_year,collision_ref_no,vehicle_reference,vehicle_type,towing_and_articulation,vehicle_manoeuvre_historic,vehicle_manoeuvre,vehicle_direction_from,vehicle_direction_to,vehicle_location_restricted_lane_historic,vehicle_location_restricted_lane,junction_location,skidding_and_overturning,hit_object_in_carriageway,vehicle_leaving_carriageway,hit_object_off_carriageway,first_point_of_impact,vehicle_left_hand_drive,journey_purpose_of_driver_historic,journey_purpose_of_driver,sex_of_driver,age_of_driver,age_band_of_driver,engine_capacity_cc,propulsion_code,age_of_vehicle,generic_make_model,driver_imd_decile,lsoa_of_driver,escooter_flag,driver_distance_banding
2024010520694,2024,010520694,2,9,0,18,19,3,7,0,0,2,0,0,0,0,1,1,6,6,1,22,5,2494,1,22,BMW MODEL MISSING,-1,-1,0,-1
2024010536265,2024,010536265,1,9,0,18,19,3,7,0,0,1,0,0,0,0,3,1,6,6,1,32,6,2990,1,13,BMW MODEL MISSING,3,E01004723,0,1
2024332401016,2024,332401016,3,9,0,-1,2,0,0,-1,9,8,0,0,0,0,2,1,-1,6,3,-1,-1,1998,1,14,BMW MODEL MISSING,-1,-1,0,-1
2024010516277,2024,010516277,1,9,0,18,19,3,7,0,0,8,1,0,0,0,1,1,6,6,1,22,5,2494,1,22,BMW MODEL MISSING,-1,-1,0,-1
2024371416058,2024,371416058,1,9,0,-1,19,1,3,-1,0,0,1,10,7,11,3,1,-1,6,3,40,7,1995,2,20,BMW MODEL MISSING,-1,-1,0,-1
2024211433630,2024,211433630,1,9,0,-1,19,3,7,-1,0,0,0,0,0,0,1,1,-1,6,2,-1,-1,1995,2,18,BMW MODEL MISSING,-1,-1,0,-1
2024052402613,2024,052402613,2,4,0,18,19,1,5,0,0,1,0,0,0,0,3,1,6,6,1,76,11,750,1,32,BMW MODEL MISSING,7,E01007267,0,1
2024440097207,2024,440097207,1,9,0,4,4,8,4,0,0,0,0,0,0,0,2,1,6,6,1,61,9,2970,1,13,BMW MODEL MISSING,6,E01031866,0,3
2024371435541,2024,371435541,2,5,0,-1,19,1,5,-1,0,1,0,0,0,0,1,1,-1,9,1,62,9,1085,1,30,BMW MODEL MISSING,4,E01030219,0,1
2024421502719,2024,421502719,2,9,0,-1,19,3,7,-1,0,0,0,0,0,0,1,1,-1,6,2,40,7,1599,1,19,MAKE AND MODEL REDACTED,2,E01022056,0,1
2024010503827,2024,010503827,1,9,0,99,99,9,9,99,99,9,9,99,9,99,3,9,2,2,1,36,7,1599,1,21,MAKE AND MODEL REDACTED,2,E01001786,0,3
2024211488067,2024,211488067,2,9,-1,-1,-1,-1,-1,-1,-1,-1,-1,-1,-1,0,-1,9,-1,2,2,50,8,1599,1,20,MAKE AND MODEL REDACTED,5,E01029750,0,1
2024520003164,2024,520003164,1,9,0,4,4,1,5,0,0,0,0,0,0,0,2,1,6,6,1,49,8,1599,1,20,MAKE AND MODEL REDACTED,6,E01014447,0,1
2024552400364,2024,552400364,1,9,0,9,9,8,5,0,0,5,0,0,0,0,1,1,6,6,2,81,11,1599,1,21,MAKE AND MODEL REDACTED,8,E01015320,0,1
2024201507743,2024,201507743,1,9,0,-1,3,4,8,-1,0,0,0,0,0,0,2,1,-1,9,1,59,9,493,1,10,MAKE AND MODEL REDACTED,4,E01009522,0,1
2024471447809,2024,471447809,1,3,0,-1,4,2,6,-1,0,0,1,0,0,0,3,1,-1,9,2,17,4,125,1,4,MAKE AND MODEL REDACTED,5,E01021024,0,1
2024161418878,2024,161418878,1,3,0,-1,19,8,4,-1,0,2,2,0,1,0,1,1,-1,9,1,25,5,125,1,6,MAKE AND MODEL REDACTED,8,E01013256,0,3
2024440361914,2024,440361914,5,5,0,18,19,1,5,0,0,0,0,0,0,0,2,1,6,6,1,52,8,1450,1,22,MAKE AND MODEL REDACTED,4,E01022723,0,4
2024221453993,2024,221453993,2,5,0,-1,19,2,6,-1,0,0,0,0,0,0,2,1,-1,9,1,65,9,1690,1,7,MAKE AND MODEL REDACTED,8,E01024045,0,5
2024122400587,2024,122400587,1,5,0,4,4,4,8,0,0,0,1,0,0,0,3,1,6,6,1,69,10,1550,1,19,MAKE AND MODEL REDACTED,10,E01012477,0,5
2024351471214,2024,351471214,2,5,0,-1,13,1,5,-1,0,8,0,0,0,0,1,1,-1,9,1,58,9,1868,1,4,MAKE AND MODEL REDACTED,8,E01018270,0,2
2024351481828,2024,351481828,1,5,0,-1,19,1,5,-1,0,0,0,0,0,0,1,1,-1,6,1,48,8,1923,1,2,MAKE AND MODEL REDACTED,5,E01029949,0,1
2024302400533,2024,302400533,1,5,0,18,19,5,1,0,0,8,0,0,0,0,4,1,6,6,1,50,8,1690,1,9,MAKE AND MODEL REDACTED,3,E01019531,0,4
2024010547779,2024,010547779,1,4,0,99,99,9,9,99,99,9,9,99,9,99,9,1,6,6,1,47,8,471,1,1,MAKE AND MODEL REDACTED,7,E01002187,0,1
2024430216354,2024,430216354,1,4,0,13,13,4,7,0,0,8,0,0,0,0,4,1,6,6,1,23,5,471,1,1,MAKE AND MODEL REDACTED,5,E01028587,0,1
2024302400895,2024,302400895,1,2,0,4,4,8,4,0,0,2,0,0,1,10,4,1,6,6,2,48,8,50,1,16,MAKE AND MODEL REDACTED,4,E01013503,0,1
2024531505142,2024,531505142,2,9,0,-1,19,7,3,-1,0,1,0,0,0,0,1,1,-1,9,1,28,6,1998,1,20,MAKE AND MODEL REDACTED,6,E01001207,0,5
2024010513681,2024,010513681,2,9,0,99,99,9,9,99,99,9,9,99,9,99,1,9,6,6,1,40,7,1998,1,23,MAKE AND MODEL REDACTED,6,E01003741,0,1
2024501412434,2024,501412434,2,9,0,-1,19,1,7,-1,0,4,0,0,0,0,4,9,-1,9,1,45,7,1998,1,22,MAKE AND MODEL REDACTED,5,E01020183,0,1
2024010524716,2024,010524716,2,3,0,14,14,7,3,0,0,1,0,0,0,0,1,1,6,6,1,38,7,125,1,4,HONDA Z 125,3,E01001351,0,1
2024031534716,2024,031534716,2,3,0,-1,19,5,1,-1,0,0,1,0,0,0,1,1,-1,9,1,61,9,124,1,3,HONDA Z 125,6,E01019315,0,4
2024471465024,2024,471465024,2,3,0,-1,14,3,7,-1,0,0,0,0,0,0,4,1,-1,2,1,61,9,125,1,5,HONDA Z 125,8,E01031726,0,1
2024041452221,2024,041452221,1,3,0,-1,13,1,5,-1,0,6,1,0,0,0,4,1,-1,2,1,34,6,125,1,4,HONDA Z 125,5,E01012719,0,1
2024440453988,2024,440453988,2,3,0,18,19,7,3,0,0,8,0,0,0,0,4,1,6,6,2,59,9,124,1,0,HONDA Z 125,10,E01022869,0,2
2024421444086,2024,421444086,2,3,0,-1,14,3,7,-1,0,1,0,0,0,0,1,1,-1,9,1,39,7,125,1,4,HONDA Z 125,5,E01021550,0,1
2024221426744,2024,221426744,1,3,0,-1,10,1,7,-1,0,8,0,0,0,0,3,1,-1,9,1,61,9,125,1,4,HONDA Z 125,4,E01032409,0,3
2024471441299,2024,471441299,1,3,0,-1,19,5,1,-1,0,0,1,0,0,0,4,1,-1,9,1,17,4,125,1,4,HONDA Z 125,10,E01031644,0,2
2024451497418,2024,451497418,2,3,0,-1,19,7,3,-1,0,0,0,0,0,0,1,1,-1,9,1,32,6,125,1,6,HONDA Z 125,7,E01034294,0,1
2024440405168,2024,440405168,2,4,0,13,13,3,7,0,0,0,0,0,0,0,4,1,6,6,1,34,6,125,1,4,HONDA Z 125,5,E01023262,0,1
2024302400675,2024,302400675,1,5,0,13,13,5,1,0,0,0,0,0,0,0,3,1,6,6,1,62,9,1133,1,4,MAKE AND MODEL REDACTED,8,E01019872,0,1
2024991495655,2024,991495655,2,5,0,-1,5,2,6,-1,0,8,0,0,0,0,1,1,-1,6,1,46,8,1133,1,4,MAKE AND MODEL REDACTED,5,-1,0,1
2024221471458,2024,221471458,1,5,0,-1,13,7,3,-1,0,0,0,0,0,0,4,1,-1,6,1,37,7,1133,1,1,MAKE AND MODEL REDACTED,7,E01032425,0,1
2024351492913,2024,351492913,1,5,0,-1,19,7,3,-1,0,0,1,0,7,7,3,1,-1,6,1,51,8,1133,1,7,MAKE AND MODEL REDACTED,7,E01024232,0,5
202454A369524,2024,54A369524,2,4,0,9,9,5,1,0,0,8,0,0,0,0,4,1,6,6,2,52,8,1133,1,0,MAKE AND MODEL REDACTED,7,E01032078,0,1
2024501464618,2024,501464618,2,5,0,-1,2,2,6,-1,0,6,0,4,0,0,2,1,-1,6,2,52,8,1133,1,1,MAKE AND MODEL REDACTED,7,E01018823,0,4
2024070134625,2024,070134625,1,5,0,18,19,5,1,0,0,1,0,0,0,0,1,1,2,2,1,28,6,1133,1,3,MAKE AND MODEL REDACTED,1,E01012526,0,1
2024430168974,2024,430168974,1,4,0,7,7,7,1,0,0,3,0,0,0,0,1,1,6,6,1,70,10,1133,1,8,MAKE AND MODEL REDACTED,9,E01022782,0,4
2024010498447,2024,010498447,1,9,0,1,1,5,1,7,6,2,0,0,0,0,2,1,6,6,1,43,7,6276,1,-1,MAKE AND MODEL REDACTED,10,E01017701,0,4
2024320725534,2024,320725534,1,5,0,4,4,1,5,0,0,5,2,0,0,0,1,1,-1,-1,1,60,9,738,1,36,MAKE AND MODEL REDACTED,2,E01013908,0,4
2024371462572,2024,371462572,2,5,0,-1,19,2,6,-1,0,1,0,0,0,0,1,1,-1,6,1,67,10,738,1,34,MAKE AND MODEL REDACTED,1,E01030247,0,1
2024501474051,2024,501474051,1,5,0,-1,19,3,7,-1,0,8,1,11,0,0,1,1,-1,9,1,71,10,998,1,41,MAKE AND MODEL REDACTED,3,E01018907,0,2
2024010517958,2024,010517958,1,9,0,18,19,7,3,0,0,1,0,0,0,0,1,1,1,1,2,25,5,1248,1,4,MAKE AND MODEL REDACTED,4,E01001323,0,3
2024440167038,2024,440167038,1,9,0,18,19,2,6,0,0,0,0,0,1,4,1,1,6,6,1,28,6,1582,2,12,MAKE AND MODEL REDACTED,3,W01000730,0,5
2024451508240,2024,451508240,2,9,0,-1,4,7,3,-1,0,1,0,0,0,0,1,1,-1,9,1,61,9,1582,2,12,MAKE AND MODEL REDACTED,4,E01022542,0,4
202460Q010452,2024,60Q010452,2,8,0,4,4,7,3,0,0,0,0,0,0,0,2,1,6,6,2,63,9,1582,2,7,MAKE AND MODEL REDACTED,-1,-1,0,-1
2024231510046,2024,231510046,1,9,0,-1,13,8,4,-1,0,0,0,0,0,0,2,9,-1,6,1,45,7,1396,2,11,MAKE AND MODEL REDACTED,8,E01035034,0,1
2024211525676,2024,211525676,2,9,0,-1,19,5,1,-1,0,1,0,0,0,0,1,1,-1,6,2,-1,-1,2400,1,9,MAKE AND MODEL REDACTED,-1,-1,0,-1
2024440266274,2024,440266274,1,4,0,18,19,7,3,0,0,1,0,0,0,0,1,1,6,6,1,82,11,125,1,5,MAKE AND MODEL REDACTED,2,E01022819,0,1
2024211420345,2024,211420345,1,4,0,-1,19,2,6,-1,0,0,2,4,1,0,1,1,-1,1,1,28,6,450,1,12,MAKE AND MODEL REDACTED,6,E01029539,0,1
2024552400452,2024,552400452,2,3,0,3,3,6,2,0,0,6,0,0,0,0,2,1,6,6,1,23,5,124,1,6,MAKE AND MODEL REDACTED,4,E01034283,0,1
2024371532858,2024,371532858,2,3,0,-1,19,5,1,-1,0,0,5,0,0,0,2,1,-1,1,2,33,6,124,1,4,MAKE AND MODEL REDACTED,4,E01030267,0,2
2024501477957,2024,501477957,1,3,0,-1,13,8,4,-1,0,1,0,0,0,0,4,1,-1,9,1,25,5,124,1,4,MAKE AND MODEL REDACTED,5,E01019065,0,1
2024451525206,2024,451525206,2,3,0,-1,19,3,7,-1,0,8,5,0,0,0,1,1,-1,9,1,20,4,124,1,5,MAKE AND MODEL REDACTED,10,E01030344,0,1
2024010537839,2024,010537839,1,3,0,18,19,2,6,0,0,1,0,0,0,0,4,1,2,2,1,46,8,124,1,6,MAKE AND MODEL REDACTED,7,E01030660,0,3
2024010532089,2024,010532089,1,3,0,18,19,5,1,0,0,8,0,0,0,0,1,1,2,2,1,27,6,124,1,6,MAKE AND MODEL REDACTED,5,E01021819,0,4
2024451479326,2024,451479326,1,21,0,-1,19,3,7,-1,0,0,0,0,0,0,1,1,-1,1,1,36,7,12419,2,7,MAN MODEL MISSING,2,E01014199,0,5
2024501525870,2024,501525870,3,20,0,-1,19,8,4,-1,0,0,0,0,0,0,0,1,-1,1,1,45,7,4580,2,3,MAN MODEL MISSING,4,E01018945,0,2
2024991422397,2024,991422397,1,21,0,-1,7,8,3,-1,0,5,0,0,0,0,1,1,-1,1,1,61,9,12419,2,5,MAN MODEL MISSING,9,-1,0,4
2024501412819,2024,501412819,2,20,5,-1,4,3,7,-1,0,0,0,0,0,0,1,9,-1,1,1,50,8,6871,2,2,MAN MODEL MISSING,4,E01020321,0,4
202417M117624,2024,17M117624,1,11,0,-1,4,5,1,-1,0,0,0,0,0,0,0,1,-1,1,1,-1,-1,6871,2,15,MAN MODEL MISSING,-1,-1,0,-1
2024221430712,2024,221430712,1,21,0,-1,19,2,6,-1,0,8,5,0,1,7,1,9,-1,1,1,30,6,12419,2,3,MAN MODEL MISSING,5,E01009888,0,3
2024221534164,2024,221534164,2,21,0,-1,19,3,7,-1,0,8,0,0,0,0,1,1,-1,1,1,43,7,4600,2,5,MAN MODEL MISSING,8,E01032442,0,4
2024548951424,2024,548951424,1,21,0,18,19,5,1,0,0,1,0,0,0,0,1,1,1,1,1,22,5,10518,2,13,MAN MODEL MISSING,7,E01032098,0,4
2024211523388,2024,211523388,2,21,1,-1,19,8,4,-1,0,0,0,0,0,0,2,1,-1,1,1,48,8,12419,2,7,MAN MODEL MISSING,4,E01015785,0,5
2024052401720,2024,052401720,2,21,1,18,19,7,3,0,0,1,0,0,0,0,2,1,1,1,1,41,7,12419,2,5,MAN MODEL MISSING,10,E01017483,0,5
2024010531506,2024,010531506,1,21,1,7,7,7,2,0,0,1,0,0,0,0,4,1,1,1,1,45,7,12419,2,2,MAN MODEL MISSING,6,E01017827,0,3
2024622400056,2024,622400056,1,21,0,5,5,6,2,0,0,4,0,0,0,0,1,1,1,1,1,36,7,12419,2,3,MAN MODEL MISSING,4,W01000987,0,2
2024401509474,2024,401509474,2,21,0,-1,4,7,3,-1,0,0,0,0,0,0,2,1,-1,1,1,58,9,12419,2,2,MAN MODEL MISSING,1,E01003506,0,4
2024010499597,2024,010499597,2,21,9,99,99,9,9,99,99,9,9,99,9,99,9,9,6,6,3,-1,-1,12419,2,2,MAN MODEL MISSING,-1,-1,0,-1
2024320378862,2024,320378862,1,21,0,-1,-1,2,6,0,0,0,0,0,0,0,1,1,1,1,1,39,7,12419,2,2,MAN MODEL MISSING,6,E01018098,0,4
2024421512315,2024,421512315,3,20,0,-1,19,2,5,-1,0,3,0,0,0,0,1,1,-1,1,1,45,7,12419,2,1,MAN MODEL MISSING,7,E01021343,0,4
2024430540813,2024,430540813,2,21,0,11,11,7,3,0,0,0,0,0,0,0,4,1,6,6,1,-1,-1,12419,2,0,MAN MODEL MISSING,-1,-1,0,-1
2024421495052,2024,421495052,1,21,1,-1,9,7,3,-1,0,3,5,0,1,0,4,1,-1,1,1,45,7,12419,2,2,MAN MODEL MISSING,5,E01003685,0,4
2024361452882,2024,361452882,2,21,0,-1,19,8,4,-1,0,8,0,0,0,0,1,1,-1,1,1,52,8,6871,2,7,MAN MODEL MISSING,8,E01026480,0,4
2024010509784,2024,010509784,1,21,0,18,19,5,1,0,0,2,1,0,0,0,1,1,1,1,1,59,9,6871,2,4,MAN MODEL MISSING,7,E01023935,0,4
2024231469986,2024,231469986,2,21,1,-1,7,5,2,-1,0,0,0,0,0,0,3,1,-1,1,1,58,9,12419,2,0,MAN MODEL MISSING,2,E01006977,0,5
2024061554715,2024,061554715,2,21,1,-1,4,1,5,-1,0,0,0,0,0,0,1,1,-1,1,1,53,8,12419,2,7,MAN MODEL MISSING,4,E01005491,0,4
2024061431154,2024,061431154,3,21,1,-1,19,3,7,-1,0,0,0,0,0,0,1,1,-1,1,1,46,8,12419,2,2,MAN MODEL MISSING,3,E01005710,0,4
2024991490779,2024,991490779,2,21,0,-1,7,5,7,-1,0,8,0,0,0,0,3,1,-1,1,1,58,9,10518,2,7,MAN MODEL MISSING,3,-1,0,1
2024991426100,2024,991426100,1,21,0,-1,19,5,1,-1,0,0,0,5,0,0,1,1,-1,1,1,53,8,6870,2,12,MAN MODEL MISSING,3,-1,0,1
2024471514977,2024,471514977,1,98,0,-1,5,1,5,-1,0,1,0,0,0,0,4,1,-1,1,1,63,9,4600,2,4,MAN MODEL MISSING,4,E01021006,0,3
2024440201386,2024,440201386,2,21,0,11,11,2,6,0,0,0,0,0,0,0,1,1,6,6,3,-1,-1,12419,2,5,MAN MODEL MISSING,-1,-1,0,-1
2024010522426,2024,010522426,1,21,1,17,19,2,6,0,0,8,0,0,0,0,1,1,1,1,1,58,9,6871,2,2,MAN MODEL MISSING,3,E01003137,0,1
2024401516374,2024,401516374,1,21,-1,-1,-1,-1,-1,-1,-1,0,-1,-1,-1,0,-1,9,-1,6,3,-1,-1,12419,2,5,MAN MODEL MISSING,-1,-1,0,-1
2024631496329,2024,631496329,2,21,4,-1,19,1,5,-1,0,0,0,0,0,0,0,1,-1,1,1,33,6,12419,2,0,MAN MODEL MISSING,6,W01001195,0,4
2024430180941,2024,430180941,2,21,1,7,7,4,6,0,0,3,0,0,0,0,4,1,2,2,1,46,8,12419,2,2,MAN MODEL MISSING,8,E01032951,0,3
2024421437814,2024,421437814,2,21,0,-1,19,3,7,-1,0,0,0,0,0,0,1,1,-1,1,1,33,6,6871,2,9,MAN MODEL MISSING,4,E01034369,0,4
2024371466281,2024,371466281,2,21,0,-1,19,5,1,-1,0,1,0,0,0,0,1,1,-1,1,1,60,9,4580,2,5,MAN MODEL MISSING,6,E01026533,0,4
202417M313424,2024,17M313424,2,21,0,-1,11,5,1,-1,0,0,0,0,0,0,0,1,-1,1,1,58,9,12419,2,3,MAN MODEL MISSING,2,E01011954,0,4
2024430473221,2024,430473221,1,21,0,5,5,8,4,0,0,1,0,0,0,0,3,1,6,6,1,69,10,12419,2,0,MAN MODEL MISSING,10,E01032271,0,4
2024302400826,2024,302400826,2,21,0,18,19,3,7,0,0,8,0,0,0,0,1,1,1,1,1,48,8,12419,2,1,MAN MODEL MISSING,3,E01019667,0,3
2024101428567,2024,101428567,1,20,0,-1,19,1,5,-1,0,0,0,11,0,0,3,1,-1,1,1,62,9,4580,2,12,MAN MODEL MISSING,-1,-1,0,-1
2024401480381,2024,401480381,5,21,1,-1,4,8,4,-1,0,0,0,0,0,0,1,1,-1,1,1,57,9,12419,2,0,MAN MODEL MISSING,8,E01019609,0,5
2024302400094,2024,302400094,2,21,1,14,14,6,2,0,0,1,0,0,0,0,1,1,1,1,1,25,5,12419,2,2,MAN MODEL MISSING,8,E01029417,0,3
2024501528548,2024,501528548,1,21,4,-1,19,6,2,-1,0,0,0,0,0,0,3,1,-1,1,1,34,6,12419,2,1,MAN MODEL MISSING,5,E01018903,0,4
2024461444742,2024,461444742,2,21,0,-1,5,3,3,-1,0,4,0,0,0,0,4,1,-1,1,1,51,8,12419,2,5,MAN MODEL MISSING,3,E01003235,0,4
2024501500982,2024,501500982,2,11,0,-1,9,4,1,-1,0,4,0,0,0,0,1,1,-1,1,1,62,9,12816,5,12,MAN MODEL MISSING,2,E01015156,0,1
202417S100424,2024,17S100424,1,11,0,18,19,3,7,0,0,8,0,0,0,0,0,1,1,1,1,55,8,6871,2,15,MAN MODEL MISSING,-1,-1,0,-1
2024401535954,2024,401535954,2,21,5,-1,4,3,7,-1,0,0,1,0,0,0,1,1,-1,6,1,47,8,6871,2,0,MAN MODEL MISSING,2,E01027351,0,4
2024440141631,2024,440141631,2,21,0,18,19,6,2,0,0,1,0,0,0,0,1,1,1,1,1,-1,-1,4580,2,8,MAN MODEL MISSING,-1,-1,0,-1
2024311508690,2024,311508690,2,20,0,-1,19,8,4,-1,0,1,0,0,0,0,1,1,-1,1,1,30,6,4580,2,2,MAN MODEL MISSING,7,E01025956,0,4
2024010538380,2024,010538380,4,21,0,18,19,7,3,0,0,1,0,0,0,0,2,1,1,1,1,43,7,12419,2,8,MAN MODEL MISSING,2,E01000483,0,3
2024201461080,2024,201461080,1,21,1,-1,19,5,1,-1,0,0,0,0,0,0,1,1,-1,1,1,61,9,12419,2,6,MAN MODEL MISSING,5,E01034847,0,5
2024471468514,2024,471468514,2,21,0,-1,4,3,6,-1,0,4,0,0,0,0,1,1,-1,1,1,42,7,12419,2,2,MAN MODEL MISSING,2,E01017253,0,4
2024111449868,2024,111449868,2,20,0,-1,19,7,3,-1,0,1,1,0,0,0,1,1,-1,1,1,29,6,6871,2,0,MAN MODEL MISSING,5,E01034511,0,2
2024552401202,2024,552401202,1,21,1,18,19,7,3,0,0,0,0,0,0,0,1,1,1,1,1,55,8,12419,2,1,MAN MODEL MISSING,7,E01023150,0,5
2024440361914,2024,440361914,1,21,1,18,19,1,5,0,0,0,0,0,0,0,1,1,1,1,1,43,7,12419,2,9,MAN MODEL MISSING,3,E01010491,0,5
2024991531453,2024,991531453,2,21,0,-1,19,6,2,-1,0,0,0,0,0,0,1,1,-1,1,1,60,9,12419,2,1,MAN MODEL MISSING,-1,-1,0,-1
2024010542269,2024,010542269,1,19,0,18,19,5,1,0,0,4,9,0,0,0,1,1,1,1,1,38,7,6871,2,7,MAN MODEL MISSING,4,E01024162,0,3
2024161487720,2024,161487720,2,11,0,-1,19,2,6,-1,2,1,0,0,0,0,1,1,-1,1,1,33,6,6871,2,14,MAN MODEL MISSING,2,E01012884,0,2
2024542867924,2024,542867924,4,98,0,4,4,4,8,0,0,0,0,0,0,0,2,1,6,6,1,-1,-1,4580,2,2,MAN MODEL MISSING,-1,-1,0,-1
2024501428976,2024,501428976,1,11,0,-1,19,1,5,-1,0,8,0,0,0,0,4,1,-1,1,1,59,9,6871,2,15,MAN MODEL MISSING,5,E01019992,0,1
2024501425583,2024,501425583,2,21,1,-1,2,0,0,-1,-1,0,0,0,0,0,2,1,-1,1,1,55,8,12419,2,8,MAN MODEL MISSING,3,E01034259,0,5
2024070082093,2024,070082093,3,21,1,18,19,7,3,0,0,0,0,0,0,0,3,1,1,1,1,63,9,12419,2,4,MAN MODEL MISSING,3,E01014285,0,4
2024311472216,2024,311472216,1,21,1,-1,5,5,1,-1,0,0,0,0,0,0,2,1,-1,1,1,32,6,12419,2,3,MAN MODEL MISSING,-1,-1,0,-1
2024991474517,2024,991474517,1,21,4,-1,19,6,3,-1,0,8,0,0,0,0,1,1,-1,1,1,50,8,12419,2,2,MAN MODEL MISSING,6,-1,0,3
2024052401053,2024,052401053,2,11,0,18,19,2,6,0,0,0,0,0,0,0,1,1,1,1,1,34,6,6871,2,15,MAN MODEL MISSING,6,E01006423,0,2
2024201518352,2024,201518352,1,90,0,-1,1,2,4,-1,0,0,0,0,1,0,2,1,-1,6,-1,-1,-1,6871,2,7,MAN MODEL MISSING,-1,-1,0,-1
2024052402531,2024,052402531,2,21,0,18,19,1,5,0,0,0,0,0,0,0,1,1,1,1,1,51,8,6871,2,8,MAN MODEL MISSING,3,E01006854,0,1
2024311418434,2024,311418434,1,21,0,-1,12,2,3,-1,0,0,0,0,0,0,1,9,-1,1,1,-1,-1,6871,2,14,MAN MODEL MISSING,8,E01029616,0,4
2024411492454,2024,411492454,3,21,0,-1,3,2,6,-1,0,0,0,0,0,0,4,1,-1,1,1,42,7,6870,2,11,MAN MODEL MISSING,7,E01021540,0,4
2024451526149,2024,451526149,2,90,0,-1,11,1,5,-1,0,0,0,0,0,0,1,1,-1,1,1,36,7,-1,-1,-1,MAN MODEL MISSING,7,E01002172,0,3
2024421505222,2024,421505222,2,21,1,-1,19,3,7,-1,0,0,0,0,0,0,2,1,-1,1,1,42,7,12419,2,2,MAN MODEL MISSING,5,E01021393,0,4
2024070794993,2024,070794993,1,21,0,-1,19,4,8,-1,0,1,0,4,0,0,1,1,-1,1,1,-1,-1,12419,2,2,MAN MODEL MISSING,-1,-1,0,-1
2024031434551,2024,031434551,1,21,1,-1,7,7,2,-1,0,0,2,0,0,0,3,1,-1,1,1,35,6,12419,2,7,MAN MODEL MISSING,1,E01008220,0,4
2024311415986,2024,311415986,1,98,0,-1,19,1,1,-1,0,0,0,4,1,3,4,1,-1,1,1,60,9,4580,2,11,MAN MODEL MISSING,-1,-1,0,-1
2024552401104,2024,552401104,2,21,0,18,19,7,3,0,0,0,0,0,0,0,1,1,1,1,1,56,9,6871,2,11,MAN MODEL MISSING,9,E01029207,0,3
2024131514900,2024,131514900,1,21,0,-1,11,1,5,-1,0,0,0,0,0,0,4,1,-1,1,1,66,10,12419,2,1,MAN MODEL MISSING,10,E01018251,0,5
2024411462205,2024,411462205,2,19,5,-1,19,3,7,-1,0,1,1,0,5,0,3,1,-1,1,1,28,6,-1,-1,-1,MAN MODEL MISSING,9,E01023466,0,3
2024371408962,2024,371408962,1,21,1,-1,19,8,4,-1,0,0,1,0,0,0,1,1,-1,1,1,62,9,12419,2,7,MAN MODEL MISSING,6,E01017437,0,4
2024070172516,2024,070172516,3,21,4,4,4,4,8,0,0,0,1,0,0,0,2,1,1,1,1,37,7,12419,2,6,MAN MODEL MISSING,5,E01005305,0,4
2024991509664,2024,991509664,4,90,0,-1,19,1,5,-1,-1,0,0,0,0,0,3,1,-1,1,1,55,8,6871,2,0,MAN MODEL MISSING,4,-1,0,4
2024552400258,2024,552400258,3,21,0,18,19,4,8,0,0,0,0,0,0,0,0,1,1,1,1,62,9,10518,2,10,MAN MODEL MISSING,3,E01020556,0,4
2024131523413,2024,131523413,1,21,0,-1,11,7,3,-1,0,8,0,0,0,0,1,1,-1,1,1,56,9,12419,2,3,MAN MODEL MISSING,5,E01005734,0,4
2024211488261,2024,211488261,2,20,0,-1,12,2,6,-1,0,0,0,0,0,0,2,1,-1,1,1,28,6,4580,2,0,MAN MODEL MISSING,4,E01009229,0,3
2024440057779,2024,440057779,1,21,1,18,19,4,8,0,0,0,0,0,0,0,1,1,1,1,1,40,7,12419,2,4,MAN MODEL MISSING,9,E01017046,0,1
2024131466268,2024,131466268,2,21,0,-1,19,5,1,-1,0,0,0,0,0,0,1,1,-1,1,1,50,8,9037,2,1,MAN MODEL MISSING,1,E01011667,0,1
2024340NN2462,2024,340NN2462,3,21,0,-1,19,3,7,-1,0,0,0,0,0,0,1,1,-1,1,1,31,6,12419,2,5,MAN MODEL MISSING,8,E01021389,0,5
2024440181919,2024,440181919,3,19,0,2,2,0,0,0,0,1,0,0,0,0,2,1,1,1,1,49,8,6871,2,5,MAN MODEL MISSING,-1,-1,0,-1