collision_index,collision_year,collision_ref_no,vehicle_reference,vehicle_type,towing_and_articulation,vehicle_manoeuvre_historic,vehicle_manoeuvre,vehicle_direction_from,vehicle_direction_to,vehicle_location_restricted_lane_historic,vehicle_location_restricted_lane,junction_location,skidding_and_overturning,hit_object_in_carriageway,vehicle_leaving_carriageway,hit_object_off_carriageway,first_point_of_impact,vehicle_left_hand_drive,journey_purpose_of_driver_historic,journey_purpose_of_driver,sex_of_driver,age_of_driver,age_band_of_driver,engine_capacity_cc,propulsion_code,age_of_vehicle,generic_make_model,driver_imd_decile,lsoa_of_driver,escooter_flag,driver_distance_banding
2024010511982,2024,010511982,1,9,0,18,19,3,7,0,0,1,0,0,0,0,4,1,6,6,2,76,11,1796,2,11,MERCEDES B CLASS,7,E01027724,0,5
2024201518419,2024,201518419,1,9,0,-1,19,8,4,-1,0,0,0,0,0,0,2,1,-1,6,2,27,6,1498,1,17,MERCEDES B CLASS,3,E01009553,0,2
2024052402154,2024,052402154,2,9,0,4,4,8,4,0,0,1,0,0,0,0,2,1,6,6,1,35,6,1950,2,5,MERCEDES B CLASS,1,E01006672,0,1
2024041470551,2024,041470551,1,9,0,-1,19,5,1,-1,0,0,0,4,0,0,1,1,-1,6,1,51,8,1498,1,16,MERCEDES B CLASS,1,E01025295,0,1
2024440312005,2024,440312005,2,9,0,18,19,3,5,0,0,0,0,0,0,0,1,1,6,6,2,42,7,1991,2,16,MERCEDES B CLASS,10,E01032857,0,1
2024440309744,2024,440309744,1,9,0,4,4,2,6,0,0,0,0,0,0,0,2,1,6,6,2,33,6,1595,1,12,MERCEDES B CLASS,-1,-1,0,-1
2024451430178,2024,451430178,1,9,0,-1,7,1,5,-1,0,0,0,0,0,0,3,1,-1,9,1,79,11,1699,1,14,MERCEDES B CLASS,7,E01030455,0,1
2024471400332,2024,471400332,1,9,0,-1,14,6,2,-1,0,1,0,0,0,0,1,1,-1,7,2,31,6,1796,2,11,MERCEDES B CLASS,1,E01020994,0,1
202417L211524,2024,17L211524,1,9,0,-1,19,8,4,-1,0,0,0,0,0,0,1,1,-1,9,2,69,10,1796,2,12,MERCEDES B CLASS,1,E01012175,0,1
2024320636641,2024,320636641,2,9,0,4,4,3,7,0,0,1,0,0,0,0,2,1,-1,-1,2,55,8,1991,2,14,MERCEDES B CLASS,10,E01026324,0,1
2024211511192,2024,211511192,1,9,0,-1,19,4,8,-1,0,0,1,10,4,0,3,1,-1,2,2,54,8,1950,2,5,MERCEDES B CLASS,9,E01018386,0,3
2024211493164,2024,211493164,2,9,0,-1,19,5,1,-1,0,1,0,0,0,0,1,1,-1,6,1,77,11,1796,2,11,MERCEDES B CLASS,9,E01029368,0,2
2024540675024,2024,540675024,1,9,0,18,19,6,1,0,0,1,1,0,0,0,3,1,6,6,2,44,7,1498,1,14,MERCEDES B CLASS,10,E01031915,0,1
2024131507479,2024,131507479,1,9,0,-1,5,6,6,-1,0,4,0,0,0,0,2,1,-1,1,2,51,8,1796,2,11,MERCEDES B CLASS,1,E01011789,0,3
2024010502313,2024,010502313,3,9,0,2,2,0,0,0,0,2,0,0,0,0,2,1,6,6,3,-1,-1,1461,2,6,MERCEDES B CLASS,-1,-1,0,-1
2024501471852,2024,501471852,1,9,0,-1,19,2,7,-1,0,1,0,11,1,11,1,1,-1,9,1,76,11,1461,2,9,MERCEDES B CLASS,8,E01015114,0,2
2024131512476,2024,131512476,2,9,0,-1,19,3,7,-1,0,8,0,0,0,0,1,1,-1,9,1,33,6,1992,2,16,MERCEDES B CLASS,5,E01011443,0,3
2024211505209,2024,211505209,3,9,0,-1,19,5,1,-1,0,8,0,0,0,0,3,1,-1,6,1,51,8,1461,2,8,MERCEDES B CLASS,7,E01029574,0,2
2024471482623,2024,471482623,2,9,0,-1,1,5,1,-1,0,0,0,4,0,0,2,1,-1,6,1,81,11,1332,1,4,MERCEDES B CLASS,3,E01031657,0,1
2024052402797,2024,052402797,1,9,0,18,19,8,4,0,0,0,0,4,0,0,4,1,6,6,2,35,6,1461,2,10,MERCEDES B CLASS,1,E01033228,0,1
2024010492872,2024,010492872,1,9,0,3,3,7,3,0,0,6,0,0,0,0,1,1,6,6,3,-1,-1,2143,2,7,MERCEDES B CLASS,-1,-1,0,-1
2024520001415,2024,520001415,1,9,0,18,19,6,2,0,0,2,0,0,0,0,1,1,6,6,2,79,11,1332,1,4,MERCEDES B CLASS,10,E01014411,0,1
2024440174788,2024,440174788,1,9,0,18,19,2,6,0,0,8,0,0,0,0,4,1,6,6,2,56,9,1332,1,5,MERCEDES B CLASS,7,E01017050,0,1
2024522403220,2024,522403220,1,9,0,9,9,7,5,0,0,6,0,0,0,0,1,1,6,6,2,34,6,1498,1,16,MERCEDES B CLASS,7,E01014528,0,1
2024440106638,2024,440106638,2,9,0,4,4,4,8,0,0,0,0,0,0,0,2,1,6,6,2,46,8,1332,1,5,MERCEDES B CLASS,1,E01022967,0,1
2024010539113,2024,010539113,2,9,9,99,99,9,9,99,99,9,9,99,9,99,9,9,6,6,3,-1,-1,1461,2,8,MERCEDES B CLASS,-1,-1,0,-1
2024531423320,2024,531423320,2,9,0,-1,19,7,3,-1,0,0,0,0,0,0,4,1,-1,2,1,33,6,1461,2,10,MERCEDES B CLASS,4,E01022325,0,1
2024411396615,2024,411396615,1,9,-1,-1,-1,-1,-1,-1,-1,0,-1,-1,-1,0,-1,9,-1,6,1,59,9,1461,2,8,MERCEDES B CLASS,5,E01023542,0,1
2024332400194,2024,332400194,1,9,0,-1,19,5,1,-1,0,2,0,0,0,0,4,1,-1,6,2,43,7,1796,2,11,MERCEDES B CLASS,3,E01025705,0,1
2024141397799,2024,141397799,1,9,0,-1,19,1,5,-1,9,1,0,0,7,11,1,1,-1,9,1,17,4,1461,2,7,MERCEDES B CLASS,5,E01007953,0,1
2024520403056,2024,520403056,1,9,0,18,19,5,1,0,0,6,5,0,3,0,3,1,6,6,2,22,5,1991,2,16,MERCEDES B CLASS,5,E01020534,0,4
2024440132825,2024,440132825,1,9,0,18,19,4,8,0,0,1,0,0,0,0,4,1,6,6,2,74,10,1595,1,12,MERCEDES B CLASS,9,E01022773,0,4
2024010505385,2024,010505385,1,9,0,9,9,1,7,0,0,2,0,0,0,0,1,1,6,6,1,79,11,1498,1,15,MERCEDES B CLASS,6,E01000321,0,1
2024440379534,2024,440379534,1,9,0,12,12,6,8,0,0,6,0,0,0,0,3,1,6,6,1,83,11,1699,1,14,MERCEDES B CLASS,9,E01022658,0,1
2024010523755,2024,010523755,1,9,0,99,99,9,9,99,99,9,9,99,9,99,2,9,6,6,2,38,7,1595,1,6,MERCEDES B CLASS,3,E01000032,0,1
2024411487931,2024,411487931,2,9,0,-1,3,7,3,-1,0,2,0,0,0,0,2,1,-1,6,2,44,7,1498,1,14,MERCEDES B CLASS,3,E01023876,0,1
2024010547839,2024,010547839,2,9,0,18,19,7,3,0,0,0,0,0,0,0,1,1,6,6,1,23,5,1992,2,17,MERCEDES B CLASS,-1,-1,0,-1
2024411525987,2024,411525987,1,9,0,-1,19,1,3,-1,0,0,0,0,0,0,1,1,-1,1,2,40,7,1991,2,13,MERCEDES B CLASS,4,E01023906,0,1
2024070471041,2024,070471041,1,9,0,5,5,5,1,0,0,1,0,0,0,0,1,1,6,6,2,45,7,1461,2,10,MERCEDES B CLASS,-1,-1,0,-1
2024501461039,2024,501461039,1,9,0,-1,19,8,5,-1,0,0,0,0,0,0,1,1,-1,6,2,41,7,1796,2,10,MERCEDES B CLASS,8,E01033232,0,1
2024221518740,2024,221518740,2,9,0,-1,19,4,8,-1,0,0,5,0,1,7,1,9,-1,6,1,69,10,1595,1,6,MERCEDES B CLASS,7,E01014006,0,4
2024161417786,2024,161417786,1,9,0,-1,19,8,4,-1,0,0,0,0,0,0,3,1,-1,2,2,52,8,1461,2,6,MERCEDES B CLASS,8,E01013186,0,1
2024522401716,2024,522401716,1,9,0,3,3,1,5,0,0,1,0,0,0,0,2,1,6,6,2,78,11,2143,2,9,MERCEDES B CLASS,7,E01014805,0,1
2024010498990,2024,010498990,5,9,0,18,19,5,1,0,0,0,0,0,0,0,2,1,6,6,1,67,10,1332,1,4,MERCEDES B CLASS,4,E01033320,0,2
2024231516217,2024,231516217,1,9,0,-1,19,3,7,-1,0,0,0,0,7,9,1,1,-1,9,1,87,11,2143,2,10,MERCEDES B CLASS,8,E01031195,0,1
2024371453872,2024,371453872,1,9,0,-1,19,1,5,-1,0,0,0,0,1,0,1,1,-1,9,2,60,9,1595,1,7,MERCEDES B CLASS,9,E01003660,0,4
2024548726524,2024,548726524,1,9,0,18,19,8,4,0,0,1,0,0,1,1,1,1,6,6,2,79,11,1595,1,6,MERCEDES B CLASS,10,E01022196,0,3
2024010547275,2024,010547275,1,9,0,1,1,1,5,0,0,0,0,0,0,0,2,1,6,6,1,19,4,1498,1,13,MERCEDES B CLASS,3,E01001489,0,1
2024471496889,2024,471496889,2,9,0,-1,19,3,7,-1,0,8,0,0,0,0,1,1,-1,1,2,33,6,1950,2,4,MERCEDES B CLASS,9,E01035352,0,2
2024061486644,2024,061486644,1,9,0,-1,19,6,2,-1,0,1,0,0,0,0,1,1,-1,6,3,-1,-1,1699,1,16,MERCEDES B CLASS,-1,-1,0,-1
2024461473458,2024,461473458,2,9,0,-1,19,3,7,-1,0,1,0,0,0,0,1,1,-1,9,1,76,11,1332,1,4,MERCEDES B CLASS,9,E01006974,0,5
2024340NN0592,2024,340NN0592,1,9,0,-1,9,6,2,-1,0,6,0,0,0,0,1,1,-1,9,2,47,8,2143,2,9,MERCEDES B CLASS,6,E01027062,0,1
2024430374195,2024,430374195,2,9,0,18,19,2,6,0,0,1,0,0,0,0,3,1,2,2,1,23,5,1796,2,12,MERCEDES B CLASS,5,E01016500,0,1
2024401531276,2024,401531276,1,9,0,-1,13,4,8,-1,0,0,5,0,7,0,1,1,-1,6,1,40,7,1992,2,17,MERCEDES B CLASS,2,E01016806,0,3
2024010500357,2024,010500357,2,9,0,99,99,9,9,99,99,5,9,99,9,99,9,9,6,6,3,-1,-1,1595,1,8,MERCEDES B CLASS,-1,-1,0,-1
2024501478300,2024,501478300,2,9,0,-1,2,0,0,-1,0,0,0,0,0,0,1,1,-1,6,-1,-1,-1,1992,2,19,MERCEDES B CLASS,-1,-1,0,-1
2024131499866,2024,131499866,1,9,0,-1,9,5,7,-1,0,2,0,0,0,0,1,1,-1,6,3,-1,-1,1498,1,13,MERCEDES B CLASS,-1,-1,0,-1
2024302500063,2024,302500063,1,9,0,-1,10,4,1,-1,0,8,0,0,0,0,1,1,-1,6,2,38,7,1461,2,11,MERCEDES B CLASS,3,E01013531,0,1
2024061491381,2024,061491381,2,9,0,-1,19,2,7,-1,0,1,0,0,0,0,1,1,-1,2,2,43,7,-1,3,8,MERCEDES B CLASS,1,E01034120,0,1
2024332400281,2024,332400281,1,9,0,-1,19,5,1,-1,0,0,0,0,0,0,1,1,-1,2,1,64,9,1992,2,17,MERCEDES B CLASS,10,E01034004,0,1
2024052400251,2024,052400251,1,9,0,9,9,3,1,0,0,1,0,0,0,0,1,1,6,6,1,43,7,1796,2,11,MERCEDES B CLASS,1,E01034401,0,1
202454E288024,2024,54E288024,2,9,0,4,4,3,7,0,0,0,0,0,0,0,2,1,6,6,2,47,8,1332,1,4,MERCEDES B CLASS,4,E01023260,0,4
2024211471909,2024,211471909,2,9,0,-1,19,1,5,-1,0,1,0,0,0,0,1,1,-1,6,1,-1,-1,1595,1,8,MERCEDES B CLASS,-1,-1,0,-1
2024421526278,2024,421526278,1,9,0,-1,19,7,3,-1,0,1,0,0,0,0,1,1,-1,9,2,38,7,1796,2,11,MERCEDES B CLASS,9,E01021280,0,1
2024552400648,2024,552400648,1,9,0,18,19,6,2,0,0,0,0,0,0,0,4,1,6,6,2,36,7,1461,2,10,MERCEDES B CLASS,5,E01015296,0,1
2024010530140,2024,010530140,2,9,0,99,99,9,9,99,99,9,9,99,9,99,0,9,6,6,3,-1,-1,1992,2,17,MERCEDES B CLASS,-1,-1,0,-1
2024010512817,2024,010512817,1,9,0,99,99,9,9,99,99,9,9,99,9,99,9,9,2,2,2,59,9,1461,2,7,MERCEDES B CLASS,3,E01003479,0,3
2024451447281,2024,451447281,2,9,0,-1,2,3,1,-1,0,0,0,0,0,0,3,1,-1,6,1,55,8,1699,1,18,MERCEDES B CLASS,9,E01030731,0,1
2024010519848,2024,010519848,1,9,0,9,9,5,3,0,0,5,0,0,0,0,1,1,1,1,1,50,8,1461,2,8,MERCEDES B CLASS,3,E01000059,0,2
2024010497247,2024,010497247,1,9,0,9,9,3,1,0,0,6,0,0,0,0,1,1,6,6,1,52,8,2143,2,9,MERCEDES B CLASS,8,E01000241,0,3
2024010521298,2024,010521298,1,9,0,18,19,7,3,0,0,8,0,0,0,0,1,1,6,6,2,52,8,1332,1,5,MERCEDES B CLASS,4,E01004453,0,1
2024361550869,2024,361550869,1,9,0,-1,9,3,1,-1,0,2,1,0,0,0,0,1,-1,6,1,36,7,1991,2,15,MERCEDES B CLASS,1,E01026824,0,1
2024440212560,2024,440212560,2,9,0,18,19,8,4,0,0,1,0,0,0,0,1,1,6,6,1,75,10,2664,2,26,MAKE AND MODEL REDACTED,5,E01031611,0,4
2024471478970,2024,471478970,1,9,0,-1,5,1,3,-1,0,8,0,0,0,0,1,1,-1,2,1,43,7,989,1,15,MAKE AND MODEL REDACTED,2,E01017011,0,2
2024332400546,2024,332400546,1,9,0,-1,19,6,2,-1,0,0,0,0,0,0,3,1,-1,2,1,61,9,1796,1,27,MAKE AND MODEL REDACTED,2,E01013933,0,4
2024440441528,2024,440441528,2,2,0,18,19,7,2,0,0,8,0,0,0,0,1,1,6,6,1,16,4,49,1,0,MAKE AND MODEL REDACTED,8,E01032605,0,3
2024552400341,2024,552400341,1,2,0,18,19,4,8,0,0,0,1,0,0,0,0,1,6,6,1,16,4,49,1,14,MAKE AND MODEL REDACTED,5,E01015456,0,1
2024010536498,2024,010536498,1,11,0,18,19,7,3,0,0,6,0,0,0,0,4,1,1,1,1,63,9,5132,2,6,VOLVO MODEL MISSING,5,E01002660,0,1
2024010514549,2024,010514549,1,11,0,9,9,2,8,0,0,1,0,0,0,0,0,1,1,1,1,26,6,5132,2,8,VOLVO MODEL MISSING,3,E01003983,0,2
2024010518201,2024,010518201,2,20,0,18,19,3,7,0,0,0,0,0,0,0,0,1,1,1,1,38,7,12777,2,2,VOLVO MODEL MISSING,2,E01003500,0,2
2024070995842,2024,070995842,1,21,4,-1,13,1,5,-1,0,0,0,0,0,0,3,1,-1,1,3,50,8,12777,2,2,VOLVO MODEL MISSING,7,-1,0,4
2024991535709,2024,991535709,2,11,0,-1,19,1,5,-1,0,1,0,0,0,0,1,1,-1,1,2,37,7,5132,2,3,VOLVO MODEL MISSING,5,-1,0,4
2024071027892,2024,071027892,4,21,0,-1,4,7,3,-1,0,0,0,0,0,0,1,1,-1,1,1,61,9,10837,2,5,VOLVO MODEL MISSING,9,W01000294,0,3
2024010545219,2024,010545219,1,11,0,9,9,7,5,0,0,8,0,0,0,0,1,1,1,1,1,58,9,10837,2,2,VOLVO MODEL MISSING,2,-1,0,5
2024010520907,2024,010520907,1,11,0,5,5,0,1,2,2,0,0,0,0,0,0,1,1,1,1,34,6,5132,2,8,VOLVO MODEL MISSING,4,E01002397,0,1
2024522403138,2024,522403138,2,21,1,18,19,6,2,0,0,0,0,0,0,0,1,1,1,1,1,29,6,7698,2,7,VOLVO MODEL MISSING,1,E01014801,0,4
2024501528819,2024,501528819,1,10,0,-1,2,0,0,-1,0,1,0,0,0,0,0,1,-1,1,1,67,10,-1,-1,-1,VOLVO MODEL MISSING,4,E01015221,0,1
2024141516119,2024,141516119,5,21,0,-1,19,1,5,-1,0,0,0,0,0,0,1,1,-1,1,1,68,10,10837,2,1,VOLVO MODEL MISSING,1,E01011917,0,4
2024101460043,2024,101460043,1,11,0,-1,19,7,3,-1,0,0,0,0,0,0,1,9,-1,1,1,58,9,9360,2,10,VOLVO MODEL MISSING,1,E01008743,0,3
2024421517772,2024,421517772,3,21,0,-1,19,3,7,-1,0,0,0,0,0,0,1,1,-1,1,2,37,7,7698,2,6,VOLVO MODEL MISSING,8,E01000655,0,4
2024361495259,2024,361495259,2,21,1,-1,19,2,6,-1,0,0,0,0,0,0,2,1,-1,1,1,32,6,12777,2,7,VOLVO MODEL MISSING,1,E01033436,0,4
2024221435950,2024,221435950,1,11,0,-1,9,7,4,-1,0,5,0,0,0,0,3,9,-1,1,1,69,10,7300,2,21,VOLVO MODEL MISSING,1,E01009074,0,2
2024010551474,2024,010551474,2,11,0,5,5,3,7,3,2,1,0,0,0,0,1,1,1,1,1,46,8,4760,2,13,VOLVO MODEL MISSING,-1,-1,0,-1
2024101518243,2024,101518243,1,21,0,-1,19,5,1,-1,0,0,0,0,0,0,1,1,-1,1,1,58,9,12777,2,5,VOLVO MODEL MISSING,9,E01008620,0,2
2024010531613,2024,010531613,1,11,0,5,5,0,1,2,2,0,0,0,0,0,0,1,1,1,1,51,8,5132,2,5,VOLVO MODEL MISSING,6,E01000892,0,1
2024430330721,2024,430330721,2,21,1,3,3,8,4,0,0,1,0,0,0,0,2,1,1,1,1,31,6,12777,2,2,VOLVO MODEL MISSING,2,E01007656,0,5
2024991426206,2024,991426206,1,11,0,-1,19,3,7,-1,0,1,0,0,0,0,1,1,-1,1,1,59,9,5132,2,7,VOLVO MODEL MISSING,4,-1,0,3
2024361438396,2024,361438396,1,20,1,-1,7,3,7,-1,0,0,0,0,0,0,1,1,-1,1,1,52,8,-1,-1,-1,VOLVO MODEL MISSING,5,E01026739,0,4
2024332401254,2024,332401254,2,11,0,-1,3,8,4,-1,0,0,0,0,0,0,2,1,-1,1,1,58,9,9360,2,16,VOLVO MODEL MISSING,10,E01028389,0,2
2024052402380,2024,052402380,1,21,1,16,19,1,3,0,0,7,0,0,0,0,1,1,1,1,1,36,7,12777,2,1,VOLVO MODEL MISSING,3,-1,0,4
2024311425536,2024,311425536,1,11,0,-1,4,3,7,-1,0,0,0,0,0,0,0,1,-1,1,1,33,6,7300,2,16,VOLVO MODEL MISSING,-1,-1,0,-1
2024522401105,2024,522401105,1,11,0,18,19,7,3,0,0,8,0,0,0,0,4,1,6,6,1,54,8,9360,2,15,VOLVO MODEL MISSING,3,E01014646,0,1
2024010534043,2024,010534043,1,11,0,18,19,7,3,0,0,1,0,0,0,0,1,1,1,1,1,59,9,5132,2,7,VOLVO MODEL MISSING,4,E01002620,0,1
2024991478873,2024,991478873,1,11,0,-1,19,2,6,-1,0,0,0,0,0,0,1,1,-1,1,2,57,9,7698,2,5,VOLVO MODEL MISSING,1,-1,0,4
2024451455651,2024,451455651,2,21,0,-1,19,5,1,-1,0,0,0,0,0,0,1,1,-1,1,1,42,7,10837,2,4,VOLVO MODEL MISSING,8,E01028630,0,4
2024010543174,2024,010543174,1,11,0,18,19,1,5,2,2,1,0,0,0,0,0,1,6,6,2,23,5,5132,2,8,VOLVO MODEL MISSING,2,E01002054,0,1
2024631408253,2024,631408253,3,21,0,-1,4,7,4,-1,0,0,0,0,0,0,3,1,-1,2,1,51,8,12777,2,1,VOLVO MODEL MISSING,2,E01005343,0,5
2024010515691,2024,010515691,2,11,0,4,4,5,1,0,0,1,0,0,0,0,3,1,6,6,3,44,7,5132,2,8,VOLVO MODEL MISSING,2,E01000917,0,2
2024131470105,2024,131470105,1,21,0,-1,19,7,3,-1,0,0,0,0,0,0,4,1,-1,1,2,57,9,12777,2,2,VOLVO MODEL MISSING,6,W01000398,0,5
2024522401240,2024,522401240,2,20,0,18,19,6,2,0,0,0,0,0,0,0,1,1,6,6,1,55,8,-1,-1,-1,VOLVO MODEL MISSING,1,W01000091,0,5
2024461428383,2024,461428383,1,21,4,-1,5,5,4,-1,0,0,0,0,0,0,0,1,-1,1,1,59,9,12777,2,5,VOLVO MODEL MISSING,2,E01035431,0,5
2024101507655,2024,101507655,1,21,1,-1,19,2,6,-1,0,0,0,0,0,0,1,1,-1,1,1,62,9,12777,2,3,VOLVO MODEL MISSING,5,-1,0,5
2024010511906,2024,010511906,1,11,0,5,5,3,7,0,0,2,0,0,0,0,0,1,1,1,1,21,5,5132,2,9,VOLVO MODEL MISSING,2,E01003324,0,2
2024161450228,2024,161450228,1,11,0,-1,19,7,3,-1,0,0,0,0,0,0,0,1,-1,1,1,29,6,9360,2,15,VOLVO MODEL MISSING,9,E01012770,0,1
2024010497432,2024,010497432,1,11,0,18,19,7,3,0,0,2,0,0,0,0,0,1,1,1,1,57,9,5132,2,7,VOLVO MODEL MISSING,2,E01000013,0,3
2024010514508,2024,010514508,1,11,0,5,5,7,3,0,0,1,0,0,0,0,0,1,1,1,2,56,9,4760,2,11,VOLVO MODEL MISSING,2,E01000527,0,1
2024411538148,2024,411538148,1,11,0,-1,9,3,1,-1,0,2,0,0,0,0,1,1,-1,1,2,44,7,7300,2,13,VOLVO MODEL MISSING,4,E01021850,0,3
2024101511288,2024,101511288,2,11,0,-1,19,8,4,-1,0,1,0,0,0,0,0,1,-1,1,1,40,7,9360,2,10,VOLVO MODEL MISSING,-1,-1,0,-1
2024332401162,2024,332401162,3,21,0,-1,12,3,1,-1,0,8,0,0,0,0,1,1,-1,1,1,65,9,12777,2,2,VOLVO MODEL MISSING,5,E01022640,0,5
2024010504175,2024,010504175,1,11,0,11,11,3,7,0,0,0,0,0,0,0,0,1,1,1,1,54,8,5132,2,7,VOLVO MODEL MISSING,4,E01000488,0,2
2024141432348,2024,141432348,1,11,0,-1,19,7,3,-1,0,0,0,0,0,0,1,1,-1,1,1,54,8,9360,2,17,VOLVO MODEL MISSING,1,E01008018,0,1
2024010517740,2024,010517740,1,11,0,5,5,5,1,2,2,1,0,0,0,0,0,1,1,1,1,54,8,5132,2,7,VOLVO MODEL MISSING,3,E01001983,0,1
2024010535913,2024,010535913,2,21,0,15,15,1,5,0,0,8,0,0,0,0,3,1,6,6,1,34,6,7698,2,8,VOLVO MODEL MISSING,-1,-1,0,-1
2024031438832,2024,031438832,1,11,0,-1,5,4,2,-1,2,6,0,0,0,0,1,1,-1,7,1,73,10,9600,2,24,VOLVO MODEL MISSING,6,E01019235,0,1
2024522403366,2024,522403366,1,11,0,5,5,2,6,0,0,0,0,0,0,0,4,1,1,1,1,33,6,9360,2,15,VOLVO MODEL MISSING,5,E01014500,0,1
2024991492476,2024,991492476,3,21,4,-1,19,2,6,-1,0,0,0,0,0,0,3,1,-1,1,1,36,7,12777,2,4,VOLVO MODEL MISSING,3,-1,0,4
2024010548525,2024,010548525,3,11,0,99,99,9,9,99,99,9,9,99,9,99,9,9,6,6,3,54,8,5132,2,8,VOLVO MODEL MISSING,10,E01000833,0,3
2024010531243,2024,010531243,1,11,0,4,4,7,3,0,0,1,0,11,0,0,4,1,1,1,1,21,5,5132,2,9,VOLVO MODEL MISSING,3,E01004435,0,2
2024010538956,2024,010538956,2,11,0,99,99,9,9,99,99,0,9,99,9,99,9,9,6,6,3,56,9,9360,2,11,VOLVO MODEL MISSING,5,E01000619,0,2
2024991516319,2024,991516319,1,11,0,-1,9,7,4,-1,0,8,0,0,0,0,0,1,-1,1,1,65,9,9360,2,13,VOLVO MODEL MISSING,7,-1,0,2
2024010498752,2024,010498752,2,11,0,4,4,3,7,0,0,0,0,0,0,0,1,1,6,6,1,42,7,5132,2,9,VOLVO MODEL MISSING,2,E01004335,0,3
2024010527345,2024,010527345,1,19,5,4,4,1,5,9,9,1,0,0,0,0,1,1,6,6,1,40,7,-1,-1,-1,VOLVO MODEL MISSING,3,E01001267,0,3
2024201455270,2024,201455270,2,11,0,-1,19,6,8,-1,0,2,0,0,0,0,4,1,-1,1,1,37,7,4760,2,13,VOLVO MODEL MISSING,1,E01009366,0,1
2024201440997,2024,201440997,1,11,0,-1,19,8,4,-1,0,8,1,0,0,0,1,1,-1,1,1,59,9,7300,2,11,VOLVO MODEL MISSING,7,E01010138,0,2
2024991463605,2024,991463605,1,11,0,-1,4,7,3,-1,0,1,0,0,0,0,0,1,-1,1,1,65,9,9360,2,14,VOLVO MODEL MISSING,8,-1,0,2
2024231431441,2024,231431441,2,21,1,-1,19,1,5,-1,0,0,0,0,0,0,2,1,-1,1,1,26,6,12777,5,2,VOLVO MODEL MISSING,2,E01009315,0,4
2024010505214,2024,010505214,1,11,0,4,4,1,5,0,0,1,0,0,0,0,0,1,1,1,1,46,8,5132,2,8,VOLVO MODEL MISSING,3,E01033944,0,1
2024501400411,2024,501400411,2,21,1,-1,5,5,1,-1,0,4,0,0,0,0,1,1,-1,1,1,53,8,12777,2,1,VOLVO MODEL MISSING,8,E01015114,0,4
2024010524105,2024,010524105,1,11,0,18,19,3,7,0,0,2,0,0,0,0,0,1,1,1,1,57,9,9360,2,13,VOLVO MODEL MISSING,9,E01000410,0,1
2024010533730,2024,010533730,1,11,0,7,7,7,2,0,0,2,0,0,0,0,0,1,1,1,1,69,10,5132,2,5,VOLVO MODEL MISSING,6,E01000937,0,1
2024010532497,2024,010532497,1,11,1,13,13,3,7,0,0,0,0,0,0,0,3,1,1,1,1,59,9,5132,2,6,VOLVO MODEL MISSING,2,E01002588,0,1
2024052401775,2024,052401775,1,21,1,18,19,3,7,0,0,0,1,0,4,4,1,1,1,1,1,61,9,12777,2,3,VOLVO MODEL MISSING,5,E01006929,0,4
2024010551364,2024,010551364,1,11,0,5,5,5,1,2,2,6,0,0,0,0,0,1,1,1,1,65,9,5132,2,9,VOLVO MODEL MISSING,2,E01004185,0,1
2024061518871,2024,061518871,1,21,1,-1,19,2,6,-1,0,0,0,0,0,0,1,1,-1,1,1,38,7,12777,2,3,VOLVO MODEL MISSING,-1,-1,0,-1
2024010512301,2024,010512301,2,21,1,18,19,3,7,0,0,1,0,0,0,0,2,1,1,1,1,61,9,7698,2,8,VOLVO MODEL MISSING,4,E01015996,0,4
2024421421098,2024,421421098,3,11,0,-1,9,7,5,-1,0,1,0,0,0,0,1,1,-1,1,1,53,8,7300,2,19,VOLVO MODEL MISSING,2,E01022006,0,4
2024320297483,2024,320297483,1,21,0,9,9,6,5,0,0,5,0,0,0,0,1,1,1,1,1,36,7,12777,2,0,VOLVO MODEL MISSING,6,E01016478,0,5
2024010547684,2024,010547684,1,21,0,18,19,3,7,0,0,2,0,0,0,0,1,1,1,1,1,28,6,7698,2,10,VOLVO MODEL MISSING,7,E01002203,0,3
2024201516236,2024,201516236,1,21,1,-1,11,4,8,-1,0,0,1,0,0,0,1,1,-1,1,1,49,8,12777,2,2,VOLVO MODEL MISSING,2,E01009630,0,4
202454B125124,2024,54B125124,3,21,0,4,4,3,7,0,0,0,0,0,0,0,1,1,1,1,1,30,6,10837,2,7,VOLVO MODEL MISSING,-1,-1,0,-1
2024010518436,2024,010518436,1,21,0,18,19,5,1,0,0,0,0,0,0,0,0,1,6,6,1,45,7,12777,2,2,VOLVO MODEL MISSING,3,E01028025,0,5