collision_index,collision_year,collision_ref_no,vehicle_reference,vehicle_type,towing_and_articulation,vehicle_manoeuvre_historic,vehicle_manoeuvre,vehicle_direction_from,vehicle_direction_to,vehicle_location_restricted_lane_historic,vehicle_location_restricted_lane,junction_location,skidding_and_overturning,hit_object_in_carriageway,vehicle_leaving_carriageway,hit_object_off_carriageway,first_point_of_impact,vehicle_left_hand_drive,journey_purpose_of_driver_historic,journey_purpose_of_driver,sex_of_driver,age_of_driver,age_band_of_driver,engine_capacity_cc,propulsion_code,age_of_vehicle,generic_make_model,driver_imd_decile,lsoa_of_driver,escooter_flag,driver_distance_banding
2024010505630,2024,010505630,2,11,0,18,19,7,3,1,1,0,0,0,0,0,3,1,1,1,1,61,9,5132,2,10,VOLVO MODEL MISSING,3,E01002131,0,3
2024991496855,2024,991496855,1,11,0,-1,4,3,7,-1,0,0,0,0,0,0,0,1,-1,1,1,33,6,5132,2,10,VOLVO MODEL MISSING,4,-1,0,3
2024070172516,2024,070172516,1,21,0,18,19,4,8,0,0,0,1,0,0,0,1,1,1,1,1,52,8,10837,2,7,VOLVO MODEL MISSING,1,E01005198,0,4
2024401419682,2024,401419682,4,21,1,-1,19,5,1,-1,0,0,0,0,0,0,1,1,-1,6,2,31,6,10837,2,0,VOLVO MODEL MISSING,2,E01009630,0,4
2024161421094,2024,161421094,1,11,0,-1,19,3,7,-1,0,2,0,0,0,0,1,9,-1,1,1,28,6,9360,2,17,VOLVO MODEL MISSING,8,E01012909,0,1
2024122400775,2024,122400775,2,21,0,18,19,5,1,0,0,0,0,0,0,0,2,1,1,1,1,51,8,7698,2,1,VOLVO MODEL MISSING,2,E01008477,0,5
2024371559382,2024,371559382,2,21,1,-1,4,7,3,-1,0,0,0,0,0,0,0,1,-1,1,2,28,6,12777,2,1,VOLVO MODEL MISSING,2,E01035161,0,4
2024361461181,2024,361461181,2,21,0,-1,19,2,6,-1,0,0,0,0,7,10,1,1,-1,2,1,52,8,7146,2,17,VOLVO MODEL MISSING,5,E01033042,0,3
2024010522522,2024,010522522,1,11,0,18,19,5,1,0,0,0,0,0,0,0,1,1,1,1,1,23,5,9360,2,13,VOLVO MODEL MISSING,-1,-1,0,-1
2024010489943,2024,010489943,2,11,0,18,19,1,5,0,0,1,0,0,0,0,1,1,6,6,1,34,6,9360,2,9,VOLVO MODEL MISSING,6,E01003314,0,2
2024010546064,2024,010546064,1,11,0,9,9,7,4,0,0,8,0,0,0,0,0,1,6,6,1,22,5,5132,2,9,VOLVO MODEL MISSING,8,E01001123,0,2
2024010521010,2024,010521010,2,19,0,3,3,1,5,0,0,1,0,0,0,0,2,1,1,1,1,66,10,7698,2,2,VOLVO MODEL MISSING,7,E01017427,0,4
2024520402081,2024,520402081,1,9,0,4,4,1,5,0,0,1,0,0,0,0,1,1,6,6,2,46,8,2400,2,16,VOLVO MODEL MISSING,4,E01029230,0,1
2024010550885,2024,010550885,1,11,0,4,4,6,2,2,2,1,0,0,0,0,4,1,1,1,1,48,8,5132,2,7,VOLVO MODEL MISSING,5,E01002183,0,2
2024161502444,2024,161502444,1,11,0,-1,19,2,6,-1,0,0,0,0,0,0,0,9,-1,1,1,36,7,9360,2,15,VOLVO MODEL MISSING,1,E01012834,0,1
2024010533851,2024,010533851,1,21,1,5,5,5,1,0,0,4,0,0,0,0,1,1,1,1,1,67,10,12777,2,8,VOLVO MODEL MISSING,-1,-1,0,-1
2024070032984,2024,070032984,2,21,1,4,4,8,4,0,0,1,0,0,0,0,2,1,1,1,1,37,7,12777,2,2,VOLVO MODEL MISSING,-1,-1,0,-1
202417S208124,2024,17S208124,1,21,1,-1,19,8,4,-1,0,0,0,0,0,0,1,1,-1,1,1,37,7,7698,2,1,VOLVO MODEL MISSING,-1,-1,0,-1
2024451422858,2024,451422858,1,21,0,-1,19,7,3,-1,0,0,0,0,0,0,1,1,-1,1,1,33,6,7698,2,1,VOLVO MODEL MISSING,2,E01024398,0,4
2024061414142,2024,061414142,1,21,-1,-1,-1,-1,-1,-1,-1,0,-1,-1,-1,0,-1,9,-1,6,3,-1,-1,10837,2,5,VOLVO MODEL MISSING,-1,-1,0,-1
2024320497536,2024,320497536,2,21,1,-1,-1,8,4,0,0,0,0,0,0,0,1,1,1,1,1,60,9,12777,2,0,VOLVO MODEL MISSING,7,E01020796,0,5
2024211490545,2024,211490545,1,21,1,-1,4,1,5,-1,0,0,0,0,0,0,1,1,-1,1,1,40,7,12777,2,9,VOLVO MODEL MISSING,-1,-1,0,-1
2024302400270,2024,302400270,3,11,0,18,19,3,7,0,0,0,0,0,0,0,3,1,1,1,3,-1,-1,7300,2,16,VOLVO MODEL MISSING,5,E01019456,0,3
2024311458722,2024,311458722,1,11,0,-1,19,2,6,-1,0,1,0,0,0,0,0,9,-1,1,3,-1,-1,7300,2,16,VOLVO MODEL MISSING,-1,-1,0,-1
2024221419258,2024,221419258,1,21,0,-1,19,6,4,-1,0,0,5,0,7,4,1,9,-1,1,1,26,6,10837,2,8,VOLVO MODEL MISSING,1,E01009993,0,4
2024010511280,2024,010511280,1,11,0,3,3,3,7,0,0,1,0,0,0,0,0,1,1,1,1,55,8,5132,2,8,VOLVO MODEL MISSING,4,E01002643,0,2
2024010551182,2024,010551182,2,11,0,99,99,9,9,99,99,9,9,99,9,99,9,9,6,6,3,-1,-1,5132,2,7,VOLVO MODEL MISSING,-1,-1,0,-1
2024351402480,2024,351402480,1,11,0,-1,19,3,1,-1,0,0,0,0,0,0,1,9,-1,1,1,65,9,7698,2,9,VOLVO MODEL MISSING,7,E01018223,0,2
2024122400549,2024,122400549,1,21,1,18,19,1,5,0,0,0,0,6,4,6,1,1,1,1,1,31,6,12777,2,4,VOLVO MODEL MISSING,7,E01013074,0,4
2024010513897,2024,010513897,1,11,0,3,3,1,5,0,0,1,0,0,1,0,0,1,1,1,1,36,7,5132,2,9,VOLVO MODEL MISSING,7,E01002538,0,3
2024471467188,2024,471467188,2,11,0,-1,4,7,3,-1,0,0,0,0,0,0,1,1,-1,1,1,47,8,9360,2,13,VOLVO MODEL MISSING,5,E01016855,0,1
2024361473797,2024,361473797,1,21,1,-1,19,1,5,-1,0,0,0,0,0,0,4,1,-1,1,1,55,8,12777,2,5,VOLVO MODEL MISSING,-1,-1,0,-1
2024010528209,2024,010528209,1,11,0,18,19,3,7,2,2,2,0,0,0,0,4,1,1,1,1,60,9,5132,2,7,VOLVO MODEL MISSING,6,E01023858,0,3
2024061513536,2024,061513536,1,21,1,-1,11,7,3,-1,0,0,0,0,0,0,4,1,-1,1,1,62,9,12777,2,3,VOLVO MODEL MISSING,6,E01006245,0,2
2024010537047,2024,010537047,1,11,0,4,4,4,8,0,0,2,0,0,0,0,1,1,1,1,2,60,9,5132,2,8,VOLVO MODEL MISSING,9,E01003467,0,2
2024010498823,2024,010498823,1,11,0,9,9,5,3,0,0,1,0,0,7,0,1,1,1,1,1,49,8,5132,2,8,VOLVO MODEL MISSING,2,E01003558,0,2
2024131576084,2024,131576084,1,11,0,-1,4,7,3,-1,0,1,1,11,1,2,3,1,-1,1,1,34,6,7300,2,12,VOLVO MODEL MISSING,1,E01010967,0,1
2024311453855,2024,311453855,1,11,0,-1,19,1,2,-1,2,0,0,0,0,0,0,1,-1,1,2,40,7,-1,2,16,VOLVO MODEL MISSING,1,E01013820,0,2
2024141480560,2024,141480560,2,21,1,-1,19,7,3,-1,0,0,0,0,0,0,1,1,-1,1,1,56,9,12777,2,2,VOLVO MODEL MISSING,3,E01020799,0,5
2024450190878,2024,450190878,1,21,1,18,19,1,5,0,0,1,0,0,2,7,4,1,1,1,1,30,6,12777,2,4,VOLVO MODEL MISSING,5,E01020137,0,5
2024041439013,2024,041439013,1,11,0,-1,19,1,5,-1,0,8,0,0,0,0,1,1,-1,9,1,60,9,7300,2,21,VOLVO MODEL MISSING,6,E01034351,0,3
2024131478758,2024,131478758,2,21,0,-1,5,1,5,-1,0,4,0,0,0,0,2,1,-1,1,1,34,6,12777,2,10,VOLVO MODEL MISSING,4,E01011808,0,3
2024501408302,2024,501408302,2,21,0,-1,19,2,6,-1,0,0,0,0,0,0,2,1,-1,1,1,57,9,12777,2,5,VOLVO MODEL MISSING,4,E01020307,0,4
2024411465166,2024,411465166,1,21,1,-1,19,1,5,-1,0,0,0,0,0,0,-1,9,-1,9,1,44,7,12777,2,3,VOLVO MODEL MISSING,7,E01035396,0,4
2024010512153,2024,010512153,1,11,0,5,5,3,7,2,2,1,0,0,0,0,0,1,6,6,1,54,8,5132,2,10,VOLVO MODEL MISSING,3,E01002756,0,2
2024131444309,2024,131444309,2,11,0,-1,19,7,3,-1,0,8,0,0,0,0,1,1,-1,1,2,55,8,9360,2,15,VOLVO MODEL MISSING,3,E01010919,0,1
2024010512180,2024,010512180,1,11,0,7,7,1,3,0,0,2,0,0,0,0,0,1,1,1,1,67,10,5132,2,7,VOLVO MODEL MISSING,7,E01000296,0,2
2024351529303,2024,351529303,2,21,1,-1,19,3,7,-1,0,0,0,0,0,0,1,1,-1,1,1,46,8,12777,2,3,VOLVO MODEL MISSING,8,E01025191,0,5
2024010511361,2024,010511361,1,11,0,14,14,1,5,0,0,0,0,0,0,0,4,1,1,1,2,37,7,5132,2,7,VOLVO MODEL MISSING,2,E01001729,0,1
2024010521010,2024,010521010,1,19,0,5,5,1,5,0,0,1,0,0,0,0,1,1,1,1,1,35,6,10837,2,9,VOLVO MODEL MISSING,3,E01031347,0,4
2024010526267,2024,010526267,3,11,0,18,19,1,5,9,9,0,0,10,1,2,4,1,1,1,1,36,7,5132,2,8,VOLVO MODEL MISSING,2,E01001787,0,3
2024161501946,2024,161501946,1,11,-1,-1,19,4,8,-1,0,0,0,99,0,0,0,9,-1,1,3,22,5,5132,2,7,VOLVO MODEL MISSING,1,E01012948,0,1
2024401443106,2024,401443106,1,90,0,-1,19,5,1,-1,0,0,5,0,0,0,4,1,-1,1,1,59,9,-1,-1,-1,VOLVO MODEL MISSING,10,E01017415,0,3
2024552400858,2024,552400858,2,21,0,18,19,6,2,0,0,0,0,0,0,0,1,1,1,1,1,35,6,12777,2,18,VOLVO MODEL MISSING,9,E01033156,0,1
2024031467181,2024,031467181,2,21,1,-1,19,3,7,-1,0,0,0,0,0,0,3,1,-1,1,1,30,6,12777,2,0,VOLVO MODEL MISSING,5,E01011996,0,4
2024421474816,2024,421474816,2,21,1,-1,19,5,1,-1,0,0,0,0,0,0,1,1,-1,1,1,42,7,12777,2,5,VOLVO MODEL MISSING,9,E01000350,0,4
2024010531359,2024,010531359,1,11,0,9,9,5,3,0,0,3,0,0,0,0,0,1,1,1,1,44,7,5132,2,6,VOLVO MODEL MISSING,6,E01001159,0,1
2024451427866,2024,451427866,2,21,0,-1,19,4,8,-1,0,0,0,0,0,0,1,1,-1,1,1,54,8,12777,2,2,VOLVO MODEL MISSING,3,E01014830,0,5
2024520402966,2024,520402966,1,21,0,18,19,5,1,0,0,4,0,0,0,0,1,1,6,6,1,53,8,12777,2,10,VOLVO MODEL MISSING,8,E01020169,0,5
2024131464857,2024,131464857,1,11,0,-1,19,6,2,-1,2,0,0,0,0,0,4,1,-1,1,2,45,7,7300,2,15,VOLVO MODEL MISSING,1,E01010632,0,1
2024991417114,2024,991417114,1,11,0,-1,4,7,3,-1,0,0,0,0,0,0,0,1,-1,1,1,53,8,7698,2,5,VOLVO MODEL MISSING,7,-1,0,2
2024231465999,2024,231465999,1,21,1,-1,19,1,5,-1,0,0,0,0,0,0,3,9,-1,1,1,45,7,12777,2,2,VOLVO MODEL MISSING,-1,-1,0,-1
2024161450595,2024,161450595,1,9,0,-1,19,3,7,-1,0,0,0,0,0,0,1,1,-1,6,2,30,6,2520,1,21,VOLVO MODEL MISSING,2,E01013237,0,1
2024991527464,2024,991527464,1,11,0,-1,19,4,1,-1,0,4,0,0,1,7,1,1,-1,1,1,45,7,9360,2,13,VOLVO MODEL MISSING,10,-1,0,1
2024421478919,2024,421478919,1,11,0,-1,19,2,6,-1,0,0,0,0,0,0,1,1,-1,1,1,67,10,9360,2,15,VOLVO MODEL MISSING,9,E01021390,0,1
2024010516864,2024,010516864,1,11,0,5,5,3,7,0,0,0,0,0,0,0,9,1,1,1,3,-1,-1,9360,2,15,VOLVO MODEL MISSING,-1,-1,0,-1
2024010531391,2024,010531391,2,11,0,3,3,8,4,2,2,0,0,0,0,0,2,1,1,1,1,44,7,5132,2,8,VOLVO MODEL MISSING,-1,-1,0,-1
2024131430984,2024,131430984,1,11,0,-1,4,7,3,-1,2,0,0,0,0,0,1,1,-1,1,1,40,7,9360,2,15,VOLVO MODEL MISSING,1,E01011483,0,1
2024531403458,2024,531403458,1,21,1,-1,19,5,1,-1,0,0,0,0,0,0,1,1,-1,1,1,62,9,12777,2,4,VOLVO MODEL MISSING,5,E01026213,0,5
2024041497396,2024,041497396,1,21,0,-1,1,5,1,-1,-1,0,0,4,0,0,2,1,-1,1,1,20,4,12777,2,1,VOLVO MODEL MISSING,2,E01012525,0,4
2024010537847,2024,010537847,3,11,0,3,3,7,3,0,0,0,0,0,0,0,3,1,1,1,1,47,8,5132,2,8,VOLVO MODEL MISSING,4,E01002487,0,3
2024211407660,2024,211407660,1,21,1,-1,19,8,4,-1,0,0,1,0,1,4,3,9,-1,1,1,56,9,12777,2,3,VOLVO MODEL MISSING,1,E01006275,0,4
2024421406019,2024,421406019,2,21,1,-1,19,2,6,-1,0,0,0,0,0,0,3,1,-1,1,1,28,6,16123,2,7,VOLVO MODEL MISSING,4,E01021915,0,2
2024320102717,2024,320102717,2,21,0,9,9,6,4,0,0,5,0,0,0,0,3,1,1,1,1,49,8,12777,2,4,VOLVO MODEL MISSING,-1,-1,0,-1
202454E508524,2024,54E508524,1,11,0,17,19,5,2,0,0,0,0,0,0,0,0,1,3,7,1,68,10,12000,2,17,VOLVO MODEL MISSING,8,E01031940,0,2
2024010502547,2024,010502547,1,11,0,5,5,3,7,0,0,0,0,0,0,0,4,1,1,1,1,44,7,5132,2,9,VOLVO MODEL MISSING,3,E01001466,0,2
2024041459005,2024,041459005,1,11,0,-1,19,1,5,-1,0,0,0,0,0,0,1,1,-1,1,1,62,9,7698,2,1,VOLVO MODEL MISSING,2,E01025091,0,1
2024010525586,2024,010525586,1,11,0,18,19,5,1,0,0,1,0,0,0,0,0,1,1,1,1,59,9,5132,2,8,VOLVO MODEL MISSING,2,E01001447,0,3
2024010506812,2024,010506812,1,11,0,18,19,1,5,2,2,1,0,0,0,0,0,1,1,1,1,45,7,5132,2,6,VOLVO MODEL MISSING,8,E01001918,0,2
2024221484132,2024,221484132,2,21,1,-1,19,6,2,-1,0,0,0,0,1,4,1,1,-1,1,1,34,6,12777,2,2,VOLVO MODEL MISSING,8,W01001935,0,4
2024991514157,2024,991514157,2,11,0,-1,19,7,2,-1,0,1,0,0,0,0,4,1,-1,1,1,34,6,4760,2,10,VOLVO MODEL MISSING,6,-1,0,4
2024010518134,2024,010518134,1,11,0,4,4,7,3,0,0,0,0,0,0,0,0,1,6,6,2,42,7,4760,2,10,VOLVO MODEL MISSING,7,E01003152,0,1
2024332400940,2024,332400940,2,21,0,-1,2,0,0,-1,-1,0,0,0,0,0,2,1,-1,1,1,39,7,12777,2,7,VOLVO MODEL MISSING,7,E01014907,0,5
2024010544631,2024,010544631,1,11,0,18,19,7,3,0,0,0,0,0,0,0,0,1,1,1,1,51,8,5132,2,7,VOLVO MODEL MISSING,3,E01004575,0,2
2024430079819,2024,430079819,1,11,0,5,5,8,4,0,0,1,0,0,0,0,1,1,1,1,1,58,9,9360,2,14,VOLVO MODEL MISSING,1,E01022147,0,4
2024302400816,2024,302400816,1,20,0,17,19,7,3,0,0,8,0,0,0,0,3,1,6,6,3,-1,-1,7698,2,9,VOLVO MODEL MISSING,5,E01019456,0,4
2024141423796,2024,141423796,2,21,0,-1,19,5,1,-1,0,0,0,0,0,0,1,1,-1,1,1,64,9,12777,2,5,VOLVO MODEL MISSING,9,E01007670,0,1
2024010510830,2024,010510830,1,11,0,10,10,5,3,0,0,2,0,0,0,0,0,1,1,1,1,46,8,5132,2,7,VOLVO MODEL MISSING,4,E01034033,0,1
2024471501193,2024,471501193,2,11,0,-1,19,3,7,-1,0,0,0,0,0,0,1,1,-1,1,1,55,8,7698,2,7,VOLVO MODEL MISSING,4,E01031599,0,4
2024320334340,2024,320334340,2,10,0,4,4,6,2,0,0,1,0,0,0,0,0,1,1,1,1,35,6,-1,-1,-1,VOLVO MODEL MISSING,3,E01026043,0,3
2024991490004,2024,991490004,2,21,1,-1,19,7,3,-1,0,0,0,0,0,0,2,1,-1,1,1,76,11,10837,2,5,VOLVO MODEL MISSING,2,-1,0,4
2024411506872,2024,411506872,1,21,1,-1,11,5,1,-1,0,0,0,0,0,0,1,1,-1,1,1,52,8,12777,2,7,VOLVO MODEL MISSING,2,E01015073,0,5
2024010541836,2024,010541836,1,11,0,18,19,5,1,0,0,3,0,0,0,0,1,1,6,6,1,43,7,5132,2,9,VOLVO MODEL MISSING,6,E01004381,0,2
2024010535849,2024,010535849,1,11,0,4,4,3,7,2,2,1,0,0,0,0,0,2,1,1,1,53,8,5132,2,7,VOLVO MODEL MISSING,3,E01000577,0,2
2024991447801,2024,991447801,2,11,0,-1,2,3,7,-1,0,0,0,0,0,0,2,1,-1,1,1,36,7,7300,2,13,VOLVO MODEL MISSING,8,-1,0,2
2024201480539,2024,201480539,2,90,0,-1,5,4,8,-1,0,0,0,0,0,0,3,1,-1,1,1,59,9,-1,-1,-1,VOLVO MODEL MISSING,-1,-1,0,-1
2024010503637,2024,010503637,1,11,0,4,4,5,1,0,0,2,0,0,0,0,0,1,1,1,1,43,7,4760,2,12,VOLVO MODEL MISSING,2,E01015774,0,4
2024471488627,2024,471488627,1,11,0,-1,2,1,5,-1,0,0,0,0,0,0,2,1,-1,1,2,27,6,9360,2,13,VOLVO MODEL MISSING,7,E01016912,0,4
2024010503683,2024,010503683,1,11,0,18,19,5,1,0,0,8,0,0,0,0,1,1,1,1,1,61,9,4760,2,12,VOLVO MODEL MISSING,6,E01001086,0,1
2024991413721,2024,991413721,1,11,0,-1,19,1,5,-1,0,0,0,0,0,0,0,1,-1,1,1,25,5,5132,2,8,VOLVO MODEL MISSING,1,-1,0,2
2024340WN6312,2024,340WN6312,1,21,0,-1,19,1,5,-1,0,0,0,0,0,0,1,1,-1,1,1,65,9,12777,2,7,VOLVO MODEL MISSING,5,E01021297,0,5
2024161488832,2024,161488832,1,21,0,-1,19,6,8,-1,0,0,0,0,0,0,1,1,-1,1,1,41,7,12777,2,10,VOLVO MODEL MISSING,1,E01012876,0,4
2024010508865,2024,010508865,1,11,0,18,19,5,1,0,0,8,0,0,0,0,0,1,1,1,1,51,8,5132,2,5,VOLVO MODEL MISSING,3,E01001262,0,2
2024010549007,2024,010549007,1,11,0,5,5,8,4,0,0,8,0,0,0,0,3,1,1,1,1,60,9,5132,2,7,VOLVO MODEL MISSING,3,E01000502,0,2
2024411510850,2024,411510850,1,11,0,-1,5,4,7,-1,0,6,0,0,7,11,1,1,-1,1,2,51,8,5132,2,10,VOLVO MODEL MISSING,1,E01001517,0,1
2024471427504,2024,471427504,1,21,0,-1,19,8,4,-1,0,1,0,0,0,0,0,1,-1,1,1,57,9,7698,2,7,VOLVO MODEL MISSING,2,E01021137,0,4
2024361397453,2024,361397453,2,21,4,-1,7,5,1,-1,0,0,0,0,0,0,3,1,-1,1,1,63,9,12777,2,5,VOLVO MODEL MISSING,6,E01026452,0,4
2024161452130,2024,161452130,1,21,0,-1,19,1,5,-1,0,0,2,0,7,0,4,1,-1,2,1,53,8,12777,2,5,VOLVO MODEL MISSING,4,E01007329,0,4
2024041477755,2024,041477755,1,21,0,-1,19,5,3,-1,0,0,0,0,0,0,3,1,-1,1,1,31,6,7698,2,9,VOLVO MODEL MISSING,2,E01007385,0,4
2024991496384,2024,991496384,1,11,0,-1,5,1,5,-1,0,0,0,0,0,0,0,9,-1,1,1,58,9,5132,2,3,VOLVO MODEL MISSING,4,-1,0,3
2024010505125,2024,010505125,1,11,0,18,19,1,5,0,0,8,0,0,0,0,1,1,1,1,1,46,8,4760,2,12,VOLVO MODEL MISSING,2,E01016018,0,4
2024371414486,2024,371414486,2,21,1,-1,9,1,5,-1,0,6,0,0,0,0,3,1,-1,1,1,48,8,12777,2,1,VOLVO MODEL MISSING,6,E01026886,0,4
2024471485163,2024,471485163,1,11,0,-1,19,6,2,-1,2,0,0,0,0,0,1,1,-1,1,1,38,7,7698,2,7,VOLVO MODEL MISSING,1,E01031558,0,1
2024010514306,2024,010514306,4,11,0,18,19,8,4,0,0,1,0,0,0,0,3,1,1,1,3,-1,-1,5132,2,8,VOLVO MODEL MISSING,-1,-1,0,-1
2024401407562,2024,401407562,1,11,0,-1,19,7,3,-1,2,0,0,0,0,0,1,1,-1,1,1,51,8,7698,2,3,VOLVO MODEL MISSING,4,E01015751,0,1
2024161474548,2024,161474548,2,20,0,-1,2,0,0,-1,-1,0,0,0,0,0,0,1,-1,1,1,49,8,16123,2,8,VOLVO MODEL MISSING,5,E01027835,0,4
2024052400528,2024,052400528,1,21,0,18,19,8,4,0,0,0,0,0,0,0,1,1,6,6,1,-1,-1,12777,2,11,VOLVO MODEL MISSING,-1,-1,0,-1
2024430457734,2024,430457734,1,21,0,3,3,3,7,0,0,1,0,0,0,0,4,1,1,1,2,32,6,12777,2,1,VOLVO MODEL MISSING,-1,-1,0,-1
2024221428010,2024,221428010,1,21,0,-1,19,4,8,-1,0,0,5,0,1,9,4,1,-1,1,1,55,8,12777,2,6,VOLVO MODEL MISSING,1,E01009571,0,4
2024131509373,2024,131509373,1,90,0,-1,19,4,8,-1,0,8,0,0,0,0,1,1,-1,1,1,54,8,-1,-1,-1,VOLVO MODEL MISSING,1,E01010744,0,1
2024991444286,2024,991444286,2,11,0,-1,19,3,7,-1,0,0,0,0,0,0,4,1,-1,1,1,56,9,7698,2,2,VOLVO MODEL MISSING,1,-1,0,4
2024411521689,2024,411521689,1,20,1,-1,19,7,1,-1,0,0,0,10,3,0,1,1,-1,1,1,55,8,-1,-1,-1,VOLVO MODEL MISSING,4,E01023387,0,2
2024111414489,2024,111414489,1,11,0,-1,5,5,1,-1,0,1,0,0,0,0,3,1,-1,1,1,20,4,9360,2,13,VOLVO MODEL MISSING,1,E01008607,0,3
2024302401565,2024,302401565,2,11,0,18,19,2,6,0,0,0,0,0,0,0,0,1,1,1,1,35,6,-1,2,16,VOLVO MODEL MISSING,2,E01013910,0,4
2024141466890,2024,141466890,1,11,0,-1,2,0,0,-1,2,0,0,0,0,0,2,1,-1,1,1,35,6,7300,2,13,VOLVO MODEL MISSING,3,E01007788,0,3
2024141466890,2024,141466890,2,11,0,-1,5,1,5,-1,2,0,0,0,0,0,1,1,-1,1,1,59,9,9360,2,16,VOLVO MODEL MISSING,1,E01008084,0,2
2024991548555,2024,991548555,1,11,0,-1,19,3,8,-1,0,0,0,0,0,0,0,1,-1,1,1,45,7,10838,2,9,VOLVO MODEL MISSING,1,-1,0,4
2024010527487,2024,010527487,1,11,0,5,5,1,5,0,0,0,0,0,0,0,0,1,1,1,1,50,8,5132,2,7,VOLVO MODEL MISSING,2,E01000085,0,3
2024201411781,2024,201411781,3,21,1,-1,19,5,1,-1,0,0,0,0,0,0,4,1,-1,1,1,62,9,12777,2,2,VOLVO MODEL MISSING,3,-1,0,5
2024010512213,2024,010512213,1,11,0,18,19,1,5,0,0,1,0,0,0,0,1,1,1,1,1,58,9,5132,2,7,VOLVO MODEL MISSING,1,E01002732,0,1
2024991517169,2024,991517169,2,21,1,-1,19,3,7,-1,0,0,0,0,1,4,1,1,-1,1,1,35,6,7698,2,0,VOLVO MODEL MISSING,4,-1,0,2
2024161474348,2024,161474348,1,11,0,-1,19,1,5,-1,0,1,0,0,0,0,0,9,-1,1,1,62,9,7300,2,15,VOLVO MODEL MISSING,8,E01013154,0,1
2024111415552,2024,111415552,2,21,1,-1,19,1,5,-1,0,0,0,0,0,0,1,1,-1,1,1,37,7,12777,2,4,VOLVO MODEL MISSING,2,E01020679,0,2
2024401496158,2024,401496158,1,21,1,-1,-1,-1,-1,-1,-1,0,-1,-1,-1,0,-1,9,-1,1,1,-1,-1,12777,2,4,VOLVO MODEL MISSING,-1,-1,0,-1
2024061404812,2024,061404812,1,21,1,-1,12,1,5,-1,0,0,0,0,0,0,2,1,-1,1,1,42,7,12777,2,0,VOLVO MODEL MISSING,3,E01012460,0,3
2024131403898,2024,131403898,2,11,0,-1,5,1,5,-1,0,8,0,0,0,0,1,1,-1,1,1,56,9,4760,2,11,VOLVO MODEL MISSING,2,E01011912,0,2
2024302400729,2024,302400729,1,21,1,18,19,4,8,0,0,2,0,0,0,0,1,1,1,1,1,69,10,12777,2,9,VOLVO MODEL MISSING,2,E01029429,0,4
2024010542800,2024,010542800,1,11,0,5,5,5,1,0,0,2,0,0,0,0,0,1,1,1,1,58,9,9360,2,13,VOLVO MODEL MISSING,2,E01003432,0,1
2024141441651,2024,141441651,2,21,0,-1,3,5,1,-1,0,2,0,0,0,0,4,1,-1,1,1,53,8,7698,2,0,VOLVO MODEL MISSING,2,E01007322,0,3
2024052401013,2024,052401013,1,11,0,18,19,5,1,0,0,0,0,0,0,0,1,1,1,1,1,50,8,4760,2,11,VOLVO MODEL MISSING,1,E01007239,0,2
2024542577724,2024,542577724,2,11,0,18,19,1,5,0,0,1,0,0,0,0,4,1,6,6,1,66,10,9360,2,15,VOLVO MODEL MISSING,9,E01031906,0,2
2024131509996,2024,131509996,1,21,0,-1,19,7,3,-1,0,0,0,0,0,0,1,1,-1,6,3,-1,-1,12777,2,1,VOLVO MODEL MISSING,-1,-1,0,-1
2024131450647,2024,131450647,1,11,0,-1,19,1,5,-1,2,2,0,0,0,0,1,1,-1,1,1,60,9,9360,2,16,VOLVO MODEL MISSING,1,E01011349,0,1
2024010532511,2024,010532511,1,21,0,3,3,5,1,9,9,0,0,0,0,0,0,1,6,6,1,29,6,7698,2,5,VOLVO MODEL MISSING,4,E01001323,0,1
2024010492193,2024,010492193,2,11,0,2,2,0,0,0,0,1,0,0,0,0,0,1,6,6,3,-1,-1,9360,2,14,VOLVO MODEL MISSING,-1,-1,0,-1
2024010541676,2024,010541676,1,11,0,18,19,5,1,2,2,8,0,0,0,0,0,1,1,1,1,44,7,5132,2,9,VOLVO MODEL MISSING,3,E01002403,0,3
2024401496513,2024,401496513,1,11,0,-1,19,-1,-1,-1,2,0,0,0,0,0,1,9,-1,6,2,48,8,9360,2,16,VOLVO MODEL MISSING,2,E01017594,0,2
2024991428015,2024,991428015,1,21,1,-1,19,2,7,-1,0,0,5,0,0,0,4,1,-1,1,1,33,6,12777,2,9,VOLVO MODEL MISSING,1,E01035198,0,5
2024010540226,2024,010540226,2,11,0,18,19,5,1,0,0,2,0,0,0,0,1,1,1,1,1,54,8,7698,2,4,VOLVO MODEL MISSING,4,E01001286,0,3