collision_index,collision_year,collision_ref_no,vehicle_reference,vehicle_type,towing_and_articulation,vehicle_manoeuvre_historic,vehicle_manoeuvre,vehicle_direction_from,vehicle_direction_to,vehicle_location_restricted_lane_historic,vehicle_location_restricted_lane,junction_location,skidding_and_overturning,hit_object_in_carriageway,vehicle_leaving_carriageway,hit_object_off_carriageway,first_point_of_impact,vehicle_left_hand_drive,journey_purpose_of_driver_historic,journey_purpose_of_driver,sex_of_driver,age_of_driver,age_band_of_driver,engine_capacity_cc,propulsion_code,age_of_vehicle,generic_make_model,driver_imd_decile,lsoa_of_driver,escooter_flag,driver_distance_banding
2024010511617,2024,010511617,1,11,0,5,5,7,3,2,2,1,0,0,0,0,0,1,1,1,1,62,9,5132,2,6,VOLVO MODEL MISSING,3,E01000481,0,2
2024991466123,2024,991466123,2,90,1,-1,19,5,8,-1,0,0,3,0,7,0,3,1,-1,1,1,58,9,-1,-1,-1,VOLVO MODEL MISSING,5,-1,0,4
2024010531716,2024,010531716,1,11,0,4,4,5,1,0,0,1,0,0,0,0,0,1,1,1,1,60,9,4820,2,9,VOLVO MODEL MISSING,6,E01003359,0,4
2024061507358,2024,061507358,1,11,0,-1,19,4,8,-1,0,2,0,0,0,0,3,9,-1,1,3,-1,-1,7698,2,0,VOLVO MODEL MISSING,-1,-1,0,-1
2024010494036,2024,010494036,1,11,0,17,19,3,7,0,0,4,0,0,0,0,0,1,6,6,1,23,5,5132,2,9,VOLVO MODEL MISSING,6,E01002161,0,1
2024471400534,2024,471400534,3,21,0,-1,19,6,2,-1,0,1,0,0,0,0,1,1,-1,1,1,46,8,10837,2,3,VOLVO MODEL MISSING,9,E01031353,0,3
2024010514509,2024,010514509,1,11,0,18,19,1,5,0,0,1,0,0,0,0,0,1,1,1,1,57,9,5132,2,5,VOLVO MODEL MISSING,7,E01001204,0,2
2024991448708,2024,991448708,2,11,0,-1,19,3,7,-1,0,0,0,0,0,0,1,1,-1,1,1,59,9,7698,2,5,VOLVO MODEL MISSING,4,-1,0,3
2024131452042,2024,131452042,1,11,0,-1,5,5,1,-1,0,0,0,0,0,0,0,1,-1,1,2,48,8,7300,2,11,VOLVO MODEL MISSING,1,E01010967,0,1
2024010500459,2024,010500459,1,11,0,17,19,5,1,9,9,2,0,0,0,0,1,1,1,1,1,52,8,5132,2,9,VOLVO MODEL MISSING,4,E01001694,0,1
2024010525045,2024,010525045,1,21,1,18,19,1,5,0,0,8,5,0,1,2,4,1,1,1,1,58,9,12777,2,0,VOLVO MODEL MISSING,2,E01001257,0,1
2024361406249,2024,361406249,1,21,1,-1,19,7,3,-1,0,0,2,0,1,1,4,1,-1,1,1,61,9,12777,2,1,VOLVO MODEL MISSING,3,E01026447,0,4
2024010503149,2024,010503149,1,11,0,18,19,1,5,0,0,1,0,0,0,0,1,1,1,1,1,26,6,5132,2,7,VOLVO MODEL MISSING,4,E01002647,0,2
2024010526198,2024,010526198,1,11,0,16,19,7,3,0,0,0,0,0,0,0,0,2,1,1,2,24,5,5132,2,7,VOLVO MODEL MISSING,8,E01000297,0,2
2024131404177,2024,131404177,2,11,0,-1,11,1,5,-1,0,0,0,0,0,0,4,1,-1,1,1,54,8,4760,2,11,VOLVO MODEL MISSING,5,E01011774,0,3
2024010549589,2024,010549589,1,11,0,18,19,5,1,2,2,1,0,0,0,0,1,1,1,1,1,23,5,9360,2,14,VOLVO MODEL MISSING,2,E01001428,0,1
2024010505482,2024,010505482,1,11,0,4,4,1,5,0,0,2,0,0,0,0,0,1,1,1,1,63,9,5132,2,7,VOLVO MODEL MISSING,3,E01001504,0,2
2024010551348,2024,010551348,1,11,0,5,5,0,5,2,2,0,0,0,0,0,0,1,1,1,1,54,8,5132,2,7,VOLVO MODEL MISSING,8,E01001227,0,2
2024221411579,2024,221411579,2,21,1,-1,3,7,3,-1,0,0,0,0,0,0,2,9,-1,1,1,55,8,10837,2,7,VOLVO MODEL MISSING,6,E01029556,0,4
2024141489535,2024,141489535,1,11,0,-1,19,4,8,-1,0,0,0,0,0,0,4,1,-1,1,1,28,6,9360,2,12,VOLVO MODEL MISSING,6,E01019816,0,2
2024010535739,2024,010535739,1,11,0,9,9,5,3,0,0,8,0,0,0,0,1,1,1,1,1,40,7,5132,2,6,VOLVO MODEL MISSING,1,E01002713,0,1
2024440434921,2024,440434921,2,21,0,18,19,7,3,0,0,1,0,0,0,0,0,1,1,1,1,23,5,10837,2,7,VOLVO MODEL MISSING,6,E01023081,0,4
2024010511306,2024,010511306,1,11,0,4,4,1,5,2,2,1,0,0,0,0,0,1,1,1,1,69,10,5132,2,8,VOLVO MODEL MISSING,4,E01003043,0,1
2024070887170,2024,070887170,1,21,2,-1,19,1,1,-1,0,0,0,0,0,0,2,1,-1,1,1,33,6,12777,2,0,VOLVO MODEL MISSING,7,E01006046,0,4
2024361474295,2024,361474295,2,11,0,-1,19,8,3,-1,0,2,0,0,0,0,4,1,-1,1,1,52,8,9360,2,16,VOLVO MODEL MISSING,1,E01026598,0,1
2024161437997,2024,161437997,2,20,0,-1,19,8,4,-1,0,1,1,0,0,0,1,1,-1,1,1,60,9,10837,2,4,VOLVO MODEL MISSING,7,E01012815,0,4
2024430601435,2024,430601435,1,21,1,18,19,2,6,0,0,0,0,0,0,0,4,1,1,1,1,60,9,12777,2,6,VOLVO MODEL MISSING,4,E01015374,0,5
2024451427327,2024,451427327,4,21,0,-1,4,1,5,-1,0,0,0,0,0,0,1,1,-1,1,1,44,7,7698,2,6,VOLVO MODEL MISSING,6,E01001040,0,3
2024010514089,2024,010514089,1,11,0,5,5,0,5,0,0,0,0,0,0,0,0,1,1,1,1,76,11,9360,2,14,VOLVO MODEL MISSING,5,E01002626,0,2
2024461402309,2024,461402309,1,21,0,-1,11,4,8,-1,0,0,0,0,0,0,1,1,-1,1,1,45,7,12777,2,4,VOLVO MODEL MISSING,6,E01015672,0,5
2024501440497,2024,501440497,1,21,0,-1,19,6,2,-1,0,1,0,0,0,0,1,1,-1,1,1,64,9,12777,2,6,VOLVO MODEL MISSING,5,E01020049,0,3
2024131521694,2024,131521694,2,11,0,-1,2,0,0,-1,0,0,0,0,0,0,2,1,-1,1,1,42,7,7300,2,15,VOLVO MODEL MISSING,1,E01010829,0,1
2024622400077,2024,622400077,1,21,0,18,19,4,8,0,0,0,0,0,0,0,1,1,1,1,1,48,8,12777,2,9,VOLVO MODEL MISSING,7,W01001230,0,4
2024010500175,2024,010500175,1,11,0,5,5,1,5,2,2,1,0,0,0,0,1,1,1,1,2,29,6,4760,2,11,VOLVO MODEL MISSING,1,E01004334,0,2
2024461431513,2024,461431513,1,21,1,-1,12,3,7,-1,0,0,0,0,0,0,0,1,-1,1,1,42,7,12777,2,3,VOLVO MODEL MISSING,-1,-1,0,-1
2024361483144,2024,361483144,1,11,0,-1,4,5,1,-1,0,0,0,0,0,0,0,1,-1,1,2,43,7,9360,2,16,VOLVO MODEL MISSING,1,E01026595,0,1
2024131516397,2024,131516397,1,21,0,-1,19,2,6,-1,0,8,0,0,0,0,-1,1,-1,6,3,-1,-1,10837,2,9,VOLVO MODEL MISSING,-1,-1,0,-1
2024991486346,2024,991486346,1,21,4,-1,19,8,4,-1,0,0,0,0,0,0,0,9,-1,1,3,32,6,16123,2,6,VOLVO MODEL MISSING,4,E01019730,0,5
2024070225489,2024,070225489,1,21,0,10,10,2,6,0,0,1,0,0,0,0,1,1,6,6,1,-1,-1,12777,2,1,VOLVO MODEL MISSING,6,E01006157,0,4
2024991431072,2024,991431072,1,11,0,-1,19,7,3,-1,0,0,0,0,0,0,0,1,-1,1,1,58,9,5132,2,10,VOLVO MODEL MISSING,3,-1,0,3
2024010517959,2024,010517959,1,11,0,18,19,3,7,0,0,1,0,0,0,0,3,1,6,6,3,-1,-1,5132,2,6,VOLVO MODEL MISSING,-1,-1,0,-1
2024010542875,2024,010542875,1,11,0,4,4,1,5,0,0,0,0,0,0,0,0,1,1,1,1,60,9,9360,2,12,VOLVO MODEL MISSING,1,E01007547,0,5
2024010505481,2024,010505481,1,21,0,4,4,1,5,0,0,8,0,0,0,0,0,1,1,1,1,40,7,12777,2,5,VOLVO MODEL MISSING,3,E01002028,0,2
2024631458071,2024,631458071,2,11,0,-1,4,8,4,-1,0,0,1,0,0,0,2,1,-1,7,1,68,10,12000,2,19,VOLVO MODEL MISSING,8,W01000481,0,1
2024010506027,2024,010506027,1,11,0,4,4,2,6,0,0,0,0,0,0,0,1,1,1,1,1,71,10,9360,2,10,VOLVO MODEL MISSING,9,E01003882,0,3
2024010549599,2024,010549599,1,11,0,5,5,1,5,2,2,0,0,0,0,0,1,1,6,6,3,-1,-1,5132,2,8,VOLVO MODEL MISSING,-1,-1,0,-1
2024061494615,2024,061494615,2,90,0,-1,5,5,6,-1,0,1,0,0,0,0,0,1,-1,1,1,45,7,7698,2,6,VOLVO MODEL MISSING,-1,-1,0,-1
2024131476789,2024,131476789,1,21,0,-1,9,3,1,-1,0,8,0,0,0,0,3,1,-1,1,1,58,9,12777,2,3,VOLVO MODEL MISSING,5,E01018069,0,5
2024010538453,2024,010538453,2,11,0,3,3,3,7,0,0,0,0,0,0,0,2,1,6,6,1,61,9,9360,2,12,VOLVO MODEL MISSING,5,E01000330,0,3
2024010533122,2024,010533122,1,11,0,18,19,5,1,2,2,1,0,0,0,0,3,1,1,1,1,39,7,9360,2,12,VOLVO MODEL MISSING,4,E01002446,0,3
2024991397507,2024,991397507,3,11,0,-1,9,2,8,-1,0,1,0,0,0,0,1,1,-1,1,1,31,6,9360,2,13,VOLVO MODEL MISSING,7,-1,0,4
2024461497717,2024,461497717,1,21,0,-1,19,3,7,-1,0,0,0,0,0,0,1,9,-1,9,1,-1,-1,12777,2,9,VOLVO MODEL MISSING,1,E01016007,0,4
2024010524692,2024,010524692,1,11,0,4,4,3,7,0,0,1,0,0,0,0,0,1,1,1,1,53,8,5132,2,9,VOLVO MODEL MISSING,2,E01002075,0,3
2024332401053,2024,332401053,2,11,0,-1,19,2,6,-1,0,0,0,0,0,0,1,1,-1,1,1,62,9,7698,2,3,VOLVO MODEL MISSING,6,E01026266,0,4
2024201466437,2024,201466437,1,21,0,-1,10,1,4,-1,0,1,0,0,0,0,2,1,-1,1,1,59,9,10837,2,8,VOLVO MODEL MISSING,5,E01025656,0,4
2024371425465,2024,371425465,1,20,1,-1,19,8,4,-1,0,1,1,0,0,0,1,1,-1,1,1,53,8,-1,-1,-1,VOLVO MODEL MISSING,1,E01030279,0,4
2024221491200,2024,221491200,1,11,0,-1,4,4,8,-1,0,8,0,0,0,0,0,9,-1,1,1,43,7,7300,2,16,VOLVO MODEL MISSING,1,E01034928,0,4
2024471509135,2024,471509135,3,21,0,-1,2,0,0,-1,0,0,0,0,0,0,2,1,-1,1,1,36,7,7698,2,6,VOLVO MODEL MISSING,5,E01021329,0,4
2024991451407,2024,991451407,1,11,0,-1,3,1,5,-1,0,1,0,0,0,0,0,1,-1,1,1,53,8,7698,2,3,VOLVO MODEL MISSING,-1,-1,0,-1
2024101491990,2024,101491990,2,9,0,-1,19,6,3,-1,0,4,0,0,0,0,1,2,-1,6,1,71,10,1800,1,25,VOLVO MODEL MISSING,3,E01033205,0,1
2024161448109,2024,161448109,2,11,0,-1,2,0,0,-1,0,1,0,0,0,0,3,1,-1,1,1,49,8,7300,2,15,VOLVO MODEL MISSING,7,E01013035,0,3
2024430609515,2024,430609515,1,21,0,18,19,1,5,0,0,8,0,0,0,0,1,1,1,1,1,55,8,12777,2,5,VOLVO MODEL MISSING,4,E01023387,0,4
2024010531764,2024,010531764,1,11,0,16,19,2,6,0,0,1,0,0,0,0,1,1,1,1,1,50,8,4760,2,11,VOLVO MODEL MISSING,4,E01001354,0,1
2024010533377,2024,010533377,1,11,0,18,19,1,5,0,0,1,0,0,0,0,0,1,1,1,1,57,9,5132,2,7,VOLVO MODEL MISSING,5,E01000471,0,2
2024320348468,2024,320348468,1,11,0,-1,-1,6,8,0,0,0,0,0,0,0,0,1,6,6,3,-1,-1,7300,2,19,VOLVO MODEL MISSING,-1,-1,0,-1
2024371519744,2024,371519744,1,21,4,-1,19,8,4,-1,0,1,0,0,0,0,4,1,-1,1,1,29,6,10837,2,0,VOLVO MODEL MISSING,10,E01030050,0,4
2024332400987,2024,332400987,1,11,0,-1,19,7,3,-1,0,2,0,0,0,0,1,1,-1,1,1,59,9,7698,2,1,VOLVO MODEL MISSING,1,E01013691,0,1
2024122400669,2024,122400669,1,11,0,4,4,4,7,0,0,0,0,0,0,0,0,1,1,1,1,55,8,12000,2,18,VOLVO MODEL MISSING,8,E01034958,0,4
2024161430328,2024,161430328,2,17,0,-1,19,6,2,-1,0,0,0,0,0,0,1,9,-1,1,1,62,9,-1,-1,-1,VOLVO MODEL MISSING,4,E01013225,0,1
2024471517201,2024,471517201,2,11,0,-1,3,2,6,-1,2,0,0,0,0,0,4,1,-1,1,1,63,9,9360,2,12,VOLVO MODEL MISSING,5,E01016988,0,3
202460Q125791,2024,60Q125791,1,21,1,18,19,1,5,0,0,1,0,0,0,0,1,1,6,6,3,-1,-1,12777,2,10,VOLVO MODEL MISSING,-1,-1,0,-1
2024061457014,2024,061457014,1,21,4,-1,9,6,2,-1,0,1,0,0,0,0,1,1,-1,1,1,27,6,12777,2,11,VOLVO MODEL MISSING,8,W01000481,0,5
2024991471431,2024,991471431,1,11,0,-1,19,7,3,-1,0,0,0,0,0,0,0,1,-1,1,1,41,7,7698,2,7,VOLVO MODEL MISSING,9,-1,0,3
2024211410826,2024,211410826,1,21,1,-1,12,7,3,-1,0,0,0,0,0,0,3,1,-1,1,1,49,8,12777,2,3,VOLVO MODEL MISSING,1,E01013603,0,4
2024201528719,2024,201528719,2,11,0,-1,19,5,6,-1,0,0,0,0,0,0,4,1,-1,1,1,69,10,7300,2,12,VOLVO MODEL MISSING,3,E01009624,0,1
2024351463344,2024,351463344,1,21,1,-1,7,5,7,-1,0,5,0,0,0,0,4,1,-1,1,1,53,8,12777,2,2,VOLVO MODEL MISSING,5,E01018069,0,4
2024991492666,2024,991492666,1,11,0,-1,9,6,8,-1,0,2,0,0,0,0,1,1,-1,9,1,37,7,5132,2,9,VOLVO MODEL MISSING,7,-1,0,2
2024991439617,2024,991439617,2,11,0,-1,19,8,4,-1,0,1,0,0,0,0,1,1,-1,1,1,57,9,5132,2,7,VOLVO MODEL MISSING,8,-1,0,2
2024010501531,2024,010501531,2,11,0,9,9,3,1,0,0,2,0,0,0,0,1,1,1,1,1,62,9,4760,2,11,VOLVO MODEL MISSING,7,E01001226,0,1
2024010542455,2024,010542455,1,11,0,18,19,7,3,2,2,1,0,0,0,0,4,1,1,1,1,61,9,5132,2,7,VOLVO MODEL MISSING,9,E01002468,0,2
2024451428070,2024,451428070,3,11,0,-1,2,1,5,-1,0,0,0,0,0,0,2,1,-1,6,3,30,6,5132,2,6,VOLVO MODEL MISSING,-1,-1,0,-1
2024991521397,2024,991521397,2,21,1,-1,19,3,7,-1,0,0,0,0,0,0,2,1,-1,1,1,59,9,10837,2,3,VOLVO MODEL MISSING,7,-1,0,1
2024522403143,2024,522403143,2,21,1,2,2,0,0,6,6,0,0,0,0,0,2,1,6,6,3,-1,-1,12777,2,12,VOLVO MODEL MISSING,-1,-1,0,-1
2024111468450,2024,111468450,2,21,1,-1,19,3,7,-1,0,0,0,0,0,0,1,1,-1,1,1,44,7,12777,2,5,VOLVO MODEL MISSING,1,E01020907,0,3
2024010545343,2024,010545343,2,11,0,18,19,5,1,0,0,1,0,0,0,0,3,1,1,1,1,46,8,7698,2,2,VOLVO MODEL MISSING,2,E01002877,0,3
2024991509664,2024,991509664,1,21,0,-1,19,8,4,-1,-1,0,1,0,0,0,1,1,-1,1,1,30,6,12777,2,8,VOLVO MODEL MISSING,1,-1,0,4
2024991439212,2024,991439212,2,11,0,-1,19,3,7,-1,0,1,0,0,0,0,1,1,-1,1,1,24,5,12000,2,17,VOLVO MODEL MISSING,-1,-1,0,-1
2024010509208,2024,010509208,1,11,0,3,3,7,3,0,0,1,0,0,0,0,0,1,6,6,1,40,7,5132,2,5,VOLVO MODEL MISSING,4,E01001243,0,2
2024430567167,2024,430567167,1,11,0,18,19,4,8,0,0,0,0,11,0,0,1,1,1,1,1,-1,-1,9360,2,14,VOLVO MODEL MISSING,-1,-1,0,-1
2024411454386,2024,411454386,1,21,1,-1,11,6,2,-1,0,0,0,0,0,0,4,1,-1,6,1,24,5,12777,2,5,VOLVO MODEL MISSING,9,W01000444,0,5
2024991426828,2024,991426828,1,11,0,-1,9,6,2,-1,0,3,0,0,0,0,0,1,-1,1,1,35,6,7698,2,5,VOLVO MODEL MISSING,10,-1,0,2
2024010518801,2024,010518801,1,11,0,5,5,1,5,2,2,8,0,0,0,0,0,1,1,1,1,41,7,5132,2,7,VOLVO MODEL MISSING,4,E01000257,0,2
2024010507609,2024,010507609,1,11,0,5,5,0,1,0,0,1,0,0,0,0,0,1,1,1,1,57,9,9360,2,13,VOLVO MODEL MISSING,3,E01000291,0,2
2024440290302,2024,440290302,2,21,0,18,19,6,2,0,0,1,0,0,1,0,3,1,1,1,1,29,6,12777,2,2,VOLVO MODEL MISSING,6,E01030759,0,4
2024010488470,2024,010488470,1,11,0,5,5,1,5,0,0,8,0,0,0,0,1,1,1,1,2,-1,-1,5132,2,7,VOLVO MODEL MISSING,-1,-1,0,-1
2024161491921,2024,161491921,1,11,0,-1,3,8,4,-1,0,0,0,0,0,0,0,9,-1,1,1,62,9,9360,2,17,VOLVO MODEL MISSING,1,E01012951,0,1
2024411475025,2024,411475025,2,11,0,-1,19,1,5,-1,0,0,0,0,0,0,3,1,-1,1,1,62,9,7698,2,7,VOLVO MODEL MISSING,9,E01000116,0,3
2024010544247,2024,010544247,1,11,0,18,19,3,7,2,2,0,0,0,0,0,0,1,6,6,1,44,7,5132,2,5,VOLVO MODEL MISSING,3,E01002542,0,1
2024430136671,2024,430136671,2,90,0,16,19,3,5,0,0,0,0,0,0,0,1,1,1,1,1,39,7,7698,2,6,VOLVO MODEL MISSING,10,E01016259,0,4
2024061525130,2024,061525130,2,11,0,-1,5,1,4,-1,0,0,0,0,0,0,4,1,-1,1,1,39,7,9360,2,16,VOLVO MODEL MISSING,-1,-1,0,-1
2024010504652,2024,010504652,1,11,0,4,4,5,1,0,0,0,0,0,0,0,0,1,1,1,1,54,8,5132,2,5,VOLVO MODEL MISSING,2,E01001878,0,2
2024411507839,2024,411507839,4,21,1,-1,5,5,1,-1,0,0,0,0,0,0,2,1,-1,6,1,29,6,12777,2,4,VOLVO MODEL MISSING,5,E01026201,0,5
202460Q120924,2024,60Q120924,2,21,0,18,19,4,8,0,0,0,0,0,1,4,1,1,1,1,1,42,7,12777,2,3,VOLVO MODEL MISSING,-1,-1,0,-1
2024010510190,2024,010510190,1,11,0,18,19,1,5,0,0,1,0,0,0,0,0,1,1,1,1,42,7,4760,2,11,VOLVO MODEL MISSING,1,E01000605,0,1
2024010499689,2024,010499689,1,11,0,3,3,3,7,0,0,0,0,0,0,0,2,1,1,1,1,46,8,5132,2,7,VOLVO MODEL MISSING,-1,-1,0,-1
2024361503741,2024,361503741,2,21,1,-1,2,0,0,-1,0,0,0,0,0,0,1,1,-1,1,1,34,6,12777,2,1,VOLVO MODEL MISSING,7,E01026934,0,4
2024991399728,2024,991399728,1,11,0,-1,5,3,7,-1,0,0,0,0,0,0,0,1,-1,1,1,44,7,5132,2,8,VOLVO MODEL MISSING,10,-1,0,2
2024010534738,2024,010534738,1,21,0,99,99,9,9,99,99,0,9,99,9,99,1,9,1,1,1,55,8,12777,2,5,VOLVO MODEL MISSING,3,E01001591,0,2
2024991501221,2024,991501221,1,11,0,-1,19,6,2,-1,0,5,0,0,0,0,1,1,-1,1,1,30,6,10838,2,9,VOLVO MODEL MISSING,4,-1,0,4
2024131493603,2024,131493603,1,11,0,-1,5,7,3,-1,0,0,0,0,0,0,2,1,-1,1,1,-1,-1,7300,2,14,VOLVO MODEL MISSING,6,E01010927,0,1
2024010507791,2024,010507791,1,11,0,18,19,7,3,0,0,4,0,0,0,0,3,1,1,1,1,56,9,5132,2,8,VOLVO MODEL MISSING,6,E01002555,0,3
2024101401090,2024,101401090,2,11,0,-1,19,1,5,-1,0,8,0,0,0,0,1,1,-1,1,1,45,7,9360,2,15,VOLVO MODEL MISSING,4,E01008597,0,3
2024111454656,2024,111454656,1,11,0,-1,2,2,6,-1,0,0,0,0,0,0,0,1,-1,1,1,52,8,9360,2,12,VOLVO MODEL MISSING,3,E01020652,0,1
2024010517793,2024,010517793,1,11,0,18,19,1,5,0,0,1,0,0,0,0,0,1,1,1,2,32,6,5132,2,9,VOLVO MODEL MISSING,2,E01034149,0,3
2024471496750,2024,471496750,1,9,0,-1,19,3,7,-1,0,0,0,0,0,0,1,1,-1,2,1,44,7,2401,2,19,VOLVO MODEL MISSING,5,E01021116,0,1
2024201407586,2024,201407586,1,21,0,-1,5,4,7,-1,0,1,0,0,0,0,1,1,-1,1,1,49,8,12777,2,8,VOLVO MODEL MISSING,3,E01009763,0,2
2024361484143,2024,361484143,4,19,0,-1,8,1,3,-1,0,1,0,0,0,0,1,1,-1,1,1,28,6,-1,-1,-1,VOLVO MODEL MISSING,2,E01026798,0,3
2024451406233,2024,451406233,1,21,0,-1,19,2,6,-1,0,0,0,0,0,0,2,1,-1,6,-1,-1,-1,12777,2,6,VOLVO MODEL MISSING,-1,-1,0,-1
2024101509972,2024,101509972,2,11,0,-1,19,6,2,-1,0,8,0,0,0,0,4,1,-1,1,1,51,8,9360,2,10,VOLVO MODEL MISSING,3,E01020729,0,3
2024131527407,2024,131527407,1,21,0,-1,5,7,3,-1,0,2,0,0,0,0,1,1,-1,1,1,63,9,10837,2,5,VOLVO MODEL MISSING,8,E01013256,0,4
2024311489634,2024,311489634,2,21,1,-1,19,5,1,-1,0,1,0,0,0,0,1,1,-1,1,1,64,9,7698,2,5,VOLVO MODEL MISSING,5,E01027948,0,4
2024052401304,2024,052401304,1,21,1,18,19,2,6,0,0,1,0,0,0,0,1,1,1,1,3,-1,-1,12777,2,2,VOLVO MODEL MISSING,-1,-1,0,-1
2024471513153,2024,471513153,4,21,0,-1,19,5,1,-1,0,0,0,0,0,0,4,1,-1,1,1,65,9,12777,2,6,VOLVO MODEL MISSING,6,E01031406,0,3
2024991497894,2024,991497894,1,11,0,-1,19,3,6,-1,0,0,0,0,0,0,0,1,-1,1,1,22,5,7698,2,3,VOLVO MODEL MISSING,-1,-1,0,-1
2024010506328,2024,010506328,1,21,0,7,7,2,3,0,0,1,0,0,0,0,3,1,1,1,1,35,6,7698,2,9,VOLVO MODEL MISSING,5,E01023755,0,4
2024991450480,2024,991450480,1,11,0,-1,12,7,3,-1,0,0,0,0,0,0,2,1,-1,1,1,35,6,9360,2,16,VOLVO MODEL MISSING,-1,-1,0,-1
2024010490230,2024,010490230,2,11,0,3,3,3,7,2,2,1,0,0,0,0,2,1,1,1,1,64,9,5132,2,8,VOLVO MODEL MISSING,3,E01003310,0,1
2024052402317,2024,052402317,2,11,0,18,19,8,4,0,0,8,0,0,0,0,1,1,1,1,1,52,8,5132,2,7,VOLVO MODEL MISSING,1,E01006961,0,1
2024211403991,2024,211403991,2,21,1,-1,19,6,2,-1,0,0,1,0,0,0,1,1,-1,1,1,53,8,12777,2,6,VOLVO MODEL MISSING,7,E01017431,0,5
2024471439535,2024,471439535,2,11,0,-1,7,7,1,-1,0,6,0,0,0,0,1,1,-1,1,1,50,8,9600,2,23,VOLVO MODEL MISSING,5,E01031472,0,2
2024010517732,2024,010517732,1,11,0,18,19,5,1,0,0,6,0,0,0,0,1,1,1,1,1,46,8,4760,2,12,VOLVO MODEL MISSING,6,E01004521,0,1
2024471497798,2024,471497798,2,90,0,-1,2,0,0,-1,-1,0,0,0,0,0,3,1,-1,6,-1,-1,-1,-1,-1,-1,VOLVO MODEL MISSING,-1,-1,0,-1
2024351476508,2024,351476508,1,11,0,-1,19,7,3,-1,0,0,0,0,0,0,3,1,-1,1,1,50,8,7300,2,22,VOLVO MODEL MISSING,3,E01030108,0,1
2024101492953,2024,101492953,2,11,-1,-1,2,7,1,-1,2,0,0,0,0,0,2,9,-1,1,2,64,9,9360,2,14,VOLVO MODEL MISSING,7,E01008465,0,1
2024061514823,2024,061514823,1,21,1,-1,9,5,3,-1,0,0,0,4,0,0,3,1,-1,1,1,44,7,12130,2,19,VOLVO MODEL MISSING,4,E01006026,0,3
2024547214424,2024,547214424,2,21,0,18,19,3,7,0,0,0,0,0,0,0,3,1,1,1,1,52,8,7698,2,1,VOLVO MODEL MISSING,8,E01022257,0,4
2024211465271,2024,211465271,3,21,4,-1,3,3,7,-1,0,0,0,0,0,0,1,2,-1,1,1,59,9,12777,2,4,VOLVO MODEL MISSING,-1,-1,0,-1
2024161430605,2024,161430605,1,21,0,-1,7,5,7,-1,0,6,0,0,0,0,4,1,-1,1,1,56,9,12777,2,4,VOLVO MODEL MISSING,3,E01007354,0,4
2024471433480,2024,471433480,1,11,0,-1,5,4,8,-1,0,1,0,0,0,0,0,1,-1,1,1,62,9,9360,2,11,VOLVO MODEL MISSING,8,E01021027,0,3
2024991426743,2024,991426743,2,11,0,-1,19,3,7,-1,0,0,0,0,0,0,4,1,-1,1,1,42,7,5132,2,6,VOLVO MODEL MISSING,-1,-1,0,-1
2024010511896,2024,010511896,1,11,0,18,19,5,1,0,0,1,0,0,0,0,0,1,1,1,1,40,7,5132,2,9,VOLVO MODEL MISSING,1,E01005681,0,5
2024010510608,2024,010510608,2,11,0,3,3,5,1,0,0,2,0,0,0,0,1,1,6,6,1,20,4,5132,2,9,VOLVO MODEL MISSING,9,E01003812,0,2
2024430209964,2024,430209964,2,21,0,2,2,0,0,0,0,0,0,0,0,0,2,1,1,1,1,-1,-1,7698,2,6,VOLVO MODEL MISSING,3,E01027060,0,4
2024010516925,2024,010516925,1,11,0,18,19,5,1,0,0,0,0,0,0,0,1,1,1,1,1,54,8,5132,2,9,VOLVO MODEL MISSING,-1,-1,0,-1
2024010520256,2024,010520256,2,21,0,4,4,1,5,0,0,3,0,0,0,0,1,1,1,1,1,42,7,10837,2,5,VOLVO MODEL MISSING,10,E01002253,0,2
2024161493584,2024,161493584,1,21,0,-1,2,0,0,-1,0,2,0,0,0,0,2,1,-1,1,1,37,7,7698,2,6,VOLVO MODEL MISSING,1,E01012854,0,4
2024991487289,2024,991487289,2,11,0,-1,5,3,6,-1,2,1,0,0,0,0,0,1,-1,9,1,63,9,5132,2,3,VOLVO MODEL MISSING,4,-1,0,4
2024991432490,2024,991432490,1,11,0,-1,4,4,8,-1,0,0,0,0,0,0,0,1,-1,1,1,51,8,9360,2,17,VOLVO MODEL MISSING,10,-1,0,2
2024201451772,2024,201451772,1,21,4,-1,7,7,2,-1,0,0,0,0,0,0,1,9,-1,6,3,-1,-1,12777,2,7,VOLVO MODEL MISSING,-1,-1,0,-1