collision_index,collision_year,collision_ref_no,vehicle_reference,vehicle_type,towing_and_articulation,vehicle_manoeuvre_historic,vehicle_manoeuvre,vehicle_direction_from,vehicle_direction_to,vehicle_location_restricted_lane_historic,vehicle_location_restricted_lane,junction_location,skidding_and_overturning,hit_object_in_carriageway,vehicle_leaving_carriageway,hit_object_off_carriageway,first_point_of_impact,vehicle_left_hand_drive,journey_purpose_of_driver_historic,journey_purpose_of_driver,sex_of_driver,age_of_driver,age_band_of_driver,engine_capacity_cc,propulsion_code,age_of_vehicle,generic_make_model,driver_imd_decile,lsoa_of_driver,escooter_flag,driver_distance_banding
2024531423672,2024,531423672,1,90,0,-1,5,6,2,-1,0,8,0,0,0,0,4,1,-1,1,1,24,5,-1,-1,-1,VOLVO MODEL MISSING,1,E01010102,0,4
2024010517003,2024,010517003,1,11,0,4,4,2,6,0,0,6,0,0,0,0,0,1,1,1,1,51,8,5132,2,8,VOLVO MODEL MISSING,2,E01003196,0,1
2024122500061,2024,122500061,1,21,0,18,19,2,7,0,0,1,0,0,0,0,4,1,1,1,2,46,8,12777,2,8,VOLVO MODEL MISSING,6,E01034244,0,4
2024070349847,2024,070349847,2,21,0,-1,-1,6,2,0,0,0,0,0,0,0,0,1,1,1,1,50,8,12777,2,6,VOLVO MODEL MISSING,4,E01026045,0,5
2024010515324,2024,010515324,1,11,0,4,4,7,3,0,0,0,0,0,0,0,0,1,1,1,1,48,8,4764,2,12,VOLVO MODEL MISSING,4,E01001934,0,2
2024231417722,2024,231417722,1,21,1,-1,4,5,1,-1,0,0,1,0,0,0,0,1,-1,1,1,61,9,12777,2,1,VOLVO MODEL MISSING,1,E01012944,0,5
2024340WN1552,2024,340WN1552,3,20,0,-1,19,6,2,-1,0,2,0,0,0,0,1,1,-1,1,1,55,8,12777,2,8,VOLVO MODEL MISSING,2,E01027214,0,2
2024361468041,2024,361468041,2,21,1,-1,19,2,4,-1,0,0,0,0,0,0,3,1,-1,1,1,73,10,12777,2,9,VOLVO MODEL MISSING,8,E01026938,0,3
2024131403037,2024,131403037,1,11,0,-1,19,1,5,-1,0,8,0,0,0,0,3,1,-1,1,1,32,6,9360,2,17,VOLVO MODEL MISSING,1,E01011235,0,1
2024061532832,2024,061532832,1,21,0,-1,19,7,3,-1,0,0,5,0,1,2,4,1,-1,1,1,47,8,10837,2,5,VOLVO MODEL MISSING,4,E01006058,0,3
2024430244281,2024,430244281,1,21,0,18,19,3,7,0,0,0,0,0,1,4,1,1,1,1,1,59,9,10837,2,1,VOLVO MODEL MISSING,10,E01031855,0,4
2024371495621,2024,371495621,2,21,0,-1,19,1,5,-1,0,8,0,0,0,0,1,1,-1,1,1,38,7,10837,2,1,VOLVO MODEL MISSING,5,E01035531,0,4
2024010542373,2024,010542373,1,11,0,18,19,5,1,0,0,0,0,0,0,0,1,1,1,1,2,50,8,5132,2,10,VOLVO MODEL MISSING,4,E01001481,0,2
2024010550793,2024,010550793,2,21,4,99,99,9,9,99,99,9,9,99,9,99,1,9,6,6,3,-1,-1,12777,2,2,VOLVO MODEL MISSING,-1,-1,0,-1
2024041527081,2024,041527081,1,11,0,-1,13,4,8,-1,0,1,0,0,0,0,4,1,-1,6,3,-1,-1,7300,2,15,VOLVO MODEL MISSING,-1,-1,0,-1
2024201469493,2024,201469493,1,11,0,-1,5,8,4,-1,0,1,0,0,0,0,4,1,-1,1,1,50,8,7300,2,11,VOLVO MODEL MISSING,2,E01034955,0,1
2024010548006,2024,010548006,1,11,0,9,9,3,1,0,0,6,0,0,0,0,1,1,1,1,1,53,8,5132,2,7,VOLVO MODEL MISSING,7,E01000778,0,3
2024991463238,2024,991463238,2,11,0,-1,19,8,4,-1,0,0,0,0,0,0,3,1,-1,1,1,34,6,7698,2,5,VOLVO MODEL MISSING,8,-1,0,1
2024010540827,2024,010540827,1,11,0,13,13,1,5,0,0,2,0,0,0,0,1,1,1,1,1,60,9,5132,2,7,VOLVO MODEL MISSING,3,E01001436,0,2
2024131438512,2024,131438512,1,11,0,-1,19,5,1,-1,2,0,5,0,0,0,4,1,-1,1,1,53,8,7300,2,15,VOLVO MODEL MISSING,3,E01010662,0,1
2024351443938,2024,351443938,1,21,0,-1,19,5,1,-1,0,0,0,0,0,0,1,1,-1,1,1,29,6,12777,2,2,VOLVO MODEL MISSING,5,E01027145,0,4
2024010510037,2024,010510037,2,11,0,4,4,5,1,0,0,1,0,0,0,0,1,1,6,6,3,-1,-1,5132,2,7,VOLVO MODEL MISSING,-1,-1,0,-1
2024430283055,2024,430283055,2,21,1,14,14,2,6,0,0,0,0,0,0,0,3,1,6,6,1,60,9,12777,2,4,VOLVO MODEL MISSING,-1,-1,0,-1
2024461532074,2024,461532074,2,21,4,-1,19,8,4,-1,0,0,0,0,0,0,1,1,-1,1,1,38,7,12777,2,0,VOLVO MODEL MISSING,7,E01018353,0,5
2024010536739,2024,010536739,1,11,0,99,99,9,9,99,99,9,9,99,9,99,9,9,6,6,3,-1,-1,5132,2,7,VOLVO MODEL MISSING,-1,-1,0,-1
2024141405622,2024,141405622,1,21,1,-1,4,1,5,-1,0,0,0,0,0,0,1,1,-1,1,1,29,6,12777,2,11,VOLVO MODEL MISSING,9,E01013016,0,4
2024010510838,2024,010510838,2,11,0,18,19,5,1,0,0,1,0,0,0,0,0,1,6,6,1,65,9,5132,2,6,VOLVO MODEL MISSING,4,E01001323,0,2
2024010508738,2024,010508738,1,11,0,4,4,6,2,0,0,2,0,0,1,0,3,1,1,1,1,60,9,5132,2,7,VOLVO MODEL MISSING,2,E01001395,0,2
2024010510115,2024,010510115,2,21,1,18,19,5,1,0,0,0,0,0,0,0,4,1,1,1,1,56,9,12777,2,5,VOLVO MODEL MISSING,6,E01029983,0,4
2024010514327,2024,010514327,1,11,0,4,4,8,4,6,6,0,0,0,0,0,0,1,6,6,2,45,7,5132,2,8,VOLVO MODEL MISSING,3,E01003299,0,1
2024552400381,2024,552400381,1,21,1,18,19,4,8,0,0,0,0,0,1,3,1,1,1,1,1,60,9,12777,2,8,VOLVO MODEL MISSING,2,W01001711,0,5
2024471494206,2024,471494206,1,11,0,-1,4,6,2,-1,0,1,0,0,0,0,1,1,-1,1,1,58,9,9360,2,12,VOLVO MODEL MISSING,6,E01021236,0,4
2024522401512,2024,522401512,1,11,0,18,19,3,7,0,0,1,0,0,0,0,2,1,1,1,2,47,8,9360,2,16,VOLVO MODEL MISSING,6,E01014813,0,1
2024010511586,2024,010511586,1,11,0,4,4,3,7,2,2,0,0,0,0,0,0,1,1,1,1,56,9,5132,2,8,VOLVO MODEL MISSING,6,E01003359,0,3
2024031513657,2024,031513657,1,21,1,-1,19,5,1,-1,0,0,0,0,0,0,1,1,-1,1,1,48,8,12777,5,1,VOLVO MODEL MISSING,3,E01006217,0,4
2024991431299,2024,991431299,1,11,0,-1,4,4,8,-1,0,1,0,0,0,0,0,1,-1,1,1,40,7,5132,2,10,VOLVO MODEL MISSING,4,-1,0,2
2024361457192,2024,361457192,1,21,1,-1,5,7,3,-1,0,1,0,0,0,0,1,1,-1,2,1,51,8,12777,2,1,VOLVO MODEL MISSING,5,E01027678,0,5
2024010514856,2024,010514856,1,11,0,4,4,7,3,0,0,1,0,4,0,0,1,1,1,1,1,48,8,7698,2,2,VOLVO MODEL MISSING,4,E01002446,0,1
2024991454609,2024,991454609,2,11,0,-1,19,8,4,-1,0,0,0,8,0,0,1,1,-1,1,1,64,9,7698,2,5,VOLVO MODEL MISSING,4,-1,0,4
2024010497034,2024,010497034,1,90,0,18,19,1,5,0,0,1,0,0,0,0,3,1,1,1,1,52,8,12777,2,2,VOLVO MODEL MISSING,6,E01023518,0,4
2024010533803,2024,010533803,1,11,0,4,4,3,7,0,0,1,0,0,0,0,0,1,1,1,1,60,9,5132,2,7,VOLVO MODEL MISSING,3,E01035678,0,1
2024131428368,2024,131428368,1,11,0,-1,4,5,3,-1,0,1,0,0,0,0,4,1,-1,1,1,52,8,9360,2,15,VOLVO MODEL MISSING,4,E01011613,0,3
2024010516745,2024,010516745,1,11,0,5,5,0,5,0,0,0,0,0,0,0,0,1,1,1,1,59,9,5312,2,5,VOLVO MODEL MISSING,3,E01004183,0,2
2024010505826,2024,010505826,1,11,0,17,19,4,8,2,2,1,0,0,0,0,3,1,1,1,1,50,8,9360,2,14,VOLVO MODEL MISSING,7,E01001871,0,1
2024101468466,2024,101468466,2,11,0,-1,5,3,5,-1,0,3,0,0,1,1,4,1,-1,1,1,19,4,9360,2,10,VOLVO MODEL MISSING,-1,-1,0,-1
2024010550577,2024,010550577,1,11,0,18,19,7,3,0,0,1,0,0,0,0,1,2,1,1,1,57,9,4760,2,11,VOLVO MODEL MISSING,3,E01002056,0,1
2024401518609,2024,401518609,1,11,0,-1,19,7,3,-1,2,0,0,0,0,0,1,1,-1,1,1,34,6,7300,2,12,VOLVO MODEL MISSING,8,E01015806,0,1
2024010500646,2024,010500646,2,11,0,18,19,7,3,0,0,1,0,0,0,0,1,1,1,1,1,48,8,5132,2,6,VOLVO MODEL MISSING,2,E01001750,0,1
2024061497532,2024,061497532,1,90,0,-1,7,7,2,-1,0,1,0,0,0,0,1,1,-1,8,1,29,6,7146,2,13,VOLVO MODEL MISSING,2,E01005980,0,4
2024131450065,2024,131450065,2,11,0,-1,19,7,3,-1,0,1,0,0,0,0,3,1,-1,1,1,23,5,7300,2,11,VOLVO MODEL MISSING,2,E01010930,0,1
2024031407428,2024,031407428,2,21,1,-1,19,5,8,-1,0,1,0,0,0,0,1,1,-1,1,1,41,7,12777,2,1,VOLVO MODEL MISSING,4,-1,0,5
2024211505209,2024,211505209,2,21,1,-1,19,5,1,-1,0,8,0,0,0,0,4,1,-1,1,1,64,9,12777,2,8,VOLVO MODEL MISSING,7,E01018417,0,3
2024451476553,2024,451476553,1,90,0,-1,19,-1,-1,-1,0,0,0,0,0,0,4,9,-1,6,1,38,7,-1,-1,-1,VOLVO MODEL MISSING,3,E01031657,0,4
2024211466633,2024,211466633,2,21,1,-1,19,3,7,-1,0,0,0,0,0,0,4,1,-1,1,2,40,7,12777,2,1,VOLVO MODEL MISSING,-1,-1,0,-1
2024010500426,2024,010500426,1,11,0,5,5,7,3,0,0,0,0,0,0,0,1,1,1,1,1,45,7,5132,2,7,VOLVO MODEL MISSING,3,E01002572,0,2
2024201424515,2024,201424515,1,11,0,-1,5,2,6,-1,0,2,0,0,0,0,1,9,-1,1,1,65,9,7300,2,11,VOLVO MODEL MISSING,2,E01009029,0,1
2024010522819,2024,010522819,1,11,0,5,5,0,3,0,0,2,0,0,0,0,0,1,1,1,1,50,8,5132,2,6,VOLVO MODEL MISSING,2,E01000508,0,1
2024991402253,2024,991402253,2,21,1,-1,11,3,7,-1,0,5,0,0,0,0,3,1,-1,1,1,52,8,12777,2,1,VOLVO MODEL MISSING,4,-1,0,4
2024010541269,2024,010541269,1,11,0,5,5,7,3,0,0,0,0,0,0,0,0,1,1,1,1,60,9,5132,2,8,VOLVO MODEL MISSING,4,E01003343,0,1
2024010543231,2024,010543231,1,21,1,7,7,5,8,0,0,4,0,0,0,0,4,1,1,1,1,36,7,12777,2,5,VOLVO MODEL MISSING,5,E01013107,0,5
2024421412513,2024,421412513,3,11,0,-1,5,4,7,-1,0,1,0,0,0,0,3,1,-1,1,1,51,8,9360,2,17,VOLVO MODEL MISSING,7,E01021702,0,1
2024991478452,2024,991478452,2,11,0,-1,19,2,6,-1,0,1,0,0,0,0,1,1,-1,1,1,45,7,5132,2,3,VOLVO MODEL MISSING,10,-1,0,2
2024161444187,2024,161444187,1,21,0,-1,19,8,4,-1,0,8,0,0,0,0,1,1,-1,1,2,32,6,12777,2,2,VOLVO MODEL MISSING,5,E01026390,0,4
2024161469718,2024,161469718,2,11,0,-1,11,2,6,-1,0,0,0,0,0,0,3,9,-1,6,3,-1,-1,7698,2,8,VOLVO MODEL MISSING,-1,-1,0,-1
2024141415214,2024,141415214,1,11,0,-1,19,3,1,-1,0,8,0,0,0,0,1,1,-1,1,2,63,9,7300,2,13,VOLVO MODEL MISSING,-1,-1,0,-1
2024010535062,2024,010535062,1,11,0,18,19,5,1,0,0,1,0,0,0,0,1,1,1,1,1,38,7,5132,2,10,VOLVO MODEL MISSING,4,E01033941,0,2
2024991496913,2024,991496913,1,11,0,-1,4,2,6,-1,0,1,0,0,0,0,0,1,-1,1,1,39,7,5132,2,3,VOLVO MODEL MISSING,-1,-1,0,-1
2024061400196,2024,061400196,2,21,0,-1,19,5,1,-1,0,0,0,0,0,0,3,1,-1,1,1,63,9,10837,2,3,VOLVO MODEL MISSING,8,E01006315,0,4
2024141440154,2024,141440154,2,21,0,-1,19,3,7,-1,0,4,0,0,0,0,1,1,-1,1,1,59,9,12777,2,7,VOLVO MODEL MISSING,4,E01013076,0,4
2024991443681,2024,991443681,1,11,0,-1,3,8,4,-1,0,0,0,0,0,0,0,1,-1,1,-1,44,7,7698,2,5,VOLVO MODEL MISSING,-1,-1,0,-1
2024010495571,2024,010495571,2,11,0,5,5,9,9,99,99,0,9,99,9,99,9,9,6,6,3,-1,-1,5132,2,6,VOLVO MODEL MISSING,3,E01001311,0,3
2024131456073,2024,131456073,3,21,0,-1,3,5,1,-1,0,0,0,0,0,0,2,1,-1,6,3,-1,-1,12777,2,1,VOLVO MODEL MISSING,-1,-1,0,-1
2024052400582,2024,052400582,3,11,0,2,2,0,0,0,0,0,0,0,0,0,0,1,1,1,3,-1,-1,5132,2,7,VOLVO MODEL MISSING,-1,-1,0,-1
2024201515982,2024,201515982,2,11,0,-1,4,7,7,-1,0,0,5,0,0,0,4,1,-1,1,1,58,9,7300,2,11,VOLVO MODEL MISSING,10,E01031123,0,3
2024010549312,2024,010549312,1,11,9,99,99,9,9,99,99,9,9,99,9,99,4,1,6,6,1,54,8,9360,2,13,VOLVO MODEL MISSING,7,E01023492,0,4
2024131526390,2024,131526390,1,11,0,-1,19,1,5,-1,0,1,0,0,0,0,1,1,-1,1,1,59,9,7300,2,11,VOLVO MODEL MISSING,1,E01010608,0,1
2024161495752,2024,161495752,2,11,0,-1,3,8,2,-1,0,1,0,0,0,0,3,1,-1,1,1,65,9,7300,2,15,VOLVO MODEL MISSING,1,E01013199,0,1
2024311502385,2024,311502385,1,11,0,-1,19,1,5,-1,0,0,0,0,0,0,1,1,-1,1,1,25,5,7300,2,15,VOLVO MODEL MISSING,2,E01013834,0,2
2024010508252,2024,010508252,1,11,0,5,5,0,1,0,0,1,0,0,0,0,0,1,1,1,1,59,9,5132,2,9,VOLVO MODEL MISSING,5,E01003115,0,3
2024991480128,2024,991480128,2,11,0,-1,11,5,1,-1,0,0,0,0,0,0,3,1,-1,1,1,63,9,5132,2,8,VOLVO MODEL MISSING,3,-1,0,1
2024401456579,2024,401456579,1,11,0,-1,5,3,7,-1,0,6,0,0,0,0,1,1,-1,1,1,62,9,7698,2,3,VOLVO MODEL MISSING,9,E01023432,0,2
2024302401343,2024,302401343,2,9,0,18,19,6,2,0,0,2,0,0,0,0,1,1,6,6,1,43,7,1984,2,11,VOLVO MODEL MISSING,2,E01019817,0,1
2024071027892,2024,071027892,3,21,0,-1,4,7,3,-1,0,0,0,0,0,0,1,1,-1,1,1,32,6,10837,2,5,VOLVO MODEL MISSING,4,E01018549,0,2
2024061463970,2024,061463970,3,21,0,-1,19,8,3,-1,0,1,0,0,0,0,3,1,-1,1,1,52,8,7698,2,2,VOLVO MODEL MISSING,1,E01005106,0,1
2024221413483,2024,221413483,3,21,1,-1,9,5,2,-1,0,4,0,0,0,0,1,1,-1,1,1,63,9,12777,2,5,VOLVO MODEL MISSING,2,E01010448,0,4
2024340WN0882,2024,340WN0882,1,21,0,-1,19,4,8,-1,0,0,5,0,7,0,4,1,-1,1,1,60,9,12777,2,5,VOLVO MODEL MISSING,9,E01027222,0,4
2024070140117,2024,070140117,2,21,1,2,2,0,0,6,6,0,0,0,0,0,2,1,2,2,1,44,7,12777,2,2,VOLVO MODEL MISSING,2,E01010128,0,4
2024430502721,2024,430502721,2,19,0,9,9,2,8,0,0,5,0,0,0,0,4,1,1,1,1,29,6,5132,2,0,VOLVO MODEL MISSING,-1,-1,0,-1
2024201473471,2024,201473471,2,11,0,-1,19,1,6,-1,0,0,1,0,0,0,3,1,-1,1,1,60,9,7300,2,12,VOLVO MODEL MISSING,7,E01010493,0,3
2024010525311,2024,010525311,1,11,0,4,4,5,1,0,0,1,0,0,0,0,1,1,1,1,2,53,8,9360,2,12,VOLVO MODEL MISSING,4,E01023387,0,4
2024070734118,2024,070734118,1,11,0,-1,9,1,2,-1,0,1,0,0,0,0,3,1,-1,1,1,50,8,12000,2,15,VOLVO MODEL MISSING,4,E01031185,0,5
2024010540958,2024,010540958,1,11,0,4,4,3,7,0,0,2,0,0,0,0,1,1,1,1,1,55,8,5132,2,7,VOLVO MODEL MISSING,3,E01002823,0,1
2024161412506,2024,161412506,1,11,0,-1,2,0,0,-1,0,0,0,0,0,0,0,9,-1,1,1,48,8,7300,2,16,VOLVO MODEL MISSING,10,E01013117,0,1
2024010519617,2024,010519617,1,11,0,5,5,1,5,0,0,1,0,0,0,0,4,1,1,1,2,30,6,5132,2,7,VOLVO MODEL MISSING,4,E01003529,0,2
2024061504288,2024,061504288,1,11,0,-1,9,-1,-1,-1,0,5,0,0,0,0,3,1,-1,6,3,-1,-1,9360,2,15,VOLVO MODEL MISSING,3,E01005012,0,1
2024991410334,2024,991410334,2,90,1,-1,19,3,7,-1,0,1,1,4,0,0,1,1,-1,1,1,44,7,-1,-1,-1,VOLVO MODEL MISSING,10,E01011932,0,5
2024010551851,2024,010551851,2,11,0,18,19,5,1,0,0,8,0,0,0,0,1,1,6,6,1,53,8,5132,2,8,VOLVO MODEL MISSING,-1,-1,0,-1
2024221439904,2024,221439904,1,21,0,-1,19,2,6,-1,0,0,1,0,0,0,1,1,-1,9,1,48,8,12777,2,4,VOLVO MODEL MISSING,3,E01032132,0,4
2024201483704,2024,201483704,1,11,0,-1,4,7,3,-1,0,0,0,0,0,0,4,1,-1,1,1,39,7,7300,2,12,VOLVO MODEL MISSING,-1,-1,0,-1
2024131468170,2024,131468170,3,21,4,-1,19,3,7,-1,0,1,0,0,0,0,1,1,-1,1,1,42,7,12777,2,1,VOLVO MODEL MISSING,1,E01006207,0,4
2024010531089,2024,010531089,1,11,0,4,4,5,1,0,0,1,0,0,0,0,0,1,1,1,1,48,8,5132,2,8,VOLVO MODEL MISSING,4,E01004452,0,2
2024211438533,2024,211438533,1,11,0,-1,9,8,3,-1,0,8,0,0,0,0,1,1,-1,1,1,45,7,7698,2,1,VOLVO MODEL MISSING,-1,-1,0,-1
2024991527073,2024,991527073,3,21,0,-1,4,6,2,-1,0,0,0,0,0,0,2,1,-1,1,1,55,8,12777,2,0,VOLVO MODEL MISSING,-1,-1,0,-1
2024991522508,2024,991522508,1,11,0,-1,19,7,3,-1,0,2,0,0,0,0,0,1,-1,1,1,45,7,5132,2,10,VOLVO MODEL MISSING,8,-1,0,3
2024991497136,2024,991497136,1,11,0,-1,19,4,1,-1,0,0,0,0,0,0,4,1,-1,1,1,64,9,5132,2,3,VOLVO MODEL MISSING,-1,-1,0,-1
2024991479640,2024,991479640,1,11,0,-1,19,3,7,-1,0,4,0,0,0,0,1,1,-1,1,1,31,6,12778,2,11,VOLVO MODEL MISSING,8,-1,0,3
2024451477455,2024,451477455,1,11,0,-1,-1,-1,-1,-1,-1,0,-1,-1,-1,0,-1,9,-1,6,3,-1,-1,10838,2,8,VOLVO MODEL MISSING,-1,-1,0,-1
202417L408324,2024,17L408324,1,21,0,-1,2,0,0,-1,9,1,0,0,7,11,3,1,-1,1,1,56,9,10837,2,5,VOLVO MODEL MISSING,1,E01035187,0,4
202454B837524,2024,54B837524,2,20,0,18,19,8,4,0,0,0,0,0,0,0,1,1,6,6,1,60,9,-1,-1,-1,VOLVO MODEL MISSING,6,E01014494,0,4
2024010547446,2024,010547446,1,11,0,4,4,7,3,0,0,1,0,0,0,0,0,1,1,1,1,43,7,5132,2,8,VOLVO MODEL MISSING,4,E01002645,0,1
2024340WN3442,2024,340WN3442,1,21,0,-1,7,5,7,-1,0,7,5,0,0,0,3,1,-1,1,1,54,8,-1,-1,-1,VOLVO MODEL MISSING,7,E01033213,0,5
2024991527490,2024,991527490,2,11,0,-1,2,0,0,-1,0,0,0,0,0,0,2,1,-1,1,1,28,6,10837,2,10,VOLVO MODEL MISSING,2,-1,0,4
2024461394505,2024,461394505,1,11,0,-1,9,2,1,-1,0,2,0,0,0,0,4,9,-1,9,1,55,8,9360,2,12,VOLVO MODEL MISSING,2,E01024585,0,1
2024010532064,2024,010532064,1,11,0,5,5,5,1,0,0,6,0,0,0,0,0,1,6,6,1,63,9,5132,2,7,VOLVO MODEL MISSING,5,E01000609,0,2
2024991399670,2024,991399670,1,11,0,-1,19,7,3,-1,0,0,0,0,0,0,1,1,-1,1,1,46,8,5132,2,10,VOLVO MODEL MISSING,6,-1,0,4
2024520402242,2024,520402242,2,21,0,18,19,1,5,0,0,0,0,0,0,0,1,1,6,6,1,62,9,12777,2,4,VOLVO MODEL MISSING,5,E01029067,0,3
2024061432308,2024,061432308,1,21,1,-1,7,3,1,-1,0,6,0,0,0,0,4,1,-1,1,1,47,8,12777,2,7,VOLVO MODEL MISSING,7,E01019726,0,4
2024371472485,2024,371472485,3,21,1,-1,2,1,8,-1,0,0,0,0,0,0,2,1,-1,1,2,43,7,12777,2,6,VOLVO MODEL MISSING,7,E01026421,0,4
2024320310645,2024,320310645,2,21,0,-1,-1,4,8,0,0,0,1,0,7,9,1,1,1,1,1,35,6,12777,2,16,VOLVO MODEL MISSING,5,E01026243,0,3
2024101413551,2024,101413551,1,21,1,-1,19,2,6,-1,0,1,0,0,0,0,1,1,-1,1,1,42,7,12777,2,8,VOLVO MODEL MISSING,2,E01008456,0,2
2024991520859,2024,991520859,2,21,1,-1,19,6,2,-1,0,0,0,0,1,0,1,1,-1,1,1,67,10,12777,2,8,VOLVO MODEL MISSING,5,-1,0,4
2024471505524,2024,471505524,1,11,0,-1,5,1,5,-1,0,2,0,0,0,0,2,1,-1,1,1,53,8,9360,2,13,VOLVO MODEL MISSING,3,E01020928,0,4
2024461472226,2024,461472226,2,21,0,-1,19,8,4,-1,0,0,0,0,0,0,2,1,-1,1,1,60,9,12777,2,0,VOLVO MODEL MISSING,8,E01029616,0,5
2024122400655,2024,122400655,2,11,0,18,19,7,3,0,0,0,0,0,0,0,1,1,1,1,1,56,9,9360,2,16,VOLVO MODEL MISSING,5,E01027884,0,4
2024161400942,2024,161400942,3,11,0,-1,19,2,6,-1,0,8,0,0,0,0,2,1,-1,1,1,34,6,7300,2,16,VOLVO MODEL MISSING,1,E01012855,0,3
2024552400245,2024,552400245,2,11,0,18,19,7,3,0,0,0,0,0,0,0,3,1,1,1,1,55,8,12000,2,18,VOLVO MODEL MISSING,10,E01029254,0,1
2024010536180,2024,010536180,2,11,0,18,19,5,1,0,0,6,0,0,0,0,3,1,1,1,1,65,9,5132,2,7,VOLVO MODEL MISSING,4,E01000185,0,2
2024421492261,2024,421492261,1,21,0,-1,5,3,7,-1,0,0,0,0,0,0,4,1,-1,6,1,-1,-1,12777,2,1,VOLVO MODEL MISSING,-1,-1,0,-1
2024010543778,2024,010543778,1,11,0,3,3,1,5,0,0,0,0,0,0,0,1,1,1,1,1,54,8,9360,2,12,VOLVO MODEL MISSING,3,E01000640,0,2
2024340NN1122,2024,340NN1122,2,21,0,-1,4,6,2,-1,0,0,0,0,0,0,2,1,-1,1,1,27,6,10837,2,1,VOLVO MODEL MISSING,3,E01035552,0,4
2024371489229,2024,371489229,2,21,0,-1,19,3,7,-1,0,1,0,0,0,0,3,1,-1,1,1,51,8,7698,2,4,VOLVO MODEL MISSING,6,E01029992,0,2
2024031400973,2024,031400973,2,11,0,-1,19,7,3,-1,0,0,0,0,1,0,1,1,-1,1,1,53,8,9360,2,13,VOLVO MODEL MISSING,2,E01009885,0,5
2024010505109,2024,010505109,1,11,0,16,19,5,1,0,0,3,0,0,0,0,0,1,1,1,1,53,8,9360,2,12,VOLVO MODEL MISSING,3,E01034146,0,4
2024010518423,2024,010518423,1,11,0,5,5,1,5,0,0,1,0,0,1,0,0,1,1,1,2,58,9,9360,2,14,VOLVO MODEL MISSING,2,E01003516,0,1
2024320708907,2024,320708907,1,21,0,-1,-1,8,4,0,0,8,0,0,0,0,1,1,1,1,1,62,9,12777,2,0,VOLVO MODEL MISSING,8,E01026237,0,4
2024332400396,2024,332400396,2,21,0,-1,4,7,3,-1,0,0,0,0,0,0,2,1,-1,1,1,50,8,12777,2,8,VOLVO MODEL MISSING,3,E01031012,0,4
2024421397396,2024,421397396,1,11,0,-1,19,3,4,-1,0,8,0,0,0,0,1,9,-1,1,1,62,9,4760,2,12,VOLVO MODEL MISSING,4,E01034369,0,1
2024552400502,2024,552400502,1,11,0,18,19,6,2,0,0,0,0,0,0,0,3,1,1,1,1,60,9,7300,2,12,VOLVO MODEL MISSING,5,E01020472,0,1
2024231434756,2024,231434756,2,21,1,-1,-1,8,4,-1,-1,0,0,0,0,0,4,9,-1,-1,1,61,9,12777,2,1,VOLVO MODEL MISSING,8,E01005000,0,5
2024340WN1942,2024,340WN1942,1,21,0,-1,19,7,3,-1,0,0,1,0,0,0,1,1,-1,1,1,57,9,12777,2,9,VOLVO MODEL MISSING,9,E01029882,0,5
2024302400991,2024,302400991,1,11,0,5,5,7,3,0,0,0,0,0,0,0,0,1,1,1,1,-1,-1,7300,2,16,VOLVO MODEL MISSING,-1,-1,0,-1
2024991453444,2024,991453444,2,11,0,-1,19,8,4,-1,0,1,0,0,0,0,2,1,-1,1,1,49,8,5132,2,7,VOLVO MODEL MISSING,8,-1,0,3
2024211455414,2024,211455414,2,21,1,-1,19,5,1,-1,0,0,1,0,0,0,3,1,-1,6,1,52,8,12777,2,3,VOLVO MODEL MISSING,1,E01014330,0,4
2024052402652,2024,052402652,1,11,0,18,19,3,7,0,0,6,0,0,0,0,1,1,1,1,1,26,6,5132,2,7,VOLVO MODEL MISSING,5,E01018689,0,3
2024010536171,2024,010536171,1,11,0,17,19,3,7,0,0,1,0,0,0,0,1,1,1,1,1,44,7,4760,2,11,VOLVO MODEL MISSING,5,E01023331,0,4
2024161482604,2024,161482604,1,11,0,-1,19,5,1,-1,0,1,0,0,0,0,1,9,-1,1,3,-1,-1,7300,2,14,VOLVO MODEL MISSING,1,E01012855,0,1
2024320079640,2024,320079640,1,21,1,-1,-1,7,3,0,0,0,5,0,7,9,1,1,1,1,1,34,6,7146,2,10,VOLVO MODEL MISSING,4,E01026323,0,3
2024031526970,2024,031526970,1,21,4,-1,19,3,7,-1,0,0,0,11,0,0,1,1,-1,1,1,57,9,12777,2,2,VOLVO MODEL MISSING,-1,-1,0,-1
2024070637903,2024,070637903,3,21,1,4,4,3,7,0,0,0,0,0,0,0,2,1,1,1,1,52,8,12777,2,2,VOLVO MODEL MISSING,6,E01013034,0,5