collision_index,collision_year,collision_ref_no,vehicle_reference,vehicle_type,towing_and_articulation,vehicle_manoeuvre_historic,vehicle_manoeuvre,vehicle_direction_from,vehicle_direction_to,vehicle_location_restricted_lane_historic,vehicle_location_restricted_lane,junction_location,skidding_and_overturning,hit_object_in_carriageway,vehicle_leaving_carriageway,hit_object_off_carriageway,first_point_of_impact,vehicle_left_hand_drive,journey_purpose_of_driver_historic,journey_purpose_of_driver,sex_of_driver,age_of_driver,age_band_of_driver,engine_capacity_cc,propulsion_code,age_of_vehicle,generic_make_model,driver_imd_decile,lsoa_of_driver,escooter_flag,driver_distance_banding
2024010498879,2024,010498879,1,11,0,18,19,7,3,0,0,0,0,0,0,0,1,1,1,1,1,59,9,5132,2,8,VOLVO MODEL MISSING,4,E01000634,0,2
2024061525659,2024,061525659,1,21,1,-1,19,7,3,-1,0,0,0,0,0,0,1,1,-1,1,1,63,9,12777,5,1,VOLVO MODEL MISSING,3,E01006217,0,3
2024211453193,2024,211453193,1,11,0,-1,2,2,6,-1,0,0,0,0,0,0,0,1,-1,1,2,61,9,7300,2,16,VOLVO MODEL MISSING,5,E01019434,0,4
2024522401083,2024,522401083,1,11,0,18,19,5,1,0,0,1,0,0,0,0,1,1,1,1,1,40,7,9360,2,16,VOLVO MODEL MISSING,1,E01014729,0,1
2024041430199,2024,041430199,1,21,0,-1,11,1,5,-1,0,0,0,0,0,0,4,1,-1,1,1,29,6,5480,2,21,VOLVO MODEL MISSING,7,E01025417,0,1
2024131458202,2024,131458202,2,21,1,-1,19,1,5,-1,0,0,0,0,0,0,3,1,-1,1,1,21,5,12777,2,2,VOLVO MODEL MISSING,3,E01013471,0,4
2024010503317,2024,010503317,1,11,0,4,4,3,7,0,0,1,0,0,0,0,0,1,6,6,1,36,7,5132,2,8,VOLVO MODEL MISSING,6,E01023396,0,4
2024010539394,2024,010539394,1,11,0,5,5,7,3,0,0,1,0,0,0,0,0,1,1,1,1,52,8,5132,2,8,VOLVO MODEL MISSING,2,E01004014,0,1
2024361504681,2024,361504681,2,21,1,-1,19,5,1,-1,0,0,0,0,0,0,1,1,-1,1,1,34,6,12777,2,1,VOLVO MODEL MISSING,5,E01026728,0,2
2024010549239,2024,010549239,2,11,9,99,99,9,9,99,99,9,9,99,9,99,9,1,6,6,3,-1,-1,4760,2,11,VOLVO MODEL MISSING,-1,-1,0,-1
2024010517943,2024,010517943,1,11,0,18,19,1,5,0,0,0,0,0,0,0,0,1,1,1,1,33,6,5132,2,9,VOLVO MODEL MISSING,2,E01034476,0,1
2024541837524,2024,541837524,2,21,0,18,19,8,4,0,0,0,0,0,0,0,1,1,1,1,1,37,7,12777,2,5,VOLVO MODEL MISSING,2,E01015528,0,2
2024010503011,2024,010503011,1,11,0,5,5,2,6,0,0,1,0,0,0,0,1,1,1,1,1,68,10,5132,2,7,VOLVO MODEL MISSING,-1,-1,0,-1
2024991399628,2024,991399628,2,11,0,-1,19,7,3,-1,2,1,0,0,0,0,1,1,-1,1,1,41,7,5132,2,7,VOLVO MODEL MISSING,3,-1,0,3
2024010519950,2024,010519950,1,11,0,18,19,7,3,0,0,1,0,0,0,0,0,1,1,1,1,60,9,5132,2,7,VOLVO MODEL MISSING,2,E01001461,0,1
2024010545762,2024,010545762,1,11,0,4,4,1,5,0,0,1,0,0,0,0,0,1,1,1,1,41,7,5400,2,12,VOLVO MODEL MISSING,5,E01001038,0,2
2024010540670,2024,010540670,3,11,0,99,99,9,9,99,99,9,9,99,9,99,9,9,6,6,3,-1,-1,9360,2,14,VOLVO MODEL MISSING,-1,-1,0,-1
2024161405369,2024,161405369,1,21,1,-1,19,1,5,-1,0,1,0,0,0,0,1,1,-1,1,1,60,9,12777,2,2,VOLVO MODEL MISSING,7,E01013150,0,4
2024122400782,2024,122400782,2,11,0,18,19,4,8,2,2,1,0,0,0,0,3,1,1,1,1,36,7,9360,2,9,VOLVO MODEL MISSING,2,E01027812,0,1
2024201485678,2024,201485678,1,21,0,-1,7,3,1,-1,0,1,0,0,0,0,4,1,-1,1,1,28,6,12777,2,8,VOLVO MODEL MISSING,1,E01009097,0,3
2024501477226,2024,501477226,2,21,1,-1,19,1,5,-1,0,0,0,0,0,0,1,1,-1,1,1,69,10,12777,2,3,VOLVO MODEL MISSING,6,E01018763,0,3
2024361404415,2024,361404415,3,21,1,-1,19,4,8,-1,0,2,0,0,0,0,3,1,-1,1,1,60,9,12777,2,9,VOLVO MODEL MISSING,4,E01030295,0,4
2024041507166,2024,041507166,1,90,0,-1,19,1,5,-1,0,0,5,0,5,6,3,1,-1,1,1,64,9,-1,-1,-1,VOLVO MODEL MISSING,2,E01011538,0,4
2024302400822,2024,302400822,1,19,0,7,7,1,3,0,0,6,0,0,0,0,1,1,1,1,3,-1,-1,-1,-1,-1,VOLVO MODEL MISSING,5,E01019456,0,4
2024221415751,2024,221415751,2,21,1,-1,2,0,0,-1,0,0,0,12,0,0,2,1,-1,1,1,32,6,10837,2,8,VOLVO MODEL MISSING,2,E01034008,0,5
202454A918824,2024,54A918824,2,21,0,5,5,7,3,0,0,6,0,0,0,0,1,1,1,1,1,32,6,12777,2,3,VOLVO MODEL MISSING,6,E01029199,0,4
2024010538844,2024,010538844,1,11,0,99,99,9,9,99,99,9,9,99,9,99,9,9,6,6,3,-1,-1,5132,2,9,VOLVO MODEL MISSING,-1,-1,0,-1
2024122400461,2024,122400461,1,21,1,9,9,7,5,0,0,5,0,0,0,0,1,1,1,1,1,58,9,12777,2,6,VOLVO MODEL MISSING,6,E01013072,0,3
2024041517097,2024,041517097,1,21,0,-1,19,7,3,-1,0,0,0,0,0,0,1,1,-1,1,1,52,8,12777,2,3,VOLVO MODEL MISSING,9,E01006319,0,4
2024141405838,2024,141405838,2,21,0,-1,19,7,3,-1,0,0,0,0,0,0,1,1,-1,1,1,27,6,12777,2,3,VOLVO MODEL MISSING,2,E01007525,0,1
2024302401291,2024,302401291,4,21,1,2,2,0,0,6,6,0,0,0,0,0,2,1,1,1,1,54,8,12777,2,2,VOLVO MODEL MISSING,4,E01019431,0,2
2024320422298,2024,320422298,2,21,0,-1,-1,7,3,0,0,0,0,0,1,9,3,1,1,1,1,47,8,12777,2,17,VOLVO MODEL MISSING,5,E01026201,0,2
2024421460222,2024,421460222,2,21,1,-1,4,7,3,-1,0,0,0,0,0,0,2,1,-1,1,1,48,8,10837,2,5,VOLVO MODEL MISSING,9,E01002471,0,4
2024061432882,2024,061432882,3,21,1,-1,19,2,7,-1,0,0,0,0,0,0,4,1,-1,1,1,34,6,12777,2,5,VOLVO MODEL MISSING,4,E01005540,0,1
2024520000221,2024,520000221,2,21,0,4,4,8,4,0,0,0,0,0,0,0,2,1,6,6,1,68,10,12777,2,6,VOLVO MODEL MISSING,7,E01014756,0,4
2024010506586,2024,010506586,1,11,0,17,19,3,7,0,0,0,0,0,0,0,1,1,1,1,1,47,8,5132,2,8,VOLVO MODEL MISSING,4,E01023346,0,4
2024231401967,2024,231401967,2,21,1,-1,19,6,2,-1,0,0,0,0,0,0,0,9,-1,1,1,53,8,12777,2,4,VOLVO MODEL MISSING,5,E01031056,0,3
2024010495593,2024,010495593,1,11,0,18,19,5,1,0,0,1,0,0,0,0,3,1,1,1,1,54,8,5132,2,9,VOLVO MODEL MISSING,4,E01033745,0,2
2024211461959,2024,211461959,1,21,1,-1,19,3,7,-1,0,0,0,0,0,0,1,1,-1,1,1,50,8,12777,2,11,VOLVO MODEL MISSING,-1,-1,0,-1
2024010506841,2024,010506841,1,20,0,18,19,7,3,0,0,0,0,0,0,0,0,1,1,1,1,57,9,12777,2,3,VOLVO MODEL MISSING,9,E01016281,0,4
2024522402742,2024,522402742,3,21,0,3,3,1,5,0,0,0,0,0,0,0,2,1,6,6,1,57,9,12777,2,6,VOLVO MODEL MISSING,2,E01019053,0,5
2024010541077,2024,010541077,1,11,0,99,99,9,9,99,99,9,9,99,9,99,0,9,1,1,1,64,9,5132,2,9,VOLVO MODEL MISSING,6,E01016078,0,4
2024161465698,2024,161465698,2,11,0,-1,19,8,4,-1,0,0,0,0,0,0,0,9,-1,1,-1,-1,-1,7698,2,9,VOLVO MODEL MISSING,-1,-1,0,-1
2024010502765,2024,010502765,2,11,0,99,99,9,9,99,99,9,9,99,9,99,1,9,6,6,3,61,9,5132,2,9,VOLVO MODEL MISSING,3,E01003727,0,2
2024131397611,2024,131397611,2,21,0,-1,19,2,6,-1,0,0,0,0,0,0,2,1,-1,1,1,44,7,12777,2,1,VOLVO MODEL MISSING,1,E01005086,0,4
2024991481978,2024,991481978,1,11,0,-1,7,7,1,-1,0,8,0,0,0,0,4,1,-1,1,1,42,7,9360,2,16,VOLVO MODEL MISSING,1,-1,0,1
2024430625337,2024,430625337,2,21,0,12,12,5,8,0,0,6,0,0,0,0,2,1,1,1,1,49,8,12777,2,0,VOLVO MODEL MISSING,7,E01014950,0,5
2024031501655,2024,031501655,1,21,4,-1,7,2,1,-1,0,0,0,0,0,0,3,1,-1,1,1,61,9,12777,2,1,VOLVO MODEL MISSING,6,-1,0,4
2024010527108,2024,010527108,1,11,0,3,3,7,3,2,2,2,0,0,0,0,2,1,6,6,1,56,9,5132,2,6,VOLVO MODEL MISSING,5,E01002733,0,1
2024211415277,2024,211415277,1,21,4,-1,4,7,3,-1,9,0,0,0,7,4,1,1,-1,1,1,36,7,12777,2,0,VOLVO MODEL MISSING,-1,-1,0,-1
2024010518813,2024,010518813,1,20,1,11,11,1,5,0,0,0,0,0,0,0,1,1,1,1,1,65,9,10837,2,9,VOLVO MODEL MISSING,9,E01021533,0,4
2024161481233,2024,161481233,1,11,0,-1,19,7,3,-1,0,0,0,0,0,0,0,9,-1,1,1,52,8,5132,2,7,VOLVO MODEL MISSING,7,E01012950,0,3
2024361515053,2024,361515053,3,21,0,-1,4,1,3,-1,0,0,0,0,0,0,0,1,-1,2,1,32,6,10837,2,1,VOLVO MODEL MISSING,5,E01026445,0,4
2024421426654,2024,421426654,1,11,0,-1,19,7,3,-1,0,1,0,0,0,0,1,1,-1,1,1,46,8,9360,2,12,VOLVO MODEL MISSING,1,E01015841,0,2
2024991534042,2024,991534042,1,11,0,-1,5,3,7,-1,0,8,0,0,0,0,1,1,-1,1,1,47,8,5132,2,3,VOLVO MODEL MISSING,-1,-1,0,-1
2024101456140,2024,101456140,2,11,0,-1,4,3,7,-1,0,1,0,0,0,0,1,1,-1,1,1,35,6,9360,2,11,VOLVO MODEL MISSING,2,E01008185,0,2
2024461530572,2024,461530572,1,20,0,-1,19,2,6,-1,0,0,0,0,0,0,1,9,-1,6,1,-1,-1,12777,2,1,VOLVO MODEL MISSING,2,E01024717,0,3
2024430459043,2024,430459043,1,11,0,18,19,8,4,0,0,0,0,0,0,0,1,1,1,1,1,53,8,7300,2,23,VOLVO MODEL MISSING,4,E01017512,0,4
2024010512177,2024,010512177,1,11,0,18,19,3,7,0,0,1,0,0,0,0,4,1,6,6,1,68,10,5132,2,7,VOLVO MODEL MISSING,6,E01001498,0,1
2024421430258,2024,421430258,2,11,0,-1,19,5,1,-1,0,0,0,0,0,0,1,1,-1,1,1,31,6,7300,2,15,VOLVO MODEL MISSING,4,E01021425,0,3
2024010548547,2024,010548547,2,11,0,16,19,5,1,0,0,0,0,0,0,0,0,1,1,1,1,45,7,5132,2,7,VOLVO MODEL MISSING,5,E01034599,0,3
2024101516498,2024,101516498,1,11,0,-1,19,2,4,-1,0,0,0,0,0,0,1,1,-1,1,2,24,5,7300,2,18,VOLVO MODEL MISSING,-1,-1,0,-1
2024010521375,2024,010521375,1,11,0,5,5,3,7,0,0,8,0,0,0,0,0,1,1,1,1,55,8,9360,2,14,VOLVO MODEL MISSING,10,E01030509,0,3
2024371416950,2024,371416950,2,21,1,-1,19,6,5,-1,0,0,0,0,0,0,2,1,-1,1,1,31,6,12777,2,6,VOLVO MODEL MISSING,6,E01033784,0,4
2024010522839,2024,010522839,2,11,0,3,3,5,1,0,0,1,0,0,0,0,2,1,1,1,1,51,8,5132,2,6,VOLVO MODEL MISSING,4,E01000497,0,2
2024991458150,2024,991458150,1,11,0,-1,5,5,1,-1,0,8,0,0,0,0,1,1,-1,1,1,45,7,7698,2,5,VOLVO MODEL MISSING,-1,-1,0,-1
2024131410282,2024,131410282,1,11,0,-1,4,5,1,-1,0,1,0,0,0,0,0,1,-1,1,1,65,9,7300,2,19,VOLVO MODEL MISSING,1,E01010814,0,3
2024461449202,2024,461449202,1,21,0,-1,19,8,4,-1,0,0,0,0,0,0,1,9,-1,1,1,37,7,10837,2,9,VOLVO MODEL MISSING,8,E01024440,0,1
2024991410887,2024,991410887,1,11,0,-1,19,4,8,-1,0,2,0,0,0,0,1,1,-1,1,1,49,8,5132,2,2,VOLVO MODEL MISSING,10,-1,0,2
2024010538347,2024,010538347,1,11,0,3,3,1,5,0,0,1,0,0,0,0,1,1,1,1,1,54,8,5132,2,7,VOLVO MODEL MISSING,7,E01002675,0,2
2024531475469,2024,531475469,2,21,0,-1,19,1,5,-1,0,0,0,0,7,4,3,1,-1,1,1,30,6,10837,2,5,VOLVO MODEL MISSING,4,E01026090,0,5
2024010519510,2024,010519510,1,11,0,4,4,5,1,0,0,8,0,0,0,0,0,1,6,6,1,57,9,5132,2,9,VOLVO MODEL MISSING,7,E01001204,0,2
2024340WN9102,2024,340WN9102,2,21,0,-1,19,1,5,-1,0,0,0,0,0,0,1,1,-1,1,1,58,9,12777,2,3,VOLVO MODEL MISSING,1,E01013640,0,4
2024411500538,2024,411500538,1,21,-1,-1,-1,-1,-1,-1,-1,0,-1,-1,-1,0,-1,9,-1,6,3,-1,-1,-1,-1,-1,VOLVO MODEL MISSING,-1,-1,0,-1
2024211532641,2024,211532641,3,21,1,-1,19,8,4,-1,0,0,0,0,0,0,1,1,-1,1,1,61,9,12777,2,4,VOLVO MODEL MISSING,4,E01026988,0,4
2024010528723,2024,010528723,1,11,0,7,7,1,3,0,0,8,0,0,0,0,3,1,1,1,1,42,7,5132,2,9,VOLVO MODEL MISSING,6,E01004370,0,3
2024221442488,2024,221442488,2,11,0,-1,19,2,5,-1,0,0,0,0,0,0,1,1,-1,7,1,24,5,12000,2,14,VOLVO MODEL MISSING,5,E01028872,0,3
2024010542803,2024,010542803,1,11,0,18,19,1,5,0,0,1,0,0,0,0,0,1,1,1,1,54,8,5132,2,6,VOLVO MODEL MISSING,4,E01000497,0,2
2024991535141,2024,991535141,1,11,0,-1,19,8,4,-1,0,0,0,0,0,0,0,1,-1,1,1,43,7,5132,2,7,VOLVO MODEL MISSING,4,-1,0,2
2024010529528,2024,010529528,2,11,0,99,99,9,9,99,99,9,9,99,9,99,9,9,6,6,1,48,8,5132,2,8,VOLVO MODEL MISSING,7,E01002160,0,1
2024010502039,2024,010502039,1,11,0,3,3,1,5,0,0,1,0,0,0,0,0,1,1,1,1,54,8,4760,2,11,VOLVO MODEL MISSING,7,E01000309,0,2
2024211519156,2024,211519156,1,21,1,-1,12,3,7,-1,0,0,0,0,0,0,3,9,-1,1,1,51,8,12777,2,9,VOLVO MODEL MISSING,-1,-1,0,-1
2024010527972,2024,010527972,4,11,0,1,1,3,7,2,2,2,0,4,0,0,2,1,1,1,1,57,9,5132,2,7,VOLVO MODEL MISSING,3,E01000054,0,3
2024231406867,2024,231406867,2,21,1,-1,1,5,3,-1,0,5,0,0,0,0,1,1,-1,1,1,26,6,16123,2,17,VOLVO MODEL MISSING,-1,-1,0,-1
2024010530745,2024,010530745,1,11,0,18,19,7,3,0,0,1,0,0,0,0,0,1,1,1,1,52,8,4760,2,11,VOLVO MODEL MISSING,8,E01023528,0,3
2024991499697,2024,991499697,1,90,1,-1,19,5,1,-1,0,0,0,0,0,0,1,1,-1,1,1,28,6,-1,-1,-1,VOLVO MODEL MISSING,2,-1,0,4
2024461463339,2024,461463339,2,21,0,-1,19,5,1,-1,0,0,0,0,0,0,1,1,-1,1,1,32,6,12777,2,6,VOLVO MODEL MISSING,6,E01024301,0,2
2024041513375,2024,041513375,1,21,1,-1,19,5,1,-1,0,0,5,0,6,0,1,1,-1,1,1,56,9,12777,2,7,VOLVO MODEL MISSING,2,-1,0,5
2024332401163,2024,332401163,1,21,2,-1,19,1,5,-1,0,0,0,0,0,0,3,1,-1,1,1,46,8,12130,2,19,VOLVO MODEL MISSING,4,E01006242,0,5
2024061511407,2024,061511407,2,11,0,-1,2,7,3,-1,0,0,0,0,0,0,0,1,-1,1,-1,35,6,9360,2,13,VOLVO MODEL MISSING,4,E01005397,0,2
2024461440396,2024,461440396,2,21,0,-1,9,5,8,-1,0,0,0,0,0,0,2,1,-1,1,1,29,6,12777,2,7,VOLVO MODEL MISSING,9,E01021227,0,4
2024991407255,2024,991407255,1,21,0,-1,19,3,6,-1,0,0,0,0,0,0,3,1,-1,1,1,32,6,7698,2,4,VOLVO MODEL MISSING,-1,-1,0,-1
2024010507057,2024,010507057,1,11,0,4,4,5,1,0,0,0,0,0,0,0,1,1,6,6,2,31,6,5132,2,7,VOLVO MODEL MISSING,9,E01023525,0,3
2024991447215,2024,991447215,2,90,0,-1,2,0,0,-1,0,0,0,0,0,0,1,1,-1,6,-1,-1,-1,5700,2,7,VOLVO MODEL MISSING,-1,-1,0,-1
2024122400742,2024,122400742,1,21,1,13,13,3,8,0,0,1,0,0,0,0,1,1,1,1,1,37,7,12777,2,1,VOLVO MODEL MISSING,9,E01027589,0,2
2024351539715,2024,351539715,1,11,0,-1,19,6,2,-1,0,0,5,0,1,9,0,9,-1,7,2,65,9,7300,2,21,VOLVO MODEL MISSING,2,E01026277,0,3
2024010533491,2024,010533491,1,11,0,4,4,7,3,0,0,0,0,0,0,0,0,1,6,6,2,61,9,5132,2,7,VOLVO MODEL MISSING,3,E01001229,0,1
2024010510715,2024,010510715,1,11,0,18,19,3,7,0,0,0,0,0,0,0,0,1,1,1,1,64,9,4760,2,12,VOLVO MODEL MISSING,1,E01002038,0,2
2024991528656,2024,991528656,2,11,0,-1,3,2,6,-1,0,0,0,0,0,0,0,1,-1,1,2,47,8,5132,2,3,VOLVO MODEL MISSING,-1,-1,0,-1
2024122400925,2024,122400925,3,11,0,2,2,0,0,0,0,0,0,0,0,0,3,1,6,6,3,-1,-1,9600,2,24,VOLVO MODEL MISSING,-1,-1,0,-1
2024161395183,2024,161395183,2,20,1,-1,11,3,1,-1,0,8,0,0,0,0,4,9,-1,1,1,47,8,12777,2,9,VOLVO MODEL MISSING,7,E01026392,0,4
2024351510976,2024,351510976,1,11,0,-1,10,5,2,-1,0,8,0,0,0,0,3,1,-1,1,1,59,9,9600,2,27,VOLVO MODEL MISSING,2,E01017977,0,1
2024520403339,2024,520403339,2,21,0,3,3,4,8,0,0,0,0,0,0,0,4,1,1,1,1,53,8,7698,2,0,VOLVO MODEL MISSING,1,E01029100,0,4
2024010549330,2024,010549330,1,11,0,16,19,5,1,0,0,0,0,0,0,0,0,1,1,1,1,53,8,5132,2,7,VOLVO MODEL MISSING,5,E01003067,0,2
2024545085724,2024,545085724,1,21,0,18,19,2,6,0,0,0,1,0,7,9,1,1,1,1,1,32,6,12777,2,4,VOLVO MODEL MISSING,5,E01012667,0,5
2024071007071,2024,071007071,2,21,1,-1,4,3,3,-1,0,0,0,0,0,0,2,1,-1,1,1,63,9,12777,2,2,VOLVO MODEL MISSING,9,E01025378,0,4
2024010518278,2024,010518278,2,11,0,2,2,0,0,0,0,0,0,0,0,0,2,1,1,1,1,54,8,5132,2,7,VOLVO MODEL MISSING,-1,-1,0,-1
2024991512402,2024,991512402,1,11,0,-1,4,6,2,-1,0,0,0,0,0,0,0,2,-1,1,1,46,8,4760,2,11,VOLVO MODEL MISSING,-1,-1,0,-1
2024991530478,2024,991530478,1,11,0,-1,4,3,6,-1,0,0,0,0,0,0,0,1,-1,6,1,40,7,4760,2,10,VOLVO MODEL MISSING,10,-1,0,1
2024131448239,2024,131448239,1,11,0,-1,19,1,5,-1,0,0,0,0,0,0,4,1,-1,1,1,36,7,7300,2,16,VOLVO MODEL MISSING,8,E01027566,0,2
2024010504761,2024,010504761,1,11,0,18,19,3,7,0,0,1,0,0,0,0,0,1,2,2,1,53,8,9360,2,11,VOLVO MODEL MISSING,8,E01003796,0,4
2024131503208,2024,131503208,2,11,0,-1,19,5,1,-1,0,8,0,0,0,0,4,1,-1,2,2,58,9,9360,2,15,VOLVO MODEL MISSING,1,E01011660,0,1
2024471423242,2024,471423242,2,11,0,-1,4,7,3,-1,0,0,0,0,0,0,2,1,-1,1,1,-1,-1,9360,2,11,VOLVO MODEL MISSING,7,E01016912,0,2
2024471491497,2024,471491497,1,11,0,-1,5,7,3,-1,0,1,9,0,0,0,0,1,-1,1,1,65,9,9360,2,13,VOLVO MODEL MISSING,4,E01016902,0,1
2024010504924,2024,010504924,1,11,0,9,9,6,3,0,0,5,0,0,0,0,0,1,1,1,1,37,7,4760,2,11,VOLVO MODEL MISSING,6,E01004347,0,2
2024041513375,2024,041513375,4,21,1,-1,19,1,5,-1,0,0,0,0,0,0,1,1,-1,1,1,62,9,12777,2,10,VOLVO MODEL MISSING,1,E01025171,0,3
2024131525759,2024,131525759,2,11,0,-1,19,8,4,-1,0,1,0,0,0,0,1,1,-1,1,1,55,8,7300,2,15,VOLVO MODEL MISSING,3,E01010657,0,1
2024131422109,2024,131422109,1,11,0,-1,19,1,5,-1,0,8,0,0,0,0,4,1,-1,1,1,52,8,5132,2,7,VOLVO MODEL MISSING,2,E01011485,0,2
2024010503740,2024,010503740,1,11,0,2,2,0,0,2,2,2,0,0,0,0,2,1,6,6,3,-1,-1,5132,2,7,VOLVO MODEL MISSING,-1,-1,0,-1
2024010532503,2024,010532503,1,11,0,4,4,7,3,0,0,2,0,0,0,0,0,1,1,1,1,40,7,5132,2,7,VOLVO MODEL MISSING,6,E01001254,0,2
2024010512191,2024,010512191,1,11,0,18,19,4,8,0,0,1,0,0,0,0,0,1,1,1,1,28,6,9360,2,14,VOLVO MODEL MISSING,8,E01001039,0,4
2024231462164,2024,231462164,2,21,1,-1,19,3,7,-1,0,0,1,0,0,0,1,1,-1,1,1,29,6,12777,2,1,VOLVO MODEL MISSING,1,E01034836,0,5
2024211512735,2024,211512735,2,21,1,-1,11,1,5,-1,0,0,0,0,0,0,4,1,-1,1,1,68,10,12777,2,7,VOLVO MODEL MISSING,10,E01018413,0,4
2024010514639,2024,010514639,1,11,0,16,19,1,5,0,0,2,0,0,0,0,0,1,1,1,1,48,8,5132,2,5,VOLVO MODEL MISSING,2,E01000891,0,1
2024430430429,2024,430430429,1,11,0,18,19,1,5,2,2,1,0,0,0,0,1,1,1,1,1,53,8,7300,2,15,VOLVO MODEL MISSING,2,E01002530,0,3
2024201497902,2024,201497902,2,21,0,-1,19,4,8,-1,0,8,0,0,0,0,2,1,-1,6,1,43,7,7698,2,1,VOLVO MODEL MISSING,3,E01007963,0,5
2024010511824,2024,010511824,1,11,0,99,99,9,9,99,99,9,9,99,9,99,9,9,1,1,1,45,7,9360,2,12,VOLVO MODEL MISSING,2,E01002564,0,2
2024631504504,2024,631504504,1,21,4,-1,19,1,5,-1,0,0,5,0,7,9,3,1,-1,1,1,62,9,10837,2,6,VOLVO MODEL MISSING,1,W01001339,0,4
2024061495484,2024,061495484,2,21,0,-1,3,7,3,-1,0,0,0,0,0,0,2,1,-1,1,1,55,8,12777,2,3,VOLVO MODEL MISSING,10,E01018676,0,4
2024320021432,2024,320021432,1,19,0,18,19,7,3,0,0,0,5,0,7,9,3,1,1,1,1,64,9,10837,2,8,VOLVO MODEL MISSING,4,E01026278,0,4
2024311471378,2024,311471378,3,20,0,-1,3,3,7,-1,0,2,0,0,0,0,2,2,-1,1,1,58,9,-1,-1,-1,VOLVO MODEL MISSING,1,E01013203,0,4
2024010534262,2024,010534262,1,11,0,3,3,7,3,0,0,0,0,0,0,0,0,1,1,1,1,55,8,5132,2,6,VOLVO MODEL MISSING,2,E01000551,0,2
2024371443092,2024,371443092,1,11,0,-1,7,6,2,-1,0,1,0,0,0,0,4,1,-1,1,1,33,6,9300,2,19,VOLVO MODEL MISSING,5,E01016013,0,4
2024010515595,2024,010515595,1,11,0,5,5,3,7,0,0,1,0,0,0,0,0,1,6,6,1,67,10,5132,2,7,VOLVO MODEL MISSING,4,E01030743,0,1
2024010542348,2024,010542348,1,11,0,18,19,7,3,0,0,1,0,0,0,0,1,1,1,1,1,59,9,5132,2,9,VOLVO MODEL MISSING,7,E01002226,0,3
2024010529074,2024,010529074,1,11,0,5,5,5,1,0,0,6,0,0,0,0,0,1,1,1,1,50,8,5132,2,8,VOLVO MODEL MISSING,4,E01004066,0,2
2024201506172,2024,201506172,1,11,0,-1,5,5,3,-1,0,0,0,0,0,0,1,1,-1,1,1,50,8,7300,2,11,VOLVO MODEL MISSING,2,E01034955,0,1
2024010532115,2024,010532115,1,11,0,18,19,7,3,0,0,1,0,0,0,0,0,1,1,1,2,49,8,9360,2,12,VOLVO MODEL MISSING,2,E01027341,0,4
2024010498144,2024,010498144,1,11,0,4,4,7,3,2,2,1,0,0,1,0,0,1,1,1,1,45,7,5132,2,9,VOLVO MODEL MISSING,1,E01002758,0,2
2024351543094,2024,351543094,1,21,1,-1,4,7,3,-1,0,4,0,0,0,0,1,1,-1,1,1,30,6,12777,2,7,VOLVO MODEL MISSING,10,E01018260,0,3
2024211486632,2024,211486632,1,90,0,-1,19,8,3,-1,0,0,0,0,0,0,4,1,-1,1,1,34,6,7698,2,4,VOLVO MODEL MISSING,-1,-1,0,-1
2024991424714,2024,991424714,1,11,0,-1,19,3,7,-1,0,0,0,0,0,0,1,1,-1,1,1,51,8,7698,2,5,VOLVO MODEL MISSING,10,-1,0,1
2024010499318,2024,010499318,1,11,0,18,19,3,7,0,0,2,0,0,0,0,1,1,1,1,1,53,8,5132,2,5,VOLVO MODEL MISSING,6,E01001289,0,1
2024111437911,2024,111437911,3,21,1,-1,2,0,0,-1,0,0,0,0,0,0,0,1,-1,6,-1,-1,-1,12777,2,9,VOLVO MODEL MISSING,-1,-1,0,-1
2024991433511,2024,991433511,1,11,0,-1,14,8,4,-1,0,2,0,0,0,0,0,1,-1,1,1,40,7,9360,2,14,VOLVO MODEL MISSING,4,-1,0,1
2024010515448,2024,010515448,1,11,0,5,5,0,5,0,0,0,0,0,0,0,0,1,1,1,1,56,9,9360,2,13,VOLVO MODEL MISSING,2,E01033926,0,1
2024010511726,2024,010511726,1,11,0,5,5,3,7,0,0,1,0,0,0,0,0,1,6,6,1,66,10,5132,2,7,VOLVO MODEL MISSING,6,E01001288,0,2
2024010531132,2024,010531132,1,11,0,5,5,3,7,0,0,1,0,0,0,0,0,1,1,1,1,57,9,5132,2,9,VOLVO MODEL MISSING,7,E01000340,0,2
2024010507096,2024,010507096,1,11,0,18,19,1,5,0,0,6,0,0,0,0,0,1,1,1,1,57,9,4760,2,14,VOLVO MODEL MISSING,8,E01004102,0,2