collision_index,collision_year,collision_ref_no,vehicle_reference,vehicle_type,towing_and_articulation,vehicle_manoeuvre_historic,vehicle_manoeuvre,vehicle_direction_from,vehicle_direction_to,vehicle_location_restricted_lane_historic,vehicle_location_restricted_lane,junction_location,skidding_and_overturning,hit_object_in_carriageway,vehicle_leaving_carriageway,hit_object_off_carriageway,first_point_of_impact,vehicle_left_hand_drive,journey_purpose_of_driver_historic,journey_purpose_of_driver,sex_of_driver,age_of_driver,age_band_of_driver,engine_capacity_cc,propulsion_code,age_of_vehicle,generic_make_model,driver_imd_decile,lsoa_of_driver,escooter_flag,driver_distance_banding
2024131508215,2024,131508215,1,11,0,-1,5,1,5,-1,0,0,0,0,0,0,4,1,-1,1,1,71,10,7300,2,23,VOLVO MODEL MISSING,2,E01010715,0,2
2024010533299,2024,010533299,1,11,0,14,14,5,1,0,0,1,0,0,0,0,0,1,1,1,1,38,7,4760,2,11,VOLVO MODEL MISSING,3,E01001351,0,2
2024010546954,2024,010546954,1,11,0,5,5,1,5,2,2,1,0,0,0,0,1,1,6,6,1,59,9,4760,2,10,VOLVO MODEL MISSING,2,E01003174,0,1
2024010503151,2024,010503151,1,11,0,5,5,5,1,0,0,1,0,0,0,0,0,1,1,1,1,30,6,5132,2,9,VOLVO MODEL MISSING,6,E01004521,0,2
2024991472897,2024,991472897,1,11,0,-1,19,3,7,-1,0,0,0,0,0,0,1,1,-1,1,1,46,8,5132,2,10,VOLVO MODEL MISSING,4,-1,0,3
2024010504107,2024,010504107,1,11,0,4,4,5,1,2,2,1,0,0,0,0,1,1,1,1,1,52,8,5132,2,9,VOLVO MODEL MISSING,5,E01003375,0,1
2024010529862,2024,010529862,3,11,0,18,19,7,3,0,0,0,0,0,0,0,3,1,1,1,1,51,8,5132,2,7,VOLVO MODEL MISSING,4,E01000497,0,2
2024451525055,2024,451525055,1,21,0,-1,19,7,1,-1,0,3,0,0,0,0,2,1,-1,2,1,43,7,12777,2,5,VOLVO MODEL MISSING,4,E01021835,0,4
2024991512081,2024,991512081,2,90,0,-1,19,7,3,-1,0,0,0,0,0,0,3,1,-1,1,1,33,6,-1,-1,-1,VOLVO MODEL MISSING,3,-1,0,4
2024070573642,2024,070573642,1,21,1,12,12,7,3,0,0,0,0,0,0,0,2,1,1,1,1,-1,-1,7698,2,9,VOLVO MODEL MISSING,-1,-1,0,-1
202454B775224,2024,54B775224,1,20,0,5,5,7,3,0,0,0,0,0,0,0,3,1,6,6,1,65,9,-1,-1,-1,VOLVO MODEL MISSING,7,E01025825,0,5
2024991469571,2024,991469571,2,11,0,-1,5,4,7,-1,0,1,0,0,0,0,3,1,-1,1,2,61,9,5132,2,3,VOLVO MODEL MISSING,9,-1,0,3
2024010507449,2024,010507449,1,11,0,5,5,0,1,2,2,2,0,0,0,0,0,1,1,1,1,38,7,5132,2,9,VOLVO MODEL MISSING,2,E01000060,0,3
2024501484391,2024,501484391,1,21,1,-1,19,5,1,-1,0,0,5,0,0,0,3,1,-1,1,1,53,8,12777,2,6,VOLVO MODEL MISSING,4,E01018856,0,5
2024010512241,2024,010512241,1,11,0,4,4,1,5,0,0,1,0,0,0,0,4,1,6,6,2,24,5,5132,2,8,VOLVO MODEL MISSING,3,E01003298,0,1
2024101414932,2024,101414932,1,21,0,-1,19,3,7,-1,0,0,1,0,0,0,1,1,-1,1,1,45,7,10837,2,7,VOLVO MODEL MISSING,8,-1,0,5
2024010498468,2024,010498468,2,11,0,18,19,7,3,0,0,1,0,0,0,0,1,1,1,1,1,49,8,9360,2,12,VOLVO MODEL MISSING,3,E01000405,0,1
2024010533703,2024,010533703,2,11,0,18,19,1,5,0,0,2,0,0,0,0,0,1,1,1,2,51,8,5132,2,8,VOLVO MODEL MISSING,4,E01001836,0,1
2024461477939,2024,461477939,2,21,1,-1,19,1,5,-1,0,0,0,0,0,0,1,1,-1,1,1,64,9,10837,2,12,VOLVO MODEL MISSING,2,E01020917,0,4
2024622400708,2024,622400708,1,21,0,18,19,4,7,0,0,0,0,0,1,4,1,1,1,1,1,60,9,10837,2,8,VOLVO MODEL MISSING,3,W01001900,0,4
2024010541129,2024,010541129,1,11,1,4,4,5,1,0,0,4,0,0,0,0,0,1,1,1,2,51,8,9360,2,12,VOLVO MODEL MISSING,10,E01030509,0,2
2024320268698,2024,320268698,2,21,0,2,2,0,0,0,0,0,0,0,0,0,3,1,-1,-1,1,54,8,12777,2,5,VOLVO MODEL MISSING,3,E01011125,0,5
2024991501719,2024,991501719,1,11,0,-1,5,2,6,-1,2,0,0,0,0,0,0,1,-1,1,1,51,8,5132,2,9,VOLVO MODEL MISSING,8,-1,0,4
2024520402499,2024,520402499,1,20,1,18,19,5,1,0,0,8,4,0,0,0,3,1,6,6,1,42,7,-1,-1,-1,VOLVO MODEL MISSING,4,E01014946,0,4
2024991499770,2024,991499770,2,21,1,-1,2,3,6,-1,0,0,0,0,0,0,2,1,-1,1,1,43,7,12777,2,5,VOLVO MODEL MISSING,6,-1,0,4
2024461401325,2024,461401325,1,20,0,-1,7,2,5,-1,0,0,0,0,0,0,3,9,-1,6,1,50,8,10837,2,9,VOLVO MODEL MISSING,3,E01035668,0,4
2024010516365,2024,010516365,1,11,0,4,4,3,7,0,0,2,0,0,0,0,0,1,1,1,1,21,5,5132,2,7,VOLVO MODEL MISSING,2,E01002090,0,2
2024010492290,2024,010492290,2,11,0,18,19,6,2,2,2,1,0,0,0,0,0,1,6,6,1,54,8,5132,2,7,VOLVO MODEL MISSING,1,E01002736,0,1
2024131557261,2024,131557261,3,11,0,-1,19,2,6,-1,0,8,0,0,0,0,0,1,-1,1,2,59,9,7300,2,22,VOLVO MODEL MISSING,2,E01011355,0,1
2024552400429,2024,552400429,1,21,1,6,6,3,3,0,0,8,0,0,0,0,2,1,1,1,1,60,9,12777,2,3,VOLVO MODEL MISSING,5,E01018128,0,5
2024461485083,2024,461485083,2,11,0,-1,19,3,7,-1,0,0,0,0,0,0,2,1,-1,1,1,55,8,9360,2,16,VOLVO MODEL MISSING,8,E01024845,0,1
2024010502441,2024,010502441,1,11,0,4,4,3,7,0,0,1,0,0,0,0,1,1,1,1,1,51,8,5132,2,8,VOLVO MODEL MISSING,4,E01004538,0,1
2024471443185,2024,471443185,1,21,0,-1,9,7,5,-1,0,6,0,0,0,0,1,1,-1,6,1,43,7,12777,2,6,VOLVO MODEL MISSING,6,E01035333,0,2
2024010519412,2024,010519412,1,11,1,4,4,4,8,0,0,0,0,0,0,0,4,1,1,1,1,50,8,9360,2,12,VOLVO MODEL MISSING,9,E01000451,0,2
2024991395318,2024,991395318,1,11,0,-1,5,2,6,-1,0,1,0,0,0,0,4,1,-1,1,1,30,6,5132,2,3,VOLVO MODEL MISSING,7,-1,0,4
2024401414430,2024,401414430,1,11,0,-1,19,4,8,-1,2,0,0,0,0,0,1,1,-1,1,1,55,8,7300,2,12,VOLVO MODEL MISSING,9,E01017655,0,4
2024332400396,2024,332400396,1,21,0,-1,19,7,3,-1,0,0,0,0,0,0,1,1,-1,1,1,32,6,10837,2,8,VOLVO MODEL MISSING,3,E01013698,0,3
2024211397940,2024,211397940,1,11,-1,-1,19,4,7,-1,0,0,0,0,0,0,0,1,-1,9,1,38,7,7300,2,16,VOLVO MODEL MISSING,8,E01019874,0,3
2024010507086,2024,010507086,1,11,0,5,5,5,1,0,0,8,0,0,0,0,0,1,1,1,1,62,9,5132,2,9,VOLVO MODEL MISSING,2,E01001219,0,1
2024122400437,2024,122400437,3,11,0,17,19,5,2,0,0,0,0,0,0,0,0,1,1,1,1,66,10,9600,2,25,VOLVO MODEL MISSING,1,E01027820,0,4
2024010509023,2024,010509023,1,90,5,18,19,7,3,0,0,0,0,0,0,0,2,1,1,1,1,61,9,-1,-1,-1,VOLVO MODEL MISSING,4,E01023296,0,4
2024070614883,2024,070614883,3,11,0,18,19,0,0,0,0,0,0,0,0,0,3,1,1,1,1,31,6,9360,2,17,VOLVO MODEL MISSING,3,E01018378,0,1
2024451460662,2024,451460662,1,21,0,-1,11,1,5,-1,0,0,0,0,0,0,4,1,-1,1,1,23,5,10837,2,7,VOLVO MODEL MISSING,6,E01016478,0,4
2024991484301,2024,991484301,1,11,0,-1,4,2,6,-1,0,8,0,0,0,0,1,1,-1,1,1,64,9,7698,2,1,VOLVO MODEL MISSING,2,-1,0,4
2024070871481,2024,070871481,2,21,1,-1,19,8,4,-1,0,8,0,0,7,10,1,1,-1,1,1,66,10,12777,2,0,VOLVO MODEL MISSING,3,E01004955,0,4
2024302400724,2024,302400724,2,21,1,18,19,6,2,0,0,0,0,0,0,0,1,1,1,1,1,42,7,12777,2,4,VOLVO MODEL MISSING,9,E01026396,0,4
2024061419396,2024,061419396,1,21,1,-1,9,3,1,-1,0,1,0,0,0,0,1,1,-1,1,1,31,6,12777,2,8,VOLVO MODEL MISSING,-1,-1,0,-1
2024010531444,2024,010531444,1,11,0,5,5,1,5,2,2,1,0,0,0,0,0,1,1,1,1,30,6,5132,2,8,VOLVO MODEL MISSING,4,E01001322,0,2
2024010551744,2024,010551744,2,21,0,99,99,9,9,99,99,9,9,99,9,99,4,9,6,6,1,29,6,-1,-1,-1,VOLVO MODEL MISSING,4,E01024279,0,4
2024070403528,2024,070403528,2,21,0,-1,-1,8,4,0,0,0,0,0,0,0,3,1,1,1,1,35,6,12777,2,7,VOLVO MODEL MISSING,7,E01018357,0,1
2024451487214,2024,451487214,4,90,0,-1,19,3,7,-1,0,0,0,0,0,0,1,2,-1,1,1,64,9,10837,2,11,VOLVO MODEL MISSING,5,E01030001,0,5
2024991433674,2024,991433674,1,11,0,-1,4,8,4,-1,0,2,0,0,0,0,0,1,-1,1,1,58,9,5132,2,3,VOLVO MODEL MISSING,2,-1,0,4
2024451433499,2024,451433499,2,11,0,-1,19,1,5,-1,0,0,0,0,0,0,0,1,-1,1,1,59,9,9360,2,11,VOLVO MODEL MISSING,9,E01004085,0,2
2024131394819,2024,131394819,1,21,0,-1,7,1,5,-1,9,0,0,0,0,0,0,1,-1,6,3,-1,-1,12777,2,6,VOLVO MODEL MISSING,-1,-1,0,-1
2024010524554,2024,010524554,1,11,0,18,19,5,1,0,0,2,0,0,0,0,1,1,1,1,1,32,6,5132,2,7,VOLVO MODEL MISSING,3,E01004471,0,2
2024991528484,2024,991528484,1,11,0,-1,4,7,3,-1,0,0,0,0,0,0,0,1,-1,1,1,43,7,5132,2,7,VOLVO MODEL MISSING,3,-1,0,1
2024010527926,2024,010527926,2,11,0,2,2,0,0,0,0,0,0,0,0,0,2,1,6,6,3,-1,-1,5132,2,9,VOLVO MODEL MISSING,-1,-1,0,-1
2024101440108,2024,101440108,1,21,1,-1,12,3,7,-1,0,0,0,0,0,0,0,1,-1,1,1,54,8,12777,2,4,VOLVO MODEL MISSING,1,E01008285,0,1
2024991521858,2024,991521858,1,11,0,-1,19,5,1,-1,0,2,0,0,0,0,0,1,-1,1,1,41,7,5132,2,7,VOLVO MODEL MISSING,6,-1,0,1
2024131458082,2024,131458082,1,21,0,-1,-1,-1,-1,-1,-1,-1,-1,-1,-1,-1,4,1,-1,6,3,-1,-1,12777,2,7,VOLVO MODEL MISSING,-1,-1,0,-1
2024991469358,2024,991469358,1,21,0,-1,9,5,1,-1,0,1,0,0,0,0,1,1,-1,1,2,18,4,12777,2,7,VOLVO MODEL MISSING,6,-1,0,4
2024052400281,2024,052400281,1,21,1,18,19,5,1,0,0,0,0,4,0,0,1,1,1,1,1,55,8,12777,2,10,VOLVO MODEL MISSING,7,E01011051,0,4
2024201434242,2024,201434242,1,11,0,-1,19,2,6,-1,0,1,0,10,0,0,1,9,-1,1,1,65,9,7300,2,21,VOLVO MODEL MISSING,2,E01010059,0,1
2024010551552,2024,010551552,1,11,0,4,4,1,5,2,2,1,0,0,0,0,0,1,1,1,2,23,5,5132,2,7,VOLVO MODEL MISSING,1,E01025396,0,5
2024131582083,2024,131582083,2,21,0,-1,19,5,1,-1,0,8,0,0,0,0,3,1,-1,1,1,58,9,-1,-1,-1,VOLVO MODEL MISSING,8,E01032503,0,2
2024161484973,2024,161484973,1,11,0,-1,19,7,3,-1,0,1,0,0,0,0,0,9,-1,1,1,38,7,7300,2,15,VOLVO MODEL MISSING,1,E01012865,0,1
2024631454076,2024,631454076,1,11,0,-1,1,8,4,-1,0,0,0,0,0,0,2,1,-1,6,1,45,7,7698,2,1,VOLVO MODEL MISSING,9,W01000441,0,3
2024131505025,2024,131505025,1,21,0,-1,19,5,1,-1,0,8,0,0,0,0,1,1,-1,1,1,59,9,12777,2,11,VOLVO MODEL MISSING,5,E01011147,0,3
2024991527601,2024,991527601,3,90,0,-1,19,3,7,-1,0,1,0,0,0,0,0,1,-1,6,1,53,8,-1,-1,-1,VOLVO MODEL MISSING,10,-1,0,4
2024010514202,2024,010514202,1,11,0,4,4,1,5,0,0,8,0,0,0,0,2,1,1,1,1,58,9,5132,2,7,VOLVO MODEL MISSING,3,E01001894,0,1
2024522402793,2024,522402793,1,21,1,3,3,5,1,0,0,0,0,0,0,0,3,1,1,1,1,38,7,12777,2,1,VOLVO MODEL MISSING,6,E01031846,0,4
2024991512115,2024,991512115,2,90,0,-1,19,7,3,-1,0,0,1,0,1,0,3,1,-1,1,1,53,8,-1,-1,-1,VOLVO MODEL MISSING,2,E01019115,0,4
2024010500782,2024,010500782,2,11,0,9,9,7,6,0,0,1,0,0,0,0,0,1,1,1,1,53,8,5132,2,7,VOLVO MODEL MISSING,-1,-1,0,-1
2024471448356,2024,471448356,2,11,0,-1,19,1,5,-1,2,8,0,0,0,0,1,1,-1,1,1,64,9,7300,2,10,VOLVO MODEL MISSING,6,E01031601,0,1
2024440069075,2024,440069075,4,21,0,18,19,5,1,0,0,0,0,0,0,0,3,1,6,6,1,57,9,12777,2,7,VOLVO MODEL MISSING,1,E01017240,0,4
2024010524615,2024,010524615,1,11,0,14,14,7,3,0,0,1,0,0,0,0,1,1,1,1,1,28,6,5132,2,5,VOLVO MODEL MISSING,-1,-1,0,-1
2024010509131,2024,010509131,1,11,0,18,19,1,5,0,0,0,0,0,0,0,1,1,1,1,2,45,7,5132,2,7,VOLVO MODEL MISSING,3,E01001814,0,1
2024991462412,2024,991462412,1,11,0,-1,19,2,6,-1,2,1,0,0,0,0,1,2,-1,1,1,66,10,7698,2,5,VOLVO MODEL MISSING,-1,-1,0,-1
2024421519528,2024,421519528,5,21,1,-1,19,1,5,-1,0,0,0,0,0,0,1,1,-1,1,1,58,9,12777,2,0,VOLVO MODEL MISSING,3,E01013254,0,5
2024991497529,2024,991497529,1,11,0,-1,5,3,7,-1,0,0,0,0,0,0,2,1,-1,1,1,48,8,7698,2,3,VOLVO MODEL MISSING,5,-1,0,2
2024461530972,2024,461530972,1,21,0,-1,19,3,3,-1,0,0,1,0,0,0,1,2,-1,1,1,58,9,12130,2,19,VOLVO MODEL MISSING,1,E01024563,0,3
2024211435780,2024,211435780,1,21,1,-1,19,6,6,-1,0,8,0,0,0,0,1,1,-1,1,1,62,9,10837,2,5,VOLVO MODEL MISSING,6,E01019732,0,4
2024010525699,2024,010525699,1,11,0,7,7,1,3,2,2,7,0,0,1,0,1,1,1,1,1,26,6,5132,2,9,VOLVO MODEL MISSING,2,E01034476,0,1
2024991403109,2024,991403109,1,11,0,-1,5,3,7,-1,0,2,0,0,0,0,4,1,-1,1,1,54,8,9360,2,14,VOLVO MODEL MISSING,3,-1,0,1
2024451415533,2024,451415533,1,21,1,-1,19,6,2,-1,0,0,0,0,0,0,2,1,-1,1,1,49,8,12777,2,2,VOLVO MODEL MISSING,4,E01030743,0,3
2024401467800,2024,401467800,2,11,0,-1,7,7,3,-1,2,1,0,0,0,0,1,1,-1,1,1,56,9,9360,2,17,VOLVO MODEL MISSING,10,E01017407,0,3
2024421519366,2024,421519366,1,11,0,-1,19,8,4,-1,2,0,0,0,0,0,0,1,-1,7,1,51,8,4760,2,13,VOLVO MODEL MISSING,2,E01000049,0,3
2024010549583,2024,010549583,1,11,0,18,19,7,3,0,0,0,0,0,0,0,0,1,1,1,2,54,8,5132,2,9,VOLVO MODEL MISSING,4,E01003091,0,2
2024010510343,2024,010510343,1,11,0,18,19,7,3,0,0,2,0,0,0,0,0,1,1,1,1,51,8,5132,2,6,VOLVO MODEL MISSING,4,E01000490,0,1
2024540835224,2024,540835224,1,21,0,18,19,3,7,0,0,0,0,0,1,0,1,1,6,6,1,71,10,10837,2,11,VOLVO MODEL MISSING,10,E01022888,0,4
2024010522061,2024,010522061,1,11,0,17,19,8,4,0,0,1,0,0,1,2,1,1,1,1,2,37,7,4760,2,11,VOLVO MODEL MISSING,4,E01033941,0,2
2024991420470,2024,991420470,1,11,0,-1,19,3,7,-1,2,0,0,0,0,0,4,2,-1,9,1,34,6,7698,2,5,VOLVO MODEL MISSING,7,-1,0,3
2024010510620,2024,010510620,1,11,0,18,19,1,5,2,2,0,0,0,0,0,1,1,6,6,1,66,10,5132,2,7,VOLVO MODEL MISSING,4,E01000532,0,1
2024010491792,2024,010491792,1,11,0,18,19,5,1,0,0,8,0,0,7,10,1,1,1,1,1,61,9,5132,2,10,VOLVO MODEL MISSING,1,E01000524,0,2
2024302400052,2024,302400052,3,21,0,12,12,8,4,0,0,0,0,0,0,0,3,1,1,1,1,53,8,12777,2,2,VOLVO MODEL MISSING,3,E01005567,0,4
2024010531818,2024,010531818,2,4,0,18,19,1,5,0,0,1,0,0,0,0,4,1,2,2,1,59,9,350,1,5,MAKE AND MODEL REDACTED,7,E01004516,0,1
2024010513229,2024,010513229,1,3,0,99,99,9,9,99,99,9,9,99,9,99,9,1,1,1,1,39,7,350,1,5,MAKE AND MODEL REDACTED,9,E01002926,0,3
2024010518895,2024,010518895,1,4,0,18,19,2,6,0,0,8,0,0,0,0,1,1,6,6,1,56,9,350,1,4,MAKE AND MODEL REDACTED,10,E01003425,0,1
2024481563924,2024,481563924,2,4,0,-1,4,3,7,-1,0,0,0,0,0,0,2,1,-1,6,1,39,7,350,1,5,MAKE AND MODEL REDACTED,-1,-1,0,-1
2024010517776,2024,010517776,1,4,0,18,19,8,4,2,2,8,2,0,0,0,0,1,6,6,1,45,7,348,1,5,MAKE AND MODEL REDACTED,-1,-1,0,-1
2024421432555,2024,421432555,1,4,0,-1,13,2,6,-1,0,1,0,0,0,0,4,1,-1,2,1,36,7,350,1,4,MAKE AND MODEL REDACTED,-1,-1,0,-1
2024010500718,2024,010500718,2,4,0,18,19,2,6,0,0,8,0,0,0,0,3,1,2,2,1,32,6,350,1,5,MAKE AND MODEL REDACTED,4,E01001459,0,2
2024031488149,2024,031488149,2,4,0,-1,19,5,2,-1,0,1,0,0,0,0,4,1,-1,6,2,60,9,350,1,1,MAKE AND MODEL REDACTED,10,E01019261,0,1
2024430353224,2024,430353224,2,4,0,5,5,3,7,0,0,4,0,0,0,0,1,1,6,6,1,68,10,350,1,3,MAKE AND MODEL REDACTED,-1,-1,0,-1
2024052402541,2024,052402541,1,9,0,18,19,3,5,0,0,0,0,0,0,0,1,1,6,6,2,48,8,1995,2,6,BMW X4,3,E01006780,0,2
2024010547485,2024,010547485,1,9,0,18,19,5,1,0,0,0,0,0,0,0,4,1,2,2,1,26,6,2993,2,9,BMW X4,2,E01002741,0,1
2024201556281,2024,201556281,1,9,0,-1,5,1,5,-1,0,1,0,0,0,0,1,9,-1,6,3,-1,-1,2998,8,3,BMW X4,-1,-1,0,-1
2024010524960,2024,010524960,2,9,0,3,3,7,3,0,0,1,0,0,0,0,2,1,6,6,2,41,7,1995,2,5,BMW X4,-1,-1,0,-1
2024010491436,2024,010491436,2,9,0,18,19,4,8,0,0,0,0,0,0,0,1,1,6,6,3,-1,-1,2993,1,5,BMW X4,-1,-1,0,-1
2024440346768,2024,440346768,1,9,0,18,19,7,3,0,0,0,0,0,0,0,2,1,6,6,1,50,8,2993,12,0,BMW X4,9,E01022557,0,1
2024501450384,2024,501450384,2,9,0,-1,19,3,7,-1,0,0,0,0,0,0,1,1,-1,9,1,58,9,2993,12,2,BMW X4,4,W01001066,0,4
2024052402619,2024,052402619,2,9,0,2,2,0,0,0,0,1,0,0,0,0,2,1,6,6,2,36,7,1995,2,8,BMW X4,2,E01006742,0,1
2024010499018,2024,010499018,1,9,0,99,99,9,9,99,99,9,9,99,9,99,2,1,6,6,3,-1,-1,1995,2,7,BMW X4,-1,-1,0,-1
2024010511149,2024,010511149,2,9,0,99,99,9,9,99,99,9,9,99,9,99,1,9,6,6,3,-1,-1,2993,2,5,BMW X4,-1,-1,0,-1
2024052400957,2024,052400957,1,9,0,18,19,7,3,0,0,1,2,4,3,2,1,1,6,6,1,27,6,2998,8,2,BMW X4,5,E01033796,0,1
2024421438257,2024,421438257,1,9,0,-1,19,3,7,-1,0,0,0,0,0,0,1,1,-1,2,2,44,7,1995,2,9,BMW X4,4,E01022028,0,1
2024010535507,2024,010535507,3,9,0,18,19,1,5,0,0,1,0,0,0,0,3,1,6,6,2,45,7,1995,-1,2,BMW X4,3,E01000385,0,2
2024131418592,2024,131418592,2,9,0,-1,19,7,3,-1,0,0,0,0,0,0,2,1,-1,9,1,61,9,1995,2,9,BMW X4,3,E01020868,0,5
2024221403313,2024,221403313,1,9,0,-1,19,5,1,-1,0,1,0,0,7,10,1,1,-1,6,2,60,9,1995,12,3,BMW X4,4,E01014003,0,4
2024010521479,2024,010521479,2,9,0,18,19,7,3,0,0,0,0,0,0,0,1,1,6,6,3,-1,-1,1995,2,10,BMW X4,-1,-1,0,-1
2024311526977,2024,311526977,1,9,0,-1,19,2,6,-1,0,0,0,0,0,0,3,1,-1,2,2,42,7,2993,2,8,BMW X4,-1,-1,0,-1
2024302401794,2024,302401794,1,9,0,18,19,1,5,0,0,0,0,0,0,0,1,1,6,6,1,59,9,1995,2,8,BMW X4,7,E01029396,0,4
2024211477640,2024,211477640,2,9,0,-1,19,7,3,-1,0,0,1,0,0,0,1,1,-1,6,1,35,6,1995,12,2,BMW X4,-1,-1,0,-1
2024010545821,2024,010545821,2,9,0,3,3,7,3,0,0,1,0,0,0,0,2,1,6,6,1,44,7,1995,2,8,BMW X4,4,E01033322,0,1
2024471455522,2024,471455522,1,9,0,-1,9,7,6,-1,0,2,0,0,0,0,4,1,-1,1,1,67,10,2993,12,1,BMW X4,5,E01031465,0,2
2024991421963,2024,991421963,1,9,0,-1,1,7,3,-1,0,1,0,0,0,0,2,2,-1,6,1,18,4,2993,2,8,BMW X4,-1,-1,0,-1
2024010517335,2024,010517335,1,9,0,18,19,5,1,0,0,1,0,0,0,0,1,1,6,6,3,-1,-1,1995,2,5,BMW X4,-1,-1,0,-1
2024010551930,2024,010551930,2,9,0,18,19,5,1,0,0,0,1,10,1,11,1,1,6,6,1,44,7,1995,12,2,BMW X4,-1,-1,0,-1
2024061494708,2024,061494708,1,8,0,-1,-1,-1,-1,-1,-1,-1,-1,-1,-1,0,-1,9,-1,6,2,-1,-1,-1,-1,-1,BMW X4,-1,-1,0,-1
2024052402785,2024,052402785,5,9,0,2,2,0,0,0,0,1,0,0,0,0,2,1,6,6,3,-1,-1,1995,12,3,BMW X4,-1,-1,0,-1
2024461396429,2024,461396429,2,9,0,-1,11,5,1,-1,0,0,0,0,0,0,4,9,-1,6,1,-1,-1,1995,2,7,BMW X4,7,E01033213,0,3
2024411493501,2024,411493501,1,9,0,-1,19,3,7,-1,0,0,1,0,7,10,1,1,-1,6,1,87,11,2993,2,6,BMW X4,9,E01023849,0,1
2024010497578,2024,010497578,2,9,0,18,19,3,7,0,0,8,0,0,0,0,4,1,6,6,1,40,7,2993,2,10,BMW X4,-1,-1,0,-1
2024010537310,2024,010537310,1,9,0,18,19,1,5,0,0,1,0,0,0,0,2,1,6,6,1,22,5,2993,1,4,BMW X4,2,E01001447,0,2
2024631414652,2024,631414652,1,9,0,-1,19,6,2,-1,0,8,0,0,0,0,4,1,-1,7,1,52,8,1995,2,5,BMW X4,2,E01008812,0,5
2024622400090,2024,622400090,1,8,0,18,19,4,8,0,0,4,0,0,0,0,1,1,6,6,2,39,7,-1,-1,-1,BMW X4,9,W01001135,0,2
2024010521211,2024,010521211,3,9,0,18,19,3,7,0,0,1,0,0,0,0,1,1,6,6,3,-1,-1,2998,1,5,BMW X4,-1,-1,0,-1
2024531415630,2024,531415630,2,9,0,-1,19,5,1,-1,0,0,0,0,0,0,1,1,-1,6,1,30,6,2993,2,7,BMW X4,7,E01032403,0,4
2024991510125,2024,991510125,1,9,0,-1,19,3,7,-1,0,0,0,0,0,0,4,1,-1,9,1,59,9,1995,12,2,BMW X4,9,-1,0,1
2024010514773,2024,010514773,1,9,0,18,19,4,8,0,0,1,0,0,0,0,1,1,2,2,1,46,8,1995,2,6,BMW X4,1,E01000782,0,1
2024201480740,2024,201480740,6,9,0,-1,2,0,0,-1,0,0,0,0,0,0,2,1,-1,6,-1,-1,-1,1995,2,6,BMW X4,-1,-1,0,-1
2024131436258,2024,131436258,1,9,0,-1,19,3,7,-1,0,0,0,0,2,0,3,1,-1,9,2,28,6,2993,2,8,BMW X4,8,E01032490,0,2
2024501478511,2024,501478511,1,9,0,-1,19,2,6,-1,0,6,0,0,0,0,3,1,-1,9,2,46,8,1995,2,9,BMW X4,2,E01019034,0,4
2024010546778,2024,010546778,3,9,0,3,3,3,7,0,0,1,0,0,0,0,2,1,6,6,1,24,5,2993,1,3,BMW X4,5,W01000757,0,5
2024231528646,2024,231528646,2,9,0,-1,19,5,8,-1,0,0,0,0,0,0,1,1,-1,1,2,37,7,1995,2,7,BMW X4,6,E01009685,0,3
2024010515228,2024,010515228,1,9,0,2,2,0,0,0,0,0,0,10,0,0,1,1,6,6,3,-1,-1,2993,1,4,BMW X4,-1,-1,0,-1
2024010539723,2024,010539723,1,9,0,5,5,1,5,0,0,6,0,0,0,0,3,1,2,2,1,35,6,1995,2,4,BMW X4,2,E01003966,0,1
2024052400791,2024,052400791,2,9,0,18,19,3,7,0,0,0,0,0,0,0,3,1,6,6,1,45,7,1995,2,5,BMW X4,9,E01018545,0,3
2024201492355,2024,201492355,1,9,0,-1,19,7,1,-1,0,0,0,0,0,0,3,1,-1,9,3,-1,-1,1995,2,8,BMW X4,-1,-1,0,-1
2024421474573,2024,421474573,1,9,0,-1,19,8,4,-1,0,1,0,0,0,0,1,1,-1,6,1,39,7,2993,2,7,BMW X4,8,E01015823,0,1
2024010517483,2024,010517483,1,9,0,18,19,1,5,0,0,1,0,0,0,0,1,1,6,6,2,31,6,2993,2,6,BMW X4,1,E01003290,0,1
2024010520375,2024,010520375,2,9,0,99,99,9,9,99,99,9,9,99,9,99,1,9,6,6,3,-1,-1,1995,2,5,BMW X4,-1,-1,0,-1
2024010501802,2024,010501802,2,9,0,99,99,9,9,99,99,9,9,99,9,99,9,9,6,6,3,-1,-1,2993,2,5,BMW X4,-1,-1,0,-1
2024522500300,2024,522500300,2,9,0,14,14,1,5,0,0,1,0,0,0,0,4,1,6,6,3,-1,-1,1995,2,8,BMW X4,-1,-1,0,-1
2024302400877,2024,302400877,1,9,0,2,2,0,0,0,0,0,0,0,0,0,2,1,6,6,3,39,7,1995,2,9,BMW X4,-1,-1,0,-1
2024010519168,2024,010519168,4,9,0,18,19,3,7,0,0,1,0,0,0,0,1,1,6,6,1,29,6,1995,12,4,BMW X4,4,E01000134,0,3