collision_index,collision_year,collision_ref_no,vehicle_reference,vehicle_type,towing_and_articulation,vehicle_manoeuvre_historic,vehicle_manoeuvre,vehicle_direction_from,vehicle_direction_to,vehicle_location_restricted_lane_historic,vehicle_location_restricted_lane,junction_location,skidding_and_overturning,hit_object_in_carriageway,vehicle_leaving_carriageway,hit_object_off_carriageway,first_point_of_impact,vehicle_left_hand_drive,journey_purpose_of_driver_historic,journey_purpose_of_driver,sex_of_driver,age_of_driver,age_band_of_driver,engine_capacity_cc,propulsion_code,age_of_vehicle,generic_make_model,driver_imd_decile,lsoa_of_driver,escooter_flag,driver_distance_banding
2024010522520,2024,010522520,3,9,0,2,2,0,0,0,0,0,0,0,0,0,0,1,6,6,3,-1,-1,1995,-1,3,BMW X4,-1,-1,0,-1
2024440104003,2024,440104003,2,9,0,4,4,8,4,0,0,0,0,0,0,0,2,1,6,6,1,72,10,2993,2,6,BMW X4,9,E01033384,0,1
2024991429028,2024,991429028,1,9,0,-1,19,2,7,-1,0,2,0,0,0,0,3,1,-1,9,2,53,8,1995,12,3,BMW X4,7,-1,0,1
2024320003809,2024,320003809,1,9,0,18,19,6,2,0,0,0,1,0,1,4,1,1,6,6,1,37,7,2993,2,8,BMW X4,8,E01026228,0,1
2024010507424,2024,010507424,1,9,0,17,19,3,7,0,0,1,0,0,0,0,1,1,6,6,1,30,6,1995,2,6,BMW X4,3,E01003570,0,3
2024631426937,2024,631426937,1,9,0,-1,19,4,8,-1,0,0,0,0,0,0,1,1,-1,9,1,58,9,2993,2,7,BMW X4,7,W01000523,0,3
2024610033824,2024,610033824,1,9,0,18,19,4,8,0,0,0,0,0,0,0,1,1,6,6,1,44,7,1995,2,9,BMW X4,3,W01001353,0,1
2024010539101,2024,010539101,3,9,0,2,2,0,0,0,0,1,0,0,0,0,4,1,6,6,3,-1,-1,1995,2,6,BMW X4,-1,-1,0,-1
2024991405196,2024,991405196,2,9,0,-1,19,1,5,-1,0,0,0,0,0,0,2,1,-1,9,2,41,7,2993,2,5,BMW X4,1,-1,0,2
2024440271552,2024,440271552,3,9,0,18,19,7,3,0,0,2,0,0,0,0,1,1,2,2,2,37,7,1995,12,1,BMW X4,8,E01023245,0,1
2024211534516,2024,211534516,2,9,0,-1,9,1,5,-1,0,1,0,0,0,0,1,1,-1,6,1,43,7,1995,2,7,BMW X4,3,E01029553,0,1
2024122500447,2024,122500447,2,9,0,18,19,6,2,0,0,1,0,0,0,0,2,1,6,6,1,66,10,2993,2,9,BMW X4,6,E01027849,0,1
2024552400537,2024,552400537,4,9,0,2,2,0,0,0,0,0,0,0,0,0,2,1,6,6,3,-1,-1,1995,12,4,BMW X4,-1,-1,0,-1
2024010516688,2024,010516688,1,9,0,9,9,7,5,0,0,6,5,0,0,0,1,1,6,6,1,23,5,2993,1,5,BMW X4,2,E01003037,0,1
2024440224610,2024,440224610,1,9,0,5,5,4,8,0,0,1,0,0,0,0,1,1,6,6,3,-1,-1,2993,2,9,BMW X4,-1,-1,0,-1
2024221462686,2024,221462686,1,9,0,-1,9,5,2,-1,0,5,0,0,0,0,1,1,-1,9,2,74,10,1298,1,16,DAIHATSU SIRION,9,E01032218,0,1
2024302401200,2024,302401200,1,9,0,18,19,3,7,0,0,1,0,0,0,0,4,1,6,6,3,-1,-1,1298,1,16,DAIHATSU SIRION,-1,-1,0,-1
2024531474430,2024,531474430,1,9,0,-1,19,5,1,-1,0,1,0,0,0,0,1,1,-1,6,-1,-1,-1,1298,1,17,DAIHATSU SIRION,-1,-1,0,-1
2024010491904,2024,010491904,2,9,0,9,9,2,8,0,0,5,0,0,0,0,1,1,6,6,2,61,9,1298,1,15,DAIHATSU SIRION,-1,-1,0,-1
2024471479612,2024,471479612,1,9,0,-1,9,7,5,-1,0,8,0,0,0,0,1,1,-1,9,1,71,10,1298,1,18,DAIHATSU SIRION,3,E01031459,0,1
2024501402195,2024,501402195,1,9,0,-1,1,7,6,-1,0,2,0,0,0,0,2,9,-1,6,1,53,8,1298,1,16,DAIHATSU SIRION,7,E01020318,0,1
2024141526357,2024,141526357,2,9,0,-1,19,6,2,-1,0,0,0,0,0,0,1,1,-1,6,1,23,5,1298,1,16,DAIHATSU SIRION,9,E01008079,0,1
2024010537463,2024,010537463,1,9,0,8,8,5,8,0,0,1,0,0,0,0,4,1,6,6,2,51,8,1495,1,16,DAIHATSU SIRION,5,E01002640,0,1
2024041402626,2024,041402626,2,9,0,-1,19,1,5,-1,0,8,0,0,0,0,1,1,-1,9,2,47,8,1298,1,16,DAIHATSU SIRION,4,E01012723,0,1
2024201410622,2024,201410622,1,9,0,-1,13,6,2,-1,0,0,0,0,0,0,1,1,-1,2,2,35,6,1298,1,18,DAIHATSU SIRION,5,E01009031,0,1
2024371427463,2024,371427463,2,9,0,-1,4,1,5,-1,0,1,0,0,0,0,2,1,-1,6,1,65,9,1298,1,15,DAIHATSU SIRION,7,E01030200,0,4
2024411469275,2024,411469275,1,9,-1,-1,-1,-1,-1,-1,-1,-1,-1,-1,-1,0,1,1,-1,2,2,50,8,998,1,19,DAIHATSU SIRION,10,E01033609,0,2
2024471482912,2024,471482912,2,9,0,-1,3,5,1,-1,0,1,0,0,0,0,2,1,-1,2,1,20,4,998,1,19,DAIHATSU SIRION,6,E01020986,0,1
2024061453150,2024,061453150,2,9,0,-1,19,3,7,-1,0,0,0,0,0,0,1,1,-1,6,1,24,5,1298,1,15,DAIHATSU SIRION,3,E01005480,0,1
2024351435863,2024,351435863,1,9,0,-1,19,3,7,-1,0,0,0,0,0,0,1,1,-1,9,2,86,11,1298,1,22,DAIHATSU SIRION,10,E01018265,0,1
2024010518656,2024,010518656,1,9,0,18,19,1,5,0,0,0,0,0,1,4,1,2,6,6,2,78,11,1298,1,15,DAIHATSU SIRION,9,E01001532,0,1
2024041452246,2024,041452246,1,9,0,-1,19,5,1,-1,0,1,0,0,0,0,3,1,-1,9,2,65,9,989,1,23,DAIHATSU SIRION,5,E01025508,0,3
2024543577224,2024,543577224,1,9,0,5,5,6,8,0,0,8,0,0,7,0,4,1,6,6,1,79,11,1298,1,18,DAIHATSU SIRION,8,E01032001,0,1
2024501530294,2024,501530294,1,9,0,-1,7,5,6,-1,0,6,0,0,0,0,1,1,-1,9,2,78,11,1298,1,19,DAIHATSU SIRION,3,E01015235,0,1
2024501396524,2024,501396524,1,9,0,-1,19,2,6,-1,0,1,0,0,0,0,2,1,-1,6,1,34,6,1298,1,22,DAIHATSU SIRION,3,E01015063,0,1
2024471439932,2024,471439932,1,9,0,-1,20,5,1,-1,-1,0,0,0,0,0,1,1,-1,9,2,88,11,1298,1,19,DAIHATSU SIRION,10,E01035348,0,1
2024302400687,2024,302400687,2,9,0,17,19,1,6,0,0,0,0,0,0,0,1,1,6,6,1,39,7,998,1,19,DAIHATSU SIRION,3,E01029568,0,4
2024440221080,2024,440221080,1,5,0,18,19,8,4,0,0,0,0,0,0,0,1,1,6,6,1,32,6,1449,1,19,MAKE AND MODEL REDACTED,3,E01017257,0,2
2024332400571,2024,332400571,1,5,0,-1,19,1,5,-1,0,1,0,0,0,0,1,1,-1,6,1,54,8,1520,1,24,MAKE AND MODEL REDACTED,-1,-1,0,-1
2024201574901,2024,201574901,2,3,0,-1,19,1,5,-1,0,0,0,0,1,0,3,1,-1,1,1,64,9,853,1,3,MAKE AND MODEL REDACTED,7,E01018428,0,4
2024361466027,2024,361466027,1,5,0,-1,19,7,4,-1,0,8,1,0,1,0,4,1,-1,9,1,64,9,853,1,0,MAKE AND MODEL REDACTED,8,E01026566,0,3
2024440175688,2024,440175688,1,5,0,16,19,4,8,0,0,1,1,11,0,0,1,1,6,6,1,70,10,853,1,0,MAKE AND MODEL REDACTED,4,E01017297,0,4
2024421448161,2024,421448161,1,5,0,-1,7,3,7,-1,0,3,0,0,0,0,1,1,-1,9,1,45,7,853,1,4,MAKE AND MODEL REDACTED,4,E01001499,0,4
2024440122435,2024,440122435,1,5,0,12,12,6,2,0,0,0,0,0,0,0,3,1,6,6,1,36,7,853,1,5,MAKE AND MODEL REDACTED,10,E01023242,0,4
2024610044824,2024,610044824,1,5,0,18,19,2,6,0,0,0,1,0,1,0,0,1,6,6,1,65,9,853,1,4,MAKE AND MODEL REDACTED,9,W01001573,0,1
2024010493266,2024,010493266,1,19,0,5,5,7,3,0,0,1,0,0,0,0,9,1,6,6,3,-1,-1,2298,2,3,NISSAN NV400,8,E01001888,0,1
2024131405323,2024,131405323,3,20,0,-1,19,1,1,-1,0,0,0,0,0,0,2,1,-1,1,1,52,8,2298,2,4,NISSAN NV400,2,E01010993,0,3
2024010520208,2024,010520208,1,19,0,99,99,9,9,99,99,9,9,99,9,99,9,9,6,6,1,-1,-1,2298,2,3,NISSAN NV400,1,E01002040,0,3
2024631530136,2024,631530136,2,19,0,-1,2,0,0,-1,0,0,0,0,1,10,2,2,-1,6,-1,-1,-1,2298,2,11,NISSAN NV400,-1,-1,0,-1
2024010519820,2024,010519820,2,20,0,99,99,9,9,99,99,9,9,99,9,99,9,9,6,6,3,-1,-1,-1,-1,-1,NISSAN NV400,-1,-1,0,-1
2024411565809,2024,411565809,1,19,0,-1,1,3,5,-1,0,1,0,0,0,0,2,1,-1,1,1,56,9,2298,2,4,NISSAN NV400,5,E01021494,0,4
2024010526883,2024,010526883,2,90,0,18,19,3,7,0,0,0,0,0,0,0,1,1,6,6,1,56,9,2298,2,9,NISSAN NV400,8,E01032825,0,4
2024430115038,2024,430115038,2,19,0,2,2,0,0,6,6,0,0,0,0,0,2,1,1,1,3,-1,-1,2298,2,6,NISSAN NV400,-1,-1,0,-1
2024371485822,2024,371485822,1,19,0,-1,9,8,4,-1,0,0,1,0,0,0,1,1,-1,1,1,29,6,2298,2,9,NISSAN NV400,-1,-1,0,-1
2024101479637,2024,101479637,1,19,0,-1,19,4,7,-1,0,4,0,0,0,0,1,1,-1,6,1,41,7,2298,2,7,NISSAN NV400,2,E01020877,0,4
2024440301682,2024,440301682,2,19,0,10,10,2,6,0,0,1,0,0,0,0,2,1,2,2,1,63,9,2298,2,9,NISSAN NV400,7,E01022997,0,1
2024361430462,2024,361430462,2,19,0,-1,19,5,1,-1,0,0,0,0,0,0,3,9,-1,1,1,54,8,-1,-1,-1,NISSAN NV400,4,E01030295,0,3
2024010529904,2024,010529904,1,19,0,-1,-1,1,5,0,0,0,0,0,0,0,4,1,1,1,1,25,5,2298,2,3,NISSAN NV400,2,E01001477,0,1
2024451482776,2024,451482776,2,19,0,-1,4,3,7,-1,0,0,0,0,0,0,1,1,-1,2,1,21,5,2298,2,4,NISSAN NV400,7,E01030722,0,3
2024010550923,2024,010550923,1,19,0,18,19,7,3,0,0,0,0,0,0,0,1,1,1,1,1,47,8,2298,2,6,NISSAN NV400,6,E01000584,0,1
2024991412898,2024,991412898,1,19,0,-1,19,4,8,-1,0,0,0,0,0,0,1,1,-1,1,1,21,5,2298,2,3,NISSAN NV400,6,-1,0,5
2024201456369,2024,201456369,3,19,0,-1,2,0,0,-1,0,0,0,0,0,0,1,9,-1,6,-1,-1,-1,2298,2,5,NISSAN NV400,-1,-1,0,-1
2024461481229,2024,461481229,1,19,-1,-1,9,-1,-1,-1,0,0,0,0,0,0,3,9,-1,6,1,37,7,2298,2,12,NISSAN NV400,10,E01024453,0,2
2024461518442,2024,461518442,2,19,0,-1,19,8,4,-1,0,0,0,1,0,0,1,1,-1,1,2,32,6,2298,2,7,NISSAN NV400,5,E01023759,0,4
2024340WN3262,2024,340WN3262,2,20,0,-1,9,5,3,-1,0,5,0,0,7,0,3,1,-1,1,1,59,9,2279,2,6,NISSAN NV400,7,E01027353,0,3
2024991531390,2024,991531390,1,19,0,-1,9,7,5,-1,0,5,0,0,0,0,1,1,-1,2,1,40,7,2298,2,3,NISSAN NV400,10,-1,0,3
2024440323188,2024,440323188,1,19,0,18,19,1,5,0,0,7,0,0,0,0,1,1,1,1,1,23,5,2298,2,3,NISSAN NV400,3,E01004364,0,5
2024461536071,2024,461536071,1,9,0,-1,19,1,2,-1,0,0,0,4,0,0,1,1,-1,9,2,80,11,1995,2,22,MAKE AND MODEL REDACTED,10,E01024404,0,1
2024631445248,2024,631445248,2,9,0,-1,4,3,6,-1,0,1,0,0,0,0,2,1,-1,9,1,69,10,1398,1,6,MAKE AND MODEL REDACTED,7,W01000581,0,1
2024501414809,2024,501414809,1,4,0,-1,19,7,3,-1,0,0,1,0,0,0,1,1,-1,6,1,48,8,125,1,5,MAKE AND MODEL REDACTED,1,E01015256,0,2
2024010526612,2024,010526612,1,9,0,18,19,1,5,0,0,1,0,0,0,0,2,1,6,6,1,33,6,2687,1,16,PORSCHE BOXSTER,3,E01001954,0,4
2024010547400,2024,010547400,1,9,0,18,19,7,3,0,0,6,0,0,0,0,1,2,6,6,1,67,10,3387,1,17,PORSCHE BOXSTER,9,E01016696,0,4
2024371484620,2024,371484620,2,9,0,-1,19,6,2,-1,0,0,0,0,0,0,3,1,-1,9,1,69,10,2687,1,18,PORSCHE BOXSTER,7,E01029875,0,2
2024010546981,2024,010546981,2,9,9,2,2,9,9,99,99,9,9,99,9,99,9,9,6,6,2,56,9,2687,1,17,PORSCHE BOXSTER,6,E01033098,0,1
2024010505308,2024,010505308,1,9,0,99,99,9,9,99,99,9,9,99,9,99,9,9,6,6,2,56,9,2893,1,13,PORSCHE BOXSTER,1,E01003347,0,1
2024501475801,2024,501475801,2,9,0,-1,9,4,8,-1,0,2,0,0,3,0,4,1,-1,6,2,83,11,2706,1,9,PORSCHE BOXSTER,5,E01019031,0,2
2024451502940,2024,451502940,1,9,0,-1,19,1,5,-1,0,0,2,0,1,9,1,1,-1,9,2,23,5,3200,1,22,PORSCHE BOXSTER,4,E01030827,0,1
2024010522177,2024,010522177,2,9,0,99,99,9,9,99,99,9,9,99,9,99,9,9,6,6,1,50,8,2706,1,12,PORSCHE BOXSTER,9,E01004607,0,1
2024320337172,2024,320337172,1,9,0,-1,-1,8,4,0,0,8,0,0,7,1,1,1,-1,-1,1,19,4,2687,1,19,PORSCHE BOXSTER,4,E01026081,0,2
2024101564095,2024,101564095,2,9,0,-1,19,1,5,-1,0,1,0,0,0,0,3,1,-1,6,1,51,8,2700,1,21,PORSCHE BOXSTER,6,E01008750,0,1
2024041394986,2024,041394986,1,9,0,-1,19,3,7,-1,0,0,0,0,0,0,1,2,-1,2,1,48,8,3200,6,24,PORSCHE BOXSTER,5,E01012616,0,2
2024430466357,2024,430466357,2,9,0,18,19,2,6,0,0,1,0,0,0,0,1,1,6,6,3,-1,-1,3436,1,10,PORSCHE BOXSTER,-1,-1,0,-1
2024041469370,2024,041469370,1,9,0,-1,19,8,4,-1,0,8,1,0,0,0,3,1,-1,6,1,79,11,2700,6,24,PORSCHE BOXSTER,3,E01012755,0,1
2024461425142,2024,461425142,1,9,0,-1,19,1,5,-1,0,0,0,0,0,0,4,1,-1,6,1,49,8,1149,1,17,MAKE AND MODEL REDACTED,2,E01024257,0,1
2024231469367,2024,231469367,1,9,0,-1,13,5,1,-1,0,0,2,0,7,9,0,1,-1,6,2,38,7,1149,1,13,MAKE AND MODEL REDACTED,7,E01032943,0,3
2024320041915,2024,320041915,1,9,0,4,4,4,8,0,0,2,0,0,0,0,3,1,6,6,1,-1,-1,1149,1,17,MAKE AND MODEL REDACTED,-1,-1,0,-1
2024351469598,2024,351469598,2,9,0,-1,9,7,5,-1,0,8,0,0,0,0,1,1,-1,6,1,19,4,1149,1,16,MAKE AND MODEL REDACTED,5,E01017430,0,4
2024141531255,2024,141531255,2,9,0,-1,19,1,6,-1,0,0,0,0,0,0,1,9,-1,6,1,-1,-1,1149,1,16,MAKE AND MODEL REDACTED,3,E01011944,0,4
2024070054816,2024,070054816,2,9,0,18,19,5,1,0,0,4,0,0,0,0,1,1,6,6,1,58,9,1995,2,15,RENAULT KOLEOS,8,E01012495,0,1
2024052402666,2024,052402666,1,9,0,5,5,5,1,0,0,4,0,0,0,0,1,1,6,6,1,61,9,1995,2,15,RENAULT KOLEOS,5,E01006802,0,1
2024471434190,2024,471434190,1,9,0,-1,7,3,7,-1,0,0,0,0,0,0,1,1,-1,9,1,26,6,1995,2,15,RENAULT KOLEOS,5,E01020968,0,2
2024161419545,2024,161419545,3,9,0,-1,2,0,0,-1,0,0,0,0,0,0,2,1,-1,6,-1,-1,-1,1995,2,15,RENAULT KOLEOS,-1,-1,0,-1
2024361409067,2024,361409067,1,9,0,-1,19,1,5,-1,0,1,0,0,0,0,4,1,-1,6,2,26,6,1995,2,6,RENAULT KOLEOS,1,E01030291,0,3
202417M211824,2024,17M211824,2,9,0,-1,19,2,6,-1,0,8,0,0,0,0,1,1,-1,9,2,-1,-1,1995,2,5,RENAULT KOLEOS,1,E01012107,0,3
2024070054816,2024,070054816,1,9,0,18,19,3,7,0,0,4,0,0,1,1,4,1,6,6,1,63,9,1995,2,7,RENAULT KOLEOS,9,E01012562,0,1
2024440502034,2024,440502034,2,9,0,17,19,3,7,0,0,0,0,0,1,0,3,1,6,6,2,52,8,1995,2,7,RENAULT KOLEOS,7,E01022514,0,2
2024351460276,2024,351460276,1,9,-1,-1,-1,-1,-1,-1,-1,-1,-1,-1,-1,0,1,9,-1,2,2,41,7,1995,2,5,RENAULT KOLEOS,10,E01018118,0,2
2024052400246,2024,052400246,2,9,0,9,9,8,6,0,0,1,0,0,0,0,1,1,6,6,1,63,9,1995,2,16,RENAULT KOLEOS,2,E01006744,0,1
2024548510824,2024,548510824,1,3,0,18,19,8,4,0,0,0,0,12,0,0,1,1,6,6,1,37,7,125,1,1,SINNIS HOODLUM,7,E01028976,0,5
2024302401500,2024,302401500,2,3,0,17,19,2,8,0,0,0,0,0,0,0,1,1,6,6,1,19,4,125,1,2,SINNIS HOODLUM,-1,-1,0,-1
2024010540208,2024,010540208,2,3,0,18,19,5,1,0,0,1,0,0,0,0,1,1,6,6,1,21,5,125,1,3,SINNIS HOODLUM,2,E01001340,0,1
2024471485022,2024,471485022,1,3,0,-1,19,2,6,-1,0,0,1,0,0,0,0,1,-1,9,1,18,4,125,1,1,SINNIS HOODLUM,5,E01031731,0,1
2024520402291,2024,520402291,1,3,0,17,19,8,6,0,0,1,0,0,0,0,0,1,6,6,2,17,4,125,1,3,SINNIS HOODLUM,6,E01029080,0,1
2024440440315,2024,440440315,1,3,0,18,19,5,1,0,0,6,0,0,0,0,4,1,2,2,1,26,6,125,1,0,SINNIS HOODLUM,8,E01023084,0,2
2024041414682,2024,041414682,2,3,0,-1,19,5,1,-1,0,1,1,0,0,0,0,1,-1,9,1,21,5,125,1,1,SINNIS HOODLUM,1,E01012625,0,2
2024430355211,2024,430355211,1,3,0,18,19,4,8,0,0,0,0,12,0,0,4,1,2,2,1,44,7,125,1,1,SINNIS HOODLUM,6,E01035515,0,5
2024440215271,2024,440215271,1,3,0,5,5,5,1,0,0,8,1,0,0,0,3,1,6,6,1,17,4,125,1,2,SINNIS HOODLUM,2,E01017117,0,2
2024311535832,2024,311535832,1,4,0,-1,19,5,1,-1,0,0,0,0,0,0,1,1,-1,6,1,49,8,125,1,1,SINNIS HOODLUM,-1,-1,0,-1
2024311501429,2024,311501429,2,3,0,-1,19,7,3,-1,0,8,0,0,0,0,4,1,-1,6,1,23,5,125,1,1,SINNIS HOODLUM,3,E01028210,0,1
2024451455890,2024,451455890,1,3,0,-1,19,3,1,-1,0,3,5,0,0,0,0,1,-1,2,1,23,5,125,1,0,SINNIS HOODLUM,4,E01030354,0,3
2024631412060,2024,631412060,1,3,0,-1,19,8,4,-1,0,0,0,0,0,0,1,1,-1,6,1,26,6,125,1,3,SINNIS HOODLUM,6,W01000627,0,2
2024201435131,2024,201435131,1,5,0,-1,15,6,2,-1,0,0,0,0,0,0,1,1,-1,6,1,48,8,1255,1,15,SUZUKI GSF 1250,4,E01009145,0,1
2024340NN4372,2024,340NN4372,2,5,0,-1,19,5,1,-1,0,1,0,0,0,0,1,1,-1,6,1,37,7,1255,1,17,SUZUKI GSF 1250,6,E01027326,0,1
2024421507161,2024,421507161,2,5,0,-1,19,5,7,-1,0,8,0,0,0,0,4,1,-1,2,1,57,9,1255,1,16,SUZUKI GSF 1250,4,E01015996,0,1
2024201481522,2024,201481522,1,5,0,-1,13,2,6,-1,0,8,1,0,0,0,1,1,-1,6,3,-1,-1,1255,1,17,SUZUKI GSF 1250,-1,-1,0,-1
2024501502134,2024,501502134,2,5,0,-1,19,8,4,-1,0,0,0,0,0,0,1,1,-1,6,1,61,9,1255,1,17,SUZUKI GSF 1250,7,E01020304,0,4
2024471514276,2024,471514276,1,5,0,-1,14,5,1,-1,0,0,0,0,0,0,1,1,-1,9,1,56,9,1255,1,13,SUZUKI GSF 1250,2,E01020998,0,1
2024501404557,2024,501404557,2,5,0,-1,4,8,4,-1,0,0,5,0,0,0,2,1,-1,6,1,57,9,1255,1,15,SUZUKI GSF 1250,6,E01018834,0,1
2024361428681,2024,361428681,2,5,0,-1,19,6,2,-1,0,1,0,0,0,0,1,1,-1,9,1,58,9,1255,1,14,SUZUKI GSF 1250,8,E01026880,0,3
2024061459020,2024,061459020,2,5,0,-1,12,1,5,-1,0,0,0,0,0,0,3,1,-1,9,1,56,9,1255,1,16,SUZUKI GSF 1250,3,E01033978,0,2
2024440364774,2024,440364774,1,5,0,18,19,3,7,0,0,0,0,0,0,6,3,1,6,6,1,61,9,1255,1,8,SUZUKI GSF 1250,5,E01022924,0,2
2024552400832,2024,552400832,2,5,0,18,19,8,4,0,0,8,0,0,0,0,1,1,6,6,1,71,10,1255,1,16,SUZUKI GSF 1250,9,E01020416,0,1
2024122400541,2024,122400541,1,5,0,18,19,5,1,0,0,1,0,0,3,0,4,1,6,6,1,61,9,1783,1,8,MAKE AND MODEL REDACTED,6,E01027849,0,3
2024061480267,2024,061480267,2,5,0,-1,19,6,2,-1,0,0,5,0,0,0,4,1,-1,6,1,39,7,1783,1,8,MAKE AND MODEL REDACTED,1,E01005563,0,2
2024461394965,2024,461394965,2,5,0,-1,19,4,1,-1,0,0,0,0,0,0,4,1,-1,6,1,32,6,1783,1,8,MAKE AND MODEL REDACTED,6,E01024578,0,1
2024461399609,2024,461399609,1,5,0,-1,19,4,7,-1,0,1,1,0,0,0,0,1,-1,6,1,33,6,1783,1,10,MAKE AND MODEL REDACTED,9,E01024408,0,1
2024211510487,2024,211510487,2,4,0,-1,13,7,3,-1,0,1,0,0,0,0,1,1,-1,1,1,50,8,1783,1,17,MAKE AND MODEL REDACTED,-1,-1,0,-1
2024622400429,2024,622400429,2,5,0,13,13,2,6,0,0,8,0,0,0,0,1,1,6,6,1,44,7,1050,1,17,TRIUMPH TIGER,1,W01000962,0,1
2024031459122,2024,031459122,1,5,0,-1,19,6,1,-1,0,1,0,0,0,0,1,1,-1,6,1,52,8,800,1,11,TRIUMPH TIGER,9,E01008620,0,4
2024031475726,2024,031475726,2,4,0,-1,19,3,7,-1,0,0,0,0,1,0,1,1,-1,9,1,60,9,800,1,5,TRIUMPH TIGER,4,-1,0,5
202460Q121595,2024,60Q121595,1,5,0,17,19,1,5,0,0,0,0,0,2,0,1,1,6,6,1,62,9,1160,1,0,TRIUMPH TIGER,-1,-1,0,-1
2024101496785,2024,101496785,1,5,0,-1,19,1,5,-1,0,0,1,0,1,0,1,1,-1,9,1,60,9,888,1,4,TRIUMPH TIGER,4,E01008814,0,4
2024221431528,2024,221431528,1,5,0,-1,4,1,5,-1,0,1,0,0,0,0,1,1,-1,9,1,70,10,888,1,4,TRIUMPH TIGER,4,E01020217,0,5
2024430358268,2024,430358268,2,5,0,18,19,4,8,0,0,8,0,0,0,0,1,1,6,6,1,70,10,800,1,4,TRIUMPH TIGER,7,E01009958,0,4
2024631433891,2024,631433891,2,5,0,-1,19,8,5,-1,0,0,0,0,0,0,3,1,-1,9,1,61,9,800,1,7,TRIUMPH TIGER,10,E01016826,0,5
2024991490616,2024,991490616,1,5,0,-1,19,4,8,-1,-1,0,0,0,1,0,4,1,-1,9,1,69,10,955,1,18,TRIUMPH TIGER,10,-1,0,5
2024111509157,2024,111509157,2,5,0,-1,19,1,5,-1,0,0,0,0,1,0,2,1,-1,9,1,61,9,955,1,22,TRIUMPH TIGER,-1,-1,0,-1
2024311462520,2024,311462520,2,5,0,-1,4,1,5,-1,0,0,0,0,0,0,1,1,-1,6,1,44,7,1215,1,5,TRIUMPH TIGER,6,E01028108,0,2
2024991479768,2024,991479768,1,5,0,-1,19,5,8,-1,0,2,0,0,0,0,1,1,-1,9,1,63,9,888,1,3,TRIUMPH TIGER,-1,-1,0,-1
2024631516939,2024,631516939,1,5,0,-1,19,8,4,-1,0,0,0,0,0,0,0,1,-1,9,1,59,9,888,1,4,TRIUMPH TIGER,8,W01001062,0,4
2024332400908,2024,332400908,1,5,0,-1,19,8,4,-1,0,8,0,0,0,0,1,1,-1,6,1,41,7,888,1,0,TRIUMPH TIGER,10,E01025970,0,3
2024522403429,2024,522403429,2,5,0,18,19,3,7,2,2,8,0,0,0,0,3,1,6,6,2,56,9,888,1,3,TRIUMPH TIGER,3,E01014566,0,1
2024531443093,2024,531443093,2,5,0,-1,13,2,6,-1,0,8,0,0,0,0,4,1,-1,2,1,59,9,1160,1,1,TRIUMPH TIGER,10,E01022439,0,2
2024531488955,2024,531488955,2,5,0,-1,19,1,5,-1,0,0,0,0,0,0,2,1,-1,9,1,52,8,800,1,6,TRIUMPH TIGER,10,E01015533,0,4
2024311406873,2024,311406873,2,5,0,-1,14,3,7,-1,0,0,1,0,0,0,2,1,-1,9,1,65,9,660,1,1,TRIUMPH TIGER,4,E01013938,0,2
2024451505516,2024,451505516,1,5,0,-1,19,5,1,-1,0,0,1,0,0,0,1,1,-1,6,1,62,9,1160,1,2,TRIUMPH TIGER,-1,-1,0,-1
2024522402639,2024,522402639,2,5,0,18,19,2,6,0,0,7,0,0,0,0,3,1,6,6,1,76,11,1050,1,17,TRIUMPH TIGER,10,E01023516,0,5
2024332400797,2024,332400797,1,5,0,-1,19,6,2,-1,0,0,0,0,0,0,3,1,-1,6,1,58,9,888,1,1,TRIUMPH TIGER,7,E01025882,0,2
2024421483884,2024,421483884,2,5,0,-1,9,5,3,-1,0,8,0,0,1,0,2,1,-1,9,1,77,11,888,1,1,TRIUMPH TIGER,4,E01021274,0,3
2024631481068,2024,631481068,1,5,0,-1,5,1,5,-1,0,0,5,0,0,0,3,1,-1,6,1,57,9,1215,1,11,TRIUMPH TIGER,4,W01000533,0,1
2024401521066,2024,401521066,2,5,0,-1,19,5,1,-1,0,1,0,0,0,0,3,1,-1,6,1,55,8,1160,1,1,TRIUMPH TIGER,9,E01017414,0,1
2024340NN2262,2024,340NN2262,2,5,0,-1,19,7,3,-1,0,8,0,0,0,0,1,1,-1,9,1,62,9,800,1,10,TRIUMPH TIGER,7,E01017481,0,3
2024070492680,2024,070492680,1,5,0,18,19,5,4,0,0,1,2,0,1,10,1,1,6,6,1,66,10,888,1,4,TRIUMPH TIGER,9,E01018492,0,4
2024461472740,2024,461472740,2,5,0,-1,19,3,7,-1,0,1,5,4,0,0,1,1,-1,2,1,53,8,1160,1,1,TRIUMPH TIGER,6,E01024367,0,1
2024010514018,2024,010514018,1,5,0,18,19,5,1,0,0,6,5,0,0,0,1,1,2,2,1,35,6,660,1,2,TRIUMPH TIGER,3,E01034179,0,1
2024421483681,2024,421483681,1,4,0,-1,19,8,4,-1,0,0,0,0,0,0,0,1,-1,9,1,68,10,888,1,0,TRIUMPH TIGER,10,E01021475,0,2