collision_index,collision_year,collision_ref_no,vehicle_reference,vehicle_type,towing_and_articulation,vehicle_manoeuvre_historic,vehicle_manoeuvre,vehicle_direction_from,vehicle_direction_to,vehicle_location_restricted_lane_historic,vehicle_location_restricted_lane,junction_location,skidding_and_overturning,hit_object_in_carriageway,vehicle_leaving_carriageway,hit_object_off_carriageway,first_point_of_impact,vehicle_left_hand_drive,journey_purpose_of_driver_historic,journey_purpose_of_driver,sex_of_driver,age_of_driver,age_band_of_driver,engine_capacity_cc,propulsion_code,age_of_vehicle,generic_make_model,driver_imd_decile,lsoa_of_driver,escooter_flag,driver_distance_banding
2024010522344,2024,010522344,2,9,0,18,19,5,1,0,0,1,0,0,0,0,1,1,1,1,1,50,8,1969,8,2,VOLVO V90,-1,-1,0,-1
2024010526063,2024,010526063,5,9,0,18,19,5,1,0,0,1,0,0,0,0,0,1,1,1,1,24,5,1969,8,2,VOLVO V90,-1,-1,0,-1
2024010509861,2024,010509861,6,9,0,18,19,3,7,0,0,0,0,0,0,0,0,1,6,6,1,29,6,1969,8,0,VOLVO V90,6,E01003711,0,1
2024320462881,2024,320462881,5,9,0,-1,-1,2,6,0,0,1,0,0,0,0,0,1,-1,-1,1,32,6,1969,8,2,VOLVO V90,8,E01026319,0,4
2024211478267,2024,211478267,4,9,0,-1,-1,5,1,-1,-1,0,0,0,0,0,0,9,-1,-1,3,-1,-1,1969,8,2,VOLVO V90,-1,-1,0,-1
2024991519218,2024,991519218,2,9,0,-1,13,7,3,-1,0,2,0,0,0,0,4,1,-1,8,1,55,8,1969,8,2,VOLVO V90,5,-1,0,1
2024010537440,2024,010537440,1,9,0,14,14,7,3,0,0,8,0,0,0,0,4,1,1,1,1,31,6,1969,8,2,VOLVO V90,3,E01001830,0,1
2024340NN0362,2024,340NN0362,1,9,0,-1,5,3,7,-1,0,2,0,0,0,0,1,1,-1,2,1,30,6,1969,2,7,VOLVO V90,5,E01026970,0,1
2024471470845,2024,471470845,4,9,0,-1,19,7,3,-1,0,1,0,0,0,0,0,1,-1,1,2,31,6,1969,8,1,VOLVO V90,9,E01031391,0,3
2024231409281,2024,231409281,1,9,0,-1,19,7,3,-1,0,8,0,0,0,0,1,9,-1,1,1,53,8,1969,8,1,VOLVO V90,9,E01031284,0,3
2024131438256,2024,131438256,2,9,0,-1,2,0,0,-1,0,0,0,0,0,0,3,1,-1,6,-1,-1,-1,1969,8,3,VOLVO V90,-1,-1,0,-1
2024010530287,2024,010530287,1,9,0,18,19,1,5,0,0,2,0,0,0,0,0,1,6,6,1,30,6,1969,8,1,VOLVO V90,-1,-1,0,-1
2024010551113,2024,010551113,1,9,0,3,3,8,4,0,0,1,0,0,0,0,0,1,1,1,1,48,8,1969,8,1,VOLVO V90,4,E01000472,0,2
2024052401498,2024,052401498,7,9,0,18,19,3,7,0,0,8,0,0,0,0,1,1,1,1,1,38,7,1969,8,2,VOLVO V90,-1,-1,0,-1
202417H106824,2024,17H106824,1,9,0,-1,19,5,1,-1,0,8,0,0,0,0,1,1,-1,1,1,35,6,1969,8,2,VOLVO V90,8,E01033480,0,2
2024461442625,2024,461442625,3,9,0,-1,19,5,1,-1,0,8,0,0,0,0,0,1,-1,1,1,43,7,1969,-1,1,VOLVO V90,2,E01024717,0,1
2024430627869,2024,430627869,2,9,0,18,19,5,8,0,0,3,0,0,0,0,4,1,6,6,2,42,7,1969,8,2,VOLVO V90,4,E01016439,0,4
2024052402129,2024,052402129,2,9,0,18,19,2,6,0,0,0,0,0,7,0,1,1,1,1,1,-1,-1,1969,8,2,VOLVO V90,1,E01006877,0,3
2024131469865,2024,131469865,3,9,0,-1,3,8,4,-1,0,1,0,0,0,0,0,1,-1,2,2,43,7,1969,8,2,VOLVO V90,2,E01011552,0,1
2024131450358,2024,131450358,3,9,0,-1,19,6,2,-1,0,8,0,0,0,0,1,1,-1,1,1,44,7,1969,8,1,VOLVO V90,6,E01011885,0,3
2024010525638,2024,010525638,2,9,0,4,4,3,7,0,0,1,0,0,0,0,4,1,1,1,1,34,6,1969,8,0,VOLVO V90,7,E01003456,0,2
2024311512027,2024,311512027,2,9,0,-1,19,5,1,-1,0,4,0,0,0,0,3,1,-1,2,1,42,7,1969,2,6,VOLVO V90,-1,-1,0,-1
2024991454486,2024,991454486,2,9,0,-1,19,1,5,-1,0,1,0,0,1,0,1,1,-1,9,1,33,6,1969,2,5,VOLVO V90,9,E01008365,0,5
2024461431481,2024,461431481,2,9,0,-1,7,5,7,-1,0,5,0,0,0,0,0,1,-1,1,1,37,7,1969,-1,1,VOLVO V90,4,E01024281,0,1
2024361431674,2024,361431674,2,9,0,-1,9,4,2,-1,0,1,0,0,0,0,3,1,-1,9,1,57,9,1969,8,2,VOLVO V90,10,E01035142,0,1
2024401518068,2024,401518068,2,9,0,-1,19,1,5,-1,0,1,0,0,0,0,4,1,-1,1,1,35,6,1969,8,2,VOLVO V90,2,E01035570,0,3
2024010519458,2024,010519458,3,9,0,18,19,5,1,0,0,0,0,0,0,0,2,1,1,1,1,39,7,1969,8,1,VOLVO V90,5,E01003666,0,3
2024061488554,2024,061488554,1,9,0,-1,19,7,3,-1,0,0,0,0,0,0,1,1,-1,1,1,34,6,1969,8,1,VOLVO V90,-1,-1,0,-1
2024010541669,2024,010541669,3,9,0,14,14,1,5,0,0,1,0,0,0,0,1,1,6,6,1,28,6,1969,8,0,VOLVO V90,5,E01003666,0,3
2024010529497,2024,010529497,2,9,0,18,19,8,4,0,0,2,0,0,0,0,4,1,1,1,2,51,8,1969,8,0,VOLVO V90,5,E01003666,0,3
2024010532966,2024,010532966,1,9,0,18,19,1,5,0,0,1,0,0,0,0,0,1,1,1,1,26,6,1969,8,2,VOLVO V90,-1,-1,0,-1
2024010529100,2024,010529100,2,9,0,18,19,1,5,0,0,6,0,0,0,0,1,1,1,1,1,39,7,1969,8,1,VOLVO V90,5,E01003666,0,2
2024010522144,2024,010522144,1,9,0,17,19,7,3,0,0,3,0,11,0,0,1,1,6,6,1,76,11,1969,2,5,VOLVO V90,8,E01024416,0,2
2024010525275,2024,010525275,4,9,0,18,19,3,7,0,0,8,0,0,0,0,0,1,1,1,1,30,6,1969,8,1,VOLVO V90,3,E01003221,0,1
2024411423482,2024,411423482,1,9,0,-1,19,1,5,-1,0,4,0,0,0,0,0,1,-1,1,1,40,7,1969,8,2,VOLVO V90,-1,-1,0,-1
2024010533115,2024,010533115,2,9,0,4,4,1,5,0,0,0,0,0,0,0,3,1,1,1,1,36,7,1969,8,0,VOLVO V90,4,E01000472,0,1
2024010544480,2024,010544480,3,9,0,18,19,1,5,0,0,1,0,0,0,0,0,1,6,6,1,29,6,1969,8,0,VOLVO V90,6,E01001343,0,1
2024052401746,2024,052401746,5,9,0,18,19,7,3,0,0,0,0,0,0,0,0,1,1,1,1,47,8,1969,8,2,VOLVO V90,-1,-1,0,-1
2024070663290,2024,070663290,1,9,0,18,19,8,3,0,0,2,0,0,0,0,1,1,6,6,1,63,9,1969,2,8,VOLVO V90,8,E01022387,0,5
2024201472618,2024,201472618,1,9,0,-1,9,6,3,-1,0,6,0,0,0,0,3,2,-1,6,1,25,5,1969,2,5,VOLVO V90,-1,-1,0,-1
2024221414993,2024,221414993,4,9,0,-1,2,0,0,-1,0,8,0,0,0,0,0,1,-1,1,1,28,6,1969,8,2,VOLVO V90,3,E01032157,0,1
2024991490778,2024,991490778,2,9,0,-1,19,7,3,-1,0,0,0,0,0,0,0,1,-1,1,1,34,6,1969,8,2,VOLVO V90,-1,-1,0,-1
2024052401498,2024,052401498,4,9,0,7,7,5,7,0,0,1,0,0,0,0,1,1,1,1,1,-1,-1,1969,8,1,VOLVO V90,-1,-1,0,-1
2024010540976,2024,010540976,1,9,0,18,19,1,5,0,0,5,0,0,0,0,1,1,1,1,1,31,6,1969,8,0,VOLVO V90,5,E01003661,0,2
2024010545388,2024,010545388,2,9,0,18,19,5,1,0,0,1,0,0,0,0,0,1,1,1,1,34,6,1969,8,0,VOLVO V90,7,E01003456,0,2
2024421431703,2024,421431703,2,9,0,-1,19,5,7,-1,0,4,0,0,0,0,0,1,-1,1,1,46,8,1969,8,1,VOLVO V90,-1,-1,0,-1
2024052402863,2024,052402863,2,9,0,7,7,1,2,0,0,0,0,0,0,0,0,1,1,1,1,-1,-1,1969,8,2,VOLVO V90,1,E01006711,0,2
2024052401498,2024,052401498,6,9,0,18,19,5,1,0,0,8,0,0,0,0,1,1,1,1,1,53,8,1969,8,1,VOLVO V90,3,E01006743,0,3
2024010523968,2024,010523968,1,9,0,99,99,9,9,0,0,1,0,0,0,0,0,1,6,6,1,37,7,1969,8,2,VOLVO V90,4,E01001898,0,1
2024010522333,2024,010522333,2,9,0,18,19,1,5,0,0,1,0,0,0,0,0,1,1,1,1,40,7,1969,8,1,VOLVO V90,3,E01003221,0,2
2024522401311,2024,522401311,2,9,0,18,19,7,3,0,0,2,0,0,0,0,3,1,6,6,1,36,7,1969,1,4,VOLVO V90,7,E01014649,0,1
2024010544290,2024,010544290,2,9,0,18,19,1,5,0,0,8,0,0,0,0,0,1,1,1,1,24,5,1969,8,0,VOLVO V90,5,E01033917,0,2
202454B846424,2024,54B846424,1,9,0,18,19,3,7,0,0,0,0,0,4,6,1,1,6,6,1,37,7,1969,2,6,VOLVO V90,5,E01002652,0,5
2024991495385,2024,991495385,1,9,0,-1,19,6,2,-1,0,0,0,0,0,0,1,1,-1,1,1,46,8,1969,8,2,VOLVO V90,4,-1,0,4
2024451501291,2024,451501291,2,9,0,-1,19,7,3,-1,0,1,0,0,0,0,0,1,-1,1,1,35,6,1969,8,2,VOLVO V90,-1,-1,0,-1
2024052402284,2024,052402284,2,9,0,18,19,3,7,0,0,8,0,0,0,0,2,1,6,6,1,36,7,1969,8,2,VOLVO V90,3,E01006743,0,2
2024401451576,2024,401451576,2,9,0,-1,19,1,5,-1,0,0,0,0,0,0,2,1,-1,9,2,45,7,1969,8,2,VOLVO V90,9,E01017375,0,1
2024201535914,2024,201535914,2,9,0,-1,-1,3,7,-1,-1,8,0,0,0,0,1,1,-1,-1,1,45,7,1969,8,1,VOLVO V90,9,E01031284,0,4
2024010536627,2024,010536627,2,9,0,18,19,1,5,0,0,1,0,0,0,0,1,1,1,1,1,30,6,1969,8,1,VOLVO V90,4,E01034156,0,1
2024010529497,2024,010529497,4,9,0,18,19,8,4,0,0,1,0,0,0,0,0,1,1,1,1,29,6,1969,8,2,VOLVO V90,2,E01033587,0,2
2024461447885,2024,461447885,3,9,0,-1,19,1,5,-1,0,1,0,0,0,0,0,1,-1,1,1,-1,-1,1969,2,4,VOLVO V90,-1,-1,0,-1
202454A527824,2024,54A527824,1,9,0,5,5,3,7,0,0,1,0,0,0,0,1,1,6,6,1,77,11,1969,2,7,VOLVO V90,6,E01028479,0,4
2024421532613,2024,421532613,2,9,0,-1,19,5,1,-1,0,4,0,0,0,0,0,1,-1,1,1,42,7,1969,8,1,VOLVO V90,8,E01021537,0,1
2024411502311,2024,411502311,2,9,0,-1,15,1,5,-1,0,0,1,0,0,0,3,9,-1,8,1,-1,-1,1969,8,3,VOLVO V90,2,E01035570,0,4
2024411503454,2024,411503454,2,9,0,-1,19,6,2,-1,0,0,0,0,0,0,2,1,-1,2,1,53,8,1969,8,1,VOLVO V90,10,E01017780,0,2
2024010544399,2024,010544399,4,9,0,18,19,1,5,0,0,1,0,0,0,0,0,1,1,1,1,34,6,1969,8,0,VOLVO V90,8,E01024744,0,4
2024421433667,2024,421433667,2,9,0,-1,19,8,4,-1,0,0,0,0,0,0,0,1,-1,8,1,44,7,1969,8,2,VOLVO V90,7,E01021544,0,4
2024010532551,2024,010532551,2,9,0,16,19,5,1,0,0,1,0,0,0,0,0,1,1,1,1,45,7,1969,8,1,VOLVO V90,3,E01002612,0,1
2024011513158,2024,011513158,6,9,0,-1,19,1,6,-1,0,8,0,0,0,0,0,1,-1,1,1,34,6,1969,8,2,VOLVO V90,-1,-1,0,-1
2024010519163,2024,010519163,2,9,0,18,19,3,7,0,0,1,0,0,0,0,0,1,1,1,1,34,6,1969,8,1,VOLVO V90,9,E01003356,0,2
2024010550609,2024,010550609,2,9,0,18,19,5,1,9,9,1,0,0,0,0,0,1,6,6,1,24,5,1969,8,1,VOLVO V90,7,E01002514,0,2
2024052401936,2024,052401936,1,9,0,18,19,1,5,0,0,0,0,0,0,0,0,1,1,1,1,-1,-1,1969,8,2,VOLVO V90,2,E01006464,0,1
2024211478267,2024,211478267,3,9,0,-1,-1,5,1,-1,-1,0,0,0,0,0,0,9,-1,-1,3,-1,-1,1969,2,7,VOLVO V90,-1,-1,0,-1
202417M107724,2024,17M107724,2,9,0,-1,19,2,6,-1,0,0,0,0,0,0,4,1,-1,1,1,38,7,1969,12,2,VOLVO V90,8,E01033480,0,2
2024010524816,2024,010524816,3,9,0,18,19,5,1,0,0,1,0,0,0,0,0,1,1,1,2,37,7,1969,8,2,VOLVO V90,4,E01001898,0,1
2024461524518,2024,461524518,4,9,0,-1,19,8,4,-1,0,1,0,0,0,0,0,1,-1,1,1,40,7,1969,-1,1,VOLVO V90,-1,-1,0,-1
2024211407838,2024,211407838,2,9,0,-1,5,6,5,-1,0,4,0,0,0,0,1,9,-1,6,1,59,9,1969,2,5,VOLVO V90,7,E01029379,0,1
2024061397031,2024,061397031,1,9,0,-1,19,6,2,-1,0,1,0,0,0,0,1,1,-1,1,1,40,7,1969,8,2,VOLVO V90,1,E01034113,0,2
2024010507866,2024,010507866,1,9,0,18,19,1,5,0,0,0,0,0,0,0,3,1,1,1,1,40,7,1969,8,0,VOLVO V90,7,E01003456,0,1
2024201428739,2024,201428739,2,9,0,-1,10,6,4,-1,0,1,0,0,0,0,0,1,-1,1,2,34,6,1969,8,2,VOLVO V90,4,E01009234,0,3
2024010486958,2024,010486958,3,9,0,14,14,5,1,0,0,0,0,0,0,0,2,1,1,1,1,44,7,1969,8,1,VOLVO V90,-1,-1,0,-1
2024991518321,2024,991518321,2,9,0,-1,10,6,3,-1,0,1,0,0,0,0,1,1,-1,6,1,26,6,1969,1,4,VOLVO V90,1,-1,0,1
2024131472932,2024,131472932,2,9,0,-1,19,5,1,-1,0,1,0,0,0,0,1,1,-1,1,2,31,6,1969,8,1,VOLVO V90,1,E01010614,0,1
2024401517732,2024,401517732,2,9,0,-1,19,1,5,-1,0,0,0,0,0,0,1,1,-1,1,1,25,5,1969,8,2,VOLVO V90,-1,-1,0,-1
2024401396385,2024,401396385,4,9,0,-1,19,2,6,-1,0,0,0,0,0,0,0,1,-1,1,1,-1,-1,1969,8,1,VOLVO V90,-1,-1,0,-1
2024010539305,2024,010539305,2,9,0,18,19,7,3,0,0,5,0,0,0,0,0,1,1,1,1,45,7,1969,8,0,VOLVO V90,5,E01003666,0,1
2024010498001,2024,010498001,2,9,0,18,19,5,1,0,0,0,0,0,0,0,0,1,1,1,2,30,6,1969,8,1,VOLVO V90,4,E01004259,0,1
2024351444068,2024,351444068,3,9,0,-1,19,3,1,-1,0,3,0,0,0,0,1,1,-1,1,1,35,6,1969,8,2,VOLVO V90,6,E01034438,0,4
2024421505926,2024,421505926,3,9,0,-1,19,5,1,-1,0,1,0,0,0,0,0,1,-1,1,2,46,8,1969,8,1,VOLVO V90,7,E01021544,0,4
2024010530606,2024,010530606,2,9,0,3,3,7,3,0,0,1,0,0,0,0,2,1,1,1,1,35,6,1969,8,0,VOLVO V90,5,E01033917,0,1
2024010524060,2024,010524060,2,9,0,18,19,7,3,0,0,1,0,0,0,0,0,1,1,1,1,33,6,1969,8,2,VOLVO V90,4,E01002695,0,1
2024010526612,2024,010526612,5,9,0,18,19,1,5,0,0,1,0,0,0,0,1,1,1,1,1,34,6,1969,8,0,VOLVO V90,5,E01003666,0,1
2024061475779,2024,061475779,2,9,0,-1,3,8,4,-1,9,1,0,0,0,0,1,1,-1,1,1,36,7,1969,8,2,VOLVO V90,1,E01005107,0,2
2024010537452,2024,010537452,2,9,0,16,19,3,7,0,0,8,0,0,0,0,0,1,1,1,1,31,6,1969,8,0,VOLVO V90,5,E01033917,0,2
2024351537527,2024,351537527,1,9,0,-1,4,7,3,-1,0,1,0,0,0,0,1,1,-1,2,1,52,8,1969,8,5,VOLVO V90,8,E01032792,0,2
2024461518435,2024,461518435,1,9,0,-1,7,7,3,-1,0,0,1,10,0,0,3,1,-1,1,1,44,7,1969,-1,1,VOLVO V90,1,E01035316,0,3
2024552400833,2024,552400833,2,9,0,18,19,4,8,0,0,8,0,0,0,0,0,1,1,1,1,33,6,1969,8,2,VOLVO V90,9,E01020391,0,1
2024010534715,2024,010534715,3,9,0,18,19,7,3,0,0,1,0,0,0,0,0,1,1,1,1,45,7,1969,8,1,VOLVO V90,3,E01002133,0,2
2024052400600,2024,052400600,4,9,0,18,19,3,7,0,0,0,0,0,0,0,3,1,1,1,1,38,7,1969,8,2,VOLVO V90,-1,-1,0,-1
2024070244285,2024,070244285,1,9,0,18,19,8,3,0,0,0,0,0,0,0,1,1,2,2,1,53,8,1969,8,4,VOLVO V90,8,E01018458,0,1
2024552400717,2024,552400717,1,4,0,18,19,3,7,9,9,0,0,0,0,0,3,1,6,6,1,16,4,-1,-1,-1,MAKE AND MODEL REDACTED,1,E01015312,0,1
2024991445283,2024,991445283,1,2,0,-1,19,5,1,-1,0,2,0,0,0,0,1,1,-1,6,1,16,4,50,1,0,MAKE AND MODEL REDACTED,1,-1,0,1
2024361500899,2024,361500899,1,2,0,-1,7,1,3,-1,0,6,1,0,1,0,1,1,-1,1,1,17,4,50,1,0,MAKE AND MODEL REDACTED,6,E01026722,0,3
2024371525359,2024,371525359,1,2,0,-1,14,3,7,-1,0,0,0,0,0,0,1,1,-1,6,1,19,4,50,1,2,MAKE AND MODEL REDACTED,2,E01033122,0,1
2024361519173,2024,361519173,1,3,0,-1,19,3,7,-1,0,1,1,0,0,0,3,1,-1,2,1,32,6,124,1,0,MAKE AND MODEL REDACTED,4,E01029927,0,2
2024549715324,2024,549715324,2,3,0,18,19,4,8,0,0,4,2,0,0,0,1,1,2,2,1,18,4,124,1,3,MAKE AND MODEL REDACTED,4,E01015502,0,1
2024991498834,2024,991498834,2,4,0,-1,19,3,7,-1,0,1,0,0,0,0,1,1,-1,6,1,25,5,124,1,2,MAKE AND MODEL REDACTED,9,-1,0,1
2024010514279,2024,010514279,1,9,0,5,5,9,9,99,99,9,9,99,9,99,9,9,6,6,3,-1,-1,1598,1,15,MAKE AND MODEL REDACTED,-1,-1,0,-1
2024547762824,2024,547762824,2,9,0,18,19,1,5,0,0,0,5,0,0,0,1,1,6,6,1,60,9,1598,1,23,MAKE AND MODEL REDACTED,9,E01031858,0,1
2024361437632,2024,361437632,1,9,0,-1,19,3,7,-1,0,0,1,10,2,0,1,1,-1,9,1,17,4,1598,1,17,MAKE AND MODEL REDACTED,2,E01035134,0,4
2024501414740,2024,501414740,2,3,0,-1,19,8,4,-1,0,0,2,0,0,0,1,1,-1,2,2,22,5,49,1,18,MAKE AND MODEL REDACTED,5,E01020342,0,1
2024320286451,2024,320286451,1,9,0,9,9,1,3,0,0,8,0,0,0,0,3,1,6,6,2,-1,-1,2967,2,10,AUDI Q7,-1,-1,0,-1
2024010517604,2024,010517604,1,9,0,2,2,9,9,99,99,0,9,99,9,99,3,9,6,6,1,25,5,2995,1,3,AUDI Q7,4,E01016157,0,4
2024531535500,2024,531535500,2,9,0,-1,19,7,3,-1,0,0,0,0,0,0,1,1,-1,9,1,52,8,2995,1,2,AUDI Q7,10,E01030368,0,5
2024231501392,2024,231501392,2,9,0,-1,4,2,6,-1,0,0,1,0,1,0,2,1,-1,9,1,36,7,2967,2,6,AUDI Q7,8,E01031196,0,1
2024311417880,2024,311417880,1,9,0,-1,19,1,5,-1,0,0,1,0,1,0,1,1,-1,9,1,38,7,2967,2,17,AUDI Q7,-1,-1,0,-1
2024451454518,2024,451454518,2,9,0,-1,19,5,1,-1,0,0,0,0,0,0,0,9,-1,2,2,30,6,2995,1,2,AUDI Q7,-1,-1,0,-1
2024131515959,2024,131515959,2,9,0,-1,19,4,8,-1,0,8,0,0,0,0,2,1,-1,6,1,36,7,2967,2,9,AUDI Q7,1,E01010583,0,2
2024411561288,2024,411561288,1,9,0,-1,5,7,3,-1,0,4,0,0,0,0,1,1,-1,6,1,40,7,2967,2,7,AUDI Q7,10,E01023821,0,1
2024311395165,2024,311395165,1,9,0,-1,5,7,3,-1,9,0,0,0,0,0,1,1,-1,6,1,-1,-1,2967,2,11,AUDI Q7,-1,-1,0,-1
202454B979924,2024,54B979924,3,9,0,18,19,4,8,0,0,0,0,0,0,0,2,1,6,6,1,42,7,2967,2,11,AUDI Q7,7,E01033841,0,1
2024471491929,2024,471491929,2,9,0,-1,5,3,7,-1,0,1,0,0,0,0,2,1,-1,1,1,42,7,2967,2,3,AUDI Q7,8,E01031397,0,4
2024471427222,2024,471427222,1,9,0,-1,19,8,5,-1,0,4,0,0,0,0,3,1,-1,6,1,45,7,2967,2,13,AUDI Q7,4,E01031426,0,2
2024430120457,2024,430120457,2,9,0,18,19,1,5,0,0,1,0,0,0,0,1,1,6,6,1,45,7,2967,2,9,AUDI Q7,-1,-1,0,-1
2024451495503,2024,451495503,2,9,0,-1,2,0,0,-1,0,0,0,0,0,0,2,1,-1,9,2,50,8,2967,2,9,AUDI Q7,10,E01030296,0,1
2024010536116,2024,010536116,1,9,0,-1,-1,3,7,0,0,8,0,0,0,0,1,1,6,6,1,24,5,2967,2,1,AUDI Q7,3,E01034045,0,1
2024430583909,2024,430583909,1,9,0,16,19,6,2,0,0,4,1,9,3,1,1,1,6,6,1,58,9,2967,2,12,AUDI Q7,7,E01016728,0,1
2024401450319,2024,401450319,3,9,0,-1,4,1,5,-1,0,0,0,0,0,0,2,1,-1,6,1,-1,-1,2967,2,8,AUDI Q7,3,E01026969,0,4
2024061463684,2024,061463684,2,9,0,-1,4,5,5,-1,0,6,0,0,0,0,2,1,-1,1,2,32,6,2967,2,9,AUDI Q7,6,E01006226,0,1
2024010527657,2024,010527657,1,9,0,4,4,7,3,0,0,0,0,0,0,0,2,1,6,6,1,43,7,2995,1,0,AUDI Q7,7,E01034594,0,1
2024401526608,2024,401526608,1,9,0,-1,7,1,4,-1,0,8,0,0,0,0,1,1,-1,6,1,39,7,2967,2,14,AUDI Q7,9,E01015811,0,2
2024440296813,2024,440296813,1,9,0,16,19,1,5,0,0,0,0,0,0,0,1,1,6,6,2,34,6,2967,2,10,AUDI Q7,8,-1,0,5
2024520402420,2024,520402420,1,9,0,9,9,6,4,0,0,6,0,0,0,0,1,1,6,6,3,-1,-1,2967,2,14,AUDI Q7,-1,-1,0,-1
2024340WN3832,2024,340WN3832,1,9,0,-1,6,8,8,-1,0,8,0,0,0,0,1,1,-1,9,2,32,6,2967,2,7,AUDI Q7,3,E01027175,0,2
2024010516540,2024,010516540,2,9,9,99,99,9,9,99,99,9,9,99,9,99,9,9,6,6,3,-1,-1,2967,2,5,AUDI Q7,-1,-1,0,-1
2024430593761,2024,430593761,2,9,0,18,19,5,1,0,0,1,0,0,0,0,1,1,6,6,1,52,8,2967,2,12,AUDI Q7,5,E01016554,0,1
2024411463014,2024,411463014,1,9,-1,-1,-1,3,1,-1,0,0,0,0,0,0,1,9,-1,6,2,33,6,2967,2,5,AUDI Q7,7,E01017376,0,1
2024501534627,2024,501534627,2,9,0,-1,19,3,7,-1,0,0,0,0,0,0,1,1,-1,6,2,37,7,2967,2,12,AUDI Q7,1,E01015026,0,1
2024131484703,2024,131484703,2,9,0,-1,4,3,7,-1,0,8,0,0,0,0,2,1,-1,6,1,40,7,2967,2,4,AUDI Q7,1,E01011338,0,3
2024141485386,2024,141485386,2,9,0,-1,19,7,4,-1,0,1,0,0,0,0,1,9,-1,6,3,-1,-1,2967,2,17,AUDI Q7,-1,-1,0,-1
2024471499136,2024,471499136,3,9,0,-1,2,0,0,-1,0,2,0,0,0,0,2,1,-1,6,-1,-1,-1,2967,2,11,AUDI Q7,-1,-1,0,-1
2024010499291,2024,010499291,1,9,0,5,5,0,8,0,0,8,0,0,0,0,1,1,6,6,1,46,8,2967,2,8,AUDI Q7,3,E01000011,0,1
2024041524694,2024,041524694,1,9,0,-1,19,6,2,-1,0,0,0,0,8,0,4,9,-1,6,1,29,6,2967,2,16,AUDI Q7,6,E01027559,0,1
2024131507515,2024,131507515,2,9,0,-1,19,5,1,-1,0,0,0,0,1,0,1,1,-1,6,1,45,7,2967,2,3,AUDI Q7,4,E01011909,0,1
2024141441400,2024,141441400,3,9,0,-1,2,0,0,-1,0,2,0,0,0,0,3,1,-1,6,-1,-1,-1,2967,2,1,AUDI Q7,-1,-1,0,-1
2024070367497,2024,070367497,2,9,0,18,19,7,5,0,0,1,0,0,0,0,1,1,6,6,1,41,7,2967,2,1,AUDI Q7,6,E01018651,0,2
2024010541607,2024,010541607,1,9,0,9,9,3,8,0,0,1,0,0,0,0,1,1,6,6,1,39,7,2967,2,8,AUDI Q7,6,E01001572,0,1
2024010521503,2024,010521503,2,9,0,99,99,9,9,99,99,4,9,99,9,99,9,9,6,6,3,44,7,2967,2,5,AUDI Q7,5,E01001301,0,1
2024010527516,2024,010527516,2,9,0,99,99,9,9,99,99,9,9,99,9,99,9,9,6,6,3,-1,-1,2995,8,4,AUDI Q7,-1,-1,0,-1
2024411537271,2024,411537271,1,9,0,-1,4,3,7,-1,0,8,0,0,0,0,2,1,-1,6,1,37,7,2995,8,3,AUDI Q7,6,E01023472,0,1
2024131525316,2024,131525316,1,9,0,-1,15,7,3,-1,0,1,0,0,0,0,1,1,-1,7,1,36,7,2967,2,9,AUDI Q7,1,E01010612,0,1
2024101439896,2024,101439896,1,9,0,-1,19,1,5,-1,0,0,0,0,0,0,1,1,-1,9,1,30,6,2967,2,11,AUDI Q7,1,E01008609,0,2
2024010551358,2024,010551358,2,9,0,99,99,9,9,99,99,9,9,99,9,99,1,9,6,6,3,-1,-1,2967,2,4,AUDI Q7,10,E01030854,0,1
2024010530894,2024,010530894,2,9,0,18,19,3,7,0,0,4,0,0,0,0,1,1,6,6,1,62,9,2995,1,2,AUDI Q7,8,E01004147,0,1
2024201492474,2024,201492474,2,9,0,-1,19,2,6,-1,0,8,0,0,0,0,4,1,-1,6,1,50,8,2967,2,18,AUDI Q7,2,E01009018,0,1
2024010536153,2024,010536153,2,9,0,18,19,1,5,0,0,0,0,0,0,0,2,1,6,6,1,42,7,2967,2,6,AUDI Q7,5,E01035487,0,1
2024302400522,2024,302400522,2,9,0,18,19,8,4,0,0,1,0,0,0,0,3,1,6,6,1,-1,-1,2967,2,10,AUDI Q7,1,E01013590,0,1
2024401442798,2024,401442798,1,9,0,-1,3,8,4,-1,0,0,0,0,0,0,2,1,-1,6,1,56,9,2967,2,8,AUDI Q7,7,E01028499,0,4
2024631466169,2024,631466169,2,9,0,-1,4,7,3,-1,0,8,0,0,1,10,3,1,-1,6,1,48,8,2967,2,11,AUDI Q7,7,W01000562,0,1
2024430418849,2024,430418849,2,9,0,18,19,2,6,0,0,0,0,0,0,0,2,1,6,6,2,35,6,2967,2,16,AUDI Q7,9,E01016794,0,3
2024440437670,2024,440437670,2,9,0,9,9,3,1,0,0,6,0,0,0,0,1,1,6,6,1,-1,-1,2967,2,18,AUDI Q7,-1,-1,0,-1
2024461406639,2024,461406639,2,9,0,-1,19,2,5,-1,0,2,0,0,0,0,3,9,-1,9,2,42,7,2967,2,7,AUDI Q7,2,E01024263,0,1
2024101443613,2024,101443613,2,9,0,-1,4,2,6,-1,0,0,0,0,0,0,2,1,-1,6,2,29,6,2967,2,8,AUDI Q7,5,E01035625,0,1
2024211450016,2024,211450016,1,9,0,-1,5,7,3,-1,0,2,0,0,0,0,1,1,-1,6,1,46,8,2967,2,11,AUDI Q7,6,E01029722,0,1