collision_index,collision_year,collision_ref_no,vehicle_reference,vehicle_type,towing_and_articulation,vehicle_manoeuvre_historic,vehicle_manoeuvre,vehicle_direction_from,vehicle_direction_to,vehicle_location_restricted_lane_historic,vehicle_location_restricted_lane,junction_location,skidding_and_overturning,hit_object_in_carriageway,vehicle_leaving_carriageway,hit_object_off_carriageway,first_point_of_impact,vehicle_left_hand_drive,journey_purpose_of_driver_historic,journey_purpose_of_driver,sex_of_driver,age_of_driver,age_band_of_driver,engine_capacity_cc,propulsion_code,age_of_vehicle,generic_make_model,driver_imd_decile,lsoa_of_driver,escooter_flag,driver_distance_banding
2024471519170,2024,471519170,2,9,0,-1,4,7,3,-1,0,0,0,0,0,0,2,1,-1,6,2,31,6,2967,2,9,AUDI Q7,10,E01031696,0,3
2024471436242,2024,471436242,5,9,0,-1,2,0,0,-1,0,1,0,0,0,0,2,1,-1,6,-1,-1,-1,2967,2,12,AUDI Q7,-1,-1,0,-1
2024211406178,2024,211406178,2,9,0,-1,4,3,1,-1,0,0,0,0,0,0,2,1,-1,6,1,49,8,2967,2,3,AUDI Q7,10,E01018439,0,3
2024441536526,2024,441536526,1,9,0,-1,-1,3,7,-1,-1,0,0,0,0,0,1,9,-1,-1,1,35,6,2967,2,17,AUDI Q7,7,E01023123,0,1
2024201421382,2024,201421382,1,9,0,-1,14,8,4,-1,0,0,1,4,1,0,1,1,-1,6,1,56,9,2967,2,3,AUDI Q7,7,E01009427,0,1
2024361512647,2024,361512647,2,9,0,-1,2,0,0,-1,0,1,0,0,0,0,3,1,-1,6,3,-1,-1,2967,2,2,AUDI Q7,-1,-1,0,-1
2024141525625,2024,141525625,2,9,0,-1,9,2,7,-1,0,8,0,0,0,0,1,9,-1,6,3,-1,-1,2967,2,11,AUDI Q7,-1,-1,0,-1
2024201440404,2024,201440404,1,9,0,-1,13,1,4,-1,0,3,0,0,0,0,4,1,-1,6,2,56,9,2967,2,5,AUDI Q7,8,E01009668,0,1
2024461450744,2024,461450744,2,9,0,-1,4,7,3,-1,0,0,0,0,0,0,2,1,-1,9,1,49,8,2967,2,6,AUDI Q7,10,E01024768,0,2
2024201436598,2024,201436598,2,9,0,-1,8,6,8,-1,0,1,0,0,0,0,2,1,-1,6,1,47,8,2967,2,8,AUDI Q7,4,E01010002,0,1
2024010525485,2024,010525485,1,9,0,9,9,5,3,0,0,5,0,0,1,0,1,1,6,6,1,47,8,2967,2,8,AUDI Q7,3,E01034144,0,4
2024451480165,2024,451480165,2,9,0,-1,19,1,5,-1,0,0,0,0,0,0,2,1,-1,9,2,68,10,2967,2,6,AUDI Q7,9,E01003837,0,2
2024421492420,2024,421492420,1,9,0,-1,9,1,3,-1,0,0,0,0,0,0,1,1,-1,1,2,42,7,2967,2,8,AUDI Q7,10,E01033055,0,4
2024411415725,2024,411415725,2,9,0,-1,19,8,4,-1,0,0,0,0,0,0,2,1,-1,2,1,50,8,2967,2,4,AUDI Q7,8,E01023627,0,1
2024451503406,2024,451503406,2,9,0,-1,15,8,4,-1,0,0,0,0,0,0,1,9,-1,6,3,-1,-1,2967,2,16,AUDI Q7,-1,-1,0,-1
2024122400769,2024,122400769,2,9,0,18,19,6,2,0,0,8,0,0,0,0,1,1,2,2,1,42,7,2967,2,9,AUDI Q7,8,E01013401,0,1
2024411423108,2024,411423108,1,9,0,-1,13,3,7,-1,9,8,1,0,8,11,4,1,-1,6,1,28,6,2967,2,12,AUDI Q7,5,E01023611,0,1
2024991519053,2024,991519053,1,9,0,-1,19,2,6,-1,0,1,5,10,0,0,3,1,-1,6,-1,17,4,2967,2,9,AUDI Q7,-1,-1,0,-1
2024440543635,2024,440543635,2,9,0,4,4,6,2,0,0,1,0,0,0,0,2,1,6,6,1,40,7,2967,2,7,AUDI Q7,7,E01023165,0,3
2024461486245,2024,461486245,3,9,-1,-1,-1,-1,-1,-1,-1,0,-1,-1,-1,0,-1,9,-1,6,3,-1,-1,2967,2,12,AUDI Q7,-1,-1,0,-1
2024052401885,2024,052401885,2,9,0,9,9,8,4,0,0,5,0,0,0,0,3,1,6,6,2,33,6,2967,2,10,AUDI Q7,1,E01007277,0,1
2024451428733,2024,451428733,4,9,0,-1,2,3,7,-1,0,1,0,0,0,0,4,1,-1,6,-1,-1,-1,2967,2,13,AUDI Q7,-1,-1,0,-1
2024430281212,2024,430281212,1,9,0,18,19,2,6,0,0,4,0,0,0,0,1,1,6,6,1,-1,-1,2967,2,12,AUDI Q7,-1,-1,0,-1
2024471475184,2024,471475184,2,9,0,-1,5,1,5,-1,0,8,0,0,0,0,1,1,-1,1,2,55,8,4163,1,18,AUDI Q7,4,E01020965,0,2
2024211497840,2024,211497840,2,9,0,-1,19,7,3,-1,0,1,0,0,0,0,1,1,-1,9,1,72,10,2967,2,17,AUDI Q7,-1,-1,0,-1
202417H100324,2024,17H100324,1,9,0,18,19,6,2,0,0,0,0,0,1,4,1,1,6,6,1,26,6,2967,2,17,AUDI Q7,1,E01011981,0,1
2024440143496,2024,440143496,2,9,0,13,13,6,2,0,0,1,0,0,0,0,4,1,6,6,1,37,7,2967,2,16,AUDI Q7,6,E01017224,0,1
2024361426980,2024,361426980,3,9,0,-1,19,5,1,-1,0,0,0,0,0,0,1,1,-1,9,2,36,7,2967,2,3,AUDI Q7,6,E01026549,0,1
2024332400504,2024,332400504,1,9,0,-1,19,7,1,-1,0,3,0,0,0,0,4,1,-1,2,2,45,7,2967,2,7,AUDI Q7,1,E01013640,0,1
2024211455142,2024,211455142,1,9,0,-1,4,8,5,-1,0,0,0,0,0,0,1,1,-1,6,-1,-1,-1,2967,2,16,AUDI Q7,-1,-1,0,-1
2024052402721,2024,052402721,2,9,0,18,19,3,7,0,0,1,0,0,0,0,4,1,6,6,2,34,6,2967,2,17,AUDI Q7,1,E01033228,0,2
2024052400637,2024,052400637,1,9,0,9,9,8,4,0,0,8,0,0,0,0,1,1,6,6,2,32,6,2995,1,2,AUDI Q7,9,E01006796,0,1
2024010553416,2024,010553416,2,9,0,99,99,9,9,99,99,9,9,99,9,99,2,9,6,6,3,-1,-1,2967,2,17,AUDI Q7,-1,-1,0,-1
2024991530963,2024,991530963,1,9,0,-1,19,8,4,-1,0,0,0,0,0,0,1,1,-1,9,1,64,9,2967,2,12,AUDI Q7,1,-1,0,2
2024451493688,2024,451493688,1,9,0,-1,5,7,2,-1,0,6,0,0,0,0,1,1,-1,9,1,69,10,2995,8,3,AUDI Q7,10,E01030387,0,1
2024461535558,2024,461535558,4,9,0,-1,19,7,3,-1,0,0,0,0,0,0,3,1,-1,9,1,43,7,2967,2,0,AUDI Q7,8,E01000390,0,3
2024991495006,2024,991495006,3,9,0,-1,19,3,6,-1,0,0,0,0,1,0,1,1,-1,9,2,36,7,2967,2,10,AUDI Q7,6,-1,0,1
2024430395310,2024,430395310,1,9,0,1,1,7,3,-1,-1,0,0,0,-1,0,4,1,6,6,1,-1,-1,2967,2,4,AUDI Q7,6,E01034467,0,1
2024421533860,2024,421533860,1,9,0,-1,19,7,3,-1,0,0,0,0,0,0,2,1,-1,6,1,56,9,2995,1,2,AUDI Q7,10,E01002317,0,4
2024010540903,2024,010540903,2,9,0,18,19,9,9,99,99,0,9,99,9,99,9,9,6,6,3,-1,-1,2967,2,11,AUDI Q7,-1,-1,0,-1
202460Q017170,2024,60Q017170,2,9,0,16,19,5,1,0,0,0,0,0,0,0,3,1,3,7,2,35,6,2967,2,17,AUDI Q7,-1,-1,0,-1
2024411465294,2024,411465294,1,9,0,-1,-1,-1,-1,-1,-1,-1,-1,-1,-1,0,-1,9,-1,6,2,56,9,2967,2,1,AUDI Q7,10,E01023374,0,1
2024010490728,2024,010490728,1,9,0,99,99,9,9,99,99,9,9,99,9,99,2,9,6,6,2,43,7,2967,2,7,AUDI Q7,9,E01000343,0,1
2024302401361,2024,302401361,2,9,0,18,19,5,1,0,0,8,0,0,0,0,1,1,6,6,1,26,6,2967,2,9,AUDI Q7,7,E01019726,0,3
2024311510944,2024,311510944,2,9,0,-1,2,0,0,-1,9,2,0,0,0,0,4,1,-1,2,1,43,7,2967,2,1,AUDI Q7,10,E01028363,0,1
2024131453976,2024,131453976,2,9,0,-1,19,4,5,-1,0,0,0,0,1,0,3,1,-1,6,1,44,7,2967,2,1,AUDI Q7,9,E01011708,0,1
2024520002747,2024,520002747,2,9,0,13,13,3,7,0,0,8,0,0,0,0,4,1,6,6,3,-1,-1,2967,2,3,AUDI Q7,-1,-1,0,-1
2024332400167,2024,332400167,1,9,0,-1,3,3,7,-1,0,8,0,0,0,0,4,1,-1,6,1,36,7,2967,2,12,AUDI Q7,3,E01013682,0,1
2024991429910,2024,991429910,2,9,0,-1,19,5,5,-1,0,0,0,0,0,0,1,1,-1,9,1,36,7,2967,2,7,AUDI Q7,1,-1,0,1
2024131523719,2024,131523719,1,9,0,-1,-1,-1,-1,-1,-1,-1,-1,-1,-1,-1,-1,1,-1,6,3,-1,-1,2967,2,6,AUDI Q7,-1,-1,0,-1
2024421509221,2024,421509221,2,9,0,-1,19,1,5,-1,0,0,0,0,0,0,3,1,-1,9,2,41,7,2967,2,5,AUDI Q7,7,E01021902,0,2
2024991529696,2024,991529696,1,9,0,-1,19,5,1,-1,0,1,0,0,0,0,1,9,-1,9,2,22,5,2967,2,16,AUDI Q7,2,-1,0,1
2024471406956,2024,471406956,2,9,0,-1,19,1,4,-1,0,0,0,0,0,0,2,1,-1,2,1,40,7,2967,2,6,AUDI Q7,6,E01020956,0,1
2024010543712,2024,010543712,2,9,0,99,99,9,9,99,99,0,9,99,9,99,2,9,6,6,3,43,7,2967,2,6,AUDI Q7,4,E01002402,0,1
202454D409424,2024,54D409424,1,9,0,18,19,2,6,9,9,0,0,0,0,0,1,1,3,7,1,46,8,2967,2,6,AUDI Q7,6,E01034539,0,1
2024010521589,2024,010521589,1,9,0,9,9,7,6,0,0,8,0,0,0,0,1,1,6,6,2,43,7,2995,1,3,AUDI Q7,8,E01005574,0,5
2024131495230,2024,131495230,1,9,0,-1,5,5,5,-1,0,0,0,0,0,0,2,1,-1,6,1,63,9,2967,2,2,AUDI Q7,1,E01010613,0,1
2024351453877,2024,351453877,1,9,0,-1,19,1,5,-1,0,0,0,0,0,0,1,9,-1,6,1,-1,-1,2967,2,17,AUDI Q7,5,E01030141,0,4
2024101471221,2024,101471221,1,9,0,-1,19,5,1,-1,0,8,0,0,0,0,1,9,-1,6,2,33,6,2967,2,16,AUDI Q7,8,E01008507,0,1
2024010516513,2024,010516513,2,9,0,99,99,9,9,99,99,9,9,99,9,99,2,9,6,6,3,-1,-1,2967,2,5,AUDI Q7,-1,-1,0,-1
2024461525030,2024,461525030,2,9,0,-1,19,5,1,-1,0,0,0,0,0,0,1,1,-1,2,2,53,8,2967,2,10,AUDI Q7,10,E01000688,0,4
2024421460566,2024,421460566,1,9,0,-1,5,8,6,-1,0,8,0,0,0,0,1,1,-1,9,2,65,9,2967,2,8,AUDI Q7,10,E01021633,0,1
2024201411064,2024,201411064,2,9,0,-1,19,1,5,-1,0,0,0,0,0,0,2,1,-1,6,1,41,7,2967,2,10,AUDI Q7,5,E01028895,0,4
2024520401708,2024,520401708,1,9,0,4,4,2,6,0,0,0,0,0,0,0,2,1,6,6,2,43,7,2967,2,6,AUDI Q7,8,E01029032,0,4
2024461504480,2024,461504480,1,9,0,-1,4,8,4,-1,-1,0,0,0,0,0,1,9,-1,6,1,45,7,2967,2,8,AUDI Q7,6,E01000352,0,1
2024311478066,2024,311478066,1,9,0,-1,19,5,1,-1,0,0,0,0,0,0,4,1,-1,2,2,40,7,2967,2,10,AUDI Q7,2,E01028319,0,1
2024221400032,2024,221400032,1,9,0,-1,5,8,4,-1,0,0,0,0,0,0,3,1,-1,1,2,48,8,2967,2,5,AUDI Q7,9,E01028985,0,1
2024010511202,2024,010511202,1,9,0,18,19,1,5,0,0,5,0,0,0,0,0,1,6,6,1,50,8,2967,2,6,AUDI Q7,1,E01002758,0,1
2024010509950,2024,010509950,2,9,0,10,10,5,3,0,0,1,0,0,0,0,4,1,6,6,1,42,7,2995,1,1,AUDI Q7,9,E01003360,0,2
2024544225624,2024,544225624,1,9,0,18,19,5,1,2,2,4,0,0,0,0,1,1,6,6,2,30,6,2967,2,9,AUDI Q7,6,E01032691,0,3
2024552400351,2024,552400351,3,9,0,10,10,4,1,0,0,1,0,0,0,0,1,1,6,6,1,35,6,2967,2,14,AUDI Q7,4,E01015374,0,1
2024522403423,2024,522403423,2,9,0,13,13,4,8,0,0,0,0,0,0,0,4,1,6,6,1,61,9,2967,2,7,AUDI Q7,8,E01014896,0,1
2024201532723,2024,201532723,1,9,0,-1,9,3,2,-1,0,2,0,0,0,0,1,1,-1,6,1,35,6,2967,2,14,AUDI Q7,-1,-1,0,-1
2024010521864,2024,010521864,2,9,0,18,19,5,1,0,0,2,0,0,0,0,3,2,6,6,1,28,6,2967,2,1,AUDI Q7,2,E01004722,0,1
2024471416027,2024,471416027,8,9,0,-1,19,7,3,-1,0,0,1,0,0,0,2,1,-1,6,1,55,8,2967,2,1,AUDI Q7,10,E01024464,0,4
2024411463025,2024,411463025,1,9,-1,-1,-1,-1,-1,-1,-1,-1,-1,-1,-1,0,-1,9,-1,6,1,28,6,2967,2,17,AUDI Q7,8,E01023893,0,2
2024070188398,2024,070188398,1,9,0,18,19,5,1,0,0,0,0,0,0,0,1,1,6,6,1,45,7,2967,2,4,AUDI Q7,5,E01006724,0,4
2024031476683,2024,031476683,2,9,0,-1,5,7,3,-1,0,8,0,0,0,0,3,1,-1,6,2,27,6,2967,2,9,AUDI Q7,6,E01019235,0,1
2024430545301,2024,430545301,2,9,0,13,13,4,8,0,0,0,0,0,0,0,3,1,6,6,1,39,7,2967,2,6,AUDI Q7,8,E01016337,0,1
2024401499131,2024,401499131,2,9,0,-1,13,1,1,-1,0,0,1,0,0,0,1,1,-1,9,1,40,7,2967,2,9,AUDI Q7,5,E01017430,0,4
2024211413462,2024,211413462,2,9,0,-1,19,5,1,-1,0,1,0,0,0,0,3,9,-1,6,1,56,9,2967,2,1,AUDI Q7,4,E01029353,0,2
2024451527926,2024,451527926,2,9,0,-1,12,7,3,-1,0,0,0,0,0,0,1,1,-1,9,2,52,8,2995,1,0,AUDI Q7,10,E01030888,0,1
2024471515366,2024,471515366,2,9,0,-1,19,7,3,-1,0,8,1,0,0,0,3,1,-1,7,2,38,7,2967,2,13,AUDI Q7,10,E01031824,0,1
2024351473666,2024,351473666,2,9,0,-1,3,-1,-1,-1,0,1,0,0,0,0,2,1,-1,6,1,44,7,2967,2,7,AUDI Q7,5,E01018196,0,1
2024320367388,2024,320367388,1,9,0,-1,-1,6,1,0,0,0,0,0,0,0,1,1,-1,-1,1,62,9,5000,1,42,MAKE AND MODEL REDACTED,7,E01026179,0,1
2024471514571,2024,471514571,2,9,-1,-1,7,4,6,-1,0,0,0,0,0,0,1,9,-1,1,1,38,7,-1,3,0,MAKE AND MODEL REDACTED,8,E01020948,0,1
2024361467253,2024,361467253,2,9,0,-1,19,7,4,-1,0,8,2,0,7,0,4,1,-1,9,1,31,6,1560,2,10,FORD GRAND C-MAX,-1,-1,0,-1
2024131470366,2024,131470366,2,9,0,-1,19,1,1,-1,0,8,0,0,0,0,3,1,-1,1,2,29,6,1997,2,12,FORD GRAND C-MAX,1,E01010618,0,1
2024991428460,2024,991428460,1,9,0,-1,19,1,5,-1,0,0,0,0,0,0,1,1,-1,9,2,43,7,999,1,5,FORD GRAND C-MAX,9,-1,0,1
2024371415881,2024,371415881,2,9,0,-1,9,3,2,-1,0,2,0,0,0,0,3,1,-1,6,2,51,8,1499,2,9,FORD GRAND C-MAX,8,E01030121,0,1
2024461397368,2024,461397368,3,9,0,-1,2,0,0,-1,0,0,0,0,0,0,3,9,-1,6,-1,-1,-1,1997,2,13,FORD GRAND C-MAX,-1,-1,0,-1
2024052400666,2024,052400666,1,9,0,18,19,5,1,0,0,1,0,0,0,0,1,1,6,6,2,42,7,1499,2,7,FORD GRAND C-MAX,3,E01006671,0,2
2024340NN2622,2024,340NN2622,2,9,0,-1,19,7,3,-1,0,0,1,0,0,0,2,1,-1,2,2,39,7,999,1,6,FORD GRAND C-MAX,2,E01027226,0,3
2024351481780,2024,351481780,2,9,0,-1,10,7,5,-1,0,1,0,0,0,0,2,1,-1,1,1,60,9,1997,2,12,FORD GRAND C-MAX,7,E01018115,0,3
2024010519626,2024,010519626,1,9,0,18,19,3,7,0,0,8,0,0,0,0,3,1,6,6,2,39,7,999,1,7,FORD GRAND C-MAX,7,E01000288,0,1
2024231528141,2024,231528141,3,9,0,-1,2,0,0,-1,0,0,0,0,0,0,1,9,-1,6,1,43,7,1560,2,9,FORD GRAND C-MAX,4,E01031096,0,1
2024201468145,2024,201468145,1,9,0,-1,19,6,2,-1,0,8,0,0,0,0,4,1,-1,6,2,42,7,1997,2,9,FORD GRAND C-MAX,4,E01009871,0,1
2024440526058,2024,440526058,2,9,0,18,19,4,8,0,0,4,0,0,0,0,1,1,2,2,1,50,8,1596,1,13,FORD GRAND C-MAX,-1,-1,0,-1
2024421527122,2024,421527122,1,9,0,-1,19,8,4,-1,0,0,1,0,0,0,1,1,-1,9,2,43,7,998,1,11,FORD GRAND C-MAX,4,E01021845,0,2
202460Q032291,2024,60Q032291,2,9,0,7,7,1,3,0,0,1,0,0,0,0,1,1,6,6,1,34,6,1560,2,11,FORD GRAND C-MAX,-1,-1,0,-1
2024631461230,2024,631461230,2,9,0,-1,14,1,5,-1,0,0,0,0,0,0,1,1,-1,1,2,-1,-1,999,1,7,FORD GRAND C-MAX,8,W01000722,0,1
2024549476124,2024,549476124,1,9,0,5,5,4,2,0,0,1,0,0,0,0,1,1,6,6,1,75,10,1499,2,6,FORD GRAND C-MAX,8,E01034544,0,1
2024101472964,2024,101472964,1,9,0,-1,1,5,1,-1,0,8,0,0,0,0,2,1,-1,6,2,57,9,1560,2,11,FORD GRAND C-MAX,1,E01027527,0,1
2024131492001,2024,131492001,1,9,0,-1,5,1,5,-1,0,7,0,0,0,0,2,1,-1,6,1,69,10,1560,2,10,FORD GRAND C-MAX,7,E01011013,0,1
2024231478752,2024,231478752,2,9,0,-1,4,4,8,-1,0,0,0,0,0,0,2,1,-1,6,2,36,7,999,1,7,FORD GRAND C-MAX,2,E01027341,0,4
2024461485260,2024,461485260,1,9,0,-1,5,2,7,-1,0,4,0,0,0,0,1,1,-1,9,2,59,9,1560,2,11,FORD GRAND C-MAX,10,E01024837,0,1
2024311401413,2024,311401413,1,9,0,-1,19,4,8,-1,0,1,0,0,0,0,1,1,-1,6,2,30,6,1560,2,10,FORD GRAND C-MAX,5,E01028164,0,1
2024461411132,2024,461411132,1,9,0,-1,19,6,2,-1,0,0,0,0,0,0,1,1,-1,9,2,42,7,1997,2,13,FORD GRAND C-MAX,3,E01016022,0,1
2024430468434,2024,430468434,1,9,0,18,19,1,5,0,0,0,0,0,0,0,1,1,6,6,2,33,6,1596,1,14,FORD GRAND C-MAX,7,E01028559,0,1
2024501459614,2024,501459614,1,9,0,-1,19,4,8,-1,0,0,1,0,5,6,1,1,-1,9,1,26,6,1997,2,12,FORD GRAND C-MAX,2,E01018771,0,1
2024991487726,2024,991487726,1,9,0,-1,19,4,8,-1,0,4,0,0,0,0,1,1,-1,6,2,40,7,1499,2,6,FORD GRAND C-MAX,2,-1,0,2
2024351482148,2024,351482148,2,9,0,-1,11,5,1,-1,0,0,0,0,0,0,3,1,-1,9,2,38,7,1560,2,11,FORD GRAND C-MAX,10,E01017442,0,4
2024542672624,2024,542672624,1,9,0,9,9,5,1,0,0,1,0,0,7,0,1,1,6,6,1,48,8,1499,2,7,FORD GRAND C-MAX,6,E01022736,0,4
2024991512818,2024,991512818,2,9,0,-1,19,8,4,-1,0,0,0,0,0,0,2,1,-1,9,1,37,7,998,1,12,FORD GRAND C-MAX,4,-1,0,3
2024520402065,2024,520402065,2,9,0,16,19,1,5,0,0,0,0,0,0,0,1,1,6,6,2,31,6,1560,2,10,FORD GRAND C-MAX,7,E01029151,0,2
2024201516410,2024,201516410,4,9,0,-1,19,1,5,-1,0,0,0,0,0,0,2,9,-1,1,2,46,8,1498,1,5,FORD GRAND C-MAX,3,E01008895,0,2
2024010535481,2024,010535481,1,9,0,6,6,7,7,0,0,0,0,4,0,0,1,1,2,2,2,51,8,1596,1,12,FORD GRAND C-MAX,3,E01004389,0,1
2024471400531,2024,471400531,1,9,0,-1,19,1,6,-1,0,8,0,0,0,0,1,1,-1,1,1,59,9,1560,2,10,FORD GRAND C-MAX,6,E01031839,0,1
2024041447927,2024,041447927,2,9,0,-1,7,8,8,-1,0,2,1,0,3,0,4,1,-1,9,1,40,7,999,1,6,FORD GRAND C-MAX,7,E01012614,0,1
2024461508227,2024,461508227,2,9,0,-1,2,0,0,-1,0,0,0,0,0,0,2,1,-1,6,1,-1,-1,1560,2,12,FORD GRAND C-MAX,-1,-1,0,-1
2024631463992,2024,631463992,2,9,0,-1,19,6,2,-1,0,0,0,0,1,10,3,1,-1,9,2,34,6,1499,2,6,FORD GRAND C-MAX,3,E01029434,0,5
2024991536118,2024,991536118,2,9,0,-1,19,7,3,-1,0,5,0,0,0,0,1,2,-1,9,2,67,10,1560,2,11,FORD GRAND C-MAX,8,-1,0,3
2024351499599,2024,351499599,3,9,0,-1,3,5,1,-1,0,0,0,0,0,0,2,1,-1,6,2,35,6,1560,2,13,FORD GRAND C-MAX,3,E01018226,0,1
2024131470376,2024,131470376,1,9,0,-1,9,4,1,-1,0,1,0,0,2,0,3,1,-1,9,1,38,7,1560,2,10,FORD GRAND C-MAX,5,E01011774,0,1
2024440234027,2024,440234027,1,9,0,18,19,6,2,0,0,1,0,0,0,0,1,1,3,7,1,43,7,1997,2,12,FORD GRAND C-MAX,6,E01030424,0,1
2024411399831,2024,411399831,1,9,0,-1,19,3,7,-1,0,0,0,0,0,0,1,1,-1,6,2,72,10,1997,2,9,FORD GRAND C-MAX,4,E01021808,0,2
2024052402659,2024,052402659,2,9,0,18,19,4,8,0,0,1,0,0,0,0,4,1,6,6,2,37,7,998,1,11,FORD GRAND C-MAX,7,E01006689,0,1
2024361449960,2024,361449960,2,9,0,-1,3,-1,-1,-1,0,1,0,0,0,0,2,1,-1,9,1,46,8,1560,2,11,FORD GRAND C-MAX,6,E01026872,0,4
2024211488327,2024,211488327,2,9,0,-1,2,0,0,-1,0,8,0,0,0,0,1,1,-1,6,1,62,9,999,1,6,FORD GRAND C-MAX,2,E01029356,0,1
2024991510846,2024,991510846,6,9,0,-1,19,4,8,-1,0,0,0,0,0,0,2,1,-1,6,2,32,6,1560,2,9,FORD GRAND C-MAX,8,-1,0,1
2024501518899,2024,501518899,1,9,0,-1,19,7,3,-1,0,0,1,0,0,0,1,1,-1,2,1,27,6,1560,2,13,FORD GRAND C-MAX,7,E01018934,0,3
2024201523619,2024,201523619,2,9,0,-1,3,1,1,-1,0,0,0,0,0,0,2,1,-1,9,3,70,10,1560,2,11,FORD GRAND C-MAX,-1,-1,0,-1
2024622400108,2024,622400108,5,9,0,2,2,0,0,0,0,1,0,0,0,0,1,1,6,6,2,38,7,1596,1,12,FORD GRAND C-MAX,8,W01001758,0,1
2024631530191,2024,631530191,1,9,0,-1,19,1,5,-1,0,0,0,4,0,0,1,1,-1,9,2,40,7,1560,2,10,FORD GRAND C-MAX,6,W01000803,0,1
2024131445052,2024,131445052,1,9,0,-1,7,5,7,-1,0,6,0,0,0,0,1,1,-1,2,1,49,8,1560,2,10,FORD GRAND C-MAX,3,E01011940,0,1
2024411462182,2024,411462182,1,9,0,-1,3,2,6,-1,0,0,0,0,0,0,2,1,-1,6,2,53,8,1560,2,9,FORD GRAND C-MAX,9,E01023509,0,2
2024010551462,2024,010551462,3,9,0,10,10,3,1,0,0,1,0,0,0,0,1,1,6,6,1,73,10,1499,2,6,FORD GRAND C-MAX,4,E01024168,0,3
2024052400691,2024,052400691,1,9,0,9,9,1,6,0,0,5,0,0,0,0,1,1,2,2,2,39,7,1997,2,10,FORD GRAND C-MAX,6,E01006955,0,1
2024501536111,2024,501536111,2,9,0,-1,7,3,5,-1,0,1,0,10,2,0,1,1,-1,2,1,40,7,1560,2,13,FORD GRAND C-MAX,3,E01015240,0,4
2024111491824,2024,111491824,2,9,0,-1,2,0,0,-1,0,1,0,0,0,0,3,1,-1,7,2,40,7,1560,2,11,FORD GRAND C-MAX,1,E01008714,0,1
2024522402295,2024,522402295,3,9,0,2,2,0,0,0,0,0,0,0,0,0,2,1,6,6,3,-1,-1,998,1,9,FORD GRAND C-MAX,-1,-1,0,-1
2024340WN1972,2024,340WN1972,2,9,0,-1,5,1,5,-1,0,1,0,0,0,0,2,1,-1,9,1,46,8,1997,2,9,FORD GRAND C-MAX,7,E01033843,0,4
2024141505095,2024,141505095,2,9,0,-1,19,6,2,-1,0,3,0,0,0,0,4,1,-1,2,2,54,8,999,1,8,FORD GRAND C-MAX,10,E01016826,0,5
2024421442483,2024,421442483,2,9,0,-1,3,1,5,-1,0,2,0,0,0,0,2,1,-1,9,2,64,9,999,1,8,FORD GRAND C-MAX,8,E01021528,0,1
2024311421019,2024,311421019,1,9,0,-1,19,3,7,-1,0,0,0,0,0,0,1,1,-1,6,2,30,6,1499,2,5,FORD GRAND C-MAX,4,E01028249,0,1
2024430533100,2024,430533100,1,9,0,7,7,4,6,0,0,6,0,0,0,0,3,1,6,6,2,42,7,1997,2,13,FORD GRAND C-MAX,8,E01028547,0,1
202417M106124,2024,17M106124,2,9,0,-1,19,2,6,-1,0,0,0,0,0,0,2,1,-1,9,1,34,6,1560,2,11,FORD GRAND C-MAX,1,E01012039,0,1
2024010526418,2024,010526418,1,9,0,5,5,7,3,0,0,0,0,0,0,0,1,1,6,6,1,54,8,1499,2,8,FORD GRAND C-MAX,6,E01017858,0,4
2024320505624,2024,320505624,1,9,0,-1,-1,8,4,0,0,8,0,0,0,0,4,1,-1,-1,2,42,7,999,1,9,FORD GRAND C-MAX,5,E01026201,0,4
2024440123315,2024,440123315,3,9,0,2,2,0,0,0,0,0,0,0,0,0,4,1,6,6,3,-1,-1,999,1,8,FORD GRAND C-MAX,-1,-1,0,-1
2024070857147,2024,070857147,2,9,0,-1,3,1,5,-1,0,1,0,99,0,0,2,1,-1,6,1,38,7,1499,2,7,FORD GRAND C-MAX,2,E01012535,0,1
2024631433020,2024,631433020,1,9,0,-1,5,6,2,-1,0,0,0,0,0,0,0,1,-1,1,2,38,7,1499,2,6,FORD GRAND C-MAX,8,W01000481,0,1
2024122400221,2024,122400221,1,9,0,18,19,5,1,0,0,0,0,0,0,0,1,1,6,6,2,26,6,1560,2,12,FORD GRAND C-MAX,7,E01027788,0,1
2024531430659,2024,531430659,1,9,0,-1,19,1,5,-1,0,1,0,0,0,0,1,1,-1,6,1,39,7,1560,2,13,FORD GRAND C-MAX,1,E01022329,0,4
2024211492563,2024,211492563,2,9,0,-1,3,1,3,-1,0,0,0,0,0,0,2,9,-1,9,2,36,7,1560,2,9,FORD GRAND C-MAX,7,E01029777,0,2
2024631478179,2024,631478179,2,9,0,-1,2,0,0,-1,0,0,0,0,1,10,2,1,-1,6,-1,-1,-1,1560,2,13,FORD GRAND C-MAX,-1,-1,0,-1
2024351458316,2024,351458316,2,9,0,-1,3,8,4,-1,0,0,0,0,0,0,2,1,-1,6,2,36,7,1499,2,7,FORD GRAND C-MAX,5,E01035532,0,3
2024231405572,2024,231405572,2,9,0,-1,19,8,4,-1,0,8,0,0,0,0,1,9,-1,9,2,50,8,1560,2,10,FORD GRAND C-MAX,4,E01031127,0,1
2024332400534,2024,332400534,2,9,0,-1,19,5,1,-1,0,8,0,0,0,0,1,1,-1,1,1,33,6,999,1,7,FORD GRAND C-MAX,2,E01029426,0,4
2024440495117,2024,440495117,1,9,0,18,19,3,7,0,0,1,0,0,0,0,4,1,3,7,1,37,7,1560,2,12,FORD GRAND C-MAX,4,E01017042,0,1