collision_index,collision_year,collision_ref_no,vehicle_reference,vehicle_type,towing_and_articulation,vehicle_manoeuvre_historic,vehicle_manoeuvre,vehicle_direction_from,vehicle_direction_to,vehicle_location_restricted_lane_historic,vehicle_location_restricted_lane,junction_location,skidding_and_overturning,hit_object_in_carriageway,vehicle_leaving_carriageway,hit_object_off_carriageway,first_point_of_impact,vehicle_left_hand_drive,journey_purpose_of_driver_historic,journey_purpose_of_driver,sex_of_driver,age_of_driver,age_band_of_driver,engine_capacity_cc,propulsion_code,age_of_vehicle,generic_make_model,driver_imd_decile,lsoa_of_driver,escooter_flag,driver_distance_banding
2024201399031,2024,201399031,1,9,0,-1,19,3,7,-1,0,0,1,0,0,0,1,1,-1,6,1,39,7,1560,2,10,FORD GRAND C-MAX,2,E01009314,0,1
2024131503064,2024,131503064,2,9,0,-1,3,6,2,-1,0,8,0,0,0,0,2,1,-1,6,2,40,7,1560,2,12,FORD GRAND C-MAX,2,E01011259,0,1
202460Q059053,2024,60Q059053,2,9,0,17,19,3,7,0,0,0,0,0,0,0,3,1,1,1,2,56,9,1499,2,8,FORD GRAND C-MAX,-1,-1,0,-1
202417L107724,2024,17L107724,3,9,0,-1,19,5,1,-1,0,0,0,0,1,11,4,1,-1,9,2,34,6,1560,2,11,FORD GRAND C-MAX,-1,-1,0,-1
2024161525591,2024,161525591,1,9,0,-1,5,1,5,-1,0,2,0,0,0,0,2,1,-1,9,2,44,7,1560,2,11,FORD GRAND C-MAX,1,E01012931,0,1
2024522402019,2024,522402019,2,9,0,5,5,1,5,0,0,6,0,0,0,0,1,1,6,6,1,50,8,1997,2,13,FORD GRAND C-MAX,10,E01023096,0,5
2024531513391,2024,531513391,2,9,0,-1,19,7,3,-1,0,3,0,0,1,7,3,1,-1,2,1,61,9,1499,2,7,FORD GRAND C-MAX,10,E01022317,0,2
2024131499649,2024,131499649,1,9,0,-1,19,1,5,-1,0,0,0,0,0,0,1,1,-1,7,1,39,7,1499,2,8,FORD GRAND C-MAX,2,E01011015,0,1
2024991409103,2024,991409103,1,9,0,-1,9,2,7,-1,0,8,0,0,0,0,4,1,-1,9,2,36,7,1499,2,8,FORD GRAND C-MAX,2,-1,0,1
2024052401038,2024,052401038,2,9,0,5,5,4,8,0,0,8,0,0,0,0,4,1,6,6,2,41,7,999,1,6,FORD GRAND C-MAX,1,E01006542,0,1
2024340WN2792,2024,340WN2792,1,9,0,-1,19,5,1,-1,0,1,0,0,0,0,1,1,-1,6,1,67,10,1997,2,8,FORD GRAND C-MAX,3,W01000151,0,5
2024622400384,2024,622400384,1,9,0,18,19,8,4,0,0,2,0,0,0,0,4,1,6,6,2,62,9,1560,2,10,FORD GRAND C-MAX,10,W01001846,0,2
2024131513076,2024,131513076,1,9,0,-1,3,2,6,-1,0,1,0,0,0,0,1,1,-1,6,3,-1,-1,1560,2,13,FORD GRAND C-MAX,-1,-1,0,-1
2024101515545,2024,101515545,1,8,0,-1,1,2,3,-1,0,0,0,0,0,0,2,9,-1,6,1,50,8,1499,2,8,FORD GRAND C-MAX,7,E01008585,0,2
2024531475839,2024,531475839,2,9,0,-1,19,5,1,-1,0,0,0,0,0,0,4,1,-1,9,1,55,8,998,1,9,FORD GRAND C-MAX,3,E01032381,0,3
2024332400251,2024,332400251,1,9,0,-1,19,9,9,-1,0,0,0,0,0,0,1,1,-1,6,3,-1,-1,1499,2,8,FORD GRAND C-MAX,-1,-1,0,-1
2024430452473,2024,430452473,2,9,0,18,19,7,3,0,0,8,0,0,0,0,3,1,2,2,2,36,7,1560,2,9,FORD GRAND C-MAX,8,E01017694,0,3
2024010506355,2024,010506355,1,9,0,99,99,9,9,99,99,9,9,99,9,99,2,9,2,2,2,49,8,1596,1,10,FORD GRAND C-MAX,4,E01001624,0,1
2024010544547,2024,010544547,1,9,0,9,9,5,3,0,0,1,0,0,0,0,4,1,6,6,1,46,8,999,1,7,FORD GRAND C-MAX,3,E01001637,0,2
2024430621854,2024,430621854,2,9,0,9,9,6,4,0,0,6,0,0,0,0,3,1,6,6,1,46,8,999,1,6,FORD GRAND C-MAX,-1,-1,0,-1
2024131506280,2024,131506280,2,9,0,-1,19,7,3,-1,0,1,0,0,7,11,4,1,-1,6,2,60,9,1560,2,10,FORD GRAND C-MAX,3,E01011333,0,1
2024221460546,2024,221460546,1,9,0,-1,7,1,2,-1,0,6,0,0,0,0,4,9,-1,2,2,23,5,1560,2,11,FORD GRAND C-MAX,2,E01032202,0,1
2024471472576,2024,471472576,1,9,0,-1,4,3,7,-1,0,0,0,0,0,0,3,2,-1,1,1,33,6,1596,1,12,FORD GRAND C-MAX,1,E01020994,0,1
2024201445128,2024,201445128,2,9,0,-1,3,5,1,-1,0,1,0,0,0,0,2,1,-1,6,2,40,7,1499,2,8,FORD GRAND C-MAX,4,E01008891,0,1
2024430247156,2024,430247156,2,9,0,18,19,3,7,0,0,8,0,0,0,0,4,1,6,6,2,31,6,999,1,5,FORD GRAND C-MAX,8,E01034452,0,1
2024070139701,2024,070139701,2,9,0,18,19,1,5,0,0,8,0,0,0,3,3,1,6,6,2,48,8,1560,2,9,FORD GRAND C-MAX,3,E01018729,0,3
2024471413604,2024,471413604,1,9,0,-1,4,4,8,-1,0,0,0,0,0,0,1,1,-1,9,2,76,11,1997,2,13,FORD GRAND C-MAX,3,E01031609,0,1
2024440194453,2024,440194453,1,9,0,1,1,3,7,0,0,1,0,0,0,0,2,1,6,6,1,38,7,1560,2,11,FORD GRAND C-MAX,3,E01023144,0,1
2024501444251,2024,501444251,2,9,0,-1,3,3,7,-1,0,0,0,0,0,0,2,1,-1,6,2,33,6,1560,2,13,FORD GRAND C-MAX,6,E01018798,0,1
2024131533678,2024,131533678,2,9,0,-1,19,1,1,-1,0,0,0,0,0,0,2,1,-1,6,1,38,7,1560,2,10,FORD GRAND C-MAX,3,E01011105,0,3
2024501446275,2024,501446275,1,9,0,-1,19,5,7,-1,0,1,0,0,0,0,1,9,-1,6,2,36,7,1596,1,12,FORD GRAND C-MAX,5,E01019043,0,1
2024061405736,2024,061405736,1,8,0,-1,19,5,1,-1,0,0,0,0,0,0,4,1,-1,1,1,46,8,1499,2,8,FORD GRAND C-MAX,2,E01005222,0,3
2024101451764,2024,101451764,1,9,0,-1,4,5,1,-1,0,1,0,0,0,0,2,1,-1,9,2,68,10,999,1,6,FORD GRAND C-MAX,9,-1,0,5
2024161520746,2024,161520746,1,9,0,-1,4,7,3,-1,0,0,0,0,0,0,2,1,-1,6,1,42,7,1560,2,11,FORD GRAND C-MAX,3,E01013207,0,1
2024520401947,2024,520401947,3,9,0,2,2,0,0,0,0,0,0,0,0,0,3,1,6,6,3,-1,-1,999,1,9,FORD GRAND C-MAX,-1,-1,0,-1
2024461440884,2024,461440884,1,9,0,-1,7,5,8,-1,0,0,5,4,0,0,1,1,-1,6,1,30,6,1997,2,13,FORD GRAND C-MAX,8,E01016138,0,1
2024411444047,2024,411444047,2,9,0,-1,19,5,1,-1,0,1,0,0,0,0,1,1,-1,7,2,35,6,1499,2,6,FORD GRAND C-MAX,10,E01017413,0,2
2024552400803,2024,552400803,2,9,0,18,19,5,1,0,0,0,0,0,0,0,3,1,6,6,2,43,7,1997,2,9,FORD GRAND C-MAX,4,E01020488,0,1
2024320513968,2024,320513968,1,9,0,9,9,2,1,0,0,5,0,0,0,0,1,1,1,1,1,44,7,1560,2,10,FORD GRAND C-MAX,1,E01012887,0,4
2024010505279,2024,010505279,2,9,9,18,19,4,8,99,99,9,9,99,9,99,9,9,6,6,3,-1,-1,1590,1,20,MAKE AND MODEL REDACTED,-1,-1,0,-1
2024451467385,2024,451467385,3,9,9,-1,99,3,7,-1,99,0,9,99,9,99,9,9,-1,6,3,40,7,1330,8,14,HONDA INSIGHT,-1,-1,0,-1
2024010523348,2024,010523348,1,9,0,18,19,5,1,0,0,2,0,4,0,0,1,1,6,6,2,36,7,1339,8,13,HONDA INSIGHT,3,E01003977,0,2
2024010538974,2024,010538974,2,9,0,18,19,4,8,0,0,8,0,0,0,0,1,1,2,2,1,34,6,1339,8,14,HONDA INSIGHT,-1,-1,0,-1
2024501496756,2024,501496756,3,9,0,-1,2,3,7,-1,0,2,0,0,0,0,2,1,-1,6,-1,-1,-1,1339,8,14,HONDA INSIGHT,-1,-1,0,-1
2024041476974,2024,041476974,2,9,0,-1,19,1,5,-1,0,1,0,0,0,0,1,1,-1,6,1,33,6,1339,8,15,HONDA INSIGHT,2,E01025069,0,2
2024010512374,2024,010512374,1,9,0,9,9,3,1,0,0,8,0,0,0,0,3,1,6,6,1,49,8,1339,8,12,HONDA INSIGHT,-1,-1,0,-1
2024461409146,2024,461409146,4,9,0,-1,2,0,0,-1,9,0,0,0,0,0,1,1,-1,6,2,32,6,1339,8,12,HONDA INSIGHT,2,E01024277,0,1
2024631512164,2024,631512164,1,9,0,-1,19,2,6,-1,0,0,0,0,7,4,1,1,-1,6,1,52,8,1339,8,15,HONDA INSIGHT,4,E01001087,0,5
2024421520134,2024,421520134,1,9,0,-1,-1,-1,-1,-1,-1,-1,-1,-1,-1,0,-1,1,-1,6,3,64,9,1339,8,14,HONDA INSIGHT,4,E01015862,0,1
2024421431224,2024,421431224,1,9,0,-1,19,8,5,-1,0,0,0,0,0,0,1,1,-1,9,2,55,8,1339,8,14,HONDA INSIGHT,3,E01021508,0,1
2024201501332,2024,201501332,1,9,0,-1,19,4,2,-1,0,0,0,0,0,0,1,1,-1,6,1,29,6,1339,8,14,HONDA INSIGHT,1,E01010527,0,1
2024471418860,2024,471418860,1,9,0,-1,3,7,3,-1,0,0,1,0,0,0,2,1,-1,2,1,43,7,1339,8,13,HONDA INSIGHT,3,E01021122,0,2
2024010547934,2024,010547934,1,9,0,11,11,7,3,0,0,0,0,0,0,0,4,1,6,6,3,-1,-1,1339,8,12,HONDA INSIGHT,-1,-1,0,-1
2024371455782,2024,371455782,1,9,0,-1,1,-1,-1,-1,0,0,0,0,0,0,2,9,-1,6,1,42,7,1339,8,12,HONDA INSIGHT,5,E01030105,0,1
2024010527591,2024,010527591,1,9,0,18,19,1,5,0,0,8,0,0,0,0,2,1,6,6,1,56,9,1339,8,15,HONDA INSIGHT,2,E01001430,0,1
2024010512103,2024,010512103,2,9,0,18,19,3,7,0,0,3,0,0,0,0,1,1,6,6,1,-1,-1,1339,8,13,HONDA INSIGHT,2,E01001824,0,1
2024010499493,2024,010499493,1,9,0,99,99,9,9,99,99,9,9,99,9,99,9,9,2,2,1,34,6,1339,8,14,HONDA INSIGHT,4,E01003529,0,1
2024361449479,2024,361449479,2,9,0,-1,12,7,3,-1,0,3,0,0,0,0,3,1,-1,6,1,23,5,1339,8,14,HONDA INSIGHT,2,E01026865,0,1
2024520001653,2024,520001653,2,9,0,18,19,9,9,0,0,1,0,0,0,0,1,1,6,6,3,-1,-1,1339,8,15,HONDA INSIGHT,-1,-1,0,-1
2024010514252,2024,010514252,1,9,0,99,99,9,9,99,99,9,9,99,9,99,9,9,6,6,3,-1,-1,1339,8,11,HONDA INSIGHT,-1,-1,0,-1
2024461516968,2024,461516968,1,9,0,-1,5,8,2,-1,0,6,0,0,0,0,1,1,-1,1,1,39,7,1339,8,13,HONDA INSIGHT,3,E01004283,0,3
2024201423327,2024,201423327,3,9,0,-1,2,0,0,-1,0,0,0,0,0,0,2,1,-1,6,-1,-1,-1,1339,8,13,HONDA INSIGHT,-1,-1,0,-1
2024010536699,2024,010536699,1,9,0,16,19,5,1,0,0,2,0,0,0,0,1,1,6,6,1,35,6,1339,8,12,HONDA INSIGHT,2,E01035684,0,2
2024010548529,2024,010548529,1,9,0,18,19,1,5,0,0,1,0,0,0,0,1,1,6,6,1,60,9,1339,8,10,HONDA INSIGHT,4,E01000958,0,1
2024052400954,2024,052400954,1,9,0,18,19,7,3,0,0,1,0,0,0,0,4,1,6,6,1,44,7,1339,8,15,HONDA INSIGHT,1,E01006692,0,1
2024471502785,2024,471502785,1,9,0,-1,19,7,3,-1,0,0,0,0,0,0,1,1,-1,6,1,70,10,1339,8,15,HONDA INSIGHT,3,E01016873,0,1
2024461533896,2024,461533896,1,9,0,-1,14,3,7,-1,0,0,0,0,0,0,3,1,-1,9,1,51,8,1339,8,14,HONDA INSIGHT,5,E01003704,0,3
2024010526591,2024,010526591,1,9,0,3,3,1,5,0,0,4,0,0,3,0,1,1,6,6,1,48,8,1339,8,14,HONDA INSIGHT,2,E01002715,0,2
2024231525557,2024,231525557,1,9,0,-1,19,8,4,-1,0,0,0,0,0,0,1,9,-1,7,1,54,8,1339,8,12,HONDA INSIGHT,9,E01031148,0,1
2024201522065,2024,201522065,1,9,0,-1,5,7,3,-1,0,8,1,0,0,0,1,1,-1,6,1,-1,-1,1339,8,13,HONDA INSIGHT,3,E01009792,0,1
2024430069001,2024,430069001,1,9,0,3,3,8,4,0,0,8,0,0,0,0,2,1,6,6,1,53,8,1339,8,13,HONDA INSIGHT,2,E01016397,0,1
2024430445798,2024,430445798,1,9,0,18,19,2,6,0,0,1,0,0,0,0,1,1,6,6,2,32,6,1339,8,14,HONDA INSIGHT,-1,-1,0,-1
2024991489182,2024,991489182,1,9,0,-1,19,6,1,-1,0,8,1,11,0,0,1,1,-1,6,1,82,11,1339,8,12,HONDA INSIGHT,7,-1,0,1
2024201538181,2024,201538181,1,9,0,-1,19,6,2,-1,0,5,0,0,0,0,1,9,-1,6,3,-1,-1,1339,8,15,HONDA INSIGHT,-1,-1,0,-1
2024451488540,2024,451488540,1,9,0,-1,11,5,1,-1,0,1,0,0,1,0,4,1,-1,9,1,20,4,1339,8,12,HONDA INSIGHT,8,E01030384,0,1
2024131462181,2024,131462181,2,9,0,-1,19,5,1,-1,0,1,0,0,0,0,1,1,-1,9,2,48,8,1339,8,14,HONDA INSIGHT,1,E01033889,0,5
2024010543119,2024,010543119,2,9,0,99,99,9,9,99,99,9,9,99,9,99,1,9,6,6,3,-1,-1,1339,8,13,HONDA INSIGHT,4,E01002057,0,1
2024622500024,2024,622500024,2,9,0,2,2,0,0,0,0,0,0,0,0,0,2,1,6,6,3,-1,-1,995,1,24,HONDA INSIGHT,-1,-1,0,-1
2024010541410,2024,010541410,2,9,0,99,99,9,9,99,99,9,9,99,9,99,1,9,6,6,3,29,6,1339,8,11,HONDA INSIGHT,3,E01034205,0,2
2024201506044,2024,201506044,1,9,0,-1,19,8,4,-1,0,6,0,0,0,0,1,9,-1,6,1,40,7,1339,8,13,HONDA INSIGHT,4,E01010254,0,4
2024010548974,2024,010548974,2,9,0,9,9,3,1,0,0,1,0,0,0,0,1,1,6,6,1,34,6,1339,8,14,HONDA INSIGHT,8,E01002238,0,1
2024201536518,2024,201536518,1,9,0,-1,19,8,4,-1,0,0,0,0,0,0,1,9,-1,6,3,-1,-1,1339,8,13,HONDA INSIGHT,-1,-1,0,-1
2024440272196,2024,440272196,1,5,0,18,19,4,8,0,0,1,0,7,0,0,1,1,2,2,1,54,8,680,1,15,MAKE AND MODEL REDACTED,7,E01017320,0,2
2024501448085,2024,501448085,1,2,0,-1,19,7,3,-1,0,8,0,0,0,0,1,1,-1,6,1,20,4,50,1,4,MAKE AND MODEL REDACTED,6,E01020533,0,1
2024501486067,2024,501486067,2,2,0,-1,19,3,7,-1,0,1,0,0,0,0,1,1,-1,6,1,16,4,50,1,3,MAKE AND MODEL REDACTED,4,E01018894,0,3
2024302400394,2024,302400394,1,2,0,18,19,6,2,0,0,8,1,0,0,0,0,1,6,6,1,16,4,49,1,12,MAKE AND MODEL REDACTED,1,E01013533,0,1
2024501443885,2024,501443885,2,19,0,-1,4,0,0,-1,0,6,0,0,0,0,2,1,-1,1,2,30,6,2298,2,2,RENAULT MASTER,3,E01015190,0,1
2024451480037,2024,451480037,1,19,0,-1,19,5,1,-1,0,0,5,10,1,9,1,1,-1,1,1,38,7,2298,2,1,RENAULT MASTER,4,E01000307,0,4
2024141517322,2024,141517322,2,19,0,-1,5,6,2,-1,0,1,0,0,0,0,1,9,-1,6,1,30,6,2298,2,9,RENAULT MASTER,4,E01007757,0,2
2024451510337,2024,451510337,2,19,0,-1,12,7,3,-1,0,0,0,0,0,0,2,1,-1,1,1,57,9,2298,2,2,RENAULT MASTER,8,E01029383,0,5
2024520403140,2024,520403140,2,19,0,2,2,0,0,0,0,0,0,4,0,0,3,1,1,1,1,28,6,2298,2,4,RENAULT MASTER,1,E01008887,0,5
2024501461652,2024,501461652,1,19,0,-1,19,3,7,-1,0,0,0,0,0,0,4,1,-1,1,1,25,5,2298,2,10,RENAULT MASTER,3,E01018937,0,4
2024351539701,2024,351539701,1,19,0,-1,4,3,7,-1,0,0,0,0,0,0,1,1,-1,6,1,50,8,2298,2,5,RENAULT MASTER,3,E01034682,0,4
2024430014042,2024,430014042,1,19,0,7,7,4,6,0,0,5,0,0,0,0,4,1,1,1,1,57,9,2298,2,8,RENAULT MASTER,9,E01035761,0,3
2024311432911,2024,311432911,1,19,0,-1,5,3,7,-1,0,0,0,0,0,0,1,1,-1,6,1,45,7,2299,2,11,RENAULT MASTER,-1,-1,0,-1
2024351528633,2024,351528633,1,19,0,-1,19,4,8,-1,0,0,0,0,0,0,1,1,-1,6,1,53,8,2298,2,1,RENAULT MASTER,5,E01035599,0,4
2024041489956,2024,041489956,2,19,0,-1,19,4,8,-1,0,0,0,0,0,0,1,1,-1,7,1,47,8,2298,2,9,RENAULT MASTER,8,E01024923,0,1
2024471413196,2024,471413196,1,19,0,-1,2,0,0,-1,0,2,0,0,0,0,0,1,-1,6,3,-1,-1,2298,2,6,RENAULT MASTER,-1,-1,0,-1
2024340NN0602,2024,340NN0602,2,19,0,-1,2,0,0,-1,0,0,0,0,0,0,2,1,-1,6,3,-1,-1,2298,2,14,RENAULT MASTER,-1,-1,0,-1
2024471505599,2024,471505599,2,19,0,-1,19,6,2,-1,0,1,0,0,0,0,1,1,-1,1,1,58,9,2298,2,0,RENAULT MASTER,7,E01029019,0,5
2024522403346,2024,522403346,2,10,0,3,3,6,2,0,0,0,0,0,0,0,2,1,6,6,2,54,8,-1,-1,-1,RENAULT MASTER,10,E01014911,0,2
2024471405610,2024,471405610,1,19,0,-1,19,3,7,-1,0,1,0,0,0,0,1,1,-1,9,2,33,6,2463,2,18,RENAULT MASTER,3,E01021017,0,1
2024010526612,2024,010526612,3,19,0,2,2,0,0,0,0,1,0,0,0,0,3,1,6,6,3,-1,-1,2298,2,1,RENAULT MASTER,-1,-1,0,-1
2024332400304,2024,332400304,2,19,0,-1,9,1,7,-1,0,5,0,0,0,0,3,1,-1,6,1,52,8,2298,2,2,RENAULT MASTER,-1,-1,0,-1
2024522500078,2024,522500078,1,90,0,18,19,1,5,0,0,8,0,0,0,0,1,1,6,6,1,21,5,2299,2,10,RENAULT MASTER,4,E01014840,0,1
2024141407192,2024,141407192,2,19,0,-1,19,7,3,-1,0,1,0,0,0,0,3,1,-1,1,1,42,7,2298,2,6,RENAULT MASTER,4,E01027187,0,5
2024010527723,2024,010527723,2,19,0,18,19,9,9,99,99,0,9,99,9,99,2,9,6,6,3,-1,-1,2298,2,4,RENAULT MASTER,4,E01003122,0,1
2024311433185,2024,311433185,2,19,0,-1,19,6,2,-1,0,8,0,0,0,0,2,1,-1,2,1,50,8,2298,2,3,RENAULT MASTER,-1,-1,0,-1
2024361502595,2024,361502595,2,19,0,-1,19,3,7,-1,0,0,0,0,1,0,1,1,-1,1,1,32,6,-1,-1,-1,RENAULT MASTER,7,E01026642,0,4
2024540190324,2024,540190324,2,19,0,18,19,6,2,0,0,0,0,0,0,0,0,1,1,1,1,36,7,2298,2,1,RENAULT MASTER,2,E01002604,0,5
2024061446300,2024,061446300,2,19,0,-1,19,4,8,-1,0,0,0,0,0,0,1,1,-1,1,1,47,8,2298,2,0,RENAULT MASTER,2,E01006298,0,2
2024552400468,2024,552400468,1,19,0,9,9,3,1,0,0,6,0,0,0,0,1,1,1,1,1,56,9,2298,2,1,RENAULT MASTER,4,E01032714,0,4
2024211544143,2024,211544143,2,19,0,-1,19,5,1,-1,0,1,0,0,0,0,1,1,-1,6,1,-1,-1,2298,2,1,RENAULT MASTER,-1,-1,0,-1
2024991433103,2024,991433103,1,19,0,-1,19,7,3,-1,0,0,0,0,0,0,0,1,-1,1,1,31,6,2298,2,2,RENAULT MASTER,4,-1,0,2
2024061427861,2024,061427861,3,19,0,-1,2,0,0,-1,0,0,0,0,0,0,2,1,-1,6,-1,-1,-1,2298,2,3,RENAULT MASTER,-1,-1,0,-1
2024211510545,2024,211510545,2,19,0,-1,19,3,7,-1,0,0,0,0,0,0,1,1,-1,6,1,35,6,2299,2,6,RENAULT MASTER,3,E01009947,0,4
2024991532448,2024,991532448,1,19,0,-1,9,5,1,-1,0,1,0,0,0,0,3,1,-1,1,1,63,9,2298,2,0,RENAULT MASTER,1,-1,0,4
2024461534466,2024,461534466,1,19,0,-1,5,1,5,-1,0,0,0,0,0,0,1,1,-1,1,1,27,6,2298,2,7,RENAULT MASTER,4,E01024284,0,3
2024471482333,2024,471482333,1,19,0,-1,4,2,6,-1,0,0,0,0,0,0,1,1,-1,1,1,69,10,2298,2,9,RENAULT MASTER,7,E01035328,0,1
2024211472033,2024,211472033,1,19,0,-1,19,5,5,-1,0,1,0,0,0,0,1,1,-1,9,1,25,5,2298,2,3,RENAULT MASTER,6,E01029708,0,1
2024231528622,2024,231528622,1,19,0,-1,19,8,4,-1,0,0,2,0,1,0,1,1,-1,6,1,54,8,2463,2,19,RENAULT MASTER,5,E01002361,0,5
2024991546508,2024,991546508,2,19,0,-1,19,1,5,-1,0,1,0,0,7,0,1,1,-1,1,1,43,7,2298,2,8,RENAULT MASTER,8,-1,0,3
2024991464470,2024,991464470,1,19,0,-1,19,2,6,-1,0,0,0,0,0,0,4,2,-1,6,1,40,7,2298,2,2,RENAULT MASTER,-1,-1,0,-1
2024471487645,2024,471487645,3,19,0,-1,19,5,1,-1,0,1,0,0,0,0,1,1,-1,1,1,37,7,2298,2,2,RENAULT MASTER,5,E01020936,0,4
2024991532065,2024,991532065,1,19,0,-1,1,1,5,-1,0,8,0,0,0,0,2,1,-1,2,1,26,6,2298,2,9,RENAULT MASTER,6,-1,0,1
2024332400568,2024,332400568,2,19,0,-1,19,9,9,-1,0,8,0,0,0,0,2,1,-1,6,1,-1,-1,2298,2,1,RENAULT MASTER,-1,-1,0,-1
2024061570379,2024,061570379,1,19,0,-1,19,4,8,-1,0,8,0,0,0,0,1,1,-1,1,1,57,9,2298,2,13,RENAULT MASTER,2,E01005890,0,1
2024411556755,2024,411556755,1,19,0,-1,12,1,5,-1,0,0,0,0,0,0,-1,1,-1,6,3,-1,-1,2298,2,5,RENAULT MASTER,-1,-1,0,-1
2024531466682,2024,531466682,1,19,0,-1,4,6,2,-1,0,4,0,0,0,0,2,1,-1,1,1,34,6,2298,2,0,RENAULT MASTER,5,E01018158,0,5
2024122400802,2024,122400802,1,8,0,18,19,1,5,0,0,2,0,0,0,0,4,1,1,1,1,65,9,2299,2,13,RENAULT MASTER,8,E01013428,0,1
2024471435055,2024,471435055,1,19,0,-1,19,7,3,-1,0,1,0,0,0,0,1,1,-1,2,1,28,6,2298,2,7,RENAULT MASTER,10,E01031763,0,2
2024031491708,2024,031491708,2,19,0,-1,19,3,7,-1,0,0,0,0,0,0,1,1,-1,9,1,58,9,-1,-1,-1,RENAULT MASTER,1,E01019143,0,4
2024471430713,2024,471430713,1,19,0,-1,19,8,4,-1,0,2,0,0,0,0,1,1,-1,2,1,26,6,2298,2,13,RENAULT MASTER,1,E01031427,0,3
2024411469270,2024,411469270,3,19,0,-1,19,1,5,-1,0,0,0,0,0,0,1,1,-1,1,1,43,7,2298,2,3,RENAULT MASTER,4,E01023592,0,3
2024430086654,2024,430086654,2,19,0,18,19,2,6,0,0,2,0,0,0,0,1,1,1,1,1,33,6,2298,2,10,RENAULT MASTER,2,E01009872,0,4
2024052400073,2024,052400073,3,19,0,3,3,1,5,0,0,0,0,0,0,0,2,1,1,1,1,63,9,2298,2,1,RENAULT MASTER,1,E01006863,0,3
2024010508240,2024,010508240,1,19,0,6,6,5,5,0,0,0,0,0,0,0,0,1,1,1,1,22,5,2298,2,6,RENAULT MASTER,6,E01002331,0,1
2024010535235,2024,010535235,2,19,0,3,3,7,3,0,0,1,0,0,0,0,2,1,1,1,1,54,8,2298,2,2,RENAULT MASTER,5,E01001247,0,2
2024320080990,2024,320080990,1,10,0,-1,-1,7,3,0,0,0,0,0,7,9,1,1,1,1,1,57,9,2298,2,12,RENAULT MASTER,4,E01025930,0,4
2024010504654,2024,010504654,1,19,0,4,4,1,5,0,0,1,0,0,0,0,2,1,6,6,1,28,6,2298,2,8,RENAULT MASTER,2,E01001877,0,1
2024201530301,2024,201530301,1,19,0,-1,7,4,6,-1,0,0,0,0,0,0,1,1,-1,1,1,63,9,2298,2,4,RENAULT MASTER,4,E01009497,0,2
2024361466047,2024,361466047,2,19,0,-1,19,7,3,-1,0,0,0,0,0,0,0,1,-1,1,1,28,6,2298,2,5,RENAULT MASTER,4,E01026864,0,3
2024221399704,2024,221399704,2,19,0,-1,19,6,2,-1,0,0,0,10,0,0,1,1,-1,2,1,38,7,2298,2,1,RENAULT MASTER,6,E01031048,0,4
2024471425920,2024,471425920,1,19,0,-1,19,6,2,-1,0,0,0,4,0,0,3,2,-1,1,1,33,6,2464,2,15,RENAULT MASTER,10,E01021157,0,3
2024010514682,2024,010514682,2,19,9,99,99,9,9,99,99,9,9,99,9,99,2,9,6,6,3,53,8,2298,2,3,RENAULT MASTER,-1,-1,0,-1
2024010515339,2024,010515339,1,90,0,18,19,2,6,0,0,1,0,0,0,0,4,1,1,1,1,52,8,2299,2,2,RENAULT MASTER,2,E01001788,0,1
2024991515865,2024,991515865,3,19,0,-1,19,1,5,-1,0,0,0,0,0,0,1,1,-1,1,1,57,9,2298,2,3,RENAULT MASTER,4,-1,0,4
2024471486881,2024,471486881,1,19,0,-1,19,4,7,-1,0,0,0,0,0,0,1,9,-1,6,1,31,6,2298,2,11,RENAULT MASTER,9,E01031589,0,1
2024991399467,2024,991399467,2,19,0,-1,19,8,4,-1,0,0,0,0,0,0,2,1,-1,1,1,47,8,2298,2,1,RENAULT MASTER,5,E01013027,0,5
2024421417602,2024,421417602,1,19,2,-1,3,3,1,-1,0,3,0,0,0,0,-1,1,-1,6,1,17,4,2299,2,11,RENAULT MASTER,4,E01015884,0,4
2024010543086,2024,010543086,2,9,0,18,19,6,2,0,0,2,0,0,3,0,0,1,1,1,1,49,8,2298,2,6,RENAULT MASTER,-1,-1,0,-1
2024471472182,2024,471472182,3,19,0,-1,2,0,0,-1,0,2,0,0,0,0,0,1,-1,6,-1,-1,-1,2298,2,9,RENAULT MASTER,-1,-1,0,-1
2024991406840,2024,991406840,2,19,0,-1,19,6,2,-1,0,0,0,0,0,0,1,1,-1,1,1,44,7,2298,2,3,RENAULT MASTER,7,E01034684,0,5
202417S201524,2024,17S201524,1,19,0,18,19,2,6,0,0,1,0,0,0,0,1,1,1,1,1,35,6,2298,2,1,RENAULT MASTER,5,E01012205,0,2
2024991553264,2024,991553264,2,19,0,-1,19,2,8,-1,0,0,0,0,0,0,1,1,-1,1,1,56,9,2298,2,0,RENAULT MASTER,-1,-1,0,-1