collision_index,collision_year,collision_ref_no,vehicle_reference,vehicle_type,towing_and_articulation,vehicle_manoeuvre_historic,vehicle_manoeuvre,vehicle_direction_from,vehicle_direction_to,vehicle_location_restricted_lane_historic,vehicle_location_restricted_lane,junction_location,skidding_and_overturning,hit_object_in_carriageway,vehicle_leaving_carriageway,hit_object_off_carriageway,first_point_of_impact,vehicle_left_hand_drive,journey_purpose_of_driver_historic,journey_purpose_of_driver,sex_of_driver,age_of_driver,age_band_of_driver,engine_capacity_cc,propulsion_code,age_of_vehicle,generic_make_model,driver_imd_decile,lsoa_of_driver,escooter_flag,driver_distance_banding
2024340WN5112,2024,340WN5112,1,9,0,-1,19,5,1,-1,0,0,0,4,0,0,1,1,-1,6,1,21,5,2979,1,7,BMW M3,-1,-1,0,-1
2024201429225,2024,201429225,1,9,0,-1,9,1,2,-1,0,0,0,10,1,0,1,1,-1,6,1,40,7,2993,1,2,BMW M3,-1,-1,0,-1
2024010510910,2024,010510910,1,9,0,5,5,5,1,0,0,1,1,7,6,10,1,1,6,6,1,26,6,2993,1,3,BMW M3,3,E01003183,0,3
2024131401829,2024,131401829,1,9,0,-1,13,7,3,-1,0,0,0,0,0,0,1,1,-1,9,1,25,5,2998,1,4,BMW M3,3,E01011519,0,3
2024421463107,2024,421463107,2,9,0,-1,19,2,6,-1,0,0,2,0,2,7,4,1,-1,6,1,47,8,2993,1,1,BMW M3,3,E01015868,0,4
2024010525049,2024,010525049,1,9,0,14,14,3,7,0,0,0,0,4,0,0,4,1,2,2,1,36,7,2998,1,4,BMW M3,10,E01024150,0,1
2024201527129,2024,201527129,1,9,0,-1,19,4,8,-1,0,0,0,0,0,0,1,1,-1,6,1,20,4,2998,8,3,BMW M3,1,E01034935,0,1
2024031460744,2024,031460744,1,9,0,-1,9,7,5,-1,0,1,0,0,0,0,1,1,-1,1,1,59,9,2993,12,3,BMW M3,-1,-1,0,-1
2024010544847,2024,010544847,3,9,0,2,2,0,0,0,0,0,0,0,0,0,4,1,6,6,3,-1,-1,2993,1,0,BMW M3,-1,-1,0,-1
2024031433243,2024,031433243,1,9,0,-1,19,3,1,-1,0,0,1,0,7,1,4,1,-1,9,1,31,6,2993,1,2,BMW M3,7,E01019134,0,1
2024010550099,2024,010550099,1,9,0,18,19,5,1,0,0,1,0,0,0,0,1,1,6,6,1,27,6,2998,1,5,BMW M3,3,E01000510,0,1
2024451483908,2024,451483908,1,9,0,-1,19,5,1,-1,0,0,0,0,0,0,3,1,-1,9,1,61,9,2993,1,1,BMW M3,9,E01030340,0,1
2024340NN2272,2024,340NN2272,4,9,0,-1,19,2,6,-1,0,1,0,0,0,0,0,1,-1,6,3,-1,-1,2998,8,2,BMW M3,-1,-1,0,-1
2024061450433,2024,061450433,1,9,0,-1,19,1,5,-1,0,0,0,0,0,0,1,1,-1,9,1,49,8,3999,1,14,BMW M3,9,E01000894,0,5
2024340WN4332,2024,340WN4332,4,9,0,-1,19,3,7,-1,0,0,0,0,0,0,0,1,-1,1,1,26,6,2998,8,2,BMW M3,7,E01027162,0,1
2024052401632,2024,052401632,1,9,0,9,9,1,7,0,0,8,0,0,0,0,1,1,6,6,1,31,6,2993,12,3,BMW M3,6,E01012378,0,3
2024421429784,2024,421429784,1,9,0,-1,19,6,2,-1,0,0,1,0,0,0,1,1,-1,6,1,23,5,2998,1,5,BMW M3,8,E01021599,0,4
2024010512225,2024,010512225,2,9,0,18,19,3,7,0,0,0,1,4,2,11,1,1,6,6,3,-1,-1,2979,1,6,BMW M3,-1,-1,0,-1
2024302401581,2024,302401581,1,9,0,5,5,5,6,0,0,8,0,0,1,0,1,1,6,6,1,33,6,2993,1,3,BMW M3,2,E01013483,0,1
2024161454573,2024,161454573,2,9,0,-1,19,1,5,-1,0,1,1,4,0,0,4,1,-1,1,1,41,7,2998,8,2,BMW M3,8,E01012962,0,4
2024471462014,2024,471462014,1,9,0,-1,19,6,2,-1,0,0,1,0,0,0,3,1,-1,6,-1,-1,-1,2998,1,5,BMW M3,-1,-1,0,-1
2024501421538,2024,501421538,1,9,0,-1,15,8,4,-1,0,0,2,0,1,1,2,1,-1,9,1,27,6,2979,1,7,BMW M3,5,E01018966,0,3
2024041528449,2024,041528449,2,9,0,-1,19,5,1,-1,0,1,0,0,0,0,1,2,-1,9,1,29,6,2998,1,5,BMW M3,9,E01025484,0,1
2024052400318,2024,052400318,3,9,0,18,19,8,4,0,0,8,0,0,0,0,3,1,6,6,3,-1,-1,2993,1,3,BMW M3,-1,-1,0,-1
2024302401795,2024,302401795,1,9,0,-1,19,6,2,-1,0,8,2,0,1,1,4,1,-1,6,1,53,8,2993,1,0,BMW M3,9,E01019600,0,2
2024451523966,2024,451523966,3,9,0,-1,19,7,3,-1,0,0,0,0,0,0,1,1,-1,9,1,33,6,3246,1,20,BMW M3,8,E01030817,0,4
2024131534901,2024,131534901,1,9,0,-1,-1,-1,-1,-1,-1,0,-1,-1,-1,-1,-1,1,-1,6,3,-1,-1,2993,1,2,BMW M3,-1,-1,0,-1
2024211501733,2024,211501733,2,9,0,-1,3,6,2,-1,0,0,0,0,0,0,2,9,-1,6,1,43,7,3246,1,20,BMW M3,3,E01029553,0,1
2024461491683,2024,461491683,3,9,0,-1,19,1,5,-1,0,8,0,0,0,0,2,1,-1,6,1,60,9,4000,1,15,BMW M3,6,E01023979,0,3
2024461527554,2024,461527554,2,9,0,-1,-1,3,7,-1,-1,0,0,0,0,0,0,1,-1,-1,1,43,7,2998,8,2,BMW M3,9,E01030830,0,3
2024131407439,2024,131407439,5,9,0,-1,19,5,1,-1,0,0,1,0,0,0,1,1,-1,1,1,50,8,2998,8,2,BMW M3,10,E01027719,0,4
2024471537891,2024,471537891,2,9,0,-1,19,7,4,-1,0,0,0,0,0,0,2,1,-1,1,1,42,7,2993,12,3,BMW M3,4,E01020951,0,4
2024061488719,2024,061488719,1,9,0,-1,99,5,1,-1,99,1,9,10,9,0,1,1,-1,6,1,-1,-1,2993,12,0,BMW M3,-1,-1,0,-1
2024201506972,2024,201506972,1,9,0,-1,11,1,5,-1,2,1,0,0,0,0,1,9,-1,6,3,-1,-1,2993,1,3,BMW M3,-1,-1,0,-1
2024010532048,2024,010532048,2,9,0,15,15,1,5,0,0,1,0,0,0,0,3,1,6,6,1,41,7,2993,1,2,BMW M3,8,E01024484,0,4
2024201506205,2024,201506205,4,9,0,-1,19,4,2,-1,0,0,0,0,0,0,1,1,-1,6,1,28,6,2993,1,2,BMW M3,1,E01009371,0,1
2024101516444,2024,101516444,1,9,0,-1,19,1,5,-1,0,0,0,0,0,0,1,1,-1,6,1,46,8,2998,8,2,BMW M3,-1,-1,0,-1
2024010542641,2024,010542641,1,9,0,18,19,3,7,0,0,2,1,7,2,7,1,1,6,6,1,25,5,2993,1,2,BMW M3,3,E01000867,0,2
2024991506535,2024,991506535,1,9,0,-1,19,7,3,-1,0,1,0,0,0,0,1,1,-1,6,1,51,8,2998,8,0,BMW M3,6,-1,0,1
2024061422623,2024,061422623,1,9,0,-1,19,1,1,-1,0,1,0,0,0,0,1,2,-1,6,1,30,6,2998,8,3,BMW M3,-1,-1,0,-1
2024471477927,2024,471477927,4,9,0,-1,4,7,3,-1,0,8,0,0,0,0,2,1,-1,1,1,53,8,2998,8,2,BMW M3,9,E01022667,0,4
2024421485274,2024,421485274,1,9,0,-1,19,5,1,-1,9,0,0,0,0,0,1,9,-1,6,1,-1,-1,3999,1,14,BMW M3,-1,-1,0,-1
2024141494368,2024,141494368,2,9,0,-1,5,3,7,-1,0,4,0,0,0,0,3,1,-1,2,1,27,6,2998,8,1,BMW M3,3,E01019506,0,4
2024421417619,2024,421417619,2,9,0,-1,3,3,7,-1,0,0,0,0,0,0,2,1,-1,6,2,53,8,2993,1,0,BMW M3,7,E01029871,0,3
2024010499803,2024,010499803,1,9,0,18,19,3,7,0,0,0,0,0,0,0,4,1,6,6,1,22,5,3246,1,21,BMW M3,2,E01001437,0,2
2024320246746,2024,320246746,1,9,0,-1,-1,6,1,0,0,0,1,0,1,9,4,1,-1,-1,1,49,8,2993,1,2,BMW M3,8,E01032992,0,2
2024201535688,2024,201535688,1,9,0,-1,19,3,6,-1,0,1,0,0,0,0,1,1,-1,6,1,28,6,2979,1,6,BMW M3,8,E01010504,0,1
2024010498647,2024,010498647,1,9,0,18,19,7,3,0,0,1,0,0,0,0,1,1,1,1,1,38,7,2993,1,0,BMW M3,9,E01030830,0,4
2024010508452,2024,010508452,1,9,0,15,15,7,3,0,0,8,0,0,1,7,1,1,6,6,1,41,7,3246,1,21,BMW M3,7,E01004193,0,1
2024201453801,2024,201453801,2,9,0,-1,19,3,7,-1,0,8,0,0,0,0,1,9,-1,9,1,47,8,2993,12,0,BMW M3,1,E01009486,0,1
2024010507315,2024,010507315,1,9,0,18,19,1,5,0,0,0,0,0,0,0,1,1,6,6,1,22,5,2979,1,8,BMW M3,5,E01002632,0,1
2024991490618,2024,991490618,2,9,0,-1,19,6,2,-1,0,8,0,0,0,0,1,1,-1,9,1,23,5,2979,1,6,BMW M3,6,-1,0,1
2024461497242,2024,461497242,1,9,0,-1,19,3,7,-1,0,0,0,0,1,4,1,1,-1,2,1,36,7,3999,1,11,BMW M3,6,E01024071,0,3
2024010504152,2024,010504152,2,9,0,99,99,9,9,99,99,9,9,99,9,99,9,9,6,6,3,-1,-1,2979,1,8,BMW M3,9,E01003682,0,1
2024010536125,2024,010536125,1,9,0,4,4,3,7,0,0,6,0,0,0,0,0,1,6,6,1,34,6,2998,1,4,BMW M3,3,E01002502,0,1
2024010518952,2024,010518952,2,9,0,18,19,1,5,0,0,3,0,0,0,0,3,1,6,6,1,28,6,2998,1,5,BMW M3,2,E01034209,0,2
2024411438236,2024,411438236,1,9,0,-1,19,7,3,-1,0,4,0,0,0,0,1,1,-1,6,1,23,5,2979,1,7,BMW M3,3,E01000226,0,3
2024161409407,2024,161409407,3,9,0,-1,19,3,7,-1,0,0,0,0,0,0,0,1,-1,1,2,43,7,2998,8,2,BMW M3,8,E01012962,0,3
2024552401108,2024,552401108,1,9,0,18,19,8,4,0,0,8,0,0,0,0,4,1,6,6,1,24,5,3999,1,14,BMW M3,10,E01020415,0,3
2024631426112,2024,631426112,1,9,0,-1,19,7,2,-1,0,1,0,0,0,0,1,1,-1,9,1,33,6,2993,12,3,BMW M3,8,W01000093,0,5
2024010517531,2024,010517531,1,9,0,18,19,1,5,0,0,9,0,99,0,0,9,1,6,6,1,35,6,2979,1,7,BMW M3,3,E01034483,0,1
2024361474717,2024,361474717,2,9,0,-1,19,1,5,-1,0,0,0,0,1,0,3,1,-1,6,1,49,8,2998,8,1,BMW M3,10,E01003884,0,5
2024010512038,2024,010512038,1,9,0,9,9,1,7,0,0,6,0,0,0,0,1,1,6,6,1,35,6,3246,1,22,BMW M3,10,E01035238,0,4
2024201494309,2024,201494309,2,9,0,-1,19,4,8,-1,0,0,1,10,7,2,2,1,-1,9,-1,30,6,2998,1,5,BMW M3,-1,-1,0,-1
2024991471722,2024,991471722,2,9,0,-1,13,6,2,-1,0,0,0,0,7,0,4,1,-1,6,1,57,9,2998,8,2,BMW M3,7,E01016764,0,5
2024522402877,2024,522402877,1,9,0,9,9,4,2,0,0,6,0,0,0,0,4,1,6,6,1,31,6,2998,8,0,BMW M3,3,E01014609,0,2
2024010522814,2024,010522814,2,9,0,99,99,9,9,99,99,9,9,99,9,99,1,9,6,6,3,-1,-1,3246,1,21,BMW M3,-1,-1,0,-1
2024010505077,2024,010505077,1,9,0,5,5,4,8,0,0,0,0,10,1,11,1,1,6,6,1,49,8,3999,1,16,BMW M3,6,E01003223,0,1
2024061485844,2024,061485844,1,9,0,-1,19,1,5,-1,0,0,1,10,4,0,4,1,-1,6,1,27,6,2979,1,6,BMW M3,3,E01018732,0,4
2024201457950,2024,201457950,1,9,0,-1,19,2,6,-1,0,8,0,10,7,2,1,9,-1,9,1,31,6,2998,8,2,BMW M3,3,E01033623,0,1
2024010524590,2024,010524590,5,9,0,18,19,1,5,0,0,1,0,0,0,0,1,1,6,6,1,25,5,2993,1,0,BMW M3,4,E01002663,0,1
2024430537742,2024,430537742,2,9,0,18,19,1,5,0,0,0,0,0,0,0,1,1,2,2,1,30,6,2993,12,3,BMW M3,8,E01035565,0,3
2024201411986,2024,201411986,2,9,0,-1,3,4,8,-1,0,0,0,0,0,0,2,1,-1,6,1,31,6,2998,1,4,BMW M3,-1,-1,0,-1
2024340WN5542,2024,340WN5542,4,9,0,-1,19,7,3,-1,0,0,0,0,0,0,0,1,-1,1,2,-1,-1,2998,8,2,BMW M3,-1,-1,0,-1
2024461419299,2024,461419299,1,9,0,-1,19,5,1,-1,9,0,1,0,7,0,1,1,-1,9,1,55,8,2993,1,3,BMW M3,3,E01024620,0,1
2024141530369,2024,141530369,1,9,0,-1,7,4,7,-1,0,6,0,0,0,0,1,1,-1,6,1,25,5,2998,1,5,BMW M3,5,E01007644,0,1
2024010515246,2024,010515246,1,9,0,5,5,3,7,0,0,2,0,0,0,0,1,1,6,6,1,20,4,2998,8,2,BMW M3,7,E01001269,0,3
2024340NN4612,2024,340NN4612,1,9,0,-1,19,1,5,-1,0,2,0,0,0,0,1,1,-1,9,1,49,8,2993,12,1,BMW M3,8,E01027066,0,1
2024421405060,2024,421405060,4,9,0,-1,2,1,5,-1,0,6,0,0,0,0,2,1,-1,6,-1,-1,-1,3999,1,13,BMW M3,-1,-1,0,-1
2024302400242,2024,302400242,1,9,0,18,19,7,3,0,0,1,0,4,1,0,1,1,6,6,1,84,11,2295,1,25,MAKE AND MODEL REDACTED,3,E01034648,0,1
2024421469741,2024,421469741,1,5,0,-1,19,5,2,-1,0,1,0,0,0,0,1,1,-1,9,1,46,8,1099,1,13,DUCATI STREETFIGHTER,8,E01021382,0,2
2024501431193,2024,501431193,2,5,0,-1,19,3,7,-1,0,1,5,0,0,0,1,1,-1,9,1,30,6,1103,1,2,DUCATI STREETFIGHTER,8,E01020169,0,4
2024302401179,2024,302401179,3,5,0,18,19,1,5,0,0,0,0,0,0,0,1,1,6,6,1,59,9,955,1,2,DUCATI STREETFIGHTER,8,E01032488,0,4
2024991450939,2024,991450939,4,5,0,-1,19,6,2,-1,0,1,0,0,0,0,1,1,-1,6,1,46,8,1103,1,0,DUCATI STREETFIGHTER,7,-1,0,1
2024622400576,2024,622400576,1,5,0,18,19,6,2,0,0,0,0,0,0,0,1,1,6,6,1,61,9,1103,1,0,DUCATI STREETFIGHTER,10,W01001842,0,4
2024231479879,2024,231479879,1,5,0,-1,13,4,7,-1,0,0,1,0,4,0,1,1,-1,6,1,35,6,1103,1,1,DUCATI STREETFIGHTER,8,E01035015,0,2
2024440292129,2024,440292129,1,5,0,18,19,5,1,0,0,0,0,0,1,9,1,1,2,2,1,47,8,1103,1,2,DUCATI STREETFIGHTER,10,E01022553,0,2
2024131451248,2024,131451248,2,5,0,-1,14,1,1,-1,0,8,0,0,0,0,4,1,-1,6,1,64,9,1103,1,0,DUCATI STREETFIGHTER,7,E01034266,0,1
2024991491146,2024,991491146,1,5,0,-1,7,2,6,-1,0,0,1,10,0,0,3,1,-1,6,1,45,7,1099,1,14,DUCATI STREETFIGHTER,-1,-1,0,-1
2024531483551,2024,531483551,1,5,0,-1,19,1,5,-1,0,0,1,0,7,0,1,1,-1,6,1,60,9,955,1,1,DUCATI STREETFIGHTER,9,E01034787,0,1
2024461398849,2024,461398849,2,9,0,-1,3,6,3,-1,0,8,0,0,0,0,2,9,-1,9,2,49,8,1995,2,6,MAKE AND MODEL REDACTED,7,E01024137,0,3
2024361484920,2024,361484920,2,8,0,-1,9,0,0,-1,0,1,0,0,0,0,2,1,-1,2,1,37,7,1995,2,5,MAKE AND MODEL REDACTED,2,E01026858,0,1
2024010544868,2024,010544868,1,9,0,18,19,1,5,0,0,8,0,0,0,0,1,1,6,6,1,56,9,1995,2,3,MAKE AND MODEL REDACTED,9,E01002271,0,1
2024461414326,2024,461414326,2,9,0,-1,19,7,5,-1,0,1,0,0,0,0,1,1,-1,9,2,65,9,1995,2,5,MAKE AND MODEL REDACTED,5,E01024379,0,1
2024440362920,2024,440362920,2,9,0,18,19,4,8,0,0,1,0,0,0,0,4,1,6,6,3,-1,-1,1995,2,4,MAKE AND MODEL REDACTED,-1,-1,0,-1
2024371504827,2024,371504827,1,4,0,-1,4,7,3,-1,0,1,1,0,0,0,1,1,-1,2,1,21,5,249,1,9,MAKE AND MODEL REDACTED,6,E01030090,0,3
2024991459569,2024,991459569,2,5,0,-1,19,3,7,-1,0,0,2,0,1,0,0,1,-1,6,1,47,8,644,1,24,MAKE AND MODEL REDACTED,8,-1,0,1
2024010526535,2024,010526535,3,4,0,14,14,7,3,0,0,0,0,4,0,0,1,1,6,6,1,17,4,279,1,4,HONDA SH 300,3,E01004235,0,1
2024010548180,2024,010548180,1,3,0,99,99,9,9,99,99,9,9,99,9,99,9,1,6,6,1,43,7,279,1,4,HONDA SH 300,3,E01001109,0,1
2024010545976,2024,010545976,2,4,0,14,14,1,5,0,0,1,0,0,0,0,1,1,1,1,1,34,6,279,1,13,HONDA SH 300,7,E01001269,0,3
2024622400132,2024,622400132,1,4,0,17,19,6,3,0,0,0,1,0,0,0,3,1,2,2,1,25,5,279,1,6,HONDA SH 300,1,W01000991,0,1
2024010526672,2024,010526672,1,3,9,2,2,9,9,99,99,9,9,99,9,99,1,1,1,1,1,18,4,279,1,8,HONDA SH 300,2,E01001977,0,2
2024010497247,2024,010497247,2,3,0,18,19,1,5,0,0,1,0,0,0,0,4,1,6,6,1,24,5,279,1,5,HONDA SH 300,4,E01002048,0,2
2024461446290,2024,461446290,1,4,0,-1,5,3,7,-1,0,2,0,8,8,0,4,1,-1,9,1,17,4,279,1,11,HONDA SH 300,-1,-1,0,-1
2024451493024,2024,451493024,2,4,0,-1,19,1,5,-1,0,0,0,0,0,0,1,1,-1,9,1,66,10,279,1,8,HONDA SH 300,5,E01004522,0,4
2024010508003,2024,010508003,1,4,0,99,99,9,9,99,99,1,9,99,9,99,9,1,2,2,1,42,7,279,1,7,HONDA SH 300,3,E01003357,0,2
2024010541249,2024,010541249,1,4,0,5,5,1,5,0,0,0,0,0,0,0,0,1,6,6,1,22,5,279,1,5,HONDA SH 300,1,E01004754,0,1
2024010513071,2024,010513071,2,4,9,99,99,9,9,99,99,9,9,99,9,99,9,1,6,6,3,-1,-1,279,1,8,HONDA SH 300,-1,-1,0,-1
2024201503303,2024,201503303,2,4,0,-1,13,7,3,-1,0,8,0,0,0,0,1,1,-1,9,1,59,9,279,1,14,HONDA SH 300,4,E01009868,0,1
2024101491769,2024,101491769,1,4,0,-1,13,4,8,-1,0,8,2,0,7,0,1,1,-1,6,1,18,4,279,1,7,HONDA SH 300,1,E01008204,0,1
2024010500483,2024,010500483,2,4,0,18,19,1,5,0,0,8,0,0,0,0,4,1,2,2,1,36,7,279,1,12,HONDA SH 300,2,E01001655,0,3
2024471489217,2024,471489217,1,4,0,-1,13,3,7,-1,0,0,0,0,8,4,1,1,-1,6,2,-1,-1,279,1,7,HONDA SH 300,-1,-1,0,-1
2024010509533,2024,010509533,1,4,0,18,19,4,8,0,0,1,0,0,0,0,1,1,6,6,1,24,5,279,1,5,HONDA SH 300,4,E01001391,0,2
2024010508736,2024,010508736,1,4,0,18,19,4,8,3,2,1,0,0,0,0,0,1,6,6,2,45,7,279,1,4,HONDA SH 300,7,E01003001,0,3
2024010529349,2024,010529349,1,4,0,18,19,5,1,9,9,1,5,0,7,3,1,1,6,6,1,20,4,279,1,4,HONDA SH 300,-1,-1,0,-1
2024340WN2292,2024,340WN2292,1,2,0,-1,7,5,2,-1,0,1,5,0,0,0,3,1,-1,9,1,56,9,279,1,13,HONDA SH 300,6,E01026986,0,3
2024010528871,2024,010528871,1,9,0,5,5,5,1,9,9,0,0,10,7,11,1,1,6,6,2,55,8,1086,1,17,HYUNDAI AMICA,-1,-1,0,-1
2024501466742,2024,501466742,2,9,0,-1,9,7,4,-1,0,6,0,0,0,0,3,1,-1,1,2,55,8,1086,1,17,HYUNDAI AMICA,9,E01020089,0,1
2024440025915,2024,440025915,1,9,0,1,1,4,8,0,0,0,0,0,0,0,2,1,6,6,2,88,11,1086,1,18,HYUNDAI AMICA,4,E01022936,0,1
2024010504254,2024,010504254,1,9,0,5,5,7,3,0,0,2,0,0,0,0,0,1,6,6,1,89,11,1086,1,17,HYUNDAI AMICA,6,E01000231,0,1
2024010520151,2024,010520151,2,9,0,18,19,9,9,99,99,1,9,99,9,99,9,9,6,6,3,-1,-1,1086,1,17,HYUNDAI AMICA,-1,-1,0,-1
2024161403058,2024,161403058,3,9,0,-1,2,0,0,-1,0,0,0,0,0,0,4,1,-1,6,-1,-1,-1,1086,1,18,HYUNDAI AMICA,-1,-1,0,-1
2024440309090,2024,440309090,1,9,0,18,19,7,3,0,0,7,0,0,0,0,1,1,4,7,1,50,8,1086,1,18,HYUNDAI AMICA,10,E01022972,0,2
2024061478550,2024,061478550,2,9,0,-1,19,3,7,-1,0,0,0,0,0,0,2,1,-1,9,1,67,10,1086,1,16,HYUNDAI AMICA,1,E01012433,0,4
2024552400064,2024,552400064,1,9,0,18,19,8,4,0,0,5,0,0,7,1,1,1,6,6,2,65,9,1086,1,18,HYUNDAI AMICA,1,E01015338,0,1
2024610008124,2024,610008124,1,9,0,18,19,4,8,0,0,0,0,0,7,0,1,1,6,6,2,41,7,1086,1,17,HYUNDAI AMICA,5,W01001603,0,2
2024471523504,2024,471523504,1,9,0,-1,19,7,3,-1,0,0,0,4,0,0,1,1,-1,9,1,34,6,1086,1,17,HYUNDAI AMICA,6,E01031712,0,1
2024440368631,2024,440368631,1,9,0,3,3,5,1,0,0,1,0,0,0,0,2,1,6,6,2,73,10,1086,1,18,HYUNDAI AMICA,5,E01017124,0,1
2024010502988,2024,010502988,2,9,0,5,5,1,5,0,0,6,0,0,0,0,1,1,6,6,1,40,7,1086,1,16,HYUNDAI AMICA,5,E01003284,0,1
2024552401448,2024,552401448,1,9,0,17,19,7,5,0,0,0,0,0,1,11,1,1,6,6,2,88,11,999,1,23,HYUNDAI AMICA,5,E01015393,0,1
2024440491869,2024,440491869,2,9,0,5,5,8,4,0,0,6,0,0,0,0,1,1,6,6,1,-1,-1,1086,1,18,HYUNDAI AMICA,-1,-1,0,-1
2024010513432,2024,010513432,1,9,0,99,99,9,9,99,99,9,9,99,9,99,0,9,6,6,2,38,7,1086,1,16,HYUNDAI AMICA,3,E01033934,0,1
2024991470725,2024,991470725,2,9,0,-1,5,5,1,-1,0,3,0,0,0,0,2,1,-1,9,1,28,6,1086,1,16,HYUNDAI AMICA,1,-1,0,1
2024421448803,2024,421448803,2,9,0,-1,19,5,1,-1,0,0,0,0,0,0,3,1,-1,9,2,72,10,1086,1,17,HYUNDAI AMICA,4,E01021992,0,2
2024351479672,2024,351479672,1,9,0,-1,19,4,8,-1,0,0,0,0,0,0,1,1,-1,6,2,21,5,1086,1,18,HYUNDAI AMICA,7,E01026191,0,5
2024161431236,2024,161431236,3,9,0,-1,2,0,0,-1,0,0,0,0,0,0,2,1,-1,6,-1,-1,-1,1086,1,17,HYUNDAI AMICA,-1,-1,0,-1
2024231509439,2024,231509439,1,17,4,-1,7,4,6,-1,0,6,0,0,0,0,1,9,-1,1,1,23,5,6786,2,0,JOHN DEERE 6R SERIES,9,E01029509,0,3
2024041483630,2024,041483630,2,17,0,-1,19,5,1,-1,0,0,0,0,0,0,1,1,-1,1,1,58,9,6786,2,0,JOHN DEERE 6R SERIES,4,E01025282,0,2
2024371493567,2024,371493567,2,17,1,-1,19,6,2,-1,0,8,5,0,7,0,4,1,-1,1,1,58,9,4524,2,0,JOHN DEERE 6R SERIES,5,E01033448,0,1
2024340NN2002,2024,340NN2002,2,17,0,-1,19,1,5,-1,0,0,0,0,0,0,2,1,-1,1,1,34,6,4524,2,1,JOHN DEERE 6R SERIES,9,E01027016,0,4
2024122401073,2024,122401073,2,17,4,9,9,2,8,0,0,6,0,0,0,0,0,1,1,1,1,19,4,6786,2,1,JOHN DEERE 6R SERIES,5,E01027796,0,4
2024501452445,2024,501452445,1,17,0,-1,19,5,1,-1,0,0,0,0,0,0,1,9,-1,1,1,25,5,6786,2,1,JOHN DEERE 6R SERIES,4,E01018922,0,2
2024221402519,2024,221402519,2,17,0,-1,19,1,6,-1,0,0,1,0,0,0,3,1,-1,1,1,19,4,6786,2,1,JOHN DEERE 6R SERIES,4,E01014015,0,2
2024320442483,2024,320442483,2,17,0,13,13,3,7,0,0,0,0,0,0,0,4,1,1,1,1,61,9,6786,2,1,JOHN DEERE 6R SERIES,-1,-1,0,-1
2024351512970,2024,351512970,1,17,-1,-1,-1,-1,-1,-1,-1,0,-1,-1,-1,0,-1,9,-1,6,1,-1,-1,6786,2,2,JOHN DEERE 6R SERIES,-1,-1,0,-1
2024361475302,2024,361475302,2,17,0,-1,9,1,1,-1,0,0,0,0,0,0,4,1,-1,1,1,20,4,6786,2,0,JOHN DEERE 6R SERIES,4,E01026661,0,4
2024531415864,2024,531415864,1,17,4,-1,19,8,4,-1,0,0,1,0,1,9,4,1,-1,1,1,18,4,6786,2,1,JOHN DEERE 6R SERIES,6,E01022222,0,3
2024520402415,2024,520402415,2,17,4,18,19,6,2,0,0,0,0,0,0,0,3,1,1,1,1,20,4,6786,2,1,JOHN DEERE 6R SERIES,5,E01029197,0,2
2024471482844,2024,471482844,1,17,4,-1,19,1,5,-1,0,0,0,0,0,0,1,1,-1,1,1,32,6,6786,2,0,JOHN DEERE 6R SERIES,-1,-1,0,-1
2024351506819,2024,351506819,2,17,0,-1,19,7,5,-1,0,1,1,0,0,0,3,1,-1,1,1,19,4,6786,2,0,JOHN DEERE 6R SERIES,3,E01029938,0,3
2024371447582,2024,371447582,2,17,0,-1,19,1,3,-1,0,0,0,0,5,0,2,1,-1,1,1,33,6,6786,2,0,JOHN DEERE 6R SERIES,8,E01033429,0,3
2024501539298,2024,501539298,3,17,0,-1,8,4,5,-1,0,1,0,0,0,0,0,1,-1,1,1,34,6,6786,2,1,JOHN DEERE 6R SERIES,4,E01020087,0,1
2024361503784,2024,361503784,1,17,4,-1,19,5,4,-1,0,0,0,0,0,0,1,1,-1,1,1,36,7,4524,2,1,JOHN DEERE 6R SERIES,5,E01026650,0,3
2024610037824,2024,610037824,1,4,0,17,19,5,2,0,0,0,1,0,0,0,4,1,2,2,1,36,7,399,1,0,MAKE AND MODEL REDACTED,8,W01001542,0,1
2024501464597,2024,501464597,2,4,0,-1,19,6,3,-1,0,1,1,0,0,0,1,1,-1,6,1,56,9,399,1,0,MAKE AND MODEL REDACTED,8,E01034636,0,1
2024211533484,2024,211533484,1,5,0,-1,5,2,3,-1,0,3,5,0,0,0,1,1,-1,2,1,60,9,649,1,16,KAWASAKI EX,1,E01014256,0,1
2024991458150,2024,991458150,2,3,0,-1,5,5,1,-1,0,8,5,0,0,0,2,1,-1,2,1,20,4,399,1,6,KAWASAKI EX,10,-1,0,3
2024371518703,2024,371518703,1,5,0,-1,4,3,7,-1,0,2,1,0,0,0,1,1,-1,2,1,23,5,649,1,16,KAWASAKI EX,3,E01030108,0,1
2024461488836,2024,461488836,1,4,0,-1,13,5,1,-1,0,0,0,0,0,0,1,1,-1,6,1,51,8,249,1,14,KAWASAKI EX,4,E01024381,0,1
2024631448648,2024,631448648,1,5,0,-1,19,4,8,-1,0,8,1,0,0,0,1,1,-1,9,1,21,5,649,1,16,KAWASAKI EX,8,W01002013,0,3