collision_index,collision_year,collision_ref_no,vehicle_reference,vehicle_type,towing_and_articulation,vehicle_manoeuvre_historic,vehicle_manoeuvre,vehicle_direction_from,vehicle_direction_to,vehicle_location_restricted_lane_historic,vehicle_location_restricted_lane,junction_location,skidding_and_overturning,hit_object_in_carriageway,vehicle_leaving_carriageway,hit_object_off_carriageway,first_point_of_impact,vehicle_left_hand_drive,journey_purpose_of_driver_historic,journey_purpose_of_driver,sex_of_driver,age_of_driver,age_band_of_driver,engine_capacity_cc,propulsion_code,age_of_vehicle,generic_make_model,driver_imd_decile,lsoa_of_driver,escooter_flag,driver_distance_banding
2024471420818,2024,471420818,1,4,0,-1,14,3,7,-1,0,0,5,0,0,0,9,1,-1,6,1,19,4,399,1,6,KAWASAKI EX,8,E01021134,0,1
2024302401498,2024,302401498,1,5,0,4,4,8,4,0,0,0,0,0,0,0,0,1,6,6,2,29,6,649,1,10,KAWASAKI EX,6,E01028125,0,2
2024461420625,2024,461420625,1,5,0,-1,19,4,6,-1,0,5,0,4,0,0,1,1,-1,6,1,38,7,649,1,17,KAWASAKI EX,-1,-1,0,-1
2024471409622,2024,471409622,3,5,0,-1,19,2,5,-1,0,0,0,0,0,0,2,1,-1,6,1,40,7,649,1,15,KAWASAKI EX,6,E01031390,0,3
2024430207432,2024,430207432,1,4,0,18,19,8,4,0,0,1,0,0,0,0,1,1,6,6,1,20,4,649,1,8,KAWASAKI EX,10,E01022366,0,4
2024070965009,2024,070965009,1,4,0,-1,4,1,1,-1,0,1,1,0,0,0,0,1,-1,6,2,34,6,498,1,25,KAWASAKI EX,-1,-1,0,-1
2024351453867,2024,351453867,1,4,0,-1,19,5,1,-1,0,0,0,0,0,0,1,1,-1,2,1,24,5,399,1,5,KAWASAKI EX,9,E01022099,0,3
2024461415598,2024,461415598,2,5,0,-1,19,1,1,-1,0,0,0,0,0,0,1,1,-1,1,1,23,5,649,1,6,KAWASAKI EX,9,E01024797,0,1
2024041442378,2024,041442378,1,5,0,-1,4,5,1,-1,0,0,1,0,2,1,3,1,-1,9,1,61,9,649,1,12,KAWASAKI EX,7,E01025169,0,1
2024131416540,2024,131416540,1,5,0,-1,19,5,1,-1,0,2,2,0,0,0,3,1,-1,9,1,27,6,649,1,18,KAWASAKI EX,1,E01011723,0,1
2024522402548,2024,522402548,1,4,0,18,19,2,6,0,0,8,0,0,0,0,1,1,6,6,1,44,7,296,1,10,KAWASAKI EX,3,E01014811,0,1
2024010505022,2024,010505022,2,4,0,9,9,8,5,0,0,5,1,0,0,0,4,1,6,6,1,26,6,296,1,11,KAWASAKI EX,4,E01001050,0,2
2024122401220,2024,122401220,1,5,0,13,13,1,5,0,0,0,1,0,0,0,1,1,6,6,1,21,5,649,1,9,KAWASAKI EX,6,E01027784,0,2
2024010532810,2024,010532810,2,4,0,13,13,5,1,0,0,8,0,0,0,0,1,1,2,2,1,21,5,399,1,6,KAWASAKI EX,3,E01001113,0,1
2024461504133,2024,461504133,2,5,0,-1,19,7,3,-1,0,1,0,0,0,0,1,1,-1,2,1,36,7,649,1,8,KAWASAKI EX,2,E01016018,0,1
2024631492092,2024,631492092,2,4,0,-1,19,4,8,-1,0,0,0,0,0,0,1,1,-1,2,1,22,5,399,1,6,KAWASAKI EX,9,W01000444,0,2
2024010499997,2024,010499997,2,5,0,18,19,3,7,0,0,1,0,0,0,0,1,1,6,6,1,50,8,649,1,12,KAWASAKI EX,5,E01000676,0,1
2024131557261,2024,131557261,1,5,0,-1,-1,-1,-1,-1,-1,8,-1,-1,-1,0,-1,1,-1,6,1,20,4,649,1,5,KAWASAKI EX,2,E01011343,0,1
2024411445377,2024,411445377,1,5,0,-1,19,5,1,-1,0,0,0,0,0,0,1,1,-1,6,1,43,7,649,1,7,KAWASAKI EX,8,E01023678,0,1
2024430548181,2024,430548181,2,5,0,9,9,7,5,0,0,8,0,0,0,0,1,1,6,6,1,22,5,649,1,7,KAWASAKI EX,5,E01022330,0,4
2024122400117,2024,122400117,1,4,0,18,19,7,3,0,0,1,0,0,1,0,4,1,6,6,2,20,4,296,1,10,KAWASAKI EX,9,E01013426,0,2
2024421472227,2024,421472227,2,4,0,-1,19,8,4,-1,0,0,0,0,0,0,2,1,-1,6,1,39,7,249,1,14,KAWASAKI EX,10,E01031690,0,4
2024332400492,2024,332400492,1,5,0,-1,19,4,8,-1,0,1,0,0,0,0,4,1,-1,6,1,37,7,649,1,16,KAWASAKI EX,3,E01025997,0,1
2024430098264,2024,430098264,1,5,0,18,19,1,7,0,0,5,0,0,0,0,1,1,6,6,1,21,5,649,1,6,KAWASAKI EX,9,E01028584,0,1
2024122401005,2024,122401005,1,5,0,18,19,5,1,0,0,1,0,0,0,0,1,1,6,6,1,20,4,498,1,23,KAWASAKI EX,8,E01027620,0,1
2024440048492,2024,440048492,1,4,0,13,13,1,5,0,0,2,0,0,0,0,1,1,2,2,1,26,6,649,1,11,KAWASAKI EX,4,E01022542,0,1
2024061424251,2024,061424251,1,5,0,-1,15,7,3,-1,0,0,0,0,0,0,1,1,-1,6,1,21,5,649,1,9,KAWASAKI EX,8,E01027217,0,5
2024101481919,2024,101481919,2,4,0,-1,19,7,3,-1,0,4,1,0,0,0,1,1,-1,9,2,47,8,249,1,13,KAWASAKI EX,2,E01008633,0,3
2024320346101,2024,320346101,1,5,0,-1,-1,4,8,0,0,0,2,0,0,10,1,1,6,6,1,67,10,649,1,7,KAWASAKI EX,1,E01013222,0,3
2024522403392,2024,522403392,1,5,0,18,19,6,2,0,0,8,0,0,0,0,4,1,6,6,1,36,7,649,1,18,KAWASAKI EX,7,E01014651,0,1
2024552400446,2024,552400446,2,5,0,4,4,3,7,0,0,0,0,0,0,0,2,1,6,6,2,45,7,649,1,18,KAWASAKI EX,2,E01032662,0,4
2024131458609,2024,131458609,1,4,0,-1,19,2,6,-1,0,0,0,10,2,11,1,1,-1,9,1,21,5,296,1,10,KAWASAKI EX,3,E01010959,0,1
2024440288514,2024,440288514,2,4,0,13,13,7,3,0,0,1,0,0,0,0,1,1,2,2,1,37,7,250,1,16,KAWASAKI EX,4,E01017339,0,4
2024421488817,2024,421488817,1,4,0,-1,19,3,7,-1,0,0,0,0,0,0,1,1,-1,6,1,30,6,296,1,7,KAWASAKI EX,2,E01001550,0,4
2024211404442,2024,211404442,1,5,0,-1,19,1,5,-1,0,0,0,0,0,0,1,1,-1,6,1,37,7,649,1,14,KAWASAKI EX,8,E01019840,0,2
2024522402037,2024,522402037,3,5,0,18,19,6,2,0,0,1,1,0,0,0,0,1,6,6,2,46,8,649,1,11,KAWASAKI EX,8,E01020505,0,4
2024211471632,2024,211471632,1,5,0,-1,15,7,3,-1,0,0,0,0,1,0,3,1,-1,1,1,67,10,649,1,17,KAWASAKI EX,4,E01029807,0,1
2024311460437,2024,311460437,1,2,0,-1,5,2,1,-1,0,1,0,0,0,0,1,1,-1,6,1,65,9,498,1,27,KAWASAKI EX,8,E01028118,0,1
2024122400454,2024,122400454,2,5,0,18,19,6,2,0,0,4,1,0,0,0,0,1,1,1,1,22,5,649,1,10,KAWASAKI EX,3,E01027810,0,1
2024622400818,2024,622400818,2,4,0,18,19,1,5,0,0,1,0,0,0,0,2,1,6,6,1,60,9,296,1,8,KAWASAKI EX,4,W01001297,0,1
2024041466656,2024,041466656,2,5,0,-1,2,0,0,-1,0,0,5,0,0,0,2,1,-1,6,-1,-1,-1,649,1,16,KAWASAKI EX,-1,-1,0,-1
2024161459376,2024,161459376,1,5,0,-1,19,4,8,-1,0,1,0,0,0,0,1,1,-1,9,1,35,6,649,1,14,KAWASAKI EX,5,E01033414,0,1
2024131480871,2024,131480871,2,5,0,-1,19,6,2,-1,0,0,5,0,0,0,1,1,-1,6,1,38,7,498,1,24,KAWASAKI EX,1,E01011106,0,4
2024631472583,2024,631472583,1,5,0,-1,13,5,2,-1,0,0,0,0,0,0,0,1,-1,9,1,22,5,296,1,10,KAWASAKI EX,8,W01002003,0,4
2024010523097,2024,010523097,2,4,0,18,19,5,1,0,0,0,0,0,0,0,0,1,6,6,1,20,4,296,1,8,KAWASAKI EX,8,E01002239,0,2
2024461484386,2024,461484386,1,5,0,-1,19,1,3,-1,0,1,0,0,0,0,1,1,-1,9,1,27,6,649,1,7,KAWASAKI EX,5,E01035293,0,2
2024430367551,2024,430367551,2,5,0,18,19,6,2,0,0,8,0,0,0,0,3,1,6,6,1,24,5,649,1,13,KAWASAKI EX,6,E01016374,0,1
2024010502122,2024,010502122,2,4,0,18,19,5,1,0,0,1,0,0,0,0,1,1,2,2,1,61,9,249,1,12,KAWASAKI EX,3,E01002283,0,4
2024991404119,2024,991404119,2,5,0,-1,12,7,3,-1,0,0,1,0,0,0,0,1,-1,2,1,51,8,649,1,11,KAWASAKI EX,-1,-1,0,-1
2024461441166,2024,461441166,2,5,0,-1,4,3,7,-1,0,0,1,0,0,0,2,1,-1,6,1,66,10,649,1,16,KAWASAKI EX,8,E01024442,0,2
2024141512659,2024,141512659,1,5,0,-1,19,1,6,-1,0,0,0,0,0,0,1,1,-1,6,1,51,8,649,1,9,KAWASAKI EX,2,E01007349,0,3
2024302401201,2024,302401201,1,4,0,18,19,6,2,0,0,0,0,0,0,0,4,1,6,6,1,34,6,498,1,23,KAWASAKI EX,3,E01008032,0,4
2024371440088,2024,371440088,1,4,0,-1,19,5,7,-1,0,0,0,0,7,0,1,1,-1,6,2,21,5,249,1,15,KAWASAKI EX,6,E01029881,0,1
2024211500642,2024,211500642,1,4,0,-1,13,4,8,-1,0,1,0,0,0,0,4,1,-1,6,1,26,6,399,1,6,KAWASAKI EX,-1,-1,0,-1
2024991444521,2024,991444521,1,5,0,-1,19,8,4,-1,0,0,2,0,0,0,4,1,-1,9,1,53,8,649,1,10,KAWASAKI EX,5,-1,0,5
2024111465061,2024,111465061,1,4,0,-1,19,1,5,-1,0,0,0,0,0,0,1,1,-1,6,1,22,5,296,1,10,KAWASAKI EX,1,E01012352,0,1
2024221467704,2024,221467704,1,4,0,-1,19,3,7,-1,0,0,1,10,0,0,4,1,-1,6,1,21,5,249,1,15,KAWASAKI EX,-1,-1,0,-1
2024461534501,2024,461534501,2,3,0,-1,19,7,2,-1,0,1,0,0,0,0,2,1,-1,9,1,21,5,649,1,16,KAWASAKI EX,3,E01000335,0,4
2024610046924,2024,610046924,1,5,0,18,19,5,1,0,0,4,0,0,3,1,1,1,6,6,1,31,6,649,1,15,KAWASAKI EX,1,W01001687,0,3
2024010513514,2024,010513514,1,5,0,18,19,3,7,0,0,4,5,0,0,0,1,1,6,6,1,30,6,649,1,10,KAWASAKI EX,-1,-1,0,-1
2024340WN3592,2024,340WN3592,2,5,0,-1,19,3,7,-1,0,8,0,0,1,0,3,1,-1,9,1,19,4,649,1,15,KAWASAKI EX,-1,-1,0,-1
2024122400935,2024,122400935,2,5,0,18,19,4,8,0,0,8,0,0,0,0,4,1,6,6,1,69,10,649,1,7,KAWASAKI EX,7,E01027633,0,1
2024501440509,2024,501440509,1,3,0,-1,19,6,1,-1,0,0,0,4,7,0,1,1,-1,6,1,23,5,300,1,11,KAWASAKI EX,3,E01019070,0,2
2024161472574,2024,161472574,1,5,0,-1,14,5,1,-1,0,0,5,0,0,0,4,1,-1,9,1,45,7,649,1,12,KAWASAKI EX,9,E01012770,0,1
2024421450629,2024,421450629,1,2,0,-1,19,5,1,-1,0,8,0,0,0,0,1,1,-1,9,1,24,5,510,1,16,KTM EXC,8,E01021756,0,2
2024371539288,2024,371539288,1,3,0,-1,19,1,5,-1,0,1,0,0,0,0,4,1,-1,6,1,17,4,125,1,14,KTM EXC,2,E01030079,0,1
2024421520787,2024,421520787,1,4,0,-1,19,5,8,-1,0,0,2,0,0,0,4,1,-1,9,1,35,6,450,1,6,KTM EXC,5,E01015832,0,4
2024361463709,2024,361463709,2,4,0,-1,19,5,1,-1,0,0,0,0,0,0,2,1,-1,2,1,55,8,124,1,22,KTM EXC,6,E01026535,0,1
2024991467149,2024,991467149,1,4,0,-1,19,1,5,-1,0,2,1,0,0,0,1,1,-1,9,1,38,7,293,1,4,KTM EXC,1,-1,0,1
2024522401712,2024,522401712,2,5,0,18,19,3,7,0,0,0,0,0,0,0,1,1,6,6,1,24,5,510,1,1,KTM EXC,5,E01014994,0,2
2024461461093,2024,461461093,1,4,0,-1,19,4,8,-1,0,0,0,0,0,0,1,1,-1,6,1,33,6,249,1,20,KTM EXC,7,E01016170,0,1
2024131458993,2024,131458993,1,4,0,-1,19,7,3,-1,0,8,5,0,0,0,0,1,-1,9,1,35,6,293,1,9,KTM EXC,7,E01010760,0,2
2024101492953,2024,101492953,1,4,0,-1,19,5,1,-1,0,0,1,0,0,0,1,1,-1,6,1,20,4,350,1,4,KTM EXC,-1,-1,0,-1
2024451524122,2024,451524122,2,4,0,-1,19,8,4,-1,0,1,0,0,0,0,1,1,-1,9,1,39,7,300,1,17,KTM EXC,4,E01030481,0,3
2024471444178,2024,471444178,2,3,0,-1,19,7,3,-1,0,1,0,0,1,0,1,1,-1,9,1,17,4,125,1,11,KTM EXC,5,E01031786,0,1
2024122401007,2024,122401007,1,4,0,16,19,4,8,0,0,0,0,0,0,0,2,1,6,6,1,36,7,250,1,3,KTM EXC,9,E01027642,0,4
2024201413560,2024,201413560,2,3,0,-1,19,4,8,-1,0,3,0,0,0,0,1,1,-1,6,1,33,6,124,1,26,KTM EXC,1,E01009079,0,1
2024471508943,2024,471508943,1,4,0,-1,19,7,3,-1,0,0,1,0,1,10,1,1,-1,9,1,48,8,350,1,2,KTM EXC,7,E01021007,0,3
2024501400679,2024,501400679,2,4,0,-1,19,1,5,-1,0,1,1,0,0,0,1,1,-1,6,1,19,4,200,1,21,KTM EXC,6,E01019903,0,2
2024201467135,2024,201467135,1,3,0,-1,19,8,4,-1,0,2,0,0,0,0,1,1,-1,6,1,32,6,250,1,6,KTM EXC,1,E01009893,0,1
2024031527100,2024,031527100,2,4,0,-1,-1,-1,-1,-1,-1,-1,-1,-1,-1,0,-1,1,-1,9,1,41,7,293,1,5,KTM EXC,-1,-1,0,-1
2024041482527,2024,041482527,2,4,0,-1,19,5,1,-1,0,0,0,0,0,0,1,1,-1,2,1,24,5,400,1,19,KTM EXC,3,E01025407,0,1
2024131434134,2024,131434134,2,4,0,-1,19,5,1,-1,0,1,0,0,0,0,1,1,-1,6,1,54,8,450,1,5,KTM EXC,6,E01011074,0,2
2024461538878,2024,461538878,2,4,0,-1,19,8,4,-1,0,8,1,0,1,0,4,1,-1,6,1,34,6,350,1,0,KTM EXC,8,E01016101,0,1
2024440422797,2024,440422797,1,4,0,5,5,1,5,0,0,0,0,0,0,0,0,1,6,6,1,39,7,249,1,17,KTM EXC,5,E01017324,0,1
2024531453431,2024,531453431,1,4,0,-1,19,6,2,-1,0,8,2,0,7,0,3,1,-1,9,1,28,6,250,1,10,KTM EXC,10,E01015533,0,3
2024101436374,2024,101436374,2,4,0,-1,19,2,6,-1,0,0,0,0,0,0,0,1,-1,9,1,43,7,249,1,9,KTM EXC,-1,-1,0,-1
2024070773474,2024,070773474,1,4,0,-1,19,3,7,-1,0,0,5,0,7,9,1,1,-1,6,1,59,9,200,5,20,KTM EXC,10,W01000384,0,2
2024061406645,2024,061406645,2,3,0,-1,19,5,1,-1,0,8,2,0,0,0,4,1,-1,2,1,23,5,125,1,10,MAKE AND MODEL REDACTED,4,E01006049,0,2
2024161490002,2024,161490002,1,3,0,-1,19,8,4,-1,0,0,0,0,0,0,1,1,-1,6,1,25,5,125,1,11,MAKE AND MODEL REDACTED,8,E01013037,0,3
2024531490183,2024,531490183,1,3,0,-1,4,5,1,-1,0,8,0,0,0,0,1,1,-1,9,1,46,8,125,1,9,MAKE AND MODEL REDACTED,6,E01022264,0,1
2024101484104,2024,101484104,1,3,0,-1,4,3,7,-1,0,4,1,0,0,0,0,1,-1,9,1,33,6,125,1,12,MAKE AND MODEL REDACTED,2,E01008668,0,1
2024061438051,2024,061438051,1,3,0,-1,19,7,3,-1,0,0,0,0,0,0,1,1,-1,6,1,34,6,125,1,10,MAKE AND MODEL REDACTED,3,E01006003,0,1
2024161479040,2024,161479040,1,3,0,-1,19,4,8,-1,2,1,0,0,0,0,1,1,-1,6,2,18,4,125,1,9,MAKE AND MODEL REDACTED,4,E01012797,0,1
2024061478876,2024,061478876,1,9,0,-1,9,-1,-1,-1,0,9,9,99,0,0,1,1,-1,6,3,-1,-1,-1,3,3,MG ZS,-1,-1,0,-1
2024522401367,2024,522401367,1,9,0,4,4,5,1,0,0,0,0,0,0,0,1,1,6,6,2,71,10,999,1,2,MG ZS,2,E01014694,0,4
2024010542994,2024,010542994,2,9,0,99,99,9,9,99,99,0,9,99,9,99,2,9,6,6,2,41,7,-1,3,4,MG ZS,10,E01024325,0,4
2024421406957,2024,421406957,2,9,0,-1,19,8,4,-1,0,0,0,0,0,0,1,1,-1,9,1,48,8,1498,1,6,MG ZS,-1,-1,0,-1
2024131448127,2024,131448127,2,9,0,-1,19,7,1,-1,0,0,0,0,0,0,2,1,-1,2,2,22,5,999,1,6,MG ZS,2,E01010930,0,1
2024101511730,2024,101511730,1,9,0,-1,19,7,3,-1,0,1,0,0,0,0,1,1,-1,6,1,33,6,999,1,0,MG ZS,5,E01033556,0,1
2024052401406,2024,052401406,2,9,0,18,19,3,7,0,0,8,0,0,0,0,3,1,6,6,2,34,6,1498,1,0,MG ZS,5,E01006472,0,1
2024451469054,2024,451469054,2,9,0,-1,2,0,0,-1,0,0,0,0,0,0,2,1,-1,1,1,39,7,-1,3,0,MG ZS,4,E01004150,0,4
2024010544919,2024,010544919,2,9,0,99,99,9,9,99,99,9,9,99,9,99,9,9,6,6,3,30,6,1498,1,5,MG ZS,5,E01003276,0,3
2024430225818,2024,430225818,1,9,0,18,19,3,7,0,0,8,0,0,0,0,1,1,6,6,1,-1,-1,1498,1,1,MG ZS,-1,-1,0,-1
2024070995413,2024,070995413,2,9,0,-1,19,4,8,-1,0,1,0,0,0,0,1,1,-1,9,2,33,6,-1,3,4,MG ZS,10,E01029576,0,4
2024622400575,2024,622400575,2,9,0,18,19,6,2,0,0,8,0,0,0,0,1,1,6,6,2,21,5,999,1,3,MG ZS,10,W01001103,0,1
2024010542865,2024,010542865,1,9,0,-1,-1,3,7,0,0,8,0,0,0,0,1,1,1,1,1,30,6,-1,3,2,MG ZS,2,E01000954,0,1
2024451408185,2024,451408185,2,9,0,-1,11,7,3,-1,0,0,1,0,1,3,4,1,-1,2,2,34,6,1498,1,5,MG ZS,6,E01030759,0,1
2024010532333,2024,010532333,1,9,9,99,99,9,9,99,99,0,9,99,9,99,9,9,6,6,3,-1,-1,999,1,3,MG ZS,-1,-1,0,-1
2024430056070,2024,430056070,1,9,0,13,13,4,8,0,0,0,0,0,7,0,3,1,6,6,1,44,7,999,1,1,MG ZS,2,E01007968,0,5
2024451401838,2024,451401838,1,9,0,-1,19,3,1,-1,0,0,0,0,0,0,4,1,-1,6,1,60,9,-1,3,4,MG ZS,9,E01030758,0,3
2024211502826,2024,211502826,3,9,0,-1,2,0,0,-1,0,2,0,0,0,0,4,1,-1,6,2,56,9,-1,3,3,MG ZS,8,E01029618,0,1
2024501468479,2024,501468479,1,9,0,-1,19,1,5,-1,0,1,0,0,0,0,1,1,-1,9,1,28,6,1498,1,2,MG ZS,8,E01020110,0,2
2024101444783,2024,101444783,2,9,0,-1,3,7,3,-1,0,1,0,0,0,0,2,1,-1,9,2,42,7,1498,1,6,MG ZS,9,E01008238,0,1
2024461483674,2024,461483674,3,9,0,-1,2,0,0,-1,-1,0,0,0,0,0,2,1,-1,6,-1,-1,-1,999,1,2,MG ZS,-1,-1,0,-1
2024531490731,2024,531490731,1,9,0,-1,19,5,1,-1,0,0,0,0,0,0,1,1,-1,7,2,35,6,999,1,6,MG ZS,7,E01022345,0,1
2024340WN2742,2024,340WN2742,2,9,0,-1,19,1,5,-1,0,1,0,0,0,0,1,1,-1,9,1,34,6,-1,3,0,MG ZS,8,E01031162,0,3
2024141493590,2024,141493590,2,9,0,-1,19,7,3,-1,0,0,0,0,0,0,3,1,-1,6,2,50,8,-1,3,1,MG ZS,1,E01007506,0,2
2024991525314,2024,991525314,2,9,0,-1,10,8,6,-1,0,1,0,0,0,0,1,1,-1,6,2,33,6,1498,1,1,MG ZS,4,-1,0,1
2024332400994,2024,332400994,2,9,0,-1,12,1,5,-1,0,8,0,0,0,0,3,1,-1,6,3,-1,-1,999,1,6,MG ZS,-1,-1,0,-1
2024471403300,2024,471403300,2,9,0,-1,10,2,7,-1,0,8,0,0,0,0,2,9,-1,6,2,33,6,999,1,1,MG ZS,5,E01031480,0,1
2024010534757,2024,010534757,1,9,9,99,99,9,9,99,99,9,9,99,9,99,9,9,6,6,1,53,8,1498,1,0,MG ZS,-1,-1,0,-1
2024101496191,2024,101496191,2,9,0,-1,19,8,4,-1,0,1,0,0,0,0,3,2,-1,6,2,61,9,999,1,4,MG ZS,4,E01008624,0,1
2024010512043,2024,010512043,1,9,0,18,19,5,1,0,0,5,0,10,0,0,1,1,6,6,1,50,8,-1,3,1,MG ZS,2,E01000064,0,1
2024991499778,2024,991499778,1,9,0,-1,1,3,7,-1,0,1,0,0,0,0,2,1,-1,6,1,55,8,1498,1,0,MG ZS,1,-1,0,1
2024451425875,2024,451425875,2,9,0,-1,4,7,5,-1,0,1,0,0,0,0,4,1,-1,1,2,51,8,-1,3,2,MG ZS,10,E01030533,0,1
2024010514422,2024,010514422,1,9,0,18,19,3,7,0,0,9,0,0,0,0,1,1,6,6,1,-1,-1,-1,3,1,MG ZS,-1,-1,0,-1
2024622400374,2024,622400374,2,9,0,2,2,0,0,0,0,1,0,0,0,0,1,1,6,6,3,-1,-1,1498,1,4,MG ZS,-1,-1,0,-1
2024010514746,2024,010514746,4,9,0,3,3,7,3,0,0,0,0,0,0,0,3,1,6,6,2,48,8,999,1,2,MG ZS,-1,-1,0,-1
2024010499545,2024,010499545,2,9,0,99,99,9,9,99,99,0,9,99,9,99,9,9,6,6,3,-1,-1,999,1,6,MG ZS,-1,-1,0,-1
2024430089923,2024,430089923,1,9,0,4,4,6,2,0,0,0,0,0,0,0,1,1,2,2,1,38,7,1498,1,2,MG ZS,10,E01022748,0,5
2024361538517,2024,361538517,1,9,0,-1,1,2,8,-1,9,0,0,0,0,0,2,1,-1,1,2,41,7,999,1,0,MG ZS,6,E01026900,0,1
2024010532808,2024,010532808,1,9,0,6,6,7,7,0,0,0,0,0,0,0,2,1,3,7,1,44,7,-1,3,2,MG ZS,2,E01002782,0,1
2024010546984,2024,010546984,2,9,0,99,99,9,9,99,99,9,9,99,9,99,9,9,6,6,3,-1,-1,-1,3,4,MG ZS,-1,-1,0,-1
2024101437356,2024,101437356,1,9,0,-1,19,6,2,-1,0,0,0,0,0,0,1,9,-1,6,1,28,6,999,1,1,MG ZS,1,E01008606,0,1
2024010501235,2024,010501235,2,9,0,18,19,1,5,0,0,5,0,0,0,0,1,1,6,6,1,-1,-1,999,1,2,MG ZS,2,E01004665,0,1
2024111471218,2024,111471218,2,9,0,-1,19,5,1,-1,0,8,0,0,0,0,3,1,-1,2,2,23,5,999,1,2,MG ZS,1,E01020909,0,3
2024421434207,2024,421434207,1,9,0,-1,19,3,7,-1,0,0,0,0,0,0,1,1,-1,6,1,-1,-1,999,1,1,MG ZS,-1,-1,0,-1
2024010523837,2024,010523837,2,9,0,99,99,9,9,99,99,9,9,99,9,99,2,9,2,2,1,63,9,-1,3,5,MG ZS,1,E01015771,0,4
2024421509944,2024,421509944,1,9,0,-1,9,7,4,-1,0,7,0,0,0,0,1,1,-1,6,1,66,10,999,1,1,MG ZS,4,E01003695,0,2
2024451475772,2024,451475772,1,9,0,-1,19,1,1,-1,0,0,0,0,0,0,4,1,-1,6,2,43,7,1498,1,0,MG ZS,-1,-1,0,-1
2024471523680,2024,471523680,1,9,0,-1,7,1,3,-1,0,1,0,0,0,0,1,9,-1,6,3,-1,-1,999,1,3,MG ZS,-1,-1,0,-1
2024010537474,2024,010537474,2,9,0,18,19,5,1,0,0,0,0,0,0,0,1,1,6,6,1,23,5,999,1,3,MG ZS,3,E01001367,0,2
2024071032929,2024,071032929,2,9,0,-1,19,8,4,-1,0,1,0,0,0,0,1,1,-1,9,2,46,8,999,1,0,MG ZS,3,E01018534,0,1
2024401499131,2024,401499131,1,9,0,-1,19,1,1,-1,0,0,0,0,0,0,2,1,-1,9,1,36,7,1498,1,2,MG ZS,7,E01030651,0,4
2024010518075,2024,010518075,1,9,0,10,10,3,8,0,0,1,0,0,0,0,2,1,6,6,2,33,6,999,1,3,MG ZS,9,E01001413,0,1
2024991480925,2024,991480925,1,9,0,-1,19,7,3,-1,0,0,5,0,1,0,1,1,-1,9,1,33,6,2497,1,20,MG ZS,-1,-1,0,-1
202460Q142681,2024,60Q142681,1,9,0,3,3,5,1,0,0,0,0,0,0,0,4,1,6,6,2,48,8,1498,1,2,MG ZS,-1,-1,0,-1
2024010539267,2024,010539267,1,8,0,9,9,1,7,0,0,5,0,0,0,0,1,1,6,6,1,56,9,-1,3,1,MG ZS,3,E01000094,0,3
2024351398889,2024,351398889,2,9,0,-1,9,8,4,-1,0,6,0,0,0,0,1,9,-1,6,1,45,7,-1,3,4,MG ZS,2,E01017977,0,1
2024461482106,2024,461482106,1,9,0,-1,10,7,4,-1,0,1,0,0,0,0,3,9,-1,6,2,78,11,1498,1,6,MG ZS,7,E01024158,0,1
2024440071016,2024,440071016,2,9,0,18,19,8,4,0,0,8,0,0,0,0,1,1,6,6,2,40,7,-1,3,1,MG ZS,6,E01022656,0,1
2024061396353,2024,061396353,3,9,0,-1,3,3,7,-1,0,0,0,0,0,0,2,1,-1,6,2,56,9,999,1,4,MG ZS,10,E01006301,0,1
2024991447226,2024,991447226,1,9,0,-1,19,1,5,-1,0,1,0,0,0,0,4,1,-1,9,2,42,7,-1,3,3,MG ZS,-1,-1,0,-1
202454B220224,2024,54B220224,1,9,0,9,9,5,3,0,0,1,0,0,7,0,3,1,6,6,2,63,9,999,1,1,MG ZS,5,E01032065,0,1
2024440434808,2024,440434808,2,9,0,9,9,1,7,0,0,1,0,0,0,0,3,1,2,2,1,37,7,999,1,3,MG ZS,2,E01017265,0,1
2024631482833,2024,631482833,1,9,0,-1,4,1,5,-1,0,0,0,0,0,0,2,1,-1,9,1,28,6,999,1,0,MG ZS,7,W01000507,0,4
2024010503792,2024,010503792,1,8,0,3,3,2,6,0,0,1,0,0,0,0,4,1,1,1,1,27,6,-1,3,2,MG ZS,2,E01004311,0,1
2024052400667,2024,052400667,1,9,0,18,19,5,1,0,0,0,5,0,0,0,1,1,6,6,1,61,9,999,1,4,MG ZS,10,E01006367,0,1
2024010534229,2024,010534229,1,9,0,18,19,7,3,0,0,2,0,0,0,0,1,1,1,1,1,59,9,-1,3,2,MG ZS,4,E01000333,0,3
2024010548923,2024,010548923,2,9,0,-1,-1,5,1,0,0,9,0,99,0,0,9,1,6,6,3,-1,-1,-1,3,1,MG ZS,-1,-1,0,-1
2024221475522,2024,221475522,1,9,0,-1,19,1,4,-1,0,0,2,0,1,4,4,1,-1,9,1,18,4,999,1,0,MG ZS,4,E01032440,0,1
2024041450380,2024,041450380,3,9,0,-1,19,1,5,-1,0,0,0,0,0,0,1,1,-1,9,1,29,6,1498,1,2,MG ZS,-1,-1,0,-1
2024451472252,2024,451472252,2,9,0,-1,5,4,8,-1,99,0,0,0,0,0,1,1,-1,6,2,30,6,999,1,2,MG ZS,7,E01002944,0,2
2024061430929,2024,061430929,2,9,9,-1,19,-1,-1,-1,0,1,0,4,0,0,1,1,-1,6,3,-1,-1,1498,1,1,MG ZS,-1,-1,0,-1
2024440011810,2024,440011810,2,9,0,18,19,5,1,0,0,1,0,0,0,0,1,1,6,6,1,-1,-1,-1,3,1,MG ZS,-1,-1,0,-1