collision_index,collision_year,collision_ref_no,vehicle_reference,vehicle_type,towing_and_articulation,vehicle_manoeuvre_historic,vehicle_manoeuvre,vehicle_direction_from,vehicle_direction_to,vehicle_location_restricted_lane_historic,vehicle_location_restricted_lane,junction_location,skidding_and_overturning,hit_object_in_carriageway,vehicle_leaving_carriageway,hit_object_off_carriageway,first_point_of_impact,vehicle_left_hand_drive,journey_purpose_of_driver_historic,journey_purpose_of_driver,sex_of_driver,age_of_driver,age_band_of_driver,engine_capacity_cc,propulsion_code,age_of_vehicle,generic_make_model,driver_imd_decile,lsoa_of_driver,escooter_flag,driver_distance_banding
2024440309681,2024,440309681,1,9,0,18,19,5,1,0,0,3,0,0,0,0,4,1,6,6,1,23,5,999,1,1,MG ZS,3,E01017184,0,2
2024052400968,2024,052400968,2,9,0,18,19,8,4,0,0,0,0,0,0,0,2,1,6,6,2,45,7,-1,3,3,MG ZS,1,E01006552,0,3
2024522500059,2024,522500059,1,9,0,7,7,8,2,0,0,5,0,0,0,0,4,1,6,6,1,53,8,1498,1,0,MG ZS,-1,-1,0,-1
2024041446486,2024,041446486,1,9,0,-1,19,1,5,-1,0,1,0,0,0,0,1,1,-1,7,1,45,7,999,1,2,MG ZS,10,E01025278,0,1
2024461514613,2024,461514613,3,9,0,-1,2,0,0,-1,0,0,0,0,0,0,3,1,-1,6,-1,-1,-1,1498,1,5,MG ZS,-1,-1,0,-1
2024010527314,2024,010527314,1,9,0,99,99,9,9,99,99,9,9,99,9,99,9,9,6,6,1,28,6,999,1,0,MG ZS,6,E01002062,0,3
2024131518057,2024,131518057,1,9,0,-1,19,3,7,-1,0,1,0,0,0,0,1,1,-1,9,2,75,10,1498,1,2,MG ZS,1,E01011468,0,1
2024070505499,2024,070505499,2,9,0,3,3,6,2,0,0,1,0,0,0,0,1,1,6,6,2,22,5,1498,1,1,MG ZS,3,E01012432,0,2
2024070368058,2024,070368058,1,9,0,9,9,6,4,0,0,8,0,0,0,0,1,1,6,6,1,26,6,1498,1,1,MG ZS,2,E01018701,0,3
2024361404960,2024,361404960,1,9,0,-1,19,1,5,-1,0,1,0,0,0,0,1,1,-1,9,1,70,10,1498,1,5,MG ZS,6,E01026886,0,1
2024411464903,2024,411464903,3,9,0,-1,4,1,5,-1,0,3,0,0,0,0,3,1,-1,6,1,43,7,999,1,1,MG ZS,10,E01023408,0,2
2024311512276,2024,311512276,1,9,0,-1,20,2,6,-1,-1,0,0,0,0,0,1,1,-1,9,1,69,10,-1,3,2,MG ZS,1,E01013860,0,1
2024371515873,2024,371515873,3,9,0,-1,19,2,6,-1,0,0,0,0,0,0,2,1,-1,6,1,36,7,-1,3,0,MG ZS,9,E01029897,0,2
2024501531101,2024,501531101,1,9,0,-1,19,7,3,-1,0,0,1,0,8,4,1,1,-1,9,1,20,4,2497,1,21,MG ZS,7,E01020318,0,3
2024061504207,2024,061504207,2,9,0,-1,2,0,0,-1,0,0,0,0,0,0,3,1,-1,6,-1,-1,-1,1498,1,0,MG ZS,-1,-1,0,-1
2024010504827,2024,010504827,1,8,0,18,19,1,5,0,0,0,0,0,0,0,1,1,6,6,1,60,9,-1,3,2,MG ZS,6,E01003394,0,2
2024061500460,2024,061500460,2,9,-1,-1,-1,-1,-1,-1,-1,-1,-1,-1,-1,0,-1,9,-1,6,3,-1,-1,999,1,1,MG ZS,-1,-1,0,-1
2024101497004,2024,101497004,2,9,0,-1,3,5,1,-1,0,1,0,0,0,0,2,1,-1,6,2,52,8,1498,1,3,MG ZS,4,E01008211,0,1
2024010519642,2024,010519642,1,8,0,99,99,9,9,99,99,9,9,99,9,99,9,9,6,6,3,-1,-1,-1,3,3,MG ZS,1,E01002026,0,2
2024010526945,2024,010526945,2,9,0,1,1,1,5,0,0,6,0,0,0,0,2,9,6,6,1,-1,-1,999,1,4,MG ZS,-1,-1,0,-1
2024052402691,2024,052402691,2,9,0,18,19,6,2,0,0,1,0,0,0,0,1,1,2,2,2,35,6,1498,1,2,MG ZS,4,E01006228,0,4
2024440185428,2024,440185428,4,9,0,2,2,0,0,0,0,0,0,0,0,0,2,1,6,6,3,-1,-1,999,1,2,MG ZS,-1,-1,0,-1
2024440500060,2024,440500060,1,9,0,9,9,5,3,0,0,6,0,0,0,0,3,1,6,6,2,29,6,999,1,5,MG ZS,6,E01017070,0,1
2024061409762,2024,061409762,2,9,-1,-1,-1,-1,-1,-1,-1,-1,-1,-1,-1,0,-1,9,-1,6,2,29,6,1498,1,2,MG ZS,1,E01005077,0,1
202454E415024,2024,54E415024,1,9,0,18,19,6,2,0,0,0,0,0,0,0,1,1,2,2,2,45,7,999,1,4,MG ZS,7,E01015552,0,1
2024471496380,2024,471496380,1,9,0,-1,14,4,8,-1,0,1,0,0,0,0,1,1,-1,2,1,31,6,1498,1,1,MG ZS,10,E01030624,0,4
2024010520192,2024,010520192,1,9,0,99,99,9,9,99,99,9,9,99,9,99,2,9,6,6,2,58,9,999,1,2,MG ZS,8,E01001657,0,3
2024421448886,2024,421448886,1,9,0,-1,5,1,5,-1,0,8,0,0,0,0,3,1,-1,6,2,55,8,1498,1,3,MG ZS,6,E01021502,0,1
2024320516013,2024,320516013,1,9,0,-1,-1,6,2,0,0,8,0,0,0,0,4,1,6,6,2,76,11,1498,1,1,MG ZS,8,E01010573,0,5
2024010547310,2024,010547310,2,9,0,99,99,9,9,99,99,9,9,99,9,99,1,9,6,6,3,-1,-1,-1,3,1,MG ZS,-1,-1,0,-1
2024461470992,2024,461470992,2,9,0,-1,19,5,1,-1,0,0,0,0,0,0,1,1,-1,6,2,26,6,1498,1,6,MG ZS,4,E01024771,0,1
2024010497893,2024,010497893,1,9,0,18,19,3,7,0,0,8,0,0,0,0,1,1,2,2,2,55,8,-1,3,2,MG ZS,5,E01015972,0,2
2024302500043,2024,302500043,2,9,0,-1,-1,2,6,0,0,0,0,4,0,0,1,1,2,2,1,19,4,1796,1,21,MG ZS,9,E01019447,0,1
2024010498306,2024,010498306,2,9,0,18,19,5,1,0,0,1,0,0,0,0,1,1,6,6,2,47,8,-1,3,4,MG ZS,4,E01001090,0,1
2024010524759,2024,010524759,1,9,0,12,12,7,3,0,0,0,0,0,1,4,1,1,2,2,1,35,6,-1,3,3,MG ZS,2,E01004236,0,2
2024221509443,2024,221509443,3,9,0,-1,4,8,4,-1,0,0,0,0,0,0,2,9,-1,6,1,51,8,1498,1,1,MG ZS,7,E01009880,0,4
2024461505358,2024,461505358,2,9,0,-1,3,7,1,-1,0,0,0,0,4,0,2,9,-1,9,2,44,7,999,1,1,MG ZS,7,E01024137,0,2
2024010507365,2024,010507365,2,9,0,18,19,3,7,0,0,1,0,0,0,0,1,1,6,6,1,25,5,999,1,4,MG ZS,7,E01003753,0,1
2024010542125,2024,010542125,2,9,0,9,9,7,5,0,0,2,0,0,0,0,1,1,1,1,1,52,8,-1,3,2,MG ZS,2,E01000508,0,2
2024421497096,2024,421497096,2,9,0,-1,4,2,6,-1,0,4,0,0,0,0,2,1,-1,9,2,31,6,1498,1,0,MG ZS,7,E01021952,0,1
2024010501567,2024,010501567,2,8,9,99,99,9,9,99,99,0,9,99,9,99,9,9,6,6,3,-1,-1,-1,3,2,MG ZS,-1,-1,0,-1
2024520402212,2024,520402212,1,9,0,18,19,6,1,0,0,8,0,0,0,0,1,1,6,6,2,21,5,1498,1,4,MG ZS,9,E01029159,0,1
2024010540171,2024,010540171,1,9,0,9,9,1,7,0,0,5,0,0,0,0,1,1,6,6,2,38,7,1498,1,0,MG ZS,7,E01032822,0,4
2024371467878,2024,371467878,2,9,0,-1,4,7,3,-1,0,0,0,0,0,0,2,1,-1,9,1,45,7,-1,3,2,MG ZS,7,E01030007,0,1
2024052402747,2024,052402747,1,9,0,18,19,3,7,0,0,0,0,0,0,0,4,1,6,6,1,76,11,-1,3,0,MG ZS,5,E01007288,0,1
2024101408564,2024,101408564,2,9,0,-1,19,8,3,-1,0,8,0,0,0,0,4,1,-1,6,2,21,5,999,1,4,MG ZS,1,E01027451,0,1
2024010524231,2024,010524231,2,9,0,99,99,9,9,99,99,9,9,99,9,99,1,9,6,6,3,44,7,999,1,0,MG ZS,3,E01002243,0,1
2024991442717,2024,991442717,3,9,0,-1,7,7,1,-1,0,0,0,0,0,0,4,1,-1,1,2,55,8,1498,1,1,MG ZS,2,-1,0,1
2024221407103,2024,221407103,1,9,0,-1,19,4,8,-1,0,6,0,0,0,0,1,1,-1,6,2,21,5,999,1,1,MG ZS,5,E01028943,0,2
2024421434598,2024,421434598,4,9,0,-1,2,8,2,-1,0,0,0,0,0,0,2,1,-1,9,1,33,6,-1,3,2,MG ZS,5,E01021909,0,2
2024991527450,2024,991527450,2,9,0,-1,19,6,2,-1,0,0,0,0,0,0,1,1,-1,9,2,51,8,999,1,1,MG ZS,9,-1,0,5
2024010543866,2024,010543866,1,9,0,4,4,7,3,0,0,1,0,0,0,0,1,1,1,1,1,43,7,-1,3,1,MG ZS,2,E01001340,0,2
2024991401422,2024,991401422,3,9,0,-1,4,5,1,-1,0,0,0,0,0,0,2,1,-1,6,1,52,8,-1,3,3,MG ZS,2,-1,0,1
2024061499976,2024,061499976,2,9,0,-1,7,3,1,-1,0,5,0,0,0,0,0,9,-1,6,1,64,9,1498,1,0,MG ZS,3,E01025359,0,3
2024052402499,2024,052402499,2,9,0,18,19,1,5,0,0,1,0,0,0,0,1,1,6,6,1,27,6,1498,1,1,MG ZS,8,W01000279,0,4
2024041450637,2024,041450637,2,9,0,-1,19,1,5,-1,0,1,0,0,0,0,1,1,-1,6,2,30,6,-1,3,0,MG ZS,6,E01025486,0,1
2024010511877,2024,010511877,1,9,0,9,9,7,5,0,0,4,0,0,0,0,3,1,3,7,2,44,7,-1,3,2,MG ZS,6,E01004174,0,1
2024471513568,2024,471513568,2,9,0,-1,19,4,8,-1,0,8,0,0,0,0,1,1,-1,2,1,37,7,-1,3,4,MG ZS,6,E01021200,0,2
2024010506887,2024,010506887,1,9,0,99,99,9,9,99,99,9,9,99,9,99,9,9,6,6,2,43,7,1498,1,1,MG ZS,5,E01004419,0,1
2024010550438,2024,010550438,1,9,0,3,3,1,5,0,0,2,0,0,0,0,2,1,6,6,1,46,8,999,1,5,MG ZS,3,E01003539,0,1
2024471485159,2024,471485159,2,9,0,-1,19,5,1,-1,0,2,0,0,0,0,3,1,-1,9,2,31,6,1498,1,1,MG ZS,6,E01024793,0,3
2024101479277,2024,101479277,2,9,0,-1,4,1,5,-1,0,0,0,0,0,0,2,1,-1,9,2,30,6,1498,1,2,MG ZS,2,E01008699,0,2
2024332400119,2024,332400119,1,9,0,-1,5,2,6,-1,0,4,0,0,0,0,1,1,-1,9,2,24,5,999,1,1,MG ZS,6,E01025723,0,1
2024041488047,2024,041488047,1,9,0,-1,9,7,8,-1,0,1,0,0,0,0,3,1,-1,6,2,31,6,1498,1,6,MG ZS,9,E01025281,0,3
2024131497875,2024,131497875,1,9,0,-1,7,7,7,-1,0,1,0,10,1,11,1,1,-1,6,1,22,5,-1,3,3,MG ZS,3,E01010789,0,2
2024440390884,2024,440390884,2,9,0,4,4,4,8,0,0,1,0,0,0,0,2,1,6,6,3,-1,-1,-1,3,0,MG ZS,-1,-1,0,-1
2024351508038,2024,351508038,1,9,0,-1,9,7,4,-1,0,8,0,0,0,0,3,1,-1,6,2,50,8,-1,3,3,MG ZS,3,E01018092,0,1
2024061489960,2024,061489960,1,9,0,-1,19,8,4,-1,0,0,0,0,0,0,1,1,-1,9,2,77,11,999,1,4,MG ZS,7,E01025485,0,3
2024010499917,2024,010499917,2,9,0,99,99,9,9,99,99,9,9,99,9,99,1,9,6,6,3,53,8,-1,3,2,MG ZS,6,E01001149,0,1
2024991485183,2024,991485183,2,9,0,-1,19,4,8,-1,0,0,0,0,0,0,2,1,-1,9,2,40,7,-1,3,3,MG ZS,5,-1,0,3
2024421482484,2024,421482484,2,9,0,-1,19,4,8,-1,0,2,0,0,0,0,4,9,-1,9,1,31,6,999,1,0,MG ZS,2,E01035164,0,1
2024010516756,2024,010516756,1,9,0,7,7,5,6,0,0,1,0,0,0,0,4,1,2,2,1,39,7,-1,3,2,MG ZS,6,E01003945,0,1
2024101418677,2024,101418677,2,9,0,-1,2,4,8,-1,0,0,0,0,0,0,2,1,-1,6,1,34,6,999,1,3,MG ZS,2,E01008460,0,1
2024131524010,2024,131524010,2,9,0,-1,19,1,3,-1,0,8,0,0,0,0,1,1,-1,9,1,36,7,1498,1,0,MG ZS,8,E01011310,0,2
2024061514920,2024,061514920,1,9,0,-1,9,7,5,-1,0,5,0,0,0,0,1,1,-1,6,1,36,7,999,1,0,MG ZS,1,E01005667,0,2
2024131454362,2024,131454362,1,9,0,-1,19,1,5,-1,0,0,5,0,0,0,1,1,-1,9,1,25,5,-1,3,3,MG ZS,10,E01011516,0,1
2024052402168,2024,052402168,2,9,0,18,19,7,3,0,0,0,0,0,0,0,1,1,6,6,2,38,7,1498,1,1,MG ZS,1,E01007086,0,1
2024320212937,2024,320212937,2,9,0,-1,-1,4,8,0,0,8,0,0,0,0,3,1,-1,-1,1,64,9,999,1,4,MG ZS,6,E01029944,0,4
2024311454300,2024,311454300,1,9,0,-1,19,2,6,-1,0,0,0,0,0,0,1,1,-1,1,2,52,8,-1,3,2,MG ZS,1,E01013867,0,1
2024411510865,2024,411510865,2,9,0,-1,19,4,8,-1,0,0,0,0,0,0,3,1,-1,7,1,25,5,999,1,0,MG ZS,2,E01033880,0,4
2024340WN0532,2024,340WN0532,1,9,0,-1,19,6,2,-1,0,6,0,0,0,0,1,1,-1,6,3,-1,-1,999,1,4,MG ZS,-1,-1,0,-1
2024440423359,2024,440423359,3,9,0,2,2,0,0,0,0,0,0,0,0,0,3,1,6,6,3,-1,-1,1498,1,1,MG ZS,-1,-1,0,-1
2024430606502,2024,430606502,2,9,0,1,1,3,7,0,0,1,0,0,0,0,2,1,6,6,1,30,6,-1,3,5,MG ZS,-1,-1,0,-1
2024421396512,2024,421396512,2,9,0,-1,4,7,8,-1,0,0,0,0,0,0,1,1,-1,2,1,41,7,-1,3,3,MG ZS,10,E01021379,0,4
2024430377586,2024,430377586,1,9,0,18,19,5,1,0,0,0,0,0,1,0,1,1,6,6,2,53,8,1498,1,1,MG ZS,10,E01017880,0,4
2024361475583,2024,361475583,1,9,0,-1,19,5,1,-1,-1,0,0,0,1,0,1,1,-1,1,1,48,8,-1,3,3,MG ZS,6,E01026862,0,4
2024041438794,2024,041438794,1,9,0,-1,12,5,7,-1,0,2,0,0,0,0,3,1,-1,9,1,48,8,-1,3,2,MG ZS,1,E01012724,0,1
2024010512452,2024,010512452,2,9,9,5,5,0,4,0,0,9,9,99,9,99,9,9,6,6,2,28,6,-1,3,3,MG ZS,-1,-1,0,-1
2024122401048,2024,122401048,1,9,0,9,9,3,1,0,0,8,0,0,0,0,1,1,3,7,2,36,7,999,1,5,MG ZS,2,E01027850,0,1
2024401514822,2024,401514822,1,9,0,-1,19,5,1,-1,0,1,0,0,0,0,1,1,-1,6,1,56,9,1498,1,1,MG ZS,3,E01017514,0,2
2024010499031,2024,010499031,2,9,9,99,99,9,9,99,99,9,9,99,9,99,9,9,6,6,3,-1,-1,999,1,4,MG ZS,-1,-1,0,-1
2024141500653,2024,141500653,1,9,0,-1,7,2,6,-1,0,1,0,0,0,0,1,1,-1,6,2,32,6,1498,1,3,MG ZS,6,E01007598,0,2
2024010504541,2024,010504541,1,9,0,5,5,2,6,9,9,0,0,4,1,10,1,1,6,6,2,77,11,-1,3,2,MG ZS,9,E01000349,0,1
2024520401981,2024,520401981,2,9,0,18,19,6,1,0,0,0,0,0,0,0,1,1,6,6,1,74,10,1498,1,0,MG ZS,-1,-1,0,-1
2024421492785,2024,421492785,1,9,0,-1,5,8,2,-1,0,4,0,0,0,0,4,1,-1,6,1,38,7,-1,3,2,MG ZS,-1,-1,0,-1
2024421521592,2024,421521592,2,9,0,-1,19,7,3,-1,0,1,0,0,0,0,4,1,-1,6,2,35,6,1498,1,2,MG ZS,3,E01021339,0,1
2024010548098,2024,010548098,1,9,0,9,9,5,3,0,0,6,0,0,0,0,1,1,6,6,1,32,6,999,1,2,MG ZS,4,E01000428,0,1
2024010551567,2024,010551567,1,9,0,99,99,9,9,99,99,9,9,99,9,99,2,9,6,6,3,-1,-1,999,1,0,MG ZS,-1,-1,0,-1
2024101522552,2024,101522552,2,9,0,-1,7,8,3,-1,-1,4,0,0,0,0,-1,9,-1,6,1,44,7,1498,1,2,MG ZS,8,E01008657,0,1
2024451525716,2024,451525716,2,9,0,-1,19,5,1,-1,0,7,0,0,0,0,1,1,-1,1,1,67,10,-1,3,2,MG ZS,2,E01003832,0,1
2024461486995,2024,461486995,2,9,0,-1,7,1,5,-1,0,6,0,0,0,0,1,1,-1,6,1,41,7,999,1,2,MG ZS,6,E01024716,0,4
2024010541161,2024,010541161,1,9,0,9,9,6,4,0,0,1,0,10,0,0,1,1,6,6,1,31,6,999,1,3,MG ZS,2,E01032513,0,1
2024041519712,2024,041519712,1,9,0,-1,19,1,5,-1,0,0,0,0,0,0,3,1,-1,1,1,27,6,1498,1,0,MG ZS,4,E01005499,0,3
2024221491210,2024,221491210,1,5,0,-1,19,6,1,-1,0,8,0,0,7,0,1,1,-1,9,1,74,10,1064,1,18,MAKE AND MODEL REDACTED,5,E01028999,0,3
2024031433519,2024,031433519,2,5,0,-1,19,8,5,-1,0,8,0,0,0,0,4,1,-1,9,1,63,9,1064,1,15,MAKE AND MODEL REDACTED,3,E01019210,0,1
2024421503961,2024,421503961,1,3,0,-1,19,5,1,-1,0,0,1,0,0,0,3,1,-1,2,1,25,5,125,1,2,MAKE AND MODEL REDACTED,9,E01021693,0,1
2024361429235,2024,361429235,2,4,0,-1,19,4,8,-1,0,0,0,0,0,0,1,1,-1,6,1,20,4,125,1,2,MAKE AND MODEL REDACTED,3,E01026750,0,3
2024351457865,2024,351457865,2,3,0,-1,4,8,4,-1,0,0,0,0,7,0,2,1,-1,7,1,17,4,125,1,4,MAKE AND MODEL REDACTED,6,E01018169,0,2
2024440554371,2024,440554371,2,5,0,13,13,2,6,0,0,0,0,0,0,0,4,1,2,2,1,33,6,125,1,1,MAKE AND MODEL REDACTED,3,E01017228,0,1
2024440084802,2024,440084802,1,9,0,18,19,5,1,6,6,0,0,0,0,0,1,1,6,6,1,72,10,1597,1,15,MAKE AND MODEL REDACTED,7,E01022589,0,4
2024411461172,2024,411461172,1,5,0,-1,19,8,4,-1,0,0,0,0,0,0,1,1,-1,9,1,19,4,599,1,17,MAKE AND MODEL REDACTED,5,E01023827,0,4
2024061419995,2024,061419995,2,5,0,-1,14,7,3,-1,0,1,0,0,0,0,1,1,-1,6,1,20,4,599,1,17,MAKE AND MODEL REDACTED,3,E01006009,0,1
2024111409439,2024,111409439,3,5,0,-1,19,7,3,-1,0,1,1,0,0,0,1,1,-1,9,1,31,6,600,1,18,MAKE AND MODEL REDACTED,7,E01020709,0,1
2024041431550,2024,041431550,1,5,0,-1,13,3,7,-1,0,0,1,11,7,4,3,1,-1,6,1,31,6,599,1,15,MAKE AND MODEL REDACTED,1,E01025041,0,2
2024332401054,2024,332401054,1,5,0,-1,19,3,7,-1,0,2,0,0,0,0,1,1,-1,6,1,26,6,599,1,16,MAKE AND MODEL REDACTED,10,E01025651,0,3
2024421472735,2024,421472735,1,5,0,-1,7,5,1,-1,0,0,2,0,1,7,1,1,-1,9,1,41,7,599,1,17,MAKE AND MODEL REDACTED,10,E01030124,0,4
2024320493003,2024,320493003,1,5,0,-1,-1,6,4,0,0,8,1,0,0,0,3,1,-1,-1,1,71,10,599,1,17,MAKE AND MODEL REDACTED,8,E01013262,0,4
2024122401121,2024,122401121,2,4,0,4,4,1,5,0,0,0,0,0,0,0,2,1,6,6,1,76,11,248,1,8,SUZUKI GW 250,7,E01013020,0,4
2024010551427,2024,010551427,1,4,0,18,19,5,1,0,0,4,0,0,0,0,1,1,6,6,1,50,8,248,1,11,SUZUKI GW 250,3,E01000499,0,1
2024010494599,2024,010494599,1,4,0,18,19,7,3,0,0,0,0,0,1,0,1,1,6,6,1,24,5,248,1,11,SUZUKI GW 250,9,E01003777,0,1
2024010528014,2024,010528014,1,4,0,99,99,9,9,99,99,9,9,99,9,99,0,1,2,2,1,40,7,248,1,10,SUZUKI GW 250,8,E01000768,0,1
2024041504337,2024,041504337,1,4,0,-1,19,7,3,-1,0,0,0,0,0,0,4,1,-1,2,1,27,6,248,1,9,SUZUKI GW 250,1,E01006711,0,3
2024010534675,2024,010534675,1,4,0,18,19,1,5,0,0,2,0,0,0,0,1,1,6,6,1,43,7,248,1,11,SUZUKI GW 250,-1,-1,0,-1
2024430396655,2024,430396655,2,4,0,18,19,4,8,0,0,8,0,0,0,0,1,1,6,6,1,23,5,248,1,11,SUZUKI GW 250,6,E01028638,0,1
2024361428094,2024,361428094,2,4,0,-1,19,1,5,-1,0,0,1,0,0,0,3,1,-1,2,1,23,5,248,1,10,SUZUKI GW 250,7,E01026897,0,3
2024231443519,2024,231443519,2,5,0,-1,19,3,8,-1,0,8,0,0,7,0,4,1,-1,6,1,33,6,248,1,10,SUZUKI GW 250,-1,-1,0,-1
2024061436995,2024,061436995,2,4,0,-1,2,1,3,-1,0,8,0,0,0,0,2,1,-1,6,1,75,10,248,1,11,SUZUKI GW 250,1,E01006168,0,1
2024010508032,2024,010508032,2,4,0,99,99,9,9,99,99,9,9,99,9,99,9,1,6,6,3,-1,-1,248,1,11,SUZUKI GW 250,-1,-1,0,-1
2024440501471,2024,440501471,2,3,0,18,19,5,1,0,0,8,0,0,0,0,1,1,6,6,1,18,4,124,1,10,YAMAHA WR,-1,-1,0,-1
2024461500390,2024,461500390,2,3,0,-1,19,3,7,-1,0,8,0,0,0,0,3,1,-1,9,1,17,4,124,1,11,YAMAHA WR,10,E01024467,0,1
2024361442775,2024,361442775,1,3,0,-1,19,3,8,-1,0,0,0,0,0,0,1,1,-1,6,1,36,7,124,1,8,YAMAHA WR,7,E01026881,0,1
2024461531622,2024,461531622,1,3,0,-1,19,3,8,-1,0,0,0,11,0,0,1,1,-1,2,1,18,4,124,1,11,YAMAHA WR,8,E01024545,0,1
2024501404606,2024,501404606,1,3,0,-1,19,3,7,-1,0,1,1,0,0,0,0,1,-1,6,1,19,4,124,1,15,YAMAHA WR,1,E01015149,0,1
2024421445023,2024,421445023,1,3,0,-1,14,1,5,-1,0,1,0,0,0,0,1,1,-1,1,1,18,4,124,1,12,YAMAHA WR,4,E01021955,0,1
2024211526875,2024,211526875,1,4,0,-1,6,5,4,-1,0,0,1,0,0,0,1,1,-1,9,1,54,8,449,1,6,YAMAHA WR,-1,-1,0,-1
2024631402918,2024,631402918,2,3,0,-1,19,2,6,-1,0,2,0,0,0,0,4,1,-1,1,1,19,4,124,1,14,YAMAHA WR,6,W01000667,0,1
2024610049424,2024,610049424,1,4,0,4,4,7,3,0,0,0,0,10,0,0,0,1,6,6,1,20,4,124,1,10,YAMAHA WR,4,W01001337,0,2
2024411539060,2024,411539060,2,3,0,-1,9,8,6,-1,0,8,0,0,0,0,3,1,-1,6,1,22,5,124,1,13,YAMAHA WR,10,E01023497,0,4
2024501486989,2024,501486989,1,4,0,-1,19,1,5,-1,0,1,0,0,0,0,1,1,-1,9,1,18,4,124,1,15,YAMAHA WR,4,E01019036,0,2
2024070319503,2024,070319503,1,3,0,4,4,6,2,0,0,1,0,0,0,0,1,1,6,6,1,20,4,124,1,13,YAMAHA WR,1,E01029554,0,4
2024622400215,2024,622400215,1,3,0,16,19,6,2,0,0,0,0,0,0,0,1,1,6,6,2,46,8,124,1,11,YAMAHA WR,2,W01000836,0,1
2024320025087,2024,320025087,1,3,0,-1,-1,8,4,0,0,0,5,0,0,0,0,1,6,6,2,20,4,124,1,14,YAMAHA WR,1,E01013141,0,3
2024501468597,2024,501468597,2,3,0,-1,19,8,4,-1,0,8,1,0,0,0,1,1,-1,9,1,19,4,124,1,15,YAMAHA WR,1,E01015149,0,1
2024010529628,2024,010529628,2,3,0,15,15,1,5,0,0,1,0,0,0,0,1,1,6,6,1,33,6,124,1,15,YAMAHA WR,6,E01001163,0,1
2024161475896,2024,161475896,1,3,0,-1,5,3,7,-1,0,1,1,0,0,0,3,1,-1,2,1,22,5,124,1,9,YAMAHA WR,6,E01012979,0,2
2024471461479,2024,471461479,1,3,0,-1,19,1,5,-1,0,0,1,0,0,0,1,1,-1,2,1,25,5,124,1,10,YAMAHA WR,5,E01031606,0,1
2024311533836,2024,311533836,2,3,0,-1,19,8,4,-1,0,1,0,0,0,0,1,1,-1,2,2,23,5,124,1,10,YAMAHA WR,2,E01027955,0,2
2024161447856,2024,161447856,1,3,0,-1,7,6,2,-1,0,5,1,0,0,0,1,1,-1,6,1,25,5,124,1,11,YAMAHA WR,1,E01026074,0,4
2024531518433,2024,531518433,2,3,0,-1,14,1,5,-1,0,8,0,0,0,0,4,1,-1,6,1,17,4,124,1,14,YAMAHA WR,6,E01022379,0,1
2024461459369,2024,461459369,1,3,0,-1,19,5,1,-1,0,8,0,0,0,0,1,1,-1,6,1,23,5,124,1,14,YAMAHA WR,-1,-1,0,-1
2024211455409,2024,211455409,1,4,0,-1,19,4,3,-1,0,0,5,0,0,0,1,1,-1,9,1,25,5,450,1,1,YAMAHA WR,-1,-1,0,-1
2024471434596,2024,471434596,1,3,0,-1,7,5,7,-1,0,4,0,0,0,0,1,1,-1,6,1,19,4,124,1,15,YAMAHA WR,1,E01031427,0,1
2024471406956,2024,471406956,1,3,0,-1,19,1,4,-1,0,0,0,0,0,0,1,1,-1,6,1,23,5,124,1,8,YAMAHA WR,3,E01020928,0,1
2024010500127,2024,010500127,1,3,0,18,19,8,4,0,0,0,0,0,0,0,2,1,6,6,1,58,9,124,1,14,YAMAHA WR,2,E01004001,0,1
2024440406765,2024,440406765,1,3,0,9,9,6,4,0,0,2,0,0,0,0,2,1,6,6,1,25,5,124,1,8,YAMAHA WR,2,E01022655,0,1
2024061517681,2024,061517681,2,4,0,-1,13,7,3,-1,0,8,0,0,0,0,1,1,-1,2,1,-1,-1,124,1,15,YAMAHA WR,-1,-1,0,-1
2024371489672,2024,371489672,2,3,0,-1,19,3,7,-1,0,8,0,0,0,0,4,1,-1,9,1,19,4,124,1,12,YAMAHA WR,6,E01035535,0,3
2024101531543,2024,101531543,2,3,0,-1,7,1,7,-1,0,5,0,0,0,0,4,1,-1,6,1,22,5,124,1,10,YAMAHA WR,3,E01008654,0,1
2024440024116,2024,440024116,2,3,0,18,19,3,7,0,0,8,0,0,0,0,1,1,2,2,1,21,5,124,1,8,YAMAHA WR,3,E01017346,0,1
2024041512274,2024,041512274,2,3,0,-1,19,1,5,-1,0,8,0,0,0,0,1,1,-1,2,1,49,8,124,1,13,YAMAHA WR,3,E01025308,0,1
2024471450640,2024,471450640,2,4,0,-1,13,7,3,-1,0,0,0,0,0,0,1,1,-1,9,1,18,4,124,1,10,YAMAHA WR,6,E01021034,0,3
2024052401002,2024,052401002,1,3,0,18,19,1,5,0,0,1,0,0,0,0,1,1,2,2,1,59,9,124,1,11,YAMAHA WR,1,E01012438,0,3
2024440438311,2024,440438311,2,3,0,18,19,6,2,0,0,8,0,0,0,0,1,1,6,6,1,22,5,124,1,15,YAMAHA WR,1,E01017331,0,1
2024320022849,2024,320022849,1,3,0,-1,-1,6,2,0,0,1,0,0,0,0,1,1,-1,-1,1,18,4,124,1,10,YAMAHA WR,8,E01026171,0,1
2024622400839,2024,622400839,1,4,0,18,19,2,8,0,0,3,0,0,0,0,4,1,6,6,1,41,7,124,1,15,YAMAHA WR,3,W01000787,0,1
2024161398085,2024,161398085,1,3,0,-1,19,7,3,-1,0,0,0,0,0,0,1,1,-1,9,2,20,4,124,1,14,YAMAHA WR,1,E01013141,0,2