collision_index,collision_year,collision_ref_no,vehicle_reference,vehicle_type,towing_and_articulation,vehicle_manoeuvre_historic,vehicle_manoeuvre,vehicle_direction_from,vehicle_direction_to,vehicle_location_restricted_lane_historic,vehicle_location_restricted_lane,junction_location,skidding_and_overturning,hit_object_in_carriageway,vehicle_leaving_carriageway,hit_object_off_carriageway,first_point_of_impact,vehicle_left_hand_drive,journey_purpose_of_driver_historic,journey_purpose_of_driver,sex_of_driver,age_of_driver,age_band_of_driver,engine_capacity_cc,propulsion_code,age_of_vehicle,generic_make_model,driver_imd_decile,lsoa_of_driver,escooter_flag,driver_distance_banding
2024320418790,2024,320418790,1,9,0,-1,-1,4,8,0,0,0,0,0,0,0,1,1,-1,-1,2,54,8,1499,1,9,MINI COOPER,9,E01026022,0,4
2024440527064,2024,440527064,1,9,0,3,3,5,1,0,0,1,0,0,0,0,2,1,6,6,2,58,9,1598,2,12,MINI COOPER,6,E01017072,0,4
2024440059843,2024,440059843,2,9,0,18,19,7,3,0,0,8,0,0,0,0,1,1,6,6,2,19,4,1598,1,14,MINI COOPER,4,E01023106,0,3
2024122401272,2024,122401272,1,9,0,7,7,3,5,0,0,6,0,0,0,0,1,1,6,6,1,23,5,1499,1,8,MINI COOPER,8,E01013343,0,2
2024041518923,2024,041518923,1,9,0,-1,19,1,5,-1,0,0,0,0,0,0,3,1,-1,9,2,23,5,1499,1,3,MINI COOPER,8,E01025564,0,3
2024161533000,2024,161533000,3,9,0,-1,19,7,3,-1,0,0,0,0,0,0,1,1,-1,9,2,57,9,1499,1,7,MINI COOPER,8,E01013046,0,1
2024451413424,2024,451413424,2,9,0,-1,9,1,7,-1,0,0,0,0,0,0,1,1,-1,7,1,44,7,1995,2,8,MINI COOPER,7,E01030968,0,1
2024201405504,2024,201405504,2,9,0,-1,3,4,8,-1,0,2,0,0,0,0,2,1,-1,2,2,47,8,1496,2,8,MINI COOPER,1,E01009495,0,2
2024311483084,2024,311483084,1,9,0,-1,19,5,1,-1,0,1,1,0,7,0,1,1,-1,9,1,64,9,1499,1,2,MINI COOPER,-1,-1,0,-1
2024311516373,2024,311516373,1,9,0,-1,19,1,5,-1,0,1,0,0,0,0,1,1,-1,9,2,-1,-1,1499,1,8,MINI COOPER,6,E01026380,0,3
2024010547634,2024,010547634,2,9,0,2,2,0,0,0,0,0,0,0,1,0,3,1,6,6,3,-1,-1,1998,1,8,MINI COOPER,-1,-1,0,-1
2024311408628,2024,311408628,1,9,0,-1,4,7,2,-1,0,0,0,0,0,0,2,1,-1,6,2,39,7,1998,1,5,MINI COOPER,7,E01028100,0,1
2024461498694,2024,461498694,2,9,0,-1,3,7,3,-1,0,1,0,0,1,0,4,2,-1,6,2,61,9,1598,1,18,MINI COOPER,5,E01024562,0,1
2024101437916,2024,101437916,2,9,0,-1,19,3,8,-1,0,8,0,0,0,0,4,1,-1,2,2,42,7,1598,1,16,MINI COOPER,5,E01008233,0,1
2024302400788,2024,302400788,1,9,0,18,19,6,2,0,0,8,0,0,0,0,1,1,6,6,1,44,7,1598,1,15,MINI COOPER,4,E01019822,0,4
2024461499444,2024,461499444,1,9,0,-1,19,4,8,-1,0,8,0,0,0,0,3,9,-1,9,2,22,5,1598,1,15,MINI COOPER,1,E01024663,0,1
2024461449202,2024,461449202,2,9,0,-1,19,5,1,-1,0,0,0,0,1,10,4,1,-1,6,1,35,6,1496,2,7,MINI COOPER,8,E01024454,0,1
2024041474662,2024,041474662,2,9,0,-1,2,0,0,-1,0,0,0,4,0,0,2,1,-1,6,-1,-1,-1,1998,1,9,MINI COOPER,-1,-1,0,-1
2024991512366,2024,991512366,1,9,0,-1,19,2,6,-1,0,0,1,0,0,0,4,1,-1,9,1,44,7,1598,1,17,MINI COOPER,8,-1,0,4
2024531475832,2024,531475832,2,9,0,-1,9,8,5,-1,0,5,0,0,0,0,3,1,-1,1,2,63,9,1598,1,19,MINI COOPER,6,E01022253,0,3
2024522401794,2024,522401794,1,9,0,18,19,9,9,9,9,0,0,0,0,0,1,1,6,6,3,-1,-1,1598,1,14,MINI COOPER,-1,-1,0,-1
2024311529730,2024,311529730,2,9,0,-1,19,4,8,-1,0,8,0,0,0,0,4,2,-1,2,2,20,4,1499,1,0,MINI COOPER,9,E01033775,0,1
2024010513769,2024,010513769,3,9,0,2,2,0,0,0,0,1,0,0,0,0,1,1,6,6,3,-1,-1,1598,1,18,MINI COOPER,-1,-1,0,-1
2024461479398,2024,461479398,2,9,0,-1,9,3,7,-1,0,0,0,0,0,0,4,1,-1,6,2,42,7,1598,1,14,MINI COOPER,6,E01024692,0,1
2024451504146,2024,451504146,3,9,0,-1,19,7,3,-1,0,0,0,0,0,0,3,1,-1,2,2,57,9,1499,1,7,MINI COOPER,10,E01003472,0,3
2024320346079,2024,320346079,2,9,0,-1,-1,1,5,0,0,1,0,0,0,0,2,1,-1,-1,2,40,7,1598,1,18,MINI COOPER,5,E01026345,0,3
2024522402063,2024,522402063,1,9,0,18,19,5,1,0,0,0,1,0,7,9,1,1,6,6,1,22,5,1496,2,9,MINI COOPER,9,E01014784,0,2
2024631430255,2024,631430255,3,9,0,-1,10,5,3,-1,0,8,0,0,0,0,1,2,-1,9,2,62,9,1499,1,1,MINI COOPER,8,W01001542,0,5
2024161410447,2024,161410447,1,9,0,-1,3,1,5,-1,0,4,0,0,0,0,2,1,-1,2,2,24,5,1598,1,11,MINI COOPER,9,E01034756,0,2
2024052400229,2024,052400229,1,9,0,18,19,5,1,0,0,1,0,0,0,0,1,1,6,6,1,84,11,1998,1,5,MINI COOPER,7,E01007072,0,1
2024141428304,2024,141428304,2,9,0,-1,9,6,3,-1,0,0,0,0,0,0,1,1,-1,9,2,18,4,1598,1,19,MINI COOPER,9,E01019790,0,1
2024552400959,2024,552400959,1,9,0,4,4,1,5,0,0,0,0,4,0,0,1,1,6,6,2,41,7,1499,1,6,MINI COOPER,8,E01014373,0,4
202454D045824,2024,54D045824,1,9,0,5,5,1,5,0,0,1,0,0,0,0,4,1,2,2,2,62,9,1560,2,15,MINI COOPER,7,E01032007,0,1
2024010509568,2024,010509568,1,9,0,18,19,3,7,0,0,8,0,10,0,0,1,1,6,6,2,-1,-1,1598,1,20,MINI COOPER,-1,-1,0,-1
2024552400649,2024,552400649,2,9,0,2,2,0,0,0,0,0,0,0,0,0,3,1,6,6,3,-1,-1,1598,2,13,MINI COOPER,-1,-1,0,-1
2024010501737,2024,010501737,2,9,9,99,99,9,9,99,99,6,9,99,9,99,9,9,6,6,3,-1,-1,1499,1,1,MINI COOPER,-1,-1,0,-1
2024401399909,2024,401399909,1,9,0,-1,19,1,5,-1,0,0,0,11,0,0,1,1,-1,9,1,22,5,1598,1,21,MINI COOPER,6,E01016837,0,4
2024471500369,2024,471500369,1,9,0,-1,5,1,5,-1,0,8,0,0,0,0,0,9,-1,6,2,72,10,-1,3,2,MINI COOPER,10,E01031627,0,1
2024221500837,2024,221500837,1,9,0,-1,19,4,8,-1,0,3,0,10,1,0,1,1,-1,6,2,56,9,1598,1,12,MINI COOPER,5,E01032214,0,4
2024211408715,2024,211408715,1,9,0,-1,4,3,7,-1,0,0,0,0,0,0,2,1,-1,6,1,28,6,1499,1,3,MINI COOPER,2,E01010559,0,2
2024461401164,2024,461401164,2,9,0,-1,19,7,3,-1,0,3,0,0,0,0,1,9,-1,2,2,48,8,1499,1,4,MINI COOPER,7,E01021902,0,4
2024610011424,2024,610011424,1,9,0,18,19,6,2,0,0,0,0,0,0,0,1,1,6,6,1,33,6,1998,1,0,MINI COOPER,4,W01001337,0,1
202454C664424,2024,54C664424,1,9,0,9,9,1,7,0,0,5,0,0,0,0,1,1,6,6,2,51,8,1998,1,0,MINI COOPER,9,E01032710,0,1
2024411527568,2024,411527568,1,9,0,-1,9,1,7,-1,0,8,0,0,0,0,4,1,-1,2,1,29,6,1998,1,5,MINI COOPER,5,E01035583,0,1
2024010538605,2024,010538605,2,9,0,2,2,0,0,0,0,1,0,0,0,0,0,1,6,6,3,-1,-1,1998,1,0,MINI COOPER,-1,-1,0,-1
2024991414314,2024,991414314,2,9,0,-1,19,8,3,-1,0,0,0,0,0,0,1,1,-1,9,2,32,6,1598,1,20,MINI COOPER,5,-1,0,1
2024461509921,2024,461509921,2,9,0,-1,19,1,5,-1,0,8,0,0,0,0,3,1,-1,9,2,39,7,1598,1,20,MINI COOPER,2,E01023975,0,1
2024451400691,2024,451400691,2,9,0,-1,19,2,6,-1,0,0,1,0,1,4,3,1,-1,2,1,37,7,1499,1,8,MINI COOPER,5,E01030974,0,1
2024010505408,2024,010505408,2,9,0,10,10,5,2,0,0,1,0,0,0,0,4,1,6,6,2,57,9,1598,1,13,MINI COOPER,3,E01001113,0,1
2024031464097,2024,031464097,1,9,0,-1,19,3,7,-1,0,0,0,0,0,0,4,9,-1,9,2,41,7,1598,1,12,MINI COOPER,8,E01019370,0,1
2024421448570,2024,421448570,1,9,0,-1,19,7,3,-1,0,0,0,0,0,0,1,1,-1,6,1,32,6,1598,1,20,MINI COOPER,4,E01021529,0,1
2024543519924,2024,543519924,1,9,0,18,19,4,8,0,0,0,2,0,4,1,1,1,6,6,1,17,4,1560,2,15,MINI COOPER,8,E01015549,0,1
2024010546197,2024,010546197,2,9,0,99,99,9,9,99,99,9,9,99,9,99,9,9,6,6,3,-1,-1,-1,3,3,MINI COOPER,-1,-1,0,-1
2024421411828,2024,421411828,2,9,0,-1,4,1,5,-1,0,4,0,0,0,0,2,1,-1,6,2,23,5,1598,1,17,MINI COOPER,8,E01021407,0,3
2024320469914,2024,320469914,1,9,0,-1,-1,6,2,0,0,0,0,0,1,4,1,1,-1,-1,1,47,8,1598,1,19,MINI COOPER,1,E01013208,0,4
2024461519586,2024,461519586,3,9,0,-1,19,7,3,-1,0,0,0,0,0,0,1,9,-1,9,1,57,9,1998,1,3,MINI COOPER,8,E01024060,0,3
2024131499507,2024,131499507,2,9,0,-1,19,5,1,-1,0,1,0,0,0,0,3,1,-1,9,2,54,8,1499,1,2,MINI COOPER,10,E01011198,0,3
2024031494054,2024,031494054,1,9,0,-1,9,8,4,-1,0,1,0,0,0,0,4,1,-1,6,2,17,4,1598,1,20,MINI COOPER,3,E01019171,0,1
2024522500029,2024,522500029,2,9,0,18,19,1,5,0,0,1,0,0,0,0,1,1,6,6,1,33,6,1598,1,12,MINI COOPER,9,E01033078,0,3
2024041489864,2024,041489864,2,9,0,-1,19,5,7,-1,0,4,0,0,0,0,2,1,-1,2,2,52,8,1499,1,4,MINI COOPER,3,E01005761,0,4
2024041406127,2024,041406127,2,9,0,-1,19,1,5,-1,0,0,0,0,7,11,2,1,-1,6,2,58,9,-1,3,2,MINI COOPER,9,E01025532,0,1
2024141534165,2024,141534165,2,9,0,-1,4,5,1,-1,0,0,0,0,0,0,1,1,-1,2,1,40,7,1598,1,16,MINI COOPER,1,E01007500,0,3
2024041394931,2024,041394931,1,9,0,-1,19,1,5,-1,0,0,0,0,3,0,0,1,-1,2,1,41,7,1499,1,8,MINI COOPER,6,E01029524,0,5
2024361420492,2024,361420492,2,9,0,-1,19,7,3,-1,0,1,0,0,0,0,4,1,-1,6,2,28,6,1598,2,13,MINI COOPER,3,E01018066,0,2
2024351543024,2024,351543024,1,9,0,-1,7,3,7,-1,0,8,0,0,0,0,2,1,-1,9,2,26,6,-1,3,3,MINI COOPER,10,E01018124,0,1
2024471478931,2024,471478931,2,9,0,-1,2,0,0,-1,0,0,0,0,0,0,2,1,-1,6,-1,-1,-1,1499,1,10,MINI COOPER,-1,-1,0,-1
2024552401192,2024,552401192,2,9,0,2,2,0,0,0,0,0,0,0,0,0,2,1,6,6,3,-1,-1,1499,1,6,MINI COOPER,-1,-1,0,-1
2024430309468,2024,430309468,1,9,0,18,19,5,1,0,0,0,0,0,0,0,4,1,6,6,1,50,8,1998,1,2,MINI COOPER,10,E01000878,0,5
2024520402174,2024,520402174,1,9,0,18,19,7,3,0,0,0,0,0,0,0,1,1,6,6,1,18,4,1598,1,22,MINI COOPER,5,E01029259,0,3
2024231408932,2024,231408932,1,9,0,-1,4,1,5,-1,0,0,0,0,0,0,0,1,-1,2,1,21,5,1496,2,8,MINI COOPER,3,E01009636,0,3
2024141463996,2024,141463996,2,9,0,-1,19,4,8,-1,0,8,0,0,0,0,4,1,-1,7,2,35,6,1499,1,4,MINI COOPER,1,E01007410,0,1
2024340WN2522,2024,340WN2522,1,9,0,-1,9,7,3,-1,0,6,0,0,0,0,3,1,-1,9,2,52,8,-1,3,3,MINI COOPER,9,E01027263,0,3
2024221414281,2024,221414281,2,9,0,-1,9,3,1,-1,0,5,0,0,0,0,3,9,-1,6,2,56,9,1998,1,3,MINI COOPER,8,E01032184,0,3
2024451443768,2024,451443768,1,9,0,-1,10,4,6,-1,0,5,0,0,0,0,2,1,-1,6,2,54,8,1499,1,8,MINI COOPER,9,E01030761,0,1
2024161519855,2024,161519855,1,9,0,-1,2,0,0,-1,0,0,0,0,0,0,2,9,-1,6,2,44,7,1499,1,6,MINI COOPER,4,E01013314,0,1
2024461406876,2024,461406876,1,9,0,-1,19,1,5,-1,0,8,0,0,0,0,1,1,-1,9,2,19,4,1499,1,0,MINI COOPER,4,E01024541,0,1
2024221498610,2024,221498610,1,9,0,-1,19,6,2,-1,0,0,1,0,8,4,1,9,-1,9,2,35,6,1598,1,18,MINI COOPER,3,E01032242,0,1
2024302401128,2024,302401128,2,9,0,3,3,8,4,0,0,0,0,0,0,0,3,1,6,6,2,50,8,1499,1,4,MINI COOPER,8,E01016255,0,5
2024451448557,2024,451448557,1,9,0,-1,5,1,5,-1,0,1,0,10,0,0,4,1,-1,2,2,27,6,1499,1,5,MINI COOPER,-1,-1,0,-1
2024010530121,2024,010530121,2,9,0,7,7,5,8,0,0,1,0,0,0,0,1,1,6,6,1,18,4,1598,1,17,MINI COOPER,2,E01004410,0,1
2024201525820,2024,201525820,1,9,0,-1,19,6,2,-1,0,8,5,7,7,1,1,1,-1,9,1,18,4,1598,1,19,MINI COOPER,3,E01009162,0,1
2024440555597,2024,440555597,1,9,0,9,9,4,2,0,0,8,0,0,0,0,4,1,6,6,2,31,6,1499,1,6,MINI COOPER,6,E01030938,0,4
2024061404963,2024,061404963,3,9,0,-1,10,4,2,-1,0,8,0,0,0,0,2,1,-1,9,1,47,8,1499,1,2,MINI COOPER,7,E01006138,0,1
2024421481980,2024,421481980,1,9,0,-1,19,1,5,-1,0,0,0,7,7,0,1,1,-1,9,2,33,6,1998,1,5,MINI COOPER,8,E01021830,0,1
2024070407071,2024,070407071,2,9,0,5,5,2,6,0,0,0,0,0,0,0,1,1,6,6,1,60,9,1499,1,9,MINI COOPER,3,E01018402,0,1
2024161417540,2024,161417540,1,9,0,-1,19,2,6,-1,0,6,0,0,7,4,4,1,-1,9,2,54,8,1995,2,11,MINI COOPER,4,E01013019,0,3
2024552401414,2024,552401414,1,9,0,14,14,4,8,0,0,0,0,0,0,0,1,1,3,7,1,34,6,1496,2,9,MINI COOPER,9,E01034373,0,1
2024041418358,2024,041418358,2,9,0,-1,9,1,7,-1,0,8,0,0,0,0,4,1,-1,9,1,22,5,1598,1,17,MINI COOPER,2,E01025313,0,1
2024010499820,2024,010499820,2,9,0,2,2,0,0,0,0,2,0,4,0,0,3,1,6,6,3,-1,-1,1598,1,14,MINI COOPER,-1,-1,0,-1
2024221402863,2024,221402863,1,9,0,-1,19,7,3,-1,0,8,0,0,0,0,1,9,-1,6,1,36,7,1499,1,8,MINI COOPER,5,E01031327,0,4
2024141465044,2024,141465044,1,9,0,-1,19,4,1,-1,0,4,1,7,0,0,1,1,-1,9,2,60,9,1496,2,8,MINI COOPER,8,E01007380,0,1
2024411413206,2024,411413206,2,9,0,-1,2,0,0,-1,0,0,0,0,0,0,2,1,-1,6,-1,-1,-1,1598,1,17,MINI COOPER,-1,-1,0,-1
2024320465414,2024,320465414,1,9,0,9,9,2,8,0,0,6,0,0,0,0,3,1,-1,-1,2,76,11,1496,2,7,MINI COOPER,5,E01028349,0,3
2024010530562,2024,010530562,1,9,0,5,5,1,5,0,0,4,0,0,0,0,4,1,6,6,1,18,4,1598,1,22,MINI COOPER,10,E01030604,0,1
2024361517842,2024,361517842,1,9,0,-1,19,3,1,-1,0,0,0,0,0,0,1,1,-1,6,1,33,6,1496,2,8,MINI COOPER,8,E01026551,0,4
2024221464937,2024,221464937,2,9,0,-1,2,0,0,-1,0,1,0,0,0,0,0,1,-1,9,2,27,6,1598,1,11,MINI COOPER,3,E01014005,0,3
2024010548474,2024,010548474,2,9,0,5,5,1,5,0,0,1,0,0,0,0,3,1,6,6,3,-1,-1,1598,1,19,MINI COOPER,-1,-1,0,-1
2024531450375,2024,531450375,2,9,0,-1,5,1,5,-1,0,4,0,0,0,0,2,1,-1,6,2,58,9,1499,1,3,MINI COOPER,6,E01022271,0,2
2024131479362,2024,131479362,1,9,0,-1,19,5,1,-1,0,0,0,0,0,0,1,1,-1,9,1,18,4,1598,1,21,MINI COOPER,2,E01007326,0,2
2024631424623,2024,631424623,1,9,0,-1,19,3,7,-1,0,1,0,0,1,10,1,1,-1,1,2,43,7,1499,1,6,MINI COOPER,7,W01000704,0,4
2024501510937,2024,501510937,1,9,0,-1,19,8,4,-1,0,0,0,0,1,10,1,1,-1,7,2,18,4,1598,1,18,MINI COOPER,8,E01034637,0,2
2024471447651,2024,471447651,3,9,0,-1,2,0,0,-1,0,0,0,0,0,0,3,1,-1,6,-1,-1,-1,1499,1,0,MINI COOPER,-1,-1,0,-1
2024610055324,2024,610055324,1,9,0,18,19,1,5,0,0,0,0,4,0,0,3,1,6,6,1,41,7,1995,2,11,MINI COOPER,6,W01001327,0,1
2024010511907,2024,010511907,1,9,0,10,10,7,4,0,0,0,0,0,0,0,4,1,1,1,2,20,4,1499,1,2,MINI COOPER,3,E01000403,0,3
2024531507736,2024,531507736,1,9,0,-1,19,3,7,-1,0,1,0,0,0,0,3,1,-1,6,2,23,5,1598,1,20,MINI COOPER,9,E01022431,0,3
2024351475145,2024,351475145,1,9,0,-1,19,1,5,-1,0,0,0,0,0,0,1,1,-1,6,1,42,7,1598,1,21,MINI COOPER,5,E01018059,0,4
2024031516916,2024,031516916,2,9,0,-1,4,1,5,-1,0,0,0,0,0,0,2,1,-1,2,2,59,9,1499,1,8,MINI COOPER,5,E01019282,0,1
2024451453220,2024,451453220,1,9,0,-1,9,8,2,-1,0,6,0,0,0,0,3,1,-1,7,2,46,8,1499,1,4,MINI COOPER,9,E01015406,0,5
2024201494678,2024,201494678,2,9,0,-1,3,2,6,-1,0,1,0,0,0,0,1,9,-1,6,2,38,7,-1,3,3,MINI COOPER,7,E01009506,0,1
2024421492927,2024,421492927,2,9,0,-1,3,4,8,-1,0,0,0,0,0,0,2,1,-1,9,2,40,7,1598,1,20,MINI COOPER,3,E01021279,0,1
2024131516079,2024,131516079,3,9,0,-1,19,7,3,-1,0,0,0,0,0,0,1,1,-1,6,2,48,8,1499,1,7,MINI COOPER,6,E01010797,0,1
2024461484258,2024,461484258,2,9,0,-1,3,5,1,-1,0,0,0,0,0,0,2,1,-1,9,1,31,6,1499,1,3,MINI COOPER,6,E01035004,0,1
2024131502288,2024,131502288,1,9,0,-1,3,1,5,-1,0,0,0,0,0,0,2,1,-1,2,2,52,8,1499,1,5,MINI COOPER,7,E01011561,0,2
2024231535925,2024,231535925,2,9,0,-1,19,8,4,-1,0,0,0,0,7,0,1,1,-1,9,2,31,6,1598,1,15,MINI COOPER,3,E01031165,0,1
2024231401112,2024,231401112,1,9,0,-1,9,2,3,-1,0,6,0,0,0,0,3,1,-1,6,2,20,4,1598,1,17,MINI COOPER,5,E01031016,0,1
2024552400305,2024,552400305,3,9,0,10,10,1,7,0,0,5,0,0,0,0,2,1,2,2,2,32,6,1598,1,11,MINI COOPER,7,E01015368,0,2
2024231524328,2024,231524328,3,9,0,-1,19,6,3,-1,0,0,0,0,0,0,3,1,-1,6,1,44,7,1598,1,17,MINI COOPER,6,E01031160,0,1
2024010535819,2024,010535819,1,9,0,18,19,3,7,0,0,1,5,4,0,0,4,1,6,6,2,44,7,1598,1,19,MINI COOPER,-1,-1,0,-1
2024547433924,2024,547433924,1,9,0,18,19,2,6,0,0,4,0,0,0,0,1,1,6,6,2,69,10,1598,1,19,MINI COOPER,8,E01015482,0,1
2024471431488,2024,471431488,1,9,0,-1,15,8,4,-1,0,1,0,0,0,0,0,1,-1,9,1,53,8,1499,1,9,MINI COOPER,6,E01031817,0,4
2024552400282,2024,552400282,3,9,0,3,3,8,4,0,0,0,0,0,0,0,2,1,2,2,2,25,5,1499,1,8,MINI COOPER,7,E01020436,0,1
2024010508429,2024,010508429,2,9,0,18,19,5,1,0,0,8,0,0,1,0,3,1,2,2,2,29,6,1499,1,6,MINI COOPER,10,E01000874,0,1
2024211408259,2024,211408259,1,9,0,-1,19,7,5,-1,0,0,0,0,0,0,1,9,-1,6,1,18,4,1598,1,12,MINI COOPER,6,E01029801,0,3
2024430279189,2024,430279189,1,9,0,18,19,5,1,0,0,0,0,0,0,0,1,1,6,6,1,59,9,1499,1,10,MINI COOPER,7,E01034034,0,3
2024522402899,2024,522402899,1,9,0,9,9,6,4,0,0,5,0,0,0,0,2,1,6,6,2,64,9,1499,1,4,MINI COOPER,7,E01014599,0,2
2024070678601,2024,070678601,2,9,0,2,2,0,0,0,0,0,0,0,0,0,2,1,6,6,2,26,6,1499,1,9,MINI COOPER,10,E01018362,0,1
2024430589955,2024,430589955,1,9,0,9,9,7,5,0,0,5,0,0,0,0,4,1,3,7,1,50,8,1499,1,5,MINI COOPER,5,E01016371,0,1
2024430283897,2024,430283897,1,9,0,18,19,2,6,0,0,0,0,0,0,0,1,1,6,6,2,30,6,1499,1,4,MINI COOPER,6,E01017878,0,1
2024531508179,2024,531508179,2,9,0,-1,19,5,1,-1,0,2,0,0,1,0,3,1,-1,9,2,45,7,-1,3,4,MINI COOPER,9,E01028650,0,4
2024221488980,2024,221488980,2,9,0,-1,19,3,8,-1,0,5,0,0,0,0,1,9,-1,2,2,51,8,1995,2,11,MINI COOPER,4,E01014003,0,3
2024501480949,2024,501480949,2,9,0,-1,19,5,1,-1,0,8,0,0,0,0,1,1,-1,6,1,25,5,1598,1,21,MINI COOPER,4,E01019922,0,1
2024131534698,2024,131534698,2,9,0,-1,19,5,3,-1,0,0,0,0,0,0,2,1,-1,6,2,27,6,1496,2,9,MINI COOPER,4,E01007360,0,1
2024547195824,2024,547195824,2,9,0,18,19,1,5,0,0,8,0,0,0,0,1,1,2,2,2,60,9,1499,1,1,MINI COOPER,10,E01031907,0,2
2024471447651,2024,471447651,2,9,0,-1,2,0,0,-1,0,0,0,0,0,0,3,1,-1,6,-1,-1,-1,1499,1,7,MINI COOPER,-1,-1,0,-1
2024351464825,2024,351464825,2,9,-1,-1,-1,-1,-1,-1,-1,0,-1,-1,-1,0,-1,9,-1,6,1,55,8,1598,1,11,MINI COOPER,8,E01018277,0,1
2024010498330,2024,010498330,2,9,0,99,99,9,9,99,99,5,9,99,9,99,9,9,6,6,3,-1,-1,1995,2,9,MINI COOPER,-1,-1,0,-1
2024461533094,2024,461533094,2,9,0,-1,2,0,0,-1,0,0,0,0,0,0,2,1,-1,9,2,52,8,1598,1,22,MINI COOPER,1,E01024649,0,1
2024010543321,2024,010543321,3,9,0,2,2,0,0,9,9,1,0,0,0,0,4,1,6,6,3,-1,-1,1499,1,6,MINI COOPER,-1,-1,0,-1
2024010515145,2024,010515145,2,9,0,18,19,5,1,0,0,8,0,0,0,0,1,1,6,6,3,-1,-1,1598,1,12,MINI COOPER,-1,-1,0,-1
2024440160829,2024,440160829,2,9,0,5,5,6,2,0,0,6,0,0,0,0,1,1,6,6,3,-1,-1,1995,2,9,MINI COOPER,-1,-1,0,-1
2024411536230,2024,411536230,2,9,-1,-1,-1,-1,-1,-1,-1,0,-1,-1,-1,0,-1,9,-1,6,1,62,9,1598,1,11,MINI COOPER,7,E01016493,0,4
2024361488408,2024,361488408,1,9,0,-1,9,7,5,-1,0,8,0,0,0,0,1,1,-1,1,1,30,6,1998,1,0,MINI COOPER,10,E01026305,0,4
2024451485576,2024,451485576,2,9,0,-1,9,5,1,-1,0,1,0,0,0,0,3,1,-1,9,2,35,6,1499,1,6,MINI COOPER,-1,-1,0,-1
2024141432494,2024,141432494,2,9,0,-1,19,6,2,-1,0,2,0,0,0,0,2,1,-1,2,2,28,6,1499,1,1,MINI COOPER,9,E01011177,0,4
2024010518958,2024,010518958,1,9,0,99,99,9,9,99,99,9,9,99,9,99,9,1,6,6,3,43,7,-1,3,1,MINI COOPER,9,E01000382,0,1
2024991504711,2024,991504711,2,9,0,-1,5,1,5,-1,0,8,0,0,0,0,3,1,-1,6,2,40,7,1598,1,16,MINI COOPER,10,-1,0,1
2024461492653,2024,461492653,1,9,0,-1,19,3,7,-1,0,2,0,10,1,2,1,1,-1,2,2,21,5,1598,1,16,MINI COOPER,6,E01024340,0,4
2024031442905,2024,031442905,1,9,0,-1,19,8,5,-1,0,0,2,0,0,0,4,1,-1,6,1,52,8,1598,1,18,MINI COOPER,8,E01019224,0,4
2024440488431,2024,440488431,1,9,0,10,10,8,4,0,0,1,0,0,0,0,3,1,6,6,2,58,9,1598,2,11,MINI COOPER,10,E01022729,0,1
2024430200820,2024,430200820,1,9,0,8,8,2,5,0,0,8,0,0,0,0,2,1,1,1,2,59,9,1598,1,11,MINI COOPER,10,E01034711,0,4
2024451478976,2024,451478976,2,9,0,-1,3,1,5,-1,0,0,0,0,0,0,2,9,-1,9,2,29,6,1499,1,0,MINI COOPER,8,E01030302,0,1
2024161450409,2024,161450409,2,9,0,-1,8,8,2,-1,0,0,0,0,0,0,2,1,-1,6,1,56,9,1598,1,15,MINI COOPER,2,E01013195,0,1
2024421485480,2024,421485480,1,9,0,-1,19,0,0,-1,0,0,0,0,0,0,1,1,-1,9,1,50,8,1499,1,7,MINI COOPER,10,E01002317,0,3
2024010517368,2024,010517368,2,9,0,5,5,0,7,0,0,6,0,0,0,0,1,1,3,7,2,36,7,1496,2,7,MINI COOPER,8,E01001580,0,1
2024332400847,2024,332400847,2,9,0,-1,19,2,6,-1,0,8,0,0,0,0,1,1,-1,6,2,20,4,1998,1,9,MINI COOPER,7,E01025985,0,1
2024991428565,2024,991428565,2,9,0,-1,19,8,4,-1,0,0,5,0,0,0,1,1,-1,9,2,31,6,1995,2,13,MINI COOPER,6,-1,0,2
2024211505393,2024,211505393,3,9,0,-1,19,5,1,-1,0,0,1,0,0,0,1,1,-1,9,1,28,6,1499,1,4,MINI COOPER,6,E01029753,0,3
2024501484496,2024,501484496,1,9,0,-1,5,5,5,-1,9,8,0,0,0,0,1,1,-1,2,2,30,6,1496,2,9,MINI COOPER,4,E01015147,0,1
2024041428457,2024,041428457,2,9,0,-1,19,6,1,-1,0,0,0,0,0,0,1,1,-1,9,1,33,6,1496,2,9,MINI COOPER,8,E01013428,0,5
2024010549667,2024,010549667,1,9,0,99,99,9,9,99,99,9,9,99,9,99,9,9,2,2,1,28,6,1998,1,1,MINI COOPER,3,E01033881,0,1