collision_index,collision_year,collision_ref_no,vehicle_reference,vehicle_type,towing_and_articulation,vehicle_manoeuvre_historic,vehicle_manoeuvre,vehicle_direction_from,vehicle_direction_to,vehicle_location_restricted_lane_historic,vehicle_location_restricted_lane,junction_location,skidding_and_overturning,hit_object_in_carriageway,vehicle_leaving_carriageway,hit_object_off_carriageway,first_point_of_impact,vehicle_left_hand_drive,journey_purpose_of_driver_historic,journey_purpose_of_driver,sex_of_driver,age_of_driver,age_band_of_driver,engine_capacity_cc,propulsion_code,age_of_vehicle,generic_make_model,driver_imd_decile,lsoa_of_driver,escooter_flag,driver_distance_banding
2024010534635,2024,010534635,1,9,0,14,14,7,3,0,0,0,0,0,0,0,4,1,6,6,2,55,8,1598,1,11,MINI COOPER,10,E01000423,0,1
2024010519861,2024,010519861,1,9,0,18,19,5,1,0,0,8,5,0,0,0,3,1,6,6,3,-1,-1,1496,2,8,MINI COOPER,-1,-1,0,-1
2024421470889,2024,421470889,1,9,0,-1,19,4,4,-1,0,0,0,0,0,0,1,1,-1,6,2,52,8,1499,1,7,MINI COOPER,5,E01015901,0,1
2024610008024,2024,610008024,1,9,0,5,5,5,1,0,0,4,0,4,0,0,1,1,6,6,2,51,8,1499,1,3,MINI COOPER,6,W01001382,0,1
2024520401116,2024,520401116,2,9,0,18,19,5,1,0,0,0,0,0,0,0,1,1,6,6,2,73,10,1998,1,2,MINI COOPER,4,E01029334,0,1
2024451404066,2024,451404066,1,9,0,-1,9,5,3,-1,0,5,0,0,0,0,3,1,-1,9,2,61,9,1499,1,7,MINI COOPER,10,E01030597,0,1
2024340WN5112,2024,340WN5112,4,9,0,-1,2,0,0,-1,0,0,0,0,0,0,3,1,-1,6,3,-1,-1,1496,2,9,MINI COOPER,-1,-1,0,-1
2024070396682,2024,070396682,2,9,0,18,19,3,7,0,0,0,0,0,0,0,3,1,6,6,2,60,9,1499,1,7,MINI COOPER,7,E01035372,0,2
2024141455455,2024,141455455,1,9,0,-1,19,6,2,-1,0,2,0,0,0,0,1,1,-1,6,2,20,4,1499,1,4,MINI COOPER,1,E01007721,0,1
2024411427439,2024,411427439,1,9,0,-1,4,4,8,-1,0,0,0,0,0,0,4,1,-1,6,1,-1,-1,-1,3,2,MINI COOPER,4,E01023925,0,1
2024631461845,2024,631461845,2,9,0,-1,4,8,4,-1,0,0,0,0,1,10,2,1,-1,9,2,20,4,1598,2,13,MINI COOPER,4,E01025393,0,5
2024440091798,2024,440091798,2,9,0,5,5,8,4,0,0,5,0,0,0,0,2,1,6,6,1,31,6,1499,1,5,MINI COOPER,-1,-1,0,-1
2024421528814,2024,421528814,1,9,0,-1,19,3,3,-1,-1,0,0,0,3,7,1,1,-1,9,1,21,5,1598,1,21,MINI COOPER,10,E01029513,0,5
2024340WN5842,2024,340WN5842,1,9,0,-1,19,1,5,-1,0,0,0,0,0,0,1,1,-1,6,2,-1,-1,1598,1,16,MINI COOPER,-1,-1,0,-1
2024991486590,2024,991486590,2,9,0,-1,19,3,7,-1,0,0,1,0,0,0,1,1,-1,6,2,29,6,1496,2,9,MINI COOPER,1,-1,0,1
2024549619924,2024,549619924,2,9,0,18,19,5,1,0,0,1,0,0,0,0,1,1,6,6,2,25,5,1496,2,9,MINI COOPER,8,E01015562,0,2
2024552400314,2024,552400314,2,9,0,9,9,8,6,0,0,5,0,0,0,0,3,1,6,6,2,36,7,1560,2,15,MINI COOPER,10,E01035753,0,5
2024371424641,2024,371424641,2,9,0,-1,3,-1,-1,-1,0,0,0,0,0,0,2,9,-1,2,2,45,7,1598,2,12,MINI COOPER,6,E01029983,0,1
2024201492067,2024,201492067,2,9,0,-1,7,6,1,-1,0,4,0,0,0,0,3,1,-1,6,2,69,10,1499,1,8,MINI COOPER,9,E01010390,0,1
2024201518242,2024,201518242,2,9,0,-1,3,4,8,-1,0,8,0,0,0,0,2,1,-1,6,2,55,8,1499,1,3,MINI COOPER,7,E01009652,0,1
2024302400727,2024,302400727,1,9,0,9,9,3,1,0,0,2,5,0,1,0,1,1,6,6,1,18,4,1998,1,8,MINI COOPER,3,E01019775,0,1
2024471490323,2024,471490323,1,9,0,-1,19,1,5,-1,0,4,5,9,1,1,1,1,-1,9,1,29,6,1598,1,18,MINI COOPER,10,E01031650,0,1
2024471417273,2024,471417273,1,9,0,-1,9,3,1,-1,0,8,0,0,0,0,4,1,-1,6,2,46,8,1499,1,10,MINI COOPER,10,E01016940,0,1
2024522401385,2024,522401385,1,9,0,13,13,4,8,0,0,0,0,0,0,0,1,1,6,6,1,46,8,1598,1,18,MINI COOPER,5,E01014753,0,1
2024440467758,2024,440467758,2,9,0,18,19,2,6,0,0,0,0,0,0,0,1,1,6,6,2,42,7,1598,1,14,MINI COOPER,10,E01022573,0,3
2024010548503,2024,010548503,1,9,0,99,99,9,9,99,99,0,9,99,9,99,9,9,2,2,1,28,6,1598,1,15,MINI COOPER,6,E01004608,0,1
2024471481569,2024,471481569,2,9,0,-1,5,5,1,-1,0,4,1,0,7,0,3,1,-1,2,2,51,8,1499,1,7,MINI COOPER,7,E01030530,0,3
2024010528571,2024,010528571,1,9,0,18,19,1,5,0,0,1,0,0,0,0,1,1,6,6,2,27,6,1499,1,6,MINI COOPER,8,E01000253,0,1
2024461402845,2024,461402845,2,9,0,-1,19,7,3,-1,0,1,0,0,0,0,2,9,-1,6,1,35,6,1598,1,15,MINI COOPER,8,E01024015,0,2
2024411463776,2024,411463776,3,9,0,-1,19,5,1,-1,0,8,0,0,1,0,3,1,-1,2,2,63,9,1496,2,10,MINI COOPER,5,E01021868,0,3
2024421461043,2024,421461043,1,9,0,-1,19,7,3,-1,0,0,2,0,7,0,3,1,-1,6,1,21,5,1598,1,19,MINI COOPER,6,E01021733,0,1
2024471528216,2024,471528216,2,9,0,-1,2,0,0,-1,0,0,0,0,0,0,3,1,-1,6,-1,-1,-1,1598,1,17,MINI COOPER,-1,-1,0,-1
2024501535215,2024,501535215,2,9,0,-1,9,7,5,-1,9,0,0,0,0,0,1,1,-1,9,2,19,4,1499,1,8,MINI COOPER,9,E01017825,0,5
2024501493865,2024,501493865,1,9,0,-1,19,3,7,-1,0,0,0,0,0,0,1,1,-1,6,2,80,11,1496,2,8,MINI COOPER,7,E01020251,0,4
2024430169516,2024,430169516,2,9,0,18,19,4,8,2,2,1,0,0,0,0,3,1,6,6,1,25,5,1499,1,8,MINI COOPER,-1,-1,0,-1
2024141403592,2024,141403592,2,9,0,-1,19,5,1,-1,0,0,0,0,0,0,1,1,-1,2,1,32,6,1496,2,9,MINI COOPER,1,E01007768,0,1
2024101487869,2024,101487869,1,9,0,-1,19,3,7,-1,0,0,0,0,0,0,1,1,-1,6,2,59,9,1499,1,5,MINI COOPER,5,E01035626,0,1
2024471501448,2024,471501448,1,9,0,-1,3,-1,-1,-1,0,0,0,0,0,0,2,1,-1,7,2,43,7,1499,1,6,MINI COOPER,4,E01031572,0,1
2024320726008,2024,320726008,1,9,0,14,14,6,2,0,0,0,0,0,0,0,1,1,-1,-1,2,17,4,1496,2,8,MINI COOPER,1,E01026069,0,1
2024461442645,2024,461442645,3,9,0,-1,3,3,7,-1,0,0,0,0,0,0,1,1,-1,9,2,23,5,1598,1,13,MINI COOPER,2,E01024257,0,1
2024131470878,2024,131470878,2,9,0,-1,19,1,1,-1,0,8,0,0,0,0,2,1,-1,9,2,21,5,1499,1,8,MINI COOPER,8,E01011710,0,3
2024451493002,2024,451493002,1,9,0,-1,19,6,2,-1,0,1,1,0,1,0,1,1,-1,6,2,57,9,1598,1,10,MINI COOPER,10,E01030447,0,1
2024061470042,2024,061470042,2,9,0,-1,3,7,3,-1,0,2,0,0,0,0,3,1,-1,9,2,62,9,1998,1,4,MINI COOPER,9,E01004884,0,1
2024440210155,2024,440210155,1,9,0,16,19,1,5,0,0,0,0,0,0,0,1,1,6,6,1,19,4,1598,1,21,MINI COOPER,9,E01023281,0,1
2024061411682,2024,061411682,2,9,0,-1,9,2,8,-1,0,8,0,0,0,0,1,1,-1,6,1,52,8,1560,2,15,MINI COOPER,4,E01004782,0,1
2024471426012,2024,471426012,1,9,0,-1,19,2,6,-1,0,2,0,0,0,0,2,1,-1,9,1,18,4,1598,1,19,MINI COOPER,6,E01031406,0,1
2024221460875,2024,221460875,1,9,0,-1,9,7,4,-1,0,6,0,0,0,0,1,9,-1,6,2,72,10,1499,1,10,MINI COOPER,6,E01032480,0,1
2024010535785,2024,010535785,1,9,0,18,19,1,5,0,0,2,0,0,0,0,2,1,6,6,2,43,7,1598,1,17,MINI COOPER,7,E01023886,0,2
2024522402017,2024,522402017,1,9,0,17,19,8,6,0,0,8,0,0,0,0,3,1,6,6,2,24,5,1998,1,6,MINI COOPER,-1,-1,0,-1
2024010508823,2024,010508823,1,9,0,99,99,9,9,99,99,9,9,99,9,99,4,9,6,6,2,40,7,1499,1,5,MINI COOPER,5,E01000586,0,1
2024451502916,2024,451502916,2,9,0,-1,19,1,3,-1,0,0,0,0,0,0,2,9,-1,6,1,39,7,1598,1,17,MINI COOPER,7,E01002617,0,2
2024371466057,2024,371466057,2,9,0,-1,9,1,1,-1,0,6,0,0,0,0,1,1,-1,6,2,45,7,1499,1,4,MINI COOPER,7,E01029942,0,1
2024010508402,2024,010508402,2,9,0,4,4,1,5,0,0,1,0,0,0,0,2,1,6,6,2,53,8,1499,1,4,MINI COOPER,9,E01000178,0,1
2024991494080,2024,991494080,1,9,0,-1,19,3,7,-1,0,1,0,0,0,0,1,1,-1,1,2,50,8,1598,1,18,MINI COOPER,-1,-1,0,-1
2024320660430,2024,320660430,1,9,0,-1,-1,8,4,0,0,0,0,0,7,0,1,1,6,6,2,72,10,1499,1,1,MINI COOPER,9,E01026118,0,3
2024991399472,2024,991399472,1,9,0,-1,20,8,2,-1,0,0,0,0,0,0,4,1,-1,9,1,61,9,1998,1,2,MINI COOPER,10,-1,0,1
2024991431958,2024,991431958,1,9,0,-1,19,7,4,-1,0,0,0,0,0,0,1,1,-1,2,1,30,6,1598,1,18,MINI COOPER,3,-1,0,1
2024061506793,2024,061506793,2,9,0,-1,19,5,1,-1,0,0,0,0,0,0,4,1,-1,6,2,25,5,1499,1,5,MINI COOPER,5,E01033987,0,1
2024010500971,2024,010500971,2,9,0,18,19,2,6,0,0,1,0,0,0,0,9,1,6,6,1,30,6,1598,1,18,MINI COOPER,4,E01001972,0,3
2024302400663,2024,302400663,1,9,0,18,19,1,5,0,0,8,0,0,0,0,1,2,6,6,2,53,8,1499,1,8,MINI COOPER,-1,-1,0,-1
2024631508252,2024,631508252,1,9,0,-1,19,4,8,-1,0,0,1,0,1,4,1,1,-1,9,1,47,8,1560,2,16,MINI COOPER,8,E01028937,0,3
2024411417166,2024,411417166,2,9,0,-1,4,5,1,-1,0,0,0,0,0,0,1,1,-1,6,2,23,5,1499,1,1,MINI COOPER,10,E01023524,0,3
2024122400727,2024,122400727,4,9,0,18,19,7,3,0,0,0,0,0,0,0,1,1,6,6,2,32,6,1998,1,5,MINI COOPER,9,E01013362,0,4
2024201497077,2024,201497077,2,9,0,-1,2,0,0,-1,0,0,0,0,0,0,1,1,-1,6,1,23,5,1998,1,7,MINI COOPER,4,E01034744,0,3
2024221471862,2024,221471862,1,9,0,-1,19,1,4,-1,0,0,5,6,0,0,4,1,-1,6,2,38,7,1598,1,20,MINI COOPER,-1,-1,0,-1
2024991526792,2024,991526792,1,9,0,-1,19,6,2,-1,0,0,0,0,0,0,3,1,-1,9,2,78,11,1598,1,12,MINI COOPER,10,-1,0,1
2024351530705,2024,351530705,1,9,0,-1,19,1,5,-1,0,0,0,0,1,0,1,1,-1,6,2,36,7,1496,2,8,MINI COOPER,2,E01035539,0,1
2024320274882,2024,320274882,1,9,0,-1,-1,5,1,0,0,1,0,0,1,10,1,1,6,6,1,19,4,1598,1,18,MINI COOPER,2,E01026312,0,1
2024411537271,2024,411537271,2,9,0,-1,4,3,7,-1,0,8,0,0,0,0,2,1,-1,6,1,25,5,1598,1,15,MINI COOPER,6,E01023927,0,3
2024041512485,2024,041512485,2,9,0,-1,2,0,0,-1,9,0,0,0,0,0,2,1,-1,6,-1,-1,-1,1499,1,5,MINI COOPER,-1,-1,0,-1
2024471477763,2024,471477763,2,9,0,-1,19,1,5,-1,0,0,0,0,0,0,4,1,-1,6,2,39,7,1598,1,20,MINI COOPER,4,E01031652,0,3
2024361514641,2024,361514641,1,9,0,-1,8,6,2,-1,0,1,0,0,0,0,1,1,-1,6,2,65,9,1598,1,12,MINI COOPER,4,E01018095,0,4
2024361444645,2024,361444645,1,9,0,-1,9,1,8,-1,0,6,0,0,0,0,3,1,-1,9,2,28,6,1598,1,15,MINI COOPER,2,E01026600,0,3
2024070403247,2024,070403247,1,9,0,12,12,3,7,0,0,8,0,0,0,0,1,1,6,6,2,56,9,1600,1,12,MINI COOPER,5,E01028866,0,4
2024311535640,2024,311535640,2,9,0,-1,19,1,5,-1,0,4,0,0,0,0,1,1,-1,9,2,20,4,1598,1,18,MINI COOPER,4,E01028252,0,2
2024461426803,2024,461426803,1,9,0,-1,19,5,1,-1,0,0,1,0,0,0,1,1,-1,6,2,29,6,1499,1,4,MINI COOPER,-1,-1,0,-1
2024161450945,2024,161450945,1,9,0,-1,10,2,8,-1,0,1,0,0,0,0,1,1,-1,9,2,66,10,1598,2,13,MINI COOPER,10,E01013059,0,1
2024471454183,2024,471454183,2,9,0,-1,19,-1,-1,-1,0,4,0,0,0,0,1,1,-1,6,2,34,6,1496,2,7,MINI COOPER,8,E01031814,0,3
2024451483593,2024,451483593,3,9,0,-1,5,7,3,-1,0,6,0,0,0,0,2,1,-1,9,2,22,5,1598,1,20,MINI COOPER,9,E01030880,0,2
2024010498459,2024,010498459,1,9,0,18,19,5,1,0,0,0,0,0,0,0,1,1,3,7,2,39,7,1598,1,19,MINI COOPER,10,E01002934,0,1
2024111440601,2024,111440601,1,9,0,-1,9,2,6,-1,0,2,0,0,0,0,1,1,-1,2,2,41,7,1598,1,13,MINI COOPER,5,E01012205,0,2
2024010547088,2024,010547088,1,9,0,99,99,9,9,99,99,0,9,99,9,99,9,9,6,6,1,38,7,1598,1,17,MINI COOPER,4,E01000029,0,2
2024131489680,2024,131489680,2,9,0,-1,19,3,7,-1,0,8,0,0,0,0,3,1,-1,6,2,43,7,1499,1,0,MINI COOPER,7,E01011460,0,1
2024991469358,2024,991469358,3,9,0,-1,8,3,5,-1,0,1,0,0,0,0,1,1,-1,6,2,48,8,-1,3,2,MINI COOPER,9,-1,0,3
2024522402140,2024,522402140,2,9,0,18,19,8,5,0,0,4,0,0,0,0,3,1,6,6,3,-1,-1,-1,3,1,MINI COOPER,-1,-1,0,-1
2024031480795,2024,031480795,2,9,0,-1,4,5,5,-1,0,0,0,0,0,0,1,1,-1,6,2,20,4,1499,1,1,MINI COOPER,-1,-1,0,-1
2024201437843,2024,201437843,1,9,0,-1,19,2,6,-1,0,0,0,0,0,0,1,9,-1,1,1,50,8,1499,1,7,MINI COOPER,6,E01027047,0,4
2024421405404,2024,421405404,1,9,0,-1,19,3,7,-1,0,0,0,0,0,0,1,1,-1,6,2,82,11,1499,1,5,MINI COOPER,9,E01022082,0,1
2024161442320,2024,161442320,1,9,0,-1,4,6,2,-1,0,0,0,0,0,0,2,1,-1,2,2,66,10,1499,1,5,MINI COOPER,6,E01013034,0,3
2024440019717,2024,440019717,1,9,0,18,19,4,8,0,0,4,0,0,0,0,3,1,6,6,2,55,8,1499,1,1,MINI COOPER,5,E01017113,0,2
2024221401926,2024,221401926,1,9,0,-1,19,5,1,-1,0,0,0,0,1,4,1,9,-1,2,2,46,8,-1,3,1,MINI COOPER,3,W01000405,0,3
2024501411216,2024,501411216,1,9,0,-1,19,5,1,-1,0,0,1,6,0,0,4,1,-1,2,1,30,6,1499,1,6,MINI COOPER,5,E01019994,0,2
2024501432705,2024,501432705,1,9,0,-1,19,5,1,-1,0,0,0,0,0,0,1,1,-1,9,2,66,10,1499,1,7,MINI COOPER,6,E01020172,0,2
2024440011965,2024,440011965,2,9,0,18,19,7,3,0,0,8,5,0,1,10,4,1,6,6,2,18,4,1560,2,16,MINI COOPER,9,E01022582,0,2
2024131524364,2024,131524364,1,9,0,-1,19,3,3,-1,1,2,0,0,3,0,1,1,-1,7,1,59,9,1598,1,19,MINI COOPER,1,E01011080,0,1
2024531410757,2024,531410757,1,9,0,-1,19,7,3,-1,0,8,0,0,0,0,1,1,-1,6,1,25,5,1598,1,19,MINI COOPER,5,E01022344,0,1
2024010522883,2024,010522883,2,9,0,99,99,9,9,99,99,9,9,99,9,99,9,9,6,6,3,-1,-1,1499,1,8,MINI COOPER,10,E01002934,0,2
2024041531944,2024,041531944,1,9,0,-1,7,5,7,-1,0,2,0,0,1,0,1,1,-1,2,2,56,9,1499,1,7,MINI COOPER,7,E01012602,0,3
2024010530503,2024,010530503,2,9,9,3,3,3,7,0,0,1,9,99,9,99,9,9,6,6,1,68,10,1499,1,6,MINI COOPER,3,E01016975,0,4
2024211461959,2024,211461959,2,9,0,-1,19,3,7,-1,0,0,0,0,0,0,2,1,-1,9,2,56,9,1998,1,7,MINI COOPER,8,E01029370,0,3
2024111455323,2024,111455323,2,9,0,-1,3,8,4,-1,0,1,0,0,0,0,2,1,-1,6,2,24,5,1995,2,11,MINI COOPER,9,E01020666,0,3
2024122400199,2024,122400199,1,9,0,17,19,7,3,0,0,0,1,0,1,0,1,1,6,6,1,43,7,1598,1,19,MINI COOPER,8,E01027753,0,2
2024361503784,2024,361503784,2,9,0,-1,19,1,8,-1,0,0,0,0,0,0,1,1,-1,9,2,59,9,1499,1,4,MINI COOPER,2,E01018068,0,1
2024451463053,2024,451463053,2,9,0,-1,19,3,7,-1,0,0,0,0,0,0,3,1,-1,2,1,45,7,-1,3,1,MINI COOPER,7,E01033571,0,3
2024131462376,2024,131462376,3,9,0,-1,19,1,5,-1,0,0,0,0,0,0,3,1,-1,9,2,22,5,1499,1,3,MINI COOPER,6,E01010765,0,3
2024371414695,2024,371414695,1,9,0,-1,19,8,4,-1,0,0,0,0,0,0,3,1,-1,2,2,50,8,1499,1,1,MINI COOPER,10,E01033319,0,2
2024131399222,2024,131399222,2,9,0,-1,19,3,7,-1,0,8,0,0,0,0,1,1,-1,6,-1,-1,-1,1598,1,20,MINI COOPER,-1,-1,0,-1
2024131419130,2024,131419130,2,9,0,-1,-1,-1,-1,-1,0,0,-1,11,0,0,2,1,-1,9,2,35,6,1598,1,20,MINI COOPER,6,E01010957,0,1
2024411538184,2024,411538184,2,9,0,-1,2,0,0,-1,0,0,0,0,0,0,2,1,-1,6,-1,-1,-1,1598,1,21,MINI COOPER,-1,-1,0,-1
2024411412278,2024,411412278,1,9,0,-1,19,8,4,-1,0,0,0,0,0,0,2,1,-1,6,2,31,6,1598,1,19,MINI COOPER,8,E01002474,0,2
2024052402868,2024,052402868,1,9,0,18,19,5,1,0,0,0,0,0,0,0,3,1,6,6,1,78,11,1499,1,7,MINI COOPER,2,E01006464,0,1
2024010504503,2024,010504503,3,9,0,18,19,3,7,0,0,7,5,4,0,0,4,1,6,6,2,34,6,1598,1,17,MINI COOPER,9,E01004546,0,1
2024311444313,2024,311444313,1,9,0,-1,19,4,8,-1,0,0,0,7,0,0,3,2,-1,2,1,30,6,1499,1,2,MINI COOPER,-1,-1,0,-1
2024461497500,2024,461497500,1,9,0,-1,5,1,5,-1,0,6,0,4,0,0,1,1,-1,9,2,39,7,1598,1,15,MINI COOPER,6,E01024425,0,1
2024010547290,2024,010547290,2,9,0,99,99,9,9,99,99,9,9,99,9,99,9,9,6,6,3,46,8,1998,1,6,MINI COOPER,6,E01002849,0,1
2024340WN6932,2024,340WN6932,1,9,0,-1,19,7,3,-1,0,0,0,0,0,0,1,1,-1,6,2,44,7,1598,1,16,MINI COOPER,9,E01027263,0,1
2024552400720,2024,552400720,1,9,0,18,19,4,8,0,0,1,0,0,0,0,1,1,6,6,1,64,9,1598,1,11,MINI COOPER,3,E01015308,0,1
2024991415640,2024,991415640,1,9,0,-1,9,8,4,-1,9,2,1,0,1,6,1,2,-1,9,1,41,7,1598,1,19,MINI COOPER,-1,-1,0,-1
2024111502841,2024,111502841,2,9,0,-1,5,1,3,-1,9,0,0,0,0,0,1,2,-1,2,2,48,8,1600,1,13,MINI COOPER,10,E01012337,0,1
2024041402935,2024,041402935,2,9,0,-1,9,5,1,-1,0,2,0,0,0,0,2,9,-1,6,2,53,8,1499,1,6,MINI COOPER,9,E01025090,0,1
2024622400162,2024,622400162,2,9,0,2,2,0,0,0,0,1,0,4,0,0,1,1,6,6,3,-1,-1,1499,1,6,MINI COOPER,-1,-1,0,-1
2024991414395,2024,991414395,1,9,0,-1,3,8,4,-1,0,1,0,0,0,0,1,1,-1,9,2,19,4,1598,1,15,MINI COOPER,9,-1,0,1
2024471424637,2024,471424637,1,9,0,-1,19,1,5,-1,0,0,0,0,0,0,4,1,-1,9,2,30,6,1998,1,1,MINI COOPER,5,E01031479,0,3
2024552400946,2024,552400946,2,9,0,9,9,4,2,0,0,5,0,0,0,0,3,1,6,6,2,77,11,1499,1,8,MINI COOPER,7,E01015418,0,1
2024332400373,2024,332400373,2,9,0,-1,19,2,6,-1,0,1,0,0,0,0,1,1,-1,6,1,-1,-1,1998,1,7,MINI COOPER,-1,-1,0,-1
2024991434990,2024,991434990,1,9,0,-1,19,2,5,-1,0,0,1,0,0,0,1,2,-1,9,1,19,4,1995,2,11,MINI COOPER,6,-1,0,1
2024010538824,2024,010538824,1,9,0,-1,-1,7,3,0,0,1,0,4,0,0,4,1,6,6,1,40,7,1598,1,22,MINI COOPER,-1,-1,0,-1
2024101458286,2024,101458286,1,9,0,-1,1,-1,-1,-1,0,6,1,0,1,0,-1,1,-1,9,2,67,10,1598,1,17,MINI COOPER,9,E01020702,0,3
2024010494514,2024,010494514,1,9,0,16,19,1,5,0,0,1,1,0,0,0,2,1,6,6,1,17,4,1499,1,7,MINI COOPER,3,E01003599,0,1
2024010511337,2024,010511337,2,9,0,99,99,9,9,99,99,9,9,99,9,99,9,9,6,6,3,-1,-1,1998,1,8,MINI COOPER,-1,-1,0,-1
2024461420038,2024,461420038,2,9,0,-1,19,8,8,-1,0,0,0,0,0,0,2,9,-1,6,1,25,5,1560,2,15,MINI COOPER,4,E01001465,0,4
2024131410351,2024,131410351,1,9,0,-1,1,5,5,-1,9,1,0,0,0,0,2,1,-1,9,1,53,8,1998,1,2,MINI COOPER,10,E01011452,0,1
2024411425030,2024,411425030,2,9,-1,-1,3,-1,-1,-1,0,0,0,0,0,0,2,9,-1,6,1,23,5,1496,2,8,MINI COOPER,6,E01023593,0,1
2024221502552,2024,221502552,2,9,0,-1,4,2,7,-1,0,0,0,0,0,0,2,1,-1,6,1,36,7,1499,1,10,MINI COOPER,9,E01014094,0,2
2024041436749,2024,041436749,2,9,0,-1,3,6,4,-1,0,0,0,0,0,0,3,1,-1,1,2,44,7,1499,1,1,MINI COOPER,3,E01024952,0,2
2024010508713,2024,010508713,1,9,0,18,19,5,1,0,0,0,0,0,0,0,1,1,6,6,1,25,5,-1,3,1,MINI COOPER,8,E01000258,0,1
2024010512563,2024,010512563,2,9,0,99,99,9,9,99,99,9,9,99,9,99,1,9,6,6,3,-1,-1,1499,1,7,MINI COOPER,-1,-1,0,-1
2024070798423,2024,070798423,1,9,0,-1,19,1,5,-1,0,0,0,0,0,0,1,1,-1,6,1,19,4,1499,1,9,MINI COOPER,10,E01018666,0,1
2024461493703,2024,461493703,1,9,0,-1,9,1,5,-1,-1,0,1,0,1,0,1,1,-1,9,1,48,8,1998,1,8,MINI COOPER,8,E01024451,0,1
2024231463853,2024,231463853,2,9,0,-1,19,4,1,-1,0,0,0,0,0,0,1,1,-1,9,2,17,4,1598,1,17,MINI COOPER,4,E01031045,0,1
2024520403142,2024,520403142,1,9,0,18,19,3,7,0,0,0,1,0,1,9,2,1,6,6,2,39,7,1499,1,10,MINI COOPER,4,E01029050,0,2
2024231498259,2024,231498259,1,9,0,-1,4,2,4,-1,0,1,0,0,0,0,1,1,-1,2,2,32,6,1598,1,11,MINI COOPER,8,E01031301,0,3
2024161438603,2024,161438603,2,9,0,-1,9,1,7,-1,0,0,0,0,0,0,3,9,-1,6,2,57,9,1499,1,4,MINI COOPER,4,E01012758,0,1
2024041459715,2024,041459715,2,9,0,-1,19,7,3,-1,0,1,0,0,0,0,1,1,-1,1,2,47,8,1496,2,9,MINI COOPER,5,E01025231,0,2
2024111437054,2024,111437054,2,9,0,-1,4,5,1,-1,0,0,0,0,0,0,2,1,-1,2,2,26,6,1499,1,1,MINI COOPER,2,E01020768,0,2
2024340WN6082,2024,340WN6082,1,9,0,-1,19,5,1,-1,0,1,5,0,0,0,1,1,-1,6,1,56,9,1598,1,12,MINI COOPER,6,E01027051,0,4
2024451458891,2024,451458891,2,9,0,-1,19,4,8,-1,0,8,0,0,0,0,1,1,-1,9,2,25,5,1499,1,6,MINI COOPER,9,E01030933,0,3
2024411493415,2024,411493415,1,9,0,-1,9,7,5,-1,0,8,0,0,0,0,4,1,-1,7,2,39,7,1499,1,2,MINI COOPER,10,E01023813,0,1
2024411440578,2024,411440578,1,9,0,-1,19,5,1,-1,0,0,2,11,1,11,4,1,-1,6,1,20,4,1598,2,11,MINI COOPER,8,E01021793,0,2
2024411432313,2024,411432313,1,9,0,-1,19,7,3,-1,0,1,5,0,1,4,1,1,-1,6,1,40,7,1998,1,1,MINI COOPER,9,E01023950,0,1
2024010503458,2024,010503458,1,9,0,99,99,9,9,99,99,0,9,99,9,99,2,9,2,2,1,39,7,1598,1,19,MINI COOPER,4,E01033738,0,4
2024010512226,2024,010512226,1,9,0,17,19,5,1,0,0,0,0,0,0,0,4,1,6,6,2,46,8,1598,1,14,MINI COOPER,7,E01030563,0,1
2024548705324,2024,548705324,1,9,0,18,19,8,4,0,0,0,0,0,0,0,3,1,6,6,2,24,5,1598,1,18,MINI COOPER,9,E01032695,0,1
2024311417674,2024,311417674,2,9,0,-1,4,8,4,-1,0,0,0,0,0,0,2,1,-1,6,2,43,7,1499,1,4,MINI COOPER,6,E01010200,0,4
2024631430641,2024,631430641,1,9,0,-1,12,2,6,-1,0,0,1,0,1,10,1,1,-1,2,1,40,7,1598,1,21,MINI COOPER,5,W01000541,0,2
2024421430092,2024,421430092,1,9,0,-1,19,3,7,-1,0,0,0,4,0,0,4,1,-1,9,2,73,10,1598,1,16,MINI COOPER,9,E01021346,0,3
2024371482595,2024,371482595,3,9,-1,-1,3,-1,-1,-1,0,0,0,0,0,0,3,9,-1,9,2,31,6,1598,1,18,MINI COOPER,7,E01026508,0,4
2024101499069,2024,101499069,1,9,0,-1,19,1,5,-1,0,1,0,0,0,0,1,1,-1,6,2,63,9,1499,1,8,MINI COOPER,1,E01008575,0,1
2024471422982,2024,471422982,1,9,0,-1,19,7,3,-1,0,3,0,0,0,0,4,1,-1,9,1,43,7,1499,1,8,MINI COOPER,7,E01034829,0,1