collision_index,collision_year,collision_ref_no,vehicle_reference,vehicle_type,towing_and_articulation,vehicle_manoeuvre_historic,vehicle_manoeuvre,vehicle_direction_from,vehicle_direction_to,vehicle_location_restricted_lane_historic,vehicle_location_restricted_lane,junction_location,skidding_and_overturning,hit_object_in_carriageway,vehicle_leaving_carriageway,hit_object_off_carriageway,first_point_of_impact,vehicle_left_hand_drive,journey_purpose_of_driver_historic,journey_purpose_of_driver,sex_of_driver,age_of_driver,age_band_of_driver,engine_capacity_cc,propulsion_code,age_of_vehicle,generic_make_model,driver_imd_decile,lsoa_of_driver,escooter_flag,driver_distance_banding
2024141421001,2024,141421001,2,9,0,-1,11,5,1,-1,0,0,0,0,0,0,2,1,-1,1,2,52,8,1499,1,0,MINI COOPER,8,E01007599,0,2
2024421486238,2024,421486238,2,9,0,-1,19,6,2,-1,0,0,0,0,0,0,3,1,-1,2,2,48,8,-1,3,1,MINI COOPER,9,E01023493,0,2
2024201465620,2024,201465620,2,9,0,-1,4,3,7,-1,0,8,0,0,0,0,2,1,-1,1,2,40,7,1998,1,1,MINI COOPER,9,E01032886,0,3
2024010517529,2024,010517529,2,9,0,2,2,0,0,0,0,0,1,0,0,0,2,1,6,6,3,-1,-1,1496,2,9,MINI COOPER,-1,-1,0,-1
2024010528321,2024,010528321,2,9,9,99,99,9,9,99,99,6,9,99,9,99,9,9,6,6,3,-1,-1,1499,1,1,MINI COOPER,-1,-1,0,-1
2024010506888,2024,010506888,2,9,9,99,99,9,9,99,99,0,9,99,9,99,9,9,6,6,3,-1,-1,1499,1,2,MINI COOPER,-1,-1,0,-1
2024010525215,2024,010525215,2,9,0,11,11,9,9,99,99,5,9,99,9,99,9,9,6,6,3,-1,-1,1598,1,18,MINI COOPER,-1,-1,0,-1
202460Q122137,2024,60Q122137,2,9,0,5,5,3,7,0,0,1,0,0,5,0,2,1,6,6,1,45,7,-1,3,2,MINI COOPER,-1,-1,0,-1
2024320732638,2024,320732638,2,9,0,4,4,6,2,0,0,0,0,0,0,0,2,1,6,6,2,22,5,1499,1,5,MINI COOPER,8,E01028327,0,4
2024361539023,2024,361539023,1,9,0,-1,19,5,1,-1,0,0,0,0,0,0,1,1,-1,9,1,53,8,1998,1,3,MINI COOPER,9,E01026691,0,1
2024320199653,2024,320199653,1,9,0,-1,-1,4,8,0,0,0,1,0,1,11,1,1,6,6,1,24,5,1499,1,1,MINI COOPER,3,E01026012,0,1
2024361459958,2024,361459958,1,9,0,-1,19,7,3,-1,0,0,0,0,0,0,1,1,-1,9,2,56,9,1496,2,9,MINI COOPER,9,E01034765,0,1
2024161403557,2024,161403557,1,9,0,-1,19,3,7,-1,0,1,0,0,0,0,3,2,-1,6,-1,-1,-1,1598,1,20,MINI COOPER,-1,-1,0,-1
2024010500876,2024,010500876,2,9,0,18,19,1,5,0,0,1,0,0,0,0,2,1,6,6,1,37,7,1499,1,8,MINI COOPER,9,E01022063,0,4
2024070173847,2024,070173847,2,9,0,17,19,5,1,0,0,8,0,0,0,0,1,1,6,6,2,24,5,1560,2,17,MINI COOPER,4,E01011075,0,4
2024421463928,2024,421463928,2,9,0,-1,19,4,8,-1,0,3,0,0,0,0,3,1,-1,9,2,54,8,1598,1,14,MINI COOPER,7,E01003762,0,4
2024471410732,2024,471410732,1,9,0,-1,1,-1,-1,-1,-1,0,0,0,0,0,2,1,-1,6,2,46,8,1598,1,19,MINI COOPER,7,E01031564,0,1
2024201476995,2024,201476995,1,9,0,-1,19,7,3,-1,0,8,1,0,0,0,1,9,-1,6,3,-1,-1,1598,1,16,MINI COOPER,-1,-1,0,-1
2024451489165,2024,451489165,2,9,0,-1,19,5,2,-1,0,8,0,0,0,0,3,1,-1,2,2,62,9,1499,1,3,MINI COOPER,10,E01030480,0,1
2024052402826,2024,052402826,2,9,0,4,4,7,3,0,0,0,0,0,0,0,3,1,2,2,1,28,6,1499,1,5,MINI COOPER,7,E01007203,0,1
2024401477170,2024,401477170,2,9,0,-1,3,7,3,-1,0,1,0,0,0,0,3,1,-1,2,1,39,7,1598,1,15,MINI COOPER,9,E01017375,0,2
2024440009050,2024,440009050,1,9,0,5,5,1,5,0,0,4,0,0,0,0,3,1,6,6,1,45,7,-1,3,1,MINI COOPER,7,E01023150,0,1
2024041503259,2024,041503259,1,9,0,-1,19,1,3,-1,0,0,0,0,0,0,1,1,-1,6,1,27,6,1598,1,17,MINI COOPER,3,E01024879,0,3
2024221425428,2024,221425428,3,9,0,-1,19,1,5,-1,0,8,0,0,0,0,1,1,-1,6,2,19,4,1598,1,23,MINI COOPER,5,E01028888,0,3
2024421435076,2024,421435076,2,9,0,-1,8,3,5,-1,0,0,0,0,0,0,2,1,-1,6,2,56,9,1998,1,8,MINI COOPER,10,E01021379,0,3
2024411438601,2024,411438601,1,9,0,-1,19,6,2,-1,0,0,0,0,0,0,1,1,-1,9,2,66,10,-1,3,1,MINI COOPER,10,E01023355,0,1
2024010518101,2024,010518101,1,9,0,18,19,5,1,0,0,0,0,0,0,0,1,1,6,6,1,67,10,1998,1,3,MINI COOPER,10,E01030345,0,2
202417M314424,2024,17M314424,2,9,0,-1,19,8,4,-1,0,1,0,0,0,0,1,1,-1,6,1,-1,-1,1499,1,10,MINI COOPER,-1,-1,0,-1
2024061534615,2024,061534615,1,9,0,-1,19,6,4,-1,0,0,0,0,0,0,1,1,-1,6,1,32,6,1560,2,15,MINI COOPER,5,E01005455,0,1
2024440429568,2024,440429568,2,9,0,9,9,7,3,0,0,1,0,0,0,0,3,1,6,6,2,45,7,1499,1,9,MINI COOPER,3,E01017104,0,1
2024010512111,2024,010512111,3,9,0,2,2,0,0,0,0,2,0,0,0,0,4,1,6,6,3,-1,-1,1598,1,15,MINI COOPER,-1,-1,0,-1
2024101464346,2024,101464346,3,9,0,-1,3,3,7,-1,0,0,0,0,0,0,4,1,-1,2,2,59,9,1499,1,2,MINI COOPER,8,E01027499,0,2
2024991452121,2024,991452121,2,9,0,-1,19,2,6,-1,0,0,0,0,0,0,3,1,-1,2,2,19,4,1598,1,16,MINI COOPER,6,-1,0,2
2024440274113,2024,440274113,3,9,0,18,19,3,7,0,0,8,0,0,0,0,1,1,2,2,2,30,6,1496,2,8,MINI COOPER,10,E01023231,0,2
2024401396385,2024,401396385,2,9,0,-1,19,6,2,-1,0,0,0,0,0,0,1,1,-1,9,2,55,8,1499,1,5,MINI COOPER,7,E01017578,0,1
2024010531363,2024,010531363,1,9,9,99,99,9,9,99,99,9,9,99,9,99,2,9,6,6,3,-1,-1,-1,3,3,MINI COOPER,4,E01003020,0,1
2024131497874,2024,131497874,1,9,0,-1,8,1,3,-1,0,8,0,0,0,0,3,1,-1,2,2,58,9,1499,1,2,MINI COOPER,6,E01011651,0,1
2024461517178,2024,461517178,1,9,0,-1,19,5,1,-1,0,0,0,0,0,0,1,1,-1,9,2,33,6,1496,2,6,MINI COOPER,2,E01024524,0,2
2024351492344,2024,351492344,2,9,0,-1,19,6,2,-1,0,3,0,0,0,0,3,1,-1,6,2,30,6,1995,2,12,MINI COOPER,4,E01035545,0,1
2024131505974,2024,131505974,3,9,0,-1,2,0,0,-1,0,8,0,0,0,0,1,1,-1,6,-1,-1,-1,1598,1,19,MINI COOPER,-1,-1,0,-1
2024010501959,2024,010501959,3,9,0,18,19,6,2,0,0,0,0,0,0,0,1,1,6,6,2,34,6,1598,1,15,MINI COOPER,6,E01001068,0,2
2024421475277,2024,421475277,1,9,0,-1,7,1,5,-1,0,4,0,0,0,0,1,1,-1,6,1,29,6,1998,1,2,MINI COOPER,-1,-1,0,-1
2024211513767,2024,211513767,2,9,0,-1,2,0,0,-1,0,1,0,0,0,0,1,1,-1,9,2,44,7,1499,1,2,MINI COOPER,-1,-1,0,-1
2024131464373,2024,131464373,1,9,0,-1,5,7,5,-1,0,6,0,0,0,0,1,1,-1,9,2,77,11,-1,3,3,MINI COOPER,10,E01011947,0,1
2024131504037,2024,131504037,6,9,0,-1,2,0,0,-1,0,0,0,0,0,0,4,1,-1,6,-1,-1,-1,1598,1,15,MINI COOPER,-1,-1,0,-1
2024010490728,2024,010490728,2,9,0,99,99,9,9,99,99,9,9,99,9,99,1,9,6,6,1,62,9,1499,1,8,MINI COOPER,9,E01000425,0,1
2024522401394,2024,522401394,2,9,0,18,19,7,3,0,0,0,0,0,0,0,1,1,6,6,1,63,9,1598,2,12,MINI COOPER,6,E01022561,0,5
2024320036664,2024,320036664,1,9,0,-1,-1,2,6,0,0,1,0,4,0,0,3,1,6,6,2,42,7,1496,2,10,MINI COOPER,-1,-1,0,-1
2024231440272,2024,231440272,1,9,0,-1,19,3,7,-1,0,1,0,0,0,0,1,9,-1,6,1,24,5,1998,1,5,MINI COOPER,6,E01031189,0,2
2024070572109,2024,070572109,2,9,0,18,19,2,6,0,0,4,0,0,0,0,2,1,6,6,2,54,8,1499,1,1,MINI COOPER,9,E01012556,0,4
2024471441802,2024,471441802,2,9,0,-1,19,2,6,-1,0,6,0,0,0,0,4,1,-1,9,2,87,11,-1,3,4,MINI COOPER,8,E01021115,0,2
2024440500464,2024,440500464,2,9,0,18,19,3,7,0,0,8,0,0,0,0,1,1,6,6,2,34,6,1499,1,0,MINI COOPER,4,E01022567,0,1
2024522402586,2024,522402586,3,9,0,7,7,8,2,0,0,6,0,0,0,0,1,1,6,6,2,26,6,1496,2,8,MINI COOPER,6,E01014679,0,1
2024161428822,2024,161428822,1,9,0,-1,19,8,4,-1,0,8,0,0,0,0,4,1,-1,6,2,69,10,1998,1,2,MINI COOPER,2,E01013202,0,1
2024991506487,2024,991506487,1,9,0,-1,4,3,7,-1,0,0,0,0,0,0,1,1,-1,6,2,35,6,1998,1,0,MINI COOPER,6,-1,0,3
2024332400053,2024,332400053,1,9,0,-1,9,5,3,-1,0,6,0,0,0,0,1,1,-1,1,2,50,8,1998,1,9,MINI COOPER,6,E01025897,0,1
2024122400452,2024,122400452,3,9,0,10,10,5,3,0,0,1,0,0,0,0,2,1,2,2,2,39,7,1499,1,2,MINI COOPER,9,E01027904,0,1
2024320211754,2024,320211754,1,9,0,-1,-1,8,4,0,0,0,5,0,7,0,1,1,6,6,1,39,7,1598,1,21,MINI COOPER,-1,-1,0,-1
2024421415268,2024,421415268,2,9,0,-1,7,6,2,-1,0,1,0,0,0,0,3,9,-1,2,2,39,7,1499,1,9,MINI COOPER,4,E01021674,0,3
2024430586734,2024,430586734,2,9,0,18,19,3,7,0,0,0,0,0,0,0,1,1,6,6,1,72,10,1499,1,2,MINI COOPER,-1,-1,0,-1
2024070899819,2024,070899819,2,9,0,-1,19,7,3,-1,0,0,0,0,0,0,2,1,-1,2,2,23,5,1496,2,10,MINI COOPER,6,E01007194,0,4
2024041405474,2024,041405474,1,9,0,-1,19,3,7,-1,0,0,0,0,0,0,3,1,-1,7,2,44,7,1995,2,8,MINI COOPER,7,E01012636,0,1
2024411487572,2024,411487572,2,9,0,-1,-1,-1,-1,-1,-1,0,-1,-1,-1,0,-1,9,-1,6,2,49,8,1499,1,8,MINI COOPER,10,E01023702,0,2
2024501440564,2024,501440564,2,9,0,-1,4,5,1,-1,0,4,0,0,0,0,2,1,-1,1,2,20,4,1598,1,17,MINI COOPER,2,E01018911,0,1
2024131531725,2024,131531725,1,9,0,-1,19,3,7,-1,0,0,0,0,0,0,1,1,-1,9,1,69,10,1499,1,0,MINI COOPER,7,E01012950,0,4
2024221520873,2024,221520873,2,9,0,-1,9,2,8,-1,0,5,0,0,0,0,2,1,-1,9,1,17,4,1598,2,13,MINI COOPER,5,E01032472,0,1
2024010509178,2024,010509178,1,9,0,9,9,1,6,0,0,8,0,0,0,0,3,1,6,6,1,26,6,1998,1,10,MINI COOPER,4,E01021461,0,2
2024471421702,2024,471421702,1,9,0,-1,19,1,5,-1,0,0,0,0,0,0,1,1,-1,9,1,54,8,1598,1,12,MINI COOPER,7,E01021010,0,1
2024451426437,2024,451426437,1,9,0,-1,19,1,5,-1,0,0,0,0,0,0,1,1,-1,6,1,36,7,1998,1,7,MINI COOPER,9,E01003823,0,2
2024320336689,2024,320336689,1,9,0,-1,-1,8,4,0,0,0,5,0,2,0,1,1,6,6,2,55,8,1598,1,17,MINI COOPER,2,E01026101,0,3
2024471516441,2024,471516441,3,9,0,-1,19,1,5,-1,0,1,0,0,0,0,2,9,-1,6,2,65,9,1998,1,3,MINI COOPER,10,E01031822,0,1
2024111524528,2024,111524528,4,9,0,-1,19,5,1,-1,0,0,0,0,0,0,1,1,-1,6,1,66,10,1998,1,0,MINI COOPER,8,E01008525,0,4
2024451497607,2024,451497607,2,9,0,-1,19,2,6,-1,0,1,0,0,0,0,4,1,-1,6,3,-1,-1,1598,1,17,MINI COOPER,-1,-1,0,-1
2024010499830,2024,010499830,2,9,0,99,99,9,9,99,99,9,9,99,9,99,1,9,6,6,3,-1,-1,1598,1,18,MINI COOPER,-1,-1,0,-1
2024351540114,2024,351540114,2,9,0,-1,3,5,1,-1,0,1,0,0,0,0,1,1,-1,2,2,59,9,1499,1,9,MINI COOPER,6,E01015620,0,2
2024361533733,2024,361533733,1,9,0,-1,19,7,3,-1,0,1,0,0,0,0,1,1,-1,2,1,58,9,1560,2,16,MINI COOPER,7,E01026547,0,3
2024522401297,2024,522401297,1,9,0,18,19,8,4,0,0,1,0,0,7,4,1,1,6,6,1,30,6,1499,1,8,MINI COOPER,8,E01014847,0,1
2024201433901,2024,201433901,1,9,0,-1,19,5,1,-1,0,8,0,0,0,0,1,1,-1,9,1,47,8,1598,1,23,MINI COOPER,2,E01009872,0,1
2024010537259,2024,010537259,1,9,0,5,5,1,5,0,0,8,0,0,0,0,1,1,2,2,1,37,7,1598,1,18,MINI COOPER,-1,-1,0,-1
2024461414050,2024,461414050,2,9,0,-1,19,7,3,-1,0,0,0,0,9,0,4,9,-1,6,1,40,7,1499,1,2,MINI COOPER,5,E01015952,0,2
2024211445465,2024,211445465,1,9,0,-1,5,4,8,-1,0,4,0,0,0,0,1,9,-1,6,1,-1,-1,1598,1,19,MINI COOPER,2,E01029429,0,1
2024471515931,2024,471515931,1,9,0,-1,19,3,7,-1,0,1,0,0,0,0,4,1,-1,2,2,48,8,1598,1,9,MINI COOPER,10,E01021218,0,2
2024070571894,2024,070571894,1,9,0,18,19,5,1,0,0,1,0,0,0,0,1,1,2,2,2,-1,-1,1560,2,17,MINI COOPER,2,E01029809,0,3
2024141448884,2024,141448884,2,9,0,-1,4,5,1,-1,0,0,0,0,0,0,2,1,-1,9,2,38,7,1998,1,1,MINI COOPER,1,E01007721,0,2
2024471534497,2024,471534497,1,9,0,-1,19,2,6,-1,0,0,1,0,1,0,4,1,-1,9,2,24,5,1598,1,21,MINI COOPER,3,E01031492,0,1
2024451407810,2024,451407810,2,9,0,-1,3,5,1,-1,0,0,0,0,0,0,2,1,-1,9,2,18,4,1598,1,14,MINI COOPER,5,E01031687,0,4
2024991454933,2024,991454933,3,9,0,-1,2,0,0,-1,0,8,0,0,0,0,2,1,-1,6,-1,-1,-1,1499,1,2,MINI COOPER,-1,-1,0,-1
202417L501624,2024,17L501624,1,9,0,17,19,2,6,0,0,0,5,0,2,0,4,1,6,6,2,39,7,1598,1,22,MINI COOPER,1,E01012113,0,3
2024141479322,2024,141479322,2,9,0,-1,7,8,7,-1,0,8,0,0,0,0,0,1,-1,1,2,46,8,1598,2,11,MINI COOPER,1,E01011866,0,3
2024320514448,2024,320514448,1,9,0,-1,-1,4,8,0,0,1,0,0,0,0,1,1,6,6,2,39,7,1499,1,0,MINI COOPER,3,E01026042,0,3
2024101428583,2024,101428583,2,9,0,-1,19,1,5,-1,0,0,0,0,0,0,3,9,-1,6,2,23,5,1499,1,5,MINI COOPER,8,E01008287,0,2
2024101467559,2024,101467559,1,9,0,-1,19,5,1,-1,0,2,0,0,0,0,1,1,-1,6,2,29,6,1998,1,9,MINI COOPER,9,E01027526,0,1
2024111404652,2024,111404652,3,9,0,-1,19,4,6,-1,0,0,0,0,0,0,1,1,-1,2,2,60,9,1998,1,3,MINI COOPER,5,E01020815,0,1
2024010534218,2024,010534218,1,9,0,18,19,5,1,0,0,8,0,0,0,0,0,1,6,6,1,45,7,1499,1,1,MINI COOPER,6,E01003359,0,1
2024010518898,2024,010518898,1,9,0,18,19,5,1,0,0,1,0,0,0,0,1,1,6,6,2,61,9,1499,1,8,MINI COOPER,6,E01004381,0,1
2024010510949,2024,010510949,1,9,0,5,5,1,5,0,0,0,0,0,0,0,2,9,6,6,2,73,10,1499,1,2,MINI COOPER,6,E01001091,0,2
2024221534301,2024,221534301,3,9,0,-1,19,8,4,-1,0,0,0,0,0,0,1,1,-1,6,1,38,7,1499,1,4,MINI COOPER,6,E01032460,0,1
2024430314920,2024,430314920,2,9,0,18,19,2,6,0,0,0,0,0,0,0,3,1,6,6,1,50,8,1598,1,11,MINI COOPER,6,E01015721,0,4
2024501401062,2024,501401062,2,9,0,-1,19,4,7,-1,0,0,0,0,0,0,1,1,-1,9,2,43,7,1598,1,19,MINI COOPER,4,E01033291,0,1
2024041438308,2024,041438308,1,9,0,-1,19,5,1,-1,0,0,0,0,7,11,1,1,-1,9,1,86,11,1598,1,20,MINI COOPER,3,E01012715,0,1
2024371502442,2024,371502442,2,9,0,-1,10,7,4,-1,0,1,0,0,0,0,1,1,-1,6,2,64,9,1998,1,5,MINI COOPER,6,E01030057,0,1
2024340WN6542,2024,340WN6542,3,9,0,-1,2,0,0,-1,0,2,0,0,0,0,3,1,-1,6,3,-1,-1,1598,1,19,MINI COOPER,-1,-1,0,-1
2024451436295,2024,451436295,2,9,0,-1,19,1,5,-1,0,2,0,11,5,1,1,1,-1,2,2,49,8,1598,1,20,MINI COOPER,9,E01030602,0,2
2024010530802,2024,010530802,2,9,0,9,9,9,9,99,99,9,9,99,9,99,9,9,6,6,3,-1,-1,1598,1,18,MINI COOPER,-1,-1,0,-1
2024302401570,2024,302401570,1,9,0,1,1,4,8,0,0,2,0,0,0,0,2,1,6,6,1,-1,-1,1560,2,15,MINI COOPER,5,E01013500,0,1
2024010551217,2024,010551217,2,9,9,99,99,9,9,99,99,9,9,99,9,99,9,9,6,6,3,-1,-1,1598,1,22,MINI COOPER,-1,-1,0,-1
2024461397705,2024,461397705,1,9,0,-1,19,7,3,-1,0,1,1,0,3,1,1,9,-1,6,2,33,6,1499,1,6,MINI COOPER,2,E01024500,0,4
2024361469357,2024,361469357,2,9,0,-1,4,5,1,-1,0,1,0,0,0,0,2,1,-1,6,2,62,9,1499,1,2,MINI COOPER,6,E01029881,0,4
2024010498446,2024,010498446,2,9,9,5,5,9,9,99,99,1,9,99,9,99,9,9,6,6,3,-1,-1,1998,1,5,MINI COOPER,-1,-1,0,-1
2024371402166,2024,371402166,1,9,0,-1,19,7,6,-1,0,0,0,0,0,0,1,9,-1,9,1,27,6,1560,2,14,MINI COOPER,10,E01030128,0,1
202417H102324,2024,17H102324,2,9,0,-1,19,6,2,-1,0,1,0,0,0,0,1,1,-1,6,1,50,8,1998,1,1,MINI COOPER,9,E01012208,0,3
2024430483312,2024,430483312,2,9,0,7,7,8,3,0,0,3,0,0,0,0,4,1,6,6,1,54,8,1499,1,0,MINI COOPER,-1,-1,0,-1
2024501499138,2024,501499138,2,9,0,-1,19,1,7,-1,0,8,0,0,0,0,3,1,-1,6,1,53,8,1499,1,6,MINI COOPER,3,E01004344,0,5
2024122400883,2024,122400883,1,9,0,5,5,1,5,0,0,6,1,0,3,0,3,1,6,6,2,48,8,1499,1,4,MINI COOPER,7,E01013346,0,3
2024131532239,2024,131532239,1,9,0,-1,12,1,5,-1,0,0,0,0,1,4,3,1,-1,9,1,26,6,1499,1,10,MINI COOPER,6,E01011042,0,1
2024010521251,2024,010521251,1,9,0,5,5,9,9,99,99,0,9,99,9,99,0,9,6,6,3,50,8,1499,1,2,MINI COOPER,6,E01003949,0,1
2024520402857,2024,520402857,4,9,0,18,19,7,3,0,0,0,0,0,0,0,4,1,6,6,1,24,5,1598,1,13,MINI COOPER,10,E01029030,0,1
2024010526391,2024,010526391,1,9,0,99,99,9,9,99,99,5,9,99,9,99,9,9,6,6,2,54,8,1598,1,14,MINI COOPER,5,E01004501,0,1
2024471399179,2024,471399179,1,9,0,-1,19,3,7,-1,0,1,1,0,8,11,3,1,-1,2,2,25,5,1598,1,21,MINI COOPER,7,E01031460,0,2
2024991483038,2024,991483038,1,9,0,-1,19,4,1,-1,0,0,0,0,0,0,2,9,-1,9,1,35,6,1598,1,20,MINI COOPER,5,-1,0,1
2024531403413,2024,531403413,1,9,0,-1,19,2,6,-1,0,0,1,0,2,11,1,1,-1,6,1,34,6,1598,1,21,MINI COOPER,9,E01016888,0,5
2024520402691,2024,520402691,2,9,0,10,10,1,3,0,0,1,0,0,0,0,2,1,6,6,1,32,6,1499,1,6,MINI COOPER,5,E01029268,0,3
2024131453307,2024,131453307,1,9,0,-1,19,5,1,-1,0,1,0,0,0,0,1,1,-1,6,2,31,6,1499,1,6,MINI COOPER,9,E01029626,0,5
2024430552578,2024,430552578,3,9,0,3,3,3,7,0,0,0,0,0,0,0,2,1,2,2,1,54,8,1998,1,2,MINI COOPER,10,E01028823,0,2
2024010536294,2024,010536294,1,9,0,15,15,8,4,0,0,0,0,0,0,0,1,1,2,2,1,32,6,1998,1,8,MINI COOPER,2,E01015828,0,4
2024421464165,2024,421464165,1,9,0,-1,19,3,6,-1,0,0,0,0,4,6,3,1,-1,9,1,55,8,1998,1,1,MINI COOPER,10,E01021545,0,2
2024451524470,2024,451524470,2,9,0,-1,4,3,7,-1,0,0,0,0,0,0,2,1,-1,1,1,22,5,1560,2,14,MINI COOPER,7,E01023031,0,4
2024430050579,2024,430050579,1,9,0,18,19,1,5,0,0,0,0,0,0,0,1,1,3,7,2,30,6,1598,1,21,MINI COOPER,6,E01032728,0,1
2024010501535,2024,010501535,1,9,0,18,19,5,1,0,0,8,0,0,0,0,3,1,6,6,2,56,9,1499,1,6,MINI COOPER,2,E01001349,0,1
2024010536988,2024,010536988,1,9,0,6,6,1,1,8,6,0,0,0,0,0,3,1,6,6,2,49,8,1499,1,8,MINI COOPER,9,E01003890,0,1
2024991411412,2024,991411412,1,9,0,-1,19,7,3,-1,0,0,0,0,0,0,1,9,-1,2,2,61,9,1499,1,8,MINI COOPER,8,-1,0,2
2024440073695,2024,440073695,1,9,0,16,19,6,1,0,0,0,0,0,0,0,1,1,6,6,1,16,4,1598,1,22,MINI COOPER,1,E01017331,0,2
2024552400466,2024,552400466,2,9,0,18,19,2,6,0,0,0,0,0,0,0,1,1,6,6,2,50,8,1598,1,12,MINI COOPER,10,E01015399,0,1
2024302400967,2024,302400967,2,9,0,16,19,1,6,0,0,0,0,0,0,0,3,1,6,6,2,30,6,1598,1,20,MINI COOPER,6,E01030151,0,5
2024461425568,2024,461425568,1,9,0,-1,19,3,7,-1,0,0,1,7,7,0,1,1,-1,6,2,47,8,1598,1,18,MINI COOPER,6,E01000352,0,4
2024070871060,2024,070871060,2,9,0,-1,2,0,0,-1,0,0,0,0,7,0,1,1,-1,6,-1,-1,-1,1496,2,9,MINI COOPER,-1,-1,0,-1
2024351401706,2024,351401706,2,9,0,-1,2,0,0,-1,0,0,0,0,0,0,2,1,-1,2,-1,-1,-1,-1,3,1,MINI COOPER,-1,-1,0,-1
2024302401111,2024,302401111,3,9,0,18,19,5,1,0,0,0,0,7,1,0,1,1,6,6,1,24,5,1998,1,5,MINI COOPER,4,E01013460,0,1
2024520402231,2024,520402231,3,9,0,18,19,7,3,0,0,0,0,0,0,0,1,1,6,6,1,57,9,1598,1,19,MINI COOPER,8,E01028829,0,5
2024401464924,2024,401464924,2,9,0,-1,19,1,5,-1,0,1,1,0,0,0,1,1,-1,6,2,43,7,1499,1,7,MINI COOPER,9,E01017372,0,1
2024010536037,2024,010536037,2,9,0,99,99,9,9,99,99,9,9,99,9,99,9,9,6,6,3,-1,-1,1499,1,4,MINI COOPER,-1,-1,0,-1
2024520403319,2024,520403319,2,9,0,18,19,4,8,0,0,4,0,0,0,0,4,1,6,6,1,79,11,1995,2,9,MINI COOPER,9,E01029022,0,1
2024201487362,2024,201487362,1,9,0,-1,19,1,1,-1,0,1,0,0,0,0,1,1,-1,6,1,30,6,1598,1,19,MINI COOPER,4,E01009907,0,1
202454E797124,2024,54E797124,1,9,0,18,19,2,6,0,0,0,2,0,1,0,4,1,2,2,1,19,4,1598,1,17,MINI COOPER,8,E01022411,0,4
2024552401248,2024,552401248,1,9,0,9,9,5,2,0,0,6,0,0,0,0,1,1,6,6,2,23,5,1499,1,2,MINI COOPER,8,E01015453,0,1
2024221467555,2024,221467555,1,9,0,-1,19,1,5,-1,0,5,0,0,0,0,4,1,-1,6,2,29,6,1598,1,12,MINI COOPER,6,E01014069,0,1
2024461404574,2024,461404574,2,9,0,-1,19,3,2,-1,0,0,0,0,0,0,2,9,-1,2,1,34,6,-1,3,4,MINI COOPER,7,E01024185,0,2
2024991467283,2024,991467283,1,9,0,-1,5,6,2,-1,0,1,0,0,0,0,2,1,-1,6,2,27,6,1998,1,6,MINI COOPER,-1,-1,0,-1
2024522403126,2024,522403126,1,9,0,4,4,3,7,0,0,1,0,0,0,0,2,1,6,6,2,45,7,-1,3,3,MINI COOPER,6,E01032677,0,1
2024070957180,2024,070957180,1,9,0,-1,19,1,5,-1,0,0,0,0,0,0,1,1,-1,6,2,27,6,1499,1,4,MINI COOPER,9,E01018684,0,1
2024340WN5722,2024,340WN5722,1,9,0,-1,9,5,3,-1,0,8,1,0,0,0,1,1,-1,6,2,49,8,1499,1,1,MINI COOPER,8,E01032985,0,2
2024610002524,2024,610002524,1,9,0,18,19,3,7,0,0,0,5,0,2,4,1,1,6,6,1,28,6,1598,1,18,MINI COOPER,1,W01001691,0,4
2024471467700,2024,471467700,1,9,0,-1,19,3,7,-1,0,0,2,0,1,4,1,1,-1,9,1,23,5,1598,1,14,MINI COOPER,5,E01035578,0,4
2024361397278,2024,361397278,2,9,0,-1,19,1,5,-1,0,0,0,0,0,0,3,1,-1,9,1,18,4,1598,1,17,MINI COOPER,5,E01026724,0,2
2024451404965,2024,451404965,3,9,0,-1,19,5,1,-1,1,1,0,0,0,0,1,1,-1,9,2,52,8,1499,1,8,MINI COOPER,9,E01030861,0,1
2024211524076,2024,211524076,2,9,0,-1,2,0,0,-1,0,0,0,4,0,0,2,1,-1,6,-1,-1,-1,1995,2,11,MINI COOPER,-1,-1,0,-1
2024311445485,2024,311445485,2,9,0,-1,2,3,7,-1,0,0,0,0,0,0,2,9,-1,6,2,54,8,1499,1,5,MINI COOPER,-1,-1,0,-1
2024010521057,2024,010521057,1,9,0,18,19,7,3,0,0,1,0,0,0,0,1,1,1,1,1,27,6,1499,1,1,MINI COOPER,8,E01000297,0,3
2024041504053,2024,041504053,2,9,0,-1,2,3,7,-1,9,8,0,0,0,0,2,1,-1,6,-1,-1,-1,1499,1,1,MINI COOPER,-1,-1,0,-1
2024201480265,2024,201480265,2,9,0,-1,2,0,0,-1,0,1,0,0,0,0,2,1,-1,6,1,25,5,1598,1,17,MINI COOPER,1,E01009354,0,1