collision_index,collision_year,collision_ref_no,vehicle_reference,vehicle_type,towing_and_articulation,vehicle_manoeuvre_historic,vehicle_manoeuvre,vehicle_direction_from,vehicle_direction_to,vehicle_location_restricted_lane_historic,vehicle_location_restricted_lane,junction_location,skidding_and_overturning,hit_object_in_carriageway,vehicle_leaving_carriageway,hit_object_off_carriageway,first_point_of_impact,vehicle_left_hand_drive,journey_purpose_of_driver_historic,journey_purpose_of_driver,sex_of_driver,age_of_driver,age_band_of_driver,engine_capacity_cc,propulsion_code,age_of_vehicle,generic_make_model,driver_imd_decile,lsoa_of_driver,escooter_flag,driver_distance_banding
2024010549180,2024,010549180,2,9,0,99,99,9,9,99,99,9,9,99,9,99,9,9,6,6,1,31,6,1598,1,12,MINI COOPER,4,E01003180,0,1
2024501452446,2024,501452446,3,9,0,-1,19,4,8,-1,0,0,0,0,0,0,2,9,-1,6,1,48,8,1598,1,19,MINI COOPER,7,E01020304,0,1
2024041559504,2024,041559504,3,9,0,-1,19,5,1,-1,0,0,0,0,0,0,1,1,-1,2,2,23,5,1499,1,3,MINI COOPER,7,E01025361,0,4
2024440229657,2024,440229657,1,9,0,18,19,2,6,0,0,1,0,0,0,0,3,1,6,6,2,44,7,1995,2,12,MINI COOPER,10,E01022698,0,4
2024041400380,2024,041400380,1,9,0,-1,19,3,7,-1,0,0,0,0,0,0,1,1,-1,6,1,38,7,1598,1,18,MINI COOPER,4,E01033281,0,1
2024010490712,2024,010490712,2,9,0,7,7,1,3,0,0,1,0,0,0,0,3,1,6,6,1,23,5,1998,1,5,MINI COOPER,8,E01000253,0,3
2024401413156,2024,401413156,2,9,0,-1,4,7,1,-1,0,0,0,0,0,0,1,1,-1,6,1,63,9,1598,1,13,MINI COOPER,6,E01017457,0,1
2024451462121,2024,451462121,1,9,0,-1,19,2,6,-1,0,0,0,0,0,0,1,1,-1,7,2,33,6,1598,1,20,MINI COOPER,8,E01030867,0,1
2024201426070,2024,201426070,2,9,0,-1,19,6,2,-1,0,1,0,0,0,0,1,9,-1,6,2,63,9,1998,1,4,MINI COOPER,6,E01033058,0,2
2024311517229,2024,311517229,1,9,0,-1,10,2,7,-1,0,1,0,0,0,0,3,1,-1,9,1,83,11,1998,1,3,MINI COOPER,-1,-1,0,-1
2024010539241,2024,010539241,2,9,9,18,19,9,9,99,99,0,9,99,9,99,2,9,6,6,3,-1,-1,1598,1,17,MINI COOPER,-1,-1,0,-1
2024411459678,2024,411459678,2,9,-1,-1,3,5,1,-1,0,4,0,0,0,0,2,9,-1,1,2,51,8,1499,1,5,MINI COOPER,10,E01023694,0,3
2024010531652,2024,010531652,1,9,0,18,19,2,6,0,0,1,0,0,0,0,1,1,6,6,2,49,8,1499,1,8,MINI COOPER,8,E01030564,0,2
2024320727978,2024,320727978,4,9,0,2,2,0,0,0,0,0,0,0,0,0,2,1,6,6,1,30,6,1598,1,12,MINI COOPER,4,E01026174,0,1
2024451459613,2024,451459613,3,9,0,-1,2,0,0,-1,0,0,0,0,0,0,2,1,-1,6,-1,-1,-1,1600,1,13,MINI COOPER,-1,-1,0,-1
2024461488410,2024,461488410,2,9,0,-1,19,2,6,-1,0,0,0,0,0,0,1,1,-1,2,2,38,7,1598,1,12,MINI COOPER,2,E01024549,0,1
2024201479528,2024,201479528,1,9,0,-1,7,3,5,-1,0,6,0,0,0,0,1,1,-1,6,2,-1,-1,1496,2,8,MINI COOPER,-1,-1,0,-1
2024991409783,2024,991409783,1,9,0,-1,19,2,5,-1,0,1,0,0,0,0,1,1,-1,9,2,20,4,1499,1,5,MINI COOPER,9,-1,0,3
2024131405545,2024,131405545,1,9,0,-1,19,3,7,-1,0,2,0,0,0,0,0,1,-1,9,1,65,9,1499,1,5,MINI COOPER,10,E01010697,0,1
2024340WN5232,2024,340WN5232,2,9,0,-1,19,1,7,-1,0,8,0,0,0,0,1,1,-1,9,2,39,7,1499,1,2,MINI COOPER,7,E01027159,0,1
2024361468692,2024,361468692,2,9,0,-1,19,-1,-1,-1,0,0,0,0,0,0,3,1,-1,9,1,75,10,1598,1,17,MINI COOPER,4,E01026765,0,1
2024440250463,2024,440250463,1,9,0,5,5,4,8,0,0,1,0,0,0,0,2,1,3,7,2,40,7,1499,1,5,MINI COOPER,9,E01022881,0,1
2024471426458,2024,471426458,2,9,0,-1,9,4,2,-1,0,1,0,0,0,0,4,1,-1,9,2,54,8,1598,2,11,MINI COOPER,9,E01031823,0,1
2024101528875,2024,101528875,1,9,0,-1,19,5,1,-1,0,0,0,0,0,0,1,1,-1,2,2,41,7,-1,3,1,MINI COOPER,-1,-1,0,-1
2024520401475,2024,520401475,1,9,0,10,10,6,4,0,0,8,0,0,0,0,2,1,6,6,1,31,6,1598,1,21,MINI COOPER,10,E01029168,0,1
2024231490449,2024,231490449,2,9,0,-1,19,4,8,-1,0,8,0,0,0,0,1,1,-1,6,2,63,9,-1,3,1,MINI COOPER,8,E01031247,0,1
2024302400691,2024,302400691,1,9,0,18,19,6,2,0,0,1,0,0,7,11,1,1,6,6,1,15,3,1998,1,2,MINI COOPER,9,E01019683,0,1
2024302400698,2024,302400698,1,9,0,16,19,4,7,0,0,0,0,0,1,0,1,1,6,6,2,57,9,1598,1,20,MINI COOPER,4,E01028260,0,4
2024440238769,2024,440238769,1,9,0,4,4,2,6,0,0,1,0,0,0,0,2,1,6,6,2,37,7,1560,2,17,MINI COOPER,7,E01022713,0,4
2024131403768,2024,131403768,2,9,0,-1,19,5,1,-1,0,0,0,0,0,0,4,1,-1,2,1,35,6,1499,1,5,MINI COOPER,10,E01011380,0,1
2024631477360,2024,631477360,2,9,0,-1,4,2,6,-1,0,0,0,0,0,0,2,1,-1,2,1,57,9,1499,1,3,MINI COOPER,7,W01000663,0,1
2024201517045,2024,201517045,1,9,0,-1,9,7,5,-1,0,8,0,0,0,0,1,1,-1,6,2,29,6,1499,1,7,MINI COOPER,2,E01010090,0,1
2024421439286,2024,421439286,2,9,0,-1,3,1,5,-1,0,0,5,0,0,0,4,1,-1,9,1,71,10,1598,1,14,MINI COOPER,-1,-1,0,-1
2024471436183,2024,471436183,2,9,0,-1,19,3,7,-1,0,1,0,0,0,0,2,1,-1,9,2,56,9,1499,1,10,MINI COOPER,7,E01031516,0,3
2024111420685,2024,111420685,2,9,-1,-1,10,8,4,-1,0,5,0,0,0,0,3,9,-1,6,2,55,8,1998,1,3,MINI COOPER,4,E01020656,0,1
2024010530786,2024,010530786,1,9,0,6,6,1,1,0,0,1,0,0,0,0,3,1,6,6,1,52,8,1598,1,18,MINI COOPER,1,E01012262,0,5
2024451465407,2024,451465407,2,9,0,-1,19,6,2,-1,0,0,0,0,0,0,2,1,-1,1,2,53,8,1499,1,2,MINI COOPER,7,E01017050,0,4
2024451406608,2024,451406608,3,9,0,-1,8,5,1,-1,0,1,0,0,1,0,3,1,-1,2,2,26,6,1499,1,0,MINI COOPER,9,E01030642,0,1
2024221471295,2024,221471295,2,9,0,-1,19,7,2,-1,0,0,0,0,0,0,1,1,-1,6,2,45,7,1998,1,8,MINI COOPER,8,E01032439,0,1
2024361470763,2024,361470763,1,9,0,-1,19,3,7,-1,0,0,0,0,0,0,1,1,-1,9,2,51,8,1598,1,22,MINI COOPER,2,E01026865,0,1
2024211518819,2024,211518819,3,9,0,-1,4,6,2,-1,0,0,0,0,0,0,2,1,-1,9,1,26,6,1598,1,17,MINI COOPER,-1,-1,0,-1
2024440530475,2024,440530475,1,9,0,18,19,5,1,0,0,1,0,0,0,0,2,1,6,6,2,55,8,1598,1,15,MINI COOPER,1,E01017236,0,1
2024201532611,2024,201532611,10,9,0,-1,2,0,0,-1,0,8,0,0,0,0,3,1,-1,6,-1,-1,-1,1496,2,7,MINI COOPER,-1,-1,0,-1
2024361512670,2024,361512670,2,9,0,-1,19,3,7,-1,0,1,0,0,0,0,3,1,-1,6,2,28,6,1499,1,7,MINI COOPER,6,E01026549,0,2
2024421534211,2024,421534211,2,9,0,-1,19,-1,-1,-1,0,2,0,0,0,0,4,1,-1,6,1,24,5,1598,1,18,MINI COOPER,7,E01015968,0,1
2024440233075,2024,440233075,2,9,0,18,19,3,7,0,0,2,0,0,0,0,3,1,6,6,1,29,6,1598,1,14,MINI COOPER,5,E01017113,0,1
2024031508325,2024,031508325,2,9,0,-1,19,1,5,-1,0,2,0,0,0,0,1,1,-1,6,2,55,8,1499,1,10,MINI COOPER,3,E01019126,0,1
2024010518527,2024,010518527,6,9,0,2,2,0,0,0,0,1,0,0,0,0,3,1,6,6,3,-1,-1,1998,1,3,MINI COOPER,-1,-1,0,-1
2024549826924,2024,549826924,2,9,0,18,19,2,6,0,0,0,0,0,0,0,2,1,6,6,2,19,4,1998,1,3,MINI COOPER,3,E01031963,0,2
2024430233966,2024,430233966,1,9,0,18,19,3,7,0,0,0,0,0,0,0,4,1,2,2,1,23,5,1598,1,17,MINI COOPER,5,E01004612,0,4
2024401498730,2024,401498730,1,9,0,-1,4,1,5,-1,0,0,0,0,0,0,2,1,-1,9,2,40,7,1499,1,10,MINI COOPER,10,E01018019,0,4
2024541340724,2024,541340724,1,9,0,18,19,8,4,0,0,0,2,0,7,11,1,1,6,6,1,30,6,1995,2,7,MINI COOPER,7,E01031882,0,4
2024440561588,2024,440561588,1,9,0,3,3,7,3,0,0,0,0,0,0,0,2,1,6,6,2,69,10,1598,1,19,MINI COOPER,6,E01023046,0,3
2024111477835,2024,111477835,3,9,0,-1,3,5,1,-1,0,0,0,0,0,0,2,1,-1,9,1,56,9,1499,1,6,MINI COOPER,2,E01020884,0,4
2024421407011,2024,421407011,1,9,0,-1,19,3,7,-1,0,8,0,0,0,0,1,1,-1,6,2,26,6,1499,1,7,MINI COOPER,10,E01021250,0,1
2024131404948,2024,131404948,1,9,0,-1,19,1,1,-1,0,8,0,0,0,0,2,1,-1,2,2,52,8,1499,1,1,MINI COOPER,5,E01011178,0,3
2024471491751,2024,471491751,3,9,0,-1,4,7,3,-1,0,2,0,0,0,0,2,1,-1,9,2,29,6,1598,1,10,MINI COOPER,8,E01031821,0,1
2024201506766,2024,201506766,1,9,0,-1,7,3,7,-1,0,1,0,0,0,0,0,1,-1,6,2,22,5,1598,1,20,MINI COOPER,3,E01021861,0,5
2024471439214,2024,471439214,2,9,0,-1,5,0,3,-1,0,0,0,0,0,0,3,1,-1,6,2,21,5,1499,1,9,MINI COOPER,7,E01031777,0,1
2024401465686,2024,401465686,1,9,0,-1,19,7,1,-1,0,0,0,0,0,0,1,1,-1,1,1,28,6,1499,1,5,MINI COOPER,3,E01013830,0,5
2024052401416,2024,052401416,1,9,0,18,19,4,8,0,0,0,0,0,0,0,1,1,6,6,1,44,7,1560,2,16,MINI COOPER,1,E01006646,0,2
2024401452481,2024,401452481,1,9,-1,-1,-1,-1,-1,-1,-1,-1,-1,-1,-1,0,-1,9,-1,6,2,44,7,1499,1,5,MINI COOPER,9,E01017398,0,1
2024010504075,2024,010504075,2,9,0,1,1,9,9,99,99,9,9,99,9,99,0,9,6,6,3,-1,-1,1998,1,5,MINI COOPER,8,E01000233,0,2
2024161402096,2024,161402096,2,9,0,-1,7,5,3,-1,0,0,0,0,0,0,1,9,-1,9,1,42,7,1499,1,6,MINI COOPER,2,E01012821,0,1
2024351451987,2024,351451987,2,9,0,-1,19,2,8,-1,0,0,0,0,0,0,1,1,-1,2,2,45,7,1499,1,7,MINI COOPER,7,E01018276,0,2
2024991423885,2024,991423885,1,9,0,-1,9,4,8,-1,0,0,0,0,0,0,1,1,-1,9,1,30,6,1998,1,2,MINI COOPER,8,-1,0,1
2024531485852,2024,531485852,2,9,0,-1,19,5,1,-1,0,0,0,0,0,0,2,1,-1,9,1,61,9,1998,1,5,MINI COOPER,9,E01028793,0,4
2024101530356,2024,101530356,1,9,0,-1,9,8,2,-1,0,8,0,0,0,0,3,1,-1,2,1,23,5,-1,3,1,MINI COOPER,9,E01008520,0,1
2024141449663,2024,141449663,1,9,0,-1,19,6,8,-1,9,0,0,11,0,0,1,1,-1,6,1,34,6,1598,1,20,MINI COOPER,7,E01032924,0,1
2024010501371,2024,010501371,1,9,0,18,19,7,3,0,0,0,5,4,0,0,1,1,6,6,2,31,6,1598,1,16,MINI COOPER,9,E01002322,0,1
2024221440605,2024,221440605,1,9,0,-1,9,1,6,-1,0,7,0,0,0,0,1,9,-1,6,2,40,7,1598,1,16,MINI COOPER,6,E01010221,0,2
2024461522946,2024,461522946,1,9,0,-1,9,3,1,-1,0,5,0,0,1,0,1,1,-1,6,-1,-1,-1,1598,1,19,MINI COOPER,-1,-1,0,-1
2024522402699,2024,522402699,1,9,0,18,19,2,6,0,0,8,0,0,0,0,1,1,6,6,2,32,6,1499,1,6,MINI COOPER,7,E01032412,0,4
2024471410310,2024,471410310,3,9,0,-1,19,5,1,-1,0,0,0,0,0,0,2,1,-1,6,2,57,9,1998,1,9,MINI COOPER,8,E01020963,0,1
2024010490056,2024,010490056,2,9,0,2,2,0,0,6,6,0,0,0,0,0,2,1,6,6,3,-1,-1,1499,1,6,MINI COOPER,-1,-1,0,-1
2024461481030,2024,461481030,1,9,0,-1,19,5,1,-1,0,0,5,0,0,0,4,1,-1,6,1,19,4,1598,1,14,MINI COOPER,3,E01024688,0,2
2024552400377,2024,552400377,2,9,0,9,9,4,2,0,0,6,0,0,0,0,3,1,6,6,2,63,9,1499,1,3,MINI COOPER,5,E01015334,0,1
2024131400825,2024,131400825,2,9,0,-1,19,3,7,-1,0,8,0,0,0,0,3,1,-1,9,2,27,6,1998,1,8,MINI COOPER,3,E01011875,0,1
2024010511009,2024,010511009,2,9,0,99,99,9,9,99,99,9,9,99,9,99,1,9,6,6,3,22,5,1499,1,1,MINI COOPER,1,E01002040,0,1
2024430485273,2024,430485273,2,9,0,4,4,8,4,0,0,0,0,0,0,0,2,1,2,2,1,30,6,1499,1,3,MINI COOPER,-1,-1,0,-1
2024332400590,2024,332400590,1,9,0,-1,9,8,6,-1,0,5,0,0,0,0,1,1,-1,1,1,22,5,1998,1,7,MINI COOPER,6,E01035102,0,4
2024522401499,2024,522401499,2,9,0,13,13,4,8,0,0,0,1,0,0,0,1,1,6,6,1,19,4,1598,1,20,MINI COOPER,2,E01014640,0,1
2024010547601,2024,010547601,1,9,0,-1,-1,5,1,0,0,8,0,0,0,0,1,1,1,1,1,51,8,1496,2,9,MINI COOPER,8,E01030216,0,4
2024211465271,2024,211465271,1,9,0,-1,3,3,7,-1,0,0,0,0,0,0,2,2,-1,2,2,49,8,1496,2,8,MINI COOPER,7,E01029798,0,1
2024501422981,2024,501422981,1,9,0,-1,19,5,1,-1,0,1,0,0,0,0,1,1,-1,9,2,21,5,1560,2,16,MINI COOPER,4,E01019013,0,2
2024471462235,2024,471462235,1,9,0,-1,4,3,7,-1,0,1,0,0,0,0,2,9,-1,6,1,33,6,1998,1,1,MINI COOPER,1,E01016947,0,1
2024440340121,2024,440340121,1,9,0,12,12,7,3,0,0,0,0,0,4,6,1,1,6,6,2,55,8,1499,1,7,MINI COOPER,1,E01017281,0,2
2024010550824,2024,010550824,1,9,0,99,99,9,9,99,99,9,9,99,9,99,9,9,2,2,2,58,9,1499,1,6,MINI COOPER,3,E01001930,0,1
2024211524560,2024,211524560,1,9,0,-1,3,1,5,-1,0,4,0,0,0,0,2,1,-1,6,2,27,6,1499,1,4,MINI COOPER,10,E01029418,0,1
2024471466982,2024,471466982,1,9,0,-1,19,5,1,-1,0,1,0,0,1,4,1,1,-1,6,2,35,6,1499,1,1,MINI COOPER,5,E01031479,0,4
2024371437935,2024,371437935,2,9,0,-1,5,2,6,-1,0,2,0,0,0,0,1,1,-1,2,2,30,6,1499,1,10,MINI COOPER,7,E01034573,0,4
2024010511820,2024,010511820,2,9,0,99,99,9,9,99,99,9,9,99,9,99,9,9,6,6,3,31,6,1598,1,17,MINI COOPER,10,E01017729,0,4
2024010517149,2024,010517149,2,9,0,18,19,3,7,0,0,0,0,0,0,0,2,1,2,2,1,33,6,1598,1,17,MINI COOPER,-1,-1,0,-1
2024221422135,2024,221422135,1,9,0,-1,19,4,8,-1,0,0,5,0,1,10,1,1,-1,6,1,19,4,1998,1,10,MINI COOPER,5,E01014099,0,1
2024070682600,2024,070682600,1,9,0,18,19,7,3,0,0,0,0,0,0,0,1,1,6,6,1,-1,-1,1598,1,14,MINI COOPER,8,E01006090,0,2
2024131395951,2024,131395951,1,9,0,-1,9,1,3,-1,0,2,0,0,0,0,1,1,-1,2,2,24,5,1499,1,8,MINI COOPER,7,E01007356,0,3
2024010514018,2024,010514018,2,9,0,9,9,7,4,0,0,6,0,0,0,0,1,1,6,6,1,46,8,1998,1,0,MINI COOPER,3,E01003121,0,2
2024010538567,2024,010538567,1,9,0,3,3,5,1,0,0,2,0,0,0,0,2,1,6,6,2,33,6,1998,1,7,MINI COOPER,-1,-1,0,-1
2024211470158,2024,211470158,2,9,0,-1,2,0,0,-1,0,0,0,0,0,0,2,1,-1,9,2,-1,-1,1499,1,4,MINI COOPER,3,E01014364,0,2
2024131435724,2024,131435724,1,9,0,-1,19,8,4,-1,0,8,1,0,1,0,1,1,-1,6,-1,-1,-1,1998,1,5,MINI COOPER,-1,-1,0,-1
2024131395386,2024,131395386,1,9,0,-1,9,1,5,-1,0,8,0,0,0,0,1,1,-1,9,2,21,5,1598,1,20,MINI COOPER,8,E01011583,0,1
2024141400712,2024,141400712,2,9,0,-1,19,4,8,-1,0,0,0,0,0,0,1,1,-1,9,1,27,6,1499,1,6,MINI COOPER,5,E01012803,0,4
2024010497310,2024,010497310,1,9,0,99,99,9,9,99,99,9,9,99,9,99,9,9,6,6,1,46,8,1499,1,6,MINI COOPER,9,E01003837,0,1
2024320554460,2024,320554460,1,9,0,-1,-1,8,3,0,0,8,0,0,0,0,3,1,-1,-1,1,21,5,1598,1,20,MINI COOPER,3,E01026064,0,3
2024010506287,2024,010506287,1,9,0,5,5,7,3,0,0,8,0,0,0,0,1,1,6,6,1,26,6,1598,1,14,MINI COOPER,2,E01002508,0,1
2024041463290,2024,041463290,2,9,0,-1,19,1,5,-1,0,0,0,11,0,0,1,1,-1,9,2,25,5,1499,1,10,MINI COOPER,3,E01025076,0,2
2024451412100,2024,451412100,1,9,0,-1,19,4,2,-1,0,8,0,0,0,0,4,1,-1,9,1,54,8,1598,1,15,MINI COOPER,10,E01030682,0,1
2024161529356,2024,161529356,1,9,0,-1,19,7,4,-1,0,0,0,0,0,0,4,1,-1,6,1,76,11,1560,2,16,MINI COOPER,6,E01013253,0,1
2024421523793,2024,421523793,1,9,0,-1,19,7,3,-1,0,8,0,0,0,0,1,1,-1,9,2,18,4,1598,1,22,MINI COOPER,9,E01021383,0,2
2024991451039,2024,991451039,2,9,0,-1,19,1,5,-1,0,1,0,0,0,0,1,1,-1,9,2,31,6,1499,1,6,MINI COOPER,7,-1,0,2
2024991409547,2024,991409547,2,9,0,-1,10,5,3,-1,0,8,0,0,0,0,2,1,-1,6,2,23,5,1499,1,1,MINI COOPER,9,-1,0,1
2024461500381,2024,461500381,1,9,0,-1,19,7,3,-1,0,0,2,0,0,0,1,1,-1,9,1,21,5,1499,1,7,MINI COOPER,1,E01024676,0,1
2024332400576,2024,332400576,2,9,0,-1,19,3,7,-1,0,8,0,0,1,0,3,1,-1,9,2,53,8,1499,1,4,MINI COOPER,7,E01025993,0,2
2024421415192,2024,421415192,1,9,0,-1,19,6,2,-1,0,0,0,4,0,0,1,1,-1,9,1,44,7,1598,1,20,MINI COOPER,7,E01021797,0,1
2024471485769,2024,471485769,1,9,0,-1,19,6,2,-1,0,0,0,0,0,0,1,1,-1,9,2,56,9,1598,1,18,MINI COOPER,1,E01020993,0,1
2024471486274,2024,471486274,1,9,0,-1,11,5,1,-1,0,0,0,0,0,0,4,1,-1,9,2,17,4,1499,1,5,MINI COOPER,6,E01021186,0,3
2024010505200,2024,010505200,2,9,0,13,13,5,1,0,0,0,0,0,0,0,1,1,6,6,2,23,5,1995,2,9,MINI COOPER,7,E01002159,0,2
2024302401788,2024,302401788,1,9,0,18,19,6,2,0,0,2,1,0,1,11,1,1,6,6,2,18,4,1598,1,17,MINI COOPER,6,E01019741,0,1
2024061474052,2024,061474052,3,9,0,-1,19,7,3,-1,0,0,0,0,0,0,2,1,-1,6,1,30,6,1499,1,5,MINI COOPER,2,E01005504,0,3
2024311530087,2024,311530087,1,9,0,-1,5,3,8,-1,0,8,0,0,0,0,1,1,-1,6,2,22,5,1499,1,0,MINI COOPER,-1,-1,0,-1
2024351502441,2024,351502441,1,9,0,-1,19,1,6,-1,0,0,5,0,7,0,1,1,-1,6,1,18,4,1598,1,20,MINI COOPER,5,E01018157,0,1
2024122400442,2024,122400442,1,9,0,16,19,4,8,0,0,0,0,0,1,4,1,1,6,6,2,28,6,1598,1,20,MINI COOPER,2,E01034974,0,4
2024471404060,2024,471404060,1,9,0,-1,5,3,7,-1,0,1,0,0,0,0,3,1,-1,2,1,21,5,1598,1,20,MINI COOPER,5,E01021121,0,3
2024221454156,2024,221454156,1,9,0,-1,19,7,3,-1,0,0,5,4,0,0,1,9,-1,6,2,81,11,1499,1,2,MINI COOPER,7,E01032136,0,1
2024122400723,2024,122400723,1,9,0,18,19,2,6,0,0,0,0,12,0,0,1,1,6,6,2,71,10,1598,1,15,MINI COOPER,9,E01027882,0,1
2024531500452,2024,531500452,2,9,0,-1,19,5,1,-1,0,2,0,0,0,0,1,1,-1,2,2,49,8,-1,3,2,MINI COOPER,7,E01022247,0,3
2024545344924,2024,545344924,1,9,0,9,9,6,4,0,0,1,0,0,0,0,0,1,6,6,2,59,9,1998,1,1,MINI COOPER,6,E01032051,0,1
2024332400700,2024,332400700,1,9,0,-1,19,1,5,-1,0,0,0,0,0,0,1,1,-1,6,1,20,4,1598,1,18,MINI COOPER,9,E01025945,0,1
2024430228247,2024,430228247,2,9,0,18,19,3,7,0,0,0,0,0,0,0,3,1,6,6,2,46,8,1499,1,6,MINI COOPER,9,E01016263,0,1
2024471514276,2024,471514276,2,9,0,-1,6,5,5,-1,0,0,0,0,0,0,2,1,-1,9,1,27,6,1499,1,5,MINI COOPER,1,E01020992,0,1
2024061530076,2024,061530076,1,9,0,-1,19,1,5,-1,0,1,0,0,0,0,1,1,-1,6,2,57,9,1499,1,5,MINI COOPER,4,E01005971,0,1
2024141423295,2024,141423295,2,9,0,-1,19,2,6,-1,0,1,0,0,0,0,3,1,-1,2,2,46,8,1499,1,7,MINI COOPER,8,E01007921,0,1
2024010550152,2024,010550152,4,9,0,2,2,0,0,0,0,0,0,0,0,0,3,1,6,6,3,-1,-1,1499,1,5,MINI COOPER,-1,-1,0,-1
2024201463638,2024,201463638,2,9,0,-1,9,3,1,-1,0,5,0,0,0,0,1,1,-1,9,2,43,7,1598,1,18,MINI COOPER,2,E01009088,0,1
202454C246924,2024,54C246924,1,9,0,9,9,8,4,0,0,1,0,0,0,0,3,1,6,6,1,62,9,1496,2,8,MINI COOPER,9,E01031886,0,2
2024991440805,2024,991440805,2,9,0,-1,19,7,4,-1,0,0,0,0,0,0,1,1,-1,6,1,59,9,1499,1,6,MINI COOPER,8,-1,0,3
2024461528662,2024,461528662,1,9,0,-1,19,7,3,-1,0,0,0,0,0,0,1,1,-1,2,2,26,6,1598,1,14,MINI COOPER,6,E01001573,0,3
202460Q146343,2024,60Q146343,1,9,0,16,19,5,1,0,0,0,0,0,0,0,1,1,2,2,2,26,6,1598,1,16,MINI COOPER,-1,-1,0,-1
2024010499526,2024,010499526,1,9,0,1,1,4,8,0,0,0,0,0,0,0,2,1,6,6,1,56,9,1998,1,9,MINI COOPER,6,E01000203,0,1
2024011486295,2024,011486295,3,9,0,-1,19,6,2,-1,0,0,0,0,0,0,3,9,-1,6,2,50,8,1598,1,21,MINI COOPER,9,E01000371,0,1
2024010508215,2024,010508215,1,9,0,99,99,9,9,99,99,9,9,99,9,99,1,9,6,6,3,-1,-1,1499,1,10,MINI COOPER,-1,-1,0,-1
2024201487550,2024,201487550,2,9,0,-1,3,5,1,-1,9,8,0,0,0,0,1,2,-1,6,2,64,9,1598,1,12,MINI COOPER,10,E01029629,0,4
2024010533180,2024,010533180,2,9,0,2,2,0,0,0,0,0,0,0,0,0,2,1,6,6,3,-1,-1,1499,1,4,MINI COOPER,-1,-1,0,-1
2024421446201,2024,421446201,1,9,0,-1,7,6,8,-1,0,2,0,0,0,0,1,1,-1,6,1,27,6,1598,2,11,MINI COOPER,4,E01021979,0,1
2024010514864,2024,010514864,1,9,0,18,19,5,1,0,0,8,0,0,0,0,4,1,6,6,1,65,9,1998,1,9,MINI COOPER,8,E01001224,0,1
2024411414160,2024,411414160,1,9,0,-1,3,5,1,-1,0,0,0,0,0,0,1,1,-1,6,1,32,6,1499,1,1,MINI COOPER,4,E01023797,0,1
2024320494126,2024,320494126,3,9,0,9,9,4,8,0,0,5,0,0,0,0,2,1,-1,-1,2,59,9,1499,1,8,MINI COOPER,6,E01034687,0,2
2024201473389,2024,201473389,2,9,0,-1,9,8,2,-1,0,8,0,0,0,0,4,1,-1,9,2,19,4,1499,1,2,MINI COOPER,9,E01010227,0,3
2024111517736,2024,111517736,4,9,0,-1,2,0,0,-1,9,1,0,0,0,0,2,1,-1,6,-1,-1,-1,1499,1,3,MINI COOPER,-1,-1,0,-1
2024440511992,2024,440511992,2,9,0,18,19,1,5,0,0,0,0,0,0,0,1,1,6,6,1,18,4,1598,1,21,MINI COOPER,5,E01023063,0,1
2024522500102,2024,522500102,1,9,0,18,19,7,3,0,0,8,0,0,0,0,1,1,6,6,2,63,9,1598,1,12,MINI COOPER,7,E01014805,0,1
2024471429320,2024,471429320,2,9,0,-1,5,1,8,-1,0,6,0,0,0,0,4,1,-1,6,2,26,6,1598,1,12,MINI COOPER,6,E01021198,0,1
2024201486623,2024,201486623,2,9,0,-1,3,2,6,-1,0,2,0,0,0,0,2,1,-1,9,1,61,9,-1,3,1,MINI COOPER,4,E01009813,0,2
2024122400477,2024,122400477,2,9,0,4,4,7,3,0,0,0,0,0,0,0,2,1,1,1,2,53,8,1998,1,10,MINI COOPER,10,E01027674,0,1
2024451422501,2024,451422501,1,9,0,-1,19,3,7,-1,0,0,5,0,0,0,1,1,-1,6,1,25,5,1598,1,14,MINI COOPER,2,E01020910,0,4
2024332400348,2024,332400348,2,9,0,-1,19,8,4,-1,0,0,1,10,5,4,2,1,-1,6,1,34,6,1560,2,16,MINI COOPER,7,E01013686,0,1
2024010533834,2024,010533834,2,9,0,3,3,5,1,0,0,0,0,0,0,0,2,1,6,6,2,67,10,1499,1,8,MINI COOPER,1,E01002907,0,1
2024010545000,2024,010545000,2,9,9,18,19,9,9,99,99,9,9,99,9,99,9,9,6,6,3,-1,-1,1499,1,2,MINI COOPER,-1,-1,0,-1
2024461447982,2024,461447982,1,9,0,-1,19,7,3,-1,0,0,0,0,0,0,4,1,-1,7,1,18,4,1598,1,18,MINI COOPER,8,E01024750,0,1
2024041503410,2024,041503410,2,9,0,-1,19,3,7,-1,0,0,0,0,0,0,2,1,-1,2,2,36,7,1499,1,8,MINI COOPER,2,E01025390,0,3