collision_index,collision_year,collision_ref_no,vehicle_reference,vehicle_type,towing_and_articulation,vehicle_manoeuvre_historic,vehicle_manoeuvre,vehicle_direction_from,vehicle_direction_to,vehicle_location_restricted_lane_historic,vehicle_location_restricted_lane,junction_location,skidding_and_overturning,hit_object_in_carriageway,vehicle_leaving_carriageway,hit_object_off_carriageway,first_point_of_impact,vehicle_left_hand_drive,journey_purpose_of_driver_historic,journey_purpose_of_driver,sex_of_driver,age_of_driver,age_band_of_driver,engine_capacity_cc,propulsion_code,age_of_vehicle,generic_make_model,driver_imd_decile,lsoa_of_driver,escooter_flag,driver_distance_banding
2024070879651,2024,070879651,2,11,0,-1,19,8,4,-1,0,0,0,0,0,0,1,1,-1,1,1,61,9,5130,2,7,OPTARE VERSA,-1,-1,0,-1
2024501494376,2024,501494376,3,8,0,-1,2,0,0,-1,0,0,0,0,0,0,3,1,-1,6,-1,-1,-1,1997,2,11,PEUGEOT E7,-1,-1,0,-1
2024201498627,2024,201498627,1,8,0,-1,10,7,4,-1,0,1,0,0,0,0,0,1,-1,6,1,42,7,1997,2,7,PEUGEOT E7,-1,-1,0,-1
2024430196833,2024,430196833,2,8,0,9,9,7,6,0,0,5,0,0,0,0,3,1,6,6,1,56,9,1997,2,8,PEUGEOT E7,8,E01017838,0,3
2024061483257,2024,061483257,1,8,0,-1,19,3,7,-1,0,5,5,0,0,0,3,1,-1,1,1,41,7,1997,2,12,PEUGEOT E7,6,E01006157,0,2
2024610032024,2024,610032024,2,9,0,18,19,3,7,0,0,0,0,0,0,0,4,1,6,6,1,51,8,-1,-1,-1,PEUGEOT E7,1,W01001692,0,1
2024351441129,2024,351441129,2,8,0,-1,19,7,3,-1,0,0,0,0,0,0,3,1,-1,6,1,50,8,1997,2,11,PEUGEOT E7,10,E01018260,0,3
2024991489833,2024,991489833,1,8,0,-1,9,2,8,-1,0,1,0,0,0,0,3,1,-1,6,1,60,9,1997,2,8,PEUGEOT E7,8,-1,0,2
2024141393618,2024,141393618,1,9,0,-1,7,7,1,-1,0,8,0,0,0,0,3,1,-1,1,1,44,7,-1,-1,-1,PEUGEOT E7,2,E01007855,0,1
2024201436708,2024,201436708,4,8,0,-1,3,4,8,-1,0,1,0,0,0,0,0,1,-1,6,1,23,5,1997,2,11,PEUGEOT E7,1,E01009839,0,2
2024041508554,2024,041508554,1,9,0,-1,9,6,2,-1,1,5,0,0,0,0,1,1,-1,9,1,67,10,-1,-1,-1,PEUGEOT E7,2,E01012642,0,3
2024052400382,2024,052400382,4,8,0,18,19,5,1,0,0,0,0,0,0,0,2,1,1,1,1,62,9,1997,2,8,PEUGEOT E7,1,E01006672,0,3
2024332400972,2024,332400972,1,9,0,-1,2,0,0,-1,0,0,0,0,0,0,1,1,-1,6,1,58,9,-1,-1,-1,PEUGEOT E7,4,E01013662,0,1
2024052402043,2024,052402043,2,8,0,18,19,3,7,0,0,1,0,0,8,2,4,1,6,6,1,51,8,1997,2,10,PEUGEOT E7,1,E01007210,0,1
2024541034724,2024,541034724,1,9,0,18,19,6,1,0,0,1,0,0,0,0,1,1,6,6,1,48,8,-1,-1,-1,PEUGEOT E7,6,E01015574,0,1
2024311406895,2024,311406895,2,2,0,-1,19,1,5,-1,0,3,1,0,0,0,3,1,-1,9,1,20,4,49,1,4,PEUGEOT SPEEDFIGHT,-1,-1,0,-1
2024501453725,2024,501453725,1,2,0,-1,19,1,5,-1,0,0,1,0,0,0,1,1,-1,2,1,17,4,49,1,7,PEUGEOT SPEEDFIGHT,5,E01020030,0,3
2024440231178,2024,440231178,1,2,0,17,19,7,4,0,0,0,0,0,0,0,4,1,6,6,1,17,4,125,1,3,PEUGEOT SPEEDFIGHT,8,E01023170,0,3
2024311486297,2024,311486297,2,2,0,-1,19,5,1,-1,0,1,5,0,0,0,3,1,-1,9,1,16,4,49,1,1,PEUGEOT SPEEDFIGHT,1,E01028066,0,3
2024471459525,2024,471459525,2,3,0,-1,19,3,7,-1,0,1,0,0,0,0,4,1,-1,6,1,16,4,-1,-1,-1,PEUGEOT SPEEDFIGHT,9,E01031625,0,3
2024122400345,2024,122400345,1,3,0,18,19,8,4,0,0,8,0,0,0,0,3,1,6,6,1,26,6,125,1,5,PEUGEOT SPEEDFIGHT,7,E01027585,0,4
2024440484441,2024,440484441,1,3,0,12,12,5,1,0,0,0,1,0,0,0,3,1,6,6,1,25,5,125,1,4,PEUGEOT SPEEDFIGHT,6,E01017025,0,2
2024440487723,2024,440487723,2,3,0,18,19,7,3,0,0,1,0,0,0,0,1,1,6,6,1,17,4,49,1,17,PEUGEOT SPEEDFIGHT,1,E01022917,0,2
2024122401229,2024,122401229,1,3,0,16,19,4,1,0,0,1,0,0,7,1,1,1,6,6,2,42,7,125,1,4,PEUGEOT SPEEDFIGHT,8,E01027783,0,1
2024622400755,2024,622400755,2,2,0,18,19,5,1,0,0,1,0,0,0,0,1,1,6,6,1,16,4,49,1,10,PEUGEOT SPEEDFIGHT,1,W01000817,0,1
2024161454079,2024,161454079,2,2,0,-1,19,7,3,-1,0,0,2,0,0,0,1,1,-1,6,1,18,4,49,1,1,PEUGEOT SPEEDFIGHT,-1,-1,0,-1
2024552401384,2024,552401384,1,3,0,14,14,2,6,4,4,8,0,0,0,0,1,1,1,1,1,28,6,125,1,4,PEUGEOT SPEEDFIGHT,3,E01015292,0,1
2024501478125,2024,501478125,1,3,0,-1,4,6,6,-1,0,0,1,0,0,0,1,1,-1,1,1,19,4,125,1,8,PEUGEOT SPEEDFIGHT,3,E01018927,0,3
2024320733667,2024,320733667,2,3,0,-1,-1,2,6,0,0,1,5,0,1,0,1,1,6,6,1,36,7,125,1,6,PEUGEOT SPEEDFIGHT,4,E01026268,0,1
2024311469862,2024,311469862,1,3,0,-1,19,7,3,-1,0,1,0,0,0,0,1,1,-1,9,2,34,6,100,1,19,PEUGEOT SPEEDFIGHT,2,E01013832,0,1
2024320489533,2024,320489533,1,2,0,9,9,2,8,0,0,6,0,0,0,0,3,1,-1,-1,1,16,4,49,1,22,PEUGEOT SPEEDFIGHT,8,E01026171,0,1
2024010542962,2024,010542962,1,3,0,18,19,1,5,0,0,1,1,0,0,0,1,1,2,2,1,31,6,125,1,6,PEUGEOT SPEEDFIGHT,8,E01000241,0,2
2024471394089,2024,471394089,1,3,0,-1,19,1,5,-1,0,0,0,11,0,0,1,1,-1,6,1,17,4,125,1,4,PEUGEOT SPEEDFIGHT,6,E01021198,0,3
2024522500087,2024,522500087,2,2,0,14,14,2,6,0,0,1,0,0,0,0,1,1,6,6,1,16,4,49,1,3,PEUGEOT SPEEDFIGHT,5,E01014675,0,2
2024311436360,2024,311436360,3,3,0,-1,19,2,1,-1,0,0,1,0,1,0,1,1,-1,9,1,39,7,125,1,4,PEUGEOT SPEEDFIGHT,3,E01028310,0,3
2024440256276,2024,440256276,1,2,0,18,19,5,1,0,0,8,0,0,0,0,4,1,4,7,2,16,4,49,1,6,PEUGEOT SPEEDFIGHT,5,E01022835,0,1
2024522402957,2024,522402957,1,3,0,13,13,3,7,0,0,0,0,0,0,0,1,1,6,6,1,22,5,125,1,4,PEUGEOT SPEEDFIGHT,3,E01014951,0,1
2024501404492,2024,501404492,2,3,0,-1,19,5,2,-1,0,0,1,0,0,0,1,1,-1,6,1,52,8,125,1,6,PEUGEOT SPEEDFIGHT,1,E01015256,0,2
2024361515759,2024,361515759,2,3,0,-1,19,4,8,-1,0,2,1,0,0,0,1,1,-1,2,1,45,7,125,1,5,PEUGEOT SPEEDFIGHT,8,E01026518,0,2
2024440416865,2024,440416865,2,2,0,18,19,1,5,0,0,2,0,0,0,0,1,1,6,6,1,16,4,49,1,26,PEUGEOT SPEEDFIGHT,6,E01017023,0,1
2024302400175,2024,302400175,1,4,0,16,19,7,2,0,0,8,0,0,0,0,1,1,6,6,1,20,4,125,1,4,PEUGEOT SPEEDFIGHT,6,E01028125,0,1
2024520500055,2024,520500055,1,3,0,18,19,1,5,0,0,1,0,0,0,0,1,1,6,6,2,53,8,125,1,3,PEUGEOT SPEEDFIGHT,8,E01035128,0,1
2024122401115,2024,122401115,2,2,0,18,19,5,1,0,0,8,0,0,0,0,1,1,2,2,1,33,6,125,1,5,PEUGEOT SPEEDFIGHT,3,E01027651,0,2
2024131483454,2024,131483454,1,3,0,-1,19,7,3,-1,0,0,1,0,0,0,3,1,-1,9,1,21,5,100,1,19,PEUGEOT SPEEDFIGHT,1,E01011036,0,2
2024461400766,2024,461400766,2,2,0,-1,7,1,2,-1,0,0,1,8,0,0,1,1,-1,9,1,16,4,49,1,14,PEUGEOT SPEEDFIGHT,8,E01035012,0,1
2024221438387,2024,221438387,1,3,0,-1,19,1,4,-1,0,3,0,0,0,0,1,1,-1,6,1,42,7,125,1,7,PEUGEOT SPEEDFIGHT,4,E01022240,0,3
2024440186645,2024,440186645,1,2,0,16,19,4,8,0,0,1,1,0,7,0,1,1,2,2,1,17,4,125,1,5,PEUGEOT SPEEDFIGHT,3,E01017184,0,1
2024161483780,2024,161483780,1,2,0,-1,7,3,7,-1,0,8,0,0,0,0,3,1,-1,9,1,17,4,49,1,10,PEUGEOT SPEEDFIGHT,8,E01013189,0,1
2024010526652,2024,010526652,2,2,0,18,19,5,1,0,0,6,2,0,0,0,1,1,6,6,1,38,7,49,1,4,PEUGEOT SPEEDFIGHT,2,E01003499,0,1
202460Q181578,2024,60Q181578,2,3,0,18,19,7,3,0,0,2,0,0,0,0,4,1,2,2,1,53,8,125,1,9,PEUGEOT SPEEDFIGHT,-1,-1,0,-1
2024552400357,2024,552400357,1,2,0,7,7,4,5,0,0,5,0,0,0,0,1,1,6,6,1,16,4,49,1,7,PEUGEOT SPEEDFIGHT,4,E01020571,0,1
2024522401755,2024,522401755,1,9,0,16,19,6,3,0,0,0,5,0,0,0,1,1,6,6,1,37,7,1595,1,18,SEAT ALTEA,3,E01029062,0,4
2024010531425,2024,010531425,1,9,0,1,1,1,5,0,0,1,0,0,0,0,2,1,6,6,1,40,7,1595,1,15,SEAT ALTEA,4,E01002580,0,2
2024401537216,2024,401537216,1,9,0,-1,19,3,7,-1,0,0,1,0,0,0,1,1,-1,6,1,51,8,1598,2,13,SEAT ALTEA,9,E01017582,0,1
2024501532110,2024,501532110,1,9,0,-1,3,1,5,-1,0,0,0,0,0,0,2,1,-1,6,2,29,6,1896,2,15,SEAT ALTEA,8,E01034638,0,1
2024141398660,2024,141398660,2,9,0,-1,4,1,5,-1,0,2,0,0,0,0,1,9,-1,6,3,-1,-1,1598,2,14,SEAT ALTEA,-1,-1,0,-1
2024131434748,2024,131434748,1,9,0,-1,9,3,5,-1,0,1,0,0,0,0,1,1,-1,6,1,58,9,1968,2,17,SEAT ALTEA,3,E01011779,0,1
2024471425294,2024,471425294,1,9,0,-1,4,3,7,-1,0,0,1,0,2,4,1,1,-1,2,1,46,8,1968,2,16,SEAT ALTEA,6,E01031390,0,3
2024131421039,2024,131421039,1,9,0,-1,19,5,1,-1,0,8,2,7,4,11,1,1,-1,9,1,79,11,1595,1,15,SEAT ALTEA,7,E01011878,0,1
2024131415629,2024,131415629,1,9,0,-1,9,8,2,-1,0,8,0,0,0,0,1,1,-1,6,1,63,9,1896,2,14,SEAT ALTEA,2,E01011421,0,1
2024440560485,2024,440560485,1,9,0,7,7,1,3,0,0,5,0,0,0,0,4,1,6,6,1,26,6,1598,2,12,SEAT ALTEA,5,E01017016,0,1
2024010528378,2024,010528378,3,9,0,2,2,0,0,0,0,1,0,0,0,0,1,1,6,6,3,-1,-1,1595,1,17,SEAT ALTEA,-1,-1,0,-1
2024471407605,2024,471407605,1,9,0,-1,19,5,1,-1,0,4,0,0,0,0,1,1,-1,6,1,57,9,1896,2,16,SEAT ALTEA,3,E01031787,0,1
2024131531414,2024,131531414,1,9,0,-1,8,1,5,-1,0,4,0,0,0,0,1,1,-1,1,1,49,8,1598,2,13,SEAT ALTEA,2,E01010615,0,3
2024131433149,2024,131433149,1,9,0,-1,19,3,7,-1,0,0,1,0,0,0,4,1,-1,6,3,-1,-1,1968,2,14,SEAT ALTEA,-1,-1,0,-1
2024221494716,2024,221494716,1,9,0,-1,19,6,2,-1,0,0,0,0,0,0,1,9,-1,6,1,36,7,1896,2,17,SEAT ALTEA,9,E01032396,0,1
2024991510946,2024,991510946,1,9,0,-1,19,4,8,-1,0,0,0,0,0,0,1,1,-1,9,2,83,11,1598,2,12,SEAT ALTEA,6,-1,0,1
2024041470919,2024,041470919,1,9,0,-1,19,1,5,-1,0,0,2,0,1,0,4,1,-1,9,1,33,6,1896,2,15,SEAT ALTEA,6,E01019235,0,5
2024340NN0242,2024,340NN0242,1,9,0,-1,19,6,2,-1,0,0,0,0,0,0,4,1,-1,6,2,35,6,1598,2,11,SEAT ALTEA,3,E01027058,0,1
2024041494300,2024,041494300,1,9,0,-1,19,7,3,-1,0,1,0,0,0,0,4,1,-1,9,1,26,6,1595,1,15,SEAT ALTEA,1,E01025120,0,1
2024520402612,2024,520402612,2,9,0,18,19,2,6,0,0,8,0,0,0,0,1,1,6,6,2,47,8,1896,2,16,SEAT ALTEA,7,E01029164,0,2
2024430406907,2024,430406907,1,9,0,18,19,5,1,0,0,0,0,0,0,0,1,1,2,2,1,44,7,1968,2,14,SEAT ALTEA,1,E01016394,0,1
2024131413003,2024,131413003,3,9,0,-1,7,1,3,-1,0,8,0,0,0,0,4,1,-1,9,2,30,6,1390,1,15,SEAT ALTEA,1,E01010679,0,1
2024122400686,2024,122400686,1,9,0,18,19,8,4,0,0,0,0,0,1,10,1,1,6,6,1,35,6,1598,2,13,SEAT ALTEA,8,E01011583,0,4
2024552401075,2024,552401075,2,9,0,18,19,8,4,0,0,0,0,0,0,0,1,1,6,6,2,48,8,1598,2,12,SEAT ALTEA,5,E01020412,0,1
2024451489288,2024,451489288,2,9,0,-1,5,1,5,-1,0,4,0,0,0,0,1,1,-1,7,1,37,7,1968,2,17,SEAT ALTEA,10,E01030726,0,1
2024451503792,2024,451503792,1,9,0,-1,19,1,1,-1,0,8,0,0,0,0,1,9,-1,6,1,36,7,1197,1,12,SEAT ALTEA,8,E01030803,0,1
2024141423857,2024,141423857,1,9,0,-1,19,4,8,-1,0,1,0,0,0,0,1,1,-1,2,1,55,8,1598,2,13,SEAT ALTEA,1,E01007883,0,1
2024101473933,2024,101473933,2,9,0,-1,19,3,7,-1,0,0,0,0,0,0,1,1,-1,9,1,63,9,1598,2,11,SEAT ALTEA,1,E01008438,0,1
2024501404086,2024,501404086,2,9,0,-1,4,5,1,-1,0,0,0,0,0,0,3,1,-1,9,1,68,10,1598,2,9,SEAT ALTEA,4,E01018863,0,1
2024161426296,2024,161426296,1,9,0,-1,19,1,5,-1,0,1,0,0,0,0,1,1,-1,9,1,37,7,1896,2,17,SEAT ALTEA,1,E01013159,0,4
2024411486380,2024,411486380,1,9,0,-1,19,8,5,-1,9,0,0,4,1,0,1,1,-1,6,1,28,6,1968,2,13,SEAT ALTEA,5,E01023677,0,1
2024451439057,2024,451439057,1,9,0,-1,14,1,5,-1,0,0,0,4,0,0,1,1,-1,9,2,70,10,1896,2,17,SEAT ALTEA,3,E01016511,0,3
2024320372237,2024,320372237,1,9,0,-1,-1,3,7,0,0,0,1,0,1,9,1,1,-1,-1,2,32,6,1896,2,16,SEAT ALTEA,4,E01026256,0,3
2024101409728,2024,101409728,1,9,0,-1,9,1,3,-1,0,8,1,0,0,0,1,1,-1,1,2,37,7,1598,2,14,SEAT ALTEA,3,E01008476,0,1
2024461499981,2024,461499981,3,9,0,-1,4,2,2,-1,0,2,0,0,0,0,1,1,-1,6,2,39,7,1598,2,10,SEAT ALTEA,4,E01023986,0,2
2024461438945,2024,461438945,1,9,0,-1,19,7,2,-1,9,2,0,0,3,0,1,2,-1,6,2,37,7,1894,2,16,SEAT ALTEA,7,E01024236,0,3
2024131449526,2024,131449526,3,9,0,-1,4,3,7,-1,0,0,0,0,0,0,2,1,-1,9,1,32,6,1896,2,17,SEAT ALTEA,4,E01035417,0,5
2024041463186,2024,041463186,3,9,0,-1,19,5,1,-1,0,0,0,0,0,0,2,1,-1,6,1,20,4,1598,2,13,SEAT ALTEA,1,E01024875,0,4
2024631442863,2024,631442863,3,9,0,-1,20,0,0,-1,-1,1,0,0,0,0,4,1,-1,6,1,51,8,1896,2,18,SEAT ALTEA,6,W01000492,0,4
2024430454402,2024,430454402,1,9,0,18,19,3,5,0,0,2,0,0,0,0,1,1,6,6,3,-1,-1,1968,2,17,SEAT ALTEA,-1,-1,0,-1
2024320690251,2024,320690251,1,9,0,-1,-1,8,4,0,0,0,0,0,0,0,1,1,-1,-1,2,32,6,1896,2,16,SEAT ALTEA,4,E01026256,0,3
2024161481305,2024,161481305,2,9,0,-1,19,3,1,-1,0,2,0,0,0,0,1,9,-1,1,1,-1,-1,1896,2,15,SEAT ALTEA,1,E01013181,0,1
2024991480298,2024,991480298,1,9,0,-1,19,7,3,-1,0,1,0,0,0,0,1,1,-1,1,2,58,9,1598,2,13,SEAT ALTEA,3,-1,0,1
2024141423284,2024,141423284,2,9,0,-1,19,1,5,-1,0,1,0,0,0,0,1,1,-1,2,2,44,7,1896,2,17,SEAT ALTEA,8,E01007890,0,1
2024461443943,2024,461443943,4,9,0,-1,19,4,7,-1,0,0,0,0,0,0,1,1,-1,6,2,36,7,1896,2,16,SEAT ALTEA,2,E01024600,0,1
2024311454338,2024,311454338,2,9,0,-1,5,2,4,-1,0,0,0,0,0,0,1,1,-1,6,3,25,5,1896,2,16,SEAT ALTEA,-1,-1,0,-1
2024101474157,2024,101474157,2,9,0,-1,19,1,6,-1,0,8,0,0,0,0,4,1,-1,9,1,69,10,1595,1,18,SEAT ALTEA,1,E01020749,0,1
2024411418485,2024,411418485,1,9,0,-1,19,7,3,-1,0,2,1,0,7,9,1,1,-1,6,1,38,7,1968,2,15,SEAT ALTEA,6,E01023927,0,1
2024501503782,2024,501503782,1,9,0,-1,1,2,6,-1,-1,0,9,99,1,99,3,1,-1,6,1,43,7,1896,2,17,SEAT ALTEA,3,E01018998,0,1
2024320723863,2024,320723863,1,9,0,-1,-1,8,4,0,0,0,0,0,0,0,1,1,6,6,1,59,9,1968,2,16,SEAT ALTEA,6,E01026264,0,1
2024501440927,2024,501440927,1,9,0,-1,19,7,3,-1,0,4,0,0,0,0,3,1,-1,9,2,39,7,1598,2,11,SEAT ALTEA,5,E01020279,0,1
2024371436928,2024,371436928,1,9,0,-1,19,1,5,-1,0,0,0,0,7,2,1,1,-1,6,2,37,7,1896,2,16,SEAT ALTEA,3,E01029938,0,1
2024451430204,2024,451430204,1,9,0,-1,19,1,5,-1,0,0,2,0,0,0,1,1,-1,2,1,20,4,1896,2,17,SEAT ALTEA,9,E01030978,0,2
2024101492172,2024,101492172,1,9,0,-1,19,3,6,-1,0,1,0,0,0,0,1,1,-1,6,1,22,5,1896,2,15,SEAT ALTEA,-1,-1,0,-1
2024010497442,2024,010497442,3,9,0,18,19,1,5,0,0,3,0,0,0,0,1,1,6,6,1,49,8,999,1,1,SKODA KAMIQ,2,E01001318,0,1
2024531517612,2024,531517612,1,9,0,-1,19,8,4,-1,0,2,0,0,0,0,1,1,-1,9,1,39,7,1498,1,0,SKODA KAMIQ,2,E01022290,0,1
2024461434414,2024,461434414,2,9,0,-1,20,7,3,-1,0,0,0,0,0,0,3,1,-1,6,2,35,6,1498,1,1,SKODA KAMIQ,4,E01035318,0,1
2024461451002,2024,461451002,1,9,0,-1,19,7,3,-1,0,2,0,4,0,0,1,1,-1,6,2,74,10,999,1,1,SKODA KAMIQ,10,E01016085,0,3
2024361439650,2024,361439650,1,9,0,-1,5,6,2,-1,0,4,0,0,0,0,1,1,-1,6,2,46,8,999,1,4,SKODA KAMIQ,5,E01026776,0,2
2024471428444,2024,471428444,2,9,0,-1,19,7,3,-1,0,0,0,0,0,0,2,1,-1,6,2,38,7,999,1,2,SKODA KAMIQ,6,E01021125,0,2
2024430209112,2024,430209112,1,9,0,9,9,8,5,0,0,6,0,0,0,0,3,1,6,6,1,30,6,999,1,1,SKODA KAMIQ,3,E01034615,0,2
2024522401612,2024,522401612,1,9,0,5,5,6,2,0,0,8,0,0,0,0,1,1,6,6,1,54,8,999,1,2,SKODA KAMIQ,9,W01001913,0,4
2024122400407,2024,122400407,4,9,0,18,19,2,6,0,0,2,0,0,0,0,2,1,6,6,2,64,9,1498,1,5,SKODA KAMIQ,7,E01027858,0,4
2024061518741,2024,061518741,3,9,0,-1,19,5,1,-1,0,0,0,0,0,0,2,1,-1,1,1,28,6,1498,1,3,SKODA KAMIQ,6,E01005985,0,1
2024547591724,2024,547591724,2,9,0,4,4,6,3,0,0,1,0,0,7,0,1,1,1,1,2,54,8,999,1,1,SKODA KAMIQ,6,E01032082,0,2
2024061521006,2024,061521006,5,9,0,-1,2,0,0,-1,0,0,0,0,0,0,2,1,-1,6,1,49,8,999,1,0,SKODA KAMIQ,4,-1,0,5
2024440311528,2024,440311528,1,9,0,9,9,2,8,0,0,6,0,0,3,1,1,1,6,6,2,51,8,999,1,3,SKODA KAMIQ,5,E01022845,0,2
2024471441323,2024,471441323,1,9,0,-1,19,3,7,-1,0,0,0,0,0,0,1,1,-1,2,2,20,4,999,1,2,SKODA KAMIQ,10,E01021219,0,1
2024111478235,2024,111478235,1,9,0,-1,19,1,5,-1,0,0,2,0,1,0,1,1,-1,6,1,22,5,999,1,0,SKODA KAMIQ,1,E01008714,0,1
2024461477985,2024,461477985,2,9,0,-1,3,4,8,-1,0,0,0,0,0,0,1,1,-1,9,1,30,6,999,1,1,SKODA KAMIQ,9,E01016092,0,2
2024471466053,2024,471466053,2,9,0,-1,9,8,7,-1,0,6,0,0,0,0,3,1,-1,6,1,29,6,999,1,1,SKODA KAMIQ,7,E01031398,0,2
2024411512536,2024,411512536,3,9,0,-1,3,6,5,-1,0,0,0,0,0,0,2,1,-1,6,1,49,8,999,1,0,SKODA KAMIQ,10,E01031214,0,5
2024201492062,2024,201492062,1,9,0,-1,15,4,8,-1,0,2,0,4,0,0,3,9,-1,9,1,52,8,999,1,1,SKODA KAMIQ,1,E01009007,0,1
2024122401143,2024,122401143,1,9,0,18,19,3,7,0,0,8,0,0,0,0,1,1,6,6,1,35,6,999,1,4,SKODA KAMIQ,6,E01013441,0,1
2024221530051,2024,221530051,2,9,0,-1,19,4,1,-1,0,8,0,0,0,0,1,1,-1,9,2,31,6,999,1,2,SKODA KAMIQ,4,E01014098,0,2
2024201503649,2024,201503649,1,9,0,-1,3,4,8,-1,2,0,0,0,0,0,2,1,-1,6,1,64,9,999,1,3,SKODA KAMIQ,6,E01032530,0,1
2024361414060,2024,361414060,2,9,0,-1,10,2,6,-1,0,0,0,0,0,0,2,1,-1,9,2,47,8,999,1,0,SKODA KAMIQ,5,E01026464,0,3
2024201438896,2024,201438896,1,9,0,-1,8,2,5,-1,0,0,0,0,0,0,2,1,-1,9,1,93,11,999,1,4,SKODA KAMIQ,1,E01009073,0,1
2024010535139,2024,010535139,1,9,9,7,7,1,2,4,4,5,0,0,3,99,3,9,6,6,3,-1,-1,999,1,3,SKODA KAMIQ,-1,-1,0,-1
2024610031524,2024,610031524,1,9,0,17,19,3,8,0,0,0,0,0,1,11,1,1,6,6,1,34,6,999,1,1,SKODA KAMIQ,1,W01001646,0,2
2024231521537,2024,231521537,1,9,0,-1,11,2,7,-1,0,8,0,0,1,0,1,1,-1,1,2,44,7,999,1,0,SKODA KAMIQ,8,E01025935,0,4
2024471523358,2024,471523358,2,9,0,-1,2,0,0,-1,-1,0,-1,-1,-1,0,-1,9,-1,6,3,-1,-1,999,1,4,SKODA KAMIQ,-1,-1,0,-1
2024332401108,2024,332401108,2,9,0,-1,9,2,8,-1,0,6,0,0,0,0,1,1,-1,6,2,62,9,999,1,2,SKODA KAMIQ,4,E01025933,0,1
2024440461059,2024,440461059,2,9,0,18,19,5,1,0,0,0,0,0,0,0,1,1,2,2,1,55,8,999,1,0,SKODA KAMIQ,10,E01022684,0,2
2024451456806,2024,451456806,1,9,0,-1,19,1,5,-1,0,1,1,0,0,0,3,1,-1,9,2,72,10,999,1,0,SKODA KAMIQ,9,E01030947,0,1
2024440217865,2024,440217865,3,9,0,2,2,0,0,0,0,1,0,0,0,0,1,1,6,6,1,29,6,999,1,3,SKODA KAMIQ,-1,-1,0,-1
2024141505999,2024,141505999,1,9,0,-1,19,2,6,-1,0,8,0,0,0,0,2,1,-1,9,1,17,4,999,1,0,SKODA KAMIQ,1,E01007769,0,3
2024122400613,2024,122400613,1,9,0,18,19,4,8,0,0,0,0,0,7,0,1,1,6,6,2,82,11,999,1,3,SKODA KAMIQ,6,E01025132,0,4
2024371460857,2024,371460857,1,9,0,-1,19,5,1,-1,0,2,0,0,1,0,1,1,-1,6,1,58,9,999,1,2,SKODA KAMIQ,6,E01029915,0,1
2024101461886,2024,101461886,1,9,0,-1,19,8,4,-1,0,5,0,0,0,0,1,1,-1,9,2,63,9,999,1,0,SKODA KAMIQ,3,E01008567,0,2
2024070484728,2024,070484728,1,9,0,5,5,5,1,0,0,0,0,0,0,0,2,1,6,6,2,79,11,1498,1,2,SKODA KAMIQ,3,E01018552,0,1
2024061407373,2024,061407373,1,9,0,-1,9,5,3,-1,0,8,0,0,0,0,1,1,-1,2,2,43,7,999,1,2,SKODA KAMIQ,8,E01005329,0,1
2024061505826,2024,061505826,2,9,0,-1,19,4,2,-1,0,8,0,0,0,0,1,1,-1,9,2,39,7,999,1,2,SKODA KAMIQ,10,E01025355,0,4
2024471514302,2024,471514302,3,9,0,-1,19,5,1,-1,0,0,0,0,0,0,3,1,-1,9,2,56,9,999,1,4,SKODA KAMIQ,7,E01016987,0,4
2024461511229,2024,461511229,1,9,0,-1,7,7,3,-1,0,0,0,0,0,0,3,9,-1,6,2,39,7,999,1,4,SKODA KAMIQ,-1,-1,0,-1
2024041432342,2024,041432342,2,9,0,-1,7,5,3,-1,0,0,0,0,0,0,3,1,-1,6,2,40,7,999,1,2,SKODA KAMIQ,10,E01025502,0,1
2024070961116,2024,070961116,1,9,0,-1,19,3,7,-1,0,1,0,0,2,3,1,1,-1,6,1,85,11,999,1,1,SKODA KAMIQ,7,E01018372,0,1
2024991527805,2024,991527805,1,9,0,-1,9,8,6,-1,0,7,0,0,0,0,1,1,-1,6,2,72,10,1498,1,4,SKODA KAMIQ,4,-1,0,2
2024010543086,2024,010543086,1,9,0,18,19,8,4,0,0,2,0,0,3,0,1,1,6,6,1,78,11,999,1,2,SKODA KAMIQ,4,E01034185,0,1
2024311520202,2024,311520202,1,9,0,-1,19,2,6,-1,0,0,1,7,0,0,1,1,-1,9,2,25,5,999,1,4,SKODA KAMIQ,8,E01025946,0,2
2024101479227,2024,101479227,2,9,0,-1,9,7,3,-1,0,0,0,0,0,0,4,2,-1,6,1,29,6,999,1,2,SKODA KAMIQ,3,E01008262,0,4
2024161491525,2024,161491525,2,9,0,-1,19,1,5,-1,0,8,1,0,0,0,1,1,-1,9,2,54,8,1498,1,3,SKODA KAMIQ,2,E01024502,0,5
2024471427658,2024,471427658,2,9,0,-1,19,8,4,-1,0,1,0,0,0,0,4,1,-1,6,2,71,10,1498,1,2,SKODA KAMIQ,7,E01031661,0,1
2024302400243,2024,302400243,3,9,0,18,19,5,1,0,0,0,0,0,0,0,1,1,2,2,2,21,5,999,1,3,SKODA KAMIQ,6,E01008770,0,5
2024501503893,2024,501503893,2,9,0,-1,19,1,5,-1,0,0,0,0,0,0,1,1,-1,6,1,54,8,999,1,2,SKODA KAMIQ,4,E01029036,0,5
2024010545791,2024,010545791,1,9,0,99,99,9,9,99,99,9,9,99,9,99,2,9,1,1,2,60,9,999,1,1,SKODA KAMIQ,9,E01035172,0,4
202454A763224,2024,54A763224,2,9,0,17,19,2,6,0,0,1,0,0,0,0,1,1,6,6,2,29,6,999,1,3,SKODA KAMIQ,9,E01031879,0,1
2024010500991,2024,010500991,3,9,0,8,8,5,7,0,0,2,0,0,0,0,1,1,6,6,2,37,7,999,1,2,SKODA KAMIQ,5,E01030677,0,3