collision_index,collision_year,collision_ref_no,vehicle_reference,vehicle_type,towing_and_articulation,vehicle_manoeuvre_historic,vehicle_manoeuvre,vehicle_direction_from,vehicle_direction_to,vehicle_location_restricted_lane_historic,vehicle_location_restricted_lane,junction_location,skidding_and_overturning,hit_object_in_carriageway,vehicle_leaving_carriageway,hit_object_off_carriageway,first_point_of_impact,vehicle_left_hand_drive,journey_purpose_of_driver_historic,journey_purpose_of_driver,sex_of_driver,age_of_driver,age_band_of_driver,engine_capacity_cc,propulsion_code,age_of_vehicle,generic_make_model,driver_imd_decile,lsoa_of_driver,escooter_flag,driver_distance_banding
2024421398433,2024,421398433,1,9,0,-1,19,1,5,-1,0,0,0,0,0,0,1,1,-1,6,1,39,7,1498,1,1,SKODA KAMIQ,5,E01021694,0,3
2024010531253,2024,010531253,1,9,0,4,4,3,7,0,0,2,0,0,0,0,2,1,6,6,1,33,6,1498,1,4,SKODA KAMIQ,6,E01000920,0,1
2024010505746,2024,010505746,1,9,0,99,99,9,9,99,99,9,9,99,9,99,3,9,6,6,1,33,6,999,1,2,SKODA KAMIQ,6,E01001029,0,1
2024461396290,2024,461396290,1,9,0,-1,9,4,8,-1,0,1,0,0,0,0,1,1,-1,9,2,39,7,999,1,3,SKODA KAMIQ,7,E01016103,0,1
2024531486977,2024,531486977,1,9,0,-1,9,5,1,-1,0,1,1,0,0,0,1,1,-1,9,1,72,10,999,1,0,SKODA KAMIQ,-1,-1,0,-1
2024221515674,2024,221515674,1,9,0,-1,19,2,6,-1,0,8,0,7,0,0,1,9,-1,6,2,42,7,1498,1,1,SKODA KAMIQ,1,E01032313,0,1
2024440542668,2024,440542668,1,9,0,4,4,8,4,0,0,8,0,0,0,0,2,1,1,1,1,30,6,999,1,3,SKODA KAMIQ,4,E01017071,0,4
2024131491364,2024,131491364,1,9,0,-1,-1,-1,-1,-1,-1,0,-1,-1,-1,-1,-1,1,-1,6,3,-1,-1,999,1,0,SKODA KAMIQ,-1,-1,0,-1
2024201516750,2024,201516750,2,9,0,-1,19,8,4,-1,0,0,0,0,0,0,4,1,-1,9,2,61,9,999,1,3,SKODA KAMIQ,5,E01009247,0,1
2024070256432,2024,070256432,1,9,0,2,2,0,0,6,6,1,0,0,0,0,1,1,6,6,1,64,9,1498,1,2,SKODA KAMIQ,5,E01006538,0,1
2024351498918,2024,351498918,1,9,0,-1,19,5,5,-1,0,4,0,0,0,0,1,1,-1,6,1,56,9,999,1,0,SKODA KAMIQ,2,E01035543,0,1
2024211485125,2024,211485125,2,9,0,-1,19,1,5,-1,0,0,0,0,0,0,1,1,-1,9,1,30,6,999,1,0,SKODA KAMIQ,-1,-1,0,-1
2024052401183,2024,052401183,2,9,0,18,19,1,5,0,0,1,0,0,0,0,2,1,6,6,1,33,6,999,1,3,SKODA KAMIQ,1,E01006961,0,1
2024010504670,2024,010504670,1,9,0,16,19,7,1,0,0,5,0,0,0,0,1,1,6,6,2,50,8,999,1,3,SKODA KAMIQ,5,E01002398,0,1
2024010522086,2024,010522086,2,9,0,99,99,9,9,99,99,9,9,99,9,99,9,9,6,6,3,-1,-1,999,1,0,SKODA KAMIQ,-1,-1,0,-1
2024332401064,2024,332401064,1,9,0,-1,4,1,5,-1,0,0,0,0,0,0,1,1,-1,9,1,35,6,999,1,2,SKODA KAMIQ,2,E01003535,0,5
2024010510467,2024,010510467,1,9,0,4,4,3,7,6,6,7,0,0,0,0,4,1,6,6,1,20,4,999,1,4,SKODA KAMIQ,-1,-1,0,-1
2024061485411,2024,061485411,1,9,0,-1,9,-1,-1,-1,0,0,0,0,0,0,3,1,-1,2,2,46,8,999,1,4,SKODA KAMIQ,10,E01004901,0,2
2024101491889,2024,101491889,1,9,0,-1,14,7,3,-1,0,4,0,0,0,0,4,1,-1,9,1,68,10,1498,1,3,SKODA KAMIQ,10,E01008422,0,1
2024451471647,2024,451471647,1,9,0,-1,7,1,5,-1,0,5,0,0,0,0,1,1,-1,9,1,90,11,1498,1,1,SKODA KAMIQ,9,E01030918,0,1
2024552401450,2024,552401450,1,9,0,18,19,1,5,0,0,8,0,0,0,0,1,1,6,6,1,39,7,1498,1,4,SKODA KAMIQ,5,E01021818,0,5
2024361430804,2024,361430804,2,9,0,-1,19,1,5,-1,0,8,0,0,0,0,4,1,-1,6,2,60,9,999,1,3,SKODA KAMIQ,10,E01026836,0,1
2024201411266,2024,201411266,1,9,0,-1,9,6,4,-1,0,5,0,0,0,0,1,1,-1,6,2,36,7,999,1,1,SKODA KAMIQ,9,E01032171,0,2
2024010531290,2024,010531290,1,9,0,16,19,7,3,0,0,0,0,0,0,0,1,1,6,6,2,18,4,999,1,2,SKODA KAMIQ,2,E01003313,0,1
2024010525419,2024,010525419,1,9,0,9,9,2,7,0,0,1,0,0,0,0,1,1,6,6,1,79,11,999,1,1,SKODA KAMIQ,4,E01004590,0,1
2024631499903,2024,631499903,1,9,0,-1,19,7,3,-1,0,0,0,0,7,0,1,1,-1,6,2,46,8,1498,1,0,SKODA KAMIQ,2,E01010500,0,4
2024041475883,2024,041475883,5,9,0,-1,2,0,0,-1,0,1,0,0,0,0,1,1,-1,6,-1,-1,-1,1498,1,4,SKODA KAMIQ,-1,-1,0,-1
2024211437780,2024,211437780,1,9,-1,-1,19,8,4,-1,-1,0,-1,-1,-1,0,-1,1,-1,6,2,30,6,1498,1,3,SKODA KAMIQ,-1,-1,0,-1
2024440513464,2024,440513464,1,9,0,18,19,3,7,0,0,2,0,0,0,0,1,1,6,6,2,26,6,999,1,1,SKODA KAMIQ,4,E01022957,0,1
2024010525557,2024,010525557,2,9,0,18,19,5,1,0,0,0,0,0,0,0,1,1,6,6,3,24,5,999,1,2,SKODA KAMIQ,-1,-1,0,-1
2024430584836,2024,430584836,1,9,0,4,4,4,8,0,0,1,0,0,0,0,2,1,6,6,1,51,8,999,1,0,SKODA KAMIQ,3,E01017665,0,1
2024201464369,2024,201464369,1,9,0,-1,19,3,7,-1,0,0,0,0,0,0,1,1,-1,9,2,73,10,999,1,0,SKODA KAMIQ,10,E01009845,0,1
2024131458438,2024,131458438,1,9,0,-1,7,3,7,-1,0,4,0,0,0,0,3,1,-1,9,2,56,9,999,1,3,SKODA KAMIQ,1,E01011866,0,1
2024101491443,2024,101491443,1,9,0,-1,19,1,6,-1,0,0,0,7,0,0,3,1,-1,9,1,68,10,999,1,0,SKODA KAMIQ,-1,-1,0,-1
2024302400253,2024,302400253,2,9,0,1,1,8,6,0,0,8,0,4,0,0,3,1,6,6,2,54,8,999,1,4,SKODA KAMIQ,5,E01019763,0,1
2024201508428,2024,201508428,1,9,0,-1,19,2,6,-1,0,1,0,0,0,0,1,1,-1,6,1,46,8,999,1,3,SKODA KAMIQ,7,E01009427,0,4
2024991420046,2024,991420046,2,9,0,-1,19,2,6,-1,0,0,2,0,0,0,2,1,-1,6,1,66,10,999,1,4,SKODA KAMIQ,9,-1,0,4
2024440165358,2024,440165358,2,9,0,4,4,4,8,0,0,1,0,0,0,0,2,1,6,6,2,71,10,999,1,3,SKODA KAMIQ,10,E01022837,0,1
2024101439864,2024,101439864,2,9,0,-1,9,7,5,-1,0,5,0,0,0,0,3,1,-1,2,2,26,6,999,1,2,SKODA KAMIQ,-1,-1,0,-1
2024122400300,2024,122400300,1,9,0,18,19,5,1,0,0,1,0,0,0,0,4,1,6,6,2,48,8,1498,1,2,SKODA KAMIQ,8,E01007898,0,4
2024332400953,2024,332400953,1,9,0,-1,19,3,7,-1,0,0,0,0,0,0,1,1,-1,6,1,18,4,999,1,0,SKODA KAMIQ,6,E01025670,0,1
2024141516795,2024,141516795,1,9,0,-1,19,8,4,-1,0,0,0,0,0,0,1,1,-1,6,2,28,6,999,1,0,SKODA KAMIQ,1,E01008100,0,1
2024471416594,2024,471416594,1,5,0,-1,19,3,7,-1,0,2,0,0,0,0,1,1,-1,6,3,-1,-1,645,1,6,SUZUKI DL 650,-1,-1,0,-1
2024010529898,2024,010529898,1,5,0,13,13,1,5,0,0,8,0,0,0,0,4,1,2,2,1,44,7,645,1,5,SUZUKI DL 650,-1,-1,0,-1
2024440500406,2024,440500406,1,5,0,3,3,7,3,0,0,0,0,0,0,0,2,1,6,6,1,59,9,645,1,15,SUZUKI DL 650,7,E01023219,0,4
2024010531141,2024,010531141,2,5,0,18,19,5,1,0,0,8,5,0,0,0,1,1,2,2,1,65,9,645,1,4,SUZUKI DL 650,4,E01002511,0,1
2024421483542,2024,421483542,1,5,0,-1,7,1,3,-1,0,4,1,0,0,0,4,1,-1,9,1,49,8,645,1,3,SUZUKI DL 650,1,E01002071,0,4
2024631526460,2024,631526460,1,5,0,-1,19,2,6,-1,0,8,0,0,0,0,1,1,-1,1,1,56,9,645,1,13,SUZUKI DL 650,5,W01000531,0,4
2024041452182,2024,041452182,1,5,0,-1,19,3,7,-1,0,0,0,0,2,0,4,1,-1,9,1,56,9,645,1,5,SUZUKI DL 650,1,E01006305,0,4
2024122401275,2024,122401275,1,5,0,16,19,5,1,0,0,0,0,0,7,9,1,1,6,6,1,77,11,645,1,4,SUZUKI DL 650,6,E01027797,0,4
2024010503500,2024,010503500,1,5,0,99,99,9,9,99,99,9,9,99,9,99,2,1,2,2,1,57,9,645,1,15,SUZUKI DL 650,9,E01000350,0,1
2024311419615,2024,311419615,1,5,0,-1,3,4,8,-1,0,1,0,0,0,0,1,1,-1,1,1,78,11,645,1,1,SUZUKI DL 650,9,E01026223,0,4
2024070128824,2024,070128824,2,5,0,18,19,7,3,0,0,0,1,0,0,0,2,1,2,2,1,30,6,645,1,3,SUZUKI DL 650,5,E01012478,0,4
2024010513831,2024,010513831,1,5,0,18,19,3,7,0,0,0,0,0,0,0,4,1,6,6,1,67,10,645,1,4,SUZUKI DL 650,4,E01000029,0,1
2024070402699,2024,070402699,3,5,0,4,4,3,7,0,0,0,0,0,1,9,3,1,6,6,1,78,11,645,1,4,SUZUKI DL 650,10,E01018506,0,4
2024061420417,2024,061420417,2,5,0,-1,13,7,3,-1,0,1,0,0,0,0,4,1,-1,6,1,54,8,645,1,1,SUZUKI DL 650,-1,-1,0,-1
2024101488002,2024,101488002,2,5,0,-1,19,4,8,-1,0,0,5,0,0,0,3,1,-1,6,1,32,6,645,1,17,SUZUKI DL 650,10,E01008421,0,1
2024461509266,2024,461509266,2,5,0,-1,19,5,1,-1,0,3,0,0,0,0,4,1,-1,2,1,28,6,645,1,16,SUZUKI DL 650,2,E01024374,0,1
2024471394912,2024,471394912,2,5,0,-1,19,5,1,-1,0,1,0,0,0,0,1,1,-1,2,1,56,9,645,1,13,SUZUKI DL 650,3,E01031795,0,1
2024010543666,2024,010543666,1,5,0,18,19,1,5,0,0,0,0,0,0,0,1,1,2,2,1,51,8,645,1,12,SUZUKI DL 650,2,E01004055,0,1
2024131428864,2024,131428864,2,3,0,-1,19,5,1,-1,0,1,0,0,0,0,3,1,-1,6,1,40,7,645,1,16,SUZUKI DL 650,1,E01010607,0,1
2024471395899,2024,471395899,1,5,0,-1,5,7,3,-1,0,0,0,0,0,0,2,1,-1,2,1,29,6,645,1,1,SUZUKI DL 650,1,E01016866,0,1
2024501458023,2024,501458023,2,5,0,-1,19,4,8,-1,0,3,0,0,0,0,2,1,-1,6,2,40,7,645,1,6,SUZUKI DL 650,3,E01015190,0,1
2024522401746,2024,522401746,2,3,0,18,19,3,7,0,0,1,0,0,7,9,1,1,6,6,1,60,9,1188,1,21,MAKE AND MODEL REDACTED,1,E01014829,0,2
2024520403032,2024,520403032,1,5,0,18,19,4,8,0,0,8,0,0,0,0,1,1,6,6,1,61,9,1180,1,26,MAKE AND MODEL REDACTED,6,E01032632,0,1
2024421448864,2024,421448864,1,4,0,-1,13,4,8,-1,0,0,0,0,0,0,1,1,-1,6,1,38,7,1181,1,25,MAKE AND MODEL REDACTED,9,E01021619,0,4
2024520500301,2024,520500301,1,5,0,3,3,8,4,0,0,1,0,0,0,0,1,1,6,6,1,67,10,1188,1,21,MAKE AND MODEL REDACTED,4,E01029044,0,1
2024401477339,2024,401477339,1,23,0,-1,6,1,5,-1,0,0,0,0,0,0,1,1,-1,6,1,74,10,-1,3,1,MAKE AND MODEL REDACTED,7,E01033817,0,2
2024010515773,2024,010515773,1,9,0,18,19,5,1,0,0,8,0,0,0,0,1,1,6,6,1,34,6,2967,2,8,AUDI A7,7,E01015969,0,4
2024131459299,2024,131459299,1,9,0,-1,9,3,7,-1,0,8,0,0,1,0,3,1,-1,7,2,40,7,1968,2,3,AUDI A7,1,E01010840,0,1
2024101420802,2024,101420802,2,9,0,-1,19,7,3,-1,0,1,0,0,0,0,1,1,-1,6,1,35,6,1984,1,4,AUDI A7,4,E01027529,0,4
2024010538730,2024,010538730,2,9,0,18,19,3,7,0,0,6,0,0,0,0,2,1,6,6,3,24,5,2967,2,6,AUDI A7,5,E01003690,0,2
2024320277966,2024,320277966,1,9,0,-1,-1,1,5,0,0,8,0,0,7,1,1,1,-1,-1,2,39,7,2967,2,5,AUDI A7,4,E01026259,0,1
2024101497060,2024,101497060,1,9,0,-1,19,5,5,-1,0,0,0,4,0,0,2,1,-1,6,1,40,7,2967,2,10,AUDI A7,-1,-1,0,-1
2024010500124,2024,010500124,2,9,0,18,19,2,6,0,0,8,0,0,0,0,1,1,6,6,2,36,7,2967,2,8,AUDI A7,4,E01033929,0,1
2024201525715,2024,201525715,1,9,0,-1,19,4,8,-1,0,1,0,0,0,0,1,9,-1,6,1,24,5,1968,2,3,AUDI A7,-1,-1,0,-1
2024440256691,2024,440256691,5,9,0,4,4,3,7,0,0,0,0,0,0,0,1,1,6,6,1,31,6,2967,2,13,AUDI A7,8,E01017215,0,4
2024201446207,2024,201446207,2,9,0,-1,1,3,3,-1,0,5,0,4,0,0,2,1,-1,6,1,27,6,1968,2,5,AUDI A7,-1,-1,0,-1
2024311397921,2024,311397921,2,9,0,-1,4,1,5,-1,0,0,0,0,0,0,1,1,-1,6,1,30,6,2967,2,11,AUDI A7,9,E01025886,0,4
2024320215892,2024,320215892,1,9,0,-1,-1,7,3,0,0,0,0,0,0,0,1,1,6,6,1,30,6,2967,2,10,AUDI A7,4,E01026034,0,2
2024052400942,2024,052400942,2,9,0,18,19,1,5,0,0,0,1,0,4,7,2,1,2,2,1,41,7,2967,2,9,AUDI A7,1,E01006450,0,1
2024340WN4962,2024,340WN4962,3,9,0,-1,3,4,8,-1,0,0,0,0,0,0,2,1,-1,2,2,33,6,2967,2,11,AUDI A7,2,E01027229,0,1
2024010520209,2024,010520209,2,9,0,18,19,5,1,0,0,8,0,0,0,0,1,1,6,6,1,29,6,2967,2,8,AUDI A7,7,E01004626,0,1
2024201431627,2024,201431627,1,9,0,-1,19,5,8,-1,0,4,0,0,0,0,1,1,-1,6,1,55,8,2967,2,11,AUDI A7,8,E01009671,0,1
2024231406834,2024,231406834,2,9,0,-1,13,5,1,-1,0,8,1,0,0,0,3,9,-1,2,1,42,7,2967,2,8,AUDI A7,8,E01031162,0,3
2024522402295,2024,522402295,1,9,0,18,19,7,3,0,0,0,0,0,0,0,3,1,6,6,1,35,6,2967,2,8,AUDI A7,3,E01014673,0,2
2024201495465,2024,201495465,1,9,0,-1,19,1,4,-1,0,0,2,0,0,0,1,1,-1,6,1,34,6,2967,2,7,AUDI A7,5,E01033565,0,1
2024131410372,2024,131410372,2,9,0,-1,19,1,5,-1,0,8,0,0,0,0,1,1,-1,6,1,36,7,2967,2,8,AUDI A7,2,E01014659,0,5
2024010532249,2024,010532249,1,9,0,18,19,7,3,0,0,0,0,0,0,0,1,1,6,6,1,45,7,2967,2,6,AUDI A7,4,E01001586,0,1
2024041445634,2024,041445634,1,9,0,-1,19,3,7,-1,0,8,0,0,0,0,1,1,-1,6,1,34,6,2967,2,12,AUDI A7,1,E01025041,0,2
2024440510975,2024,440510975,2,9,0,4,4,5,1,0,0,6,0,0,0,0,1,1,6,6,1,48,8,2967,2,6,AUDI A7,5,E01015301,0,3
2024520401889,2024,520401889,2,9,0,18,19,3,7,0,0,8,0,0,0,0,1,1,6,6,1,32,6,2967,2,13,AUDI A7,7,E01029063,0,1
2024201513780,2024,201513780,1,9,0,-1,19,7,3,-1,0,8,0,0,0,0,2,1,-1,6,1,-1,-1,2967,2,12,AUDI A7,-1,-1,0,-1
2024421525481,2024,421525481,1,9,0,-1,1,3,7,-1,0,0,0,0,0,0,2,1,-1,9,1,45,7,1968,2,4,AUDI A7,10,E01021600,0,1
2024522402700,2024,522402700,2,9,0,9,9,5,2,0,0,6,0,0,0,0,1,1,6,6,2,43,7,2967,2,10,AUDI A7,2,E01014685,0,2
2024991420850,2024,991420850,2,9,0,-1,3,4,8,-1,0,0,0,0,0,0,2,1,-1,6,1,37,7,2967,2,11,AUDI A7,3,-1,0,1
2024461413440,2024,461413440,2,9,0,-1,4,1,5,-1,0,0,0,0,0,0,2,9,-1,6,2,28,6,2967,2,8,AUDI A7,8,E01024203,0,2
2024501412520,2024,501412520,3,9,0,-1,3,6,7,-1,0,0,0,0,0,0,2,1,-1,1,1,49,8,2995,1,3,AUDI A7,7,E01034520,0,5
2024421464345,2024,421464345,2,9,0,-1,19,7,3,-1,0,0,1,0,0,0,3,1,-1,9,1,30,6,2967,2,8,AUDI A7,2,E01002316,0,2
2024401423107,2024,401423107,1,9,0,-1,3,1,5,-1,0,1,0,0,0,0,1,1,-1,6,1,43,7,2967,2,12,AUDI A7,8,E01034433,0,1
2024501505873,2024,501505873,1,9,0,-1,19,3,7,-1,0,0,0,0,0,0,4,1,-1,9,1,78,11,2967,2,10,AUDI A7,1,E01015030,0,1
2024471418900,2024,471418900,1,9,0,-1,7,7,1,-1,0,1,0,0,0,0,1,1,-1,6,1,-1,-1,2967,2,12,AUDI A7,-1,-1,0,-1
2024131512876,2024,131512876,1,9,0,-1,19,6,2,-1,0,0,0,0,1,11,1,1,-1,6,1,24,5,2967,2,8,AUDI A7,1,E01011474,0,2
2024052401895,2024,052401895,1,9,0,9,9,2,7,0,0,6,0,0,0,0,0,1,6,6,1,25,5,1968,2,0,AUDI A7,8,E01006921,0,1
2024010536846,2024,010536846,1,9,0,3,3,5,1,2,2,0,0,0,0,0,4,1,2,2,1,27,6,2995,1,8,AUDI A7,2,E01002778,0,1
2024320034985,2024,320034985,1,9,0,-1,-1,8,4,0,0,6,0,0,0,0,1,1,-1,-1,2,60,9,2967,2,10,AUDI A7,-1,-1,0,-1
2024010508838,2024,010508838,2,9,0,18,19,5,1,0,0,2,0,0,7,7,1,1,6,6,1,32,6,1984,1,5,AUDI A7,6,E01001527,0,2
2024471468373,2024,471468373,2,9,0,-1,19,5,1,-1,0,1,1,0,0,0,1,1,-1,1,1,24,5,2967,2,9,AUDI A7,7,E01031792,0,1
2024451487027,2024,451487027,2,9,0,-1,19,5,1,-1,0,4,0,0,0,0,1,9,-1,6,1,20,4,2995,1,6,AUDI A7,-1,-1,0,-1
2024201467519,2024,201467519,1,9,0,-1,11,8,4,-1,0,0,0,0,0,0,2,1,-1,6,1,-1,-1,2967,2,9,AUDI A7,-1,-1,0,-1
2024451411164,2024,451411164,1,9,0,-1,19,7,3,-1,0,0,0,0,0,0,1,1,-1,9,1,31,6,2967,2,9,AUDI A7,3,E01001011,0,3
2024361469895,2024,361469895,3,9,0,-1,4,7,3,-1,0,0,0,0,0,0,2,2,-1,2,1,40,7,2967,2,8,AUDI A7,1,E01026848,0,1
2024991512122,2024,991512122,2,9,0,-1,2,0,0,-1,0,0,0,0,0,0,1,1,-1,9,1,38,7,2967,2,7,AUDI A7,3,-1,0,2
202454F085224,2024,54F085224,2,9,0,18,19,2,6,0,0,8,0,0,0,0,4,1,6,6,1,26,6,2967,2,11,AUDI A7,6,E01032114,0,1
2024010549736,2024,010549736,3,9,0,2,2,0,0,0,0,1,0,0,0,0,3,1,6,6,3,-1,-1,2967,2,9,AUDI A7,-1,-1,0,-1
2024010529803,2024,010529803,1,9,0,4,4,7,3,0,0,0,0,0,0,0,1,1,6,6,1,32,6,2995,1,14,AUDI A7,5,E01000158,0,1
2024401506831,2024,401506831,4,9,-1,-1,-1,-1,-1,-1,-1,0,-1,-1,-1,0,-1,9,-1,6,1,-1,-1,2967,2,8,AUDI A7,-1,-1,0,-1
2024141428294,2024,141428294,1,9,0,-1,3,5,1,-1,0,3,0,0,0,0,2,1,-1,6,2,39,7,2967,2,13,AUDI A7,6,E01007560,0,2
2024061514573,2024,061514573,2,9,0,-1,19,3,5,-1,0,8,0,0,0,0,3,1,-1,9,2,36,7,1968,2,5,AUDI A7,2,E01005326,0,1
2024161491004,2024,161491004,2,3,0,-1,19,2,6,-1,0,1,1,0,0,0,1,1,-1,6,1,16,4,124,1,13,MAKE AND MODEL REDACTED,1,E01013298,0,1
2024010536850,2024,010536850,1,3,0,18,19,6,2,0,0,8,0,0,0,0,1,1,2,2,1,44,7,124,1,13,MAKE AND MODEL REDACTED,3,E01004036,0,3
2024070468394,2024,070468394,2,9,0,2,2,0,0,0,0,0,0,4,0,0,3,1,6,6,3,-1,-1,-1,3,0,FORD MUSTANG MACH-E,-1,-1,0,-1
2024201501091,2024,201501091,1,9,0,-1,9,5,3,-1,0,5,0,0,0,0,1,1,-1,6,1,30,6,-1,3,0,FORD MUSTANG MACH-E,-1,-1,0,-1
2024332400858,2024,332400858,1,9,0,-1,5,4,8,-1,0,0,0,0,0,0,1,1,-1,6,3,-1,-1,-1,3,0,FORD MUSTANG MACH-E,-1,-1,0,-1
2024548916924,2024,548916924,1,9,0,18,19,7,3,0,0,1,0,0,1,11,1,1,6,6,1,54,8,-1,3,3,FORD MUSTANG MACH-E,6,E01015574,0,1
2024010551765,2024,010551765,1,9,0,18,19,7,3,0,0,6,0,0,0,0,4,1,1,1,1,37,7,-1,3,2,FORD MUSTANG MACH-E,3,E01021821,0,4
2024430284680,2024,430284680,1,9,0,18,19,5,1,0,0,8,0,0,3,4,1,1,6,6,1,40,7,-1,3,0,FORD MUSTANG MACH-E,-1,-1,0,-1
2024231462940,2024,231462940,1,9,0,-1,10,1,7,-1,0,0,0,0,0,0,9,1,-1,6,1,64,9,-1,3,3,FORD MUSTANG MACH-E,6,E01010133,0,3
2024401489511,2024,401489511,1,9,0,-1,19,5,1,-1,9,0,0,0,0,0,1,1,-1,9,1,54,8,-1,3,1,FORD MUSTANG MACH-E,5,E01034428,0,2
2024401476479,2024,401476479,1,9,0,-1,5,6,2,-1,0,0,0,0,1,0,1,1,-1,6,1,27,6,-1,3,0,FORD MUSTANG MACH-E,7,E01015719,0,2
2024411469216,2024,411469216,2,9,0,-1,5,4,8,-1,0,2,0,0,0,0,3,1,-1,6,1,58,9,-1,3,2,FORD MUSTANG MACH-E,8,E01035609,0,1
2024411463490,2024,411463490,1,9,0,-1,19,3,7,-1,0,5,1,0,1,0,4,1,-1,9,1,35,6,-1,3,3,FORD MUSTANG MACH-E,4,E01033826,0,4
2024401490638,2024,401490638,1,9,0,-1,1,1,5,-1,9,0,0,0,7,2,4,1,-1,9,2,26,6,-1,3,1,FORD MUSTANG MACH-E,3,E01015731,0,1
2024531439328,2024,531439328,1,9,0,-1,19,4,2,-1,0,8,0,0,0,0,1,1,-1,9,2,34,6,-1,3,2,FORD MUSTANG MACH-E,9,E01022453,0,2
2024010544302,2024,010544302,3,9,0,4,4,2,6,0,0,0,0,0,0,0,1,1,1,1,1,27,6,-1,3,2,FORD MUSTANG MACH-E,6,E01030310,0,4
2024010552584,2024,010552584,1,9,0,99,99,9,9,99,99,9,9,99,9,99,1,1,6,6,3,-1,-1,-1,3,1,FORD MUSTANG MACH-E,-1,-1,0,-1
2024991445594,2024,991445594,1,9,0,-1,9,6,3,-1,0,6,0,0,0,0,1,1,-1,9,1,44,7,-1,3,0,FORD MUSTANG MACH-E,6,-1,0,2
202417M313024,2024,17M313024,1,9,0,-1,3,8,4,-1,0,2,0,0,0,0,2,1,-1,9,1,35,6,-1,3,2,FORD MUSTANG MACH-E,3,E01012034,0,1
2024471519950,2024,471519950,1,9,0,-1,13,7,3,-1,0,1,0,0,1,11,1,1,-1,7,1,40,7,-1,3,2,FORD MUSTANG MACH-E,7,E01031543,0,1
2024471475270,2024,471475270,2,9,0,-1,7,3,6,-1,0,4,0,0,0,0,3,1,-1,1,1,28,6,-1,3,3,FORD MUSTANG MACH-E,9,E01022920,0,3
2024451417686,2024,451417686,1,9,0,-1,5,3,3,-1,0,0,0,0,0,0,1,1,-1,2,1,56,9,-1,3,1,FORD MUSTANG MACH-E,9,E01030885,0,1
2024320741197,2024,320741197,1,9,0,-1,-1,6,2,0,0,2,1,0,3,9,1,1,-1,-1,1,36,7,-1,3,1,FORD MUSTANG MACH-E,9,E01013707,0,4
2024522403112,2024,522403112,3,9,0,18,19,7,3,0,0,8,0,0,0,0,3,1,6,6,1,45,7,-1,3,2,FORD MUSTANG MACH-E,7,E01035218,0,2
2024332400801,2024,332400801,2,9,0,-1,5,6,2,-1,0,1,0,0,0,0,2,1,-1,9,1,52,8,1598,3,0,FORD MUSTANG MACH-E,9,E01025634,0,2
2024201506044,2024,201506044,2,9,0,-1,19,5,1,-1,0,8,0,0,0,0,3,9,-1,6,2,32,6,-1,3,3,FORD MUSTANG MACH-E,2,E01009022,0,1
2024052402291,2024,052402291,2,9,0,18,19,5,1,0,0,8,0,0,0,0,0,1,6,6,3,-1,-1,-1,3,2,FORD MUSTANG MACH-E,-1,-1,0,-1
2024061423858,2024,061423858,1,9,0,-1,7,1,3,-1,0,8,0,0,0,0,3,1,-1,9,1,30,6,-1,3,1,FORD MUSTANG MACH-E,2,E01006380,0,4
2024546964624,2024,546964624,2,9,0,4,4,8,4,0,0,0,0,0,0,0,2,1,6,6,1,52,8,-1,3,1,FORD MUSTANG MACH-E,7,E01033844,0,1
2024010548711,2024,010548711,1,9,0,99,99,9,9,99,99,9,9,99,9,99,2,9,6,6,2,45,7,-1,3,0,FORD MUSTANG MACH-E,2,E01001441,0,1
2024010499404,2024,010499404,1,9,0,99,99,9,9,99,99,9,9,99,9,99,9,9,2,2,1,41,7,-1,3,2,FORD MUSTANG MACH-E,2,E01000661,0,1
2024531466377,2024,531466377,1,9,0,-1,9,8,4,-1,0,4,0,0,0,0,1,1,-1,6,2,-1,-1,-1,3,0,FORD MUSTANG MACH-E,-1,-1,0,-1
2024440485042,2024,440485042,3,9,0,18,19,8,4,0,0,0,0,0,0,0,2,1,6,6,1,27,6,-1,3,3,FORD MUSTANG MACH-E,10,E01022519,0,3
2024332401005,2024,332401005,4,9,0,-1,2,0,0,-1,9,0,0,0,0,0,4,1,-1,6,3,-1,-1,-1,3,1,FORD MUSTANG MACH-E,-1,-1,0,-1
2024371529745,2024,371529745,1,9,0,-1,19,6,2,-1,0,1,0,0,0,0,1,1,-1,2,2,27,6,-1,3,0,FORD MUSTANG MACH-E,9,E01033445,0,3
2024010541172,2024,010541172,1,3,0,-1,-1,5,1,0,0,2,0,0,0,0,1,1,6,6,1,32,6,-1,3,0,FORD MUSTANG MACH-E,2,E01003558,0,1
2024440214197,2024,440214197,1,9,0,5,5,5,1,0,0,8,2,0,0,0,4,1,6,6,2,38,7,-1,3,2,FORD MUSTANG MACH-E,8,E01022765,0,1
2024552401046,2024,552401046,1,9,0,7,7,7,2,0,0,6,0,0,0,0,3,1,6,6,1,57,9,-1,3,0,FORD MUSTANG MACH-E,10,E01020406,0,1
2024010529411,2024,010529411,1,9,0,5,5,5,1,0,0,1,0,0,0,0,1,1,6,6,1,36,7,-1,3,3,FORD MUSTANG MACH-E,7,E01004138,0,2
2024010535070,2024,010535070,2,9,0,11,11,9,9,99,99,9,9,99,9,99,9,9,6,6,3,-1,-1,-1,3,0,FORD MUSTANG MACH-E,-1,-1,0,-1
2024201509333,2024,201509333,1,9,0,-1,19,4,8,-1,0,1,0,0,0,0,2,1,-1,6,1,47,8,-1,3,0,FORD MUSTANG MACH-E,2,E01010439,0,1