collision_index,collision_year,collision_ref_no,vehicle_reference,vehicle_type,towing_and_articulation,vehicle_manoeuvre_historic,vehicle_manoeuvre,vehicle_direction_from,vehicle_direction_to,vehicle_location_restricted_lane_historic,vehicle_location_restricted_lane,junction_location,skidding_and_overturning,hit_object_in_carriageway,vehicle_leaving_carriageway,hit_object_off_carriageway,first_point_of_impact,vehicle_left_hand_drive,journey_purpose_of_driver_historic,journey_purpose_of_driver,sex_of_driver,age_of_driver,age_band_of_driver,engine_capacity_cc,propulsion_code,age_of_vehicle,generic_make_model,driver_imd_decile,lsoa_of_driver,escooter_flag,driver_distance_banding
2024031487172,2024,031487172,1,2,0,-1,19,5,1,-1,0,1,0,0,0,0,1,1,-1,1,1,16,4,49,1,10,MAKE AND MODEL REDACTED,-1,-1,0,-1
2024320672706,2024,320672706,2,3,0,-1,-1,6,2,0,0,8,2,0,0,0,1,1,-1,-1,1,28,6,125,1,0,MAKE AND MODEL REDACTED,7,E01032989,0,1
2024211498370,2024,211498370,1,3,0,-1,19,3,3,-1,0,0,1,0,0,0,1,1,-1,9,1,51,8,125,1,1,MAKE AND MODEL REDACTED,1,E01014237,0,2
2024461401617,2024,461401617,2,3,0,-1,19,1,5,-1,0,1,0,0,0,0,3,1,-1,6,1,49,8,125,1,0,MAKE AND MODEL REDACTED,8,E01002300,0,3
2024211468993,2024,211468993,1,3,0,-1,19,5,1,-1,0,1,0,0,0,0,4,1,-1,9,2,59,9,125,1,1,MAKE AND MODEL REDACTED,10,E01014182,0,4
2024131458435,2024,131458435,2,3,0,-1,4,5,7,-1,0,8,1,0,0,0,0,1,-1,6,1,20,4,125,1,0,MAKE AND MODEL REDACTED,9,E01011271,0,1
2024411455201,2024,411455201,2,9,-1,-1,3,2,-1,-1,0,4,1,0,0,0,2,9,-1,2,1,42,7,-1,3,1,KIA EV6,8,E01000256,0,3
2024991437630,2024,991437630,1,9,0,-1,19,3,7,-1,0,8,0,0,0,0,1,9,-1,2,1,42,7,-1,3,0,KIA EV6,-1,-1,0,-1
2024471418802,2024,471418802,1,9,0,-1,19,5,1,-1,0,0,0,0,0,0,1,1,-1,6,1,65,9,-1,3,2,KIA EV6,10,E01031715,0,1
2024351460938,2024,351460938,1,9,0,-1,7,5,7,-1,0,6,0,0,0,0,1,1,-1,6,2,30,6,-1,3,2,KIA EV6,3,E01035552,0,2
2024010527611,2024,010527611,1,9,0,18,19,1,5,0,0,0,0,0,0,0,2,1,1,1,1,44,7,-1,3,0,KIA EV6,8,E01023872,0,4
2024311436753,2024,311436753,1,9,0,-1,3,7,1,-1,0,0,0,0,0,0,1,9,-1,6,1,-1,-1,-1,3,1,KIA EV6,-1,-1,0,-1
2024010506796,2024,010506796,1,9,0,3,3,3,7,0,0,1,0,0,0,0,4,1,6,6,1,32,6,-1,3,0,KIA EV6,5,E01000144,0,2
2024010536973,2024,010536973,2,9,0,9,9,3,1,0,0,6,0,0,0,0,3,1,6,6,1,44,7,-1,3,0,KIA EV6,2,E01002029,0,2
2024052400690,2024,052400690,1,9,0,18,19,5,1,0,0,0,0,0,0,0,1,1,1,1,1,32,6,-1,3,0,KIA EV6,7,E01007301,0,2
2024010526558,2024,010526558,3,9,0,9,9,1,7,0,0,5,0,0,0,0,0,1,1,1,1,48,8,-1,3,0,KIA EV6,4,E01017905,0,4
2024010523101,2024,010523101,2,8,0,99,99,9,9,99,99,9,0,99,9,99,9,1,6,6,1,41,7,-1,3,2,KIA EV6,6,E01001962,0,2
2024010501556,2024,010501556,3,9,0,2,2,0,0,0,0,0,0,0,0,0,1,1,6,6,3,-1,-1,-1,3,2,KIA EV6,-1,-1,0,-1
2024010503683,2024,010503683,2,8,0,18,19,1,5,0,0,8,0,0,0,0,1,1,1,1,1,55,8,-1,3,3,KIA EV6,3,E01016456,0,4
2024351524869,2024,351524869,1,9,0,-1,5,5,1,-1,0,3,0,0,0,0,1,1,-1,2,1,75,10,-1,3,2,KIA EV6,9,E01018039,0,3
2024543515524,2024,543515524,1,9,0,18,19,3,7,0,0,0,0,0,0,0,1,1,2,2,1,53,8,-1,3,2,KIA EV6,8,E01029113,0,4
2024010500997,2024,010500997,2,9,0,99,99,9,9,99,99,9,9,99,9,99,1,9,6,6,1,55,8,-1,3,1,KIA EV6,6,E01004521,0,2
2024010539561,2024,010539561,1,9,0,13,13,3,7,0,0,3,0,0,0,0,3,1,6,6,3,24,5,-1,3,1,KIA EV6,-1,-1,0,-1
2024052402612,2024,052402612,2,9,0,18,19,2,6,0,0,8,0,0,0,0,4,1,1,1,1,29,6,-1,3,0,KIA EV6,6,E01007045,0,1
2024010542916,2024,010542916,1,8,0,5,5,0,3,0,0,2,0,4,0,0,1,1,1,1,1,46,8,-1,3,0,KIA EV6,2,E01004312,0,2
2024031472731,2024,031472731,2,9,0,-1,15,7,5,-1,0,1,0,0,0,0,4,9,-1,9,1,39,7,-1,3,0,KIA EV6,9,E01022082,0,5
2024461459979,2024,461459979,2,9,0,-1,3,8,4,-1,0,0,0,0,0,0,2,1,-1,2,1,49,8,-1,3,1,KIA EV6,-1,-1,0,-1
2024211439189,2024,211439189,1,9,0,-1,19,2,4,-1,0,0,0,0,0,0,4,9,-1,2,1,44,7,-1,3,1,KIA EV6,5,E01029374,0,1
2024041534161,2024,041534161,2,9,0,-1,19,3,7,-1,0,0,0,0,1,0,4,1,-1,6,1,66,10,-1,3,1,KIA EV6,6,E01025144,0,1
2024201517212,2024,201517212,2,9,0,-1,19,1,2,-1,0,4,0,0,0,0,3,1,-1,6,1,38,7,-1,3,1,KIA EV6,6,E01010081,0,1
2024122400846,2024,122400846,1,9,0,9,9,1,7,0,0,6,0,0,0,0,1,1,6,6,1,31,6,-1,3,0,KIA EV6,10,E01013436,0,1
2024320251841,2024,320251841,1,9,0,-1,-1,7,3,0,0,1,0,0,0,0,4,1,-1,-1,1,56,9,-1,3,2,KIA EV6,5,E01026410,0,3
2024421519528,2024,421519528,1,9,0,-1,19,1,5,-1,0,0,1,0,1,0,1,1,-1,9,1,53,8,-1,3,0,KIA EV6,9,E01002155,0,4
2024010541832,2024,010541832,1,9,0,9,9,1,6,0,0,2,0,0,0,0,1,1,6,6,2,75,10,-1,3,1,KIA EV6,6,E01002473,0,1
2024131453090,2024,131453090,1,9,0,-1,19,5,1,-1,0,8,0,0,0,0,3,1,-1,1,1,51,8,-1,3,1,KIA EV6,7,E01027684,0,1
2024010531264,2024,010531264,1,9,0,9,9,5,2,0,0,5,0,0,0,0,3,1,6,6,1,45,7,-1,3,0,KIA EV6,5,E01003714,0,3
2024010521756,2024,010521756,1,9,0,18,19,5,1,0,0,1,0,0,0,0,3,1,6,6,1,50,8,-1,3,2,KIA EV6,4,E01002070,0,1
2024010544481,2024,010544481,1,9,0,99,99,9,9,99,99,9,9,99,9,99,2,1,1,1,2,39,7,-1,3,0,KIA EV6,3,E01000100,0,3
2024430249398,2024,430249398,1,9,0,18,19,2,6,0,0,0,0,0,1,4,1,1,6,6,1,60,9,-1,3,1,KIA EV6,10,E01016253,0,2
2024010505881,2024,010505881,2,9,0,18,19,3,7,0,0,1,0,0,0,0,3,1,6,6,2,49,8,-1,3,1,KIA EV6,9,E01000282,0,1
2024440150479,2024,440150479,1,9,0,18,19,5,1,0,0,3,1,10,1,4,3,1,6,6,1,46,8,-1,3,1,KIA EV6,10,E01022892,0,1
2024010527290,2024,010527290,1,8,0,99,99,9,9,99,99,0,9,99,9,99,2,9,1,1,1,44,7,-1,3,0,KIA EV6,3,E01000405,0,3
2024501409520,2024,501409520,1,9,0,-1,19,3,7,-1,0,1,0,0,0,0,1,1,-1,9,1,61,9,-1,3,1,KIA EV6,6,E01018824,0,1
2024070852886,2024,070852886,1,9,0,-1,19,2,6,-1,0,0,2,10,7,10,4,1,-1,8,1,39,7,-1,3,0,KIA EV6,6,E01018679,0,3
2024531482475,2024,531482475,2,9,4,-1,19,1,5,-1,0,0,0,0,0,0,1,1,-1,9,2,49,8,-1,3,2,KIA EV6,10,E01032973,0,5
2024141457323,2024,141457323,2,9,0,-1,13,1,5,-1,0,0,0,0,0,0,1,9,-1,9,1,57,9,-1,3,0,KIA EV6,6,E01008134,0,1
2024221482132,2024,221482132,2,9,0,-1,19,2,6,-1,0,8,0,0,7,1,1,1,-1,2,1,34,6,-1,3,2,KIA EV6,-1,-1,0,-1
2024201510835,2024,201510835,2,9,0,-1,4,6,2,-1,0,0,0,0,1,0,2,1,-1,6,1,54,8,-1,3,0,KIA EV6,7,E01031213,0,3
2024302400333,2024,302400333,1,9,0,7,7,6,8,0,0,4,0,0,0,0,1,1,6,6,1,47,8,-1,3,2,KIA EV6,10,E01019833,0,2
2024070540057,2024,070540057,1,9,0,14,14,5,1,0,0,8,0,0,0,10,4,1,1,1,1,25,5,-1,3,0,KIA EV6,-1,-1,0,-1
2024430564238,2024,430564238,2,9,0,5,5,4,8,0,0,0,0,0,0,0,2,1,2,2,1,33,6,-1,3,2,KIA EV6,-1,-1,0,-1
2024461474017,2024,461474017,1,9,0,-1,9,1,7,-1,0,8,0,0,0,0,4,1,-1,8,1,30,6,-1,3,1,KIA EV6,-1,-1,0,-1
2024141426009,2024,141426009,3,9,0,-1,19,6,1,-1,0,0,0,0,0,0,0,9,-1,6,1,35,6,-1,3,1,KIA EV6,-1,-1,0,-1
2024010548953,2024,010548953,2,9,0,16,19,1,5,0,0,2,0,0,0,0,1,1,2,2,1,56,9,-1,3,0,KIA EV6,4,E01001478,0,3
2024010533134,2024,010533134,1,9,0,10,10,1,6,0,0,1,0,0,0,0,4,1,6,6,1,49,8,-1,3,0,KIA EV6,-1,-1,0,-1
2024052402041,2024,052402041,1,9,0,5,5,4,8,0,0,1,0,0,0,0,1,1,6,6,1,44,7,-1,3,0,KIA EV6,8,E01007023,0,1
2024351406698,2024,351406698,3,9,0,-1,19,3,7,-1,0,0,1,0,7,0,1,1,-1,2,1,37,7,-1,3,0,KIA EV6,6,E01034443,0,2
2024221400316,2024,221400316,2,9,0,-1,4,8,5,-1,0,0,0,0,0,0,2,9,-1,2,1,27,6,1368,1,6,KIA RIO,7,E01028889,0,3
2024131529754,2024,131529754,2,9,0,-1,19,1,5,-1,0,0,0,0,0,0,2,1,-1,9,2,47,8,1396,2,12,KIA RIO,1,E01011472,0,1
2024201458635,2024,201458635,1,9,0,-1,19,1,4,-1,0,1,0,0,0,0,2,9,-1,2,1,39,7,1120,2,9,KIA RIO,1,E01009141,0,1
2024991486969,2024,991486969,2,9,0,-1,19,7,3,-1,0,1,0,0,0,0,3,1,-1,9,2,77,11,1248,1,9,KIA RIO,10,-1,0,1
2024547891324,2024,547891324,2,9,0,4,4,6,2,0,0,1,0,0,0,0,2,1,6,6,2,34,6,1120,2,11,KIA RIO,7,E01031944,0,1
2024061416357,2024,061416357,3,9,0,-1,19,1,5,-1,0,0,0,0,0,0,1,1,-1,9,2,66,10,1396,1,12,KIA RIO,2,E01005224,0,3
2024211481613,2024,211481613,1,9,0,-1,19,7,3,-1,0,1,1,0,1,0,1,1,-1,9,1,20,4,998,1,2,KIA RIO,-1,-1,0,-1
2024622400603,2024,622400603,1,9,0,18,19,8,4,0,0,0,0,0,0,0,1,1,6,6,1,22,5,1248,1,10,KIA RIO,2,W01000834,0,2
2024211491352,2024,211491352,2,9,0,-1,19,6,5,-1,0,0,0,0,0,0,4,1,-1,6,1,26,6,1399,1,15,KIA RIO,6,E01029471,0,1
2024131458861,2024,131458861,2,9,0,-1,9,4,2,-1,0,1,0,0,0,0,1,1,-1,9,1,44,7,1248,1,8,KIA RIO,1,E01011004,0,1
2024010525109,2024,010525109,3,9,0,3,3,5,1,0,0,0,0,0,0,0,2,1,6,6,2,70,10,998,8,1,KIA RIO,7,E01002228,0,3
2024371472065,2024,371472065,1,9,0,-1,9,5,1,-1,0,8,0,0,0,0,0,1,-1,9,2,65,9,1368,1,6,KIA RIO,5,E01030275,0,1
2024552400620,2024,552400620,1,9,0,18,19,6,2,0,0,0,0,0,0,0,1,1,6,6,1,22,5,1493,2,14,KIA RIO,7,E01029227,0,4
2024371416770,2024,371416770,2,9,0,-1,19,3,7,-1,0,0,1,0,1,0,1,1,-1,1,2,62,9,998,1,4,KIA RIO,3,E01030131,0,2
2024332400338,2024,332400338,2,9,0,-1,19,2,6,-1,0,1,0,0,0,0,1,1,-1,6,3,-1,-1,1399,1,14,KIA RIO,-1,-1,0,-1
2024041445634,2024,041445634,2,9,0,-1,5,5,1,-1,0,8,0,0,0,0,1,1,-1,9,1,72,10,1493,2,17,KIA RIO,1,E01012595,0,1
2024041428054,2024,041428054,2,9,0,-1,19,5,1,-1,0,2,0,0,0,0,4,1,-1,9,1,63,9,1248,1,9,KIA RIO,8,E01024948,0,1
2024122400213,2024,122400213,2,9,0,18,19,6,2,0,0,1,0,0,0,0,1,1,6,6,2,65,9,1197,1,2,KIA RIO,8,E01027645,0,2
2024451407810,2024,451407810,3,9,0,-1,4,5,1,-1,0,0,0,0,0,0,2,1,-1,2,2,52,8,1399,1,13,KIA RIO,10,E01030330,0,2
2024451440926,2024,451440926,1,9,0,-1,12,1,5,-1,0,0,1,0,7,1,1,1,-1,9,2,24,5,1396,1,13,KIA RIO,4,E01023120,0,2
2024101480332,2024,101480332,2,9,0,-1,3,1,5,-1,0,8,0,0,0,0,2,1,-1,6,2,60,9,1396,1,8,KIA RIO,3,E01032649,0,1
2024061510391,2024,061510391,1,9,0,-1,9,6,2,-1,0,5,0,0,0,0,4,1,-1,6,2,44,7,1248,1,6,KIA RIO,8,E01004971,0,1
2024461492683,2024,461492683,2,9,0,-1,19,7,3,-1,0,0,0,0,0,0,1,1,-1,9,1,21,5,1399,1,13,KIA RIO,4,E01024640,0,2
2024041497749,2024,041497749,2,9,0,-1,3,5,1,-1,0,8,0,0,0,0,2,1,-1,9,2,57,9,998,8,2,KIA RIO,8,E01025425,0,1
2024311519838,2024,311519838,1,9,0,-1,19,2,5,-1,0,0,1,4,0,0,1,1,-1,6,1,34,6,1399,1,14,KIA RIO,1,E01013871,0,1
2024430181691,2024,430181691,1,9,0,18,19,2,6,0,0,1,0,0,0,0,1,1,6,6,1,41,7,1396,2,7,KIA RIO,10,E01016200,0,1
2024501527721,2024,501527721,3,9,0,-1,19,3,7,-1,0,0,0,0,0,0,1,1,-1,6,2,27,6,1396,1,11,KIA RIO,6,E01020187,0,2
2024991439703,2024,991439703,1,9,0,-1,19,8,4,-1,0,0,0,0,0,0,1,1,-1,6,2,42,7,998,1,5,KIA RIO,7,-1,0,3
2024552401006,2024,552401006,1,9,0,18,19,2,6,0,0,0,0,0,7,4,1,1,6,6,2,31,6,1248,1,10,KIA RIO,4,E01020496,0,1
2024061473062,2024,061473062,2,9,0,-1,19,3,6,-1,0,0,0,0,0,0,1,1,-1,9,2,29,6,1248,1,10,KIA RIO,3,E01006041,0,1
2024552400380,2024,552400380,3,9,0,18,19,4,8,0,0,8,0,0,0,0,1,1,6,6,2,27,6,1493,2,13,KIA RIO,5,E01020443,0,2
2024371477351,2024,371477351,2,9,0,-1,19,7,3,-1,0,8,0,0,0,0,3,1,-1,1,1,29,6,1493,2,14,KIA RIO,3,E01033046,0,2
2024061472580,2024,061472580,2,9,0,-1,2,0,0,-1,0,0,0,0,0,0,2,1,-1,6,-1,-1,-1,1396,1,12,KIA RIO,-1,-1,0,-1
2024471428455,2024,471428455,1,9,0,-1,5,7,3,-1,0,6,0,0,0,0,1,1,-1,2,2,26,6,1248,1,7,KIA RIO,2,E01031451,0,2
2024351407099,2024,351407099,1,9,0,-1,19,1,2,-1,0,1,0,0,0,0,1,1,-1,6,2,-1,-1,1396,1,9,KIA RIO,10,E01018193,0,3
2024122400097,2024,122400097,4,9,0,2,2,0,0,0,0,8,0,0,0,0,3,1,6,6,3,-1,-1,1248,1,8,KIA RIO,-1,-1,0,-1
2024991490004,2024,991490004,1,9,0,-1,12,7,3,-1,0,0,0,0,4,0,1,1,-1,6,1,20,4,1248,1,12,KIA RIO,5,-1,0,4
2024411502025,2024,411502025,2,9,0,-1,5,-1,-1,-1,0,1,0,0,0,0,2,9,-1,9,2,32,6,998,1,4,KIA RIO,8,E01023311,0,1
2024320176966,2024,320176966,2,9,0,-1,-1,8,4,0,0,8,0,0,0,0,1,1,-1,-1,1,30,6,1399,1,14,KIA RIO,5,E01011748,0,4
2024371412111,2024,371412111,1,9,0,-1,7,1,4,-1,0,6,0,0,0,0,1,1,-1,9,1,22,5,1493,2,14,KIA RIO,3,E01029978,0,1
2024061406984,2024,061406984,1,9,0,-1,19,7,3,-1,0,2,0,0,0,0,0,1,-1,6,2,78,11,1248,1,8,KIA RIO,2,E01034001,0,1
2024461427008,2024,461427008,2,9,0,-1,19,5,1,-1,0,7,0,0,0,0,3,9,-1,2,1,50,8,1399,1,17,KIA RIO,7,E01016179,0,4
2024010502116,2024,010502116,2,9,0,18,19,7,3,0,0,0,9,99,9,99,4,2,6,6,3,26,6,1399,1,14,KIA RIO,5,E01000316,0,2
2024501488081,2024,501488081,1,9,0,-1,19,4,8,-1,0,0,0,0,0,0,1,1,-1,2,2,18,4,998,1,3,KIA RIO,4,E01018962,0,1
2024351482676,2024,351482676,1,9,0,-1,9,6,7,-1,0,6,0,0,0,0,4,1,-1,2,2,29,6,1248,1,11,KIA RIO,5,E01035531,0,3
2024361465417,2024,361465417,2,9,0,-1,2,6,5,-1,0,2,0,0,0,0,2,1,-1,9,2,85,11,1399,1,18,KIA RIO,3,E01026817,0,1
2024501518361,2024,501518361,1,9,0,-1,19,7,3,-1,0,0,0,0,0,0,1,1,-1,6,2,46,8,1493,2,14,KIA RIO,4,E01019042,0,3
2024421426188,2024,421426188,1,9,0,-1,5,3,7,-1,0,2,0,0,0,0,3,1,-1,9,1,37,7,998,1,6,KIA RIO,9,E01002285,0,4
2024440337062,2024,440337062,2,9,0,9,9,7,8,0,0,6,0,0,0,0,3,1,6,6,2,23,5,1248,1,10,KIA RIO,6,E01031705,0,4
2024991455947,2024,991455947,2,9,0,-1,19,6,2,-1,0,0,0,0,0,0,1,1,-1,6,1,41,7,1399,1,13,KIA RIO,-1,-1,0,-1
2024122400598,2024,122400598,2,9,0,18,19,1,5,0,0,1,0,0,1,0,1,1,6,6,2,53,8,1396,2,10,KIA RIO,1,E01012019,0,4
2024061464989,2024,061464989,2,9,0,-1,3,-1,-1,-1,0,0,0,0,0,0,2,1,-1,6,2,-1,-1,1396,1,10,KIA RIO,-1,-1,0,-1
2024141396476,2024,141396476,2,9,0,-1,19,2,1,-1,0,0,0,0,0,0,3,1,-1,6,1,37,7,1493,2,13,KIA RIO,-1,-1,0,-1
2024991451606,2024,991451606,1,9,0,-1,19,7,3,-1,0,0,0,0,0,0,1,1,-1,6,2,26,6,1197,1,3,KIA RIO,5,-1,0,4
2024141523070,2024,141523070,3,9,0,-1,2,0,0,-1,0,8,0,0,0,0,2,1,-1,6,-1,-1,-1,1120,2,9,KIA RIO,-1,-1,0,-1
2024061445250,2024,061445250,2,9,0,-1,99,-1,-1,-1,99,1,0,0,0,0,1,1,-1,6,2,-1,-1,1248,1,10,KIA RIO,-1,-1,0,-1
2024552400658,2024,552400658,1,9,0,6,6,4,4,0,0,0,0,0,0,0,4,1,2,2,1,65,9,1248,1,12,KIA RIO,9,E01015419,0,2
2024221423624,2024,221423624,1,9,0,-1,19,3,7,-1,0,2,0,0,0,0,1,9,-1,6,1,33,6,1396,1,11,KIA RIO,6,E01029569,0,2
2024070138981,2024,070138981,2,9,0,17,19,8,4,0,0,0,0,0,0,0,1,1,6,6,1,21,5,1399,1,19,KIA RIO,4,E01018447,0,3
2024211468572,2024,211468572,1,9,0,-1,19,2,6,-1,0,1,0,0,0,0,4,1,-1,2,2,50,8,1248,1,11,KIA RIO,6,E01014228,0,1
2024141441387,2024,141441387,1,9,0,-1,19,5,1,-1,0,1,0,0,0,0,3,9,-1,6,2,29,6,1248,1,12,KIA RIO,4,E01001391,0,5
2024520500085,2024,520500085,1,9,0,18,19,8,4,0,0,2,0,0,0,0,1,1,6,6,1,22,5,1248,1,12,KIA RIO,5,E01029324,0,1
2024440158096,2024,440158096,2,9,0,1,1,4,8,9,9,0,0,0,0,0,2,1,6,6,1,-1,-1,1248,1,11,KIA RIO,-1,-1,0,-1
2024041410568,2024,041410568,3,9,0,-1,2,1,5,-1,0,0,0,0,0,0,2,1,-1,9,2,60,9,1248,1,11,KIA RIO,3,E01025054,0,1
2024991442964,2024,991442964,1,9,0,-1,7,1,3,-1,0,0,0,7,0,0,1,1,-1,6,2,80,11,998,1,7,KIA RIO,9,-1,0,3
2024010529412,2024,010529412,1,9,0,18,19,3,7,0,0,0,0,0,0,0,3,1,6,6,1,23,5,1248,1,12,KIA RIO,5,E01002342,0,1
2024041467695,2024,041467695,1,9,0,-1,19,1,5,-1,0,0,0,0,0,0,1,1,-1,9,2,18,4,1396,2,13,KIA RIO,2,E01025205,0,3
2024010534772,2024,010534772,1,9,0,9,9,3,1,0,0,6,0,0,0,0,1,1,6,6,1,54,8,1368,1,5,KIA RIO,-1,-1,0,-1
2024461503409,2024,461503409,1,9,0,-1,19,7,2,-1,0,4,0,0,0,0,3,1,-1,9,1,45,7,1248,1,10,KIA RIO,4,E01020189,0,5
2024371476967,2024,371476967,1,9,0,-1,19,1,5,-1,0,2,0,0,0,0,1,1,-1,2,2,57,9,1248,1,12,KIA RIO,3,E01030255,0,3
2024131499557,2024,131499557,1,9,0,-1,19,7,3,-1,0,2,0,0,0,0,1,1,-1,6,1,85,11,1493,2,14,KIA RIO,7,E01011413,0,1
2024501427663,2024,501427663,1,9,0,-1,19,5,1,-1,0,0,2,0,0,0,3,1,-1,2,2,57,9,1396,1,11,KIA RIO,6,E01020220,0,4
2024430174261,2024,430174261,1,9,0,7,7,7,1,0,0,1,0,0,0,0,4,1,6,6,2,40,7,1399,1,13,KIA RIO,9,E01028818,0,3
2024631530775,2024,631530775,1,9,0,-1,19,3,7,-1,0,2,0,4,7,1,1,1,-1,9,2,28,6,1197,1,2,KIA RIO,8,W01000624,0,2
2024361439168,2024,361439168,2,9,0,-1,19,3,7,-1,0,0,0,0,0,0,0,1,-1,6,1,17,4,1396,1,10,KIA RIO,6,E01026496,0,4
2024010510550,2024,010510550,1,9,0,18,19,5,1,0,0,2,0,0,0,0,2,1,6,6,2,27,6,1120,2,8,KIA RIO,5,E01003342,0,2
2024991503217,2024,991503217,1,9,0,-1,19,3,6,-1,0,0,5,0,7,0,1,1,-1,9,1,21,5,1248,1,4,KIA RIO,4,-1,0,1
2024041452213,2024,041452213,2,9,0,-1,12,5,1,-1,0,0,0,0,0,0,2,1,-1,2,1,39,7,1368,1,5,KIA RIO,2,E01024941,0,2
2024991470578,2024,991470578,1,9,0,-1,19,5,1,-1,0,0,0,0,0,0,1,1,-1,9,2,30,6,1248,1,9,KIA RIO,2,-1,0,2
2024131461961,2024,131461961,1,9,0,-1,19,3,7,-1,0,0,0,0,0,0,1,1,-1,9,2,39,7,1396,2,10,KIA RIO,1,E01011616,0,2
2024201436193,2024,201436193,2,9,0,-1,9,6,4,-1,0,6,0,0,0,0,1,9,-1,6,1,-1,-1,1399,1,13,KIA RIO,-1,-1,0,-1
2024631407741,2024,631407741,1,9,0,-1,19,6,2,-1,0,0,5,0,8,10,1,1,-1,1,2,26,6,1248,1,9,KIA RIO,5,W01000566,0,1
2024010505085,2024,010505085,1,9,0,99,99,9,9,99,99,9,9,99,9,99,2,9,6,6,1,39,7,1396,1,9,KIA RIO,8,W01001877,0,5
2024101485239,2024,101485239,1,9,0,-1,19,7,3,-1,0,0,1,0,0,0,1,1,-1,9,2,25,5,1248,1,10,KIA RIO,9,E01027367,0,1
2024411484997,2024,411484997,2,9,0,-1,19,5,1,-1,0,6,0,0,0,0,3,1,-1,6,1,35,6,1399,1,15,KIA RIO,4,E01015769,0,3
2024421497187,2024,421497187,1,9,0,-1,9,5,3,-1,0,0,0,0,0,0,0,1,-1,9,1,60,9,1399,1,14,KIA RIO,3,E01021276,0,1
2024010513870,2024,010513870,1,9,0,4,4,6,2,0,0,6,0,0,0,0,3,1,6,6,2,50,8,1399,1,14,KIA RIO,8,E01002269,0,1
2024440167187,2024,440167187,1,9,4,18,19,8,4,0,0,0,0,0,0,0,3,1,6,6,2,-1,-1,1396,2,10,KIA RIO,-1,-1,0,-1
2024010529086,2024,010529086,2,9,0,9,9,6,3,4,4,8,0,0,0,0,4,1,6,6,2,22,5,998,8,4,KIA RIO,2,E01000098,0,1
2024451400464,2024,451400464,1,9,0,-1,19,1,6,-1,0,1,0,10,1,0,1,1,-1,2,1,44,7,1248,1,9,KIA RIO,5,E01031565,0,4
2024471482440,2024,471482440,1,9,0,-1,12,7,3,-1,0,0,0,0,7,0,1,1,-1,2,1,44,7,1248,1,9,KIA RIO,9,E01035353,0,1
2024471436157,2024,471436157,1,9,0,-1,19,6,2,-1,0,0,5,0,1,1,1,1,-1,1,1,53,8,1396,2,7,KIA RIO,6,E01021022,0,4
2024401398467,2024,401398467,2,9,0,-1,4,-1,-1,-1,0,1,0,0,0,0,2,9,-1,7,2,44,7,1248,1,7,KIA RIO,9,E01033825,0,1
2024070445015,2024,070445015,2,9,0,3,3,5,8,0,0,1,0,0,0,0,2,1,6,6,2,21,5,1197,1,1,KIA RIO,1,E01006909,0,2
2024101481072,2024,101481072,1,9,0,-1,10,1,7,-1,-1,2,0,0,0,0,3,1,-1,9,1,55,8,998,1,4,KIA RIO,10,E01008589,0,4
2024302400863,2024,302400863,1,9,0,18,19,6,2,0,0,0,0,0,1,0,1,1,2,2,2,23,5,1120,2,9,KIA RIO,6,E01013491,0,3
2024161430538,2024,161430538,2,9,0,-1,5,3,7,-1,0,1,1,0,0,0,3,1,-1,1,2,37,7,1343,1,20,KIA RIO,3,E01012757,0,3
2024041518877,2024,041518877,2,9,0,-1,19,4,1,-1,0,3,0,0,0,0,1,1,-1,6,1,76,11,1248,1,11,KIA RIO,2,E01006262,0,2
2024131470752,2024,131470752,2,9,0,-1,19,5,1,-1,0,1,0,0,0,0,1,1,-1,9,2,42,7,1248,1,7,KIA RIO,10,E01011454,0,1
2024041412687,2024,041412687,1,9,0,-1,19,7,5,-1,-1,0,0,0,0,0,1,1,-1,7,2,41,7,1248,1,8,KIA RIO,1,E01025527,0,1
2024471433734,2024,471433734,1,9,0,-1,19,6,2,-1,0,0,0,0,0,0,1,1,-1,9,2,21,5,1396,1,9,KIA RIO,7,E01030583,0,2
2024401528522,2024,401528522,2,9,0,-1,19,4,8,-1,0,8,0,0,0,0,3,1,-1,6,2,66,10,1368,1,7,KIA RIO,10,E01017563,0,1
2024421421548,2024,421421548,1,9,0,-1,19,7,3,-1,0,0,0,12,0,0,1,1,-1,6,1,40,7,1197,1,3,KIA RIO,7,E01021904,0,2
2024101495902,2024,101495902,2,9,0,-1,4,1,5,-1,0,0,0,0,0,0,2,1,-1,2,1,24,5,1248,1,8,KIA RIO,8,E01008657,0,2
2024531461126,2024,531461126,1,9,0,-1,7,2,4,-1,0,8,0,0,1,9,1,1,-1,1,2,23,5,1248,1,11,KIA RIO,2,E01001770,0,5
2024461471582,2024,461471582,1,9,0,-1,19,1,5,-1,0,0,0,0,0,0,4,1,-1,6,1,42,7,1248,1,10,KIA RIO,5,E01024495,0,1
2024361510415,2024,361510415,3,9,0,-1,19,5,1,-1,0,0,0,0,0,0,3,1,-1,6,2,53,8,1396,1,11,KIA RIO,4,E01026668,0,3
2024041444964,2024,041444964,2,9,0,-1,19,2,4,-1,0,1,0,0,0,0,2,1,-1,9,1,64,9,1248,1,13,KIA RIO,1,E01012624,0,1
2024131406934,2024,131406934,1,9,0,-1,9,7,1,-1,0,8,0,0,0,0,1,1,-1,9,1,19,4,1399,1,17,KIA RIO,1,E01010842,0,1