collision_index,collision_year,collision_ref_no,vehicle_reference,vehicle_type,towing_and_articulation,vehicle_manoeuvre_historic,vehicle_manoeuvre,vehicle_direction_from,vehicle_direction_to,vehicle_location_restricted_lane_historic,vehicle_location_restricted_lane,junction_location,skidding_and_overturning,hit_object_in_carriageway,vehicle_leaving_carriageway,hit_object_off_carriageway,first_point_of_impact,vehicle_left_hand_drive,journey_purpose_of_driver_historic,journey_purpose_of_driver,sex_of_driver,age_of_driver,age_band_of_driver,engine_capacity_cc,propulsion_code,age_of_vehicle,generic_make_model,driver_imd_decile,lsoa_of_driver,escooter_flag,driver_distance_banding
2024440124065,2024,440124065,1,9,0,18,19,8,4,0,0,2,1,0,1,0,3,1,6,6,1,19,4,1497,1,21,OTHER BRITISH MODEL MISSING,6,E01022584,0,1
2024010547667,2024,010547667,1,11,0,5,5,7,3,2,2,0,9,99,3,99,9,1,1,1,2,57,9,6692,2,14,OTHER BRITISH MODEL MISSING,4,E01000035,0,1
2024010534208,2024,010534208,2,9,9,99,99,9,9,99,99,9,9,99,9,99,9,9,6,6,3,-1,-1,-1,3,0,OTHER BRITISH MODEL MISSING,-1,-1,0,-1
2024071078024,2024,071078024,2,90,0,-1,2,0,0,-1,0,0,0,0,0,0,2,1,-1,9,1,54,8,2184,2,0,OTHER BRITISH MODEL MISSING,10,E01024464,0,5
2024401523143,2024,401523143,2,17,4,-1,5,7,5,-1,0,0,0,0,0,0,3,1,-1,1,1,24,5,13000,2,7,OTHER BRITISH MODEL MISSING,7,E01025909,0,4
2024501405275,2024,501405275,1,9,0,-1,19,5,1,-1,0,0,0,0,0,0,4,9,-1,6,1,55,8,1998,1,69,OTHER BRITISH MODEL MISSING,7,E01029749,0,5
2024041430275,2024,041430275,1,3,0,-1,19,5,1,-1,0,0,2,0,0,0,1,1,-1,9,1,18,4,124,1,6,OTHER BRITISH MODEL MISSING,3,E01025138,0,1
2024041441388,2024,041441388,1,90,0,-1,13,3,7,-1,0,0,5,0,0,0,4,1,-1,9,1,53,8,-1,-1,-1,OTHER BRITISH MODEL MISSING,4,E01025119,0,1
2024131490664,2024,131490664,1,11,0,-1,19,1,5,-1,0,1,0,0,0,0,4,1,-1,1,1,20,4,6700,2,16,OTHER BRITISH MODEL MISSING,1,E01034264,0,1
2024010518216,2024,010518216,1,19,0,7,7,7,2,4,4,5,0,0,1,0,1,1,1,1,1,33,6,-1,3,5,OTHER BRITISH MODEL MISSING,4,E01001373,0,3
2024010542349,2024,010542349,1,11,0,9,9,7,4,0,0,3,0,0,0,0,0,1,1,1,1,39,7,6692,2,15,OTHER BRITISH MODEL MISSING,5,E01015992,0,3
2024041525020,2024,041525020,1,3,0,-1,19,5,8,-1,0,0,1,0,0,0,3,1,-1,9,1,28,6,125,1,0,OTHER BRITISH MODEL MISSING,2,E01004881,0,1
2024161424755,2024,161424755,1,90,0,-1,19,7,3,-1,0,0,2,0,4,0,3,1,-1,2,1,27,6,-1,-1,-1,OTHER BRITISH MODEL MISSING,2,E01013202,0,3
2024010500126,2024,010500126,1,11,0,18,19,4,8,2,2,0,0,0,0,0,0,1,1,1,1,45,7,-1,3,5,OTHER BRITISH MODEL MISSING,2,E01001549,0,3
2024010493522,2024,010493522,1,11,0,7,7,5,8,0,0,2,0,0,0,0,1,1,1,1,1,46,8,-1,3,6,OTHER BRITISH MODEL MISSING,4,E01027189,0,4
2024010509076,2024,010509076,1,11,0,18,19,5,1,0,0,1,0,0,0,0,0,1,1,1,1,59,9,6692,2,14,OTHER BRITISH MODEL MISSING,8,E01000703,0,2
2024471424233,2024,471424233,2,3,0,-1,19,5,1,-1,0,8,0,0,0,0,1,1,-1,2,2,30,6,125,1,1,OTHER BRITISH MODEL MISSING,1,E01020972,0,1
2024320442281,2024,320442281,1,5,0,13,13,2,6,0,0,0,2,0,1,9,1,1,-1,-1,1,72,10,-1,-1,-1,OTHER BRITISH MODEL MISSING,2,E01026103,0,3
2024010542116,2024,010542116,1,11,0,4,4,7,3,0,0,2,0,0,0,0,0,1,1,1,1,37,7,6692,2,14,OTHER BRITISH MODEL MISSING,5,E01001173,0,2
2024351401208,2024,351401208,1,19,0,-1,19,3,7,-1,0,0,0,0,0,0,1,9,-1,6,1,36,7,1995,2,18,OTHER BRITISH MODEL MISSING,5,E01026241,0,4
2024361510377,2024,361510377,2,3,0,-1,19,7,3,-1,0,1,0,0,0,0,1,1,-1,1,1,23,5,125,1,0,OTHER BRITISH MODEL MISSING,6,E01026922,0,2
2024421476385,2024,421476385,1,3,0,-1,19,3,7,-1,0,0,1,0,0,0,4,1,-1,9,1,64,9,596,1,-1,OTHER BRITISH MODEL MISSING,9,E01007825,0,5
2024010538052,2024,010538052,1,9,0,9,9,1,7,0,0,8,0,0,0,0,1,1,6,6,1,26,6,1400,1,17,OTHER BRITISH MODEL MISSING,5,E01003715,0,1
2024010539629,2024,010539629,2,90,0,18,19,5,1,0,0,0,1,4,0,0,1,1,1,1,1,25,5,-1,3,2,OTHER BRITISH MODEL MISSING,2,E01003604,0,1
2024451496767,2024,451496767,1,23,0,-1,19,3,7,-1,0,1,2,0,0,0,0,1,-1,2,1,30,6,-1,3,2,OTHER BRITISH MODEL MISSING,10,E01030379,0,3
2024991438417,2024,991438417,1,4,0,-1,19,7,3,-1,0,2,1,10,0,0,4,1,-1,9,1,75,10,500,1,64,OTHER BRITISH MODEL MISSING,8,E01013053,0,5
2024010497528,2024,010497528,2,4,0,18,19,1,5,0,0,1,1,0,0,0,1,1,1,1,1,43,7,-1,-1,-1,OTHER BRITISH MODEL MISSING,7,E01000295,0,2
2024010506771,2024,010506771,1,11,0,4,4,1,5,0,0,1,0,0,0,0,4,1,1,1,1,63,9,-1,3,7,OTHER BRITISH MODEL MISSING,4,E01001511,0,3
2024501528850,2024,501528850,1,9,0,-1,13,7,3,-1,0,0,0,0,0,0,1,1,-1,6,1,54,8,1598,1,33,OTHER BRITISH MODEL MISSING,5,E01029268,0,4
2024461500990,2024,461500990,1,2,0,-1,19,8,3,-1,0,1,1,0,0,0,0,1,-1,7,1,16,4,49,1,0,OTHER BRITISH MODEL MISSING,6,E01024540,0,1
2024401515531,2024,401515531,1,4,0,-1,19,5,1,-1,0,0,1,4,0,0,1,1,-1,6,1,32,6,450,1,4,OTHER BRITISH MODEL MISSING,2,E01017602,0,1
2024531406751,2024,531406751,1,9,0,-1,19,5,1,-1,0,0,1,0,1,9,1,1,-1,9,1,48,8,1597,1,8,OTHER BRITISH MODEL MISSING,8,E01022413,0,1
2024520402310,2024,520402310,1,9,0,18,19,7,3,0,0,8,0,0,0,0,4,1,6,6,1,20,4,1840,1,25,OTHER BRITISH MODEL MISSING,6,E01029021,0,1
2024501418367,2024,501418367,1,2,0,-1,15,1,5,-1,0,0,0,0,0,0,1,1,-1,1,1,16,4,49,1,1,OTHER BRITISH MODEL MISSING,6,E01020256,0,3
2024421489543,2024,421489543,1,3,0,-1,5,1,4,-1,0,0,0,0,0,0,1,1,-1,6,1,77,11,125,1,62,OTHER BRITISH MODEL MISSING,7,E01016000,0,1
2024010544847,2024,010544847,2,11,0,4,4,3,7,0,0,0,0,0,0,0,2,1,1,1,1,35,6,-1,3,6,OTHER BRITISH MODEL MISSING,-1,-1,0,-1
2024010524583,2024,010524583,1,11,0,18,19,7,3,2,2,0,0,0,0,0,1,1,1,1,1,41,7,8900,2,12,OTHER BRITISH MODEL MISSING,5,E01003147,0,3
2024201518863,2024,201518863,2,9,0,-1,3,1,5,-1,0,1,0,0,0,0,2,1,-1,6,1,35,6,1997,1,21,OTHER BRITISH MODEL MISSING,1,E01009964,0,1
2024010518698,2024,010518698,1,11,0,5,5,0,5,0,0,1,0,0,0,0,0,1,1,1,1,53,8,-1,3,6,OTHER BRITISH MODEL MISSING,9,E01004593,0,2
2024010512084,2024,010512084,2,11,0,18,19,7,3,0,0,6,0,0,0,0,1,1,1,1,1,54,8,-1,3,7,OTHER BRITISH MODEL MISSING,3,E01032584,0,2
2024010508869,2024,010508869,2,9,0,13,13,1,5,0,0,1,0,0,0,0,1,1,1,1,1,21,5,-1,3,2,OTHER BRITISH MODEL MISSING,3,E01034039,0,2
2024010507238,2024,010507238,1,11,0,5,5,1,5,2,2,1,0,0,0,0,4,1,1,1,1,54,8,6692,2,15,OTHER BRITISH MODEL MISSING,-1,-1,0,-1
2024010539708,2024,010539708,1,11,0,7,7,3,5,0,0,6,0,0,0,0,1,1,1,1,1,48,8,6692,2,15,OTHER BRITISH MODEL MISSING,4,E01015956,0,4
2024010523541,2024,010523541,1,11,0,18,19,1,5,0,0,1,0,0,0,0,0,1,1,1,1,54,8,6692,2,14,OTHER BRITISH MODEL MISSING,3,E01001004,0,1
2024991464332,2024,991464332,1,3,0,-1,5,3,7,-1,0,4,0,0,0,0,1,1,-1,6,1,17,4,124,1,1,OTHER BRITISH MODEL MISSING,2,-1,0,1
2024071050227,2024,071050227,2,9,0,-1,9,3,1,-1,0,1,0,0,0,0,3,1,-1,9,1,60,9,3500,1,1,OTHER BRITISH MODEL MISSING,8,W01000390,0,3
2024041427273,2024,041427273,3,4,0,-1,19,7,3,-1,0,0,0,0,0,0,0,1,-1,9,1,74,10,250,1,-1,OTHER BRITISH MODEL MISSING,9,E01025519,0,4
2024010501897,2024,010501897,1,9,0,4,4,8,4,0,0,0,1,0,0,0,1,1,6,6,1,39,7,2500,1,28,OTHER BRITISH MODEL MISSING,2,E01004420,0,4
2024421518022,2024,421518022,2,2,0,-1,19,6,2,-1,0,0,0,0,0,0,4,1,-1,6,2,16,4,50,1,2,OTHER BRITISH MODEL MISSING,8,E01034364,0,2
2024010539097,2024,010539097,2,11,0,3,3,7,3,0,0,1,0,0,0,0,1,1,1,1,1,64,9,-1,3,6,OTHER BRITISH MODEL MISSING,2,E01001911,0,1
2024010545669,2024,010545669,1,11,0,4,4,7,3,0,0,1,0,0,0,0,4,1,1,1,2,57,9,6692,2,15,OTHER BRITISH MODEL MISSING,3,E01015877,0,4
2024332401121,2024,332401121,1,2,0,-1,19,2,6,-1,0,8,0,0,0,0,4,1,-1,2,1,24,5,125,1,0,OTHER BRITISH MODEL MISSING,4,E01025894,0,3
2024010493914,2024,010493914,2,11,0,7,7,1,3,0,0,1,0,0,0,0,4,1,1,1,2,51,8,-1,3,8,OTHER BRITISH MODEL MISSING,3,E01003185,0,2
2024010501147,2024,010501147,1,11,0,4,4,3,7,2,2,1,0,0,0,0,0,1,1,1,1,42,7,6692,2,15,OTHER BRITISH MODEL MISSING,5,E01033787,0,1
2024010510339,2024,010510339,1,11,0,5,5,0,1,0,0,2,0,0,0,0,0,1,1,1,1,49,8,-1,3,5,OTHER BRITISH MODEL MISSING,3,E01002774,0,1
2024010544854,2024,010544854,2,3,0,99,99,9,9,99,99,9,9,99,9,99,9,1,6,6,2,30,6,-1,-1,-1,OTHER BRITISH MODEL MISSING,9,E01025321,0,5
2024010518816,2024,010518816,1,9,3,3,3,3,7,0,0,7,0,0,0,0,2,1,6,6,1,64,9,2099,1,21,OTHER BRITISH MODEL MISSING,3,E01003538,0,1
2024361463840,2024,361463840,2,22,0,-1,19,7,3,-1,0,1,0,0,0,0,4,1,-1,6,1,87,11,-1,3,2,OTHER BRITISH MODEL MISSING,9,E01026708,0,1
202460Q063945,2024,60Q063945,1,9,0,13,13,6,2,0,0,0,2,0,1,3,1,1,6,6,1,60,9,1998,1,17,OTHER BRITISH MODEL MISSING,-1,-1,0,-1
2024131403433,2024,131403433,1,5,0,-1,19,7,3,-1,0,8,2,0,0,0,4,1,-1,6,1,69,10,800,1,26,OTHER BRITISH MODEL MISSING,7,E01010876,0,1
2024522402717,2024,522402717,1,19,0,1,1,5,1,0,0,8,0,0,0,0,4,1,6,6,2,30,6,2402,2,21,OTHER BRITISH MODEL MISSING,6,E01014058,0,4
2024010508209,2024,010508209,1,11,0,18,19,5,1,0,0,0,0,0,0,0,0,1,1,1,1,50,8,6692,2,15,OTHER BRITISH MODEL MISSING,3,E01000057,0,2
2024010504708,2024,010504708,1,11,0,18,19,5,1,0,0,0,0,0,0,0,0,1,1,1,1,26,6,6692,2,15,OTHER BRITISH MODEL MISSING,4,E01001009,0,1
2024061516537,2024,061516537,1,4,0,-1,7,-1,-1,-1,0,0,2,0,0,0,2,1,-1,1,1,44,7,125,1,0,OTHER BRITISH MODEL MISSING,5,E01005962,0,1
2024430475785,2024,430475785,2,9,0,8,8,8,4,0,0,1,0,0,0,0,4,1,6,6,1,29,6,1796,1,21,OTHER BRITISH MODEL MISSING,4,E01016715,0,1
2024101429954,2024,101429954,1,11,0,-1,2,1,5,-1,0,0,0,0,0,0,0,1,-1,1,1,58,9,6692,2,15,OTHER BRITISH MODEL MISSING,3,E01008476,0,1
2024010508458,2024,010508458,1,11,0,15,15,5,1,0,0,0,0,0,0,0,1,1,1,1,1,62,9,6692,2,15,OTHER BRITISH MODEL MISSING,3,E01000062,0,1
2024010536371,2024,010536371,1,11,0,18,19,5,1,0,0,1,0,0,0,0,0,1,1,1,2,58,9,6692,2,14,OTHER BRITISH MODEL MISSING,5,E01001099,0,1
2024111481019,2024,111481019,1,22,0,-1,19,7,3,-1,0,8,5,0,0,0,1,1,-1,6,1,63,9,-1,3,-1,OTHER BRITISH MODEL MISSING,2,E01020869,0,1
2024101430461,2024,101430461,2,2,0,-1,19,1,5,-1,0,0,2,0,0,0,2,1,-1,6,1,16,4,49,1,3,OTHER BRITISH MODEL MISSING,4,E01008866,0,1
2024451418758,2024,451418758,1,11,0,-1,5,6,2,-1,2,0,0,0,0,0,4,1,-1,1,1,51,8,-1,3,6,OTHER BRITISH MODEL MISSING,3,E01022635,0,4
2024010515126,2024,010515126,1,11,0,18,19,1,5,0,0,2,0,0,0,0,1,1,6,6,1,29,6,6692,2,15,OTHER BRITISH MODEL MISSING,2,E01003576,0,2
2024122401290,2024,122401290,1,11,0,18,19,1,5,0,0,1,0,0,0,0,0,1,1,1,1,21,5,6692,2,15,OTHER BRITISH MODEL MISSING,7,E01027890,0,3
2024991444254,2024,991444254,1,5,0,-1,19,1,4,-1,0,0,0,0,7,0,3,1,-1,6,1,26,6,599,1,24,OTHER BRITISH MODEL MISSING,4,-1,0,4
2024010523929,2024,010523929,1,3,0,18,19,7,3,9,9,1,0,0,1,0,1,1,6,6,3,-1,-1,-1,-1,-1,OTHER BRITISH MODEL MISSING,-1,-1,0,-1
2024302401603,2024,302401603,2,3,0,18,19,2,6,0,0,8,0,0,0,0,4,1,1,1,1,28,6,124,1,6,OTHER BRITISH MODEL MISSING,-1,-1,0,-1
2024010500181,2024,010500181,2,11,0,17,19,6,4,0,0,1,0,0,0,0,4,2,6,6,1,63,9,6692,2,15,OTHER BRITISH MODEL MISSING,5,E01015953,0,3
2024010541572,2024,010541572,1,11,0,18,19,5,1,2,2,1,0,0,0,0,0,1,1,1,2,45,7,6692,2,15,OTHER BRITISH MODEL MISSING,5,E01002590,0,4
2024122400098,2024,122400098,1,9,0,18,19,7,3,0,0,8,0,0,0,0,4,1,6,6,1,66,10,1360,1,16,OTHER BRITISH MODEL MISSING,8,E01027783,0,3
2024122401246,2024,122401246,1,17,4,5,5,3,1,0,0,0,0,0,0,0,2,1,6,6,1,29,6,-1,2,23,OTHER BRITISH MODEL MISSING,6,E01027584,0,1
2024501490795,2024,501490795,1,9,0,-1,19,5,1,-1,0,1,0,0,0,0,1,1,-1,6,1,68,10,-1,-1,-1,OTHER BRITISH MODEL MISSING,9,E01020092,0,1
2024440170200,2024,440170200,1,9,0,7,7,5,6,0,0,8,1,0,1,4,1,1,6,6,1,68,10,5000,1,12,OTHER BRITISH MODEL MISSING,10,E01023244,0,4
2024461458793,2024,461458793,1,4,0,-1,19,3,3,-1,0,0,0,0,0,0,4,1,-1,9,1,66,10,125,1,58,OTHER BRITISH MODEL MISSING,5,E01016034,0,4
2024471410732,2024,471410732,2,3,0,-1,2,0,0,-1,-1,0,0,0,0,0,1,1,-1,6,3,-1,-1,125,1,1,OTHER BRITISH MODEL MISSING,-1,-1,0,-1
2024041431985,2024,041431985,3,9,0,-1,3,2,3,-1,0,1,0,0,0,0,1,1,-1,9,1,58,9,1360,1,16,OTHER BRITISH MODEL MISSING,7,E01025270,0,1
2024501450992,2024,501450992,1,9,0,-1,12,6,2,-1,0,0,1,7,0,0,1,1,-1,6,1,71,10,2660,1,-1,OTHER BRITISH MODEL MISSING,4,E01020254,0,1
2024010528335,2024,010528335,2,9,0,17,19,1,5,0,0,1,0,0,0,0,3,1,6,6,1,57,9,1000,1,24,OTHER BRITISH MODEL MISSING,2,E01003087,0,1
2024010536213,2024,010536213,1,11,0,18,19,3,7,0,0,1,0,0,0,0,0,1,1,1,1,46,8,6692,2,14,OTHER BRITISH MODEL MISSING,6,E01003435,0,1
2024010530353,2024,010530353,1,11,0,9,9,7,5,0,0,5,0,0,0,0,0,1,1,1,1,63,9,6692,2,15,OTHER BRITISH MODEL MISSING,3,E01000062,0,1
2024122400911,2024,122400911,1,2,0,7,7,5,7,0,0,1,0,0,0,0,0,1,6,6,1,20,4,49,1,6,OTHER BRITISH MODEL MISSING,1,E01027817,0,1
2024010527227,2024,010527227,2,3,0,4,4,1,5,0,0,1,0,0,0,0,1,1,6,6,1,18,4,-1,-1,-1,OTHER BRITISH MODEL MISSING,3,E01003265,0,3
2024010506507,2024,010506507,1,11,0,5,5,1,5,0,0,2,0,0,0,0,1,1,1,1,1,26,6,6692,2,15,OTHER BRITISH MODEL MISSING,5,E01016013,0,3
2024451517505,2024,451517505,3,9,0,-1,2,0,0,-1,0,6,0,0,0,0,0,1,-1,6,-1,-1,-1,2443,1,75,OTHER BRITISH MODEL MISSING,-1,-1,0,-1
2024302401084,2024,302401084,1,9,0,17,19,6,3,0,0,0,1,0,7,11,1,1,6,6,1,41,7,1588,1,26,OTHER BRITISH MODEL MISSING,4,E01028174,0,4
2024070425790,2024,070425790,2,3,0,18,19,5,1,0,0,8,0,0,0,0,1,1,6,6,1,16,4,49,1,1,OTHER BRITISH MODEL MISSING,4,E01012464,0,1
2024031472490,2024,031472490,2,17,0,-1,10,5,2,-1,0,1,1,0,0,0,1,1,-1,1,1,33,6,4100,2,4,OTHER BRITISH MODEL MISSING,10,E01019348,0,1
2024231397603,2024,231397603,1,9,0,-1,19,1,5,-1,0,0,0,4,0,0,1,9,-1,9,2,75,10,2494,2,23,OTHER BRITISH MODEL MISSING,7,E01031260,0,1
2024010541223,2024,010541223,1,4,0,18,19,3,7,0,0,1,5,0,1,10,4,1,1,1,1,41,7,-1,-1,-1,OTHER BRITISH MODEL MISSING,8,E01000241,0,2
2024201413526,2024,201413526,2,2,0,-1,19,5,1,-1,0,8,0,0,0,0,1,1,-1,6,1,17,4,49,1,2,OTHER BRITISH MODEL MISSING,1,E01009748,0,1
2024070154676,2024,070154676,2,11,0,13,13,1,5,0,0,0,0,0,0,0,1,1,1,1,1,64,9,4461,2,14,OTHER BRITISH MODEL MISSING,2,E01029543,0,3
2024501506191,2024,501506191,1,9,0,-1,19,6,2,-1,0,1,0,0,0,0,4,1,-1,9,1,60,9,1147,1,67,OTHER BRITISH MODEL MISSING,6,E01019974,0,2
202460Q071455,2024,60Q071455,2,9,0,18,19,5,1,0,0,0,0,0,0,0,3,1,6,6,1,59,9,2286,2,58,OTHER BRITISH MODEL MISSING,-1,-1,0,-1
2024010547506,2024,010547506,1,11,0,5,5,7,3,0,0,0,0,0,0,0,0,1,1,1,1,34,6,6692,2,15,OTHER BRITISH MODEL MISSING,5,E01033787,0,1
2024010552569,2024,010552569,1,3,0,99,99,9,9,99,99,9,9,99,9,99,9,1,1,1,1,36,7,125,1,0,OTHER BRITISH MODEL MISSING,6,E01003692,0,1
2024010534201,2024,010534201,1,11,0,18,19,1,5,0,0,2,0,0,0,0,0,1,1,1,1,44,7,6692,2,15,OTHER BRITISH MODEL MISSING,6,E01001040,0,1
202454B095524,2024,54B095524,1,9,0,18,19,7,3,0,0,0,2,0,0,0,1,1,6,6,1,77,11,3485,1,86,OTHER BRITISH MODEL MISSING,-1,-1,0,-1
2024421397952,2024,421397952,2,3,0,-1,19,5,1,-1,0,2,0,0,0,0,1,1,-1,9,1,53,8,-1,3,3,OTHER BRITISH MODEL MISSING,9,E01021281,0,1
2024010497004,2024,010497004,1,11,0,18,19,3,7,0,0,8,0,0,0,0,1,1,1,1,1,38,7,6692,2,15,OTHER BRITISH MODEL MISSING,5,E01015992,0,3
2024440343219,2024,440343219,1,4,0,18,19,7,3,0,0,1,0,0,0,0,4,1,6,6,1,56,9,150,1,55,OTHER BRITISH MODEL MISSING,7,E01022724,0,1
2024440067644,2024,440067644,3,9,0,3,3,7,3,0,0,1,0,0,0,0,2,1,6,6,1,71,10,2000,2,22,OTHER BRITISH MODEL MISSING,1,E01017166,0,2
2024052402017,2024,052402017,2,3,0,18,19,5,1,0,0,8,0,0,0,0,1,1,2,2,1,53,8,125,1,9,OTHER BRITISH MODEL MISSING,9,E01007150,0,1
2024440362859,2024,440362859,1,2,0,18,19,5,8,0,0,8,0,0,0,0,4,1,6,6,1,34,6,50,1,0,OTHER BRITISH MODEL MISSING,3,E01017195,0,1
2024311467826,2024,311467826,1,2,0,-1,19,5,1,-1,0,1,2,0,0,0,1,1,-1,9,1,17,4,49,1,2,OTHER BRITISH MODEL MISSING,-1,-1,0,-1
2024010529931,2024,010529931,1,11,0,4,4,1,5,0,0,1,0,0,0,0,0,1,1,1,1,55,8,-1,3,7,OTHER BRITISH MODEL MISSING,5,E01001736,0,1
2024010537324,2024,010537324,1,19,0,4,4,3,7,0,0,0,0,0,0,0,4,1,1,1,1,56,9,-1,3,6,OTHER BRITISH MODEL MISSING,5,E01003878,0,1
2024531455917,2024,531455917,1,3,0,-1,9,1,1,-1,0,6,0,0,0,0,2,1,-1,1,1,47,8,125,1,0,OTHER BRITISH MODEL MISSING,9,E01022101,0,1
2024461505501,2024,461505501,2,9,0,-1,3,6,2,-1,0,8,0,0,0,0,2,9,-1,9,1,61,9,1600,1,32,OTHER BRITISH MODEL MISSING,6,E01023989,0,4
2024320200364,2024,320200364,1,5,0,-1,-1,4,8,0,0,0,5,0,7,9,4,1,-1,-1,1,63,9,-1,-1,-1,OTHER BRITISH MODEL MISSING,6,E01026244,0,1
202454F269924,2024,54F269924,3,9,0,18,19,8,4,0,0,0,1,0,0,0,1,1,6,6,2,21,5,-1,-1,-1,OTHER BRITISH MODEL MISSING,2,E01007784,0,5
2024451493852,2024,451493852,2,11,0,-1,5,3,7,-1,0,0,0,0,0,0,1,9,-1,1,1,50,8,-1,3,6,OTHER BRITISH MODEL MISSING,-1,-1,0,-1
2024311471227,2024,311471227,1,22,0,-1,9,2,3,-1,0,1,0,0,0,0,1,1,-1,9,1,94,11,-1,3,1,OTHER BRITISH MODEL MISSING,2,E01028027,0,1
2024010498100,2024,010498100,2,11,0,99,99,9,9,99,99,0,9,99,9,99,2,9,6,6,1,50,8,-1,3,8,OTHER BRITISH MODEL MISSING,3,E01003920,0,1
2024351435078,2024,351435078,1,17,0,-1,19,5,1,-1,0,0,0,0,0,0,1,1,-1,1,1,19,4,6700,2,1,OTHER BRITISH MODEL MISSING,5,E01018088,0,3
2024440019169,2024,440019169,1,4,0,7,7,4,6,0,0,8,0,0,0,0,0,1,6,6,1,55,8,175,1,44,OTHER BRITISH MODEL MISSING,1,E01017331,0,1
2024041427273,2024,041427273,2,4,0,-1,19,3,7,-1,0,0,0,0,0,0,2,1,-1,9,1,76,11,197,1,-1,OTHER BRITISH MODEL MISSING,4,E01007053,0,4
2024371505401,2024,371505401,1,2,0,-1,19,3,7,-1,0,1,0,0,0,0,1,1,-1,6,1,16,4,49,1,13,OTHER BRITISH MODEL MISSING,6,E01030041,0,1
2024461536106,2024,461536106,2,3,0,-1,19,6,3,-1,0,0,0,0,0,0,1,1,-1,9,1,43,7,124,1,21,OTHER BRITISH MODEL MISSING,3,E01024742,0,1
2024361450921,2024,361450921,1,9,0,-1,3,3,8,-1,0,2,0,0,0,0,1,9,-1,6,1,71,10,1250,1,74,OTHER BRITISH MODEL MISSING,10,E01035149,0,2
2024010529687,2024,010529687,2,2,0,5,5,1,5,0,0,2,0,0,0,0,0,1,6,6,1,48,8,50,1,4,OTHER BRITISH MODEL MISSING,5,E01002202,0,3
2024131499030,2024,131499030,1,9,0,-1,19,5,1,-1,0,8,0,0,0,0,1,1,-1,6,1,28,6,1596,1,21,OTHER BRITISH MODEL MISSING,2,E01010894,0,1
2024010519464,2024,010519464,1,11,0,18,19,5,1,0,0,0,0,0,0,0,0,1,1,1,1,43,7,-1,3,5,OTHER BRITISH MODEL MISSING,3,E01002697,0,2
2024320640846,2024,320640846,1,23,0,-1,-1,6,2,0,0,0,5,0,0,0,4,1,-1,-1,1,67,10,-1,3,8,OTHER BRITISH MODEL MISSING,4,E01026180,0,1
2024131463930,2024,131463930,2,3,0,-1,19,5,1,-1,0,1,0,0,0,0,1,1,-1,9,1,24,5,125,1,2,MAKE AND MODEL REDACTED,3,E01007821,0,3
2024201439905,2024,201439905,2,3,0,-1,4,6,7,-1,0,1,0,0,0,0,2,1,-1,9,1,44,7,125,1,3,MAKE AND MODEL REDACTED,8,E01010225,0,2
2024440364723,2024,440364723,2,3,0,18,19,6,2,0,0,0,0,0,0,0,2,1,6,6,1,55,8,125,1,6,MAKE AND MODEL REDACTED,7,E01015588,0,5
2024320057256,2024,320057256,2,2,0,-1,-1,6,2,0,0,8,5,0,0,0,0,1,-1,-1,1,48,8,125,1,5,MAKE AND MODEL REDACTED,8,E01026138,0,1
2024010548252,2024,010548252,1,3,0,3,3,1,5,0,0,4,0,0,0,0,2,1,1,1,1,61,9,125,1,2,MAKE AND MODEL REDACTED,5,E01003645,0,1
2024522403146,2024,522403146,1,3,0,18,19,4,8,0,0,8,0,0,0,0,1,1,6,6,1,21,5,125,1,8,MAKE AND MODEL REDACTED,3,E01014835,0,1
2024440053772,2024,440053772,2,2,0,18,19,3,7,0,0,8,0,10,0,0,3,1,6,6,1,31,6,125,1,2,SYM SYMPHONY,5,E01034733,0,2
2024622400867,2024,622400867,1,3,0,4,4,1,5,0,0,1,0,0,0,0,2,1,6,6,1,23,5,125,1,4,SYM SYMPHONY,3,W01001997,0,1
2024501403388,2024,501403388,1,3,0,-1,5,2,6,-1,0,6,0,0,0,0,1,1,-1,1,1,32,6,125,1,10,SYM SYMPHONY,1,E01015214,0,1