collision_index,collision_year,collision_ref_no,vehicle_reference,vehicle_type,towing_and_articulation,vehicle_manoeuvre_historic,vehicle_manoeuvre,vehicle_direction_from,vehicle_direction_to,vehicle_location_restricted_lane_historic,vehicle_location_restricted_lane,junction_location,skidding_and_overturning,hit_object_in_carriageway,vehicle_leaving_carriageway,hit_object_off_carriageway,first_point_of_impact,vehicle_left_hand_drive,journey_purpose_of_driver_historic,journey_purpose_of_driver,sex_of_driver,age_of_driver,age_band_of_driver,engine_capacity_cc,propulsion_code,age_of_vehicle,generic_make_model,driver_imd_decile,lsoa_of_driver,escooter_flag,driver_distance_banding
2024052401717,2024,052401717,1,3,0,12,12,3,8,0,0,1,0,0,0,0,3,1,1,1,1,30,6,125,1,9,SYM SYMPHONY,1,E01006545,0,1
2024549929524,2024,549929524,2,3,0,18,19,2,6,0,0,1,0,0,0,0,1,1,2,2,1,27,6,125,1,8,SYM SYMPHONY,8,E01015584,0,2
2024010539956,2024,010539956,2,3,0,18,19,3,7,0,0,0,0,0,0,0,1,1,6,6,1,30,6,125,1,0,SYM SYMPHONY,4,E01034604,0,1
2024531423924,2024,531423924,1,3,0,-1,19,1,5,-1,0,0,0,0,0,0,0,1,-1,6,1,24,5,125,1,9,SYM SYMPHONY,10,E01022427,0,3
2024451410019,2024,451410019,1,3,0,-1,9,1,2,-1,0,8,0,0,0,0,4,1,-1,2,1,27,6,125,1,1,SYM SYMPHONY,4,E01030364,0,1
2024421449003,2024,421449003,2,3,0,-1,19,4,1,-1,0,4,0,0,0,0,1,1,-1,1,1,26,6,125,1,3,SYM SYMPHONY,-1,-1,0,-1
2024522401108,2024,522401108,2,3,0,11,11,8,4,0,0,8,0,0,0,0,3,1,6,6,1,42,7,125,1,4,SYM SYMPHONY,1,E01033370,0,1
2024430419014,2024,430419014,1,2,0,13,13,8,4,0,0,8,0,0,0,0,4,1,1,1,1,24,5,125,1,2,SYM SYMPHONY,4,E01016521,0,1
2024010500352,2024,010500352,1,3,0,18,19,1,5,2,2,2,0,0,0,0,3,1,2,2,1,57,9,125,1,7,SYM SYMPHONY,4,E01003388,0,2
2024010538341,2024,010538341,1,3,0,18,19,5,1,0,0,1,0,0,0,0,1,1,6,6,1,25,5,125,1,9,SYM SYMPHONY,2,E01004222,0,1
2024010547186,2024,010547186,1,4,0,15,15,7,3,2,2,1,0,0,1,0,1,1,6,6,1,23,5,660,1,2,TRIUMPH TRIDENT,5,E01001074,0,3
2024552400639,2024,552400639,1,5,0,16,19,2,4,0,0,0,0,0,7,10,1,1,6,6,1,51,8,660,1,3,TRIUMPH TRIDENT,6,E01015286,0,3
2024010506962,2024,010506962,2,3,5,18,19,5,1,0,0,0,0,0,0,0,4,1,6,6,1,39,7,660,1,1,TRIUMPH TRIDENT,3,E01002120,0,2
2024440533416,2024,440533416,1,5,0,18,19,3,7,0,0,0,0,11,0,0,1,1,6,6,1,29,6,660,1,2,TRIUMPH TRIDENT,-1,-1,0,-1
2024991494528,2024,991494528,1,5,0,-1,19,3,7,-1,0,0,5,0,1,11,4,1,-1,9,1,58,9,660,1,2,TRIUMPH TRIDENT,5,-1,0,4
2024141469631,2024,141469631,1,5,0,-1,9,6,4,-1,0,1,0,0,0,0,1,1,-1,6,1,62,9,660,1,1,TRIUMPH TRIDENT,4,E01007780,0,1
2024522402331,2024,522402331,1,5,0,5,5,5,1,0,0,4,0,0,0,0,3,1,6,6,1,27,6,660,1,1,TRIUMPH TRIDENT,7,E01022416,0,4
2024010538348,2024,010538348,2,5,0,18,19,5,1,0,0,8,0,0,0,0,1,1,2,2,1,45,7,660,1,1,TRIUMPH TRIDENT,-1,-1,0,-1
2024552400938,2024,552400938,1,4,0,6,6,1,1,0,0,0,0,0,0,0,0,1,6,6,2,62,9,660,1,2,TRIUMPH TRIDENT,6,E01020398,0,3
2024122401211,2024,122401211,2,5,0,4,4,5,1,0,0,0,0,0,0,0,1,1,6,6,1,32,6,660,1,0,TRIUMPH TRIDENT,7,E01007477,0,4
2024451457115,2024,451457115,1,5,0,-1,19,7,3,-1,0,1,0,0,0,0,1,1,-1,1,1,47,8,660,1,2,TRIUMPH TRIDENT,10,E01030937,0,1
2024421438916,2024,421438916,2,5,0,-1,3,5,1,-1,0,0,0,0,0,0,1,1,-1,2,1,38,7,660,1,3,TRIUMPH TRIDENT,-1,-1,0,-1
2024430090910,2024,430090910,2,5,0,8,8,3,5,0,0,1,0,0,0,0,2,1,2,2,1,32,6,660,1,3,TRIUMPH TRIDENT,7,E01028501,0,2
2024070798279,2024,070798279,2,4,0,-1,19,7,3,-1,0,1,0,0,0,0,1,1,-1,6,1,42,7,660,1,1,TRIUMPH TRIDENT,2,E01012522,0,1
2024161424262,2024,161424262,1,5,0,-1,19,1,5,-1,0,0,0,0,1,0,4,1,-1,9,2,46,8,660,1,3,TRIUMPH TRIDENT,8,E01027836,0,4
2024231465301,2024,231465301,1,5,0,-1,14,4,8,-1,0,8,0,0,0,0,1,1,-1,9,1,31,6,660,1,3,TRIUMPH TRIDENT,4,E01033915,0,5
2024041453557,2024,041453557,2,5,0,-1,4,4,3,-1,0,1,0,0,0,0,2,1,-1,6,1,52,8,660,1,0,TRIUMPH TRIDENT,7,E01022724,0,5
2024361461127,2024,361461127,1,19,0,-1,19,3,7,-1,0,0,0,0,0,0,1,1,-1,1,1,34,6,1968,2,2,VOLKSWAGEN CRAFTER,10,E01018256,0,4
2024552401000,2024,552401000,1,19,0,2,2,0,0,0,0,0,0,0,0,0,0,1,6,6,1,37,7,1968,2,9,VOLKSWAGEN CRAFTER,3,E01017242,0,4
2024122500130,2024,122500130,1,19,0,1,1,6,2,0,0,0,0,0,0,0,2,1,1,1,1,35,6,1968,2,0,VOLKSWAGEN CRAFTER,3,E01011529,0,4
2024010528809,2024,010528809,1,19,0,18,19,3,7,0,0,1,0,0,0,0,3,1,1,1,1,32,6,1968,2,4,VOLKSWAGEN CRAFTER,3,E01021328,0,4
2024010541889,2024,010541889,1,19,0,9,9,6,3,0,0,8,0,0,0,0,1,1,1,1,1,28,6,1968,2,6,VOLKSWAGEN CRAFTER,7,E01003414,0,3
2024221421301,2024,221421301,3,19,0,-1,19,5,1,-1,0,0,0,0,0,0,2,9,-1,1,1,32,6,1968,2,2,VOLKSWAGEN CRAFTER,10,E01026187,0,5
2024010537899,2024,010537899,1,19,0,4,4,7,3,0,0,1,0,0,0,0,1,1,6,6,1,65,9,1968,2,4,VOLKSWAGEN CRAFTER,3,E01002627,0,1
2024010513602,2024,010513602,1,19,0,7,7,6,1,0,0,7,0,0,1,0,3,1,2,2,1,58,9,1968,2,0,VOLKSWAGEN CRAFTER,4,E01035305,0,4
2024010518405,2024,010518405,1,19,0,2,2,9,9,99,99,0,9,99,9,99,2,9,1,1,1,33,6,1968,2,2,VOLKSWAGEN CRAFTER,10,E01017755,0,4
2024991490226,2024,991490226,3,20,0,-1,19,4,8,-1,0,0,0,11,1,10,1,1,-1,1,1,57,9,-1,-1,-1,VOLKSWAGEN CRAFTER,6,-1,0,2
2024991396978,2024,991396978,2,19,0,-1,2,0,0,-1,0,0,0,0,0,0,4,1,-1,6,-1,-1,-1,1968,2,1,VOLKSWAGEN CRAFTER,-1,-1,0,-1
2024010542980,2024,010542980,2,19,0,18,19,5,1,0,0,1,0,0,0,0,1,1,6,6,1,37,7,1968,2,6,VOLKSWAGEN CRAFTER,-1,-1,0,-1
2024201549611,2024,201549611,2,19,0,-1,9,2,2,-1,0,1,0,0,0,0,1,1,-1,1,1,45,7,1968,2,4,VOLKSWAGEN CRAFTER,-1,-1,0,-1
2024461432546,2024,461432546,2,19,0,-1,19,6,2,-1,0,1,0,0,0,0,1,1,-1,1,1,45,7,1968,2,3,VOLKSWAGEN CRAFTER,-1,-1,0,-1
2024231477304,2024,231477304,1,19,0,-1,19,4,8,-1,0,0,1,0,1,7,4,1,-1,1,1,59,9,1968,2,2,VOLKSWAGEN CRAFTER,3,E01000080,0,5
2024122400622,2024,122400622,1,19,0,9,9,1,5,0,0,2,0,0,0,0,0,1,1,1,1,34,6,1968,2,4,VOLKSWAGEN CRAFTER,2,E01010871,0,4
2024421516243,2024,421516243,1,20,0,-1,19,7,3,-1,0,0,0,0,1,3,1,1,-1,1,1,72,10,-1,-1,-1,VOLKSWAGEN CRAFTER,9,E01021825,0,3
2024122400729,2024,122400729,2,19,0,4,4,5,1,0,0,1,0,0,0,0,2,1,6,6,3,-1,-1,1968,2,2,VOLKSWAGEN CRAFTER,-1,-1,0,-1
2024552400348,2024,552400348,2,19,0,9,9,6,4,0,0,5,0,0,0,0,3,1,6,6,1,45,7,2461,2,16,VOLKSWAGEN CRAFTER,3,E01015442,0,1
2024501536439,2024,501536439,1,19,0,-1,19,2,6,-1,0,0,1,0,2,7,1,1,-1,1,1,54,8,1968,2,2,VOLKSWAGEN CRAFTER,8,E01020011,0,4
2024371397027,2024,371397027,1,19,0,-1,19,5,1,-1,0,0,0,4,0,0,1,1,-1,6,1,46,8,1968,2,4,VOLKSWAGEN CRAFTER,8,E01030042,0,1
2024041496601,2024,041496601,1,19,0,-1,11,5,7,-1,0,1,0,0,0,0,4,1,-1,1,1,19,4,1968,2,1,VOLKSWAGEN CRAFTER,8,E01004953,0,4
2024010545855,2024,010545855,2,19,0,9,9,1,6,0,0,5,0,0,0,0,1,1,1,1,1,52,8,1968,2,1,VOLKSWAGEN CRAFTER,-1,-1,0,-1
2024471449269,2024,471449269,3,19,0,-1,2,0,0,-1,0,0,0,0,0,0,3,1,-1,6,-1,-1,-1,1968,2,10,VOLKSWAGEN CRAFTER,-1,-1,0,-1
2024201470211,2024,201470211,1,19,0,-1,1,4,8,-1,0,0,0,0,0,0,2,1,-1,6,1,50,8,1968,2,8,VOLKSWAGEN CRAFTER,-1,-1,0,-1
2024421461092,2024,421461092,1,19,0,-1,19,7,3,-1,0,0,0,0,0,0,1,1,-1,1,1,21,5,1968,2,1,VOLKSWAGEN CRAFTER,8,E01033610,0,4
2024520403051,2024,520403051,2,19,0,18,19,7,3,0,0,8,0,0,0,0,1,1,6,6,1,53,8,1968,2,6,VOLKSWAGEN CRAFTER,9,E01014898,0,4
2024010543031,2024,010543031,1,19,0,1,1,5,1,0,0,1,0,0,0,0,2,1,1,1,1,34,6,1968,2,5,VOLKSWAGEN CRAFTER,7,E01002700,0,1
202460Q005890,2024,60Q005890,1,19,0,4,4,8,4,0,0,8,0,0,0,0,1,1,1,1,1,24,5,1968,2,9,VOLKSWAGEN CRAFTER,-1,-1,0,-1
2024631437218,2024,631437218,1,19,0,-1,19,2,5,-1,0,0,1,0,0,0,1,1,-1,1,1,51,8,1968,2,3,VOLKSWAGEN CRAFTER,4,E01012816,0,5
2024320036680,2024,320036680,1,19,0,-1,-1,6,2,0,0,0,0,0,0,0,1,1,-1,-1,1,60,9,1968,2,1,VOLKSWAGEN CRAFTER,1,E01007726,0,4
2024010537485,2024,010537485,1,19,9,99,99,9,9,99,99,9,9,99,9,99,9,9,6,6,3,-1,-1,1968,2,12,VOLKSWAGEN CRAFTER,-1,-1,0,-1
2024141407582,2024,141407582,1,19,4,-1,4,1,5,-1,0,4,0,0,0,0,1,1,-1,1,1,26,6,1968,2,5,VOLKSWAGEN CRAFTER,1,E01007495,0,3
2024411407580,2024,411407580,3,19,0,-1,2,0,0,-1,0,2,0,0,0,0,1,1,-1,6,-1,-1,-1,1968,2,10,VOLKSWAGEN CRAFTER,-1,-1,0,-1
2024430450753,2024,430450753,2,20,0,4,4,5,1,0,0,0,0,0,0,0,2,1,6,6,1,-1,-1,-1,-1,-1,VOLKSWAGEN CRAFTER,-1,-1,0,-1
2024451497552,2024,451497552,2,19,0,-1,19,5,1,-1,0,0,0,0,0,0,2,1,-1,1,1,59,9,1968,2,11,VOLKSWAGEN CRAFTER,5,E01031584,0,2
2024031503099,2024,031503099,1,19,0,-1,19,5,1,-1,0,0,0,0,0,0,1,1,-1,1,1,45,7,1968,2,1,VOLKSWAGEN CRAFTER,2,E01009391,0,5
2024010528089,2024,010528089,1,19,0,18,19,5,1,0,0,2,0,0,0,0,3,1,1,1,1,45,7,1968,2,5,VOLKSWAGEN CRAFTER,5,E01003000,0,1
2024461484707,2024,461484707,1,19,0,-1,4,6,2,-1,0,0,0,0,0,0,1,1,-1,1,1,74,10,1968,2,1,VOLKSWAGEN CRAFTER,3,E01003050,0,4
2024421493884,2024,421493884,4,19,0,-1,3,3,7,-1,0,0,0,0,0,0,2,1,-1,9,1,28,6,1968,2,8,VOLKSWAGEN CRAFTER,7,E01033449,0,4
2024052400425,2024,052400425,2,19,0,4,4,8,3,0,0,0,0,0,0,0,2,1,6,6,1,64,9,2461,2,17,VOLKSWAGEN CRAFTER,5,E01006687,0,2
2024421492460,2024,421492460,1,19,0,-1,1,1,5,-1,0,0,0,0,0,0,2,1,-1,1,1,39,7,1968,2,9,VOLKSWAGEN CRAFTER,10,E01021465,0,4
2024522403451,2024,522403451,1,19,0,6,6,1,1,0,0,0,0,0,0,0,4,1,6,6,1,54,8,1968,2,9,VOLKSWAGEN CRAFTER,2,E01014578,0,1
2024010531998,2024,010531998,2,20,0,4,4,5,1,0,0,2,0,0,0,0,4,1,1,1,1,62,9,-1,-1,-1,VOLKSWAGEN CRAFTER,2,E01013943,0,5
2024440373576,2024,440373576,3,19,0,18,19,1,5,0,0,4,0,0,0,0,1,1,6,6,1,38,7,1968,2,1,VOLKSWAGEN CRAFTER,10,E01030341,0,4
2024340WN4142,2024,340WN4142,2,20,0,-1,19,5,1,-1,0,0,0,0,0,0,3,1,-1,1,1,58,9,1968,2,6,VOLKSWAGEN CRAFTER,-1,-1,0,-1
2024371437458,2024,371437458,1,19,0,-1,19,3,5,-1,0,2,0,0,0,0,1,1,-1,1,1,40,7,1968,2,2,VOLKSWAGEN CRAFTER,1,E01013622,0,5
2024131440896,2024,131440896,2,19,0,-1,19,4,1,-1,0,0,0,0,0,0,1,1,-1,1,1,56,9,1968,2,4,VOLKSWAGEN CRAFTER,-1,-1,0,-1
2024461509292,2024,461509292,1,19,0,-1,1,7,3,-1,0,1,0,0,0,0,2,1,-1,1,1,42,7,1968,2,6,VOLKSWAGEN CRAFTER,7,E01024726,0,1
2024501407155,2024,501407155,2,19,0,-1,19,2,6,-1,0,0,0,0,0,0,1,9,-1,1,1,26,6,1968,2,3,VOLKSWAGEN CRAFTER,3,E01020079,0,4
2024522401340,2024,522401340,4,19,0,3,3,8,4,0,0,0,0,0,0,0,2,1,6,6,1,50,8,1968,2,5,VOLKSWAGEN CRAFTER,4,W01002034,0,4
2024991457341,2024,991457341,1,19,0,-1,19,7,3,-1,0,1,0,0,0,0,3,1,-1,1,1,35,6,1968,2,5,VOLKSWAGEN CRAFTER,-1,-1,0,-1
2024070637549,2024,070637549,1,19,0,9,9,7,5,0,0,8,0,0,0,0,4,1,1,1,1,-1,-1,1968,2,1,VOLKSWAGEN CRAFTER,-1,-1,0,-1
2024131475113,2024,131475113,1,19,0,-1,1,1,5,-1,0,0,0,0,0,0,2,1,-1,1,1,49,8,1968,2,5,VOLKSWAGEN CRAFTER,1,E01011492,0,1
2024131452972,2024,131452972,2,19,0,-1,19,5,1,-1,0,0,0,0,0,0,3,1,-1,6,1,69,10,1968,2,9,VOLKSWAGEN CRAFTER,1,E01010654,0,1
2024421460795,2024,421460795,2,19,0,-1,2,1,5,-1,0,0,0,0,0,0,2,1,-1,1,1,19,4,1968,2,2,VOLKSWAGEN CRAFTER,9,E01030122,0,4
2024010519265,2024,010519265,3,19,0,18,19,1,5,0,0,1,0,0,0,0,1,2,1,1,1,49,8,1968,2,4,VOLKSWAGEN CRAFTER,3,E01003302,0,1
2024101479547,2024,101479547,1,20,0,-1,1,7,3,-1,0,0,0,0,0,0,2,1,-1,1,1,51,8,-1,-1,-1,VOLKSWAGEN CRAFTER,1,E01008303,0,4
2024631444407,2024,631444407,1,19,0,-1,19,2,6,-1,0,8,0,0,1,2,4,1,-1,6,1,20,4,1968,2,2,VOLKSWAGEN CRAFTER,9,W01000877,0,1
2024041511371,2024,041511371,2,19,0,-1,19,4,8,-1,0,0,0,0,0,0,1,1,-1,1,1,41,7,1968,2,8,VOLKSWAGEN CRAFTER,6,E01025418,0,2
2024010516877,2024,010516877,2,19,0,5,5,9,9,99,99,0,9,99,9,99,0,9,6,6,3,41,7,1968,2,2,VOLKSWAGEN CRAFTER,3,E01000138,0,3
2024411433161,2024,411433161,2,19,0,-1,11,6,2,-1,0,8,0,0,0,0,4,9,-1,6,1,61,9,1968,2,3,VOLKSWAGEN CRAFTER,1,E01011148,0,5
2024451410112,2024,451410112,1,19,0,-1,19,2,6,-1,0,0,0,0,0,0,1,1,-1,1,1,40,7,1968,2,3,VOLKSWAGEN CRAFTER,7,E01035320,0,4
2024131416554,2024,131416554,2,19,0,-1,19,2,8,-1,0,1,0,0,0,0,3,1,-1,6,1,65,9,1968,2,3,VOLKSWAGEN CRAFTER,-1,-1,0,-1
2024131408008,2024,131408008,1,19,0,-1,19,1,5,-1,0,8,0,0,0,0,0,1,-1,6,3,-1,-1,1968,2,3,VOLKSWAGEN CRAFTER,-1,-1,0,-1
2024141448027,2024,141448027,1,19,0,-1,8,2,5,-1,0,6,0,0,0,0,4,1,-1,1,1,54,8,1968,2,3,VOLKSWAGEN CRAFTER,4,E01007329,0,1
2024302400238,2024,302400238,1,19,0,4,4,6,2,0,0,1,0,0,0,0,1,1,6,6,3,-1,-1,1968,2,6,VOLKSWAGEN CRAFTER,5,E01019456,0,1
2024041494404,2024,041494404,1,19,0,-1,19,-1,-1,-1,0,1,0,0,0,0,-1,9,-1,6,1,19,4,1968,2,5,VOLKSWAGEN CRAFTER,1,E01025068,0,4
2024101423744,2024,101423744,2,19,0,-1,19,3,7,-1,0,1,0,0,0,0,1,1,-1,1,1,23,5,1968,2,3,VOLKSWAGEN CRAFTER,5,-1,0,4
2024371494136,2024,371494136,2,19,0,-1,13,-1,-1,-1,0,0,0,0,5,0,4,1,-1,1,2,63,9,1968,2,4,VOLKSWAGEN CRAFTER,6,E01030100,0,4
2024461462650,2024,461462650,2,19,0,-1,19,7,3,-1,0,0,0,0,0,0,3,1,-1,1,1,53,8,1968,2,5,VOLKSWAGEN CRAFTER,5,E01015748,0,5
2024461487039,2024,461487039,1,19,0,-1,19,7,3,-1,0,0,2,4,0,0,1,1,-1,1,1,34,6,1968,2,9,VOLKSWAGEN CRAFTER,4,E01024696,0,3
2024041516426,2024,041516426,3,19,0,-1,4,3,7,-1,0,0,0,0,0,0,1,1,-1,1,1,43,7,1968,2,1,VOLKSWAGEN CRAFTER,6,E01034341,0,2
2024461524180,2024,461524180,1,19,0,-1,19,-1,-1,-1,0,0,0,0,0,0,4,9,-1,6,1,25,5,1968,2,9,VOLKSWAGEN CRAFTER,7,E01024569,0,3
2024501501408,2024,501501408,4,19,0,-1,19,2,6,-1,0,0,0,0,0,0,3,1,-1,2,1,62,9,1968,2,2,VOLKSWAGEN CRAFTER,6,E01020231,0,2
2024101467190,2024,101467190,1,20,0,-1,5,1,5,-1,0,1,0,0,0,0,0,1,-1,1,1,53,8,-1,-1,-1,VOLKSWAGEN CRAFTER,5,E01008284,0,2
2024461472226,2024,461472226,3,19,0,-1,19,8,4,-1,0,0,0,0,0,0,1,1,-1,9,1,60,9,2461,2,17,VOLKSWAGEN CRAFTER,9,E01013194,0,5
2024041450040,2024,041450040,1,19,0,-1,9,3,7,-1,0,1,0,0,0,0,1,1,-1,2,1,57,9,1968,2,1,VOLKSWAGEN CRAFTER,1,E01012673,0,1
2024520403339,2024,520403339,3,19,0,3,3,4,8,0,0,0,0,0,0,0,0,1,1,1,1,32,6,1968,2,1,VOLKSWAGEN CRAFTER,7,E01013294,0,5
2024411409007,2024,411409007,1,19,-1,-1,-1,-1,-1,-1,-1,0,-1,-1,-1,0,-1,9,-1,6,3,-1,-1,1968,2,9,VOLKSWAGEN CRAFTER,-1,-1,0,-1
2024351433446,2024,351433446,1,19,0,-1,19,1,5,-1,0,0,0,0,7,0,3,1,-1,1,1,53,8,1968,2,7,VOLKSWAGEN CRAFTER,9,E01018173,0,1
2024991406966,2024,991406966,1,19,0,-1,5,5,8,-1,0,1,5,0,0,0,4,1,-1,1,1,57,9,1968,2,4,VOLKSWAGEN CRAFTER,10,-1,0,4
2024131509909,2024,131509909,1,19,0,-1,-1,-1,-1,-1,-1,0,-1,-1,-1,-1,-1,1,-1,6,3,-1,-1,1968,2,5,VOLKSWAGEN CRAFTER,-1,-1,0,-1
2024010512163,2024,010512163,2,19,0,18,19,5,1,0,0,8,0,0,0,0,3,1,1,1,1,54,8,1968,2,5,VOLKSWAGEN CRAFTER,5,E01016404,0,4
2024231490124,2024,231490124,1,19,0,-1,4,2,6,-1,0,1,0,0,0,0,2,1,-1,1,1,33,6,1968,2,0,VOLKSWAGEN CRAFTER,2,E01010090,0,4
2024010532626,2024,010532626,2,19,0,9,9,8,5,0,0,1,0,0,0,0,1,1,1,1,1,31,6,1968,2,4,VOLKSWAGEN CRAFTER,5,E01000606,0,3
2024461520967,2024,461520967,1,19,0,-1,19,1,5,-1,0,0,0,0,0,0,1,1,-1,1,1,64,9,1968,2,1,VOLKSWAGEN CRAFTER,5,E01032823,0,4
202460Q026033,2024,60Q026033,1,19,0,1,1,6,2,9,9,0,0,0,0,0,2,1,1,1,1,25,5,1968,2,4,VOLKSWAGEN CRAFTER,-1,-1,0,-1
2024010518920,2024,010518920,1,19,0,6,6,4,4,0,0,8,0,0,0,0,3,1,1,1,1,31,6,1968,2,2,VOLKSWAGEN CRAFTER,8,E01000786,0,4
2024440333586,2024,440333586,1,19,0,18,19,1,5,0,0,8,0,0,0,0,1,1,1,1,1,47,8,1968,2,12,VOLKSWAGEN CRAFTER,5,E01022832,0,1
2024131400151,2024,131400151,1,19,0,-1,19,8,4,-1,0,8,0,0,0,0,1,1,-1,1,1,56,9,1968,2,4,VOLKSWAGEN CRAFTER,2,E01010796,0,3
2024010524960,2024,010524960,3,19,0,2,2,0,0,0,0,1,0,4,0,0,0,1,6,6,3,-1,-1,1968,2,7,VOLKSWAGEN CRAFTER,-1,-1,0,-1
2024440081812,2024,440081812,1,19,0,18,19,8,4,0,0,2,0,0,0,0,3,1,6,6,3,-1,-1,1968,2,2,VOLKSWAGEN CRAFTER,-1,-1,0,-1
2024131572950,2024,131572950,2,19,0,-1,2,5,5,-1,0,1,0,0,0,0,2,1,-1,6,-1,-1,-1,1968,2,6,VOLKSWAGEN CRAFTER,-1,-1,0,-1
2024311420026,2024,311420026,3,19,0,-1,14,5,1,-1,0,0,0,11,0,0,1,1,-1,6,1,21,5,1968,2,4,VOLKSWAGEN CRAFTER,-1,-1,0,-1
2024421499954,2024,421499954,2,19,0,-1,9,4,2,-1,0,8,0,0,0,0,0,1,-1,1,1,27,6,1968,2,7,VOLKSWAGEN CRAFTER,4,E01023333,0,4
2024471442319,2024,471442319,2,19,0,-1,10,6,4,-1,0,1,0,0,0,0,2,1,-1,6,1,63,9,2461,2,14,VOLKSWAGEN CRAFTER,8,E01031540,0,1
2024010523846,2024,010523846,1,20,0,18,19,3,7,0,0,8,0,0,0,0,4,1,1,1,1,55,8,1968,2,2,VOLKSWAGEN CRAFTER,4,E01002583,0,3
2024010502251,2024,010502251,1,19,0,3,3,5,1,0,0,8,0,0,0,0,2,1,1,1,1,32,6,1968,2,4,VOLKSWAGEN CRAFTER,9,E01030893,0,4
2024070870467,2024,070870467,3,19,0,-1,19,5,1,-1,0,0,0,0,0,0,1,1,-1,1,1,56,9,1968,2,2,VOLKSWAGEN CRAFTER,2,E01003111,0,5
2024991487224,2024,991487224,2,10,0,-1,19,1,5,-1,0,6,0,0,0,0,1,1,-1,1,2,59,9,1968,2,11,VOLKSWAGEN CRAFTER,1,-1,0,1
2024131492428,2024,131492428,4,19,0,-1,2,0,0,-1,0,8,0,0,0,0,1,1,-1,6,-1,-1,-1,1968,2,6,VOLKSWAGEN CRAFTER,-1,-1,0,-1
2024010519945,2024,010519945,7,19,0,4,4,7,3,0,0,0,0,0,0,0,2,1,2,2,1,61,9,1968,2,6,VOLKSWAGEN CRAFTER,6,E01021772,0,4
2024010517580,2024,010517580,3,19,0,2,2,0,0,6,6,1,0,0,0,0,2,1,6,6,3,-1,-1,1968,2,2,VOLKSWAGEN CRAFTER,-1,-1,0,-1
2024622400459,2024,622400459,2,19,0,18,19,5,1,0,0,1,0,0,0,0,3,1,6,6,1,27,6,1968,2,0,VOLKSWAGEN CRAFTER,4,W01001974,0,4
2024221522901,2024,221522901,1,19,0,-1,19,1,5,-1,0,2,0,0,0,0,4,2,-1,1,1,34,6,1968,2,1,VOLKSWAGEN CRAFTER,8,E01034809,0,4
2024141456817,2024,141456817,2,19,0,-1,12,8,4,-1,0,0,0,0,0,0,1,9,-1,6,3,-1,-1,1968,2,2,VOLKSWAGEN CRAFTER,-1,-1,0,-1
2024451491311,2024,451491311,2,19,0,-1,9,4,2,-1,0,8,0,0,0,0,4,1,-1,6,3,-1,-1,1968,2,8,VOLKSWAGEN CRAFTER,6,E01002998,0,3
2024552400578,2024,552400578,1,19,0,4,4,4,8,0,0,0,0,0,0,0,1,1,1,1,3,-1,-1,1968,2,1,VOLKSWAGEN CRAFTER,-1,-1,0,-1
2024351400290,2024,351400290,1,19,-1,-1,7,2,3,-1,0,5,0,0,0,0,4,1,-1,6,1,32,6,1968,2,9,VOLKSWAGEN CRAFTER,-1,-1,0,-1
2024161461983,2024,161461983,2,19,3,-1,19,6,4,-1,0,1,0,0,0,0,1,1,-1,6,1,26,6,1968,2,2,VOLKSWAGEN CRAFTER,6,E01013056,0,1
2024991495690,2024,991495690,2,19,0,-1,2,1,5,-1,0,0,0,0,0,0,2,1,-1,1,1,31,6,1968,2,1,VOLKSWAGEN CRAFTER,-1,-1,0,-1
2024461472226,2024,461472226,4,19,0,-1,12,1,5,-1,0,0,0,0,0,0,0,1,-1,6,-1,20,4,1968,2,6,VOLKSWAGEN CRAFTER,10,E01003745,0,4
2024010538386,2024,010538386,2,19,0,99,99,9,9,99,99,0,9,99,9,99,9,9,6,6,1,28,6,1968,2,1,VOLKSWAGEN CRAFTER,9,E01022600,0,4
2024461536164,2024,461536164,1,19,0,-1,4,7,3,-1,0,0,0,0,0,0,1,9,-1,6,1,49,8,1968,2,8,VOLKSWAGEN CRAFTER,2,E01017276,0,5
2024070187523,2024,070187523,1,19,0,4,4,1,5,0,0,0,0,0,0,0,1,1,1,1,1,-1,-1,1968,2,2,VOLKSWAGEN CRAFTER,-1,-1,0,-1
2024070727895,2024,070727895,1,19,0,-1,9,7,3,-1,0,2,0,0,0,0,1,1,-1,1,1,52,8,1968,2,4,VOLKSWAGEN CRAFTER,3,E01005341,0,4
2024430221420,2024,430221420,1,20,0,16,19,3,7,0,0,0,0,0,0,0,1,1,1,1,1,49,8,-1,-1,-1,VOLKSWAGEN CRAFTER,2,E01011321,0,5
2024522403132,2024,522403132,1,19,0,18,19,2,6,0,0,0,0,0,0,0,1,1,6,6,1,25,5,1968,2,8,VOLKSWAGEN CRAFTER,2,E01014692,0,1
2024010500699,2024,010500699,1,19,0,18,19,3,7,0,0,2,0,0,0,0,1,1,2,2,1,45,7,1968,2,5,VOLKSWAGEN CRAFTER,2,E01001081,0,2
2024010536608,2024,010536608,1,19,0,99,99,9,9,99,99,9,9,99,9,99,9,1,6,6,3,-1,-1,1968,2,3,VOLKSWAGEN CRAFTER,-1,-1,0,-1
2024451409455,2024,451409455,3,19,0,-1,19,7,3,-1,0,1,0,0,0,0,1,1,-1,1,1,45,7,1968,2,7,VOLKSWAGEN CRAFTER,3,E01004189,0,4
2024440069075,2024,440069075,1,19,0,18,19,5,1,0,0,0,0,0,0,0,1,1,6,6,3,28,6,1968,2,4,VOLKSWAGEN CRAFTER,3,E01016726,0,4
2024010506743,2024,010506743,2,19,9,99,99,9,9,99,99,9,9,99,9,99,9,9,6,6,1,67,10,1968,2,11,VOLKSWAGEN CRAFTER,10,E01030509,0,4
2024371444180,2024,371444180,1,19,0,-1,19,5,1,-1,0,8,0,0,0,0,4,1,-1,1,1,50,8,1968,2,4,VOLKSWAGEN CRAFTER,6,E01003681,0,4