collision_index,collision_year,collision_ref_no,vehicle_reference,vehicle_type,towing_and_articulation,vehicle_manoeuvre_historic,vehicle_manoeuvre,vehicle_direction_from,vehicle_direction_to,vehicle_location_restricted_lane_historic,vehicle_location_restricted_lane,junction_location,skidding_and_overturning,hit_object_in_carriageway,vehicle_leaving_carriageway,hit_object_off_carriageway,first_point_of_impact,vehicle_left_hand_drive,journey_purpose_of_driver_historic,journey_purpose_of_driver,sex_of_driver,age_of_driver,age_band_of_driver,engine_capacity_cc,propulsion_code,age_of_vehicle,generic_make_model,driver_imd_decile,lsoa_of_driver,escooter_flag,driver_distance_banding
2024010513895,2024,010513895,3,19,0,2,2,0,0,0,0,8,0,0,0,0,1,1,6,6,3,-1,-1,1968,2,4,VOLKSWAGEN CRAFTER,-1,-1,0,-1
2024440436817,2024,440436817,1,19,0,18,19,5,1,0,0,0,0,0,0,0,1,1,1,1,1,50,8,1968,2,1,VOLKSWAGEN CRAFTER,6,E01022503,0,3
2024131473909,2024,131473909,1,19,0,-1,1,1,5,-1,0,0,0,0,0,0,2,1,-1,1,1,47,8,1968,2,6,VOLKSWAGEN CRAFTER,4,E01011799,0,1
2024041433183,2024,041433183,1,19,0,-1,19,7,3,-1,0,0,1,0,0,0,1,2,-1,2,1,50,8,1968,2,9,VOLKSWAGEN CRAFTER,5,E01006933,0,2
2024991421534,2024,991421534,1,19,0,-1,5,1,6,-1,0,2,0,0,0,0,1,1,-1,1,1,51,8,1968,2,7,VOLKSWAGEN CRAFTER,4,-1,0,3
2024421507103,2024,421507103,1,19,0,-1,19,6,2,-1,0,0,1,0,0,0,1,1,-1,1,1,55,8,1968,2,1,VOLKSWAGEN CRAFTER,5,E01035174,0,4
2024010516604,2024,010516604,1,19,0,18,19,4,8,0,0,1,0,0,0,0,3,1,2,2,1,54,8,1968,2,7,VOLKSWAGEN CRAFTER,-1,-1,0,-1
2024421404063,2024,421404063,2,19,0,-1,4,4,8,-1,0,8,0,0,0,0,2,1,-1,1,1,43,7,1968,2,5,VOLKSWAGEN CRAFTER,2,E01003761,0,4
2024302400243,2024,302400243,1,20,0,18,19,5,1,0,0,0,0,0,0,0,0,1,1,1,3,-1,-1,1968,2,2,VOLKSWAGEN CRAFTER,5,E01019456,0,3
2024411521000,2024,411521000,2,19,0,-1,19,5,1,-1,0,1,0,0,0,0,1,1,-1,6,1,50,8,1968,2,3,VOLKSWAGEN CRAFTER,8,E01002474,0,3
2024070244586,2024,070244586,1,19,0,5,5,1,5,0,0,0,0,0,0,0,4,1,1,1,1,-1,-1,1968,2,1,VOLKSWAGEN CRAFTER,7,E01018708,0,3
2024461515762,2024,461515762,1,19,-1,-1,19,3,6,-1,0,0,0,0,0,0,1,9,-1,6,1,-1,-1,1968,2,5,VOLKSWAGEN CRAFTER,-1,-1,0,-1
2024451410112,2024,451410112,2,19,0,-1,19,5,1,-1,0,0,0,0,0,0,1,1,-1,1,1,28,6,1968,2,2,VOLKSWAGEN CRAFTER,5,E01017171,0,4
2024440187340,2024,440187340,1,19,0,18,19,7,3,0,0,0,0,0,0,0,0,1,6,6,1,55,8,1968,2,7,VOLKSWAGEN CRAFTER,6,E01022716,0,3
2024052401637,2024,052401637,2,19,0,5,5,7,3,0,0,4,0,0,0,0,1,1,1,1,1,53,8,1968,2,3,VOLKSWAGEN CRAFTER,2,E01006858,0,2
2024331481447,2024,331481447,1,19,0,-1,-1,5,1,-1,-1,0,0,11,0,0,1,1,-1,-1,1,37,7,1968,2,7,VOLKSWAGEN CRAFTER,5,E01011902,0,5
2024430174286,2024,430174286,1,19,0,18,19,6,2,0,0,6,1,0,0,0,1,1,1,1,1,55,8,1968,2,5,VOLKSWAGEN CRAFTER,-1,-1,0,-1
2024131480256,2024,131480256,1,19,0,-1,1,2,6,-1,0,0,0,0,0,0,2,1,-1,6,1,37,7,1968,2,6,VOLKSWAGEN CRAFTER,5,E01003340,0,5
2024320009223,2024,320009223,2,19,0,-1,-1,6,2,0,0,8,0,0,1,10,1,1,1,1,1,20,4,1968,2,1,VOLKSWAGEN CRAFTER,-1,-1,0,-1
2024010502583,2024,010502583,1,19,0,7,7,1,3,0,0,8,0,0,0,0,4,1,1,1,1,24,5,1968,2,3,VOLKSWAGEN CRAFTER,7,E01000517,0,2
2024010546450,2024,010546450,1,19,0,99,99,9,9,99,99,9,9,99,9,99,1,9,6,6,3,-1,-1,1968,2,6,VOLKSWAGEN CRAFTER,-1,-1,0,-1
202454E687424,2024,54E687424,1,19,0,18,19,4,8,0,0,1,0,10,1,1,1,1,1,1,1,32,6,1968,2,1,VOLKSWAGEN CRAFTER,10,E01028199,0,5
202454C219224,2024,54C219224,1,19,0,18,19,5,1,0,0,1,0,0,0,0,1,1,1,1,1,80,11,2461,2,17,VOLKSWAGEN CRAFTER,7,E01029028,0,4
2024451438839,2024,451438839,1,19,0,-1,19,5,1,-1,0,1,0,0,0,0,1,1,-1,1,1,32,6,1968,2,11,VOLKSWAGEN CRAFTER,10,E01022895,0,4
2024101421588,2024,101421588,1,19,0,-1,1,3,8,-1,0,8,0,0,0,0,2,1,-1,1,2,48,8,1968,2,12,VOLKSWAGEN CRAFTER,9,W01001655,0,5
2024010527005,2024,010527005,2,19,0,9,9,5,2,0,0,1,0,0,0,0,4,1,6,6,3,-1,-1,1968,2,2,VOLKSWAGEN CRAFTER,-1,-1,0,-1
2024991492467,2024,991492467,2,19,0,-1,9,3,8,-1,0,0,0,0,0,0,3,1,-1,1,1,54,8,1968,2,0,VOLKSWAGEN CRAFTER,1,-1,0,4
2024221503268,2024,221503268,1,19,0,-1,19,5,1,-1,0,0,1,0,0,0,1,9,-1,6,1,60,9,1968,2,3,VOLKSWAGEN CRAFTER,2,E01028983,0,4
2024041413618,2024,041413618,1,19,0,-1,19,3,3,-1,0,1,0,0,0,0,1,1,-1,1,1,29,6,1968,2,9,VOLKSWAGEN CRAFTER,1,E01004794,0,4
2024010519886,2024,010519886,1,19,0,4,4,5,1,0,0,0,0,4,0,0,3,1,6,6,1,55,8,1968,2,1,VOLKSWAGEN CRAFTER,3,E01001688,0,2
2024461474710,2024,461474710,1,19,0,-1,19,2,6,-1,0,3,0,0,0,0,1,1,-1,6,1,53,8,1968,2,4,VOLKSWAGEN CRAFTER,1,E01027318,0,5
2024010511422,2024,010511422,3,19,0,18,19,7,3,0,0,8,0,0,0,0,3,1,6,6,1,33,6,1968,2,1,VOLKSWAGEN CRAFTER,10,E01030307,0,3
2024522401340,2024,522401340,2,19,0,4,4,8,4,0,0,0,0,0,0,0,2,1,6,6,1,21,5,1968,2,5,VOLKSWAGEN CRAFTER,9,W01001543,0,3
2024631434971,2024,631434971,1,19,0,-1,19,8,3,-1,0,0,0,0,8,11,1,1,-1,6,1,39,7,1968,2,4,VOLKSWAGEN CRAFTER,4,E01007780,0,5
2024631527842,2024,631527842,2,19,0,-1,2,0,0,-1,9,2,0,0,0,0,2,1,-1,6,-1,-1,-1,1968,2,11,VOLKSWAGEN CRAFTER,-1,-1,0,-1
2024131453704,2024,131453704,1,19,0,-1,19,7,3,-1,0,0,0,0,0,0,1,1,-1,1,1,45,7,1968,2,3,VOLKSWAGEN CRAFTER,1,E01005464,0,4
2024471413798,2024,471413798,2,19,0,-1,2,0,0,-1,-1,0,0,0,0,0,1,1,-1,6,-1,-1,-1,1968,2,4,VOLKSWAGEN CRAFTER,-1,-1,0,-1
2024010541166,2024,010541166,1,19,0,18,19,4,8,0,0,1,0,0,0,0,3,1,6,6,1,50,8,1968,2,3,VOLKSWAGEN CRAFTER,6,E01004482,0,1
2024332400397,2024,332400397,2,19,0,-1,2,0,0,-1,0,1,0,0,0,0,4,1,-1,6,3,-1,-1,1968,2,12,VOLKSWAGEN CRAFTER,-1,-1,0,-1
2024131416155,2024,131416155,1,19,0,-1,7,2,6,-1,0,1,0,0,0,0,-1,1,-1,6,3,-1,-1,1968,2,13,VOLKSWAGEN CRAFTER,-1,-1,0,-1
2024201417596,2024,201417596,1,19,0,-1,19,5,1,-1,0,1,0,4,0,0,1,1,-1,6,1,40,7,1968,2,7,VOLKSWAGEN CRAFTER,-1,-1,0,-1
2024622400102,2024,622400102,1,19,0,18,19,8,4,0,0,3,0,0,7,2,1,1,1,1,1,49,8,1968,2,3,VOLKSWAGEN CRAFTER,5,W01001051,0,3
2024430160299,2024,430160299,2,19,0,10,10,1,7,0,0,1,0,0,0,0,2,1,1,1,1,49,8,1968,2,7,VOLKSWAGEN CRAFTER,6,E01017860,0,4
2024041431001,2024,041431001,2,19,0,-1,19,1,5,-1,0,0,0,0,0,0,2,1,-1,2,1,25,5,1968,2,10,VOLKSWAGEN CRAFTER,4,E01019137,0,5
2024010518182,2024,010518182,1,19,3,18,19,5,1,0,0,2,0,0,0,0,1,1,2,2,1,52,8,1968,2,4,VOLKSWAGEN CRAFTER,5,E01001077,0,1
2024010513312,2024,010513312,2,19,0,18,19,9,9,99,99,9,9,99,9,99,0,9,6,6,3,-1,-1,1968,2,2,VOLKSWAGEN CRAFTER,-1,-1,0,-1
2024010543457,2024,010543457,1,19,0,5,5,7,3,0,0,8,0,0,0,0,1,1,1,1,1,42,7,1968,2,1,VOLKSWAGEN CRAFTER,3,E01003097,0,1
2024401469580,2024,401469580,2,19,0,-1,2,0,0,-1,0,2,0,0,0,0,0,1,-1,6,-1,-1,-1,1968,2,8,VOLKSWAGEN CRAFTER,-1,-1,0,-1
2024141505404,2024,141505404,2,19,0,-1,4,5,1,-1,0,0,0,0,0,0,2,1,-1,2,1,51,8,1968,2,3,VOLKSWAGEN CRAFTER,1,E01010030,0,5
2024471505508,2024,471505508,1,19,0,-1,19,2,6,-1,0,0,1,0,0,0,4,1,-1,2,1,32,6,1968,2,8,VOLKSWAGEN CRAFTER,4,E01021013,0,3
2024141484781,2024,141484781,1,19,0,-1,19,7,3,-1,0,0,0,0,0,0,3,1,-1,6,1,27,6,1968,2,5,VOLKSWAGEN CRAFTER,4,E01007641,0,2
2024411482514,2024,411482514,2,19,0,-1,9,7,5,-1,0,1,0,0,0,0,2,1,-1,6,1,49,8,1968,2,5,VOLKSWAGEN CRAFTER,9,E01023406,0,3
2024991453983,2024,991453983,1,19,0,-1,9,8,6,-1,0,8,0,0,0,0,1,1,-1,1,1,43,7,1968,2,0,VOLKSWAGEN CRAFTER,5,E01019225,0,4
2024461442794,2024,461442794,1,19,0,-1,19,7,3,-1,0,3,0,0,0,0,1,1,-1,9,1,60,9,1968,2,7,VOLKSWAGEN CRAFTER,2,E01000034,0,3
2024451430509,2024,451430509,2,19,0,-1,1,5,1,-1,0,1,0,0,0,0,2,1,-1,1,1,37,7,1968,2,2,VOLKSWAGEN CRAFTER,3,E01003615,0,4
2024201411414,2024,201411414,1,19,0,-1,1,3,7,-1,0,2,0,0,0,0,2,1,-1,6,1,-1,-1,1968,2,10,VOLKSWAGEN CRAFTER,-1,-1,0,-1
2024471522939,2024,471522939,2,19,0,-1,11,3,7,-1,0,0,0,0,0,0,4,9,-1,6,1,60,9,1968,2,8,VOLKSWAGEN CRAFTER,8,E01017008,0,1
2024461508463,2024,461508463,1,19,0,-1,2,2,2,-1,0,1,0,0,0,0,1,9,-1,6,1,40,7,1968,2,3,VOLKSWAGEN CRAFTER,9,E01000765,0,4
2024161448974,2024,161448974,2,19,0,-1,19,2,6,-1,0,0,0,0,0,0,1,1,-1,1,1,22,5,1968,2,2,VOLKSWAGEN CRAFTER,10,E01013340,0,3
2024010502761,2024,010502761,1,19,0,7,7,1,4,0,0,5,0,0,0,0,4,1,1,1,1,60,9,1968,2,11,VOLKSWAGEN CRAFTER,1,E01002855,0,1
2024430238327,2024,430238327,1,19,0,18,19,4,8,0,0,4,0,0,0,0,3,1,2,2,1,50,8,1968,2,5,VOLKSWAGEN CRAFTER,5,E01000310,0,4
2024231452077,2024,231452077,1,19,0,-1,19,2,6,-1,0,0,0,0,0,0,1,9,-1,1,2,34,6,1968,2,5,VOLKSWAGEN CRAFTER,9,E01025820,0,4
2024461401498,2024,461401498,2,19,0,-1,19,8,5,-1,0,0,0,0,0,0,2,1,-1,1,1,32,6,1968,2,2,VOLKSWAGEN CRAFTER,6,E01001572,0,4
2024010514510,2024,010514510,2,19,0,99,99,9,9,99,99,9,9,99,9,99,2,9,6,6,3,47,8,1968,2,3,VOLKSWAGEN CRAFTER,2,E01003912,0,1
202460Q091365,2024,60Q091365,1,19,0,10,10,5,3,0,0,1,0,0,0,0,4,1,1,1,1,30,6,1968,2,9,VOLKSWAGEN CRAFTER,-1,-1,0,-1
2024101467492,2024,101467492,1,19,0,-1,19,8,4,-1,0,1,0,0,0,0,1,9,-1,6,1,-1,-1,1968,2,11,VOLKSWAGEN CRAFTER,-1,-1,0,-1
2024010502181,2024,010502181,2,19,0,99,99,9,9,99,99,9,9,99,9,99,2,9,6,6,3,-1,-1,1968,2,5,VOLKSWAGEN CRAFTER,-1,-1,0,-1
2024111459647,2024,111459647,2,19,0,-1,8,8,4,-1,0,1,0,0,0,0,2,1,-1,2,1,50,8,1968,2,2,VOLKSWAGEN CRAFTER,3,E01020621,0,1
2024421454332,2024,421454332,1,19,0,-1,2,0,0,-1,0,0,0,0,0,0,3,9,-1,1,2,63,9,1968,2,4,VOLKSWAGEN CRAFTER,6,E01030100,0,4
2024501463665,2024,501463665,2,19,4,-1,19,7,4,-1,0,0,0,0,0,0,3,1,-1,1,1,56,9,1968,2,8,VOLKSWAGEN CRAFTER,5,E01034970,0,5
2024520402134,2024,520402134,1,19,0,4,4,2,6,0,0,8,0,0,0,0,3,1,6,6,1,65,9,1968,2,3,VOLKSWAGEN CRAFTER,6,E01014848,0,4
2024461503301,2024,461503301,1,19,0,-1,4,5,1,-1,0,0,0,0,0,0,4,9,-1,6,1,45,7,1968,2,1,VOLKSWAGEN CRAFTER,2,E01003783,0,4
2024461539656,2024,461539656,1,19,0,-1,9,3,1,-1,0,6,0,0,0,0,1,2,-1,1,1,23,5,1968,2,6,VOLKSWAGEN CRAFTER,10,E01024336,0,3
2024411499537,2024,411499537,1,19,0,-1,1,4,8,-1,0,2,0,0,0,0,2,1,-1,6,-1,-1,-1,1968,2,5,VOLKSWAGEN CRAFTER,-1,-1,0,-1
2024010501751,2024,010501751,1,19,0,9,9,3,2,0,0,8,0,0,0,0,1,1,1,1,1,64,9,1968,2,1,VOLKSWAGEN CRAFTER,3,E01007480,0,5
2024010539081,2024,010539081,4,19,0,2,2,0,0,0,0,1,0,0,0,0,2,1,6,6,3,-1,-1,1968,2,5,VOLKSWAGEN CRAFTER,-1,-1,0,-1
2024211494039,2024,211494039,1,19,0,-1,19,7,3,-1,0,0,0,0,0,0,3,1,-1,6,1,58,9,1968,2,5,VOLKSWAGEN CRAFTER,7,E01029562,0,3
2024440306659,2024,440306659,2,19,0,18,19,2,6,0,0,1,0,0,0,0,3,1,1,1,1,33,6,1968,2,3,VOLKSWAGEN CRAFTER,6,E01023135,0,1
2024010505702,2024,010505702,2,10,0,3,3,5,1,0,0,1,0,0,0,0,2,1,3,7,1,64,9,1968,2,4,VOLKSWAGEN CRAFTER,6,E01004109,0,3
2024501423209,2024,501423209,1,20,0,-1,1,2,6,-1,0,0,0,0,0,0,2,1,-1,1,1,31,6,-1,-1,-1,VOLKSWAGEN CRAFTER,7,W01001510,0,5
2024471473448,2024,471473448,1,19,0,-1,9,3,5,-1,0,1,0,0,0,0,1,1,-1,1,1,43,7,1968,2,3,VOLKSWAGEN CRAFTER,6,E01016963,0,1
2024041478617,2024,041478617,1,19,0,-1,12,1,5,-1,0,0,2,0,0,0,1,1,-1,1,1,29,6,1968,2,4,VOLKSWAGEN CRAFTER,2,E01025101,0,2
2024440500029,2024,440500029,2,20,0,4,4,2,6,0,0,1,0,0,0,0,1,1,6,6,3,-1,-1,1968,2,1,VOLKSWAGEN CRAFTER,-1,-1,0,-1
2024010505117,2024,010505117,1,19,0,9,9,1,6,0,0,8,0,0,0,0,4,1,6,6,1,55,8,1968,2,1,VOLKSWAGEN CRAFTER,4,E01001167,0,1
2024522402390,2024,522402390,2,19,0,9,9,5,2,0,0,5,0,0,0,0,1,1,6,6,3,-1,-1,1968,2,1,VOLKSWAGEN CRAFTER,-1,-1,0,-1
2024501432398,2024,501432398,2,19,0,-1,4,3,7,-1,0,1,0,0,0,0,2,1,-1,1,1,31,6,1968,2,2,VOLKSWAGEN CRAFTER,5,E01034169,0,4
2024211445002,2024,211445002,2,19,0,-1,19,5,1,-1,0,0,0,0,0,0,3,1,-1,6,1,85,11,1968,2,5,VOLKSWAGEN CRAFTER,8,E01029370,0,2
2024451461690,2024,451461690,1,19,0,-1,19,8,3,-1,0,0,0,0,0,0,1,1,-1,1,1,50,8,1968,2,12,VOLKSWAGEN CRAFTER,6,E01030833,0,2
2024461445131,2024,461445131,1,19,0,-1,19,-1,-1,-1,0,0,0,0,0,0,1,9,-1,6,1,32,6,1968,2,4,VOLKSWAGEN CRAFTER,9,E01024160,0,1
2024451411153,2024,451411153,1,19,0,-1,7,5,8,-1,0,1,0,0,0,0,1,1,-1,1,1,24,5,1968,2,7,VOLKSWAGEN CRAFTER,4,E01002402,0,4
2024010507379,2024,010507379,4,10,0,2,2,0,0,0,0,1,0,0,0,0,3,1,6,6,3,-1,-1,1968,2,10,VOLKSWAGEN CRAFTER,-1,-1,0,-1
2024101472699,2024,101472699,3,19,0,-1,19,6,2,-1,0,0,0,0,0,0,0,1,-1,1,1,-1,-1,1968,2,0,VOLKSWAGEN CRAFTER,-1,-1,0,-1
2024231445558,2024,231445558,1,19,0,-1,19,4,8,-1,0,0,0,0,0,0,1,1,-1,6,1,32,6,1968,2,4,VOLKSWAGEN CRAFTER,3,E01031176,0,1
2024122400392,2024,122400392,3,19,0,18,19,7,3,0,0,0,0,0,0,0,2,1,1,1,1,48,8,1968,2,1,VOLKSWAGEN CRAFTER,2,E01025205,0,4
2024131427725,2024,131427725,3,19,0,-1,2,0,0,-1,0,0,0,0,0,0,4,1,-1,6,-1,-1,-1,1968,2,4,VOLKSWAGEN CRAFTER,-1,-1,0,-1
2024440471155,2024,440471155,1,19,0,18,19,1,5,0,0,8,0,0,0,0,1,1,1,1,1,24,5,1968,2,9,VOLKSWAGEN CRAFTER,4,E01001363,0,4
2024401522618,2024,401522618,1,19,0,-1,5,7,3,-1,0,1,0,0,0,0,1,1,-1,2,1,38,7,1968,2,6,VOLKSWAGEN CRAFTER,2,E01033801,0,1
2024141418166,2024,141418166,1,9,0,-1,19,1,5,-1,0,0,1,0,7,4,1,1,-1,1,1,72,10,3982,1,1,MAKE AND MODEL REDACTED,3,E01007490,0,1
2024311455814,2024,311455814,1,9,0,-1,19,3,7,-1,0,1,0,0,0,0,1,1,-1,9,2,62,9,3982,1,2,MAKE AND MODEL REDACTED,-1,-1,0,-1
2024461419329,2024,461419329,1,9,0,-1,19,3,7,-1,0,0,2,0,1,0,2,1,-1,9,1,48,8,3982,1,1,MAKE AND MODEL REDACTED,-1,-1,0,-1
2024440330888,2024,440330888,1,9,0,5,5,1,5,0,0,1,0,0,1,1,1,1,6,6,1,33,6,3982,1,5,MAKE AND MODEL REDACTED,-1,-1,0,-1
2024421452660,2024,421452660,1,9,0,-1,19,7,2,-1,0,0,1,0,0,0,1,1,-1,9,1,55,8,3982,1,2,MAKE AND MODEL REDACTED,10,E01021545,0,3
2024061581408,2024,061581408,2,9,0,-1,7,7,5,-1,0,1,0,0,0,0,2,1,-1,1,-1,-1,-1,1968,2,16,MAKE AND MODEL REDACTED,-1,-1,0,-1
202417S113524,2024,17S113524,1,9,0,-1,19,3,7,-1,0,8,5,9,3,10,1,1,-1,9,1,31,6,2480,1,9,AUDI RS3,-1,-1,0,-1
2024122401205,2024,122401205,1,9,0,9,9,5,1,0,0,8,0,0,0,0,3,1,6,6,1,77,11,2480,1,8,AUDI RS3,10,E01010646,0,3
2024131488263,2024,131488263,1,9,0,-1,9,3,7,-1,0,1,0,0,0,0,2,1,-1,9,1,20,4,2480,1,6,AUDI RS3,7,E01011252,0,1
2024131455927,2024,131455927,1,9,0,-1,19,1,1,-1,9,1,0,0,7,0,1,1,-1,6,1,28,6,2480,1,6,AUDI RS3,1,E01011030,0,1
2024010539937,2024,010539937,1,9,0,7,7,3,5,9,9,2,0,0,3,2,1,1,6,6,1,21,5,2480,1,5,AUDI RS3,6,E01003107,0,2
2024101403838,2024,101403838,2,9,0,-1,19,1,5,-1,0,1,0,0,0,0,1,1,-1,2,1,29,6,2480,1,8,AUDI RS3,4,E01008835,0,1
2024101557483,2024,101557483,1,9,0,-1,11,7,3,-1,9,0,1,0,1,0,1,1,-1,9,1,36,7,2480,1,7,AUDI RS3,-1,-1,0,-1
2024991484133,2024,991484133,1,9,0,-1,19,6,3,-1,0,0,1,0,1,2,1,1,-1,9,1,31,6,2480,1,9,AUDI RS3,-1,-1,0,-1
2024010503409,2024,010503409,2,9,0,1,1,9,9,99,99,9,9,99,9,99,2,9,6,6,3,-1,-1,2480,1,6,AUDI RS3,-1,-1,0,-1
2024201458646,2024,201458646,2,9,0,-1,19,6,2,-1,0,0,0,0,0,0,2,9,-1,6,3,-1,-1,2480,1,2,AUDI RS3,-1,-1,0,-1
2024201474955,2024,201474955,1,9,0,-1,13,7,3,-1,0,0,1,10,1,0,4,1,-1,6,-1,16,4,2480,1,2,AUDI RS3,-1,-1,0,-1
2024471487813,2024,471487813,2,9,0,-1,2,0,0,-1,0,0,0,0,1,0,2,1,-1,6,-1,-1,-1,2480,1,9,AUDI RS3,-1,-1,0,-1
2024401458395,2024,401458395,5,9,0,-1,19,6,2,-1,0,0,0,0,0,0,2,1,-1,9,1,26,6,2480,1,6,AUDI RS3,5,E01015786,0,1
2024131453058,2024,131453058,2,9,0,-1,19,7,3,-1,0,0,0,0,0,0,1,1,-1,6,3,-1,-1,2480,1,9,AUDI RS3,-1,-1,0,-1
2024131478158,2024,131478158,1,9,0,-1,19,5,1,-1,0,8,1,0,7,0,1,1,-1,9,1,24,5,2480,1,2,AUDI RS3,1,E01010813,0,1
2024010534695,2024,010534695,3,9,0,18,19,1,5,0,0,0,0,0,0,0,1,1,6,6,2,24,5,2480,1,5,AUDI RS3,8,E01021766,0,3
2024131429754,2024,131429754,1,9,0,-1,19,7,3,-1,0,1,0,0,0,0,1,1,-1,6,1,32,6,2480,1,4,AUDI RS3,1,E01011471,0,2
202417M116024,2024,17M116024,2,9,0,-1,12,8,4,-1,0,2,0,0,0,0,1,1,-1,9,1,25,5,2480,1,6,AUDI RS3,-1,-1,0,-1
2024131430951,2024,131430951,1,9,0,-1,19,1,5,-1,0,8,0,0,7,11,1,1,-1,6,1,21,5,2480,1,9,AUDI RS3,1,E01010719,0,3
2024461404699,2024,461404699,2,9,0,-1,19,2,6,-1,0,8,0,0,0,0,4,9,-1,6,2,33,6,2480,1,6,AUDI RS3,4,E01024284,0,1
2024221510367,2024,221510367,2,9,0,-1,13,3,7,-1,0,0,1,0,1,1,1,1,-1,6,1,28,6,2480,1,5,AUDI RS3,9,E01029630,0,1
2024201517709,2024,201517709,1,9,0,-1,19,1,5,-1,0,8,0,0,0,0,4,9,-1,9,2,32,6,2480,1,1,AUDI RS3,1,E01009445,0,3
2024101451675,2024,101451675,1,9,0,-1,19,1,5,-1,0,2,1,4,0,0,4,1,-1,9,1,21,5,2480,1,6,AUDI RS3,3,E01008833,0,2
2024010552569,2024,010552569,2,9,0,99,99,9,9,99,99,9,9,99,9,99,9,9,6,6,1,57,9,2480,1,5,AUDI RS3,-1,-1,0,-1
2024010501405,2024,010501405,1,9,0,9,9,5,3,0,0,1,0,0,0,0,1,1,6,6,1,25,5,2480,1,2,AUDI RS3,5,E01003715,0,1
2024471480655,2024,471480655,1,9,0,-1,19,7,3,-1,0,1,0,0,0,0,1,1,-1,9,1,27,6,2480,1,6,AUDI RS3,3,E01000404,0,4
2024411463776,2024,411463776,1,9,0,-1,-1,-1,-1,-1,0,1,0,0,0,0,-1,9,-1,6,3,-1,-1,2480,1,7,AUDI RS3,-1,-1,0,-1
2024131492001,2024,131492001,2,9,0,-1,5,1,5,-1,0,7,0,4,0,0,1,1,-1,9,2,34,6,2480,1,4,AUDI RS3,6,E01011548,0,1
2024010500092,2024,010500092,2,9,0,7,7,5,7,0,0,1,0,0,0,0,2,1,6,6,1,34,6,2480,1,9,AUDI RS3,-1,-1,0,-1
2024401487626,2024,401487626,1,9,0,-1,19,2,6,-1,0,1,0,0,0,0,1,1,-1,6,1,27,6,2480,1,8,AUDI RS3,4,E01017538,0,1
2024201458482,2024,201458482,1,9,0,-1,1,7,3,-1,0,0,0,0,0,0,2,1,-1,6,1,25,5,2480,1,7,AUDI RS3,-1,-1,0,-1
2024131401018,2024,131401018,2,9,0,-1,2,0,0,-1,0,8,0,0,0,0,2,1,-1,6,-1,-1,-1,2480,1,4,AUDI RS3,-1,-1,0,-1
2024010534247,2024,010534247,2,9,0,18,19,7,3,0,0,0,0,0,0,0,0,1,6,6,1,46,8,2480,1,1,AUDI RS3,7,E01033463,0,2
2024461480470,2024,461480470,1,9,0,-1,7,4,2,-1,0,0,0,0,0,0,4,1,-1,1,1,40,7,2480,1,1,AUDI RS3,5,E01000375,0,4
2024131411308,2024,131411308,2,9,0,-1,9,7,5,-1,0,6,0,0,0,0,1,1,-1,6,1,36,7,2480,1,2,AUDI RS3,1,E01033691,0,1
2024010533157,2024,010533157,1,9,0,9,9,1,6,0,0,1,0,0,0,0,4,1,6,6,1,33,6,2998,1,6,BMW M2,8,E01002272,0,2
2024320755443,2024,320755443,3,9,0,2,2,0,0,9,9,0,0,0,0,0,1,1,6,6,3,-1,-1,2998,1,0,BMW M2,-1,-1,0,-1
2024201499743,2024,201499743,1,9,0,-1,19,2,6,-1,0,0,0,4,0,0,4,1,-1,9,1,23,5,1998,1,0,BMW M2,1,E01009096,0,2
2024461541640,2024,461541640,2,9,0,-1,4,5,1,-1,0,0,0,0,0,0,1,1,-1,6,-1,22,5,2979,1,8,BMW M2,-1,-1,0,-1
2024451443421,2024,451443421,1,9,0,-1,9,6,4,-1,0,0,0,0,0,0,1,1,-1,9,2,53,8,2998,1,6,BMW M2,4,E01030609,0,1
2024461521782,2024,461521782,1,9,0,-1,5,6,2,-1,0,1,0,0,0,0,1,1,-1,6,1,59,9,1998,1,1,BMW M2,4,E01024577,0,1
2024451510410,2024,451510410,1,9,0,-1,13,1,5,-1,0,0,0,0,1,4,1,1,-1,2,1,25,5,2979,1,6,BMW M2,6,E01030826,0,1
2024451445734,2024,451445734,2,9,0,-1,99,1,1,-1,99,0,0,0,0,0,3,2,-1,6,1,35,6,2998,1,7,BMW M2,6,E01016504,0,2
2024451448117,2024,451448117,1,9,0,-1,19,5,1,-1,0,0,0,0,0,0,1,1,-1,9,1,55,8,1998,1,4,BMW M2,6,E01030765,0,1
2024041519773,2024,041519773,2,9,0,-1,19,6,2,-1,0,1,0,0,2,0,1,1,-1,6,1,43,7,1998,1,2,BMW M2,6,E01024957,0,1
2024451409051,2024,451409051,1,9,0,-1,1,1,5,-1,99,0,0,0,1,0,3,1,-1,9,1,20,4,2998,1,4,BMW M2,6,E01002659,0,4
2024201482091,2024,201482091,2,9,0,-1,19,7,3,-1,0,3,1,0,0,0,3,9,-1,6,2,44,7,1998,1,3,BMW M2,1,E01010455,0,1
2024501470905,2024,501470905,1,9,0,-1,19,3,7,-1,0,0,1,0,1,4,1,1,-1,9,1,26,6,2979,1,6,BMW M2,7,E01019058,0,3
2024231460022,2024,231460022,1,9,0,-1,19,4,8,-1,0,0,1,0,7,4,1,1,-1,6,1,33,6,2993,1,1,BMW M2,9,E01031222,0,3
2024010498183,2024,010498183,1,9,0,9,9,3,1,0,0,1,0,10,0,0,3,1,1,1,1,26,6,1998,1,4,BMW M2,2,E01001719,0,1
2024631435778,2024,631435778,1,9,0,-1,19,2,7,-1,0,0,1,0,7,4,1,1,-1,9,1,30,6,2998,1,5,BMW M2,2,W01000844,0,2
2024010506023,2024,010506023,2,9,0,2,2,0,0,9,9,0,0,4,0,0,4,1,6,6,3,-1,-1,2979,1,6,BMW M2,-1,-1,0,-1
2024010549141,2024,010549141,1,9,0,7,7,1,2,0,0,3,0,0,0,0,3,1,6,6,1,40,7,2979,1,4,BMW M2,3,E01002185,0,1