collision_index,collision_year,collision_ref_no,vehicle_reference,vehicle_type,towing_and_articulation,vehicle_manoeuvre_historic,vehicle_manoeuvre,vehicle_direction_from,vehicle_direction_to,vehicle_location_restricted_lane_historic,vehicle_location_restricted_lane,junction_location,skidding_and_overturning,hit_object_in_carriageway,vehicle_leaving_carriageway,hit_object_off_carriageway,first_point_of_impact,vehicle_left_hand_drive,journey_purpose_of_driver_historic,journey_purpose_of_driver,sex_of_driver,age_of_driver,age_band_of_driver,engine_capacity_cc,propulsion_code,age_of_vehicle,generic_make_model,driver_imd_decile,lsoa_of_driver,escooter_flag,driver_distance_banding
2024461492653,2024,461492653,2,9,0,-1,19,7,3,-1,0,1,0,0,0,0,1,1,-1,9,1,39,7,2979,1,5,BMW M2,5,E01024746,0,2
2024041447264,2024,041447264,2,9,0,-1,19,1,5,-1,0,1,0,0,0,0,1,1,-1,6,1,43,7,2979,1,10,BMW M2,4,E01025190,0,1
2024548522924,2024,548522924,1,9,0,18,19,8,4,0,0,0,2,0,1,9,1,1,1,1,1,32,6,1998,1,2,BMW M2,4,E01031895,0,3
2024061426762,2024,061426762,1,9,0,-1,19,1,5,-1,0,1,0,10,3,2,1,1,-1,9,1,26,6,2979,1,5,BMW M2,2,E01005262,0,1
2024531510272,2024,531510272,1,9,0,-1,5,3,7,-1,0,0,0,0,0,0,1,1,-1,6,2,67,10,2998,1,1,BMW M2,8,E01022437,0,1
2024991409551,2024,991409551,2,9,0,-1,19,7,3,-1,0,8,0,0,0,0,1,1,-1,9,1,27,6,1998,1,4,BMW M2,3,-1,0,1
2024622400362,2024,622400362,2,9,0,3,3,2,6,0,0,0,0,0,0,0,2,1,6,6,1,37,7,2979,1,4,BMW M2,4,W01001155,0,2
2024201420935,2024,201420935,1,9,0,-1,19,6,2,-1,0,0,0,0,0,0,4,1,-1,6,1,22,5,1998,1,4,BMW M2,4,E01009085,0,1
2024451488173,2024,451488173,1,9,0,-1,19,1,5,-1,0,0,1,0,0,0,1,1,-1,2,1,34,6,1998,1,3,BMW M2,7,E01030548,0,1
2024201398861,2024,201398861,1,9,0,-1,19,5,1,-1,0,1,0,0,0,0,1,9,-1,6,3,-1,-1,2998,1,8,BMW M2,-1,-1,0,-1
2024052400794,2024,052400794,1,9,0,1,1,4,8,0,0,0,0,0,0,0,2,1,2,2,1,27,6,1998,1,3,BMW M2,1,E01006603,0,1
2024351395914,2024,351395914,2,9,0,-1,5,-1,-1,-1,0,0,0,0,0,0,1,9,-1,9,2,34,6,1998,1,4,BMW M2,1,E01015600,0,1
2024201470558,2024,201470558,2,9,0,-1,19,6,2,-1,0,1,0,0,0,0,3,1,-1,9,1,26,6,2979,1,6,BMW M2,-1,-1,0,-1
2024471511501,2024,471511501,2,9,0,-1,19,2,5,-1,0,0,0,0,0,0,4,1,-1,9,1,26,6,2979,1,9,BMW M2,5,E01030531,0,3
2024201482652,2024,201482652,1,9,0,-1,7,2,5,-1,0,6,0,0,0,0,3,9,-1,6,3,-1,-1,2998,1,6,BMW M2,-1,-1,0,-1
2024991496862,2024,991496862,1,9,0,-1,19,1,5,-1,0,0,0,0,0,0,1,1,-1,9,1,20,4,2998,1,6,BMW M2,8,-1,0,2
2024451411763,2024,451411763,2,9,0,-1,9,1,5,-1,0,1,0,0,0,0,1,1,-1,6,-1,55,8,2998,1,6,BMW M2,-1,-1,0,-1
2024201403993,2024,201403993,2,9,0,-1,2,0,0,-1,0,0,0,0,0,0,2,1,-1,9,1,39,7,2998,1,5,BMW M2,-1,-1,0,-1
2024545456724,2024,545456724,2,9,0,18,19,3,7,0,0,0,0,0,0,0,1,1,6,6,1,22,5,2998,1,5,BMW M2,10,E01031972,0,1
2024131405317,2024,131405317,1,9,0,-1,19,1,5,-1,0,8,0,0,0,0,1,1,-1,6,3,-1,-1,2979,1,10,BMW M2,-1,-1,0,-1
2024010522713,2024,010522713,1,9,0,13,13,1,5,9,9,1,1,0,1,10,1,1,6,6,1,31,6,1998,1,4,BMW M2,-1,-1,0,-1
2024421482752,2024,421482752,3,9,0,-1,19,7,3,-1,0,2,0,0,0,0,2,1,-1,9,1,52,8,2979,1,7,BMW M2,8,E01015826,0,1
2024010546693,2024,010546693,2,9,0,14,14,3,7,0,0,1,0,0,0,0,1,1,6,6,1,-1,-1,2998,1,2,BMW M2,8,E01000987,0,2
2024061419307,2024,061419307,1,9,-1,-1,4,-1,-1,-1,0,-1,0,0,0,0,1,9,-1,6,1,32,6,1998,1,3,BMW M2,10,E01006136,0,2
2024221436100,2024,221436100,2,9,0,-1,9,7,5,-1,0,5,0,0,0,0,4,1,-1,6,1,51,8,1998,1,2,BMW M2,5,E01028890,0,3
2024440294773,2024,440294773,1,9,0,18,19,2,6,0,0,0,0,10,0,0,1,1,2,2,2,39,7,2979,1,8,BMW M2,9,E01022577,0,2
2024010546979,2024,010546979,1,9,0,4,4,7,3,0,0,8,0,0,0,0,0,1,6,6,1,40,7,1998,1,2,BMW M2,8,E01000117,0,1
2024211484021,2024,211484021,2,9,0,-1,19,1,5,-1,0,0,0,0,0,0,1,1,-1,6,2,28,6,1998,1,3,BMW M2,-1,-1,0,-1
2024991431376,2024,991431376,1,9,0,-1,9,3,8,-1,0,0,0,0,0,0,2,1,-1,9,2,27,6,1998,1,1,BMW M2,7,-1,0,1
2024041424082,2024,041424082,1,9,0,-1,19,6,2,-1,0,0,1,0,4,0,1,1,-1,9,1,28,6,2998,1,6,BMW M2,1,E01012656,0,1
2024302401419,2024,302401419,1,9,0,17,19,2,8,0,0,8,0,0,0,0,1,1,6,6,3,-1,-1,2998,1,1,BMW M2,5,E01019456,0,3
2024010502713,2024,010502713,2,9,0,18,19,1,5,0,0,4,0,0,1,11,3,1,6,6,1,30,6,2998,1,7,BMW M2,6,E01003223,0,1
2024471506120,2024,471506120,1,9,0,-1,19,4,8,-1,0,0,1,11,7,11,4,1,-1,9,1,23,5,2979,1,9,BMW M2,3,E01031409,0,1
2024052402084,2024,052402084,1,9,0,18,19,7,3,0,0,0,0,0,0,0,1,1,6,6,1,27,6,1998,1,3,BMW M2,3,E01006960,0,1
2024430095311,2024,430095311,1,9,0,10,10,8,4,0,0,1,0,0,0,0,2,1,6,6,2,43,7,2998,1,8,BMW M2,7,E01028507,0,2
2024052401946,2024,052401946,1,9,0,7,7,7,1,0,0,8,0,0,0,0,4,1,6,6,1,36,7,1998,1,4,BMW M2,3,E01006568,0,1
2024010521478,2024,010521478,1,9,0,17,19,3,7,0,0,2,0,0,0,0,4,1,6,6,1,25,5,2998,1,7,BMW M2,3,E01001819,0,2
2024451536056,2024,451536056,1,9,0,-1,19,5,1,-1,0,1,0,0,0,0,1,1,-1,9,1,58,9,2993,1,0,BMW M2,4,E01025789,0,5
2024201506336,2024,201506336,2,9,0,-1,19,4,8,-1,0,0,0,0,0,0,2,1,-1,9,1,19,4,2979,1,9,BMW M2,9,W01001588,0,5
2024631525327,2024,631525327,1,9,0,-1,19,7,3,-1,9,0,1,6,2,11,1,1,-1,9,1,33,6,2979,1,9,BMW M2,6,W01000433,0,4
2024052401129,2024,052401129,1,9,0,7,7,6,2,0,0,3,0,0,0,0,0,1,6,6,1,39,7,2979,1,4,BMW M2,9,E01007284,0,1
2024520403005,2024,520403005,1,9,0,4,4,5,1,0,0,0,0,0,0,0,2,1,6,6,1,46,8,2979,1,5,BMW M2,9,E01020023,0,4
2024501505743,2024,501505743,1,2,0,-1,19,5,2,-1,0,8,1,0,0,0,1,1,-1,6,1,18,4,49,1,5,MAKE AND MODEL REDACTED,4,E01019059,0,1
2024010529094,2024,010529094,1,9,0,5,5,5,1,0,0,6,0,0,0,0,0,1,6,6,1,40,7,6162,1,5,MAKE AND MODEL REDACTED,-1,-1,0,-1
2024010504277,2024,010504277,1,11,0,4,4,5,1,2,2,1,0,0,0,0,0,1,1,1,1,39,7,-1,3,4,CAETANO CITY,2,E01003188,0,1
2024010540014,2024,010540014,1,11,0,9,9,7,5,0,0,2,0,0,0,0,1,1,1,1,1,43,7,-1,3,4,CAETANO CITY,3,E01003286,0,2
2024010536611,2024,010536611,1,11,0,9,9,7,5,0,0,2,0,0,0,0,3,1,6,6,2,48,8,-1,3,4,CAETANO CITY,4,E01003969,0,1
2024010550563,2024,010550563,2,11,0,7,7,1,3,0,0,1,0,0,0,0,1,1,1,1,1,46,8,-1,3,4,CAETANO CITY,1,E01033879,0,1
2024010518979,2024,010518979,2,11,0,9,9,5,3,0,0,5,0,0,0,0,1,1,1,1,1,47,8,-1,3,4,CAETANO CITY,3,E01003248,0,1
2024010512222,2024,010512222,3,11,0,9,9,1,7,0,0,2,0,0,0,0,0,1,1,1,1,32,6,-1,3,4,CAETANO CITY,5,E01003638,0,3
2024010555395,2024,010555395,1,11,0,5,5,5,1,0,0,1,0,0,0,0,0,1,1,1,1,58,9,-1,3,1,CAETANO CITY,2,E01001052,0,1
2024010543038,2024,010543038,1,11,0,99,99,9,9,99,99,9,9,99,9,99,9,9,6,6,1,29,6,-1,3,4,CAETANO CITY,4,E01004038,0,1
2024010548712,2024,010548712,1,11,0,18,19,5,1,3,2,3,0,0,0,0,2,1,1,1,1,60,9,-1,3,1,CAETANO CITY,9,E01000761,0,2
2024010510045,2024,010510045,1,11,0,18,19,7,3,2,2,5,0,0,0,0,0,1,1,1,1,27,6,-1,3,4,CAETANO CITY,3,E01004271,0,2
2024520402655,2024,520402655,1,5,0,18,19,5,1,0,0,8,0,0,0,0,1,1,6,6,1,47,8,1868,1,6,MAKE AND MODEL REDACTED,8,E01020505,0,4
2024991459093,2024,991459093,2,5,0,-1,19,4,8,-1,0,0,0,0,0,0,1,1,-1,9,1,63,9,1868,1,7,MAKE AND MODEL REDACTED,-1,-1,0,-1
2024501405987,2024,501405987,1,2,0,-1,9,2,7,-1,0,3,1,0,0,0,0,1,-1,1,1,18,4,-1,3,2,MAKE AND MODEL REDACTED,7,E01020338,0,3
2024010509819,2024,010509819,1,9,0,4,4,5,1,0,0,8,0,0,0,0,1,1,6,6,2,25,5,1987,8,4,LEXUS UX 250,9,E01021767,0,2
2024141524634,2024,141524634,2,9,0,-1,2,0,0,-1,9,0,0,0,0,0,2,1,-1,6,1,66,10,1987,8,3,LEXUS UX 250,-1,-1,0,-1
2024010514377,2024,010514377,1,9,0,8,8,3,5,0,0,6,0,0,0,0,1,1,2,2,2,67,10,1987,8,4,LEXUS UX 250,4,E01021812,0,3
2024340NN4402,2024,340NN4402,2,9,0,-1,19,3,6,-1,0,8,0,0,8,1,4,1,-1,2,1,32,6,1987,8,2,LEXUS UX 250,7,E01025636,0,4
2024401400296,2024,401400296,2,9,0,-1,5,-1,-1,-1,0,0,0,0,0,0,2,9,-1,9,2,-1,-1,1987,8,5,LEXUS UX 250,10,E01017415,0,1
2024010514492,2024,010514492,2,9,0,5,5,8,4,0,0,1,0,0,0,0,1,1,6,6,2,52,8,1987,8,1,LEXUS UX 250,-1,-1,0,-1
2024010532734,2024,010532734,1,9,0,9,9,6,3,0,0,5,0,0,0,0,1,1,6,6,1,40,7,1987,8,4,LEXUS UX 250,4,E01000644,0,1
2024522500204,2024,522500204,1,9,0,4,4,6,2,0,0,8,0,0,0,0,2,1,6,6,2,28,6,1987,8,4,LEXUS UX 250,10,E01014618,0,1
2024010525789,2024,010525789,1,9,0,18,19,3,7,0,0,8,0,0,0,0,1,1,6,6,3,-1,-1,1987,8,5,LEXUS UX 250,-1,-1,0,-1
2024010513872,2024,010513872,2,9,0,99,99,9,9,99,99,9,9,99,9,99,9,9,6,6,3,-1,-1,1987,8,4,LEXUS UX 250,4,E01000689,0,3
2024421430887,2024,421430887,2,9,0,-1,19,7,3,-1,0,1,0,0,1,11,4,1,-1,6,1,84,11,1987,8,0,LEXUS UX 250,10,E01021918,0,1
2024010509278,2024,010509278,1,9,0,99,99,9,9,99,99,9,9,99,9,99,9,9,6,6,1,38,7,1987,8,1,LEXUS UX 250,2,E01002767,0,1
2024010516144,2024,010516144,2,9,0,99,99,9,9,99,99,9,9,99,9,99,9,9,6,6,1,26,6,1987,8,4,LEXUS UX 250,2,E01001958,0,1
2024010523958,2024,010523958,1,9,0,3,3,1,5,0,0,8,0,0,0,0,2,1,6,6,2,61,9,1987,8,5,LEXUS UX 250,3,E01001717,0,1
2024010535401,2024,010535401,2,9,0,99,99,9,9,99,99,9,9,99,9,99,1,9,6,6,3,-1,-1,1987,8,2,LEXUS UX 250,-1,-1,0,-1
2024320022470,2024,320022470,3,9,0,-1,-1,4,8,0,0,0,0,0,0,0,2,1,-1,-1,2,50,8,1987,8,2,LEXUS UX 250,8,E01011590,0,5
2024451418913,2024,451418913,2,9,0,-1,7,2,6,-1,0,8,0,0,0,0,4,1,-1,9,1,27,6,1987,8,1,LEXUS UX 250,4,E01001165,0,4
2024101414708,2024,101414708,1,9,0,-1,19,3,7,-1,0,0,0,0,0,0,3,1,-1,2,1,53,8,1987,8,2,LEXUS UX 250,9,E01008448,0,2
2024010501977,2024,010501977,1,9,0,5,5,5,1,0,0,1,0,10,0,0,0,1,6,6,2,31,6,1987,8,1,LEXUS UX 250,4,E01033942,0,1
2024221522748,2024,221522748,2,9,0,-1,19,5,8,-1,0,0,0,0,1,0,1,9,-1,2,2,35,6,1987,8,2,LEXUS UX 250,4,E01003530,0,5
2024522401743,2024,522401743,1,9,0,5,5,5,2,0,0,8,0,0,0,0,3,1,6,6,2,42,7,1987,8,4,LEXUS UX 250,8,E01029122,0,4
2024010546778,2024,010546778,1,9,0,-1,-1,3,7,0,0,1,0,0,0,0,1,1,6,6,1,23,5,1987,8,2,LEXUS UX 250,4,E01000507,0,3
2024061449508,2024,061449508,2,9,0,-1,4,4,8,-1,0,0,0,0,0,0,2,1,-1,9,1,45,7,1987,8,1,LEXUS UX 250,1,E01033687,0,2
2024401539804,2024,401539804,1,9,0,-1,19,5,1,-1,0,1,0,11,7,10,1,1,-1,6,1,28,6,1987,8,5,LEXUS UX 250,3,E01023957,0,4
2024540443724,2024,540443724,2,9,0,18,19,6,3,0,0,8,0,0,0,0,1,1,6,6,1,25,5,1987,8,4,LEXUS UX 250,6,E01031989,0,3
2024031477759,2024,031477759,2,9,0,-1,15,7,1,-1,0,1,0,0,0,0,3,1,-1,6,2,58,9,1987,8,2,LEXUS UX 250,7,E01019117,0,4
2024351430070,2024,351430070,1,9,0,-1,19,1,5,-1,0,0,0,0,0,0,2,1,-1,9,1,42,7,1987,8,1,LEXUS UX 250,2,E01015610,0,1
2024552401423,2024,552401423,1,9,0,7,7,4,5,9,9,5,0,0,0,0,3,1,6,6,1,58,9,1987,8,1,LEXUS UX 250,3,E01015381,0,1
2024461407845,2024,461407845,1,9,0,-1,19,0,0,-1,0,4,0,0,0,0,1,1,-1,6,1,53,8,1987,8,3,LEXUS UX 250,8,E01024637,0,1
2024071014002,2024,071014002,2,9,0,-1,4,1,5,-1,0,0,0,0,0,0,2,1,-1,9,1,33,6,1987,8,5,LEXUS UX 250,8,E01030409,0,5
2024052401369,2024,052401369,1,9,0,5,5,7,1,0,0,6,0,0,0,0,1,1,6,6,1,85,11,1987,8,4,LEXUS UX 250,5,E01007099,0,1
2024010503784,2024,010503784,2,9,0,99,99,9,9,99,99,9,9,99,9,99,9,9,6,6,3,-1,-1,1987,8,1,LEXUS UX 250,-1,-1,0,-1
2024010521106,2024,010521106,1,9,0,99,99,9,9,99,99,9,9,99,9,99,9,9,2,2,2,52,8,1987,8,1,LEXUS UX 250,2,E01002778,0,3
2024201518948,2024,201518948,1,9,0,-1,5,3,3,-1,0,2,0,10,0,0,2,1,-1,6,1,30,6,1987,8,4,LEXUS UX 250,2,E01034954,0,1
2024010536712,2024,010536712,3,9,0,18,19,5,1,0,0,0,0,0,0,0,0,1,6,6,1,17,4,1987,8,4,LEXUS UX 250,4,E01003716,0,4
2024010525275,2024,010525275,2,9,0,18,19,7,3,0,0,8,0,0,0,0,1,1,1,1,2,45,7,1987,8,4,LEXUS UX 250,2,E01001145,0,2
2024471529371,2024,471529371,1,9,0,-1,9,2,8,-1,0,6,0,0,0,0,1,2,-1,9,2,70,10,1987,8,4,LEXUS UX 250,7,E01021170,0,1
2024041531897,2024,041531897,1,9,0,-1,9,7,3,-1,0,2,0,0,0,0,1,1,-1,6,1,54,8,1987,8,5,LEXUS UX 250,10,E01025355,0,1
2024461491502,2024,461491502,1,9,0,-1,19,1,5,-1,0,6,0,0,0,0,1,1,-1,9,2,69,10,1987,8,5,LEXUS UX 250,2,E01024775,0,3
2024401509349,2024,401509349,2,9,0,-1,19,6,2,-1,0,3,0,0,0,0,1,1,-1,6,2,31,6,1987,8,4,LEXUS UX 250,2,E01015772,0,1
2024010541338,2024,010541338,2,9,0,2,2,0,0,0,0,8,0,0,0,0,3,2,6,6,3,-1,-1,1987,8,1,LEXUS UX 250,-1,-1,0,-1
2024010529113,2024,010529113,2,9,0,99,99,9,9,99,99,9,9,99,9,99,9,9,6,6,3,-1,-1,1987,8,1,LEXUS UX 250,4,E01001514,0,1
2024320553958,2024,320553958,1,9,0,-1,-1,5,1,0,0,6,0,0,0,0,4,1,-1,-1,1,68,10,1987,8,2,LEXUS UX 250,4,E01023925,0,5
2024010516450,2024,010516450,2,9,0,7,7,5,8,0,0,8,0,0,0,0,1,1,6,6,1,49,8,1987,8,0,LEXUS UX 250,4,E01001090,0,1
2024440562617,2024,440562617,1,9,0,18,19,6,3,0,0,8,0,0,0,0,4,1,6,6,1,44,7,1987,8,2,LEXUS UX 250,9,E01035265,0,3
2024010519146,2024,010519146,2,9,9,18,19,9,9,99,99,1,9,99,9,99,9,9,6,6,1,25,5,1987,8,1,LEXUS UX 250,2,E01033604,0,1
2024471517023,2024,471517023,1,9,0,-1,9,5,1,-1,0,0,0,0,0,0,4,1,-1,9,1,49,8,1987,8,0,LEXUS UX 250,7,E01030618,0,4
2024010529100,2024,010529100,1,9,0,18,19,3,7,0,0,6,5,11,0,0,3,1,6,6,1,18,4,1987,8,4,LEXUS UX 250,3,E01021289,0,3
2024320018087,2024,320018087,1,9,0,14,14,8,4,0,0,0,0,0,0,0,4,1,6,6,1,89,11,1987,8,2,LEXUS UX 250,10,E01026393,0,1
2024010546391,2024,010546391,1,9,0,5,5,5,1,0,0,8,0,0,0,0,3,1,6,6,1,28,6,1987,8,1,LEXUS UX 250,3,E01000024,0,1
2024371462766,2024,371462766,3,9,0,-1,19,1,5,-1,0,0,0,0,1,0,3,1,-1,9,2,68,10,1987,8,1,LEXUS UX 250,4,E01030162,0,4
2024351455688,2024,351455688,2,9,0,-1,-1,-1,-1,-1,-1,0,-1,-1,-1,0,-1,9,-1,9,2,32,6,1987,8,2,LEXUS UX 250,7,E01018000,0,1
2024010532774,2024,010532774,2,9,0,99,99,9,9,99,99,9,9,99,9,99,1,9,6,6,3,-1,-1,1987,8,5,LEXUS UX 250,-1,-1,0,-1
2024010504618,2024,010504618,2,9,0,14,14,7,3,0,0,2,0,4,0,0,4,1,6,6,1,18,4,1987,8,5,LEXUS UX 250,3,E01000577,0,1
2024522402175,2024,522402175,1,9,0,11,11,5,1,0,0,0,0,0,0,0,4,1,6,6,2,39,7,1987,8,1,LEXUS UX 250,4,E01014650,0,1
2024010532896,2024,010532896,1,9,0,10,10,1,8,0,0,6,0,0,0,0,1,1,1,1,2,28,6,1987,8,1,LEXUS UX 250,4,E01003376,0,2
2024010522018,2024,010522018,1,9,0,99,99,9,9,99,99,9,9,99,9,99,9,9,6,6,2,40,7,1987,8,1,LEXUS UX 250,4,E01004228,0,1
2024552401532,2024,552401532,1,9,0,4,4,2,6,0,0,0,0,0,0,0,1,1,6,6,2,59,9,1987,8,4,LEXUS UX 250,7,E01015457,0,1
2024010521815,2024,010521815,2,9,0,99,99,9,9,99,99,9,9,99,9,99,9,9,6,6,1,32,6,1987,8,1,LEXUS UX 250,9,E01022702,0,5
2024010503633,2024,010503633,2,9,0,99,99,9,9,99,99,9,9,99,9,99,1,9,6,6,3,-1,-1,1987,8,3,LEXUS UX 250,-1,-1,0,-1
2024991490787,2024,991490787,2,9,0,-1,19,4,8,-1,0,0,0,0,0,0,1,1,-1,9,1,33,6,1987,8,0,LEXUS UX 250,-1,-1,0,-1
2024421424780,2024,421424780,1,9,0,-1,19,1,5,-1,0,0,0,0,0,0,4,9,-1,6,1,40,7,1987,8,1,LEXUS UX 250,-1,-1,0,-1
2024451424394,2024,451424394,1,9,0,-1,19,6,2,-1,0,0,0,0,0,0,1,1,-1,6,1,25,5,3994,1,2,MAKE AND MODEL REDACTED,10,E01021452,0,4
2024552400272,2024,552400272,1,4,0,18,19,2,6,0,0,0,1,0,0,0,0,1,2,2,1,22,5,125,1,2,MAKE AND MODEL REDACTED,1,E01020555,0,1
2024052400133,2024,052400133,2,9,0,2,2,0,0,0,0,0,0,0,0,0,3,2,6,6,3,-1,-1,1398,2,11,PEUGEOT 208,-1,-1,0,-1
2024010540239,2024,010540239,1,9,0,18,19,3,7,9,9,1,0,0,0,0,1,1,2,2,2,51,8,1199,1,1,PEUGEOT 208,3,E01001589,0,1
2024311487932,2024,311487932,2,9,0,-1,19,6,3,-1,0,8,0,0,0,0,3,9,-1,6,2,37,7,1199,1,0,PEUGEOT 208,2,E01028267,0,1
2024421476489,2024,421476489,1,9,0,-1,9,3,1,-1,0,6,0,0,0,0,4,1,-1,9,1,81,11,1199,1,6,PEUGEOT 208,10,E01021591,0,1
2024201446424,2024,201446424,1,9,0,-1,19,5,2,-1,0,3,0,0,0,0,1,1,-1,6,2,30,6,1000,1,11,PEUGEOT 208,1,E01009101,0,1
2024461538979,2024,461538979,2,9,0,-1,19,5,1,-1,0,1,0,0,0,0,4,9,-1,9,2,23,5,1200,1,7,PEUGEOT 208,8,E01016144,0,1
2024501514954,2024,501514954,1,9,0,-1,19,2,6,-1,0,1,0,0,0,0,1,1,-1,9,1,70,10,1199,8,0,PEUGEOT 208,2,E01018865,0,1
2024501487304,2024,501487304,1,9,0,-1,19,8,4,-1,0,0,0,0,0,0,1,1,-1,2,1,19,4,1200,1,3,PEUGEOT 208,2,E01019074,0,1
2024351513033,2024,351513033,1,9,0,-1,19,7,3,-1,0,0,0,0,0,0,1,1,-1,6,2,36,7,1560,2,8,PEUGEOT 208,6,E01034443,0,2
2024461424179,2024,461424179,3,9,0,-1,19,5,1,-1,0,0,0,0,0,0,3,1,-1,9,2,38,7,1200,1,2,PEUGEOT 208,3,E01024641,0,3
2024430622684,2024,430622684,2,9,0,9,9,5,3,0,0,8,0,0,0,0,4,1,6,6,2,48,8,1200,1,7,PEUGEOT 208,10,E01028755,0,1
2024311404782,2024,311404782,1,9,0,-1,19,3,4,-1,0,0,0,0,0,0,1,1,-1,1,2,27,6,1199,1,2,PEUGEOT 208,3,E01028229,0,2
2024211502113,2024,211502113,1,9,0,-1,2,0,0,-1,0,0,0,0,0,0,1,1,-1,9,2,63,9,1000,1,9,PEUGEOT 208,6,E01014299,0,1
2024430216634,2024,430216634,2,9,0,18,19,8,4,0,0,4,0,0,0,0,1,1,6,6,2,-1,-1,1560,2,12,PEUGEOT 208,-1,-1,0,-1
2024010535074,2024,010535074,1,9,0,4,4,1,5,0,0,0,0,0,0,0,1,1,6,6,1,19,4,1000,1,11,PEUGEOT 208,5,E01000975,0,1
2024061450140,2024,061450140,2,9,-1,-1,-1,-1,-1,-1,-1,0,-1,-1,-1,0,-1,9,-1,2,2,46,8,1200,1,10,PEUGEOT 208,9,E01005408,0,2
2024451398899,2024,451398899,2,9,0,-1,5,5,1,-1,0,8,0,0,0,0,4,1,-1,9,2,74,10,1199,1,1,PEUGEOT 208,10,E01030395,0,1
2024131452190,2024,131452190,2,9,0,-1,19,7,3,-1,0,0,0,0,0,0,2,1,-1,2,2,40,7,1200,1,6,PEUGEOT 208,2,E01011918,0,1
2024401537533,2024,401537533,2,9,0,-1,19,3,7,-1,0,0,1,0,0,0,4,1,-1,9,1,49,8,1200,1,10,PEUGEOT 208,3,E01015765,0,1
2024991524448,2024,991524448,2,9,0,-1,3,1,5,-1,0,1,0,0,0,0,2,1,-1,6,2,20,4,1200,1,7,PEUGEOT 208,-1,-1,0,-1
2024141463104,2024,141463104,1,9,0,-1,19,6,1,-1,0,0,0,0,0,0,3,9,-1,6,1,18,4,1199,1,1,PEUGEOT 208,1,E01008015,0,1
2024421443880,2024,421443880,2,9,0,-1,3,1,5,-1,0,0,0,0,0,0,2,1,-1,6,2,50,8,1200,1,3,PEUGEOT 208,8,E01033052,0,4
2024332400328,2024,332400328,1,9,0,-1,6,1,1,-1,0,8,0,0,1,11,1,1,-1,6,3,-1,-1,1598,1,11,PEUGEOT 208,-1,-1,0,-1
2024461401126,2024,461401126,2,9,0,-1,19,7,3,-1,0,8,0,0,0,0,4,9,-1,9,2,74,10,1200,1,9,PEUGEOT 208,9,E01016133,0,1
2024201532611,2024,201532611,3,9,0,-1,2,0,0,-1,0,8,0,0,0,0,3,1,-1,6,-1,-1,-1,1200,1,9,PEUGEOT 208,-1,-1,0,-1
2024010537473,2024,010537473,1,9,9,99,99,9,9,99,99,9,9,99,9,99,9,9,6,6,2,30,6,1200,1,3,PEUGEOT 208,2,E01002029,0,1
2024471415249,2024,471415249,1,9,0,-1,19,3,7,-1,0,1,0,0,3,4,1,1,-1,9,1,19,4,1200,1,7,PEUGEOT 208,2,E01022904,0,3
2024991536405,2024,991536405,2,9,0,-1,2,0,0,-1,0,0,0,0,0,0,3,1,-1,6,-1,-1,-1,-1,3,3,PEUGEOT 208,-1,-1,0,-1
2024221465328,2024,221465328,1,9,0,-1,9,6,2,-1,0,5,0,0,0,0,1,1,-1,6,2,22,5,1200,1,9,PEUGEOT 208,9,E01010154,0,2
2024471455789,2024,471455789,1,9,0,-1,19,6,2,-1,0,0,0,0,0,0,4,1,-1,6,1,40,7,1199,1,0,PEUGEOT 208,4,E01031572,0,1
2024211510627,2024,211510627,1,9,0,-1,19,6,2,-1,0,0,0,0,0,0,1,1,-1,6,2,44,7,1200,1,8,PEUGEOT 208,2,E01029448,0,1
2024101520829,2024,101520829,1,9,0,-1,19,1,5,-1,0,1,0,0,0,0,2,1,-1,9,1,24,5,1499,2,2,PEUGEOT 208,-1,-1,0,-1
2024411407645,2024,411407645,2,9,0,-1,19,6,2,-1,0,1,0,0,0,0,1,1,-1,6,1,54,8,1199,1,6,PEUGEOT 208,7,E01035591,0,2
2024010551746,2024,010551746,1,9,0,11,11,3,7,9,9,0,1,10,1,7,1,1,2,2,2,23,5,1200,1,8,PEUGEOT 208,6,E01003703,0,2
2024302500032,2024,302500032,2,9,0,-1,19,4,2,-1,0,8,0,0,0,0,1,1,-1,6,2,18,4,1200,1,7,PEUGEOT 208,9,E01029848,0,4
2024320734089,2024,320734089,1,9,0,9,9,2,8,0,0,0,0,0,0,0,0,1,-1,-1,2,27,6,1397,1,12,PEUGEOT 208,9,E01026273,0,1
2024141494360,2024,141494360,2,9,0,-1,19,7,3,-1,0,0,0,0,0,0,1,1,-1,6,1,-1,-1,1398,2,11,PEUGEOT 208,-1,-1,0,-1
2024471477127,2024,471477127,1,9,0,-1,1,2,6,-1,9,2,0,0,0,0,4,1,-1,9,2,56,9,-1,3,0,PEUGEOT 208,9,E01024802,0,4
2024201425826,2024,201425826,1,9,0,-1,19,4,2,-1,0,0,0,0,0,0,1,9,-1,6,1,50,8,1200,1,9,PEUGEOT 208,-1,-1,0,-1
2024501521173,2024,501521173,1,9,0,-1,19,1,5,-1,0,0,0,0,0,0,1,1,-1,6,2,63,9,1200,1,11,PEUGEOT 208,5,E01020088,0,2