collision_index,collision_year,collision_ref_no,vehicle_reference,vehicle_type,towing_and_articulation,vehicle_manoeuvre_historic,vehicle_manoeuvre,vehicle_direction_from,vehicle_direction_to,vehicle_location_restricted_lane_historic,vehicle_location_restricted_lane,junction_location,skidding_and_overturning,hit_object_in_carriageway,vehicle_leaving_carriageway,hit_object_off_carriageway,first_point_of_impact,vehicle_left_hand_drive,journey_purpose_of_driver_historic,journey_purpose_of_driver,sex_of_driver,age_of_driver,age_band_of_driver,engine_capacity_cc,propulsion_code,age_of_vehicle,generic_make_model,driver_imd_decile,lsoa_of_driver,escooter_flag,driver_distance_banding
2024461402183,2024,461402183,1,9,0,-1,19,1,2,-1,0,0,1,0,1,6,1,9,-1,9,1,22,5,1200,1,10,PEUGEOT 208,7,E01024230,0,2
2024552401345,2024,552401345,1,9,0,7,7,3,6,0,0,8,0,0,1,0,1,1,6,6,1,89,11,1200,1,11,PEUGEOT 208,6,E01034281,0,1
2024520402698,2024,520402698,1,9,0,18,19,8,4,0,0,0,5,0,7,10,1,1,6,6,2,26,6,1397,1,12,PEUGEOT 208,4,W01001063,0,4
2024061445752,2024,061445752,2,9,0,-1,7,-1,-1,-1,4,8,0,0,0,0,2,1,-1,6,2,-1,-1,1398,2,11,PEUGEOT 208,4,E01006188,0,1
2024451472859,2024,451472859,3,9,0,-1,19,7,3,-1,0,0,0,0,0,0,1,1,-1,6,1,38,7,1200,1,9,PEUGEOT 208,9,E01001135,0,3
2024201532185,2024,201532185,1,9,0,-1,19,5,1,-1,0,0,0,0,0,0,1,1,-1,6,2,30,6,1199,1,0,PEUGEOT 208,-1,-1,0,-1
2024010498654,2024,010498654,2,9,0,99,99,9,9,99,99,9,9,99,9,99,9,9,6,6,3,53,8,1199,1,1,PEUGEOT 208,2,E01002709,0,2
2024461446687,2024,461446687,1,9,0,-1,19,7,3,-1,0,1,0,7,0,0,1,1,-1,2,1,42,7,1560,2,10,PEUGEOT 208,9,E01024365,0,3
2024351407099,2024,351407099,2,9,0,-1,8,1,2,-1,0,1,0,0,0,0,2,1,-1,2,2,45,7,1199,1,1,PEUGEOT 208,6,E01015691,0,2
2024211397763,2024,211397763,1,9,0,-1,9,3,8,-1,0,5,0,0,0,0,4,1,-1,6,2,22,5,-1,3,3,PEUGEOT 208,9,E01029601,0,4
2024631440935,2024,631440935,2,9,0,-1,19,8,4,-1,0,0,0,0,0,0,3,1,-1,6,1,54,8,1199,1,1,PEUGEOT 208,7,W01000595,0,2
2024548602524,2024,548602524,1,9,0,18,19,4,8,0,0,4,0,0,0,0,1,1,6,6,1,65,9,1200,1,9,PEUGEOT 208,9,E01033847,0,1
2024991431543,2024,991431543,1,9,0,-1,19,3,7,-1,0,0,5,0,2,0,1,1,-1,6,2,19,4,1200,1,4,PEUGEOT 208,5,-1,0,3
2024401422455,2024,401422455,2,9,0,-1,-1,-1,-1,-1,-1,-1,-1,-1,-1,0,4,9,-1,9,1,53,8,-1,3,0,PEUGEOT 208,2,E01017500,0,1
2024311402728,2024,311402728,1,9,0,-1,19,3,7,-1,0,0,1,0,1,9,1,1,-1,6,1,25,5,1598,1,11,PEUGEOT 208,3,E01027941,0,1
2024302400687,2024,302400687,3,9,0,17,19,1,6,0,0,0,0,0,0,0,4,1,6,6,1,18,4,1200,1,10,PEUGEOT 208,5,E01019613,0,2
2024451420208,2024,451420208,1,9,0,-1,19,7,3,-1,0,4,0,0,0,0,3,1,-1,9,2,50,8,1200,1,8,PEUGEOT 208,8,E01030991,0,2
2024131417018,2024,131417018,1,9,0,-1,19,2,2,-1,0,0,1,11,0,0,1,1,-1,2,1,18,4,1200,1,8,PEUGEOT 208,9,E01011419,0,1
2024371493277,2024,371493277,1,9,0,-1,19,3,7,-1,0,0,5,0,0,0,1,1,-1,9,1,18,4,1200,1,12,PEUGEOT 208,1,E01033131,0,4
2024052402126,2024,052402126,2,9,0,3,3,1,5,0,0,1,0,0,0,0,2,1,6,6,2,23,5,1200,1,3,PEUGEOT 208,6,E01007116,0,1
2024461397440,2024,461397440,2,9,0,-1,19,7,3,-1,0,1,0,0,0,0,1,1,-1,9,2,37,7,1199,1,1,PEUGEOT 208,-1,-1,0,-1
2024411418109,2024,411418109,2,9,0,-1,19,5,1,-1,0,1,0,0,0,0,1,1,-1,6,1,37,7,1560,2,9,PEUGEOT 208,2,E01015735,0,2
2024122400726,2024,122400726,2,9,0,18,19,3,7,0,0,8,0,0,0,0,1,1,6,6,1,25,5,1560,2,9,PEUGEOT 208,1,E01027804,0,1
2024010499112,2024,010499112,1,9,0,99,99,9,9,99,99,9,9,99,9,99,1,9,6,6,1,32,6,1200,1,12,PEUGEOT 208,1,E01032569,0,1
2024221402635,2024,221402635,2,9,0,-1,19,3,1,-1,0,0,0,0,0,0,1,1,-1,6,1,27,6,1199,1,1,PEUGEOT 208,2,E01032465,0,4
2024161454079,2024,161454079,1,9,0,-1,19,7,3,-1,0,0,0,0,0,0,0,1,-1,6,3,-1,-1,1200,1,11,PEUGEOT 208,-1,-1,0,-1
2024010549960,2024,010549960,2,9,0,9,9,3,2,0,0,8,0,0,0,0,1,1,3,7,2,22,5,1200,1,8,PEUGEOT 208,-1,-1,0,-1
2024552400766,2024,552400766,2,9,0,9,9,4,1,0,0,5,0,0,0,0,3,1,6,6,2,28,6,1560,2,11,PEUGEOT 208,6,E01034374,0,1
2024351475979,2024,351475979,1,9,0,-1,5,7,3,-1,0,3,1,0,0,0,1,1,-1,9,2,29,6,1200,1,7,PEUGEOT 208,6,E01013710,0,4
2024522403250,2024,522403250,2,9,0,1,1,4,8,9,9,6,0,0,0,0,2,1,6,6,3,-1,-1,1000,1,10,PEUGEOT 208,-1,-1,0,-1
2024201403917,2024,201403917,2,9,0,-1,9,3,1,-1,0,6,0,0,0,0,3,1,-1,6,3,30,6,1200,1,10,PEUGEOT 208,-1,-1,0,-1
2024471433443,2024,471433443,1,9,0,-1,9,5,1,-1,0,8,0,0,1,0,3,1,-1,2,2,20,4,1200,1,10,PEUGEOT 208,10,E01031803,0,1
2024221398508,2024,221398508,1,9,0,-1,19,7,5,-1,0,0,1,0,0,0,1,1,-1,6,2,32,6,1000,1,9,PEUGEOT 208,10,E01032361,0,2
2024201508620,2024,201508620,1,9,0,-1,19,4,8,-1,0,0,0,0,0,0,1,1,-1,6,1,46,8,1200,1,11,PEUGEOT 208,2,E01022332,0,4
2024201438851,2024,201438851,2,9,0,-1,19,4,8,-1,0,8,0,0,0,0,1,9,-1,6,2,43,7,1200,1,8,PEUGEOT 208,3,E01010144,0,1
2024111451918,2024,111451918,1,9,0,-1,19,1,5,-1,0,4,0,0,0,0,1,1,-1,9,2,38,7,1199,1,7,PEUGEOT 208,7,E01020796,0,2
2024302401080,2024,302401080,2,9,0,18,19,5,1,0,0,8,0,0,0,0,4,1,6,6,2,30,6,1200,1,10,PEUGEOT 208,7,E01029755,0,4
2024231462232,2024,231462232,2,9,0,-1,7,5,7,-1,0,6,0,0,1,0,1,1,-1,6,2,17,4,1199,1,5,PEUGEOT 208,7,E01031166,0,3
2024501456762,2024,501456762,2,9,0,-1,9,5,1,-1,0,8,1,0,0,0,1,1,-1,9,1,63,9,1199,1,0,PEUGEOT 208,5,E01020050,0,1
2024141462633,2024,141462633,2,9,0,-1,19,-1,-1,-1,0,6,0,0,0,0,-1,9,-1,6,3,-1,-1,1200,1,11,PEUGEOT 208,-1,-1,0,-1
2024070405227,2024,070405227,3,9,0,2,2,0,0,0,0,0,0,0,0,0,3,1,6,6,3,-1,-1,1200,1,3,PEUGEOT 208,10,E01018690,0,3
2024531441399,2024,531441399,2,9,0,-1,9,5,3,-1,0,0,0,0,0,0,2,1,-1,6,1,72,10,1560,2,10,PEUGEOT 208,5,E01022441,0,1
2024461462045,2024,461462045,2,9,0,-1,7,7,3,-1,0,0,0,0,0,0,3,9,-1,6,2,21,5,1200,1,4,PEUGEOT 208,4,E01024339,0,2
2024141418980,2024,141418980,1,9,0,-1,9,5,3,-1,0,8,1,0,0,0,3,1,-1,6,2,51,8,1200,1,3,PEUGEOT 208,3,E01033268,0,1
2024351491976,2024,351491976,2,9,0,-1,9,3,1,-1,0,8,0,0,0,0,3,1,-1,1,1,18,4,1200,1,10,PEUGEOT 208,10,E01018118,0,1
2024411493415,2024,411493415,2,9,0,-1,5,1,5,-1,0,6,0,0,0,0,1,1,-1,7,2,42,7,1200,1,10,PEUGEOT 208,8,E01023897,0,2
2024411492510,2024,411492510,1,9,0,-1,19,8,4,-1,0,0,0,0,0,0,1,1,-1,6,2,33,6,1560,2,9,PEUGEOT 208,3,E01023650,0,1
2024052402514,2024,052402514,1,9,9,1,1,2,6,0,0,1,9,0,0,0,2,9,6,6,1,-1,-1,1000,1,8,PEUGEOT 208,-1,-1,0,-1
2024991530046,2024,991530046,1,9,0,-1,9,8,6,-1,0,2,0,0,0,0,1,1,-1,9,2,25,5,1560,2,10,PEUGEOT 208,6,-1,0,3
2024991492633,2024,991492633,1,9,0,-1,19,4,7,-1,0,4,0,0,0,0,4,1,-1,2,1,21,5,1199,1,1,PEUGEOT 208,5,-1,0,1
2024070684855,2024,070684855,2,9,0,18,19,8,4,0,0,0,0,0,7,0,1,1,6,6,2,54,8,1200,1,10,PEUGEOT 208,9,E01005786,0,2
2024371523731,2024,371523731,1,9,0,-1,4,1,5,-1,0,0,0,0,0,0,0,1,-1,6,1,34,6,1598,1,11,PEUGEOT 208,8,E01029917,0,2
2024461536896,2024,461536896,1,9,0,-1,19,8,4,-1,0,0,0,0,0,0,1,1,-1,9,1,21,5,1200,1,9,PEUGEOT 208,3,E01035312,0,3
2024501493098,2024,501493098,1,9,0,-1,19,6,1,-1,0,8,0,0,0,0,1,1,-1,6,2,21,5,1000,1,8,PEUGEOT 208,3,E01015172,0,1
2024231462693,2024,231462693,1,9,0,-1,19,8,4,-1,0,6,5,0,7,4,3,9,-1,6,2,23,5,1200,1,3,PEUGEOT 208,2,E01027246,0,4
2024161535752,2024,161535752,2,9,0,-1,19,3,7,-1,0,1,0,0,1,10,1,1,-1,9,2,56,9,1200,1,11,PEUGEOT 208,9,E01012813,0,3
2024451440488,2024,451440488,1,9,0,-1,19,7,7,-1,0,0,0,0,7,11,1,1,-1,9,2,76,11,1199,8,0,PEUGEOT 208,7,E01030466,0,1
2024231397864,2024,231397864,1,9,0,-1,5,1,5,-1,0,0,0,0,0,0,1,1,-1,2,2,19,4,1200,1,6,PEUGEOT 208,7,E01031181,0,1
2024231426364,2024,231426364,2,9,0,-1,19,3,6,-1,0,4,0,0,0,0,3,9,-1,2,2,24,5,1200,1,10,PEUGEOT 208,6,E01031085,0,1
2024991420480,2024,991420480,1,9,0,-1,19,2,6,-1,0,1,0,0,0,0,1,1,-1,2,2,23,5,1200,1,7,PEUGEOT 208,5,-1,0,4
2024131464341,2024,131464341,1,9,0,-1,19,3,7,-1,0,8,0,0,1,9,3,1,-1,9,2,31,6,1200,1,6,PEUGEOT 208,7,E01011569,0,3
2024041442945,2024,041442945,2,9,0,-1,19,3,7,-1,0,3,0,0,0,0,1,1,-1,6,1,36,7,1200,1,3,PEUGEOT 208,5,E01012730,0,1
2024622400165,2024,622400165,1,9,0,18,19,6,2,0,0,3,0,7,0,0,1,1,3,7,2,52,8,1200,1,10,PEUGEOT 208,3,W01000907,0,1
2024421467231,2024,421467231,2,9,0,-1,5,1,5,-1,0,4,0,0,0,0,3,1,-1,9,2,51,8,1199,8,0,PEUGEOT 208,6,E01021535,0,1
2024122400477,2024,122400477,1,9,0,18,19,7,3,0,0,0,0,0,0,0,1,1,6,6,1,32,6,1598,1,9,PEUGEOT 208,7,E01027658,0,2
2024231514715,2024,231514715,1,9,0,-1,5,8,1,-1,0,4,0,0,0,0,2,1,-1,9,2,33,6,-1,3,2,PEUGEOT 208,6,E01031322,0,1
2024302400354,2024,302400354,1,9,0,9,9,2,8,0,0,1,0,0,0,0,1,1,6,6,2,31,6,1200,1,9,PEUGEOT 208,5,E01019438,0,1
2024552400848,2024,552400848,2,9,0,18,19,2,6,0,0,0,0,0,0,0,1,1,6,6,2,18,4,1200,1,8,PEUGEOT 208,7,E01020514,0,1
2024401417150,2024,401417150,1,9,0,-1,9,1,5,-1,0,8,0,0,0,0,1,1,-1,1,1,25,5,1199,1,1,PEUGEOT 208,5,E01015750,0,1
2024340NN1312,2024,340NN1312,2,9,0,-1,19,2,6,-1,0,1,0,0,0,0,4,1,-1,6,1,44,7,1200,1,9,PEUGEOT 208,4,E01027245,0,2
2024430394043,2024,430394043,1,9,0,4,4,7,3,0,0,0,0,0,0,0,1,1,6,6,1,29,6,1200,1,11,PEUGEOT 208,9,E01028738,0,1
2024111440701,2024,111440701,1,9,0,-1,5,1,5,-1,0,4,0,0,0,0,1,9,-1,6,3,30,6,1560,2,10,PEUGEOT 208,-1,-1,0,-1
2024421523747,2024,421523747,1,9,0,-1,19,5,1,-1,0,1,0,0,0,0,1,1,-1,9,1,25,5,1200,1,9,PEUGEOT 208,9,E01015894,0,3
2024101478135,2024,101478135,1,9,0,-1,19,7,3,-1,0,1,0,0,0,0,1,1,-1,9,2,18,4,1200,1,10,PEUGEOT 208,7,E01027505,0,2
2024131458220,2024,131458220,2,9,0,-1,19,3,7,-1,0,0,0,0,0,0,3,1,-1,9,1,42,7,1200,1,10,PEUGEOT 208,8,E01013391,0,4
202417H101924,2024,17H101924,1,9,0,-1,4,2,6,-1,0,0,0,0,0,0,2,1,-1,2,2,54,8,1560,2,7,PEUGEOT 208,5,E01011967,0,1
2024471448439,2024,471448439,3,9,0,-1,19,4,6,-1,0,0,0,0,0,0,4,1,-1,9,1,48,8,1200,1,3,PEUGEOT 208,4,E01031572,0,4
2024010528159,2024,010528159,2,9,0,99,99,9,9,99,99,9,9,99,9,99,1,9,6,6,3,35,6,1200,1,9,PEUGEOT 208,4,E01002250,0,1
2024631469885,2024,631469885,1,9,0,-1,5,6,2,-1,0,6,0,0,3,0,4,1,-1,6,2,75,10,1560,2,9,PEUGEOT 208,5,W01000919,0,4
2024070851696,2024,070851696,2,9,0,-1,19,4,4,-1,0,1,0,0,0,0,1,1,-1,9,1,82,11,1200,1,11,PEUGEOT 208,10,E01018503,0,2
2024201490724,2024,201490724,2,9,0,-1,9,7,6,-1,0,3,0,0,0,0,4,1,-1,9,2,17,4,1000,1,10,PEUGEOT 208,-1,-1,0,-1
2024320704838,2024,320704838,2,9,0,4,4,4,8,0,0,1,0,0,0,0,2,1,-1,-1,2,28,6,1199,1,5,PEUGEOT 208,10,E01034701,0,2
2024010510614,2024,010510614,1,9,0,4,4,1,5,0,0,1,0,0,0,0,1,1,6,6,1,52,8,1200,1,7,PEUGEOT 208,1,E01002082,0,1
2024991443645,2024,991443645,3,9,0,-1,19,4,8,-1,0,0,0,0,0,0,2,1,-1,9,2,53,8,1199,1,6,PEUGEOT 208,7,-1,0,3
2024010526989,2024,010526989,2,9,9,99,99,9,9,99,99,9,9,99,9,99,9,9,6,6,3,-1,-1,1199,1,1,PEUGEOT 208,-1,-1,0,-1
2024010549059,2024,010549059,1,9,0,99,99,9,9,99,99,9,9,99,9,99,2,9,6,6,2,28,6,1200,1,3,PEUGEOT 208,8,E01030697,0,3
2024522403001,2024,522403001,1,9,0,3,3,3,7,0,0,1,0,0,0,0,2,1,6,6,2,58,9,1200,1,3,PEUGEOT 208,10,E01014964,0,1
2024471472669,2024,471472669,2,9,0,-1,2,1,5,-1,0,0,0,4,0,0,1,1,-1,9,2,40,7,1199,1,6,PEUGEOT 208,9,E01031389,0,2
2024991413708,2024,991413708,2,9,0,-1,19,7,3,-1,0,1,0,0,0,0,1,1,-1,9,2,19,4,1000,1,9,PEUGEOT 208,9,-1,0,1
2024010535601,2024,010535601,2,9,0,99,99,9,9,99,99,9,9,99,9,99,9,9,6,6,3,-1,-1,1200,1,12,PEUGEOT 208,-1,-1,0,-1
2024631530578,2024,631530578,1,9,0,-1,19,3,7,-1,0,0,0,0,1,3,1,1,-1,9,2,73,10,1200,1,9,PEUGEOT 208,7,W01000460,0,2
2024531455096,2024,531455096,2,9,0,-1,10,5,1,-1,0,5,0,0,0,0,3,1,-1,1,2,52,8,1200,1,9,PEUGEOT 208,7,E01022449,0,1
2024041474057,2024,041474057,2,9,0,-1,9,7,5,-1,0,6,0,0,0,0,1,1,-1,6,2,56,9,1560,2,11,PEUGEOT 208,9,E01025133,0,2
2024131488601,2024,131488601,2,9,0,-1,19,2,6,-1,0,1,0,0,0,0,4,1,-1,9,1,52,8,1199,1,2,PEUGEOT 208,8,E01034269,0,1
2024411465166,2024,411465166,2,9,0,-1,19,1,3,-1,0,0,0,0,0,0,4,9,-1,2,1,23,5,-1,3,2,PEUGEOT 208,8,E01015799,0,3
2024311523537,2024,311523537,2,9,0,-1,5,1,1,-1,0,0,0,0,0,0,1,1,-1,6,3,-1,-1,1200,1,5,PEUGEOT 208,-1,-1,0,-1
2024440487162,2024,440487162,1,9,0,12,12,5,1,0,0,3,0,0,0,0,3,1,6,6,2,26,6,1200,1,3,PEUGEOT 208,3,E01022487,0,4
2024549671624,2024,549671624,2,9,0,1,1,8,4,0,0,1,0,0,0,0,3,1,6,6,1,28,6,1398,2,10,PEUGEOT 208,8,E01032694,0,2
2024061432258,2024,061432258,1,9,0,-1,99,-1,-1,-1,0,9,9,0,0,0,4,1,-1,9,2,23,5,1398,2,11,PEUGEOT 208,1,E01005959,0,1
2024451512709,2024,451512709,2,9,0,-1,19,5,1,-1,0,0,0,0,0,0,2,1,-1,1,1,37,7,1498,2,5,PEUGEOT 208,6,E01031807,0,4
2024061465344,2024,061465344,1,9,0,-1,19,1,1,-1,0,0,0,0,0,0,0,1,-1,6,-1,55,8,1000,1,8,PEUGEOT 208,-1,-1,0,-1
2024122400600,2024,122400600,1,9,0,3,3,1,5,0,0,0,0,0,0,0,2,1,1,1,1,50,8,1199,1,6,PEUGEOT 208,5,E01027590,0,1
2024071074082,2024,071074082,2,9,0,-1,19,6,6,-1,0,4,0,0,0,0,1,1,-1,1,2,53,8,1498,2,4,PEUGEOT 208,3,E01018552,0,1
2024371523550,2024,371523550,1,9,0,-1,19,6,2,-1,0,0,0,0,0,0,1,1,-1,9,1,88,11,1200,1,7,PEUGEOT 208,9,E01030145,0,1
2024061495734,2024,061495734,1,9,0,-1,19,3,7,-1,0,0,0,0,0,0,1,1,-1,9,2,76,11,1200,1,9,PEUGEOT 208,10,E01006193,0,2
2024451456018,2024,451456018,2,9,0,-1,19,4,8,-1,0,0,0,0,0,0,2,1,-1,9,1,47,8,1199,1,1,PEUGEOT 208,7,E01030548,0,1
2024070172926,2024,070172926,1,9,0,17,19,7,4,0,0,1,1,0,1,9,4,1,2,2,1,53,8,1200,1,9,PEUGEOT 208,3,W01000292,0,3
2024031445311,2024,031445311,1,9,0,-1,19,7,3,-1,0,0,5,0,0,0,1,1,-1,9,1,79,11,1200,1,8,PEUGEOT 208,5,E01019306,0,1
2024622400046,2024,622400046,1,9,0,18,19,2,6,0,0,1,0,0,0,0,1,1,6,6,2,29,6,1200,1,7,PEUGEOT 208,8,W01001392,0,4
2024340NN2212,2024,340NN2212,2,9,0,-1,19,5,1,-1,0,1,0,0,0,0,2,1,-1,2,1,44,7,1560,2,11,PEUGEOT 208,2,E01027341,0,1
2024631480264,2024,631480264,2,9,0,-1,4,6,1,-1,0,0,1,0,0,0,1,1,-1,6,1,38,7,1560,2,9,PEUGEOT 208,3,W01000730,0,1
2024201494965,2024,201494965,1,9,0,-1,5,6,2,-1,0,0,0,0,0,0,4,9,-1,6,3,-1,-1,1199,1,0,PEUGEOT 208,-1,-1,0,-1
2024131483082,2024,131483082,2,9,0,-1,8,3,5,-1,0,8,0,0,0,0,2,1,-1,6,1,34,6,1200,1,6,PEUGEOT 208,8,E01011509,0,2
2024201463046,2024,201463046,1,9,0,-1,19,4,2,-1,0,6,0,0,0,0,0,1,-1,6,3,-1,-1,1200,1,10,PEUGEOT 208,-1,-1,0,-1
2024430050855,2024,430050855,1,9,0,9,9,3,1,0,0,5,0,0,0,0,1,1,6,6,2,-1,-1,1200,1,10,PEUGEOT 208,-1,-1,0,-1
2024531416958,2024,531416958,1,9,0,-1,19,1,5,-1,0,0,0,0,0,0,3,1,-1,7,2,48,8,-1,3,2,PEUGEOT 208,10,E01022367,0,1
2024101488108,2024,101488108,1,9,0,-1,4,5,1,-1,0,0,0,0,0,0,1,1,-1,6,2,39,7,1200,1,9,PEUGEOT 208,3,E01008468,0,1
2024340WN4502,2024,340WN4502,2,9,0,-1,19,3,7,-1,0,0,0,0,1,2,3,1,-1,2,2,22,5,1200,1,7,PEUGEOT 208,9,E01027053,0,4
2024991413253,2024,991413253,1,9,0,-1,19,2,6,-1,0,0,0,4,0,0,1,1,-1,9,2,73,10,1560,2,9,PEUGEOT 208,5,-1,0,1
2024351477752,2024,351477752,2,9,0,-1,19,5,1,-1,0,0,0,0,0,0,2,1,-1,6,1,60,9,-1,3,4,PEUGEOT 208,7,E01023504,0,4
202460Q046721,2024,60Q046721,1,9,0,18,19,7,3,0,0,0,0,0,0,0,4,1,6,6,2,27,6,1200,1,5,PEUGEOT 208,-1,-1,0,-1
2024461420702,2024,461420702,3,9,0,-1,4,6,2,-1,0,0,0,0,0,0,2,1,-1,6,1,17,4,1200,1,11,PEUGEOT 208,6,E01034993,0,3
2024131416046,2024,131416046,2,9,0,-1,19,1,5,-1,0,0,0,0,0,0,1,1,-1,6,-1,-1,-1,1200,1,10,PEUGEOT 208,-1,-1,0,-1
2024010538920,2024,010538920,1,9,0,99,99,9,9,99,99,9,9,99,9,99,9,9,6,6,2,43,7,1200,1,2,PEUGEOT 208,2,E01000956,0,1
2024440033891,2024,440033891,1,9,0,8,8,8,4,0,0,1,0,0,0,0,2,1,2,2,2,54,8,1199,1,1,PEUGEOT 208,9,E01023227,0,1
2024371559420,2024,371559420,1,9,0,-1,9,1,7,-1,0,8,0,0,0,0,3,1,-1,9,2,25,5,1200,1,10,PEUGEOT 208,2,E01030264,0,1
2024201421720,2024,201421720,2,9,0,-1,19,6,4,-1,0,8,0,0,0,0,3,1,-1,9,2,23,5,1200,1,8,PEUGEOT 208,9,E01009692,0,2
2024201434706,2024,201434706,1,9,0,-1,19,4,8,-1,0,1,5,10,7,0,1,9,-1,9,1,24,5,1560,2,7,PEUGEOT 208,1,E01009325,0,2
2024131476310,2024,131476310,1,9,0,-1,19,7,3,-1,0,1,0,0,0,0,1,1,-1,9,2,33,6,1598,1,9,PEUGEOT 208,9,E01011847,0,1
2024421450998,2024,421450998,1,9,0,-1,9,1,7,-1,0,8,0,0,0,0,1,1,-1,9,2,55,8,-1,3,1,PEUGEOT 208,6,E01021298,0,1
2024010538983,2024,010538983,2,9,0,18,19,6,2,0,0,0,0,0,0,0,2,1,6,6,2,23,5,1200,1,3,PEUGEOT 208,6,E01001619,0,3
2024991448681,2024,991448681,2,9,0,-1,19,6,2,-1,0,0,0,0,7,4,4,1,-1,6,2,19,4,1000,1,10,PEUGEOT 208,3,-1,0,1
2024361493393,2024,361493393,2,9,0,-1,10,7,5,-1,0,1,0,0,0,0,2,1,-1,6,2,29,6,1200,1,11,PEUGEOT 208,7,E01026524,0,2
2024302401424,2024,302401424,1,9,0,17,19,3,8,0,0,0,0,0,7,10,1,1,2,2,2,42,7,1200,1,4,PEUGEOT 208,9,E01028047,0,4
2024991484364,2024,991484364,1,9,0,-1,9,8,4,-1,0,6,0,0,0,0,4,1,-1,6,2,42,7,1200,1,3,PEUGEOT 208,9,-1,0,3
2024451461516,2024,451461516,2,9,0,-1,19,7,3,-1,0,1,0,0,0,0,0,1,-1,1,2,45,7,-1,3,2,PEUGEOT 208,9,E01004191,0,3
2024501457795,2024,501457795,3,9,0,-1,19,1,5,-1,0,8,0,0,0,0,4,1,-1,6,1,28,6,1598,1,11,PEUGEOT 208,1,E01015263,0,1
2024552400804,2024,552400804,1,9,0,16,19,4,7,0,0,0,0,4,0,0,1,1,6,6,1,35,6,1560,2,12,PEUGEOT 208,5,E01015296,0,1
2024010516436,2024,010516436,2,9,0,18,19,1,5,0,0,1,0,0,0,0,1,1,6,6,1,30,6,1200,1,5,PEUGEOT 208,2,E01002075,0,2
2024010530391,2024,010530391,2,9,9,99,99,9,9,99,99,9,9,99,9,99,9,9,6,6,3,-1,-1,1598,1,11,PEUGEOT 208,-1,-1,0,-1
2024471418637,2024,471418637,1,9,0,-1,19,7,3,-1,0,8,0,0,0,0,4,1,-1,1,2,30,6,1200,1,8,PEUGEOT 208,2,E01031808,0,1
2024221444114,2024,221444114,2,9,0,-1,5,6,2,-1,0,8,0,0,0,0,2,9,-1,6,2,45,7,1000,1,9,PEUGEOT 208,8,E01028861,0,1
2024010523104,2024,010523104,2,9,0,9,9,5,3,0,0,8,0,0,0,0,0,1,6,6,2,18,4,1200,1,4,PEUGEOT 208,7,E01035000,0,2
2024061473552,2024,061473552,1,9,0,-1,19,7,8,-1,0,0,0,0,0,0,1,1,-1,6,2,34,6,1199,1,5,PEUGEOT 208,2,E01005538,0,2
2024610009924,2024,610009924,1,9,0,5,5,3,7,0,0,8,0,0,0,0,1,1,6,6,1,76,11,1560,2,8,PEUGEOT 208,3,W01001362,0,1
2024211480012,2024,211480012,2,9,0,-1,3,4,8,-1,0,0,0,4,0,0,2,1,-1,1,1,57,9,1199,1,1,PEUGEOT 208,8,E01029383,0,3
2024430571398,2024,430571398,1,9,0,7,7,5,7,0,0,6,0,0,0,0,3,1,6,6,2,69,10,1199,1,1,PEUGEOT 208,-1,-1,0,-1
2024622400599,2024,622400599,1,9,0,6,6,2,2,0,0,0,0,0,0,0,2,1,2,2,2,33,6,1560,2,6,PEUGEOT 208,5,W01001318,0,3
2024201424846,2024,201424846,2,9,0,-1,19,4,8,-1,0,8,0,0,0,0,3,1,-1,9,2,28,6,1200,1,3,PEUGEOT 208,3,E01003574,0,5
2024131484889,2024,131484889,1,9,0,-1,19,1,1,-1,0,0,0,0,0,0,2,1,-1,6,-1,-1,-1,1560,2,8,PEUGEOT 208,-1,-1,0,-1
2024471502394,2024,471502394,2,9,0,-1,2,0,0,-1,0,0,0,0,0,0,4,1,-1,6,-1,-1,-1,1199,1,0,PEUGEOT 208,-1,-1,0,-1
2024332400591,2024,332400591,2,9,0,-1,19,5,1,-1,0,0,0,0,0,0,2,1,-1,6,2,38,7,1199,1,0,PEUGEOT 208,10,E01025624,0,2
2024340WN0512,2024,340WN0512,1,9,0,-1,9,6,4,-1,0,6,0,0,0,0,3,1,-1,6,2,40,7,1200,1,6,PEUGEOT 208,6,E01027139,0,1
2024131524496,2024,131524496,1,9,0,-1,9,8,5,-1,0,8,0,0,0,0,3,1,-1,6,2,21,5,1398,2,11,PEUGEOT 208,1,E01010809,0,3
2024411531252,2024,411531252,1,9,0,-1,19,3,7,-1,0,8,0,0,0,0,1,1,-1,1,2,63,9,1397,1,12,PEUGEOT 208,8,E01035602,0,2
2024122400467,2024,122400467,2,9,0,9,9,6,4,0,0,1,0,0,0,0,1,1,2,2,2,18,4,1560,2,11,PEUGEOT 208,7,E01025199,0,1
2024461475215,2024,461475215,2,9,0,-1,2,0,0,-1,0,0,0,0,0,0,4,1,-1,6,2,18,4,-1,3,4,PEUGEOT 208,8,E01016144,0,1
2024430197959,2024,430197959,2,9,0,18,19,6,2,0,0,8,0,0,0,0,1,1,1,1,1,56,9,1200,1,4,PEUGEOT 208,9,E01033833,0,2
2024010516239,2024,010516239,2,9,0,99,99,9,9,99,99,9,9,99,9,99,1,9,6,6,3,-1,-1,1200,1,8,PEUGEOT 208,-1,-1,0,-1
2024161449642,2024,161449642,2,9,0,-1,19,1,5,-1,0,8,0,0,0,0,3,1,-1,2,2,20,4,1200,1,12,PEUGEOT 208,5,E01013313,0,1