collision_index,collision_year,collision_ref_no,vehicle_reference,vehicle_type,towing_and_articulation,vehicle_manoeuvre_historic,vehicle_manoeuvre,vehicle_direction_from,vehicle_direction_to,vehicle_location_restricted_lane_historic,vehicle_location_restricted_lane,junction_location,skidding_and_overturning,hit_object_in_carriageway,vehicle_leaving_carriageway,hit_object_off_carriageway,first_point_of_impact,vehicle_left_hand_drive,journey_purpose_of_driver_historic,journey_purpose_of_driver,sex_of_driver,age_of_driver,age_band_of_driver,engine_capacity_cc,propulsion_code,age_of_vehicle,generic_make_model,driver_imd_decile,lsoa_of_driver,escooter_flag,driver_distance_banding
2024161512814,2024,161512814,1,9,0,-1,19,3,7,-1,0,8,0,0,0,0,1,1,-1,2,1,24,5,1200,1,4,PEUGEOT 208,5,E01012769,0,2
2024552500122,2024,552500122,2,9,0,9,9,8,7,0,0,0,0,0,0,0,3,1,6,6,1,64,9,1199,1,1,PEUGEOT 208,7,E01020515,0,2
2024471461097,2024,471461097,1,9,0,-1,19,1,5,-1,0,0,5,0,1,1,1,1,-1,9,1,90,11,1200,1,9,PEUGEOT 208,6,E01022592,0,3
2024631420023,2024,631420023,1,9,0,-1,19,1,6,-1,0,8,0,0,0,0,3,1,-1,9,1,55,8,1200,1,11,PEUGEOT 208,7,W01000562,0,3
2024010549471,2024,010549471,1,9,0,8,8,1,4,0,0,1,0,0,0,0,2,1,2,2,2,39,7,1200,1,8,PEUGEOT 208,6,E01021258,0,3
2024201474158,2024,201474158,1,9,0,-1,19,5,3,-1,0,4,0,0,0,0,2,1,-1,2,1,44,7,1200,1,4,PEUGEOT 208,1,E01010415,0,2
2024010539122,2024,010539122,2,9,0,99,99,9,9,99,99,9,9,99,9,99,9,9,6,6,3,-1,-1,1000,1,11,PEUGEOT 208,-1,-1,0,-1
2024311456307,2024,311456307,1,9,0,-1,5,5,1,-1,9,0,0,0,0,0,1,1,-1,6,1,35,6,1199,1,1,PEUGEOT 208,-1,-1,0,-1
2024411449456,2024,411449456,2,9,0,-1,19,8,4,-1,0,8,1,0,0,0,4,1,-1,9,2,44,7,1200,1,10,PEUGEOT 208,5,E01023386,0,1
2024221453737,2024,221453737,2,9,-1,-1,9,3,1,-1,0,0,0,0,0,0,3,9,-1,6,2,22,5,1200,1,4,PEUGEOT 208,8,E01032160,0,3
2024361399556,2024,361399556,2,9,0,-1,19,1,5,-1,0,0,0,0,0,0,2,1,-1,6,2,70,10,1397,1,12,PEUGEOT 208,6,E01026533,0,3
2024440450340,2024,440450340,2,9,0,18,19,5,1,0,0,1,0,0,0,0,1,1,6,6,1,36,7,1560,2,7,PEUGEOT 208,9,E01022565,0,3
2024430008229,2024,430008229,1,9,0,18,19,5,1,0,0,2,5,4,0,0,1,1,6,6,2,86,11,1200,1,4,PEUGEOT 208,7,E01035739,0,1
2024361466536,2024,361466536,2,9,0,-1,4,1,5,-1,0,0,0,1,0,0,1,1,-1,2,1,33,6,1560,2,11,PEUGEOT 208,7,E01026928,0,1
2024141429936,2024,141429936,1,9,0,-1,19,1,6,-1,9,1,0,0,0,0,1,9,-1,6,1,-1,-1,1398,2,12,PEUGEOT 208,7,E01007999,0,1
2024141532006,2024,141532006,1,9,0,-1,19,8,4,-1,0,2,0,0,0,0,1,1,-1,2,1,21,5,1200,1,10,PEUGEOT 208,8,E01007431,0,1
2024991447247,2024,991447247,2,9,0,-1,10,3,1,-1,0,0,0,0,0,0,2,1,-1,1,2,35,6,1598,1,11,PEUGEOT 208,3,-1,0,1
2024010537119,2024,010537119,2,3,0,15,15,1,5,0,0,1,0,0,1,0,1,1,6,6,1,34,6,-1,3,1,PEUGEOT 208,4,E01002589,0,1
2024052401605,2024,052401605,1,9,0,18,19,6,1,0,0,0,0,0,0,0,3,1,6,6,3,-1,-1,1200,1,6,PEUGEOT 208,-1,-1,0,-1
2024221538182,2024,221538182,1,9,0,-1,19,5,2,-1,0,0,0,0,0,0,3,1,-1,7,1,44,7,1200,1,7,PEUGEOT 208,6,E01022263,0,4
2024311457793,2024,311457793,1,9,0,-1,19,3,2,-1,0,5,0,0,0,0,1,1,-1,6,1,46,8,1199,1,0,PEUGEOT 208,2,E01028318,0,3
2024461478590,2024,461478590,2,9,0,-1,19,3,7,-1,0,1,0,0,0,0,1,1,-1,6,1,21,5,1200,1,3,PEUGEOT 208,10,E01024325,0,1
2024201475942,2024,201475942,2,9,0,-1,19,6,2,-1,0,1,0,0,0,0,1,1,-1,6,2,46,8,1498,2,6,PEUGEOT 208,6,E01009869,0,2
2024141458058,2024,141458058,2,9,0,-1,9,2,7,-1,0,1,0,0,0,0,4,1,-1,9,2,45,7,1200,1,5,PEUGEOT 208,7,E01011299,0,4
2024031472848,2024,031472848,1,9,0,-1,19,8,3,-1,0,2,0,0,0,0,1,1,-1,6,2,64,9,1598,1,11,PEUGEOT 208,5,E01019338,0,1
2024201451096,2024,201451096,4,9,0,-1,2,0,0,-1,9,0,0,0,0,0,2,1,-1,6,-1,-1,-1,1200,1,10,PEUGEOT 208,-1,-1,0,-1
2024031450497,2024,031450497,1,9,0,-1,19,7,3,-1,0,0,0,0,0,0,1,1,-1,2,2,18,4,1200,1,10,PEUGEOT 208,4,E01019318,0,3
2024501514537,2024,501514537,2,9,0,-1,19,1,5,-1,0,0,0,0,0,0,1,1,-1,9,1,26,6,1200,1,3,PEUGEOT 208,3,E01018761,0,1
2024522402435,2024,522402435,1,9,0,2,2,0,0,0,0,0,0,0,0,0,2,1,6,6,2,19,4,1200,1,8,PEUGEOT 208,4,E01014946,0,2
2024471448981,2024,471448981,3,9,0,-1,19,4,8,-1,0,0,0,0,0,0,3,1,-1,2,1,41,7,1200,1,11,PEUGEOT 208,8,E01021196,0,3
2024122400328,2024,122400328,1,9,0,3,3,4,8,0,0,0,0,0,0,0,2,1,6,6,2,22,5,1200,1,9,PEUGEOT 208,3,E01033067,0,1
2024201514384,2024,201514384,2,9,0,-1,19,1,5,-1,0,8,0,0,0,0,1,1,-1,1,2,26,6,1498,2,3,PEUGEOT 208,2,E01010564,0,1
2024211458143,2024,211458143,2,9,0,-1,19,5,1,-1,0,1,0,0,0,0,2,1,-1,6,2,32,6,1200,1,7,PEUGEOT 208,6,E01029524,0,1
2024501426728,2024,501426728,2,9,0,-1,19,4,8,-1,0,0,0,0,0,0,1,1,-1,1,2,46,8,1200,1,2,PEUGEOT 208,5,E01018812,0,1
2024161480770,2024,161480770,1,9,0,-1,5,7,3,-1,0,0,0,0,0,0,1,1,-1,9,2,57,9,1199,1,5,PEUGEOT 208,-1,-1,0,-1
2024340NN2852,2024,340NN2852,2,9,0,-1,19,7,3,-1,0,8,0,0,0,0,1,1,-1,2,2,27,6,1199,1,5,PEUGEOT 208,3,E01027038,0,2
2024010502317,2024,010502317,1,9,0,16,19,5,1,0,0,4,0,0,0,0,1,1,2,2,1,66,10,1200,1,8,PEUGEOT 208,3,E01001089,0,1
2024461527411,2024,461527411,1,9,0,-1,19,1,6,-1,0,3,0,0,7,7,1,1,-1,9,1,53,8,1199,1,0,PEUGEOT 208,1,E01024609,0,2
2024010544780,2024,010544780,2,9,9,99,99,9,9,99,99,9,9,99,9,99,9,9,6,6,3,-1,-1,1199,1,1,PEUGEOT 208,-1,-1,0,-1
2024340WN6892,2024,340WN6892,1,9,0,-1,19,6,2,-1,0,0,0,11,0,0,1,1,-1,9,2,45,7,1200,1,5,PEUGEOT 208,2,E01032978,0,2
2024311459103,2024,311459103,2,9,0,-1,19,5,1,-1,0,4,0,0,0,0,2,1,-1,9,2,31,6,1200,1,7,PEUGEOT 208,4,E01028335,0,1
2024010499204,2024,010499204,2,9,0,99,99,9,9,99,99,9,9,99,9,99,1,9,6,6,2,-1,-1,1199,1,1,PEUGEOT 208,1,E01001885,0,2
2024501535184,2024,501535184,2,9,0,-1,19,7,3,-1,0,2,0,0,0,0,1,1,-1,6,2,26,6,1200,1,4,PEUGEOT 208,4,E01003136,0,5
2024131439597,2024,131439597,1,9,0,-1,19,7,3,-1,0,1,0,0,0,0,1,1,-1,9,2,60,9,1200,1,5,PEUGEOT 208,7,E01011828,0,1
2024131405030,2024,131405030,2,9,0,-1,19,3,7,-1,0,0,0,0,0,0,2,1,-1,6,2,35,6,1000,1,9,PEUGEOT 208,2,E01011781,0,2
2024061534437,2024,061534437,1,9,0,-1,9,8,5,-1,0,5,0,0,0,0,1,1,-1,9,1,38,7,1200,1,7,PEUGEOT 208,4,E01033281,0,3
2024302400914,2024,302400914,1,9,0,16,19,1,4,0,0,3,0,0,0,0,1,1,6,6,1,38,7,1200,1,9,PEUGEOT 208,6,E01013507,0,1
2024131506243,2024,131506243,1,9,0,-1,19,3,7,-1,0,0,0,0,0,0,1,1,-1,6,1,18,4,1200,1,11,PEUGEOT 208,7,E01010905,0,2
2024231396766,2024,231396766,2,9,0,-1,19,2,6,-1,0,8,0,0,0,0,1,9,-1,9,2,70,10,1398,2,10,PEUGEOT 208,10,E01032895,0,1
2024622400331,2024,622400331,2,9,0,10,10,2,7,0,0,0,0,0,0,0,2,1,6,6,2,52,8,-1,3,1,PEUGEOT 208,8,W01000771,0,1
2024201488625,2024,201488625,1,9,0,-1,5,3,7,-1,0,2,0,0,0,0,3,9,-1,6,1,25,5,1200,1,11,PEUGEOT 208,-1,-1,0,-1
2024501519322,2024,501519322,1,9,0,-1,19,2,6,-1,0,8,0,0,0,0,1,1,-1,2,2,53,8,1199,1,1,PEUGEOT 208,4,E01018815,0,2
2024201466699,2024,201466699,2,9,0,-1,19,1,4,-1,0,8,1,0,0,0,4,2,-1,6,2,25,5,1200,1,6,PEUGEOT 208,1,E01034942,0,3
2024361450299,2024,361450299,2,9,0,-1,10,3,7,-1,0,0,0,0,0,0,3,1,-1,1,2,49,8,1200,1,11,PEUGEOT 208,10,E01026303,0,4
2024522403015,2024,522403015,1,9,0,18,19,3,8,0,0,1,0,0,1,10,1,1,6,6,1,26,6,1397,1,12,PEUGEOT 208,7,E01014858,0,2
2024471492362,2024,471492362,1,9,0,-1,19,8,4,-1,0,3,0,0,1,2,1,1,-1,6,2,60,9,1199,1,1,PEUGEOT 208,4,E01031443,0,1
2024531490511,2024,531490511,3,9,0,-1,19,3,7,-1,0,1,0,0,0,0,1,9,-1,6,2,43,7,1199,1,5,PEUGEOT 208,6,E01014414,0,4
2024631510973,2024,631510973,2,9,0,-1,19,2,6,-1,0,0,0,0,1,10,4,1,-1,1,1,32,6,1200,1,9,PEUGEOT 208,6,W01000674,0,4
2024010543677,2024,010543677,1,9,0,18,19,2,6,0,0,8,0,0,0,0,3,1,6,6,2,49,8,1598,1,11,PEUGEOT 208,6,E01001184,0,1
2024061527549,2024,061527549,2,9,0,-1,19,4,8,-1,0,1,0,0,0,0,4,1,-1,6,2,28,6,1199,1,2,PEUGEOT 208,5,E01018648,0,3
2024231451958,2024,231451958,6,9,0,-1,2,0,0,-1,0,0,0,0,0,0,3,9,-1,6,1,38,7,1200,1,7,PEUGEOT 208,6,E01031061,0,1
2024010510839,2024,010510839,1,9,0,18,19,3,7,0,0,0,0,0,0,0,1,1,6,6,2,86,11,1200,1,5,PEUGEOT 208,7,E01000572,0,1
2024302400869,2024,302400869,1,9,0,9,9,3,1,0,0,8,0,0,0,0,3,1,6,6,1,46,8,1200,1,8,PEUGEOT 208,1,E01013566,0,1
2024351515270,2024,351515270,2,9,0,-1,19,8,4,-1,0,2,0,0,0,0,1,1,-1,6,1,72,10,1199,1,1,PEUGEOT 208,6,E01034438,0,1
2024201422162,2024,201422162,1,9,0,-1,5,1,5,-1,2,0,0,0,0,0,1,1,-1,6,3,-1,-1,1200,1,8,PEUGEOT 208,-1,-1,0,-1
2024340WN2402,2024,340WN2402,2,9,0,-1,19,7,3,-1,0,0,0,0,0,0,2,1,-1,2,2,32,6,1560,2,10,PEUGEOT 208,6,E01027079,0,4
2024041508763,2024,041508763,1,9,0,-1,9,1,5,-1,0,1,0,7,0,0,1,1,-1,9,1,18,4,1200,1,10,PEUGEOT 208,2,E01007849,0,4
2024451432753,2024,451432753,4,9,0,-1,2,0,0,-1,0,0,0,0,0,0,3,1,-1,6,-1,-1,-1,-1,3,2,PEUGEOT 208,-1,-1,0,-1
2024622400285,2024,622400285,1,9,0,18,19,2,6,0,0,0,0,0,0,0,1,1,1,1,1,47,8,1398,2,11,PEUGEOT 208,1,W01001740,0,2
2024320508882,2024,320508882,1,9,0,-1,-1,6,2,0,0,3,0,0,0,0,1,1,-1,-1,1,20,4,1199,1,2,PEUGEOT 208,9,E01026229,0,1
2024041448195,2024,041448195,2,9,0,-1,4,3,7,-1,0,0,0,0,0,0,2,1,-1,9,1,32,6,1560,2,7,PEUGEOT 208,1,E01024895,0,1
2024231508487,2024,231508487,1,9,0,-1,19,8,4,-1,0,0,1,0,1,0,3,1,-1,9,1,21,5,1598,1,10,PEUGEOT 208,7,E01031204,0,2
2024501469599,2024,501469599,1,9,0,-1,19,3,6,-1,0,0,0,0,0,0,1,9,-1,6,1,66,10,1200,1,3,PEUGEOT 208,5,E01020050,0,4
2024161439397,2024,161439397,1,9,0,-1,5,5,3,-1,0,6,0,0,7,0,3,1,-1,9,2,68,10,1398,2,12,PEUGEOT 208,4,E01012825,0,1
2024161424067,2024,161424067,2,9,0,-1,19,5,1,-1,0,1,0,0,0,0,1,1,-1,9,1,23,5,1200,1,7,PEUGEOT 208,1,E01013296,0,1
2024522402311,2024,522402311,2,9,0,18,19,6,2,0,0,2,0,0,0,0,3,1,6,6,2,66,10,1199,1,2,PEUGEOT 208,8,E01014972,0,1
2024052400855,2024,052400855,1,9,0,9,9,3,1,0,0,6,0,0,0,0,1,1,2,2,1,40,7,1398,2,11,PEUGEOT 208,7,E01006856,0,2
2024311513561,2024,311513561,1,9,0,-1,5,2,4,-1,0,6,0,0,0,0,1,1,-1,6,2,-1,-1,1200,1,3,PEUGEOT 208,-1,-1,0,-1
2024041404572,2024,041404572,2,9,0,-1,19,6,8,-1,0,1,0,0,0,0,3,1,-1,6,2,28,6,1199,1,2,PEUGEOT 208,1,E01025084,0,3
2024430296877,2024,430296877,1,8,0,2,2,0,0,5,5,0,0,0,0,0,4,1,1,1,1,32,6,1398,2,11,PEUGEOT 208,-1,-1,0,-1
2024522401713,2024,522401713,2,9,0,18,19,3,7,0,0,0,0,0,0,0,1,1,6,6,2,78,11,1200,1,7,PEUGEOT 208,8,E01014938,0,2
2024451420343,2024,451420343,1,9,0,-1,19,1,3,-1,0,4,0,0,0,0,3,1,-1,9,1,18,4,1199,1,2,PEUGEOT 208,6,E01030399,0,1
2024401463114,2024,401463114,2,9,0,-1,3,6,1,-1,0,1,0,0,0,0,1,1,-1,2,2,39,7,1200,1,9,PEUGEOT 208,3,E01017568,0,1
2024421486039,2024,421486039,2,9,0,-1,4,3,7,-1,0,0,0,0,0,0,2,1,-1,9,2,36,7,1200,1,7,PEUGEOT 208,10,E01021958,0,1
2024010535937,2024,010535937,2,9,0,5,5,5,1,0,0,1,0,4,0,0,3,1,6,6,2,80,11,-1,3,4,PEUGEOT 208,5,E01003863,0,1
2024010518205,2024,010518205,2,9,0,99,99,9,9,99,99,9,9,99,9,99,1,9,6,6,3,-1,-1,1000,1,11,PEUGEOT 208,-1,-1,0,-1
2024440305007,2024,440305007,1,9,0,4,4,4,8,0,0,1,0,0,0,0,2,1,6,6,2,46,8,1200,1,8,PEUGEOT 208,-1,-1,0,-1
2024010507099,2024,010507099,1,9,0,4,4,7,3,0,0,1,0,0,0,0,1,2,2,2,2,34,6,1200,1,7,PEUGEOT 208,4,E01003169,0,1
2024421414561,2024,421414561,1,9,0,-1,19,-1,-1,-1,0,0,0,0,0,0,4,1,-1,6,2,25,5,1200,1,3,PEUGEOT 208,1,E01021500,0,1
2024622400562,2024,622400562,1,9,0,17,19,5,1,0,0,0,0,0,1,11,1,1,6,6,1,33,6,1199,1,0,PEUGEOT 208,1,W01000962,0,1
2024161480412,2024,161480412,1,9,0,-1,19,1,5,-1,0,0,0,0,0,0,0,9,-1,6,2,44,7,1398,2,10,PEUGEOT 208,-1,-1,0,-1
2024991410816,2024,991410816,1,9,0,-1,19,1,5,-1,0,0,2,4,7,0,1,1,-1,6,2,30,6,1200,1,11,PEUGEOT 208,5,-1,0,2
2024131511089,2024,131511089,1,9,0,-1,9,6,3,-1,0,2,0,0,0,0,1,1,-1,9,2,17,4,1398,2,11,PEUGEOT 208,5,E01011228,0,1
2024302500061,2024,302500061,1,9,0,-1,9,1,7,-1,0,8,0,0,0,0,1,1,-1,6,2,53,8,-1,3,1,PEUGEOT 208,3,E01019404,0,3
2024320010167,2024,320010167,2,9,0,-1,-1,8,4,0,0,1,0,0,0,0,2,1,6,6,2,60,9,-1,3,2,PEUGEOT 208,10,E01028328,0,4
2024010545356,2024,010545356,2,9,0,3,3,1,5,0,0,0,0,0,0,0,2,1,6,6,1,30,6,1199,1,1,PEUGEOT 208,4,E01004336,0,1
2024531415546,2024,531415546,1,9,0,-1,19,6,1,-1,0,0,0,6,0,0,1,1,-1,9,2,27,6,1199,1,1,PEUGEOT 208,4,E01022358,0,2
2024542458724,2024,542458724,2,9,0,18,19,1,5,0,0,3,0,0,0,0,1,1,1,1,2,52,8,1200,1,9,PEUGEOT 208,9,E01020450,0,3
2024010545207,2024,010545207,2,9,0,18,19,1,5,0,0,8,0,0,0,0,1,1,6,6,2,46,8,-1,3,0,PEUGEOT 208,9,E01000762,0,2
2024430517306,2024,430517306,1,9,0,3,3,8,4,0,0,2,0,0,0,0,2,1,2,2,2,37,7,1199,1,5,PEUGEOT 208,4,E01017708,0,1
2024141406197,2024,141406197,1,9,0,-1,19,1,5,-1,0,0,0,0,0,0,3,1,-1,9,2,34,6,1560,2,8,PEUGEOT 208,2,E01007789,0,1
2024211426527,2024,211426527,2,9,0,-1,19,4,8,-1,0,1,0,0,0,0,1,1,-1,6,1,53,8,1398,2,11,PEUGEOT 208,8,E01018391,0,3
2024010528112,2024,010528112,2,9,9,99,99,9,9,99,99,0,9,99,9,99,9,9,6,6,3,-1,-1,1200,1,7,PEUGEOT 208,-1,-1,0,-1
2024332400917,2024,332400917,1,9,0,-1,19,7,3,-1,0,8,0,0,0,0,1,1,-1,9,1,20,4,1200,1,7,PEUGEOT 208,3,E01025950,0,3
2024531485582,2024,531485582,2,9,0,-1,19,7,5,-1,0,8,0,0,0,0,1,1,-1,9,2,20,4,1397,1,11,PEUGEOT 208,9,E01022100,0,1
2024101497004,2024,101497004,1,9,0,-1,19,5,1,-1,0,1,0,0,0,0,1,1,-1,9,2,59,9,1200,1,11,PEUGEOT 208,5,E01029425,0,5
2024622400075,2024,622400075,2,9,0,18,19,5,2,0,0,8,0,0,0,0,4,1,2,2,2,20,4,1200,1,11,PEUGEOT 208,6,W01001366,0,3
2024451497210,2024,451497210,2,9,0,-1,19,7,3,-1,0,1,0,0,0,0,1,1,-1,9,2,31,6,1200,1,6,PEUGEOT 208,10,E01002924,0,2
2024011486295,2024,011486295,2,9,0,-1,19,6,2,-1,0,0,0,0,0,0,3,9,-1,6,1,58,9,1200,1,3,PEUGEOT 208,9,E01000349,0,1
2024451460175,2024,451460175,1,9,0,-1,5,1,3,-1,99,1,0,0,0,0,3,1,-1,7,2,19,4,1200,1,10,PEUGEOT 208,9,E01030893,0,3
2024041518360,2024,041518360,2,9,0,-1,19,3,7,-1,0,4,0,0,0,0,1,1,-1,9,1,27,6,1200,1,6,PEUGEOT 208,1,E01025582,0,2
2024522401401,2024,522401401,1,9,0,3,3,2,6,0,0,1,0,0,0,0,2,1,6,6,1,65,9,1200,1,11,PEUGEOT 208,3,E01014502,0,1
2024061427371,2024,061427371,1,9,0,-1,19,3,7,-1,0,0,0,0,0,0,1,1,-1,6,1,-1,-1,1560,2,11,PEUGEOT 208,-1,-1,0,-1
2024471516905,2024,471516905,2,9,0,-1,-1,-1,-1,-1,0,5,0,0,0,0,4,1,-1,6,2,21,5,1500,2,3,PEUGEOT 208,6,E01031407,0,1
2024361409493,2024,361409493,2,9,0,-1,19,3,7,-1,0,0,0,0,0,0,2,9,-1,9,2,24,5,1200,1,8,PEUGEOT 208,1,E01008884,0,5
2024041485933,2024,041485933,2,9,0,-1,19,1,5,-1,0,0,0,0,0,0,2,2,-1,9,1,27,6,1200,1,7,PEUGEOT 208,1,E01012748,0,4
2024061401136,2024,061401136,1,9,0,-1,12,3,7,-1,0,1,0,0,0,0,3,9,-1,6,3,-1,-1,1199,1,1,PEUGEOT 208,-1,-1,0,-1
2024461393694,2024,461393694,4,9,0,-1,4,4,8,-1,0,0,0,0,0,0,3,1,-1,9,1,48,8,1200,1,5,PEUGEOT 208,3,E01024166,0,2
2024552400405,2024,552400405,1,9,0,9,9,7,5,0,0,8,0,0,0,0,1,1,6,6,1,77,11,1200,1,10,PEUGEOT 208,4,E01032645,0,3
2024440362419,2024,440362419,3,9,0,4,4,2,6,0,0,0,0,0,0,0,2,1,6,6,2,63,9,1000,1,8,PEUGEOT 208,8,E01032843,0,2
2024041442358,2024,041442358,1,9,0,-1,-1,1,5,-1,-1,4,0,0,0,0,3,1,-1,-1,2,93,11,1200,1,9,PEUGEOT 208,7,E01005014,0,1
2024631454244,2024,631454244,2,9,0,-1,4,6,2,-1,0,2,0,0,0,0,2,1,-1,9,2,27,6,1200,1,11,PEUGEOT 208,9,W01000609,0,3
2024231409758,2024,231409758,1,9,0,-1,19,6,2,-1,0,4,0,0,0,0,1,9,-1,9,2,40,7,1200,1,7,PEUGEOT 208,9,E01031104,0,1
2024440410374,2024,440410374,1,9,0,7,7,2,6,0,0,6,0,0,0,0,1,1,6,6,2,61,9,1199,1,8,PEUGEOT 208,5,E01023151,0,1
2024332400291,2024,332400291,4,9,0,-1,19,6,2,-1,0,0,0,0,0,0,1,1,-1,6,2,60,9,1200,1,9,PEUGEOT 208,7,E01025765,0,1
2024501507721,2024,501507721,2,9,0,-1,9,1,7,-1,0,8,0,0,0,0,3,2,-1,6,2,64,9,1199,1,1,PEUGEOT 208,6,E01018481,0,5
2024201472292,2024,201472292,2,9,0,-1,8,2,4,-1,0,1,0,0,0,0,2,9,-1,2,2,18,4,1200,1,10,PEUGEOT 208,6,E01010078,0,1
2024361523090,2024,361523090,1,9,0,-1,5,4,6,-1,0,0,0,0,0,0,1,1,-1,2,2,31,6,1398,2,11,PEUGEOT 208,-1,-1,0,-1
2024010543798,2024,010543798,3,9,0,4,4,1,5,0,0,1,0,0,0,0,1,1,6,6,1,45,7,1200,1,11,PEUGEOT 208,7,E01002265,0,1
2024201509065,2024,201509065,1,9,0,-1,5,8,6,-1,0,6,0,0,0,0,1,1,-1,2,2,26,6,1560,2,8,PEUGEOT 208,2,E01009022,0,1
2024991528277,2024,991528277,2,9,0,-1,2,5,1,-1,0,0,0,4,0,0,2,1,-1,6,-1,-1,-1,1199,1,0,PEUGEOT 208,-1,-1,0,-1
2024501527238,2024,501527238,2,9,0,-1,19,6,2,-1,0,0,0,0,1,0,1,1,-1,9,1,19,4,1398,2,10,PEUGEOT 208,9,E01018822,0,2
2024111475993,2024,111475993,2,9,0,-1,19,2,6,-1,0,0,0,0,0,0,1,1,-1,6,2,43,7,1200,1,11,PEUGEOT 208,3,E01020791,0,1
2024010510177,2024,010510177,1,9,0,99,99,9,9,99,99,9,9,99,9,99,9,9,6,6,1,61,9,1199,1,1,PEUGEOT 208,4,E01002016,0,2
2024070512324,2024,070512324,1,9,0,18,19,6,2,0,0,0,0,0,0,0,1,1,6,6,2,58,9,1560,2,9,PEUGEOT 208,10,E01018334,0,1
2024211471232,2024,211471232,1,9,0,-1,5,6,6,-1,0,0,0,0,0,0,2,1,-1,9,2,18,4,1000,1,10,PEUGEOT 208,8,E01028875,0,1
2024061492432,2024,061492432,1,9,0,-1,6,2,6,-1,0,8,0,0,0,0,1,1,-1,9,1,60,9,1200,1,3,PEUGEOT 208,1,E01005755,0,1
202417L406024,2024,17L406024,1,9,0,-1,9,3,1,-1,0,8,0,0,0,0,1,1,-1,9,1,76,11,1200,1,3,PEUGEOT 208,3,E01012155,0,1
2024430498379,2024,430498379,1,9,0,18,19,3,7,0,0,1,0,0,0,0,1,2,6,6,1,24,5,1200,1,12,PEUGEOT 208,-1,-1,0,-1
2024991532012,2024,991532012,1,9,0,-1,19,5,8,-1,0,8,0,0,0,0,4,1,-1,9,1,41,7,1398,2,11,PEUGEOT 208,1,-1,0,1
2024991488241,2024,991488241,1,9,0,-1,12,7,3,-1,0,0,1,0,2,6,1,1,-1,9,1,21,5,1398,2,12,PEUGEOT 208,2,-1,0,2
2024131519649,2024,131519649,2,9,0,-1,2,1,1,-1,9,0,0,0,0,0,2,1,-1,6,-1,-1,-1,1560,2,9,PEUGEOT 208,-1,-1,0,-1
2024031503431,2024,031503431,1,9,0,-1,19,5,1,-1,0,0,0,0,0,0,4,1,-1,6,2,52,8,1199,1,2,PEUGEOT 208,9,-1,0,5
2024161501894,2024,161501894,4,9,0,-1,2,0,0,-1,0,1,0,0,0,0,2,9,-1,6,-1,-1,-1,1200,1,10,PEUGEOT 208,-1,-1,0,-1
2024332400836,2024,332400836,1,9,0,-1,19,5,1,-1,0,2,1,0,0,0,1,1,-1,2,1,46,8,1398,2,9,PEUGEOT 208,1,E01013601,0,1
2024991461524,2024,991461524,1,9,0,-1,19,8,4,-1,0,2,0,0,0,0,4,1,-1,6,2,19,4,1199,1,1,PEUGEOT 208,3,-1,0,1
2024991520586,2024,991520586,1,9,0,-1,6,3,7,-1,0,8,0,0,0,0,1,1,-1,9,1,22,5,1200,1,12,PEUGEOT 208,7,-1,0,1
2024991472579,2024,991472579,2,9,0,-1,19,7,7,-1,0,0,0,0,0,0,2,1,-1,9,1,30,6,1199,1,1,PEUGEOT 208,2,-1,0,3
2024361532782,2024,361532782,1,9,0,-1,19,3,4,-1,0,0,0,0,0,0,1,1,-1,6,3,-1,-1,1200,1,6,PEUGEOT 208,-1,-1,0,-1
2024461517368,2024,461517368,2,9,0,-1,19,5,3,-1,0,0,0,0,0,0,1,1,-1,6,1,75,10,-1,3,1,PEUGEOT 208,3,E01024059,0,2
2024131463922,2024,131463922,1,9,0,-1,9,5,7,-1,0,8,0,0,0,0,4,1,-1,1,2,34,6,1200,1,9,PEUGEOT 208,1,E01011746,0,2
2024052401070,2024,052401070,1,9,0,1,1,3,7,0,0,1,0,0,0,0,2,1,6,6,1,67,10,1200,1,2,PEUGEOT 208,1,E01007125,0,1
2024061490195,2024,061490195,1,9,0,-1,4,1,5,-1,0,2,0,0,0,0,1,1,-1,9,2,42,7,1200,1,9,PEUGEOT 208,3,E01005440,0,1
2024101401105,2024,101401105,3,9,5,-1,7,7,3,-1,-1,0,0,0,1,0,1,1,-1,2,1,43,7,1200,1,10,PEUGEOT 208,5,E01008879,0,1
2024010526459,2024,010526459,2,9,0,2,2,0,0,0,0,0,0,0,0,0,1,1,6,6,3,-1,-1,1200,1,8,PEUGEOT 208,-1,-1,0,-1
2024201488878,2024,201488878,2,9,0,-1,19,8,4,-1,0,0,0,0,0,0,1,9,-1,9,2,39,7,1199,8,0,PEUGEOT 208,6,E01009034,0,1
2024430435816,2024,430435816,2,9,0,18,19,8,4,0,0,8,0,0,0,0,1,1,6,6,2,24,5,1200,1,11,PEUGEOT 208,1,E01016420,0,2
2024201451587,2024,201451587,1,9,0,-1,11,8,4,-1,0,0,0,0,0,0,4,9,-1,2,2,62,9,1560,2,9,PEUGEOT 208,9,E01009787,0,1
2024522402166,2024,522402166,3,9,0,2,2,0,0,0,0,1,0,0,0,0,4,1,6,6,3,-1,-1,1200,1,3,PEUGEOT 208,-1,-1,0,-1
2024501484789,2024,501484789,2,9,0,-1,19,6,2,-1,0,1,0,0,0,0,1,1,-1,6,1,77,11,1200,1,5,PEUGEOT 208,3,E01015166,0,2