collision_index,collision_year,collision_ref_no,vehicle_reference,vehicle_type,towing_and_articulation,vehicle_manoeuvre_historic,vehicle_manoeuvre,vehicle_direction_from,vehicle_direction_to,vehicle_location_restricted_lane_historic,vehicle_location_restricted_lane,junction_location,skidding_and_overturning,hit_object_in_carriageway,vehicle_leaving_carriageway,hit_object_off_carriageway,first_point_of_impact,vehicle_left_hand_drive,journey_purpose_of_driver_historic,journey_purpose_of_driver,sex_of_driver,age_of_driver,age_band_of_driver,engine_capacity_cc,propulsion_code,age_of_vehicle,generic_make_model,driver_imd_decile,lsoa_of_driver,escooter_flag,driver_distance_banding
2024371463387,2024,371463387,1,3,0,-1,4,8,4,-1,0,1,0,0,0,0,1,1,-1,2,2,30,6,125,1,0,BENELLI BN,-1,-1,0,-1
2024421499567,2024,421499567,2,3,0,-1,19,1,5,-1,0,1,0,0,0,0,1,1,-1,6,1,27,6,125,1,1,BENELLI BN,4,E01021834,0,1
2024430555215,2024,430555215,1,3,0,18,19,1,5,0,0,0,0,0,0,0,3,1,6,6,1,18,4,125,1,0,BENELLI BN,2,E01028514,0,1
2024461458399,2024,461458399,1,3,0,-1,19,6,3,-1,0,1,0,0,0,0,1,1,-1,6,2,24,5,125,1,6,BENELLI BN,6,E01022086,0,4
2024161444924,2024,161444924,1,3,0,-1,19,1,6,-1,0,1,0,0,1,0,3,1,-1,6,1,20,4,125,1,1,BENELLI BN,6,E01013048,0,4
2024041452699,2024,041452699,1,3,0,-1,19,1,5,-1,0,0,0,0,0,0,1,1,-1,2,1,17,4,125,1,2,BENELLI BN,10,E01025440,0,1
2024461449625,2024,461449625,1,3,0,-1,19,7,3,-1,0,0,0,0,0,0,1,1,-1,2,1,26,6,125,1,1,BENELLI BN,3,E01024583,0,2
2024440332485,2024,440332485,2,3,0,18,19,7,3,0,0,1,0,0,0,0,1,1,6,6,1,24,5,125,1,3,BENELLI BN,1,E01017039,0,1
2024440250930,2024,440250930,1,3,0,18,19,7,3,0,0,1,1,0,0,0,1,1,6,6,1,20,4,125,1,1,BENELLI BN,5,E01017043,0,1
2024430489219,2024,430489219,2,2,0,18,19,2,6,0,0,1,0,0,0,0,1,1,6,6,1,20,4,125,1,2,BENELLI BN,-1,-1,0,-1
2024421530306,2024,421530306,1,3,0,-1,19,3,8,-1,0,1,1,0,0,0,1,1,-1,2,2,27,6,125,1,0,BENELLI BN,10,E01021590,0,1
2024141483128,2024,141483128,1,3,0,-1,19,8,4,-1,0,0,0,0,0,0,1,1,-1,2,1,26,6,125,1,0,BENELLI BN,2,E01008056,0,3
2024471442009,2024,471442009,2,3,0,-1,19,7,3,-1,0,1,0,0,0,0,1,1,-1,6,1,18,4,125,1,4,BENELLI BN,5,E01021133,0,3
2024302401040,2024,302401040,1,3,0,13,13,2,6,0,0,0,0,0,7,0,1,1,6,6,1,24,5,125,1,1,BENELLI BN,6,E01013491,0,1
2024010507218,2024,010507218,1,3,0,99,99,9,9,99,99,9,9,99,9,99,9,1,6,6,1,22,5,125,1,3,BENELLI BN,3,E01001203,0,2
2024371412533,2024,371412533,1,3,0,-1,19,5,1,-1,0,0,0,0,0,0,1,1,-1,6,1,17,4,125,1,3,BENELLI BN,3,E01030276,0,1
2024471506733,2024,471506733,1,3,0,-1,4,2,6,-1,0,1,0,0,0,0,1,1,-1,6,1,17,4,125,1,2,BENELLI BN,4,E01031522,0,3
2024421394082,2024,421394082,1,4,0,-1,19,1,5,-1,0,1,0,0,1,0,1,1,-1,9,1,19,4,125,1,2,BENELLI BN,8,E01021684,0,1
2024131448303,2024,131448303,1,3,0,-1,19,5,1,-1,0,8,2,0,0,0,3,1,-1,2,2,30,6,125,1,3,BENELLI BN,5,E01011819,0,2
2024041494820,2024,041494820,3,3,0,-1,3,1,5,-1,0,0,0,0,0,0,1,1,-1,6,1,24,5,125,1,0,BENELLI BN,5,E01024958,0,1
2024031447879,2024,031447879,1,3,0,-1,19,7,3,-1,0,0,2,0,7,0,1,1,-1,9,1,18,4,125,1,2,BENELLI BN,4,E01019147,0,4
2024010550403,2024,010550403,1,4,0,99,99,9,9,99,99,9,9,99,9,99,9,1,6,6,1,21,5,125,1,3,BENELLI BN,5,E01000590,0,1
2024141428679,2024,141428679,1,3,0,-1,13,1,5,-1,0,1,0,0,0,0,1,1,-1,9,2,29,6,125,1,1,BENELLI BN,1,E01019488,0,4
2024010509638,2024,010509638,3,4,0,13,13,1,5,0,0,8,0,4,0,0,1,1,2,2,3,26,6,125,1,3,BENELLI BN,8,E01002150,0,3
2024010539132,2024,010539132,2,3,0,13,13,6,2,0,0,1,1,10,0,0,4,1,6,6,1,27,6,125,1,4,BENELLI BN,8,E01033028,0,3
2024052401258,2024,052401258,2,3,0,18,19,5,1,0,0,1,1,10,1,10,0,1,6,6,1,19,4,125,1,1,BENELLI BN,1,E01006872,0,1
2024302401715,2024,302401715,1,2,0,17,19,2,7,0,0,2,0,0,0,0,4,1,6,6,2,21,5,125,1,3,BENELLI BN,4,E01019807,0,1
2024061459575,2024,061459575,1,4,0,-1,19,5,1,-1,0,0,0,0,0,0,1,1,-1,9,1,19,4,125,1,4,BENELLI BN,6,E01004963,0,1
2024221495459,2024,221495459,1,4,0,-1,19,1,4,-1,0,0,1,0,1,0,1,1,-1,1,1,42,7,125,1,3,BENELLI BN,5,E01014014,0,2
2024061503113,2024,061503113,2,3,0,-1,19,3,7,-1,0,1,0,0,0,0,4,1,-1,9,1,18,4,125,1,3,BENELLI BN,-1,-1,0,-1
2024471448678,2024,471448678,1,3,0,-1,19,-1,-1,-1,99,9,0,0,0,0,4,1,-1,2,2,20,4,125,1,1,BENELLI BN,5,E01034301,0,1
2024401443939,2024,401443939,2,3,0,-1,8,4,7,-1,0,4,0,0,0,0,2,1,-1,2,2,23,5,125,1,0,BENELLI BN,4,E01017581,0,4
2024401486616,2024,401486616,2,3,0,-1,14,6,2,-1,0,8,0,0,0,0,1,1,-1,6,1,25,5,125,1,4,BENELLI BN,9,E01033810,0,1
2024221490591,2024,221490591,2,3,0,-1,13,6,2,-1,0,8,0,0,0,0,1,1,-1,6,1,19,4,125,1,0,BENELLI BN,4,E01009734,0,4
2024161505676,2024,161505676,1,3,0,-1,19,1,5,-1,0,0,0,0,0,0,1,1,-1,9,1,18,4,125,1,2,BENELLI BN,4,E01013051,0,4
2024421432527,2024,421432527,1,3,0,-1,4,4,8,-1,0,0,0,4,0,0,1,1,-1,6,1,22,5,125,1,0,BENELLI BN,3,E01021726,0,1
2024052400620,2024,052400620,2,4,0,18,19,4,8,0,0,1,0,0,0,0,1,1,6,6,2,19,4,125,1,1,BENELLI BN,2,E01006253,0,3
2024122400788,2024,122400788,1,3,0,18,19,2,6,0,0,0,0,0,0,0,1,1,6,6,1,17,4,125,1,0,BENELLI BN,6,E01013441,0,4
2024141440873,2024,141440873,2,3,0,-1,15,8,4,-1,0,1,0,0,0,0,3,1,-1,9,1,20,4,125,1,3,BENELLI BN,2,E01007447,0,1
2024320379953,2024,320379953,1,4,0,18,19,6,2,0,0,0,5,0,7,1,1,1,6,6,2,21,5,125,1,1,BENELLI BN,3,E01014341,0,5
202454B354024,2024,54B354024,1,3,0,18,19,8,4,0,0,1,1,0,0,0,1,1,2,2,1,36,7,125,1,1,BENELLI BN,4,E01014448,0,3
2024041428457,2024,041428457,1,3,0,-1,19,8,5,-1,0,0,2,4,0,0,4,1,-1,6,1,25,5,125,1,1,BENELLI BN,3,E01025111,0,4
2024010535383,2024,010535383,2,3,0,13,13,2,6,0,0,1,1,0,0,0,3,1,6,6,1,21,5,125,1,3,BENELLI BN,7,E01000517,0,2
2024052401982,2024,052401982,2,3,0,18,19,7,3,0,0,0,0,0,0,0,3,1,2,2,1,21,5,125,1,0,BENELLI BN,1,E01007291,0,1
2024041445822,2024,041445822,1,3,0,-1,2,0,0,-1,9,2,0,0,0,0,1,1,-1,6,1,25,5,125,1,4,BENELLI BN,4,E01024989,0,2
2024311497253,2024,311497253,2,3,0,-1,3,4,8,-1,0,0,0,0,0,0,2,1,-1,6,2,55,8,125,1,0,BENELLI BN,-1,-1,0,-1
2024411534034,2024,411534034,1,3,0,-1,14,4,8,-1,0,0,0,0,0,0,1,1,-1,7,2,17,4,125,1,0,BENELLI BN,7,E01023963,0,1
2024231426324,2024,231426324,1,3,0,-1,9,6,4,-1,0,8,0,0,0,0,1,1,-1,6,1,17,4,125,1,0,BENELLI BN,1,E01035016,0,1
2024631535541,2024,631535541,1,3,0,-1,19,4,1,-1,0,8,1,0,0,0,0,1,-1,9,1,17,4,125,1,5,BENELLI BN,5,W01000531,0,2
2024440079619,2024,440079619,1,3,0,18,19,6,2,0,0,8,0,0,0,0,4,1,6,6,1,21,5,125,1,0,BENELLI BN,-1,-1,0,-1
2024411495683,2024,411495683,2,3,0,-1,13,8,2,-1,0,1,0,0,0,0,3,1,-1,6,1,22,5,125,1,2,BENELLI BN,2,E01035571,0,1
2024041484817,2024,041484817,1,3,0,-1,9,5,1,-1,0,1,0,0,0,0,1,1,-1,9,1,18,4,125,1,4,BENELLI BN,5,E01012719,0,2
2024302400983,2024,302400983,1,3,0,17,19,4,1,0,0,0,0,0,1,2,1,1,2,2,2,21,5,125,1,3,BENELLI BN,4,E01019807,0,1
2024201526117,2024,201526117,1,3,0,-1,19,5,1,-1,0,8,0,0,0,0,4,1,-1,9,1,20,4,125,1,3,BENELLI BN,2,E01009998,0,1
2024471494919,2024,471494919,1,4,0,-1,19,3,6,-1,0,0,0,10,0,0,3,1,-1,6,1,17,4,125,1,4,BENELLI BN,7,E01021105,0,4
2024361533743,2024,361533743,2,3,0,-1,19,3,7,-1,0,8,0,0,0,0,1,1,-1,9,1,41,7,125,1,2,BENELLI BN,4,E01026474,0,1
2024010514812,2024,010514812,1,3,0,99,99,9,9,99,99,9,9,99,9,99,1,1,2,2,2,23,5,125,1,5,BENELLI BN,4,E01000406,0,3
2024041505305,2024,041505305,2,3,0,-1,19,5,1,-1,0,0,0,0,0,0,1,1,-1,9,1,24,5,125,1,4,BENELLI BN,9,E01025566,0,1
2024320254538,2024,320254538,2,4,0,13,13,5,1,0,0,1,0,0,0,0,1,1,-1,-1,1,30,6,125,1,1,BENELLI BN,3,E01026386,0,2
2024552400876,2024,552400876,2,3,0,18,19,1,5,0,0,8,0,0,0,0,1,1,6,6,1,17,4,125,1,4,BENELLI BN,3,E01015442,0,1
2024461398103,2024,461398103,3,3,0,-1,19,8,4,-1,0,8,0,0,0,0,1,1,-1,6,1,19,4,125,1,5,BENELLI BN,3,E01024591,0,1
2024451454590,2024,451454590,2,3,0,-1,13,3,7,-1,0,0,0,0,0,0,1,1,-1,9,1,18,4,125,1,1,BENELLI BN,7,E01024430,0,2
2024302401709,2024,302401709,1,3,0,18,19,7,4,0,0,8,0,0,0,0,1,1,6,6,1,20,4,125,1,1,BENELLI BN,10,E01019610,0,3
2024141426305,2024,141426305,2,3,0,-1,13,3,7,-1,0,0,0,0,0,0,4,1,-1,9,2,22,5,125,1,1,BENELLI BN,2,E01007385,0,1
2024471397083,2024,471397083,2,3,0,-1,19,5,1,-1,0,2,1,0,0,0,1,1,-1,6,2,43,7,125,1,4,BENELLI BN,7,E01031525,0,2
2024411443665,2024,411443665,1,9,0,-1,19,6,2,-1,0,4,0,0,0,0,1,1,-1,6,1,39,7,2998,8,0,MAKE AND MODEL REDACTED,9,E01035733,0,4
2024501535179,2024,501535179,1,5,0,-1,14,3,7,-1,0,0,2,0,0,0,4,1,-1,9,1,49,8,649,1,0,MAKE AND MODEL REDACTED,9,E01020054,0,4
2024010516159,2024,010516159,1,5,0,14,14,3,7,0,0,1,0,0,0,0,1,1,1,1,1,30,6,649,1,5,MAKE AND MODEL REDACTED,3,E01034218,0,1
2024461447961,2024,461447961,2,5,0,-1,19,3,7,-1,0,8,0,0,0,0,1,1,-1,6,1,23,5,649,1,4,MAKE AND MODEL REDACTED,4,E01024776,0,3
2024440062922,2024,440062922,1,5,0,14,14,4,8,0,0,1,0,0,0,0,1,1,6,6,1,54,8,904,1,23,MAKE AND MODEL REDACTED,3,E01017179,0,3
2024122400601,2024,122400601,1,4,0,18,19,1,5,0,0,0,0,0,2,11,4,1,6,6,1,37,7,249,1,2,MAKE AND MODEL REDACTED,1,E01013279,0,5
2024340NN3752,2024,340NN3752,1,4,0,-1,19,1,5,-1,0,0,1,0,0,0,1,1,-1,9,1,29,6,293,1,0,MAKE AND MODEL REDACTED,8,E01035415,0,1
2024501523955,2024,501523955,1,4,0,-1,19,3,6,-1,0,0,0,0,0,0,3,1,-1,9,2,59,9,350,1,0,MAKE AND MODEL REDACTED,6,E01019026,0,3
2024501448131,2024,501448131,2,4,0,-1,19,8,4,-1,0,0,0,0,0,0,1,1,-1,6,1,28,6,249,1,17,MAKE AND MODEL REDACTED,9,E01015197,0,1
2024111471138,2024,111471138,2,9,0,-1,19,1,5,-1,0,0,1,0,0,0,1,1,-1,9,1,72,10,2199,2,11,HONDA CR-V,1,E01008712,0,4
2024131492645,2024,131492645,1,9,0,-1,19,1,5,-1,0,0,0,0,0,0,1,1,-1,9,1,66,10,1997,1,15,HONDA CR-V,3,E01011762,0,1
2024211503651,2024,211503651,1,9,0,-1,19,8,3,-1,0,0,0,0,0,0,1,1,-1,9,1,25,5,1998,1,19,HONDA CR-V,2,E01010301,0,2
2024010511377,2024,010511377,2,9,0,99,99,9,9,0,0,0,9,99,9,99,2,9,6,6,3,-1,-1,1597,2,10,HONDA CR-V,-1,-1,0,-1
2024010503492,2024,010503492,1,9,0,18,19,3,7,0,0,8,0,0,0,0,1,1,6,6,1,31,6,1998,1,22,HONDA CR-V,3,E01000783,0,1
2024010498749,2024,010498749,2,9,0,2,2,0,0,0,0,2,0,0,0,0,2,1,6,6,3,-1,-1,1997,1,8,HONDA CR-V,-1,-1,0,-1
2024991506628,2024,991506628,2,9,0,-1,19,6,2,-1,0,0,0,0,0,0,1,1,-1,9,1,60,9,1993,8,5,HONDA CR-V,6,-1,0,4
2024421495537,2024,421495537,3,9,0,-1,2,7,7,-1,9,2,0,0,0,0,3,1,-1,6,-1,-1,-1,1597,2,10,HONDA CR-V,-1,-1,0,-1
2024101424357,2024,101424357,2,9,0,-1,19,1,5,-1,0,1,0,0,0,0,4,1,-1,9,2,48,8,1993,8,3,HONDA CR-V,7,E01008458,0,1
2024010514593,2024,010514593,2,9,0,99,99,9,9,99,99,9,9,99,9,99,0,9,6,6,3,-1,-1,1993,8,5,HONDA CR-V,-1,-1,0,-1
2024010524293,2024,010524293,1,9,0,15,15,1,5,0,0,1,0,0,0,0,1,1,6,6,1,63,9,1997,1,7,HONDA CR-V,4,E01000124,0,1
2024531513178,2024,531513178,1,9,0,-1,7,3,7,-1,0,5,0,0,0,0,1,1,-1,9,2,33,6,1998,1,19,HONDA CR-V,6,E01022186,0,2
2024991483875,2024,991483875,3,9,0,-1,2,0,0,-1,0,2,0,0,0,0,2,1,-1,6,-1,-1,-1,1998,1,17,HONDA CR-V,-1,-1,0,-1
2024361436972,2024,361436972,1,9,0,-1,19,7,3,-1,0,0,0,0,1,0,1,1,-1,9,1,87,11,2204,2,19,HONDA CR-V,4,E01033430,0,4
2024302401768,2024,302401768,2,9,0,-1,19,1,6,-1,0,0,0,0,0,0,1,1,-1,9,1,43,7,2199,2,11,HONDA CR-V,6,E01019421,0,3
2024010536391,2024,010536391,2,9,9,99,99,9,9,99,99,6,9,0,0,0,1,9,6,6,2,47,8,1997,1,7,HONDA CR-V,-1,-1,0,-1
2024340WN7042,2024,340WN7042,1,9,0,-1,19,5,1,-1,0,3,0,0,0,0,1,1,-1,9,2,42,7,1997,1,17,HONDA CR-V,2,E01027156,0,1
2024552400397,2024,552400397,1,9,0,9,9,4,2,0,0,5,0,0,0,0,4,1,6,6,2,42,7,1998,1,18,HONDA CR-V,9,E01023227,0,4
2024544123724,2024,544123724,1,9,0,14,14,8,4,0,0,2,0,10,7,0,4,1,6,6,3,-1,-1,2199,2,10,HONDA CR-V,-1,-1,0,-1
2024010533621,2024,010533621,1,9,0,5,5,3,7,9,9,4,1,0,7,10,1,1,2,2,1,60,9,1997,1,15,HONDA CR-V,-1,-1,0,-1
2024122400963,2024,122400963,1,9,0,18,19,5,1,0,0,0,0,0,0,0,2,1,6,6,2,70,10,2204,2,18,HONDA CR-V,5,E01019305,0,5
2024311423380,2024,311423380,1,9,0,-1,19,8,4,-1,1,6,0,0,0,0,3,1,-1,6,1,30,6,1998,1,21,HONDA CR-V,4,E01004760,0,5
2024010527471,2024,010527471,2,9,0,7,7,1,3,0,0,1,0,0,0,0,1,1,6,6,1,35,6,1998,1,17,HONDA CR-V,8,E01000314,0,2
2024421509299,2024,421509299,1,9,0,-1,-1,-1,-1,-1,-1,0,-1,-1,-1,0,-1,9,-1,6,3,-1,-1,2204,2,18,HONDA CR-V,-1,-1,0,-1
2024302401380,2024,302401380,2,9,0,18,19,1,5,0,0,8,0,0,0,0,4,1,1,1,1,59,9,1997,1,15,HONDA CR-V,2,E01019487,0,1
2024544084424,2024,544084424,2,9,0,18,19,3,7,0,0,0,0,0,0,0,1,1,6,6,2,59,9,2199,2,14,HONDA CR-V,4,E01031862,0,3
2024401434238,2024,401434238,1,9,0,-1,1,3,7,-1,0,6,0,0,0,0,2,9,-1,6,3,-1,-1,1973,1,27,HONDA CR-V,-1,-1,0,-1
2024501480149,2024,501480149,2,9,0,-1,19,7,3,-1,0,1,0,0,0,0,1,2,-1,9,2,36,7,1993,8,0,HONDA CR-V,1,E01019020,0,3
2024371436314,2024,371436314,2,9,0,-1,2,0,0,-1,0,0,0,0,0,0,2,1,-1,6,2,71,10,1993,8,5,HONDA CR-V,9,E01029963,0,3
2024010540757,2024,010540757,1,9,0,18,19,5,1,0,0,0,0,0,0,0,2,1,6,6,1,59,9,1997,1,6,HONDA CR-V,9,E01002116,0,2
2024631437218,2024,631437218,2,9,0,-1,19,5,2,-1,0,0,5,0,0,0,1,1,-1,9,1,50,8,2204,2,15,HONDA CR-V,8,W01000445,0,4
2024010529629,2024,010529629,3,9,0,18,19,7,3,0,0,1,0,0,0,0,2,1,6,6,2,55,8,1997,1,8,HONDA CR-V,2,E01000789,0,3
2024522402251,2024,522402251,2,9,0,7,7,6,8,0,0,6,0,0,0,0,3,1,6,6,3,-1,-1,1998,1,18,HONDA CR-V,-1,-1,0,-1
2024531506432,2024,531506432,1,9,0,-1,19,5,1,-1,0,1,0,0,0,0,4,1,-1,6,2,52,8,1993,8,3,HONDA CR-V,5,E01022312,0,1
2024371415270,2024,371415270,1,9,0,-1,13,4,2,-1,0,0,0,0,0,0,1,1,-1,1,1,28,6,1998,1,19,HONDA CR-V,6,E01033049,0,2
2024010533099,2024,010533099,1,9,0,99,99,9,9,99,99,9,9,99,9,99,2,9,2,2,1,56,9,1998,1,19,HONDA CR-V,4,E01002594,0,1
2024221514791,2024,221514791,2,9,0,-1,19,8,4,-1,0,4,0,0,0,0,1,9,-1,6,1,84,11,2199,2,13,HONDA CR-V,2,E01032240,0,1
2024522401869,2024,522401869,1,9,0,3,3,5,1,0,0,0,0,0,0,0,2,1,6,6,1,51,8,1597,2,6,HONDA CR-V,3,E01014588,0,1
2024461420522,2024,461420522,2,9,0,-1,19,1,5,-1,0,2,0,0,0,0,4,9,-1,6,1,28,6,1597,2,10,HONDA CR-V,5,E01016149,0,1
2024010514552,2024,010514552,1,9,0,9,9,1,6,0,0,8,0,0,0,0,4,1,6,6,1,70,10,1998,1,19,HONDA CR-V,6,E01004109,0,1
2024332400074,2024,332400074,1,9,0,-1,3,8,4,-1,0,0,0,0,0,0,2,1,-1,6,1,55,8,2204,2,16,HONDA CR-V,4,E01013662,0,1
2024991409018,2024,991409018,1,9,0,-1,19,3,7,-1,0,0,0,0,7,0,4,1,-1,1,1,58,9,2199,2,12,HONDA CR-V,6,-1,0,5
202454C338424,2024,54C338424,2,9,0,4,4,2,6,6,6,0,0,0,0,0,2,1,6,6,2,37,7,2204,2,15,HONDA CR-V,5,E01031845,0,1
2024010546670,2024,010546670,2,9,0,18,19,3,7,0,0,1,0,0,0,0,1,1,6,6,1,70,10,1997,1,15,HONDA CR-V,2,E01003048,0,2
2024501443285,2024,501443285,1,9,0,-1,7,4,2,-1,0,2,0,0,0,0,1,1,-1,6,2,61,9,1998,1,20,HONDA CR-V,4,E01018815,0,1
2024991516625,2024,991516625,1,9,0,-1,19,8,4,-1,0,0,0,0,1,11,1,1,-1,9,1,32,6,2199,2,14,HONDA CR-V,6,-1,0,1
2024501410729,2024,501410729,1,9,0,-1,6,2,1,-1,0,6,0,0,1,0,1,9,-1,9,1,76,11,2204,2,18,HONDA CR-V,4,E01020287,0,1
2024461486856,2024,461486856,2,9,0,-1,19,4,8,-1,0,0,0,0,0,0,1,1,-1,9,1,74,10,1998,1,19,HONDA CR-V,-1,-1,0,-1
2024131525114,2024,131525114,2,9,0,-1,19,1,5,-1,0,1,0,0,0,0,1,1,-1,6,1,74,10,1597,2,7,HONDA CR-V,6,E01010955,0,1
2024052401380,2024,052401380,1,9,0,18,19,1,5,0,0,1,0,0,0,0,1,1,6,6,1,79,11,1997,1,10,HONDA CR-V,1,E01006605,0,2
2024991528647,2024,991528647,1,9,0,-1,14,4,8,-1,0,0,1,0,0,0,1,1,-1,2,1,71,10,1498,1,5,HONDA CR-V,-1,-1,0,-1
2024320058759,2024,320058759,3,9,0,4,4,4,8,0,0,1,0,0,0,0,3,1,-1,-1,2,34,6,2199,2,9,HONDA CR-V,10,E01026198,0,1
2024010546983,2024,010546983,1,9,0,4,4,3,7,0,0,0,0,10,0,0,1,1,3,7,1,45,7,1993,8,3,HONDA CR-V,3,E01000007,0,2
2024522403267,2024,522403267,1,9,0,9,9,1,7,0,0,0,0,0,0,0,3,1,6,6,2,41,7,1998,1,21,HONDA CR-V,7,E01014763,0,1
2024010511680,2024,010511680,2,9,0,99,99,9,9,99,99,9,9,99,9,99,1,9,6,6,3,-1,-1,1997,1,7,HONDA CR-V,-1,-1,0,-1
2024421471652,2024,421471652,1,9,0,-1,19,1,5,-1,0,0,0,0,1,9,1,1,-1,6,1,78,11,1993,8,1,HONDA CR-V,7,E01021761,0,1
2024302400536,2024,302400536,3,9,0,18,19,3,7,0,0,0,0,0,0,0,1,1,6,6,1,66,10,1498,1,5,HONDA CR-V,6,E01019815,0,1
2024332401256,2024,332401256,2,9,0,-1,19,5,1,-1,0,8,0,0,0,0,1,1,-1,9,1,48,8,2199,2,14,HONDA CR-V,3,E01025866,0,4
2024351457638,2024,351457638,1,9,0,-1,19,1,5,-1,0,3,0,0,0,0,3,1,-1,6,1,55,8,2204,2,18,HONDA CR-V,4,E01026259,0,4
2024471434496,2024,471434496,2,9,0,-1,3,6,2,-1,0,8,0,0,0,0,2,9,-1,9,2,63,9,1997,1,10,HONDA CR-V,6,E01035345,0,1
2024010505486,2024,010505486,2,9,0,99,99,9,9,99,99,9,9,99,9,99,9,9,6,6,3,-1,-1,2204,2,17,HONDA CR-V,-1,-1,0,-1
2024552401115,2024,552401115,2,9,0,18,19,8,4,0,0,8,0,0,0,0,1,1,6,6,1,82,11,1997,1,17,HONDA CR-V,10,E01020559,0,1
2024320216280,2024,320216280,2,9,0,-1,-1,5,1,0,0,8,0,0,0,0,1,1,-1,-1,2,57,9,1998,1,21,HONDA CR-V,-1,-1,0,-1
2024401406731,2024,401406731,2,9,0,-1,19,4,8,-1,0,0,0,0,0,0,1,1,-1,6,1,52,8,1997,1,12,HONDA CR-V,5,E01017586,0,1
2024471517023,2024,471517023,2,9,0,-1,19,1,5,-1,0,0,0,0,0,0,1,1,-1,9,2,54,8,1998,1,19,HONDA CR-V,5,E01030557,0,1
2024421518138,2024,421518138,2,9,0,-1,19,6,1,-1,0,0,0,0,0,0,3,1,-1,9,1,45,7,1998,1,18,HONDA CR-V,5,E01021901,0,2
2024421451641,2024,421451641,1,9,0,-1,19,1,5,-1,0,0,0,0,0,0,1,2,-1,6,1,80,11,2204,2,18,HONDA CR-V,7,E01021662,0,1
2024061416213,2024,061416213,1,9,4,-1,19,1,5,-1,0,0,0,0,0,0,0,1,-1,9,1,61,9,2204,2,17,HONDA CR-V,1,E01033679,0,1
2024552401305,2024,552401305,1,9,0,9,9,5,3,0,0,8,0,0,0,0,4,1,6,6,1,91,11,1998,1,20,HONDA CR-V,9,E01015405,0,1
2024201453306,2024,201453306,1,9,0,-1,19,7,3,-1,0,0,0,0,0,0,1,9,-1,9,2,41,7,2199,2,12,HONDA CR-V,2,E01010563,0,1
2024010531802,2024,010531802,2,9,0,2,2,0,0,0,0,0,0,0,0,0,4,2,6,6,3,-1,-1,1997,1,16,HONDA CR-V,-1,-1,0,-1
2024221461954,2024,221461954,3,9,0,-1,19,6,2,-1,0,0,0,0,0,0,3,1,-1,6,1,31,6,2199,2,12,HONDA CR-V,7,E01032412,0,1
2024401430469,2024,401430469,1,9,0,-1,9,8,4,-1,0,6,0,0,0,0,1,1,-1,2,1,47,8,2204,2,17,HONDA CR-V,4,E01015752,0,1
2024122500225,2024,122500225,1,9,0,18,19,6,2,0,0,0,0,0,0,0,1,1,6,6,1,80,11,2199,2,11,HONDA CR-V,9,E01027574,0,1
2024010540181,2024,010540181,1,9,0,18,19,3,7,0,0,0,0,0,0,0,1,1,6,6,2,40,7,1997,1,16,HONDA CR-V,2,E01001218,0,1
2024070594401,2024,070594401,2,9,0,3,3,6,2,0,0,1,0,0,0,0,2,1,6,6,2,41,7,1998,1,21,HONDA CR-V,8,E01018556,0,1
2024440092898,2024,440092898,2,9,0,3,3,4,8,0,0,0,0,0,0,0,2,1,6,6,1,51,8,1998,1,18,HONDA CR-V,6,E01017092,0,1
2024302400189,2024,302400189,2,9,0,14,14,8,4,0,0,0,0,0,0,0,2,1,4,7,2,58,9,1997,1,12,HONDA CR-V,-1,-1,0,-1
2024070543062,2024,070543062,1,9,0,7,7,2,6,0,0,5,0,0,0,0,4,1,2,2,1,43,7,2199,2,13,HONDA CR-V,9,E01018491,0,1
2024451400454,2024,451400454,1,9,0,-1,14,1,5,-1,0,2,0,0,0,0,1,1,-1,9,2,64,9,2204,2,18,HONDA CR-V,10,E01030778,0,1
2024501517336,2024,501517336,1,9,0,-1,19,7,3,-1,0,1,0,0,0,0,1,1,-1,6,3,-1,-1,2204,2,17,HONDA CR-V,-1,-1,0,-1
2024430073792,2024,430073792,1,9,0,18,19,7,3,0,0,3,0,0,0,0,4,1,6,6,2,73,10,1498,1,5,HONDA CR-V,7,E01028486,0,3
2024411412491,2024,411412491,2,9,0,-1,7,7,1,-1,0,0,0,0,0,0,2,1,-1,2,1,54,8,1998,1,20,HONDA CR-V,3,E01001488,0,2
2024131481207,2024,131481207,3,9,0,-1,3,1,5,-1,0,8,0,0,0,0,2,1,-1,9,1,49,8,2199,2,11,HONDA CR-V,3,E01010595,0,4
2024430095147,2024,430095147,1,9,0,18,19,7,3,0,0,2,0,0,0,0,1,1,6,6,1,30,6,2204,2,17,HONDA CR-V,6,E01028542,0,1
2024471496437,2024,471496437,3,9,0,-1,7,7,1,-1,0,6,0,0,0,0,3,1,-1,7,2,54,8,1998,1,19,HONDA CR-V,5,E01030557,0,3
2024010542097,2024,010542097,2,9,0,99,99,9,9,99,99,9,9,99,9,99,9,9,6,6,3,43,7,1997,1,11,HONDA CR-V,10,E01001019,0,1