collision_index,collision_year,collision_ref_no,vehicle_reference,vehicle_type,towing_and_articulation,vehicle_manoeuvre_historic,vehicle_manoeuvre,vehicle_direction_from,vehicle_direction_to,vehicle_location_restricted_lane_historic,vehicle_location_restricted_lane,junction_location,skidding_and_overturning,hit_object_in_carriageway,vehicle_leaving_carriageway,hit_object_off_carriageway,first_point_of_impact,vehicle_left_hand_drive,journey_purpose_of_driver_historic,journey_purpose_of_driver,sex_of_driver,age_of_driver,age_band_of_driver,engine_capacity_cc,propulsion_code,age_of_vehicle,generic_make_model,driver_imd_decile,lsoa_of_driver,escooter_flag,driver_distance_banding
2024421444086,2024,421444086,1,9,0,-1,9,3,1,-1,0,1,0,0,0,0,3,1,-1,9,2,58,9,1998,1,18,HONDA CR-V,3,E01021596,0,1
2024010541019,2024,010541019,2,9,9,99,99,9,9,99,99,9,9,99,9,99,9,9,6,6,2,-1,-1,1997,1,10,HONDA CR-V,10,E01003474,0,2
2024111530921,2024,111530921,2,9,0,-1,9,3,7,-1,0,0,0,0,0,0,3,1,-1,9,1,52,8,2204,2,19,HONDA CR-V,1,E01008291,0,4
2024211534531,2024,211534531,2,9,0,-1,19,5,3,-1,0,1,0,0,0,0,3,1,-1,6,1,42,7,1597,2,9,HONDA CR-V,7,E01029777,0,1
2024041470268,2024,041470268,1,9,0,-1,19,5,1,-1,0,0,0,0,1,11,1,1,-1,9,1,27,6,1998,1,21,HONDA CR-V,1,E01025062,0,2
2024351468393,2024,351468393,2,9,0,-1,4,3,7,-1,0,0,0,0,0,0,2,1,-1,6,2,49,8,1998,1,19,HONDA CR-V,10,E01018019,0,2
2024201511431,2024,201511431,1,9,0,-1,12,7,3,-1,0,0,0,0,0,0,0,1,-1,9,2,40,7,2199,2,14,HONDA CR-V,8,E01017741,0,4
2024546491224,2024,546491224,1,9,0,18,19,2,6,0,0,0,0,0,0,0,1,1,6,6,1,82,11,1997,1,13,HONDA CR-V,9,E01032034,0,1
2024041417936,2024,041417936,1,9,0,-1,6,3,7,-1,0,1,0,0,0,0,0,1,-1,9,2,84,11,1998,1,17,HONDA CR-V,7,E01025563,0,2
2024471515861,2024,471515861,2,9,0,-1,3,1,4,-1,0,4,0,0,0,0,2,1,-1,6,1,76,11,2204,2,19,HONDA CR-V,9,E01001416,0,4
2024631508257,2024,631508257,2,9,0,-1,19,4,8,-1,0,0,5,0,0,0,1,1,-1,6,1,74,10,1998,1,18,HONDA CR-V,9,W01000715,0,4
2024211431450,2024,211431450,1,9,0,-1,19,2,6,-1,0,0,0,0,7,0,1,9,-1,6,2,82,11,1998,1,21,HONDA CR-V,4,E01010488,0,1
2024552400907,2024,552400907,1,9,0,18,19,8,4,0,0,0,0,0,0,0,1,1,6,6,2,66,10,1997,1,8,HONDA CR-V,5,E01020452,0,1
2024471444830,2024,471444830,2,9,0,-1,19,5,1,-1,2,1,0,0,0,0,1,1,-1,9,1,78,11,1597,2,9,HONDA CR-V,10,E01031748,0,3
2024221442271,2024,221442271,1,9,0,-1,19,7,3,-1,0,0,0,0,0,0,1,1,-1,9,1,80,11,2199,2,11,HONDA CR-V,9,E01022582,0,5
2024501533209,2024,501533209,2,9,0,-1,3,7,4,-1,0,1,0,0,0,0,3,1,-1,9,2,65,9,1997,1,10,HONDA CR-V,4,E01015037,0,1
2024010522554,2024,010522554,1,9,0,18,19,5,1,0,0,0,0,4,0,0,1,1,6,6,2,40,7,1997,1,11,HONDA CR-V,-1,-1,0,-1
2024531455269,2024,531455269,1,9,0,-1,19,7,3,-1,0,0,0,0,0,0,1,1,-1,9,1,32,6,1998,1,22,HONDA CR-V,9,E01022307,0,1
2024991531788,2024,991531788,3,9,0,-1,19,4,8,-1,0,0,0,1,0,0,1,1,-1,9,1,89,11,1597,2,10,HONDA CR-V,4,-1,0,1
2024131491113,2024,131491113,1,9,0,-1,19,2,6,-1,0,8,0,0,0,0,1,1,-1,9,2,40,7,2199,2,9,HONDA CR-V,3,E01011319,0,2
2024340NN3112,2024,340NN3112,4,9,0,-1,4,5,1,-1,0,1,0,0,0,0,2,1,-1,6,1,73,10,2199,2,9,HONDA CR-V,8,E01026212,0,4
2024041433644,2024,041433644,2,9,0,-1,19,5,6,-1,0,8,0,0,0,0,4,1,-1,9,1,64,9,1998,1,19,HONDA CR-V,4,E01012723,0,1
2024411537136,2024,411537136,1,9,0,-1,19,7,3,-1,0,0,0,10,1,11,1,1,-1,6,1,74,10,1993,8,4,HONDA CR-V,3,E01023778,0,1
2024520401513,2024,520401513,2,9,0,5,5,2,6,0,0,8,0,0,0,0,1,1,6,6,2,74,10,1997,1,17,HONDA CR-V,5,E01020503,0,3
2024231508346,2024,231508346,1,9,0,-1,5,8,4,-1,0,1,0,0,0,0,1,1,-1,9,1,85,11,1597,2,6,HONDA CR-V,9,E01009667,0,2
2024041493114,2024,041493114,4,9,0,-1,19,7,3,-1,0,0,0,0,0,0,1,1,-1,2,1,62,9,2199,2,11,HONDA CR-V,1,E01024865,0,2
2024451428070,2024,451428070,2,9,0,-1,2,1,5,-1,0,0,0,0,5,0,2,1,-1,6,1,60,9,1998,1,17,HONDA CR-V,7,E01030734,0,1
2024361437087,2024,361437087,2,9,0,-1,10,3,7,-1,0,1,0,0,0,0,2,1,-1,6,1,74,10,1597,2,7,HONDA CR-V,5,E01026737,0,3
2024070278172,2024,070278172,1,9,0,18,19,8,3,0,0,0,5,0,0,0,1,1,6,6,1,33,6,2204,2,15,HONDA CR-V,-1,-1,0,-1
2024501444849,2024,501444849,2,9,0,-1,9,5,1,-1,0,6,0,0,0,0,1,1,-1,9,1,46,8,1597,2,7,HONDA CR-V,8,E01015104,0,1
2024471460809,2024,471460809,2,8,0,-1,19,1,5,-1,0,1,0,0,0,0,1,1,-1,9,2,44,7,1597,2,7,HONDA CR-V,5,E01016974,0,2
2024411485391,2024,411485391,1,9,0,-1,11,1,2,-1,0,6,1,0,1,0,2,1,-1,6,1,76,11,1997,1,9,HONDA CR-V,8,E01002193,0,4
2024531500464,2024,531500464,1,9,0,-1,19,1,5,-1,0,2,0,0,0,0,1,1,-1,9,1,60,9,2204,2,15,HONDA CR-V,8,E01022313,0,2
2024991510946,2024,991510946,2,9,0,-1,19,8,4,-1,0,0,0,0,0,0,1,1,-1,9,1,78,11,1993,8,0,HONDA CR-V,10,-1,0,4
2024052402582,2024,052402582,3,9,0,2,2,0,0,0,0,1,0,0,0,0,1,1,6,6,3,-1,-1,1597,2,7,HONDA CR-V,-1,-1,0,-1
2024440339093,2024,440339093,2,9,0,10,10,7,3,0,0,1,0,0,0,0,1,1,6,6,1,39,7,1597,2,8,HONDA CR-V,10,E01032616,0,1
2024010519300,2024,010519300,1,9,0,99,99,9,9,99,99,9,9,99,9,99,2,9,1,1,1,37,7,1997,1,6,HONDA CR-V,7,E01003696,0,1
2024461492189,2024,461492189,1,9,0,-1,19,2,6,-1,0,0,0,0,0,0,1,2,-1,9,2,39,7,2199,2,10,HONDA CR-V,5,E01024039,0,1
2024010529135,2024,010529135,3,9,0,2,2,0,0,0,0,0,0,0,0,0,3,1,6,6,3,-1,-1,1993,8,4,HONDA CR-V,-1,-1,0,-1
2024501485099,2024,501485099,2,9,0,-1,4,3,7,-1,0,0,0,0,0,0,2,1,-1,6,2,79,11,1997,1,7,HONDA CR-V,5,E01018940,0,4
2024440445250,2024,440445250,2,9,0,18,19,1,5,0,0,0,-1,0,0,0,3,1,6,6,1,54,8,2199,2,13,HONDA CR-V,8,E01023050,0,1
2024991472035,2024,991472035,1,9,0,-1,5,4,7,-1,0,8,0,0,0,0,1,1,-1,6,1,84,11,2199,2,12,HONDA CR-V,8,-1,0,3
2024421433214,2024,421433214,2,9,0,-1,4,4,7,-1,0,0,0,0,0,0,2,1,-1,6,2,38,7,2199,2,12,HONDA CR-V,7,E01021505,0,2
2024430215177,2024,430215177,1,9,0,3,3,5,1,0,0,0,0,0,0,0,3,1,3,7,2,41,7,1597,2,7,HONDA CR-V,9,E01035260,0,1
2024552400133,2024,552400133,1,9,0,7,7,3,6,0,0,5,0,0,0,0,4,1,6,6,2,39,7,1597,2,7,HONDA CR-V,8,E01015447,0,1
2024631489299,2024,631489299,1,9,0,-1,19,2,6,-1,0,8,0,0,0,0,1,1,-1,6,1,31,6,1998,1,20,HONDA CR-V,5,W01000582,0,3
2024071015703,2024,071015703,2,9,0,-1,19,5,1,-1,0,1,0,0,0,0,4,1,-1,9,2,63,9,2204,2,17,HONDA CR-V,8,E01010222,0,4
2024221533059,2024,221533059,2,9,0,-1,6,7,7,-1,0,5,0,0,0,0,4,1,-1,9,1,81,11,1597,2,9,HONDA CR-V,5,E01032188,0,1
2024991421985,2024,991421985,3,9,0,-1,2,1,5,-1,-1,0,0,0,0,0,1,1,-1,6,-1,-1,-1,1997,1,16,HONDA CR-V,-1,-1,0,-1
2024471471505,2024,471471505,2,9,0,-1,19,5,1,-1,0,1,0,0,0,0,1,1,-1,6,1,74,10,1993,8,1,HONDA CR-V,9,E01031622,0,2
2024631493722,2024,631493722,1,9,0,-1,19,6,1,-1,0,0,2,0,8,10,1,1,-1,9,1,27,6,2199,2,13,HONDA CR-V,5,W01000582,0,3
2024010504825,2024,010504825,2,9,0,18,19,7,3,0,0,8,0,0,0,0,1,1,6,6,1,55,8,1997,1,15,HONDA CR-V,5,E01002785,0,1
2024471515931,2024,471515931,2,9,0,-1,19,5,1,-1,0,1,0,0,0,0,1,1,-1,6,1,75,10,1997,1,12,HONDA CR-V,6,E01021200,0,1
2024070000131,2024,070000131,1,9,0,-1,19,8,4,-1,0,0,0,0,0,0,1,1,-1,6,1,57,9,2204,2,17,HONDA CR-V,4,E01033373,0,3
2024440420445,2024,440420445,1,9,0,7,7,6,8,0,0,6,0,0,0,0,3,1,6,6,1,59,9,2199,2,12,HONDA CR-V,3,E01022801,0,1
2024010508456,2024,010508456,2,9,0,5,5,1,5,0,0,2,0,0,0,0,1,1,6,6,1,60,9,1993,8,0,HONDA CR-V,10,E01030726,0,1
2024010511826,2024,010511826,1,9,0,16,19,5,1,6,6,8,0,0,0,0,1,1,6,6,2,66,10,1997,1,13,HONDA CR-V,2,E01003987,0,1
2024041525172,2024,041525172,1,9,0,-1,19,7,3,-1,0,0,0,0,0,0,1,1,-1,2,1,52,8,2199,2,13,HONDA CR-V,1,E01025219,0,1
2024161491757,2024,161491757,2,9,0,-1,10,7,4,-1,99,1,0,0,0,0,1,1,-1,6,2,32,6,1997,1,11,HONDA CR-V,-1,-1,0,-1
2024991569323,2024,991569323,1,9,0,-1,1,8,4,-1,0,0,0,0,0,0,2,1,-1,6,1,49,8,2204,2,19,HONDA CR-V,6,-1,0,1
2024201525445,2024,201525445,2,9,0,-1,4,3,7,-1,0,0,0,0,0,0,2,9,-1,1,1,43,7,1597,2,11,HONDA CR-V,9,E01010245,0,2
2024411432982,2024,411432982,1,9,0,-1,5,5,1,-1,0,1,0,0,0,0,1,1,-1,6,1,39,7,1998,1,19,HONDA CR-V,3,E01023573,0,1
2024622400610,2024,622400610,3,8,0,18,19,2,6,0,0,0,0,0,0,0,1,1,6,6,1,50,8,2199,2,14,HONDA CR-V,7,W01001818,0,4
2024061425804,2024,061425804,1,9,0,-1,-1,-1,-1,-1,0,0,0,0,0,0,1,1,-1,6,3,-1,-1,2199,2,12,HONDA CR-V,-1,-1,0,-1
2024371496034,2024,371496034,2,9,0,-1,19,3,7,-1,0,8,0,0,0,0,1,1,-1,9,1,59,9,1997,1,16,HONDA CR-V,9,E01001992,0,5
2024547128824,2024,547128824,2,9,0,2,2,0,0,0,0,0,0,0,0,0,3,1,6,6,3,-1,-1,1998,1,20,HONDA CR-V,-1,-1,0,-1
2024501421139,2024,501421139,1,9,0,-1,19,7,3,-1,0,0,0,0,7,4,1,1,-1,6,2,73,10,1597,2,8,HONDA CR-V,5,E01019950,0,3
2024421481721,2024,421481721,1,9,0,-1,-1,-1,-1,-1,-1,0,-1,-1,-1,0,-1,9,-1,6,3,-1,-1,1998,1,21,HONDA CR-V,-1,-1,0,-1
2024320078738,2024,320078738,1,9,0,-1,-1,6,2,0,0,0,0,0,0,0,1,1,-1,-1,1,37,7,2199,2,13,HONDA CR-V,4,E01026323,0,2
2024031518040,2024,031518040,1,9,0,-1,19,8,4,-1,0,0,0,0,7,11,1,1,-1,6,1,63,9,2199,2,12,HONDA CR-V,7,E01019311,0,1
2024052401092,2024,052401092,1,9,0,9,9,1,5,0,0,8,0,0,0,0,3,1,6,6,1,55,8,1997,1,15,HONDA CR-V,6,E01012552,0,3
2024332400023,2024,332400023,5,9,0,-1,19,1,5,-1,0,0,0,0,0,0,2,1,-1,9,2,66,10,1993,8,5,HONDA CR-V,8,E01035398,0,4
2024471428444,2024,471428444,1,9,0,-1,19,7,3,-1,0,0,0,0,0,0,1,1,-1,6,2,26,6,2199,2,14,HONDA CR-V,7,E01021110,0,3
2024010520581,2024,010520581,2,9,9,99,99,9,9,99,99,9,9,99,9,99,9,9,6,6,3,-1,-1,1993,8,1,HONDA CR-V,-1,-1,0,-1
2024501412520,2024,501412520,1,9,0,-1,19,4,8,-1,0,0,0,0,0,0,1,1,-1,6,1,60,9,2204,2,17,HONDA CR-V,5,E01020137,0,2
2024201407530,2024,201407530,1,9,0,-1,7,6,8,-1,0,6,0,0,0,0,4,1,-1,9,1,79,11,2204,2,18,HONDA CR-V,-1,-1,0,-1
2024010518526,2024,010518526,1,9,0,17,19,1,5,0,0,1,0,0,0,0,1,1,4,7,2,39,7,1993,8,1,HONDA CR-V,-1,-1,0,-1
2024302400909,2024,302400909,1,9,0,18,19,7,3,0,0,0,0,0,0,0,1,1,6,6,1,78,11,1597,2,9,HONDA CR-V,6,E01029467,0,4
2024010549569,2024,010549569,2,9,0,18,19,4,8,0,0,0,0,0,0,0,1,1,6,6,3,-1,-1,1498,1,6,HONDA CR-V,-1,-1,0,-1
2024131469185,2024,131469185,1,9,0,-1,19,8,4,-1,0,8,0,0,0,0,1,1,-1,9,2,43,7,1597,2,11,HONDA CR-V,6,E01010705,0,1
2024010501516,2024,010501516,1,9,0,18,19,1,5,0,0,6,0,0,0,0,1,1,2,2,1,80,11,1993,8,5,HONDA CR-V,8,E01000212,0,1
2024320040494,2024,320040494,2,9,0,4,4,4,8,0,0,0,0,0,0,0,2,1,6,6,2,36,7,1998,1,22,HONDA CR-V,3,E01026102,0,3
2024451536056,2024,451536056,2,9,0,-1,19,5,1,-1,0,8,0,0,0,0,3,1,-1,9,2,36,7,1997,1,8,HONDA CR-V,10,E01030581,0,1
2024010535343,2024,010535343,2,9,0,99,99,9,9,99,99,9,9,99,9,99,1,9,6,6,1,49,8,1993,8,1,HONDA CR-V,3,E01004350,0,3
2024131400253,2024,131400253,1,9,0,-1,4,7,3,-1,0,1,1,0,0,0,1,1,-1,2,1,30,6,2199,2,13,HONDA CR-V,6,E01010636,0,1
2024631520598,2024,631520598,2,9,0,-1,2,0,0,-1,0,2,0,0,0,0,4,1,-1,6,2,29,6,1997,1,16,HONDA CR-V,2,W01000659,0,1
2024061449668,2024,061449668,1,9,0,-1,19,4,8,-1,0,1,5,0,0,0,1,1,-1,9,1,41,7,1997,1,12,HONDA CR-V,8,E01034347,0,4
2024361432956,2024,361432956,2,9,0,-1,3,5,1,-1,0,1,0,0,0,0,2,1,-1,6,2,55,8,1997,1,17,HONDA CR-V,4,E01034774,0,2
2024221453979,2024,221453979,1,9,0,-1,5,5,1,-1,0,4,0,0,0,0,1,9,-1,6,2,34,6,1998,1,20,HONDA CR-V,7,E01014075,0,1
2024211521678,2024,211521678,1,9,0,-1,19,5,1,-1,0,0,0,0,0,0,3,1,-1,6,2,62,9,1997,1,14,HONDA CR-V,-1,-1,0,-1
2024010511817,2024,010511817,1,9,0,99,99,9,9,99,99,9,9,99,9,99,2,9,6,6,1,35,6,2204,2,18,HONDA CR-V,7,E01020515,0,5
2024010526281,2024,010526281,1,9,0,18,19,3,7,0,0,0,0,0,0,0,1,1,6,6,2,46,8,1997,1,14,HONDA CR-V,2,E01000077,0,1
2024010523319,2024,010523319,1,9,0,3,3,7,3,0,0,4,0,0,0,0,4,1,6,6,1,68,10,1997,1,11,HONDA CR-V,3,E01001466,0,2
2024041515491,2024,041515491,1,9,0,-1,19,1,5,-1,1,1,0,0,0,0,2,1,-1,6,3,-1,-1,2204,2,19,HONDA CR-V,-1,-1,0,-1
2024430566920,2024,430566920,1,9,0,3,3,4,8,0,0,0,0,0,0,0,2,1,6,6,2,50,8,1998,1,22,HONDA CR-V,8,E01017821,0,1
2024122500155,2024,122500155,1,9,0,16,19,5,1,0,0,3,0,0,1,2,1,1,6,6,1,42,7,2199,2,13,HONDA CR-V,4,E01034956,0,1
2024461529079,2024,461529079,1,9,0,-1,-1,-1,-1,-1,-1,-1,-1,-1,-1,0,-1,9,-1,6,1,52,8,1997,1,17,HONDA CR-V,9,E01017590,0,5
2024401538552,2024,401538552,1,9,0,-1,3,5,1,-1,0,1,0,0,0,0,2,1,-1,6,2,51,8,2199,2,10,HONDA CR-V,10,E01017700,0,4
2024471408133,2024,471408133,2,9,0,-1,19,7,3,-1,0,0,0,0,2,7,3,1,-1,9,1,51,8,1997,1,11,HONDA CR-V,7,E01035320,0,4
2024010519706,2024,010519706,1,9,0,99,99,9,9,99,99,9,9,99,9,99,2,9,6,6,1,51,8,1997,1,7,HONDA CR-V,5,E01003640,0,1
2024421448710,2024,421448710,1,9,0,-1,19,8,4,-1,0,0,5,0,0,0,1,1,-1,6,2,60,9,1997,1,6,HONDA CR-V,9,E01018219,0,4
2024211443845,2024,211443845,2,9,0,-1,19,1,5,-1,0,8,0,0,1,0,1,1,-1,6,2,63,9,1997,1,7,HONDA CR-V,-1,-1,0,-1
2024461473084,2024,461473084,1,9,0,-1,19,1,4,-1,0,0,0,0,0,0,4,1,-1,9,1,75,10,1993,8,2,HONDA CR-V,9,E01024269,0,1
2024041439960,2024,041439960,1,9,0,-1,9,3,7,-1,0,8,0,0,0,0,1,1,-1,9,2,82,11,2204,2,18,HONDA CR-V,8,E01024962,0,1
2024201424218,2024,201424218,2,9,0,-1,19,5,3,-1,0,1,1,0,0,0,1,1,-1,6,1,35,6,1330,8,13,HONDA CR-V,1,E01034924,0,1
2024031410064,2024,031410064,2,9,0,-1,19,5,1,-1,0,0,0,0,0,0,1,1,-1,9,2,41,7,1997,1,13,HONDA CR-V,5,-1,0,5
2024010538804,2024,010538804,2,9,0,9,9,7,5,0,0,6,0,0,0,0,1,1,6,6,1,39,7,1997,1,17,HONDA CR-V,2,E01001012,0,1
2024201462497,2024,201462497,1,9,0,-1,1,1,2,-1,0,0,0,0,0,0,2,1,-1,6,2,59,9,2204,2,17,HONDA CR-V,7,E01032588,0,1
2024010512365,2024,010512365,2,9,0,18,19,2,6,0,0,0,0,0,0,0,1,1,6,6,1,37,7,1997,1,16,HONDA CR-V,-1,-1,0,-1
2024221479659,2024,221479659,1,9,0,-1,12,2,6,-1,0,0,0,0,0,0,3,1,-1,6,1,42,7,2204,2,17,HONDA CR-V,5,E01014049,0,2
2024421520912,2024,421520912,1,9,0,-1,19,6,3,-1,0,0,0,0,7,7,1,1,-1,6,1,50,8,1998,1,17,HONDA CR-V,5,E01015942,0,4
2024543395024,2024,543395024,4,9,0,18,19,4,8,0,0,0,1,0,0,0,1,1,6,6,1,53,8,2199,2,11,HONDA CR-V,7,E01023100,0,4
2024430576448,2024,430576448,2,9,0,18,19,6,3,0,0,1,0,0,0,0,1,1,6,6,2,45,7,1597,2,10,HONDA CR-V,7,E01017693,0,3
2024610057024,2024,610057024,3,9,0,18,19,5,1,0,0,1,0,0,0,0,1,1,6,6,1,40,7,2204,2,19,HONDA CR-V,3,W01001362,0,1
2024311529064,2024,311529064,1,9,0,-1,7,5,8,-1,0,8,0,0,0,0,1,1,-1,2,1,45,7,2199,2,10,HONDA CR-V,4,E01028122,0,1
2024531460369,2024,531460369,1,9,0,-1,19,5,1,-1,0,0,0,0,0,0,4,9,-1,6,1,73,10,2199,2,14,HONDA CR-V,10,E01022366,0,1
2024161516820,2024,161516820,1,9,0,-1,19,3,5,-1,0,0,0,0,0,0,1,9,-1,6,1,65,9,1997,1,6,HONDA CR-V,10,E01013091,0,2
2024141529756,2024,141529756,2,9,0,-1,19,6,2,-1,0,0,0,0,0,0,1,9,-1,6,2,60,9,1997,1,11,HONDA CR-V,2,E01007967,0,1
2024471434047,2024,471434047,2,9,0,-1,5,3,6,-1,0,4,0,0,0,0,3,1,-1,6,2,60,9,1597,2,6,HONDA CR-V,4,E01020921,0,1
2024552400163,2024,552400163,1,9,0,7,7,3,6,0,0,5,0,0,1,0,1,1,6,6,1,46,8,2199,2,12,HONDA CR-V,4,E01020584,0,3
2024451430894,2024,451430894,2,9,0,-1,2,0,0,-1,0,0,0,0,0,0,3,1,-1,6,-1,-1,-1,1998,1,22,HONDA CR-V,-1,-1,0,-1
2024010523017,2024,010523017,2,9,0,18,19,3,7,0,0,8,0,0,0,0,0,1,6,6,3,52,8,1998,1,21,HONDA CR-V,4,E01003637,0,1
2024010538185,2024,010538185,2,9,0,18,19,5,1,0,0,8,0,0,0,0,4,1,6,6,1,51,8,1997,1,9,HONDA CR-V,3,E01001448,0,1
2024340NN3262,2024,340NN3262,1,9,0,-1,9,7,5,-1,0,6,0,0,0,0,1,1,-1,6,1,46,8,2199,2,13,HONDA CR-V,6,E01027032,0,1
2024010520828,2024,010520828,1,9,0,5,5,7,3,0,0,1,0,0,0,0,1,1,6,6,2,32,6,1997,1,11,HONDA CR-V,6,E01000479,0,1
2024430305085,2024,430305085,2,9,0,9,9,2,8,0,0,1,0,0,0,0,2,1,1,1,1,49,8,2204,2,16,HONDA CR-V,5,E01028556,0,1
2024471409910,2024,471409910,1,9,0,-1,19,3,7,-1,0,0,0,0,0,0,1,1,-1,9,1,60,9,1997,1,12,HONDA CR-V,4,E01031435,0,1
2024031519440,2024,031519440,1,9,0,-1,5,6,2,-1,0,1,0,0,0,0,1,1,-1,6,1,78,11,1997,1,13,HONDA CR-V,-1,-1,0,-1
202454B050624,2024,54B050624,1,9,0,18,19,2,6,0,0,1,0,0,0,0,1,1,6,6,1,22,5,1997,1,15,HONDA CR-V,9,E01015483,0,1
2024371488304,2024,371488304,2,9,-1,-1,19,-1,-1,-1,0,0,0,0,0,0,4,9,-1,1,2,23,5,2204,2,17,HONDA CR-V,8,E01033452,0,4
2024461487654,2024,461487654,1,9,0,-1,5,6,3,-1,0,0,0,0,0,0,4,1,-1,9,2,75,10,1997,1,11,HONDA CR-V,8,E01024419,0,1
2024548041824,2024,548041824,2,9,0,18,19,1,5,0,0,1,0,0,0,0,2,1,2,2,1,38,7,2204,2,17,HONDA CR-V,7,E01032039,0,2
2024302500162,2024,302500162,3,9,0,-1,10,3,8,-1,0,8,0,0,0,0,1,1,-1,6,1,64,9,1597,2,7,HONDA CR-V,7,E01007827,0,3
2024461489283,2024,461489283,1,9,0,-1,5,4,8,-1,0,4,0,0,0,0,1,1,-1,9,1,69,10,2199,2,13,HONDA CR-V,9,E01024044,0,1
2024991514909,2024,991514909,1,9,0,-1,5,2,5,-1,0,8,0,0,0,0,4,1,-1,6,1,66,10,1597,2,7,HONDA CR-V,1,-1,0,1
2024440133394,2024,440133394,2,9,0,18,19,8,4,0,0,0,0,0,0,0,1,1,6,6,3,-1,-1,2199,2,11,HONDA CR-V,-1,-1,0,-1
2024131394364,2024,131394364,1,9,0,-1,19,2,2,-1,9,0,0,10,1,4,1,1,-1,9,1,87,11,1498,1,4,HONDA CR-V,5,E01010948,0,1
2024010487612,2024,010487612,1,9,0,18,19,1,5,0,0,1,0,0,0,0,1,1,6,6,1,24,5,1998,1,19,HONDA CR-V,1,E01002093,0,1
2024010496368,2024,010496368,4,9,0,2,2,0,0,0,0,2,0,0,0,0,0,1,6,6,3,-1,-1,1997,1,16,HONDA CR-V,-1,-1,0,-1
2024010524020,2024,010524020,1,9,0,3,3,1,5,0,0,1,0,4,1,0,2,1,6,6,1,44,7,1997,1,17,HONDA CR-V,2,E01002094,0,1
2024522500021,2024,522500021,1,9,0,6,6,3,3,0,0,0,0,0,0,0,4,1,6,6,1,23,5,1597,2,9,HONDA CR-V,6,E01014865,0,2
2024440363827,2024,440363827,1,9,0,18,19,4,2,0,0,1,0,0,0,0,0,1,6,6,1,47,8,1997,1,10,HONDA CR-V,6,E01031484,0,3
2024522401348,2024,522401348,1,9,0,18,19,3,7,0,0,0,0,0,0,0,1,1,6,6,1,77,11,1998,1,19,HONDA CR-V,5,E01014678,0,1
2024552400530,2024,552400530,2,9,0,3,3,6,2,0,0,0,0,0,0,0,2,1,2,2,1,52,8,1998,1,20,HONDA CR-V,9,E01029207,0,1
2024991445751,2024,991445751,2,9,0,-1,4,2,6,-1,0,0,0,0,0,0,3,1,-1,9,2,62,9,1993,8,2,HONDA CR-V,6,-1,0,3
2024361421034,2024,361421034,2,9,0,-1,19,8,4,-1,0,8,0,0,0,0,1,1,-1,6,2,42,7,2204,2,16,HONDA CR-V,2,E01018063,0,1
2024461413121,2024,461413121,2,9,0,-1,19,3,7,-1,0,0,0,0,9,0,1,9,-1,6,2,42,7,2204,2,16,HONDA CR-V,7,E01024732,0,1
2024041533072,2024,041533072,2,9,0,-1,19,1,5,-1,0,1,0,0,0,0,1,1,-1,9,2,64,9,2199,2,13,HONDA CR-V,7,E01025322,0,3
2024231465281,2024,231465281,1,9,0,-1,19,6,8,-1,0,0,0,0,0,0,3,9,-1,6,2,55,8,1997,1,6,HONDA CR-V,8,E01031245,0,1
2024122500035,2024,122500035,1,9,0,4,4,8,4,0,0,0,0,0,0,0,2,1,6,6,2,62,9,2199,2,13,HONDA CR-V,6,E01033472,0,4
2024520500309,2024,520500309,1,9,0,3,3,3,7,0,0,0,0,0,0,0,2,1,6,6,1,32,6,1993,8,3,HONDA CR-V,2,E01029109,0,1
2024361485638,2024,361485638,1,9,0,-1,19,-1,-1,-1,0,2,0,0,0,0,1,9,-1,9,1,48,8,2204,2,17,HONDA CR-V,4,E01026743,0,2
2024010528659,2024,010528659,1,9,0,18,19,7,3,0,0,2,0,0,0,0,1,1,6,6,1,72,10,1997,1,15,HONDA CR-V,2,E01003604,0,1
2024522401823,2024,522401823,2,9,0,18,19,6,2,0,0,6,0,0,0,0,1,1,6,6,1,-1,-1,1998,1,21,HONDA CR-V,-1,-1,0,-1
2024311416014,2024,311416014,1,9,0,-1,19,3,7,-1,0,0,5,4,0,0,2,1,-1,9,2,50,8,2199,2,11,HONDA CR-V,4,E01028211,0,1
2024471467326,2024,471467326,2,9,0,-1,19,2,5,-1,0,1,0,0,0,0,1,1,-1,6,3,-1,-1,1973,1,24,HONDA CR-V,-1,-1,0,-1
2024010498169,2024,010498169,1,9,0,99,99,9,9,99,99,9,9,99,9,99,2,9,6,6,3,46,8,1997,1,7,HONDA CR-V,9,E01001030,0,1
2024631481379,2024,631481379,3,9,0,-1,19,3,7,-1,0,8,0,0,0,0,3,9,-1,6,2,36,7,2204,2,17,HONDA CR-V,4,W01000587,0,3
2024122500010,2024,122500010,1,9,0,18,19,3,7,0,0,8,0,0,0,0,1,1,6,6,1,70,10,2204,2,15,HONDA CR-V,1,E01011466,0,4
2024010513547,2024,010513547,2,9,0,99,99,9,9,99,99,9,9,99,9,99,1,9,6,6,3,-1,-1,1997,1,11,HONDA CR-V,-1,-1,0,-1
2024451509608,2024,451509608,1,9,0,-1,19,1,1,-1,0,0,0,0,0,0,2,1,-1,6,3,40,7,1973,1,23,HONDA CR-V,-1,-1,0,-1