collision_index,collision_year,collision_ref_no,vehicle_reference,vehicle_type,towing_and_articulation,vehicle_manoeuvre_historic,vehicle_manoeuvre,vehicle_direction_from,vehicle_direction_to,vehicle_location_restricted_lane_historic,vehicle_location_restricted_lane,junction_location,skidding_and_overturning,hit_object_in_carriageway,vehicle_leaving_carriageway,hit_object_off_carriageway,first_point_of_impact,vehicle_left_hand_drive,journey_purpose_of_driver_historic,journey_purpose_of_driver,sex_of_driver,age_of_driver,age_band_of_driver,engine_capacity_cc,propulsion_code,age_of_vehicle,generic_make_model,driver_imd_decile,lsoa_of_driver,escooter_flag,driver_distance_banding
2024471485803,2024,471485803,1,9,0,-1,19,7,2,-1,0,1,1,0,0,0,3,1,-1,9,1,58,9,1896,2,21,VOLKSWAGEN BORA,2,E01021037,0,1
2024531431073,2024,531431073,1,9,0,-1,19,1,5,-1,0,0,5,0,8,10,1,1,-1,9,1,17,4,1984,1,20,VOLKSWAGEN BORA,10,E01031949,0,3
202460Q137160,2024,60Q137160,3,9,0,8,8,1,4,0,0,2,0,0,0,0,3,1,6,6,1,27,6,1896,2,18,VOLKSWAGEN BORA,-1,-1,0,-1
2024302400954,2024,302400954,1,9,0,18,19,5,2,0,0,2,0,0,7,4,3,1,6,6,1,20,4,1896,2,22,VOLKSWAGEN BORA,-1,-1,0,-1
2024311449164,2024,311449164,1,9,0,-1,19,1,3,-1,0,0,1,0,1,4,4,9,-1,9,1,29,6,1896,2,22,VOLKSWAGEN BORA,6,E01028074,0,1
2024010511249,2024,010511249,2,9,0,18,19,5,1,0,0,9,0,0,0,0,1,9,6,6,3,43,7,1595,1,19,VOLKSWAGEN BORA,5,E01002660,0,1
2024101434697,2024,101434697,2,9,0,-1,19,7,3,-1,0,3,0,0,0,0,3,1,-1,1,1,28,6,1781,1,22,VOLKSWAGEN BORA,1,E01035188,0,4
2024411504412,2024,411504412,2,9,0,-1,9,5,3,-1,0,1,0,0,0,0,1,1,-1,6,1,68,10,1896,2,19,VOLKSWAGEN BORA,7,E01023935,0,4
2024361440865,2024,361440865,1,9,0,-1,13,5,1,-1,0,0,0,0,1,4,1,1,-1,9,1,21,5,1896,2,19,VOLKSWAGEN BORA,5,E01026776,0,3
2024311493689,2024,311493689,1,9,0,-1,19,7,3,-1,0,0,5,0,1,10,1,1,-1,9,1,19,4,1896,2,21,VOLKSWAGEN BORA,9,E01019678,0,2
2024122400808,2024,122400808,1,9,0,18,19,2,6,0,0,0,2,0,2,1,1,1,6,6,3,-1,-1,1896,2,20,VOLKSWAGEN BORA,-1,-1,0,-1
202454E477924,2024,54E477924,1,9,0,4,4,3,7,0,0,0,0,0,0,0,2,1,6,6,1,47,8,1896,2,19,VOLKSWAGEN BORA,10,E01015518,0,1
2024440191603,2024,440191603,1,9,0,16,19,5,8,0,0,0,0,0,7,11,1,1,6,6,1,19,4,1896,2,22,VOLKSWAGEN BORA,3,E01022649,0,3
2024531445334,2024,531445334,3,9,0,-1,19,5,1,-1,0,1,0,10,0,0,3,1,-1,9,2,47,8,1896,2,23,VOLKSWAGEN BORA,3,E01022286,0,1
2024401516761,2024,401516761,2,9,0,-1,19,3,7,-1,0,0,0,0,0,0,4,1,-1,6,1,20,4,1896,2,21,VOLKSWAGEN BORA,9,E01017421,0,2
2024430268442,2024,430268442,1,9,0,18,19,4,8,0,0,0,0,0,0,0,4,1,6,6,1,79,11,1896,2,19,VOLKSWAGEN BORA,7,E01028429,0,1
2024101502413,2024,101502413,2,9,0,-1,3,5,8,-1,0,0,0,0,0,0,2,1,-1,9,2,68,10,1896,2,18,VOLKSWAGEN BORA,9,E01027463,0,1
2024461529420,2024,461529420,1,9,0,-1,10,4,4,-1,0,1,0,0,0,0,1,1,-1,6,2,72,10,1896,2,21,VOLKSWAGEN BORA,7,E01016162,0,2
2024041503313,2024,041503313,1,9,0,-1,19,1,5,-1,0,1,0,0,0,0,1,1,-1,7,1,39,7,1896,2,20,VOLKSWAGEN BORA,1,E01024876,0,1
2024351515716,2024,351515716,1,9,0,-1,19,1,5,-1,0,0,0,0,0,0,1,1,-1,2,1,19,4,1896,2,19,VOLKSWAGEN BORA,4,E01026278,0,3
2024421413642,2024,421413642,1,9,0,-1,5,8,4,-1,0,8,0,0,0,0,1,1,-1,9,2,32,6,1896,2,21,VOLKSWAGEN BORA,4,E01021269,0,3
2024522401340,2024,522401340,8,9,0,3,3,8,4,0,0,0,0,0,0,0,2,1,6,6,1,54,8,1896,2,20,VOLKSWAGEN BORA,9,W01001590,0,4
2024131514551,2024,131514551,1,9,0,-1,19,5,1,-1,0,0,1,0,7,10,1,1,-1,9,1,24,5,1595,1,24,VOLKSWAGEN BORA,2,E01011256,0,1
2024461436592,2024,461436592,1,9,0,-1,4,7,3,-1,-1,3,0,9,0,0,1,2,-1,6,1,25,5,1896,2,21,VOLKSWAGEN BORA,5,E01024556,0,4
2024201486084,2024,201486084,1,9,0,-1,19,4,6,-1,0,4,0,0,0,0,1,1,-1,9,2,19,4,999,1,0,VOLKSWAGEN TAIGO,3,E01008988,0,1
2024501529843,2024,501529843,1,9,0,-1,3,3,6,-1,0,0,1,0,0,0,2,1,-1,9,1,51,8,999,1,1,VOLKSWAGEN TAIGO,4,E01018793,0,2
2024061459020,2024,061459020,1,9,0,-1,19,5,1,-1,0,0,0,0,0,0,4,1,-1,9,1,25,5,999,1,1,VOLKSWAGEN TAIGO,8,E01005738,0,1
2024622400512,2024,622400512,1,9,0,14,14,1,5,0,0,0,0,4,0,0,1,1,6,6,1,52,8,999,1,1,VOLKSWAGEN TAIGO,1,W01000817,0,1
202454E884524,2024,54E884524,2,8,0,18,19,8,4,0,0,8,0,0,0,0,3,1,6,6,1,20,4,999,1,1,VOLKSWAGEN TAIGO,-1,-1,0,-1
2024211512860,2024,211512860,1,9,0,-1,5,8,4,-1,0,2,0,0,3,0,1,1,-1,7,2,25,5,999,1,0,VOLKSWAGEN TAIGO,8,E01029713,0,2
2024371449771,2024,371449771,1,9,0,-1,6,1,5,-1,0,1,0,0,0,0,3,1,-1,6,1,70,10,1498,1,1,VOLKSWAGEN TAIGO,6,E01030044,0,1
2024122400698,2024,122400698,1,9,0,9,9,1,7,0,0,1,0,0,0,0,1,1,6,6,2,59,9,999,1,1,VOLKSWAGEN TAIGO,1,E01027804,0,3
2024061505802,2024,061505802,1,9,0,-1,5,4,8,-1,0,0,0,0,0,0,1,1,-1,9,1,23,5,999,1,1,VOLKSWAGEN TAIGO,3,E01005031,0,1
2024010542236,2024,010542236,1,9,0,1,1,2,6,0,0,2,0,0,0,0,2,1,6,6,3,-1,-1,999,1,0,VOLKSWAGEN TAIGO,-1,-1,0,-1
2024461418644,2024,461418644,1,9,0,-1,5,5,3,-1,0,0,5,0,0,0,1,9,-1,6,1,18,4,999,1,1,VOLKSWAGEN TAIGO,1,E01024240,0,1
202460Q102751,2024,60Q102751,1,9,0,18,19,5,1,0,0,0,0,4,0,0,4,1,1,1,1,60,9,999,1,2,VOLKSWAGEN TAIGO,-1,-1,0,-1
2024631430120,2024,631430120,1,9,0,-1,5,2,6,-1,0,0,0,0,1,11,1,1,-1,9,1,94,11,999,1,2,VOLKSWAGEN TAIGO,10,E01030382,0,5
2024131500829,2024,131500829,1,9,0,-1,19,1,5,-1,0,8,0,4,0,0,1,1,-1,9,1,34,6,999,1,0,VOLKSWAGEN TAIGO,1,E01011317,0,4
2024991432069,2024,991432069,2,9,0,-1,3,7,3,-1,0,0,0,0,0,0,2,2,-1,1,1,24,5,999,1,0,VOLKSWAGEN TAIGO,10,-1,0,1
2024991521121,2024,991521121,1,9,0,-1,19,8,4,-1,0,0,0,11,0,0,1,1,-1,9,1,35,6,999,1,1,VOLKSWAGEN TAIGO,6,-1,0,3
2024320277472,2024,320277472,1,9,0,4,4,4,8,0,0,0,0,0,0,0,2,1,-1,-1,2,29,6,999,1,2,VOLKSWAGEN TAIGO,4,E01028302,0,4
2024411520957,2024,411520957,1,9,0,-1,7,8,2,-1,0,6,0,0,0,0,4,1,-1,7,2,30,6,999,1,2,VOLKSWAGEN TAIGO,9,E01023639,0,1
2024231415051,2024,231415051,1,9,0,-1,19,3,7,-1,0,8,0,0,0,0,1,9,-1,6,2,42,7,999,1,1,VOLKSWAGEN TAIGO,3,E01031080,0,2
2024991463238,2024,991463238,1,9,0,-1,11,8,1,-1,0,0,0,0,0,0,4,1,-1,9,2,31,6,999,1,0,VOLKSWAGEN TAIGO,-1,-1,0,-1
2024471533656,2024,471533656,1,9,0,-1,19,8,4,-1,0,0,1,0,0,0,3,1,-1,9,1,20,4,999,1,0,VOLKSWAGEN TAIGO,1,E01021020,0,3
2024101447762,2024,101447762,2,9,0,-1,19,7,3,-1,0,0,0,0,0,0,2,1,-1,9,1,85,11,999,1,0,VOLKSWAGEN TAIGO,3,E01008569,0,1
2024471459176,2024,471459176,1,9,0,-1,19,7,3,-1,0,0,1,0,0,0,1,1,-1,9,1,40,7,999,1,1,VOLKSWAGEN TAIGO,3,E01003120,0,4
2024010544938,2024,010544938,2,9,9,99,99,9,9,99,99,4,9,99,9,99,9,9,6,6,3,-1,-1,999,1,0,VOLKSWAGEN TAIGO,-1,-1,0,-1
2024141425855,2024,141425855,2,9,0,-1,11,7,3,-1,0,0,0,0,0,0,4,2,-1,6,2,40,7,999,1,1,VOLKSWAGEN TAIGO,5,E01007924,0,2
2024111528074,2024,111528074,2,9,0,-1,19,6,2,-1,0,0,1,0,0,0,1,1,-1,9,2,39,7,999,1,0,VOLKSWAGEN TAIGO,2,E01020670,0,1
2024991459422,2024,991459422,2,9,0,-1,10,6,3,-1,0,0,0,4,0,0,2,1,-1,6,2,45,7,999,1,1,VOLKSWAGEN TAIGO,5,-1,0,2
2024471470128,2024,471470128,1,9,0,-1,2,0,0,-1,99,1,0,0,0,0,4,1,-1,6,3,-1,-1,999,1,2,VOLKSWAGEN TAIGO,-1,-1,0,-1
2024221475033,2024,221475033,2,9,0,-1,2,0,0,-1,0,2,0,0,0,0,3,1,-1,6,1,72,10,999,1,0,VOLKSWAGEN TAIGO,5,E01014021,0,1
2024010514095,2024,010514095,1,9,0,18,19,2,6,0,0,2,0,4,0,0,3,1,6,6,1,22,5,999,1,2,VOLKSWAGEN TAIGO,4,E01003412,0,1
2024221449213,2024,221449213,1,9,0,-1,19,8,4,-1,0,0,2,0,2,0,1,1,-1,6,2,25,5,999,1,1,VOLKSWAGEN TAIGO,5,E01013991,0,3
2024101473521,2024,101473521,1,9,0,-1,19,5,1,-1,0,0,0,0,0,0,4,1,-1,9,2,34,6,999,1,0,VOLKSWAGEN TAIGO,2,E01027395,0,1
2024061411497,2024,061411497,1,9,0,-1,10,7,3,-1,0,0,0,0,0,0,2,1,-1,6,1,18,4,999,1,0,VOLKSWAGEN TAIGO,6,E01005057,0,2
2024461463923,2024,461463923,1,9,0,-1,19,5,1,-1,0,2,0,0,0,0,1,9,-1,6,1,44,7,999,1,1,VOLKSWAGEN TAIGO,-1,-1,0,-1
2024052401445,2024,052401445,2,9,0,5,5,2,4,0,0,4,0,0,0,0,4,1,6,6,1,38,7,999,1,2,VOLKSWAGEN TAIGO,6,E01007265,0,1
2024041469307,2024,041469307,2,9,0,-1,19,4,8,-1,0,1,0,0,0,0,3,1,-1,7,2,25,5,999,1,1,VOLKSWAGEN TAIGO,4,E01012633,0,1
2024231437694,2024,231437694,1,9,0,-1,9,2,8,-1,0,6,0,0,0,0,3,1,-1,9,2,57,9,999,1,1,VOLKSWAGEN TAIGO,10,E01009436,0,1
2024311428532,2024,311428532,2,9,0,-1,19,8,8,-1,0,0,0,0,0,0,1,1,-1,2,1,20,4,999,1,1,VOLKSWAGEN TAIGO,-1,-1,0,-1
2024052400849,2024,052400849,1,9,0,15,15,2,4,0,0,0,0,0,0,0,4,1,2,2,3,-1,-1,999,1,2,VOLKSWAGEN TAIGO,-1,-1,0,-1
2024052401049,2024,052401049,2,9,0,9,9,6,4,0,0,1,0,0,0,0,3,1,3,7,2,43,7,999,1,0,VOLKSWAGEN TAIGO,1,E01006699,0,1
2024501475361,2024,501475361,4,9,0,-1,2,0,0,-1,0,0,0,0,0,0,1,1,-1,6,-1,-1,-1,999,1,0,VOLKSWAGEN TAIGO,-1,-1,0,-1
2024010515746,2024,010515746,1,9,0,6,6,1,1,0,0,0,0,0,0,0,3,1,6,6,1,46,8,999,1,2,VOLKSWAGEN TAIGO,2,E01034043,0,2
2024061403411,2024,061403411,1,9,0,-1,19,1,5,-1,0,0,0,0,0,0,1,1,-1,6,3,-1,-1,1498,1,1,VOLKSWAGEN TAIGO,-1,-1,0,-1
2024061470517,2024,061470517,1,9,0,-1,1,1,5,-1,0,0,0,4,0,0,4,9,-1,6,1,25,5,999,1,1,VOLKSWAGEN TAIGO,2,E01006029,0,3
2024311469441,2024,311469441,1,9,0,-1,9,1,7,-1,0,1,0,0,0,0,4,1,-1,9,2,18,4,999,1,1,VOLKSWAGEN TAIGO,7,E01028183,0,1
2024041416505,2024,041416505,1,9,0,-1,19,1,5,-1,0,2,0,0,0,0,1,1,-1,9,1,17,4,999,1,1,VOLKSWAGEN TAIGO,5,E01007069,0,2
2024010504322,2024,010504322,1,9,0,11,11,1,5,0,0,1,5,7,0,0,3,1,6,6,1,22,5,999,1,1,VOLKSWAGEN TAIGO,3,E01035681,0,1
2024302401515,2024,302401515,1,9,0,4,4,2,6,0,0,8,1,0,1,11,1,1,6,6,1,30,6,999,1,0,VOLKSWAGEN TAIGO,2,E01016024,0,5
2024471458196,2024,471458196,1,9,0,-1,19,5,1,-1,0,1,0,0,1,11,1,1,-1,6,1,21,5,999,1,0,VOLKSWAGEN TAIGO,7,E01030818,0,1
2024552400682,2024,552400682,1,9,0,7,7,1,2,0,0,6,0,0,0,0,1,1,6,6,1,37,7,1498,1,1,VOLKSWAGEN TAIGO,10,E01020407,0,1
2024501482373,2024,501482373,1,9,0,-1,5,1,5,-1,0,0,0,0,0,0,3,1,-1,2,2,56,9,999,1,1,VOLKSWAGEN TAIGO,1,E01015083,0,4
2024010529620,2024,010529620,1,9,0,99,99,9,9,99,99,9,9,99,9,99,2,9,6,6,1,40,7,999,1,1,VOLKSWAGEN TAIGO,6,E01001277,0,1
2024332401207,2024,332401207,1,9,0,-1,19,8,4,-1,0,1,0,0,7,11,3,1,-1,6,1,65,9,999,1,1,VOLKSWAGEN TAIGO,10,E01028390,0,2
2024052400249,2024,052400249,2,9,0,4,4,1,5,0,0,1,0,0,0,0,2,1,6,6,2,21,5,999,1,0,VOLKSWAGEN TAIGO,2,E01006783,0,1
2024991488305,2024,991488305,1,9,0,-1,19,8,4,-1,0,1,0,0,0,0,1,1,-1,9,2,37,7,999,1,1,VOLKSWAGEN TAIGO,1,-1,0,1
2024991426217,2024,991426217,1,9,0,-1,9,4,1,-1,0,2,0,0,0,0,3,1,-1,9,1,67,10,999,1,0,VOLKSWAGEN TAIGO,1,-1,0,4
2024010520512,2024,010520512,1,9,0,10,10,5,3,0,0,1,0,0,0,0,2,1,6,6,1,20,4,999,1,0,VOLKSWAGEN TAIGO,3,E01001423,0,1
2024010516382,2024,010516382,1,9,0,99,99,9,9,99,99,9,9,99,9,99,1,9,6,6,1,26,6,999,1,1,VOLKSWAGEN TAIGO,6,E01003398,0,1
2024401541254,2024,401541254,2,9,0,-1,19,5,1,-1,0,8,0,10,0,0,4,1,-1,6,2,26,6,999,1,1,VOLKSWAGEN TAIGO,10,E01017407,0,3
2024070093222,2024,070093222,1,9,0,9,9,3,7,0,0,1,0,0,0,0,0,2,2,2,1,61,9,1498,1,2,VOLKSWAGEN TAIGO,10,E01018662,0,2
2024010515886,2024,010515886,2,9,0,15,15,5,1,0,0,8,0,0,0,0,1,1,6,6,3,-1,-1,999,1,0,VOLKSWAGEN TAIGO,-1,-1,0,-1
2024122401146,2024,122401146,1,9,0,7,7,8,2,0,0,5,0,0,0,0,4,1,6,6,3,-1,-1,999,1,0,VOLKSWAGEN TAIGO,-1,-1,0,-1
2024461499739,2024,461499739,1,9,0,-1,19,7,8,-1,9,0,5,7,2,6,1,2,-1,9,2,35,6,1498,1,0,VOLKSWAGEN TAIGO,1,E01004042,0,4
2024010536396,2024,010536396,2,9,0,99,99,9,9,99,99,9,9,99,9,99,9,9,6,6,3,-1,-1,1498,1,2,VOLKSWAGEN TAIGO,-1,-1,0,-1
2024552400367,2024,552400367,1,9,0,18,19,1,5,0,0,0,0,4,0,0,1,1,6,6,2,52,8,999,1,1,VOLKSWAGEN TAIGO,3,E01015359,0,1
2024010524230,2024,010524230,1,9,0,6,6,7,7,0,0,1,0,0,0,0,1,1,6,6,1,22,5,999,1,0,VOLKSWAGEN TAIGO,3,E01034388,0,2
2024070525269,2024,070525269,2,9,0,4,4,4,7,0,0,7,0,0,0,0,2,1,6,6,2,33,6,999,1,1,VOLKSWAGEN TAIGO,1,E01012444,0,1
2024340WN4172,2024,340WN4172,1,9,0,-1,19,1,3,-1,0,0,1,0,0,0,1,1,-1,9,1,19,4,999,1,0,VOLKSWAGEN TAIGO,9,E01027256,0,2
2024552401541,2024,552401541,1,9,0,3,3,8,4,0,0,0,0,0,0,0,2,1,6,6,2,53,8,999,1,1,VOLKSWAGEN TAIGO,5,E01020512,0,1
2024010521164,2024,010521164,1,9,0,18,19,5,1,0,0,2,0,11,1,4,1,1,6,6,1,94,11,999,1,2,VOLKSWAGEN TAIGO,10,E01030382,0,2
2024131442366,2024,131442366,1,5,0,-1,19,3,7,-1,0,0,1,11,0,0,1,1,-1,9,1,54,8,1250,1,15,YAMAHA XJR,7,E01011890,0,2
2024522402901,2024,522402901,1,4,0,4,4,2,6,0,0,8,0,0,0,0,1,1,6,6,1,48,8,1250,1,13,YAMAHA XJR,5,E01014843,0,4
2024311480755,2024,311480755,1,5,0,-1,13,8,8,-1,0,0,5,10,7,9,1,1,-1,9,1,46,8,1250,1,25,YAMAHA XJR,10,E01028390,0,1
2024471437294,2024,471437294,1,5,0,-1,3,8,4,-1,0,0,0,0,0,0,4,1,-1,9,1,40,7,1250,1,24,YAMAHA XJR,4,E01030634,0,2
2024070787557,2024,070787557,2,5,0,-1,4,6,2,-1,0,1,1,0,0,0,1,1,-1,2,1,61,9,1250,1,23,YAMAHA XJR,1,E01012367,0,3
2024471442289,2024,471442289,1,5,0,-1,19,1,5,-1,0,1,0,0,0,0,1,1,-1,2,1,52,8,1250,1,12,YAMAHA XJR,2,E01021016,0,1
202460Q108040,2024,60Q108040,1,5,0,18,19,5,6,0,0,0,1,0,0,0,1,1,6,6,1,69,10,1250,1,21,YAMAHA XJR,-1,-1,0,-1
2024302400434,2024,302400434,2,5,0,13,13,6,2,0,0,1,1,0,0,0,4,1,6,6,1,69,10,1250,1,23,YAMAHA XJR,6,E01025659,0,4
2024221498175,2024,221498175,2,5,0,-1,19,8,4,-1,0,3,0,0,0,0,3,1,-1,6,1,65,9,1251,1,8,YAMAHA XJR,2,E01028906,0,1
2024461477889,2024,461477889,2,4,0,-1,19,3,3,-1,0,2,1,0,1,0,0,1,-1,2,1,34,6,1250,1,22,YAMAHA XJR,6,E01024653,0,1
2024421465149,2024,421465149,2,5,0,-1,7,3,7,-1,0,3,0,0,7,0,4,1,-1,9,1,60,9,1250,1,18,YAMAHA XJR,10,E01021364,0,3
2024461464148,2024,461464148,1,5,0,-1,5,3,7,-1,0,0,1,0,0,0,4,1,-1,6,1,25,5,1250,1,22,YAMAHA XJR,5,E01024198,0,2
2024471491750,2024,471491750,1,5,0,-1,19,4,8,-1,0,1,0,0,0,0,1,1,-1,9,1,60,9,1250,1,21,YAMAHA XJR,8,E01031418,0,4
2024451443421,2024,451443421,2,5,0,-1,19,2,6,-1,0,0,2,0,0,0,1,1,-1,2,1,56,9,1250,1,24,YAMAHA XJR,7,E01030410,0,1
2024131400157,2024,131400157,1,5,0,-1,19,1,5,-1,0,0,1,0,0,0,3,1,-1,2,1,61,9,1250,1,23,YAMAHA XJR,4,E01011727,0,1
2024531444856,2024,531444856,2,5,0,-1,19,7,3,-1,0,8,0,0,0,0,1,1,-1,9,1,64,9,1250,1,24,YAMAHA XJR,-1,-1,0,-1
2024430254902,2024,430254902,1,5,0,-1,-1,6,2,0,0,4,0,10,0,0,1,1,6,6,1,57,9,1251,1,6,YAMAHA XJR,5,E01016768,0,1
2024451489294,2024,451489294,1,2,0,-1,19,7,3,-1,0,0,0,0,0,0,0,1,-1,9,1,16,4,49,1,1,MAKE AND MODEL REDACTED,8,E01030697,0,2
2024522403171,2024,522403171,1,2,0,3,3,4,8,0,0,1,0,0,0,0,2,1,6,6,1,20,4,49,1,1,MAKE AND MODEL REDACTED,2,E01014493,0,2
2024501498533,2024,501498533,2,2,0,-1,19,3,7,-1,0,0,1,0,0,0,2,1,-1,9,1,16,4,49,1,0,MAKE AND MODEL REDACTED,7,E01018889,0,2
2024340NN4042,2024,340NN4042,1,2,0,-1,19,7,3,-1,0,0,0,4,0,0,1,1,-1,1,1,16,4,49,1,2,MAKE AND MODEL REDACTED,8,E01027071,0,2
2024451496866,2024,451496866,1,2,0,-1,9,1,7,-1,0,0,5,0,7,0,1,1,-1,9,1,16,4,49,1,3,MAKE AND MODEL REDACTED,10,E01030778,0,1
2024471466570,2024,471466570,2,9,0,-1,2,2,6,-1,0,0,0,0,0,0,3,9,-1,6,3,-1,-1,4398,1,20,BMW 6 SERIES,-1,-1,0,-1
2024461450777,2024,461450777,1,9,0,-1,13,6,4,-1,0,1,1,0,0,0,1,1,-1,6,1,40,7,4799,1,16,BMW 6 SERIES,2,E01024078,0,1
2024461448515,2024,461448515,1,9,0,-1,13,5,1,-1,0,0,1,0,7,0,1,1,-1,6,1,24,5,2993,2,10,BMW 6 SERIES,3,E01024090,0,3
2024421440955,2024,421440955,1,9,0,-1,19,4,8,-1,0,0,0,0,0,0,1,1,-1,9,1,52,8,2979,1,13,BMW 6 SERIES,2,E01021286,0,1
2024052402800,2024,052402800,1,9,0,9,9,3,7,0,0,8,0,0,0,0,1,1,2,2,1,43,7,2993,2,11,BMW 6 SERIES,6,E01007183,0,3
2024221443312,2024,221443312,1,9,0,-1,12,1,7,-1,0,8,1,0,0,0,3,9,-1,6,1,46,8,2993,2,16,BMW 6 SERIES,-1,-1,0,-1
2024010521984,2024,010521984,1,9,0,18,19,1,5,0,0,0,1,0,0,0,1,1,6,6,1,40,7,1998,1,5,BMW 6 SERIES,6,E01004637,0,1
2024332400965,2024,332400965,2,9,0,-1,19,7,3,-1,0,0,0,0,1,0,1,1,-1,9,1,40,7,2993,2,11,BMW 6 SERIES,2,E01034018,0,3
2024161422194,2024,161422194,1,9,0,-1,19,5,1,-1,0,0,0,0,0,0,1,1,-1,6,2,30,6,2993,2,10,BMW 6 SERIES,-1,-1,0,-1
2024471508405,2024,471508405,2,9,0,-1,19,4,8,-1,0,1,0,0,0,0,1,1,-1,6,1,-1,-1,3000,2,15,BMW 6 SERIES,-1,-1,0,-1
2024501414358,2024,501414358,2,9,0,-1,6,1,4,-1,0,8,0,0,0,0,3,9,-1,9,1,46,8,3430,1,40,BMW 6 SERIES,9,E01019937,0,1
2024010543210,2024,010543210,1,9,0,18,19,5,1,0,0,0,0,0,0,0,1,1,3,7,1,47,8,2993,2,9,BMW 6 SERIES,6,E01002246,0,1
2024052402224,2024,052402224,1,9,0,18,19,8,5,0,0,1,0,0,3,11,1,1,6,6,3,-1,-1,2993,2,11,BMW 6 SERIES,-1,-1,0,-1
2024010531000,2024,010531000,1,9,0,18,19,7,3,0,0,1,0,0,1,0,1,1,6,6,2,46,8,2993,2,7,BMW 6 SERIES,8,E01003677,0,1
2024451433643,2024,451433643,1,9,0,-1,9,7,2,-1,0,0,0,0,0,0,0,9,-1,6,1,52,8,2993,2,12,BMW 6 SERIES,3,E01000111,0,4
2024991442957,2024,991442957,1,9,0,-1,19,3,8,-1,0,0,0,2,0,0,1,1,-1,6,1,43,7,2993,2,9,BMW 6 SERIES,6,-1,0,4
2024201508534,2024,201508534,1,9,0,-1,19,8,4,-1,2,0,0,0,0,0,1,1,-1,6,1,21,5,2993,2,9,BMW 6 SERIES,-1,-1,0,-1
2024201510492,2024,201510492,1,9,0,-1,2,0,0,-1,0,0,0,0,0,0,3,1,-1,6,3,-1,-1,2996,1,16,BMW 6 SERIES,-1,-1,0,-1
2024411470746,2024,411470746,2,9,0,-1,4,8,4,-1,0,0,0,0,0,0,2,1,-1,2,1,48,8,2993,2,6,BMW 6 SERIES,9,E01023823,0,1
2024031529233,2024,031529233,1,9,0,-1,9,5,5,-1,0,2,0,0,0,0,1,1,-1,9,1,38,7,2993,2,8,BMW 6 SERIES,9,E01019396,0,1
2024010544514,2024,010544514,2,9,0,99,99,9,9,99,99,9,9,99,9,99,2,9,6,6,1,33,6,2993,2,7,BMW 6 SERIES,8,E01000227,0,1
2024131460528,2024,131460528,1,9,0,-1,4,1,5,-1,0,0,0,0,0,0,2,1,-1,1,2,23,5,2993,2,11,BMW 6 SERIES,9,E01010681,0,3
2024401441103,2024,401441103,1,9,0,-1,7,7,1,-1,0,1,0,0,3,2,1,1,-1,6,1,35,6,2993,2,6,BMW 6 SERIES,8,E01015747,0,1
2024061505251,2024,061505251,1,9,0,-1,19,1,1,-1,0,0,0,0,0,0,1,2,-1,6,3,30,6,2993,2,12,BMW 6 SERIES,-1,-1,0,-1
2024141475640,2024,141475640,1,9,0,-1,19,2,6,-1,-1,4,0,0,7,10,1,1,-1,6,1,40,7,2996,1,18,BMW 6 SERIES,2,E01007333,0,2
2024631530187,2024,631530187,2,9,0,-1,5,2,6,-1,0,6,0,0,0,0,1,1,-1,7,2,41,7,2993,2,12,BMW 6 SERIES,1,E01010464,0,5
2024332400693,2024,332400693,1,9,0,-1,19,8,4,-1,0,1,5,0,7,3,1,1,-1,1,1,29,6,2993,2,8,BMW 6 SERIES,3,E01013690,0,4
2024052402440,2024,052402440,1,9,0,18,19,8,4,0,0,0,0,0,0,0,1,1,1,1,1,36,7,2993,2,9,BMW 6 SERIES,6,E01032734,0,5
2024010535006,2024,010535006,2,9,0,99,99,9,9,99,99,6,9,99,9,99,1,9,6,6,1,-1,-1,1998,1,5,BMW 6 SERIES,-1,-1,0,-1
2024010553041,2024,010553041,2,9,0,99,99,9,9,0,0,1,0,0,0,0,2,1,6,6,1,-1,-1,2993,2,8,BMW 6 SERIES,-1,-1,0,-1
2024461464021,2024,461464021,1,9,0,-1,9,7,1,-1,0,1,0,0,0,0,1,1,-1,9,1,36,7,2996,1,18,BMW 6 SERIES,5,E01035292,0,1
2024010488842,2024,010488842,1,9,0,18,19,1,5,0,0,1,0,0,0,0,1,1,6,6,1,54,8,2996,1,19,BMW 6 SERIES,5,E01000242,0,3
2024340NN4222,2024,340NN4222,1,9,0,-1,19,1,5,-1,0,1,0,0,0,0,4,1,-1,9,2,34,6,2993,2,6,BMW 6 SERIES,8,E01035415,0,1
2024991497507,2024,991497507,1,9,0,-1,5,1,6,-1,0,4,0,0,0,0,1,1,-1,6,1,73,10,2993,2,12,BMW 6 SERIES,-1,-1,0,-1
2024421526139,2024,421526139,1,9,0,-1,9,1,7,-1,0,8,0,0,0,0,3,1,-1,6,1,31,6,2996,1,18,BMW 6 SERIES,2,E01001553,0,4
2024201528962,2024,201528962,2,9,0,-1,19,7,3,-1,0,8,0,0,0,0,1,1,-1,6,1,41,7,2993,2,8,BMW 6 SERIES,-1,-1,0,-1
2024041518389,2024,041518389,1,9,0,-1,9,1,7,-1,0,6,0,0,0,0,1,1,-1,9,1,48,8,2993,2,10,BMW 6 SERIES,3,E01012715,0,1
2024010549575,2024,010549575,3,9,0,-1,-1,1,5,0,0,2,0,0,1,0,1,1,6,6,1,53,8,1998,1,6,BMW 6 SERIES,2,E01003092,0,1
2024061473644,2024,061473644,1,9,0,-1,19,7,3,-1,0,0,0,10,0,0,1,1,-1,6,2,51,8,2993,2,5,BMW 6 SERIES,7,E01005330,0,1
2024461426807,2024,461426807,2,9,0,-1,19,1,5,-1,0,0,1,0,0,0,1,1,-1,9,1,43,7,2993,2,12,BMW 6 SERIES,5,E01011089,0,5