collision_index,collision_year,collision_ref_no,vehicle_reference,vehicle_type,towing_and_articulation,vehicle_manoeuvre_historic,vehicle_manoeuvre,vehicle_direction_from,vehicle_direction_to,vehicle_location_restricted_lane_historic,vehicle_location_restricted_lane,junction_location,skidding_and_overturning,hit_object_in_carriageway,vehicle_leaving_carriageway,hit_object_off_carriageway,first_point_of_impact,vehicle_left_hand_drive,journey_purpose_of_driver_historic,journey_purpose_of_driver,sex_of_driver,age_of_driver,age_band_of_driver,engine_capacity_cc,propulsion_code,age_of_vehicle,generic_make_model,driver_imd_decile,lsoa_of_driver,escooter_flag,driver_distance_banding
2024201419365,2024,201419365,2,9,0,-1,3,4,8,-1,0,1,0,0,0,0,1,1,-1,6,1,24,5,2993,2,17,BMW 6 SERIES,-1,-1,0,-1
2024430185471,2024,430185471,2,9,0,10,10,2,8,0,0,1,0,0,0,0,2,1,2,2,1,63,9,2993,2,8,BMW 6 SERIES,3,E01016511,0,1
2024052402271,2024,052402271,1,9,0,18,19,7,3,0,0,6,0,0,0,0,1,1,2,2,1,38,7,2993,2,10,BMW 6 SERIES,1,E01034400,0,2
2024010500029,2024,010500029,1,9,0,18,19,1,5,0,0,0,0,0,0,0,0,1,6,6,1,61,9,2993,2,8,BMW 6 SERIES,3,E01004266,0,3
2024451458331,2024,451458331,1,9,0,-1,19,5,1,-1,0,1,0,0,0,0,1,1,-1,2,1,44,7,4398,1,20,BMW 6 SERIES,5,E01021117,0,4
2024451531121,2024,451531121,1,9,0,-1,5,7,1,-1,0,1,0,0,0,0,1,1,-1,9,1,34,6,2993,2,7,BMW 6 SERIES,4,E01002346,0,4
2024401472397,2024,401472397,2,9,0,-1,2,0,0,-1,0,2,0,0,0,0,2,1,-1,6,1,40,7,1995,2,5,BMW 6 SERIES,-1,-1,0,-1
2024010541809,2024,010541809,1,9,0,12,12,7,3,0,0,0,0,0,0,0,2,1,6,6,1,22,5,2996,1,18,BMW 6 SERIES,2,E01004444,0,3
2024010493764,2024,010493764,2,9,0,99,99,9,9,99,99,9,9,99,9,99,2,9,6,6,1,41,7,2996,1,14,BMW 6 SERIES,4,E01001225,0,4
2024141532759,2024,141532759,3,9,0,-1,19,6,2,-1,0,0,0,4,0,0,1,1,-1,6,3,-1,-1,2993,2,11,BMW 6 SERIES,-1,-1,0,-1
2024201522450,2024,201522450,2,9,0,-1,2,0,0,-1,0,1,0,0,0,0,2,1,-1,6,1,31,6,2979,1,13,BMW 6 SERIES,1,E01010478,0,4
2024010519396,2024,010519396,1,9,0,6,6,7,7,0,0,1,0,0,0,0,3,1,6,6,1,35,6,2993,2,9,BMW 6 SERIES,2,E01001324,0,2
2024010541459,2024,010541459,2,9,0,17,19,7,3,0,0,4,0,0,0,0,3,1,6,6,1,66,10,4395,1,8,BMW 6 SERIES,6,E01001998,0,1
2024211508595,2024,211508595,1,9,0,-1,19,7,3,-1,0,0,0,0,1,0,1,1,-1,9,1,54,8,2993,2,16,BMW 6 SERIES,4,E01029857,0,1
2024070049933,2024,070049933,4,5,0,18,19,4,8,0,0,0,0,0,0,0,1,1,6,6,1,70,10,1078,1,17,MAKE AND MODEL REDACTED,3,E01006626,0,3
2024631479205,2024,631479205,1,9,0,-1,4,5,1,-1,0,0,0,0,0,0,2,1,-1,9,1,74,10,1910,2,17,MAKE AND MODEL REDACTED,5,W01000541,0,4
2024501456867,2024,501456867,1,9,0,-1,19,6,2,-1,0,0,5,0,2,10,1,2,-1,2,1,52,8,1910,2,17,MAKE AND MODEL REDACTED,5,E01034642,0,1
2024552400154,2024,552400154,1,9,0,9,9,1,7,0,0,8,0,0,0,0,3,1,6,6,3,-1,-1,1910,2,18,MAKE AND MODEL REDACTED,-1,-1,0,-1
2024141539337,2024,141539337,2,9,0,-1,19,7,1,-1,0,0,0,0,0,0,1,9,-1,6,3,-1,-1,1586,1,17,MAKE AND MODEL REDACTED,-1,-1,0,-1
2024522401101,2024,522401101,2,2,0,18,19,4,8,0,0,1,0,0,0,0,1,1,6,6,1,16,4,49,1,20,MAKE AND MODEL REDACTED,5,E01014927,0,1
2024421416998,2024,421416998,1,5,0,-1,-1,6,2,-1,-1,0,0,0,0,0,1,1,-1,-1,1,40,7,748,1,27,MAKE AND MODEL REDACTED,1,E01021323,0,3
202460Q104907,2024,60Q104907,1,4,0,13,13,1,5,0,0,1,0,0,0,0,1,1,6,6,1,42,7,249,1,8,MAKE AND MODEL REDACTED,-1,-1,0,-1
2024320379953,2024,320379953,2,17,4,9,9,3,1,0,0,6,0,0,0,0,0,1,1,1,1,26,6,4400,2,6,MAKE AND MODEL REDACTED,5,E01026407,0,2
2024351437036,2024,351437036,2,17,0,-1,19,1,5,-1,0,0,0,0,0,0,2,1,-1,1,1,62,9,48000,2,2,MAKE AND MODEL REDACTED,8,E01018054,0,3
2024052402300,2024,052402300,1,9,0,2,2,0,0,0,0,0,0,0,0,0,3,1,6,6,3,-1,-1,1368,1,6,JEEP COMPASS,-1,-1,0,-1
2024010541454,2024,010541454,2,9,0,11,11,7,3,0,0,3,0,0,0,0,4,1,6,6,1,61,9,2359,1,10,JEEP COMPASS,-1,-1,0,-1
2024041482880,2024,041482880,1,9,0,-1,11,3,7,-1,0,0,0,0,0,0,1,1,-1,6,1,33,6,1332,8,1,JEEP COMPASS,6,E01025078,0,1
2024361475743,2024,361475743,2,9,0,-1,3,7,3,-1,0,0,0,0,0,0,2,1,-1,9,1,26,6,1598,2,6,JEEP COMPASS,1,E01018103,0,3
2024440010020,2024,440010020,1,9,0,3,3,1,5,0,0,0,0,0,0,0,2,1,6,6,1,59,9,1368,1,6,JEEP COMPASS,6,E01000352,0,5
2024041414711,2024,041414711,1,9,0,-1,9,2,8,-1,0,1,0,0,0,0,1,1,-1,9,2,39,7,1368,1,5,JEEP COMPASS,4,E01024894,0,2
2024411429666,2024,411429666,1,9,0,-1,19,5,1,-1,0,2,2,0,7,0,3,1,-1,2,1,23,5,1332,8,1,JEEP COMPASS,4,E01034744,0,5
2024401522015,2024,401522015,1,9,0,-1,6,1,5,-1,0,0,0,0,4,0,1,1,-1,1,2,53,8,1368,1,4,JEEP COMPASS,7,E01017623,0,1
2024401578226,2024,401578226,1,9,0,-1,19,2,6,-1,0,0,0,0,0,0,1,1,-1,6,1,-1,-1,1469,8,1,JEEP COMPASS,10,E01017563,0,1
2024411460386,2024,411460386,3,9,0,-1,13,5,1,-1,0,0,0,0,0,0,0,1,-1,6,1,31,6,1469,1,0,JEEP COMPASS,5,E01023331,0,2
2024010549097,2024,010549097,1,9,0,5,5,1,5,0,0,4,0,0,0,0,1,1,6,6,1,76,11,1332,8,1,JEEP COMPASS,7,E01002982,0,1
2024451482455,2024,451482455,2,9,0,-1,2,0,0,-1,9,0,1,4,0,0,2,1,-1,6,-1,-1,-1,1332,8,2,JEEP COMPASS,-1,-1,0,-1
2024552401303,2024,552401303,1,9,0,18,19,2,6,0,0,8,0,0,0,0,3,1,6,6,1,26,6,2359,1,12,JEEP COMPASS,7,E01029070,0,4
2024421526781,2024,421526781,2,9,0,-1,19,3,7,-1,0,0,0,0,0,0,4,1,-1,6,2,26,6,1332,8,1,JEEP COMPASS,1,E01022025,0,4
2024161477469,2024,161477469,1,9,0,-1,19,7,3,-1,0,1,0,0,0,0,1,9,-1,2,2,56,9,1368,1,5,JEEP COMPASS,6,E01012810,0,1
2024010515513,2024,010515513,2,9,0,99,99,9,9,99,99,9,9,99,9,99,9,9,6,6,2,30,6,1998,1,10,JEEP COMPASS,4,E01014138,0,5
2024411515598,2024,411515598,1,9,-1,-1,-1,-1,-1,-1,-1,0,-1,-1,-1,0,-1,9,-1,6,1,47,8,1368,1,6,JEEP COMPASS,3,E01001970,0,4
2024501505939,2024,501505939,2,9,0,-1,2,0,0,-1,0,0,0,4,0,0,3,1,-1,6,-1,-1,-1,1368,1,3,JEEP COMPASS,-1,-1,0,-1
2024332400625,2024,332400625,1,9,0,-1,2,0,0,-1,0,0,0,0,0,0,0,1,-1,9,1,40,7,1332,8,1,JEEP COMPASS,7,E01025765,0,1
2024451400110,2024,451400110,1,9,0,-1,19,3,1,-1,0,0,0,0,0,0,1,9,-1,6,1,65,9,1368,1,6,JEEP COMPASS,4,E01030551,0,1
2024451512337,2024,451512337,2,9,0,-1,9,2,6,-1,0,5,0,0,0,0,1,1,-1,9,2,58,9,1368,1,5,JEEP COMPASS,9,E01003418,0,1
2024010549567,2024,010549567,2,9,0,99,99,9,9,99,99,9,9,99,9,99,9,9,6,6,3,-1,-1,1332,1,2,JEEP COMPASS,-1,-1,0,-1
2024061487042,2024,061487042,2,9,0,-1,19,5,1,-1,0,0,1,0,1,0,3,1,-1,9,2,23,5,1598,2,6,JEEP COMPASS,2,E01006030,0,3
2024010539866,2024,010539866,1,9,0,18,19,8,4,0,0,0,0,0,0,0,1,1,2,2,2,22,5,1368,1,4,JEEP COMPASS,8,E01004703,0,1
2024411471110,2024,411471110,2,9,0,-1,3,3,7,-1,0,2,0,0,0,0,1,1,-1,6,2,45,7,1368,1,3,JEEP COMPASS,2,E01023920,0,1
2024231524251,2024,231524251,2,9,0,-1,10,4,2,-1,0,0,0,0,0,0,2,9,-1,6,2,38,7,1956,2,6,JEEP COMPASS,6,E01031240,0,1
2024622500002,2024,622500002,2,9,0,2,2,0,0,0,0,0,0,0,0,0,1,1,6,6,3,-1,-1,1598,2,5,JEEP COMPASS,-1,-1,0,-1
2024430298271,2024,430298271,2,9,0,18,19,5,2,0,0,7,0,0,0,0,2,1,6,6,2,25,5,1368,1,6,JEEP COMPASS,-1,-1,0,-1
2024631490666,2024,631490666,2,9,0,-1,19,1,5,-1,0,0,0,0,0,0,4,1,-1,9,1,34,6,1368,1,4,JEEP COMPASS,4,W01001286,0,4
2024211452183,2024,211452183,1,9,0,-1,19,7,3,-1,0,0,0,0,0,0,1,1,-1,6,2,42,7,1368,1,3,JEEP COMPASS,6,E01029645,0,1
2024471500754,2024,471500754,2,9,0,-1,19,4,8,-1,0,0,0,0,0,0,1,1,-1,9,2,59,9,1332,1,2,JEEP COMPASS,7,E01024803,0,3
2024411503304,2024,411503304,2,9,0,-1,4,3,7,-1,0,1,0,0,0,0,2,1,-1,6,2,56,9,1368,1,3,JEEP COMPASS,5,E01023535,0,1
2024430278606,2024,430278606,1,9,0,5,5,3,7,0,0,1,0,0,0,0,1,1,6,6,2,31,6,1332,8,0,JEEP COMPASS,8,E01016255,0,2
2024141483486,2024,141483486,1,9,0,-1,19,1,1,-1,0,0,0,11,1,4,1,1,-1,6,1,41,7,1368,1,6,JEEP COMPASS,2,E01028269,0,4
2024131441851,2024,131441851,1,9,0,-1,4,5,1,-1,0,1,0,0,0,0,4,1,-1,6,1,42,7,1332,8,2,JEEP COMPASS,4,E01011395,0,4
2024520402806,2024,520402806,1,9,0,18,19,8,4,0,0,0,0,0,1,11,1,1,6,6,1,59,9,1368,1,5,JEEP COMPASS,5,E01015587,0,5
2024351421912,2024,351421912,2,9,0,-1,4,1,7,-1,0,2,0,0,0,0,2,1,-1,9,1,63,9,1332,8,1,JEEP COMPASS,6,E01035547,0,1
2024041534483,2024,041534483,2,9,0,-1,19,1,5,-1,0,0,0,0,0,0,3,1,-1,6,1,55,8,1598,2,5,JEEP COMPASS,5,E01025053,0,1
2024201517437,2024,201517437,2,9,0,-1,3,5,1,-1,0,0,0,0,0,0,2,1,-1,9,1,59,9,1368,1,3,JEEP COMPASS,4,E01014206,0,4
2024052401797,2024,052401797,1,9,0,18,19,1,5,0,0,0,0,0,2,3,1,1,6,6,1,39,7,1469,8,1,JEEP COMPASS,8,E01006519,0,1
2024131414297,2024,131414297,2,9,0,-1,19,7,3,-1,0,8,0,0,0,0,2,1,-1,6,2,27,6,1368,1,3,JEEP COMPASS,2,E01013448,0,4
2024461482873,2024,461482873,2,9,0,-1,4,3,7,-1,0,0,0,0,0,0,2,9,-1,6,2,22,5,1332,8,2,JEEP COMPASS,9,E01024139,0,1
2024471441389,2024,471441389,1,9,0,-1,9,3,1,-1,0,5,0,0,0,0,1,1,-1,9,2,56,9,1368,1,6,JEEP COMPASS,3,E01031459,0,1
2024070685941,2024,070685941,1,9,0,4,4,3,7,0,0,1,0,0,0,0,0,1,1,1,2,47,8,1332,8,1,JEEP COMPASS,6,E01007287,0,4
2024471499915,2024,471499915,1,9,0,-1,9,1,8,-1,0,5,0,0,0,0,3,1,-1,9,2,46,8,2359,1,15,JEEP COMPASS,6,E01031705,0,1
2024430430769,2024,430430769,2,9,0,4,4,6,2,0,0,1,0,0,0,0,2,1,6,6,1,40,7,1956,2,6,JEEP COMPASS,8,E01028784,0,3
2024010525665,2024,010525665,4,9,0,2,2,0,0,0,0,0,0,0,0,0,1,1,6,6,3,-1,-1,1368,1,3,JEEP COMPASS,-1,-1,0,-1
2024211436498,2024,211436498,1,9,0,-1,19,1,5,-1,0,0,1,7,0,0,1,1,-1,9,1,28,6,1332,8,1,JEEP COMPASS,1,E01004879,0,5
2024991486167,2024,991486167,1,9,0,-1,19,5,1,-1,0,0,0,0,0,0,3,1,-1,9,1,30,6,1332,8,1,JEEP COMPASS,8,-1,0,1
2024010489917,2024,010489917,1,9,0,9,9,1,8,0,0,6,0,0,1,0,1,1,2,2,1,24,5,1598,2,5,JEEP COMPASS,3,E01003069,0,1
2024371397290,2024,371397290,2,9,0,-1,19,4,8,-1,0,8,0,0,0,0,4,1,-1,2,2,48,8,1368,1,3,JEEP COMPASS,3,E01030109,0,1
2024501468411,2024,501468411,1,9,0,-1,19,7,1,-1,0,1,0,0,1,4,1,1,-1,9,2,78,11,1332,8,2,JEEP COMPASS,8,E01019915,0,1
2024471424712,2024,471424712,2,9,0,-1,10,1,5,-1,0,5,0,0,0,0,3,1,-1,2,1,53,8,1968,2,17,JEEP COMPASS,7,E01028521,0,5
2024401419297,2024,401419297,1,9,0,-1,-1,-1,-1,-1,-1,-1,0,-1,-1,0,-1,9,-1,6,2,-1,-1,1368,1,6,JEEP COMPASS,9,E01021787,0,4
2024161539374,2024,161539374,2,3,0,-1,3,7,4,-1,0,1,5,0,0,0,2,1,-1,1,1,25,5,124,1,20,MAKE AND MODEL REDACTED,1,E01013080,0,3
2024010534912,2024,010534912,1,9,0,18,19,3,7,0,0,1,0,0,0,0,1,1,6,6,1,37,7,6498,1,7,MAKE AND MODEL REDACTED,8,E01004762,0,2
2024161520154,2024,161520154,1,9,0,-1,19,1,5,-1,0,1,0,0,0,0,1,1,-1,2,1,39,7,2143,2,9,MERCEDES C CLASS,1,E01012856,0,1
2024411470787,2024,411470787,2,9,0,-1,5,3,7,-1,0,4,0,0,0,0,1,1,-1,6,2,30,6,2143,2,10,MERCEDES C CLASS,9,E01023507,0,2
2024501486468,2024,501486468,1,9,0,-1,19,3,7,-1,0,0,0,0,0,0,1,1,-1,9,2,51,8,2143,2,9,MERCEDES C CLASS,10,E01019895,0,1
2024010538643,2024,010538643,1,9,0,18,19,6,2,0,0,1,0,0,0,0,4,1,6,6,1,34,6,2143,2,8,MERCEDES C CLASS,1,E01016842,0,4
2024010500489,2024,010500489,1,9,0,9,9,5,3,0,0,8,0,0,0,0,0,1,6,6,1,63,9,1991,1,7,MERCEDES C CLASS,3,E01001136,0,1
2024010509922,2024,010509922,1,9,0,13,13,5,1,9,9,0,1,4,1,0,1,1,6,6,1,25,5,2143,2,10,MERCEDES C CLASS,3,E01004231,0,1
2024061458324,2024,061458324,2,9,-1,-1,19,2,6,-1,0,1,0,0,0,0,3,9,-1,6,1,21,5,2143,2,10,MERCEDES C CLASS,1,E01004879,0,3
2024311481897,2024,311481897,1,9,0,-1,9,1,5,-1,0,1,0,0,0,0,1,1,-1,9,1,73,10,2143,2,12,MERCEDES C CLASS,10,E01028216,0,1
2024101536532,2024,101536532,2,9,0,-1,2,0,0,-1,0,0,0,0,0,0,4,9,-1,9,1,24,5,1597,1,15,MERCEDES C CLASS,1,E01008398,0,1
2024552401072,2024,552401072,1,9,0,12,12,4,8,0,0,0,0,0,0,0,3,1,2,2,1,50,8,2143,2,8,MERCEDES C CLASS,9,E01029264,0,4
2024340NN3712,2024,340NN3712,2,9,0,-1,19,1,5,-1,0,8,0,0,0,0,1,1,-1,6,1,59,9,2143,2,13,MERCEDES C CLASS,3,E01027082,0,1
2024471478594,2024,471478594,1,9,0,-1,19,1,5,-1,0,0,0,0,0,0,1,9,-1,6,2,28,6,1796,1,17,MERCEDES C CLASS,3,E01031492,0,1
2024340WN3092,2024,340WN3092,2,9,0,-1,19,3,7,-1,0,0,0,0,0,0,1,1,-1,2,1,33,6,2143,2,11,MERCEDES C CLASS,4,E01027245,0,1
2024010541336,2024,010541336,1,9,0,18,19,1,5,0,0,1,0,0,0,0,1,1,6,6,1,40,7,2143,2,8,MERCEDES C CLASS,2,E01004674,0,1
2024010551417,2024,010551417,1,9,0,18,19,1,5,0,0,0,0,0,0,0,1,1,6,6,1,76,11,1796,1,21,MERCEDES C CLASS,8,E01000314,0,1
2024221523459,2024,221523459,2,9,0,-1,3,7,3,-1,0,0,0,0,0,0,2,1,-1,9,2,46,8,1595,1,12,MERCEDES C CLASS,4,E01029867,0,4
2024010524574,2024,010524574,2,9,0,5,5,7,3,0,0,4,0,0,0,0,1,1,6,6,2,41,7,1991,8,8,MERCEDES C CLASS,-1,-1,0,-1
2024101510036,2024,101510036,1,9,0,-1,6,5,1,-1,0,0,0,0,0,0,1,1,-1,6,1,39,7,1597,2,5,MERCEDES C CLASS,-1,-1,0,-1
2024340WN6212,2024,340WN6212,2,9,0,-1,19,7,3,-1,0,0,0,0,0,0,2,1,-1,1,2,54,8,2143,2,12,MERCEDES C CLASS,4,E01035429,0,3
2024010500173,2024,010500173,1,8,0,18,19,1,5,0,0,0,0,0,0,0,3,1,1,1,1,34,6,1991,8,8,MERCEDES C CLASS,3,E01003352,0,2
2024010527917,2024,010527917,1,9,0,99,99,9,9,99,99,9,9,99,9,99,9,9,6,6,2,26,6,2143,2,7,MERCEDES C CLASS,1,E01001410,0,4
202454A057224,2024,54A057224,2,9,0,18,19,6,2,0,0,4,0,0,0,0,1,1,6,6,2,46,8,1497,8,5,MERCEDES C CLASS,1,E01015538,0,1
2024430015794,2024,430015794,2,9,0,2,2,0,0,6,6,0,0,0,1,9,2,1,6,6,1,55,8,2143,2,10,MERCEDES C CLASS,7,E01016305,0,4
2024010516811,2024,010516811,1,9,0,99,99,9,9,99,99,9,9,99,9,99,9,9,6,6,3,81,11,1796,1,14,MERCEDES C CLASS,8,E01001307,0,1
2024131463920,2024,131463920,2,9,0,-1,19,8,4,-1,0,8,0,0,0,0,3,1,-1,9,1,33,6,1950,2,4,MERCEDES C CLASS,2,E01011232,0,1
2024010530942,2024,010530942,1,9,0,18,19,7,3,0,0,0,0,0,0,0,1,1,6,6,3,-1,-1,1796,1,18,MERCEDES C CLASS,-1,-1,0,-1
2024141518522,2024,141518522,2,9,0,-1,19,1,5,-1,0,1,0,0,0,0,1,9,-1,6,3,-1,-1,2143,2,8,MERCEDES C CLASS,-1,-1,0,-1
2024010487668,2024,010487668,2,9,0,9,9,8,6,0,0,1,0,0,0,0,1,1,6,6,1,18,4,2143,2,7,MERCEDES C CLASS,3,E01000498,0,1
2024010549526,2024,010549526,2,9,0,9,9,7,6,0,0,5,0,0,0,0,1,1,6,6,2,76,11,1991,1,7,MERCEDES C CLASS,10,E01002194,0,1
2024991438739,2024,991438739,1,9,0,-1,19,3,7,-1,0,0,0,0,0,0,1,1,-1,6,2,37,7,2143,2,10,MERCEDES C CLASS,8,-1,0,4
2024610046024,2024,610046024,3,9,0,2,2,0,0,0,0,2,0,0,0,0,3,1,6,6,3,-1,-1,2987,2,18,MERCEDES C CLASS,-1,-1,0,-1
2024010536287,2024,010536287,1,9,0,5,5,0,5,0,0,0,0,0,0,0,1,1,6,6,3,-1,-1,1796,1,16,MERCEDES C CLASS,-1,-1,0,-1
2024122500088,2024,122500088,2,9,0,18,19,3,7,0,0,0,0,0,0,0,1,1,2,2,2,22,5,1497,8,4,MERCEDES C CLASS,7,E01027680,0,3
2024061505705,2024,061505705,1,9,0,-1,19,3,7,-1,0,0,1,0,0,0,3,1,-1,9,1,20,4,2148,2,16,MERCEDES C CLASS,9,E01019734,0,3
2024010487534,2024,010487534,2,9,0,7,7,9,9,99,99,6,9,99,9,99,9,9,6,6,1,37,7,1993,12,2,MERCEDES C CLASS,3,E01003523,0,2
2024440005303,2024,440005303,1,9,0,9,9,6,4,0,0,6,0,0,0,0,3,1,6,6,1,83,11,1796,1,16,MERCEDES C CLASS,8,E01017352,0,1
2024451479832,2024,451479832,2,9,0,-1,19,7,3,-1,0,0,0,0,0,0,0,1,-1,6,1,80,11,2143,2,9,MERCEDES C CLASS,6,E01030464,0,1
2024201462228,2024,201462228,2,9,0,-1,19,4,8,-1,0,0,0,10,7,0,2,9,-1,2,1,28,6,2143,2,12,MERCEDES C CLASS,1,E01009192,0,1
2024010528354,2024,010528354,2,9,0,3,3,2,6,0,0,1,0,0,1,0,3,1,6,6,2,20,4,2143,12,7,MERCEDES C CLASS,5,E01000006,0,1
2024010504581,2024,010504581,1,9,0,3,3,6,2,0,0,0,0,0,0,0,2,1,6,6,2,54,8,1796,1,21,MERCEDES C CLASS,6,E01002653,0,1
2024332400153,2024,332400153,2,9,0,-1,19,2,6,-1,0,2,5,0,0,0,1,1,-1,6,2,48,8,1991,1,9,MERCEDES C CLASS,1,E01013755,0,1
2024141467050,2024,141467050,1,9,0,-1,5,7,5,-1,0,6,0,0,0,0,1,1,-1,9,1,27,6,2143,2,7,MERCEDES C CLASS,1,E01007947,0,2
2024052401253,2024,052401253,2,9,0,18,19,7,3,0,0,1,0,0,0,0,0,1,2,2,1,39,7,1950,2,6,MERCEDES C CLASS,1,E01006505,0,1
2024010547212,2024,010547212,1,9,0,9,9,3,1,0,0,2,0,0,0,0,2,1,6,6,2,29,6,1950,2,5,MERCEDES C CLASS,9,E01002516,0,4
2024010538117,2024,010538117,1,9,0,18,19,6,2,0,0,1,0,0,0,0,1,1,6,6,2,35,6,2143,2,9,MERCEDES C CLASS,5,E01003640,0,1
2024351475948,2024,351475948,2,8,0,-1,2,0,0,-1,0,0,0,0,0,0,2,1,-1,1,1,60,9,1991,8,6,MERCEDES C CLASS,5,E01018106,0,4
2024471473079,2024,471473079,2,9,0,-1,2,0,0,-1,0,0,0,0,0,0,1,1,-1,6,-1,-1,-1,1497,8,4,MERCEDES C CLASS,-1,-1,0,-1
2024201502621,2024,201502621,2,9,0,-1,3,6,2,-1,0,0,0,0,0,0,2,1,-1,1,1,55,8,2143,2,11,MERCEDES C CLASS,1,E01009963,0,1
2024320159743,2024,320159743,1,9,0,-1,-1,6,2,0,0,1,0,0,0,0,1,1,6,6,2,37,7,2148,2,17,MERCEDES C CLASS,-1,-1,0,-1
2024411429693,2024,411429693,2,9,0,-1,19,3,7,-1,0,0,0,0,0,0,1,1,-1,6,1,18,4,1496,8,2,MERCEDES C CLASS,8,E01023571,0,1
2024411511297,2024,411511297,1,9,0,-1,9,3,1,-1,0,6,0,0,0,0,1,1,-1,9,2,68,10,2143,2,7,MERCEDES C CLASS,8,E01023001,0,5
2024302400307,2024,302400307,1,9,0,4,4,5,8,0,0,1,0,0,0,0,1,1,2,2,1,39,7,2148,2,17,MERCEDES C CLASS,2,E01029447,0,1
2024010545131,2024,010545131,2,9,0,99,99,9,9,99,99,9,9,99,9,99,9,9,6,6,3,-1,-1,1796,1,19,MERCEDES C CLASS,-1,-1,0,-1
2024010547375,2024,010547375,1,9,0,99,99,9,9,99,99,9,9,99,9,99,1,9,6,6,2,31,6,1497,8,5,MERCEDES C CLASS,2,E01002588,0,1
2024010536388,2024,010536388,2,9,9,99,99,9,9,99,99,9,9,99,9,99,9,9,6,6,3,-1,-1,1796,1,18,MERCEDES C CLASS,-1,-1,0,-1
2024010530569,2024,010530569,1,9,3,18,19,3,7,0,0,1,0,0,0,0,3,1,6,6,1,44,7,1950,2,5,MERCEDES C CLASS,8,E01016122,0,4
2024421400327,2024,421400327,1,9,0,-1,4,6,6,-1,0,3,0,0,0,0,1,1,-1,1,2,26,6,2143,2,9,MERCEDES C CLASS,5,E01021241,0,2
2024411520962,2024,411520962,1,9,0,-1,19,7,3,-1,0,0,1,0,7,4,1,1,-1,6,1,48,8,1597,2,5,MERCEDES C CLASS,10,E01023741,0,1
2024111410050,2024,111410050,1,9,0,-1,19,3,7,-1,0,0,2,0,1,0,1,1,-1,9,1,21,5,2143,2,6,MERCEDES C CLASS,2,E01020624,0,2
2024332400044,2024,332400044,2,9,0,-1,9,3,1,-1,0,6,0,0,0,0,3,1,-1,9,1,28,6,2143,2,10,MERCEDES C CLASS,7,E01013672,0,2
2024010534585,2024,010534585,1,9,9,18,19,3,7,0,0,0,9,0,0,0,1,1,6,6,1,59,9,1998,1,23,MERCEDES C CLASS,5,E01002455,0,1
2024421459734,2024,421459734,2,9,0,-1,7,2,4,-1,0,5,0,0,0,0,3,9,-1,9,2,31,6,1991,1,9,MERCEDES C CLASS,9,E01021352,0,2
2024061443540,2024,061443540,2,9,0,-1,19,5,1,-1,0,0,0,0,0,0,1,1,-1,6,1,46,8,2143,2,10,MERCEDES C CLASS,1,E01012650,0,2
2024070705396,2024,070705396,1,9,0,-1,8,6,2,-1,0,1,0,0,0,0,4,1,-1,6,2,37,7,2148,2,20,MERCEDES C CLASS,1,E01012483,0,1
2024010497855,2024,010497855,1,9,0,14,14,3,7,0,0,0,2,4,0,0,1,1,6,6,1,26,6,2143,2,8,MERCEDES C CLASS,8,E01002341,0,1
2024461418705,2024,461418705,1,9,0,-1,9,1,1,-1,0,1,0,0,0,0,3,2,-1,1,1,38,7,2143,2,10,MERCEDES C CLASS,7,E01024185,0,1
2024070457139,2024,070457139,1,9,0,9,9,7,5,0,0,2,0,0,0,0,1,1,6,6,1,37,7,2143,2,10,MERCEDES C CLASS,3,E01018464,0,1
2024211431166,2024,211431166,3,9,0,-1,19,6,2,-1,0,1,0,0,0,0,1,1,-1,6,2,-1,-1,2987,2,15,MERCEDES C CLASS,-1,-1,0,-1
2024371438163,2024,371438163,1,9,0,-1,7,5,1,-1,0,1,0,0,1,2,1,1,-1,6,1,19,4,2143,2,7,MERCEDES C CLASS,6,E01030005,0,1
2024411408991,2024,411408991,2,9,0,-1,2,0,0,-1,0,0,0,0,0,0,2,9,-1,6,1,47,8,2143,2,12,MERCEDES C CLASS,9,E01023706,0,1
2024010551120,2024,010551120,6,9,0,2,2,0,0,0,0,0,0,0,0,0,0,1,6,6,3,-1,-1,2143,2,9,MERCEDES C CLASS,-1,-1,0,-1
2024131507110,2024,131507110,1,9,0,-1,9,7,5,-1,0,0,0,0,0,0,1,1,-1,6,1,50,8,2143,2,8,MERCEDES C CLASS,9,E01013357,0,4
2024131485465,2024,131485465,1,9,0,-1,19,1,5,-1,0,8,0,0,0,0,1,1,-1,6,-1,-1,-1,6208,1,12,MERCEDES C CLASS,-1,-1,0,-1
2024131441380,2024,131441380,1,9,0,-1,19,1,5,-1,0,8,0,0,0,0,3,1,-1,9,1,35,6,2143,2,6,MERCEDES C CLASS,1,E01011134,0,1
2024421426109,2024,421426109,1,9,0,-1,19,3,7,-1,0,0,0,0,0,0,0,1,-1,6,1,28,6,2143,2,6,MERCEDES C CLASS,9,E01021825,0,1