collision_index,collision_year,collision_ref_no,vehicle_reference,vehicle_type,towing_and_articulation,vehicle_manoeuvre_historic,vehicle_manoeuvre,vehicle_direction_from,vehicle_direction_to,vehicle_location_restricted_lane_historic,vehicle_location_restricted_lane,junction_location,skidding_and_overturning,hit_object_in_carriageway,vehicle_leaving_carriageway,hit_object_off_carriageway,first_point_of_impact,vehicle_left_hand_drive,journey_purpose_of_driver_historic,journey_purpose_of_driver,sex_of_driver,age_of_driver,age_band_of_driver,engine_capacity_cc,propulsion_code,age_of_vehicle,generic_make_model,driver_imd_decile,lsoa_of_driver,escooter_flag,driver_distance_banding
2024061471114,2024,061471114,1,9,0,-1,20,0,0,-1,0,0,0,0,0,0,3,9,-1,6,1,-1,-1,2143,2,8,MERCEDES C CLASS,-1,-1,0,-1
2024122500095,2024,122500095,1,9,0,18,19,1,5,0,0,0,0,0,0,0,1,1,6,6,1,22,5,2987,2,12,MERCEDES C CLASS,6,E01027790,0,2
2024622400886,2024,622400886,2,9,0,7,7,2,6,0,0,1,0,0,0,0,0,1,6,6,1,32,6,2143,2,13,MERCEDES C CLASS,2,W01001804,0,3
2024052402841,2024,052402841,1,9,0,18,19,5,1,0,0,1,0,0,0,0,1,1,6,6,2,44,7,2143,2,12,MERCEDES C CLASS,1,E01007272,0,1
2024552401279,2024,552401279,3,9,0,18,19,6,2,0,0,0,0,0,0,0,3,1,6,6,1,55,8,2148,2,15,MERCEDES C CLASS,8,E01020478,0,3
2024010546698,2024,010546698,1,9,0,18,19,2,6,0,0,1,0,10,0,0,1,1,6,6,1,27,6,1496,8,2,MERCEDES C CLASS,3,E01032774,0,2
2024201518894,2024,201518894,1,9,0,-1,15,1,2,-1,9,0,0,0,0,0,1,1,-1,6,2,39,7,2143,2,6,MERCEDES C CLASS,-1,-1,0,-1
2024311421135,2024,311421135,1,9,0,-1,5,2,4,-1,0,6,0,0,0,0,1,1,-1,1,2,56,9,2143,2,6,MERCEDES C CLASS,6,E01027971,0,1
2024010540338,2024,010540338,1,9,0,99,99,9,9,99,99,9,9,99,9,99,1,9,6,6,1,53,8,1796,1,20,MERCEDES C CLASS,2,E01001409,0,1
2024440028857,2024,440028857,1,9,0,4,4,5,1,0,0,0,0,0,0,0,2,1,6,6,1,49,8,1796,1,19,MERCEDES C CLASS,4,E01017129,0,1
2024421461466,2024,421461466,1,9,0,-1,19,7,4,-1,0,0,0,10,0,0,4,1,-1,6,3,25,5,2143,2,8,MERCEDES C CLASS,-1,-1,0,-1
2024071014002,2024,071014002,1,9,0,-1,11,1,5,-1,0,0,0,0,0,0,1,1,-1,9,2,44,7,2143,2,6,MERCEDES C CLASS,8,E01028726,0,5
2024061471624,2024,061471624,2,9,0,-1,10,7,3,-1,0,1,0,7,0,0,2,1,-1,9,2,42,7,1796,1,14,MERCEDES C CLASS,1,E01004830,0,1
2024010531644,2024,010531644,1,9,0,99,99,9,9,99,99,9,9,99,9,99,9,9,6,6,1,33,6,2143,2,8,MERCEDES C CLASS,2,E01024047,0,4
2024010501854,2024,010501854,1,9,0,13,13,5,1,0,0,8,1,0,1,0,1,1,6,6,1,-1,-1,1999,8,1,MERCEDES C CLASS,2,E01001114,0,3
2024010504332,2024,010504332,2,9,0,9,9,5,3,0,0,2,0,0,0,0,4,1,2,2,1,57,9,1796,1,14,MERCEDES C CLASS,2,E01000030,0,1
2024131461129,2024,131461129,3,9,0,-1,19,3,7,-1,0,0,0,0,0,0,3,1,-1,6,2,46,8,2143,2,8,MERCEDES C CLASS,3,E01011718,0,2
2024545691724,2024,545691724,2,9,0,18,19,6,2,0,0,0,0,0,0,0,1,1,6,6,1,44,7,2148,2,18,MERCEDES C CLASS,-1,-1,0,-1
2024131472601,2024,131472601,1,9,0,-1,13,2,6,-1,0,0,0,0,0,0,1,1,-1,9,2,24,5,2143,2,12,MERCEDES C CLASS,1,E01010843,0,1
202460Q124765,2024,60Q124765,1,9,0,18,19,1,5,0,0,0,0,0,0,0,1,1,6,6,1,34,6,2143,2,6,MERCEDES C CLASS,-1,-1,0,-1
2024520401236,2024,520401236,2,9,0,18,19,5,1,0,0,8,0,0,1,0,1,1,6,6,1,50,8,2143,2,12,MERCEDES C CLASS,5,E01029053,0,1
2024522401741,2024,522401741,1,9,0,18,19,2,7,0,0,0,0,0,0,0,3,1,6,6,2,41,7,2143,2,9,MERCEDES C CLASS,8,E01014852,0,1
2024010545761,2024,010545761,1,9,0,4,4,3,7,0,0,0,1,0,0,0,1,1,6,6,1,46,8,1595,1,12,MERCEDES C CLASS,2,E01001066,0,1
2024471515846,2024,471515846,2,9,0,-1,19,7,3,-1,0,0,0,0,0,0,2,1,-1,9,2,38,7,2143,2,9,MERCEDES C CLASS,9,E01016888,0,3
2024461526896,2024,461526896,1,9,0,-1,19,7,3,-1,0,0,0,4,0,0,1,1,-1,6,1,37,7,2143,2,7,MERCEDES C CLASS,5,E01024427,0,1
2024332400744,2024,332400744,1,9,0,-1,6,4,4,-1,0,0,0,0,0,0,1,1,-1,6,1,-1,-1,2143,2,9,MERCEDES C CLASS,-1,-1,0,-1
2024010518623,2024,010518623,2,9,0,99,99,9,9,99,99,9,9,99,9,99,1,9,6,6,3,-1,-1,2143,2,7,MERCEDES C CLASS,-1,-1,0,-1
2024411427521,2024,411427521,1,9,0,-1,6,8,8,-1,0,0,0,0,0,0,2,1,-1,6,2,33,6,2143,2,8,MERCEDES C CLASS,2,E01015787,0,3
2024430418343,2024,430418343,1,9,0,18,19,7,3,0,0,6,0,0,0,0,4,1,1,1,1,61,9,2143,2,12,MERCEDES C CLASS,9,E01028487,0,4
2024430167760,2024,430167760,1,9,0,18,19,8,4,0,0,1,0,0,0,0,1,1,6,6,1,29,6,2143,2,7,MERCEDES C CLASS,10,E01016528,0,1
2024010528512,2024,010528512,2,9,0,18,19,5,1,0,0,1,0,0,0,0,1,1,6,6,1,54,8,2143,12,7,MERCEDES C CLASS,1,-1,0,5
2024361538389,2024,361538389,2,9,0,-1,19,7,3,-1,0,1,0,0,0,0,2,1,-1,6,1,69,10,2143,2,6,MERCEDES C CLASS,3,E01026740,0,4
2024501394829,2024,501394829,1,9,0,-1,19,2,7,-1,0,0,1,0,1,0,1,1,-1,6,1,49,8,1999,8,1,MERCEDES C CLASS,1,E01015267,0,1
2024332400176,2024,332400176,1,9,0,-1,3,7,3,-1,0,1,0,0,0,0,2,1,-1,9,1,38,7,1796,1,13,MERCEDES C CLASS,3,E01031059,0,4
2024201525335,2024,201525335,1,9,0,-1,19,5,1,-1,0,0,0,0,0,0,1,1,-1,2,1,57,9,2143,2,9,MERCEDES C CLASS,1,E01008899,0,1
2024461460053,2024,461460053,1,9,0,-1,12,7,3,-1,0,0,0,0,0,0,3,1,-1,6,1,63,9,1595,1,10,MERCEDES C CLASS,5,E01033791,0,1
2024070031842,2024,070031842,2,9,0,16,19,5,8,0,0,4,1,0,0,0,2,1,6,6,1,26,6,2143,2,12,MERCEDES C CLASS,1,E01014287,0,3
2024501474887,2024,501474887,2,9,0,-1,19,5,1,-1,0,1,0,0,1,11,3,1,-1,9,2,61,9,2148,2,18,MERCEDES C CLASS,7,E01018816,0,2
2024440175859,2024,440175859,3,9,0,2,2,0,0,0,0,0,0,0,0,0,3,1,6,6,1,44,7,2143,2,10,MERCEDES C CLASS,-1,-1,0,-1
2024520002897,2024,520002897,2,9,0,9,9,1,7,0,0,0,0,0,0,0,2,1,6,6,1,52,8,6208,1,11,MERCEDES C CLASS,7,E01014385,0,1
2024201520463,2024,201520463,1,9,0,-1,19,1,5,-1,0,0,0,0,0,0,1,1,-1,6,1,18,4,2143,2,11,MERCEDES C CLASS,3,E01010501,0,1
2024522500139,2024,522500139,1,9,0,3,3,2,6,0,0,1,0,0,0,0,2,1,6,6,1,30,6,2143,2,9,MERCEDES C CLASS,4,E01014401,0,3
2024010550661,2024,010550661,2,9,0,18,19,7,3,0,0,1,0,0,0,0,1,1,6,6,1,34,6,1497,1,5,MERCEDES C CLASS,9,E01002575,0,1
2024061491158,2024,061491158,1,9,0,-1,9,6,4,-1,0,6,0,0,0,0,1,1,-1,2,1,41,7,1950,2,6,MERCEDES C CLASS,6,E01019524,0,4
2024010524140,2024,010524140,2,9,0,7,7,5,7,0,0,3,0,0,0,0,2,1,6,6,1,56,9,1991,8,9,MERCEDES C CLASS,6,E01004002,0,3
2024351540927,2024,351540927,1,9,0,-1,19,1,5,-1,0,6,0,0,0,0,3,1,-1,2,1,38,7,1991,1,4,MERCEDES C CLASS,6,E01017592,0,4
2024131516079,2024,131516079,2,9,0,-1,19,7,3,-1,0,0,1,0,0,0,1,1,-1,6,1,38,7,2148,2,15,MERCEDES C CLASS,7,E01010672,0,1
2024471509083,2024,471509083,1,9,0,-1,19,6,2,-1,0,0,0,0,0,0,1,1,-1,6,3,-1,-1,2148,2,15,MERCEDES C CLASS,-1,-1,0,-1
2024141512406,2024,141512406,1,9,0,-1,9,1,7,-1,0,1,0,0,0,0,3,1,-1,9,1,23,5,1991,1,7,MERCEDES C CLASS,4,E01007434,0,1
2024010506863,2024,010506863,1,9,0,9,9,6,4,0,0,8,0,0,7,0,1,1,2,2,1,25,5,2143,2,10,MERCEDES C CLASS,4,E01003031,0,1
2024501405926,2024,501405926,1,9,0,-1,19,6,8,-1,0,8,0,0,0,0,4,1,-1,2,1,22,5,1991,1,7,MERCEDES C CLASS,8,E01015128,0,1
2024141400448,2024,141400448,1,9,0,-1,19,7,3,-1,0,8,0,0,0,0,1,1,-1,9,2,32,6,1950,2,4,MERCEDES C CLASS,2,E01007636,0,3
2024471456456,2024,471456456,2,9,0,-1,4,2,6,-1,0,0,0,0,0,0,2,1,-1,9,2,43,7,2143,2,11,MERCEDES C CLASS,5,E01031771,0,3
2024471525880,2024,471525880,1,9,0,-1,3,1,5,-1,0,1,0,0,0,0,2,1,-1,2,2,40,7,1598,2,7,MERCEDES C CLASS,4,E01031547,0,1
2024010544396,2024,010544396,1,9,0,99,99,9,9,99,99,9,9,99,9,99,1,9,6,6,3,29,6,1991,1,9,MERCEDES C CLASS,2,E01003187,0,1
2024371433755,2024,371433755,2,9,0,-1,19,2,6,-1,0,0,0,0,0,0,2,1,-1,9,1,70,10,2143,2,11,MERCEDES C CLASS,5,E01030058,0,3
2024010529675,2024,010529675,3,9,0,4,4,3,7,0,0,8,0,0,0,0,2,1,2,2,1,41,7,1991,8,7,MERCEDES C CLASS,2,E01004288,0,1
2024440010197,2024,440010197,1,9,0,18,19,2,6,0,0,0,0,6,7,10,1,1,6,6,1,45,7,1796,1,20,MERCEDES C CLASS,8,E01022615,0,2
2024411440647,2024,411440647,3,9,0,-1,19,5,1,-1,0,0,0,0,0,0,1,1,-1,9,1,32,6,1796,1,18,MERCEDES C CLASS,6,E01032734,0,4
2024552400287,2024,552400287,1,9,0,9,9,7,4,0,0,6,0,0,0,0,3,1,2,2,1,29,6,2143,2,9,MERCEDES C CLASS,6,E01020510,0,1
2024501415586,2024,501415586,2,9,0,-1,9,4,2,-1,0,1,0,0,0,0,3,9,-1,6,1,23,5,2143,2,9,MERCEDES C CLASS,8,E01020008,0,1
2024010548165,2024,010548165,2,9,0,99,99,9,9,99,99,9,9,99,9,99,1,9,6,6,3,-1,-1,1991,8,8,MERCEDES C CLASS,-1,-1,0,-1
2024440537934,2024,440537934,1,9,0,9,9,3,1,0,0,6,0,0,0,0,3,1,6,6,2,54,8,2143,2,6,MERCEDES C CLASS,10,E01022885,0,1
2024131478950,2024,131478950,1,9,0,-1,19,3,7,-1,0,1,0,0,0,0,1,1,-1,9,2,27,6,1598,2,6,MERCEDES C CLASS,4,W01000218,0,5
2024201439434,2024,201439434,1,9,0,-1,19,5,4,-1,0,0,0,0,0,0,1,1,-1,2,1,25,5,2143,2,6,MERCEDES C CLASS,4,E01008969,0,3
2024471521133,2024,471521133,2,9,0,-1,3,4,8,-1,0,4,0,0,0,0,2,1,-1,6,1,47,8,1950,2,6,MERCEDES C CLASS,10,E01021159,0,3
2024411510925,2024,411510925,2,9,0,-1,-1,-1,-1,-1,-1,-1,-1,-1,-1,0,1,9,-1,6,1,35,6,2143,2,8,MERCEDES C CLASS,5,E01023827,0,1
2024430015794,2024,430015794,3,9,0,2,2,0,0,6,6,0,0,0,1,9,2,1,6,6,3,-1,-1,2143,2,11,MERCEDES C CLASS,-1,-1,0,-1
2024010528951,2024,010528951,1,9,0,18,19,4,8,0,0,2,0,10,0,0,1,1,1,1,1,57,9,1950,2,3,MERCEDES C CLASS,8,E01000837,0,2
2024052401657,2024,052401657,1,9,0,18,19,5,1,0,0,0,0,0,0,0,1,1,6,6,1,33,6,2987,2,12,MERCEDES C CLASS,9,W01000261,0,4
2024010520627,2024,010520627,1,9,0,18,19,7,3,0,0,0,0,0,0,0,1,1,6,6,1,65,9,1991,1,8,MERCEDES C CLASS,8,E01004149,0,1
2024010550372,2024,010550372,1,9,0,9,9,7,6,0,0,8,0,0,0,0,3,1,6,6,2,51,8,2143,2,8,MERCEDES C CLASS,-1,-1,0,-1
2024010486959,2024,010486959,2,9,0,7,7,1,3,0,0,8,0,0,0,0,1,1,6,6,1,59,9,1497,1,4,MERCEDES C CLASS,4,E01003354,0,1
2024430502631,2024,430502631,2,9,0,9,9,8,6,0,0,6,0,0,0,0,1,1,6,6,1,75,10,2148,2,22,MERCEDES C CLASS,5,E01017844,0,1
2024421401538,2024,421401538,2,9,0,-1,19,8,4,-1,0,1,0,0,0,0,4,9,-1,9,2,41,7,2148,2,16,MERCEDES C CLASS,1,E01021323,0,1
2024010529572,2024,010529572,2,9,0,18,19,3,7,0,0,7,2,4,0,0,4,1,2,2,1,66,10,1496,8,0,MERCEDES C CLASS,9,E01017859,0,4
2024041431001,2024,041431001,3,9,0,-1,19,5,1,-1,0,0,0,0,0,0,1,1,-1,6,2,58,9,2143,2,7,MERCEDES C CLASS,9,E01005736,0,4
2024131513281,2024,131513281,1,9,0,-1,19,5,5,-1,9,1,0,4,0,0,1,1,-1,9,1,46,8,2143,12,7,MERCEDES C CLASS,2,E01011040,0,1
2024101494968,2024,101494968,1,9,0,-1,19,1,5,-1,9,0,0,0,1,0,1,1,-1,9,2,60,9,2143,2,8,MERCEDES C CLASS,7,-1,0,3
2024131510979,2024,131510979,2,9,0,-1,19,3,7,-1,0,0,0,0,0,0,2,1,-1,6,1,59,9,2148,2,15,MERCEDES C CLASS,1,E01010800,0,1
2024010528684,2024,010528684,2,9,0,18,19,1,5,0,0,1,0,0,0,0,3,1,1,1,1,44,7,1595,1,11,MERCEDES C CLASS,2,E01033882,0,1
2024131452591,2024,131452591,1,9,0,-1,19,5,1,-1,0,1,0,0,2,0,1,1,-1,9,2,38,7,2143,2,11,MERCEDES C CLASS,2,E01015938,0,5
2024010516475,2024,010516475,1,9,0,18,19,4,8,0,0,0,1,11,2,7,1,1,6,6,1,58,9,2143,2,13,MERCEDES C CLASS,-1,-1,0,-1
2024010522147,2024,010522147,2,9,0,9,9,1,7,0,0,5,0,0,0,0,3,1,6,6,1,44,7,2143,2,12,MERCEDES C CLASS,4,E01002405,0,1
2024340WN5462,2024,340WN5462,2,9,0,-1,19,7,3,-1,0,1,0,0,0,0,1,1,-1,9,1,29,6,1950,2,5,MERCEDES C CLASS,1,E01009270,0,4
2024451412804,2024,451412804,1,9,0,-1,19,7,3,-1,0,0,0,0,0,0,1,1,-1,7,1,40,7,1595,1,12,MERCEDES C CLASS,10,E01030339,0,1
2024411435062,2024,411435062,2,9,-1,-1,1,5,1,-1,0,1,0,0,0,0,2,9,-1,6,3,-1,-1,2148,2,15,MERCEDES C CLASS,-1,-1,0,-1
2024320379677,2024,320379677,1,9,0,15,15,2,6,0,0,1,0,0,1,0,1,1,-1,-1,1,35,6,2143,2,11,MERCEDES C CLASS,7,E01034684,0,3
2024010529614,2024,010529614,1,9,0,99,99,9,9,99,99,9,9,99,9,99,9,9,6,6,1,26,6,1497,8,5,MERCEDES C CLASS,3,E01003911,0,1
2024010528918,2024,010528918,2,9,0,99,99,9,9,99,99,9,9,99,9,99,9,9,6,6,3,-1,-1,2143,2,7,MERCEDES C CLASS,-1,-1,0,-1
2024542273124,2024,542273124,1,9,0,18,19,6,2,0,0,0,0,0,0,0,1,1,6,6,1,78,11,2148,2,19,MERCEDES C CLASS,9,E01031946,0,1
2024061501302,2024,061501302,2,9,0,-1,2,-1,-1,-1,0,5,0,0,0,0,4,1,-1,6,3,-1,-1,2143,2,11,MERCEDES C CLASS,-1,-1,0,-1
2024161452663,2024,161452663,1,9,0,-1,5,6,2,-1,0,6,0,0,0,0,1,1,-1,9,1,81,11,1496,8,1,MERCEDES C CLASS,10,E01013114,0,2
2024010508910,2024,010508910,2,9,0,5,5,5,1,0,0,0,0,0,0,0,1,1,6,6,1,54,8,1796,1,21,MERCEDES C CLASS,3,E01004402,0,1
2024141499336,2024,141499336,1,9,0,-1,4,1,4,-1,0,0,0,4,7,11,1,1,-1,9,1,44,7,1950,2,6,MERCEDES C CLASS,8,E01011181,0,3
2024010509821,2024,010509821,1,9,0,99,99,9,9,99,99,9,9,99,9,99,1,9,6,6,2,56,9,1991,1,6,MERCEDES C CLASS,3,E01001503,0,1
2024552400395,2024,552400395,1,9,0,18,19,1,5,0,0,0,0,0,0,0,1,1,2,2,2,56,9,1991,1,9,MERCEDES C CLASS,8,E01015447,0,2
2024411452545,2024,411452545,1,9,0,-1,1,1,5,-1,0,0,0,4,0,0,2,1,-1,1,1,69,10,2148,2,15,MERCEDES C CLASS,10,E01023953,0,2
2024010514775,2024,010514775,2,9,9,99,99,9,9,99,99,0,9,99,9,99,9,9,6,6,3,-1,-1,2143,2,9,MERCEDES C CLASS,-1,-1,0,-1
2024991478645,2024,991478645,2,9,0,-1,19,7,4,-1,0,0,0,0,0,0,4,1,-1,9,1,48,8,2143,2,8,MERCEDES C CLASS,2,-1,0,1
2024440104071,2024,440104071,1,9,0,5,5,7,3,0,0,1,0,0,0,0,1,1,6,6,1,70,10,1796,1,17,MERCEDES C CLASS,3,E01022680,0,1
2024320540757,2024,320540757,1,9,0,-1,-1,4,8,0,0,2,0,0,0,0,4,1,6,6,1,63,9,2143,2,8,MERCEDES C CLASS,4,E01026044,0,3
2024201431740,2024,201431740,2,9,0,-1,2,0,0,-1,0,2,0,0,0,0,1,1,-1,9,3,-1,-1,2143,2,11,MERCEDES C CLASS,-1,-1,0,-1
2024461428760,2024,461428760,2,9,0,-1,9,6,4,-1,0,8,0,0,0,0,3,1,-1,2,1,55,8,2143,2,13,MERCEDES C CLASS,7,E01024252,0,1
2024041520073,2024,041520073,1,9,0,-1,5,3,7,-1,0,0,0,0,0,0,1,1,-1,9,1,33,6,2143,2,9,MERCEDES C CLASS,1,E01012625,0,1
2024010508626,2024,010508626,2,9,0,18,19,3,7,0,0,8,0,0,0,0,1,1,6,6,1,24,5,1497,1,6,MERCEDES C CLASS,8,E01033245,0,5
2024010544767,2024,010544767,2,9,0,99,99,9,9,99,99,9,9,99,9,99,9,9,6,6,3,-1,-1,1796,1,14,MERCEDES C CLASS,-1,-1,0,-1
2024451443753,2024,451443753,2,9,0,-1,19,1,5,-1,0,0,0,0,0,0,1,1,-1,9,1,24,5,1597,1,15,MERCEDES C CLASS,1,E01012038,0,5
2024141444201,2024,141444201,1,9,0,-1,19,3,7,-1,0,1,0,0,0,0,2,1,-1,9,1,30,6,1991,1,10,MERCEDES C CLASS,1,E01007764,0,2
2024161461422,2024,161461422,1,9,0,-1,5,3,7,-1,0,1,0,0,1,0,3,1,-1,9,1,40,7,2143,2,8,MERCEDES C CLASS,8,E01013262,0,1
2024411507932,2024,411507932,1,9,0,-1,6,7,3,-1,0,0,0,0,0,0,3,1,-1,2,1,44,7,2143,2,11,MERCEDES C CLASS,10,E01023551,0,2
2024010543432,2024,010543432,2,9,0,99,99,9,9,99,99,9,9,99,9,99,1,9,6,6,3,-1,-1,2143,2,6,MERCEDES C CLASS,8,E01000122,0,1
2024451500380,2024,451500380,2,9,0,-1,19,5,1,-1,0,0,0,0,0,0,1,1,-1,6,1,41,7,2143,2,13,MERCEDES C CLASS,4,E01017042,0,4
2024430617387,2024,430617387,1,9,0,2,2,0,0,6,6,0,0,0,0,0,3,1,6,6,1,68,10,1796,1,13,MERCEDES C CLASS,8,E01009794,0,5
2024351460261,2024,351460261,1,9,-1,-1,-1,-1,-1,-1,-1,0,-1,-1,-1,0,-1,9,-1,6,1,-1,-1,2143,12,7,MERCEDES C CLASS,2,E01033864,0,4
2024991528039,2024,991528039,1,9,0,-1,19,1,5,-1,0,0,2,0,7,0,1,1,-1,2,1,20,4,2143,2,7,MERCEDES C CLASS,3,-1,0,2
2024311452211,2024,311452211,1,9,0,-1,9,1,8,-1,0,1,0,0,0,0,1,1,-1,9,1,37,7,2143,2,11,MERCEDES C CLASS,-1,-1,0,-1
2024440145316,2024,440145316,1,9,0,14,14,2,6,0,0,0,0,4,0,0,1,1,6,6,2,20,4,2143,2,11,MERCEDES C CLASS,7,E01022797,0,1
2024010534784,2024,010534784,2,9,0,18,19,1,5,0,0,0,0,0,0,0,1,1,6,6,1,36,7,2143,2,8,MERCEDES C CLASS,2,E01030024,0,4
2024010522125,2024,010522125,1,9,0,99,99,9,9,99,99,9,9,99,9,99,1,9,6,6,3,59,9,1991,1,6,MERCEDES C CLASS,8,E01000963,0,1
2024010514231,2024,010514231,2,9,0,7,7,7,1,0,0,1,0,0,0,0,1,2,6,6,2,23,5,2143,2,6,MERCEDES C CLASS,7,E01024712,0,4
2024201449422,2024,201449422,2,9,0,-1,3,6,2,-1,0,0,0,0,0,0,2,9,-1,1,1,31,6,2143,2,10,MERCEDES C CLASS,3,E01009568,0,1
2024052400608,2024,052400608,1,9,0,18,19,6,2,0,0,0,0,0,0,0,1,1,2,2,1,63,9,2143,2,11,MERCEDES C CLASS,1,E01006672,0,1
2024552400619,2024,552400619,1,9,0,4,4,8,4,0,0,0,0,0,0,0,2,1,6,6,2,34,6,2143,2,12,MERCEDES C CLASS,6,E01020439,0,3
2024010525579,2024,010525579,1,9,0,9,9,7,5,0,0,1,0,0,0,0,1,1,6,6,2,30,6,1991,8,6,MERCEDES C CLASS,2,E01016438,0,4
2024010501252,2024,010501252,2,9,0,18,19,5,1,0,0,8,0,0,0,0,3,1,2,2,1,53,8,1598,2,9,MERCEDES C CLASS,3,E01002542,0,2
2024010538046,2024,010538046,1,9,0,99,99,9,9,99,99,9,9,99,9,99,9,9,6,6,1,47,8,2143,2,7,MERCEDES C CLASS,3,E01016014,0,4
2024440391472,2024,440391472,1,9,0,9,9,8,3,0,0,2,0,0,0,0,1,1,6,6,2,51,8,1595,1,11,MERCEDES C CLASS,2,E01017218,0,1
2024041494300,2024,041494300,3,9,0,-1,19,7,3,-1,0,1,0,0,0,0,-1,1,-1,6,1,62,9,2143,2,10,MERCEDES C CLASS,2,E01025115,0,1
2024461496032,2024,461496032,2,9,0,-1,4,7,3,-1,0,4,0,0,0,0,2,9,-1,6,1,40,7,2143,2,12,MERCEDES C CLASS,1,E01016069,0,1
2024031481073,2024,031481073,2,9,0,-1,13,4,8,-1,0,0,0,0,0,0,1,1,-1,9,1,21,5,2143,2,10,MERCEDES C CLASS,7,E01034072,0,1
2024201463961,2024,201463961,1,9,0,-1,19,3,7,-1,0,0,1,0,1,2,1,9,-1,6,1,27,6,2987,2,11,MERCEDES C CLASS,3,E01010178,0,3
2024501423349,2024,501423349,1,9,0,-1,19,5,1,-1,0,0,0,0,0,0,1,1,-1,9,1,60,9,2143,2,8,MERCEDES C CLASS,6,E01020172,0,1
2024440340353,2024,440340353,2,9,0,4,4,5,1,0,0,0,0,0,0,0,2,1,6,6,1,51,8,1595,1,11,MERCEDES C CLASS,6,E01017041,0,1
2024221462585,2024,221462585,1,9,0,-1,1,5,1,-1,0,0,0,0,0,0,2,1,-1,6,1,70,10,1796,1,13,MERCEDES C CLASS,5,E01032428,0,1
2024622400550,2024,622400550,2,9,0,4,4,8,4,0,0,0,0,0,0,0,2,1,6,6,2,33,6,1991,1,9,MERCEDES C CLASS,4,W01001218,0,1
2024471531850,2024,471531850,3,9,0,-1,19,5,1,-1,0,0,0,0,0,0,3,1,-1,9,1,74,10,2143,2,13,MERCEDES C CLASS,7,E01031438,0,2
2024471454017,2024,471454017,1,9,0,-1,13,6,2,-1,0,2,0,0,0,0,1,1,-1,6,2,27,6,1796,1,17,MERCEDES C CLASS,3,E01031492,0,1
2024411399831,2024,411399831,2,9,0,-1,19,7,3,-1,0,0,0,0,0,0,1,1,-1,6,1,51,8,2143,2,10,MERCEDES C CLASS,8,E01023917,0,3
2024141459929,2024,141459929,1,9,0,-1,19,5,1,-1,0,0,0,0,0,0,2,1,-1,6,2,33,6,2143,2,9,MERCEDES C CLASS,7,E01007811,0,2
2024010492970,2024,010492970,1,9,0,9,9,5,2,0,0,8,0,0,0,0,1,1,6,6,2,40,7,2143,2,14,MERCEDES C CLASS,5,E01003739,0,1
2024010497640,2024,010497640,1,9,0,18,19,1,5,0,0,2,0,0,0,0,1,1,6,6,2,40,7,2143,2,7,MERCEDES C CLASS,10,E01030350,0,1
2024541844624,2024,541844624,1,9,0,18,19,1,5,2,2,0,0,0,1,10,1,1,2,2,1,21,5,1796,1,17,MERCEDES C CLASS,10,E01015512,0,1
2024440124065,2024,440124065,2,9,0,18,19,4,8,0,0,1,0,0,0,0,1,1,6,6,1,44,7,2148,2,19,MERCEDES C CLASS,6,E01022584,0,1
2024411432099,2024,411432099,3,9,-1,-1,-1,-1,-1,-1,0,0,-1,-1,-1,0,1,9,-1,9,1,48,8,2143,2,8,MERCEDES C CLASS,9,E01030964,0,4
2024430380001,2024,430380001,1,9,0,18,19,7,3,0,0,1,1,0,0,0,1,1,6,6,1,53,8,2148,2,15,MERCEDES C CLASS,7,E01016495,0,1
2024061407198,2024,061407198,1,9,0,-1,19,1,5,-1,0,8,0,0,0,0,1,1,-1,9,1,64,9,2143,2,10,MERCEDES C CLASS,3,E01006340,0,1
2024991434812,2024,991434812,2,9,0,-1,19,4,8,-1,0,2,0,0,0,0,1,1,-1,2,1,42,7,2143,2,15,MERCEDES C CLASS,1,-1,0,1
2024201455897,2024,201455897,2,9,0,-1,19,8,4,-1,0,0,0,0,0,0,2,1,-1,9,1,30,6,2143,2,7,MERCEDES C CLASS,4,E01032473,0,4
2024131427632,2024,131427632,1,9,0,-1,9,7,3,-1,0,8,0,0,0,0,1,1,-1,6,2,76,11,1796,1,12,MERCEDES C CLASS,8,E01011200,0,1
2024161475391,2024,161475391,1,9,0,-1,19,1,5,-1,0,1,0,0,0,0,1,1,-1,9,1,41,7,2143,2,11,MERCEDES C CLASS,1,E01012862,0,3
2024302401670,2024,302401670,2,9,0,-1,2,0,0,-1,0,0,0,0,0,0,2,1,-1,9,1,44,7,2143,2,6,MERCEDES C CLASS,10,E01034650,0,1
2024131536010,2024,131536010,2,9,0,-1,19,3,7,-1,0,1,0,0,0,0,1,1,-1,6,-1,18,4,2143,-1,9,MERCEDES C CLASS,-1,-1,0,-1