collision_index,collision_year,collision_ref_no,vehicle_reference,vehicle_type,towing_and_articulation,vehicle_manoeuvre_historic,vehicle_manoeuvre,vehicle_direction_from,vehicle_direction_to,vehicle_location_restricted_lane_historic,vehicle_location_restricted_lane,junction_location,skidding_and_overturning,hit_object_in_carriageway,vehicle_leaving_carriageway,hit_object_off_carriageway,first_point_of_impact,vehicle_left_hand_drive,journey_purpose_of_driver_historic,journey_purpose_of_driver,sex_of_driver,age_of_driver,age_band_of_driver,engine_capacity_cc,propulsion_code,age_of_vehicle,generic_make_model,driver_imd_decile,lsoa_of_driver,escooter_flag,driver_distance_banding
2024351413351,2024,351413351,1,9,0,-1,19,3,7,-1,0,0,1,0,1,0,1,1,-1,6,1,32,6,1950,2,5,MERCEDES C CLASS,9,E01018191,0,3
2024041393663,2024,041393663,1,9,0,-1,19,5,1,-1,0,0,0,0,0,0,1,1,-1,9,1,19,4,2143,2,9,MERCEDES C CLASS,3,E01010652,0,4
2024231459949,2024,231459949,1,9,0,-1,19,3,7,-1,0,0,1,0,1,4,1,1,-1,9,1,22,5,2143,2,12,MERCEDES C CLASS,4,E01009683,0,2
2024061492381,2024,061492381,1,9,0,-1,6,3,7,-1,0,8,0,0,0,0,3,1,-1,9,1,33,6,1796,1,16,MERCEDES C CLASS,5,E01005876,0,1
2024332400368,2024,332400368,2,9,0,-1,5,3,7,-1,0,6,0,0,1,0,1,1,-1,9,1,76,11,1796,1,21,MERCEDES C CLASS,5,E01031114,0,3
2024061519914,2024,061519914,2,9,0,-1,19,1,5,-1,0,0,0,0,0,0,1,1,-1,6,2,25,5,2143,2,15,MERCEDES C CLASS,-1,-1,0,-1
2024010550579,2024,010550579,1,9,0,18,19,7,3,0,0,8,0,0,0,0,1,1,6,6,1,61,9,1796,1,18,MERCEDES C CLASS,-1,-1,0,-1
2024201535811,2024,201535811,2,9,0,-1,3,4,8,-1,0,0,0,0,0,0,2,9,-1,9,2,38,7,1597,1,15,MERCEDES C CLASS,-1,-1,0,-1
2024201470247,2024,201470247,1,9,0,-1,5,3,7,-1,0,0,0,0,1,1,1,1,-1,6,1,36,7,2143,2,9,MERCEDES C CLASS,2,E01010447,0,1
2024231454103,2024,231454103,2,9,0,-1,-1,3,7,-1,-1,0,0,0,0,0,4,1,-1,-1,1,-1,-1,2987,2,14,MERCEDES C CLASS,6,E01025627,0,4
2024221412836,2024,221412836,1,9,0,-1,19,5,8,-1,0,1,0,0,0,0,3,9,-1,6,2,64,9,1991,1,7,MERCEDES C CLASS,9,E01028839,0,1
2024131525246,2024,131525246,2,9,0,-1,9,5,1,-1,0,1,0,0,0,0,4,1,-1,9,1,35,6,2143,2,7,MERCEDES C CLASS,2,E01010630,0,1
2024010540737,2024,010540737,1,9,0,99,99,9,9,99,99,9,9,99,9,99,2,1,6,6,3,-1,-1,1497,8,4,MERCEDES C CLASS,-1,-1,0,-1
2024010522760,2024,010522760,2,9,0,99,99,9,9,99,99,9,9,99,9,99,2,9,6,6,3,-1,-1,1796,1,19,MERCEDES C CLASS,-1,-1,0,-1
2024991515297,2024,991515297,1,9,0,-1,19,7,3,-1,0,1,0,0,1,0,1,1,-1,9,2,27,6,2148,2,19,MERCEDES C CLASS,8,-1,0,4
2024991434552,2024,991434552,2,9,0,-1,2,7,3,-1,0,0,0,0,0,0,1,1,-1,6,-1,-1,-1,2143,2,8,MERCEDES C CLASS,-1,-1,0,-1
2024010511985,2024,010511985,1,9,0,9,9,1,7,0,0,2,0,0,0,0,1,1,6,6,1,34,6,1497,1,5,MERCEDES C CLASS,7,E01002228,0,1
2024010516923,2024,010516923,1,9,0,18,19,1,5,2,2,1,0,4,0,0,3,1,6,6,1,39,7,1999,8,0,MERCEDES C CLASS,-1,-1,0,-1
2024010488308,2024,010488308,1,9,0,18,19,7,3,0,0,1,0,0,0,0,1,1,6,6,1,71,10,1991,1,7,MERCEDES C CLASS,6,E01000555,0,1
2024421436429,2024,421436429,1,9,0,-1,19,5,1,-1,0,0,1,0,7,0,1,1,-1,9,1,22,5,2143,2,13,MERCEDES C CLASS,3,E01002243,0,4
2024501523726,2024,501523726,1,9,0,-1,19,2,6,-1,0,0,0,0,0,0,2,1,-1,9,1,45,7,2143,2,6,MERCEDES C CLASS,6,E01015225,0,2
2024010535686,2024,010535686,2,9,0,9,9,5,2,3,2,8,0,0,0,0,1,1,6,6,3,-1,-1,1598,2,7,MERCEDES C CLASS,-1,-1,0,-1
2024131396749,2024,131396749,1,9,0,-1,19,6,2,-1,0,1,0,0,0,0,1,1,-1,9,2,54,8,1598,2,7,MERCEDES C CLASS,7,E01011571,0,3
2024320476563,2024,320476563,2,9,0,10,10,8,7,0,0,8,0,0,0,0,3,1,6,6,2,38,7,2148,2,19,MERCEDES C CLASS,6,E01026331,0,1
2024201532132,2024,201532132,1,9,0,-1,15,3,7,-1,0,0,0,0,0,0,1,2,-1,6,3,40,7,1497,8,4,MERCEDES C CLASS,-1,-1,0,-1
2024430352317,2024,430352317,2,9,0,13,13,7,3,0,0,0,0,0,0,0,0,1,6,6,1,40,7,1991,1,8,MERCEDES C CLASS,10,E01023454,0,4
2024440287192,2024,440287192,1,9,0,18,19,1,5,0,0,0,1,0,1,0,1,1,6,6,1,37,7,2143,2,10,MERCEDES C CLASS,1,E01017250,0,1
2024231447100,2024,231447100,2,9,0,-1,4,2,1,-1,0,0,0,0,0,0,2,1,-1,6,1,63,9,2143,2,10,MERCEDES C CLASS,6,E01029473,0,4
2024320272710,2024,320272710,2,9,0,3,3,6,2,0,0,1,0,0,0,0,2,1,6,6,2,46,8,2143,2,14,MERCEDES C CLASS,-1,-1,0,-1
2024031464645,2024,031464645,2,9,0,-1,19,7,3,-1,0,0,5,0,0,0,2,1,-1,9,1,62,9,1796,1,20,MERCEDES C CLASS,8,E01019092,0,4
2024201542363,2024,201542363,1,9,0,-1,19,4,8,-1,0,8,0,0,0,0,1,9,-1,6,3,-1,-1,2143,2,11,MERCEDES C CLASS,-1,-1,0,-1
2024101529941,2024,101529941,1,9,0,-1,19,7,3,-1,0,0,0,0,7,0,1,1,-1,9,1,34,6,2143,2,11,MERCEDES C CLASS,2,E01008280,0,1
2024141499048,2024,141499048,2,9,0,-1,19,7,3,-1,0,0,0,0,1,1,1,1,-1,9,1,61,9,2143,2,10,MERCEDES C CLASS,1,E01008012,0,2
2024461451270,2024,461451270,1,9,0,-1,19,3,7,-1,0,1,0,0,0,0,1,9,-1,6,2,-1,-1,2143,2,9,MERCEDES C CLASS,5,E01024039,0,1
2024061393769,2024,061393769,1,9,0,-1,19,1,5,-1,0,0,1,0,0,0,1,1,-1,2,2,21,5,2143,2,6,MERCEDES C CLASS,2,E01004871,0,2
2024201468199,2024,201468199,1,9,0,-1,5,6,1,-1,0,8,0,0,0,0,1,1,-1,6,-1,16,4,2143,2,11,MERCEDES C CLASS,-1,-1,0,-1
2024631464444,2024,631464444,1,9,0,-1,5,6,2,-1,0,8,0,0,0,0,1,1,-1,6,1,58,9,2143,2,9,MERCEDES C CLASS,3,W01002010,0,1
2024461452873,2024,461452873,1,9,0,-1,19,7,3,-1,0,0,1,0,2,0,2,9,-1,2,1,63,9,1497,8,5,MERCEDES C CLASS,8,E01033088,0,2
2024471517540,2024,471517540,1,9,0,-1,3,1,5,-1,0,1,0,0,0,0,2,1,-1,9,1,69,10,2143,2,7,MERCEDES C CLASS,6,E01031514,0,2
2024010489172,2024,010489172,1,9,0,4,4,7,3,9,9,0,0,0,0,0,1,1,6,6,1,22,5,2143,2,9,MERCEDES C CLASS,4,E01003719,0,1
2024111485448,2024,111485448,3,9,0,-1,19,4,8,-1,0,1,0,0,0,0,1,1,-1,6,1,34,6,2143,2,12,MERCEDES C CLASS,8,E01027549,0,4
2024542673224,2024,542673224,1,9,0,18,19,1,5,0,0,1,0,0,0,0,1,1,6,6,1,41,7,2143,2,13,MERCEDES C CLASS,9,E01031879,0,4
2024201418579,2024,201418579,2,9,0,-1,19,8,4,-1,0,8,1,0,0,0,1,1,-1,9,1,47,8,2143,2,12,MERCEDES C CLASS,2,E01029835,0,4
2024471422049,2024,471422049,1,9,0,-1,10,3,7,-1,0,1,0,0,0,0,1,1,-1,6,2,52,8,1991,1,7,MERCEDES C CLASS,5,E01031442,0,1
2024201510738,2024,201510738,1,9,0,-1,3,7,3,-1,0,4,0,0,0,0,1,1,-1,6,2,37,7,2143,2,9,MERCEDES C CLASS,5,E01031093,0,3
2024461492168,2024,461492168,1,9,0,-1,13,7,3,-1,0,0,5,0,0,0,1,9,-1,6,1,22,5,1598,2,7,MERCEDES C CLASS,3,E01024559,0,2
2024010515134,2024,010515134,1,9,0,18,19,1,5,0,0,0,0,4,0,0,1,1,6,6,1,64,9,1991,1,6,MERCEDES C CLASS,-1,-1,0,-1
2024010536670,2024,010536670,1,9,0,7,7,3,6,0,0,1,0,0,0,0,0,1,6,6,1,26,6,1595,1,12,MERCEDES C CLASS,6,E01000150,0,3
2024340WN2012,2024,340WN2012,1,9,0,-1,19,1,5,-1,0,8,0,0,0,0,1,1,-1,6,1,-1,-1,1597,1,15,MERCEDES C CLASS,-1,-1,0,-1
2024361454440,2024,361454440,2,9,0,-1,4,7,7,-1,0,0,0,0,0,0,1,1,-1,9,1,64,9,1796,1,18,MERCEDES C CLASS,5,E01029928,0,2
2024201513330,2024,201513330,1,9,0,-1,19,2,5,-1,0,0,0,0,0,0,1,1,-1,2,1,30,6,1991,8,7,MERCEDES C CLASS,10,E01009903,0,1
2024401495873,2024,401495873,2,9,0,-1,19,2,6,-1,0,1,0,0,0,0,3,1,-1,6,2,27,6,2143,2,8,MERCEDES C CLASS,2,E01015726,0,1
2024010509375,2024,010509375,2,9,0,99,99,9,9,99,99,9,9,99,9,99,0,9,6,6,3,-1,-1,1598,2,6,MERCEDES C CLASS,3,E01000405,0,1
2024501419004,2024,501419004,1,9,0,-1,19,2,6,-1,0,0,1,0,0,0,1,1,-1,6,1,33,6,2148,2,17,MERCEDES C CLASS,7,E01020298,0,3
2024141514465,2024,141514465,1,9,0,-1,19,2,6,-1,0,0,0,0,0,0,1,1,-1,6,1,38,7,2143,2,6,MERCEDES C CLASS,1,E01007506,0,1
2024430446037,2024,430446037,2,9,0,18,19,8,4,0,0,0,0,0,0,0,1,1,6,6,1,34,6,2148,2,15,MERCEDES C CLASS,-1,-1,0,-1
2024101474638,2024,101474638,2,9,0,-1,9,6,3,-1,0,8,0,0,0,0,4,1,-1,2,1,23,5,2143,2,8,MERCEDES C CLASS,2,E01027395,0,4
2024052402753,2024,052402753,2,9,0,18,19,2,6,0,0,8,0,0,0,0,3,1,2,2,1,47,8,2143,2,9,MERCEDES C CLASS,1,E01034401,0,1
2024320387691,2024,320387691,2,9,0,-1,-1,8,4,0,0,0,0,0,0,0,3,1,6,6,2,52,8,2143,2,8,MERCEDES C CLASS,2,E01026097,0,4
2024010549239,2024,010549239,1,9,9,99,99,9,9,99,99,9,9,99,9,99,9,9,6,6,3,-1,-1,2143,2,8,MERCEDES C CLASS,-1,-1,0,-1
2024161528577,2024,161528577,1,9,0,-1,19,5,1,-1,0,8,0,0,0,0,2,9,-1,6,2,-1,-1,1950,2,4,MERCEDES C CLASS,-1,-1,0,-1
2024461492737,2024,461492737,4,9,0,-1,20,0,0,-1,0,2,0,0,0,0,1,1,-1,6,-1,69,10,2143,2,15,MERCEDES C CLASS,-1,-1,0,-1
2024471501828,2024,471501828,2,9,0,-1,19,8,4,-1,0,0,0,0,0,0,2,1,-1,9,1,35,6,2143,-1,9,MERCEDES C CLASS,5,E01034302,0,4
2024552401172,2024,552401172,1,9,0,9,9,5,3,0,0,6,0,0,0,0,3,1,6,6,1,81,11,1496,8,1,MERCEDES C CLASS,4,E01002629,0,5
2024010542674,2024,010542674,1,9,0,4,4,7,3,0,0,0,0,0,0,0,3,1,6,6,2,59,9,1991,1,7,MERCEDES C CLASS,4,E01002814,0,1
2024231442295,2024,231442295,1,9,0,-1,19,7,2,-1,0,0,5,0,8,1,1,1,-1,9,1,26,6,2143,2,10,MERCEDES C CLASS,5,E01031168,0,3
2024201480269,2024,201480269,2,9,0,-1,9,2,7,-1,0,2,0,0,0,0,3,1,-1,6,1,23,5,2148,2,15,MERCEDES C CLASS,5,E01032214,0,4
2024041508611,2024,041508611,1,9,0,-1,7,3,1,-1,0,6,0,0,0,0,1,1,-1,9,1,34,6,2143,2,10,MERCEDES C CLASS,8,E01034349,0,4
2024101456140,2024,101456140,1,9,0,-1,9,5,3,-1,0,1,0,0,0,0,3,1,-1,6,2,26,6,1991,1,5,MERCEDES C CLASS,4,E01006332,0,5
2024302400324,2024,302400324,1,9,0,5,5,6,2,0,0,0,0,0,0,0,1,1,6,6,1,35,6,2148,2,16,MERCEDES C CLASS,1,E01019799,0,1
2024371408962,2024,371408962,2,9,0,-1,19,8,4,-1,0,0,1,0,0,0,4,1,-1,9,2,44,7,2143,2,7,MERCEDES C CLASS,6,E01021917,0,4
2024061511181,2024,061511181,2,9,-1,-1,-1,-1,-1,-1,-1,0,-1,-1,-1,0,-1,9,-1,6,1,36,7,2143,2,8,MERCEDES C CLASS,2,E01005950,0,1
2024131417490,2024,131417490,4,9,0,-1,2,0,0,-1,0,0,0,4,0,0,2,1,-1,6,-1,-1,-1,2143,2,8,MERCEDES C CLASS,-1,-1,0,-1
2024131419014,2024,131419014,1,9,0,-1,19,4,8,-1,0,8,0,0,0,0,1,1,-1,9,1,79,11,2148,2,18,MERCEDES C CLASS,7,E01010641,0,1
2024231520946,2024,231520946,2,9,0,-1,9,1,7,-1,0,5,0,0,0,0,4,1,-1,6,2,47,8,2148,2,18,MERCEDES C CLASS,6,E01031187,0,3
2024340WN2612,2024,340WN2612,1,9,0,-1,9,4,2,-1,0,5,0,0,0,0,1,1,-1,6,2,32,6,2143,2,10,MERCEDES C CLASS,2,E01027151,0,1
2024552400894,2024,552400894,2,9,0,13,13,4,8,0,0,0,1,0,7,4,4,1,6,6,1,56,9,1497,1,5,MERCEDES C CLASS,7,E01020475,0,4
2024421408669,2024,421408669,1,9,0,-1,11,7,3,-1,0,0,0,0,1,0,1,1,-1,6,2,49,8,2143,2,13,MERCEDES C CLASS,10,E01015889,0,3
2024010548734,2024,010548734,1,9,0,7,7,5,7,0,0,1,0,0,0,0,1,1,6,6,1,18,4,1796,1,20,MERCEDES C CLASS,7,E01015966,0,4
2024522401510,2024,522401510,4,9,0,2,2,0,0,0,0,0,0,0,0,0,3,1,6,6,3,-1,-1,1496,8,1,MERCEDES C CLASS,-1,-1,0,-1
2024622400417,2024,622400417,2,9,0,18,19,4,8,0,0,8,0,0,0,0,1,1,1,1,2,25,5,2143,2,9,MERCEDES C CLASS,2,W01001964,0,3
2024010544246,2024,010544246,1,9,0,7,7,3,5,0,0,8,0,0,0,0,1,1,6,6,3,-1,-1,1991,1,7,MERCEDES C CLASS,-1,-1,0,-1
2024201508791,2024,201508791,1,9,0,-1,19,5,1,-1,0,0,0,10,1,0,1,9,-1,6,2,35,6,2143,2,11,MERCEDES C CLASS,2,E01010146,0,1
2024010518787,2024,010518787,2,9,9,18,19,1,5,99,99,9,9,4,9,99,1,1,6,6,3,-1,-1,2143,2,12,MERCEDES C CLASS,-1,-1,0,-1
2024201447758,2024,201447758,1,9,0,-1,19,6,2,-1,0,1,0,0,0,0,1,1,-1,9,1,30,6,2148,2,16,MERCEDES C CLASS,1,E01010311,0,1
2024430454402,2024,430454402,2,9,0,18,19,3,5,0,0,2,0,0,0,0,2,1,6,6,1,33,6,1950,2,6,MERCEDES C CLASS,8,E01028765,0,1
2024131495415,2024,131495415,1,9,0,-1,19,2,2,-1,0,8,0,0,0,0,1,1,-1,9,1,41,7,2148,2,15,MERCEDES C CLASS,4,E01011924,0,1
2024440144571,2024,440144571,2,9,0,13,13,2,6,0,0,0,0,0,0,0,4,1,6,6,3,-1,-1,2143,2,7,MERCEDES C CLASS,-1,-1,0,-1
2024991481429,2024,991481429,1,9,0,-1,5,1,6,-1,0,8,1,7,0,0,1,1,-1,6,1,39,7,2143,2,7,MERCEDES C CLASS,2,-1,0,1
2024332401140,2024,332401140,3,9,0,-1,4,4,8,-1,0,0,0,0,0,0,2,1,-1,6,2,22,5,1595,1,11,MERCEDES C CLASS,9,E01025981,0,2
2024311510957,2024,311510957,1,9,0,-1,19,1,5,-1,0,0,1,4,7,0,1,1,-1,9,1,45,7,2143,2,12,MERCEDES C CLASS,-1,-1,0,-1
2024421473415,2024,421473415,1,9,0,-1,7,7,3,-1,0,0,0,0,0,0,1,1,-1,9,1,46,8,1999,8,2,MERCEDES C CLASS,-1,-1,0,-1
2024411407680,2024,411407680,1,9,0,-1,4,5,1,-1,0,0,0,0,0,0,1,1,-1,6,3,-1,-1,1796,1,20,MERCEDES C CLASS,-1,-1,0,-1
2024010518473,2024,010518473,4,9,0,99,99,9,9,99,99,9,9,99,9,99,1,9,6,6,3,-1,-1,2143,2,10,MERCEDES C CLASS,2,E01033805,0,4
2024421471845,2024,421471845,1,9,0,-1,5,4,7,-1,0,1,0,0,0,0,1,1,-1,9,1,59,9,2143,2,10,MERCEDES C CLASS,2,E01021989,0,4
2024010548165,2024,010548165,1,9,0,99,99,9,9,99,99,9,9,99,9,99,2,9,6,6,1,41,7,2143,2,9,MERCEDES C CLASS,4,E01001481,0,1
2024201432141,2024,201432141,1,9,0,-1,9,5,3,-1,0,5,0,0,0,0,4,9,-1,6,2,47,8,2143,2,13,MERCEDES C CLASS,7,E01015560,0,5
2024302400484,2024,302400484,1,9,0,6,6,2,2,0,0,0,0,0,0,0,3,1,6,6,3,-1,-1,2148,2,17,MERCEDES C CLASS,5,E01019456,0,4
2024010513003,2024,010513003,2,9,0,99,99,9,9,99,99,9,9,99,9,99,1,9,6,6,3,-1,-1,2143,2,9,MERCEDES C CLASS,-1,-1,0,-1
2024010520348,2024,010520348,2,9,0,18,19,3,7,1,1,1,0,0,0,0,1,1,6,6,3,-1,-1,1796,1,12,MERCEDES C CLASS,-1,-1,0,-1
2024501425862,2024,501425862,1,9,0,-1,19,6,2,-1,0,1,0,0,0,0,1,1,-1,9,1,61,9,2143,2,12,MERCEDES C CLASS,9,E01029711,0,5
2024451533458,2024,451533458,1,9,0,-1,1,7,3,-1,0,0,0,0,0,0,2,1,-1,9,1,62,9,1991,8,9,MERCEDES C CLASS,9,E01030885,0,1
2024131469213,2024,131469213,1,9,0,-1,19,3,7,-1,0,0,0,0,0,0,4,1,-1,6,1,33,6,1497,1,4,MERCEDES C CLASS,5,E01005040,0,4
2024421460253,2024,421460253,2,9,0,-1,19,5,1,-1,0,0,0,7,0,0,2,1,-1,9,2,48,8,1497,1,6,MERCEDES C CLASS,4,E01035006,0,4
2024461523633,2024,461523633,4,9,0,-1,4,7,2,-1,0,0,0,0,0,0,2,1,-1,9,1,31,6,1796,1,16,MERCEDES C CLASS,6,E01024764,0,4
2024401531633,2024,401531633,1,9,0,-1,19,5,1,-1,0,0,0,0,0,0,1,1,-1,6,1,30,6,2143,2,10,MERCEDES C CLASS,1,E01002034,0,4
2024061488183,2024,061488183,1,9,0,-1,19,2,7,-1,0,0,0,0,0,0,1,9,-1,6,1,-1,-1,1598,2,8,MERCEDES C CLASS,-1,-1,0,-1
2024122400188,2024,122400188,1,9,0,4,4,1,5,0,0,1,0,0,0,0,1,1,6,6,1,29,6,2148,2,17,MERCEDES C CLASS,6,E01013384,0,1
2024010550050,2024,010550050,1,9,0,5,5,5,1,0,0,0,0,0,0,0,1,1,1,1,2,31,6,1497,8,5,MERCEDES C CLASS,5,E01002344,0,1
2024430531856,2024,430531856,1,9,0,3,3,8,4,0,0,0,0,0,0,0,2,1,6,6,1,77,11,2143,2,7,MERCEDES C CLASS,5,E01015746,0,4
2024131534921,2024,131534921,1,9,0,-1,7,1,1,-1,0,6,0,0,0,0,1,1,-1,9,1,32,6,2148,2,15,MERCEDES C CLASS,4,E01011044,0,2
2024010491891,2024,010491891,1,9,0,99,99,9,9,99,99,0,9,99,9,99,9,9,6,6,2,56,9,1991,1,8,MERCEDES C CLASS,9,E01002432,0,2
2024010545497,2024,010545497,1,9,0,99,99,9,9,99,99,9,9,99,9,99,9,9,6,6,2,29,6,1991,1,6,MERCEDES C CLASS,2,E01002843,0,1
2024401427547,2024,401427547,4,9,0,-1,2,0,0,-1,9,1,0,0,0,0,3,1,-1,6,2,-1,-1,1950,2,5,MERCEDES C CLASS,2,E01033801,0,1
2024010527801,2024,010527801,2,9,0,4,4,5,1,0,0,0,0,0,0,0,1,1,6,6,2,24,5,1595,1,11,MERCEDES C CLASS,1,E01015771,0,4
2024461487039,2024,461487039,3,9,0,-1,2,7,3,-1,0,0,0,0,1,0,3,1,-1,6,1,25,5,1796,1,13,MERCEDES C CLASS,4,E01024694,0,3
2024440445428,2024,440445428,2,9,0,18,19,7,3,0,0,0,-1,0,0,0,1,1,6,6,1,61,9,1796,1,21,MERCEDES C CLASS,6,E01017303,0,2
2024010527746,2024,010527746,2,9,0,18,19,5,1,0,0,8,0,0,0,0,4,1,6,6,1,63,9,2143,2,6,MERCEDES C CLASS,3,E01002503,0,1
2024010527482,2024,010527482,2,9,0,3,3,5,1,0,0,8,0,0,0,0,3,1,6,6,1,68,10,2143,2,7,MERCEDES C CLASS,9,E01002025,0,3
2024302401623,2024,302401623,2,9,0,9,9,8,5,0,0,1,0,0,0,0,3,1,2,2,2,22,5,2143,2,9,MERCEDES C CLASS,9,E01019659,0,1
2024201508872,2024,201508872,1,9,0,-1,19,1,6,-1,0,1,0,0,0,0,3,1,-1,9,1,38,7,2143,2,12,MERCEDES C CLASS,1,E01009329,0,1
2024311442557,2024,311442557,2,9,0,-1,19,2,6,-1,0,1,0,0,0,0,1,9,-1,6,3,-1,-1,2148,2,19,MERCEDES C CLASS,-1,-1,0,-1
2024311516564,2024,311516564,1,9,0,-1,19,5,2,-1,0,0,5,0,7,0,1,1,-1,2,1,33,6,1595,1,12,MERCEDES C CLASS,2,E01007497,0,4
2024522401770,2024,522401770,1,9,0,18,19,8,4,0,0,8,0,0,0,0,1,1,6,6,3,-1,-1,2496,1,19,MERCEDES C CLASS,-1,-1,0,-1
2024361486099,2024,361486099,1,9,0,-1,19,8,6,-1,0,0,0,0,0,0,1,1,-1,6,1,72,10,1991,1,9,MERCEDES C CLASS,10,E01026568,0,1
2024522401919,2024,522401919,1,9,0,18,19,2,6,0,0,8,0,0,0,0,3,1,6,6,1,39,7,2148,2,15,MERCEDES C CLASS,9,E01014955,0,1
2024471435824,2024,471435824,1,9,0,-1,19,5,1,-1,0,0,5,0,0,0,1,1,-1,2,2,69,10,2143,2,6,MERCEDES C CLASS,3,E01030547,0,3
2024010521723,2024,010521723,1,9,0,18,19,3,7,0,0,2,5,4,0,0,4,1,6,6,1,34,6,1796,1,20,MERCEDES C CLASS,3,E01000184,0,1
2024010502287,2024,010502287,1,9,0,3,3,7,3,0,0,8,0,0,0,0,1,1,6,6,1,29,6,1950,2,5,MERCEDES C CLASS,2,E01027340,0,4
2024451518622,2024,451518622,1,9,0,-1,19,8,4,-1,0,8,0,0,0,0,1,1,-1,9,2,38,7,2143,2,12,MERCEDES C CLASS,10,E01030961,0,1
2024141456076,2024,141456076,1,9,0,-1,19,8,4,-1,0,0,0,0,0,0,1,1,-1,9,2,24,5,2148,2,15,MERCEDES C CLASS,6,E01007689,0,1
2024101427177,2024,101427177,2,9,0,-1,9,1,3,-1,0,0,0,0,0,0,2,1,-1,9,1,42,7,1796,1,14,MERCEDES C CLASS,5,E01008352,0,4
2024411451492,2024,411451492,1,9,-1,-1,-1,-1,-1,-1,-1,-1,-1,-1,-1,0,-1,9,-1,6,1,-1,-1,1796,1,14,MERCEDES C CLASS,2,E01002099,0,4
2024010523179,2024,010523179,1,9,0,18,19,1,5,0,0,1,0,0,0,0,3,1,6,6,2,41,7,2143,2,14,MERCEDES C CLASS,3,E01000100,0,1
202454D639224,2024,54D639224,2,9,0,18,19,3,7,0,0,3,0,0,0,0,4,1,6,6,1,22,5,1597,1,15,MERCEDES C CLASS,8,E01015565,0,1
2024401509775,2024,401509775,1,9,-1,-1,3,-1,-1,-1,0,0,0,0,0,0,1,1,-1,6,1,62,9,2148,2,21,MERCEDES C CLASS,5,E01015763,0,2
2024231525257,2024,231525257,2,9,0,-1,19,4,8,-1,0,8,0,0,0,0,1,1,-1,9,1,55,8,2143,2,10,MERCEDES C CLASS,1,E01009321,0,4
2024131448561,2024,131448561,2,9,0,-1,5,5,2,-1,-1,0,0,0,0,0,3,1,-1,6,1,32,6,2143,2,7,MERCEDES C CLASS,1,E01011659,0,1
2024201436415,2024,201436415,1,9,0,-1,7,8,2,-1,0,6,0,0,0,0,4,1,-1,9,1,29,6,2148,2,15,MERCEDES C CLASS,2,E01009747,0,1
2024411458411,2024,411458411,1,9,0,-1,15,6,2,-1,0,0,0,0,0,0,4,1,-1,6,2,28,6,2143,2,6,MERCEDES C CLASS,9,E01033310,0,1
2024141483827,2024,141483827,1,9,0,-1,19,6,2,-1,0,2,5,0,1,0,1,1,-1,6,1,27,6,2143,2,11,MERCEDES C CLASS,2,E01007349,0,1
2024440457942,2024,440457942,2,9,0,9,9,5,3,0,0,8,0,0,0,0,4,1,6,6,2,-1,-1,1496,8,2,MERCEDES C CLASS,-1,-1,0,-1
2024440178865,2024,440178865,1,9,0,18,19,2,6,0,0,8,0,0,0,0,1,1,6,6,1,52,8,1991,1,9,MERCEDES C CLASS,10,E01023209,0,3
2024010496368,2024,010496368,3,9,0,2,2,0,0,0,0,2,0,0,0,0,0,1,6,6,3,-1,-1,2143,2,8,MERCEDES C CLASS,-1,-1,0,-1
2024411498951,2024,411498951,1,9,0,-1,19,2,6,-1,0,0,0,0,1,4,1,1,-1,2,1,39,7,2143,2,9,MERCEDES C CLASS,8,E01015696,0,1
2024461483807,2024,461483807,1,9,0,-1,19,6,2,-1,0,0,0,0,0,0,3,1,-1,9,1,38,7,2143,2,12,MERCEDES C CLASS,7,E01016123,0,1
2024010527716,2024,010527716,1,9,0,16,19,5,1,0,0,4,0,0,0,0,1,1,6,6,1,37,7,1796,1,18,MERCEDES C CLASS,2,E01001702,0,3
2024520001310,2024,520001310,1,9,0,5,5,1,5,0,0,0,0,0,0,0,4,1,6,6,2,31,6,1598,2,9,MERCEDES C CLASS,8,E01016303,0,4
2024461521469,2024,461521469,2,9,0,-1,3,5,1,-1,0,0,0,0,0,0,2,1,-1,6,1,52,8,2143,2,12,MERCEDES C CLASS,7,E01024362,0,4
2024061529373,2024,061529373,1,9,0,-1,99,-1,-1,-1,0,0,9,0,0,0,9,1,-1,6,1,-1,-1,2143,2,11,MERCEDES C CLASS,9,E01005809,0,2
2024041421500,2024,041421500,1,9,0,-1,19,2,3,-1,0,2,0,0,0,0,1,1,-1,9,2,18,4,2143,2,7,MERCEDES C CLASS,1,E01024857,0,1
2024461490412,2024,461490412,2,9,-1,-1,19,-1,-1,-1,0,0,0,0,0,0,2,9,-1,6,1,40,7,2143,2,10,MERCEDES C CLASS,3,E01024239,0,4
2024631499092,2024,631499092,1,9,0,-1,5,7,6,-1,0,6,1,0,1,10,3,1,-1,6,1,72,10,2143,2,13,MERCEDES C CLASS,6,W01000519,0,1
2024340WN6092,2024,340WN6092,1,9,0,-1,5,3,7,-1,0,8,0,0,0,0,3,1,-1,2,1,39,7,1991,1,10,MERCEDES C CLASS,8,E01027260,0,1