collision_index,collision_year,collision_ref_no,vehicle_reference,vehicle_type,towing_and_articulation,vehicle_manoeuvre_historic,vehicle_manoeuvre,vehicle_direction_from,vehicle_direction_to,vehicle_location_restricted_lane_historic,vehicle_location_restricted_lane,junction_location,skidding_and_overturning,hit_object_in_carriageway,vehicle_leaving_carriageway,hit_object_off_carriageway,first_point_of_impact,vehicle_left_hand_drive,journey_purpose_of_driver_historic,journey_purpose_of_driver,sex_of_driver,age_of_driver,age_band_of_driver,engine_capacity_cc,propulsion_code,age_of_vehicle,generic_make_model,driver_imd_decile,lsoa_of_driver,escooter_flag,driver_distance_banding
202417S213224,2024,17S213224,1,9,0,-1,1,1,5,-1,0,6,0,0,0,0,2,1,-1,1,1,37,7,1968,2,4,SKODA OCTAVIA,1,E01012036,0,2
2024320078331,2024,320078331,4,9,0,-1,-1,8,4,0,0,1,0,0,0,0,1,1,-1,-1,2,53,8,1498,1,5,SKODA OCTAVIA,4,E01026081,0,3
2024052402451,2024,052402451,1,9,0,9,9,3,1,0,0,1,0,0,0,0,1,1,6,6,1,40,7,1598,2,9,SKODA OCTAVIA,-1,-1,0,-1
2024201558233,2024,201558233,5,9,0,-1,19,4,8,-1,0,3,1,0,0,0,4,9,-1,1,1,40,7,1598,2,7,SKODA OCTAVIA,-1,-1,0,-1
2024041512607,2024,041512607,2,9,0,-1,19,5,1,-1,0,0,0,0,0,0,1,1,-1,2,2,48,8,1498,1,1,SKODA OCTAVIA,1,E01012707,0,3
2024610021224,2024,610021224,1,9,0,4,4,8,4,0,0,0,0,0,0,0,1,1,6,6,1,40,7,1598,2,7,SKODA OCTAVIA,2,E01013994,0,4
2024311514463,2024,311514463,1,9,0,-1,19,4,8,-1,0,0,0,0,0,0,1,1,-1,8,1,25,5,1498,1,0,SKODA OCTAVIA,5,E01028189,0,3
2024231516413,2024,231516413,1,9,0,-1,19,8,4,-1,0,0,2,10,7,4,1,1,-1,2,1,70,10,1395,1,9,SKODA OCTAVIA,9,E01031254,0,3
2024131433584,2024,131433584,1,9,0,-1,19,5,1,-1,0,8,0,0,0,0,1,1,-1,6,1,30,6,1598,2,10,SKODA OCTAVIA,3,E01010810,0,1
2024141464513,2024,141464513,2,9,0,-1,19,6,2,-1,0,0,0,0,0,0,2,1,-1,1,1,60,9,1598,2,5,SKODA OCTAVIA,2,E01007855,0,1
2024010541813,2024,010541813,1,9,0,99,99,9,9,99,99,9,9,99,9,99,9,9,6,6,3,68,10,1395,1,7,SKODA OCTAVIA,3,E01000385,0,2
2024461400634,2024,461400634,1,8,0,-1,19,1,5,-1,0,1,0,0,0,0,1,1,-1,1,1,57,9,1598,2,5,SKODA OCTAVIA,5,E01024223,0,1
2024010546860,2024,010546860,1,8,0,7,7,3,6,0,0,6,0,0,0,0,1,1,1,1,1,26,6,1598,2,8,SKODA OCTAVIA,8,E01024286,0,3
2024471527162,2024,471527162,1,9,0,-1,19,7,3,-1,0,0,0,0,1,9,4,1,-1,6,1,25,5,1968,2,7,SKODA OCTAVIA,8,E01023234,0,4
2024440191542,2024,440191542,1,9,0,18,19,2,6,0,0,0,0,0,1,11,1,1,6,6,1,57,9,1598,2,5,SKODA OCTAVIA,9,E01023130,0,2
2024311499870,2024,311499870,1,9,0,-1,19,8,4,-1,0,0,0,0,0,0,1,9,-1,6,1,60,9,1598,1,19,SKODA OCTAVIA,1,E01013860,0,1
2024361437438,2024,361437438,1,9,0,-1,10,5,3,-1,0,1,0,0,0,0,1,1,-1,9,1,63,9,1395,1,6,SKODA OCTAVIA,5,E01026783,0,1
2024161481472,2024,161481472,1,9,0,-1,19,6,2,-1,0,0,0,0,0,0,1,1,-1,1,1,50,8,1598,2,6,SKODA OCTAVIA,9,E01012813,0,1
2024991449255,2024,991449255,2,9,0,-1,4,7,3,-1,0,1,0,0,7,0,1,1,-1,6,1,42,7,1390,1,13,SKODA OCTAVIA,1,-1,0,2
2024211422512,2024,211422512,1,9,0,-1,9,8,7,-1,0,1,0,0,0,0,4,9,-1,9,1,71,10,999,1,1,SKODA OCTAVIA,2,E01014342,0,1
2024201518381,2024,201518381,3,9,0,-1,19,8,4,-1,0,0,0,0,0,0,1,1,-1,6,1,43,7,1598,2,14,SKODA OCTAVIA,3,E01008895,0,2
2024631455784,2024,631455784,2,9,4,-1,4,4,8,-1,0,0,0,0,0,0,0,1,-1,9,1,33,6,1896,2,15,SKODA OCTAVIA,6,E01016817,0,5
2024052400668,2024,052400668,2,8,0,2,2,0,0,0,0,1,0,0,0,0,3,1,1,1,1,58,9,1598,2,5,SKODA OCTAVIA,1,E01007304,0,1
2024061505225,2024,061505225,3,9,0,-1,19,3,7,-1,0,6,0,0,0,0,0,1,-1,1,1,36,7,1984,1,1,SKODA OCTAVIA,-1,-1,0,-1
2024010531195,2024,010531195,3,9,0,9,9,5,3,9,9,6,0,0,1,0,4,1,6,6,1,19,4,1984,1,7,SKODA OCTAVIA,5,E01002024,0,2
2024141464890,2024,141464890,1,9,0,-1,19,3,7,-1,0,0,0,0,0,0,1,1,-1,2,1,55,8,1984,1,1,SKODA OCTAVIA,9,E01019632,0,4
2024631429097,2024,631429097,2,9,0,-1,12,7,3,-1,0,0,1,0,7,10,1,1,-1,6,1,17,4,1896,2,15,SKODA OCTAVIA,8,W01000596,0,2
2024440007659,2024,440007659,1,9,0,18,19,3,7,0,0,1,0,0,0,0,1,1,6,6,2,55,8,1896,2,18,SKODA OCTAVIA,9,E01021042,0,4
2024440085931,2024,440085931,3,9,0,18,19,6,2,0,0,1,0,0,0,0,1,1,6,6,1,65,9,1498,1,5,SKODA OCTAVIA,10,E01022664,0,2
2024991457396,2024,991457396,1,9,0,-1,1,7,3,-1,9,0,0,0,0,0,2,1,-1,6,2,40,7,1598,2,9,SKODA OCTAVIA,8,-1,0,1
2024411536230,2024,411536230,1,9,-1,-1,-1,-1,-1,-1,-1,0,-1,-1,-1,0,-1,9,-1,6,3,-1,-1,1968,2,9,SKODA OCTAVIA,-1,-1,0,-1
2024351534060,2024,351534060,2,9,0,-1,19,4,8,-1,0,1,0,0,0,0,1,1,-1,6,1,27,6,1598,2,11,SKODA OCTAVIA,2,E01017948,0,1
2024371409878,2024,371409878,1,9,0,-1,9,2,7,-1,0,8,0,0,0,0,1,1,-1,2,2,57,9,1968,2,19,SKODA OCTAVIA,5,E01033446,0,1
2024061407019,2024,061407019,2,9,0,-1,19,1,7,-1,0,0,0,0,0,0,0,1,-1,1,1,39,7,1984,1,1,SKODA OCTAVIA,1,E01034113,0,4
2024010533543,2024,010533543,1,9,0,18,19,5,1,0,0,0,0,0,0,0,4,1,6,6,1,75,10,1798,1,13,SKODA OCTAVIA,5,E01002632,0,2
2024430314581,2024,430314581,1,9,0,9,9,4,2,0,0,1,0,0,0,0,2,1,2,2,1,40,7,1598,2,7,SKODA OCTAVIA,10,E01016689,0,1
2024461514316,2024,461514316,3,9,0,-1,4,3,7,-1,0,2,0,0,0,0,1,1,-1,1,1,27,6,1968,2,1,SKODA OCTAVIA,-1,-1,0,-1
2024440256276,2024,440256276,2,9,0,5,5,8,4,0,0,4,0,0,0,0,1,1,2,2,1,42,7,1968,2,13,SKODA OCTAVIA,4,E01031799,0,4
2024531413019,2024,531413019,1,9,0,-1,9,7,3,-1,0,1,0,0,0,0,1,1,-1,1,1,49,8,1968,2,5,SKODA OCTAVIA,7,E01033861,0,4
2024101468327,2024,101468327,1,9,0,-1,7,3,5,-1,0,8,0,0,0,0,1,1,-1,6,1,44,7,1395,1,8,SKODA OCTAVIA,5,E01008293,0,3
2024010548547,2024,010548547,1,9,0,18,19,5,1,0,0,0,0,0,0,0,0,1,6,6,1,33,6,1598,2,6,SKODA OCTAVIA,2,E01000526,0,2
2024041486512,2024,041486512,2,9,0,-1,11,7,3,-1,0,0,5,10,7,4,3,1,-1,9,1,22,5,1598,2,9,SKODA OCTAVIA,3,E01024892,0,1
2024131414005,2024,131414005,3,9,0,-1,19,7,3,-1,0,0,0,0,0,0,0,1,-1,1,1,46,8,1984,1,1,SKODA OCTAVIA,6,E01011885,0,2
2024371412527,2024,371412527,1,9,0,-1,19,4,8,-1,0,1,0,0,0,0,3,1,-1,2,1,64,9,999,1,5,SKODA OCTAVIA,8,E01021690,0,4
2024501410701,2024,501410701,2,9,0,-1,19,6,4,-1,0,1,0,0,0,0,1,1,-1,6,1,53,8,1598,2,6,SKODA OCTAVIA,-1,-1,0,-1
2024461486602,2024,461486602,1,9,0,-1,19,5,1,-1,0,8,0,0,0,0,3,1,-1,6,1,23,5,1598,2,9,SKODA OCTAVIA,1,E01016063,0,1
2024991413491,2024,991413491,2,9,0,-1,19,7,3,-1,0,0,0,0,1,0,1,1,-1,1,1,56,9,1598,2,10,SKODA OCTAVIA,4,-1,0,1
2024610025224,2024,610025224,3,9,0,2,2,0,0,0,0,4,0,0,0,0,4,1,1,1,3,-1,-1,1984,1,9,SKODA OCTAVIA,8,W01001003,0,4
2024461412688,2024,461412688,1,9,0,-1,19,5,1,-1,0,0,0,0,0,0,1,9,-1,6,1,42,7,1896,2,19,SKODA OCTAVIA,3,E01016171,0,2
202417M116424,2024,17M116424,1,8,0,-1,19,2,6,-1,0,8,0,0,0,0,1,1,-1,1,1,50,8,1598,2,9,SKODA OCTAVIA,-1,-1,0,-1
2024101523287,2024,101523287,2,9,0,-1,3,2,6,-1,0,0,0,0,0,0,2,1,-1,6,1,37,7,1968,2,10,SKODA OCTAVIA,2,E01008477,0,2
2024622400341,2024,622400341,1,9,0,9,9,4,2,0,0,5,0,0,0,0,1,1,6,6,1,49,8,1968,2,9,SKODA OCTAVIA,6,W01001997,0,1
2024451442961,2024,451442961,1,9,0,-1,9,4,1,-1,0,1,0,0,0,0,3,1,-1,9,1,47,8,1598,2,6,SKODA OCTAVIA,8,E01030845,0,3
2024430149885,2024,430149885,2,9,0,18,19,4,8,0,0,8,0,0,0,0,1,1,6,6,2,59,9,1968,2,3,SKODA OCTAVIA,8,E01016303,0,3
2024552400284,2024,552400284,2,9,0,3,3,6,2,0,0,0,0,0,0,0,2,1,2,2,1,44,7,1968,2,14,SKODA OCTAVIA,4,E01015420,0,1
2024231498689,2024,231498689,2,9,0,-1,19,4,8,-1,0,0,0,0,0,0,1,9,-1,2,2,41,7,1598,2,10,SKODA OCTAVIA,7,E01031166,0,1
2024211396109,2024,211396109,2,9,0,-1,2,0,0,-1,0,0,0,0,0,0,1,1,-1,1,1,19,4,1968,2,2,SKODA OCTAVIA,5,E01029627,0,2
2024552400718,2024,552400718,1,9,0,18,19,2,6,0,0,0,5,0,0,0,1,1,6,6,1,63,9,999,1,5,SKODA OCTAVIA,7,E01015457,0,1
2024332401249,2024,332401249,1,9,0,-1,19,5,1,-1,0,2,0,0,0,0,3,1,-1,9,1,71,10,1598,2,8,SKODA OCTAVIA,9,E01026001,0,1
2024991406031,2024,991406031,2,9,0,-1,19,4,8,-1,0,8,0,0,0,0,4,1,-1,1,1,63,9,1598,2,11,SKODA OCTAVIA,8,-1,0,2
2024131443650,2024,131443650,1,9,0,-1,19,1,5,-1,0,0,0,0,0,0,1,1,-1,6,1,36,7,1968,2,8,SKODA OCTAVIA,1,E01011423,0,1
2024531527180,2024,531527180,1,9,0,-1,19,8,4,-1,0,8,0,0,0,0,1,1,-1,9,1,68,10,1896,2,18,SKODA OCTAVIA,9,E01022431,0,2
2024531468652,2024,531468652,2,9,0,-1,9,1,5,-1,0,8,0,0,0,0,4,9,-1,6,1,59,9,1896,2,15,SKODA OCTAVIA,9,E01022363,0,1
2024991477993,2024,991477993,1,9,0,-1,6,8,8,-1,0,2,0,0,0,0,4,1,-1,1,1,44,7,1598,2,7,SKODA OCTAVIA,1,-1,0,1
2024471458848,2024,471458848,1,9,0,-1,9,3,8,-1,0,8,0,0,0,0,3,1,-1,9,1,52,8,1598,2,12,SKODA OCTAVIA,9,E01031630,0,1
2024631456906,2024,631456906,2,9,0,-1,4,1,5,-1,0,8,0,0,0,0,2,1,-1,9,1,47,8,1968,2,6,SKODA OCTAVIA,6,E01006794,0,5
2024101473949,2024,101473949,1,9,0,-1,19,2,6,-1,0,1,0,0,0,0,4,1,-1,1,1,35,6,1598,2,8,SKODA OCTAVIA,-1,-1,0,-1
2024201518995,2024,201518995,1,9,0,-1,9,2,8,-1,0,6,0,0,2,0,1,1,-1,9,2,25,5,1390,1,12,SKODA OCTAVIA,1,E01009404,0,2
2024061528500,2024,061528500,4,9,0,-1,19,5,1,-1,0,1,0,0,0,0,0,1,-1,1,1,29,6,1498,8,1,SKODA OCTAVIA,1,E01005091,0,2
2024041533200,2024,041533200,1,9,0,-1,19,5,1,-1,0,4,0,0,0,0,1,1,-1,9,2,37,7,1395,8,0,SKODA OCTAVIA,9,E01025316,0,3
2024101473196,2024,101473196,1,9,0,-1,19,5,1,-1,0,1,0,0,1,0,3,1,-1,9,1,41,7,999,1,1,SKODA OCTAVIA,-1,-1,0,-1
2024552400536,2024,552400536,1,8,0,18,19,6,2,0,0,0,0,4,0,0,4,1,2,2,1,53,8,1598,2,5,SKODA OCTAVIA,4,E01032008,0,4
2024061516989,2024,061516989,2,9,0,-1,19,4,8,-1,0,1,0,0,1,11,1,1,-1,2,2,49,8,1390,1,12,SKODA OCTAVIA,1,E01005799,0,1
2024052400590,2024,052400590,1,8,0,9,9,1,7,0,0,1,0,0,0,0,1,1,6,6,1,-1,-1,1498,1,5,SKODA OCTAVIA,3,E01006584,0,1
2024522403427,2024,522403427,3,9,0,3,3,4,8,0,0,0,0,0,0,0,2,1,6,6,2,28,6,1395,8,3,SKODA OCTAVIA,10,W01001500,0,4
2024201403815,2024,201403815,1,9,0,-1,19,8,4,-1,0,0,1,0,0,0,1,9,-1,9,1,-1,-1,1984,1,18,SKODA OCTAVIA,-1,-1,0,-1
2024340WN0322,2024,340WN0322,3,9,0,-1,3,8,4,-1,0,0,0,0,0,0,2,1,-1,6,2,32,6,1390,1,15,SKODA OCTAVIA,9,E01027166,0,3
2024991459175,2024,991459175,1,8,0,-1,19,6,2,-1,0,0,0,0,0,0,1,1,-1,1,1,51,8,1598,2,5,SKODA OCTAVIA,2,-1,0,2
2024430503310,2024,430503310,1,9,0,4,4,1,5,0,0,3,0,0,0,0,0,1,1,1,2,-1,-1,1598,2,5,SKODA OCTAVIA,-1,-1,0,-1
2024031480465,2024,031480465,1,9,0,-1,9,3,1,-1,0,0,0,0,0,0,4,1,-1,1,2,57,9,999,8,0,SKODA OCTAVIA,8,E01019253,0,1
2024041528461,2024,041528461,1,9,0,-1,5,4,6,-1,0,8,0,0,0,0,3,1,-1,6,3,-1,-1,1598,2,8,SKODA OCTAVIA,-1,-1,0,-1
2024552400913,2024,552400913,2,9,0,10,10,8,4,0,0,1,0,0,0,0,2,1,6,6,2,79,11,1896,2,14,SKODA OCTAVIA,7,E01022713,0,4
2024361418202,2024,361418202,1,9,0,-1,5,5,2,-1,0,1,1,0,0,0,3,1,-1,9,2,39,7,1598,2,12,SKODA OCTAVIA,2,E01026488,0,1
2024161426560,2024,161426560,2,9,0,-1,19,3,7,-1,0,2,1,0,0,0,2,1,-1,6,1,38,7,1968,2,1,SKODA OCTAVIA,2,E01035482,0,4
2024131451359,2024,131451359,2,8,0,-1,9,1,5,-1,0,8,0,0,0,0,1,1,-1,1,1,38,7,1598,2,6,SKODA OCTAVIA,3,E01011606,0,3
2024041442405,2024,041442405,1,9,0,-1,2,-1,-1,-1,0,0,0,0,0,0,-1,9,-1,1,1,43,7,1598,2,6,SKODA OCTAVIA,1,E01025215,0,3
2024471470441,2024,471470441,1,9,0,-1,5,1,2,-1,0,1,0,0,0,0,1,1,-1,9,1,77,11,999,1,6,SKODA OCTAVIA,6,E01031798,0,1
2024440427842,2024,440427842,1,9,0,18,19,2,6,0,0,0,1,0,0,0,0,1,1,1,2,40,7,1390,1,12,SKODA OCTAVIA,1,E01017331,0,1
2024440275291,2024,440275291,2,9,0,18,19,3,7,0,0,8,0,0,0,0,4,1,1,1,1,49,8,1968,2,5,SKODA OCTAVIA,4,E01017081,0,1
202454B979624,2024,54B979624,2,9,0,4,4,5,1,0,0,0,0,0,0,0,2,1,6,6,2,47,8,1968,2,8,SKODA OCTAVIA,5,E01015505,0,1
2024010503547,2024,010503547,1,9,0,18,19,6,2,0,0,2,5,4,0,0,1,1,6,6,1,23,5,1595,1,13,SKODA OCTAVIA,7,E01035490,0,1
2024991505551,2024,991505551,1,8,0,-1,7,4,7,-1,0,4,0,0,0,0,3,2,-1,1,1,73,10,1598,2,6,SKODA OCTAVIA,7,-1,0,1
2024440216101,2024,440216101,1,9,0,9,9,5,3,0,0,8,0,0,0,0,2,1,1,1,1,24,5,999,1,4,SKODA OCTAVIA,8,E01017057,0,1
2024371406334,2024,371406334,1,9,0,-1,9,4,3,-1,0,1,1,0,0,0,1,1,-1,6,2,33,6,1984,1,14,SKODA OCTAVIA,5,E01030226,0,1
2024471426517,2024,471426517,1,9,0,-1,19,2,6,-1,0,8,0,0,0,0,1,1,-1,9,2,20,4,1896,2,17,SKODA OCTAVIA,1,E01020995,0,4
2024440459898,2024,440459898,1,9,0,18,19,3,7,0,0,0,0,0,0,0,1,1,1,1,1,60,9,1598,2,7,SKODA OCTAVIA,9,E01022743,0,2
2024320423397,2024,320423397,2,9,0,4,4,6,2,0,0,0,0,12,0,0,2,1,1,1,2,37,7,1598,2,6,SKODA OCTAVIA,4,E01026230,0,3
2024531426948,2024,531426948,2,9,0,-1,19,5,1,-1,0,1,0,0,0,0,1,1,-1,6,1,70,10,1498,1,0,SKODA OCTAVIA,6,E01022249,0,3
2024501491154,2024,501491154,3,9,0,-1,19,1,5,-1,0,1,0,0,0,0,1,1,-1,2,1,63,9,1968,2,14,SKODA OCTAVIA,6,E01020179,0,2
2024161535740,2024,161535740,3,9,0,-1,19,1,5,-1,0,2,0,0,0,0,3,1,-1,9,1,57,9,1598,1,18,SKODA OCTAVIA,2,E01033109,0,1
202417M119124,2024,17M119124,1,8,0,-1,19,7,3,-1,0,8,0,0,0,0,1,1,-1,1,1,46,8,1598,2,5,SKODA OCTAVIA,-1,-1,0,-1
2024010531336,2024,010531336,7,9,0,2,2,0,0,0,0,0,0,0,0,0,3,1,6,6,3,-1,-1,1968,2,12,SKODA OCTAVIA,-1,-1,0,-1
2024041543658,2024,041543658,1,9,0,-1,5,1,5,-1,0,0,0,0,0,0,4,1,-1,6,1,-1,-1,1968,2,5,SKODA OCTAVIA,1,E01024875,0,1
2024221528740,2024,221528740,3,9,0,-1,19,8,6,-1,0,0,0,0,7,0,1,9,-1,1,1,53,8,1498,1,0,SKODA OCTAVIA,8,W01001626,0,4
2024311488318,2024,311488318,2,9,0,-1,19,3,7,-1,0,1,0,0,0,0,0,1,-1,1,1,-1,-1,1598,2,4,SKODA OCTAVIA,-1,-1,0,-1
2024061500908,2024,061500908,1,8,0,-1,9,5,3,-1,0,8,0,0,0,0,3,1,-1,1,1,63,9,1598,2,7,SKODA OCTAVIA,8,E01025596,0,4
2024041424011,2024,041424011,1,9,0,-1,19,8,4,-1,0,0,0,0,0,0,1,1,-1,1,1,64,9,1598,2,8,SKODA OCTAVIA,1,E01024875,0,1
2024991454923,2024,991454923,2,9,0,-1,5,4,1,-1,0,2,0,0,0,0,4,1,-1,6,2,54,8,1498,1,2,SKODA OCTAVIA,7,-1,0,1
2024440171327,2024,440171327,1,9,0,18,19,6,2,0,0,1,0,0,1,3,1,1,6,6,1,82,11,1498,1,5,SKODA OCTAVIA,10,E01022602,0,1
202454D175224,2024,54D175224,2,9,0,5,5,8,6,0,0,4,0,0,0,0,4,1,2,2,1,45,7,1968,2,16,SKODA OCTAVIA,2,E01015506,0,1
2024041421520,2024,041421520,2,9,0,-1,19,3,7,-1,0,0,0,0,0,0,1,1,-1,1,1,42,7,1968,2,9,SKODA OCTAVIA,1,E01034335,0,2
2024101538466,2024,101538466,1,9,0,-1,19,4,8,-1,0,2,0,0,0,0,1,1,-1,6,3,40,7,1896,2,14,SKODA OCTAVIA,-1,-1,0,-1
2024052401283,2024,052401283,1,8,0,3,3,6,2,0,0,0,0,0,0,0,1,1,1,1,1,49,8,1598,2,4,SKODA OCTAVIA,3,E01006550,0,1
2024041427735,2024,041427735,1,9,0,-1,4,5,1,-1,0,0,0,0,0,0,1,1,-1,6,1,25,5,1968,2,6,SKODA OCTAVIA,1,E01025219,0,1
2024010540015,2024,010540015,4,9,0,2,2,0,0,0,0,0,0,0,0,0,0,1,6,6,3,-1,-1,1598,1,17,SKODA OCTAVIA,-1,-1,0,-1
2024221415915,2024,221415915,1,9,0,-1,9,5,2,-1,0,6,0,0,0,0,1,1,-1,6,2,65,9,1968,2,8,SKODA OCTAVIA,7,E01014028,0,1
2024111455280,2024,111455280,1,9,0,-1,7,8,3,-1,0,8,0,0,0,0,1,1,-1,6,1,50,8,1598,2,9,SKODA OCTAVIA,1,E01012304,0,1
202460Q140028,2024,60Q140028,1,9,0,18,19,1,5,0,0,0,0,0,0,0,3,1,6,6,2,60,9,1598,2,13,SKODA OCTAVIA,-1,-1,0,-1
2024991453097,2024,991453097,1,9,0,-1,19,1,5,-1,0,0,0,0,0,0,1,1,-1,9,2,59,9,1498,1,4,SKODA OCTAVIA,7,-1,0,5
2024070626808,2024,070626808,1,9,0,9,9,6,2,0,0,0,0,0,0,0,1,1,6,6,2,71,10,1598,2,9,SKODA OCTAVIA,3,E01018482,0,1
2024302400223,2024,302400223,1,9,0,16,19,6,1,0,0,0,5,0,0,0,1,1,3,7,1,51,8,1968,2,7,SKODA OCTAVIA,4,E01019823,0,1
2024340NN3142,2024,340NN3142,3,9,0,-1,7,5,7,-1,0,2,0,0,0,0,0,1,-1,8,1,-1,-1,1498,8,0,SKODA OCTAVIA,7,E01027162,0,4
2024131508858,2024,131508858,3,9,0,-1,19,1,5,-1,0,8,0,0,0,0,2,1,-1,9,1,45,7,1896,2,14,SKODA OCTAVIA,1,E01011433,0,1
2024070473262,2024,070473262,2,8,0,18,19,1,5,0,0,0,0,0,0,7,2,1,6,6,1,39,7,1598,2,6,SKODA OCTAVIA,-1,-1,0,-1
2024201472834,2024,201472834,1,9,0,-1,13,7,2,-1,0,0,0,0,0,0,1,1,-1,9,1,23,5,1968,2,7,SKODA OCTAVIA,-1,-1,0,-1
2024010519983,2024,010519983,2,9,0,99,99,9,9,99,99,9,9,99,9,99,9,9,6,6,3,-1,-1,1968,2,10,SKODA OCTAVIA,-1,-1,0,-1
2024991573735,2024,991573735,2,9,0,-1,15,5,1,-1,0,0,0,0,0,0,1,1,-1,1,1,33,6,1968,2,4,SKODA OCTAVIA,1,-1,0,3
2024061428840,2024,061428840,4,9,0,-1,19,3,5,-1,0,0,0,0,0,0,0,1,-1,6,-1,-1,-1,1598,2,7,SKODA OCTAVIA,-1,-1,0,-1
2024122401123,2024,122401123,2,9,0,18,19,2,7,0,0,1,1,0,0,0,2,1,1,1,2,57,9,1598,2,9,SKODA OCTAVIA,10,E01027618,0,2
2024061443830,2024,061443830,3,9,0,-1,19,7,3,-1,0,1,0,0,0,0,1,2,-1,1,1,33,6,1598,2,5,SKODA OCTAVIA,1,E01005953,0,1
2024991534068,2024,991534068,2,9,0,-1,8,1,4,-1,0,1,0,0,0,0,2,1,-1,1,1,53,8,1598,2,4,SKODA OCTAVIA,7,-1,0,1
2024421517990,2024,421517990,1,9,0,-1,9,4,1,-1,0,3,0,0,0,0,3,1,-1,6,1,58,9,1598,2,6,SKODA OCTAVIA,4,E01021374,0,1
2024461461664,2024,461461664,1,9,0,-1,19,6,2,-1,0,0,0,0,0,0,1,1,-1,6,1,54,8,1498,8,0,SKODA OCTAVIA,7,E01033927,0,4
2024991520878,2024,991520878,1,8,0,-1,19,3,7,-1,0,2,0,0,0,0,1,1,-1,1,1,45,7,1968,2,3,SKODA OCTAVIA,6,-1,0,2
2024061396965,2024,061396965,1,8,0,-1,8,7,3,-1,0,0,0,0,0,0,4,1,-1,1,1,43,7,1598,2,7,SKODA OCTAVIA,-1,-1,0,-1
2024122401163,2024,122401163,1,9,0,9,9,4,2,0,0,8,1,0,7,11,1,1,6,6,2,86,11,1968,2,9,SKODA OCTAVIA,8,E01027685,0,3
2024552400811,2024,552400811,1,9,0,18,19,8,4,0,0,0,0,10,1,10,1,1,6,6,1,67,10,1598,2,14,SKODA OCTAVIA,8,E01034380,0,2
2024161398085,2024,161398085,2,9,0,-1,19,3,7,-1,0,0,0,0,0,0,1,1,-1,2,2,22,5,1968,2,15,SKODA OCTAVIA,1,E01013206,0,1
2024161415217,2024,161415217,2,9,0,-1,19,5,7,-1,0,1,0,0,0,0,1,1,-1,6,1,61,9,1896,2,14,SKODA OCTAVIA,7,E01026062,0,2
2024471401419,2024,471401419,2,9,0,-1,19,8,4,-1,0,8,0,0,0,0,1,1,-1,9,1,57,9,1598,2,8,SKODA OCTAVIA,8,E01021073,0,2
2024131460518,2024,131460518,2,9,0,-1,2,7,3,-1,0,8,0,0,0,0,2,1,-1,6,-1,-1,-1,1896,2,16,SKODA OCTAVIA,-1,-1,0,-1
2024991500648,2024,991500648,1,9,0,-1,9,6,4,-1,0,8,0,0,0,0,4,1,-1,9,1,45,7,1896,2,15,SKODA OCTAVIA,1,E01013940,0,5
2024101461851,2024,101461851,1,8,0,-1,4,8,4,-1,0,0,0,0,0,0,1,1,-1,1,1,38,7,1598,2,8,SKODA OCTAVIA,9,E01008443,0,3
2024010494813,2024,010494813,2,9,0,18,19,5,1,0,0,2,0,0,0,0,1,1,6,6,2,41,7,1395,1,8,SKODA OCTAVIA,2,E01001745,0,1
2024010506728,2024,010506728,1,9,0,18,19,5,1,0,0,2,0,11,0,0,1,1,6,6,1,76,11,1395,1,7,SKODA OCTAVIA,7,E01003254,0,2
2024010506669,2024,010506669,3,9,0,18,19,3,7,0,0,8,0,0,0,0,1,1,6,6,1,38,7,1598,2,9,SKODA OCTAVIA,6,E01001419,0,1
202417L207824,2024,17L207824,4,8,0,-1,19,7,3,-1,0,1,0,0,0,0,2,1,-1,1,1,47,8,1598,2,7,SKODA OCTAVIA,4,E01012167,0,1
2024991459917,2024,991459917,2,9,0,-1,19,1,5,-1,0,0,0,0,0,0,4,1,-1,6,2,36,7,1968,2,8,SKODA OCTAVIA,6,-1,0,2
2024461508456,2024,461508456,1,9,0,-1,4,1,4,-1,0,0,0,0,0,0,2,1,-1,9,1,64,9,1968,2,8,SKODA OCTAVIA,8,E01016169,0,1
2024411476754,2024,411476754,1,9,0,-1,12,1,7,-1,0,1,0,0,0,0,3,1,-1,6,1,21,5,1984,1,6,SKODA OCTAVIA,2,E01023294,0,1
2024622400009,2024,622400009,2,9,0,2,2,0,0,0,0,1,0,0,0,0,1,1,6,6,3,-1,-1,1968,2,13,SKODA OCTAVIA,-1,-1,0,-1
2024101515140,2024,101515140,1,9,0,-1,1,5,1,-1,0,0,0,0,0,0,2,1,-1,9,1,54,8,1896,2,14,SKODA OCTAVIA,6,E01008574,0,1
2024361452883,2024,361452883,2,9,0,-1,4,5,1,-1,0,0,0,0,0,0,2,1,-1,6,1,67,10,1984,1,5,SKODA OCTAVIA,6,E01018247,0,4
2024302401769,2024,302401769,1,9,0,-1,7,1,2,-1,0,8,0,0,0,0,1,1,-1,6,1,68,10,1968,2,11,SKODA OCTAVIA,6,E01029398,0,4
202417S101824,2024,17S101824,1,8,0,9,9,7,5,0,0,6,0,0,0,0,1,1,1,1,1,57,9,1598,2,6,SKODA OCTAVIA,10,E01012303,0,2
2024131417956,2024,131417956,2,9,0,-1,19,4,8,-1,0,0,0,0,1,1,1,1,-1,9,1,71,10,1598,2,7,SKODA OCTAVIA,10,E01010947,0,2
2024430456165,2024,430456165,1,9,0,10,10,4,2,0,0,1,0,0,0,0,2,1,1,1,2,60,9,999,1,4,SKODA OCTAVIA,6,W01001593,0,4
2024041515334,2024,041515334,1,9,0,-1,19,7,3,-1,0,0,0,0,3,2,1,1,-1,1,1,60,9,1598,2,12,SKODA OCTAVIA,3,E01024952,0,1