collision_index,collision_year,collision_ref_no,vehicle_reference,vehicle_type,towing_and_articulation,vehicle_manoeuvre_historic,vehicle_manoeuvre,vehicle_direction_from,vehicle_direction_to,vehicle_location_restricted_lane_historic,vehicle_location_restricted_lane,junction_location,skidding_and_overturning,hit_object_in_carriageway,vehicle_leaving_carriageway,hit_object_off_carriageway,first_point_of_impact,vehicle_left_hand_drive,journey_purpose_of_driver_historic,journey_purpose_of_driver,sex_of_driver,age_of_driver,age_band_of_driver,engine_capacity_cc,propulsion_code,age_of_vehicle,generic_make_model,driver_imd_decile,lsoa_of_driver,escooter_flag,driver_distance_banding
2024442403872,2024,442403872,2,8,0,7,7,8,3,0,0,1,0,0,0,0,4,1,1,1,1,37,7,1598,2,6,SKODA OCTAVIA,1,E01017155,0,1
2024440400005,2024,440400005,2,9,0,9,9,4,2,0,0,6,0,0,0,0,1,1,6,6,1,90,11,1395,1,9,SKODA OCTAVIA,8,E01022492,0,3
2024061463801,2024,061463801,1,9,0,-1,19,4,8,-1,0,1,0,0,0,0,1,1,-1,6,1,-1,-1,1968,2,14,SKODA OCTAVIA,-1,-1,0,-1
2024131497657,2024,131497657,2,9,0,-1,19,7,3,-1,0,8,0,0,0,0,1,1,-1,9,1,23,5,1984,1,1,SKODA OCTAVIA,6,E01011885,0,3
2024070593090,2024,070593090,1,9,0,18,19,6,2,0,0,0,0,0,0,0,4,1,6,6,2,54,8,1968,2,9,SKODA OCTAVIA,10,E01006084,0,1
2024141486769,2024,141486769,1,9,0,-1,5,5,1,-1,0,0,0,0,0,0,1,1,-1,1,1,48,8,1598,2,8,SKODA OCTAVIA,3,E01033268,0,2
2024451425585,2024,451425585,2,9,0,-1,7,8,4,-1,0,0,0,0,0,0,4,1,-1,9,1,58,9,1968,2,8,SKODA OCTAVIA,6,E01030631,0,1
2024141445285,2024,141445285,2,9,0,-1,19,8,4,-1,0,1,0,0,0,0,1,1,-1,6,1,57,9,1598,2,12,SKODA OCTAVIA,2,E01007871,0,1
2024221485796,2024,221485796,2,9,0,-1,19,3,7,-1,0,8,0,0,0,0,4,1,-1,6,1,58,9,1896,2,15,SKODA OCTAVIA,5,E01032214,0,1
2024131410095,2024,131410095,1,9,0,-1,19,7,3,-1,0,0,2,0,2,11,3,1,-1,2,2,29,6,1896,2,15,SKODA OCTAVIA,8,E01011169,0,1
2024552401024,2024,552401024,2,9,0,18,19,8,4,0,0,0,0,0,0,0,1,1,6,6,1,44,7,1598,2,8,SKODA OCTAVIA,4,E01015374,0,1
2024101461563,2024,101461563,2,9,0,-1,10,6,4,-1,0,4,0,0,0,0,2,1,-1,1,1,39,7,1598,2,9,SKODA OCTAVIA,3,E01027421,0,1
2024991478649,2024,991478649,2,9,0,-1,19,2,6,-1,0,0,0,0,0,0,1,1,-1,1,1,42,7,1598,2,4,SKODA OCTAVIA,-1,-1,0,-1
2024131475550,2024,131475550,2,9,0,-1,12,5,5,-1,0,0,0,0,0,0,3,1,-1,2,1,65,9,1968,2,7,SKODA OCTAVIA,9,E01011397,0,1
2024211513194,2024,211513194,2,9,0,-1,4,1,5,-1,0,0,0,0,0,0,2,1,-1,9,1,58,9,1968,2,8,SKODA OCTAVIA,5,E01005635,0,4
2024070384229,2024,070384229,1,9,0,1,1,1,6,0,0,0,0,0,0,0,3,1,6,6,1,-1,-1,1598,2,8,SKODA OCTAVIA,-1,-1,0,-1
2024991444411,2024,991444411,1,9,0,-1,19,5,1,-1,0,1,0,0,0,0,4,1,-1,6,1,36,7,1598,2,5,SKODA OCTAVIA,7,-1,0,4
2024122401188,2024,122401188,3,9,0,4,4,8,3,0,0,0,1,6,0,0,2,1,6,6,1,78,11,1896,2,22,SKODA OCTAVIA,8,E01028329,0,4
202454C022924,2024,54C022924,1,9,0,18,19,8,4,0,0,5,0,0,0,0,1,1,6,6,1,63,9,1896,2,23,SKODA OCTAVIA,8,E01022522,0,4
2024101445398,2024,101445398,1,9,0,-1,19,5,1,-1,0,5,0,0,0,0,4,1,-1,6,1,32,6,1598,2,11,SKODA OCTAVIA,1,E01008854,0,1
2024320588691,2024,320588691,1,9,0,-1,-1,2,6,0,0,1,0,0,0,0,1,1,-1,-1,1,23,5,1984,1,18,SKODA OCTAVIA,2,E01028231,0,5
2024010514152,2024,010514152,1,9,0,99,99,9,9,99,99,1,9,99,9,99,9,9,6,6,2,46,8,1968,2,9,SKODA OCTAVIA,8,E01000844,0,1
2024451528851,2024,451528851,1,9,0,-1,19,7,3,-1,0,0,0,0,0,0,1,1,-1,9,1,53,8,1968,2,9,SKODA OCTAVIA,5,E01000310,0,4
2024101450553,2024,101450553,2,9,0,-1,-1,-1,-1,-1,-1,8,-1,-1,-1,0,-1,1,-1,6,2,64,9,1395,1,8,SKODA OCTAVIA,9,E01027481,0,4
2024461399158,2024,461399158,1,9,0,-1,19,5,1,-1,9,0,0,0,1,10,2,9,-1,6,-1,-1,-1,1598,2,5,SKODA OCTAVIA,-1,-1,0,-1
2024041516823,2024,041516823,3,9,0,-1,19,1,5,-1,0,0,0,0,0,0,2,1,-1,6,1,68,10,1498,1,4,SKODA OCTAVIA,3,E01012753,0,1
2024451493230,2024,451493230,2,9,0,-1,19,3,7,-1,0,0,0,0,0,0,1,1,-1,1,1,33,6,1498,1,4,SKODA OCTAVIA,9,E01030960,0,2
2024461535716,2024,461535716,1,8,0,-1,6,1,7,-1,0,5,0,11,6,0,3,1,-1,1,1,45,7,1598,2,4,SKODA OCTAVIA,5,E01024347,0,1
2024991495504,2024,991495504,3,8,0,-1,3,3,7,-1,0,2,0,0,0,0,2,1,-1,9,1,60,9,1598,2,5,SKODA OCTAVIA,3,-1,0,1
2024070505707,2024,070505707,1,8,0,18,19,4,8,0,0,0,0,0,0,0,1,1,1,1,1,60,9,1598,2,6,SKODA OCTAVIA,5,E01018627,0,2
2024543395024,2024,543395024,8,9,0,18,19,4,8,0,0,0,1,0,1,10,1,1,6,6,1,42,7,1968,2,17,SKODA OCTAVIA,7,E01016239,0,4
2024371466527,2024,371466527,2,9,0,-1,19,1,5,-1,0,1,0,0,0,0,1,1,-1,2,1,-1,-1,1984,1,17,SKODA OCTAVIA,6,E01029876,0,1
2024231498269,2024,231498269,2,9,0,-1,19,8,5,-1,0,4,0,0,0,0,3,1,-1,6,2,58,9,1984,1,5,SKODA OCTAVIA,4,E01032409,0,3
2024461533125,2024,461533125,2,9,0,-1,19,1,4,-1,0,0,0,0,0,0,3,1,-1,9,1,36,7,1984,1,5,SKODA OCTAVIA,10,E01024329,0,1
2024131513618,2024,131513618,2,9,0,-1,3,5,1,-1,0,1,0,0,0,0,2,1,-1,6,1,31,6,1968,2,4,SKODA OCTAVIA,1,E01007402,0,4
2024461426322,2024,461426322,1,9,0,-1,19,6,3,-1,0,0,0,0,0,0,1,9,-1,6,1,28,6,1968,2,15,SKODA OCTAVIA,2,E01024646,0,1
2024041424744,2024,041424744,2,9,0,-1,5,1,5,-1,0,6,0,0,0,0,4,1,-1,1,1,38,7,1598,2,9,SKODA OCTAVIA,1,E01025185,0,4
2024131423164,2024,131423164,2,9,0,-1,3,5,1,-1,0,1,0,0,0,0,1,1,-1,6,1,61,9,1598,2,14,SKODA OCTAVIA,2,E01011805,0,1
2024231466004,2024,231466004,2,9,0,-1,19,4,8,-1,0,8,0,0,0,0,1,9,-1,7,2,65,9,1968,2,1,SKODA OCTAVIA,3,E01031109,0,1
2024201435482,2024,201435482,2,9,0,-1,19,7,3,-1,0,8,0,0,0,0,1,9,-1,6,1,44,7,1395,1,7,SKODA OCTAVIA,7,E01009070,0,2
2024361474291,2024,361474291,1,9,0,-1,19,7,3,-1,0,0,1,0,1,9,4,1,-1,9,1,48,8,1896,2,16,SKODA OCTAVIA,1,E01026666,0,3
202454A158024,2024,54A158024,1,9,0,9,9,4,2,0,0,6,0,0,0,0,1,1,6,6,1,45,7,1595,1,13,SKODA OCTAVIA,10,E01032045,0,1
2024141434082,2024,141434082,1,9,0,-1,19,6,2,-1,0,2,0,0,0,0,1,1,-1,2,1,57,9,1598,2,11,SKODA OCTAVIA,3,E01007646,0,2
2024440021721,2024,440021721,2,9,0,18,19,2,6,0,0,0,0,0,0,0,3,1,2,2,1,54,8,1968,2,2,SKODA OCTAVIA,5,E01022539,0,2
2024211421226,2024,211421226,2,9,0,-1,9,2,8,-1,0,4,0,0,0,0,3,1,-1,6,1,59,9,1896,2,15,SKODA OCTAVIA,3,E01014240,0,1
2024311451721,2024,311451721,2,9,0,-1,9,7,5,-1,0,1,0,0,0,0,4,1,-1,1,1,22,5,1498,1,1,SKODA OCTAVIA,-1,-1,0,-1
2024991468406,2024,991468406,2,9,0,-1,19,7,3,-1,0,0,0,0,0,0,1,1,-1,9,1,81,11,1968,2,9,SKODA OCTAVIA,6,-1,0,4
2024991533234,2024,991533234,1,8,0,-1,5,8,4,-1,0,0,0,0,0,0,0,1,-1,1,1,68,10,1896,2,14,SKODA OCTAVIA,1,-1,0,1
2024471461647,2024,471461647,1,9,0,-1,10,8,6,-1,0,1,0,0,0,0,3,1,-1,9,1,31,6,1968,2,18,SKODA OCTAVIA,5,E01020968,0,1
2024461455658,2024,461455658,1,9,0,-1,9,7,5,-1,0,6,1,11,0,0,4,1,-1,9,2,79,11,1896,2,15,SKODA OCTAVIA,2,E01024533,0,2
2024161454152,2024,161454152,1,9,0,-1,4,7,3,-1,0,1,0,0,0,0,2,9,-1,6,1,30,6,1598,2,7,SKODA OCTAVIA,1,E01012862,0,1
2024522401249,2024,522401249,5,9,0,18,19,6,2,0,0,0,0,0,0,0,1,1,6,6,1,56,9,1968,2,2,SKODA OCTAVIA,8,E01014918,0,3
2024552400476,2024,552400476,2,9,0,7,7,6,7,0,0,5,0,0,0,0,4,1,6,6,2,34,6,1598,2,10,SKODA OCTAVIA,6,E01015286,0,1
2024161423056,2024,161423056,2,9,0,-1,19,3,7,-1,0,8,0,0,0,0,1,1,-1,9,1,60,9,1498,1,6,SKODA OCTAVIA,5,E01007644,0,4
2024131418592,2024,131418592,1,9,0,-1,19,7,3,-1,0,0,0,0,0,0,1,1,-1,9,1,53,8,1968,2,9,SKODA OCTAVIA,8,E01011826,0,3
2024311518938,2024,311518938,2,9,0,-1,9,5,1,-1,0,1,1,0,5,0,1,1,-1,9,1,34,6,1968,2,10,SKODA OCTAVIA,1,E01011864,0,4
2024440312905,2024,440312905,2,9,0,18,19,1,5,0,0,4,0,0,0,0,1,1,6,6,1,77,11,999,1,2,SKODA OCTAVIA,8,E01022769,0,1
2024131439616,2024,131439616,2,9,0,-1,19,2,6,-1,0,8,0,0,0,0,4,1,-1,9,1,32,6,1984,1,13,SKODA OCTAVIA,1,E01011723,0,1
2024451463661,2024,451463661,1,9,0,-1,9,7,3,-1,1,0,0,0,0,0,3,1,-1,6,1,56,9,1395,1,9,SKODA OCTAVIA,9,E01002978,0,3
2024061521264,2024,061521264,1,8,0,-1,19,-1,-1,-1,99,0,0,0,0,0,4,1,-1,1,1,27,6,1968,2,9,SKODA OCTAVIA,3,E01005118,0,1
2024131475609,2024,131475609,2,9,0,-1,2,0,0,-1,0,0,0,0,0,0,1,1,-1,6,-1,-1,-1,1395,1,8,SKODA OCTAVIA,-1,-1,0,-1
2024471403176,2024,471403176,1,9,0,-1,19,8,6,-1,0,8,0,0,0,0,4,1,-1,9,1,36,7,1598,2,9,SKODA OCTAVIA,2,E01031456,0,3
2024501494468,2024,501494468,1,9,0,-1,19,2,6,-1,0,2,0,0,0,0,4,1,-1,6,1,76,11,1498,1,4,SKODA OCTAVIA,2,E01020216,0,1
2024461415938,2024,461415938,2,9,0,-1,19,3,6,-1,0,8,0,0,0,0,1,9,-1,2,1,59,9,1598,2,9,SKODA OCTAVIA,3,E01032830,0,1
2024549399924,2024,549399924,2,9,0,18,19,5,1,0,0,4,0,0,0,0,3,1,6,6,2,27,6,1968,2,4,SKODA OCTAVIA,7,E01027338,0,5
2024622400628,2024,622400628,2,9,0,18,19,1,5,0,0,1,0,0,0,0,3,1,2,2,1,35,6,1984,1,10,SKODA OCTAVIA,8,W01001003,0,1
2024131451369,2024,131451369,1,9,0,-1,19,7,3,-1,0,0,0,4,0,0,1,1,-1,6,1,41,7,1968,2,11,SKODA OCTAVIA,2,E01033013,0,1
2024501398519,2024,501398519,1,9,0,-1,19,8,3,-1,0,0,0,0,0,0,1,1,-1,9,1,39,7,1968,2,15,SKODA OCTAVIA,5,E01018923,0,1
2024471411090,2024,471411090,1,9,0,-1,19,6,1,-1,0,0,0,0,0,0,1,1,-1,1,1,69,10,1598,2,4,SKODA OCTAVIA,10,E01031744,0,1
2024122401141,2024,122401141,1,9,0,18,19,7,3,0,0,0,0,0,0,0,3,1,6,6,2,61,9,1968,2,5,SKODA OCTAVIA,5,E01027778,0,1
202460Q062267,2024,60Q062267,1,9,0,18,19,6,2,0,0,0,0,0,0,0,4,1,3,7,2,47,8,1896,2,20,SKODA OCTAVIA,-1,-1,0,-1
2024302500283,2024,302500283,2,9,0,-1,19,7,3,-1,0,0,0,0,0,0,1,1,-1,9,1,35,6,1598,2,11,SKODA OCTAVIA,3,E01025294,0,4
2024471434933,2024,471434933,4,9,0,-1,4,7,3,-1,0,0,0,0,0,0,2,2,-1,1,1,62,9,999,1,2,SKODA OCTAVIA,7,E01031457,0,1
2024421512620,2024,421512620,2,8,0,-1,3,-1,-1,-1,0,1,0,0,0,0,4,1,-1,1,1,44,7,1598,2,9,SKODA OCTAVIA,9,E01015893,0,1
2024440512585,2024,440512585,2,9,0,18,19,2,6,0,0,1,0,0,0,0,2,1,2,2,2,37,7,1968,2,8,SKODA OCTAVIA,9,E01032012,0,4
2024061531335,2024,061531335,1,9,0,-1,5,3,7,-1,0,0,0,0,0,0,1,1,-1,1,1,41,7,1395,7,7,SKODA OCTAVIA,2,E01005890,0,2
2024522402005,2024,522402005,1,9,0,9,9,1,7,0,0,5,0,0,0,0,3,1,6,6,1,31,6,1968,2,8,SKODA OCTAVIA,10,E01022350,0,4
2024041499115,2024,041499115,2,9,0,-1,19,5,1,-1,0,8,0,0,0,0,4,1,-1,1,1,65,9,1598,2,7,SKODA OCTAVIA,6,E01025145,0,4
2024440343171,2024,440343171,3,9,0,4,4,4,8,0,0,0,0,0,0,0,2,1,6,6,1,43,7,1984,1,5,SKODA OCTAVIA,8,E01017252,0,1
2024451487943,2024,451487943,2,9,0,-1,19,5,1,-1,0,0,0,0,0,0,2,1,-1,2,1,36,7,1498,1,6,SKODA OCTAVIA,10,E01030627,0,3
2024231417601,2024,231417601,2,9,0,-1,19,8,4,-1,0,8,0,0,0,0,4,1,-1,2,1,39,7,1395,1,11,SKODA OCTAVIA,7,E01031188,0,1
2024201478424,2024,201478424,2,9,0,-1,10,6,5,-1,0,1,0,0,0,0,2,1,-1,1,1,41,7,1968,2,13,SKODA OCTAVIA,3,E01009857,0,1
2024211515253,2024,211515253,1,8,0,-1,1,1,1,-1,0,0,0,0,0,0,0,9,-1,1,1,23,5,1598,2,6,SKODA OCTAVIA,8,E01029416,0,3
2024010531420,2024,010531420,1,9,0,3,3,1,5,0,0,0,0,0,0,0,2,1,2,2,1,52,8,1395,1,8,SKODA OCTAVIA,9,E01023562,0,2
2024471538772,2024,471538772,1,8,0,-1,9,7,5,-1,0,8,0,0,0,0,1,1,-1,1,1,46,8,1598,2,6,SKODA OCTAVIA,6,E01031826,0,1
2024471470128,2024,471470128,2,9,0,-1,19,1,5,-1,0,1,0,4,0,0,4,1,-1,6,1,93,11,1395,1,10,SKODA OCTAVIA,10,E01016984,0,1
2024440122480,2024,440122480,1,9,0,5,5,8,4,0,0,4,0,0,0,0,3,1,3,7,1,41,7,1968,2,7,SKODA OCTAVIA,8,E01015447,0,4
2024041425984,2024,041425984,1,9,0,-1,6,7,3,-1,0,1,0,0,0,0,2,1,-1,1,1,49,8,1598,2,6,SKODA OCTAVIA,5,E01025448,0,1
2024302401600,2024,302401600,3,9,0,18,19,7,3,0,0,7,0,0,0,0,1,1,2,2,1,46,8,1598,2,8,SKODA OCTAVIA,1,E01013817,0,3
2024430269097,2024,430269097,2,8,0,4,4,3,7,0,0,0,0,0,0,0,3,1,1,1,1,28,6,1968,2,7,SKODA OCTAVIA,6,E01028437,0,1
2024501498595,2024,501498595,1,9,0,-1,3,3,7,-1,0,0,0,0,0,0,1,1,-1,9,1,55,8,1968,2,8,SKODA OCTAVIA,4,E01020301,0,4
2024471404885,2024,471404885,1,9,0,-1,19,1,5,-1,0,0,0,0,0,0,3,1,-1,9,2,32,6,1498,1,6,SKODA OCTAVIA,4,E01031583,0,1
2024471513628,2024,471513628,3,9,0,-1,2,0,0,-1,-1,0,0,0,0,0,4,1,-1,6,-1,-1,-1,1968,2,5,SKODA OCTAVIA,-1,-1,0,-1
2024041409102,2024,041409102,3,9,0,-1,2,0,0,-1,0,0,0,0,0,0,2,1,-1,6,-1,-1,-1,1598,2,12,SKODA OCTAVIA,-1,-1,0,-1
2024552400966,2024,552400966,1,9,0,2,2,0,0,0,0,0,0,0,0,0,3,1,6,6,2,42,7,1968,2,0,SKODA OCTAVIA,7,E01015370,0,1
2024440258680,2024,440258680,1,9,0,3,3,2,6,0,0,0,0,0,0,0,2,1,1,1,1,37,7,999,1,5,SKODA OCTAVIA,9,E01022683,0,3
2024471494317,2024,471494317,1,9,0,-1,19,1,5,-1,0,0,0,0,0,0,4,1,-1,9,1,83,11,1598,1,18,SKODA OCTAVIA,6,E01031440,0,1
2024141512043,2024,141512043,2,9,0,-1,2,0,0,-1,0,2,1,0,0,0,1,9,-1,6,-1,-1,-1,1598,2,9,SKODA OCTAVIA,-1,-1,0,-1
2024131441289,2024,131441289,1,9,0,-1,9,5,3,-1,0,5,0,0,0,0,4,1,-1,1,1,39,7,1598,2,7,SKODA OCTAVIA,2,E01010983,0,1
2024201471560,2024,201471560,2,9,0,-1,8,4,6,-1,0,8,0,0,0,0,4,1,-1,9,1,51,8,1395,1,9,SKODA OCTAVIA,1,E01009323,0,1
2024991508725,2024,991508725,2,8,0,-1,19,7,3,-1,0,8,0,0,0,0,1,1,-1,1,1,54,8,1598,2,7,SKODA OCTAVIA,3,-1,0,1
2024061503486,2024,061503486,3,9,0,-1,19,1,5,-1,0,1,0,0,0,0,0,1,-1,1,1,41,7,1984,1,1,SKODA OCTAVIA,1,E01034113,0,3
2024631451356,2024,631451356,1,9,0,-1,12,6,2,-1,0,0,5,0,7,11,1,1,-1,6,2,72,10,1598,2,10,SKODA OCTAVIA,6,W01000487,0,4
2024131521660,2024,131521660,2,9,0,-1,2,0,0,-1,0,0,0,0,0,0,3,1,-1,6,-1,-1,-1,1598,2,9,SKODA OCTAVIA,-1,-1,0,-1
2024052402014,2024,052402014,1,9,0,7,7,6,8,0,0,5,0,7,0,0,1,1,6,6,1,24,5,1598,2,7,SKODA OCTAVIA,1,E01033669,0,4
2024522402006,2024,522402006,2,9,0,18,19,3,1,0,0,0,0,0,0,0,1,1,6,6,1,55,8,1968,2,11,SKODA OCTAVIA,7,E01014763,0,2
2024451527146,2024,451527146,2,9,0,-1,5,3,7,-1,-1,0,0,0,0,0,3,1,-1,1,1,44,7,1598,2,8,SKODA OCTAVIA,6,E01030464,0,4
2024522402998,2024,522402998,2,9,0,4,4,2,6,0,0,0,0,0,0,0,2,1,6,6,1,40,7,999,1,6,SKODA OCTAVIA,9,E01020158,0,5
2024471420421,2024,471420421,1,9,0,-1,3,6,2,-1,99,1,9,99,0,0,2,1,-1,9,1,34,6,1896,2,15,SKODA OCTAVIA,7,E01031381,0,1
2024101491915,2024,101491915,1,8,0,-1,19,3,7,-1,0,0,0,0,0,0,1,2,-1,1,1,40,7,1598,2,12,SKODA OCTAVIA,1,E01035618,0,1
2024991447981,2024,991447981,1,9,0,-1,4,4,8,-1,0,0,0,0,0,0,1,1,-1,9,1,74,10,1498,1,5,SKODA OCTAVIA,4,E01019327,0,5
2024010496402,2024,010496402,1,9,0,18,19,5,1,0,0,8,0,11,0,0,2,1,6,6,1,52,8,1395,1,9,SKODA OCTAVIA,8,E01002949,0,1
2024471492668,2024,471492668,2,9,0,-1,19,2,6,-1,0,0,1,0,5,6,2,1,-1,2,2,46,8,1498,1,5,SKODA OCTAVIA,5,E01031611,0,3
2024531520811,2024,531520811,2,9,0,-1,19,4,8,-1,0,0,0,0,0,0,3,1,-1,9,1,36,7,1798,1,14,SKODA OCTAVIA,9,E01022174,0,3
2024061425375,2024,061425375,3,9,0,-1,2,0,0,-1,9,6,0,0,0,0,2,1,-1,6,-1,-1,-1,1598,2,7,SKODA OCTAVIA,-1,-1,0,-1
2024211467025,2024,211467025,1,9,0,-1,19,1,5,-1,0,1,0,0,0,0,1,1,-1,8,1,27,6,1968,2,1,SKODA OCTAVIA,-1,-1,0,-1
2024201499989,2024,201499989,2,9,0,-1,19,1,5,-1,0,0,0,0,0,0,1,1,-1,9,1,40,7,1968,2,17,SKODA OCTAVIA,3,E01009838,0,1
2024211420826,2024,211420826,1,8,0,-1,5,6,2,-1,0,0,0,0,0,0,2,9,-1,1,1,58,9,1968,2,9,SKODA OCTAVIA,1,E01014286,0,1
2024361442788,2024,361442788,1,9,0,-1,19,1,7,-1,0,0,0,0,7,0,1,1,-1,9,1,76,11,1395,1,6,SKODA OCTAVIA,7,E01024302,0,5
2024161415594,2024,161415594,1,9,0,-1,19,8,4,-1,0,1,0,0,0,0,1,1,-1,6,1,58,9,1984,1,14,SKODA OCTAVIA,1,E01012879,0,1
2024161445317,2024,161445317,3,9,0,-1,3,1,5,-1,0,3,0,0,0,0,2,1,-1,2,2,34,6,1598,2,5,SKODA OCTAVIA,3,E01012832,0,1
2024041426526,2024,041426526,1,9,0,-1,19,7,3,-1,0,1,0,0,0,0,1,1,-1,9,1,27,6,1968,2,9,SKODA OCTAVIA,5,E01025061,0,1
2024991492921,2024,991492921,1,8,0,-1,19,7,3,-1,0,0,0,0,0,0,1,1,-1,1,1,76,11,1598,2,6,SKODA OCTAVIA,1,-1,0,2
2024122400423,2024,122400423,1,9,0,18,19,3,7,0,0,1,0,0,0,0,4,1,6,6,1,79,11,1395,1,9,SKODA OCTAVIA,8,E01027568,0,2
2024461576544,2024,461576544,2,9,0,-1,19,2,6,-1,0,0,0,0,4,6,4,1,-1,9,2,66,10,1598,2,10,SKODA OCTAVIA,7,E01031460,0,4
2024211490655,2024,211490655,2,9,0,-1,7,7,3,-1,0,3,0,0,0,0,1,1,-1,6,1,38,7,1968,2,4,SKODA OCTAVIA,7,E01029533,0,1
2024430482841,2024,430482841,2,9,0,17,19,2,7,0,0,1,0,0,0,0,1,1,6,6,1,51,8,1896,2,15,SKODA OCTAVIA,6,E01016301,0,1
2024101461772,2024,101461772,2,9,0,-1,19,1,5,-1,0,0,0,0,0,0,1,1,-1,1,1,37,7,1598,2,8,SKODA OCTAVIA,3,E01035617,0,1
2024111451904,2024,111451904,3,9,0,-1,19,7,3,-1,0,0,0,0,0,0,1,1,-1,6,1,59,9,1395,8,2,SKODA OCTAVIA,9,E01012255,0,3
2024440442203,2024,440442203,1,8,0,3,3,1,5,0,0,1,0,0,0,0,2,1,6,6,1,42,7,1598,2,9,SKODA OCTAVIA,6,E01022656,0,1
2024461461664,2024,461461664,4,9,0,-1,19,6,2,-1,0,0,0,0,0,0,2,1,-1,6,1,66,10,1598,2,5,SKODA OCTAVIA,9,W01000119,0,5
2024421525386,2024,421525386,3,9,0,-1,19,3,7,-1,0,0,0,0,0,0,4,1,-1,6,1,53,8,1968,2,1,SKODA OCTAVIA,9,E01021462,0,2
2024161424063,2024,161424063,1,9,0,-1,11,5,1,-1,0,1,0,0,0,0,1,1,-1,2,2,29,6,1896,2,16,SKODA OCTAVIA,8,E01035470,0,2
2024201413501,2024,201413501,2,9,0,-1,9,6,4,-1,0,6,0,0,0,0,0,9,-1,6,1,33,6,1968,2,6,SKODA OCTAVIA,2,E01010344,0,3
2024340WN6352,2024,340WN6352,2,9,0,-1,4,3,7,-1,0,1,0,0,0,0,0,1,-1,1,1,25,5,1498,1,3,SKODA OCTAVIA,2,E01027155,0,1
2024052400439,2024,052400439,1,9,0,9,9,7,3,0,0,4,0,0,0,0,1,1,6,6,1,44,7,1968,2,5,SKODA OCTAVIA,4,E01006853,0,1
2024430352045,2024,430352045,2,9,0,4,4,6,2,0,0,8,0,0,0,0,1,1,2,2,1,35,6,1968,2,17,SKODA OCTAVIA,-1,-1,0,-1
2024440558171,2024,440558171,2,9,0,18,19,5,1,0,0,4,0,0,0,0,1,1,1,1,1,-1,-1,1598,2,7,SKODA OCTAVIA,-1,-1,0,-1
2024061526808,2024,061526808,1,9,0,-1,5,5,7,-1,0,1,0,0,7,11,4,1,-1,6,1,-1,-1,1598,2,10,SKODA OCTAVIA,1,E01005236,0,2
2024010515156,2024,010515156,3,9,0,2,2,0,0,0,0,1,0,0,0,0,0,1,6,6,3,-1,-1,1498,1,5,SKODA OCTAVIA,-1,-1,0,-1
2024622400115,2024,622400115,1,8,0,4,4,7,3,0,0,2,0,0,0,0,3,1,1,1,1,71,10,1598,2,5,SKODA OCTAVIA,10,W01001196,0,1
2024531488141,2024,531488141,3,9,0,-1,10,4,2,-1,0,6,0,0,0,0,1,1,-1,9,1,59,9,1498,1,4,SKODA OCTAVIA,4,E01032409,0,4
2024471509668,2024,471509668,1,9,0,-1,19,7,3,-1,0,0,1,0,1,0,1,1,-1,9,2,33,6,1598,2,11,SKODA OCTAVIA,9,E01031630,0,1
2024340WN3972,2024,340WN3972,2,9,0,-1,19,4,8,-1,0,8,0,0,0,0,4,1,-1,1,1,-1,-1,1498,1,2,SKODA OCTAVIA,7,E01026991,0,3
202417L308824,2024,17L308824,1,9,0,-1,19,5,1,-1,0,0,0,0,0,0,4,1,-1,9,1,25,5,1968,2,10,SKODA OCTAVIA,9,E01012179,0,1
2024101458193,2024,101458193,2,9,0,-1,19,3,7,-1,0,0,0,0,0,0,1,1,-1,9,1,29,6,1968,2,6,SKODA OCTAVIA,9,E01028748,0,5
2024991396170,2024,991396170,1,9,0,-1,9,8,5,-1,0,2,0,0,0,0,3,1,-1,1,1,31,6,1598,2,6,SKODA OCTAVIA,4,-1,0,4
2024351455208,2024,351455208,1,8,-1,-1,-1,-1,-1,-1,-1,0,-1,-1,-1,0,-1,9,-1,6,1,51,8,1968,2,8,SKODA OCTAVIA,2,E01015604,0,1
2024010547881,2024,010547881,2,9,0,99,99,9,9,99,99,9,9,99,9,99,2,9,6,6,3,31,6,1395,1,9,SKODA OCTAVIA,2,E01001577,0,1
2024522401823,2024,522401823,1,9,0,18,19,4,8,0,0,8,0,0,0,0,4,1,6,6,2,34,6,1896,2,15,SKODA OCTAVIA,7,E01014907,0,1
2024320687554,2024,320687554,1,9,0,12,12,1,5,0,0,1,0,0,0,0,1,1,6,6,1,45,7,1968,2,13,SKODA OCTAVIA,1,E01026149,0,1
2024201467157,2024,201467157,2,9,0,-1,19,7,3,-1,0,8,1,7,0,0,3,1,-1,9,1,40,7,1968,2,12,SKODA OCTAVIA,6,E01022169,0,4
202417H105424,2024,17H105424,3,8,0,-1,2,0,0,-1,0,0,0,0,0,0,2,1,-1,9,1,-1,-1,999,1,0,SKODA OCTAVIA,-1,-1,0,-1
2024991497831,2024,991497831,1,8,0,-1,9,2,7,-1,0,8,0,0,0,0,1,1,-1,1,1,58,9,1968,2,4,SKODA OCTAVIA,2,-1,0,1
2024011513158,2024,011513158,5,9,0,-1,19,8,6,-1,0,8,0,0,0,0,0,1,-1,1,1,50,8,1984,1,10,SKODA OCTAVIA,-1,-1,0,-1
2024221417120,2024,221417120,2,9,0,-1,19,2,6,-1,0,0,0,0,0,0,1,9,-1,6,2,84,11,1390,1,14,SKODA OCTAVIA,5,E01014017,0,2
2024991454225,2024,991454225,3,9,0,-1,19,5,1,-1,0,1,0,0,0,0,1,1,-1,2,1,37,7,1968,2,7,SKODA OCTAVIA,5,-1,0,3