collision_index,collision_year,collision_ref_no,vehicle_reference,vehicle_type,towing_and_articulation,vehicle_manoeuvre_historic,vehicle_manoeuvre,vehicle_direction_from,vehicle_direction_to,vehicle_location_restricted_lane_historic,vehicle_location_restricted_lane,junction_location,skidding_and_overturning,hit_object_in_carriageway,vehicle_leaving_carriageway,hit_object_off_carriageway,first_point_of_impact,vehicle_left_hand_drive,journey_purpose_of_driver_historic,journey_purpose_of_driver,sex_of_driver,age_of_driver,age_band_of_driver,engine_capacity_cc,propulsion_code,age_of_vehicle,generic_make_model,driver_imd_decile,lsoa_of_driver,escooter_flag,driver_distance_banding
2024371422779,2024,371422779,1,5,0,-1,19,7,3,-1,0,0,1,0,0,0,4,1,-1,1,1,20,4,689,1,2,YAMAHA YZF,6,E01030057,0,1
2024430181941,2024,430181941,1,3,0,18,19,4,8,0,0,8,1,0,0,0,4,1,1,1,1,19,4,124,1,5,YAMAHA YZF,5,E01016215,0,1
2024471483126,2024,471483126,1,5,0,-1,19,6,1,-1,0,1,0,0,0,0,1,1,-1,6,1,-1,-1,998,1,21,YAMAHA YZF,-1,-1,0,-1
2024520401591,2024,520401591,2,3,0,18,19,4,8,0,0,0,0,0,0,0,1,1,6,6,1,19,4,124,1,9,YAMAHA YZF,4,E01029329,0,1
2024371460449,2024,371460449,2,3,0,-1,19,6,2,-1,0,1,2,0,0,0,1,1,-1,9,2,18,4,124,1,13,YAMAHA YZF,3,E01033051,0,3
2024991484444,2024,991484444,1,5,0,-1,19,8,4,-1,4,8,0,0,0,0,1,1,-1,2,1,25,5,689,1,2,YAMAHA YZF,8,-1,0,1
2024440178757,2024,440178757,2,2,0,18,19,8,4,0,0,1,0,0,0,0,1,1,6,6,1,32,6,1000,1,19,YAMAHA YZF,2,E01017216,0,2
2024351511300,2024,351511300,1,3,0,-1,19,6,2,-1,0,0,2,0,1,4,1,1,-1,6,1,19,4,124,1,7,YAMAHA YZF,9,E01018231,0,2
2024471442319,2024,471442319,4,5,0,-1,19,6,2,-1,0,1,0,0,0,0,0,1,-1,9,1,27,6,998,1,5,YAMAHA YZF,4,E01021853,0,5
2024010516252,2024,010516252,2,5,0,13,13,5,1,0,0,8,0,0,0,0,1,1,6,6,1,33,6,599,1,5,YAMAHA YZF,3,E01000992,0,3
2024131492192,2024,131492192,2,3,0,-1,19,1,5,-1,0,1,5,0,0,0,1,1,-1,6,1,18,4,124,1,9,YAMAHA YZF,2,E01011259,0,1
2024501471414,2024,501471414,2,3,0,-1,19,5,8,-1,0,4,1,0,0,0,4,1,-1,9,1,17,4,124,1,15,YAMAHA YZF,8,E01015119,0,1
2024610034524,2024,610034524,1,4,0,18,19,1,5,0,0,0,0,0,1,11,1,1,6,6,1,21,5,599,1,23,YAMAHA YZF,3,W01001449,0,3
2024122400080,2024,122400080,1,5,0,18,19,3,7,0,0,1,0,0,0,0,1,1,2,2,1,32,6,124,1,13,YAMAHA YZF,4,E01013353,0,2
2024430106696,2024,430106696,2,3,0,18,19,3,7,0,0,4,0,0,0,0,1,1,6,6,1,20,4,124,1,10,YAMAHA YZF,6,E01016287,0,3
2024471502694,2024,471502694,2,3,0,-1,19,3,7,-1,0,1,0,0,0,0,3,1,-1,9,1,18,4,124,1,10,YAMAHA YZF,3,E01031492,0,1
2024991448145,2024,991448145,1,5,0,-1,19,2,6,-1,0,0,1,0,1,0,4,1,-1,9,1,54,8,998,1,19,YAMAHA YZF,9,E01019163,0,5
2024010530549,2024,010530549,1,4,0,18,19,8,4,0,0,0,0,0,0,0,1,1,6,6,1,20,4,124,1,10,YAMAHA YZF,4,E01003322,0,1
2024501439235,2024,501439235,2,3,0,-1,14,4,8,-1,0,1,2,0,0,0,1,1,-1,6,1,24,5,124,1,5,YAMAHA YZF,7,E01018800,0,2
2024010502843,2024,010502843,1,3,0,18,19,7,3,0,0,1,0,7,0,0,1,1,6,6,1,19,4,124,1,8,YAMAHA YZF,2,E01001787,0,1
2024991417865,2024,991417865,2,3,0,-1,19,5,1,-1,0,1,0,0,0,0,1,1,-1,6,1,19,4,124,1,9,YAMAHA YZF,7,-1,0,2
2024440034129,2024,440034129,1,4,0,18,19,5,1,0,0,0,0,0,0,0,4,1,6,6,1,20,4,124,1,9,YAMAHA YZF,9,E01023148,0,1
2024320450564,2024,320450564,1,4,0,13,13,6,2,0,0,1,5,0,0,0,1,1,6,6,1,25,5,998,1,16,YAMAHA YZF,2,E01009409,0,5
2024320367845,2024,320367845,1,5,0,-1,-1,6,2,0,0,0,5,0,7,0,1,1,6,6,1,45,7,600,1,27,YAMAHA YZF,-1,-1,0,-1
2024440177431,2024,440177431,1,3,0,16,19,1,4,0,0,0,0,0,0,0,1,1,6,6,1,21,5,124,1,16,YAMAHA YZF,2,E01034060,0,2
2024430609610,2024,430609610,2,3,0,14,14,2,6,0,0,8,0,0,0,0,1,1,6,6,1,20,4,125,1,6,YAMAHA YZF,10,E01028662,0,2
2024371442511,2024,371442511,1,5,0,-1,7,1,3,-1,0,2,1,0,0,0,1,1,-1,9,1,31,6,998,1,20,YAMAHA YZF,5,E01030241,0,1
2024430504466,2024,430504466,2,3,0,18,19,6,2,0,0,8,0,0,0,0,1,1,6,6,1,38,7,124,1,11,YAMAHA YZF,8,E01017836,0,1
2024461502614,2024,461502614,2,3,0,-1,13,5,1,-1,0,6,0,0,0,0,3,1,-1,6,1,19,4,124,1,9,YAMAHA YZF,2,E01016020,0,1
2024351494883,2024,351494883,2,3,0,-1,19,3,7,-1,0,0,2,0,7,0,1,1,-1,9,1,30,6,124,1,5,YAMAHA YZF,8,E01035180,0,4
2024361417738,2024,361417738,1,3,0,-1,13,-1,-1,-1,0,0,0,0,0,0,4,1,-1,2,1,18,4,124,1,8,YAMAHA YZF,7,E01026528,0,2
2024231501129,2024,231501129,1,5,0,-1,14,6,2,-1,0,1,0,0,0,0,1,1,-1,9,1,21,5,689,1,2,YAMAHA YZF,3,E01026077,0,5
2024361396479,2024,361396479,1,5,0,-1,19,7,3,-1,0,0,0,0,0,0,0,1,-1,9,1,56,9,599,1,26,YAMAHA YZF,3,E01026426,0,1
2024461456540,2024,461456540,2,5,0,-1,19,2,5,-1,0,0,0,0,0,0,1,1,-1,2,1,34,6,599,1,24,YAMAHA YZF,8,E01016132,0,1
2024461464748,2024,461464748,1,4,0,-1,19,3,7,-1,0,0,0,0,0,0,0,1,-1,9,1,19,4,124,1,10,YAMAHA YZF,4,E01024624,0,3
2024010521061,2024,010521061,1,3,0,18,19,5,1,0,0,8,0,0,0,0,1,1,6,6,1,35,6,124,1,16,YAMAHA YZF,8,E01030845,0,3
2024211423323,2024,211423323,1,3,0,-1,-1,-1,-1,-1,-1,-1,-1,-1,-1,0,-1,1,-1,6,1,36,7,124,1,6,YAMAHA YZF,4,E01029433,0,2
2024440375194,2024,440375194,1,5,0,18,19,2,6,0,0,0,1,0,0,0,1,1,6,6,1,23,5,321,1,8,YAMAHA YZF,4,E01016852,0,5
2024302400745,2024,302400745,1,5,0,16,19,6,1,0,0,1,0,0,0,0,1,1,6,6,1,75,10,599,1,26,YAMAHA YZF,4,E01019822,0,2
2024430450156,2024,430450156,2,3,0,18,19,4,8,0,0,1,5,0,1,10,3,1,6,6,1,17,4,124,1,10,YAMAHA YZF,9,E01028749,0,1
2024991449346,2024,991449346,2,3,0,-1,19,2,7,-1,0,1,2,0,0,0,1,1,-1,6,1,20,4,124,1,11,YAMAHA YZF,-1,-1,0,-1
2024231489500,2024,231489500,1,5,0,-1,19,4,1,-1,0,0,1,10,1,11,1,1,-1,9,1,48,8,998,1,15,YAMAHA YZF,7,E01009717,0,3
2024440313485,2024,440313485,1,3,0,13,13,1,5,0,0,8,0,0,0,0,1,1,6,6,1,20,4,124,1,8,YAMAHA YZF,5,E01023104,0,1
2024430172736,2024,430172736,1,5,0,18,19,4,8,0,0,0,0,0,0,0,1,1,6,6,1,31,6,998,1,16,YAMAHA YZF,4,E01033834,0,4
2024131489001,2024,131489001,1,3,0,-1,14,8,4,-1,0,0,5,0,0,0,4,1,-1,6,1,21,5,124,1,13,YAMAHA YZF,9,E01011011,0,2
2024440020136,2024,440020136,1,3,0,14,14,5,1,0,0,0,0,0,0,0,1,1,2,2,1,18,4,124,1,16,YAMAHA YZF,6,E01017173,0,1
2024201437719,2024,201437719,2,3,0,-1,13,8,4,-1,0,8,1,0,0,0,1,1,-1,2,1,22,5,124,1,11,YAMAHA YZF,5,E01010554,0,1
2024201492394,2024,201492394,1,3,0,-1,19,2,5,-1,0,0,0,0,0,0,1,1,-1,6,1,31,6,124,1,9,YAMAHA YZF,1,E01009158,0,1
2024440385983,2024,440385983,3,4,0,18,19,6,2,0,0,8,0,0,0,0,1,1,6,6,1,17,4,124,1,10,YAMAHA YZF,5,E01023099,0,1
2024440168763,2024,440168763,2,3,0,18,19,6,2,0,0,8,0,0,0,0,1,1,6,6,1,18,4,124,1,16,YAMAHA YZF,3,E01017185,0,1
2024320018115,2024,320018115,2,4,0,14,14,4,8,0,0,0,0,0,0,0,1,1,1,1,1,21,5,124,1,11,YAMAHA YZF,1,E01026149,0,1
2024411488060,2024,411488060,1,3,0,-1,19,5,1,-1,0,0,5,9,0,0,1,1,-1,6,1,20,4,124,1,12,YAMAHA YZF,6,E01023787,0,3
2024501455824,2024,501455824,1,3,0,-1,19,3,1,-1,0,3,1,0,0,0,3,1,-1,9,1,18,4,124,1,12,YAMAHA YZF,1,E01015146,0,1
2024201458319,2024,201458319,2,5,0,-1,19,3,7,-1,0,8,0,0,0,0,3,1,-1,6,1,25,5,599,1,15,YAMAHA YZF,2,E01010314,0,1
2024211513266,2024,211513266,4,5,0,-1,2,0,0,-1,0,0,0,0,0,0,0,1,-1,6,1,26,6,599,1,23,YAMAHA YZF,8,E01029833,0,1
2024141472870,2024,141472870,2,4,0,-1,11,7,5,-1,-1,2,0,0,0,0,2,1,-1,9,1,22,5,321,1,9,YAMAHA YZF,10,E01013374,0,4
2024111485214,2024,111485214,2,5,0,-1,19,4,8,-1,0,1,0,0,1,0,1,1,-1,6,1,42,7,998,1,15,YAMAHA YZF,4,E01020607,0,3
2024991437607,2024,991437607,1,4,0,-1,19,3,7,-1,0,0,5,0,0,0,4,1,-1,6,1,19,4,321,1,1,YAMAHA YZF,2,-1,0,1
2024010518316,2024,010518316,1,5,0,18,19,6,2,0,0,2,0,0,0,0,1,1,6,6,1,30,6,998,1,15,YAMAHA YZF,4,E01004358,0,1
2024440087575,2024,440087575,2,3,0,13,13,8,4,0,0,1,0,0,0,0,4,1,2,2,1,22,5,124,1,8,YAMAHA YZF,10,E01022847,0,2
2024471513939,2024,471513939,2,3,0,-1,19,3,7,-1,0,0,0,0,0,0,1,1,-1,2,1,21,5,124,1,16,YAMAHA YZF,3,E01021131,0,1
2024501475538,2024,501475538,2,3,0,-1,15,4,8,-1,0,1,0,0,0,0,4,1,-1,6,1,52,8,125,1,12,YAMAHA YZF,4,E01018982,0,2
2024411475108,2024,411475108,2,3,0,-1,19,1,5,-1,0,8,0,0,0,0,1,1,-1,6,1,23,5,124,1,16,YAMAHA YZF,3,E01021860,0,3
2024411461172,2024,411461172,3,5,0,-1,19,8,4,-1,0,0,1,0,0,0,4,1,-1,9,2,19,4,689,1,2,YAMAHA YZF,10,E01029908,0,4
2024440516995,2024,440516995,2,4,0,18,19,7,3,0,0,8,0,0,0,0,1,1,6,6,1,20,4,124,1,10,YAMAHA YZF,1,E01017336,0,1
2024421499257,2024,421499257,2,5,0,-1,15,8,4,-1,0,0,1,0,0,0,3,1,-1,9,1,35,6,998,1,20,YAMAHA YZF,9,E01021560,0,3
2024010549872,2024,010549872,1,4,0,18,19,7,3,0,0,1,0,0,1,0,1,1,2,2,1,19,4,124,1,10,YAMAHA YZF,4,E01000929,0,2
2024311497107,2024,311497107,2,3,0,-1,4,2,6,-1,0,2,1,0,0,0,1,1,-1,9,1,17,4,124,1,5,YAMAHA YZF,-1,-1,0,-1
2024501466654,2024,501466654,2,3,0,-1,19,5,1,-1,0,0,0,0,0,0,1,1,-1,9,1,17,4,124,1,4,YAMAHA YZF,7,E01015137,0,1
2024440455861,2024,440455861,2,3,0,9,9,1,6,0,0,0,0,0,0,0,1,1,6,6,1,24,5,124,1,10,YAMAHA YZF,5,E01031477,0,4
2024010502582,2024,010502582,1,5,0,18,19,1,5,0,0,0,1,0,0,0,2,1,6,6,1,35,6,998,1,6,YAMAHA YZF,5,E01001542,0,1
2024471426546,2024,471426546,2,5,0,-1,19,4,8,-1,0,0,1,0,7,0,1,1,-1,9,1,51,8,998,1,6,YAMAHA YZF,3,E01002603,0,4
2024430596272,2024,430596272,2,3,0,18,19,8,4,0,0,1,1,0,0,0,1,1,6,6,1,20,4,124,1,16,YAMAHA YZF,-1,-1,0,-1
2024221477018,2024,221477018,1,5,0,-1,19,6,1,-1,0,8,0,0,0,0,1,1,-1,6,1,61,9,998,1,11,YAMAHA YZF,8,E01032427,0,3
2024451440375,2024,451440375,2,3,0,-1,4,1,5,-1,0,0,0,0,0,0,1,1,-1,9,1,21,5,124,1,10,YAMAHA YZF,5,E01016855,0,4
2024371504067,2024,371504067,1,3,0,-1,13,2,3,-1,0,1,0,0,0,0,1,1,-1,6,1,19,4,124,1,14,YAMAHA YZF,4,E01029960,0,1
2024440207640,2024,440207640,1,3,0,13,13,3,7,0,0,1,0,0,0,0,1,1,6,6,1,18,4,124,1,8,YAMAHA YZF,6,E01017041,0,3
202460Q123782,2024,60Q123782,2,5,0,18,19,4,8,0,0,0,0,0,0,0,0,1,6,6,1,46,8,689,1,2,YAMAHA YZF,-1,-1,0,-1
2024451464324,2024,451464324,1,3,0,-1,13,7,3,-1,0,0,1,0,0,0,1,1,-1,9,1,17,4,124,1,10,YAMAHA YZF,8,E01030703,0,3
2024361395248,2024,361395248,1,3,0,-1,15,5,8,-1,0,8,0,0,7,0,1,1,-1,2,1,18,4,124,1,9,YAMAHA YZF,8,E01026912,0,2
2024320351618,2024,320351618,1,3,0,-1,-1,4,8,0,0,3,2,0,0,0,4,1,-1,-1,1,17,4,124,1,10,YAMAHA YZF,6,E01026120,0,3
2024311492975,2024,311492975,2,5,0,-1,13,7,2,-1,0,8,1,0,0,0,1,1,-1,2,1,21,5,689,1,3,YAMAHA YZF,9,E01013980,0,1
2024320323210,2024,320323210,1,5,0,-1,-1,7,2,0,0,0,0,0,1,9,3,1,-1,-1,1,55,8,998,1,25,YAMAHA YZF,-1,-1,0,-1
2024311418732,2024,311418732,2,3,0,-1,19,5,3,-1,0,1,0,0,0,0,1,1,-1,9,1,36,7,124,1,9,YAMAHA YZF,2,E01013908,0,1
2024451534614,2024,451534614,2,3,0,-1,19,5,5,-1,0,8,0,0,0,0,4,1,-1,9,1,17,4,124,1,5,YAMAHA YZF,8,E01022615,0,3
2024501467090,2024,501467090,2,4,0,-1,19,5,1,-1,0,0,0,0,0,0,1,1,-1,2,1,21,5,689,1,3,YAMAHA YZF,5,E01018904,0,1
2024501531841,2024,501531841,1,5,0,-1,19,6,2,-1,0,0,5,0,0,0,1,1,-1,9,1,33,6,998,1,20,YAMAHA YZF,2,E01015210,0,1
2024351456582,2024,351456582,1,3,0,-1,19,1,4,-1,0,0,0,0,0,0,1,1,-1,6,1,18,4,124,1,16,YAMAHA YZF,10,E01018292,0,2
2024622400488,2024,622400488,1,5,0,18,19,6,3,0,0,0,0,0,1,6,1,1,6,6,1,45,7,689,1,1,YAMAHA YZF,4,W01000764,0,2
2024501495253,2024,501495253,1,9,0,-1,19,1,5,-1,0,1,0,0,0,0,1,1,-1,6,1,28,6,1368,1,12,ABARTH 500,7,E01018772,0,1
2024010548557,2024,010548557,1,9,0,-1,-1,7,3,0,0,2,0,0,0,0,1,1,2,2,2,55,8,1368,1,13,ABARTH 500,9,E01000751,0,1
2024101434287,2024,101434287,1,9,0,-1,19,4,6,-1,0,8,0,0,0,0,1,1,-1,6,1,51,8,1368,1,11,ABARTH 500,5,E01008766,0,4
2024622400740,2024,622400740,1,9,0,18,19,8,4,0,0,0,0,7,0,0,1,1,6,6,2,32,6,1368,1,10,ABARTH 500,1,W01000833,0,1
2024141459148,2024,141459148,2,9,0,-1,19,4,8,-1,0,1,0,0,1,2,1,1,-1,6,2,23,5,1368,1,13,ABARTH 500,6,E01007321,0,1
2024010505865,2024,010505865,2,9,0,99,99,9,9,99,99,9,9,99,9,99,1,9,6,6,3,-1,-1,1368,1,12,ABARTH 500,-1,-1,0,-1
2024101434074,2024,101434074,2,9,0,-1,19,1,5,-1,0,0,0,0,0,0,1,1,-1,9,2,66,10,1368,1,12,ABARTH 500,-1,-1,0,-1
2024430484340,2024,430484340,1,9,0,11,11,8,4,0,0,0,0,0,0,0,1,1,6,6,1,60,9,1368,1,15,ABARTH 500,-1,-1,0,-1
2024041517537,2024,041517537,2,9,0,-1,9,1,5,-1,0,1,0,0,0,0,1,1,-1,9,1,31,6,1368,1,10,ABARTH 500,1,E01024908,0,1
2024471512381,2024,471512381,1,9,0,-1,10,-1,-1,-1,0,5,1,0,0,0,2,1,-1,2,2,22,5,1368,1,9,ABARTH 500,10,E01035351,0,1
2024440114326,2024,440114326,1,9,0,18,19,3,7,0,0,2,0,0,0,0,1,1,6,6,1,21,5,1368,1,14,ABARTH 500,1,E01017032,0,1
2024622400397,2024,622400397,1,9,0,13,13,2,6,0,0,0,0,0,0,0,4,1,6,6,1,50,8,1368,1,11,ABARTH 500,9,W01001135,0,2
2024010524550,2024,010524550,1,9,0,5,5,1,5,0,0,4,1,0,0,0,3,1,6,6,2,55,8,1368,1,15,ABARTH 500,10,E01021246,0,3
2024471504560,2024,471504560,2,9,0,-1,19,5,1,-1,0,3,0,0,0,0,3,1,-1,6,1,22,5,1368,1,13,ABARTH 500,3,E01031556,0,1
2024991508087,2024,991508087,1,9,0,-1,1,7,3,-1,0,1,0,0,0,0,3,1,-1,6,1,50,8,1368,1,13,ABARTH 500,-1,-1,0,-1
2024211493724,2024,211493724,1,9,0,-1,7,5,1,-1,0,0,1,0,3,4,1,1,-1,6,1,25,5,1368,1,14,ABARTH 500,1,E01010400,0,3
2024231437822,2024,231437822,2,9,0,-1,19,8,4,-1,0,4,0,0,0,0,1,9,-1,6,2,55,8,1368,1,12,ABARTH 500,5,E01031171,0,1
2024361520933,2024,361520933,1,9,0,-1,19,1,5,-1,0,1,2,0,0,0,1,1,-1,6,1,42,7,1368,1,12,ABARTH 500,7,E01026903,0,2
2024430522395,2024,430522395,2,9,0,18,19,1,5,0,0,0,0,0,0,0,1,1,6,6,1,66,10,5935,1,14,MAKE AND MODEL REDACTED,7,E01016277,0,3
2024231502415,2024,231502415,1,9,0,-1,19,5,1,-1,0,8,0,0,0,0,1,9,-1,6,1,73,10,3199,1,20,MAKE AND MODEL REDACTED,10,E01031255,0,2
2024461406835,2024,461406835,1,9,0,-1,19,3,1,-1,0,0,0,0,0,0,1,1,-1,1,1,36,7,3199,1,19,MAKE AND MODEL REDACTED,9,E01024386,0,2
2024471504636,2024,471504636,2,9,0,-1,19,-1,-1,-1,0,1,0,0,0,0,-1,1,-1,6,1,60,9,3199,1,18,MAKE AND MODEL REDACTED,7,E01031460,0,1
2024221400709,2024,221400709,1,3,0,-1,19,3,7,-1,0,0,1,0,0,0,3,1,-1,9,1,57,9,125,1,44,MAKE AND MODEL REDACTED,8,E01013996,0,2
2024361444335,2024,361444335,2,19,0,-1,19,6,1,-1,0,0,0,0,7,0,1,1,-1,6,1,82,11,-1,-1,-1,MAKE AND MODEL REDACTED,9,E01019694,0,5
2024461406639,2024,461406639,1,9,0,-1,19,7,3,-1,0,6,0,0,0,0,1,9,-1,1,2,22,5,1248,2,18,MAKE AND MODEL REDACTED,5,E01024216,0,4
2024471441802,2024,471441802,1,5,0,-1,19,1,5,-1,0,1,0,0,0,0,1,1,-1,9,1,42,7,1801,1,9,MAKE AND MODEL REDACTED,10,E01031684,0,4
2024471405872,2024,471405872,2,3,0,-1,19,4,1,-1,0,1,0,0,0,0,4,1,-1,2,1,28,6,124,1,1,HONDA CBF 125,4,E01000722,0,4
2024991477993,2024,991477993,2,3,0,-1,19,8,4,-1,0,2,0,0,0,0,3,1,-1,1,1,50,8,125,1,1,HONDA CBF 125,-1,-1,0,-1
2024101513297,2024,101513297,2,4,0,-1,19,7,3,-1,0,0,5,0,0,0,3,1,-1,6,1,45,7,124,1,1,HONDA CBF 125,1,E01008541,0,2
2024141430667,2024,141430667,1,3,0,-1,19,6,2,-1,0,0,0,0,0,0,1,1,-1,6,1,22,5,124,1,3,HONDA CBF 125,1,E01008102,0,1
2024351471584,2024,351471584,2,3,0,-1,15,1,5,-1,0,1,0,0,0,0,1,1,-1,1,1,24,5,124,1,3,HONDA CBF 125,10,E01035555,0,2
2024610005424,2024,610005424,2,3,0,18,19,2,6,0,0,1,0,0,0,0,1,1,6,6,1,19,4,124,1,1,HONDA CBF 125,10,W01001670,0,2
2024340NN1182,2024,340NN1182,2,3,0,-1,19,4,8,-1,0,4,0,0,0,0,1,1,-1,2,1,19,4,125,1,10,HONDA CBF 125,2,E01027041,0,1
2024631440255,2024,631440255,1,3,0,-1,5,3,1,-1,0,5,1,0,0,0,0,1,-1,2,2,35,6,125,1,12,HONDA CBF 125,4,W01000542,0,3
2024501487378,2024,501487378,1,3,0,-1,19,3,7,-1,0,0,0,0,0,0,1,1,-1,9,2,23,5,124,1,1,HONDA CBF 125,6,E01018817,0,1
2024421418126,2024,421418126,1,3,0,-1,13,5,1,-1,0,1,2,0,7,0,1,1,-1,6,1,17,4,125,1,11,HONDA CBF 125,2,E01021273,0,2
2024061513516,2024,061513516,1,3,0,-1,19,1,5,-1,0,1,0,0,0,0,1,1,-1,2,1,20,4,124,1,3,HONDA CBF 125,8,E01006345,0,1
2024010537113,2024,010537113,1,3,0,18,19,5,1,0,0,0,0,0,0,0,0,1,6,6,1,-1,-1,124,1,3,HONDA CBF 125,5,E01000747,0,1
2024010525579,2024,010525579,2,3,0,18,19,3,7,4,4,1,2,10,0,0,1,1,1,1,1,40,7,124,1,1,HONDA CBF 125,3,E01001930,0,1
2024340WN6132,2024,340WN6132,2,3,0,-1,19,4,8,-1,0,8,5,0,0,0,1,1,-1,6,1,22,5,124,1,3,HONDA CBF 125,6,E01027132,0,1
2024061508195,2024,061508195,2,3,0,-1,13,3,7,-1,0,1,5,0,0,0,4,1,-1,9,1,41,7,125,1,14,HONDA CBF 125,1,E01005180,0,1
2024231400907,2024,231400907,2,3,0,-1,19,4,8,-1,0,8,1,0,0,0,2,1,-1,2,1,24,5,125,1,2,HONDA CBF 125,1,E01009612,0,2
2024010501246,2024,010501246,2,3,0,18,19,8,4,0,0,1,0,0,0,0,4,1,6,6,1,44,7,125,1,14,HONDA CBF 125,-1,-1,0,-1
2024549183024,2024,549183024,1,3,0,18,19,7,3,0,0,0,1,0,0,0,1,1,6,6,1,18,4,125,1,12,HONDA CBF 125,3,E01015530,0,1
2024501426736,2024,501426736,1,3,0,-1,19,3,7,-1,0,8,1,0,1,10,1,1,-1,2,1,18,4,124,1,2,HONDA CBF 125,5,E01020196,0,1
202460Q172660,2024,60Q172660,2,4,0,18,19,8,4,0,0,0,2,10,1,0,0,1,6,6,1,18,4,125,1,1,HONDA CBF 125,-1,-1,0,-1
2024421518039,2024,421518039,2,3,0,-1,19,7,3,-1,0,0,0,0,0,0,3,1,-1,2,1,40,7,125,1,1,HONDA CBF 125,8,E01035159,0,1
2024031520939,2024,031520939,1,3,0,-1,5,2,7,-1,0,6,0,0,0,0,1,1,-1,6,1,22,5,125,1,14,HONDA CBF 125,9,E01019244,0,1
2024546753624,2024,546753624,2,4,0,18,19,7,3,0,0,8,5,0,0,0,4,1,2,2,1,33,6,125,1,10,HONDA CBF 125,9,E01031883,0,2
2024461428639,2024,461428639,1,3,0,-1,19,1,3,-1,0,2,0,0,0,0,1,1,-1,6,2,24,5,125,1,5,HONDA CBF 125,2,E01003159,0,4
2024361463065,2024,361463065,1,3,0,-1,13,5,1,-1,0,1,0,0,0,0,1,1,-1,9,1,20,4,125,1,10,HONDA CBF 125,4,E01026609,0,3
2024622400091,2024,622400091,1,3,0,18,19,2,6,0,0,1,0,0,0,0,0,1,4,7,1,18,4,125,1,14,HONDA CBF 125,8,W01001119,0,3
2024421417180,2024,421417180,2,3,0,-1,19,-1,-1,-1,0,0,0,0,0,0,3,1,-1,6,1,29,6,124,1,1,HONDA CBF 125,6,E01015950,0,1
2024061441652,2024,061441652,1,3,0,-1,19,2,6,-1,0,0,1,7,0,0,3,1,-1,6,1,27,6,124,1,3,HONDA CBF 125,1,E01005959,0,3
2024010547000,2024,010547000,2,3,0,-1,-1,3,7,0,0,1,0,0,0,0,3,1,6,6,1,59,9,124,1,1,HONDA CBF 125,5,E01031571,0,4
2024302401497,2024,302401497,2,4,0,14,14,2,6,0,0,2,0,0,0,0,1,1,6,6,1,17,4,125,1,5,HONDA CBF 125,6,E01019815,0,1
2024371510744,2024,371510744,1,3,0,-1,19,7,4,-1,0,0,0,0,0,0,1,1,-1,6,1,23,5,125,1,0,HONDA CBF 125,6,E01030150,0,1
2024501516576,2024,501516576,2,3,0,-1,19,2,6,-1,0,1,5,0,7,0,1,1,-1,2,1,60,9,125,1,11,HONDA CBF 125,5,E01020036,0,1
2024141461971,2024,141461971,2,3,0,-1,19,7,3,-1,0,1,0,0,0,0,1,1,-1,2,1,32,6,125,1,0,HONDA CBF 125,1,E01007539,0,1
2024161436503,2024,161436503,1,3,0,-1,13,5,1,-1,0,5,0,10,7,0,3,1,-1,2,1,19,4,125,1,10,HONDA CBF 125,6,E01013309,0,3
202460Q072588,2024,60Q072588,2,4,0,18,19,6,8,0,0,7,0,0,0,0,1,1,6,6,1,18,4,125,1,1,HONDA CBF 125,-1,-1,0,-1
2024010498416,2024,010498416,2,3,0,99,99,9,9,0,0,8,0,0,9,0,9,1,6,6,3,-1,-1,124,1,3,HONDA CBF 125,-1,-1,0,-1
2024421508357,2024,421508357,1,3,0,-1,19,8,4,-1,0,3,0,10,0,0,4,1,-1,6,1,21,5,125,1,4,HONDA CBF 125,-1,-1,0,-1
2024161445340,2024,161445340,1,3,0,-1,19,2,6,-1,0,4,0,0,0,0,2,1,-1,6,1,22,5,125,1,11,HONDA CBF 125,2,E01013330,0,4
2024461449622,2024,461449622,1,3,0,-1,19,2,6,-1,0,0,1,0,0,0,0,1,-1,2,1,20,4,124,1,1,HONDA CBF 125,7,E01020970,0,3
2024141509236,2024,141509236,1,3,0,-1,19,3,7,-1,0,1,5,0,0,0,4,1,-1,2,1,21,5,125,1,6,HONDA CBF 125,8,E01028004,0,1
2024991455016,2024,991455016,1,3,0,-1,4,7,5,-1,0,1,1,0,0,0,2,1,-1,9,1,27,6,125,1,3,HONDA CBF 125,-1,-1,0,-1
2024522402979,2024,522402979,1,4,0,18,19,5,1,0,0,8,1,0,1,7,4,1,6,6,1,27,6,125,1,1,HONDA CBF 125,3,E01014807,0,1
2024430592411,2024,430592411,2,3,0,18,19,5,1,0,0,8,0,0,0,0,1,1,6,6,1,17,4,125,1,3,HONDA CBF 125,10,E01028561,0,1
2024070977527,2024,070977527,2,2,0,-1,19,7,3,-1,0,1,0,0,0,0,1,1,-1,6,1,31,6,124,1,2,HONDA CBF 125,2,E01012413,0,1
2024302401212,2024,302401212,1,3,0,17,19,1,6,0,0,0,0,0,1,1,4,1,6,6,2,18,4,125,1,13,HONDA CBF 125,5,E01008034,0,4