collision_index,collision_year,collision_ref_no,vehicle_reference,vehicle_type,towing_and_articulation,vehicle_manoeuvre_historic,vehicle_manoeuvre,vehicle_direction_from,vehicle_direction_to,vehicle_location_restricted_lane_historic,vehicle_location_restricted_lane,junction_location,skidding_and_overturning,hit_object_in_carriageway,vehicle_leaving_carriageway,hit_object_off_carriageway,first_point_of_impact,vehicle_left_hand_drive,journey_purpose_of_driver_historic,journey_purpose_of_driver,sex_of_driver,age_of_driver,age_band_of_driver,engine_capacity_cc,propulsion_code,age_of_vehicle,generic_make_model,driver_imd_decile,lsoa_of_driver,escooter_flag,driver_distance_banding
2024010535921,2024,010535921,1,3,0,18,19,7,3,0,0,0,0,0,0,0,4,1,2,2,1,44,7,124,1,2,HONDA CBF 125,-1,-1,0,-1
2024361394693,2024,361394693,1,3,0,-1,19,6,2,-1,0,8,0,0,0,0,3,1,-1,6,1,18,4,124,1,1,HONDA CBF 125,2,E01026829,0,1
2024122401241,2024,122401241,1,4,0,18,19,1,3,0,0,8,1,0,0,0,0,1,6,6,2,25,5,125,1,14,HONDA CBF 125,8,E01034965,0,2
2024201460139,2024,201460139,1,3,0,-1,14,2,6,-1,0,8,0,0,0,0,1,1,-1,9,1,44,7,125,1,3,HONDA CBF 125,2,E01010071,0,1
2024501421952,2024,501421952,1,3,0,-1,4,1,5,-1,0,0,1,0,0,0,0,1,-1,6,1,20,4,125,1,13,HONDA CBF 125,7,E01020338,0,3
2024061411739,2024,061411739,2,3,0,-1,19,7,3,-1,0,0,0,0,0,0,1,1,-1,2,2,-1,-1,124,1,2,HONDA CBF 125,-1,-1,0,-1
2024451432291,2024,451432291,1,3,0,-1,19,1,5,-1,0,0,0,0,0,0,1,1,-1,9,1,19,4,125,1,3,HONDA CBF 125,10,E01002920,0,3
2024010549883,2024,010549883,1,3,9,18,19,2,6,99,99,9,9,99,9,99,1,1,6,6,1,32,6,125,1,10,HONDA CBF 125,4,E01004462,0,1
2024101414317,2024,101414317,1,3,0,-1,19,5,1,-1,0,4,0,0,0,0,1,1,-1,6,1,18,4,124,1,2,HONDA CBF 125,2,E01008690,0,1
2024061453925,2024,061453925,1,3,0,-1,19,8,4,-1,0,0,0,0,0,0,1,1,-1,2,1,20,4,125,1,6,HONDA CBF 125,8,E01006409,0,1
2024010527750,2024,010527750,1,3,0,18,19,5,1,0,0,8,5,0,0,0,1,1,2,2,1,27,6,125,1,4,HONDA CBF 125,4,E01004066,0,2
2024531434181,2024,531434181,2,3,0,-1,5,6,2,-1,0,8,0,0,0,0,3,1,-1,6,1,27,6,125,1,13,HONDA CBF 125,8,E01022313,0,1
2024610056024,2024,610056024,1,3,0,18,19,5,1,0,0,8,0,0,0,0,1,1,2,2,1,32,6,124,1,1,HONDA CBF 125,7,W01001499,0,2
2024430507802,2024,430507802,1,3,0,18,19,6,2,0,0,1,0,0,0,0,1,1,1,1,1,20,4,125,1,5,HONDA CBF 125,-1,-1,0,-1
2024440102119,2024,440102119,2,3,0,18,19,3,7,0,0,1,0,0,0,0,1,1,1,1,1,37,7,124,1,3,HONDA CBF 125,6,E01023118,0,1
2024622400030,2024,622400030,2,3,0,18,19,8,4,0,0,1,0,0,0,0,1,1,1,1,1,18,4,124,1,1,HONDA CBF 125,4,W01001025,0,4
2024501504964,2024,501504964,1,3,0,-1,19,1,5,-1,0,0,1,0,0,0,1,1,-1,1,1,18,4,124,1,2,HONDA CBF 125,10,E01020163,0,1
2024221479043,2024,221479043,1,3,0,-1,19,3,8,-1,0,0,0,10,1,2,1,1,-1,6,1,21,5,125,1,4,HONDA CBF 125,3,E01014152,0,1
2024061428502,2024,061428502,2,3,0,-1,19,1,5,-1,0,8,0,0,0,0,3,1,-1,1,1,33,6,124,1,4,HONDA CBF 125,2,E01005337,0,1
2024461497407,2024,461497407,1,3,0,-1,4,5,1,-1,9,0,0,0,1,0,1,1,-1,9,1,23,5,125,1,13,HONDA CBF 125,4,E01003301,0,5
2024471412165,2024,471412165,2,3,0,-1,19,2,6,-1,0,1,0,0,0,0,1,1,-1,6,2,27,6,124,1,1,HONDA CBF 125,6,E01031574,0,1
2024471534070,2024,471534070,2,3,0,-1,13,5,1,-1,0,1,0,0,0,0,1,1,-1,6,1,28,6,125,1,6,HONDA CBF 125,6,E01031798,0,1
2024122400597,2024,122400597,1,3,0,17,19,8,5,0,0,0,1,0,1,11,4,1,6,6,2,40,7,125,1,0,HONDA CBF 125,8,E01024869,0,4
2024461518190,2024,461518190,2,3,0,-1,19,3,7,-1,0,8,0,0,0,0,4,1,-1,2,1,22,5,125,1,10,HONDA CBF 125,6,E01016057,0,2
2024131489285,2024,131489285,2,4,0,-1,19,5,1,-1,0,8,1,0,0,0,4,1,-1,1,1,34,6,124,1,2,HONDA CBF 125,4,E01011208,0,1
2024461544963,2024,461544963,2,3,0,-1,3,5,1,-1,0,2,0,0,0,0,2,1,-1,6,1,23,5,125,1,13,HONDA CBF 125,4,E01024577,0,1
2024361466536,2024,361466536,1,4,0,-1,4,1,5,-1,0,0,0,1,0,0,1,1,-1,2,1,47,8,125,1,11,HONDA CBF 125,10,E01035143,0,1
2024311463825,2024,311463825,2,3,0,-1,19,8,4,-1,0,0,0,0,0,0,1,1,-1,1,1,28,6,125,1,6,HONDA CBF 125,1,E01027974,0,1
2024311517564,2024,311517564,1,4,0,-1,19,5,1,-1,0,2,0,0,0,0,0,1,-1,6,1,19,4,125,1,10,HONDA CBF 125,6,E01028034,0,2
2024552400691,2024,552400691,2,3,0,18,19,8,4,0,0,8,0,0,0,0,1,1,6,6,1,31,6,125,1,4,HONDA CBF 125,6,E01015373,0,1
2024421440360,2024,421440360,1,3,0,-1,19,3,7,-1,0,1,2,0,0,0,3,1,-1,6,1,19,4,124,1,2,HONDA CBF 125,6,E01021772,0,1
2024320754737,2024,320754737,1,3,0,-1,-1,8,4,0,0,1,2,0,0,0,1,1,-1,-1,2,22,5,125,1,10,HONDA CBF 125,9,E01010390,0,5
2024501465512,2024,501465512,1,3,0,-1,19,4,8,-1,0,0,2,0,0,0,1,1,-1,6,1,26,6,125,1,6,HONDA CBF 125,6,E01020143,0,1
2024991439279,2024,991439279,1,3,0,-1,13,5,1,-1,0,0,0,0,0,0,1,1,-1,9,1,32,6,125,1,14,HONDA CBF 125,7,-1,0,2
2024471429264,2024,471429264,2,3,0,-1,19,3,7,-1,0,1,0,0,0,0,1,1,-1,6,1,22,5,124,1,2,HONDA CBF 125,4,E01020915,0,1
2024052402044,2024,052402044,2,3,0,18,19,7,3,0,0,8,0,0,0,0,1,1,6,6,1,22,5,125,1,13,HONDA CBF 125,3,E01007118,0,1
202460Q023651,2024,60Q023651,1,3,0,18,19,3,7,0,0,4,2,0,0,0,1,1,6,6,1,19,4,125,1,8,HONDA CBF 125,-1,-1,0,-1
202417M109424,2024,17M109424,1,3,0,-1,12,6,2,-1,0,0,0,0,0,0,3,1,-1,2,1,37,7,124,1,0,HONDA CBF 125,5,E01020706,0,4
2024010527417,2024,010527417,2,4,0,18,19,1,5,0,0,1,0,0,1,0,2,1,2,2,1,26,6,125,1,14,HONDA CBF 125,5,E01003156,0,1
2024302400892,2024,302400892,2,3,0,18,19,1,5,0,0,8,0,0,0,0,1,1,6,6,1,22,5,125,1,10,HONDA CBF 125,2,E01019664,0,1
2024010536713,2024,010536713,2,3,0,18,19,3,7,0,0,0,0,0,0,0,3,1,1,1,1,31,6,124,1,3,HONDA CBF 125,6,E01016058,0,4
2024041420370,2024,041420370,1,3,0,-1,13,4,2,-1,0,1,1,0,0,0,3,1,-1,2,1,19,4,125,1,6,HONDA CBF 125,1,E01025592,0,1
2024201461347,2024,201461347,2,3,0,-1,19,4,8,-1,0,8,2,0,0,0,4,1,-1,6,1,24,5,125,1,9,HONDA CBF 125,1,E01034935,0,1
2024401459893,2024,401459893,1,3,0,-1,19,1,5,-1,0,0,0,0,0,0,1,1,-1,6,1,19,4,125,1,6,HONDA CBF 125,6,E01017554,0,1
2024010515482,2024,010515482,1,3,4,18,19,7,3,0,0,0,0,0,0,0,0,1,6,6,1,17,4,124,1,1,HONDA CBF 125,7,E01000250,0,1
2024010537758,2024,010537758,2,3,0,18,19,7,3,0,0,8,0,0,0,0,1,1,6,6,1,27,6,124,1,3,HONDA CBF 125,6,E01002523,0,1
2024141492862,2024,141492862,1,3,0,-1,19,1,5,-1,0,1,5,0,0,0,4,1,-1,9,1,17,4,125,1,11,HONDA CBF 125,-1,-1,0,-1
2024411407937,2024,411407937,2,3,0,-1,19,8,4,-1,0,8,0,0,0,0,4,1,-1,1,1,24,5,124,1,1,HONDA CBF 125,7,E01023763,0,4
2024501444124,2024,501444124,1,3,0,-1,19,5,1,-1,0,2,0,0,7,10,1,1,-1,9,1,46,8,125,1,0,HONDA CBF 125,3,E01029325,0,3
2024010542558,2024,010542558,1,3,0,18,19,5,1,0,0,1,0,0,0,0,3,1,2,2,1,53,8,124,1,1,HONDA CBF 125,-1,-1,0,-1
2024311394885,2024,311394885,2,4,0,-1,13,7,3,-1,0,8,0,0,0,0,1,1,-1,6,1,22,5,125,1,11,HONDA CBF 125,1,E01013850,0,1
2024031439548,2024,031439548,1,3,0,-1,19,5,1,-1,0,8,1,0,1,0,3,1,-1,9,1,21,5,125,1,5,HONDA CBF 125,1,E01019157,0,3
2024471435690,2024,471435690,2,3,0,-1,19,2,6,-1,0,8,1,0,1,0,1,1,-1,2,2,21,5,125,1,4,HONDA CBF 125,5,E01031477,0,2
2024451462996,2024,451462996,2,3,0,-1,19,5,1,-1,0,0,2,10,0,0,1,1,-1,6,1,20,4,125,1,3,HONDA CBF 125,3,E01003379,0,4
2024010527372,2024,010527372,1,3,0,14,14,7,3,0,0,8,0,0,0,0,1,1,6,6,1,18,4,125,1,13,HONDA CBF 125,7,E01004176,0,1
2024610041724,2024,610041724,1,3,0,16,19,2,5,0,0,0,1,0,0,0,1,1,6,6,1,35,6,124,1,2,HONDA CBF 125,1,W01001659,0,4
2024440301644,2024,440301644,2,4,0,9,9,5,3,0,0,5,0,0,0,0,1,1,2,2,1,18,4,125,1,4,HONDA CBF 125,9,E01023130,0,2
2024501424296,2024,501424296,1,4,0,-1,19,5,1,-1,0,1,1,0,0,0,0,1,-1,9,1,35,6,125,1,14,HONDA CBF 125,7,E01015117,0,2
2024131459171,2024,131459171,1,3,0,-1,19,3,7,-1,0,0,2,10,0,0,1,1,-1,6,1,25,5,125,1,12,HONDA CBF 125,1,E01010655,0,1
2024361441061,2024,361441061,2,3,0,-1,19,-1,-1,-1,0,0,2,0,0,0,1,1,-1,6,1,-1,-1,125,1,6,HONDA CBF 125,-1,-1,0,-1
2024070615736,2024,070615736,1,3,0,16,19,1,5,0,0,1,0,0,7,0,1,1,6,6,1,19,4,125,1,3,HONDA CBF 125,5,E01034678,0,2
2024161411540,2024,161411540,1,3,0,-1,19,1,5,-1,0,0,1,0,0,0,0,1,-1,1,1,42,7,124,1,1,HONDA CBF 125,8,E01013037,0,1
2024361496925,2024,361496925,2,3,0,-1,3,-1,-1,-1,0,1,0,0,0,0,1,1,-1,2,1,19,4,124,1,3,HONDA CBF 125,5,E01026745,0,3
2024421497115,2024,421497115,1,3,0,-1,19,5,1,-1,0,0,1,0,1,0,1,1,-1,9,2,22,5,125,1,12,HONDA CBF 125,9,E01021395,0,2
2024421429540,2024,421429540,2,3,0,-1,7,-1,-1,-1,0,0,1,0,0,0,3,1,-1,6,1,19,4,125,1,10,HONDA CBF 125,9,E01021951,0,2
2024161501897,2024,161501897,1,3,0,-1,99,5,1,-1,0,1,0,0,0,0,9,1,-1,6,1,17,4,125,1,0,HONDA CBF 125,1,E01012841,0,1
2024111456865,2024,111456865,2,4,0,-1,19,4,8,-1,0,0,1,0,0,0,2,1,-1,2,1,20,4,124,1,1,HONDA CBF 125,3,E01020667,0,1
2024481437297,2024,481437297,1,3,0,-1,19,3,7,-1,0,0,0,0,0,0,3,1,-1,9,1,26,6,125,1,3,HONDA CBF 125,-1,-1,0,-1
2024430072301,2024,430072301,1,3,0,4,4,1,5,0,0,0,0,0,0,0,1,1,2,2,1,35,6,125,1,14,HONDA CBF 125,10,E01028711,0,2
2024131514245,2024,131514245,2,3,0,-1,9,7,3,-1,0,4,1,0,0,0,4,1,-1,6,1,47,8,124,1,3,HONDA CBF 125,1,E01033693,0,1
2024411500938,2024,411500938,2,3,0,-1,19,1,5,-1,0,1,0,0,0,0,1,1,-1,6,2,34,6,125,1,1,HONDA CBF 125,8,E01000225,0,3
2024991439113,2024,991439113,1,3,0,-1,13,6,3,-1,9,0,1,0,0,0,1,1,-1,1,1,22,5,125,1,10,HONDA CBF 125,8,-1,0,1
2024546916024,2024,546916024,2,3,0,18,19,7,3,0,0,1,2,0,0,0,0,1,2,2,1,31,6,124,1,2,HONDA CBF 125,7,E01032121,0,3
2024010548544,2024,010548544,1,3,0,99,99,9,9,99,99,9,9,99,9,99,2,1,6,6,1,19,4,124,1,0,HONDA CBF 125,5,E01002214,0,1
2024440204462,2024,440204462,1,4,0,18,19,4,8,0,0,2,0,0,0,0,0,1,2,2,1,23,5,125,1,5,HONDA CBF 125,10,E01022505,0,1
2024070042004,2024,070042004,2,4,0,5,5,8,4,0,0,8,0,0,0,0,1,1,2,2,1,20,4,124,1,2,HONDA CBF 125,5,E01018728,0,1
2024361463640,2024,361463640,1,3,0,-1,3,3,7,-1,0,1,0,0,0,0,1,1,-1,9,1,18,4,124,1,3,HONDA CBF 125,5,E01026428,0,3
2024610003224,2024,610003224,1,3,0,18,19,7,3,0,0,0,1,0,0,0,4,1,6,6,1,24,5,124,1,1,HONDA CBF 125,2,W01001531,0,1
2024531509693,2024,531509693,2,3,0,-1,19,1,5,-1,0,0,2,0,0,0,1,1,-1,6,1,17,4,125,1,0,HONDA CBF 125,10,E01014885,0,2
2024461421107,2024,461421107,2,3,0,-1,19,3,7,-1,0,8,0,0,0,0,1,1,-1,6,1,17,4,125,1,13,HONDA CBF 125,7,E01024798,0,2
2024161507469,2024,161507469,2,3,0,-1,19,5,1,-1,0,0,0,0,0,0,2,1,-1,6,1,17,4,125,1,11,HONDA CBF 125,2,E01013128,0,1
2024361511931,2024,361511931,1,3,0,-1,19,6,3,-1,0,0,0,0,0,0,1,1,-1,6,1,21,5,125,1,3,HONDA CBF 125,-1,-1,0,-1
2024302401728,2024,302401728,2,3,0,-1,19,6,2,-1,0,8,0,0,0,0,1,1,-1,9,1,18,4,125,1,12,HONDA CBF 125,4,E01019800,0,2
2024010505512,2024,010505512,2,3,0,18,19,1,5,0,0,0,0,0,0,0,1,1,1,1,1,22,5,124,1,3,HONDA CBF 125,6,E01003368,0,1
2024631510657,2024,631510657,1,3,0,-1,12,5,1,-1,0,0,1,0,7,2,3,1,-1,2,1,17,4,125,1,5,HONDA CBF 125,6,W01000571,0,3
2024010528742,2024,010528742,1,3,0,18,19,7,3,0,0,1,0,0,0,0,4,1,6,6,1,40,7,125,1,14,HONDA CBF 125,-1,-1,0,-1
2024351484175,2024,351484175,1,3,0,-1,13,2,7,-1,0,6,0,0,0,0,1,1,-1,2,1,56,9,125,1,11,HONDA CBF 125,9,E01018034,0,3
2024141478517,2024,141478517,1,3,0,-1,13,2,6,-1,0,0,0,0,0,0,1,1,-1,6,1,22,5,125,1,4,HONDA CBF 125,4,E01007637,0,1
2024622400244,2024,622400244,1,3,0,17,19,6,2,0,0,0,0,0,1,7,1,1,6,6,1,21,5,125,1,14,HONDA CBF 125,4,W01001270,0,3
2024010489009,2024,010489009,1,3,0,99,99,9,9,99,99,9,9,99,9,99,9,1,2,2,1,19,4,125,1,6,HONDA CBF 125,4,E01033738,0,1
2024622400049,2024,622400049,2,4,0,18,19,7,4,0,0,8,0,0,0,0,4,1,6,6,1,44,7,125,1,1,HONDA CBF 125,8,W01000876,0,4
2024531416970,2024,531416970,1,3,0,-1,19,1,5,-1,0,1,0,0,0,0,1,1,-1,9,1,18,4,125,1,4,HONDA CBF 125,8,E01022123,0,1
2024070697152,2024,070697152,2,3,0,3,3,5,1,0,0,2,0,0,0,0,2,1,6,6,1,30,6,125,1,11,HONDA CBF 125,2,E01019777,0,4
2024131396215,2024,131396215,2,3,0,-1,19,7,3,-1,0,1,0,0,0,0,1,1,-1,6,1,26,6,125,1,13,HONDA CBF 125,2,E01010929,0,1
2024430335678,2024,430335678,1,3,0,14,14,5,1,0,0,0,0,0,0,0,4,1,2,2,1,21,5,124,1,1,HONDA CBF 125,5,E01028554,0,1
2024161492160,2024,161492160,2,3,0,-1,19,7,3,-1,0,1,2,4,0,0,1,1,-1,6,1,19,4,125,1,9,HONDA CBF 125,1,E01012878,0,1
2024161515062,2024,161515062,1,3,0,-1,4,7,3,-1,0,1,1,10,0,0,1,1,-1,2,1,33,6,125,1,1,HONDA CBF 125,3,E01013254,0,2
2024101440108,2024,101440108,2,3,0,-1,19,3,7,-1,0,0,0,0,4,0,0,1,-1,9,1,19,4,124,1,2,HONDA CBF 125,4,E01020614,0,1
2024010518553,2024,010518553,2,3,0,13,13,1,5,0,0,8,0,0,0,0,1,1,6,6,1,17,4,125,1,4,HONDA CBF 125,7,E01000169,0,1
2024041536358,2024,041536358,2,3,0,-1,19,4,1,-1,0,8,0,0,0,0,1,1,-1,2,1,17,4,125,1,5,HONDA CBF 125,1,E01012671,0,1
2024440101220,2024,440101220,2,3,0,18,19,4,8,0,0,1,0,0,0,0,1,1,6,6,1,18,4,125,1,10,HONDA CBF 125,3,E01017299,0,3
2024302500126,2024,302500126,2,3,0,-1,19,4,8,-1,0,8,0,0,0,0,4,1,-1,9,1,19,4,124,1,2,HONDA CBF 125,5,E01019870,0,2
2024031500096,2024,031500096,2,3,0,-1,19,5,1,-1,0,0,0,0,0,0,1,1,-1,9,1,23,5,125,1,2,HONDA CBF 125,5,E01019201,0,4
2024010526733,2024,010526733,1,3,0,15,15,3,7,0,0,1,0,0,1,0,4,1,6,6,1,22,5,125,1,6,HONDA CBF 125,-1,-1,0,-1
2024471397633,2024,471397633,1,3,0,-1,19,2,7,-1,0,0,0,0,0,0,1,1,-1,7,1,18,4,124,1,3,HONDA CBF 125,5,E01016973,0,2
2024221417139,2024,221417139,1,3,0,-1,19,8,2,-1,0,0,0,0,1,9,1,1,-1,6,1,18,4,124,1,1,HONDA CBF 125,5,E01034326,0,2
2024430337242,2024,430337242,1,3,0,15,15,5,1,0,0,2,1,0,0,0,1,1,6,6,1,17,4,125,1,5,HONDA CBF 125,9,E01032952,0,3
202460Q151806,2024,60Q151806,2,3,0,18,19,4,8,0,0,0,2,0,0,0,3,1,2,2,1,37,7,125,1,9,HONDA CBF 125,-1,-1,0,-1
2024522401313,2024,522401313,2,4,0,18,19,4,8,0,0,0,0,0,0,0,1,1,6,6,1,23,5,125,1,2,HONDA CBF 125,6,E01015005,0,3
2024131453045,2024,131453045,1,3,0,-1,19,7,3,-1,0,8,0,0,0,0,1,1,-1,9,1,30,6,125,1,10,HONDA CBF 125,1,E01010841,0,1
2024501431945,2024,501431945,1,4,0,-1,7,3,5,-1,0,1,2,0,0,0,4,1,-1,6,1,32,6,125,1,13,HONDA CBF 125,2,E01015074,0,1
2024221407931,2024,221407931,1,3,0,-1,19,4,8,-1,0,0,1,12,0,0,3,1,-1,1,2,35,6,124,1,2,HONDA CBF 125,5,E01022268,0,3
2024010502573,2024,010502573,1,4,0,5,5,1,5,0,0,1,1,0,0,0,1,1,6,6,1,46,8,125,1,6,HONDA CBF 125,2,E01003918,0,1
2024010490518,2024,010490518,2,3,0,16,19,5,1,0,0,8,0,0,0,0,0,1,6,6,1,34,6,124,1,3,HONDA CBF 125,7,E01030851,0,1
202417S201624,2024,17S201624,2,3,0,18,19,2,6,0,0,8,0,0,0,0,1,1,6,6,1,28,6,125,1,6,HONDA CBF 125,3,E01020789,0,3
2024221500963,2024,221500963,2,3,0,-1,19,3,7,-1,0,8,5,0,0,0,1,1,-1,6,1,20,4,125,1,0,HONDA CBF 125,3,E01028965,0,2
2024041418785,2024,041418785,2,3,0,-1,19,2,6,-1,0,8,0,0,0,0,1,1,-1,2,1,17,4,124,1,3,HONDA CBF 125,2,E01012647,0,1
2024461410880,2024,461410880,1,3,0,-1,19,4,8,-1,0,1,0,0,0,0,1,1,-1,9,1,32,6,125,1,14,HONDA CBF 125,4,E01024698,0,2
2024421466606,2024,421466606,2,3,0,-1,19,1,5,-1,0,8,5,0,0,0,1,1,-1,9,1,22,5,125,1,4,HONDA CBF 125,5,E01021388,0,3
2024461534592,2024,461534592,1,3,0,-1,19,3,7,-1,0,0,0,0,1,0,4,1,-1,6,1,48,8,125,1,13,HONDA CBF 125,4,E01024372,0,1
2024340NN2182,2024,340NN2182,1,3,0,-1,9,1,7,-1,0,3,1,0,0,0,0,1,-1,9,1,18,4,125,1,12,HONDA CBF 125,5,E01027114,0,3
2024302400286,2024,302400286,1,3,0,18,19,8,4,0,0,2,1,0,0,0,1,1,6,6,1,25,5,125,1,14,HONDA CBF 125,6,E01019660,0,1
2024991461081,2024,991461081,1,3,0,-1,5,3,8,-1,0,2,0,0,0,0,4,1,-1,9,2,20,4,125,1,12,HONDA CBF 125,1,-1,0,1
2024543413324,2024,543413324,1,3,0,18,19,1,5,0,0,0,2,6,0,0,4,1,6,6,1,28,6,125,1,10,HONDA CBF 125,3,E01015488,0,4
2024351542408,2024,351542408,1,3,0,-1,4,7,3,-1,0,0,1,0,0,0,1,1,-1,6,1,29,6,125,1,13,HONDA CBF 125,1,E01015664,0,1
2024520402027,2024,520402027,2,9,0,18,19,2,6,0,0,8,0,0,0,0,1,1,6,6,1,48,8,1600,1,24,MAKE AND MODEL REDACTED,7,E01035112,0,1
2024440240538,2024,440240538,2,8,0,18,19,6,2,0,0,0,0,0,0,0,1,1,1,1,1,40,7,1685,2,8,HYUNDAI I40,3,E01017295,0,2
2024201547850,2024,201547850,1,9,0,-1,19,8,4,-1,0,1,0,0,0,0,4,9,-1,1,1,49,8,1685,2,8,HYUNDAI I40,1,E01009363,0,1
2024010551077,2024,010551077,4,9,0,2,2,0,0,0,0,0,1,0,0,0,2,1,6,6,3,-1,-1,1685,2,9,HYUNDAI I40,-1,-1,0,-1
2024461469827,2024,461469827,2,9,0,-1,9,7,5,-1,0,1,0,0,0,0,2,1,-1,9,1,53,8,1685,2,8,HYUNDAI I40,6,E01016166,0,3
2024501491599,2024,501491599,2,9,0,-1,4,3,7,-1,0,1,0,0,0,0,2,1,-1,9,1,37,7,1685,2,8,HYUNDAI I40,8,E01020027,0,1
2024061396817,2024,061396817,1,8,0,-1,20,7,3,-1,0,1,0,0,0,0,3,1,-1,1,1,36,7,1685,2,8,HYUNDAI I40,1,E01005068,0,3
2024461407864,2024,461407864,1,9,0,-1,5,7,3,-1,0,8,0,0,0,0,3,9,-1,6,1,40,7,1685,2,7,HYUNDAI I40,6,E01024401,0,3
2024052400360,2024,052400360,2,8,0,18,19,7,3,0,0,8,0,0,0,0,3,1,1,1,1,44,7,1685,2,7,HYUNDAI I40,1,E01006961,0,1
2024201520557,2024,201520557,2,9,0,-1,19,2,4,-1,0,6,0,0,0,0,1,1,-1,6,1,22,5,1685,2,9,HYUNDAI I40,6,E01009525,0,1
2024201482385,2024,201482385,2,8,0,-1,10,6,6,-1,0,8,0,0,0,0,0,1,-1,6,1,43,7,1685,2,8,HYUNDAI I40,1,E01009344,0,1
2024430327227,2024,430327227,2,9,0,18,19,1,5,0,0,4,0,0,0,0,3,1,6,6,1,28,6,1685,2,7,HYUNDAI I40,4,E01016503,0,2
2024061408171,2024,061408171,1,9,0,-1,5,7,1,-1,0,4,0,0,0,0,0,1,-1,6,1,46,8,1685,2,11,HYUNDAI I40,-1,-1,0,-1
2024991523465,2024,991523465,1,8,0,-1,5,7,3,-1,0,8,0,0,0,0,1,1,-1,6,1,55,8,1685,2,8,HYUNDAI I40,-1,-1,0,-1
2024311433305,2024,311433305,1,9,0,-1,19,1,5,-1,0,8,1,0,1,0,3,1,-1,9,1,81,11,1685,2,7,HYUNDAI I40,2,E01028027,0,1
2024351421003,2024,351421003,2,9,0,-1,19,2,6,-1,0,3,0,0,0,0,1,1,-1,1,1,40,7,1685,2,7,HYUNDAI I40,5,E01026727,0,3
2024361463102,2024,361463102,2,9,0,-1,9,5,1,-1,0,0,0,0,0,0,3,1,-1,6,2,33,6,1685,2,12,HYUNDAI I40,1,E01026793,0,4
2024302401769,2024,302401769,2,9,0,-1,19,6,2,-1,0,8,0,0,0,0,4,1,-1,2,2,24,5,1685,2,12,HYUNDAI I40,8,E01019596,0,1
2024991476271,2024,991476271,2,9,0,-1,19,7,3,-1,0,0,0,0,0,0,2,1,-1,9,2,64,9,1685,2,9,HYUNDAI I40,4,-1,0,3
2024991454612,2024,991454612,2,9,0,-1,14,8,4,-1,0,2,0,4,0,0,1,1,-1,2,2,49,8,1685,2,9,HYUNDAI I40,7,-1,0,3
2024440245228,2024,440245228,1,9,0,9,9,2,8,0,0,6,0,0,0,0,1,1,6,6,1,76,11,1685,2,7,HYUNDAI I40,7,E01023057,0,1
2024461490128,2024,461490128,5,9,0,-1,2,7,3,-1,0,0,0,0,1,0,3,1,-1,6,-1,-1,-1,1685,2,8,HYUNDAI I40,-1,-1,0,-1
2024201488415,2024,201488415,2,9,0,-1,19,4,8,-1,0,8,0,0,0,0,1,1,-1,2,1,42,7,1685,2,8,HYUNDAI I40,2,E01009151,0,1
2024231396714,2024,231396714,3,9,0,-1,3,4,8,-1,0,0,0,0,0,0,4,1,-1,9,1,31,6,1685,2,11,HYUNDAI I40,2,E01009566,0,1
2024991426440,2024,991426440,2,9,0,-1,10,5,3,-1,0,1,0,0,0,0,2,1,-1,6,2,63,9,1685,2,9,HYUNDAI I40,7,-1,0,3
2024351409284,2024,351409284,2,9,0,-1,3,5,1,-1,0,1,0,0,0,0,2,1,-1,1,1,58,9,1685,2,7,HYUNDAI I40,9,E01034444,0,1
2024061443830,2024,061443830,1,9,0,-1,9,1,5,-1,0,8,0,0,0,0,1,2,-1,1,2,43,7,1591,1,5,HYUNDAI I40,1,E01034113,0,1
2024070453020,2024,070453020,1,9,0,6,6,1,6,0,0,8,0,0,0,0,4,1,6,6,1,67,10,1685,2,12,HYUNDAI I40,3,E01005628,0,4
2024520001299,2024,520001299,1,9,0,12,12,2,6,0,0,0,0,0,0,0,3,1,6,6,1,32,6,1685,2,8,HYUNDAI I40,1,E01014458,0,1
2024052400887,2024,052400887,1,8,0,12,12,3,7,0,0,2,0,0,0,0,3,1,1,1,1,46,8,1685,2,9,HYUNDAI I40,1,E01006674,0,1
2024302400438,2024,302400438,2,9,0,18,19,7,3,0,0,0,0,0,0,0,2,1,6,6,3,-1,-1,1685,2,12,HYUNDAI I40,5,E01019456,0,4
2024052402796,2024,052402796,2,9,0,4,4,2,6,0,0,1,0,0,0,0,1,1,1,1,1,35,6,1685,2,8,HYUNDAI I40,1,E01006414,0,1
2024421438889,2024,421438889,1,9,0,-1,9,5,1,-1,-1,1,0,0,0,0,1,9,-1,9,1,21,5,1685,2,10,HYUNDAI I40,4,E01029960,0,4
2024041494413,2024,041494413,1,9,0,-1,7,6,8,-1,0,6,0,0,0,0,3,1,-1,2,1,34,6,1685,2,8,HYUNDAI I40,2,E01005354,0,4