collision_index,collision_year,collision_ref_no,vehicle_reference,vehicle_type,towing_and_articulation,vehicle_manoeuvre_historic,vehicle_manoeuvre,vehicle_direction_from,vehicle_direction_to,vehicle_location_restricted_lane_historic,vehicle_location_restricted_lane,junction_location,skidding_and_overturning,hit_object_in_carriageway,vehicle_leaving_carriageway,hit_object_off_carriageway,first_point_of_impact,vehicle_left_hand_drive,journey_purpose_of_driver_historic,journey_purpose_of_driver,sex_of_driver,age_of_driver,age_band_of_driver,engine_capacity_cc,propulsion_code,age_of_vehicle,generic_make_model,driver_imd_decile,lsoa_of_driver,escooter_flag,driver_distance_banding
2024351464833,2024,351464833,1,9,-1,-1,4,-1,-1,-1,5,0,-1,-1,-1,0,3,9,-1,6,3,-1,-1,1685,2,13,HYUNDAI I40,-1,-1,0,-1
2024041517373,2024,041517373,1,9,0,-1,5,3,3,-1,0,0,0,0,0,0,4,1,-1,6,1,31,6,1685,2,6,HYUNDAI I40,1,E01011255,0,4
2024430535788,2024,430535788,3,9,0,3,3,4,8,0,0,8,0,0,0,0,2,1,6,6,3,43,7,1685,2,9,HYUNDAI I40,9,E01023094,0,3
2024052400791,2024,052400791,1,9,0,5,5,3,6,0,0,0,0,0,0,0,4,1,6,6,2,32,6,1685,2,9,HYUNDAI I40,1,E01033228,0,3
2024161465645,2024,161465645,2,9,0,-1,9,3,8,-1,0,1,0,0,0,0,1,1,-1,6,1,53,8,1685,2,10,HYUNDAI I40,5,E01012995,0,1
2024201397626,2024,201397626,1,9,0,-1,19,4,8,-1,0,2,0,0,0,0,1,9,-1,6,1,45,7,1685,2,8,HYUNDAI I40,1,E01009331,0,1
2024430567080,2024,430567080,1,8,0,9,9,8,6,0,0,8,0,0,7,0,4,1,1,1,1,66,10,1598,2,5,HYUNDAI I40,7,E01016763,0,1
2024440292129,2024,440292129,2,9,0,9,9,3,1,0,0,0,0,0,0,0,4,1,6,6,2,79,11,1685,2,9,HYUNDAI I40,8,E01022522,0,2
2024421512810,2024,421512810,1,9,0,-1,1,1,3,-1,0,0,0,0,0,0,2,1,-1,6,1,41,7,1685,2,9,HYUNDAI I40,4,E01021309,0,1
2024061505154,2024,061505154,1,9,0,-1,9,-1,-1,-1,0,1,0,0,0,0,3,1,-1,9,1,44,7,1685,2,12,HYUNDAI I40,4,E01004943,0,1
2024430141536,2024,430141536,2,9,0,18,19,-1,-1,0,0,0,0,0,0,0,3,1,6,6,1,20,4,1685,2,10,HYUNDAI I40,3,E01028513,0,3
2024471426757,2024,471426757,1,9,0,-1,9,4,2,-1,0,0,0,0,0,0,1,1,-1,9,1,55,8,1685,2,8,HYUNDAI I40,10,E01021192,0,1
2024061488523,2024,061488523,2,9,0,-1,19,7,3,-1,0,0,0,0,0,0,1,1,-1,1,1,38,7,1685,2,9,HYUNDAI I40,1,E01005142,0,1
2024371423097,2024,371423097,1,9,0,-1,19,8,5,-1,0,0,0,0,0,0,3,1,-1,9,1,38,7,1685,2,10,HYUNDAI I40,6,E01033043,0,4
2024631489988,2024,631489988,2,9,4,-1,19,4,8,-1,0,0,0,0,0,0,3,1,-1,6,1,67,10,1685,2,7,HYUNDAI I40,8,W01000597,0,4
2024311442351,2024,311442351,1,9,0,-1,7,1,5,-1,0,1,0,0,0,0,1,1,-1,6,1,61,9,1685,2,13,HYUNDAI I40,3,E01013932,0,1
2024131466482,2024,131466482,2,9,0,-1,19,3,7,-1,0,0,0,0,0,0,4,1,-1,6,1,48,8,1685,2,9,HYUNDAI I40,1,E01011318,0,3
2024031397090,2024,031397090,1,8,0,-1,19,1,5,-1,0,0,0,0,0,0,1,1,-1,1,1,65,9,1685,2,9,HYUNDAI I40,-1,-1,0,-1
2024631493139,2024,631493139,1,9,0,-1,19,3,7,-1,0,0,0,0,0,0,4,1,-1,1,1,35,6,1685,2,8,HYUNDAI I40,4,W01000637,0,1
2024201461070,2024,201461070,1,9,0,-1,19,4,8,-1,0,1,0,0,0,0,1,1,-1,6,1,34,6,1685,2,8,HYUNDAI I40,3,E01010020,0,1
2024351509515,2024,351509515,1,9,0,-1,19,1,5,-1,0,2,1,0,7,0,1,1,-1,6,1,60,9,1685,2,7,HYUNDAI I40,9,E01023597,0,2
2024131526344,2024,131526344,2,9,0,-1,19,5,1,-1,0,0,0,0,0,0,2,1,-1,2,1,57,9,1685,2,10,HYUNDAI I40,9,E01027913,0,4
2024622400465,2024,622400465,2,9,0,3,3,7,4,0,0,0,0,0,0,0,2,1,2,2,1,47,8,1685,2,10,HYUNDAI I40,5,W01000754,0,3
2024401475187,2024,401475187,3,9,0,-1,19,2,6,-1,0,0,0,0,0,0,3,1,-1,6,2,36,7,1685,2,10,HYUNDAI I40,8,E01017591,0,4
2024161404079,2024,161404079,2,9,0,-1,19,2,6,-1,0,0,0,0,0,0,3,1,-1,1,1,37,7,1685,2,11,HYUNDAI I40,1,E01012854,0,1
2024201513653,2024,201513653,2,9,0,-1,12,4,8,-1,0,8,0,0,0,0,3,1,-1,9,1,30,6,1685,2,12,HYUNDAI I40,1,E01009104,0,3
2024201482418,2024,201482418,2,9,0,-1,9,3,1,-1,0,1,0,0,0,0,2,9,-1,6,3,38,7,1685,2,6,HYUNDAI I40,3,E01010113,0,2
2024401429063,2024,401429063,1,9,0,-1,3,-1,-1,-1,0,4,0,11,0,0,1,9,-1,6,2,69,10,1685,2,10,HYUNDAI I40,5,E01017440,0,3
2024070656759,2024,070656759,2,9,0,3,3,7,3,0,0,0,0,0,0,0,2,1,6,6,2,51,8,1685,2,11,HYUNDAI I40,8,E01029544,0,3
2024401462085,2024,401462085,1,9,0,-1,7,7,1,-1,0,0,0,0,0,0,4,1,-1,6,1,41,7,1685,2,11,HYUNDAI I40,9,E01033831,0,1
2024991480765,2024,991480765,3,8,0,-1,10,8,6,-1,0,1,0,0,0,0,1,1,-1,1,1,49,8,1685,2,9,HYUNDAI I40,3,-1,0,3
2024421394082,2024,421394082,2,9,0,-1,13,5,1,-1,0,1,0,0,0,0,3,9,-1,6,1,33,6,1685,2,12,HYUNDAI I40,4,E01021674,0,1
2024041499275,2024,041499275,2,9,0,-1,9,6,4,-1,0,0,0,1,0,0,3,1,-1,9,1,64,9,1685,2,10,HYUNDAI I40,5,E01025243,0,1
2024421517545,2024,421517545,2,9,0,-1,19,1,5,-1,0,2,0,0,0,0,1,1,-1,6,1,67,10,1685,2,8,HYUNDAI I40,3,E01004350,0,1
2024332400946,2024,332400946,1,9,0,-1,13,2,6,-1,0,8,0,0,7,1,1,1,-1,6,1,42,7,1685,2,12,HYUNDAI I40,3,E01025949,0,1
2024351425661,2024,351425661,2,9,0,-1,2,0,0,-1,0,1,0,0,0,0,2,1,-1,9,2,57,9,1685,2,9,HYUNDAI I40,5,E01035532,0,1
2024111399371,2024,111399371,1,9,0,-1,19,7,2,-1,0,2,0,0,0,0,1,1,-1,7,1,39,7,1685,2,9,HYUNDAI I40,9,E01020664,0,1
2024010523931,2024,010523931,2,9,0,4,4,7,3,0,0,1,0,0,0,0,1,1,6,6,1,30,6,1685,2,9,HYUNDAI I40,3,E01004720,0,1
2024211483957,2024,211483957,1,9,0,-1,19,4,8,-1,0,2,0,0,0,0,3,1,-1,9,1,24,5,1685,2,9,HYUNDAI I40,-1,-1,0,-1
2024501420673,2024,501420673,1,9,0,-1,19,1,5,-1,0,0,0,8,0,0,1,9,-1,6,2,37,7,1685,2,12,HYUNDAI I40,2,E01018999,0,1
2024131450153,2024,131450153,1,9,0,-1,19,3,7,-1,0,0,0,0,0,0,1,1,-1,2,1,60,9,1685,2,11,HYUNDAI I40,2,E01011157,0,2
2024991483235,2024,991483235,3,9,0,-1,19,2,7,-1,0,0,0,0,2,0,1,1,-1,9,1,34,6,1685,2,8,HYUNDAI I40,2,-1,0,1
2024411423542,2024,411423542,1,9,0,-1,4,8,4,-1,0,2,0,4,0,0,1,1,-1,9,2,60,9,-1,3,5,JAGUAR I-PACE,10,E01023826,0,1
2024101500107,2024,101500107,1,9,0,-1,19,3,7,-1,0,0,0,0,7,0,1,1,-1,6,2,31,6,-1,3,4,JAGUAR I-PACE,9,E01023430,0,5
2024991453350,2024,991453350,4,9,0,-1,19,4,8,-1,0,8,0,0,0,0,2,1,-1,9,1,34,6,-1,3,1,JAGUAR I-PACE,4,E01007699,0,5
2024201521560,2024,201521560,1,9,0,-1,19,4,8,-1,0,0,0,0,0,0,2,1,-1,9,1,43,7,-1,3,5,JAGUAR I-PACE,1,E01010017,0,2
2024010535405,2024,010535405,2,9,0,99,99,9,9,99,99,9,9,99,9,99,1,9,6,6,3,47,8,-1,3,3,JAGUAR I-PACE,-1,-1,0,-1
2024471416027,2024,471416027,19,9,0,-1,19,7,3,-1,0,0,1,0,0,0,3,1,-1,6,1,29,6,-1,3,5,JAGUAR I-PACE,6,E01035345,0,1
2024010544146,2024,010544146,2,9,9,99,99,9,9,8,6,9,9,99,9,99,9,1,1,1,1,28,6,-1,3,5,JAGUAR I-PACE,7,E01004626,0,1
2024332400973,2024,332400973,1,9,0,-1,6,9,9,-1,0,0,0,0,0,0,1,1,-1,6,2,-1,-1,-1,3,0,JAGUAR I-PACE,-1,-1,0,-1
2024231524251,2024,231524251,1,9,0,-1,19,4,8,-1,0,0,0,0,0,0,1,9,-1,6,1,44,7,-1,3,4,JAGUAR I-PACE,5,E01032229,0,1
2024131494391,2024,131494391,1,9,0,-1,19,6,2,-1,0,0,0,0,0,0,4,1,-1,2,1,57,9,-1,3,4,JAGUAR I-PACE,1,E01010653,0,3
2024501445099,2024,501445099,2,9,0,-1,3,7,3,-1,0,0,0,0,0,0,2,1,-1,7,2,51,8,-1,3,3,JAGUAR I-PACE,10,E01019957,0,2
2024332400505,2024,332400505,2,9,0,-1,19,4,8,-1,0,0,0,0,0,0,1,1,-1,6,1,50,8,-1,3,4,JAGUAR I-PACE,8,E01019868,0,4
2024991549082,2024,991549082,2,9,0,-1,19,8,4,-1,0,0,0,0,0,0,1,1,-1,9,1,55,8,-1,3,1,JAGUAR I-PACE,8,-1,0,1
2024010512113,2024,010512113,1,9,0,18,19,7,3,0,0,2,0,0,0,0,1,1,6,6,1,58,9,-1,3,4,JAGUAR I-PACE,-1,-1,0,-1
2024340WN0732,2024,340WN0732,1,9,0,-1,19,2,6,-1,0,1,0,0,0,0,1,1,-1,9,1,81,11,-1,3,2,JAGUAR I-PACE,9,E01027002,0,2
2024231484067,2024,231484067,3,9,0,-1,19,7,3,-1,0,0,0,0,1,4,1,9,-1,6,1,62,9,-1,3,3,JAGUAR I-PACE,7,E01031166,0,2
2024430485231,2024,430485231,1,9,0,18,19,5,1,0,0,0,0,10,6,0,1,1,6,6,2,44,7,-1,3,3,JAGUAR I-PACE,10,E01030330,0,4
2024610011324,2024,610011324,2,9,0,7,7,8,2,0,0,1,0,0,0,0,1,1,6,6,1,40,7,-1,3,4,JAGUAR I-PACE,10,W01001670,0,1
2024010488580,2024,010488580,1,9,9,99,99,9,9,0,0,9,9,99,9,99,9,9,6,6,3,-1,-1,-1,3,5,JAGUAR I-PACE,-1,-1,0,-1
2024421401837,2024,421401837,1,9,0,-1,19,8,7,-1,0,2,0,0,0,0,1,1,-1,7,2,37,7,-1,3,5,JAGUAR I-PACE,10,E01021570,0,1
2024041412001,2024,041412001,1,9,0,-1,9,2,8,-1,0,0,0,0,0,0,1,1,-1,1,2,51,8,-1,3,4,JAGUAR I-PACE,4,E01025282,0,3
2024451414856,2024,451414856,1,9,0,-1,19,7,3,-1,0,0,0,0,0,0,1,1,-1,1,2,37,7,-1,3,1,JAGUAR I-PACE,10,E01016575,0,2
2024451498542,2024,451498542,1,9,0,-1,19,3,7,-1,0,0,1,7,2,7,2,1,-1,9,1,45,7,-1,3,2,JAGUAR I-PACE,7,E01032003,0,4
2024201460525,2024,201460525,1,9,0,-1,19,6,2,-1,0,8,0,10,1,11,1,1,-1,6,1,35,6,-1,3,0,JAGUAR I-PACE,1,E01010111,0,1
2024201521518,2024,201521518,1,9,0,-1,4,7,6,-1,0,1,0,0,0,0,1,1,-1,9,1,43,7,-1,3,4,JAGUAR I-PACE,2,E01032265,0,4
2024340NN1002,2024,340NN1002,1,9,0,-1,5,5,1,-1,0,4,0,0,0,0,1,1,-1,6,2,58,9,-1,3,4,JAGUAR I-PACE,9,E01027052,0,1
2024070402511,2024,070402511,1,9,0,18,19,5,1,0,0,0,0,0,0,0,1,1,6,6,2,57,9,-1,3,4,JAGUAR I-PACE,8,E01035389,0,1
2024991493213,2024,991493213,1,9,0,-1,19,5,1,-1,0,0,0,0,0,0,3,1,-1,2,1,48,8,-1,3,4,JAGUAR I-PACE,6,-1,0,2
2024131488066,2024,131488066,2,9,0,-1,19,1,5,-1,0,8,0,0,0,0,1,1,-1,9,1,44,7,-1,3,5,JAGUAR I-PACE,1,E01010702,0,1
2024231528256,2024,231528256,2,9,0,-1,19,6,2,-1,0,0,0,0,0,0,2,9,-1,2,1,42,7,-1,3,0,JAGUAR I-PACE,9,E01031222,0,2
2024351415446,2024,351415446,1,9,0,-1,19,-1,-1,-1,0,7,0,0,0,0,1,9,-1,6,1,46,8,-1,3,2,JAGUAR I-PACE,8,E01018228,0,4
2024201413507,2024,201413507,2,9,0,-1,19,6,2,-1,0,8,0,0,0,0,1,9,-1,6,1,41,7,-1,3,1,JAGUAR I-PACE,8,E01010151,0,1
2024122401243,2024,122401243,2,9,0,18,19,2,6,0,0,1,0,10,0,0,1,1,6,6,2,32,6,-1,3,4,JAGUAR I-PACE,5,E01027729,0,1
2024522403352,2024,522403352,1,9,0,7,7,5,7,0,0,5,0,0,0,0,1,1,6,6,1,36,7,-1,3,4,JAGUAR I-PACE,2,E01014568,0,1
2024430322006,2024,430322006,3,9,0,18,19,7,4,0,0,0,0,0,0,0,1,1,6,6,1,65,9,-1,3,5,JAGUAR I-PACE,-1,-1,0,-1
2024440553624,2024,440553624,1,9,0,9,9,1,5,0,0,0,0,0,0,0,1,1,6,6,1,57,9,-1,3,3,JAGUAR I-PACE,10,E01022856,0,1
2024421489971,2024,421489971,1,9,0,-1,9,3,7,-1,0,0,0,0,0,0,3,1,-1,2,2,35,6,-1,3,5,JAGUAR I-PACE,10,E01021710,0,1
2024430519669,2024,430519669,2,9,0,99,99,-1,-1,0,0,9,0,0,0,0,1,1,6,6,2,32,6,-1,3,4,JAGUAR I-PACE,2,E01034455,0,1
2024421481645,2024,421481645,1,9,0,-1,19,7,3,-1,0,1,0,4,0,0,1,1,-1,6,1,73,10,-1,3,5,JAGUAR I-PACE,10,E01021751,0,1
2024552401022,2024,552401022,1,9,0,2,2,0,0,0,0,0,0,0,0,0,0,1,2,2,1,63,9,-1,3,3,JAGUAR I-PACE,8,E01015389,0,1
2024010508867,2024,010508867,1,9,0,5,5,3,7,0,0,0,0,0,0,0,4,1,6,6,2,45,7,-1,3,5,JAGUAR I-PACE,7,E01030505,0,3
2024622400366,2024,622400366,3,9,0,2,2,0,0,0,0,1,0,0,0,0,1,1,6,6,3,-1,-1,1969,3,3,JAGUAR I-PACE,-1,-1,0,-1
2024122500174,2024,122500174,2,9,0,18,19,7,3,0,0,1,0,0,1,4,1,1,6,6,1,46,8,-1,3,2,JAGUAR I-PACE,7,E01027890,0,4
2024010547417,2024,010547417,1,9,0,18,19,4,8,0,0,8,0,0,0,0,4,1,6,6,1,22,5,-1,3,4,JAGUAR I-PACE,7,E01035707,0,1
2024501424034,2024,501424034,2,9,0,-1,19,7,3,-1,0,0,0,0,0,0,3,1,-1,2,1,48,8,-1,3,4,JAGUAR I-PACE,3,E01034165,0,4
2024501434143,2024,501434143,2,9,0,-1,19,1,5,-1,0,1,0,0,0,0,3,1,-1,9,1,84,11,-1,3,6,JAGUAR I-PACE,4,E01020189,0,3
2024231510691,2024,231510691,2,9,0,-1,19,4,8,-1,0,8,1,0,0,0,1,9,-1,9,2,31,6,-1,3,1,JAGUAR I-PACE,9,E01031219,0,3
2024461451556,2024,461451556,1,9,0,-1,9,1,7,-1,0,6,0,0,0,0,1,1,-1,6,1,56,9,-1,3,3,JAGUAR I-PACE,-1,-1,0,-1
2024361490639,2024,361490639,1,9,0,-1,19,6,2,-1,0,1,0,0,0,0,4,1,-1,6,1,46,8,-1,3,5,JAGUAR I-PACE,3,E01030255,0,3
2024010510914,2024,010510914,2,9,0,99,99,9,9,99,99,9,9,99,9,99,9,9,1,1,1,35,6,-1,3,4,JAGUAR I-PACE,9,E01000835,0,3
2024421439813,2024,421439813,2,9,0,-1,4,5,1,-1,0,1,0,0,0,0,2,1,-1,6,1,48,8,-1,3,4,JAGUAR I-PACE,6,E01021394,0,4
2024211508198,2024,211508198,1,9,0,-1,4,1,2,-1,9,1,0,0,0,0,1,1,-1,6,1,79,11,-1,3,3,JAGUAR I-PACE,8,E01029805,0,3
2024141416096,2024,141416096,1,9,0,-1,19,3,7,-1,0,1,0,0,0,0,4,1,-1,9,1,32,6,-1,3,4,JAGUAR I-PACE,1,E01007372,0,3
2024430315635,2024,430315635,4,9,0,18,19,5,1,0,0,1,0,0,0,0,1,1,6,6,2,30,6,-1,3,2,JAGUAR I-PACE,-1,-1,0,-1
2024201475365,2024,201475365,2,9,0,-1,19,3,6,-1,0,8,0,0,0,0,1,1,-1,2,1,28,6,-1,3,0,JAGUAR I-PACE,-1,-1,0,-1
2024991511518,2024,991511518,1,8,0,-1,19,8,4,-1,0,0,0,0,0,0,1,1,-1,1,1,56,9,-1,3,5,JAGUAR I-PACE,8,-1,0,3
2024010549161,2024,010549161,1,9,0,3,3,1,5,0,0,1,0,0,0,0,2,1,2,2,2,59,9,-1,3,5,JAGUAR I-PACE,9,E01001030,0,2
2024101484164,2024,101484164,2,9,0,-1,3,8,4,-1,0,0,0,0,0,0,2,1,-1,6,2,36,7,-1,3,2,JAGUAR I-PACE,2,E01008628,0,1
2024991420299,2024,991420299,2,9,0,-1,10,4,2,-1,0,8,0,0,0,0,2,1,-1,9,2,43,7,-1,3,4,JAGUAR I-PACE,10,-1,0,1
2024311488801,2024,311488801,1,9,0,-1,19,1,5,-1,0,0,1,7,0,0,2,1,-1,6,1,47,8,-1,3,2,JAGUAR I-PACE,10,E01025761,0,4
2024201398192,2024,201398192,1,9,0,-1,9,3,1,-1,0,5,0,0,0,0,1,1,-1,6,1,50,8,-1,3,6,JAGUAR I-PACE,-1,-1,0,-1
2024501485139,2024,501485139,1,5,0,-1,19,5,1,-1,0,0,1,7,0,0,1,1,-1,6,1,61,9,773,1,3,MAKE AND MODEL REDACTED,3,E01018998,0,2
2024302400910,2024,302400910,1,5,0,16,19,3,6,0,0,0,0,0,7,0,1,1,6,6,1,55,8,773,1,3,MAKE AND MODEL REDACTED,7,E01019548,0,2
2024010511948,2024,010511948,2,5,0,18,19,1,5,0,0,1,0,0,0,0,4,1,6,6,1,45,7,649,1,5,MAKE AND MODEL REDACTED,5,E01003219,0,1
2024440326150,2024,440326150,2,5,0,18,19,1,5,0,0,0,0,0,0,0,4,1,2,2,1,74,10,649,1,3,MAKE AND MODEL REDACTED,6,E01023054,0,4
2024622400688,2024,622400688,2,4,0,18,19,4,8,0,0,0,0,0,0,0,0,1,6,6,1,27,6,649,1,1,MAKE AND MODEL REDACTED,9,W01001968,0,3
2024131426585,2024,131426585,1,5,0,-1,13,8,7,-1,0,1,1,0,0,0,1,1,-1,6,1,37,7,649,1,3,MAKE AND MODEL REDACTED,7,E01011592,0,2
2024471444236,2024,471444236,2,5,0,-1,11,4,1,-1,0,0,0,0,1,4,1,1,-1,2,1,49,8,649,1,1,MAKE AND MODEL REDACTED,7,E01031457,0,2
2024010513777,2024,010513777,1,5,0,15,15,1,5,0,0,1,0,0,0,0,1,1,6,6,1,27,6,649,1,2,MAKE AND MODEL REDACTED,6,E01001200,0,1
2024411473413,2024,411473413,2,5,0,-1,5,5,1,-1,0,0,0,0,0,0,2,1,-1,2,1,55,8,649,1,3,MAKE AND MODEL REDACTED,6,E01023918,0,1
2024471478583,2024,471478583,2,5,0,-1,19,2,6,-1,0,1,0,0,0,0,1,1,-1,9,1,43,7,649,1,1,MAKE AND MODEL REDACTED,2,E01024548,0,3
2024221480775,2024,221480775,1,5,0,-1,13,6,2,-1,0,8,0,0,7,0,1,1,-1,9,1,45,7,649,1,0,MAKE AND MODEL REDACTED,5,W01001088,0,4
2024010540249,2024,010540249,1,9,0,1,1,4,8,0,0,1,0,0,0,0,2,1,6,6,1,32,6,3456,8,12,LEXUS GS 450,8,E01000297,0,1
2024461473152,2024,461473152,2,9,0,-1,3,6,2,-1,0,0,0,0,0,0,2,1,-1,9,2,40,7,3456,8,17,LEXUS GS 450,9,E01024821,0,4
2024531477409,2024,531477409,1,9,0,-1,5,2,4,-1,0,2,0,0,0,0,3,1,-1,6,1,56,9,3456,8,14,LEXUS GS 450,9,E01022390,0,1
2024471477862,2024,471477862,1,9,0,-1,19,7,3,-1,0,1,0,0,0,0,1,1,-1,6,1,61,9,3456,8,16,LEXUS GS 450,5,E01024379,0,4
2024010534697,2024,010534697,1,9,0,99,99,9,9,99,99,9,9,99,9,99,2,9,6,6,1,44,7,3456,8,16,LEXUS GS 450,4,E01002309,0,3
2024320537528,2024,320537528,1,9,0,-1,-1,7,3,0,0,0,0,0,8,10,1,1,6,6,1,44,7,3456,8,12,LEXUS GS 450,9,E01026370,0,1
2024332401167,2024,332401167,2,9,0,-1,19,8,4,-1,0,0,0,0,0,0,1,1,-1,9,1,73,10,3456,8,16,LEXUS GS 450,4,E01013629,0,1
2024461534312,2024,461534312,1,9,0,-1,19,7,3,-1,0,8,0,0,0,0,4,9,-1,6,1,31,6,3456,8,17,LEXUS GS 450,9,E01024106,0,2
2024010503599,2024,010503599,1,9,0,13,13,5,1,0,0,3,0,0,0,0,1,1,6,6,1,28,6,3456,8,14,LEXUS GS 450,3,E01004435,0,1
2024010551740,2024,010551740,1,9,0,5,5,3,7,0,0,4,0,0,0,0,3,1,6,6,1,57,9,3456,8,11,LEXUS GS 450,9,E01021527,0,4
2024010551033,2024,010551033,1,9,0,6,6,1,1,0,0,1,0,0,0,0,3,1,6,6,1,32,6,3456,8,8,LEXUS GS 450,3,E01013745,0,5
2024522402003,2024,522402003,1,5,0,18,19,6,1,0,0,3,0,0,0,0,1,1,6,6,1,27,6,961,1,7,MAKE AND MODEL REDACTED,10,E01015021,0,1
2024221449521,2024,221449521,1,90,0,-1,19,7,3,-1,0,0,0,0,0,0,2,1,-1,9,1,71,10,1997,2,5,MAKE AND MODEL REDACTED,10,E01028949,0,2
2024010541397,2024,010541397,2,9,0,11,11,3,7,0,0,1,0,0,0,0,3,1,6,6,3,-1,-1,1988,1,7,MAKE AND MODEL REDACTED,-1,-1,0,-1
2024411526554,2024,411526554,2,9,0,-1,19,5,1,-1,0,0,1,0,0,0,2,1,-1,1,1,55,8,1988,1,8,MAKE AND MODEL REDACTED,2,E01015735,0,2
2024010511904,2024,010511904,1,9,0,18,19,3,7,0,0,0,1,10,1,1,1,1,1,1,1,23,5,2497,1,7,MAKE AND MODEL REDACTED,5,E01030725,0,2
2024221449596,2024,221449596,3,9,0,-1,3,1,5,-1,0,0,0,0,0,0,2,1,-1,1,1,29,6,1988,1,5,MAKE AND MODEL REDACTED,7,E01028182,0,5
2024411524863,2024,411524863,1,9,0,-1,9,3,1,-1,0,6,0,0,0,0,1,1,-1,6,2,59,9,1988,1,5,MAKE AND MODEL REDACTED,8,E01023465,0,1
2024430615813,2024,430615813,1,9,0,18,19,2,6,0,0,8,0,0,1,0,3,1,6,6,1,25,5,3995,1,1,MAKE AND MODEL REDACTED,7,E01002678,0,4
2024421399602,2024,421399602,1,9,0,-1,19,5,1,-1,0,0,1,0,7,0,1,9,-1,9,1,52,8,3995,1,3,MAKE AND MODEL REDACTED,6,E01021750,0,2
2024041527446,2024,041527446,1,9,0,-1,19,7,3,-1,0,0,1,0,5,6,3,1,-1,2,1,60,9,1988,1,6,MAKE AND MODEL REDACTED,5,E01006256,0,2
2024440400944,2024,440400944,1,9,0,18,19,7,3,0,0,8,1,0,0,0,4,1,6,6,2,53,8,1988,1,5,MAKE AND MODEL REDACTED,7,E01023277,0,2
2024361569646,2024,361569646,2,2,0,-1,19,1,5,-1,0,0,0,0,0,0,2,1,-1,9,2,16,4,50,1,5,MAKE AND MODEL REDACTED,2,E01026716,0,1
2024411527568,2024,411527568,2,9,0,-1,19,5,1,-1,0,8,0,0,0,0,1,1,-1,7,1,19,4,996,1,13,MAKE AND MODEL REDACTED,2,E01023339,0,1
2024141450801,2024,141450801,1,9,0,-1,19,7,4,-1,0,2,1,0,1,0,1,1,-1,9,1,20,4,996,1,13,MAKE AND MODEL REDACTED,5,E01007698,0,2
2024430364180,2024,430364180,1,5,0,17,19,8,5,0,0,0,1,0,1,0,1,1,1,1,1,60,9,1340,1,13,SUZUKI GSX 1300,5,E01002682,0,4
2024101436709,2024,101436709,1,5,0,-1,13,1,5,-1,0,0,1,0,1,0,1,1,-1,9,1,59,9,1340,1,16,SUZUKI GSX 1300,3,E01008532,0,4
2024311469614,2024,311469614,2,5,0,-1,14,7,3,-1,9,0,0,0,0,0,1,1,-1,2,1,61,9,1340,1,11,SUZUKI GSX 1300,-1,-1,0,-1
2024221437548,2024,221437548,3,5,0,-1,14,3,7,-1,0,1,0,0,0,0,0,1,-1,9,1,47,8,1300,1,17,SUZUKI GSX 1300,3,E01009777,0,3
2024610038524,2024,610038524,1,4,0,18,19,1,5,0,0,0,1,10,0,0,1,1,6,6,1,61,9,1298,1,25,SUZUKI GSX 1300,4,E01022251,0,3
2024631469961,2024,631469961,2,4,0,-1,19,2,6,-1,0,0,0,0,0,0,1,1,-1,9,1,64,9,1340,1,7,SUZUKI GSX 1300,7,W01001575,0,4
2024320368401,2024,320368401,1,5,0,-1,-1,4,8,0,0,0,1,0,1,4,1,1,-1,-1,1,38,7,1340,1,16,SUZUKI GSX 1300,-1,-1,0,-1
2024461432059,2024,461432059,2,5,0,-1,19,3,8,-1,0,3,1,0,0,0,4,1,-1,6,1,52,8,1340,1,2,SUZUKI GSX 1300,2,E01024585,0,4
2024041506435,2024,041506435,1,5,0,-1,19,3,7,-1,0,0,0,0,0,0,1,1,-1,6,1,58,9,1298,1,24,SUZUKI GSX 1300,8,E01012613,0,1
2024231509840,2024,231509840,2,5,0,-1,19,4,1,-1,0,8,0,0,0,0,3,1,-1,6,1,64,9,1340,1,2,SUZUKI GSX 1300,8,E01031218,0,1
2024430409737,2024,430409737,1,5,0,16,19,4,7,0,0,0,1,0,7,4,1,1,6,6,1,36,7,1340,1,1,SUZUKI GSX 1300,6,E01017674,0,3
2024311453155,2024,311453155,1,5,0,-1,19,5,1,-1,9,4,1,0,7,0,3,1,-1,2,1,42,7,1299,1,19,SUZUKI GSX 1300,-1,-1,0,-1
2024111409439,2024,111409439,2,5,0,-1,19,7,3,-1,0,1,1,0,0,0,1,1,-1,9,1,50,8,1340,1,10,SUZUKI GSX 1300,7,E01020709,0,1
2024411498684,2024,411498684,1,5,0,-1,4,4,8,-1,0,0,2,0,0,0,0,1,-1,6,2,64,9,1299,1,17,SUZUKI GSX 1300,7,E01023366,0,3
2024010492504,2024,010492504,1,5,0,7,7,5,8,0,0,1,1,0,0,0,2,1,6,6,1,36,7,1340,1,10,SUZUKI GSX 1300,3,E01035641,0,2
2024421521459,2024,421521459,2,5,0,-1,14,7,3,-1,0,1,0,99,0,0,2,1,-1,2,1,33,6,1340,1,12,SUZUKI GSX 1300,5,E01021484,0,1
2024501478551,2024,501478551,1,5,0,-1,19,1,5,-1,0,8,0,11,0,0,1,1,-1,6,1,62,9,1340,1,8,SUZUKI GSX 1300,4,E01018954,0,2
2024552401030,2024,552401030,1,5,0,18,19,8,4,0,0,0,0,0,0,0,1,1,6,6,1,33,6,1340,1,11,SUZUKI GSX 1300,7,E01015462,0,1