collision_index,collision_year,collision_ref_no,vehicle_reference,vehicle_type,towing_and_articulation,vehicle_manoeuvre_historic,vehicle_manoeuvre,vehicle_direction_from,vehicle_direction_to,vehicle_location_restricted_lane_historic,vehicle_location_restricted_lane,junction_location,skidding_and_overturning,hit_object_in_carriageway,vehicle_leaving_carriageway,hit_object_off_carriageway,first_point_of_impact,vehicle_left_hand_drive,journey_purpose_of_driver_historic,journey_purpose_of_driver,sex_of_driver,age_of_driver,age_band_of_driver,engine_capacity_cc,propulsion_code,age_of_vehicle,generic_make_model,driver_imd_decile,lsoa_of_driver,escooter_flag,driver_distance_banding
2024451444355,2024,451444355,1,5,0,-1,19,3,7,-1,0,0,5,10,7,10,1,1,-1,6,1,27,6,1340,1,14,SUZUKI GSX 1300,7,E01030465,0,2
2024622400335,2024,622400335,1,5,0,9,9,3,8,0,0,7,0,0,0,0,1,1,6,6,1,59,9,1340,1,16,SUZUKI GSX 1300,5,W01001817,0,2
2024052400892,2024,052400892,2,5,0,16,19,5,1,0,0,8,0,0,0,0,4,1,6,6,1,68,10,1340,1,8,SUZUKI GSX 1300,6,E01006596,0,3
2024211453368,2024,211453368,2,5,0,-1,13,1,5,-1,0,0,0,0,0,0,1,1,-1,2,1,51,8,1340,1,16,SUZUKI GSX 1300,-1,-1,0,-1
2024991485863,2024,991485863,1,5,0,-1,19,7,3,-1,0,0,0,0,0,0,1,1,-1,6,1,57,9,1299,1,21,SUZUKI GSX 1300,2,-1,0,4
2024031512062,2024,031512062,1,5,0,-1,19,5,6,-1,0,0,5,0,8,0,2,1,-1,6,1,49,8,1299,1,19,SUZUKI GSX 1300,-1,-1,0,-1
2024061511480,2024,061511480,2,5,0,-1,19,5,5,-1,0,1,0,0,0,0,1,1,-1,9,1,46,8,1299,1,20,SUZUKI GSX 1300,1,E01005754,0,1
2024122400421,2024,122400421,2,5,0,4,4,5,1,7,6,1,0,0,0,0,2,1,6,6,3,-1,-1,1298,1,24,SUZUKI GSX 1300,-1,-1,0,-1
2024122400844,2024,122400844,2,5,0,13,13,5,1,0,0,8,0,0,0,0,4,1,6,6,1,53,8,1299,1,17,SUZUKI GSX 1300,10,E01013411,0,2
2024501435757,2024,501435757,1,3,0,-1,19,7,3,-1,0,0,2,0,0,0,4,1,-1,9,1,73,10,124,1,14,MAKE AND MODEL REDACTED,9,E01019951,0,2
2024311529045,2024,311529045,1,3,0,-1,19,6,8,-1,0,1,1,0,0,0,4,1,-1,2,1,26,6,124,1,13,MAKE AND MODEL REDACTED,4,E01027996,0,1
2024351501146,2024,351501146,1,3,0,-1,19,6,2,-1,0,2,0,0,1,0,4,1,-1,2,1,17,4,124,1,12,MAKE AND MODEL REDACTED,2,E01015680,0,2
2024211485715,2024,211485715,1,3,0,-1,19,1,5,-1,0,8,5,0,0,0,1,1,-1,9,1,24,5,124,1,11,MAKE AND MODEL REDACTED,1,E01014261,0,1
2024440291583,2024,440291583,1,9,0,4,4,7,3,0,0,0,0,11,1,10,1,1,6,6,1,86,11,1364,1,6,VAUXHALL MOKKA,10,E01023194,0,1
2024332400536,2024,332400536,1,9,0,-1,5,6,2,-1,0,6,0,0,0,0,1,1,-1,6,2,54,8,1364,1,6,VAUXHALL MOKKA,2,E01013634,0,1
2024421490441,2024,421490441,1,9,0,-1,3,3,7,-1,0,0,0,0,0,0,4,1,-1,6,1,28,6,1598,1,11,VAUXHALL MOKKA,7,E01015866,0,1
2024041399405,2024,041399405,2,9,0,-1,19,1,5,-1,0,0,0,0,0,0,4,1,-1,2,2,33,6,1364,1,7,VAUXHALL MOKKA,3,E01025011,0,2
2024131440467,2024,131440467,1,9,0,-1,19,1,5,-1,0,0,0,0,0,0,1,1,-1,9,2,24,5,1364,1,7,VAUXHALL MOKKA,1,E01010680,0,1
2024531441751,2024,531441751,1,9,0,-1,13,5,1,-1,0,1,0,0,0,0,1,1,-1,6,2,27,6,1199,1,1,VAUXHALL MOKKA,9,E01022363,0,1
2024141557903,2024,141557903,2,9,0,-1,19,1,5,-1,0,8,0,0,0,0,3,1,-1,6,2,-1,-1,1199,1,0,VAUXHALL MOKKA,-1,-1,0,-1
2024991416343,2024,991416343,3,9,0,-1,3,8,4,-1,0,0,0,0,0,0,2,9,-1,6,2,47,8,1364,1,5,VAUXHALL MOKKA,2,-1,0,3
2024201427783,2024,201427783,2,9,0,-1,3,6,2,-1,0,0,0,0,0,0,2,9,-1,2,1,64,9,1364,1,6,VAUXHALL MOKKA,2,E01010452,0,1
2024461434446,2024,461434446,2,9,0,-1,4,5,1,-1,0,1,0,0,0,0,3,9,-1,9,2,54,8,1686,2,11,VAUXHALL MOKKA,3,E01015921,0,3
2024010525747,2024,010525747,1,9,0,18,19,4,8,0,0,1,0,0,0,0,1,1,6,6,2,45,7,1364,1,8,VAUXHALL MOKKA,9,E01030331,0,2
2024501492236,2024,501492236,1,9,0,-1,19,2,6,-1,0,6,0,0,0,0,1,1,-1,6,1,18,4,1598,1,11,VAUXHALL MOKKA,5,E01034854,0,2
2024010526429,2024,010526429,2,9,0,99,99,9,9,99,99,9,9,99,9,99,9,9,6,6,3,-1,-1,1364,1,6,VAUXHALL MOKKA,-1,-1,0,-1
2024041470424,2024,041470424,1,9,0,-1,19,2,6,-1,0,1,0,0,0,0,1,1,-1,9,1,43,7,-1,3,2,VAUXHALL MOKKA,3,E01025087,0,1
2024010528637,2024,010528637,1,9,0,18,19,5,1,0,0,2,0,0,3,11,1,1,6,6,2,56,9,1364,1,10,VAUXHALL MOKKA,3,E01003997,0,3
2024631470473,2024,631470473,1,9,0,-1,9,2,7,-1,0,5,0,0,0,0,1,1,-1,1,2,21,5,1364,1,5,VAUXHALL MOKKA,5,W01000599,0,1
2024061404954,2024,061404954,2,9,0,-1,19,5,1,-1,0,1,0,0,0,0,4,1,-1,9,1,44,7,1598,1,9,VAUXHALL MOKKA,1,E01004794,0,1
2024061487321,2024,061487321,1,9,0,-1,19,5,1,-1,0,8,0,0,0,0,1,1,-1,2,1,52,8,1364,1,8,VAUXHALL MOKKA,1,E01005190,0,1
2024111529216,2024,111529216,2,9,0,-1,4,8,5,-1,0,0,0,0,0,0,1,1,-1,9,2,59,9,1199,1,1,VAUXHALL MOKKA,3,E01034504,0,3
2024010515247,2024,010515247,1,9,0,8,8,1,3,0,0,1,0,0,0,0,1,1,6,6,1,61,9,1364,1,5,VAUXHALL MOKKA,2,E01003066,0,1
2024211528093,2024,211528093,1,9,0,-1,19,3,7,-1,0,8,0,0,0,0,3,1,-1,9,2,39,7,1199,1,1,VAUXHALL MOKKA,-1,-1,0,-1
2024052401921,2024,052401921,2,9,0,3,3,1,5,0,0,1,0,0,0,0,1,1,6,6,1,69,10,-1,3,1,VAUXHALL MOKKA,8,E01007067,0,2
2024010541455,2024,010541455,1,9,9,99,99,9,9,99,99,9,9,99,9,99,9,9,6,6,1,31,6,1364,1,7,VAUXHALL MOKKA,4,E01001879,0,1
2024010515320,2024,010515320,1,9,0,99,99,9,9,99,99,1,9,99,9,99,1,9,6,6,2,30,6,1364,1,7,VAUXHALL MOKKA,9,E01022099,0,4
2024430481558,2024,430481558,2,9,0,4,4,6,2,0,0,0,0,0,0,0,2,1,6,6,1,36,7,1598,1,10,VAUXHALL MOKKA,4,E01022523,0,3
2024520500224,2024,520500224,2,9,0,18,19,2,6,0,0,8,0,0,0,0,4,1,6,6,2,48,8,1598,2,8,VAUXHALL MOKKA,5,E01029054,0,3
2024010551026,2024,010551026,2,9,0,2,2,0,0,0,0,0,0,0,0,0,3,1,6,6,3,-1,-1,1598,1,8,VAUXHALL MOKKA,-1,-1,0,-1
2024451471854,2024,451471854,3,9,0,-1,3,1,5,-1,0,0,0,0,0,0,2,1,-1,2,2,33,6,1598,1,8,VAUXHALL MOKKA,8,E01030622,0,1
2024440540886,2024,440540886,1,9,0,9,9,7,4,0,0,8,0,0,0,0,1,1,6,6,1,61,9,1199,1,1,VAUXHALL MOKKA,7,E01023131,0,1
2024122400856,2024,122400856,1,9,0,4,4,7,3,0,0,1,0,0,0,0,1,1,6,6,2,77,11,1686,2,9,VAUXHALL MOKKA,8,E01028018,0,5
2024531480652,2024,531480652,2,9,0,-1,19,5,1,-1,0,2,0,0,0,0,4,1,-1,6,2,68,10,1364,1,8,VAUXHALL MOKKA,8,W01000610,0,5
2024320188332,2024,320188332,1,9,0,9,9,4,6,0,0,6,0,0,0,0,1,1,-1,-1,2,86,11,1364,1,7,VAUXHALL MOKKA,7,E01026252,0,3
2024440440106,2024,440440106,1,9,0,18,19,1,5,0,0,0,0,0,0,0,1,1,6,6,2,67,10,1364,1,7,VAUXHALL MOKKA,9,E01032615,0,1
2024340NN4302,2024,340NN4302,2,9,0,-1,7,5,7,-1,0,4,0,0,0,0,4,1,-1,9,2,30,6,1199,1,3,VAUXHALL MOKKA,10,E01035408,0,3
2024052400292,2024,052400292,2,9,0,2,2,0,0,0,0,0,0,0,0,0,1,1,6,6,2,23,5,1364,1,8,VAUXHALL MOKKA,1,E01007239,0,1
2024201410578,2024,201410578,2,9,0,-1,19,4,2,-1,0,4,0,0,0,0,0,9,-1,6,2,31,6,-1,3,1,VAUXHALL MOKKA,3,E01009777,0,1
2024161512957,2024,161512957,2,9,0,-1,9,1,7,-1,0,8,0,0,0,0,3,9,-1,6,1,-1,-1,1364,1,6,VAUXHALL MOKKA,2,E01035463,0,1
2024320500564,2024,320500564,1,9,0,-1,-1,1,5,0,0,8,0,0,0,0,1,1,-1,-1,2,48,8,1364,1,5,VAUXHALL MOKKA,5,E01026276,0,1
2024552401405,2024,552401405,1,9,0,16,19,5,8,0,0,0,0,0,0,0,1,1,6,6,2,62,9,1364,1,7,VAUXHALL MOKKA,3,E01015359,0,1
2024041422339,2024,041422339,1,9,0,-1,19,5,1,-1,0,4,0,0,0,0,1,1,-1,9,1,59,9,1598,1,11,VAUXHALL MOKKA,4,E01025030,0,2
2024501492619,2024,501492619,2,9,0,-1,19,8,4,-1,0,2,0,0,0,0,2,1,-1,9,1,71,10,1598,1,10,VAUXHALL MOKKA,7,E01015112,0,2
2024471434520,2024,471434520,1,9,0,-1,19,8,4,-1,0,0,0,0,0,0,1,1,-1,9,2,30,6,1199,1,3,VAUXHALL MOKKA,9,E01030929,0,4
2024401432959,2024,401432959,2,9,0,-1,5,-1,-1,-1,0,0,0,0,0,0,4,9,-1,6,1,71,10,1364,1,7,VAUXHALL MOKKA,7,E01017578,0,1
2024041395692,2024,041395692,1,9,0,-1,9,4,2,-1,0,6,0,0,0,0,3,1,-1,9,2,29,6,1598,1,9,VAUXHALL MOKKA,2,E01025284,0,1
2024161466615,2024,161466615,2,9,0,-1,19,5,3,-1,0,0,1,0,0,0,3,1,-1,6,2,63,9,1199,1,2,VAUXHALL MOKKA,-1,-1,0,-1
2024010548922,2024,010548922,2,9,0,99,99,9,9,99,99,9,9,99,9,99,2,9,6,6,2,54,8,1364,1,6,VAUXHALL MOKKA,8,E01030704,0,1
2024141411071,2024,141411071,2,9,0,-1,9,1,7,-1,0,1,0,0,0,0,1,9,-1,6,3,36,7,1598,2,5,VAUXHALL MOKKA,-1,-1,0,-1
2024991435451,2024,991435451,2,9,0,-1,4,2,6,-1,0,0,0,0,0,0,2,1,-1,1,2,36,7,1199,1,3,VAUXHALL MOKKA,10,-1,0,1
2024340WN3682,2024,340WN3682,1,9,0,-1,9,4,2,-1,0,6,0,0,0,0,3,1,-1,1,2,52,8,1598,1,9,VAUXHALL MOKKA,3,E01017619,0,4
2024201421319,2024,201421319,1,9,0,-1,9,2,8,-1,0,6,0,0,0,0,1,9,-1,6,1,38,7,1686,2,10,VAUXHALL MOKKA,4,E01032534,0,1
2024161523760,2024,161523760,2,9,0,-1,19,6,2,-1,0,8,0,0,0,0,3,1,-1,9,1,81,11,1199,1,1,VAUXHALL MOKKA,1,E01007730,0,5
2024010516322,2024,010516322,1,9,0,7,7,5,8,0,0,5,0,0,0,0,1,1,6,6,2,66,10,-1,3,1,VAUXHALL MOKKA,2,E01001549,0,1
2024430355199,2024,430355199,2,9,0,4,4,4,7,0,0,1,0,0,0,1,2,1,6,6,2,54,8,1364,1,6,VAUXHALL MOKKA,10,E01028815,0,3
2024440121415,2024,440121415,2,9,0,18,19,3,7,0,0,8,0,0,0,0,1,1,6,6,2,60,9,-1,3,3,VAUXHALL MOKKA,10,E01022663,0,1
2024061490222,2024,061490222,2,9,0,-1,19,2,6,-1,0,1,0,0,0,0,1,1,-1,6,1,45,7,1598,1,11,VAUXHALL MOKKA,8,E01004835,0,1
2024101443986,2024,101443986,2,9,0,-1,4,3,1,-1,0,0,0,0,0,0,2,1,-1,2,2,42,7,1364,1,9,VAUXHALL MOKKA,4,E01008470,0,1
2024501443401,2024,501443401,1,9,0,-1,1,5,1,-1,0,0,0,0,0,0,2,1,-1,2,2,26,6,1598,2,9,VAUXHALL MOKKA,5,E01034643,0,4
2024401471154,2024,401471154,2,9,0,-1,4,7,3,-1,0,2,0,0,0,0,2,1,-1,6,2,58,9,1598,1,9,VAUXHALL MOKKA,2,E01015726,0,1
2024311406490,2024,311406490,2,9,0,-1,7,8,2,-1,0,1,0,0,0,0,1,1,-1,9,2,30,6,1364,1,6,VAUXHALL MOKKA,7,E01025743,0,2
2024543776924,2024,543776924,1,9,0,5,5,0,6,0,0,0,0,0,0,0,4,1,6,6,1,49,8,1598,2,9,VAUXHALL MOKKA,7,E01015552,0,1
2024421454313,2024,421454313,2,9,0,-1,19,7,3,-1,0,1,0,0,0,0,1,1,-1,6,2,53,8,1598,1,7,VAUXHALL MOKKA,6,E01021668,0,1
2024052401492,2024,052401492,1,9,0,9,9,7,5,0,0,1,0,0,0,0,1,1,6,6,1,80,11,1199,1,2,VAUXHALL MOKKA,2,E01007276,0,1
2024320119158,2024,320119158,2,9,0,9,9,3,1,0,0,6,0,0,0,0,2,1,-1,-1,2,43,7,1364,1,6,VAUXHALL MOKKA,5,E01013132,0,2
2024461448150,2024,461448150,2,9,0,-1,9,1,7,-1,0,0,0,0,0,0,3,1,-1,6,2,55,8,1686,2,9,VAUXHALL MOKKA,1,E01016031,0,1
2024421475235,2024,421475235,1,9,0,-1,19,3,7,-1,0,1,0,0,0,0,1,1,-1,9,2,66,10,1199,1,1,VAUXHALL MOKKA,8,E01021948,0,1
2024010536104,2024,010536104,1,9,0,18,19,7,3,0,0,0,0,11,0,0,4,1,6,6,1,63,9,1199,1,1,VAUXHALL MOKKA,3,E01001722,0,1
2024141466095,2024,141466095,2,9,0,-1,-1,7,3,-1,-1,1,0,0,8,0,4,1,-1,-1,2,65,9,1199,1,1,VAUXHALL MOKKA,8,E01011200,0,2
2024211507687,2024,211507687,1,9,0,-1,19,1,5,-1,0,0,0,0,1,0,1,1,-1,6,2,56,9,1598,2,5,VAUXHALL MOKKA,6,E01029461,0,3
2024161476180,2024,161476180,1,9,0,-1,19,3,7,-1,0,0,0,0,0,0,1,1,-1,9,2,45,7,1364,1,9,VAUXHALL MOKKA,2,E01008780,0,5
2024010508443,2024,010508443,1,9,0,99,99,9,9,99,99,9,9,99,9,99,1,9,6,6,3,24,5,-1,3,2,VAUXHALL MOKKA,3,E01001722,0,1
2024221515215,2024,221515215,2,9,0,-1,19,3,7,-1,0,6,0,0,0,0,1,9,-1,6,2,41,7,1364,1,5,VAUXHALL MOKKA,8,E01035034,0,2
2024221491913,2024,221491913,2,9,0,-1,19,4,8,-1,0,8,0,0,0,0,1,1,-1,6,1,26,6,1598,2,8,VAUXHALL MOKKA,9,E01028860,0,1
2024131484026,2024,131484026,1,9,0,-1,19,7,3,-1,0,4,2,9,1,4,1,1,-1,9,1,27,6,1364,1,10,VAUXHALL MOKKA,6,E01033308,0,5
2024440214402,2024,440214402,2,9,0,3,3,2,6,0,0,1,0,0,0,0,2,1,6,6,2,49,8,1364,1,9,VAUXHALL MOKKA,5,E01022956,0,1
2024010517647,2024,010517647,1,9,0,18,19,3,7,0,0,0,0,0,0,0,1,1,6,6,2,23,5,1199,1,0,VAUXHALL MOKKA,-1,-1,0,-1
2024501520231,2024,501520231,1,9,0,-1,7,2,4,-1,0,8,0,0,0,0,1,1,-1,2,2,36,7,1598,1,10,VAUXHALL MOKKA,10,E01020144,0,2
2024991435369,2024,991435369,1,9,0,-1,4,7,3,-1,9,1,0,0,3,10,1,1,-1,6,2,77,11,1598,1,11,VAUXHALL MOKKA,2,-1,0,1
2024070886215,2024,070886215,1,9,0,-1,19,3,7,-1,0,0,1,0,0,0,1,1,-1,6,2,72,10,1364,1,5,VAUXHALL MOKKA,8,E01018677,0,2
2024522500326,2024,522500326,2,9,0,9,9,2,8,0,0,6,0,0,0,0,1,1,6,6,2,39,7,1364,1,9,VAUXHALL MOKKA,5,E01033339,0,1
2024548032724,2024,548032724,1,9,0,9,9,7,5,0,0,8,0,0,0,0,1,1,6,6,1,58,9,1199,1,0,VAUXHALL MOKKA,-1,-1,0,-1
2024231509538,2024,231509538,1,9,0,-1,9,8,5,-1,0,5,0,0,0,0,1,9,-1,6,2,29,6,-1,3,0,VAUXHALL MOKKA,9,E01031227,0,1
2024311412142,2024,311412142,1,9,0,-1,19,7,3,-1,0,1,0,0,0,0,1,1,-1,6,2,58,9,1199,1,1,VAUXHALL MOKKA,2,E01013916,0,1
2024101403124,2024,101403124,2,9,0,-1,3,5,1,-1,0,4,0,0,0,0,2,1,-1,6,1,28,6,1199,1,1,VAUXHALL MOKKA,1,E01008858,0,1
2024401474786,2024,401474786,2,9,0,-1,4,7,3,-1,0,0,0,0,0,0,2,1,-1,6,2,40,7,1199,1,0,VAUXHALL MOKKA,2,E01017472,0,2
2024471517242,2024,471517242,2,9,0,-1,19,3,7,-1,0,1,0,0,0,0,1,1,-1,6,1,52,8,1364,1,9,VAUXHALL MOKKA,2,E01021049,0,1
2024231433478,2024,231433478,2,9,0,-1,3,-1,-1,-1,0,0,0,0,0,0,2,9,-1,6,2,31,6,-1,3,1,VAUXHALL MOKKA,1,E01009605,0,1
2024991411345,2024,991411345,4,9,0,-1,10,5,3,-1,0,5,0,0,0,0,2,1,-1,9,1,27,6,1598,2,9,VAUXHALL MOKKA,-1,-1,0,-1
2024010545582,2024,010545582,2,9,0,-1,-1,5,1,0,0,0,0,0,0,0,2,1,6,6,2,61,9,1199,1,0,VAUXHALL MOKKA,3,E01034146,0,1
2024010539661,2024,010539661,1,9,0,18,19,5,1,0,0,1,0,0,0,0,1,1,6,6,2,58,9,1199,1,3,VAUXHALL MOKKA,3,E01003922,0,3
2024548471024,2024,548471024,1,9,0,18,19,2,6,0,0,0,5,4,0,0,1,1,6,6,2,54,8,1686,2,11,VAUXHALL MOKKA,6,E01015496,0,1
2024440442833,2024,440442833,1,9,0,18,19,5,1,0,0,0,0,0,0,0,4,1,6,6,2,32,6,1686,2,10,VAUXHALL MOKKA,1,E01017245,0,1
2024161412601,2024,161412601,2,9,0,-1,2,0,0,-1,0,0,0,0,0,0,2,1,-1,6,-1,-1,-1,1364,1,7,VAUXHALL MOKKA,-1,-1,0,-1
2024421409839,2024,421409839,1,9,0,-1,19,8,4,-1,0,0,2,0,1,4,1,1,-1,9,1,55,8,1199,1,2,VAUXHALL MOKKA,7,E01021967,0,1
2024991531958,2024,991531958,1,9,0,-1,9,6,2,-1,0,5,1,0,0,0,1,1,-1,6,2,62,9,1364,1,6,VAUXHALL MOKKA,1,-1,0,1
2024141468946,2024,141468946,1,9,0,-1,5,4,8,-1,0,0,0,0,0,0,2,1,-1,9,1,48,8,-1,3,0,VAUXHALL MOKKA,4,E01007434,0,3
2024421489109,2024,421489109,1,9,0,-1,-1,-1,-1,-1,-1,0,-1,-1,-1,0,-1,9,-1,6,1,86,11,1364,1,5,VAUXHALL MOKKA,8,E01021532,0,1
2024161508082,2024,161508082,2,9,0,-1,4,5,1,-1,0,0,0,0,0,0,1,1,-1,6,3,-1,-1,1364,1,7,VAUXHALL MOKKA,-1,-1,0,-1
2024231490563,2024,231490563,1,9,0,-1,13,8,4,-1,0,0,0,0,0,0,4,9,-1,6,1,77,11,1199,1,1,VAUXHALL MOKKA,9,E01028797,0,4
2024440325719,2024,440325719,2,9,0,18,19,2,6,0,0,4,0,0,0,0,4,1,6,6,3,-1,-1,1199,1,2,VAUXHALL MOKKA,-1,-1,0,-1
2024991530808,2024,991530808,1,9,0,-1,19,2,3,-1,0,6,0,0,0,0,1,1,-1,6,1,79,11,1364,1,6,VAUXHALL MOKKA,2,-1,0,1
2024061459147,2024,061459147,1,9,0,-1,3,-1,-1,-1,0,1,0,4,0,0,2,1,-1,9,1,73,10,1598,2,8,VAUXHALL MOKKA,9,E01005545,0,1
2024010539765,2024,010539765,2,9,3,18,19,1,5,0,0,8,0,0,0,0,1,1,6,6,2,48,8,1364,1,9,VAUXHALL MOKKA,3,E01000099,0,1
2024552401162,2024,552401162,1,9,0,5,5,2,6,0,0,6,0,0,0,0,4,1,3,7,2,48,8,1686,2,10,VAUXHALL MOKKA,10,E01020383,0,1
2024440471155,2024,440471155,2,9,0,18,19,7,3,0,0,8,0,0,0,0,4,1,2,2,2,52,8,1364,1,6,VAUXHALL MOKKA,5,E01017084,0,1
2024991484044,2024,991484044,1,9,0,-1,19,3,7,-1,0,0,0,4,0,0,1,1,-1,2,1,41,7,1199,1,1,VAUXHALL MOKKA,2,-1,0,2
2024461509010,2024,461509010,1,9,0,-1,19,6,2,-1,0,2,2,0,1,0,1,1,-1,6,1,41,7,1364,1,8,VAUXHALL MOKKA,3,E01024608,0,1
2024610049024,2024,610049024,1,9,0,18,19,3,7,0,0,0,5,4,0,0,1,1,6,6,2,73,10,1199,1,1,VAUXHALL MOKKA,2,W01001525,0,1
2024401531183,2024,401531183,1,9,0,-1,3,7,3,-1,0,1,5,4,0,0,1,1,-1,6,2,77,11,1199,1,0,VAUXHALL MOKKA,3,E01017515,0,1
2024302401726,2024,302401726,1,9,0,-1,9,9,9,-1,0,9,0,0,0,0,1,1,-1,6,1,-1,-1,1686,2,10,VAUXHALL MOKKA,1,E01007916,0,1
2024201434429,2024,201434429,2,9,0,-1,19,1,5,-1,0,0,0,0,0,0,3,9,-1,9,1,37,7,-1,3,1,VAUXHALL MOKKA,1,E01008940,0,1
2024010536416,2024,010536416,2,9,0,99,99,9,9,99,99,9,9,99,9,99,1,9,6,6,2,50,8,1364,1,9,VAUXHALL MOKKA,5,E01003878,0,1
2024311442557,2024,311442557,1,9,0,-1,3,2,6,-1,0,1,0,0,0,0,2,1,-1,9,1,27,6,1598,1,11,VAUXHALL MOKKA,5,E01028162,0,1
2024371432592,2024,371432592,1,9,0,-1,19,1,7,-1,0,2,0,0,0,0,0,1,-1,6,2,71,10,1364,1,7,VAUXHALL MOKKA,10,E01030166,0,1
2024211412532,2024,211412532,1,9,0,-1,9,8,7,-1,0,1,0,0,0,0,1,1,-1,6,1,41,7,1364,1,7,VAUXHALL MOKKA,3,E01029409,0,4
2024531493453,2024,531493453,1,9,0,-1,19,5,1,-1,0,4,0,0,0,0,1,1,-1,6,1,60,9,1686,2,10,VAUXHALL MOKKA,4,E01022358,0,1
2024101500428,2024,101500428,2,9,0,-1,4,8,4,-1,0,8,0,0,0,0,1,1,-1,6,2,62,9,1598,1,10,VAUXHALL MOKKA,2,E01027551,0,1
2024440077606,2024,440077606,1,9,0,4,4,5,1,0,0,0,0,0,0,0,2,1,2,2,2,43,7,1364,1,6,VAUXHALL MOKKA,8,E01022650,0,2
2024131522894,2024,131522894,2,9,0,-1,2,3,7,-1,0,0,0,0,0,0,2,1,-1,6,-1,-1,-1,1598,1,8,VAUXHALL MOKKA,-1,-1,0,-1
2024070963469,2024,070963469,3,9,0,-1,19,3,7,-1,0,1,1,0,0,0,1,1,-1,9,1,62,9,1364,1,11,VAUXHALL MOKKA,6,W01000584,0,5
2024320198273,2024,320198273,2,9,0,-1,-1,4,8,9,9,1,0,0,0,0,4,1,-1,-1,1,60,9,1598,1,9,VAUXHALL MOKKA,2,E01026030,0,1
2024131450089,2024,131450089,2,9,0,-1,19,2,2,-1,0,0,0,0,0,0,3,1,-1,9,1,78,11,1199,1,2,VAUXHALL MOKKA,3,E01010987,0,1
2024052400132,2024,052400132,2,9,0,18,19,3,7,0,0,1,0,0,0,0,1,1,2,2,2,28,6,1364,1,6,VAUXHALL MOKKA,3,E01007177,0,1
2024430156704,2024,430156704,1,9,0,18,19,8,4,0,0,0,0,0,0,0,4,1,6,6,2,49,8,1364,1,6,VAUXHALL MOKKA,4,E01016435,0,4
2024161425133,2024,161425133,2,9,0,-1,19,5,1,-1,0,0,0,0,0,0,1,1,-1,6,2,45,7,1598,1,7,VAUXHALL MOKKA,1,E01012905,0,1
2024221469150,2024,221469150,2,9,0,-1,19,6,2,-1,0,0,0,4,0,0,1,1,-1,6,1,80,11,1364,1,9,VAUXHALL MOKKA,5,E01032244,0,1
2024401456801,2024,401456801,1,9,0,-1,1,7,8,-1,0,0,0,0,0,0,2,1,-1,6,3,-1,-1,-1,3,1,VAUXHALL MOKKA,-1,-1,0,-1
2024131428847,2024,131428847,2,9,0,-1,19,4,8,-1,0,1,0,0,0,0,2,1,-1,6,1,39,7,1598,1,7,VAUXHALL MOKKA,7,E01011755,0,3
2024340NN1192,2024,340NN1192,2,9,0,-1,19,6,2,-1,0,1,0,0,0,0,1,1,-1,2,2,44,7,1686,2,10,VAUXHALL MOKKA,9,E01027122,0,2
2024361405969,2024,361405969,1,9,0,-1,19,5,1,-1,0,0,0,0,0,0,4,1,-1,6,2,82,11,1364,1,9,VAUXHALL MOKKA,6,E01026781,0,1
2024041436973,2024,041436973,1,9,0,-1,19,4,2,-1,1,1,0,11,0,0,1,1,-1,6,2,43,7,1364,1,7,VAUXHALL MOKKA,1,E01033672,0,4
2024101476735,2024,101476735,1,9,0,-1,19,1,3,-1,0,1,0,0,0,0,1,1,-1,6,2,27,6,1364,1,7,VAUXHALL MOKKA,9,E01008442,0,1
2024101429879,2024,101429879,1,9,0,-1,5,1,5,-1,0,0,0,0,0,0,2,9,-1,6,2,28,6,1598,1,11,VAUXHALL MOKKA,10,E01008371,0,2
2024010508575,2024,010508575,2,9,0,18,19,3,7,0,0,1,0,0,0,0,3,1,6,6,2,33,6,1364,1,11,VAUXHALL MOKKA,2,E01000033,0,2
2024501492146,2024,501492146,1,9,0,-1,19,6,2,-1,0,0,0,0,1,1,1,1,-1,9,1,63,9,1199,1,1,VAUXHALL MOKKA,4,E01019059,0,4
2024371478668,2024,371478668,2,9,0,-1,19,1,5,-1,0,1,0,0,0,0,2,1,-1,9,2,58,9,1364,1,9,VAUXHALL MOKKA,6,E01030100,0,2
2024991431269,2024,991431269,2,9,0,-1,19,7,3,-1,0,0,1,0,1,0,1,1,-1,1,1,54,8,1686,2,11,VAUXHALL MOKKA,8,-1,0,3
2024041470317,2024,041470317,1,9,0,-1,19,7,3,-1,0,0,0,0,0,0,3,1,-1,6,2,51,8,1598,1,8,VAUXHALL MOKKA,3,E01012651,0,1
2024991524580,2024,991524580,3,9,0,-1,3,3,7,-1,0,0,0,0,0,0,2,1,-1,2,2,41,7,-1,3,0,VAUXHALL MOKKA,6,-1,0,1
2024461528842,2024,461528842,1,9,0,-1,19,3,7,-1,0,0,0,0,0,0,1,1,-1,9,2,55,8,1364,1,6,VAUXHALL MOKKA,4,E01024134,0,1
2024421520732,2024,421520732,1,9,0,-1,5,3,7,-1,0,3,0,0,0,0,2,1,-1,6,1,38,7,-1,3,0,VAUXHALL MOKKA,2,E01002282,0,3
2024211461933,2024,211461933,3,9,0,-1,19,3,8,-1,0,1,0,0,0,0,1,1,-1,6,1,76,11,1598,2,9,VAUXHALL MOKKA,8,E01009898,0,3
2024141518766,2024,141518766,2,9,0,-1,19,1,5,-1,0,0,0,0,0,0,2,1,-1,2,2,50,8,1598,2,9,VAUXHALL MOKKA,8,E01011873,0,4
2024122500350,2024,122500350,2,9,0,18,19,1,3,0,0,8,0,0,0,0,1,1,6,6,2,87,11,1364,1,5,VAUXHALL MOKKA,10,E01027598,0,4