collision_index,collision_year,collision_ref_no,vehicle_reference,vehicle_type,towing_and_articulation,vehicle_manoeuvre_historic,vehicle_manoeuvre,vehicle_direction_from,vehicle_direction_to,vehicle_location_restricted_lane_historic,vehicle_location_restricted_lane,junction_location,skidding_and_overturning,hit_object_in_carriageway,vehicle_leaving_carriageway,hit_object_off_carriageway,first_point_of_impact,vehicle_left_hand_drive,journey_purpose_of_driver_historic,journey_purpose_of_driver,sex_of_driver,age_of_driver,age_band_of_driver,engine_capacity_cc,propulsion_code,age_of_vehicle,generic_make_model,driver_imd_decile,lsoa_of_driver,escooter_flag,driver_distance_banding
2024302400260,2024,302400260,1,9,0,18,19,1,5,0,0,1,1,0,1,11,1,1,6,6,2,41,7,1364,1,6,VAUXHALL MOKKA,4,E01019538,0,2
2024131499750,2024,131499750,3,9,0,-1,2,0,0,-1,0,0,0,0,0,0,3,1,-1,6,-1,-1,-1,1686,2,11,VAUXHALL MOKKA,-1,-1,0,-1
2024311412999,2024,311412999,1,9,0,-1,19,8,4,-1,0,0,0,0,0,0,1,1,-1,6,2,80,11,-1,3,1,VAUXHALL MOKKA,10,E01028137,0,1
2024131415527,2024,131415527,2,9,0,-1,5,3,6,-1,0,0,0,0,0,0,1,1,-1,6,3,-1,-1,1598,2,8,VAUXHALL MOKKA,-1,-1,0,-1
2024010528737,2024,010528737,2,9,9,99,99,9,9,99,99,9,9,99,9,99,9,9,6,6,3,-1,-1,1364,1,6,VAUXHALL MOKKA,-1,-1,0,-1
2024311431273,2024,311431273,1,9,0,-1,1,6,6,-1,0,0,0,4,0,0,4,1,-1,9,1,39,7,1364,1,9,VAUXHALL MOKKA,1,E01013940,0,2
2024201506931,2024,201506931,2,9,0,-1,3,8,4,-1,0,1,0,0,0,0,2,1,-1,6,3,-1,-1,1364,1,8,VAUXHALL MOKKA,-1,-1,0,-1
2024361466513,2024,361466513,1,9,0,-1,19,5,7,-1,0,3,5,0,3,0,1,1,-1,6,1,54,8,-1,3,1,VAUXHALL MOKKA,5,E01026466,0,4
2024461437236,2024,461437236,1,9,0,-1,19,7,3,-1,0,0,0,0,0,0,1,1,-1,6,2,65,9,1199,1,1,VAUXHALL MOKKA,7,E01024224,0,1
2024061434541,2024,061434541,2,9,0,-1,99,-1,-1,-1,0,4,0,0,0,0,1,1,-1,6,2,-1,-1,1199,1,2,VAUXHALL MOKKA,9,E01005645,0,2
2024461476718,2024,461476718,2,9,0,-1,19,5,1,-1,0,0,1,0,1,0,3,1,-1,9,2,68,10,1364,1,7,VAUXHALL MOKKA,7,E01024037,0,1
2024401476557,2024,401476557,1,9,0,-1,19,3,7,-1,0,2,0,0,0,0,1,1,-1,9,2,33,6,1364,1,5,VAUXHALL MOKKA,6,E01015780,0,1
2024311452142,2024,311452142,1,9,0,-1,3,1,5,-1,0,1,0,0,0,0,1,1,-1,6,2,40,7,1199,1,1,VAUXHALL MOKKA,-1,-1,0,-1
2024351481861,2024,351481861,1,9,0,-1,19,2,7,-1,0,1,0,0,0,0,1,1,-1,2,2,57,9,1598,2,8,VAUXHALL MOKKA,7,E01018182,0,1
2024201497478,2024,201497478,2,9,0,-1,19,1,5,-1,0,1,2,10,1,1,1,1,-1,6,3,-1,-1,1199,1,0,VAUXHALL MOKKA,-1,-1,0,-1
2024411540872,2024,411540872,1,9,0,-1,7,5,7,-1,0,8,0,0,0,0,4,1,-1,6,2,35,6,1364,1,6,VAUXHALL MOKKA,5,E01021866,0,3
2024061443331,2024,061443331,1,9,0,-1,2,-1,-1,-1,9,0,0,0,0,0,3,1,-1,9,2,67,10,1686,2,11,VAUXHALL MOKKA,3,E01004777,0,1
2024440062870,2024,440062870,1,9,0,18,19,5,1,0,0,1,0,0,0,0,1,1,6,6,1,79,11,1199,1,2,VAUXHALL MOKKA,5,E01022543,0,1
2024531473751,2024,531473751,1,9,0,-1,5,1,3,-1,0,4,0,0,0,0,1,1,-1,6,2,61,9,1199,1,0,VAUXHALL MOKKA,10,E01034780,0,1
2024340NN2692,2024,340NN2692,2,9,0,-1,2,0,0,-1,0,0,0,0,0,0,2,1,-1,9,2,57,9,1598,1,8,VAUXHALL MOKKA,7,E01027321,0,1
2024161459976,2024,161459976,1,9,0,-1,19,6,2,-1,0,0,0,0,0,0,1,9,-1,6,1,41,7,1364,1,9,VAUXHALL MOKKA,8,E01013040,0,2
2024440310723,2024,440310723,1,9,0,18,19,5,1,0,0,8,0,0,0,0,1,1,2,2,2,39,7,1364,1,9,VAUXHALL MOKKA,10,E01023272,0,2
2024201531719,2024,201531719,1,9,0,-1,19,1,5,-1,0,6,0,0,0,0,1,1,-1,6,2,41,7,1199,1,1,VAUXHALL MOKKA,5,E01009135,0,1
2024421518906,2024,421518906,1,9,0,-1,3,7,3,-1,0,0,0,0,0,0,2,1,-1,6,2,31,6,1364,1,5,VAUXHALL MOKKA,3,E01002303,0,3
2024461470518,2024,461470518,1,9,0,-1,19,1,1,-1,9,0,0,0,3,0,1,1,-1,6,1,61,9,1364,1,7,VAUXHALL MOKKA,2,E01023974,0,1
2024311414491,2024,311414491,1,9,0,-1,19,4,8,-1,0,2,0,0,0,0,1,1,-1,6,1,30,6,1364,1,9,VAUXHALL MOKKA,-1,-1,0,-1
202460Q145684,2024,60Q145684,1,9,0,5,5,1,5,0,0,0,1,0,1,11,3,1,6,6,2,28,6,1686,2,10,VAUXHALL MOKKA,-1,-1,0,-1
2024440451918,2024,440451918,2,9,0,18,19,6,2,0,0,1,0,0,0,0,4,1,6,6,1,81,11,1364,1,7,VAUXHALL MOKKA,6,E01015353,0,4
2024052401652,2024,052401652,1,9,0,1,1,1,5,0,0,0,0,0,0,0,2,1,6,6,1,35,6,-1,3,2,VAUXHALL MOKKA,1,E01006699,0,1
2024041482383,2024,041482383,2,9,0,-1,4,7,3,-1,0,1,0,0,0,0,2,1,-1,9,2,49,8,1598,2,8,VAUXHALL MOKKA,8,E01025178,0,3
2024461431240,2024,461431240,1,9,0,-1,9,1,6,-1,0,0,0,0,0,0,1,1,-1,9,2,31,6,1199,1,0,VAUXHALL MOKKA,8,E01024012,0,3
2024631522522,2024,631522522,2,9,0,-1,19,2,6,-1,0,0,1,0,1,10,3,1,-1,6,2,33,6,1598,2,8,VAUXHALL MOKKA,5,E01033530,0,2
2024141536311,2024,141536311,1,9,0,-1,19,6,2,-1,0,0,0,0,0,0,1,1,-1,2,1,59,9,1364,1,10,VAUXHALL MOKKA,3,E01007368,0,1
2024501436450,2024,501436450,1,9,0,-1,19,1,4,-1,0,0,0,0,0,0,1,1,-1,6,2,66,10,1686,2,11,VAUXHALL MOKKA,1,E01015058,0,1
2024622400810,2024,622400810,1,9,0,5,5,8,4,0,0,8,0,0,0,0,1,1,6,6,2,64,9,1598,2,7,VAUXHALL MOKKA,1,W01001221,0,4
2024010507408,2024,010507408,1,9,0,3,3,1,5,0,0,1,0,4,0,0,1,1,6,6,1,28,6,1598,2,9,VAUXHALL MOKKA,3,E01002540,0,1
2024010536644,2024,010536644,2,9,0,99,99,9,9,99,99,9,9,99,9,99,1,9,6,6,3,-1,-1,1364,1,9,VAUXHALL MOKKA,-1,-1,0,-1
2024041405994,2024,041405994,2,9,0,-1,4,7,3,-1,0,1,0,0,0,0,2,1,-1,9,2,55,8,1364,1,7,VAUXHALL MOKKA,8,E01025344,0,4
2024010527520,2024,010527520,1,9,0,9,9,2,8,0,0,8,0,0,0,0,1,1,6,6,2,35,6,1364,1,9,VAUXHALL MOKKA,6,E01004049,0,2
202417M116124,2024,17M116124,1,9,0,-1,19,4,8,-1,0,0,0,0,0,0,2,1,-1,9,2,61,9,1364,1,7,VAUXHALL MOKKA,8,E01012067,0,1
2024010502795,2024,010502795,1,9,0,16,19,7,1,0,0,1,0,0,0,0,1,1,6,6,1,49,8,1598,1,11,VAUXHALL MOKKA,3,E01016129,0,4
2024010523042,2024,010523042,2,9,0,3,3,5,1,0,0,5,1,0,1,0,0,1,6,6,1,32,6,-1,3,0,VAUXHALL MOKKA,-1,-1,0,-1
2024221523319,2024,221523319,2,9,0,-1,6,6,6,-1,0,8,0,0,0,0,2,1,-1,9,2,53,8,1598,2,8,VAUXHALL MOKKA,6,E01032480,0,1
2024131431379,2024,131431379,1,9,0,-1,19,6,2,-1,0,0,0,0,0,0,3,1,-1,9,2,55,8,1199,1,1,VAUXHALL MOKKA,3,E01011267,0,1
2024161526762,2024,161526762,2,9,0,-1,19,1,5,-1,0,8,0,0,0,0,1,1,-1,9,2,35,6,1199,1,1,VAUXHALL MOKKA,1,E01012858,0,1
2024221422295,2024,221422295,3,9,0,-1,19,5,1,-1,0,2,0,0,0,0,1,1,-1,6,1,82,11,1364,1,10,VAUXHALL MOKKA,7,E01029669,0,2
2024991400020,2024,991400020,1,9,0,-1,19,1,5,-1,0,8,0,0,0,0,4,1,-1,9,1,76,11,1199,1,2,VAUXHALL MOKKA,5,-1,0,1
2024041468787,2024,041468787,2,9,0,-1,19,5,1,-1,0,0,0,0,0,0,1,1,-1,9,1,66,10,1364,1,5,VAUXHALL MOKKA,3,E01004875,0,4
2024201533636,2024,201533636,1,9,0,-1,19,8,4,-1,0,8,0,0,0,0,1,1,-1,6,3,-1,-1,1598,1,7,VAUXHALL MOKKA,-1,-1,0,-1
2024010541238,2024,010541238,1,9,0,99,99,9,9,99,99,9,9,99,9,99,9,9,6,6,1,75,10,1364,1,6,VAUXHALL MOKKA,5,E01000982,0,1
2024302401644,2024,302401644,2,9,0,2,2,0,0,0,0,0,0,0,0,0,2,1,6,6,3,-1,-1,1199,1,2,VAUXHALL MOKKA,-1,-1,0,-1
2024131419767,2024,131419767,1,9,0,-1,5,4,8,-1,0,0,0,0,0,0,1,1,-1,1,1,51,8,1598,2,9,VAUXHALL MOKKA,2,E01026175,0,5
2024211520079,2024,211520079,2,9,0,-1,19,5,1,-1,0,8,0,0,1,0,4,1,-1,6,2,58,9,1364,1,6,VAUXHALL MOKKA,2,E01014294,0,1
2024991437134,2024,991437134,2,9,0,-1,13,6,2,-1,0,0,0,0,0,0,1,1,-1,9,2,47,8,1364,1,7,VAUXHALL MOKKA,7,-1,0,1
2024440058133,2024,440058133,2,9,0,5,5,5,1,0,0,6,0,0,0,0,1,1,6,6,2,-1,-1,1598,1,9,VAUXHALL MOKKA,-1,-1,0,-1
2024041489864,2024,041489864,1,9,0,-1,7,1,8,-1,0,1,0,0,0,0,1,1,-1,2,1,37,7,1364,1,8,VAUXHALL MOKKA,7,E01005676,0,4
2024141454528,2024,141454528,1,9,0,-1,4,2,6,-1,0,6,0,0,7,0,1,1,-1,9,2,77,11,1199,1,0,VAUXHALL MOKKA,3,E01007777,0,1
2024041435833,2024,041435833,2,9,0,-1,19,1,5,-1,0,0,0,0,0,0,1,1,-1,6,1,74,10,1364,1,7,VAUXHALL MOKKA,4,E01025422,0,2
2024401539781,2024,401539781,2,9,0,-1,9,8,2,-1,0,8,0,0,0,0,1,1,-1,6,2,40,7,1199,1,3,VAUXHALL MOKKA,6,E01027057,0,4
2024161461912,2024,161461912,1,9,0,-1,3,5,1,-1,0,0,0,0,0,0,2,1,-1,9,1,68,10,1364,1,10,VAUXHALL MOKKA,1,E01035468,0,1
2024522402154,2024,522402154,1,9,0,17,19,6,3,0,0,8,0,0,0,0,3,1,6,6,1,33,6,1364,1,5,VAUXHALL MOKKA,8,E01014394,0,3
2024041467447,2024,041467447,1,9,0,-1,19,6,2,-1,0,0,5,0,7,9,1,1,-1,6,1,44,7,1199,1,2,VAUXHALL MOKKA,6,E01025562,0,2
2024161413489,2024,161413489,1,9,0,-1,2,0,0,-1,0,0,0,0,0,0,4,1,-1,6,-1,-1,-1,1598,2,8,VAUXHALL MOKKA,-1,-1,0,-1
2024440459431,2024,440459431,2,9,0,4,4,7,3,0,0,0,0,0,0,0,2,1,2,2,2,50,8,1364,1,8,VAUXHALL MOKKA,9,E01022788,0,4
2024430136472,2024,430136472,1,9,0,18,19,7,3,9,9,8,0,0,0,0,1,-1,6,6,1,65,9,1364,1,9,VAUXHALL MOKKA,-1,-1,0,-1
2024061425190,2024,061425190,2,9,0,-1,19,1,5,-1,0,0,0,0,0,0,1,1,-1,6,1,55,8,1199,1,0,VAUXHALL MOKKA,2,E01004929,0,1
2024231509490,2024,231509490,1,9,0,-1,4,1,4,-1,0,1,0,0,0,0,4,9,-1,6,2,37,7,1199,1,3,VAUXHALL MOKKA,9,E01031154,0,1
2024991438007,2024,991438007,1,9,0,-1,19,2,7,-1,0,4,0,0,3,4,1,1,-1,2,1,52,8,1364,1,9,VAUXHALL MOKKA,4,-1,0,1
2024052402493,2024,052402493,1,9,0,18,19,7,3,0,0,1,0,0,0,0,4,1,2,2,2,67,10,1364,1,6,VAUXHALL MOKKA,2,E01006785,0,1
2024520403005,2024,520403005,2,9,0,18,19,5,1,0,0,0,0,0,0,0,1,1,6,6,1,70,10,1364,1,7,VAUXHALL MOKKA,8,E01029145,0,1
2024211438369,2024,211438369,3,9,0,-1,3,4,8,-1,0,0,1,0,1,0,1,1,-1,6,2,73,10,1364,1,5,VAUXHALL MOKKA,-1,-1,0,-1
2024101477326,2024,101477326,2,9,0,-1,3,5,5,-1,0,3,0,0,0,0,2,1,-1,6,2,56,9,1598,1,10,VAUXHALL MOKKA,-1,-1,0,-1
2024010521735,2024,010521735,1,9,0,18,19,3,7,0,0,1,0,0,0,0,1,1,6,6,2,46,8,1598,1,10,VAUXHALL MOKKA,-1,-1,0,-1
2024141499360,2024,141499360,1,9,0,-1,19,7,3,-1,0,1,0,0,0,0,1,9,-1,6,2,39,7,-1,3,3,VAUXHALL MOKKA,5,E01007996,0,1
2024340NN0482,2024,340NN0482,1,9,0,-1,20,5,1,-1,0,0,0,0,0,0,1,1,-1,9,2,82,11,1199,1,2,VAUXHALL MOKKA,8,E01027308,0,3
2024531491723,2024,531491723,3,9,0,-1,3,4,8,-1,0,6,0,0,0,0,3,1,-1,9,1,61,9,1199,1,2,VAUXHALL MOKKA,-1,-1,0,-1
2024311443006,2024,311443006,2,9,0,-1,19,3,7,-1,0,1,0,4,0,0,1,1,-1,6,1,48,8,1598,1,10,VAUXHALL MOKKA,1,E01013820,0,2
2024061475935,2024,061475935,2,9,-1,-1,-1,-1,-1,-1,-1,0,-1,-1,-1,0,-1,9,-1,6,2,53,8,1199,1,1,VAUXHALL MOKKA,2,E01005671,0,1
2024622400184,2024,622400184,1,9,0,1,1,2,6,0,0,0,0,0,0,0,2,1,6,6,1,55,8,1364,1,6,VAUXHALL MOKKA,8,W01000472,0,4
2024610057624,2024,610057624,1,9,0,18,19,5,1,0,0,0,0,0,0,0,3,1,6,6,1,65,9,1598,2,7,VAUXHALL MOKKA,2,W01001325,0,1
2024471486035,2024,471486035,2,9,0,-1,19,4,8,-1,0,0,0,0,0,0,1,1,-1,9,1,57,9,1364,1,7,VAUXHALL MOKKA,4,E01015926,0,4
2024311521514,2024,311521514,1,9,0,-1,19,1,5,-1,0,1,0,0,0,0,2,1,-1,6,2,53,8,1364,1,7,VAUXHALL MOKKA,-1,-1,0,-1
2024501456563,2024,501456563,2,9,0,-1,4,1,5,-1,0,0,1,0,0,0,1,1,-1,6,1,60,9,1364,1,10,VAUXHALL MOKKA,6,E01020099,0,4
2024071020806,2024,071020806,1,9,9,-1,3,9,9,-1,0,4,1,0,0,0,4,1,-1,6,1,-1,-1,1199,1,3,VAUXHALL MOKKA,-1,-1,0,-1
2024131500682,2024,131500682,2,9,0,-1,8,1,3,-1,0,1,0,0,0,0,1,1,-1,9,2,26,6,1199,1,2,VAUXHALL MOKKA,8,E01011744,0,1
2024010533249,2024,010533249,2,9,0,99,99,9,9,99,99,9,9,99,9,99,1,9,6,6,3,-1,-1,1199,1,1,VAUXHALL MOKKA,-1,-1,0,-1
2024302400840,2024,302400840,2,9,0,18,19,7,3,0,0,8,1,0,0,0,1,1,6,6,2,31,6,1598,1,9,VAUXHALL MOKKA,6,E01013476,0,1
2024141521279,2024,141521279,2,9,0,-1,19,5,5,-1,0,0,0,0,0,0,1,1,-1,6,1,78,11,-1,3,1,VAUXHALL MOKKA,3,E01007451,0,3
2024340WN6752,2024,340WN6752,1,9,0,-1,1,2,6,-1,0,0,0,0,0,0,4,1,-1,9,1,79,11,1199,1,1,VAUXHALL MOKKA,1,E01027199,0,1
2024010542113,2024,010542113,2,9,0,18,19,1,5,0,0,1,0,0,0,0,2,1,3,7,2,44,7,1364,1,6,VAUXHALL MOKKA,8,E01030697,0,3
2024101416450,2024,101416450,1,9,0,-1,19,3,7,-1,0,4,1,0,3,0,1,1,-1,2,1,55,8,1199,1,1,VAUXHALL MOKKA,-1,-1,0,-1
2024201489757,2024,201489757,2,9,0,-1,19,4,8,-1,0,8,0,0,0,0,3,1,-1,9,2,28,6,1199,1,2,VAUXHALL MOKKA,-1,-1,0,-1
2024052400564,2024,052400564,2,9,0,5,5,6,2,0,0,1,0,0,0,0,2,1,6,6,2,50,8,1598,1,9,VAUXHALL MOKKA,1,E01006436,0,1
2024471520013,2024,471520013,2,9,0,-1,4,3,7,-1,0,0,0,0,0,0,2,1,-1,2,2,28,6,1364,1,7,VAUXHALL MOKKA,6,E01020950,0,3
2024461494474,2024,461494474,1,9,0,-1,4,7,3,-1,0,1,0,0,0,0,1,1,-1,9,2,43,7,1364,1,8,VAUXHALL MOKKA,1,E01024580,0,1
2024010526114,2024,010526114,1,9,0,7,7,7,1,0,0,6,0,0,1,0,3,1,6,6,1,37,7,1199,1,1,VAUXHALL MOKKA,-1,-1,0,-1
2024010518670,2024,010518670,1,9,0,9,9,1,7,0,0,5,0,0,0,0,1,1,6,6,1,76,11,1364,1,5,VAUXHALL MOKKA,7,E01000288,0,1
2024461423153,2024,461423153,1,9,0,-1,19,1,5,-1,0,0,0,0,0,0,1,1,-1,9,2,59,9,1598,2,9,VAUXHALL MOKKA,6,E01024491,0,3
2024351516221,2024,351516221,2,9,0,-1,4,5,2,-1,0,0,0,0,0,0,2,1,-1,9,2,25,5,1199,1,1,VAUXHALL MOKKA,7,E01015590,0,3
2024010537378,2024,010537378,1,9,0,99,99,9,9,99,99,9,9,99,9,99,2,9,6,6,2,38,7,1199,1,1,VAUXHALL MOKKA,3,E01003108,0,1
2024531477943,2024,531477943,1,9,0,-1,19,2,6,-1,0,8,0,0,0,0,4,1,-1,9,1,90,11,1598,1,9,VAUXHALL MOKKA,7,E01032319,0,4
2024061506042,2024,061506042,1,9,0,-1,4,-1,-1,-1,0,1,1,0,0,0,2,1,-1,9,2,47,8,1199,1,0,VAUXHALL MOKKA,2,E01005368,0,1
2024221510227,2024,221510227,3,9,0,-1,2,0,0,-1,0,8,0,0,0,0,3,9,-1,6,2,36,7,1199,1,0,VAUXHALL MOKKA,5,E01014079,0,1
2024041474535,2024,041474535,2,9,0,-1,4,3,7,-1,0,0,0,0,0,0,2,1,-1,2,2,26,6,1364,1,9,VAUXHALL MOKKA,6,E01025027,0,4
2024010503541,2024,010503541,2,9,0,6,6,3,3,0,0,2,0,0,0,0,1,1,6,6,1,30,6,1199,1,1,VAUXHALL MOKKA,-1,-1,0,-1
2024421471845,2024,421471845,2,9,0,-1,19,1,7,-1,0,8,0,0,0,0,4,1,-1,9,1,55,8,1598,2,8,VAUXHALL MOKKA,5,E01033414,0,5
2024440421709,2024,440421709,2,9,0,18,19,1,5,0,0,1,0,0,7,0,1,1,6,6,2,76,11,-1,3,1,VAUXHALL MOKKA,8,E01022468,0,1
2024201518758,2024,201518758,2,9,0,-1,19,3,7,-1,0,1,0,0,0,0,4,1,-1,6,1,34,6,1199,1,2,VAUXHALL MOKKA,1,E01033650,0,1
2024461511223,2024,461511223,1,9,0,-1,3,7,3,-1,0,0,0,0,0,0,1,1,-1,6,2,25,5,1364,1,11,VAUXHALL MOKKA,5,E01024421,0,1
2024211526512,2024,211526512,1,9,0,-1,5,3,7,-1,0,1,0,0,0,0,1,1,-1,7,1,79,11,1199,1,1,VAUXHALL MOKKA,10,E01009859,0,2
2024451531824,2024,451531824,2,9,0,-1,4,6,1,-1,0,0,0,0,0,0,1,1,-1,9,2,44,7,1598,1,10,VAUXHALL MOKKA,10,E01030374,0,1
2024010506747,2024,010506747,2,9,0,18,19,3,7,0,0,1,0,0,0,0,1,1,6,6,3,-1,-1,1199,1,1,VAUXHALL MOKKA,-1,-1,0,-1
2024201440916,2024,201440916,1,9,0,-1,19,6,2,-1,0,0,0,0,0,0,4,1,-1,9,1,20,4,1598,1,10,VAUXHALL MOKKA,4,E01010015,0,2
2024061504680,2024,061504680,1,9,0,-1,19,7,3,-1,0,0,0,0,0,0,2,1,-1,9,1,28,6,1686,2,10,VAUXHALL MOKKA,1,E01005167,0,1
2024421482355,2024,421482355,2,9,0,-1,9,1,6,-1,0,1,0,0,0,0,2,1,-1,2,2,44,7,1364,1,5,VAUXHALL MOKKA,5,E01021426,0,1
2024070995153,2024,070995153,1,9,9,-1,99,8,8,-1,99,9,9,99,9,99,9,1,-1,2,1,59,9,1364,1,7,VAUXHALL MOKKA,2,E01018714,0,2
2024371475056,2024,371475056,2,9,0,-1,19,4,7,-1,0,8,0,0,0,0,1,1,-1,1,2,39,7,1364,1,8,VAUXHALL MOKKA,9,E01033116,0,4
2024302401272,2024,302401272,1,9,0,1,1,2,6,0,0,6,0,0,0,0,4,1,1,1,2,35,6,1364,1,9,VAUXHALL MOKKA,7,E01019859,0,1
2024302401095,2024,302401095,1,9,0,6,6,6,6,0,0,0,0,0,0,0,3,1,6,6,1,41,7,1199,1,1,VAUXHALL MOKKA,1,E01013535,0,1
2024201519126,2024,201519126,2,9,0,-1,19,5,1,-1,0,1,0,0,0,0,3,1,-1,7,2,43,7,1598,2,8,VAUXHALL MOKKA,1,E01008931,0,1
2024311506087,2024,311506087,1,9,0,-1,2,0,0,-1,0,0,0,0,0,0,1,1,-1,6,3,-1,-1,1686,2,9,VAUXHALL MOKKA,-1,-1,0,-1
2024010521436,2024,010521436,2,9,0,7,7,8,1,0,0,3,0,0,0,0,1,1,2,2,2,27,6,1199,1,1,VAUXHALL MOKKA,5,E01001960,0,1
2024052401810,2024,052401810,2,9,0,11,11,7,3,0,0,3,0,0,0,0,3,1,6,6,1,51,8,1598,2,9,VAUXHALL MOKKA,1,E01006495,0,1
2024991470178,2024,991470178,2,9,0,-1,3,2,8,-1,0,1,0,0,1,0,2,1,-1,1,1,59,9,1686,2,10,VAUXHALL MOKKA,7,-1,0,1
2024101461321,2024,101461321,1,9,0,-1,19,3,7,-1,0,0,0,0,0,0,1,1,-1,6,1,72,10,1364,1,10,VAUXHALL MOKKA,4,E01027408,0,2
2024061495548,2024,061495548,1,9,0,-1,19,6,2,-1,0,0,0,0,0,0,1,1,-1,9,1,51,8,-1,3,0,VAUXHALL MOKKA,1,E01005941,0,1
2024471405700,2024,471405700,1,9,0,-1,19,3,7,-1,0,8,0,0,0,0,4,1,-1,9,2,37,7,1686,2,9,VAUXHALL MOKKA,4,E01031585,0,3
2024010510025,2024,010510025,1,9,0,4,4,3,7,0,0,8,0,0,0,0,1,1,6,6,2,41,7,1364,1,9,VAUXHALL MOKKA,2,E01034471,0,1
2024411434344,2024,411434344,2,9,-1,-1,-1,-1,-1,-1,-1,-1,-1,-1,-1,0,-1,9,-1,6,1,51,8,1598,1,8,VAUXHALL MOKKA,5,E01023705,0,1
2024221458662,2024,221458662,1,9,0,-1,9,5,3,-1,0,5,0,0,0,0,1,1,-1,9,1,78,11,1598,1,9,VAUXHALL MOKKA,6,E01014084,0,1
2024332400913,2024,332400913,2,9,0,-1,19,6,2,-1,0,0,0,0,0,0,1,1,-1,9,1,76,11,1199,1,1,VAUXHALL MOKKA,7,E01031013,0,2
2024010546574,2024,010546574,1,9,0,4,4,1,5,0,0,8,0,0,0,0,2,1,6,6,3,-1,-1,1199,1,0,VAUXHALL MOKKA,-1,-1,0,-1
2024141531783,2024,141531783,1,9,0,-1,9,5,3,-1,0,0,0,0,0,0,1,1,-1,2,2,60,9,1598,2,8,VAUXHALL MOKKA,1,E01007506,0,2
2024211514700,2024,211514700,2,9,0,-1,19,7,3,-1,0,1,0,0,0,0,1,1,-1,6,1,54,8,-1,3,1,VAUXHALL MOKKA,-1,-1,0,-1
2024991395626,2024,991395626,1,9,0,-1,19,2,5,-1,0,2,0,6,3,0,1,1,-1,9,2,32,6,1686,2,10,VAUXHALL MOKKA,5,-1,0,1
2024531531764,2024,531531764,1,9,0,-1,9,7,5,-1,0,6,1,10,2,0,3,1,-1,2,2,30,6,1364,1,7,VAUXHALL MOKKA,1,E01034792,0,3
2024451484287,2024,451484287,2,9,0,-1,19,1,5,-1,0,1,0,0,0,0,1,1,-1,6,1,80,11,1364,1,9,VAUXHALL MOKKA,-1,-1,0,-1
2024101399665,2024,101399665,1,9,0,-1,19,7,3,-1,0,1,0,0,0,0,2,1,-1,1,2,44,7,1598,2,9,VAUXHALL MOKKA,3,E01027544,0,1
2024430589382,2024,430589382,2,9,0,9,9,5,3,0,0,5,0,0,0,0,1,1,6,6,1,74,10,1364,1,9,VAUXHALL MOKKA,8,E01017824,0,1
2024211452157,2024,211452157,2,9,0,-1,19,4,2,-1,0,8,5,0,0,0,4,2,-1,9,1,38,7,1199,1,1,VAUXHALL MOKKA,1,E01014336,0,1
2024461470690,2024,461470690,2,9,0,-1,9,1,7,-1,0,8,0,0,0,0,3,9,-1,6,1,60,9,1364,1,6,VAUXHALL MOKKA,2,E01024047,0,1
2024041535649,2024,041535649,1,9,0,-1,19,3,7,-1,0,1,0,4,0,0,1,1,-1,6,1,80,11,1598,2,7,VAUXHALL MOKKA,10,E01025434,0,2
2024010547603,2024,010547603,2,9,0,99,99,9,9,99,99,9,9,99,9,99,2,9,6,6,3,-1,-1,1199,1,0,VAUXHALL MOKKA,-1,-1,0,-1
2024440505616,2024,440505616,1,9,0,3,3,8,4,0,0,1,0,0,0,0,2,1,6,6,2,39,7,1364,1,6,VAUXHALL MOKKA,4,E01017013,0,2
2024991453434,2024,991453434,1,9,0,-1,19,2,6,-1,0,0,0,0,0,0,1,1,-1,9,1,82,11,1364,1,5,VAUXHALL MOKKA,2,-1,0,1
2024440474611,2024,440474611,1,9,0,18,19,6,2,0,0,0,0,0,0,0,1,1,6,6,2,38,7,1598,1,10,VAUXHALL MOKKA,7,E01022812,0,2
2024371483830,2024,371483830,1,9,0,-1,19,1,5,-1,0,0,0,0,0,0,1,1,-1,6,1,19,4,1686,2,10,VAUXHALL MOKKA,10,E01033319,0,1
2024061468400,2024,061468400,2,9,0,-1,19,7,3,-1,0,1,0,0,0,0,4,1,-1,6,1,60,9,1364,1,8,VAUXHALL MOKKA,2,E01005368,0,1
2024010509277,2024,010509277,2,9,0,99,99,9,9,99,99,9,9,99,9,99,1,9,6,6,3,-1,-1,1199,1,0,VAUXHALL MOKKA,-1,-1,0,-1
2024471465115,2024,471465115,3,9,5,-1,19,3,7,-1,0,0,0,0,0,0,2,1,-1,6,2,43,7,1364,1,7,VAUXHALL MOKKA,5,E01021211,0,2
2024141421965,2024,141421965,1,9,0,-1,19,3,7,-1,0,8,0,0,0,0,1,2,-1,6,1,78,11,1364,1,8,VAUXHALL MOKKA,4,E01007382,0,1
2024311527785,2024,311527785,2,9,0,-1,2,0,0,-1,0,2,0,0,0,0,2,1,-1,6,2,31,6,1199,1,1,VAUXHALL MOKKA,-1,-1,0,-1
2024302400979,2024,302400979,1,9,0,18,19,4,8,0,0,8,0,0,3,1,1,1,3,7,1,90,11,1364,1,7,VAUXHALL MOKKA,9,E01019825,0,3
2024010504069,2024,010504069,1,9,0,18,19,4,8,0,0,8,0,0,0,0,3,2,6,6,1,47,8,1364,1,6,VAUXHALL MOKKA,2,E01001001,0,1
2024101478016,2024,101478016,1,9,0,-1,19,5,1,-1,0,0,0,0,0,0,1,1,-1,9,2,30,6,1598,1,9,VAUXHALL MOKKA,1,E01033076,0,1
2024041527535,2024,041527535,4,9,0,-1,2,0,0,-1,0,0,0,0,1,11,2,1,-1,6,-1,-1,-1,1364,1,10,VAUXHALL MOKKA,-1,-1,0,-1