collision_index,collision_year,collision_ref_no,vehicle_reference,vehicle_type,towing_and_articulation,vehicle_manoeuvre_historic,vehicle_manoeuvre,vehicle_direction_from,vehicle_direction_to,vehicle_location_restricted_lane_historic,vehicle_location_restricted_lane,junction_location,skidding_and_overturning,hit_object_in_carriageway,vehicle_leaving_carriageway,hit_object_off_carriageway,first_point_of_impact,vehicle_left_hand_drive,journey_purpose_of_driver_historic,journey_purpose_of_driver,sex_of_driver,age_of_driver,age_band_of_driver,engine_capacity_cc,propulsion_code,age_of_vehicle,generic_make_model,driver_imd_decile,lsoa_of_driver,escooter_flag,driver_distance_banding
2024231525879,2024,231525879,1,9,0,-1,19,6,2,-1,0,4,0,0,0,0,1,1,-1,2,1,27,6,2993,2,5,BMW 7 SERIES,1,E01009612,0,3
2024010521364,2024,010521364,1,9,0,18,19,6,2,0,0,0,1,0,0,0,1,1,6,6,1,-1,-1,2993,2,5,BMW 7 SERIES,-1,-1,0,-1
2024421443573,2024,421443573,2,9,0,-1,19,3,7,-1,0,0,0,0,0,0,4,1,-1,9,1,33,6,2993,2,5,BMW 7 SERIES,1,E01015841,0,4
2024010535921,2024,010535921,2,9,0,4,4,7,3,0,0,0,0,0,0,0,3,1,6,6,1,46,8,2993,2,8,BMW 7 SERIES,2,E01033586,0,2
2024010529457,2024,010529457,1,9,0,8,8,5,7,0,0,8,0,0,0,0,4,1,1,1,1,49,8,2998,8,4,BMW 7 SERIES,3,E01002765,0,1
2024201494553,2024,201494553,1,9,0,-1,19,4,6,-1,0,1,1,0,0,0,1,1,-1,6,1,24,5,2993,2,5,BMW 7 SERIES,2,E01009314,0,1
2024041429034,2024,041429034,2,9,0,-1,19,3,7,-1,0,8,0,0,0,0,1,1,-1,6,1,51,8,2993,2,12,BMW 7 SERIES,1,E01012622,0,1
2024991413722,2024,991413722,1,9,0,-1,13,5,1,-1,0,1,1,10,0,0,4,1,-1,9,1,44,7,2998,1,5,BMW 7 SERIES,10,-1,0,1
2024401511179,2024,401511179,2,9,0,-1,2,0,0,-1,0,1,0,0,0,0,2,1,-1,6,-1,-1,-1,2996,2,14,BMW 7 SERIES,-1,-1,0,-1
2024010537564,2024,010537564,2,9,0,18,19,7,3,0,0,8,0,0,0,0,1,1,6,6,1,37,7,2993,2,9,BMW 7 SERIES,4,E01001499,0,1
2024041418937,2024,041418937,1,9,0,-1,19,1,5,-1,0,0,0,0,0,0,1,1,-1,6,1,50,8,2993,2,13,BMW 7 SERIES,4,E01025113,0,2
2024501489196,2024,501489196,2,9,0,-1,19,2,6,-1,0,8,0,0,0,0,1,9,-1,6,1,44,7,2497,2,17,BMW 7 SERIES,3,E01019985,0,2
2024401435952,2024,401435952,1,9,0,-1,19,3,7,-1,0,1,0,0,0,0,4,1,-1,6,1,23,5,2993,2,13,BMW 7 SERIES,3,E01015713,0,1
2024421405980,2024,421405980,1,9,0,-1,19,3,7,-1,0,0,0,0,0,0,1,1,-1,9,1,77,11,2993,2,12,BMW 7 SERIES,3,E01034088,0,1
2024010503978,2024,010503978,1,9,0,18,19,3,7,0,0,6,0,0,0,0,1,1,6,6,1,24,5,1998,8,7,BMW 7 SERIES,4,E01002104,0,2
202460Q030376,2024,60Q030376,2,9,0,9,9,4,2,0,0,6,0,0,0,0,1,1,6,6,1,65,9,2993,2,9,BMW 7 SERIES,-1,-1,0,-1
2024430292878,2024,430292878,1,9,0,18,19,5,1,0,0,6,5,0,3,11,1,1,6,6,1,30,6,2993,2,5,BMW 7 SERIES,4,E01016446,0,1
2024101417331,2024,101417331,2,9,0,-1,19,7,3,-1,0,8,0,0,0,0,1,1,-1,9,1,58,9,2993,2,5,BMW 7 SERIES,5,E01008879,0,2
2024371475016,2024,371475016,1,9,0,-1,19,5,1,-1,0,0,0,0,0,0,3,1,-1,9,1,30,6,2993,2,11,BMW 7 SERIES,5,E01010109,0,5
2024471458252,2024,471458252,1,9,0,-1,19,7,3,-1,0,0,0,0,0,0,1,1,-1,9,1,59,9,2993,2,6,BMW 7 SERIES,5,E01031810,0,1
2024440355754,2024,440355754,1,9,0,1,1,8,4,0,0,2,0,0,0,0,2,1,1,1,1,48,8,2993,2,9,BMW 7 SERIES,1,E01017036,0,1
2024201414955,2024,201414955,2,9,0,-1,5,2,5,-1,0,1,0,0,0,0,1,9,-1,9,1,-1,-1,2996,2,13,BMW 7 SERIES,4,E01009231,0,1
2024401463859,2024,401463859,1,9,0,-1,14,1,5,-1,0,1,0,0,0,0,-1,9,-1,6,3,-1,-1,2998,1,9,BMW 7 SERIES,-1,-1,0,-1
2024320298415,2024,320298415,2,9,0,2,2,0,0,0,0,0,0,0,0,0,1,1,6,6,1,31,6,2993,2,6,BMW 7 SERIES,5,E01034691,0,1
2024010523418,2024,010523418,1,9,0,18,19,5,1,0,0,8,0,0,0,0,1,1,6,6,3,54,8,4799,1,17,BMW 7 SERIES,-1,-1,0,-1
2024010513087,2024,010513087,2,9,0,99,99,9,9,99,99,9,9,99,9,99,9,9,6,6,1,57,9,-1,3,1,BMW 7 SERIES,1,E01002093,0,1
2024201434153,2024,201434153,2,9,0,-1,19,2,6,-1,0,0,0,0,0,0,1,1,-1,6,2,31,6,2993,2,13,BMW 7 SERIES,1,E01009092,0,1
2024461399537,2024,461399537,2,9,0,-1,2,0,0,-1,0,0,0,0,0,0,1,9,-1,6,-1,-1,-1,1589,1,35,MAKE AND MODEL REDACTED,-1,-1,0,-1
2024332400825,2024,332400825,1,9,0,-1,7,6,8,-1,9,5,0,0,0,0,4,1,-1,9,2,59,9,998,1,8,HYUNDAI I10,8,E01025983,0,3
2024421504472,2024,421504472,1,9,0,-1,12,2,6,-1,0,0,0,11,0,0,3,1,-1,6,2,24,5,998,1,1,HYUNDAI I10,9,E01021478,0,4
2024340NN2772,2024,340NN2772,2,9,0,-1,19,7,3,-1,0,1,0,0,7,9,1,1,-1,9,2,75,10,1248,1,11,HYUNDAI I10,2,E01027041,0,1
2024201461751,2024,201461751,1,9,0,-1,19,7,3,-1,0,0,0,0,0,0,1,1,-1,9,1,40,7,1248,1,10,HYUNDAI I10,10,E01010150,0,2
2024161436168,2024,161436168,1,9,0,-1,19,7,3,-1,0,1,0,0,0,0,1,1,-1,6,2,82,11,998,1,5,HYUNDAI I10,6,E01013048,0,1
2024440190054,2024,440190054,1,9,0,18,19,6,2,0,0,0,0,0,0,0,1,1,6,6,2,83,11,998,1,1,HYUNDAI I10,9,E01015300,0,3
2024211413359,2024,211413359,1,9,0,-1,3,2,6,-1,0,1,0,0,1,0,1,9,-1,9,2,83,11,1086,1,16,HYUNDAI I10,-1,-1,0,-1
2024311436178,2024,311436178,1,9,0,-1,19,7,3,-1,0,5,0,0,0,0,1,1,-1,9,2,76,11,998,1,3,HYUNDAI I10,3,E01017501,0,5
2024361472311,2024,361472311,1,9,0,-1,5,5,1,-1,0,2,0,0,0,0,4,1,-1,6,1,23,5,998,1,8,HYUNDAI I10,1,E01026848,0,1
2024111460735,2024,111460735,2,9,0,-1,19,2,5,-1,0,0,0,0,0,0,2,1,-1,6,2,18,4,1248,1,11,HYUNDAI I10,10,E01012337,0,1
2024131502426,2024,131502426,1,9,0,-1,19,5,1,-1,0,0,0,0,0,0,1,1,-1,6,3,25,5,1086,1,16,HYUNDAI I10,-1,-1,0,-1
2024070804480,2024,070804480,1,9,0,-1,19,7,3,-1,0,1,0,0,0,0,1,1,-1,6,1,33,6,1197,1,3,HYUNDAI I10,10,E01018628,0,1
2024111522640,2024,111522640,1,9,0,-1,19,6,2,-1,0,0,5,10,0,0,4,1,-1,6,1,38,7,1248,1,5,HYUNDAI I10,1,E01032543,0,2
2024061482864,2024,061482864,2,9,0,-1,4,5,7,-1,0,0,1,0,0,0,1,1,-1,9,2,42,7,1248,1,12,HYUNDAI I10,2,E01006010,0,1
2024361521773,2024,361521773,2,9,0,-1,2,0,0,-1,0,1,0,0,0,0,2,1,-1,6,1,41,7,1248,1,13,HYUNDAI I10,7,E01026517,0,3
2024552400251,2024,552400251,1,9,0,9,9,4,2,0,0,6,0,0,0,0,3,1,6,6,2,74,10,998,1,1,HYUNDAI I10,9,E01015395,0,2
2024411492399,2024,411492399,1,9,0,-1,-1,-1,-1,-1,-1,-1,-1,-1,-1,0,1,1,-1,6,1,40,7,1248,1,11,HYUNDAI I10,7,E01023771,0,1
2024371520208,2024,371520208,1,9,0,-1,2,0,0,-1,0,0,1,0,1,0,4,2,-1,9,1,17,4,1248,1,12,HYUNDAI I10,8,E01029885,0,3
2024552401057,2024,552401057,1,9,0,18,19,2,6,0,0,0,0,0,7,0,1,1,6,6,2,18,4,998,1,7,HYUNDAI I10,5,E01022907,0,4
2024070914349,2024,070914349,1,9,0,-1,19,3,7,-1,0,1,0,0,0,0,1,1,-1,9,2,57,9,1248,1,13,HYUNDAI I10,3,E01018398,0,1
2024411495307,2024,411495307,2,9,0,-1,4,3,3,-1,0,0,0,0,0,0,2,1,-1,9,1,45,7,1197,1,1,HYUNDAI I10,8,E01023195,0,5
2024451486717,2024,451486717,2,9,0,-1,7,2,3,-1,99,6,0,0,0,0,9,1,-1,6,2,29,6,998,1,6,HYUNDAI I10,-1,-1,0,-1
2024440123316,2024,440123316,2,9,0,18,19,8,4,0,0,1,0,0,0,0,1,1,6,6,2,95,11,1248,1,14,HYUNDAI I10,-1,-1,0,-1
2024610035824,2024,610035824,1,9,0,5,5,3,7,0,0,8,0,0,0,0,0,1,6,6,2,-1,-1,998,1,5,HYUNDAI I10,4,W01001487,0,1
2024361518814,2024,361518814,1,9,0,-1,9,-1,-1,-1,99,0,0,99,0,0,1,1,-1,6,2,63,9,1248,1,12,HYUNDAI I10,9,E01026509,0,3
2024320016442,2024,320016442,2,9,0,2,2,0,0,0,0,0,0,0,0,0,3,1,6,6,1,82,11,998,1,7,HYUNDAI I10,4,E01026070,0,1
2024141531047,2024,141531047,1,9,0,-1,7,3,5,-1,0,6,0,0,0,0,3,1,-1,9,2,83,11,1248,1,9,HYUNDAI I10,1,E01008037,0,1
2024010499763,2024,010499763,1,9,0,2,2,0,0,4,4,0,0,0,0,0,2,1,6,6,3,-1,-1,1248,1,13,HYUNDAI I10,-1,-1,0,-1
2024361500751,2024,361500751,1,9,0,-1,19,8,4,-1,0,0,0,0,0,0,1,1,-1,9,2,22,5,998,1,9,HYUNDAI I10,6,E01026944,0,4
2024231459340,2024,231459340,1,9,0,-1,19,5,2,-1,0,0,0,4,0,0,3,1,-1,6,2,20,4,1197,1,0,HYUNDAI I10,3,E01031261,0,1
2024522401929,2024,522401929,1,9,0,17,19,5,2,0,0,8,0,0,0,0,1,1,6,6,2,28,6,1248,1,12,HYUNDAI I10,2,E01014643,0,3
2024070662484,2024,070662484,1,9,0,5,5,5,1,0,0,2,0,0,0,0,3,1,6,6,2,69,10,998,1,5,HYUNDAI I10,3,E01018710,0,2
2024101419526,2024,101419526,1,9,0,-1,2,7,7,-1,0,2,0,0,0,0,0,1,-1,6,1,-1,-1,1248,1,12,HYUNDAI I10,-1,-1,0,-1
2024141426816,2024,141426816,2,9,0,-1,14,6,1,-1,0,2,0,0,0,0,1,1,-1,9,1,80,11,1248,1,15,HYUNDAI I10,4,E01007445,0,1
2024131407313,2024,131407313,1,9,0,-1,5,7,3,-1,0,8,0,0,0,0,1,1,-1,6,2,29,6,998,1,10,HYUNDAI I10,5,E01011586,0,1
2024070647697,2024,070647697,1,9,0,18,19,5,3,0,0,0,0,0,0,0,0,1,6,6,1,79,11,998,1,9,HYUNDAI I10,8,E01018721,0,2
2024501399205,2024,501399205,2,9,0,-1,19,2,6,-1,0,0,0,0,0,0,1,9,-1,6,2,64,9,998,1,8,HYUNDAI I10,5,E01018837,0,2
2024231534345,2024,231534345,2,9,0,-1,19,2,6,-1,0,8,0,0,0,0,1,1,-1,9,1,60,9,1248,1,14,HYUNDAI I10,4,E01009544,0,2
2024522401724,2024,522401724,2,9,0,18,19,3,7,0,0,1,0,0,0,0,1,1,6,6,3,-1,-1,998,1,1,HYUNDAI I10,-1,-1,0,-1
2024501457349,2024,501457349,1,9,0,-1,19,5,1,-1,0,0,2,0,1,9,1,1,-1,9,2,19,4,1248,1,11,HYUNDAI I10,9,E01019930,0,2
2024101432994,2024,101432994,1,9,0,-1,19,7,3,-1,0,1,0,0,0,0,1,1,-1,9,1,75,10,998,1,9,HYUNDAI I10,1,E01008348,0,1
2024520402939,2024,520402939,2,9,0,18,19,6,1,0,0,6,0,0,0,0,1,1,6,6,1,73,10,998,1,4,HYUNDAI I10,10,E01029030,0,1
2024501473181,2024,501473181,1,9,0,-1,19,3,7,-1,0,0,0,0,7,10,3,1,-1,9,2,76,11,1248,1,12,HYUNDAI I10,10,E01019986,0,2
2024501396000,2024,501396000,1,9,0,-1,19,4,8,-1,0,0,1,0,0,0,1,1,-1,2,1,22,5,1086,1,16,HYUNDAI I10,3,E01018991,0,1
2024371466973,2024,371466973,1,9,0,-1,1,4,1,-1,0,0,0,0,0,0,2,1,-1,9,2,51,8,1248,1,7,HYUNDAI I10,4,E01029962,0,1
2024501401062,2024,501401062,1,9,0,-1,19,7,3,-1,0,0,1,0,0,0,1,1,-1,9,2,20,4,998,1,1,HYUNDAI I10,7,E01014075,0,5
2024311480035,2024,311480035,2,9,0,-1,5,6,8,-1,0,4,0,0,0,0,2,9,-1,6,2,-1,-1,1248,1,12,HYUNDAI I10,10,E01028137,0,3
2024201490944,2024,201490944,2,9,0,-1,3,3,7,-1,0,0,0,0,0,0,2,1,-1,9,2,51,8,1248,1,5,HYUNDAI I10,2,E01010522,0,1
2024421523607,2024,421523607,2,9,0,-1,3,1,3,-1,0,8,1,0,0,0,2,1,-1,6,1,53,8,1248,1,7,HYUNDAI I10,10,E01021403,0,4
2024430622754,2024,430622754,1,9,0,18,19,3,7,0,0,1,0,0,7,0,1,1,6,6,1,56,9,998,1,0,HYUNDAI I10,-1,-1,0,-1
2024041436953,2024,041436953,1,9,0,-1,19,1,5,-1,0,0,0,4,0,0,1,1,-1,9,1,81,11,998,1,3,HYUNDAI I10,7,E01025199,0,1
2024471416303,2024,471416303,2,9,0,-1,5,3,7,-1,0,3,0,0,0,0,2,1,-1,9,2,46,8,1248,1,15,HYUNDAI I10,6,E01021034,0,1
2024131475039,2024,131475039,1,9,0,-1,19,7,3,-1,0,0,0,0,0,0,2,1,-1,2,1,27,6,1248,1,9,HYUNDAI I10,6,E01007526,0,4
2024522401105,2024,522401105,2,9,0,7,7,8,3,0,0,6,0,0,0,0,1,1,6,6,3,-1,-1,1248,1,15,HYUNDAI I10,-1,-1,0,-1
2024161497202,2024,161497202,1,9,0,-1,19,8,4,-1,0,0,0,0,0,0,3,1,-1,6,2,47,8,998,1,8,HYUNDAI I10,1,E01012838,0,1
2024201470333,2024,201470333,2,9,0,-1,19,3,7,-1,0,8,0,0,0,0,1,9,-1,1,1,53,8,1248,1,11,HYUNDAI I10,2,E01010477,0,1
2024141500857,2024,141500857,2,9,0,-1,19,4,7,-1,0,8,0,0,0,0,1,1,-1,9,2,76,11,1248,1,15,HYUNDAI I10,2,E01007872,0,1
2024430560153,2024,430560153,1,9,0,18,19,6,2,0,0,4,0,0,0,0,3,1,2,2,1,54,8,998,1,5,HYUNDAI I10,9,E01022859,0,1
2024461502763,2024,461502763,1,9,0,-1,19,2,2,-1,0,5,1,0,0,0,1,1,-1,9,2,84,11,1248,1,7,HYUNDAI I10,8,E01024434,0,1
2024311435228,2024,311435228,1,9,0,-1,6,6,2,-1,0,2,0,0,0,0,3,9,-1,7,2,43,7,1248,1,13,HYUNDAI I10,9,E01028095,0,1
2024471483210,2024,471483210,1,9,0,-1,19,3,7,-1,0,0,1,11,7,9,3,1,-1,9,1,22,5,1248,1,14,HYUNDAI I10,4,E01021076,0,1
2024401447565,2024,401447565,1,9,0,-1,19,5,1,-1,0,1,0,0,0,0,3,9,-1,9,2,77,11,1248,1,15,HYUNDAI I10,2,E01017400,0,1
2024411459784,2024,411459784,2,9,0,-1,19,8,4,-1,0,0,0,0,0,0,1,1,-1,6,1,64,9,1248,1,6,HYUNDAI I10,9,E01023701,0,3
2024302401069,2024,302401069,1,9,0,18,19,2,6,0,0,0,0,0,0,0,1,1,6,6,2,58,9,998,1,6,HYUNDAI I10,5,E01013551,0,1
2024501403097,2024,501403097,2,9,0,-1,19,3,7,-1,0,0,0,0,0,0,1,1,-1,9,1,50,8,1248,1,7,HYUNDAI I10,4,E01020321,0,2
2024161529512,2024,161529512,2,9,0,-1,4,7,3,-1,0,0,0,0,0,0,2,1,-1,1,1,52,8,1248,1,11,HYUNDAI I10,9,E01013372,0,4
2024401519297,2024,401519297,1,9,-1,-1,-1,4,1,-1,-1,0,-1,-1,-1,0,1,9,-1,6,2,26,6,1248,1,11,HYUNDAI I10,2,E01017602,0,1
2024052402034,2024,052402034,1,9,0,18,19,5,1,0,0,0,0,4,0,0,4,1,6,6,2,49,8,998,1,9,HYUNDAI I10,2,E01006813,0,1
2024041526620,2024,041526620,1,9,0,-1,12,5,1,-1,0,0,0,0,0,0,4,1,-1,9,1,87,11,1248,1,15,HYUNDAI I10,7,E01025174,0,1
2024461488880,2024,461488880,2,9,0,-1,19,-1,-1,-1,0,0,0,0,0,0,3,9,-1,6,2,36,7,1248,1,7,HYUNDAI I10,2,E01016025,0,1
2024440061893,2024,440061893,1,9,0,18,19,5,1,0,0,1,0,0,1,4,1,1,6,6,2,26,6,1248,1,9,HYUNDAI I10,8,E01022633,0,4
2024010510004,2024,010510004,3,9,0,18,19,1,5,0,0,1,0,0,0,0,2,1,6,6,1,75,10,1248,1,12,HYUNDAI I10,10,E01004101,0,1
2024461490203,2024,461490203,1,9,0,-1,5,3,5,-1,0,6,1,0,7,4,3,1,-1,2,2,21,5,998,1,8,HYUNDAI I10,10,E01024323,0,3
2024010500460,2024,010500460,1,9,0,9,9,1,6,0,0,1,0,0,0,0,1,1,2,2,2,42,7,1248,1,8,HYUNDAI I10,-1,-1,0,-1
2024320736409,2024,320736409,1,9,0,9,9,4,3,0,0,5,0,0,0,0,4,1,6,6,2,60,9,998,1,6,HYUNDAI I10,3,E01026017,0,1
2024501421311,2024,501421311,2,9,0,-1,4,1,5,-1,0,0,0,0,0,0,1,1,-1,6,2,23,5,1248,1,15,HYUNDAI I10,5,E01018900,0,1
2024430439689,2024,430439689,2,9,0,18,19,7,3,0,0,4,0,0,0,0,1,1,6,6,1,-1,-1,1248,1,14,HYUNDAI I10,-1,-1,0,-1
2024031403007,2024,031403007,2,9,0,-1,3,7,3,-1,0,0,0,0,0,0,2,1,-1,6,1,60,9,1197,1,3,HYUNDAI I10,-1,-1,0,-1
2024131412056,2024,131412056,1,9,0,-1,9,1,3,-1,0,1,0,0,0,0,1,1,-1,9,2,45,7,1248,1,14,HYUNDAI I10,2,E01011237,0,1
2024411501563,2024,411501563,2,9,0,-1,7,4,7,-1,0,6,0,0,0,0,1,1,-1,9,2,33,6,998,1,8,HYUNDAI I10,3,E01000222,0,3
202454D866224,2024,54D866224,1,9,0,4,4,2,6,0,0,4,0,0,0,0,1,1,6,6,2,18,4,1248,1,11,HYUNDAI I10,7,E01022823,0,4
2024010507961,2024,010507961,1,9,0,99,99,9,9,99,99,9,9,99,9,99,9,9,6,6,1,54,8,998,1,7,HYUNDAI I10,9,E01000356,0,1
2024010529330,2024,010529330,2,9,0,18,19,1,5,0,0,4,0,0,0,0,3,1,6,6,1,18,4,998,1,4,HYUNDAI I10,9,E01001453,0,1
2024421460547,2024,421460547,2,9,0,-1,9,7,3,-1,0,2,0,0,0,0,1,1,-1,9,1,58,9,1248,1,8,HYUNDAI I10,2,E01015855,0,1
2024332400645,2024,332400645,2,9,0,-1,4,6,2,-1,0,8,0,0,0,0,2,1,-1,6,2,22,5,1248,1,11,HYUNDAI I10,1,E01013755,0,1
2024430238080,2024,430238080,2,9,0,18,19,5,1,0,0,0,0,0,0,0,2,1,2,2,2,29,6,998,1,5,HYUNDAI I10,6,E01016837,0,1
2024522402727,2024,522402727,2,9,0,17,19,2,8,0,0,0,1,0,0,0,2,1,6,6,2,18,4,1248,1,14,HYUNDAI I10,8,E01014797,0,1
2024010514893,2024,010514893,2,9,0,99,99,9,9,99,99,9,9,99,9,99,2,9,2,2,2,45,7,998,1,6,HYUNDAI I10,7,E01002514,0,1
2024520001271,2024,520001271,1,9,0,18,19,3,7,0,0,0,0,0,0,0,1,1,6,6,2,78,11,1248,1,11,HYUNDAI I10,9,E01014440,0,1
2024471418172,2024,471418172,1,9,0,-1,9,1,7,-1,0,8,0,0,0,0,1,1,-1,9,1,78,11,998,1,13,HYUNDAI I10,1,E01021136,0,3
2024471426606,2024,471426606,1,9,0,-1,9,8,1,-1,0,1,0,0,0,0,4,1,-1,6,2,84,11,1248,1,14,HYUNDAI I10,9,E01031721,0,2
2024311521209,2024,311521209,1,9,0,-1,19,5,5,-1,0,8,0,0,0,0,4,1,-1,2,2,19,4,998,1,7,HYUNDAI I10,8,E01028417,0,1
2024010507684,2024,010507684,1,9,0,18,19,3,7,0,0,0,0,4,0,0,1,1,6,6,2,21,5,998,1,1,HYUNDAI I10,2,E01001876,0,1
2024522402950,2024,522402950,2,9,0,9,9,7,5,0,0,8,0,0,0,0,1,1,6,6,2,21,5,1248,1,12,HYUNDAI I10,9,E01014993,0,1
2024440245769,2024,440245769,1,9,0,9,9,8,6,0,0,0,0,0,0,0,4,1,2,2,1,39,7,1248,1,12,HYUNDAI I10,3,E01022803,0,2
2024161394942,2024,161394942,1,9,0,-1,19,3,7,-1,0,3,0,0,3,0,4,1,-1,9,2,70,10,998,1,9,HYUNDAI I10,9,E01012960,0,1
202460Q047691,2024,60Q047691,2,9,0,17,19,8,4,0,0,0,0,0,1,0,1,1,6,6,2,45,7,998,1,4,HYUNDAI I10,-1,-1,0,-1
2024010497373,2024,010497373,1,9,0,99,99,9,9,99,99,9,9,99,9,99,2,9,2,2,1,38,7,1248,1,15,HYUNDAI I10,5,E01002443,0,3
2024421453961,2024,421453961,2,9,0,-1,19,7,3,-1,0,8,0,0,0,0,3,1,-1,6,2,80,11,1248,1,5,HYUNDAI I10,-1,-1,0,-1
2024111412214,2024,111412214,1,9,0,-1,19,8,4,-1,0,0,0,0,0,0,1,1,-1,2,2,50,8,1248,1,6,HYUNDAI I10,9,E01020718,0,1
2024991497930,2024,991497930,1,9,0,-1,19,5,1,-1,0,0,0,0,0,0,4,1,-1,9,1,24,5,1248,1,14,HYUNDAI I10,5,-1,0,3
2024421429619,2024,421429619,1,9,0,-1,19,4,7,-1,0,0,0,0,1,6,1,1,-1,9,2,69,10,1248,1,10,HYUNDAI I10,4,E01021004,0,4
2024461467401,2024,461467401,1,9,0,-1,19,4,8,-1,0,0,5,4,0,0,1,1,-1,6,2,55,8,1248,1,10,HYUNDAI I10,3,E01024668,0,1
2024320513884,2024,320513884,1,9,0,4,4,8,4,0,0,1,0,0,0,0,4,1,6,6,2,55,8,1248,1,14,HYUNDAI I10,10,E01026357,0,1
2024461426243,2024,461426243,1,9,0,-1,19,3,7,-1,0,0,0,4,0,0,3,1,-1,2,2,20,4,1248,1,13,HYUNDAI I10,4,E01024190,0,3
2024471448411,2024,471448411,2,9,0,-1,4,6,2,-1,1,0,0,0,0,0,2,1,-1,9,2,21,5,1248,1,9,HYUNDAI I10,6,E01032833,0,1
2024211441699,2024,211441699,1,9,0,-1,9,1,8,-1,0,1,5,0,3,0,1,1,-1,9,1,18,4,998,1,7,HYUNDAI I10,-1,-1,0,-1
2024231524968,2024,231524968,1,9,0,-1,19,4,8,-1,0,8,0,4,0,0,1,1,-1,1,2,40,7,1248,1,8,HYUNDAI I10,10,E01031228,0,1
2024501504498,2024,501504498,1,9,0,-1,14,2,6,-1,0,0,0,0,7,0,1,1,-1,6,1,86,11,1197,1,2,HYUNDAI I10,8,E01019915,0,3
2024332401237,2024,332401237,4,9,0,-1,2,0,0,-1,9,0,0,0,0,0,4,1,-1,6,3,-1,-1,998,1,10,HYUNDAI I10,-1,-1,0,-1
2024451533533,2024,451533533,2,9,0,-1,19,7,3,-1,0,0,0,0,0,0,2,1,-1,2,2,40,7,1086,1,16,HYUNDAI I10,4,E01023120,0,3
2024010504340,2024,010504340,1,9,9,99,99,9,9,99,99,9,9,99,9,99,9,9,6,6,1,44,7,1248,1,8,HYUNDAI I10,6,E01002165,0,2
2024302400748,2024,302400748,1,9,0,17,19,4,1,0,0,8,0,0,0,0,3,1,2,2,1,31,6,998,1,7,HYUNDAI I10,3,E01025950,0,1
2024010504704,2024,010504704,1,9,0,17,19,5,1,2,2,1,0,0,1,1,1,1,6,6,1,29,6,998,1,8,HYUNDAI I10,3,E01003980,0,2
2024311528730,2024,311528730,1,9,0,-1,19,2,7,-1,0,0,0,0,0,0,1,1,-1,9,2,57,9,1248,1,12,HYUNDAI I10,1,E01026129,0,3
2024461452927,2024,461452927,1,9,0,-1,19,6,2,-1,0,1,0,0,0,0,1,9,-1,9,2,77,11,1248,1,13,HYUNDAI I10,3,E01024570,0,1
2024340NN1382,2024,340NN1382,1,9,0,-1,19,7,3,-1,0,2,0,0,0,0,4,1,-1,9,2,18,4,998,1,6,HYUNDAI I10,6,E01027057,0,2
2024131471339,2024,131471339,1,9,0,-1,12,1,3,-1,0,1,0,0,0,0,1,1,-1,2,2,21,5,1248,1,7,HYUNDAI I10,3,E01011319,0,1
2024141426088,2024,141426088,1,9,0,-1,19,1,1,-1,0,8,0,0,0,0,4,1,-1,6,2,49,8,998,1,10,HYUNDAI I10,2,E01007967,0,1
2024991507190,2024,991507190,1,9,0,-1,19,8,4,-1,0,0,0,0,1,0,4,1,-1,6,1,50,8,1248,1,16,HYUNDAI I10,4,-1,0,1
2024421397970,2024,421397970,3,9,0,-1,2,0,0,-1,0,0,0,0,0,0,2,1,-1,6,-1,-1,-1,1248,1,11,HYUNDAI I10,-1,-1,0,-1
2024010525928,2024,010525928,1,9,0,18,19,5,1,0,0,0,0,0,0,0,1,1,6,6,2,25,5,1248,1,10,HYUNDAI I10,5,E01002626,0,1
2024451489532,2024,451489532,2,9,0,-1,2,1,1,-1,0,0,0,0,0,0,3,9,-1,6,2,49,8,998,1,0,HYUNDAI I10,10,E01030769,0,1
2024340NN2932,2024,340NN2932,2,9,0,-1,19,5,1,-1,0,0,0,0,0,0,3,1,-1,9,1,71,10,1248,1,7,HYUNDAI I10,5,E01027126,0,3
2024501434149,2024,501434149,1,9,0,-1,12,1,5,-1,0,0,5,0,4,6,3,1,-1,6,1,92,11,998,1,4,HYUNDAI I10,9,E01015101,0,4
202417S115124,2024,17S115124,2,9,0,-1,19,2,6,-1,0,8,0,0,0,0,3,1,-1,9,1,36,7,998,1,7,HYUNDAI I10,8,E01012294,0,1
2024311418797,2024,311418797,3,9,0,-1,19,6,2,-1,0,2,0,0,0,0,3,1,-1,2,2,57,9,1248,1,15,HYUNDAI I10,5,E01013831,0,1
2024351524641,2024,351524641,1,9,0,-1,19,7,3,-1,0,0,2,0,0,0,1,1,-1,6,2,18,4,1086,1,15,HYUNDAI I10,10,E01018260,0,1
2024122400585,2024,122400585,2,9,0,16,19,7,2,0,0,0,0,0,1,11,1,1,6,6,1,18,4,998,1,0,HYUNDAI I10,4,E01027843,0,1
2024501497929,2024,501497929,1,9,0,-1,19,4,8,-1,0,8,0,0,0,0,2,1,-1,2,2,21,5,1248,1,10,HYUNDAI I10,4,E01018892,0,2
2024221452432,2024,221452432,1,9,0,-1,19,7,3,-1,0,0,2,0,7,11,1,9,-1,1,1,23,5,1248,1,15,HYUNDAI I10,5,E01032181,0,3
2024631521981,2024,631521981,2,9,0,-1,4,4,8,-1,0,0,0,0,0,0,2,1,-1,9,2,25,5,1248,1,11,HYUNDAI I10,8,W01000554,0,1