collision_index,collision_year,collision_ref_no,vehicle_reference,vehicle_type,towing_and_articulation,vehicle_manoeuvre_historic,vehicle_manoeuvre,vehicle_direction_from,vehicle_direction_to,vehicle_location_restricted_lane_historic,vehicle_location_restricted_lane,junction_location,skidding_and_overturning,hit_object_in_carriageway,vehicle_leaving_carriageway,hit_object_off_carriageway,first_point_of_impact,vehicle_left_hand_drive,journey_purpose_of_driver_historic,journey_purpose_of_driver,sex_of_driver,age_of_driver,age_band_of_driver,engine_capacity_cc,propulsion_code,age_of_vehicle,generic_make_model,driver_imd_decile,lsoa_of_driver,escooter_flag,driver_distance_banding
2024501533827,2024,501533827,1,9,0,-1,19,5,1,-1,0,0,0,10,7,10,1,1,-1,9,2,60,9,1248,1,12,HYUNDAI I10,7,E01020136,0,1
2024061477016,2024,061477016,2,9,0,-1,3,7,3,-1,0,0,0,0,0,0,3,1,-1,2,2,42,7,998,1,1,HYUNDAI I10,7,E01004775,0,1
2024461496950,2024,461496950,2,9,0,-1,3,7,3,-1,0,0,0,0,0,0,2,1,-1,9,2,50,8,1197,1,1,HYUNDAI I10,6,E01024432,0,2
2024131421355,2024,131421355,1,9,0,-1,15,1,5,-1,0,1,5,0,0,0,1,1,-1,9,2,87,11,1248,1,10,HYUNDAI I10,3,E01010751,0,1
2024421405526,2024,421405526,1,9,0,-1,19,1,3,-1,0,0,0,0,0,0,1,1,-1,6,1,-1,-1,998,1,5,HYUNDAI I10,-1,-1,0,-1
2024010528981,2024,010528981,2,9,9,99,99,9,9,99,99,9,9,99,9,99,9,9,6,6,3,-1,-1,1248,1,10,HYUNDAI I10,-1,-1,0,-1
2024461426361,2024,461426361,1,9,0,-1,19,8,8,-1,0,1,0,0,0,0,1,1,-1,9,2,68,10,1248,1,14,HYUNDAI I10,8,E01024844,0,1
2024411465177,2024,411465177,2,9,0,-1,1,5,1,-1,0,1,0,0,0,0,2,1,-1,2,2,32,6,1248,1,15,HYUNDAI I10,4,E01023937,0,1
2024451464666,2024,451464666,1,9,0,-1,9,6,3,-1,0,3,0,0,0,0,1,1,-1,9,1,19,4,1248,1,13,HYUNDAI I10,9,E01001121,0,1
2024122500211,2024,122500211,1,9,0,13,13,3,7,0,0,1,0,0,0,0,4,1,6,6,3,-1,-1,998,1,8,HYUNDAI I10,-1,-1,0,-1
2024371458046,2024,371458046,2,9,0,-1,19,4,8,-1,0,4,0,0,0,0,2,1,-1,1,2,24,5,1248,1,12,HYUNDAI I10,6,E01000231,0,5
2024361453875,2024,361453875,2,9,0,-1,19,5,1,-1,0,0,0,0,0,0,1,1,-1,7,1,19,4,998,1,10,HYUNDAI I10,6,E01026590,0,2
2024340NN1742,2024,340NN1742,1,9,0,-1,19,7,3,-1,0,2,0,0,0,0,1,1,-1,9,2,20,4,998,1,4,HYUNDAI I10,9,E01027084,0,1
2024010508041,2024,010508041,1,9,0,2,2,0,0,0,0,1,0,0,0,0,0,1,6,6,3,-1,-1,1248,1,11,HYUNDAI I10,-1,-1,0,-1
2024622400079,2024,622400079,1,9,0,18,19,6,3,0,0,3,0,0,0,0,1,1,6,6,2,55,8,998,1,7,HYUNDAI I10,8,W01001960,0,1
2024031483149,2024,031483149,2,9,0,-1,3,1,7,-1,0,0,0,0,0,0,1,1,-1,6,1,56,9,998,1,10,HYUNDAI I10,-1,-1,0,-1
2024361501149,2024,361501149,1,9,0,-1,9,7,7,-1,0,2,0,0,0,0,4,1,-1,2,2,26,6,1248,1,12,HYUNDAI I10,6,E01026797,0,1
2024041456144,2024,041456144,1,9,0,-1,9,5,6,-1,0,8,0,0,1,10,1,1,-1,2,2,30,6,998,1,9,HYUNDAI I10,6,E01025279,0,2
2024161410393,2024,161410393,2,9,0,-1,9,3,1,-1,0,8,0,0,0,0,2,1,-1,9,2,85,11,1248,1,12,HYUNDAI I10,10,E01012921,0,2
2024201437951,2024,201437951,1,9,0,-1,19,1,5,-1,0,8,0,0,0,0,1,1,-1,1,1,30,6,998,1,10,HYUNDAI I10,-1,-1,0,-1
2024131483691,2024,131483691,2,9,0,-1,2,0,0,-1,0,0,0,0,0,0,3,1,-1,6,-1,-1,-1,998,1,10,HYUNDAI I10,-1,-1,0,-1
2024131476708,2024,131476708,2,9,0,-1,2,1,5,-1,0,0,0,0,0,0,1,1,-1,6,-1,-1,-1,1248,1,13,HYUNDAI I10,-1,-1,0,-1
2024501453217,2024,501453217,1,9,0,-1,19,8,4,-1,0,8,0,0,0,0,1,1,-1,9,1,62,9,1248,1,12,HYUNDAI I10,6,E01032051,0,5
2024201521532,2024,201521532,1,9,0,-1,19,7,3,-1,0,1,0,0,0,0,1,2,-1,6,2,-1,-1,1248,1,13,HYUNDAI I10,-1,-1,0,-1
2024401447210,2024,401447210,1,9,-1,-1,-1,-1,-1,-1,-1,-1,-1,-1,-1,0,-1,9,-1,9,2,34,6,1248,1,15,HYUNDAI I10,10,E01017438,0,2
2024991459363,2024,991459363,2,9,0,-1,2,1,5,-1,0,0,0,0,0,0,3,1,-1,6,-1,-1,-1,1248,1,14,HYUNDAI I10,-1,-1,0,-1
2024471509194,2024,471509194,2,9,0,-1,4,4,8,-1,0,0,0,0,0,0,2,1,-1,1,2,32,6,1248,1,11,HYUNDAI I10,3,E01031360,0,3
2024631470799,2024,631470799,1,9,0,-1,19,7,3,-1,0,0,0,0,1,4,1,1,-1,6,1,22,5,1248,1,15,HYUNDAI I10,2,W01000745,0,5
2024041505666,2024,041505666,2,9,0,-1,19,3,7,-1,0,1,0,0,0,0,1,1,-1,9,2,55,8,998,1,1,HYUNDAI I10,5,E01012727,0,2
2024471473529,2024,471473529,1,9,0,-1,19,7,3,-1,0,2,0,0,0,0,1,1,-1,6,1,42,7,1248,1,15,HYUNDAI I10,1,E01016942,0,1
2024991566001,2024,991566001,2,9,0,-1,19,5,5,-1,0,0,0,0,7,0,1,1,-1,6,2,31,6,998,1,5,HYUNDAI I10,-1,-1,0,-1
2024471508478,2024,471508478,1,9,0,-1,19,4,8,-1,0,0,0,0,0,0,1,1,-1,2,1,62,9,1248,1,11,HYUNDAI I10,4,E01031550,0,1
202417M112924,2024,17M112924,2,9,0,-1,19,5,8,-1,0,4,0,0,0,0,1,1,-1,9,1,-1,-1,998,1,10,HYUNDAI I10,-1,-1,0,-1
2024061422442,2024,061422442,1,9,0,-1,19,5,8,-1,0,1,0,0,0,0,1,1,-1,2,2,67,10,1248,1,12,HYUNDAI I10,1,E01005253,0,1
2024522401457,2024,522401457,1,9,0,18,19,6,2,0,0,8,0,0,0,0,1,1,6,6,2,76,11,998,1,9,HYUNDAI I10,8,E01014996,0,1
2024302400416,2024,302400416,1,9,0,17,19,4,1,0,0,0,0,4,0,0,4,1,6,6,2,60,9,1248,1,11,HYUNDAI I10,8,E01019415,0,1
2024201500446,2024,201500446,1,9,0,-1,19,2,6,-1,0,3,0,0,0,0,1,9,-1,9,1,38,7,998,1,7,HYUNDAI I10,1,E01009486,0,1
2024320363130,2024,320363130,1,9,0,-1,-1,8,4,0,0,6,1,0,1,9,3,1,-1,-1,2,55,8,998,1,2,HYUNDAI I10,6,E01026339,0,1
2024520402646,2024,520402646,1,9,0,18,19,6,2,0,0,4,5,0,0,0,1,1,6,6,1,84,11,1248,1,5,HYUNDAI I10,4,E01029136,0,4
2024522402094,2024,522402094,1,9,0,3,3,6,2,0,0,1,0,0,0,0,2,1,6,6,1,42,7,1248,1,15,HYUNDAI I10,3,E01014682,0,1
2024471443844,2024,471443844,1,9,0,-1,19,3,7,-1,0,2,0,0,0,0,1,1,-1,6,2,27,6,1197,1,4,HYUNDAI I10,5,E01032836,0,1
2024010520746,2024,010520746,2,9,0,99,99,9,9,99,99,9,9,99,9,99,9,9,6,6,3,-1,-1,998,1,10,HYUNDAI I10,-1,-1,0,-1
2024421406961,2024,421406961,2,9,0,-1,19,7,3,-1,0,8,0,0,7,0,1,1,-1,6,1,17,4,1086,1,16,HYUNDAI I10,6,E01021980,0,1
2024311466610,2024,311466610,1,9,0,-1,9,8,6,-1,0,1,0,0,0,0,3,1,-1,2,2,64,9,1248,1,15,HYUNDAI I10,6,E01028323,0,1
2024440219236,2024,440219236,1,9,0,14,14,5,1,0,0,0,0,0,0,0,3,1,6,6,1,47,8,1248,1,11,HYUNDAI I10,7,E01022627,0,1
2024211511957,2024,211511957,1,9,0,-1,19,3,7,-1,0,0,2,0,1,4,3,1,-1,9,2,19,4,1248,1,16,HYUNDAI I10,-1,-1,0,-1
2024131480871,2024,131480871,1,9,0,-1,9,2,6,-1,0,0,0,0,0,0,4,1,-1,9,1,75,10,1248,1,15,HYUNDAI I10,5,E01011391,0,1
2024101528247,2024,101528247,1,9,0,-1,9,3,7,-1,0,1,0,0,0,0,1,1,-1,2,2,36,7,998,1,5,HYUNDAI I10,5,E01008206,0,3
2024131459512,2024,131459512,1,9,0,-1,5,7,3,-1,0,0,0,0,0,0,1,1,-1,6,3,-1,-1,1248,1,9,HYUNDAI I10,-1,-1,0,-1
202460Q082575,2024,60Q082575,2,9,0,17,19,7,3,0,0,1,0,0,0,0,3,1,6,6,1,62,9,1248,1,12,HYUNDAI I10,-1,-1,0,-1
2024471520396,2024,471520396,2,9,0,-1,11,2,7,-1,0,0,0,0,0,0,4,1,-1,9,1,72,10,1086,1,14,HYUNDAI I10,5,E01024428,0,3
2024010535119,2024,010535119,2,9,9,99,99,9,9,99,99,9,9,99,9,99,9,9,6,6,3,-1,-1,1197,1,2,HYUNDAI I10,-1,-1,0,-1
2024141417419,2024,141417419,2,9,0,-1,19,7,3,-1,0,0,0,0,0,0,3,1,-1,6,1,37,7,1248,1,11,HYUNDAI I10,1,E01013199,0,4
2024131526457,2024,131526457,1,9,0,-1,19,3,7,-1,0,1,0,0,0,0,1,1,-1,1,2,26,6,1197,1,3,HYUNDAI I10,1,E01011789,0,3
2024061469542,2024,061469542,2,9,0,-1,19,6,2,-1,0,1,0,0,0,0,3,1,-1,9,2,37,7,1248,1,6,HYUNDAI I10,2,E01005702,0,1
2024411535865,2024,411535865,3,9,0,-1,19,5,1,-1,0,0,0,0,0,0,2,1,-1,6,2,63,9,1248,1,7,HYUNDAI I10,9,E01016793,0,4
2024471444714,2024,471444714,1,9,0,-1,19,3,7,-1,0,1,0,0,0,0,4,1,-1,6,2,22,5,1086,1,16,HYUNDAI I10,6,E01016967,0,1
2024320583428,2024,320583428,1,9,0,-1,-1,2,4,0,0,8,0,0,0,0,1,1,-1,-1,1,61,9,1248,1,15,HYUNDAI I10,3,E01034685,0,1
2024131450538,2024,131450538,1,9,0,-1,19,7,3,-1,0,0,2,0,2,0,1,1,-1,9,1,50,8,1248,1,10,HYUNDAI I10,10,-1,0,5
2024451516010,2024,451516010,1,9,0,-1,19,1,5,-1,0,0,0,0,0,0,3,1,-1,9,2,75,10,998,1,7,HYUNDAI I10,10,E01030672,0,1
2024131484751,2024,131484751,1,9,0,-1,19,2,6,-1,0,8,0,0,0,0,3,1,-1,6,3,-1,-1,1248,1,10,HYUNDAI I10,-1,-1,0,-1
2024371403365,2024,371403365,2,9,0,-1,19,3,7,-1,0,0,0,0,1,0,1,1,-1,6,2,48,8,998,1,6,HYUNDAI I10,1,E01030261,0,3
2024461514969,2024,461514969,2,9,0,-1,19,1,5,-1,0,1,0,0,0,0,1,2,-1,6,1,23,5,1248,1,14,HYUNDAI I10,4,E01024262,0,1
2024311426886,2024,311426886,2,9,0,-1,19,5,1,-1,0,0,0,0,0,0,1,1,-1,9,2,20,4,998,1,7,HYUNDAI I10,-1,-1,0,-1
2024411531252,2024,411531252,2,9,0,-1,19,1,5,-1,0,8,0,0,0,0,4,1,-1,6,2,52,8,1248,1,8,HYUNDAI I10,3,E01023866,0,1
2024461513515,2024,461513515,1,9,0,-1,19,1,5,-1,0,0,5,10,0,0,1,1,-1,9,2,87,11,1248,1,11,HYUNDAI I10,7,E01024037,0,3
2024052400391,2024,052400391,1,9,0,9,9,1,7,0,0,8,0,0,0,0,1,1,1,1,1,45,7,1248,1,10,HYUNDAI I10,10,E01014417,0,5
2024122400240,2024,122400240,1,9,0,18,19,1,2,0,0,1,0,0,0,0,1,1,6,6,1,18,4,998,1,5,HYUNDAI I10,8,E01012147,0,2
2024421418587,2024,421418587,3,9,0,-1,19,7,3,-1,0,0,0,0,0,0,1,1,-1,9,2,48,8,1248,1,14,HYUNDAI I10,7,E01022097,0,1
2024201450753,2024,201450753,2,9,0,-1,3,5,1,-1,0,1,0,0,0,0,2,1,-1,9,1,28,6,998,1,8,HYUNDAI I10,3,E01009894,0,1
2024430498019,2024,430498019,1,9,0,16,19,3,6,0,0,0,0,0,0,0,1,1,2,2,2,31,6,1248,1,7,HYUNDAI I10,2,E01000433,0,4
2024471415548,2024,471415548,2,9,0,-1,11,3,7,-1,0,0,0,0,0,0,1,1,-1,6,2,37,7,1248,1,13,HYUNDAI I10,6,E01031643,0,3
2024421517986,2024,421517986,1,9,0,-1,19,1,5,-1,0,0,0,0,0,0,3,1,-1,6,3,-1,-1,1248,1,14,HYUNDAI I10,-1,-1,0,-1
2024311449157,2024,311449157,1,9,0,-1,9,5,3,-1,0,8,0,0,0,0,4,1,-1,9,2,24,5,1248,1,8,HYUNDAI I10,-1,-1,0,-1
2024052401168,2024,052401168,2,9,0,5,5,5,1,0,0,8,0,0,0,0,2,1,6,6,1,22,5,998,1,8,HYUNDAI I10,1,E01006676,0,1
2024061513970,2024,061513970,1,9,0,-1,9,-1,-1,-1,99,0,0,99,0,0,1,1,-1,2,2,48,8,998,1,3,HYUNDAI I10,6,E01004912,0,1
2024421438419,2024,421438419,3,9,0,-1,3,1,5,-1,0,0,0,0,0,0,2,1,-1,9,2,72,10,1248,1,12,HYUNDAI I10,7,E01021737,0,1
2024471515924,2024,471515924,1,9,0,-1,19,3,7,-1,0,8,0,0,0,0,1,1,-1,2,1,18,4,1248,1,13,HYUNDAI I10,7,E01021046,0,3
2024361512474,2024,361512474,2,9,0,-1,3,5,1,-1,0,2,0,0,0,0,1,1,-1,1,1,19,4,1086,1,16,HYUNDAI I10,5,E01018067,0,1
2024991410383,2024,991410383,1,9,0,-1,6,8,8,-1,0,1,0,0,0,0,3,1,-1,9,2,74,10,998,1,1,HYUNDAI I10,-1,-1,0,-1
2024411460794,2024,411460794,1,9,0,-1,13,5,1,-1,0,0,2,0,0,0,1,1,-1,9,1,21,5,998,1,6,HYUNDAI I10,7,E01023754,0,3
2024161527449,2024,161527449,2,9,0,-1,2,0,0,-1,0,0,0,0,0,0,2,1,-1,6,-1,-1,-1,998,1,0,HYUNDAI I10,-1,-1,0,-1
2024010512935,2024,010512935,2,9,0,99,99,9,9,99,99,9,9,99,9,99,9,9,6,6,3,-1,-1,998,1,6,HYUNDAI I10,-1,-1,0,-1
2024061462760,2024,061462760,1,9,0,-1,2,-1,-1,-1,0,0,1,0,0,0,1,1,-1,9,1,32,6,1248,1,10,HYUNDAI I10,2,E01004906,0,1
2024101415100,2024,101415100,1,9,0,-1,19,7,3,-1,0,6,0,0,0,0,1,1,-1,6,2,28,6,1248,1,12,HYUNDAI I10,-1,-1,0,-1
2024451434593,2024,451434593,1,9,0,-1,19,7,3,-1,0,0,0,0,0,0,2,1,-1,9,1,43,7,1248,1,8,HYUNDAI I10,4,E01016448,0,3
2024411434665,2024,411434665,3,9,0,-1,19,3,7,-1,0,1,0,0,0,0,3,1,-1,6,2,37,7,1248,1,15,HYUNDAI I10,6,E01023934,0,1
2024201410745,2024,201410745,1,9,0,-1,4,8,4,-1,0,0,0,0,0,0,3,9,-1,9,2,57,9,1248,1,15,HYUNDAI I10,1,E01010142,0,1
2024471532595,2024,471532595,1,9,0,-1,19,6,8,-1,0,1,0,0,0,0,1,1,-1,9,2,53,8,1248,1,14,HYUNDAI I10,6,E01001149,0,4
2024131418867,2024,131418867,2,9,0,-1,19,6,2,-1,0,0,0,0,0,0,1,2,-1,2,1,64,9,998,1,8,HYUNDAI I10,1,E01011673,0,1
2024211422512,2024,211422512,2,9,0,-1,19,4,8,-1,0,1,0,0,0,0,1,9,-1,2,2,45,7,1248,1,12,HYUNDAI I10,1,E01029554,0,1
2024991509300,2024,991509300,1,9,0,-1,19,8,4,-1,0,4,0,0,0,0,1,1,-1,6,1,20,4,998,1,1,HYUNDAI I10,7,-1,0,2
2024052401565,2024,052401565,1,9,0,18,19,1,5,0,0,1,0,0,0,0,1,1,6,6,2,20,4,1248,1,15,HYUNDAI I10,9,E01007172,0,1
2024061483929,2024,061483929,1,9,0,-1,19,7,8,-1,0,1,0,0,0,0,1,1,-1,6,2,52,8,1248,1,15,HYUNDAI I10,1,E01005321,0,1
2024010527165,2024,010527165,2,9,0,18,19,5,1,0,0,1,0,0,0,0,1,1,6,6,2,80,11,998,1,9,HYUNDAI I10,-1,-1,0,-1
2024141532290,2024,141532290,1,9,0,-1,3,7,2,-1,0,0,0,0,0,0,2,1,-1,6,2,41,7,998,1,8,HYUNDAI I10,1,E01007723,0,1
2024991490765,2024,991490765,2,9,0,-1,4,2,6,-1,0,0,0,0,0,0,2,1,-1,9,2,82,11,1197,1,0,HYUNDAI I10,-1,-1,0,-1
2024221539054,2024,221539054,1,9,0,-1,9,8,6,-1,0,5,0,0,0,0,1,9,-1,9,2,83,11,1248,1,10,HYUNDAI I10,6,E01032476,0,1
2024531449384,2024,531449384,2,9,0,-1,19,1,5,-1,0,0,0,0,0,0,3,1,-1,9,2,76,11,1248,1,11,HYUNDAI I10,6,E01022442,0,1
2024991495900,2024,991495900,1,9,0,-1,19,3,7,-1,0,0,0,0,0,0,3,1,-1,9,2,27,6,998,1,7,HYUNDAI I10,1,E01005243,0,5
2024041421134,2024,041421134,1,9,0,-1,5,3,3,-1,0,6,0,0,0,0,1,1,-1,6,1,83,11,1248,1,15,HYUNDAI I10,3,E01025554,0,2
2024430214335,2024,430214335,2,9,0,18,19,3,7,0,0,8,0,10,7,0,1,1,6,6,1,52,8,1248,1,11,HYUNDAI I10,10,E01035235,0,2
2024440459801,2024,440459801,2,9,0,13,13,1,5,0,0,0,0,0,0,0,4,1,6,6,1,-1,-1,1248,1,14,HYUNDAI I10,-1,-1,0,-1
2024201550617,2024,201550617,1,9,0,-1,5,1,3,-1,0,0,0,0,0,0,4,9,-1,2,2,40,7,998,1,7,HYUNDAI I10,3,E01010018,0,1
2024411444109,2024,411444109,1,9,0,-1,19,5,1,-1,0,1,0,0,0,0,1,1,-1,6,3,-1,-1,1248,1,14,HYUNDAI I10,-1,-1,0,-1
2024131442236,2024,131442236,2,9,0,-1,8,5,1,-1,0,0,0,0,0,0,2,1,-1,9,2,60,9,998,1,7,HYUNDAI I10,2,E01011104,0,1
2024101398126,2024,101398126,1,9,0,-1,7,1,8,-1,0,5,0,0,0,0,4,9,-1,6,2,40,7,1248,1,13,HYUNDAI I10,1,E01008227,0,1
2024161496759,2024,161496759,2,9,0,-1,5,5,1,-1,0,1,0,0,0,0,1,1,-1,6,3,26,6,1248,1,13,HYUNDAI I10,-1,-1,0,-1
2024201460966,2024,201460966,1,9,0,-1,19,3,7,-1,0,6,0,0,0,0,1,1,-1,1,1,29,6,1248,1,12,HYUNDAI I10,1,E01009892,0,1
2024010540828,2024,010540828,1,9,0,5,5,1,5,0,0,6,0,0,3,0,1,1,2,2,2,47,8,1248,1,15,HYUNDAI I10,2,E01001361,0,3
2024010509267,2024,010509267,1,9,0,18,19,1,5,0,0,6,0,0,0,0,1,1,6,6,2,55,8,1197,1,1,HYUNDAI I10,9,E01001018,0,2
2024122400138,2024,122400138,1,9,0,11,11,5,7,0,0,1,0,0,1,1,1,1,6,6,2,83,11,998,1,6,HYUNDAI I10,10,E01027698,0,1
202417M106124,2024,17M106124,3,9,0,-1,19,2,6,-1,0,0,0,0,0,0,1,1,-1,9,1,33,6,1248,1,13,HYUNDAI I10,-1,-1,0,-1
2024421440103,2024,421440103,1,9,0,-1,19,6,2,-1,0,4,0,0,0,0,1,1,-1,9,2,84,11,1248,1,15,HYUNDAI I10,5,E01021707,0,1
2024122400117,2024,122400117,4,9,0,18,19,7,3,0,0,1,0,0,0,0,1,1,6,6,2,20,4,998,1,6,HYUNDAI I10,8,E01017931,0,5
2024991446638,2024,991446638,1,9,0,-1,5,7,1,-1,0,6,0,0,3,0,3,1,-1,6,2,18,4,1248,1,10,HYUNDAI I10,4,-1,0,1
2024440300799,2024,440300799,1,9,0,4,4,7,1,0,0,1,0,0,0,0,2,1,6,6,2,46,8,998,1,9,HYUNDAI I10,5,E01023079,0,2
2024471427562,2024,471427562,1,9,0,-1,7,1,5,-1,0,4,0,0,0,0,1,1,-1,2,2,20,4,1248,1,15,HYUNDAI I10,5,E01020949,0,2
2024361503668,2024,361503668,4,9,0,-1,2,3,7,-1,0,0,0,0,0,0,1,1,-1,6,2,49,8,1248,1,10,HYUNDAI I10,3,E01026640,0,1
2024041438951,2024,041438951,2,9,0,-1,19,3,7,-1,0,1,0,0,0,0,4,1,-1,9,2,41,7,1248,1,15,HYUNDAI I10,6,E01034342,0,1
2024552400578,2024,552400578,2,9,0,4,4,4,8,0,0,0,0,0,0,0,2,1,3,7,2,18,4,998,1,0,HYUNDAI I10,7,E01020537,0,4
2024451419546,2024,451419546,1,9,0,-1,19,3,7,-1,0,0,0,0,1,4,1,1,-1,9,1,74,10,998,1,2,HYUNDAI I10,10,E01030543,0,2
2024010537725,2024,010537725,2,9,9,99,99,9,9,99,99,0,9,99,9,99,9,9,6,6,3,-1,-1,1248,1,11,HYUNDAI I10,-1,-1,0,-1
2024302401077,2024,302401077,2,9,0,18,19,8,4,0,0,0,0,0,7,0,1,1,6,6,1,44,7,1248,1,14,HYUNDAI I10,5,E01019827,0,2
2024041426272,2024,041426272,1,9,0,-1,19,5,1,-1,0,0,0,0,0,0,1,1,-1,9,1,17,4,1248,1,12,HYUNDAI I10,8,E01005517,0,4
2024201456687,2024,201456687,1,9,0,-1,5,3,1,-1,0,8,0,0,0,0,1,9,-1,6,2,-1,-1,998,1,10,HYUNDAI I10,-1,-1,0,-1
2024430486673,2024,430486673,2,9,0,4,4,9,9,0,0,0,0,0,0,0,2,1,1,1,2,48,8,998,1,10,HYUNDAI I10,10,E01028622,0,1
2024451439689,2024,451439689,2,9,0,-1,19,8,4,-1,0,0,0,0,0,0,1,1,-1,9,2,47,8,1248,1,7,HYUNDAI I10,10,E01030436,0,1
2024440058959,2024,440058959,2,9,0,4,4,1,5,0,0,0,0,0,0,0,0,1,6,6,1,83,11,1248,1,11,HYUNDAI I10,3,E01017350,0,1
2024131491904,2024,131491904,1,9,0,-1,19,5,1,-1,0,8,0,0,0,0,4,1,-1,6,2,81,11,998,1,5,HYUNDAI I10,7,E01010860,0,1
2024211473248,2024,211473248,2,9,0,-1,4,5,1,-1,0,0,0,0,0,0,2,1,-1,6,2,45,7,1197,1,3,HYUNDAI I10,9,E01029506,0,1
2024430024040,2024,430024040,1,9,0,18,19,8,4,0,0,0,2,0,0,0,4,1,2,2,1,45,7,1248,1,15,HYUNDAI I10,7,E01016680,0,2
2024461405090,2024,461405090,2,9,0,-1,3,4,1,-1,0,0,0,0,0,0,2,9,-1,6,2,42,7,998,1,5,HYUNDAI I10,9,E01015982,0,1
2024610037324,2024,610037324,2,9,0,18,19,3,7,0,0,1,0,0,0,0,3,1,6,6,2,67,10,1248,1,11,HYUNDAI I10,3,W01001336,0,3
2024131421457,2024,131421457,1,9,0,-1,19,1,5,-1,0,0,0,0,0,0,1,1,-1,6,2,76,11,1248,1,7,HYUNDAI I10,5,E01011197,0,2
2024549445424,2024,549445424,1,9,0,18,19,2,6,0,0,1,0,0,0,0,1,1,1,1,2,27,6,1248,1,15,HYUNDAI I10,6,E01032692,0,1
2024451498793,2024,451498793,2,9,0,-1,19,5,1,-1,0,2,0,0,0,0,1,1,-1,2,2,52,8,1248,1,12,HYUNDAI I10,9,E01031001,0,1
2024141413020,2024,141413020,2,9,0,-1,19,5,1,-1,0,2,0,0,0,0,1,1,-1,9,1,62,9,1248,1,14,HYUNDAI I10,4,E01007331,0,1
2024411420664,2024,411420664,1,9,-1,-1,-1,-1,-1,-1,-1,-1,-1,-1,-1,0,-1,9,-1,6,2,61,9,1248,1,9,HYUNDAI I10,8,E01022060,0,1
2024111459647,2024,111459647,1,9,0,-1,4,8,4,-1,0,1,0,0,0,0,1,1,-1,6,2,30,6,998,1,6,HYUNDAI I10,7,E01020720,0,2
2024461494724,2024,461494724,2,9,0,-1,3,1,5,-1,0,8,0,0,0,0,3,9,-1,9,2,25,5,1248,1,11,HYUNDAI I10,4,E01016055,0,2
2024552401280,2024,552401280,1,9,0,5,5,7,3,0,0,8,0,0,0,0,1,1,6,6,1,60,9,1248,1,6,HYUNDAI I10,8,E01030835,0,5
2024041502865,2024,041502865,2,9,0,-1,5,5,1,-1,0,4,0,0,0,0,3,1,-1,9,2,57,9,998,1,7,HYUNDAI I10,4,E01025587,0,4
2024440442203,2024,440442203,2,9,0,4,4,1,5,0,0,1,0,0,0,0,1,1,6,6,1,37,7,1248,1,12,HYUNDAI I10,3,E01017227,0,2
2024122400761,2024,122400761,2,9,0,3,3,1,5,0,0,0,0,0,0,0,2,1,6,6,2,21,5,1248,1,13,HYUNDAI I10,9,E01011698,0,1
2024122401225,2024,122401225,1,9,0,7,7,3,5,0,0,5,0,0,1,9,1,1,6,6,2,18,4,1248,1,12,HYUNDAI I10,10,E01027733,0,2
2024221534301,2024,221534301,1,9,0,-1,19,4,8,-1,0,0,0,0,0,0,1,1,-1,6,2,55,8,1197,1,2,HYUNDAI I10,6,E01032288,0,3
2024520500296,2024,520500296,1,9,0,18,19,5,1,0,0,1,0,0,0,0,4,1,6,6,2,80,11,1248,1,12,HYUNDAI I10,6,E01029267,0,1
2024522402988,2024,522402988,1,9,0,9,9,4,2,0,0,6,0,0,0,0,4,1,6,6,2,24,5,1248,1,11,HYUNDAI I10,4,E01014485,0,1
2024421492373,2024,421492373,2,9,0,-1,-1,-1,-1,-1,-1,0,-1,-1,-1,0,-1,9,-1,6,2,43,7,998,1,8,HYUNDAI I10,8,E01035180,0,1
2024451527259,2024,451527259,1,9,0,-1,19,7,3,-1,0,0,0,4,0,0,1,1,-1,6,1,52,8,1248,1,13,HYUNDAI I10,6,E01030681,0,3
2024461424651,2024,461424651,1,9,0,-1,19,4,8,-1,0,0,0,0,0,0,1,1,-1,1,1,63,9,998,1,1,HYUNDAI I10,7,E01024635,0,4
2024531427604,2024,531427604,1,9,0,-1,9,7,3,-1,0,1,0,0,0,0,1,1,-1,1,2,17,4,998,1,1,HYUNDAI I10,4,E01022301,0,3
2024010496345,2024,010496345,1,9,0,9,9,4,2,0,0,1,0,0,0,0,1,1,6,6,2,27,6,1248,1,15,HYUNDAI I10,6,E01003003,0,4
2024451512330,2024,451512330,2,9,0,-1,19,7,3,-1,0,0,0,0,1,0,1,1,-1,9,1,17,4,1248,1,14,HYUNDAI I10,9,E01030821,0,1
2024430500064,2024,430500064,1,9,0,18,19,2,8,0,0,1,0,0,0,0,1,1,6,6,1,47,8,1248,1,14,HYUNDAI I10,5,E01016376,0,1
2024041488082,2024,041488082,2,9,0,-1,19,2,6,-1,0,1,0,0,1,0,1,1,-1,9,1,78,11,1248,1,15,HYUNDAI I10,8,E01024920,0,1
2024471510853,2024,471510853,1,9,0,-1,9,7,5,-1,0,1,0,0,0,0,1,1,-1,9,2,76,11,1248,1,14,HYUNDAI I10,7,E01021077,0,1
2024201439875,2024,201439875,1,9,0,-1,19,7,3,-1,0,1,0,0,0,0,1,1,-1,6,3,-1,-1,1248,1,13,HYUNDAI I10,-1,-1,0,-1
2024302401054,2024,302401054,1,9,0,7,7,2,4,0,0,6,0,0,0,0,3,1,6,6,1,90,11,1248,1,6,HYUNDAI I10,9,E01019602,0,2