collision_index,collision_year,collision_ref_no,vehicle_reference,vehicle_type,towing_and_articulation,vehicle_manoeuvre_historic,vehicle_manoeuvre,vehicle_direction_from,vehicle_direction_to,vehicle_location_restricted_lane_historic,vehicle_location_restricted_lane,junction_location,skidding_and_overturning,hit_object_in_carriageway,vehicle_leaving_carriageway,hit_object_off_carriageway,first_point_of_impact,vehicle_left_hand_drive,journey_purpose_of_driver_historic,journey_purpose_of_driver,sex_of_driver,age_of_driver,age_band_of_driver,engine_capacity_cc,propulsion_code,age_of_vehicle,generic_make_model,driver_imd_decile,lsoa_of_driver,escooter_flag,driver_distance_banding
2024221438233,2024,221438233,1,9,0,-1,19,5,1,-1,0,0,0,4,0,0,1,1,-1,2,1,36,7,1248,1,11,HYUNDAI I10,5,E01032188,0,1
2024311460466,2024,311460466,1,9,0,-1,19,8,5,-1,0,1,0,0,0,0,1,1,-1,1,2,54,8,1248,1,9,HYUNDAI I10,7,E01028086,0,1
2024461506248,2024,461506248,1,9,0,-1,19,6,4,-1,0,0,0,0,0,0,1,1,-1,9,2,87,11,1248,1,6,HYUNDAI I10,10,E01024337,0,3
2024302400254,2024,302400254,1,9,0,18,19,8,4,0,0,8,0,0,0,0,1,1,2,2,1,53,8,1248,1,13,HYUNDAI I10,3,E01019661,0,2
2024552401485,2024,552401485,3,9,0,3,3,4,8,0,0,0,0,0,0,0,2,1,6,6,2,36,7,1197,1,0,HYUNDAI I10,4,E01020394,0,1
2024430244621,2024,430244621,1,9,0,3,3,5,8,0,0,1,0,0,0,0,2,1,6,6,2,51,8,1248,1,10,HYUNDAI I10,6,E01017929,0,2
202454E932024,2024,54E932024,1,9,0,18,19,4,8,0,0,0,0,4,0,0,1,1,6,6,2,78,11,1248,1,8,HYUNDAI I10,9,E01034532,0,1
2024501519611,2024,501519611,1,9,0,-1,19,7,3,-1,0,0,0,0,0,0,1,1,-1,9,1,18,4,1248,1,10,HYUNDAI I10,4,E01020292,0,4
2024201509118,2024,201509118,1,9,0,-1,9,4,2,-1,0,5,0,0,0,0,0,1,-1,6,1,30,6,1248,1,12,HYUNDAI I10,1,E01009486,0,1
2024430500406,2024,430500406,2,9,0,17,19,8,5,0,0,8,0,0,0,0,1,1,6,6,1,39,7,1248,1,11,HYUNDAI I10,10,E01017862,0,1
2024041500008,2024,041500008,2,9,0,-1,3,3,7,-1,0,1,0,0,0,0,2,1,-1,9,2,83,11,1248,1,12,HYUNDAI I10,9,E01034348,0,2
2024340WN0252,2024,340WN0252,2,9,0,-1,19,8,4,-1,0,0,0,0,0,0,2,1,-1,9,2,19,4,1248,1,12,HYUNDAI I10,9,E01035480,0,5
2024451419607,2024,451419607,1,9,0,-1,7,5,8,-1,0,6,0,0,0,0,1,1,-1,9,1,87,11,1248,1,9,HYUNDAI I10,9,E01030947,0,1
2024401411424,2024,401411424,2,9,-1,-1,-1,-1,-1,-1,-1,0,-1,-1,-1,0,3,9,-1,9,2,20,4,998,1,7,HYUNDAI I10,10,E01023803,0,3
2024010544891,2024,010544891,1,9,0,99,99,9,9,99,99,9,9,99,9,99,1,9,6,6,1,44,7,998,1,0,HYUNDAI I10,-1,-1,0,-1
2024070982240,2024,070982240,1,9,0,-1,19,6,2,-1,0,1,0,0,0,0,1,1,-1,9,2,66,10,1197,1,0,HYUNDAI I10,8,E01018458,0,1
2024361421034,2024,361421034,1,9,0,-1,19,2,6,-1,0,6,0,0,7,9,4,1,-1,6,1,17,4,1248,1,14,HYUNDAI I10,7,E01018085,0,3
2024101510305,2024,101510305,2,9,0,-1,3,8,4,-1,0,8,0,0,0,0,2,1,-1,6,2,52,8,998,1,9,HYUNDAI I10,3,E01020787,0,2
2024411490867,2024,411490867,1,9,0,-1,19,5,1,-1,0,0,0,0,0,0,1,1,-1,6,2,85,11,1248,1,15,HYUNDAI I10,9,E01023629,0,3
2024320091212,2024,320091212,1,9,0,-1,-1,8,2,0,0,5,5,0,3,1,1,1,-1,-1,2,29,6,1248,1,13,HYUNDAI I10,4,E01026271,0,4
2024411443676,2024,411443676,2,9,0,-1,19,4,8,-1,0,0,0,0,0,0,3,1,-1,6,1,64,9,998,1,6,HYUNDAI I10,8,E01033029,0,1
2024421437772,2024,421437772,2,9,0,-1,19,2,6,-1,0,0,0,0,0,0,3,9,-1,9,1,44,7,1248,1,6,HYUNDAI I10,4,E01021817,0,1
2024361505699,2024,361505699,2,9,0,-1,19,5,1,-1,0,5,0,0,0,0,3,1,-1,9,1,34,6,998,1,1,HYUNDAI I10,2,E01026796,0,1
2024411445132,2024,411445132,1,9,0,-1,19,2,6,-1,0,0,0,11,0,0,1,1,-1,6,2,77,11,1248,1,11,HYUNDAI I10,8,E01023649,0,1
2024131535190,2024,131535190,2,9,0,-1,19,4,7,-1,0,1,5,0,0,0,2,1,-1,9,2,16,4,998,1,8,HYUNDAI I10,6,E01011941,0,2
2024522401600,2024,522401600,1,9,0,4,4,2,6,0,0,1,0,0,0,0,2,1,6,6,2,62,9,1248,1,14,HYUNDAI I10,8,E01014867,0,1
2024131450385,2024,131450385,2,9,0,-1,19,3,7,-1,0,2,0,0,1,0,1,1,-1,2,2,22,5,1248,1,11,HYUNDAI I10,1,E01010605,0,1
2024501524145,2024,501524145,1,9,0,-1,19,3,7,-1,0,2,0,0,2,11,1,1,-1,9,1,79,11,998,1,8,HYUNDAI I10,7,E01020263,0,1
2024061499538,2024,061499538,1,9,0,-1,3,3,7,-1,0,8,0,0,1,0,2,1,-1,2,2,28,6,1248,1,14,HYUNDAI I10,1,E01005527,0,1
2024320336994,2024,320336994,1,9,0,-1,-1,6,2,0,0,3,5,0,0,10,1,1,6,6,1,28,6,1248,1,15,HYUNDAI I10,4,E01026071,0,4
2024622400086,2024,622400086,1,9,0,18,19,5,1,0,0,8,0,0,0,0,1,1,6,6,1,18,4,1248,1,11,HYUNDAI I10,9,W01000815,0,2
2024501435300,2024,501435300,2,9,0,-1,19,2,6,-1,0,0,0,0,0,0,1,1,-1,2,2,47,8,1248,1,8,HYUNDAI I10,6,E01020187,0,1
2024131432276,2024,131432276,1,9,0,-1,-1,-1,-1,-1,-1,0,-1,-1,-1,-1,-1,1,-1,6,3,-1,-1,998,1,8,HYUNDAI I10,-1,-1,0,-1
2024610055524,2024,610055524,1,9,0,9,9,6,4,0,0,8,0,10,0,0,1,1,6,6,1,17,4,1248,1,12,HYUNDAI I10,5,W01001412,0,2
2024161519260,2024,161519260,1,9,0,-1,9,4,2,-1,0,6,0,0,0,0,1,9,-1,6,2,53,8,1248,1,15,HYUNDAI I10,3,E01012839,0,2
2024141394226,2024,141394226,1,9,0,-1,19,1,5,-1,0,0,0,0,0,0,2,1,-1,9,1,63,9,1248,1,14,HYUNDAI I10,2,E01007784,0,1
2024440360128,2024,440360128,1,9,0,5,5,4,7,0,0,4,0,0,0,0,1,1,1,1,1,51,8,998,1,1,HYUNDAI I10,1,E01017154,0,2
2024211519176,2024,211519176,1,9,0,-1,12,4,2,-1,0,0,0,0,0,0,2,1,-1,2,2,48,8,1248,1,6,HYUNDAI I10,7,E01029856,0,3
2024440287391,2024,440287391,1,9,0,11,11,5,1,0,0,0,2,0,0,0,4,1,6,6,1,20,4,1248,1,11,HYUNDAI I10,10,E01022433,0,4
2024440020531,2024,440020531,1,9,0,18,19,6,2,0,0,0,0,0,0,0,1,1,3,7,1,42,7,1197,1,2,HYUNDAI I10,1,E01017031,0,2
2024471421121,2024,471421121,1,9,0,-1,7,5,7,-1,0,0,0,0,7,9,1,1,-1,9,2,85,11,1248,1,13,HYUNDAI I10,5,E01031529,0,1
2024440088339,2024,440088339,1,9,0,18,19,2,6,0,0,0,0,0,0,0,2,1,6,6,1,53,8,998,1,2,HYUNDAI I10,6,E01023237,0,4
2024201499317,2024,201499317,1,9,0,-1,9,2,8,-1,0,8,0,0,0,0,3,1,-1,9,2,63,9,998,1,8,HYUNDAI I10,7,E01022198,0,4
2024122400883,2024,122400883,2,9,0,18,19,7,3,0,0,1,1,0,0,0,1,1,6,6,2,28,6,1248,1,14,HYUNDAI I10,4,E01013390,0,3
2024501522449,2024,501522449,2,9,0,-1,19,1,5,-1,0,8,1,0,0,0,1,1,-1,9,1,68,10,998,1,5,HYUNDAI I10,4,E01018920,0,1
2024361509451,2024,361509451,1,9,0,-1,19,1,5,-1,0,1,0,0,0,0,1,1,-1,9,2,33,6,1248,1,5,HYUNDAI I10,9,E01021561,0,5
2024451490683,2024,451490683,1,9,0,-1,11,1,1,-1,0,0,0,0,1,0,3,1,-1,2,2,27,6,1248,1,7,HYUNDAI I10,7,E01016569,0,2
2024351471559,2024,351471559,1,9,0,-1,5,1,5,-1,0,3,0,0,0,0,3,1,-1,6,1,78,11,1248,1,14,HYUNDAI I10,6,E01015691,0,1
2024421425560,2024,421425560,1,9,0,-1,19,5,1,-1,0,0,0,0,0,0,1,1,-1,9,2,80,11,1248,1,9,HYUNDAI I10,7,E01021656,0,1
2024201483673,2024,201483673,1,9,0,-1,2,0,0,-1,9,0,1,0,0,0,4,1,-1,6,-1,-1,-1,998,1,5,HYUNDAI I10,-1,-1,0,-1
2024071018455,2024,071018455,1,9,0,-1,19,2,6,-1,0,4,0,0,0,0,1,1,-1,1,1,28,6,1197,1,2,HYUNDAI I10,1,E01006697,0,3
2024332401180,2024,332401180,1,9,0,-1,3,1,5,-1,0,1,0,0,0,0,2,1,-1,2,2,27,6,1248,1,9,HYUNDAI I10,7,E01031137,0,2
2024421398063,2024,421398063,2,9,0,-1,19,8,2,-1,0,0,0,0,0,0,1,1,-1,9,2,58,9,1248,1,12,HYUNDAI I10,1,E01021998,0,3
2024991424406,2024,991424406,1,9,0,-1,5,5,1,-1,0,0,0,0,0,0,1,1,-1,1,2,61,9,998,1,2,HYUNDAI I10,7,-1,0,1
2024371480640,2024,371480640,2,9,0,-1,2,0,0,-1,0,0,0,0,0,0,3,1,-1,6,-1,-1,-1,998,1,5,HYUNDAI I10,-1,-1,0,-1
2024440124599,2024,440124599,2,9,0,18,19,2,6,0,0,8,0,0,0,0,1,1,6,6,1,54,8,998,1,7,HYUNDAI I10,8,E01023195,0,1
2024501450439,2024,501450439,1,9,0,-1,2,0,0,-1,0,2,0,0,0,0,2,1,-1,6,1,77,11,1248,1,13,HYUNDAI I10,8,E01018792,0,1
2024440100615,2024,440100615,2,9,0,18,19,6,3,0,0,8,0,0,0,0,4,1,2,2,2,52,8,998,1,8,HYUNDAI I10,10,E01022850,0,1
2024311517581,2024,311517581,2,9,0,-1,9,6,4,-1,0,8,0,0,0,0,1,1,-1,9,2,40,7,998,1,0,HYUNDAI I10,-1,-1,0,-1
2024201530300,2024,201530300,1,9,0,-1,7,5,7,-1,0,6,0,0,0,0,1,9,-1,2,2,61,9,1248,1,14,HYUNDAI I10,9,E01031304,0,3
2024451518029,2024,451518029,1,9,0,-1,9,3,7,-1,0,5,0,0,0,0,3,1,-1,9,2,69,10,1248,1,6,HYUNDAI I10,3,E01030578,0,1
2024201437060,2024,201437060,1,9,0,-1,19,6,2,-1,0,1,5,4,0,0,4,1,-1,6,2,85,11,1197,1,1,HYUNDAI I10,8,E01009472,0,1
2024302400729,2024,302400729,2,9,0,18,19,4,8,0,0,2,0,0,0,0,2,1,2,2,2,25,5,1248,1,7,HYUNDAI I10,6,E01019477,0,2
2024161488156,2024,161488156,1,9,0,-1,19,8,4,-1,0,0,0,4,0,0,1,1,-1,9,1,79,11,998,1,10,HYUNDAI I10,9,E01026401,0,2
2024041426513,2024,041426513,2,9,0,-1,5,1,3,-1,0,1,0,0,0,0,4,1,-1,9,2,37,7,1248,1,15,HYUNDAI I10,5,E01024859,0,2
2024552401179,2024,552401179,3,9,0,2,2,0,0,0,0,8,0,0,0,0,4,1,6,6,3,-1,-1,998,1,0,HYUNDAI I10,-1,-1,0,-1
2024131472966,2024,131472966,1,9,0,-1,9,1,5,-1,0,8,0,0,0,0,1,1,-1,9,2,18,4,1248,1,13,HYUNDAI I10,2,E01011854,0,1
2024451514534,2024,451514534,1,9,0,-1,19,1,5,-1,0,0,5,0,0,0,1,1,-1,9,1,20,4,1248,1,13,HYUNDAI I10,5,E01034293,0,3
2024010532838,2024,010532838,4,9,0,99,99,9,9,0,0,0,0,0,0,0,2,9,6,6,3,-1,-1,998,1,6,HYUNDAI I10,-1,-1,0,-1
2024991489182,2024,991489182,2,9,0,-1,10,2,7,-1,0,8,0,0,0,0,1,1,-1,6,1,81,11,998,1,6,HYUNDAI I10,1,-1,0,1
2024991411738,2024,991411738,1,9,0,-1,19,2,7,-1,0,0,1,4,1,0,1,1,-1,9,1,20,4,1248,1,11,HYUNDAI I10,8,-1,0,1
2024221412589,2024,221412589,2,9,0,-1,19,8,4,-1,0,0,1,0,7,0,1,1,-1,1,2,23,5,998,1,4,HYUNDAI I10,5,E01013991,0,1
2024430252322,2024,430252322,2,9,0,14,14,3,7,0,0,2,0,4,0,0,1,1,6,6,2,41,7,1248,1,15,HYUNDAI I10,10,E01017636,0,1
2024211461648,2024,211461648,1,9,0,-1,5,5,1,-1,0,1,0,0,0,0,3,1,-1,6,1,-1,-1,998,1,1,HYUNDAI I10,9,E01029536,0,1
2024351439769,2024,351439769,2,9,-1,-1,-1,-1,-1,-1,-1,0,-1,-1,-1,0,-1,9,-1,9,2,50,8,1248,1,12,HYUNDAI I10,8,E01032794,0,3
2024991507768,2024,991507768,2,9,0,-1,3,1,5,-1,0,0,0,0,0,0,2,1,-1,9,2,32,6,998,1,2,HYUNDAI I10,6,-1,0,1
2024122400982,2024,122400982,2,9,0,18,19,2,6,0,0,1,0,0,0,0,1,1,6,6,1,44,7,1248,1,13,HYUNDAI I10,8,E01034959,0,1
2024451469029,2024,451469029,1,9,0,-1,19,1,5,-1,0,8,0,0,0,0,1,1,-1,9,1,39,7,1248,1,14,HYUNDAI I10,5,E01030980,0,1
2024440545647,2024,440545647,1,9,0,18,19,3,7,0,0,1,0,0,0,0,3,1,6,6,1,61,9,998,1,2,HYUNDAI I10,7,E01017094,0,1
2024451479576,2024,451479576,2,9,0,-1,9,6,4,-1,0,4,0,0,0,0,4,1,-1,6,2,35,6,1248,1,12,HYUNDAI I10,7,E01030905,0,1
2024522403108,2024,522403108,1,9,0,3,3,5,8,0,0,1,0,0,0,0,2,1,6,6,2,20,4,1248,1,12,HYUNDAI I10,8,E01014797,0,3
2024531411177,2024,531411177,1,9,0,-1,19,2,6,-1,0,0,0,0,1,1,1,1,-1,6,1,19,4,1248,1,14,HYUNDAI I10,6,E01022262,0,3
2024010521495,2024,010521495,2,9,0,16,19,3,7,0,0,3,0,0,0,0,1,1,6,6,1,63,9,1248,1,9,HYUNDAI I10,10,E01035235,0,4
2024041398102,2024,041398102,1,9,0,-1,19,1,5,-1,0,0,1,0,0,0,1,1,-1,9,1,87,11,1248,1,14,HYUNDAI I10,6,E01025026,0,4
2024440407022,2024,440407022,2,9,0,18,19,6,2,0,0,8,0,0,0,0,1,1,6,6,2,85,11,1248,1,11,HYUNDAI I10,4,E01023106,0,1
2024552400635,2024,552400635,2,9,0,3,3,6,2,0,0,1,0,0,0,0,2,1,6,6,2,28,6,1248,1,9,HYUNDAI I10,4,E01015343,0,1
2024131433852,2024,131433852,2,9,0,-1,2,7,3,-1,0,0,0,0,0,0,1,1,-1,6,-1,-1,-1,998,1,1,HYUNDAI I10,-1,-1,0,-1
2024520001455,2024,520001455,1,9,0,4,4,5,1,0,0,0,0,0,0,0,2,1,6,6,2,20,4,1086,1,16,HYUNDAI I10,6,E01029045,0,4
2024440198468,2024,440198468,1,9,0,17,19,5,2,0,0,0,0,0,0,0,1,1,6,6,2,42,7,998,1,7,HYUNDAI I10,8,E01022591,0,3
2024631447836,2024,631447836,1,9,0,-1,9,8,6,-1,0,5,0,0,0,0,4,1,-1,9,2,80,11,1248,1,8,HYUNDAI I10,5,W01002014,0,1
2024440364708,2024,440364708,2,9,0,18,19,5,1,0,0,0,0,0,0,10,1,1,6,6,1,28,6,998,1,7,HYUNDAI I10,5,-1,0,5
2024471416975,2024,471416975,2,9,0,-1,5,5,1,-1,0,6,0,0,0,0,4,1,-1,2,2,26,6,998,1,7,HYUNDAI I10,7,E01016853,0,1
2024041397566,2024,041397566,2,9,0,-1,19,5,1,-1,0,4,0,0,0,0,2,1,-1,9,2,80,11,1248,1,12,HYUNDAI I10,5,E01025591,0,3
2024991470497,2024,991470497,1,9,0,-1,9,4,2,-1,0,8,0,0,0,0,1,1,-1,6,1,18,4,1248,1,10,HYUNDAI I10,7,-1,0,1
2024201460324,2024,201460324,1,9,0,-1,1,5,2,-1,0,0,0,4,0,0,1,9,-1,9,2,40,7,1248,1,7,HYUNDAI I10,2,E01010428,0,1
2024522402079,2024,522402079,1,9,0,12,12,2,6,0,0,0,0,0,0,0,1,1,6,6,2,28,6,998,1,5,HYUNDAI I10,6,E01020179,0,5
2024131436134,2024,131436134,3,9,0,-1,19,3,3,-1,0,1,0,0,0,0,1,1,-1,9,2,43,7,998,1,2,HYUNDAI I10,10,E01011516,0,1
2024010509011,2024,010509011,2,9,0,99,99,9,9,99,99,9,9,99,9,99,1,9,6,6,3,46,8,1197,1,4,HYUNDAI I10,2,E01004524,0,1
2024401498265,2024,401498265,2,9,0,-1,2,0,0,-1,0,1,0,0,7,11,4,1,-1,6,1,34,6,1248,1,11,HYUNDAI I10,3,E01015783,0,1
2024211512101,2024,211512101,1,9,0,-1,4,7,3,-1,0,0,0,0,0,0,2,1,-1,9,1,78,11,998,1,8,HYUNDAI I10,5,E01014308,0,1
2024351431776,2024,351431776,2,9,0,-1,20,2,6,-1,0,0,0,0,0,0,2,9,-1,1,1,50,8,998,1,1,HYUNDAI I10,5,E01021388,0,4
2024231452958,2024,231452958,2,9,0,-1,4,2,5,-1,0,1,0,0,0,0,2,9,-1,2,2,36,7,998,1,8,HYUNDAI I10,10,E01010170,0,3
2024111503819,2024,111503819,1,9,0,-1,19,4,8,-1,0,0,0,0,0,0,1,9,-1,6,1,73,10,1248,1,14,HYUNDAI I10,5,E01034492,0,1
2024221463317,2024,221463317,1,9,0,-1,19,1,6,-1,0,8,0,0,0,0,1,9,-1,6,1,37,7,998,1,7,HYUNDAI I10,4,E01028880,0,1
2024201431271,2024,201431271,1,9,0,-1,14,4,8,-1,0,0,0,0,0,0,1,1,-1,9,2,52,8,1248,1,12,HYUNDAI I10,5,E01009765,0,1
2024231535769,2024,231535769,1,9,0,-1,9,5,4,-1,0,6,1,0,3,0,4,1,-1,6,1,17,4,1248,1,11,HYUNDAI I10,6,E01031035,0,1
2024061518662,2024,061518662,1,9,0,-1,19,-1,-1,-1,99,0,0,99,0,0,9,1,-1,6,3,-1,-1,998,1,0,HYUNDAI I10,-1,-1,0,-1
2024991408451,2024,991408451,1,9,0,-1,9,6,3,-1,0,8,0,0,0,0,1,1,-1,6,2,17,4,1248,1,12,HYUNDAI I10,9,-1,0,1
2024061503053,2024,061503053,1,9,0,-1,9,7,5,-1,0,8,0,0,0,0,4,1,-1,6,1,19,4,1248,1,10,HYUNDAI I10,1,E01005485,0,1
2024991401828,2024,991401828,1,9,0,-1,19,2,7,-1,0,8,0,0,0,0,3,1,-1,6,2,54,8,998,1,2,HYUNDAI I10,3,-1,0,1
2024211510117,2024,211510117,2,9,0,-1,4,7,3,-1,0,0,0,0,0,0,2,1,-1,2,1,27,6,998,1,10,HYUNDAI I10,8,E01014346,0,1
2024201434969,2024,201434969,3,9,0,-1,2,0,0,-1,0,0,0,0,0,0,1,1,-1,6,-1,-1,-1,998,1,10,HYUNDAI I10,-1,-1,0,-1
2024440149429,2024,440149429,1,9,0,11,11,4,8,0,0,0,1,0,4,6,2,1,6,6,2,19,4,1248,1,13,HYUNDAI I10,6,E01022777,0,2
2024010529677,2024,010529677,2,9,0,99,99,9,9,99,99,9,9,99,9,99,9,9,6,6,3,-1,-1,1248,1,13,HYUNDAI I10,-1,-1,0,-1
2024471534251,2024,471534251,1,9,0,-1,9,7,5,-1,0,0,0,0,0,0,3,1,-1,9,2,65,9,998,1,1,HYUNDAI I10,4,E01021002,0,1
2024010550138,2024,010550138,2,9,0,99,99,9,9,99,99,1,9,99,9,99,1,9,6,6,2,37,7,998,1,5,HYUNDAI I10,3,E01002306,0,1
2024302401313,2024,302401313,2,9,0,18,19,1,5,0,0,0,0,0,0,0,2,1,6,6,2,66,10,998,1,10,HYUNDAI I10,-1,-1,0,-1
2024320631756,2024,320631756,2,9,0,-1,-1,6,2,0,0,1,0,0,0,0,1,1,-1,-1,2,29,6,998,1,5,HYUNDAI I10,9,E01026370,0,1
2024010535711,2024,010535711,1,9,0,1,1,3,7,9,9,2,0,4,0,0,2,1,6,6,2,91,11,1248,1,15,HYUNDAI I10,4,E01000531,0,1
2024421437411,2024,421437411,2,9,0,-1,19,1,5,-1,0,8,0,0,0,0,1,1,-1,6,-1,20,4,998,1,10,HYUNDAI I10,-1,-1,0,-1
2024471404585,2024,471404585,1,9,0,-1,19,1,5,-1,0,0,0,0,0,0,1,1,-1,2,2,48,8,1248,1,5,HYUNDAI I10,6,E01016890,0,1
2024211487314,2024,211487314,2,9,0,-1,2,0,0,-1,9,0,0,0,0,0,1,1,-1,6,2,72,10,998,1,9,HYUNDAI I10,-1,-1,0,-1
2024552401201,2024,552401201,2,9,0,18,19,1,5,0,0,0,0,0,0,0,1,1,6,6,1,43,7,998,1,8,HYUNDAI I10,8,E01015351,0,1
2024411464749,2024,411464749,2,9,0,-1,4,6,2,-1,0,1,0,7,0,0,2,1,-1,6,2,52,8,1248,1,7,HYUNDAI I10,7,E01023892,0,1
2024451408390,2024,451408390,1,9,0,-1,19,3,7,-1,0,0,1,0,0,0,1,1,-1,1,2,43,7,1248,1,13,HYUNDAI I10,2,E01030483,0,1
2024520002674,2024,520002674,4,9,0,2,2,0,0,0,0,0,0,0,0,0,3,1,6,6,2,33,6,1248,1,15,HYUNDAI I10,9,E01014481,0,1
2024052402740,2024,052402740,2,9,0,18,19,5,1,0,0,1,0,0,0,0,0,1,2,2,1,20,4,998,1,6,HYUNDAI I10,1,E01006455,0,1
2024991477285,2024,991477285,1,9,0,-1,19,7,3,-1,0,0,0,0,0,0,4,1,-1,6,2,80,11,1248,1,8,HYUNDAI I10,10,-1,0,1
2024471526231,2024,471526231,3,9,0,-1,8,8,4,-1,0,8,0,0,0,0,3,1,-1,6,2,48,8,1248,1,6,HYUNDAI I10,10,E01016984,0,1
2024440048745,2024,440048745,1,9,0,9,9,2,7,0,0,8,0,0,0,0,4,1,6,6,1,18,4,998,1,5,HYUNDAI I10,7,E01022880,0,1
2024010503667,2024,010503667,2,9,0,9,9,5,3,0,0,8,0,0,0,0,1,1,6,6,2,28,6,1248,1,8,HYUNDAI I10,3,E01003387,0,3
2024520403445,2024,520403445,2,9,0,17,19,7,3,0,0,0,5,0,1,10,3,1,6,6,1,29,6,1248,1,11,HYUNDAI I10,2,E01029112,0,2
2024010542565,2024,010542565,2,9,0,18,19,1,5,0,0,3,0,0,0,0,3,1,1,1,2,33,6,1248,1,12,HYUNDAI I10,4,E01002442,0,2
2024421418126,2024,421418126,2,9,0,-1,9,5,3,-1,0,1,0,0,0,0,3,1,-1,6,1,66,10,1248,1,12,HYUNDAI I10,6,E01021344,0,1
2024622400243,2024,622400243,1,9,0,18,19,2,6,0,0,0,0,0,1,2,1,1,2,2,2,42,7,998,1,7,HYUNDAI I10,3,W01001805,0,1
2024421501297,2024,421501297,1,9,0,-1,19,5,1,-1,0,0,1,0,1,0,1,1,-1,9,2,18,4,1248,1,15,HYUNDAI I10,6,E01018186,0,4
2024111446425,2024,111446425,1,9,0,-1,19,7,3,-1,0,1,1,0,0,0,1,1,-1,1,2,17,4,1248,1,13,HYUNDAI I10,2,E01020797,0,3
2024471497182,2024,471497182,1,9,0,-1,7,3,5,-1,0,5,0,0,0,0,2,1,-1,9,1,39,7,1248,1,14,HYUNDAI I10,10,E01035348,0,1
2024501485804,2024,501485804,1,9,0,-1,19,6,2,-1,0,0,0,0,0,0,1,1,-1,6,1,78,11,998,1,5,HYUNDAI I10,6,E01020006,0,1
2024471402289,2024,471402289,1,9,0,-1,19,7,3,-1,0,0,0,0,0,0,3,1,-1,6,2,71,10,998,1,8,HYUNDAI I10,9,E01020945,0,1
2024361540806,2024,361540806,2,9,0,-1,6,5,1,-1,0,0,0,0,0,0,3,1,-1,9,2,64,9,998,1,8,HYUNDAI I10,4,E01026661,0,1
2024010516302,2024,010516302,1,9,0,18,19,7,3,0,0,2,0,4,0,0,1,1,6,6,2,18,4,998,1,10,HYUNDAI I10,7,E01024137,0,2
2024522500168,2024,522500168,2,9,0,17,19,6,4,0,0,8,0,0,0,0,1,1,6,6,3,-1,-1,998,1,9,HYUNDAI I10,-1,-1,0,-1
2024531398087,2024,531398087,1,9,0,-1,19,5,1,-1,0,0,5,0,1,4,3,1,-1,9,1,17,4,1248,1,15,HYUNDAI I10,8,E01022437,0,2
2024010544505,2024,010544505,1,9,0,99,99,9,9,99,99,9,9,99,9,99,1,9,6,6,3,26,6,1248,1,5,HYUNDAI I10,-1,-1,0,-1
2024411445691,2024,411445691,2,9,0,-1,19,2,6,-1,0,0,0,0,0,0,1,1,-1,9,1,37,7,1248,1,7,HYUNDAI I10,10,E01023734,0,1
2024101462658,2024,101462658,1,9,0,-1,9,2,8,-1,0,8,0,0,0,0,3,9,-1,6,1,74,10,1248,1,13,HYUNDAI I10,1,E01012033,0,4
2024010549440,2024,010549440,2,9,0,18,19,1,5,0,0,1,0,0,0,0,1,1,6,6,1,30,6,1086,1,16,HYUNDAI I10,3,E01003636,0,1
2024061433670,2024,061433670,1,9,0,-1,9,-1,-1,-1,99,0,0,0,0,0,1,1,-1,9,2,56,9,1248,1,13,HYUNDAI I10,1,E01005984,0,1
2024141445293,2024,141445293,2,9,0,-1,3,2,6,-1,0,0,0,0,0,0,2,1,-1,6,-1,84,11,1197,1,1,HYUNDAI I10,-1,-1,0,-1
2024010512691,2024,010512691,2,9,0,99,99,9,9,99,99,9,9,99,9,99,9,9,6,6,3,-1,-1,1248,1,12,HYUNDAI I10,-1,-1,0,-1
2024302400755,2024,302400755,2,9,0,18,19,8,2,0,0,0,0,0,0,0,4,1,6,6,2,22,5,998,1,7,HYUNDAI I10,1,E01013584,0,1
2024461470992,2024,461470992,3,9,0,-1,2,7,7,-1,0,0,0,0,0,0,3,1,-1,6,-1,-1,-1,1248,1,7,HYUNDAI I10,-1,-1,0,-1
2024351543873,2024,351543873,1,9,0,-1,19,5,1,-1,0,1,1,0,7,10,1,1,-1,6,1,25,5,998,1,10,HYUNDAI I10,2,E01015601,0,1
2024211433776,2024,211433776,1,9,0,-1,19,1,5,-1,0,0,0,0,0,0,3,1,-1,6,2,27,6,1248,1,14,HYUNDAI I10,3,E01014283,0,2
2024332400135,2024,332400135,1,9,0,-1,19,9,9,-1,0,1,0,0,0,0,1,1,-1,6,3,-1,-1,998,1,8,HYUNDAI I10,-1,-1,0,-1
2024010550144,2024,010550144,2,9,9,99,99,9,9,99,99,9,9,99,9,99,9,9,6,6,3,-1,-1,1248,1,14,HYUNDAI I10,-1,-1,0,-1
2024332400584,2024,332400584,2,9,0,-1,15,2,6,-1,0,8,0,0,0,0,1,1,-1,6,2,24,5,998,1,4,HYUNDAI I10,5,E01032862,0,1
202454A577424,2024,54A577424,2,9,0,18,19,1,5,0,0,1,0,0,0,0,1,1,6,6,2,22,5,1248,1,15,HYUNDAI I10,7,E01031976,0,1
2024201518607,2024,201518607,2,9,0,-1,8,2,8,-1,0,1,0,0,0,0,1,9,-1,6,1,39,7,1248,1,8,HYUNDAI I10,6,E01009926,0,1