collision_index,collision_year,collision_ref_no,vehicle_reference,vehicle_type,towing_and_articulation,vehicle_manoeuvre_historic,vehicle_manoeuvre,vehicle_direction_from,vehicle_direction_to,vehicle_location_restricted_lane_historic,vehicle_location_restricted_lane,junction_location,skidding_and_overturning,hit_object_in_carriageway,vehicle_leaving_carriageway,hit_object_off_carriageway,first_point_of_impact,vehicle_left_hand_drive,journey_purpose_of_driver_historic,journey_purpose_of_driver,sex_of_driver,age_of_driver,age_band_of_driver,engine_capacity_cc,propulsion_code,age_of_vehicle,generic_make_model,driver_imd_decile,lsoa_of_driver,escooter_flag,driver_distance_banding
2024041494820,2024,041494820,1,9,0,-1,19,5,1,-1,0,0,0,0,0,0,1,1,-1,6,2,58,9,998,1,8,HYUNDAI I10,6,E01034340,0,1
2024302401761,2024,302401761,2,9,0,-1,4,1,5,-1,0,1,0,0,0,0,2,1,-1,2,2,42,7,1248,1,9,HYUNDAI I10,8,E01019872,0,1
2024311525790,2024,311525790,3,9,0,-1,19,5,8,-1,0,0,1,0,7,0,1,1,-1,9,1,74,10,1248,1,12,HYUNDAI I10,4,E01027928,0,1
2024340WN0152,2024,340WN0152,1,9,0,-1,19,4,8,-1,0,0,1,0,0,0,1,1,-1,1,2,37,7,1248,1,16,HYUNDAI I10,10,E01027300,0,2
2024070398270,2024,070398270,2,9,0,18,19,7,3,0,0,1,0,0,0,0,2,1,6,6,2,39,7,1248,1,5,HYUNDAI I10,8,E01018591,0,1
2024421517965,2024,421517965,1,9,0,-1,19,8,4,-1,0,2,0,0,0,0,1,1,-1,6,1,81,11,1248,1,7,HYUNDAI I10,8,E01002391,0,2
2024131494428,2024,131494428,2,9,0,-1,19,7,3,-1,0,0,0,0,0,0,1,1,-1,1,1,37,7,998,1,7,HYUNDAI I10,1,E01011001,0,2
2024461497975,2024,461497975,2,9,0,-1,3,1,4,-1,0,0,0,0,0,0,2,9,-1,6,2,27,6,1248,1,12,HYUNDAI I10,8,E01024184,0,1
2024221466491,2024,221466491,1,9,0,-1,19,1,4,-1,0,0,0,0,7,4,1,9,-1,6,2,65,9,1086,1,15,HYUNDAI I10,8,E01028951,0,4
2024552401458,2024,552401458,1,9,0,18,19,8,4,0,0,0,2,0,1,10,1,1,2,2,1,19,4,1248,1,14,HYUNDAI I10,5,E01035121,0,3
2024991418635,2024,991418635,2,9,0,-1,4,3,7,-1,0,1,0,0,0,0,2,1,-1,9,2,32,6,1248,1,5,HYUNDAI I10,3,-1,0,1
2024361493842,2024,361493842,1,9,0,-1,4,4,8,-1,0,0,0,0,0,0,1,1,-1,9,1,18,4,998,1,9,HYUNDAI I10,8,E01018206,0,4
2024010509217,2024,010509217,2,9,0,99,99,9,9,99,99,9,9,99,9,99,9,9,6,6,3,67,10,1248,1,14,HYUNDAI I10,2,E01003991,0,1
2024122400523,2024,122400523,2,9,0,18,19,1,5,0,0,8,1,0,4,6,4,1,6,6,1,30,6,1248,1,11,HYUNDAI I10,2,E01008166,0,4
2024991487123,2024,991487123,2,9,0,-1,10,1,3,-1,0,6,0,0,0,0,2,1,-1,6,2,67,10,1248,1,14,HYUNDAI I10,5,-1,0,1
2024141437568,2024,141437568,1,9,0,-1,19,7,3,-1,0,0,0,0,0,0,2,1,-1,9,2,86,11,1248,1,7,HYUNDAI I10,8,E01007899,0,1
2024010547171,2024,010547171,1,9,0,18,19,1,5,0,0,0,0,4,0,0,1,1,6,6,1,59,9,1248,1,8,HYUNDAI I10,5,E01015905,0,4
2024141527388,2024,141527388,2,9,0,-1,19,5,1,-1,0,0,0,0,0,0,1,1,-1,9,2,46,8,1248,1,13,HYUNDAI I10,9,E01007752,0,1
2024010545133,2024,010545133,1,9,0,99,99,9,9,99,99,0,9,99,9,99,2,9,6,6,1,35,6,1248,1,14,HYUNDAI I10,4,E01003635,0,1
2024131419014,2024,131419014,4,9,0,-1,11,4,8,-1,0,8,0,0,0,0,2,1,-1,9,2,78,11,1248,1,10,HYUNDAI I10,7,E01010859,0,2
2024131478054,2024,131478054,1,9,0,-1,19,5,1,-1,0,2,0,0,0,0,2,1,-1,9,2,46,8,1248,1,11,HYUNDAI I10,4,E01010921,0,2
2024122500304,2024,122500304,2,9,0,18,19,3,7,0,0,0,0,0,0,0,1,1,6,6,2,58,9,998,1,2,HYUNDAI I10,6,E01027636,0,1
2024440074862,2024,440074862,2,9,0,10,10,4,8,0,0,1,0,0,7,10,4,1,6,6,2,70,10,1248,1,14,HYUNDAI I10,5,E01017311,0,1
2024010542917,2024,010542917,1,9,0,4,4,1,5,0,0,6,0,0,0,0,1,1,6,6,1,48,8,1248,1,14,HYUNDAI I10,9,E01004595,0,2
2024451482124,2024,451482124,1,9,0,-1,4,6,1,-1,0,1,0,0,0,0,2,2,-1,6,2,32,6,1248,1,13,HYUNDAI I10,5,E01030569,0,4
2024010497500,2024,010497500,1,9,0,9,9,7,4,0,0,2,0,0,0,0,1,1,2,2,2,42,7,998,1,4,HYUNDAI I10,3,E01002215,0,1
2024522401880,2024,522401880,1,9,0,18,19,7,3,0,0,1,0,0,0,0,1,1,6,6,1,42,7,1248,1,9,HYUNDAI I10,4,E01014840,0,1
2024332401041,2024,332401041,1,9,0,-1,19,5,1,-1,0,8,0,7,1,10,1,1,-1,9,1,38,7,1248,1,14,HYUNDAI I10,9,E01025998,0,1
2024430092579,2024,430092579,2,9,0,10,10,7,5,0,0,8,0,0,0,0,2,1,6,6,1,-1,-1,998,1,10,HYUNDAI I10,8,E01033519,0,2
2024122401301,2024,122401301,1,9,0,4,4,7,3,0,0,8,0,0,0,0,2,1,6,6,1,43,7,998,1,6,HYUNDAI I10,1,E01011491,0,4
2024201488864,2024,201488864,3,9,0,-1,2,0,0,-1,0,2,0,0,0,0,3,1,-1,6,1,-1,-1,1248,1,12,HYUNDAI I10,-1,-1,0,-1
2024010506497,2024,010506497,1,9,0,2,2,0,0,0,0,2,0,0,0,0,2,1,6,6,3,-1,-1,998,1,6,HYUNDAI I10,-1,-1,0,-1
2024531438910,2024,531438910,1,9,0,-1,19,5,1,-1,0,0,1,0,1,0,1,1,-1,9,2,20,4,1248,1,12,HYUNDAI I10,6,E01032395,0,4
2024501408834,2024,501408834,1,9,0,-1,19,2,6,-1,0,0,0,0,0,0,1,9,-1,6,1,37,7,1248,1,12,HYUNDAI I10,6,E01018752,0,3
2024311532746,2024,311532746,3,9,0,-1,2,0,0,-1,0,1,0,0,0,0,1,1,-1,6,-1,-1,-1,1248,1,13,HYUNDAI I10,-1,-1,0,-1
2024631499620,2024,631499620,2,9,0,-1,19,7,4,-1,0,0,0,4,0,0,1,1,-1,1,1,20,4,1248,1,7,HYUNDAI I10,8,W01000458,0,2
2024340NN2382,2024,340NN2382,2,5,0,-1,19,5,1,-1,0,0,5,0,0,0,4,1,-1,2,1,53,8,1043,1,4,KAWASAKI ZX1002,5,E01017503,0,1
2024631497123,2024,631497123,1,5,0,-1,19,3,7,-1,0,8,1,0,1,0,1,1,-1,9,1,51,8,998,1,2,KAWASAKI ZX1002,7,W01001452,0,3
2024552400465,2024,552400465,1,5,0,18,19,6,2,0,0,0,0,12,0,0,1,1,6,6,1,64,9,1043,1,3,KAWASAKI ZX1002,-1,-1,0,-1
2024302400544,2024,302400544,2,5,0,3,3,6,2,0,0,0,0,0,0,0,1,1,6,6,1,60,9,1043,1,3,KAWASAKI ZX1002,9,E01007631,0,4
2024531473512,2024,531473512,1,5,0,-1,19,8,4,-1,0,1,0,0,0,0,1,1,-1,9,1,52,8,998,1,2,KAWASAKI ZX1002,8,E01016302,0,4
2024991480536,2024,991480536,1,5,0,-1,19,5,2,-1,0,0,1,0,1,11,4,1,-1,9,1,49,8,1043,1,2,KAWASAKI ZX1002,7,E01018708,0,5
2024552400110,2024,552400110,1,3,0,18,19,1,5,0,0,0,0,0,0,0,0,1,6,6,1,55,8,1043,1,4,KAWASAKI ZX1002,10,E01014388,0,4
2024010548645,2024,010548645,2,5,0,99,99,9,9,99,99,3,9,99,9,99,2,1,2,2,1,51,8,1043,1,0,KAWASAKI ZX1002,3,E01032810,0,4
2024461481049,2024,461481049,2,5,0,-1,19,2,6,-1,0,0,0,0,0,0,2,1,-1,9,1,48,8,1043,1,2,KAWASAKI ZX1002,7,E01035304,0,4
2024221507870,2024,221507870,2,5,0,-1,19,1,5,-1,0,8,0,10,0,0,3,1,-1,6,1,54,8,1043,1,1,KAWASAKI ZX1002,4,E01009218,0,2
2024340WN1842,2024,340WN1842,2,5,0,-1,19,5,1,-1,0,8,5,0,0,0,1,1,-1,6,1,37,7,1043,1,1,KAWASAKI ZX1002,4,E01027245,0,1
2024471454183,2024,471454183,1,5,0,-1,19,-1,-1,-1,0,4,0,0,0,0,2,1,-1,9,1,60,9,1043,1,3,KAWASAKI ZX1002,10,E01031627,0,1
2024631469384,2024,631469384,1,5,0,-1,19,1,5,-1,0,0,0,12,1,10,1,1,-1,6,2,51,8,998,1,1,KAWASAKI ZX1002,4,W01001283,0,4
2024631433717,2024,631433717,1,5,0,-1,19,2,6,-1,0,0,1,0,2,10,1,1,-1,6,1,63,9,1043,1,1,KAWASAKI ZX1002,9,W01000493,0,4
2024421458277,2024,421458277,2,5,0,-1,19,7,3,-1,0,8,0,0,0,0,4,1,-1,2,1,56,9,998,1,0,KAWASAKI ZX1002,7,E01023513,0,3
2024041488772,2024,041488772,2,5,0,-1,19,6,3,-1,0,0,2,0,0,0,1,1,-1,9,1,60,9,1043,1,3,KAWASAKI ZX1002,8,E01025564,0,4
2024542766124,2024,542766124,1,5,0,18,19,3,7,0,0,0,0,0,7,0,1,1,6,6,1,35,6,998,1,4,KAWASAKI ZX1002,8,E01034545,0,1
2024041396139,2024,041396139,1,5,0,-1,19,5,1,-1,0,2,1,0,0,0,4,1,-1,9,1,43,7,1043,1,1,KAWASAKI ZX1002,2,E01025244,0,4
2024622400515,2024,622400515,1,5,0,18,19,3,6,0,0,1,0,0,0,0,1,1,1,1,1,49,8,998,1,1,KAWASAKI ZX1002,2,W01001261,0,3
2024070652156,2024,070652156,2,5,0,7,7,1,5,0,0,1,0,0,0,0,2,1,6,6,1,55,8,1043,1,0,KAWASAKI ZX1002,8,E01028264,0,4
2024471487284,2024,471487284,1,5,0,-1,7,4,8,-1,0,1,0,0,0,0,1,1,-1,2,1,63,9,998,1,0,KAWASAKI ZX1002,6,E01031817,0,4
2024302401027,2024,302401027,1,5,0,13,13,5,1,0,0,0,0,0,1,0,1,1,6,6,1,54,8,998,1,5,KAWASAKI ZX1002,4,E01019560,0,2
2024501416444,2024,501416444,1,4,0,-1,9,5,3,-1,0,6,0,0,0,0,4,1,-1,9,1,61,9,124,1,9,MAKE AND MODEL REDACTED,2,E01018897,0,1
2024430147099,2024,430147099,2,2,0,9,9,6,4,0,0,8,0,0,0,0,4,1,6,6,1,26,6,-1,3,3,MAKE AND MODEL REDACTED,-1,-1,0,-1
2024440438826,2024,440438826,2,2,0,18,19,3,7,0,0,1,0,0,0,0,1,1,2,2,2,30,6,-1,3,0,MAKE AND MODEL REDACTED,2,E01017169,0,2
2024461509685,2024,461509685,1,9,0,-1,4,3,7,-1,0,0,0,0,0,0,2,1,-1,9,1,49,8,-1,3,0,MAKE AND MODEL REDACTED,4,E01035007,0,3
2024421507348,2024,421507348,2,9,0,-1,19,7,3,-1,0,3,0,0,0,0,4,1,-1,6,2,81,11,998,1,6,PEUGEOT 108,4,E01015871,0,1
2024401508005,2024,401508005,2,9,0,-1,19,4,8,-1,0,8,0,0,0,0,1,1,-1,6,2,70,10,998,1,9,PEUGEOT 108,10,E01016427,0,4
2024070864531,2024,070864531,2,9,0,-1,19,3,6,-1,0,8,0,0,0,0,3,1,-1,6,2,28,6,998,1,8,PEUGEOT 108,1,E01012367,0,2
2024991480074,2024,991480074,1,9,0,-1,19,4,2,-1,0,0,0,0,0,0,3,1,-1,9,2,74,10,998,1,8,PEUGEOT 108,2,-1,0,1
2024411521693,2024,411521693,1,9,0,-1,19,7,3,-1,0,0,2,7,7,11,1,1,-1,9,1,18,4,1200,1,10,PEUGEOT 108,5,E01023705,0,3
2024101509408,2024,101509408,2,9,0,-1,19,3,7,-1,0,0,0,0,0,0,2,9,-1,9,1,90,11,1200,1,8,PEUGEOT 108,-1,-1,0,-1
2024061414630,2024,061414630,1,9,0,-1,5,4,5,-1,0,1,0,0,0,0,1,1,-1,2,2,66,10,998,1,10,PEUGEOT 108,1,E01006369,0,2
2024061472075,2024,061472075,1,9,0,-1,19,8,4,-1,0,0,0,0,0,0,4,1,-1,9,1,77,11,1000,1,5,PEUGEOT 108,-1,-1,0,-1
2024131466151,2024,131466151,2,9,0,-1,2,3,7,-1,0,0,0,0,0,0,2,1,-1,9,1,74,10,998,1,3,PEUGEOT 108,1,E01011780,0,1
2024546750024,2024,546750024,1,9,0,9,9,4,2,0,0,8,0,0,0,0,3,1,2,2,1,21,5,1200,1,9,PEUGEOT 108,7,E01032077,0,1
2024411512616,2024,411512616,2,9,0,-1,-1,-1,-1,-1,-1,-1,-1,-1,-1,0,2,9,-1,2,1,21,5,998,1,9,PEUGEOT 108,6,E01023491,0,3
2024361477864,2024,361477864,1,9,0,-1,19,5,7,-1,0,0,0,0,0,0,2,1,-1,6,2,53,8,1200,1,8,PEUGEOT 108,4,E01018077,0,4
2024131412211,2024,131412211,1,9,0,-1,19,5,1,-1,0,8,0,4,7,0,1,1,-1,9,2,59,9,1200,1,10,PEUGEOT 108,3,E01005363,0,4
2024131405372,2024,131405372,2,9,0,-1,19,7,3,-1,0,0,5,0,0,0,3,1,-1,6,2,24,5,1200,1,9,PEUGEOT 108,5,E01011063,0,1
2024161470491,2024,161470491,2,9,0,-1,9,5,3,-1,0,6,0,0,0,0,1,1,-1,9,1,57,9,1000,1,6,PEUGEOT 108,2,E01012763,0,3
2024461525622,2024,461525622,2,9,0,-1,19,3,7,-1,0,8,0,0,0,0,4,1,-1,9,2,20,4,1200,1,10,PEUGEOT 108,7,E01033213,0,3
2024111451874,2024,111451874,1,9,0,-1,19,6,2,-1,0,0,0,0,0,0,4,1,-1,9,2,50,8,998,1,4,PEUGEOT 108,3,E01020876,0,1
2024421489498,2024,421489498,2,9,0,-1,3,5,1,-1,0,0,0,0,0,0,2,1,-1,9,2,50,8,1000,1,5,PEUGEOT 108,7,E01021341,0,1
2024041518443,2024,041518443,2,9,0,-1,2,0,0,-1,0,0,0,0,0,0,3,1,-1,6,-1,-1,-1,1200,1,9,PEUGEOT 108,-1,-1,0,-1
2024052400155,2024,052400155,1,9,0,9,9,3,1,0,0,1,0,0,0,0,4,1,6,6,1,27,6,998,1,6,PEUGEOT 108,1,E01007257,0,1
2024421430000,2024,421430000,1,9,0,-1,6,6,4,-1,0,0,0,0,0,0,1,1,-1,9,1,80,11,998,1,7,PEUGEOT 108,5,E01022008,0,4
2024010543426,2024,010543426,2,9,0,2,2,0,0,6,6,0,0,4,7,0,1,1,6,6,3,-1,-1,998,1,9,PEUGEOT 108,-1,-1,0,-1
2024332400428,2024,332400428,1,9,0,-1,19,6,2,-1,0,0,0,0,0,0,1,1,-1,6,2,40,7,998,1,8,PEUGEOT 108,6,E01025627,0,1
2024991503044,2024,991503044,1,9,0,-1,5,8,4,-1,0,0,0,0,0,0,1,1,-1,9,2,73,10,998,1,8,PEUGEOT 108,-1,-1,0,-1
2024101402379,2024,101402379,1,9,0,-1,19,2,6,-1,0,8,0,0,0,0,4,1,-1,9,2,35,6,998,1,8,PEUGEOT 108,1,E01008773,0,1
2024461472200,2024,461472200,1,9,0,-1,19,5,1,-1,0,0,0,0,0,0,3,1,-1,9,2,20,4,1200,1,8,PEUGEOT 108,8,E01024004,0,2
2024440152075,2024,440152075,2,9,0,4,4,7,3,0,0,2,0,0,0,0,2,1,2,2,1,64,9,998,1,7,PEUGEOT 108,3,E01017347,0,1
2024531494657,2024,531494657,2,9,0,-1,19,7,3,-1,0,1,0,0,7,0,2,1,-1,9,2,69,10,998,1,7,PEUGEOT 108,10,E01022366,0,1
2024461480542,2024,461480542,2,9,0,-1,19,7,2,-1,0,0,0,0,0,0,1,1,-1,9,2,85,11,998,1,7,PEUGEOT 108,10,E01024423,0,1
2024430182209,2024,430182209,1,9,0,7,7,6,8,0,0,4,0,0,0,0,3,1,6,6,2,29,6,998,1,6,PEUGEOT 108,9,E01035245,0,1
2024361410610,2024,361410610,1,9,0,-1,5,2,6,-1,0,8,0,0,0,0,1,1,-1,6,2,94,11,1200,1,10,PEUGEOT 108,9,E01035148,0,3
2024061429735,2024,061429735,1,9,0,-1,19,1,5,-1,9,1,0,0,1,0,1,1,-1,9,1,57,9,998,1,8,PEUGEOT 108,2,E01006380,0,1
2024141431443,2024,141431443,1,9,0,-1,19,8,4,-1,0,0,0,0,0,0,2,1,-1,6,1,47,8,1200,1,7,PEUGEOT 108,8,E01007612,0,4
2024501500734,2024,501500734,1,9,0,-1,19,5,1,-1,0,2,0,0,0,0,1,1,-1,1,2,40,7,998,1,8,PEUGEOT 108,6,W01001204,0,4
2024070488627,2024,070488627,1,9,0,15,15,8,4,0,0,0,0,0,0,0,3,1,6,6,2,59,9,1200,1,8,PEUGEOT 108,8,E01018440,0,1
2024231414442,2024,231414442,2,9,0,-1,3,5,3,-1,0,8,0,0,0,0,2,9,-1,9,1,43,7,1200,1,10,PEUGEOT 108,4,E01031047,0,1
2024461420702,2024,461420702,2,9,0,-1,4,4,8,-1,0,0,0,0,1,4,2,1,-1,6,2,25,5,998,1,10,PEUGEOT 108,9,E01023999,0,1
2024411408808,2024,411408808,2,9,0,-1,3,1,6,-1,0,1,0,0,0,0,2,1,-1,9,2,23,5,998,1,9,PEUGEOT 108,3,E01023343,0,1
2024461480323,2024,461480323,2,9,0,-1,9,2,3,-1,0,0,0,0,0,0,4,1,-1,9,2,67,10,1200,1,9,PEUGEOT 108,8,E01024015,0,2
2024430539510,2024,430539510,2,9,0,18,19,6,2,-1,-1,0,0,0,-1,0,2,1,6,6,2,23,5,998,1,9,PEUGEOT 108,8,E01016748,0,1
2024991529844,2024,991529844,1,9,0,-1,19,7,3,-1,0,0,0,0,0,0,1,1,-1,9,1,37,7,998,1,4,PEUGEOT 108,7,-1,0,4
2024061454873,2024,061454873,1,9,0,-1,2,0,0,-1,99,0,9,99,0,0,2,1,-1,9,1,38,7,998,1,9,PEUGEOT 108,2,E01006073,0,1
2024010518438,2024,010518438,2,9,0,99,99,9,9,99,99,0,9,99,9,99,9,9,6,6,3,-1,-1,998,1,7,PEUGEOT 108,-1,-1,0,-1
2024070533079,2024,070533079,1,9,0,9,9,5,2,0,0,6,0,10,1,11,1,1,6,6,1,76,11,1200,1,7,PEUGEOT 108,6,E01012371,0,1
2024061499100,2024,061499100,1,9,0,-1,5,0,0,-1,0,4,0,0,3,0,4,1,-1,2,2,21,5,1200,1,10,PEUGEOT 108,1,E01005081,0,1
2024061520628,2024,061520628,1,9,0,-1,19,8,4,-1,0,2,0,0,0,0,1,1,-1,6,1,47,8,1200,1,9,PEUGEOT 108,1,E01005106,0,1
2024061480207,2024,061480207,1,9,0,-1,7,5,8,-1,0,8,0,0,0,0,3,1,-1,6,2,27,6,998,1,7,PEUGEOT 108,6,E01005845,0,1
2024501475890,2024,501475890,2,9,0,-1,10,3,8,-1,0,1,0,0,0,0,1,1,-1,9,1,50,8,998,1,7,PEUGEOT 108,5,E01020182,0,3
2024302401048,2024,302401048,1,9,0,7,7,8,2,0,0,8,0,0,7,10,1,1,6,6,2,77,11,998,1,8,PEUGEOT 108,6,E01010969,0,4
2024361437230,2024,361437230,1,9,0,-1,9,7,4,-1,0,6,0,0,0,0,3,1,-1,6,2,48,8,1000,1,6,PEUGEOT 108,2,E01026820,0,1
2024430231721,2024,430231721,1,9,0,17,19,1,7,0,0,0,0,0,0,0,1,1,6,6,2,23,5,1200,1,10,PEUGEOT 108,2,E01016415,0,1
2024031467615,2024,031467615,2,9,0,-1,9,2,8,-1,0,1,0,0,0,0,4,1,-1,9,1,84,11,998,1,7,PEUGEOT 108,4,E01019283,0,1
2024421482832,2024,421482832,1,9,0,-1,5,3,1,-1,0,8,0,0,1,0,3,1,-1,2,2,60,9,998,1,9,PEUGEOT 108,2,E01021711,0,1
2024351443983,2024,351443983,2,9,0,-1,19,3,7,-1,0,8,0,0,0,0,1,1,-1,6,2,83,11,1000,1,5,PEUGEOT 108,7,E01015686,0,2
2024131416981,2024,131416981,2,9,0,-1,19,4,8,-1,0,1,0,0,0,0,1,1,-1,9,2,76,11,998,1,3,PEUGEOT 108,2,E01011355,0,1
2024531453562,2024,531453562,1,9,0,-1,7,4,6,-1,0,6,0,0,0,0,1,1,-1,9,1,39,7,998,1,8,PEUGEOT 108,3,E01014690,0,4
2024361451964,2024,361451964,1,9,0,-1,19,3,7,-1,0,1,0,0,0,0,1,1,-1,6,1,84,11,1000,1,6,PEUGEOT 108,3,E01026775,0,2
2024471404350,2024,471404350,1,9,0,-1,19,1,5,-1,0,0,0,0,0,0,1,1,-1,2,2,26,6,998,1,8,PEUGEOT 108,3,E01031787,0,4
2024201470309,2024,201470309,2,9,0,-1,19,4,8,-1,0,0,0,0,0,0,2,1,-1,2,2,58,9,1200,1,8,PEUGEOT 108,2,E01009044,0,1
2024201533560,2024,201533560,1,9,0,-1,19,5,4,-1,0,0,1,4,0,0,2,2,-1,6,1,36,7,998,1,7,PEUGEOT 108,1,E01009122,0,1
2024440228787,2024,440228787,2,9,0,18,19,2,6,0,0,0,0,0,0,0,1,1,6,6,2,49,8,998,1,3,PEUGEOT 108,10,E01022518,0,1
2024161486073,2024,161486073,2,9,0,-1,2,0,0,-1,0,1,0,0,0,0,4,1,-1,9,2,-1,-1,998,1,8,PEUGEOT 108,8,E01012959,0,1
2024010512299,2024,010512299,1,9,0,7,7,4,6,0,0,1,0,0,0,0,4,1,2,2,2,22,5,1000,1,6,PEUGEOT 108,10,E01000445,0,3
2024471437993,2024,471437993,2,9,0,-1,3,7,3,-1,0,4,0,0,0,0,2,1,-1,9,2,81,11,998,1,9,PEUGEOT 108,6,E01031568,0,1
2024461453578,2024,461453578,1,9,0,-1,19,1,5,-1,0,0,0,4,0,0,1,1,-1,9,2,75,10,998,1,8,PEUGEOT 108,5,E01024654,0,1
2024461464750,2024,461464750,2,9,0,-1,19,1,5,-1,0,0,0,0,0,0,2,9,-1,6,2,18,4,998,1,9,PEUGEOT 108,4,E01024640,0,2
2024101433405,2024,101433405,2,9,0,-1,3,1,5,-1,0,8,0,0,0,0,2,9,-1,6,2,63,9,998,1,7,PEUGEOT 108,7,E01008642,0,1
2024361545239,2024,361545239,1,9,0,-1,19,3,7,-1,0,0,0,0,1,0,1,1,-1,6,1,57,9,1200,1,9,PEUGEOT 108,1,E01033437,0,4
2024320294366,2024,320294366,1,9,0,-1,-1,2,6,0,0,8,0,0,0,0,1,1,-1,-1,2,88,11,998,1,6,PEUGEOT 108,6,E01026031,0,1
2024461419116,2024,461419116,1,9,0,-1,19,1,5,-1,0,0,0,0,7,4,3,1,-1,9,1,28,6,998,1,9,PEUGEOT 108,10,E01024449,0,1
2024211482487,2024,211482487,1,9,-1,-1,-1,-1,-1,-1,-1,-1,-1,-1,-1,0,-1,9,-1,6,1,60,9,998,1,8,PEUGEOT 108,6,E01014264,0,2
2024302400032,2024,302400032,1,9,0,18,19,1,5,0,0,2,0,0,0,0,1,1,2,2,1,53,8,998,1,9,PEUGEOT 108,9,E01005908,0,1
2024201461433,2024,201461433,2,9,0,-1,7,4,6,-1,0,6,0,0,0,0,3,1,-1,6,2,22,5,998,1,9,PEUGEOT 108,6,E01009286,0,1
2024340WN1312,2024,340WN1312,2,9,0,-1,10,5,1,-1,0,1,0,0,0,0,2,1,-1,9,1,34,6,1200,1,9,PEUGEOT 108,3,E01035412,0,1
2024311425047,2024,311425047,2,9,0,-1,19,8,4,-1,0,8,0,0,0,0,1,1,-1,6,2,19,4,998,1,9,PEUGEOT 108,8,E01028190,0,1
2024131479210,2024,131479210,1,9,0,-1,5,5,5,-1,9,0,0,7,0,0,2,1,-1,9,2,84,11,1000,1,5,PEUGEOT 108,10,E01011380,0,2
2024991445123,2024,991445123,1,9,0,-1,9,7,4,-1,0,6,0,0,0,0,1,1,-1,2,2,52,8,998,1,8,PEUGEOT 108,9,-1,0,2
2024320492121,2024,320492121,2,9,0,-1,-1,8,4,0,0,0,0,0,0,0,2,2,-1,-1,2,26,6,998,1,5,PEUGEOT 108,7,E01026333,0,1
2024052400356,2024,052400356,2,9,0,18,19,5,1,0,0,8,0,0,0,0,4,1,6,6,1,25,5,998,1,8,PEUGEOT 108,3,E01006878,0,1
2024221427369,2024,221427369,2,9,0,-1,4,4,8,-1,0,8,1,0,0,0,1,1,-1,6,2,55,8,998,1,8,PEUGEOT 108,7,E01032210,0,1
2024041426508,2024,041426508,3,9,0,-1,5,5,1,-1,0,0,0,0,0,0,2,1,-1,9,2,61,9,1000,1,5,PEUGEOT 108,7,E01021827,0,5
2024531426586,2024,531426586,1,9,0,-1,19,3,7,-1,0,0,0,0,0,0,1,1,-1,9,2,26,6,998,1,10,PEUGEOT 108,10,E01028561,0,4
2024361426424,2024,361426424,1,9,0,-1,5,5,1,-1,0,8,5,0,7,1,4,9,-1,9,1,59,9,1200,1,9,PEUGEOT 108,6,E01026842,0,4
2024440021700,2024,440021700,2,9,0,18,19,3,7,0,0,1,0,0,0,0,1,1,6,6,2,-1,-1,998,1,9,PEUGEOT 108,-1,-1,0,-1
2024131403768,2024,131403768,3,9,0,-1,19,5,1,-1,0,0,0,0,2,1,1,1,-1,2,2,21,5,1200,1,9,PEUGEOT 108,3,E01011647,0,2
2024471457072,2024,471457072,1,9,0,-1,3,5,1,-1,0,1,0,0,0,0,2,1,-1,9,2,66,10,998,1,8,PEUGEOT 108,9,E01032953,0,5
2024522403417,2024,522403417,1,9,0,9,9,1,6,0,0,5,0,0,0,0,1,1,6,6,1,33,6,998,1,9,PEUGEOT 108,5,E01029279,0,4
2024440315209,2024,440315209,1,9,0,9,9,8,6,0,0,8,0,0,0,0,4,1,6,6,1,58,9,1000,1,6,PEUGEOT 108,9,E01016330,0,2
2024371515206,2024,371515206,1,9,0,-1,7,3,5,-1,0,0,0,0,0,0,1,1,-1,9,2,86,11,998,1,4,PEUGEOT 108,9,E01033450,0,1
2024351516382,2024,351516382,1,9,0,-1,19,7,3,-1,0,2,0,0,0,0,1,1,-1,6,1,66,10,998,1,9,PEUGEOT 108,2,E01035539,0,1
2024201445217,2024,201445217,2,9,0,-1,19,8,4,-1,0,3,0,0,0,0,4,1,-1,6,1,38,7,998,1,8,PEUGEOT 108,9,E01010220,0,1
2024010508775,2024,010508775,1,9,0,18,19,1,5,0,0,1,0,0,0,0,4,1,6,6,2,24,5,998,1,9,PEUGEOT 108,5,E01002186,0,1
2024411423090,2024,411423090,1,9,0,-1,9,3,5,-1,0,1,0,0,0,0,4,1,-1,6,2,26,6,998,1,8,PEUGEOT 108,2,E01035585,0,1
2024451427269,2024,451427269,2,9,0,-1,19,5,4,-1,0,0,0,0,0,0,3,9,-1,9,2,69,10,1000,1,6,PEUGEOT 108,8,E01004130,0,2
2024070349540,2024,070349540,1,9,0,18,19,2,6,0,0,0,1,0,0,0,1,1,6,6,2,19,4,998,1,8,PEUGEOT 108,9,E01018403,0,2
2024631498619,2024,631498619,2,9,0,-1,19,3,7,-1,0,8,0,0,0,0,4,1,-1,6,2,45,7,998,1,9,PEUGEOT 108,8,W01000472,0,2
2024161505288,2024,161505288,1,9,0,-1,7,7,1,-1,0,8,0,0,7,0,4,1,-1,1,1,39,7,1200,1,9,PEUGEOT 108,2,E01013283,0,1