collision_index,collision_year,collision_ref_no,vehicle_reference,vehicle_type,towing_and_articulation,vehicle_manoeuvre_historic,vehicle_manoeuvre,vehicle_direction_from,vehicle_direction_to,vehicle_location_restricted_lane_historic,vehicle_location_restricted_lane,junction_location,skidding_and_overturning,hit_object_in_carriageway,vehicle_leaving_carriageway,hit_object_off_carriageway,first_point_of_impact,vehicle_left_hand_drive,journey_purpose_of_driver_historic,journey_purpose_of_driver,sex_of_driver,age_of_driver,age_band_of_driver,engine_capacity_cc,propulsion_code,age_of_vehicle,generic_make_model,driver_imd_decile,lsoa_of_driver,escooter_flag,driver_distance_banding
2024231411504,2024,231411504,1,9,0,-1,9,1,3,-1,0,6,0,0,0,0,3,9,-1,6,1,34,6,998,1,9,PEUGEOT 108,9,E01031100,0,1
2024101497060,2024,101497060,2,9,0,-1,2,5,5,-1,0,0,0,0,0,0,2,1,-1,9,1,55,8,998,1,7,PEUGEOT 108,-1,-1,0,-1
2024010518353,2024,010518353,2,9,0,2,2,0,0,0,0,2,0,0,0,0,2,2,6,6,3,-1,-1,998,1,3,PEUGEOT 108,-1,-1,0,-1
2024131466783,2024,131466783,1,9,0,-1,19,6,2,-1,0,0,0,0,0,0,1,1,-1,9,1,22,5,998,1,9,PEUGEOT 108,3,E01010671,0,1
2024101502322,2024,101502322,3,9,0,-1,2,3,7,-1,9,1,0,0,0,0,2,1,-1,6,-1,-1,-1,998,1,7,PEUGEOT 108,-1,-1,0,-1
2024010547765,2024,010547765,1,9,0,5,5,1,5,0,0,4,0,0,0,0,1,1,6,6,1,55,8,1200,1,6,PEUGEOT 108,8,E01002452,0,1
2024052400054,2024,052400054,2,9,0,18,19,5,1,0,0,3,0,0,0,0,1,1,6,6,2,21,5,998,1,7,PEUGEOT 108,3,E01007000,0,1
2024122401074,2024,122401074,1,9,0,18,19,3,7,0,0,0,0,0,1,10,1,1,6,6,1,28,6,998,1,7,PEUGEOT 108,7,E01011569,0,1
2024211399054,2024,211399054,2,9,0,-1,10,5,3,-1,0,5,0,0,2,0,1,1,-1,9,2,66,10,998,1,6,PEUGEOT 108,1,E01014368,0,1
202460Q012409,2024,60Q012409,1,9,0,18,19,7,3,0,0,0,0,4,0,0,1,1,6,6,2,92,11,1200,1,6,PEUGEOT 108,-1,-1,0,-1
2024451501666,2024,451501666,1,9,0,-1,9,7,3,-1,0,5,0,0,0,0,1,1,-1,2,2,25,5,998,1,10,PEUGEOT 108,3,E01002400,0,4
2024141396823,2024,141396823,1,9,0,-1,5,8,4,-1,0,6,0,0,0,0,1,1,-1,9,2,25,5,1200,1,7,PEUGEOT 108,6,E01007630,0,1
2024311428921,2024,311428921,2,9,0,-1,3,1,1,-1,0,0,0,0,0,0,2,1,-1,6,1,18,4,1200,1,6,PEUGEOT 108,6,E01028205,0,1
2024061498860,2024,061498860,1,9,0,-1,19,1,5,-1,0,0,0,0,0,0,1,1,-1,6,2,57,9,998,1,6,PEUGEOT 108,-1,-1,0,-1
2024010542624,2024,010542624,2,9,0,99,99,9,9,99,99,9,9,99,9,99,2,9,6,6,2,34,6,998,1,9,PEUGEOT 108,3,E01000506,0,1
2024131429934,2024,131429934,1,9,0,-1,19,7,7,-1,0,0,0,0,0,0,2,1,-1,6,2,61,9,998,1,7,PEUGEOT 108,2,E01011334,0,1
2024991508758,2024,991508758,1,9,0,-1,19,6,2,-1,0,1,0,0,0,0,1,1,-1,6,2,51,8,1200,1,9,PEUGEOT 108,7,-1,0,3
2024471517928,2024,471517928,2,9,0,-1,2,0,0,-1,0,4,1,0,0,0,3,1,-1,2,2,58,9,998,1,10,PEUGEOT 108,10,E01031703,0,2
2024610057724,2024,610057724,1,9,0,18,19,5,1,0,0,0,0,0,0,0,1,1,6,6,2,26,6,998,1,9,PEUGEOT 108,2,W01001436,0,1
2024501417673,2024,501417673,2,9,0,-1,4,8,4,-1,0,0,0,0,0,0,2,9,-1,9,2,32,6,1000,1,6,PEUGEOT 108,7,E01019014,0,1
2024201502918,2024,201502918,1,9,0,-1,19,7,3,-1,0,2,0,0,0,0,4,1,-1,6,2,35,6,998,1,8,PEUGEOT 108,9,E01022305,0,4
2024541279424,2024,541279424,1,9,0,18,19,8,4,0,0,0,0,0,0,0,1,1,2,2,2,59,9,1000,1,5,PEUGEOT 108,9,E01032058,0,1
2024201425103,2024,201425103,1,9,0,-1,5,8,4,-1,0,6,0,0,0,0,3,9,-1,9,1,51,8,998,1,8,PEUGEOT 108,4,E01009628,0,1
2024461481218,2024,461481218,2,9,0,-1,19,6,2,-1,0,0,0,0,0,0,2,1,-1,9,1,34,6,998,1,7,PEUGEOT 108,1,E01016062,0,1
2024351536301,2024,351536301,1,9,0,-1,5,8,4,-1,0,4,0,0,0,0,1,1,-1,2,2,36,7,998,1,8,PEUGEOT 108,6,E01018187,0,4
2024522402874,2024,522402874,2,9,0,18,19,1,5,0,0,6,0,0,0,0,1,1,6,6,2,24,5,1200,1,9,PEUGEOT 108,5,E01014708,0,2
2024061431352,2024,061431352,2,9,0,-1,10,5,1,-1,0,1,0,0,0,0,1,1,-1,9,2,39,7,998,1,8,PEUGEOT 108,2,E01005949,0,1
2024070819559,2024,070819559,2,9,0,-1,19,3,7,-1,0,1,0,0,0,0,4,1,-1,1,2,23,5,998,1,9,PEUGEOT 108,2,E01035365,0,3
2024991425333,2024,991425333,1,9,0,-1,9,1,8,-1,0,8,0,0,7,0,1,1,-1,9,1,26,6,998,1,9,PEUGEOT 108,1,-1,0,2
2024440279875,2024,440279875,3,9,0,18,19,6,2,0,0,1,0,0,0,0,1,1,2,2,2,26,6,998,1,9,PEUGEOT 108,9,E01015364,0,4
2024161397977,2024,161397977,1,9,0,-1,19,1,5,-1,0,8,0,0,0,0,1,1,-1,9,1,87,11,998,1,4,PEUGEOT 108,3,E01026386,0,3
2024552400582,2024,552400582,4,9,0,4,4,6,2,0,0,0,0,0,0,0,1,1,2,2,2,21,5,998,1,7,PEUGEOT 108,7,E01020492,0,3
2024320519438,2024,320519438,1,9,0,9,9,6,4,0,0,6,0,0,0,0,3,1,-1,-1,1,88,11,998,1,5,PEUGEOT 108,9,E01026214,0,3
2024501473181,2024,501473181,2,9,0,-1,19,7,3,-1,0,0,0,0,0,0,4,1,-1,9,2,24,5,998,1,8,PEUGEOT 108,6,E01019945,0,1
2024010537728,2024,010537728,3,9,0,2,2,0,0,0,0,1,0,0,0,0,1,1,6,6,3,-1,-1,1200,1,9,PEUGEOT 108,-1,-1,0,-1
2024041497797,2024,041497797,2,9,0,-1,19,1,5,-1,0,1,0,0,0,0,1,1,-1,6,2,45,7,1200,1,8,PEUGEOT 108,1,E01024987,0,1
2024131508480,2024,131508480,1,9,0,-1,19,3,7,-1,0,0,1,10,0,0,0,1,-1,6,1,21,5,998,1,9,PEUGEOT 108,1,E01011433,0,1
2024522402104,2024,522402104,1,9,0,7,7,4,6,0,0,8,0,0,0,0,4,1,6,6,2,58,9,1200,1,8,PEUGEOT 108,8,E01014740,0,1
2024111445983,2024,111445983,1,9,0,-1,19,7,3,-1,0,1,0,0,0,0,1,9,-1,6,2,24,5,998,1,3,PEUGEOT 108,2,E01033206,0,1
2024061444697,2024,061444697,1,9,0,-1,19,4,1,-1,0,1,0,0,0,0,1,1,-1,9,1,28,6,998,1,8,PEUGEOT 108,4,E01006223,0,1
2024141453337,2024,141453337,1,9,0,-1,12,3,7,-1,0,0,0,0,0,0,3,1,-1,9,2,61,9,998,1,2,PEUGEOT 108,2,E01034846,0,1
2024010523763,2024,010523763,2,9,0,99,99,9,9,99,99,9,9,99,9,99,1,9,6,6,3,-1,-1,1200,1,7,PEUGEOT 108,-1,-1,0,-1
2024520402857,2024,520402857,1,9,0,18,19,7,3,0,0,0,0,0,0,0,3,1,6,6,2,35,6,998,1,10,PEUGEOT 108,10,E01029030,0,1
2024401498648,2024,401498648,2,9,0,-1,10,-1,-1,-1,0,1,0,0,0,0,2,1,-1,9,2,27,6,998,1,9,PEUGEOT 108,10,E01017534,0,1
2024440027631,2024,440027631,1,9,0,5,5,2,6,0,0,2,0,0,0,0,1,1,6,6,1,60,9,1200,1,7,PEUGEOT 108,10,E01032616,0,3
2024622400027,2024,622400027,1,9,0,4,4,3,7,0,0,3,0,0,0,0,3,1,1,1,1,25,5,998,1,9,PEUGEOT 108,4,W01000760,0,4
202460Q063784,2024,60Q063784,2,9,0,18,19,6,2,0,0,0,0,0,0,0,4,1,6,6,1,81,11,998,1,7,PEUGEOT 108,-1,-1,0,-1
2024201420443,2024,201420443,1,9,0,-1,9,4,1,-1,0,0,0,0,0,0,1,1,-1,6,2,26,6,1200,1,6,PEUGEOT 108,7,E01010537,0,1
2024552400959,2024,552400959,3,9,0,4,4,1,5,0,0,0,0,0,0,0,2,1,6,6,2,44,7,1200,1,8,PEUGEOT 108,9,E01028782,0,5
2024131397926,2024,131397926,1,9,0,-1,19,3,7,-1,0,0,5,0,0,0,1,1,-1,9,2,19,4,998,1,6,PEUGEOT 108,8,E01011195,0,1
2024631517075,2024,631517075,2,9,0,-1,19,8,4,-1,0,0,0,0,0,0,1,1,-1,6,2,22,5,1200,1,9,PEUGEOT 108,7,W01000721,0,1
2024201507081,2024,201507081,2,9,0,-1,2,0,0,-1,0,0,0,0,0,0,2,1,-1,6,3,-1,-1,998,1,3,PEUGEOT 108,-1,-1,0,-1
2024610052324,2024,610052324,2,9,0,18,19,3,7,0,0,0,0,0,1,0,3,1,6,6,2,47,8,998,1,8,PEUGEOT 108,4,W01001487,0,2
2024371534456,2024,371534456,2,9,0,-1,9,5,2,-1,0,1,0,0,0,0,1,1,-1,2,2,20,4,1200,1,8,PEUGEOT 108,3,E01030115,0,1
2024471398695,2024,471398695,1,9,0,-1,6,6,6,-1,0,8,0,0,0,0,3,1,-1,9,1,53,8,998,1,9,PEUGEOT 108,4,E01020965,0,1
2024131508923,2024,131508923,1,9,0,-1,19,1,1,-1,4,0,0,0,0,0,4,1,-1,6,3,-1,-1,1000,1,5,PEUGEOT 108,-1,-1,0,-1
2024631477467,2024,631477467,2,9,0,-1,4,5,8,-1,0,1,0,0,0,0,2,1,-1,9,1,32,6,998,1,8,PEUGEOT 108,3,E01020789,0,5
2024421491149,2024,421491149,1,9,0,-1,9,8,6,-1,0,5,0,0,0,0,1,1,-1,6,1,17,4,998,1,4,PEUGEOT 108,9,E01023500,0,2
2024520401878,2024,520401878,1,9,0,18,19,6,2,0,0,8,0,0,1,11,1,1,6,6,1,86,11,998,1,6,PEUGEOT 108,10,E01014376,0,4
2024501399701,2024,501399701,2,9,0,-1,19,4,7,-1,0,0,0,0,0,0,1,9,-1,6,1,24,5,998,1,7,PEUGEOT 108,7,E01018901,0,1
2024430083613,2024,430083613,1,9,0,18,19,7,3,0,0,1,0,0,0,0,1,1,2,2,2,21,5,998,1,3,PEUGEOT 108,7,E01016331,0,1
2024991409197,2024,991409197,2,9,0,-1,19,8,4,-1,0,0,0,0,1,0,1,1,-1,9,1,61,9,998,1,7,PEUGEOT 108,-1,-1,0,-1
2024421411839,2024,421411839,2,9,0,-1,8,1,5,-1,0,4,0,0,0,0,2,1,-1,2,1,55,8,998,1,5,PEUGEOT 108,10,E01021366,0,4
2024430539406,2024,430539406,1,9,0,9,9,2,8,0,0,5,0,0,0,0,4,1,6,6,2,62,9,998,1,3,PEUGEOT 108,9,E01016299,0,4
2024320133534,2024,320133534,2,9,0,4,4,8,4,0,0,1,0,0,0,0,2,1,-1,-1,2,72,10,998,1,8,PEUGEOT 108,7,E01028353,0,2
2024340WN7152,2024,340WN7152,2,9,0,-1,19,7,3,-1,0,8,0,0,0,0,4,1,-1,6,1,72,10,998,1,8,PEUGEOT 108,9,E01027016,0,2
2024041395796,2024,041395796,2,9,0,-1,19,1,5,-1,0,8,0,0,0,0,4,1,-1,2,2,19,4,998,1,9,PEUGEOT 108,1,E01025189,0,1
2024231462127,2024,231462127,1,9,0,-1,9,8,4,-1,0,6,0,0,1,0,3,1,-1,9,2,72,10,1200,1,9,PEUGEOT 108,2,E01008939,0,3
2024991418965,2024,991418965,2,9,0,-1,19,3,7,-1,0,1,0,0,0,0,1,1,-1,9,2,54,8,998,1,8,PEUGEOT 108,8,-1,0,2
2024440485042,2024,440485042,4,9,0,18,19,8,4,0,0,0,0,0,0,0,1,1,6,6,2,41,7,998,1,7,PEUGEOT 108,6,E01035454,0,2
2024501419039,2024,501419039,1,9,0,-1,19,2,6,-1,0,0,0,11,0,0,1,1,-1,9,2,85,11,998,1,5,PEUGEOT 108,9,E01015197,0,2
2024141507723,2024,141507723,2,9,0,-1,19,7,3,-1,0,1,0,2,0,0,2,1,-1,9,1,88,11,998,1,7,PEUGEOT 108,1,E01007578,0,1
2024052400286,2024,052400286,1,9,0,10,10,5,1,0,0,1,0,0,0,0,4,1,6,6,3,-1,-1,998,1,4,PEUGEOT 108,-1,-1,0,-1
2024010526655,2024,010526655,1,9,0,99,99,9,9,99,99,9,9,99,9,99,1,9,6,6,2,29,6,998,1,8,PEUGEOT 108,6,E01002331,0,1
2024070555662,2024,070555662,1,9,0,17,19,4,2,0,0,0,0,0,0,0,1,1,6,6,2,44,7,998,1,8,PEUGEOT 108,9,E01012392,0,1
2024052401475,2024,052401475,1,9,0,18,19,1,5,0,0,1,0,0,0,0,3,1,6,6,2,51,8,1200,1,9,PEUGEOT 108,1,E01006775,0,2
202460Q185332,2024,60Q185332,1,9,0,17,19,1,5,0,0,0,0,0,0,0,1,1,6,6,2,30,6,998,1,7,PEUGEOT 108,-1,-1,0,-1
2024501458830,2024,501458830,1,9,0,-1,19,6,7,-1,0,0,0,0,0,0,4,1,-1,6,2,19,4,1200,1,10,PEUGEOT 108,7,E01019014,0,1
2024471513856,2024,471513856,1,9,0,-1,9,3,1,-1,0,0,0,0,0,0,1,9,-1,6,2,69,10,1200,1,10,PEUGEOT 108,10,E01021202,0,1
2024131491136,2024,131491136,1,9,0,-1,5,5,1,-1,0,1,0,0,0,0,1,1,-1,9,2,26,6,1200,1,9,PEUGEOT 108,3,E01011612,0,3
2024501434149,2024,501434149,2,9,0,-1,19,1,5,-1,0,0,5,0,4,6,4,1,-1,9,2,36,7,1200,1,9,PEUGEOT 108,2,E01018774,0,4
2024041463110,2024,041463110,1,9,0,-1,7,8,4,-1,0,4,0,0,0,0,1,1,-1,2,2,55,8,998,1,5,PEUGEOT 108,3,E01024943,0,1
2024311535981,2024,311535981,1,9,0,-1,19,3,7,-1,0,0,0,4,0,0,1,1,-1,6,2,74,10,1200,1,6,PEUGEOT 108,10,E01028382,0,2
2024010509015,2024,010509015,1,9,0,7,7,5,7,0,0,6,0,0,0,0,1,1,2,2,2,49,8,998,1,8,PEUGEOT 108,10,E01000463,0,1
2024061461995,2024,061461995,1,9,0,-1,5,-1,-1,-1,0,0,0,0,0,0,2,1,-1,9,1,23,5,998,1,9,PEUGEOT 108,6,E01025195,0,4
2024010520762,2024,010520762,1,9,0,9,9,7,5,0,0,3,0,0,0,0,3,1,6,6,2,25,5,998,1,10,PEUGEOT 108,7,E01002420,0,1
2024161454927,2024,161454927,1,9,0,-1,3,2,6,-1,0,1,0,0,0,0,2,9,-1,9,2,55,8,998,1,7,PEUGEOT 108,4,E01013050,0,2
2024061474531,2024,061474531,1,9,0,-1,3,-1,-1,-1,-1,0,0,99,0,0,2,1,-1,9,2,42,7,998,1,8,PEUGEOT 108,1,E01025049,0,4
2024131504437,2024,131504437,2,9,0,-1,4,7,5,-1,0,4,0,0,0,0,2,1,-1,6,1,58,9,998,1,9,PEUGEOT 108,1,E01011661,0,2
202460Q119171,2024,60Q119171,2,9,0,18,19,1,5,0,0,4,0,0,0,0,2,1,6,6,2,71,10,998,1,9,PEUGEOT 108,-1,-1,0,-1
2024371494812,2024,371494812,5,9,0,-1,4,3,7,-1,0,0,0,0,0,0,2,1,-1,9,1,-1,-1,998,1,8,PEUGEOT 108,8,E01030086,0,1
2024231398809,2024,231398809,1,9,0,-1,9,1,6,-1,0,5,5,0,0,0,1,1,-1,1,2,22,5,998,1,8,PEUGEOT 108,2,E01034955,0,3
2024461421277,2024,461421277,1,9,0,-1,15,3,7,-1,0,0,0,0,0,0,1,1,-1,9,1,81,11,998,1,8,PEUGEOT 108,8,E01024637,0,1
2024010514499,2024,010514499,1,9,0,18,19,5,1,99,99,9,9,99,0,0,4,1,2,2,1,36,7,2706,1,9,MAKE AND MODEL REDACTED,3,E01003723,0,1
2024401545362,2024,401545362,2,9,0,-1,2,0,0,-1,0,0,0,0,0,0,1,1,-1,6,-1,-1,-1,3436,1,10,MAKE AND MODEL REDACTED,-1,-1,0,-1
2024010506431,2024,010506431,1,9,0,7,7,2,5,0,0,1,0,0,0,0,1,1,3,7,1,49,8,2893,1,15,MAKE AND MODEL REDACTED,9,E01000716,0,1
2024520403266,2024,520403266,2,9,0,18,19,5,1,0,0,3,0,0,7,1,4,1,6,6,1,29,6,2706,1,10,MAKE AND MODEL REDACTED,2,E01029097,0,1
2024461414802,2024,461414802,2,9,0,-1,19,3,7,-1,0,0,0,0,0,0,4,1,-1,2,1,57,9,3436,1,10,MAKE AND MODEL REDACTED,9,E01016086,0,2
2024131459305,2024,131459305,1,9,0,-1,14,7,3,-1,0,0,0,0,0,0,4,1,-1,9,1,39,7,3800,1,8,MAKE AND MODEL REDACTED,6,E01032493,0,1
2024451427486,2024,451427486,1,9,0,-1,8,5,3,-1,0,6,0,0,0,0,1,1,-1,2,1,54,8,3436,1,11,MAKE AND MODEL REDACTED,8,E01030537,0,1
2024421485958,2024,421485958,2,9,0,-1,4,3,7,-1,0,0,0,0,0,0,2,1,-1,9,1,62,9,2687,1,17,MAKE AND MODEL REDACTED,5,E01015904,0,2
2024302401517,2024,302401517,1,9,0,16,19,8,3,0,0,0,5,0,1,9,4,1,6,6,1,23,5,2893,1,15,MAKE AND MODEL REDACTED,8,E01019867,0,2
2024161533171,2024,161533171,4,9,0,-1,19,1,5,-1,0,0,0,0,0,0,1,1,-1,6,1,39,7,1598,1,14,RENAULT SCENIC,1,E01012893,0,1
2024411518707,2024,411518707,2,9,0,-1,19,7,3,-1,0,0,0,0,0,0,1,1,-1,9,1,18,4,1598,1,17,RENAULT SCENIC,9,E01023376,0,3
2024461451002,2024,461451002,2,9,0,-1,2,1,1,-1,0,2,0,0,0,0,1,1,-1,1,1,40,7,1197,1,7,RENAULT SCENIC,7,E01024285,0,1
2024061404053,2024,061404053,1,9,0,-1,19,3,7,-1,0,0,0,0,0,0,4,1,-1,6,1,-1,-1,1461,2,10,RENAULT SCENIC,-1,-1,0,-1
2024131400989,2024,131400989,1,9,0,-1,19,6,2,-1,0,0,0,0,0,0,2,1,-1,9,1,34,6,1461,2,17,RENAULT SCENIC,7,E01010876,0,2
2024461424368,2024,461424368,1,9,0,-1,19,2,6,-1,0,0,0,4,0,0,1,1,-1,9,1,27,6,1461,2,15,RENAULT SCENIC,1,E01024215,0,1
2024622500009,2024,622500009,1,9,0,18,19,4,8,0,0,4,1,0,1,7,1,1,6,6,1,68,10,1461,2,14,RENAULT SCENIC,2,W01001788,0,1
2024622400147,2024,622400147,1,9,0,18,19,8,4,0,0,3,0,0,0,0,2,1,6,6,2,65,9,1461,2,11,RENAULT SCENIC,8,W01001012,0,4
2024311470406,2024,311470406,2,9,0,-1,19,7,3,-1,0,0,0,0,0,0,1,1,-1,9,1,41,7,1461,2,10,RENAULT SCENIC,2,E01013315,0,4
2024501519968,2024,501519968,1,9,0,-1,19,1,5,-1,0,0,5,0,0,0,1,1,-1,2,1,35,6,1598,1,18,RENAULT SCENIC,8,E01020110,0,2
2024061514573,2024,061514573,1,9,0,-1,19,1,5,-1,0,8,0,0,0,0,4,1,-1,9,2,51,8,-1,3,0,RENAULT SCENIC,4,E01005254,0,1
2024541956624,2024,541956624,2,9,0,18,19,2,6,0,0,0,0,0,0,0,4,1,6,6,2,39,7,1461,2,19,RENAULT SCENIC,6,E01031967,0,1
2024501477991,2024,501477991,1,9,0,-1,19,2,6,-1,0,8,0,0,1,11,1,1,-1,9,2,67,10,1870,2,17,RENAULT SCENIC,6,E01020025,0,1
2024311422220,2024,311422220,1,9,0,-1,19,8,4,-1,0,1,0,0,0,0,1,1,-1,2,2,33,6,1461,2,10,RENAULT SCENIC,-1,-1,0,-1
2024141400926,2024,141400926,2,9,0,-1,4,1,5,-1,0,1,0,0,0,0,1,9,-1,6,2,59,9,1461,2,14,RENAULT SCENIC,1,E01007531,0,1
2024201482781,2024,201482781,2,9,0,-1,1,-1,-1,-1,1,8,0,0,0,0,2,9,-1,6,1,-1,-1,1461,2,14,RENAULT SCENIC,10,E01009704,0,1
2024461456641,2024,461456641,2,9,0,-1,4,-1,-1,-1,0,0,0,0,0,0,2,9,-1,6,1,67,10,1461,2,12,RENAULT SCENIC,4,E01024665,0,1
2024111451904,2024,111451904,1,9,0,-1,19,7,3,-1,0,0,0,0,0,0,1,1,-1,6,2,75,10,1598,1,13,RENAULT SCENIC,10,E01020829,0,2
2024101406061,2024,101406061,2,9,0,-1,2,0,0,-1,0,2,0,0,0,0,2,1,-1,6,-1,-1,-1,1390,1,16,RENAULT SCENIC,-1,-1,0,-1
2024531444816,2024,531444816,1,9,0,-1,19,5,1,-1,0,8,5,10,7,11,1,1,-1,9,1,77,11,1390,1,18,RENAULT SCENIC,10,E01022354,0,1
2024061453355,2024,061453355,2,9,0,-1,11,1,1,-1,0,8,0,0,0,0,4,1,-1,6,3,30,6,1461,2,10,RENAULT SCENIC,-1,-1,0,-1
2024141407740,2024,141407740,1,9,0,-1,19,7,3,-1,0,8,0,0,0,0,3,1,-1,6,2,28,6,1598,1,18,RENAULT SCENIC,1,E01007352,0,2
2024101395076,2024,101395076,2,9,0,-1,19,1,5,-1,0,0,0,0,1,0,1,1,-1,6,1,44,7,1461,2,12,RENAULT SCENIC,4,E01027362,0,3
2024221563747,2024,221563747,1,9,0,-1,19,7,3,-1,0,0,0,0,1,0,1,9,-1,9,2,16,4,1461,2,16,RENAULT SCENIC,6,E01028850,0,2
2024201510083,2024,201510083,3,9,0,-1,2,0,0,-1,0,8,0,0,0,0,4,1,-1,6,1,34,6,1998,1,19,RENAULT SCENIC,-1,-1,0,-1
2024461475520,2024,461475520,1,9,0,-1,19,3,3,-1,0,0,2,10,1,1,1,1,-1,2,2,21,5,1461,2,16,RENAULT SCENIC,2,E01024091,0,3
2024471421895,2024,471421895,3,9,0,-1,19,3,7,-1,0,0,0,0,0,0,1,1,-1,9,1,62,9,1598,1,17,RENAULT SCENIC,1,E01024498,0,4
2024991484600,2024,991484600,1,9,0,-1,7,6,8,-1,0,8,0,0,0,0,1,1,-1,2,1,47,8,1598,1,12,RENAULT SCENIC,4,-1,0,1
2024622400104,2024,622400104,2,9,0,18,19,7,3,0,0,0,0,0,0,0,1,1,1,1,2,31,6,1461,2,10,RENAULT SCENIC,9,W01001085,0,1
2024201509188,2024,201509188,2,9,0,-1,2,0,0,-1,0,0,0,0,0,0,2,1,-1,6,-1,-1,-1,1461,2,12,RENAULT SCENIC,-1,-1,0,-1
2024340WN6772,2024,340WN6772,1,9,0,-1,10,1,7,-1,0,5,0,0,0,0,1,1,-1,9,2,41,7,1997,1,14,RENAULT SCENIC,-1,-1,0,-1
2024401465729,2024,401465729,1,9,0,-1,9,6,4,-1,0,0,0,0,0,0,1,1,-1,9,1,68,10,1598,1,16,RENAULT SCENIC,2,E01015720,0,1
2024221469150,2024,221469150,1,9,0,-1,2,0,0,-1,0,0,0,0,0,0,2,1,-1,1,2,36,7,1598,1,16,RENAULT SCENIC,2,E01032260,0,1
2024332400203,2024,332400203,1,9,0,-1,19,3,7,-1,0,4,0,0,0,0,1,1,-1,6,1,55,8,1461,2,14,RENAULT SCENIC,1,E01013638,0,2
2024041501816,2024,041501816,1,9,0,-1,19,7,3,-1,0,0,0,0,0,0,1,1,-1,9,2,68,10,1461,2,10,RENAULT SCENIC,4,E01025212,0,1
2024041426261,2024,041426261,2,9,0,-1,12,5,1,-1,0,1,0,0,7,0,1,1,-1,2,1,60,9,1461,2,13,RENAULT SCENIC,3,E01012708,0,2
2024141422515,2024,141422515,1,9,0,-1,19,8,4,-1,0,0,0,0,0,0,1,1,-1,9,1,34,6,1461,2,14,RENAULT SCENIC,4,E01007611,0,1
2024052401795,2024,052401795,2,9,0,18,19,5,1,0,0,8,0,0,0,0,3,1,6,6,2,47,8,1461,2,14,RENAULT SCENIC,5,E01007143,0,1
2024131429679,2024,131429679,1,9,0,-1,19,1,5,-1,0,0,0,0,0,0,2,1,-1,9,1,74,10,1461,2,9,RENAULT SCENIC,5,E01019305,0,5
2024010492844,2024,010492844,2,9,0,18,19,6,2,0,0,1,0,0,0,0,0,1,6,6,1,44,7,1598,1,13,RENAULT SCENIC,9,E01002996,0,1
2024061478529,2024,061478529,1,9,0,-1,19,3,7,-1,0,0,0,0,0,0,1,1,-1,9,2,46,8,1461,2,11,RENAULT SCENIC,-1,-1,0,-1
2024401414441,2024,401414441,2,9,0,-1,4,3,5,-1,0,4,0,0,0,0,2,1,-1,9,1,33,6,1461,2,14,RENAULT SCENIC,2,E01001349,0,4
2024311408105,2024,311408105,1,9,0,-1,9,1,7,-1,0,6,0,0,0,0,1,1,-1,6,1,76,11,1598,1,15,RENAULT SCENIC,4,E01027953,0,1
2024991453350,2024,991453350,2,9,0,-1,19,4,8,-1,0,8,0,0,0,0,2,1,-1,9,1,38,7,1461,2,11,RENAULT SCENIC,4,E01008277,0,5
2024351418055,2024,351418055,2,9,0,-1,19,8,4,-1,0,1,0,0,0,0,1,1,-1,9,1,64,9,1461,2,11,RENAULT SCENIC,6,E01017963,0,4
2024041401344,2024,041401344,1,9,0,-1,19,6,5,-1,0,4,0,0,0,0,1,1,-1,9,1,84,11,1870,2,19,RENAULT SCENIC,9,E01025404,0,1
2024622400842,2024,622400842,1,9,0,9,9,4,2,0,0,8,0,0,0,0,1,1,6,6,1,48,8,-1,3,0,RENAULT SCENIC,4,W01001992,0,1
2024311398133,2024,311398133,2,9,0,-1,9,5,2,-1,0,8,0,0,0,0,1,1,-1,6,1,32,6,1598,1,18,RENAULT SCENIC,5,E01019432,0,3
2024991464632,2024,991464632,1,9,0,-1,9,2,7,-1,0,8,1,10,0,0,1,1,-1,6,1,37,7,1461,2,13,RENAULT SCENIC,1,-1,0,1
2024010520664,2024,010520664,1,9,0,18,19,1,5,0,0,1,0,0,0,0,0,1,6,6,1,20,4,1598,1,15,RENAULT SCENIC,4,E01003730,0,1
2024991434462,2024,991434462,1,9,0,-1,19,6,1,-1,0,0,2,0,7,11,1,1,-1,6,1,36,7,1461,2,12,RENAULT SCENIC,8,-1,0,2
2024501441125,2024,501441125,2,9,0,-1,19,3,8,-1,0,1,1,0,0,0,1,1,-1,9,1,29,6,1461,2,14,RENAULT SCENIC,4,E01019006,0,1
2024010538176,2024,010538176,2,9,9,99,99,9,9,99,99,9,9,99,9,99,9,9,6,6,3,-1,-1,1598,1,13,RENAULT SCENIC,4,E01001286,0,1
2024201561314,2024,201561314,1,9,0,-1,19,2,6,-1,0,1,0,0,0,0,1,9,-1,6,1,53,8,1461,2,17,RENAULT SCENIC,3,E01010434,0,1
2024211447831,2024,211447831,2,9,0,-1,19,2,6,-1,0,1,0,0,0,0,4,1,-1,6,1,63,9,1997,1,14,RENAULT SCENIC,5,E01029403,0,1
2024201476969,2024,201476969,1,9,0,-1,9,2,7,-1,0,5,0,0,0,0,4,9,-1,6,3,-1,-1,1598,1,16,RENAULT SCENIC,-1,-1,0,-1
2024520401892,2024,520401892,1,9,0,18,19,1,5,0,0,2,0,0,0,0,1,1,6,6,1,45,7,1397,1,15,RENAULT SCENIC,4,E01029041,0,1