collision_index,collision_year,collision_ref_no,vehicle_reference,vehicle_type,towing_and_articulation,vehicle_manoeuvre_historic,vehicle_manoeuvre,vehicle_direction_from,vehicle_direction_to,vehicle_location_restricted_lane_historic,vehicle_location_restricted_lane,junction_location,skidding_and_overturning,hit_object_in_carriageway,vehicle_leaving_carriageway,hit_object_off_carriageway,first_point_of_impact,vehicle_left_hand_drive,journey_purpose_of_driver_historic,journey_purpose_of_driver,sex_of_driver,age_of_driver,age_band_of_driver,engine_capacity_cc,propulsion_code,age_of_vehicle,generic_make_model,driver_imd_decile,lsoa_of_driver,escooter_flag,driver_distance_banding
2024211502434,2024,211502434,2,9,0,-1,19,5,1,-1,0,8,0,0,0,0,2,1,-1,9,2,39,7,1498,1,0,SEAT ATECA,3,E01029359,0,1
2024430067727,2024,430067727,2,9,0,3,3,7,3,0,0,0,0,0,0,0,2,1,6,6,1,30,6,1498,1,5,SEAT ATECA,10,E01023512,0,4
2024332401077,2024,332401077,3,9,0,-1,2,0,0,-1,0,0,0,0,0,0,2,1,-1,6,1,56,9,1498,1,1,SEAT ATECA,7,E01025819,0,1
2024631509058,2024,631509058,1,9,0,-1,19,3,7,-1,0,0,0,0,0,0,4,1,-1,1,2,56,9,1598,2,8,SEAT ATECA,8,W01000557,0,1
2024610055724,2024,610055724,1,9,0,18,19,8,4,0,0,8,0,0,0,0,4,1,6,6,1,38,7,1968,2,1,SEAT ATECA,1,W01001659,0,1
2024440362419,2024,440362419,2,9,0,4,4,2,6,0,0,0,0,0,0,0,2,1,6,6,1,64,9,1498,1,2,SEAT ATECA,9,E01022081,0,5
2024991511470,2024,991511470,2,9,0,-1,9,3,8,-1,0,8,0,0,0,0,4,1,-1,9,1,53,8,1498,1,1,SEAT ATECA,1,-1,0,2
2024070656702,2024,070656702,1,9,0,-1,-1,1,5,0,0,0,0,0,0,0,1,1,6,6,1,68,10,1498,1,2,SEAT ATECA,10,E01018503,0,1
2024320392593,2024,320392593,4,9,0,-1,-1,8,4,0,0,2,0,0,0,0,1,1,-1,-1,1,52,8,1984,1,4,SEAT ATECA,8,E01026365,0,3
2024050414472,2024,050414472,2,9,0,18,19,1,5,0,0,0,0,2,0,0,2,1,6,6,1,32,6,1598,2,5,SEAT ATECA,6,E01019852,0,5
2024111473665,2024,111473665,1,9,0,-1,5,5,1,-1,0,2,0,0,1,0,3,1,-1,6,1,79,11,1498,1,1,SEAT ATECA,-1,-1,0,-1
2024041431969,2024,041431969,1,9,0,-1,7,1,3,-1,0,2,0,4,1,7,1,1,-1,9,2,30,6,1498,1,0,SEAT ATECA,1,E01024908,0,2
2024471455554,2024,471455554,1,9,0,-1,19,2,6,-1,0,0,0,0,0,0,1,1,-1,9,1,29,6,1498,1,0,SEAT ATECA,3,E01001638,0,4
2024351538986,2024,351538986,1,9,0,-1,13,7,2,-1,0,0,0,0,0,0,1,1,-1,9,1,81,11,1968,2,8,SEAT ATECA,5,E01018024,0,1
2024131518799,2024,131518799,1,9,0,-1,9,1,-1,-1,0,0,0,0,0,0,1,1,-1,6,3,-1,-1,1498,1,2,SEAT ATECA,-1,-1,0,-1
2024010501868,2024,010501868,2,9,0,99,99,9,9,99,99,9,9,99,9,99,9,9,6,6,3,45,7,1984,1,1,SEAT ATECA,5,E01003341,0,1
2024430576448,2024,430576448,1,9,0,10,10,6,4,0,0,1,0,0,0,0,2,1,6,6,2,37,7,1498,1,4,SEAT ATECA,9,E01017676,0,1
2024501517205,2024,501517205,3,9,0,-1,2,0,0,-1,-1,0,0,0,0,0,2,1,-1,6,-1,-1,-1,1498,1,0,SEAT ATECA,-1,-1,0,-1
2024522401286,2024,522401286,1,9,0,3,3,6,2,0,0,0,0,0,0,0,2,1,6,6,2,30,6,1498,1,4,SEAT ATECA,1,E01014516,0,1
2024131456212,2024,131456212,2,9,0,-1,9,4,5,-1,0,8,0,0,0,0,3,1,-1,9,1,54,8,999,1,5,SEAT ATECA,1,E01011911,0,3
2024141456662,2024,141456662,2,9,0,-1,9,7,5,-1,0,4,0,0,8,2,4,1,-1,6,2,47,8,1498,1,2,SEAT ATECA,4,E01007489,0,1
2024991435115,2024,991435115,1,9,0,-1,1,7,3,-1,9,0,0,0,0,0,2,1,-1,9,2,64,9,1395,1,7,SEAT ATECA,2,-1,0,1
2024010533839,2024,010533839,2,9,0,99,99,9,9,99,99,9,9,99,9,99,1,9,2,2,1,28,6,1498,1,3,SEAT ATECA,4,E01002030,0,2
2024201447239,2024,201447239,2,9,0,-1,14,8,4,-1,0,8,0,0,0,0,1,1,-1,9,2,37,7,1598,2,5,SEAT ATECA,4,E01009035,0,2
2024010514858,2024,010514858,2,9,0,9,9,7,4,0,0,1,0,0,0,0,3,1,6,6,2,35,6,1498,1,3,SEAT ATECA,4,E01003216,0,1
2024991468494,2024,991468494,3,9,0,-1,19,7,3,-1,0,0,0,0,1,0,1,1,-1,6,2,37,7,1498,1,5,SEAT ATECA,1,-1,0,1
2024161459574,2024,161459574,2,9,0,-1,2,0,0,-1,0,0,0,0,0,0,3,1,-1,6,-1,-1,-1,1498,1,1,SEAT ATECA,-1,-1,0,-1
2024201453653,2024,201453653,1,9,0,-1,5,4,2,-1,0,2,0,0,0,0,1,1,-1,9,1,32,6,1498,1,1,SEAT ATECA,-1,-1,0,-1
2024010534290,2024,010534290,1,9,0,99,99,9,9,99,99,0,9,99,9,99,2,9,6,6,2,33,6,1598,2,7,SEAT ATECA,9,E01002512,0,2
2024131510651,2024,131510651,2,9,0,-1,-1,-1,-1,-1,-1,0,-1,-1,-1,0,-1,1,-1,6,3,-1,-1,1598,2,5,SEAT ATECA,-1,-1,0,-1
2024440340967,2024,440340967,1,9,0,9,9,3,1,0,0,5,0,0,0,0,4,1,6,6,1,-1,-1,1598,2,5,SEAT ATECA,6,E01022735,0,1
2024461457493,2024,461457493,1,9,0,-1,13,7,3,-1,0,0,1,10,0,0,3,1,-1,6,2,37,7,1498,1,2,SEAT ATECA,8,E01024053,0,1
2024010493549,2024,010493549,2,9,0,18,19,5,1,0,0,1,0,0,0,0,0,1,6,6,1,62,9,1498,1,5,SEAT ATECA,5,E01000454,0,1
2024991453406,2024,991453406,2,9,0,-1,7,4,6,-1,0,1,0,0,0,0,1,1,-1,1,2,45,7,1598,2,5,SEAT ATECA,9,-1,0,1
2024622400519,2024,622400519,2,9,0,3,3,8,4,0,0,0,0,0,0,0,2,1,6,6,2,37,7,999,1,4,SEAT ATECA,5,W01001065,0,1
2024340WN2492,2024,340WN2492,2,9,0,-1,19,3,7,-1,0,1,0,0,0,0,1,1,-1,9,1,54,8,1498,1,1,SEAT ATECA,5,E01028430,0,3
2024010535071,2024,010535071,2,9,0,99,99,9,9,99,99,9,9,99,9,99,9,9,6,6,3,-1,-1,1498,1,4,SEAT ATECA,-1,-1,0,-1
2024430452473,2024,430452473,1,9,0,5,5,6,3,0,0,6,0,0,0,0,4,1,6,6,1,62,9,1598,2,4,SEAT ATECA,-1,-1,0,-1
2024041457668,2024,041457668,1,9,0,-1,19,3,7,-1,0,8,0,0,0,0,2,1,-1,9,1,30,6,1498,1,0,SEAT ATECA,4,E01025556,0,1
2024010506966,2024,010506966,4,9,0,2,2,0,0,0,0,2,0,0,0,0,3,1,6,6,3,-1,-1,1498,1,4,SEAT ATECA,-1,-1,0,-1
2024061395350,2024,061395350,1,9,0,-1,19,2,6,-1,0,0,1,0,0,0,3,1,-1,9,1,47,8,1498,1,5,SEAT ATECA,3,E01012632,0,4
2024131496794,2024,131496794,1,9,0,-1,19,5,1,-1,0,0,0,0,7,10,1,1,-1,7,2,41,7,1498,1,0,SEAT ATECA,2,E01010930,0,1
2024061526934,2024,061526934,1,9,0,-1,19,1,5,-1,0,2,0,0,0,0,1,1,-1,9,1,34,6,1498,1,0,SEAT ATECA,1,E01005195,0,1
2024622400183,2024,622400183,2,9,0,1,1,2,6,0,0,0,0,0,0,0,2,1,6,6,1,42,7,1498,1,1,SEAT ATECA,1,W01001703,0,1
2024622400089,2024,622400089,1,9,0,18,19,8,4,0,0,0,1,0,1,4,1,1,6,6,1,25,5,1984,1,5,SEAT ATECA,5,W01001092,0,3
2024010505696,2024,010505696,1,9,0,9,9,1,6,4,4,6,0,0,0,0,3,1,6,6,1,30,6,1498,1,0,SEAT ATECA,5,E01033579,0,1
2024351510491,2024,351510491,2,9,0,-1,19,5,3,-1,0,8,0,0,0,0,1,1,-1,9,1,26,6,1968,2,8,SEAT ATECA,6,E01030151,0,3
2024052402183,2024,052402183,1,9,0,18,19,3,7,0,0,1,0,0,4,2,1,1,6,6,2,36,7,1984,1,5,SEAT ATECA,1,E01006283,0,2
2024421506807,2024,421506807,2,9,0,-1,3,1,5,-1,0,1,0,0,0,0,2,1,-1,6,2,40,7,1498,1,6,SEAT ATECA,6,E01021378,0,2
2024061485435,2024,061485435,1,9,0,-1,5,-1,-1,-1,0,4,0,0,0,0,1,1,-1,9,2,31,6,1498,1,0,SEAT ATECA,6,E01006208,0,1
2024411449302,2024,411449302,1,9,0,-1,19,6,2,-1,0,0,0,0,9,0,4,9,-1,6,1,-1,-1,999,1,2,SEAT ATECA,6,E01023752,0,1
2024141506146,2024,141506146,1,9,0,-1,9,7,5,-1,0,6,0,0,0,0,3,1,-1,6,2,54,8,1498,1,0,SEAT ATECA,1,E01008124,0,2
2024461497975,2024,461497975,1,9,0,-1,19,1,4,-1,0,0,0,0,0,0,1,9,-1,6,2,27,6,1498,1,0,SEAT ATECA,2,E01003351,0,3
2024010529062,2024,010529062,1,9,0,99,99,9,9,99,99,0,9,99,9,99,2,9,6,6,2,61,9,1498,1,5,SEAT ATECA,7,E01030732,0,2
2024501431536,2024,501431536,1,9,0,-1,19,6,2,-1,0,0,0,0,0,0,1,1,-1,9,1,33,6,1498,1,1,SEAT ATECA,7,E01021369,0,5
2024440351203,2024,440351203,1,9,0,18,19,6,2,0,0,0,0,0,0,0,1,1,6,6,1,27,6,1498,1,0,SEAT ATECA,6,E01024361,0,5
2024010512341,2024,010512341,1,5,0,18,19,5,1,0,0,1,0,0,0,0,4,1,6,6,1,43,7,776,1,0,MAKE AND MODEL REDACTED,-1,-1,0,-1
2024461488225,2024,461488225,2,5,0,-1,5,4,4,-1,0,0,0,0,0,0,3,1,-1,6,1,41,7,776,1,0,MAKE AND MODEL REDACTED,7,E01024553,0,1
2024161433490,2024,161433490,1,2,0,-1,19,3,7,-1,0,9,0,0,1,0,1,1,-1,7,2,18,4,49,1,26,MAKE AND MODEL REDACTED,4,E01012797,0,1
2024471489667,2024,471489667,1,9,0,-1,9,6,2,-1,0,0,0,0,0,0,2,1,-1,2,1,47,8,-1,3,4,TESLA MODEL 3,3,E01031657,0,1
2024421406420,2024,421406420,2,9,0,-1,4,7,3,-1,0,0,0,0,0,0,2,9,-1,6,1,45,7,-1,3,5,TESLA MODEL 3,3,E01034088,0,1
2024421464051,2024,421464051,1,9,0,-1,12,7,3,-1,0,0,1,0,4,0,3,1,-1,9,2,38,7,-1,3,4,TESLA MODEL 3,6,E01021730,0,3
2024010530113,2024,010530113,1,8,0,99,99,9,9,99,99,9,9,99,9,99,9,9,1,1,1,48,8,-1,3,3,TESLA MODEL 3,3,E01003624,0,3
2024411454266,2024,411454266,2,9,-1,-1,-1,-1,-1,-1,-1,-1,-1,-1,-1,0,-1,9,-1,7,1,52,8,-1,3,1,TESLA MODEL 3,10,E01023691,0,1
2024332400696,2024,332400696,1,9,0,-1,11,1,5,-1,0,3,0,0,7,0,4,1,-1,2,1,70,10,-1,3,4,TESLA MODEL 3,5,E01029504,0,4
2024520403214,2024,520403214,2,9,0,9,9,2,8,0,0,8,0,0,0,0,1,1,6,6,1,66,10,-1,3,3,TESLA MODEL 3,8,E01034537,0,4
2024101526257,2024,101526257,1,8,0,-1,19,2,2,-1,0,5,0,0,0,0,1,1,-1,1,1,39,7,-1,3,4,TESLA MODEL 3,1,E01008204,0,1
2024991400119,2024,991400119,2,9,0,-1,19,2,6,-1,0,0,0,0,0,0,2,1,-1,9,2,48,8,-1,3,3,TESLA MODEL 3,9,-1,0,1
2024010520104,2024,010520104,1,9,0,18,19,3,7,0,0,9,0,0,0,0,9,1,6,6,2,40,7,-1,3,4,TESLA MODEL 3,7,E01017832,0,3
2024451494640,2024,451494640,1,9,0,-1,4,6,2,-1,0,0,0,0,0,0,2,1,-1,6,-1,-1,-1,-1,3,2,TESLA MODEL 3,-1,-1,0,-1
2024211525509,2024,211525509,1,9,0,-1,5,5,3,-1,0,1,0,0,0,0,0,1,-1,2,2,39,7,-1,3,5,TESLA MODEL 3,8,E01029378,0,2
2024351538214,2024,351538214,1,9,0,-1,19,3,7,-1,0,1,0,0,0,0,3,1,-1,6,1,43,7,-1,3,4,TESLA MODEL 3,7,E01018064,0,1
2024201517309,2024,201517309,2,9,0,-1,2,0,0,-1,0,8,0,0,0,0,4,1,-1,6,-1,-1,-1,-1,3,2,TESLA MODEL 3,-1,-1,0,-1
2024010549270,2024,010549270,2,9,0,6,6,7,7,0,0,8,0,0,0,0,3,1,1,1,1,33,6,-1,3,4,TESLA MODEL 3,2,E01035664,0,1
2024451448138,2024,451448138,2,9,0,-1,2,0,0,-1,0,0,1,0,0,0,2,1,-1,6,-1,-1,-1,-1,3,0,TESLA MODEL 3,-1,-1,0,-1
2024471520031,2024,471520031,2,9,0,-1,3,3,7,-1,0,0,0,0,0,0,2,1,-1,9,1,51,8,-1,3,5,TESLA MODEL 3,8,E01031707,0,3
2024320393696,2024,320393696,1,9,0,-1,-1,8,4,0,0,0,1,0,7,4,1,1,1,1,1,33,6,-1,3,3,TESLA MODEL 3,9,E01025738,0,4
2024531488033,2024,531488033,2,9,0,-1,19,2,6,-1,0,1,0,0,1,11,1,1,-1,9,1,49,8,-1,3,1,TESLA MODEL 3,6,E01022222,0,1
2024101503269,2024,101503269,2,9,0,-1,19,2,6,-1,0,8,0,0,0,0,1,1,-1,2,1,43,7,-1,3,1,TESLA MODEL 3,9,E01008248,0,2
2024010549490,2024,010549490,1,8,0,99,99,9,9,99,99,9,9,99,9,99,9,9,1,1,1,29,6,-1,3,2,TESLA MODEL 3,8,E01032775,0,2
2024411428377,2024,411428377,1,9,0,-1,2,0,0,-1,0,0,0,0,0,0,0,1,-1,6,-1,-1,-1,-1,3,1,TESLA MODEL 3,-1,-1,0,-1
2024041399470,2024,041399470,2,9,0,-1,19,6,4,-1,0,8,0,0,0,0,1,1,-1,9,1,58,9,-1,3,4,TESLA MODEL 3,6,E01025026,0,3
2024010524963,2024,010524963,2,8,0,99,99,9,9,99,99,9,9,99,9,99,9,9,6,6,3,-1,-1,-1,3,2,TESLA MODEL 3,-1,-1,0,-1
2024010517551,2024,010517551,2,9,0,99,99,9,9,99,99,0,9,99,9,99,9,9,6,6,1,66,10,-1,3,5,TESLA MODEL 3,6,E01001217,0,1
2024201504549,2024,201504549,1,9,0,-1,5,3,7,-1,0,1,0,0,0,0,-1,9,-1,9,1,37,7,-1,3,5,TESLA MODEL 3,5,E01010250,0,1
2024101486894,2024,101486894,1,9,0,-1,19,1,5,-1,0,0,1,0,7,0,1,1,-1,6,2,55,8,-1,3,4,TESLA MODEL 3,4,E01020656,0,4
2024141486133,2024,141486133,1,9,0,-1,19,5,1,-1,0,1,0,0,0,0,1,1,-1,6,1,43,7,-1,3,4,TESLA MODEL 3,4,E01007350,0,2
2024371513291,2024,371513291,3,9,0,-1,19,3,7,-1,0,8,0,0,0,0,1,1,-1,1,1,34,6,-1,3,1,TESLA MODEL 3,9,E01030089,0,2
2024041525607,2024,041525607,2,9,0,-1,19,1,5,-1,0,2,0,0,0,0,3,1,-1,2,2,57,9,-1,3,0,TESLA MODEL 3,7,E01025362,0,2
2024201409381,2024,201409381,2,9,0,-1,19,5,1,-1,0,4,0,0,0,0,1,1,-1,6,1,41,7,-1,3,2,TESLA MODEL 3,1,E01009002,0,2
2024010517176,2024,010517176,2,9,0,10,10,5,4,0,0,1,0,0,0,0,1,1,6,6,1,33,6,-1,3,0,TESLA MODEL 3,3,E01000032,0,1
2024461475316,2024,461475316,2,9,0,-1,2,0,0,-1,0,0,0,0,0,0,1,1,-1,6,-1,-1,-1,-1,3,2,TESLA MODEL 3,-1,-1,0,-1
2024531394329,2024,531394329,1,9,0,-1,19,2,6,-1,0,0,0,0,0,0,1,1,-1,9,1,81,11,1490,3,0,TESLA MODEL 3,9,E01014467,0,4
2024010512032,2024,010512032,1,9,0,5,5,0,3,0,0,1,0,0,0,0,3,1,6,6,2,55,8,-1,3,0,TESLA MODEL 3,3,E01002908,0,1
2024302401257,2024,302401257,2,9,0,3,3,6,2,0,0,1,0,0,0,0,2,1,2,2,2,45,7,-1,3,3,TESLA MODEL 3,8,E01014131,0,4
2024041452343,2024,041452343,2,9,0,-1,19,5,7,-1,0,0,0,0,0,0,2,1,-1,9,1,49,8,-1,3,2,TESLA MODEL 3,7,E01025141,0,4
2024351507960,2024,351507960,3,9,0,-1,3,8,4,-1,0,1,0,0,0,0,2,1,-1,9,1,26,6,-1,3,0,TESLA MODEL 3,9,E01018231,0,3
2024552400414,2024,552400414,1,9,0,18,19,1,5,0,0,0,0,0,0,0,0,1,2,2,2,40,7,-1,3,4,TESLA MODEL 3,8,E01015332,0,2
2024522500259,2024,522500259,2,9,0,4,4,4,8,0,0,1,0,0,0,0,1,1,6,6,2,48,8,-1,3,4,TESLA MODEL 3,10,E01014767,0,1
2024451464020,2024,451464020,1,9,0,-1,10,1,3,-1,0,1,0,0,0,0,2,1,-1,7,2,33,6,-1,3,2,TESLA MODEL 3,10,E01030810,0,3
2024471488685,2024,471488685,1,9,0,-1,9,5,7,-1,0,2,0,0,0,0,3,1,-1,9,2,55,8,-1,3,2,TESLA MODEL 3,8,E01016936,0,4
2024461464736,2024,461464736,1,8,0,-1,5,7,3,-1,0,0,0,0,0,0,0,9,-1,9,1,64,9,-1,3,4,TESLA MODEL 3,8,E01016126,0,1
2024471399477,2024,471399477,2,9,0,-1,19,7,3,-1,0,0,0,0,0,0,3,1,-1,6,1,56,9,-1,3,4,TESLA MODEL 3,7,E01021166,0,1
2024332401237,2024,332401237,2,9,0,-1,2,0,0,-1,0,0,0,0,0,0,4,1,-1,6,3,-1,-1,-1,3,0,TESLA MODEL 3,-1,-1,0,-1
2024991482013,2024,991482013,2,9,0,-1,9,5,6,-1,0,5,0,0,0,0,3,1,-1,9,1,40,7,-1,3,4,TESLA MODEL 3,7,-1,0,5
2024991510030,2024,991510030,2,9,0,-1,19,8,3,-1,0,0,0,0,0,0,2,1,-1,6,1,38,7,-1,3,2,TESLA MODEL 3,10,-1,0,2
2024010542906,2024,010542906,1,9,0,99,99,9,9,99,99,0,9,99,9,99,1,9,6,6,2,32,6,-1,3,3,TESLA MODEL 3,7,E01001269,0,1
2024430162844,2024,430162844,2,9,0,18,19,3,7,-1,-1,-1,0,0,0,0,1,-1,2,2,1,49,8,-1,3,4,TESLA MODEL 3,8,E01034451,0,1
2024501479773,2024,501479773,1,9,0,-1,10,5,3,-1,0,2,0,0,0,0,4,1,-1,2,2,34,6,-1,3,3,TESLA MODEL 3,5,E01020036,0,1
2024010522116,2024,010522116,1,9,0,7,7,3,5,0,0,6,0,0,0,0,1,1,2,2,1,33,6,-1,3,2,TESLA MODEL 3,7,E01004166,0,3
2024991494502,2024,991494502,3,9,0,-1,5,8,4,-1,0,1,0,0,0,0,0,1,-1,9,2,56,9,-1,3,5,TESLA MODEL 3,7,-1,0,2
2024010538407,2024,010538407,1,9,0,-1,-1,5,1,0,0,2,0,0,0,0,1,1,3,7,2,48,8,-1,3,1,TESLA MODEL 3,6,E01001952,0,1
2024141395326,2024,141395326,2,9,0,-1,2,0,0,-1,0,0,0,0,0,0,2,1,-1,6,-1,-1,-1,-1,3,1,TESLA MODEL 3,-1,-1,0,-1
2024070464491,2024,070464491,1,9,0,9,9,3,1,0,0,1,0,0,3,9,1,1,1,1,2,34,6,1984,3,5,TESLA MODEL 3,10,E01029747,0,4
2024010506744,2024,010506744,1,9,0,99,99,9,9,99,99,9,9,99,9,99,2,9,1,1,1,26,6,-1,3,4,TESLA MODEL 3,6,E01024282,0,4
2024010512817,2024,010512817,2,9,9,99,99,9,9,99,99,9,9,99,9,99,9,9,6,6,3,34,6,-1,3,3,TESLA MODEL 3,4,E01002858,0,3
2024501520506,2024,501520506,1,9,0,-1,13,2,6,-1,0,0,1,0,1,4,1,1,-1,1,1,26,6,-1,3,3,TESLA MODEL 3,1,E01015151,0,4
2024991520075,2024,991520075,1,9,0,-1,19,1,5,-1,0,4,0,0,0,0,1,1,-1,1,1,28,6,-1,3,0,TESLA MODEL 3,1,-1,0,1
2024041399631,2024,041399631,2,9,0,-1,19,3,7,-1,0,0,0,0,0,0,2,1,-1,9,1,50,8,-1,3,4,TESLA MODEL 3,4,E01025030,0,3
2024010513948,2024,010513948,3,9,0,18,19,3,7,0,0,0,0,0,0,0,2,1,2,2,1,63,9,-1,3,3,TESLA MODEL 3,9,E01021445,0,3
2024401428217,2024,401428217,2,9,0,-1,4,1,5,-1,0,0,0,0,0,0,2,1,-1,9,1,26,6,-1,3,4,TESLA MODEL 3,7,E01034422,0,1
2024231431435,2024,231431435,1,9,0,-1,19,2,6,-1,0,0,1,0,1,9,1,9,-1,1,2,51,8,-1,3,3,TESLA MODEL 3,5,E01031327,0,3
2024430580680,2024,430580680,2,8,0,18,19,8,4,0,0,2,1,0,6,6,3,1,1,1,1,40,7,-1,3,1,TESLA MODEL 3,-1,-1,0,-1
2024201485983,2024,201485983,2,9,0,-1,19,6,2,-1,0,8,0,0,0,0,1,9,-1,6,3,30,6,-1,3,1,TESLA MODEL 3,-1,-1,0,-1
2024071085295,2024,071085295,2,9,0,-1,19,5,1,-1,0,6,0,0,0,1,4,1,-1,6,1,39,7,-1,3,1,TESLA MODEL 3,4,E01018451,0,4
2024471440496,2024,471440496,3,9,0,-1,4,7,3,-1,0,1,0,0,0,0,1,1,-1,2,1,51,8,-1,3,2,TESLA MODEL 3,10,E01031487,0,4
2024061445250,2024,061445250,1,9,0,-1,14,-1,-1,-1,0,1,0,0,1,0,4,1,-1,9,1,30,6,-1,3,5,TESLA MODEL 3,3,E01006145,0,1
2024991464853,2024,991464853,2,9,0,-1,19,1,5,-1,0,0,0,0,0,0,2,1,-1,9,1,33,6,-1,3,3,TESLA MODEL 3,9,-1,0,4
2024010544711,2024,010544711,1,8,0,16,19,8,4,9,9,1,0,7,1,1,1,2,6,6,1,32,6,-1,3,4,TESLA MODEL 3,4,E01004432,0,1
2024451395463,2024,451395463,2,9,0,-1,19,7,3,-1,0,0,0,0,0,0,1,1,-1,6,1,30,6,-1,3,4,TESLA MODEL 3,-1,-1,0,-1
2024332400391,2024,332400391,3,9,0,-1,19,1,5,-1,0,2,0,0,0,0,1,1,-1,9,1,49,8,-1,3,3,TESLA MODEL 3,7,E01025871,0,3
2024547604624,2024,547604624,1,9,0,5,5,4,8,0,0,8,0,0,0,0,3,1,1,1,1,38,7,-1,3,4,TESLA MODEL 3,6,E01032519,0,4
2024010547785,2024,010547785,2,9,0,6,6,3,3,0,0,1,0,0,0,0,1,1,1,1,1,56,9,-1,3,3,TESLA MODEL 3,3,E01001698,0,3
2024010514794,2024,010514794,2,9,0,18,19,1,5,1,1,1,0,0,3,11,1,1,6,6,1,55,8,-1,3,4,TESLA MODEL 3,9,E01000751,0,2
2024010542383,2024,010542383,2,9,0,18,19,1,5,0,0,8,0,0,0,0,2,1,6,6,1,34,6,-1,3,1,TESLA MODEL 3,7,E01002818,0,2
2024991455046,2024,991455046,3,9,0,-1,19,4,8,-1,0,0,0,11,0,0,1,1,-1,2,2,26,6,-1,3,2,TESLA MODEL 3,8,-1,0,1
2024552401371,2024,552401371,2,9,0,4,4,2,6,0,0,0,0,0,0,0,2,1,6,6,1,42,7,-1,3,0,TESLA MODEL 3,7,E01020436,0,1
2024221475449,2024,221475449,1,9,0,-1,19,4,8,-1,0,0,0,0,0,0,1,1,-1,9,1,45,7,-1,3,3,TESLA MODEL 3,6,E01027045,0,5
2024522401230,2024,522401230,1,9,0,18,19,1,5,0,0,8,0,0,0,0,1,1,6,6,1,44,7,-1,3,3,TESLA MODEL 3,10,E01031919,0,4
2024041511823,2024,041511823,2,9,0,-1,19,1,5,-1,0,6,0,0,0,0,4,1,-1,6,2,43,7,-1,3,3,TESLA MODEL 3,4,E01025517,0,1
2024041444882,2024,041444882,3,9,0,-1,2,0,0,-1,0,2,0,0,0,0,1,1,-1,6,-1,-1,-1,-1,3,1,TESLA MODEL 3,-1,-1,0,-1
2024401509978,2024,401509978,2,9,0,-1,3,1,5,-1,0,1,0,0,0,0,2,1,-1,9,1,52,8,-1,3,3,TESLA MODEL 3,5,E01015762,0,1
2024010528815,2024,010528815,2,9,0,18,19,5,1,0,0,0,0,0,0,0,1,1,6,6,1,39,7,-1,3,2,TESLA MODEL 3,1,E01003515,0,3
2024111423064,2024,111423064,2,9,0,-1,9,5,3,-1,0,0,1,0,0,0,2,1,-1,6,2,36,7,-1,3,1,TESLA MODEL 3,7,E01012324,0,1
2024010509409,2024,010509409,2,9,0,9,9,6,3,0,0,8,0,0,0,0,1,1,3,7,2,42,7,-1,3,4,TESLA MODEL 3,6,E01001881,0,1
2024451502691,2024,451502691,2,8,0,-1,1,2,6,-1,99,8,0,0,0,0,3,1,-1,6,1,55,8,-1,3,3,TESLA MODEL 3,-1,-1,0,-1
2024451535726,2024,451535726,1,9,0,-1,19,5,1,-1,0,0,0,0,0,0,1,1,-1,9,1,46,8,-1,3,0,TESLA MODEL 3,10,E01030407,0,1
2024501395793,2024,501395793,2,9,0,-1,4,3,7,-1,0,0,0,0,0,0,2,1,-1,6,2,36,7,-1,3,2,TESLA MODEL 3,10,E01020167,0,2
2024010507328,2024,010507328,2,9,0,18,19,8,4,0,0,1,0,0,0,0,0,1,6,6,1,29,6,-1,3,4,TESLA MODEL 3,3,E01002560,0,1
2024421433543,2024,421433543,3,9,0,-1,19,6,2,-1,0,0,0,0,0,0,2,1,-1,6,1,-1,-1,-1,3,5,TESLA MODEL 3,5,E01035460,0,5
2024010535242,2024,010535242,2,9,0,4,4,1,5,0,0,1,0,0,0,0,2,1,6,6,1,50,8,-1,3,1,TESLA MODEL 3,3,E01003829,0,1
2024501483547,2024,501483547,3,9,0,-1,4,3,7,-1,0,0,0,0,0,0,2,1,-1,6,1,21,5,-1,3,5,TESLA MODEL 3,6,E01019021,0,4
2024010550539,2024,010550539,1,9,0,9,9,3,1,0,0,4,0,0,0,0,3,1,6,6,1,35,6,-1,3,4,TESLA MODEL 3,9,E01004694,0,3
2024361394605,2024,361394605,1,9,0,-1,19,-1,-1,-1,0,8,0,0,0,0,1,9,-1,6,1,-1,-1,-1,3,3,TESLA MODEL 3,8,E01026671,0,1
2024010512001,2024,010512001,1,9,0,2,2,0,0,0,0,1,0,0,0,0,3,1,6,6,3,-1,-1,-1,3,4,TESLA MODEL 3,-1,-1,0,-1
2024540675024,2024,540675024,4,9,0,18,19,1,6,0,0,1,0,0,0,0,3,1,6,6,2,39,7,-1,3,5,TESLA MODEL 3,7,E01034522,0,1
2024211495868,2024,211495868,2,9,0,-1,3,3,7,-1,0,0,0,0,0,0,2,1,-1,9,2,32,6,-1,3,3,TESLA MODEL 3,3,E01034059,0,1
2024411556369,2024,411556369,2,9,0,-1,9,7,3,-1,0,1,0,0,0,0,1,1,-1,6,1,50,8,-1,3,3,TESLA MODEL 3,8,E01000237,0,2
2024451493002,2024,451493002,2,9,0,-1,19,8,4,-1,0,1,0,0,0,0,1,1,-1,7,1,51,8,-1,3,4,TESLA MODEL 3,6,E01030550,0,1
2024070395968,2024,070395968,2,9,0,3,3,5,1,0,0,0,0,0,0,0,4,1,2,2,1,41,7,-1,3,3,TESLA MODEL 3,6,E01018472,0,1
2024421524533,2024,421524533,4,9,0,-1,19,1,5,-1,0,0,0,0,0,0,2,1,-1,2,1,36,7,-1,3,1,TESLA MODEL 3,8,E01024416,0,4