collision_index,collision_year,collision_ref_no,vehicle_reference,vehicle_type,towing_and_articulation,vehicle_manoeuvre_historic,vehicle_manoeuvre,vehicle_direction_from,vehicle_direction_to,vehicle_location_restricted_lane_historic,vehicle_location_restricted_lane,junction_location,skidding_and_overturning,hit_object_in_carriageway,vehicle_leaving_carriageway,hit_object_off_carriageway,first_point_of_impact,vehicle_left_hand_drive,journey_purpose_of_driver_historic,journey_purpose_of_driver,sex_of_driver,age_of_driver,age_band_of_driver,engine_capacity_cc,propulsion_code,age_of_vehicle,generic_make_model,driver_imd_decile,lsoa_of_driver,escooter_flag,driver_distance_banding
2024111498226,2024,111498226,1,9,0,-1,19,7,4,-1,0,8,0,0,1,7,1,1,-1,1,2,69,10,-1,3,5,TESLA MODEL 3,7,E01020601,0,2
2024010532765,2024,010532765,1,9,0,9,9,7,4,0,0,5,0,0,0,0,1,1,6,6,2,48,8,-1,3,2,TESLA MODEL 3,10,E01003759,0,1
2024010540328,2024,010540328,1,9,0,9,9,5,3,0,0,1,0,0,0,0,4,1,6,6,1,44,7,-1,3,5,TESLA MODEL 3,2,E01004310,0,1
2024010547530,2024,010547530,2,8,0,99,99,9,9,99,99,9,9,99,9,99,3,9,6,6,1,67,10,-1,3,2,TESLA MODEL 3,4,E01002267,0,4
2024010517383,2024,010517383,1,9,0,9,9,3,8,0,0,6,0,0,0,0,1,1,6,6,2,38,7,-1,3,3,TESLA MODEL 3,6,E01000568,0,1
2024141438488,2024,141438488,1,9,0,-1,19,3,7,-1,0,1,0,0,0,0,1,1,-1,6,1,27,6,-1,3,4,TESLA MODEL 3,9,E01007808,0,1
2024010510405,2024,010510405,2,9,0,99,99,9,9,99,99,9,9,99,9,99,9,9,6,6,1,33,6,-1,3,3,TESLA MODEL 3,4,E01003150,0,1
2024141516162,2024,141516162,2,9,0,-1,19,3,7,-1,0,0,0,0,0,0,1,1,-1,6,3,-1,-1,-1,3,4,TESLA MODEL 3,1,E01007369,0,3
2024010549712,2024,010549712,1,8,0,99,99,9,9,99,99,9,9,99,9,99,3,9,1,1,1,44,7,-1,3,2,TESLA MODEL 3,2,E01000289,0,3
2024302400338,2024,302400338,2,9,0,4,4,1,5,0,0,8,0,0,0,0,2,1,6,6,3,-1,-1,-1,3,3,TESLA MODEL 3,5,E01019456,0,4
2024311530401,2024,311530401,1,9,0,-1,5,1,5,-1,0,4,0,0,0,0,0,2,-1,6,1,59,9,-1,3,5,TESLA MODEL 3,9,E01032520,0,1
2024411471564,2024,411471564,2,9,0,-1,19,2,8,-1,0,1,0,0,0,0,1,1,-1,6,1,33,6,-1,3,4,TESLA MODEL 3,4,E01023864,0,1
2024201455028,2024,201455028,1,9,0,-1,9,6,4,-1,0,6,0,0,0,0,1,1,-1,9,1,24,5,-1,3,2,TESLA MODEL 3,2,E01009971,0,1
2024010528952,2024,010528952,1,9,0,18,19,8,4,0,0,5,0,0,0,0,1,1,2,2,1,33,6,-1,3,3,TESLA MODEL 3,6,E01002266,0,1
2024010534745,2024,010534745,1,9,0,99,99,9,9,99,99,9,9,99,9,99,9,9,6,6,1,44,7,-1,3,3,TESLA MODEL 3,9,E01030568,0,1
2024131467670,2024,131467670,3,9,0,-1,5,-1,-1,-1,0,0,0,-1,-1,0,-1,1,-1,9,2,44,7,-1,3,2,TESLA MODEL 3,10,E01011411,0,1
2024340NN2652,2024,340NN2652,2,9,0,-1,3,1,5,-1,0,0,0,0,0,0,2,1,-1,9,2,50,8,-1,3,4,TESLA MODEL 3,7,E01027338,0,1
2024010527937,2024,010527937,1,9,0,9,9,9,9,99,99,9,9,99,9,99,9,9,6,6,3,-1,-1,-1,3,2,TESLA MODEL 3,-1,-1,0,-1
2024010507922,2024,010507922,1,8,0,18,19,4,8,0,0,1,0,0,0,0,1,1,1,1,1,48,8,-1,3,2,TESLA MODEL 3,6,E01001343,0,2
2024461402769,2024,461402769,1,9,0,-1,9,8,4,-1,0,8,0,0,0,0,4,9,-1,6,1,38,7,-1,3,2,TESLA MODEL 3,3,E01001722,0,4
2024061493775,2024,061493775,2,9,0,-1,4,5,5,-1,0,0,0,0,0,0,2,1,-1,1,1,38,7,-1,3,2,TESLA MODEL 3,1,E01005235,0,1
2024332400001,2024,332400001,1,9,0,-1,9,2,8,-1,0,6,0,0,0,0,3,1,-1,2,1,45,7,-1,3,2,TESLA MODEL 3,8,E01025942,0,1
2024070109934,2024,070109934,1,9,0,9,9,3,1,0,0,8,0,0,0,0,0,1,2,2,2,-1,-1,-1,3,3,TESLA MODEL 3,9,E01012448,0,1
2024141397789,2024,141397789,1,9,0,-1,9,1,6,-1,0,6,0,0,0,0,3,1,-1,9,2,25,5,-1,3,5,TESLA MODEL 3,6,E01007695,0,2
2024340NN4592,2024,340NN4592,2,9,0,-1,4,8,4,-1,0,0,0,0,0,0,2,1,-1,9,1,39,7,-1,3,5,TESLA MODEL 3,9,E01027052,0,2
2024122400772,2024,122400772,2,9,0,2,2,0,0,0,0,0,0,0,0,0,3,1,6,6,1,32,6,-1,3,5,TESLA MODEL 3,7,E01013363,0,1
2024061513434,2024,061513434,1,9,0,-1,19,-1,-1,-1,0,1,0,0,0,0,4,1,-1,2,2,38,7,-1,3,4,TESLA MODEL 3,6,E01005885,0,1
2024010499533,2024,010499533,2,9,9,99,99,9,9,99,99,9,9,99,9,99,9,9,6,6,3,-1,-1,-1,3,1,TESLA MODEL 3,-1,-1,0,-1
2024211471232,2024,211471232,4,9,0,-1,5,3,3,-1,0,0,0,0,0,0,4,1,-1,9,1,39,7,-1,3,3,TESLA MODEL 3,-1,-1,0,-1
2024010533221,2024,010533221,2,9,0,9,9,5,3,0,0,1,0,0,0,0,4,1,3,7,2,42,7,-1,3,4,TESLA MODEL 3,5,E01000505,0,2
2024471496012,2024,471496012,1,9,0,-1,19,1,5,-1,0,0,1,0,0,0,1,1,-1,1,1,30,6,-1,3,0,TESLA MODEL 3,6,E01035345,0,1
2024101505341,2024,101505341,1,9,0,-1,5,1,5,-1,0,8,0,0,0,0,1,1,-1,6,1,31,6,-1,3,1,TESLA MODEL 3,1,E01008821,0,1
2024010502134,2024,010502134,1,9,0,9,9,5,4,0,0,5,0,0,0,0,1,1,6,6,2,35,6,-1,3,3,TESLA MODEL 3,2,E01001697,0,1
2024122400655,2024,122400655,1,9,0,18,19,3,7,0,0,0,0,0,7,0,1,1,6,6,1,32,6,-1,3,3,TESLA MODEL 3,10,E01032549,0,4
2024010518110,2024,010518110,1,8,0,99,99,9,9,99,99,9,9,99,9,99,2,9,1,1,1,43,7,-1,3,2,TESLA MODEL 3,2,E01000289,0,4
2024131410372,2024,131410372,1,9,0,-1,9,3,1,-1,0,8,0,0,0,0,3,1,-1,6,1,25,5,-1,3,1,TESLA MODEL 3,3,E01010670,0,1
2024010519831,2024,010519831,3,9,0,10,10,5,2,0,0,1,0,0,0,0,1,1,6,6,1,41,7,-1,3,2,TESLA MODEL 3,-1,-1,0,-1
2024031436184,2024,031436184,2,9,0,-1,9,7,3,-1,0,1,0,0,0,0,2,1,-1,2,1,30,6,-1,3,3,TESLA MODEL 3,-1,-1,0,-1
2024010506830,2024,010506830,3,9,0,99,99,9,9,99,99,9,9,99,9,99,9,9,6,6,3,-1,-1,-1,3,4,TESLA MODEL 3,-1,-1,0,-1
2024201419824,2024,201419824,2,9,0,-1,5,8,2,-1,0,4,0,0,0,0,3,9,-1,1,1,39,7,-1,3,3,TESLA MODEL 3,1,E01010415,0,2
2024010534927,2024,010534927,1,9,0,99,99,9,9,99,99,0,9,99,9,99,2,9,6,6,3,-1,-1,-1,3,3,TESLA MODEL 3,4,E01003104,0,2
2024411529193,2024,411529193,1,9,-1,-1,-1,-1,-1,-1,-1,0,-1,-1,-1,0,-1,9,-1,6,1,-1,-1,-1,3,3,TESLA MODEL 3,-1,-1,0,-1
2024131510452,2024,131510452,1,9,0,-1,19,5,1,-1,0,8,0,0,0,0,3,1,-1,6,1,39,7,-1,3,4,TESLA MODEL 3,3,E01013445,0,4
2024010530928,2024,010530928,2,9,0,5,5,0,5,0,0,0,0,0,0,0,1,1,6,6,1,32,6,-1,3,1,TESLA MODEL 3,3,E01003263,0,3
2024010508910,2024,010508910,3,9,0,2,2,0,0,0,0,0,0,0,0,0,0,1,6,6,3,-1,-1,-1,3,4,TESLA MODEL 3,-1,-1,0,-1
2024010514833,2024,010514833,1,9,0,5,5,1,5,0,0,0,0,0,0,0,0,1,6,6,1,65,9,-1,3,2,TESLA MODEL 3,3,E01034390,0,1
2024010507494,2024,010507494,1,9,0,17,19,5,1,0,0,0,0,0,0,0,1,1,6,6,1,55,8,-1,3,0,TESLA MODEL 3,6,E01001159,0,1
2024010524823,2024,010524823,2,9,0,99,99,9,9,99,99,9,9,99,9,99,1,9,6,6,1,54,8,-1,3,3,TESLA MODEL 3,2,E01000551,0,3
2024332400674,2024,332400674,2,9,0,-1,19,2,6,-1,0,8,0,0,0,0,1,1,-1,6,3,-1,-1,-1,3,0,TESLA MODEL 3,-1,-1,0,-1
2024010500679,2024,010500679,1,9,0,18,19,5,1,9,9,0,0,0,1,11,1,1,6,6,1,26,6,-1,3,2,TESLA MODEL 3,4,E01003537,0,1
2024010498860,2024,010498860,1,9,0,18,19,5,1,0,0,1,0,0,0,0,4,1,2,2,1,46,8,-1,3,4,TESLA MODEL 3,5,E01033837,0,4
2024041511619,2024,041511619,2,9,0,-1,19,8,4,-1,0,8,0,0,0,0,4,1,-1,9,2,29,6,-1,3,2,TESLA MODEL 3,8,E01024923,0,1
2024211469052,2024,211469052,1,9,0,-1,19,3,7,-1,0,0,0,0,0,0,1,1,-1,6,1,39,7,-1,3,3,TESLA MODEL 3,3,E01014327,0,1
2024361484395,2024,361484395,1,9,0,-1,19,5,1,-1,0,0,0,0,0,0,1,1,-1,6,1,23,5,-1,3,5,TESLA MODEL 3,3,E01026614,0,2
2024991491065,2024,991491065,2,9,0,-1,19,8,4,-1,0,1,0,0,0,0,1,1,-1,1,2,48,8,-1,3,2,TESLA MODEL 3,7,-1,0,1
2024201479333,2024,201479333,1,9,0,-1,4,2,8,-1,0,0,0,10,1,10,1,1,-1,6,2,74,10,-1,3,4,TESLA MODEL 3,5,E01010460,0,1
2024440239218,2024,440239218,1,9,0,3,3,4,8,0,0,2,0,0,0,0,2,1,6,6,1,43,7,-1,3,2,TESLA MODEL 3,2,E01022833,0,1
2024201495413,2024,201495413,2,9,0,-1,1,2,6,-1,0,8,0,0,0,0,2,1,-1,7,2,36,7,-1,3,2,TESLA MODEL 3,2,E01010046,0,1
2024010521651,2024,010521651,1,9,0,5,5,7,3,0,0,8,0,0,0,0,1,1,6,6,3,-1,-1,-1,3,4,TESLA MODEL 3,-1,-1,0,-1
2024501505970,2024,501505970,2,9,0,-1,19,3,7,-1,0,0,0,0,0,0,3,1,-1,6,1,32,6,-1,3,0,TESLA MODEL 3,2,E01003061,0,5
2024010520126,2024,010520126,1,9,9,99,99,9,9,99,99,9,9,99,9,99,9,9,6,6,1,33,6,-1,3,3,TESLA MODEL 3,5,E01003115,0,1
2024340WN0032,2024,340WN0032,4,9,0,-1,19,4,8,-1,0,0,0,0,0,0,0,1,-1,6,1,39,7,-1,3,3,TESLA MODEL 3,2,E01027242,0,1
2024161445317,2024,161445317,2,9,0,-1,3,1,5,-1,0,3,0,0,0,0,2,1,-1,6,1,56,9,-1,3,3,TESLA MODEL 3,5,E01012829,0,1
2024010536993,2024,010536993,1,9,0,18,19,3,7,0,0,2,0,0,0,0,1,1,6,6,1,35,6,-1,3,4,TESLA MODEL 3,3,E01034221,0,1
2024101419878,2024,101419878,2,9,0,-1,10,7,5,-1,0,1,0,0,0,0,2,1,-1,9,1,36,7,-1,3,4,TESLA MODEL 3,9,E01027481,0,2
2024531489753,2024,531489753,1,9,0,-1,4,6,2,-1,0,0,1,0,0,0,1,1,-1,9,2,35,6,-1,3,3,TESLA MODEL 3,6,E01022186,0,1
2024471474091,2024,471474091,1,9,0,-1,19,1,5,-1,0,1,0,0,3,2,1,1,-1,9,1,23,5,-1,3,0,TESLA MODEL 3,3,E01009655,0,5
2024010536176,2024,010536176,1,9,0,5,5,1,5,0,0,5,0,0,0,0,1,1,6,6,1,61,9,-1,3,5,TESLA MODEL 3,10,E01004690,0,1
2024201492453,2024,201492453,1,9,0,-1,19,1,5,-1,0,8,0,0,0,0,1,1,-1,6,1,56,9,-1,3,5,TESLA MODEL 3,9,E01010210,0,1
2024201492423,2024,201492423,1,9,0,-1,19,2,6,-1,0,1,0,0,0,0,1,1,-1,6,1,39,7,-1,3,3,TESLA MODEL 3,2,E01010305,0,1
2024010539513,2024,010539513,1,9,0,6,6,6,6,0,0,2,0,0,0,0,4,1,6,6,1,21,5,-1,3,4,TESLA MODEL 3,8,E01003271,0,1
2024010549081,2024,010549081,1,8,0,99,99,9,9,99,99,9,9,99,9,99,4,9,1,1,1,50,8,-1,3,3,TESLA MODEL 3,5,E01000006,0,3
2024546067624,2024,546067624,1,9,0,9,9,7,3,0,0,1,0,0,0,0,0,1,6,6,1,27,6,-1,3,2,TESLA MODEL 3,4,E01014786,0,4
2024010530695,2024,010530695,2,9,0,99,99,9,9,99,99,9,9,99,9,99,9,9,6,6,3,51,8,-1,3,3,TESLA MODEL 3,6,E01002901,0,1
2024440090783,2024,440090783,6,9,0,4,4,2,6,0,0,0,0,0,0,0,2,1,6,6,1,33,6,-1,3,4,TESLA MODEL 3,4,E01023037,0,3
2024430418120,2024,430418120,2,9,0,18,19,8,4,0,0,1,0,0,0,0,1,1,6,6,3,-1,-1,-1,3,0,TESLA MODEL 3,-1,-1,0,-1
2024430534410,2024,430534410,1,9,0,18,19,2,6,0,0,0,0,0,7,10,1,1,6,6,1,27,6,-1,3,4,TESLA MODEL 3,7,E01028753,0,4
2024552401386,2024,552401386,2,9,0,18,19,2,6,0,0,0,0,0,0,0,1,1,2,2,1,45,7,-1,3,3,TESLA MODEL 3,5,E01020462,0,1
2024531486977,2024,531486977,2,9,0,-1,19,5,1,-1,0,2,0,0,0,0,1,1,-1,2,1,75,10,-1,3,3,TESLA MODEL 3,7,E01022117,0,4
2024010504787,2024,010504787,1,9,0,99,99,9,9,99,99,9,9,99,9,99,1,9,6,6,1,24,5,-1,3,4,TESLA MODEL 3,6,E01002541,0,1
2024411474230,2024,411474230,2,9,0,-1,4,5,1,-1,0,0,0,0,1,7,2,1,-1,9,1,61,9,-1,3,1,TESLA MODEL 3,10,E01032623,0,4
2024010545662,2024,010545662,1,9,0,5,5,0,3,0,0,8,0,0,0,0,1,1,1,1,1,44,7,-1,3,0,TESLA MODEL 3,3,E01000545,0,2
2024010519837,2024,010519837,1,9,9,99,99,9,9,99,99,9,9,99,9,99,9,9,6,6,3,37,7,-1,3,4,TESLA MODEL 3,6,E01003693,0,1
2024010523507,2024,010523507,2,9,0,99,99,9,9,99,99,9,9,99,9,99,1,9,6,6,3,-1,-1,-1,3,3,TESLA MODEL 3,-1,-1,0,-1
2024320254538,2024,320254538,1,9,0,9,9,7,5,0,0,6,0,0,0,0,3,1,-1,-1,1,33,6,-1,3,3,TESLA MODEL 3,6,E01026380,0,3
2024461527061,2024,461527061,2,9,0,-1,19,1,5,-1,0,8,1,10,2,0,4,1,-1,6,1,59,9,-1,3,3,TESLA MODEL 3,9,E01024147,0,1
2024421495323,2024,421495323,2,9,0,-1,3,7,3,-1,0,0,0,0,0,0,2,1,-1,2,1,32,6,-1,3,3,TESLA MODEL 3,10,E01021611,0,1
2024131508245,2024,131508245,1,9,0,-1,19,3,7,-1,0,8,0,0,0,0,1,1,-1,9,1,59,9,-1,3,3,TESLA MODEL 3,10,E01010694,0,2
2024991528428,2024,991528428,2,9,0,-1,19,6,1,-1,0,0,0,0,1,0,1,1,-1,9,1,57,9,-1,3,1,TESLA MODEL 3,5,-1,0,5
2024332401129,2024,332401129,1,9,0,-1,9,4,2,-1,0,6,0,0,0,0,3,1,-1,9,2,49,8,-1,3,5,TESLA MODEL 3,9,E01025642,0,1
2024622400853,2024,622400853,2,9,0,18,19,4,8,0,0,8,0,0,0,0,1,2,1,1,1,36,7,-1,3,4,TESLA MODEL 3,3,W01001885,0,1
2024430615450,2024,430615450,2,9,0,4,4,2,6,0,0,0,0,0,0,0,2,1,2,2,1,45,7,-1,3,4,TESLA MODEL 3,3,E01028445,0,1
2024010500162,2024,010500162,2,8,0,18,19,1,5,0,0,8,0,0,0,0,3,1,6,6,1,-1,-1,-1,3,1,TESLA MODEL 3,6,E01003163,0,2
2024311481906,2024,311481906,1,9,0,-1,3,1,5,-1,0,0,0,0,0,0,2,1,-1,6,1,47,8,-1,3,3,TESLA MODEL 3,9,E01033775,0,3
2024161436049,2024,161436049,1,9,0,-1,19,5,1,-1,0,0,0,0,0,0,2,9,-1,2,2,49,8,-1,3,4,TESLA MODEL 3,9,E01012924,0,2
2024070174983,2024,070174983,2,9,0,5,5,7,5,0,0,6,0,0,0,0,3,1,3,7,2,-1,-1,-1,3,3,TESLA MODEL 3,10,E01018602,0,1
2024141456756,2024,141456756,1,9,0,-1,19,1,5,-1,0,8,0,0,0,0,3,1,-1,2,1,59,9,-1,3,3,TESLA MODEL 3,1,E01007870,0,1
2024111525309,2024,111525309,2,9,0,-1,3,2,6,-1,0,4,0,0,0,0,2,1,-1,2,2,40,7,-1,3,4,TESLA MODEL 3,4,E01034490,0,1
2024061506431,2024,061506431,1,9,0,-1,99,-1,-1,-1,9,3,0,0,0,0,3,1,-1,9,1,27,6,-1,3,0,TESLA MODEL 3,1,E01006025,0,2
2024010537555,2024,010537555,1,9,0,99,99,9,9,99,99,9,9,99,9,99,1,9,6,6,3,-1,-1,-1,3,4,TESLA MODEL 3,-1,-1,0,-1
2024041446744,2024,041446744,3,9,0,-1,19,3,7,-1,0,0,0,0,0,0,1,1,-1,9,1,31,6,-1,3,5,TESLA MODEL 3,2,E01025051,0,1
2024010539737,2024,010539737,3,9,0,18,19,1,5,0,0,1,0,0,0,0,0,1,6,6,1,28,6,-1,3,5,TESLA MODEL 3,-1,-1,0,-1
2024211436408,2024,211436408,1,9,0,-1,7,3,3,-1,0,0,0,0,0,0,2,1,-1,6,2,33,6,-1,3,1,TESLA MODEL 3,1,E01006645,0,4
2024501472268,2024,501472268,1,9,0,-1,19,5,1,-1,0,1,0,0,0,0,1,1,-1,9,1,46,8,-1,3,4,TESLA MODEL 3,5,E01020147,0,4
2024221434326,2024,221434326,1,9,0,-1,19,6,8,-1,0,0,0,0,0,0,1,9,-1,6,3,45,7,-1,3,2,TESLA MODEL 3,-1,-1,0,-1
2024101419923,2024,101419923,2,9,0,-1,19,5,1,-1,0,1,0,0,1,0,1,1,-1,6,2,57,9,-1,3,4,TESLA MODEL 3,1,E01008671,0,1
2024440399870,2024,440399870,1,9,0,9,9,1,7,0,0,6,0,0,0,0,3,1,6,6,1,47,8,-1,3,0,TESLA MODEL 3,8,E01023050,0,1
2024421471855,2024,421471855,1,9,0,-1,19,2,6,-1,0,0,0,0,0,0,1,1,-1,9,1,44,7,-1,3,2,TESLA MODEL 3,10,E01022075,0,3
2024010502668,2024,010502668,2,8,0,99,99,9,9,99,99,9,9,99,9,99,9,9,6,6,1,49,8,-1,3,3,TESLA MODEL 3,7,E01002975,0,3
2024311497463,2024,311497463,1,9,0,-1,8,1,4,-1,0,1,0,0,0,0,2,1,-1,6,1,41,7,-1,3,2,TESLA MODEL 3,-1,-1,0,-1
2024332400323,2024,332400323,1,9,0,-1,19,1,5,-1,0,0,0,0,0,0,2,1,-1,9,2,48,8,-1,3,3,TESLA MODEL 3,6,E01013787,0,3
2024430572500,2024,430572500,1,9,0,18,19,2,6,0,0,0,0,0,0,0,1,1,6,6,2,74,10,-1,3,2,TESLA MODEL 3,6,E01017812,0,2
2024010531640,2024,010531640,1,9,0,99,99,9,9,99,99,9,9,99,9,99,2,9,6,6,1,23,5,-1,3,0,TESLA MODEL 3,5,E01003715,0,1
2024361489843,2024,361489843,2,9,0,-1,4,3,7,-1,0,2,0,0,0,0,2,1,-1,1,1,66,10,-1,3,1,TESLA MODEL 3,6,E01026613,0,3
2024010549451,2024,010549451,1,9,0,7,7,5,7,0,0,8,0,0,0,0,4,2,1,1,1,45,7,-1,3,2,TESLA MODEL 3,2,E01004067,0,1
2024070598655,2024,070598655,2,9,0,8,8,4,7,0,0,1,0,0,0,0,1,1,6,6,2,52,8,-1,3,3,TESLA MODEL 3,7,E01018360,0,1
2024311453188,2024,311453188,2,9,0,-1,19,2,6,-1,0,0,0,0,0,0,1,1,-1,6,1,46,8,-1,3,4,TESLA MODEL 3,7,E01001915,0,5
2024461488871,2024,461488871,2,9,0,-1,10,7,3,-1,0,1,0,0,0,0,2,1,-1,6,1,28,6,-1,3,2,TESLA MODEL 3,7,E01024569,0,3
2024302401126,2024,302401126,1,9,0,4,4,5,1,0,0,0,0,0,0,0,3,1,6,6,2,35,6,-1,3,4,TESLA MODEL 3,5,E01019573,0,1
2024991469848,2024,991469848,2,9,0,-1,4,7,3,-1,0,1,0,0,0,0,2,1,-1,9,2,35,6,-1,3,4,TESLA MODEL 3,9,-1,0,1
2024991517302,2024,991517302,1,9,0,-1,19,2,6,-1,0,6,0,0,0,0,3,1,-1,6,1,58,9,-1,3,4,TESLA MODEL 3,10,-1,0,4
2024010492290,2024,010492290,3,9,0,18,19,6,2,0,0,1,0,0,0,0,2,1,6,6,1,29,6,-1,3,1,TESLA MODEL 3,2,E01004444,0,2
2024371477213,2024,371477213,1,9,0,-1,19,5,1,-1,0,0,0,0,0,0,1,1,-1,9,1,31,6,-1,3,3,TESLA MODEL 3,4,E01021648,0,4
2024010503047,2024,010503047,2,9,0,99,99,9,9,99,99,9,9,99,9,99,9,9,6,6,3,-1,-1,-1,3,3,TESLA MODEL 3,-1,-1,0,-1
2024010519246,2024,010519246,1,9,0,17,19,3,7,0,0,3,0,0,0,0,1,1,6,6,1,64,9,-1,3,2,TESLA MODEL 3,7,E01024375,0,4
2024430191560,2024,430191560,2,9,0,3,3,4,8,0,0,1,0,0,0,0,2,1,6,6,1,36,7,-1,3,4,TESLA MODEL 3,2,E01027341,0,4
2024311513233,2024,311513233,1,9,0,-1,19,5,5,-1,0,6,0,0,0,0,1,1,-1,2,1,35,6,-1,3,4,TESLA MODEL 3,3,E01025753,0,4
2024141403794,2024,141403794,1,9,0,-1,19,5,1,-1,0,0,0,0,0,0,2,1,-1,2,1,40,7,-1,3,1,TESLA MODEL 3,10,E01007619,0,2
2024201487108,2024,201487108,1,8,0,-1,1,2,6,-1,0,0,0,0,0,0,2,1,-1,1,1,47,8,1997,3,3,TESLA MODEL 3,1,E01009275,0,2
2024411531174,2024,411531174,2,9,0,-1,19,5,1,-1,0,0,0,0,0,0,1,1,-1,9,2,48,8,-1,3,5,TESLA MODEL 3,4,E01023346,0,1
2024010516785,2024,010516785,1,9,0,4,4,9,9,99,99,9,9,99,9,99,2,9,6,6,1,50,8,-1,3,2,TESLA MODEL 3,6,E01000549,0,1
2024440280493,2024,440280493,1,9,0,18,19,4,8,0,0,2,0,0,7,0,1,1,6,6,2,35,6,-1,3,0,TESLA MODEL 3,9,E01022572,0,2
2024010508643,2024,010508643,1,9,0,18,19,5,1,0,0,1,0,0,0,0,2,1,6,6,1,50,8,-1,3,5,TESLA MODEL 3,4,E01004030,0,1
2024430029355,2024,430029355,2,9,0,3,3,8,4,0,0,8,0,0,0,0,2,1,6,6,2,43,7,-1,3,1,TESLA MODEL 3,8,E01034446,0,2
2024332400520,2024,332400520,2,9,0,-1,3,3,7,-1,0,0,0,0,0,0,2,1,-1,9,2,65,9,-1,3,3,TESLA MODEL 3,10,E01025794,0,4
2024031420844,2024,031420844,1,9,0,-1,13,8,4,-1,0,0,0,0,0,0,3,1,-1,2,1,54,8,-1,3,5,TESLA MODEL 3,4,E01019389,0,4
2024991491251,2024,991491251,3,9,0,-1,19,7,2,-1,0,0,0,0,0,0,1,1,-1,9,1,43,7,-1,3,0,TESLA MODEL 3,2,-1,0,2
2024010508342,2024,010508342,2,9,0,99,99,9,9,99,99,9,9,99,9,99,9,9,6,6,3,-1,-1,-1,3,1,TESLA MODEL 3,-1,-1,0,-1
2024131452606,2024,131452606,2,9,0,-1,19,5,1,-1,0,0,0,0,0,0,2,1,-1,6,1,39,7,-1,3,3,TESLA MODEL 3,3,E01007363,0,4
2024421514733,2024,421514733,2,9,0,-1,3,4,2,-1,0,0,0,0,0,0,2,1,-1,9,1,44,7,-1,3,1,TESLA MODEL 3,7,E01021657,0,1
2024421526049,2024,421526049,1,9,0,-1,5,3,7,-1,99,3,0,0,0,0,2,1,-1,6,1,45,7,-1,3,4,TESLA MODEL 3,6,E01021362,0,3
2024351513001,2024,351513001,3,9,0,-1,4,7,3,-1,0,0,0,0,0,0,2,1,-1,1,1,45,7,-1,3,3,TESLA MODEL 3,8,E01017669,0,4
2024070832404,2024,070832404,2,9,0,-1,19,3,7,-1,0,0,0,0,0,0,4,1,-1,9,1,40,7,-1,3,3,TESLA MODEL 3,6,E01012423,0,3
2024010500123,2024,010500123,2,9,0,7,7,1,2,0,0,2,0,0,0,0,1,1,6,6,1,43,7,-1,3,2,TESLA MODEL 3,4,E01002308,0,2
2024211439192,2024,211439192,1,9,0,-1,19,5,1,-1,0,0,0,0,0,0,4,1,-1,6,1,34,6,-1,3,4,TESLA MODEL 3,3,E01029593,0,2
2024421492183,2024,421492183,2,9,0,-1,19,6,2,-1,0,0,1,0,0,0,2,1,-1,6,1,53,8,-1,3,2,TESLA MODEL 3,10,E01021754,0,3
2024991493534,2024,991493534,2,9,0,-1,19,8,4,-1,0,0,0,0,0,0,2,1,-1,9,1,38,7,-1,3,2,TESLA MODEL 3,8,-1,0,4
2024340WN5642,2024,340WN5642,3,9,0,-1,4,5,2,-1,0,0,0,0,0,0,2,1,-1,9,1,35,6,-1,3,1,TESLA MODEL 3,7,E01027221,0,3
2024311415886,2024,311415886,1,9,0,-1,10,2,6,-1,0,0,0,0,0,0,2,9,-1,2,1,33,6,-1,3,3,TESLA MODEL 3,1,E01028268,0,2
2024311406594,2024,311406594,1,9,0,-1,5,4,8,-1,0,6,0,0,0,0,1,1,-1,6,1,26,6,-1,3,1,TESLA MODEL 3,4,E01023337,0,5
2024501514387,2024,501514387,1,9,0,-1,19,1,5,-1,0,8,2,0,3,1,1,1,-1,1,1,44,7,-1,3,4,TESLA MODEL 3,3,E01001154,0,5
2024010536057,2024,010536057,1,9,0,7,7,5,8,0,0,5,0,0,1,4,1,1,1,1,1,33,6,-1,3,3,TESLA MODEL 3,5,E01004601,0,1
2024531409930,2024,531409930,1,9,0,-1,1,5,1,-1,0,0,0,0,0,0,2,9,-1,6,1,-1,-1,-1,3,2,TESLA MODEL 3,10,E01032940,0,1
2024061516497,2024,061516497,1,9,0,-1,19,5,1,-1,0,2,0,0,0,0,1,1,-1,2,2,39,7,-1,3,4,TESLA MODEL 3,1,E01024863,0,4
2024070257637,2024,070257637,1,9,0,1,1,1,5,0,0,8,0,0,0,0,2,1,6,6,1,55,8,-1,3,5,TESLA MODEL 3,10,E01018392,0,1
2024061423315,2024,061423315,2,9,0,-1,10,7,1,-1,0,1,0,0,0,0,3,1,-1,2,2,39,7,-1,3,2,TESLA MODEL 3,9,E01006178,0,1
2024531452867,2024,531452867,1,9,0,-1,19,5,1,-1,0,0,0,0,1,4,1,1,-1,9,2,62,9,-1,3,0,TESLA MODEL 3,7,E01014385,0,4
2024311485947,2024,311485947,1,9,0,-1,4,5,1,-1,0,0,0,0,0,0,2,1,-1,2,2,36,7,-1,3,5,TESLA MODEL 3,6,E01026220,0,4
2024010536892,2024,010536892,1,9,0,18,19,5,1,0,0,8,0,0,0,0,1,1,6,6,1,31,6,-1,3,4,TESLA MODEL 3,7,E01017577,0,4
2024320087200,2024,320087200,1,9,0,-1,-1,8,4,0,0,0,0,4,0,0,1,1,-1,-1,1,45,7,-1,3,2,TESLA MODEL 3,10,E01028088,0,4