collision_index,collision_year,collision_ref_no,vehicle_reference,vehicle_type,towing_and_articulation,vehicle_manoeuvre_historic,vehicle_manoeuvre,vehicle_direction_from,vehicle_direction_to,vehicle_location_restricted_lane_historic,vehicle_location_restricted_lane,junction_location,skidding_and_overturning,hit_object_in_carriageway,vehicle_leaving_carriageway,hit_object_off_carriageway,first_point_of_impact,vehicle_left_hand_drive,journey_purpose_of_driver_historic,journey_purpose_of_driver,sex_of_driver,age_of_driver,age_band_of_driver,engine_capacity_cc,propulsion_code,age_of_vehicle,generic_make_model,driver_imd_decile,lsoa_of_driver,escooter_flag,driver_distance_banding
2024221494841,2024,221494841,1,9,0,-1,19,3,6,-1,0,0,1,0,7,4,1,1,-1,6,1,43,7,1995,2,10,BMW 1 SERIES,3,E01014005,0,1
2024101461836,2024,101461836,2,9,0,-1,19,3,7,-1,0,1,0,0,0,0,1,1,-1,9,2,20,4,1995,2,11,BMW 1 SERIES,10,E01027464,0,1
2024041524429,2024,041524429,1,9,0,-1,19,7,3,-1,0,0,2,0,0,0,3,1,-1,9,1,17,4,1598,1,10,BMW 1 SERIES,5,E01012618,0,1
2024411427090,2024,411427090,1,9,0,-1,5,2,6,-1,0,0,0,4,7,0,1,1,-1,6,1,21,5,1995,2,15,BMW 1 SERIES,8,E01023385,0,1
2024461500598,2024,461500598,2,9,0,-1,19,3,7,-1,0,0,0,0,0,0,2,1,-1,9,1,64,9,1995,2,11,BMW 1 SERIES,4,E01024178,0,1
2024631499918,2024,631499918,1,9,0,-1,19,4,8,-1,0,0,5,0,1,0,1,1,-1,9,1,65,9,1995,2,16,BMW 1 SERIES,5,W01000546,0,1
2024351424556,2024,351424556,1,9,0,-1,19,5,3,-1,0,2,2,0,1,3,4,1,-1,6,1,17,4,1596,1,19,BMW 1 SERIES,9,E01018199,0,2
2024471451332,2024,471451332,1,9,0,-1,19,6,2,-1,0,1,0,0,0,0,1,1,-1,6,2,30,6,1598,1,9,BMW 1 SERIES,3,E01021057,0,1
2024440147925,2024,440147925,2,9,0,7,7,6,1,0,0,3,0,0,0,0,4,1,6,6,1,-1,-1,1995,2,8,BMW 1 SERIES,-1,-1,0,-1
2024302401090,2024,302401090,1,9,0,9,9,7,5,0,0,6,0,0,0,0,3,1,6,6,1,20,4,1995,2,17,BMW 1 SERIES,5,E01013587,0,1
2024131517099,2024,131517099,1,9,0,-1,19,1,5,-1,0,0,1,10,7,4,4,1,-1,9,1,25,5,1496,2,7,BMW 1 SERIES,3,E01011261,0,3
2024631492556,2024,631492556,1,9,0,-1,19,6,2,-1,0,0,5,0,1,10,1,1,-1,6,1,25,5,1596,1,17,BMW 1 SERIES,7,W01000451,0,1
2024461480896,2024,461480896,2,9,0,-1,19,3,7,-1,0,0,0,0,0,0,3,1,-1,9,1,54,8,1499,1,6,BMW 1 SERIES,5,E01016034,0,1
2024302400870,2024,302400870,2,9,0,18,19,2,6,0,0,8,0,0,7,11,1,1,2,2,1,21,5,1499,1,6,BMW 1 SERIES,8,E01034254,0,1
2024320392900,2024,320392900,2,9,0,10,10,2,8,0,0,1,0,0,0,0,2,1,6,6,2,37,7,1995,2,13,BMW 1 SERIES,-1,-1,0,-1
2024991523905,2024,991523905,1,9,0,-1,19,8,3,-1,0,1,2,0,0,0,1,1,-1,6,1,42,7,1496,2,7,BMW 1 SERIES,2,-1,0,3
2024430626480,2024,430626480,1,9,0,18,19,5,1,0,0,8,0,0,0,0,3,1,6,6,1,26,6,1995,2,10,BMW 1 SERIES,-1,-1,0,-1
2024461472476,2024,461472476,1,9,0,-1,19,2,6,-1,-1,5,0,0,1,4,1,1,-1,2,1,54,8,1499,1,5,BMW 1 SERIES,7,E01024803,0,1
2024340WN7032,2024,340WN7032,1,9,0,-1,9,5,1,-1,0,1,0,0,0,0,1,1,-1,2,1,30,6,1995,2,8,BMW 1 SERIES,1,E01035413,0,4
2024231524856,2024,231524856,1,9,0,-1,19,6,2,-1,0,0,1,0,1,4,1,9,-1,6,1,18,4,1496,2,9,BMW 1 SERIES,4,E01031028,0,2
2024401522116,2024,401522116,1,9,0,-1,19,5,1,-1,0,0,0,0,7,11,1,1,-1,6,1,19,4,1998,1,7,BMW 1 SERIES,2,E01015779,0,1
2024522402762,2024,522402762,1,9,0,17,19,4,1,0,0,0,0,0,0,0,3,1,6,6,1,31,6,1496,2,9,BMW 1 SERIES,5,E01014994,0,1
2024371445606,2024,371445606,2,9,0,-1,19,3,7,-1,0,0,0,0,0,0,1,1,-1,6,1,26,6,1499,1,4,BMW 1 SERIES,5,E01026409,0,5
2024371455524,2024,371455524,2,9,0,-1,3,5,1,-1,0,4,0,0,0,0,2,1,-1,9,1,34,6,1995,1,13,BMW 1 SERIES,5,E01029949,0,1
2024430430741,2024,430430741,3,9,0,8,8,5,7,0,0,4,0,0,0,0,2,1,6,6,2,-1,-1,1995,2,16,BMW 1 SERIES,-1,-1,0,-1
2024501411360,2024,501411360,1,9,0,-1,19,4,7,-1,0,0,0,0,0,0,1,1,-1,9,1,44,7,1499,1,1,BMW 1 SERIES,3,E01000404,0,5
2024440219920,2024,440219920,2,9,0,7,7,8,2,0,0,8,0,0,0,0,1,1,6,6,1,36,7,1995,1,19,BMW 1 SERIES,9,E01034710,0,4
2024440138402,2024,440138402,1,9,0,18,19,5,1,0,0,0,0,0,7,9,4,1,6,6,1,19,4,1598,1,11,BMW 1 SERIES,9,E01022783,0,1
2024061532476,2024,061532476,3,9,0,-1,19,1,5,-1,0,0,0,0,0,0,3,1,-1,2,2,30,6,1496,2,9,BMW 1 SERIES,-1,-1,0,-1
2024610053024,2024,610053024,1,9,0,18,19,5,1,0,0,0,0,0,0,0,1,1,6,6,1,40,7,1995,2,14,BMW 1 SERIES,3,W01001444,0,1
2024141522420,2024,141522420,1,9,0,-1,19,7,7,-1,0,6,0,0,0,0,1,1,-1,6,-1,-1,-1,1995,2,10,BMW 1 SERIES,-1,-1,0,-1
2024302400615,2024,302400615,1,9,0,17,19,4,2,0,0,0,0,0,1,11,1,1,6,6,1,33,6,1499,1,6,BMW 1 SERIES,5,E01005964,0,3
2024320275803,2024,320275803,1,9,0,-1,-1,6,2,0,0,1,0,0,1,0,1,1,-1,-1,1,56,9,1995,2,16,BMW 1 SERIES,1,E01026869,0,4
2024332400240,2024,332400240,1,9,0,-1,3,1,5,-1,0,1,0,0,0,0,1,1,-1,9,1,31,6,1499,1,4,BMW 1 SERIES,10,E01025847,0,3
2024070565043,2024,070565043,1,9,0,18,19,1,5,0,0,0,0,0,0,0,1,1,1,1,1,43,7,1499,1,5,BMW 1 SERIES,7,E01018725,0,2
2024010515100,2024,010515100,1,9,0,18,19,5,1,0,0,1,0,10,1,2,1,1,6,6,3,24,5,1995,2,19,BMW 1 SERIES,-1,-1,0,-1
2024010533241,2024,010533241,1,9,0,9,9,6,3,0,0,1,0,0,0,0,3,1,6,6,1,29,6,1499,1,1,BMW 1 SERIES,3,E01001436,0,1
2024061498003,2024,061498003,1,9,0,-1,3,1,5,-1,0,1,0,0,0,0,2,1,-1,2,1,44,7,1496,2,0,BMW 1 SERIES,3,E01004777,0,1
2024211416953,2024,211416953,1,9,0,-1,19,4,8,-1,0,1,0,0,0,0,1,9,-1,9,1,41,7,1995,2,10,BMW 1 SERIES,1,E01010239,0,4
2024201519374,2024,201519374,1,9,0,-1,19,5,1,-1,0,0,0,0,0,0,1,9,-1,6,1,23,5,1995,2,12,BMW 1 SERIES,8,E01029676,0,2
2024421513612,2024,421513612,4,9,0,-1,3,7,3,-1,0,0,0,0,0,0,2,1,-1,2,1,36,7,1499,1,8,BMW 1 SERIES,6,E01021794,0,2
2024371492455,2024,371492455,2,9,0,-1,19,7,3,-1,0,0,0,0,1,0,1,1,-1,2,1,32,6,1598,1,12,BMW 1 SERIES,4,E01030187,0,1
2024501529469,2024,501529469,2,9,0,-1,3,7,3,-1,0,1,0,0,0,0,2,1,-1,6,2,34,6,1995,2,14,BMW 1 SERIES,5,E01018765,0,3
2024440043989,2024,440043989,1,9,0,13,13,1,5,0,0,8,0,0,0,0,1,1,6,6,1,74,10,1995,2,14,BMW 1 SERIES,3,E01017104,0,1
2024501457694,2024,501457694,1,9,0,-1,3,3,1,-1,0,4,0,0,0,0,2,1,-1,9,1,32,6,1995,2,11,BMW 1 SERIES,6,E01020255,0,1
2024201513492,2024,201513492,1,9,0,-1,19,2,6,-1,0,0,0,0,0,0,1,9,-1,6,2,-1,-1,1598,1,12,BMW 1 SERIES,4,E01029820,0,4
2024070205369,2024,070205369,1,9,0,3,3,4,8,0,0,1,0,2,0,0,1,1,1,1,1,39,7,1496,2,9,BMW 1 SERIES,-1,-1,0,-1
2024461485115,2024,461485115,1,9,0,-1,5,5,8,-1,-1,0,0,0,0,0,3,1,-1,6,2,46,8,1496,2,9,BMW 1 SERIES,9,E01024256,0,3
2024440018525,2024,440018525,1,9,0,7,7,8,2,0,0,1,0,0,0,0,1,1,6,6,1,34,6,1995,2,13,BMW 1 SERIES,9,E01023229,0,1
2024520002854,2024,520002854,1,9,0,18,19,2,6,0,0,8,0,0,7,11,1,1,6,6,2,19,4,1499,1,5,BMW 1 SERIES,1,E01014653,0,3
2024010534918,2024,010534918,1,9,0,18,19,1,5,0,0,0,0,0,0,0,1,1,6,6,2,72,10,1496,2,9,BMW 1 SERIES,8,E01001399,0,1
2024010514310,2024,010514310,1,9,9,99,99,9,9,99,99,0,9,99,9,99,9,9,6,6,3,-1,-1,1599,1,15,BMW 1 SERIES,9,E01003837,0,1
2024371395354,2024,371395354,2,9,0,-1,4,-1,-1,-1,0,0,0,0,0,0,2,1,-1,9,2,70,10,1499,1,1,BMW 1 SERIES,6,E01030063,0,4
2024401396871,2024,401396871,1,9,0,-1,11,-1,-1,-1,0,1,0,0,0,0,4,9,-1,6,3,-1,-1,1995,2,12,BMW 1 SERIES,-1,-1,0,-1
2024211480941,2024,211480941,2,9,0,-1,19,5,1,-1,0,1,1,0,0,0,1,2,-1,9,1,28,6,1597,1,16,BMW 1 SERIES,5,E01019715,0,2
2024302400753,2024,302400753,2,9,0,18,19,8,4,0,0,8,1,0,0,0,1,1,6,6,2,24,5,1995,2,2,BMW 1 SERIES,9,E01007561,0,4
2024451433005,2024,451433005,2,9,0,-1,19,1,5,-1,0,0,0,0,0,0,2,1,-1,9,2,40,7,1499,1,1,BMW 1 SERIES,5,E01002611,0,4
2024010507692,2024,010507692,2,9,0,9,9,5,2,0,0,0,0,0,0,0,3,1,6,6,2,54,8,1499,1,0,BMW 1 SERIES,7,E01032570,0,3
2024010541212,2024,010541212,2,9,0,5,5,3,7,0,0,2,0,0,0,0,2,1,6,6,2,39,7,1499,1,5,BMW 1 SERIES,3,E01000718,0,1
2024451442429,2024,451442429,2,9,0,-1,2,5,1,-1,0,0,0,0,0,0,1,1,-1,9,2,67,10,1995,2,12,BMW 1 SERIES,10,E01030436,0,3
2024401446142,2024,401446142,2,9,0,-1,2,0,0,-1,0,0,0,0,0,0,3,1,-1,6,-1,-1,-1,1995,2,14,BMW 1 SERIES,-1,-1,0,-1
2024221420151,2024,221420151,1,9,0,-1,19,4,8,-1,0,0,0,0,0,0,1,9,-1,2,1,24,5,1496,2,2,BMW 1 SERIES,6,E01035066,0,3
2024211510487,2024,211510487,1,9,0,-1,19,7,3,-1,0,1,0,0,0,0,1,2,-1,6,1,32,6,1995,2,14,BMW 1 SERIES,-1,-1,0,-1
2024501411001,2024,501411001,1,9,0,-1,19,5,8,-1,0,8,1,0,0,0,4,1,-1,9,1,51,8,1995,2,9,BMW 1 SERIES,7,E01029070,0,5
2024221530716,2024,221530716,2,9,0,-1,19,1,6,-1,0,8,0,0,0,0,4,9,-1,6,1,24,5,2996,1,15,BMW 1 SERIES,6,E01032460,0,2
2024201470651,2024,201470651,2,9,0,-1,4,4,8,-1,0,0,0,0,0,0,3,1,-1,9,2,24,5,1598,2,10,BMW 1 SERIES,1,E01009514,0,1
2024610008924,2024,610008924,2,9,0,9,9,4,2,0,0,2,1,10,1,11,2,1,6,6,1,91,11,1995,2,13,BMW 1 SERIES,8,W01001581,0,1
2024461492837,2024,461492837,2,9,0,-1,3,-1,-1,-1,0,0,0,0,0,0,2,9,-1,6,1,42,7,1598,1,12,BMW 1 SERIES,6,E01024314,0,2
2024520001310,2024,520001310,2,9,0,18,19,1,5,0,0,0,0,0,0,0,3,1,6,6,2,60,9,1499,1,6,BMW 1 SERIES,8,E01032059,0,2
2024131482860,2024,131482860,1,9,0,-1,19,7,3,-1,0,6,0,0,0,0,3,1,-1,9,1,20,4,1496,2,6,BMW 1 SERIES,2,E01010619,0,1
2024461504460,2024,461504460,1,9,0,-1,4,8,4,-1,0,0,0,0,0,0,1,9,-1,6,2,25,5,1598,1,11,BMW 1 SERIES,5,E01024335,0,1
2024440370152,2024,440370152,1,9,0,18,19,7,3,0,0,1,0,0,3,9,1,1,6,6,1,18,4,1598,1,13,BMW 1 SERIES,10,E01015315,0,4
2024332401078,2024,332401078,1,9,0,-1,19,5,1,-1,0,0,0,0,1,11,1,1,-1,6,1,30,6,1995,2,14,BMW 1 SERIES,4,E01013717,0,2
2024161496411,2024,161496411,1,9,0,-1,19,7,3,-1,0,8,0,0,0,0,4,1,-1,9,1,57,9,1995,2,12,BMW 1 SERIES,1,E01012951,0,1
2024211516963,2024,211516963,1,9,0,-1,19,7,1,-1,0,0,0,4,0,0,1,1,-1,6,1,30,6,1995,1,17,BMW 1 SERIES,10,E01029418,0,1
2024201443184,2024,201443184,1,9,0,-1,5,6,2,-1,0,0,0,0,0,0,1,9,-1,9,1,29,6,1496,2,9,BMW 1 SERIES,2,E01009075,0,1
2024471410073,2024,471410073,2,9,0,-1,19,5,1,-1,0,0,0,0,7,0,1,1,-1,9,1,74,10,1995,2,14,BMW 1 SERIES,2,E01021103,0,3
2024361409599,2024,361409599,2,9,0,-1,5,4,3,-1,0,8,0,0,0,0,3,9,-1,9,2,21,5,1995,2,13,BMW 1 SERIES,6,E01018047,0,4
2024041488863,2024,041488863,1,9,0,-1,19,7,3,-1,0,0,1,0,2,7,4,1,-1,9,1,33,6,1998,1,5,BMW 1 SERIES,2,E01007088,0,2
2024401523179,2024,401523179,1,9,0,-1,19,6,3,-1,0,0,0,0,0,0,1,1,-1,1,1,44,7,1496,2,9,BMW 1 SERIES,10,E01017397,0,1
2024311530923,2024,311530923,1,9,0,-1,5,1,6,-1,0,5,0,0,0,0,1,1,-1,9,2,27,6,1995,2,12,BMW 1 SERIES,2,E01028259,0,1
2024061532837,2024,061532837,3,9,0,-1,3,-1,-1,-1,0,0,0,0,0,0,2,1,-1,6,3,-1,-1,1499,1,4,BMW 1 SERIES,-1,-1,0,-1
2024010506054,2024,010506054,1,9,0,99,99,9,9,99,99,9,9,99,9,99,2,9,2,2,2,43,7,1499,1,8,BMW 1 SERIES,4,E01004453,0,1
2024501530264,2024,501530264,2,9,0,-1,19,8,4,-1,0,0,2,0,0,0,1,1,-1,9,1,19,4,1496,2,8,BMW 1 SERIES,9,E01020173,0,3
2024041413661,2024,041413661,1,9,0,-1,19,5,1,-1,0,1,0,0,0,0,1,1,-1,6,3,-1,-1,1995,2,10,BMW 1 SERIES,-1,-1,0,-1
2024010511150,2024,010511150,2,9,9,99,99,9,9,99,99,1,9,99,9,99,9,9,6,6,3,-1,-1,1499,1,6,BMW 1 SERIES,-1,-1,0,-1
2024201470127,2024,201470127,1,9,0,-1,1,1,5,-1,0,0,0,0,0,0,2,1,-1,2,1,25,5,1499,1,0,BMW 1 SERIES,1,E01009408,0,1
2024991530330,2024,991530330,2,9,0,-1,13,4,8,-1,0,0,1,4,1,0,1,1,-1,9,1,28,6,1995,2,14,BMW 1 SERIES,2,-1,0,4
2024041459308,2024,041459308,2,9,0,-1,4,1,5,-1,0,0,0,0,0,0,3,1,-1,9,2,48,8,1499,1,3,BMW 1 SERIES,8,E01034433,0,5
2024010540227,2024,010540227,2,9,0,18,19,1,5,0,0,0,0,0,0,0,0,1,6,6,1,44,7,1598,1,9,BMW 1 SERIES,-1,-1,0,-1
2024320292124,2024,320292124,1,9,0,7,7,8,2,0,0,6,0,0,0,0,4,1,6,6,2,25,5,1995,2,14,BMW 1 SERIES,3,E01026235,0,1
2024401418381,2024,401418381,1,9,0,-1,-1,-1,-1,-1,-1,-1,-1,-1,-1,0,-1,9,-1,6,3,-1,-1,1499,1,7,BMW 1 SERIES,-1,-1,0,-1
2024421495105,2024,421495105,1,9,0,-1,-1,-1,-1,-1,-1,-1,-1,-1,-1,0,-1,9,-1,6,2,-1,-1,1995,2,14,BMW 1 SERIES,-1,-1,0,-1
2024122400598,2024,122400598,1,9,0,9,9,5,1,0,0,8,0,0,1,0,0,1,1,1,1,24,5,1995,1,16,BMW 1 SERIES,10,E01011702,0,3
2024201480999,2024,201480999,2,9,0,-1,19,4,8,-1,0,8,0,0,0,0,2,1,-1,6,1,-1,-1,1496,2,9,BMW 1 SERIES,-1,-1,0,-1
2024471458149,2024,471458149,2,9,0,-1,19,7,3,-1,0,2,0,0,0,0,1,1,-1,6,3,-1,-1,1598,1,10,BMW 1 SERIES,-1,-1,0,-1
2024991515458,2024,991515458,1,9,0,-1,19,2,6,-1,0,0,1,0,1,4,1,1,-1,6,1,23,5,1998,1,3,BMW 1 SERIES,6,-1,0,1
2024010547253,2024,010547253,2,9,0,99,99,9,9,99,99,9,9,99,9,99,4,9,6,6,3,-1,-1,1598,1,10,BMW 1 SERIES,-1,-1,0,-1
2024070515230,2024,070515230,1,9,0,9,9,3,7,0,0,8,0,0,0,0,3,1,2,2,1,23,5,1598,1,12,BMW 1 SERIES,9,E01018384,0,4
2024201513507,2024,201513507,2,9,0,-1,1,2,6,-1,0,0,0,4,0,0,2,9,-1,9,1,71,10,1995,2,15,BMW 1 SERIES,2,E01010560,0,1
2024311526924,2024,311526924,1,9,0,-1,19,5,1,-1,0,2,0,0,0,0,1,1,-1,9,1,19,4,1499,1,6,BMW 1 SERIES,-1,-1,0,-1
2024522403169,2024,522403169,1,9,0,18,19,6,2,0,0,1,0,0,0,0,1,1,6,6,1,51,8,2979,1,13,BMW 1 SERIES,3,E01014609,0,1
2024141555152,2024,141555152,1,9,0,-1,2,0,0,-1,0,0,0,0,0,0,4,1,-1,6,1,38,7,1499,1,3,BMW 1 SERIES,5,E01007995,0,1
2024501499729,2024,501499729,1,9,0,-1,9,4,8,-1,0,0,1,0,1,0,1,1,-1,9,1,55,8,1995,2,11,BMW 1 SERIES,3,E01018759,0,1
2024010516297,2024,010516297,2,9,0,7,7,3,5,0,0,1,0,0,0,0,1,1,6,6,3,-1,-1,1995,1,14,BMW 1 SERIES,-1,-1,0,-1
2024010527496,2024,010527496,1,9,0,9,9,4,2,0,0,1,0,0,0,0,4,1,6,6,1,64,9,1596,1,19,BMW 1 SERIES,2,E01033877,0,1
2024440190730,2024,440190730,2,9,0,18,19,2,6,0,0,1,0,0,0,0,2,1,6,6,1,45,7,1995,2,16,BMW 1 SERIES,6,E01023237,0,1
2024302400704,2024,302400704,2,9,0,9,9,1,7,0,0,1,0,0,0,0,2,1,6,6,2,28,6,1995,2,19,BMW 1 SERIES,7,E01019697,0,2
2024471456746,2024,471456746,2,9,0,-1,3,2,6,-1,0,4,0,0,0,0,2,1,-1,9,2,40,7,1995,2,15,BMW 1 SERIES,2,E01021183,0,2
2024430221484,2024,430221484,2,9,0,1,1,0,0,0,0,0,0,0,0,0,2,1,6,6,2,60,9,1499,1,1,BMW 1 SERIES,-1,-1,0,-1
2024351512982,2024,351512982,1,9,0,-1,19,1,5,-1,0,8,0,0,0,0,1,1,-1,6,1,18,4,2000,2,15,BMW 1 SERIES,2,E01026716,0,4
2024221517088,2024,221517088,3,9,0,-1,2,0,0,-1,0,0,0,0,0,0,2,1,-1,9,1,35,6,1496,2,9,BMW 1 SERIES,1,E01010486,0,4
2024302400850,2024,302400850,2,9,0,18,19,1,5,0,0,0,0,0,5,6,2,1,6,6,1,47,8,1995,1,14,BMW 1 SERIES,10,E01025914,0,4
2024131444467,2024,131444467,1,9,0,-1,5,5,2,-1,9,6,0,0,0,0,4,1,-1,9,1,47,8,1995,2,8,BMW 1 SERIES,1,E01011917,0,1
2024440254322,2024,440254322,3,9,0,18,19,7,3,0,0,1,0,0,0,0,1,1,6,6,2,21,5,1499,1,9,BMW 1 SERIES,6,E01022656,0,2
2024201436684,2024,201436684,1,9,0,-1,4,2,6,-1,0,5,0,0,0,0,2,9,-1,6,2,30,6,1499,1,5,BMW 1 SERIES,2,E01009623,0,1
2024010529791,2024,010529791,2,9,0,99,99,9,9,99,99,9,9,99,9,99,1,9,6,6,3,46,8,1598,1,9,BMW 1 SERIES,4,E01000114,0,1
2024311532095,2024,311532095,1,9,0,-1,19,1,1,-1,0,1,0,0,0,0,1,2,-1,6,1,54,8,1995,2,15,BMW 1 SERIES,-1,-1,0,-1
2024371466709,2024,371466709,2,9,0,-1,19,3,7,-1,0,0,0,0,0,0,4,1,-1,2,2,33,6,2000,2,15,BMW 1 SERIES,8,E01030155,0,1
2024201418409,2024,201418409,2,9,0,-1,7,3,4,-1,0,6,0,0,0,0,3,9,-1,2,2,57,9,1995,2,11,BMW 1 SERIES,2,E01010071,0,1
2024052400596,2024,052400596,1,9,0,17,19,7,5,0,0,1,0,0,0,0,1,1,3,7,2,33,6,1995,2,10,BMW 1 SERIES,8,E01006886,0,1
2024340NN2352,2024,340NN2352,1,9,0,-1,19,1,5,-1,0,0,0,0,0,0,4,1,-1,6,2,-1,-1,1499,1,7,BMW 1 SERIES,-1,-1,0,-1
2024610031924,2024,610031924,1,9,0,18,19,2,6,6,6,0,0,0,1,0,0,1,6,6,2,29,6,1499,1,6,BMW 1 SERIES,10,E01032298,0,4
2024430316903,2024,430316903,2,9,0,2,2,0,0,0,0,0,0,0,0,0,1,1,6,6,1,35,6,1995,2,15,BMW 1 SERIES,-1,-1,0,-1
2024101462406,2024,101462406,2,9,0,-1,3,5,1,-1,0,0,0,0,0,0,2,1,-1,6,2,35,6,1499,1,1,BMW 1 SERIES,-1,-1,0,-1
2024131404959,2024,131404959,2,9,0,-1,19,3,7,-1,0,8,0,0,0,0,1,1,-1,9,1,27,6,1598,2,11,BMW 1 SERIES,1,E01010617,0,1
2024421518446,2024,421518446,2,9,0,-1,19,4,6,-1,0,0,0,0,1,0,1,2,-1,6,1,41,7,1995,2,10,BMW 1 SERIES,-1,-1,0,-1
2024332400587,2024,332400587,2,9,0,-1,13,7,3,-1,0,0,0,0,0,0,1,1,-1,6,3,-1,-1,1995,2,14,BMW 1 SERIES,-1,-1,0,-1
2024052401217,2024,052401217,1,9,0,18,19,8,4,0,0,1,5,0,1,2,4,1,6,6,1,20,4,1995,2,5,BMW 1 SERIES,3,E01006433,0,1
2024131491428,2024,131491428,2,9,0,-1,4,8,4,-1,0,1,0,0,0,0,2,1,-1,6,3,-1,-1,1496,2,7,BMW 1 SERIES,-1,-1,0,-1
2024201436712,2024,201436712,1,9,0,-1,19,6,2,-1,0,0,0,0,0,0,1,9,-1,6,1,25,5,1496,2,1,BMW 1 SERIES,4,E01009620,0,1
2024201515436,2024,201515436,1,9,0,-1,13,1,5,-1,0,0,5,10,7,11,1,1,-1,9,1,24,5,1598,1,12,BMW 1 SERIES,1,E01010541,0,1
2024061470112,2024,061470112,1,9,0,-1,9,1,2,-1,0,1,0,0,0,0,3,9,-1,9,2,46,8,1995,2,13,BMW 1 SERIES,-1,-1,0,-1
2024010509950,2024,010509950,3,9,0,15,15,5,1,2,2,1,0,0,0,0,2,1,6,6,2,42,7,1499,1,2,BMW 1 SERIES,-1,-1,0,-1
2024041403597,2024,041403597,1,9,0,-1,19,5,1,-1,0,2,0,0,0,0,1,1,-1,9,2,51,8,1995,2,15,BMW 1 SERIES,1,E01012596,0,1
2024361440065,2024,361440065,1,9,0,-1,5,7,8,-1,0,1,2,0,8,0,1,1,-1,9,2,33,6,1995,2,14,BMW 1 SERIES,1,E01030291,0,3
2024201436507,2024,201436507,1,9,0,-1,19,5,3,-1,0,0,0,0,0,0,2,1,-1,6,1,23,5,1995,2,10,BMW 1 SERIES,2,E01010036,0,2
2024211501038,2024,211501038,2,9,0,-1,19,2,6,-1,0,0,0,0,0,0,2,1,-1,9,1,40,7,1995,2,10,BMW 1 SERIES,-1,-1,0,-1
2024440118878,2024,440118878,2,9,0,5,5,1,5,0,0,1,0,0,0,0,1,1,6,6,1,-1,-1,1596,1,19,BMW 1 SERIES,-1,-1,0,-1
2024622400644,2024,622400644,1,9,0,18,19,2,6,0,0,0,5,4,1,10,1,1,6,6,1,26,6,1995,2,15,BMW 1 SERIES,2,W01001049,0,2
2024131531323,2024,131531323,1,9,0,-1,11,7,3,-1,0,0,0,0,0,0,4,1,-1,2,1,32,6,1995,2,7,BMW 1 SERIES,1,E01010735,0,2
2024302401772,2024,302401772,1,9,0,-1,19,3,6,-1,0,0,0,4,0,0,3,1,-1,6,1,28,6,1496,2,9,BMW 1 SERIES,3,E01019690,0,1
2024520403262,2024,520403262,1,9,0,9,9,5,1,0,0,1,0,0,0,0,2,1,6,6,1,27,6,1496,2,9,BMW 1 SERIES,6,E01029288,0,2
2024221408865,2024,221408865,1,9,0,-1,9,5,2,-1,0,6,0,0,0,0,3,1,-1,9,1,25,5,1995,2,12,BMW 1 SERIES,7,E01022234,0,4
2024010518098,2024,010518098,1,9,0,2,2,0,0,6,6,0,0,0,0,0,3,1,6,6,3,-1,-1,1995,2,9,BMW 1 SERIES,-1,-1,0,-1
2024010500304,2024,010500304,1,9,0,18,19,1,5,0,0,0,5,4,0,0,1,1,6,6,1,25,5,1499,1,2,BMW 1 SERIES,8,E01000665,0,1
2024501413464,2024,501413464,2,9,0,-1,19,1,6,-1,0,1,0,0,0,0,1,1,-1,1,2,27,6,1499,1,7,BMW 1 SERIES,6,E01020283,0,2
2024061507370,2024,061507370,2,9,-1,-1,5,-1,-1,-1,0,8,0,0,0,0,-1,9,-1,6,1,29,6,1995,2,9,BMW 1 SERIES,2,E01005163,0,1
2024440174837,2024,440174837,2,9,0,7,7,7,1,0,0,5,0,0,0,0,4,1,6,6,1,23,5,1995,2,12,BMW 1 SERIES,-1,-1,0,-1
2024520403082,2024,520403082,1,9,0,18,19,8,4,0,0,2,0,0,0,0,1,1,6,6,1,38,7,1995,1,19,BMW 1 SERIES,4,E01029286,0,1
2024451451377,2024,451451377,1,9,0,-1,11,7,3,-1,0,2,0,0,3,10,1,1,-1,9,1,19,4,1598,1,11,BMW 1 SERIES,9,E01030340,0,4
2024520402778,2024,520402778,1,9,0,17,19,1,5,0,0,8,0,0,0,0,2,1,6,6,1,18,4,1995,2,15,BMW 1 SERIES,7,E01029092,0,1
2024201458258,2024,201458258,1,9,0,-1,5,4,6,-1,0,1,0,0,0,0,1,1,-1,6,1,21,5,1995,2,10,BMW 1 SERIES,6,E01010376,0,1
2024320291188,2024,320291188,1,9,0,-1,-1,6,2,0,0,0,5,0,7,3,1,1,-1,-1,1,24,5,1995,2,15,BMW 1 SERIES,6,E01026306,0,1
2024522403230,2024,522403230,1,9,0,18,19,3,7,0,0,0,0,0,0,0,1,2,6,6,3,-1,-1,1995,2,16,BMW 1 SERIES,-1,-1,0,-1
2024201524565,2024,201524565,1,9,0,-1,19,1,5,-1,0,1,0,0,0,0,1,1,-1,6,2,25,5,1995,2,9,BMW 1 SERIES,1,E01032888,0,1
2024201485311,2024,201485311,1,9,0,-1,19,3,7,-1,0,0,0,0,0,0,1,1,-1,6,1,51,8,1995,2,14,BMW 1 SERIES,2,E01009151,0,1
2024552400390,2024,552400390,1,9,0,18,19,8,4,0,0,0,0,0,0,0,1,1,2,2,1,33,6,1995,2,12,BMW 1 SERIES,10,E01029244,0,4
202460Q154297,2024,60Q154297,1,9,0,5,5,5,1,0,0,8,0,0,0,0,3,1,6,6,1,22,5,1995,1,15,BMW 1 SERIES,-1,-1,0,-1