collision_index,collision_year,collision_ref_no,vehicle_reference,vehicle_type,towing_and_articulation,vehicle_manoeuvre_historic,vehicle_manoeuvre,vehicle_direction_from,vehicle_direction_to,vehicle_location_restricted_lane_historic,vehicle_location_restricted_lane,junction_location,skidding_and_overturning,hit_object_in_carriageway,vehicle_leaving_carriageway,hit_object_off_carriageway,first_point_of_impact,vehicle_left_hand_drive,journey_purpose_of_driver_historic,journey_purpose_of_driver,sex_of_driver,age_of_driver,age_band_of_driver,engine_capacity_cc,propulsion_code,age_of_vehicle,generic_make_model,driver_imd_decile,lsoa_of_driver,escooter_flag,driver_distance_banding
2024041474956,2024,041474956,2,9,0,-1,19,5,1,-1,0,0,0,0,0,0,1,1,-1,6,1,41,7,1995,2,8,BMW 1 SERIES,1,E01012625,0,1
2024991520938,2024,991520938,1,9,0,-1,19,7,3,-1,0,0,5,0,1,0,1,2,-1,9,1,64,9,1499,1,0,BMW 1 SERIES,1,-1,0,5
2024440100546,2024,440100546,3,9,0,3,3,6,2,0,0,0,0,0,0,0,2,1,6,6,2,36,7,1598,1,8,BMW 1 SERIES,6,E01017259,0,1
2024201442081,2024,201442081,2,9,0,-1,19,2,6,-1,0,8,0,0,0,0,1,9,-1,1,1,26,6,1499,1,4,BMW 1 SERIES,1,E01010235,0,2
2024440000830,2024,440000830,2,9,0,4,4,6,2,0,0,0,0,0,0,0,2,1,6,6,1,30,6,1995,1,20,BMW 1 SERIES,2,E01017265,0,1
2024201476618,2024,201476618,1,9,0,-1,19,7,3,-1,0,3,0,0,0,0,1,1,-1,9,1,71,10,1598,1,11,BMW 1 SERIES,5,E01029623,0,3
2024201456752,2024,201456752,1,9,0,-1,19,8,4,-1,0,8,0,0,0,0,1,1,-1,6,1,36,7,1995,2,10,BMW 1 SERIES,2,E01034312,0,1
2024311410933,2024,311410933,1,9,0,-1,19,6,2,-1,0,1,0,0,1,0,4,1,-1,2,1,20,4,1496,2,8,BMW 1 SERIES,1,E01013940,0,1
2024211417839,2024,211417839,4,9,0,-1,19,1,5,-1,0,0,0,0,0,0,2,1,-1,6,2,47,8,1496,2,9,BMW 1 SERIES,-1,-1,0,-1
2024421470377,2024,421470377,1,9,0,-1,19,5,2,-1,0,0,0,0,7,4,1,1,-1,9,2,38,7,1995,2,9,BMW 1 SERIES,5,E01021694,0,1
2024440181919,2024,440181919,1,9,0,18,19,7,3,0,0,1,0,0,0,0,1,1,6,6,2,35,6,1598,1,12,BMW 1 SERIES,3,E01023144,0,1
2024201478923,2024,201478923,1,9,0,-1,19,3,7,-1,0,6,0,0,0,0,2,1,-1,6,2,28,6,1598,1,12,BMW 1 SERIES,1,E01009511,0,1
2024361516703,2024,361516703,2,9,0,-1,3,5,3,-1,0,8,0,0,0,0,4,1,-1,2,1,25,5,1496,2,8,BMW 1 SERIES,1,E01026094,0,4
2024031494234,2024,031494234,1,9,0,-1,19,7,3,-1,0,0,0,10,1,11,1,1,-1,9,1,35,6,1995,2,14,BMW 1 SERIES,1,E01019113,0,4
2024471457404,2024,471457404,5,9,0,-1,2,0,0,-1,0,0,0,0,0,0,2,1,-1,6,-1,-1,-1,1995,2,16,BMW 1 SERIES,-1,-1,0,-1
2024211475057,2024,211475057,3,9,0,-1,19,7,3,-1,0,0,0,0,0,0,1,1,-1,6,1,-1,-1,1499,1,1,BMW 1 SERIES,5,E01029696,0,2
2024461468013,2024,461468013,1,9,0,-1,19,6,2,-1,0,0,0,0,0,0,1,9,-1,6,1,-1,-1,1499,1,1,BMW 1 SERIES,7,E01015628,0,5
2024991426776,2024,991426776,1,9,0,-1,9,8,6,-1,0,1,0,0,0,0,1,1,-1,6,2,24,5,1995,2,5,BMW 1 SERIES,5,-1,0,1
2024991536324,2024,991536324,1,9,0,-1,19,2,6,-1,0,0,1,0,7,0,1,1,-1,6,2,26,6,1499,1,5,BMW 1 SERIES,-1,-1,0,-1
2024302401639,2024,302401639,2,9,0,-1,19,7,3,-1,0,8,0,0,0,0,1,2,-1,7,1,20,4,1995,2,6,BMW 1 SERIES,2,E01013570,0,1
2024531428264,2024,531428264,1,9,0,-1,19,5,1,-1,0,4,0,0,0,0,1,9,-1,6,3,-1,-1,1995,2,11,BMW 1 SERIES,-1,-1,0,-1
2024041424418,2024,041424418,2,9,0,-1,3,3,5,-1,0,1,0,0,0,0,4,1,-1,2,2,26,6,1496,2,6,BMW 1 SERIES,4,E01025288,0,1
2024520403445,2024,520403445,1,9,0,13,13,7,3,0,0,0,0,0,0,0,1,1,6,6,1,32,6,1596,1,19,BMW 1 SERIES,4,E01029286,0,3
2024221452468,2024,221452468,1,9,0,-1,19,3,7,-1,0,4,0,0,0,0,1,9,-1,6,2,30,6,1995,2,18,BMW 1 SERIES,1,E01014198,0,1
2024122400722,2024,122400722,2,9,0,18,19,1,5,0,0,0,0,0,5,7,2,1,2,2,2,29,6,1995,2,8,BMW 1 SERIES,2,E01011781,0,4
2024320642844,2024,320642844,1,9,0,-1,-1,2,6,0,0,8,1,0,2,9,1,1,6,6,1,40,7,1995,2,17,BMW 1 SERIES,-1,-1,0,-1
2024461454605,2024,461454605,1,9,0,-1,19,5,1,-1,0,0,0,0,2,0,4,1,-1,6,1,23,5,1995,2,11,BMW 1 SERIES,2,E01024192,0,1
2024440050092,2024,440050092,2,9,0,18,19,1,5,0,0,1,0,0,0,0,2,1,6,6,2,55,8,1499,1,1,BMW 1 SERIES,10,E01023047,0,2
2024201529044,2024,201529044,1,9,0,-1,5,4,8,-1,0,8,0,0,0,0,1,9,-1,6,1,-1,-1,1995,1,14,BMW 1 SERIES,-1,-1,0,-1
2024451466741,2024,451466741,1,9,0,-1,9,3,4,-1,0,2,0,0,0,0,1,1,-1,2,2,35,6,1598,1,9,BMW 1 SERIES,9,E01030802,0,3
2024010504384,2024,010504384,1,9,0,99,99,9,9,99,99,9,9,99,9,99,9,9,6,6,2,51,8,1496,2,8,BMW 1 SERIES,2,E01003325,0,1
2024201451096,2024,201451096,1,9,0,-1,19,2,6,-1,9,0,1,0,1,0,1,1,-1,6,1,25,5,1995,2,12,BMW 1 SERIES,6,E01010221,0,1
2024991548555,2024,991548555,2,9,0,-1,7,3,7,-1,0,0,0,0,0,0,0,1,-1,9,1,21,5,1496,2,8,BMW 1 SERIES,10,E01010197,0,5
2024211431714,2024,211431714,2,9,0,-1,19,5,1,-1,0,0,0,0,0,0,3,1,-1,6,2,38,7,1995,2,9,BMW 1 SERIES,-1,-1,0,-1
2024361488121,2024,361488121,2,9,0,-1,19,7,3,-1,0,0,0,0,0,0,1,1,-1,9,2,49,8,1995,1,13,BMW 1 SERIES,7,E01026584,0,4
2024631535214,2024,631535214,1,9,0,-1,12,2,6,-1,0,0,1,7,7,10,1,1,-1,9,1,52,8,1995,2,16,BMW 1 SERIES,2,W01000588,0,2
2024401496072,2024,401496072,2,9,0,-1,3,5,1,-1,0,0,0,0,0,0,4,1,-1,9,1,37,7,1596,1,19,BMW 1 SERIES,3,E01000515,0,4
2024010536978,2024,010536978,2,9,0,99,99,9,9,99,99,9,9,99,9,99,1,9,6,6,3,-1,-1,1995,1,14,BMW 1 SERIES,-1,-1,0,-1
2024231486375,2024,231486375,2,9,0,-1,19,6,2,-1,0,0,0,0,0,0,2,9,-1,6,1,36,7,1499,1,2,BMW 1 SERIES,5,E01010115,0,3
2024141534085,2024,141534085,1,9,0,-1,19,7,4,-1,0,0,0,0,0,0,1,1,-1,1,1,27,6,1995,2,15,BMW 1 SERIES,2,E01008114,0,3
2024141455445,2024,141455445,1,9,0,-1,19,2,6,-1,0,1,0,0,0,0,3,9,-1,6,2,-1,-1,1995,2,10,BMW 1 SERIES,2,E01007443,0,1
2024440021715,2024,440021715,1,9,0,18,19,6,2,0,0,0,5,0,7,4,1,1,2,2,1,27,6,1598,2,11,BMW 1 SERIES,3,E01022993,0,1
2024141503896,2024,141503896,1,9,0,-1,12,7,5,-1,0,1,0,0,0,0,1,1,-1,9,2,47,8,1496,2,9,BMW 1 SERIES,2,E01007872,0,1
2024010520025,2024,010520025,2,9,0,-1,-1,9,9,99,99,9,9,99,9,99,1,9,6,6,3,-1,-1,1995,1,18,BMW 1 SERIES,2,E01002669,0,1
2024010539737,2024,010539737,1,9,0,18,19,1,5,0,0,2,0,0,0,0,1,1,6,6,1,25,5,1499,1,2,BMW 1 SERIES,5,E01002010,0,1
2024061460047,2024,061460047,1,9,0,-1,19,4,8,-1,0,8,0,0,0,0,1,1,-1,9,2,40,7,1499,1,0,BMW 1 SERIES,2,E01005337,0,1
2024522500207,2024,522500207,1,9,0,10,10,6,2,0,0,8,0,0,0,0,2,1,6,6,1,39,7,1995,2,14,BMW 1 SERIES,3,-1,0,5
2024440365535,2024,440365535,1,9,0,16,19,4,7,0,0,0,0,0,7,4,1,1,6,6,1,43,7,1995,2,11,BMW 1 SERIES,-1,-1,0,-1
2024041436164,2024,041436164,1,9,0,-1,13,7,5,-1,0,3,0,0,0,0,1,1,-1,6,1,22,5,1598,1,10,BMW 1 SERIES,1,E01025493,0,2
2024371409878,2024,371409878,2,9,0,-1,19,7,3,-1,0,8,0,0,0,0,1,1,-1,2,2,39,7,1995,2,14,BMW 1 SERIES,9,E01030193,0,2
2024010496675,2024,010496675,1,9,0,18,19,1,5,0,0,2,0,0,0,0,1,1,6,6,1,29,6,1598,1,11,BMW 1 SERIES,6,E01003702,0,4
2024111462060,2024,111462060,2,9,0,-1,7,6,2,-1,0,4,0,0,0,0,3,1,-1,6,2,52,8,1995,2,14,BMW 1 SERIES,-1,-1,0,-1
2024010535410,2024,010535410,2,9,0,99,99,9,9,99,99,9,9,99,9,99,9,9,6,6,3,-1,-1,1499,1,6,BMW 1 SERIES,5,E01000745,0,1
2024010508292,2024,010508292,1,9,0,18,19,7,3,0,0,0,0,0,0,0,1,1,6,6,1,18,4,1598,1,12,BMW 1 SERIES,-1,-1,0,-1
2024440077606,2024,440077606,2,9,0,11,11,5,1,0,0,0,0,0,0,0,1,1,6,6,2,-1,-1,1499,1,5,BMW 1 SERIES,-1,-1,0,-1
2024010529135,2024,010529135,2,9,0,2,2,0,0,0,0,0,0,0,0,0,4,1,6,6,3,-1,-1,1499,1,5,BMW 1 SERIES,-1,-1,0,-1
2024991470497,2024,991470497,3,9,0,-1,7,2,6,-1,0,8,0,0,0,0,3,1,-1,6,1,19,4,1499,1,6,BMW 1 SERIES,8,-1,0,1
2024201433153,2024,201433153,2,9,0,-1,3,7,3,-1,0,1,0,0,0,0,2,1,-1,6,1,35,6,1995,2,12,BMW 1 SERIES,1,E01009514,0,1
2024471489202,2024,471489202,2,9,0,-1,19,8,4,-1,0,1,0,0,0,0,1,1,-1,7,2,45,7,1598,1,10,BMW 1 SERIES,10,E01031755,0,1
2024010502455,2024,010502455,1,9,0,18,19,7,3,0,0,2,5,7,4,6,1,1,6,6,1,27,6,1598,1,11,BMW 1 SERIES,7,E01016162,0,4
2024501457801,2024,501457801,2,9,0,-1,7,3,5,-1,9,5,1,0,0,0,4,1,-1,6,2,20,4,1496,2,5,BMW 1 SERIES,8,E01015251,0,2
2024552401547,2024,552401547,1,9,0,18,19,8,4,0,0,0,0,0,0,0,1,1,6,6,1,20,4,1995,2,13,BMW 1 SERIES,5,E01029208,0,4
2024061394577,2024,061394577,1,9,0,-1,19,5,1,-1,0,8,0,0,0,0,1,1,-1,2,1,50,8,1995,2,19,BMW 1 SERIES,2,E01004855,0,2
2024991480760,2024,991480760,1,9,0,-1,19,6,1,-1,0,0,0,0,0,0,1,1,-1,9,1,21,5,1499,1,1,BMW 1 SERIES,-1,-1,0,-1
2024311447048,2024,311447048,2,9,0,-1,19,5,1,-1,0,0,0,0,0,0,1,1,-1,2,1,37,7,1499,1,0,BMW 1 SERIES,-1,-1,0,-1
2024440455008,2024,440455008,2,9,0,4,4,7,3,0,0,1,0,0,0,0,1,1,1,1,2,28,6,1496,2,7,BMW 1 SERIES,3,E01017080,0,2
2024201453219,2024,201453219,1,9,0,-1,19,4,7,-1,0,8,0,0,0,0,4,1,-1,6,1,30,6,1995,2,19,BMW 1 SERIES,3,E01008973,0,1
2024622400867,2024,622400867,2,9,0,18,19,1,5,0,0,1,0,0,0,0,1,1,6,6,1,29,6,1995,2,11,BMW 1 SERIES,2,W01001942,0,4
2024221455391,2024,221455391,1,9,0,-1,19,1,5,-1,0,6,0,0,0,0,3,9,-1,6,2,72,10,1995,2,9,BMW 1 SERIES,6,E01032460,0,1
2024010524920,2024,010524920,3,9,0,2,2,0,0,6,6,2,0,0,0,0,1,1,6,6,3,-1,-1,1496,2,8,BMW 1 SERIES,-1,-1,0,-1
2024340NN3702,2024,340NN3702,2,9,0,-1,19,1,5,-1,0,2,0,0,0,0,1,1,-1,6,2,28,6,1995,2,7,BMW 1 SERIES,8,E01027076,0,2
2024440430564,2024,440430564,1,9,0,9,9,6,4,0,0,8,0,0,0,0,4,1,3,7,2,36,7,1499,1,1,BMW 1 SERIES,10,E01032616,0,1
2024991428168,2024,991428168,2,9,0,-1,19,2,6,-1,0,0,0,0,1,0,1,1,-1,2,2,34,6,1995,2,6,BMW 1 SERIES,3,-1,0,1
2024141414431,2024,141414431,2,9,0,-1,19,4,8,-1,0,0,0,0,0,0,2,1,-1,1,2,33,6,1995,2,11,BMW 1 SERIES,3,E01007449,0,2
2024010534763,2024,010534763,2,9,0,99,99,9,9,99,99,9,9,99,9,99,9,9,6,6,3,-1,-1,1496,2,9,BMW 1 SERIES,4,E01003224,0,1
2024101439044,2024,101439044,2,9,0,-1,6,5,3,-1,0,8,0,0,0,0,1,1,-1,9,2,34,6,1496,2,9,BMW 1 SERIES,1,E01035619,0,1
2024010501995,2024,010501995,2,9,9,99,99,9,9,99,99,9,9,99,9,99,9,9,6,6,3,-1,-1,1995,1,14,BMW 1 SERIES,-1,-1,0,-1
2024430408040,2024,430408040,1,9,0,18,19,7,3,0,0,0,0,4,0,0,1,1,6,6,2,40,7,1499,1,5,BMW 1 SERIES,9,E01035752,0,1
2024161416895,2024,161416895,1,9,0,-1,19,6,2,-1,0,8,0,0,7,11,1,1,-1,2,1,50,8,2996,1,17,BMW 1 SERIES,1,E01013159,0,1
2024421439254,2024,421439254,1,9,0,-1,5,4,8,-1,0,1,0,0,0,0,1,1,-1,6,1,20,4,1598,1,11,BMW 1 SERIES,5,E01034090,0,1
2024211501595,2024,211501595,2,9,0,-1,20,5,1,-1,0,0,0,0,0,0,1,1,-1,6,2,36,7,1496,2,9,BMW 1 SERIES,9,E01029518,0,1
2024320086576,2024,320086576,1,9,0,13,13,2,6,0,0,0,5,0,0,0,1,1,6,6,1,27,6,1995,2,13,BMW 1 SERIES,-1,-1,0,-1
2024421432431,2024,421432431,1,9,0,-1,19,6,2,-1,0,0,2,0,0,0,1,1,-1,6,1,20,4,1496,2,8,BMW 1 SERIES,6,E01021414,0,1
2024122400897,2024,122400897,2,9,0,18,19,3,7,0,0,2,0,0,0,0,3,1,6,6,1,56,9,1598,1,10,BMW 1 SERIES,7,E01013393,0,1
2024351508366,2024,351508366,2,9,0,-1,19,7,3,-1,0,0,0,0,0,0,1,1,-1,6,1,18,4,1995,2,13,BMW 1 SERIES,2,E01035543,0,2
2024161459723,2024,161459723,2,9,0,-1,9,3,1,-1,0,8,0,0,0,0,1,9,-1,6,1,33,6,1995,2,11,BMW 1 SERIES,1,E01026375,0,4
2024501448168,2024,501448168,2,9,0,-1,4,4,8,-1,0,1,0,0,0,0,2,1,-1,9,1,38,7,1995,2,18,BMW 1 SERIES,5,E01034643,0,4
2024421401191,2024,421401191,3,9,0,-1,19,7,3,-1,0,0,0,0,0,0,1,1,-1,9,1,41,7,1995,2,10,BMW 1 SERIES,7,E01029476,0,5
2024501537438,2024,501537438,2,9,0,-1,19,3,7,-1,0,0,0,0,0,0,3,1,-1,9,2,32,6,1499,1,6,BMW 1 SERIES,8,E01015128,0,4
2024061509893,2024,061509893,1,9,0,-1,2,0,0,-1,-1,1,0,0,0,0,2,1,-1,6,-1,-1,-1,1499,1,9,BMW 1 SERIES,-1,-1,0,-1
2024411471937,2024,411471937,2,9,0,-1,19,1,7,-1,0,1,0,0,0,0,1,1,-1,9,1,24,5,1596,1,19,BMW 1 SERIES,6,E01023848,0,1
2024430146037,2024,430146037,2,9,0,18,19,5,1,0,0,4,0,0,0,0,3,1,6,6,1,-1,-1,1598,1,10,BMW 1 SERIES,-1,-1,0,-1
2024991510269,2024,991510269,1,9,0,-1,19,5,1,-1,0,0,0,0,0,0,1,1,-1,6,1,23,5,1499,1,7,BMW 1 SERIES,5,-1,0,1
2024231538406,2024,231538406,1,9,0,-1,5,5,1,-1,0,6,0,0,0,0,3,1,-1,6,2,26,6,1995,2,8,BMW 1 SERIES,3,E01031264,0,1
2024522401578,2024,522401578,2,9,0,7,7,7,1,0,0,5,0,0,0,0,4,1,6,6,3,-1,-1,1499,1,8,BMW 1 SERIES,-1,-1,0,-1
2024522401450,2024,522401450,2,9,0,4,4,2,6,0,0,0,0,0,0,0,2,1,6,6,3,-1,-1,1995,2,12,BMW 1 SERIES,-1,-1,0,-1
2024041400139,2024,041400139,1,9,0,-1,5,3,5,-1,0,6,0,0,0,0,3,1,-1,9,1,56,9,1995,2,12,BMW 1 SERIES,5,E01025025,0,1
2024052401280,2024,052401280,2,9,0,18,19,5,1,0,0,1,0,0,0,0,4,1,6,6,2,25,5,1998,1,0,BMW 1 SERIES,4,E01006454,0,1
2024340WN4662,2024,340WN4662,1,9,0,-1,13,1,5,-1,0,1,0,0,7,0,1,1,-1,6,3,-1,-1,1995,2,15,BMW 1 SERIES,-1,-1,0,-1
2024622400672,2024,622400672,1,9,0,18,19,8,4,0,0,0,0,0,0,0,1,1,6,6,1,39,7,1995,2,13,BMW 1 SERIES,1,W01001884,0,2
2024351526648,2024,351526648,1,9,0,-1,19,7,3,-1,0,1,1,4,0,0,1,9,-1,6,1,28,6,1995,2,18,BMW 1 SERIES,4,E01015623,0,1
2024371406198,2024,371406198,1,9,0,-1,13,4,8,-1,0,1,0,0,7,0,1,1,-1,6,1,44,7,1995,2,8,BMW 1 SERIES,9,E01033445,0,2
2024201456112,2024,201456112,1,9,0,-1,19,7,3,-1,0,0,0,0,0,0,1,1,-1,6,1,22,5,2979,1,16,BMW 1 SERIES,1,E01009104,0,1
2024501500026,2024,501500026,1,9,0,-1,19,4,8,-1,0,0,0,0,0,0,4,1,-1,6,2,22,5,1995,2,10,BMW 1 SERIES,3,E01018784,0,1
2024421417146,2024,421417146,2,9,0,-1,19,3,7,-1,0,1,0,4,0,0,3,1,-1,2,2,43,7,1995,2,12,BMW 1 SERIES,6,E01021930,0,2
2024010546720,2024,010546720,2,9,0,18,19,7,3,0,0,2,0,0,0,0,1,1,6,6,2,31,6,1598,1,12,BMW 1 SERIES,6,E01030767,0,4
2024340NN0912,2024,340NN0912,1,9,0,-1,19,7,3,-1,0,1,0,10,1,4,1,1,-1,9,1,69,10,1995,2,10,BMW 1 SERIES,2,E01026975,0,2
2024010532519,2024,010532519,1,9,0,3,3,2,6,0,0,0,0,0,0,0,2,1,2,2,1,25,5,1499,1,4,BMW 1 SERIES,2,E01000604,0,1
2024411504350,2024,411504350,1,9,0,-1,19,6,2,-1,0,0,0,0,0,0,1,1,-1,1,1,28,6,2000,2,15,BMW 1 SERIES,8,E01034364,0,1
2024501437667,2024,501437667,1,9,0,-1,19,7,3,-1,0,0,0,0,7,0,3,1,-1,1,1,45,7,1995,2,19,BMW 1 SERIES,3,E01018978,0,2
2024010544676,2024,010544676,2,9,0,99,99,9,9,99,99,9,9,99,9,99,9,9,6,6,1,76,11,1499,1,1,BMW 1 SERIES,8,E01002494,0,4
2024440557684,2024,440557684,2,9,0,4,4,8,4,0,0,8,0,0,0,0,2,1,6,6,3,-1,-1,1499,8,0,BMW 1 SERIES,-1,-1,0,-1
2024461535501,2024,461535501,1,9,0,-1,19,1,5,-1,0,0,1,0,4,0,1,1,-1,9,1,29,6,1598,1,12,BMW 1 SERIES,2,E01033327,0,4
2024440505897,2024,440505897,2,9,0,18,19,1,5,0,0,8,0,0,0,0,4,1,6,6,1,62,9,1499,1,6,BMW 1 SERIES,9,E01023241,0,1
2024131480837,2024,131480837,2,9,0,-1,19,1,1,-1,0,0,0,0,0,0,1,1,-1,2,2,60,9,1499,1,2,BMW 1 SERIES,4,E01011044,0,1
2024031435476,2024,031435476,2,9,0,-1,19,7,1,-1,0,0,0,0,0,0,1,1,-1,2,2,26,6,1995,2,8,BMW 1 SERIES,9,E01019244,0,4
2024311481550,2024,311481550,1,9,0,-1,7,1,5,-1,0,0,1,0,7,0,1,1,-1,9,1,19,4,1995,2,10,BMW 1 SERIES,9,E01033775,0,1
202460Q081595,2024,60Q081595,2,9,0,10,10,1,5,0,0,1,0,0,0,0,2,1,1,1,1,32,6,1995,2,5,BMW 1 SERIES,-1,-1,0,-1
2024520401528,2024,520401528,1,9,0,18,19,4,1,0,0,8,0,0,0,0,1,1,6,6,1,79,11,1995,2,5,BMW 1 SERIES,10,E01018663,0,5
2024131506671,2024,131506671,1,9,0,-1,19,1,5,-1,0,2,0,0,0,0,4,1,-1,9,2,43,7,1995,2,17,BMW 1 SERIES,9,E01027904,0,3
2024010520329,2024,010520329,4,9,0,2,2,0,0,6,6,0,0,0,0,0,3,1,6,6,3,-1,-1,1590,1,12,BMW 1 SERIES,-1,-1,0,-1
2024161513498,2024,161513498,1,9,0,-1,9,5,1,-1,0,8,0,0,0,0,1,1,-1,6,1,33,6,1995,2,13,BMW 1 SERIES,1,E01013298,0,1
2024010545404,2024,010545404,2,9,0,5,5,0,4,8,6,8,0,0,0,0,2,1,6,6,1,26,6,1499,1,3,BMW 1 SERIES,3,E01002370,0,1
2024231452860,2024,231452860,2,9,0,-1,7,8,4,-1,0,3,0,0,0,0,4,9,-1,2,1,23,5,1598,1,11,BMW 1 SERIES,1,E01010142,0,3
2024010488845,2024,010488845,2,9,0,1,1,1,5,0,0,0,0,0,0,0,3,1,6,6,1,30,6,1995,2,8,BMW 1 SERIES,4,E01002629,0,2
2024161397030,2024,161397030,1,9,0,-1,19,5,1,-1,0,8,0,0,0,0,3,1,-1,9,1,24,5,1995,2,4,BMW 1 SERIES,2,E01012869,0,4
2024461458544,2024,461458544,1,9,0,-1,19,6,2,-1,0,0,0,0,0,0,1,1,-1,9,2,20,4,1598,1,9,BMW 1 SERIES,5,E01024181,0,1
2024311531537,2024,311531537,1,9,0,-1,19,6,2,-1,0,0,1,4,7,0,1,1,-1,6,1,45,7,1598,1,11,BMW 1 SERIES,-1,-1,0,-1
2024010520053,2024,010520053,1,9,0,99,99,9,9,99,99,0,9,99,9,99,9,9,6,6,2,49,8,1499,1,5,BMW 1 SERIES,1,E01003515,0,1
2024041532976,2024,041532976,2,9,0,-1,14,3,7,-1,0,0,0,0,0,0,4,1,-1,9,1,21,5,1499,1,8,BMW 1 SERIES,7,E01025597,0,1
2024111436459,2024,111436459,1,9,0,-1,19,5,1,-1,0,0,0,0,0,0,1,1,-1,9,1,47,8,1995,2,13,BMW 1 SERIES,2,E01008221,0,1
2024302500273,2024,302500273,1,9,0,-1,19,7,4,-1,0,0,5,0,1,11,1,1,-1,6,1,19,4,1596,1,17,BMW 1 SERIES,3,E01019503,0,1
2024070669429,2024,070669429,1,9,0,11,11,1,3,0,0,8,0,0,0,0,4,1,6,6,2,27,6,1499,1,2,BMW 1 SERIES,-1,-1,0,-1
2024221408963,2024,221408963,1,9,0,-1,19,1,5,-1,0,4,1,0,2,2,1,9,-1,9,1,31,6,1499,1,6,BMW 1 SERIES,7,E01034319,0,2
2024991537054,2024,991537054,1,9,0,-1,19,1,5,-1,0,4,0,0,0,0,1,1,-1,6,1,21,5,1499,1,1,BMW 1 SERIES,2,-1,0,2
2024010522176,2024,010522176,2,9,0,18,19,3,7,0,0,1,0,0,0,0,1,1,6,6,2,23,5,1499,1,7,BMW 1 SERIES,6,E01000459,0,2
2024320717734,2024,320717734,2,9,0,-1,-1,2,6,0,0,1,0,0,0,0,2,1,-1,-1,2,51,8,1997,1,9,BMW 1 SERIES,3,E01026041,0,1
2024010497259,2024,010497259,1,9,0,9,9,7,4,2,2,5,0,0,0,0,4,1,6,6,1,18,4,1496,2,9,BMW 1 SERIES,4,E01000287,0,3
2024461481166,2024,461481166,3,9,0,-1,2,0,0,-1,0,1,0,0,0,0,2,2,-1,1,2,-1,-1,1598,2,11,BMW 1 SERIES,-1,-1,0,-1
2024010547962,2024,010547962,2,9,0,12,12,3,7,0,0,1,0,0,0,0,3,1,6,6,2,39,7,1995,1,14,BMW 1 SERIES,6,E01002371,0,2
2024201448895,2024,201448895,1,9,0,-1,19,2,6,-1,0,1,0,0,0,0,1,1,-1,6,1,25,5,1995,1,15,BMW 1 SERIES,-1,-1,0,-1
2024361461880,2024,361461880,2,9,0,-1,19,7,3,-1,0,1,0,0,0,0,1,1,-1,9,2,30,6,1499,1,5,BMW 1 SERIES,5,E01026487,0,2
2024461494085,2024,461494085,1,9,0,-1,4,1,5,-1,0,4,1,11,8,1,1,1,-1,7,1,18,4,1496,2,4,BMW 1 SERIES,3,E01000498,0,4
2024451431946,2024,451431946,2,9,0,-1,13,3,7,-1,0,1,0,0,0,0,1,9,-1,6,2,45,7,1496,2,9,BMW 1 SERIES,-1,-1,0,-1
2024451468405,2024,451468405,2,9,0,-1,19,2,6,-1,0,1,0,0,0,0,1,1,-1,9,1,19,4,1995,2,12,BMW 1 SERIES,5,E01030459,0,1
2024122400971,2024,122400971,1,9,0,18,19,2,6,0,0,0,5,0,1,4,1,1,2,2,1,26,6,1995,2,17,BMW 1 SERIES,7,E01011399,0,2
2024340NN9032,2024,340NN9032,1,9,0,-1,19,5,1,-1,0,0,0,0,7,0,1,1,-1,6,1,43,7,1995,2,11,BMW 1 SERIES,1,E01015597,0,4
2024061495531,2024,061495531,1,9,0,-1,12,5,1,-1,0,0,0,0,0,0,3,1,-1,6,1,-1,-1,1995,2,10,BMW 1 SERIES,-1,-1,0,-1
2024201432799,2024,201432799,2,9,0,-1,19,3,7,-1,0,8,0,0,0,0,1,9,-1,1,1,37,7,1995,2,7,BMW 1 SERIES,1,E01009486,0,1
2024041432735,2024,041432735,1,9,0,-1,19,1,5,-1,0,0,0,0,0,0,4,9,-1,9,2,25,5,1995,2,13,BMW 1 SERIES,1,E01012704,0,1
2024231526219,2024,231526219,2,9,0,-1,19,2,6,-1,0,8,1,0,0,0,1,1,-1,6,2,66,10,1598,1,10,BMW 1 SERIES,8,E01031197,0,2
2024311519799,2024,311519799,1,9,0,-1,-1,-1,-1,-1,-1,0,-1,-1,-1,0,-1,9,-1,2,1,33,6,1995,2,9,BMW 1 SERIES,-1,-1,0,-1
2024631443462,2024,631443462,1,9,0,-1,19,6,2,-1,0,0,0,0,7,2,1,1,-1,6,1,30,6,1496,2,9,BMW 1 SERIES,7,W01000712,0,1
2024430382037,2024,430382037,1,9,0,18,19,3,7,0,0,8,0,0,0,0,1,1,6,6,1,28,6,1995,2,13,BMW 1 SERIES,4,E01016446,0,1
2024061539270,2024,061539270,1,9,0,-1,19,8,4,-1,0,0,0,0,0,0,3,2,-1,6,1,49,8,1995,2,18,BMW 1 SERIES,-1,-1,0,-1
2024010549252,2024,010549252,2,9,0,18,19,1,5,0,0,0,0,0,0,0,1,1,6,6,2,24,5,1598,1,9,BMW 1 SERIES,1,E01000782,0,2
2024471496846,2024,471496846,1,9,0,-1,19,6,1,-1,0,8,5,0,0,0,4,1,-1,9,1,27,6,1995,2,12,BMW 1 SERIES,4,E01021002,0,1
2024501409597,2024,501409597,1,9,0,-1,19,4,1,-1,0,1,1,0,1,7,4,9,-1,2,2,30,6,1499,1,1,BMW 1 SERIES,9,E01019984,0,4
2024010528059,2024,010528059,1,9,0,4,4,3,7,0,0,0,0,0,0,0,4,1,6,6,1,44,7,1995,1,18,BMW 1 SERIES,5,E01002611,0,1