collision_index,collision_year,collision_ref_no,vehicle_reference,vehicle_type,towing_and_articulation,vehicle_manoeuvre_historic,vehicle_manoeuvre,vehicle_direction_from,vehicle_direction_to,vehicle_location_restricted_lane_historic,vehicle_location_restricted_lane,junction_location,skidding_and_overturning,hit_object_in_carriageway,vehicle_leaving_carriageway,hit_object_off_carriageway,first_point_of_impact,vehicle_left_hand_drive,journey_purpose_of_driver_historic,journey_purpose_of_driver,sex_of_driver,age_of_driver,age_band_of_driver,engine_capacity_cc,propulsion_code,age_of_vehicle,generic_make_model,driver_imd_decile,lsoa_of_driver,escooter_flag,driver_distance_banding
2024010523246,2024,010523246,1,9,0,18,19,5,1,9,9,1,0,10,1,0,1,1,6,6,3,-1,-1,1995,2,16,BMW 1 SERIES,-1,-1,0,-1
2024141435340,2024,141435340,5,9,0,-1,19,5,1,-1,0,0,0,0,0,0,2,9,-1,6,2,38,7,1995,2,14,BMW 1 SERIES,1,E01007760,0,3
2024552401103,2024,552401103,1,9,0,2,2,0,0,0,0,0,0,0,0,0,3,1,6,6,1,49,8,1499,1,8,BMW 1 SERIES,7,E01020495,0,1
2024440065412,2024,440065412,2,9,0,18,19,4,8,0,0,0,0,0,0,0,1,1,6,6,2,43,7,1995,2,7,BMW 1 SERIES,5,E01028633,0,4
2024340NN3252,2024,340NN3252,1,9,0,-1,7,3,5,-1,0,6,0,0,0,0,1,1,-1,2,2,27,6,1995,2,5,BMW 1 SERIES,6,E01027051,0,2
2024141411131,2024,141411131,2,9,0,-1,2,0,0,-1,-1,0,0,4,0,0,2,1,-1,6,-1,-1,-1,1499,1,0,BMW 1 SERIES,-1,-1,0,-1
2024311410783,2024,311410783,1,9,0,-1,19,6,2,-1,0,4,0,0,0,0,1,1,-1,6,-1,-1,-1,1995,2,9,BMW 1 SERIES,-1,-1,0,-1
2024440484336,2024,440484336,1,9,0,7,7,5,7,0,0,3,5,0,0,0,4,1,6,6,1,21,5,1995,2,19,BMW 1 SERIES,6,E01022962,0,1
2024201513944,2024,201513944,2,9,0,-1,19,7,3,-1,0,8,0,0,0,0,1,1,-1,9,1,30,6,1499,1,7,BMW 1 SERIES,1,E01033891,0,1
2024340NN0352,2024,340NN0352,1,9,0,-1,19,7,3,-1,0,0,5,10,1,4,1,1,-1,6,1,25,5,1995,2,17,BMW 1 SERIES,2,E01027340,0,1
2024361400422,2024,361400422,2,9,0,-1,10,1,8,-1,0,5,0,0,0,0,1,1,-1,6,1,37,7,1995,2,13,BMW 1 SERIES,5,E01026727,0,1
2024451441343,2024,451441343,2,9,0,-1,19,7,3,-1,0,0,0,0,0,0,1,1,-1,2,2,21,5,1599,1,16,BMW 1 SERIES,8,E01030405,0,1
2024010497795,2024,010497795,1,9,0,18,19,3,7,0,0,0,0,0,0,0,1,1,6,6,2,25,5,1596,1,19,BMW 1 SERIES,-1,-1,0,-1
2024461497217,2024,461497217,2,9,0,-1,19,5,1,-1,0,1,0,0,0,0,4,1,-1,6,1,35,6,1995,2,12,BMW 1 SERIES,4,E01024510,0,2
2024501430815,2024,501430815,2,9,0,-1,4,6,2,-1,0,1,0,0,0,0,2,1,-1,6,2,31,6,1995,2,15,BMW 1 SERIES,9,E01019906,0,3
2024141534271,2024,141534271,2,9,0,-1,19,2,6,-1,0,1,0,0,0,0,1,2,-1,9,1,18,4,1598,1,11,BMW 1 SERIES,2,E01007733,0,2
2024231521574,2024,231521574,1,9,0,-1,19,1,5,-1,0,4,0,0,0,0,9,9,-1,6,3,42,7,1995,2,10,BMW 1 SERIES,-1,-1,0,-1
2024010499902,2024,010499902,2,9,0,99,99,9,9,99,99,9,9,99,9,99,9,9,6,6,3,-1,-1,1995,2,17,BMW 1 SERIES,-1,-1,0,-1
2024201515080,2024,201515080,1,9,0,-1,19,4,8,-1,0,1,0,0,0,0,1,1,-1,6,2,38,7,1496,2,4,BMW 1 SERIES,2,E01009999,0,1
202417S108824,2024,17S108824,2,9,0,-1,4,4,8,-1,0,0,0,0,0,0,2,1,-1,2,2,38,7,1499,1,7,BMW 1 SERIES,6,E01012022,0,1
2024131499210,2024,131499210,2,9,0,-1,2,1,5,-1,0,8,0,0,0,0,2,1,-1,9,1,34,6,1995,2,10,BMW 1 SERIES,7,E01011145,0,2
2024201453306,2024,201453306,3,9,0,-1,4,7,3,-1,0,0,0,0,0,0,2,9,-1,9,1,27,6,1995,2,15,BMW 1 SERIES,1,E01010415,0,1
2024052401651,2024,052401651,1,9,0,17,19,3,7,0,0,0,1,10,7,0,4,1,6,6,1,39,7,1598,2,9,BMW 1 SERIES,1,E01007006,0,1
2024351477711,2024,351477711,3,9,0,-1,3,4,8,-1,0,0,0,0,0,0,2,1,-1,6,2,43,7,1995,2,11,BMW 1 SERIES,7,E01018057,0,3
2024401422308,2024,401422308,1,9,0,-1,7,5,1,-1,0,1,0,0,0,0,3,1,-1,6,1,38,7,1499,1,2,BMW 1 SERIES,10,E01017447,0,3
2024311491488,2024,311491488,1,9,0,-1,5,2,8,-1,0,8,1,0,0,0,1,1,-1,6,2,24,5,1499,1,4,BMW 1 SERIES,2,E01013966,0,1
2024141443392,2024,141443392,1,9,0,-1,19,5,1,-1,0,1,0,0,0,0,4,1,-1,9,1,47,8,1596,1,17,BMW 1 SERIES,1,E01008085,0,3
2024401500656,2024,401500656,1,9,0,-1,5,5,5,-1,0,1,0,0,0,0,1,1,-1,2,1,50,8,1995,2,17,BMW 1 SERIES,5,E01017520,0,1
2024471480692,2024,471480692,1,9,0,-1,19,7,3,-1,0,1,1,11,0,0,1,1,-1,9,1,19,4,1998,1,6,BMW 1 SERIES,10,E01021228,0,1
2024010500376,2024,010500376,1,9,0,9,9,7,5,0,0,8,0,0,0,0,1,1,6,6,2,29,6,1496,2,9,BMW 1 SERIES,6,E01002353,0,1
2024401525402,2024,401525402,1,9,0,-1,7,1,5,-1,0,0,0,0,0,0,2,1,-1,6,1,30,6,1995,2,8,BMW 1 SERIES,9,E01006365,0,5
2024061444321,2024,061444321,1,9,0,-1,19,8,4,-1,0,0,0,0,0,0,1,1,-1,9,2,30,6,1995,2,18,BMW 1 SERIES,1,E01032558,0,1
2024471452159,2024,471452159,2,9,0,-1,10,5,1,-1,0,1,0,0,0,0,2,1,-1,7,2,42,7,1995,2,14,BMW 1 SERIES,4,E01020914,0,1
2024430416443,2024,430416443,1,9,0,9,9,3,5,0,0,1,0,0,0,0,1,1,1,1,1,28,6,1995,2,15,BMW 1 SERIES,-1,-1,0,-1
2024221447173,2024,221447173,1,9,0,-1,2,0,0,-1,0,0,0,0,0,0,3,1,-1,9,2,51,8,1596,1,17,BMW 1 SERIES,2,E01032239,0,1
2024351521580,2024,351521580,1,9,-1,-1,-1,-1,-1,-1,-1,1,-1,-1,-1,0,-1,9,-1,2,1,32,6,1995,2,12,BMW 1 SERIES,8,E01018287,0,1
2024531485651,2024,531485651,2,9,0,-1,19,3,7,-1,0,8,0,0,0,0,1,1,-1,9,1,24,5,2000,2,15,BMW 1 SERIES,2,E01022285,0,1
2024211468457,2024,211468457,1,9,0,-1,12,8,4,-1,0,0,0,0,0,0,0,9,-1,6,1,-1,-1,1499,1,0,BMW 1 SERIES,-1,-1,0,-1
2024541546424,2024,541546424,1,9,0,18,19,7,3,0,0,0,1,0,0,0,1,1,2,2,1,33,6,1995,2,19,BMW 1 SERIES,2,E01033846,0,1
2024520402716,2024,520402716,1,9,0,4,4,7,3,0,0,1,0,0,0,0,2,1,6,6,1,61,9,1499,1,5,BMW 1 SERIES,5,E01004737,0,5
2024101526749,2024,101526749,2,9,0,-1,19,6,2,-1,0,0,0,0,0,0,1,1,-1,6,2,32,6,1499,1,4,BMW 1 SERIES,-1,-1,0,-1
2024610042124,2024,610042124,2,9,0,18,19,1,5,0,0,0,0,0,0,0,3,1,6,6,1,48,8,1998,1,1,BMW 1 SERIES,5,W01001686,0,1
2024430201704,2024,430201704,2,9,0,1,1,2,6,0,0,0,0,0,0,0,2,1,6,6,1,-1,-1,1995,2,14,BMW 1 SERIES,-1,-1,0,-1
2024522401399,2024,522401399,1,9,0,12,12,2,6,0,0,3,0,0,0,0,1,1,6,6,1,46,8,1499,1,2,BMW 1 SERIES,6,E01014848,0,2
2024340WN0322,2024,340WN0322,2,9,0,-1,3,8,4,-1,0,0,0,0,0,0,2,1,-1,1,1,28,6,1598,2,12,BMW 1 SERIES,3,E01027188,0,3
2024440169010,2024,440169010,1,9,0,9,9,6,4,0,0,8,0,0,0,0,4,1,6,6,2,39,7,1995,2,13,BMW 1 SERIES,-1,-1,0,-1
2024010535454,2024,010535454,1,9,0,18,19,1,5,0,0,4,0,0,3,0,4,1,6,6,1,22,5,1995,2,8,BMW 1 SERIES,5,E01002344,0,1
2024061461706,2024,061461706,1,9,0,-1,19,4,1,-1,0,1,1,0,1,0,1,1,-1,6,1,45,7,1995,2,13,BMW 1 SERIES,1,E01006239,0,1
2024991501848,2024,991501848,1,9,0,-1,9,3,8,-1,0,8,0,0,0,0,1,1,-1,6,1,18,4,1496,2,7,BMW 1 SERIES,5,-1,0,2
2024211481329,2024,211481329,1,9,0,-1,19,1,5,-1,0,1,0,0,0,0,1,1,-1,6,2,32,6,1598,2,10,BMW 1 SERIES,-1,-1,0,-1
2024131504436,2024,131504436,2,9,0,-1,3,7,3,-1,0,8,0,0,0,0,3,1,-1,6,2,30,6,1496,2,5,BMW 1 SERIES,6,E01011551,0,2
2024361515385,2024,361515385,1,9,0,-1,9,3,1,-1,0,8,0,0,0,0,1,1,-1,9,1,51,8,1598,1,11,BMW 1 SERIES,6,E01033435,0,3
2024340WN5512,2024,340WN5512,1,9,0,-1,19,7,3,-1,0,8,0,0,0,0,3,1,-1,9,2,28,6,1598,1,10,BMW 1 SERIES,3,E01027228,0,1
2024522402693,2024,522402693,1,9,0,18,19,2,6,0,0,3,0,0,0,0,1,1,6,6,2,34,6,1995,2,11,BMW 1 SERIES,6,E01032671,0,1
2024361407912,2024,361407912,4,9,0,-1,9,4,8,-1,0,1,0,0,0,0,1,1,-1,6,2,43,7,1995,2,19,BMW 1 SERIES,7,E01026436,0,1
2024552400213,2024,552400213,1,9,0,18,19,8,4,0,0,0,2,0,0,0,0,1,6,6,1,34,6,1995,2,17,BMW 1 SERIES,7,E01020428,0,2
2024411461172,2024,411461172,2,9,0,-1,19,8,4,-1,0,0,0,0,0,0,2,1,-1,9,1,19,4,1598,1,11,BMW 1 SERIES,3,E01023793,0,4
2024471481540,2024,471481540,2,9,0,-1,9,5,1,-1,0,0,0,0,0,0,3,1,-1,6,2,40,7,1596,1,17,BMW 1 SERIES,10,E01031668,0,2
2024520402221,2024,520402221,1,9,0,18,19,4,8,0,0,0,0,0,0,0,4,1,6,6,1,59,9,1995,2,16,BMW 1 SERIES,7,E01020085,0,4
2024010512219,2024,010512219,1,9,0,5,5,8,4,0,0,2,0,0,0,0,4,1,6,6,1,23,5,1499,1,6,BMW 1 SERIES,1,E01002039,0,3
2024311447276,2024,311447276,1,9,0,-1,19,2,6,-1,0,1,0,0,0,0,2,1,-1,6,1,37,7,1995,1,13,BMW 1 SERIES,-1,-1,0,-1
2024122400721,2024,122400721,2,9,0,18,19,1,5,0,0,0,0,0,0,0,2,1,6,6,2,32,6,1995,2,11,BMW 1 SERIES,1,E01007634,0,3
2024010514609,2024,010514609,1,9,0,7,7,4,7,0,0,0,0,0,0,0,2,1,6,6,2,33,6,1499,1,0,BMW 1 SERIES,-1,-1,0,-1
2024131523743,2024,131523743,1,9,0,-1,19,1,5,-1,0,4,0,0,0,0,1,1,-1,9,1,17,4,1995,2,14,BMW 1 SERIES,1,E01011360,0,4
2024010545929,2024,010545929,2,9,0,18,19,1,5,0,0,1,0,0,0,0,4,1,6,6,1,23,5,1499,1,6,BMW 1 SERIES,-1,-1,0,-1
2024131513037,2024,131513037,1,9,0,-1,19,5,1,-1,0,2,0,0,0,0,4,1,-1,6,2,26,6,1496,2,9,BMW 1 SERIES,2,E01010682,0,1
2024211451634,2024,211451634,1,9,0,-1,19,1,5,-1,0,0,0,0,0,0,1,1,-1,6,2,27,6,1598,2,11,BMW 1 SERIES,-1,-1,0,-1
2024531498992,2024,531498992,2,9,0,-1,10,1,5,-1,0,5,0,0,0,0,2,9,-1,6,2,43,7,1598,1,12,BMW 1 SERIES,8,E01034800,0,1
202417L305424,2024,17L305424,1,9,0,-1,19,1,5,-1,0,8,0,0,0,0,1,1,-1,9,1,47,8,1995,2,14,BMW 1 SERIES,-1,-1,0,-1
2024141478238,2024,141478238,1,9,0,-1,19,7,3,-1,0,2,0,0,0,0,2,1,-1,9,2,48,8,1995,2,12,BMW 1 SERIES,1,E01007352,0,1
2024041529000,2024,041529000,2,9,0,-1,19,1,5,-1,0,8,0,0,0,0,4,1,-1,2,1,34,6,1496,2,8,BMW 1 SERIES,1,E01024872,0,1
2024440353364,2024,440353364,1,9,0,18,19,7,3,0,0,1,2,0,1,1,1,1,6,6,1,56,9,1995,2,10,BMW 1 SERIES,9,E01022879,0,2
2024440438059,2024,440438059,1,9,0,18,19,3,7,0,0,0,1,0,7,10,1,1,6,6,1,19,4,1995,2,15,BMW 1 SERIES,2,E01034060,0,2
2024461450703,2024,461450703,2,9,0,-1,9,3,5,-1,0,1,0,0,0,0,1,9,-1,9,2,29,6,1499,1,3,BMW 1 SERIES,6,E01024371,0,3
2024351436877,2024,351436877,2,9,0,-1,3,2,6,-1,0,0,0,0,0,0,2,1,-1,9,2,32,6,1598,2,9,BMW 1 SERIES,6,E01035549,0,1
2024010530513,2024,010530513,2,9,0,18,19,3,7,0,0,6,0,0,0,0,3,1,6,6,2,29,6,1598,1,12,BMW 1 SERIES,6,E01003741,0,2
2024131444620,2024,131444620,1,9,0,-1,19,5,1,-1,0,0,1,0,1,11,1,1,-1,9,1,20,4,1995,2,14,BMW 1 SERIES,2,E01011754,0,1
2024361467692,2024,361467692,1,9,0,-1,5,5,1,-1,0,8,0,0,0,0,1,1,-1,6,2,-1,-1,1598,2,10,BMW 1 SERIES,-1,-1,0,-1
2024340NN2962,2024,340NN2962,1,9,0,-1,19,7,3,-1,0,0,0,0,0,0,1,1,-1,2,2,37,7,2000,2,15,BMW 1 SERIES,2,E01026966,0,1
2024201470558,2024,201470558,3,9,0,-1,19,2,6,-1,0,1,0,0,0,0,3,1,-1,9,1,24,5,1499,1,3,BMW 1 SERIES,-1,-1,0,-1
2024351451151,2024,351451151,1,9,-1,-1,5,3,7,-1,0,4,0,0,0,0,1,1,-1,6,2,59,9,1499,1,0,BMW 1 SERIES,7,E01000384,0,4
2024201505709,2024,201505709,1,9,0,-1,19,1,5,-1,0,8,1,10,1,4,1,1,-1,6,1,20,4,1995,2,14,BMW 1 SERIES,7,E01009880,0,1
2024371442322,2024,371442322,1,9,0,-1,9,8,2,-1,0,8,0,0,0,0,3,1,-1,6,2,46,8,1995,2,18,BMW 1 SERIES,7,E01029974,0,1
2024211482638,2024,211482638,2,9,0,-1,5,0,0,-1,0,6,1,0,3,0,4,1,-1,9,1,32,6,1995,2,14,BMW 1 SERIES,1,E01034055,0,1
2024471452725,2024,471452725,2,9,0,-1,19,8,4,-1,0,1,0,0,0,0,2,1,-1,6,2,45,7,1995,2,14,BMW 1 SERIES,4,E01031499,0,1
2024430237341,2024,430237341,1,9,0,5,5,3,7,0,0,6,0,0,0,0,0,1,6,6,1,42,7,1496,2,8,BMW 1 SERIES,9,E01028495,0,2
2024010492706,2024,010492706,1,9,0,18,19,1,5,0,0,0,0,0,0,0,1,1,6,6,2,56,9,1499,1,1,BMW 1 SERIES,3,E01021800,0,1
2024430580025,2024,430580025,1,9,0,9,9,6,4,0,0,6,0,0,0,0,1,1,1,1,1,47,8,1499,1,4,BMW 1 SERIES,10,E01003811,0,3
2024320567858,2024,320567858,1,9,0,-1,-1,8,4,0,0,1,0,0,0,0,1,1,6,6,2,-1,-1,1598,2,11,BMW 1 SERIES,-1,-1,0,-1
2024320333812,2024,320333812,2,9,0,-1,-1,4,8,0,0,8,0,0,0,0,1,1,-1,-1,1,50,8,1499,1,8,BMW 1 SERIES,10,E01034701,0,1
2024552401149,2024,552401149,1,9,0,11,11,1,5,0,0,0,1,0,1,4,1,1,6,6,1,23,5,1995,2,14,BMW 1 SERIES,9,E01034542,0,4
202417L208924,2024,17L208924,2,9,0,-1,19,6,2,-1,0,8,0,0,0,0,1,1,-1,9,1,20,4,1496,2,5,BMW 1 SERIES,1,E01033471,0,1
2024061463377,2024,061463377,1,9,0,-1,19,-1,-1,-1,0,0,0,0,0,0,0,9,-1,6,3,-1,-1,1496,2,9,BMW 1 SERIES,-1,-1,0,-1
2024340NN2802,2024,340NN2802,1,9,0,-1,15,3,7,-1,0,3,0,0,0,0,3,1,-1,2,1,30,6,1995,2,14,BMW 1 SERIES,1,E01013692,0,4
2024201434045,2024,201434045,2,9,0,-1,19,1,5,-1,0,1,0,0,0,0,2,1,-1,6,2,29,6,1995,2,8,BMW 1 SERIES,1,E01009197,0,1
2024010513539,2024,010513539,2,9,0,99,99,9,9,99,99,9,9,99,9,99,9,9,6,6,3,20,4,1499,1,5,BMW 1 SERIES,3,E01002672,0,2
2024010500190,2024,010500190,2,9,0,7,7,1,4,0,0,1,1,0,0,0,1,1,6,6,1,23,5,1499,1,3,BMW 1 SERIES,4,E01003725,0,1
2024010546273,2024,010546273,2,9,0,3,3,7,3,0,0,1,0,0,0,0,4,1,6,6,1,-1,-1,1499,1,0,BMW 1 SERIES,8,E01004627,0,1
2024332400084,2024,332400084,3,9,0,-1,2,0,0,-1,0,2,0,0,0,0,2,1,-1,6,3,-1,-1,1995,1,14,BMW 1 SERIES,-1,-1,0,-1
2024520403236,2024,520403236,1,9,0,18,19,4,8,0,0,0,0,0,0,0,1,1,6,6,1,18,4,1596,1,19,BMW 1 SERIES,5,E01029185,0,1
2024552400499,2024,552400499,1,9,0,18,19,6,2,0,0,0,0,0,0,0,4,1,6,6,3,-1,-1,1499,1,1,BMW 1 SERIES,-1,-1,0,-1
202454C352824,2024,54C352824,1,9,0,18,19,1,5,0,0,0,0,0,1,10,1,1,1,1,2,21,5,1995,2,15,BMW 1 SERIES,10,E01031948,0,1
2024421476489,2024,421476489,3,9,0,-1,3,1,5,-1,0,1,0,0,0,0,1,1,-1,6,1,27,6,1998,1,1,BMW 1 SERIES,9,E01022064,0,2
2024461450367,2024,461450367,2,9,0,-1,4,4,8,-1,0,0,0,0,0,0,2,9,-1,2,1,47,8,1496,2,8,BMW 1 SERIES,5,E01016034,0,1
2024031447548,2024,031447548,3,9,0,-1,10,4,7,-1,0,1,0,0,0,0,0,1,-1,9,1,24,5,1496,2,8,BMW 1 SERIES,10,E01019238,0,1
2024041455626,2024,041455626,8,9,0,-1,19,3,7,-1,0,0,0,0,0,0,2,1,-1,2,2,31,6,1995,2,14,BMW 1 SERIES,2,E01012573,0,2
2024201425103,2024,201425103,2,9,0,-1,19,6,2,-1,0,8,0,0,0,0,1,9,-1,9,1,23,5,1995,2,7,BMW 1 SERIES,1,E01009622,0,1
2024501560298,2024,501560298,1,9,0,-1,19,2,6,-1,0,1,5,0,2,10,1,1,-1,9,1,19,4,1995,2,12,BMW 1 SERIES,4,E01018922,0,1
2024201497140,2024,201497140,2,9,0,-1,19,1,5,-1,0,8,0,0,0,0,1,1,-1,9,2,27,6,1598,2,11,BMW 1 SERIES,1,E01009115,0,4
2024501501115,2024,501501115,2,9,0,-1,19,4,8,-1,0,0,0,0,0,0,3,1,-1,6,1,22,5,2000,2,15,BMW 1 SERIES,6,E01019902,0,1
2024122400217,2024,122400217,1,9,0,18,19,6,2,0,0,0,1,7,5,6,1,1,6,6,1,27,6,1496,2,9,BMW 1 SERIES,9,E01033475,0,4
2024552400260,2024,552400260,2,9,0,4,4,7,3,0,0,0,0,0,0,0,2,1,6,6,1,39,7,1995,2,12,BMW 1 SERIES,8,E01018884,0,5
2024061430832,2024,061430832,1,9,0,-1,19,3,7,-1,0,1,0,0,7,2,1,9,-1,2,1,59,9,1995,2,19,BMW 1 SERIES,1,E01005070,0,3
2024631475999,2024,631475999,1,9,0,-1,19,4,8,-1,0,0,0,0,0,0,1,1,-1,2,2,57,9,1995,2,16,BMW 1 SERIES,7,W01000561,0,3
2024010498886,2024,010498886,1,9,0,18,19,7,3,0,0,8,0,4,8,1,1,1,6,6,1,32,6,1995,2,9,BMW 1 SERIES,2,E01001875,0,1
2024201470339,2024,201470339,2,9,0,-1,10,7,5,-1,0,8,0,0,0,0,3,1,-1,6,2,39,7,1995,2,16,BMW 1 SERIES,8,E01010122,0,1
2024010551785,2024,010551785,2,9,0,-1,-1,3,7,0,0,1,0,0,0,0,1,1,6,6,3,-1,-1,1995,2,9,BMW 1 SERIES,2,E01004722,0,1
2024340NN1082,2024,340NN1082,1,9,0,-1,9,4,1,-1,0,6,0,0,0,0,1,1,-1,9,2,35,6,1995,2,16,BMW 1 SERIES,7,E01027102,0,1
2024451478314,2024,451478314,1,9,0,-1,7,5,1,-1,0,0,0,0,0,0,3,1,-1,9,-1,49,8,1995,2,11,BMW 1 SERIES,7,E01030838,0,1
2024522402002,2024,522402002,1,9,0,9,9,7,5,0,0,5,0,0,0,0,4,1,6,6,1,27,6,1995,1,14,BMW 1 SERIES,2,E01014575,0,1
2024552400149,2024,552400149,1,9,0,18,19,6,2,0,0,0,0,0,0,0,3,1,3,7,1,46,8,1499,1,1,BMW 1 SERIES,3,E01015381,0,1
2024440539299,2024,440539299,1,9,0,3,3,5,8,0,0,1,0,0,0,0,2,1,2,2,2,31,6,1499,1,1,BMW 1 SERIES,9,E01022882,0,1
2024201444691,2024,201444691,2,9,0,-1,19,7,3,-1,0,1,0,0,0,0,1,1,-1,2,1,18,4,1995,2,12,BMW 1 SERIES,2,E01009971,0,1
2024461485295,2024,461485295,2,9,0,-1,3,5,1,-1,0,0,0,0,0,0,4,9,-1,6,1,31,6,1499,1,4,BMW 1 SERIES,2,E01016068,0,2
2024010488771,2024,010488771,1,9,0,18,19,5,1,0,0,0,0,0,0,0,1,1,1,1,1,34,6,1499,1,2,BMW 1 SERIES,5,E01035598,0,2
2024440016375,2024,440016375,1,9,0,16,19,4,7,0,0,0,0,0,1,9,4,1,6,6,1,29,6,1998,1,6,BMW 1 SERIES,10,E01022898,0,2
2024131489517,2024,131489517,1,9,0,-1,12,7,2,-1,0,8,0,0,0,0,3,1,-1,6,1,56,9,1995,2,6,BMW 1 SERIES,7,E01011410,0,2
2024311511696,2024,311511696,2,9,0,-1,19,3,7,-1,0,0,0,0,0,0,1,1,-1,6,1,22,5,1998,1,7,BMW 1 SERIES,8,E01028411,0,2
2024461418343,2024,461418343,2,9,0,-1,19,7,3,-1,0,3,0,0,9,0,2,9,-1,6,1,20,4,1496,2,9,BMW 1 SERIES,7,E01035306,0,1
2024010548496,2024,010548496,1,9,0,18,19,1,5,0,0,8,0,0,0,0,1,1,2,2,1,35,6,1499,1,4,BMW 1 SERIES,8,E01032577,0,1
2024302401091,2024,302401091,1,9,0,16,19,5,2,0,0,0,0,0,0,0,1,1,6,6,1,45,7,1995,2,12,BMW 1 SERIES,5,E01013784,0,4
2024430557499,2024,430557499,1,9,0,5,5,5,1,0,0,0,0,0,0,0,3,1,6,6,1,-1,-1,1995,2,12,BMW 1 SERIES,-1,-1,0,-1
2024201437655,2024,201437655,2,9,0,-1,19,6,2,-1,0,8,0,0,0,0,1,9,-1,6,-1,-1,-1,1995,2,17,BMW 1 SERIES,-1,-1,0,-1
2024010532729,2024,010532729,1,9,0,99,99,9,9,99,99,9,9,99,9,99,9,9,6,6,2,34,6,1596,1,17,BMW 1 SERIES,2,E01001660,0,2
2024201467519,2024,201467519,2,9,0,-1,12,8,4,-1,0,0,0,0,0,0,1,1,-1,9,2,23,5,1496,2,7,BMW 1 SERIES,1,E01009152,0,1
2024451399050,2024,451399050,1,9,0,-1,6,1,5,-1,0,1,0,0,0,0,2,1,-1,9,2,35,6,1995,2,9,BMW 1 SERIES,3,E01030676,0,3
2024010500275,2024,010500275,1,9,0,1,1,7,3,0,0,1,0,0,9,0,2,9,6,6,3,-1,-1,1995,1,19,BMW 1 SERIES,-1,-1,0,-1
2024501506171,2024,501506171,1,9,0,-1,19,1,5,-1,0,0,5,0,5,6,1,1,-1,9,1,22,5,1995,2,14,BMW 1 SERIES,3,E01015245,0,2
2024010514338,2024,010514338,2,9,0,18,19,3,7,0,0,0,0,0,0,0,2,1,6,6,1,24,5,1995,2,7,BMW 1 SERIES,3,E01004350,0,1
2024520403009,2024,520403009,2,9,0,18,19,2,6,0,0,8,1,0,0,0,1,1,6,6,2,28,6,1598,2,10,BMW 1 SERIES,4,E01029152,0,1
2024211455025,2024,211455025,1,9,0,-1,19,1,1,-1,0,6,0,0,0,0,1,1,-1,6,1,34,6,1995,2,10,BMW 1 SERIES,2,E01025291,0,4
2024430624298,2024,430624298,1,9,0,18,19,4,8,0,0,0,0,0,0,0,1,1,6,6,1,30,6,1995,2,13,BMW 1 SERIES,-1,-1,0,-1
2024421439801,2024,421439801,1,9,0,-1,19,5,1,-1,0,1,0,0,0,0,1,9,-1,6,3,-1,-1,1596,1,17,BMW 1 SERIES,-1,-1,0,-1
2024451403070,2024,451403070,1,9,0,-1,19,4,8,-1,0,0,0,0,0,0,3,1,-1,9,1,24,5,1598,1,13,BMW 1 SERIES,4,E01028228,0,5
2024101398247,2024,101398247,1,9,0,-1,19,1,5,-1,0,8,0,0,0,0,1,1,-1,6,1,21,5,1995,2,14,BMW 1 SERIES,1,E01027412,0,2
2024010537823,2024,010537823,3,9,0,18,19,7,3,0,0,4,0,0,0,0,1,1,6,6,1,22,5,1995,2,7,BMW 1 SERIES,2,E01000022,0,1
2024311426362,2024,311426362,2,9,0,-1,19,1,4,-1,0,1,0,0,0,0,1,1,-1,6,1,-1,-1,1995,2,12,BMW 1 SERIES,-1,-1,0,-1
2024010550473,2024,010550473,2,9,0,99,99,9,9,99,99,9,9,99,9,99,2,9,6,6,1,41,7,1499,1,4,BMW 1 SERIES,4,E01000608,0,3
2024501494373,2024,501494373,2,9,0,-1,19,1,5,-1,0,1,0,0,0,0,1,1,-1,9,2,54,8,1995,2,14,BMW 1 SERIES,6,E01020045,0,2
2024440198017,2024,440198017,1,9,0,18,19,1,5,0,0,1,0,0,0,0,1,1,6,6,1,21,5,1995,2,18,BMW 1 SERIES,5,E01023026,0,1
2024201515243,2024,201515243,2,9,0,-1,19,4,8,-1,0,0,0,0,0,0,3,1,-1,6,2,41,7,1998,1,8,BMW 1 SERIES,1,E01033640,0,1
2024461422607,2024,461422607,1,9,0,-1,19,3,7,-1,0,0,0,0,0,0,1,1,-1,6,1,37,7,1995,2,10,BMW 1 SERIES,-1,-1,0,-1
2024461523376,2024,461523376,1,9,0,-1,5,2,6,-1,0,0,0,0,0,0,4,1,-1,9,2,39,7,1598,1,10,BMW 1 SERIES,2,E01024249,0,1
2024371507862,2024,371507862,2,9,0,-1,19,3,7,-1,0,1,0,0,0,0,3,1,-1,6,1,22,5,1995,2,11,BMW 1 SERIES,8,E01030046,0,2
2024401444946,2024,401444946,1,9,0,-1,1,7,3,-1,0,0,0,0,0,0,2,9,-1,6,2,-1,-1,1995,2,13,BMW 1 SERIES,-1,-1,0,-1
2024010498710,2024,010498710,1,9,0,5,5,5,1,0,0,1,0,0,0,0,1,1,6,6,1,33,6,1597,1,16,BMW 1 SERIES,4,E01001174,0,1
2024501398417,2024,501398417,1,9,0,-1,4,2,6,-1,0,1,1,0,0,0,0,9,-1,1,2,35,6,1995,2,4,BMW 1 SERIES,6,E01020160,0,4
2024451412781,2024,451412781,3,9,0,-1,19,7,3,-1,0,0,0,0,0,0,1,1,-1,9,1,31,6,1499,1,8,BMW 1 SERIES,5,E01030677,0,1
2024421402699,2024,421402699,1,9,0,-1,19,2,6,-1,0,7,0,0,0,0,1,9,-1,6,1,-1,-1,1496,2,7,BMW 1 SERIES,-1,-1,0,-1