collision_index,collision_year,collision_ref_no,vehicle_reference,vehicle_type,towing_and_articulation,vehicle_manoeuvre_historic,vehicle_manoeuvre,vehicle_direction_from,vehicle_direction_to,vehicle_location_restricted_lane_historic,vehicle_location_restricted_lane,junction_location,skidding_and_overturning,hit_object_in_carriageway,vehicle_leaving_carriageway,hit_object_off_carriageway,first_point_of_impact,vehicle_left_hand_drive,journey_purpose_of_driver_historic,journey_purpose_of_driver,sex_of_driver,age_of_driver,age_band_of_driver,engine_capacity_cc,propulsion_code,age_of_vehicle,generic_make_model,driver_imd_decile,lsoa_of_driver,escooter_flag,driver_distance_banding
2024501515902,2024,501515902,1,9,0,-1,19,5,1,-1,0,0,0,0,0,0,3,1,-1,9,1,65,9,1499,1,1,BMW 1 SERIES,4,E01020275,0,4
2024161521274,2024,161521274,1,9,0,-1,19,5,1,-1,0,0,0,0,0,0,4,1,-1,6,1,20,4,1995,2,15,BMW 1 SERIES,4,E01013146,0,1
2024031526970,2024,031526970,2,9,0,-1,19,3,7,-1,0,0,0,0,0,0,2,1,-1,6,1,60,9,2996,1,14,BMW 1 SERIES,8,E01005867,0,5
2024071018043,2024,071018043,2,9,0,-1,3,7,3,-1,0,1,0,0,0,0,2,1,-1,2,2,30,6,1995,2,9,BMW 1 SERIES,7,E01018725,0,4
2024141422249,2024,141422249,1,9,0,-1,7,8,2,-1,0,1,0,0,3,0,4,1,-1,9,1,70,10,1995,2,14,BMW 1 SERIES,1,E01033277,0,1
2024010537619,2024,010537619,2,9,0,10,10,6,4,0,0,1,0,0,0,0,3,1,6,6,1,32,6,1995,2,8,BMW 1 SERIES,7,E01002925,0,3
2024211431450,2024,211431450,2,9,0,-1,19,7,3,-1,0,0,0,0,0,0,3,9,-1,6,1,46,8,1499,1,1,BMW 1 SERIES,6,E01010549,0,1
2024451477709,2024,451477709,2,9,0,-1,19,7,3,-1,0,0,0,0,0,0,0,1,-1,6,1,21,5,1995,1,16,BMW 1 SERIES,8,E01030853,0,1
2024302400882,2024,302400882,1,9,0,14,14,8,4,0,0,0,0,0,0,0,1,1,6,6,2,32,6,1995,2,11,BMW 1 SERIES,7,E01019700,0,1
2024461420092,2024,461420092,2,9,0,-1,19,5,8,-1,0,3,1,0,0,0,4,9,-1,9,1,21,5,1995,2,12,BMW 1 SERIES,4,E01016100,0,2
2024101404062,2024,101404062,2,9,0,-1,19,6,2,-1,0,8,0,0,0,0,1,1,-1,9,2,28,6,1995,2,7,BMW 1 SERIES,8,E01008862,0,1
2024991509803,2024,991509803,1,9,0,-1,5,2,6,-1,0,1,0,0,0,0,1,1,-1,6,2,38,7,2000,2,15,BMW 1 SERIES,3,-1,0,1
2024201451559,2024,201451559,2,9,0,-1,2,-1,-1,-1,0,0,0,0,0,0,2,1,-1,6,1,36,7,1499,1,1,BMW 1 SERIES,1,E01009160,0,3
2024371399676,2024,371399676,2,9,0,-1,19,5,1,-1,0,1,1,0,0,0,1,1,-1,2,2,27,6,1499,1,6,BMW 1 SERIES,5,E01030222,0,2
2024471401743,2024,471401743,2,9,0,-1,9,2,8,-1,0,8,0,0,0,0,4,1,-1,6,1,74,10,1995,2,18,BMW 1 SERIES,4,E01031610,0,1
2024201513730,2024,201513730,1,9,0,-1,19,4,8,-1,0,1,0,0,0,0,1,9,-1,9,3,-1,-1,1995,2,13,BMW 1 SERIES,-1,-1,0,-1
2024440273114,2024,440273114,1,9,0,18,19,5,1,0,0,8,0,0,0,0,1,1,6,6,2,52,8,1598,2,12,BMW 1 SERIES,1,E01017118,0,2
2024622400152,2024,622400152,2,9,0,4,4,4,8,0,0,0,0,0,0,0,2,1,6,6,2,33,6,1499,1,3,BMW 1 SERIES,4,W01001001,0,3
2024010540835,2024,010540835,1,9,0,4,4,5,1,0,0,8,0,0,0,0,1,1,6,6,2,49,8,1499,1,8,BMW 1 SERIES,4,E01001156,0,1
2024471396521,2024,471396521,1,9,0,-1,19,2,6,-1,0,0,0,0,0,0,2,1,-1,9,1,22,5,1995,2,9,BMW 1 SERIES,1,E01016880,0,2
2024131532584,2024,131532584,1,9,0,-1,19,1,5,-1,0,8,0,0,0,0,1,1,-1,6,1,28,6,1995,2,9,BMW 1 SERIES,1,E01010966,0,1
2024010542257,2024,010542257,1,9,0,99,99,9,9,99,99,9,9,99,9,99,2,9,2,2,1,33,6,1596,1,18,BMW 1 SERIES,4,E01000113,0,4
2024340NN1882,2024,340NN1882,1,9,0,-1,19,5,1,-1,0,0,1,0,0,0,1,1,-1,9,1,23,5,1598,1,11,BMW 1 SERIES,4,E01027069,0,1
2024440547488,2024,440547488,1,9,0,4,4,1,5,0,0,1,0,0,0,0,2,1,6,6,3,-1,-1,1496,2,8,BMW 1 SERIES,-1,-1,0,-1
2024131576605,2024,131576605,1,9,0,-1,7,1,5,-1,0,0,0,7,0,0,1,1,-1,2,1,28,6,1995,2,11,BMW 1 SERIES,5,E01011147,0,4
2024070215448,2024,070215448,1,9,0,4,4,6,4,0,0,1,0,0,0,0,1,1,6,6,1,30,6,1995,2,6,BMW 1 SERIES,1,E01012436,0,3
2024461405359,2024,461405359,1,9,0,-1,9,7,5,-1,0,0,0,0,0,0,3,9,-1,9,1,39,7,1499,1,1,BMW 1 SERIES,8,E01024827,0,4
2024471535608,2024,471535608,1,9,0,-1,5,8,4,-1,0,5,0,0,0,0,1,1,-1,6,2,41,7,1995,2,15,BMW 1 SERIES,3,E01020996,0,2
2024070871851,2024,070871851,2,9,0,-1,5,4,8,-1,0,1,0,0,0,0,2,1,-1,9,2,35,6,1995,2,10,BMW 1 SERIES,5,E01012541,0,1
2024311406174,2024,311406174,1,9,0,-1,19,2,6,-1,0,0,0,0,0,0,1,9,-1,6,2,-1,-1,1995,1,15,BMW 1 SERIES,-1,-1,0,-1
2024501408127,2024,501408127,2,9,0,-1,19,5,1,-1,0,1,0,0,1,4,1,1,-1,9,2,81,11,1499,1,5,BMW 1 SERIES,4,E01018815,0,1
2024340WN7232,2024,340WN7232,2,9,0,-1,3,5,1,-1,0,0,0,0,0,0,2,1,-1,7,1,27,6,1499,1,6,BMW 1 SERIES,-1,-1,0,-1
2024131514990,2024,131514990,1,9,0,-1,19,3,7,-1,0,1,0,0,0,0,1,1,-1,2,1,22,5,1998,1,6,BMW 1 SERIES,10,E01010646,0,1
2024061485729,2024,061485729,2,9,0,-1,7,8,2,-1,0,1,0,0,0,0,1,1,-1,9,1,59,9,1998,1,0,BMW 1 SERIES,3,E01004777,0,2
2024501445764,2024,501445764,3,9,0,-1,19,4,6,-1,0,0,0,0,0,0,1,1,-1,9,1,53,8,1995,2,10,BMW 1 SERIES,3,E01020294,0,4
2024010509930,2024,010509930,1,9,0,17,19,7,3,0,0,1,2,7,1,4,1,1,6,6,1,21,5,1995,2,9,BMW 1 SERIES,2,E01004324,0,1
2024501414903,2024,501414903,3,9,0,-1,3,6,2,-1,0,1,0,0,9,0,2,9,-1,6,2,-1,-1,1598,1,11,BMW 1 SERIES,-1,-1,0,-1
2024221402467,2024,221402467,1,9,0,-1,19,6,2,-1,0,1,0,0,0,0,1,9,-1,6,2,29,6,1995,2,19,BMW 1 SERIES,8,E01032410,0,3
2024201500543,2024,201500543,2,9,0,-1,3,8,2,-1,0,1,0,0,0,0,2,2,-1,6,2,37,7,1499,1,0,BMW 1 SERIES,6,E01010114,0,2
2024010516768,2024,010516768,1,9,0,5,5,0,8,0,0,8,0,0,0,0,1,1,6,6,1,37,7,1499,1,8,BMW 1 SERIES,4,E01003222,0,2
2024430412550,2024,430412550,2,9,0,18,19,7,3,0,0,1,0,0,0,0,1,1,6,6,2,-1,-1,2996,1,14,BMW 1 SERIES,-1,-1,0,-1
2024010531046,2024,010531046,2,9,0,18,19,6,2,0,0,1,0,0,0,0,4,1,6,6,2,65,9,1499,1,1,BMW 1 SERIES,-1,-1,0,-1
2024111498100,2024,111498100,2,9,0,-1,7,8,2,-1,0,1,0,0,0,0,2,1,-1,9,2,32,6,1499,1,2,BMW 1 SERIES,2,E01034502,0,1
2024461408985,2024,461408985,1,9,0,-1,19,5,1,-1,0,0,0,0,0,0,1,1,-1,1,1,27,6,1995,2,13,BMW 1 SERIES,3,E01021131,0,4
2024311448847,2024,311448847,1,9,0,-1,19,2,6,-1,0,0,0,0,0,0,3,1,-1,1,1,31,6,1995,1,16,BMW 1 SERIES,2,E01028271,0,1
2024991438490,2024,991438490,1,9,0,-1,9,2,8,-1,0,5,0,0,0,0,4,1,-1,9,2,66,10,1499,1,0,BMW 1 SERIES,-1,-1,0,-1
2024520402561,2024,520402561,1,9,0,3,3,8,4,0,0,0,0,0,0,0,2,1,6,6,1,50,8,1496,2,7,BMW 1 SERIES,7,E01029227,0,2
2024622400370,2024,622400370,1,9,0,4,4,1,5,0,0,1,0,0,0,0,1,1,6,6,2,65,9,1598,2,10,BMW 1 SERIES,6,W01001756,0,1
2024071071357,2024,071071357,2,9,0,-1,19,8,4,-1,0,8,0,0,0,0,1,1,-1,6,1,18,4,1496,2,6,BMW 1 SERIES,6,E01007287,0,3
2024221517088,2024,221517088,2,9,0,-1,2,0,0,-1,0,0,0,4,0,0,1,1,-1,9,1,56,9,1995,2,11,BMW 1 SERIES,1,E01010486,0,4
2024461508222,2024,461508222,2,9,0,-1,5,5,3,-1,0,0,0,0,0,0,1,1,-1,9,2,34,6,1499,1,4,BMW 1 SERIES,5,E01021133,0,3
2024401485349,2024,401485349,2,9,0,-1,4,1,5,-1,0,0,0,0,0,0,2,1,-1,1,1,43,7,1995,2,10,BMW 1 SERIES,8,E01028350,0,5
2024201478414,2024,201478414,1,9,0,-1,3,7,3,-1,0,0,0,0,0,0,1,1,-1,6,1,34,6,1995,2,17,BMW 1 SERIES,1,E01009304,0,1
2024010546276,2024,010546276,2,9,0,3,3,5,1,0,0,1,0,0,0,0,2,1,6,6,1,28,6,1499,1,0,BMW 1 SERIES,2,E01004301,0,2
2024440433228,2024,440433228,2,9,0,18,19,7,3,0,0,0,0,0,0,0,1,1,6,6,2,33,6,2000,2,15,BMW 1 SERIES,4,E01023154,0,1
202454B979924,2024,54B979924,1,9,0,18,19,4,8,0,0,0,0,0,4,6,1,1,6,6,1,76,11,1998,1,1,BMW 1 SERIES,9,E01015523,0,2
2024991478224,2024,991478224,1,9,0,-1,9,7,3,-1,0,1,0,0,0,0,1,2,-1,9,1,29,6,1499,1,0,BMW 1 SERIES,-1,-1,0,-1
2024010542804,2024,010542804,1,9,0,99,99,9,9,99,99,6,9,99,9,99,9,9,6,6,3,-1,-1,1598,1,9,BMW 1 SERIES,-1,-1,0,-1
2024471417287,2024,471417287,1,9,0,-1,12,5,1,-1,0,0,1,0,1,0,3,1,-1,2,1,19,4,1995,2,7,BMW 1 SERIES,7,E01021146,0,1
2024501426161,2024,501426161,1,9,0,-1,19,1,5,-1,0,0,1,0,7,0,1,1,-1,6,1,20,4,1995,2,10,BMW 1 SERIES,9,E01020146,0,2
2024201512070,2024,201512070,1,9,0,-1,4,3,7,-1,0,4,0,0,0,0,1,1,-1,9,2,31,6,1496,2,7,BMW 1 SERIES,4,E01009460,0,2
2024010494514,2024,010494514,4,9,0,2,2,0,0,0,0,1,0,0,0,0,4,1,6,6,3,-1,-1,1597,1,16,BMW 1 SERIES,-1,-1,0,-1
2024141405272,2024,141405272,1,9,0,-1,19,5,5,-1,0,0,0,0,0,0,1,1,-1,2,2,43,7,1499,1,6,BMW 1 SERIES,2,E01007881,0,1
2024131460460,2024,131460460,1,9,0,-1,1,3,7,-1,0,8,0,0,0,0,2,1,-1,6,3,-1,-1,1499,1,1,BMW 1 SERIES,-1,-1,0,-1
2024052400538,2024,052400538,2,9,0,4,4,8,4,0,0,0,0,0,0,0,2,1,6,6,2,48,8,1995,2,6,BMW 1 SERIES,1,E01006767,0,1
2024421440345,2024,421440345,1,9,0,-1,19,4,1,-1,0,0,0,0,0,0,1,9,-1,6,1,-1,-1,1499,1,9,BMW 1 SERIES,-1,-1,0,-1
2024010549593,2024,010549593,1,9,0,1,1,9,9,99,99,6,9,99,9,99,2,9,6,6,1,38,7,1596,1,18,BMW 1 SERIES,6,E01003653,0,1
2024141393632,2024,141393632,1,9,0,-1,19,7,3,-1,0,0,0,0,0,0,1,1,-1,9,2,44,7,1499,1,4,BMW 1 SERIES,4,E01034247,0,1
2024440109509,2024,440109509,3,9,0,13,13,4,8,0,0,0,1,0,1,0,4,1,6,6,1,18,4,1995,2,17,BMW 1 SERIES,2,E01023006,0,2
2024041416358,2024,041416358,1,9,0,-1,19,1,5,-1,0,0,0,4,0,0,1,1,-1,9,1,21,5,1995,2,9,BMW 1 SERIES,8,E01024912,0,1
2024010520868,2024,010520868,1,9,0,3,3,1,5,0,0,4,0,0,0,0,1,1,6,6,1,37,7,1995,1,15,BMW 1 SERIES,6,E01003435,0,1
2024010506976,2024,010506976,2,9,0,99,99,9,9,99,99,9,9,99,9,99,9,9,6,6,2,45,7,1499,1,2,BMW 1 SERIES,3,E01003560,0,2
2024610053424,2024,610053424,1,9,0,18,19,4,8,0,0,0,0,0,0,0,1,1,6,6,1,29,6,1995,2,12,BMW 1 SERIES,2,W01001385,0,1
2024520402179,2024,520402179,2,9,0,18,19,7,3,0,0,0,0,0,0,0,1,1,6,6,1,26,6,1995,2,10,BMW 1 SERIES,5,W01001824,0,4
2024101508466,2024,101508466,2,9,0,-1,19,1,5,-1,0,0,0,0,0,0,3,1,-1,6,2,26,6,1496,2,8,BMW 1 SERIES,1,E01033547,0,1
2024471476689,2024,471476689,2,9,0,-1,19,3,7,-1,0,0,0,0,7,10,1,1,-1,9,1,40,7,1496,2,7,BMW 1 SERIES,3,E01021060,0,1
2024101434034,2024,101434034,1,9,0,-1,5,7,3,-1,0,1,0,0,0,0,1,9,-1,6,1,26,6,1995,2,15,BMW 1 SERIES,-1,-1,0,-1
2024451506920,2024,451506920,4,9,0,-1,19,7,3,-1,0,0,0,0,0,0,1,1,-1,6,2,45,7,1995,2,18,BMW 1 SERIES,10,E01016523,0,2
2024010493327,2024,010493327,2,9,0,9,9,5,2,0,0,1,0,0,0,0,1,1,2,2,2,40,7,1496,2,9,BMW 1 SERIES,6,E01002601,0,1
2024061439338,2024,061439338,1,9,0,-1,19,6,2,-1,0,1,0,0,0,0,4,1,-1,6,1,41,7,1995,2,11,BMW 1 SERIES,2,E01005960,0,1
2024221509856,2024,221509856,2,9,0,-1,19,1,5,-1,0,8,0,0,0,0,1,1,-1,6,2,25,5,1496,2,5,BMW 1 SERIES,3,E01014072,0,2
2024010523322,2024,010523322,1,9,0,7,7,7,1,0,0,1,0,0,0,0,1,1,6,6,1,50,8,1596,1,19,BMW 1 SERIES,4,E01001934,0,1
2024543142824,2024,543142824,1,9,0,16,19,6,2,0,0,0,0,0,0,0,3,1,6,6,2,40,7,1995,2,17,BMW 1 SERIES,6,E01032037,0,1
2024302400918,2024,302400918,1,9,0,13,13,2,4,0,0,8,0,0,0,0,4,1,6,6,1,35,6,1995,2,13,BMW 1 SERIES,2,E01013522,0,1
2024161517964,2024,161517964,1,9,0,-1,19,8,4,-1,0,8,0,11,1,11,1,1,-1,9,1,40,7,1499,1,0,BMW 1 SERIES,1,E01035473,0,1
2024010533833,2024,010533833,1,9,0,7,7,3,5,0,0,0,0,0,0,0,1,1,6,6,1,29,6,1499,1,6,BMW 1 SERIES,4,E01000546,0,1
2024010539299,2024,010539299,1,9,0,7,7,1,3,0,0,8,0,11,0,0,1,1,2,2,1,30,6,1598,2,11,BMW 1 SERIES,5,E01004698,0,1
2024131520434,2024,131520434,2,9,0,-1,19,2,6,-1,0,8,0,0,0,0,1,1,-1,6,1,22,5,1496,2,7,BMW 1 SERIES,2,E01007417,0,3
2024340WN4882,2024,340WN4882,2,9,0,-1,19,5,1,-1,0,0,0,0,0,0,2,1,-1,9,1,25,5,1499,1,3,BMW 1 SERIES,6,E01030717,0,5
2024010499291,2024,010499291,2,9,0,18,19,6,2,0,0,8,0,0,7,0,4,1,3,7,1,20,4,1496,2,7,BMW 1 SERIES,4,E01003734,0,1
202454B445624,2024,54B445624,2,9,0,10,10,1,7,0,0,5,0,0,0,0,2,1,6,6,1,42,7,1995,2,12,BMW 1 SERIES,6,E01032692,0,1
2024041418866,2024,041418866,2,9,0,-1,19,2,6,-1,0,1,0,0,0,0,4,1,-1,2,1,23,5,1995,2,16,BMW 1 SERIES,2,E01025292,0,1
2024471425754,2024,471425754,3,9,0,-1,19,5,1,-1,0,1,0,0,0,0,1,1,-1,6,1,-1,-1,1995,2,15,BMW 1 SERIES,5,E01031523,0,2
202417S206424,2024,17S206424,1,9,0,-1,9,1,7,-1,0,8,0,0,1,9,2,1,-1,2,2,40,7,1499,1,4,BMW 1 SERIES,-1,-1,0,-1
2024221476278,2024,221476278,1,9,0,-1,19,6,2,-1,0,0,1,10,1,10,1,1,-1,6,1,24,5,1995,2,17,BMW 1 SERIES,9,E01032349,0,1
2024010510996,2024,010510996,1,9,0,18,19,1,5,0,0,0,0,0,0,0,0,1,6,6,1,30,6,1499,1,1,BMW 1 SERIES,5,E01024156,0,1
2024520403009,2024,520403009,3,9,0,18,19,2,6,0,0,8,1,0,0,0,1,1,6,6,2,21,5,1499,1,8,BMW 1 SERIES,8,E01029145,0,1
2024451455930,2024,451455930,2,9,0,-1,19,5,1,-1,0,0,0,0,0,0,1,2,-1,9,2,26,6,1499,1,7,BMW 1 SERIES,10,E01030695,0,2
2024070405227,2024,070405227,5,9,0,2,2,0,0,0,0,0,0,0,0,0,3,1,6,6,3,-1,-1,1995,2,12,BMW 1 SERIES,2,E01018739,0,1
2024010504911,2024,010504911,1,9,0,9,9,5,3,0,0,8,0,0,0,0,3,1,6,6,1,20,4,1496,2,9,BMW 1 SERIES,5,E01009279,0,5
2024041516547,2024,041516547,1,9,0,-1,19,3,7,-1,0,0,0,0,0,0,1,1,-1,2,1,45,7,1995,2,10,BMW 1 SERIES,1,E01012537,0,4
2024211489289,2024,211489289,2,9,0,-1,19,1,5,-1,0,4,0,0,0,0,2,1,-1,6,2,-1,-1,1496,2,7,BMW 1 SERIES,4,E01029537,0,1
2024101396212,2024,101396212,2,9,0,-1,1,1,5,-1,0,8,0,0,0,0,2,9,-1,6,1,21,5,1995,2,7,BMW 1 SERIES,7,E01008464,0,3
2024231506508,2024,231506508,1,9,0,-1,19,2,4,-1,0,1,0,0,0,0,1,9,-1,6,3,50,8,1995,2,13,BMW 1 SERIES,-1,-1,0,-1
2024320634623,2024,320634623,2,9,0,-1,-1,7,3,0,0,1,1,0,0,0,3,1,-1,-1,2,27,6,1496,2,3,BMW 1 SERIES,9,E01034695,0,4
2024302400425,2024,302400425,2,9,0,2,2,0,0,0,0,0,0,0,0,0,1,1,6,6,1,28,6,1995,2,13,BMW 1 SERIES,10,E01019708,0,1
2024501408059,2024,501408059,1,9,0,-1,12,8,4,-1,0,0,0,0,0,0,0,9,-1,6,1,60,9,1995,2,17,BMW 1 SERIES,4,E01018892,0,3
2024311423053,2024,311423053,1,9,0,-1,1,6,2,-1,0,1,0,0,0,0,2,1,-1,6,3,-1,-1,1600,2,12,BMW 1 SERIES,-1,-1,0,-1
2024131406183,2024,131406183,1,9,0,-1,9,7,1,-1,0,5,0,0,0,0,4,1,-1,9,2,27,6,1995,2,10,BMW 1 SERIES,9,E01011508,0,1
2024361490532,2024,361490532,1,9,0,-1,19,1,5,-1,0,8,0,0,0,0,1,1,-1,9,2,22,5,1995,2,11,BMW 1 SERIES,9,E01035148,0,3
2024010488691,2024,010488691,1,9,0,9,9,7,5,0,0,5,0,0,0,0,1,1,6,6,3,-1,-1,1496,2,9,BMW 1 SERIES,-1,-1,0,-1
2024320504337,2024,320504337,5,9,0,2,2,0,0,0,0,2,0,0,0,0,1,1,6,6,3,-1,-1,1598,1,11,BMW 1 SERIES,-1,-1,0,-1
2024501470402,2024,501470402,1,9,0,-1,13,2,6,-1,0,8,0,0,0,0,1,1,-1,9,2,69,10,1499,1,0,BMW 1 SERIES,-1,-1,0,-1
2024131436221,2024,131436221,1,9,0,-1,5,7,3,-1,0,1,0,0,0,0,0,1,-1,2,2,34,6,1995,2,11,BMW 1 SERIES,1,E01011339,0,1
2024131399138,2024,131399138,1,9,0,-1,19,3,7,-1,0,0,0,0,0,0,4,1,-1,2,2,23,5,1496,2,8,BMW 1 SERIES,4,E01011870,0,3
2024451515828,2024,451515828,1,9,0,-1,9,7,5,-1,0,8,1,0,0,0,1,1,-1,2,1,23,5,1499,1,7,BMW 1 SERIES,4,E01030304,0,1
2024211436498,2024,211436498,2,9,0,-1,3,1,5,-1,0,0,0,10,0,0,2,1,-1,1,1,21,5,1995,2,14,BMW 1 SERIES,5,E01011902,0,5
2024131428080,2024,131428080,1,9,0,-1,-1,4,8,-1,-1,8,-1,-1,-1,0,-1,1,-1,6,1,40,7,1995,2,16,BMW 1 SERIES,3,E01011908,0,1
2024440152036,2024,440152036,2,9,0,18,19,4,8,0,0,8,0,0,0,0,0,1,6,6,1,-1,-1,2000,2,15,BMW 1 SERIES,-1,-1,0,-1
2024131527181,2024,131527181,1,9,0,-1,19,7,3,-1,0,0,0,0,0,0,1,1,-1,9,1,23,5,1995,2,11,BMW 1 SERIES,2,E01011262,0,1
2024430335678,2024,430335678,2,9,0,14,14,5,1,0,0,0,0,0,0,0,3,1,6,6,3,62,9,1499,1,4,BMW 1 SERIES,-1,-1,0,-1
2024010497657,2024,010497657,1,9,0,16,19,3,7,0,0,1,0,11,0,0,1,1,6,6,1,51,8,1995,2,6,BMW 1 SERIES,2,E01002053,0,1
2024221513299,2024,221513299,2,9,0,-1,3,5,1,-1,0,1,0,0,0,0,2,9,-1,2,1,27,6,1995,2,8,BMW 1 SERIES,6,E01014184,0,1
2024201411376,2024,201411376,2,9,0,-1,9,8,6,-1,0,6,0,0,0,0,3,9,-1,9,2,23,5,1995,2,16,BMW 1 SERIES,5,E01025875,0,4
2024201421451,2024,201421451,2,9,0,-1,19,6,2,-1,0,8,0,10,7,0,1,1,-1,6,-1,-1,-1,1995,2,8,BMW 1 SERIES,-1,-1,0,-1
2024622400690,2024,622400690,1,9,0,18,19,2,6,0,0,0,0,0,0,0,1,1,6,6,1,20,4,1995,2,14,BMW 1 SERIES,5,W01001839,0,1
2024522402283,2024,522402283,2,9,0,6,6,1,1,0,0,0,0,0,0,0,3,1,6,6,1,-1,-1,1499,1,3,BMW 1 SERIES,10,E01035220,0,1
2024371464143,2024,371464143,2,9,0,-1,19,2,6,-1,0,1,0,0,0,0,1,1,-1,2,2,58,9,1499,1,4,BMW 1 SERIES,6,E01030056,0,1
2024010519942,2024,010519942,2,9,0,99,99,9,9,99,99,9,9,99,9,99,1,9,6,6,3,-1,-1,1499,1,9,BMW 1 SERIES,-1,-1,0,-1
2024522403216,2024,522403216,2,9,0,18,19,7,3,0,0,8,0,0,0,0,3,1,6,6,2,29,6,1496,2,8,BMW 1 SERIES,8,E01022413,0,1
2024461443943,2024,461443943,1,9,0,-1,19,7,3,-1,0,0,0,0,0,0,1,1,-1,6,1,24,5,1598,1,10,BMW 1 SERIES,6,E01024554,0,2
2024461471702,2024,461471702,1,9,0,-1,19,5,1,-1,0,0,0,0,0,0,1,9,-1,9,1,29,6,1596,1,19,BMW 1 SERIES,7,E01035328,0,4
202417M102724,2024,17M102724,1,9,0,18,19,2,6,0,0,0,0,0,0,0,4,1,6,6,1,33,6,1499,1,3,BMW 1 SERIES,-1,-1,0,-1
2024211412677,2024,211412677,2,9,0,-1,9,4,1,-1,0,8,0,0,0,0,1,1,-1,1,1,64,9,1499,1,1,BMW 1 SERIES,4,E01029892,0,5
2024201451441,2024,201451441,1,9,0,-1,19,5,1,-1,0,8,0,0,0,0,1,9,-1,6,1,20,4,1995,2,15,BMW 1 SERIES,3,E01009216,0,3
2024440380665,2024,440380665,3,9,0,18,19,3,7,0,0,0,0,0,0,0,3,1,2,2,2,40,7,1995,2,12,BMW 1 SERIES,8,E01016370,0,3
2024320617868,2024,320617868,2,9,0,4,4,4,8,0,0,0,0,0,0,0,2,1,-1,-1,1,20,4,1995,2,5,BMW 1 SERIES,4,E01026245,0,2
2024461426807,2024,461426807,1,9,0,-1,13,1,5,-1,0,0,2,0,0,0,2,1,-1,6,1,17,4,1998,1,5,BMW 1 SERIES,6,E01024187,0,1
2024071011370,2024,071011370,2,9,0,-1,3,2,6,-1,0,0,0,0,0,0,2,1,-1,9,1,39,7,1496,2,8,BMW 1 SERIES,3,E01018732,0,3
2024010518288,2024,010518288,1,9,0,99,99,9,9,0,0,0,9,99,9,99,2,9,2,2,1,24,5,1599,1,15,BMW 1 SERIES,9,E01003744,0,3
2024010525030,2024,010525030,2,9,0,99,99,9,9,99,99,9,9,99,9,99,9,9,6,6,3,-1,-1,1598,1,10,BMW 1 SERIES,-1,-1,0,-1
2024411399925,2024,411399925,2,9,0,-1,19,3,7,-1,0,8,0,0,0,0,1,9,-1,6,2,25,5,1995,2,13,BMW 1 SERIES,3,E01017568,0,3
2024211524076,2024,211524076,3,9,0,-1,2,0,0,-1,0,0,0,4,0,0,2,1,-1,6,-1,-1,-1,1995,2,9,BMW 1 SERIES,-1,-1,0,-1
2024351433400,2024,351433400,1,9,0,-1,9,3,1,-1,0,5,0,0,0,0,1,1,-1,6,1,31,6,1995,2,13,BMW 1 SERIES,9,E01018027,0,4
2024010549287,2024,010549287,2,9,0,99,99,9,9,99,99,9,9,99,9,99,1,9,6,6,2,-1,-1,1598,1,11,BMW 1 SERIES,3,E01003582,0,1
2024010498673,2024,010498673,3,9,0,18,19,7,3,0,0,8,0,0,0,0,1,1,6,6,1,24,5,1499,1,9,BMW 1 SERIES,2,E01004239,0,3
2024010501898,2024,010501898,2,9,0,18,19,3,7,0,0,8,0,0,0,0,1,1,2,2,2,27,6,1598,1,11,BMW 1 SERIES,3,E01003302,0,1
2024351433043,2024,351433043,2,9,0,-1,9,1,5,-1,0,1,0,0,0,0,2,1,-1,6,2,37,7,1995,2,10,BMW 1 SERIES,4,E01023592,0,4
2024471393931,2024,471393931,1,9,0,-1,19,1,5,-1,0,0,0,0,1,6,4,1,-1,9,1,20,4,1995,2,17,BMW 1 SERIES,8,E01031393,0,4
2024061415240,2024,061415240,1,9,0,-1,19,2,6,-1,0,0,0,0,0,0,1,1,-1,9,2,20,4,1995,2,13,BMW 1 SERIES,3,E01020871,0,5
2024471517944,2024,471517944,2,9,0,-1,4,7,3,-1,0,0,0,0,0,0,2,1,-1,6,1,30,6,1998,1,7,BMW 1 SERIES,8,E01021209,0,1
2024231538529,2024,231538529,1,9,0,-1,8,5,7,-1,0,1,0,0,0,0,3,1,-1,7,2,44,7,1496,2,8,BMW 1 SERIES,7,E01031099,0,1
2024371439294,2024,371439294,2,9,0,-1,3,5,1,-1,0,0,0,0,0,0,2,1,-1,9,1,21,5,1598,1,11,BMW 1 SERIES,7,E01030207,0,1
2024440516628,2024,440516628,1,9,0,18,19,3,7,0,0,0,1,0,1,2,3,1,6,6,1,31,6,1995,2,15,BMW 1 SERIES,6,E01035451,0,3
2024211467475,2024,211467475,1,9,0,-1,19,2,6,-1,0,0,2,10,1,0,4,1,-1,6,1,19,4,1995,2,12,BMW 1 SERIES,-1,-1,0,-1
2024991481963,2024,991481963,2,9,0,-1,19,4,8,-1,0,0,0,0,0,0,1,1,-1,9,2,34,6,1499,1,5,BMW 1 SERIES,8,-1,0,2
2024041424248,2024,041424248,1,9,0,-1,19,3,7,-1,0,1,0,0,0,0,1,1,-1,2,1,44,7,1499,1,6,BMW 1 SERIES,9,E01025533,0,2
2024101502322,2024,101502322,1,9,0,-1,19,1,5,-1,0,8,0,0,7,0,1,1,-1,6,1,18,4,1995,2,8,BMW 1 SERIES,1,E01008389,0,1