collision_index,collision_year,collision_ref_no,vehicle_reference,vehicle_type,towing_and_articulation,vehicle_manoeuvre_historic,vehicle_manoeuvre,vehicle_direction_from,vehicle_direction_to,vehicle_location_restricted_lane_historic,vehicle_location_restricted_lane,junction_location,skidding_and_overturning,hit_object_in_carriageway,vehicle_leaving_carriageway,hit_object_off_carriageway,first_point_of_impact,vehicle_left_hand_drive,journey_purpose_of_driver_historic,journey_purpose_of_driver,sex_of_driver,age_of_driver,age_band_of_driver,engine_capacity_cc,propulsion_code,age_of_vehicle,generic_make_model,driver_imd_decile,lsoa_of_driver,escooter_flag,driver_distance_banding
2024531469458,2024,531469458,1,9,0,-1,9,5,3,-1,0,8,0,0,0,0,3,1,-1,6,2,65,9,1995,2,14,BMW 1 SERIES,5,E01022218,0,3
2024440309159,2024,440309159,1,9,0,18,19,7,3,0,0,0,5,0,1,2,1,1,6,6,1,25,5,1995,2,12,BMW 1 SERIES,6,E01034729,0,4
2024221396412,2024,221396412,2,9,0,-1,9,8,5,-1,0,4,0,0,0,0,1,9,-1,6,2,59,9,1995,2,12,BMW 1 SERIES,4,E01014026,0,2
2024340WN5382,2024,340WN5382,4,9,0,-1,19,7,3,-1,0,0,0,0,0,0,0,1,-1,6,1,24,5,1598,2,12,BMW 1 SERIES,8,E01027261,0,1
2024041444912,2024,041444912,2,9,0,-1,7,1,5,-1,0,6,0,0,0,0,3,1,-1,6,1,27,6,1496,2,8,BMW 1 SERIES,8,E01025233,0,1
2024610036924,2024,610036924,2,9,0,18,19,2,6,0,0,8,0,0,0,0,1,1,6,6,1,19,4,1598,1,12,BMW 1 SERIES,3,W01001348,0,1
202454B162024,2024,54B162024,1,9,0,9,9,3,7,0,0,6,0,0,0,0,1,1,6,6,2,29,6,1598,1,9,BMW 1 SERIES,3,E01034533,0,1
2024401498563,2024,401498563,2,9,0,-1,19,4,8,-1,0,1,0,0,0,0,0,1,-1,2,1,31,6,1995,2,11,BMW 1 SERIES,5,E01015742,0,1
2024430367406,2024,430367406,1,9,0,11,11,2,6,0,0,0,0,0,1,7,1,1,2,2,1,40,7,1499,1,6,BMW 1 SERIES,6,E01001343,0,4
2024471477849,2024,471477849,1,9,0,-1,19,2,6,-1,0,2,0,0,0,0,4,1,-1,6,2,77,11,1499,1,7,BMW 1 SERIES,9,E01024808,0,3
2024201506599,2024,201506599,1,9,0,-1,19,8,4,-1,0,3,0,0,0,0,4,1,-1,6,2,29,6,1995,2,17,BMW 1 SERIES,3,E01009294,0,1
2024531507241,2024,531507241,2,9,0,-1,7,5,8,-1,0,8,0,0,0,0,1,1,-1,2,1,29,6,1499,1,3,BMW 1 SERIES,10,W01001597,0,4
2024471452743,2024,471452743,2,9,0,-1,9,1,3,-1,0,8,0,0,0,0,4,1,-1,2,2,32,6,1499,1,3,BMW 1 SERIES,5,E01031565,0,1
2024461488880,2024,461488880,1,9,0,-1,7,-1,-1,-1,0,0,0,0,0,0,1,9,-1,6,2,-1,-1,1597,1,16,BMW 1 SERIES,8,E01032825,0,3
2024471484273,2024,471484273,2,9,0,-1,11,2,6,-1,0,0,0,0,0,0,4,1,-1,6,2,70,10,2996,1,15,BMW 1 SERIES,10,E01031581,0,1
2024501441727,2024,501441727,2,9,0,-1,2,0,0,-1,0,0,0,0,1,0,2,1,-1,6,2,30,6,1995,2,5,BMW 1 SERIES,4,E01015258,0,4
2024631441280,2024,631441280,1,9,0,-1,19,6,2,-1,0,0,1,0,1,3,1,1,-1,9,1,19,4,1995,2,16,BMW 1 SERIES,5,W01000717,0,2
2024010543153,2024,010543153,1,9,0,9,9,1,6,0,0,1,0,0,0,0,1,1,6,6,1,47,8,1499,1,6,BMW 1 SERIES,5,E01002546,0,1
2024522401462,2024,522401462,2,9,0,1,1,1,5,0,0,1,0,0,0,0,2,1,6,6,3,-1,-1,1499,1,6,BMW 1 SERIES,-1,-1,0,-1
2024461469011,2024,461469011,2,9,0,-1,3,7,3,-1,0,4,0,0,0,0,2,1,-1,9,2,62,9,1596,1,17,BMW 1 SERIES,-1,-1,0,-1
2024332400301,2024,332400301,2,9,0,-1,19,7,3,-1,2,8,0,0,0,0,4,1,-1,6,1,28,6,1995,2,12,BMW 1 SERIES,2,E01013752,0,1
2024131422510,2024,131422510,1,9,0,-1,11,3,7,-1,0,1,0,0,0,0,3,1,-1,6,3,-1,-1,1995,2,10,BMW 1 SERIES,-1,-1,0,-1
2024501507834,2024,501507834,1,9,0,-1,19,6,2,-1,0,0,5,0,4,1,1,1,-1,9,1,20,4,1995,2,17,BMW 1 SERIES,1,E01026832,0,5
2024461509286,2024,461509286,1,9,0,-1,14,5,1,-1,0,1,0,0,0,0,3,2,-1,6,1,25,5,1995,2,16,BMW 1 SERIES,5,E01024206,0,3
2024401545136,2024,401545136,1,9,0,-1,19,1,5,-1,0,0,0,0,0,0,1,1,-1,6,1,34,6,1995,2,5,BMW 1 SERIES,5,E01034428,0,3
2024991535886,2024,991535886,1,9,0,-1,9,4,2,-1,0,6,0,0,0,0,1,1,-1,6,1,33,6,1499,1,3,BMW 1 SERIES,9,-1,0,1
2024010506110,2024,010506110,3,9,0,2,2,0,0,0,0,0,0,0,1,0,2,1,6,6,3,-1,-1,1598,1,10,BMW 1 SERIES,-1,-1,0,-1
2024320650722,2024,320650722,2,9,0,-1,-1,2,6,0,0,3,0,0,1,10,4,1,-1,-1,1,18,4,1998,1,6,BMW 1 SERIES,8,E01032992,0,2
2024361509148,2024,361509148,1,9,0,-1,9,3,3,-1,0,0,0,0,0,0,2,1,-1,1,2,23,5,1995,2,10,BMW 1 SERIES,5,E01026728,0,1
2024061400984,2024,061400984,1,9,0,-1,9,5,3,-1,0,1,0,0,0,0,1,1,-1,9,1,20,4,1596,1,17,BMW 1 SERIES,1,E01034234,0,3
2024461442062,2024,461442062,1,9,0,-1,4,8,3,-1,0,0,0,0,0,0,2,9,-1,6,2,-1,-1,1995,1,14,BMW 1 SERIES,7,E01024403,0,1
2024320039702,2024,320039702,3,9,0,2,2,0,0,0,0,0,0,0,0,0,1,1,6,6,3,-1,-1,1499,1,7,BMW 1 SERIES,-1,-1,0,-1
2024221512518,2024,221512518,1,9,0,-1,19,2,6,-1,0,0,1,0,1,2,1,9,-1,6,1,37,7,1995,2,12,BMW 1 SERIES,5,E01032205,0,4
2024131501039,2024,131501039,1,9,0,-1,9,1,5,-1,0,0,1,0,0,0,1,1,-1,9,1,37,7,1995,2,15,BMW 1 SERIES,3,E01011488,0,1
2024122400654,2024,122400654,1,9,0,16,19,1,4,0,0,0,0,0,0,0,1,1,6,6,1,56,9,1499,1,0,BMW 1 SERIES,-1,-1,0,-1
2024010522707,2024,010522707,1,9,0,4,4,3,7,0,0,1,0,0,0,0,1,1,2,2,1,25,5,1499,1,7,BMW 1 SERIES,8,E01003815,0,1
2024221460499,2024,221460499,5,9,0,-1,19,6,4,-1,0,0,0,0,0,0,1,1,-1,6,1,47,8,1995,2,10,BMW 1 SERIES,3,E01013532,0,5
2024201492708,2024,201492708,2,9,0,-1,19,8,4,-1,0,8,0,10,7,0,4,1,-1,9,1,28,6,1496,2,9,BMW 1 SERIES,2,E01010051,0,1
2024991408115,2024,991408115,1,9,0,-1,19,5,1,-1,0,8,0,0,1,0,3,1,-1,9,1,18,4,1496,2,8,BMW 1 SERIES,7,-1,0,3
2024522500447,2024,522500447,1,9,0,18,19,6,2,0,0,0,0,0,0,0,2,1,6,6,1,40,7,1499,1,8,BMW 1 SERIES,5,E01014613,0,1
2024201423439,2024,201423439,1,9,0,-1,1,6,2,-1,0,0,0,0,0,0,2,1,-1,6,2,40,7,1499,1,5,BMW 1 SERIES,-1,-1,0,-1
2024522403273,2024,522403273,2,9,0,3,3,4,8,0,0,8,0,0,0,0,2,1,6,6,1,28,6,1995,2,10,BMW 1 SERIES,2,E01014526,0,1
2024552401405,2024,552401405,2,9,0,4,4,5,8,0,0,0,0,0,0,0,2,1,6,6,1,32,6,1995,2,13,BMW 1 SERIES,-1,-1,0,-1
2024542905524,2024,542905524,1,9,0,18,19,8,4,0,0,0,1,0,4,6,3,1,6,6,2,18,4,1598,2,11,BMW 1 SERIES,2,E01033845,0,1
2024631435258,2024,631435258,1,9,0,-1,19,6,2,-1,0,0,0,0,1,4,1,1,-1,6,1,33,6,1995,2,14,BMW 1 SERIES,5,W01000647,0,2
2024231484261,2024,231484261,2,9,0,-1,19,8,4,-1,0,0,0,0,0,0,2,9,-1,6,1,29,6,1499,1,6,BMW 1 SERIES,6,E01007185,0,5
2024010508971,2024,010508971,1,9,0,99,99,9,9,99,99,0,9,99,9,99,1,9,6,6,3,-1,-1,1499,1,5,BMW 1 SERIES,5,E01002440,0,2
2024411458217,2024,411458217,5,9,0,-1,3,5,1,-1,0,0,0,0,0,0,2,1,-1,6,1,39,7,1499,1,2,BMW 1 SERIES,10,E01017447,0,2
2024501460976,2024,501460976,2,9,0,-1,99,8,3,-1,0,4,9,0,0,0,1,1,-1,6,1,22,5,1995,2,15,BMW 1 SERIES,2,E01015082,0,4
2024231501164,2024,231501164,2,9,0,-1,19,4,8,-1,0,8,0,0,0,0,1,1,-1,6,1,79,11,1995,1,17,BMW 1 SERIES,4,E01031050,0,1
2024061516740,2024,061516740,1,9,0,-1,19,1,1,-1,0,0,0,0,0,0,1,1,-1,6,1,30,6,1995,2,16,BMW 1 SERIES,4,E01005877,0,1
2024010515134,2024,010515134,6,9,0,2,2,0,0,0,0,0,0,0,0,0,4,1,6,6,3,-1,-1,1598,1,11,BMW 1 SERIES,-1,-1,0,-1
2024010526461,2024,010526461,2,9,0,7,7,1,4,0,0,1,0,0,0,0,4,1,6,6,1,24,5,1499,1,7,BMW 1 SERIES,4,E01003529,0,2
2024010541892,2024,010541892,2,9,0,9,9,7,5,1,1,5,0,0,0,0,4,1,6,6,1,34,6,1499,1,9,BMW 1 SERIES,-1,-1,0,-1
2024010508144,2024,010508144,1,9,0,9,9,3,1,2,2,5,0,0,0,0,1,2,1,1,1,66,10,1499,1,7,BMW 1 SERIES,3,E01004023,0,1
2024201460116,2024,201460116,2,9,0,-1,7,8,2,-1,0,6,0,0,0,0,4,9,-1,6,2,31,6,1598,2,11,BMW 1 SERIES,1,E01009110,0,1
2024501522972,2024,501522972,1,9,0,-1,19,7,3,-1,0,3,0,0,0,0,1,1,-1,2,1,36,7,1499,1,0,BMW 1 SERIES,7,E01020209,0,3
2024010547489,2024,010547489,3,9,0,4,4,5,1,0,0,0,1,4,0,0,3,1,6,6,1,23,5,1499,1,8,BMW 1 SERIES,3,E01001004,0,1
2024351394803,2024,351394803,2,9,0,-1,12,-1,-1,-1,0,1,0,10,0,0,4,9,-1,2,2,29,6,1598,2,10,BMW 1 SERIES,3,E01018180,0,4
2024201496686,2024,201496686,1,9,0,-1,19,6,2,-1,0,1,0,4,0,0,3,1,-1,6,2,-1,-1,1995,2,11,BMW 1 SERIES,7,E01009417,0,1
2024041458877,2024,041458877,1,9,0,-1,19,-1,-1,-1,0,0,0,0,0,0,1,1,-1,6,2,22,5,1995,2,14,BMW 1 SERIES,2,E01004813,0,4
2024010494953,2024,010494953,1,9,0,9,9,5,3,0,0,8,0,0,0,0,1,1,6,6,2,34,6,1998,1,5,BMW 1 SERIES,10,E01035555,0,4
2024131426026,2024,131426026,1,9,0,-1,19,3,7,-1,0,1,0,0,0,0,1,1,-1,9,1,24,5,1995,2,17,BMW 1 SERIES,8,E01027558,0,4
2024451523651,2024,451523651,1,9,0,-1,3,2,4,-1,0,0,0,0,0,0,2,1,-1,9,1,31,6,1598,1,11,BMW 1 SERIES,5,E01030484,0,3
2024332400160,2024,332400160,2,9,0,-1,19,3,7,-1,0,0,1,0,0,0,1,1,-1,6,2,55,8,1995,2,12,BMW 1 SERIES,8,E01025888,0,1
2024552400758,2024,552400758,2,9,0,4,4,2,6,0,0,0,0,0,0,0,2,1,6,6,1,34,6,1995,2,15,BMW 1 SERIES,8,E01020376,0,1
2024070159002,2024,070159002,1,9,0,18,19,6,2,0,0,0,0,7,0,1,1,1,6,6,2,38,7,1597,1,17,BMW 1 SERIES,3,E01018489,0,1
2024440421606,2024,440421606,1,9,0,18,19,8,4,0,0,0,0,0,0,0,2,1,6,6,3,-1,-1,1995,2,9,BMW 1 SERIES,-1,-1,0,-1
2024221486322,2024,221486322,1,9,0,-1,19,1,5,-1,0,0,1,0,0,0,3,1,-1,6,1,22,5,1995,2,9,BMW 1 SERIES,9,E01014022,0,1
2024440218819,2024,440218819,4,9,0,2,2,0,0,6,6,0,0,0,0,0,3,1,6,6,3,-1,-1,1598,1,10,BMW 1 SERIES,-1,-1,0,-1
2024401435002,2024,401435002,1,9,0,-1,19,6,2,-1,0,0,0,0,0,0,1,1,-1,6,1,35,6,1499,1,0,BMW 1 SERIES,5,E01002440,0,4
2024421439339,2024,421439339,1,9,0,-1,5,8,4,-1,0,0,0,0,0,0,1,1,-1,9,1,28,6,1995,1,13,BMW 1 SERIES,3,E01015986,0,3
2024041449878,2024,041449878,3,9,0,-1,2,0,0,-1,0,0,0,0,0,0,2,1,-1,6,-1,-1,-1,1995,2,10,BMW 1 SERIES,-1,-1,0,-1
2024552400323,2024,552400323,2,9,0,18,19,6,2,0,0,8,0,0,0,0,1,1,6,6,2,34,6,1995,2,11,BMW 1 SERIES,5,E01020534,0,3
2024010493387,2024,010493387,2,9,0,99,99,9,9,0,0,1,0,0,0,0,9,1,6,6,1,40,7,1499,1,1,BMW 1 SERIES,3,E01001726,0,1
2024471487812,2024,471487812,1,9,0,-1,19,5,1,-1,0,8,0,0,7,7,1,1,-1,9,1,25,5,1995,2,10,BMW 1 SERIES,7,E01031398,0,1
2024552400410,2024,552400410,1,9,0,9,9,2,8,0,0,6,0,0,0,0,3,1,6,6,2,28,6,1599,1,15,BMW 1 SERIES,4,E01034271,0,1
2024320106704,2024,320106704,2,9,0,-1,-1,4,8,0,0,0,0,0,0,0,3,1,6,6,1,55,8,1496,2,4,BMW 1 SERIES,3,E01026068,0,1
2024351431724,2024,351431724,1,9,0,-1,13,1,5,-1,0,0,1,0,1,0,1,1,-1,6,1,53,8,1499,1,1,BMW 1 SERIES,5,E01018106,0,3
202417M118324,2024,17M118324,1,9,0,-1,4,6,2,-1,0,0,0,0,0,0,2,1,-1,2,1,25,5,1499,1,3,BMW 1 SERIES,9,E01032593,0,2
2024122400772,2024,122400772,4,9,0,2,2,0,0,0,0,0,0,0,0,0,2,1,6,6,1,21,5,1499,1,6,BMW 1 SERIES,7,E01013346,0,1
2024421529901,2024,421529901,1,9,0,-1,5,1,5,-1,0,1,0,0,0,0,1,1,-1,6,2,54,8,1995,1,14,BMW 1 SERIES,5,E01021954,0,1
2024371451735,2024,371451735,1,9,0,-1,5,2,2,-1,0,0,0,0,0,0,2,1,-1,6,2,53,8,1995,2,16,BMW 1 SERIES,6,E01029874,0,3
2024041463500,2024,041463500,2,9,0,-1,19,1,6,-1,0,1,0,0,0,0,4,1,-1,1,2,32,6,1995,2,6,BMW 1 SERIES,6,E01012659,0,2
2024201411393,2024,201411393,1,9,0,-1,19,5,1,-1,0,0,0,0,0,0,1,1,-1,9,1,25,5,1995,2,14,BMW 1 SERIES,3,E01010411,0,1
2024070226333,2024,070226333,2,9,0,3,3,2,6,0,0,0,0,0,0,0,2,1,1,1,2,57,9,1995,1,15,BMW 1 SERIES,9,E01018737,0,2
2024010521942,2024,010521942,1,9,0,18,19,5,1,0,0,6,0,0,0,0,1,1,6,6,1,31,6,1598,1,12,BMW 1 SERIES,-1,-1,0,-1
2024201453399,2024,201453399,2,9,0,-1,8,1,3,-1,0,4,0,0,0,0,2,9,-1,9,1,27,6,1995,2,13,BMW 1 SERIES,2,E01034746,0,1
2024421432238,2024,421432238,1,9,0,-1,19,7,3,-1,0,0,0,0,0,0,1,1,-1,9,2,48,8,1597,1,17,BMW 1 SERIES,7,E01021505,0,1
2024411460468,2024,411460468,2,9,0,-1,19,5,1,-1,0,1,0,0,0,0,1,1,-1,7,2,35,6,1499,1,5,BMW 1 SERIES,6,E01023317,0,1
2024501490710,2024,501490710,2,9,0,-1,19,3,7,-1,0,1,0,0,0,0,1,1,-1,9,2,52,8,2000,2,15,BMW 1 SERIES,2,E01020039,0,4
2024131398054,2024,131398054,1,9,0,-1,19,5,1,-1,0,0,0,10,1,2,4,1,-1,9,1,23,5,1496,2,6,BMW 1 SERIES,7,E01011512,0,1
2024041505061,2024,041505061,1,9,0,-1,9,7,3,-1,0,8,1,0,0,0,4,1,-1,6,2,38,7,1995,2,16,BMW 1 SERIES,3,E01024879,0,1
2024010526387,2024,010526387,1,9,0,99,99,9,9,99,99,9,9,99,9,99,2,9,6,6,2,26,6,1499,1,5,BMW 1 SERIES,9,E01030728,0,3
2024440542405,2024,440542405,1,9,0,10,10,3,1,0,0,1,0,0,0,0,2,1,6,6,2,55,8,1499,1,8,BMW 1 SERIES,7,E01017323,0,1
202417M218424,2024,17M218424,2,9,0,-1,8,2,8,-1,0,8,0,0,0,0,1,1,-1,9,1,24,5,1995,2,11,BMW 1 SERIES,-1,-1,0,-1
2024010511183,2024,010511183,2,9,0,18,19,1,5,0,0,1,0,4,0,0,3,1,6,6,1,30,6,1598,1,10,BMW 1 SERIES,4,E01002030,0,1
2024371534978,2024,371534978,1,9,0,-1,19,5,1,-1,0,0,0,0,1,0,3,1,-1,6,2,31,6,1995,2,9,BMW 1 SERIES,3,E01029998,0,4
2024411445366,2024,411445366,1,9,0,-1,11,5,1,-1,0,0,0,0,0,0,1,1,-1,1,2,45,7,1598,2,11,BMW 1 SERIES,5,E01033838,0,4
2024201444702,2024,201444702,1,9,0,-1,9,1,6,-1,0,6,0,0,0,0,1,9,-1,6,1,-1,-1,1598,2,11,BMW 1 SERIES,-1,-1,0,-1
2024371404856,2024,371404856,1,9,0,-1,19,3,7,-1,0,2,0,0,0,0,1,1,-1,6,1,24,5,1596,1,19,BMW 1 SERIES,-1,-1,0,-1
2024141455705,2024,141455705,1,9,0,-1,19,7,3,-1,0,1,0,0,0,0,1,1,-1,6,1,-1,-1,2000,2,15,BMW 1 SERIES,-1,-1,0,-1
2024010534999,2024,010534999,2,9,0,99,99,9,9,99,99,9,9,99,9,99,9,9,6,6,1,24,5,1499,1,7,BMW 1 SERIES,8,E01003831,0,2
2024061416576,2024,061416576,2,9,0,-1,19,1,5,-1,0,0,0,0,0,0,1,1,-1,9,1,50,8,1496,2,7,BMW 1 SERIES,8,E01005557,0,1
2024131573973,2024,131573973,1,9,0,-1,5,5,1,-1,0,8,0,0,0,0,3,1,-1,9,2,25,5,1995,2,9,BMW 1 SERIES,3,E01006533,0,4
2024131412639,2024,131412639,1,9,0,-1,9,1,3,-1,0,5,0,0,0,0,1,1,-1,2,1,28,6,1995,2,16,BMW 1 SERIES,1,E01010702,0,1
2024411474258,2024,411474258,2,9,0,-1,7,5,7,-1,0,1,0,0,0,0,0,1,-1,6,2,30,6,1995,2,7,BMW 1 SERIES,4,E01023403,0,1
2024631428503,2024,631428503,1,9,0,-1,19,5,1,-1,0,0,0,0,0,0,1,1,-1,6,1,25,5,1995,2,13,BMW 1 SERIES,4,W01000636,0,3
2024522401341,2024,522401341,1,9,0,18,19,3,7,0,0,8,0,0,0,0,2,1,6,6,2,30,6,1499,1,5,BMW 1 SERIES,4,E01014746,0,1
2024411532299,2024,411532299,1,9,0,-1,19,1,5,-1,0,0,0,0,0,0,1,1,-1,1,1,25,5,1499,1,7,BMW 1 SERIES,2,E01023860,0,1
2024461425228,2024,461425228,2,9,0,-1,19,5,1,-1,0,0,0,0,0,0,3,1,-1,7,2,31,6,1496,2,7,BMW 1 SERIES,8,E01016082,0,2
2024010538466,2024,010538466,1,9,0,3,3,5,1,0,0,0,0,0,0,0,2,1,2,2,2,36,7,1496,2,9,BMW 1 SERIES,5,E01000512,0,1
2024201490570,2024,201490570,1,9,0,-1,13,4,8,-1,0,0,0,0,0,0,3,1,-1,6,1,24,5,1598,1,11,BMW 1 SERIES,1,E01009028,0,1
2024501478070,2024,501478070,1,9,0,-1,19,2,6,-1,0,0,0,0,0,0,1,1,-1,9,1,20,4,1995,2,17,BMW 1 SERIES,5,E01018785,0,1
2024421520210,2024,421520210,2,9,0,-1,9,3,1,-1,0,6,0,0,0,0,3,1,-1,9,1,51,8,1499,1,1,BMW 1 SERIES,3,E01021811,0,3
2024421438847,2024,421438847,1,9,0,-1,19,7,3,-1,0,0,0,0,0,0,1,1,-1,9,1,74,10,1499,1,7,BMW 1 SERIES,8,E01021708,0,1
2024451394924,2024,451394924,1,9,0,-1,6,8,8,-1,0,8,0,0,0,0,1,1,-1,9,2,81,11,1499,1,7,BMW 1 SERIES,10,E01030341,0,1
2024501429288,2024,501429288,1,9,0,-1,19,1,5,-1,0,0,2,0,4,0,3,1,-1,6,1,25,5,1995,2,15,BMW 1 SERIES,2,E01015182,0,4
2024161414019,2024,161414019,2,9,0,-1,19,2,6,-1,0,0,0,0,0,0,3,1,-1,9,1,22,5,1596,1,17,BMW 1 SERIES,3,E01013164,0,4
202454E863324,2024,54E863324,4,9,0,18,19,7,3,0,0,1,0,0,0,0,1,1,6,6,1,25,5,1499,1,6,BMW 1 SERIES,8,E01020491,0,4
2024201433144,2024,201433144,2,9,0,-1,3,8,4,-1,0,1,0,0,0,0,2,1,-1,6,1,30,6,1598,2,10,BMW 1 SERIES,-1,-1,0,-1
2024041435653,2024,041435653,1,9,0,-1,19,5,1,-1,0,0,0,0,0,0,1,1,-1,6,2,21,5,1496,2,4,BMW 1 SERIES,7,E01025462,0,1
2024531458543,2024,531458543,3,9,0,-1,19,1,5,-1,0,0,0,0,0,0,1,1,-1,6,2,53,8,2000,2,15,BMW 1 SERIES,9,E01022183,0,3
2024320198612,2024,320198612,1,9,0,-1,-1,2,6,0,0,0,1,4,7,0,4,1,-1,-1,1,20,4,1598,2,11,BMW 1 SERIES,5,E01026373,0,1
2024201440243,2024,201440243,2,9,0,-1,9,4,2,-1,0,5,0,0,0,0,1,9,-1,6,1,-1,-1,1597,1,16,BMW 1 SERIES,-1,-1,0,-1
2024010503649,2024,010503649,1,9,0,99,99,9,9,99,99,9,9,99,9,99,9,9,6,6,1,32,6,1995,2,5,BMW 1 SERIES,4,E01003529,0,2
2024201443115,2024,201443115,2,9,0,-1,10,8,6,-1,0,8,0,0,0,0,3,1,-1,9,1,25,5,1499,1,4,BMW 1 SERIES,1,E01010066,0,2
2024461520816,2024,461520816,1,9,0,-1,19,1,2,-1,0,0,2,0,1,9,4,1,-1,9,1,20,4,1598,1,10,BMW 1 SERIES,5,E01016029,0,1
2024201523281,2024,201523281,1,9,0,-1,19,3,7,-1,0,0,0,0,0,0,1,1,-1,6,1,25,5,1995,2,16,BMW 1 SERIES,-1,-1,0,-1
2024351474187,2024,351474187,1,9,0,-1,19,-1,-1,-1,0,2,-1,-1,-1,0,1,1,-1,6,1,-1,-1,1995,2,13,BMW 1 SERIES,5,E01026132,0,5
2024430315635,2024,430315635,2,9,0,3,3,5,1,0,0,1,0,0,0,0,2,1,2,2,1,27,6,1995,2,12,BMW 1 SERIES,10,E01017631,0,2
2024052401720,2024,052401720,1,9,0,7,7,5,7,0,0,3,0,0,6,0,1,1,6,6,2,50,8,1496,2,9,BMW 1 SERIES,4,E01006843,0,3
2024061462825,2024,061462825,2,9,0,-1,99,-1,-1,-1,0,0,9,99,0,0,1,1,-1,6,3,-1,-1,1496,2,6,BMW 1 SERIES,-1,-1,0,-1
2024440077393,2024,440077393,1,9,0,17,19,4,8,0,0,0,1,0,1,4,1,1,6,6,2,19,4,1995,2,17,BMW 1 SERIES,8,E01022755,0,3
2024131502983,2024,131502983,2,9,0,-1,19,1,5,-1,0,8,0,0,0,0,4,1,-1,9,2,41,7,1995,2,11,BMW 1 SERIES,6,E01033696,0,1
2024332400059,2024,332400059,1,9,0,-1,4,2,6,-1,0,4,0,0,0,0,2,1,-1,6,1,42,7,1995,2,12,BMW 1 SERIES,3,E01025997,0,3
2024451462546,2024,451462546,1,9,0,-1,19,1,5,-1,0,0,0,0,0,0,1,1,-1,2,1,26,6,1995,2,16,BMW 1 SERIES,7,E01030968,0,1
2024141467987,2024,141467987,1,9,0,-1,1,1,5,-1,0,1,0,0,0,0,2,1,-1,6,2,41,7,1995,2,5,BMW 1 SERIES,6,E01007703,0,1
202454C329224,2024,54C329224,1,9,0,18,19,4,8,0,0,0,0,0,0,0,1,1,6,6,2,27,6,1995,2,15,BMW 1 SERIES,8,E01031941,0,1
2024361474295,2024,361474295,1,9,0,-1,19,1,6,-1,0,2,0,0,4,0,3,1,-1,2,2,23,5,1995,2,17,BMW 1 SERIES,3,E01034767,0,1
2024101412679,2024,101412679,2,9,0,-1,2,0,0,-1,0,0,0,4,0,0,2,1,-1,9,2,61,9,1995,2,11,BMW 1 SERIES,9,E01020717,0,3
2024122400436,2024,122400436,1,9,0,1,1,3,7,0,0,0,0,0,0,0,2,1,6,6,2,31,6,1995,2,16,BMW 1 SERIES,1,E01027819,0,1
2024361440520,2024,361440520,1,9,0,-1,19,7,3,-1,0,0,2,0,1,0,1,1,-1,6,1,28,6,1598,1,11,BMW 1 SERIES,8,E01026895,0,2
2024320682548,2024,320682548,2,9,0,7,7,2,3,0,0,5,0,0,0,0,2,2,-1,-1,1,17,4,1496,2,5,BMW 1 SERIES,4,E01026067,0,1
2024141519424,2024,141519424,1,9,0,-1,3,5,1,-1,0,1,0,0,0,0,3,1,-1,9,2,51,8,1995,2,10,BMW 1 SERIES,3,E01007458,0,1
2024010515429,2024,010515429,2,9,0,99,99,9,9,99,99,0,9,99,9,99,1,9,6,6,3,-1,-1,1496,2,9,BMW 1 SERIES,-1,-1,0,-1
2024052401667,2024,052401667,1,9,0,9,9,1,7,0,0,6,0,0,0,0,4,1,6,6,1,-1,-1,1496,2,8,BMW 1 SERIES,4,E01006641,0,1
2024010514263,2024,010514263,1,9,0,9,9,1,7,0,0,8,0,0,0,0,4,1,6,6,1,22,5,1496,2,2,BMW 1 SERIES,2,E01000484,0,3
2024471473198,2024,471473198,1,9,0,-1,19,1,5,-1,0,1,0,0,1,0,1,1,-1,9,1,27,6,1598,1,11,BMW 1 SERIES,4,E01020935,0,4
2024221495835,2024,221495835,1,9,0,-1,19,2,6,-1,0,8,5,10,1,10,1,1,-1,6,1,51,8,1995,2,8,BMW 1 SERIES,4,E01028836,0,3
2024010504825,2024,010504825,1,9,0,18,19,3,7,0,0,8,0,0,0,0,1,1,6,6,2,36,7,1499,1,4,BMW 1 SERIES,3,E01002774,0,1
2024201459438,2024,201459438,1,9,0,-1,19,8,4,-1,0,8,0,0,0,0,4,1,-1,6,2,56,9,1598,1,11,BMW 1 SERIES,-1,-1,0,-1
2024461475913,2024,461475913,1,9,0,-1,19,1,5,-1,0,4,2,10,1,0,1,1,-1,9,2,21,5,1995,1,16,BMW 1 SERIES,7,E01032822,0,1
202417S112324,2024,17S112324,2,9,0,-1,9,3,1,-1,0,8,0,0,0,0,0,1,-1,6,1,-1,-1,1995,2,11,BMW 1 SERIES,-1,-1,0,-1
2024010497908,2024,010497908,2,9,0,2,2,0,0,6,6,2,0,0,0,0,1,1,6,6,3,-1,-1,1499,1,6,BMW 1 SERIES,-1,-1,0,-1
2024991496503,2024,991496503,2,9,0,-1,4,7,3,-1,0,0,0,0,0,0,2,1,-1,2,1,66,10,1995,2,14,BMW 1 SERIES,6,-1,0,4
2024622400225,2024,622400225,1,9,0,9,9,6,4,0,0,8,0,0,0,0,3,1,6,6,1,58,9,1496,2,8,BMW 1 SERIES,1,W01001707,0,1
2024041426298,2024,041426298,1,9,0,-1,19,5,1,-1,0,1,0,0,0,0,1,1,-1,9,1,18,4,1496,2,3,BMW 1 SERIES,8,E01005570,0,3
2024141446776,2024,141446776,2,9,0,-1,10,5,3,-1,0,8,0,0,0,0,3,1,-1,9,2,32,6,1496,2,9,BMW 1 SERIES,1,E01007377,0,1