collision_index,collision_year,collision_ref_no,vehicle_reference,vehicle_type,towing_and_articulation,vehicle_manoeuvre_historic,vehicle_manoeuvre,vehicle_direction_from,vehicle_direction_to,vehicle_location_restricted_lane_historic,vehicle_location_restricted_lane,junction_location,skidding_and_overturning,hit_object_in_carriageway,vehicle_leaving_carriageway,hit_object_off_carriageway,first_point_of_impact,vehicle_left_hand_drive,journey_purpose_of_driver_historic,journey_purpose_of_driver,sex_of_driver,age_of_driver,age_band_of_driver,engine_capacity_cc,propulsion_code,age_of_vehicle,generic_make_model,driver_imd_decile,lsoa_of_driver,escooter_flag,driver_distance_banding
2024052402133,2024,052402133,1,9,0,18,19,7,3,0,0,0,0,0,0,0,1,1,6,6,3,-1,-1,1995,2,14,BMW 1 SERIES,-1,-1,0,-1
2024010532211,2024,010532211,2,9,0,2,2,0,0,0,0,1,0,0,0,0,1,1,6,6,3,-1,-1,2000,1,16,BMW 1 SERIES,-1,-1,0,-1
2024461398780,2024,461398780,6,9,0,-1,19,3,7,-1,0,0,0,0,0,0,4,9,-1,6,1,37,7,1499,1,7,BMW 1 SERIES,6,E01024282,0,2
2024552400006,2024,552400006,1,9,0,18,19,8,4,0,0,0,0,0,7,11,4,1,6,6,1,21,5,1995,2,10,BMW 1 SERIES,7,E01020498,0,3
2024122400731,2024,122400731,2,9,0,18,19,3,7,0,0,1,0,0,7,0,4,1,2,2,1,58,9,1995,1,13,BMW 1 SERIES,10,E01010648,0,4
2024010520244,2024,010520244,2,9,0,18,19,5,1,0,0,1,0,0,0,0,1,1,6,6,1,34,6,1499,1,0,BMW 1 SERIES,-1,-1,0,-1
2024221527665,2024,221527665,1,9,0,-1,19,6,2,-1,0,2,1,0,0,0,1,1,-1,6,3,23,5,1995,2,14,BMW 1 SERIES,-1,-1,0,-1
2024010523142,2024,010523142,3,9,0,7,7,3,5,0,0,8,0,99,0,0,4,1,6,6,2,75,10,2996,1,14,BMW 1 SERIES,8,E01001918,0,1
2024501521390,2024,501521390,1,9,0,-1,19,7,3,-1,0,2,0,0,0,0,3,1,-1,6,2,46,8,1995,2,10,BMW 1 SERIES,3,E01020285,0,1
2024401517774,2024,401517774,2,9,0,-1,19,7,3,-1,0,0,0,0,0,0,1,1,-1,2,1,46,8,1499,1,4,BMW 1 SERIES,9,E01033824,0,3
2024010517958,2024,010517958,2,9,0,18,19,3,7,0,0,1,0,0,0,0,1,1,6,6,3,-1,-1,1496,2,8,BMW 1 SERIES,-1,-1,0,-1
2024471414015,2024,471414015,2,9,0,-1,9,8,7,-1,0,8,0,0,0,0,1,9,-1,6,1,50,8,1995,1,13,BMW 1 SERIES,6,E01021058,0,2
2024471478468,2024,471478468,2,9,0,-1,19,7,5,-1,0,0,0,0,0,0,1,1,-1,6,1,23,5,1598,1,11,BMW 1 SERIES,3,E01016909,0,1
2024451465755,2024,451465755,1,9,0,-1,19,3,1,-1,0,0,0,0,0,0,3,1,-1,9,1,66,10,1995,1,17,BMW 1 SERIES,9,E01030635,0,1
2024201532611,2024,201532611,2,9,0,-1,6,8,4,-1,0,8,0,0,0,0,1,1,-1,6,1,21,5,1995,2,12,BMW 1 SERIES,5,E01009711,0,1
2024161416639,2024,161416639,1,9,0,-1,19,8,3,-1,0,1,0,0,0,0,1,9,-1,2,2,51,8,1499,1,2,BMW 1 SERIES,9,E01013016,0,1
2024010531578,2024,010531578,1,9,0,99,99,9,9,99,99,9,9,99,9,99,1,9,6,6,3,37,7,1499,1,7,BMW 1 SERIES,8,E01003446,0,1
2024070463500,2024,070463500,1,9,0,18,19,8,3,0,0,8,0,0,0,0,4,1,6,6,1,68,10,1496,2,9,BMW 1 SERIES,9,E01018518,0,1
202460Q044752,2024,60Q044752,2,9,0,10,10,1,5,0,0,1,0,0,0,0,2,1,6,6,2,24,5,1995,2,9,BMW 1 SERIES,-1,-1,0,-1
2024101472575,2024,101472575,2,9,0,-1,-1,-1,-1,-1,-1,0,-1,-1,-1,0,2,1,-1,6,2,24,5,1598,2,10,BMW 1 SERIES,-1,-1,0,-1
2024351473947,2024,351473947,1,9,0,-1,13,7,3,-1,0,0,0,0,0,0,1,1,-1,6,2,20,4,2000,2,12,BMW 1 SERIES,10,E01017995,0,1
2024111462046,2024,111462046,2,9,0,-1,4,6,8,-1,0,0,0,0,0,0,4,1,-1,9,2,49,8,1499,1,3,BMW 1 SERIES,4,E01020904,0,1
2024411501926,2024,411501926,3,9,0,-1,19,3,7,-1,0,0,0,0,0,0,2,1,-1,6,1,23,5,1499,1,2,BMW 1 SERIES,2,E01003507,0,4
2024031456648,2024,031456648,1,9,0,-1,19,1,5,-1,0,0,0,0,5,6,3,1,-1,9,2,21,5,1598,1,11,BMW 1 SERIES,10,-1,0,5
2024201513998,2024,201513998,1,9,0,-1,3,2,6,-1,0,0,0,0,0,0,1,1,-1,6,1,-1,-1,1995,2,12,BMW 1 SERIES,-1,-1,0,-1
2024340WN3202,2024,340WN3202,1,9,0,-1,19,7,3,-1,0,0,0,4,0,0,1,1,-1,9,2,55,8,1995,2,9,BMW 1 SERIES,7,E01027135,0,2
2024010545315,2024,010545315,2,9,0,99,99,9,9,99,99,9,9,99,9,99,1,9,6,6,3,-1,-1,2996,1,13,BMW 1 SERIES,-1,-1,0,-1
2024520402733,2024,520402733,1,9,0,18,19,3,7,0,0,0,0,0,0,0,4,1,6,6,1,27,6,1499,1,9,BMW 1 SERIES,9,E01029076,0,1
2024231530620,2024,231530620,1,9,0,-1,19,5,1,-1,0,8,0,0,0,0,3,1,-1,6,2,51,8,1499,1,4,BMW 1 SERIES,6,E01031167,0,1
2024052402653,2024,052402653,2,9,0,18,19,3,7,0,0,0,0,0,0,0,4,1,2,2,2,45,7,1496,2,9,BMW 1 SERIES,6,E01012501,0,2
2024302401341,2024,302401341,2,9,0,3,3,4,8,0,0,2,0,0,0,0,2,1,6,6,2,43,7,1995,2,12,BMW 1 SERIES,3,E01013531,0,1
2024461438503,2024,461438503,1,9,0,-1,4,1,5,-1,0,0,1,0,0,0,1,1,-1,9,1,20,4,1596,1,19,BMW 1 SERIES,-1,-1,0,-1
2024451440864,2024,451440864,2,9,0,-1,19,5,1,-1,0,0,0,0,0,0,1,1,-1,9,2,52,8,1499,1,1,BMW 1 SERIES,1,E01005123,0,5
2024131394493,2024,131394493,2,9,0,-1,19,3,7,-1,0,1,0,0,1,0,3,1,-1,6,1,28,6,1499,1,5,BMW 1 SERIES,5,E01011065,0,1
2024471437140,2024,471437140,4,9,0,-1,19,2,6,-1,0,0,0,0,7,10,1,1,-1,2,1,48,8,1995,2,1,BMW 1 SERIES,10,E01031745,0,4
2024161484825,2024,161484825,1,9,0,-1,15,4,8,-1,0,0,0,0,0,0,4,1,-1,9,1,43,7,1995,2,16,BMW 1 SERIES,4,E01013314,0,2
2024520403328,2024,520403328,2,9,0,18,19,7,2,0,0,0,0,0,0,0,1,1,6,6,2,25,5,1998,1,0,BMW 1 SERIES,7,E01029164,0,3
2024010510699,2024,010510699,1,9,0,18,19,5,1,0,0,2,0,0,0,0,1,1,6,6,1,24,5,1995,1,13,BMW 1 SERIES,3,E01001113,0,1
2024501435987,2024,501435987,1,9,0,-1,19,5,1,-1,0,3,0,0,0,0,1,1,-1,9,2,21,5,1995,2,14,BMW 1 SERIES,6,E01015132,0,1
2024221463933,2024,221463933,1,9,0,-1,19,8,4,-1,0,6,0,0,0,0,1,1,-1,6,1,36,7,1995,2,10,BMW 1 SERIES,4,E01032440,0,1
2024501414798,2024,501414798,1,9,0,-1,19,3,7,-1,0,0,1,0,0,0,2,1,-1,9,1,18,4,1995,2,17,BMW 1 SERIES,3,E01018993,0,2
2024010520664,2024,010520664,5,9,0,2,2,0,0,0,0,1,0,0,0,0,3,1,6,6,3,-1,-1,1499,1,5,BMW 1 SERIES,-1,-1,0,-1
2024461457669,2024,461457669,1,9,0,-1,19,1,5,-1,0,0,5,0,1,0,1,1,-1,9,1,22,5,1995,2,13,BMW 1 SERIES,2,E01024390,0,2
2024010523829,2024,010523829,1,9,0,5,5,3,7,0,0,8,0,99,9,99,9,9,6,6,1,61,9,1596,1,18,BMW 1 SERIES,-1,-1,0,-1
2024991480222,2024,991480222,2,9,0,-1,19,3,1,-1,0,0,0,0,0,0,1,1,-1,9,1,74,10,1499,1,1,BMW 1 SERIES,10,-1,0,4
2024302400622,2024,302400622,1,9,0,18,19,7,3,0,0,7,1,0,1,3,1,1,6,6,1,18,4,1995,2,16,BMW 1 SERIES,8,E01019868,0,1
2024010517797,2024,010517797,2,9,0,-1,-1,7,3,0,0,1,0,0,0,0,0,1,6,6,1,33,6,1995,1,14,BMW 1 SERIES,5,E01002443,0,4
2024010497763,2024,010497763,1,9,9,99,99,9,9,99,99,9,9,99,9,99,9,1,6,6,3,-1,-1,1995,2,8,BMW 1 SERIES,-1,-1,0,-1
2024622400791,2024,622400791,1,9,0,18,19,8,4,0,0,8,0,0,0,0,4,1,6,6,1,36,7,1995,2,14,BMW 1 SERIES,3,W01000767,0,1
2024010543820,2024,010543820,1,9,0,18,19,7,3,0,0,3,1,10,0,0,1,1,6,6,1,20,4,1496,2,9,BMW 1 SERIES,4,E01021808,0,2
2024070183650,2024,070183650,1,9,0,14,14,1,6,0,0,1,0,0,0,0,1,1,6,6,1,25,5,1598,1,10,BMW 1 SERIES,5,E01018613,0,1
2024211494729,2024,211494729,2,9,0,-1,19,1,5,-1,0,1,1,0,0,0,1,1,-1,6,1,42,7,1496,2,8,BMW 1 SERIES,9,E01029744,0,2
2024991484005,2024,991484005,2,9,0,-1,19,5,1,-1,0,1,0,0,0,0,1,1,-1,9,1,20,4,1995,2,11,BMW 1 SERIES,-1,-1,0,-1
2024411485010,2024,411485010,2,9,0,-1,4,-1,-1,-1,0,4,-1,-1,1,0,1,9,-1,6,2,31,6,1995,2,11,BMW 1 SERIES,6,E01023390,0,1
2024041504856,2024,041504856,1,9,0,-1,19,2,4,-1,0,0,1,0,7,10,1,1,-1,6,1,32,6,1995,2,14,BMW 1 SERIES,7,E01024999,0,4
2024131482381,2024,131482381,1,9,0,-1,19,1,5,-1,0,8,0,0,1,2,1,1,-1,6,1,38,7,1995,2,10,BMW 1 SERIES,10,E01011649,0,3
2024461417912,2024,461417912,1,9,0,-1,19,4,8,-1,0,0,0,0,0,0,1,9,-1,6,1,38,7,1496,2,9,BMW 1 SERIES,8,E01024313,0,1
2024461475215,2024,461475215,1,9,0,-1,14,6,3,-1,0,0,1,4,0,0,3,1,-1,9,2,41,7,1995,2,14,BMW 1 SERIES,4,E01024262,0,3
2024320711278,2024,320711278,1,9,0,-1,-1,2,6,0,0,0,0,0,0,0,1,1,-1,-1,1,50,8,1598,1,11,CHEVROLET CRUZE,9,E01034695,0,4
2024302401660,2024,302401660,1,9,0,16,19,2,5,0,0,0,0,0,0,0,1,1,6,6,1,42,7,1598,1,14,CHEVROLET CRUZE,1,E01005657,0,4
2024471406002,2024,471406002,1,9,0,-1,19,2,7,-1,0,1,0,0,0,0,1,1,-1,6,1,34,6,1991,2,14,CHEVROLET CRUZE,6,E01035334,0,1
2024461544934,2024,461544934,1,9,0,-1,2,0,0,-1,0,1,0,0,0,0,1,1,-1,9,1,26,6,1598,1,13,CHEVROLET CRUZE,5,E01024357,0,1
2024201444989,2024,201444989,2,9,0,-1,3,7,3,-1,0,0,0,0,0,0,2,1,-1,6,1,27,6,1598,1,15,CHEVROLET CRUZE,8,E01002328,0,5
2024311510693,2024,311510693,1,9,0,-1,7,1,7,-1,0,8,0,0,0,0,1,1,-1,6,2,71,10,1598,1,11,CHEVROLET CRUZE,9,E01028063,0,1
202460Q180690,2024,60Q180690,3,9,0,18,19,8,4,0,0,1,0,0,0,0,0,1,6,6,1,25,5,1686,2,11,CHEVROLET CRUZE,-1,-1,0,-1
2024201520463,2024,201520463,2,9,0,-1,19,8,1,-1,0,0,0,0,0,0,3,1,-1,6,1,-1,-1,1598,1,13,CHEVROLET CRUZE,1,E01010527,0,1
2024451459740,2024,451459740,1,9,0,-1,2,5,1,-1,0,0,0,0,0,0,2,1,-1,6,1,26,6,1598,1,11,CHEVROLET CRUZE,2,E01027105,0,5
2024010519734,2024,010519734,2,9,0,99,99,9,9,99,99,9,9,99,9,99,1,9,6,6,3,-1,-1,1598,1,14,CHEVROLET CRUZE,-1,-1,0,-1
2024471520013,2024,471520013,1,9,0,-1,19,3,7,-1,0,0,0,0,0,0,1,1,-1,9,1,26,6,1991,2,14,CHEVROLET CRUZE,5,E01020936,0,3
2024991408203,2024,991408203,2,9,0,-1,19,6,2,-1,0,0,0,0,0,0,4,1,-1,9,2,62,9,1598,1,12,CHEVROLET CRUZE,6,-1,0,3
2024430353406,2024,430353406,1,9,0,18,19,2,6,0,0,1,0,0,0,0,1,1,6,6,1,-1,-1,1991,2,14,CHEVROLET CRUZE,-1,-1,0,-1
2024461439095,2024,461439095,1,9,0,-1,1,1,5,-1,0,0,0,4,0,0,2,1,-1,6,1,25,5,1991,2,15,CHEVROLET CRUZE,-1,-1,0,-1
2024031426894,2024,031426894,1,9,0,-1,9,8,5,-1,0,2,0,0,8,0,3,1,-1,9,1,84,11,1598,1,10,CHEVROLET CRUZE,-1,-1,0,-1
2024552400781,2024,552400781,1,9,0,18,19,8,4,0,0,0,0,0,1,4,1,1,2,2,2,48,8,1598,1,11,CHEVROLET CRUZE,1,E01015307,0,3
2024041474745,2024,041474745,2,9,0,-1,19,1,5,-1,0,8,0,0,0,0,1,1,-1,9,1,65,9,1598,1,14,CHEVROLET CRUZE,5,E01025235,0,1
2024010530421,2024,010530421,2,9,0,99,99,9,9,99,99,9,9,99,9,99,9,9,6,6,1,-1,-1,1598,1,12,CHEVROLET CRUZE,7,E01001678,0,1
2024131403024,2024,131403024,2,9,0,-1,2,0,0,-1,0,1,0,0,0,0,1,1,-1,6,-1,-1,-1,1686,2,11,CHEVROLET CRUZE,-1,-1,0,-1
2024991531489,2024,991531489,1,9,0,-1,19,2,6,-1,0,8,0,0,7,11,1,1,-1,6,2,77,11,1598,1,13,CHEVROLET CRUZE,-1,-1,0,-1
2024302401121,2024,302401121,2,9,0,9,9,6,4,0,0,8,0,0,0,0,1,1,6,6,2,37,7,1686,2,11,CHEVROLET CRUZE,3,E01019672,0,4
2024010512678,2024,010512678,2,9,0,99,99,9,9,99,99,9,9,99,9,99,9,9,6,6,3,-1,-1,1796,1,11,CHEVROLET CRUZE,-1,-1,0,-1
2024371427049,2024,371427049,1,9,0,-1,19,7,3,-1,0,1,0,0,0,0,1,1,-1,6,1,43,7,1598,1,13,CHEVROLET CRUZE,10,E01030084,0,1
2024010513713,2024,010513713,1,9,0,14,14,7,3,0,0,9,0,0,0,0,1,9,6,6,3,-1,-1,1598,1,13,CHEVROLET CRUZE,-1,-1,0,-1
2024501528312,2024,501528312,1,9,0,-1,19,7,3,-1,0,0,0,0,0,0,1,1,-1,1,1,31,6,1991,2,14,CHEVROLET CRUZE,4,E01020052,0,2
2024311435456,2024,311435456,1,9,0,-1,5,8,4,-1,0,8,0,0,0,0,1,1,-1,6,1,57,9,1991,2,14,CHEVROLET CRUZE,1,E01013860,0,2
2024501418245,2024,501418245,2,9,0,-1,14,2,6,-1,0,0,0,4,0,0,3,1,-1,6,1,31,6,1598,1,11,CHEVROLET CRUZE,4,E01020100,0,1
2024451509630,2024,451509630,2,9,0,-1,19,5,1,-1,0,0,9,0,3,0,1,1,-1,6,1,27,6,1598,1,13,CHEVROLET CRUZE,4,E01001373,0,4
2024052401489,2024,052401489,1,9,0,9,9,2,8,0,0,8,0,0,0,0,1,1,6,6,1,28,6,1598,1,11,CHEVROLET CRUZE,1,E01006763,0,1
2024231501129,2024,231501129,2,17,4,-1,9,6,4,-1,0,5,0,0,0,0,3,1,-1,1,1,25,5,6788,2,5,CLAAS MODEL MISSING,7,-1,0,5
2024041459654,2024,041459654,1,17,5,-1,19,3,7,-1,0,0,0,0,0,0,2,1,-1,2,1,72,10,6788,2,8,CLAAS MODEL MISSING,7,E01024921,0,1
2024031472848,2024,031472848,2,17,4,-1,19,3,8,-1,0,2,0,0,0,0,1,1,-1,1,1,20,4,6788,2,1,CLAAS MODEL MISSING,1,E01019231,0,2
202417L109524,2024,17L109524,1,17,4,-1,19,6,2,-1,0,0,0,0,0,0,3,1,-1,1,1,59,9,15600,2,1,CLAAS MODEL MISSING,-1,-1,0,-1
2024461500881,2024,461500881,2,90,5,-1,19,1,4,-1,0,0,0,0,0,0,1,1,-1,1,1,57,9,6788,2,5,CLAAS MODEL MISSING,7,E01024459,0,2
2024991446755,2024,991446755,1,17,4,-1,9,5,3,-1,0,6,0,0,0,0,1,1,-1,1,1,38,7,6788,2,4,CLAAS MODEL MISSING,6,-1,0,4
2024361484043,2024,361484043,2,17,5,-1,19,3,7,-1,0,0,0,0,0,0,3,1,-1,1,1,55,8,16150,2,0,CLAAS MODEL MISSING,3,E01026694,0,4
2024501477798,2024,501477798,1,17,0,-1,5,3,7,-1,-1,0,0,0,0,0,0,1,-1,1,1,25,5,6788,2,1,CLAAS MODEL MISSING,4,E01018979,0,4
2024991439916,2024,991439916,3,17,4,-1,4,4,1,-1,0,1,0,0,0,0,1,1,-1,1,1,28,6,6788,2,5,CLAAS MODEL MISSING,3,-1,0,1
2024351418060,2024,351418060,2,17,0,-1,19,8,4,-1,0,0,5,0,1,9,2,1,-1,1,1,38,7,4525,2,9,CLAAS MODEL MISSING,6,E01018020,0,1
2024070493631,2024,070493631,2,17,0,10,10,2,5,0,0,0,0,0,0,0,1,1,1,1,1,28,6,1560,2,3,CLAAS MODEL MISSING,7,E01018429,0,1
2024501458590,2024,501458590,2,17,0,-1,19,1,5,-1,0,0,0,0,0,0,2,2,-1,1,1,57,9,3621,2,2,CLAAS MODEL MISSING,5,E01020308,0,1
2024440306223,2024,440306223,2,17,0,18,19,1,5,0,0,0,0,0,0,0,1,1,1,1,1,51,8,16000,2,9,CLAAS MODEL MISSING,8,E01032855,0,1
2024211473402,2024,211473402,1,17,0,-1,19,5,1,-1,0,0,0,0,0,0,1,1,-1,1,1,24,5,16000,2,15,CLAAS MODEL MISSING,8,E01018515,0,2
2024991498132,2024,991498132,1,17,4,-1,9,1,7,-1,0,8,0,0,0,0,1,1,-1,1,1,22,5,6788,2,2,CLAAS MODEL MISSING,8,-1,0,1
2024461428485,2024,461428485,1,19,0,-1,9,8,5,-1,0,5,0,0,7,0,1,9,-1,1,1,26,6,1997,2,4,MAKE AND MODEL REDACTED,3,E01017242,0,5
2024440383200,2024,440383200,2,19,0,4,4,8,4,0,0,2,0,0,0,0,2,1,6,6,1,-1,-1,1997,2,4,MAKE AND MODEL REDACTED,-1,-1,0,-1
2024010517547,2024,010517547,1,19,0,18,19,5,1,0,0,2,0,0,0,0,3,1,6,6,1,57,9,1997,2,4,MAKE AND MODEL REDACTED,5,E01001085,0,1
2024221516706,2024,221516706,2,19,0,-1,1,2,6,-1,0,0,0,0,0,0,0,9,-1,6,3,45,7,1598,2,6,MAKE AND MODEL REDACTED,-1,-1,0,-1
2024440381314,2024,440381314,1,19,0,4,4,1,5,0,0,8,0,0,0,0,1,1,1,1,1,33,6,1997,2,3,MAKE AND MODEL REDACTED,9,E01022782,0,4
2024131513281,2024,131513281,3,19,0,-1,2,5,5,-1,0,1,0,4,0,0,2,1,-1,6,-1,-1,-1,1997,2,3,MAKE AND MODEL REDACTED,-1,-1,0,-1
2024010537195,2024,010537195,2,19,0,5,5,3,7,0,0,1,0,0,0,0,3,1,1,1,1,26,6,1997,2,3,MAKE AND MODEL REDACTED,3,E01034144,0,2
2024531442839,2024,531442839,2,9,0,-1,3,2,6,-1,0,1,0,0,0,0,2,1,-1,6,1,35,6,1997,2,3,MAKE AND MODEL REDACTED,2,E01022133,0,1
2024010503316,2024,010503316,1,9,0,3,3,5,1,0,0,0,0,0,0,0,2,1,6,6,1,30,6,2143,2,8,MAKE AND MODEL REDACTED,3,E01035653,0,1
2024221509191,2024,221509191,1,9,0,-1,9,6,3,-1,0,7,0,0,0,0,1,1,-1,9,1,77,11,2143,2,7,MAKE AND MODEL REDACTED,5,E01022258,0,2
2024010516959,2024,010516959,1,9,0,99,99,9,9,99,99,0,9,99,9,99,2,9,6,6,3,-1,-1,2143,2,8,MAKE AND MODEL REDACTED,-1,-1,0,-1
2024061441309,2024,061441309,2,9,0,-1,9,6,3,-1,0,8,0,0,0,0,3,1,-1,9,1,53,8,2143,2,6,MAKE AND MODEL REDACTED,3,E01006002,0,1
2024302500237,2024,302500237,1,9,0,-1,5,8,5,-1,0,1,0,0,0,0,4,1,-1,1,2,42,7,2143,2,9,MAKE AND MODEL REDACTED,10,E01019412,0,4
2024351504310,2024,351504310,1,19,-1,-1,-1,-1,-1,-1,-1,-1,-1,-1,-1,0,-1,1,-1,6,1,34,6,6728,2,7,IVECO EUROCARGO,2,E01027151,0,4
2024010537934,2024,010537934,2,20,0,3,3,1,5,0,0,1,0,0,0,0,0,1,1,1,1,33,6,4485,2,5,IVECO EUROCARGO,10,E01035360,0,4
2024471469523,2024,471469523,2,20,0,-1,9,6,2,-1,0,0,0,0,0,0,3,1,-1,1,1,37,7,4485,2,6,IVECO EUROCARGO,2,E01021178,0,3
2024070267493,2024,070267493,3,19,0,3,3,4,8,0,0,0,0,0,0,0,2,1,1,1,1,60,9,-1,-1,-1,IVECO EUROCARGO,8,E01006886,0,4
2024010504199,2024,010504199,2,20,1,99,99,9,9,99,99,9,9,99,9,99,9,9,6,6,1,-1,-1,4485,2,2,IVECO EUROCARGO,8,E01030704,0,1
2024070777334,2024,070777334,2,20,0,-1,19,4,2,-1,0,2,0,0,0,0,1,1,-1,1,1,59,9,4485,2,5,IVECO EUROCARGO,-1,-1,0,-1
2024622400161,2024,622400161,2,19,0,18,19,8,4,0,0,0,0,0,0,0,2,1,1,1,1,50,8,4485,2,5,IVECO EUROCARGO,4,W01001158,0,3
2024501449697,2024,501449697,2,21,0,-1,2,0,0,-1,0,0,0,0,0,0,0,1,-1,6,-1,-1,-1,6728,2,6,IVECO EUROCARGO,-1,-1,0,-1
2024332400484,2024,332400484,1,20,0,-1,7,7,1,-1,0,6,0,0,0,0,4,1,-1,1,1,43,7,4485,2,4,IVECO EUROCARGO,8,E01025888,0,3
2024991459514,2024,991459514,2,98,0,-1,19,8,4,-1,0,0,0,0,0,0,4,1,-1,1,1,65,9,4485,2,4,IVECO EUROCARGO,8,E01025277,0,5
2024010535264,2024,010535264,2,20,0,-1,-1,1,5,0,0,9,0,99,9,99,9,1,6,6,1,30,6,4485,2,10,IVECO EUROCARGO,4,E01023447,0,4
2024010535461,2024,010535461,3,20,0,2,2,0,0,0,0,0,0,0,0,0,2,1,6,6,3,-1,-1,6728,2,6,IVECO EUROCARGO,-1,-1,0,-1
2024231414704,2024,231414704,1,21,1,-1,19,2,6,-1,0,0,1,0,1,4,1,1,-1,1,1,26,6,4485,2,8,IVECO EUROCARGO,1,E01009309,0,4
2024211484359,2024,211484359,1,20,0,-1,5,8,4,-1,0,0,0,0,0,0,1,1,-1,1,1,38,7,4485,2,1,IVECO EUROCARGO,1,E01009107,0,4
2024070988515,2024,070988515,2,21,0,-1,5,5,2,-1,0,8,0,0,0,0,1,1,-1,1,1,50,8,6728,2,1,IVECO EUROCARGO,-1,-1,0,-1
2024340WN6982,2024,340WN6982,2,20,0,-1,5,5,1,-1,0,0,0,0,0,0,2,1,-1,1,1,58,9,4485,2,9,IVECO EUROCARGO,5,E01027123,0,3
2024440439727,2024,440439727,1,21,0,5,5,7,3,0,0,6,0,0,0,0,2,1,1,1,1,36,7,6728,2,5,IVECO EUROCARGO,2,E01008173,0,5
2024461464720,2024,461464720,1,21,0,-1,19,3,7,-1,0,8,0,0,0,0,1,9,-1,6,1,-1,-1,4485,2,4,IVECO EUROCARGO,-1,-1,0,-1
2024411407609,2024,411407609,2,19,0,-1,19,5,1,-1,0,7,0,0,0,0,4,1,-1,1,1,54,8,6728,2,5,IVECO EUROCARGO,7,E01029995,0,5
2024231459706,2024,231459706,2,20,0,-1,19,8,4,-1,0,0,0,0,7,4,1,1,-1,1,1,57,9,4485,2,2,IVECO EUROCARGO,7,E01022205,0,4
2024141482816,2024,141482816,1,90,0,-1,3,4,8,-1,0,0,0,0,0,0,3,1,-1,1,1,42,7,-1,-1,-1,IVECO EUROCARGO,1,E01008055,0,2
2024421465272,2024,421465272,1,21,0,-1,19,4,8,-1,0,0,0,0,0,0,1,1,-1,1,1,62,9,4485,2,3,IVECO EUROCARGO,5,E01033095,0,5
2024522403029,2024,522403029,1,21,0,1,1,2,6,0,0,1,0,0,0,0,0,1,1,1,1,37,7,6728,2,5,IVECO EUROCARGO,1,E01014595,0,2
2024010543487,2024,010543487,3,20,0,18,19,7,3,0,0,0,0,0,0,0,0,1,1,1,1,68,10,6728,2,0,IVECO EUROCARGO,5,E01002394,0,4
2024531406971,2024,531406971,2,21,0,-1,19,1,5,-1,0,0,0,0,0,0,2,1,-1,1,1,52,8,6728,2,3,IVECO EUROCARGO,6,E01031169,0,4
2024501469599,2024,501469599,2,98,0,-1,19,3,6,-1,0,0,0,0,0,0,2,9,-1,6,1,59,9,4485,2,4,IVECO EUROCARGO,1,E01024397,0,5
2024991453923,2024,991453923,2,21,0,-1,2,5,1,-1,0,0,0,2,0,0,2,1,-1,1,1,30,6,6728,2,2,IVECO EUROCARGO,3,-1,0,4
2024471450896,2024,471450896,2,98,0,-1,2,0,0,-1,0,2,0,0,0,0,0,1,-1,6,-1,-1,-1,4485,2,0,IVECO EUROCARGO,-1,-1,0,-1
2024440128855,2024,440128855,1,21,0,4,4,7,3,0,0,0,0,0,0,0,2,1,1,1,1,23,5,6728,2,7,IVECO EUROCARGO,8,E01022983,0,1
2024061493897,2024,061493897,2,98,0,-1,19,3,7,-1,0,0,0,0,0,0,1,1,-1,1,1,55,8,4485,2,7,IVECO EUROCARGO,7,E01005691,0,3
2024221430525,2024,221430525,2,21,0,-1,19,1,5,-1,0,0,0,0,0,0,3,9,-1,1,1,50,8,4485,2,3,IVECO EUROCARGO,2,E01014071,0,4
2024351538785,2024,351538785,1,9,0,-1,9,3,1,-1,0,8,0,0,0,0,3,1,-1,6,1,70,10,-1,3,0,MAKE AND MODEL REDACTED,2,E01018071,0,1
2024122400868,2024,122400868,1,5,0,16,19,5,8,0,0,0,1,0,7,0,0,1,6,6,1,33,6,799,1,4,MAKE AND MODEL REDACTED,1,E01012175,0,4
2024531484716,2024,531484716,1,5,0,-1,13,8,4,-1,0,0,0,0,0,0,0,1,-1,6,1,54,8,799,1,4,MAKE AND MODEL REDACTED,8,E01032709,0,3
2024549896324,2024,549896324,1,5,0,18,19,2,6,0,0,0,0,0,1,0,1,1,2,2,1,34,6,799,1,4,MAKE AND MODEL REDACTED,9,E01034543,0,2
2024531406760,2024,531406760,1,3,0,-1,19,6,2,-1,0,8,0,0,0,0,0,1,-1,6,1,29,6,123,1,9,MAKE AND MODEL REDACTED,7,E01014037,0,1
2024201458121,2024,201458121,2,3,0,-1,4,4,8,-1,0,1,1,0,0,0,1,1,-1,6,1,19,4,123,1,8,MAKE AND MODEL REDACTED,3,E01010249,0,1
2024010510348,2024,010510348,1,3,0,99,99,9,9,99,99,9,9,99,9,99,9,1,6,6,1,44,7,123,1,8,MAKE AND MODEL REDACTED,2,E01003330,0,2
2024501502536,2024,501502536,2,3,0,-1,4,1,5,-1,0,0,1,0,0,0,1,1,-1,6,1,47,8,123,1,7,MAKE AND MODEL REDACTED,1,E01015231,0,3