collision_index,collision_year,collision_ref_no,vehicle_reference,vehicle_type,towing_and_articulation,vehicle_manoeuvre_historic,vehicle_manoeuvre,vehicle_direction_from,vehicle_direction_to,vehicle_location_restricted_lane_historic,vehicle_location_restricted_lane,junction_location,skidding_and_overturning,hit_object_in_carriageway,vehicle_leaving_carriageway,hit_object_off_carriageway,first_point_of_impact,vehicle_left_hand_drive,journey_purpose_of_driver_historic,journey_purpose_of_driver,sex_of_driver,age_of_driver,age_band_of_driver,engine_capacity_cc,propulsion_code,age_of_vehicle,generic_make_model,driver_imd_decile,lsoa_of_driver,escooter_flag,driver_distance_banding
2024471424119,2024,471424119,1,3,0,-1,19,3,6,-1,0,0,0,0,0,0,1,1,-1,9,1,18,4,123,1,9,MAKE AND MODEL REDACTED,3,E01031372,0,1
2024320272090,2024,320272090,2,3,0,-1,-1,6,2,0,0,1,5,0,0,0,1,1,-1,-1,1,19,4,125,1,4,LEXMOTO ZSX,6,E01027902,0,4
2024332400596,2024,332400596,1,4,0,-1,19,8,4,-1,0,4,1,0,3,1,1,1,-1,6,1,37,7,124,1,11,LEXMOTO ZSX,1,E01013688,0,1
2024332400387,2024,332400387,1,3,0,-1,19,2,6,-1,0,0,0,0,0,0,3,1,-1,6,2,50,8,125,1,4,LEXMOTO ZSX,8,E01025755,0,1
2024421518854,2024,421518854,2,4,0,-1,19,7,7,-1,0,3,1,0,0,0,4,1,-1,9,1,33,6,125,1,5,LEXMOTO ZSX,2,E01021312,0,1
2024141397789,2024,141397789,2,3,0,-1,19,6,2,-1,0,1,0,0,0,0,1,1,-1,9,2,30,6,125,1,6,LEXMOTO ZSX,1,E01007714,0,1
2024461491268,2024,461491268,1,3,0,-1,19,6,3,-1,0,0,0,0,0,0,1,1,-1,6,1,17,4,125,1,4,LEXMOTO ZSX,1,E01024687,0,1
2024122500183,2024,122500183,2,3,0,15,15,5,1,0,0,0,1,0,0,0,1,1,6,6,1,21,5,125,1,4,LEXMOTO ZSX,10,E01013425,0,1
2024421418859,2024,421418859,1,3,0,-1,19,5,1,-1,0,6,0,0,0,0,1,1,-1,1,1,21,5,125,1,3,LEXMOTO ZSX,9,E01021519,0,2
2024141408360,2024,141408360,2,3,0,-1,19,1,5,-1,0,8,0,0,0,0,1,1,-1,9,1,17,4,125,1,8,LEXMOTO ZSX,1,E01008094,0,1
2024552400454,2024,552400454,1,3,0,18,19,8,2,0,0,8,1,0,0,0,1,1,2,2,1,21,5,125,1,8,LEXMOTO ZSX,1,E01015338,0,1
2024631418851,2024,631418851,1,3,0,-1,19,7,3,-1,0,8,0,0,0,0,0,1,-1,6,1,17,4,125,1,6,LEXMOTO ZSX,1,W01001924,0,1
2024010535671,2024,010535671,1,3,0,18,19,5,1,0,0,1,0,0,0,0,1,1,1,1,1,30,6,125,1,4,LEXMOTO ZSX,2,E01024177,0,2
2024231512924,2024,231512924,2,3,0,-1,19,5,1,-1,0,8,0,0,0,0,1,1,-1,9,1,20,4,125,1,4,LEXMOTO ZSX,8,E01035035,0,2
2024131475639,2024,131475639,1,3,0,-1,19,1,1,-1,9,0,0,0,0,0,4,1,-1,9,1,18,4,125,1,5,LEXMOTO ZSX,2,E01010776,0,1
2024501521228,2024,501521228,1,3,0,-1,19,7,3,-1,0,1,2,0,0,0,1,1,-1,6,2,18,4,125,1,6,LEXMOTO ZSX,9,E01034857,0,1
2024201484506,2024,201484506,2,3,0,-1,19,1,5,-1,0,0,0,0,0,0,3,1,-1,9,1,17,4,124,1,10,LEXMOTO ZSX,5,E01008974,0,1
2024231507343,2024,231507343,1,3,0,-1,19,6,2,-1,0,0,0,0,0,0,1,1,-1,9,1,30,6,125,1,6,LEXMOTO ZSX,7,E01031293,0,1
2024010496586,2024,010496586,1,3,0,18,19,7,3,0,0,8,0,0,0,0,1,1,6,6,1,35,6,125,1,5,LEXMOTO ZSX,1,E01030227,0,5
2024501505961,2024,501505961,2,3,0,-1,19,5,2,-1,0,0,5,0,0,0,1,1,-1,9,1,17,4,125,1,5,LEXMOTO ZSX,2,E01019074,0,1
202454E574224,2024,54E574224,2,4,0,18,19,4,8,0,0,1,5,0,0,0,1,1,6,6,1,19,4,125,1,5,LEXMOTO ZSX,1,E01015558,0,1
2024161512050,2024,161512050,1,3,0,-1,19,3,7,-1,0,8,0,0,0,0,4,1,-1,9,1,18,4,125,1,6,LEXMOTO ZSX,8,E01013028,0,3
2024211436046,2024,211436046,1,3,0,-1,9,1,3,-1,0,0,5,0,7,0,4,1,-1,9,1,23,5,125,1,4,LEXMOTO ZSX,1,E01014300,0,2
2024371437782,2024,371437782,1,3,0,-1,19,4,8,-1,0,0,2,0,0,0,1,1,-1,6,2,27,6,125,1,5,LEXMOTO ZSX,7,E01034573,0,1
2024211517344,2024,211517344,1,3,0,-1,19,5,1,-1,0,1,5,0,0,0,1,1,-1,1,1,40,7,125,1,6,LEXMOTO ZSX,2,E01010472,0,3
2024010509810,2024,010509810,1,3,0,99,99,9,9,99,99,9,9,99,9,99,1,1,6,6,1,21,5,125,1,6,LEXMOTO ZSX,2,E01001978,0,4
2024070748370,2024,070748370,2,4,0,-1,19,7,3,-1,0,0,0,7,5,6,1,1,-1,6,1,31,6,125,1,5,LEXMOTO ZSX,2,E01012391,0,1
2024421523380,2024,421523380,2,3,0,-1,14,5,1,-1,0,0,2,0,0,0,1,1,-1,6,1,18,4,125,1,4,LEXMOTO ZSX,-1,-1,0,-1
2024440078566,2024,440078566,1,2,0,3,3,2,6,0,0,1,0,0,0,0,2,1,2,2,2,17,4,125,1,5,LEXMOTO ZSX,4,E01017088,0,2
2024340NN1542,2024,340NN1542,2,3,0,-1,19,8,4,-1,0,0,0,0,7,9,1,1,-1,6,1,24,5,125,1,5,LEXMOTO ZSX,3,E01035411,0,1
2024320072249,2024,320072249,1,4,0,15,15,5,1,0,0,0,5,7,7,0,3,1,-1,-1,1,38,7,125,1,4,LEXMOTO ZSX,6,E01026247,0,4
2024451479832,2024,451479832,1,9,0,-1,4,3,7,-1,9,0,1,0,0,0,1,1,-1,6,1,23,5,1998,1,26,MAKE AND MODEL REDACTED,9,E01030492,0,3
2024471500669,2024,471500669,1,9,0,-1,19,2,6,-1,0,0,1,0,0,0,1,1,-1,9,1,27,6,2000,1,30,MAKE AND MODEL REDACTED,10,E01022465,0,5
2024041399470,2024,041399470,1,9,0,-1,9,2,8,-1,0,8,0,0,0,0,3,1,-1,9,2,31,6,1995,2,14,MAKE AND MODEL REDACTED,3,E01025312,0,1
2024010516559,2024,010516559,2,9,0,4,4,3,7,0,0,1,0,0,0,0,3,1,6,6,1,36,7,1998,1,20,MAKE AND MODEL REDACTED,3,E01003611,0,2
2024541035524,2024,541035524,1,9,0,18,19,6,2,0,0,0,0,0,0,0,1,1,6,6,1,57,9,2188,2,19,MAKE AND MODEL REDACTED,8,E01017620,0,5
2024010531181,2024,010531181,1,9,0,14,14,3,7,0,0,1,0,0,0,0,1,1,3,7,2,50,8,1995,2,17,MAKE AND MODEL REDACTED,9,E01000456,0,1
2024340NN1402,2024,340NN1402,2,9,0,-1,2,0,0,-1,0,2,0,0,2,0,4,1,-1,6,3,-1,-1,1995,2,12,MAKE AND MODEL REDACTED,-1,-1,0,-1
2024461424325,2024,461424325,1,9,0,-1,19,8,4,-1,0,0,0,0,0,0,3,1,-1,6,3,-1,-1,2188,2,20,MAKE AND MODEL REDACTED,-1,-1,0,-1
2024543170124,2024,543170124,1,4,0,15,15,1,4,0,0,1,0,10,1,0,4,1,6,6,1,19,4,124,1,24,MAKE AND MODEL REDACTED,8,E01015473,0,2
2024430359968,2024,430359968,2,4,0,18,19,2,6,0,0,8,0,0,0,0,1,1,6,6,1,18,4,124,1,17,MAKE AND MODEL REDACTED,9,E01033503,0,2
2024351435919,2024,351435919,1,4,0,-1,19,7,3,-1,0,0,0,0,7,0,4,1,-1,6,1,17,4,124,1,24,MAKE AND MODEL REDACTED,6,E01018150,0,1
2024471404546,2024,471404546,1,3,0,-1,19,4,1,-1,0,1,0,0,0,0,0,1,-1,9,1,30,6,124,1,24,MAKE AND MODEL REDACTED,1,E01021135,0,1
2024340NN3032,2024,340NN3032,2,3,0,-1,3,4,8,-1,0,0,0,0,0,0,2,1,-1,1,1,22,5,124,1,19,MAKE AND MODEL REDACTED,4,E01027328,0,2
2024461506056,2024,461506056,1,3,0,-1,9,6,3,-1,0,0,1,0,0,0,3,1,-1,2,1,22,5,124,1,24,MAKE AND MODEL REDACTED,7,E01024109,0,1
2024320757646,2024,320757646,2,4,0,-1,-1,6,2,0,0,0,5,0,1,0,1,1,-1,-1,1,23,5,124,1,6,MAKE AND MODEL REDACTED,2,E01026110,0,1
2024221424521,2024,221424521,2,2,0,-1,10,3,1,-1,0,8,0,0,0,0,2,1,-1,1,1,17,4,50,1,2,MAKE AND MODEL REDACTED,8,E01013990,0,1
2024440006789,2024,440006789,1,2,0,18,19,6,2,0,0,1,0,0,0,0,1,1,4,7,2,18,4,50,1,2,MAKE AND MODEL REDACTED,6,E01022777,0,2
2024131533821,2024,131533821,1,3,0,-1,19,5,1,-1,0,0,1,4,0,0,3,1,-1,9,1,39,7,-1,-1,-1,MAKE AND MODEL REDACTED,1,E01010777,0,2
2024031404379,2024,031404379,1,2,0,-1,5,3,7,-1,0,3,0,0,0,0,2,1,-1,6,1,17,4,50,1,4,MAKE AND MODEL REDACTED,-1,-1,0,-1
2024430532970,2024,430532970,1,2,0,18,19,5,1,0,0,1,0,0,0,0,1,1,6,6,1,17,4,50,1,1,MAKE AND MODEL REDACTED,10,E01035756,0,1
2024070958901,2024,070958901,1,3,0,-1,19,5,1,-1,0,0,2,0,0,0,4,1,-1,2,1,16,4,-1,-1,-1,MAKE AND MODEL REDACTED,6,E01018743,0,1
2024430559467,2024,430559467,2,2,0,18,19,1,5,0,0,8,0,0,0,0,4,1,2,2,1,17,4,50,1,1,MAKE AND MODEL REDACTED,8,E01028716,0,3
2024501421751,2024,501421751,1,4,0,-1,19,3,7,-1,0,0,0,0,0,0,4,1,-1,6,1,57,9,124,1,16,MAKE AND MODEL REDACTED,4,E01019006,0,1
2024501515441,2024,501515441,2,2,0,-1,9,5,3,-1,0,8,5,0,0,0,1,1,-1,1,1,16,4,50,1,19,MAKE AND MODEL REDACTED,5,E01020331,0,1
2024201439174,2024,201439174,2,5,0,-1,13,7,3,-1,0,2,1,0,0,0,1,1,-1,9,1,33,6,748,1,21,MAKE AND MODEL REDACTED,-1,-1,0,-1
2024161497791,2024,161497791,1,8,0,-1,19,2,6,-1,0,4,0,0,0,0,1,1,-1,1,1,44,7,1995,2,7,MAKE AND MODEL REDACTED,2,E01013187,0,1
2024320155670,2024,320155670,1,8,0,9,9,2,7,0,0,5,0,0,1,1,1,1,1,1,1,31,6,1995,2,5,MAKE AND MODEL REDACTED,2,E01026101,0,3
2024361414496,2024,361414496,1,8,0,-1,19,1,5,-1,0,8,0,0,0,0,3,1,-1,1,1,34,6,1995,2,6,MAKE AND MODEL REDACTED,1,E01026626,0,1
2024440195125,2024,440195125,1,9,0,4,4,2,6,0,0,0,0,0,0,0,2,1,1,1,1,47,8,1995,2,6,MAKE AND MODEL REDACTED,4,E01031494,0,4
2024421476613,2024,421476613,1,5,0,-1,19,5,1,-1,0,0,2,0,1,0,1,1,-1,9,1,67,10,-1,-1,-1,MAKE AND MODEL REDACTED,4,E01017370,0,5
2024010548046,2024,010548046,1,3,0,18,19,7,3,0,0,1,0,0,0,0,1,1,1,1,1,25,5,125,1,2,HONDA NSS,4,E01001023,0,1
2024201481117,2024,201481117,2,3,0,-1,19,3,7,-1,0,8,0,0,0,0,4,1,-1,6,1,31,6,279,1,10,HONDA NSS,-1,-1,0,-1
2024010537156,2024,010537156,1,3,0,99,99,9,9,99,99,9,9,99,9,99,9,1,6,6,3,35,6,125,1,0,HONDA NSS,5,E01004612,0,2
2024010523928,2024,010523928,1,3,0,99,99,9,9,99,99,5,9,99,9,99,2,1,2,2,1,22,5,125,1,6,HONDA NSS,1,E01003515,0,1
2024010517430,2024,010517430,1,4,0,10,10,5,2,0,0,1,0,0,0,0,3,1,2,2,1,53,8,330,1,2,HONDA NSS,-1,-1,0,-1
2024351418408,2024,351418408,1,4,0,-1,19,4,7,-1,0,0,2,0,7,0,4,1,-1,6,1,22,5,279,1,4,HONDA NSS,2,E01000525,0,4
2024010542286,2024,010542286,1,3,0,99,99,9,9,99,99,9,9,99,9,99,9,1,1,1,3,37,7,125,1,8,HONDA NSS,4,E01003937,0,2
2024231519273,2024,231519273,1,3,0,-1,3,3,7,-1,0,1,0,0,0,0,2,1,-1,6,1,39,7,125,1,3,HONDA NSS,10,E01031157,0,1
2024010492290,2024,010492290,4,2,0,5,5,6,2,0,0,8,0,0,0,0,4,1,6,6,1,43,7,279,1,10,HONDA NSS,4,E01001484,0,3
2024010552076,2024,010552076,2,3,0,99,99,9,9,99,99,0,9,99,9,99,9,1,6,6,3,-1,-1,125,1,2,HONDA NSS,-1,-1,0,-1
2024010507884,2024,010507884,1,3,0,18,19,5,1,0,0,1,0,0,0,0,4,1,2,2,1,38,7,125,1,6,HONDA NSS,6,E01004551,0,3
2024522401622,2024,522401622,1,3,0,18,19,9,9,0,0,8,0,0,0,0,9,1,6,6,1,23,5,125,1,1,HONDA NSS,3,E01004471,0,5
2024522500147,2024,522500147,1,4,0,3,3,5,1,0,0,0,0,0,0,0,1,1,6,6,1,33,6,330,1,0,HONDA NSS,8,E01014953,0,2
2024471460925,2024,471460925,2,3,0,-1,19,5,1,-1,4,1,1,0,0,0,3,1,-1,6,3,-1,-1,125,1,2,HONDA NSS,-1,-1,0,-1
2024430551005,2024,430551005,1,3,0,18,19,2,6,0,0,8,0,0,0,0,1,1,2,2,1,-1,-1,125,1,0,HONDA NSS,5,E01033838,0,2
2024010507049,2024,010507049,1,3,0,99,99,9,9,99,99,0,9,99,9,99,9,1,2,2,1,29,6,125,1,2,HONDA NSS,8,E01003445,0,3
2024010515447,2024,010515447,1,3,0,18,19,1,5,0,0,8,0,0,0,0,1,1,2,2,1,53,8,125,1,8,HONDA NSS,1,E01004754,0,3
2024522401330,2024,522401330,2,3,0,14,14,3,7,0,0,8,0,0,0,0,1,1,6,6,1,31,6,125,1,8,HONDA NSS,5,E01014886,0,1
2024522402247,2024,522402247,1,4,0,7,7,3,1,0,0,8,0,0,0,0,3,1,6,6,1,30,6,330,1,0,HONDA NSS,10,E01023595,0,5
2024010501070,2024,010501070,2,3,0,99,99,9,9,99,99,9,9,99,9,99,1,1,6,6,3,-1,-1,125,1,4,HONDA NSS,3,E01002605,0,1
2024010510083,2024,010510083,1,3,0,99,99,9,9,99,99,9,9,99,9,99,1,1,6,6,1,24,5,125,1,1,HONDA NSS,5,E01001189,0,4
2024010504373,2024,010504373,1,3,0,99,99,9,9,99,99,9,9,99,9,99,1,1,6,6,1,36,7,125,1,5,HONDA NSS,4,E01003937,0,1
2024522400969,2024,522400969,1,4,0,18,19,2,6,0,0,1,0,0,0,0,1,1,6,6,2,56,9,330,1,1,HONDA NSS,10,E01014987,0,1
2024461529883,2024,461529883,2,3,0,-1,10,3,5,-1,0,1,0,0,0,0,2,1,-1,1,1,42,7,125,1,0,HONDA NSS,9,E01021191,0,3
2024421485388,2024,421485388,2,4,0,-1,19,8,4,-1,0,0,0,0,0,0,1,1,-1,9,1,40,7,330,1,1,HONDA NSS,4,E01021853,0,2
2024010521665,2024,010521665,1,3,0,9,9,1,6,0,0,1,0,0,0,0,1,1,6,6,1,44,7,125,1,2,HONDA NSS,5,E01002779,0,1
2024010545441,2024,010545441,1,3,0,99,99,9,9,99,99,9,9,99,9,99,9,1,2,2,1,35,6,125,1,3,HONDA NSS,8,E01001046,0,3
2024471485291,2024,471485291,1,4,0,-1,19,4,8,-1,0,0,0,0,0,0,1,1,-1,6,1,33,6,279,1,4,HONDA NSS,2,E01016978,0,1
2024010520746,2024,010520746,1,3,0,99,99,9,9,99,99,9,9,99,9,99,9,1,1,1,3,28,6,125,1,6,HONDA NSS,4,E01004373,0,1
2024010499031,2024,010499031,1,3,0,99,99,9,9,99,99,9,9,99,9,99,1,1,1,1,1,31,6,125,1,2,HONDA NSS,6,E01017839,0,4
2024010519089,2024,010519089,2,3,0,9,9,7,4,0,0,5,0,0,0,0,3,1,1,1,1,43,7,125,1,4,HONDA NSS,3,E01004528,0,1
2024010548533,2024,010548533,2,3,0,17,19,3,7,0,0,1,0,0,0,0,1,1,1,1,1,51,8,125,1,2,HONDA NSS,2,E01004067,0,1
2024311517326,2024,311517326,1,5,0,-1,19,7,3,-1,0,0,1,11,0,0,1,1,-1,9,1,70,10,279,1,9,HONDA NSS,-1,-1,0,-1
2024430482824,2024,430482824,2,3,0,18,19,8,4,0,0,8,0,0,0,0,1,1,1,1,1,33,6,125,1,0,HONDA NSS,-1,-1,0,-1
2024010525591,2024,010525591,1,3,0,18,19,5,1,0,0,0,0,0,0,0,1,1,6,6,1,20,4,125,1,0,HONDA NSS,9,E01001385,0,1
2024010525844,2024,010525844,1,3,0,99,99,9,9,99,99,9,9,99,9,99,1,1,1,1,1,36,7,125,1,3,HONDA NSS,10,E01021745,0,2
2024010525515,2024,010525515,1,3,0,99,99,9,9,99,99,9,9,99,9,99,9,1,6,6,3,30,6,125,1,7,HONDA NSS,6,E01004485,0,2
2024010535899,2024,010535899,1,3,0,99,99,9,9,99,99,1,9,99,9,99,9,1,1,1,3,19,4,125,1,4,HONDA NSS,2,E01000508,0,1
2024010517292,2024,010517292,1,3,0,18,19,5,1,0,0,2,0,0,0,0,2,1,1,1,2,27,6,125,1,3,HONDA NSS,3,E01000510,0,2
2024010510571,2024,010510571,1,3,0,99,99,9,9,99,99,9,9,99,9,99,1,1,1,1,2,-1,-1,125,1,3,HONDA NSS,2,E01000526,0,1
2024522402016,2024,522402016,1,4,0,17,19,6,3,0,0,8,0,0,0,0,4,1,6,6,1,24,5,279,1,4,HONDA NSS,2,E01014568,0,1
2024610041924,2024,610041924,2,3,0,14,14,8,4,0,0,1,0,0,0,0,1,1,1,1,2,41,7,330,1,1,HONDA NSS,1,W01001643,0,1
2024430384582,2024,430384582,2,3,0,3,3,7,3,0,0,0,0,0,0,0,1,1,1,1,1,23,5,125,1,3,HONDA NSS,5,E01028538,0,1
2024552400274,2024,552400274,2,4,0,18,19,2,6,0,0,8,0,0,0,0,4,1,2,2,1,37,7,125,1,2,HONDA NSS,4,E01034274,0,1
2024010510520,2024,010510520,1,3,9,99,99,9,9,99,99,9,9,99,9,99,1,1,1,1,1,33,6,125,1,1,HONDA NSS,6,E01017839,0,4
2024010539754,2024,010539754,2,3,0,18,19,1,5,0,0,1,0,0,0,0,1,1,6,6,1,32,6,125,1,8,HONDA NSS,4,E01002717,0,1
2024451472269,2024,451472269,1,4,0,-1,19,4,8,-1,0,1,0,0,0,0,1,1,-1,2,1,37,7,279,1,5,HONDA NSS,10,E01030341,0,1
2024451474804,2024,451474804,1,3,0,-1,19,-1,-1,-1,0,0,0,0,0,0,4,1,-1,1,1,24,5,125,1,1,HONDA NSS,10,E01016575,0,2
2024411492777,2024,411492777,2,3,-1,-1,-1,-1,-1,-1,-1,-1,-1,-1,-1,0,-1,1,-1,1,1,26,6,125,1,0,HONDA NSS,2,E01001549,0,1
2024430417671,2024,430417671,2,3,0,18,19,4,8,0,0,8,0,0,0,0,1,1,6,6,1,35,6,125,1,5,HONDA NSS,9,E01016407,0,1
2024010509382,2024,010509382,1,4,0,18,19,9,9,99,99,0,9,99,9,99,1,1,6,6,1,24,5,125,1,3,HONDA NSS,5,E01002640,0,1
2024010496798,2024,010496798,2,3,0,5,5,6,2,0,0,7,0,0,8,10,4,1,1,1,1,29,6,125,1,7,HONDA NSS,7,E01004597,0,2
2024211473296,2024,211473296,2,3,0,-1,9,5,1,-1,0,1,0,0,0,0,1,1,-1,6,1,32,6,125,1,0,HONDA NSS,1,E01014269,0,1
2024010520055,2024,010520055,1,3,9,99,99,9,9,9,9,7,0,11,0,0,9,1,6,6,3,-1,-1,125,1,6,HONDA NSS,-1,-1,0,-1
2024010529739,2024,010529739,1,3,0,99,99,9,9,99,99,9,9,99,9,99,9,1,1,1,1,29,6,125,1,4,HONDA NSS,10,E01000666,0,3
2024351400392,2024,351400392,1,3,0,-1,14,8,4,-1,0,0,5,0,0,0,1,1,-1,1,1,26,6,125,1,4,HONDA NSS,6,E01017962,0,1
2024010505992,2024,010505992,1,3,0,9,9,5,3,0,0,7,0,0,0,0,0,1,6,6,2,14,3,125,1,8,HONDA NSS,-1,-1,0,-1
2024010535152,2024,010535152,1,3,0,99,99,9,9,99,99,9,9,99,9,99,1,1,1,1,1,22,5,125,1,2,HONDA NSS,2,E01000603,0,2
2024401494958,2024,401494958,2,3,0,-1,3,7,3,-1,0,1,0,0,0,0,3,1,-1,1,1,61,9,125,1,6,HONDA NSS,3,E01015731,0,1
2024430217040,2024,430217040,2,3,0,18,19,7,3,0,0,8,0,0,0,0,4,1,6,6,1,17,4,125,1,9,HONDA NSS,-1,-1,0,-1
2024440138421,2024,440138421,2,3,0,18,19,8,4,0,0,1,0,0,0,0,1,1,6,6,1,-1,-1,125,1,5,HONDA NSS,-1,-1,0,-1
2024010522648,2024,010522648,1,3,0,99,99,9,9,99,99,9,9,99,9,99,9,1,1,1,3,27,6,125,1,6,HONDA NSS,10,E01017765,0,4
2024531517936,2024,531517936,2,3,0,-1,19,1,1,-1,0,2,0,0,0,0,1,1,-1,9,1,52,8,125,1,1,HONDA NSS,7,E01022163,0,1
2024010543383,2024,010543383,1,3,0,99,99,9,9,99,99,9,9,99,9,99,1,1,6,6,1,35,6,125,1,1,HONDA NSS,8,E01000679,0,1
2024010488435,2024,010488435,1,3,0,5,5,5,1,0,0,6,0,0,0,0,0,1,6,6,1,28,6,125,1,6,HONDA NSS,4,E01003025,0,1
2024471430153,2024,471430153,2,3,0,-1,19,8,2,-1,0,2,0,0,0,0,4,1,-1,1,1,35,6,125,1,5,HONDA NSS,8,E01016923,0,1
2024010487426,2024,010487426,1,3,0,7,7,5,8,0,0,2,0,0,0,0,1,1,6,6,1,32,6,125,1,1,HONDA NSS,3,E01000495,0,2
2024010500298,2024,010500298,2,3,0,7,7,5,7,0,0,1,0,0,0,0,1,1,6,6,1,49,8,125,1,3,HONDA NSS,8,E01004648,0,1
2024010529796,2024,010529796,2,3,0,18,19,1,5,0,0,1,0,0,0,0,1,1,6,6,1,29,6,125,1,3,HONDA NSS,-1,-1,0,-1
2024010543297,2024,010543297,1,3,0,18,19,5,1,0,0,8,0,0,0,0,1,1,6,6,1,30,6,125,1,4,HONDA NSS,8,E01000237,0,1
2024471523842,2024,471523842,1,3,0,-1,19,5,1,-1,0,0,0,0,0,0,1,1,-1,6,1,22,5,125,1,2,HONDA NSS,2,E01021014,0,1
2024010529030,2024,010529030,2,2,0,18,19,6,2,0,0,1,0,0,0,0,1,1,6,6,1,21,5,125,1,4,HONDA NSS,5,E01000949,0,1
2024010521888,2024,010521888,1,4,0,99,99,9,9,99,99,9,9,99,9,99,9,1,1,1,3,37,7,279,1,4,HONDA NSS,2,E01000501,0,2
2024010519625,2024,010519625,1,3,0,99,99,9,9,99,99,9,9,99,9,99,2,1,6,6,1,25,5,125,1,8,HONDA NSS,2,E01002735,0,1
2024371524428,2024,371524428,2,2,0,-1,19,4,6,-1,0,1,0,0,0,0,3,1,-1,6,1,48,8,125,1,2,HONDA NSS,7,E01030101,0,4
2024552400504,2024,552400504,2,3,0,3,3,5,1,0,0,4,0,0,0,0,2,1,6,6,1,34,6,125,1,1,HONDA NSS,4,E01033285,0,1
2024010515699,2024,010515699,1,3,0,99,99,9,9,99,99,9,9,99,9,99,9,1,2,2,1,24,5,125,1,0,HONDA NSS,3,E01001180,0,1
2024401518690,2024,401518690,1,3,0,-1,3,2,6,-1,0,1,0,0,0,0,2,1,-1,6,1,39,7,125,1,8,HONDA NSS,3,E01015701,0,1
2024010542321,2024,010542321,1,3,0,99,99,9,9,99,99,9,9,99,9,99,9,1,2,2,3,27,6,125,1,6,HONDA NSS,3,E01000481,0,2
2024320695980,2024,320695980,1,3,0,-1,-1,2,6,0,0,0,5,0,0,0,3,1,6,6,1,52,8,125,1,1,HONDA NSS,5,E01026054,0,4
2024010518335,2024,010518335,1,4,0,99,99,9,9,99,99,9,9,99,9,99,1,1,2,2,1,45,7,330,1,1,HONDA NSS,8,E01016001,0,4
2024430211285,2024,430211285,2,2,0,9,9,3,1,0,0,5,0,0,0,0,4,1,6,6,1,34,6,125,1,7,HONDA NSS,3,E01028513,0,1
2024552400732,2024,552400732,2,4,0,9,9,6,4,0,0,5,0,0,0,0,3,1,2,2,1,24,5,279,1,4,HONDA NSS,4,E01015327,0,2
2024010544338,2024,010544338,1,4,0,99,99,9,9,99,99,9,9,99,9,99,2,1,1,1,1,45,7,330,1,0,HONDA NSS,6,E01001277,0,2
2024010519097,2024,010519097,2,3,0,7,7,1,3,0,0,8,0,0,0,0,3,1,2,2,1,32,6,125,1,2,HONDA NSS,-1,-1,0,-1
2024421427380,2024,421427380,2,3,-1,-1,19,7,3,-1,0,1,0,0,0,0,4,1,-1,6,1,51,8,125,1,3,HONDA NSS,5,E01016013,0,1
2024411435153,2024,411435153,2,3,-1,-1,19,7,3,-1,0,1,0,0,0,0,4,1,-1,2,1,28,6,125,1,3,HONDA NSS,10,E01023664,0,1
2024520401745,2024,520401745,1,3,0,18,19,7,3,0,0,8,0,0,0,0,1,1,6,6,1,28,6,125,1,0,HONDA NSS,7,E01035109,0,3
2024010500766,2024,010500766,1,4,0,99,99,9,9,99,99,9,9,99,9,99,9,1,1,1,1,22,5,330,1,3,HONDA NSS,1,E01000595,0,1
2024451495231,2024,451495231,1,4,0,-1,13,6,2,-1,0,1,0,4,0,0,1,1,-1,6,1,20,4,125,1,5,HONDA NSS,6,E01034290,0,2
2024010507701,2024,010507701,1,3,0,99,99,9,9,99,99,9,9,99,9,99,9,1,1,1,1,45,7,125,1,5,HONDA NSS,-1,-1,0,-1
2024010504600,2024,010504600,1,4,0,16,19,3,7,0,0,0,0,10,0,0,2,1,6,6,1,30,6,125,1,3,HONDA NSS,4,E01001234,0,1
2024101472841,2024,101472841,1,4,0,-1,5,7,5,-1,0,0,0,0,0,0,4,1,-1,9,1,24,5,125,1,6,HONDA NSS,1,E01008331,0,1
2024010520348,2024,010520348,1,2,0,8,8,5,7,0,0,2,0,0,0,0,2,1,1,1,1,36,7,125,1,7,HONDA NSS,2,E01001202,0,1
2024010491200,2024,010491200,1,3,0,99,99,9,9,99,99,9,9,99,9,99,9,1,2,2,3,48,8,125,1,2,HONDA NSS,5,E01001542,0,3
2024010537150,2024,010537150,1,4,0,18,19,5,1,0,0,1,0,0,0,0,3,1,2,2,1,62,9,330,1,1,HONDA NSS,1,E01016942,0,4
2024010533444,2024,010533444,1,3,0,99,99,9,9,99,99,9,9,99,9,99,9,1,1,1,2,28,6,125,1,4,HONDA NSS,2,E01004040,0,2
2024320142922,2024,320142922,2,3,0,-1,-1,2,6,0,0,8,5,0,0,0,4,1,1,1,2,43,7,125,1,4,HONDA NSS,6,E01026151,0,1