collision_index,collision_year,collision_ref_no,vehicle_reference,vehicle_type,towing_and_articulation,vehicle_manoeuvre_historic,vehicle_manoeuvre,vehicle_direction_from,vehicle_direction_to,vehicle_location_restricted_lane_historic,vehicle_location_restricted_lane,junction_location,skidding_and_overturning,hit_object_in_carriageway,vehicle_leaving_carriageway,hit_object_off_carriageway,first_point_of_impact,vehicle_left_hand_drive,journey_purpose_of_driver_historic,journey_purpose_of_driver,sex_of_driver,age_of_driver,age_band_of_driver,engine_capacity_cc,propulsion_code,age_of_vehicle,generic_make_model,driver_imd_decile,lsoa_of_driver,escooter_flag,driver_distance_banding
2024461523045,2024,461523045,1,3,0,-1,19,5,1,-1,0,0,0,0,0,0,1,1,-1,2,1,38,7,125,1,2,HONDA NSS,2,E01021273,0,4
2024010542849,2024,010542849,1,3,3,18,19,7,3,0,0,0,0,0,0,0,1,1,1,1,1,40,7,125,1,8,HONDA NSS,-1,-1,0,-1
2024010513068,2024,010513068,1,4,0,99,99,9,9,99,99,9,9,99,9,99,1,1,6,6,1,31,6,279,1,4,HONDA NSS,4,E01001285,0,2
2024430566038,2024,430566038,1,3,0,18,19,5,1,0,0,1,1,7,0,0,4,1,1,1,1,47,8,125,1,1,HONDA NSS,-1,-1,0,-1
2024522402780,2024,522402780,1,3,0,18,19,5,1,0,0,8,0,0,0,0,4,1,6,6,1,21,5,125,1,4,HONDA NSS,1,E01014655,0,2
2024010500162,2024,010500162,1,3,0,18,19,7,3,0,0,8,5,0,0,0,1,1,1,1,1,40,7,125,1,3,HONDA NSS,3,E01001930,0,2
2024010504294,2024,010504294,1,3,0,3,3,3,7,0,0,8,0,0,0,0,2,1,6,6,1,37,7,125,1,6,HONDA NSS,6,E01002602,0,3
2024451421898,2024,451421898,1,3,0,-1,19,4,8,-1,0,8,0,0,0,0,1,1,-1,6,1,22,5,125,1,1,HONDA NSS,3,E01030745,0,1
2024010534819,2024,010534819,2,3,0,9,9,5,3,0,0,6,2,0,0,0,1,1,6,6,1,24,5,125,1,2,HONDA NSS,6,E01000564,0,1
2024010523493,2024,010523493,1,4,0,99,99,9,9,99,99,9,9,99,9,99,9,1,6,6,3,-1,-1,125,1,0,HONDA NSS,-1,-1,0,-1
2024010507707,2024,010507707,1,4,0,13,13,1,5,0,0,1,0,0,0,0,1,1,2,2,1,36,7,279,1,8,HONDA NSS,6,E01002124,0,1
2024010499142,2024,010499142,1,3,0,18,19,5,1,0,0,8,0,0,0,0,3,1,6,6,1,27,6,125,1,6,HONDA NSS,3,E01000545,0,1
2024471477107,2024,471477107,2,3,0,-1,19,5,1,-1,0,1,0,0,0,0,1,1,-1,1,1,37,7,125,1,0,HONDA NSS,9,E01031463,0,1
2024010528632,2024,010528632,1,3,9,99,99,9,9,99,99,9,9,99,9,99,0,1,1,1,1,26,6,125,1,4,HONDA NSS,5,E01002214,0,1
2024451486717,2024,451486717,1,3,9,-1,19,7,3,-1,0,8,0,0,0,0,9,1,-1,9,2,26,6,125,1,2,HONDA NSS,2,E01004129,0,2
2024010538766,2024,010538766,1,3,0,99,99,9,9,99,99,9,9,99,9,99,1,1,1,1,1,33,6,125,1,1,HONDA NSS,7,E01002198,0,1
2024461400148,2024,461400148,2,3,0,-1,3,2,6,-1,0,0,0,0,0,0,2,1,-1,2,1,47,8,125,1,1,HONDA NSS,7,E01024131,0,4
2024471415237,2024,471415237,2,3,0,-1,19,7,3,-1,0,8,1,0,0,0,1,1,-1,1,1,28,6,125,1,7,HONDA NSS,5,E01016884,0,1
2024010524275,2024,010524275,1,3,0,18,19,1,5,0,0,8,0,0,0,0,3,1,6,6,1,41,7,125,1,3,HONDA NSS,9,E01000179,0,1
2024440419079,2024,440419079,2,3,0,18,19,2,6,0,0,3,0,0,0,0,4,1,6,6,1,54,8,279,1,8,HONDA NSS,6,E01022737,0,1
2024010501356,2024,010501356,1,4,0,99,99,9,9,99,99,9,9,99,9,99,2,1,6,6,1,25,5,125,1,8,HONDA NSS,2,E01002735,0,1
2024070810511,2024,070810511,1,3,0,-1,19,5,7,-1,0,7,5,0,0,0,1,1,-1,9,1,48,8,125,1,2,HONDA NSS,-1,-1,0,-1
2024010526906,2024,010526906,3,3,0,4,4,5,1,0,0,0,0,0,0,0,2,1,1,1,1,38,7,125,1,4,HONDA NSS,5,E01003645,0,1
2024010513689,2024,010513689,1,3,0,99,99,9,9,99,99,1,9,99,9,99,9,1,1,1,3,42,7,125,1,0,HONDA NSS,6,E01003433,0,1
2024010492132,2024,010492132,3,4,0,8,8,3,5,0,0,6,0,0,0,0,3,1,1,1,1,33,6,125,1,1,HONDA NSS,2,E01003489,0,2
2024010549846,2024,010549846,1,3,0,18,19,5,1,0,0,1,0,10,7,0,1,1,6,6,1,27,6,125,1,3,HONDA NSS,2,E01001750,0,1
2024010535982,2024,010535982,2,3,0,8,8,5,7,0,0,1,0,0,0,0,2,1,6,6,1,28,6,125,1,0,HONDA NSS,5,E01000606,0,2
2024461423735,2024,461423735,2,4,0,-1,19,8,4,-1,0,8,0,0,0,0,1,1,-1,1,1,31,6,125,1,5,HONDA NSS,2,E01016018,0,1
2024201445743,2024,201445743,2,3,0,-1,19,8,4,-1,0,8,0,0,0,0,1,1,-1,9,1,15,3,125,1,9,HONDA NSS,2,E01010038,0,1
2024010523992,2024,010523992,1,3,0,99,99,9,9,99,99,9,9,99,9,99,9,1,6,6,1,30,6,125,1,6,HONDA NSS,6,E01016963,0,4
2024471492695,2024,471492695,1,3,0,-1,19,1,5,-1,0,8,0,0,0,0,1,1,-1,1,1,22,5,125,1,5,HONDA NSS,4,E01016882,0,1
2024010532962,2024,010532962,2,4,0,3,3,5,1,0,0,1,0,0,0,0,2,1,6,6,1,52,8,279,1,11,HONDA NSS,5,E01002001,0,1
2024522402735,2024,522402735,1,3,0,3,3,7,3,0,0,0,0,0,0,0,1,1,6,6,1,43,7,125,1,3,HONDA NSS,2,E01014692,0,2
2024010490712,2024,010490712,1,4,0,18,19,1,5,2,2,1,1,0,0,0,4,1,6,6,1,42,7,330,1,2,HONDA NSS,6,E01000140,0,1
2024471459136,2024,471459136,1,3,0,-1,19,3,7,-1,0,1,5,0,0,0,1,1,-1,6,1,19,4,125,1,8,HONDA NSS,1,E01016880,0,1
2024010535159,2024,010535159,1,3,0,99,99,9,9,0,0,0,0,0,9,99,9,1,1,1,1,30,6,125,1,2,HONDA NSS,3,E01034204,0,1
2024010537212,2024,010537212,1,3,0,13,13,1,5,0,0,2,0,0,0,0,1,1,1,1,1,49,8,125,1,2,HONDA NSS,-1,-1,0,-1
2024010507636,2024,010507636,2,3,0,4,4,5,1,0,0,2,0,0,1,0,2,1,1,1,1,40,7,125,1,1,HONDA NSS,5,E01004601,0,1
2024010538687,2024,010538687,1,3,0,99,99,9,9,99,99,9,9,99,9,99,9,1,1,1,3,39,7,125,1,6,HONDA NSS,5,E01017137,0,4
2024010522589,2024,010522589,1,3,0,99,99,9,9,99,99,9,9,99,9,99,9,1,1,1,3,42,7,125,1,0,HONDA NSS,6,E01003433,0,3
2024010509011,2024,010509011,1,3,0,99,99,9,9,99,99,9,9,99,9,99,9,1,1,1,1,28,6,125,1,2,HONDA NSS,4,E01003453,0,2
2024010497940,2024,010497940,1,3,0,99,99,9,9,99,99,9,9,99,9,99,9,1,6,6,1,24,5,125,1,2,HONDA NSS,4,E01001183,0,2
2024010540397,2024,010540397,1,3,0,3,3,1,5,0,0,1,0,0,0,0,2,1,1,1,1,35,6,125,1,3,HONDA NSS,5,E01000323,0,1
2024010547138,2024,010547138,1,3,0,99,99,9,9,99,99,9,9,99,9,99,1,1,6,6,1,30,6,125,1,2,HONDA NSS,3,E01000638,0,2
2024052402391,2024,052402391,2,4,0,3,3,4,8,0,0,1,0,0,0,0,1,1,2,2,1,54,8,125,1,1,HONDA NSS,2,E01007020,0,1
2024010501907,2024,010501907,1,3,0,3,3,9,9,99,99,9,9,99,9,99,1,1,3,7,1,44,7,125,1,5,HONDA NSS,6,E01004636,0,1
2024010524614,2024,010524614,1,3,0,18,19,1,5,0,0,2,0,0,0,0,1,1,2,2,1,48,8,125,1,9,HONDA NSS,2,E01002002,0,2
2024010512560,2024,010512560,1,3,0,99,99,9,9,99,99,8,9,99,9,99,9,1,2,2,3,23,5,125,1,3,HONDA NSS,5,E01001960,0,1
2024010505389,2024,010505389,1,4,0,99,99,9,9,99,99,9,9,99,9,99,9,1,1,1,1,26,6,279,1,9,HONDA NSS,7,E01024133,0,4
2024522403258,2024,522403258,1,4,0,18,19,6,2,0,0,3,0,10,0,0,1,1,6,6,1,32,6,330,1,1,HONDA NSS,7,E01014909,0,1
2024010510362,2024,010510362,1,3,0,99,99,9,9,99,99,1,9,99,9,99,9,1,2,2,1,31,6,330,1,3,HONDA NSS,7,E01023902,0,4
2024010513743,2024,010513743,1,3,0,18,19,7,3,0,0,0,0,0,0,0,1,1,6,6,1,40,7,125,1,3,HONDA NSS,5,E01000589,0,1
2024052400072,2024,052400072,2,3,0,18,19,4,8,0,0,0,0,0,0,0,3,1,6,6,1,45,7,125,1,1,HONDA NSS,2,E01006727,0,1
2024451394665,2024,451394665,1,3,0,-1,3,1,5,-1,0,0,0,0,0,0,2,1,-1,9,1,55,8,125,1,4,HONDA NSS,7,E01030662,0,1
2024010535156,2024,010535156,1,4,0,99,99,9,9,99,99,0,9,99,9,99,9,1,1,1,1,42,7,330,1,1,HONDA NSS,6,E01002919,0,1
2024010546514,2024,010546514,1,3,0,18,19,7,3,0,0,1,2,0,0,0,1,1,6,6,1,25,5,125,1,6,HONDA NSS,5,E01034228,0,3
2024010495953,2024,010495953,2,4,0,13,13,3,7,0,0,1,5,0,0,0,1,1,6,6,1,21,5,125,1,6,HONDA NSS,5,E01004564,0,1
2024010547785,2024,010547785,1,4,0,18,19,7,3,0,0,1,0,0,0,0,3,1,2,2,1,29,6,125,1,4,HONDA NSS,4,E01021293,0,4
2024010502387,2024,010502387,2,3,0,15,15,5,1,2,2,1,0,0,0,0,1,1,6,6,1,46,8,125,1,3,HONDA NSS,-1,-1,0,-1
2024010505636,2024,010505636,1,3,0,99,99,9,9,99,99,5,9,99,9,99,9,1,1,1,3,49,8,125,1,1,HONDA NSS,7,E01002115,0,3
2024010540921,2024,010540921,1,4,0,18,19,3,7,0,0,0,5,0,0,0,1,1,6,6,1,18,4,125,1,4,HONDA NSS,3,E01000503,0,1
2024010501773,2024,010501773,1,3,0,99,99,9,9,99,99,9,9,99,9,99,1,1,1,1,1,26,6,330,1,3,HONDA NSS,2,E01001409,0,1
2024010533307,2024,010533307,1,3,0,5,5,5,1,0,0,2,0,0,3,0,1,1,6,6,3,-1,-1,125,1,7,HONDA NSS,-1,-1,0,-1
2024010518543,2024,010518543,1,3,0,3,3,3,7,0,0,1,0,0,0,0,2,1,6,6,1,40,7,125,1,8,HONDA NSS,2,E01002810,0,1
2024010493727,2024,010493727,1,3,0,13,13,3,7,0,0,1,0,4,0,0,1,1,6,6,1,35,6,125,1,3,HONDA NSS,10,E01000666,0,1
2024010502053,2024,010502053,1,3,0,99,99,9,9,99,99,9,9,99,9,99,9,1,1,1,1,-1,-1,125,1,2,HONDA NSS,6,E01004697,0,1
2024991454465,2024,991454465,1,3,0,-1,19,1,5,-1,0,1,0,0,0,0,1,1,-1,9,1,18,4,125,1,1,HONDA NSS,9,-1,0,1
2024010509509,2024,010509509,2,4,0,18,19,1,5,9,9,1,0,0,0,0,1,1,6,6,1,27,6,330,1,3,HONDA NSS,4,E01003308,0,1
2024421499240,2024,421499240,2,2,0,-1,19,5,1,-1,0,1,5,0,0,0,1,1,-1,6,1,26,6,330,1,0,HONDA NSS,4,E01000171,0,3
2024010528554,2024,010528554,1,3,0,99,99,9,9,99,99,5,9,99,9,99,9,1,3,7,3,25,5,125,1,5,HONDA NSS,3,E01000522,0,2
2024010545975,2024,010545975,1,3,0,15,15,1,5,0,0,8,0,0,0,0,4,1,2,2,1,41,7,125,1,2,HONDA NSS,5,E01000224,0,3
2024991464687,2024,991464687,1,3,0,-1,19,4,8,-1,0,0,1,0,0,0,1,1,-1,9,1,43,7,125,1,2,HONDA NSS,5,-1,0,1
2024010541091,2024,010541091,1,3,0,18,19,7,3,9,9,4,1,0,1,0,1,1,6,6,3,23,5,125,1,5,HONDA NSS,-1,-1,0,-1
2024010518750,2024,010518750,2,3,0,5,5,5,1,0,0,1,0,0,0,0,4,1,6,6,1,19,4,125,1,9,HONDA NSS,2,E01003346,0,1
2024010501094,2024,010501094,1,4,0,99,99,9,9,99,99,9,9,99,9,99,2,1,2,2,1,46,8,125,1,5,HONDA NSS,8,E01002163,0,1
2024010512316,2024,010512316,1,3,0,18,19,3,7,0,0,1,0,0,1,0,1,1,6,6,1,19,4,125,1,8,HONDA NSS,2,E01032513,0,1
2024010501062,2024,010501062,1,3,0,99,99,9,9,99,99,9,9,99,9,99,9,1,1,1,1,46,8,125,1,5,HONDA NSS,8,E01000118,0,1
2024010512038,2024,010512038,2,3,0,18,19,1,5,0,0,1,0,0,0,0,1,1,1,1,1,38,7,125,1,2,HONDA NSS,5,E01001914,0,1
2024430436150,2024,430436150,2,3,0,18,19,9,9,0,0,0,0,0,0,0,1,1,2,2,1,31,6,125,1,1,HONDA NSS,9,E01028491,0,2
2024131412889,2024,131412889,2,3,0,-1,9,5,7,-1,0,1,0,0,0,0,3,1,-1,6,1,65,9,125,1,9,HONDA NSS,8,E01011744,0,1
2024010517513,2024,010517513,2,3,0,9,9,8,5,0,0,5,2,0,7,11,4,1,1,1,1,39,7,125,1,3,HONDA NSS,4,E01000229,0,2
2024010523433,2024,010523433,1,4,0,99,99,9,9,99,99,9,9,99,9,99,1,1,1,1,1,36,7,279,1,4,HONDA NSS,5,E01021262,0,4
2024010536358,2024,010536358,1,3,0,99,99,9,9,99,99,9,9,99,9,99,1,1,1,1,3,32,6,125,1,3,HONDA NSS,3,E01001980,0,2
2024010517965,2024,010517965,1,3,0,99,99,9,9,99,99,9,9,99,9,99,2,1,1,1,1,27,6,125,1,4,HONDA NSS,2,E01000025,0,4
2024201530981,2024,201530981,2,3,0,-1,14,7,4,-1,0,1,0,0,0,0,4,1,-1,9,1,19,4,125,1,3,HONDA NSS,4,E01009767,0,1
2024411412774,2024,411412774,1,3,0,-1,14,5,1,-1,0,1,0,0,0,0,1,1,-1,6,1,25,5,125,1,8,HONDA NSS,10,E01023898,0,1
2024451414812,2024,451414812,2,3,0,-1,4,5,1,-1,0,0,0,0,0,0,2,1,-1,2,2,50,8,125,1,5,HONDA NSS,9,E01030450,0,1
2024471404585,2024,471404585,2,4,0,-1,5,2,5,-1,0,0,1,0,0,0,1,1,-1,1,1,33,6,125,1,5,HONDA NSS,1,E01016866,0,1
2024010546221,2024,010546221,2,3,0,18,19,5,1,2,2,1,0,0,0,0,1,1,6,6,1,36,7,125,1,3,HONDA NSS,7,E01002226,0,3
2024540989323,2024,540989323,2,4,0,18,19,8,4,0,0,1,2,0,0,0,4,1,1,1,1,34,6,125,1,2,HONDA NSS,6,E01031985,0,1
2024161459845,2024,161459845,1,3,0,-1,19,1,5,-1,0,0,0,0,0,0,0,1,-1,6,1,-1,-1,125,1,0,HONDA NSS,-1,-1,0,-1
2024010505356,2024,010505356,2,3,0,7,7,3,6,0,0,1,0,0,0,0,1,1,6,6,1,54,8,125,1,8,HONDA NSS,3,E01001672,0,3
2024010548965,2024,010548965,1,3,0,99,99,9,9,99,99,9,9,99,9,99,2,1,6,6,1,26,6,125,1,1,HONDA NSS,2,E01001320,0,3
2024010510737,2024,010510737,1,3,0,99,99,9,9,99,99,9,9,99,9,99,9,1,2,2,1,28,6,125,1,2,HONDA NSS,5,E01002234,0,1
2024430518803,2024,430518803,2,4,0,18,19,6,2,0,0,4,0,0,0,0,2,1,1,1,1,30,6,125,1,2,HONDA NSS,6,E01016416,0,1
2024010538104,2024,010538104,1,3,0,99,99,9,9,99,99,9,9,99,9,99,9,1,2,2,1,32,6,125,1,8,HONDA NSS,5,E01024283,0,4
2024010547762,2024,010547762,1,3,0,18,19,3,7,0,0,1,1,0,0,0,0,1,6,6,1,38,7,125,1,0,HONDA NSS,2,E01001249,0,1
2024421394061,2024,421394061,1,3,0,-1,14,1,5,-1,0,1,0,0,0,0,1,1,-1,1,1,42,7,125,1,2,HONDA NSS,6,E01021750,0,2
2024010546515,2024,010546515,2,3,0,18,19,8,4,0,0,1,1,0,7,0,1,1,1,1,1,31,6,125,1,2,HONDA NSS,3,E01035654,0,1
2024531466984,2024,531466984,2,4,0,-1,19,8,4,-1,0,2,1,0,0,0,4,1,-1,1,1,19,4,279,1,4,HONDA NSS,6,E01022155,0,1
2024041430921,2024,041430921,1,4,0,-1,19,5,1,-1,0,1,0,0,0,0,1,1,-1,9,1,43,7,330,1,1,HONDA NSS,7,E01025048,0,2
2024430485124,2024,430485124,2,4,0,18,19,5,1,0,0,2,0,0,0,0,4,1,2,2,1,52,8,125,1,2,HONDA NSS,7,E01016764,0,1
2024010508307,2024,010508307,2,3,0,18,19,7,3,0,0,2,0,0,0,0,4,1,6,6,1,58,9,125,1,6,HONDA NSS,9,E01003893,0,1
2024010509222,2024,010509222,2,3,0,99,99,9,9,99,99,9,9,99,9,99,1,1,6,6,3,-1,-1,125,1,1,HONDA NSS,-1,-1,0,-1
2024501530518,2024,501530518,1,3,0,-1,19,3,7,-1,0,0,1,0,0,0,1,1,-1,9,2,50,8,125,1,5,HONDA NSS,10,E01030624,0,5
2024231493430,2024,231493430,2,3,0,-1,19,4,8,-1,0,8,0,0,0,0,1,1,-1,9,1,42,7,125,1,7,HONDA NSS,7,E01028427,0,3
2024421444593,2024,421444593,2,4,0,-1,19,1,5,-1,0,8,1,0,0,0,2,1,-1,6,1,60,9,279,1,5,HONDA NSS,8,E01021347,0,1
2024010514528,2024,010514528,2,2,0,99,99,9,9,99,99,6,9,99,9,99,9,1,6,6,3,-1,-1,330,1,1,HONDA NSS,-1,-1,0,-1
2024010530277,2024,010530277,2,3,5,18,19,3,7,0,0,1,0,0,0,0,1,1,6,6,1,35,6,125,1,4,HONDA NSS,3,E01004718,0,1
2024430069194,2024,430069194,2,3,0,3,3,8,4,0,0,1,0,0,0,0,2,1,6,6,1,42,7,125,1,2,HONDA NSS,4,E01016733,0,1
2024010532455,2024,010532455,1,4,0,18,19,5,1,0,0,0,0,10,7,10,2,1,6,6,1,59,9,330,1,2,HONDA NSS,7,E01002301,0,1
2024471525558,2024,471525558,1,4,0,-1,19,4,8,-1,0,0,1,0,0,0,4,1,-1,6,1,32,6,125,1,2,HONDA NSS,1,E01031436,0,3
2024461511281,2024,461511281,2,3,0,-1,19,3,7,-1,0,0,0,0,0,0,3,1,-1,1,1,42,7,125,1,0,HONDA NSS,5,E01000375,0,1
2024010535537,2024,010535537,2,3,0,18,19,6,2,0,0,1,0,0,0,0,1,1,1,1,1,28,6,125,1,4,HONDA NSS,4,E01004617,0,1
2024101443455,2024,101443455,1,3,0,-1,13,2,6,-1,0,0,0,0,7,0,1,1,-1,6,1,20,4,125,1,1,HONDA NSS,-1,-1,0,-1
2024010498781,2024,010498781,1,3,0,99,99,9,9,99,99,0,9,99,9,99,9,1,1,1,1,36,7,125,1,2,HONDA NSS,3,E01001215,0,3
2024461429703,2024,461429703,3,3,0,-1,10,7,3,-1,0,0,0,0,0,0,2,1,-1,9,1,31,6,125,1,8,HONDA NSS,3,E01033092,0,1
2024010527153,2024,010527153,1,3,0,3,3,9,9,99,99,0,9,99,9,99,1,1,2,2,1,32,6,125,1,6,HONDA NSS,3,E01000553,0,2
2024010526294,2024,010526294,1,3,0,99,99,9,9,99,99,9,9,99,9,99,9,1,1,1,1,34,6,125,1,2,HONDA NSS,4,E01001241,0,2
2024430491482,2024,430491482,1,2,0,18,19,6,2,0,0,0,0,0,0,0,1,1,1,1,1,19,4,125,1,9,HONDA NSS,6,E01028530,0,1
2024451452714,2024,451452714,1,3,0,-1,13,1,4,-1,0,8,0,0,0,0,1,1,-1,2,1,34,6,125,1,3,HONDA NSS,7,E01030651,0,2
2024010510532,2024,010510532,1,3,0,2,2,9,9,99,99,9,9,99,9,99,9,1,2,2,2,26,6,125,1,2,HONDA NSS,3,E01000498,0,2
2024010513101,2024,010513101,2,3,0,99,99,9,9,99,99,9,9,99,9,99,9,1,2,2,3,43,7,125,1,0,HONDA NSS,2,E01000603,0,2
2024010509417,2024,010509417,1,3,0,99,99,9,9,99,99,1,9,99,9,99,9,1,2,2,1,44,7,125,1,7,HONDA NSS,9,E01024143,0,4
2024010533414,2024,010533414,1,3,0,99,99,9,9,99,99,9,9,99,9,99,9,1,1,1,1,43,7,125,1,3,HONDA NSS,10,E01030680,0,4
2024451515388,2024,451515388,2,3,0,-1,19,1,5,-1,0,1,1,0,0,0,4,1,-1,1,1,43,7,125,1,3,HONDA NSS,5,E01030496,0,1
2024451534931,2024,451534931,2,3,0,-1,12,2,6,-1,0,3,0,0,0,0,1,1,-1,1,1,20,4,125,1,1,HONDA NSS,2,E01001328,0,3
2024010524424,2024,010524424,1,4,0,18,19,1,5,0,0,1,0,0,0,0,2,1,1,1,1,42,7,125,1,0,HONDA NSS,3,E01000499,0,2
2024010542775,2024,010542775,2,3,0,99,99,9,9,99,99,9,9,99,9,99,9,1,6,6,1,22,5,125,1,1,HONDA NSS,1,E01000643,0,1
2024430621656,2024,430621656,1,3,0,2,2,0,0,6,6,2,0,0,0,0,2,1,1,1,1,39,7,125,1,4,HONDA NSS,8,E01016334,0,1
2024451454304,2024,451454304,1,3,0,-1,19,1,3,-1,0,3,5,0,0,0,4,1,-1,6,1,33,6,125,1,2,HONDA NSS,10,E01030395,0,4
2024010498076,2024,010498076,1,3,0,99,99,9,9,99,99,0,9,99,9,99,9,1,1,1,3,20,4,125,1,9,HONDA NSS,4,E01032715,0,5
2024010550259,2024,010550259,1,3,0,99,99,9,9,99,99,9,9,99,9,99,9,1,6,6,1,26,6,125,1,8,HONDA NSS,2,E01002735,0,1
2024010548356,2024,010548356,1,4,0,18,19,3,7,0,0,8,0,0,0,0,4,1,1,1,1,29,6,330,1,0,HONDA NSS,2,E01001653,0,1
2024010520279,2024,010520279,1,3,0,99,99,9,9,99,99,9,9,99,9,99,1,1,2,2,1,29,6,125,1,3,HONDA NSS,3,E01003521,0,1
2024010538360,2024,010538360,2,5,0,99,99,9,9,99,99,9,9,99,9,99,9,1,6,6,3,-1,-1,125,1,7,HONDA NSS,-1,-1,0,-1
2024010535704,2024,010535704,1,3,0,99,99,9,9,99,99,9,9,99,9,99,9,1,6,6,3,36,7,125,1,4,HONDA NSS,5,E01001276,0,4
2024010512415,2024,010512415,1,3,0,99,99,9,9,99,99,9,9,99,9,99,1,1,2,2,1,23,5,125,1,3,HONDA NSS,3,E01021764,0,3
2024010515691,2024,010515691,1,3,0,3,3,5,1,0,0,1,0,0,0,0,4,1,6,6,1,32,6,125,1,2,HONDA NSS,3,E01004287,0,1
2024010535154,2024,010535154,1,3,0,18,19,9,9,99,99,9,9,99,9,99,9,1,1,1,3,31,6,125,1,0,HONDA NSS,4,E01004571,0,1
2024010537865,2024,010537865,1,3,0,99,99,9,9,99,99,9,9,99,9,99,9,1,1,1,3,31,6,330,1,0,HONDA NSS,8,E01000653,0,1
2024302401297,2024,302401297,2,4,0,18,19,2,6,0,0,8,0,0,0,0,1,1,6,6,1,64,9,279,1,5,HONDA NSS,2,E01019453,0,1
2024010504611,2024,010504611,1,3,0,99,99,9,9,99,99,9,9,99,9,99,9,1,6,6,1,26,6,125,1,5,HONDA NSS,6,E01000486,0,2
2024421506907,2024,421506907,2,3,0,-1,-1,-1,-1,-1,-1,0,-1,-1,-1,0,-1,1,-1,6,1,28,6,125,1,2,HONDA NSS,4,E01003597,0,3
2024010507291,2024,010507291,1,3,0,18,19,4,8,0,0,1,0,0,0,0,1,1,6,6,1,16,4,125,1,4,HONDA NSS,8,E01004653,0,1
2024471517906,2024,471517906,2,3,0,-1,14,1,5,-1,0,1,1,0,0,0,1,1,-1,6,1,41,7,125,1,6,HONDA NSS,4,E01021138,0,3
2024010540410,2024,010540410,2,3,0,99,99,9,9,99,99,9,0,99,9,99,9,9,6,6,3,-1,-1,125,1,3,HONDA NSS,3,E01004350,0,1
2024010505172,2024,010505172,1,3,0,99,99,9,9,99,99,9,0,99,0,0,9,1,1,1,1,26,6,125,1,1,HONDA NSS,2,E01003350,0,2
2024411414462,2024,411414462,2,3,0,-1,3,-1,-1,-1,0,-1,0,0,0,0,1,1,-1,2,1,28,6,125,1,3,HONDA NSS,10,E01023664,0,1
2024010540392,2024,010540392,2,3,0,18,19,5,1,0,0,1,1,0,0,0,1,1,6,6,1,18,4,125,1,2,HONDA NSS,10,E01004180,0,1
2024430229967,2024,430229967,1,3,0,9,9,8,6,0,0,8,0,0,0,0,4,1,6,6,1,47,8,125,1,2,HONDA NSS,3,E01016389,0,2
2024041484749,2024,041484749,2,4,0,-1,19,5,7,-1,0,8,0,0,0,0,3,1,-1,9,1,44,7,330,1,1,HONDA NSS,7,E01025048,0,1
2024421500401,2024,421500401,2,4,0,-1,19,5,1,-1,0,4,0,0,0,0,4,1,-1,9,1,25,5,330,1,2,HONDA NSS,10,E01021918,0,1
2024430216634,2024,430216634,1,3,0,18,19,6,2,0,0,8,0,0,0,0,4,1,1,1,1,25,5,125,1,2,HONDA NSS,8,E01030800,0,1
2024010544662,2024,010544662,1,3,0,99,99,9,9,99,99,9,9,99,9,99,1,1,1,1,1,27,6,279,1,4,HONDA NSS,5,E01016135,0,4
2024010529481,2024,010529481,2,3,0,18,19,5,1,0,0,2,0,0,0,0,1,1,6,6,1,30,6,125,1,1,HONDA NSS,3,E01000502,0,2
2024010524539,2024,010524539,2,3,0,99,99,9,9,99,99,9,9,99,9,99,1,1,6,6,3,-1,-1,125,1,8,HONDA NSS,-1,-1,0,-1
2024010507789,2024,010507789,1,3,9,99,99,9,9,99,99,9,9,99,9,99,9,1,6,6,3,27,6,125,1,3,HONDA NSS,4,E01001153,0,2
2024461470272,2024,461470272,2,4,0,-1,19,2,6,-1,0,0,0,0,0,0,1,1,-1,9,1,68,10,279,1,5,HONDA NSS,10,E01024046,0,1
2024010537841,2024,010537841,1,3,0,10,10,3,8,0,0,1,0,0,0,0,2,1,6,6,1,27,6,125,1,6,HONDA NSS,7,E01003397,0,2
2024421401473,2024,421401473,2,3,0,-1,10,5,3,-1,0,1,0,0,0,0,1,1,-1,6,1,40,7,125,1,1,HONDA NSS,8,E01021791,0,2
2024421544724,2024,421544724,2,2,0,-1,-1,-1,-1,-1,-1,0,-1,-1,-1,0,-1,1,-1,6,1,24,5,125,1,3,HONDA NSS,4,E01015936,0,1
2024010507524,2024,010507524,1,3,0,99,99,9,9,99,99,9,9,99,9,99,1,1,6,6,1,19,4,125,1,8,HONDA NSS,3,E01034152,0,1
2024332400232,2024,332400232,1,3,0,-1,19,2,6,-1,0,1,0,0,1,10,4,1,-1,1,1,23,5,125,1,6,HONDA NSS,3,E01013776,0,1