collision_index,collision_year,collision_ref_no,vehicle_reference,vehicle_type,towing_and_articulation,vehicle_manoeuvre_historic,vehicle_manoeuvre,vehicle_direction_from,vehicle_direction_to,vehicle_location_restricted_lane_historic,vehicle_location_restricted_lane,junction_location,skidding_and_overturning,hit_object_in_carriageway,vehicle_leaving_carriageway,hit_object_off_carriageway,first_point_of_impact,vehicle_left_hand_drive,journey_purpose_of_driver_historic,journey_purpose_of_driver,sex_of_driver,age_of_driver,age_band_of_driver,engine_capacity_cc,propulsion_code,age_of_vehicle,generic_make_model,driver_imd_decile,lsoa_of_driver,escooter_flag,driver_distance_banding
2024010510185,2024,010510185,1,3,0,99,99,9,9,99,99,1,9,99,9,99,9,1,1,1,3,26,6,125,1,3,YAMAHA GPD,5,E01000996,0,1
2024010500427,2024,010500427,1,3,0,10,10,7,5,0,0,1,0,0,0,0,1,1,1,1,1,23,5,125,1,9,YAMAHA GPD,2,E01021322,0,4
2024421422016,2024,421422016,2,2,0,-1,3,-1,-1,-1,0,0,0,0,0,0,4,1,-1,6,1,28,6,125,1,4,YAMAHA GPD,2,E01021699,0,1
2024010534720,2024,010534720,1,3,0,-1,-1,3,7,0,0,5,0,0,0,0,1,1,6,6,1,19,4,125,1,4,YAMAHA GPD,3,E01003295,0,2
2024010513669,2024,010513669,1,3,0,99,99,9,9,99,99,9,9,99,9,99,1,1,6,6,1,21,5,125,1,1,YAMAHA GPD,8,E01000173,0,2
2024371404466,2024,371404466,1,3,0,-1,9,7,4,-1,0,1,0,0,0,0,1,1,-1,2,1,18,4,125,1,3,YAMAHA GPD,2,E01033122,0,1
2024010499830,2024,010499830,1,3,0,99,99,9,9,99,99,9,9,99,9,99,9,1,6,6,1,20,4,125,1,3,YAMAHA GPD,5,E01001139,0,1
2024010539111,2024,010539111,1,3,9,99,99,9,9,99,99,9,9,99,9,99,9,1,1,1,1,40,7,125,1,3,YAMAHA GPD,3,E01034473,0,3
2024411501563,2024,411501563,1,3,0,-1,8,4,7,-1,0,6,0,0,0,0,2,1,-1,6,1,29,6,125,1,1,YAMAHA GPD,7,E01002198,0,3
2024010522790,2024,010522790,1,3,0,99,99,9,9,99,99,9,9,99,9,99,2,1,1,1,1,30,6,125,1,3,YAMAHA GPD,2,E01004289,0,3
2024440346815,2024,440346815,2,3,0,18,19,3,7,0,0,1,0,0,0,0,2,1,1,1,1,26,6,125,1,0,YAMAHA GPD,3,E01016881,0,4
2024010527418,2024,010527418,2,3,0,5,5,6,2,0,0,2,5,0,0,0,4,1,1,1,1,33,6,125,1,7,YAMAHA GPD,4,E01002101,0,1
2024010499729,2024,010499729,1,3,0,99,99,9,9,99,99,9,9,99,9,99,1,1,1,1,1,32,6,125,1,7,YAMAHA GPD,4,E01000872,0,2
2024311454110,2024,311454110,3,3,0,-1,4,7,3,-1,0,0,0,0,0,0,4,1,-1,9,1,53,8,125,1,5,YAMAHA GPD,9,E01013979,0,1
2024010522060,2024,010522060,1,3,0,99,99,9,9,99,99,9,9,99,9,99,9,1,6,6,3,33,6,125,1,1,YAMAHA GPD,7,E01004108,0,1
2024010511242,2024,010511242,2,3,0,18,19,7,3,9,9,0,1,0,0,0,1,1,6,6,3,-1,-1,125,1,6,YAMAHA GPD,-1,-1,0,-1
2024010539688,2024,010539688,1,3,0,99,99,9,9,99,99,0,9,99,9,99,9,1,6,6,1,24,5,125,1,0,YAMAHA GPD,2,E01001558,0,4
2024010537354,2024,010537354,1,3,9,99,99,9,9,99,99,9,9,99,9,99,9,1,1,1,3,34,6,125,1,1,YAMAHA GPD,6,E01001408,0,3
2024010522534,2024,010522534,1,3,0,99,99,9,9,99,99,0,9,99,9,99,9,1,1,1,3,48,8,125,1,3,YAMAHA GPD,2,E01004219,0,1
2024010525888,2024,010525888,1,3,0,99,99,9,9,99,99,9,9,99,9,99,9,1,1,1,3,36,7,125,1,0,YAMAHA GPD,6,E01002111,0,1
2024440373844,2024,440373844,1,3,0,2,2,0,0,0,0,1,0,0,0,0,1,1,6,6,2,22,5,125,1,1,YAMAHA GPD,4,E01017234,0,1
2024421397008,2024,421397008,1,3,0,-1,19,7,3,-1,0,0,1,0,0,0,0,1,-1,6,1,22,5,125,1,6,YAMAHA GPD,10,E01033613,0,1
2024010536896,2024,010536896,1,3,0,9,9,7,4,0,0,1,0,0,0,0,3,1,6,6,1,22,5,125,1,9,YAMAHA GPD,3,E01003533,0,1
2024010508988,2024,010508988,1,3,0,99,99,9,9,99,99,9,9,99,9,99,9,1,1,1,1,47,8,125,1,2,YAMAHA GPD,3,E01001981,0,1
2024010496841,2024,010496841,1,3,0,99,99,9,9,0,0,8,0,0,9,0,9,1,6,6,2,28,6,125,1,1,YAMAHA GPD,2,E01001560,0,1
2024552401272,2024,552401272,2,3,0,18,19,7,1,0,0,8,0,0,0,0,1,1,2,2,1,21,5,125,1,6,YAMAHA GPD,2,E01015290,0,2
2024010548257,2024,010548257,2,3,0,99,99,9,9,99,99,9,9,99,9,99,2,1,1,1,1,30,6,125,1,2,YAMAHA GPD,5,E01000313,0,1
2024010544775,2024,010544775,2,4,0,99,99,9,9,99,99,9,9,99,9,99,9,1,6,6,3,-1,-1,125,1,1,YAMAHA GPD,-1,-1,0,-1
2024461413090,2024,461413090,2,3,0,-1,2,0,0,-1,0,1,0,0,0,0,1,1,-1,2,2,39,7,125,1,3,YAMAHA GPD,10,E01016575,0,5
2024010499254,2024,010499254,1,3,0,99,99,9,9,99,99,9,9,99,9,99,1,1,6,6,1,25,5,125,1,7,YAMAHA GPD,3,E01033933,0,1
2024010503429,2024,010503429,1,3,9,99,99,9,9,99,99,9,9,99,9,99,9,1,6,6,1,33,6,125,1,2,YAMAHA GPD,1,E01003515,0,4
2024010528873,2024,010528873,1,3,0,99,99,9,9,99,99,9,9,99,9,99,1,9,1,1,1,24,5,125,1,0,YAMAHA GPD,3,E01000082,0,3
2024010533260,2024,010533260,1,3,0,99,99,9,9,99,99,9,9,99,9,99,9,1,1,1,3,26,6,125,1,1,YAMAHA GPD,2,E01002069,0,3
2024010510112,2024,010510112,1,3,0,99,99,9,9,99,99,9,9,99,9,99,1,1,1,1,1,38,7,125,1,3,YAMAHA GPD,2,E01001505,0,1
2024010504051,2024,010504051,1,3,0,99,99,9,9,9,9,9,5,0,0,0,1,1,1,1,1,30,6,125,1,0,YAMAHA GPD,2,E01001479,0,2
2024010503127,2024,010503127,1,3,0,99,99,9,9,99,99,9,9,99,9,99,1,1,1,1,3,21,5,125,1,3,YAMAHA GPD,2,E01001439,0,3
2024010510874,2024,010510874,2,3,0,9,9,5,2,0,0,8,5,0,0,0,2,1,6,6,1,35,6,125,1,2,YAMAHA GPD,3,E01002562,0,1
2024010537963,2024,010537963,1,3,0,18,19,5,1,0,0,0,0,0,0,0,1,1,6,6,1,28,6,125,1,2,YAMAHA GPD,2,E01003174,0,1
2024010523503,2024,010523503,1,3,0,18,19,1,5,0,0,0,0,4,0,0,2,1,2,2,1,28,6,125,1,0,YAMAHA GPD,6,E01002135,0,2
2024010518942,2024,010518942,1,3,9,99,99,9,9,99,99,9,9,99,9,99,9,1,2,2,1,25,5,125,1,9,YAMAHA GPD,4,E01001009,0,1
2024010512220,2024,010512220,1,3,0,18,19,1,5,0,0,0,0,0,0,0,1,1,6,6,1,34,6,125,1,0,YAMAHA GPD,2,E01001710,0,1
2024010539942,2024,010539942,1,3,0,18,19,3,7,0,0,0,5,0,0,0,1,1,6,6,1,25,5,125,1,2,YAMAHA GPD,1,E01002040,0,1
2024440311617,2024,440311617,1,3,0,18,19,8,4,0,0,2,0,0,0,0,0,1,6,6,1,29,6,125,1,0,YAMAHA GPD,6,E01035443,0,1
2024010519967,2024,010519967,2,3,0,18,19,1,5,0,0,8,0,0,0,0,3,1,1,1,1,33,6,125,1,3,YAMAHA GPD,2,E01004420,0,1
2024461406597,2024,461406597,1,3,0,-1,19,7,3,-1,0,1,0,0,0,0,1,1,-1,1,1,38,7,125,1,3,YAMAHA GPD,1,E01024278,0,1
2024010518003,2024,010518003,1,3,0,99,99,9,9,99,99,0,9,99,9,99,9,1,2,2,1,36,7,125,1,2,YAMAHA GPD,3,E01001448,0,2
2024010498413,2024,010498413,1,3,0,99,99,9,9,99,99,9,9,99,9,99,9,1,1,1,3,38,7,125,1,7,YAMAHA GPD,2,E01003507,0,2
2024010501125,2024,010501125,1,3,0,99,99,9,9,99,99,0,9,99,9,99,1,1,1,1,1,37,7,125,1,5,YAMAHA GPD,6,E01000575,0,3
2024010498828,2024,010498828,2,3,0,18,19,5,1,0,0,8,0,0,0,0,3,1,6,6,1,56,9,125,1,2,YAMAHA GPD,3,E01034201,0,1
2024421477582,2024,421477582,2,3,0,-1,19,6,2,-1,0,0,0,0,0,0,1,1,-1,9,1,23,5,125,1,3,YAMAHA GPD,5,E01033788,0,3
2024440535353,2024,440535353,1,3,0,18,19,6,2,0,0,0,0,0,0,0,4,1,1,1,1,53,8,125,1,1,YAMAHA GPD,2,E01017244,0,1
2024010542903,2024,010542903,2,3,0,18,19,1,5,0,0,1,5,0,0,0,1,1,1,1,1,28,6,125,1,1,YAMAHA GPD,7,E01002166,0,1
2024610009324,2024,610009324,2,3,0,18,19,9,9,0,0,1,0,0,0,0,1,1,6,6,2,33,6,125,1,1,YAMAHA GPD,1,W01001643,0,1
2024010499536,2024,010499536,1,3,0,99,99,9,9,99,99,9,9,99,9,99,1,1,1,1,3,29,6,125,1,5,YAMAHA GPD,3,E01002049,0,1
2024010536037,2024,010536037,1,3,0,99,99,9,9,99,99,9,9,99,9,99,9,1,2,2,2,33,6,125,1,1,YAMAHA GPD,3,E01035681,0,1
2024010526277,2024,010526277,2,3,0,14,14,5,1,0,0,6,0,0,0,0,1,1,6,6,1,27,6,125,1,7,YAMAHA GPD,1,E01003318,0,1
2024010498246,2024,010498246,1,3,0,3,3,9,9,99,99,9,9,99,9,99,2,1,1,1,3,28,6,125,1,1,YAMAHA GPD,7,E01002207,0,1
2024471463003,2024,471463003,2,3,0,-1,19,2,6,-1,0,0,0,0,0,0,1,1,-1,1,1,34,6,125,1,2,YAMAHA GPD,3,E01021003,0,2
2024010521393,2024,010521393,2,3,0,99,99,9,9,99,99,9,9,99,9,99,9,1,6,6,1,-1,-1,125,1,4,YAMAHA GPD,3,E01003081,0,1
2024010548603,2024,010548603,1,3,0,99,99,3,7,99,99,0,9,99,9,99,1,1,2,2,1,34,6,125,1,0,YAMAHA GPD,1,E01002071,0,3
2024010549480,2024,010549480,1,3,0,3,3,9,9,99,99,4,9,99,9,99,2,1,2,2,3,30,6,125,1,2,YAMAHA GPD,2,E01000097,0,2
2024010526011,2024,010526011,1,3,0,99,99,9,9,99,99,9,9,99,9,99,9,1,6,6,1,21,5,125,1,0,YAMAHA GPD,6,E01002138,0,3
2024010501925,2024,010501925,1,3,0,99,99,9,9,99,99,9,9,99,9,99,1,1,1,1,1,37,7,125,1,1,YAMAHA GPD,2,E01000744,0,3
2024010497523,2024,010497523,1,3,0,99,99,9,9,99,99,9,9,99,9,99,1,1,6,6,1,28,6,125,1,3,YAMAHA GPD,1,E01000528,0,1
2024010541043,2024,010541043,1,4,0,99,99,9,9,99,99,0,9,99,9,99,9,1,2,2,1,23,5,125,1,0,YAMAHA GPD,3,E01004036,0,3
2024010500380,2024,010500380,1,3,0,99,99,9,9,99,99,9,9,99,9,99,1,1,2,2,1,38,7,125,1,3,YAMAHA GPD,3,E01001812,0,1
2024010502110,2024,010502110,2,3,0,13,13,7,3,0,0,0,0,0,0,0,1,1,6,6,1,31,6,125,1,2,YAMAHA GPD,-1,-1,0,-1
2024010534974,2024,010534974,2,3,0,99,99,9,9,99,99,1,9,99,9,99,9,1,1,1,3,54,8,125,1,3,YAMAHA GPD,8,E01000991,0,4
2024010503357,2024,010503357,2,3,0,18,19,3,7,0,0,1,0,0,0,0,1,1,6,6,1,29,6,125,1,7,YAMAHA GPD,5,E01003186,0,2
2024010505757,2024,010505757,1,3,0,99,99,9,9,99,99,9,9,99,9,99,1,1,6,6,1,38,7,125,1,1,YAMAHA GPD,3,E01000405,0,4
2024010536682,2024,010536682,2,3,0,18,19,5,1,0,0,1,0,0,0,0,1,1,1,1,1,25,5,125,1,4,YAMAHA GPD,4,E01003534,0,1
2024440423452,2024,440423452,2,2,0,13,13,5,1,0,0,2,0,0,0,0,1,1,1,1,1,31,6,125,1,1,YAMAHA GPD,5,E01017137,0,1
2024010541773,2024,010541773,1,3,9,99,99,9,9,99,99,9,9,99,9,99,2,1,1,1,1,38,7,125,1,4,YAMAHA GPD,3,E01001311,0,1
2024010506364,2024,010506364,2,4,0,18,19,5,1,0,0,1,0,0,0,0,4,1,6,6,1,21,5,125,1,3,YAMAHA GPD,3,E01034389,0,2
2024461529663,2024,461529663,2,3,0,-1,13,5,1,-1,0,0,9,0,0,0,1,1,-1,9,1,25,5,125,1,0,YAMAHA GPD,3,E01034991,0,1
2024010503249,2024,010503249,1,3,0,99,99,9,9,99,99,9,9,99,9,99,9,1,1,1,2,23,5,125,1,0,YAMAHA GPD,6,E01002182,0,2
2024010499500,2024,010499500,1,3,0,3,3,7,3,0,0,1,0,0,0,0,0,1,6,6,1,21,5,125,1,2,YAMAHA GPD,4,E01003014,0,2
2024010505579,2024,010505579,1,3,0,99,99,9,9,99,99,9,9,99,9,99,9,1,1,1,3,23,5,125,1,4,YAMAHA GPD,3,E01033943,0,4
2024010543404,2024,010543404,1,3,0,99,99,9,9,99,99,1,9,99,9,99,1,1,1,1,3,31,6,125,1,5,YAMAHA GPD,5,E01001347,0,2
2024010513681,2024,010513681,1,4,0,99,99,9,9,99,99,9,9,99,9,99,2,1,1,1,1,27,6,125,1,4,YAMAHA GPD,3,E01003541,0,1
2024461459205,2024,461459205,2,3,0,-1,2,0,0,-1,0,1,0,0,0,0,1,1,-1,1,2,24,5,125,1,1,YAMAHA GPD,4,E01000780,0,3
2024010528283,2024,010528283,1,3,0,99,99,9,9,99,99,0,9,99,9,99,9,1,1,1,3,31,6,125,1,3,YAMAHA GPD,4,E01003405,0,1
2024522402504,2024,522402504,1,3,0,2,2,0,0,0,0,1,0,0,0,0,1,1,6,6,1,40,7,125,1,0,YAMAHA GPD,1,E01014596,0,1
2024010500335,2024,010500335,1,3,9,99,99,9,9,99,99,9,9,99,9,99,1,1,1,1,1,22,5,125,1,3,YAMAHA GPD,2,E01001427,0,1
2024010522571,2024,010522571,2,3,0,18,19,7,3,0,0,1,0,0,0,0,1,1,1,1,1,29,6,125,1,0,YAMAHA GPD,7,E01002177,0,1
2024010518054,2024,010518054,1,3,0,99,99,9,9,99,99,9,9,99,9,99,1,1,1,1,1,20,4,125,1,1,YAMAHA GPD,1,E01000524,0,1
2024010525610,2024,010525610,1,3,0,18,19,3,7,0,0,1,0,0,0,0,1,1,1,1,1,19,4,125,1,2,YAMAHA GPD,5,E01003292,0,2
2024010516209,2024,010516209,1,3,0,99,99,9,9,99,99,9,9,99,9,99,9,1,1,1,1,34,6,125,1,1,YAMAHA GPD,3,E01001493,0,2
2024010544988,2024,010544988,1,3,0,13,13,3,7,0,0,1,1,10,1,11,1,1,6,6,1,21,5,125,1,2,YAMAHA GPD,4,E01030615,0,3
2024010521742,2024,010521742,2,3,0,13,13,9,9,99,99,9,9,99,9,99,1,9,6,6,3,-1,-1,125,1,3,YAMAHA GPD,4,E01001934,0,3
2024010493696,2024,010493696,2,3,0,4,4,7,3,0,0,4,0,0,0,0,0,1,6,6,1,26,6,125,1,2,YAMAHA GPD,3,E01000024,0,1
2024010515021,2024,010515021,2,3,0,18,19,1,5,0,0,1,5,0,0,0,1,1,1,1,1,39,7,125,1,0,YAMAHA GPD,2,E01003509,0,1
2024010534398,2024,010534398,1,3,0,99,99,9,9,99,99,9,9,99,9,99,9,1,1,1,3,34,6,125,1,8,YAMAHA GPD,7,E01000160,0,4
2024010544381,2024,010544381,1,3,0,3,3,9,9,99,99,9,9,99,9,99,9,1,1,1,3,27,6,125,1,2,YAMAHA GPD,1,E01003515,0,1
2024421442609,2024,421442609,2,3,0,-1,3,7,-1,-1,0,3,0,0,0,0,2,1,-1,2,1,29,6,125,1,3,YAMAHA GPD,3,E01021245,0,3
2024010530872,2024,010530872,2,3,0,9,9,3,1,0,0,8,0,0,0,0,3,1,6,6,1,39,7,125,1,8,YAMAHA GPD,2,E01000019,0,1
2024010498955,2024,010498955,1,3,0,99,99,9,9,99,99,1,9,99,9,99,9,1,6,6,1,25,5,125,1,1,YAMAHA GPD,4,E01035686,0,1
2024141546507,2024,141546507,1,3,0,-1,19,5,1,-1,0,0,0,0,0,0,1,1,-1,2,1,23,5,125,1,8,YAMAHA GPD,1,E01033277,0,1
2024010505641,2024,010505641,1,3,9,99,99,9,9,99,99,9,9,99,9,99,9,1,6,6,1,23,5,125,1,1,YAMAHA GPD,3,E01003988,0,2
2024010490433,2024,010490433,2,3,0,18,19,1,5,0,0,2,0,0,0,0,0,1,6,6,1,21,5,125,1,1,YAMAHA GPD,2,E01001729,0,2
2024010521857,2024,010521857,1,3,0,99,99,9,9,99,99,9,9,99,9,99,9,1,6,6,2,25,5,125,1,1,YAMAHA GPD,2,E01002553,0,2
2024451442510,2024,451442510,1,3,0,-1,99,7,3,-1,99,0,9,99,0,0,9,1,-1,2,1,30,6,125,1,3,YAMAHA GPD,3,E01002603,0,2
2024010529306,2024,010529306,1,3,0,99,99,9,9,99,99,9,9,99,9,99,2,1,6,6,2,47,8,125,1,1,YAMAHA GPD,7,E01004700,0,1
2024010518689,2024,010518689,1,3,0,13,13,9,9,99,99,1,9,99,9,99,9,1,1,1,1,21,5,125,1,1,YAMAHA GPD,2,E01001427,0,3
2024440132199,2024,440132199,1,3,0,3,3,4,8,0,0,1,0,0,0,0,1,1,1,1,1,28,6,125,1,2,YAMAHA GPD,2,E01033383,0,1
2024421473972,2024,421473972,1,3,0,-1,19,5,1,-1,0,0,0,0,1,4,1,1,-1,9,2,26,6,125,1,1,YAMAHA GPD,2,E01021286,0,2
202454E985524,2024,54E985524,1,4,0,18,19,2,6,0,0,0,0,0,0,0,1,1,1,1,1,35,6,125,1,0,YAMAHA GPD,4,E01015578,0,1
2024010549652,2024,010549652,2,3,0,-1,-1,1,5,0,0,8,0,0,0,0,1,1,1,1,1,38,7,125,1,0,YAMAHA GPD,-1,-1,0,-1
2024010531972,2024,010531972,1,4,0,99,99,9,9,99,99,9,9,99,9,99,9,1,1,1,1,31,6,125,1,2,YAMAHA GPD,3,E01003723,0,3
2024411467851,2024,411467851,2,3,-1,-1,-1,-1,-1,-1,-1,-1,-1,-1,-1,0,-1,1,-1,2,1,38,7,125,1,3,YAMAHA GPD,2,E01001433,0,4
2024430580025,2024,430580025,2,3,0,14,14,4,8,0,0,8,0,0,0,0,4,1,6,6,1,24,5,125,1,4,YAMAHA GPD,-1,-1,0,-1
2024010532845,2024,010532845,1,3,0,99,99,9,9,99,99,9,9,99,9,99,9,1,1,1,3,47,8,125,1,0,YAMAHA GPD,1,E01002095,0,2
2024010504006,2024,010504006,1,3,0,99,99,9,9,99,99,9,9,99,9,99,9,1,1,1,1,33,6,125,1,3,YAMAHA GPD,6,E01003703,0,1
2024451459561,2024,451459561,1,3,0,-1,13,3,7,-1,0,1,0,0,0,0,4,1,-1,9,1,17,4,125,1,7,YAMAHA GPD,8,E01034286,0,1
2024440101824,2024,440101824,2,3,0,3,3,7,3,0,0,0,0,0,0,0,2,1,6,6,1,27,6,125,1,6,YAMAHA GPD,1,E01017155,0,1
2024010505855,2024,010505855,2,3,0,18,19,1,5,4,4,2,0,0,0,0,1,1,6,6,1,39,7,125,1,3,YAMAHA GPD,3,E01004367,0,1
2024010551566,2024,010551566,1,3,0,99,99,9,9,99,99,9,9,99,9,99,1,1,2,2,1,26,6,125,1,2,YAMAHA GPD,6,E01003140,0,2
2024991522314,2024,991522314,2,4,0,-1,19,3,7,-1,0,0,1,0,0,0,1,1,-1,1,1,27,6,125,1,3,YAMAHA GPD,1,-1,0,2
2024430532710,2024,430532710,1,3,0,14,14,5,1,0,0,1,0,0,0,0,1,1,6,6,1,29,6,125,1,2,YAMAHA GPD,-1,-1,0,-1
2024010549177,2024,010549177,1,3,0,99,99,9,9,99,99,9,9,99,9,99,9,1,1,1,1,57,9,125,1,4,YAMAHA GPD,6,E01001597,0,1
2024010539589,2024,010539589,1,3,0,99,99,9,9,99,99,1,9,99,9,99,9,1,1,1,3,28,6,125,1,3,YAMAHA GPD,6,E01002674,0,1
2024010517311,2024,010517311,1,3,0,99,99,9,9,99,99,9,9,99,9,99,9,1,1,1,2,29,6,125,1,3,YAMAHA GPD,4,E01000570,0,1
2024010533451,2024,010533451,1,3,0,99,99,9,9,99,99,9,9,99,9,99,9,1,1,1,1,39,7,125,1,1,YAMAHA GPD,3,E01001503,0,1
2024010508066,2024,010508066,1,3,0,14,14,7,3,0,0,1,5,0,0,0,1,1,6,6,1,22,5,125,1,1,YAMAHA GPD,5,E01033739,0,2
2024421442855,2024,421442855,2,3,0,-1,3,1,5,-1,0,1,0,0,0,0,2,1,-1,2,1,24,5,125,1,4,YAMAHA GPD,10,E01034084,0,1
2024421484092,2024,421484092,2,3,0,-1,19,1,5,-1,0,1,0,0,0,0,4,1,-1,6,1,19,4,125,1,0,YAMAHA GPD,2,E01003509,0,4
2024010543292,2024,010543292,2,3,0,18,19,2,6,0,0,8,0,0,7,0,4,1,1,1,1,22,5,125,1,3,YAMAHA GPD,6,E01001086,0,1
2024451493663,2024,451493663,1,3,0,-1,19,7,5,-1,0,2,0,0,0,0,1,1,-1,9,1,35,6,125,1,1,YAMAHA GPD,-1,-1,0,-1
2024010499388,2024,010499388,1,3,0,99,99,9,9,99,99,9,9,99,9,99,1,1,6,6,3,-1,-1,125,1,3,YAMAHA GPD,2,E01001800,0,3
2024010545936,2024,010545936,2,3,0,18,19,5,1,0,0,8,5,0,0,0,1,1,6,6,1,29,6,125,1,1,YAMAHA GPD,5,E01000593,0,1
2024010529373,2024,010529373,1,3,0,99,99,9,9,99,99,9,9,99,9,99,9,1,1,1,1,40,7,125,1,0,YAMAHA GPD,2,E01001505,0,3
2024010500746,2024,010500746,1,3,0,3,3,9,9,99,99,9,9,99,9,99,2,9,1,1,1,38,7,125,1,4,YAMAHA GPD,4,E01003568,0,4
2024010529126,2024,010529126,2,3,0,18,19,3,7,0,0,2,1,0,0,0,1,1,6,6,1,24,5,125,1,5,YAMAHA GPD,2,E01001824,0,1
2024010505354,2024,010505354,1,3,0,99,99,9,9,99,99,9,9,99,9,99,1,1,6,6,1,27,6,125,1,2,YAMAHA GPD,6,E01004482,0,1
2024430563420,2024,430563420,1,4,0,18,19,8,4,0,0,8,0,0,0,0,1,1,6,6,1,28,6,125,1,5,YAMAHA GPD,6,E01017839,0,1
2024010535657,2024,010535657,1,3,9,99,99,9,9,99,99,1,0,99,9,99,9,1,1,1,3,25,5,125,1,2,YAMAHA GPD,5,E01021443,0,4
2024010506464,2024,010506464,1,3,0,18,19,9,9,99,99,0,9,99,9,99,9,1,1,1,1,32,6,125,1,0,YAMAHA GPD,6,E01003149,0,1
2024010508840,2024,010508840,2,3,9,99,99,9,9,99,99,9,9,99,9,99,2,1,6,6,3,-1,-1,125,1,0,YAMAHA GPD,-1,-1,0,-1
2024010510186,2024,010510186,1,3,0,99,99,9,9,99,99,9,9,99,9,99,2,1,6,6,1,22,5,125,1,3,YAMAHA GPD,3,E01003569,0,1
2024010535722,2024,010535722,2,3,0,18,19,5,1,0,0,8,0,0,0,0,3,1,6,6,2,27,6,125,1,8,YAMAHA GPD,6,E01002639,0,2
2024010539666,2024,010539666,1,3,9,99,99,9,9,99,99,9,9,99,9,99,9,1,1,1,1,33,6,125,1,3,YAMAHA GPD,3,E01001812,0,2
2024010520333,2024,010520333,1,3,0,99,99,9,9,99,99,9,9,99,9,99,9,1,1,1,3,26,6,125,1,1,YAMAHA GPD,2,E01001433,0,4
2024010500738,2024,010500738,1,3,0,99,99,9,9,99,99,9,9,99,9,99,9,1,2,2,3,27,6,125,1,5,YAMAHA GPD,4,E01001444,0,2
2024010547162,2024,010547162,1,3,0,18,19,1,5,0,0,8,0,0,0,0,1,1,6,6,1,19,4,125,1,2,YAMAHA GPD,-1,-1,0,-1
2024430100640,2024,430100640,1,3,0,17,19,7,4,0,0,0,0,0,0,0,1,1,6,6,1,35,6,125,1,3,YAMAHA GPD,7,E01002982,0,4
2024010546458,2024,010546458,2,3,0,18,19,3,7,0,0,1,0,0,0,0,1,1,1,1,1,42,7,125,1,4,YAMAHA GPD,7,E01000492,0,1
2024010499895,2024,010499895,1,3,0,99,99,9,9,99,99,9,9,99,9,99,9,1,2,2,3,27,6,125,1,1,YAMAHA GPD,3,E01001969,0,1
2024010544219,2024,010544219,1,3,0,18,19,7,3,0,0,8,0,11,0,0,1,1,2,2,1,19,4,125,1,5,YAMAHA GPD,8,E01004072,0,1
2024010513841,2024,010513841,2,3,0,18,19,7,3,0,0,1,0,0,0,0,4,1,6,6,1,21,5,125,1,4,YAMAHA GPD,2,E01004757,0,1
2024010531061,2024,010531061,2,3,0,18,19,1,5,0,0,1,2,0,0,0,3,1,6,6,1,32,6,125,1,6,YAMAHA GPD,7,E01000295,0,2
2024010491753,2024,010491753,1,3,0,14,14,1,5,0,0,1,0,0,0,0,1,1,6,6,1,32,6,125,1,5,YAMAHA GPD,3,E01003571,0,1
2024010548935,2024,010548935,1,3,0,3,3,3,7,0,0,1,0,0,0,0,2,1,1,1,1,40,7,125,1,4,YAMAHA GPD,5,E01003186,0,1
2024010516533,2024,010516533,2,3,0,18,19,1,5,1,1,1,0,0,0,0,1,1,6,6,2,38,7,125,1,1,YAMAHA GPD,3,E01000506,0,2
2024010516111,2024,010516111,2,3,0,4,4,1,5,0,0,1,0,0,0,0,1,1,1,1,1,40,7,125,1,1,YAMAHA GPD,8,E01004195,0,1
2024010510173,2024,010510173,1,3,0,99,99,9,9,99,99,9,9,99,9,99,9,1,6,6,3,32,6,125,1,6,YAMAHA GPD,4,E01004031,0,3
2024010498234,2024,010498234,1,3,0,99,99,9,9,99,99,9,9,99,9,99,9,1,6,6,3,25,5,125,1,1,YAMAHA GPD,3,E01001180,0,1
2024010518245,2024,010518245,1,3,0,99,99,9,9,99,99,0,9,99,9,99,1,1,1,1,3,35,6,125,1,8,YAMAHA GPD,3,E01034145,0,2
2024471410408,2024,471410408,1,3,0,-1,19,8,5,-1,0,1,0,0,0,0,1,1,-1,1,2,33,6,125,1,4,YAMAHA GPD,9,E01016980,0,1
2024010521949,2024,010521949,2,3,0,18,19,3,7,0,0,1,0,0,0,0,1,1,6,6,1,22,5,125,1,3,YAMAHA GPD,2,E01034479,0,1
2024010529920,2024,010529920,3,3,0,18,19,7,3,0,0,8,0,0,0,0,1,1,6,6,1,25,5,125,1,7,YAMAHA GPD,2,E01000097,0,1
2024010502749,2024,010502749,1,3,0,99,99,9,9,99,99,1,9,99,9,99,9,1,6,6,3,31,6,125,1,7,YAMAHA GPD,8,E01000844,0,1