collision_index,collision_year,collision_ref_no,vehicle_reference,vehicle_type,towing_and_articulation,vehicle_manoeuvre_historic,vehicle_manoeuvre,vehicle_direction_from,vehicle_direction_to,vehicle_location_restricted_lane_historic,vehicle_location_restricted_lane,junction_location,skidding_and_overturning,hit_object_in_carriageway,vehicle_leaving_carriageway,hit_object_off_carriageway,first_point_of_impact,vehicle_left_hand_drive,journey_purpose_of_driver_historic,journey_purpose_of_driver,sex_of_driver,age_of_driver,age_band_of_driver,engine_capacity_cc,propulsion_code,age_of_vehicle,generic_make_model,driver_imd_decile,lsoa_of_driver,escooter_flag,driver_distance_banding
2024010530518,2024,010530518,1,3,0,13,13,4,8,0,0,8,0,0,0,0,1,1,6,6,1,18,4,125,1,5,YAMAHA GPD,4,E01003222,0,2
2024522403389,2024,522403389,1,3,0,4,4,7,3,0,0,0,0,0,0,0,1,1,6,6,1,44,7,125,1,6,YAMAHA GPD,10,E01033334,0,2
2024522401623,2024,522401623,2,3,0,6,6,8,8,0,0,0,0,0,0,0,1,1,6,6,3,-1,-1,125,1,3,YAMAHA GPD,-1,-1,0,-1
2024010542931,2024,010542931,2,3,0,99,99,9,9,99,99,9,9,99,9,99,1,1,1,1,1,29,6,125,1,0,YAMAHA GPD,6,E01001685,0,1
2024430621692,2024,430621692,1,3,0,18,19,3,7,2,2,1,1,0,0,0,1,1,6,6,1,29,6,125,1,0,YAMAHA GPD,2,E01016464,0,1
2024010525463,2024,010525463,2,3,0,99,99,9,9,99,99,9,9,99,9,99,1,1,6,6,1,49,8,125,1,3,YAMAHA GPD,4,E01034605,0,4
2024010525444,2024,010525444,1,3,0,18,19,3,7,0,0,1,0,0,0,0,1,1,6,6,1,22,5,125,1,5,YAMAHA GPD,2,E01001334,0,2
2024440160829,2024,440160829,1,3,0,18,19,4,8,0,0,1,0,0,0,0,4,1,1,1,1,26,6,125,1,0,YAMAHA GPD,6,E01022669,0,2
2024010548737,2024,010548737,2,3,0,18,19,1,5,0,0,0,0,0,0,0,4,1,2,2,1,53,8,125,1,3,YAMAHA GPD,-1,-1,0,-1
2024010508510,2024,010508510,1,3,0,99,99,9,9,0,0,1,0,0,0,0,9,1,1,1,1,28,6,125,1,0,YAMAHA GPD,4,E01000478,0,3
2024421440477,2024,421440477,1,3,0,-1,15,3,7,-1,0,1,1,0,0,0,1,1,-1,1,1,33,6,125,1,1,YAMAHA GPD,9,E01015845,0,2
2024010510887,2024,010510887,2,3,0,18,19,3,7,0,0,0,0,0,0,0,3,1,6,6,1,24,5,125,1,3,YAMAHA GPD,3,E01035678,0,1
2024010486851,2024,010486851,1,3,0,18,19,5,1,0,0,0,0,0,0,0,1,1,6,6,1,20,4,125,1,2,YAMAHA GPD,3,E01002102,0,1
2024010494440,2024,010494440,1,3,0,99,99,9,9,99,99,0,9,99,9,99,9,1,1,1,1,29,6,125,1,4,YAMAHA GPD,4,E01003554,0,1
2024010545887,2024,010545887,1,3,0,13,13,3,7,0,0,1,0,0,1,0,4,1,6,6,1,29,6,125,1,6,YAMAHA GPD,3,E01032774,0,1
2024010510517,2024,010510517,1,3,0,99,99,9,9,99,99,9,9,99,9,99,9,1,6,6,1,26,6,125,1,0,YAMAHA GPD,5,E01004414,0,1
2024010516903,2024,010516903,1,2,0,18,19,7,3,4,4,0,0,0,0,0,1,1,6,6,1,18,4,125,1,4,YAMAHA GPD,3,E01002766,0,1
2024010508507,2024,010508507,1,3,0,99,99,9,9,99,99,9,9,99,9,99,1,1,1,1,1,28,6,125,1,4,YAMAHA GPD,3,E01001448,0,3
2024010530302,2024,010530302,1,3,0,99,99,9,9,99,99,9,9,99,9,99,9,1,1,1,1,36,7,125,1,3,YAMAHA GPD,3,E01003120,0,1
2024010507498,2024,010507498,1,3,0,99,99,9,9,99,99,0,9,99,9,99,2,1,2,2,1,33,6,125,1,1,YAMAHA GPD,3,E01001547,0,4
2024010504776,2024,010504776,1,3,0,7,7,1,3,0,0,1,0,0,0,0,1,1,2,2,1,26,6,125,1,5,YAMAHA GPD,2,E01003591,0,2
2024010521483,2024,010521483,2,3,0,5,5,1,5,0,0,2,0,0,0,0,3,1,6,6,1,24,5,125,1,4,YAMAHA GPD,2,E01001110,0,1
2024010497862,2024,010497862,1,3,0,18,19,9,9,99,99,0,9,99,9,99,9,1,2,2,3,45,7,125,1,1,YAMAHA GPD,3,E01003526,0,3
2024010539044,2024,010539044,1,3,0,99,99,9,9,99,99,9,9,99,9,99,9,1,6,6,3,50,8,125,1,1,YAMAHA GPD,5,E01000224,0,1
2024010505524,2024,010505524,2,2,0,-1,-1,3,7,0,0,1,5,4,0,0,1,1,1,1,1,25,5,125,1,7,YAMAHA GPD,6,E01035715,0,1
2024010507493,2024,010507493,1,3,0,99,99,9,9,99,99,9,9,99,9,99,9,1,2,2,1,37,7,125,1,8,YAMAHA GPD,6,E01003227,0,2
2024010548667,2024,010548667,1,3,0,18,19,7,3,0,0,1,0,0,0,0,3,1,6,6,1,24,5,125,1,7,YAMAHA GPD,2,E01001283,0,1
2024010495951,2024,010495951,1,3,0,18,19,1,5,0,0,8,2,0,0,0,1,1,6,6,1,21,5,125,1,4,YAMAHA GPD,3,E01004679,0,1
2024010549192,2024,010549192,2,3,0,18,19,3,7,0,0,1,0,0,0,0,1,1,6,6,2,34,6,125,1,1,YAMAHA GPD,6,E01000174,0,1
2024010537749,2024,010537749,1,3,0,3,3,9,9,99,99,9,9,99,9,99,1,1,1,1,1,27,6,125,1,2,YAMAHA GPD,7,E01003393,0,1
2024010523040,2024,010523040,1,3,0,-1,-1,7,3,0,0,0,0,0,0,0,1,1,6,6,1,16,4,125,1,5,YAMAHA GPD,4,E01001887,0,1
2024010507212,2024,010507212,1,3,0,18,19,5,1,0,0,0,0,0,0,0,1,1,6,6,3,-1,-1,125,1,6,YAMAHA GPD,-1,-1,0,-1
2024010507381,2024,010507381,1,3,0,99,99,9,9,99,99,9,9,99,9,99,9,1,1,1,1,24,5,125,1,3,YAMAHA GPD,3,E01033591,0,2
2024010551263,2024,010551263,2,3,0,18,19,7,3,0,0,2,5,0,0,0,1,1,6,6,1,21,5,125,1,7,YAMAHA GPD,3,E01003032,0,1
2024010502539,2024,010502539,1,3,0,99,99,9,9,99,99,9,9,99,9,99,1,1,1,1,1,32,6,125,1,3,YAMAHA GPD,6,E01024152,0,1
2024010540642,2024,010540642,1,3,0,99,99,9,9,99,99,9,9,99,9,99,9,1,2,2,1,21,5,125,1,3,YAMAHA GPD,10,E01030395,0,2
2024440143709,2024,440143709,2,3,0,18,19,1,5,0,0,8,0,0,0,0,1,1,1,1,1,28,6,125,1,1,YAMAHA GPD,5,E01017171,0,1
2024430343980,2024,430343980,2,3,0,18,19,7,3,0,0,0,0,0,0,0,3,1,2,2,3,40,7,125,1,7,YAMAHA GPD,3,E01028577,0,1
2024201489976,2024,201489976,2,4,0,-1,7,3,4,-1,0,6,0,8,0,0,3,1,-1,6,1,35,6,125,1,2,YAMAHA GPD,1,E01010527,0,4
2024010517928,2024,010517928,2,3,0,18,19,5,1,0,0,8,0,0,0,0,1,1,1,1,1,22,5,125,1,4,YAMAHA GPD,6,E01002258,0,4
2024010519532,2024,010519532,1,3,0,99,99,9,9,99,99,9,9,99,9,99,9,1,1,1,1,30,6,125,1,3,YAMAHA GPD,4,E01000171,0,3
2024010524723,2024,010524723,1,3,0,14,14,3,7,0,0,1,0,0,0,0,1,1,2,2,1,32,6,125,1,6,YAMAHA GPD,2,E01001827,0,1
2024010543486,2024,010543486,1,3,0,18,19,3,7,2,2,1,5,0,0,0,3,1,1,1,1,38,7,125,1,3,YAMAHA GPD,4,E01002847,0,1
2024010536275,2024,010536275,1,3,0,18,19,3,7,0,0,8,1,0,0,0,1,1,1,1,1,45,7,125,1,9,YAMAHA GPD,5,E01004375,0,1
2024430482223,2024,430482223,1,3,0,3,3,6,2,0,0,0,0,0,0,0,2,1,1,1,1,47,8,125,1,2,YAMAHA GPD,6,E01033418,0,2
2024010546098,2024,010546098,1,3,0,99,99,9,9,99,99,2,9,99,9,99,9,1,1,1,3,39,7,125,1,0,YAMAHA GPD,5,E01001615,0,2
2024010545574,2024,010545574,1,3,0,18,19,4,8,0,0,2,0,0,0,0,1,1,2,2,1,19,4,125,1,3,YAMAHA GPD,3,E01035498,0,1
2024010504762,2024,010504762,1,3,0,99,99,9,9,99,99,9,9,99,9,99,1,1,1,1,1,27,6,125,1,1,YAMAHA GPD,2,E01002033,0,1
2024421456991,2024,421456991,2,3,-1,-1,19,1,5,-1,0,1,0,0,0,0,-1,1,-1,1,2,44,7,125,1,2,YAMAHA GPD,7,E01004360,0,1
2024010502530,2024,010502530,1,3,0,99,99,9,9,99,99,9,9,99,9,99,1,1,1,1,2,51,8,125,1,3,YAMAHA GPD,2,E01002074,0,2
2024010514270,2024,010514270,2,3,0,18,19,1,5,0,0,1,0,0,0,0,4,1,6,6,1,22,5,125,1,3,YAMAHA GPD,2,E01003187,0,1
2024010542892,2024,010542892,1,3,0,99,99,9,9,99,99,9,9,99,9,99,9,9,6,6,1,37,7,125,1,1,YAMAHA GPD,5,E01003186,0,1
2024010499720,2024,010499720,1,3,0,99,99,9,9,99,99,9,9,99,9,99,9,1,1,1,2,34,6,125,1,3,YAMAHA GPD,4,E01004572,0,2
2024010507384,2024,010507384,1,3,0,99,99,9,9,99,99,9,9,99,9,99,9,1,1,1,1,27,6,125,1,0,YAMAHA GPD,1,E01004042,0,3
2024010507641,2024,010507641,1,4,0,99,99,9,9,99,99,9,9,99,9,99,1,1,1,1,1,31,6,125,1,0,YAMAHA GPD,6,E01000150,0,1
2024010542804,2024,010542804,2,3,0,99,99,9,9,99,99,1,9,99,9,99,9,1,1,1,3,22,5,125,1,2,YAMAHA GPD,3,E01002045,0,2
2024010517040,2024,010517040,1,3,0,99,99,9,9,99,99,9,9,99,9,99,9,1,1,1,1,27,6,125,1,1,YAMAHA GPD,4,E01001153,0,3
2024010549628,2024,010549628,2,2,0,18,19,5,1,0,0,0,0,0,0,0,1,1,6,6,1,25,5,125,1,3,YAMAHA GPD,3,E01003950,0,1
2024010551201,2024,010551201,1,3,0,7,7,5,8,0,0,1,0,0,0,0,1,1,1,1,1,39,7,125,1,6,YAMAHA GPD,3,E01003525,0,1
2024201448252,2024,201448252,2,4,0,-1,19,6,2,-1,0,8,1,0,0,0,3,1,-1,6,1,39,7,125,1,6,YAMAHA GPD,1,E01009147,0,1
2024010536389,2024,010536389,1,3,0,99,99,9,9,99,99,9,9,99,9,99,1,1,1,1,3,30,6,125,1,1,YAMAHA GPD,4,E01001090,0,1
2024010532659,2024,010532659,1,3,0,99,99,9,9,99,99,9,9,99,9,99,9,1,1,1,1,29,6,125,1,2,YAMAHA GPD,2,E01004007,0,2
2024440326173,2024,440326173,2,3,0,13,13,7,3,0,0,8,0,0,0,0,1,1,6,6,1,17,4,125,1,4,YAMAHA GPD,3,E01022552,0,1
2024010542499,2024,010542499,2,3,0,18,19,3,7,0,0,1,0,0,0,0,0,1,1,1,1,29,6,125,1,1,YAMAHA GPD,2,E01003511,0,1
2024010541618,2024,010541618,1,3,0,99,99,9,9,99,99,9,9,99,9,99,9,1,1,1,3,22,5,125,1,3,YAMAHA GPD,1,E01001730,0,1
2024010546657,2024,010546657,1,3,0,18,19,1,5,0,0,0,0,0,0,0,4,1,6,6,1,26,6,125,1,1,YAMAHA GPD,3,E01004467,0,2
2024010524699,2024,010524699,1,3,0,99,99,9,9,99,99,1,9,99,9,99,1,1,1,1,3,39,7,125,1,4,YAMAHA GPD,2,E01000509,0,2
2024010535515,2024,010535515,1,3,0,99,99,9,9,99,99,9,9,99,9,99,1,1,6,6,1,40,7,125,1,1,YAMAHA GPD,7,E01000275,0,3
2024010526229,2024,010526229,1,3,0,99,99,9,9,99,99,9,9,99,9,99,9,1,6,6,1,30,6,125,1,0,YAMAHA GPD,2,E01001110,0,2
2024010504239,2024,010504239,2,3,0,18,19,3,7,0,0,1,1,0,0,0,2,1,6,6,1,25,5,125,1,5,YAMAHA GPD,5,E01002613,0,1
2024010526948,2024,010526948,2,3,0,14,14,3,7,0,0,1,0,4,0,0,1,1,6,6,1,34,6,125,1,3,YAMAHA GPD,7,E01003696,0,1
2024010546699,2024,010546699,1,3,0,9,9,7,4,0,0,1,0,0,0,0,1,1,1,1,2,28,6,125,1,2,YAMAHA GPD,4,E01000976,0,1
2024010538295,2024,010538295,1,3,0,99,99,9,9,99,99,9,9,99,9,99,9,1,1,1,1,28,6,125,1,5,YAMAHA GPD,2,E01033146,0,4
2024451485887,2024,451485887,1,3,0,-1,19,7,3,-1,0,0,0,0,0,0,1,1,-1,1,1,49,8,125,1,0,YAMAHA GPD,10,E01030463,0,1
2024010509034,2024,010509034,1,3,0,99,99,9,9,99,99,9,9,99,9,99,1,1,1,1,3,24,5,125,1,1,YAMAHA GPD,2,E01002356,0,4
2024401508454,2024,401508454,2,3,0,-1,19,-1,-1,-1,0,1,0,0,0,0,9,1,-1,6,1,22,5,125,1,3,YAMAHA GPD,2,E01003502,0,4
2024052401859,2024,052401859,2,4,0,3,3,3,7,0,0,0,0,0,0,0,3,1,6,6,1,35,6,125,1,0,YAMAHA GPD,1,E01034397,0,1
2024471413657,2024,471413657,2,3,0,-1,13,1,5,-1,0,1,5,0,0,0,4,1,-1,9,2,32,6,125,1,1,YAMAHA GPD,4,E01016852,0,1
2024010531000,2024,010531000,2,3,0,5,5,7,3,0,0,1,0,0,1,0,2,1,6,6,1,29,6,125,1,4,YAMAHA GPD,8,E01003796,0,1
2024552401121,2024,552401121,2,3,0,18,19,5,1,0,0,0,0,0,0,0,1,1,6,6,1,28,6,125,1,1,YAMAHA GPD,6,E01015373,0,1
2024010501972,2024,010501972,1,3,0,99,99,9,9,99,99,9,9,99,9,99,1,1,6,6,1,34,6,125,1,1,YAMAHA GPD,3,E01004287,0,1
2024010544938,2024,010544938,1,3,0,99,99,9,9,99,99,2,9,99,9,99,9,1,1,1,3,25,5,125,1,0,YAMAHA GPD,9,E01000201,0,3
2024010527972,2024,010527972,2,3,0,2,2,0,0,6,6,2,0,4,0,0,3,1,6,6,3,-1,-1,125,1,1,YAMAHA GPD,-1,-1,0,-1
2024010536049,2024,010536049,1,3,0,99,99,9,9,99,99,9,9,99,9,99,1,1,6,6,1,33,6,125,1,4,YAMAHA GPD,4,E01001467,0,3
2024010514824,2024,010514824,2,3,0,18,19,3,7,9,9,1,0,0,0,0,1,1,1,1,1,47,8,125,1,3,YAMAHA GPD,4,E01004427,0,1
2024010518078,2024,010518078,2,3,0,18,19,7,3,0,0,1,0,0,0,0,2,1,6,6,1,32,6,125,1,5,YAMAHA GPD,4,E01003537,0,2
2024543776924,2024,543776924,2,3,0,18,19,2,6,0,0,0,0,0,0,0,1,1,1,1,2,38,7,125,1,4,YAMAHA GPD,7,E01032708,0,1
2024010501550,2024,010501550,1,3,0,99,99,9,9,99,99,9,9,99,9,99,1,1,2,2,1,32,6,125,1,5,YAMAHA GPD,6,E01004374,0,2
2024010521841,2024,010521841,2,4,0,14,14,3,7,0,0,1,0,0,0,0,1,1,1,1,1,35,6,125,1,3,YAMAHA GPD,2,E01002051,0,1
2024361440464,2024,361440464,1,3,0,-1,14,6,2,-1,0,1,0,0,0,0,1,1,-1,2,1,32,6,125,1,4,YAMAHA GPD,4,E01035137,0,1
2024421414672,2024,421414672,2,3,0,-1,3,3,7,-1,0,4,0,0,0,0,2,1,-1,6,1,23,5,125,1,1,YAMAHA GPD,3,E01021245,0,3
2024411439781,2024,411439781,2,4,0,-1,19,4,8,-1,0,8,0,0,0,0,1,1,-1,9,1,19,4,125,1,5,YAMAHA GPD,4,E01023925,0,1
2024471468259,2024,471468259,2,3,0,-1,19,1,5,-1,0,0,0,0,0,0,1,1,-1,6,1,27,6,125,1,2,YAMAHA GPD,1,E01016904,0,1
2024010496882,2024,010496882,2,3,0,18,19,1,5,0,0,1,0,0,0,0,1,1,6,6,1,23,5,125,1,4,YAMAHA GPD,-1,-1,0,-1
2024411499198,2024,411499198,2,3,0,-1,19,3,7,-1,0,8,9,99,0,0,1,1,-1,2,1,44,7,125,1,3,YAMAHA GPD,4,E01033919,0,2
2024440415345,2024,440415345,2,3,0,18,19,7,3,0,0,4,0,0,0,0,3,1,6,6,1,28,6,125,1,0,YAMAHA GPD,5,E01017043,0,1
2024010514965,2024,010514965,1,3,0,18,19,5,1,0,0,2,0,0,0,0,3,1,6,6,1,27,6,125,1,4,YAMAHA GPD,2,E01003507,0,1
2024010545083,2024,010545083,1,4,0,9,9,2,8,0,0,2,1,4,0,0,0,1,6,6,1,18,4,125,1,1,YAMAHA GPD,6,E01001040,0,3
2024401541362,2024,401541362,2,3,0,-1,19,7,3,-1,0,0,0,99,0,0,1,1,-1,6,1,24,5,125,1,4,YAMAHA GPD,2,E01017474,0,1
2024411456678,2024,411456678,2,3,-1,-1,-1,-1,-1,-1,-1,0,-1,-1,-1,0,1,1,-1,2,1,51,8,125,1,0,YAMAHA GPD,5,E01001973,0,3
2024010503190,2024,010503190,1,3,0,18,19,3,7,0,0,2,0,0,0,0,1,1,1,1,1,22,5,125,1,5,YAMAHA GPD,5,E01000219,0,2
2024361525598,2024,361525598,2,3,0,-1,3,5,1,-1,0,1,0,0,0,0,1,1,-1,2,1,31,6,125,1,1,YAMAHA GPD,1,E01026869,0,1
2024010519758,2024,010519758,2,3,0,14,14,3,7,0,0,8,2,0,0,0,4,1,6,6,1,32,6,125,1,9,YAMAHA GPD,5,E01001933,0,2
2024010509393,2024,010509393,1,3,0,99,99,9,9,99,99,9,9,99,9,99,1,1,1,1,3,33,6,125,1,1,YAMAHA GPD,4,E01002313,0,3
2024010518147,2024,010518147,1,3,0,99,99,9,9,99,99,9,9,99,9,99,9,1,1,1,3,18,4,125,1,3,YAMAHA GPD,4,E01000035,0,1
2024010517150,2024,010517150,2,3,0,18,19,2,6,0,0,8,0,0,0,0,1,1,6,6,1,24,5,125,1,5,YAMAHA GPD,-1,-1,0,-1
2024010541544,2024,010541544,2,3,0,18,19,7,3,0,0,2,0,0,0,0,1,1,6,6,1,33,6,125,1,0,YAMAHA GPD,4,E01001323,0,3
2024010520770,2024,010520770,1,3,0,99,99,9,9,99,99,9,9,99,9,99,9,1,1,1,3,26,6,125,1,1,YAMAHA GPD,4,E01000613,0,3
2024010502758,2024,010502758,1,3,0,13,13,1,5,0,0,1,0,0,7,0,3,1,6,6,1,22,5,125,1,8,YAMAHA GPD,3,E01003024,0,1
2024161426177,2024,161426177,1,3,0,-1,19,1,5,-1,0,1,0,0,0,0,1,1,-1,6,1,24,5,125,1,3,YAMAHA GPD,8,E01035470,0,2
2024010549665,2024,010549665,1,3,0,99,99,9,9,99,99,9,9,99,9,99,9,1,6,6,1,27,6,125,1,6,YAMAHA GPD,6,E01004049,0,1
2024430319769,2024,430319769,1,3,0,3,3,7,3,0,0,0,0,0,0,0,1,1,1,1,3,31,6,125,1,6,YAMAHA GPD,4,E01017905,0,1
2024010527747,2024,010527747,1,3,0,7,7,6,1,0,0,0,0,0,0,0,4,1,6,6,1,19,4,125,1,3,YAMAHA GPD,3,E01003106,0,1
2024010517686,2024,010517686,2,3,0,18,19,1,5,0,0,8,0,0,0,0,4,1,1,1,2,30,6,125,1,2,YAMAHA GPD,4,E01000171,0,1
2024430480548,2024,430480548,1,3,0,18,19,5,1,0,0,0,0,0,0,0,1,1,1,1,1,26,6,125,1,0,YAMAHA GPD,7,E01017919,0,1
2024010511000,2024,010511000,1,3,0,8,8,7,2,0,0,4,5,0,0,0,2,1,6,6,1,28,6,125,1,6,YAMAHA GPD,-1,-1,0,-1
2024010504014,2024,010504014,1,3,9,99,99,9,9,99,99,1,9,99,9,99,9,1,6,6,3,24,5,125,1,2,YAMAHA GPD,6,E01003140,0,1
2024010496505,2024,010496505,2,3,0,7,7,3,6,0,0,8,5,0,0,0,1,1,6,6,1,43,7,125,1,3,YAMAHA GPD,-1,-1,0,-1
2024010500029,2024,010500029,4,4,0,13,13,1,5,0,0,0,5,4,0,0,1,1,6,6,1,47,8,125,1,5,YAMAHA GPD,6,E01004637,0,2
2024010550568,2024,010550568,2,19,0,2,2,0,0,0,0,1,0,8,0,0,3,1,6,6,3,-1,-1,125,1,3,YAMAHA GPD,-1,-1,0,-1
2024010551567,2024,010551567,2,3,0,99,99,9,9,99,99,9,9,99,9,99,9,1,6,6,1,19,4,125,1,0,YAMAHA GPD,4,E01000618,0,1
2024411533921,2024,411533921,2,3,-1,-1,-1,-1,-1,-1,-1,-1,-1,-1,-1,0,-1,1,-1,1,1,47,8,125,1,1,YAMAHA GPD,4,E01023333,0,1
2024430075712,2024,430075712,1,3,0,8,8,8,2,0,0,1,0,0,0,0,2,1,2,2,1,41,7,125,1,3,YAMAHA GPD,4,E01016462,0,1
2024010516853,2024,010516853,1,3,0,99,99,9,9,99,99,9,9,99,9,99,9,1,1,1,2,30,6,125,1,0,YAMAHA GPD,1,E01002037,0,2
2024430320386,2024,430320386,1,3,0,9,9,4,2,0,0,8,0,0,0,0,4,1,1,1,1,38,7,125,1,1,YAMAHA GPD,5,E01032961,0,1
2024010506844,2024,010506844,1,3,0,99,99,9,9,99,99,0,9,99,9,99,9,1,1,1,1,39,7,125,1,5,YAMAHA GPD,2,E01033875,0,1
2024010540616,2024,010540616,1,3,9,99,99,9,9,99,99,9,9,99,9,99,9,1,1,1,1,43,7,125,1,1,YAMAHA GPD,1,E01016017,0,4
2024010544850,2024,010544850,1,3,0,99,99,9,9,99,99,9,9,99,9,99,1,1,6,6,1,21,5,125,1,1,YAMAHA GPD,2,E01000603,0,3
2024010529379,2024,010529379,2,3,9,99,99,9,9,99,99,9,9,99,9,99,1,1,1,1,1,42,7,125,1,0,YAMAHA GPD,7,E01003152,0,1
2024440539721,2024,440539721,2,3,0,18,19,4,8,0,0,8,0,0,0,0,4,1,6,6,1,23,5,125,1,2,YAMAHA GPD,3,E01017194,0,1
2024010514203,2024,010514203,2,3,0,18,19,3,7,0,0,1,0,0,0,0,1,1,6,6,1,29,6,125,1,1,YAMAHA GPD,2,E01001479,0,2
2024010533962,2024,010533962,1,3,0,99,99,9,9,99,99,9,9,99,9,99,9,1,2,2,1,34,6,125,1,1,YAMAHA GPD,3,E01003521,0,3
2024010504191,2024,010504191,1,3,0,99,99,9,9,99,99,9,9,99,9,99,9,1,2,2,1,23,5,125,1,3,YAMAHA GPD,3,E01009001,0,5
2024010494141,2024,010494141,1,3,0,5,5,5,1,0,0,1,0,0,0,0,4,1,6,6,1,27,6,125,1,1,YAMAHA GPD,5,E01002212,0,3
2024010514593,2024,010514593,1,3,0,99,99,9,9,99,99,9,9,99,9,99,9,1,1,1,1,22,5,125,1,3,YAMAHA GPD,2,E01003735,0,4
2024010544066,2024,010544066,1,3,0,99,99,9,9,99,99,9,9,99,9,99,9,1,6,6,3,35,6,125,1,1,YAMAHA GPD,1,E01002081,0,2
2024010547773,2024,010547773,1,3,0,18,19,3,7,0,0,1,0,0,0,0,1,1,1,1,1,23,5,125,1,6,YAMAHA GPD,3,E01003560,0,1
2024010547089,2024,010547089,1,3,0,99,99,9,9,99,99,9,9,99,9,99,9,1,1,1,1,50,8,125,1,4,YAMAHA GPD,2,E01001461,0,1
2024010535167,2024,010535167,1,3,0,18,19,5,1,0,0,0,0,0,0,0,1,1,6,6,3,-1,-1,125,1,1,YAMAHA GPD,-1,-1,0,-1
2024010545386,2024,010545386,2,3,0,18,19,5,1,0,0,8,2,0,0,0,0,1,6,6,1,32,6,125,1,4,YAMAHA GPD,2,E01001458,0,1
2024010500049,2024,010500049,2,3,0,18,19,3,7,0,0,2,0,0,0,0,3,1,6,6,1,42,7,125,1,1,YAMAHA GPD,4,E01034384,0,3
2024010537858,2024,010537858,1,3,0,3,3,9,9,99,99,5,9,99,9,99,9,1,1,1,1,30,6,125,1,0,YAMAHA GPD,3,E01001489,0,3
2024010544069,2024,010544069,1,3,0,99,99,9,9,99,99,9,9,99,9,99,1,1,2,2,1,31,6,125,1,5,YAMAHA GPD,2,E01033146,0,1
2024010527594,2024,010527594,1,3,0,18,19,1,5,0,0,1,0,0,0,0,1,1,6,6,1,29,6,125,1,0,YAMAHA GPD,3,E01001954,0,1
2024010510194,2024,010510194,1,3,0,99,99,9,9,99,99,9,9,99,9,99,9,1,1,1,1,32,6,125,1,2,YAMAHA GPD,6,E01001685,0,2
2024411529598,2024,411529598,2,3,0,-1,-1,-1,-1,-1,-1,-1,-1,-1,-1,0,-1,1,-1,1,1,28,6,125,1,7,YAMAHA GPD,9,E01023712,0,1
2024471424430,2024,471424430,1,3,0,-1,19,1,5,-1,0,0,0,0,0,0,4,1,-1,6,2,29,6,125,1,2,YAMAHA GPD,7,E01030583,0,3
2024010543192,2024,010543192,2,3,0,5,5,1,5,0,0,2,0,0,0,0,4,1,1,1,1,-1,-1,125,1,0,YAMAHA GPD,3,E01003120,0,2
2024010534275,2024,010534275,2,3,0,99,99,9,9,99,99,9,9,99,9,99,1,1,1,1,1,30,6,125,1,4,YAMAHA GPD,3,E01003570,0,2
2024010510579,2024,010510579,1,3,0,18,19,7,3,9,9,2,0,11,1,10,4,1,6,6,1,23,5,125,1,3,YAMAHA GPD,-1,-1,0,-1
2024201498760,2024,201498760,2,3,0,-1,19,8,4,-1,0,8,0,0,0,0,3,1,-1,2,1,25,5,125,1,0,YAMAHA GPD,1,E01009195,0,2
2024010539008,2024,010539008,1,3,0,9,9,8,5,0,0,8,5,0,0,0,3,1,2,2,1,32,6,125,1,0,YAMAHA GPD,-1,-1,0,-1
2024010524559,2024,010524559,1,3,0,18,19,1,5,0,0,2,0,4,0,0,1,1,6,6,1,24,5,125,1,3,YAMAHA GPD,5,E01015952,0,4
2024010526038,2024,010526038,2,3,0,18,19,5,1,0,0,1,0,0,0,0,1,1,6,6,1,21,5,125,1,3,YAMAHA GPD,2,E01004067,0,1
2024010525590,2024,010525590,2,3,0,12,12,5,1,0,0,0,0,0,0,0,2,1,2,2,1,29,6,125,1,1,YAMAHA GPD,4,E01004342,0,3
2024010514274,2024,010514274,2,3,0,5,5,3,7,0,0,0,0,0,0,0,2,1,1,1,1,31,6,125,1,6,YAMAHA GPD,3,E01003523,0,3
2024010519367,2024,010519367,1,3,0,18,19,9,9,99,99,9,9,99,9,99,1,1,1,1,1,30,6,125,1,6,YAMAHA GPD,1,E01000596,0,2
2024361432761,2024,361432761,2,3,0,-1,19,7,3,-1,0,0,0,0,0,0,2,1,-1,1,1,32,6,125,1,4,YAMAHA GPD,4,E01035137,0,1
2024010545534,2024,010545534,1,3,0,99,99,9,9,99,99,9,9,99,9,99,1,1,1,1,3,30,6,125,1,3,YAMAHA GPD,5,E01000505,0,3
2024201444715,2024,201444715,2,3,0,-1,19,8,4,-1,0,8,0,0,0,0,1,1,-1,6,1,30,6,125,1,0,YAMAHA GPD,1,E01009202,0,1
2024010499340,2024,010499340,1,3,0,99,99,9,9,99,99,9,9,99,9,99,9,1,2,2,1,31,6,125,1,3,YAMAHA GPD,3,E01001548,0,1
2024010508166,2024,010508166,1,3,0,18,19,3,7,0,0,0,0,0,0,0,1,1,6,6,1,19,4,125,1,3,YAMAHA GPD,3,E01000062,0,3