collision_index,collision_year,collision_ref_no,vehicle_reference,vehicle_type,towing_and_articulation,vehicle_manoeuvre_historic,vehicle_manoeuvre,vehicle_direction_from,vehicle_direction_to,vehicle_location_restricted_lane_historic,vehicle_location_restricted_lane,junction_location,skidding_and_overturning,hit_object_in_carriageway,vehicle_leaving_carriageway,hit_object_off_carriageway,first_point_of_impact,vehicle_left_hand_drive,journey_purpose_of_driver_historic,journey_purpose_of_driver,sex_of_driver,age_of_driver,age_band_of_driver,engine_capacity_cc,propulsion_code,age_of_vehicle,generic_make_model,driver_imd_decile,lsoa_of_driver,escooter_flag,driver_distance_banding
2024010551691,2024,010551691,1,3,0,3,3,9,9,99,99,6,9,99,9,99,9,1,1,1,3,29,6,125,1,2,YAMAHA GPD,7,E01001125,0,2
2024010504190,2024,010504190,1,3,0,99,99,9,9,99,99,9,9,99,9,99,9,1,1,1,1,36,7,125,1,4,YAMAHA GPD,3,E01001489,0,2
2024471426104,2024,471426104,1,3,0,-1,6,-1,-1,-1,0,-1,0,0,0,0,-1,1,-1,6,1,28,6,125,1,3,YAMAHA GPD,6,E01016849,0,1
2024010514009,2024,010514009,1,3,0,99,99,9,9,99,99,9,9,99,9,99,1,1,1,1,1,36,7,125,1,1,YAMAHA GPD,2,E01001555,0,2
2024010526522,2024,010526522,2,3,0,18,19,5,1,0,0,1,5,0,0,0,1,1,6,6,1,23,5,125,1,1,YAMAHA GPD,3,E01004413,0,1
2024010505424,2024,010505424,1,3,0,99,99,9,9,99,99,9,9,99,9,99,1,1,2,2,1,35,6,125,1,5,YAMAHA GPD,2,E01001447,0,3
2024010535527,2024,010535527,2,3,0,99,99,9,9,99,99,9,9,99,9,99,1,1,6,6,3,-1,-1,125,1,3,YAMAHA GPD,-1,-1,0,-1
2024010502191,2024,010502191,1,3,0,99,99,9,9,99,99,9,9,99,9,99,9,1,1,1,1,30,6,125,1,6,YAMAHA GPD,2,E01000021,0,1
2024010523427,2024,010523427,1,3,0,99,99,9,9,99,99,9,9,99,9,99,1,1,6,6,1,26,6,125,1,3,YAMAHA GPD,7,E01032573,0,1
2024552400109,2024,552400109,2,3,0,18,19,3,7,0,0,8,0,0,0,0,1,1,6,6,2,30,6,125,1,1,YAMAHA GPD,4,E01000637,0,5
2024010531568,2024,010531568,1,3,0,99,99,9,9,99,99,9,9,99,9,99,9,1,2,2,1,32,6,125,1,1,YAMAHA GPD,4,E01023333,0,1
2024010512051,2024,010512051,1,3,0,18,19,5,1,0,0,1,0,0,0,0,3,1,1,1,1,25,5,125,1,1,YAMAHA GPD,3,E01004271,0,2
2024451447064,2024,451447064,2,3,0,-1,13,1,5,-1,0,1,0,0,0,0,1,1,-1,2,1,26,6,125,1,7,YAMAHA GPD,7,E01030660,0,1
2024421513612,2024,421513612,2,3,0,-1,14,7,3,-1,0,0,0,8,0,0,1,1,-1,6,1,18,4,125,1,1,YAMAHA GPD,7,E01023947,0,2
2024010504982,2024,010504982,1,3,0,99,99,9,9,99,99,9,9,99,9,99,9,1,1,1,1,34,6,125,1,3,YAMAHA GPD,2,E01002073,0,1
2024430543685,2024,430543685,2,4,0,2,2,0,0,0,0,0,0,0,0,0,3,1,6,6,1,32,6,125,1,0,YAMAHA GPD,-1,-1,0,-1
2024201527655,2024,201527655,1,3,0,-1,15,8,4,-1,0,0,2,0,0,0,3,1,-1,6,1,32,6,125,1,3,YAMAHA GPD,4,E01009240,0,2
2024471426093,2024,471426093,2,3,0,-1,19,7,3,-1,0,8,1,0,0,0,4,1,-1,1,2,22,5,125,1,3,YAMAHA GPD,4,E01016955,0,3
2024451511150,2024,451511150,2,3,0,-1,19,7,3,-1,0,0,0,0,0,0,1,1,-1,6,1,18,4,125,1,1,YAMAHA GPD,5,E01003040,0,4
2024010525111,2024,010525111,1,3,0,99,99,9,9,99,99,9,9,99,9,99,9,1,1,1,1,30,6,125,1,3,YAMAHA GPD,2,E01003187,0,1
2024201518193,2024,201518193,2,2,0,-1,3,5,1,-1,0,1,0,0,0,0,1,1,-1,1,1,25,5,125,1,0,YAMAHA GPD,1,E01009195,0,1
2024010514120,2024,010514120,2,3,0,16,19,5,1,0,0,2,0,0,0,0,3,1,6,6,1,25,5,125,1,2,YAMAHA GPD,1,E01002081,0,1
2024440017186,2024,440017186,1,3,0,3,3,5,1,0,0,1,0,0,0,0,2,1,2,2,2,38,7,125,1,1,YAMAHA GPD,9,E01017248,0,1
2024010537360,2024,010537360,1,3,0,99,99,9,9,99,99,9,9,99,9,99,1,1,1,1,3,43,7,125,1,1,YAMAHA GPD,4,E01000618,0,1
2024010526692,2024,010526692,2,4,0,2,2,0,0,0,0,2,0,0,0,0,2,1,6,6,3,-1,-1,125,1,1,YAMAHA GPD,-1,-1,0,-1
2024010542741,2024,010542741,2,3,0,14,14,1,5,0,0,1,0,10,8,10,1,1,6,6,1,21,5,125,1,0,YAMAHA GPD,2,E01001971,0,1
2024010517514,2024,010517514,2,3,0,18,19,1,5,0,0,1,0,0,0,0,1,1,1,1,1,26,6,125,1,2,YAMAHA GPD,-1,-1,0,-1
2024010530362,2024,010530362,1,3,0,99,99,9,9,99,99,9,9,99,9,99,0,1,1,1,1,32,6,125,1,1,YAMAHA GPD,5,E01002167,0,1
2024010514065,2024,010514065,2,4,0,18,19,1,5,0,0,0,0,0,0,0,1,1,6,6,1,18,4,125,1,3,YAMAHA GPD,-1,-1,0,-1
2024010490158,2024,010490158,1,3,0,18,19,1,5,0,0,0,2,2,0,0,3,1,1,1,1,28,6,125,1,7,YAMAHA GPD,3,E01003574,0,1
2024010508141,2024,010508141,1,3,0,99,99,9,9,99,99,9,9,99,9,99,9,1,1,1,3,-1,-1,125,1,4,YAMAHA GPD,3,E01004203,0,2
2024010500777,2024,010500777,1,3,0,18,19,9,9,99,99,9,9,99,9,99,9,1,6,6,3,42,7,125,1,1,YAMAHA GPD,1,E01002040,0,3
2024010512151,2024,010512151,2,2,0,18,19,5,1,0,0,8,2,0,0,0,1,1,2,2,2,41,7,125,1,3,YAMAHA GPD,3,E01001578,0,1
2024010499841,2024,010499841,2,3,0,15,15,5,1,0,0,1,5,0,1,2,1,1,2,2,1,24,5,125,1,5,YAMAHA GPD,4,E01001934,0,2
2024010525523,2024,010525523,1,3,0,99,99,9,9,99,99,9,9,99,9,99,9,1,1,1,3,30,6,125,1,3,YAMAHA GPD,3,E01001982,0,2
2024010497494,2024,010497494,1,3,0,18,19,5,1,0,0,8,1,0,0,0,3,1,2,2,1,46,8,125,1,6,YAMAHA GPD,3,E01033601,0,1
2024010506316,2024,010506316,1,3,0,99,99,9,9,99,99,9,9,99,9,99,9,1,1,1,1,27,6,125,1,1,YAMAHA GPD,1,E01002071,0,2
2024471531265,2024,471531265,2,3,0,-1,14,7,3,-1,0,1,0,0,0,0,4,1,-1,6,1,39,7,125,1,2,YAMAHA GPD,3,E01016921,0,1
2024552401361,2024,552401361,2,2,0,9,9,5,4,0,0,6,0,0,0,0,3,1,6,6,1,35,6,125,1,1,YAMAHA GPD,7,E01015376,0,1
2024010522999,2024,010522999,2,4,0,99,99,9,9,99,99,9,9,99,9,99,1,1,6,6,1,-1,-1,125,1,3,YAMAHA GPD,5,E01032741,0,2
2024991464040,2024,991464040,2,3,0,-1,7,6,8,-1,0,1,0,0,0,0,0,1,-1,1,1,30,6,125,1,6,YAMAHA GPD,2,-1,0,2
2024010514789,2024,010514789,1,3,0,99,99,9,9,99,99,9,9,99,9,99,1,1,1,1,1,21,5,125,1,6,YAMAHA GPD,2,E01001558,0,3
2024010531101,2024,010531101,1,3,0,99,99,9,9,99,99,9,9,99,9,99,2,1,1,1,1,27,6,125,1,4,YAMAHA GPD,2,E01004424,0,1
2024451432633,2024,451432633,1,3,0,-1,19,5,1,-1,0,0,0,0,0,0,4,1,-1,2,2,31,6,125,1,0,YAMAHA GPD,5,E01000676,0,4
2024010497837,2024,010497837,1,4,0,3,3,1,5,0,0,1,0,0,0,0,1,1,6,6,1,42,7,125,1,2,YAMAHA GPD,4,E01001087,0,1
2024052402622,2024,052402622,2,3,0,18,19,7,3,0,0,0,0,0,0,0,1,1,6,6,1,17,4,125,1,1,YAMAHA GPD,1,E01006726,0,2
2024010540675,2024,010540675,2,3,0,4,4,4,8,2,2,1,0,0,0,0,1,1,1,1,1,32,6,125,1,1,YAMAHA GPD,3,E01000935,0,1
2024010498545,2024,010498545,1,3,0,99,99,9,9,99,99,9,9,99,9,99,9,1,1,1,1,30,6,125,1,3,YAMAHA GPD,4,E01000637,0,1
2024010540186,2024,010540186,1,3,0,99,99,9,9,99,99,9,9,99,9,99,9,1,1,1,3,23,5,125,1,5,YAMAHA GPD,2,E01002076,0,2
2024430413906,2024,430413906,1,3,0,18,19,8,4,0,0,8,0,0,0,0,1,1,2,2,1,29,6,125,1,4,YAMAHA GPD,5,E01016615,0,1
2024010502282,2024,010502282,1,3,0,18,19,7,3,0,0,1,0,0,0,0,2,1,6,6,2,54,8,125,1,1,YAMAHA GPD,2,E01001079,0,1
2024010538736,2024,010538736,1,3,0,99,99,9,9,99,99,9,9,99,9,99,9,1,1,1,3,44,7,125,1,2,YAMAHA GPD,3,E01003183,0,2
2024201529526,2024,201529526,2,2,0,-1,2,6,2,-1,0,8,0,0,0,0,1,1,-1,1,1,52,8,125,1,1,YAMAHA GPD,1,E01009019,0,1
2024010504082,2024,010504082,1,3,0,99,99,9,9,99,99,9,9,99,9,99,9,1,1,1,1,29,6,125,1,8,YAMAHA GPD,7,E01023576,0,3
2024010505611,2024,010505611,1,3,0,99,99,9,9,99,99,9,9,99,9,99,1,1,2,2,2,26,6,125,1,3,YAMAHA GPD,2,E01003535,0,3
2024010540259,2024,010540259,2,4,0,4,4,7,3,0,0,1,0,0,0,0,3,1,6,6,1,19,4,125,1,1,YAMAHA GPD,2,E01004539,0,1
2024010498099,2024,010498099,1,3,0,99,99,9,9,99,99,9,9,99,9,99,9,1,1,1,3,40,7,125,1,1,YAMAHA GPD,3,E01021291,0,4
2024010536856,2024,010536856,2,3,0,13,13,1,5,0,0,1,0,0,0,0,1,1,1,1,1,33,6,125,1,7,YAMAHA GPD,2,E01003577,0,1
2024010530657,2024,010530657,2,3,0,15,15,3,7,9,9,2,0,0,1,10,1,1,1,1,1,33,6,125,1,6,YAMAHA GPD,8,E01033487,0,1
2024010528033,2024,010528033,1,3,0,99,99,9,9,99,99,9,9,99,9,99,2,1,2,2,1,31,6,125,1,3,YAMAHA GPD,4,E01004212,0,1
2024010532934,2024,010532934,1,3,0,18,19,1,5,0,0,1,0,0,0,0,1,1,1,1,1,23,5,125,1,3,YAMAHA GPD,7,E01001678,0,3
2024010542004,2024,010542004,2,3,0,9,9,7,5,0,0,1,0,0,0,0,1,1,6,6,1,28,6,125,1,7,YAMAHA GPD,7,E01003456,0,1
2024010536153,2024,010536153,3,3,0,18,19,1,5,0,0,0,0,0,0,0,1,1,1,1,1,33,6,125,1,0,YAMAHA GPD,4,E01000547,0,1
2024010526737,2024,010526737,1,3,0,99,99,9,9,99,99,9,9,99,9,99,1,1,1,1,1,30,6,125,1,2,YAMAHA GPD,5,E01001185,0,3
2024010509791,2024,010509791,1,3,0,18,19,1,5,0,0,1,0,0,1,10,2,1,6,6,1,26,6,125,1,5,YAMAHA GPD,1,E01033879,0,1
2024461481646,2024,461481646,2,4,0,-1,19,6,2,-1,0,1,5,0,0,0,1,1,-1,9,1,21,5,125,1,3,YAMAHA GPD,2,E01024128,0,1
2024010525561,2024,010525561,1,3,0,99,99,9,9,99,99,1,9,99,9,99,9,1,1,1,3,22,5,125,1,5,YAMAHA GPD,6,E01000265,0,3
2024010547814,2024,010547814,1,3,0,4,4,5,1,0,0,1,1,0,0,0,2,1,6,6,1,28,6,125,1,5,YAMAHA GPD,5,E01004457,0,1
2024411513111,2024,411513111,2,3,-1,-1,-1,-1,-1,-1,-1,-1,-1,-1,-1,0,1,1,-1,1,1,41,7,125,1,1,YAMAHA GPD,4,E01000621,0,3
2024501419179,2024,501419179,2,3,0,-1,19,5,1,-1,0,1,0,0,0,0,4,1,-1,9,2,32,6,125,1,2,YAMAHA GPD,1,E01015044,0,1
2024440439647,2024,440439647,2,3,0,1,1,6,8,0,0,1,0,0,0,0,1,1,1,1,1,34,6,125,1,7,YAMAHA GPD,-1,-1,0,-1
2024010512530,2024,010512530,1,3,0,99,99,9,9,99,99,1,9,99,9,99,9,1,6,6,3,31,6,125,1,2,YAMAHA GPD,7,E01004108,0,2
2024421397869,2024,421397869,1,3,0,-1,7,3,4,-1,0,6,0,0,0,0,4,1,-1,6,1,25,5,125,1,3,YAMAHA GPD,8,E01028562,0,4
2024010503842,2024,010503842,1,3,0,99,99,9,9,99,99,9,9,99,9,99,1,1,6,6,1,33,6,125,1,7,YAMAHA GPD,3,E01003088,0,3
2024010498616,2024,010498616,1,3,9,99,99,9,9,99,99,9,9,99,9,99,9,1,1,1,1,31,6,125,1,1,YAMAHA GPD,5,E01001659,0,1
2024010545490,2024,010545490,1,3,0,18,19,7,3,0,0,1,0,0,0,0,1,1,6,6,1,21,5,125,1,6,YAMAHA GPD,2,E01004674,0,2
2024010548431,2024,010548431,1,3,0,99,99,9,9,99,99,9,9,99,9,99,9,1,6,6,3,30,6,125,1,0,YAMAHA GPD,1,E01002071,0,1
2024010547623,2024,010547623,2,3,0,18,19,1,5,0,0,1,0,0,0,0,4,1,6,6,1,22,5,125,1,2,YAMAHA GPD,5,E01033741,0,2
2024010541028,2024,010541028,1,3,0,99,99,9,9,99,99,9,9,99,9,99,2,1,6,6,1,28,6,125,1,4,YAMAHA GPD,3,E01003571,0,2
2024010517095,2024,010517095,1,3,0,18,19,9,9,99,99,0,9,99,9,99,2,1,2,2,1,51,8,125,1,0,YAMAHA GPD,8,E01004506,0,1
2024010545149,2024,010545149,2,3,0,9,9,7,5,0,0,3,0,0,0,0,2,1,1,1,1,27,6,125,1,1,YAMAHA GPD,-1,-1,0,-1
2024481503724,2024,481503724,1,3,0,-1,7,5,7,-1,0,8,0,0,0,0,3,1,-1,9,1,21,5,125,1,5,YAMAHA GPD,-1,-1,0,-1
2024010546306,2024,010546306,1,3,9,99,99,9,9,99,99,9,9,99,9,99,9,1,1,1,3,28,6,125,1,1,YAMAHA GPD,2,E01003044,0,2
2024010537392,2024,010537392,1,3,0,99,99,9,9,99,99,9,9,99,9,99,1,1,2,2,1,19,4,125,1,5,YAMAHA GPD,2,E01002073,0,1
2024010535462,2024,010535462,1,3,0,99,99,9,9,99,99,9,9,99,9,99,9,1,2,2,1,35,6,125,1,0,YAMAHA GPD,4,E01001087,0,1
2024010524694,2024,010524694,2,3,0,17,19,5,1,0,0,0,0,0,0,0,2,1,6,6,1,29,6,125,1,3,YAMAHA GPD,2,E01002096,0,1
2024010509617,2024,010509617,1,3,0,99,99,9,9,99,99,1,9,99,9,99,9,1,1,1,1,24,5,125,1,7,YAMAHA GPD,4,E01000976,0,2
2024010539293,2024,010539293,1,3,0,99,99,9,9,99,99,9,9,99,9,99,9,1,6,6,1,26,6,125,1,0,YAMAHA GPD,3,E01001489,0,1
2024010509046,2024,010509046,1,3,0,99,99,9,9,99,99,9,9,99,9,99,9,1,1,1,1,32,6,125,1,6,YAMAHA GPD,4,E01004425,0,4
2024010495556,2024,010495556,1,3,0,99,99,9,9,99,99,9,9,99,9,99,9,1,1,1,1,32,6,125,1,2,YAMAHA GPD,4,E01001363,0,1
2024010530154,2024,010530154,1,3,0,99,99,9,9,99,99,9,9,99,9,99,9,1,1,1,3,28,6,125,1,1,YAMAHA GPD,7,E01001474,0,3
2024451453898,2024,451453898,1,3,0,-1,13,1,3,-1,0,8,0,0,0,0,1,1,-1,6,2,30,6,125,1,2,YAMAHA GPD,7,E01004108,0,1
2024010547925,2024,010547925,1,3,0,99,99,9,9,99,99,9,9,99,9,99,9,1,6,6,1,21,5,125,1,1,YAMAHA GPD,6,E01002692,0,2
2024010533971,2024,010533971,2,3,0,99,99,9,9,99,99,9,9,99,9,99,1,1,1,1,1,25,5,125,1,1,YAMAHA GPD,2,E01003159,0,2
2024411501470,2024,411501470,2,3,0,-1,19,7,3,-1,0,0,0,0,0,0,4,1,-1,2,1,-1,-1,125,1,6,YAMAHA GPD,7,E01023901,0,1
2024010551266,2024,010551266,1,3,0,99,99,9,9,99,99,9,9,99,9,99,1,1,2,2,1,24,5,125,1,5,YAMAHA GPD,3,E01030744,0,2
2024010537942,2024,010537942,1,3,0,18,19,9,9,99,99,9,9,99,9,99,1,1,6,6,1,21,5,125,1,1,YAMAHA GPD,5,E01000586,0,1
2024010508969,2024,010508969,1,3,0,99,99,9,9,99,99,9,9,99,9,99,1,1,1,1,3,29,6,125,1,0,YAMAHA GPD,1,E01002095,0,1
2024010536148,2024,010536148,2,3,0,18,19,3,7,0,0,8,2,0,0,0,1,1,1,1,1,35,6,125,1,0,YAMAHA GPD,-1,-1,0,-1
2024010531606,2024,010531606,2,4,0,18,19,5,1,0,0,1,0,0,0,0,1,1,6,6,1,30,6,125,1,1,YAMAHA GPD,9,E01000415,0,1
2024010532953,2024,010532953,2,3,0,99,99,9,9,99,99,9,9,99,9,99,9,9,6,6,3,-1,-1,125,1,5,YAMAHA GPD,-1,-1,0,-1
2024010508410,2024,010508410,1,3,0,99,99,9,9,99,99,9,9,99,9,99,1,1,2,2,1,25,5,125,1,1,YAMAHA GPD,3,E01001111,0,2
2024010537704,2024,010537704,1,3,0,99,99,9,9,99,99,9,9,99,9,99,1,1,1,1,1,23,5,125,1,1,YAMAHA GPD,6,E01002200,0,2
2024010533035,2024,010533035,1,3,0,7,7,3,6,0,0,1,0,0,0,0,2,1,1,1,2,35,6,125,1,4,YAMAHA GPD,-1,-1,0,-1
2024010516827,2024,010516827,1,3,0,99,99,9,9,99,99,9,9,99,9,99,9,1,1,1,1,31,6,125,1,3,YAMAHA GPD,4,E01000637,0,3
2024010506868,2024,010506868,1,3,0,99,99,9,9,99,99,1,9,99,9,99,1,1,1,1,3,28,6,125,1,1,YAMAHA GPD,5,E01000586,0,1
2024421463496,2024,421463496,2,3,0,-1,19,1,5,-1,0,1,-1,0,0,0,-1,1,-1,2,1,29,6,125,1,1,YAMAHA GPD,3,E01021260,0,3
2024010535108,2024,010535108,2,3,0,3,3,5,1,0,0,1,1,0,0,0,3,1,6,6,1,25,5,125,1,1,YAMAHA GPD,5,E01003116,0,1
2024010549056,2024,010549056,2,3,0,99,99,9,9,99,99,1,9,99,9,99,9,1,6,6,1,27,6,125,1,3,YAMAHA GPD,3,E01003581,0,1
2024501497197,2024,501497197,2,3,0,-1,19,2,6,-1,0,8,0,0,0,0,1,1,-1,6,1,36,7,125,1,0,YAMAHA GPD,4,E01015031,0,1
2024320622193,2024,320622193,2,3,0,-1,-1,8,4,0,0,8,0,0,0,0,4,1,-1,-1,1,18,4,125,1,6,YAMAHA GPD,8,E01026237,0,2
2024010532909,2024,010532909,1,3,0,13,13,1,5,0,0,1,0,0,0,0,1,1,1,1,1,34,6,125,1,1,YAMAHA GPD,3,E01034143,0,1
2024010550243,2024,010550243,1,3,0,18,19,4,8,0,0,1,0,0,0,0,1,1,6,6,1,47,8,125,1,7,YAMAHA GPD,4,E01000621,0,2
2024471457368,2024,471457368,1,3,0,-1,13,6,2,-1,0,0,5,0,0,0,1,1,-1,6,1,-1,-1,125,1,7,YAMAHA GPD,-1,-1,0,-1
2024010535405,2024,010535405,1,3,0,99,99,9,9,99,99,9,9,99,9,99,1,1,1,1,1,32,6,125,1,1,YAMAHA GPD,4,E01017837,0,4
2024010520240,2024,010520240,2,3,0,9,9,7,5,0,0,1,0,0,0,0,2,1,6,6,1,31,6,125,1,3,YAMAHA GPD,4,E01001704,0,1
2024010538176,2024,010538176,1,3,0,99,99,9,9,99,99,9,9,99,9,99,1,1,2,2,1,34,6,125,1,3,YAMAHA GPD,3,E01001362,0,1
2024010519167,2024,010519167,1,3,0,18,19,1,5,0,0,1,0,0,0,0,1,1,1,1,1,26,6,125,1,0,YAMAHA GPD,4,E01024372,0,4
2024010506238,2024,010506238,1,3,0,18,19,6,2,0,0,1,0,0,0,0,3,1,6,6,1,24,5,125,1,8,YAMAHA GPD,7,E01034594,0,1
2024010515341,2024,010515341,1,3,0,13,13,7,3,0,0,8,0,0,0,0,1,1,1,1,1,42,7,125,1,1,YAMAHA GPD,2,E01001437,0,1
2024010504235,2024,010504235,1,3,0,99,99,9,9,99,99,9,9,99,9,99,9,1,1,1,3,32,6,125,1,2,YAMAHA GPD,7,E01020029,0,5
2024010516394,2024,010516394,2,3,0,99,99,9,9,99,99,0,9,99,9,99,1,1,6,6,3,-1,-1,125,1,2,YAMAHA GPD,2,E01000959,0,2
2024010526632,2024,010526632,1,3,0,99,99,9,9,99,99,9,9,99,9,99,9,1,1,1,3,42,7,125,1,1,YAMAHA GPD,5,E01004610,0,1
2024010496204,2024,010496204,1,3,0,18,19,5,1,0,0,1,0,0,0,0,1,1,1,1,1,29,6,125,1,2,YAMAHA GPD,3,E01004467,0,1
2024471396521,2024,471396521,2,3,0,-1,19,2,6,-1,0,0,5,0,0,0,1,1,-1,6,1,20,4,125,1,1,YAMAHA GPD,3,E01016937,0,1
2024010530209,2024,010530209,2,3,0,99,99,9,9,99,99,1,9,99,9,99,9,1,1,1,3,26,6,125,1,2,YAMAHA GPD,6,E01003227,0,3
2024010549301,2024,010549301,2,3,0,9,9,3,1,0,0,5,0,0,0,0,1,1,1,1,1,26,6,125,1,3,YAMAHA GPD,3,E01003525,0,2
2024552400513,2024,552400513,2,3,0,18,19,8,4,0,0,0,0,0,0,0,3,1,1,1,1,37,7,125,1,3,YAMAHA GPD,1,E01015288,0,1
2024430327253,2024,430327253,1,3,0,3,3,2,6,0,0,1,0,0,0,0,1,1,1,1,1,40,7,125,1,4,YAMAHA GPD,4,E01017837,0,1
2024010499886,2024,010499886,1,3,0,99,99,9,9,99,99,9,9,99,9,99,1,1,1,1,3,19,4,125,1,3,YAMAHA GPD,6,E01000150,0,4
2024010521640,2024,010521640,1,4,0,14,14,5,1,0,0,5,0,0,0,0,3,1,2,2,1,49,8,125,1,1,YAMAHA GPD,5,E01000170,0,3
2024010516727,2024,010516727,2,3,0,99,99,9,9,99,99,9,9,99,9,99,9,1,1,1,1,48,8,125,1,1,YAMAHA GPD,3,E01002552,0,1
2024010536710,2024,010536710,1,3,0,18,19,1,5,0,0,0,0,0,0,0,2,1,6,6,1,24,5,125,1,3,YAMAHA GPD,-1,-1,0,-1
2024010517260,2024,010517260,1,4,0,13,13,1,5,0,0,8,0,0,0,0,4,1,6,6,1,32,6,125,1,1,YAMAHA GPD,2,E01003509,0,3
2024010498106,2024,010498106,1,3,0,99,99,9,9,99,99,9,9,99,9,99,2,1,1,1,1,35,6,125,1,1,YAMAHA GPD,2,E01003558,0,1
2024010535090,2024,010535090,2,3,0,99,99,9,9,99,99,9,9,99,9,99,9,1,2,2,1,36,7,125,1,3,YAMAHA GPD,3,E01000141,0,1
2024010490722,2024,010490722,1,3,9,99,99,9,9,99,99,9,9,99,9,99,1,1,1,1,2,30,6,125,1,1,YAMAHA GPD,3,E01004435,0,2
2024010522774,2024,010522774,1,3,0,99,99,9,9,99,99,9,9,99,9,99,9,1,1,1,3,20,4,125,1,6,YAMAHA GPD,3,E01001982,0,1
2024010511246,2024,010511246,2,3,0,15,15,7,3,0,0,1,1,0,0,0,1,1,6,6,1,24,5,125,1,7,YAMAHA GPD,2,E01002720,0,1
2024010505739,2024,010505739,1,3,0,99,99,9,9,99,99,9,9,99,9,99,1,1,1,1,3,33,6,125,1,3,YAMAHA GPD,6,E01000174,0,4
2024201536449,2024,201536449,2,3,0,-1,19,1,5,-1,0,8,0,0,0,0,3,1,-1,1,1,35,6,125,1,1,YAMAHA GPD,1,E01009372,0,1
2024010533143,2024,010533143,1,4,0,99,99,9,9,99,99,9,9,99,9,99,1,1,2,2,1,28,6,125,1,1,YAMAHA GPD,4,E01001359,0,2
2024010509292,2024,010509292,2,3,0,18,19,1,5,0,0,1,0,4,0,0,1,1,6,6,1,22,5,125,1,8,YAMAHA GPD,3,E01003605,0,1
2024010497277,2024,010497277,1,3,0,9,9,3,8,0,0,3,0,0,0,0,1,1,1,1,2,25,5,125,1,3,YAMAHA GPD,3,E01001692,0,1
2024010508853,2024,010508853,1,3,0,18,19,7,3,0,0,0,0,0,0,0,1,1,6,6,1,28,6,125,1,1,YAMAHA GPD,-1,-1,0,-1
2024010513993,2024,010513993,1,3,0,99,99,9,9,99,99,9,9,99,9,99,9,1,1,1,2,28,6,125,1,2,YAMAHA GPD,4,E01001595,0,3
2024010523623,2024,010523623,1,3,0,99,99,9,9,99,99,4,9,99,9,99,9,1,6,6,1,28,6,125,1,1,YAMAHA GPD,7,E01002121,0,2
2024010503395,2024,010503395,1,3,0,99,99,9,9,99,99,9,9,99,9,99,9,1,1,1,1,27,6,125,1,0,YAMAHA GPD,1,E01004042,0,3
2024421461466,2024,421461466,2,3,0,-1,19,4,8,-1,0,0,0,0,1,0,3,1,-1,1,1,32,6,125,1,1,YAMAHA GPD,3,E01001448,0,4
2024010507721,2024,010507721,1,3,9,99,99,9,9,99,99,9,9,99,9,99,2,1,1,1,1,29,6,125,1,0,YAMAHA GPD,1,E01002095,0,1
2024010536318,2024,010536318,2,3,0,-1,-1,5,1,0,0,8,0,0,0,0,1,1,6,6,1,23,5,125,1,3,YAMAHA GPD,7,E01002423,0,3
2024010509871,2024,010509871,1,3,9,99,99,9,9,0,0,3,9,0,9,0,1,1,6,6,3,-1,-1,125,1,5,YAMAHA GPD,-1,-1,0,-1
2024010543423,2024,010543423,1,3,9,99,99,9,9,99,99,0,9,8,9,99,9,1,1,1,3,27,6,125,1,3,YAMAHA GPD,8,E01004639,0,2
2024010497288,2024,010497288,1,3,0,9,9,4,2,0,0,8,2,0,0,0,4,1,1,1,1,33,6,125,1,5,YAMAHA GPD,4,E01003530,0,2
2024010514866,2024,010514866,2,2,0,5,5,5,1,0,0,8,0,0,0,0,0,1,2,2,1,21,5,125,1,2,YAMAHA GPD,2,E01000604,0,2
2024430502631,2024,430502631,1,3,0,18,19,6,2,0,0,8,0,0,0,0,4,1,2,2,1,35,6,125,1,0,YAMAHA GPD,6,E01017922,0,1
2024010537195,2024,010537195,1,3,0,14,14,3,7,0,0,1,0,0,7,11,4,1,6,6,1,18,4,125,1,1,YAMAHA GPD,2,E01001191,0,2
2024010502854,2024,010502854,1,3,0,99,99,9,9,99,99,9,9,99,9,99,1,1,1,1,1,26,6,125,1,3,YAMAHA GPD,3,E01000088,0,2
2024010522035,2024,010522035,1,3,0,99,99,9,9,99,99,9,9,99,9,99,1,1,6,6,3,30,6,125,1,2,YAMAHA GPD,2,E01003159,0,2
2024010546569,2024,010546569,1,4,0,14,14,2,6,0,0,0,0,0,0,0,1,1,6,6,2,30,6,125,1,0,YAMAHA GPD,3,E01003143,0,1
2024421477033,2024,421477033,1,4,0,-1,19,3,7,-1,0,0,0,0,0,0,1,1,-1,6,1,18,4,125,1,3,YAMAHA GPD,4,E01021862,0,1