collision_index,collision_year,collision_ref_no,vehicle_reference,vehicle_type,towing_and_articulation,vehicle_manoeuvre_historic,vehicle_manoeuvre,vehicle_direction_from,vehicle_direction_to,vehicle_location_restricted_lane_historic,vehicle_location_restricted_lane,junction_location,skidding_and_overturning,hit_object_in_carriageway,vehicle_leaving_carriageway,hit_object_off_carriageway,first_point_of_impact,vehicle_left_hand_drive,journey_purpose_of_driver_historic,journey_purpose_of_driver,sex_of_driver,age_of_driver,age_band_of_driver,engine_capacity_cc,propulsion_code,age_of_vehicle,generic_make_model,driver_imd_decile,lsoa_of_driver,escooter_flag,driver_distance_banding
2024421480639,2024,421480639,1,3,0,-1,9,5,7,-1,0,8,0,0,0,0,1,1,-1,1,2,28,6,125,1,6,YAMAHA GPD,6,E01021344,0,4
2024010545902,2024,010545902,1,3,0,99,99,9,9,99,99,9,9,99,9,99,1,1,1,1,1,27,6,125,1,0,YAMAHA GPD,4,E01003282,0,1
2024010518212,2024,010518212,1,3,0,99,99,9,9,99,99,9,9,99,9,99,9,1,2,2,1,48,8,125,1,1,YAMAHA GPD,1,E01002037,0,1
2024010502162,2024,010502162,1,3,0,99,99,9,9,99,99,9,9,99,9,99,9,1,1,1,3,31,6,125,1,1,YAMAHA GPD,5,E01001686,0,3
2024411441205,2024,411441205,1,3,0,-1,19,5,1,-1,0,1,0,0,0,0,1,1,-1,6,1,30,6,125,1,1,YAMAHA GPD,7,E01023347,0,2
2024522403243,2024,522403243,1,3,0,3,3,2,6,0,0,1,0,0,0,0,1,1,6,6,1,46,8,125,1,0,YAMAHA GPD,8,E01014982,0,2
2024010501799,2024,010501799,2,3,0,15,15,7,3,0,0,0,0,10,1,0,1,1,1,1,1,30,6,125,1,1,YAMAHA GPD,5,E01004684,0,1
2024010550943,2024,010550943,1,3,0,99,99,9,9,99,99,9,9,99,9,99,9,1,6,6,3,26,6,125,1,0,YAMAHA GPD,4,E01001391,0,1
2024010522688,2024,010522688,2,3,0,9,9,5,3,0,0,8,0,0,0,0,1,1,6,6,1,28,6,125,1,4,YAMAHA GPD,2,E01002778,0,1
2024010542917,2024,010542917,2,3,0,15,15,1,5,0,0,6,0,0,0,0,2,1,6,6,1,29,6,125,1,3,YAMAHA GPD,3,E01003972,0,1
2024430163703,2024,430163703,2,3,0,18,19,6,2,0,0,2,0,0,0,0,2,1,2,2,1,41,7,125,1,0,YAMAHA GPD,4,E01028532,0,1
2024010520312,2024,010520312,1,3,0,99,99,9,9,99,99,9,9,99,9,99,1,1,2,2,1,26,6,125,1,1,YAMAHA GPD,2,E01003111,0,1
2024010516314,2024,010516314,1,3,0,13,13,1,5,0,0,2,0,4,0,0,3,1,1,1,1,36,7,125,1,6,YAMAHA GPD,5,E01035691,0,1
2024010531954,2024,010531954,1,3,9,99,99,9,9,99,99,9,9,99,9,99,2,1,1,1,1,32,6,125,1,1,YAMAHA GPD,6,E01003394,0,2
2024201433624,2024,201433624,2,3,0,-1,14,1,4,-1,0,2,0,4,0,0,1,1,-1,1,1,42,7,125,1,8,YAMAHA GPD,-1,-1,0,-1
2024010542343,2024,010542343,2,3,0,18,19,1,5,0,0,2,0,0,0,0,1,1,6,6,1,44,7,125,1,5,YAMAHA GPD,3,E01000556,0,2
2024010524120,2024,010524120,2,3,9,18,19,9,9,99,99,0,9,99,9,99,1,1,1,1,1,29,6,125,1,5,YAMAHA GPD,3,E01002049,0,3
2024552400319,2024,552400319,2,3,0,3,3,6,2,0,0,4,0,0,0,0,2,1,6,6,1,24,5,125,1,2,YAMAHA GPD,6,E01015355,0,1
2024131407371,2024,131407371,1,4,0,-1,19,3,7,-1,0,2,0,0,0,0,1,1,-1,1,1,27,6,125,1,0,YAMAHA GPD,5,E01011480,0,1
2024010501154,2024,010501154,1,3,9,99,99,9,9,99,99,9,9,99,9,99,9,1,6,6,3,43,7,125,1,3,YAMAHA GPD,9,E01003794,0,2
2024010523805,2024,010523805,1,3,0,16,19,1,5,0,0,1,0,0,0,0,1,1,6,6,1,22,5,125,1,3,YAMAHA GPD,4,E01002663,0,2
2024010502313,2024,010502313,1,3,0,18,19,7,3,0,0,1,0,4,0,0,1,1,6,6,1,33,6,125,1,5,YAMAHA GPD,4,E01002101,0,2
2024010493979,2024,010493979,2,3,9,13,13,9,9,99,99,1,9,99,9,99,9,1,6,6,1,29,6,125,1,0,YAMAHA GPD,3,E01033597,0,1
2024010540818,2024,010540818,1,3,0,99,99,9,9,99,99,9,9,99,9,99,9,1,1,1,1,23,5,125,1,0,YAMAHA GPD,5,E01032741,0,1
2024440191486,2024,440191486,2,3,0,18,19,1,5,0,0,8,0,0,0,0,4,1,2,2,2,39,7,125,1,1,YAMAHA GPD,9,E01017248,0,2
2024010511126,2024,010511126,1,3,0,18,19,1,5,0,0,8,0,0,0,0,4,1,6,6,1,22,5,125,1,5,YAMAHA GPD,6,E01002125,0,2
2024010516203,2024,010516203,1,3,0,18,19,9,9,99,99,9,9,99,9,99,9,1,1,1,1,22,5,125,1,7,YAMAHA GPD,3,E01000506,0,1
2024010514821,2024,010514821,1,3,0,99,99,9,9,99,99,9,9,99,9,99,1,1,1,1,1,31,6,125,1,2,YAMAHA GPD,4,E01003548,0,2
2024471487890,2024,471487890,1,3,0,-1,4,5,1,-1,0,8,0,4,0,0,4,1,-1,1,1,23,5,125,1,3,YAMAHA GPD,2,E01031790,0,1
2024440062588,2024,440062588,1,3,0,18,19,4,8,0,0,1,0,0,0,0,4,1,6,6,1,28,6,125,1,1,YAMAHA GPD,3,E01017246,0,1
2024010541675,2024,010541675,2,3,0,18,19,5,1,0,0,8,0,0,0,0,1,1,1,1,1,32,6,125,1,1,YAMAHA GPD,5,E01001659,0,1
2024010514162,2024,010514162,1,3,0,99,99,9,9,99,99,9,9,99,9,99,9,1,1,1,1,27,6,125,1,0,YAMAHA GPD,2,E01001487,0,2
2024010533775,2024,010533775,1,3,0,99,99,9,9,0,0,9,0,99,9,99,9,1,1,1,1,32,6,125,1,1,YAMAHA GPD,7,E01003416,0,2
2024201426180,2024,201426180,2,3,0,-1,3,8,4,-1,0,0,0,0,0,0,3,1,-1,6,1,22,5,125,1,0,YAMAHA GPD,1,E01034930,0,1
2024010528259,2024,010528259,1,3,0,99,99,9,9,99,99,9,9,99,9,99,1,1,1,1,3,19,4,125,1,1,YAMAHA GPD,3,E01001503,0,4
2024010502894,2024,010502894,1,3,0,4,4,1,5,0,0,0,0,0,0,0,2,1,1,1,1,25,5,125,1,3,YAMAHA GPD,3,E01003524,0,1
2024010499962,2024,010499962,1,3,0,99,99,9,9,99,99,9,9,99,9,99,9,1,2,2,3,24,5,125,1,3,YAMAHA GPD,3,E01001112,0,1
2024430127635,2024,430127635,1,3,0,18,19,3,7,0,0,8,0,0,0,0,4,1,2,2,2,27,6,125,1,1,YAMAHA GPD,7,E01016355,0,3
2024010510176,2024,010510176,1,3,0,99,99,9,9,99,99,9,9,99,9,99,1,1,6,6,1,34,6,125,1,4,YAMAHA GPD,5,E01001240,0,2
2024461527972,2024,461527972,2,2,0,-1,19,7,3,-1,0,0,0,11,0,0,1,1,-1,1,1,38,7,125,1,0,YAMAHA GPD,4,E01000406,0,2
2024010510181,2024,010510181,1,3,0,99,99,9,9,99,99,9,9,99,9,99,1,1,1,1,1,42,7,125,1,4,YAMAHA GPD,3,E01001981,0,1
2024010544046,2024,010544046,2,3,0,3,3,3,7,0,0,1,0,0,0,0,2,1,6,6,1,33,6,125,1,0,YAMAHA GPD,8,E01003655,0,3
2024522401963,2024,522401963,2,4,0,18,19,7,3,0,0,8,0,0,0,0,1,1,6,6,1,20,4,293,1,2,MAKE AND MODEL REDACTED,2,E01014629,0,1
2024421426188,2024,421426188,2,3,0,-1,19,3,7,-1,0,1,1,0,0,0,4,1,-1,9,1,25,5,124,1,8,MAKE AND MODEL REDACTED,4,E01015884,0,1
2024371512932,2024,371512932,1,3,0,-1,19,3,7,-1,0,0,0,0,0,0,1,1,-1,6,1,33,6,124,1,8,MAKE AND MODEL REDACTED,10,E01033050,0,3
2024501397777,2024,501397777,1,2,0,-1,19,5,2,-1,0,0,1,0,0,0,4,1,-1,9,1,17,4,49,1,14,MAKE AND MODEL REDACTED,1,E01015087,0,1
2024471473371,2024,471473371,3,3,0,-1,19,2,6,-1,2,1,0,0,0,0,1,1,-1,6,1,18,4,124,1,15,MAKE AND MODEL REDACTED,4,E01021126,0,1
2024501439972,2024,501439972,2,2,0,-1,13,7,3,-1,0,0,0,0,0,0,1,1,-1,6,1,17,4,49,1,14,MAKE AND MODEL REDACTED,1,E01015087,0,2
2024010516417,2024,010516417,1,2,0,18,19,7,3,0,0,8,0,0,0,0,2,1,6,6,1,20,4,-1,3,2,MAKE AND MODEL REDACTED,2,E01004735,0,1
2024010522826,2024,010522826,1,3,0,99,99,9,9,99,99,9,9,99,9,99,1,1,1,1,1,41,7,-1,-1,-1,MAKE AND MODEL REDACTED,4,E01004568,0,1
2024010529343,2024,010529343,1,3,0,99,99,9,9,99,99,1,9,99,9,99,9,1,1,1,3,34,6,-1,-1,-1,MAKE AND MODEL REDACTED,4,E01003562,0,1
2024010531250,2024,010531250,2,3,0,3,3,7,3,0,0,1,0,0,0,0,2,1,2,2,1,24,5,-1,-1,-1,MAKE AND MODEL REDACTED,4,E01004342,0,1
2024010512647,2024,010512647,2,2,0,99,99,9,9,99,99,0,9,99,9,99,1,1,6,6,3,-1,-1,-1,3,2,MAKE AND MODEL REDACTED,2,E01004424,0,1
2024010517151,2024,010517151,1,2,0,18,19,3,7,0,0,1,0,0,1,0,1,1,1,1,1,23,5,-1,3,2,MAKE AND MODEL REDACTED,5,E01003495,0,1
2024010541864,2024,010541864,1,9,0,5,5,1,5,0,0,0,0,0,0,0,2,1,6,6,1,29,6,999,1,0,FIAT 500,4,E01003025,0,1
2024010540581,2024,010540581,2,9,0,2,2,0,0,0,0,0,0,0,0,0,2,1,6,6,3,-1,-1,875,1,9,FIAT 500,-1,-1,0,-1
2024421411349,2024,421411349,1,9,0,-1,19,1,5,-1,0,0,1,0,0,0,1,1,-1,6,2,18,4,1242,1,10,FIAT 500,8,E01022072,0,1
2024340NN3392,2024,340NN3392,2,9,0,-1,3,7,3,-1,0,1,0,0,0,0,2,1,-1,6,2,26,6,875,1,13,FIAT 500,8,E01035397,0,1
2024131453826,2024,131453826,2,9,0,-1,19,5,1,-1,0,0,0,0,0,0,2,1,-1,1,1,19,4,1242,1,15,FIAT 500,1,E01011497,0,1
2024320527140,2024,320527140,2,9,0,3,3,2,4,0,0,6,0,0,0,0,2,1,-1,-1,2,60,9,1242,1,8,FIAT 500,8,E01032991,0,2
2024010532211,2024,010532211,6,9,0,1,1,1,5,0,0,1,0,4,0,0,1,1,6,6,1,49,8,875,1,10,FIAT 500,3,E01000099,0,1
2024552401393,2024,552401393,2,9,0,18,19,7,3,0,0,8,0,0,0,0,2,1,6,6,2,42,7,1242,1,7,FIAT 500,9,E01019989,0,4
2024161525976,2024,161525976,1,9,0,-1,19,8,4,-1,0,1,0,0,0,0,1,9,-1,6,2,25,5,1242,1,11,FIAT 500,1,E01035465,0,1
2024411496657,2024,411496657,4,9,0,-1,2,0,0,-1,0,0,0,0,0,0,2,1,-1,6,-1,-1,-1,999,1,2,FIAT 500,-1,-1,0,-1
2024421420150,2024,421420150,2,9,0,-1,19,7,5,-1,0,0,0,0,0,0,1,1,-1,2,2,46,8,1242,1,14,FIAT 500,-1,-1,0,-1
2024501407803,2024,501407803,1,9,0,-1,9,1,5,-1,0,8,1,0,0,0,1,1,-1,6,2,57,9,1242,1,10,FIAT 500,7,E01020080,0,1
2024211483334,2024,211483334,2,9,0,-1,6,1,5,-1,0,2,0,0,0,0,2,1,-1,2,2,62,9,999,1,3,FIAT 500,2,E01014279,0,2
2024131429754,2024,131429754,2,9,0,-1,3,7,3,-1,0,1,0,0,0,0,2,1,-1,6,1,35,6,1242,1,11,FIAT 500,3,E01011779,0,3
2024141452011,2024,141452011,1,9,0,-1,3,5,1,-1,0,0,0,0,0,0,2,1,-1,2,2,28,6,1242,1,4,FIAT 500,6,E01011607,0,4
2024461419625,2024,461419625,1,9,0,-1,19,7,3,-1,0,3,0,0,0,0,4,9,-1,6,2,17,4,1242,1,14,FIAT 500,9,E01016090,0,1
2024430568784,2024,430568784,1,9,0,18,19,2,6,0,0,0,0,0,0,0,3,1,6,6,2,18,4,1242,1,12,FIAT 500,10,E01016565,0,1
2024010523702,2024,010523702,2,9,0,99,99,9,9,99,99,9,9,99,9,99,1,9,6,6,3,-1,-1,875,1,13,FIAT 500,-1,-1,0,-1
2024421485588,2024,421485588,1,9,0,-1,9,6,3,-1,0,8,0,0,0,0,1,1,-1,9,2,23,5,1368,1,15,FIAT 500,2,E01015896,0,1
2024131453623,2024,131453623,1,9,0,-1,19,1,1,-1,0,8,5,0,0,0,2,1,-1,9,2,30,6,1242,1,11,FIAT 500,1,E01010713,0,2
2024610026824,2024,610026824,1,9,0,4,4,2,6,0,0,1,0,0,0,0,1,1,6,6,2,29,6,1242,1,9,FIAT 500,-1,-1,0,-1
2024320579737,2024,320579737,1,9,0,-1,-1,4,8,0,0,0,0,0,0,0,1,1,-1,-1,2,23,5,1242,1,8,FIAT 500,7,E01018043,0,5
2024141503380,2024,141503380,2,9,0,-1,19,2,6,-1,0,0,0,0,0,0,3,1,-1,9,2,49,8,1242,1,5,FIAT 500,6,E01007408,0,1
2024440529800,2024,440529800,2,9,0,7,7,3,5,0,0,8,0,0,0,0,3,1,6,6,1,-1,-1,999,3,0,FIAT 500,-1,-1,0,-1
2024522402915,2024,522402915,2,9,0,18,19,7,3,0,0,0,0,0,0,0,4,1,6,6,1,66,10,1242,1,14,FIAT 500,8,E01014972,0,2
2024010514481,2024,010514481,1,9,0,99,99,9,9,0,0,0,0,12,0,0,9,1,6,6,2,35,6,1242,1,11,FIAT 500,7,E01021761,0,3
2024221495999,2024,221495999,2,9,0,-1,19,4,8,-1,0,8,0,0,0,0,1,1,-1,9,2,35,6,999,1,2,FIAT 500,6,E01028850,0,3
2024221484919,2024,221484919,2,9,0,-1,19,8,6,-1,0,0,0,0,0,0,1,1,-1,6,2,41,7,999,1,3,FIAT 500,6,E01016877,0,5
2024501527258,2024,501527258,1,9,0,-1,11,3,7,-1,0,4,0,0,1,0,1,1,-1,9,2,18,4,875,1,13,FIAT 500,8,E01015125,0,2
2024201421388,2024,201421388,2,9,0,-1,3,8,4,-1,0,1,0,0,0,0,2,1,-1,6,1,21,5,1242,1,8,FIAT 500,1,E01009488,0,1
2024430119439,2024,430119439,2,9,0,3,3,2,6,0,0,1,0,0,0,0,2,1,2,2,2,25,5,1242,1,8,FIAT 500,2,E01017500,0,4
2024061505185,2024,061505185,1,9,0,-1,19,7,3,-1,0,4,2,0,7,0,1,1,-1,9,1,87,11,-1,3,0,FIAT 500,8,E01034352,0,4
2024010548526,2024,010548526,2,9,0,7,7,8,2,0,0,2,0,0,0,0,1,1,6,6,1,36,7,1956,2,9,FIAT 500,4,E01004454,0,1
2024122500111,2024,122500111,3,9,0,3,3,5,1,0,0,0,0,0,0,0,2,1,6,6,1,48,8,875,1,13,FIAT 500,10,E01027709,0,3
2024430175409,2024,430175409,1,9,0,5,5,-1,-1,0,0,0,0,0,1,0,1,1,6,6,1,71,10,1242,1,11,FIAT 500,10,E01028752,0,1
2024052402160,2024,052402160,1,9,0,9,9,7,5,0,0,8,0,0,0,0,1,1,6,6,2,20,4,1242,1,12,FIAT 500,2,E01006786,0,1
2024471499213,2024,471499213,1,9,0,-1,19,4,8,-1,0,0,0,0,0,0,1,1,-1,2,2,41,7,999,1,1,FIAT 500,9,E01021223,0,1
2024010547505,2024,010547505,2,9,0,99,99,9,9,99,99,9,9,99,9,99,9,9,6,6,3,-1,-1,1242,1,13,FIAT 500,-1,-1,0,-1
2024131455431,2024,131455431,1,9,0,-1,9,4,2,-1,0,8,0,0,0,0,1,1,-1,6,2,-1,-1,1598,2,9,FIAT 500,-1,-1,0,-1
2024010501556,2024,010501556,5,9,0,2,2,0,0,0,0,0,0,0,0,0,3,1,6,6,3,-1,-1,1598,1,8,FIAT 500,-1,-1,0,-1
2024430038311,2024,430038311,1,9,0,12,12,8,4,0,0,2,0,0,0,0,3,1,6,6,1,52,8,1598,1,8,FIAT 500,4,E01016455,0,2
2024010541409,2024,010541409,1,9,0,99,99,9,9,99,99,9,9,99,9,99,2,9,6,6,2,20,4,1242,1,8,FIAT 500,3,E01000404,0,2
2024401510893,2024,401510893,1,9,0,-1,19,6,2,-1,0,0,1,7,1,1,1,9,-1,1,1,23,5,999,1,1,FIAT 500,4,E01023883,0,4
2024552400436,2024,552400436,1,9,0,4,4,3,7,0,0,4,0,0,0,0,1,1,6,6,2,29,6,1242,1,7,FIAT 500,3,E01015292,0,1
2024161400942,2024,161400942,1,9,0,-1,9,8,6,-1,0,6,1,0,0,0,1,1,-1,9,1,14,3,1242,1,9,FIAT 500,6,E01013036,0,2
202454B670724,2024,54B670724,1,9,0,18,19,2,6,0,0,0,0,0,0,0,1,1,1,1,1,74,10,1242,1,10,FIAT 500,9,E01031883,0,3
2024451461731,2024,451461731,2,9,0,-1,19,5,3,-1,0,0,0,4,0,0,4,1,-1,9,1,17,4,1242,1,8,FIAT 500,10,E01030967,0,1
2024421436746,2024,421436746,1,9,0,-1,19,3,7,-1,0,0,2,0,7,0,1,1,-1,2,2,17,4,1242,1,9,FIAT 500,6,E01021733,0,2
2024061489779,2024,061489779,1,9,0,-1,19,2,6,-1,0,1,5,0,1,0,1,1,-1,6,2,67,10,1242,1,16,FIAT 500,2,E01005028,0,1
2024548124824,2024,548124824,2,9,0,3,3,5,1,0,0,0,0,0,0,0,2,1,2,2,2,33,6,1242,1,13,FIAT 500,4,E01015492,0,1
2024041405972,2024,041405972,2,9,0,-1,4,7,3,-1,0,0,0,0,0,0,2,1,-1,9,1,19,4,1242,1,14,FIAT 500,4,E01012633,0,2
2024332400980,2024,332400980,1,9,0,-1,9,6,4,-1,0,5,0,0,7,0,4,1,-1,9,1,38,7,1242,1,12,FIAT 500,6,E01025752,0,1
2024451509684,2024,451509684,3,9,0,-1,19,3,7,-1,0,0,0,0,0,0,1,1,-1,2,2,64,9,1242,1,7,FIAT 500,5,E01030814,0,2
2024052401152,2024,052401152,1,9,0,18,19,4,8,0,0,1,0,0,0,0,1,1,6,6,2,21,5,1242,1,11,FIAT 500,-1,-1,0,-1
2024552401252,2024,552401252,1,9,0,18,19,5,1,0,0,0,5,4,0,0,1,1,6,6,2,19,4,875,1,10,FIAT 500,7,E01015413,0,1
2024471486353,2024,471486353,2,9,0,-1,7,3,5,-1,0,2,0,0,0,0,1,1,-1,6,2,62,9,875,1,9,FIAT 500,3,E01016907,0,2
2024122400229,2024,122400229,1,9,0,18,19,1,5,0,0,6,0,0,0,0,1,1,6,6,2,51,8,1242,1,11,FIAT 500,10,E01027655,0,1
2024101414328,2024,101414328,1,9,0,-1,19,5,1,-1,0,0,0,0,1,7,1,1,-1,6,2,64,9,1242,1,11,FIAT 500,1,E01008400,0,2
2024320369973,2024,320369973,2,9,0,-1,-1,7,3,0,0,8,0,0,0,0,1,1,-1,-1,2,26,6,1242,1,16,FIAT 500,2,E01026277,0,3
2024552400616,2024,552400616,2,9,0,18,19,3,7,0,0,8,0,0,0,0,1,1,2,2,2,18,4,1242,1,12,FIAT 500,7,E01020449,0,1
2024440510285,2024,440510285,1,9,0,16,19,2,5,0,0,0,2,0,7,9,3,1,6,6,2,18,4,1242,1,6,FIAT 500,10,E01022770,0,2
2024302400760,2024,302400760,1,9,0,17,19,6,4,0,0,0,0,0,1,0,1,1,6,6,2,20,4,1368,1,16,FIAT 500,2,E01019563,0,1
2024361399152,2024,361399152,1,9,0,-1,5,7,3,-1,0,3,1,0,0,0,4,1,-1,9,2,22,5,1242,1,12,FIAT 500,8,E01026519,0,1
2024041462003,2024,041462003,2,9,0,-1,19,7,3,-1,0,0,0,0,7,0,1,1,-1,9,2,21,5,1242,1,11,FIAT 500,6,E01025014,0,1
2024211528405,2024,211528405,1,9,0,-1,19,7,3,-1,0,0,0,0,0,0,1,1,-1,9,2,55,8,999,1,0,FIAT 500,10,E01029710,0,2
2024320192356,2024,320192356,1,9,0,9,9,1,7,0,0,6,0,0,1,2,2,1,-1,-1,2,20,4,999,1,4,FIAT 500,9,E01021454,0,5
2024411474169,2024,411474169,1,9,0,-1,4,7,3,-1,0,7,0,0,0,0,1,1,-1,6,2,28,6,1242,1,16,FIAT 500,9,E01023946,0,1
2024361503741,2024,361503741,1,9,0,-1,19,6,1,-1,0,0,0,4,0,0,1,1,-1,6,2,72,10,1242,1,8,FIAT 500,4,E01026609,0,1
2024041464569,2024,041464569,1,9,0,-1,19,3,7,-1,0,1,0,0,0,0,1,1,-1,9,2,22,5,1242,1,13,FIAT 500,1,E01024885,0,1
2024631517236,2024,631517236,1,9,0,-1,19,5,8,-1,0,0,0,0,0,0,1,1,-1,9,2,20,4,1242,1,14,FIAT 500,5,W01000648,0,2
2024061532581,2024,061532581,1,9,0,-1,9,5,1,-1,0,1,0,0,0,0,3,1,-1,9,2,82,11,1242,1,11,FIAT 500,4,E01005446,0,1
2024471396492,2024,471396492,2,9,0,-1,19,5,1,-1,0,8,0,0,0,0,4,1,-1,9,2,77,11,1242,1,10,FIAT 500,8,E01031757,0,3
2024201522274,2024,201522274,1,9,0,-1,19,8,4,-1,0,8,0,0,0,0,1,1,-1,6,2,41,7,1242,1,10,FIAT 500,2,E01009751,0,1
2024052401581,2024,052401581,1,9,0,7,7,8,2,0,0,8,0,0,0,0,4,1,6,6,2,63,9,1242,1,10,FIAT 500,2,E01006523,0,1
2024010535275,2024,010535275,2,9,0,9,9,6,3,0,0,1,0,0,0,0,1,1,2,2,2,65,9,1242,1,12,FIAT 500,9,E01002255,0,1
2024471491903,2024,471491903,2,9,0,-1,19,4,8,-1,0,8,1,0,0,0,1,1,-1,2,2,40,7,1242,1,6,FIAT 500,3,E01021122,0,3
2024201468600,2024,201468600,1,9,0,-1,3,8,4,-1,0,8,0,0,0,0,2,9,-1,9,2,23,5,999,1,1,FIAT 500,9,E01029654,0,4
2024622500045,2024,622500045,1,9,0,5,5,4,8,0,0,0,0,0,0,0,1,1,1,1,2,48,8,1242,1,8,FIAT 500,3,W01000907,0,3
2024541630124,2024,541630124,1,9,0,18,19,6,2,0,0,0,0,0,0,0,1,1,2,2,2,20,4,1242,1,12,FIAT 500,8,E01032088,0,1
2024010540713,2024,010540713,2,9,0,3,3,3,7,0,0,2,0,0,0,0,2,1,6,6,2,57,9,-1,3,0,FIAT 500,-1,-1,0,-1
2024421457139,2024,421457139,2,9,0,-1,2,6,2,-1,0,0,0,0,0,0,1,1,-1,6,-1,-1,-1,1242,1,8,FIAT 500,-1,-1,0,-1
2024211520003,2024,211520003,2,9,0,-1,2,0,0,-1,0,0,1,0,0,0,1,1,-1,6,2,24,5,1242,1,10,FIAT 500,6,E01009443,0,2
2024320239594,2024,320239594,2,9,0,-1,-1,6,2,0,0,1,0,0,0,0,1,1,-1,-1,1,29,6,-1,3,0,FIAT 500,4,E01026317,0,1
2024631474148,2024,631474148,1,9,0,-1,19,6,2,-1,0,1,0,0,0,0,1,1,-1,6,2,17,4,1242,1,15,FIAT 500,8,W01000457,0,1
2024061450433,2024,061450433,2,9,0,-1,4,1,5,-1,0,0,0,0,0,0,2,1,-1,9,2,30,6,1242,1,12,FIAT 500,5,E01012541,0,3
2024320114070,2024,320114070,1,9,0,-1,-1,4,8,0,0,0,1,4,0,0,1,2,1,1,2,21,5,1368,1,16,FIAT 500,2,E01013813,0,4
2024010495431,2024,010495431,2,9,0,99,99,9,9,99,99,9,9,99,9,99,1,9,6,6,3,-1,-1,1242,1,10,FIAT 500,3,E01004233,0,1
2024031438904,2024,031438904,2,9,0,-1,19,3,7,-1,0,0,0,0,0,0,4,1,-1,9,2,17,4,1242,1,10,FIAT 500,1,E01019231,0,1
2024070809942,2024,070809942,1,9,0,-1,11,5,1,-1,0,0,1,0,1,11,4,1,-1,9,2,18,4,1242,1,8,FIAT 500,4,E01006501,0,4
2024371440425,2024,371440425,2,9,0,-1,19,8,4,-1,0,0,0,0,0,0,1,1,-1,6,1,25,5,1242,1,13,FIAT 500,-1,-1,0,-1
2024501525737,2024,501525737,2,9,0,-1,12,7,3,-1,0,0,0,0,0,0,2,1,-1,2,1,43,7,999,1,1,FIAT 500,10,E01020167,0,4
2024421449727,2024,421449727,2,9,0,-1,3,1,5,-1,0,1,0,0,0,0,2,1,-1,9,2,45,7,1242,1,10,FIAT 500,5,E01015872,0,2
2024320345739,2024,320345739,2,9,0,4,4,2,6,0,0,0,0,0,0,0,2,1,-1,-1,2,23,5,1242,1,10,FIAT 500,8,E01026219,0,1
2024211501073,2024,211501073,1,9,0,-1,2,0,0,-1,0,0,0,0,0,0,3,1,-1,6,2,41,7,1242,1,7,FIAT 500,6,E01029524,0,1
2024052402489,2024,052402489,2,9,0,18,19,5,1,0,0,8,0,0,0,0,1,1,6,6,2,70,10,1242,1,11,FIAT 500,7,E01007135,0,1
2024411477743,2024,411477743,1,9,0,-1,15,5,1,-1,0,0,0,0,0,0,1,1,-1,9,2,27,6,1956,2,8,FIAT 500,9,E01024146,0,4
2024010515904,2024,010515904,1,9,0,99,99,9,9,99,99,9,9,99,9,99,9,9,6,6,3,-1,-1,1242,1,11,FIAT 500,-1,-1,0,-1
2024010526830,2024,010526830,1,9,0,7,7,1,3,0,0,5,0,0,0,0,4,1,6,6,2,45,7,1242,1,5,FIAT 500,6,E01001997,0,2
2024461453695,2024,461453695,1,9,0,-1,7,-1,-1,-1,0,2,0,0,0,0,1,9,-1,6,2,21,5,875,1,13,FIAT 500,1,E01024020,0,1
2024461432828,2024,461432828,4,9,0,-1,2,1,1,-1,0,0,0,0,0,0,2,9,-1,6,2,61,9,1242,1,4,FIAT 500,6,E01024592,0,1
2024411519146,2024,411519146,1,9,0,-1,19,1,5,-1,0,8,0,0,0,0,3,1,-1,6,2,55,8,-1,3,2,FIAT 500,6,E01002161,0,3
2024231482352,2024,231482352,2,9,0,-1,19,3,7,-1,0,0,5,0,0,0,1,1,-1,9,2,39,7,999,1,3,FIAT 500,4,E01009606,0,2
2024211450080,2024,211450080,1,9,0,-1,19,8,6,-1,0,0,2,0,7,0,1,1,-1,9,1,42,7,1242,1,15,FIAT 500,-1,-1,0,-1
2024201487452,2024,201487452,2,9,0,-1,2,0,0,-1,0,0,0,0,0,0,3,9,-1,6,2,33,6,1598,2,9,FIAT 500,2,E01032538,0,1
2024320262246,2024,320262246,1,9,0,-1,-1,8,4,0,0,1,0,0,0,0,1,1,6,6,2,20,4,1242,1,12,FIAT 500,10,E01032993,0,1
2024010505038,2024,010505038,1,9,0,18,19,1,5,0,0,8,0,0,0,0,1,1,6,6,2,24,5,1242,1,14,FIAT 500,5,E01001105,0,1
2024548078124,2024,548078124,3,9,0,18,19,5,1,0,0,1,0,0,0,0,1,1,6,6,2,49,8,1242,1,16,FIAT 500,9,E01031955,0,1
2024991409428,2024,991409428,1,9,0,-1,19,8,4,-1,0,0,0,0,0,0,1,1,-1,6,2,24,5,1242,1,9,FIAT 500,5,-1,0,2
2024041434950,2024,041434950,1,9,0,-1,9,3,1,-1,0,6,0,0,1,0,3,1,-1,9,2,20,4,1242,1,13,FIAT 500,6,E01024117,0,5