collision_index,collision_year,collision_ref_no,vehicle_reference,vehicle_type,towing_and_articulation,vehicle_manoeuvre_historic,vehicle_manoeuvre,vehicle_direction_from,vehicle_direction_to,vehicle_location_restricted_lane_historic,vehicle_location_restricted_lane,junction_location,skidding_and_overturning,hit_object_in_carriageway,vehicle_leaving_carriageway,hit_object_off_carriageway,first_point_of_impact,vehicle_left_hand_drive,journey_purpose_of_driver_historic,journey_purpose_of_driver,sex_of_driver,age_of_driver,age_band_of_driver,engine_capacity_cc,propulsion_code,age_of_vehicle,generic_make_model,driver_imd_decile,lsoa_of_driver,escooter_flag,driver_distance_banding
202460Q054116,2024,60Q054116,1,9,0,9,9,7,5,0,0,6,0,0,0,0,1,1,2,2,2,22,5,1248,2,8,FIAT 500,-1,-1,0,-1
2024052401689,2024,052401689,2,9,0,2,2,0,0,0,0,0,0,0,0,0,2,1,6,6,3,-1,-1,1242,1,9,FIAT 500,-1,-1,0,-1
2024061447278,2024,061447278,2,9,0,-1,19,7,3,-1,0,0,0,0,0,0,1,1,-1,9,2,42,7,1242,1,15,FIAT 500,-1,-1,0,-1
2024544793724,2024,544793724,1,9,0,18,19,6,2,0,0,0,1,0,0,0,1,1,6,6,2,55,8,1242,1,14,FIAT 500,6,E01032037,0,3
2024340NN0542,2024,340NN0542,1,9,0,-1,19,6,2,-1,0,1,0,0,0,0,1,1,-1,6,1,37,7,1242,1,11,FIAT 500,9,E01027052,0,1
2024421512461,2024,421512461,1,9,0,-1,9,4,1,-1,0,8,0,0,0,0,1,1,-1,6,2,21,5,1242,1,7,FIAT 500,6,E01021435,0,1
2024052402006,2024,052402006,1,9,0,18,19,7,3,0,0,8,0,0,0,0,4,1,6,6,2,73,10,1242,1,11,FIAT 500,2,E01006944,0,1
2024201437597,2024,201437597,1,9,0,-1,19,8,4,-1,0,0,0,0,0,0,1,1,-1,9,2,21,5,1242,1,8,FIAT 500,5,E01009527,0,1
2024471441809,2024,471441809,1,9,0,-1,19,4,1,-1,0,0,1,0,6,4,1,1,-1,2,2,17,4,1242,1,13,FIAT 500,3,E01031795,0,2
2024461413281,2024,461413281,2,9,0,-1,9,5,7,-1,0,0,0,0,0,0,4,9,-1,1,2,28,6,999,1,3,FIAT 500,5,E01024628,0,4
2024471458783,2024,471458783,1,9,0,-1,9,7,3,-1,0,0,0,0,0,0,3,1,-1,9,2,28,6,1242,1,12,FIAT 500,4,E01002444,0,4
2024461481877,2024,461481877,2,9,0,-1,3,7,3,-1,0,1,0,0,0,0,2,1,-1,6,2,58,9,1242,1,13,FIAT 500,4,E01024541,0,1
2024320130184,2024,320130184,2,9,0,3,3,8,4,0,0,0,0,0,1,0,2,1,-1,-1,2,47,8,1242,1,13,FIAT 500,4,E01026343,0,1
2024052500017,2024,052500017,1,9,0,18,19,3,7,0,0,1,0,0,7,0,1,1,6,6,2,19,4,1242,1,5,FIAT 500,2,E01032511,0,3
2024430233150,2024,430233150,2,9,0,18,19,8,4,0,0,0,5,0,0,0,1,1,6,6,2,20,4,1242,1,4,FIAT 500,7,E01017743,0,1
2024010550919,2024,010550919,1,9,0,2,2,0,0,0,0,8,0,0,0,0,1,1,6,6,3,-1,-1,1242,1,8,FIAT 500,-1,-1,0,-1
2024471495558,2024,471495558,2,9,0,-1,19,3,7,-1,0,0,0,0,0,0,1,1,-1,9,1,45,7,875,1,13,FIAT 500,7,E01021038,0,2
2024161427128,2024,161427128,1,9,0,-1,3,8,4,-1,0,4,0,0,0,0,2,9,-1,6,2,33,6,1598,1,6,FIAT 500,9,E01013157,0,1
2024421422105,2024,421422105,3,9,0,-1,4,1,1,-1,0,0,0,0,0,0,2,9,-1,1,2,39,7,875,1,12,FIAT 500,5,E01015989,0,2
2024061521992,2024,061521992,2,9,0,-1,4,-1,-1,-1,99,0,1,0,0,0,2,1,-1,6,2,22,5,1242,1,12,FIAT 500,8,E01006078,0,1
2024461474910,2024,461474910,1,9,0,-1,1,4,8,-1,0,0,0,0,0,0,2,1,-1,9,2,19,4,875,1,12,FIAT 500,10,E01024337,0,1
2024430377487,2024,430377487,2,9,0,18,19,5,1,0,0,4,0,0,0,0,1,1,6,6,1,-1,-1,1242,1,13,FIAT 500,-1,-1,0,-1
2024221482326,2024,221482326,2,9,0,-1,5,7,7,-1,0,0,0,0,0,0,3,1,-1,6,2,24,5,1242,1,5,FIAT 500,6,E01014078,0,1
2024411447274,2024,411447274,3,9,0,-1,19,3,7,-1,0,0,0,0,0,0,3,1,-1,6,2,65,9,1242,1,15,FIAT 500,5,E01035575,0,1
2024052400322,2024,052400322,1,9,0,18,19,5,1,0,0,0,0,0,0,0,1,1,6,6,3,-1,-1,1242,1,9,FIAT 500,-1,-1,0,-1
2024211469052,2024,211469052,2,9,0,-1,19,3,7,-1,0,0,0,0,0,0,2,1,-1,2,2,58,9,999,1,4,FIAT 500,1,E01014249,0,1
2024991526378,2024,991526378,1,9,0,-1,14,2,6,-1,0,0,0,0,0,0,3,1,-1,2,1,49,8,999,1,0,FIAT 500,2,-1,0,4
2024311397939,2024,311397939,2,9,0,-1,9,4,2,-1,0,4,1,0,0,0,3,1,-1,6,2,28,6,1242,1,11,FIAT 500,4,E01027945,0,3
2024440282845,2024,440282845,1,9,0,12,12,5,1,0,0,7,5,0,4,0,3,1,3,7,2,17,4,999,1,3,FIAT 500,10,E01030775,0,1
2024411457539,2024,411457539,1,9,0,-1,-1,-1,-1,-1,-1,-1,-1,-1,-1,0,-1,9,-1,9,1,-1,-1,1242,1,5,FIAT 500,-1,-1,0,-1
2024201403815,2024,201403815,2,9,0,-1,11,8,4,-1,0,0,1,0,0,0,2,9,-1,1,2,55,8,875,1,11,FIAT 500,4,E01009779,0,3
2024201447758,2024,201447758,2,9,0,-1,3,6,8,-1,0,1,0,0,0,0,2,1,-1,6,1,-1,-1,1242,1,16,FIAT 500,1,E01010363,0,1
2024411519457,2024,411519457,1,9,0,-1,4,1,5,-1,0,0,0,0,0,0,1,1,-1,2,2,21,5,1242,1,10,FIAT 500,5,E01000592,0,2
2024141412274,2024,141412274,1,9,0,-1,19,2,8,-1,0,1,5,6,0,0,1,1,-1,9,2,65,9,1242,1,6,FIAT 500,9,E01007923,0,2
2024401538975,2024,401538975,3,9,0,-1,19,5,1,-1,0,0,0,0,0,0,2,9,-1,2,2,23,5,1242,1,15,FIAT 500,3,E01015795,0,3
2024122400315,2024,122400315,1,9,0,3,3,4,8,0,0,1,0,0,1,0,2,1,6,6,2,54,8,999,1,3,FIAT 500,6,E01027923,0,4
2024201421592,2024,201421592,2,9,0,-1,19,2,5,-1,0,2,0,0,0,0,2,1,-1,2,2,20,4,1242,1,15,FIAT 500,1,E01008918,0,2
2024471495512,2024,471495512,1,9,0,-1,19,8,4,-1,0,1,0,0,0,0,1,1,-1,6,2,32,6,1242,1,10,FIAT 500,7,E01031539,0,4
2024471460610,2024,471460610,2,9,0,-1,4,4,8,-1,0,1,0,0,0,0,1,1,-1,2,1,25,5,1242,1,4,FIAT 500,7,E01035320,0,3
2024421521403,2024,421521403,2,9,0,-1,19,5,1,-1,0,3,0,0,0,0,4,9,-1,9,2,24,5,1368,1,16,FIAT 500,6,E01021525,0,1
2024122500013,2024,122500013,1,9,0,18,19,1,5,0,0,1,0,0,0,0,1,1,6,6,1,65,9,1242,1,6,FIAT 500,8,E01027677,0,1
2024041429327,2024,041429327,1,9,0,-1,19,1,5,-1,0,0,5,4,0,0,1,1,-1,9,2,83,11,999,1,3,FIAT 500,7,E01012597,0,1
2024552400893,2024,552400893,1,9,0,14,14,2,6,0,0,0,0,0,0,0,1,1,6,6,2,29,6,1598,1,6,FIAT 500,6,E01015353,0,1
2024320586944,2024,320586944,1,9,0,-1,-1,6,2,0,0,1,0,0,0,0,1,1,6,6,1,-1,-1,1242,1,9,FIAT 500,-1,-1,0,-1
2024231414947,2024,231414947,6,9,0,-1,3,6,2,-1,0,0,0,0,0,0,2,2,-1,6,2,37,7,999,1,3,FIAT 500,5,E01031009,0,3
2024010524362,2024,010524362,1,9,0,18,19,1,5,0,0,1,0,0,0,0,1,1,2,2,2,79,11,1368,1,9,FIAT 500,6,E01000180,0,1
2024631461481,2024,631461481,1,9,0,-1,19,5,2,-1,0,0,0,0,0,0,1,1,-1,9,2,42,7,999,1,2,FIAT 500,9,W01000476,0,2
2024991486858,2024,991486858,1,9,0,-1,19,3,7,-1,0,0,0,0,0,0,1,9,-1,6,1,42,7,1242,1,15,FIAT 500,3,-1,0,1
2024991483641,2024,991483641,1,9,0,-1,10,4,2,-1,0,6,0,0,0,0,2,1,-1,9,2,31,6,999,1,0,FIAT 500,-1,-1,0,-1
2024501426913,2024,501426913,1,9,0,-1,19,8,4,-1,9,2,0,11,1,11,1,1,-1,9,2,31,6,1242,1,11,FIAT 500,6,E01019924,0,1
2024141428538,2024,141428538,1,9,0,-1,9,3,2,-1,0,8,0,0,0,0,1,1,-1,9,2,17,4,1242,1,9,FIAT 500,8,E01008025,0,1
2024041520909,2024,041520909,1,9,0,-1,5,5,3,-1,0,8,0,0,0,0,4,1,-1,9,2,30,6,1242,1,10,FIAT 500,7,E01025597,0,1
2024440153060,2024,440153060,2,9,0,18,19,1,5,0,0,1,0,0,0,0,1,1,1,1,1,69,10,999,1,2,FIAT 500,3,E01017337,0,3
2024461523211,2024,461523211,1,9,0,-1,19,1,5,-1,0,0,0,0,0,0,1,9,-1,6,2,19,4,1242,1,10,FIAT 500,8,E01016027,0,2
2024461543921,2024,461543921,2,9,0,-1,19,1,5,-1,0,0,1,10,1,0,1,1,-1,6,2,27,6,1242,1,13,FIAT 500,6,E01034989,0,1
2024131460066,2024,131460066,1,9,0,-1,19,7,3,-1,0,6,0,0,0,0,1,1,-1,1,2,36,7,1242,1,12,FIAT 500,7,E01011506,0,1
2024052402264,2024,052402264,1,9,0,18,19,6,2,0,0,8,0,0,0,0,1,1,2,2,2,39,7,1368,1,9,FIAT 500,3,E01006916,0,1
2024421410207,2024,421410207,2,9,0,-1,19,-1,-1,-1,0,0,0,0,0,0,3,9,-1,6,2,18,4,1242,1,10,FIAT 500,4,E01021817,0,1
2024161417534,2024,161417534,2,9,0,-1,2,-1,-1,-1,0,2,0,0,0,0,-1,9,-1,6,3,-1,-1,1242,1,13,FIAT 500,-1,-1,0,-1
2024031401257,2024,031401257,1,9,0,-1,9,5,3,-1,0,6,0,0,0,0,3,1,-1,9,1,81,11,1242,1,9,FIAT 500,8,E01019330,0,4
2024451441541,2024,451441541,3,9,0,-1,2,3,7,-1,0,2,0,0,0,0,4,1,-1,6,-1,-1,-1,1242,1,7,FIAT 500,-1,-1,0,-1
202454E047424,2024,54E047424,1,9,0,4,4,4,8,0,0,8,1,0,7,11,1,1,1,1,2,37,7,1242,1,13,FIAT 500,8,E01034537,0,2
2024010536044,2024,010536044,1,9,0,3,3,1,5,0,0,1,0,0,0,0,2,1,6,6,2,21,5,1368,1,15,FIAT 500,5,E01004127,0,1
2024010525063,2024,010525063,2,9,0,6,6,1,1,0,0,0,0,0,0,0,1,1,6,6,2,47,8,1242,1,8,FIAT 500,7,E01003750,0,1
2024461535551,2024,461535551,1,9,0,-1,5,2,6,-1,0,0,0,4,0,0,1,1,-1,6,2,19,4,1242,1,6,FIAT 500,-1,-1,0,-1
2024010528581,2024,010528581,1,9,0,7,7,5,7,0,0,1,0,0,0,0,4,1,6,6,2,48,8,1242,1,11,FIAT 500,-1,-1,0,-1
2024201422615,2024,201422615,1,9,0,-1,19,6,2,-1,0,0,0,4,0,0,4,1,-1,6,1,20,4,999,1,1,FIAT 500,-1,-1,0,-1
2024052402387,2024,052402387,2,9,0,3,3,1,5,0,0,1,0,0,0,0,2,1,6,6,2,46,8,1242,1,10,FIAT 500,1,E01007175,0,1
2024131511739,2024,131511739,1,9,0,-1,6,7,7,-1,0,1,0,0,0,0,2,1,-1,2,1,22,5,-1,3,2,FIAT 500,1,E01010700,0,1
2024010549143,2024,010549143,1,9,0,16,19,1,5,0,0,0,0,4,0,0,1,1,6,6,1,40,7,999,1,0,FIAT 500,10,E01017005,0,4
2024031417873,2024,031417873,3,9,0,-1,2,0,0,-1,0,2,0,0,0,0,2,1,-1,6,-1,-1,-1,1368,1,8,FIAT 500,-1,-1,0,-1
2024122400909,2024,122400909,1,9,0,17,19,1,6,0,0,0,5,0,7,3,1,1,6,6,2,23,5,1242,1,11,FIAT 500,6,E01027689,0,3
2024451393623,2024,451393623,1,9,0,-1,19,3,7,-1,0,0,0,0,0,0,3,1,-1,9,2,26,6,1242,1,8,FIAT 500,7,E01022604,0,2
2024471470583,2024,471470583,1,9,0,-1,7,3,7,-1,0,1,0,0,3,0,1,1,-1,9,2,35,6,1242,1,15,FIAT 500,4,E01020966,0,1
2024622400189,2024,622400189,1,9,0,9,9,8,6,0,0,8,0,0,0,0,1,1,6,6,2,55,8,1242,1,9,FIAT 500,2,W01000951,0,1
2024101467729,2024,101467729,1,9,0,-1,19,3,7,-1,0,0,0,0,0,0,1,1,-1,2,2,53,8,1242,1,7,FIAT 500,3,E01008247,0,2
2024520500096,2024,520500096,1,9,0,18,19,8,4,0,0,0,0,0,7,11,1,1,6,6,2,19,4,1242,1,7,FIAT 500,3,E01032635,0,3
2024991498112,2024,991498112,1,9,0,-1,5,1,5,-1,0,6,0,0,0,0,1,1,-1,6,2,33,6,1598,1,7,FIAT 500,3,-1,0,3
2024010523231,2024,010523231,1,9,0,18,19,5,1,0,0,8,0,0,0,0,2,1,6,6,1,35,6,1242,1,6,FIAT 500,5,E01001664,0,1
2024340WN0292,2024,340WN0292,1,9,0,-1,19,6,2,-1,0,0,0,0,1,0,1,1,-1,6,2,22,5,1242,1,14,FIAT 500,8,E01032376,0,4
2024211470234,2024,211470234,2,9,0,-1,19,5,1,-1,0,4,0,0,0,0,2,1,-1,6,2,65,9,1242,1,5,FIAT 500,9,E01033257,0,1
2024101511084,2024,101511084,2,9,0,-1,19,5,1,-1,0,0,0,0,0,0,1,1,-1,9,2,27,6,999,1,3,FIAT 500,5,E01034507,0,4
2024622400793,2024,622400793,1,9,0,14,14,8,4,0,0,0,5,4,0,0,1,1,1,1,2,18,4,1242,1,9,FIAT 500,1,W01001266,0,1
2024010511570,2024,010511570,2,9,0,18,19,5,1,0,0,8,0,0,0,0,1,1,6,6,2,22,5,1242,1,13,FIAT 500,3,E01000108,0,1
2024320636008,2024,320636008,2,9,0,9,9,6,3,0,0,2,0,0,0,1,3,1,-1,-1,2,42,7,1242,1,9,FIAT 500,8,E01015626,0,2
2024631454471,2024,631454471,2,9,0,-1,19,6,3,-1,0,8,0,0,0,0,1,1,-1,9,2,57,9,1242,1,6,FIAT 500,6,W01000475,0,3
2024231494839,2024,231494839,1,9,0,-1,9,3,1,-1,0,5,0,0,0,0,1,1,-1,9,2,17,4,1242,1,13,FIAT 500,7,E01031055,0,3
2024542188224,2024,542188224,1,9,0,18,19,5,1,0,0,8,0,0,0,0,1,1,6,6,2,21,5,1242,1,9,FIAT 500,4,E01031980,0,3
2024201442095,2024,201442095,1,9,0,-1,19,8,4,-1,0,1,0,0,0,0,1,1,-1,1,2,56,9,999,1,3,FIAT 500,1,E01008927,0,1
2024161400122,2024,161400122,1,9,0,-1,19,4,8,-1,0,0,1,0,0,0,2,1,-1,9,2,63,9,1242,1,5,FIAT 500,5,E01012296,0,4
2024451509195,2024,451509195,2,9,0,-1,9,1,7,-1,0,8,0,0,0,0,3,1,-1,2,1,47,8,1242,1,12,FIAT 500,8,E01001024,0,1
2024552400944,2024,552400944,2,9,0,18,19,8,4,0,0,8,0,0,0,0,4,1,2,2,2,41,7,1598,1,8,FIAT 500,8,E01023069,0,2
2024010550016,2024,010550016,1,9,0,9,9,4,2,0,0,1,0,0,0,0,3,1,6,6,1,68,10,1242,1,10,FIAT 500,-1,-1,0,-1
202460Q138026,2024,60Q138026,1,9,0,17,19,7,4,0,0,0,2,0,1,11,1,1,6,6,2,18,4,1242,1,14,FIAT 500,-1,-1,0,-1
2024141444315,2024,141444315,2,9,0,-1,2,0,0,-1,9,0,0,0,0,0,4,1,-1,6,-1,-1,-1,1598,2,8,FIAT 500,-1,-1,0,-1
2024610047124,2024,610047124,1,9,0,4,4,2,5,0,0,1,0,0,0,0,2,1,6,6,1,30,6,1242,1,9,FIAT 500,3,W01001322,0,2
2024320522146,2024,320522146,1,9,0,7,7,1,3,0,0,5,0,0,7,11,1,1,-1,-1,1,84,11,999,1,0,FIAT 500,4,E01026057,0,2
2024451457698,2024,451457698,1,9,0,-1,9,6,2,-1,0,1,0,10,1,0,2,1,-1,9,2,21,5,999,1,1,FIAT 500,6,E01030681,0,1
2024211425155,2024,211425155,1,9,0,-1,7,4,7,-1,0,0,0,0,7,0,4,9,-1,9,2,18,4,1242,1,15,FIAT 500,2,E01029346,0,1
2024052400042,2024,052400042,1,9,0,5,5,4,8,0,0,0,0,0,0,0,1,1,6,6,2,-1,-1,1598,1,8,FIAT 500,-1,-1,0,-1
2024010545578,2024,010545578,1,9,0,18,19,7,3,0,0,0,0,0,0,0,1,1,6,6,3,-1,-1,999,1,3,FIAT 500,-1,-1,0,-1
2024371422830,2024,371422830,2,9,0,-1,2,0,0,-1,-1,0,0,0,0,0,2,1,-1,6,2,57,9,999,1,1,FIAT 500,6,E01026649,0,4
2024302400721,2024,302400721,3,9,0,18,19,2,6,0,0,1,0,0,0,0,3,1,6,6,2,30,6,1242,1,6,FIAT 500,9,E01013488,0,2
2024061501888,2024,061501888,1,9,0,-1,19,1,5,-1,0,8,0,0,2,2,1,1,-1,2,1,28,6,1242,1,8,FIAT 500,-1,-1,0,-1
2024440323582,2024,440323582,1,9,0,4,4,4,8,0,0,0,0,0,0,0,2,1,6,6,2,70,10,1242,1,7,FIAT 500,9,E01032852,0,2
2024421508849,2024,421508849,2,9,0,-1,4,1,6,-1,0,0,0,0,0,0,1,1,-1,9,2,38,7,1242,1,13,FIAT 500,9,E01022064,0,1
2024340WN3792,2024,340WN3792,1,9,0,-1,19,5,1,-1,0,5,0,0,0,0,1,1,-1,6,2,19,4,1242,1,14,FIAT 500,8,E01027146,0,2
2024041523968,2024,041523968,2,9,0,-1,4,4,8,-1,0,1,0,0,0,0,2,1,-1,9,2,19,4,1242,1,12,FIAT 500,9,E01012598,0,1
2024552400868,2024,552400868,1,9,0,18,19,6,2,0,0,6,0,0,0,0,3,1,2,2,2,75,10,1242,1,8,FIAT 500,4,E01015328,0,1
2024471396748,2024,471396748,2,9,0,-1,19,4,8,-1,0,0,0,0,0,0,2,1,-1,9,2,37,7,1242,1,11,FIAT 500,10,E01031678,0,3
2024421499640,2024,421499640,2,9,0,-1,19,4,8,-1,0,0,0,0,0,0,3,1,-1,9,2,50,8,1242,1,8,FIAT 500,7,E01021476,0,1
2024320476355,2024,320476355,2,9,0,-1,-1,7,3,0,0,8,1,10,7,0,3,1,-1,-1,2,70,10,1242,1,10,FIAT 500,8,E01026188,0,2
2024451504527,2024,451504527,1,9,0,-1,9,1,5,-1,0,1,0,0,0,0,2,1,-1,6,2,39,7,1242,1,6,FIAT 500,10,E01030489,0,1
2024070145254,2024,070145254,1,9,0,11,11,1,5,0,0,3,0,0,0,0,4,1,6,6,1,-1,-1,1956,2,9,FIAT 500,-1,-1,0,-1
2024010524903,2024,010524903,2,9,0,18,19,1,5,0,0,0,0,4,0,0,2,1,6,6,2,41,7,1956,2,8,FIAT 500,8,E01000651,0,3
2024201443494,2024,201443494,2,9,0,-1,19,8,4,-1,0,0,0,0,0,0,2,1,-1,6,2,27,6,1242,1,5,FIAT 500,-1,-1,0,-1
2024501413488,2024,501413488,2,9,0,-1,19,5,8,-1,0,0,0,0,0,0,1,1,-1,9,2,50,8,875,1,11,FIAT 500,5,E01019073,0,1
2024631436171,2024,631436171,1,9,0,-1,19,2,6,-1,0,0,0,0,0,0,4,1,-1,9,2,17,4,1242,1,13,FIAT 500,7,W01000470,0,1
2024411449001,2024,411449001,1,9,0,-1,7,6,2,-1,0,4,0,0,0,0,3,1,-1,9,2,82,11,1242,1,11,FIAT 500,6,E01023915,0,1
2024545815724,2024,545815724,1,9,0,7,7,8,4,0,0,4,0,0,0,0,1,1,3,7,2,17,4,1242,1,16,FIAT 500,5,E01032090,0,1
2024320317657,2024,320317657,3,9,0,-1,-1,5,1,0,0,1,0,0,0,0,2,2,-1,-1,1,29,6,1242,1,13,FIAT 500,10,E01026357,0,1
2024211411038,2024,211411038,1,9,0,-1,19,4,8,-1,0,3,0,0,0,0,4,1,-1,6,2,54,8,1242,1,12,FIAT 500,3,E01034047,0,2
2024440045608,2024,440045608,1,9,0,17,19,5,2,0,0,0,0,0,7,4,1,1,6,6,2,25,5,1242,1,12,FIAT 500,4,E01017333,0,3
2024430425901,2024,430425901,2,9,0,18,19,1,5,0,0,6,0,0,0,0,4,1,6,6,1,40,7,1242,1,14,FIAT 500,-1,-1,0,-1
2024351440792,2024,351440792,3,9,0,-1,19,5,1,-1,0,1,0,0,0,0,1,1,-1,6,2,54,8,1242,1,14,FIAT 500,4,E01018044,0,4
2024332401260,2024,332401260,1,9,0,-1,19,8,4,-1,0,3,0,0,0,0,1,1,-1,6,1,39,7,1242,1,10,FIAT 500,2,E01013781,0,1
2024141475898,2024,141475898,2,9,0,-1,2,0,0,-1,0,0,0,0,0,0,1,1,-1,6,-1,-1,-1,1242,1,10,FIAT 500,-1,-1,0,-1
2024010506592,2024,010506592,2,9,0,9,9,6,3,0,0,1,0,0,0,0,2,1,6,6,1,52,8,-1,3,2,FIAT 500,9,E01004650,0,1
2024430136330,2024,430136330,1,9,0,7,7,6,8,0,0,6,0,0,0,0,3,1,6,6,2,35,6,1248,2,7,FIAT 500,9,E01022494,0,3
2024041513276,2024,041513276,1,9,0,-1,10,5,1,-1,0,8,1,0,1,0,1,1,-1,1,2,29,6,1242,1,13,FIAT 500,3,E01025246,0,1
2024221428837,2024,221428837,1,9,0,-1,19,8,4,-1,0,0,0,0,2,7,1,1,-1,2,1,37,7,1242,1,16,FIAT 500,9,E01032227,0,2
2024320068351,2024,320068351,2,9,0,9,9,6,4,0,0,5,0,0,7,0,2,1,-1,-1,1,18,4,999,1,2,FIAT 500,8,E01026394,0,1
2024471491988,2024,471491988,1,9,0,-1,19,5,1,-1,0,1,0,0,0,0,1,1,-1,9,2,46,8,1242,1,11,FIAT 500,3,E01016926,0,1
2024451405906,2024,451405906,1,9,0,-1,19,3,7,-1,0,0,0,0,0,0,2,1,-1,1,2,38,7,1242,1,7,FIAT 500,9,E01030846,0,1
2024461406048,2024,461406048,3,9,0,-1,2,0,0,-1,0,2,0,0,0,0,1,1,-1,6,2,60,9,1242,1,14,FIAT 500,5,E01016130,0,1
2024411515628,2024,411515628,1,9,0,-1,9,8,7,-1,0,8,1,0,0,0,4,1,-1,6,2,23,5,1242,1,10,FIAT 500,10,E01023908,0,2
2024010513339,2024,010513339,1,9,0,99,99,9,9,99,99,9,9,99,9,99,9,9,6,6,2,60,9,1242,1,4,FIAT 500,10,E01000449,0,1
2024371479498,2024,371479498,2,9,0,-1,19,1,5,-1,0,8,0,0,0,0,1,1,-1,9,2,28,6,1242,1,6,FIAT 500,6,E01030041,0,1
2024141448604,2024,141448604,2,9,0,-1,3,2,6,-1,0,2,1,0,0,0,3,1,-1,2,2,27,6,1242,1,10,FIAT 500,1,E01008117,0,1
2024451461727,2024,451461727,2,9,0,-1,2,5,1,-1,0,0,0,0,0,0,2,1,-1,6,-1,-1,-1,1242,1,9,FIAT 500,-1,-1,0,-1
2024041447750,2024,041447750,2,9,0,-1,19,4,8,-1,0,8,0,0,0,0,1,1,-1,9,2,66,10,1242,1,11,FIAT 500,8,E01025056,0,1
2024131399211,2024,131399211,2,9,0,-1,19,1,1,-1,0,1,0,0,0,0,4,1,-1,9,1,77,11,1368,1,7,FIAT 500,2,E01011149,0,1
2024552401459,2024,552401459,1,9,0,9,9,8,5,0,0,5,0,0,0,0,1,1,6,6,2,43,7,1242,1,8,FIAT 500,2,E01015367,0,1
2024461484258,2024,461484258,1,9,0,-1,3,5,1,-1,0,0,0,0,0,0,1,1,-1,6,1,-1,-1,999,1,0,FIAT 500,4,E01010746,0,5
2024211482715,2024,211482715,1,9,0,-1,19,1,5,-1,0,0,0,0,0,0,1,1,-1,6,2,22,5,1242,1,7,FIAT 500,9,E01029799,0,4
2024421433260,2024,421433260,4,9,0,-1,19,1,5,-1,0,0,0,0,0,0,0,1,-1,6,2,28,6,1242,1,15,FIAT 500,5,E01021769,0,1
2024371498569,2024,371498569,1,9,0,-1,19,-1,-1,-1,0,1,0,0,0,0,1,1,-1,6,2,19,4,1242,1,9,FIAT 500,9,E01030045,0,1
2024302400317,2024,302400317,1,9,0,5,5,8,4,0,0,8,0,0,0,0,3,1,2,2,2,35,6,1242,1,9,FIAT 500,4,E01019851,0,1
2024522500046,2024,522500046,1,9,0,4,4,2,6,0,0,0,0,0,0,0,2,1,6,6,2,42,7,1242,1,13,FIAT 500,2,E01014643,0,1
2024430467195,2024,430467195,1,9,0,9,9,6,4,0,0,6,0,0,0,0,1,1,6,6,1,20,4,1242,1,10,FIAT 500,8,E01017855,0,2
2024351499781,2024,351499781,1,9,0,-1,13,3,7,-1,0,0,1,10,1,0,1,1,-1,1,-1,57,9,1242,1,10,FIAT 500,10,E01035407,0,2
2024371526215,2024,371526215,2,9,0,-1,19,5,1,-1,0,0,0,0,0,0,1,1,-1,9,1,32,6,1242,1,15,FIAT 500,6,E01034561,0,1
2024440483504,2024,440483504,2,9,0,18,19,1,5,0,0,0,0,0,0,0,2,1,6,6,2,20,4,1242,1,11,FIAT 500,9,E01022922,0,2
2024161401410,2024,161401410,1,9,0,-1,19,1,5,-1,0,0,0,0,1,4,1,1,-1,9,1,86,11,1242,1,10,FIAT 500,6,E01013078,0,1
2024471472669,2024,471472669,1,9,0,-1,2,1,5,-1,0,0,0,0,0,0,2,1,-1,9,2,25,5,1242,1,8,FIAT 500,5,E01031472,0,1
2024440167981,2024,440167981,1,9,0,5,5,3,7,0,0,1,0,0,0,0,1,1,6,6,1,68,10,999,1,1,FIAT 500,-1,-1,0,-1
2024622400090,2024,622400090,2,9,0,18,19,6,2,0,0,3,0,0,0,0,3,1,6,6,2,27,6,1242,1,7,FIAT 500,5,W01001824,0,1
2024340NN2242,2024,340NN2242,2,9,0,-1,2,0,0,-1,0,0,0,0,1,0,3,1,-1,6,3,-1,-1,1242,1,11,FIAT 500,-1,-1,0,-1
2024320274389,2024,320274389,1,9,0,-1,-1,6,2,0,0,1,0,0,1,2,1,1,-1,-1,2,17,4,1242,1,10,FIAT 500,9,E01026164,0,2
2024141408190,2024,141408190,1,9,0,-1,19,8,4,-1,0,1,0,0,0,0,3,1,-1,9,2,26,6,1242,1,9,FIAT 500,1,E01007491,0,3
2024522401694,2024,522401694,2,9,0,9,9,2,8,0,0,5,0,0,0,0,1,1,6,6,1,-1,-1,1242,1,4,FIAT 500,-1,-1,0,-1
2024131520452,2024,131520452,2,9,0,-1,19,3,7,-1,0,0,0,0,0,0,3,1,-1,6,2,22,5,1242,1,10,FIAT 500,4,E01011192,0,2
2024531529191,2024,531529191,1,9,0,-1,9,7,5,-1,0,6,0,0,0,0,1,1,-1,9,2,32,6,999,1,1,FIAT 500,9,E01022431,0,2
2024010514466,2024,010514466,1,9,0,7,7,3,5,0,0,5,0,0,0,0,1,1,2,2,2,34,6,1242,1,10,FIAT 500,-1,-1,0,-1
2024421445758,2024,421445758,1,9,0,-1,19,7,8,-1,0,0,0,0,1,3,1,1,-1,9,2,24,5,875,1,11,FIAT 500,2,E01000551,0,4