collision_index,collision_year,collision_ref_no,vehicle_reference,vehicle_type,towing_and_articulation,vehicle_manoeuvre_historic,vehicle_manoeuvre,vehicle_direction_from,vehicle_direction_to,vehicle_location_restricted_lane_historic,vehicle_location_restricted_lane,junction_location,skidding_and_overturning,hit_object_in_carriageway,vehicle_leaving_carriageway,hit_object_off_carriageway,first_point_of_impact,vehicle_left_hand_drive,journey_purpose_of_driver_historic,journey_purpose_of_driver,sex_of_driver,age_of_driver,age_band_of_driver,engine_capacity_cc,propulsion_code,age_of_vehicle,generic_make_model,driver_imd_decile,lsoa_of_driver,escooter_flag,driver_distance_banding
2024010532061,2024,010532061,1,9,0,17,19,1,5,0,0,0,0,0,0,0,1,1,6,6,1,63,9,999,1,4,FIAT 500,-1,-1,0,-1
2024631517342,2024,631517342,1,9,0,-1,19,2,6,-1,0,0,2,0,1,10,4,1,-1,9,2,18,4,1368,1,16,FIAT 500,3,W01000586,0,1
2024421466448,2024,421466448,3,9,0,-1,19,4,8,-1,0,0,0,0,0,0,2,1,-1,9,2,37,7,999,1,4,FIAT 500,-1,-1,0,-1
2024340WN6092,2024,340WN6092,2,9,0,-1,19,1,5,-1,0,1,0,0,0,0,1,1,-1,2,2,45,7,1368,1,9,FIAT 500,2,E01027246,0,1
2024520401504,2024,520401504,1,9,0,18,19,8,4,0,0,0,0,0,0,0,1,1,6,6,1,52,8,1242,1,14,FIAT 500,7,E01029227,0,2
2024401433361,2024,401433361,1,9,-1,-1,-1,-1,-1,-1,-1,1,-1,-1,-1,0,-1,9,-1,6,1,-1,-1,999,1,4,FIAT 500,-1,-1,0,-1
2024501414375,2024,501414375,1,9,0,-1,19,7,3,-1,0,1,0,0,0,0,1,1,-1,7,2,19,4,1242,1,11,FIAT 500,4,E01018847,0,2
2024302400381,2024,302400381,2,9,0,2,2,0,0,0,0,0,0,0,0,0,3,1,6,6,3,-1,-1,1242,1,12,FIAT 500,-1,-1,0,-1
2024520000561,2024,520000561,1,9,0,3,3,2,6,0,0,0,0,0,0,0,2,1,6,6,2,21,5,999,1,4,FIAT 500,6,E01014372,0,1
2024101427685,2024,101427685,1,9,0,-1,19,3,7,-1,0,0,0,0,0,0,1,2,-1,9,2,18,4,1242,1,6,FIAT 500,2,E01008263,0,1
2024430570568,2024,430570568,2,9,0,18,19,8,2,0,0,1,0,0,0,0,1,1,6,6,1,-1,-1,999,1,1,FIAT 500,-1,-1,0,-1
2024201447216,2024,201447216,2,9,0,-1,9,2,6,-1,0,5,0,0,0,0,3,1,-1,9,2,76,11,1242,1,9,FIAT 500,6,E01010350,0,1
2024520403036,2024,520403036,2,9,0,2,2,0,0,0,0,0,0,0,0,0,3,1,6,6,2,59,9,1242,1,11,FIAT 500,6,E01029321,0,1
2024141499974,2024,141499974,4,9,0,-1,2,0,0,-1,9,2,0,4,0,0,2,2,-1,6,2,-1,-1,1242,1,11,FIAT 500,-1,-1,0,-1
2024010497708,2024,010497708,2,9,0,16,19,6,1,0,0,2,0,0,0,0,1,1,6,6,2,38,7,1242,1,8,FIAT 500,5,E01001656,0,1
2024161469876,2024,161469876,1,9,0,-1,9,7,3,-1,0,2,0,0,0,0,3,1,-1,6,2,57,9,999,1,0,FIAT 500,1,E01013196,0,1
2024411484997,2024,411484997,3,9,0,-1,19,3,7,-1,0,8,0,0,0,0,0,1,-1,6,2,61,9,999,1,2,FIAT 500,10,E01033966,0,3
2024501459223,2024,501459223,2,9,0,-1,19,6,2,-1,0,1,1,0,7,0,4,1,-1,9,2,18,4,1242,1,13,FIAT 500,7,E01018934,0,3
2024311535761,2024,311535761,2,9,0,-1,3,1,2,-1,0,4,0,0,0,0,1,1,-1,6,2,47,8,1242,1,6,FIAT 500,-1,-1,0,-1
2024421438901,2024,421438901,1,9,0,-1,19,2,6,-1,0,0,0,0,7,9,1,1,-1,6,2,19,4,875,1,13,FIAT 500,4,E01021847,0,3
2024052400751,2024,052400751,1,9,0,18,19,8,4,0,0,0,0,0,0,0,1,1,6,6,1,26,6,1242,1,14,FIAT 500,2,E01006956,0,1
2024070025812,2024,070025812,1,9,0,18,19,4,8,0,0,7,1,0,0,0,1,1,6,6,2,25,5,1242,1,5,FIAT 500,5,E01006422,0,2
2024451509263,2024,451509263,1,9,0,-1,19,7,3,-1,0,0,0,0,0,0,1,1,-1,9,2,35,6,1242,1,14,FIAT 500,5,E01002948,0,2
2024522500167,2024,522500167,1,9,0,18,19,4,8,0,0,0,0,0,0,0,2,1,6,6,1,46,8,1242,1,9,FIAT 500,8,W01001549,0,3
2024421479840,2024,421479840,4,9,0,-1,2,0,0,-1,0,0,0,0,0,0,3,1,-1,6,-1,-1,-1,1242,1,11,FIAT 500,-1,-1,0,-1
2024221459982,2024,221459982,2,9,0,-1,4,5,1,-1,0,8,0,0,0,0,3,1,-1,6,2,18,4,1242,1,10,FIAT 500,8,E01028861,0,2
2024430308686,2024,430308686,1,9,0,18,19,2,6,0,0,0,0,0,0,0,4,1,6,6,2,-1,-1,1368,1,9,FIAT 500,7,E01016309,0,1
2024010533288,2024,010533288,2,9,0,2,2,9,9,99,99,9,9,99,9,99,9,9,6,6,3,-1,-1,1956,2,8,FIAT 500,-1,-1,0,-1
2024231447760,2024,231447760,2,9,0,-1,8,6,8,-1,0,1,0,0,0,0,2,9,-1,2,2,25,5,1242,1,4,FIAT 500,9,E01035100,0,4
2024471423345,2024,471423345,3,9,0,-1,12,4,8,-1,0,0,0,0,0,0,0,9,-1,6,2,18,4,875,1,12,FIAT 500,9,E01031772,0,3
2024211490559,2024,211490559,2,9,-1,-1,-1,-1,-1,-1,-1,-1,-1,-1,-1,0,-1,9,-1,2,2,24,5,999,1,3,FIAT 500,7,E01029823,0,4
2024010499928,2024,010499928,1,9,0,18,19,1,5,0,0,0,1,0,1,0,1,1,6,6,2,50,8,1242,1,9,FIAT 500,9,E01002992,0,1
2024031422175,2024,031422175,2,9,0,-1,19,2,2,-1,0,8,0,0,7,0,4,1,-1,2,2,50,8,1242,1,8,FIAT 500,-1,-1,0,-1
2024070416180,2024,070416180,1,9,0,4,4,3,7,0,0,0,0,0,0,0,1,1,2,2,2,20,4,1242,1,15,FIAT 500,3,E01018746,0,1
2024010537120,2024,010537120,2,9,0,18,19,5,1,0,0,8,0,0,0,0,1,1,2,2,2,30,6,1242,1,11,FIAT 500,7,E01000196,0,1
2024522402048,2024,522402048,1,9,0,18,19,7,3,0,0,0,5,0,2,4,3,1,6,6,2,37,7,1242,1,5,FIAT 500,9,E01014441,0,4
2024010531190,2024,010531190,1,9,0,18,19,5,1,0,0,0,0,0,0,0,1,1,6,6,2,68,10,1242,1,10,FIAT 500,6,E01001201,0,1
2024552401117,2024,552401117,2,9,0,18,19,8,4,0,0,0,5,0,0,0,2,1,6,6,2,18,4,1242,1,14,FIAT 500,7,E01020588,0,3
2024991404290,2024,991404290,1,9,0,-1,9,6,2,-1,0,8,0,0,0,0,1,1,-1,2,2,49,8,1242,1,7,FIAT 500,10,-1,0,2
2024471481560,2024,471481560,1,9,0,-1,9,3,5,-1,0,8,0,0,0,0,2,2,-1,9,2,23,5,1368,1,15,FIAT 500,10,E01021745,0,4
2024101571510,2024,101571510,1,9,0,-1,4,5,1,-1,0,0,0,0,0,0,2,1,-1,6,2,23,5,1242,1,4,FIAT 500,-1,-1,0,-1
2024552401492,2024,552401492,1,9,0,18,19,8,4,0,0,0,5,0,2,7,3,1,6,6,2,19,4,1248,2,10,FIAT 500,2,E01020499,0,3
2024351521577,2024,351521577,1,9,0,-1,19,4,8,-1,0,0,0,0,0,0,0,1,-1,6,1,60,9,1368,1,17,FIAT 500,7,E01018294,0,1
2024421494791,2024,421494791,1,9,0,-1,19,5,8,-1,0,0,1,0,0,0,4,1,-1,1,2,26,6,1242,1,14,FIAT 500,2,E01034367,0,3
2024070783868,2024,070783868,1,9,0,-1,19,5,1,-1,0,0,0,0,0,0,1,1,-1,2,2,20,4,1242,1,9,FIAT 500,8,E01018567,0,1
2024622400042,2024,622400042,1,9,0,17,19,4,8,0,0,0,0,0,2,6,3,1,2,2,2,23,5,1242,1,9,FIAT 500,9,W01001284,0,1
2024320254776,2024,320254776,1,9,0,-1,-1,1,3,0,0,6,0,0,0,0,1,1,6,6,2,25,5,1242,1,8,FIAT 500,8,E01026368,0,1
2024991522872,2024,991522872,1,9,0,-1,19,7,3,-1,0,0,0,0,0,0,1,1,-1,6,2,22,5,1242,1,6,FIAT 500,8,-1,0,3
2024361524368,2024,361524368,2,9,0,-1,3,3,5,-1,0,4,0,0,0,0,2,1,-1,6,2,18,4,1242,1,9,FIAT 500,5,E01030241,0,2
2024070047790,2024,070047790,1,9,0,5,5,7,3,0,0,6,0,0,0,0,1,2,6,6,2,56,9,1242,1,9,FIAT 500,-1,-1,0,-1
2024161480251,2024,161480251,1,9,0,-1,19,5,1,-1,0,3,0,0,0,0,4,1,-1,9,2,17,4,1242,1,10,FIAT 500,5,E01013285,0,1
2024231449475,2024,231449475,2,9,0,-1,5,7,3,-1,0,0,0,0,0,0,1,1,-1,9,2,23,5,1242,1,14,FIAT 500,1,E01012170,0,5
2024991520021,2024,991520021,1,9,0,-1,5,8,6,-1,0,8,0,0,0,0,1,1,-1,6,2,24,5,999,1,0,FIAT 500,4,-1,0,2
2024010516509,2024,010516509,2,9,0,99,99,9,9,99,99,9,9,99,9,99,1,9,6,6,2,29,6,1242,1,11,FIAT 500,4,E01004540,0,1
2024201433356,2024,201433356,2,9,0,-1,19,8,4,-1,0,0,0,0,0,0,2,1,-1,9,1,31,6,999,1,1,FIAT 500,2,E01009684,0,2
2024421481527,2024,421481527,2,9,0,-1,9,8,5,-1,0,2,0,0,0,0,2,1,-1,9,2,26,6,1242,1,14,FIAT 500,9,E01022077,0,2
2024451458668,2024,451458668,1,9,0,-1,19,5,1,-1,0,8,0,0,0,0,1,2,-1,2,2,27,6,1242,1,7,FIAT 500,5,E01030656,0,2
2024010520422,2024,010520422,1,9,0,99,99,9,9,99,99,9,9,99,9,99,2,9,6,6,1,37,7,1242,1,7,FIAT 500,5,E01003156,0,3
2024010547235,2024,010547235,1,9,0,18,19,5,1,0,0,1,5,4,0,0,4,1,6,6,2,-1,-1,875,1,13,FIAT 500,-1,-1,0,-1
2024461409990,2024,461409990,1,9,0,-1,19,5,1,-1,0,0,5,0,0,0,1,9,-1,9,2,17,4,1242,1,13,FIAT 500,6,E01024361,0,3
2024010549376,2024,010549376,1,9,0,99,99,9,9,99,99,9,9,99,9,99,3,9,6,6,2,20,4,1242,1,11,FIAT 500,10,E01031531,0,4
2024471414006,2024,471414006,1,9,0,-1,19,3,8,-1,0,2,1,0,0,0,1,1,-1,9,2,52,8,1242,1,13,FIAT 500,3,E01021050,0,4
2024221466493,2024,221466493,1,9,0,-1,4,6,1,-1,0,1,0,0,0,0,2,1,-1,2,2,42,7,1598,1,7,FIAT 500,10,E01014168,0,1
2024421442849,2024,421442849,1,9,0,-1,19,4,8,-1,0,0,1,0,1,0,3,1,-1,9,2,17,4,1242,1,13,FIAT 500,5,E01021241,0,1
2024332400782,2024,332400782,2,9,0,-1,19,5,1,-1,0,8,5,0,1,0,1,1,-1,6,2,37,7,999,1,4,FIAT 500,5,E01025625,0,3
2024141467477,2024,141467477,1,9,0,-1,19,1,3,-1,0,6,0,0,0,0,1,1,-1,9,2,19,4,1242,1,15,FIAT 500,8,E01008131,0,1
2024520402920,2024,520402920,1,9,0,4,4,2,6,0,0,0,0,0,0,0,2,1,6,6,2,20,4,999,1,2,FIAT 500,6,E01029300,0,1
2024070474291,2024,070474291,1,9,0,9,9,5,3,0,0,8,0,0,0,1,3,1,6,6,2,18,4,1242,1,14,FIAT 500,10,E01018643,0,2
2024531413834,2024,531413834,3,9,0,-1,2,0,0,-1,0,0,0,0,0,0,1,1,-1,6,-1,-1,-1,1242,1,15,FIAT 500,-1,-1,0,-1
2024201484641,2024,201484641,2,9,0,-1,19,1,5,-1,0,8,0,10,1,11,1,9,-1,9,2,23,5,1242,1,7,FIAT 500,8,E01010437,0,1
2024131419017,2024,131419017,1,9,0,-1,19,3,7,-1,0,2,0,0,0,0,1,1,-1,9,2,17,4,1242,1,15,FIAT 500,8,E01011203,0,2
2024041421213,2024,041421213,2,9,0,-1,2,0,0,-1,0,0,0,0,0,0,4,1,-1,6,-1,-1,-1,1242,1,15,FIAT 500,-1,-1,0,-1
2024010512908,2024,010512908,2,9,0,99,99,9,9,99,99,9,9,99,9,99,9,9,6,6,3,-1,-1,-1,3,2,FIAT 500,-1,-1,0,-1
2024131494491,2024,131494491,2,9,0,-1,19,1,5,-1,0,0,0,0,0,0,2,1,-1,6,2,53,8,1242,1,9,FIAT 500,8,E01010573,0,1
2024201407222,2024,201407222,1,9,0,-1,19,2,6,-1,0,0,0,4,0,0,1,9,-1,1,1,37,7,1242,1,5,FIAT 500,5,E01008974,0,1
2024440502955,2024,440502955,2,9,0,2,2,0,0,0,0,0,0,4,0,0,2,1,6,6,2,51,8,1242,1,13,FIAT 500,9,E01022862,0,1
2024421460102,2024,421460102,1,9,0,-1,7,5,7,-1,4,0,0,0,0,0,1,1,-1,6,2,48,8,1242,1,9,FIAT 500,-1,-1,0,-1
2024461506341,2024,461506341,1,9,0,-1,11,4,6,-1,0,0,2,11,2,7,4,1,-1,2,2,22,5,1242,1,14,FIAT 500,8,E01021107,0,4
2024461420836,2024,461420836,2,9,0,-1,4,5,5,-1,0,0,0,0,0,0,2,1,-1,2,2,24,5,1242,1,14,FIAT 500,4,E01032568,0,4
2024501477367,2024,501477367,2,9,0,-1,19,6,4,-1,0,1,0,0,0,0,1,1,-1,6,2,26,6,1242,1,8,FIAT 500,10,E01031383,0,5
2024010523484,2024,010523484,1,9,0,18,19,7,3,0,0,1,0,0,0,0,1,1,2,2,2,26,6,1242,1,7,FIAT 500,-1,-1,0,-1
2024622400542,2024,622400542,2,9,0,18,19,2,6,0,0,1,0,0,0,0,1,1,6,6,2,39,7,875,1,11,FIAT 500,4,W01000764,0,2
2024631414921,2024,631414921,2,9,0,-1,19,4,8,-1,0,8,0,0,0,0,1,1,-1,1,2,19,4,1242,1,4,FIAT 500,5,W01002012,0,1
2024501398209,2024,501398209,2,9,0,-1,19,1,5,-1,0,0,0,0,0,0,3,9,-1,9,2,30,6,1242,1,15,FIAT 500,4,E01028809,0,5
2024010540890,2024,010540890,1,9,0,7,7,8,2,0,0,1,0,0,1,0,4,1,6,6,1,89,11,1242,1,9,FIAT 500,7,E01000147,0,1
2024131526220,2024,131526220,2,9,0,-1,4,2,6,-1,0,0,0,0,0,0,0,1,-1,6,2,49,8,1242,1,8,FIAT 500,9,E01011566,0,2
2024461410475,2024,461410475,1,9,0,-1,19,1,1,-1,0,0,0,4,0,0,1,1,-1,9,2,48,8,1242,1,4,FIAT 500,-1,-1,0,-1
2024461455996,2024,461455996,1,9,0,-1,19,8,1,-1,0,0,0,4,0,0,1,1,-1,9,2,34,6,1242,1,15,FIAT 500,5,E01016065,0,4
2024101468002,2024,101468002,3,9,0,-1,2,1,1,-1,0,0,0,0,0,0,1,1,-1,6,-1,-1,-1,1242,1,14,FIAT 500,-1,-1,0,-1
2024421398649,2024,421398649,1,9,0,-1,9,1,6,-1,0,8,0,0,0,0,4,1,-1,9,2,36,7,1242,1,10,FIAT 500,8,E01021389,0,1
2024201451096,2024,201451096,2,9,0,-1,2,0,0,-1,9,0,1,0,0,0,2,1,-1,6,-1,-1,-1,875,1,12,FIAT 500,-1,-1,0,-1
2024052401969,2024,052401969,1,9,0,18,19,7,3,0,0,0,0,0,0,0,1,1,6,6,2,72,10,1242,1,9,FIAT 500,6,E01006920,0,1
2024501398231,2024,501398231,1,9,0,-1,19,1,5,-1,0,0,1,11,1,10,4,1,-1,9,2,19,4,1242,1,11,FIAT 500,9,E01020038,0,3
2024361463566,2024,361463566,1,9,0,-1,19,6,2,-1,0,0,0,0,0,0,1,1,-1,6,2,19,4,1242,1,6,FIAT 500,5,E01026651,0,4
2024461423147,2024,461423147,2,9,0,-1,19,1,5,-1,0,0,0,0,0,0,3,9,-1,9,1,21,5,1242,1,11,FIAT 500,10,E01024348,0,1
2024311402516,2024,311402516,2,9,0,-1,3,1,5,-1,0,0,0,0,0,0,0,1,-1,6,2,24,5,1242,1,11,FIAT 500,1,E01013818,0,2
2024351493406,2024,351493406,2,9,0,-1,-1,-1,-1,-1,-1,-1,-1,-1,-1,0,-1,9,-1,9,2,75,10,1242,1,8,FIAT 500,10,E01018295,0,1
2024111394627,2024,111394627,2,9,0,-1,19,8,4,-1,0,0,0,0,0,0,2,1,-1,6,1,60,9,1242,1,12,FIAT 500,7,E01012365,0,1
2024371504555,2024,371504555,1,9,0,-1,19,1,5,-1,0,0,0,0,0,0,1,1,-1,6,1,43,7,875,1,11,FIAT 500,6,E01013589,0,5
202454F085224,2024,54F085224,1,9,0,18,19,4,8,0,0,6,0,0,0,0,1,1,6,6,2,45,7,1242,1,9,FIAT 500,9,E01032105,0,1
2024201489278,2024,201489278,2,9,0,-1,7,2,5,-1,0,6,0,0,0,0,3,1,-1,9,2,77,11,1242,1,6,FIAT 500,9,E01009422,0,1
2024101523318,2024,101523318,2,9,0,-1,5,2,6,-1,0,1,0,0,0,0,2,1,-1,6,2,22,5,1242,1,12,FIAT 500,6,E01020654,0,3
2024371523731,2024,371523731,3,9,0,-1,4,1,5,-1,0,0,0,0,0,0,2,1,-1,6,2,53,8,1242,1,4,FIAT 500,6,E01030052,0,4
2024451472914,2024,451472914,1,9,0,-1,5,4,5,-1,99,0,0,7,0,0,3,1,-1,9,2,27,6,1242,1,9,FIAT 500,8,E01004149,0,3
2024421517926,2024,421517926,1,9,0,-1,19,3,7,-1,0,1,0,0,0,0,1,1,-1,6,2,17,4,1242,1,11,FIAT 500,6,E01015945,0,1
2024340NN3612,2024,340NN3612,2,9,0,-1,19,5,1,-1,0,0,0,0,0,0,3,1,-1,2,1,27,6,1242,1,9,FIAT 500,3,E01010137,0,4
2024461524887,2024,461524887,3,9,0,-1,19,2,6,-1,0,0,0,0,0,0,3,1,-1,2,2,21,5,1242,1,8,FIAT 500,9,E01002259,0,4
2024010538872,2024,010538872,1,9,0,18,19,8,4,0,0,0,0,0,0,0,1,1,6,6,2,35,6,1598,2,9,FIAT 500,8,E01000703,0,2
2024461459360,2024,461459360,1,9,0,-1,19,7,3,-1,0,0,5,0,0,0,1,1,-1,1,2,28,6,1242,1,11,FIAT 500,4,E01024565,0,2
2024401437281,2024,401437281,2,9,0,-1,19,5,7,-1,0,0,1,0,0,0,1,1,-1,7,2,46,8,1242,1,16,FIAT 500,5,E01034429,0,1
2024461480896,2024,461480896,3,9,0,-1,2,0,0,-1,-1,0,0,4,0,0,3,1,-1,6,-1,-1,-1,1242,1,11,FIAT 500,-1,-1,0,-1
2024141394513,2024,141394513,2,9,0,-1,4,7,3,-1,0,0,0,0,0,0,2,1,-1,9,1,18,4,999,1,1,FIAT 500,7,E01007972,0,1
2024531477945,2024,531477945,1,9,0,-1,12,1,5,-1,0,1,0,0,4,1,1,1,-1,9,1,36,7,999,1,1,FIAT 500,2,E01000858,0,5
2024231460294,2024,231460294,2,9,0,-1,19,1,5,-1,0,8,0,0,0,0,1,1,-1,6,2,19,4,1242,1,9,FIAT 500,3,E01009589,0,1
2024461430264,2024,461430264,1,9,0,-1,19,1,4,-1,-1,0,1,10,7,3,1,1,-1,9,1,18,4,1242,1,13,FIAT 500,6,E01024406,0,2
2024141482348,2024,141482348,1,9,0,-1,19,2,6,-1,0,2,0,0,0,0,1,2,-1,1,1,35,6,1242,1,13,FIAT 500,1,E01007450,0,1
2024010533664,2024,010533664,2,9,0,15,15,7,3,0,0,2,0,0,0,0,1,1,6,6,1,56,9,999,1,3,FIAT 500,-1,-1,0,-1
2024430036140,2024,430036140,1,9,0,18,19,6,2,0,0,0,5,0,1,0,1,1,6,6,1,85,11,1242,1,5,FIAT 500,6,E01031866,0,3
2024122400267,2024,122400267,1,9,0,18,19,1,6,0,0,0,0,0,0,0,1,1,6,6,2,47,8,1242,1,9,FIAT 500,9,E01027665,0,1
2024421515961,2024,421515961,2,9,0,-1,19,5,8,-1,0,8,0,0,0,0,1,1,-1,9,2,22,5,1242,1,7,FIAT 500,5,E01021380,0,1
2024471411158,2024,471411158,1,9,0,-1,19,7,3,-1,0,0,1,11,0,0,1,1,-1,9,2,18,4,1248,2,16,FIAT 500,6,E01021080,0,3
2024411425669,2024,411425669,1,9,0,-1,4,2,6,-1,0,0,0,0,0,0,1,1,-1,6,2,70,10,1242,1,7,FIAT 500,10,E01020380,0,5
2024401424839,2024,401424839,2,9,-1,-1,-1,-1,-1,-1,-1,-1,-1,-1,-1,0,-1,9,-1,9,2,21,5,-1,3,3,FIAT 500,7,E01017464,0,2
2024231469172,2024,231469172,2,9,0,-1,4,7,3,-1,0,1,0,0,0,0,2,9,-1,6,2,58,9,1242,1,8,FIAT 500,9,E01031082,0,1
2024201438351,2024,201438351,1,9,0,-1,9,6,5,-1,0,6,0,0,0,0,1,9,-1,6,2,22,5,1242,1,10,FIAT 500,8,E01031152,0,1
2024231479468,2024,231479468,2,9,0,-1,19,6,2,-1,0,0,5,0,0,0,3,1,-1,9,2,55,8,875,1,12,FIAT 500,2,E01028300,0,4
2024501498080,2024,501498080,1,9,0,-1,4,5,1,-1,0,1,1,0,0,0,1,1,-1,2,2,52,8,999,1,3,FIAT 500,4,E01020189,0,2
2024451448236,2024,451448236,1,9,0,-1,19,7,3,-1,9,2,0,0,7,11,1,1,-1,9,2,81,11,1242,1,6,FIAT 500,10,E01030624,0,1
202454D841224,2024,54D841224,1,9,0,18,19,5,1,0,0,4,0,0,0,0,1,1,6,6,1,30,6,1242,1,12,FIAT 500,5,E01034554,0,4
2024421532649,2024,421532649,1,9,0,-1,19,1,5,-1,0,8,0,0,0,0,1,1,-1,1,2,57,9,1598,2,7,FIAT 500,7,E01021330,0,1
2024430076565,2024,430076565,2,9,0,3,3,3,7,0,0,0,0,0,0,0,2,1,6,6,2,35,6,1368,1,9,FIAT 500,10,E01017606,0,3
2024211500367,2024,211500367,2,9,0,-1,19,1,5,-1,0,1,1,0,0,0,1,1,-1,9,2,17,4,1242,1,9,FIAT 500,7,E01029655,0,3
2024371462572,2024,371462572,1,9,0,-1,9,4,2,-1,0,8,0,0,0,0,1,1,-1,6,2,36,7,1242,1,10,FIAT 500,4,E01030270,0,1
2024440381657,2024,440381657,2,9,0,18,19,1,5,0,0,0,5,0,2,10,2,1,6,6,2,47,8,1242,1,8,FIAT 500,5,E01015461,0,4
2024201451309,2024,201451309,3,9,0,-1,19,5,1,-1,0,1,0,0,0,0,2,1,-1,9,2,50,8,1242,1,11,FIAT 500,2,E01010511,0,1
2024141494601,2024,141494601,1,9,0,-1,19,7,3,-1,0,0,0,0,0,0,1,1,-1,6,1,26,6,1242,1,8,FIAT 500,2,E01007593,0,4
2024610027124,2024,610027124,1,9,0,7,7,3,5,0,0,2,0,0,0,0,1,1,6,6,2,20,4,1242,1,12,FIAT 500,-1,-1,0,-1
2024061458540,2024,061458540,1,9,0,-1,4,4,6,-1,0,1,0,0,0,0,2,1,-1,2,2,45,7,1242,1,9,FIAT 500,4,E01005838,0,1
2024411408991,2024,411408991,1,9,0,-1,19,1,5,-1,0,0,1,0,0,0,4,9,-1,2,2,21,5,1242,1,5,FIAT 500,7,E01023890,0,2
2024041427624,2024,041427624,2,9,0,-1,19,3,7,-1,0,8,0,0,0,0,1,1,-1,2,1,22,5,999,1,2,FIAT 500,10,E01024965,0,3
2024052401724,2024,052401724,1,9,0,18,19,5,1,0,0,4,0,0,0,0,1,1,6,6,2,58,9,1242,1,8,FIAT 500,2,E01007294,0,1
2024061503946,2024,061503946,1,9,0,-1,19,4,8,-1,0,1,0,0,0,0,1,1,-1,2,2,24,5,1242,1,8,FIAT 500,10,E01024950,0,3
2024371525359,2024,371525359,2,9,0,-1,9,5,3,-1,0,0,0,0,0,0,1,1,-1,6,2,44,7,999,1,4,FIAT 500,10,E01030204,0,1
2024311443428,2024,311443428,1,9,0,-1,6,3,3,-1,0,0,0,0,0,0,4,1,-1,9,2,66,10,1242,1,15,FIAT 500,6,E01028202,0,1
2024211412677,2024,211412677,1,9,0,-1,19,1,5,-1,0,8,0,7,0,0,1,1,-1,2,2,55,8,1242,1,10,FIAT 500,5,E01029829,0,1
2024991497195,2024,991497195,1,9,0,-1,14,7,2,-1,0,2,0,0,0,0,1,1,-1,6,2,18,4,1242,1,11,FIAT 500,-1,-1,0,-1
2024451520906,2024,451520906,1,9,0,-1,5,5,1,-1,0,6,0,0,7,11,1,1,-1,6,1,27,6,1242,1,15,FIAT 500,10,E01031672,0,3
2024010532413,2024,010532413,2,9,9,99,99,9,9,99,99,9,9,99,9,99,9,9,6,6,3,-1,-1,1242,1,8,FIAT 500,-1,-1,0,-1
2024031519921,2024,031519921,1,9,0,-1,4,3,7,-1,0,0,1,0,1,0,3,1,-1,2,2,26,6,1242,1,13,FIAT 500,5,E01019278,0,1
2024451520924,2024,451520924,1,9,0,-1,19,3,7,-1,0,0,0,0,1,11,1,1,-1,9,1,20,4,1242,1,15,FIAT 500,5,E01002449,0,2
2024231530743,2024,231530743,1,9,0,-1,19,1,5,-1,0,8,0,0,7,0,4,1,-1,9,2,24,5,1242,1,9,FIAT 500,7,E01010209,0,4
2024320489468,2024,320489468,1,9,0,-1,-1,8,4,0,0,1,0,0,0,0,1,1,-1,-1,1,46,8,1242,1,14,FIAT 500,6,E01034687,0,1
2024421466606,2024,421466606,1,9,0,-1,9,3,1,-1,0,4,0,0,0,0,3,1,-1,9,2,19,4,1242,1,12,FIAT 500,8,E01035159,0,1
2024351443051,2024,351443051,1,9,0,-1,19,5,1,-1,0,0,0,0,0,0,3,1,-1,6,1,21,5,1242,1,7,FIAT 500,8,E01026200,0,4
2024371473758,2024,371473758,2,9,0,-1,19,7,3,-1,0,8,5,0,7,0,4,1,-1,6,1,30,6,1242,1,16,FIAT 500,8,E01033044,0,1
2024351432500,2024,351432500,2,9,-1,-1,-1,-1,-1,-1,-1,-1,-1,-1,-1,0,-1,9,-1,6,1,39,7,875,1,13,FIAT 500,4,E01026280,0,3
2024010517413,2024,010517413,3,9,0,18,19,3,7,0,0,0,0,4,0,0,1,1,6,6,2,18,4,1242,1,6,FIAT 500,10,E01000458,0,1
2024440013322,2024,440013322,2,9,0,18,19,4,8,0,0,8,0,0,0,0,1,1,6,6,2,19,4,1242,1,7,FIAT 500,10,E01022784,0,1
2024421412681,2024,421412681,1,9,0,-1,19,8,4,-1,0,1,0,4,0,0,1,2,-1,6,2,23,5,1242,1,9,FIAT 500,4,E01004417,0,4
2024052400804,2024,052400804,1,9,0,18,19,5,1,0,0,0,0,0,0,0,1,1,6,6,1,33,6,1242,1,13,FIAT 500,9,E01012374,0,1
2024371496948,2024,371496948,2,9,0,-1,2,-1,-1,-1,0,0,0,0,0,0,2,1,-1,9,2,54,8,1242,1,10,FIAT 500,8,E01030269,0,1
2024430576611,2024,430576611,1,9,0,9,9,2,8,0,0,6,0,0,0,0,1,1,2,2,2,38,7,999,1,2,FIAT 500,7,E01033967,0,1
2024010528796,2024,010528796,1,9,0,18,19,5,1,0,0,1,0,0,7,0,1,1,6,6,1,18,4,1242,1,10,FIAT 500,6,E01002142,0,2
2024161474923,2024,161474923,1,9,0,-1,19,5,1,-1,0,4,0,0,0,0,4,1,-1,2,2,20,4,1242,1,13,FIAT 500,5,E01013297,0,1