collision_index,collision_year,collision_ref_no,vehicle_reference,vehicle_type,towing_and_articulation,vehicle_manoeuvre_historic,vehicle_manoeuvre,vehicle_direction_from,vehicle_direction_to,vehicle_location_restricted_lane_historic,vehicle_location_restricted_lane,junction_location,skidding_and_overturning,hit_object_in_carriageway,vehicle_leaving_carriageway,hit_object_off_carriageway,first_point_of_impact,vehicle_left_hand_drive,journey_purpose_of_driver_historic,journey_purpose_of_driver,sex_of_driver,age_of_driver,age_band_of_driver,engine_capacity_cc,propulsion_code,age_of_vehicle,generic_make_model,driver_imd_decile,lsoa_of_driver,escooter_flag,driver_distance_banding
2024461531546,2024,461531546,2,9,0,-1,2,0,0,-1,0,0,0,0,0,0,1,1,-1,6,-1,-1,-1,999,1,3,FIAT 500,-1,-1,0,-1
2024401406512,2024,401406512,2,9,0,-1,19,4,8,-1,0,0,0,0,0,0,2,1,-1,2,2,26,6,1242,1,9,FIAT 500,9,E01017439,0,2
2024522402446,2024,522402446,1,9,0,8,8,6,1,0,0,1,0,0,0,0,2,1,6,6,2,59,9,1242,1,6,FIAT 500,8,E01014560,0,1
202417M118124,2024,17M118124,2,9,0,-1,19,3,7,-1,0,8,0,0,0,0,3,1,-1,9,2,20,4,1242,1,13,FIAT 500,-1,-1,0,-1
2024440407038,2024,440407038,1,9,0,5,5,5,1,0,0,8,0,0,0,0,1,1,6,6,2,26,6,1242,1,10,FIAT 500,8,E01017231,0,1
2024211479864,2024,211479864,2,9,0,-1,19,4,8,-1,0,1,1,0,0,0,0,1,-1,9,2,24,5,1242,1,14,FIAT 500,3,E01014364,0,1
2024302400545,2024,302400545,1,9,0,18,19,6,2,0,0,1,2,0,7,0,1,1,6,6,1,87,11,1242,1,11,FIAT 500,5,E01019438,0,1
2024461483368,2024,461483368,1,9,0,-1,19,1,2,-1,0,0,1,0,0,0,4,2,-1,1,2,20,4,1242,1,15,FIAT 500,5,E01024216,0,1
2024522401980,2024,522401980,1,9,0,18,19,7,3,0,0,0,0,0,0,0,1,1,6,6,2,54,8,1242,1,12,FIAT 500,6,E01014614,0,2
2024430624689,2024,430624689,1,9,0,9,9,7,5,0,0,5,0,0,0,0,3,1,6,6,2,68,10,1242,1,6,FIAT 500,9,E01017655,0,2
2024010525350,2024,010525350,1,9,0,99,99,9,9,99,99,9,9,99,9,99,2,9,6,6,2,26,6,1242,1,14,FIAT 500,3,E01004436,0,1
2024361462373,2024,361462373,1,9,0,-1,19,8,4,-1,0,0,2,0,1,0,0,1,-1,6,1,38,7,1242,1,14,FIAT 500,5,E01030272,0,4
2024411405129,2024,411405129,1,9,0,-1,13,8,4,-1,0,0,0,0,0,0,4,1,-1,6,2,33,6,-1,3,2,FIAT 500,6,E01023708,0,1
2024340WN4252,2024,340WN4252,1,9,0,-1,19,5,1,-1,0,0,0,0,0,0,1,1,-1,9,2,79,11,1242,1,8,FIAT 500,8,E01027000,0,1
2024461487216,2024,461487216,2,9,0,-1,3,3,7,-1,0,0,0,0,0,0,2,1,-1,2,2,-1,-1,999,1,0,FIAT 500,3,E01003302,0,4
2024101473344,2024,101473344,2,9,0,-1,19,5,1,-1,0,1,0,0,0,0,2,1,-1,6,1,33,6,1242,1,7,FIAT 500,3,E01008229,0,1
2024340WN0062,2024,340WN0062,1,9,0,-1,19,2,6,-1,0,0,1,0,0,0,1,1,-1,2,2,20,4,1242,1,16,FIAT 500,9,E01027254,0,4
2024311495129,2024,311495129,2,9,0,-1,19,4,8,-1,0,8,0,0,0,0,4,1,-1,6,2,62,9,1242,1,10,FIAT 500,-1,-1,0,-1
2024421468598,2024,421468598,1,9,0,-1,19,8,3,-1,0,4,0,0,0,0,1,1,-1,6,2,23,5,875,1,13,FIAT 500,-1,-1,0,-1
2024440392310,2024,440392310,1,9,0,18,19,1,5,0,0,0,0,0,0,0,1,1,1,1,2,61,9,1242,1,9,FIAT 500,8,E01022525,0,1
2024471492174,2024,471492174,3,9,0,-1,2,0,0,-1,0,0,0,0,0,0,1,1,-1,6,-1,-1,-1,1242,1,4,FIAT 500,-1,-1,0,-1
2024421429861,2024,421429861,1,9,0,-1,7,8,2,-1,0,2,0,0,0,0,2,1,-1,6,2,19,4,1242,1,6,FIAT 500,8,E01003673,0,3
2024991524603,2024,991524603,1,9,0,-1,9,3,8,-1,0,1,0,0,0,0,1,1,-1,9,2,22,5,1242,1,16,FIAT 500,4,-1,0,1
2024010498817,2024,010498817,2,9,0,99,99,9,9,99,99,9,9,99,9,99,1,9,6,6,3,21,5,1242,1,8,FIAT 500,2,E01000789,0,2
2024311497107,2024,311497107,1,9,0,-1,3,2,6,-1,0,2,0,0,0,0,2,1,-1,9,2,56,9,1242,1,10,FIAT 500,-1,-1,0,-1
2024010516490,2024,010516490,1,9,0,18,19,3,7,0,0,1,0,0,0,0,2,1,6,6,2,32,6,1242,1,12,FIAT 500,-1,-1,0,-1
2024010507774,2024,010507774,2,9,0,99,99,9,9,99,99,9,9,99,9,99,9,9,6,6,3,-1,-1,1242,1,14,FIAT 500,-1,-1,0,-1
2024471429974,2024,471429974,2,9,0,-1,19,3,7,-1,0,0,0,0,0,0,3,1,-1,2,2,20,4,1242,1,16,FIAT 500,6,E01016890,0,1
2024471512673,2024,471512673,2,9,0,-1,19,3,7,-1,0,1,0,0,0,0,1,1,-1,2,2,27,6,1242,1,6,FIAT 500,4,E01031499,0,1
2024531424669,2024,531424669,1,9,0,-1,5,7,3,-1,0,8,0,0,0,0,3,1,-1,9,1,50,8,1242,1,6,FIAT 500,7,E01022397,0,1
2024010544076,2024,010544076,1,9,0,18,19,1,5,0,0,2,0,10,0,0,1,1,6,6,2,44,7,1242,1,16,FIAT 500,3,E01033924,0,1
2024302400056,2024,302400056,1,9,0,18,19,1,5,0,0,0,0,0,0,0,1,1,6,6,2,17,4,875,1,11,FIAT 500,2,E01019505,0,3
2024451432232,2024,451432232,1,9,0,-1,5,5,1,-1,0,0,0,0,0,0,1,9,-1,9,2,85,11,1242,1,7,FIAT 500,10,E01031675,0,2
2024440324724,2024,440324724,2,9,0,3,3,4,8,0,0,0,0,0,0,0,2,1,6,6,1,73,10,1242,1,14,FIAT 500,6,E01022597,0,4
2024041477302,2024,041477302,1,9,0,-1,7,5,1,-1,0,1,0,0,0,0,1,1,-1,9,2,27,6,1242,1,6,FIAT 500,4,E01000929,0,5
2024340WN4152,2024,340WN4152,1,9,0,-1,19,1,5,-1,0,1,0,0,0,0,1,1,-1,6,1,-1,-1,1242,1,11,FIAT 500,6,E01027169,0,1
2024311528953,2024,311528953,2,9,0,-1,9,7,3,-1,0,5,0,0,0,0,3,1,-1,2,1,31,6,1242,1,10,FIAT 500,3,E01028019,0,3
2024221445147,2024,221445147,1,9,0,-1,5,1,5,-1,0,0,1,0,1,10,1,9,-1,6,2,25,5,1242,1,11,FIAT 500,5,E01032342,0,1
2024010518797,2024,010518797,2,9,0,18,19,7,3,0,0,1,0,0,0,0,3,1,6,6,2,22,5,1598,1,8,FIAT 500,4,E01001420,0,1
2024552401260,2024,552401260,1,9,0,18,19,8,4,0,0,8,0,0,0,0,1,1,6,6,3,-1,-1,1242,1,5,FIAT 500,-1,-1,0,-1
2024201529645,2024,201529645,1,9,0,-1,19,3,5,-1,0,0,0,0,0,0,1,9,-1,6,2,34,6,1242,1,12,FIAT 500,1,E01010234,0,1
2024411532855,2024,411532855,1,9,0,-1,4,5,1,-1,0,1,0,0,1,0,4,1,-1,6,2,47,8,1242,1,9,FIAT 500,7,E01017564,0,3
2024451396117,2024,451396117,2,9,0,-1,9,1,3,-1,0,1,0,0,0,0,4,9,-1,6,2,30,6,1242,1,5,FIAT 500,-1,-1,0,-1
2024421419722,2024,421419722,2,9,0,-1,19,6,2,-1,0,1,0,0,0,0,4,1,-1,9,2,33,6,1368,1,9,FIAT 500,6,E01035155,0,1
2024010511998,2024,010511998,1,9,0,7,7,5,7,4,4,5,0,0,1,0,4,1,6,6,2,35,6,1598,1,8,FIAT 500,2,E01033876,0,1
2024010545441,2024,010545441,2,9,0,99,99,9,9,99,99,9,9,99,9,99,1,9,6,6,3,-1,-1,999,1,3,FIAT 500,-1,-1,0,-1
2024010541118,2024,010541118,1,9,0,99,99,9,9,99,99,9,9,99,9,99,2,9,1,1,2,45,7,1242,1,8,FIAT 500,3,E01033936,0,3
2024010522765,2024,010522765,2,9,0,9,9,7,5,0,0,8,5,0,0,0,3,1,6,6,2,-1,-1,875,1,13,FIAT 500,9,E01018154,0,4
2024010532290,2024,010532290,1,9,0,7,7,7,1,0,0,8,0,0,0,0,1,1,6,6,2,20,4,1242,1,5,FIAT 500,8,E01002579,0,1
2024211539239,2024,211539239,2,9,0,-1,19,4,7,-1,0,8,0,0,0,0,1,1,-1,1,2,18,4,1242,1,13,FIAT 500,3,E01029357,0,1
2024461434387,2024,461434387,2,9,0,-1,2,5,1,-1,0,0,0,4,0,0,2,9,-1,6,2,22,5,1242,1,15,FIAT 500,2,E01016136,0,1
2024141531255,2024,141531255,1,9,0,-1,4,1,6,-1,0,0,0,0,0,0,2,9,-1,6,1,50,8,1248,2,16,FIAT 500,6,E01007452,0,3
2024010532015,2024,010532015,1,9,0,18,19,5,1,0,0,5,0,0,0,0,1,1,6,6,1,39,7,1242,1,14,FIAT 500,3,E01000506,0,3
2024131531004,2024,131531004,1,9,0,-1,19,1,7,-1,0,0,0,0,0,0,1,1,-1,9,1,23,5,1242,1,15,FIAT 500,3,E01010597,0,1
2024440501058,2024,440501058,1,9,0,16,19,8,4,0,0,8,0,0,0,0,1,1,2,2,2,37,7,1242,1,10,FIAT 500,9,E01034719,0,2
2024070350967,2024,070350967,1,9,0,18,19,3,7,0,0,8,1,0,0,0,1,1,1,1,2,57,9,1242,1,5,FIAT 500,9,E01018500,0,2
2024451504430,2024,451504430,1,9,0,-1,19,7,3,-1,0,0,0,0,0,0,1,9,-1,6,2,50,8,1242,1,12,FIAT 500,7,E01030527,0,1
2024052400573,2024,052400573,1,9,0,18,19,1,5,0,0,0,0,8,0,0,3,1,6,6,2,60,9,1242,1,14,FIAT 500,4,E01006983,0,1
2024231460294,2024,231460294,1,9,0,-1,9,3,1,-1,0,6,0,0,0,0,1,1,-1,9,2,18,4,999,1,3,FIAT 500,3,E01031080,0,1
2024421461456,2024,421461456,1,9,0,-1,19,5,3,-1,0,0,0,0,1,0,1,9,-1,6,2,19,4,1242,1,8,FIAT 500,6,E01021414,0,3
2024451408791,2024,451408791,1,9,0,-1,9,1,1,-1,0,3,0,11,3,11,1,1,-1,2,2,36,7,1242,1,10,FIAT 500,9,E01030960,0,1
2024070436936,2024,070436936,2,9,0,18,19,3,7,0,0,8,0,0,0,0,4,1,6,6,2,55,8,1242,1,14,FIAT 500,7,E01018409,0,4
2024041513034,2024,041513034,1,9,0,-1,9,5,7,-1,0,1,0,0,0,0,4,1,-1,2,2,22,5,1242,1,15,FIAT 500,1,E01012698,0,1
2024461491023,2024,461491023,1,9,0,-1,19,8,5,-1,0,0,1,0,0,0,1,1,-1,9,2,31,6,875,1,13,FIAT 500,9,E01000345,0,4
2024552400452,2024,552400452,1,9,0,18,19,6,2,0,0,1,0,0,0,0,1,1,6,6,1,31,6,1242,1,8,FIAT 500,3,E01015429,0,1
2024531430681,2024,531430681,1,9,0,-1,19,1,5,-1,0,4,0,0,0,0,3,1,-1,1,2,18,4,1242,1,14,FIAT 500,2,E01032932,0,1
2024122500036,2024,122500036,2,9,0,4,4,3,1,0,0,1,0,0,0,0,2,1,6,6,2,34,6,1242,1,11,FIAT 500,3,E01034752,0,1
2024421408496,2024,421408496,1,9,0,-1,19,1,1,-1,0,1,1,7,7,0,4,1,-1,6,1,26,6,1242,1,12,FIAT 500,-1,-1,0,-1
2024411452831,2024,411452831,2,9,0,-1,19,8,4,-1,0,4,0,0,0,0,3,1,-1,6,2,60,9,999,1,1,FIAT 500,3,E01023951,0,1
2024302400063,2024,302400063,1,9,0,4,4,7,3,0,0,2,0,0,0,0,1,1,6,6,1,80,11,1242,1,5,FIAT 500,10,-1,0,5
2024371567109,2024,371567109,1,9,0,-1,19,3,7,-1,0,0,0,0,7,0,1,1,-1,6,2,17,4,1242,1,14,FIAT 500,8,E01021407,0,4
2024010508352,2024,010508352,2,9,0,99,99,9,9,99,99,9,9,99,9,99,1,9,6,6,3,-1,-1,1242,1,8,FIAT 500,2,E01000890,0,1
2024041435875,2024,041435875,2,9,0,-1,19,5,1,-1,0,1,0,0,0,0,2,1,-1,6,2,45,7,999,1,2,FIAT 500,7,E01025462,0,1
2024201451146,2024,201451146,2,9,0,-1,3,7,6,-1,0,1,0,0,0,0,4,1,-1,6,2,19,4,999,1,1,FIAT 500,-1,-1,0,-1
2024332401209,2024,332401209,1,9,0,-1,5,4,8,-1,0,6,0,0,3,0,4,1,-1,6,2,48,8,1242,1,11,FIAT 500,3,E01025715,0,2
2024440349232,2024,440349232,2,9,0,18,19,2,6,0,0,1,0,0,6,1,1,1,2,2,1,33,6,1368,1,7,FIAT 500,4,E01031980,0,3
2024332400309,2024,332400309,1,9,0,-1,3,4,8,-1,0,0,0,0,0,0,2,1,-1,2,2,23,5,1242,1,10,FIAT 500,8,E01025786,0,3
2024010545715,2024,010545715,1,9,0,18,19,7,3,0,0,1,2,4,0,0,1,1,6,6,2,19,4,1242,1,11,FIAT 500,5,E01019305,0,5
2024141443371,2024,141443371,2,9,0,-1,7,8,4,-1,0,8,0,0,0,0,1,1,-1,9,2,19,4,1242,1,10,FIAT 500,10,E01019606,0,3
2024221402901,2024,221402901,1,9,0,-1,7,4,6,-1,0,6,0,10,1,11,1,1,-1,9,2,78,11,1242,1,14,FIAT 500,6,E01032462,0,1
2024211470597,2024,211470597,1,9,0,-1,19,6,2,-1,0,0,0,0,0,0,1,1,-1,9,2,26,6,1368,1,16,FIAT 500,4,E01029594,0,3
2024461469144,2024,461469144,1,9,0,-1,19,7,3,-1,0,1,0,0,0,0,4,9,-1,6,2,22,5,1242,1,12,FIAT 500,10,E01024644,0,1
2024471445686,2024,471445686,2,9,0,-1,19,5,1,-1,0,1,0,0,0,0,2,1,-1,6,2,45,7,1242,1,5,FIAT 500,10,E01017001,0,1
2024531437681,2024,531437681,1,9,0,-1,19,3,7,-1,0,4,0,0,0,0,1,1,-1,2,2,20,4,875,1,13,FIAT 500,9,E01022189,0,4
2024501521323,2024,501521323,1,9,0,-1,12,6,2,-1,0,0,0,0,0,0,2,1,-1,9,2,20,4,1242,1,9,FIAT 500,4,E01018843,0,2
2024101507533,2024,101507533,1,9,0,-1,5,1,5,-1,0,0,0,0,0,0,1,2,-1,6,2,19,4,1242,1,14,FIAT 500,5,E01008233,0,1
2024070547935,2024,070547935,2,9,0,9,9,8,4,0,0,6,0,0,0,0,3,1,6,6,2,19,4,1242,1,11,FIAT 500,4,E01018451,0,1
2024041453211,2024,041453211,1,9,0,-1,9,3,7,-1,0,2,0,0,0,0,1,1,-1,9,2,56,9,1368,1,7,FIAT 500,3,E01025391,0,1
2024061487190,2024,061487190,2,9,-1,-1,4,2,6,-1,0,1,0,0,0,0,2,9,-1,6,2,49,8,1242,1,7,FIAT 500,2,E01004872,0,1
2024041424509,2024,041424509,2,9,0,-1,19,3,7,-1,0,1,0,0,7,0,1,1,-1,7,2,55,8,1242,1,11,FIAT 500,8,E01025365,0,1
2024101493947,2024,101493947,1,9,0,-1,3,2,7,-1,0,0,0,0,0,0,4,1,-1,2,2,23,5,1242,1,8,FIAT 500,1,E01008665,0,2
2024141407978,2024,141407978,2,9,0,-1,19,1,5,-1,0,0,0,0,0,0,1,9,-1,6,3,-1,-1,1242,1,16,FIAT 500,-1,-1,0,-1
2024320583635,2024,320583635,1,9,0,14,14,4,8,0,0,0,0,0,0,0,4,1,-1,-1,2,74,10,1242,1,9,FIAT 500,8,E01026185,0,1
2024461545412,2024,461545412,1,9,0,-1,9,5,1,-1,0,8,0,0,0,0,1,2,-1,9,2,19,4,1242,1,11,FIAT 500,7,E01024158,0,2
2024231480469,2024,231480469,1,9,0,-1,19,3,7,-1,0,4,5,0,0,0,1,1,-1,6,1,50,8,1242,1,13,FIAT 500,7,E01031208,0,2
2024320325607,2024,320325607,1,9,0,-1,-1,1,5,0,0,2,0,0,0,1,1,1,-1,-1,1,86,11,1242,1,11,FIAT 500,8,E01026313,0,4
2024451494922,2024,451494922,1,9,0,-1,19,1,5,-1,0,8,0,0,0,0,3,1,-1,9,2,19,4,1368,1,16,FIAT 500,5,E01031731,0,1
2024421475468,2024,421475468,1,9,0,-1,19,2,6,-1,0,0,0,0,1,0,1,1,-1,2,2,20,4,1242,1,11,FIAT 500,7,E01022088,0,1
2024451529913,2024,451529913,2,9,0,-1,19,1,5,-1,0,3,0,0,0,0,1,1,-1,9,2,17,4,1242,1,9,FIAT 500,8,E01030679,0,1
202417L102224,2024,17L102224,1,9,0,18,19,1,5,0,0,2,0,0,1,10,4,1,6,6,2,18,4,1242,1,10,FIAT 500,7,E01035195,0,2
2024131428770,2024,131428770,1,9,0,-1,19,4,7,-1,0,0,0,0,1,2,1,1,-1,9,1,24,5,1242,1,7,FIAT 500,9,E01011715,0,1
2024421417260,2024,421417260,3,9,0,-1,-1,-1,-1,-1,-1,0,-1,-1,-1,0,-1,9,-1,6,3,-1,-1,1242,1,15,FIAT 500,-1,-1,0,-1
2024320528163,2024,320528163,2,9,0,-1,-1,8,4,0,0,0,0,0,0,0,1,1,-1,-1,2,24,5,1242,1,7,FIAT 500,6,E01027923,0,4
2024061491920,2024,061491920,2,9,0,-1,3,7,3,-1,0,8,0,0,0,0,1,9,-1,6,2,49,8,999,1,3,FIAT 500,3,E01006220,0,4
2024411460401,2024,411460401,1,9,0,-1,19,5,1,-1,0,0,0,0,0,0,1,1,-1,6,2,20,4,1242,1,13,FIAT 500,6,E01033311,0,2
2024461503449,2024,461503449,1,9,0,-1,14,1,5,-1,0,0,2,4,0,0,1,1,-1,9,2,79,11,1242,1,7,FIAT 500,9,E01016086,0,1
2024361468295,2024,361468295,1,9,0,-1,19,7,3,-1,0,0,1,0,1,9,3,1,-1,1,2,43,7,1242,1,9,FIAT 500,9,E01034766,0,2
2024101502502,2024,101502502,2,9,0,-1,19,2,6,-1,0,1,0,0,0,0,1,1,-1,9,2,25,5,1242,1,11,FIAT 500,2,E01008776,0,1
202460Q085037,2024,60Q085037,1,9,0,16,19,6,3,0,0,0,0,0,1,11,1,1,6,6,2,18,4,1242,1,13,FIAT 500,-1,-1,0,-1
2024501485564,2024,501485564,1,9,0,-1,19,2,6,-1,0,0,1,0,7,4,1,1,-1,9,2,19,4,1242,1,13,FIAT 500,6,E01020056,0,1
2024610026124,2024,610026124,2,9,0,9,9,6,3,0,0,8,0,0,0,0,1,1,6,6,2,17,4,999,1,3,FIAT 500,7,W01001556,0,3
2024411454859,2024,411454859,1,9,0,-1,19,6,2,-1,0,0,1,0,1,4,1,1,-1,9,2,27,6,999,1,1,FIAT 500,9,E01023670,0,2
2024161418164,2024,161418164,1,9,0,-1,9,7,5,-1,0,4,0,0,0,0,1,1,-1,6,2,40,7,1242,1,8,FIAT 500,4,E01012797,0,1
2024211398626,2024,211398626,1,9,0,-1,14,2,6,-1,0,1,0,0,0,0,4,2,-1,6,1,62,9,1242,1,11,FIAT 500,4,E01031005,0,4
2024010511885,2024,010511885,1,9,0,18,19,7,3,0,0,0,0,0,0,0,4,1,6,6,1,-1,-1,1242,1,13,FIAT 500,-1,-1,0,-1
2024440426174,2024,440426174,1,9,0,12,12,5,3,0,0,1,0,0,0,0,3,1,6,6,2,43,7,1242,1,12,FIAT 500,10,E01023272,0,1
2024421438419,2024,421438419,4,9,0,-1,3,8,4,-1,0,0,0,0,0,0,2,1,-1,9,2,49,8,875,1,13,FIAT 500,6,E01021981,0,2
2024430197942,2024,430197942,1,9,0,18,19,2,6,0,0,0,0,0,0,0,1,1,2,2,2,20,4,1242,1,10,FIAT 500,7,E01029517,0,5
2024311524115,2024,311524115,1,9,0,-1,19,2,6,-1,0,1,0,7,0,0,1,1,-1,9,1,68,10,1248,2,8,FIAT 500,6,E01028051,0,2
2024070834547,2024,070834547,2,9,0,-1,19,2,6,-1,0,1,0,0,0,0,1,1,-1,9,2,34,6,1242,1,9,FIAT 500,1,E01033793,0,1
2024430427915,2024,430427915,1,9,0,18,19,4,8,0,0,0,0,0,0,0,1,1,1,1,2,-1,-1,1242,1,13,FIAT 500,-1,-1,0,-1
2024161496070,2024,161496070,4,9,0,-1,19,2,6,-1,0,0,0,0,0,0,1,9,-1,6,2,17,4,1242,1,6,FIAT 500,6,E01013081,0,4
2024302400717,2024,302400717,1,9,0,4,4,4,8,0,0,0,0,0,0,0,4,1,6,6,2,18,4,875,1,13,FIAT 500,6,E01019598,0,3
2024302401532,2024,302401532,1,9,0,9,9,1,7,0,0,8,0,0,0,0,1,1,6,6,2,21,5,1242,1,8,FIAT 500,9,E01008021,0,1
2024461485271,2024,461485271,1,9,0,-1,3,3,7,-1,0,0,0,0,0,0,1,9,-1,6,1,43,7,-1,3,3,FIAT 500,8,E01024454,0,1
2024552401183,2024,552401183,1,9,0,9,9,8,6,0,0,6,0,0,0,0,1,1,2,2,2,56,9,1368,1,9,FIAT 500,8,E01015297,0,1
2024421406817,2024,421406817,1,9,0,-1,19,1,5,-1,0,1,0,0,0,0,3,1,-1,9,1,57,9,999,1,4,FIAT 500,5,E01021443,0,2
2024141416915,2024,141416915,1,9,0,-1,19,8,5,-1,0,3,0,0,0,0,3,1,-1,6,2,24,5,999,1,4,FIAT 500,2,E01011126,0,4
2024211486149,2024,211486149,1,9,0,-1,9,8,5,-1,0,5,0,0,0,0,1,1,-1,9,2,19,4,1242,1,12,FIAT 500,-1,-1,0,-1
202460Q050406,2024,60Q050406,2,9,0,9,9,1,7,0,0,5,0,0,0,0,3,1,6,6,2,24,5,1248,2,16,FIAT 500,-1,-1,0,-1
2024041469745,2024,041469745,2,9,0,-1,2,0,0,-1,0,1,0,0,0,0,3,1,-1,6,-1,-1,-1,1598,2,9,FIAT 500,-1,-1,0,-1
2024052400252,2024,052400252,2,9,0,18,19,5,1,0,0,8,0,0,0,0,3,1,6,6,2,51,8,1242,1,14,FIAT 500,8,E01006532,0,1
2024052500025,2024,052500025,2,9,0,4,4,8,4,0,0,0,0,0,0,0,2,1,6,6,2,91,11,1242,1,9,FIAT 500,7,E01006531,0,1
2024401497614,2024,401497614,1,9,-1,-1,19,5,1,-1,0,0,0,0,0,0,1,1,-1,6,2,17,4,1242,1,10,FIAT 500,9,E01017421,0,2
2024141420366,2024,141420366,2,9,0,-1,19,7,3,-1,0,1,0,0,0,0,1,1,-1,6,2,28,6,1242,1,9,FIAT 500,1,E01007916,0,1
2024010510895,2024,010510895,2,9,0,18,19,3,7,0,0,1,0,0,0,0,2,1,2,2,2,57,9,1242,1,10,FIAT 500,3,E01000718,0,1
2024461443867,2024,461443867,2,9,0,-1,2,0,0,-1,0,0,0,0,7,11,2,1,-1,6,-1,-1,-1,1242,1,4,FIAT 500,-1,-1,0,-1
2024041456048,2024,041456048,2,9,0,-1,4,5,1,-1,0,0,0,0,0,0,2,2,-1,2,1,49,8,1242,1,4,FIAT 500,4,E01025567,0,2
2024440155775,2024,440155775,2,9,0,18,19,3,7,0,0,1,0,0,0,0,1,1,6,6,1,71,10,1242,1,8,FIAT 500,7,E01017094,0,3
2024061453375,2024,061453375,2,9,0,-1,19,7,3,-1,0,0,0,0,0,0,1,1,-1,9,2,80,11,1242,1,9,FIAT 500,1,E01033687,0,1
2024010501330,2024,010501330,1,9,0,99,99,9,9,99,99,9,9,99,9,99,2,9,6,6,2,24,5,1242,1,5,FIAT 500,8,E01000702,0,1
2024451474875,2024,451474875,2,9,0,-1,19,1,1,-1,0,0,0,0,0,0,2,1,-1,9,2,33,6,1242,1,11,FIAT 500,6,E01030759,0,2
2024631475261,2024,631475261,3,9,0,-1,19,5,1,-1,0,0,0,11,0,0,1,1,-1,6,1,58,9,-1,3,2,FIAT 500,5,E01004418,0,5
2024122500044,2024,122500044,3,9,0,18,19,3,7,0,0,2,0,0,0,0,1,1,6,6,1,74,10,1598,2,9,FIAT 500,5,E01027630,0,2
2024161459723,2024,161459723,1,9,0,-1,19,7,3,-1,0,1,0,0,0,0,1,9,-1,6,2,18,4,1242,1,10,FIAT 500,9,E01013260,0,1
2024411409884,2024,411409884,1,9,-1,-1,-1,-1,-1,-1,-1,0,-1,-1,-1,0,-1,9,-1,6,3,-1,-1,1242,1,13,FIAT 500,-1,-1,0,-1
2024451502687,2024,451502687,1,9,0,-1,9,1,5,-1,0,0,0,0,0,0,1,1,-1,7,2,17,4,999,1,1,FIAT 500,10,E01030831,0,2
2024501400115,2024,501400115,1,9,0,-1,9,7,5,-1,0,6,0,0,1,0,3,1,-1,2,2,62,9,999,1,1,FIAT 500,7,E01015165,0,2
2024101444721,2024,101444721,1,9,0,-1,5,4,2,-1,0,1,0,0,0,0,1,1,-1,9,2,24,5,999,1,2,FIAT 500,1,E01008593,0,1
2024991496013,2024,991496013,1,9,0,-1,9,7,5,-1,0,8,0,0,0,0,4,1,-1,9,1,54,8,999,1,2,FIAT 500,-1,-1,0,-1
2024141507658,2024,141507658,2,9,0,-1,2,0,0,-1,0,0,0,0,0,0,4,1,-1,6,-1,-1,-1,1242,1,11,FIAT 500,-1,-1,0,-1
2024451529640,2024,451529640,1,9,0,-1,9,7,1,-1,0,6,0,0,7,1,3,1,-1,6,2,42,7,1242,1,9,FIAT 500,2,E01001076,0,1
2024311544248,2024,311544248,1,9,0,-1,19,4,8,-1,0,0,1,0,1,0,0,1,-1,2,2,26,6,875,1,11,FIAT 500,5,E01033762,0,5
2024421455043,2024,421455043,3,9,0,-1,19,5,1,-1,0,6,0,0,0,0,2,2,-1,9,2,30,6,1368,1,8,FIAT 500,8,E01021878,0,1
2024541781624,2024,541781624,2,9,0,18,19,3,7,0,0,4,0,0,1,2,4,1,6,6,2,20,4,1242,1,15,FIAT 500,8,E01033849,0,3
2024061502679,2024,061502679,1,9,0,-1,19,2,7,-1,0,8,0,0,0,0,1,1,-1,6,2,41,7,1242,1,7,FIAT 500,2,E01005744,0,1
2024221518827,2024,221518827,1,9,0,-1,19,2,8,-1,0,0,1,10,2,2,4,9,-1,2,2,18,4,1242,1,13,FIAT 500,5,E01028834,0,1
2024440459324,2024,440459324,3,9,0,3,3,1,5,0,0,0,0,0,0,0,2,1,6,6,2,22,5,1242,1,5,FIAT 500,6,E01023135,0,1
2024010518943,2024,010518943,1,9,0,18,19,5,1,0,0,0,0,7,1,10,1,1,6,6,1,26,6,999,1,1,FIAT 500,-1,-1,0,-1
2024211404173,2024,211404173,2,9,0,-1,5,4,6,-1,0,8,0,0,0,0,2,9,-1,2,2,19,4,1242,1,10,FIAT 500,-1,-1,0,-1
2024522500021,2024,522500021,2,9,0,18,19,7,3,0,0,0,0,0,0,0,1,1,6,6,1,56,9,999,1,2,FIAT 500,5,E01015529,0,4
2024010505538,2024,010505538,1,9,0,9,9,1,6,0,0,1,0,0,0,0,1,1,1,1,1,54,8,999,1,2,FIAT 500,5,E01000313,0,1
2024631492602,2024,631492602,1,9,0,-1,19,5,1,-1,0,0,0,0,0,0,1,1,-1,6,2,89,11,1242,1,5,FIAT 500,8,W01001937,0,1
2024010524013,2024,010524013,1,9,0,3,3,1,5,0,0,1,0,0,0,0,2,1,2,2,1,37,7,1242,1,6,FIAT 500,3,E01021800,0,4