collision_index,collision_year,collision_ref_no,vehicle_reference,vehicle_type,towing_and_articulation,vehicle_manoeuvre_historic,vehicle_manoeuvre,vehicle_direction_from,vehicle_direction_to,vehicle_location_restricted_lane_historic,vehicle_location_restricted_lane,junction_location,skidding_and_overturning,hit_object_in_carriageway,vehicle_leaving_carriageway,hit_object_off_carriageway,first_point_of_impact,vehicle_left_hand_drive,journey_purpose_of_driver_historic,journey_purpose_of_driver,sex_of_driver,age_of_driver,age_band_of_driver,engine_capacity_cc,propulsion_code,age_of_vehicle,generic_make_model,driver_imd_decile,lsoa_of_driver,escooter_flag,driver_distance_banding
2024010525299,2024,010525299,1,3,0,18,19,7,3,0,0,2,0,0,0,0,1,1,6,6,1,18,4,124,1,13,MAKE AND MODEL REDACTED,2,E01002737,0,1
2024440058959,2024,440058959,1,5,0,18,19,1,5,0,0,0,0,0,0,0,0,1,6,6,1,49,8,1450,1,21,MAKE AND MODEL REDACTED,7,E01017344,0,2
2024991475921,2024,991475921,1,9,0,-1,19,2,5,-1,0,3,0,0,7,7,3,1,-1,9,1,51,8,1745,1,5,MAKE AND MODEL REDACTED,8,-1,0,5
2024351468697,2024,351468697,2,5,0,-1,19,1,5,-1,0,0,0,0,0,0,1,1,-1,6,1,26,6,1584,1,15,MAKE AND MODEL REDACTED,7,E01018053,0,1
2024451481578,2024,451481578,1,5,0,-1,5,1,5,-1,0,0,0,0,0,0,1,1,-1,9,1,54,8,1450,1,21,MAKE AND MODEL REDACTED,5,E01031565,0,4
2024631467439,2024,631467439,2,5,0,-1,7,1,4,-1,0,8,0,0,0,0,1,1,-1,9,1,59,9,889,1,1,MAKE AND MODEL REDACTED,5,W01001612,0,4
2024543485724,2024,543485724,2,5,0,5,5,4,8,0,0,1,0,0,0,0,3,1,1,1,1,20,4,889,1,1,MAKE AND MODEL REDACTED,9,E01031995,0,2
2024501397771,2024,501397771,1,9,0,-1,19,2,5,-1,0,0,1,0,0,0,4,1,-1,7,2,38,7,2999,2,22,MAKE AND MODEL REDACTED,7,E01020109,0,2
2024201459056,2024,201459056,2,9,0,-1,19,1,4,-1,0,0,0,0,0,0,1,9,-1,6,3,-1,-1,3059,2,30,MAKE AND MODEL REDACTED,5,E01010552,0,1
2024471460194,2024,471460194,2,9,0,-1,9,1,7,-1,0,8,0,0,0,0,3,1,-1,9,1,72,10,2999,2,22,MAKE AND MODEL REDACTED,7,E01021061,0,3
2024361510413,2024,361510413,1,9,0,-1,19,3,3,-1,0,0,0,11,0,0,1,1,-1,6,1,31,6,3059,2,28,MAKE AND MODEL REDACTED,3,E01026792,0,1
2024231451867,2024,231451867,2,9,4,-1,9,6,5,-1,0,5,0,0,0,0,3,1,-1,9,1,77,11,3050,2,30,MAKE AND MODEL REDACTED,9,E01031150,0,2
2024430550021,2024,430550021,1,9,0,3,3,8,4,0,0,0,0,0,0,0,2,1,2,2,1,49,8,1685,2,8,KIA OPTIMA,4,E01033497,0,1
2024141411131,2024,141411131,3,9,0,-1,2,0,0,-1,-1,0,0,4,0,0,2,1,-1,6,-1,-1,-1,1685,2,7,KIA OPTIMA,-1,-1,0,-1
2024401489949,2024,401489949,1,9,0,-1,19,4,8,-1,0,0,1,0,0,0,1,1,-1,6,1,23,5,1685,2,8,KIA OPTIMA,4,E01009606,0,4
2024991434375,2024,991434375,3,9,0,-1,3,3,7,-1,0,1,0,0,0,0,2,1,-1,1,1,54,8,1685,2,7,KIA OPTIMA,1,-1,0,2
2024161467919,2024,161467919,2,8,0,-1,19,1,5,-1,0,6,0,0,0,0,9,9,-1,6,1,54,8,1685,2,6,KIA OPTIMA,2,E01013237,0,1
2024440044439,2024,440044439,4,9,0,10,10,3,2,0,0,1,0,0,0,0,3,1,2,2,1,33,6,1685,2,7,KIA OPTIMA,2,E01032750,0,1
2024471493003,2024,471493003,1,8,0,-1,19,4,8,-1,0,0,0,0,0,0,1,1,-1,1,1,45,7,1598,2,5,KIA OPTIMA,8,E01016931,0,1
2024070798423,2024,070798423,2,9,0,-1,19,5,1,-1,0,0,0,0,1,11,3,1,-1,2,1,32,6,1685,2,11,KIA OPTIMA,1,E01005781,0,3
2024302400378,2024,302400378,1,9,0,9,9,1,8,0,0,8,0,0,0,0,1,1,6,6,1,41,7,1685,2,6,KIA OPTIMA,10,E01018389,0,4
2024201440961,2024,201440961,2,9,0,-1,19,3,7,-1,0,8,0,0,0,0,1,1,-1,1,1,67,10,1999,8,8,KIA OPTIMA,10,E01009855,0,3
2024010521708,2024,010521708,1,9,0,18,19,1,5,0,0,2,0,0,0,0,1,1,6,6,1,39,7,1999,8,6,KIA OPTIMA,6,E01004521,0,1
2024052400382,2024,052400382,3,9,0,18,19,5,1,0,0,0,0,0,0,0,2,1,1,1,1,65,9,1999,8,8,KIA OPTIMA,6,E01006920,0,4
2024430471110,2024,430471110,2,9,0,18,19,8,4,0,0,0,0,0,0,0,1,1,6,6,1,43,7,1999,8,7,KIA OPTIMA,7,E01033960,0,1
2024010523784,2024,010523784,1,9,0,2,2,0,0,0,0,1,0,0,0,0,0,2,6,6,3,-1,-1,1999,8,6,KIA OPTIMA,-1,-1,0,-1
2024010534794,2024,010534794,1,9,0,14,14,3,7,1,1,0,0,0,0,0,1,1,2,2,1,27,6,1999,8,8,KIA OPTIMA,4,E01035248,0,4
2024041512481,2024,041512481,1,9,0,-1,19,1,5,-1,0,8,1,0,7,0,1,9,-1,6,1,26,6,1685,2,8,KIA OPTIMA,1,E01012681,0,2
2024010533796,2024,010533796,1,9,0,18,19,1,5,0,0,1,0,0,0,0,4,2,3,7,1,46,8,1999,8,8,KIA OPTIMA,5,E01001037,0,1
2024052402893,2024,052402893,1,8,0,9,9,5,3,0,0,8,0,0,0,0,1,1,1,1,1,33,6,1685,2,6,KIA OPTIMA,1,E01012424,0,3
2024340WN5642,2024,340WN5642,2,9,0,-1,19,2,6,-1,0,0,0,0,0,0,1,1,-1,9,2,43,7,1685,2,7,KIA OPTIMA,9,E01027021,0,2
2024141545354,2024,141545354,2,9,0,-1,5,5,7,-1,0,0,0,0,0,0,1,1,-1,6,1,39,7,1685,2,10,KIA OPTIMA,1,E01008011,0,1
2024061442071,2024,061442071,2,9,0,-1,10,-1,-1,-1,0,0,0,0,0,0,4,9,-1,7,2,31,6,1685,2,12,KIA OPTIMA,1,E01005935,0,1
2024320501763,2024,320501763,3,9,0,4,4,5,1,0,0,0,0,0,0,0,2,1,-1,-1,2,54,8,1685,2,8,KIA OPTIMA,-1,-1,0,-1
2024010504236,2024,010504236,1,9,0,18,19,8,4,0,0,1,0,0,0,0,3,1,1,1,1,31,6,1999,8,8,KIA OPTIMA,1,E01023536,0,3
2024991503717,2024,991503717,1,9,0,-1,19,5,1,-1,0,1,0,0,0,0,1,1,-1,6,1,59,9,1685,2,7,KIA OPTIMA,5,-1,0,4
2024522402758,2024,522402758,1,9,0,3,3,4,8,0,0,0,0,0,0,0,2,1,6,6,2,47,8,1685,2,6,KIA OPTIMA,9,E01035256,0,5
2024401457246,2024,401457246,1,9,0,-1,4,6,2,-1,0,0,0,0,0,0,1,1,-1,2,1,22,5,1685,2,11,KIA OPTIMA,8,E01017529,0,1
2024201482433,2024,201482433,2,9,0,-1,19,8,4,-1,0,0,0,0,0,0,1,9,-1,6,3,-1,-1,1999,8,5,KIA OPTIMA,-1,-1,0,-1
2024440175167,2024,440175167,2,9,0,9,9,6,4,0,0,8,0,0,0,0,1,1,6,6,3,-1,-1,1598,2,5,KIA OPTIMA,-1,-1,0,-1
2024111536632,2024,111536632,2,9,0,-1,19,3,7,-1,0,0,0,0,1,4,1,1,-1,2,1,41,7,2500,2,60,MAKE AND MODEL REDACTED,-1,-1,0,-1
2024461438421,2024,461438421,2,3,0,-1,19,6,2,-1,0,0,0,4,0,0,1,1,-1,6,1,19,4,125,1,8,MAKE AND MODEL REDACTED,5,E01024428,0,1
2024440000181,2024,440000181,1,3,0,18,19,4,8,0,0,1,0,0,0,0,1,1,6,6,1,30,6,125,1,5,MAKE AND MODEL REDACTED,1,E01022968,0,1
2024991452243,2024,991452243,2,9,0,-1,3,7,3,-1,0,0,0,0,0,0,1,1,-1,6,1,36,7,2494,8,4,LEXUS ES 300,-1,-1,0,-1
2024461484369,2024,461484369,2,9,0,-1,9,2,6,-1,0,0,0,0,0,0,1,1,-1,9,1,70,10,2494,8,0,LEXUS ES 300,8,E01016138,0,4
2024131407700,2024,131407700,1,9,0,-1,19,1,5,-1,0,1,1,0,7,11,3,1,-1,1,1,56,9,2494,8,5,LEXUS ES 300,1,E01010966,0,1
2024471482445,2024,471482445,1,9,0,-1,9,5,3,-1,0,1,0,0,0,0,1,1,-1,9,1,46,8,2494,8,1,LEXUS ES 300,6,E01035327,0,1
2024361462641,2024,361462641,1,9,0,-1,19,7,4,-1,0,0,0,0,0,0,3,1,-1,2,1,53,8,2494,8,4,LEXUS ES 300,-1,-1,0,-1
2024131404667,2024,131404667,1,9,0,-1,9,7,3,-1,0,1,0,0,0,0,4,1,-1,1,1,54,8,2494,8,4,LEXUS ES 300,2,E01010619,0,3
2024010501192,2024,010501192,2,9,0,7,7,6,8,0,0,1,0,0,0,0,2,1,6,6,1,38,7,2494,8,0,LEXUS ES 300,-1,-1,0,-1
2024070934649,2024,070934649,2,9,0,-1,4,1,5,-1,0,0,0,0,0,0,1,1,-1,9,1,49,8,2494,8,2,LEXUS ES 300,8,E01025851,0,5
2024010506059,2024,010506059,1,9,0,9,9,1,6,0,0,1,0,0,0,0,1,1,6,6,1,38,7,2494,8,4,LEXUS ES 300,4,E01035005,0,4
2024131470937,2024,131470937,2,9,0,-1,19,1,5,-1,0,0,0,0,0,0,3,1,-1,6,1,54,8,2494,8,5,LEXUS ES 300,1,E01010996,0,1
2024131527194,2024,131527194,1,9,0,-1,9,3,7,-1,0,8,0,0,0,0,1,1,-1,1,1,54,8,2494,8,3,LEXUS ES 300,1,E01011294,0,1
2024141426873,2024,141426873,3,9,0,-1,19,4,8,-1,0,0,0,0,0,0,1,1,-1,6,1,36,7,2494,8,5,LEXUS ES 300,5,E01008051,0,1
2024421515108,2024,421515108,1,9,0,-1,19,8,4,-1,0,0,0,0,0,0,1,1,-1,2,1,41,7,2494,8,1,LEXUS ES 300,6,E01021705,0,1
2024131401338,2024,131401338,2,9,0,-1,2,6,6,-1,0,8,0,4,0,0,2,1,-1,6,-1,-1,-1,2494,8,1,LEXUS ES 300,-1,-1,0,-1
2024010546724,2024,010546724,1,9,0,18,19,1,5,0,0,8,0,0,0,0,1,1,6,6,2,60,9,2494,8,0,LEXUS ES 300,6,E01003641,0,1
2024010513137,2024,010513137,1,9,0,99,99,9,9,99,99,9,9,99,9,99,9,9,2,2,1,65,9,2494,8,4,LEXUS ES 300,3,E01002832,0,1
2024991404819,2024,991404819,2,9,0,-1,19,3,7,-1,0,1,0,0,0,0,1,1,-1,9,1,58,9,2494,8,1,LEXUS ES 300,9,-1,0,1
2024461520459,2024,461520459,2,9,0,-1,19,4,6,-1,0,2,0,0,0,0,3,1,-1,9,1,67,10,2494,8,2,LEXUS ES 300,10,E01024854,0,1
2024991399735,2024,991399735,1,9,0,-1,19,5,1,-1,0,0,1,7,1,7,1,1,-1,9,1,41,7,2494,8,1,LEXUS ES 300,2,-1,0,4
2024311460159,2024,311460159,2,8,0,-1,10,4,4,-1,0,1,0,0,0,0,2,1,-1,1,1,40,7,2494,8,4,LEXUS ES 300,-1,-1,0,-1
2024122500461,2024,122500461,1,9,0,18,19,1,7,8,6,0,5,10,2,10,1,1,6,6,1,56,9,2494,8,3,LEXUS ES 300,10,E01027618,0,1
2024010488073,2024,010488073,2,9,0,14,14,7,3,0,0,1,0,0,0,0,3,1,6,6,1,23,5,2494,8,5,LEXUS ES 300,4,E01004711,0,1
2024010498892,2024,010498892,1,9,0,18,19,7,3,0,0,0,0,0,0,0,2,1,6,6,1,45,7,2987,2,6,MERCEDES GLE CLASS,2,E01002077,0,1
2024430593850,2024,430593850,1,9,0,18,19,5,1,0,0,8,0,0,0,0,1,1,6,6,1,50,8,2925,2,2,MERCEDES GLE CLASS,2,E01016520,0,1
2024411396673,2024,411396673,2,9,0,-1,1,3,7,-1,0,0,0,0,0,0,2,9,-1,6,1,34,6,2925,2,2,MERCEDES GLE CLASS,4,E01023296,0,1
2024010515320,2024,010515320,2,9,0,99,99,9,9,99,99,1,9,99,9,99,9,9,6,6,3,-1,-1,1950,2,3,MERCEDES GLE CLASS,8,E01004386,0,1
2024061498244,2024,061498244,1,9,0,-1,5,1,4,-1,0,1,0,7,0,0,4,1,-1,2,2,43,7,2143,2,6,MERCEDES GLE CLASS,2,E01006380,0,1
2024451528188,2024,451528188,1,9,0,-1,3,7,3,-1,99,0,9,0,0,0,3,1,-1,2,1,43,7,2925,2,4,MERCEDES GLE CLASS,9,E01030401,0,3
2024610053324,2024,610053324,1,9,0,18,19,1,5,0,0,0,0,0,0,0,3,1,6,6,1,45,7,2925,2,5,MERCEDES GLE CLASS,4,W01001440,0,1
2024010508008,2024,010508008,1,9,9,7,7,3,5,99,99,9,9,99,9,99,9,1,6,6,2,58,9,2143,2,8,MERCEDES GLE CLASS,8,E01001027,0,1
2024010502047,2024,010502047,1,9,0,18,19,4,8,0,0,8,0,0,0,0,1,1,3,7,2,46,8,2925,2,4,MERCEDES GLE CLASS,9,E01004032,0,1
2024440218346,2024,440218346,2,9,0,18,19,2,6,0,0,0,0,0,0,0,1,1,6,6,2,37,7,2925,2,1,MERCEDES GLE CLASS,7,E01022532,0,1
2024010550593,2024,010550593,3,9,0,18,19,5,1,0,0,1,0,12,0,0,1,1,6,6,1,32,6,2989,12,0,MERCEDES GLE CLASS,3,E01001645,0,3
2024461442842,2024,461442842,1,9,0,-1,4,7,3,-1,0,0,0,0,0,0,1,1,-1,2,1,49,8,1950,12,2,MERCEDES GLE CLASS,6,E01024700,0,3
2024010547831,2024,010547831,2,9,0,-1,-1,3,5,0,0,2,0,0,0,0,1,1,6,6,2,39,7,1950,-1,3,MERCEDES GLE CLASS,1,E01013947,0,5
2024201503688,2024,201503688,1,9,0,-1,19,8,4,-1,0,4,2,9,7,10,1,1,-1,9,1,18,4,2996,1,8,MERCEDES GLE CLASS,1,E01008978,0,3
2024010516310,2024,010516310,1,9,0,3,3,7,3,0,0,1,0,0,0,0,3,1,6,6,1,30,6,2925,2,3,MERCEDES GLE CLASS,3,E01004696,0,1
2024421530887,2024,421530887,2,9,0,-1,19,4,8,-1,0,0,0,0,0,0,2,1,-1,6,1,44,7,2143,2,7,MERCEDES GLE CLASS,3,E01021291,0,4
2024622400764,2024,622400764,3,9,0,2,2,0,0,0,0,0,0,0,0,0,1,1,6,6,3,-1,-1,2987,2,6,MERCEDES GLE CLASS,-1,-1,0,-1
2024010490791,2024,010490791,1,9,9,99,99,9,9,99,99,9,9,99,9,99,9,9,6,6,3,-1,-1,2925,2,2,MERCEDES GLE CLASS,-1,-1,0,-1
2024332400673,2024,332400673,1,9,0,-1,5,2,6,-1,9,6,0,0,0,0,1,1,-1,6,2,43,7,2143,2,8,MERCEDES GLE CLASS,4,E01013729,0,1
2024440236539,2024,440236539,2,9,0,9,9,3,1,0,0,8,0,0,0,0,1,1,6,6,1,30,6,2143,2,9,MERCEDES GLE CLASS,9,E01022610,0,1
2024461457421,2024,461457421,1,9,0,-1,19,5,3,-1,0,0,0,0,0,0,2,9,-1,6,2,47,8,2925,2,5,MERCEDES GLE CLASS,3,E01024264,0,1
2024421409957,2024,421409957,2,9,0,-1,19,3,7,-1,0,0,2,0,1,0,1,1,-1,9,1,56,9,2925,2,3,MERCEDES GLE CLASS,5,E01015904,0,4
2024010543387,2024,010543387,1,9,0,7,7,1,3,0,0,1,0,0,0,0,1,1,6,6,2,40,7,2143,2,6,MERCEDES GLE CLASS,4,E01004356,0,2
2024052401537,2024,052401537,1,9,0,1,1,4,8,0,0,0,0,0,0,0,2,1,6,6,2,44,7,2987,2,5,MERCEDES GLE CLASS,4,E01006640,0,2
2024461513793,2024,461513793,2,9,0,-1,7,6,1,-1,0,0,1,0,4,0,4,1,-1,2,1,54,8,1950,2,4,MERCEDES GLE CLASS,6,E01034988,0,4
2024101469210,2024,101469210,1,9,0,-1,19,1,5,-1,0,2,1,0,7,0,1,1,-1,2,2,35,6,2987,2,5,MERCEDES GLE CLASS,6,E01020629,0,2
2024010518075,2024,010518075,2,9,0,18,19,3,7,0,0,1,0,0,0,0,1,1,6,6,2,44,7,2143,2,8,MERCEDES GLE CLASS,3,E01001440,0,1
2024010514121,2024,010514121,1,9,0,9,9,1,7,0,0,4,0,0,0,0,1,1,6,6,1,31,6,2925,2,4,MERCEDES GLE CLASS,4,E01000488,0,1
2024451394665,2024,451394665,2,9,0,-1,19,1,5,-1,0,0,0,0,0,0,1,9,-1,6,1,30,6,2925,2,2,MERCEDES GLE CLASS,-1,-1,0,-1
2024010522312,2024,010522312,1,9,0,18,19,3,7,0,0,2,0,0,0,0,1,1,2,2,1,40,7,2987,2,6,MERCEDES GLE CLASS,4,E01001995,0,1
2024501414837,2024,501414837,2,9,0,-1,19,3,7,-1,0,0,0,0,0,0,4,9,-1,9,2,45,7,2987,2,6,MERCEDES GLE CLASS,5,E01020331,0,1
2024010539981,2024,010539981,1,9,0,5,5,0,3,0,0,1,0,0,0,0,1,1,2,2,1,57,9,2987,2,6,MERCEDES GLE CLASS,3,E01004675,0,1
2024991454486,2024,991454486,1,9,0,-1,19,7,3,-1,0,1,0,0,7,11,4,1,-1,6,2,46,8,2143,2,9,MERCEDES GLE CLASS,4,-1,0,1
2024302401512,2024,302401512,2,9,0,7,7,6,8,0,0,1,1,0,0,0,3,1,6,6,1,80,11,2143,2,6,MERCEDES GLE CLASS,5,E01013931,0,2
2024201514324,2024,201514324,1,9,5,-1,19,7,3,-1,0,0,0,4,0,0,4,1,-1,6,1,48,8,2987,2,5,MERCEDES GLE CLASS,4,E01009145,0,1
2024332401195,2024,332401195,1,9,0,-1,19,5,1,-1,0,1,0,0,0,0,3,1,-1,9,2,41,7,2925,2,3,MERCEDES GLE CLASS,5,E01025965,0,3
2024471520329,2024,471520329,2,9,0,-1,19,3,7,-1,0,1,0,0,0,0,1,1,-1,9,2,35,6,1950,2,4,MERCEDES GLE CLASS,8,E01001027,0,4
2024010531197,2024,010531197,1,9,0,18,19,3,7,0,0,0,0,0,0,0,1,1,6,6,2,40,7,2987,2,6,MERCEDES GLE CLASS,9,E01004632,0,1
2024201490479,2024,201490479,3,9,0,-1,19,8,4,-1,0,2,0,0,0,0,1,1,-1,9,1,33,6,1950,2,5,MERCEDES GLE CLASS,1,E01010364,0,2
2024451516010,2024,451516010,2,9,0,-1,19,5,1,-1,0,0,0,0,0,0,1,1,-1,2,2,43,7,2999,8,5,MERCEDES GLE CLASS,10,E01030672,0,1
2024131490078,2024,131490078,1,9,0,-1,9,3,7,-1,0,8,0,0,0,0,4,1,-1,9,1,42,7,2925,2,5,MERCEDES GLE CLASS,4,E01010756,0,1
2024101485338,2024,101485338,1,9,0,-1,19,3,7,-1,0,4,0,0,0,0,1,9,-1,6,1,60,9,2989,12,0,MERCEDES GLE CLASS,-1,-1,0,-1
2024991530202,2024,991530202,2,9,0,-1,19,2,6,-1,0,0,0,0,0,0,3,1,-1,6,1,22,5,2143,2,7,MERCEDES GLE CLASS,5,-1,0,4
2024010503552,2024,010503552,1,9,0,2,2,0,0,0,0,1,0,0,0,0,1,1,6,6,3,-1,-1,2925,2,3,MERCEDES GLE CLASS,-1,-1,0,-1
2024401476798,2024,401476798,1,9,0,-1,19,8,4,-1,0,0,0,0,0,0,1,1,-1,9,2,43,7,2143,2,6,MERCEDES GLE CLASS,9,E01033833,0,3
2024501528850,2024,501528850,2,9,0,-1,4,3,7,-1,0,0,0,0,0,0,1,1,-1,9,1,53,8,2925,2,3,MERCEDES GLE CLASS,5,E01020069,0,2
2024461520941,2024,461520941,1,9,-1,-1,19,5,1,-1,0,0,0,0,0,0,4,9,-1,1,1,61,9,2925,2,2,MERCEDES GLE CLASS,1,E01024672,0,1
2024061452745,2024,061452745,1,9,0,-1,7,5,1,-1,0,0,0,0,0,0,1,1,-1,2,1,41,7,2987,2,6,MERCEDES GLE CLASS,1,E01025042,0,4
2024061532090,2024,061532090,2,9,-1,-1,-1,-1,-1,-1,-1,0,-1,-1,-1,0,-1,9,-1,6,2,-1,-1,2925,2,1,MERCEDES GLE CLASS,8,E01022423,0,5
2024010518798,2024,010518798,1,9,0,18,19,1,5,0,0,2,0,11,0,0,1,1,6,6,1,23,5,2999,8,1,MERCEDES GLE CLASS,3,E01004630,0,1
2024451411619,2024,451411619,2,9,0,-1,19,5,1,-1,0,0,1,0,0,0,3,9,-1,6,1,44,7,1950,2,4,MERCEDES GLE CLASS,-1,-1,0,-1
2024451444198,2024,451444198,2,9,0,-1,2,0,0,-1,-1,1,0,0,0,0,3,1,-1,6,-1,-1,-1,1950,2,5,MERCEDES GLE CLASS,-1,-1,0,-1
2024991444238,2024,991444238,1,9,0,-1,19,1,4,-1,0,4,0,0,0,0,1,1,-1,6,1,54,8,2143,2,7,MERCEDES GLE CLASS,8,-1,0,1
2024010515910,2024,010515910,1,9,0,7,7,1,4,0,0,6,0,0,0,0,1,1,6,6,2,58,9,2925,2,4,MERCEDES GLE CLASS,-1,-1,0,-1
2024461410118,2024,461410118,1,9,0,-1,19,6,2,-1,0,0,0,0,0,0,1,1,-1,6,2,39,7,2925,2,2,MERCEDES GLE CLASS,6,E01024812,0,1
2024440255108,2024,440255108,1,9,0,11,11,6,2,0,0,8,0,0,0,0,2,1,6,6,2,43,7,2996,8,7,MERCEDES GLE CLASS,10,E01022972,0,1
2024411482613,2024,411482613,1,9,0,-1,3,5,1,-1,0,0,0,0,0,0,3,1,-1,6,1,54,8,2987,2,7,MERCEDES GLE CLASS,5,E01002167,0,4
2024010517540,2024,010517540,2,9,0,99,99,9,9,99,99,9,9,99,9,99,1,9,6,6,3,-1,-1,1950,2,4,MERCEDES GLE CLASS,-1,-1,0,-1
2024010529719,2024,010529719,2,9,0,5,5,3,7,0,0,3,0,0,0,0,3,1,6,6,1,35,6,2143,2,7,MERCEDES GLE CLASS,3,E01003726,0,2
2024010497569,2024,010497569,2,9,0,18,19,4,8,0,0,8,0,0,0,0,0,1,6,6,1,51,8,2925,2,4,MERCEDES GLE CLASS,6,E01000285,0,1
2024440091960,2024,440091960,4,9,0,18,19,2,6,0,0,0,0,0,0,0,4,1,6,6,1,51,8,2925,2,2,MERCEDES GLE CLASS,9,E01022565,0,3
2024332400293,2024,332400293,2,9,0,-1,19,6,2,-1,0,8,0,0,0,0,1,1,-1,1,1,42,7,1950,12,4,MERCEDES GLE CLASS,10,E01025906,0,2
2024461427806,2024,461427806,1,9,0,-1,19,4,8,-1,0,0,1,0,7,0,1,9,-1,2,1,43,7,2987,2,9,MERCEDES GLE CLASS,6,E01024401,0,3
2024430239816,2024,430239816,1,9,0,18,19,8,4,0,0,0,0,0,0,0,1,1,6,6,2,33,6,2143,2,8,MERCEDES GLE CLASS,10,E01016603,0,1
2024471481061,2024,471481061,1,9,0,-1,5,3,7,-1,0,0,0,0,0,0,1,1,-1,9,1,49,8,2143,2,8,MERCEDES GLE CLASS,4,E01003441,0,4
2024010507025,2024,010507025,2,9,0,18,19,1,5,0,0,4,0,0,0,0,1,1,2,2,1,53,8,2925,2,2,MERCEDES GLE CLASS,-1,-1,0,-1
2024522402052,2024,522402052,1,9,0,18,19,4,8,0,0,1,0,0,0,0,3,1,6,6,1,45,7,1950,12,3,MERCEDES GLE CLASS,10,E01014903,0,1
2024991442419,2024,991442419,1,9,0,-1,19,6,2,-1,0,0,1,0,0,0,3,1,-1,9,1,22,5,2925,2,4,MERCEDES GLE CLASS,1,-1,0,3
2024010509495,2024,010509495,1,9,0,18,19,5,1,0,0,1,0,0,0,0,1,1,3,7,2,45,7,1950,12,3,MERCEDES GLE CLASS,9,E01000762,0,2
2024421509614,2024,421509614,3,9,0,-1,3,6,2,-1,0,0,0,0,0,0,2,1,-1,6,1,48,8,2143,2,7,MERCEDES GLE CLASS,8,E01021719,0,4
2024010522826,2024,010522826,2,9,0,99,99,9,9,99,99,9,9,99,9,99,9,9,6,6,3,-1,-1,2987,2,5,MERCEDES GLE CLASS,2,E01015735,0,4
2024471529005,2024,471529005,3,9,0,-1,19,3,7,-1,0,0,0,0,0,0,1,1,-1,9,2,39,7,2925,2,1,MERCEDES GLE CLASS,3,E01017091,0,4
2024440097290,2024,440097290,1,9,0,9,9,7,5,0,0,6,0,0,0,0,1,1,6,6,2,42,7,2996,8,7,MERCEDES GLE CLASS,10,E01022972,0,1
2024122400855,2024,122400855,2,9,0,18,19,7,3,0,0,0,0,0,0,0,1,1,2,2,1,51,8,2999,8,1,MERCEDES GLE CLASS,8,E01027693,0,3
2024201478276,2024,201478276,2,9,0,-1,19,5,1,-1,0,4,0,0,0,0,1,1,-1,9,1,38,7,2143,2,9,MERCEDES GLE CLASS,1,E01009081,0,1
2024522403321,2024,522403321,1,9,0,4,4,1,5,0,0,2,0,0,0,0,2,1,6,6,1,38,7,2925,2,4,MERCEDES GLE CLASS,8,E01034451,0,5
2024461520462,2024,461520462,1,9,0,-1,4,3,7,-1,0,0,2,0,5,7,3,1,-1,9,1,42,7,2925,2,2,MERCEDES GLE CLASS,5,E01024571,0,4
2024010514949,2024,010514949,1,9,0,9,9,5,2,0,0,0,0,0,1,0,1,1,6,6,1,58,9,2143,2,8,MERCEDES GLE CLASS,4,E01024132,0,3
2024131475124,2024,131475124,1,9,0,-1,13,7,3,-1,0,0,0,0,0,0,4,1,-1,6,1,43,7,2925,2,1,MERCEDES GLE CLASS,6,E01010909,0,1
2024010539656,2024,010539656,1,9,0,-1,-1,8,4,0,0,1,0,0,0,0,1,1,6,6,1,74,10,2143,2,6,MERCEDES GLE CLASS,6,E01000479,0,1
2024070801352,2024,070801352,1,9,0,-1,19,3,7,-1,0,0,0,0,0,0,1,1,-1,9,1,75,10,2143,2,7,MERCEDES GLE CLASS,-1,-1,0,-1
2024471425535,2024,471425535,1,9,0,-1,7,2,5,-1,0,1,0,0,7,0,1,1,-1,1,1,41,7,2143,2,6,MERCEDES GLE CLASS,5,E01031431,0,3
2024421529390,2024,421529390,2,9,0,-1,2,0,0,-1,0,8,0,0,0,0,4,1,-1,6,-1,-1,-1,2925,2,3,MERCEDES GLE CLASS,-1,-1,0,-1
2024070357801,2024,070357801,1,9,0,3,3,3,7,0,0,4,0,9,0,0,1,1,6,6,2,44,7,2987,2,8,MERCEDES GLE CLASS,6,E01005365,0,4
2024421487783,2024,421487783,2,9,0,-1,2,0,0,-1,-1,0,0,0,0,0,1,1,-1,6,-1,-1,-1,1950,12,2,MERCEDES GLE CLASS,-1,-1,0,-1
2024461471876,2024,461471876,2,9,0,-1,7,3,6,-1,0,8,0,0,0,0,1,1,-1,6,1,34,6,2987,2,7,MERCEDES GLE CLASS,5,E01035292,0,1
2024461426293,2024,461426293,1,9,0,-1,5,5,1,-1,0,1,0,0,0,0,1,1,-1,6,1,19,4,1560,2,12,PEUGEOT 508,-1,-1,0,-1
2024430457365,2024,430457365,2,9,0,3,3,6,2,0,0,8,0,0,0,0,2,1,6,6,1,47,8,1560,2,12,PEUGEOT 508,6,E01035726,0,1
2024451435422,2024,451435422,1,9,0,-1,19,5,2,-1,0,0,0,0,0,0,1,1,-1,2,1,60,9,1997,2,10,PEUGEOT 508,9,E01030783,0,2