collision_index,collision_year,collision_ref_no,vehicle_reference,vehicle_type,towing_and_articulation,vehicle_manoeuvre_historic,vehicle_manoeuvre,vehicle_direction_from,vehicle_direction_to,vehicle_location_restricted_lane_historic,vehicle_location_restricted_lane,junction_location,skidding_and_overturning,hit_object_in_carriageway,vehicle_leaving_carriageway,hit_object_off_carriageway,first_point_of_impact,vehicle_left_hand_drive,journey_purpose_of_driver_historic,journey_purpose_of_driver,sex_of_driver,age_of_driver,age_band_of_driver,engine_capacity_cc,propulsion_code,age_of_vehicle,generic_make_model,driver_imd_decile,lsoa_of_driver,escooter_flag,driver_distance_banding
2024131479762,2024,131479762,1,9,0,-1,19,6,2,-1,0,1,0,0,0,0,1,1,-1,6,1,-1,-1,2967,2,7,VOLKSWAGEN TOUAREG,-1,-1,0,-1
2024991530330,2024,991530330,3,9,0,-1,19,4,8,-1,0,0,0,4,0,0,1,1,-1,9,1,31,6,2967,2,5,VOLKSWAGEN TOUAREG,3,-1,0,4
2024010506216,2024,010506216,2,9,0,2,2,0,0,0,0,0,0,0,0,0,1,1,6,6,3,-1,-1,2967,2,3,VOLKSWAGEN TOUAREG,-1,-1,0,-1
2024061489224,2024,061489224,3,9,0,-1,4,1,7,-1,0,1,0,0,0,0,0,1,-1,8,2,39,7,2967,2,1,VOLKSWAGEN TOUAREG,4,E01004986,0,2
2024061481210,2024,061481210,6,9,0,-1,19,5,1,-1,0,8,0,0,0,0,4,1,-1,8,1,44,7,2967,2,1,VOLKSWAGEN TOUAREG,1,E01034113,0,3
2024631470170,2024,631470170,1,9,0,-1,13,4,8,-1,0,0,2,0,7,10,1,1,-1,6,1,56,9,2967,2,5,VOLKSWAGEN TOUAREG,4,W01000677,0,3
2024201487499,2024,201487499,2,9,0,-1,3,4,8,-1,0,1,0,0,0,0,2,9,-1,2,2,30,6,2967,2,1,VOLKSWAGEN TOUAREG,4,E01009879,0,2
2024010530854,2024,010530854,2,9,0,99,99,9,9,99,99,9,9,99,9,99,1,9,6,6,3,-1,-1,2999,2,18,VOLKSWAGEN TOUAREG,-1,-1,0,-1
2024461425969,2024,461425969,1,9,0,-1,19,2,6,-1,0,0,0,0,0,0,1,1,-1,9,2,38,7,2967,2,14,VOLKSWAGEN TOUAREG,7,E01032807,0,2
2024131400112,2024,131400112,2,3,0,-1,19,3,7,-1,0,0,5,0,0,0,2,1,-1,7,1,18,4,124,1,15,YAMAHA XC,2,E01011852,0,1
2024010502384,2024,010502384,1,3,0,17,19,1,5,0,0,6,0,0,0,0,1,1,6,6,1,22,5,124,1,14,YAMAHA XC,-1,-1,0,-1
2024501450678,2024,501450678,2,3,0,-1,19,3,7,-1,0,0,5,0,0,0,3,1,-1,9,2,37,7,114,1,11,YAMAHA XC,6,E01018826,0,1
2024501517486,2024,501517486,1,2,0,-1,4,3,7,-1,0,0,1,0,0,0,4,1,-1,9,2,21,5,124,1,12,YAMAHA XC,8,E01020300,0,1
2024361504077,2024,361504077,1,3,0,-1,19,5,1,-1,0,0,0,10,1,0,0,1,-1,2,1,40,7,115,1,8,YAMAHA XC,6,E01026758,0,1
2024430339650,2024,430339650,2,4,0,3,3,4,8,0,0,1,0,0,0,0,2,1,6,6,2,35,6,114,1,10,YAMAHA XC,3,E01016834,0,1
2024010503236,2024,010503236,1,3,0,99,99,9,9,99,99,9,9,99,9,99,2,1,6,6,1,30,6,115,1,8,YAMAHA XC,3,E01002133,0,1
2024501408445,2024,501408445,1,3,0,-1,19,7,3,-1,0,0,1,-1,0,0,0,1,-1,6,1,21,5,124,1,12,YAMAHA XC,7,E01019077,0,1
2024010503952,2024,010503952,1,3,0,18,19,1,5,9,9,1,0,0,0,0,1,1,6,6,1,26,6,114,1,10,YAMAHA XC,-1,-1,0,-1
2024471534212,2024,471534212,1,3,0,-1,19,7,3,-1,0,0,1,7,0,0,1,1,-1,9,1,21,5,115,1,10,YAMAHA XC,4,E01021013,0,1
2024010541484,2024,010541484,2,3,0,18,19,5,1,0,0,0,0,0,0,0,1,1,1,1,1,31,6,125,1,10,YAMAHA XC,4,E01002622,0,1
2024440166389,2024,440166389,2,3,0,9,9,2,7,0,0,8,0,0,0,0,1,1,6,6,1,36,7,115,1,8,YAMAHA XC,3,E01017350,0,2
2024061530453,2024,061530453,1,3,0,-1,-1,-1,-1,-1,-1,0,-1,-1,-1,0,-1,1,-1,6,1,40,7,114,1,10,YAMAHA XC,1,E01004850,0,1
2024311532740,2024,311532740,1,3,0,-1,19,5,1,-1,0,0,1,0,1,0,1,1,-1,6,2,48,8,124,1,14,YAMAHA XC,-1,-1,0,-1
2024010512084,2024,010512084,1,3,0,18,19,8,4,0,0,1,0,0,0,0,2,1,6,6,1,39,7,124,1,13,YAMAHA XC,4,E01002101,0,1
2024201467397,2024,201467397,2,3,0,-1,19,5,1,-1,0,1,0,0,0,0,4,1,-1,6,1,35,6,114,1,10,YAMAHA XC,1,E01009272,0,1
2024010543395,2024,010543395,1,3,0,99,99,9,9,99,99,9,9,99,9,99,1,1,1,1,3,29,6,115,1,9,YAMAHA XC,6,E01000587,0,2
2024531410377,2024,531410377,2,3,0,-1,19,5,1,-1,0,1,1,0,0,0,0,1,-1,6,1,65,9,124,1,16,YAMAHA XC,4,E01022325,0,3
2024471422589,2024,471422589,1,3,0,-1,19,3,7,-1,0,1,1,0,0,0,0,1,-1,1,1,19,4,124,1,15,YAMAHA XC,4,E01003409,0,4
2024141416671,2024,141416671,1,3,0,-1,19,1,5,-1,0,8,2,0,0,0,4,1,-1,6,1,18,4,124,1,13,YAMAHA XC,5,E01019791,0,2
2024451496229,2024,451496229,2,2,0,-1,19,1,5,-1,0,0,0,0,0,0,1,1,-1,1,1,45,7,125,1,10,YAMAHA XC,-1,-1,0,-1
2024471514684,2024,471514684,1,3,0,-1,19,4,8,-1,0,0,1,0,0,0,3,1,-1,2,1,28,6,124,1,11,YAMAHA XC,8,E01021221,0,1
2024421450372,2024,421450372,1,3,0,-1,19,2,6,-1,0,2,1,0,0,0,1,1,-1,6,1,22,5,125,1,8,YAMAHA XC,6,E01021356,0,1
2024010520103,2024,010520103,2,3,0,13,13,1,5,0,0,1,0,0,0,0,0,1,6,6,1,51,8,124,1,13,YAMAHA XC,4,E01003145,0,1
2024471443449,2024,471443449,1,3,0,-1,19,3,7,-1,0,0,2,0,0,0,1,1,-1,1,1,23,5,124,1,12,YAMAHA XC,1,E01020983,0,1
2024451398269,2024,451398269,1,3,0,-1,4,6,2,-1,0,1,2,0,0,0,3,1,-1,1,1,31,6,115,1,9,YAMAHA XC,5,E01030751,0,1
2024041509700,2024,041509700,1,3,0,-1,19,-1,-1,-1,0,0,0,0,0,0,-1,1,-1,6,1,15,3,125,1,8,YAMAHA XC,1,E01012679,0,1
2024552400857,2024,552400857,1,4,0,16,19,4,6,0,0,8,1,0,0,0,0,1,6,6,1,26,6,124,1,11,YAMAHA XC,7,E01020540,0,3
2024471407894,2024,471407894,1,3,0,-1,19,1,5,-1,0,2,0,0,0,0,3,1,-1,2,2,62,9,114,1,9,YAMAHA XC,5,E01031786,0,1
2024471423369,2024,471423369,2,3,0,-1,13,2,6,-1,0,0,0,0,0,0,1,1,-1,6,1,23,5,124,1,15,YAMAHA XC,1,E01020989,0,1
2024340WN6162,2024,340WN6162,2,3,0,-1,19,5,1,-1,0,8,0,0,0,0,4,1,-1,2,1,52,8,125,1,10,YAMAHA XC,7,E01027172,0,1
2024010498787,2024,010498787,1,3,0,13,13,5,1,0,0,1,0,0,0,0,1,1,6,6,1,22,5,124,1,14,YAMAHA XC,2,E01003207,0,4
2024991480168,2024,991480168,2,3,0,-1,10,7,3,-1,0,8,5,0,0,0,1,1,-1,9,1,60,9,124,1,13,YAMAHA XC,-1,-1,0,-1
2024531526253,2024,531526253,1,3,0,-1,19,1,5,-1,0,0,0,0,0,0,1,1,-1,6,1,28,6,124,1,16,YAMAHA XC,10,E01022439,0,1
2024461516407,2024,461516407,1,3,0,-1,13,1,3,-1,0,1,5,0,0,0,1,1,-1,6,1,18,4,124,1,14,YAMAHA XC,5,E01024749,0,1
2024451414825,2024,451414825,2,3,0,-1,19,2,6,-1,0,8,0,0,0,0,3,1,-1,1,1,25,5,115,1,9,YAMAHA XC,6,E01002661,0,3
2024010527092,2024,010527092,1,3,0,7,7,7,1,0,0,6,0,0,0,0,1,1,6,6,1,27,6,124,1,15,YAMAHA XC,3,E01004630,0,3
2024010518411,2024,010518411,1,3,9,99,99,9,9,99,99,9,9,99,9,99,9,1,6,6,1,67,10,114,1,10,YAMAHA XC,7,E01001223,0,1
2024010498294,2024,010498294,2,3,0,15,15,7,3,0,0,1,0,0,0,0,1,1,6,6,3,-1,-1,124,1,12,YAMAHA XC,-1,-1,0,-1
2024461464668,2024,461464668,2,3,0,-1,19,3,7,-1,0,0,0,0,0,0,1,1,-1,9,1,26,6,114,1,10,YAMAHA XC,2,E01016035,0,1
2024010526014,2024,010526014,2,3,0,9,9,5,3,0,0,5,0,0,0,0,2,1,6,6,1,32,6,115,1,8,YAMAHA XC,3,E01003572,0,1
2024010506565,2024,010506565,1,5,0,18,19,5,1,0,0,0,0,0,0,0,1,1,6,6,1,64,9,649,1,25,YAMAHA XVS,-1,-1,0,-1
2024461492717,2024,461492717,1,5,0,-1,19,5,1,-1,0,0,0,0,0,0,1,1,-1,6,1,63,9,1300,1,11,YAMAHA XVS,5,E01016156,0,3
2024122400488,2024,122400488,1,5,0,18,19,3,6,0,0,1,0,0,0,0,3,1,6,6,1,65,9,1063,1,22,YAMAHA XVS,1,E01004793,0,5
2024122400580,2024,122400580,1,5,0,14,14,6,2,0,0,1,0,0,0,0,1,1,6,6,1,24,5,950,1,7,YAMAHA XVS,4,E01018511,0,5
2024411429677,2024,411429677,1,5,0,-1,4,7,3,-1,0,4,0,0,0,0,2,1,-1,6,1,64,9,649,1,21,YAMAHA XVS,3,E01023336,0,4
2024221503235,2024,221503235,1,5,0,-1,19,8,4,-1,0,0,1,0,0,0,3,1,-1,6,1,32,6,942,1,10,YAMAHA XVS,4,E01032409,0,2
2024010543386,2024,010543386,2,5,3,11,11,3,7,0,0,0,0,0,0,0,4,1,6,6,1,30,6,942,1,10,YAMAHA XVS,6,E01024406,0,4
2024471482912,2024,471482912,1,5,0,-1,19,5,1,-1,0,2,1,0,0,0,1,1,-1,2,1,65,9,1063,1,13,YAMAHA XVS,7,E01021007,0,1
2024501531586,2024,501531586,1,5,0,-1,19,3,7,-1,0,0,2,0,0,0,1,1,-1,6,1,36,7,1300,1,16,YAMAHA XVS,1,E01015058,0,1
2024610031124,2024,610031124,1,5,0,18,19,7,3,0,0,0,1,0,0,0,1,1,6,6,1,31,6,950,1,11,YAMAHA XVS,6,W01001377,0,1
2024440392392,2024,440392392,2,3,0,18,19,4,8,0,0,8,0,0,0,0,1,1,2,2,1,21,5,124,1,21,YAMAHA XVS,4,E01022781,0,3
2024311533668,2024,311533668,1,5,0,-1,19,7,4,-1,9,0,1,0,1,0,4,1,-1,9,1,35,6,1063,1,21,YAMAHA XVS,-1,-1,0,-1
202417S109024,2024,17S109024,2,4,0,-1,19,5,1,-1,0,1,0,0,0,0,3,1,-1,6,1,51,8,649,1,19,YAMAHA XVS,8,E01012212,0,1
2024371432287,2024,371432287,1,3,0,-1,19,2,6,-1,0,0,0,0,0,0,3,1,-1,9,1,19,4,124,1,21,YAMAHA XVS,9,E01030233,0,2
2024471520770,2024,471520770,2,5,0,-1,19,3,7,-1,0,2,0,0,0,0,1,1,-1,9,1,24,5,649,1,19,YAMAHA XVS,6,E01031557,0,1
2024501451029,2024,501451029,1,5,0,-1,19,6,2,-1,0,1,2,0,0,0,4,1,-1,9,1,59,9,1063,1,25,YAMAHA XVS,1,E01018930,0,4
2024552401299,2024,552401299,2,5,0,13,13,6,2,0,0,0,0,0,0,0,1,1,6,6,1,48,8,649,1,26,YAMAHA XVS,10,E01020378,0,1
2024141484856,2024,141484856,1,5,0,-1,19,6,2,-1,0,0,0,0,0,0,1,1,-1,6,1,28,6,1300,1,8,YAMAHA XVS,7,E01008151,0,1
2024131475914,2024,131475914,1,5,0,-1,19,5,1,-1,0,0,2,0,0,0,1,1,-1,9,1,32,6,1063,1,17,YAMAHA XVS,3,E01010662,0,2
2024201488602,2024,201488602,1,5,0,-1,19,8,4,-1,0,0,1,0,0,0,4,1,-1,9,1,57,9,649,1,24,YAMAHA XVS,2,E01010335,0,1
2024122400369,2024,122400369,1,5,0,18,19,7,3,0,0,1,1,0,0,0,0,1,6,6,1,34,6,649,1,20,YAMAHA XVS,3,E01027909,0,1
2024451527983,2024,451527983,1,5,0,-1,19,7,3,-1,0,8,5,0,0,0,4,1,-1,2,1,34,6,942,1,9,YAMAHA XVS,4,E01030640,0,2
2024430279582,2024,430279582,1,5,0,18,19,1,5,0,0,0,0,0,0,0,3,1,6,6,1,65,9,649,1,22,YAMAHA XVS,1,E01016368,0,1
2024501451254,2024,501451254,2,3,0,-1,5,7,3,-1,0,4,0,0,0,0,4,1,-1,9,1,47,8,124,1,20,YAMAHA XVS,3,E01019022,0,3
2024361491403,2024,361491403,1,5,0,-1,9,5,1,-1,0,0,0,0,7,0,3,1,-1,9,2,48,8,649,1,16,YAMAHA XVS,6,E01026462,0,4
2024010525920,2024,010525920,1,5,0,18,19,5,1,0,0,1,0,0,0,0,3,1,2,2,1,63,9,1063,1,22,YAMAHA XVS,7,E01030563,0,1
2024991492347,2024,991492347,2,3,0,-1,19,4,8,-1,0,0,0,0,0,0,1,1,-1,6,1,59,9,942,1,15,YAMAHA XVS,2,-1,0,2
2024421427076,2024,421427076,1,5,0,-1,-1,-1,-1,-1,-1,0,-1,-1,-1,0,-1,1,-1,6,3,-1,-1,1300,1,13,YAMAHA XVS,-1,-1,0,-1
2024471459062,2024,471459062,1,5,0,-1,19,2,6,-1,0,0,0,0,3,10,1,1,-1,6,1,87,11,649,1,22,YAMAHA XVS,5,E01021152,0,3
2024010516601,2024,010516601,2,5,0,14,14,5,1,0,0,1,5,0,0,0,1,1,6,6,1,46,8,942,1,11,YAMAHA XVS,3,E01002276,0,1
2024010544175,2024,010544175,2,5,0,18,19,1,5,0,0,1,0,0,0,0,1,1,2,2,1,28,6,942,1,4,YAMAHA XVS,8,E01001039,0,3
2024501487642,2024,501487642,2,5,0,-1,19,1,5,-1,0,0,0,0,0,0,3,1,-1,9,1,62,9,1063,1,20,YAMAHA XVS,3,E01023757,0,5
2024430169516,2024,430169516,1,3,0,11,11,4,8,0,0,1,0,0,0,0,4,1,6,6,1,19,4,124,1,21,YAMAHA XVS,-1,-1,0,-1
2024371398928,2024,371398928,1,9,0,-1,9,1,5,-1,0,6,0,0,0,0,3,9,-1,9,1,34,6,1956,2,14,MAKE AND MODEL REDACTED,5,E01029956,0,1
2024201397674,2024,201397674,1,9,0,-1,19,1,5,-1,0,0,0,0,0,0,1,1,-1,6,1,-1,-1,1910,2,15,MAKE AND MODEL REDACTED,-1,-1,0,-1
2024211430183,2024,211430183,1,9,0,-1,19,3,1,-1,0,8,0,0,0,0,1,1,-1,6,1,24,5,1956,2,14,MAKE AND MODEL REDACTED,10,E01029710,0,2
2024361487968,2024,361487968,3,9,0,-1,2,0,0,-1,0,0,0,0,0,0,2,1,-1,6,-1,-1,-1,1910,2,14,MAKE AND MODEL REDACTED,-1,-1,0,-1
2024311434205,2024,311434205,2,9,0,-1,4,1,5,-1,0,0,0,0,0,0,2,1,-1,1,1,51,8,1956,2,13,MAKE AND MODEL REDACTED,9,E01033775,0,3
2024610054324,2024,610054324,1,9,0,18,19,5,1,0,0,0,0,0,0,0,1,1,6,6,1,44,7,2198,1,17,MAKE AND MODEL REDACTED,3,W01001539,0,1
2024471458839,2024,471458839,2,9,0,-1,10,2,8,-1,0,8,0,0,0,0,2,1,-1,6,1,48,8,1798,1,4,MAKE AND MODEL REDACTED,10,E01031502,0,4
2024101430259,2024,101430259,2,9,0,-1,19,2,2,-1,0,0,1,0,0,0,1,1,-1,6,1,21,5,1968,2,9,AUDI A5,5,E01027386,0,1
2024401429869,2024,401429869,1,9,0,-1,19,1,5,-1,0,0,5,0,0,0,1,1,-1,9,1,31,6,1968,2,11,AUDI A5,7,E01013124,0,5
2024161535694,2024,161535694,3,9,0,-1,19,5,1,-1,0,1,0,0,0,0,2,1,-1,6,1,49,8,1984,1,7,AUDI A5,6,E01012916,0,1
2024311487366,2024,311487366,2,9,0,-1,19,5,1,-1,0,0,5,0,1,0,4,1,-1,1,1,44,7,1968,2,13,AUDI A5,-1,-1,0,-1
2024541630124,2024,541630124,2,9,0,4,4,6,2,0,0,0,0,0,0,0,2,1,6,6,2,31,6,1968,2,7,AUDI A5,9,E01033848,0,4
2024010510919,2024,010510919,1,9,0,17,19,7,3,0,0,6,0,0,0,0,1,1,6,6,1,24,5,1984,1,1,AUDI A5,5,E01002004,0,2
2024340WN1832,2024,340WN1832,1,9,0,-1,9,7,4,-1,0,5,0,0,0,0,4,1,-1,9,2,35,6,2967,2,6,AUDI A5,8,E01027250,0,1
2024010527076,2024,010527076,2,9,0,7,7,8,3,0,0,3,0,0,3,7,1,1,6,6,1,28,6,1968,2,7,AUDI A5,6,E01003770,0,1
2024061443636,2024,061443636,1,9,-1,-1,-1,-1,-1,-1,-1,-1,-1,-1,-1,0,-1,9,-1,6,1,-1,-1,1968,2,9,AUDI A5,9,E01005549,0,1
2024010495199,2024,010495199,2,9,0,13,13,5,1,0,0,0,0,0,0,0,3,1,6,6,3,-1,-1,1968,2,13,AUDI A5,-1,-1,0,-1
2024440128984,2024,440128984,1,9,0,9,9,6,4,0,0,8,0,0,0,0,4,1,6,6,1,36,7,2967,2,17,AUDI A5,8,E01022887,0,1
2024041472674,2024,041472674,1,9,0,-1,9,2,6,-1,0,1,0,0,0,0,1,1,-1,9,1,32,6,1968,2,10,AUDI A5,6,E01025367,0,2
2024531430873,2024,531430873,2,9,0,-1,19,3,7,-1,0,8,0,0,0,0,3,1,-1,9,1,61,9,1968,2,10,AUDI A5,9,E01031939,0,4
2024501520250,2024,501520250,1,9,0,-1,7,7,3,-1,0,1,0,0,0,0,1,2,-1,9,1,49,8,1968,2,8,AUDI A5,9,E01019906,0,1
2024320142169,2024,320142169,1,9,0,-1,-1,1,5,0,0,8,5,0,3,0,1,1,-1,-1,1,63,9,1968,2,12,AUDI A5,2,E01013283,0,3
2024010533469,2024,010533469,1,9,0,3,3,1,5,0,0,0,0,0,0,0,2,1,6,6,1,33,6,1968,2,2,AUDI A5,4,E01001972,0,1
2024430596272,2024,430596272,1,9,0,10,10,2,8,0,0,2,0,0,0,0,3,1,6,6,1,28,6,1984,1,5,AUDI A5,7,E01034463,0,2
2024552401437,2024,552401437,1,9,0,13,13,6,2,0,0,0,0,0,0,0,4,1,6,6,1,31,6,2967,2,16,AUDI A5,5,E01020530,0,4
2024471529947,2024,471529947,1,9,0,-1,12,1,5,-1,0,0,0,0,0,0,1,1,-1,9,2,56,9,1968,2,5,AUDI A5,9,E01031380,0,1
2024010546552,2024,010546552,2,9,0,13,13,5,1,0,0,0,1,10,0,0,4,1,6,6,1,41,7,1968,2,7,AUDI A5,9,E01003775,0,1
2024010520180,2024,010520180,2,9,0,99,99,9,9,99,99,0,9,99,9,99,1,9,6,6,3,-1,-1,1984,1,1,AUDI A5,-1,-1,0,-1
2024131475620,2024,131475620,1,9,0,-1,19,1,1,-1,0,0,0,0,0,0,1,1,-1,9,1,32,6,1968,2,11,AUDI A5,1,E01010964,0,1
2024201491563,2024,201491563,2,9,0,-1,19,7,3,-1,0,8,0,0,0,0,1,1,-1,6,1,29,6,2967,2,11,AUDI A5,3,E01034330,0,4
2024131514592,2024,131514592,3,9,0,-1,19,5,5,-1,0,0,0,0,0,0,2,1,-1,9,1,33,6,1984,1,6,AUDI A5,1,E01010625,0,2
2024041428072,2024,041428072,2,9,0,-1,5,7,1,-1,0,0,0,0,0,0,2,1,-1,2,2,28,6,1984,1,6,AUDI A5,10,E01025468,0,1
2024302401640,2024,302401640,1,9,0,-1,7,8,2,-1,0,5,0,0,0,0,3,1,-1,6,1,44,7,4163,1,15,AUDI A5,9,E01019449,0,1
2024401454324,2024,401454324,1,9,0,-1,5,3,1,-1,0,2,0,0,0,0,1,1,-1,2,2,48,8,1984,1,7,AUDI A5,6,E01017616,0,1
2024401541279,2024,401541279,1,9,0,-1,9,5,2,-1,0,8,0,0,0,0,1,1,-1,6,1,36,7,1984,1,0,AUDI A5,8,E01033819,0,1
2024031395409,2024,031395409,1,9,0,-1,9,7,3,-1,0,5,0,0,0,0,1,9,-1,9,2,53,8,1968,2,11,AUDI A5,5,E01019202,0,1
2024070439143,2024,070439143,2,9,0,18,19,5,1,0,0,0,1,0,0,11,3,1,2,2,1,20,4,1968,2,14,AUDI A5,8,E01019713,0,2
2024430571305,2024,430571305,2,9,0,18,19,1,5,0,0,0,0,0,0,0,1,1,6,6,1,-1,-1,3197,1,16,AUDI A5,3,E01016486,0,1
2024070059603,2024,070059603,1,9,0,18,19,6,2,0,0,8,0,0,0,0,3,1,6,6,2,30,6,1968,2,11,AUDI A5,-1,-1,0,-1
2024361502731,2024,361502731,2,9,0,-1,19,3,7,-1,0,1,0,0,0,0,4,1,-1,6,1,25,5,2967,2,17,AUDI A5,7,E01026579,0,4
2024161515456,2024,161515456,2,9,0,-1,2,0,0,-1,0,0,0,0,0,0,2,1,-1,6,-1,-1,-1,1968,2,9,AUDI A5,-1,-1,0,-1
2024010504510,2024,010504510,1,9,0,99,99,9,9,99,99,9,9,99,9,99,9,9,6,6,2,38,7,1968,2,4,AUDI A5,2,E01001409,0,2
2024421526278,2024,421526278,2,9,0,-1,9,1,7,-1,0,8,0,0,0,0,1,1,-1,9,2,48,8,1968,2,10,AUDI A5,6,E01029874,0,4
2024351500962,2024,351500962,1,9,-1,-1,-1,-1,-1,-1,-1,0,-1,-1,-1,0,1,9,-1,6,2,28,6,2698,2,16,AUDI A5,8,E01015685,0,1
2024161533050,2024,161533050,1,9,0,-1,3,5,1,-1,0,2,0,0,0,0,2,1,-1,9,2,23,5,1968,2,8,AUDI A5,8,E01013321,0,1
2024052402465,2024,052402465,2,9,0,8,8,1,3,0,0,1,0,0,0,0,3,1,6,6,1,53,8,1968,2,9,AUDI A5,1,E01007139,0,1
2024211481195,2024,211481195,2,9,0,-1,2,0,0,-1,0,0,0,0,0,0,1,1,-1,1,2,29,6,1968,2,10,AUDI A5,1,E01014218,0,1
2024540631524,2024,540631524,1,9,0,18,19,1,5,0,0,0,0,0,0,0,1,1,6,6,2,27,6,1984,1,6,AUDI A5,8,E01033849,0,1
2024461417191,2024,461417191,2,9,0,-1,19,4,8,-1,0,3,0,0,0,0,1,1,-1,2,1,39,7,1968,2,11,AUDI A5,6,E01024700,0,1
2024430622931,2024,430622931,1,9,0,7,7,2,4,0,0,5,0,0,0,0,4,1,6,6,1,-1,-1,1968,2,13,AUDI A5,-1,-1,0,-1
2024010524374,2024,010524374,1,9,0,18,19,7,3,0,0,0,0,0,0,0,4,1,6,6,1,30,6,1984,1,14,AUDI A5,4,E01000999,0,2
2024211493653,2024,211493653,1,9,0,-1,2,5,1,-1,0,0,0,0,0,0,2,1,-1,9,2,68,10,1968,2,12,AUDI A5,10,E01019880,0,4
2024010518571,2024,010518571,1,9,0,18,19,3,7,0,0,0,0,0,0,0,1,1,6,6,1,38,7,1984,1,6,AUDI A5,6,E01003760,0,1
2024010549712,2024,010549712,2,9,0,99,99,9,9,99,99,9,9,99,9,99,4,9,6,6,1,38,7,1968,2,3,AUDI A5,2,E01000938,0,1
2024320639868,2024,320639868,1,9,0,9,9,4,2,0,0,5,0,0,0,0,1,1,6,6,1,23,5,2967,2,17,AUDI A5,9,E01026226,0,1
2024010539168,2024,010539168,1,9,0,99,99,9,9,99,99,9,9,99,9,99,2,9,6,6,1,29,6,1984,1,15,AUDI A5,8,E01002199,0,2
2024070533278,2024,070533278,2,9,0,3,3,3,7,0,0,0,0,0,0,0,2,1,6,6,1,34,6,1968,2,14,AUDI A5,9,E01018684,0,2
2024070635068,2024,070635068,1,9,0,18,19,7,3,0,0,0,0,0,0,0,1,1,6,6,1,52,8,1968,2,14,AUDI A5,2,E01007214,0,4
2024010539358,2024,010539358,1,9,0,9,9,3,1,0,0,1,0,0,0,0,1,1,6,6,2,21,5,1798,1,9,AUDI A5,1,E01002081,0,1
2024111495766,2024,111495766,1,9,0,-1,19,3,7,-1,0,0,0,0,0,0,1,1,-1,6,2,30,6,1968,2,11,AUDI A5,2,E01020820,0,1
2024622400307,2024,622400307,2,9,0,18,19,1,6,0,0,8,0,0,0,0,1,1,2,2,1,61,9,1968,2,13,AUDI A5,3,W01001272,0,4
2024141426535,2024,141426535,2,9,0,-1,9,7,4,-1,0,8,0,0,0,0,4,1,-1,9,1,29,6,1984,1,6,AUDI A5,5,E01007640,0,4
2024221439971,2024,221439971,2,9,0,-1,2,0,0,-1,0,0,0,0,0,0,2,1,-1,6,2,55,8,1968,2,5,AUDI A5,7,E01032180,0,1
2024211493721,2024,211493721,1,9,0,-1,19,5,8,-1,0,0,0,0,0,0,3,1,-1,2,1,24,5,1968,2,12,AUDI A5,2,E01029734,0,1
2024543528324,2024,543528324,1,9,0,18,19,7,2,0,0,1,0,0,0,0,1,1,6,6,1,22,5,1968,2,14,AUDI A5,5,E01015494,0,1
2024471462622,2024,471462622,1,9,0,-1,19,6,2,-1,0,0,0,0,0,0,4,1,-1,6,1,43,7,1968,2,12,AUDI A5,4,E01031428,0,3
2024320188135,2024,320188135,1,9,0,9,9,4,2,0,0,6,0,0,0,0,1,1,6,6,1,26,6,1968,2,13,AUDI A5,4,E01026121,0,1
2024010513639,2024,010513639,1,9,0,99,99,9,9,99,99,9,9,99,9,99,9,9,6,6,1,23,5,1984,1,13,AUDI A5,2,E01004286,0,1
2024010549548,2024,010549548,2,9,9,99,99,9,9,99,99,9,9,99,9,99,9,9,6,6,2,39,7,1968,2,8,AUDI A5,6,E01003711,0,3
2024544635324,2024,544635324,3,9,0,3,3,4,8,0,0,0,0,0,0,0,2,1,2,2,1,45,7,1968,2,5,AUDI A5,10,E01029030,0,3
2024440109509,2024,440109509,1,9,0,11,11,4,8,0,0,0,0,0,1,0,3,1,2,2,1,27,6,1968,2,7,AUDI A5,7,E01020579,0,4
2024101484288,2024,101484288,1,9,0,-1,19,1,5,-1,0,0,5,4,0,0,1,1,-1,9,1,30,6,1968,2,13,AUDI A5,7,E01008638,0,1
2024302401447,2024,302401447,2,9,0,18,19,5,1,0,0,8,0,0,1,11,4,1,6,6,1,25,5,2967,2,15,AUDI A5,8,E01019621,0,2
2024010508183,2024,010508183,1,9,0,5,5,7,3,0,0,5,0,0,0,0,2,1,6,6,2,43,7,1984,1,12,AUDI A5,-1,-1,0,-1
2024221434144,2024,221434144,1,9,0,-1,13,5,1,-1,0,0,2,0,0,0,4,1,-1,9,1,51,8,1984,1,5,AUDI A5,2,E01009981,0,2
2024401423110,2024,401423110,2,9,0,-1,2,0,0,-1,-1,1,0,0,0,0,4,1,-1,7,1,34,6,1968,2,8,AUDI A5,4,E01015804,0,2
2024302401024,2024,302401024,2,9,0,16,19,1,5,0,0,3,0,0,0,0,1,1,3,7,1,34,6,2967,2,17,AUDI A5,5,E01019432,0,2
2024041486552,2024,041486552,3,9,0,-1,19,3,7,-1,0,0,0,0,0,0,1,1,-1,9,1,33,6,1968,2,8,AUDI A5,7,E01024921,0,3
2024010522300,2024,010522300,1,9,0,16,19,4,6,0,0,8,0,0,0,0,3,1,1,1,1,48,8,1984,1,1,AUDI A5,9,E01016247,0,4