collision_index,collision_year,collision_ref_no,vehicle_reference,vehicle_type,towing_and_articulation,vehicle_manoeuvre_historic,vehicle_manoeuvre,vehicle_direction_from,vehicle_direction_to,vehicle_location_restricted_lane_historic,vehicle_location_restricted_lane,junction_location,skidding_and_overturning,hit_object_in_carriageway,vehicle_leaving_carriageway,hit_object_off_carriageway,first_point_of_impact,vehicle_left_hand_drive,journey_purpose_of_driver_historic,journey_purpose_of_driver,sex_of_driver,age_of_driver,age_band_of_driver,engine_capacity_cc,propulsion_code,age_of_vehicle,generic_make_model,driver_imd_decile,lsoa_of_driver,escooter_flag,driver_distance_banding
2024361445520,2024,361445520,1,9,0,-1,9,7,3,-1,0,1,0,0,0,0,1,1,-1,6,1,41,7,1968,2,14,AUDI A5,1,E01026626,0,1
2024421435730,2024,421435730,2,9,0,-1,5,3,3,-1,0,0,0,0,0,0,2,1,-1,2,2,45,7,1798,1,14,AUDI A5,5,E01003757,0,4
2024010497316,2024,010497316,2,9,0,8,8,1,4,0,0,1,0,0,0,0,1,1,2,2,1,63,9,1984,1,15,AUDI A5,3,E01021800,0,1
2024101421340,2024,101421340,2,9,-1,-1,3,2,4,-1,0,4,0,0,0,0,2,9,-1,9,1,57,9,1968,2,4,AUDI A5,7,E01008876,0,1
2024631428134,2024,631428134,2,9,0,-1,19,6,2,-1,0,8,0,0,0,0,4,1,-1,6,2,29,6,1968,2,9,AUDI A5,2,W01000483,0,1
2024421506197,2024,421506197,2,9,0,-1,19,3,7,-1,0,8,0,0,1,9,3,1,-1,9,2,68,10,1968,2,0,AUDI A5,6,E01021659,0,1
2024401496158,2024,401496158,2,9,0,-1,-1,-1,-1,-1,-1,0,-1,-1,-1,0,3,9,-1,2,1,25,5,1984,1,5,AUDI A5,7,E01017513,0,3
2024201458739,2024,201458739,1,9,0,-1,19,5,1,-1,0,4,0,0,0,0,1,1,-1,6,1,38,7,1984,1,6,AUDI A5,2,E01010059,0,2
2024351510441,2024,351510441,1,9,0,-1,5,1,5,-1,0,8,0,0,0,0,1,1,-1,6,1,26,6,1984,1,15,AUDI A5,6,E01018047,0,1
2024631511460,2024,631511460,1,9,0,-1,7,7,1,-1,0,6,0,0,0,0,3,1,-1,9,1,40,7,1968,2,14,AUDI A5,1,W01001179,0,4
2024010525321,2024,010525321,1,9,0,18,19,7,3,0,0,1,0,0,0,0,1,1,6,6,1,32,6,1968,2,7,AUDI A5,6,E01001345,0,2
2024010523185,2024,010523185,1,9,0,9,9,2,8,0,0,6,0,0,0,0,1,1,6,6,1,31,6,1395,1,6,AUDI A5,7,E01001587,0,1
2024010500941,2024,010500941,2,9,0,1,1,9,9,99,99,9,9,99,9,99,9,9,6,6,3,-1,-1,1968,2,9,AUDI A5,-1,-1,0,-1
2024211438083,2024,211438083,3,9,0,-1,2,0,0,-1,0,0,0,0,0,0,0,1,-1,6,-1,-1,-1,1968,2,11,AUDI A5,-1,-1,0,-1
2024411425783,2024,411425783,2,9,0,-1,4,8,4,-1,0,0,0,0,0,0,2,1,-1,2,1,56,9,2967,2,14,AUDI A5,3,E01023357,0,1
2024010518655,2024,010518655,1,9,0,10,10,3,8,0,0,2,0,0,0,0,3,1,3,7,1,53,8,1984,1,3,AUDI A5,4,E01000068,0,1
2024221522156,2024,221522156,1,9,0,-1,5,2,6,-1,0,0,0,4,0,0,1,1,-1,6,1,54,8,1968,2,8,AUDI A5,-1,-1,0,-1
2024010503350,2024,010503350,2,9,0,8,8,1,2,0,0,1,0,0,0,0,2,1,6,6,1,22,5,1984,1,7,AUDI A5,3,E01001436,0,1
2024061530565,2024,061530565,1,9,0,-1,1,1,6,-1,0,1,0,0,0,0,2,1,-1,9,1,33,6,1968,2,13,AUDI A5,5,E01006055,0,2
2024430308263,2024,430308263,2,9,0,9,9,4,2,7,6,5,0,0,0,0,2,1,6,6,1,53,8,1968,2,9,AUDI A5,10,E01016776,0,4
2024221447213,2024,221447213,1,9,0,-1,19,6,2,-1,0,0,5,0,1,3,1,1,-1,6,2,35,6,1984,1,5,AUDI A5,7,E01028856,0,3
2024471421059,2024,471421059,3,9,0,-1,9,1,7,-1,0,6,0,0,0,0,1,1,-1,6,1,46,8,1984,1,4,AUDI A5,8,E01017008,0,1
2024461425201,2024,461425201,2,9,0,-1,3,7,2,-1,0,1,0,0,0,0,2,1,-1,2,1,40,7,1968,2,7,AUDI A5,3,E01033092,0,1
2024991460150,2024,991460150,1,9,0,-1,19,1,5,-1,0,0,0,0,0,0,3,1,-1,6,1,40,7,1984,1,4,AUDI A5,7,-1,0,1
2024332400937,2024,332400937,1,9,0,-1,19,5,1,-1,0,0,0,10,1,0,1,1,-1,2,1,56,9,2698,2,14,AUDI A5,2,E01027151,0,4
2024201455865,2024,201455865,2,9,0,-1,3,4,8,-1,0,0,0,0,0,0,2,9,-1,6,2,43,7,2967,2,9,AUDI A5,2,E01009966,0,1
2024520403271,2024,520403271,1,9,0,9,9,2,8,0,0,2,0,0,0,0,4,1,6,6,2,38,7,1968,2,12,AUDI A5,9,E01029065,0,1
2024440326163,2024,440326163,2,9,0,17,19,1,7,0,0,1,0,0,0,0,1,1,6,6,2,43,7,1968,2,11,AUDI A5,10,E01022891,0,1
2024131532682,2024,131532682,1,9,0,-1,7,7,3,-1,0,1,0,0,0,0,4,1,-1,2,1,36,7,1968,2,11,AUDI A5,1,E01011326,0,1
2024622500007,2024,622500007,1,9,0,16,19,4,8,0,0,4,2,10,7,3,1,1,6,6,1,38,7,2894,1,6,AUDI A5,1,W01001692,0,4
2024430263874,2024,430263874,1,9,0,14,14,3,7,0,0,0,0,0,0,0,1,1,2,2,1,27,6,1984,1,1,AUDI A5,10,E01016410,0,1
2024401442798,2024,401442798,2,9,0,-1,19,7,3,-1,0,0,0,0,0,0,1,1,-1,6,1,24,5,1968,2,10,AUDI A5,2,E01015680,0,4
2024122400862,2024,122400862,2,9,0,4,4,7,3,0,0,0,0,0,0,0,2,1,6,6,2,82,11,1968,2,1,AUDI A5,9,E01027589,0,3
2024332400344,2024,332400344,2,9,0,-1,19,7,3,-1,0,8,0,0,0,0,4,1,-1,9,1,26,6,1968,2,9,AUDI A5,5,E01013612,0,1
2024421396396,2024,421396396,2,9,0,-1,19,3,7,-1,0,0,0,0,0,0,4,1,-1,7,1,39,7,1984,1,3,AUDI A5,7,E01033137,0,3
2024991480273,2024,991480273,1,9,0,-1,19,7,2,-1,0,0,0,0,7,4,1,1,-1,9,2,39,7,1968,2,4,AUDI A5,5,-1,0,3
2024010524545,2024,010524545,1,9,0,2,2,9,9,99,99,9,9,99,9,99,9,9,6,6,2,35,6,1984,1,14,AUDI A5,3,E01000005,0,1
2024440517336,2024,440517336,2,9,0,18,19,1,5,0,0,0,0,0,0,0,2,1,6,6,2,47,8,1968,2,8,AUDI A5,10,E01032854,0,2
2024041419094,2024,041419094,1,9,0,-1,19,3,7,-1,0,3,0,0,1,7,4,1,-1,9,1,63,9,2698,2,13,AUDI A5,9,E01025451,0,2
2024010537289,2024,010537289,1,9,0,6,6,5,5,0,0,8,0,0,0,0,1,2,6,6,1,32,6,1984,1,5,AUDI A5,2,E01000075,0,2
2024320547670,2024,320547670,1,9,0,-1,-1,4,8,0,0,8,0,0,0,0,3,1,-1,-1,1,-1,-1,1968,2,1,AUDI A5,-1,-1,0,-1
2024201434797,2024,201434797,1,9,0,-1,13,2,6,-1,0,1,0,10,1,11,1,1,-1,9,1,21,5,1984,1,9,AUDI A5,5,E01009283,0,1
2024302401290,2024,302401290,2,9,0,5,5,3,1,0,0,4,0,0,0,0,1,1,6,6,1,35,6,2967,2,15,AUDI A5,4,E01019431,0,3
2024010551314,2024,010551314,2,9,0,5,5,1,5,0,0,0,0,0,0,0,1,1,6,6,3,-1,-1,1968,2,1,AUDI A5,-1,-1,0,-1
2024010539386,2024,010539386,1,9,0,18,19,7,3,0,0,8,0,0,0,0,1,1,6,6,1,28,6,1968,2,4,AUDI A5,5,E01001074,0,3
2024421403668,2024,421403668,1,9,0,-1,19,3,7,-1,0,4,0,0,0,0,1,1,-1,6,1,78,11,2967,2,8,AUDI A5,5,E01021357,0,1
2024411515223,2024,411515223,1,9,0,-1,5,7,3,-1,0,0,0,0,0,0,3,1,-1,6,1,24,5,1984,1,11,AUDI A5,6,E01023462,0,3
2024520403313,2024,520403313,2,9,0,9,9,7,5,0,0,1,0,0,0,0,1,1,1,1,2,43,7,1968,2,12,AUDI A5,7,E01029243,0,4
2024421455702,2024,421455702,1,9,0,-1,19,3,7,-1,0,0,2,0,0,0,4,1,-1,6,1,77,11,1984,1,1,AUDI A5,-1,-1,0,-1
202454C135724,2024,54C135724,2,9,0,4,4,2,6,0,0,1,0,0,0,0,2,1,6,6,1,25,5,1798,1,13,AUDI A5,6,E01032117,0,1
2024311429173,2024,311429173,1,9,0,-1,5,3,7,-1,0,4,0,0,0,0,3,1,-1,6,2,33,6,1968,2,11,AUDI A5,9,E01028195,0,4
2024991477068,2024,991477068,1,9,0,-1,19,3,7,-1,0,0,0,0,1,11,1,1,-1,9,1,66,10,1984,1,3,AUDI A5,-1,-1,0,-1
2024052401166,2024,052401166,2,9,0,18,19,1,5,0,0,8,0,0,0,0,4,1,2,2,1,45,7,2967,2,11,AUDI A5,9,E01007070,0,1
2024471463000,2024,471463000,2,9,0,-1,3,7,3,-1,0,1,0,99,0,0,1,1,-1,6,1,37,7,1968,2,13,AUDI A5,3,E01017080,0,4
2024010525995,2024,010525995,1,9,0,9,9,3,1,0,0,8,0,0,0,0,1,1,6,6,1,24,5,4163,1,13,AUDI A5,3,E01000089,0,1
2024401484876,2024,401484876,1,9,0,-1,19,3,7,-1,0,2,5,4,0,0,1,1,-1,6,2,61,9,1798,1,11,AUDI A5,10,E01017402,0,1
2024131434772,2024,131434772,1,9,0,-1,19,7,3,-1,0,8,0,0,0,0,1,1,-1,6,1,31,6,2967,2,10,AUDI A5,5,E01011537,0,1
2024221402381,2024,221402381,3,9,0,-1,4,5,1,-1,0,0,0,0,0,0,2,9,-1,6,1,39,7,1968,2,13,AUDI A5,6,E01014051,0,4
2024302401289,2024,302401289,2,9,0,9,9,6,4,0,0,0,0,0,0,0,4,1,3,7,2,39,7,1968,2,10,AUDI A5,6,E01019878,0,1
2024010528741,2024,010528741,2,9,0,99,99,9,9,99,99,9,9,99,9,99,9,9,2,2,1,60,9,1984,1,15,AUDI A5,3,E01000046,0,1
2024161458492,2024,161458492,1,9,0,-1,19,3,7,-1,0,4,1,0,0,0,3,1,-1,9,1,56,9,1968,2,4,AUDI A5,5,E01000316,0,5
2024631405265,2024,631405265,3,9,0,-1,4,6,2,-1,0,2,0,0,0,0,0,1,-1,9,2,48,8,1984,2,15,AUDI A5,3,W01000586,0,1
2024010530847,2024,010530847,2,9,0,99,99,9,9,99,99,0,9,99,9,99,1,9,6,6,3,-1,-1,1968,2,11,AUDI A5,3,E01000506,0,1
2024161415955,2024,161415955,1,9,0,-1,12,1,5,-1,0,0,1,10,7,0,1,1,-1,6,1,31,6,2698,2,15,AUDI A5,1,E01012788,0,1
2024440487805,2024,440487805,1,9,0,13,13,5,2,0,0,0,0,0,0,0,1,1,6,6,1,63,9,1968,2,14,AUDI A5,10,E01023045,0,4
2024231479257,2024,231479257,1,9,0,-1,19,4,1,-1,0,0,1,0,1,11,1,9,-1,6,1,21,5,2967,2,16,AUDI A5,8,E01029865,0,2
2024440065048,2024,440065048,3,9,0,4,4,2,6,0,0,0,0,0,0,0,2,1,6,6,1,50,8,1798,1,13,AUDI A5,2,E01017181,0,3
2024411482923,2024,411482923,1,9,0,-1,19,6,2,-1,0,0,0,0,0,0,9,9,-1,6,1,58,9,1798,1,8,AUDI A5,6,E01023414,0,1
2024351428175,2024,351428175,2,9,0,-1,19,1,6,-1,0,0,1,0,1,0,1,1,-1,6,1,32,6,1968,2,9,AUDI A5,5,E01018096,0,1
2024010512138,2024,010512138,1,9,0,18,19,2,6,0,0,2,0,0,0,0,1,1,6,6,1,31,6,1984,1,15,AUDI A5,4,E01030747,0,2
2024401422843,2024,401422843,3,9,0,-1,10,1,5,-1,0,8,0,0,0,0,1,1,-1,6,1,63,9,1968,2,8,AUDI A5,7,E01015694,0,1
2024041451433,2024,041451433,1,9,0,-1,9,7,3,-1,0,8,0,0,0,0,1,1,-1,9,1,35,6,1798,1,14,AUDI A5,10,E01025466,0,1
2024531517526,2024,531517526,1,9,0,-1,19,5,1,-1,0,1,5,10,1,0,1,1,-1,9,1,41,7,1968,2,9,AUDI A5,3,E01022237,0,1
2024451523259,2024,451523259,1,9,0,-1,19,5,1,-1,0,1,0,0,0,0,1,1,-1,2,1,29,6,1984,1,1,AUDI A5,7,E01030562,0,1
2024161490697,2024,161490697,1,9,0,-1,7,6,8,-1,0,2,0,0,0,0,1,1,-1,2,1,44,7,1984,1,4,AUDI A5,9,E01013149,0,3
2024041481551,2024,041481551,1,9,0,-1,11,7,3,-1,0,0,0,0,2,4,1,1,-1,9,1,41,7,1984,1,15,AUDI A5,2,E01025503,0,1
2024201545182,2024,201545182,2,9,0,-1,3,1,5,-1,0,1,0,0,0,0,2,9,-1,1,1,33,6,1984,1,5,AUDI A5,5,E01011765,0,5
2024201450614,2024,201450614,1,9,0,-1,19,4,8,-1,0,8,0,0,3,0,1,1,-1,6,1,22,5,1968,2,5,AUDI A5,3,E01010005,0,1
2024201423869,2024,201423869,1,9,0,-1,19,1,5,-1,0,2,0,4,2,3,1,1,-1,6,1,25,5,1968,2,11,AUDI A5,8,E01010487,0,1
2024070335461,2024,070335461,1,9,0,18,19,2,6,0,0,0,0,0,0,0,1,1,6,6,1,53,8,1984,1,6,AUDI A5,8,E01018515,0,1
2024371414820,2024,371414820,1,9,0,-1,7,5,8,-1,0,8,0,0,0,0,4,9,-1,6,1,34,6,1798,1,16,AUDI A5,6,E01026440,0,3
2024201533598,2024,201533598,1,9,0,-1,19,1,5,-1,0,2,0,0,0,0,1,1,-1,6,1,30,6,1968,2,13,AUDI A5,4,E01010558,0,1
2024010502347,2024,010502347,2,9,0,99,99,9,9,99,99,9,9,99,9,99,1,9,6,6,3,-1,-1,1968,2,6,AUDI A5,9,E01027053,0,4
2024201418141,2024,201418141,2,9,0,-1,19,8,4,-1,0,0,0,0,0,0,1,1,-1,7,2,34,6,1984,1,15,AUDI A5,2,E01009742,0,1
2024101430669,2024,101430669,2,9,0,-1,12,5,1,-1,0,0,0,4,0,0,1,1,-1,6,1,42,7,1984,1,1,AUDI A5,5,E01027365,0,4
2024010532570,2024,010532570,1,9,0,9,9,8,6,0,0,6,0,0,0,0,1,1,6,6,3,20,4,1984,1,13,AUDI A5,6,E01002586,0,2
2024522402965,2024,522402965,2,9,0,4,4,6,2,0,0,1,0,0,0,0,1,1,6,6,1,37,7,2967,2,13,AUDI A5,1,E01014829,0,4
2024221434703,2024,221434703,2,9,0,-1,4,4,8,-1,0,0,0,0,0,0,2,9,-1,6,2,34,6,1968,2,5,AUDI A5,7,E01035055,0,1
2024440495743,2024,440495743,1,9,0,16,19,7,3,0,0,8,0,10,4,1,1,1,6,6,1,26,6,1968,2,8,AUDI A5,3,E01022732,0,1
2024010498183,2024,010498183,2,9,0,13,13,7,3,0,0,1,0,0,0,0,1,1,2,2,1,26,6,1984,1,5,AUDI A5,2,E01033709,0,1
2024010514766,2024,010514766,2,9,0,18,19,7,3,0,0,1,1,4,1,11,1,1,6,6,1,23,5,1984,1,5,AUDI A5,3,E01001262,0,1
2024070073650,2024,070073650,2,9,0,5,5,7,3,0,0,1,0,0,0,0,1,1,6,6,1,30,6,1984,1,16,AUDI A5,-1,-1,0,-1
2024010528192,2024,010528192,1,9,0,9,9,1,7,0,0,8,0,0,0,0,3,1,6,6,1,25,5,1968,2,8,AUDI A5,4,E01001285,0,1
2024201475118,2024,201475118,2,9,0,-1,4,2,6,-1,0,1,0,0,0,0,2,1,-1,6,1,41,7,1984,1,0,AUDI A5,2,E01009455,0,1
2024122401306,2024,122401306,1,9,0,2,2,0,0,0,0,0,0,0,0,0,2,1,2,2,1,33,6,1968,2,11,AUDI A5,6,E01027648,0,1
2024010526626,2024,010526626,1,9,0,99,99,9,9,99,99,9,9,99,9,99,2,9,2,2,1,35,6,1968,2,7,AUDI A5,2,E01001437,0,1
2024010546250,2024,010546250,2,9,0,-1,-1,9,9,99,99,0,9,99,9,99,2,9,6,6,3,22,5,1984,1,6,AUDI A5,3,E01001008,0,1
2024231473935,2024,231473935,2,9,0,-1,19,3,7,-1,0,8,0,0,1,0,3,9,-1,2,1,31,6,1968,2,7,AUDI A5,4,E01031163,0,2
2024471497221,2024,471497221,1,9,0,-1,13,3,6,-1,0,0,0,0,0,0,1,1,-1,9,2,34,6,1984,1,5,AUDI A5,7,E01021077,0,3
2024991428068,2024,991428068,1,9,0,-1,4,4,8,-1,0,1,0,0,0,0,4,1,-1,9,2,40,7,1984,1,3,AUDI A5,8,-1,0,3
2024311410948,2024,311410948,2,9,0,-1,7,8,2,-1,0,0,0,0,0,0,0,1,-1,6,2,37,7,2967,2,14,AUDI A5,2,E01013835,0,1
2024161444663,2024,161444663,1,9,0,-1,19,2,6,-1,0,1,5,4,0,0,1,1,-1,6,2,34,6,1968,2,6,AUDI A5,9,E01012770,0,1
2024161517562,2024,161517562,1,9,0,-1,19,6,2,-1,0,2,0,0,0,0,1,1,-1,9,1,49,8,1968,2,11,AUDI A5,4,E01026285,0,4
2024440043912,2024,440043912,2,9,0,18,19,6,2,0,0,0,1,0,5,6,3,1,6,6,1,77,11,2967,2,16,AUDI A5,10,E01022675,0,1
2024201433319,2024,201433319,2,9,0,-1,2,0,0,-1,0,0,0,0,0,0,2,9,-1,9,3,-1,-1,1968,2,5,AUDI A5,-1,-1,0,-1
2024451478846,2024,451478846,1,9,0,-1,19,3,7,-1,0,0,0,0,0,0,1,1,-1,2,1,28,6,2967,2,17,AUDI A5,7,E01030618,0,2
2024010496901,2024,010496901,1,9,0,17,19,3,1,0,0,2,1,0,0,0,1,1,6,6,1,24,5,2967,2,16,AUDI A5,-1,-1,0,-1
2024451432731,2024,451432731,2,9,0,-1,19,1,5,-1,0,0,0,0,1,0,1,1,-1,9,2,53,8,1984,1,5,AUDI A5,7,E01030548,0,1
2024211448275,2024,211448275,2,9,0,-1,19,1,5,-1,0,0,0,4,0,0,1,1,-1,9,1,35,6,1968,2,4,AUDI A5,4,E01014623,0,5
2024010529098,2024,010529098,1,9,0,16,19,5,1,0,0,2,0,0,0,0,4,1,6,6,1,49,8,1984,1,11,AUDI A5,10,E01003474,0,1
2024201532255,2024,201532255,1,9,0,-1,6,5,5,-1,0,0,0,0,0,0,2,9,-1,6,1,32,6,1968,2,7,AUDI A5,-1,-1,0,-1
2024201476806,2024,201476806,1,9,0,-1,19,4,8,-1,0,0,0,0,0,0,1,9,-1,6,3,44,7,1968,2,12,AUDI A5,-1,-1,0,-1
2024010493455,2024,010493455,1,9,0,18,19,5,1,0,0,8,1,0,0,0,1,1,6,6,3,34,6,1984,1,7,AUDI A5,-1,-1,0,-1
2024471423242,2024,471423242,1,9,0,-1,19,7,3,-1,0,0,0,0,0,0,1,1,-1,6,1,-1,-1,1984,1,5,AUDI A5,3,E01021048,0,2
2024430382037,2024,430382037,2,9,0,9,9,7,5,0,0,5,0,0,0,0,1,1,6,6,2,-1,-1,1984,1,5,AUDI A5,-1,-1,0,-1
2024610040924,2024,610040924,2,9,0,18,19,5,1,0,0,0,0,0,0,0,3,1,6,6,1,-1,-1,1984,1,0,AUDI A5,-1,-1,0,-1
2024631448386,2024,631448386,1,9,0,-1,19,8,4,-1,0,8,0,0,1,7,1,1,-1,9,1,54,8,1968,2,10,AUDI A5,6,E01029219,0,5
2024411470662,2024,411470662,1,9,0,-1,19,1,5,-1,0,6,0,0,0,0,0,1,-1,2,1,34,6,1968,2,10,AUDI A5,3,E01000503,0,3
2024371420923,2024,371420923,2,9,0,-1,19,1,5,-1,0,1,0,0,0,0,2,1,-1,9,1,40,7,1984,1,14,AUDI A5,9,E01026537,0,4
2024211394529,2024,211394529,2,9,0,-1,19,8,4,-1,0,0,0,0,0,0,2,1,-1,2,1,24,5,1984,1,4,AUDI A5,1,E01034257,0,4
2024201499887,2024,201499887,2,9,0,-1,19,3,7,-1,0,8,0,0,0,0,3,1,-1,9,1,25,5,1984,1,4,AUDI A5,-1,-1,0,-1
2024231482718,2024,231482718,1,9,0,-1,19,3,8,-1,0,0,2,4,7,3,1,1,-1,9,2,54,8,1968,2,5,AUDI A5,10,E01031214,0,2
2024010542179,2024,010542179,2,9,0,12,12,7,3,0,0,1,0,0,0,0,3,1,6,6,2,38,7,1984,1,0,AUDI A5,1,E01003506,0,1
2024520402179,2024,520402179,1,9,0,18,19,3,7,0,0,0,0,0,1,9,1,1,6,6,1,21,5,1968,2,14,AUDI A5,4,E01029075,0,1
2024221498721,2024,221498721,1,9,0,-1,19,8,4,-1,0,0,0,0,0,0,4,1,-1,9,1,32,6,1968,2,7,AUDI A5,6,E01014173,0,3
2024622400092,2024,622400092,1,9,0,9,9,8,6,0,0,5,0,0,0,0,4,1,6,6,1,20,4,2967,2,16,AUDI A5,1,W01001881,0,1
2024552400971,2024,552400971,1,9,0,18,19,4,8,0,0,8,0,0,3,11,1,1,6,6,1,31,6,1968,2,12,AUDI A5,1,E01020575,0,1
2024440190730,2024,440190730,1,9,0,18,19,2,6,0,0,1,0,0,0,0,1,1,2,2,1,38,7,1968,2,10,AUDI A5,2,E01017106,0,4
2024010536016,2024,010536016,2,9,0,11,11,9,9,99,99,5,9,99,9,99,9,9,6,6,3,21,5,1798,1,8,AUDI A5,10,E01023887,0,4
2024451458719,2024,451458719,1,9,0,-1,7,7,3,-1,0,5,0,0,0,0,4,1,-1,9,1,26,6,2967,2,8,AUDI A5,9,E01022642,0,4
2024041433688,2024,041433688,1,9,0,-1,15,5,1,-1,0,1,0,0,0,0,1,1,-1,9,1,50,8,1968,2,8,AUDI A5,8,E01025038,0,1
2024311495640,2024,311495640,1,9,0,-1,7,3,7,-1,0,0,0,0,0,0,1,9,-1,6,1,76,11,1798,1,12,AUDI A5,-1,-1,0,-1
2024552400785,2024,552400785,2,9,0,18,19,5,1,0,0,0,0,0,1,4,1,1,6,6,2,40,7,1968,2,8,AUDI A5,5,E01020456,0,3
2024010564276,2024,010564276,2,9,0,13,13,3,7,0,0,2,0,0,0,0,4,1,6,6,1,28,6,1968,2,8,AUDI A5,-1,-1,0,-1
2024361438165,2024,361438165,2,9,0,-1,19,4,8,-1,0,0,0,0,0,0,2,1,-1,6,1,40,7,2967,2,14,AUDI A5,4,E01026823,0,4
2024531525360,2024,531525360,2,9,0,-1,4,7,3,-1,0,0,0,0,0,0,2,1,-1,9,1,36,7,1968,2,9,AUDI A5,8,E01032922,0,5
2024141406405,2024,141406405,1,9,0,-1,19,1,5,-1,0,0,5,0,0,0,3,1,-1,6,2,34,6,1968,2,11,AUDI A5,6,E01007753,0,3
2024461461382,2024,461461382,2,9,0,-1,19,7,3,-1,0,1,0,0,0,0,1,1,-1,9,1,32,6,1798,1,12,AUDI A5,5,E01032653,0,4
2024010536918,2024,010536918,1,9,0,2,2,0,0,0,0,0,0,0,0,0,1,1,6,6,3,-1,-1,1984,1,13,AUDI A5,-1,-1,0,-1
2024522402888,2024,522402888,1,9,0,18,19,1,5,0,0,0,0,0,0,0,1,1,6,6,1,28,6,1798,1,9,AUDI A5,1,E01013995,0,4
2024010524310,2024,010524310,2,9,0,2,2,0,0,0,0,8,0,0,0,0,3,1,6,6,3,-1,-1,1968,2,11,AUDI A5,-1,-1,0,-1
2024010520356,2024,010520356,1,9,0,18,19,7,3,0,0,2,0,0,0,0,2,1,6,6,1,49,8,1968,2,10,AUDI A5,5,E01002344,0,2
2024122500076,2024,122500076,2,9,0,2,2,0,0,0,0,2,0,0,0,0,3,1,6,6,1,43,7,1798,1,9,AUDI A5,8,E01013428,0,1
2024061474329,2024,061474329,1,9,0,-1,19,8,4,-1,0,1,0,0,0,0,1,1,-1,9,1,21,5,2698,2,13,AUDI A5,3,E01033680,0,1
2024451467358,2024,451467358,1,9,0,-1,19,3,7,-1,0,0,0,0,7,4,1,1,-1,6,1,25,5,2967,2,16,AUDI A5,8,E01024098,0,5
2024401490468,2024,401490468,2,9,0,-1,13,3,7,-1,0,0,1,0,1,9,1,1,-1,9,1,23,5,2967,2,16,AUDI A5,-1,-1,0,-1
2024131412474,2024,131412474,1,9,0,-1,9,2,2,-1,0,6,0,0,0,0,2,1,-1,6,1,24,5,1968,2,2,AUDI A5,6,E01027692,0,4
2024371408876,2024,371408876,2,9,0,-1,4,7,3,-1,0,0,0,0,0,0,2,1,-1,9,1,47,8,1968,2,10,AUDI A5,4,E01029892,0,3
202454E247124,2024,54E247124,2,9,0,3,3,5,1,0,0,1,0,0,0,0,2,1,2,2,1,63,9,1798,1,8,AUDI A5,8,E01034544,0,3
2024320109506,2024,320109506,1,9,0,9,9,8,6,0,0,8,0,0,0,0,1,1,-1,-1,1,30,6,1242,1,12,CHRYSLER YPSILON,2,E01026056,0,4
2024461491790,2024,461491790,1,9,0,-1,10,3,1,-1,9,0,0,0,0,0,1,2,-1,9,2,76,11,875,1,11,CHRYSLER YPSILON,-1,-1,0,-1
2024061447655,2024,061447655,1,9,0,-1,19,1,5,-1,-1,0,0,0,0,0,4,1,-1,2,2,30,6,1242,1,10,CHRYSLER YPSILON,6,E01024961,0,3
2024440280028,2024,440280028,1,9,0,18,19,8,4,0,0,0,5,0,7,4,1,1,6,6,1,20,4,875,1,13,CHRYSLER YPSILON,1,E01022968,0,1
202454C346624,2024,54C346624,1,9,0,18,19,2,6,0,0,0,0,0,0,0,1,1,6,6,1,19,4,1242,1,11,CHRYSLER YPSILON,9,E01020146,0,5
2024991411250,2024,991411250,1,9,0,-1,19,3,7,-1,0,0,1,0,1,1,1,1,-1,9,2,51,8,1242,1,12,CHRYSLER YPSILON,4,-1,0,2
2024622400349,2024,622400349,1,9,0,18,19,2,6,0,0,0,0,0,0,0,1,1,6,6,2,33,6,1248,2,13,CHRYSLER YPSILON,3,W01001322,0,3
2024161435684,2024,161435684,1,9,0,-1,19,7,3,-1,0,1,0,0,0,0,1,1,-1,9,2,32,6,1242,1,12,CHRYSLER YPSILON,10,E01013436,0,3
2024522402841,2024,522402841,1,9,0,18,19,5,1,0,0,0,1,4,0,0,0,1,6,6,2,25,5,1242,1,10,CHRYSLER YPSILON,3,E01014811,0,1
2024061492697,2024,061492697,1,9,0,-1,1,-1,-1,-1,99,8,0,99,7,99,1,1,-1,9,1,28,6,1242,1,10,CHRYSLER YPSILON,1,E01005611,0,1
2024141419276,2024,141419276,2,9,0,-1,9,4,1,-1,0,1,0,0,0,0,1,9,-1,6,3,20,4,1242,1,11,CHRYSLER YPSILON,-1,-1,0,-1
2024552400482,2024,552400482,1,5,0,14,14,3,7,0,0,8,0,0,0,0,1,1,6,6,1,46,8,937,1,2,MAKE AND MODEL REDACTED,9,E01015403,0,1
2024421426635,2024,421426635,1,5,0,-1,19,2,6,-1,0,0,1,10,2,0,4,1,-1,9,1,47,8,999,1,12,HONDA CBR,7,E01021353,0,3
2024302400076,2024,302400076,2,4,0,18,19,5,1,0,0,1,0,0,0,0,1,1,6,6,1,35,6,125,1,12,HONDA CBR,5,E01019432,0,2
2024991444184,2024,991444184,1,5,0,-1,19,1,5,-1,0,0,0,0,1,0,3,1,-1,9,1,65,9,599,1,17,HONDA CBR,10,-1,0,5
2024371496582,2024,371496582,1,3,0,-1,9,5,3,-1,0,0,1,0,0,0,3,1,-1,2,1,17,4,125,1,17,HONDA CBR,8,E01029923,0,3