collision_index,collision_year,collision_ref_no,vehicle_reference,vehicle_type,towing_and_articulation,vehicle_manoeuvre_historic,vehicle_manoeuvre,vehicle_direction_from,vehicle_direction_to,vehicle_location_restricted_lane_historic,vehicle_location_restricted_lane,junction_location,skidding_and_overturning,hit_object_in_carriageway,vehicle_leaving_carriageway,hit_object_off_carriageway,first_point_of_impact,vehicle_left_hand_drive,journey_purpose_of_driver_historic,journey_purpose_of_driver,sex_of_driver,age_of_driver,age_band_of_driver,engine_capacity_cc,propulsion_code,age_of_vehicle,generic_make_model,driver_imd_decile,lsoa_of_driver,escooter_flag,driver_distance_banding
2024411462939,2024,411462939,2,3,0,-1,19,5,1,-1,0,0,5,4,0,0,2,1,-1,2,2,28,6,125,1,13,HONDA CBR,9,E01023597,0,3
2024371451749,2024,371451749,1,5,0,-1,19,5,1,-1,0,0,0,11,5,6,1,1,-1,6,1,45,7,918,1,25,HONDA CBR,6,E01030041,0,2
2024552401409,2024,552401409,1,3,0,18,19,4,8,0,0,0,0,0,0,0,0,1,2,2,1,39,7,125,1,11,HONDA CBR,7,E01029192,0,3
2024461441027,2024,461441027,1,3,0,-1,19,2,4,-1,0,3,0,0,0,0,3,1,-1,6,1,18,4,125,1,7,HONDA CBR,4,E01024208,0,2
2024010542942,2024,010542942,2,4,0,18,19,7,3,0,0,0,1,0,0,0,3,1,2,2,1,42,7,471,1,9,HONDA CBR,3,E01015923,0,3
2024201502539,2024,201502539,2,5,0,-1,19,4,8,-1,0,0,2,0,0,0,1,1,-1,9,1,27,6,998,1,18,HONDA CBR,5,E01009802,0,1
2024461428007,2024,461428007,1,5,0,-1,19,3,7,-1,0,0,0,0,0,0,1,1,-1,6,1,69,10,599,1,24,HONDA CBR,4,E01024364,0,3
2024311418072,2024,311418072,2,5,0,-1,9,2,6,-1,0,1,1,0,0,0,2,1,-1,6,1,39,7,649,1,4,HONDA CBR,1,E01027930,0,1
2024371450204,2024,371450204,2,4,0,-1,13,8,4,-1,0,0,5,0,0,0,1,1,-1,6,1,25,5,471,1,3,HONDA CBR,3,E01029996,0,1
2024622400340,2024,622400340,1,5,0,18,19,4,8,0,0,4,0,0,0,0,0,1,6,6,1,28,6,599,1,20,HONDA CBR,1,W01000830,0,1
2024401474655,2024,401474655,2,3,0,-1,13,5,1,-1,0,1,0,0,0,0,4,1,-1,6,1,20,4,125,1,10,HONDA CBR,3,E01017514,0,2
2024440377255,2024,440377255,1,5,0,18,19,5,1,0,0,1,0,0,0,0,4,1,6,6,1,36,7,999,1,16,HONDA CBR,10,E01022470,0,4
2024451413079,2024,451413079,2,5,0,-1,19,7,3,-1,0,1,0,0,0,0,1,1,-1,1,1,56,9,1137,1,26,HONDA CBR,6,E01016734,0,4
2024010541144,2024,010541144,1,4,0,4,4,6,2,0,0,8,0,0,0,0,1,1,6,6,1,27,6,999,1,13,HONDA CBR,3,E01034202,0,1
202417L102524,2024,17L102524,2,5,0,18,19,8,4,0,0,1,0,0,0,0,1,1,6,6,1,22,5,471,1,8,HONDA CBR,9,E01012158,0,2
2024461471469,2024,461471469,3,5,0,-1,19,6,4,-1,0,0,0,0,0,0,3,1,-1,6,1,23,5,599,1,17,HONDA CBR,3,E01024539,0,1
2024052401007,2024,052401007,2,5,0,18,19,3,7,0,0,8,0,0,0,0,1,1,6,6,1,45,7,998,1,17,HONDA CBR,1,E01006693,0,2
2024991504995,2024,991504995,1,4,0,-1,19,7,3,-1,0,3,0,0,1,0,4,1,-1,6,2,17,4,125,1,8,HONDA CBR,-1,-1,0,-1
2024401491122,2024,401491122,1,5,0,-1,15,4,8,-1,0,1,0,0,7,2,1,1,-1,6,1,42,7,599,1,22,HONDA CBR,9,E01017624,0,1
2024461431693,2024,461431693,1,3,0,-1,4,1,1,-1,0,0,1,0,0,0,2,1,-1,2,1,19,4,125,1,10,HONDA CBR,5,E01024561,0,1
2024610026224,2024,610026224,1,5,0,18,19,1,5,0,0,8,0,0,0,0,1,1,6,6,1,59,9,599,1,21,HONDA CBR,9,W01001913,0,4
2024010541534,2024,010541534,2,4,0,4,4,5,1,0,0,2,0,0,0,0,4,1,6,6,1,44,7,471,1,0,HONDA CBR,-1,-1,0,-1
2024010529098,2024,010529098,2,5,0,13,13,5,1,0,0,2,0,0,0,0,1,1,2,2,1,26,6,599,1,11,HONDA CBR,6,E01004637,0,1
2024552401136,2024,552401136,1,5,0,9,9,1,7,0,0,5,0,0,0,0,4,1,6,6,1,32,6,1000,1,10,HONDA CBR,5,E01015427,0,3
2024320111901,2024,320111901,1,4,0,-1,-1,7,1,9,9,6,5,0,0,0,0,1,-1,-1,1,16,4,125,1,8,HONDA CBR,2,E01026312,0,1
2024501445252,2024,501445252,2,5,0,-1,19,1,5,-1,0,1,1,0,7,0,1,1,-1,2,1,21,5,998,1,32,HONDA CBR,8,E01020306,0,1
2024041509713,2024,041509713,1,4,0,-1,2,7,3,-1,0,1,5,0,0,0,1,1,-1,6,1,20,4,471,1,1,HONDA CBR,10,E01025015,0,3
2024010535213,2024,010535213,1,3,0,99,99,9,9,99,99,9,9,99,9,99,9,1,2,2,1,30,6,125,1,10,HONDA CBR,5,E01002129,0,1
2024401423440,2024,401423440,1,5,0,-1,11,7,3,-1,0,0,1,0,1,0,1,1,-1,2,1,21,5,649,1,5,HONDA CBR,6,E01017511,0,1
2024061419220,2024,061419220,2,2,0,-1,19,-1,-1,-1,0,0,0,0,0,0,1,1,-1,6,3,27,6,125,1,7,HONDA CBR,3,E01005179,0,1
2024231442478,2024,231442478,2,5,0,-1,19,4,8,-1,0,8,0,0,0,0,1,1,-1,6,1,29,6,599,1,13,HONDA CBR,10,E01027293,0,4
2024101504913,2024,101504913,2,5,0,-1,7,8,2,-1,0,1,0,0,0,0,1,1,-1,6,1,-1,-1,999,1,12,HONDA CBR,-1,-1,0,-1
2024041461789,2024,041461789,1,5,0,-1,15,8,4,-1,0,1,0,0,0,0,1,1,-1,6,1,26,6,599,1,19,HONDA CBR,1,E01024885,0,1
2024471519315,2024,471519315,1,3,0,-1,19,2,6,-1,0,1,2,10,1,99,3,1,-1,6,1,27,6,125,1,8,HONDA CBR,7,E01031566,0,2
2024501482214,2024,501482214,2,3,0,-1,13,5,1,-1,0,0,1,11,0,0,3,1,-1,6,1,19,4,125,1,9,HONDA CBR,6,E01015225,0,2
2024440466708,2024,440466708,1,3,0,18,19,4,2,0,0,8,0,0,0,0,1,1,6,6,1,32,6,125,1,12,HONDA CBR,6,E01017025,0,1
2024411476090,2024,411476090,2,5,0,-1,19,3,7,-1,0,1,0,0,0,0,1,1,-1,6,1,39,7,471,1,10,HONDA CBR,4,E01015776,0,3
2024010522257,2024,010522257,1,5,0,99,99,9,9,99,99,9,9,99,9,99,9,1,6,6,1,46,8,649,1,4,HONDA CBR,10,E01030754,0,3
2024122400035,2024,122400035,1,4,0,15,15,4,8,0,0,1,0,0,0,0,1,1,6,6,1,36,7,125,1,7,HONDA CBR,2,E01027852,0,1
2024061492432,2024,061492432,2,4,0,-1,19,2,6,-1,0,8,0,0,0,0,1,1,-1,6,1,26,6,471,1,10,HONDA CBR,-1,-1,0,-1
2024302400156,2024,302400156,1,3,0,17,19,2,8,0,0,0,1,0,1,2,1,1,6,6,1,18,4,125,1,7,HONDA CBR,2,E01019549,0,1
2024340WN2422,2024,340WN2422,2,5,0,-1,19,5,1,-1,0,1,0,0,0,0,3,1,-1,6,1,19,4,471,1,8,HONDA CBR,3,E01027154,0,1
2024211454334,2024,211454334,2,4,0,-1,13,4,8,-1,0,1,0,0,0,0,4,1,-1,6,1,26,6,471,1,3,HONDA CBR,3,E01029404,0,1
2024531525934,2024,531525934,2,3,0,-1,19,3,7,-1,0,8,2,0,0,0,0,1,-1,6,1,18,4,125,1,8,HONDA CBR,2,E01022122,0,1
2024501524910,2024,501524910,1,4,0,-1,19,1,5,-1,0,0,1,0,0,0,4,1,-1,6,1,21,5,471,1,9,HONDA CBR,5,E01018833,0,2
2024010503607,2024,010503607,2,5,0,18,19,3,7,0,0,0,0,0,0,0,1,1,6,6,1,21,5,649,1,9,HONDA CBR,3,E01001856,0,1
2024010519046,2024,010519046,2,4,0,18,19,1,5,0,0,8,1,0,0,0,1,1,6,6,1,26,6,471,1,1,HONDA CBR,4,E01000633,0,1
2024041499943,2024,041499943,2,5,0,-1,19,7,3,-1,0,8,2,0,0,0,4,1,-1,9,1,51,8,1100,1,27,HONDA CBR,5,E01025435,0,1
2024421485689,2024,421485689,1,5,0,-1,19,5,1,-1,0,0,1,0,0,0,3,1,-1,6,1,31,6,599,1,34,HONDA CBR,10,E01021611,0,4
2024471464956,2024,471464956,1,5,0,-1,13,6,2,-1,0,8,0,0,0,0,1,1,-1,9,1,33,6,929,1,23,HONDA CBR,8,E01031701,0,3
2024010538996,2024,010538996,1,3,0,-1,-1,5,1,9,9,5,0,0,0,0,1,1,6,6,1,31,6,125,1,9,HONDA CBR,10,E01034083,0,4
2024221489371,2024,221489371,1,4,0,-1,19,2,3,-1,0,0,0,0,7,9,1,1,-1,2,1,21,5,471,1,7,HONDA CBR,7,E01034318,0,2
2024471515384,2024,471515384,2,3,0,-1,19,6,2,-1,0,1,1,10,0,0,1,1,-1,6,1,18,4,125,1,9,HONDA CBR,8,E01031840,0,1
2024010513513,2024,010513513,1,3,0,15,15,5,1,0,0,1,0,0,0,0,1,1,6,6,2,18,4,125,1,9,HONDA CBR,2,E01004014,0,1
2024411496240,2024,411496240,1,5,0,-1,19,1,5,-1,0,1,2,0,0,0,1,1,-1,9,1,29,6,999,1,11,HONDA CBR,9,E01017414,0,4
2024010533929,2024,010533929,3,5,0,18,19,1,5,0,0,1,0,0,0,0,1,1,6,6,1,20,4,998,1,6,HONDA CBR,1,E01001442,0,2
2024531467179,2024,531467179,1,5,0,-1,19,5,1,-1,0,8,2,0,0,0,1,1,-1,9,1,65,9,649,1,1,HONDA CBR,6,E01022341,0,3
2024440188247,2024,440188247,2,4,0,14,14,8,4,0,0,1,1,0,7,0,1,1,6,6,2,45,7,125,1,-1,HONDA CBR,2,E01017328,0,1
2024545863624,2024,545863624,1,4,0,13,13,5,1,0,0,1,0,0,0,0,1,1,6,6,1,22,5,471,1,10,HONDA CBR,8,E01032689,0,3
2024501443350,2024,501443350,2,3,0,-1,19,7,3,-1,0,1,0,0,0,0,1,1,-1,9,1,17,4,125,1,11,HONDA CBR,6,E01020187,0,2
2024010536666,2024,010536666,1,3,0,16,19,3,7,0,0,0,1,0,0,0,0,1,6,6,1,18,4,125,1,7,HONDA CBR,2,E01002804,0,1
202460Q030628,2024,60Q030628,2,5,0,17,19,7,3,0,0,0,0,0,0,0,0,1,6,6,1,37,7,599,1,22,HONDA CBR,-1,-1,0,-1
2024122401045,2024,122401045,2,3,0,18,19,5,1,0,0,1,0,0,0,0,4,1,2,2,1,21,5,125,1,8,HONDA CBR,3,E01013335,0,1
2024311491950,2024,311491950,1,5,0,-1,4,8,2,-1,0,4,0,0,0,0,2,1,-1,6,1,36,7,599,1,22,HONDA CBR,4,E01028302,0,3
2024991520758,2024,991520758,1,5,0,-1,19,7,3,-1,0,0,1,0,1,0,1,1,-1,2,1,24,5,599,1,13,HONDA CBR,6,-1,0,2
2024622400191,2024,622400191,1,5,0,18,19,5,1,0,0,1,0,0,0,0,1,1,6,6,1,29,6,599,1,18,HONDA CBR,1,W01001751,0,1
2024991495344,2024,991495344,1,5,0,-1,19,5,1,-1,0,0,0,0,8,3,1,1,-1,2,1,48,8,1000,1,8,HONDA CBR,3,-1,0,3
2024302400958,2024,302400958,1,4,0,18,19,8,4,0,0,0,0,0,1,4,4,1,6,6,1,19,4,471,1,6,HONDA CBR,9,E01029816,0,4
2024231452056,2024,231452056,1,5,0,-1,19,2,7,-1,0,8,0,0,0,0,1,1,-1,9,1,42,7,599,1,13,HONDA CBR,3,E01031077,0,1
2024041436074,2024,041436074,1,5,0,-1,19,1,1,-1,0,0,1,0,0,0,4,1,-1,9,1,53,8,599,1,24,HONDA CBR,1,E01012687,0,3
2024622400073,2024,622400073,2,5,0,18,19,6,2,0,0,1,0,0,0,0,1,1,6,6,1,60,9,599,1,16,HONDA CBR,6,W01000774,0,1
2024141514039,2024,141514039,2,3,0,-1,7,7,1,-1,0,1,0,0,0,0,3,1,-1,6,1,30,6,125,1,13,HONDA CBR,3,E01007720,0,1
2024411510439,2024,411510439,2,4,0,-1,19,7,3,-1,0,0,1,0,0,0,4,1,-1,9,2,22,5,471,1,11,HONDA CBR,5,E01021820,0,2
2024631479746,2024,631479746,1,5,0,-1,19,5,1,-1,0,0,0,0,0,0,3,1,-1,9,2,29,6,471,1,1,HONDA CBR,6,W01001195,0,4
2024622400506,2024,622400506,1,5,0,16,19,7,2,0,0,0,1,0,0,0,4,1,6,6,1,21,5,471,1,10,HONDA CBR,1,W01001740,0,2
2024010521493,2024,010521493,1,5,0,99,99,9,9,99,99,9,9,99,9,99,9,1,6,6,1,53,8,649,1,5,HONDA CBR,8,E01004118,0,3
2024991452936,2024,991452936,2,5,0,-1,19,2,6,-1,0,0,0,0,0,0,1,1,-1,6,1,51,8,918,1,27,HONDA CBR,-1,-1,0,-1
2024461424289,2024,461424289,2,3,0,-1,19,1,4,-1,0,1,0,0,0,0,1,1,-1,9,1,31,6,649,1,3,HONDA CBR,6,E01024410,0,3
2024421453588,2024,421453588,1,5,0,-1,19,6,2,-1,0,0,0,0,1,0,1,1,-1,9,1,30,6,999,1,13,HONDA CBR,6,E01002374,0,4
2024631467143,2024,631467143,1,3,0,-1,19,6,2,-1,0,0,0,0,0,0,0,1,-1,9,2,17,4,125,1,7,HONDA CBR,6,W01000584,0,1
2024221529067,2024,221529067,1,5,0,-1,19,3,7,-1,0,0,0,0,0,0,1,1,-1,6,1,29,6,998,1,20,HONDA CBR,1,E01032332,0,2
2024451449643,2024,451449643,1,5,0,-1,19,1,1,-1,0,0,1,0,0,0,1,1,-1,9,1,28,6,649,1,3,HONDA CBR,8,E01030298,0,1
2024302401215,2024,302401215,2,3,0,18,19,6,2,0,0,4,0,0,0,0,2,1,6,6,1,51,8,125,1,10,HONDA CBR,2,E01013588,0,1
2024501438633,2024,501438633,2,4,0,-1,19,2,6,-1,0,0,0,0,0,0,3,1,-1,6,1,19,4,471,1,0,HONDA CBR,3,E01015212,0,4
2024440500465,2024,440500465,1,3,0,18,19,6,2,0,0,8,0,0,0,0,0,1,6,6,1,18,4,125,1,18,HONDA CBR,10,E01022729,0,2
2024421447603,2024,421447603,1,5,0,-1,13,2,6,-1,0,0,0,0,0,0,1,1,-1,9,1,58,9,649,1,4,HONDA CBR,8,E01021433,0,3
2024461490677,2024,461490677,2,5,0,-1,19,6,2,-1,0,1,0,0,7,10,3,1,-1,6,1,56,9,998,1,17,HONDA CBR,5,E01024594,0,1
2024552400919,2024,552400919,1,4,0,13,13,8,4,0,0,1,0,0,7,11,1,1,2,2,1,26,6,471,1,5,HONDA CBR,3,E01015359,0,2
2024471448896,2024,471448896,2,5,0,-1,19,4,8,-1,0,1,5,0,0,0,1,1,-1,1,1,37,7,599,1,20,HONDA CBR,1,E01020995,0,1
2024361498875,2024,361498875,2,3,0,-1,8,2,5,-1,0,0,0,0,0,0,4,1,-1,2,1,17,4,125,1,7,HONDA CBR,8,E01029890,0,4
2024440331521,2024,440331521,1,3,0,6,6,3,3,0,0,8,0,0,0,0,4,1,6,6,2,23,5,125,1,8,HONDA CBR,5,E01023262,0,1
2024461423477,2024,461423477,2,4,0,-1,19,1,5,-1,0,0,0,0,0,0,2,1,-1,9,1,19,4,471,1,3,HONDA CBR,3,E01024620,0,4
2024231418284,2024,231418284,2,5,0,-1,19,4,8,-1,0,8,0,0,0,0,1,1,-1,6,1,44,7,599,1,21,HONDA CBR,5,E01031327,0,1
2024501493684,2024,501493684,1,5,0,-1,19,4,8,-1,9,2,0,0,1,1,4,1,-1,6,1,35,6,599,1,25,HONDA CBR,3,E01015166,0,2
2024471450461,2024,471450461,1,5,0,-1,14,7,3,-1,0,0,0,0,0,0,4,1,-1,9,1,29,6,649,1,5,HONDA CBR,6,E01031807,0,3
2024461421346,2024,461421346,1,5,0,-1,19,7,3,-1,0,0,0,0,0,0,1,1,-1,6,1,54,8,1000,1,8,HONDA CBR,2,E01023974,0,1
2024311505232,2024,311505232,1,3,0,-1,19,3,7,-1,0,0,0,0,0,0,0,1,-1,9,1,55,8,599,1,27,HONDA CBR,4,E01028366,0,1
2024122400865,2024,122400865,2,3,0,18,19,7,3,0,0,1,0,0,0,0,1,1,2,2,1,23,5,125,1,17,HONDA CBR,7,E01013373,0,1
2024411442192,2024,411442192,2,5,0,-1,19,1,5,-1,0,0,5,0,0,0,1,1,-1,6,1,51,8,1000,1,15,HONDA CBR,4,E01001444,0,1
2024320195503,2024,320195503,1,5,0,13,13,7,3,0,0,1,0,0,0,0,1,1,-1,-1,2,40,7,599,1,11,HONDA CBR,2,E01013858,0,4
2024471422608,2024,471422608,1,3,0,-1,13,3,7,-1,0,2,0,0,7,0,1,1,-1,6,1,29,6,125,1,13,HONDA CBR,5,E01021021,0,1
2024221486301,2024,221486301,1,5,0,-1,13,5,1,-1,0,0,0,0,2,10,1,1,-1,6,1,21,5,599,1,24,HONDA CBR,5,E01028834,0,3
2024361430965,2024,361430965,2,5,0,-1,13,6,2,-1,0,1,0,0,0,0,1,1,-1,9,1,27,6,1137,1,22,HONDA CBR,-1,-1,0,-1
2024471479354,2024,471479354,1,5,0,-1,12,6,2,-1,0,0,0,0,0,0,1,1,-1,2,1,34,6,599,1,8,HONDA CBR,10,E01016940,0,1
2024332400723,2024,332400723,2,5,0,-1,19,3,7,-1,0,0,0,0,0,0,1,1,-1,6,1,22,5,649,1,9,HONDA CBR,8,E01025913,0,1
2024221500877,2024,221500877,2,5,0,-1,19,4,7,-1,0,8,1,0,0,0,1,1,-1,6,1,48,8,998,1,6,HONDA CBR,10,E01009808,0,3
2024451462121,2024,451462121,2,5,0,-1,15,6,2,-1,0,0,0,0,0,0,1,1,-1,1,1,28,6,599,1,24,HONDA CBR,9,E01030932,0,2
202454B421824,2024,54B421824,1,3,0,17,19,7,3,0,0,0,2,0,1,0,1,1,2,2,1,17,4,125,1,8,HONDA CBR,6,E01034549,0,3
2024221479898,2024,221479898,2,3,0,-1,13,6,1,-1,0,3,0,0,0,0,4,1,-1,6,1,36,7,125,1,20,HONDA CBR,4,E01014209,0,1
2024991439398,2024,991439398,3,4,0,-1,19,3,7,-1,0,1,0,0,0,0,4,1,-1,9,1,20,4,471,1,1,HONDA CBR,4,-1,0,4
2024361450871,2024,361450871,1,4,0,-1,19,8,4,-1,0,1,0,0,0,0,1,1,-1,9,1,17,4,125,1,20,HONDA CBR,5,E01026529,0,1
2024531463837,2024,531463837,4,4,0,-1,2,0,0,-1,0,0,0,0,0,0,4,1,-1,6,-1,-1,-1,249,1,13,HONDA CBR,-1,-1,0,-1
2024631469957,2024,631469957,1,5,0,-1,19,7,3,-1,0,0,0,0,0,0,3,1,-1,9,1,25,5,599,1,26,HONDA CBR,2,E01014185,0,4
2024351411941,2024,351411941,1,5,0,-1,19,3,7,-1,0,0,0,11,0,0,3,1,-1,6,1,42,7,599,1,22,HONDA CBR,4,E01015630,0,1
2024122400992,2024,122400992,2,5,0,18,19,8,4,0,0,5,0,0,0,0,4,1,6,6,1,46,8,998,1,20,HONDA CBR,1,E01012601,0,4
2024622400319,2024,622400319,1,5,0,18,19,4,8,0,0,0,0,0,0,0,1,1,6,6,1,47,8,999,1,12,HONDA CBR,4,W01001330,0,3
2024041398380,2024,041398380,2,3,0,-1,19,5,1,-1,0,1,5,0,0,0,4,1,-1,1,1,33,6,125,1,9,HONDA CBR,1,E01025156,0,1
2024430478318,2024,430478318,1,4,0,18,19,2,6,0,0,0,0,0,7,9,1,1,6,6,1,23,5,471,1,4,HONDA CBR,9,E01031841,0,2
2024430425901,2024,430425901,1,5,0,18,19,2,7,0,0,8,0,0,0,0,1,1,6,6,1,40,7,998,1,18,HONDA CBR,10,E01022608,0,4
2024061472561,2024,061472561,1,4,0,-1,19,1,5,-1,0,8,0,0,0,0,1,1,-1,9,1,24,5,471,1,4,HONDA CBR,1,E01005075,0,1
2024010509887,2024,010509887,2,5,0,18,19,3,7,0,0,0,1,10,1,10,1,1,6,6,1,19,4,649,1,8,HONDA CBR,-1,-1,0,-1
2024552400920,2024,552400920,2,3,0,9,9,1,7,0,0,8,0,0,0,0,4,1,6,6,2,19,4,125,1,10,HONDA CBR,5,E01015301,0,1
2024141451715,2024,141451715,2,5,0,-1,19,4,7,-1,0,1,0,0,0,0,3,1,-1,9,1,23,5,599,1,21,HONDA CBR,1,E01007341,0,1
2024320249462,2024,320249462,2,5,0,-1,-1,1,5,0,0,8,0,0,0,0,1,1,-1,-1,1,62,9,559,1,17,HONDA CBR,-1,-1,0,-1
2024461490284,2024,461490284,1,5,0,-1,19,5,2,-1,9,6,0,10,1,11,1,1,-1,6,1,53,8,929,1,24,HONDA CBR,2,E01016046,0,1
2024010510098,2024,010510098,1,5,9,99,99,9,9,99,99,9,9,99,9,99,9,1,6,6,1,38,7,599,1,13,HONDA CBR,3,E01003593,0,1
2024421490730,2024,421490730,2,3,0,-1,5,7,3,-1,0,4,1,0,0,0,0,1,-1,6,1,24,5,125,1,16,HONDA CBR,3,E01015902,0,1
2024010545763,2024,010545763,1,5,0,14,14,7,3,0,0,1,0,0,0,0,1,1,2,2,1,36,7,649,1,3,HONDA CBR,5,E01015972,0,4
2024141425062,2024,141425062,1,5,0,-1,13,1,5,-1,0,0,0,0,1,9,1,1,-1,9,1,62,9,929,1,24,HONDA CBR,3,E01007571,0,1
2024421509229,2024,421509229,1,5,0,-1,19,1,7,-1,0,0,1,0,7,0,3,1,-1,9,1,40,7,1000,1,15,HONDA CBR,3,E01003584,0,4
2024440217106,2024,440217106,1,5,0,16,19,5,8,0,0,0,0,0,0,0,3,1,6,6,1,24,5,599,1,11,HONDA CBR,-1,-1,0,-1
2024111414489,2024,111414489,2,3,0,-1,19,5,1,-1,0,1,0,0,0,0,4,1,-1,6,1,20,4,125,1,9,HONDA CBR,3,E01008742,0,2
2024201456844,2024,201456844,1,5,0,-1,19,1,5,-1,0,0,0,0,0,0,1,1,-1,6,1,31,6,998,1,19,HONDA CBR,2,E01009872,0,1
2024531455096,2024,531455096,1,3,0,-1,13,3,7,-1,0,1,0,0,0,0,1,1,-1,6,2,21,5,124,1,19,HONDA CBR,9,E01022453,0,3
2024361508117,2024,361508117,2,5,0,-1,8,7,2,-1,0,1,5,0,0,0,2,1,-1,9,1,77,11,1137,1,25,HONDA CBR,6,E01026773,0,4
2024320636205,2024,320636205,1,4,0,-1,-1,3,8,0,0,2,2,0,0,0,3,1,-1,-1,1,17,4,125,1,8,HONDA CBR,-1,-1,0,-1
2024451463409,2024,451463409,1,4,0,-1,13,2,4,-1,0,1,0,0,0,0,4,1,-1,2,1,20,4,471,1,5,HONDA CBR,9,E01030947,0,2
2024070001125,2024,070001125,1,3,0,-1,13,1,5,-1,0,8,1,0,0,0,4,1,-1,6,1,19,4,649,1,4,HONDA CBR,8,E01018458,0,1
2024411469685,2024,411469685,1,5,0,-1,15,1,5,-1,0,8,0,0,0,0,1,1,-1,6,1,21,5,599,1,19,HONDA CBR,5,E01023786,0,1
2024552400283,2024,552400283,2,5,0,18,19,4,8,0,0,8,0,0,0,0,1,1,6,6,2,24,5,599,1,17,HONDA CBR,3,E01015415,0,1
2024501495920,2024,501495920,1,5,0,-1,19,4,8,-1,0,8,2,10,8,0,1,1,-1,2,1,50,8,1000,1,16,HONDA CBR,3,E01034172,0,4
2024010542303,2024,010542303,1,5,0,18,19,1,5,0,0,8,0,0,0,0,4,1,6,6,1,36,7,599,1,13,HONDA CBR,9,E01002976,0,1
2024501489664,2024,501489664,1,5,0,-1,13,2,6,-1,0,0,1,0,0,0,1,1,-1,9,1,22,5,649,1,5,HONDA CBR,1,E01018868,0,3
2024411499544,2024,411499544,1,3,0,-1,19,1,5,-1,0,0,1,10,3,2,4,1,-1,6,1,34,6,125,1,12,HONDA CBR,6,E01023340,0,1
2024010509884,2024,010509884,1,5,0,18,19,7,3,0,0,0,0,0,0,0,1,1,6,6,1,33,6,599,1,19,HONDA CBR,3,E01001480,0,1
2024010509409,2024,010509409,1,5,0,13,13,6,2,0,0,1,0,0,0,0,1,1,6,6,1,52,8,999,1,15,HONDA CBR,10,E01030922,0,4
2024991480964,2024,991480964,2,5,0,-1,19,7,3,-1,0,0,0,0,0,0,1,1,-1,9,1,42,7,998,1,17,HONDA CBR,4,-1,0,1
2024221407767,2024,221407767,1,3,0,-1,19,5,1,-1,0,8,0,0,0,0,1,1,-1,2,1,18,4,125,1,17,HONDA CBR,4,E01032370,0,1
2024010512205,2024,010512205,2,5,0,18,19,7,3,2,2,8,0,0,0,0,3,1,6,6,1,26,6,599,1,11,HONDA CBR,8,E01000117,0,2
2024010518132,2024,010518132,1,5,0,18,19,3,7,0,0,1,2,0,7,11,3,1,6,6,1,21,5,649,1,9,HONDA CBR,-1,-1,0,-1
2024361487743,2024,361487743,2,5,0,-1,1,7,8,-1,0,0,1,0,0,0,1,1,-1,2,1,45,7,599,1,15,HONDA CBR,6,E01026462,0,1
2024010523200,2024,010523200,2,5,0,18,19,2,6,0,0,1,0,0,0,0,1,1,6,6,1,33,6,998,1,6,HONDA CBR,-1,-1,0,-1
2024311417347,2024,311417347,1,5,0,-1,20,7,3,-1,0,0,1,0,0,0,1,1,-1,6,1,60,9,998,1,5,HONDA CBR,4,E01027975,0,1
2024010518886,2024,010518886,1,3,0,99,99,9,9,99,99,9,9,99,9,99,9,1,2,2,1,19,4,649,1,9,HONDA CBR,6,E01000265,0,1
2024631511532,2024,631511532,1,5,0,-1,19,4,8,-1,0,0,0,0,1,7,4,1,-1,6,1,29,6,998,1,20,HONDA CBR,9,W01000580,0,3
2024461406157,2024,461406157,1,3,0,-1,19,3,7,-1,0,6,1,0,0,0,3,1,-1,9,1,34,6,599,1,15,HONDA CBR,2,E01034476,0,4
2024451465605,2024,451465605,1,3,0,-1,19,1,5,-1,0,0,1,0,0,0,4,1,-1,9,1,20,4,125,1,18,HONDA CBR,8,E01030835,0,1
2024010535677,2024,010535677,2,5,0,18,19,3,7,99,99,9,9,99,9,99,1,1,6,6,1,28,6,599,1,16,HONDA CBR,4,E01003127,0,2
2024546887924,2024,546887924,1,3,0,4,4,7,2,0,0,0,1,0,0,0,3,1,1,1,1,19,4,124,1,17,HONDA CBR,6,E01032030,0,1
2024411421005,2024,411421005,2,5,0,-1,19,8,3,-1,0,0,0,0,0,0,1,1,-1,6,2,55,8,649,1,1,HONDA CBR,5,E01017440,0,3
2024610051224,2024,610051224,1,5,0,18,19,2,6,0,0,1,1,0,0,0,1,1,6,6,1,35,6,599,1,21,HONDA CBR,1,W01001659,0,1
2024010537091,2024,010537091,1,4,0,18,19,7,3,0,0,8,1,0,0,0,0,1,6,6,1,24,5,471,1,3,HONDA CBR,4,E01023574,0,3
2024991459034,2024,991459034,1,5,0,-1,13,4,1,-1,0,1,0,0,0,0,1,1,-1,9,1,60,9,1137,1,23,HONDA CBR,2,-1,0,4
2024421467727,2024,421467727,2,5,0,-1,19,1,5,-1,0,0,0,0,0,0,1,1,-1,9,1,24,5,1000,1,16,HONDA CBR,6,E01021730,0,2