collision_index,collision_year,collision_ref_no,vehicle_reference,vehicle_type,towing_and_articulation,vehicle_manoeuvre_historic,vehicle_manoeuvre,vehicle_direction_from,vehicle_direction_to,vehicle_location_restricted_lane_historic,vehicle_location_restricted_lane,junction_location,skidding_and_overturning,hit_object_in_carriageway,vehicle_leaving_carriageway,hit_object_off_carriageway,first_point_of_impact,vehicle_left_hand_drive,journey_purpose_of_driver_historic,journey_purpose_of_driver,sex_of_driver,age_of_driver,age_band_of_driver,engine_capacity_cc,propulsion_code,age_of_vehicle,generic_make_model,driver_imd_decile,lsoa_of_driver,escooter_flag,driver_distance_banding
2024311512606,2024,311512606,2,3,0,-1,19,1,5,-1,0,3,1,0,1,0,2,1,-1,6,1,17,4,125,1,9,HONDA CBR,-1,-1,0,-1
2024451442001,2024,451442001,1,4,0,-1,19,3,7,-1,0,0,5,0,0,0,1,1,-1,2,1,23,5,471,1,0,HONDA CBR,7,E01023098,0,2
2024991437956,2024,991437956,1,5,0,-1,19,7,3,-1,0,0,2,0,7,0,1,1,-1,6,1,44,7,999,1,12,HONDA CBR,2,-1,0,1
2024320463446,2024,320463446,1,2,0,-1,-1,8,4,0,0,0,5,0,0,0,4,1,-1,-1,1,20,4,599,1,24,HONDA CBR,2,E01026172,0,1
2024371471870,2024,371471870,1,3,0,-1,19,3,7,-1,0,0,1,0,0,0,1,1,-1,9,2,18,4,125,1,12,HONDA CBR,2,E01029987,0,1
2024531494598,2024,531494598,1,5,0,-1,19,4,8,-1,0,0,5,12,0,0,1,1,-1,9,1,53,8,599,1,19,HONDA CBR,10,E01016664,0,5
2024211495426,2024,211495426,1,5,0,-1,6,6,2,-1,0,1,5,4,0,0,3,1,-1,1,1,40,7,1137,1,19,HONDA CBR,7,E01029695,0,2
2024302401445,2024,302401445,2,3,0,18,19,3,7,0,0,8,0,0,0,0,1,1,3,7,1,20,4,125,1,12,HONDA CBR,7,E01028085,0,1
2024122400636,2024,122400636,1,3,0,18,19,1,5,0,0,0,0,0,7,0,1,1,6,6,1,57,9,649,1,5,HONDA CBR,8,E01011406,0,4
2024332400314,2024,332400314,1,3,0,-1,13,1,5,-1,0,8,0,0,0,0,1,1,-1,6,1,40,7,125,1,17,HONDA CBR,7,E01013712,0,1
2024461502714,2024,461502714,1,5,0,-1,19,6,2,-1,0,1,0,10,1,2,1,1,-1,9,1,19,4,649,1,3,HONDA CBR,8,E01016096,0,2
2024071078223,2024,071078223,1,3,0,-1,19,7,3,-1,0,0,1,7,0,0,1,1,-1,9,1,57,9,125,1,9,HONDA CBR,2,E01018523,0,1
2024320400684,2024,320400684,2,4,0,-1,-1,6,2,0,0,8,2,0,0,0,1,1,-1,-1,1,21,5,471,1,4,HONDA CBR,7,E01026153,0,1
2024610046024,2024,610046024,1,3,0,18,19,5,1,0,0,1,0,4,0,0,1,1,6,6,1,17,4,125,1,6,HONDA CBR,3,W01001516,0,1
2024471395279,2024,471395279,1,5,0,-1,9,1,7,-1,0,1,0,0,0,0,4,1,-1,9,2,38,7,1000,1,16,HONDA CBR,5,E01016986,0,1
2024471475417,2024,471475417,1,4,0,-1,19,5,1,-1,0,0,0,10,1,0,4,1,-1,2,1,38,7,471,1,11,HONDA CBR,8,E01021055,0,1
2024471427107,2024,471427107,2,5,0,-1,13,3,7,-1,0,0,1,0,1,0,1,1,-1,6,2,29,6,599,1,21,HONDA CBR,5,E01021100,0,4
2024421467640,2024,421467640,2,5,0,-1,19,5,1,-1,0,8,0,0,0,0,1,1,-1,6,1,20,4,471,1,10,HONDA CBR,5,E01015901,0,1
2024501417973,2024,501417973,2,4,0,-1,19,5,8,-1,0,8,0,0,0,0,1,1,-1,1,1,38,7,471,1,8,HONDA CBR,4,E01015269,0,1
2024430326278,2024,430326278,1,5,0,13,13,5,1,0,0,0,0,0,0,0,1,1,1,1,1,37,7,1137,1,25,HONDA CBR,10,E01016349,0,1
2024440452526,2024,440452526,2,3,0,5,5,6,2,0,0,0,0,0,0,0,2,1,6,6,1,19,4,125,1,19,HONDA CBR,1,E01017102,0,2
2024401405458,2024,401405458,2,5,0,-1,19,1,5,-1,0,8,0,0,0,0,4,1,-1,1,1,40,7,599,1,8,HONDA CBR,4,E01017522,0,1
2024451415939,2024,451415939,2,5,0,-1,19,5,1,-1,0,1,2,0,0,0,1,1,-1,2,2,48,8,599,1,14,HONDA CBR,6,E01030424,0,3
2024161416644,2024,161416644,1,5,0,-1,7,8,2,-1,0,1,1,0,0,0,0,1,-1,9,1,41,7,649,1,10,HONDA CBR,5,E01013267,0,1
2024421431703,2024,421431703,3,3,0,-1,3,4,7,-1,0,1,5,0,7,0,4,1,-1,6,2,19,4,125,1,9,HONDA CBR,9,E01016147,0,3
2024991483483,2024,991483483,2,4,0,-1,12,5,8,-1,0,1,0,0,0,0,3,1,-1,9,1,73,10,249,1,12,HONDA CBR,9,-1,0,1
2024010545585,2024,010545585,1,5,0,18,19,5,1,0,0,1,2,11,0,0,1,1,6,6,1,34,6,599,1,14,HONDA CBR,3,E01001764,0,1
2024221483920,2024,221483920,2,5,0,-1,19,2,6,-1,0,8,0,0,0,0,1,1,-1,1,1,20,4,649,1,5,HONDA CBR,-1,-1,0,-1
2024631431454,2024,631431454,1,5,0,-1,19,8,4,-1,0,0,0,0,2,10,0,1,-1,9,1,51,8,918,1,23,HONDA CBR,1,W01001202,0,4
2024010523252,2024,010523252,1,5,0,99,99,9,9,99,99,9,9,99,9,99,9,1,2,2,1,46,8,649,1,9,HONDA CBR,4,E01000980,0,1
2024311461838,2024,311461838,1,5,0,-1,19,7,3,-1,0,0,0,0,1,0,4,1,-1,9,1,54,8,998,1,18,HONDA CBR,6,E01007526,0,3
2024361477809,2024,361477809,1,4,0,-1,19,7,4,-1,0,0,0,0,0,0,1,1,-1,9,1,25,5,471,1,8,HONDA CBR,9,E01017655,0,5
2024010545604,2024,010545604,1,3,0,9,9,7,6,0,0,8,0,0,0,0,4,1,6,6,1,20,4,125,1,10,HONDA CBR,9,E01001379,0,2
2024471407784,2024,471407784,2,4,0,-1,7,5,4,-1,0,1,0,0,0,0,1,1,-1,2,1,22,5,471,1,5,HONDA CBR,10,E01031758,0,1
2024332400336,2024,332400336,2,5,0,-1,19,7,3,-1,0,8,0,0,0,0,1,1,-1,9,1,24,5,918,1,26,HONDA CBR,5,E01025865,0,1
2024471411288,2024,471411288,2,5,0,-1,19,1,5,-1,0,0,2,0,0,0,3,1,-1,6,1,31,6,599,1,23,HONDA CBR,6,E01016953,0,4
2024161462531,2024,161462531,1,5,0,-1,13,8,4,-1,0,0,1,0,7,9,1,1,-1,6,1,55,8,999,1,15,HONDA CBR,3,E01012759,0,3
2024631488145,2024,631488145,1,5,0,-1,19,1,5,-1,0,0,1,10,0,0,3,1,-1,9,1,41,7,999,1,11,HONDA CBR,6,E01002223,0,5
2024361474640,2024,361474640,2,3,-1,-1,4,-1,-1,-1,0,0,0,0,0,0,1,1,-1,6,1,17,4,125,1,11,HONDA CBR,7,E01026547,0,1
2024010535147,2024,010535147,2,3,0,99,99,9,9,99,99,9,9,99,9,99,9,1,6,6,3,41,7,998,1,18,HONDA CBR,7,E01000391,0,3
2024161397791,2024,161397791,1,3,0,-1,4,2,7,-1,0,0,2,4,0,0,1,1,-1,6,2,22,5,125,1,10,HONDA CBR,1,E01013279,0,1
2024010524388,2024,010524388,1,5,0,18,19,3,7,0,0,5,0,0,0,0,0,1,6,6,3,23,5,471,1,5,HONDA CBR,-1,-1,0,-1
2024010525777,2024,010525777,1,5,0,7,7,7,1,0,0,3,0,10,4,0,1,1,2,2,1,47,8,649,1,0,HONDA CBR,5,E01000747,0,1
2024010542590,2024,010542590,1,4,0,18,19,8,4,0,0,1,0,0,0,0,0,1,2,2,1,23,5,471,1,6,HONDA CBR,9,E01000754,0,4
2024531503237,2024,531503237,1,3,0,-1,19,3,7,-1,0,2,0,0,1,11,1,1,-1,9,1,25,5,125,1,12,HONDA CBR,7,E01022445,0,3
2024421469747,2024,421469747,2,5,0,-1,4,6,2,-1,2,0,0,0,0,0,3,1,-1,9,1,27,6,599,1,12,HONDA CBR,7,E01021540,0,1
202460Q174182,2024,60Q174182,2,3,0,18,19,1,5,0,0,1,1,0,0,0,0,1,6,6,1,17,4,125,1,19,HONDA CBR,-1,-1,0,-1
2024010548152,2024,010548152,2,5,0,13,13,5,1,0,0,1,0,0,0,0,4,1,6,6,1,43,7,599,1,22,HONDA CBR,9,E01023466,0,4
2024421485074,2024,421485074,1,4,0,-1,13,1,5,-1,0,1,0,0,0,0,1,1,-1,6,1,39,7,998,1,17,HONDA CBR,10,E01021781,0,1
2024991458114,2024,991458114,1,4,0,-1,19,5,1,-1,0,4,2,7,1,2,1,1,-1,9,1,54,8,929,1,23,HONDA CBR,5,E01019202,0,5
2024622400282,2024,622400282,2,3,0,18,19,2,6,0,0,8,0,0,0,0,3,1,6,6,1,17,4,125,1,9,HONDA CBR,9,W01000828,0,1
2024010529939,2024,010529939,1,5,0,18,19,5,1,2,2,2,0,0,0,0,3,1,6,6,1,39,7,599,1,13,HONDA CBR,7,E01001313,0,3
2024461473753,2024,461473753,2,4,0,-1,19,4,8,-1,0,0,0,0,0,0,1,1,-1,2,1,22,5,471,1,2,HONDA CBR,6,E01024314,0,1
2024211433813,2024,211433813,1,5,0,-1,10,3,7,-1,0,1,0,0,0,0,3,1,-1,6,1,54,8,998,1,18,HONDA CBR,2,E01014279,0,1
2024461489737,2024,461489737,1,3,0,-1,19,1,5,-1,0,3,1,0,0,0,3,1,-1,6,1,21,5,125,1,8,HONDA CBR,2,E01033212,0,1
2024471529787,2024,471529787,2,3,0,-1,13,8,4,-1,0,1,0,0,0,0,1,1,-1,6,1,17,4,125,1,12,HONDA CBR,10,E01031696,0,1
2024461499021,2024,461499021,1,3,0,-1,19,5,1,-1,0,0,5,0,0,0,1,1,-1,9,1,19,4,125,1,6,HONDA CBR,7,E01024242,0,3
2024631454978,2024,631454978,1,5,0,-1,19,6,2,-1,0,0,1,0,7,10,1,1,-1,6,1,60,9,599,1,22,HONDA CBR,8,W01000694,0,4
2024010504493,2024,010504493,2,5,0,18,19,7,3,0,0,8,0,0,0,0,1,1,6,6,1,55,8,998,1,19,HONDA CBR,-1,-1,0,-1
2024141450933,2024,141450933,1,5,0,-1,4,6,8,-1,0,1,1,0,0,0,1,1,-1,9,1,57,9,918,1,25,HONDA CBR,1,E01007730,0,2
2024010549548,2024,010549548,1,5,0,99,99,9,9,99,99,9,9,99,9,99,9,1,6,6,1,25,5,649,1,7,HONDA CBR,4,E01004393,0,1
2024070908449,2024,070908449,1,5,0,-1,19,3,7,-1,0,1,1,0,1,7,1,1,-1,6,1,23,5,599,1,26,HONDA CBR,3,E01018454,0,2
2024471439745,2024,471439745,2,5,0,-1,4,1,5,-1,0,4,0,0,0,0,2,1,-1,2,1,23,5,1137,1,26,HONDA CBR,4,E01021011,0,4
2024501495726,2024,501495726,1,3,0,-1,19,7,3,-1,0,0,1,0,0,0,1,1,-1,6,1,17,4,125,1,12,HONDA CBR,7,E01018800,0,3
2024471478678,2024,471478678,2,5,0,-1,19,1,5,-1,0,1,1,0,0,0,3,1,-1,9,1,44,7,918,1,26,HONDA CBR,9,E01017912,0,4
2024430172379,2024,430172379,2,4,4,13,13,4,8,0,0,1,0,0,0,0,1,1,6,6,2,50,8,471,1,10,HONDA CBR,10,E01032948,0,3
2024131497054,2024,131497054,1,5,0,-1,19,1,5,-1,0,2,5,0,0,0,1,1,-1,9,1,51,8,1137,1,27,HONDA CBR,2,E01032492,0,1
2024552400872,2024,552400872,2,3,0,18,19,6,2,0,0,8,0,0,7,11,1,1,6,6,1,18,4,125,1,11,HONDA CBR,5,E01020410,0,1
2024991497215,2024,991497215,2,5,0,-1,19,8,4,-1,0,4,0,0,0,0,3,1,-1,6,1,26,6,599,1,19,HONDA CBR,-1,-1,0,-1
2024351405162,2024,351405162,1,3,0,-1,19,6,2,-1,0,8,1,0,1,0,4,1,-1,9,2,17,4,125,1,11,HONDA CBR,10,E01018007,0,2
2024070731564,2024,070731564,1,5,0,-1,13,4,2,-1,0,0,0,0,0,0,3,1,-1,2,1,38,7,649,1,2,HONDA CBR,8,E01018342,0,1
2024052400724,2024,052400724,1,5,0,18,19,7,3,0,0,0,1,0,0,0,1,1,6,6,1,22,5,998,1,18,HONDA CBR,1,E01006643,0,2
2024041455281,2024,041455281,1,5,0,-1,13,1,5,-1,0,0,0,0,0,0,1,1,-1,2,1,25,5,649,1,4,HONDA CBR,3,E01024952,0,1
2024461530399,2024,461530399,1,5,0,-1,19,7,2,-1,0,3,1,0,0,0,1,1,-1,6,1,51,8,998,1,20,HONDA CBR,1,E01024616,0,2
2024991509895,2024,991509895,2,3,0,-1,19,2,5,-1,0,1,0,0,0,0,1,1,-1,6,1,20,4,125,1,7,HONDA CBR,5,-1,0,1
2024340WN5482,2024,340WN5482,2,5,0,-1,5,1,6,-1,0,3,0,0,0,0,2,1,-1,9,1,27,6,471,1,7,HONDA CBR,2,E01027156,0,1
2024302401180,2024,302401180,1,5,0,13,13,1,5,0,0,0,0,0,0,0,1,1,6,6,1,28,6,599,1,22,HONDA CBR,1,E01007406,0,4
2024622400314,2024,622400314,1,4,0,18,19,4,8,0,0,0,0,0,0,0,1,1,6,6,1,52,8,471,1,1,HONDA CMX 500,2,W01001067,0,1
2024320441757,2024,320441757,1,4,0,-1,-1,8,2,0,0,0,5,0,1,0,1,1,6,6,2,72,10,471,1,4,HONDA CMX 500,1,E01026074,0,4
2024340WN3342,2024,340WN3342,1,4,0,-1,-1,7,3,-1,0,5,0,0,0,0,4,1,-1,6,1,87,11,471,1,4,HONDA CMX 500,6,E01031178,0,3
2024610022724,2024,610022724,2,4,0,18,19,5,1,0,0,8,0,0,3,1,4,1,6,6,1,36,7,471,1,3,HONDA CMX 500,2,W01001529,0,2
2024361453044,2024,361453044,1,4,0,-1,7,5,7,-1,0,1,5,0,0,0,1,1,-1,9,2,61,9,471,1,7,HONDA CMX 500,7,E01026673,0,1
2024010531619,2024,010531619,2,4,0,4,4,1,5,0,0,1,0,0,0,0,2,1,6,6,2,31,6,471,1,4,HONDA CMX 500,3,E01002056,0,2
2024332401193,2024,332401193,1,4,0,-1,19,6,2,-1,0,8,0,0,0,0,4,1,-1,2,2,34,6,471,1,6,HONDA CMX 500,8,E01033102,0,2
2024991480929,2024,991480929,1,4,0,-1,19,1,5,-1,0,0,0,0,0,0,1,1,-1,6,1,72,10,471,1,2,HONDA CMX 500,-1,-1,0,-1
2024461477490,2024,461477490,2,4,0,-1,19,5,1,-1,0,8,5,0,0,0,3,1,-1,6,1,31,6,471,1,0,HONDA CMX 500,6,E01024367,0,1
2024411471570,2024,411471570,1,3,0,-1,19,1,5,-1,0,2,5,0,0,0,1,1,-1,9,1,23,5,471,1,3,HONDA CMX 500,6,E01023388,0,4
2024451395676,2024,451395676,1,4,0,-1,13,3,7,-1,0,1,5,0,7,0,4,1,-1,6,1,57,9,471,1,2,HONDA CMX 500,6,E01002957,0,4
2024471518357,2024,471518357,1,4,0,-1,19,3,7,-1,0,0,0,0,0,0,1,1,-1,2,1,22,5,471,1,7,HONDA CMX 500,3,E01016926,0,2
2024520402561,2024,520402561,2,5,0,18,19,8,4,0,0,0,0,0,0,0,1,1,6,6,1,71,10,471,1,6,HONDA CMX 500,5,E01029167,0,1
2024471497406,2024,471497406,1,4,0,-1,5,6,3,-1,0,0,0,0,0,0,3,1,-1,9,1,29,6,471,1,2,HONDA CMX 500,10,E01031592,0,1
2024451426735,2024,451426735,2,4,0,-1,7,5,1,-1,0,0,1,0,0,0,3,1,-1,9,1,20,4,471,1,5,HONDA CMX 500,6,E01030516,0,1
2024052400439,2024,052400439,2,4,0,18,19,5,1,0,0,8,0,0,0,0,2,1,6,6,1,32,6,1084,1,3,MAKE AND MODEL REDACTED,1,E01033794,0,2
2024010533189,2024,010533189,2,5,0,18,19,1,5,0,0,1,0,0,0,0,1,1,6,6,1,33,6,1084,1,0,MAKE AND MODEL REDACTED,8,E01023109,0,4
2024131448061,2024,131448061,2,5,0,-1,19,4,8,-1,0,0,0,0,0,0,1,1,-1,6,2,49,8,1084,1,1,MAKE AND MODEL REDACTED,5,E01007698,0,4
2024302401214,2024,302401214,2,5,0,3,3,5,1,0,0,4,0,0,0,0,1,1,6,6,2,46,8,1084,1,3,MAKE AND MODEL REDACTED,9,E01007752,0,2
2024221489370,2024,221489370,1,5,0,-1,19,5,1,-1,0,0,1,0,1,10,1,1,-1,9,2,50,8,1084,1,2,MAKE AND MODEL REDACTED,4,E01032104,0,4
2024201444232,2024,201444232,2,5,0,-1,19,7,4,-1,0,0,0,0,0,0,4,1,-1,9,2,30,6,1084,1,2,MAKE AND MODEL REDACTED,1,E01010450,0,3
2024461514686,2024,461514686,1,5,0,-1,19,7,3,-1,0,1,1,10,0,0,3,1,-1,9,1,42,7,1084,1,1,MAKE AND MODEL REDACTED,5,E01016130,0,1
2024010526854,2024,010526854,1,5,0,18,19,1,5,0,0,0,0,0,0,0,1,1,2,2,1,35,6,1084,1,1,MAKE AND MODEL REDACTED,5,E01023331,0,3
2024052401300,2024,052401300,2,19,0,18,19,1,5,0,0,8,5,0,0,0,4,1,1,1,1,54,8,2999,2,21,MAKE AND MODEL REDACTED,4,E01006954,0,4
2024311404553,2024,311404553,2,2,0,-1,19,4,4,-1,0,1,0,0,0,0,4,1,-1,1,1,34,6,49,1,4,MAKE AND MODEL REDACTED,-1,-1,0,-1
2024211456219,2024,211456219,2,2,0,-1,19,2,6,-1,0,8,0,0,0,0,1,1,-1,6,1,17,4,49,1,4,MAKE AND MODEL REDACTED,2,E01014252,0,1
2024010544959,2024,010544959,3,9,0,2,2,0,0,0,0,0,0,0,0,0,2,2,6,6,3,-1,-1,3498,1,19,MAKE AND MODEL REDACTED,-1,-1,0,-1
2024542467924,2024,542467924,1,9,0,5,5,8,4,0,0,2,0,0,0,0,1,1,6,6,1,52,8,3498,1,15,MAKE AND MODEL REDACTED,4,E01032113,0,1
2024131403551,2024,131403551,1,9,0,-1,19,5,1,-1,0,0,0,0,0,0,1,1,-1,6,1,68,10,1769,1,18,MAKE AND MODEL REDACTED,1,E01011029,0,1
2024061525770,2024,061525770,2,9,0,-1,19,1,5,-1,0,1,0,0,0,0,1,1,-1,9,1,79,11,1769,1,21,MAKE AND MODEL REDACTED,-1,-1,0,-1
2024010547868,2024,010547868,2,9,0,9,9,3,1,0,0,8,0,0,0,0,1,1,2,2,1,45,7,1769,1,20,MAKE AND MODEL REDACTED,8,E01027022,0,5
2024471527717,2024,471527717,1,9,0,-1,19,1,4,-1,0,1,0,0,0,0,1,1,-1,6,1,33,6,2184,2,22,MAKE AND MODEL REDACTED,3,E01031444,0,1
2024622400571,2024,622400571,1,9,0,16,19,2,6,0,0,1,1,0,1,0,3,1,6,6,1,21,5,1998,1,26,MAKE AND MODEL REDACTED,5,W01001718,0,1
2024010549147,2024,010549147,1,9,0,18,19,7,3,0,0,1,0,0,8,1,1,1,6,6,1,41,7,1769,1,22,MAKE AND MODEL REDACTED,5,E01003494,0,1
2024411479045,2024,411479045,1,9,-1,-1,-1,-1,-1,-1,-1,4,0,0,0,0,1,9,-1,6,3,-1,-1,1769,1,19,MAKE AND MODEL REDACTED,-1,-1,0,-1
2024031513864,2024,031513864,1,9,0,-1,1,1,5,-1,0,1,0,0,0,0,2,1,-1,6,1,68,10,1769,1,20,MAKE AND MODEL REDACTED,6,E01019088,0,1
2024631465029,2024,631465029,2,8,0,-1,4,1,5,-1,0,1,0,0,0,0,2,1,-1,1,1,59,9,1997,2,8,MAKE AND MODEL REDACTED,3,W01000695,0,1
2024471459100,2024,471459100,2,9,0,-1,5,5,1,-1,0,4,0,0,1,0,1,2,-1,1,1,54,8,1997,2,8,MAKE AND MODEL REDACTED,5,E01031565,0,2
2024010508043,2024,010508043,2,9,0,5,5,1,5,0,0,1,0,0,0,0,4,1,6,6,1,66,10,1997,2,10,MAKE AND MODEL REDACTED,2,E01003325,0,1
2024211467025,2024,211467025,2,8,0,-1,5,3,3,-1,0,1,0,0,0,0,1,1,-1,1,1,39,7,1997,2,9,MAKE AND MODEL REDACTED,-1,-1,0,-1
2024471485225,2024,471485225,2,8,0,-1,4,3,7,-1,0,1,0,0,0,0,2,1,-1,9,1,50,8,1997,2,8,MAKE AND MODEL REDACTED,2,E01017011,0,1
2024991407255,2024,991407255,2,8,0,-1,19,6,3,-1,0,0,0,0,1,4,3,1,-1,1,1,67,10,1997,2,10,MAKE AND MODEL REDACTED,7,-1,0,3
2024552400340,2024,552400340,1,3,0,18,19,3,7,0,0,0,0,12,0,0,0,1,6,6,1,66,10,459,1,19,MAKE AND MODEL REDACTED,3,E01029233,0,1
2024010497462,2024,010497462,1,4,0,18,19,7,3,0,0,0,0,0,0,0,0,1,6,6,1,35,6,459,1,21,MAKE AND MODEL REDACTED,-1,-1,0,-1
2024041412354,2024,041412354,2,4,0,-1,19,7,3,-1,0,1,0,0,0,0,1,1,-1,6,1,20,4,244,1,19,MAKE AND MODEL REDACTED,2,E01025075,0,1
2024141453443,2024,141453443,1,9,0,-1,19,6,3,-1,0,5,0,10,1,11,1,1,-1,6,1,23,5,1968,2,15,SEAT EXEO,-1,-1,0,-1
2024552400810,2024,552400810,2,9,0,18,19,2,6,0,0,0,0,0,0,0,1,1,6,6,1,50,8,1968,2,13,SEAT EXEO,7,E01020477,0,4
2024991467007,2024,991467007,1,9,0,-1,19,1,5,-1,0,0,1,0,7,11,1,1,-1,6,1,47,8,1968,2,13,SEAT EXEO,9,-1,0,2
2024461438685,2024,461438685,1,9,0,-1,19,3,5,-1,0,1,0,0,0,0,1,9,-1,6,3,-1,-1,1968,2,13,SEAT EXEO,-1,-1,0,-1
2024141497922,2024,141497922,1,9,0,-1,19,1,5,-1,0,0,0,0,0,0,1,1,-1,9,1,55,8,1968,2,13,SEAT EXEO,1,E01007809,0,1
2024451424165,2024,451424165,2,9,0,-1,19,5,1,-1,0,0,0,0,0,0,2,1,-1,9,1,57,9,1968,2,13,SEAT EXEO,-1,-1,0,-1
2024131512071,2024,131512071,2,9,0,-1,19,1,5,-1,0,8,0,0,0,0,4,1,-1,9,1,50,8,1968,2,14,SEAT EXEO,7,E01011067,0,3
2024340NN3292,2024,340NN3292,1,9,0,-1,19,7,3,-1,0,8,0,0,0,0,1,1,-1,6,3,-1,-1,1968,2,15,SEAT EXEO,-1,-1,0,-1
2024141413052,2024,141413052,1,9,0,-1,3,1,5,-1,0,0,0,0,0,0,2,1,-1,9,1,55,8,1968,2,14,SEAT EXEO,7,E01011630,0,4
2024101408272,2024,101408272,1,9,0,-1,19,5,1,-1,0,1,0,0,0,0,1,1,-1,6,2,22,5,1968,2,14,SEAT EXEO,3,E01008533,0,4
2024231451958,2024,231451958,2,9,0,-1,19,7,3,-1,0,0,0,0,0,0,1,1,-1,6,1,52,8,1968,2,11,SEAT EXEO,5,E01031114,0,1
2024631496876,2024,631496876,1,9,0,-1,5,8,4,-1,0,6,0,0,0,0,4,1,-1,9,2,47,8,1968,2,14,SEAT EXEO,5,W01000563,0,1
2024041525701,2024,041525701,2,9,0,-1,19,2,6,-1,0,1,0,0,0,0,1,1,-1,9,1,32,6,1598,2,14,SKODA ROOMSTER,1,E01025136,0,1
2024010531890,2024,010531890,1,9,0,99,99,9,9,99,99,9,9,99,9,99,9,9,6,6,3,-1,-1,1197,1,12,SKODA ROOMSTER,3,E01002776,0,1
2024461507746,2024,461507746,1,9,0,-1,19,7,3,-1,0,0,0,0,0,0,4,1,-1,6,1,57,9,1198,1,11,SKODA ROOMSTER,2,E01024533,0,1
2024552401486,2024,552401486,2,9,0,18,19,4,8,0,0,8,0,0,0,0,1,1,6,6,2,33,6,1197,1,10,SKODA ROOMSTER,7,E01015413,0,2
2024131406403,2024,131406403,1,9,0,-1,19,1,1,-1,0,8,0,0,0,0,1,1,-1,6,1,71,10,1197,1,9,SKODA ROOMSTER,4,E01011463,0,1
2024122500163,2024,122500163,2,9,0,1,1,7,3,0,0,1,0,0,7,10,3,1,6,6,2,75,10,1197,1,10,SKODA ROOMSTER,2,E01028257,0,5
2024122401079,2024,122401079,2,9,0,4,4,5,1,0,0,1,0,0,0,0,1,1,6,6,1,55,8,1598,2,12,SKODA ROOMSTER,9,E01027589,0,4
2024052401875,2024,052401875,2,9,0,18,19,3,7,0,0,0,0,0,0,0,1,1,6,6,2,79,11,1197,1,10,SKODA ROOMSTER,9,E01006823,0,1
2024421513441,2024,421513441,1,9,0,-1,19,2,6,-1,0,0,0,0,7,11,1,1,-1,9,1,73,10,1197,1,13,SKODA ROOMSTER,10,E01021728,0,1
2024101433290,2024,101433290,2,9,0,-1,19,1,5,-1,0,1,1,0,7,4,1,1,-1,9,2,44,7,1896,2,15,SKODA ROOMSTER,-1,-1,0,-1
2024141417691,2024,141417691,1,9,0,-1,5,5,1,-1,0,0,0,0,0,0,1,1,-1,6,1,72,10,1197,1,14,SKODA ROOMSTER,5,E01007823,0,1
2024010517529,2024,010517529,3,9,0,2,2,0,0,0,0,0,0,0,0,0,4,1,6,6,3,-1,-1,1197,1,12,SKODA ROOMSTER,-1,-1,0,-1
2024520402781,2024,520402781,1,9,0,4,4,3,7,0,0,0,0,0,0,0,2,1,6,6,2,79,11,1390,1,15,SKODA ROOMSTER,7,E01014472,0,3
2024320253660,2024,320253660,1,9,0,9,9,8,6,0,0,8,0,0,0,0,1,1,-1,-1,2,36,7,1197,1,10,SKODA ROOMSTER,4,E01026140,0,1
2024421460951,2024,421460951,1,9,0,-1,19,1,5,-1,0,0,0,0,0,0,1,1,-1,9,1,88,11,1390,1,18,SKODA ROOMSTER,4,E01022041,0,1
202454E972124,2024,54E972124,1,9,0,18,19,1,5,0,0,0,0,0,0,0,1,1,6,6,1,-1,-1,1598,1,16,SKODA ROOMSTER,10,E01014468,0,2
2024552400322,2024,552400322,1,9,0,18,19,7,3,0,0,0,1,0,1,4,1,1,6,6,2,51,8,1197,1,14,SKODA ROOMSTER,9,E01015412,0,4
2024471433278,2024,471433278,1,9,0,-1,19,3,7,-1,0,8,0,0,0,0,2,1,-1,9,1,79,11,1197,1,14,SKODA ROOMSTER,10,E01023276,0,4
2024421440406,2024,421440406,1,9,0,-1,19,5,1,-1,0,8,0,0,0,0,1,1,-1,9,1,28,6,1598,2,13,SKODA ROOMSTER,2,E01021288,0,1
2024010541374,2024,010541374,4,9,0,18,19,3,7,0,0,1,0,0,0,0,2,1,1,1,1,30,6,1197,1,10,SKODA ROOMSTER,2,E01002316,0,1
2024010500850,2024,010500850,2,9,0,99,99,9,9,99,99,9,9,99,9,99,1,9,6,6,1,-1,-1,1197,1,11,SKODA ROOMSTER,-1,-1,0,-1
2024041418454,2024,041418454,1,9,0,-1,14,7,3,-1,0,1,0,0,0,0,1,1,-1,9,1,47,8,1197,1,12,SKODA ROOMSTER,5,E01025401,0,1
2024361422171,2024,361422171,1,9,0,-1,9,4,2,-1,0,6,0,0,0,0,3,1,-1,6,1,89,11,1598,2,14,SKODA ROOMSTER,6,E01026773,0,3
2024201417559,2024,201417559,2,9,0,-1,9,4,2,-1,0,5,0,0,0,0,1,9,-1,9,1,39,7,1422,2,15,SKODA ROOMSTER,3,E01008973,0,3