collision_index,collision_year,collision_ref_no,vehicle_reference,vehicle_type,towing_and_articulation,vehicle_manoeuvre_historic,vehicle_manoeuvre,vehicle_direction_from,vehicle_direction_to,vehicle_location_restricted_lane_historic,vehicle_location_restricted_lane,junction_location,skidding_and_overturning,hit_object_in_carriageway,vehicle_leaving_carriageway,hit_object_off_carriageway,first_point_of_impact,vehicle_left_hand_drive,journey_purpose_of_driver_historic,journey_purpose_of_driver,sex_of_driver,age_of_driver,age_band_of_driver,engine_capacity_cc,propulsion_code,age_of_vehicle,generic_make_model,driver_imd_decile,lsoa_of_driver,escooter_flag,driver_distance_banding
2024101523287,2024,101523287,1,9,0,-1,19,2,6,-1,0,0,0,0,0,0,1,1,-1,6,1,-1,-1,2179,2,10,JAGUAR XF SERIES,-1,-1,0,-1
2024031403007,2024,031403007,3,9,0,-1,3,7,3,-1,0,0,0,0,0,0,2,1,-1,9,1,45,7,2993,2,13,JAGUAR XF SERIES,-1,-1,0,-1
2024361405244,2024,361405244,1,9,0,-1,13,5,1,-1,0,0,1,0,0,0,1,1,-1,6,1,56,9,2993,2,11,JAGUAR XF SERIES,7,E01026515,0,1
2024041397082,2024,041397082,2,9,0,-1,19,5,3,-1,0,0,0,0,5,0,3,1,-1,6,1,45,7,1999,2,5,JAGUAR XF SERIES,9,E01025553,0,3
2024101474877,2024,101474877,1,9,0,-1,3,1,5,-1,0,0,0,0,0,0,1,1,-1,6,1,75,10,2179,2,11,JAGUAR XF SERIES,-1,-1,0,-1
2024070899825,2024,070899825,2,9,0,-1,9,3,7,-1,0,0,0,0,0,0,2,1,-1,1,1,32,6,2179,2,10,JAGUAR XF SERIES,2,E01018525,0,1
2024010527089,2024,010527089,1,9,0,18,19,5,1,0,0,8,0,0,0,0,1,1,6,6,3,-1,-1,2967,1,16,JAGUAR XF SERIES,-1,-1,0,-1
2024461411832,2024,461411832,2,9,0,-1,3,5,1,-1,0,0,0,0,0,0,2,9,-1,6,1,57,9,2993,2,15,JAGUAR XF SERIES,7,E01032820,0,2
2024361430672,2024,361430672,2,9,0,-1,9,5,1,-1,0,1,0,0,0,0,3,1,-1,6,2,37,7,2720,2,16,JAGUAR XF SERIES,2,E01026596,0,1
2024161447764,2024,161447764,2,9,0,-1,5,4,8,-1,0,1,0,0,0,0,4,1,-1,6,1,76,11,2993,2,14,JAGUAR XF SERIES,7,E01013010,0,3
202460Q104981,2024,60Q104981,2,9,0,18,19,8,4,0,0,1,0,0,0,0,3,1,6,6,1,79,11,1999,2,7,JAGUAR XF SERIES,-1,-1,0,-1
2024010545019,2024,010545019,1,9,3,18,19,7,3,0,0,0,0,0,0,0,4,1,6,6,1,49,8,1999,2,8,JAGUAR XF SERIES,-1,-1,0,-1
2024471534274,2024,471534274,1,9,0,-1,9,7,5,-1,0,0,0,0,0,0,1,1,-1,6,1,30,6,2993,2,13,JAGUAR XF SERIES,4,E01031344,0,3
2024371441827,2024,371441827,2,9,0,-1,9,1,7,-1,0,0,0,0,0,0,4,1,-1,9,1,51,8,2179,2,11,JAGUAR XF SERIES,10,E01029894,0,2
2024991481725,2024,991481725,1,9,0,-1,4,8,4,-1,0,1,0,4,0,0,1,1,-1,6,1,44,7,2993,2,14,JAGUAR XF SERIES,-1,-1,0,-1
2024010532152,2024,010532152,2,9,0,99,99,9,9,99,99,9,9,99,9,99,2,9,6,6,3,-1,-1,2993,2,7,JAGUAR XF SERIES,-1,-1,0,-1
2024311444591,2024,311444591,2,9,0,-1,19,3,3,-1,0,0,0,0,0,0,4,2,-1,2,2,57,9,2179,2,10,JAGUAR XF SERIES,2,E01028271,0,1
2024231526672,2024,231526672,2,9,0,-1,19,4,8,-1,0,0,0,0,0,0,0,9,-1,2,1,57,9,2993,2,10,JAGUAR XF SERIES,6,E01031199,0,1
2024401408811,2024,401408811,2,9,0,-1,19,-1,-1,-1,0,0,0,0,0,0,3,9,-1,9,1,35,6,2993,2,13,JAGUAR XF SERIES,9,E01023718,0,3
2024122400112,2024,122400112,1,9,0,13,13,2,6,0,0,0,0,0,7,0,1,1,6,6,1,31,6,2993,2,13,JAGUAR XF SERIES,6,E01027797,0,2
2024041478610,2024,041478610,2,9,0,-1,19,5,1,-1,0,0,0,0,0,0,1,1,-1,9,1,59,9,2993,2,15,JAGUAR XF SERIES,2,E01025124,0,3
2024440364475,2024,440364475,2,9,0,18,19,7,3,0,0,0,0,0,0,0,1,1,6,6,1,34,6,2993,2,13,JAGUAR XF SERIES,6,E01035434,0,1
2024131413675,2024,131413675,1,9,0,-1,19,7,3,-1,0,0,0,0,0,0,1,1,-1,6,3,-1,-1,2993,2,12,JAGUAR XF SERIES,-1,-1,0,-1
2024340WN5282,2024,340WN5282,2,9,0,-1,19,7,3,-1,0,4,0,0,0,0,4,1,-1,2,1,58,9,1997,1,6,JAGUAR XF SERIES,6,E01027232,0,1
2024201441318,2024,201441318,1,9,0,-1,7,3,4,-1,0,6,0,0,0,0,1,1,-1,6,2,35,6,2179,2,12,JAGUAR XF SERIES,2,E01010258,0,1
2024101480641,2024,101480641,2,9,0,-1,19,1,5,-1,0,4,0,0,0,0,1,1,-1,6,1,26,6,2993,2,12,JAGUAR XF SERIES,2,E01008405,0,1
2024041407658,2024,041407658,2,9,0,-1,19,3,7,-1,0,8,0,0,0,0,1,1,-1,9,1,75,10,2993,2,11,JAGUAR XF SERIES,10,E01018687,0,4
2024471530595,2024,471530595,1,9,0,-1,19,1,5,-1,0,0,0,0,0,0,2,1,-1,6,1,46,8,1999,2,9,JAGUAR XF SERIES,5,E01020968,0,2
2024302400273,2024,302400273,2,9,0,17,19,8,6,0,0,0,0,0,0,0,1,1,6,6,1,47,8,2179,2,10,JAGUAR XF SERIES,3,E01019577,0,2
2024411481796,2024,411481796,1,9,0,-1,19,2,5,-1,0,0,0,0,0,0,1,1,-1,9,1,35,6,2179,2,12,JAGUAR XF SERIES,5,E01021844,0,3
2024361400663,2024,361400663,1,9,0,-1,19,2,6,-1,0,0,0,0,0,0,1,9,-1,6,1,32,6,2179,2,12,JAGUAR XF SERIES,4,E01026884,0,2
2024361468041,2024,361468041,1,9,0,-1,19,6,2,-1,0,0,0,0,7,0,1,1,-1,9,1,80,11,2993,2,14,JAGUAR XF SERIES,8,E01025611,0,5
2024430578903,2024,430578903,2,9,0,18,19,2,6,0,0,0,0,0,0,0,1,1,6,6,1,63,9,1999,2,7,JAGUAR XF SERIES,8,W01001058,0,5
2024201440979,2024,201440979,1,9,0,-1,2,0,0,-1,0,8,0,0,0,0,2,1,-1,6,1,46,8,2179,2,10,JAGUAR XF SERIES,-1,-1,0,-1
2024041509984,2024,041509984,2,9,0,-1,9,3,1,-1,0,4,0,0,0,0,1,1,-1,9,1,48,8,2993,2,8,JAGUAR XF SERIES,7,E01012597,0,4
2024201505968,2024,201505968,3,9,0,-1,19,7,3,-1,0,0,0,0,0,0,1,1,-1,6,1,47,8,2179,2,12,JAGUAR XF SERIES,2,E01010093,0,1
2024010551312,2024,010551312,1,9,0,7,7,1,4,0,0,1,0,0,1,0,1,1,6,6,1,45,7,1999,2,8,JAGUAR XF SERIES,4,E01003230,0,2
2024141456513,2024,141456513,1,9,0,-1,4,7,3,-1,0,0,0,0,0,0,2,1,-1,9,1,43,7,2179,2,9,JAGUAR XF SERIES,1,E01011474,0,4
2024430494749,2024,430494749,1,9,0,18,19,5,1,0,0,0,0,0,1,4,1,1,6,6,1,80,11,2993,2,11,JAGUAR XF SERIES,9,E01028426,0,4
2024440361914,2024,440361914,3,9,0,18,19,1,5,0,0,0,0,0,0,0,2,1,6,6,1,36,7,2993,2,13,JAGUAR XF SERIES,1,E01017207,0,1
2024501399671,2024,501399671,2,9,0,-1,2,0,0,-1,0,0,0,4,0,0,2,9,-1,6,1,61,9,2993,2,15,JAGUAR XF SERIES,3,E01015069,0,1
2024440466982,2024,440466982,2,9,0,9,9,6,4,0,0,6,0,0,0,0,3,1,6,6,1,67,10,2179,2,8,JAGUAR XF SERIES,4,E01024031,0,5
2024161414755,2024,161414755,1,9,0,-1,19,1,5,-1,0,4,0,0,0,0,1,2,-1,2,2,57,9,1999,2,8,JAGUAR XF SERIES,7,E01035396,0,5
2024622400557,2024,622400557,2,9,0,18,19,4,8,0,0,0,0,0,0,0,4,1,2,2,1,23,5,1999,2,8,JAGUAR XF SERIES,5,W01001056,0,3
2024451532489,2024,451532489,2,9,0,-1,19,1,5,-1,0,1,0,0,0,0,1,1,-1,9,1,76,11,1997,1,5,JAGUAR XF SERIES,10,E01030637,0,3
2024411405206,2024,411405206,2,9,0,-1,19,3,7,-1,0,0,0,0,0,0,1,9,-1,2,1,56,9,2967,1,16,JAGUAR XF SERIES,6,E01023663,0,1
2024141432812,2024,141432812,1,9,0,-1,9,2,7,-1,0,5,0,0,0,0,4,1,-1,9,2,40,7,2993,2,10,JAGUAR XF SERIES,1,E01008090,0,1
2024549238724,2024,549238724,1,9,0,5,5,2,6,0,0,4,0,0,0,0,3,1,6,6,2,18,4,1999,2,8,JAGUAR XF SERIES,1,E01015542,0,1
2024041446486,2024,041446486,3,9,0,-1,3,1,5,-1,0,1,0,0,0,0,2,1,-1,7,1,57,9,2997,2,15,JAGUAR XF SERIES,10,E01025278,0,1
2024320387392,2024,320387392,1,9,0,-1,-1,2,6,0,0,1,0,0,0,0,1,1,-1,-1,2,36,7,2967,1,14,JAGUAR XF SERIES,4,E01026245,0,3
2024340WN2442,2024,340WN2442,1,9,0,-1,19,4,8,-1,0,2,0,0,0,0,1,1,-1,9,1,32,6,2720,2,15,JAGUAR XF SERIES,1,E01026950,0,1
2024421446201,2024,421446201,2,9,0,-1,19,8,4,-1,0,1,0,0,1,1,3,1,-1,6,2,47,8,2993,2,14,JAGUAR XF SERIES,4,E01021642,0,2
2024302401401,2024,302401401,2,9,0,18,19,8,4,0,0,8,1,0,0,0,1,1,6,6,1,42,7,2993,2,13,JAGUAR XF SERIES,8,E01033170,0,1
2024351529138,2024,351529138,1,9,0,-1,13,6,2,-1,0,0,1,0,0,0,0,9,-1,6,1,35,6,2720,2,16,JAGUAR XF SERIES,1,E01026848,0,4
2024131469843,2024,131469843,1,9,0,-1,11,1,5,-1,0,0,1,0,0,0,4,1,-1,9,1,67,10,2993,2,11,JAGUAR XF SERIES,3,E01032498,0,1
2024052401711,2024,052401711,1,9,0,18,19,8,4,0,0,4,0,0,0,0,0,1,6,6,3,-1,-1,2993,2,15,JAGUAR XF SERIES,-1,-1,0,-1
2024471497859,2024,471497859,1,9,0,-1,19,7,3,-1,-1,2,0,4,1,0,1,1,-1,6,1,46,8,2993,2,13,JAGUAR XF SERIES,8,E01021081,0,1
2024631453521,2024,631453521,2,9,0,-1,19,5,8,-1,0,0,0,0,0,0,3,1,-1,9,1,30,6,2993,2,15,JAGUAR XF SERIES,8,W01000644,0,4
2024401521066,2024,401521066,1,9,0,-1,9,1,5,-1,0,1,0,0,0,0,1,1,-1,6,1,46,8,1999,2,4,JAGUAR XF SERIES,9,E01017414,0,1
2024471509083,2024,471509083,3,9,0,-1,19,6,2,-1,0,0,0,0,0,0,2,1,-1,9,1,58,9,2993,2,14,JAGUAR XF SERIES,9,E01031356,0,1
2024421445206,2024,421445206,1,9,0,-1,19,5,2,-1,0,0,0,0,1,0,1,1,-1,6,2,61,9,2993,2,7,JAGUAR XF SERIES,3,E01021358,0,4
2024231417601,2024,231417601,1,9,0,-1,9,3,1,-1,0,6,0,0,0,0,4,1,-1,6,2,36,7,2179,2,9,JAGUAR XF SERIES,4,E01031231,0,1
2024010535507,2024,010535507,1,9,0,9,9,3,2,0,0,2,0,4,0,0,1,1,6,6,1,44,7,1999,2,8,JAGUAR XF SERIES,5,E01000975,0,2
2024010541094,2024,010541094,2,9,0,5,5,9,9,99,99,9,9,99,9,99,1,9,6,6,3,-1,-1,2967,1,14,JAGUAR XF SERIES,-1,-1,0,-1
2024371443582,2024,371443582,2,9,0,-1,2,0,0,-1,0,0,0,0,0,0,3,1,-1,6,1,54,8,2993,2,14,JAGUAR XF SERIES,8,E01022005,0,3
2024631492470,2024,631492470,1,9,0,-1,19,5,1,-1,0,0,0,0,1,4,1,1,-1,9,1,71,10,2720,2,16,JAGUAR XF SERIES,4,W01000456,0,2
2024471514361,2024,471514361,2,9,0,-1,10,8,4,-1,0,8,0,0,0,0,3,1,-1,9,1,75,10,2720,2,16,JAGUAR XF SERIES,1,E01020912,0,1
2024471428349,2024,471428349,2,9,0,-1,19,5,1,-1,0,0,0,0,0,0,0,1,-1,9,2,54,8,2993,2,14,JAGUAR XF SERIES,7,E01021094,0,3
202454C923024,2024,54C923024,2,9,0,18,19,6,2,0,0,1,0,0,0,0,1,1,6,6,2,36,7,2993,2,11,JAGUAR XF SERIES,6,E01031989,0,1
2024221499641,2024,221499641,1,9,0,-1,19,4,8,-1,0,0,5,0,0,0,3,1,-1,6,1,37,7,2179,2,9,JAGUAR XF SERIES,3,E01032461,0,3
2024461516600,2024,461516600,2,9,0,-1,19,1,5,-1,0,1,0,0,1,2,3,1,-1,9,1,52,8,2993,2,13,JAGUAR XF SERIES,-1,-1,0,-1
2024302400750,2024,302400750,1,9,0,5,5,1,8,0,0,8,0,0,0,0,3,1,6,6,2,36,7,2720,2,16,JAGUAR XF SERIES,-1,-1,0,-1
2024371497792,2024,371497792,2,9,0,-1,19,3,7,-1,0,0,0,0,0,0,1,1,-1,9,2,58,9,2993,2,15,JAGUAR XF SERIES,7,E01030101,0,1
2024161527169,2024,161527169,2,9,0,-1,19,1,6,-1,0,0,0,0,0,0,4,1,-1,6,3,-1,-1,2993,2,15,JAGUAR XF SERIES,-1,-1,0,-1
2024052402028,2024,052402028,1,9,0,18,19,7,3,0,0,8,0,0,0,0,1,1,6,6,2,69,10,2179,2,9,JAGUAR XF SERIES,5,E01007163,0,1
2024371515060,2024,371515060,2,9,0,-1,9,1,5,-1,0,8,0,0,0,0,4,1,-1,1,1,-1,-1,2179,2,11,JAGUAR XF SERIES,3,E01029914,0,4
2024201508387,2024,201508387,1,9,0,-1,19,5,1,-1,0,0,0,0,0,0,1,1,-1,6,1,47,8,2179,2,11,JAGUAR XF SERIES,7,E01009811,0,1
2024440276755,2024,440276755,2,9,0,10,10,5,3,0,0,0,0,0,0,0,2,1,6,6,1,74,10,2993,2,12,JAGUAR XF SERIES,7,E01017329,0,1
2024122401256,2024,122401256,1,9,0,4,4,7,3,0,0,1,0,0,0,0,2,1,6,6,1,59,9,1999,2,8,JAGUAR XF SERIES,5,E01027796,0,1
2024201480098,2024,201480098,1,9,0,-1,10,5,1,-1,0,0,0,0,0,0,3,1,-1,6,1,45,7,2993,2,14,JAGUAR XF SERIES,10,E01009431,0,1
2024320487221,2024,320487221,1,9,0,-1,-1,6,2,0,0,0,0,0,0,0,1,1,-1,-1,1,47,8,2993,2,14,JAGUAR XF SERIES,2,E01035481,0,4
2024311414190,2024,311414190,1,9,0,-1,9,7,5,-1,0,4,0,0,0,0,1,1,-1,9,1,33,6,2993,2,13,JAGUAR XF SERIES,-1,-1,0,-1
2024141474507,2024,141474507,2,9,0,-1,5,1,5,-1,0,0,0,0,0,0,2,1,-1,9,1,48,8,1999,2,7,JAGUAR XF SERIES,6,E01007586,0,1
2024010498778,2024,010498778,2,9,0,9,9,1,6,0,0,1,0,0,1,0,2,1,6,6,2,56,9,2179,2,9,JAGUAR XF SERIES,4,E01001148,0,1
2024052400883,2024,052400883,2,9,0,4,4,3,7,0,0,0,0,0,0,0,2,1,6,6,1,62,9,2993,2,13,JAGUAR XF SERIES,1,E01007124,0,1
2024421515904,2024,421515904,1,9,0,-1,4,8,4,-1,0,0,1,0,0,0,1,1,-1,9,1,81,11,2000,1,7,JAGUAR XF SERIES,10,E01021366,0,1
2024041489652,2024,041489652,2,9,0,-1,7,1,5,-1,0,0,0,0,1,0,1,1,-1,1,1,34,6,2720,2,16,JAGUAR XF SERIES,1,E01025574,0,3
2024010526008,2024,010526008,1,9,0,99,99,9,9,99,99,9,9,99,9,99,2,9,1,1,2,41,7,1999,2,7,JAGUAR XF SERIES,3,E01002527,0,2
2024122400583,2024,122400583,1,9,0,18,19,5,1,0,0,4,0,0,0,0,4,1,6,6,1,35,6,2720,2,16,JAGUAR XF SERIES,2,E01027854,0,1
2024010522920,2024,010522920,1,9,0,18,19,1,5,0,0,8,0,0,0,0,4,1,2,2,1,60,9,4196,1,16,JAGUAR XF SERIES,9,E01000156,0,3
2024451493900,2024,451493900,1,9,0,-1,19,4,8,-1,0,1,0,0,0,0,1,1,-1,6,1,31,6,2179,2,11,JAGUAR XF SERIES,10,E01030671,0,3
2024991416483,2024,991416483,2,9,0,-1,19,6,2,-1,0,0,0,0,7,0,4,1,-1,1,1,53,8,2993,2,11,JAGUAR XF SERIES,-1,-1,0,-1
2024131416289,2024,131416289,2,9,0,-1,19,4,2,-1,0,4,0,0,0,0,1,1,-1,9,1,37,7,2993,2,11,JAGUAR XF SERIES,1,E01010611,0,2
2024052400991,2024,052400991,3,9,0,2,2,0,0,0,0,1,0,0,0,0,1,1,6,6,3,-1,-1,1999,2,8,JAGUAR XF SERIES,-1,-1,0,-1
2024332400458,2024,332400458,1,9,0,-1,5,6,2,-1,0,1,0,0,0,0,2,1,-1,6,1,49,8,2967,1,14,JAGUAR XF SERIES,10,E01025774,0,1
2024461413620,2024,461413620,1,9,0,-1,19,4,8,-1,0,8,0,0,0,0,1,1,-1,6,1,58,9,2179,2,11,JAGUAR XF SERIES,6,E01024267,0,1
2024070656869,2024,070656869,2,9,0,5,5,1,5,0,0,2,0,0,0,0,3,1,6,6,1,32,6,2993,2,13,JAGUAR XF SERIES,1,E01014273,0,3
2024501533266,2024,501533266,2,9,0,-1,13,6,2,-1,0,1,0,0,7,9,1,1,-1,6,1,76,11,1997,1,6,JAGUAR XF SERIES,4,E01019037,0,4
2024201529977,2024,201529977,1,9,0,-1,19,5,1,-1,0,0,1,0,0,0,4,1,-1,6,-1,-1,-1,2179,2,13,JAGUAR XF SERIES,-1,-1,0,-1
2024131478729,2024,131478729,1,9,0,-1,19,4,8,-1,0,0,0,0,0,0,1,1,-1,9,1,49,8,2179,2,11,JAGUAR XF SERIES,1,E01011138,0,3
2024544047924,2024,544047924,1,9,0,18,19,1,5,0,0,0,0,0,0,0,3,1,6,6,1,59,9,2993,2,15,JAGUAR XF SERIES,9,E01022340,0,4
2024991528574,2024,991528574,2,9,0,-1,2,0,0,-1,0,0,0,0,0,0,2,1,-1,6,-1,-1,-1,2993,2,14,JAGUAR XF SERIES,-1,-1,0,-1
2024201516792,2024,201516792,1,9,0,-1,5,5,8,-1,0,1,0,0,0,0,1,1,-1,6,1,30,6,2179,2,12,JAGUAR XF SERIES,-1,-1,0,-1
2024052400870,2024,052400870,2,4,0,18,19,7,3,0,0,8,0,0,0,0,1,1,6,6,1,22,5,398,1,32,KAWASAKI MODEL MISSING,8,E01007256,0,2
2024211530734,2024,211530734,2,9,0,-1,19,5,1,-1,0,0,0,0,0,0,0,1,-1,8,1,-1,-1,700,1,1,KAWASAKI MODEL MISSING,-1,-1,0,-1
2024131417451,2024,131417451,1,4,0,-1,19,7,7,-1,0,0,0,0,2,11,1,1,-1,6,1,31,6,450,1,15,KAWASAKI MODEL MISSING,5,E01010991,0,1
2024522403186,2024,522403186,1,4,0,18,19,2,6,0,0,8,0,0,0,0,4,1,6,6,1,47,8,175,1,-1,KAWASAKI MODEL MISSING,3,E01014612,0,2
2024010508034,2024,010508034,1,5,0,99,99,9,9,99,99,9,9,99,9,99,9,1,6,6,1,45,7,998,1,20,KAWASAKI MODEL MISSING,3,E01000381,0,1
2024211475326,2024,211475326,1,5,0,-1,15,1,5,-1,0,0,2,0,1,3,1,1,-1,6,1,69,10,599,1,22,KAWASAKI MODEL MISSING,3,E01029387,0,3
2024991501707,2024,991501707,2,3,0,-1,13,7,2,-1,0,8,1,0,1,10,1,1,-1,9,1,46,8,1199,1,22,KAWASAKI MODEL MISSING,2,-1,0,4
2024041451337,2024,041451337,2,5,0,-1,19,7,3,-1,0,1,0,0,0,0,4,1,-1,2,1,48,8,649,1,18,KAWASAKI MODEL MISSING,5,E01025235,0,1
2024320368401,2024,320368401,3,5,0,-1,-1,4,8,0,0,0,0,0,0,0,0,1,-1,-1,1,59,9,899,1,20,KAWASAKI MODEL MISSING,5,E01026279,0,1
202454E751724,2024,54E751724,1,5,0,18,19,2,6,0,0,2,1,10,0,0,1,1,6,6,1,67,10,1470,1,22,KAWASAKI MODEL MISSING,3,E01015580,0,1
2024131459074,2024,131459074,2,5,0,-1,19,8,4,-1,0,3,2,0,1,1,1,1,-1,6,1,66,10,1352,1,13,KAWASAKI MODEL MISSING,7,-1,0,5
2024221471264,2024,221471264,1,17,0,-1,19,4,8,-1,0,0,5,10,0,0,3,9,-1,6,1,45,7,953,2,16,KAWASAKI MODEL MISSING,5,E01028999,0,1
2024061457373,2024,061457373,1,5,0,-1,1,1,5,-1,9,0,5,0,0,0,3,1,-1,9,1,69,10,592,1,29,KAWASAKI MODEL MISSING,5,E01004983,0,1
2024101459013,2024,101459013,2,5,0,-1,19,5,1,-1,0,0,0,0,0,0,2,1,-1,9,1,64,9,1600,1,17,KAWASAKI MODEL MISSING,5,E01008643,0,3
2024522500046,2024,522500046,2,5,0,18,19,2,6,0,0,0,0,0,0,0,1,1,6,6,1,25,5,636,1,12,KAWASAKI MODEL MISSING,1,E01032518,0,2
2024471524693,2024,471524693,2,23,0,-1,19,7,3,-1,0,2,0,0,0,0,1,1,-1,6,1,48,8,249,1,31,KAWASAKI MODEL MISSING,6,E01016957,0,2
2024531463275,2024,531463275,1,4,0,-1,19,2,2,-1,0,0,5,10,1,0,1,1,-1,9,1,74,10,249,1,30,KAWASAKI MODEL MISSING,3,E01022403,0,1
2024991439607,2024,991439607,1,5,0,-1,13,4,8,-1,0,0,1,0,0,0,3,1,-1,9,1,75,10,676,1,22,KAWASAKI MODEL MISSING,7,-1,0,4
2024361464696,2024,361464696,1,5,0,-1,19,2,6,-1,0,0,1,0,0,0,4,1,-1,1,1,28,6,599,1,29,KAWASAKI MODEL MISSING,2,E01026592,0,3
2024311421698,2024,311421698,2,5,0,-1,9,1,5,-1,0,3,2,0,0,0,0,1,-1,6,1,26,6,805,1,28,KAWASAKI MODEL MISSING,3,E01028272,0,1
2024501448577,2024,501448577,2,5,0,-1,19,5,1,-1,0,0,0,0,0,0,1,1,-1,9,1,60,9,1052,1,29,KAWASAKI MODEL MISSING,3,E01022403,0,5
2024542520724,2024,542520724,1,5,0,18,19,4,8,0,0,0,0,0,0,0,1,1,6,6,1,64,9,805,1,21,KAWASAKI MODEL MISSING,10,E01014912,0,4
2024070948159,2024,070948159,1,4,0,-1,19,1,5,-1,0,0,0,0,0,0,2,1,-1,2,1,61,9,748,1,27,KAWASAKI MODEL MISSING,4,E01018543,0,1
2024610029324,2024,610029324,3,5,0,16,19,8,3,0,0,0,1,0,0,0,1,1,6,6,1,22,5,1015,1,48,KAWASAKI MODEL MISSING,7,W01001575,0,1
2024440314069,2024,440314069,1,5,0,18,19,3,7,0,0,1,0,0,0,0,1,1,2,2,1,30,6,1043,1,14,KAWASAKI MODEL MISSING,8,E01032841,0,2
2024991416413,2024,991416413,1,5,0,-1,7,5,8,-1,0,0,0,0,0,0,3,1,-1,6,1,33,6,899,1,23,KAWASAKI MODEL MISSING,2,-1,0,4
2024440041524,2024,440041524,2,5,0,18,19,6,2,0,0,1,0,0,0,0,1,1,6,6,1,51,8,599,1,32,KAWASAKI MODEL MISSING,7,E01022627,0,3
2024231451930,2024,231451930,2,5,0,-1,19,2,6,-1,0,8,1,0,7,9,1,1,-1,9,1,61,9,750,1,-1,KAWASAKI MODEL MISSING,8,E01031196,0,3
2024471406216,2024,471406216,2,5,0,-1,19,5,1,-1,0,1,2,0,0,0,1,1,-1,9,1,58,9,651,2,19,KAWASAKI MODEL MISSING,10,E01031666,0,4
2024471484773,2024,471484773,1,5,0,-1,4,3,7,-1,0,0,0,0,0,0,3,1,-1,1,1,57,9,1500,1,22,KAWASAKI MODEL MISSING,9,E01021132,0,3
2024070104507,2024,070104507,1,5,0,17,19,1,5,0,0,3,2,0,0,0,3,1,6,6,1,47,8,600,1,24,KAWASAKI MODEL MISSING,5,E01012398,0,1
2024351458072,2024,351458072,1,5,0,-1,19,7,3,-1,0,0,0,0,1,0,3,1,-1,6,1,53,8,1100,1,30,KAWASAKI MODEL MISSING,4,E01018072,0,4
2024421435672,2024,421435672,1,5,0,-1,19,3,6,-1,0,0,2,11,1,6,1,1,-1,6,1,21,5,899,1,26,KAWASAKI MODEL MISSING,7,E01033720,0,4
2024461441902,2024,461441902,2,5,0,-1,19,5,1,-1,0,1,0,0,0,0,1,1,-1,6,1,35,6,953,1,20,KAWASAKI MODEL MISSING,1,E01024614,0,1
2024061433662,2024,061433662,2,5,0,-1,19,7,3,-1,0,1,0,0,0,0,1,1,-1,9,1,72,10,598,1,30,KAWASAKI MODEL MISSING,3,E01025379,0,3
2024522402883,2024,522402883,2,4,0,18,19,6,2,0,0,8,0,0,0,0,1,1,6,6,1,32,6,498,1,28,KAWASAKI MODEL MISSING,2,E01014977,0,1
2024520402157,2024,520402157,1,4,0,18,19,8,4,0,0,0,0,0,0,0,1,1,6,6,1,59,9,1500,1,21,KAWASAKI MODEL MISSING,4,E01029038,0,1
2024010523919,2024,010523919,2,3,0,18,19,1,5,0,0,8,0,0,0,0,1,1,6,6,1,20,4,125,1,7,MAKE AND MODEL REDACTED,8,E01002414,0,2
2024221433109,2024,221433109,1,5,0,-1,19,4,1,-1,0,0,0,0,1,0,4,1,-1,6,1,26,6,124,1,13,MAKE AND MODEL REDACTED,2,E01014151,0,2
2024041532523,2024,041532523,2,3,0,-1,19,5,1,-1,0,0,0,0,0,0,1,1,-1,9,2,27,6,124,1,10,MAKE AND MODEL REDACTED,7,E01025586,0,3
2024440070051,2024,440070051,1,3,0,4,4,4,8,0,0,1,1,10,0,0,3,1,6,6,1,17,4,124,1,10,MAKE AND MODEL REDACTED,7,E01022815,0,1
2024122500081,2024,122500081,2,3,0,18,19,4,8,0,0,8,1,0,0,0,4,1,6,6,1,17,4,124,1,10,MAKE AND MODEL REDACTED,9,E01013338,0,2
2024031432939,2024,031432939,2,9,0,-1,19,7,3,-1,0,1,0,0,0,0,4,1,-1,9,1,84,11,1998,1,4,MAZDA CX-30,10,E01007958,0,5
2024141471660,2024,141471660,2,9,0,-1,5,3,7,-1,0,6,0,0,0,0,1,1,-1,9,1,78,11,1998,1,3,MAZDA CX-30,8,E01007384,0,1
2024231409857,2024,231409857,2,9,0,-1,9,6,1,-1,0,5,0,0,0,0,3,9,-1,6,3,-1,-1,1998,1,1,MAZDA CX-30,-1,-1,0,-1
2024991433533,2024,991433533,2,9,0,-1,5,8,3,-1,0,6,0,0,0,0,2,2,-1,9,2,33,6,1998,1,2,MAZDA CX-30,-1,-1,0,-1
2024161415911,2024,161415911,2,9,0,-1,19,1,5,-1,0,8,0,0,0,0,1,1,-1,6,1,36,7,1998,1,4,MAZDA CX-30,3,E01012817,0,3
2024010540557,2024,010540557,2,9,0,99,99,9,9,99,99,9,9,99,9,99,9,9,6,6,3,-1,-1,1998,1,4,MAZDA CX-30,9,E01002997,0,1