collision_index,collision_year,collision_ref_no,vehicle_reference,vehicle_type,towing_and_articulation,vehicle_manoeuvre_historic,vehicle_manoeuvre,vehicle_direction_from,vehicle_direction_to,vehicle_location_restricted_lane_historic,vehicle_location_restricted_lane,junction_location,skidding_and_overturning,hit_object_in_carriageway,vehicle_leaving_carriageway,hit_object_off_carriageway,first_point_of_impact,vehicle_left_hand_drive,journey_purpose_of_driver_historic,journey_purpose_of_driver,sex_of_driver,age_of_driver,age_band_of_driver,engine_capacity_cc,propulsion_code,age_of_vehicle,generic_make_model,driver_imd_decile,lsoa_of_driver,escooter_flag,driver_distance_banding
2024471453323,2024,471453323,1,9,0,-1,9,5,7,-1,0,8,0,0,0,0,1,1,-1,9,2,32,6,1498,1,6,MAZDA 2,8,E01017006,0,3
2024211515991,2024,211515991,1,9,0,-1,19,6,3,-1,0,3,0,0,0,0,4,1,-1,6,2,25,5,1496,1,8,MAZDA 2,-1,-1,0,-1
2024131484826,2024,131484826,2,9,0,-1,9,7,3,-1,0,8,0,0,0,0,1,1,-1,9,1,29,6,1349,1,13,MAZDA 2,5,E01011356,0,1
2024552500042,2024,552500042,2,9,0,18,19,4,8,0,0,0,0,0,0,0,1,1,6,6,2,78,11,1400,1,19,MAZDA 2,7,E01015446,0,1
2024371411168,2024,371411168,1,9,0,-1,14,-1,-1,-1,0,2,0,0,0,0,3,9,-1,6,2,70,10,1349,1,11,MAZDA 2,4,E01030219,0,3
2024430479181,2024,430479181,3,9,0,10,10,2,8,0,0,5,0,0,0,0,1,1,6,6,2,42,7,1349,1,15,MAZDA 2,-1,-1,0,-1
2024991495939,2024,991495939,2,9,0,-1,19,8,4,-1,0,0,0,0,1,0,1,1,-1,9,1,59,9,1496,1,5,MAZDA 2,4,-1,0,4
2024340NN3912,2024,340NN3912,2,9,0,-1,19,2,5,-1,0,3,0,0,0,0,4,1,-1,2,2,38,7,1349,1,14,MAZDA 2,2,E01026954,0,1
2024371535846,2024,371535846,3,9,0,-1,19,3,7,-1,0,0,0,0,0,0,1,1,-1,6,2,47,8,1349,1,10,MAZDA 2,6,E01030052,0,1
2024320003489,2024,320003489,1,9,0,18,19,6,2,0,0,0,0,0,0,0,1,1,-1,-1,1,33,6,1498,1,11,MAZDA 2,4,E01026230,0,4
2024351457131,2024,351457131,2,9,0,-1,19,7,3,-1,0,1,0,0,0,0,1,1,-1,6,2,26,6,1496,1,9,MAZDA 2,8,E01018117,0,3
2024211496684,2024,211496684,1,9,0,-1,7,7,3,-1,0,6,0,0,0,0,1,1,-1,6,2,60,9,1349,1,12,MAZDA 2,-1,-1,0,-1
2024451487009,2024,451487009,1,9,0,-1,5,5,1,-1,0,2,0,0,0,0,3,1,-1,9,2,64,9,1349,1,11,MAZDA 2,4,E01020496,0,5
2024622400407,2024,622400407,1,9,0,9,9,3,2,0,0,5,0,0,0,0,3,1,3,7,1,34,6,1349,1,16,MAZDA 2,4,W01000987,0,1
2024351515661,2024,351515661,2,9,0,-1,19,3,7,-1,0,0,0,0,0,0,3,1,-1,6,2,55,8,1496,1,7,MAZDA 2,3,E01017944,0,1
2024010501447,2024,010501447,1,9,0,5,5,0,7,0,0,1,0,0,0,0,4,1,2,2,2,45,7,1349,1,10,MAZDA 2,3,E01002519,0,1
2024991474106,2024,991474106,2,9,0,-1,2,0,0,-1,0,0,0,0,0,0,1,1,-1,6,1,61,9,1496,1,6,MAZDA 2,3,-1,0,1
2024131477645,2024,131477645,1,9,0,-1,19,2,6,-1,0,0,0,0,0,0,1,1,-1,6,2,80,11,1498,1,6,MAZDA 2,6,E01010705,0,1
2024522401261,2024,522401261,1,9,0,17,19,3,8,0,0,8,0,0,0,0,1,1,6,6,1,74,10,1496,1,1,MAZDA 2,8,E01014766,0,2
2024461489686,2024,461489686,1,9,0,-1,19,2,4,-1,0,1,0,0,0,0,1,1,-1,2,2,32,6,1349,1,10,MAZDA 2,8,E01033210,0,2
2024622400309,2024,622400309,1,9,0,9,9,5,4,0,0,6,0,0,0,0,1,1,6,6,1,19,4,1498,1,5,MAZDA 2,8,W01001658,0,4
2024522402903,2024,522402903,2,9,0,18,19,2,6,0,0,1,0,0,0,0,1,1,6,6,1,20,4,1349,1,14,MAZDA 2,9,W01001404,0,4
2024421514659,2024,421514659,3,9,0,-1,19,5,2,-1,0,0,0,0,1,0,1,1,-1,6,2,55,8,1349,1,11,MAZDA 2,9,E01022063,0,1
2024411525251,2024,411525251,1,9,0,-1,19,5,1,-1,0,2,0,0,0,0,3,1,-1,6,2,36,7,1498,1,14,MAZDA 2,9,E01017377,0,1
2024522403159,2024,522403159,1,9,0,9,9,2,8,0,0,8,0,0,0,0,4,1,6,6,1,61,9,1349,1,15,MAZDA 2,7,E01014838,0,1
2024010549123,2024,010549123,2,9,0,7,7,1,4,0,0,7,0,0,0,0,3,1,6,6,2,42,7,1496,1,5,MAZDA 2,4,E01002587,0,1
2024546601124,2024,546601124,2,9,0,9,9,4,2,0,0,6,0,0,0,0,1,1,2,2,1,39,7,1349,1,14,MAZDA 2,6,E01015496,0,1
2024501519589,2024,501519589,1,9,0,-1,19,6,2,-1,0,1,0,0,0,0,4,1,-1,9,1,39,7,1600,1,20,MAZDA 2,1,E01015260,0,1
2024070804093,2024,070804093,2,9,0,-1,4,7,3,-1,0,0,0,0,0,0,2,1,-1,9,1,31,6,1496,1,6,MAZDA 2,5,E01028944,0,4
2024101539000,2024,101539000,1,9,0,-1,19,1,5,-1,0,0,0,12,0,0,1,1,-1,2,1,32,6,1496,1,3,MAZDA 2,6,E01027479,0,3
2024201476764,2024,201476764,2,9,9,-1,19,6,2,-1,0,0,0,0,0,0,9,9,-1,6,1,21,5,1349,1,10,MAZDA 2,4,E01014253,0,4
2024991479878,2024,991479878,1,9,0,-1,19,1,5,-1,0,0,2,0,7,0,3,1,-1,9,2,21,5,1349,1,11,MAZDA 2,4,-1,0,1
2024991529981,2024,991529981,2,9,0,-1,9,8,5,-1,0,3,0,0,0,0,2,1,-1,2,1,24,5,1496,1,4,MAZDA 2,10,-1,0,1
2024440490845,2024,440490845,2,9,0,18,19,7,3,0,0,1,0,0,0,0,4,1,2,2,1,29,6,1349,1,17,MAZDA 2,10,E01023189,0,1
2024201532943,2024,201532943,1,9,0,-1,7,5,7,-1,0,5,0,10,1,1,4,1,-1,2,1,28,6,1498,1,12,MAZDA 2,1,E01009375,0,1
2024361533460,2024,361533460,2,9,0,-1,19,2,6,-1,0,8,0,0,0,0,3,1,-1,9,1,47,8,1400,1,17,MAZDA 2,4,E01026806,0,1
2024991515094,2024,991515094,1,9,0,-1,19,5,8,-1,0,0,0,0,0,0,1,1,-1,9,2,32,6,1349,1,11,MAZDA 2,10,-1,0,3
2024201451895,2024,201451895,1,9,0,-1,19,3,5,-1,0,1,0,0,0,0,1,9,-1,6,1,-1,-1,1349,1,14,MAZDA 2,-1,-1,0,-1
2024471463770,2024,471463770,2,9,0,-1,-1,-1,-1,-1,-1,-1,-1,-1,-1,0,-1,1,-1,6,2,-1,-1,1349,1,11,MAZDA 2,6,E01030826,0,3
2024541057924,2024,541057924,2,9,0,6,6,4,8,0,0,4,0,0,0,0,1,1,4,7,2,58,9,1496,1,5,MAZDA 2,10,E01032017,0,1
2024430587037,2024,430587037,1,9,0,18,19,3,7,0,0,0,0,0,0,0,1,1,6,6,2,82,11,1349,1,12,MAZDA 2,9,E01028822,0,1
2024041402302,2024,041402302,2,9,0,-1,19,3,5,-1,0,8,0,0,0,0,1,1,-1,9,2,52,8,1400,1,17,MAZDA 2,3,E01012740,0,1
2024991394084,2024,991394084,1,9,0,-1,19,5,1,-1,0,0,5,0,1,0,3,1,-1,9,2,21,5,1349,1,11,MAZDA 2,5,-1,0,2
2024231412074,2024,231412074,2,9,0,-1,3,4,8,-1,0,0,0,0,0,0,3,9,-1,2,2,26,6,1349,1,10,MAZDA 2,7,E01025682,0,4
2024440514927,2024,440514927,1,9,0,9,9,1,7,0,0,8,0,0,0,0,1,1,1,1,2,27,6,1349,1,14,MAZDA 2,6,E01017214,0,1
2024440145556,2024,440145556,1,9,0,18,19,5,1,0,0,0,0,0,1,11,1,1,6,6,2,73,10,1496,1,4,MAZDA 2,6,E01034062,0,1
2024131508020,2024,131508020,1,9,0,-1,6,6,2,-1,0,0,0,0,0,0,3,2,-1,6,1,41,7,1349,1,10,MAZDA 2,4,E01011129,0,1
2024052401240,2024,052401240,2,9,0,18,19,7,3,0,0,8,1,0,0,0,4,1,6,6,2,59,9,1496,1,9,MAZDA 2,6,E01007222,0,1
2024471526643,2024,471526643,1,9,0,-1,19,5,1,-1,0,4,0,0,0,0,1,1,-1,6,2,20,4,1349,1,14,MAZDA 2,6,E01031579,0,1
2024061460597,2024,061460597,2,9,0,-1,19,3,7,-1,0,0,2,4,7,0,1,1,-1,9,1,45,7,1498,1,5,MAZDA 2,1,E01006027,0,1
2024201509692,2024,201509692,2,9,0,-1,19,3,8,-1,0,8,0,0,0,0,4,1,-1,6,2,27,6,1349,1,14,MAZDA 2,1,E01034943,0,3
2024061455069,2024,061455069,2,9,0,-1,2,3,7,-1,0,0,0,0,0,0,3,1,-1,6,-1,-1,-1,1496,1,8,MAZDA 2,-1,-1,0,-1
2024201425264,2024,201425264,2,9,0,-1,19,6,8,-1,0,1,0,0,0,0,2,1,-1,9,1,45,7,1496,1,8,MAZDA 2,4,E01029003,0,4
2024302400427,2024,302400427,1,9,0,17,19,5,2,0,0,0,2,0,8,4,1,1,6,6,2,33,6,1349,1,14,MAZDA 2,7,E01019832,0,3
2024552400852,2024,552400852,1,9,0,14,14,6,2,0,0,8,5,0,7,10,1,1,6,6,2,42,7,1349,1,12,MAZDA 2,4,E01017275,0,4
2024161527230,2024,161527230,2,9,0,-1,19,1,5,-1,0,1,0,0,0,0,1,1,-1,1,1,27,6,1349,1,12,MAZDA 2,9,E01013123,0,2
2024131483666,2024,131483666,1,9,0,-1,4,5,1,-1,0,1,0,0,0,0,2,1,-1,6,2,33,6,1349,1,13,MAZDA 2,2,E01010749,0,1
2024421521405,2024,421521405,1,9,0,-1,19,8,4,-1,0,4,0,0,0,0,1,1,-1,6,2,-1,-1,1349,1,16,MAZDA 2,-1,-1,0,-1
2024201424685,2024,201424685,2,9,0,-1,9,6,4,-1,0,6,0,0,0,0,1,9,-1,6,2,34,6,1349,1,14,MAZDA 2,2,E01009887,0,1
2024010513989,2024,010513989,1,9,0,18,19,1,5,0,0,0,0,0,1,0,1,1,2,2,2,40,7,1349,1,15,MAZDA 2,-1,-1,0,-1
2024531467714,2024,531467714,2,9,0,-1,19,1,5,-1,0,0,0,0,0,0,2,1,-1,9,1,40,7,1349,1,12,MAZDA 2,5,E01007995,0,5
2024440005846,2024,440005846,2,9,0,9,9,8,6,0,0,1,0,0,0,0,1,1,6,6,1,-1,-1,1400,1,17,MAZDA 2,-1,-1,0,-1
2024501478623,2024,501478623,1,9,0,-1,19,8,4,-1,0,2,1,0,1,3,1,1,-1,9,1,71,10,1349,1,9,MAZDA 2,7,E01020080,0,1
2024101416138,2024,101416138,2,9,0,-1,10,6,1,-1,0,8,0,0,0,0,1,1,-1,6,2,22,5,1498,1,6,MAZDA 2,7,E01008552,0,1
2024631476115,2024,631476115,1,9,0,-1,19,7,3,-1,0,0,1,0,7,3,1,2,-1,2,1,24,5,1349,1,15,MAZDA 2,8,W01000892,0,4
2024991432116,2024,991432116,1,9,0,-1,19,2,6,-1,0,0,2,10,7,11,3,1,-1,2,2,21,5,1349,1,10,MAZDA 2,-1,-1,0,-1
2024440157021,2024,440157021,1,9,0,18,19,5,1,0,0,0,0,0,0,0,1,1,6,6,1,82,11,1496,1,1,MAZDA 2,3,E01017349,0,2
2024440417338,2024,440417338,2,9,0,5,5,7,3,0,0,6,0,0,0,0,1,1,6,6,2,-1,-1,1496,1,0,MAZDA 2,9,E01035438,0,1
2024461515617,2024,461515617,2,9,0,-1,3,6,3,-1,0,0,0,0,0,0,2,1,-1,1,1,54,8,1498,1,5,MAZDA 2,7,E01024479,0,1
2024361470036,2024,361470036,2,9,0,-1,19,5,1,-1,0,0,0,0,1,0,1,1,-1,2,1,32,6,1349,1,15,MAZDA 2,8,E01035150,0,3
2024411537302,2024,411537302,2,9,0,-1,19,6,2,-1,0,1,0,0,1,0,3,1,-1,6,1,28,6,1349,1,11,MAZDA 2,4,E01023402,0,1
2024311443040,2024,311443040,1,9,0,-1,19,2,6,-1,0,0,0,0,0,0,1,1,-1,7,2,45,7,1498,1,6,MAZDA 2,1,E01013884,0,1
202454C781224,2024,54C781224,2,9,0,2,2,0,0,0,0,1,0,0,0,0,1,1,6,6,3,-1,-1,1349,1,10,MAZDA 2,-1,-1,0,-1
2024501438965,2024,501438965,1,9,0,-1,9,1,5,-1,0,0,0,4,7,10,1,1,-1,9,1,24,5,1498,1,5,MAZDA 2,2,E01020139,0,3
2024122500340,2024,122500340,1,9,0,18,19,3,7,0,0,0,0,0,0,0,1,1,6,6,1,56,9,1496,1,8,MAZDA 2,9,E01013338,0,4
2024031490042,2024,031490042,2,9,0,-1,8,5,1,-1,0,0,0,0,0,0,2,1,-1,9,1,20,4,1400,1,19,MAZDA 2,5,E01019305,0,1
2024501455855,2024,501455855,1,9,0,-1,19,2,6,-1,0,8,0,0,0,0,1,1,-1,2,1,34,6,1349,1,12,MAZDA 2,5,E01019067,0,3
2024501459509,2024,501459509,1,9,0,-1,19,-1,-1,-1,0,1,0,0,0,0,4,1,-1,9,2,64,9,1496,1,9,MAZDA 2,1,E01015088,0,1
2024010529422,2024,010529422,1,9,0,99,99,9,9,99,99,9,9,99,9,99,9,9,6,6,2,65,9,1349,1,13,MAZDA 2,10,E01015400,0,5
2024101430363,2024,101430363,2,9,0,-1,3,1,5,-1,0,0,0,0,0,0,2,1,-1,6,1,62,9,1496,1,1,MAZDA 2,4,E01008814,0,1
2024311526462,2024,311526462,1,9,0,-1,19,8,4,-1,0,0,0,0,1,0,4,1,-1,9,2,36,7,1496,1,8,MAZDA 2,6,E01028003,0,1
2024122401298,2024,122401298,2,9,0,18,19,3,7,0,0,1,0,0,0,0,1,1,1,1,2,61,9,1349,1,11,MAZDA 2,8,E01027783,0,1
2024421415597,2024,421415597,1,9,0,-1,9,1,5,-1,0,6,0,0,0,0,1,1,-1,6,2,57,9,1349,1,14,MAZDA 2,4,E01021720,0,2
2024522500022,2024,522500022,1,9,0,1,1,9,9,0,0,0,0,4,0,0,2,1,6,6,1,-1,-1,1498,1,13,MAZDA 2,-1,-1,0,-1
2024440410785,2024,440410785,1,9,0,9,9,7,5,0,0,8,0,0,0,0,1,1,6,6,1,61,9,1349,1,15,MAZDA 2,9,E01022495,0,1
2024471502869,2024,471502869,1,9,0,-1,19,8,4,-1,0,0,0,7,1,7,1,1,-1,9,2,44,7,1498,1,16,MAZDA 2,7,E01021182,0,2
2024531408230,2024,531408230,2,9,0,-1,19,1,5,-1,0,0,0,0,0,0,2,1,-1,6,2,60,9,1496,1,1,MAZDA 2,1,W01001742,0,4
2024161516225,2024,161516225,1,9,0,-1,1,2,6,-1,0,0,0,0,0,0,2,9,-1,6,2,-1,-1,1349,1,13,MAZDA 2,-1,-1,0,-1
2024421504478,2024,421504478,2,9,0,-1,19,7,3,-1,0,0,0,0,0,0,3,1,-1,6,1,26,6,1349,1,15,MAZDA 2,4,E01022011,0,2
2024161406383,2024,161406383,2,9,0,-1,7,7,3,-1,0,5,0,0,0,0,1,9,-1,6,2,78,11,1349,1,12,MAZDA 2,6,E01013160,0,1
2024320018087,2024,320018087,2,9,0,2,2,0,0,0,0,0,0,0,0,0,3,1,6,6,2,76,11,1349,1,14,MAZDA 2,7,E01026369,0,1
2024991493627,2024,991493627,1,9,0,-1,19,8,4,-1,0,0,0,0,0,0,1,1,-1,9,1,33,6,1349,1,10,MAZDA 2,9,-1,0,2
2024991414371,2024,991414371,1,9,0,-1,19,3,7,-1,0,0,5,0,7,0,1,1,-1,9,1,20,4,1349,1,15,MAZDA 2,-1,-1,0,-1
2024041462340,2024,041462340,1,9,0,-1,19,1,5,-1,0,0,0,0,0,0,4,1,-1,9,2,73,10,1496,1,3,MAZDA 2,3,E01012691,0,1
2024430495419,2024,430495419,2,9,0,9,9,8,6,0,0,5,0,0,0,0,1,1,6,6,1,-1,-1,1349,1,9,MAZDA 2,-1,-1,0,-1
2024440340769,2024,440340769,3,9,0,3,3,6,2,0,0,0,0,0,0,0,2,1,6,6,2,51,8,1349,1,10,MAZDA 2,8,E01017183,0,1
2024471517949,2024,471517949,1,9,0,-1,9,6,4,-1,0,8,0,0,0,0,4,1,-1,6,2,58,9,1349,1,10,MAZDA 2,1,E01031404,0,2
2024010538950,2024,010538950,1,9,0,7,7,3,5,0,0,1,0,0,0,0,3,1,6,6,2,37,7,1349,1,13,MAZDA 2,5,E01003148,0,2
2024332400320,2024,332400320,1,9,0,-1,9,1,7,-1,0,2,0,0,1,10,1,1,-1,6,1,68,10,1496,1,2,MAZDA 2,7,E01025978,0,1
2024371429689,2024,371429689,1,9,0,-1,19,5,1,-1,0,0,0,0,0,0,1,1,-1,2,2,34,6,1349,1,10,MAZDA 2,10,E01030172,0,4
2024421527193,2024,421527193,1,9,0,-1,19,1,5,-1,0,4,0,0,0,0,1,1,-1,6,1,35,6,1349,1,13,MAZDA 2,4,E01021862,0,1
2024131469047,2024,131469047,1,9,0,-1,19,1,5,-1,0,0,0,0,0,0,1,1,-1,9,1,24,5,1349,1,14,MAZDA 2,5,E01011089,0,3
2024351466049,2024,351466049,1,9,0,-1,19,-1,-1,-1,0,1,0,0,0,0,9,9,-1,6,2,61,9,1496,1,9,MAZDA 2,9,E01018039,0,1
2024991520733,2024,991520733,1,9,0,-1,19,1,5,-1,0,0,0,0,0,0,1,1,-1,9,1,82,11,1349,1,12,MAZDA 2,5,-1,0,1
2024101459277,2024,101459277,1,9,0,-1,19,4,2,-1,0,1,0,0,0,0,1,1,-1,9,2,31,6,1349,1,16,MAZDA 2,7,E01008424,0,3
2024461503002,2024,461503002,1,9,0,-1,19,1,3,-1,0,0,0,0,0,0,1,1,-1,9,1,83,11,1496,1,1,MAZDA 2,10,E01024074,0,3
2024471463770,2024,471463770,1,9,0,-1,-1,-1,-1,-1,-1,-1,-1,-1,-1,0,-1,1,-1,6,2,30,6,1349,1,10,MAZDA 2,6,E01031601,0,1
2024141401052,2024,141401052,2,9,0,-1,19,7,3,-1,0,8,0,0,0,0,1,9,-1,6,1,26,6,1496,1,7,MAZDA 2,8,E01007384,0,1
2024101443783,2024,101443783,3,9,0,-1,4,5,1,-1,0,1,0,0,0,0,2,1,-1,6,2,35,6,1496,1,3,MAZDA 2,8,E01008527,0,1
2024631424087,2024,631424087,1,9,0,-1,19,2,6,-1,0,0,0,0,0,0,1,1,-1,9,2,22,5,1498,1,14,MAZDA 2,6,W01000433,0,2
2024440474883,2024,440474883,1,9,0,9,9,4,2,0,0,6,0,10,7,10,4,1,6,6,1,19,4,1349,1,12,MAZDA 2,7,E01023252,0,1
2024631418631,2024,631418631,2,9,0,-1,19,6,2,-1,0,0,0,0,1,10,3,1,-1,9,2,34,6,1400,1,17,MAZDA 2,7,W01000488,0,1
2024440387961,2024,440387961,2,9,0,18,19,4,8,0,0,1,0,0,0,0,1,1,6,6,2,23,5,1349,1,16,MAZDA 2,9,E01022975,0,1
2024461400776,2024,461400776,3,9,0,-1,19,6,2,-1,0,0,0,0,0,0,1,1,-1,6,1,32,6,1496,1,8,MAZDA 2,9,E01016172,0,2
2024501480101,2024,501480101,1,9,0,-1,7,5,7,-1,0,2,0,0,1,11,1,1,-1,9,2,24,5,1399,2,15,MAZDA 2,3,E01015115,0,2
2024311486892,2024,311486892,2,9,0,-1,9,2,1,-1,0,8,0,0,0,0,1,1,-1,6,2,19,4,1349,1,13,MAZDA 2,5,E01027972,0,1
2024430617605,2024,430617605,1,9,0,9,9,2,8,0,0,5,0,0,0,0,1,1,6,6,2,19,4,1496,1,8,MAZDA 2,5,E01016500,0,1
2024131515989,2024,131515989,1,9,0,-1,9,2,4,-1,0,8,0,0,0,0,4,1,-1,1,1,24,5,1349,1,14,MAZDA 2,1,E01011362,0,1
2024221443279,2024,221443279,1,9,0,-1,19,2,7,-1,0,8,0,0,0,0,1,1,-1,7,2,27,6,1349,1,13,MAZDA 2,5,E01014180,0,2
2024141435781,2024,141435781,3,9,0,-1,19,6,3,-1,0,0,0,0,0,0,1,1,-1,2,2,31,6,1498,1,6,MAZDA 2,3,E01007538,0,1
2024421495443,2024,421495443,3,9,0,-1,19,1,5,-1,0,0,0,0,0,0,1,9,-1,6,1,27,6,1498,1,5,MAZDA 2,5,E01021449,0,1
2024552401261,2024,552401261,2,9,0,8,8,2,4,0,0,6,0,0,0,0,2,1,6,6,1,47,8,1496,1,7,MAZDA 2,7,E01020509,0,1
2024440022005,2024,440022005,2,9,0,2,2,0,0,0,0,0,0,0,0,0,2,1,6,6,3,-1,-1,1496,1,3,MAZDA 2,-1,-1,0,-1
2024501414023,2024,501414023,1,9,0,-1,19,7,3,-1,0,0,0,0,7,11,1,9,-1,9,2,25,5,1349,1,10,MAZDA 2,4,E01020337,0,1
2024161437198,2024,161437198,1,9,0,-1,9,5,7,-1,0,8,0,0,0,0,1,1,-1,2,2,60,9,1496,1,9,MAZDA 2,1,E01012892,0,1
2024201438339,2024,201438339,1,9,0,-1,2,0,0,-1,0,1,0,0,0,0,3,1,-1,1,1,63,9,1498,1,16,MAZDA 2,4,E01010145,0,4
2024520403367,2024,520403367,1,9,0,5,5,1,5,0,0,8,0,0,0,0,3,1,6,6,1,38,7,1349,1,14,MAZDA 2,3,E01002085,0,5
2024461433960,2024,461433960,1,9,0,-1,19,4,8,-1,0,8,0,0,0,0,1,1,-1,9,1,21,5,1349,1,13,MAZDA 2,3,E01024239,0,3
2024471464403,2024,471464403,2,9,0,-1,19,3,7,-1,0,1,0,0,0,0,1,1,-1,9,2,73,10,1496,1,7,MAZDA 2,7,E01024362,0,4
2024461457923,2024,461457923,1,9,0,-1,4,8,4,-1,0,1,0,0,0,0,1,1,-1,9,2,87,11,1349,1,11,MAZDA 2,8,E01024792,0,3
2024471416516,2024,471416516,3,9,0,-1,2,5,1,-1,0,0,1,0,0,0,2,1,-1,6,-1,-1,-1,1498,1,12,MAZDA 2,-1,-1,0,-1
2024010531893,2024,010531893,2,9,9,99,99,9,9,99,99,9,9,99,9,99,9,9,6,6,3,-1,-1,1498,1,16,MAZDA 2,-1,-1,0,-1
2024010517540,2024,010517540,1,9,0,99,99,9,9,99,99,9,9,99,9,99,1,9,6,6,2,44,7,1496,1,7,MAZDA 2,5,E01002565,0,1
2024991445704,2024,991445704,2,9,0,-1,5,3,8,-1,0,6,0,0,0,0,1,1,-1,6,1,80,11,1496,1,8,MAZDA 2,6,-1,0,4
2024440497291,2024,440497291,1,9,0,18,19,7,3,0,0,0,0,4,0,0,0,1,6,6,2,36,7,1496,1,5,MAZDA 2,7,E01032845,0,3
2024471407792,2024,471407792,1,9,0,-1,12,7,3,-1,0,0,0,0,0,0,3,1,-1,6,1,41,7,1349,1,15,MAZDA 2,8,E01034821,0,3
2024041494510,2024,041494510,1,9,0,-1,9,5,1,-1,0,8,0,0,0,0,4,1,-1,2,2,23,5,1349,1,14,MAZDA 2,8,E01025242,0,1
2024041421149,2024,041421149,2,9,0,-1,19,7,3,-1,0,8,0,0,0,0,4,1,-1,9,2,80,11,1490,8,2,MAZDA 2,5,E01012719,0,1
2024531411640,2024,531411640,1,9,0,-1,7,2,6,-1,0,1,0,0,0,0,1,1,-1,6,2,59,9,1349,1,11,MAZDA 2,8,W01000611,0,5
2024351529018,2024,351529018,1,9,0,-1,5,3,7,-1,0,4,0,0,0,0,2,1,-1,6,1,62,9,1496,1,8,MAZDA 2,9,E01026334,0,3
2024010498688,2024,010498688,1,9,0,99,99,9,9,99,99,9,9,99,9,99,9,9,6,6,2,30,6,1490,8,1,MAZDA 2,10,E01017935,0,3
2024522401319,2024,522401319,1,9,0,2,2,0,0,0,0,0,0,0,0,0,2,1,6,6,1,37,7,1349,1,10,MAZDA 2,4,E01033907,0,1
2024041413453,2024,041413453,1,9,0,-1,19,3,7,-1,0,0,0,0,0,0,1,1,-1,6,2,37,7,1349,1,14,MAZDA 2,2,E01009981,0,5
2024070295352,2024,070295352,2,9,0,7,7,4,8,0,0,1,0,0,0,0,2,1,6,6,2,44,7,1498,1,6,MAZDA 2,1,E01012445,0,3
2024991396410,2024,991396410,1,9,0,-1,19,5,1,-1,0,1,0,0,0,0,1,1,-1,6,2,30,6,1349,1,11,MAZDA 2,1,-1,0,2
2024411500720,2024,411500720,1,9,0,-1,19,-1,-1,-1,0,2,0,0,0,0,3,1,-1,6,1,24,5,1349,1,13,MAZDA 2,6,E01035563,0,1
2024520401881,2024,520401881,1,9,0,18,19,3,7,0,0,1,0,0,0,0,1,1,6,6,2,34,6,1349,1,15,MAZDA 2,8,E01029256,0,1
2024991526907,2024,991526907,1,9,0,-1,9,6,3,-1,0,0,0,0,0,0,1,1,-1,6,1,46,8,1496,1,2,MAZDA 2,3,-1,0,1
2024411521937,2024,411521937,2,9,-1,-1,-1,-1,-1,-1,-1,-1,-1,-1,-1,0,1,9,-1,6,2,36,7,1498,1,14,MAZDA 2,9,E01017377,0,1
2024201515704,2024,201515704,1,9,0,-1,9,3,1,-1,0,5,0,0,0,0,1,1,-1,6,2,24,5,1499,2,8,MAZDA 2,1,E01009339,0,1
2024991491726,2024,991491726,1,9,0,-1,9,2,7,-1,0,8,0,0,0,0,1,1,-1,6,1,45,7,1349,1,14,MAZDA 2,1,-1,0,3
2024010547792,2024,010547792,4,9,0,18,19,7,3,0,0,0,0,0,0,0,3,1,2,2,1,37,7,1498,1,5,MAZDA 2,3,E01001546,0,2
2024351503437,2024,351503437,1,9,0,-1,9,7,3,-1,0,7,0,0,0,0,9,9,-1,6,2,-1,-1,1349,1,16,MAZDA 2,6,E01017949,0,1
2024522403427,2024,522403427,5,9,0,3,3,4,8,0,0,0,0,0,0,0,2,1,6,6,2,45,7,1349,1,10,MAZDA 2,9,W01001190,0,4
2024421521266,2024,421521266,1,9,0,-1,19,4,8,-1,0,0,0,0,0,0,1,1,-1,2,2,29,6,1349,1,17,MAZDA 2,5,E01021380,0,1
2024201553679,2024,201553679,1,9,0,-1,19,8,4,-1,0,0,5,4,0,0,4,9,-1,6,2,23,5,1490,8,0,MAZDA 2,1,E01033648,0,1
2024411503454,2024,411503454,1,9,0,-1,19,6,2,-1,0,0,0,0,0,0,1,1,-1,6,1,58,9,1349,1,14,MAZDA 2,5,E01017748,0,2
2024411466812,2024,411466812,2,9,-1,-1,4,-1,-1,-1,0,3,-1,-1,-1,0,2,9,-1,9,1,71,10,1349,1,16,MAZDA 2,3,E01023876,0,1
2024041424019,2024,041424019,2,9,0,-1,19,1,5,-1,0,0,0,0,0,0,1,1,-1,6,2,62,9,1349,1,13,MAZDA 2,1,E01012646,0,2
2024141408654,2024,141408654,1,9,0,-1,6,3,7,-1,0,8,0,0,0,0,2,1,-1,9,1,48,8,1349,1,14,MAZDA 2,6,E01008105,0,1
2024201453353,2024,201453353,2,9,0,-1,19,4,8,-1,0,8,0,10,1,0,1,1,-1,9,2,38,7,1349,1,13,MAZDA 2,1,E01009935,0,1
2024111419393,2024,111419393,2,9,0,-1,19,5,8,-1,0,4,0,0,0,0,2,1,-1,9,2,41,7,1496,1,2,MAZDA 2,4,E01020711,0,1
2024440081223,2024,440081223,2,9,0,18,19,6,2,0,0,1,1,0,0,0,1,1,6,6,2,28,6,1496,1,9,MAZDA 2,9,E01032849,0,3
2024440171177,2024,440171177,1,9,0,4,4,4,8,0,0,1,0,0,0,0,2,1,6,6,2,30,6,1496,1,5,MAZDA 2,9,E01035439,0,1
2024991532535,2024,991532535,1,9,0,-1,3,8,4,-1,0,0,0,0,0,0,2,1,-1,9,1,48,8,1498,1,5,MAZDA 2,9,-1,0,1
2024461532016,2024,461532016,1,9,0,-1,19,6,3,-1,0,0,2,0,7,0,1,1,-1,9,2,18,4,1349,1,13,MAZDA 2,6,E01024729,0,1