collision_index,collision_year,collision_ref_no,vehicle_reference,vehicle_type,towing_and_articulation,vehicle_manoeuvre_historic,vehicle_manoeuvre,vehicle_direction_from,vehicle_direction_to,vehicle_location_restricted_lane_historic,vehicle_location_restricted_lane,junction_location,skidding_and_overturning,hit_object_in_carriageway,vehicle_leaving_carriageway,hit_object_off_carriageway,first_point_of_impact,vehicle_left_hand_drive,journey_purpose_of_driver_historic,journey_purpose_of_driver,sex_of_driver,age_of_driver,age_band_of_driver,engine_capacity_cc,propulsion_code,age_of_vehicle,generic_make_model,driver_imd_decile,lsoa_of_driver,escooter_flag,driver_distance_banding
2024451438312,2024,451438312,1,9,0,-1,7,7,1,-1,0,6,0,0,0,0,1,1,-1,9,2,73,10,1496,1,7,MAZDA 2,4,E01030827,0,1
2024461455996,2024,461455996,2,9,0,-1,2,0,0,-1,0,0,0,0,7,0,1,1,-1,6,-1,-1,-1,1496,1,9,MAZDA 2,-1,-1,0,-1
2024440119208,2024,440119208,1,9,0,17,19,5,2,0,0,0,0,0,1,4,1,1,6,6,2,31,6,1349,1,14,MAZDA 2,-1,-1,0,-1
2024340WN7072,2024,340WN7072,1,9,0,-1,9,5,2,-1,0,5,0,0,0,0,3,1,-1,9,1,36,7,1399,2,16,MAZDA 2,5,E01027136,0,1
2024421405406,2024,421405406,1,9,0,-1,9,2,8,-1,0,1,0,0,0,0,1,1,-1,6,2,31,6,1348,1,17,MAZDA 2,3,E01021858,0,1
2024451487371,2024,451487371,2,9,0,-1,9,7,3,-1,0,5,0,0,0,0,1,1,-1,9,1,58,9,1349,1,13,MAZDA 2,10,E01030357,0,1
2024101439083,2024,101439083,2,9,-1,-1,4,3,7,-1,0,0,0,0,0,0,4,9,-1,9,1,24,5,1349,1,13,MAZDA 2,1,E01008301,0,1
2024522500054,2024,522500054,2,9,0,6,6,1,1,0,0,0,0,0,0,0,1,1,6,6,1,23,5,1349,1,12,MAZDA 2,9,E01014559,0,1
2024302401360,2024,302401360,3,9,0,4,4,1,5,0,0,0,0,0,0,0,2,1,6,6,2,62,9,1496,1,4,MAZDA 2,8,E01019410,0,2
2024010550081,2024,010550081,1,9,0,5,5,1,5,0,0,4,0,0,0,0,1,1,1,1,2,60,9,1349,1,15,MAZDA 2,8,E01001127,0,1
2024041506982,2024,041506982,1,9,0,-1,9,3,1,-1,0,8,0,0,0,0,1,1,-1,9,1,80,11,1496,1,1,MAZDA 2,9,E01024972,0,1
2024411423482,2024,411423482,2,9,0,-1,4,1,3,-1,0,8,0,0,0,0,2,1,-1,9,2,52,8,1496,1,4,MAZDA 2,7,E01017427,0,4
2024991441821,2024,991441821,2,9,0,-1,4,6,2,-1,0,1,0,0,0,0,4,1,-1,9,1,18,4,1496,1,7,MAZDA 2,10,-1,0,1
2024520002826,2024,520002826,1,9,0,18,19,7,3,0,0,0,0,0,0,0,3,1,6,6,1,22,5,1349,1,11,MAZDA 2,7,E01029063,0,3
2024010525891,2024,010525891,2,9,0,11,11,5,1,0,0,8,0,0,0,0,1,1,6,6,1,68,10,1496,1,8,MAZDA 2,10,E01017436,0,4
2024451396137,2024,451396137,1,9,0,-1,19,3,7,-1,0,0,0,0,0,0,2,1,-1,9,1,29,6,1496,1,4,MAZDA 2,8,E01035358,0,4
2024549741524,2024,549741524,1,9,0,18,19,3,7,0,0,1,0,0,0,0,1,1,6,6,1,24,5,1498,1,12,MAZDA 2,9,E01034542,0,1
2024440212414,2024,440212414,1,9,0,12,12,2,6,0,0,0,0,0,0,0,2,1,6,6,2,35,6,1498,1,5,MAZDA 2,10,E01022877,0,1
2024440525788,2024,440525788,1,9,0,18,19,3,7,0,0,0,5,0,0,0,0,1,6,6,2,41,7,1349,1,11,MAZDA 2,4,E01022817,0,3
2024332401007,2024,332401007,1,9,0,-1,10,2,8,-1,0,8,0,0,0,0,2,1,-1,9,2,59,9,1498,1,13,MAZDA 2,4,E01013714,0,1
2024991451124,2024,991451124,2,9,0,-1,19,7,3,-1,0,2,0,0,0,0,1,1,-1,9,2,30,6,1349,1,12,MAZDA 2,-1,-1,0,-1
2024991535570,2024,991535570,2,9,0,-1,19,3,7,-1,0,8,1,0,0,0,4,1,-1,9,2,48,8,1496,1,2,MAZDA 2,-1,-1,0,-1
2024302400352,2024,302400352,1,9,0,18,19,7,3,0,0,0,1,0,0,0,1,1,6,6,1,17,4,1349,1,11,MAZDA 2,4,E01007350,0,4
2024041396126,2024,041396126,1,9,0,-1,19,2,6,-1,0,0,0,0,0,0,1,1,-1,6,2,40,7,1496,1,7,MAZDA 2,5,E01007056,0,3
2024371439285,2024,371439285,2,9,0,-1,19,7,3,-1,0,8,0,0,0,0,3,1,-1,2,2,44,7,1496,1,3,MAZDA 2,10,E01030050,0,2
2024201479731,2024,201479731,1,9,0,-1,19,8,4,-1,0,1,0,0,0,0,1,1,-1,6,1,56,9,1349,1,14,MAZDA 2,1,E01009349,0,1
2024201493026,2024,201493026,2,9,0,-1,19,6,2,-1,0,8,0,0,0,0,1,1,-1,6,2,27,6,1496,1,9,MAZDA 2,8,E01032452,0,4
2024471472640,2024,471472640,2,9,0,-1,19,7,2,-1,0,0,0,0,0,0,0,1,-1,9,1,53,8,1496,1,2,MAZDA 2,10,E01031681,0,3
2024041513290,2024,041513290,2,9,0,-1,19,5,1,-1,0,1,0,0,0,0,1,1,-1,2,2,51,8,1349,1,11,MAZDA 2,10,E01025403,0,1
2024622400753,2024,622400753,1,9,0,9,9,2,8,0,0,8,0,0,0,0,1,1,6,6,1,24,5,1349,1,14,MAZDA 2,6,W01001756,0,1
2024201443177,2024,201443177,2,9,0,-1,3,7,3,-1,0,0,0,0,0,0,2,1,-1,6,2,-1,-1,1498,1,12,MAZDA 2,-1,-1,0,-1
2024131422716,2024,131422716,1,9,0,-1,-1,-1,-1,-1,-1,-1,-1,-1,-1,-1,-1,1,-1,6,3,-1,-1,1560,2,13,MAZDA 2,-1,-1,0,-1
2024141434098,2024,141434098,1,9,0,-1,9,6,3,-1,0,5,0,0,0,0,4,1,-1,9,1,21,5,1349,1,14,MAZDA 2,1,E01007892,0,1
2024340WN1222,2024,340WN1222,1,9,0,-1,19,6,2,-1,0,1,0,0,0,0,1,1,-1,6,1,-1,-1,1348,1,16,MAZDA 2,-1,-1,0,-1
2024991426529,2024,991426529,1,9,0,-1,19,6,2,-1,0,0,0,0,0,0,1,1,-1,9,1,36,7,1349,1,14,MAZDA 2,1,-1,0,1
2024451453384,2024,451453384,2,9,0,-1,19,6,2,-1,0,0,0,0,0,0,3,1,-1,9,2,74,10,1349,1,11,MAZDA 2,8,E01030869,0,3
2024311488553,2024,311488553,1,9,0,-1,19,1,3,-1,0,0,2,10,7,0,1,1,-1,2,1,22,5,1349,1,15,MAZDA 2,6,E01007724,0,3
2024161411344,2024,161411344,1,9,0,-1,19,1,5,-1,0,1,0,0,0,0,1,1,-1,9,1,30,6,1349,1,16,MAZDA 2,4,E01012762,0,1
2024211485273,2024,211485273,1,9,0,-1,7,3,7,-1,0,1,0,0,0,0,1,2,-1,6,1,43,7,1349,1,13,MAZDA 2,-1,-1,0,-1
2024552400249,2024,552400249,2,9,0,2,2,0,0,0,0,0,0,0,0,0,2,1,6,6,2,19,4,1349,1,15,MAZDA 2,5,E01020534,0,1
2024302400718,2024,302400718,1,9,0,9,9,6,5,0,0,8,0,0,0,0,3,1,6,6,2,73,10,1496,1,9,MAZDA 2,-1,-1,0,-1
2024311413966,2024,311413966,2,9,0,-1,3,7,3,-1,0,0,0,0,0,0,2,1,-1,2,1,42,7,1560,2,13,MAZDA 2,1,E01013844,0,1
2024131512872,2024,131512872,1,9,0,-1,12,5,1,-1,0,0,5,0,0,0,1,1,-1,6,1,21,5,1349,1,12,MAZDA 2,1,E01010960,0,1
2024471479759,2024,471479759,2,9,0,-1,19,3,7,-1,0,8,5,0,7,3,4,1,-1,2,2,37,7,1349,1,10,MAZDA 2,10,E01031686,0,2
2024070422201,2024,070422201,2,9,0,18,19,2,6,0,0,1,0,0,7,11,4,1,6,6,1,46,8,1498,1,10,MAZDA 2,-1,-1,0,-1
2024520402889,2024,520402889,1,9,0,18,19,3,7,0,0,0,0,0,7,11,1,1,6,6,2,67,10,1498,1,14,MAZDA 2,4,E01029025,0,1
2024991438660,2024,991438660,1,9,0,-1,19,7,3,-1,0,0,0,0,0,0,1,1,-1,6,1,41,7,1349,1,12,MAZDA 2,2,-1,0,4
2024351511240,2024,351511240,2,9,0,-1,19,7,3,-1,0,0,0,0,0,0,1,1,-1,6,2,85,11,1349,1,10,MAZDA 2,8,E01026363,0,2
2024440182342,2024,440182342,2,9,0,5,5,7,3,0,0,6,0,0,0,0,1,1,6,6,1,19,4,1349,1,14,MAZDA 2,10,E01022707,0,2
2024991510351,2024,991510351,1,9,0,-1,5,7,4,-1,0,1,0,0,0,0,1,1,-1,9,2,74,10,1496,1,9,MAZDA 2,6,-1,0,2
2024411527631,2024,411527631,2,9,0,-1,-1,-1,-1,-1,-1,-1,-1,-1,-1,0,3,9,-1,9,1,34,6,1349,1,14,MAZDA 2,6,E01023394,0,1
2024131423115,2024,131423115,2,9,0,-1,19,5,1,-1,0,8,0,0,0,0,1,1,-1,6,2,61,9,1349,1,15,MAZDA 2,2,E01011295,0,1
2024041482444,2024,041482444,2,9,0,-1,19,5,1,-1,0,8,5,0,0,0,3,1,-1,9,2,64,9,1496,1,0,MAZDA 2,4,E01012604,0,1
2024131437925,2024,131437925,1,9,0,-1,19,7,3,-1,1,1,0,0,0,0,4,1,-1,2,2,39,7,1496,1,4,MAZDA 2,3,E01011608,0,1
2024311477516,2024,311477516,1,9,0,-1,19,1,5,-1,0,0,1,0,0,0,1,9,-1,6,1,22,5,1349,1,15,MAZDA 2,4,E01028165,0,1
2024201495278,2024,201495278,1,9,0,-1,19,5,1,-1,0,6,0,0,0,0,1,9,-1,6,1,30,6,1349,1,15,MAZDA 2,3,E01007993,0,5
2024991396945,2024,991396945,1,9,0,-1,19,7,3,-1,0,6,0,0,0,0,1,1,-1,9,2,53,8,1349,1,10,MAZDA 2,2,-1,0,1
2024010511694,2024,010511694,1,9,0,9,9,4,1,5,5,8,0,0,0,0,3,1,2,2,1,63,9,1349,1,12,MAZDA 2,10,E01002253,0,3
2024440500109,2024,440500109,1,9,0,18,19,1,5,0,0,8,0,0,0,0,1,1,6,6,1,66,10,1349,1,13,MAZDA 2,2,E01022942,0,1
2024031447519,2024,031447519,1,9,0,-1,19,3,8,-1,-1,0,0,0,1,0,1,1,-1,9,1,18,4,1349,1,15,MAZDA 2,-1,-1,0,-1
2024622400843,2024,622400843,1,9,0,18,19,2,6,0,0,8,2,0,1,7,1,1,1,1,1,75,10,1498,1,15,MAZDA 2,6,W01001806,0,3
2024371422120,2024,371422120,1,9,0,-1,19,2,6,-1,0,1,0,0,0,0,3,1,-1,9,1,19,4,1349,1,14,MAZDA 2,9,E01030239,0,1
2024010551713,2024,010551713,1,9,0,18,19,7,3,0,0,0,0,0,0,0,1,1,6,6,2,37,7,1496,1,4,MAZDA 2,5,E01024546,0,4
2024471507477,2024,471507477,1,9,0,-1,7,3,7,-1,0,0,0,10,0,0,1,1,-1,9,1,88,11,1496,1,8,MAZDA 2,8,E01016956,0,1
2024041453687,2024,041453687,2,9,0,-1,2,0,0,-1,0,1,0,0,0,0,2,1,-1,6,-1,-1,-1,1496,1,9,MAZDA 2,-1,-1,0,-1
2024501509795,2024,501509795,1,9,0,-1,19,2,6,-1,0,0,5,0,2,7,1,1,-1,6,2,45,7,1349,1,10,MAZDA 2,4,E01020314,0,1
2024451396346,2024,451396346,1,9,0,-1,19,7,3,-1,0,0,0,0,0,0,1,1,-1,9,1,42,7,1496,1,8,MAZDA 2,5,E01033839,0,4
2024361548119,2024,361548119,1,9,0,-1,19,1,7,-1,0,8,0,0,0,0,3,1,-1,6,2,76,11,1349,1,14,MAZDA 2,3,E01026665,0,3
2024320461277,2024,320461277,1,9,0,5,5,4,8,0,0,2,0,0,0,0,3,1,6,6,2,60,9,1349,1,12,MAZDA 2,2,E01026084,0,1
2024421440561,2024,421440561,2,9,0,-1,3,5,1,-1,0,1,0,0,0,0,2,1,-1,9,1,20,4,1349,1,11,MAZDA 2,5,E01021814,0,1
2024440438311,2024,440438311,1,9,0,9,9,2,6,0,0,8,0,0,0,0,1,1,2,2,2,42,7,1496,1,2,MAZDA 2,4,E01017333,0,1
2024131512717,2024,131512717,1,9,0,-1,9,7,5,-1,0,8,0,0,0,0,1,1,-1,2,2,43,7,1496,1,5,MAZDA 2,5,E01011388,0,2
2024010524609,2024,010524609,1,9,0,18,19,3,7,0,0,2,0,0,0,0,3,1,2,2,1,53,8,1496,1,8,MAZDA 2,2,E01000223,0,1
2024010510659,2024,010510659,1,9,0,18,19,7,3,0,0,8,0,0,0,0,3,1,6,6,2,51,8,1498,1,5,MAZDA 2,4,E01003453,0,1
2024161478994,2024,161478994,2,9,0,-1,19,1,5,-1,0,8,0,0,0,0,2,1,-1,6,1,81,11,1490,8,2,MAZDA 2,8,E01013262,0,1
2024371480461,2024,371480461,2,9,0,-1,4,3,7,-1,0,0,0,0,0,0,2,1,-1,9,2,72,10,1349,1,10,MAZDA 2,8,E01026931,0,3
2024031442404,2024,031442404,1,9,0,-1,19,1,5,-1,0,0,0,0,1,0,1,1,-1,6,1,31,6,1349,1,10,MAZDA 2,-1,-1,0,-1
2024221437707,2024,221437707,2,9,0,-1,4,6,2,-1,0,8,0,0,0,0,2,9,-1,6,2,36,7,1349,1,10,MAZDA 2,9,E01032125,0,1
2024522402868,2024,522402868,2,9,0,18,19,6,2,0,0,0,0,0,0,0,1,1,6,6,1,64,9,1496,1,8,MAZDA 2,7,E01029085,0,3
2024501507549,2024,501507549,1,9,0,-1,19,5,1,-1,9,0,0,0,2,11,1,1,-1,6,1,75,10,1399,2,16,MAZDA 2,6,E01034620,0,1
2024451429400,2024,451429400,1,9,0,-1,19,6,2,-1,0,0,0,0,8,4,1,1,-1,9,1,20,4,1349,1,15,MAZDA 2,9,E01030441,0,1
2024991428410,2024,991428410,1,9,0,-1,19,6,2,-1,0,0,2,0,1,0,1,1,-1,9,1,17,4,1349,1,13,MAZDA 2,7,-1,0,1
2024211404995,2024,211404995,3,9,0,-1,4,5,8,-1,0,0,0,0,0,0,2,9,-1,9,2,-1,-1,1349,1,16,MAZDA 2,-1,-1,0,-1
2024411532277,2024,411532277,2,9,0,-1,3,5,1,-1,0,0,0,0,1,10,2,1,-1,2,1,19,4,1349,1,12,MAZDA 2,4,E01023560,0,1
2024421439584,2024,421439584,2,9,0,-1,19,4,8,-1,0,1,0,0,0,0,3,1,-1,9,1,83,11,1496,1,2,MAZDA 2,7,E01022088,0,1
2024411501656,2024,411501656,1,9,-1,-1,9,3,7,-1,0,6,0,0,0,0,1,9,-1,9,2,41,7,1496,1,1,MAZDA 2,6,E01023671,0,1
2024351510726,2024,351510726,4,9,0,-1,4,1,5,-1,0,0,0,0,0,0,2,1,-1,2,1,43,7,1499,2,9,MAZDA 2,9,E01031532,0,5
2024501403566,2024,501403566,1,9,0,-1,19,4,7,-1,0,0,2,0,1,4,1,9,-1,6,1,24,5,1349,1,16,MAZDA 2,4,E01015031,0,1
2024440462434,2024,440462434,3,9,0,18,19,7,2,0,0,0,0,0,0,0,2,1,6,6,1,22,5,1498,1,14,MAZDA 2,7,E01023215,0,4
2024201512917,2024,201512917,1,9,0,-1,9,2,1,-1,0,5,0,0,0,0,1,9,-1,6,1,43,7,1349,1,11,MAZDA 2,3,E01008970,0,1
2024131519995,2024,131519995,1,9,0,-1,13,2,7,-1,0,1,1,0,1,11,1,1,-1,9,1,20,4,1349,1,13,MAZDA 2,3,E01011153,0,1
2024351471508,2024,351471508,1,9,-1,-1,7,-1,-1,-1,0,5,-1,-1,-1,0,4,9,-1,6,2,-1,-1,1349,1,11,MAZDA 2,10,E01018234,0,2
2024548056524,2024,548056524,2,9,0,18,19,5,1,0,0,0,1,0,0,0,1,1,1,1,1,68,10,1349,1,16,MAZDA 2,1,E01017336,0,4
2024141466469,2024,141466469,1,9,0,-1,3,5,7,-1,0,4,0,0,0,0,2,1,-1,2,1,27,6,1496,1,3,MAZDA 2,8,E01007890,0,1
2024461473152,2024,461473152,1,9,0,-1,19,6,2,-1,0,0,0,0,0,0,1,1,-1,9,1,44,7,1349,1,11,MAZDA 2,4,E01029831,0,5
2024461407212,2024,461407212,3,9,0,-1,4,8,2,-1,0,0,0,0,0,0,2,1,-1,9,1,70,10,1498,1,5,MAZDA 2,9,E01016090,0,1
2024010499018,2024,010499018,2,9,0,99,99,9,9,99,99,9,9,99,9,99,2,1,6,6,1,-1,-1,1349,1,10,MAZDA 2,6,-1,0,5
2024531494306,2024,531494306,1,9,0,-1,9,5,2,-1,0,6,0,0,0,0,1,1,-1,9,2,50,8,1600,1,19,MAZDA 2,9,E01022352,0,1
2024041450077,2024,041450077,2,9,0,-1,19,5,1,-1,0,0,0,0,0,0,2,1,-1,6,1,34,6,1560,2,15,MAZDA 2,1,E01025036,0,2
2024221463824,2024,221463824,2,9,0,-1,19,8,4,-1,0,0,0,0,0,0,2,9,-1,6,2,56,9,1496,1,3,MAZDA 2,8,E01009850,0,2
2024991417383,2024,991417383,3,9,0,-1,2,0,0,-1,-1,8,0,0,0,0,3,1,-1,6,-1,-1,-1,1496,1,9,MAZDA 2,-1,-1,0,-1
2024461513458,2024,461513458,2,9,0,-1,9,1,3,-1,0,1,0,0,0,0,3,9,-1,9,2,18,4,1349,1,12,MAZDA 2,8,E01016148,0,1
2024520403021,2024,520403021,2,9,0,7,7,1,5,0,0,8,0,0,1,0,1,1,6,6,2,23,5,1490,8,2,MAZDA 2,9,E01029198,0,1
2024631467587,2024,631467587,1,9,0,-1,19,8,4,-1,0,6,0,0,0,0,4,1,-1,6,1,20,4,1349,1,13,MAZDA 2,7,E01010537,0,5
2024552400717,2024,552400717,2,9,0,2,2,0,0,0,0,0,0,0,0,0,4,1,6,6,3,-1,-1,1349,1,16,MAZDA 2,-1,-1,0,-1
2024061504127,2024,061504127,2,9,0,-1,19,4,8,-1,0,1,0,0,0,0,1,1,-1,2,1,51,8,1349,1,15,MAZDA 2,4,E01034345,0,2
2024041481194,2024,041481194,1,9,0,-1,19,7,3,-1,0,0,0,4,0,0,1,1,-1,9,1,24,5,1349,1,12,MAZDA 2,8,E01025497,0,3
2024471485455,2024,471485455,1,9,0,-1,19,2,6,-1,0,8,0,0,0,0,1,1,-1,6,1,62,9,1498,1,16,MAZDA 2,-1,-1,0,-1
2024201456840,2024,201456840,2,9,0,-1,19,7,3,-1,0,8,0,0,0,0,3,9,-1,6,2,43,7,1498,1,13,MAZDA 2,2,E01009017,0,1
2024061430219,2024,061430219,1,9,0,-1,19,6,2,-1,0,0,0,0,0,0,1,1,-1,6,2,39,7,1498,1,15,MAZDA 2,-1,-1,0,-1
2024461405998,2024,461405998,1,9,0,-1,19,8,4,-1,0,2,0,0,0,0,1,2,-1,6,1,53,8,1490,8,1,MAZDA 2,9,E01024006,0,1
2024991472424,2024,991472424,2,9,0,-1,19,7,3,-1,0,8,0,0,0,0,1,1,-1,9,2,48,8,1496,1,9,MAZDA 2,3,-1,0,1
2024440479096,2024,440479096,1,9,0,18,19,3,7,0,0,0,2,0,1,9,1,1,6,6,2,18,4,1349,1,12,MAZDA 2,9,E01015406,0,4
2024548124824,2024,548124824,1,9,0,18,19,5,1,0,0,0,0,0,0,0,1,1,4,7,1,39,7,1349,1,15,MAZDA 2,7,E01015487,0,1
2024371499410,2024,371499410,1,9,0,-1,19,6,1,-1,0,1,0,0,0,0,1,1,-1,9,1,17,4,1349,1,15,MAZDA 2,3,E01030010,0,1
2024311520008,2024,311520008,2,9,0,-1,3,6,2,-1,0,2,1,0,0,0,1,1,-1,6,2,24,5,1349,1,16,MAZDA 2,3,E01035508,0,1
2024430346781,2024,430346781,2,9,0,18,19,8,4,0,0,6,0,0,0,0,1,1,6,6,1,-1,-1,1496,1,4,MAZDA 2,10,E01016665,0,4
2024111468450,2024,111468450,1,9,0,-1,19,7,3,-1,0,0,0,0,0,0,1,1,-1,1,2,33,6,1490,8,0,MAZDA 2,5,E01020890,0,4
2024041414309,2024,041414309,2,9,0,-1,19,5,1,-1,0,0,0,0,0,0,3,1,-1,2,1,23,5,1349,1,10,MAZDA 2,3,E01025359,0,1
2024122400480,2024,122400480,2,8,0,5,5,3,6,0,0,4,0,0,0,0,1,1,6,6,2,52,8,1349,1,17,MAZDA 2,7,E01027661,0,1
2024061516967,2024,061516967,1,9,-1,-1,9,-1,-1,-1,0,6,3,0,1,0,3,1,-1,9,2,25,5,1498,1,12,MAZDA 2,1,E01005067,0,1
2024461464753,2024,461464753,1,9,0,-1,9,5,2,-1,0,8,0,0,0,0,1,1,-1,7,2,40,7,1498,1,13,MAZDA 2,8,E01024750,0,2
2024421396512,2024,421396512,1,9,0,-1,19,4,8,-1,0,0,0,0,0,0,1,1,-1,6,1,76,11,1400,1,19,MAZDA 2,2,E01035585,0,2
2024461439473,2024,461439473,1,9,0,-1,19,7,3,-1,0,1,0,0,8,0,1,1,-1,9,1,19,4,1349,1,11,MAZDA 2,8,E01024011,0,1
2024622400164,2024,622400164,1,9,0,17,19,2,6,0,0,0,1,0,7,9,4,1,6,6,1,17,4,1349,1,11,MAZDA 2,3,W01001898,0,3
2024471417733,2024,471417733,2,9,0,-1,4,6,2,-1,0,0,0,0,2,0,2,1,-1,6,1,71,10,1496,1,5,MAZDA 2,4,E01021114,0,3
2024201518811,2024,201518811,2,9,0,-1,2,0,0,-1,0,0,0,0,1,0,1,9,-1,6,-1,-1,-1,1349,1,13,MAZDA 2,-1,-1,0,-1
2024991402188,2024,991402188,1,9,0,-1,9,8,5,-1,9,5,0,0,1,11,1,1,-1,6,1,25,5,1349,1,15,MAZDA 2,2,-1,0,1
2024401538933,2024,401538933,2,9,0,-1,19,7,3,-1,0,3,0,0,0,0,4,1,-1,6,2,29,6,1496,1,5,MAZDA 2,9,E01017381,0,1
2024411470661,2024,411470661,1,9,-1,-1,-1,3,-1,-1,0,4,0,0,0,0,1,1,-1,6,1,22,5,1496,1,1,MAZDA 2,1,E01001424,0,2
2024201513560,2024,201513560,2,9,0,-1,20,2,2,-1,0,0,0,0,0,0,3,1,-1,9,2,38,7,1349,1,13,MAZDA 2,2,E01009346,0,1
2024501518849,2024,501518849,2,9,0,-1,4,8,4,-1,0,0,0,0,0,0,3,1,-1,9,1,81,11,1498,1,6,MAZDA 2,7,E01018823,0,1
2024311426950,2024,311426950,1,9,0,-1,19,3,7,-1,0,8,0,0,0,0,1,1,-1,6,1,40,7,1349,1,15,MAZDA 2,9,E01028138,0,1
2024061510531,2024,061510531,1,9,0,-1,19,8,5,-1,0,8,0,0,0,0,1,1,-1,9,1,21,5,1496,1,2,MAZDA 2,6,E01004962,0,1
2024141424503,2024,141424503,1,9,0,-1,19,5,1,-1,0,0,0,0,0,0,1,9,-1,6,2,31,6,1349,1,12,MAZDA 2,6,E01007609,0,2
2024501494040,2024,501494040,2,9,0,-1,19,4,8,-1,0,8,0,0,0,0,1,1,-1,6,1,-1,-1,1349,1,12,MAZDA 2,8,E01030785,0,5
202460Q078518,2024,60Q078518,1,9,0,11,11,4,8,0,0,3,0,0,0,0,4,1,6,6,1,25,5,1349,1,16,MAZDA 2,-1,-1,0,-1
2024421454436,2024,421454436,2,9,0,-1,2,0,0,-1,0,0,0,0,0,0,2,1,-1,6,2,59,9,1349,1,16,MAZDA 2,-1,-1,0,-1
2024061489698,2024,061489698,1,9,0,-1,11,3,7,-1,0,0,0,0,0,0,1,1,-1,9,1,64,9,1498,1,13,MAZDA 2,4,E01005672,0,1
2024010512661,2024,010512661,1,9,0,99,99,9,9,99,99,9,9,99,9,99,1,9,6,6,3,32,6,1496,1,9,MAZDA 2,3,E01034609,0,1
2024311508660,2024,311508660,1,9,0,-1,9,2,4,-1,0,6,0,0,0,0,1,1,-1,9,2,60,9,1496,1,9,MAZDA 2,9,E01028120,0,1
2024131491318,2024,131491318,2,9,0,-1,2,1,1,-1,0,8,0,0,0,0,2,1,-1,6,-1,-1,-1,1349,1,10,MAZDA 2,-1,-1,0,-1
2024010503828,2024,010503828,2,9,0,99,99,9,9,99,99,9,9,99,9,99,1,9,6,6,3,-1,-1,1496,1,5,MAZDA 2,-1,-1,0,-1
2024421462485,2024,421462485,1,9,0,-1,4,3,7,-1,0,0,0,0,0,0,1,9,-1,6,2,26,6,1498,1,16,MAZDA 2,7,E01033144,0,1
2024052400312,2024,052400312,1,9,0,1,1,3,7,0,0,0,0,0,0,0,3,1,6,6,3,-1,-1,1349,1,16,MAZDA 2,-1,-1,0,-1
2024421474889,2024,421474889,1,9,0,-1,5,5,1,-1,0,0,5,4,0,0,1,1,-1,9,1,76,11,1349,1,10,MAZDA 2,8,E01015998,0,1
2024361398545,2024,361398545,2,9,0,-1,19,7,3,-1,0,0,0,0,0,0,1,1,-1,2,2,17,4,1349,1,14,MAZDA 2,5,E01026728,0,1
2024201461640,2024,201461640,2,9,0,-1,19,2,6,-1,0,8,0,0,0,0,1,9,-1,6,2,-1,-1,1400,1,17,MAZDA 2,-1,-1,0,-1
2024461419806,2024,461419806,1,9,0,-1,19,3,1,-1,0,0,0,0,0,0,1,1,-1,9,2,67,10,1349,1,15,MAZDA 2,10,E01024811,0,1
2024122401173,2024,122401173,1,9,0,9,9,5,3,0,0,6,0,0,0,0,1,1,6,6,1,89,11,1496,1,0,MAZDA 2,9,E01027751,0,3
2024122400619,2024,122400619,1,9,0,17,19,3,8,0,0,0,0,0,1,1,1,1,6,6,1,83,11,1349,1,10,MAZDA 2,7,E01027604,0,1
2024031469532,2024,031469532,1,9,0,-1,19,4,1,-1,0,0,1,0,1,0,3,1,-1,6,1,18,4,1349,1,15,MAZDA 2,5,E01019306,0,2
2024211479845,2024,211479845,1,9,0,-1,19,1,1,-1,0,1,1,0,0,0,1,1,-1,9,1,30,6,1349,1,15,MAZDA 2,1,E01034238,0,4
2024430555511,2024,430555511,3,9,0,18,19,6,2,0,0,0,0,0,0,0,2,1,6,6,1,45,7,1496,1,5,MAZDA 2,-1,-1,0,-1
2024041504170,2024,041504170,1,9,0,-1,19,5,1,-1,0,0,1,0,1,9,1,1,-1,6,1,17,4,1496,1,9,MAZDA 2,3,E01033072,0,1
2024440326464,2024,440326464,1,9,0,4,4,3,7,0,0,0,0,0,0,0,2,1,6,6,2,25,5,1498,1,16,MAZDA 2,6,E01023002,0,1
2024010515893,2024,010515893,2,9,0,99,99,9,9,99,99,9,9,99,9,99,9,9,6,6,3,-1,-1,1496,1,9,MAZDA 2,-1,-1,0,-1
2024522403272,2024,522403272,1,9,0,5,5,8,4,0,0,6,0,0,0,0,1,1,6,6,2,22,5,1498,1,13,MAZDA 2,5,E01035226,0,2
2024440021004,2024,440021004,1,9,0,9,9,2,8,0,0,8,0,0,0,0,1,1,6,6,2,59,9,1496,1,2,MAZDA 2,9,E01022719,0,1
2024161454274,2024,161454274,1,9,0,-1,19,3,7,-1,0,1,0,0,0,0,4,9,-1,6,2,61,9,1496,1,2,MAZDA 2,1,E01012875,0,1
2024451516995,2024,451516995,2,9,0,-1,19,1,5,-1,0,0,0,0,0,0,3,1,-1,9,2,27,6,1349,1,10,MAZDA 2,8,E01030544,0,3
2024161399503,2024,161399503,1,9,0,-1,19,5,1,-1,0,0,0,7,0,0,1,1,-1,6,1,46,8,1496,1,9,MAZDA 2,7,E01012794,0,1
202454B941624,2024,54B941624,1,9,0,16,19,4,8,0,0,0,0,0,7,1,1,1,6,6,1,25,5,1349,1,16,MAZDA 2,5,E01031990,0,1
2024010513583,2024,010513583,2,9,0,18,19,4,8,0,0,1,0,0,0,0,1,1,6,6,2,37,7,1498,1,16,MAZDA 2,4,E01004531,0,3
2024501517536,2024,501517536,1,9,0,-1,19,5,1,-1,0,1,0,0,0,0,1,1,-1,9,2,46,8,1349,1,10,MAZDA 2,8,E01019910,0,1