collision_index,collision_year,collision_ref_no,vehicle_reference,vehicle_type,towing_and_articulation,vehicle_manoeuvre_historic,vehicle_manoeuvre,vehicle_direction_from,vehicle_direction_to,vehicle_location_restricted_lane_historic,vehicle_location_restricted_lane,junction_location,skidding_and_overturning,hit_object_in_carriageway,vehicle_leaving_carriageway,hit_object_off_carriageway,first_point_of_impact,vehicle_left_hand_drive,journey_purpose_of_driver_historic,journey_purpose_of_driver,sex_of_driver,age_of_driver,age_band_of_driver,engine_capacity_cc,propulsion_code,age_of_vehicle,generic_make_model,driver_imd_decile,lsoa_of_driver,escooter_flag,driver_distance_banding
2024440027627,2024,440027627,1,9,0,9,9,8,6,0,0,8,0,0,7,0,4,1,2,2,2,30,6,1998,1,17,MAKE AND MODEL REDACTED,10,E01022847,0,2
2024010525733,2024,010525733,1,9,0,99,99,9,9,99,99,9,9,99,9,99,1,9,6,6,1,30,6,1998,1,17,MAKE AND MODEL REDACTED,7,E01002351,0,4
2024061495500,2024,061495500,1,9,0,-1,2,0,0,-1,9,0,0,0,0,0,4,1,-1,9,2,45,7,1200,1,4,CITROEN C3,-1,-1,0,-1
2024070761574,2024,070761574,1,9,0,-1,9,5,1,-1,0,5,0,0,0,0,1,1,-1,9,1,30,6,1560,2,7,CITROEN C3,10,E01018411,0,1
2024311457598,2024,311457598,2,9,0,-1,5,2,1,-1,0,0,0,0,0,0,1,1,-1,6,3,21,5,1560,2,16,CITROEN C3,-1,-1,0,-1
2024070794214,2024,070794214,1,9,0,-1,19,3,2,-1,0,8,2,10,8,4,1,1,-1,6,2,18,4,1199,1,0,CITROEN C3,3,E01018611,0,1
2024201472121,2024,201472121,1,9,0,-1,19,4,1,-1,0,2,0,0,0,0,1,1,-1,6,1,60,9,1360,1,16,CITROEN C3,3,E01009237,0,1
2024161413951,2024,161413951,2,9,0,-1,19,5,1,-1,0,0,0,0,0,0,1,1,-1,6,2,77,11,1199,1,2,CITROEN C3,4,E01013050,0,3
2024041511583,2024,041511583,2,9,0,-1,19,2,6,-1,0,8,0,0,0,0,4,1,-1,9,2,37,7,1200,1,6,CITROEN C3,3,E01025271,0,1
2024320573925,2024,320573925,2,9,0,-1,-1,2,6,0,0,0,0,0,0,0,3,1,6,6,1,64,9,1200,1,6,CITROEN C3,9,E01026396,0,2
2024041481122,2024,041481122,1,9,0,-1,19,5,1,-1,0,0,5,0,0,0,1,1,-1,9,2,60,9,1199,1,0,CITROEN C3,7,E01007035,0,4
2024031477046,2024,031477046,3,9,0,-1,2,0,0,-1,0,0,0,0,0,0,1,1,-1,6,-1,-1,-1,1200,1,7,CITROEN C3,-1,-1,0,-1
2024041478344,2024,041478344,1,9,0,-1,19,3,7,-1,0,4,0,0,1,0,1,1,-1,9,2,43,7,1124,1,19,CITROEN C3,3,E01012714,0,1
2024371504344,2024,371504344,2,9,0,-1,19,5,1,-1,0,8,0,0,0,0,1,1,-1,9,2,69,10,1199,1,1,CITROEN C3,3,E01033046,0,1
2024622400635,2024,622400635,1,9,0,9,9,4,2,0,0,8,5,7,0,0,1,1,6,6,2,43,7,1500,2,5,CITROEN C3,3,W01001605,0,3
202460Q099644,2024,60Q099644,1,9,0,18,19,4,2,0,0,6,0,0,0,0,4,1,2,2,2,41,7,1199,1,10,CITROEN C3,-1,-1,0,-1
2024010535089,2024,010535089,2,9,0,9,9,5,3,0,0,8,0,0,0,0,4,1,2,2,1,59,9,1200,1,7,CITROEN C3,3,E01003588,0,1
2024041457437,2024,041457437,1,9,0,-1,19,5,1,-1,0,0,0,0,0,0,3,1,-1,6,2,77,11,1199,1,5,CITROEN C3,8,E01024956,0,1
2024440452469,2024,440452469,4,9,0,18,19,3,7,0,0,0,0,0,0,0,1,1,2,2,1,55,8,1350,1,15,CITROEN C3,10,E01020383,0,4
2024141536454,2024,141536454,2,9,0,-1,9,5,2,-1,0,1,0,0,0,0,4,1,-1,9,2,71,10,1200,1,2,CITROEN C3,1,E01008054,0,1
2024161467471,2024,161467471,3,9,0,-1,19,7,3,-1,0,0,1,0,2,0,1,1,-1,9,2,74,10,1199,1,1,CITROEN C3,2,E01012763,0,4
2024461445070,2024,461445070,1,9,0,-1,19,3,7,-1,0,8,0,0,0,0,3,1,-1,2,2,42,7,1397,1,14,CITROEN C3,7,E01024097,0,1
2024320588349,2024,320588349,3,9,0,-1,-1,1,5,0,0,0,0,0,0,0,2,1,-1,-1,2,34,6,1200,1,7,CITROEN C3,1,E01026126,0,1
2024311399095,2024,311399095,1,9,0,-1,5,3,7,-1,0,0,0,0,0,0,1,2,-1,1,1,48,8,1560,2,16,CITROEN C3,2,E01028033,0,2
2024361421262,2024,361421262,2,9,0,-1,8,8,1,-1,0,2,0,0,0,0,2,1,-1,6,2,40,7,1200,1,6,CITROEN C3,8,E01026921,0,1
2024201499989,2024,201499989,1,9,0,-1,12,1,5,-1,0,0,5,7,6,0,2,1,-1,9,1,64,9,1398,2,19,CITROEN C3,8,E01009850,0,1
2024311480333,2024,311480333,2,9,0,-1,4,8,4,-1,0,0,0,0,0,0,2,2,-1,6,2,40,7,1200,1,7,CITROEN C3,1,E01013821,0,1
2024141509868,2024,141509868,1,9,0,-1,19,3,7,-1,0,0,0,0,1,11,1,1,-1,2,1,65,9,1360,1,21,CITROEN C3,3,E01034259,0,1
2024361441327,2024,361441327,1,9,0,-1,9,2,4,-1,0,1,0,0,0,0,1,1,-1,9,1,68,10,1199,1,6,CITROEN C3,6,E01026569,0,1
2024010549069,2024,010549069,1,9,0,12,12,7,3,0,0,0,0,0,0,0,3,1,6,6,1,20,4,1199,1,1,CITROEN C3,3,E01001327,0,2
2024451491374,2024,451491374,1,9,0,-1,19,1,4,-1,0,0,1,0,1,0,1,1,-1,6,2,89,11,1560,2,8,CITROEN C3,10,E01030871,0,1
2024221452810,2024,221452810,1,9,0,-1,19,6,2,-1,0,0,0,0,0,0,1,1,-1,6,1,45,7,1199,1,5,CITROEN C3,10,E01032137,0,2
2024461489274,2024,461489274,2,9,0,-1,4,5,1,-1,0,0,0,0,0,0,2,1,-1,6,1,36,7,1360,1,20,CITROEN C3,4,E01016177,0,1
2024061508965,2024,061508965,2,9,0,-1,9,7,3,-1,0,1,0,0,0,0,1,1,-1,6,2,18,4,1360,1,12,CITROEN C3,1,E01005124,0,1
2024201503092,2024,201503092,2,9,0,-1,4,5,1,-1,0,0,0,0,0,0,2,9,-1,9,2,60,9,1199,1,1,CITROEN C3,8,E01029743,0,4
2024061400294,2024,061400294,2,9,0,-1,19,8,4,-1,0,0,0,0,0,0,2,1,-1,9,2,31,6,1199,1,5,CITROEN C3,1,E01004794,0,1
2024991440390,2024,991440390,4,9,0,-1,3,7,3,-1,0,0,0,0,0,0,2,1,-1,9,1,67,10,1199,1,4,CITROEN C3,5,-1,0,1
2024471480485,2024,471480485,1,8,0,-1,15,4,8,-1,0,4,0,4,0,0,4,1,-1,2,1,58,9,1560,2,8,CITROEN C3,3,E01020919,0,1
2024461459434,2024,461459434,1,9,0,-1,19,5,1,-1,-1,0,2,10,1,0,1,1,-1,9,2,46,8,1360,1,12,CITROEN C3,9,E01024376,0,3
2024041502820,2024,041502820,1,9,0,-1,19,3,7,-1,0,1,0,0,0,0,1,1,-1,9,2,40,7,1200,1,6,CITROEN C3,4,E01025001,0,2
2024211492232,2024,211492232,1,9,0,-1,14,1,5,-1,0,0,0,0,0,0,4,1,-1,9,1,82,11,1360,1,17,CITROEN C3,4,E01029867,0,1
2024141482631,2024,141482631,1,9,0,-1,3,5,1,-1,0,4,0,0,0,0,2,1,-1,9,2,23,5,1398,2,13,CITROEN C3,7,E01018192,0,5
2024531524507,2024,531524507,1,9,0,-1,19,2,6,-1,0,1,0,0,0,0,1,1,-1,9,1,19,4,1397,1,14,CITROEN C3,7,E01022414,0,1
2024401439810,2024,401439810,2,9,-1,-1,-1,6,1,-1,-1,-1,-1,-1,-1,0,-1,9,-1,6,2,60,9,1360,1,19,CITROEN C3,5,E01017588,0,2
2024361498635,2024,361498635,1,9,0,-1,19,1,5,-1,0,1,0,0,0,0,1,9,-1,6,2,50,8,1199,1,4,CITROEN C3,9,E01026558,0,1
2024211443648,2024,211443648,2,9,0,-1,9,3,8,-1,0,4,0,0,0,0,3,1,-1,6,2,59,9,1200,1,6,CITROEN C3,8,E01029751,0,1
2024543989324,2024,543989324,2,9,0,10,10,1,5,0,0,8,0,0,0,0,4,1,6,6,2,60,9,1560,2,14,CITROEN C3,3,E01014612,0,4
2024461431495,2024,461431495,2,9,0,-1,6,3,5,-1,0,0,0,0,7,0,3,1,-1,9,2,70,10,1360,1,16,CITROEN C3,2,E01024277,0,1
2024461431409,2024,461431409,3,9,0,-1,2,0,0,-1,0,1,0,0,0,0,2,1,-1,6,-1,-1,-1,1398,2,13,CITROEN C3,-1,-1,0,-1
2024340WN2312,2024,340WN2312,1,9,0,-1,19,5,1,-1,0,0,1,0,0,6,1,1,-1,9,1,90,11,1200,1,4,CITROEN C3,7,E01027305,0,4
2024161408476,2024,161408476,2,9,0,-1,19,1,5,-1,0,1,0,0,0,0,1,1,-1,6,1,57,9,1560,2,15,CITROEN C3,3,E01026386,0,3
2024201473675,2024,201473675,1,9,0,-1,19,2,6,-1,0,4,0,0,0,0,1,1,-1,6,3,-1,-1,1560,2,6,CITROEN C3,-1,-1,0,-1
2024430413995,2024,430413995,1,9,0,9,9,2,8,0,0,5,0,0,0,0,1,1,6,6,1,42,7,1360,1,21,CITROEN C3,5,E01023535,0,4
2024122500170,2024,122500170,1,9,0,18,19,5,1,0,0,8,0,0,0,0,4,1,2,2,2,44,7,1360,1,17,CITROEN C3,2,E01011268,0,3
2024461427853,2024,461427853,1,9,0,-1,19,1,5,-1,0,0,0,0,0,0,4,9,-1,6,2,71,10,1200,1,5,CITROEN C3,7,E01024573,0,1
2024351465345,2024,351465345,1,9,0,-1,19,4,8,-1,0,6,0,11,1,0,1,1,-1,6,2,55,8,1200,1,4,CITROEN C3,9,E01018205,0,1
2024122400503,2024,122400503,1,9,0,7,7,5,7,0,0,1,0,0,0,0,1,1,6,6,1,88,11,1560,2,15,CITROEN C3,6,E01013441,0,1
2024221522219,2024,221522219,1,9,0,-1,19,3,7,-1,0,0,0,0,8,3,1,1,-1,1,1,48,8,1598,1,10,CITROEN C3,2,E01010564,0,4
2024052400734,2024,052400734,2,9,0,18,19,5,1,0,0,1,0,0,0,0,4,1,6,6,2,35,6,1200,1,6,CITROEN C3,10,W01000303,0,4
2024061420087,2024,061420087,2,9,0,-1,3,7,3,-1,0,0,0,1,0,0,2,9,-1,9,1,19,4,1398,2,13,CITROEN C3,1,E01005905,0,3
2024061456890,2024,061456890,2,9,0,-1,19,1,5,-1,0,1,0,0,0,0,1,1,-1,9,2,58,9,1199,1,1,CITROEN C3,5,E01006200,0,1
2024302401167,2024,302401167,1,9,0,1,1,7,3,9,9,6,0,0,0,0,2,1,6,6,1,80,11,1199,1,6,CITROEN C3,8,E01013593,0,1
2024141426816,2024,141426816,1,9,0,-1,2,1,1,-1,0,2,0,0,0,0,0,1,-1,9,1,63,9,1560,2,12,CITROEN C3,1,E01008055,0,3
2024461402805,2024,461402805,1,9,0,-1,19,-1,-1,-1,0,1,0,0,0,0,1,9,-1,6,1,75,10,1199,1,11,CITROEN C3,6,E01024234,0,1
2024101492859,2024,101492859,1,9,-1,-1,13,4,1,-1,0,0,0,0,0,0,4,9,-1,6,2,65,9,1199,1,0,CITROEN C3,2,E01008512,0,1
2024070900024,2024,070900024,1,9,0,-1,5,7,3,-1,0,2,0,0,0,0,1,1,-1,9,1,72,10,1124,1,16,CITROEN C3,1,E01018550,0,2
2024131426693,2024,131426693,1,9,0,-1,19,1,5,-1,0,8,0,0,0,0,3,1,-1,9,2,46,8,1560,2,15,CITROEN C3,3,E01011502,0,1
2024201491575,2024,201491575,2,9,0,-1,3,8,4,-1,0,0,0,0,0,0,2,1,-1,6,2,72,10,1360,1,17,CITROEN C3,-1,-1,0,-1
2024131470404,2024,131470404,1,9,0,-1,9,5,1,-1,0,4,0,0,0,0,3,1,-1,9,1,60,9,1360,1,17,CITROEN C3,2,E01011034,0,3
2024440465006,2024,440465006,1,9,0,18,19,5,1,0,0,1,0,0,0,0,1,1,6,6,2,80,11,1560,2,14,CITROEN C3,9,E01031973,0,2
2024101482272,2024,101482272,2,9,0,-1,7,5,7,-1,0,8,0,10,0,0,4,1,-1,6,2,42,7,1199,1,2,CITROEN C3,9,E01008722,0,1
2024221524954,2024,221524954,2,9,0,-1,19,5,1,-1,0,8,0,0,0,0,1,9,-1,6,1,60,9,1560,2,11,CITROEN C3,5,E01014014,0,2
2024010505781,2024,010505781,1,9,0,99,99,9,9,99,99,9,9,99,9,99,2,9,6,6,2,57,9,1200,1,9,CITROEN C3,7,E01024185,0,1
2024991506635,2024,991506635,1,9,0,-1,15,5,2,-1,0,0,0,0,0,0,1,9,-1,6,1,26,6,1199,1,1,CITROEN C3,1,-1,0,1
2024031416424,2024,031416424,1,9,0,-1,4,5,1,-1,0,0,0,12,0,0,1,1,-1,6,1,31,6,1360,1,12,CITROEN C3,-1,-1,0,-1
2024320378212,2024,320378212,2,9,0,4,4,6,2,0,0,0,0,0,0,0,2,1,-1,-1,1,22,5,1360,1,18,CITROEN C3,5,E01035476,0,4
2024231512154,2024,231512154,2,9,0,-1,19,1,5,-1,0,8,0,0,0,0,1,1,-1,6,2,80,11,1560,2,12,CITROEN C3,4,E01031030,0,1
2024061530453,2024,061530453,2,9,-1,-1,-1,-1,-1,-1,-1,0,-1,-1,-1,0,-1,1,-1,6,3,-1,-1,1200,1,5,CITROEN C3,-1,-1,0,-1
2024141456764,2024,141456764,1,9,0,-1,14,7,3,-1,0,6,0,0,0,0,1,1,-1,9,1,18,4,1124,1,14,CITROEN C3,1,E01007634,0,1
2024161444187,2024,161444187,2,9,0,-1,19,8,4,-1,0,8,0,0,0,0,4,1,-1,6,1,82,11,1598,1,11,CITROEN C3,2,E01010778,0,4
2024991475934,2024,991475934,1,9,0,-1,19,6,2,-1,0,0,0,0,0,0,0,1,-1,6,1,30,6,1199,1,6,CITROEN C3,6,E01014409,0,5
2024471478305,2024,471478305,3,9,0,-1,2,0,0,-1,-1,0,0,0,0,0,3,1,-1,6,-1,-1,-1,1199,1,1,CITROEN C3,-1,-1,0,-1
2024501436266,2024,501436266,1,9,0,-1,19,1,6,-1,0,1,0,0,0,0,1,1,-1,9,1,17,4,1124,1,20,CITROEN C3,10,E01015208,0,1
2024211487060,2024,211487060,1,9,0,-1,19,1,3,-1,0,0,1,10,7,4,1,1,-1,1,1,31,6,1360,1,20,CITROEN C3,1,E01010527,0,3
2024101447896,2024,101447896,1,9,0,-1,19,7,3,-1,0,0,0,0,0,0,1,1,-1,9,2,22,5,1360,1,12,CITROEN C3,-1,-1,0,-1
2024451508550,2024,451508550,1,9,0,-1,1,1,5,-1,0,0,0,0,0,0,2,9,-1,6,2,76,11,1598,1,12,CITROEN C3,10,E01030641,0,1
2024501398263,2024,501398263,1,9,0,-1,4,3,7,-1,0,0,0,0,0,0,2,9,-1,9,2,85,11,1360,1,16,CITROEN C3,6,E01019003,0,4
2024302400681,2024,302400681,1,9,0,18,19,1,5,0,0,8,0,0,0,0,4,1,6,6,1,26,6,1560,2,11,CITROEN C3,1,E01034257,0,1
2024161459574,2024,161459574,1,9,0,-1,19,4,8,-1,0,0,5,4,0,0,1,1,-1,9,2,34,6,1598,1,12,CITROEN C3,1,E01035465,0,3
2024231531689,2024,231531689,1,9,0,-1,19,8,5,-1,0,0,0,0,0,0,1,1,-1,9,2,57,9,1360,1,14,CITROEN C3,2,E01031074,0,1
2024041431985,2024,041431985,2,9,0,-1,19,6,3,-1,0,6,0,0,0,0,1,1,-1,9,2,34,6,1200,1,6,CITROEN C3,1,E01025250,0,1
2024320104932,2024,320104932,1,9,0,-1,-1,8,4,0,0,0,0,10,0,11,1,1,1,1,2,35,6,1199,1,5,CITROEN C3,-1,-1,0,-1
2024471406699,2024,471406699,1,9,0,-1,19,4,1,-1,0,1,0,0,4,1,1,1,-1,2,1,65,9,1398,2,20,CITROEN C3,5,E01031373,0,4
2024052500002,2024,052500002,3,9,0,18,19,2,6,0,0,1,0,0,0,0,2,1,6,6,1,42,7,1360,1,14,CITROEN C3,1,E01006556,0,1
2024302400375,2024,302400375,1,9,0,18,19,4,8,0,0,0,0,0,1,0,2,1,6,6,2,19,4,1200,1,5,CITROEN C3,5,E01006951,0,5
2024010536938,2024,010536938,2,9,0,4,4,3,7,0,0,0,0,0,0,0,1,1,2,2,2,28,6,1360,1,12,CITROEN C3,6,E01032572,0,3
2024471462346,2024,471462346,2,9,0,-1,19,7,3,-1,0,1,0,0,0,0,3,1,-1,9,1,59,9,1199,1,5,CITROEN C3,7,E01016987,0,1
2024141401368,2024,141401368,1,9,0,-1,19,3,7,-1,0,3,1,0,1,2,1,1,-1,9,1,30,6,1560,2,11,CITROEN C3,3,E01025705,0,4
2024131489754,2024,131489754,2,9,0,-1,19,3,7,-1,0,8,0,0,0,0,4,1,-1,9,1,65,9,1199,1,4,CITROEN C3,6,E01010644,0,2
2024010536936,2024,010536936,2,9,0,9,9,7,4,0,0,1,0,0,0,0,1,1,6,6,1,-1,-1,1199,1,0,CITROEN C3,-1,-1,0,-1
2024461431560,2024,461431560,1,9,0,-1,10,2,6,-1,0,0,0,0,0,0,1,1,-1,9,2,58,9,1199,1,11,CITROEN C3,3,E01016071,0,4
2024211405885,2024,211405885,1,9,0,-1,19,6,2,-1,0,0,0,4,0,0,4,1,-1,9,1,86,11,1200,1,8,CITROEN C3,5,E01014332,0,1
2024010508254,2024,010508254,1,9,0,7,7,7,2,0,0,1,0,0,0,0,3,1,6,6,1,58,9,1200,1,7,CITROEN C3,4,E01002304,0,3
2024430514806,2024,430514806,2,9,0,4,4,5,1,0,0,0,0,0,0,0,2,1,2,2,1,23,5,1397,1,15,CITROEN C3,9,E01028492,0,3
202454E908424,2024,54E908424,1,9,0,13,13,3,7,0,0,0,0,0,0,0,1,1,6,6,2,-1,-1,1560,2,12,CITROEN C3,-1,-1,0,-1
2024471438114,2024,471438114,1,9,0,-1,19,1,5,-1,0,0,0,0,0,0,1,2,-1,9,2,24,5,1398,2,17,CITROEN C3,5,E01021109,0,1
2024501499639,2024,501499639,1,9,0,-1,19,7,3,-1,0,0,1,0,0,0,3,1,-1,6,1,18,4,1360,1,12,CITROEN C3,5,E01018783,0,1
2024201508481,2024,201508481,1,9,0,-1,3,6,3,-1,0,0,0,0,0,0,2,1,-1,1,2,54,8,1560,2,14,CITROEN C3,9,E01010180,0,4
2024991477132,2024,991477132,1,9,0,-1,19,3,7,-1,0,0,0,0,0,0,1,1,-1,2,2,20,4,1199,1,5,CITROEN C3,5,-1,0,3
2024010542326,2024,010542326,2,9,9,99,99,9,9,99,99,9,9,99,9,99,9,9,6,6,3,-1,-1,1200,1,5,CITROEN C3,9,E01002961,0,1
2024471477893,2024,471477893,1,9,0,-1,9,3,1,-1,0,6,0,0,0,0,1,1,-1,9,1,41,7,1560,2,10,CITROEN C3,9,E01031395,0,1
2024411512262,2024,411512262,2,9,0,-1,5,1,5,-1,0,4,0,0,0,0,2,1,-1,6,2,52,8,1199,1,0,CITROEN C3,-1,-1,0,-1
2024501418231,2024,501418231,2,9,0,-1,4,4,8,-1,0,1,0,0,0,0,2,1,-1,9,2,47,8,1560,2,12,CITROEN C3,5,E01015079,0,1
2024041424596,2024,041424596,1,9,0,-1,19,5,5,-1,0,0,0,0,2,1,4,1,-1,2,2,20,4,1398,2,14,CITROEN C3,5,E01025243,0,1
2024061531630,2024,061531630,2,9,-1,-1,-1,-1,-1,-1,-1,0,-1,-1,-1,0,-1,9,-1,6,1,-1,-1,1560,2,9,CITROEN C3,1,E01006356,0,1
2024131467214,2024,131467214,2,9,0,-1,19,7,3,-1,0,0,0,0,0,0,2,1,-1,9,2,57,9,1360,1,16,CITROEN C3,3,E01011691,0,1
2024461538242,2024,461538242,2,9,0,-1,10,3,5,-1,0,0,0,0,0,0,2,9,-1,9,1,78,11,1200,1,7,CITROEN C3,3,E01024570,0,1
2024451461187,2024,451461187,1,9,0,-1,19,7,3,-1,0,0,1,0,0,0,1,2,-1,1,1,41,7,1587,1,21,CITROEN C3,6,E01001040,0,2
2024991499574,2024,991499574,1,9,0,-1,19,5,1,-1,0,0,0,0,0,0,1,1,-1,1,2,55,8,1199,1,4,CITROEN C3,3,-1,0,1
2024131438256,2024,131438256,1,9,0,-1,19,1,5,-1,0,0,5,0,0,0,1,1,-1,2,2,59,9,1560,2,9,CITROEN C3,1,E01011906,0,1
2024101530129,2024,101530129,1,9,0,-1,3,5,8,-1,0,0,1,0,0,0,2,1,-1,6,2,34,6,1199,1,2,CITROEN C3,1,E01008385,0,1
2024010527798,2024,010527798,1,9,9,99,99,9,9,99,99,0,9,99,9,99,9,1,6,6,1,84,11,1199,1,0,CITROEN C3,4,E01000466,0,1
2024010518753,2024,010518753,1,9,0,7,7,7,1,0,0,1,0,0,1,0,1,2,1,1,2,31,6,1598,1,13,CITROEN C3,4,E01003440,0,1
2024010509417,2024,010509417,2,9,0,99,99,9,9,99,99,6,9,99,9,99,9,9,6,6,3,-1,-1,1200,1,5,CITROEN C3,-1,-1,0,-1
2024552401118,2024,552401118,2,9,0,10,10,3,1,0,0,5,0,0,0,0,2,1,6,6,2,48,8,1200,1,6,CITROEN C3,7,E01020481,0,3
2024131525200,2024,131525200,1,9,0,-1,19,7,3,-1,0,0,5,10,0,0,3,1,-1,9,1,68,10,1199,1,0,CITROEN C3,4,E01011799,0,2
2024302400349,2024,302400349,2,9,0,16,19,8,2,0,0,3,0,0,0,0,1,1,6,6,2,50,8,1560,2,6,CITROEN C3,1,E01008082,0,1
2024010535708,2024,010535708,2,9,0,99,99,9,9,99,99,0,9,99,9,99,0,9,6,6,3,29,6,1199,1,5,CITROEN C3,2,E01003502,0,4
2024610019824,2024,610019824,1,9,0,12,12,6,2,0,0,3,0,0,0,0,3,1,6,6,2,-1,-1,1200,1,9,CITROEN C3,8,W01001616,0,1
2024991528383,2024,991528383,1,9,0,-1,19,4,8,-1,0,1,0,0,0,0,4,1,-1,9,2,75,10,1200,1,9,CITROEN C3,1,-1,0,1
2024501430247,2024,501430247,1,9,0,-1,7,5,1,-1,0,0,1,0,0,0,3,9,-1,9,1,18,4,1199,1,11,CITROEN C3,-1,-1,0,-1
2024430549163,2024,430549163,1,9,0,3,3,0,0,0,0,8,0,0,0,0,4,1,3,7,2,47,8,1560,2,9,CITROEN C3,-1,-1,0,-1
2024471486571,2024,471486571,1,9,0,-1,9,3,1,-1,0,5,0,0,0,0,4,1,-1,9,2,65,9,1199,1,5,CITROEN C3,6,E01031345,0,3
2024070265929,2024,070265929,1,9,0,17,19,6,8,0,0,1,0,0,0,0,1,1,1,1,1,58,9,1200,1,7,CITROEN C3,4,W01000332,0,1
2024122400205,2024,122400205,2,9,0,18,19,1,5,0,0,8,0,0,0,0,1,1,6,6,1,77,11,1560,2,9,CITROEN C3,4,E01012097,0,4
2024531517909,2024,531517909,1,9,0,-1,9,3,1,-1,0,8,0,0,0,0,3,1,-1,9,1,76,11,1560,2,11,CITROEN C3,8,E01022462,0,1
2024361499335,2024,361499335,1,9,0,-1,19,7,3,-1,0,0,0,0,0,0,1,1,-1,6,1,28,6,1360,1,21,CITROEN C3,8,E01026849,0,1
2024471395483,2024,471395483,1,9,0,-1,4,5,3,-1,0,0,0,0,0,0,1,1,-1,9,1,26,6,1200,1,6,CITROEN C3,3,E01021062,0,2
2024131440821,2024,131440821,2,9,0,-1,19,5,1,-1,0,1,0,0,0,0,1,1,-1,2,2,25,5,1199,1,4,CITROEN C3,1,E01011720,0,1
2024471528844,2024,471528844,2,9,0,-1,2,0,0,-1,0,0,0,0,0,0,2,1,-1,6,-1,-1,-1,1199,1,3,CITROEN C3,-1,-1,0,-1
2024041488766,2024,041488766,1,9,0,-1,19,6,2,-1,0,6,0,0,0,0,1,1,-1,9,1,80,11,1598,1,10,CITROEN C3,3,E01025097,0,1
2024320393306,2024,320393306,1,9,0,5,5,5,1,0,0,0,0,0,0,0,0,1,-1,-1,1,57,9,1500,2,2,CITROEN C3,3,E01026377,0,1
2024471411288,2024,471411288,1,9,0,-1,19,1,5,-1,0,0,0,0,0,0,2,1,-1,9,1,48,8,1560,2,14,CITROEN C3,8,E01021221,0,4
2024520403356,2024,520403356,1,9,0,18,19,8,4,0,0,0,0,0,0,0,1,1,6,6,2,44,7,1199,1,4,CITROEN C3,10,E01029244,0,4
2024061528747,2024,061528747,2,9,0,-1,19,6,2,-1,0,1,0,0,0,0,1,1,-1,6,2,77,11,1199,1,3,CITROEN C3,8,E01006037,0,1
2024052402212,2024,052402212,2,9,0,2,2,0,0,0,0,0,0,0,0,0,2,1,6,6,3,-1,-1,1199,1,4,CITROEN C3,-1,-1,0,-1
2024451398105,2024,451398105,2,9,0,-1,2,0,0,-1,0,0,0,4,0,0,2,1,-1,6,-1,-1,-1,1587,1,15,CITROEN C3,-1,-1,0,-1
2024531530942,2024,531530942,1,9,0,-1,7,7,3,-1,0,6,0,0,0,0,1,1,-1,2,2,45,7,1200,1,5,CITROEN C3,3,E01022245,0,4
2024041436481,2024,041436481,1,9,0,-1,19,5,7,-1,0,3,0,0,3,2,1,1,-1,2,1,45,7,1560,2,14,CITROEN C3,8,E01007002,0,2
2024501484694,2024,501484694,2,9,0,-1,19,1,5,-1,0,0,0,0,0,0,3,1,-1,9,2,40,7,1360,1,17,CITROEN C3,1,E01015261,0,1
2024501521917,2024,501521917,2,9,0,-1,19,5,1,-1,0,1,1,0,0,0,3,1,-1,9,2,30,6,1560,2,10,CITROEN C3,1,E01019033,0,1
2024070262163,2024,070262163,1,9,0,9,9,7,5,0,0,8,0,0,0,0,1,1,6,6,1,-1,-1,1199,1,6,CITROEN C3,3,E01012427,0,1
2024520402130,2024,520402130,2,9,0,9,9,8,6,0,0,8,0,0,0,0,3,1,6,6,2,75,10,1560,2,10,CITROEN C3,6,E01029039,0,1
2024201417596,2024,201417596,2,9,0,-1,2,0,0,-1,0,1,0,0,0,0,2,1,-1,6,1,55,8,1199,1,4,CITROEN C3,3,E01029487,0,3
2024041430627,2024,041430627,2,9,0,-1,19,5,1,-1,0,8,0,0,0,0,4,1,-1,9,2,31,6,1199,1,3,CITROEN C3,2,E01025245,0,1
2024332401199,2024,332401199,1,9,0,-1,19,5,1,-1,0,0,0,0,1,4,1,1,-1,9,1,28,6,999,1,10,CITROEN C3,-1,-1,0,-1
2024320106845,2024,320106845,1,9,0,9,9,2,6,0,0,6,0,0,0,0,1,1,6,6,2,60,9,1560,2,14,CITROEN C3,9,E01026063,0,3
2024122400820,2024,122400820,2,9,0,7,7,5,7,0,0,5,0,0,0,0,1,1,6,6,2,38,7,1199,1,4,CITROEN C3,4,E01027818,0,1
2024101433097,2024,101433097,2,9,0,-1,10,6,5,-1,0,0,0,0,0,0,2,1,-1,6,2,47,8,1200,1,2,CITROEN C3,4,E01008554,0,2
2024311468613,2024,311468613,2,9,0,-1,19,2,6,-1,0,1,0,0,0,0,1,9,-1,6,1,49,8,1199,1,1,CITROEN C3,4,E01028239,0,1
2024302500193,2024,302500193,1,9,0,-1,19,5,8,-1,0,0,0,0,0,0,1,1,-1,6,2,34,6,1200,1,9,CITROEN C3,9,E01013543,0,1