collision_index,collision_year,collision_ref_no,vehicle_reference,vehicle_type,towing_and_articulation,vehicle_manoeuvre_historic,vehicle_manoeuvre,vehicle_direction_from,vehicle_direction_to,vehicle_location_restricted_lane_historic,vehicle_location_restricted_lane,junction_location,skidding_and_overturning,hit_object_in_carriageway,vehicle_leaving_carriageway,hit_object_off_carriageway,first_point_of_impact,vehicle_left_hand_drive,journey_purpose_of_driver_historic,journey_purpose_of_driver,sex_of_driver,age_of_driver,age_band_of_driver,engine_capacity_cc,propulsion_code,age_of_vehicle,generic_make_model,driver_imd_decile,lsoa_of_driver,escooter_flag,driver_distance_banding
2024440452526,2024,440452526,1,9,0,5,5,6,2,0,0,0,0,0,0,0,1,1,6,6,1,65,9,1398,2,13,CITROEN C3,9,E01022836,0,1
2024221435934,2024,221435934,1,9,0,-1,19,5,1,-1,0,4,0,0,0,0,1,9,-1,6,1,77,11,1560,2,14,CITROEN C3,8,E01033528,0,4
2024070844772,2024,070844772,1,9,0,-1,9,1,5,-1,0,1,0,0,0,0,4,1,-1,6,1,63,9,1199,1,3,CITROEN C3,6,E01033997,0,4
2024010510472,2024,010510472,2,9,0,18,19,5,1,0,0,1,0,0,0,0,1,1,6,6,1,29,6,1199,1,11,CITROEN C3,4,E01001087,0,1
2024631525688,2024,631525688,2,9,0,-1,19,2,5,-1,0,0,0,0,0,0,3,1,-1,1,2,52,8,1560,2,7,CITROEN C3,7,W01000460,0,3
2024302500063,2024,302500063,2,9,0,-1,9,8,5,-1,0,8,0,0,0,0,4,1,-1,2,2,25,5,1360,1,19,CITROEN C3,2,E01013522,0,1
2024501397771,2024,501397771,2,9,0,-1,4,6,3,-1,0,0,0,0,0,0,3,1,-1,2,1,59,9,1560,2,12,CITROEN C3,8,E01020110,0,2
2024501487658,2024,501487658,2,9,0,-1,19,1,3,-1,0,1,0,0,0,0,2,1,-1,2,2,36,7,1200,1,7,CITROEN C3,10,E01020144,0,1
2024631535199,2024,631535199,1,9,0,-1,19,4,1,-1,0,0,2,0,2,10,4,1,-1,9,2,67,10,1360,1,19,CITROEN C3,8,W01001937,0,1
2024351464882,2024,351464882,2,9,0,-1,19,5,1,-1,0,0,0,0,0,0,4,2,-1,9,2,45,7,1199,1,0,CITROEN C3,6,E01033179,0,3
2024311501153,2024,311501153,1,9,0,-1,19,5,1,-1,0,0,0,7,1,0,4,1,-1,9,2,25,5,1200,1,3,CITROEN C3,-1,-1,0,-1
2024430336538,2024,430336538,2,9,0,18,19,7,3,0,0,4,0,0,0,0,3,1,6,6,2,-1,-1,1199,1,1,CITROEN C3,-1,-1,0,-1
2024522402800,2024,522402800,1,9,0,16,19,4,6,0,0,1,1,0,7,0,0,1,6,6,2,40,7,1199,1,10,CITROEN C3,2,E01014499,0,2
2024991502645,2024,991502645,1,9,0,-1,19,3,7,-1,0,1,0,0,0,0,1,1,-1,6,2,21,5,1200,1,6,CITROEN C3,2,-1,0,5
2024451439425,2024,451439425,1,9,0,-1,6,7,3,-1,0,0,0,0,0,0,3,1,-1,9,2,33,6,1199,1,6,CITROEN C3,2,E01015705,0,4
2024471517427,2024,471517427,1,9,0,-1,19,1,5,-1,0,0,0,0,0,0,4,1,-1,9,2,78,11,1124,1,18,CITROEN C3,6,E01020959,0,2
2024991473813,2024,991473813,2,9,0,-1,6,3,3,-1,0,8,0,0,0,0,4,1,-1,9,1,44,7,1199,1,4,CITROEN C3,-1,-1,0,-1
2024010506153,2024,010506153,1,9,0,5,5,5,1,0,0,1,0,10,7,11,1,1,6,6,2,77,11,1199,1,10,CITROEN C3,8,E01003649,0,2
2024430336993,2024,430336993,2,9,0,18,19,5,1,0,0,0,0,0,0,0,1,1,6,6,2,30,6,1200,1,6,CITROEN C3,-1,-1,0,-1
2024010529554,2024,010529554,2,9,0,18,19,1,5,0,0,0,0,7,0,0,1,1,6,6,1,66,10,1199,1,2,CITROEN C3,6,E01004475,0,1
2024991527493,2024,991527493,2,9,0,-1,19,2,6,-1,0,1,1,0,1,0,1,1,-1,9,1,60,9,1200,1,3,CITROEN C3,8,-1,0,4
2024361474634,2024,361474634,2,9,0,-1,3,5,1,-1,0,1,0,0,0,0,2,1,-1,9,2,53,8,1199,1,0,CITROEN C3,5,E01026516,0,1
2024440536754,2024,440536754,2,9,0,18,19,7,3,0,0,1,0,0,0,0,1,1,6,6,1,-1,-1,1199,1,2,CITROEN C3,-1,-1,0,-1
2024440555678,2024,440555678,4,9,0,18,19,5,1,0,0,0,0,0,0,0,3,1,6,6,1,73,10,1200,1,7,CITROEN C3,9,E01022789,0,3
2024131476334,2024,131476334,1,9,0,-1,2,1,1,-1,-1,0,0,0,0,0,4,1,-1,9,1,40,7,1124,1,18,CITROEN C3,2,E01011103,0,1
2024211535041,2024,211535041,2,9,0,-1,9,5,8,-1,0,1,0,0,0,0,1,1,-1,9,2,46,8,1560,2,13,CITROEN C3,2,E01014298,0,2
2024131403093,2024,131403093,1,9,0,-1,19,1,5,-1,0,2,0,0,3,0,1,1,-1,9,2,20,4,1200,1,5,CITROEN C3,5,E01011782,0,1
2024451506668,2024,451506668,2,9,0,-1,19,3,7,-1,0,0,0,0,0,0,3,1,-1,2,1,22,5,1200,1,6,CITROEN C3,10,E01016640,0,4
2024520403336,2024,520403336,2,9,0,18,19,3,7,0,0,0,0,0,1,11,1,1,6,6,1,68,10,1200,1,8,CITROEN C3,10,E01014417,0,4
2024622400790,2024,622400790,1,9,0,18,19,4,8,0,0,0,0,0,0,0,3,1,6,6,2,60,9,1560,2,9,CITROEN C3,4,W01000945,0,1
2024451411297,2024,451411297,1,9,0,-1,19,5,1,-1,0,0,0,0,0,0,4,1,-1,9,2,34,6,1360,1,19,CITROEN C3,6,E01016990,0,4
2024440165416,2024,440165416,1,9,0,9,9,3,2,0,0,6,0,0,0,0,3,1,6,6,1,67,10,1200,1,7,CITROEN C3,6,E01022764,0,1
2024471460584,2024,471460584,1,9,0,-1,9,7,3,-1,0,0,0,0,0,0,3,1,-1,9,2,32,6,1360,1,13,CITROEN C3,4,E01020914,0,2
2024520403260,2024,520403260,2,9,0,18,19,6,2,0,0,0,0,0,0,0,3,1,6,6,2,80,11,1200,1,5,CITROEN C3,6,E01032083,0,2
2024440397660,2024,440397660,2,9,0,18,19,1,3,0,0,1,0,0,0,0,0,1,6,6,2,53,8,1398,2,19,CITROEN C3,4,E01017308,0,1
2024221402214,2024,221402214,2,9,0,-1,19,5,2,-1,0,0,0,0,7,0,1,1,-1,2,1,60,9,1560,2,9,CITROEN C3,5,E01032214,0,3
2024041493245,2024,041493245,2,9,0,-1,19,1,5,-1,0,1,0,0,0,0,2,1,-1,7,2,33,6,1200,1,3,CITROEN C3,4,E01012703,0,1
2024101500828,2024,101500828,2,9,0,-1,19,3,7,-1,0,0,0,0,1,0,2,1,-1,9,2,59,9,1560,2,11,CITROEN C3,-1,-1,0,-1
2024161467118,2024,161467118,4,9,0,-1,2,0,0,-1,0,0,0,0,0,0,3,1,-1,6,-1,-1,-1,1199,1,11,CITROEN C3,-1,-1,0,-1
2024320319877,2024,320319877,2,9,0,-1,-1,2,6,0,0,8,5,0,7,0,2,1,-1,-1,1,39,7,1200,1,5,CITROEN C3,6,E01026282,0,3
2024471507990,2024,471507990,2,9,0,-1,19,3,7,-1,0,8,0,0,0,0,1,1,-1,9,2,86,11,1598,1,11,CITROEN C3,5,E01020932,0,1
2024231509903,2024,231509903,2,9,0,-1,9,4,2,-1,0,6,0,0,0,0,1,1,-1,2,2,32,6,1200,1,9,CITROEN C3,8,E01031223,0,1
2024421484541,2024,421484541,1,9,0,-1,5,5,1,-1,0,8,0,0,0,0,1,1,-1,2,2,80,11,1199,1,6,CITROEN C3,4,E01015891,0,1
2024052400787,2024,052400787,1,9,0,18,19,1,5,0,0,1,0,0,0,0,1,1,6,6,1,-1,-1,1000,1,8,CITROEN C3,-1,-1,0,-1
2024421440455,2024,421440455,1,9,0,-1,19,5,1,-1,0,0,0,4,0,0,1,1,-1,9,2,73,10,1199,1,10,CITROEN C3,10,E01015850,0,1
2024340WN3022,2024,340WN3022,1,9,0,-1,19,3,7,-1,0,6,0,0,0,0,1,1,-1,1,1,37,7,1199,1,3,CITROEN C3,1,E01027199,0,1
2024471394836,2024,471394836,1,9,0,-1,19,-1,-1,-1,0,0,-1,-1,-1,0,-1,9,-1,9,2,91,11,1360,1,13,CITROEN C3,10,E01021026,0,1
2024501442291,2024,501442291,2,9,0,-1,3,6,2,-1,0,1,0,0,0,0,2,9,-1,6,2,45,7,1587,1,16,CITROEN C3,2,E01034162,0,1
2024041499834,2024,041499834,2,9,0,-1,19,5,1,-1,0,8,0,0,0,0,1,1,-1,6,2,77,11,1199,1,4,CITROEN C3,9,E01025211,0,1
2024101526314,2024,101526314,5,9,0,-1,19,5,1,-1,0,0,0,0,0,0,3,1,-1,2,1,58,9,1560,2,11,CITROEN C3,3,E01008763,0,2
2024501485943,2024,501485943,2,9,0,-1,19,4,8,-1,0,0,1,0,0,0,2,1,-1,9,2,50,8,1200,1,7,CITROEN C3,7,E01015165,0,1
2024622400310,2024,622400310,1,9,0,18,19,3,7,0,0,0,0,0,0,0,1,1,6,6,2,52,8,1199,1,3,CITROEN C3,8,W01001030,0,1
2024111471593,2024,111471593,2,9,0,-1,19,6,2,-1,0,0,0,10,0,0,4,1,-1,6,2,28,6,1560,2,10,CITROEN C3,5,E01020890,0,3
2024311524116,2024,311524116,3,9,0,-1,3,5,8,-1,0,6,0,0,0,0,1,1,-1,6,2,49,8,1200,1,9,CITROEN C3,6,E01028236,0,2
2024371508689,2024,371508689,3,9,0,-1,2,0,0,-1,9,0,0,0,0,0,3,1,-1,6,-1,-1,-1,1124,1,20,CITROEN C3,-1,-1,0,-1
2024421519528,2024,421519528,4,9,0,-1,19,8,5,-1,0,0,0,0,0,0,2,1,-1,9,1,64,9,1397,1,9,CITROEN C3,5,E01016034,0,4
2024501424704,2024,501424704,2,9,0,-1,4,6,2,-1,0,0,0,0,0,0,2,1,-1,9,1,66,10,1560,2,14,CITROEN C3,3,E01020225,0,4
2024991430653,2024,991430653,2,9,0,-1,9,7,3,-1,0,5,0,0,0,0,1,1,-1,1,2,34,6,1199,1,1,CITROEN C3,1,-1,0,1
2024371418108,2024,371418108,1,9,0,-1,19,8,4,-1,0,0,0,0,0,0,4,1,-1,9,1,88,11,1199,1,2,CITROEN C3,8,E01030152,0,1
2024440002820,2024,440002820,1,9,0,18,19,5,1,0,0,0,0,0,1,11,1,1,2,2,2,26,6,1199,1,5,CITROEN C3,3,E01022732,0,4
2024371518233,2024,371518233,1,9,0,-1,7,5,7,-1,0,0,0,0,0,0,1,1,-1,2,1,56,9,1360,1,21,CITROEN C3,8,E01030015,0,1
2024522402498,2024,522402498,1,9,0,4,4,7,3,0,0,0,0,0,0,0,1,1,6,6,2,47,8,1560,2,17,CITROEN C3,6,E01035213,0,1
2024131486801,2024,131486801,1,9,0,-1,19,5,1,-1,0,8,0,0,0,0,1,1,-1,9,1,24,5,1360,1,21,CITROEN C3,1,E01010821,0,1
2024541332324,2024,541332324,1,9,0,9,9,8,6,0,0,6,0,0,1,0,3,1,6,6,1,31,6,1199,1,10,CITROEN C3,3,E01029093,0,5
2024311513639,2024,311513639,1,9,0,-1,3,8,4,-1,0,0,0,0,0,0,2,1,-1,2,2,22,5,1560,2,11,CITROEN C3,6,E01028152,0,2
2024361478842,2024,361478842,1,9,0,-1,9,7,1,-1,0,8,0,0,0,0,1,1,-1,9,1,73,10,1199,1,5,CITROEN C3,8,E01026432,0,1
2024471452638,2024,471452638,1,9,0,-1,19,7,3,-1,0,2,2,4,0,0,1,1,-1,9,2,31,6,1200,1,5,CITROEN C3,8,E01021233,0,1
2024430504056,2024,430504056,1,9,0,18,19,8,4,0,0,0,1,0,0,0,1,1,6,6,2,20,4,1587,1,17,CITROEN C3,6,E01016556,0,1
2024311426477,2024,311426477,1,9,0,-1,13,2,6,-1,0,0,0,0,0,0,4,1,-1,6,1,22,5,1598,1,13,CITROEN C3,10,E01028218,0,2
2024471510632,2024,471510632,1,9,0,-1,19,3,7,-1,0,0,0,0,0,0,1,1,-1,2,2,45,7,1199,1,4,CITROEN C3,7,E01031387,0,1
2024471499256,2024,471499256,2,9,0,-1,11,7,3,-1,0,8,0,0,0,0,3,1,-1,6,2,71,10,1200,1,6,CITROEN C3,5,E01026410,0,5
2024440133574,2024,440133574,1,9,0,9,9,3,1,0,0,8,0,0,0,0,3,1,6,6,2,25,5,1199,1,5,CITROEN C3,9,E01024057,0,5
2024061506048,2024,061506048,2,9,0,-1,7,-1,-1,-1,0,4,9,99,0,0,9,1,-1,6,2,-1,-1,1199,1,4,CITROEN C3,-1,-1,0,-1
2024101432979,2024,101432979,2,9,0,-1,19,7,3,-1,0,1,0,0,0,0,4,1,-1,6,2,41,7,1199,1,3,CITROEN C3,8,E01035628,0,1
2024501407155,2024,501407155,3,9,0,-1,19,2,6,-1,0,0,0,0,0,0,2,9,-1,6,2,36,7,1199,1,3,CITROEN C3,3,E01018925,0,1
2024041448016,2024,041448016,2,9,0,-1,19,6,7,-1,0,2,0,0,1,11,3,1,-1,6,1,29,6,1587,1,17,CITROEN C3,2,E01005160,0,4
2024010536004,2024,010536004,1,9,0,17,19,7,3,0,0,0,0,10,1,11,1,1,6,6,2,40,7,1598,1,9,CITROEN C3,1,E01003291,0,1
2024010505008,2024,010505008,1,9,0,10,10,4,2,99,99,9,9,99,0,0,2,1,6,6,2,27,6,1200,1,7,CITROEN C3,4,E01000068,0,1
2024122400337,2024,122400337,1,9,0,16,19,8,4,0,0,0,0,0,7,8,1,1,1,1,2,22,5,1499,2,2,CITROEN C3,6,E01027915,0,3
2024041512607,2024,041512607,1,9,0,-1,9,1,5,-1,0,0,0,0,0,0,1,1,-1,2,2,36,7,1199,1,1,CITROEN C3,1,E01012743,0,3
2024010524968,2024,010524968,1,9,0,16,19,5,7,0,0,3,0,0,0,0,1,1,6,6,3,-1,-1,1360,1,21,CITROEN C3,-1,-1,0,-1
2024622400239,2024,622400239,2,9,0,4,4,4,8,0,0,7,0,0,0,0,2,1,6,6,2,37,7,1200,1,6,CITROEN C3,4,W01000753,0,1
2024111491407,2024,111491407,2,9,0,-1,19,7,3,-1,0,0,0,0,0,0,1,1,-1,9,1,66,10,1199,1,6,CITROEN C3,2,E01020780,0,3
2024201482183,2024,201482183,1,9,9,-1,19,4,8,-1,0,8,0,0,0,0,9,9,-1,6,1,22,5,1199,1,1,CITROEN C3,1,E01009028,0,1
2024622400118,2024,622400118,1,9,0,9,9,1,7,0,0,2,0,0,0,0,1,1,6,6,3,-1,-1,1199,1,6,CITROEN C3,-1,-1,0,-1
2024371419686,2024,371419686,2,9,0,-1,7,7,3,-1,0,5,0,0,0,0,2,1,-1,9,1,54,8,1560,2,14,CITROEN C3,9,E01029939,0,2
2024440288984,2024,440288984,1,9,0,18,19,5,1,0,0,0,2,0,7,0,3,1,6,6,2,75,10,1199,1,1,CITROEN C3,9,E01022564,0,3
2024221424213,2024,221424213,2,9,0,-1,13,2,6,-1,0,0,0,0,0,0,4,1,-1,1,1,37,7,1598,1,13,CITROEN C3,3,E01031238,0,4
2024010511327,2024,010511327,1,9,0,18,19,5,1,0,0,1,0,0,0,0,1,1,6,6,2,34,6,1199,1,6,CITROEN C3,-1,-1,0,-1
2024122500088,2024,122500088,1,9,0,5,5,7,3,0,0,0,0,0,0,0,1,1,2,2,2,41,7,1200,1,3,CITROEN C3,8,E01010698,0,2
2024471522927,2024,471522927,1,9,0,-1,3,2,6,-1,0,0,0,0,0,0,2,1,-1,2,1,63,9,1560,2,9,CITROEN C3,3,E01031549,0,1
2024161444594,2024,161444594,1,9,0,-1,19,3,7,-1,0,0,0,0,0,0,3,1,-1,6,2,60,9,1598,1,12,CITROEN C3,4,E01013158,0,2
2024061519050,2024,061519050,2,9,0,-1,19,4,1,-1,0,4,0,0,0,0,1,1,-1,9,2,25,5,1199,1,6,CITROEN C3,2,E01005028,0,1
2024501492328,2024,501492328,1,9,0,-1,19,7,3,-1,0,1,0,0,0,0,4,1,-1,9,1,68,10,1199,1,1,CITROEN C3,6,E01020106,0,1
2024311531502,2024,311531502,1,9,0,-1,5,6,3,-1,0,0,0,0,0,0,1,1,-1,6,1,18,4,1199,1,4,CITROEN C3,4,E01027981,0,1
2024041428442,2024,041428442,2,9,0,-1,19,3,3,-1,0,8,0,0,0,0,1,1,-1,2,2,18,4,1200,1,7,CITROEN C3,5,E01025444,0,3
2024201471826,2024,201471826,1,9,0,-1,19,5,1,-1,0,0,0,0,0,0,3,1,-1,6,2,48,8,1200,1,8,CITROEN C3,1,E01034916,0,1
2024991517371,2024,991517371,1,9,0,-1,19,7,3,-1,0,8,0,0,0,0,1,1,-1,9,1,21,5,1199,1,0,CITROEN C3,1,-1,0,2
2024141469033,2024,141469033,1,9,0,-1,2,0,0,-1,9,0,0,0,0,0,1,1,-1,9,2,44,7,1199,1,1,CITROEN C3,5,E01007388,0,2
2024201437887,2024,201437887,1,9,0,-1,5,4,8,-1,0,4,0,0,0,0,1,1,-1,6,1,30,6,1200,1,7,CITROEN C3,-1,-1,0,-1
2024141426230,2024,141426230,3,9,0,-1,19,3,7,-1,0,0,0,1,0,0,4,1,-1,6,1,39,7,1598,1,11,CITROEN C3,6,E01034690,0,4
2024471523240,2024,471523240,5,9,0,-1,2,0,0,-1,0,0,0,0,0,0,2,1,-1,6,-1,-1,-1,1560,2,16,CITROEN C3,-1,-1,0,-1
2024201446307,2024,201446307,2,9,0,-1,19,3,7,-1,0,0,0,0,0,0,2,1,-1,2,1,21,5,1360,1,21,CITROEN C3,-1,-1,0,-1
2024371485913,2024,371485913,1,9,0,-1,1,-1,-1,-1,0,0,0,0,0,0,2,1,-1,6,1,-1,-1,1560,2,13,CITROEN C3,-1,-1,0,-1
2024010504408,2024,010504408,1,9,0,99,99,9,9,99,99,9,9,99,9,99,2,9,6,6,1,47,8,1124,1,15,CITROEN C3,5,E01003743,0,1
2024201492628,2024,201492628,1,9,0,-1,9,6,4,-1,0,5,0,0,0,0,1,1,-1,6,1,30,6,1360,1,21,CITROEN C3,1,E01008962,0,1
2024622400077,2024,622400077,2,9,0,3,3,4,8,0,0,0,0,0,0,0,2,1,6,6,2,58,9,1397,1,10,CITROEN C3,4,W01000995,0,3
2024302400506,2024,302400506,2,9,0,18,19,4,8,0,0,0,0,0,1,9,2,1,6,6,1,38,7,1360,1,16,CITROEN C3,3,E01013517,0,1
2024211469995,2024,211469995,3,9,0,-1,10,2,6,-1,0,0,0,0,0,0,2,1,-1,6,2,35,6,1199,1,5,CITROEN C3,3,E01025949,0,3
2024131578558,2024,131578558,1,9,0,-1,19,4,8,-1,0,0,2,0,8,11,3,1,-1,9,1,23,5,1199,1,3,CITROEN C3,10,E01010646,0,1
2024440285235,2024,440285235,1,9,0,9,9,4,2,0,0,8,0,0,0,0,0,1,6,6,3,-1,-1,1360,1,22,CITROEN C3,-1,-1,0,-1
2024401524430,2024,401524430,1,9,0,-1,19,5,1,-1,0,0,0,11,0,0,1,1,-1,6,2,77,11,1200,1,3,CITROEN C3,8,E01034416,0,2
2024041509257,2024,041509257,1,9,0,-1,19,5,1,-1,0,0,0,4,0,0,1,1,-1,9,1,53,8,1398,2,12,CITROEN C3,-1,-1,0,-1
2024211470158,2024,211470158,1,9,0,-1,19,3,7,-1,0,0,5,4,0,0,1,1,-1,9,1,31,6,1360,1,16,CITROEN C3,-1,-1,0,-1
2024041436002,2024,041436002,2,9,0,-1,19,7,3,-1,0,1,0,0,0,0,1,1,-1,9,2,71,10,1200,1,9,CITROEN C3,5,E01025573,0,1
2024101450391,2024,101450391,1,9,0,-1,19,5,1,-1,0,0,0,0,0,0,1,1,-1,6,1,68,10,1560,2,9,CITROEN C3,10,-1,0,4
2024631525103,2024,631525103,2,9,0,-1,19,1,5,-1,0,8,0,0,0,0,1,1,-1,9,2,59,9,1560,2,7,CITROEN C3,5,W01000427,0,4
2024421417646,2024,421417646,2,9,0,-1,19,-1,-1,-1,0,3,0,0,0,0,3,1,-1,9,2,22,5,1199,1,3,CITROEN C3,5,E01021380,0,1
2024991467923,2024,991467923,1,9,0,-1,9,4,1,-1,0,2,0,0,0,0,1,1,-1,9,1,79,11,1200,1,9,CITROEN C3,3,-1,0,1
2024221533882,2024,221533882,1,9,0,-1,9,8,4,-1,0,6,1,0,1,1,1,9,-1,2,2,39,7,1124,1,20,CITROEN C3,5,E01029013,0,1
2024361398906,2024,361398906,1,9,0,-1,19,1,5,-1,0,2,0,0,0,0,1,9,-1,1,2,61,9,1199,1,5,CITROEN C3,8,E01026671,0,1
2024141441404,2024,141441404,4,9,0,-1,2,0,0,-1,0,0,0,0,0,0,4,1,-1,6,-1,-1,-1,1598,1,11,CITROEN C3,-1,-1,0,-1
2024010543730,2024,010543730,1,9,0,99,99,9,9,99,99,9,9,99,9,99,1,9,6,6,2,29,6,1200,1,5,CITROEN C3,5,E01033916,0,1
2024991464627,2024,991464627,2,9,0,-1,19,4,8,-1,0,1,0,0,0,0,1,1,-1,9,1,77,11,1500,2,2,CITROEN C3,3,E01004905,0,5
2024111462571,2024,111462571,3,9,0,-1,2,0,0,-1,0,1,0,0,0,0,2,1,-1,2,2,22,5,1200,1,6,CITROEN C3,7,E01008642,0,4
2024101532827,2024,101532827,2,9,0,-1,9,4,1,-1,0,8,0,0,0,0,1,1,-1,1,1,-1,-1,1199,1,1,CITROEN C3,-1,-1,0,-1
2024461478277,2024,461478277,1,9,0,-1,11,7,4,-1,0,0,1,0,0,0,1,1,-1,2,2,41,7,1200,1,7,CITROEN C3,8,E01016082,0,2
2024201418812,2024,201418812,1,9,0,-1,19,8,4,-1,0,0,0,0,0,0,1,9,-1,6,1,20,4,1124,1,16,CITROEN C3,5,E01009036,0,1
2024070909388,2024,070909388,1,9,0,-1,13,7,7,-1,0,0,0,0,1,0,2,1,-1,9,2,64,9,1199,1,2,CITROEN C3,7,E01005415,0,4
2024461415550,2024,461415550,1,9,0,-1,19,1,1,-1,0,0,1,0,0,0,1,9,-1,9,2,35,6,1199,1,11,CITROEN C3,7,E01024405,0,1
2024010511892,2024,010511892,1,9,0,18,19,1,5,8,6,3,1,0,1,10,1,1,6,6,2,23,5,1199,1,11,CITROEN C3,3,E01000441,0,1
2024451449669,2024,451449669,3,9,0,-1,2,0,0,-1,9,0,0,0,0,0,3,1,-1,6,-1,-1,-1,1499,2,2,CITROEN C3,-1,-1,0,-1
2024371480252,2024,371480252,1,9,0,-1,19,7,3,-1,0,3,0,9,8,1,3,1,-1,9,2,77,11,1199,1,10,CITROEN C3,3,E01030169,0,3
2024141436187,2024,141436187,2,9,0,-1,19,8,4,-1,0,1,0,0,0,0,3,9,-1,6,2,45,7,1200,1,9,CITROEN C3,9,E01002472,0,5
2024991511348,2024,991511348,2,9,0,-1,19,5,1,-1,0,0,0,0,0,0,1,1,-1,9,2,65,9,1200,1,6,CITROEN C3,8,E01019352,0,5
2024411515301,2024,411515301,1,9,0,-1,4,3,7,-1,0,0,0,0,0,0,1,1,-1,9,2,32,6,1200,1,5,CITROEN C3,9,E01023290,0,4
2024031440463,2024,031440463,1,9,0,-1,19,3,7,-1,0,2,0,0,0,0,1,1,-1,2,2,66,10,1200,1,6,CITROEN C3,2,E01019299,0,1
2024201535326,2024,201535326,1,9,0,-1,15,5,1,-1,0,0,0,0,0,0,4,1,-1,9,2,42,7,1398,2,18,CITROEN C3,2,E01010261,0,1
2024622400483,2024,622400483,1,9,0,18,19,7,4,0,0,0,1,0,0,0,1,1,6,6,2,23,5,1200,1,7,CITROEN C3,10,W01001086,0,1
2024010540455,2024,010540455,1,9,0,5,5,6,2,0,0,2,0,0,0,0,1,1,6,6,1,78,11,1200,1,3,CITROEN C3,-1,-1,0,-1
2024440152075,2024,440152075,1,9,0,18,19,7,3,0,0,2,0,0,0,0,1,1,2,2,1,64,9,1200,1,7,CITROEN C3,5,E01017283,0,1
2024201456476,2024,201456476,2,9,0,-1,19,8,4,-1,0,0,0,0,0,0,1,9,-1,6,1,63,9,1560,2,14,CITROEN C3,1,E01032888,0,1
2024201481994,2024,201481994,3,9,0,-1,2,0,0,-1,0,0,0,0,0,0,1,9,-1,6,2,49,8,1199,1,3,CITROEN C3,5,E01009936,0,1
2024010509556,2024,010509556,2,9,0,99,99,9,9,99,99,9,9,99,9,99,9,9,6,6,3,-1,-1,999,1,9,CITROEN C3,5,E01015904,0,4
2024991417913,2024,991417913,1,9,0,-1,19,3,5,-1,0,0,1,0,7,4,1,1,-1,6,2,51,8,1200,1,3,CITROEN C3,8,-1,0,4
2024622400716,2024,622400716,2,9,0,3,3,4,8,0,0,8,0,0,0,0,2,1,6,6,1,30,6,1560,2,12,CITROEN C3,4,W01001063,0,1
2024440473142,2024,440473142,1,9,0,4,4,4,8,0,0,1,0,0,0,0,2,1,6,6,2,68,10,1200,1,2,CITROEN C3,8,E01022591,0,1
2024131408666,2024,131408666,2,9,0,-1,19,2,4,-1,1,1,0,0,0,0,1,1,-1,6,1,65,9,1587,1,18,CITROEN C3,8,E01011151,0,1
2024201432777,2024,201432777,1,9,0,-1,19,2,6,-1,0,2,0,0,0,0,2,9,-1,6,-1,-1,-1,1199,1,2,CITROEN C3,-1,-1,0,-1
2024631493998,2024,631493998,1,9,0,-1,19,1,5,-1,0,0,5,10,1,6,1,1,-1,9,2,21,5,1199,1,0,CITROEN C3,6,E01035335,0,5
2024430626376,2024,430626376,2,9,0,4,4,5,7,0,0,4,0,0,0,0,2,1,6,6,2,38,7,1200,1,2,CITROEN C3,-1,-1,0,-1
2024131497370,2024,131497370,1,9,0,-1,19,1,5,-1,0,0,0,0,0,0,1,1,-1,2,2,59,9,1199,1,5,CITROEN C3,1,E01010713,0,1
2024311471091,2024,311471091,1,9,0,-1,19,5,1,-1,0,1,0,0,0,0,4,1,-1,6,1,61,9,1199,1,4,CITROEN C3,-1,-1,0,-1
2024361506445,2024,361506445,2,9,0,-1,4,5,1,-1,0,0,0,0,0,0,2,1,-1,9,1,58,9,1199,1,0,CITROEN C3,6,E01035706,0,5
2024122400190,2024,122400190,1,9,0,18,19,3,7,0,0,0,0,0,0,0,1,1,6,6,1,92,11,1360,1,14,CITROEN C3,7,E01027799,0,1
2024991461351,2024,991461351,2,9,0,-1,2,5,5,-1,0,2,0,0,1,0,3,1,-1,6,-1,-1,-1,1200,1,5,CITROEN C3,-1,-1,0,-1
2024451425908,2024,451425908,1,9,0,-1,19,3,7,-1,0,0,0,11,0,0,1,1,-1,9,2,69,10,1598,1,12,CITROEN C3,8,E01022615,0,3
2024522402039,2024,522402039,1,9,0,18,19,8,4,0,0,2,0,2,0,0,1,1,6,6,1,42,7,1360,1,16,CITROEN C3,10,E01015014,0,1
2024332401156,2024,332401156,1,9,0,-1,10,1,7,-1,0,8,0,0,0,0,2,1,-1,9,2,37,7,1560,2,11,CITROEN C3,3,E01013690,0,1
2024471394324,2024,471394324,2,9,0,-1,7,3,5,-1,2,6,0,0,0,0,1,1,-1,9,1,75,10,1598,1,10,CITROEN C3,3,E01031371,0,2
2024421431728,2024,421431728,1,9,0,-1,19,3,1,-1,0,0,0,0,0,0,3,1,-1,6,1,-1,-1,1360,1,22,CITROEN C3,5,E01021820,0,3