collision_index,collision_year,collision_ref_no,vehicle_reference,vehicle_type,towing_and_articulation,vehicle_manoeuvre_historic,vehicle_manoeuvre,vehicle_direction_from,vehicle_direction_to,vehicle_location_restricted_lane_historic,vehicle_location_restricted_lane,junction_location,skidding_and_overturning,hit_object_in_carriageway,vehicle_leaving_carriageway,hit_object_off_carriageway,first_point_of_impact,vehicle_left_hand_drive,journey_purpose_of_driver_historic,journey_purpose_of_driver,sex_of_driver,age_of_driver,age_band_of_driver,engine_capacity_cc,propulsion_code,age_of_vehicle,generic_make_model,driver_imd_decile,lsoa_of_driver,escooter_flag,driver_distance_banding
2024461534702,2024,461534702,1,9,0,-1,5,5,1,-1,0,4,0,0,0,0,3,1,-1,6,2,60,9,1560,2,13,CITROEN C3,9,E01025640,0,5
2024131424030,2024,131424030,1,9,0,-1,14,3,7,-1,0,0,0,0,0,0,1,1,-1,1,1,48,8,1200,1,4,CITROEN C3,2,E01011726,0,1
202460Q111284,2024,60Q111284,1,9,0,7,7,1,3,0,0,8,0,0,0,0,0,1,2,2,2,60,9,1360,1,12,CITROEN C3,-1,-1,0,-1
2024320343115,2024,320343115,1,9,0,6,6,3,7,0,0,0,0,0,0,0,1,1,-1,-1,1,37,7,1560,2,10,CITROEN C3,1,E01013867,0,4
2024501495726,2024,501495726,2,9,0,-1,19,3,7,-1,0,0,0,0,0,0,1,1,-1,2,2,45,7,1200,1,6,CITROEN C3,2,E01018774,0,2
2024361461739,2024,361461739,1,9,0,-1,9,7,3,-1,0,1,0,0,0,0,1,1,-1,1,2,70,10,1500,2,5,CITROEN C3,2,E01026601,0,1
2024451533892,2024,451533892,1,9,0,-1,9,6,2,-1,0,1,0,0,0,0,4,1,-1,2,1,38,7,1360,1,17,CITROEN C3,4,E01031547,0,3
2024010517500,2024,010517500,1,9,0,18,19,8,4,0,0,2,0,0,0,0,1,1,6,6,2,57,9,1200,1,7,CITROEN C3,-1,-1,0,-1
2024631423331,2024,631423331,1,9,0,-1,5,2,7,-1,0,6,0,0,0,0,1,1,-1,9,1,81,11,1560,2,10,CITROEN C3,6,W01000431,0,3
2024461523182,2024,461523182,2,9,0,-1,4,8,4,-1,0,0,0,4,0,0,2,1,-1,6,2,60,9,1200,1,2,CITROEN C3,4,E01023986,0,1
2024041466125,2024,041466125,2,9,0,-1,19,4,1,-1,0,8,0,0,0,0,1,1,-1,6,2,39,7,1200,1,7,CITROEN C3,1,E01025574,0,2
2024010516236,2024,010516236,1,9,0,99,99,9,9,99,99,9,9,99,9,99,1,9,6,6,3,-1,-1,1199,1,0,CITROEN C3,4,E01002444,0,1
2024201418579,2024,201418579,1,9,0,-1,19,8,3,-1,0,3,1,0,0,0,4,1,-1,9,1,82,11,1199,1,0,CITROEN C3,9,E01032142,0,3
2024201540505,2024,201540505,1,9,0,-1,19,5,3,-1,0,1,0,0,0,0,1,1,-1,6,-1,30,6,1199,1,1,CITROEN C3,-1,-1,0,-1
2024061522346,2024,061522346,2,9,0,-1,19,-1,-1,-1,0,0,0,0,0,0,1,1,-1,6,2,-1,-1,1200,1,7,CITROEN C3,-1,-1,0,-1
2024031477046,2024,031477046,1,9,0,-1,19,5,1,-1,0,0,0,0,0,0,1,1,-1,9,2,54,8,1199,1,1,CITROEN C3,1,E01019164,0,1
2024401493985,2024,401493985,3,9,0,-1,3,1,5,-1,0,8,0,0,0,0,0,1,-1,9,1,51,8,1199,1,1,CITROEN C3,-1,-1,0,-1
2024411437503,2024,411437503,1,9,0,-1,19,4,8,-1,0,0,0,0,0,0,1,1,-1,1,2,40,7,1200,1,5,CITROEN C3,6,E01023871,0,2
2024991512224,2024,991512224,1,9,0,-1,5,5,1,-1,0,4,0,0,0,0,3,1,-1,9,2,84,11,1199,1,2,CITROEN C3,10,-1,0,3
2024991506211,2024,991506211,2,9,0,-1,19,5,1,-1,0,1,0,0,0,0,1,1,-1,6,2,59,9,1199,1,3,CITROEN C3,5,-1,0,1
2024351409398,2024,351409398,2,9,0,-1,19,6,4,-1,0,8,0,0,0,0,3,1,-1,9,2,33,6,1560,2,13,CITROEN C3,8,E01018117,0,1
2024361492286,2024,361492286,1,9,0,-1,5,7,4,-1,0,2,0,0,0,0,3,1,-1,9,2,52,8,1200,1,6,CITROEN C3,4,E01030266,0,2
2024141511106,2024,141511106,1,9,0,-1,5,4,6,-1,0,1,0,0,0,0,1,9,-1,6,1,58,9,1200,1,4,CITROEN C3,6,E01007695,0,1
2024440044439,2024,440044439,2,9,0,18,19,2,6,0,0,1,0,0,0,0,1,1,6,6,2,29,6,1560,2,14,CITROEN C3,5,E01017159,0,1
2024991459871,2024,991459871,2,9,0,-1,3,5,1,-1,0,0,0,0,0,0,2,2,-1,6,1,38,7,1199,1,3,CITROEN C3,-1,-1,0,-1
2024201399752,2024,201399752,1,9,0,-1,19,7,3,-1,0,0,0,0,0,0,1,9,-1,2,1,41,7,1560,2,18,CITROEN C3,2,E01008897,0,1
2024161520531,2024,161520531,1,9,0,-1,9,5,3,-1,0,3,0,0,0,0,3,1,-1,6,2,51,8,1199,1,3,CITROEN C3,9,E01013123,0,1
2024440460455,2024,440460455,1,9,0,18,19,3,7,0,0,0,0,0,0,0,2,1,6,6,2,29,6,1199,1,2,CITROEN C3,6,E01015361,0,3
2024070195755,2024,070195755,2,9,0,18,19,7,5,0,0,8,0,0,0,0,3,1,2,2,2,30,6,1560,2,8,CITROEN C3,4,E01018451,0,1
2024201418177,2024,201418177,2,9,0,-1,5,6,2,-1,0,0,0,0,0,0,2,1,-1,9,1,30,6,1199,1,1,CITROEN C3,1,E01009342,0,1
2024131405920,2024,131405920,2,9,0,-1,19,5,5,-1,0,8,0,0,0,0,3,1,-1,6,2,44,7,1200,1,7,CITROEN C3,2,E01010916,0,1
2024501438374,2024,501438374,2,8,0,-1,4,1,5,-1,0,0,0,0,0,0,1,1,-1,1,1,74,10,1560,2,12,CITROEN C3,6,E01020172,0,2
2024122400594,2024,122400594,1,9,0,16,19,4,8,0,0,0,0,0,0,0,3,1,6,6,2,79,11,1199,1,0,CITROEN C3,4,E01012966,0,4
2024440131007,2024,440131007,1,9,0,18,19,6,2,0,0,0,0,0,0,0,1,1,6,6,1,85,11,1360,1,21,CITROEN C3,4,E01017290,0,2
2024471434088,2024,471434088,1,9,0,-1,9,4,2,-1,0,1,0,0,0,0,4,1,-1,6,1,54,8,1560,2,9,CITROEN C3,10,E01031695,0,2
2024131432407,2024,131432407,1,9,0,-1,19,3,7,-1,0,1,0,0,0,0,4,1,-1,9,1,21,5,1360,1,20,CITROEN C3,10,E01007187,0,5
2024991431288,2024,991431288,1,9,0,-1,19,1,5,-1,0,1,0,0,0,0,1,1,-1,6,1,79,11,1199,1,1,CITROEN C3,5,-1,0,1
2024991525672,2024,991525672,2,9,0,-1,4,5,1,-1,0,0,0,0,0,0,2,1,-1,6,2,34,6,1200,1,9,CITROEN C3,2,-1,0,1
2024122400799,2024,122400799,1,9,0,18,19,1,6,0,0,3,0,0,0,0,1,1,6,6,2,41,7,1199,1,6,CITROEN C3,3,E01019089,0,5
2024201436839,2024,201436839,2,9,0,-1,19,2,6,-1,0,8,0,0,0,0,3,1,-1,6,1,48,8,1199,1,2,CITROEN C3,6,E01010024,0,1
2024522401831,2024,522401831,2,9,0,18,19,5,1,0,0,0,0,4,7,0,1,1,6,6,2,42,7,1360,1,13,CITROEN C3,7,E01014838,0,1
2024010533829,2024,010533829,1,9,0,3,3,1,5,0,0,0,0,0,0,0,2,1,6,6,2,41,7,1124,1,17,CITROEN C3,-1,-1,0,-1
2024311404561,2024,311404561,3,9,0,-1,9,8,4,-1,0,1,0,0,0,0,3,1,-1,9,2,45,7,1199,1,6,CITROEN C3,10,E01028377,0,1
2024201451078,2024,201451078,2,9,0,-1,9,3,1,-1,0,6,0,0,0,0,3,1,-1,9,1,77,11,1199,1,1,CITROEN C3,6,E01029645,0,1
2024440261986,2024,440261986,1,9,0,9,9,7,5,0,0,8,0,0,0,0,1,1,6,6,1,54,8,1398,2,15,CITROEN C3,2,E01022655,0,3
2024531480798,2024,531480798,4,9,0,-1,19,6,2,-1,0,1,0,0,0,0,1,1,-1,6,2,52,8,1560,2,14,CITROEN C3,7,W01001584,0,1
2024501425169,2024,501425169,1,9,0,-1,19,3,7,-1,0,0,0,12,0,0,1,1,-1,9,2,57,9,1560,2,7,CITROEN C3,4,E01019037,0,1
2024471428527,2024,471428527,1,9,0,-1,19,5,1,-1,0,0,5,0,1,8,4,1,-1,6,1,19,4,1360,1,12,CITROEN C3,4,E01020924,0,1
2024332400750,2024,332400750,2,9,0,-1,3,6,2,-1,0,1,0,0,0,0,2,1,-1,6,1,78,11,1360,1,20,CITROEN C3,9,E01025975,0,2
2024520402455,2024,520402455,2,9,0,18,19,7,3,0,0,0,0,0,0,0,2,1,1,1,1,69,10,1560,2,9,CITROEN C3,4,E01029336,0,1
2024161528711,2024,161528711,1,8,0,-1,19,1,5,-1,0,1,0,99,0,0,1,9,-1,6,1,-1,-1,1560,2,9,CITROEN C3,-1,-1,0,-1
2024522402759,2024,522402759,1,9,0,7,7,5,7,0,0,6,0,7,0,0,1,1,6,6,2,20,4,1199,1,3,CITROEN C3,2,E01001559,0,5
2024371413645,2024,371413645,1,9,0,-1,19,7,4,-1,0,0,2,0,2,0,1,1,-1,9,1,63,9,1560,2,12,CITROEN C3,-1,-1,0,-1
2024552401337,2024,552401337,1,9,0,18,19,7,3,0,0,4,0,0,0,0,1,1,6,6,2,61,9,1500,2,4,CITROEN C3,7,E01015352,0,1
2024010512045,2024,010512045,1,9,0,3,3,2,6,0,0,1,0,0,0,0,4,1,6,6,2,63,9,1200,1,5,CITROEN C3,2,E01003323,0,2
2024131508134,2024,131508134,2,9,0,-1,9,3,1,-1,0,8,0,0,0,0,1,1,-1,7,2,57,9,1200,1,2,CITROEN C3,8,E01011203,0,1
2024320723981,2024,320723981,1,9,0,4,4,5,1,0,0,2,0,0,3,9,1,1,-1,-1,2,63,9,1199,1,5,CITROEN C3,2,E01026056,0,1
2024122500080,2024,122500080,1,9,0,3,3,7,3,0,0,0,0,0,0,0,1,1,6,6,1,79,11,1560,2,14,CITROEN C3,3,E01013386,0,1
2024421471491,2024,421471491,2,9,0,-1,4,1,5,-1,0,0,0,0,0,0,2,1,-1,9,2,63,9,1360,1,19,CITROEN C3,8,E01015829,0,1
2024201470324,2024,201470324,2,9,0,-1,19,4,7,-1,0,4,0,0,0,0,3,9,-1,6,2,27,6,1560,2,7,CITROEN C3,1,E01010485,0,4
2024991440098,2024,991440098,2,9,0,-1,2,0,0,-1,0,0,0,0,0,0,2,1,-1,6,-1,-1,-1,1199,1,5,CITROEN C3,-1,-1,0,-1
2024411427558,2024,411427558,1,9,0,-1,3,-1,-1,-1,0,1,0,0,0,0,1,9,-1,6,1,69,10,1560,2,11,CITROEN C3,9,E01023629,0,1
2024010521941,2024,010521941,1,9,0,6,6,8,8,0,0,1,0,0,0,0,1,1,6,6,3,-1,-1,1200,1,7,CITROEN C3,-1,-1,0,-1
2024311534320,2024,311534320,2,9,0,-1,9,5,1,-1,0,1,0,0,0,0,2,1,-1,9,2,63,9,1560,2,14,CITROEN C3,6,E01028034,0,3
2024471493878,2024,471493878,2,9,0,-1,4,2,6,-1,0,0,0,0,0,0,2,9,-1,6,1,62,9,1199,1,1,CITROEN C3,1,E01016866,0,4
2024332401004,2024,332401004,1,9,0,-1,19,1,4,-1,0,2,0,0,1,4,1,1,-1,2,2,31,6,1360,1,17,CITROEN C3,4,E01025933,0,2
2024010524864,2024,010524864,1,9,0,9,9,6,4,0,0,8,0,0,0,0,1,1,6,6,1,32,6,1199,1,6,CITROEN C3,4,E01000171,0,1
2024501534915,2024,501534915,2,9,0,-1,5,1,7,-1,0,4,0,0,0,0,3,1,-1,6,2,81,11,1598,1,11,CITROEN C3,3,E01020096,0,1
2024451457354,2024,451457354,1,9,0,-1,-1,-1,-1,-1,-1,0,-1,-1,-1,0,-1,9,-1,6,3,-1,-1,1200,1,4,CITROEN C3,-1,-1,0,-1
2024421417298,2024,421417298,2,9,0,-1,3,2,6,-1,0,1,0,0,0,0,2,1,-1,2,2,26,6,1200,1,6,CITROEN C3,9,E01021548,0,1
2024161528182,2024,161528182,2,9,0,-1,9,2,8,-1,0,1,0,0,0,0,1,1,-1,2,1,64,9,1398,2,19,CITROEN C3,1,E01013219,0,1
2024161446049,2024,161446049,2,9,0,-1,19,7,3,-1,0,0,0,0,0,0,2,1,-1,6,1,63,9,1598,1,10,CITROEN C3,10,E01013111,0,3
2024201519592,2024,201519592,1,9,0,-1,10,1,5,-1,0,8,0,0,0,0,1,9,-1,9,1,33,6,1199,1,10,CITROEN C3,-1,-1,0,-1
2024302401168,2024,302401168,1,9,0,9,9,1,7,0,0,2,0,0,0,0,2,1,6,6,1,54,8,1200,1,6,CITROEN C3,3,E01019692,0,1
2024411464870,2024,411464870,1,9,0,-1,9,3,1,-1,0,6,0,0,0,0,1,1,-1,6,1,19,4,1360,1,13,CITROEN C3,9,E01017449,0,1
2024101446064,2024,101446064,2,9,0,-1,19,7,4,-1,0,8,0,0,0,0,0,1,-1,9,2,38,7,1200,1,7,CITROEN C3,1,E01034514,0,1
2024161474313,2024,161474313,1,9,0,-1,9,8,6,-1,0,5,0,0,0,0,4,9,-1,9,1,45,7,1200,1,7,CITROEN C3,1,E01013229,0,1
2024201524689,2024,201524689,1,9,0,-1,9,5,7,-1,0,1,0,0,0,0,3,9,-1,6,2,30,6,1000,1,9,CITROEN C3,1,E01009371,0,1
2024440121260,2024,440121260,2,9,0,3,3,3,7,0,0,0,0,0,0,0,2,1,6,6,2,78,11,1200,1,3,CITROEN C3,3,E01022681,0,1
2024522402095,2024,522402095,1,9,0,4,4,6,2,0,0,1,0,0,0,0,2,1,6,6,2,49,8,1199,1,2,CITROEN C3,3,E01014695,0,3
2024111487238,2024,111487238,2,9,0,-1,4,4,7,-1,0,1,0,0,0,0,1,1,-1,6,2,57,9,1200,1,7,CITROEN C3,4,E01020891,0,3
2024141555050,2024,141555050,1,9,0,-1,3,6,2,-1,0,0,0,0,0,0,3,1,-1,2,2,27,6,1199,1,3,CITROEN C3,1,E01007578,0,2
2024351469121,2024,351469121,1,9,0,-1,9,5,1,-1,0,5,0,0,7,9,3,1,-1,6,2,19,4,1360,1,14,CITROEN C3,7,E01018023,0,1
2024061397514,2024,061397514,2,9,0,-1,3,-1,-1,-1,0,0,0,0,0,0,-1,9,-1,6,3,36,7,1560,2,14,CITROEN C3,-1,-1,0,-1
2024302401461,2024,302401461,1,9,0,11,11,7,3,0,0,0,0,0,0,0,0,1,6,6,1,81,11,1199,1,3,CITROEN C3,5,E01019676,0,2
2024522500145,2024,522500145,1,9,0,17,19,4,2,0,0,8,0,0,0,0,0,1,6,6,1,83,11,1200,1,6,CITROEN C3,9,E01014794,0,2
2024221412472,2024,221412472,1,9,0,-1,19,2,6,-1,0,0,0,0,0,0,4,9,-1,6,1,84,11,1360,1,16,CITROEN C3,4,E01028879,0,1
2024101475252,2024,101475252,2,9,0,-1,19,1,5,-1,0,1,0,0,0,0,2,1,-1,6,2,49,8,1500,2,4,CITROEN C3,9,E01027497,0,1
2024501465658,2024,501465658,1,9,0,-1,5,3,7,-1,0,7,0,0,0,0,1,9,-1,9,1,94,11,1360,1,18,CITROEN C3,4,E01020314,0,1
2024991472916,2024,991472916,2,9,0,-1,19,1,5,-1,0,0,0,0,0,0,1,1,-1,2,2,55,8,1200,1,5,CITROEN C3,9,-1,0,3
2024101498091,2024,101498091,1,9,0,-1,3,7,2,-1,0,4,0,0,0,0,1,2,-1,6,1,27,6,1199,1,10,CITROEN C3,4,E01020614,0,3
2024061406330,2024,061406330,1,9,0,-1,19,6,5,-1,0,1,0,0,0,0,1,9,-1,6,2,-1,-1,1360,1,18,CITROEN C3,1,E01006241,0,3
2024101399695,2024,101399695,1,9,0,-1,19,5,2,-1,0,8,0,0,0,0,1,1,-1,2,2,52,8,1200,1,6,CITROEN C3,8,E01027420,0,1
2024332401058,2024,332401058,1,9,0,-1,7,3,5,-1,9,6,0,0,0,0,1,1,-1,6,1,24,5,1587,1,18,CITROEN C3,3,E01025753,0,2
2024411541220,2024,411541220,1,9,0,-1,5,6,2,-1,0,1,0,0,0,0,1,1,-1,6,1,33,6,1587,1,18,CITROEN C3,4,E01023873,0,1
2024451502610,2024,451502610,2,9,0,-1,19,3,7,-1,0,1,5,0,0,0,1,1,-1,2,1,52,8,1199,1,5,CITROEN C3,2,E01034293,0,1
2024501507754,2024,501507754,2,9,0,-1,4,3,7,-1,0,0,0,0,0,0,2,1,-1,6,1,47,8,1200,1,2,CITROEN C3,5,E01018903,0,3
2024302400247,2024,302400247,1,9,0,18,19,2,5,0,0,0,0,0,7,9,1,1,6,6,1,76,11,1398,2,18,CITROEN C3,7,E01019636,0,1
2024631422569,2024,631422569,1,9,0,-1,19,2,7,-1,0,0,0,0,0,0,3,1,-1,9,2,50,8,1360,1,22,CITROEN C3,5,W01000687,0,2
2024421502946,2024,421502946,1,9,0,-1,19,2,6,-1,0,0,0,0,0,0,4,1,-1,9,2,63,9,1199,1,5,CITROEN C3,2,E01002277,0,1
2024461490791,2024,461490791,3,9,0,-1,19,2,7,-1,0,4,0,1,0,0,2,1,-1,2,1,57,9,1199,1,1,CITROEN C3,10,E01018389,0,5
2024461480930,2024,461480930,1,9,0,-1,19,5,1,-1,0,0,5,0,1,0,3,1,-1,9,2,54,8,1360,1,17,CITROEN C3,7,E01024794,0,4
2024501420535,2024,501420535,1,9,0,-1,13,7,5,-1,0,0,0,0,0,0,4,9,-1,6,1,82,11,1199,1,5,CITROEN C3,4,E01015185,0,1
2024302401499,2024,302401499,3,9,0,4,4,6,2,0,0,0,0,0,0,0,1,1,2,2,1,33,6,1360,1,22,CITROEN C3,5,E01019465,0,3
2024631402586,2024,631402586,1,9,0,-1,1,4,8,-1,0,8,0,0,0,0,2,1,-1,9,2,77,11,1598,1,14,CITROEN C3,5,W01000550,0,1
2024311415622,2024,311415622,1,9,0,-1,19,5,4,-1,0,8,2,0,1,4,1,1,-1,2,1,40,7,1360,1,14,CITROEN C3,5,E01013894,0,2
2024311477476,2024,311477476,2,9,0,-1,19,2,6,-1,0,0,1,0,1,9,1,1,-1,6,2,45,7,1199,1,2,CITROEN C3,-1,-1,0,-1
2024070785430,2024,070785430,1,9,0,-1,19,1,5,-1,0,0,1,0,7,11,1,1,-1,6,1,17,4,1360,1,15,CITROEN C3,1,E01005245,0,3
2024440393772,2024,440393772,1,9,0,18,19,5,1,0,0,8,0,0,0,0,3,1,6,6,2,30,6,1200,1,9,CITROEN C3,7,E01022797,0,1
2024421409110,2024,421409110,2,9,0,-1,19,6,2,-1,0,0,1,0,0,0,4,1,-1,9,2,25,5,1199,1,4,CITROEN C3,6,E01026284,0,5
2024332400556,2024,332400556,1,9,0,-1,7,2,4,-1,0,6,0,0,0,0,1,1,-1,9,2,56,9,1560,2,15,CITROEN C3,4,E01025988,0,2
2024211522845,2024,211522845,4,9,0,-1,3,2,6,-1,0,1,0,0,0,0,2,1,-1,2,2,54,8,1398,2,14,CITROEN C3,10,E01029760,0,1
2024061435282,2024,061435282,1,9,0,-1,5,1,5,-1,0,1,0,0,0,0,1,1,-1,9,2,62,9,1200,1,5,CITROEN C3,2,E01004929,0,1
202460Q096766,2024,60Q096766,2,9,0,13,13,4,8,0,0,0,0,0,0,0,4,1,6,6,1,81,11,1200,1,3,CITROEN C3,-1,-1,0,-1
2024991486914,2024,991486914,1,9,0,-1,19,5,4,-1,0,0,0,0,0,0,3,1,-1,2,1,35,6,1199,1,5,CITROEN C3,4,-1,0,1
2024320247327,2024,320247327,2,9,0,-1,-1,8,4,0,0,8,0,0,0,0,1,1,6,6,1,45,7,1560,2,11,CITROEN C3,6,E01026205,0,1
2024041505291,2024,041505291,1,9,0,-1,9,3,7,-1,0,1,0,0,0,0,3,1,-1,1,1,74,10,1199,1,1,CITROEN C3,2,E01012606,0,1
2024010498246,2024,010498246,2,9,0,18,19,9,9,99,99,9,9,99,9,99,1,9,6,6,3,34,6,1199,1,5,CITROEN C3,-1,-1,0,-1
2024351514769,2024,351514769,2,9,0,-1,19,6,2,-1,0,0,0,0,7,4,3,1,-1,6,1,30,6,1360,1,18,CITROEN C3,8,E01018206,0,3
2024461437236,2024,461437236,3,9,0,-1,3,7,3,-1,0,0,0,0,0,0,2,1,-1,6,2,53,8,1200,1,6,CITROEN C3,4,E01024226,0,1
2024631397363,2024,631397363,1,9,0,-1,12,2,6,-1,0,0,1,0,8,10,1,1,-1,9,1,22,5,1200,1,6,CITROEN C3,7,W01000623,0,1
2024010524073,2024,010524073,1,9,0,18,19,1,5,0,0,0,0,0,0,0,3,1,6,6,2,53,8,1360,1,16,CITROEN C3,4,E01000439,0,1
2024547305824,2024,547305824,1,9,0,18,19,5,1,0,0,2,0,0,0,0,1,1,6,6,2,47,8,1398,2,16,CITROEN C3,5,E01034554,0,1
2024991431823,2024,991431823,2,9,0,-1,13,4,8,-1,0,0,0,0,0,0,4,1,-1,9,1,73,10,1199,1,1,CITROEN C3,6,-1,0,3
2024211521870,2024,211521870,1,9,0,-1,9,3,1,-1,0,1,0,0,0,0,3,1,-1,6,2,28,6,1587,1,15,CITROEN C3,1,E01010433,0,3
2024010502750,2024,010502750,1,9,9,99,99,9,9,99,99,0,9,99,9,99,9,9,6,6,3,-1,-1,1200,1,9,CITROEN C3,-1,-1,0,-1
2024041462512,2024,041462512,1,9,0,-1,19,-1,-1,-1,0,8,0,0,0,0,1,9,-1,6,3,-1,-1,1560,2,15,CITROEN C3,-1,-1,0,-1
2024221395897,2024,221395897,2,9,0,-1,9,2,7,-1,0,0,0,0,0,0,4,9,-1,6,1,52,8,1199,1,11,CITROEN C3,8,E01031192,0,2
2024522401990,2024,522401990,1,9,0,4,4,2,6,0,0,0,0,0,0,0,2,1,6,6,2,44,7,1560,2,13,CITROEN C3,1,E01014658,0,1
2024010535928,2024,010535928,2,9,0,99,99,9,9,99,99,9,9,99,9,99,9,9,6,6,3,-1,-1,1397,1,15,CITROEN C3,-1,-1,0,-1
2024231404823,2024,231404823,2,9,0,-1,19,6,2,-1,0,8,0,0,0,0,1,9,-1,2,2,58,9,1200,1,4,CITROEN C3,3,E01031058,0,1
2024461470577,2024,461470577,2,9,0,-1,3,2,4,-1,0,4,0,0,0,0,2,9,-1,6,2,38,7,1360,1,21,CITROEN C3,2,E01016046,0,1
2024131482308,2024,131482308,1,9,0,-1,19,7,3,-1,0,0,0,0,0,0,1,1,-1,9,1,82,11,1199,1,5,CITROEN C3,8,E01011066,0,3
2024010530160,2024,010530160,1,9,0,7,7,7,2,0,0,8,0,0,0,0,4,1,6,6,1,59,9,1199,1,0,CITROEN C3,-1,-1,0,-1
2024411540825,2024,411540825,2,9,0,-1,19,1,5,-1,0,1,0,0,0,0,0,1,-1,6,2,57,9,1199,1,3,CITROEN C3,10,E01023412,0,1
2024161450218,2024,161450218,1,9,0,-1,19,1,5,-1,0,1,0,0,0,0,1,1,-1,6,2,29,6,1199,1,6,CITROEN C3,6,E01013039,0,2
2024471469546,2024,471469546,1,9,0,-1,19,1,5,-1,0,0,0,0,1,4,1,1,-1,9,1,33,6,1587,1,17,CITROEN C3,2,E01031432,0,1
2024440541146,2024,440541146,1,9,0,12,12,1,5,0,0,0,0,0,0,0,3,1,2,2,1,58,9,1560,2,11,CITROEN C3,3,E01017337,0,2
2024221453900,2024,221453900,2,9,0,-1,3,6,2,-1,0,0,0,0,0,0,2,9,-1,6,2,60,9,1360,1,18,CITROEN C3,7,E01028939,0,1
2024631408159,2024,631408159,1,9,0,-1,4,3,7,-1,0,2,0,0,0,0,3,1,-1,9,1,69,10,1598,1,9,CITROEN C3,5,W01002014,0,1
2024311496578,2024,311496578,1,9,0,-1,1,1,5,-1,0,0,0,0,0,0,2,1,-1,2,2,34,6,1398,2,12,CITROEN C3,1,E01026374,0,2
2024041520068,2024,041520068,2,9,0,-1,2,0,0,-1,0,0,0,0,0,0,2,1,-1,6,-1,-1,-1,1199,1,1,CITROEN C3,-1,-1,0,-1
2024320654407,2024,320654407,1,9,0,9,9,6,2,0,0,5,0,0,0,0,1,1,-1,-1,2,-1,-1,1398,2,10,CITROEN C3,-1,-1,0,-1
2024531427189,2024,531427189,1,9,0,-1,19,6,2,-1,0,0,0,0,7,4,1,1,-1,2,2,26,6,1199,1,5,CITROEN C3,10,E01022138,0,3
2024430063807,2024,430063807,1,9,0,18,19,7,3,0,0,0,1,0,7,7,3,1,6,6,1,55,8,1360,1,16,CITROEN C3,6,E01035726,0,4
2024522401810,2024,522401810,1,9,0,5,5,9,9,0,0,4,0,0,0,0,0,1,6,6,2,33,6,1199,1,3,CITROEN C3,9,E01014668,0,1
2024320556546,2024,320556546,3,9,0,3,3,7,3,0,0,0,0,0,0,0,2,1,6,6,2,56,9,1199,1,4,CITROEN C3,9,E01026209,0,3
2024221430315,2024,221430315,2,9,0,-1,19,3,7,-1,0,8,0,0,0,0,1,9,-1,6,1,34,6,1200,1,2,CITROEN C3,4,E01010468,0,3
2024361482546,2024,361482546,1,9,0,-1,19,2,6,-1,0,8,0,0,1,0,1,1,-1,9,2,57,9,1560,2,10,CITROEN C3,5,E01022014,0,4
2024351534065,2024,351534065,2,9,0,-1,19,5,1,-1,0,0,0,0,0,0,3,1,-1,9,1,32,6,1398,2,13,CITROEN C3,9,E01026197,0,4
2024201532487,2024,201532487,1,9,0,-1,19,5,1,-1,0,0,0,0,0,0,1,1,-1,6,2,68,10,1560,2,10,CITROEN C3,7,E01010243,0,2
2024161423753,2024,161423753,1,8,0,-1,9,7,3,-1,0,8,0,0,0,0,3,1,-1,1,1,61,9,1560,2,9,CITROEN C3,1,E01012874,0,1
2024131507562,2024,131507562,1,9,0,-1,5,1,1,-1,0,0,0,0,0,0,1,2,-1,2,2,36,7,1200,1,6,CITROEN C3,5,E01011855,0,1
2024461455547,2024,461455547,2,9,0,-1,10,7,4,-1,0,8,0,0,0,0,3,1,-1,9,2,39,7,1199,1,5,CITROEN C3,6,E01024064,0,1
2024122401242,2024,122401242,1,9,0,9,9,8,6,0,0,1,0,0,0,0,1,1,6,6,1,76,11,1200,1,6,CITROEN C3,4,E01010633,0,4
2024131514887,2024,131514887,1,9,0,-1,19,3,7,-1,0,0,0,0,0,0,1,1,-1,9,1,70,10,1598,1,12,CITROEN C3,3,E01011325,0,1
2024471509723,2024,471509723,2,9,0,-1,19,7,3,-1,0,8,0,0,0,0,2,1,-1,9,1,60,9,1398,2,16,CITROEN C3,4,E01031569,0,4
2024461422851,2024,461422851,1,9,0,-1,19,5,1,-1,0,0,1,0,0,0,1,1,-1,1,1,67,10,1199,1,1,CITROEN C3,4,E01024587,0,4
2024501484698,2024,501484698,1,9,0,-1,19,8,4,-1,0,0,0,0,0,0,1,9,-1,6,1,53,8,1199,1,1,CITROEN C3,1,E01015257,0,2
2024141461384,2024,141461384,1,9,0,-1,19,2,8,-1,0,1,0,0,7,0,1,1,-1,6,1,69,10,1200,1,4,CITROEN C3,2,E01007443,0,1
2024201530653,2024,201530653,2,9,0,-1,5,1,2,-1,0,2,0,0,0,0,2,9,-1,6,2,47,8,1199,1,6,CITROEN C3,2,E01009100,0,3