collision_index,collision_year,collision_ref_no,vehicle_reference,vehicle_type,towing_and_articulation,vehicle_manoeuvre_historic,vehicle_manoeuvre,vehicle_direction_from,vehicle_direction_to,vehicle_location_restricted_lane_historic,vehicle_location_restricted_lane,junction_location,skidding_and_overturning,hit_object_in_carriageway,vehicle_leaving_carriageway,hit_object_off_carriageway,first_point_of_impact,vehicle_left_hand_drive,journey_purpose_of_driver_historic,journey_purpose_of_driver,sex_of_driver,age_of_driver,age_band_of_driver,engine_capacity_cc,propulsion_code,age_of_vehicle,generic_make_model,driver_imd_decile,lsoa_of_driver,escooter_flag,driver_distance_banding
2024430364480,2024,430364480,2,9,0,18,19,1,5,0,0,0,0,0,0,0,1,1,6,6,2,45,7,1397,1,14,CITROEN C3,-1,-1,0,-1
2024552500036,2024,552500036,1,9,0,18,19,8,4,0,0,4,0,0,0,0,1,1,6,6,3,-1,-1,1199,1,0,CITROEN C3,-1,-1,0,-1
2024430363787,2024,430363787,1,9,0,4,4,1,5,0,0,0,1,0,0,0,1,1,6,6,1,78,11,1560,2,7,CITROEN C3,8,E01016255,0,4
2024010548561,2024,010548561,1,9,0,18,19,2,6,0,0,8,0,0,0,0,1,1,6,6,1,21,5,1397,1,14,CITROEN C3,5,E01000450,0,2
202417L302024,2024,17L302024,1,9,0,18,19,4,8,0,0,0,0,0,0,0,1,1,6,6,2,21,5,1200,1,6,CITROEN C3,3,E01012117,0,2
2024320649370,2024,320649370,2,9,0,-1,-1,4,8,0,0,8,0,0,0,0,4,1,-1,-1,2,43,7,1199,1,11,CITROEN C3,2,E01026108,0,4
2024631439604,2024,631439604,1,9,0,-1,19,6,2,-1,0,1,0,0,0,0,1,1,-1,6,2,33,6,1199,1,3,CITROEN C3,5,W01001412,0,5
2024041443464,2024,041443464,1,9,0,-1,5,5,1,-1,0,0,5,7,0,0,1,1,-1,9,1,61,9,1199,1,5,CITROEN C3,1,E01012625,0,1
2024340NN1692,2024,340NN1692,1,9,0,-1,19,7,3,-1,0,0,0,0,0,0,1,1,-1,2,2,59,9,1560,2,8,CITROEN C3,6,E01027032,0,3
2024421434209,2024,421434209,1,9,0,-1,19,3,7,-1,0,0,0,0,0,0,1,1,-1,9,1,47,8,1199,1,5,CITROEN C3,1,E01021323,0,1
2024320343115,2024,320343115,2,9,0,-1,-1,3,7,0,0,0,0,0,0,10,1,1,-1,-1,1,90,11,1124,1,15,CITROEN C3,7,E01028326,0,3
2024340NN4582,2024,340NN4582,2,9,0,-1,19,7,3,-1,0,0,0,0,0,0,1,1,-1,6,1,82,11,1398,2,12,CITROEN C3,3,E01026962,0,1
2024201468984,2024,201468984,2,9,0,-1,19,5,1,-1,0,0,0,0,0,0,3,1,-1,6,2,24,5,1199,1,1,CITROEN C3,7,E01031198,0,4
2024522402241,2024,522402241,1,9,0,18,19,4,8,0,0,0,0,0,0,0,1,1,6,6,2,39,7,1199,1,5,CITROEN C3,1,E01014516,0,1
2024351465730,2024,351465730,1,9,-1,-1,9,3,1,-1,0,6,0,0,0,0,3,9,-1,9,2,49,8,1360,1,18,CITROEN C3,4,E01018086,0,1
2024141455760,2024,141455760,1,9,0,-1,19,1,5,-1,0,2,0,0,0,0,3,1,-1,9,1,73,10,1560,2,12,CITROEN C3,1,E01007730,0,2
2024041418207,2024,041418207,1,9,0,-1,19,5,1,-1,0,4,0,0,0,0,1,1,-1,6,1,67,10,1200,1,5,CITROEN C3,8,E01025277,0,1
2024161483147,2024,161483147,2,9,0,-1,5,7,3,-1,0,0,0,0,0,0,1,1,-1,6,2,36,7,1587,1,17,CITROEN C3,3,E01012963,0,1
2024141477057,2024,141477057,2,9,0,-1,19,1,5,-1,0,8,0,0,1,0,4,1,-1,6,2,25,5,1598,1,13,CITROEN C3,1,E01028055,0,2
2024552401121,2024,552401121,1,9,0,18,19,1,5,0,0,0,0,0,0,0,1,1,6,6,1,81,11,1598,1,12,CITROEN C3,8,E01015333,0,1
2024552400576,2024,552400576,1,9,0,5,5,1,5,0,0,4,0,0,0,0,1,1,6,6,2,70,10,1200,1,6,CITROEN C3,3,E01015385,0,1
2024141525415,2024,141525415,1,9,0,-1,3,5,8,-1,0,6,0,0,0,0,2,1,-1,9,2,37,7,1199,1,0,CITROEN C3,7,E01007427,0,1
2024540854824,2024,540854824,1,9,0,18,19,7,4,0,0,0,0,0,0,0,4,1,1,1,1,36,7,1199,1,1,CITROEN C3,5,E01016346,0,4
2024141557303,2024,141557303,1,9,0,-1,5,1,5,-1,0,0,0,0,0,0,2,1,-1,6,2,30,6,1199,1,3,CITROEN C3,8,E01025365,0,4
2024430621398,2024,430621398,1,9,0,18,19,7,3,0,0,0,0,0,0,0,2,1,6,6,2,62,9,1199,1,1,CITROEN C3,-1,-1,0,-1
2024440455287,2024,440455287,1,9,0,5,5,7,3,0,0,6,0,0,0,0,1,1,6,6,2,88,11,1200,1,5,CITROEN C3,7,E01023277,0,1
2024141415221,2024,141415221,2,9,0,-1,19,1,1,-1,0,1,0,0,0,0,1,1,-1,6,2,34,6,1124,1,17,CITROEN C3,1,E01007597,0,2
2024522401252,2024,522401252,1,9,0,18,19,7,3,0,0,4,0,0,0,0,1,1,6,6,2,-1,-1,1199,1,6,CITROEN C3,10,E01014930,0,3
2024471533332,2024,471533332,1,9,0,-1,19,6,2,-1,0,0,0,0,0,0,1,1,-1,9,2,45,7,1560,2,14,CITROEN C3,1,E01031429,0,1
2024010498766,2024,010498766,1,9,0,4,4,5,1,0,0,1,0,0,0,0,2,1,6,6,2,63,9,1397,1,13,CITROEN C3,2,E01000729,0,1
2024070879245,2024,070879245,2,9,0,-1,19,7,3,-1,0,8,0,0,7,11,1,1,-1,9,2,79,11,1587,1,15,CITROEN C3,8,E01018677,0,1
2024061448796,2024,061448796,1,9,0,-1,19,2,6,-1,0,0,0,0,0,0,1,1,-1,6,1,78,11,1560,2,8,CITROEN C3,3,E01012289,0,5
2024610051124,2024,610051124,1,9,0,18,19,3,7,0,0,8,0,0,0,0,1,1,6,6,1,89,11,1360,1,14,CITROEN C3,9,W01001494,0,1
2024010544520,2024,010544520,1,9,0,99,99,9,9,99,99,9,9,99,9,99,4,9,6,6,1,21,5,1199,1,0,CITROEN C3,2,E01004424,0,3
2024421465480,2024,421465480,1,9,0,-1,19,8,4,-1,0,8,0,0,1,7,1,1,-1,6,1,24,5,1200,1,2,CITROEN C3,5,E01024223,0,4
2024041488134,2024,041488134,1,9,0,-1,19,1,5,-1,0,8,5,0,0,0,4,1,-1,6,2,71,10,1560,2,12,CITROEN C3,4,-1,0,5
2024332400667,2024,332400667,2,9,0,-1,19,3,7,-1,0,0,0,0,7,0,1,1,-1,6,1,53,8,1560,2,9,CITROEN C3,3,E01028147,0,4
2024131408130,2024,131408130,1,9,0,-1,-1,-1,-1,-1,-1,-1,-1,-1,-1,-1,-1,1,-1,6,3,-1,-1,1199,1,6,CITROEN C3,-1,-1,0,-1
2024351532173,2024,351532173,1,9,0,-1,11,4,8,-1,0,0,0,0,1,0,4,1,-1,9,2,25,5,1587,1,18,CITROEN C3,7,E01033181,0,3
2024631501109,2024,631501109,2,9,0,-1,19,6,2,-1,0,4,0,0,0,0,1,1,-1,1,2,50,8,1199,1,1,CITROEN C3,8,W01001937,0,3
2024440433696,2024,440433696,1,9,0,18,19,1,5,0,0,0,0,0,0,0,1,1,6,6,1,27,6,1199,1,1,CITROEN C3,-1,-1,0,-1
2024061441988,2024,061441988,1,9,0,-1,9,4,1,-1,0,2,0,0,0,0,2,1,-1,9,1,80,11,1200,1,2,CITROEN C3,9,E01006384,0,1
2024010513341,2024,010513341,1,9,0,99,99,9,9,99,99,9,9,99,9,99,1,9,6,6,3,31,6,1500,2,4,CITROEN C3,4,E01002101,0,1
2024061469456,2024,061469456,1,9,0,-1,4,-1,-1,-1,0,0,0,0,0,0,3,1,-1,2,2,24,5,1200,1,7,CITROEN C3,8,E01006299,0,2
2024622400166,2024,622400166,2,9,0,18,19,7,2,0,0,8,0,0,0,0,4,1,6,6,2,23,5,1200,1,7,CITROEN C3,8,W01000933,0,2
2024201503662,2024,201503662,1,9,0,-1,19,4,8,-1,0,0,0,0,0,0,2,1,-1,9,1,84,11,1598,1,11,CITROEN C3,-1,-1,0,-1
2024451497208,2024,451497208,3,9,0,-1,19,3,7,-1,0,0,0,11,0,0,1,1,-1,9,1,62,9,1560,2,9,CITROEN C3,10,E01016706,0,4
2024131519860,2024,131519860,2,9,0,-1,19,5,1,-1,0,1,0,0,0,0,3,1,-1,2,1,64,9,1199,1,3,CITROEN C3,9,E01027574,0,4
2024101437766,2024,101437766,3,9,0,-1,19,5,1,-1,0,4,0,0,0,0,1,1,-1,6,2,39,7,1199,1,11,CITROEN C3,1,E01008817,0,2
2024440074732,2024,440074732,1,9,0,18,19,6,2,0,0,1,0,0,0,0,1,1,6,6,1,82,11,1398,2,15,CITROEN C3,10,E01023035,0,3
2024201564112,2024,201564112,4,9,0,-1,2,0,0,-1,0,2,0,0,0,0,2,1,-1,6,1,39,7,1360,1,17,CITROEN C3,3,E01009928,0,1
2024471410493,2024,471410493,1,9,0,-1,4,7,3,-1,0,5,1,10,2,4,1,1,-1,9,2,18,4,1360,1,12,CITROEN C3,9,E01031339,0,3
2024201519155,2024,201519155,1,9,0,-1,19,2,6,-1,0,8,0,4,0,0,1,9,-1,6,2,58,9,1200,1,3,CITROEN C3,9,E01029800,0,4
2024010542233,2024,010542233,1,9,0,9,9,7,6,0,0,5,0,0,0,0,1,1,6,6,1,23,5,1199,1,1,CITROEN C3,4,E01003282,0,2
2024101523161,2024,101523161,2,9,0,-1,19,5,1,-1,0,8,0,0,0,0,4,1,-1,6,2,58,9,1199,1,6,CITROEN C3,-1,-1,0,-1
2024991504672,2024,991504672,1,9,0,-1,19,6,2,-1,0,1,5,0,3,11,1,1,-1,9,1,79,11,1199,1,0,CITROEN C3,2,-1,0,3
2024471507712,2024,471507712,3,9,0,-1,4,5,1,-1,0,0,0,0,0,0,2,1,-1,9,1,66,10,1200,1,3,CITROEN C3,10,E01031686,0,1
2024041522973,2024,041522973,4,9,0,-1,2,0,0,-1,0,0,0,0,0,0,1,1,-1,6,-1,-1,-1,1124,1,13,CITROEN C3,-1,-1,0,-1
2024101528045,2024,101528045,1,9,0,-1,19,7,3,-1,0,1,0,0,0,0,1,1,-1,9,2,32,6,1200,1,9,CITROEN C3,6,E01008387,0,2
2024131428135,2024,131428135,2,9,0,-1,4,5,5,-1,0,1,0,0,0,0,1,1,-1,9,2,32,6,1200,1,8,CITROEN C3,9,E01011271,0,1
2024461503995,2024,461503995,2,9,0,-1,19,3,7,-1,0,0,2,7,2,0,3,1,-1,2,1,43,7,1360,1,13,CITROEN C3,4,E01024702,0,2
2024421405003,2024,421405003,3,9,0,-1,19,7,3,-1,0,0,0,0,0,0,2,1,-1,6,2,21,5,1360,1,19,CITROEN C3,1,E01015916,0,3
2024010549779,2024,010549779,2,9,0,4,4,5,1,0,0,0,0,0,0,0,2,1,6,6,1,56,9,1397,1,11,CITROEN C3,7,E01000197,0,1
2024610006824,2024,610006824,2,9,0,18,19,7,3,0,0,0,0,0,0,0,2,1,6,6,2,57,9,1200,1,6,CITROEN C3,5,W01001411,0,1
2024471487805,2024,471487805,1,9,0,-1,19,2,6,-1,0,2,0,0,0,0,3,1,-1,6,2,24,5,1360,1,19,CITROEN C3,8,E01028741,0,5
2024622400317,2024,622400317,1,9,0,1,1,6,2,0,0,1,0,0,0,0,1,1,6,6,3,-1,-1,1199,1,11,CITROEN C3,-1,-1,0,-1
2024332400541,2024,332400541,2,9,0,-1,19,1,5,-1,0,4,0,0,0,0,1,1,-1,9,1,61,9,1398,2,19,CITROEN C3,2,E01013631,0,1
2024231476497,2024,231476497,1,9,0,-1,4,2,6,-1,0,8,0,0,0,0,2,1,-1,9,2,74,10,1199,1,0,CITROEN C3,6,E01035022,0,1
2024041451144,2024,041451144,1,9,0,-1,19,3,7,-1,0,0,0,0,0,0,1,1,-1,9,2,35,6,1360,1,22,CITROEN C3,1,E01025298,0,1
2024471478297,2024,471478297,2,9,0,-1,19,4,8,-1,0,6,0,0,0,0,1,1,-1,9,2,40,7,1560,2,14,CITROEN C3,5,E01016966,0,1
2024161455751,2024,161455751,2,9,0,-1,2,0,0,-1,0,0,0,0,0,0,2,1,-1,9,2,26,6,1199,1,5,CITROEN C3,5,E01013317,0,3
2024552400454,2024,552400454,2,9,0,18,19,6,2,0,0,8,0,0,0,0,2,1,3,7,1,36,7,1560,2,6,CITROEN C3,5,E01015329,0,2
2024622400622,2024,622400622,1,9,0,18,19,4,8,0,0,1,0,0,0,0,4,1,6,6,2,32,6,1200,1,7,CITROEN C3,5,W01001281,0,1
2024531462827,2024,531462827,1,9,0,-1,19,1,5,-1,0,0,0,0,7,0,1,1,-1,6,1,42,7,1199,1,0,CITROEN C3,8,E01022423,0,3
2024610051624,2024,610051624,2,8,0,18,19,1,5,0,0,0,0,0,0,0,1,1,6,6,2,48,8,1200,1,2,CITROEN C3,5,W01002026,0,1
2024041528760,2024,041528760,2,9,0,-1,19,5,1,-1,0,8,0,0,0,0,3,1,-1,9,2,40,7,1360,1,21,CITROEN C3,1,E01025297,0,1
2024320505383,2024,320505383,1,9,0,-1,-1,1,7,0,0,7,0,0,1,0,4,1,-1,-1,2,34,6,1199,1,5,CITROEN C3,-1,-1,0,-1
2024440051158,2024,440051158,2,9,0,18,19,3,7,0,0,8,5,0,0,0,1,1,6,6,1,72,10,1200,1,5,CITROEN C3,10,E01022872,0,1
2024061515594,2024,061515594,1,9,0,-1,99,-1,-1,-1,0,0,9,0,0,0,4,1,-1,7,2,50,8,1199,1,1,CITROEN C3,5,E01005561,0,1
2024201422119,2024,201422119,2,9,0,-1,5,5,7,-1,0,2,0,0,0,0,4,1,-1,9,2,61,9,1199,1,1,CITROEN C3,6,E01010024,0,1
2024201469315,2024,201469315,2,9,0,-1,7,2,7,-1,0,3,0,0,1,0,3,9,-1,6,2,34,6,1560,2,15,CITROEN C3,2,E01010086,0,1
2024430264227,2024,430264227,2,9,0,10,10,6,2,0,0,1,0,0,0,0,2,1,1,1,2,40,7,1200,1,8,CITROEN C3,9,E01028481,0,2
202460Q080441,2024,60Q080441,2,9,0,7,7,7,1,0,0,5,0,0,0,0,4,1,2,2,1,25,5,1199,1,6,CITROEN C3,-1,-1,0,-1
2024361400422,2024,361400422,3,9,0,-1,19,5,1,-1,0,1,0,0,0,0,1,1,-1,6,2,60,9,1199,1,5,CITROEN C3,5,E01026715,0,3
2024471458403,2024,471458403,1,9,0,-1,7,5,3,-1,0,4,0,0,0,0,1,1,-1,9,2,53,8,1200,1,8,CITROEN C3,7,E01031525,0,3
2024221502324,2024,221502324,2,9,0,-1,19,4,8,-1,0,0,0,0,1,9,1,1,-1,9,1,37,7,1598,1,12,CITROEN C3,4,E01028849,0,2
2024501401415,2024,501401415,2,9,0,-1,19,2,6,-1,0,0,0,0,0,0,3,1,-1,6,2,49,8,1398,2,11,CITROEN C3,4,E01034852,0,1
2024540320624,2024,540320624,1,9,0,14,14,1,5,0,0,0,0,0,0,0,3,1,6,6,2,84,11,1598,1,11,CITROEN C3,7,E01034541,0,1
2024471400159,2024,471400159,2,9,0,-1,19,3,7,-1,0,8,0,0,0,0,1,1,-1,9,1,66,10,1560,2,10,CITROEN C3,9,E01031590,0,1
2024610053624,2024,610053624,1,9,0,9,9,7,5,0,0,1,0,0,0,0,1,1,6,6,2,29,6,1200,1,6,CITROEN C3,6,W01001484,0,2
2024520403322,2024,520403322,2,9,0,18,19,6,2,0,0,0,0,0,0,0,3,1,6,6,2,86,11,1200,1,6,CITROEN C3,8,E01029188,0,1
2024351472002,2024,351472002,1,9,-1,-1,-1,-1,-1,-1,-1,0,-1,-1,-1,0,-1,9,-1,6,1,-1,-1,1587,1,17,CITROEN C3,-1,-1,0,-1
2024131412780,2024,131412780,1,9,0,-1,19,1,3,-1,0,1,0,0,0,0,1,1,-1,7,1,41,7,1199,1,11,CITROEN C3,3,E01010986,0,3
2024010522241,2024,010522241,2,9,0,18,19,6,2,0,0,2,0,0,0,0,3,1,6,6,2,61,9,1199,1,3,CITROEN C3,8,E01000411,0,1
2024141450281,2024,141450281,2,9,0,-1,19,7,3,-1,0,1,0,0,0,0,2,1,-1,9,2,63,9,1500,2,5,CITROEN C3,7,E01007389,0,1
2024122400685,2024,122400685,3,9,0,18,19,7,3,0,0,0,0,0,7,0,1,1,6,6,2,47,8,1199,1,5,CITROEN C3,8,E01013058,0,2
2024311401299,2024,311401299,2,9,0,-1,4,2,6,-1,0,0,0,0,0,0,2,1,-1,6,2,38,7,1199,1,1,CITROEN C3,4,E01032479,0,4
2024471485567,2024,471485567,2,9,0,-1,9,2,7,-1,0,1,0,0,0,0,2,1,-1,6,1,52,8,1360,1,21,CITROEN C3,9,E01031384,0,1
2024340WN1042,2024,340WN1042,1,9,0,-1,19,4,8,-1,0,0,5,0,1,4,1,1,-1,6,1,57,9,1398,2,16,CITROEN C3,9,E01027267,0,2
2024461426897,2024,461426897,1,9,0,-1,7,3,7,-1,0,3,5,10,0,0,4,1,-1,9,2,65,9,1199,1,1,CITROEN C3,3,E01016071,0,3
2024471407343,2024,471407343,1,9,0,-1,19,1,5,-1,0,0,5,0,0,0,1,1,-1,9,1,25,5,1360,1,18,CITROEN C3,2,E01001649,0,4
2024991455483,2024,991455483,3,9,0,-1,19,3,7,-1,0,0,0,0,1,4,1,2,-1,9,1,67,10,1199,1,0,CITROEN C3,-1,-1,0,-1
2024201407217,2024,201407217,1,9,0,-1,19,1,5,-1,0,0,0,0,0,0,1,1,-1,6,2,37,7,1199,1,1,CITROEN C3,5,E01009527,0,1
2024201495200,2024,201495200,2,9,0,-1,19,6,2,-1,0,1,0,0,0,0,1,1,-1,6,2,-1,-1,1360,1,21,CITROEN C3,-1,-1,0,-1
2024231529170,2024,231529170,1,9,0,-1,9,8,6,-1,0,5,0,0,0,0,1,1,-1,6,1,18,4,1199,1,11,CITROEN C3,2,E01031092,0,1
2024161396046,2024,161396046,3,9,0,-1,2,0,0,-1,0,0,0,0,0,0,1,1,-1,6,-1,-1,-1,1398,2,13,CITROEN C3,-1,-1,0,-1
2024041476162,2024,041476162,2,9,0,-1,3,3,7,-1,0,1,0,0,0,0,2,1,-1,9,1,21,5,1360,1,14,CITROEN C3,6,E01014173,0,5
2024302400545,2024,302400545,2,9,0,18,19,2,6,0,0,2,0,0,0,0,3,1,6,6,2,55,8,1200,1,9,CITROEN C3,8,E01028093,0,2
2024070785013,2024,070785013,1,9,0,-1,19,2,6,-1,0,6,0,0,0,0,1,1,-1,6,1,62,9,1124,1,14,CITROEN C3,8,E01012538,0,1
2024041439405,2024,041439405,1,9,0,-1,9,3,1,-1,0,1,0,0,0,0,1,1,-1,9,1,84,11,1200,1,4,CITROEN C3,10,E01025466,0,1
2024531431594,2024,531431594,1,9,0,-1,13,3,7,-1,0,0,0,0,0,0,1,1,-1,9,1,40,7,1560,2,14,CITROEN C3,6,E01022175,0,1
2024010536902,2024,010536902,2,9,0,12,12,5,1,0,0,2,1,0,4,6,3,1,6,6,1,18,4,1199,1,1,CITROEN C3,3,E01003625,0,1
2024501471452,2024,501471452,2,9,0,-1,19,5,1,-1,0,8,0,0,0,0,1,9,-1,9,1,78,11,1360,1,12,CITROEN C3,3,E01015159,0,1
2024201483366,2024,201483366,1,9,0,-1,7,8,2,-1,0,6,0,0,0,0,1,1,-1,6,2,30,6,1360,1,17,CITROEN C3,-1,-1,0,-1
2024531520814,2024,531520814,1,9,0,-1,5,3,7,-1,0,0,0,0,0,0,1,9,-1,6,1,36,7,1360,1,12,CITROEN C3,9,E01022282,0,1
2024631481974,2024,631481974,3,9,0,-1,19,5,1,-1,0,8,0,0,0,0,1,1,-1,6,2,53,8,1560,2,7,CITROEN C3,7,W01000731,0,3
2024520401469,2024,520401469,1,9,0,18,19,8,4,0,0,0,0,0,0,0,1,1,6,6,1,70,10,1598,1,11,CITROEN C3,6,E01029218,0,2
2024411532083,2024,411532083,1,9,0,-1,19,6,2,-1,0,0,2,0,7,0,3,1,-1,6,2,19,4,1360,1,13,CITROEN C3,6,E01017378,0,1
2024471496413,2024,471496413,1,9,0,-1,19,8,4,-1,0,0,2,0,2,0,1,1,-1,9,1,32,6,1560,2,13,CITROEN C3,9,E01021229,0,1
202460Q146274,2024,60Q146274,1,9,0,18,19,3,7,0,0,4,0,0,0,0,1,1,6,6,1,74,10,1560,2,11,CITROEN C3,-1,-1,0,-1
2024440337779,2024,440337779,1,9,0,18,19,2,6,0,0,8,0,0,0,0,1,1,6,6,2,18,4,1360,1,12,CITROEN C3,4,E01017275,0,4
2024471471856,2024,471471856,4,9,0,-1,2,0,0,-1,0,1,0,0,0,0,2,1,-1,6,-1,-1,-1,1199,1,4,CITROEN C3,-1,-1,0,-1
2024471503585,2024,471503585,2,9,0,-1,4,1,5,-1,0,1,0,0,0,0,2,1,-1,9,2,40,7,1560,2,11,CITROEN C3,7,E01016912,0,1
2024501455513,2024,501455513,1,9,0,-1,19,5,1,-1,0,1,0,0,0,0,1,1,-1,9,1,41,7,1199,1,11,CITROEN C3,8,E01020197,0,1
2024010520280,2024,010520280,1,9,0,7,7,5,7,0,0,1,0,0,0,0,0,1,6,6,1,67,10,1598,1,14,CITROEN C3,8,E01000225,0,1
2024501508207,2024,501508207,1,9,0,-1,19,3,7,-1,0,0,0,0,0,0,1,1,-1,6,1,51,8,1199,1,1,CITROEN C3,1,E01015152,0,1
2024052400650,2024,052400650,1,9,0,18,19,4,8,0,0,0,1,0,0,0,4,1,6,6,1,27,6,1560,2,11,CITROEN C3,3,E01007236,0,1
2024522401751,2024,522401751,1,9,0,9,9,3,1,0,0,6,0,0,0,0,3,1,6,6,2,79,11,1199,1,11,CITROEN C3,6,E01022176,0,4
2024010511437,2024,010511437,1,9,0,18,19,1,5,0,0,2,0,0,0,0,1,1,2,2,1,43,7,1199,1,5,CITROEN C3,5,E01035583,0,3
2024430303671,2024,430303671,2,9,0,18,19,4,8,0,0,8,0,0,0,0,4,1,3,7,1,49,8,1398,2,13,CITROEN C3,8,E01016773,0,1
2024411460386,2024,411460386,1,9,0,-1,12,5,1,-1,0,0,0,0,0,0,1,1,-1,6,2,33,6,1560,2,13,CITROEN C3,10,E01023454,0,3
2024302400910,2024,302400910,2,9,0,17,19,6,3,0,0,0,0,0,0,0,4,1,6,6,1,58,9,1199,1,0,CITROEN C3,7,E01007754,0,4
2024141432383,2024,141432383,2,9,0,-1,19,7,4,-1,0,0,0,0,0,0,1,1,-1,6,2,-1,-1,1200,1,9,CITROEN C3,-1,-1,0,-1
2024461469653,2024,461469653,1,9,0,-1,2,0,0,-1,0,0,0,0,0,0,3,9,-1,6,1,57,9,1200,1,6,CITROEN C3,2,E01024840,0,1
2024501407226,2024,501407226,1,9,0,-1,9,8,6,-1,0,1,0,0,0,0,4,1,-1,6,1,19,4,1360,1,16,CITROEN C3,4,E01020048,0,4
2024401427556,2024,401427556,2,9,0,-1,19,4,8,-1,0,0,0,0,0,0,3,1,-1,6,2,41,7,1560,2,11,CITROEN C3,10,E01027324,0,4
2024161488146,2024,161488146,1,9,0,-1,13,1,5,-1,0,0,1,0,7,4,2,1,-1,6,2,49,8,1360,1,13,CITROEN C3,3,E01012943,0,2
2024991459034,2024,991459034,2,9,0,-1,9,5,2,-1,0,8,0,0,0,0,2,1,-1,9,2,37,7,1199,1,0,CITROEN C3,-1,-1,0,-1
2024471484924,2024,471484924,1,9,0,-1,19,5,1,-1,0,8,0,0,0,0,1,1,-1,6,2,51,8,1200,1,2,CITROEN C3,6,E01021236,0,2
2024161436170,2024,161436170,1,9,0,-1,7,5,7,-1,0,0,0,0,0,0,4,1,-1,7,2,41,7,1200,1,6,CITROEN C3,10,E01013044,0,1
2024411411562,2024,411411562,1,9,0,-1,9,5,1,-1,0,1,0,0,4,0,3,1,-1,6,1,35,6,1199,1,1,CITROEN C3,6,E01018247,0,4
2024302400799,2024,302400799,1,9,0,10,10,7,5,0,0,8,0,0,0,0,3,1,6,6,2,51,8,1398,2,14,CITROEN C3,3,E01019818,0,4
2024531453413,2024,531453413,1,9,0,-1,19,2,6,-1,0,0,0,0,1,0,1,1,-1,9,2,70,10,1200,1,6,CITROEN C3,8,E01022385,0,1
2024302401647,2024,302401647,1,9,0,16,19,7,2,0,0,0,1,0,1,11,1,1,6,6,1,28,6,1598,1,11,CITROEN C3,1,E01008076,0,2
2024161486834,2024,161486834,1,9,0,-1,13,3,7,-1,0,0,0,0,0,0,1,1,-1,1,1,45,7,1560,2,11,CITROEN C3,-1,-1,0,-1
2024430137413,2024,430137413,2,9,0,18,19,4,8,0,0,1,0,0,7,1,4,1,1,1,1,30,6,1360,1,19,CITROEN C3,9,E01028511,0,2
2024430174181,2024,430174181,1,9,0,18,19,4,8,0,0,0,0,0,0,0,1,1,6,6,2,35,6,1200,1,5,CITROEN C3,9,E01017888,0,3
2024221399524,2024,221399524,2,9,0,-1,10,8,5,-1,0,8,0,0,0,0,2,9,-1,2,2,29,6,1200,1,7,CITROEN C3,6,E01032179,0,3
2024311509227,2024,311509227,1,9,0,-1,19,2,5,-1,0,1,0,0,0,0,1,1,-1,6,-1,-1,-1,1200,1,3,CITROEN C3,-1,-1,0,-1
2024610047724,2024,610047724,2,9,0,18,19,1,5,0,0,0,1,4,0,0,1,1,6,6,2,21,5,1360,1,14,CITROEN C3,4,W01001337,0,2
2024161444267,2024,161444267,2,9,0,-1,19,7,3,-1,0,1,0,0,0,0,4,1,-1,9,2,67,10,1560,2,13,CITROEN C3,1,E01012833,0,1
2024070271744,2024,070271744,2,9,0,9,9,1,6,0,0,1,0,0,0,0,1,1,6,6,1,45,7,1560,2,14,CITROEN C3,7,E01012554,0,2
2024141503746,2024,141503746,1,9,0,-1,7,5,7,-1,0,1,0,0,0,0,3,2,-1,2,2,45,7,1200,1,8,CITROEN C3,2,E01007395,0,1
2024471425549,2024,471425549,1,9,0,-1,9,1,7,-1,0,8,0,0,0,0,1,1,-1,6,2,81,11,1200,1,8,CITROEN C3,4,E01031833,0,1
2024311511457,2024,311511457,1,9,0,-1,1,3,7,-1,0,2,0,0,0,0,2,1,-1,2,2,25,5,1398,2,15,CITROEN C3,4,E01028017,0,2
2024351492577,2024,351492577,2,9,0,-1,4,2,6,-1,0,4,0,0,0,0,2,1,-1,2,2,39,7,1200,1,8,CITROEN C3,6,E01015691,0,1
2024211490251,2024,211490251,2,9,0,-1,5,3,6,-1,0,4,0,0,0,0,2,1,-1,6,2,63,9,1199,1,5,CITROEN C3,-1,-1,0,-1
2024010534583,2024,010534583,2,9,0,99,99,9,9,99,99,6,9,99,9,99,9,9,6,6,1,-1,-1,1199,1,0,CITROEN C3,5,E01000802,0,1
2024421507811,2024,421507811,2,9,0,-1,3,1,5,-1,0,8,0,0,0,0,2,1,-1,9,2,31,6,1199,1,0,CITROEN C3,8,E01015847,0,1
2024371526663,2024,371526663,2,9,0,-1,19,3,7,-1,0,1,0,0,0,0,3,1,-1,9,2,50,8,1199,1,5,CITROEN C3,6,E01030198,0,1
2024401443493,2024,401443493,2,9,0,-1,9,-1,-1,-1,0,1,-1,-1,-1,0,-1,1,-1,6,3,-1,-1,1560,2,14,CITROEN C3,-1,-1,0,-1