collision_index,collision_year,collision_ref_no,vehicle_reference,vehicle_type,towing_and_articulation,vehicle_manoeuvre_historic,vehicle_manoeuvre,vehicle_direction_from,vehicle_direction_to,vehicle_location_restricted_lane_historic,vehicle_location_restricted_lane,junction_location,skidding_and_overturning,hit_object_in_carriageway,vehicle_leaving_carriageway,hit_object_off_carriageway,first_point_of_impact,vehicle_left_hand_drive,journey_purpose_of_driver_historic,journey_purpose_of_driver,sex_of_driver,age_of_driver,age_band_of_driver,engine_capacity_cc,propulsion_code,age_of_vehicle,generic_make_model,driver_imd_decile,lsoa_of_driver,escooter_flag,driver_distance_banding
2024543395024,2024,543395024,10,9,0,18,19,4,8,0,0,0,1,0,1,10,1,1,6,6,2,80,11,1200,1,8,CITROEN C3,10,E01017861,0,4
2024340NN3372,2024,340NN3372,1,9,0,-1,19,1,5,-1,0,8,0,0,0,0,1,1,-1,9,2,56,9,1199,1,6,CITROEN C3,8,E01027193,0,3
2024010494151,2024,010494151,2,9,0,2,2,0,0,6,6,0,0,0,0,0,0,1,6,6,3,-1,-1,1360,1,12,CITROEN C3,-1,-1,0,-1
2024070434331,2024,070434331,1,9,0,18,19,8,4,0,0,1,0,0,0,0,1,1,6,6,1,24,5,1360,1,16,CITROEN C3,3,E01018461,0,1
2024010533147,2024,010533147,3,9,3,10,10,5,2,0,0,1,0,0,0,0,4,1,1,1,1,59,9,1199,1,1,CITROEN C3,5,E01000973,0,1
2024991490241,2024,991490241,1,9,0,-1,19,5,1,-1,0,0,0,0,0,0,1,1,-1,9,2,38,7,1200,1,3,CITROEN C3,-1,-1,0,-1
2024041533658,2024,041533658,3,9,0,-1,4,7,3,-1,0,1,0,0,0,0,2,1,-1,9,2,30,6,1200,1,6,CITROEN C3,2,E01012696,0,1
2024101526939,2024,101526939,1,9,0,-1,19,1,5,-1,9,1,5,0,0,0,3,1,-1,6,1,31,6,1560,2,14,CITROEN C3,-1,-1,0,-1
2024041396655,2024,041396655,1,9,0,-1,19,7,3,-1,0,1,0,0,0,0,1,1,-1,9,2,57,9,1587,1,18,CITROEN C3,1,E01025045,0,1
2024531434505,2024,531434505,1,9,0,-1,19,5,1,-1,0,0,0,0,7,9,1,1,-1,9,2,27,6,1360,1,20,CITROEN C3,6,E01032350,0,3
2024041509093,2024,041509093,2,9,0,-1,19,5,1,-1,0,0,0,0,0,0,2,1,-1,9,2,77,11,1397,1,12,CITROEN C3,8,E01012652,0,3
2024451484831,2024,451484831,2,9,0,-1,19,6,2,-1,0,0,0,0,0,0,1,1,-1,9,1,52,8,1199,1,5,CITROEN C3,5,E01004668,0,4
2024122400584,2024,122400584,2,9,0,18,19,5,1,0,0,1,0,0,0,0,1,1,6,6,2,80,11,1360,1,17,CITROEN C3,1,E01011326,0,4
2024311467522,2024,311467522,2,9,0,-1,5,3,1,-1,0,0,0,0,0,0,1,1,-1,6,3,30,6,1199,1,4,CITROEN C3,-1,-1,0,-1
2024161467464,2024,161467464,1,8,0,-1,19,3,7,-1,0,1,0,0,0,0,1,1,-1,1,1,57,9,1560,2,9,CITROEN C3,1,E01012847,0,2
2024221516330,2024,221516330,1,9,0,-1,4,5,1,-1,0,0,0,0,0,0,2,1,-1,6,1,27,6,1398,2,14,CITROEN C3,7,E01028939,0,4
2024430625220,2024,430625220,3,9,0,18,19,5,1,0,0,0,0,0,0,0,1,1,6,6,2,64,9,1200,1,2,CITROEN C3,10,E01004805,0,5
2024031459130,2024,031459130,1,9,0,-1,19,3,6,-1,0,0,0,10,0,0,3,1,-1,9,2,79,11,1397,1,14,CITROEN C3,9,E01020664,0,4
2024461462099,2024,461462099,2,9,0,-1,3,3,7,-1,0,0,0,0,0,0,2,9,-1,2,2,55,8,1360,1,18,CITROEN C3,1,E01024649,0,4
2024010541749,2024,010541749,1,9,0,9,9,3,1,0,0,5,0,0,0,0,1,1,6,6,2,77,11,1200,1,5,CITROEN C3,10,E01000357,0,1
2024311530054,2024,311530054,3,9,0,-1,19,2,7,-1,0,1,0,0,0,0,1,1,-1,9,2,63,9,999,1,10,CITROEN C3,-1,-1,0,-1
2024161475157,2024,161475157,1,9,0,-1,14,3,7,-1,0,0,5,0,1,7,4,1,-1,9,1,37,7,1200,1,3,CITROEN C3,3,E01013245,0,1
2024991411789,2024,991411789,2,9,0,-1,19,8,3,-1,0,0,0,0,0,0,3,1,-1,9,2,66,10,1199,1,4,CITROEN C3,7,-1,0,1
2024471447651,2024,471447651,1,9,0,-1,19,7,3,-1,0,0,5,0,0,0,4,1,-1,9,2,84,11,1360,1,19,CITROEN C3,2,E01021016,0,1
2024061517843,2024,061517843,1,9,0,-1,19,6,8,-1,9,1,0,7,1,0,1,1,-1,9,2,66,10,1560,2,12,CITROEN C3,-1,-1,0,-1
2024122400819,2024,122400819,2,9,0,17,19,3,7,0,0,0,0,0,0,0,3,1,6,6,2,73,10,1199,1,5,CITROEN C3,7,E01013412,0,3
2024161506321,2024,161506321,1,9,0,-1,19,5,1,-1,0,1,0,0,0,0,4,9,-1,2,2,20,4,1398,2,10,CITROEN C3,8,E01013186,0,1
2024547951924,2024,547951924,2,9,0,18,19,6,2,0,0,0,0,0,0,0,3,1,6,6,2,40,7,1200,1,9,CITROEN C3,7,E01029063,0,4
2024101450489,2024,101450489,1,9,0,-1,19,7,3,-1,0,0,0,0,0,0,1,1,-1,9,1,28,6,1200,1,7,CITROEN C3,1,E01008382,0,1
2024531458905,2024,531458905,4,9,0,-1,19,7,3,-1,0,0,0,0,2,0,3,1,-1,2,2,32,6,1200,1,6,CITROEN C3,3,E01022121,0,4
2024320593540,2024,320593540,1,9,0,4,4,6,2,0,0,0,5,0,1,9,2,1,-1,-1,1,66,10,1598,1,12,CITROEN C3,6,E01026404,0,1
2024041492231,2024,041492231,1,9,0,-1,19,3,5,-1,0,1,0,0,0,0,1,1,-1,9,2,19,4,1360,1,18,CITROEN C3,3,E01007060,0,2
2024221523841,2024,221523841,2,9,0,-1,19,3,7,-1,0,0,0,4,0,0,1,1,-1,6,2,49,8,1560,2,14,CITROEN C3,7,W01001978,0,4
202417L100324,2024,17L100324,1,9,0,18,19,6,2,0,0,4,0,0,0,0,1,1,2,2,1,38,7,1398,2,11,CITROEN C3,8,E01012177,0,2
2024430185471,2024,430185471,3,9,0,18,19,2,6,0,0,1,0,0,0,0,3,1,2,2,1,53,8,1199,1,1,CITROEN C3,4,E01016517,0,1
2024461500799,2024,461500799,3,9,0,-1,2,0,0,-1,0,1,0,0,0,0,4,1,-1,6,-1,-1,-1,1598,1,10,CITROEN C3,-1,-1,0,-1
2024211405685,2024,211405685,1,9,0,-1,19,5,1,-1,0,0,1,4,1,0,1,9,-1,6,1,19,4,1398,2,11,CITROEN C3,7,E01029660,0,1
2024010502364,2024,010502364,3,9,0,2,2,0,0,0,0,0,0,0,0,0,3,1,6,6,3,-1,-1,1199,1,11,CITROEN C3,-1,-1,0,-1
2024501436192,2024,501436192,2,9,0,-1,4,3,7,-1,0,1,0,0,0,0,1,1,-1,9,2,68,10,1199,1,5,CITROEN C3,4,E01020262,0,1
2024311516876,2024,311516876,2,9,0,-1,2,0,0,-1,0,0,0,0,0,0,4,1,-1,6,2,32,6,1199,1,6,CITROEN C3,-1,-1,0,-1
2024101481143,2024,101481143,2,9,0,-1,9,4,8,-1,0,8,0,0,0,0,3,1,-1,6,2,26,6,1199,1,5,CITROEN C3,4,E01027498,0,4
2024131416437,2024,131416437,2,9,0,-1,19,1,5,-1,0,1,0,0,0,0,4,1,-1,9,1,61,9,1560,2,13,CITROEN C3,2,E01011220,0,1
2024010542202,2024,010542202,1,9,0,18,19,7,3,0,0,0,0,0,0,0,1,1,6,6,1,30,6,1199,1,5,CITROEN C3,1,E01021968,0,4
2024361516604,2024,361516604,1,9,0,-1,19,7,3,-1,0,4,0,7,1,0,1,1,-1,9,2,38,7,1199,1,4,CITROEN C3,5,E01026873,0,4
2024421474816,2024,421474816,1,9,0,-1,19,1,5,-1,0,0,0,0,0,0,1,1,-1,6,2,39,7,1200,1,5,CITROEN C3,4,E01015947,0,1
2024010536929,2024,010536929,1,9,0,18,19,7,3,0,0,0,0,0,0,0,1,1,6,6,2,69,10,1360,1,21,CITROEN C3,1,E01001410,0,1
2024201520077,2024,201520077,1,9,0,-1,19,7,3,-1,0,0,0,0,0,0,1,9,-1,6,1,67,10,1350,1,15,CITROEN C3,8,E01010487,0,3
2024340WN4392,2024,340WN4392,1,9,0,-1,19,5,1,-1,0,0,5,10,1,4,1,1,-1,6,2,22,5,1360,1,17,CITROEN C3,9,E01027003,0,1
2024041456852,2024,041456852,1,9,0,-1,19,3,7,-1,9,0,0,0,1,11,1,1,-1,9,1,76,11,1560,2,8,CITROEN C3,6,E01012610,0,1
2024552401538,2024,552401538,1,9,0,18,19,8,4,0,0,2,0,0,7,10,1,1,6,6,2,61,9,1199,1,1,CITROEN C3,6,E01015361,0,1
2024311509448,2024,311509448,2,9,0,-1,3,1,5,-1,0,5,0,0,0,0,2,1,-1,6,1,54,8,1199,1,1,CITROEN C3,5,E01028291,0,1
2024421404840,2024,421404840,1,9,0,-1,19,3,7,-1,0,0,0,0,0,0,1,1,-1,6,1,77,11,1560,2,8,CITROEN C3,5,E01021380,0,3
2024122500021,2024,122500021,1,9,0,16,19,4,8,0,0,0,1,0,7,11,1,1,6,6,1,18,4,1360,1,12,CITROEN C3,6,E01027584,0,1
2024411427165,2024,411427165,1,9,0,-1,19,1,5,-1,0,0,0,0,0,0,1,9,-1,6,1,-1,-1,1200,1,4,CITROEN C3,-1,-1,0,-1
2024411495125,2024,411495125,1,9,0,-1,7,5,7,-1,0,6,0,0,0,0,3,1,-1,6,1,42,7,1560,2,13,CITROEN C3,10,E01023512,0,1
2024201398917,2024,201398917,2,9,0,-1,9,5,3,-1,0,5,0,0,0,0,1,9,-1,6,1,59,9,1560,2,13,CITROEN C3,6,E01009714,0,1
2024991517827,2024,991517827,2,9,0,-1,19,3,7,-1,0,0,5,0,0,0,1,1,-1,9,1,54,8,1199,1,1,CITROEN C3,-1,-1,0,-1
2024061517658,2024,061517658,1,9,0,-1,2,0,0,-1,0,6,0,0,0,0,1,1,-1,2,1,30,6,1199,1,4,CITROEN C3,8,E01006285,0,1
2024421469726,2024,421469726,1,9,0,-1,1,5,2,-1,9,0,0,0,0,0,2,1,-1,9,2,82,11,1200,1,9,CITROEN C3,6,E01022053,0,1
2024371404466,2024,371404466,2,9,0,-1,19,3,7,-1,0,1,0,0,0,0,3,1,-1,2,1,57,9,1360,1,12,CITROEN C3,3,E01033123,0,1
2024070037417,2024,070037417,1,9,0,5,5,3,7,0,0,1,0,0,0,0,4,1,6,6,1,77,11,1200,1,5,CITROEN C3,9,E01018349,0,1
202460Q052299,2024,60Q052299,2,9,0,2,2,0,0,6,6,0,0,0,1,0,2,1,6,6,2,42,7,1199,1,4,CITROEN C3,-1,-1,0,-1
2024371497570,2024,371497570,1,9,0,-1,19,7,3,-1,0,0,0,4,0,0,1,1,-1,6,1,42,7,1360,1,22,CITROEN C3,5,E01029941,0,2
2024031418643,2024,031418643,1,9,0,-1,19,6,1,-1,0,2,0,0,0,0,4,1,-1,9,1,50,8,1560,2,6,CITROEN C3,-1,-1,0,-1
2024010521032,2024,010521032,1,9,0,99,99,9,9,99,99,9,9,99,9,99,1,1,6,6,2,48,8,1199,1,6,CITROEN C3,3,E01003179,0,1
2024131535603,2024,131535603,1,9,0,-1,19,5,1,-1,0,0,0,0,0,0,1,1,-1,9,2,84,11,1200,1,3,CITROEN C3,8,E01010935,0,1
2024440241073,2024,440241073,3,9,0,18,19,6,2,0,0,0,0,0,0,0,1,1,6,6,2,41,7,1200,1,2,CITROEN C3,8,E01022760,0,2
2024041480203,2024,041480203,1,9,0,-1,19,5,1,-1,0,1,0,0,0,0,1,1,-1,6,1,85,11,1200,1,6,CITROEN C3,3,E01025262,0,1
2024201411986,2024,201411986,8,9,0,-1,3,3,7,-1,0,0,0,0,0,0,1,1,-1,6,2,30,6,1199,1,5,CITROEN C3,-1,-1,0,-1
2024161395548,2024,161395548,1,8,0,-1,1,2,6,-1,0,8,0,0,0,0,2,1,-1,1,1,61,9,1560,2,9,CITROEN C3,1,E01012874,0,4
2024320492514,2024,320492514,1,9,0,-1,-1,6,2,0,0,8,0,0,0,0,1,1,-1,-1,1,60,9,1360,1,12,CITROEN C3,4,E01027950,0,5
2024131467121,2024,131467121,2,9,0,-1,2,0,0,-1,0,2,0,0,0,0,2,1,-1,6,-1,-1,-1,1200,1,8,CITROEN C3,-1,-1,0,-1
2024461402789,2024,461402789,1,9,0,-1,5,5,7,-1,0,2,0,0,0,0,1,9,-1,6,1,85,11,1560,2,16,CITROEN C3,1,E01016083,0,1
2024211427840,2024,211427840,1,9,0,-1,7,3,5,-1,-1,-1,-1,-1,-1,0,-1,1,-1,6,2,70,10,1598,1,10,CITROEN C3,-1,-1,0,-1
2024522401295,2024,522401295,4,9,0,18,19,6,1,0,0,0,0,0,0,0,3,1,6,6,1,68,10,1560,2,12,CITROEN C3,4,E01019062,0,5
2024371420472,2024,371420472,1,9,0,-1,5,7,5,-1,0,0,5,4,0,0,2,9,-1,9,1,79,11,1560,2,8,CITROEN C3,7,E01026934,0,1
2024041439135,2024,041439135,2,9,0,-1,19,1,5,-1,0,0,0,0,0,0,1,1,-1,9,1,63,9,1199,1,1,CITROEN C3,1,E01012656,0,1
2024231524277,2024,231524277,1,9,0,-1,19,8,2,-1,0,0,0,0,0,0,1,1,-1,6,1,38,7,1199,1,5,CITROEN C3,-1,-1,0,-1
2024141430128,2024,141430128,2,9,0,-1,19,4,7,-1,9,8,0,0,8,2,3,1,-1,6,1,80,11,1124,1,17,CITROEN C3,2,E01034845,0,1
2024340NN3952,2024,340NN3952,2,9,0,-1,19,1,5,-1,0,1,0,0,0,0,4,1,-1,2,2,56,9,1199,1,6,CITROEN C3,8,E01027193,0,3
2024501522366,2024,501522366,1,9,0,-1,9,3,1,-1,0,8,0,0,7,0,1,1,-1,9,1,25,5,1200,1,9,CITROEN C3,2,E01015074,0,1
2024520500318,2024,520500318,1,9,0,18,19,3,7,0,0,0,0,0,1,10,3,1,6,6,1,76,11,1200,1,6,CITROEN C3,10,E01014424,0,3
2024501459670,2024,501459670,1,9,0,-1,4,1,5,-1,0,2,0,10,0,0,1,1,-1,9,2,55,8,1199,1,6,CITROEN C3,7,W01001988,0,5
2024411399999,2024,411399999,1,9,0,-1,19,4,8,-1,0,0,0,0,0,0,3,1,-1,9,2,51,8,1124,1,15,CITROEN C3,3,E01023669,0,1
2024631456802,2024,631456802,2,9,0,-1,10,4,8,-1,0,0,0,0,0,0,3,1,-1,9,2,47,8,1360,1,20,CITROEN C3,8,W01000527,0,1
2024141482895,2024,141482895,2,9,0,-1,9,3,1,-1,0,6,0,0,0,0,3,1,-1,6,1,91,11,1199,1,1,CITROEN C3,1,E01007892,0,1
2024041536074,2024,041536074,1,9,0,-1,19,3,1,-1,0,3,0,0,0,0,3,1,-1,9,2,25,5,1199,1,6,CITROEN C3,4,E01012604,0,1
2024501539226,2024,501539226,2,9,0,-1,5,7,3,-1,0,1,0,0,0,0,4,1,-1,9,2,63,9,1199,1,0,CITROEN C3,2,E01015073,0,1
2024131441719,2024,131441719,2,9,0,-1,2,0,0,-1,0,8,0,0,0,0,3,1,-1,6,-1,-1,-1,1200,1,9,CITROEN C3,-1,-1,0,-1
2024320384115,2024,320384115,1,9,0,-1,-1,1,5,0,0,2,0,0,0,0,3,1,6,6,2,52,8,1200,1,7,CITROEN C3,3,E01026078,0,1
2024531488955,2024,531488955,4,9,0,-1,19,5,1,-1,0,0,0,0,0,0,3,1,-1,9,2,39,7,1200,1,6,CITROEN C3,4,E01022240,0,4
2024302401145,2024,302401145,2,9,0,5,5,3,7,0,0,8,0,0,0,0,1,1,1,1,2,57,9,1200,1,9,CITROEN C3,1,E01013586,0,1
2024211522289,2024,211522289,1,9,0,-1,5,3,7,-1,0,4,0,0,0,0,4,1,-1,9,2,30,6,1200,1,7,CITROEN C3,3,E01029360,0,1
2024010539393,2024,010539393,1,9,0,99,99,9,9,0,0,9,9,99,9,99,9,9,6,6,1,22,5,1587,1,18,CITROEN C3,4,E01002594,0,1
2024061504127,2024,061504127,1,9,0,-1,9,5,1,-1,0,6,0,0,0,0,3,1,-1,2,1,61,9,1200,1,6,CITROEN C3,8,E01006318,0,2
2024371434783,2024,371434783,2,9,0,-1,7,1,3,-1,0,8,0,0,0,0,4,1,-1,2,1,43,7,1200,1,7,CITROEN C3,10,E01030206,0,1
2024131423763,2024,131423763,1,9,0,-1,19,5,1,-1,0,1,0,0,0,0,1,1,-1,9,2,36,7,1199,1,3,CITROEN C3,3,E01011322,0,1
2024101470059,2024,101470059,1,9,0,-1,19,8,4,-1,0,8,0,0,0,0,4,1,-1,9,1,46,8,1200,1,9,CITROEN C3,3,E01008451,0,1
2024361413416,2024,361413416,1,9,0,-1,19,1,1,-1,0,0,1,0,0,0,2,9,-1,1,2,24,5,1360,1,20,CITROEN C3,8,E01026470,0,1
2024161401624,2024,161401624,2,9,0,-1,19,2,6,-1,0,0,0,0,0,0,1,9,-1,6,1,79,11,1199,1,2,CITROEN C3,4,E01013051,0,1
2024522401720,2024,522401720,1,9,0,18,19,8,4,0,0,0,0,6,0,0,4,1,6,6,2,34,6,1360,1,20,CITROEN C3,5,E01014927,0,2
2024991454511,2024,991454511,1,9,0,-1,9,2,7,-1,0,6,0,0,0,0,1,1,-1,2,2,20,4,1598,1,11,CITROEN C3,10,-1,0,1
2024161411632,2024,161411632,1,9,0,-1,9,7,5,-1,0,4,0,0,0,0,3,1,-1,6,1,56,9,1199,1,4,CITROEN C3,9,E01013123,0,3
2024401449933,2024,401449933,1,5,0,-1,19,6,2,-1,0,0,0,12,0,0,1,1,-1,6,1,61,9,1198,1,7,DUCATI MULTISTRADA,10,E01027295,0,4
2024161496833,2024,161496833,1,5,0,-1,13,7,3,-1,0,0,5,0,0,0,1,1,-1,9,1,49,8,1158,1,0,DUCATI MULTISTRADA,6,E01013097,0,1
2024010500310,2024,010500310,2,5,0,18,19,3,7,0,0,1,2,10,2,11,3,1,6,6,1,47,8,1158,1,3,DUCATI MULTISTRADA,2,E01033938,0,1
2024302401179,2024,302401179,2,5,0,18,19,1,5,0,0,0,0,0,0,0,1,1,6,6,1,58,9,1103,1,0,DUCATI MULTISTRADA,6,E01011636,0,4
2024631489778,2024,631489778,2,5,0,-1,19,4,8,-1,0,1,0,0,0,0,1,1,-1,6,1,48,8,1198,1,13,DUCATI MULTISTRADA,4,W01000683,0,3
2024421486072,2024,421486072,1,5,0,-1,15,3,7,-1,0,0,0,0,0,0,1,1,-1,6,1,44,7,1198,1,7,DUCATI MULTISTRADA,3,E01021328,0,1
2024211438195,2024,211438195,2,5,0,-1,4,3,1,-1,0,0,0,0,0,0,3,1,-1,6,1,48,8,1198,1,10,DUCATI MULTISTRADA,10,E01029474,0,1
2024991423030,2024,991423030,2,5,0,-1,19,5,8,-1,0,1,0,0,0,0,1,1,-1,6,1,52,8,1198,1,7,DUCATI MULTISTRADA,4,-1,0,4
2024501430916,2024,501430916,1,5,0,-1,13,5,1,-1,0,0,1,0,1,10,1,1,-1,9,1,61,9,1262,1,5,DUCATI MULTISTRADA,4,E01019063,0,3
2024332400321,2024,332400321,2,5,0,-1,19,1,5,-1,0,8,1,0,0,0,1,1,-1,6,1,61,9,1198,1,7,DUCATI MULTISTRADA,7,E01031051,0,4
2024471497055,2024,471497055,1,5,0,-1,13,6,2,-1,0,8,0,0,0,0,1,1,-1,9,1,57,9,1158,1,3,DUCATI MULTISTRADA,9,E01021144,0,3
2024522402197,2024,522402197,1,5,0,18,19,3,7,0,0,8,0,0,0,0,4,1,6,6,1,34,6,1198,1,13,DUCATI MULTISTRADA,7,E01014910,0,1
2024430351111,2024,430351111,2,5,0,18,19,4,8,0,0,8,0,0,0,0,1,1,6,6,1,55,8,1198,1,5,DUCATI MULTISTRADA,4,E01017708,0,1
2024631514063,2024,631514063,1,5,0,-1,13,5,1,-1,0,0,0,0,7,10,3,1,-1,6,1,45,7,1158,1,1,DUCATI MULTISTRADA,7,W01000623,0,2
2024201527562,2024,201527562,2,5,0,-1,19,6,2,-1,0,8,0,0,0,0,1,1,-1,2,1,25,5,1198,1,11,DUCATI MULTISTRADA,4,E01029820,0,4
2024052402456,2024,052402456,2,4,0,18,19,7,3,0,0,0,0,0,0,0,3,1,6,6,1,61,9,1198,1,8,DUCATI MULTISTRADA,1,E01012441,0,3
2024061440920,2024,061440920,1,5,0,-1,13,5,1,-1,0,0,2,0,0,0,1,1,-1,9,1,27,6,1198,1,8,DUCATI MULTISTRADA,2,E01006107,0,1
2024991472919,2024,991472919,2,5,0,-1,19,5,2,-1,0,1,5,0,0,0,1,1,-1,9,1,49,8,1158,1,0,DUCATI MULTISTRADA,5,-1,0,3
2024421467340,2024,421467340,2,5,0,-1,19,2,6,-1,0,0,0,0,0,0,4,1,-1,9,1,60,9,1262,1,5,DUCATI MULTISTRADA,7,E01021412,0,4
2024231501457,2024,231501457,1,5,0,-1,19,4,8,-1,0,0,0,0,0,0,1,1,-1,6,1,51,8,1103,1,0,DUCATI MULTISTRADA,5,E01031190,0,2
2024311436376,2024,311436376,1,5,0,-1,19,3,1,-1,0,8,0,0,0,0,1,1,-1,9,1,59,9,1198,1,9,DUCATI MULTISTRADA,8,E01028146,0,4
2024201502094,2024,201502094,2,5,0,-1,19,1,6,-1,0,8,0,0,0,0,4,1,-1,6,1,62,9,1158,1,2,DUCATI MULTISTRADA,4,E01009231,0,1
2024361473060,2024,361473060,1,5,0,-1,13,8,4,-1,0,1,0,0,0,0,1,1,-1,9,1,57,9,1262,1,4,DUCATI MULTISTRADA,4,E01021984,0,5
2024520403228,2024,520403228,1,5,0,18,19,5,1,0,0,0,0,0,0,0,0,1,6,6,1,54,8,1158,1,0,DUCATI MULTISTRADA,8,E01029201,0,4
2024010543458,2024,010543458,1,5,0,12,12,7,3,0,0,0,0,0,0,0,4,1,2,2,1,43,7,1198,1,11,DUCATI MULTISTRADA,8,E01032825,0,4
2024010530899,2024,010530899,2,9,9,99,99,9,9,99,99,9,9,99,9,99,9,9,6,6,2,-1,-1,1199,8,0,MAKE AND MODEL REDACTED,2,E01001753,0,2
2024010510982,2024,010510982,1,19,0,9,9,3,8,0,0,6,0,0,0,0,3,1,1,1,1,64,9,-1,3,9,MAKE AND MODEL REDACTED,6,E01002218,0,3
2024131520043,2024,131520043,2,2,0,-1,19,4,8,-1,0,1,0,0,0,0,1,1,-1,9,1,61,9,50,1,16,MAKE AND MODEL REDACTED,5,E01011239,0,1
202460Q118550,2024,60Q118550,2,9,0,18,19,7,3,0,0,2,0,0,0,0,1,1,6,6,1,62,9,1993,8,0,HONDA ZR-V SPORT ,-1,-1,0,-1
2024471469258,2024,471469258,2,9,0,-1,4,2,5,-1,0,0,0,0,0,0,1,1,-1,1,2,55,8,1993,8,0,HONDA ZR-V SPORT ,5,E01031786,0,1
2024010550915,2024,010550915,1,9,0,6,6,5,5,0,0,2,0,0,0,0,3,1,6,6,1,28,6,1993,8,0,HONDA ZR-V SPORT ,2,E01001332,0,1
2024010519098,2024,010519098,1,9,0,99,99,9,9,99,99,9,9,99,9,99,2,9,6,6,2,34,6,1993,8,0,HONDA ZR-V SPORT ,2,E01001549,0,1
2024010523153,2024,010523153,2,9,0,99,99,9,9,99,99,9,9,99,9,99,9,9,6,6,3,-1,-1,1993,8,1,HONDA ZR-V SPORT ,-1,-1,0,-1
2024201503829,2024,201503829,1,9,0,-1,3,8,4,-1,0,1,0,0,0,0,1,1,-1,6,1,37,7,1993,8,0,HONDA ZR-V SPORT ,5,E01009797,0,1
2024451486872,2024,451486872,2,9,0,-1,19,1,5,-1,0,0,0,0,0,0,1,1,-1,9,2,56,9,1993,8,0,HONDA ZR-V SPORT ,5,E01030569,0,1
2024052400185,2024,052400185,1,9,0,18,19,2,6,0,0,0,0,0,0,0,4,1,6,6,1,57,9,1993,8,0,HONDA ZR-V SPORT ,1,E01006460,0,3
2024991501844,2024,991501844,1,9,0,-1,19,2,1,-1,0,8,0,10,0,0,3,1,-1,9,2,52,8,1993,8,0,HONDA ZR-V SPORT ,1,-1,0,4
2024991534833,2024,991534833,2,9,0,-1,19,4,8,-1,0,2,0,0,0,0,3,1,-1,9,1,67,10,1993,8,0,HONDA ZR-V SPORT ,-1,-1,0,-1
2024131505731,2024,131505731,1,9,0,-1,19,5,1,-1,0,8,0,0,0,0,1,1,-1,9,1,81,11,1993,8,0,HONDA ZR-V SPORT ,5,E01010873,0,2
2024061481038,2024,061481038,1,9,0,-1,3,-1,-1,-1,0,2,0,99,0,0,1,1,-1,9,1,50,8,1993,8,0,HONDA ZR-V SPORT ,8,W01000472,0,5
2024010534505,2024,010534505,1,9,0,18,19,1,5,0,0,0,0,0,0,0,1,1,6,6,1,29,6,1993,8,0,HONDA ZR-V SPORT ,2,E01001955,0,1
2024041496123,2024,041496123,2,9,0,-1,19,1,5,-1,0,0,0,0,0,0,3,1,-1,9,2,30,6,1993,8,0,HONDA ZR-V SPORT ,6,E01034343,0,1
2024501439373,2024,501439373,4,9,0,-1,4,3,7,-1,0,2,0,0,0,0,2,1,-1,6,2,62,9,1993,8,0,HONDA ZR-V SPORT ,8,E01026368,0,5
2024010549640,2024,010549640,1,9,0,99,99,9,9,99,99,0,9,99,9,99,9,9,6,6,1,45,7,1993,8,0,HONDA ZR-V SPORT ,3,E01003533,0,1
2024010538553,2024,010538553,1,9,9,99,99,9,9,99,99,9,9,99,9,99,9,9,6,6,2,44,7,1993,8,0,HONDA ZR-V SPORT ,3,E01032743,0,1
2024010520825,2024,010520825,2,9,0,99,99,9,9,99,99,9,9,99,9,99,1,9,6,6,1,-1,-1,1993,8,1,HONDA ZR-V SPORT ,-1,-1,0,-1
2024061516539,2024,061516539,1,9,0,-1,19,-1,-1,-1,0,9,0,0,0,0,4,1,-1,7,2,36,7,1993,8,0,HONDA ZR-V SPORT ,2,E01004966,0,1
2024320395863,2024,320395863,3,9,0,10,10,6,2,0,0,8,0,0,0,0,3,1,-1,-1,2,28,6,2993,2,11,JAGUAR XJ SERIES,10,E01026362,0,1
2024340WN2362,2024,340WN2362,1,9,0,-1,9,1,6,-1,0,6,0,11,1,0,3,1,-1,9,1,43,7,2993,2,13,JAGUAR XJ SERIES,8,E01034458,0,4
2024991467418,2024,991467418,1,9,0,-1,19,6,6,-1,0,1,0,0,0,0,3,1,-1,9,1,53,8,2993,2,9,JAGUAR XJ SERIES,-1,-1,0,-1
202454B427024,2024,54B427024,1,9,0,1,1,3,7,0,0,6,0,0,3,11,2,1,6,6,1,69,10,2993,2,12,JAGUAR XJ SERIES,3,E01031896,0,1
2024201431429,2024,201431429,1,9,0,-1,5,6,2,-1,0,8,0,0,0,0,4,9,-1,6,1,49,8,2720,2,16,JAGUAR XJ SERIES,2,E01009210,0,1
2024052400510,2024,052400510,1,9,0,9,9,2,1,0,0,1,0,0,0,0,1,1,6,6,1,65,9,2993,2,5,JAGUAR XJ SERIES,9,E01007264,0,1
2024531447868,2024,531447868,1,9,0,-1,19,5,1,-1,0,0,0,0,0,0,1,1,-1,6,1,46,8,3248,1,22,JAGUAR XJ SERIES,9,E01022107,0,1
2024311413217,2024,311413217,1,9,0,-1,5,2,6,-1,0,8,0,0,0,0,1,9,-1,6,1,-1,-1,2993,2,13,JAGUAR XJ SERIES,-1,-1,0,-1