collision_index,collision_year,collision_ref_no,vehicle_reference,vehicle_type,towing_and_articulation,vehicle_manoeuvre_historic,vehicle_manoeuvre,vehicle_direction_from,vehicle_direction_to,vehicle_location_restricted_lane_historic,vehicle_location_restricted_lane,junction_location,skidding_and_overturning,hit_object_in_carriageway,vehicle_leaving_carriageway,hit_object_off_carriageway,first_point_of_impact,vehicle_left_hand_drive,journey_purpose_of_driver_historic,journey_purpose_of_driver,sex_of_driver,age_of_driver,age_band_of_driver,engine_capacity_cc,propulsion_code,age_of_vehicle,generic_make_model,driver_imd_decile,lsoa_of_driver,escooter_flag,driver_distance_banding
2024461432662,2024,461432662,3,9,0,-1,5,8,3,-1,0,8,0,0,0,0,3,9,-1,2,1,64,9,1364,1,14,VAUXHALL MERIVA,2,E01024775,0,2
2024461407466,2024,461407466,2,9,0,-1,19,5,1,-1,0,0,0,0,0,0,3,9,-1,2,2,23,5,1598,1,17,VAUXHALL MERIVA,1,E01035301,0,4
2024211424732,2024,211424732,1,9,0,-1,19,6,3,-1,-1,0,5,0,1,0,4,1,-1,2,1,45,7,1686,2,13,VAUXHALL MERIVA,-1,-1,0,-1
2024991495916,2024,991495916,2,9,0,-1,9,7,5,-1,0,0,0,0,0,0,1,1,-1,6,1,45,7,1398,1,8,VAUXHALL MERIVA,6,-1,0,1
2024401411472,2024,401411472,2,9,0,-1,9,1,3,-1,0,1,0,0,0,0,3,1,-1,9,1,60,9,1398,1,8,VAUXHALL MERIVA,5,E01015750,0,1
2024111419963,2024,111419963,1,9,0,-1,12,1,5,-1,0,0,1,11,0,0,3,1,-1,9,1,51,8,1598,1,15,VAUXHALL MERIVA,1,E01020759,0,1
2024332400992,2024,332400992,2,9,0,-1,2,0,0,-1,0,0,0,0,0,0,3,1,-1,6,1,58,9,1398,1,10,VAUXHALL MERIVA,3,E01013683,0,1
2024440419114,2024,440419114,1,9,0,4,4,5,1,0,0,0,0,0,0,0,1,1,6,6,1,52,8,1364,1,17,VAUXHALL MERIVA,3,E01017082,0,1
2024061474052,2024,061474052,1,9,0,-1,19,7,3,-1,0,0,2,0,2,0,0,1,-1,6,1,29,6,1364,1,10,VAUXHALL MERIVA,1,E01009342,0,5
2024010536205,2024,010536205,2,9,0,7,7,7,2,0,0,6,0,0,0,0,1,1,6,6,2,44,7,1598,1,17,VAUXHALL MERIVA,5,E01002479,0,1
2024421425989,2024,421425989,4,9,0,-1,2,0,0,-1,9,0,0,4,0,0,2,1,-1,6,-1,-1,-1,1686,2,11,VAUXHALL MERIVA,-1,-1,0,-1
2024522401463,2024,522401463,2,9,0,18,19,7,3,0,0,0,0,0,0,0,1,1,6,6,3,-1,-1,1398,1,7,VAUXHALL MERIVA,-1,-1,0,-1
2024010544674,2024,010544674,2,9,0,3,3,3,7,0,0,6,0,0,0,0,2,1,6,6,2,32,6,1796,1,15,VAUXHALL MERIVA,3,E01001698,0,1
2024141412998,2024,141412998,1,9,0,-1,9,6,3,-1,0,5,0,0,0,0,1,9,-1,6,3,-1,-1,1398,1,13,VAUXHALL MERIVA,-1,-1,0,-1
2024461521869,2024,461521869,1,9,0,-1,19,7,3,-1,0,0,0,0,0,0,1,1,-1,9,2,41,7,1686,2,12,VAUXHALL MERIVA,5,E01024095,0,2
2024501454938,2024,501454938,1,9,0,-1,19,3,7,-1,0,4,0,0,0,0,3,9,-1,1,2,-1,-1,1598,1,18,VAUXHALL MERIVA,1,E01015145,0,1
2024010518380,2024,010518380,1,9,0,1,1,5,3,5,5,5,0,0,1,0,2,1,6,6,1,65,9,1364,1,14,VAUXHALL MERIVA,3,E01004436,0,3
2024041432673,2024,041432673,1,9,0,-1,19,5,1,-1,0,1,0,0,0,0,1,1,-1,9,2,54,8,1364,1,11,VAUXHALL MERIVA,1,E01025084,0,1
2024010522539,2024,010522539,2,9,0,18,19,5,1,0,0,8,0,0,0,0,1,1,3,7,2,41,7,1398,1,12,VAUXHALL MERIVA,2,E01000027,0,1
2024421421742,2024,421421742,2,9,0,-1,19,3,7,-1,0,8,0,0,0,0,1,1,-1,9,2,69,10,1364,1,17,VAUXHALL MERIVA,9,E01022099,0,2
2024430183855,2024,430183855,1,9,0,13,13,6,2,0,0,2,0,0,0,0,4,1,6,6,2,83,11,1398,1,14,VAUXHALL MERIVA,8,E01028614,0,1
2024211490587,2024,211490587,1,9,0,-1,1,5,1,-1,0,1,0,0,0,0,3,9,-1,9,2,50,8,1686,2,12,VAUXHALL MERIVA,4,E01029812,0,1
2024471500911,2024,471500911,1,9,0,-1,9,8,6,-1,0,8,0,0,0,0,1,1,-1,2,2,50,8,1398,1,12,VAUXHALL MERIVA,8,E01016870,0,1
2024052402747,2024,052402747,3,9,0,2,2,0,0,0,0,0,0,0,0,0,2,1,6,6,3,-1,-1,1398,1,7,VAUXHALL MERIVA,-1,-1,0,-1
2024411404325,2024,411404325,2,9,0,-1,19,3,7,-1,0,3,0,0,0,0,1,9,-1,1,1,66,10,1364,1,16,VAUXHALL MERIVA,5,E01023529,0,3
2024052401309,2024,052401309,1,9,0,18,19,1,5,0,0,0,0,0,0,0,1,1,6,6,2,45,7,1686,2,13,VAUXHALL MERIVA,1,E01006432,0,1
2024302401493,2024,302401493,1,9,0,9,9,6,4,0,0,5,0,0,0,0,1,1,6,6,2,79,11,1364,1,8,VAUXHALL MERIVA,8,E01019467,0,1
2024061451697,2024,061451697,2,9,0,-1,19,-1,-1,-1,0,8,9,0,0,0,4,1,-1,6,1,-1,-1,1364,1,17,VAUXHALL MERIVA,6,E01028013,0,4
2024991425565,2024,991425565,1,9,0,-1,19,8,3,-1,0,0,1,0,1,0,1,1,-1,6,1,39,7,1364,1,15,VAUXHALL MERIVA,7,-1,0,3
2024010532574,2024,010532574,2,9,0,3,3,1,5,0,0,7,0,0,0,0,2,1,6,6,1,55,8,1598,1,16,VAUXHALL MERIVA,-1,-1,0,-1
2024211497785,2024,211497785,2,9,0,-1,19,3,7,-1,0,0,0,0,0,0,2,1,-1,9,2,27,6,1364,1,11,VAUXHALL MERIVA,5,E01029726,0,1
2024351544974,2024,351544974,1,9,0,-1,5,5,8,-1,0,4,0,0,0,0,1,1,-1,6,2,80,11,1362,1,11,VAUXHALL MERIVA,6,E01018297,0,1
2024440228399,2024,440228399,1,9,0,10,10,8,6,0,0,1,0,0,0,0,2,1,6,6,2,37,7,1686,2,12,VAUXHALL MERIVA,5,E01023033,0,1
2024052400723,2024,052400723,1,9,0,4,4,7,3,0,0,1,0,0,0,0,1,1,6,6,1,63,9,1398,1,9,VAUXHALL MERIVA,3,E01006627,0,1
2024461422864,2024,461422864,1,9,0,-1,19,3,7,-1,0,5,0,0,1,0,1,1,-1,2,1,40,7,1598,1,19,VAUXHALL MERIVA,1,E01016069,0,2
2024622400330,2024,622400330,2,9,0,2,2,0,0,0,0,0,0,0,0,0,1,1,6,6,3,-1,-1,1598,1,16,VAUXHALL MERIVA,-1,-1,0,-1
2024522401944,2024,522401944,2,9,0,2,2,0,0,6,6,0,0,0,0,0,3,1,6,6,2,74,10,1598,1,17,VAUXHALL MERIVA,5,E01014500,0,3
2024501396980,2024,501396980,2,9,0,-1,19,4,8,-1,0,8,0,0,0,0,4,1,-1,1,1,47,8,1398,1,13,VAUXHALL MERIVA,2,E01015182,0,1
2024430472328,2024,430472328,2,9,0,18,19,6,2,0,0,0,0,0,0,0,2,1,6,6,1,-1,-1,1398,1,11,VAUXHALL MERIVA,-1,-1,0,-1
2024221449530,2024,221449530,2,9,0,-1,6,1,1,-1,0,8,0,0,0,0,3,9,-1,9,2,34,6,1398,1,13,VAUXHALL MERIVA,1,E01014127,0,2
2024552400493,2024,552400493,2,9,0,9,9,5,3,0,0,8,0,0,0,0,4,1,6,6,1,60,9,1364,1,10,VAUXHALL MERIVA,9,E01015412,0,1
2024991434812,2024,991434812,1,9,0,-1,9,8,6,-1,0,1,0,0,0,0,3,1,-1,6,2,64,9,1398,1,7,VAUXHALL MERIVA,3,-1,0,2
2024302400648,2024,302400648,2,9,0,4,4,7,2,0,0,1,0,0,0,0,2,1,6,6,2,64,9,1364,1,11,VAUXHALL MERIVA,1,E01013533,0,1
2024010511939,2024,010511939,1,9,0,3,3,1,5,0,0,0,0,0,0,0,2,1,6,6,1,47,8,1398,1,10,VAUXHALL MERIVA,6,E01003770,0,1
2024010540194,2024,010540194,1,9,3,14,14,5,1,0,0,0,0,0,0,0,1,1,2,2,2,52,8,1398,1,8,VAUXHALL MERIVA,2,E01001364,0,2
2024221409468,2024,221409468,1,9,0,-1,19,1,5,-1,0,0,0,0,0,0,4,9,-1,6,1,88,11,1398,1,13,VAUXHALL MERIVA,7,E01032327,0,1
2024351403835,2024,351403835,1,9,0,-1,19,7,3,-1,0,1,0,0,1,4,1,1,-1,1,2,40,7,1686,2,13,VAUXHALL MERIVA,4,E01018146,0,4
2024052401151,2024,052401151,2,9,0,18,19,3,7,0,0,8,0,0,0,0,3,1,6,6,1,79,11,1398,1,11,VAUXHALL MERIVA,6,E01007247,0,1
2024522401308,2024,522401308,1,9,0,16,19,6,8,0,0,0,1,0,1,10,3,1,6,6,1,62,9,1686,2,13,VAUXHALL MERIVA,7,E01023080,0,4
2024522401581,2024,522401581,1,9,0,18,19,2,6,0,0,8,0,0,0,0,1,1,6,6,1,66,10,1598,1,18,VAUXHALL MERIVA,7,E01015009,0,2
2024552401485,2024,552401485,2,9,0,3,3,4,8,0,0,0,0,0,0,0,2,1,6,6,2,65,9,1686,2,13,VAUXHALL MERIVA,2,E01015304,0,1
2024101419898,2024,101419898,2,9,0,-1,10,1,5,-1,0,5,0,0,0,0,2,1,-1,9,1,65,9,1398,1,12,VAUXHALL MERIVA,2,E01008819,0,1
2024061509177,2024,061509177,1,9,0,-1,19,6,2,-1,0,2,0,0,0,0,1,1,-1,6,1,53,8,1398,1,13,VAUXHALL MERIVA,1,E01032558,0,1
2024361407463,2024,361407463,2,9,0,-1,19,3,7,-1,0,0,0,0,0,0,1,1,-1,6,2,51,8,1248,2,12,VAUXHALL MERIVA,1,E01026809,0,4
2024451427980,2024,451427980,1,9,0,-1,19,1,5,-1,0,0,0,0,2,4,4,1,-1,6,2,89,11,1686,2,13,VAUXHALL MERIVA,10,E01030986,0,1
2024991474900,2024,991474900,2,9,0,-1,13,5,1,-1,0,0,0,0,0,0,1,1,-1,9,2,48,8,1364,1,9,VAUXHALL MERIVA,10,-1,0,1
2024522401253,2024,522401253,1,9,0,18,19,4,8,0,0,1,0,0,0,0,3,1,6,6,1,54,8,1398,1,13,VAUXHALL MERIVA,7,E01014698,0,1
2024201456026,2024,201456026,1,9,0,-1,19,5,7,-1,0,8,0,10,1,0,4,9,-1,6,3,-1,-1,1364,1,9,VAUXHALL MERIVA,-1,-1,0,-1
2024320340978,2024,320340978,1,9,0,3,3,1,5,0,0,2,0,0,0,0,2,1,-1,-1,2,46,8,1398,1,8,VAUXHALL MERIVA,-1,-1,0,-1
2024302400325,2024,302400325,1,9,0,18,19,1,5,0,0,0,0,0,0,0,0,1,6,6,1,73,10,1398,1,12,VAUXHALL MERIVA,2,E01019507,0,1
2024010502001,2024,010502001,1,9,0,18,19,5,1,0,0,8,0,0,0,0,1,1,6,6,1,57,9,1398,1,9,VAUXHALL MERIVA,7,E01000585,0,3
2024371425562,2024,371425562,1,9,0,-1,14,3,3,-1,0,2,0,0,0,0,1,1,-1,9,2,75,10,1364,1,13,VAUXHALL MERIVA,6,E01029874,0,1
2024522403321,2024,522403321,2,9,0,18,19,1,5,0,0,2,0,0,0,0,1,1,6,6,1,54,8,1686,2,12,VAUXHALL MERIVA,2,E01014630,0,1
2024061522365,2024,061522365,1,9,0,-1,19,5,1,-1,0,0,0,0,0,0,1,9,-1,2,1,53,8,1598,1,19,VAUXHALL MERIVA,1,E01006248,0,1
2024311411020,2024,311411020,1,9,0,-1,19,5,2,-1,0,0,0,11,0,0,1,1,-1,6,2,76,11,1364,1,10,VAUXHALL MERIVA,8,E01028032,0,1
2024201460759,2024,201460759,1,9,0,-1,5,7,3,-1,0,8,0,0,0,0,3,1,-1,9,2,77,11,1398,1,12,VAUXHALL MERIVA,5,E01010339,0,1
2024131481883,2024,131481883,1,9,0,-1,2,1,5,-1,0,8,0,0,0,0,2,1,-1,9,1,55,8,1598,1,17,VAUXHALL MERIVA,1,E01011750,0,1
2024471509601,2024,471509601,2,9,0,-1,5,1,5,-1,0,8,0,0,0,0,3,1,-1,1,2,52,8,1364,1,14,VAUXHALL MERIVA,3,E01016921,0,3
2024010497284,2024,010497284,1,9,0,18,19,1,5,0,0,8,0,0,0,0,1,1,6,6,1,33,6,1362,1,11,VAUXHALL MERIVA,2,E01000990,0,1
2024522401368,2024,522401368,1,9,0,12,12,4,8,0,0,1,0,0,0,0,1,1,6,6,2,47,8,1398,1,12,VAUXHALL MERIVA,10,E01014853,0,2
2024401539767,2024,401539767,1,9,0,-1,19,1,5,-1,0,0,0,0,0,0,1,1,-1,6,1,19,4,1364,1,19,VAUXHALL MERIVA,9,E01017450,0,1
2024131466962,2024,131466962,1,9,0,-1,1,7,3,-1,0,0,0,0,0,0,2,1,-1,6,3,-1,-1,1362,1,11,VAUXHALL MERIVA,-1,-1,0,-1
2024401534026,2024,401534026,1,9,0,-1,-1,-1,-1,-1,-1,-1,-1,-1,-1,0,1,1,-1,6,1,72,10,1598,1,15,VAUXHALL MERIVA,7,E01017410,0,2
2024131396073,2024,131396073,1,9,0,-1,15,-1,-1,-1,0,1,-1,4,-1,-1,-1,1,-1,6,3,30,6,1398,1,13,VAUXHALL MERIVA,-1,-1,0,-1
2024421450036,2024,421450036,2,9,0,-1,19,1,5,-1,0,8,0,0,0,0,1,1,-1,9,2,53,8,1398,1,13,VAUXHALL MERIVA,5,E01015874,0,3
2024471528971,2024,471528971,1,9,0,-1,19,5,1,-1,0,1,0,0,0,0,1,1,-1,9,2,53,8,1364,1,15,VAUXHALL MERIVA,3,E01021017,0,1
2024302400315,2024,302400315,1,9,0,18,19,8,4,0,0,2,0,0,0,0,1,1,6,6,1,-1,-1,1598,1,16,VAUXHALL MERIVA,-1,-1,0,-1
2024471449127,2024,471449127,1,9,0,-1,3,4,1,-1,0,8,0,0,0,0,4,1,-1,9,2,48,8,1686,2,13,VAUXHALL MERIVA,1,E01016864,0,1
2024010515957,2024,010515957,1,9,0,18,19,2,6,0,0,8,0,0,0,0,3,1,6,6,2,47,8,1598,1,16,VAUXHALL MERIVA,4,E01002589,0,1
2024201454307,2024,201454307,2,9,0,-1,19,4,3,-1,0,0,0,0,0,0,2,1,-1,1,1,34,6,1398,1,12,VAUXHALL MERIVA,1,E01034747,0,1
2024401499346,2024,401499346,1,9,0,-1,8,7,1,-1,0,8,0,0,0,0,3,1,-1,2,1,32,6,1598,1,18,VAUXHALL MERIVA,3,E01015783,0,1
2024320697910,2024,320697910,1,9,0,-1,-1,8,4,0,0,0,1,0,1,4,4,1,-1,-1,1,29,6,1598,1,16,VAUXHALL MERIVA,8,E01026322,0,1
2024361524983,2024,361524983,2,9,0,-1,19,3,7,-1,0,0,0,0,0,0,1,1,-1,9,2,82,11,1686,2,13,VAUXHALL MERIVA,6,E01026757,0,2
2024610054424,2024,610054424,2,9,0,18,19,2,6,0,0,0,0,0,0,0,2,1,6,6,2,29,6,1598,1,18,VAUXHALL MERIVA,4,W01001445,0,3
202460Q093019,2024,60Q093019,1,9,0,7,7,1,5,0,0,8,0,0,0,0,1,1,1,1,1,38,7,1598,2,7,VAUXHALL MERIVA,-1,-1,0,-1
2024631445263,2024,631445263,2,9,0,-1,19,2,7,-1,0,8,0,0,7,10,1,1,-1,9,2,76,11,1364,1,7,VAUXHALL MERIVA,7,W01000579,0,1
2024302400484,2024,302400484,2,9,0,18,19,2,6,0,0,0,0,0,0,0,4,1,6,6,2,30,6,1398,1,9,VAUXHALL MERIVA,6,E01019585,0,2
2024440367530,2024,440367530,1,9,0,18,19,6,2,0,0,0,0,0,0,0,1,1,6,6,1,60,9,1364,1,17,VAUXHALL MERIVA,9,E01023060,0,1
2024622400195,2024,622400195,1,9,0,18,19,5,2,0,0,1,0,0,0,0,4,1,3,7,1,38,7,1364,1,9,VAUXHALL MERIVA,9,W01002036,0,1
2024430183033,2024,430183033,2,9,0,10,10,5,1,0,0,1,0,0,0,0,2,1,6,6,2,36,7,1398,1,8,VAUXHALL MERIVA,10,E01028820,0,1
2024211498577,2024,211498577,2,9,0,-1,5,7,3,-1,0,2,0,0,0,0,1,1,-1,6,1,78,11,1598,1,18,VAUXHALL MERIVA,8,E01029639,0,1
2024501427156,2024,501427156,2,9,0,-1,5,7,3,-1,0,2,0,0,0,0,2,2,-1,9,2,46,8,1398,1,9,VAUXHALL MERIVA,3,E01015192,0,1
2024991521649,2024,991521649,1,9,0,-1,19,4,8,-1,0,0,1,0,0,0,1,1,-1,9,1,65,9,1686,2,15,VAUXHALL MERIVA,8,-1,0,1
2024201484641,2024,201484641,1,9,0,-1,9,5,3,-1,0,5,0,0,0,0,1,9,-1,9,1,-1,-1,1364,1,12,VAUXHALL MERIVA,-1,-1,0,-1
2024010528147,2024,010528147,2,9,0,99,99,9,9,99,99,9,9,99,9,99,1,9,6,6,3,-1,-1,1398,1,7,VAUXHALL MERIVA,7,E01002427,0,1
2024131470054,2024,131470054,2,9,0,-1,19,3,3,-1,0,0,0,11,0,0,1,1,-1,9,2,83,11,1398,1,10,VAUXHALL MERIVA,7,E01010977,0,1
2024440463922,2024,440463922,1,9,0,4,4,3,7,0,0,0,0,0,0,0,2,1,6,6,1,26,6,1398,1,12,VAUXHALL MERIVA,9,E01022788,0,1
2024101516498,2024,101516498,2,9,0,-1,7,2,4,-1,0,0,0,0,0,0,2,1,-1,2,2,37,7,1686,2,18,VAUXHALL MERIVA,-1,-1,0,-1
2024440463251,2024,440463251,1,9,0,5,5,1,7,9,9,2,1,7,1,11,1,1,6,6,2,86,11,1598,1,20,VAUXHALL MERIVA,5,E01023258,0,1
2024351458400,2024,351458400,3,9,0,-1,19,5,1,-1,0,0,0,0,1,0,1,1,-1,2,1,32,6,1686,2,14,VAUXHALL MERIVA,8,E01018274,0,3
2024371405056,2024,371405056,1,9,0,-1,19,6,2,-1,0,0,1,0,8,0,3,9,-1,6,1,44,7,1398,1,7,VAUXHALL MERIVA,9,E01030148,0,1
2024421486032,2024,421486032,2,9,0,-1,4,3,7,-1,0,0,0,0,0,0,2,1,-1,6,2,44,7,1398,1,9,VAUXHALL MERIVA,8,E01021340,0,1
2024061434532,2024,061434532,2,9,0,-1,19,7,3,-1,0,8,0,0,0,0,1,1,-1,9,1,50,8,1686,2,11,VAUXHALL MERIVA,8,E01011716,0,4
2024991494209,2024,991494209,2,9,0,-1,19,8,5,-1,0,0,0,0,0,0,1,1,-1,6,2,38,7,1398,1,11,VAUXHALL MERIVA,-1,-1,0,-1
2024010505122,2024,010505122,1,9,0,7,7,2,4,2,2,5,0,0,0,0,4,1,6,6,2,40,7,1598,2,10,VAUXHALL MERIVA,10,E01003401,0,1
2024440367852,2024,440367852,2,9,0,18,19,6,2,0,0,1,0,0,0,0,1,1,6,6,1,-1,-1,1686,2,13,VAUXHALL MERIVA,-1,-1,0,-1
2024320310645,2024,320310645,3,9,0,-1,-1,8,4,0,0,0,0,0,1,9,1,1,6,6,2,32,6,1398,1,10,VAUXHALL MERIVA,7,E01015808,0,5
2024371412808,2024,371412808,1,9,0,-1,19,8,4,-1,0,0,0,0,0,0,1,1,-1,6,1,19,4,1398,1,13,VAUXHALL MERIVA,3,E01004365,0,4
2024141501843,2024,141501843,1,9,0,-1,19,6,2,-1,0,8,0,0,7,0,1,1,-1,9,1,27,6,1686,2,13,VAUXHALL MERIVA,5,E01007644,0,1
2024010538956,2024,010538956,1,9,9,99,99,9,9,99,99,0,9,99,9,99,9,9,6,6,1,35,6,1364,1,14,VAUXHALL MERIVA,2,E01002829,0,1
2024430282059,2024,430282059,2,9,0,9,9,2,1,0,0,5,1,0,0,0,1,1,6,6,1,55,8,1398,1,11,VAUXHALL MERIVA,-1,-1,0,-1
2024631460819,2024,631460819,1,9,0,-1,19,2,5,-1,0,0,0,0,0,0,1,1,-1,9,2,72,10,1364,1,16,VAUXHALL MERIVA,6,W01000643,0,1
2024501491010,2024,501491010,1,9,0,-1,19,1,5,-1,0,4,0,0,0,0,1,1,-1,9,1,62,9,1398,1,8,VAUXHALL MERIVA,8,E01015111,0,1
2024421480073,2024,421480073,3,9,0,-1,2,0,0,-1,9,0,0,0,0,0,4,1,-1,6,-1,-1,-1,1686,2,13,VAUXHALL MERIVA,-1,-1,0,-1
2024141415173,2024,141415173,1,9,0,-1,19,6,3,-1,0,1,0,0,0,0,4,1,-1,2,2,38,7,1686,2,14,VAUXHALL MERIVA,7,E01007582,0,1
2024421415262,2024,421415262,2,9,0,-1,19,4,8,-1,0,1,0,0,0,0,3,1,-1,9,2,36,7,1686,2,14,VAUXHALL MERIVA,6,E01021980,0,1
2024340NN3402,2024,340NN3402,2,9,0,-1,7,6,8,-1,0,8,0,0,0,0,4,1,-1,2,2,35,6,1398,1,13,VAUXHALL MERIVA,1,E01026968,0,2
2024161507085,2024,161507085,1,9,9,-1,99,-1,-1,-1,99,0,9,99,9,0,9,9,-1,6,2,57,9,1364,1,17,VAUXHALL MERIVA,1,E01013140,0,1
2024031426337,2024,031426337,1,9,0,-1,6,7,3,-1,0,0,0,0,0,0,3,1,-1,2,1,62,9,1686,2,13,VAUXHALL MERIVA,1,E01019143,0,4
2024401525352,2024,401525352,1,9,-1,-1,-1,-1,-1,-1,-1,0,-1,-1,-1,0,-1,9,-1,6,2,-1,-1,1364,1,18,VAUXHALL MERIVA,-1,-1,0,-1
202417L311724,2024,17L311724,1,9,0,-1,19,1,5,-1,0,0,0,0,0,0,1,1,-1,9,2,35,6,1364,1,14,VAUXHALL MERIVA,4,E01012144,0,1
2024461422495,2024,461422495,5,9,0,-1,19,4,8,-1,0,0,0,0,0,0,2,1,-1,9,2,21,5,1398,1,13,VAUXHALL MERIVA,7,E01032737,0,2
2024010540968,2024,010540968,2,9,0,99,99,9,9,99,99,9,9,99,9,99,1,9,6,6,3,-1,-1,1364,1,13,VAUXHALL MERIVA,-1,-1,0,-1
2024552401340,2024,552401340,1,9,0,18,19,6,2,0,0,0,5,0,1,10,1,1,1,1,1,17,4,1364,1,17,VAUXHALL MERIVA,7,E01020430,0,1
2024052400718,2024,052400718,1,9,0,18,19,8,4,0,0,6,0,0,0,0,1,1,2,2,1,62,9,1398,1,12,VAUXHALL MERIVA,1,E01034837,0,1
2024320298572,2024,320298572,2,9,0,2,2,0,0,0,0,0,0,0,0,0,2,1,-1,-1,2,24,5,1364,1,14,VAUXHALL MERIVA,4,E01026019,0,2
2024141436085,2024,141436085,2,9,0,-1,19,4,7,-1,0,8,0,0,0,0,1,1,-1,9,2,62,9,1598,1,17,VAUXHALL MERIVA,1,E01008057,0,1
2024010508352,2024,010508352,1,9,0,99,99,9,9,99,99,9,9,99,9,99,2,9,6,6,2,44,7,1364,1,14,VAUXHALL MERIVA,2,E01000905,0,1
2024440025877,2024,440025877,1,9,0,18,19,4,8,0,0,1,0,0,0,0,1,1,6,6,2,33,6,1398,1,8,VAUXHALL MERIVA,3,E01034064,0,1
2024161490714,2024,161490714,2,9,0,-1,7,1,4,-1,0,6,0,0,0,0,3,1,-1,6,2,-1,-1,1398,1,9,VAUXHALL MERIVA,1,E01012846,0,2
2024010524877,2024,010524877,3,9,0,2,2,0,0,0,0,0,0,4,0,0,4,1,6,6,3,-1,-1,1364,1,14,VAUXHALL MERIVA,-1,-1,0,-1
2024501442962,2024,501442962,1,9,0,-1,19,1,5,-1,0,1,0,0,0,0,3,1,-1,6,2,26,6,1686,2,12,VAUXHALL MERIVA,6,E01034626,0,1
2024501474902,2024,501474902,1,9,0,-1,19,4,6,-1,0,0,0,0,0,0,1,1,-1,2,1,51,8,1364,1,19,VAUXHALL MERIVA,1,E01015083,0,1
2024520402536,2024,520402536,1,9,0,9,9,5,3,0,0,1,0,0,0,0,3,1,6,6,3,-1,-1,1598,1,19,VAUXHALL MERIVA,-1,-1,0,-1
2024522402332,2024,522402332,2,9,0,18,19,1,5,0,0,8,0,0,0,0,1,1,6,6,1,85,11,1598,1,18,VAUXHALL MERIVA,4,E01014576,0,1
2024440379050,2024,440379050,2,9,0,18,19,4,8,0,0,8,0,0,0,0,4,1,6,6,2,36,7,1686,2,13,VAUXHALL MERIVA,1,E01017040,0,1
2024991450604,2024,991450604,2,9,0,-1,19,8,6,-1,0,0,0,0,1,0,1,1,-1,9,2,69,10,1364,1,11,VAUXHALL MERIVA,-1,-1,0,-1
2024010511935,2024,010511935,1,9,9,18,19,3,7,99,99,9,9,0,0,0,0,9,6,6,1,56,9,1364,1,18,VAUXHALL MERIVA,6,E01003843,0,1
2024371517845,2024,371517845,1,9,0,-1,19,2,8,-1,0,8,0,0,0,0,1,1,-1,2,1,46,8,1364,1,14,VAUXHALL MERIVA,6,E01030027,0,1
2024401443493,2024,401443493,1,9,0,-1,10,4,5,-1,0,1,0,0,0,0,3,1,-1,6,1,49,8,1686,2,11,VAUXHALL MERIVA,10,E01017563,0,1
2024520500030,2024,520500030,1,9,0,10,10,5,3,0,0,8,0,0,0,0,2,1,6,6,1,55,8,1398,1,8,VAUXHALL MERIVA,1,E01029292,0,2
2024101488981,2024,101488981,2,9,0,-1,4,6,3,-1,0,0,0,0,0,0,2,1,-1,9,1,65,9,1398,1,8,VAUXHALL MERIVA,4,E01027445,0,1
2024010533050,2024,010533050,1,9,0,9,9,1,7,0,0,5,0,0,0,0,1,1,6,6,1,73,10,1398,1,10,VAUXHALL MERIVA,4,E01003388,0,1
202460Q122816,2024,60Q122816,1,9,0,9,9,7,3,0,0,1,0,0,0,0,1,1,6,6,1,73,10,1364,1,13,VAUXHALL MERIVA,-1,-1,0,-1
2024311507759,2024,311507759,1,9,0,-1,9,5,2,-1,0,5,0,0,0,0,1,1,-1,6,1,56,9,1598,1,17,VAUXHALL MERIVA,3,E01013930,0,1
2024501464270,2024,501464270,3,9,0,-1,5,7,3,-1,0,8,0,0,0,0,1,1,-1,6,1,29,6,1398,1,13,VAUXHALL MERIVA,5,E01019436,0,5
2024411441201,2024,411441201,1,9,0,-1,13,5,1,-1,0,0,0,0,0,0,4,1,-1,2,2,40,7,1686,2,13,VAUXHALL MERIVA,7,E01033962,0,4
2024501499211,2024,501499211,2,9,0,-1,13,1,5,-1,0,8,0,99,0,0,4,1,-1,6,2,52,8,1686,2,13,VAUXHALL MERIVA,2,E01020039,0,1
2024201450244,2024,201450244,1,9,0,-1,1,2,6,-1,9,1,0,0,0,0,2,1,-1,6,1,33,6,1398,1,10,VAUXHALL MERIVA,2,E01010087,0,1
2024201495494,2024,201495494,1,9,0,-1,2,0,0,-1,0,0,0,0,0,0,2,1,-1,6,1,33,6,1796,1,19,VAUXHALL MERIVA,-1,-1,0,-1
2024302400573,2024,302400573,2,9,0,4,4,1,5,0,0,0,0,0,0,0,2,1,6,6,1,57,9,1686,2,13,VAUXHALL MERIVA,1,E01019650,0,3
2024201523820,2024,201523820,1,9,0,-1,19,7,3,-1,0,6,0,0,0,0,1,1,-1,6,-1,-1,-1,1398,1,14,VAUXHALL MERIVA,-1,-1,0,-1
2024302400731,2024,302400731,2,9,0,5,5,5,6,0,0,8,0,0,1,0,3,1,6,6,2,33,6,1398,1,14,VAUXHALL MERIVA,2,E01019453,0,1
2024221503540,2024,221503540,3,9,0,-1,2,0,0,-1,0,0,0,0,0,0,3,1,-1,6,1,82,11,1364,1,9,VAUXHALL MERIVA,6,E01028973,0,1