collision_index,collision_year,collision_ref_no,vehicle_reference,vehicle_type,towing_and_articulation,vehicle_manoeuvre_historic,vehicle_manoeuvre,vehicle_direction_from,vehicle_direction_to,vehicle_location_restricted_lane_historic,vehicle_location_restricted_lane,junction_location,skidding_and_overturning,hit_object_in_carriageway,vehicle_leaving_carriageway,hit_object_off_carriageway,first_point_of_impact,vehicle_left_hand_drive,journey_purpose_of_driver_historic,journey_purpose_of_driver,sex_of_driver,age_of_driver,age_band_of_driver,engine_capacity_cc,propulsion_code,age_of_vehicle,generic_make_model,driver_imd_decile,lsoa_of_driver,escooter_flag,driver_distance_banding
2024471468514,2024,471468514,1,9,0,-1,5,3,6,-1,0,4,0,0,0,0,2,9,-1,9,2,19,4,999,1,12,VOLKSWAGEN UP,6,E01031408,0,3
2024991533779,2024,991533779,2,9,0,-1,19,6,2,-1,0,0,0,0,0,0,1,1,-1,9,1,57,9,999,1,3,VOLKSWAGEN UP,4,-1,0,1
2024622400527,2024,622400527,2,9,0,18,19,6,2,0,0,8,0,0,0,0,4,1,6,6,1,21,5,999,1,7,VOLKSWAGEN UP,9,W01001342,0,2
2024201518933,2024,201518933,2,9,0,-1,19,3,7,-1,0,0,0,0,0,0,3,1,-1,6,1,18,4,999,1,10,VOLKSWAGEN UP,3,E01009857,0,1
2024010542385,2024,010542385,1,9,0,18,19,1,5,0,0,0,0,0,0,0,1,1,6,6,2,25,5,999,1,11,VOLKSWAGEN UP,-1,-1,0,-1
2024451534150,2024,451534150,2,9,0,-1,4,1,5,-1,0,0,0,0,0,0,1,1,-1,6,3,74,10,999,1,9,VOLKSWAGEN UP,9,E01030940,0,1
2024631535349,2024,631535349,1,9,0,-1,19,8,4,-1,-1,1,0,0,0,0,4,1,-1,6,2,20,4,999,1,12,VOLKSWAGEN UP,6,W01000803,0,2
2024631447970,2024,631447970,4,9,0,-1,2,0,0,-1,0,0,0,4,0,0,2,1,-1,6,-1,-1,-1,999,1,10,VOLKSWAGEN UP,-1,-1,0,-1
2024461521972,2024,461521972,2,9,0,-1,19,7,1,-1,0,0,0,0,0,0,4,9,-1,9,2,25,5,999,1,7,VOLKSWAGEN UP,8,E01031778,0,4
2024131453599,2024,131453599,1,9,0,-1,19,5,7,-1,0,3,0,0,1,0,4,1,-1,6,2,23,5,999,1,10,VOLKSWAGEN UP,3,E01010825,0,1
2024440025239,2024,440025239,2,9,0,18,19,3,7,0,0,0,0,0,0,0,1,1,1,1,1,48,8,999,1,6,VOLKSWAGEN UP,8,E01022633,0,1
2024991501308,2024,991501308,1,9,0,-1,19,1,5,-1,0,0,1,0,7,10,1,1,-1,9,2,18,4,999,1,10,VOLKSWAGEN UP,-1,-1,0,-1
2024471441439,2024,471441439,2,9,0,-1,19,4,8,-1,0,1,0,0,0,0,2,1,-1,9,1,41,7,999,1,7,VOLKSWAGEN UP,2,E01021178,0,2
2024052402666,2024,052402666,2,9,0,18,19,3,7,0,0,8,0,0,0,0,1,1,6,6,1,18,4,999,1,6,VOLKSWAGEN UP,8,E01006263,0,1
2024545339724,2024,545339724,2,9,0,10,10,5,3,0,0,1,0,0,0,0,2,1,6,6,2,24,5,999,1,11,VOLKSWAGEN UP,6,E01034539,0,3
202454F370024,2024,54F370024,1,9,0,18,19,3,7,0,0,0,0,0,0,0,1,1,6,6,2,17,4,999,1,5,VOLKSWAGEN UP,4,E01032013,0,1
2024991525766,2024,991525766,1,9,0,-1,2,0,0,-1,0,0,0,0,0,0,3,1,-1,9,2,78,11,999,1,10,VOLKSWAGEN UP,8,-1,0,1
2024440319033,2024,440319033,1,9,0,17,19,3,8,0,0,0,5,10,0,0,4,1,6,6,2,19,4,999,1,7,VOLKSWAGEN UP,-1,-1,0,-1
2024101422663,2024,101422663,2,9,0,-1,1,6,2,-1,0,0,0,0,0,0,2,1,-1,9,1,47,8,999,1,6,VOLKSWAGEN UP,5,E01035630,0,3
2024471489202,2024,471489202,1,9,0,-1,19,4,8,-1,0,2,0,0,0,0,1,1,-1,9,2,92,11,999,1,12,VOLKSWAGEN UP,7,E01021025,0,1
2024520402231,2024,520402231,1,9,0,18,19,7,3,0,0,0,0,0,0,0,1,1,6,6,2,25,5,999,1,6,VOLKSWAGEN UP,4,E01029336,0,1
2024471413504,2024,471413504,1,9,0,-1,19,5,1,-1,0,0,0,0,0,0,1,1,-1,6,2,27,6,999,1,10,VOLKSWAGEN UP,4,E01021224,0,3
2024141523298,2024,141523298,2,9,0,-1,19,5,1,-1,0,8,0,0,0,0,1,1,-1,9,2,24,5,999,1,6,VOLKSWAGEN UP,4,E01033273,0,1
2024131448653,2024,131448653,1,9,0,-1,-1,-1,-1,-1,-1,0,-1,-1,-1,-1,-1,1,-1,6,3,-1,-1,999,1,11,VOLKSWAGEN UP,-1,-1,0,-1
2024631395520,2024,631395520,1,9,0,-1,12,6,2,-1,0,0,0,0,7,7,3,1,-1,9,1,84,11,999,1,11,VOLKSWAGEN UP,9,W01000476,0,3
2024451409552,2024,451409552,2,9,0,-1,19,3,7,-1,0,8,0,99,0,0,3,1,-1,6,1,48,8,999,1,7,VOLKSWAGEN UP,9,E01030501,0,1
2024061461780,2024,061461780,2,9,0,-1,9,1,7,-1,0,1,0,0,3,10,3,1,-1,9,1,21,5,999,1,11,VOLKSWAGEN UP,-1,-1,0,-1
2024010515388,2024,010515388,2,9,0,99,99,9,9,99,99,9,9,99,9,99,9,9,6,6,3,-1,-1,999,1,8,VOLKSWAGEN UP,-1,-1,0,-1
2024501527986,2024,501527986,1,9,0,-1,19,4,2,-1,0,0,5,0,8,10,1,2,-1,2,2,60,9,999,1,11,VOLKSWAGEN UP,5,E01020331,0,1
2024501405501,2024,501405501,1,9,0,-1,19,1,4,-1,0,1,1,0,0,0,4,1,-1,6,2,23,5,999,1,10,VOLKSWAGEN UP,4,E01020271,0,3
2024070291353,2024,070291353,1,9,0,1,1,5,1,0,0,0,0,0,0,0,2,1,6,6,2,45,7,999,1,7,VOLKSWAGEN UP,5,E01018532,0,1
2024201517569,2024,201517569,1,9,0,-1,2,8,6,-1,9,0,0,0,0,0,2,1,-1,6,1,49,8,999,1,9,VOLKSWAGEN UP,1,E01009083,0,1
2024471536083,2024,471536083,1,9,0,-1,5,6,2,-1,0,0,0,0,0,0,1,2,-1,6,1,22,5,999,1,11,VOLKSWAGEN UP,3,E01020974,0,1
2024340WN0512,2024,340WN0512,2,9,0,-1,9,4,2,-1,0,6,0,0,0,0,1,1,-1,6,2,63,9,999,1,9,VOLKSWAGEN UP,2,E01027151,0,1
2024501467889,2024,501467889,1,9,0,-1,8,5,7,-1,0,1,9,0,0,0,2,1,-1,9,1,26,6,999,1,7,VOLKSWAGEN UP,6,E01020312,0,3
2024430353992,2024,430353992,2,9,0,2,2,0,0,0,0,0,0,0,0,0,2,1,3,7,2,36,7,999,1,6,VOLKSWAGEN UP,8,E01017770,0,1
2024010492543,2024,010492543,1,9,0,99,99,9,9,99,99,9,9,99,9,99,9,9,6,6,2,43,7,999,1,11,VOLKSWAGEN UP,5,E01004127,0,1
2024010522349,2024,010522349,1,9,0,18,19,1,5,0,0,6,0,4,1,0,1,1,6,6,1,24,5,999,1,11,VOLKSWAGEN UP,5,E01030748,0,4
2024371477613,2024,371477613,1,9,0,-1,19,1,3,-1,0,1,0,0,0,0,1,1,-1,6,1,19,4,999,1,12,VOLKSWAGEN UP,4,E01030295,0,3
2024991520280,2024,991520280,1,9,0,-1,19,4,8,-1,0,0,0,0,0,0,1,1,-1,9,2,20,4,999,1,10,VOLKSWAGEN UP,-1,-1,0,-1
2024101399997,2024,101399997,1,9,0,-1,4,5,1,-1,0,4,0,0,0,0,1,9,-1,2,2,-1,-1,999,1,10,VOLKSWAGEN UP,1,E01008608,0,1
2024501533746,2024,501533746,3,9,0,-1,2,0,0,-1,0,0,0,0,0,0,3,1,-1,6,2,63,9,999,1,6,VOLKSWAGEN UP,7,E01015112,0,4
2024501501299,2024,501501299,2,9,0,-1,19,5,1,-1,0,0,0,0,1,0,1,1,-1,6,1,50,8,999,1,12,VOLKSWAGEN UP,5,E01018960,0,2
2024311422018,2024,311422018,1,9,0,-1,19,4,8,-1,0,8,0,0,0,0,3,1,-1,6,1,32,6,990,1,12,VOLKSWAGEN UP,-1,-1,0,-1
2024991524569,2024,991524569,1,9,0,-1,19,7,3,-1,0,0,0,0,0,0,1,1,-1,9,1,29,6,999,1,12,VOLKSWAGEN UP,6,-1,0,3
2024340WN4012,2024,340WN4012,1,9,0,-1,9,1,7,-1,0,6,0,0,0,0,1,1,-1,6,1,22,5,999,1,11,VOLKSWAGEN UP,7,E01027277,0,3
2024131450872,2024,131450872,1,9,0,-1,19,1,5,-1,0,0,0,0,0,0,4,1,-1,6,2,24,5,999,1,10,VOLKSWAGEN UP,9,E01027687,0,4
2024531462858,2024,531462858,1,9,0,-1,9,7,5,-1,0,8,1,0,0,0,3,1,-1,9,1,78,11,999,1,8,VOLKSWAGEN UP,9,E01022353,0,1
2024351471989,2024,351471989,2,9,0,-1,7,1,3,-1,0,3,1,10,2,0,1,1,-1,2,2,46,8,999,1,3,VOLKSWAGEN UP,7,E01027031,0,4
2024131405169,2024,131405169,1,11,0,-1,2,0,0,-1,2,8,0,0,0,0,4,1,-1,6,3,-1,-1,5132,2,4,WRIGHTBUS MODEL MISSING,-1,-1,0,-1
2024131503384,2024,131503384,2,11,0,-1,4,1,5,-1,0,1,0,0,0,0,0,1,-1,1,1,57,9,5132,2,4,WRIGHTBUS MODEL MISSING,1,E01011371,0,1
2024010546145,2024,010546145,1,11,0,18,19,1,5,0,0,2,0,0,0,0,0,1,1,1,1,53,8,-1,3,3,WRIGHTBUS MODEL MISSING,6,E01001289,0,2
2024061513942,2024,061513942,2,11,0,-1,19,8,4,-1,0,0,0,0,0,0,3,1,-1,1,1,35,6,5132,2,4,WRIGHTBUS MODEL MISSING,3,E01004992,0,2
2024052402213,2024,052402213,1,11,0,18,19,6,3,0,0,1,0,0,0,0,1,1,1,1,2,45,7,5132,2,3,WRIGHTBUS MODEL MISSING,1,E01006693,0,1
2024430014422,2024,430014422,1,11,0,18,19,4,7,0,0,8,0,0,0,0,1,1,1,1,1,29,6,5132,2,4,WRIGHTBUS MODEL MISSING,5,E01028556,0,1
2024101491577,2024,101491577,1,11,-1,-1,-1,4,8,-1,0,0,0,0,0,0,0,9,-1,1,1,42,7,5132,2,4,WRIGHTBUS MODEL MISSING,4,E01020900,0,4
2024061461654,2024,061461654,1,11,0,-1,13,-1,-1,-1,0,0,0,0,0,0,3,1,-1,1,1,29,6,5132,2,4,WRIGHTBUS MODEL MISSING,5,E01006355,0,4
2024101459894,2024,101459894,1,11,0,-1,4,8,4,-1,0,8,0,0,0,0,4,1,-1,1,1,59,9,5132,2,4,WRIGHTBUS MODEL MISSING,8,E01008843,0,3
2024201476886,2024,201476886,1,11,0,-1,19,7,3,-1,0,0,0,4,0,0,1,1,-1,1,1,22,5,5132,2,3,WRIGHTBUS MODEL MISSING,1,E01010455,0,3
2024131421178,2024,131421178,1,11,0,-1,2,0,0,-1,0,8,0,0,0,0,0,1,-1,1,2,60,9,5132,2,4,WRIGHTBUS MODEL MISSING,1,E01011475,0,1
2024010524347,2024,010524347,1,11,0,9,9,8,5,0,0,3,0,0,0,0,0,1,1,1,1,32,6,-1,3,3,WRIGHTBUS MODEL MISSING,6,E01001345,0,2
2024101445636,2024,101445636,1,11,0,-1,19,4,8,-1,0,0,0,0,0,0,3,1,-1,1,1,41,7,5132,2,4,WRIGHTBUS MODEL MISSING,8,E01034515,0,1
2024101508777,2024,101508777,1,11,0,-1,5,8,4,-1,0,4,0,0,0,0,0,1,-1,1,1,62,9,5132,2,4,WRIGHTBUS MODEL MISSING,1,E01011978,0,4
2024061407066,2024,061407066,2,11,0,-1,19,7,3,-1,2,8,0,0,0,0,3,1,-1,1,1,47,8,5132,2,3,WRIGHTBUS MODEL MISSING,3,E01006260,0,3
2024052400752,2024,052400752,2,11,0,18,19,1,5,0,0,2,0,0,0,0,1,1,1,1,1,52,8,5132,2,3,WRIGHTBUS MODEL MISSING,1,E01006546,0,2
2024552400828,2024,552400828,1,4,0,4,4,3,7,0,0,0,1,0,0,0,4,1,6,6,1,55,8,530,1,8,MAKE AND MODEL REDACTED,9,E01018123,0,5
2024010531682,2024,010531682,1,4,0,99,99,9,9,99,99,9,9,99,9,99,9,1,1,1,1,30,6,499,1,17,MAKE AND MODEL REDACTED,4,E01001886,0,2
2024010509535,2024,010509535,2,5,0,18,19,1,5,0,0,0,0,0,0,0,1,1,6,6,1,24,5,530,1,6,MAKE AND MODEL REDACTED,-1,-1,0,-1
2024010504511,2024,010504511,2,3,0,18,19,7,3,0,0,1,0,0,0,0,1,1,6,6,1,34,6,530,1,9,MAKE AND MODEL REDACTED,-1,-1,0,-1
2024430102681,2024,430102681,1,5,0,13,13,6,2,0,0,0,0,7,0,0,1,1,6,6,1,27,6,-1,-1,-1,MAKE AND MODEL REDACTED,4,E01017850,0,1
2024440165405,2024,440165405,2,4,0,5,5,1,5,0,0,1,0,0,0,0,1,1,6,6,1,55,8,499,1,15,MAKE AND MODEL REDACTED,9,E01030782,0,1
2024010536988,2024,010536988,4,4,0,18,19,1,5,0,0,0,0,0,0,0,1,1,2,2,1,22,5,499,1,13,MAKE AND MODEL REDACTED,9,E01003890,0,1
2024010499037,2024,010499037,1,4,0,18,19,9,9,99,99,9,9,99,9,99,1,1,2,2,1,22,5,499,1,13,MAKE AND MODEL REDACTED,2,E01003253,0,3
2024201442886,2024,201442886,1,4,0,-1,19,4,8,-1,0,8,0,0,0,0,1,1,-1,6,1,31,6,530,1,9,MAKE AND MODEL REDACTED,1,E01009301,0,1
2024010499952,2024,010499952,2,11,0,3,3,7,3,0,0,1,0,0,0,0,2,1,1,1,1,41,7,12742,2,6,CAETANO LEVANTE,6,E01031396,0,4
2024421448474,2024,421448474,1,11,0,-1,19,6,2,-1,0,2,0,0,0,0,4,1,-1,1,1,72,10,9291,2,9,CAETANO LEVANTE,4,E01003220,0,4
2024010549709,2024,010549709,1,11,0,18,19,7,3,0,0,1,0,0,0,0,1,1,6,6,2,33,6,12742,2,2,CAETANO LEVANTE,2,E01034476,0,2
2024520402920,2024,520402920,3,11,0,18,19,6,2,0,0,0,0,0,0,0,3,1,6,6,1,65,9,12742,2,0,CAETANO LEVANTE,-1,-1,0,-1
2024010508135,2024,010508135,2,11,0,99,99,9,9,99,99,9,9,99,9,99,9,9,6,6,3,-1,-1,12742,2,2,CAETANO LEVANTE,-1,-1,0,-1
2024440093171,2024,440093171,1,11,0,18,19,6,2,0,0,0,0,0,0,0,1,1,1,1,1,-1,-1,12742,2,1,CAETANO LEVANTE,-1,-1,0,-1
2024010518136,2024,010518136,1,11,0,2,2,0,0,2,2,1,0,0,0,0,0,1,6,6,3,-1,-1,12742,2,5,CAETANO LEVANTE,-1,-1,0,-1
2024010508709,2024,010508709,1,11,0,18,19,1,5,0,0,1,0,0,0,0,1,1,1,1,1,29,6,12742,2,5,CAETANO LEVANTE,2,E01003303,0,3
2024401499346,2024,401499346,2,11,0,-1,3,7,3,-1,0,4,0,0,0,0,4,1,-1,1,1,42,7,12742,2,1,CAETANO LEVANTE,6,E01027962,0,5
2024531473041,2024,531473041,1,11,0,-1,9,2,8,-1,0,8,0,0,0,0,2,1,-1,1,1,54,8,12742,2,0,CAETANO LEVANTE,7,E01034801,0,4
2024411541663,2024,411541663,1,11,0,-1,19,1,5,-1,0,0,0,0,0,0,1,1,-1,1,1,23,5,12742,2,5,CAETANO LEVANTE,5,E01033490,0,4
2024421473660,2024,421473660,2,11,0,-1,19,6,2,-1,0,0,0,0,0,0,3,9,-1,1,1,39,7,12742,2,1,CAETANO LEVANTE,7,E01022641,0,5
2024361511697,2024,361511697,2,11,-1,-1,-1,7,4,-1,-1,-1,-1,-1,-1,0,-1,9,-1,1,1,66,10,9291,2,5,CAETANO LEVANTE,4,E01026794,0,2
2024041458922,2024,041458922,1,11,0,-1,19,5,1,-1,0,0,0,0,0,0,3,1,-1,6,1,33,6,11967,2,10,CAETANO LEVANTE,3,E01004854,0,4
2024010521312,2024,010521312,1,11,0,18,19,1,5,2,2,0,0,0,0,0,4,1,1,1,1,66,10,12742,2,5,CAETANO LEVANTE,7,E01022248,0,5
2024340WN6082,2024,340WN6082,2,9,0,-1,19,5,1,-1,0,2,0,0,0,0,3,1,-1,6,2,73,10,1905,2,28,MAKE AND MODEL REDACTED,6,E01028479,0,3
2024401544675,2024,401544675,1,9,0,-1,19,3,7,-1,0,0,2,0,0,0,3,1,-1,6,2,34,6,989,1,21,MAKE AND MODEL REDACTED,5,E01023611,0,2
2024501496790,2024,501496790,1,9,0,-1,19,3,7,-1,0,0,0,0,0,0,1,1,-1,9,1,19,4,989,1,21,MAKE AND MODEL REDACTED,7,E01019068,0,1
2024552401216,2024,552401216,1,9,0,18,19,4,8,0,0,8,0,0,0,0,1,1,2,2,2,30,6,989,1,19,MAKE AND MODEL REDACTED,7,E01004193,0,5
2024430511050,2024,430511050,2,9,0,18,19,7,3,0,0,8,0,0,0,0,1,1,1,1,1,30,6,989,1,20,MAKE AND MODEL REDACTED,4,E01017837,0,2
2024411553344,2024,411553344,4,9,0,-1,19,3,7,-1,0,0,0,0,0,0,1,1,-1,6,1,49,8,1499,1,1,MAKE AND MODEL REDACTED,-1,-1,0,-1
2024010506105,2024,010506105,2,5,0,18,19,1,5,0,0,1,0,0,0,0,2,1,6,6,1,27,6,1690,1,10,MAKE AND MODEL REDACTED,7,E01004516,0,1
2024520403314,2024,520403314,1,5,0,18,19,4,8,0,0,8,0,0,0,0,2,1,6,6,1,62,9,1690,1,6,MAKE AND MODEL REDACTED,7,E01029192,0,2
2024311510693,2024,311510693,2,5,0,-1,7,3,1,-1,0,8,0,0,0,0,2,1,-1,6,2,48,8,1690,1,7,MAKE AND MODEL REDACTED,1,E01028068,0,1
2024061502898,2024,061502898,1,4,0,-1,11,1,1,-1,0,0,0,0,0,0,1,1,-1,9,1,59,9,1237,1,13,HONDA VFR 1200,-1,-1,0,-1
2024461461445,2024,461461445,1,5,0,-1,15,3,7,-1,0,0,1,10,7,10,1,1,-1,9,1,56,9,1237,1,11,HONDA VFR 1200,4,E01024586,0,4
2024351516452,2024,351516452,1,5,0,-1,19,5,1,-1,0,3,2,0,0,0,1,1,-1,9,1,31,6,1237,1,14,HONDA VFR 1200,5,E01018207,0,3
2024010531689,2024,010531689,1,5,0,4,4,7,3,0,0,0,1,0,0,0,1,1,6,6,1,45,7,1237,1,14,HONDA VFR 1200,6,E01022630,0,4
2024471550528,2024,471550528,1,5,0,-1,19,3,7,-1,0,0,2,0,0,0,1,1,-1,9,1,42,7,1237,1,11,HONDA VFR 1200,2,E01005337,0,5
2024010522518,2024,010522518,2,5,0,99,99,9,9,99,99,0,9,99,9,99,9,1,6,6,1,55,8,1237,1,11,HONDA VFR 1200,3,E01003334,0,1
2024411394714,2024,411394714,2,5,0,-1,19,1,5,-1,0,0,0,0,0,0,1,1,-1,2,1,47,8,1237,1,10,HONDA VFR 1200,6,E01000513,0,3
2024302400663,2024,302400663,2,5,0,17,19,3,1,0,0,8,0,0,0,0,1,1,6,6,1,63,9,1237,1,14,HONDA VFR 1200,-1,-1,0,-1
2024451508223,2024,451508223,1,5,0,-1,19,7,3,-1,0,0,0,0,0,0,4,1,-1,6,1,39,7,1237,1,3,HONDA VFR 1200,9,E01030446,0,3
202460Q111159,2024,60Q111159,1,5,0,16,19,7,3,0,0,0,1,0,1,0,1,1,6,6,1,53,8,1237,1,14,HONDA VFR 1200,-1,-1,0,-1
2024052401945,2024,052401945,1,5,0,18,19,5,1,0,0,0,0,0,0,0,3,1,6,6,1,37,7,1237,1,13,HONDA VFR 1200,-1,-1,0,-1
2024010533340,2024,010533340,1,5,0,18,19,7,3,0,0,2,0,0,0,0,3,1,6,6,1,49,8,1237,1,14,HONDA VFR 1200,5,E01021922,0,4
2024471529922,2024,471529922,2,9,0,-1,19,1,5,-1,0,1,1,0,1,0,1,1,-1,2,1,35,6,2402,2,17,LAND ROVER DEFENDER,7,E01021025,0,2
2024522401305,2024,522401305,2,9,0,2,2,0,0,0,0,0,0,0,0,0,3,1,6,6,3,-1,-1,2495,2,21,LAND ROVER DEFENDER,-1,-1,0,-1
2024332400764,2024,332400764,1,9,0,-1,19,3,8,-1,0,0,1,0,0,0,1,1,-1,9,1,57,9,2495,2,21,LAND ROVER DEFENDER,9,E01025955,0,4
2024461403594,2024,461403594,1,9,0,-1,19,7,3,-1,0,0,1,0,0,0,3,9,-1,6,1,50,8,3528,1,30,LAND ROVER DEFENDER,5,E01031731,0,1
2024430239063,2024,430239063,1,9,0,7,7,8,2,0,0,6,0,0,0,0,4,1,6,6,1,40,7,2997,2,1,LAND ROVER DEFENDER,-1,-1,0,-1
2024070206335,2024,070206335,2,9,4,18,19,7,3,0,0,0,0,0,1,4,1,1,2,2,1,45,7,2495,2,27,LAND ROVER DEFENDER,-1,-1,0,-1
2024501408779,2024,501408779,1,9,0,-1,9,1,6,-1,0,8,0,0,0,0,3,9,-1,6,1,81,11,2495,2,31,LAND ROVER DEFENDER,6,E01020160,0,1
2024061490797,2024,061490797,2,9,0,-1,4,-1,-1,-1,99,0,0,0,0,0,1,1,-1,6,1,-1,-1,2402,2,16,LAND ROVER DEFENDER,-1,-1,0,-1
2024010537150,2024,010537150,2,9,0,9,9,2,1,0,0,1,0,0,0,0,4,1,6,6,1,62,9,2997,2,3,LAND ROVER DEFENDER,9,E01024483,0,1
2024421521838,2024,421521838,3,9,0,-1,12,1,5,-1,0,0,0,0,0,0,1,1,-1,6,2,27,6,2997,2,3,LAND ROVER DEFENDER,9,E01021478,0,4
2024122400678,2024,122400678,1,9,0,18,19,7,5,0,0,1,2,0,1,10,3,1,2,2,1,55,8,2495,2,31,LAND ROVER DEFENDER,4,E01027840,0,2
2024351486427,2024,351486427,1,9,0,-1,5,5,7,-1,0,1,0,0,0,0,4,1,-1,9,1,68,10,2997,2,0,LAND ROVER DEFENDER,5,E01018062,0,1
2024211414346,2024,211414346,2,9,0,-1,19,4,8,-1,0,0,0,0,0,0,1,9,-1,6,2,33,6,2997,2,1,LAND ROVER DEFENDER,8,E01029544,0,1
2024471534608,2024,471534608,1,9,0,-1,9,8,5,-1,0,2,1,0,0,0,3,1,-1,9,1,52,8,2495,2,29,LAND ROVER DEFENDER,6,E01021187,0,1
2024010533467,2024,010533467,2,9,0,18,19,9,9,99,99,9,9,99,9,99,1,9,6,6,3,-1,-1,2997,2,1,LAND ROVER DEFENDER,-1,-1,0,-1
2024122400858,2024,122400858,2,9,0,18,19,5,1,0,0,1,0,0,1,0,1,1,6,6,1,64,9,2997,2,0,LAND ROVER DEFENDER,10,E01011701,0,4
202417M203224,2024,17M203224,1,9,0,9,9,6,4,0,0,6,0,0,0,0,1,1,6,6,1,39,7,2996,1,3,LAND ROVER DEFENDER,7,E01035195,0,1
2024451420135,2024,451420135,2,9,0,-1,9,3,1,-1,0,6,0,0,0,0,3,1,-1,9,1,37,7,2997,2,1,LAND ROVER DEFENDER,7,E01000748,0,3
2024471436210,2024,471436210,1,9,0,-1,19,5,1,-1,0,0,0,0,7,0,1,2,-1,9,1,18,4,2495,2,24,LAND ROVER DEFENDER,7,E01031521,0,3
2024311477503,2024,311477503,1,9,0,-1,19,5,1,-1,0,1,0,0,0,0,1,1,-1,9,1,39,7,1999,2,4,LAND ROVER DEFENDER,9,E01028421,0,1
2024010536208,2024,010536208,1,9,0,18,19,8,4,0,0,0,0,4,0,0,1,1,6,6,2,48,8,2997,2,2,LAND ROVER DEFENDER,6,E01000726,0,1
2024520401809,2024,520401809,1,9,0,18,19,8,4,0,0,8,0,0,0,0,1,1,6,6,1,46,8,2198,2,9,LAND ROVER DEFENDER,4,W01001816,0,4
2024440136835,2024,440136835,1,9,0,17,19,4,1,0,0,0,0,0,7,9,1,1,6,6,2,51,8,2495,2,20,LAND ROVER DEFENDER,10,E01022977,0,1
2024520402902,2024,520402902,2,9,0,18,19,1,5,0,0,0,0,0,0,0,1,1,6,6,1,22,5,2495,2,21,LAND ROVER DEFENDER,7,E01029164,0,1
2024302400279,2024,302400279,2,9,0,18,19,1,5,0,0,0,0,0,0,0,1,1,6,6,1,55,8,2495,2,34,LAND ROVER DEFENDER,6,E01029801,0,4
2024631494365,2024,631494365,1,9,0,-1,19,4,8,-1,0,0,0,0,0,0,4,1,-1,9,1,63,9,2198,2,11,LAND ROVER DEFENDER,7,W01000453,0,1
2024461508220,2024,461508220,1,9,0,-1,9,2,8,-1,0,5,0,0,7,0,3,1,-1,9,2,34,6,2402,2,17,LAND ROVER DEFENDER,6,E01024578,0,1
2024010497902,2024,010497902,2,9,9,99,99,9,9,99,99,0,9,99,9,99,9,9,6,6,3,47,8,2997,2,2,LAND ROVER DEFENDER,6,E01000726,0,1
2024451459738,2024,451459738,3,9,0,-1,2,0,0,-1,0,1,0,0,0,0,1,1,-1,6,-1,-1,-1,1999,2,4,LAND ROVER DEFENDER,-1,-1,0,-1
2024552400202,2024,552400202,2,9,0,18,19,5,1,0,0,8,0,0,0,0,3,1,1,1,1,37,7,2402,2,14,LAND ROVER DEFENDER,10,E01020377,0,3
2024131514322,2024,131514322,2,9,0,-1,19,5,5,-1,0,1,0,0,0,0,1,1,-1,6,2,31,6,2996,1,0,LAND ROVER DEFENDER,7,E01011561,0,1
2024522500433,2024,522500433,1,19,0,18,19,1,5,0,0,0,0,0,0,0,1,1,6,6,1,44,7,2997,2,0,LAND ROVER DEFENDER,8,E01014386,0,2
2024302500030,2024,302500030,1,9,0,17,19,5,2,0,0,0,2,0,1,0,1,1,6,6,1,39,7,2198,2,13,LAND ROVER DEFENDER,7,E01028884,0,4
2024221526221,2024,221526221,1,9,0,-1,19,7,3,-1,0,0,0,0,1,9,1,9,-1,9,1,89,11,2402,2,15,LAND ROVER DEFENDER,5,E01029011,0,2
2024440201483,2024,440201483,2,9,0,16,19,5,8,0,0,0,0,0,0,0,1,1,6,6,1,70,10,2495,2,27,LAND ROVER DEFENDER,8,E01022533,0,1
2024501458023,2024,501458023,1,9,0,-1,19,6,2,-1,0,4,0,0,0,0,1,1,-1,2,2,46,8,2500,2,21,LAND ROVER DEFENDER,6,E01020143,0,3
2024991475797,2024,991475797,2,9,0,-1,19,7,2,-1,0,0,0,0,0,0,1,1,-1,9,1,56,9,2997,2,1,LAND ROVER DEFENDER,4,-1,0,3
2024421427738,2024,421427738,2,9,0,-1,19,3,7,-1,0,1,0,0,0,0,1,1,-1,6,2,52,8,2997,2,3,LAND ROVER DEFENDER,4,E01021741,0,1
2024101452192,2024,101452192,1,9,0,-1,19,5,1,-1,0,0,0,0,0,0,1,1,-1,6,1,33,6,1999,2,3,LAND ROVER DEFENDER,9,E01027481,0,3
2024131444116,2024,131444116,2,9,0,-1,19,6,8,-1,0,0,0,0,0,0,1,1,-1,9,1,58,9,1999,2,4,LAND ROVER DEFENDER,5,E01011407,0,1
2024010541828,2024,010541828,1,9,0,9,9,7,6,0,0,1,0,0,0,0,3,1,2,2,2,42,7,1997,8,1,LAND ROVER DEFENDER,4,E01003054,0,1
2024010513205,2024,010513205,2,9,0,99,99,9,9,99,99,9,9,99,9,99,9,9,6,6,3,-1,-1,1997,8,0,LAND ROVER DEFENDER,4,E01020460,0,5