collision_index,collision_year,collision_ref_no,vehicle_reference,vehicle_type,towing_and_articulation,vehicle_manoeuvre_historic,vehicle_manoeuvre,vehicle_direction_from,vehicle_direction_to,vehicle_location_restricted_lane_historic,vehicle_location_restricted_lane,junction_location,skidding_and_overturning,hit_object_in_carriageway,vehicle_leaving_carriageway,hit_object_off_carriageway,first_point_of_impact,vehicle_left_hand_drive,journey_purpose_of_driver_historic,journey_purpose_of_driver,sex_of_driver,age_of_driver,age_band_of_driver,engine_capacity_cc,propulsion_code,age_of_vehicle,generic_make_model,driver_imd_decile,lsoa_of_driver,escooter_flag,driver_distance_banding
2024061460558,2024,061460558,1,9,0,-1,19,7,2,-1,0,0,0,0,0,0,1,1,-1,6,1,84,11,998,1,3,TOYOTA AYGO,5,E01019733,0,1
2024440311362,2024,440311362,1,9,0,18,19,8,4,0,0,1,0,0,0,0,4,1,1,1,1,63,9,998,1,3,TOYOTA AYGO,2,E01017238,0,1
2024991410946,2024,991410946,1,9,0,-1,19,7,3,-1,0,0,0,0,0,0,1,1,-1,6,2,24,5,998,1,8,TOYOTA AYGO,8,-1,0,5
2024351468339,2024,351468339,2,9,0,-1,19,4,8,-1,0,0,1,0,0,0,1,1,-1,6,1,90,11,998,1,9,TOYOTA AYGO,9,E01017968,0,1
2024131486876,2024,131486876,1,9,0,-1,9,8,6,-1,0,5,0,0,0,0,4,1,-1,9,2,36,7,998,1,11,TOYOTA AYGO,6,E01011646,0,1
2024520402328,2024,520402328,2,9,0,18,19,9,9,0,0,4,0,0,0,0,9,1,6,6,2,27,6,998,1,0,TOYOTA AYGO,9,E01032651,0,1
2024461408778,2024,461408778,1,9,0,-1,5,1,2,-1,0,2,0,0,0,0,1,9,-1,7,2,17,4,998,1,11,TOYOTA AYGO,10,E01024144,0,1
2024061448412,2024,061448412,1,9,0,-1,13,1,5,-1,0,0,1,0,1,0,4,1,-1,6,1,28,6,998,1,2,TOYOTA AYGO,1,E01005009,0,1
2024101502340,2024,101502340,2,9,0,-1,4,1,5,-1,0,0,0,0,0,0,2,1,-1,2,2,23,5,998,1,7,TOYOTA AYGO,1,E01008853,0,1
2024122401036,2024,122401036,1,9,0,18,19,1,5,0,0,0,9,99,9,0,9,1,6,6,2,38,7,998,1,19,TOYOTA AYGO,10,E01013059,0,4
2024501490361,2024,501490361,1,9,0,-1,5,5,3,-1,0,0,0,0,0,0,1,9,-1,9,2,26,6,998,1,8,TOYOTA AYGO,4,E01020041,0,1
202454D642924,2024,54D642924,2,9,0,3,3,2,7,0,0,3,0,0,0,0,2,1,6,6,1,30,6,998,1,9,TOYOTA AYGO,10,E01029104,0,4
2024991416899,2024,991416899,1,9,0,-1,19,8,4,-1,0,1,0,0,0,0,1,1,-1,2,2,62,9,998,1,14,TOYOTA AYGO,4,-1,0,1
2024141408069,2024,141408069,1,9,0,-1,19,2,6,-1,0,8,0,0,0,0,1,2,-1,2,2,22,5,998,1,16,TOYOTA AYGO,5,E01018308,0,4
2024131520549,2024,131520549,1,9,0,-1,19,7,3,-1,0,0,0,0,0,0,1,1,-1,6,2,31,6,998,1,3,TOYOTA AYGO,3,E01011804,0,3
2024201554819,2024,201554819,2,9,0,-1,19,4,8,-1,0,1,0,0,0,0,2,9,-1,6,1,-1,-1,998,1,19,TOYOTA AYGO,-1,-1,0,-1
2024430476013,2024,430476013,1,9,0,18,19,-1,-1,0,0,1,0,0,0,0,1,1,2,2,2,51,8,998,1,11,TOYOTA AYGO,5,E01033522,0,1
2024461522654,2024,461522654,1,9,0,-1,3,5,1,-1,0,1,0,0,0,0,1,1,-1,2,2,26,6,998,1,6,TOYOTA AYGO,3,E01024535,0,3
2024471465505,2024,471465505,1,9,0,-1,19,1,5,-1,0,4,0,0,0,0,1,1,-1,2,1,62,9,998,1,10,TOYOTA AYGO,4,E01031671,0,1
2024010540416,2024,010540416,3,9,0,13,13,8,4,0,0,0,0,0,7,0,1,1,6,6,1,18,4,998,1,15,TOYOTA AYGO,3,E01034218,0,1
2024552400594,2024,552400594,1,9,0,9,9,5,3,0,0,8,0,0,0,0,1,1,6,6,3,-1,-1,998,1,12,TOYOTA AYGO,-1,-1,0,-1
2024010492905,2024,010492905,1,9,9,99,99,9,9,99,99,9,9,99,9,99,9,9,6,6,3,32,6,998,1,15,TOYOTA AYGO,5,E01001139,0,3
2024201520320,2024,201520320,1,9,0,-1,19,2,3,-1,0,1,0,0,0,0,3,1,-1,6,1,56,9,998,1,16,TOYOTA AYGO,1,E01033897,0,1
2024991482465,2024,991482465,1,9,0,-1,19,6,3,-1,0,0,1,0,1,4,1,1,-1,6,1,18,4,998,1,12,TOYOTA AYGO,-1,-1,0,-1
2024031395225,2024,031395225,1,9,0,-1,19,7,3,-1,0,0,0,0,0,0,4,9,-1,2,2,61,9,998,1,10,TOYOTA AYGO,4,E01019098,0,1
2024061406265,2024,061406265,1,9,0,-1,5,6,2,-1,0,0,0,0,0,0,1,9,-1,6,1,45,7,998,1,11,TOYOTA AYGO,-1,-1,0,-1
2024421396546,2024,421396546,1,9,0,-1,3,3,7,-1,0,1,0,0,0,0,2,1,-1,6,2,57,9,998,1,8,TOYOTA AYGO,8,E01021830,0,1
2024421478422,2024,421478422,2,9,0,-1,19,7,3,-1,0,8,0,0,0,0,4,1,-1,9,2,69,10,998,1,5,TOYOTA AYGO,9,E01021804,0,1
2024501521703,2024,501521703,1,9,0,-1,19,5,1,-1,0,0,2,10,0,0,1,1,-1,9,1,17,4,998,1,15,TOYOTA AYGO,7,E01019045,0,1
2024361485627,2024,361485627,1,9,-1,-1,-1,-1,-1,-1,-1,0,-1,-1,-1,0,-1,9,-1,6,1,36,7,998,1,16,TOYOTA AYGO,2,E01026630,0,1
2024361422340,2024,361422340,1,9,0,-1,19,2,6,-1,0,0,0,0,0,0,0,1,-1,9,2,74,10,998,1,10,TOYOTA AYGO,5,E01026726,0,1
2024010501537,2024,010501537,4,9,0,18,19,1,5,0,0,0,0,0,0,0,1,1,6,6,1,18,4,998,1,17,TOYOTA AYGO,5,E01014065,0,5
2024041443327,2024,041443327,1,9,0,-1,19,2,6,-1,0,0,0,0,0,0,1,1,-1,9,1,29,6,998,1,16,TOYOTA AYGO,1,E01033226,0,1
2024201503802,2024,201503802,2,9,0,-1,5,2,6,-1,0,6,0,0,0,0,1,1,-1,6,1,51,8,998,1,11,TOYOTA AYGO,1,E01008966,0,1
2024052402049,2024,052402049,1,9,0,18,19,5,1,0,0,4,0,0,0,0,1,1,6,6,2,22,5,998,1,6,TOYOTA AYGO,9,E01025512,0,2
2024010506092,2024,010506092,2,9,0,3,3,5,1,0,0,0,0,0,0,0,2,2,6,6,1,64,9,998,1,7,TOYOTA AYGO,10,E01024404,0,4
2024451414038,2024,451414038,5,9,0,-1,4,1,5,-1,0,0,0,0,0,0,2,1,-1,9,2,19,4,998,1,17,TOYOTA AYGO,2,E01002606,0,3
2024201493039,2024,201493039,1,9,0,-1,19,8,4,-1,0,8,0,0,0,0,1,1,-1,6,1,-1,-1,998,1,17,TOYOTA AYGO,-1,-1,0,-1
2024552400894,2024,552400894,1,9,0,13,13,4,8,0,0,0,1,0,1,4,3,1,6,6,1,43,7,998,1,12,TOYOTA AYGO,9,E01015360,0,4
2024430099076,2024,430099076,2,9,0,18,19,6,2,0,0,6,0,0,0,0,1,1,6,6,1,52,8,998,1,11,TOYOTA AYGO,-1,-1,0,-1
2024991560359,2024,991560359,1,9,0,-1,19,3,7,-1,0,0,5,0,4,0,2,1,-1,9,2,70,10,998,1,10,TOYOTA AYGO,4,-1,0,1
2024401476511,2024,401476511,1,9,0,-1,19,3,7,-1,0,8,0,0,0,0,1,1,-1,6,1,37,7,998,1,15,TOYOTA AYGO,4,E01015724,0,1
2024320090502,2024,320090502,1,9,0,-1,-1,6,2,0,0,0,2,0,7,9,1,1,-1,-1,1,18,4,998,1,18,TOYOTA AYGO,-1,-1,0,-1
2024320114070,2024,320114070,2,9,0,2,2,0,0,0,0,0,0,0,0,0,1,1,6,6,1,20,4,998,1,7,TOYOTA AYGO,10,E01026364,0,2
2024221497678,2024,221497678,1,9,0,-1,19,7,3,-1,0,0,2,10,2,0,1,1,-1,6,1,23,5,998,1,12,TOYOTA AYGO,8,E01017694,0,4
2024041400521,2024,041400521,2,9,0,-1,19,1,3,-1,0,0,1,0,1,7,2,1,-1,9,2,20,4,998,1,7,TOYOTA AYGO,9,E01012598,0,3
2024041527535,2024,041527535,3,9,0,-1,2,0,0,-1,0,0,0,0,0,0,3,1,-1,6,-1,-1,-1,998,1,5,TOYOTA AYGO,-1,-1,0,-1
2024010537092,2024,010537092,1,9,0,18,19,7,3,0,0,0,0,0,0,0,1,1,2,2,2,50,8,998,1,18,TOYOTA AYGO,6,E01034182,0,1
2024991484494,2024,991484494,5,9,0,-1,19,6,2,-1,0,0,0,0,0,0,2,1,-1,9,2,23,5,998,1,7,TOYOTA AYGO,-1,-1,0,-1
2024421494798,2024,421494798,1,9,0,-1,7,3,7,-1,0,1,0,0,1,0,3,1,-1,2,2,45,7,998,1,15,TOYOTA AYGO,4,E01021437,0,1
2024201505051,2024,201505051,2,9,0,-1,19,2,6,-1,0,3,0,0,0,0,1,1,-1,6,1,45,7,998,1,18,TOYOTA AYGO,2,E01010204,0,2
2024041428897,2024,041428897,2,9,0,-1,8,7,1,-1,0,0,0,0,0,0,2,1,-1,9,1,53,8,998,1,17,TOYOTA AYGO,5,E01025228,0,1
2024361509536,2024,361509536,3,9,0,-1,5,-1,-1,-1,0,1,0,0,0,0,2,1,-1,2,2,68,10,998,1,1,TOYOTA AYGO,6,E01030052,0,4
2024622400051,2024,622400051,1,9,0,18,19,4,8,0,0,1,0,0,0,0,1,1,6,6,2,48,8,998,1,7,TOYOTA AYGO,2,W01000811,0,1
2024010547652,2024,010547652,2,9,9,99,99,9,9,99,99,6,9,99,9,99,9,9,6,6,3,-1,-1,998,1,6,TOYOTA AYGO,-1,-1,0,-1
2024201407587,2024,201407587,2,9,0,-1,9,6,5,-1,0,1,0,0,0,0,2,9,-1,1,2,43,7,998,1,9,TOYOTA AYGO,3,E01029354,0,4
2024440153060,2024,440153060,1,9,0,9,9,5,4,0,0,8,0,0,0,0,4,1,6,6,2,72,10,998,1,14,TOYOTA AYGO,8,E01023245,0,1
2024991538775,2024,991538775,1,9,0,-1,5,3,7,-1,0,1,0,0,0,0,4,1,-1,6,2,77,11,998,1,10,TOYOTA AYGO,8,-1,0,1
2024520402847,2024,520402847,2,9,0,18,19,6,2,0,0,8,5,0,0,0,1,1,6,6,2,61,9,998,1,10,TOYOTA AYGO,8,E01029282,0,1
2024471525535,2024,471525535,2,9,0,-1,2,3,7,-1,0,0,0,4,0,0,2,1,-1,6,-1,-1,-1,998,1,12,TOYOTA AYGO,-1,-1,0,-1
2024332400709,2024,332400709,1,9,0,-1,3,9,9,-1,0,8,0,0,0,0,2,1,-1,9,2,54,8,998,1,11,TOYOTA AYGO,7,E01025767,0,1
2024451459738,2024,451459738,1,9,0,-1,19,3,7,-1,0,1,0,0,0,0,1,1,-1,9,2,85,11,998,1,2,TOYOTA AYGO,4,E01030815,0,1
2024041448466,2024,041448466,1,9,0,-1,9,5,3,-1,9,1,0,0,0,0,3,1,-1,9,2,57,9,998,1,7,TOYOTA AYGO,1,E01004801,0,4
2024061472561,2024,061472561,2,9,0,-1,9,3,1,-1,0,8,0,0,0,0,3,1,-1,2,1,58,9,998,1,7,TOYOTA AYGO,1,E01006031,0,3
2024411449991,2024,411449991,1,9,0,-1,4,4,8,-1,0,0,1,0,0,0,1,1,-1,2,2,26,6,998,1,7,TOYOTA AYGO,7,E01000288,0,2
2024131528013,2024,131528013,2,9,0,-1,19,1,5,-1,0,1,0,0,0,0,1,1,-1,6,2,22,5,998,1,0,TOYOTA AYGO,6,E01010686,0,2
2024311473648,2024,311473648,1,9,0,-1,19,7,7,-1,0,0,0,0,0,0,4,2,-1,6,1,25,5,998,1,4,TOYOTA AYGO,-1,-1,0,-1
2024131417430,2024,131417430,2,9,0,-1,2,5,1,-1,0,0,0,0,0,0,3,1,-1,6,-1,-1,-1,998,1,6,TOYOTA AYGO,-1,-1,0,-1
2024161471086,2024,161471086,2,9,0,-1,19,5,1,-1,0,0,0,0,0,0,1,9,-1,6,3,-1,-1,998,1,15,TOYOTA AYGO,-1,-1,0,-1
2024161397406,2024,161397406,1,9,0,-1,19,3,6,-1,0,1,0,0,0,0,1,1,-1,9,1,85,11,998,1,1,TOYOTA AYGO,3,E01013233,0,1
2024461420872,2024,461420872,4,9,0,-1,2,0,0,-1,0,0,0,0,0,0,1,1,-1,6,-1,-1,-1,998,1,10,TOYOTA AYGO,-1,-1,0,-1
2024411412364,2024,411412364,3,9,0,-1,19,1,5,-1,0,0,0,0,0,0,2,1,-1,6,1,73,10,998,1,14,TOYOTA AYGO,9,E01023477,0,3
2024161454215,2024,161454215,2,9,0,-1,19,7,3,-1,0,0,0,0,0,0,4,9,-1,6,2,55,8,998,1,1,TOYOTA AYGO,1,E01013311,0,1
2024411415045,2024,411415045,1,9,0,-1,19,1,5,-1,0,0,0,0,0,0,1,1,-1,6,2,23,5,998,1,3,TOYOTA AYGO,7,E01023754,0,1
2024351422867,2024,351422867,1,9,0,-1,19,4,8,-1,0,0,1,0,7,4,1,1,-1,6,1,23,5,998,1,11,TOYOTA AYGO,9,E01018008,0,4
2024461490145,2024,461490145,2,9,0,-1,3,1,5,-1,0,0,0,0,0,0,4,9,-1,9,1,17,4,998,1,13,TOYOTA AYGO,9,E01024106,0,2
2024522500105,2024,522500105,2,9,0,9,9,1,7,0,0,8,0,0,0,0,4,1,6,6,2,18,4,998,1,14,TOYOTA AYGO,6,E01014813,0,1
2024010525472,2024,010525472,2,9,0,18,19,1,5,0,0,6,0,0,0,0,3,1,6,6,2,43,7,998,1,15,TOYOTA AYGO,2,E01000744,0,1
2024041419622,2024,041419622,3,9,0,-1,2,0,0,-1,0,0,0,0,0,0,1,1,-1,6,3,-1,-1,998,1,11,TOYOTA AYGO,-1,-1,0,-1
2024531460799,2024,531460799,1,9,0,-1,9,8,6,-1,0,6,0,0,0,0,1,1,-1,2,2,55,8,998,1,7,TOYOTA AYGO,8,E01022123,0,1
2024010541233,2024,010541233,1,9,0,9,9,7,4,0,0,5,0,0,0,0,1,1,6,6,2,60,9,998,1,16,TOYOTA AYGO,6,E01003706,0,1
2024131405734,2024,131405734,1,9,0,-1,19,1,5,-1,0,0,0,0,0,0,3,1,-1,2,2,28,6,998,1,10,TOYOTA AYGO,8,E01032488,0,4
2024161398951,2024,161398951,2,9,0,-1,5,5,8,-1,0,6,0,0,0,0,1,1,-1,6,1,23,5,998,1,12,TOYOTA AYGO,8,E01013321,0,1
2024201512341,2024,201512341,1,9,0,-1,9,8,6,-1,0,6,0,0,0,0,1,1,-1,6,-1,-1,-1,998,1,8,TOYOTA AYGO,-1,-1,0,-1
2024211542629,2024,211542629,1,9,0,-1,19,4,8,-1,0,8,0,0,1,2,4,1,-1,9,1,74,10,998,1,10,TOYOTA AYGO,8,E01029704,0,1
2024010504504,2024,010504504,1,9,9,99,99,9,9,99,99,0,9,99,9,99,9,9,6,6,1,20,4,998,1,3,TOYOTA AYGO,9,E01001020,0,4
2024161486132,2024,161486132,1,9,0,-1,19,3,5,-1,0,1,0,0,0,0,2,1,-1,6,2,39,7,998,1,11,TOYOTA AYGO,1,E01012849,0,1
2024131476678,2024,131476678,2,9,0,-1,9,5,3,-1,0,6,0,0,0,0,1,1,-1,6,2,25,5,998,1,4,TOYOTA AYGO,7,E01011276,0,2
2024031494393,2024,031494393,2,9,-1,-1,4,5,1,-1,0,0,0,0,0,0,2,9,-1,6,2,75,10,998,1,9,TOYOTA AYGO,-1,-1,0,-1
2024461518935,2024,461518935,1,9,0,-1,5,1,3,-1,0,6,0,0,0,0,1,2,-1,6,2,56,9,998,1,9,TOYOTA AYGO,8,E01024100,0,4
2024451461690,2024,451461690,2,9,0,-1,19,3,7,-1,0,0,2,0,0,0,1,1,-1,9,2,59,9,998,1,17,TOYOTA AYGO,7,E01020357,0,5
2024471505633,2024,471505633,1,9,0,-1,9,6,4,-1,0,1,0,0,0,0,0,1,-1,2,2,18,4,998,1,6,TOYOTA AYGO,5,E01021117,0,1
2024010520410,2024,010520410,2,9,0,99,99,9,9,99,99,9,9,99,9,99,1,9,6,6,3,-1,-1,998,1,15,TOYOTA AYGO,-1,-1,0,-1
2024311415966,2024,311415966,3,9,0,-1,19,5,1,-1,0,0,0,0,0,0,2,1,-1,1,1,47,8,998,1,16,TOYOTA AYGO,6,E01027926,0,2
2024221516636,2024,221516636,2,9,0,-1,19,2,6,-1,0,0,0,0,0,0,1,1,-1,9,2,20,4,998,1,9,TOYOTA AYGO,9,E01013987,0,4
2024371407794,2024,371407794,1,9,0,-1,19,6,2,-1,0,0,1,0,0,0,1,1,-1,9,2,25,5,998,1,14,TOYOTA AYGO,6,E01026902,0,3
2024010523046,2024,010523046,1,9,0,99,99,9,9,99,99,9,9,99,9,99,4,9,6,6,1,27,6,998,1,18,TOYOTA AYGO,2,E01000151,0,3
2024211529827,2024,211529827,1,9,0,-1,2,1,1,-1,2,0,0,0,0,0,3,1,-1,9,2,41,7,998,1,8,TOYOTA AYGO,1,E01014358,0,2
2024061452367,2024,061452367,1,9,0,-1,19,1,1,-1,0,0,0,0,0,0,1,2,-1,6,3,30,6,998,1,14,TOYOTA AYGO,-1,-1,0,-1
2024141521568,2024,141521568,1,9,0,-1,19,7,3,-1,0,8,0,0,0,0,1,1,-1,2,1,20,4,998,1,14,TOYOTA AYGO,2,E01007942,0,1
2024161511045,2024,161511045,2,9,0,-1,9,4,2,-1,0,8,0,0,0,0,0,1,-1,6,2,26,6,998,1,10,TOYOTA AYGO,3,E01013233,0,1
2024520002158,2024,520002158,1,9,0,18,19,7,3,0,0,0,0,0,0,0,1,1,6,6,2,18,4,998,1,13,TOYOTA AYGO,5,E01014455,0,1
2024471400435,2024,471400435,2,9,0,-1,5,1,5,-1,-1,0,0,0,0,0,3,1,-1,9,2,18,4,998,1,10,TOYOTA AYGO,10,E01031627,0,2
2024401544249,2024,401544249,1,9,0,-1,19,8,4,-1,0,0,0,0,0,0,1,1,-1,2,1,63,9,998,1,7,TOYOTA AYGO,4,E01033827,0,3
2024421473115,2024,421473115,1,9,0,-1,7,3,7,-1,0,0,0,0,0,0,1,1,-1,9,2,84,11,998,1,8,TOYOTA AYGO,8,E01021607,0,3
2024471398695,2024,471398695,2,9,0,-1,19,8,4,-1,0,1,0,0,0,0,1,1,-1,1,1,32,6,998,1,15,TOYOTA AYGO,4,E01020952,0,1
2024471453929,2024,471453929,1,9,0,-1,9,5,3,-1,0,8,0,0,0,0,4,1,-1,2,2,42,7,998,1,14,TOYOTA AYGO,5,E01031472,0,1
2024201491722,2024,201491722,2,9,0,-1,19,4,5,-1,0,3,0,0,0,0,1,1,-1,6,1,36,7,998,1,12,TOYOTA AYGO,1,E01033649,0,1
2024010528005,2024,010528005,1,9,0,99,99,9,9,99,99,9,9,99,9,99,9,9,2,2,2,40,7,998,1,4,TOYOTA AYGO,10,E01023926,0,4
2024520403269,2024,520403269,3,9,0,18,19,3,7,0,0,1,0,0,1,0,1,1,6,6,2,25,5,998,1,7,TOYOTA AYGO,8,E01029033,0,2
2024302400044,2024,302400044,3,9,0,16,19,4,7,0,0,0,0,4,0,0,1,1,6,6,1,80,11,998,1,4,TOYOTA AYGO,9,E01019659,0,2
2024421467219,2024,421467219,1,9,0,-1,19,3,7,-1,0,1,0,0,0,0,1,1,-1,6,2,83,11,998,1,2,TOYOTA AYGO,-1,-1,0,-1
2024430187281,2024,430187281,2,9,0,18,19,2,6,0,0,1,0,0,0,0,1,1,6,6,2,-1,-1,998,1,3,TOYOTA AYGO,-1,-1,0,-1
2024501504727,2024,501504727,2,9,0,-1,19,7,3,-1,0,1,0,0,0,0,3,1,-1,2,2,37,7,998,1,12,TOYOTA AYGO,7,E01015107,0,1
2024010541374,2024,010541374,1,9,0,18,19,3,7,0,0,1,0,0,0,0,1,1,6,6,2,84,11,998,1,11,TOYOTA AYGO,6,E01002327,0,1
2024461427017,2024,461427017,1,9,0,-1,19,1,3,-1,0,0,0,0,0,0,1,9,-1,2,2,62,9,998,1,1,TOYOTA AYGO,7,E01016139,0,1
2024991394464,2024,991394464,1,9,0,-1,19,7,3,-1,0,0,0,0,0,0,1,1,-1,9,2,23,5,998,1,3,TOYOTA AYGO,6,-1,0,1
2024101427959,2024,101427959,1,9,0,-1,9,1,5,-1,0,8,0,0,0,0,0,1,-1,6,2,40,7,998,1,0,TOYOTA AYGO,4,E01008502,0,2
2024991432007,2024,991432007,2,9,0,-1,19,3,7,-1,0,0,0,0,0,0,1,9,-1,2,2,23,5,998,1,3,TOYOTA AYGO,2,-1,0,3
2024201488703,2024,201488703,1,9,0,-1,9,5,3,-1,0,6,0,0,0,0,1,1,-1,6,1,18,4,998,1,15,TOYOTA AYGO,4,E01010459,0,3
2024201484347,2024,201484347,3,9,0,-1,10,7,3,-1,0,1,0,0,0,0,3,1,-1,6,1,36,7,998,1,16,TOYOTA AYGO,2,E01009741,0,1
2024430618032,2024,430618032,1,9,0,9,9,7,5,0,0,8,0,0,0,0,2,1,6,6,2,77,11,998,1,9,TOYOTA AYGO,8,E01028792,0,4
2024041475438,2024,041475438,2,9,0,-1,19,7,3,-1,0,1,0,0,0,0,1,1,-1,9,2,22,5,998,1,17,TOYOTA AYGO,5,E01024928,0,1
2024471525736,2024,471525736,2,9,0,-1,5,3,7,-1,-1,0,0,0,0,0,1,1,-1,9,1,58,9,998,1,12,TOYOTA AYGO,5,E01031604,0,1
2024061472553,2024,061472553,1,9,0,-1,9,2,8,-1,0,6,0,0,0,0,3,1,-1,6,2,67,10,998,1,12,TOYOTA AYGO,7,E01004836,0,1
2024522401493,2024,522401493,2,9,0,16,19,6,2,0,0,0,0,0,0,0,1,1,6,6,1,43,7,998,1,1,TOYOTA AYGO,10,E01015014,0,2
2024991514168,2024,991514168,1,9,0,-1,19,5,8,-1,0,0,0,0,1,2,4,1,-1,9,1,84,11,998,1,7,TOYOTA AYGO,9,-1,0,1
2024522401186,2024,522401186,1,9,0,18,19,8,4,0,0,4,0,0,0,0,3,1,6,6,2,27,6,998,1,8,TOYOTA AYGO,7,E01014520,0,1
2024332400962,2024,332400962,1,9,0,-1,5,7,3,-1,0,6,0,0,0,0,0,1,-1,9,1,57,9,998,1,6,TOYOTA AYGO,8,E01031040,0,2
2024340NN0832,2024,340NN0832,2,9,0,-1,19,3,7,-1,0,4,0,0,0,0,1,1,-1,9,2,28,6,998,1,16,TOYOTA AYGO,9,E01033508,0,4
2024201501657,2024,201501657,1,9,0,-1,2,0,0,-1,9,0,0,0,0,0,3,1,-1,6,2,75,10,998,1,15,TOYOTA AYGO,10,E01009698,0,2
2024061518962,2024,061518962,2,9,0,-1,19,-1,-1,-1,0,0,0,99,0,0,1,2,-1,6,2,-1,-1,998,1,10,TOYOTA AYGO,1,E01006275,0,1
2024010497840,2024,010497840,2,9,0,99,99,9,9,99,99,9,9,99,9,99,9,9,6,6,3,-1,-1,998,1,16,TOYOTA AYGO,-1,-1,0,-1
2024451510447,2024,451510447,1,9,0,-1,7,3,7,-1,0,1,5,10,5,0,1,2,-1,6,1,85,11,998,1,8,TOYOTA AYGO,10,E01030487,0,1
2024411435154,2024,411435154,2,9,0,-1,20,0,0,-1,0,0,0,0,0,0,3,1,-1,2,2,33,6,998,1,6,TOYOTA AYGO,7,E01023799,0,2
2024351500959,2024,351500959,1,9,0,-1,9,7,3,-1,0,8,0,0,0,0,1,1,-1,6,2,81,11,998,1,3,TOYOTA AYGO,10,E01018055,0,1
2024421480402,2024,421480402,2,9,0,-1,4,5,1,-1,0,0,0,0,0,0,2,1,-1,9,2,36,7,998,1,1,TOYOTA AYGO,2,E01015855,0,4
2024522500420,2024,522500420,1,9,0,18,19,2,6,0,0,2,0,7,1,10,1,1,6,6,1,54,8,998,1,15,TOYOTA AYGO,8,E01014511,0,1
2024461405280,2024,461405280,3,9,0,-1,3,2,6,-1,0,0,0,4,0,0,2,1,-1,2,2,25,5,998,1,2,TOYOTA AYGO,6,E01024346,0,1
2024010513796,2024,010513796,1,9,0,18,19,1,5,0,0,0,5,4,0,0,1,1,6,6,2,90,11,998,1,7,TOYOTA AYGO,10,E01000272,0,1
2024361503557,2024,361503557,2,9,0,-1,10,3,8,-1,0,1,0,0,0,0,0,1,-1,9,1,34,6,998,1,7,TOYOTA AYGO,6,E01026446,0,2
2024010504341,2024,010504341,1,9,0,99,99,9,9,0,0,9,9,99,9,99,2,9,6,6,1,47,8,998,1,9,TOYOTA AYGO,2,E01000721,0,4
2024010550043,2024,010550043,1,9,0,18,19,1,5,0,0,0,0,7,0,0,1,1,6,6,2,77,11,998,1,16,TOYOTA AYGO,6,E01002882,0,1
2024340WN1722,2024,340WN1722,2,9,0,-1,9,1,5,-1,0,8,0,0,0,0,4,1,-1,9,1,69,10,998,1,15,TOYOTA AYGO,2,E01027155,0,1
2024332400208,2024,332400208,1,9,0,-1,19,4,8,-1,0,4,0,0,0,0,1,1,-1,2,2,34,6,998,1,1,TOYOTA AYGO,10,E01025649,0,3
2024440537686,2024,440537686,1,9,0,9,9,7,5,0,0,6,0,0,0,0,4,1,6,6,1,78,11,998,1,10,TOYOTA AYGO,10,E01017146,0,1
2024440333783,2024,440333783,2,9,0,3,3,7,3,0,0,1,0,0,0,0,2,1,2,2,1,49,8,998,1,15,TOYOTA AYGO,6,E01022700,0,1
2024201467115,2024,201467115,2,9,0,-1,19,8,4,-1,0,8,0,0,0,0,1,1,-1,6,1,65,9,998,1,15,TOYOTA AYGO,5,E01009583,0,1
2024471532019,2024,471532019,1,9,0,-1,5,3,7,-1,0,4,0,0,0,0,1,1,-1,9,1,32,6,998,1,17,TOYOTA AYGO,9,E01031622,0,3
2024010510046,2024,010510046,1,9,0,18,19,6,2,9,9,3,1,0,8,7,1,1,6,6,1,18,4,998,1,3,TOYOTA AYGO,10,E01000811,0,3
2024101564105,2024,101564105,1,9,0,-1,19,5,1,-1,0,8,0,0,3,1,4,1,-1,6,1,25,5,998,1,15,TOYOTA AYGO,1,E01008839,0,1
2024430064886,2024,430064886,2,9,0,18,19,4,8,0,0,8,0,0,0,0,1,1,6,6,3,20,4,998,1,7,TOYOTA AYGO,-1,-1,0,-1
2024401471945,2024,401471945,2,9,0,-1,3,5,1,-1,0,8,0,0,0,0,2,1,-1,9,2,46,8,998,1,6,TOYOTA AYGO,8,E01015799,0,1
2024101442697,2024,101442697,2,9,0,-1,7,4,8,-1,0,0,0,0,0,0,0,1,-1,2,1,63,9,998,1,12,TOYOTA AYGO,4,E01008471,0,2
2024070020324,2024,070020324,1,9,0,5,5,7,3,0,0,4,0,0,0,0,1,1,2,2,2,38,7,998,1,1,TOYOTA AYGO,-1,-1,0,-1
2024061464757,2024,061464757,2,9,0,-1,4,-1,-1,-1,0,1,0,0,0,0,2,1,-1,6,1,-1,-1,998,1,15,TOYOTA AYGO,-1,-1,0,-1
2024211447866,2024,211447866,1,9,0,-1,7,8,4,-1,0,5,0,0,0,0,3,2,-1,9,2,26,6,998,1,16,TOYOTA AYGO,2,E01032896,0,1
2024471447104,2024,471447104,1,9,0,-1,3,4,8,-1,0,1,0,0,0,0,2,1,-1,2,2,33,6,998,1,17,TOYOTA AYGO,4,E01031585,0,1
2024991474544,2024,991474544,2,9,0,-1,9,4,1,-1,0,5,0,0,0,0,2,1,-1,9,2,52,8,998,1,15,TOYOTA AYGO,-1,-1,0,-1
2024461445648,2024,461445648,1,9,0,-1,1,5,1,-1,0,0,0,0,0,0,2,1,-1,6,2,79,11,998,1,1,TOYOTA AYGO,-1,-1,0,-1
2024471398919,2024,471398919,2,9,0,-1,10,8,4,-1,0,0,0,0,0,0,2,1,-1,2,2,28,6,998,1,5,TOYOTA AYGO,4,E01031608,0,1