collision_index,collision_year,collision_ref_no,vehicle_reference,vehicle_type,towing_and_articulation,vehicle_manoeuvre_historic,vehicle_manoeuvre,vehicle_direction_from,vehicle_direction_to,vehicle_location_restricted_lane_historic,vehicle_location_restricted_lane,junction_location,skidding_and_overturning,hit_object_in_carriageway,vehicle_leaving_carriageway,hit_object_off_carriageway,first_point_of_impact,vehicle_left_hand_drive,journey_purpose_of_driver_historic,journey_purpose_of_driver,sex_of_driver,age_of_driver,age_band_of_driver,engine_capacity_cc,propulsion_code,age_of_vehicle,generic_make_model,driver_imd_decile,lsoa_of_driver,escooter_flag,driver_distance_banding
2024010532494,2024,010532494,3,9,0,4,4,1,5,0,0,1,0,0,0,0,4,1,2,2,1,65,9,998,1,0,TOYOTA AYGO,8,E01002367,0,1
2024461423018,2024,461423018,2,9,0,-1,2,0,0,-1,0,0,0,0,0,0,2,1,-1,6,2,59,9,998,1,8,TOYOTA AYGO,10,E01024150,0,1
2024031491734,2024,031491734,2,9,0,-1,2,2,1,-1,0,1,0,0,0,0,2,1,-1,2,1,70,10,998,1,13,TOYOTA AYGO,-1,-1,0,-1
2024991477872,2024,991477872,1,9,0,-1,4,6,1,-1,0,0,0,0,0,0,1,1,-1,6,2,79,11,998,1,8,TOYOTA AYGO,1,-1,0,1
2024041449640,2024,041449640,2,9,0,-1,19,1,7,-1,0,0,0,0,0,0,1,2,-1,6,1,47,8,998,1,13,TOYOTA AYGO,1,E01012670,0,1
2024010531221,2024,010531221,1,9,0,1,1,5,1,0,0,8,0,0,0,0,2,1,1,1,1,59,9,998,1,18,TOYOTA AYGO,2,E01032579,0,2
2024401401637,2024,401401637,1,9,0,-1,99,1,5,-1,0,0,0,0,0,0,1,9,-1,6,1,-1,-1,998,1,7,TOYOTA AYGO,-1,-1,0,-1
2024141462845,2024,141462845,2,9,0,-1,19,1,5,-1,0,1,1,10,0,0,1,1,-1,6,2,26,6,998,1,17,TOYOTA AYGO,1,E01007318,0,3
2024010530800,2024,010530800,1,9,0,6,6,3,3,0,0,2,0,0,0,0,0,1,6,6,2,51,8,998,1,10,TOYOTA AYGO,2,E01000603,0,1
2024451460166,2024,451460166,1,9,0,-1,19,-1,-1,-1,0,6,0,0,0,0,1,9,-1,6,2,79,11,998,1,15,TOYOTA AYGO,6,E01030649,0,1
2024201452604,2024,201452604,1,9,0,-1,9,1,6,-1,0,5,0,0,0,0,4,9,-1,1,1,26,6,998,1,16,TOYOTA AYGO,3,E01017711,0,5
2024052401145,2024,052401145,2,9,0,18,19,4,8,0,0,8,0,0,0,0,1,1,6,6,2,51,8,998,1,15,TOYOTA AYGO,10,E01025502,0,3
2024010546263,2024,010546263,2,9,0,2,2,0,0,0,0,0,0,0,0,0,2,1,6,6,3,-1,-1,998,1,5,TOYOTA AYGO,-1,-1,0,-1
2024351420111,2024,351420111,2,9,0,-1,4,2,6,-1,0,0,0,0,1,0,2,1,-1,2,2,26,6,998,1,3,TOYOTA AYGO,8,E01018206,0,1
2024061419474,2024,061419474,2,9,0,-1,4,2,6,-1,0,0,0,0,0,0,2,1,-1,9,2,25,5,998,1,3,TOYOTA AYGO,8,E01025214,0,4
2024010529329,2024,010529329,2,9,9,99,99,9,9,99,99,6,9,99,9,99,9,9,6,6,3,-1,-1,998,1,8,TOYOTA AYGO,-1,-1,0,-1
2024340NN0052,2024,340NN0052,2,9,0,-1,3,1,5,-1,0,0,0,0,0,0,2,1,-1,9,2,20,4,998,1,15,TOYOTA AYGO,1,E01027127,0,1
2024610040124,2024,610040124,1,9,0,18,19,5,1,0,0,4,0,0,3,1,1,1,6,6,2,50,8,998,1,11,TOYOTA AYGO,-1,-1,0,-1
202460Q171821,2024,60Q171821,3,9,0,18,19,8,4,0,0,0,0,0,1,0,2,1,6,6,2,40,7,998,1,0,TOYOTA AYGO,-1,-1,0,-1
2024061440958,2024,061440958,2,9,0,-1,9,3,7,-1,0,0,0,0,0,0,3,1,-1,9,2,60,9,998,1,8,TOYOTA AYGO,5,E01005711,0,1
2024201519575,2024,201519575,1,9,0,-1,19,4,8,-1,0,8,0,0,1,0,1,1,-1,9,2,28,6,998,1,14,TOYOTA AYGO,6,E01010079,0,2
2024010511049,2024,010511049,1,9,0,99,99,9,9,99,99,0,9,99,9,99,9,9,6,6,2,38,7,998,1,9,TOYOTA AYGO,3,E01021816,0,2
2024411455676,2024,411455676,1,9,0,-1,3,3,7,-1,0,0,0,0,0,0,2,1,-1,6,2,23,5,998,1,4,TOYOTA AYGO,9,E01002155,0,2
2024991473189,2024,991473189,3,9,0,-1,4,7,2,-1,0,0,0,0,0,0,2,1,-1,6,2,30,6,998,1,11,TOYOTA AYGO,9,-1,0,4
2024061502605,2024,061502605,1,9,0,-1,5,-1,-1,-1,0,0,0,0,0,0,3,1,-1,9,2,44,7,998,1,2,TOYOTA AYGO,3,E01005478,0,1
2024052401699,2024,052401699,1,9,0,9,9,3,7,0,0,8,0,0,0,0,1,1,6,6,2,90,11,998,1,5,TOYOTA AYGO,7,E01007077,0,1
2024041461089,2024,041461089,1,9,0,-1,9,5,1,-1,0,0,0,0,0,0,3,1,-1,9,2,19,4,998,1,0,TOYOTA AYGO,5,E01025024,0,1
2024631441617,2024,631441617,1,9,0,-1,19,2,5,-1,0,0,5,0,7,10,1,1,-1,6,1,55,8,998,1,0,TOYOTA AYGO,4,W01000533,0,3
2024461479554,2024,461479554,2,9,0,-1,4,1,5,-1,0,4,0,0,0,0,2,9,-1,9,1,41,7,998,1,7,TOYOTA AYGO,5,E01016127,0,1
2024320310658,2024,320310658,1,9,0,-1,-1,2,6,0,0,1,0,0,0,0,1,1,6,6,1,31,6,998,1,17,TOYOTA AYGO,5,E01026144,0,2
2024131463690,2024,131463690,1,9,0,-1,19,5,1,-1,0,0,0,0,0,0,1,1,-1,9,1,25,5,998,1,15,TOYOTA AYGO,3,E01010984,0,4
2024041462003,2024,041462003,1,9,0,-1,19,3,7,-1,0,0,0,0,0,0,1,1,-1,9,1,18,4,998,1,18,TOYOTA AYGO,3,E01012685,0,3
2024201492628,2024,201492628,2,9,0,-1,19,2,6,-1,0,8,0,0,0,0,1,1,-1,6,2,50,8,998,1,1,TOYOTA AYGO,10,E01032151,0,1
2024501453459,2024,501453459,1,9,0,-1,6,7,3,-1,0,3,0,0,7,11,1,1,-1,9,2,37,7,998,1,0,TOYOTA AYGO,7,E01018889,0,1
2024302500268,2024,302500268,1,9,0,-1,9,1,7,-1,0,0,0,0,0,0,3,1,-1,1,1,37,7,998,1,8,TOYOTA AYGO,-1,-1,0,-1
2024122400676,2024,122400676,1,9,0,16,19,5,1,0,0,2,0,7,7,0,1,1,6,6,2,34,6,998,1,6,TOYOTA AYGO,10,E01027855,0,1
2024991416987,2024,991416987,2,9,0,-1,19,5,1,-1,0,8,0,0,7,0,4,9,-1,6,2,67,10,998,1,3,TOYOTA AYGO,3,-1,0,1
2024041457670,2024,041457670,1,9,0,-1,19,7,3,-1,0,1,0,0,0,0,1,2,-1,6,2,20,4,998,1,14,TOYOTA AYGO,4,E01025201,0,4
2024041512746,2024,041512746,1,9,0,-1,19,5,1,-1,0,0,5,0,1,1,1,1,-1,1,1,29,6,998,1,16,TOYOTA AYGO,1,E01024895,0,2
2024440382743,2024,440382743,2,9,0,18,19,3,7,0,0,0,0,0,0,0,3,1,6,6,1,69,10,998,1,2,TOYOTA AYGO,8,E01017811,0,4
2024131523094,2024,131523094,1,9,0,-1,9,4,2,-1,0,6,0,0,0,0,1,1,-1,9,2,58,9,998,1,8,TOYOTA AYGO,8,E01011350,0,1
2024471486540,2024,471486540,2,9,0,-1,19,4,8,-1,0,0,0,0,0,0,2,1,-1,6,1,57,9,998,1,7,TOYOTA AYGO,7,E01021170,0,3
2024061418450,2024,061418450,2,9,0,-1,4,3,7,-1,0,0,0,0,0,0,3,1,-1,2,2,21,5,998,1,3,TOYOTA AYGO,10,E01005739,0,1
2024522403365,2024,522403365,2,9,0,5,5,2,6,0,0,6,0,0,0,0,1,1,6,6,1,24,5,998,1,17,TOYOTA AYGO,4,E01014961,0,2
2024302400513,2024,302400513,2,9,0,18,19,4,8,0,0,0,0,0,0,0,1,1,6,6,1,29,6,998,7,16,TOYOTA AYGO,2,E01028113,0,2
2024481437414,2024,481437414,1,9,0,-1,19,7,3,-1,0,1,0,0,0,0,1,1,-1,2,1,49,8,998,1,13,TOYOTA AYGO,-1,-1,0,-1
2024010518637,2024,010518637,2,9,0,18,19,7,3,0,0,8,0,0,0,0,4,1,6,6,2,34,6,998,1,13,TOYOTA AYGO,6,E01002005,0,4
2024061440342,2024,061440342,1,9,0,-1,19,3,6,-1,0,0,0,0,0,0,4,2,-1,6,2,29,6,998,1,5,TOYOTA AYGO,6,E01005643,0,1
2024161474706,2024,161474706,1,9,0,-1,7,6,8,-1,0,1,0,0,0,0,0,1,-1,6,1,44,7,998,1,15,TOYOTA AYGO,1,E01035468,0,1
2024070650453,2024,070650453,1,9,0,18,19,4,8,0,0,0,1,10,7,9,4,1,6,6,2,31,6,998,1,14,TOYOTA AYGO,8,E01018391,0,3
2024471442263,2024,471442263,1,9,0,-1,3,3,7,-1,0,4,0,0,0,0,1,1,-1,2,2,44,7,998,1,13,TOYOTA AYGO,6,E01016957,0,1
2024010545420,2024,010545420,3,9,0,18,19,5,1,0,0,1,0,0,0,0,0,1,6,6,1,19,4,998,1,1,TOYOTA AYGO,7,E01001405,0,1
2024411412483,2024,411412483,2,9,0,-1,19,5,1,-1,0,1,0,0,0,0,2,1,-1,6,2,51,8,998,1,1,TOYOTA AYGO,6,E01023556,0,1
2024471515964,2024,471515964,2,9,0,-1,5,8,4,-1,0,4,0,0,0,0,2,1,-1,6,1,41,7,998,1,4,TOYOTA AYGO,4,E01031576,0,1
2024531473175,2024,531473175,1,9,0,-1,9,7,3,-1,0,4,0,0,0,0,1,1,-1,9,2,32,6,998,1,10,TOYOTA AYGO,6,E01014989,0,2
2024231505528,2024,231505528,2,9,0,-1,19,3,7,-1,0,8,0,0,0,0,3,1,-1,9,2,29,6,998,1,16,TOYOTA AYGO,2,E01031044,0,1
2024101449075,2024,101449075,1,9,0,-1,7,2,2,-1,0,4,0,0,0,0,1,1,-1,6,2,37,7,998,1,11,TOYOTA AYGO,3,E01008865,0,1
2024010504546,2024,010504546,2,9,0,99,99,9,9,99,99,9,9,99,9,99,1,9,6,6,2,62,9,998,1,5,TOYOTA AYGO,6,E01002347,0,2
2024101416534,2024,101416534,2,9,0,-1,3,5,1,-1,0,0,1,0,0,0,2,1,-1,6,2,79,11,998,1,8,TOYOTA AYGO,6,E01008687,0,1
2024221513138,2024,221513138,2,9,0,-1,4,6,2,-1,0,8,0,0,0,0,2,9,-1,6,2,63,9,998,1,3,TOYOTA AYGO,7,E01009805,0,3
2024411545790,2024,411545790,2,9,0,-1,19,3,7,-1,0,1,0,0,0,0,1,1,-1,6,2,46,8,998,1,15,TOYOTA AYGO,8,E01023311,0,1
2024451475353,2024,451475353,1,9,0,-1,5,2,6,-1,0,8,9,99,0,0,4,1,-1,6,2,60,9,998,1,7,TOYOTA AYGO,-1,-1,0,-1
2024061488677,2024,061488677,1,9,0,-1,19,8,1,-1,0,1,1,0,1,0,3,1,-1,2,1,25,5,998,1,19,TOYOTA AYGO,1,E01005147,0,1
2024111491824,2024,111491824,1,9,0,-1,19,6,2,-1,0,1,0,0,0,0,4,1,-1,6,2,17,4,998,1,3,TOYOTA AYGO,1,E01020727,0,1
2024111533918,2024,111533918,3,9,0,-1,19,6,2,-1,0,0,0,0,0,0,1,1,-1,1,1,41,7,998,1,5,TOYOTA AYGO,4,E01020852,0,4
2024211429270,2024,211429270,2,9,0,-1,19,1,7,-1,0,7,0,0,0,0,2,1,-1,6,1,82,11,998,1,3,TOYOTA AYGO,5,E01014239,0,1
2024111406622,2024,111406622,1,9,0,-1,19,5,1,-1,0,0,5,0,7,0,1,1,-1,1,1,32,6,998,1,15,TOYOTA AYGO,8,E01034493,0,1
2024461413266,2024,461413266,2,9,0,-1,19,3,7,-1,0,1,0,0,0,0,2,9,-1,6,2,43,7,998,1,9,TOYOTA AYGO,3,E01024622,0,2
2024320584733,2024,320584733,1,9,0,6,6,1,5,0,0,0,0,0,0,0,3,1,6,6,1,38,7,998,1,2,TOYOTA AYGO,7,E01026153,0,1
2024311450853,2024,311450853,1,9,0,-1,19,7,3,-1,0,2,0,0,0,0,4,9,-1,9,2,66,10,998,1,12,TOYOTA AYGO,8,E01028150,0,3
2024302400851,2024,302400851,1,9,0,18,19,6,2,0,0,2,0,0,0,0,1,1,6,6,2,27,6,998,1,1,TOYOTA AYGO,-1,-1,0,-1
2024311494064,2024,311494064,1,9,0,-1,19,1,5,-1,0,1,0,0,0,0,1,1,-1,2,1,25,5,998,1,5,TOYOTA AYGO,2,E01028313,0,3
2024131463270,2024,131463270,1,9,0,-1,7,2,4,-1,0,4,1,0,1,1,3,1,-1,6,2,37,7,998,1,16,TOYOTA AYGO,3,E01010670,0,1
2024131495864,2024,131495864,1,9,0,-1,19,6,2,-1,0,0,0,0,0,0,4,1,-1,6,2,29,6,998,1,2,TOYOTA AYGO,4,E01011799,0,1
2024461502494,2024,461502494,2,9,0,-1,9,1,5,-1,0,1,0,0,0,0,1,1,-1,9,2,58,9,998,1,10,TOYOTA AYGO,5,E01024420,0,2
202454E389524,2024,54E389524,2,9,0,17,19,2,6,0,0,1,0,0,7,9,1,1,1,1,2,21,5,998,1,11,TOYOTA AYGO,6,E01032082,0,1
2024010537167,2024,010537167,2,9,0,99,99,9,9,99,99,9,9,99,9,99,9,9,6,6,3,-1,-1,998,1,14,TOYOTA AYGO,-1,-1,0,-1
2024052400528,2024,052400528,2,9,0,4,4,8,4,0,0,0,0,0,0,0,2,1,6,6,2,24,5,998,1,11,TOYOTA AYGO,2,E01007181,0,2
2024430478583,2024,430478583,2,9,0,8,8,2,5,0,0,1,0,0,0,0,2,1,6,6,1,35,6,998,1,10,TOYOTA AYGO,7,E01016728,0,1
2024131394504,2024,131394504,1,9,0,-1,4,1,5,-1,0,0,0,0,0,0,2,1,-1,9,1,27,6,998,1,10,TOYOTA AYGO,7,E01011329,0,2
2024070226333,2024,070226333,1,9,0,4,4,2,6,0,0,0,0,0,0,0,1,1,6,6,3,-1,-1,998,1,10,TOYOTA AYGO,-1,-1,0,-1
2024010511490,2024,010511490,2,9,0,9,9,4,1,0,0,3,0,0,0,0,3,1,6,6,2,23,5,998,1,8,TOYOTA AYGO,3,E01003263,0,1
2024421507189,2024,421507189,2,9,0,-1,4,2,6,-1,0,2,0,0,0,0,2,1,-1,6,1,39,7,998,1,18,TOYOTA AYGO,4,E01015891,0,3
2024221427599,2024,221427599,1,9,0,-1,13,1,6,-1,0,0,0,10,1,10,1,1,-1,9,2,18,4,998,1,16,TOYOTA AYGO,7,E01032399,0,1
2024411503387,2024,411503387,2,9,0,-1,19,1,5,-1,0,0,0,0,0,0,1,1,-1,6,2,51,8,998,1,0,TOYOTA AYGO,9,E01017637,0,4
2024461478590,2024,461478590,1,9,0,-1,7,4,7,-1,0,8,0,0,0,0,3,1,-1,6,1,18,4,998,1,8,TOYOTA AYGO,7,E01024362,0,3
2024501533422,2024,501533422,1,9,0,-1,13,1,5,-1,0,0,1,0,0,0,3,1,-1,9,1,17,4,998,1,17,TOYOTA AYGO,4,E01020302,0,1
2024531523944,2024,531523944,2,9,0,-1,19,1,5,-1,0,8,0,0,0,0,4,1,-1,6,2,18,4,998,1,10,TOYOTA AYGO,6,E01022341,0,1
2024041400035,2024,041400035,1,9,0,-1,19,1,5,-1,0,0,0,4,0,0,1,1,-1,2,2,74,10,998,1,18,TOYOTA AYGO,5,E01025580,0,1
2024010520540,2024,010520540,2,9,0,18,19,1,5,0,0,8,0,0,0,0,1,1,6,6,1,20,4,998,1,13,TOYOTA AYGO,10,E01001104,0,2
2024991393972,2024,991393972,1,9,0,-1,19,2,6,-1,0,1,0,0,0,0,4,1,-1,9,2,64,9,998,1,1,TOYOTA AYGO,9,-1,0,1
2024211519750,2024,211519750,1,9,0,-1,19,3,7,-1,0,0,0,0,0,0,1,1,-1,6,2,19,4,998,1,7,TOYOTA AYGO,10,E01034051,0,3
2024070516759,2024,070516759,1,9,0,16,19,1,5,0,0,0,0,0,0,0,3,1,6,6,2,82,11,998,1,14,TOYOTA AYGO,7,E01018335,0,2
2024010500112,2024,010500112,1,9,0,18,19,7,3,0,0,1,0,0,0,0,1,1,6,6,2,47,8,998,1,15,TOYOTA AYGO,5,E01001718,0,1
2024061449200,2024,061449200,1,9,-1,-1,-1,-1,-1,-1,-1,-1,-1,-1,-1,0,-1,9,-1,6,3,-1,-1,998,1,18,TOYOTA AYGO,-1,-1,0,-1
2024302400970,2024,302400970,1,9,0,18,19,4,8,0,0,0,0,0,0,0,1,1,6,6,1,26,6,998,1,10,TOYOTA AYGO,7,E01019546,0,1
2024401466220,2024,401466220,1,9,0,-1,19,3,7,-1,0,0,5,0,7,9,0,1,-1,9,1,17,4,998,1,3,TOYOTA AYGO,10,E01017459,0,1
2024061492051,2024,061492051,2,9,0,-1,2,0,0,-1,0,0,0,0,0,0,2,1,-1,6,-1,-1,-1,998,1,16,TOYOTA AYGO,-1,-1,0,-1
2024501433812,2024,501433812,2,9,0,-1,5,6,2,-1,0,0,0,0,0,0,2,9,-1,6,2,19,4,998,1,9,TOYOTA AYGO,3,E01015056,0,1
2024991442472,2024,991442472,2,9,0,-1,19,7,3,-1,0,0,0,0,1,0,1,1,-1,9,2,26,6,998,1,14,TOYOTA AYGO,-1,-1,0,-1
2024332400282,2024,332400282,2,9,0,-1,5,1,5,-1,0,6,0,7,3,1,3,1,-1,9,1,60,9,998,1,6,TOYOTA AYGO,8,E01025942,0,2
2024552400480,2024,552400480,1,9,0,7,7,1,3,0,0,6,0,0,0,0,3,1,6,6,2,83,11,998,1,17,TOYOTA AYGO,4,E01015390,0,1
2024031517787,2024,031517787,1,9,0,-1,7,7,1,-1,0,6,0,0,0,0,1,1,-1,9,2,48,8,998,1,12,TOYOTA AYGO,1,E01019231,0,1
2024421509878,2024,421509878,2,9,0,-1,11,2,7,-1,0,3,0,0,0,0,3,9,-1,6,2,38,7,998,1,8,TOYOTA AYGO,3,E01021319,0,1
2024522403326,2024,522403326,1,9,0,17,19,2,7,0,0,8,0,0,0,0,1,1,6,6,3,-1,-1,998,1,16,TOYOTA AYGO,-1,-1,0,-1
2024010512011,2024,010512011,2,9,0,18,19,5,1,0,0,1,0,0,0,0,3,1,6,6,1,25,5,998,1,10,TOYOTA AYGO,9,E01023674,0,4
2024302400756,2024,302400756,2,9,0,2,2,0,0,0,0,2,0,0,0,0,1,1,6,6,3,-1,-1,998,1,14,TOYOTA AYGO,-1,-1,0,-1
2024122400673,2024,122400673,1,9,0,5,5,7,3,0,0,1,0,0,0,0,1,1,1,1,2,22,5,998,1,12,TOYOTA AYGO,7,E01027739,0,2
2024052402637,2024,052402637,1,9,0,9,9,7,5,0,0,5,0,0,0,0,4,1,6,6,2,31,6,998,1,10,TOYOTA AYGO,1,E01006711,0,1
2024010536675,2024,010536675,1,9,0,7,7,6,8,0,0,5,0,0,0,0,4,1,6,6,1,39,7,998,1,10,TOYOTA AYGO,9,E01030331,0,3
2024461447885,2024,461447885,2,9,0,-1,19,7,3,-1,0,1,0,0,0,0,4,1,-1,9,2,73,10,998,1,11,TOYOTA AYGO,5,E01024638,0,1
2024141399791,2024,141399791,1,9,0,-1,19,3,7,-1,0,8,0,0,0,0,3,1,-1,9,2,75,10,998,1,15,TOYOTA AYGO,6,E01007630,0,2
2024461514055,2024,461514055,1,9,0,-1,19,7,3,-1,0,0,0,0,0,0,1,1,-1,2,1,18,4,998,1,9,TOYOTA AYGO,9,E01024041,0,2
2024471521830,2024,471521830,1,9,0,-1,13,6,2,-1,0,1,0,0,0,0,1,1,-1,9,2,22,5,998,1,8,TOYOTA AYGO,5,E01031771,0,3
2024471488845,2024,471488845,1,9,0,-1,19,5,1,-1,0,1,0,0,0,0,1,1,-1,9,2,20,4,998,1,12,TOYOTA AYGO,5,E01031565,0,1
2024471458147,2024,471458147,2,9,0,-1,19,8,4,-1,0,0,0,0,0,0,1,1,-1,9,2,79,11,998,1,0,TOYOTA AYGO,10,E01031828,0,4
2024070131911,2024,070131911,1,9,0,1,1,1,5,0,0,0,0,0,0,0,2,1,6,6,2,21,5,998,1,7,TOYOTA AYGO,-1,-1,0,-1
2024440433718,2024,440433718,1,9,0,18,19,2,6,0,0,0,5,4,0,0,1,1,6,6,2,76,11,998,1,5,TOYOTA AYGO,9,E01022920,0,1
2024471458458,2024,471458458,1,9,0,-1,14,8,4,-1,0,1,0,0,0,0,4,1,-1,6,1,52,8,998,1,18,TOYOTA AYGO,2,E01031432,0,1
2024461440487,2024,461440487,2,9,0,-1,19,3,6,-1,0,0,0,0,0,0,4,1,-1,9,2,46,8,998,1,7,TOYOTA AYGO,8,E01024652,0,1
2024430195308,2024,430195308,3,9,0,4,4,1,5,0,0,1,0,0,0,0,2,1,6,6,1,18,4,998,1,13,TOYOTA AYGO,6,E01031211,0,4
2024471406897,2024,471406897,2,9,0,-1,6,7,3,-1,0,0,0,0,0,0,3,1,-1,2,1,22,5,998,1,4,TOYOTA AYGO,6,E01031614,0,3
2024010539756,2024,010539756,1,9,0,18,19,1,5,0,0,1,0,0,0,0,1,1,6,6,2,27,6,998,1,5,TOYOTA AYGO,4,E01001397,0,1
2024010522701,2024,010522701,2,9,0,9,9,1,6,0,0,1,0,0,0,0,4,2,6,6,1,55,8,998,1,10,TOYOTA AYGO,6,E01002329,0,1
2024302400601,2024,302400601,2,9,0,7,7,7,2,0,0,8,0,0,0,0,3,1,6,6,1,64,9,998,1,7,TOYOTA AYGO,1,E01004839,0,4
2024471432836,2024,471432836,1,9,0,-1,9,7,3,-1,0,0,1,0,1,4,1,1,-1,9,1,54,8,998,1,12,TOYOTA AYGO,8,E01021115,0,1
2024302401674,2024,302401674,2,9,0,18,19,3,7,0,0,0,1,0,1,0,1,1,6,6,2,34,6,998,1,9,TOYOTA AYGO,3,E01013863,0,4
2024061465082,2024,061465082,1,9,0,-1,19,7,3,-1,0,0,0,0,0,0,1,1,-1,9,1,49,8,998,1,3,TOYOTA AYGO,6,E01005060,0,3
2024010510420,2024,010510420,1,9,0,18,19,5,1,0,0,1,0,4,1,11,1,1,6,6,2,89,11,998,1,6,TOYOTA AYGO,9,E01003477,0,1
2024401451104,2024,401451104,3,9,0,-1,2,0,0,-1,0,0,0,0,0,0,2,1,-1,6,-1,-1,-1,998,1,1,TOYOTA AYGO,-1,-1,0,-1
2024302401076,2024,302401076,2,9,0,18,19,2,6,0,0,8,0,0,0,0,1,1,6,6,2,64,9,998,1,12,TOYOTA AYGO,8,E01028321,0,2
2024340WN3842,2024,340WN3842,1,9,0,-1,19,3,7,-1,0,8,0,0,1,2,1,1,-1,9,1,18,4,998,1,6,TOYOTA AYGO,-1,-1,0,-1
2024411452365,2024,411452365,1,9,0,-1,12,5,1,-1,0,0,0,0,0,0,3,1,-1,9,1,40,7,998,1,8,TOYOTA AYGO,8,E01017776,0,3
202460Q007787,2024,60Q007787,1,9,0,18,19,2,6,0,0,0,0,0,1,11,1,1,6,6,1,27,6,998,1,7,TOYOTA AYGO,-1,-1,0,-1
2024471418776,2024,471418776,1,9,0,-1,19,6,2,-1,0,0,0,0,4,4,1,1,-1,2,2,20,4,998,1,9,TOYOTA AYGO,5,E01003900,0,4
2024161400850,2024,161400850,2,9,0,-1,9,5,1,-1,0,1,0,0,0,0,0,1,-1,9,2,63,9,998,1,3,TOYOTA AYGO,5,E01013180,0,1
2024041431715,2024,041431715,2,9,0,-1,19,3,7,-1,0,0,0,0,1,0,3,1,-1,6,1,56,9,998,1,2,TOYOTA AYGO,6,E01025531,0,3
2024061495047,2024,061495047,1,9,0,-1,5,7,3,-1,0,1,1,0,0,0,1,1,-1,9,1,41,7,998,1,7,TOYOTA AYGO,4,E01005208,0,1
2024451487853,2024,451487853,1,9,0,-1,9,8,5,-1,0,6,0,0,0,0,1,1,-1,2,2,44,7,998,1,7,TOYOTA AYGO,9,E01030929,0,3
2024010540261,2024,010540261,2,9,0,18,19,1,5,9,9,1,0,0,1,0,1,1,6,6,2,70,10,998,1,5,TOYOTA AYGO,6,E01002928,0,2
2024361437403,2024,361437403,1,9,0,-1,19,4,8,-1,0,2,0,0,0,0,4,1,-1,2,1,48,8,998,1,6,TOYOTA AYGO,4,E01026831,0,1
2024430016933,2024,430016933,2,9,0,18,19,8,4,0,0,0,2,0,1,0,1,1,2,2,1,31,6,998,1,6,TOYOTA AYGO,3,E01028577,0,2
2024461436147,2024,461436147,2,9,0,-1,3,1,5,-1,0,0,0,0,0,0,1,1,-1,6,2,82,11,998,1,9,TOYOTA AYGO,4,E01016115,0,1
2024141492862,2024,141492862,2,9,0,-1,9,3,1,-1,0,6,0,0,0,0,1,1,-1,6,1,-1,-1,998,1,4,TOYOTA AYGO,-1,-1,0,-1
2024471506541,2024,471506541,2,9,0,-1,19,6,2,-1,0,8,0,0,0,0,1,1,-1,9,2,77,11,998,1,0,TOYOTA AYGO,5,E01020936,0,2
2024451491401,2024,451491401,1,9,0,-1,9,3,3,-1,0,5,0,0,0,0,3,1,-1,7,1,21,5,998,1,1,TOYOTA AYGO,9,E01030568,0,3
2024311415235,2024,311415235,1,9,0,-1,19,6,2,-1,0,0,0,0,0,0,1,1,-1,9,2,44,7,998,1,13,TOYOTA AYGO,5,E01028333,0,1
2024201434389,2024,201434389,1,9,0,-1,19,3,7,-1,0,0,0,0,0,0,1,9,-1,6,1,25,5,998,1,13,TOYOTA AYGO,-1,-1,0,-1
2024052400534,2024,052400534,1,9,0,9,9,2,8,0,0,8,0,0,0,0,1,1,6,6,1,17,4,998,1,8,TOYOTA AYGO,1,E01034401,0,1
2024010533700,2024,010533700,1,9,0,7,7,3,5,0,0,8,0,0,0,0,3,1,6,6,2,23,5,998,1,2,TOYOTA AYGO,5,E01003247,0,1
2024302401340,2024,302401340,1,9,0,18,19,1,5,0,0,0,0,0,0,0,1,1,6,6,2,19,4,998,1,17,TOYOTA AYGO,1,E01019761,0,1
2024522402240,2024,522402240,1,9,0,18,19,5,1,0,0,4,0,0,0,0,1,1,6,6,1,29,6,998,1,6,TOYOTA AYGO,5,E01035222,0,1
2024221506406,2024,221506406,1,9,0,-1,5,5,1,-1,0,4,0,0,1,2,1,1,-1,6,2,56,9,998,1,9,TOYOTA AYGO,2,E01032464,0,1
2024622400355,2024,622400355,2,9,0,4,4,6,2,0,0,0,0,0,0,0,2,1,6,6,1,33,6,998,1,14,TOYOTA AYGO,2,W01001830,0,1
2024041441583,2024,041441583,2,9,0,-1,9,7,3,-1,0,8,0,0,0,0,3,1,-1,9,2,61,9,998,1,6,TOYOTA AYGO,5,E01025509,0,2
2024531440451,2024,531440451,2,9,0,-1,19,7,3,-1,0,1,0,0,0,0,2,1,-1,6,2,20,4,998,1,14,TOYOTA AYGO,6,E01022175,0,3
2024010540960,2024,010540960,2,9,0,7,7,3,5,0,0,1,0,0,0,0,1,1,6,6,1,24,5,998,1,1,TOYOTA AYGO,7,E01002298,0,2
2024131512770,2024,131512770,2,9,0,-1,19,5,1,-1,0,1,0,4,1,11,4,1,-1,9,1,21,5,998,1,13,TOYOTA AYGO,1,E01011677,0,1
2024010529412,2024,010529412,2,9,0,13,13,3,7,0,0,0,0,0,0,0,4,1,1,1,2,50,8,998,1,10,TOYOTA AYGO,3,E01000088,0,1
2024131526154,2024,131526154,1,9,0,-1,-1,-1,-1,-1,-1,-1,-1,-1,-1,-1,-1,1,-1,6,3,-1,-1,998,1,17,TOYOTA AYGO,-1,-1,0,-1
2024302400249,2024,302400249,1,9,0,18,19,1,5,0,0,1,0,0,0,0,0,1,6,6,2,22,5,998,1,11,TOYOTA AYGO,1,E01032898,0,3