collision_index,collision_year,collision_ref_no,vehicle_reference,vehicle_type,towing_and_articulation,vehicle_manoeuvre_historic,vehicle_manoeuvre,vehicle_direction_from,vehicle_direction_to,vehicle_location_restricted_lane_historic,vehicle_location_restricted_lane,junction_location,skidding_and_overturning,hit_object_in_carriageway,vehicle_leaving_carriageway,hit_object_off_carriageway,first_point_of_impact,vehicle_left_hand_drive,journey_purpose_of_driver_historic,journey_purpose_of_driver,sex_of_driver,age_of_driver,age_band_of_driver,engine_capacity_cc,propulsion_code,age_of_vehicle,generic_make_model,driver_imd_decile,lsoa_of_driver,escooter_flag,driver_distance_banding
2024010517879,2024,010517879,2,9,0,10,10,7,5,0,0,8,0,0,0,0,1,1,6,6,1,60,9,1580,8,5,KIA NIRO,7,E01002675,0,1
2024101516495,2024,101516495,1,9,0,-1,19,5,1,-1,0,0,0,0,0,0,1,1,-1,6,1,43,7,-1,3,3,KIA NIRO,8,E01027499,0,1
2024052402306,2024,052402306,1,8,0,9,9,4,2,0,0,8,0,0,0,0,1,1,1,1,1,24,5,1580,8,6,KIA NIRO,1,E01034401,0,1
2024471496951,2024,471496951,1,9,0,-1,19,8,4,-1,0,0,0,0,0,0,1,1,-1,9,2,77,11,1580,8,2,KIA NIRO,9,E01031685,0,3
2024010544381,2024,010544381,2,9,9,5,5,9,9,99,99,9,9,99,9,99,9,9,6,6,3,-1,-1,1580,8,4,KIA NIRO,-1,-1,0,-1
2024411488873,2024,411488873,1,9,0,-1,9,3,1,-1,0,2,0,0,0,0,3,1,-1,2,1,63,9,-1,3,1,KIA NIRO,8,E01022092,0,4
2024010530128,2024,010530128,1,2,0,-1,-1,5,1,0,0,8,0,0,0,0,1,1,6,6,1,32,6,1580,8,4,KIA NIRO,2,E01034148,0,2
2024010542399,2024,010542399,2,9,0,99,99,9,9,99,99,9,9,99,9,99,1,9,6,6,3,56,9,-1,3,1,KIA NIRO,3,E01021631,0,4
2024451499333,2024,451499333,1,9,0,-1,19,3,7,-1,0,0,0,0,2,7,1,1,-1,9,1,78,11,1580,8,3,KIA NIRO,6,E01001266,0,4
2024010503661,2024,010503661,2,8,0,18,19,7,3,0,0,4,0,0,0,0,1,1,1,1,1,43,7,-1,3,3,KIA NIRO,2,E01001339,0,2
2024052402479,2024,052402479,1,8,0,5,5,6,2,0,0,1,0,0,0,0,1,1,6,6,1,47,8,1580,8,5,KIA NIRO,4,E01006617,0,2
2024010521350,2024,010521350,1,8,0,99,99,9,9,99,99,6,9,99,9,99,9,9,6,6,3,39,7,-1,3,3,KIA NIRO,4,E01002704,0,2
2024010545614,2024,010545614,1,9,0,9,9,5,3,0,0,5,0,0,0,0,1,1,1,1,2,35,6,-1,3,2,KIA NIRO,4,E01030364,0,3
202460Q078628,2024,60Q078628,1,9,0,1,1,4,8,0,0,0,0,0,0,0,1,1,6,6,1,71,10,1580,8,1,KIA NIRO,-1,-1,0,-1
2024010550810,2024,010550810,1,8,0,99,99,9,9,99,99,9,9,99,9,99,9,9,1,1,1,33,6,1580,8,6,KIA NIRO,3,E01003572,0,1
202460Q121104,2024,60Q121104,1,8,0,9,9,2,7,0,0,6,0,0,0,0,3,1,1,1,1,50,8,1580,8,4,KIA NIRO,-1,-1,0,-1
2024010535360,2024,010535360,2,8,0,9,9,1,6,0,0,1,0,0,0,0,1,1,1,1,1,57,9,-1,3,4,KIA NIRO,4,E01002130,0,3
2024010528082,2024,010528082,1,8,0,7,7,3,6,0,0,5,0,0,0,0,4,1,1,1,1,47,8,1580,8,5,KIA NIRO,2,E01034472,0,4
2024131433604,2024,131433604,2,9,0,-1,2,0,0,-1,9,0,0,0,0,0,4,1,-1,6,-1,-1,-1,1580,8,2,KIA NIRO,-1,-1,0,-1
2024440387601,2024,440387601,2,9,0,18,19,6,2,0,0,8,0,0,1,0,3,1,6,6,2,43,7,-1,3,3,KIA NIRO,7,E01023225,0,2
2024461506446,2024,461506446,1,9,0,-1,19,8,8,-1,0,0,0,0,0,0,4,1,-1,6,1,47,8,-1,3,3,KIA NIRO,10,E01024818,0,1
2024010532295,2024,010532295,1,8,0,5,5,5,1,0,0,1,0,0,0,0,1,1,1,1,1,37,7,-1,3,3,KIA NIRO,1,E01014269,0,5
2024010501258,2024,010501258,1,8,0,7,7,1,2,0,0,5,0,0,0,0,4,1,1,1,1,52,8,-1,3,3,KIA NIRO,6,E01002410,0,4
2024010523006,2024,010523006,1,8,0,99,99,9,9,99,99,9,9,99,9,99,2,9,1,1,1,33,6,-1,3,1,KIA NIRO,3,E01030745,0,2
2024471512387,2024,471512387,2,9,0,-1,19,5,1,-1,0,0,0,0,0,0,1,1,-1,9,2,64,9,-1,3,0,KIA NIRO,3,E01031752,0,3
2024052401089,2024,052401089,1,8,0,9,9,8,6,0,0,1,0,0,0,0,1,2,1,1,1,43,7,1580,8,3,KIA NIRO,1,E01006679,0,2
2024010551294,2024,010551294,2,9,0,-1,-1,5,1,0,0,8,0,0,0,0,1,1,6,6,1,48,8,-1,3,1,KIA NIRO,4,E01002444,0,2
2024311493818,2024,311493818,2,9,0,-1,2,5,1,-1,0,0,0,0,0,0,2,1,-1,1,1,35,6,1580,8,2,KIA NIRO,3,E01013828,0,2
2024010550643,2024,010550643,1,9,0,1,1,1,5,0,0,0,0,0,0,0,2,1,6,6,2,53,8,-1,3,0,KIA NIRO,-1,-1,0,-1
2024010530155,2024,010530155,2,8,0,99,99,9,9,99,99,9,9,99,9,99,1,9,6,6,3,-1,-1,-1,3,3,KIA NIRO,2,E01004340,0,3
2024010539701,2024,010539701,2,8,0,99,99,9,9,99,99,9,9,99,9,99,1,9,6,6,3,40,7,-1,3,3,KIA NIRO,2,E01002840,0,2
2024451421848,2024,451421848,2,9,0,-1,6,1,5,-1,0,4,0,0,0,0,4,1,-1,2,1,43,7,-1,3,4,KIA NIRO,6,E01002601,0,2
2024991499697,2024,991499697,2,9,0,-1,19,1,5,-1,0,0,0,11,0,0,1,1,-1,9,1,67,10,1580,8,4,KIA NIRO,8,-1,0,4
2024440225061,2024,440225061,2,9,0,3,3,6,2,0,0,0,0,0,0,0,2,1,6,6,2,49,8,-1,3,4,KIA NIRO,6,E01035453,0,1
2024010520212,2024,010520212,2,9,0,99,99,9,9,99,99,9,9,99,9,99,9,9,6,6,3,-1,-1,-1,3,3,KIA NIRO,4,E01002593,0,4
2024131535777,2024,131535777,1,9,0,-1,19,3,7,-1,0,0,0,0,7,11,1,1,-1,9,1,17,4,1580,8,2,KIA NIRO,10,E01011549,0,1
2024451427142,2024,451427142,1,9,0,-1,5,1,5,-1,0,0,0,0,0,0,1,1,-1,9,2,53,8,-1,3,3,KIA NIRO,9,E01031000,0,1
2024461425924,2024,461425924,2,9,0,-1,9,3,1,-1,0,0,0,0,0,0,1,1,-1,9,2,52,8,1580,8,2,KIA NIRO,6,E01024152,0,1
2024221462640,2024,221462640,1,9,0,-1,7,3,5,-1,0,6,0,0,0,0,1,9,-1,6,1,64,9,-1,3,1,KIA NIRO,7,E01028995,0,4
2024010523781,2024,010523781,2,9,0,18,19,7,3,2,2,1,0,0,0,0,1,1,1,1,1,28,6,1580,8,5,KIA NIRO,5,E01002344,0,1
2024451523966,2024,451523966,2,9,0,-1,19,7,3,-1,0,0,0,0,0,0,3,1,-1,2,1,71,10,-1,3,2,KIA NIRO,9,E01030929,0,1
2024010507191,2024,010507191,1,9,0,9,9,5,2,0,0,6,0,0,0,0,4,1,6,6,1,34,6,-1,3,3,KIA NIRO,2,E01001460,0,3
2024471476950,2024,471476950,1,9,0,-1,19,5,1,-1,0,0,0,0,0,0,1,1,-1,6,2,76,11,1580,8,8,KIA NIRO,9,E01031504,0,1
2024481564463,2024,481564463,1,9,0,-1,5,5,1,-1,0,1,0,0,0,0,1,1,-1,6,1,40,7,-1,3,1,KIA NIRO,-1,-1,0,-1
2024101490339,2024,101490339,1,8,0,-1,19,7,3,-1,0,2,0,0,0,0,3,1,-1,1,1,48,8,-1,3,3,KIA NIRO,-1,-1,0,-1
2024010549119,2024,010549119,1,9,0,2,2,0,0,0,0,0,0,0,0,0,0,1,6,6,3,-1,-1,-1,3,3,KIA NIRO,-1,-1,0,-1
2024201520773,2024,201520773,2,9,0,-1,19,5,1,-1,0,0,0,0,0,0,4,9,-1,2,1,48,8,1580,8,2,KIA NIRO,10,E01020166,0,5
2024010501972,2024,010501972,2,9,0,99,99,9,9,99,99,9,9,99,9,99,1,9,6,6,3,-1,-1,1580,8,5,KIA NIRO,-1,-1,0,-1
2024131530643,2024,131530643,2,9,0,-1,19,7,3,-1,0,0,0,0,0,0,2,1,-1,2,1,22,5,1580,8,2,KIA NIRO,4,E01005943,0,3
2024461449140,2024,461449140,2,9,0,-1,19,1,1,-1,0,0,0,0,0,0,1,1,-1,6,1,53,8,-1,3,2,KIA NIRO,5,E01000443,0,1
202460Q144235,2024,60Q144235,1,9,0,18,19,4,8,0,0,0,0,0,0,0,1,1,6,6,1,68,10,1580,8,5,KIA NIRO,-1,-1,0,-1
2024010515777,2024,010515777,1,9,0,7,7,3,5,0,0,1,0,0,0,0,4,1,6,6,1,42,7,-1,3,3,KIA NIRO,5,E01000338,0,3
2024010545162,2024,010545162,2,9,0,3,3,5,1,0,0,1,0,0,0,0,2,1,1,1,1,62,9,-1,3,3,KIA NIRO,3,E01003917,0,1
2024371440790,2024,371440790,2,9,0,-1,19,1,5,-1,0,1,0,0,0,0,1,1,-1,6,1,65,9,1580,8,3,KIA NIRO,10,E01024441,0,5
2024161459690,2024,161459690,2,9,0,-1,19,4,8,-1,0,1,0,0,0,0,1,9,-1,6,1,-1,-1,1580,8,1,KIA NIRO,-1,-1,0,-1
2024010541973,2024,010541973,1,9,0,99,99,9,9,99,99,9,9,99,9,99,2,9,1,1,1,24,5,1580,8,6,KIA NIRO,5,E01004631,0,1
2024010503851,2024,010503851,2,9,0,99,99,9,9,99,99,9,9,99,9,99,9,9,6,6,3,-1,-1,-1,3,2,KIA NIRO,-1,-1,0,-1
2024430578540,2024,430578540,2,9,0,18,19,7,3,0,0,0,0,0,0,0,1,1,6,6,1,60,9,1580,8,0,KIA NIRO,4,E01017790,0,1
2024031417266,2024,031417266,1,9,0,-1,19,6,1,-1,0,1,0,0,0,0,1,1,-1,1,1,44,7,-1,3,0,KIA NIRO,3,E01019126,0,3
2024991404019,2024,991404019,1,9,0,-1,5,7,5,-1,0,1,0,0,0,0,1,1,-1,9,2,48,8,1580,8,2,KIA NIRO,2,-1,0,3
2024052402354,2024,052402354,1,9,0,18,19,6,2,0,0,0,0,0,0,0,1,1,1,1,1,25,5,1580,8,4,KIA NIRO,1,E01006734,0,2
2024010539848,2024,010539848,2,9,9,99,99,9,9,99,99,9,9,99,9,99,9,9,6,6,3,-1,-1,-1,3,5,KIA NIRO,-1,-1,0,-1
2024061532287,2024,061532287,1,9,0,-1,15,1,5,-1,0,1,0,0,0,0,4,1,-1,6,2,43,7,1580,8,8,KIA NIRO,7,E01005016,0,2
2024010551333,2024,010551333,2,8,0,18,19,9,9,99,99,9,9,99,9,99,1,9,6,6,3,-1,-1,1580,8,0,KIA NIRO,-1,-1,0,-1
2024622400673,2024,622400673,1,9,0,18,19,8,4,0,0,0,0,0,1,1,4,1,6,6,2,70,10,1580,8,0,KIA NIRO,1,W01000975,0,1
2024411493458,2024,411493458,1,9,0,-1,19,7,2,-1,0,0,0,0,0,0,1,1,-1,6,1,55,8,-1,3,4,KIA NIRO,5,E01000038,0,4
2024451441788,2024,451441788,3,9,0,-1,19,7,3,-1,0,0,0,0,0,0,2,1,-1,6,-1,35,6,1580,8,7,KIA NIRO,-1,-1,0,-1
2024440502831,2024,440502831,1,8,0,18,19,6,2,0,0,4,0,0,0,0,1,1,3,7,2,36,7,1580,8,3,KIA NIRO,5,E01017074,0,4
2024010546816,2024,010546816,2,9,0,3,3,7,3,0,0,1,0,0,0,0,2,1,1,1,1,36,7,1580,8,7,KIA NIRO,4,E01003719,0,2
2024351444025,2024,351444025,1,9,-1,-1,-1,-1,-1,-1,-1,0,-1,-1,-1,0,-1,9,-1,6,3,-1,-1,-1,3,2,KIA NIRO,-1,-1,0,-1
2024010521226,2024,010521226,2,9,0,18,19,3,7,0,0,4,0,0,0,0,1,1,6,6,1,68,10,1580,8,7,KIA NIRO,4,E01001261,0,1
2024430089923,2024,430089923,2,9,0,4,4,6,2,0,0,0,0,0,0,0,2,1,6,6,2,59,9,1580,8,2,KIA NIRO,8,E01028716,0,4
2024010513880,2024,010513880,3,9,0,2,2,0,0,0,0,0,0,0,0,0,2,1,6,6,3,-1,-1,-1,3,2,KIA NIRO,-1,-1,0,-1
2024010549003,2024,010549003,1,8,0,99,99,9,9,0,0,9,0,99,9,99,0,9,6,6,1,55,8,1580,8,1,KIA NIRO,2,E01002096,0,1
2024201453321,2024,201453321,1,9,0,-1,14,2,6,-1,0,0,0,4,0,0,4,9,-1,6,1,50,8,1580,8,7,KIA NIRO,-1,-1,0,-1
2024010533172,2024,010533172,4,9,0,99,99,9,9,99,99,9,9,99,9,99,9,9,6,6,3,-1,-1,-1,3,3,KIA NIRO,-1,-1,0,-1
2024010497302,2024,010497302,1,9,0,5,5,1,5,0,0,8,0,11,0,0,1,1,1,1,1,42,7,-1,3,2,KIA NIRO,4,E01003695,0,4
2024501431772,2024,501431772,2,9,0,-1,19,7,3,-1,0,0,0,0,0,0,3,9,-1,6,1,37,7,-1,3,2,KIA NIRO,8,E01032190,0,5
2024010549499,2024,010549499,1,9,0,9,9,4,1,0,0,1,0,0,0,0,3,2,6,6,1,48,8,-1,3,3,KIA NIRO,5,E01034480,0,1
2024010526483,2024,010526483,2,8,0,11,11,3,7,0,0,6,0,0,0,0,1,1,6,6,1,28,6,-1,3,4,KIA NIRO,2,E01003190,0,3
2024320277991,2024,320277991,2,9,0,2,2,0,0,0,0,0,0,0,0,0,2,1,6,6,3,-1,-1,1580,8,5,KIA NIRO,-1,-1,0,-1
2024332400839,2024,332400839,2,9,0,-1,12,3,7,-1,0,0,0,0,0,0,1,1,-1,6,3,-1,-1,1580,8,4,KIA NIRO,-1,-1,0,-1
2024010500002,2024,010500002,2,9,0,99,99,9,9,99,99,4,9,99,9,99,1,9,6,6,3,-1,-1,-1,3,2,KIA NIRO,-1,-1,0,-1
2024010545570,2024,010545570,2,9,0,99,99,9,9,99,99,9,9,99,9,99,1,9,6,6,3,-1,-1,-1,3,0,KIA NIRO,-1,-1,0,-1
2024010548072,2024,010548072,1,8,0,99,99,9,9,99,99,9,9,99,9,99,2,9,2,2,1,37,7,-1,3,3,KIA NIRO,4,E01004393,0,2
2024430341707,2024,430341707,1,9,0,10,10,8,6,0,0,1,0,0,0,0,2,1,6,6,1,42,7,-1,3,0,KIA NIRO,10,E01016672,0,1
2024010507433,2024,010507433,1,9,0,18,19,5,1,0,0,6,0,0,0,0,4,1,6,6,2,35,6,1580,8,3,KIA NIRO,4,E01001995,0,1
2024010512306,2024,010512306,2,9,0,17,19,1,5,0,0,0,0,0,0,0,1,1,2,2,1,44,7,1580,8,1,KIA NIRO,6,E01003772,0,1
2024010528077,2024,010528077,1,9,0,18,19,3,7,0,0,2,0,0,0,0,3,1,1,1,1,-1,-1,-1,3,3,KIA NIRO,6,E01002410,0,4
2024010514517,2024,010514517,1,8,0,99,99,9,9,99,99,9,9,99,9,99,2,9,1,1,1,53,8,1580,8,3,KIA NIRO,8,E01030393,0,2
2024010530358,2024,010530358,1,9,0,9,9,5,2,0,0,1,0,0,0,0,1,1,1,1,1,24,5,1580,8,4,KIA NIRO,4,E01000164,0,2
2024421474006,2024,421474006,2,9,0,-1,19,3,7,-1,0,2,0,0,0,0,1,1,-1,2,2,34,6,1580,8,5,KIA NIRO,6,E01023317,0,4
2024010536712,2024,010536712,1,9,0,2,2,0,0,0,0,0,0,0,0,0,2,1,6,6,3,-1,-1,-1,3,2,KIA NIRO,-1,-1,0,-1
2024041448357,2024,041448357,1,9,0,-1,19,1,5,-1,0,0,0,0,0,0,1,1,-1,9,2,27,6,1580,8,2,KIA NIRO,1,E01005094,0,4
2024010547088,2024,010547088,3,9,0,99,99,9,9,99,99,0,9,99,9,99,9,9,6,6,3,-1,-1,-1,3,2,KIA NIRO,-1,-1,0,-1
2024451508900,2024,451508900,1,9,0,-1,10,8,4,-1,0,0,0,0,0,0,2,1,-1,9,2,45,7,-1,3,4,KIA NIRO,8,E01030393,0,1
2024451467126,2024,451467126,2,9,0,-1,9,3,3,-1,0,0,0,0,0,0,3,1,-1,1,1,54,8,1580,8,5,KIA NIRO,5,E01002666,0,2
2024461461445,2024,461461445,2,9,0,-1,19,3,7,-1,0,0,0,0,0,0,0,1,-1,1,1,38,7,-1,3,1,KIA NIRO,9,E01030861,0,4
2024010550344,2024,010550344,2,9,0,18,19,1,5,0,0,8,0,0,0,0,2,1,6,6,3,-1,-1,1580,8,4,KIA NIRO,-1,-1,0,-1
2024010515118,2024,010515118,1,9,0,18,19,3,7,0,0,0,0,10,0,0,1,1,6,6,2,29,6,1580,8,2,KIA NIRO,1,E01002093,0,1
2024070196192,2024,070196192,2,9,0,18,19,1,5,0,0,1,0,0,0,0,3,1,2,2,2,46,8,-1,3,1,KIA NIRO,-1,-1,0,-1
2024451401010,2024,451401010,2,9,0,-1,4,2,6,-1,0,0,0,0,0,0,2,1,-1,1,1,36,7,1580,8,5,KIA NIRO,6,E01002955,0,3
2024451493097,2024,451493097,2,9,0,-1,19,5,1,-1,0,1,1,0,6,0,1,1,-1,6,1,65,9,1580,8,6,KIA NIRO,10,E01031690,0,2
2024010523931,2024,010523931,1,9,0,4,4,7,3,0,0,1,0,0,0,0,2,2,1,1,1,34,6,-1,3,3,KIA NIRO,6,E01016506,0,4
2024131484932,2024,131484932,1,9,0,-1,2,1,1,-1,0,8,0,0,0,0,0,1,-1,9,1,73,10,1580,8,7,KIA NIRO,5,E01011161,0,1
2024461517798,2024,461517798,1,9,0,-1,9,1,7,-1,0,1,0,0,0,0,1,9,-1,6,1,59,9,1580,8,4,KIA NIRO,2,E01016068,0,1
2024351438801,2024,351438801,1,9,0,-1,3,7,3,-1,0,0,0,0,0,0,2,1,-1,6,1,37,7,1580,8,0,KIA NIRO,3,E01015624,0,4
2024010526108,2024,010526108,2,8,0,3,3,1,5,0,0,0,0,0,0,0,2,1,1,1,1,29,6,-1,3,3,KIA NIRO,3,E01000578,0,4
2024122400233,2024,122400233,1,9,0,17,19,3,1,0,0,8,0,0,0,0,1,1,6,6,2,46,8,-1,3,1,KIA NIRO,3,E01027909,0,4
2024211455823,2024,211455823,1,9,0,-1,9,2,8,-1,5,8,0,0,0,0,4,1,-1,2,1,41,7,1580,8,0,KIA NIRO,4,E01009449,0,3
2024501412134,2024,501412134,1,9,0,-1,19,8,4,-1,0,1,0,0,0,0,4,9,-1,9,1,63,9,1580,8,3,KIA NIRO,1,E01018875,0,1
2024471522166,2024,471522166,2,8,0,-1,3,2,6,-1,0,0,0,0,0,0,2,1,-1,1,1,56,9,1580,8,4,KIA NIRO,7,E01031417,0,1
2024351398817,2024,351398817,1,9,0,-1,5,5,1,-1,0,0,0,0,0,0,1,1,-1,6,2,51,8,1580,8,4,KIA NIRO,2,E01022056,0,5
2024010515199,2024,010515199,2,9,9,99,99,9,9,99,99,9,9,99,9,99,9,9,6,6,3,-1,-1,1580,8,1,KIA NIRO,-1,-1,0,-1
2024010547172,2024,010547172,1,9,0,99,99,9,9,99,99,9,9,99,9,99,2,9,2,2,1,28,6,1580,8,0,KIA NIRO,3,E01001749,0,1
2024052500006,2024,052500006,2,8,0,18,19,7,3,0,0,1,0,0,0,0,1,1,1,1,1,43,7,1580,8,4,KIA NIRO,1,E01006603,0,2
2024471481186,2024,471481186,1,9,0,-1,19,6,2,-1,0,0,0,0,0,0,1,1,-1,9,1,34,6,1580,8,6,KIA NIRO,9,E01017003,0,3
2024010531080,2024,010531080,2,9,0,99,99,9,9,99,99,9,9,99,9,99,9,9,6,6,3,-1,-1,-1,3,3,KIA NIRO,-1,-1,0,-1
2024010516753,2024,010516753,1,8,0,18,19,1,5,0,0,5,0,0,0,0,1,1,1,1,1,38,7,-1,3,2,KIA NIRO,5,E01033921,0,2
2024440429081,2024,440429081,1,9,0,9,9,5,3,0,0,8,0,0,0,0,1,1,6,6,2,81,11,1580,8,2,KIA NIRO,8,E01022829,0,1
2024010535454,2024,010535454,2,9,0,18,19,1,5,0,0,4,0,0,3,0,1,1,6,6,1,26,6,1580,8,5,KIA NIRO,3,E01000108,0,1
2024010546415,2024,010546415,1,9,0,18,19,3,7,0,0,8,0,0,0,0,4,1,6,6,2,63,9,1580,8,0,KIA NIRO,-1,-1,0,-1
2024471529787,2024,471529787,1,9,0,-1,9,2,7,-1,0,6,0,0,0,0,1,1,-1,9,1,76,11,-1,3,2,KIA NIRO,8,E01030823,0,1
2024010521344,2024,010521344,2,8,0,7,7,9,9,99,99,9,9,99,9,99,1,9,6,6,3,-1,-1,1580,8,4,KIA NIRO,7,E01003152,0,2
2024010542454,2024,010542454,1,9,0,5,5,3,7,0,0,0,0,7,0,0,1,1,6,6,2,42,7,-1,3,3,KIA NIRO,8,E01000649,0,1
2024010528542,2024,010528542,1,8,0,5,5,7,3,0,0,8,0,10,7,0,4,1,2,2,1,51,8,-1,3,4,KIA NIRO,3,E01002403,0,1
2024211522678,2024,211522678,1,9,0,-1,7,1,5,-1,0,1,0,0,0,0,4,1,-1,6,2,40,7,1580,8,4,KIA NIRO,9,E01029779,0,1
2024010502617,2024,010502617,1,9,0,9,9,7,4,9,9,1,0,0,0,0,1,1,6,6,1,52,8,1580,8,3,KIA NIRO,2,E01000064,0,3
2024010513633,2024,010513633,1,9,0,15,15,5,1,0,0,2,0,0,0,0,1,1,6,6,1,30,6,1580,8,7,KIA NIRO,4,E01004296,0,1
2024010506553,2024,010506553,1,9,0,9,9,1,7,0,0,6,0,0,0,0,1,1,6,6,1,59,9,-1,3,3,KIA NIRO,6,E01001016,0,1
2024332400949,2024,332400949,1,9,0,-1,13,7,3,-1,0,8,0,0,0,0,1,1,-1,1,1,53,8,1580,8,1,KIA NIRO,1,E01009539,0,4
2024320101253,2024,320101253,2,9,0,2,2,0,0,0,0,0,1,0,1,4,2,1,6,6,3,-1,-1,1580,8,8,KIA NIRO,-1,-1,0,-1
2024501501408,2024,501501408,3,9,0,-1,19,2,6,-1,0,0,0,0,0,0,1,1,-1,2,2,35,6,-1,3,2,KIA NIRO,6,E01034634,0,3
2024451523020,2024,451523020,1,9,0,-1,19,1,5,-1,0,1,1,0,0,0,3,1,-1,1,1,49,8,1580,8,0,KIA NIRO,3,E01035242,0,3
2024131510138,2024,131510138,1,8,0,-1,2,0,0,-1,0,0,0,0,0,0,3,1,-1,1,1,30,6,-1,3,4,KIA NIRO,2,E01010929,0,2
2024010531199,2024,010531199,2,9,0,99,99,9,9,99,99,9,9,99,9,99,9,9,6,6,3,53,8,-1,3,1,KIA NIRO,3,E01003244,0,1
2024631497259,2024,631497259,2,9,0,-1,19,6,2,-1,0,0,0,0,0,0,3,1,-1,6,2,51,8,1580,8,2,KIA NIRO,7,W01000712,0,1
2024131498596,2024,131498596,2,9,0,-1,19,3,7,-1,0,8,0,0,0,0,3,1,-1,1,1,53,8,-1,3,3,KIA NIRO,2,E01010805,0,1
2024221514274,2024,221514274,2,9,0,-1,19,8,4,-1,0,0,0,0,0,0,1,1,-1,9,1,75,10,1580,8,4,KIA NIRO,8,E01032287,0,4
2024461469891,2024,461469891,1,9,0,-1,19,5,3,-1,0,0,0,0,0,0,1,1,-1,1,1,41,7,-1,3,1,KIA NIRO,2,E01024247,0,4
2024010530900,2024,010530900,2,9,0,6,6,3,3,0,0,0,0,0,0,0,1,1,6,6,1,37,7,1580,8,2,KIA NIRO,5,E01000982,0,3
2024131431475,2024,131431475,2,9,0,-1,5,7,3,-1,0,5,0,0,3,0,1,1,-1,9,1,79,11,1580,8,5,KIA NIRO,5,E01011078,0,2
2024041518834,2024,041518834,3,9,0,-1,4,5,1,-1,0,1,0,0,0,0,2,1,-1,6,1,74,10,1580,8,2,KIA NIRO,8,E01025513,0,2
2024411528056,2024,411528056,1,9,0,-1,19,2,6,-1,0,0,0,0,0,0,1,1,-1,7,2,69,10,1580,8,5,KIA NIRO,7,E01017382,0,4
2024010550091,2024,010550091,1,9,9,3,3,1,5,0,0,9,0,0,0,0,2,9,6,6,1,-1,-1,1580,8,4,KIA NIRO,2,E01004574,0,4
2024010511602,2024,010511602,2,9,0,18,19,3,7,0,0,0,0,0,0,0,2,1,6,6,1,57,9,1580,8,5,KIA NIRO,7,E01002420,0,4
2024010548171,2024,010548171,2,9,0,18,19,7,3,0,0,1,0,0,0,0,3,1,1,1,1,63,9,-1,3,2,KIA NIRO,4,E01004686,0,2
2024010536995,2024,010536995,1,8,0,99,99,9,9,99,99,9,9,8,9,99,1,9,6,6,1,37,7,-1,3,2,KIA NIRO,4,E01016003,0,4
2024010529604,2024,010529604,1,9,0,9,9,1,7,0,0,8,0,0,0,0,1,1,1,1,1,38,7,-1,3,2,KIA NIRO,2,E01003266,0,3
2024010550267,2024,010550267,1,9,0,8,8,8,1,0,0,0,0,0,0,0,2,1,6,6,1,49,8,1580,8,4,KIA NIRO,6,E01002422,0,4
2024531492163,2024,531492163,1,9,0,-1,19,8,4,-1,0,1,0,0,0,0,1,1,-1,7,2,47,8,1580,8,5,KIA NIRO,10,E01022128,0,1
2024010516678,2024,010516678,2,9,0,99,99,9,9,99,99,0,9,99,9,99,9,9,6,6,3,-1,-1,-1,3,2,KIA NIRO,-1,-1,0,-1
2024010517906,2024,010517906,2,9,0,5,5,5,1,0,0,0,0,0,0,0,1,1,6,6,1,18,4,1580,8,2,KIA NIRO,2,E01004088,0,2
2024070402607,2024,070402607,2,9,0,4,4,3,7,0,0,0,0,0,1,0,1,1,2,2,1,49,8,1580,8,2,KIA NIRO,7,-1,0,5
2024161531287,2024,161531287,2,9,0,-1,4,1,5,-1,0,8,0,0,0,0,1,1,-1,9,2,56,9,1580,8,6,KIA NIRO,10,E01012927,0,3
2024610033024,2024,610033024,1,9,0,18,19,5,1,0,0,0,1,0,1,11,1,1,6,6,2,24,5,1580,8,0,KIA NIRO,1,W01001687,0,2
2024010504709,2024,010504709,2,9,0,99,99,9,9,99,99,9,9,99,9,99,9,9,6,6,3,-1,-1,1580,8,6,KIA NIRO,-1,-1,0,-1
2024010509749,2024,010509749,1,9,0,5,5,1,5,0,0,0,0,0,0,0,3,1,6,6,2,50,8,1580,8,7,KIA NIRO,6,E01001312,0,1
2024010521082,2024,010521082,2,8,0,3,3,1,5,3,2,0,0,0,0,0,4,1,1,1,1,35,6,1580,8,0,KIA NIRO,3,E01003564,0,3
2024041418964,2024,041418964,2,9,0,-1,2,0,0,-1,0,0,0,0,0,0,2,1,-1,6,-1,-1,-1,1580,8,5,KIA NIRO,-1,-1,0,-1
2024061393716,2024,061393716,2,8,0,-1,19,3,7,-1,0,2,0,0,0,0,3,1,-1,1,1,45,7,1580,8,5,KIA NIRO,1,E01005166,0,1
2024991445098,2024,991445098,1,9,0,-1,9,4,1,-1,0,4,0,0,0,0,1,1,-1,9,2,45,7,-1,3,1,KIA NIRO,4,-1,0,1
2024010538829,2024,010538829,1,9,0,18,19,2,6,0,0,0,0,0,0,0,1,1,6,6,1,65,9,-1,3,3,KIA NIRO,2,E01035676,0,1
2024061508965,2024,061508965,1,9,0,-1,9,4,8,-1,0,1,0,0,0,0,3,1,-1,6,1,36,7,1580,8,4,KIA NIRO,3,E01005726,0,3
2024010541122,2024,010541122,2,9,0,99,99,9,9,99,99,9,9,99,9,99,1,9,6,6,3,-1,-1,1580,8,3,KIA NIRO,-1,-1,0,-1
2024010509986,2024,010509986,1,9,0,18,19,3,7,0,0,2,0,0,0,0,1,1,6,6,3,-1,-1,1580,8,5,KIA NIRO,-1,-1,0,-1
2024440443234,2024,440443234,1,9,0,18,19,8,4,0,0,0,0,0,0,0,4,1,6,6,2,33,6,1580,8,6,KIA NIRO,1,E01017154,0,1