collision_index,collision_year,collision_ref_no,vehicle_reference,vehicle_type,towing_and_articulation,vehicle_manoeuvre_historic,vehicle_manoeuvre,vehicle_direction_from,vehicle_direction_to,vehicle_location_restricted_lane_historic,vehicle_location_restricted_lane,junction_location,skidding_and_overturning,hit_object_in_carriageway,vehicle_leaving_carriageway,hit_object_off_carriageway,first_point_of_impact,vehicle_left_hand_drive,journey_purpose_of_driver_historic,journey_purpose_of_driver,sex_of_driver,age_of_driver,age_band_of_driver,engine_capacity_cc,propulsion_code,age_of_vehicle,generic_make_model,driver_imd_decile,lsoa_of_driver,escooter_flag,driver_distance_banding
2024010505080,2024,010505080,1,8,0,5,5,0,1,0,0,0,0,0,0,0,2,1,1,1,1,53,8,-1,3,3,KIA NIRO,4,E01016474,0,4
2024010531146,2024,010531146,2,9,0,99,99,9,9,99,99,9,9,99,9,99,9,9,6,6,3,48,8,-1,3,3,KIA NIRO,3,E01032786,0,1
2024041518577,2024,041518577,3,9,0,-1,10,4,8,-1,0,4,0,0,0,0,2,1,-1,2,2,39,7,1580,8,3,KIA NIRO,9,E01012598,0,3
2024041522264,2024,041522264,1,9,0,-1,19,3,7,-1,0,1,0,0,0,0,1,1,-1,1,1,51,8,1580,8,1,KIA NIRO,2,E01012580,0,3
2024010489149,2024,010489149,3,9,0,18,19,6,2,0,0,1,0,0,0,0,1,1,2,2,1,24,5,1580,8,3,KIA NIRO,3,E01035673,0,1
2024451424079,2024,451424079,2,9,0,-1,19,5,1,-1,0,1,0,0,0,0,1,1,-1,1,1,50,8,1580,8,4,KIA NIRO,3,E01030385,0,1
2024430501487,2024,430501487,1,9,0,9,9,7,5,-1,-1,6,0,0,0,0,1,1,6,6,1,23,5,-1,3,4,KIA NIRO,10,E01017401,0,3
2024320750018,2024,320750018,2,9,0,3,3,4,8,0,0,0,0,0,0,0,2,1,-1,-1,1,29,6,1580,8,3,KIA NIRO,4,E01026705,0,4
2024010504338,2024,010504338,2,9,0,12,12,3,7,0,0,0,0,0,0,0,3,1,1,1,1,50,8,-1,3,3,KIA NIRO,5,E01033739,0,2
2024010521273,2024,010521273,1,8,0,99,99,9,9,99,99,9,9,99,9,99,2,9,1,1,1,62,9,-1,3,2,KIA NIRO,7,E01023335,0,2
2024361500039,2024,361500039,1,9,0,-1,-1,-1,-1,-1,0,0,0,0,7,0,1,1,-1,9,2,67,10,1580,8,2,KIA NIRO,7,E01026910,0,1
2024141488730,2024,141488730,1,9,0,-1,19,1,6,-1,0,0,0,0,0,0,1,1,-1,1,1,39,7,-1,3,1,KIA NIRO,8,E01007918,0,2
2024010539019,2024,010539019,1,9,0,18,19,7,3,0,0,2,0,0,0,0,1,1,1,1,1,49,8,-1,3,3,KIA NIRO,2,E01003087,0,2
2024010547195,2024,010547195,2,9,0,99,99,9,9,99,99,9,9,99,9,99,9,9,6,6,3,-1,-1,1580,8,0,KIA NIRO,-1,-1,0,-1
2024141513242,2024,141513242,1,9,0,-1,9,2,8,-1,0,2,0,0,0,0,3,9,-1,6,2,54,8,1580,8,2,KIA NIRO,1,E01007332,0,2
2024052400221,2024,052400221,1,8,0,5,5,5,1,0,0,0,0,0,0,0,0,1,1,1,1,-1,-1,1580,8,2,KIA NIRO,-1,-1,0,-1
2024010510437,2024,010510437,2,8,0,99,99,9,9,99,99,9,9,99,9,99,9,9,6,6,1,40,7,1580,8,4,KIA NIRO,3,E01001645,0,3
2024451474737,2024,451474737,2,9,0,-1,2,1,5,-1,9,0,1,10,0,0,3,1,-1,6,-1,-1,-1,1580,8,0,KIA NIRO,-1,-1,0,-1
202454F260024,2024,54F260024,2,9,0,18,19,5,1,0,0,8,0,0,0,0,4,1,6,6,1,79,11,1580,8,4,KIA NIRO,6,E01015574,0,1
2024010540084,2024,010540084,2,9,0,18,19,5,1,0,0,0,0,0,1,0,1,1,1,1,1,48,8,-1,3,0,KIA NIRO,4,E01031133,0,5
2024010548434,2024,010548434,1,9,0,99,99,9,9,99,99,9,9,99,9,99,1,9,2,2,2,60,9,1580,8,0,KIA NIRO,1,E01001517,0,3
2024430437665,2024,430437665,2,9,0,3,3,1,5,0,0,0,0,0,0,0,2,1,2,2,1,38,7,1580,8,0,KIA NIRO,8,E01022298,0,4
2024010512374,2024,010512374,2,9,0,18,19,5,1,0,0,8,0,0,0,0,1,1,6,6,1,51,8,-1,3,2,KIA NIRO,2,E01004248,0,3
2024010514671,2024,010514671,2,9,0,5,5,1,5,0,0,6,0,0,3,0,4,1,6,6,1,25,5,-1,3,4,KIA NIRO,3,E01002235,0,1
2024041486764,2024,041486764,1,9,0,-1,19,3,7,-1,9,1,0,0,0,0,1,1,-1,1,1,52,8,-1,3,3,KIA NIRO,4,E01025288,0,1
2024451421553,2024,451421553,4,9,0,-1,19,7,3,-1,0,0,0,0,0,0,1,1,-1,2,1,48,8,-1,3,2,KIA NIRO,9,E01004115,0,2
2024052400297,2024,052400297,1,9,0,18,19,8,4,0,0,1,0,0,0,0,1,1,1,1,1,40,7,1580,8,2,KIA NIRO,1,E01006696,0,1
2024010527692,2024,010527692,1,8,0,18,19,3,7,0,0,1,0,0,0,0,3,1,1,1,1,37,7,1580,8,4,KIA NIRO,5,E01033922,0,1
2024501522589,2024,501522589,1,9,0,-1,3,3,7,-1,0,0,0,0,0,0,1,1,-1,6,1,78,11,1580,8,1,KIA NIRO,9,E01020210,0,1
2024131400654,2024,131400654,2,9,0,-1,2,1,1,-1,0,8,0,0,0,0,2,1,-1,1,1,31,6,1580,8,3,KIA NIRO,3,E01011314,0,2
2024451404216,2024,451404216,1,9,0,-1,10,1,7,-1,0,3,0,0,7,0,4,1,-1,2,1,53,8,-1,3,2,KIA NIRO,10,E01030504,0,1
2024461413049,2024,461413049,1,9,0,-1,3,7,3,-1,0,0,0,0,0,0,2,1,-1,1,2,27,6,-1,3,3,KIA NIRO,6,E01024332,0,1
2024010549149,2024,010549149,1,8,0,99,99,9,9,99,99,6,9,99,9,99,9,9,6,6,1,40,7,-1,3,3,KIA NIRO,5,E01017902,0,4
202454E288024,2024,54E288024,3,9,0,4,4,3,7,0,0,0,0,0,0,0,3,1,2,2,2,29,6,-1,3,1,KIA NIRO,8,E01033849,0,1
2024041433736,2024,041433736,1,9,0,-1,19,8,4,-1,0,0,0,0,0,0,1,1,-1,1,1,26,6,1580,8,6,KIA NIRO,1,E01012683,0,1
2024010531837,2024,010531837,2,9,0,18,19,3,7,0,0,1,0,0,0,0,1,1,1,1,1,59,9,-1,3,3,KIA NIRO,10,E01016670,0,4
2024141505018,2024,141505018,2,9,0,-1,11,-1,-1,-1,0,1,0,0,0,0,-1,9,-1,6,2,52,8,-1,3,1,KIA NIRO,9,E01019795,0,4
2024131508875,2024,131508875,2,9,0,-1,2,0,0,-1,0,8,0,0,0,0,3,1,-1,6,-1,-1,-1,-1,3,1,KIA NIRO,-1,-1,0,-1
2024010525562,2024,010525562,2,9,0,99,99,9,9,99,99,9,9,99,9,99,1,9,6,6,3,-1,-1,-1,3,2,KIA NIRO,-1,-1,0,-1
2024070984501,2024,070984501,1,9,0,-1,19,7,3,-1,9,6,0,0,7,11,1,1,-1,9,2,60,9,1580,8,3,KIA NIRO,9,E01018737,0,1
2024010543872,2024,010543872,2,9,0,9,9,6,4,0,0,8,0,0,0,0,1,1,6,6,3,-1,-1,1580,8,0,KIA NIRO,-1,-1,0,-1
2024131502325,2024,131502325,1,9,0,-1,11,5,1,-1,0,0,0,0,1,0,1,1,-1,9,2,59,9,-1,3,2,KIA NIRO,8,E01011181,0,2
2024411560756,2024,411560756,1,8,0,-1,5,2,6,-1,0,1,0,0,0,0,4,1,-1,1,1,51,8,1580,8,3,KIA NIRO,6,E01023570,0,1
2024010518473,2024,010518473,3,9,0,99,99,9,9,99,99,9,9,99,9,99,2,9,6,6,3,-1,-1,1580,8,2,KIA NIRO,-1,-1,0,-1
2024411504453,2024,411504453,2,9,0,-1,5,3,7,-1,0,0,0,11,1,1,1,1,-1,9,2,32,6,1580,8,5,KIA NIRO,7,E01023760,0,1
2024131422038,2024,131422038,1,9,0,-1,19,5,1,-1,0,1,0,0,0,0,3,1,-1,2,2,48,8,1580,8,4,KIA NIRO,3,E01011154,0,1
2024421448488,2024,421448488,1,9,0,-1,9,7,5,-1,0,8,0,0,0,0,3,1,-1,9,1,51,8,1580,8,7,KIA NIRO,-1,-1,0,-1
2024430072998,2024,430072998,1,9,0,9,9,2,8,0,0,6,0,0,0,0,3,1,6,6,1,77,11,1580,8,8,KIA NIRO,6,E01016287,0,1
2024451444769,2024,451444769,1,9,0,-1,9,3,7,-1,0,6,0,0,0,0,1,1,-1,9,2,46,8,1580,8,5,KIA NIRO,7,E01034576,0,2
2024991451891,2024,991451891,2,9,0,-1,19,4,1,-1,0,8,0,0,0,0,1,1,-1,9,2,61,9,1580,8,2,KIA NIRO,-1,-1,0,-1
2024010516502,2024,010516502,2,9,0,99,99,9,9,99,99,0,9,99,9,99,0,9,6,6,2,34,6,1580,8,4,KIA NIRO,5,E01001272,0,2
2024010541342,2024,010541342,1,9,0,3,3,7,3,0,0,0,0,0,0,0,2,1,1,1,1,54,8,-1,3,3,KIA NIRO,3,E01001287,0,2
2024610043724,2024,610043724,3,9,0,2,2,0,0,6,6,0,0,0,0,0,4,1,6,6,1,39,7,-1,3,2,KIA NIRO,5,W01001589,0,1
2024010538113,2024,010538113,1,8,9,99,99,9,9,99,99,9,9,99,9,99,9,9,6,6,1,42,7,-1,3,4,KIA NIRO,2,E01033604,0,1
2024010517893,2024,010517893,1,9,0,18,19,9,9,99,99,0,9,99,9,99,9,9,2,2,1,35,6,1580,8,6,KIA NIRO,5,E01003666,0,1
2024010509292,2024,010509292,4,9,0,18,19,1,5,0,0,1,0,0,0,0,1,1,1,1,1,57,9,1580,8,5,KIA NIRO,2,E01034475,0,1
2024010533938,2024,010533938,2,9,0,9,9,3,8,0,0,1,0,0,0,0,0,1,6,6,1,55,8,1580,8,6,KIA NIRO,7,E01003738,0,3
2024461468899,2024,461468899,1,9,0,-1,1,5,1,-1,0,1,0,10,0,0,4,1,-1,9,2,43,7,-1,3,2,KIA NIRO,7,E01024350,0,3
2024010512154,2024,010512154,1,9,0,18,19,1,5,0,0,6,0,0,0,0,1,1,2,2,1,57,9,1580,8,4,KIA NIRO,2,E01003087,0,2
2024302400123,2024,302400123,2,9,0,5,5,4,8,0,0,4,0,0,0,0,2,1,6,6,1,49,8,1580,8,3,KIA NIRO,2,E01013475,0,1
2024010549116,2024,010549116,1,9,0,4,4,1,5,0,0,1,0,0,0,0,4,1,1,1,1,37,7,-1,3,4,KIA NIRO,6,E01000211,0,3
2024070021418,2024,070021418,2,9,0,17,19,5,1,0,0,0,1,0,0,0,1,1,6,6,1,72,10,1580,8,7,KIA NIRO,10,E01018671,0,4
2024010510366,2024,010510366,1,9,0,18,19,1,5,99,99,9,9,99,9,99,3,1,6,6,1,43,7,-1,3,2,KIA NIRO,1,E01004670,0,1
2024010506521,2024,010506521,1,9,0,1,1,1,5,0,0,0,0,0,0,0,2,1,6,6,3,43,7,-1,3,2,KIA NIRO,3,E01001112,0,1
2024010523793,2024,010523793,2,9,0,4,4,7,3,0,0,6,0,0,0,0,1,1,1,1,1,48,8,-1,3,3,KIA NIRO,5,E01030725,0,1
2024311526843,2024,311526843,1,9,0,-1,4,1,5,-1,0,0,0,0,0,0,2,1,-1,9,2,56,9,1580,8,0,KIA NIRO,3,E01035508,0,2
2024010513457,2024,010513457,1,8,0,99,99,9,9,99,99,9,9,99,9,99,2,9,6,6,1,55,8,-1,3,2,KIA NIRO,6,E01000274,0,3
2024411453850,2024,411453850,2,9,0,-1,2,0,0,-1,0,0,0,0,0,0,1,1,-1,6,-1,-1,-1,1580,8,3,KIA NIRO,-1,-1,0,-1
2024010519481,2024,010519481,1,8,0,18,19,3,7,0,0,2,0,0,0,0,1,1,1,1,1,51,8,-1,3,1,KIA NIRO,9,E01000686,0,1
2024141519532,2024,141519532,1,9,0,-1,19,8,4,-1,0,1,0,0,0,0,1,1,-1,9,2,64,9,1580,8,2,KIA NIRO,7,E01007834,0,1
2024231498259,2024,231498259,3,9,0,-1,4,2,4,-1,0,1,0,0,0,0,2,1,-1,2,1,55,8,-1,3,0,KIA NIRO,10,E01009705,0,4
2024010537629,2024,010537629,1,9,0,18,19,5,1,0,0,2,0,10,0,0,1,1,6,6,1,47,8,1580,8,2,KIA NIRO,2,E01033926,0,2
2024010536760,2024,010536760,2,9,0,18,19,5,1,0,0,8,0,0,0,0,4,2,1,1,1,51,8,-1,3,2,KIA NIRO,6,E01004370,0,3
2024010520356,2024,010520356,5,9,0,18,19,7,3,0,0,2,0,0,0,0,2,1,6,6,1,55,8,1580,8,3,KIA NIRO,5,E01002369,0,2
2024010509929,2024,010509929,2,9,0,99,99,9,9,99,99,9,9,99,9,99,9,9,6,6,3,-1,-1,-1,3,3,KIA NIRO,-1,-1,0,-1
2024471450577,2024,471450577,1,9,0,-1,19,8,4,-1,0,1,0,0,0,0,1,1,-1,6,1,69,10,1580,8,4,KIA NIRO,6,E01020950,0,3
2024440209765,2024,440209765,2,9,0,18,19,5,1,0,0,0,0,0,0,0,3,1,6,6,1,30,6,1580,8,5,KIA NIRO,-1,-1,0,-1
2024991482178,2024,991482178,1,9,0,-1,19,8,4,-1,0,0,1,0,0,0,3,1,-1,9,1,29,6,1580,8,1,KIA NIRO,9,-1,0,4
2024010546700,2024,010546700,1,9,0,18,19,1,5,9,9,1,0,0,1,10,4,1,1,1,1,64,9,-1,3,3,KIA NIRO,4,E01002409,0,3
2024010500180,2024,010500180,2,9,0,18,19,3,7,0,0,0,0,0,0,0,3,1,6,6,1,66,10,1580,8,1,KIA NIRO,4,E01021274,0,4
2024361441636,2024,361441636,1,9,0,-1,9,4,4,-1,0,8,0,0,0,0,4,1,-1,9,1,85,11,1580,8,7,KIA NIRO,6,E01021491,0,5
2024991481283,2024,991481283,1,9,0,-1,19,8,4,-1,0,2,5,0,0,0,1,1,-1,9,1,69,10,-1,3,4,KIA NIRO,9,-1,0,1
2024010551035,2024,010551035,1,9,0,3,3,5,1,4,4,2,0,0,0,0,0,1,1,1,1,33,6,-1,3,2,KIA NIRO,-1,-1,0,-1
2024010506903,2024,010506903,2,9,0,9,9,3,1,0,0,6,0,0,0,0,1,2,6,6,1,49,8,-1,3,3,KIA NIRO,1,E01002853,0,1
2024010542765,2024,010542765,1,9,0,18,19,1,5,0,0,4,0,0,0,0,1,1,2,2,1,49,8,-1,3,2,KIA NIRO,2,E01003986,0,1
2024052402465,2024,052402465,1,8,0,9,9,3,1,0,0,8,0,0,0,0,3,1,1,1,1,37,7,1580,8,0,KIA NIRO,1,E01007130,0,1
2024302401281,2024,302401281,1,9,0,18,19,8,4,0,0,0,5,0,1,4,4,1,6,6,1,33,6,1580,8,6,KIA NIRO,9,E01019734,0,1
2024440322439,2024,440322439,2,9,0,7,7,1,7,0,0,5,0,0,0,0,4,1,6,6,2,49,8,1580,8,7,KIA NIRO,9,E01022727,0,1
2024131462473,2024,131462473,2,9,0,-1,19,3,5,-1,0,0,0,0,1,0,0,1,-1,1,1,48,8,-1,3,3,KIA NIRO,1,E01010735,0,1
2024401495873,2024,401495873,3,9,0,-1,2,0,0,-1,-1,1,0,0,0,0,2,1,-1,6,-1,-1,-1,1580,8,3,KIA NIRO,-1,-1,0,-1
2024061477119,2024,061477119,2,9,0,-1,2,0,0,-1,0,0,0,0,0,0,1,1,-1,6,-1,-1,-1,-1,3,2,KIA NIRO,-1,-1,0,-1
2024010525300,2024,010525300,1,9,0,18,19,1,5,0,0,0,0,0,0,0,1,1,1,1,1,41,7,-1,3,2,KIA NIRO,5,E01021848,0,4
2024991509607,2024,991509607,1,8,0,-1,5,1,5,-1,0,0,0,0,0,0,0,1,-1,1,1,54,8,1580,8,3,KIA NIRO,4,-1,0,1
2024010533764,2024,010533764,2,9,0,99,99,9,9,99,99,9,9,99,9,99,9,9,6,6,3,58,9,1580,8,7,KIA NIRO,2,E01033584,0,2
2024010516015,2024,010516015,1,9,0,3,3,8,4,0,0,0,0,0,0,0,0,1,2,2,1,51,8,-1,3,2,KIA NIRO,7,E01004749,0,1
2024010545976,2024,010545976,1,9,0,3,3,1,5,0,0,1,0,8,0,0,3,1,1,1,1,61,9,-1,3,3,KIA NIRO,8,E01001924,0,2
2024131395269,2024,131395269,1,9,0,-1,19,8,4,-1,0,2,0,0,0,0,3,1,-1,9,1,79,11,1580,8,4,KIA NIRO,1,E01010710,0,3
2024010526655,2024,010526655,2,9,9,99,99,9,9,99,99,9,9,99,9,99,9,9,6,6,1,82,11,1580,8,2,KIA NIRO,2,E01000085,0,1
2024461512240,2024,461512240,1,9,0,-1,19,2,5,-1,0,4,0,0,0,0,1,1,-1,9,2,43,7,1580,8,0,KIA NIRO,8,E01024575,0,1
2024421401369,2024,421401369,2,9,0,-1,19,3,7,-1,0,0,0,0,1,0,3,1,-1,6,1,64,9,1580,8,6,KIA NIRO,7,E01021904,0,1
2024481558138,2024,481558138,1,9,0,-1,5,7,3,-1,0,4,0,0,0,0,1,1,-1,1,1,30,6,-1,3,2,KIA NIRO,-1,-1,0,-1
2024481561738,2024,481561738,1,8,0,-1,9,7,5,-1,0,1,0,0,0,0,3,1,-1,1,1,50,8,-1,3,2,KIA NIRO,-1,-1,0,-1
2024101512531,2024,101512531,1,9,0,-1,1,2,6,-1,9,0,0,0,0,0,2,9,-1,6,1,67,10,1580,8,1,KIA NIRO,5,E01008740,0,1
202454B846424,2024,54B846424,3,9,0,18,19,3,7,0,0,0,0,0,0,0,0,1,6,6,2,62,9,1580,8,0,KIA NIRO,2,E01014610,0,4
2024520002531,2024,520002531,1,9,0,3,3,1,5,0,0,1,0,0,0,0,2,1,6,6,2,35,6,-1,3,5,KIA NIRO,10,E01014381,0,1
2024302400951,2024,302400951,2,9,0,4,4,6,2,0,0,2,0,0,0,0,2,1,6,6,1,51,8,1580,8,1,KIA NIRO,7,E01029781,0,4
2024430309289,2024,430309289,2,9,0,3,3,3,7,0,0,1,0,0,0,0,2,1,6,6,1,50,8,-1,3,5,KIA NIRO,2,E01016480,0,2
2024010519264,2024,010519264,1,9,0,18,19,7,3,0,0,6,0,0,0,0,1,1,6,6,1,54,8,-1,3,2,KIA NIRO,2,E01001361,0,1
2024010515326,2024,010515326,2,9,0,99,99,9,9,99,99,6,9,99,9,99,9,9,6,6,3,-1,-1,-1,3,2,KIA NIRO,-1,-1,0,-1
2024010527949,2024,010527949,1,9,0,99,99,9,9,99,99,9,9,99,9,99,9,9,6,6,2,50,8,1580,8,4,KIA NIRO,6,E01001644,0,1
2024010511474,2024,010511474,1,8,0,99,99,9,9,99,99,0,9,99,9,99,2,9,1,1,1,52,8,-1,3,2,KIA NIRO,4,E01004066,0,2
2024052401139,2024,052401139,1,8,0,5,5,3,7,0,0,8,0,0,0,0,0,1,1,1,1,30,6,1580,8,4,KIA NIRO,1,E01033747,0,1
2024010504703,2024,010504703,2,9,0,99,99,9,9,99,99,9,9,99,9,99,1,9,6,6,1,43,7,1580,8,6,KIA NIRO,4,E01000164,0,1
2024010508273,2024,010508273,2,9,0,18,19,3,7,0,0,2,0,0,0,0,1,1,6,6,1,38,7,-1,3,2,KIA NIRO,2,E01034042,0,3
2024340WN5742,2024,340WN5742,1,9,0,-1,7,1,3,-1,0,1,0,0,0,0,4,1,-1,6,1,-1,-1,1580,8,0,KIA NIRO,-1,-1,0,-1
2024010519825,2024,010519825,2,9,0,5,5,7,3,0,0,2,0,0,0,0,1,1,2,2,1,39,7,-1,3,1,KIA NIRO,2,E01002281,0,4
2024010503552,2024,010503552,3,9,0,14,14,1,5,0,0,1,0,0,0,0,3,1,1,1,2,54,8,1580,8,2,KIA NIRO,5,E01033727,0,1
2024991514796,2024,991514796,1,9,0,-1,5,6,2,-1,0,0,0,0,0,0,2,1,-1,9,2,28,6,1580,8,0,KIA NIRO,2,-1,0,1
2024010511277,2024,010511277,2,9,9,99,99,9,9,99,99,9,9,99,9,99,9,9,6,6,1,37,7,1580,8,5,KIA NIRO,-1,-1,0,-1
2024161513156,2024,161513156,1,9,0,-1,1,3,7,-1,0,8,0,0,0,0,2,1,-1,6,1,78,11,1580,8,5,KIA NIRO,7,E01013020,0,1
2024010534015,2024,010534015,2,9,0,99,99,9,9,99,99,0,9,99,9,99,9,9,6,6,3,-1,-1,-1,3,1,KIA NIRO,7,E01000764,0,3
2024451536436,2024,451536436,2,9,0,-1,19,1,5,-1,0,0,0,0,0,0,1,1,-1,9,2,62,9,1580,8,5,KIA NIRO,5,E01030579,0,2
2024010517162,2024,010517162,1,9,0,18,19,1,5,0,0,1,0,0,0,0,1,1,6,6,1,33,6,1580,8,6,KIA NIRO,1,E01001013,0,2
2024211470066,2024,211470066,2,9,0,-1,19,5,1,-1,0,0,0,0,0,0,1,1,-1,6,1,87,11,1580,8,2,KIA NIRO,7,E01029772,0,1
2024201413671,2024,201413671,2,9,0,-1,3,4,8,-1,0,8,0,0,0,0,1,1,-1,6,1,53,8,1580,8,1,KIA NIRO,7,E01010436,0,3
2024010531012,2024,010531012,1,9,0,18,19,1,5,0,0,7,5,10,0,0,3,1,1,1,1,43,7,-1,3,3,KIA NIRO,3,E01003917,0,4
2024461399080,2024,461399080,2,9,0,-1,19,5,1,-1,0,0,0,0,0,0,1,9,-1,6,2,58,9,1580,8,1,KIA NIRO,4,E01024120,0,2
2024451441760,2024,451441760,2,8,0,-1,19,2,6,-1,0,6,0,0,0,0,1,1,-1,1,1,60,9,-1,3,2,KIA NIRO,-1,-1,0,-1
2024010537841,2024,010537841,2,9,0,18,19,3,8,0,0,8,0,0,0,0,1,1,6,6,3,-1,-1,-1,3,2,KIA NIRO,-1,-1,0,-1
2024010491820,2024,010491820,1,8,0,16,19,3,7,0,0,8,0,0,0,0,1,1,1,1,1,42,7,-1,3,2,KIA NIRO,3,E01000510,0,3
2024010547940,2024,010547940,2,9,0,9,9,1,6,0,0,6,0,0,0,0,3,1,6,6,2,53,8,1580,8,1,KIA NIRO,6,E01021187,0,4
2024122400924,2024,122400924,1,9,0,9,9,7,5,0,0,6,0,0,0,0,3,1,6,6,1,81,11,1580,8,0,KIA NIRO,10,E01013451,0,3
2024340NN3322,2024,340NN3322,2,9,0,-1,19,2,6,-1,0,0,0,0,0,0,1,1,-1,9,1,37,7,-1,3,2,KIA NIRO,8,E01027346,0,1
2024221435596,2024,221435596,1,9,0,-1,9,3,8,-1,0,6,0,0,0,0,3,9,-1,6,2,40,7,-1,3,1,KIA NIRO,10,E01032135,0,1
2024311502693,2024,311502693,1,8,0,-1,9,2,4,-1,0,6,0,0,0,0,2,1,-1,9,1,68,10,1580,8,5,KIA NIRO,-1,-1,0,-1
2024010551177,2024,010551177,1,9,0,18,19,4,8,0,0,8,0,0,0,0,3,1,1,1,1,45,7,-1,3,4,KIA NIRO,4,E01034029,0,2
2024010518746,2024,010518746,1,9,0,18,19,7,3,0,0,1,0,0,0,0,1,1,6,6,3,-1,-1,-1,3,1,KIA NIRO,-1,-1,0,-1
2024451427327,2024,451427327,3,9,0,-1,4,1,5,-1,0,0,0,1,0,0,1,1,-1,9,1,69,10,1580,8,2,KIA NIRO,7,E01001106,0,2
2024010535525,2024,010535525,1,9,0,16,19,1,5,0,0,4,0,0,0,0,1,1,2,2,1,33,6,1580,8,5,KIA NIRO,3,E01003625,0,1
2024440430564,2024,440430564,2,9,0,18,19,2,6,0,0,1,0,0,0,0,1,1,6,6,2,44,7,1580,8,6,KIA NIRO,10,E01022921,0,1
2024052402764,2024,052402764,1,9,0,9,9,5,3,0,0,6,0,0,0,0,1,1,1,1,1,32,6,1580,8,0,KIA NIRO,1,E01006769,0,2
2024010534138,2024,010534138,1,8,0,99,99,9,9,99,99,9,9,99,9,99,9,9,6,6,3,-1,-1,-1,3,3,KIA NIRO,3,E01004384,0,1
2024371414180,2024,371414180,1,9,0,-1,9,4,8,-1,0,1,0,0,0,0,1,1,-1,2,2,31,6,1580,8,6,KIA NIRO,-1,-1,0,-1
2024451492371,2024,451492371,2,9,0,-1,7,1,5,-1,0,1,0,0,0,0,1,2,-1,1,1,69,10,1580,8,6,KIA NIRO,5,E01030748,0,2
2024010537913,2024,010537913,2,9,0,99,99,9,9,99,99,9,9,99,9,99,9,9,6,6,3,-1,-1,-1,3,3,KIA NIRO,-1,-1,0,-1
2024131444362,2024,131444362,2,9,0,-1,19,5,1,-1,0,0,0,0,1,0,1,1,-1,2,1,31,6,1580,8,3,KIA NIRO,3,E01011314,0,2
2024070833480,2024,070833480,1,9,0,-1,19,7,3,-1,0,0,0,4,0,0,1,1,-1,2,1,38,7,1580,8,5,KIA NIRO,3,E01012368,0,1
2024451478899,2024,451478899,1,9,0,-1,19,1,5,-1,0,0,0,0,8,0,1,1,-1,9,1,68,10,-1,3,0,KIA NIRO,8,E01030877,0,1
2024041468695,2024,041468695,1,9,0,-1,19,7,3,-1,0,1,0,0,0,0,1,1,-1,1,1,33,6,1580,8,6,KIA NIRO,1,E01025250,0,3
2024440023492,2024,440023492,3,8,0,2,2,0,0,0,0,1,0,0,0,0,1,1,6,6,3,-1,-1,1580,8,7,KIA NIRO,-1,-1,0,-1
2024010532232,2024,010532232,1,9,0,15,15,1,5,0,0,6,0,0,0,0,2,9,6,6,3,-1,-1,-1,3,3,KIA NIRO,-1,-1,0,-1
2024351432222,2024,351432222,4,9,0,-1,4,5,1,-1,0,0,0,0,0,0,2,1,-1,6,1,50,8,1580,8,8,KIA NIRO,7,E01007989,0,5
2024161518535,2024,161518535,2,9,0,-1,19,8,4,-1,0,0,1,0,0,0,1,1,-1,6,2,47,8,-1,3,0,KIA NIRO,4,E01013019,0,1
2024010538887,2024,010538887,1,9,0,9,9,8,6,0,0,8,0,0,0,0,1,1,1,1,1,65,9,-1,3,5,KIA NIRO,-1,-1,0,-1
2024010509677,2024,010509677,1,8,0,16,19,1,5,0,0,2,0,0,0,0,1,1,1,1,1,35,6,-1,3,2,KIA NIRO,2,E01003304,0,2
2024010532050,2024,010532050,3,9,0,18,19,1,5,0,0,2,0,0,0,0,1,1,6,6,1,50,8,1580,8,2,KIA NIRO,3,E01035660,0,2
2024531518932,2024,531518932,2,9,0,-1,4,1,5,-1,0,0,0,0,0,0,2,1,-1,2,1,40,7,-1,3,1,KIA NIRO,9,E01030477,0,5
2024041523826,2024,041523826,1,9,0,-1,7,8,2,-1,0,6,0,0,0,0,3,1,-1,1,1,30,6,1580,8,3,KIA NIRO,2,E01004922,0,4
2024461479071,2024,461479071,2,9,0,-1,3,5,1,-1,0,0,0,0,0,0,2,1,-1,9,2,52,8,1580,8,4,KIA NIRO,8,E01024011,0,1
2024411479553,2024,411479553,2,9,-1,-1,-1,-1,-1,-1,-1,0,-1,-1,-1,0,-1,9,-1,6,3,-1,-1,1580,8,7,KIA NIRO,-1,-1,0,-1
2024010548855,2024,010548855,2,9,0,99,99,9,9,99,99,9,9,99,9,99,9,9,6,6,3,-1,-1,-1,3,3,KIA NIRO,-1,-1,0,-1
2024451427844,2024,451427844,3,9,0,-1,19,3,7,-1,0,0,0,0,0,0,0,9,-1,1,1,53,8,1580,8,5,KIA NIRO,5,E01030995,0,1
2024531442385,2024,531442385,2,9,0,-1,19,5,1,-1,0,0,0,0,0,0,1,1,-1,2,1,60,9,1580,8,0,KIA NIRO,9,E01022306,0,1
2024010520298,2024,010520298,2,8,0,99,99,9,9,99,99,5,9,99,9,99,9,9,6,6,3,42,7,-1,3,3,KIA NIRO,-1,-1,0,-1
2024061511732,2024,061511732,2,9,0,-1,13,2,6,-1,0,0,0,0,0,0,2,1,-1,1,1,45,7,-1,3,3,KIA NIRO,-1,-1,0,-1
2024010538431,2024,010538431,2,9,0,9,9,1,6,0,0,1,0,0,0,0,1,2,1,1,1,36,7,1580,8,3,KIA NIRO,5,E01004644,0,1
2024010508358,2024,010508358,1,9,0,99,99,9,9,99,99,9,9,99,9,99,3,1,6,6,1,74,10,-1,3,1,KIA NIRO,9,E01000894,0,1