collision_index,collision_year,collision_ref_no,vehicle_reference,vehicle_type,towing_and_articulation,vehicle_manoeuvre_historic,vehicle_manoeuvre,vehicle_direction_from,vehicle_direction_to,vehicle_location_restricted_lane_historic,vehicle_location_restricted_lane,junction_location,skidding_and_overturning,hit_object_in_carriageway,vehicle_leaving_carriageway,hit_object_off_carriageway,first_point_of_impact,vehicle_left_hand_drive,journey_purpose_of_driver_historic,journey_purpose_of_driver,sex_of_driver,age_of_driver,age_band_of_driver,engine_capacity_cc,propulsion_code,age_of_vehicle,generic_make_model,driver_imd_decile,lsoa_of_driver,escooter_flag,driver_distance_banding
2024411421872,2024,411421872,1,9,-1,-1,-1,-1,-1,-1,-1,0,-1,-1,-1,0,1,9,-1,9,1,80,11,-1,3,2,KIA NIRO,9,E01023525,0,1
2024061501747,2024,061501747,2,8,0,-1,3,1,1,-1,99,0,9,99,0,0,9,1,-1,6,3,30,6,1580,8,3,KIA NIRO,-1,-1,0,-1
2024041404470,2024,041404470,2,9,0,-1,19,8,6,-1,0,0,0,0,0,0,2,1,-1,9,2,63,9,-1,3,3,KIA NIRO,6,E01027560,0,4
2024320756507,2024,320756507,2,9,0,-1,-1,4,8,0,0,1,0,0,0,0,1,1,-1,-1,2,63,9,-1,3,3,KIA NIRO,3,E01026183,0,2
2024211511166,2024,211511166,2,9,0,-1,19,2,6,-1,0,6,0,0,0,0,1,1,-1,2,1,54,8,1580,8,0,KIA NIRO,-1,-1,0,-1
2024010540363,2024,010540363,2,8,0,99,99,9,9,99,99,9,9,99,9,99,1,9,6,6,3,59,9,-1,3,2,KIA NIRO,3,E01001162,0,2
2024201502635,2024,201502635,1,8,0,-1,5,5,1,-1,0,0,0,0,0,0,0,1,-1,9,1,51,8,-1,3,2,KIA NIRO,5,E01009583,0,1
2024320431443,2024,320431443,1,9,0,-1,-1,6,2,0,0,0,0,0,7,11,1,1,6,6,2,67,10,1580,8,3,KIA NIRO,-1,-1,0,-1
2024010516343,2024,010516343,3,9,0,18,19,7,3,0,0,3,0,0,0,0,1,1,6,6,1,31,6,1580,8,3,KIA NIRO,5,E01003740,0,2
2024010547425,2024,010547425,2,9,0,99,99,9,9,99,99,9,9,99,9,99,2,9,6,6,2,-1,-1,1580,8,3,KIA NIRO,3,E01000095,0,2
2024010534045,2024,010534045,1,9,0,5,5,0,1,0,0,6,0,0,0,0,1,1,6,6,1,33,6,1580,8,5,KIA NIRO,3,E01001362,0,1
2024531480798,2024,531480798,2,9,0,-1,19,6,2,-1,0,1,0,0,0,0,2,1,-1,1,1,66,10,1580,8,6,KIA NIRO,1,E01020582,0,5
2024122401275,2024,122401275,2,9,0,17,19,1,5,0,0,0,0,0,0,0,1,1,6,6,1,41,7,1580,8,1,KIA NIRO,-1,-1,0,-1
2024010547997,2024,010547997,3,9,0,2,2,0,0,0,0,0,0,0,0,0,2,1,6,6,3,-1,-1,1580,8,3,KIA NIRO,-1,-1,0,-1
2024010514700,2024,010514700,1,9,0,99,99,9,9,99,99,9,9,99,9,99,9,9,2,2,1,34,6,1580,8,3,KIA NIRO,4,E01002393,0,1
2024010527903,2024,010527903,1,9,0,99,99,9,9,99,99,9,9,99,9,99,9,9,6,6,1,45,7,1580,8,7,KIA NIRO,9,E01001135,0,1
2024010542924,2024,010542924,1,9,0,9,9,6,4,0,0,6,0,0,0,0,1,1,2,2,1,72,10,1580,8,3,KIA NIRO,8,E01000216,0,1
2024010512092,2024,010512092,1,9,0,18,19,1,5,0,0,2,0,0,0,0,1,1,6,6,1,46,8,-1,3,2,KIA NIRO,6,E01002218,0,1
2024461413033,2024,461413033,1,9,0,-1,19,4,8,-1,0,0,0,0,0,0,3,1,-1,6,1,32,6,-1,3,2,KIA NIRO,2,E01001702,0,4
2024610032524,2024,610032524,2,9,0,4,4,1,5,0,0,1,0,0,0,0,1,1,6,6,2,28,6,1580,8,0,KIA NIRO,1,E01009377,0,5
2024451500045,2024,451500045,1,9,0,-1,19,7,3,-1,0,2,0,0,0,0,3,1,-1,1,1,35,6,1580,8,6,KIA NIRO,7,E01030452,0,1
2024010527579,2024,010527579,1,9,0,18,19,5,1,0,0,2,0,0,0,0,1,1,6,6,2,35,6,1580,8,4,KIA NIRO,2,E01035694,0,1
2024461506658,2024,461506658,1,9,0,-1,9,8,5,-1,0,2,0,0,0,0,1,1,-1,9,2,70,10,1580,8,0,KIA NIRO,2,E01024315,0,1
2024070593173,2024,070593173,1,8,0,5,5,5,1,0,0,0,0,0,0,0,4,1,1,1,1,-1,-1,1798,3,4,KIA NIRO,-1,-1,0,-1
2024010527600,2024,010527600,2,9,0,9,9,3,1,0,0,1,0,0,0,0,4,1,2,2,1,54,8,-1,3,2,KIA NIRO,4,E01003730,0,3
2024010521465,2024,010521465,2,8,0,99,99,9,9,99,99,0,9,99,9,99,1,9,6,6,3,-1,-1,1580,8,4,KIA NIRO,-1,-1,0,-1
2024010530669,2024,010530669,2,8,0,99,99,9,9,99,99,9,9,99,9,99,9,9,6,6,3,-1,-1,1580,8,5,KIA NIRO,3,E01035669,0,1
2024631489205,2024,631489205,2,9,0,-1,19,1,4,-1,0,0,0,0,0,0,3,1,-1,9,1,69,10,1580,8,2,KIA NIRO,2,W01001468,0,4
2024361529656,2024,361529656,1,9,0,-1,19,3,5,-1,0,1,0,0,0,0,1,1,-1,6,1,65,9,1580,8,0,KIA NIRO,5,E01026538,0,2
2024010495549,2024,010495549,2,9,0,99,99,9,9,99,99,9,9,99,9,99,1,9,6,6,3,-1,-1,1580,8,3,KIA NIRO,3,E01003988,0,3
2024010534737,2024,010534737,2,9,0,4,4,3,7,0,0,1,0,0,0,0,2,1,1,1,1,49,8,1580,8,6,KIA NIRO,2,E01003236,0,3
2024010500029,2024,010500029,3,9,0,3,3,5,1,0,0,0,0,0,0,0,4,1,1,1,1,44,7,-1,3,1,KIA NIRO,8,E01003709,0,4
2024052400128,2024,052400128,1,9,0,18,19,7,3,0,0,0,0,0,0,0,3,1,6,6,1,66,10,1580,8,8,KIA NIRO,3,E01006568,0,2
2024010520132,2024,010520132,1,9,0,2,2,0,0,9,9,0,0,0,0,0,0,1,6,6,3,-1,-1,-1,3,3,KIA NIRO,-1,-1,0,-1
2024201454723,2024,201454723,1,9,0,-1,19,5,1,-1,9,0,1,0,1,0,3,2,-1,6,1,29,6,1580,8,1,KIA NIRO,1,E01009192,0,1
2024010534545,2024,010534545,1,9,0,5,5,7,3,0,0,8,0,0,3,0,1,1,3,7,1,48,8,-1,3,2,KIA NIRO,7,E01003738,0,1
2024010539265,2024,010539265,2,8,0,99,99,9,9,99,99,9,9,99,9,99,9,9,6,6,2,44,7,-1,3,1,KIA NIRO,1,E01002855,0,1
2024010522899,2024,010522899,1,8,0,4,4,3,7,2,2,0,0,0,0,0,2,1,1,1,1,56,9,-1,3,2,KIA NIRO,4,E01000408,0,3
2024440230310,2024,440230310,1,9,0,18,19,4,8,0,0,0,0,0,5,6,1,1,6,6,1,80,11,1580,8,2,KIA NIRO,4,E01017192,0,1
2024622400886,2024,622400886,1,9,0,10,10,6,2,0,0,1,0,0,0,0,1,1,1,1,1,38,7,1580,8,3,KIA NIRO,3,W01002021,0,2
2024340NN3102,2024,340NN3102,3,9,0,-1,19,7,3,-1,0,0,0,0,0,0,2,1,-1,2,1,56,9,1580,8,5,KIA NIRO,10,E01027086,0,2
2024451499283,2024,451499283,2,9,0,-1,12,3,1,-1,0,0,0,0,0,0,3,9,-1,6,1,64,9,1580,8,0,KIA NIRO,5,E01024749,0,4
2024461526066,2024,461526066,2,9,0,-1,19,1,5,-1,0,1,0,0,0,0,3,9,-1,2,1,31,6,1580,8,7,KIA NIRO,6,E01024267,0,1
2024161523880,2024,161523880,1,9,0,-1,19,7,3,-1,0,0,0,0,0,0,1,1,-1,6,1,68,10,1580,8,2,KIA NIRO,3,E01013156,0,1
2024131478461,2024,131478461,1,9,0,-1,19,3,7,-1,0,0,0,0,0,0,2,1,-1,1,2,64,9,1580,8,6,KIA NIRO,8,E01011520,0,1
2024201488648,2024,201488648,1,9,0,-1,19,7,3,-1,0,0,0,0,0,0,1,1,-1,6,1,54,8,1580,8,7,KIA NIRO,4,E01009813,0,2
2024052402132,2024,052402132,1,8,0,9,9,2,8,0,0,6,0,0,0,0,3,1,2,2,1,36,7,1580,8,3,KIA NIRO,1,E01034401,0,1
2024010534003,2024,010534003,2,9,0,2,2,0,0,9,9,1,0,0,0,0,2,1,6,6,3,-1,-1,1580,8,4,KIA NIRO,-1,-1,0,-1
2024211426461,2024,211426461,2,9,0,-1,3,2,6,-1,0,1,0,0,0,0,2,1,-1,9,1,39,7,1580,8,3,KIA NIRO,3,E01029437,0,1
2024010510327,2024,010510327,2,9,0,9,9,4,2,0,0,8,0,0,0,0,3,1,1,1,1,44,7,-1,3,2,KIA NIRO,-1,-1,0,-1
2024010545282,2024,010545282,1,9,0,18,19,8,4,0,0,0,1,10,0,0,1,1,6,6,1,26,6,1580,8,6,KIA NIRO,2,E01003338,0,2
2024461523446,2024,461523446,2,9,0,-1,7,7,3,-1,0,0,0,0,0,0,2,2,-1,9,1,41,7,2616,1,20,MAKE AND MODEL REDACTED,4,E01016177,0,3
2024421532866,2024,421532866,1,9,0,-1,5,4,4,-1,0,0,0,0,0,0,1,1,-1,9,1,69,10,2981,1,8,PORSCHE 911,8,E01021791,0,1
2024231399178,2024,231399178,1,9,0,-1,19,6,8,-1,0,0,2,0,1,4,1,1,-1,6,1,40,7,2981,1,3,PORSCHE 911,6,E01031199,0,1
2024543395024,2024,543395024,14,9,0,18,19,4,8,0,0,0,1,0,1,0,1,1,6,6,1,46,8,2981,1,8,PORSCHE 911,10,E01014413,0,4
2024451478454,2024,451478454,1,9,0,-1,9,5,1,-1,0,0,1,11,1,3,1,1,-1,9,1,38,7,3996,1,2,PORSCHE 911,2,E01033880,0,4
2024361521809,2024,361521809,1,9,0,-1,9,1,6,-1,0,8,0,0,0,0,1,1,-1,2,1,61,9,2981,1,0,PORSCHE 911,6,E01026920,0,1
2024421433667,2024,421433667,1,9,0,-1,19,8,4,-1,0,0,1,0,7,0,3,1,-1,9,1,48,8,2981,1,1,PORSCHE 911,4,E01022018,0,3
2024122401200,2024,122401200,1,9,0,3,3,7,3,0,0,1,0,0,0,0,2,1,6,6,1,36,7,3800,1,8,PORSCHE 911,-1,-1,0,-1
2024010555147,2024,010555147,1,9,0,2,2,0,0,99,99,9,9,99,9,99,1,9,6,6,3,-1,-1,3600,1,29,PORSCHE 911,-1,-1,0,-1
2024991406067,2024,991406067,1,9,0,-1,1,3,7,-1,9,2,0,0,0,0,2,1,-1,9,1,64,9,2981,1,8,PORSCHE 911,8,-1,0,1
2024451507693,2024,451507693,1,9,0,-1,10,1,5,-1,0,0,0,0,0,0,1,1,-1,9,2,60,9,2981,1,2,PORSCHE 911,8,E01030565,0,1
2024131470553,2024,131470553,3,9,0,-1,19,1,5,-1,0,0,0,0,0,0,1,1,-1,6,1,48,8,2981,1,1,PORSCHE 911,9,E01011935,0,1
2024340WN5422,2024,340WN5422,1,9,0,-1,19,5,1,-1,0,4,1,9,0,0,4,1,-1,1,1,60,9,3996,1,1,PORSCHE 911,9,E01035269,0,4
2024010522554,2024,010522554,3,9,0,18,19,5,1,0,0,0,0,0,0,0,2,1,6,6,2,43,7,2981,1,8,PORSCHE 911,-1,-1,0,-1
2024131532968,2024,131532968,1,9,0,-1,5,6,1,-1,0,3,0,0,0,0,3,1,-1,9,1,36,7,3745,1,2,PORSCHE 911,1,E01010674,0,3
2024010537612,2024,010537612,2,9,0,18,19,9,9,99,99,9,9,99,9,99,9,9,6,6,1,36,7,3600,1,17,PORSCHE 911,7,E01001891,0,1
2024520500185,2024,520500185,1,9,0,17,19,3,7,0,0,0,1,0,0,0,3,1,6,6,1,19,4,3596,1,18,PORSCHE 911,4,E01029111,0,2
2024501445687,2024,501445687,1,9,0,-1,19,8,6,-1,0,0,1,0,1,0,1,1,-1,9,2,40,7,2981,1,3,PORSCHE 911,6,E01034620,0,1
2024351504310,2024,351504310,2,9,-1,-1,-1,-1,-1,-1,-1,-1,-1,-1,-1,0,-1,1,-1,9,1,46,8,2981,1,5,PORSCHE 911,6,E01002724,0,4
2024991430998,2024,991430998,2,9,0,-1,19,8,4,-1,0,0,0,0,0,0,3,1,-1,9,1,45,7,3596,1,20,PORSCHE 911,8,-1,0,3
2024332400555,2024,332400555,1,9,0,-1,19,1,5,-1,0,0,1,0,8,0,1,1,-1,9,2,52,8,3800,1,10,PORSCHE 911,4,E01025823,0,1
2024010537120,2024,010537120,1,9,0,9,9,7,5,0,0,6,1,0,0,0,3,2,1,1,1,53,8,2981,1,0,PORSCHE 911,7,E01000228,0,1
2024010511508,2024,010511508,1,9,0,99,99,9,9,99,99,9,9,99,9,99,9,9,6,6,3,-1,-1,3824,1,18,PORSCHE 911,2,E01002851,0,1
2024991503531,2024,991503531,1,9,0,-1,19,5,1,-1,0,0,5,0,1,0,3,1,-1,6,1,49,8,3745,1,1,PORSCHE 911,-1,-1,0,-1
2024041449147,2024,041449147,1,9,0,-1,19,7,3,-1,0,1,1,0,1,11,1,1,-1,9,1,23,5,2981,1,3,PORSCHE 911,7,E01012584,0,2
2024340NN1772,2024,340NN1772,2,9,0,-1,19,2,6,-1,0,1,0,0,0,0,3,1,-1,6,2,30,6,3824,1,16,PORSCHE 911,8,E01027050,0,1
2024010539657,2024,010539657,2,9,0,99,99,9,9,99,99,9,9,99,9,99,9,9,6,6,3,-1,-1,2981,1,4,PORSCHE 911,9,E01002903,0,1
2024552401231,2024,552401231,1,9,0,5,5,2,6,0,0,0,0,0,0,0,1,1,6,6,1,54,8,2981,1,0,PORSCHE 911,9,E01020400,0,1
2024471458829,2024,471458829,1,9,0,-1,19,7,3,-1,0,8,0,0,0,0,1,1,-1,9,1,42,7,2981,1,6,PORSCHE 911,9,E01031772,0,1
2024461495092,2024,461495092,1,9,0,-1,19,5,1,-1,0,0,0,4,3,4,1,1,-1,9,1,42,7,3745,1,0,PORSCHE 911,2,E01032799,0,1
2024010525334,2024,010525334,1,9,0,9,9,7,5,0,0,1,0,0,0,0,2,1,6,6,1,26,6,3164,1,37,PORSCHE 911,7,E01032771,0,2
2024131523724,2024,131523724,2,9,0,-1,4,1,5,-1,0,0,0,4,0,0,1,1,-1,6,1,63,9,2981,1,2,PORSCHE 911,10,E01028395,0,5
2024631483402,2024,631483402,1,9,0,-1,19,6,2,-1,0,0,5,0,1,4,1,1,-1,9,1,53,8,2981,1,2,PORSCHE 911,8,E01014087,0,4
2024610014724,2024,610014724,1,9,0,4,4,6,2,0,0,0,0,0,0,0,2,1,1,1,2,30,6,1598,2,8,RENAULT KADJAR,2,W01001325,0,2
2024010489815,2024,010489815,2,9,0,99,99,9,9,99,99,6,9,99,9,99,9,9,6,6,3,-1,-1,1198,1,8,RENAULT KADJAR,-1,-1,0,-1
2024361479373,2024,361479373,3,9,0,-1,2,0,0,-1,9,2,0,0,0,0,3,1,-1,6,-1,-1,-1,1332,1,4,RENAULT KADJAR,-1,-1,0,-1
2024440141659,2024,440141659,2,9,0,2,2,0,0,0,0,0,0,0,0,0,1,1,6,6,3,-1,-1,1461,2,6,RENAULT KADJAR,-1,-1,0,-1
2024221479683,2024,221479683,2,9,0,-1,3,8,4,-1,0,8,0,0,0,0,2,1,-1,6,1,39,7,1461,2,5,RENAULT KADJAR,7,E01023171,0,5
2024544211224,2024,544211224,1,9,0,7,7,7,3,0,0,0,0,0,0,0,1,1,6,6,1,34,6,1461,2,4,RENAULT KADJAR,5,E01032054,0,1
2024131421364,2024,131421364,2,9,0,-1,-1,-1,-1,-1,-1,0,-1,-1,-1,-1,-1,1,-1,6,2,26,6,1461,2,8,RENAULT KADJAR,9,E01010875,0,1
2024122400141,2024,122400141,1,9,0,1,1,5,6,0,0,0,0,0,0,0,2,1,6,6,1,62,9,1461,2,4,RENAULT KADJAR,6,E01027752,0,2
2024440359169,2024,440359169,2,9,0,2,2,0,0,0,0,0,0,0,0,0,3,1,6,6,3,-1,-1,1332,1,4,RENAULT KADJAR,-1,-1,0,-1
2024501414970,2024,501414970,3,9,0,-1,3,4,8,-1,0,1,0,0,0,0,2,9,-1,9,1,37,7,1332,1,4,RENAULT KADJAR,6,E01019891,0,3
2024070591871,2024,070591871,1,9,0,18,19,1,5,0,0,0,0,0,0,0,1,1,1,1,1,40,7,1330,1,6,RENAULT KADJAR,2,E01025291,0,4
2024991415945,2024,991415945,1,9,0,-1,4,5,7,-1,0,1,0,0,0,0,1,1,-1,9,1,21,5,1461,2,8,RENAULT KADJAR,1,E01007017,0,5
2024622400712,2024,622400712,1,9,0,18,19,8,4,0,0,0,1,7,1,9,1,1,6,6,2,25,5,1461,2,8,RENAULT KADJAR,1,W01001746,0,4
2024061504869,2024,061504869,1,9,0,-1,19,1,5,-1,0,0,0,0,0,0,4,1,-1,6,3,-1,-1,1461,2,8,RENAULT KADJAR,-1,-1,0,-1
2024131534127,2024,131534127,1,9,0,-1,19,6,8,-1,0,1,0,0,0,0,1,1,-1,2,2,49,8,1461,2,6,RENAULT KADJAR,5,E01010818,0,2
2024501475311,2024,501475311,2,9,0,-1,7,3,7,-1,0,6,0,0,0,0,1,1,-1,6,1,41,7,1598,2,8,RENAULT KADJAR,3,E01018925,0,3
2024991436055,2024,991436055,1,9,0,-1,5,8,4,-1,-1,6,0,0,0,0,4,1,-1,6,1,70,10,1198,1,7,RENAULT KADJAR,2,-1,0,2
2024332400033,2024,332400033,1,9,0,-1,19,5,1,-1,0,0,0,0,0,0,1,1,-1,6,2,24,5,1198,1,7,RENAULT KADJAR,8,E01025663,0,1
2024421459019,2024,421459019,1,9,0,-1,5,3,6,-1,0,4,0,0,0,0,1,1,-1,9,2,36,7,1332,1,5,RENAULT KADJAR,10,E01021612,0,1
2024061520541,2024,061520541,2,9,0,-1,19,-1,-1,-1,0,0,0,0,0,0,1,1,-1,6,2,-1,-1,1598,2,8,RENAULT KADJAR,8,E01025488,0,4
2024201523990,2024,201523990,3,9,0,-1,3,5,1,-1,0,0,0,0,0,0,2,1,-1,9,1,66,10,1598,2,8,RENAULT KADJAR,1,E01010408,0,4
2024211490118,2024,211490118,2,9,0,-1,19,2,6,-1,0,0,0,0,0,0,1,1,-1,6,1,69,10,1198,1,8,RENAULT KADJAR,5,E01029403,0,2
2024131534698,2024,131534698,1,9,0,-1,19,1,5,-1,0,0,0,0,0,0,1,1,-1,9,2,53,8,1332,1,4,RENAULT KADJAR,8,E01007362,0,1
2024471481867,2024,471481867,1,9,0,-1,19,6,2,-1,0,1,0,0,0,0,4,1,-1,9,2,33,6,1332,1,4,RENAULT KADJAR,10,E01031724,0,1
2024061464009,2024,061464009,1,9,0,-1,10,5,1,-1,0,8,0,0,0,0,2,1,-1,2,2,23,5,1461,2,7,RENAULT KADJAR,2,E01005188,0,1
2024991451810,2024,991451810,1,9,0,-1,9,8,6,-1,0,8,0,0,0,0,4,1,-1,9,1,29,6,1198,1,8,RENAULT KADJAR,5,-1,0,4
2024440007009,2024,440007009,1,9,0,9,9,8,6,0,0,1,0,0,0,0,1,1,2,2,2,42,7,1197,1,8,RENAULT KADJAR,9,E01022767,0,1
2024440015352,2024,440015352,1,9,0,18,19,5,1,0,0,2,0,0,0,0,1,1,6,6,2,29,6,1198,1,6,RENAULT KADJAR,1,E01017332,0,1
2024010519160,2024,010519160,1,9,0,18,19,7,3,0,0,1,0,4,0,0,1,1,6,6,2,49,8,1333,1,3,RENAULT KADJAR,8,E01002272,0,1
2024302401327,2024,302401327,3,9,0,18,19,6,2,0,0,2,0,0,0,0,1,1,6,6,1,43,7,1461,2,7,RENAULT KADJAR,9,E01019678,0,1
2024991489808,2024,991489808,3,8,0,-1,19,6,2,-1,0,5,0,0,0,0,1,1,-1,2,2,66,10,1598,2,7,RENAULT KADJAR,5,-1,0,3
2024010501741,2024,010501741,2,9,0,18,19,5,1,0,0,0,0,0,0,0,1,1,6,6,1,35,6,1330,1,6,RENAULT KADJAR,9,E01003898,0,2
2024101528281,2024,101528281,1,9,0,-1,9,1,6,-1,0,6,0,0,0,0,1,1,-1,6,2,40,7,1461,2,8,RENAULT KADJAR,2,E01008280,0,2
2024501440349,2024,501440349,1,9,0,-1,9,3,1,-1,0,2,0,0,0,0,3,1,-1,9,1,78,11,1198,1,6,RENAULT KADJAR,6,E01019955,0,1
2024052401461,2024,052401461,2,9,0,18,19,5,1,0,0,8,0,0,0,0,1,1,6,6,1,-1,-1,1198,1,8,RENAULT KADJAR,1,E01033747,0,1
2024041454648,2024,041454648,2,9,0,-1,19,1,5,-1,0,2,0,0,7,0,1,1,-1,2,1,40,7,1461,2,8,RENAULT KADJAR,9,E01012598,0,1
2024622400273,2024,622400273,1,9,0,16,19,8,4,0,0,0,0,0,0,0,1,1,6,6,2,70,10,1461,2,8,RENAULT KADJAR,2,W01001711,0,2
2024311447840,2024,311447840,1,9,0,-1,19,3,7,-1,0,1,0,0,3,0,3,1,-1,9,1,62,9,1461,2,8,RENAULT KADJAR,4,E01015936,0,5
2024430395330,2024,430395330,1,9,0,18,19,7,3,0,0,1,0,0,0,0,1,1,6,6,2,-1,-1,1197,1,8,RENAULT KADJAR,-1,-1,0,-1
2024451509113,2024,451509113,2,9,0,-1,99,1,5,-1,0,0,0,0,0,0,1,1,-1,6,2,50,8,1461,2,9,RENAULT KADJAR,8,E01024053,0,5
2024471480681,2024,471480681,1,9,0,-1,19,4,6,-1,0,4,1,9,0,0,1,1,-1,6,1,31,6,1332,1,4,RENAULT KADJAR,2,E01017109,0,4
2024461437934,2024,461437934,2,9,0,-1,3,8,5,-1,0,1,0,0,0,0,2,1,-1,1,1,48,8,1332,1,4,RENAULT KADJAR,9,E01024386,0,3
202417S112724,2024,17S112724,1,9,0,-1,19,5,1,-1,0,8,0,0,0,0,1,1,-1,9,1,27,6,1332,1,4,RENAULT KADJAR,8,E01012269,0,2
2024631470473,2024,631470473,2,9,0,-1,19,6,2,-1,0,8,1,0,0,0,3,1,-1,9,2,30,6,1461,2,8,RENAULT KADJAR,4,W01000587,0,1
2024991501065,2024,991501065,1,9,0,-1,19,7,4,-1,0,0,1,0,1,4,1,1,-1,9,1,60,9,1598,2,7,RENAULT KADJAR,6,-1,0,5
2024371497864,2024,371497864,1,9,0,-1,19,2,3,-1,0,0,0,0,0,0,1,1,-1,9,2,28,6,1198,1,8,RENAULT KADJAR,6,E01021414,0,3
2024052402483,2024,052402483,2,9,0,4,4,5,1,0,0,0,0,0,0,0,2,1,6,6,2,35,6,1461,2,6,RENAULT KADJAR,1,E01034398,0,1
2024031467110,2024,031467110,1,9,0,-1,19,5,1,-1,0,1,0,0,1,0,1,2,-1,9,1,30,6,1198,1,7,RENAULT KADJAR,10,E01019261,0,4
2024421475277,2024,421475277,2,9,0,-1,19,3,7,-1,0,4,0,0,0,0,1,1,-1,9,2,49,8,1197,1,7,RENAULT KADJAR,9,E01021281,0,1
2024041445267,2024,041445267,1,9,0,-1,19,3,7,-1,0,0,0,0,0,0,1,1,-1,9,1,32,6,1461,2,7,RENAULT KADJAR,2,E01025072,0,2
2024311534397,2024,311534397,1,9,0,-1,19,1,5,-1,0,1,0,0,0,0,1,1,-1,6,1,59,9,1332,1,5,RENAULT KADJAR,-1,-1,0,-1
2024061534972,2024,061534972,2,9,0,-1,19,4,8,-1,0,8,0,0,0,0,1,1,-1,9,2,56,9,1461,2,6,RENAULT KADJAR,6,E01005053,0,1
2024471480514,2024,471480514,2,9,0,-1,19,7,3,-1,0,1,0,0,0,0,2,1,-1,9,1,40,7,1198,1,8,RENAULT KADJAR,7,E01021063,0,1
2024351463558,2024,351463558,2,9,0,-1,4,8,7,-1,0,1,0,0,0,0,1,1,-1,6,1,64,9,1330,1,5,RENAULT KADJAR,4,E01018146,0,1
2024991528148,2024,991528148,1,9,0,-1,19,5,1,-1,0,0,0,0,0,0,1,1,-1,9,2,64,9,1461,2,8,RENAULT KADJAR,-1,-1,0,-1
2024131527856,2024,131527856,1,9,0,-1,2,-1,-1,-1,0,0,0,0,0,0,-1,1,-1,7,2,35,6,1461,2,7,RENAULT KADJAR,4,E01011287,0,1
2024061518960,2024,061518960,2,9,0,-1,19,5,1,-1,0,0,0,0,0,0,3,1,-1,6,1,42,7,1198,1,7,RENAULT KADJAR,1,E01005601,0,2
2024141464442,2024,141464442,1,9,0,-1,13,2,4,-1,0,4,2,0,0,0,1,1,-1,9,1,43,7,1461,2,8,RENAULT KADJAR,1,E01007735,0,3
2024541621224,2024,541621224,1,9,0,18,19,5,1,0,0,4,0,0,0,0,1,1,6,6,1,61,9,1332,1,5,RENAULT KADJAR,9,E01031931,0,2
2024302400417,2024,302400417,2,9,0,9,9,2,8,0,0,8,0,0,0,0,2,1,6,6,1,-1,-1,1598,2,6,RENAULT KADJAR,5,E01013493,0,1
2024201522293,2024,201522293,1,9,0,-1,4,2,6,-1,0,0,0,0,0,0,1,1,-1,6,2,22,5,1461,2,7,RENAULT KADJAR,3,E01010290,0,1
2024552401228,2024,552401228,2,9,0,2,2,0,0,0,0,0,0,0,0,0,1,1,6,6,3,-1,-1,1461,2,7,RENAULT KADJAR,-1,-1,0,-1
2024161490707,2024,161490707,2,9,0,-1,19,3,7,-1,0,4,0,0,0,0,1,1,-1,2,2,57,9,1198,1,6,RENAULT KADJAR,6,E01013276,0,1
2024010510087,2024,010510087,2,9,0,18,19,3,7,0,0,1,0,0,0,0,2,1,6,6,3,-1,-1,1197,1,7,RENAULT KADJAR,-1,-1,0,-1
2024451461007,2024,451461007,1,9,0,-1,19,5,1,-1,0,0,0,0,0,0,0,9,-1,9,2,35,6,1461,2,7,RENAULT KADJAR,9,E01030997,0,1
2024451533695,2024,451533695,1,9,0,-1,9,1,5,-1,99,0,2,0,0,0,1,1,-1,6,1,41,7,1461,2,8,RENAULT KADJAR,7,E01030927,0,1
2024161526122,2024,161526122,1,9,0,-1,4,1,5,-1,0,0,0,0,0,0,2,9,-1,6,1,39,7,1598,2,6,RENAULT KADJAR,-1,-1,0,-1
2024131401553,2024,131401553,1,9,0,-1,9,3,7,-1,0,0,0,0,0,0,3,1,-1,2,1,35,6,1330,1,6,RENAULT KADJAR,6,E01011053,0,3
2024361500100,2024,361500100,1,9,0,-1,9,5,3,-1,0,1,0,0,0,0,3,1,-1,9,2,43,7,1330,1,6,RENAULT KADJAR,5,E01035531,0,4
2024010533258,2024,010533258,1,9,0,99,99,9,9,99,99,9,9,99,9,99,2,9,6,6,2,26,6,1332,1,4,RENAULT KADJAR,8,E01000665,0,1
2024991429707,2024,991429707,2,9,0,-1,9,1,6,-1,0,0,1,0,0,0,1,1,-1,9,2,50,8,1461,2,8,RENAULT KADJAR,-1,-1,0,-1
2024471493645,2024,471493645,1,9,0,-1,9,1,7,-1,0,8,0,0,0,0,3,1,-1,9,2,45,7,1461,2,5,RENAULT KADJAR,1,E01016863,0,1
2024061403756,2024,061403756,1,9,0,-1,19,7,3,-1,0,0,0,0,0,0,1,1,-1,2,1,59,9,1461,2,8,RENAULT KADJAR,4,E01005834,0,3
2024991407966,2024,991407966,1,9,0,-1,19,8,4,-1,0,0,0,4,0,0,1,2,-1,6,1,35,6,1461,2,8,RENAULT KADJAR,5,-1,0,1
2024421526121,2024,421526121,3,9,0,-1,3,7,3,-1,0,0,0,0,0,0,2,1,-1,6,2,52,8,1461,2,6,RENAULT KADJAR,4,E01026474,0,4
2024340NN4242,2024,340NN4242,2,9,0,-1,3,1,5,-1,0,0,0,0,0,0,2,1,-1,9,1,52,8,1461,2,6,RENAULT KADJAR,1,E01027318,0,3