collision_index,collision_year,collision_ref_no,vehicle_reference,vehicle_type,towing_and_articulation,vehicle_manoeuvre_historic,vehicle_manoeuvre,vehicle_direction_from,vehicle_direction_to,vehicle_location_restricted_lane_historic,vehicle_location_restricted_lane,junction_location,skidding_and_overturning,hit_object_in_carriageway,vehicle_leaving_carriageway,hit_object_off_carriageway,first_point_of_impact,vehicle_left_hand_drive,journey_purpose_of_driver_historic,journey_purpose_of_driver,sex_of_driver,age_of_driver,age_band_of_driver,engine_capacity_cc,propulsion_code,age_of_vehicle,generic_make_model,driver_imd_decile,lsoa_of_driver,escooter_flag,driver_distance_banding
2024231511141,2024,231511141,2,9,0,-1,19,6,2,-1,0,8,0,0,0,0,1,1,-1,9,2,50,8,1461,2,8,RENAULT KADJAR,10,E01010187,0,4
2024430141850,2024,430141850,1,9,0,18,19,1,5,0,0,0,0,0,0,0,1,1,6,6,2,37,7,1461,2,9,RENAULT KADJAR,8,E01016609,0,2
2024122500067,2024,122500067,1,9,0,16,19,3,7,0,0,0,0,0,7,10,1,1,6,6,1,77,11,1332,1,5,RENAULT KADJAR,7,E01034961,0,2
2024201448114,2024,201448114,5,9,0,-1,19,5,1,-1,0,0,0,0,0,0,2,1,-1,6,2,37,7,1461,2,8,RENAULT KADJAR,1,E01009195,0,1
2024991466152,2024,991466152,1,9,0,-1,19,7,3,-1,0,0,1,0,0,0,1,1,-1,6,2,27,6,1461,2,7,RENAULT KADJAR,4,-1,0,2
2024552401013,2024,552401013,1,9,0,18,19,4,8,0,0,0,0,0,0,0,1,1,6,6,2,35,6,1198,1,6,RENAULT KADJAR,4,E01015345,0,4
2024161460418,2024,161460418,1,9,0,-1,19,4,8,-1,0,3,0,0,0,0,0,1,-1,9,2,57,9,1461,2,5,RENAULT KADJAR,3,E01013198,0,1
2024610030524,2024,610030524,3,9,0,16,19,2,5,0,0,0,0,0,0,0,3,1,6,6,2,50,8,1333,1,4,RENAULT KADJAR,9,W01001517,0,2
2024411435153,2024,411435153,1,9,0,-1,5,7,3,-1,0,1,0,0,0,0,3,9,-1,6,1,60,9,1461,2,4,RENAULT KADJAR,6,E01034589,0,3
2024211434168,2024,211434168,1,9,0,-1,9,1,5,-1,0,0,0,0,0,0,1,1,-1,6,1,78,11,1332,1,4,RENAULT KADJAR,8,E01029794,0,1
2024991442717,2024,991442717,2,9,0,-1,19,3,7,-1,0,0,0,0,0,0,1,1,-1,6,1,78,11,1461,2,5,RENAULT KADJAR,1,E01033547,0,5
2024201475658,2024,201475658,1,9,0,-1,9,3,1,-1,0,5,1,0,0,0,4,1,-1,6,1,49,8,1461,2,8,RENAULT KADJAR,1,E01009479,0,1
2024552500045,2024,552500045,2,9,0,18,19,4,8,0,0,8,0,0,0,0,3,1,6,6,1,28,6,1330,1,6,RENAULT KADJAR,6,E01020547,0,1
2024991447925,2024,991447925,2,9,0,-1,19,1,5,-1,0,1,0,0,0,0,1,1,-1,6,1,36,7,1598,2,8,RENAULT KADJAR,-1,-1,0,-1
2024991462097,2024,991462097,1,9,0,-1,9,1,7,-1,0,2,0,0,0,0,0,1,-1,6,1,57,9,1332,1,4,RENAULT KADJAR,2,-1,0,1
2024161525349,2024,161525349,2,9,0,-1,19,1,5,-1,0,1,0,0,0,0,1,9,-1,6,2,37,7,1598,2,7,RENAULT KADJAR,2,E01012863,0,1
2024041512473,2024,041512473,1,9,0,-1,19,5,1,-1,0,0,0,10,7,0,1,1,-1,2,1,47,8,1461,2,8,RENAULT KADJAR,3,E01025262,0,1
2024622400597,2024,622400597,3,9,0,2,2,0,0,0,0,0,0,0,0,0,3,1,6,6,3,-1,-1,1598,2,8,RENAULT KADJAR,-1,-1,0,-1
2024041447419,2024,041447419,1,9,0,-1,19,1,5,-1,0,8,0,0,0,0,3,1,-1,9,2,49,8,1198,1,6,RENAULT KADJAR,9,E01025021,0,2
2024131509091,2024,131509091,2,9,0,-1,19,1,5,-1,0,0,0,0,0,0,1,1,-1,2,1,54,8,1198,1,7,RENAULT KADJAR,5,E01011877,0,2
2024131505841,2024,131505841,2,9,0,-1,4,2,6,-1,0,3,0,0,0,0,2,1,-1,9,1,59,9,1461,2,7,RENAULT KADJAR,6,E01012933,0,5
2024440306080,2024,440306080,2,9,0,18,19,1,5,0,0,1,0,0,0,0,1,1,3,7,2,32,6,1197,1,7,RENAULT KADJAR,9,E01032615,0,1
2024340NN4492,2024,340NN4492,1,9,0,-1,4,5,1,-1,0,0,0,0,0,0,2,1,-1,6,2,42,7,1461,2,8,RENAULT KADJAR,8,E01027023,0,2
2024161395023,2024,161395023,1,9,0,-1,9,4,2,-1,0,6,0,0,0,0,1,1,-1,1,2,48,8,1461,2,8,RENAULT KADJAR,5,E01012829,0,1
2024320206790,2024,320206790,4,9,0,2,2,0,0,0,0,0,0,0,0,0,4,1,6,6,1,61,9,1333,1,2,RENAULT KADJAR,5,E01026373,0,4
2024010537591,2024,010537591,3,9,0,2,2,0,0,0,0,2,0,0,0,0,0,1,6,6,3,-1,-1,1461,2,7,RENAULT KADJAR,-1,-1,0,-1
2024302500143,2024,302500143,1,9,0,-1,19,7,4,-1,0,8,0,0,0,0,1,1,-1,2,2,37,7,1198,1,6,RENAULT KADJAR,8,E01019867,0,2
2024991497568,2024,991497568,1,9,0,-1,3,6,2,-1,0,0,0,0,0,0,1,1,-1,9,2,34,6,1330,1,6,RENAULT KADJAR,1,-1,0,4
2024991451126,2024,991451126,1,9,0,-1,19,4,8,-1,0,1,0,0,0,0,1,1,-1,9,1,58,9,1461,2,5,RENAULT KADJAR,9,-1,0,1
2024552400303,2024,552400303,2,9,0,18,19,7,3,0,0,8,0,0,0,0,1,1,2,2,2,34,6,1461,2,6,RENAULT KADJAR,3,E01015449,0,2
2024061437954,2024,061437954,1,9,0,-1,-1,-1,-1,-1,-1,-1,-1,-1,-1,0,-1,1,-1,9,1,75,10,1198,1,6,RENAULT KADJAR,5,E01006004,0,1
2024231538862,2024,231538862,1,9,0,-1,9,3,1,-1,0,5,0,0,0,0,1,1,-1,9,1,50,8,1461,2,7,RENAULT KADJAR,10,E01032895,0,1
2024201513998,2024,201513998,2,9,0,-1,19,2,6,-1,0,0,0,0,0,0,2,1,-1,9,2,38,7,1461,2,6,RENAULT KADJAR,6,E01010350,0,2
2024131485758,2024,131485758,2,9,0,-1,19,5,1,-1,0,8,0,0,0,0,3,1,-1,9,1,47,8,1198,1,8,RENAULT KADJAR,7,E01011642,0,1
2024131464341,2024,131464341,2,9,0,-1,19,1,5,-1,0,8,0,0,0,0,1,1,-1,9,2,52,8,1598,2,8,RENAULT KADJAR,9,E01011713,0,1
2024031511720,2024,031511720,1,9,0,-1,19,5,1,-1,0,0,0,0,0,0,4,9,-1,6,1,81,11,1197,1,6,RENAULT KADJAR,8,E01019154,0,1
2024371408557,2024,371408557,1,9,0,-1,9,3,1,-1,0,8,0,0,0,0,3,1,-1,6,1,45,7,1461,2,8,RENAULT KADJAR,9,E01029967,0,1
2024461424368,2024,461424368,6,9,0,-1,2,0,0,-1,0,0,0,0,0,0,4,1,-1,6,-1,-1,-1,1598,2,7,RENAULT KADJAR,-1,-1,0,-1
2024311406883,2024,311406883,1,9,0,-1,1,7,3,-1,0,2,0,0,0,0,2,1,-1,9,1,58,9,1461,2,8,RENAULT KADJAR,6,E01028034,0,2
2024991472865,2024,991472865,2,9,0,-1,19,4,8,-1,0,0,0,0,0,0,2,1,-1,9,1,35,6,1332,1,4,RENAULT KADJAR,7,-1,0,1
2024231419647,2024,231419647,2,9,0,-1,4,8,4,-1,0,1,0,0,0,0,2,1,-1,6,2,51,8,1461,2,8,RENAULT KADJAR,10,E01031298,0,1
2024531477910,2024,531477910,2,9,0,-1,19,5,1,-1,0,1,0,0,0,0,3,1,-1,6,1,69,10,1598,2,8,RENAULT KADJAR,4,E01022242,0,1
2024991412281,2024,991412281,1,9,0,-1,19,5,1,-1,0,0,5,0,1,0,1,1,-1,9,2,34,6,1461,2,8,RENAULT KADJAR,6,-1,0,2
2024361519471,2024,361519471,2,9,0,-1,10,7,5,-1,0,1,0,0,0,0,2,1,-1,9,1,52,8,1461,2,9,RENAULT KADJAR,8,E01026461,0,2
2024501433992,2024,501433992,2,9,0,-1,8,7,3,-1,0,1,0,0,0,0,4,1,-1,6,1,56,9,1333,1,3,RENAULT KADJAR,9,E01019998,0,1
2024010525542,2024,010525542,2,9,9,99,99,9,9,99,99,9,9,99,9,99,9,9,6,6,1,27,6,1461,2,4,RENAULT KADJAR,3,E01001744,0,1
2024010538937,2024,010538937,2,9,0,18,19,5,1,0,0,1,0,0,0,0,3,1,6,6,1,53,8,1332,1,5,RENAULT KADJAR,8,E01023938,0,4
2024221427369,2024,221427369,1,9,0,-1,3,4,8,-1,0,8,0,0,0,0,2,1,-1,6,1,47,8,1197,1,8,RENAULT KADJAR,1,E01032204,0,1
2024010516852,2024,010516852,2,9,0,99,99,9,9,99,99,9,9,99,9,99,9,9,6,6,3,-1,-1,1198,1,6,RENAULT KADJAR,-1,-1,0,-1
2024320042644,2024,320042644,1,9,0,9,9,4,2,0,0,5,0,0,0,0,1,1,6,6,2,41,7,1197,1,7,RENAULT KADJAR,3,E01026386,0,1
2024221523256,2024,221523256,1,9,0,-1,19,5,1,-1,0,0,0,0,0,0,1,9,-1,6,2,40,7,1461,2,8,RENAULT KADJAR,9,E01032400,0,1
2024122401164,2024,122401164,1,9,0,9,9,3,7,0,0,6,0,0,0,0,3,1,6,6,2,24,5,1598,2,7,RENAULT KADJAR,6,E01027628,0,1
2024520402537,2024,520402537,2,9,0,18,19,3,7,0,0,0,0,0,0,0,1,1,6,6,2,52,8,1461,2,8,RENAULT KADJAR,8,E01029145,0,1
2024311437801,2024,311437801,1,9,0,-1,19,1,5,-1,0,0,0,0,0,0,4,1,-1,9,2,56,9,1332,1,4,RENAULT KADJAR,7,E01028182,0,2
2024041407409,2024,041407409,2,9,0,-1,19,5,1,-1,0,1,0,0,0,0,1,1,-1,2,2,52,8,1330,1,5,RENAULT KADJAR,3,E01025262,0,1
2024451508160,2024,451508160,2,9,0,-1,99,5,1,-1,0,0,0,0,0,0,1,1,-1,6,2,30,6,1461,2,6,RENAULT KADJAR,-1,-1,0,-1
2024461402975,2024,461402975,1,9,0,-1,19,3,7,-1,0,1,0,0,0,0,1,1,-1,6,1,52,8,1197,1,8,RENAULT KADJAR,4,E01016115,0,1
2024471406978,2024,471406978,1,9,0,-1,19,6,2,-1,0,0,0,0,7,6,1,1,-1,6,1,32,6,1330,1,5,RENAULT KADJAR,8,E01030835,0,3
2024211453368,2024,211453368,1,9,0,-1,19,1,5,-1,0,0,0,0,0,0,2,1,-1,6,1,33,6,1332,1,5,RENAULT KADJAR,8,E01015473,0,5
2024351436098,2024,351436098,2,9,0,-1,20,0,0,-1,0,0,0,0,4,6,2,1,-1,9,2,32,6,1197,1,6,RENAULT KADJAR,5,E01002302,0,4
2024471536626,2024,471536626,2,9,0,-1,19,7,1,-1,0,1,1,0,2,0,3,1,-1,6,2,45,7,1197,1,8,RENAULT KADJAR,9,E01031496,0,1
2024070542584,2024,070542584,1,9,0,7,7,2,7,0,0,1,0,0,0,0,3,1,6,6,1,-1,-1,1461,2,6,RENAULT KADJAR,-1,-1,0,-1
2024430322935,2024,430322935,2,9,0,18,19,6,3,0,0,3,0,0,0,0,3,1,6,6,1,56,9,1598,2,6,RENAULT KADJAR,9,E01017372,0,3
202460Q096599,2024,60Q096599,2,9,0,18,19,2,6,0,0,0,0,0,0,0,1,1,6,6,1,62,9,1198,1,7,RENAULT KADJAR,-1,-1,0,-1
2024131499728,2024,131499728,1,9,0,-1,19,7,3,-1,0,8,0,0,0,0,1,2,-1,9,1,48,8,1598,2,7,RENAULT KADJAR,2,E01011759,0,2
2024461495628,2024,461495628,2,9,0,-1,3,7,3,-1,0,0,0,0,0,0,2,9,-1,6,2,41,7,1461,2,7,RENAULT KADJAR,8,E01024011,0,2
2024201490913,2024,201490913,1,9,0,-1,19,2,6,-1,0,0,1,0,0,0,1,1,-1,6,1,25,5,1330,1,5,RENAULT KADJAR,1,E01009709,0,1
2024622400053,2024,622400053,1,9,0,18,19,4,8,0,0,1,0,0,0,0,1,1,6,6,2,33,6,1461,2,8,RENAULT KADJAR,1,W01001961,0,2
2024031426769,2024,031426769,2,9,0,-1,4,2,6,-1,0,1,0,0,0,0,1,1,-1,6,1,67,10,1461,2,7,RENAULT KADJAR,7,E01019136,0,1
2024991431958,2024,991431958,2,9,0,-1,19,4,8,-1,0,0,0,0,0,0,1,1,-1,9,2,35,6,1461,2,7,RENAULT KADJAR,1,-1,0,1
2024131530398,2024,131530398,4,9,0,-1,19,7,3,-1,0,0,0,0,0,0,1,1,-1,9,1,61,9,1333,1,2,RENAULT KADJAR,8,E01034243,0,4
2024122401141,2024,122401141,2,9,0,18,19,7,3,0,0,0,0,0,0,0,3,1,6,6,1,71,10,1198,1,7,RENAULT KADJAR,5,E01030188,0,5
2024991416187,2024,991416187,2,9,0,-1,2,0,0,-1,-1,1,0,0,1,0,3,1,-1,6,-1,-1,-1,1461,2,7,RENAULT KADJAR,-1,-1,0,-1
2024351414510,2024,351414510,3,9,0,-1,19,5,1,-1,0,0,0,0,0,0,2,1,-1,2,2,57,9,1330,1,6,RENAULT KADJAR,8,E01018159,0,1
2024991497249,2024,991497249,2,9,0,-1,19,3,7,-1,0,0,0,0,0,0,2,1,-1,9,2,24,5,1332,1,5,RENAULT KADJAR,-1,-1,0,-1
2024041528445,2024,041528445,2,9,0,-1,19,1,5,-1,0,0,0,0,0,0,2,1,-1,6,2,31,6,1461,2,7,RENAULT KADJAR,3,E01012726,0,3
2024131394857,2024,131394857,1,9,0,-1,6,0,7,-1,9,1,0,0,7,11,1,1,-1,6,1,80,11,1332,1,4,RENAULT KADJAR,6,E01027923,0,2
2024991539920,2024,991539920,3,9,0,-1,19,6,2,-1,0,0,0,0,0,0,3,1,-1,9,1,43,7,1461,2,5,RENAULT KADJAR,9,-1,0,1
2024131526582,2024,131526582,1,9,0,-1,19,7,3,-1,0,0,0,0,0,0,1,1,-1,6,1,71,10,1332,1,5,RENAULT KADJAR,1,E01011474,0,1
2024610010024,2024,610010024,1,9,0,18,19,8,4,0,0,0,0,0,0,0,1,1,6,6,1,49,8,1332,1,4,RENAULT KADJAR,7,W01001507,0,1
2024340WN3502,2024,340WN3502,2,9,0,-1,10,3,7,-1,0,8,0,0,0,0,2,1,-1,7,2,36,7,1330,1,6,RENAULT KADJAR,1,E01016744,0,3
2024351505469,2024,351505469,3,9,0,-1,19,3,7,-1,0,0,0,0,0,0,2,1,-1,6,1,78,11,1461,2,8,RENAULT KADJAR,6,E01030020,0,4
2024461439190,2024,461439190,1,9,0,-1,12,7,3,-1,0,0,0,0,5,0,2,1,-1,9,2,33,6,1198,1,7,RENAULT KADJAR,4,E01027238,0,5
2024440473623,2024,440473623,1,9,0,3,3,2,6,0,0,1,0,0,0,0,2,1,3,7,2,42,7,1332,1,4,RENAULT KADJAR,10,E01022994,0,1
2024401469645,2024,401469645,1,9,0,-1,19,6,2,-1,9,1,0,10,1,1,1,1,-1,6,1,74,10,1197,1,8,RENAULT KADJAR,7,E01015764,0,4
202417L501324,2024,17L501324,2,9,0,2,2,0,0,0,0,0,0,0,0,0,0,1,6,6,2,59,9,1330,1,5,RENAULT KADJAR,4,E01027866,0,4
2024991426722,2024,991426722,2,9,0,-1,2,7,7,-1,0,2,0,0,0,0,1,1,-1,6,-1,-1,-1,1461,2,8,RENAULT KADJAR,-1,-1,0,-1
2024302400962,2024,302400962,2,9,0,4,4,3,7,0,0,0,0,0,0,0,2,1,6,6,2,29,6,1332,1,5,RENAULT KADJAR,9,E01019696,0,1
2024161481395,2024,161481395,2,9,0,-1,7,5,7,-1,0,0,0,0,0,0,1,1,-1,6,1,37,7,1461,2,8,RENAULT KADJAR,1,E01012836,0,2
2024361468629,2024,361468629,2,9,0,-1,19,5,1,-1,0,8,0,0,0,0,1,1,-1,9,1,62,9,1461,2,6,RENAULT KADJAR,3,E01026782,0,1
2024201447955,2024,201447955,1,8,0,-1,19,6,2,-1,0,1,0,0,0,0,1,1,-1,9,1,52,8,1461,2,8,RENAULT KADJAR,7,E01009424,0,1
2024070834566,2024,070834566,1,9,0,-1,19,7,3,-1,0,0,0,0,0,0,1,1,-1,6,1,27,6,1598,2,7,RENAULT KADJAR,3,E01010411,0,4
2024041469391,2024,041469391,2,9,0,-1,19,3,7,-1,0,0,0,0,0,0,3,1,-1,9,1,50,8,1461,2,8,RENAULT KADJAR,1,E01012674,0,1
2024991421963,2024,991421963,4,9,0,-1,3,3,7,-1,0,1,0,0,0,0,4,2,-1,2,2,38,7,1330,1,5,RENAULT KADJAR,9,-1,0,2
2024991482008,2024,991482008,2,9,0,-1,19,3,7,-1,0,0,0,0,0,0,1,1,-1,1,2,25,5,1461,2,8,RENAULT KADJAR,5,-1,0,1
2024340WN3402,2024,340WN3402,2,9,0,-1,4,3,7,-1,0,0,0,0,0,0,2,1,-1,6,1,40,7,1461,2,8,RENAULT KADJAR,6,E01016753,0,4
2024061501434,2024,061501434,1,9,0,-1,9,4,3,-1,1,0,0,0,0,0,1,1,-1,6,1,30,6,1461,2,9,RENAULT KADJAR,1,E01006000,0,1
2024421419811,2024,421419811,1,9,0,-1,19,6,2,-1,0,0,0,0,0,0,1,9,-1,6,2,41,7,1197,1,7,RENAULT KADJAR,8,E01021760,0,2
2024361398208,2024,361398208,1,9,0,-1,19,7,3,-1,0,0,0,0,0,0,1,1,-1,9,1,69,10,1461,2,9,RENAULT KADJAR,-1,-1,0,-1
2024201467393,2024,201467393,1,9,0,-1,5,8,2,-1,0,1,0,0,0,0,1,9,-1,2,1,35,6,1332,1,5,RENAULT KADJAR,9,E01031315,0,3
2024401422845,2024,401422845,1,9,0,-1,19,6,2,-1,0,4,0,0,0,0,1,1,-1,6,2,34,6,1461,2,7,RENAULT KADJAR,2,E01033803,0,1
2024471421895,2024,471421895,2,9,0,-1,19,3,7,-1,0,0,0,0,0,0,2,1,-1,2,1,64,9,1461,2,6,RENAULT KADJAR,7,E01032831,0,3
2024041487699,2024,041487699,2,9,0,-1,19,5,1,-1,0,0,0,0,0,0,3,1,-1,9,2,46,8,1461,2,8,RENAULT KADJAR,4,E01012690,0,1
2024201472668,2024,201472668,2,9,0,-1,2,0,0,-1,0,1,0,0,0,0,3,9,-1,6,2,-1,-1,1330,1,6,RENAULT KADJAR,2,E01009906,0,1
2024161481264,2024,161481264,1,9,0,-1,19,2,6,-1,0,1,0,0,0,0,2,9,-1,6,2,43,7,1461,2,6,RENAULT KADJAR,4,E01012767,0,1
2024061533585,2024,061533585,1,9,0,-1,19,2,6,-1,0,2,0,4,0,0,1,1,-1,9,1,35,6,1461,2,6,RENAULT KADJAR,1,E01005236,0,1
2024122401279,2024,122401279,1,9,0,18,19,9,9,0,0,2,0,0,0,0,1,1,6,6,1,64,9,1461,2,8,RENAULT KADJAR,2,E01027864,0,1
2024320749561,2024,320749561,1,9,0,-1,-1,4,8,0,0,2,0,0,0,0,1,1,-1,-1,2,43,7,1332,1,5,RENAULT KADJAR,-1,-1,0,-1
2024440444072,2024,440444072,1,9,0,4,4,6,2,0,0,0,0,0,0,0,2,1,6,6,1,69,10,1461,2,8,RENAULT KADJAR,2,E01010090,0,5
2024471482314,2024,471482314,1,9,0,-1,5,5,3,-1,0,0,1,0,0,0,1,1,-1,9,1,70,10,1332,1,4,RENAULT KADJAR,10,E01031729,0,1
2024411515258,2024,411515258,1,9,-1,-1,-1,-1,-1,-1,-1,-1,-1,-1,-1,0,-1,9,-1,6,2,-1,-1,1333,1,3,RENAULT KADJAR,-1,-1,0,-1
2024061518741,2024,061518741,6,9,0,-1,2,0,0,-1,0,0,0,0,0,0,1,1,-1,6,-1,-1,-1,1332,1,5,RENAULT KADJAR,-1,-1,0,-1
2024522402024,2024,522402024,1,9,0,11,11,5,1,0,0,8,0,0,0,0,2,1,6,6,2,39,7,1197,1,6,RENAULT KADJAR,6,E01035206,0,2
2024351489558,2024,351489558,1,9,0,-1,5,7,1,-1,0,6,0,0,0,0,1,1,-1,6,2,45,7,1332,1,4,RENAULT KADJAR,9,E01033175,0,1
2024991449348,2024,991449348,1,9,0,-1,19,4,8,-1,0,0,0,0,0,0,1,1,-1,6,2,74,10,1461,2,5,RENAULT KADJAR,6,-1,0,1
2024440458703,2024,440458703,1,9,0,18,19,1,5,0,0,8,0,0,0,0,4,1,6,6,2,46,8,1461,2,8,RENAULT KADJAR,4,E01017198,0,1
2024501478497,2024,501478497,1,9,0,-1,19,1,5,-1,0,0,0,0,0,0,1,1,-1,9,2,39,7,1461,2,6,RENAULT KADJAR,4,E01018846,0,3
2024041516553,2024,041516553,1,9,0,-1,11,7,3,-1,0,0,0,0,4,0,4,1,-1,9,2,56,9,1330,1,5,RENAULT KADJAR,3,E01025063,0,2
2024351472339,2024,351472339,2,5,0,-1,9,2,4,-1,0,8,0,0,0,0,1,1,-1,6,1,35,6,648,1,1,MAKE AND MODEL REDACTED,9,E01018006,0,3
2024471483563,2024,471483563,2,5,0,-1,19,3,7,-1,0,1,1,0,0,0,1,1,-1,9,1,23,5,648,1,5,MAKE AND MODEL REDACTED,8,E01022935,0,2
2024440079996,2024,440079996,2,5,0,18,19,2,6,0,0,1,0,0,0,0,1,1,1,1,1,55,8,648,1,3,MAKE AND MODEL REDACTED,9,E01023152,0,2
2024010527083,2024,010527083,2,5,0,18,19,4,8,0,0,1,1,0,0,0,1,1,6,6,1,20,4,535,1,5,MAKE AND MODEL REDACTED,1,E01013947,0,5
2024631492570,2024,631492570,1,5,5,-1,12,1,4,-1,0,0,0,0,7,3,1,1,-1,6,1,50,8,535,1,9,MAKE AND MODEL REDACTED,7,W01000700,0,1
2024545471724,2024,545471724,2,9,0,4,4,7,3,0,0,1,0,0,0,0,2,1,2,2,2,45,7,1242,1,16,SUZUKI SPLASH,10,E01015471,0,1
2024320461422,2024,320461422,1,9,0,-1,-1,8,4,0,0,6,0,0,0,0,3,1,6,6,2,62,9,996,1,13,SUZUKI SPLASH,3,E01026075,0,1
2024440177959,2024,440177959,3,9,0,4,4,2,6,0,0,2,0,0,0,0,2,1,2,2,2,31,6,1248,2,16,SUZUKI SPLASH,-1,-1,0,-1
2024371484172,2024,371484172,2,9,-1,-1,4,-1,-1,-1,0,1,0,0,0,0,2,9,-1,6,2,47,8,1242,1,15,SUZUKI SPLASH,2,E01030170,0,1
2024010537303,2024,010537303,2,9,0,18,19,1,5,0,0,2,0,0,0,0,1,1,6,6,2,27,6,1242,1,13,SUZUKI SPLASH,3,E01001446,0,1
2024991420439,2024,991420439,1,9,0,-1,19,7,3,-1,0,0,0,0,0,0,3,1,-1,6,1,63,9,1242,1,12,SUZUKI SPLASH,2,-1,0,3
2024041519461,2024,041519461,2,9,0,-1,4,1,3,-1,0,0,0,0,0,0,1,1,-1,9,2,90,11,996,1,11,SUZUKI SPLASH,9,E01006314,0,2
2024501427372,2024,501427372,1,9,0,-1,19,1,5,-1,0,0,0,0,0,0,1,1,-1,9,2,76,11,1242,1,11,SUZUKI SPLASH,4,E01018968,0,1
2024471404293,2024,471404293,2,9,0,-1,2,0,0,-1,0,0,0,0,0,0,3,1,-1,1,1,69,10,1242,1,11,SUZUKI SPLASH,2,E01031555,0,1
2024440105893,2024,440105893,2,9,0,18,19,3,7,0,0,8,1,0,7,10,3,1,6,6,2,18,4,1242,1,16,SUZUKI SPLASH,8,E01030422,0,1
2024041400200,2024,041400200,2,9,0,-1,9,1,6,-1,0,8,0,0,0,0,1,1,-1,6,2,19,4,996,1,10,SUZUKI SPLASH,7,E01025339,0,1
2024340WN2252,2024,340WN2252,1,9,0,-1,19,2,6,-1,0,1,0,0,0,0,4,1,-1,9,2,25,5,996,1,14,SUZUKI SPLASH,5,E01027138,0,2
2024302500213,2024,302500213,3,9,0,-1,4,8,4,-1,0,0,0,0,0,0,2,1,-1,6,3,25,5,996,1,12,SUZUKI SPLASH,7,E01019513,0,3
2024411405221,2024,411405221,3,9,0,-1,4,1,5,-1,0,0,0,0,0,0,2,1,-1,9,2,26,6,996,1,12,SUZUKI SPLASH,3,E01017539,0,4
2024211472938,2024,211472938,1,9,0,-1,9,6,4,-1,0,6,0,0,0,0,1,1,-1,6,1,38,7,1242,1,14,SUZUKI SPLASH,1,E01014273,0,1
2024041455197,2024,041455197,1,9,0,-1,7,1,5,-1,0,1,0,0,0,0,4,1,-1,2,2,32,6,1242,1,11,SUZUKI SPLASH,5,E01025580,0,2
2024401489609,2024,401489609,1,9,0,-1,6,8,6,-1,0,0,1,0,7,0,3,1,-1,2,2,25,5,996,1,13,SUZUKI SPLASH,9,E01033825,0,1
202417M102824,2024,17M102824,2,9,0,9,9,2,7,0,0,8,0,0,0,0,1,1,6,6,2,20,4,1242,1,16,SUZUKI SPLASH,1,E01012083,0,1
2024552400526,2024,552400526,1,9,0,18,19,3,7,9,9,6,0,0,3,4,1,1,6,6,1,88,11,1242,1,11,SUZUKI SPLASH,8,E01015453,0,1
2024522403444,2024,522403444,1,9,0,8,8,4,8,0,0,1,0,0,0,0,2,1,6,6,2,33,6,996,1,12,SUZUKI SPLASH,6,W01001908,0,3
2024471483095,2024,471483095,1,9,0,-1,6,6,6,-1,9,6,0,10,1,2,1,1,-1,9,1,91,11,1242,1,11,SUZUKI SPLASH,7,E01021007,0,1
2024501489418,2024,501489418,2,9,0,-1,3,2,6,-1,0,0,0,0,0,0,2,1,-1,9,2,31,6,996,1,15,SUZUKI SPLASH,9,E01020058,0,3
2024421488531,2024,421488531,1,9,0,-1,19,1,5,-1,0,0,0,0,0,0,1,1,-1,9,2,65,9,996,1,13,SUZUKI SPLASH,9,E01021409,0,2
2024440394551,2024,440394551,1,9,0,18,19,3,7,0,0,1,0,7,3,11,3,1,6,6,2,29,6,1242,1,10,SUZUKI SPLASH,3,E01017105,0,1
2024440367586,2024,440367586,1,9,0,18,19,3,7,0,0,0,0,0,0,0,1,1,6,6,1,82,11,1242,1,11,SUZUKI SPLASH,-1,-1,0,-1
2024552401014,2024,552401014,2,9,0,18,19,2,6,0,0,0,0,0,0,0,3,1,2,2,2,23,5,996,1,12,SUZUKI SPLASH,7,E01015466,0,1
202454A424524,2024,54A424524,2,9,0,18,19,6,2,0,0,0,0,0,0,0,3,1,6,6,2,21,5,1242,1,15,SUZUKI SPLASH,4,E01032019,0,4
2024520500006,2024,520500006,1,9,0,3,3,1,2,0,0,4,0,0,0,0,2,1,6,6,2,64,9,996,1,11,SUZUKI SPLASH,9,E01029159,0,2
2024451520495,2024,451520495,1,9,0,-1,4,4,5,-1,0,0,0,0,0,0,1,9,-1,6,3,62,9,1242,1,15,SUZUKI SPLASH,7,E01030755,0,1
2024071085371,2024,071085371,1,9,0,-1,9,5,7,-1,0,8,0,0,0,0,4,1,-1,9,2,78,11,996,1,11,SUZUKI SPLASH,1,E01012444,0,2
2024461512978,2024,461512978,2,9,0,-1,19,5,1,-1,0,4,0,0,0,0,4,9,-1,6,2,19,4,1242,1,16,SUZUKI SPLASH,1,E01024597,0,1
202454B516824,2024,54B516824,1,9,0,18,19,1,5,0,0,0,5,0,7,4,1,1,2,2,2,64,9,996,1,15,SUZUKI SPLASH,10,E01031934,0,2
2024122401134,2024,122401134,1,9,0,18,19,6,2,0,0,1,0,0,0,0,1,1,6,6,1,56,9,1242,1,15,SUZUKI SPLASH,9,E01027714,0,3