collision_index,collision_year,collision_ref_no,vehicle_reference,vehicle_type,towing_and_articulation,vehicle_manoeuvre_historic,vehicle_manoeuvre,vehicle_direction_from,vehicle_direction_to,vehicle_location_restricted_lane_historic,vehicle_location_restricted_lane,junction_location,skidding_and_overturning,hit_object_in_carriageway,vehicle_leaving_carriageway,hit_object_off_carriageway,first_point_of_impact,vehicle_left_hand_drive,journey_purpose_of_driver_historic,journey_purpose_of_driver,sex_of_driver,age_of_driver,age_band_of_driver,engine_capacity_cc,propulsion_code,age_of_vehicle,generic_make_model,driver_imd_decile,lsoa_of_driver,escooter_flag,driver_distance_banding
2024461543253,2024,461543253,2,9,0,-1,19,7,3,-1,0,0,0,0,0,0,1,1,-1,6,2,49,8,1242,1,16,SUZUKI SPLASH,2,E01024840,0,1
2024010550592,2024,010550592,3,9,0,16,19,1,5,0,0,1,0,0,0,0,1,1,6,6,1,29,6,1242,1,16,SUZUKI SPLASH,-1,-1,0,-1
2024010506355,2024,010506355,2,9,0,99,99,9,9,99,99,9,9,99,9,99,2,9,6,6,3,-1,-1,996,1,10,SUZUKI SPLASH,-1,-1,0,-1
2024122400609,2024,122400609,1,9,0,16,19,7,3,0,0,0,0,0,0,0,1,1,6,6,1,24,5,1242,1,11,SUZUKI SPLASH,8,E01027656,0,4
2024471434977,2024,471434977,2,9,0,-1,2,0,0,-1,0,0,0,0,0,0,2,1,-1,6,-1,-1,-1,996,1,11,SUZUKI SPLASH,-1,-1,0,-1
2024010530962,2024,010530962,2,9,0,99,99,9,9,99,99,9,9,99,9,99,9,9,6,6,3,-1,-1,1242,1,10,SUZUKI SPLASH,-1,-1,0,-1
2024010541308,2024,010541308,2,9,0,10,10,7,5,0,0,1,0,0,0,0,0,1,6,6,1,28,6,1242,1,10,SUZUKI SPLASH,-1,-1,0,-1
2024131456770,2024,131456770,1,9,0,-1,-1,-1,-1,-1,-1,-1,-1,-1,-1,-1,1,1,-1,6,3,-1,-1,1242,1,15,SUZUKI SPLASH,-1,-1,0,-1
2024522403019,2024,522403019,1,9,0,18,19,5,1,0,0,0,0,4,0,0,1,1,6,6,1,20,4,996,1,11,SUZUKI SPLASH,6,E01014929,0,2
2024302400307,2024,302400307,3,9,0,4,4,5,8,0,0,1,0,0,0,0,2,1,6,6,2,55,8,1242,1,15,SUZUKI SPLASH,-1,-1,0,-1
2024520402598,2024,520402598,1,9,0,16,19,1,5,0,0,0,0,0,8,10,1,1,6,6,1,43,7,996,1,12,SUZUKI SPLASH,1,E01029107,0,3
2024401481797,2024,401481797,2,9,0,-1,19,4,8,-1,0,0,0,0,0,0,1,1,-1,2,1,21,5,1997,2,15,VOLVO V50,10,E01033025,0,3
2024991412182,2024,991412182,1,9,0,-1,9,3,1,-1,0,5,0,0,0,0,4,1,-1,9,1,39,7,1560,2,16,VOLVO V50,4,-1,0,1
2024361443692,2024,361443692,1,9,0,-1,7,2,8,-1,0,0,0,0,0,0,4,1,-1,6,1,55,8,1997,2,15,VOLVO V50,5,E01034767,0,1
2024320249462,2024,320249462,1,9,0,9,9,5,3,0,0,5,0,0,0,0,4,1,-1,-1,1,72,10,1560,2,16,VOLVO V50,3,E01026102,0,3
2024440514435,2024,440514435,1,9,0,18,19,2,6,0,0,1,0,0,0,0,1,1,6,6,1,44,7,1560,2,12,VOLVO V50,6,E01035450,0,4
2024547420124,2024,547420124,1,9,0,18,19,7,3,0,0,4,0,0,0,0,1,1,2,2,1,61,9,1984,2,14,VOLVO V50,8,E01032699,0,1
2024461469177,2024,461469177,1,9,0,-1,19,7,3,-1,0,0,0,0,0,0,1,9,-1,6,2,-1,-1,1560,2,12,VOLVO V50,-1,-1,0,-1
2024311525886,2024,311525886,1,9,0,-1,1,1,5,-1,0,0,0,0,0,0,2,9,-1,6,3,-1,-1,1998,2,17,VOLVO V50,-1,-1,0,-1
2024440081527,2024,440081527,1,9,0,18,19,8,4,0,0,0,0,10,0,0,4,1,6,6,1,43,7,1798,1,16,VOLVO V50,4,E01017121,0,4
2024522402891,2024,522402891,2,9,0,9,9,2,8,0,0,5,0,0,0,0,3,1,6,6,2,43,7,1998,1,13,VOLVO V50,9,E01014899,0,1
2024471454392,2024,471454392,1,9,0,-1,19,1,5,-1,0,0,0,0,0,0,1,1,-1,2,2,57,9,1560,2,13,VOLVO V50,6,E01021032,0,1
2024471473763,2024,471473763,3,9,0,-1,4,1,5,-1,0,0,0,0,0,0,2,9,-1,6,1,-1,-1,1998,2,17,VOLVO V50,6,E01021164,0,3
2024451462996,2024,451462996,1,9,0,-1,13,1,5,-1,0,0,1,0,0,0,3,1,-1,2,1,35,6,2435,1,17,VOLVO V50,-1,-1,0,-1
2024501442690,2024,501442690,1,9,0,-1,19,4,8,-1,0,0,0,0,0,0,3,1,-1,9,2,18,4,1998,2,18,VOLVO V50,6,E01018821,0,1
2024361503864,2024,361503864,2,9,0,-1,10,2,8,-1,0,1,0,0,0,0,2,1,-1,9,1,77,11,1560,2,15,VOLVO V50,9,E01026708,0,4
2024471477927,2024,471477927,2,9,0,-1,19,1,5,-1,0,8,0,0,0,0,1,1,-1,2,1,31,6,1997,2,15,VOLVO V50,2,E01017108,0,4
2024231419308,2024,231419308,1,9,0,-1,8,7,1,-1,0,1,0,0,0,0,2,2,-1,9,2,42,7,1798,1,17,VOLVO V50,6,E01033253,0,1
2024131404491,2024,131404491,2,9,0,-1,19,3,7,-1,0,0,0,0,0,0,2,1,-1,1,1,48,8,1998,2,18,VOLVO V50,3,E01006743,0,4
2024131527198,2024,131527198,1,9,0,-1,19,5,1,-1,0,1,0,0,0,0,1,2,-1,9,1,60,9,1998,2,17,VOLVO V50,1,E01011366,0,2
2024401539353,2024,401539353,2,9,0,-1,-1,-1,-1,-1,-1,-1,-1,-1,-1,0,1,9,-1,9,1,61,9,1560,2,14,VOLVO V50,4,E01015755,0,1
2024501424380,2024,501424380,2,9,0,-1,19,7,2,-1,0,8,0,0,0,0,4,9,-1,9,2,42,7,2521,1,20,VOLVO V50,3,E01020264,0,1
2024101512918,2024,101512918,1,9,0,-1,19,8,5,-1,0,0,0,0,0,0,3,9,-1,6,1,31,6,2400,2,15,VOLVO V50,4,E01008490,0,1
2024361526515,2024,361526515,2,9,0,-1,19,2,6,-1,0,2,0,0,0,0,4,1,-1,2,2,36,7,1998,2,18,VOLVO V50,4,E01026864,0,1
2024440159150,2024,440159150,1,9,0,18,19,2,6,0,0,0,0,10,0,0,3,1,6,6,1,27,6,1998,2,16,VOLVO V50,5,E01022845,0,1
2024052401904,2024,052401904,1,9,0,2,2,0,0,0,0,0,0,8,0,0,3,1,6,6,1,64,9,1560,2,13,VOLVO V50,10,E01006926,0,1
2024131464911,2024,131464911,2,9,0,-1,3,8,4,-1,0,0,0,0,0,0,2,1,-1,6,1,52,8,1998,2,17,VOLVO V50,1,E01032494,0,1
2024440032626,2024,440032626,2,9,0,18,19,6,2,0,0,8,0,0,0,0,4,1,6,6,1,69,10,1798,1,16,VOLVO V50,5,E01022845,0,2
2024302400847,2024,302400847,1,9,0,1,1,5,1,0,0,2,0,0,0,0,1,1,6,6,1,30,6,1984,2,13,VOLVO V50,5,E01019475,0,1
2024501418630,2024,501418630,2,9,0,-1,2,0,0,-1,0,1,0,0,0,0,2,1,-1,6,1,44,7,2401,2,16,VOLVO V50,4,E01015147,0,1
2024991424141,2024,991424141,2,9,0,-1,5,1,2,-1,0,8,0,0,0,0,1,1,-1,6,1,80,11,1997,2,14,VOLVO V50,9,-1,0,1
2024451485356,2024,451485356,1,9,0,-1,19,7,3,-1,0,0,1,4,0,0,1,1,-1,9,1,65,9,1560,2,13,VOLVO V50,9,E01030960,0,1
2024131482780,2024,131482780,1,9,0,-1,19,6,2,-1,0,0,0,0,0,0,1,1,-1,6,1,77,11,1998,2,15,VOLVO V50,7,E01010876,0,1
2024471517259,2024,471517259,2,9,0,-1,2,0,0,-1,0,0,0,0,0,0,1,1,-1,6,-1,-1,-1,1560,2,13,VOLVO V50,-1,-1,0,-1
2024221410025,2024,221410025,2,9,0,-1,4,5,1,-1,0,1,0,0,0,0,2,1,-1,2,1,29,6,1998,2,17,VOLVO V50,2,E01014074,0,3
2024991421985,2024,991421985,2,9,0,-1,2,1,5,-1,-1,0,0,0,1,0,1,1,-1,6,-1,-1,-1,1984,2,13,VOLVO V50,-1,-1,0,-1
2024231468298,2024,231468298,2,9,0,-1,1,1,5,-1,0,6,0,0,7,0,1,1,-1,2,1,36,7,1560,2,15,VOLVO V50,5,E01009583,0,2
2024991411149,2024,991411149,1,9,0,-1,19,3,7,-1,0,4,0,9,0,0,1,1,-1,9,1,27,6,1998,2,18,VOLVO V50,3,-1,0,2
2024302401663,2024,302401663,4,9,0,2,2,0,0,0,0,2,0,0,0,0,2,1,6,6,3,-1,-1,1560,2,15,VOLVO V50,-1,-1,0,-1
2024211531599,2024,211531599,1,9,0,-1,3,1,4,-1,0,0,0,0,0,0,1,1,-1,9,1,67,10,1998,2,18,VOLVO V50,3,E01007167,0,5
2024061467098,2024,061467098,2,9,0,-1,2,0,0,-1,0,0,1,0,1,0,2,1,-1,9,2,21,5,1997,2,15,VOLVO V50,2,E01006323,0,1
2024471403727,2024,471403727,1,9,0,-1,19,2,6,-1,0,0,0,0,0,0,1,9,-1,6,1,60,9,2435,1,18,VOLVO V50,5,E01030862,0,2
2024411449233,2024,411449233,1,9,0,-1,13,7,8,-1,0,0,0,0,0,0,4,1,-1,2,1,56,9,1560,2,12,VOLVO V50,4,E01023772,0,2
2024340NN0772,2024,340NN0772,2,9,0,-1,3,5,1,-1,0,0,0,0,0,0,2,1,-1,9,1,62,9,1560,2,16,VOLVO V50,7,E01027129,0,4
2024320693103,2024,320693103,1,9,0,-1,-1,8,4,0,0,0,0,0,0,0,4,1,-1,-1,2,32,6,1998,2,17,VOLVO V50,7,E01026333,0,1
2024211549544,2024,211549544,1,9,0,-1,2,3,3,-1,0,0,0,0,0,0,1,9,-1,6,2,30,6,1560,2,12,VOLVO V50,-1,-1,0,-1
2024311456688,2024,311456688,1,9,0,-1,19,1,2,-1,0,0,0,0,0,0,2,1,-1,6,1,24,5,2401,2,18,VOLVO V50,3,E01028166,0,1
2024440275755,2024,440275755,1,9,0,9,9,3,1,0,0,6,0,0,0,0,4,1,6,6,1,63,9,1560,2,14,VOLVO V50,5,E01020083,0,5
2024031464645,2024,031464645,1,9,0,-1,13,7,3,-1,0,0,0,0,0,0,1,1,-1,9,1,36,7,1998,2,17,VOLVO V50,1,E01019280,0,3
2024041478811,2024,041478811,2,9,0,-1,19,1,5,-1,0,3,0,0,0,0,4,1,-1,9,1,55,8,1560,2,14,VOLVO V50,7,E01025147,0,2
2024501466586,2024,501466586,2,9,0,-1,19,6,2,-1,0,1,1,0,0,0,3,1,-1,6,1,29,6,2435,1,19,VOLVO V50,3,E01002445,0,5
2024430343173,2024,430343173,3,9,0,18,19,-1,-1,0,0,0,0,0,0,0,1,1,6,6,2,83,11,1997,2,14,VOLVO V50,10,E01028685,0,4
2024501478451,2024,501478451,1,9,0,-1,19,8,3,-1,0,1,2,0,0,0,4,1,-1,9,1,56,9,1560,2,13,VOLVO V50,3,E01032627,0,5
2024131534640,2024,131534640,1,9,0,-1,7,5,7,-1,0,8,0,0,0,0,2,1,-1,2,2,24,5,1560,2,13,VOLVO V50,1,E01010755,0,1
2024311508236,2024,311508236,1,9,0,-1,5,0,4,-1,0,1,0,4,7,0,1,1,-1,6,1,63,9,1997,2,15,VOLVO V50,-1,-1,0,-1
2024401439812,2024,401439812,2,9,0,-1,19,1,5,-1,0,8,1,4,0,0,1,1,-1,6,-1,-1,-1,2435,1,17,VOLVO V50,-1,-1,0,-1
2024361411660,2024,361411660,1,9,0,-1,19,2,6,-1,0,8,0,0,0,0,4,1,-1,9,1,55,8,1998,2,20,VOLVO V50,8,E01026835,0,1
2024471420236,2024,471420236,2,9,0,-1,19,1,5,-1,0,0,0,0,0,0,4,1,-1,2,2,38,7,1984,2,13,VOLVO V50,8,E01034820,0,1
2024471466274,2024,471466274,2,9,0,-1,4,7,3,-1,0,0,0,0,0,0,2,1,-1,2,1,54,8,1984,2,12,VOLVO V50,7,E01031653,0,3
2024201450949,2024,201450949,1,9,0,-1,19,7,3,-1,0,0,0,0,0,0,1,1,-1,6,2,65,9,1998,2,19,VOLVO V50,5,E01008965,0,2
2024131509675,2024,131509675,2,9,0,-1,-1,8,8,-1,-1,4,0,0,7,0,1,1,-1,6,3,-1,-1,1560,2,14,VOLVO V50,-1,-1,0,-1
2024471487351,2024,471487351,1,9,0,-1,-1,-1,-1,-1,0,0,0,0,0,0,1,1,-1,6,1,-1,-1,1998,2,16,VOLVO V50,-1,-1,0,-1
2024221479073,2024,221479073,1,9,0,-1,19,4,8,-1,0,1,0,0,0,0,1,1,-1,6,1,24,5,1560,2,13,VOLVO V50,2,E01034333,0,1
2024122400078,2024,122400078,1,9,0,14,14,5,1,0,0,0,0,0,0,0,3,1,6,6,1,75,10,1560,2,12,VOLVO V50,10,E01013436,0,3
2024501527820,2024,501527820,1,9,0,-1,19,7,3,-1,0,0,0,0,0,0,1,1,-1,6,2,58,9,1560,2,14,VOLVO V50,4,E01018894,0,1
2024351504894,2024,351504894,1,9,0,-1,5,6,2,-1,-1,0,0,0,0,0,1,1,-1,9,1,28,6,1998,2,16,VOLVO V50,6,E01018156,0,1
2024070900655,2024,070900655,1,9,0,-1,19,3,7,-1,0,9,0,0,0,0,4,1,-1,6,3,46,8,1998,2,17,VOLVO V50,-1,-1,0,-1
2024361503317,2024,361503317,2,9,0,-1,19,8,7,-1,0,1,0,0,0,0,1,1,-1,6,2,27,6,1998,2,19,VOLVO V50,6,E01026492,0,2
2024351423618,2024,351423618,1,9,0,-1,7,1,7,-1,0,5,0,0,3,0,4,9,-1,6,1,-1,-1,1998,2,17,VOLVO V50,7,E01021430,0,4
2024520401747,2024,520401747,1,9,0,18,19,6,2,0,0,8,0,0,0,0,1,1,6,6,1,53,8,1560,2,15,VOLVO V50,5,E01029053,0,2
2024501476690,2024,501476690,3,9,0,-1,19,1,5,-1,0,2,1,0,0,0,1,1,-1,9,1,54,8,1560,2,14,VOLVO V50,6,E01019026,0,1
2024311496898,2024,311496898,1,9,0,-1,13,3,7,-1,0,0,0,0,0,0,1,1,-1,6,1,19,4,1560,2,14,VOLVO V50,1,E01028066,0,1
2024351500962,2024,351500962,2,9,-1,-1,-1,-1,-1,-1,-1,0,-1,-1,-1,0,2,9,-1,6,1,21,5,1998,2,17,VOLVO V50,4,E01018060,0,3
2024991435739,2024,991435739,2,5,0,-1,4,6,1,-1,0,1,1,0,7,0,1,1,-1,2,1,32,6,659,1,2,MAKE AND MODEL REDACTED,-1,-1,0,-1
2024302401235,2024,302401235,2,3,0,12,12,6,2,0,0,7,0,0,0,0,2,1,6,6,1,24,5,659,1,2,MAKE AND MODEL REDACTED,9,E01013596,0,1
2024421467340,2024,421467340,3,4,0,-1,19,2,6,-1,0,0,0,0,0,0,3,1,-1,9,1,59,9,659,1,2,MAKE AND MODEL REDACTED,7,E01021412,0,4
2024010519658,2024,010519658,2,5,0,4,4,7,3,0,0,0,0,0,0,0,2,1,6,6,1,23,5,659,1,2,MAKE AND MODEL REDACTED,6,E01001471,0,4
2024041463161,2024,041463161,2,5,0,-1,19,5,1,-1,0,0,0,0,0,0,1,1,-1,9,1,24,5,659,1,2,MAKE AND MODEL REDACTED,8,E01024956,0,4
2024010547681,2024,010547681,2,5,0,18,19,1,5,0,0,8,1,0,0,0,1,1,2,2,1,29,6,659,1,2,MAKE AND MODEL REDACTED,-1,-1,0,-1
2024440352086,2024,440352086,1,5,0,18,19,1,4,0,0,1,1,0,0,0,0,1,6,6,1,49,8,659,1,1,MAKE AND MODEL REDACTED,9,E01035438,0,3
2024302400785,2024,302400785,2,9,0,18,19,6,2,0,0,1,0,0,0,0,1,1,6,6,1,45,7,3982,1,1,MAKE AND MODEL REDACTED,5,E01019434,0,1
2024131507221,2024,131507221,1,9,0,-1,19,3,7,-1,0,0,0,0,0,0,1,1,-1,9,1,21,5,2969,2,17,AUDI A6,-1,-1,0,-1
2024451495533,2024,451495533,2,9,0,-1,19,5,1,-1,0,0,0,0,7,0,4,1,-1,1,1,39,7,1968,2,7,AUDI A6,3,E01024090,0,4
2024010550993,2024,010550993,2,9,0,9,9,7,5,1,1,1,0,0,0,0,1,1,6,6,1,52,8,1984,1,4,AUDI A6,3,E01030711,0,2
2024991511665,2024,991511665,2,9,0,-1,19,6,2,-1,0,0,0,0,1,0,1,1,-1,6,1,36,7,1968,2,13,AUDI A6,-1,-1,0,-1
2024430558552,2024,430558552,1,9,0,18,19,4,8,0,0,0,0,0,1,2,1,1,2,2,1,75,10,2967,2,15,AUDI A6,6,E01016737,0,1
2024041501301,2024,041501301,2,9,0,-1,19,5,1,-1,0,2,0,0,0,0,3,1,-1,9,1,40,7,1968,2,8,AUDI A6,4,E01025190,0,1
2024101474877,2024,101474877,3,9,0,-1,3,1,5,-1,0,0,0,0,0,0,2,1,-1,1,1,35,6,1968,2,5,AUDI A6,-1,-1,0,-1
2024010538606,2024,010538606,1,9,0,18,19,3,7,0,0,8,0,0,0,0,3,1,6,6,1,46,8,1798,1,6,AUDI A6,3,E01021266,0,3
2024101420894,2024,101420894,2,9,-1,-1,5,7,3,-1,0,4,0,0,0,0,2,9,-1,1,1,30,6,1968,2,7,AUDI A6,9,E01012200,0,4
2024302400773,2024,302400773,1,9,0,4,4,5,8,0,0,3,0,0,0,0,0,1,6,6,1,28,6,1968,2,12,AUDI A6,1,E01008098,0,3
2024010511953,2024,010511953,5,9,0,18,19,7,3,0,0,0,0,0,0,0,1,1,1,1,1,40,7,1984,8,1,AUDI A6,3,E01002708,0,1
2024531507241,2024,531507241,3,9,0,-1,9,8,5,-1,0,8,0,0,0,0,0,9,-1,1,1,38,7,2967,2,0,AUDI A6,-1,-1,0,-1
2024010506975,2024,010506975,3,9,0,18,19,7,3,0,0,0,0,1,0,0,1,1,6,6,1,50,8,1968,2,8,AUDI A6,-1,-1,0,-1
202417M111624,2024,17M111624,3,9,0,-1,19,7,3,-1,0,0,0,0,0,0,1,1,-1,1,1,30,6,1968,2,8,AUDI A6,1,E01035618,0,4
2024201448302,2024,201448302,1,9,0,-1,1,6,2,-1,0,0,0,4,1,0,2,9,-1,6,3,-1,-1,1968,2,16,AUDI A6,-1,-1,0,-1
2024061440946,2024,061440946,2,9,0,-1,19,7,3,-1,0,1,0,0,0,0,1,1,-1,6,1,57,9,1968,2,4,AUDI A6,-1,-1,0,-1
2024991404531,2024,991404531,1,9,0,-1,6,7,7,-1,0,0,0,0,0,0,3,1,-1,9,1,54,8,1968,2,10,AUDI A6,4,-1,0,1
2024421528967,2024,421528967,2,9,0,-1,19,7,3,-1,0,3,0,0,0,0,4,1,-1,1,1,35,6,1968,2,5,AUDI A6,9,E01030191,0,4
2024052401600,2024,052401600,2,8,0,18,19,6,2,0,0,1,0,0,0,0,1,1,1,1,1,32,6,1968,2,4,AUDI A6,1,E01005429,0,4
2024991436655,2024,991436655,1,9,0,-1,1,6,2,-1,9,2,0,0,0,0,2,1,-1,9,1,48,8,1968,2,5,AUDI A6,10,-1,0,1
2024991519396,2024,991519396,2,9,0,-1,2,0,0,-1,0,1,0,0,0,0,0,1,-1,6,-1,-1,-1,1968,2,8,AUDI A6,-1,-1,0,-1
2024320078738,2024,320078738,2,9,0,3,3,6,2,0,0,0,0,0,0,0,2,1,-1,-1,2,33,6,1968,2,5,AUDI A6,3,E01026207,0,4
2024201456572,2024,201456572,1,9,0,-1,9,6,4,-1,0,8,0,0,0,0,1,9,-1,9,3,-1,-1,1968,1,16,AUDI A6,-1,-1,0,-1
2024010541071,2024,010541071,2,9,0,7,7,8,3,0,0,5,0,0,0,0,4,1,6,6,1,57,9,1968,2,8,AUDI A6,-1,-1,0,-1
2024201536127,2024,201536127,1,9,0,-1,19,3,7,-1,0,8,0,0,0,0,1,1,-1,9,1,18,4,1968,2,17,AUDI A6,1,E01009102,0,1
202460Q148242,2024,60Q148242,2,9,0,18,19,5,1,0,0,1,0,0,0,0,1,1,1,1,1,32,6,1968,2,11,AUDI A6,-1,-1,0,-1
2024010523608,2024,010523608,1,9,0,9,9,3,1,0,0,5,0,0,0,0,1,1,6,6,1,26,6,1968,2,9,AUDI A6,-1,-1,0,-1
2024991437627,2024,991437627,2,9,0,-1,19,3,7,-1,0,0,0,0,0,0,2,1,-1,9,2,32,6,2967,2,8,AUDI A6,10,-1,0,2
2024332400826,2024,332400826,1,9,0,-1,19,8,4,-1,0,0,0,0,0,0,1,1,-1,9,1,39,7,1984,1,3,AUDI A6,10,E01013797,0,4
2024122400080,2024,122400080,3,9,0,18,19,7,3,0,0,1,0,0,1,0,3,1,2,2,1,36,7,1984,1,2,AUDI A6,8,E01027645,0,3
2024010513280,2024,010513280,2,9,0,99,99,9,9,99,99,9,9,99,9,99,9,9,6,6,3,-1,-1,2995,1,12,AUDI A6,-1,-1,0,-1
2024430222663,2024,430222663,1,9,0,18,19,2,6,0,0,2,0,0,0,0,1,1,2,2,1,44,7,1968,2,13,AUDI A6,4,E01016519,0,3
2024041410030,2024,041410030,1,9,0,-1,19,4,8,-1,0,8,0,0,1,1,1,1,-1,9,1,28,6,2773,1,15,AUDI A6,1,E01033226,0,1
2024070045283,2024,070045283,1,9,0,18,19,5,1,0,0,0,0,0,0,0,1,1,2,2,1,46,8,1968,2,12,AUDI A6,2,E01025366,0,4
2024201455529,2024,201455529,1,9,0,-1,19,7,3,-1,0,0,0,0,0,0,1,1,-1,6,1,32,6,2967,2,5,AUDI A6,2,E01009006,0,1
2024320409905,2024,320409905,2,9,0,-1,-1,6,2,0,0,0,1,0,1,9,1,1,-1,-1,1,35,6,1968,2,8,AUDI A6,-1,-1,0,-1
2024010502259,2024,010502259,2,9,0,5,5,1,5,0,0,1,0,0,0,0,1,1,6,6,1,22,5,1968,2,9,AUDI A6,3,E01034393,0,3
2024991459142,2024,991459142,1,9,0,-1,19,1,5,-1,0,1,0,0,0,0,1,1,-1,6,1,58,9,1968,2,8,AUDI A6,7,-1,0,1
2024531496389,2024,531496389,1,9,0,-1,19,3,7,-1,0,1,0,0,0,0,1,1,-1,6,1,21,5,1968,2,14,AUDI A6,5,E01022266,0,1
2024302400788,2024,302400788,2,9,0,18,19,8,4,0,0,8,0,0,0,0,3,1,6,6,2,42,7,1968,2,16,AUDI A6,7,E01019617,0,1
2024461499021,2024,461499021,2,9,0,-1,4,5,1,-1,0,0,0,0,0,0,2,1,-1,2,1,42,7,1968,2,11,AUDI A6,8,E01024255,0,1
2024411486381,2024,411486381,1,9,0,-1,-1,-1,-1,-1,-1,-1,-1,-1,-1,0,-1,9,-1,6,1,48,8,1984,1,1,AUDI A6,8,E01033029,0,2
2024211476383,2024,211476383,3,9,0,-1,4,4,8,-1,0,0,0,0,0,0,2,1,-1,1,1,54,8,1968,2,7,AUDI A6,8,E01019101,0,5
2024141515868,2024,141515868,1,9,0,-1,9,1,5,-1,0,1,0,11,0,0,4,1,-1,6,1,25,5,2698,2,14,AUDI A6,2,E01008014,0,1
2024201506010,2024,201506010,1,9,0,-1,9,2,8,-1,0,6,0,0,0,0,1,1,-1,9,1,47,8,1968,2,13,AUDI A6,1,E01009093,0,1
2024201403769,2024,201403769,2,9,0,-1,19,3,3,-1,0,8,0,0,0,0,1,9,-1,9,1,32,6,1871,2,19,AUDI A6,3,E01009624,0,1
2024991470399,2024,991470399,1,9,0,-1,19,1,5,-1,0,0,1,0,0,0,1,1,-1,9,1,51,8,1968,2,9,AUDI A6,8,-1,0,3
2024501471761,2024,501471761,1,9,0,-1,9,3,1,-1,0,6,0,0,0,0,1,1,-1,6,2,37,7,1968,2,14,AUDI A6,5,E01018960,0,2
2024421396546,2024,421396546,3,9,0,-1,19,3,7,-1,0,1,0,0,0,0,1,1,-1,9,1,48,8,1968,2,7,AUDI A6,4,E01021847,0,1
2024440405314,2024,440405314,1,9,0,18,19,6,2,0,0,0,0,0,7,0,1,1,6,6,3,-1,-1,2496,2,21,AUDI A6,-1,-1,0,-1
2024401427547,2024,401427547,6,9,0,-1,19,6,2,-1,0,1,0,0,0,0,4,1,-1,6,1,39,7,1968,2,13,AUDI A6,2,E01033801,0,1
2024131408102,2024,131408102,1,9,0,-1,4,5,5,-1,0,4,0,0,0,0,1,2,-1,9,1,47,8,1968,2,10,AUDI A6,1,E01010965,0,2
2024010523298,2024,010523298,1,9,0,3,3,1,5,99,99,9,9,99,0,0,9,1,6,6,1,35,6,2967,2,8,AUDI A6,9,E01000885,0,2
2024430449909,2024,430449909,3,9,0,10,10,7,5,0,0,1,0,0,0,0,1,1,2,2,1,54,8,1968,2,7,AUDI A6,4,E01016436,0,1
2024061501785,2024,061501785,1,9,0,-1,19,8,4,-1,0,1,0,0,0,0,1,9,-1,6,3,-1,-1,1984,8,0,AUDI A6,4,E01033658,0,3
2024231484113,2024,231484113,1,9,0,-1,19,8,4,-1,0,0,0,0,8,6,1,1,-1,6,1,32,6,1968,2,8,AUDI A6,1,E01006545,0,5
2024201488570,2024,201488570,4,9,0,-1,9,4,3,-1,0,5,0,0,0,0,4,1,-1,6,1,42,7,1968,2,9,AUDI A6,-1,-1,0,-1
2024061534222,2024,061534222,1,9,0,-1,9,2,8,-1,0,6,0,0,0,0,4,1,-1,9,2,46,8,1968,2,8,AUDI A6,7,E01004781,0,1
2024531509819,2024,531509819,1,9,0,-1,5,7,3,-1,0,0,0,0,0,0,1,9,-1,6,3,-1,-1,1968,2,9,AUDI A6,-1,-1,0,-1
2024531485993,2024,531485993,3,9,0,-1,9,5,1,-1,0,0,0,0,0,0,0,2,-1,6,1,49,8,1984,1,4,AUDI A6,9,E01022466,0,3
2024471434596,2024,471434596,2,9,0,-1,19,3,6,-1,0,8,0,0,0,0,4,1,-1,6,1,53,8,2698,2,16,AUDI A6,5,E01031442,0,3
2024041469987,2024,041469987,3,9,0,-1,3,1,5,-1,0,8,0,0,0,0,4,1,-1,6,1,43,7,1968,2,3,AUDI A6,3,E01012741,0,1
2024201456681,2024,201456681,1,9,0,-1,7,-1,-1,-1,0,0,1,11,1,10,1,9,-1,6,3,-1,-1,1968,2,18,AUDI A6,-1,-1,0,-1
2024010505363,2024,010505363,2,9,0,11,11,9,9,4,4,0,9,99,9,99,4,9,6,6,2,33,6,1968,2,2,AUDI A6,7,E01030563,0,2
2024010507706,2024,010507706,2,9,9,99,99,9,9,99,99,9,9,99,9,99,1,9,6,6,3,-1,-1,2698,2,18,AUDI A6,-1,-1,0,-1
2024041431007,2024,041431007,2,9,0,-1,19,3,7,-1,0,8,0,0,0,0,1,1,-1,9,1,69,10,2967,2,10,AUDI A6,6,E01025279,0,1
2024052401203,2024,052401203,2,9,0,18,19,5,1,0,0,1,0,0,0,0,1,1,6,6,2,26,6,1984,1,2,AUDI A6,8,E01006936,0,2
2024552401007,2024,552401007,1,9,0,11,11,6,2,0,0,8,0,0,0,0,4,1,6,6,1,49,8,2698,2,19,AUDI A6,6,E01020354,0,1
2024320721864,2024,320721864,2,9,0,-1,-1,8,4,0,0,8,0,0,0,0,3,1,-1,-1,2,22,5,2698,2,17,AUDI A6,-1,-1,0,-1
2024221400031,2024,221400031,1,9,0,-1,9,7,4,-1,0,5,0,7,0,0,1,9,-1,6,1,75,10,1968,2,8,AUDI A6,9,E01032189,0,2
2024361518265,2024,361518265,2,9,0,-1,19,1,2,-1,0,1,0,0,0,0,1,1,-1,9,1,39,7,2698,2,16,AUDI A6,8,E01026918,0,4
2024010519672,2024,010519672,2,9,0,18,19,1,5,0,0,1,0,0,0,0,1,1,6,6,1,80,11,1968,2,13,AUDI A6,9,E01033824,0,4