collision_index,collision_year,collision_ref_no,vehicle_reference,vehicle_type,towing_and_articulation,vehicle_manoeuvre_historic,vehicle_manoeuvre,vehicle_direction_from,vehicle_direction_to,vehicle_location_restricted_lane_historic,vehicle_location_restricted_lane,junction_location,skidding_and_overturning,hit_object_in_carriageway,vehicle_leaving_carriageway,hit_object_off_carriageway,first_point_of_impact,vehicle_left_hand_drive,journey_purpose_of_driver_historic,journey_purpose_of_driver,sex_of_driver,age_of_driver,age_band_of_driver,engine_capacity_cc,propulsion_code,age_of_vehicle,generic_make_model,driver_imd_decile,lsoa_of_driver,escooter_flag,driver_distance_banding
2024201504074,2024,201504074,1,9,0,-1,5,2,6,-1,0,8,0,0,0,0,4,1,-1,2,1,25,5,1968,2,9,AUDI A6,2,E01009022,0,2
2024221399594,2024,221399594,1,9,0,-1,9,1,7,-1,0,5,0,0,0,0,1,9,-1,2,1,64,9,1968,2,6,AUDI A6,10,E01032298,0,1
2024201500368,2024,201500368,2,9,0,-1,19,4,8,-1,0,0,0,0,0,0,0,1,-1,8,1,-1,-1,2967,2,1,AUDI A6,4,E01009234,0,2
2024351428175,2024,351428175,1,9,0,-1,19,6,1,-1,0,0,1,7,0,0,1,1,-1,6,1,43,7,2967,2,6,AUDI A6,9,E01033173,0,4
2024221507045,2024,221507045,1,9,0,-1,19,3,7,-1,0,0,0,0,7,0,1,1,-1,1,1,37,7,2698,2,16,AUDI A6,10,E01034328,0,4
2024421465188,2024,421465188,1,9,0,-1,19,7,3,-1,0,0,0,0,0,0,1,9,-1,6,3,-1,-1,1968,2,6,AUDI A6,-1,-1,0,-1
2024061454174,2024,061454174,4,9,0,-1,2,4,8,-1,0,0,0,0,0,0,2,1,-1,6,-1,-1,-1,1968,2,8,AUDI A6,-1,-1,0,-1
2024332400576,2024,332400576,1,9,0,-1,19,0,0,-1,0,6,5,0,1,0,1,1,-1,6,1,27,6,1968,2,3,AUDI A6,2,E01013961,0,4
2024041403426,2024,041403426,1,9,0,-1,19,8,5,-1,0,1,0,0,0,0,1,1,-1,1,1,43,7,1968,2,7,AUDI A6,4,E01025252,0,4
2024421511610,2024,421511610,2,9,0,-1,9,3,7,-1,0,7,0,0,0,0,1,1,-1,6,1,51,8,1968,2,12,AUDI A6,-1,-1,0,-1
2024430289985,2024,430289985,1,9,0,9,9,8,6,0,0,6,0,0,0,0,1,1,1,1,1,37,7,2698,2,16,AUDI A6,6,E01035725,0,1
2024070434726,2024,070434726,2,9,0,18,19,5,1,0,0,8,0,0,0,0,3,1,6,6,1,44,7,1984,1,1,AUDI A6,-1,-1,0,-1
2024471510618,2024,471510618,1,9,0,-1,19,6,8,-1,0,8,0,0,0,0,1,1,-1,9,1,46,8,2967,2,7,AUDI A6,6,E01031601,0,4
2024010530469,2024,010530469,1,9,0,2,2,0,0,0,0,0,0,0,0,0,2,1,6,6,3,-1,-1,1968,2,10,AUDI A6,-1,-1,0,-1
2024430049745,2024,430049745,2,9,0,18,19,2,6,0,0,0,0,0,0,0,3,1,6,6,2,48,8,1871,2,20,AUDI A6,10,E01028662,0,1
2024311472055,2024,311472055,2,9,0,-1,19,4,7,-1,0,0,0,0,0,0,1,1,-1,2,1,56,9,1968,2,2,AUDI A6,9,E01029786,0,4
2024131483248,2024,131483248,1,9,0,-1,3,5,1,-1,0,1,0,0,0,0,2,1,-1,9,1,39,7,1968,2,5,AUDI A6,1,E01010610,0,1
2024010547780,2024,010547780,2,9,0,4,4,3,7,0,0,2,0,0,0,0,2,1,2,2,2,25,5,1968,2,8,AUDI A6,8,E01002209,0,3
2024320522276,2024,320522276,1,9,0,-1,-1,5,1,0,0,0,0,0,7,4,1,1,-1,-1,1,23,5,1968,2,13,AUDI A6,8,E01026053,0,2
2024332400871,2024,332400871,3,9,0,-1,4,1,5,-1,0,0,0,0,0,0,2,1,-1,6,1,42,7,1968,2,12,AUDI A6,6,E01025995,0,2
2024010500788,2024,010500788,1,9,0,99,99,9,9,99,99,0,9,99,9,99,9,9,1,1,1,48,8,1968,2,7,AUDI A6,8,E01000346,0,2
2024201447126,2024,201447126,1,9,0,-1,9,2,5,-1,0,8,0,0,0,0,3,1,-1,2,1,36,7,1968,2,11,AUDI A6,1,E01009493,0,2
2024430309484,2024,430309484,1,9,0,18,19,7,3,0,0,0,0,0,0,0,1,1,6,6,2,45,7,2967,2,12,AUDI A6,-1,-1,0,-1
2024010508650,2024,010508650,3,9,0,18,19,1,5,0,0,4,0,0,0,0,2,1,6,6,1,47,8,2969,2,19,AUDI A6,-1,-1,0,-1
2024141421280,2024,141421280,2,9,0,-1,7,3,5,-1,0,8,0,0,1,0,1,1,-1,2,1,52,8,1968,2,7,AUDI A6,8,E01007888,0,1
2024522403387,2024,522403387,2,9,0,11,11,7,3,0,0,0,0,0,0,0,4,1,6,6,1,42,7,2772,1,9,AUDI A6,10,E01022470,0,4
2024501470893,2024,501470893,2,9,0,-1,3,6,2,-1,0,0,0,0,0,0,2,1,-1,9,2,54,8,2967,2,14,AUDI A6,6,E01019039,0,2
2024351473745,2024,351473745,1,9,0,-1,19,6,2,-1,0,1,0,0,0,0,1,1,-1,1,1,59,9,1968,2,11,AUDI A6,3,E01018073,0,1
2024010517017,2024,010517017,2,9,9,18,19,2,6,0,0,2,9,0,1,99,1,9,6,6,1,40,7,1968,2,5,AUDI A6,6,E01003694,0,3
2024061491158,2024,061491158,2,9,0,-1,19,4,8,-1,0,1,0,0,0,0,4,1,-1,9,1,33,6,1968,2,12,AUDI A6,1,E01005085,0,2
2024320101253,2024,320101253,1,9,0,-1,-1,2,6,0,0,0,0,4,0,0,1,1,6,6,1,35,6,2698,2,16,AUDI A6,5,E01032995,0,1
2024351508619,2024,351508619,2,9,0,-1,19,3,7,-1,0,0,0,0,0,0,1,1,-1,2,1,62,9,2967,2,10,AUDI A6,10,E01018285,0,1
2024010534351,2024,010534351,1,9,0,9,9,3,1,0,0,7,0,0,0,0,1,1,1,1,1,43,7,2967,2,2,AUDI A6,7,E01032767,0,1
2024451502917,2024,451502917,2,9,0,-1,5,4,6,-1,0,3,0,0,0,0,9,1,-1,6,1,32,6,1968,2,10,AUDI A6,-1,-1,0,-1
2024471428455,2024,471428455,2,9,0,-1,19,5,1,-1,0,8,1,0,2,4,3,1,-1,1,1,44,7,2967,2,2,AUDI A6,6,E01021034,0,4
2024501457304,2024,501457304,1,9,0,-1,8,3,5,-1,0,1,0,0,0,0,2,9,-1,9,1,46,8,2698,2,13,AUDI A6,6,E01035434,0,5
2024421422526,2024,421422526,1,9,0,-1,9,1,8,-1,0,6,0,0,0,0,1,1,-1,9,1,36,7,1968,2,9,AUDI A6,3,E01003656,0,2
2024531407243,2024,531407243,2,9,0,-1,19,3,7,-1,0,0,1,0,0,0,3,1,-1,1,1,24,5,1968,2,17,AUDI A6,-1,-1,0,-1
2024010503958,2024,010503958,3,9,0,2,2,0,0,0,0,2,0,0,0,0,3,1,6,6,3,-1,-1,1968,2,3,AUDI A6,-1,-1,0,-1
2024161439280,2024,161439280,1,9,0,-1,19,8,4,-1,9,0,5,10,2,11,1,1,-1,6,1,26,6,2967,2,11,AUDI A6,1,E01013298,0,1
2024610025224,2024,610025224,2,9,0,2,2,0,0,0,0,4,0,0,0,0,1,1,1,1,3,-1,-1,2967,2,7,AUDI A6,8,W01001003,0,4
2024141398293,2024,141398293,1,9,0,-1,19,3,7,-1,0,0,0,11,0,0,1,1,-1,9,1,51,8,1968,2,8,AUDI A6,4,E01034247,0,3
2024161434618,2024,161434618,1,9,0,-1,19,1,5,-1,0,1,0,0,0,0,2,1,-1,9,1,45,7,1968,2,11,AUDI A6,2,E01035483,0,1
2024010521888,2024,010521888,2,9,0,99,99,9,9,99,99,9,9,99,9,99,9,9,6,6,3,-1,-1,1968,2,3,AUDI A6,-1,-1,0,-1
202454C875424,2024,54C875424,1,9,0,18,19,6,2,0,0,1,0,0,0,0,1,1,6,6,1,41,7,1968,2,8,AUDI A6,10,E01031984,0,1
2024430596283,2024,430596283,2,9,0,18,19,5,1,0,0,0,0,0,0,0,1,1,6,6,1,20,4,2969,2,16,AUDI A6,4,E01017904,0,3
2024231507925,2024,231507925,2,9,0,-1,3,7,3,-1,0,1,0,0,0,0,1,1,-1,2,1,36,7,1968,2,11,AUDI A6,9,E01028444,0,4
2024211426917,2024,211426917,2,9,0,-1,19,1,5,-1,0,0,0,0,0,0,1,1,-1,9,1,27,6,1968,2,15,AUDI A6,4,E01029830,0,1
2024201395153,2024,201395153,2,9,0,-1,19,1,6,-1,0,0,0,0,0,0,2,1,-1,6,-1,-1,-1,2967,2,1,AUDI A6,-1,-1,0,-1
2024302401629,2024,302401629,2,9,0,18,19,5,1,0,0,8,0,0,0,0,4,1,6,6,2,49,8,1968,2,17,AUDI A6,1,E01013480,0,3
2024351404862,2024,351404862,2,9,0,-1,5,7,3,-1,0,1,0,0,0,0,0,9,-1,9,1,53,8,1968,2,7,AUDI A6,7,E01016820,0,4
2024440451734,2024,440451734,1,9,0,7,7,2,6,0,0,5,0,0,0,0,2,1,6,6,1,34,6,1968,2,15,AUDI A6,4,E01017251,0,1
2024543069924,2024,543069924,1,9,0,1,1,4,2,0,0,6,0,0,0,0,2,1,6,6,1,32,6,1968,2,10,AUDI A6,7,E01015582,0,1
2024320618175,2024,320618175,2,9,0,-1,-1,8,4,0,0,8,0,0,0,0,1,1,6,6,1,45,7,2698,2,19,AUDI A6,3,E01026075,0,1
2024461470483,2024,461470483,1,9,0,-1,11,1,5,-1,0,0,0,0,0,0,4,1,-1,9,1,24,5,1984,1,11,AUDI A6,3,E01015856,0,4
2024501406599,2024,501406599,2,9,0,-1,19,6,2,-1,0,0,0,0,0,0,1,2,-1,6,1,36,7,1968,2,16,AUDI A6,2,E01019074,0,1
2024430267234,2024,430267234,1,9,0,18,19,3,7,0,0,2,0,0,0,0,1,1,6,6,1,18,4,1968,2,3,AUDI A6,10,E01016645,0,1
2024010520912,2024,010520912,3,9,0,18,19,4,8,0,0,1,0,0,3,0,1,1,6,6,1,26,6,2969,2,17,AUDI A6,-1,-1,0,-1
2024061407488,2024,061407488,1,9,0,-1,-1,-1,-1,-1,-1,-1,-1,-1,-1,0,-1,1,-1,6,1,-1,-1,2967,2,15,AUDI A6,-1,-1,0,-1
2024101413307,2024,101413307,1,8,0,-1,1,7,3,-1,0,0,0,0,0,0,0,9,-1,1,1,-1,-1,1968,2,6,AUDI A6,-1,-1,0,-1
2024461535558,2024,461535558,1,9,0,-1,19,7,3,-1,0,0,0,0,0,0,2,1,-1,9,1,28,6,1968,2,13,AUDI A6,8,E01018298,0,4
2024201477680,2024,201477680,2,9,0,-1,19,2,6,-1,0,8,0,0,0,0,0,9,-1,6,3,-1,-1,2967,2,1,AUDI A6,1,E01008910,0,1
2024161446049,2024,161446049,1,9,0,-1,13,7,3,-1,0,0,0,0,0,0,1,1,-1,6,1,53,8,2967,2,12,AUDI A6,3,E01012913,0,3
2024451483125,2024,451483125,1,9,0,-1,19,2,6,-1,0,0,0,0,0,0,1,1,-1,2,1,40,7,1968,2,17,AUDI A6,9,E01030782,0,3
2024070138430,2024,070138430,1,9,0,18,19,2,6,0,0,0,0,0,0,0,1,1,6,6,1,43,7,2698,2,17,AUDI A6,6,E01018617,0,1
2024610052324,2024,610052324,3,9,0,18,19,3,7,0,0,0,0,0,0,0,1,1,6,6,1,32,6,1968,2,8,AUDI A6,2,W01001485,0,1
2024201521557,2024,201521557,1,9,0,-1,11,3,1,-1,0,6,0,0,0,0,1,9,-1,1,1,32,6,2967,2,0,AUDI A6,-1,-1,0,-1
2024221401303,2024,221401303,2,9,0,-1,19,3,8,-1,0,8,1,0,0,0,1,9,-1,6,1,49,8,1968,2,7,AUDI A6,6,E01020594,0,5
2024361506703,2024,361506703,1,9,0,-1,7,-1,-1,-1,0,3,0,0,1,0,3,1,-1,6,1,32,6,2967,2,11,AUDI A6,10,E01026552,0,4
2024010502497,2024,010502497,1,9,0,18,19,1,5,0,0,0,0,0,0,0,1,1,6,6,1,45,7,1968,2,2,AUDI A6,7,E01003752,0,1
2024041462603,2024,041462603,1,9,0,-1,19,7,3,-1,0,0,0,0,0,0,1,1,-1,9,1,44,7,1968,2,14,AUDI A6,1,E01025189,0,3
2024421450776,2024,421450776,1,9,0,-1,19,1,4,-1,0,1,0,4,7,0,1,1,-1,6,1,64,9,1968,2,18,AUDI A6,4,E01022022,0,1
2024010525665,2024,010525665,1,9,0,18,19,3,7,0,0,0,0,0,0,0,1,1,1,1,1,39,7,1968,2,5,AUDI A6,3,E01033706,0,1
2024451440988,2024,451440988,2,9,0,-1,19,2,6,-1,0,6,0,0,0,0,4,1,-1,6,1,21,5,1984,1,1,AUDI A6,5,E01030971,0,1
2024201502861,2024,201502861,1,9,0,-1,19,7,3,-1,0,0,0,0,0,0,1,1,-1,6,3,-1,-1,1968,2,12,AUDI A6,-1,-1,0,-1
2024070456970,2024,070456970,2,9,0,4,4,7,3,0,0,1,0,0,0,0,2,1,2,2,1,-1,-1,1968,2,12,AUDI A6,-1,-1,0,-1
2024520401911,2024,520401911,1,9,0,18,19,9,9,0,0,1,0,0,0,0,1,1,1,1,1,56,9,1968,2,14,AUDI A6,6,E01029270,0,1
2024991405899,2024,991405899,1,9,0,-1,19,1,4,-1,0,0,1,0,0,0,2,1,-1,2,1,37,7,1968,2,18,AUDI A6,6,-1,0,4
2024131456088,2024,131456088,1,9,0,-1,7,5,7,-1,0,8,0,0,0,0,1,1,-1,2,1,48,8,1968,2,7,AUDI A6,1,E01011472,0,1
2024401463031,2024,401463031,1,9,0,-1,19,1,5,-1,0,1,0,0,0,0,1,1,-1,6,1,25,5,1968,2,14,AUDI A6,3,E01015795,0,1
2024451524073,2024,451524073,1,9,0,-1,19,4,8,-1,0,0,1,0,0,0,1,1,-1,9,1,48,8,1968,2,9,AUDI A6,2,E01000087,0,4
2024101530040,2024,101530040,2,9,0,-1,19,1,5,-1,0,2,0,0,0,0,2,1,-1,9,2,57,9,1968,2,0,AUDI A6,5,E01008727,0,3
2024031398892,2024,031398892,1,9,0,-1,19,1,5,-1,0,0,1,10,0,0,1,1,-1,1,1,45,7,1968,2,8,AUDI A6,1,E01008655,0,5
2024041411772,2024,041411772,1,9,0,-1,14,5,5,-1,0,0,0,0,0,0,3,1,-1,2,1,40,7,1968,2,12,AUDI A6,1,E01025236,0,1
2024461494773,2024,461494773,1,9,0,-1,19,7,3,-1,0,0,0,0,0,0,1,9,-1,9,1,59,9,1968,2,8,AUDI A6,7,E01035000,0,2
2024991412544,2024,991412544,1,9,0,-1,12,5,1,-1,-1,0,0,0,1,2,4,1,-1,9,2,65,9,1984,1,4,AUDI A6,2,-1,0,4
2024131517922,2024,131517922,1,9,0,-1,7,3,5,-1,0,8,0,0,0,0,1,1,-1,6,-1,-1,-1,1968,2,9,AUDI A6,-1,-1,0,-1
2024131397367,2024,131397367,1,9,0,-1,5,1,5,-1,0,0,0,0,0,0,1,1,-1,6,1,52,8,1968,2,14,AUDI A6,3,E01010597,0,1
2024332400205,2024,332400205,1,9,0,-1,4,5,3,-1,0,1,0,0,0,0,2,1,-1,9,1,55,8,1968,2,5,AUDI A6,7,E01013794,0,1
2024332401122,2024,332401122,2,9,0,-1,19,9,9,-1,0,8,0,0,0,0,4,1,-1,6,3,-1,-1,1968,2,6,AUDI A6,-1,-1,0,-1
2024501425840,2024,501425840,1,9,0,-1,19,1,5,-1,0,0,0,0,0,0,1,9,-1,6,1,46,8,1968,1,17,AUDI A6,2,E01015181,0,2
2024471407001,2024,471407001,3,9,0,-1,19,2,6,-1,0,0,0,0,0,0,1,1,-1,9,1,54,8,2698,2,19,AUDI A6,6,E01031579,0,4
2024201444807,2024,201444807,2,9,0,-1,9,5,2,-1,0,6,0,0,0,0,1,1,-1,6,-1,-1,-1,1968,2,5,AUDI A6,-1,-1,0,-1
2024451409942,2024,451409942,1,9,0,-1,19,4,8,-1,0,0,0,0,0,0,9,1,-1,6,3,40,7,1968,2,8,AUDI A6,-1,-1,0,-1
2024549003224,2024,549003224,1,9,0,18,19,5,1,0,0,1,0,0,0,0,1,1,6,6,1,70,10,2967,2,8,AUDI A6,4,E01029036,0,4
2024131489392,2024,131489392,2,9,0,-1,2,0,0,-1,9,0,0,0,0,0,3,1,-1,6,-1,-1,-1,1968,2,9,AUDI A6,-1,-1,0,-1
202454D787824,2024,54D787824,2,9,0,3,3,8,5,0,0,0,0,0,0,0,2,1,6,6,2,53,8,1968,2,13,AUDI A6,9,E01031992,0,2
2024332400832,2024,332400832,2,9,0,-1,19,6,2,-1,4,0,0,0,0,0,1,1,-1,1,3,-1,-1,2967,2,10,AUDI A6,-1,-1,0,-1
2024131500259,2024,131500259,2,9,0,-1,19,5,1,-1,0,7,0,0,0,0,4,1,-1,1,1,41,7,1968,2,13,AUDI A6,4,E01011208,0,4
2024201480662,2024,201480662,1,9,0,-1,19,4,8,-1,0,8,0,0,0,0,4,1,-1,6,1,37,7,1968,2,7,AUDI A6,3,E01009792,0,3
2024010546605,2024,010546605,2,9,0,99,99,9,9,99,99,9,9,99,9,99,1,9,6,6,3,-1,-1,1798,1,6,AUDI A6,-1,-1,0,-1
2024430456165,2024,430456165,2,9,0,18,19,4,8,0,0,1,0,0,0,0,1,1,6,6,1,49,8,2967,2,11,AUDI A6,-1,-1,0,-1
2024440444475,2024,440444475,1,9,0,18,19,1,5,0,0,0,0,12,0,0,1,1,6,6,1,59,9,2967,2,8,AUDI A6,5,E01023216,0,3
2024522401665,2024,522401665,1,9,0,3,3,5,1,0,0,0,0,0,0,0,2,1,6,6,1,49,8,1968,2,9,AUDI A6,7,E01020251,0,5
2024311462028,2024,311462028,1,9,0,-1,19,5,1,-1,0,4,0,0,0,0,4,9,-1,6,-1,-1,-1,1984,1,2,AUDI A6,-1,-1,0,-1
2024461442645,2024,461442645,2,9,0,-1,19,3,7,-1,0,0,0,0,0,0,2,1,-1,9,2,43,7,1798,1,6,AUDI A6,6,E01024276,0,1
2024522403427,2024,522403427,2,9,0,3,3,4,8,0,0,0,0,0,0,0,2,1,6,6,1,55,8,1968,2,9,AUDI A6,8,E01032672,0,4
2024061527219,2024,061527219,1,9,0,-1,19,6,2,-1,0,8,0,0,0,0,1,1,-1,9,1,18,4,2698,2,18,AUDI A6,3,E01006002,0,1
2024070119588,2024,070119588,2,9,0,18,19,3,7,0,0,0,0,0,0,0,1,1,6,6,1,50,8,2967,2,10,AUDI A6,6,E01018654,0,2
2024131496461,2024,131496461,2,9,0,-1,19,3,7,-1,0,8,1,0,4,6,1,1,-1,9,1,51,8,1968,2,9,AUDI A6,6,E01010639,0,3
2024991424203,2024,991424203,1,9,0,-1,19,3,7,-1,0,1,1,0,0,0,1,1,-1,9,1,46,8,2496,2,19,AUDI A6,8,-1,0,2
2024010535909,2024,010535909,2,9,0,18,19,2,6,0,0,0,0,0,0,0,2,1,6,6,1,36,7,1968,2,9,AUDI A6,-1,-1,0,-1
2024131483261,2024,131483261,2,9,0,-1,2,0,0,-1,9,8,0,4,0,0,1,1,-1,6,-1,-1,-1,1968,2,9,AUDI A6,-1,-1,0,-1
2024131527727,2024,131527727,2,9,0,-1,19,7,3,-1,0,0,0,0,0,0,4,1,-1,6,2,36,7,1968,2,11,AUDI A6,1,E01010676,0,1
2024991560359,2024,991560359,2,9,0,-1,13,3,7,-1,0,0,0,0,0,0,1,1,-1,6,1,43,7,1968,2,7,AUDI A6,9,-1,0,2
2024471414275,2024,471414275,1,9,0,-1,7,3,5,-1,0,1,0,0,0,0,1,1,-1,1,2,50,8,1968,2,5,AUDI A6,5,E01034301,0,1
2024430563420,2024,430563420,2,9,0,9,9,6,4,0,0,6,0,0,0,0,1,1,6,6,1,-1,-1,1968,2,6,AUDI A6,-1,-1,0,-1
2024411549598,2024,411549598,2,9,0,-1,2,0,0,-1,9,8,0,0,0,0,4,1,-1,6,-1,-1,-1,1968,2,5,AUDI A6,-1,-1,0,-1
2024201443523,2024,201443523,10,9,0,-1,19,2,6,-1,0,1,0,0,0,0,0,1,-1,8,1,30,6,2967,2,8,AUDI A6,-1,-1,0,-1
2024231452102,2024,231452102,1,9,0,-1,4,1,5,-1,0,0,0,0,0,0,1,9,-1,6,1,33,6,2967,2,6,AUDI A6,1,E01009585,0,3
2024201491860,2024,201491860,2,9,0,-1,19,3,7,-1,0,8,0,0,0,0,2,1,-1,6,1,44,7,1968,2,8,AUDI A6,1,E01009350,0,1
2024501447315,2024,501447315,1,9,0,-1,19,7,6,-1,0,2,0,0,1,11,1,1,-1,7,2,39,7,1968,2,18,AUDI A6,1,E01015046,0,1
2024522402603,2024,522402603,2,9,0,18,19,5,1,0,0,1,0,0,0,0,0,1,1,1,1,-1,-1,2967,2,1,AUDI A6,10,E01014793,0,3
2024070807333,2024,070807333,2,9,0,-1,19,3,1,-1,0,8,0,0,0,0,1,1,-1,2,1,35,6,1984,8,0,AUDI A6,8,E01018323,0,1
2024311481970,2024,311481970,1,9,0,-1,19,7,3,-1,0,2,0,0,0,0,1,1,-1,9,1,48,8,1968,2,11,AUDI A6,5,E01028159,0,1
2024440383383,2024,440383383,3,9,0,18,19,5,1,0,0,1,0,0,0,0,1,1,1,1,2,30,6,1968,2,5,AUDI A6,7,E01022589,0,4
2024520000183,2024,520000183,2,9,0,18,19,1,5,0,0,0,1,0,1,11,1,1,6,6,2,52,8,1968,2,1,AUDI A6,7,E01014491,0,3
2024031506160,2024,031506160,3,9,0,-1,3,6,1,-1,0,0,0,0,0,0,2,1,-1,6,1,54,8,1968,2,13,AUDI A6,-1,-1,0,-1
2024010539585,2024,010539585,1,9,0,18,19,7,3,99,99,1,0,99,0,0,4,1,6,6,1,-1,-1,1968,2,10,AUDI A6,-1,-1,0,-1
2024201438352,2024,201438352,1,9,0,-1,19,7,3,-1,0,0,0,0,0,0,1,1,-1,6,1,44,7,1968,2,17,AUDI A6,4,E01033060,0,3
2024421512012,2024,421512012,1,9,0,-1,5,1,5,-1,0,4,0,0,0,0,1,1,-1,6,1,31,6,1968,2,9,AUDI A6,2,E01034208,0,4
2024552401151,2024,552401151,1,9,0,18,19,5,1,0,0,8,0,0,0,0,1,1,6,6,3,-1,-1,1968,2,8,AUDI A6,-1,-1,0,-1
2024010503960,2024,010503960,2,9,0,99,99,9,9,99,99,9,9,99,9,99,9,9,6,6,3,-1,-1,2967,2,5,AUDI A6,5,E01003697,0,1
2024361393612,2024,361393612,1,9,0,-1,19,4,8,-1,0,0,5,12,1,4,1,1,-1,6,1,25,5,1968,2,10,AUDI A6,10,E01026915,0,2
2024545344924,2024,545344924,2,9,0,18,19,2,6,0,0,8,0,0,7,11,1,1,2,2,1,37,7,1871,2,19,AUDI A6,8,E01029033,0,2
202460Q060433,2024,60Q060433,1,9,0,18,19,3,7,0,0,1,0,0,0,0,0,1,6,6,1,30,6,1968,2,16,AUDI A6,-1,-1,0,-1
2024302401088,2024,302401088,4,9,0,3,3,2,6,0,0,0,0,0,0,0,2,1,2,2,1,52,8,1968,2,16,AUDI A6,6,E01008033,0,4
2024161502112,2024,161502112,2,9,0,-1,19,8,4,-1,0,0,0,0,0,0,1,9,-1,6,1,-1,-1,1968,2,16,AUDI A6,-1,-1,0,-1
202417M212324,2024,17M212324,1,9,0,-1,19,6,2,-1,0,8,0,0,0,0,1,1,-1,9,1,31,6,1968,2,6,AUDI A6,1,E01012077,0,1
2024041459611,2024,041459611,2,9,0,-1,4,1,5,-1,0,0,0,0,5,6,1,1,-1,9,1,23,5,1968,2,6,AUDI A6,2,E01024986,0,4
2024320154771,2024,320154771,2,9,0,-1,-1,8,4,0,0,0,0,0,0,0,1,1,6,6,1,31,6,1968,2,10,AUDI A6,5,E01028305,0,3
2024501419934,2024,501419934,1,9,0,-1,19,1,5,-1,0,0,1,0,1,4,1,1,-1,6,1,48,8,2967,2,13,AUDI A6,8,E01019929,0,4
2024552400536,2024,552400536,2,9,0,2,2,0,0,0,0,0,0,0,0,0,3,1,6,6,3,-1,-1,2698,2,17,AUDI A6,-1,-1,0,-1
2024461399755,2024,461399755,2,9,0,-1,19,5,1,-1,0,1,0,0,0,0,4,9,-1,6,2,47,8,1968,2,4,AUDI A6,7,E01024316,0,1
2024061453375,2024,061453375,1,9,0,-1,19,3,7,-1,0,0,0,0,0,0,1,1,-1,6,-1,24,5,1968,2,6,AUDI A6,-1,-1,0,-1
2024471413030,2024,471413030,2,9,0,-1,19,3,7,-1,0,1,0,0,0,0,2,1,-1,7,2,34,6,2696,2,18,AUDI A6,4,E01031671,0,1
2024401471519,2024,401471519,2,9,0,-1,9,4,2,-1,0,1,0,0,0,0,3,1,-1,6,3,-1,-1,1968,2,16,AUDI A6,-1,-1,0,-1
2024201457737,2024,201457737,3,9,0,-1,2,0,0,-1,0,2,0,0,0,0,2,9,-1,6,-1,-1,-1,1968,2,7,AUDI A6,-1,-1,0,-1
2024361484521,2024,361484521,1,9,0,-1,19,1,5,-1,0,0,0,4,0,0,1,1,-1,9,1,46,8,1968,2,11,AUDI A6,10,E01017401,0,5
2024010519269,2024,010519269,2,9,0,2,2,0,0,0,0,2,0,0,0,0,3,1,6,6,3,-1,-1,1968,2,6,AUDI A6,-1,-1,0,-1
2024320040575,2024,320040575,1,9,0,11,11,2,6,0,0,0,0,0,5,6,1,1,-1,-1,1,26,6,1968,2,2,AUDI A6,1,E01015616,0,4
2024041436973,2024,041436973,2,9,0,-1,19,3,7,-1,0,1,0,11,1,10,3,1,-1,2,1,58,9,1984,8,0,AUDI A6,6,E01025338,0,3
2024471477909,2024,471477909,2,9,0,-1,19,7,3,-1,0,0,0,0,0,0,1,1,-1,6,1,52,8,1984,1,3,AUDI A6,3,E01004063,0,4
2024061487389,2024,061487389,3,9,0,-1,19,6,4,-1,0,8,0,0,0,0,0,1,-1,1,1,42,7,2967,2,2,AUDI A6,1,E01034113,0,2
2024010505348,2024,010505348,2,9,0,18,19,3,7,0,0,1,0,0,0,0,1,1,1,1,1,46,8,1798,1,6,AUDI A6,3,E01004405,0,2
2024311440709,2024,311440709,1,9,0,-1,19,8,4,-1,0,2,0,0,0,0,1,1,-1,6,3,-1,-1,1968,2,17,AUDI A6,-1,-1,0,-1
2024101463016,2024,101463016,2,9,0,-1,19,1,7,-1,0,0,0,0,0,0,3,1,-1,6,1,46,8,1968,2,18,AUDI A6,3,E01027537,0,1
2024421475368,2024,421475368,3,9,0,-1,5,6,2,-1,0,1,0,0,0,0,1,1,-1,6,1,38,7,1968,2,13,AUDI A6,5,E01021869,0,3
2024371480882,2024,371480882,1,9,0,-1,19,1,5,-1,0,0,0,0,0,0,1,1,-1,6,1,45,7,2969,2,19,AUDI A6,6,E01033049,0,4
2024411533914,2024,411533914,2,9,0,-1,2,0,0,-1,-1,0,-1,-1,-1,0,2,1,-1,1,1,52,8,1968,2,5,AUDI A6,2,E01023294,0,3
202454E969424,2024,54E969424,2,9,0,3,3,3,7,0,0,1,0,0,0,0,2,1,6,6,2,29,6,1968,2,6,AUDI A6,10,E01015515,0,1
2024371493952,2024,371493952,1,9,0,-1,19,2,6,-1,0,1,0,10,3,0,1,1,-1,2,1,36,7,2969,2,19,AUDI A6,8,E01029885,0,2
2024302400141,2024,302400141,1,9,0,18,19,5,1,0,0,8,0,0,0,0,1,1,6,6,1,32,6,1968,2,14,AUDI A6,9,E01035101,0,2
2024061503469,2024,061503469,1,9,0,-1,9,-1,-1,-1,0,7,9,99,0,0,1,1,-1,6,3,-1,-1,1968,2,9,AUDI A6,-1,-1,0,-1
2024311463565,2024,311463565,2,9,0,-1,13,6,3,-1,0,4,0,0,0,0,3,9,-1,6,3,-1,-1,1984,1,1,AUDI A6,-1,-1,0,-1
2024161488146,2024,161488146,2,9,0,-1,13,1,5,-1,0,0,0,0,0,0,1,1,-1,1,1,43,7,2698,2,17,AUDI A6,3,E01012817,0,4