collision_index,collision_year,collision_ref_no,vehicle_reference,vehicle_type,towing_and_articulation,vehicle_manoeuvre_historic,vehicle_manoeuvre,vehicle_direction_from,vehicle_direction_to,vehicle_location_restricted_lane_historic,vehicle_location_restricted_lane,junction_location,skidding_and_overturning,hit_object_in_carriageway,vehicle_leaving_carriageway,hit_object_off_carriageway,first_point_of_impact,vehicle_left_hand_drive,journey_purpose_of_driver_historic,journey_purpose_of_driver,sex_of_driver,age_of_driver,age_band_of_driver,engine_capacity_cc,propulsion_code,age_of_vehicle,generic_make_model,driver_imd_decile,lsoa_of_driver,escooter_flag,driver_distance_banding
2024211520927,2024,211520927,1,9,0,-1,19,6,2,-1,0,3,0,0,0,0,3,1,-1,2,1,69,10,1242,1,8,FIAT PUNTO,5,E01029855,0,1
2024010546525,2024,010546525,2,9,0,2,2,0,0,0,0,0,0,10,0,0,1,1,6,6,3,-1,-1,1368,1,17,FIAT PUNTO,-1,-1,0,-1
2024991403642,2024,991403642,1,9,0,-1,19,4,8,-1,0,1,0,0,0,0,1,1,-1,9,2,27,6,1368,1,13,FIAT PUNTO,5,-1,0,3
2024461524162,2024,461524162,2,9,0,-1,19,5,1,-1,0,8,0,0,0,0,1,9,-1,6,2,56,9,1368,1,15,FIAT PUNTO,2,E01000720,0,3
2024471433640,2024,471433640,2,9,0,-1,5,8,2,-1,0,4,0,0,0,0,4,1,-1,6,1,81,11,1242,1,8,FIAT PUNTO,6,E01031440,0,1
2024201445879,2024,201445879,1,9,0,-1,4,2,6,-1,0,0,0,0,0,0,1,1,-1,6,3,-1,-1,1368,1,15,FIAT PUNTO,-1,-1,0,-1
2024131437208,2024,131437208,1,9,0,-1,19,1,5,-1,0,1,2,7,1,1,1,1,-1,9,1,18,4,1368,1,14,FIAT PUNTO,2,E01010871,0,1
2024421436227,2024,421436227,1,9,0,-1,9,7,3,-1,0,0,0,0,7,0,4,1,-1,9,1,34,6,1242,1,17,FIAT PUNTO,2,E01021989,0,1
2024320518100,2024,320518100,2,9,0,-1,-1,4,8,0,0,8,0,0,0,0,4,1,-1,-1,2,55,8,1242,1,13,FIAT PUNTO,9,E01026197,0,1
2024061531968,2024,061531968,1,9,0,-1,19,5,1,-1,0,6,0,0,0,0,1,1,-1,6,1,24,5,1242,1,13,FIAT PUNTO,-1,-1,0,-1
2024302401031,2024,302401031,1,9,0,18,19,5,1,0,0,2,0,0,7,0,1,1,6,6,1,17,4,1368,1,10,FIAT PUNTO,6,E01034656,0,1
2024161459376,2024,161459376,2,9,0,-1,9,8,6,-1,0,8,0,0,0,0,1,9,-1,6,1,43,7,1368,1,15,FIAT PUNTO,3,E01013164,0,1
2024221435908,2024,221435908,2,9,0,-1,2,0,0,-1,0,8,0,0,0,0,2,1,-1,6,1,36,7,1368,1,14,FIAT PUNTO,-1,-1,0,-1
2024141405055,2024,141405055,2,9,0,-1,2,0,0,-1,9,0,0,0,0,0,1,1,-1,6,-1,-1,-1,1368,1,16,FIAT PUNTO,-1,-1,0,-1
2024052402277,2024,052402277,1,9,0,18,19,7,3,0,0,1,0,0,0,0,1,1,6,6,1,27,6,1242,1,13,FIAT PUNTO,1,E01007179,0,1
2024041462850,2024,041462850,1,9,0,-1,19,8,4,-1,0,0,5,4,0,0,4,1,-1,9,2,18,4,1242,1,10,FIAT PUNTO,1,E01025151,0,1
2024010519368,2024,010519368,2,9,0,2,2,0,0,0,0,0,0,0,0,0,1,2,6,6,3,-1,-1,1242,1,13,FIAT PUNTO,-1,-1,0,-1
2024010520318,2024,010520318,1,9,0,9,9,5,3,0,0,8,0,0,0,0,1,2,6,6,1,33,6,1242,1,17,FIAT PUNTO,2,E01003194,0,1
2024411496291,2024,411496291,2,9,0,-1,19,7,3,-1,0,0,0,0,0,0,1,1,-1,1,2,40,7,1368,1,14,FIAT PUNTO,6,E01023472,0,1
2024221491495,2024,221491495,2,9,0,-1,19,4,8,-1,0,8,0,0,0,0,3,1,-1,6,2,20,4,1242,1,9,FIAT PUNTO,6,E01028975,0,3
2024361405758,2024,361405758,1,9,0,-1,9,8,7,-1,0,2,0,0,0,0,1,1,-1,9,1,51,8,1242,1,18,FIAT PUNTO,3,E01026861,0,1
2024201535522,2024,201535522,2,9,0,-1,19,7,8,-1,0,8,0,0,0,0,3,1,-1,6,1,21,5,1242,1,17,FIAT PUNTO,1,E01008896,0,2
2024440365180,2024,440365180,1,9,0,18,19,4,8,0,0,1,0,0,0,0,1,1,6,6,1,28,6,1242,1,20,FIAT PUNTO,-1,-1,0,-1
2024340WN0532,2024,340WN0532,2,9,0,-1,19,8,4,-1,0,8,1,0,1,0,3,1,-1,2,2,65,9,1368,1,16,FIAT PUNTO,2,E01027170,0,1
2024221491459,2024,221491459,2,9,0,-1,9,8,6,-1,0,5,0,0,0,0,1,1,-1,9,2,27,6,1242,1,16,FIAT PUNTO,5,E01032411,0,2
2024031434133,2024,031434133,2,9,0,-1,7,2,4,-1,0,2,0,0,0,0,2,1,-1,9,1,28,6,1368,1,15,FIAT PUNTO,2,E01020908,0,4
2024401452481,2024,401452481,2,9,-1,-1,-1,-1,-1,-1,-1,-1,-1,-1,-1,0,-1,9,-1,9,2,36,7,1242,1,7,FIAT PUNTO,10,E01017560,0,1
2024991397934,2024,991397934,1,9,0,-1,19,6,2,-1,0,0,1,0,7,0,1,1,-1,9,2,27,6,1368,1,15,FIAT PUNTO,1,-1,0,3
2024531409930,2024,531409930,2,9,0,-1,4,7,3,-1,0,0,0,0,0,0,1,9,-1,1,1,21,5,1368,1,16,FIAT PUNTO,4,E01022149,0,3
2024201424779,2024,201424779,1,9,0,-1,19,4,8,-1,0,2,0,0,0,0,1,1,-1,6,1,28,6,1368,1,14,FIAT PUNTO,2,E01010503,0,2
2024340NN0712,2024,340NN0712,2,9,0,-1,19,4,8,-1,0,0,0,0,0,0,1,1,-1,2,1,33,6,1248,2,17,FIAT PUNTO,2,E01027249,0,2
2024991520772,2024,991520772,2,9,0,-1,2,7,3,-1,0,0,0,0,0,0,2,2,-1,6,1,94,11,1368,1,14,FIAT PUNTO,-1,-1,0,-1
2024070231407,2024,070231407,2,9,0,3,3,4,8,0,0,1,0,0,0,0,2,1,6,6,2,35,6,1242,1,7,FIAT PUNTO,9,E01018368,0,2
2024461508904,2024,461508904,1,9,0,-1,9,5,3,-1,0,5,0,0,0,0,1,1,-1,9,1,81,11,1242,1,21,FIAT PUNTO,4,E01024557,0,1
2024991430225,2024,991430225,1,9,0,-1,19,6,2,-1,0,0,2,0,8,10,3,1,-1,2,1,33,6,1368,1,14,FIAT PUNTO,6,-1,0,4
2024371503462,2024,371503462,2,9,0,-1,2,5,5,-1,0,1,0,0,0,0,3,1,-1,6,2,28,6,1242,1,19,FIAT PUNTO,1,E01030036,0,1
2024421438520,2024,421438520,4,9,0,-1,19,4,8,-1,0,0,0,0,0,0,1,1,-1,9,1,22,5,1242,1,13,FIAT PUNTO,9,E01021527,0,1
2024622400778,2024,622400778,3,9,0,18,19,8,4,0,0,0,0,0,1,0,1,1,6,6,1,31,6,1368,1,14,FIAT PUNTO,1,W01000992,0,1
2024131405571,2024,131405571,1,9,0,-1,19,1,1,-1,0,0,0,4,1,1,4,1,-1,9,2,81,11,1368,1,15,FIAT PUNTO,2,E01010916,0,2
2024401496768,2024,401496768,1,9,0,-1,7,8,2,-1,0,5,0,0,0,0,3,1,-1,1,1,19,4,1242,1,9,FIAT PUNTO,2,E01017523,0,1
2024010492314,2024,010492314,2,9,0,2,2,0,0,9,9,2,0,0,0,0,2,1,6,6,3,-1,-1,1368,1,14,FIAT PUNTO,-1,-1,0,-1
2024631464380,2024,631464380,1,9,0,-1,19,2,6,-1,0,0,0,0,0,0,1,1,-1,9,2,40,7,1368,1,9,FIAT PUNTO,1,W01000601,0,1
2024131412073,2024,131412073,2,9,0,-1,9,3,7,-1,0,1,0,0,0,0,3,1,-1,1,1,75,10,1242,1,7,FIAT PUNTO,5,E01011766,0,1
2024211405982,2024,211405982,1,9,0,-1,10,8,6,-1,0,6,0,0,0,0,1,1,-1,9,1,64,9,1368,1,15,FIAT PUNTO,2,E01014279,0,1
2024501528010,2024,501528010,1,9,0,-1,19,2,6,-1,0,0,0,0,0,0,1,1,-1,2,1,62,9,1248,2,17,FIAT PUNTO,5,E01018864,0,2
2024421406019,2024,421406019,1,9,0,-1,13,6,2,-1,0,0,1,0,0,0,1,1,-1,2,1,31,6,1368,1,14,FIAT PUNTO,9,E01015913,0,1
2024131458761,2024,131458761,1,9,0,-1,19,8,4,-1,0,8,0,0,0,0,4,1,-1,2,2,20,4,1242,1,12,FIAT PUNTO,3,E01010584,0,2
2024161522585,2024,161522585,1,9,0,-1,2,0,0,-1,0,0,0,0,0,0,0,9,-1,6,-1,-1,-1,1368,1,14,FIAT PUNTO,-1,-1,0,-1
202460Q101898,2024,60Q101898,1,9,0,16,19,1,5,0,0,1,2,0,8,11,3,1,6,6,1,20,4,1242,1,18,FIAT PUNTO,-1,-1,0,-1
2024631466649,2024,631466649,1,9,0,-1,19,1,5,-1,0,0,1,0,1,10,1,1,-1,6,1,39,7,1368,1,15,FIAT PUNTO,6,W01000431,0,3
202454F064424,2024,54F064424,1,9,0,18,19,4,8,0,0,0,0,4,0,0,1,1,6,6,1,38,7,1242,1,13,FIAT PUNTO,5,E01031908,0,1
2024430196833,2024,430196833,3,9,0,3,3,7,3,0,0,1,0,0,0,0,0,1,6,6,1,23,5,1242,1,11,FIAT PUNTO,9,E01017740,0,1
2024010523676,2024,010523676,1,9,0,99,99,9,9,99,99,9,9,99,9,99,9,9,6,6,2,25,5,1368,1,11,FIAT PUNTO,2,E01001161,0,1
2024052400318,2024,052400318,1,9,0,18,19,6,2,0,0,8,0,0,0,0,1,1,6,6,1,50,8,1368,1,15,FIAT PUNTO,1,E01006547,0,2
2024411466315,2024,411466315,1,9,0,-1,19,2,5,-1,0,3,0,0,0,0,3,1,-1,2,1,23,5,1368,1,13,FIAT PUNTO,3,E01023650,0,4
2024522401368,2024,522401368,2,9,0,18,19,8,4,0,0,3,0,0,0,0,1,1,6,6,1,25,5,1368,1,11,FIAT PUNTO,7,E01014735,0,3
2024401469666,2024,401469666,2,9,0,-1,19,6,2,-1,0,8,0,0,0,0,2,1,-1,9,1,24,5,1242,1,17,FIAT PUNTO,4,E01015755,0,1
2024161416569,2024,161416569,2,9,0,-1,19,1,1,-1,0,1,0,0,0,0,1,1,-1,9,1,28,6,1242,1,18,FIAT PUNTO,1,E01012867,0,1
2024201500391,2024,201500391,1,9,0,-1,19,8,4,-1,0,8,0,0,0,0,1,1,-1,6,1,45,7,1368,1,12,FIAT PUNTO,2,E01034955,0,1
2024131448242,2024,131448242,1,9,0,-1,19,7,3,-1,0,0,0,0,0,0,1,1,-1,6,1,38,7,1248,2,16,FIAT PUNTO,5,E01005688,0,4
2024991499281,2024,991499281,1,9,0,-1,19,4,8,-1,0,1,0,7,1,10,1,1,-1,2,1,40,7,1242,1,17,FIAT PUNTO,-1,-1,0,-1
2024461451031,2024,461451031,1,9,0,-1,19,3,7,-1,0,8,0,0,0,0,1,1,-1,6,2,17,4,1368,1,12,FIAT PUNTO,4,E01035007,0,4
2024211520349,2024,211520349,1,9,0,-1,-1,-1,-1,-1,-1,-1,-1,-1,-1,0,-1,1,-1,9,1,50,8,1242,1,17,FIAT PUNTO,-1,-1,0,-1
2024052401053,2024,052401053,1,9,0,17,19,1,5,0,0,0,0,0,1,2,4,1,2,2,2,52,8,1368,1,14,FIAT PUNTO,1,E01006643,0,1
2024061477119,2024,061477119,3,9,0,-1,2,0,0,-1,0,0,0,0,0,0,2,1,-1,6,-1,-1,-1,1368,1,14,FIAT PUNTO,-1,-1,0,-1
2024201512438,2024,201512438,1,9,0,-1,19,4,8,-1,0,0,0,0,0,0,1,1,-1,9,2,37,7,1242,1,17,FIAT PUNTO,4,E01009240,0,1
2024440032065,2024,440032065,5,9,0,4,4,6,2,0,0,0,0,0,0,0,2,1,2,2,1,37,7,1248,2,18,FIAT PUNTO,4,E01017045,0,4
2024041489489,2024,041489489,1,9,0,-1,9,-1,-1,-1,0,3,0,0,-1,0,-1,9,-1,6,1,-1,-1,1242,1,16,FIAT PUNTO,3,E01005015,0,4
2024052401025,2024,052401025,1,9,0,5,5,7,5,0,0,6,0,0,0,0,1,1,6,6,1,59,9,1242,1,22,FIAT PUNTO,6,E01006955,0,2
2024010555805,2024,010555805,1,9,0,99,99,9,9,99,99,9,9,99,9,99,1,9,6,6,3,-1,-1,1242,1,16,FIAT PUNTO,-1,-1,0,-1
2024411471492,2024,411471492,3,9,0,-1,4,7,0,-1,0,1,0,0,0,0,1,1,-1,9,2,25,5,1242,1,18,FIAT PUNTO,9,E01023653,0,1
2024010548065,2024,010548065,1,9,0,9,9,1,7,0,0,8,1,0,0,0,3,1,6,6,2,53,8,1242,1,17,FIAT PUNTO,2,E01001755,0,1
2024520401947,2024,520401947,4,9,0,2,2,0,0,0,0,0,0,0,0,0,3,1,6,6,3,-1,-1,1242,1,12,FIAT PUNTO,-1,-1,0,-1
2024501496476,2024,501496476,2,9,0,-1,19,5,1,-1,0,1,0,0,0,0,1,1,-1,6,1,19,4,1368,1,16,FIAT PUNTO,4,E01019062,0,1
2024010513988,2024,010513988,2,9,0,18,19,3,7,0,0,1,0,0,0,0,1,1,6,6,2,22,5,1368,1,17,FIAT PUNTO,4,E01002558,0,1
2024131479679,2024,131479679,1,9,0,-1,19,5,1,-1,0,0,2,0,7,11,4,1,-1,9,2,39,7,1368,1,14,FIAT PUNTO,9,E01032876,0,2
2024221458417,2024,221458417,2,9,0,-1,7,6,8,-1,0,6,0,0,0,0,3,9,-1,9,2,31,6,1242,1,11,FIAT PUNTO,6,E01018356,0,2
2024340WN4072,2024,340WN4072,1,9,0,-1,19,7,3,-1,0,0,5,0,0,0,1,1,-1,9,1,27,6,1368,1,15,FIAT PUNTO,1,E01027235,0,1
2024041454460,2024,041454460,1,9,0,-1,9,6,2,-1,0,1,0,0,0,0,2,1,-1,6,1,32,6,1248,2,18,FIAT PUNTO,1,E01025139,0,1
2024041414533,2024,041414533,1,9,0,-1,13,3,7,-1,0,1,0,0,0,0,4,1,-1,6,1,21,5,1368,1,12,FIAT PUNTO,3,E01012750,0,1
2024070945284,2024,070945284,2,9,0,-1,2,0,0,-1,0,0,0,0,0,0,2,1,-1,2,2,24,5,1368,1,14,FIAT PUNTO,1,E01005918,0,4
2024161402395,2024,161402395,2,9,0,-1,2,0,0,-1,0,0,0,0,0,0,3,9,-1,6,3,-1,-1,1242,1,16,FIAT PUNTO,-1,-1,0,-1
2024544046324,2024,544046324,2,9,0,3,3,1,5,0,0,1,0,0,0,0,2,1,6,6,1,63,9,1368,1,16,FIAT PUNTO,10,E01032055,0,2
2024061501925,2024,061501925,2,9,0,-1,19,-1,-1,-1,0,0,0,0,0,0,-1,9,-1,6,3,-1,-1,1242,1,20,FIAT PUNTO,-1,-1,0,-1
2024461439228,2024,461439228,2,9,0,-1,4,1,1,-1,0,0,0,0,0,0,2,1,-1,9,1,43,7,1368,1,14,FIAT PUNTO,1,E01024612,0,3
2024041466189,2024,041466189,2,9,0,-1,3,1,3,-1,0,0,0,0,0,0,1,1,-1,6,1,41,7,1368,1,18,FIAT PUNTO,1,E01024885,0,1
2024201499184,2024,201499184,2,9,0,-1,5,7,3,-1,0,0,0,0,0,0,2,1,-1,6,1,52,8,1242,1,16,FIAT PUNTO,8,E01009730,0,1
2024201452604,2024,201452604,2,9,0,-1,19,4,8,-1,0,8,0,0,0,0,1,9,-1,6,2,21,5,1368,1,16,FIAT PUNTO,3,E01008989,0,1
2024461415211,2024,461415211,2,9,0,-1,2,0,0,-1,0,0,0,0,0,0,3,1,-1,6,-1,-1,-1,1368,1,15,FIAT PUNTO,-1,-1,0,-1
2024211406328,2024,211406328,2,9,4,-1,19,2,6,-1,0,1,1,0,7,11,1,1,-1,1,2,45,7,1242,1,17,FIAT PUNTO,4,E01029578,0,1
2024461509251,2024,461509251,1,9,0,-1,5,8,4,-1,0,6,0,0,0,0,2,1,-1,9,1,19,4,1242,1,16,FIAT PUNTO,3,E01024715,0,1
2024101492392,2024,101492392,1,9,0,-1,7,7,4,-1,0,3,0,0,0,0,4,1,-1,9,2,33,6,1368,1,15,FIAT PUNTO,-1,-1,0,-1
2024010528163,2024,010528163,1,9,0,4,4,3,7,0,0,1,0,0,4,6,3,1,2,2,1,64,9,1368,1,15,FIAT PUNTO,7,E01002424,0,1
2024010521738,2024,010521738,1,9,0,18,19,3,7,0,0,3,0,0,0,0,0,1,6,6,2,29,6,1242,1,10,FIAT PUNTO,4,E01000380,0,1
2024061461706,2024,061461706,2,9,0,-1,5,2,3,-1,0,1,0,0,0,0,3,1,-1,6,2,48,8,1242,1,17,FIAT PUNTO,-1,-1,0,-1
2024041516611,2024,041516611,1,9,0,-1,13,5,1,-1,0,1,0,0,0,0,1,1,-1,6,1,23,5,1242,1,16,FIAT PUNTO,6,E01012747,0,1
2024522403405,2024,522403405,1,9,0,18,19,7,3,0,0,4,0,0,0,0,1,1,6,6,1,18,4,1368,1,12,FIAT PUNTO,4,E01014746,0,2
2024340WN6872,2024,340WN6872,1,9,0,-1,19,4,8,-1,9,1,1,10,1,4,4,1,-1,6,1,16,4,1242,1,19,FIAT PUNTO,7,E01027259,0,1
2024411473688,2024,411473688,1,9,-1,-1,-1,-1,-1,-1,-1,0,-1,-1,-1,0,1,9,-1,6,1,32,6,1368,1,13,FIAT PUNTO,7,E01006379,0,5
2024371509901,2024,371509901,3,9,0,-1,19,8,4,-1,0,0,0,0,0,0,1,1,-1,6,2,31,6,1242,1,16,FIAT PUNTO,7,E01029875,0,1
2024061440227,2024,061440227,1,9,0,-1,19,7,2,-1,0,0,0,0,0,0,1,9,-1,6,3,-1,-1,1242,1,9,FIAT PUNTO,-1,-1,0,-1
202417L301424,2024,17L301424,1,9,0,5,5,1,5,0,0,1,0,0,0,0,1,1,6,6,1,-1,-1,1368,1,16,FIAT PUNTO,4,E01027238,0,5
2024440391887,2024,440391887,2,9,0,1,1,7,3,0,0,1,0,0,0,0,2,1,6,6,3,-1,-1,1368,1,16,FIAT PUNTO,-1,-1,0,-1
2024401401732,2024,401401732,3,9,0,-1,4,5,1,-1,0,3,0,0,0,0,4,9,-1,6,1,23,5,1242,1,17,FIAT PUNTO,4,E01015755,0,1
2024141425195,2024,141425195,1,9,0,-1,9,6,4,-1,0,1,0,0,0,0,1,1,-1,9,2,21,5,1242,1,17,FIAT PUNTO,8,E01008130,0,2
2024501533061,2024,501533061,1,9,0,-1,7,1,3,-1,0,4,0,0,0,0,1,1,-1,2,1,24,5,1368,1,14,FIAT PUNTO,2,E01019034,0,1
2024461497217,2024,461497217,1,9,0,-1,5,7,3,-1,0,6,0,0,0,0,1,1,-1,6,1,23,5,1242,1,11,FIAT PUNTO,7,E01024550,0,2
2024991528950,2024,991528950,1,9,0,-1,19,3,7,-1,0,1,0,0,0,0,4,1,-1,1,2,39,7,1368,1,14,FIAT PUNTO,-1,-1,0,-1
2024010542900,2024,010542900,2,9,0,2,2,0,0,0,0,8,0,0,0,0,3,1,6,6,3,-1,-1,1368,1,13,FIAT PUNTO,-1,-1,0,-1
2024201433826,2024,201433826,2,9,0,-1,19,6,3,-1,0,6,0,0,0,0,3,9,-1,6,2,45,7,1368,1,13,FIAT PUNTO,2,E01009592,0,1
2024101404624,2024,101404624,2,9,0,-1,4,1,5,-1,0,0,0,0,0,0,1,1,-1,9,2,24,5,1242,1,13,FIAT PUNTO,-1,-1,0,-1
2024361421446,2024,361421446,3,9,0,-1,3,1,3,-1,0,1,0,0,0,0,2,1,-1,6,1,21,5,1368,1,17,FIAT PUNTO,10,E01026552,0,3
2024122500448,2024,122500448,1,9,0,18,19,5,1,0,0,0,2,0,0,0,0,1,6,6,1,20,4,1368,1,15,FIAT PUNTO,3,-1,0,5
2024991461011,2024,991461011,1,9,0,-1,5,2,8,-1,0,6,0,0,0,0,1,1,-1,9,1,31,6,1368,1,14,FIAT PUNTO,2,-1,0,1
2024320310543,2024,320310543,1,9,0,-1,-1,8,4,0,0,0,1,0,0,0,1,1,6,6,2,29,6,1368,1,14,FIAT PUNTO,4,E01018100,0,4
2024221454900,2024,221454900,2,9,0,-1,2,0,0,-1,0,0,0,0,1,0,2,1,-1,6,1,27,6,1242,1,9,FIAT PUNTO,7,E01032401,0,1
2024440238702,2024,440238702,2,9,0,10,10,4,2,0,0,1,0,0,0,0,2,1,6,6,1,68,10,1368,1,9,FIAT PUNTO,9,E01022547,0,2
2024522401789,2024,522401789,1,9,0,11,11,3,7,0,0,0,0,0,0,0,1,1,6,6,1,49,8,1242,1,18,FIAT PUNTO,4,E01014904,0,1
2024451448291,2024,451448291,2,9,0,-1,19,2,6,-1,0,1,0,0,0,0,1,1,-1,6,2,30,6,1242,1,17,FIAT PUNTO,8,E01030991,0,1
2024010510628,2024,010510628,2,9,9,99,99,9,9,99,99,9,9,99,9,99,9,9,6,6,3,-1,-1,1368,1,15,FIAT PUNTO,-1,-1,0,-1
2024161490447,2024,161490447,2,9,0,-1,19,3,7,-1,0,0,0,0,7,0,1,1,-1,6,1,35,6,1368,1,15,FIAT PUNTO,1,E01012889,0,2
2024440095354,2024,440095354,1,9,0,18,19,6,2,0,0,0,1,0,0,0,4,1,6,6,2,29,6,1368,1,17,FIAT PUNTO,1,E01015255,0,5
2024451533686,2024,451533686,2,9,0,-1,9,7,3,-1,0,0,0,0,0,0,4,1,-1,9,1,23,5,1368,1,12,FIAT PUNTO,3,E01030952,0,1
202454F314824,2024,54F314824,1,9,0,16,19,6,1,0,0,8,1,0,7,4,1,1,6,6,2,26,6,1368,1,14,FIAT PUNTO,10,E01031966,0,2
2024610047624,2024,610047624,1,9,0,9,9,5,3,0,0,5,0,0,1,2,1,1,6,6,1,74,10,1242,1,18,FIAT PUNTO,3,W01001429,0,1
2024010516555,2024,010516555,2,9,0,18,19,7,3,0,0,0,0,0,0,0,1,1,6,6,1,37,7,1242,1,16,FIAT PUNTO,2,E01002090,0,1
2024101452574,2024,101452574,2,9,0,-1,9,1,7,-1,0,8,0,0,0,0,3,1,-1,6,1,60,9,1242,1,16,FIAT PUNTO,5,E01008588,0,1
2024361486317,2024,361486317,1,9,0,-1,19,7,3,-1,0,0,5,0,1,0,1,1,-1,9,1,40,7,1242,1,20,FIAT PUNTO,3,E01018073,0,4
2024622400035,2024,622400035,1,9,0,18,19,2,6,0,0,0,0,4,0,0,1,1,6,6,1,73,10,1368,1,15,FIAT PUNTO,1,W01001274,0,1
2024141466153,2024,141466153,1,9,0,-1,5,6,7,-1,0,2,0,0,0,0,3,1,-1,9,1,55,8,1242,1,17,FIAT PUNTO,2,E01007772,0,1
2024010525334,2024,010525334,2,9,0,18,19,7,3,0,0,1,0,0,0,0,1,1,6,6,1,40,7,1368,1,15,FIAT PUNTO,6,E01002206,0,3
2024041492206,2024,041492206,1,9,0,-1,19,5,1,-1,0,8,0,0,3,3,3,1,-1,9,1,19,4,1368,1,14,FIAT PUNTO,1,E01012739,0,1
2024131413375,2024,131413375,1,9,0,-1,3,2,6,-1,0,0,0,0,0,0,2,1,-1,9,2,53,8,1242,1,15,FIAT PUNTO,2,E01011854,0,2
2024231524405,2024,231524405,2,9,0,-1,19,2,6,-1,0,8,0,0,0,0,1,1,-1,6,2,21,5,1242,1,18,FIAT PUNTO,8,E01003674,0,5
2024211467308,2024,211467308,1,9,0,-1,19,1,5,-1,0,1,0,0,0,0,1,1,-1,6,1,21,5,1368,1,13,FIAT PUNTO,2,E01014262,0,1
2024332400741,2024,332400741,1,9,0,-1,19,2,6,-1,0,0,5,0,1,1,1,1,-1,9,1,19,4,1368,1,14,FIAT PUNTO,9,E01025883,0,2
2024320690821,2024,320690821,1,9,0,-1,-1,3,7,0,0,0,1,0,0,3,1,1,-1,-1,1,18,4,1242,1,17,FIAT PUNTO,3,E01026248,0,1
2024221460413,2024,221460413,1,9,0,-1,9,2,8,-1,0,6,0,0,0,0,3,1,-1,2,2,44,7,1242,1,16,FIAT PUNTO,4,E01028968,0,1
2024421477905,2024,421477905,1,9,0,-1,19,2,6,-1,0,0,2,0,5,0,3,1,-1,9,1,22,5,1368,1,15,FIAT PUNTO,2,E01022039,0,4
2024122401186,2024,122401186,2,9,0,18,19,2,6,0,0,8,0,0,0,0,1,1,2,2,2,33,6,1242,1,20,FIAT PUNTO,9,E01027652,0,1
2024991404078,2024,991404078,1,9,0,-1,19,2,6,-1,0,0,0,0,1,4,1,1,-1,9,1,17,4,1242,1,10,FIAT PUNTO,7,-1,0,2
2024461526488,2024,461526488,1,9,0,-1,19,3,6,-1,0,1,0,0,0,0,1,9,-1,6,1,36,7,1242,1,21,FIAT PUNTO,10,E01024272,0,2
2024010506182,2024,010506182,1,9,0,1,1,1,5,0,0,8,0,11,0,0,2,1,6,6,2,28,6,1368,1,11,FIAT PUNTO,3,E01004669,0,1
2024070838005,2024,070838005,1,9,0,-1,19,5,1,-1,9,1,0,0,1,11,1,1,-1,6,2,18,4,1368,1,16,FIAT PUNTO,3,E01005618,0,1
2024320026273,2024,320026273,1,9,0,18,19,8,4,0,0,0,5,0,1,9,2,1,-1,-1,2,22,5,1368,1,12,FIAT PUNTO,4,E01026250,0,1
2024041423966,2024,041423966,1,9,0,-1,19,5,1,-1,0,1,0,0,1,4,1,1,-1,9,1,18,4,1242,1,13,FIAT PUNTO,6,E01025548,0,1
2024440535193,2024,440535193,2,9,0,18,19,8,4,0,0,0,0,0,0,0,1,1,6,6,2,63,9,1242,1,19,FIAT PUNTO,9,E01022674,0,2
2024010524763,2024,010524763,1,9,0,11,11,3,7,0,0,5,0,0,0,0,2,1,2,2,1,19,4,1242,1,13,FIAT PUNTO,2,E01000030,0,2
2024520000824,2024,520000824,1,9,0,18,19,4,8,0,0,0,0,0,0,0,1,1,6,6,1,26,6,875,1,11,FIAT PUNTO,6,W01001377,0,4
2024131422196,2024,131422196,1,9,0,-1,19,4,8,-1,0,1,0,0,0,0,4,1,-1,6,1,35,6,1368,1,14,FIAT PUNTO,7,E01011277,0,1
2024052400875,2024,052400875,1,9,0,1,1,8,4,0,0,0,0,4,1,11,2,1,6,6,1,82,11,1368,1,16,FIAT PUNTO,10,E01007187,0,1
2024101451806,2024,101451806,1,9,0,-1,19,1,5,-1,0,8,0,0,0,0,4,1,-1,9,1,26,6,1368,1,14,FIAT PUNTO,4,E01024258,0,5
2024122400216,2024,122400216,1,9,0,16,19,5,7,0,0,0,5,0,1,4,1,1,6,6,1,19,4,1242,1,16,FIAT PUNTO,1,E01011620,0,4
2024010526916,2024,010526916,1,9,0,99,99,9,9,99,99,9,9,99,9,99,3,9,6,6,1,68,10,1242,1,9,FIAT PUNTO,6,E01000513,0,1
2024421443836,2024,421443836,3,9,0,-1,19,3,7,-1,0,0,1,7,1,7,3,1,-1,6,1,19,4,1242,1,21,FIAT PUNTO,6,E01021308,0,1
2024371493310,2024,371493310,2,9,0,-1,4,3,7,-1,0,0,0,4,0,0,2,1,-1,1,2,42,7,1368,1,14,FIAT PUNTO,6,E01021398,0,2
2024211432759,2024,211432759,1,9,0,-1,2,0,0,-1,0,1,0,0,0,0,4,1,-1,6,1,29,6,1242,1,17,FIAT PUNTO,6,E01029609,0,1
2024052400652,2024,052400652,3,9,0,18,19,4,1,0,0,0,0,0,0,0,1,1,6,6,1,40,7,1242,1,19,FIAT PUNTO,9,E01007096,0,2
2024991404448,2024,991404448,1,9,0,-1,19,2,6,-1,0,0,2,0,1,11,1,1,-1,9,1,39,7,1242,1,17,FIAT PUNTO,1,-1,0,2
2024501405153,2024,501405153,1,9,0,-1,19,5,3,-1,0,0,0,0,0,0,3,1,-1,9,2,26,6,1242,1,15,FORD KA,10,E01025914,0,5
2024061404010,2024,061404010,2,9,0,-1,19,1,5,-1,0,0,0,0,0,0,2,1,-1,9,1,79,11,1242,1,9,FORD KA,8,E01025056,0,3