collision_index,collision_year,collision_ref_no,vehicle_reference,vehicle_type,towing_and_articulation,vehicle_manoeuvre_historic,vehicle_manoeuvre,vehicle_direction_from,vehicle_direction_to,vehicle_location_restricted_lane_historic,vehicle_location_restricted_lane,junction_location,skidding_and_overturning,hit_object_in_carriageway,vehicle_leaving_carriageway,hit_object_off_carriageway,first_point_of_impact,vehicle_left_hand_drive,journey_purpose_of_driver_historic,journey_purpose_of_driver,sex_of_driver,age_of_driver,age_band_of_driver,engine_capacity_cc,propulsion_code,age_of_vehicle,generic_make_model,driver_imd_decile,lsoa_of_driver,escooter_flag,driver_distance_banding
2024440302019,2024,440302019,1,9,0,18,19,7,3,0,0,0,0,0,0,0,4,1,6,6,2,27,6,1242,1,12,FORD KA,9,E01023147,0,1
2024440514653,2024,440514653,1,9,0,9,9,1,7,0,0,2,0,0,0,0,2,1,2,2,2,27,6,1299,1,17,FORD KA,4,E01017206,0,1
2024221404357,2024,221404357,1,9,0,-1,19,2,4,-1,0,0,5,0,0,0,1,9,-1,9,2,18,4,1242,1,8,FORD KA,3,E01033526,0,2
2024201491676,2024,201491676,2,9,0,-1,19,6,2,-1,0,8,0,0,0,0,4,1,-1,9,1,19,4,1242,1,11,FORD KA,3,E01009458,0,1
2024041404101,2024,041404101,2,9,0,-1,2,0,0,-1,0,0,0,0,0,0,2,1,-1,6,-1,-1,-1,1299,1,23,FORD KA,-1,-1,0,-1
2024010514640,2024,010514640,1,9,0,9,9,2,7,0,0,0,0,0,0,0,2,1,3,7,1,34,6,1242,1,13,FORD KA,5,E01002307,0,1
2024520500299,2024,520500299,1,9,0,9,9,2,1,0,0,8,0,0,0,0,4,1,6,6,2,20,4,1242,1,14,FORD KA,9,E01029260,0,2
2024052402835,2024,052402835,1,9,0,18,19,3,7,0,0,0,5,7,1,1,1,1,6,6,2,41,7,1242,1,10,FORD KA,9,E01025553,0,4
2024371437352,2024,371437352,2,9,0,-1,19,3,7,-1,0,0,0,0,0,0,2,1,-1,6,2,37,7,1242,1,12,FORD KA,5,E01030073,0,1
2024991514796,2024,991514796,2,9,0,-1,4,6,2,-1,0,0,0,0,0,0,1,1,-1,6,2,18,4,1242,1,14,FORD KA,4,-1,0,1
2024161491638,2024,161491638,2,9,0,-1,4,3,7,-1,0,3,0,0,0,0,1,1,-1,9,1,27,6,1242,1,15,FORD KA,8,E01013189,0,1
2024221403525,2024,221403525,1,9,0,-1,19,1,5,-1,0,0,0,0,0,0,1,1,-1,9,2,85,11,1242,1,10,FORD KA,4,E01014098,0,2
2024501442690,2024,501442690,2,9,0,-1,19,8,4,-1,0,0,0,0,0,0,4,1,-1,2,2,25,5,1242,1,10,FORD KA,4,E01018866,0,3
2024421472005,2024,421472005,2,9,0,-1,19,3,7,-1,0,0,0,0,0,0,2,1,-1,9,2,31,6,1242,1,13,FORD KA,4,E01023891,0,4
2024451527676,2024,451527676,3,9,0,-1,4,1,5,-1,0,0,0,0,0,0,2,1,-1,9,2,27,6,1242,1,13,FORD KA,8,E01003417,0,3
2024221459725,2024,221459725,2,9,0,-1,10,3,4,-1,0,1,0,0,0,0,2,9,-1,2,2,22,5,1299,1,18,FORD KA,7,E01032195,0,1
2024501517074,2024,501517074,1,9,0,-1,19,1,5,-1,0,0,1,0,7,4,1,1,-1,6,1,19,4,1242,1,15,FORD KA,6,E01018917,0,4
2024340WN0192,2024,340WN0192,1,9,0,-1,19,1,5,-1,0,0,1,0,7,4,1,1,-1,6,1,18,4,1242,1,13,FORD KA,8,E01027193,0,2
2024552400111,2024,552400111,1,9,0,9,9,4,1,0,0,5,0,0,0,0,1,1,1,1,1,19,4,1242,1,13,FORD KA,10,E01015399,0,1
2024451414834,2024,451414834,3,9,0,-1,10,1,7,-1,0,8,0,0,0,0,2,1,-1,9,1,58,9,1242,1,8,FORD KA,8,E01030613,0,1
2024461467140,2024,461467140,1,9,0,-1,19,3,1,-1,0,6,0,0,0,0,1,1,-1,9,2,18,4,1242,1,14,FORD KA,5,E01024225,0,2
2024501513327,2024,501513327,2,9,0,-1,19,1,5,-1,0,1,0,0,0,0,3,1,-1,9,2,19,4,1242,1,11,FORD KA,1,E01015149,0,1
2024061506725,2024,061506725,2,9,0,-1,3,7,3,-1,0,1,1,1,1,0,2,1,-1,9,1,64,9,1242,1,13,FORD KA,3,E01004992,0,1
2024010520260,2024,010520260,1,9,0,-1,-1,5,1,0,0,1,1,0,2,11,1,1,6,6,1,35,6,1242,1,13,FORD KA,3,E01002086,0,2
2024401406359,2024,401406359,2,9,0,-1,5,7,1,-1,0,6,1,0,0,0,1,1,-1,6,2,28,6,1242,1,15,FORD KA,5,E01015750,0,3
2024320505539,2024,320505539,1,9,0,-1,-1,3,7,0,0,2,1,0,1,3,1,1,-1,-1,2,19,4,1299,1,16,FORD KA,7,E01019802,0,5
2024131483725,2024,131483725,3,9,0,-1,2,0,0,-1,0,8,0,0,0,0,2,1,-1,6,-1,-1,-1,1242,1,11,FORD KA,-1,-1,0,-1
2024371411564,2024,371411564,1,9,0,-1,19,7,2,-1,0,0,1,0,1,0,4,1,-1,2,2,19,4,1242,1,13,FORD KA,7,E01029891,0,3
2024461454613,2024,461454613,1,9,0,-1,19,5,7,-1,0,1,1,0,0,0,2,9,-1,6,2,18,4,1242,1,13,FORD KA,7,E01035287,0,1
2024501469276,2024,501469276,1,9,0,-1,7,2,4,-1,0,2,1,0,7,11,1,1,-1,9,1,27,6,1299,1,16,FORD KA,1,E01015088,0,1
2024610040224,2024,610040224,2,9,0,4,4,8,4,0,0,0,0,0,0,0,1,1,6,6,2,18,4,1242,1,13,FORD KA,4,W01001363,0,2
2024440512791,2024,440512791,1,9,0,4,4,6,2,0,0,1,0,0,0,0,2,1,6,6,2,47,8,1242,1,12,FORD KA,4,E01022670,0,3
2024531445273,2024,531445273,1,9,0,-1,19,7,3,-1,0,8,0,0,0,0,1,1,-1,9,2,20,4,1242,1,14,FORD KA,10,E01026362,0,5
2024552401261,2024,552401261,1,9,0,18,19,2,6,0,0,6,0,0,0,0,1,1,6,6,2,23,5,1242,1,9,FORD KA,7,E01020509,0,1
2024231437684,2024,231437684,1,9,0,-1,1,8,4,-1,9,6,0,0,0,0,2,1,-1,9,1,18,4,1242,1,14,FORD KA,6,E01031322,0,2
2024311406429,2024,311406429,1,9,0,-1,19,4,8,-1,9,0,1,10,1,0,0,1,-1,6,2,21,5,1242,1,15,FORD KA,2,E01019498,0,4
2024052402087,2024,052402087,2,9,0,18,19,7,3,0,0,8,0,0,0,0,1,1,6,6,2,26,6,1242,1,10,FORD KA,1,E01007155,0,1
2024451458142,2024,451458142,1,9,0,-1,99,6,2,-1,0,0,9,0,0,0,1,1,-1,9,2,30,6,1242,1,11,FORD KA,7,E01030741,0,3
2024031513267,2024,031513267,1,9,0,-1,19,6,2,-1,0,0,0,0,2,11,1,1,-1,9,1,18,4,1242,1,13,FORD KA,7,E01019178,0,3
2024122500070,2024,122500070,2,9,0,1,1,7,3,0,0,8,0,0,3,0,1,1,6,6,2,74,10,1242,1,14,FORD KA,6,E01027616,0,1
2024340WN5802,2024,340WN5802,2,9,0,-1,19,1,5,-1,0,0,0,0,0,0,2,1,-1,7,2,42,7,1299,1,17,FORD KA,9,E01027018,0,1
2024371420560,2024,371420560,1,9,0,-1,19,5,3,-1,0,1,0,0,0,0,1,1,-1,2,2,19,4,1242,1,13,FORD KA,6,E01030041,0,1
2024061471333,2024,061471333,2,9,0,-1,10,3,7,-1,0,1,0,0,0,0,2,1,-1,2,2,22,5,1242,1,15,FORD KA,6,E01005780,0,1
2024547875924,2024,547875924,2,9,0,3,3,5,1,0,0,1,0,0,0,0,2,1,6,6,2,31,6,1242,1,14,FORD KA,8,E01032704,0,2
2024340NN1162,2024,340NN1162,1,9,0,-1,12,4,8,-1,0,7,1,0,0,0,1,1,-1,9,1,18,4,1299,1,19,FORD KA,3,E01035411,0,1
2024070405227,2024,070405227,4,9,0,2,2,0,0,0,0,0,0,0,0,0,3,1,6,6,3,-1,-1,1242,1,14,FORD KA,7,E01018736,0,1
2024430150976,2024,430150976,2,9,0,18,19,7,3,0,0,0,0,0,0,0,1,1,6,6,2,-1,-1,1299,1,17,FORD KA,-1,-1,0,-1
2024041473077,2024,041473077,1,9,0,-1,19,3,7,-1,0,0,1,0,0,0,1,2,-1,6,2,19,4,1242,1,13,FORD KA,9,E01025437,0,2
2024471488469,2024,471488469,1,9,0,-1,19,3,1,-1,0,0,0,0,0,0,4,1,-1,1,2,45,7,1242,1,10,FORD KA,4,E01020976,0,3
2024141498745,2024,141498745,1,9,0,-1,9,8,6,-1,0,8,0,0,0,0,1,1,-1,9,2,82,11,1242,1,11,FORD KA,7,E01008154,0,1
2024501495597,2024,501495597,3,9,0,-1,19,8,4,-1,0,0,0,0,0,0,1,1,-1,2,2,18,4,1242,1,12,FORD KA,4,E01018760,0,1
2024070147565,2024,070147565,1,9,0,4,4,2,6,0,0,1,0,0,0,0,1,1,6,6,2,77,11,1242,1,13,FORD KA,6,E01018472,0,2
2024461509223,2024,461509223,1,9,0,-1,19,2,7,-1,0,8,0,0,0,0,4,1,-1,9,1,75,10,1242,1,13,FORD KA,2,E01000431,0,1
2024531508349,2024,531508349,1,9,0,-1,5,7,3,-1,0,6,0,0,0,0,1,9,-1,2,2,18,4,1242,1,14,FORD KA,4,E01021368,0,5
2024161471117,2024,161471117,1,9,0,-1,19,7,3,-1,0,8,0,0,0,0,1,9,-1,6,2,-1,-1,1242,1,13,FORD KA,-1,-1,0,-1
2024211461477,2024,211461477,2,9,0,-1,19,2,5,-1,0,0,0,0,0,0,1,1,-1,9,2,24,5,1242,1,13,FORD KA,2,E01014339,0,1
2024010505259,2024,010505259,1,9,0,9,9,2,7,0,0,8,0,0,0,0,1,1,6,6,2,42,7,1242,1,11,FORD KA,7,E01000362,0,3
2024161394893,2024,161394893,1,9,0,-1,9,1,5,-1,0,8,0,0,0,0,4,1,-1,9,2,69,10,1242,1,15,FORD KA,1,E01012876,0,1
2024520001958,2024,520001958,1,9,0,3,3,3,7,0,0,0,0,0,0,0,2,1,6,6,2,21,5,1242,1,14,FORD KA,4,E01014450,0,3
2024161403605,2024,161403605,1,9,0,-1,19,7,3,-1,0,0,1,0,7,11,1,1,-1,9,1,19,4,1248,2,11,FORD KA,3,E01012913,0,2
2024461435790,2024,461435790,2,9,0,-1,19,1,5,-1,0,0,0,0,0,0,1,1,-1,6,2,19,4,1242,1,11,FORD KA,5,E01024383,0,2
2024531462056,2024,531462056,1,9,0,-1,11,5,1,-1,0,0,2,0,8,1,1,1,-1,9,2,19,4,1242,1,12,FORD KA,2,E01022328,0,4
2024471422575,2024,471422575,1,9,0,-1,19,1,5,-1,0,0,0,0,0,0,1,1,-1,9,2,19,4,1242,1,14,FORD KA,4,E01031428,0,3
2024451461734,2024,451461734,1,9,0,-1,7,3,7,-1,0,6,0,0,0,0,1,1,-1,9,2,73,10,1242,1,11,FORD KA,7,E01030660,0,1
2024411462969,2024,411462969,2,9,0,-1,9,3,1,-1,0,6,0,0,0,0,3,9,-1,6,2,26,6,1242,1,12,FORD KA,8,E01021867,0,2
2024631448749,2024,631448749,2,9,0,-1,19,3,7,-1,0,8,0,0,0,0,1,1,-1,2,2,17,4,1242,1,12,FORD KA,4,W01001899,0,1
2024351519194,2024,351519194,2,9,0,-1,9,4,2,-1,0,8,0,0,0,0,1,1,-1,6,1,43,7,1242,1,12,FORD KA,2,E01015608,0,1
2024991431816,2024,991431816,1,9,0,-1,19,1,3,-1,0,0,0,0,0,0,1,1,-1,9,2,85,11,1242,1,10,FORD KA,8,-1,0,3
2024052402482,2024,052402482,1,9,0,9,9,3,1,0,0,8,0,0,0,0,4,1,6,6,1,29,6,1242,1,11,FORD KA,8,E01006668,0,2
2024351452924,2024,351452924,2,9,0,-1,9,8,4,-1,0,5,0,0,7,0,3,1,-1,6,2,25,5,1242,1,12,FORD KA,2,E01017946,0,1
2024430458240,2024,430458240,1,9,0,17,19,1,6,0,0,0,2,0,1,9,1,1,6,6,1,25,5,1299,1,16,FORD KA,8,E01017721,0,2
2024440532437,2024,440532437,1,9,0,5,5,3,7,0,0,6,0,0,0,0,4,1,6,6,1,71,10,1242,1,11,FORD KA,6,E01022716,0,1
2024302400929,2024,302400929,1,9,0,5,5,1,5,0,0,4,0,0,0,0,1,1,6,6,2,55,8,1242,1,14,FORD KA,9,E01019591,0,2
2024371410716,2024,371410716,1,9,0,-1,9,7,3,-1,0,1,0,0,0,0,1,1,-1,6,2,74,10,1299,1,16,FORD KA,7,E01029974,0,1
2024411474373,2024,411474373,2,9,0,-1,19,8,4,-1,0,8,0,0,7,0,1,1,-1,6,1,28,6,1299,1,16,FORD KA,6,E01023863,0,2
2024371529271,2024,371529271,2,9,0,-1,9,6,4,-1,0,8,0,0,0,0,4,1,-1,6,2,73,10,1242,1,11,FORD KA,2,E01030029,0,1
2024131499843,2024,131499843,1,9,0,-1,3,1,1,-1,0,0,0,0,0,0,2,1,-1,9,2,30,6,1242,1,10,FORD KA,7,E01005005,0,4
2024010516952,2024,010516952,2,9,0,3,3,5,1,0,0,2,0,0,0,0,2,1,6,6,1,26,6,1299,1,22,FORD KA,-1,-1,0,-1
2024041484750,2024,041484750,1,9,0,-1,13,1,5,-1,0,1,0,0,0,0,1,1,-1,9,2,18,4,1242,1,12,FORD KA,10,E01005046,0,2
2024131471142,2024,131471142,1,9,0,-1,19,3,7,-1,0,0,0,0,0,0,1,1,-1,6,1,31,6,1242,1,14,FORD KA,8,E01011174,0,3
2024421442995,2024,421442995,1,9,0,-1,19,-1,-1,-1,0,1,0,0,0,0,1,1,-1,6,2,-1,-1,1242,1,11,FORD KA,-1,-1,0,-1
2024471394940,2024,471394940,2,9,0,-1,4,5,1,-1,0,1,0,0,0,0,2,1,-1,9,2,19,4,1242,1,12,FORD KA,6,E01034824,0,1
2024311495547,2024,311495547,2,9,0,-1,2,0,0,-1,0,0,0,0,0,0,3,1,-1,6,-1,-1,-1,1242,1,14,FORD KA,-1,-1,0,-1
2024471536083,2024,471536083,3,9,0,-1,19,8,4,-1,0,0,0,0,0,0,1,2,-1,6,-1,-1,-1,1242,1,14,FORD KA,-1,-1,0,-1
2024320361565,2024,320361565,1,9,0,9,9,3,8,0,0,2,0,0,1,11,1,1,6,6,2,34,6,1299,1,16,FORD KA,5,E01026107,0,1
2024010526127,2024,010526127,1,9,0,10,10,9,9,99,99,9,9,99,9,99,9,9,6,6,3,-1,-1,1242,1,8,FORD KA,-1,-1,0,-1
2024061464675,2024,061464675,1,9,0,-1,19,1,3,-1,0,1,0,0,0,0,1,1,-1,9,2,18,4,1242,1,8,FORD KA,3,E01006293,0,1
2024421406957,2024,421406957,1,9,0,-1,19,8,4,-1,0,0,0,0,0,0,1,1,-1,9,2,58,9,1242,1,12,FORD KA,2,E01021989,0,3
2024161433698,2024,161433698,1,9,0,-1,19,2,5,-1,0,0,5,4,7,0,1,1,-1,6,1,39,7,1299,1,18,FORD KA,1,E01012778,0,1
2024631462879,2024,631462879,1,9,0,-1,19,5,1,-1,0,8,5,0,0,0,1,1,-1,2,2,50,8,1242,1,8,FORD KA,3,W01001287,0,4
2024122400711,2024,122400711,1,9,0,7,7,1,3,0,0,3,0,0,0,0,4,1,6,6,2,20,4,1242,1,11,FORD KA,9,E01028292,0,5
2024461442861,2024,461442861,1,9,0,-1,19,1,5,-1,0,0,0,0,0,0,1,1,-1,2,1,26,6,1242,1,12,FORD KA,7,E01024157,0,1
2024010502274,2024,010502274,3,9,0,4,4,5,1,0,0,0,0,0,0,0,2,1,6,6,1,38,7,1242,1,15,FORD KA,2,E01024128,0,5
2024131533425,2024,131533425,2,9,0,-1,19,8,4,-1,0,8,0,0,0,0,1,1,-1,2,2,19,4,1242,1,12,FORD KA,4,E01011613,0,2
2024141469181,2024,141469181,1,9,0,-1,3,7,3,-1,0,0,0,0,0,0,1,9,-1,6,2,35,6,1248,2,13,FORD KA,4,E01005892,0,4
2024320321860,2024,320321860,2,9,0,3,3,1,5,0,0,1,0,0,0,0,2,1,-1,-1,2,45,7,1242,1,13,FORD KA,7,E01026147,0,1
2024231490472,2024,231490472,1,9,0,-1,19,2,6,-1,0,1,0,0,0,0,1,1,-1,9,1,76,11,1242,1,9,FORD KA,10,E01031214,0,1
2024461456170,2024,461456170,4,9,0,-1,3,4,2,-1,0,0,0,0,0,0,2,1,-1,1,1,21,5,1242,1,8,FORD KA,7,E01021140,0,3
2024411496971,2024,411496971,2,9,-1,-1,4,5,1,-1,0,0,0,0,0,0,-1,9,-1,6,1,56,9,1242,1,9,FORD KA,3,E01023637,0,3
2024010500080,2024,010500080,2,9,0,99,99,9,9,99,99,0,9,99,9,99,1,9,6,6,3,-1,-1,1242,1,10,FORD KA,-1,-1,0,-1
2024421476851,2024,421476851,1,9,0,-1,11,1,5,-1,0,0,0,0,0,0,1,1,-1,9,2,18,4,1242,1,15,FORD KA,9,E01021634,0,2
2024221427510,2024,221427510,2,9,0,-1,4,4,8,-1,0,0,0,0,0,0,2,9,-1,6,2,25,5,1242,1,15,FORD KA,7,E01031976,0,5
2024010527754,2024,010527754,1,9,0,18,19,8,4,0,0,1,0,0,0,0,4,1,2,2,1,24,5,1242,1,15,FORD KA,8,E01000341,0,1
2024351424572,2024,351424572,1,9,0,-1,19,2,6,-1,0,1,0,0,0,0,1,1,-1,6,2,-1,-1,1242,1,11,FORD KA,1,E01018103,0,1
2024991400645,2024,991400645,1,9,0,-1,9,8,6,-1,0,6,0,0,0,0,3,1,-1,9,2,18,4,1242,1,10,FORD KA,7,-1,0,1
2024440129571,2024,440129571,1,9,0,10,10,4,2,0,0,8,0,0,0,0,4,1,6,6,2,20,4,1242,1,13,FORD KA,6,E01022656,0,2
2024161418112,2024,161418112,1,9,0,-1,9,4,2,-1,0,8,0,0,0,0,1,9,-1,6,2,17,4,1242,1,15,FORD KA,9,E01034759,0,1
2024471529391,2024,471529391,1,9,0,-1,9,5,2,-1,0,6,0,0,3,0,3,1,-1,2,2,65,9,1242,1,10,FORD KA,3,E01031830,0,1
2024161452872,2024,161452872,2,9,0,-1,19,4,8,-1,0,1,0,0,0,0,1,9,-1,6,2,21,5,1242,1,11,FORD KA,-1,-1,0,-1
2024201433010,2024,201433010,1,9,0,-1,19,4,8,-1,0,8,0,0,0,0,1,9,-1,6,1,60,9,1242,1,14,FORD KA,-1,-1,0,-1
2024031416685,2024,031416685,1,9,0,-1,19,1,5,-1,0,0,0,0,1,0,3,1,-1,6,1,18,4,1242,1,14,FORD KA,5,E01019313,0,1
2024991496041,2024,991496041,1,9,0,-1,5,3,6,-1,0,4,0,0,0,0,1,1,-1,9,2,86,11,1242,1,10,FORD KA,5,-1,0,3
2024141401033,2024,141401033,1,9,0,-1,9,3,1,-1,0,0,0,0,0,0,1,1,-1,2,1,20,4,1242,1,10,FORD KA,4,E01007489,0,2
2024010514530,2024,010514530,2,9,0,16,19,1,5,0,0,0,0,0,7,0,1,1,6,6,2,32,6,1242,1,14,FORD KA,4,E01016003,0,3
2024141462633,2024,141462633,1,9,0,-1,19,3,8,-1,0,1,0,0,0,0,1,1,-1,9,1,17,4,1242,1,11,FORD KA,4,E01007699,0,1
2024351514835,2024,351514835,1,9,0,-1,3,6,3,-1,0,0,0,0,7,0,1,1,-1,6,2,20,4,1242,1,10,FORD KA,4,E01026250,0,4
2024101448125,2024,101448125,2,9,0,-1,19,1,5,-1,0,6,0,0,0,0,1,1,-1,9,2,43,7,1242,1,11,FORD KA,4,E01008597,0,1
2024991425579,2024,991425579,1,9,0,-1,19,4,8,-1,0,0,0,0,0,0,1,1,-1,9,2,24,5,1242,1,10,FORD KA,8,E01012225,0,5
2024052402191,2024,052402191,2,9,0,18,19,3,7,0,0,8,0,0,1,0,1,1,6,6,3,-1,-1,1242,1,10,FORD KA,-1,-1,0,-1
2024522401393,2024,522401393,2,9,0,18,19,1,5,0,0,8,0,0,0,0,1,1,6,6,1,30,6,1242,1,12,FORD KA,6,E01014614,0,1
2024552401503,2024,552401503,2,9,0,18,19,8,4,0,0,8,0,0,0,0,1,1,6,6,2,20,4,1242,1,12,FORD KA,10,E01015433,0,2
2024122400543,2024,122400543,2,9,0,2,2,0,0,0,0,1,0,0,0,0,2,1,6,6,2,30,6,1299,1,17,FORD KA,10,E01013044,0,4
2024631490291,2024,631490291,1,9,0,-1,19,3,7,-1,0,0,5,0,0,0,1,1,-1,6,1,19,4,1242,1,12,FORD KA,5,W01000543,0,4
2024041480143,2024,041480143,1,9,0,-1,19,2,6,-1,0,0,1,0,7,9,0,1,-1,9,2,64,9,1242,1,13,FORD KA,1,E01012574,0,1
2024201474515,2024,201474515,2,9,0,-1,2,1,5,-1,0,1,0,0,0,0,2,9,-1,2,2,58,9,1242,1,12,FORD KA,2,E01010204,0,2
2024411465177,2024,411465177,1,9,0,-1,4,3,8,-1,0,1,0,0,0,0,1,1,-1,1,2,37,7,1299,1,18,FORD KA,7,E01023932,0,1
2024041478998,2024,041478998,1,9,0,-1,19,3,7,-1,0,6,0,0,0,0,1,1,-1,1,1,49,8,1299,1,16,FORD KA,2,E01024996,0,4
2024201437806,2024,201437806,2,9,0,-1,11,5,1,-1,0,0,0,0,0,0,1,1,-1,6,2,18,4,1242,1,14,FORD KA,2,E01010439,0,3
2024451493675,2024,451493675,1,9,0,-1,19,5,8,-1,0,0,1,0,5,6,1,1,-1,2,2,26,6,1242,1,12,FORD KA,8,E01016250,0,2
2024440208678,2024,440208678,2,9,0,9,9,6,2,0,0,6,0,0,0,0,3,1,6,6,1,80,11,1242,1,10,FORD KA,5,E01017158,0,2
2024361526794,2024,361526794,1,9,0,-1,19,5,1,-1,0,8,0,0,1,0,3,1,-1,9,2,80,11,1242,1,12,FORD KA,8,E01026653,0,1
2024041454552,2024,041454552,1,9,0,-1,9,3,7,-1,0,3,0,0,0,0,3,1,-1,9,2,18,4,1242,1,15,FORD KA,8,E01034337,0,1
2024440209152,2024,440209152,1,9,0,16,19,6,8,0,0,1,0,0,3,10,1,1,6,6,2,19,4,1248,2,13,FORD KA,6,E01023196,0,3
2024471430936,2024,471430936,1,9,0,-1,19,5,1,-1,0,0,0,0,0,0,3,1,-1,9,2,19,4,1242,1,12,FORD KA,7,E01034828,0,1
2024302400296,2024,302400296,1,9,0,18,19,7,3,0,0,0,0,0,0,0,1,1,6,6,2,22,5,1242,1,15,FORD KA,5,E01019407,0,3
2024161467355,2024,161467355,1,9,0,-1,19,7,3,-1,0,1,1,0,7,0,2,1,-1,9,2,19,4,1242,1,12,FORD KA,6,E01013001,0,3
2024440516189,2024,440516189,1,9,0,18,19,5,1,0,0,8,0,0,0,0,1,1,2,2,1,62,9,1242,1,11,FORD KA,5,E01017369,0,2
2024061404549,2024,061404549,2,9,0,-1,19,7,2,-1,0,6,0,0,0,0,3,1,-1,9,2,42,7,1242,1,11,FORD KA,3,E01006007,0,2
2024610042424,2024,610042424,1,9,0,18,19,3,7,0,0,8,0,0,0,0,3,1,6,6,2,17,4,1242,1,10,FORD KA,9,W01001417,0,1
2024501415134,2024,501415134,1,9,0,-1,19,3,6,-1,0,4,0,0,0,0,1,9,-1,6,2,56,9,1242,1,9,FORD KA,8,E01034636,0,1
2024622400130,2024,622400130,2,9,0,11,11,8,4,0,0,0,1,0,4,6,2,1,6,6,2,65,9,1299,1,17,FORD KA,3,W01001045,0,1
2024430053467,2024,430053467,2,9,0,9,9,8,6,0,0,6,0,0,0,0,3,1,6,6,2,17,4,1242,1,14,FORD KA,10,E01030770,0,3
2024991442054,2024,991442054,1,9,0,-1,7,1,4,-1,0,1,0,0,0,0,1,1,-1,9,2,80,11,1242,1,8,FORD KA,8,-1,0,1
2024471412165,2024,471412165,1,9,0,-1,9,4,2,-1,0,6,0,0,0,0,3,1,-1,6,2,41,7,1242,1,15,FORD KA,5,E01031565,0,1
2024201465013,2024,201465013,2,9,0,-1,19,1,5,-1,0,0,0,0,0,0,3,1,-1,9,1,21,5,1299,1,16,FORD KA,1,E01010289,0,1
2024361410669,2024,361410669,1,9,0,-1,19,5,2,-1,0,0,0,0,1,9,1,9,-1,2,2,24,5,1299,1,16,FORD KA,5,E01026877,0,1
2024211452308,2024,211452308,1,9,0,-1,19,1,5,-1,0,0,0,0,0,0,1,1,-1,6,1,38,7,1299,1,17,FORD KA,2,E01014274,0,1
2024311505217,2024,311505217,1,9,0,-1,19,2,6,-1,0,0,0,0,0,0,3,1,-1,2,2,26,6,1242,1,10,FORD KA,1,E01028068,0,2
2024010535574,2024,010535574,1,9,0,18,19,5,1,0,0,0,0,0,0,0,1,1,6,6,2,35,6,1242,1,15,FORD KA,3,E01001177,0,2
2024201518381,2024,201518381,1,9,0,-1,19,8,2,-1,0,0,0,0,0,0,2,1,-1,6,2,26,6,1242,1,13,FORD KA,8,E01009800,0,2
2024131523145,2024,131523145,1,9,0,-1,-1,-1,-1,-1,-1,-1,-1,-1,-1,-1,-1,1,-1,6,3,-1,-1,1242,1,10,FORD KA,-1,-1,0,-1
2024440425552,2024,440425552,1,9,0,18,19,1,5,0,0,4,0,0,0,0,1,1,6,6,1,80,11,1242,1,10,FORD KA,10,E01023193,0,1
2024010519295,2024,010519295,1,9,0,3,3,1,5,0,0,1,0,0,0,0,4,1,6,6,1,42,7,1242,1,13,FORD KA,7,E01004635,0,1
2024211505553,2024,211505553,1,9,0,-1,5,5,1,-1,0,2,0,0,0,0,3,1,-1,6,2,77,11,1242,1,15,FORD KA,8,E01029704,0,1
2024631441308,2024,631441308,1,9,0,-1,19,2,6,-1,0,0,5,0,2,10,4,1,-1,9,2,20,4,1242,1,15,FORD KA,9,E01019787,0,5
2024501500087,2024,501500087,2,9,0,-1,19,5,1,-1,0,8,0,0,0,0,3,1,-1,6,1,50,8,1242,1,12,FORD KA,9,E01015105,0,2
2024440450915,2024,440450915,3,9,0,3,3,6,2,0,0,1,0,0,0,0,1,1,6,6,2,20,4,1242,1,14,FORD KA,10,E01022688,0,2
2024361553069,2024,361553069,2,9,0,-1,19,3,7,-1,0,8,5,0,1,0,3,1,-1,9,1,27,6,1242,1,11,FORD KA,1,E01033437,0,1
2024610053024,2024,610053024,2,9,0,18,19,1,5,0,0,0,1,0,1,0,1,1,6,6,2,19,4,1242,1,15,FORD KA,2,W01001436,0,2
2024061512133,2024,061512133,1,9,0,-1,19,5,1,-1,0,0,0,0,0,0,1,1,-1,7,2,33,6,1242,1,13,FORD KA,-1,-1,0,-1
2024141491725,2024,141491725,1,9,0,-1,19,4,8,-1,0,3,2,0,2,4,3,1,-1,9,2,19,4,1242,1,12,FORD KA,6,E01007660,0,1
2024161486445,2024,161486445,1,9,0,-1,19,3,7,-1,0,0,0,0,0,0,1,1,-1,2,2,41,7,1242,1,12,FORD KA,1,E01013206,0,1
2024221532518,2024,221532518,2,9,0,-1,7,4,6,-1,0,2,0,0,0,0,3,1,-1,6,2,69,10,1242,1,13,FORD KA,1,E01032434,0,1
2024010530654,2024,010530654,1,9,0,18,19,1,5,9,9,8,0,0,2,10,1,1,2,2,2,33,6,1299,1,17,FORD KA,4,E01001724,0,1
2024111425484,2024,111425484,4,9,0,-1,19,1,5,-1,0,0,0,0,0,0,1,1,-1,1,1,24,5,1299,1,19,FORD KA,8,E01029570,0,5