collision_index,collision_year,collision_ref_no,vehicle_reference,vehicle_type,towing_and_articulation,vehicle_manoeuvre_historic,vehicle_manoeuvre,vehicle_direction_from,vehicle_direction_to,vehicle_location_restricted_lane_historic,vehicle_location_restricted_lane,junction_location,skidding_and_overturning,hit_object_in_carriageway,vehicle_leaving_carriageway,hit_object_off_carriageway,first_point_of_impact,vehicle_left_hand_drive,journey_purpose_of_driver_historic,journey_purpose_of_driver,sex_of_driver,age_of_driver,age_band_of_driver,engine_capacity_cc,propulsion_code,age_of_vehicle,generic_make_model,driver_imd_decile,lsoa_of_driver,escooter_flag,driver_distance_banding
2024010536646,2024,010536646,2,9,0,99,99,9,9,99,99,0,9,99,9,99,0,9,6,6,3,-1,-1,1248,1,10,KIA PICANTO,-1,-1,0,-1
2024430522838,2024,430522838,2,9,0,2,2,0,0,0,0,0,0,0,0,0,1,1,6,6,3,-1,-1,999,1,14,KIA PICANTO,-1,-1,0,-1
2024991475584,2024,991475584,2,9,0,-1,5,2,6,-1,0,4,0,0,0,0,2,1,-1,6,1,84,11,998,1,5,KIA PICANTO,7,-1,0,1
2024471486559,2024,471486559,1,9,0,-1,19,2,6,-1,0,0,5,0,1,3,3,1,-1,9,1,18,4,1086,1,15,KIA PICANTO,10,E01031800,0,3
2024471400409,2024,471400409,2,9,0,-1,9,4,2,-1,0,6,0,0,0,0,1,1,-1,6,1,32,6,998,1,10,KIA PICANTO,4,E01021002,0,1
2024131527198,2024,131527198,2,9,0,-1,9,3,7,-1,0,7,0,0,0,0,4,2,-1,9,2,53,8,1248,1,7,KIA PICANTO,7,E01010760,0,3
2024471518956,2024,471518956,1,9,0,-1,11,6,2,-1,0,1,0,0,0,0,4,1,-1,7,2,39,7,998,1,0,KIA PICANTO,6,E01021148,0,3
2024031450716,2024,031450716,2,9,0,-1,5,7,3,-1,0,0,0,0,0,0,3,1,-1,6,1,28,6,998,1,13,KIA PICANTO,1,E01019280,0,1
2024440455861,2024,440455861,1,9,0,6,6,5,6,0,0,0,0,0,0,0,3,1,6,6,2,49,8,998,1,11,KIA PICANTO,2,E01032879,0,2
2024522401498,2024,522401498,2,9,0,9,9,3,2,0,0,6,0,0,0,0,0,1,6,6,1,22,5,999,1,17,KIA PICANTO,1,E01033358,0,1
2024201531626,2024,201531626,1,9,0,-1,15,2,6,-1,0,0,0,0,0,0,1,9,-1,6,1,33,6,1086,1,18,KIA PICANTO,4,E01009037,0,1
2024131421355,2024,131421355,2,9,0,-1,2,0,0,-1,0,8,0,0,0,0,2,1,-1,6,-1,-1,-1,1248,1,4,KIA PICANTO,-1,-1,0,-1
2024991506666,2024,991506666,1,9,0,-1,19,3,8,-1,0,0,0,0,1,0,1,1,-1,9,2,19,4,998,1,9,KIA PICANTO,-1,-1,0,-1
2024010524974,2024,010524974,1,9,0,99,99,9,9,99,99,9,9,99,9,99,4,9,2,2,2,23,5,998,1,12,KIA PICANTO,8,E01023875,0,3
2024471403438,2024,471403438,2,9,0,-1,19,-1,-1,-1,0,8,0,0,0,0,3,1,-1,6,3,-1,-1,998,1,13,KIA PICANTO,-1,-1,0,-1
2024141393803,2024,141393803,1,9,0,-1,19,3,7,-1,0,1,0,0,0,0,4,1,-1,9,1,34,6,1248,1,13,KIA PICANTO,6,E01008046,0,1
2024451436220,2024,451436220,1,9,0,-1,19,7,3,-1,0,0,0,0,0,0,1,1,-1,9,2,46,8,998,1,3,KIA PICANTO,9,E01035146,0,5
2024010536324,2024,010536324,3,9,0,18,19,1,5,0,0,1,1,0,6,0,1,1,2,2,2,23,5,1086,1,14,KIA PICANTO,6,E01001271,0,1
2024461454582,2024,461454582,2,9,0,-1,19,7,3,-1,0,0,0,0,0,0,1,1,-1,6,2,18,4,998,1,13,KIA PICANTO,5,E01024544,0,1
2024361443536,2024,361443536,1,9,0,-1,4,1,5,-1,0,0,0,0,0,0,1,1,-1,9,1,79,11,998,1,1,KIA PICANTO,7,E01026941,0,3
2024070164442,2024,070164442,1,9,0,5,5,3,7,0,0,1,0,0,0,0,1,1,6,6,2,-1,-1,1248,1,11,KIA PICANTO,-1,-1,0,-1
2024531474829,2024,531474829,1,9,0,-1,9,1,7,-1,0,8,0,0,0,0,4,1,-1,6,2,17,4,1086,1,15,KIA PICANTO,10,E01022465,0,3
2024552401008,2024,552401008,3,9,0,18,19,4,8,0,0,0,0,0,0,0,1,1,6,6,2,57,9,998,1,1,KIA PICANTO,5,E01002632,0,5
2024131521382,2024,131521382,1,9,0,-1,9,3,7,-1,0,2,0,0,0,0,1,1,-1,6,1,40,7,998,1,11,KIA PICANTO,1,E01010711,0,1
2024010540826,2024,010540826,1,9,0,99,99,9,9,99,99,9,9,99,9,99,2,9,6,6,2,54,8,1086,1,19,KIA PICANTO,7,E01000298,0,1
2024211460006,2024,211460006,2,9,0,-1,19,2,8,-1,0,0,5,0,0,0,1,1,-1,6,2,52,8,1248,1,8,KIA PICANTO,6,E01029789,0,1
2024440353787,2024,440353787,3,9,0,2,2,0,0,0,0,0,0,0,0,0,3,1,6,6,3,-1,-1,998,1,5,KIA PICANTO,-1,-1,0,-1
2024471524617,2024,471524617,2,9,0,-1,2,0,0,-1,0,0,0,0,0,0,1,1,-1,6,-1,-1,-1,1086,1,18,KIA PICANTO,-1,-1,0,-1
2024351465286,2024,351465286,2,9,0,-1,4,1,4,-1,0,0,0,0,0,0,2,1,-1,6,1,71,10,999,1,15,KIA PICANTO,9,E01018280,0,1
2024440556914,2024,440556914,1,9,0,18,19,5,1,0,0,8,0,0,1,10,1,1,6,6,1,44,7,998,1,1,KIA PICANTO,4,E01017122,0,2
2024610003924,2024,610003924,2,9,0,18,19,3,7,0,0,0,0,0,0,0,1,1,6,6,2,40,7,998,1,1,KIA PICANTO,9,W01001639,0,1
2024520401169,2024,520401169,1,9,0,18,19,3,1,0,0,1,0,0,0,0,2,1,6,6,2,20,4,1086,1,16,KIA PICANTO,6,E01029199,0,3
2024201524168,2024,201524168,2,9,0,-1,10,7,3,-1,0,1,0,0,0,0,2,1,-1,9,2,47,8,999,1,15,KIA PICANTO,1,E01034949,0,1
2024401471971,2024,401471971,1,9,0,-1,7,3,5,-1,0,8,0,0,0,0,1,1,-1,6,2,58,9,1248,1,8,KIA PICANTO,4,E01017506,0,1
2024010545590,2024,010545590,1,9,0,8,8,5,7,0,0,0,0,0,0,0,1,1,6,6,2,58,9,998,1,4,KIA PICANTO,7,E01000701,0,1
2024461398359,2024,461398359,2,9,0,-1,4,1,5,-1,0,0,0,0,0,0,2,9,-1,1,2,39,7,998,1,7,KIA PICANTO,6,E01016078,0,1
2024451423889,2024,451423889,2,9,0,-1,19,5,1,-1,0,0,1,0,1,0,3,1,-1,1,2,55,8,1248,1,10,KIA PICANTO,7,E01030879,0,1
2024401406740,2024,401406740,1,9,0,-1,5,1,5,-1,0,0,0,0,0,0,1,1,-1,9,2,76,11,1086,1,17,KIA PICANTO,3,E01017562,0,1
2024471499189,2024,471499189,2,9,0,-1,19,7,3,-1,0,0,0,0,0,0,1,1,-1,6,1,25,5,1086,1,19,KIA PICANTO,6,E01020926,0,2
2024302400462,2024,302400462,1,9,0,17,19,6,3,0,0,0,5,0,0,0,4,1,6,6,2,65,9,999,1,17,KIA PICANTO,2,E01013585,0,1
2024552400645,2024,552400645,1,9,0,18,19,2,6,0,0,6,0,0,0,0,1,1,6,6,2,62,9,999,1,13,KIA PICANTO,-1,-1,0,-1
2024010522560,2024,010522560,2,9,0,16,19,5,1,0,0,1,0,0,0,0,1,1,6,6,2,22,5,1086,1,14,KIA PICANTO,4,E01034612,0,1
2024201533186,2024,201533186,1,9,0,-1,19,1,5,-1,0,8,0,0,0,0,1,1,-1,6,2,25,5,1086,1,20,KIA PICANTO,-1,-1,0,-1
2024201421841,2024,201421841,1,9,0,-1,9,8,6,-1,0,5,0,0,0,0,1,1,-1,6,2,20,4,999,1,18,KIA PICANTO,1,E01010299,0,1
2024201411986,2024,201411986,9,9,0,-1,3,3,8,-1,0,0,0,0,0,0,2,1,-1,6,2,66,10,998,1,8,KIA PICANTO,-1,-1,0,-1
2024531461952,2024,531461952,1,9,0,-1,19,5,1,-1,0,0,0,0,0,0,1,1,-1,1,1,28,6,1248,1,7,KIA PICANTO,3,E01022254,0,2
2024302400459,2024,302400459,2,9,0,17,19,2,8,0,0,0,0,0,0,0,1,1,6,6,1,55,8,998,1,12,KIA PICANTO,7,E01008052,0,4
2024010548443,2024,010548443,1,9,0,99,99,9,9,99,99,9,9,99,9,99,9,9,2,2,1,25,5,998,1,7,KIA PICANTO,5,E01000071,0,2
2024522401441,2024,522401441,1,9,0,9,9,8,5,0,0,5,0,0,0,0,1,1,6,6,1,28,6,1248,1,12,KIA PICANTO,1,E01014688,0,1
2024371489101,2024,371489101,1,9,0,-1,19,8,4,-1,0,1,0,0,0,0,1,1,-1,9,2,71,10,1248,1,11,KIA PICANTO,2,E01030274,0,1
2024010521528,2024,010521528,1,9,0,9,9,7,4,0,0,0,5,4,0,0,4,1,6,6,2,77,11,1248,1,5,KIA PICANTO,6,E01001471,0,1
2024311460631,2024,311460631,1,9,0,-1,19,7,3,-1,0,2,0,0,0,0,1,1,-1,2,1,64,9,1086,1,15,KIA PICANTO,1,E01013824,0,1
2024440132499,2024,440132499,1,9,0,16,19,5,8,0,0,1,0,0,0,0,1,1,1,1,1,67,10,998,1,2,KIA PICANTO,8,E01023234,0,1
2024991502952,2024,991502952,1,9,0,-1,9,7,5,-1,0,8,0,0,0,0,3,1,-1,6,2,85,11,998,1,1,KIA PICANTO,9,-1,0,1
2024052402572,2024,052402572,1,9,0,12,12,6,2,0,0,0,0,0,0,0,3,1,6,6,2,58,9,998,1,1,KIA PICANTO,5,E01006999,0,1
2024221482519,2024,221482519,1,9,0,-1,19,1,6,-1,0,0,1,0,2,0,1,1,-1,6,2,26,6,998,1,5,KIA PICANTO,10,E01018407,0,4
2024041516110,2024,041516110,2,9,0,-1,19,6,2,-1,0,2,0,0,0,0,3,1,-1,6,2,68,10,998,1,7,KIA PICANTO,2,E01024902,0,1
2024010548336,2024,010548336,1,9,0,1,1,1,5,0,0,0,0,4,0,0,3,1,6,6,2,40,7,1086,1,14,KIA PICANTO,6,E01002999,0,1
2024101477255,2024,101477255,2,9,0,-1,19,7,3,-1,0,8,0,0,0,0,3,1,-1,6,1,59,9,998,1,3,KIA PICANTO,5,E01008343,0,1
2024302400605,2024,302400605,1,9,0,14,14,7,3,0,0,8,2,0,0,0,4,2,6,6,2,24,5,998,1,1,KIA PICANTO,3,E01019692,0,1
2024122400042,2024,122400042,1,9,0,18,19,3,7,0,0,1,0,0,0,0,1,1,2,2,2,29,6,1086,1,16,KIA PICANTO,7,E01027738,0,3
2024131500156,2024,131500156,2,9,0,-1,5,1,3,-1,9,0,0,0,0,0,0,1,-1,9,2,21,5,999,1,15,KIA PICANTO,4,E01011834,0,1
2024010538631,2024,010538631,1,9,0,18,19,3,7,0,0,0,0,0,0,0,1,1,6,6,1,54,8,998,1,2,KIA PICANTO,2,E01001409,0,1
2024430551554,2024,430551554,1,9,0,2,2,8,4,0,0,0,0,0,0,0,3,1,2,2,2,67,10,1086,1,15,KIA PICANTO,7,E01016775,0,1
2024041536160,2024,041536160,2,9,0,-1,9,6,7,-1,0,1,0,0,0,0,2,1,-1,9,1,20,4,998,1,0,KIA PICANTO,10,E01025438,0,1
2024430193600,2024,430193600,1,9,0,18,19,2,6,0,0,0,0,0,0,0,1,1,6,6,1,81,11,1248,1,5,KIA PICANTO,2,E01004702,0,4
2024520002755,2024,520002755,1,9,0,18,19,2,6,0,0,0,0,0,0,0,1,1,6,6,2,30,6,1248,1,7,KIA PICANTO,9,E01014470,0,2
2024010524534,2024,010524534,2,9,0,18,19,7,3,0,0,1,0,0,0,0,2,1,6,6,1,60,9,998,1,3,KIA PICANTO,4,E01004368,0,1
2024351525448,2024,351525448,2,9,0,-1,3,7,3,-1,0,0,0,0,1,10,2,1,-1,6,2,32,6,1248,1,5,KIA PICANTO,8,E01015650,0,1
2024041453602,2024,041453602,2,9,0,-1,19,3,7,-1,0,0,0,0,0,0,3,1,-1,1,2,25,5,998,1,5,KIA PICANTO,3,E01025209,0,1
2024052401242,2024,052401242,2,9,0,4,4,7,3,0,0,1,0,0,0,0,2,1,6,6,2,20,4,998,1,7,KIA PICANTO,3,E01006497,0,1
2024031535233,2024,031535233,1,9,0,-1,19,8,4,-1,0,0,0,12,0,0,1,1,-1,6,2,53,8,998,1,2,KIA PICANTO,3,E01019290,0,4
2024440202193,2024,440202193,2,9,0,17,19,6,1,0,0,1,0,0,0,0,3,1,6,6,1,53,8,1248,1,5,KIA PICANTO,10,E01016644,0,2
2024991450494,2024,991450494,1,9,0,-1,19,4,7,-1,0,0,0,0,0,0,1,1,-1,9,1,26,6,1248,1,12,KIA PICANTO,1,-1,0,2
2024201435611,2024,201435611,2,9,0,-1,19,4,8,-1,0,6,2,0,0,0,1,1,-1,9,2,19,4,998,1,11,KIA PICANTO,5,E01004733,0,5
2024991524998,2024,991524998,1,9,0,-1,5,3,7,-1,0,0,0,0,0,0,2,1,-1,9,1,74,10,1086,1,15,KIA PICANTO,5,-1,0,1
2024131452094,2024,131452094,2,9,0,-1,9,1,5,-1,0,8,0,0,0,0,2,1,-1,2,2,57,9,1086,1,17,KIA PICANTO,1,E01011284,0,1
2024052401005,2024,052401005,1,9,0,18,19,6,2,0,0,1,0,0,0,0,1,1,6,6,1,-1,-1,998,1,6,KIA PICANTO,-1,-1,0,-1
2024610042124,2024,610042124,1,9,0,18,19,5,1,0,0,0,0,0,0,0,4,1,6,6,2,82,11,1086,1,18,KIA PICANTO,5,W01001686,0,1
2024302500206,2024,302500206,2,9,0,-1,19,6,2,-1,0,2,0,0,0,0,2,1,-1,9,1,76,11,1248,1,7,KIA PICANTO,10,E01019473,0,1
2024552400603,2024,552400603,1,9,0,2,2,0,0,0,0,0,0,0,0,0,3,1,6,6,1,55,8,998,1,8,KIA PICANTO,6,E01034280,0,1
2024991432282,2024,991432282,2,9,0,-1,19,7,3,-1,0,0,0,0,0,0,3,1,-1,1,2,25,5,1248,1,4,KIA PICANTO,9,-1,0,2
202417S107824,2024,17S107824,1,9,0,-1,19,2,8,-1,0,0,0,0,0,0,1,1,-1,9,2,58,9,998,1,6,KIA PICANTO,1,E01012249,0,1
2024052402397,2024,052402397,2,9,0,18,19,3,7,0,0,0,0,0,0,0,1,1,6,6,2,58,9,998,1,2,KIA PICANTO,6,E01007265,0,2
2024010540695,2024,010540695,2,9,0,5,5,3,7,0,0,6,0,0,0,0,1,1,6,6,2,62,9,1248,1,11,KIA PICANTO,6,E01000193,0,1
2024031502716,2024,031502716,2,9,0,-1,19,2,7,-1,0,1,0,0,0,0,1,1,-1,6,2,42,7,1086,1,19,KIA PICANTO,1,E01019143,0,1
2024010503838,2024,010503838,1,9,0,3,3,3,7,0,0,0,0,0,0,0,2,1,6,6,1,35,6,998,1,5,KIA PICANTO,8,E01001402,0,4
202454E396724,2024,54E396724,2,9,0,18,19,3,7,0,0,0,1,0,0,0,3,1,2,2,2,64,9,1248,1,9,KIA PICANTO,10,E01031949,0,3
2024371525181,2024,371525181,1,9,0,-1,9,5,3,-1,0,1,0,0,1,4,1,1,-1,9,1,17,4,1086,1,15,KIA PICANTO,6,E01030090,0,2
2024351531036,2024,351531036,1,9,0,-1,19,5,1,-1,0,0,1,0,1,0,1,1,-1,6,1,91,11,998,1,8,KIA PICANTO,6,E01026282,0,4
2024311488801,2024,311488801,2,9,0,-1,19,1,5,-1,0,0,1,0,1,0,1,1,-1,9,1,57,9,998,1,12,KIA PICANTO,-1,-1,0,-1
2024010512916,2024,010512916,2,9,0,99,99,9,9,99,99,9,9,99,9,99,2,9,6,6,3,-1,-1,998,1,3,KIA PICANTO,-1,-1,0,-1
2024320022613,2024,320022613,2,9,0,-1,-1,4,1,0,0,0,1,0,1,0,1,1,6,6,2,22,5,999,1,15,KIA PICANTO,1,E01026173,0,4
2024161501555,2024,161501555,2,9,0,-1,19,5,1,-1,0,8,0,0,0,0,1,1,-1,2,1,18,4,998,1,12,KIA PICANTO,7,E01013041,0,3
2024361479249,2024,361479249,2,9,0,-1,2,2,8,-1,0,0,0,4,0,0,2,1,-1,6,1,82,11,998,1,0,KIA PICANTO,6,E01030232,0,1
2024311466077,2024,311466077,1,9,0,-1,5,3,7,-1,0,0,0,0,7,0,3,1,-1,9,2,88,11,1248,1,10,KIA PICANTO,10,E01028196,0,2
202417M110724,2024,17M110724,2,9,0,-1,19,5,1,-1,0,0,1,0,0,0,1,1,-1,9,2,65,9,998,1,8,KIA PICANTO,10,E01012223,0,2
2024201473870,2024,201473870,3,9,0,-1,2,0,0,-1,0,0,0,0,0,0,0,9,-1,6,2,-1,-1,1248,1,7,KIA PICANTO,7,E01020338,0,5
2024010510057,2024,010510057,2,9,0,99,99,9,9,99,99,0,9,99,9,99,1,9,6,6,3,-1,-1,1086,1,20,KIA PICANTO,-1,-1,0,-1
2024201427770,2024,201427770,1,9,0,-1,9,6,4,-1,0,6,0,0,0,0,1,9,-1,1,2,26,6,1248,1,4,KIA PICANTO,1,E01009341,0,1
2024201401359,2024,201401359,2,9,0,-1,19,5,1,-1,0,8,0,0,0,0,1,9,-1,6,2,39,7,1086,1,19,KIA PICANTO,2,E01010010,0,2
2024221495756,2024,221495756,1,9,0,-1,9,8,4,-1,0,5,0,0,0,0,1,1,-1,9,1,96,11,1086,1,14,KIA PICANTO,8,E01028830,0,2
2024421523464,2024,421523464,2,9,0,-1,19,4,8,-1,0,0,0,0,0,0,1,1,-1,6,2,29,6,1248,1,8,KIA PICANTO,9,E01021959,0,1
2024010535329,2024,010535329,1,9,0,18,19,3,7,9,9,5,2,10,7,10,4,1,6,6,1,18,4,998,1,12,KIA PICANTO,-1,-1,0,-1
2024631514577,2024,631514577,2,9,0,-1,19,5,1,-1,0,8,0,0,3,1,1,1,-1,9,1,39,7,999,1,15,KIA PICANTO,5,W01000566,0,1
2024111536402,2024,111536402,2,9,0,-1,10,4,8,-1,0,1,0,0,0,0,3,1,-1,9,2,42,7,998,1,1,KIA PICANTO,1,E01020907,0,1
2024522402500,2024,522402500,2,9,0,5,5,3,7,0,0,6,0,0,0,0,1,1,6,6,1,45,7,998,1,11,KIA PICANTO,9,E01031888,0,3
2024411489410,2024,411489410,3,9,0,-1,2,0,0,-1,-1,0,0,0,0,0,2,1,-1,6,1,36,7,1248,1,6,KIA PICANTO,5,E01023546,0,1
2024430608173,2024,430608173,2,9,0,18,19,2,6,0,0,1,0,0,0,0,1,1,6,6,1,46,8,998,1,2,KIA PICANTO,5,E01016766,0,2
2024520002515,2024,520002515,1,9,0,9,9,6,4,0,0,6,0,0,0,0,3,1,6,6,2,20,4,998,1,3,KIA PICANTO,10,E01014413,0,1
2024010548884,2024,010548884,1,9,0,3,3,5,1,0,0,2,0,0,0,0,2,1,6,6,2,51,8,998,1,0,KIA PICANTO,10,E01002387,0,1
2024201493550,2024,201493550,2,9,0,-1,3,5,1,-1,0,1,0,0,0,0,2,1,-1,1,2,38,7,999,1,15,KIA PICANTO,2,E01009515,0,2
2024211542212,2024,211542212,2,9,0,-1,4,3,5,-1,0,0,1,0,0,0,2,1,-1,6,2,22,5,1248,1,8,KIA PICANTO,2,E01018400,0,2
2024061419000,2024,061419000,1,9,0,-1,19,1,5,-1,0,3,0,0,0,0,3,1,-1,9,2,87,11,998,1,11,KIA PICANTO,7,E01005367,0,1
2024440492607,2024,440492607,1,9,0,7,7,5,7,0,0,6,0,0,0,0,3,1,6,6,1,87,11,998,1,6,KIA PICANTO,9,E01022855,0,1
2024991423885,2024,991423885,2,9,0,-1,2,0,0,-1,0,0,0,0,0,0,2,1,-1,6,3,-1,-1,998,1,7,KIA PICANTO,-1,-1,0,-1
2024010545936,2024,010545936,1,9,0,3,3,5,1,0,0,1,0,0,0,0,2,1,6,6,2,53,8,998,1,1,KIA PICANTO,-1,-1,0,-1
2024411495645,2024,411495645,2,9,0,-1,5,3,7,-1,0,4,0,0,0,0,4,1,-1,6,2,50,8,1248,1,11,KIA PICANTO,5,E01023782,0,2
2024401484876,2024,401484876,3,9,0,-1,2,0,0,-1,0,2,0,0,0,0,3,1,-1,6,-1,-1,-1,998,1,12,KIA PICANTO,-1,-1,0,-1
2024351430432,2024,351430432,2,9,0,-1,8,-1,-1,-1,0,1,0,0,0,0,1,1,-1,2,2,57,9,1248,1,5,KIA PICANTO,6,E01018169,0,1
202460Q195537,2024,60Q195537,2,9,0,2,2,0,0,9,9,0,0,0,0,0,3,1,6,6,1,52,8,998,1,5,KIA PICANTO,-1,-1,0,-1
2024461402309,2024,461402309,2,9,0,-1,3,5,8,-1,0,0,0,0,0,0,3,1,-1,9,2,58,9,999,1,15,KIA PICANTO,7,E01035010,0,3
2024991486254,2024,991486254,2,9,0,-1,2,0,0,-1,0,0,0,0,0,0,3,1,-1,6,-1,-1,-1,998,1,11,KIA PICANTO,-1,-1,0,-1
2024010525363,2024,010525363,1,9,0,5,5,7,3,0,0,0,0,0,0,0,1,1,2,2,1,26,6,999,1,14,KIA PICANTO,-1,-1,0,-1
2024041425059,2024,041425059,1,9,0,-1,19,5,1,-1,0,8,0,0,0,0,1,1,-1,6,1,23,5,998,1,2,KIA PICANTO,1,E01025186,0,1
2024141432040,2024,141432040,1,9,0,-1,9,7,5,-1,0,8,0,0,0,0,3,1,-1,6,2,57,9,998,1,8,KIA PICANTO,2,E01007593,0,1
2024010521048,2024,010521048,1,9,0,17,19,5,1,0,0,0,0,0,1,0,1,1,6,6,2,40,7,1248,1,8,KIA PICANTO,6,E01002601,0,1
2024361397045,2024,361397045,1,9,0,-1,9,2,1,-1,0,0,0,0,0,0,1,1,-1,9,2,63,9,999,1,15,KIA PICANTO,9,E01026871,0,2
2024440084892,2024,440084892,2,9,0,16,19,6,2,0,0,0,0,0,0,0,1,1,6,6,1,38,7,998,1,1,KIA PICANTO,5,E01016359,0,3
2024221452084,2024,221452084,2,9,0,-1,19,5,1,-1,0,0,1,0,0,0,1,1,-1,6,1,23,5,1248,1,5,KIA PICANTO,8,E01032228,0,2
2024052401089,2024,052401089,2,9,0,18,19,6,2,0,0,1,0,0,0,0,1,1,6,6,2,46,8,998,1,7,KIA PICANTO,1,E01006644,0,1
2024041468477,2024,041468477,1,9,0,-1,9,5,7,-1,0,6,0,0,0,0,4,1,-1,9,2,50,8,998,1,2,KIA PICANTO,8,E01025550,0,3
2024131532678,2024,131532678,1,9,0,-1,19,3,3,-1,0,0,0,0,0,0,1,1,-1,1,2,22,5,998,1,3,KIA PICANTO,6,E01011693,0,1
2024201517309,2024,201517309,3,9,0,-1,2,0,0,-1,0,8,0,0,0,0,3,1,-1,6,-1,-1,-1,998,1,12,KIA PICANTO,-1,-1,0,-1
2024991502805,2024,991502805,3,9,0,-1,2,7,7,-1,0,0,0,0,0,0,3,9,-1,6,-1,-1,-1,1086,1,14,KIA PICANTO,-1,-1,0,-1
2024161411885,2024,161411885,2,9,0,-1,13,7,3,-1,0,0,0,0,0,0,4,1,-1,7,2,32,6,1086,1,19,KIA PICANTO,-1,-1,0,-1
2024010500916,2024,010500916,2,9,0,99,99,9,9,99,99,9,9,99,9,99,1,9,6,6,3,-1,-1,998,1,1,KIA PICANTO,-1,-1,0,-1
2024061424658,2024,061424658,2,9,0,-1,7,-1,-1,-1,0,0,0,0,0,0,3,1,-1,6,3,-1,-1,1086,1,19,KIA PICANTO,-1,-1,0,-1
2024461443415,2024,461443415,2,9,0,-1,2,0,0,-1,0,0,0,4,0,0,1,1,-1,6,-1,-1,-1,999,1,15,KIA PICANTO,-1,-1,0,-1
2024351471541,2024,351471541,1,9,0,-1,-1,-1,-1,-1,-1,2,-1,-1,-1,0,-1,1,-1,6,3,-1,-1,1086,1,20,KIA PICANTO,-1,-1,0,-1
2024010506837,2024,010506837,2,9,0,4,4,5,1,0,0,1,0,0,0,0,2,1,6,6,1,21,5,998,1,3,KIA PICANTO,3,E01023310,0,3
2024052402765,2024,052402765,1,9,0,9,9,5,3,0,0,6,0,0,0,0,3,1,6,6,2,43,7,1248,1,12,KIA PICANTO,1,E01034398,0,1
2024461464699,2024,461464699,1,9,0,-1,19,5,1,-1,0,1,0,0,0,0,3,9,-1,6,1,88,11,998,1,9,KIA PICANTO,9,E01024353,0,1
2024131501782,2024,131501782,2,9,0,-1,19,7,3,-1,0,1,0,0,0,0,1,1,-1,6,1,38,7,998,1,5,KIA PICANTO,2,E01010619,0,2
2024010529487,2024,010529487,1,9,0,13,13,3,7,0,0,2,0,0,0,0,1,1,6,6,3,31,6,1086,1,18,KIA PICANTO,3,E01002612,0,1
2024471450482,2024,471450482,1,9,0,-1,19,5,1,-1,0,0,0,0,0,0,3,1,-1,9,2,83,11,1248,1,8,KIA PICANTO,9,E01031380,0,1
2024520402221,2024,520402221,2,9,0,18,19,8,4,0,0,0,0,0,0,0,1,1,6,6,1,17,4,1248,1,12,KIA PICANTO,5,E01029153,0,1
2024161453902,2024,161453902,1,9,0,-1,7,4,6,-1,0,1,0,0,0,0,3,1,-1,6,2,21,5,998,1,2,KIA PICANTO,7,E01012792,0,1
2024201398147,2024,201398147,1,9,0,-1,9,8,4,-1,0,5,0,0,0,0,1,1,-1,6,2,65,9,998,1,12,KIA PICANTO,-1,-1,0,-1
2024161509845,2024,161509845,1,9,0,-1,19,6,2,-1,0,0,2,0,1,0,1,1,-1,2,1,17,4,1086,1,15,KIA PICANTO,3,E01013303,0,1
2024430446056,2024,430446056,1,9,0,9,9,6,4,0,0,6,0,6,0,0,1,1,6,6,1,19,4,1086,1,19,KIA PICANTO,10,E01016653,0,2
2024101509067,2024,101509067,2,9,-1,-1,3,6,2,-1,0,0,0,0,0,0,2,9,-1,9,2,52,8,999,1,16,KIA PICANTO,8,E01008721,0,1
2024631433623,2024,631433623,1,9,0,-1,19,6,2,-1,0,1,0,0,0,0,1,1,-1,9,2,58,9,998,1,0,KIA PICANTO,7,W01000464,0,4
2024610053524,2024,610053524,2,9,0,18,19,6,2,0,0,0,0,0,0,0,1,1,1,1,2,37,7,1086,1,14,KIA PICANTO,6,W01001504,0,2
2024010542343,2024,010542343,1,9,0,12,12,1,5,0,0,2,0,0,0,0,3,1,6,6,2,61,9,998,1,10,KIA PICANTO,4,E01004752,0,1
2024052400804,2024,052400804,2,9,0,2,2,0,0,0,0,0,0,0,0,0,2,1,6,6,3,-1,-1,998,1,10,KIA PICANTO,-1,-1,0,-1
2024421431658,2024,421431658,2,9,0,-1,10,1,5,-1,0,1,0,0,0,0,2,9,-1,6,2,65,9,1248,1,6,KIA PICANTO,9,E01021349,0,4
2024041458927,2024,041458927,1,9,0,-1,19,1,5,-1,0,0,0,0,7,11,1,1,-1,9,1,22,5,999,1,15,KIA PICANTO,3,E01024889,0,1
2024430591765,2024,430591765,2,9,0,3,3,7,3,0,0,2,0,0,0,0,2,1,2,2,2,62,9,999,1,13,KIA PICANTO,7,E01028658,0,1
2024622400141,2024,622400141,1,9,0,18,19,8,4,0,0,0,0,0,0,0,1,1,6,6,2,33,6,1086,1,14,KIA PICANTO,4,W01000749,0,4
2024501523830,2024,501523830,1,9,0,-1,19,1,5,-1,0,4,0,0,0,0,4,1,-1,6,1,55,8,998,1,6,KIA PICANTO,9,E01015101,0,1