collision_index,collision_year,collision_ref_no,vehicle_reference,vehicle_type,towing_and_articulation,vehicle_manoeuvre_historic,vehicle_manoeuvre,vehicle_direction_from,vehicle_direction_to,vehicle_location_restricted_lane_historic,vehicle_location_restricted_lane,junction_location,skidding_and_overturning,hit_object_in_carriageway,vehicle_leaving_carriageway,hit_object_off_carriageway,first_point_of_impact,vehicle_left_hand_drive,journey_purpose_of_driver_historic,journey_purpose_of_driver,sex_of_driver,age_of_driver,age_band_of_driver,engine_capacity_cc,propulsion_code,age_of_vehicle,generic_make_model,driver_imd_decile,lsoa_of_driver,escooter_flag,driver_distance_banding
2024332400760,2024,332400760,3,9,0,-1,19,5,1,-1,0,0,0,0,0,0,1,1,-1,9,2,32,6,998,1,10,KIA PICANTO,10,E01025695,0,2
2024991461059,2024,991461059,1,9,0,-1,14,7,3,-1,0,1,0,0,0,0,1,1,-1,6,2,22,5,998,1,1,KIA PICANTO,9,-1,0,1
2024461401757,2024,461401757,2,9,0,-1,4,4,8,-1,0,0,0,0,0,0,2,9,-1,6,1,18,4,998,1,11,KIA PICANTO,10,E01024074,0,1
2024231433343,2024,231433343,1,9,0,-1,15,4,8,-1,0,0,0,0,0,0,3,9,-1,9,3,34,6,999,1,19,KIA PICANTO,-1,-1,0,-1
202454A769424,2024,54A769424,1,9,0,9,9,1,7,0,0,5,0,0,0,0,1,1,6,6,2,18,4,999,1,15,KIA PICANTO,10,E01032017,0,3
2024340WN2712,2024,340WN2712,3,9,0,-1,19,5,1,-1,0,0,0,0,0,0,1,1,-1,9,2,53,8,998,1,12,KIA PICANTO,7,E01016264,0,5
2024610039024,2024,610039024,2,9,0,4,4,2,6,0,0,1,0,0,0,0,2,1,6,6,1,-1,-1,998,1,12,KIA PICANTO,1,W01001692,0,1
2024610027124,2024,610027124,2,9,0,2,2,0,0,0,0,2,0,0,0,0,3,1,6,6,3,-1,-1,998,1,9,KIA PICANTO,-1,-1,0,-1
2024201410791,2024,201410791,2,9,0,-1,19,6,2,-1,0,1,0,0,0,0,1,1,-1,6,3,25,5,1248,1,13,KIA PICANTO,-1,-1,0,-1
2024302400479,2024,302400479,3,9,0,2,2,0,0,0,0,0,0,0,0,0,3,1,6,6,3,-1,-1,1086,1,16,KIA PICANTO,-1,-1,0,-1
2024070691727,2024,070691727,2,9,0,18,19,8,4,0,0,1,0,0,0,0,4,1,6,6,2,76,11,998,1,10,KIA PICANTO,-1,-1,0,-1
2024070588429,2024,070588429,2,9,0,7,7,2,6,0,0,2,0,0,0,0,1,1,6,6,2,27,6,1248,1,11,KIA PICANTO,3,E01018731,0,1
2024320762303,2024,320762303,2,9,0,10,10,6,2,0,0,1,0,0,1,0,1,1,6,6,2,25,5,998,1,7,KIA PICANTO,7,E01034684,0,2
2024061513078,2024,061513078,2,9,0,-1,19,5,1,-1,0,0,0,0,0,0,2,9,-1,6,2,39,7,998,1,3,KIA PICANTO,3,E01006035,0,1
2024440516492,2024,440516492,1,9,0,18,19,7,3,0,0,0,0,0,0,0,1,1,1,1,2,24,5,998,1,12,KIA PICANTO,2,E01022819,0,2
2024201522511,2024,201522511,1,9,0,-1,19,6,2,-1,0,2,0,0,0,0,1,1,-1,9,2,20,4,1086,1,15,KIA PICANTO,-1,-1,0,-1
2024010530581,2024,010530581,2,9,0,18,19,5,1,0,0,1,0,0,0,0,4,1,6,6,1,19,4,998,1,6,KIA PICANTO,7,E01004166,0,1
2024122400287,2024,122400287,3,9,0,2,2,0,0,0,0,0,0,0,0,0,3,1,6,6,3,-1,-1,999,1,14,KIA PICANTO,-1,-1,0,-1
2024041527535,2024,041527535,5,9,0,-1,2,0,0,-1,0,0,0,0,1,0,2,1,-1,6,-1,-1,-1,1086,1,19,KIA PICANTO,-1,-1,0,-1
2024440164576,2024,440164576,2,9,0,18,19,8,4,0,0,1,0,0,0,0,2,1,6,6,2,38,7,998,1,13,KIA PICANTO,3,E01017315,0,2
2024111456320,2024,111456320,1,9,0,-1,5,5,1,-1,0,0,0,0,0,0,3,1,-1,9,1,28,6,1248,1,4,KIA PICANTO,2,E01020647,0,4
2024201457316,2024,201457316,1,9,0,-1,14,7,4,-1,0,0,0,0,0,0,4,1,-1,2,1,62,9,999,1,18,KIA PICANTO,1,E01034923,0,2
2024991536118,2024,991536118,1,9,0,-1,9,7,4,-1,0,5,0,0,0,0,3,2,-1,9,1,45,7,999,1,15,KIA PICANTO,3,-1,0,3
2024991512725,2024,991512725,2,9,0,-1,4,5,1,-1,0,1,0,0,0,0,2,1,-1,6,2,66,10,998,1,10,KIA PICANTO,-1,-1,0,-1
2024111536402,2024,111536402,1,9,0,-1,5,8,4,-1,0,8,0,0,0,0,1,1,-1,9,2,70,10,1248,1,4,KIA PICANTO,5,E01020882,0,1
202454A565424,2024,54A565424,2,9,0,18,19,5,1,0,0,1,0,0,0,0,1,1,6,6,2,42,7,998,1,4,KIA PICANTO,5,E01015554,0,1
2024340NN4002,2024,340NN4002,1,9,0,-1,9,5,2,-1,0,8,0,0,0,0,2,1,-1,9,2,65,9,1086,1,15,KIA PICANTO,9,E01027099,0,1
2024061491059,2024,061491059,2,9,0,-1,2,0,0,-1,0,0,0,0,0,0,2,1,-1,9,2,85,11,998,1,9,KIA PICANTO,-1,-1,0,-1
2024471428129,2024,471428129,1,9,0,-1,19,7,3,-1,0,0,0,4,0,0,1,1,-1,6,2,38,7,998,1,0,KIA PICANTO,2,E01021119,0,2
2024061520103,2024,061520103,1,9,0,-1,9,7,4,-1,0,8,0,0,0,0,3,1,-1,6,2,20,4,998,1,6,KIA PICANTO,4,E01006228,0,1
2024201447333,2024,201447333,1,9,0,-1,19,6,2,-1,0,0,0,0,0,0,1,1,-1,9,2,31,6,998,1,1,KIA PICANTO,3,E01008973,0,2
2024211474286,2024,211474286,1,9,0,-1,19,3,7,-1,0,1,0,0,0,0,4,1,-1,2,2,23,5,1248,1,12,KIA PICANTO,1,E01014249,0,1
2024451441964,2024,451441964,1,9,0,-1,19,7,3,-1,0,0,0,0,0,0,4,1,-1,9,1,29,6,1248,1,6,KIA PICANTO,1,E01006249,0,5
2024010521065,2024,010521065,1,9,0,18,19,5,1,0,0,6,0,0,0,0,2,1,6,6,2,42,7,1248,1,5,KIA PICANTO,-1,-1,0,-1
2024451498342,2024,451498342,1,9,0,-1,19,5,1,-1,0,0,0,0,0,0,2,1,-1,9,1,89,11,1248,1,6,KIA PICANTO,10,E01030919,0,3
2024440219417,2024,440219417,1,9,0,9,9,1,7,0,0,8,0,0,0,0,1,1,6,6,1,79,11,1086,1,14,KIA PICANTO,8,E01017287,0,1
2024311458977,2024,311458977,2,9,0,-1,19,1,5,-1,0,8,0,0,0,0,3,1,-1,9,1,76,11,998,1,10,KIA PICANTO,3,E01028297,0,1
2024201429114,2024,201429114,2,9,0,-1,19,6,2,-1,0,0,0,0,0,0,2,1,-1,6,2,70,10,998,1,1,KIA PICANTO,-1,-1,0,-1
2024991484219,2024,991484219,1,9,0,-1,9,8,6,-1,0,8,0,0,0,0,2,1,-1,6,2,19,4,1248,1,9,KIA PICANTO,2,-1,0,1
2024332400567,2024,332400567,2,9,0,-1,13,1,5,-1,0,0,0,0,0,0,4,1,-1,6,1,-1,-1,999,1,14,KIA PICANTO,-1,-1,0,-1
2024430154944,2024,430154944,1,9,0,18,19,2,7,0,0,0,0,0,0,0,1,1,6,6,2,45,7,1248,1,10,KIA PICANTO,-1,-1,0,-1
2024361454238,2024,361454238,2,9,0,-1,19,4,8,-1,0,8,0,0,0,0,1,1,-1,2,2,29,6,1248,1,9,KIA PICANTO,-1,-1,0,-1
2024122400101,2024,122400101,3,9,0,18,19,1,5,0,0,0,0,0,0,0,2,1,1,1,2,30,6,998,1,8,KIA PICANTO,10,E01027721,0,1
2024061517623,2024,061517623,3,9,0,-1,19,7,3,-1,0,0,1,0,0,0,1,1,-1,2,1,50,8,998,1,0,KIA PICANTO,-1,-1,0,-1
2024010508402,2024,010508402,1,9,0,4,4,1,5,0,0,1,0,0,0,0,1,1,6,6,2,18,4,1248,1,5,KIA PICANTO,10,E01023550,0,2
2024041501837,2024,041501837,2,9,0,-1,19,1,5,-1,0,0,0,0,0,0,1,1,-1,9,1,79,11,1086,1,19,KIA PICANTO,3,E01025076,0,2
202454D780524,2024,54D780524,1,9,0,9,9,7,5,0,0,8,0,0,0,0,3,1,2,2,2,72,10,1248,1,5,KIA PICANTO,8,E01022209,0,3
2024061499392,2024,061499392,1,9,0,-1,-1,-1,-1,-1,-1,-1,-1,-1,-1,0,-1,2,-1,6,3,-1,-1,998,1,2,KIA PICANTO,-1,-1,0,-1
2024141519532,2024,141519532,2,9,0,-1,5,4,8,-1,0,6,0,0,0,0,1,1,-1,9,2,86,11,1086,1,14,KIA PICANTO,5,E01008080,0,1
2024501513203,2024,501513203,2,9,0,-1,19,2,6,-1,0,2,0,0,0,0,3,1,-1,6,2,75,10,999,1,13,KIA PICANTO,6,E01018826,0,1
2024111423215,2024,111423215,1,9,0,-1,19,5,1,-1,0,0,0,0,0,0,1,1,-1,6,3,30,6,998,1,8,KIA PICANTO,-1,-1,0,-1
2024991522961,2024,991522961,1,9,0,-1,4,5,1,-1,0,1,0,0,0,0,1,1,-1,9,1,78,11,998,1,3,KIA PICANTO,8,-1,0,4
2024061487419,2024,061487419,1,9,0,-1,19,6,2,-1,0,0,0,0,0,0,1,1,-1,9,1,57,9,998,1,13,KIA PICANTO,2,E01004906,0,1
2024451407487,2024,451407487,2,9,0,-1,5,8,4,-1,0,1,1,0,0,0,1,1,-1,2,1,28,6,1086,1,14,KIA PICANTO,8,E01002966,0,1
2024201395058,2024,201395058,2,9,0,-1,3,2,6,-1,0,2,0,0,0,0,2,1,-1,6,2,67,10,1248,1,6,KIA PICANTO,2,E01010064,0,1
2024122400293,2024,122400293,2,9,0,18,19,2,7,0,0,6,0,0,0,0,1,1,6,6,1,29,6,1086,1,14,KIA PICANTO,6,E01013383,0,1
2024010519883,2024,010519883,2,9,0,12,12,5,1,0,0,0,0,0,0,0,3,1,6,6,2,43,7,998,1,1,KIA PICANTO,6,E01001964,0,2
2024010505488,2024,010505488,1,9,0,99,99,9,9,99,99,9,9,99,9,99,9,9,6,6,2,25,5,999,1,15,KIA PICANTO,4,E01001323,0,1
2024131453826,2024,131453826,3,9,0,-1,19,5,1,-1,0,0,0,0,0,0,2,1,-1,1,1,19,4,998,1,1,KIA PICANTO,2,E01011028,0,1
2024440097066,2024,440097066,1,9,0,18,19,5,1,0,0,1,1,0,7,1,1,1,2,2,1,46,8,998,1,2,KIA PICANTO,2,E01022819,0,3
2024451492370,2024,451492370,2,9,0,-1,19,7,3,-1,0,6,0,0,0,0,1,1,-1,6,1,21,5,998,1,1,KIA PICANTO,4,E01030816,0,3
2024131481817,2024,131481817,2,9,0,-1,19,3,7,-1,0,8,0,0,0,0,3,1,-1,6,2,81,11,1248,1,4,KIA PICANTO,8,E01011710,0,1
2024430569770,2024,430569770,1,9,0,18,19,4,8,0,0,4,0,0,0,0,1,1,6,6,1,-1,-1,1248,1,7,KIA PICANTO,7,E01016248,0,1
2024991474466,2024,991474466,2,9,0,-1,19,6,2,-1,0,0,0,0,0,0,1,9,-1,6,2,76,11,998,1,0,KIA PICANTO,6,-1,0,2
2024131412635,2024,131412635,1,9,0,-1,9,1,3,-1,0,1,0,0,0,0,1,1,-1,6,2,69,10,999,1,15,KIA PICANTO,4,E01010878,0,1
2024010539819,2024,010539819,1,9,0,9,9,3,1,0,0,6,0,0,0,0,3,1,6,6,2,38,7,1248,1,6,KIA PICANTO,9,E01002464,0,4
2024461443889,2024,461443889,2,9,0,-1,19,4,3,-1,0,0,1,0,0,0,2,9,-1,6,2,37,7,998,1,9,KIA PICANTO,2,E01024263,0,2
202417M207124,2024,17M207124,1,9,0,-1,9,8,6,-1,0,8,0,0,0,0,3,1,-1,9,2,30,6,1248,1,6,KIA PICANTO,1,E01012089,0,1
2024010545517,2024,010545517,1,9,0,18,19,3,7,0,0,0,0,7,1,10,4,1,6,6,2,89,11,998,1,6,KIA PICANTO,5,E01004644,0,1
2024141535103,2024,141535103,1,9,0,-1,10,8,4,-1,0,1,0,0,0,0,1,1,-1,6,2,23,5,1248,1,7,KIA PICANTO,4,E01019526,0,3
2024201482162,2024,201482162,1,9,0,-1,19,6,2,-1,0,0,0,0,0,0,1,9,-1,1,1,63,9,998,1,10,KIA PICANTO,9,E01010257,0,2
2024061442527,2024,061442527,2,9,0,-1,9,3,7,-1,0,1,5,0,0,0,4,1,-1,6,2,30,6,998,1,3,KIA PICANTO,3,E01006009,0,2
2024991428484,2024,991428484,3,9,0,-1,4,3,7,-1,0,1,0,0,0,0,2,1,-1,6,2,33,6,1248,1,12,KIA PICANTO,8,-1,0,2
2024440087333,2024,440087333,2,9,0,18,19,2,6,0,0,8,0,0,0,0,4,1,6,6,2,79,11,998,1,1,KIA PICANTO,3,E01017228,0,1
2024351445534,2024,351445534,2,9,0,-1,19,7,3,-1,0,0,0,0,1,9,2,1,-1,6,1,64,9,999,1,13,KIA PICANTO,6,E01013787,0,4
2024041453611,2024,041453611,2,9,0,-1,19,5,1,-1,0,1,0,0,0,0,1,1,-1,1,2,49,8,998,1,4,KIA PICANTO,1,E01025283,0,1
2024421413979,2024,421413979,1,9,0,-1,7,4,7,-1,0,1,0,0,0,0,1,1,-1,6,2,69,10,1086,1,13,KIA PICANTO,5,E01022014,0,2
2024411425285,2024,411425285,4,9,0,-1,19,5,1,-1,0,0,0,0,0,0,2,1,-1,6,2,53,8,998,1,5,KIA PICANTO,9,E01023731,0,3
2024430541428,2024,430541428,1,9,0,18,19,5,1,0,0,1,0,0,0,0,1,1,3,7,1,53,8,999,1,14,KIA PICANTO,8,E01017788,0,2
2024221455741,2024,221455741,2,9,0,-1,9,1,7,-1,0,5,0,0,0,0,4,1,-1,6,2,34,6,1086,1,18,KIA PICANTO,5,E01028890,0,3
2024070986946,2024,070986946,1,9,0,-1,9,5,1,-1,0,5,0,0,0,0,4,1,-1,1,2,37,7,1086,1,14,KIA PICANTO,2,E01018484,0,1
2024141403950,2024,141403950,2,9,0,-1,9,5,3,-1,0,6,0,0,0,0,1,1,-1,6,2,23,5,1248,1,10,KIA PICANTO,6,E01033261,0,3
2024010514137,2024,010514137,1,9,0,18,19,3,7,1,1,0,0,0,0,0,3,1,6,6,2,19,4,998,1,7,KIA PICANTO,3,E01000725,0,3
2024211527996,2024,211527996,1,9,0,-1,9,4,1,-1,0,5,0,0,0,0,1,1,-1,9,2,82,11,998,1,2,KIA PICANTO,3,E01029487,0,1
2024010505198,2024,010505198,2,9,0,18,19,4,8,0,0,2,0,0,0,0,2,1,2,2,1,56,9,1086,1,19,KIA PICANTO,1,E01021311,0,4
2024461430325,2024,461430325,2,9,0,-1,2,0,0,-1,-1,0,0,0,0,0,2,9,-1,9,2,33,6,1248,1,8,KIA PICANTO,7,E01024097,0,1
2024421438189,2024,421438189,2,9,0,-1,4,2,6,-1,0,4,0,0,0,0,2,9,-1,9,1,19,4,1248,1,9,KIA PICANTO,5,E01021443,0,3
2024302401478,2024,302401478,1,9,0,16,19,6,2,0,0,0,0,0,1,3,4,1,6,6,1,17,4,998,1,11,KIA PICANTO,3,E01019858,0,3
2024041516504,2024,041516504,1,9,0,-1,19,5,3,-1,0,0,0,0,0,0,4,1,-1,9,1,40,7,998,1,5,KIA PICANTO,9,E01025165,0,1
2024501526082,2024,501526082,1,9,0,-1,19,6,2,-1,0,0,0,0,0,0,1,1,-1,2,2,23,5,998,1,11,KIA PICANTO,2,E01015170,0,1
2024501533811,2024,501533811,3,9,0,-1,19,2,6,-1,0,0,0,4,5,6,2,1,-1,6,1,60,9,1248,1,5,KIA PICANTO,5,E01018831,0,4
2024010507940,2024,010507940,2,9,0,99,99,9,9,99,99,9,9,99,9,99,1,9,6,6,3,-1,-1,998,1,9,KIA PICANTO,-1,-1,0,-1
2024991442975,2024,991442975,1,9,0,-1,19,4,2,-1,0,8,0,0,1,1,1,1,-1,9,1,20,4,998,1,6,KIA PICANTO,2,-1,0,1
2024131431379,2024,131431379,2,9,0,-1,19,2,6,-1,0,0,0,0,0,0,3,1,-1,2,1,21,5,998,1,5,KIA PICANTO,8,E01010568,0,1
2024320390828,2024,320390828,2,9,0,-1,-1,8,4,0,0,8,0,0,0,0,1,1,-1,-1,2,62,9,1248,1,8,KIA PICANTO,9,E01026289,0,1
2024401476496,2024,401476496,4,9,0,-1,2,0,0,-1,0,0,0,4,0,0,2,1,-1,6,-1,-1,-1,998,1,7,KIA PICANTO,-1,-1,0,-1
2024041492545,2024,041492545,1,9,0,-1,19,7,3,-1,0,0,0,0,0,0,1,1,-1,1,1,73,10,1086,1,14,KIA PICANTO,3,E01025063,0,1
2024501484188,2024,501484188,2,9,0,-1,9,1,6,-1,0,8,0,0,0,0,3,1,-1,2,2,29,6,998,1,3,KIA PICANTO,8,E01020027,0,2
2024440394300,2024,440394300,1,9,0,3,3,2,6,0,0,0,0,0,0,0,1,1,6,6,2,25,5,1086,1,18,KIA PICANTO,3,E01030432,0,1
2024211528143,2024,211528143,1,9,0,-1,5,1,5,-1,0,0,0,0,0,0,1,1,-1,6,2,73,10,998,1,0,KIA PICANTO,-1,-1,0,-1
2024131534921,2024,131534921,2,9,0,-1,19,1,1,-1,0,1,0,0,0,0,1,1,-1,9,2,31,6,998,1,1,KIA PICANTO,8,E01010971,0,1
2024071004430,2024,071004430,1,9,0,-1,19,3,7,-1,0,0,0,0,0,0,1,1,-1,6,1,26,6,999,1,13,KIA PICANTO,2,E01012480,0,4
2024543142824,2024,543142824,2,9,0,17,19,2,6,0,0,0,0,0,0,0,3,1,6,6,1,91,11,1248,1,5,KIA PICANTO,6,E01032037,0,1
2024041459322,2024,041459322,1,9,0,-1,19,5,1,-1,0,1,0,0,0,0,1,1,-1,6,1,80,11,1248,1,8,KIA PICANTO,1,E01025049,0,2
2024351481839,2024,351481839,3,9,0,-1,19,7,3,-1,0,0,0,0,0,0,2,1,-1,6,1,67,10,998,1,6,KIA PICANTO,8,E01018159,0,1
2024141476842,2024,141476842,1,9,0,-1,19,1,5,-1,0,3,0,0,0,0,4,1,-1,2,2,27,6,998,1,6,KIA PICANTO,8,E01034243,0,1
2024461461178,2024,461461178,1,9,0,-1,9,1,5,-1,0,0,0,0,0,0,4,1,-1,6,2,27,6,1248,1,6,KIA PICANTO,2,E01024155,0,1
2024141424051,2024,141424051,6,9,0,-1,19,3,7,-1,0,1,0,0,0,0,1,1,-1,6,2,57,9,998,1,8,KIA PICANTO,10,E01011113,0,2
2024131448641,2024,131448641,1,9,0,-1,7,4,8,-1,0,1,0,0,0,0,4,1,-1,6,1,21,5,998,1,12,KIA PICANTO,1,E01011370,0,1
2024010535067,2024,010535067,2,9,0,99,99,9,9,99,99,9,9,99,9,99,1,9,6,6,3,-1,-1,998,1,6,KIA PICANTO,-1,-1,0,-1
2024421458935,2024,421458935,1,9,0,-1,19,3,7,-1,0,0,0,0,2,0,1,1,-1,6,1,44,7,999,1,14,KIA PICANTO,4,E01015825,0,1
2024440502054,2024,440502054,1,9,0,9,9,7,5,0,0,6,0,0,0,0,1,1,2,2,2,62,9,1248,1,9,KIA PICANTO,5,E01022543,0,3
2024122400440,2024,122400440,1,9,0,18,19,8,4,0,0,2,0,0,0,0,1,1,6,6,1,68,10,1086,1,15,KIA PICANTO,5,E01034971,0,1
2024320224373,2024,320224373,1,9,0,-1,-1,8,4,0,0,0,5,0,7,0,1,1,-1,-1,1,62,9,998,1,3,KIA PICANTO,5,E01026373,0,3
2024010542118,2024,010542118,1,9,0,6,6,5,5,0,0,1,0,0,0,0,0,1,6,6,1,24,5,998,1,12,KIA PICANTO,3,E01034146,0,1
2024471536515,2024,471536515,4,9,0,-1,19,2,6,-1,0,0,0,0,1,9,3,1,-1,9,2,21,5,998,1,6,KIA PICANTO,10,E01031678,0,4
2024471422480,2024,471422480,1,9,0,-1,19,3,7,-1,0,0,0,4,0,0,1,1,-1,9,2,47,8,1248,1,12,KIA PICANTO,3,E01021050,0,3
2024440010155,2024,440010155,1,9,0,18,19,2,6,0,0,0,0,4,7,11,1,1,6,6,2,77,11,1086,1,19,KIA PICANTO,4,E01017271,0,1
2024101456590,2024,101456590,1,9,0,-1,9,5,2,-1,0,1,0,0,0,0,1,1,-1,6,1,40,7,1086,1,19,KIA PICANTO,6,E01008411,0,1
2024010532091,2024,010532091,1,9,0,99,99,9,9,99,99,9,9,99,9,99,9,9,6,6,1,19,4,998,1,2,KIA PICANTO,4,E01004426,0,1
2024311482111,2024,311482111,1,9,0,-1,9,5,1,-1,0,0,0,0,0,0,1,1,-1,9,1,19,4,998,1,9,KIA PICANTO,4,E01028158,0,1
2024991481923,2024,991481923,2,9,0,-1,2,0,0,-1,0,1,0,0,0,0,2,1,-1,6,-1,-1,-1,1248,1,7,KIA PICANTO,-1,-1,0,-1
2024440459885,2024,440459885,1,9,0,5,5,7,3,0,0,8,0,0,0,0,0,1,6,6,2,77,11,998,1,0,KIA PICANTO,9,E01022600,0,1
2024552401256,2024,552401256,1,9,0,18,19,4,8,0,0,0,0,0,1,10,1,1,6,6,2,44,7,1086,1,20,KIA PICANTO,6,E01020433,0,4
2024371474778,2024,371474778,2,9,0,-1,19,7,3,-1,0,0,5,0,0,0,1,1,-1,2,1,66,10,1086,1,14,KIA PICANTO,7,E01029911,0,4
2024061421173,2024,061421173,1,9,0,-1,10,5,3,-1,0,5,0,0,0,0,1,1,-1,1,2,40,7,1248,1,6,KIA PICANTO,2,E01011754,0,4
2024440249388,2024,440249388,1,9,0,18,19,1,5,0,0,0,5,7,0,0,1,1,6,6,1,74,10,998,1,10,KIA PICANTO,10,E01023207,0,1
2024201487517,2024,201487517,1,9,0,-1,5,6,2,-1,0,1,0,0,0,0,1,2,-1,6,2,20,4,998,1,11,KIA PICANTO,2,E01009091,0,1
2024211516718,2024,211516718,1,9,0,-1,7,6,1,-1,0,5,0,0,0,0,3,2,-1,6,2,69,10,998,1,1,KIA PICANTO,8,E01029432,0,1
2024451518733,2024,451518733,2,9,0,-1,9,5,2,-1,0,6,0,0,0,0,1,1,-1,7,2,42,7,998,1,10,KIA PICANTO,10,E01030425,0,1
2024501431163,2024,501431163,1,9,0,-1,19,1,5,-1,0,0,0,0,1,10,1,9,-1,9,2,26,6,999,1,15,KIA PICANTO,4,E01018924,0,3
2024010516770,2024,010516770,1,9,0,99,99,9,9,99,99,9,9,99,9,99,1,9,2,2,2,62,9,998,1,1,KIA PICANTO,4,E01034601,0,2
2024122401148,2024,122401148,2,9,0,3,3,7,3,0,0,0,0,0,0,0,2,1,6,6,2,57,9,998,1,5,KIA PICANTO,9,E01034762,0,1
2024461512978,2024,461512978,1,9,0,-1,19,7,3,-1,0,4,0,0,0,0,3,9,-1,9,1,70,10,998,1,0,KIA PICANTO,1,E01024621,0,1
2024522402750,2024,522402750,1,9,0,9,9,5,2,0,0,4,0,0,0,0,3,1,6,6,2,30,6,1086,1,19,KIA PICANTO,4,E01014576,0,1
2024522401967,2024,522401967,1,9,0,18,19,2,6,0,0,1,0,0,0,0,1,1,6,6,2,18,4,999,1,15,KIA PICANTO,7,E01035218,0,2
2024451486641,2024,451486641,1,9,0,-1,19,6,3,-1,0,3,5,0,0,0,4,1,-1,9,1,29,6,1086,1,16,KIA PICANTO,6,E01030842,0,4
202454E574224,2024,54E574224,1,9,0,9,9,8,6,0,0,5,0,0,0,0,1,1,6,6,1,65,9,1086,1,14,KIA PICANTO,2,E01015506,0,1
2024991428574,2024,991428574,1,9,0,-1,19,4,8,-1,0,0,0,0,0,0,1,2,-1,9,2,40,7,998,1,1,KIA PICANTO,3,-1,0,5
2024041523625,2024,041523625,2,9,0,-1,5,3,7,-1,0,0,0,0,0,0,2,1,-1,9,2,44,7,1248,1,9,KIA PICANTO,8,E01024869,0,4
2024332400871,2024,332400871,2,9,0,-1,4,1,5,-1,0,0,0,0,0,0,2,1,-1,6,2,20,4,1248,1,5,KIA PICANTO,7,E01025626,0,1
2024010544988,2024,010544988,2,9,0,7,7,3,6,0,0,1,0,0,0,0,4,1,6,6,2,29,6,1248,1,6,KIA PICANTO,8,E01030859,0,2
2024451427615,2024,451427615,1,9,0,-1,19,3,7,-1,0,4,0,0,0,0,1,1,-1,6,1,53,8,1086,1,17,KIA PICANTO,10,E01030308,0,1
2024211535270,2024,211535270,1,9,0,-1,15,1,5,-1,0,0,0,0,0,0,1,2,-1,6,1,33,6,999,1,14,KIA PICANTO,2,E01029447,0,1
2024471536561,2024,471536561,1,9,0,-1,19,3,6,-1,0,0,0,0,0,0,3,1,-1,9,1,56,9,1248,1,5,KIA PICANTO,9,E01031683,0,2
2024320191573,2024,320191573,1,9,0,-1,-1,6,2,0,0,0,0,0,0,0,1,1,-1,-1,2,21,5,998,1,11,KIA PICANTO,5,E01026438,0,5
2024430441069,2024,430441069,2,9,0,18,19,2,6,0,0,1,0,0,0,0,1,1,6,6,1,-1,-1,1086,1,18,KIA PICANTO,-1,-1,0,-1
2024440365113,2024,440365113,2,9,0,18,19,4,8,0,0,1,0,0,0,0,1,1,6,6,3,-1,-1,998,1,10,KIA PICANTO,-1,-1,0,-1
2024141454484,2024,141454484,1,9,0,-1,7,8,2,-1,0,6,0,4,0,0,3,1,-1,9,1,87,11,998,1,2,KIA PICANTO,2,E01007397,0,1
2024461399690,2024,461399690,1,9,0,-1,9,2,8,-1,0,6,0,0,0,0,3,1,-1,6,2,48,8,1248,1,12,KIA PICANTO,2,E01001603,0,3
2024501500424,2024,501500424,1,9,0,-1,19,4,8,-1,0,2,0,0,0,0,1,1,-1,2,2,30,6,998,1,12,KIA PICANTO,6,E01020159,0,5
2024631507627,2024,631507627,2,9,0,-1,19,8,3,-1,0,8,1,0,1,10,3,1,-1,2,1,25,5,998,1,6,KIA PICANTO,4,W01000542,0,2
2024010506793,2024,010506793,1,9,0,3,3,7,3,99,99,9,9,99,0,0,2,9,2,2,2,31,6,1248,1,11,KIA PICANTO,5,E01002244,0,2
2024440258094,2024,440258094,1,9,0,11,11,5,1,0,0,8,0,0,0,0,4,1,6,6,2,34,6,998,1,3,KIA PICANTO,2,E01017182,0,1
2024430087468,2024,430087468,1,9,0,18,19,2,6,0,0,0,1,0,7,11,4,1,6,6,1,53,8,1086,1,15,KIA PICANTO,9,E01023352,0,2
2024421405949,2024,421405949,3,9,0,-1,2,0,0,-1,9,0,0,0,0,0,1,9,-1,6,-1,-1,-1,998,1,3,KIA PICANTO,-1,-1,0,-1
2024471485697,2024,471485697,1,9,0,-1,7,3,5,-1,0,6,0,0,0,0,1,1,-1,6,2,19,4,1248,1,7,KIA PICANTO,3,E01031366,0,4
2024041532591,2024,041532591,1,9,0,-1,19,5,1,-1,0,0,0,0,0,0,1,1,-1,6,2,83,11,999,1,14,KIA PICANTO,9,E01024937,0,1
2024320522233,2024,320522233,1,9,0,-1,-1,6,2,0,0,1,0,0,0,0,1,1,6,6,1,71,10,1086,1,13,KIA PICANTO,2,E01026165,0,1
2024010511149,2024,010511149,1,9,9,99,99,9,9,99,99,9,9,99,9,99,2,9,6,6,1,20,4,998,1,3,KIA PICANTO,4,E01001484,0,1
2024501533177,2024,501533177,2,9,0,-1,19,5,3,-1,0,8,0,0,0,0,1,1,-1,6,1,30,6,1248,1,5,KIA PICANTO,2,E01015216,0,1