collision_index,collision_year,collision_ref_no,vehicle_reference,vehicle_type,towing_and_articulation,vehicle_manoeuvre_historic,vehicle_manoeuvre,vehicle_direction_from,vehicle_direction_to,vehicle_location_restricted_lane_historic,vehicle_location_restricted_lane,junction_location,skidding_and_overturning,hit_object_in_carriageway,vehicle_leaving_carriageway,hit_object_off_carriageway,first_point_of_impact,vehicle_left_hand_drive,journey_purpose_of_driver_historic,journey_purpose_of_driver,sex_of_driver,age_of_driver,age_band_of_driver,engine_capacity_cc,propulsion_code,age_of_vehicle,generic_make_model,driver_imd_decile,lsoa_of_driver,escooter_flag,driver_distance_banding
2024451477572,2024,451477572,2,9,0,-1,7,6,1,-1,0,8,0,0,0,0,4,1,-1,9,2,63,9,1248,1,7,KIA PICANTO,8,E01030813,0,1
2024440214761,2024,440214761,2,9,0,2,2,0,0,0,0,0,0,0,0,0,2,1,6,6,3,-1,-1,1086,1,16,KIA PICANTO,-1,-1,0,-1
2024991498267,2024,991498267,2,9,0,-1,19,7,3,-1,0,0,0,0,0,0,1,1,-1,6,2,52,8,998,1,7,KIA PICANTO,7,-1,0,1
2024991476980,2024,991476980,1,9,0,-1,7,1,3,-1,0,1,0,0,0,0,1,1,-1,9,1,55,8,998,1,1,KIA PICANTO,2,-1,0,4
2024471502950,2024,471502950,2,9,0,-1,19,1,6,-1,0,0,0,0,0,0,2,1,-1,9,1,29,6,998,1,8,KIA PICANTO,9,E01030453,0,4
2024361544944,2024,361544944,1,9,0,-1,19,8,6,-1,0,1,0,0,0,0,1,1,-1,9,1,77,11,998,1,10,KIA PICANTO,7,E01026536,0,1
2024010495537,2024,010495537,1,9,0,18,19,3,7,0,0,0,0,0,0,0,1,1,6,6,2,71,10,1248,1,5,KIA PICANTO,8,E01023312,0,2
2024211470597,2024,211470597,2,9,0,-1,3,6,2,-1,0,0,0,0,0,0,1,1,-1,9,2,33,6,998,1,12,KIA PICANTO,3,E01029787,0,1
2024411489107,2024,411489107,2,9,0,-1,2,0,0,-1,0,0,0,0,0,0,2,1,-1,6,2,56,9,1248,1,6,KIA PICANTO,7,E01023736,0,1
2024501461420,2024,501461420,2,9,0,-1,4,8,4,-1,0,0,0,0,1,0,2,1,-1,9,2,18,4,1086,1,16,KIA PICANTO,9,E01020092,0,1
2024991467312,2024,991467312,1,9,0,-1,19,6,2,-1,0,8,0,0,0,0,4,1,-1,9,1,66,10,998,1,5,KIA PICANTO,4,E01035193,0,5
2024201531583,2024,201531583,5,9,0,-1,19,1,1,-1,9,0,1,0,0,0,1,1,-1,6,2,26,6,1248,1,13,KIA PICANTO,2,E01010061,0,2
2024010505178,2024,010505178,1,9,0,99,99,9,9,99,99,9,9,99,9,99,2,9,6,6,2,45,7,998,1,1,KIA PICANTO,3,E01002413,0,1
2024320766568,2024,320766568,1,9,0,-1,-1,1,3,0,0,0,1,0,1,9,4,1,-1,-1,1,71,10,1248,1,4,KIA PICANTO,2,E01026050,0,2
2024071005844,2024,071005844,1,9,0,-1,19,3,7,-1,0,0,0,0,0,0,1,1,-1,6,1,75,10,998,1,0,KIA PICANTO,2,E01006479,0,3
2024231437901,2024,231437901,1,9,0,-1,19,5,3,-1,0,0,2,10,1,11,4,1,-1,9,2,63,9,998,1,1,KIA PICANTO,8,E01035035,0,3
2024010524406,2024,010524406,1,9,0,18,19,5,1,0,0,1,1,4,0,0,1,1,6,6,1,51,8,998,1,0,KIA PICANTO,2,E01000386,0,1
2024451459841,2024,451459841,2,9,0,-1,19,5,1,-1,0,0,0,0,0,0,2,1,-1,2,1,24,5,1248,1,12,KIA PICANTO,9,E01030947,0,1
2024461429366,2024,461429366,1,9,0,-1,12,3,7,-1,0,0,0,0,0,0,1,1,-1,2,1,19,4,998,1,1,KIA PICANTO,9,E01006095,0,5
2024531459208,2024,531459208,1,9,0,-1,19,1,5,-1,0,8,5,0,7,10,4,1,-1,2,1,40,7,1086,1,18,KIA PICANTO,2,E01032932,0,3
2024340WN6682,2024,340WN6682,2,9,0,-1,19,7,5,-1,0,2,1,0,0,0,3,1,-1,2,2,22,5,1248,1,8,KIA PICANTO,10,E01035419,0,1
2024631431204,2024,631431204,2,9,0,-1,4,6,2,-1,0,0,0,0,0,0,2,1,-1,2,2,19,4,998,1,2,KIA PICANTO,4,W01000809,0,3
2024461442114,2024,461442114,1,9,0,-1,19,7,3,-1,0,0,0,0,0,0,1,1,-1,9,2,20,4,1086,1,18,KIA PICANTO,9,E01024104,0,3
2024991506635,2024,991506635,2,9,0,-1,19,2,5,-1,0,0,0,0,0,0,1,1,-1,1,2,25,5,998,1,6,KIA PICANTO,6,-1,0,1
2024440290302,2024,440290302,1,9,0,18,19,4,1,0,0,1,0,0,0,0,1,1,6,6,2,79,11,998,1,2,KIA PICANTO,7,E01023208,0,4
2024552500144,2024,552500144,3,9,0,18,19,4,8,0,0,0,0,0,7,10,1,1,6,6,2,51,8,1248,1,9,KIA PICANTO,10,E01020463,0,1
2024131497877,2024,131497877,1,9,0,-1,1,1,5,-1,0,0,0,0,0,0,2,1,-1,9,2,88,11,999,1,15,KIA PICANTO,8,E01011509,0,1
2024010511541,2024,010511541,1,9,0,99,99,9,9,99,99,9,9,99,9,99,1,9,6,6,1,31,6,998,1,13,KIA PICANTO,5,E01001512,0,1
2024401448910,2024,401448910,1,9,0,-1,19,5,1,-1,0,0,0,0,0,0,1,1,-1,6,2,38,7,1248,1,9,KIA PICANTO,9,E01033824,0,1
2024061486859,2024,061486859,2,9,0,-1,19,7,3,-1,0,1,0,0,0,0,3,1,-1,6,1,22,5,1086,1,16,KIA PICANTO,-1,-1,0,-1
2024131462771,2024,131462771,1,9,0,-1,9,1,5,-1,0,8,0,0,0,0,1,1,-1,9,2,21,5,1248,1,9,KIA PICANTO,1,E01010610,0,1
2024421440554,2024,421440554,1,9,0,-1,8,5,6,-1,0,4,0,0,0,0,3,1,-1,6,2,24,5,998,1,4,KIA PICANTO,10,E01021710,0,1
2024061503078,2024,061503078,2,9,0,-1,19,-1,-1,-1,4,4,0,0,0,0,4,1,-1,6,2,-1,-1,998,1,12,KIA PICANTO,-1,-1,0,-1
2024320409446,2024,320409446,2,9,0,-1,-1,8,4,0,0,8,0,0,0,0,3,1,-1,-1,2,22,5,1248,1,5,KIA PICANTO,2,-1,0,5
2024461429564,2024,461429564,2,9,0,-1,19,8,4,-1,0,8,0,0,0,0,4,9,-1,9,2,27,6,998,1,6,KIA PICANTO,2,E01016102,0,1
2024501456778,2024,501456778,1,9,0,-1,9,3,7,-1,0,1,0,0,0,0,2,1,-1,9,2,70,10,1086,1,15,KIA PICANTO,2,E01019990,0,1
2024522402551,2024,522402551,1,9,0,7,7,4,6,0,0,6,0,0,0,0,2,1,6,6,1,34,6,999,1,14,KIA PICANTO,3,E01014569,0,1
2024501455462,2024,501455462,1,9,0,-1,9,2,8,-1,0,8,0,0,0,0,4,1,-1,9,1,90,11,1086,1,14,KIA PICANTO,4,E01015241,0,1
2024221447714,2024,221447714,3,9,0,-1,4,1,5,-1,0,0,0,0,0,0,2,9,-1,6,2,68,10,998,1,2,KIA PICANTO,4,E01028978,0,4
2024131479530,2024,131479530,2,9,0,-1,2,0,0,-1,-1,0,1,0,0,0,2,1,-1,6,-1,-1,-1,998,1,12,KIA PICANTO,-1,-1,0,-1
2024141497194,2024,141497194,1,9,0,-1,19,3,8,-1,0,0,0,7,1,2,1,1,-1,9,1,77,11,999,1,13,KIA PICANTO,7,E01008140,0,1
2024340WN1602,2024,340WN1602,1,9,0,-1,9,5,3,-1,0,5,0,0,0,0,4,1,-1,6,2,29,6,1086,1,15,KIA PICANTO,2,E01027151,0,1
2024361415862,2024,361415862,2,9,-1,-1,-1,-1,-1,-1,-1,-1,-1,-1,-1,0,-1,9,-1,2,2,48,8,998,1,10,KIA PICANTO,2,E01026600,0,1
2024010550002,2024,010550002,1,9,0,99,99,9,9,99,99,9,9,99,9,99,9,9,6,6,1,30,6,1248,1,11,KIA PICANTO,2,E01000015,0,1
2024041529365,2024,041529365,1,9,0,-1,19,1,5,-1,0,1,0,0,0,0,1,1,-1,9,2,17,4,998,1,10,KIA PICANTO,7,E01025322,0,4
2024052400496,2024,052400496,1,9,0,18,19,7,3,0,0,0,0,0,0,0,1,1,6,6,1,37,7,998,1,9,KIA PICANTO,3,E01006878,0,1
2024201497548,2024,201497548,2,9,0,-1,5,5,1,-1,0,8,1,0,0,0,3,1,-1,6,2,55,8,998,1,0,KIA PICANTO,10,E01010191,0,1
2024161521810,2024,161521810,1,9,0,-1,19,1,5,-1,0,8,1,0,0,0,3,1,-1,7,1,46,8,1086,1,16,KIA PICANTO,1,E01012856,0,1
202454F078924,2024,54F078924,1,9,0,18,19,8,4,0,0,0,0,4,0,0,1,1,6,6,2,38,7,1248,1,5,KIA PICANTO,7,E01033842,0,1
2024010530924,2024,010530924,1,9,0,99,99,9,9,99,99,9,9,99,9,99,9,9,6,6,3,-1,-1,998,1,2,KIA PICANTO,-1,-1,0,-1
2024311529730,2024,311529730,1,9,0,-1,9,6,4,-1,0,1,0,0,0,0,4,2,-1,6,2,71,10,998,1,7,KIA PICANTO,-1,-1,0,-1
2024052402594,2024,052402594,1,9,0,18,19,7,3,0,0,4,0,0,0,0,1,1,6,6,2,26,6,1248,1,5,KIA PICANTO,5,E01006488,0,2
2024311462392,2024,311462392,1,9,0,-1,9,2,7,-1,0,0,0,0,0,0,1,1,-1,6,2,37,7,1248,1,8,KIA PICANTO,1,E01013825,0,1
202417M107824,2024,17M107824,1,9,0,-1,1,1,5,-1,0,1,0,0,0,0,2,1,-1,9,1,30,6,999,1,14,KIA PICANTO,1,E01035190,0,1
2024211428831,2024,211428831,1,9,0,-1,19,5,1,-1,0,8,0,0,0,0,1,1,-1,6,1,80,11,998,1,12,KIA PICANTO,8,E01010565,0,1
202417M105024,2024,17M105024,1,9,0,18,19,2,6,0,0,0,0,0,0,0,1,1,6,6,1,60,9,998,1,10,KIA PICANTO,2,E01012080,0,1
2024041509242,2024,041509242,2,9,0,-1,19,1,5,-1,0,1,0,0,0,0,4,1,-1,9,2,26,6,998,1,10,KIA PICANTO,2,E01025578,0,1
2024131483975,2024,131483975,2,9,0,-1,19,6,1,-1,0,0,0,0,0,0,4,1,-1,9,2,50,8,999,1,18,KIA PICANTO,2,E01011137,0,3
2024211493880,2024,211493880,2,9,0,-1,2,0,0,-1,0,1,0,0,0,0,3,1,-1,6,2,-1,-1,998,1,2,KIA PICANTO,2,E01014248,0,1
2024440239580,2024,440239580,1,9,0,18,19,7,3,0,0,0,0,0,2,4,1,1,1,1,2,35,6,1086,1,18,KIA PICANTO,5,E01022810,0,1
2024320325665,2024,320325665,1,9,0,-1,-1,7,3,0,0,0,0,0,0,0,1,1,-1,-1,1,71,10,1248,1,10,KIA PICANTO,10,E01026294,0,1
2024440461041,2024,440461041,1,9,0,3,3,5,1,0,0,1,0,0,0,0,2,1,6,6,2,55,8,1197,1,0,KIA PICANTO,3,E01022732,0,3
2024411504453,2024,411504453,1,9,0,-1,5,3,7,-1,0,0,0,9,0,0,1,1,-1,6,1,55,8,1086,1,16,KIA PICANTO,6,E01023462,0,3
2024010526819,2024,010526819,2,9,0,2,2,0,0,0,0,0,0,0,0,0,0,1,6,6,3,-1,-1,1086,1,15,KIA PICANTO,-1,-1,0,-1
2024070823788,2024,070823788,1,9,9,-1,9,5,1,-1,0,6,0,0,0,0,1,9,-1,6,1,22,5,998,1,3,KIA PICANTO,-1,-1,0,-1
2024052402400,2024,052402400,2,9,0,18,19,6,2,0,0,8,0,0,0,0,1,1,6,6,1,19,4,998,1,10,KIA PICANTO,2,E01006477,0,1
2024010503767,2024,010503767,2,9,0,5,5,0,5,0,0,0,0,0,0,0,3,1,6,6,1,20,4,998,1,13,KIA PICANTO,2,E01004222,0,1
2024061461357,2024,061461357,1,9,0,-1,2,5,8,-1,0,0,0,0,0,0,0,1,-1,9,2,72,10,1248,1,7,KIA PICANTO,-1,-1,0,-1
2024461520430,2024,461520430,2,9,0,-1,19,7,3,-1,0,0,0,0,0,0,2,1,-1,6,1,62,9,998,1,2,KIA PICANTO,4,E01024287,0,3
2024061432882,2024,061432882,2,9,0,-1,19,2,7,-1,0,0,1,0,1,0,3,1,-1,9,1,87,11,998,1,9,KIA PICANTO,2,E01005371,0,2
2024052401572,2024,052401572,1,9,0,18,19,5,1,0,0,1,0,0,3,11,1,1,6,6,1,83,11,998,1,12,KIA PICANTO,1,E01006693,0,1
2024531430681,2024,531430681,2,9,0,-1,19,7,3,-1,0,8,0,0,0,0,1,1,-1,2,2,20,4,1248,1,13,KIA PICANTO,9,E01022308,0,1
2024070798279,2024,070798279,1,9,0,-1,9,5,3,-1,0,1,0,0,0,0,1,1,-1,2,2,38,7,998,1,3,KIA PICANTO,2,E01012459,0,1
2024501485202,2024,501485202,1,9,0,-1,19,1,5,-1,0,0,0,0,6,2,2,1,-1,6,2,85,11,1248,1,5,KIA PICANTO,8,E01019915,0,1
2024320257027,2024,320257027,1,9,0,-1,-1,6,2,0,0,0,0,0,0,0,3,1,-1,-1,2,62,9,998,1,0,KIA PICANTO,6,E01026151,0,1
2024302400359,2024,302400359,1,9,0,17,19,6,3,0,0,0,2,0,1,9,1,1,6,6,1,29,6,1098,1,48,MAKE AND MODEL REDACTED,6,E01019545,0,4
2024421444998,2024,421444998,1,19,0,-1,19,8,5,-1,0,1,0,11,0,0,4,1,-1,7,2,42,7,-1,3,0,MAKE AND MODEL REDACTED,-1,-1,0,-1
2024010543423,2024,010543423,2,9,9,99,99,9,9,99,99,0,9,99,9,99,9,9,6,6,3,-1,-1,-1,3,2,MAKE AND MODEL REDACTED,-1,-1,0,-1
2024430464497,2024,430464497,2,9,0,4,4,5,7,0,0,4,0,0,0,0,2,1,6,6,1,59,9,5439,1,17,MERCEDES SL CLASS,8,E01027304,0,3
2024461498510,2024,461498510,1,9,0,-1,5,4,8,-1,0,8,0,0,0,0,4,1,-1,2,1,64,9,3724,1,18,MERCEDES SL CLASS,6,E01024790,0,4
2024122400122,2024,122400122,1,9,0,17,19,1,5,0,0,0,0,0,0,0,1,1,6,6,1,67,10,5461,1,18,MERCEDES SL CLASS,10,E01023269,0,5
2024311519361,2024,311519361,1,9,0,-1,19,5,1,-1,0,1,0,0,0,0,1,1,-1,9,1,36,7,2996,1,9,MERCEDES SL CLASS,3,E01028212,0,2
2024411463432,2024,411463432,1,9,0,-1,4,8,4,-1,0,0,0,0,0,0,2,1,-1,6,1,61,9,2996,1,9,MERCEDES SL CLASS,10,E01017749,0,3
2024010546123,2024,010546123,1,9,0,9,9,5,3,0,0,6,0,0,0,0,3,1,6,6,1,61,9,4966,1,20,MERCEDES SL CLASS,8,E01001994,0,1
2024010503664,2024,010503664,1,9,0,4,4,1,5,0,0,1,0,0,0,0,0,1,6,6,1,44,7,3724,1,20,MERCEDES SL CLASS,9,E01002892,0,1
2024471505220,2024,471505220,1,9,0,-1,9,5,4,-1,0,0,0,0,0,0,2,1,-1,9,1,33,6,3498,1,18,MERCEDES SL CLASS,1,E01002907,0,4
2024631511985,2024,631511985,2,9,0,-1,19,7,4,-1,0,8,0,0,0,0,1,1,-1,9,1,51,8,4663,1,11,MERCEDES SL CLASS,10,W01001670,0,4
2024221474031,2024,221474031,1,9,0,-1,19,5,1,-1,0,0,0,4,1,0,1,1,-1,9,1,70,10,4973,1,26,MERCEDES SL CLASS,5,E01014063,0,1
2024501501658,2024,501501658,1,9,0,-1,5,4,8,-1,0,0,0,0,0,0,3,1,-1,1,1,50,8,3498,1,11,MERCEDES SL CLASS,6,E01022940,0,5
2024522401282,2024,522401282,2,19,0,18,19,8,4,0,0,1,0,0,0,0,1,1,6,6,3,-1,-1,2268,2,5,MITSUBISHI L200,-1,-1,0,-1
2024501433641,2024,501433641,1,19,0,-1,1,1,5,-1,5,0,0,0,0,0,3,1,-1,6,1,44,7,2442,2,5,MITSUBISHI L200,5,E01019043,0,1
2024501526158,2024,501526158,2,19,0,-1,13,8,4,-1,0,1,0,0,0,0,4,1,-1,6,1,64,9,2477,2,10,MITSUBISHI L200,4,E01018979,0,1
2024340NN3992,2024,340NN3992,2,19,0,-1,19,7,3,-1,0,3,0,0,0,0,4,1,-1,6,3,-1,-1,2442,2,8,MITSUBISHI L200,-1,-1,0,-1
2024552400309,2024,552400309,1,19,0,5,5,1,5,0,0,4,0,0,0,0,1,1,6,6,2,57,9,2477,2,18,MITSUBISHI L200,6,E01020441,0,2
2024440502011,2024,440502011,1,19,0,18,19,1,5,0,0,1,0,0,0,0,2,1,2,2,1,24,5,2477,2,13,MITSUBISHI L200,5,E01031860,0,3
2024501417598,2024,501417598,1,19,4,-1,19,5,1,-1,0,0,2,0,7,10,1,1,-1,9,1,61,9,2477,2,18,MITSUBISHI L200,4,E01020301,0,4
2024070849757,2024,070849757,2,19,0,-1,4,2,6,-1,0,1,0,0,0,0,2,1,-1,9,1,36,7,2477,2,10,MITSUBISHI L200,4,E01029537,0,4
2024101500532,2024,101500532,2,19,0,-1,19,7,3,-1,0,8,0,0,0,0,1,1,-1,6,1,36,7,2477,2,11,MITSUBISHI L200,1,E01027426,0,4
2024221486301,2024,221486301,3,9,5,-1,3,1,5,-1,0,0,0,0,0,0,3,1,-1,6,2,73,10,2500,2,23,MITSUBISHI L200,4,E01028859,0,2
2024052402185,2024,052402185,1,19,0,18,19,1,5,0,0,0,0,0,0,0,1,1,6,6,1,38,7,2477,2,9,MITSUBISHI L200,1,E01007289,0,1
2024131436435,2024,131436435,1,19,0,-1,-1,-1,-1,-1,-1,-1,-1,-1,-1,-1,-1,1,-1,6,3,-1,-1,2477,2,12,MITSUBISHI L200,-1,-1,0,-1
2024440222109,2024,440222109,2,19,0,18,19,6,2,0,0,1,0,0,0,0,1,1,6,6,1,37,7,2442,2,7,MITSUBISHI L200,9,E01022991,0,2
2024520403189,2024,520403189,1,19,0,16,19,2,6,0,0,0,1,0,1,9,4,1,6,6,1,23,5,2268,2,4,MITSUBISHI L200,5,E01029154,0,1
2024991438001,2024,991438001,3,19,0,-1,8,7,1,-1,0,1,0,0,0,0,1,1,-1,2,1,68,10,2268,2,4,MITSUBISHI L200,5,-1,0,4
2024991453062,2024,991453062,2,19,0,-1,19,8,5,-1,0,0,0,0,0,0,2,1,-1,6,1,57,9,2477,2,11,MITSUBISHI L200,-1,-1,0,-1
2024501408589,2024,501408589,1,19,0,-1,19,3,6,-1,0,1,5,0,0,0,4,9,-1,1,1,31,6,2442,2,6,MITSUBISHI L200,7,E01019960,0,2
2024161501321,2024,161501321,2,3,0,-1,19,3,7,-1,0,8,0,0,0,0,1,1,-1,6,1,20,4,125,1,0,MAKE AND MODEL REDACTED,1,E01013296,0,1
2024991472843,2024,991472843,3,9,0,-1,3,8,4,-1,0,1,0,0,0,0,2,9,-1,9,1,25,5,-1,3,2,POLESTAR 2,9,-1,0,3
2024522403075,2024,522403075,1,9,0,7,7,1,2,0,0,6,0,0,0,0,1,1,6,6,1,49,8,-1,3,3,POLESTAR 2,6,E01014439,0,3
2024101515149,2024,101515149,2,9,0,-1,19,1,5,-1,0,0,0,0,0,0,2,1,-1,1,1,55,8,-1,3,1,POLESTAR 2,7,E01027438,0,3
2024201515322,2024,201515322,2,9,0,-1,3,7,2,-1,0,0,0,0,0,0,2,1,-1,6,1,64,9,-1,3,1,POLESTAR 2,8,E01032532,0,2
2024501406715,2024,501406715,2,9,0,-1,19,5,1,-1,0,4,0,0,0,0,1,1,-1,2,1,53,8,-1,3,3,POLESTAR 2,9,E01034857,0,3
2024010516821,2024,010516821,1,9,0,99,99,9,9,99,99,0,9,99,9,99,2,9,6,6,1,35,6,-1,3,1,POLESTAR 2,-1,-1,0,-1
2024221446074,2024,221446074,2,9,0,-1,19,5,1,-1,0,0,0,0,1,0,1,1,-1,6,1,59,9,-1,3,1,POLESTAR 2,-1,-1,0,-1
2024531407382,2024,531407382,1,9,0,-1,9,5,2,-1,0,8,0,0,0,0,3,1,-1,2,1,62,9,-1,3,2,POLESTAR 2,9,E01028783,0,4
2024010512838,2024,010512838,2,9,0,99,99,9,9,99,99,9,9,99,9,99,9,9,6,6,3,-1,-1,-1,3,1,POLESTAR 2,-1,-1,0,-1
2024361525817,2024,361525817,1,9,0,-1,19,1,5,-1,0,0,1,0,7,4,3,1,-1,2,1,21,5,-1,3,3,POLESTAR 2,5,E01026725,0,1
2024501504585,2024,501504585,1,9,0,-1,19,3,7,-1,0,0,0,0,4,0,1,2,-1,6,1,39,7,-1,3,0,POLESTAR 2,2,E01012431,0,5
2024340NN3612,2024,340NN3612,3,9,0,-1,19,5,1,-1,0,0,0,0,1,0,3,1,-1,9,1,62,9,-1,3,3,POLESTAR 2,7,E01032078,0,5
2024991449090,2024,991449090,2,9,0,-1,9,4,2,-1,0,4,0,0,0,0,0,1,-1,6,1,43,7,-1,3,2,POLESTAR 2,3,-1,0,1
2024461410858,2024,461410858,2,9,0,-1,19,1,5,-1,0,2,0,0,0,0,3,1,-1,9,1,44,7,-1,3,1,POLESTAR 2,10,E01021151,0,3
2024211426527,2024,211426527,1,9,0,-1,19,4,8,-1,0,1,0,0,0,0,2,1,-1,6,1,38,7,-1,3,2,POLESTAR 2,4,E01014245,0,1
2024131458432,2024,131458432,1,9,0,-1,4,5,1,-1,0,0,0,0,0,0,2,1,-1,6,1,38,7,-1,3,3,POLESTAR 2,2,E01011298,0,1
2024010512140,2024,010512140,1,9,0,18,19,5,1,0,0,0,0,0,0,0,1,1,2,2,1,28,6,-1,3,1,POLESTAR 2,3,E01001762,0,1
2024201424250,2024,201424250,2,9,0,-1,3,6,2,-1,0,1,0,0,0,0,3,1,-1,9,1,24,5,-1,3,1,POLESTAR 2,10,E01029678,0,2
2024010547255,2024,010547255,3,9,0,2,2,0,0,0,0,2,0,0,0,0,2,1,6,6,3,-1,-1,-1,3,2,POLESTAR 2,-1,-1,0,-1
2024052400307,2024,052400307,1,9,0,18,19,4,8,0,0,8,0,0,0,0,1,1,6,6,1,54,8,-1,3,1,POLESTAR 2,9,E01012562,0,4
2024131520006,2024,131520006,3,9,0,-1,19,7,3,-1,0,0,0,0,0,0,2,1,-1,2,1,63,9,-1,3,0,POLESTAR 2,1,E01026112,0,5
2024052400572,2024,052400572,1,9,0,18,19,1,5,0,0,8,0,0,0,0,4,1,6,6,1,30,6,-1,3,2,POLESTAR 2,2,E01006786,0,3
2024440376739,2024,440376739,3,9,0,18,19,3,7,0,0,1,0,0,1,1,1,1,6,6,1,52,8,-1,3,2,POLESTAR 2,7,E01022690,0,1
2024010530281,2024,010530281,2,9,0,7,7,3,5,0,0,6,0,10,1,10,3,1,1,1,1,32,6,-1,3,1,POLESTAR 2,8,E01000678,0,3
2024411394714,2024,411394714,1,9,0,-1,3,1,5,-1,0,0,0,0,0,0,3,9,-1,6,1,43,7,-1,3,0,POLESTAR 2,9,E01026998,0,4
2024231498993,2024,231498993,1,9,0,-1,19,2,6,-1,0,6,0,0,0,0,1,1,-1,9,1,60,9,-1,3,1,POLESTAR 2,-1,-1,0,-1
2024201513666,2024,201513666,1,9,0,-1,5,5,1,-1,0,8,0,0,0,0,1,1,-1,6,1,50,8,-1,3,4,POLESTAR 2,8,E01031286,0,3
2024430019401,2024,430019401,1,9,0,18,19,8,4,0,0,6,0,0,0,0,3,1,6,6,2,27,6,-1,3,3,POLESTAR 2,6,E01017922,0,2
2024010537507,2024,010537507,2,9,0,18,19,3,7,0,0,8,0,0,0,0,1,1,6,6,2,34,6,-1,3,1,POLESTAR 2,2,E01001979,0,2
2024061487118,2024,061487118,1,9,0,-1,3,7,3,-1,0,0,0,0,0,0,1,1,-1,6,1,34,6,-1,3,4,POLESTAR 2,5,E01033988,0,1
2024430115038,2024,430115038,1,9,0,18,19,2,6,7,6,0,0,0,0,0,1,1,3,7,2,46,8,-1,3,2,POLESTAR 2,5,E01016577,0,1
2024991514921,2024,991514921,4,9,0,-1,4,5,1,-1,0,0,0,0,0,0,2,1,-1,6,1,34,6,-1,3,2,POLESTAR 2,9,-1,0,4
2024501518364,2024,501518364,2,9,0,-1,13,7,3,-1,0,0,0,0,0,0,4,1,-1,1,1,42,7,-1,3,1,POLESTAR 2,9,E01033236,0,3
2024461412229,2024,461412229,2,9,0,-1,19,3,7,-1,0,0,1,0,0,0,4,9,-1,9,2,38,7,-1,3,2,POLESTAR 2,6,E01024013,0,4
2024430380410,2024,430380410,1,9,0,18,19,2,6,0,0,1,1,0,0,0,1,1,6,6,1,-1,-1,-1,3,1,POLESTAR 2,6,E01016502,0,1
2024461487030,2024,461487030,1,9,0,-1,19,5,1,-1,0,0,0,0,1,4,1,1,-1,9,1,46,8,-1,3,1,POLESTAR 2,9,E01024431,0,1
2024471433278,2024,471433278,3,9,0,-1,19,7,3,-1,0,8,0,11,1,0,1,1,-1,2,2,28,6,-1,3,1,POLESTAR 2,6,E01031614,0,3
2024991430213,2024,991430213,1,9,0,-1,4,3,7,-1,0,1,0,0,0,0,1,1,-1,1,1,50,8,-1,3,1,POLESTAR 2,9,-1,0,3
2024131505841,2024,131505841,1,9,0,-1,19,2,6,-1,0,3,0,0,0,0,2,1,-1,9,1,42,7,-1,3,1,POLESTAR 2,3,E01010601,0,1
2024461511660,2024,461511660,1,9,0,-1,19,5,1,-1,0,1,1,0,1,0,1,1,-1,9,1,25,5,-1,3,1,POLESTAR 2,4,E01034155,0,4
2024010514363,2024,010514363,2,9,0,3,3,7,3,0,0,1,0,0,0,0,1,9,6,6,1,-1,-1,-1,3,1,POLESTAR 2,-1,-1,0,-1
2024461534189,2024,461534189,2,9,0,-1,19,1,5,-1,0,1,0,0,7,4,1,1,-1,2,1,33,6,-1,3,0,POLESTAR 2,8,E01021088,0,3
2024010543864,2024,010543864,1,9,0,18,19,1,5,0,0,2,0,0,0,0,3,1,1,1,1,32,6,-1,3,1,POLESTAR 2,8,E01004553,0,1
2024991418938,2024,991418938,1,9,0,-1,19,5,8,-1,0,0,0,0,0,0,1,1,-1,6,1,26,6,-1,3,2,POLESTAR 2,-1,-1,0,-1
2024451526775,2024,451526775,2,9,0,-1,7,2,3,-1,0,2,0,0,0,0,3,1,-1,2,1,52,8,-1,3,3,POLESTAR 2,8,E01021225,0,4
2024461396670,2024,461396670,1,9,0,-1,19,5,5,-1,0,0,0,0,0,0,1,9,-1,9,2,40,7,-1,3,3,POLESTAR 2,9,E01032821,0,1
2024010529201,2024,010529201,1,8,0,3,3,3,7,0,0,4,0,0,7,0,2,1,1,1,1,37,7,-1,3,1,POLESTAR 2,2,E01000018,0,4
2024141525793,2024,141525793,1,9,0,-1,19,4,8,-1,0,0,0,0,0,0,1,1,-1,2,1,49,8,-1,3,2,POLESTAR 2,5,E01007894,0,1
2024052401495,2024,052401495,1,9,0,5,5,3,7,0,0,0,0,0,0,0,1,1,6,6,2,69,10,-1,3,0,POLESTAR 2,1,E01006762,0,1
2024302401032,2024,302401032,1,9,0,9,9,6,4,0,0,8,0,0,0,0,3,1,6,6,1,64,9,-1,3,1,POLESTAR 2,4,E01019529,0,1
2024010525918,2024,010525918,2,9,0,4,4,3,7,0,0,0,0,0,0,0,1,1,6,6,1,41,7,-1,3,1,POLESTAR 2,3,E01033594,0,1
2024471417287,2024,471417287,2,9,0,-1,19,5,1,-1,0,0,2,0,7,0,4,1,-1,1,1,44,7,-1,3,1,POLESTAR 2,10,E01021228,0,2
2024010504349,2024,010504349,1,9,0,18,19,6,2,0,0,8,0,0,0,0,4,1,2,2,1,41,7,-1,3,3,POLESTAR 2,2,E01002851,0,1