collision_index,collision_year,collision_ref_no,vehicle_reference,vehicle_type,towing_and_articulation,vehicle_manoeuvre_historic,vehicle_manoeuvre,vehicle_direction_from,vehicle_direction_to,vehicle_location_restricted_lane_historic,vehicle_location_restricted_lane,junction_location,skidding_and_overturning,hit_object_in_carriageway,vehicle_leaving_carriageway,hit_object_off_carriageway,first_point_of_impact,vehicle_left_hand_drive,journey_purpose_of_driver_historic,journey_purpose_of_driver,sex_of_driver,age_of_driver,age_band_of_driver,engine_capacity_cc,propulsion_code,age_of_vehicle,generic_make_model,driver_imd_decile,lsoa_of_driver,escooter_flag,driver_distance_banding
2024201470060,2024,201470060,1,9,0,-1,9,4,2,-1,0,2,0,0,0,0,4,1,-1,6,1,65,9,1360,1,28,MAKE AND MODEL REDACTED,1,E01009480,0,1
2024010529783,2024,010529783,2,9,0,9,9,2,8,0,0,6,0,0,0,0,4,1,6,6,2,22,5,1200,1,8,DS DS3,8,E01001024,0,1
2024471428452,2024,471428452,1,9,0,-1,19,5,1,-1,0,0,0,0,0,0,1,1,-1,1,1,60,9,1200,1,7,DS DS3,9,E01016985,0,1
2024141508538,2024,141508538,2,9,0,-1,3,8,4,-1,0,4,0,0,1,4,3,1,-1,6,2,64,9,1560,2,9,DS DS3,9,E01011939,0,2
2024461497046,2024,461497046,1,9,0,-1,9,5,5,-1,0,6,0,0,0,0,1,1,-1,6,2,63,9,1200,1,8,DS DS3,7,E01016028,0,1
2024440433128,2024,440433128,1,9,0,18,19,1,5,0,0,4,0,0,0,0,1,2,6,6,1,18,4,1200,1,8,DS DS3,9,E01022743,0,1
2024010539607,2024,010539607,2,8,0,6,6,1,1,0,0,8,0,0,0,0,3,1,1,1,1,52,8,-1,3,4,DS DS3,5,E01032742,0,1
2024991493690,2024,991493690,1,9,0,-1,19,1,5,-1,0,2,0,0,0,0,2,1,-1,6,2,59,9,1560,2,8,DS DS3,-1,-1,0,-1
2024201407296,2024,201407296,2,9,0,-1,5,2,4,-1,0,4,0,0,0,0,2,1,-1,6,2,57,9,1200,1,8,DS DS3,1,E01009964,0,1
2024421476519,2024,421476519,2,9,0,-1,19,7,3,-1,0,8,1,0,1,0,1,2,-1,6,1,17,4,1560,2,9,DS DS3,8,E01035160,0,2
2024421404049,2024,421404049,3,9,0,-1,19,5,1,-1,0,0,0,0,0,0,3,1,-1,6,1,56,9,1560,2,6,DS DS3,6,E01021406,0,4
2024201453021,2024,201453021,1,9,0,-1,19,8,4,-1,0,8,0,0,0,0,1,1,-1,6,1,26,6,1200,1,7,DS DS3,1,E01009101,0,2
2024141463631,2024,141463631,1,9,0,-1,19,4,1,-1,0,8,0,0,0,0,1,9,-1,6,2,27,6,1200,1,8,DS DS3,6,E01007706,0,2
2024010504878,2024,010504878,2,9,0,1,1,7,3,0,0,9,0,0,0,0,2,1,6,6,3,-1,-1,-1,3,1,DS DS3,-1,-1,0,-1
2024101529473,2024,101529473,2,9,0,-1,19,1,5,-1,0,0,0,4,0,0,1,1,-1,6,2,48,8,-1,3,2,DS DS3,5,E01008196,0,1
2024501529409,2024,501529409,2,9,0,-1,2,0,0,-1,-1,0,0,0,0,0,2,1,-1,6,1,22,5,1200,1,8,DS DS3,10,E01023949,0,5
2024451414096,2024,451414096,1,9,0,-1,11,5,1,-1,0,0,0,0,0,0,1,1,-1,9,1,71,10,1200,1,6,DS DS3,6,E01031826,0,4
2024451406998,2024,451406998,1,9,0,-1,19,4,8,-1,0,0,0,0,0,0,1,1,-1,7,1,48,8,-1,3,3,DS DS3,4,E01030747,0,1
2024201553994,2024,201553994,1,9,0,-1,19,1,5,-1,0,0,0,0,0,0,4,1,-1,9,2,39,7,1200,1,9,DS DS3,3,E01033893,0,1
2024411466397,2024,411466397,3,9,0,-1,3,6,2,-1,0,0,0,0,0,0,2,1,-1,9,2,64,9,1200,1,7,DS DS3,8,E01000256,0,2
2024451483979,2024,451483979,1,9,0,-1,4,7,3,-1,0,0,0,0,0,0,2,1,-1,9,1,46,8,1200,1,7,DS DS3,4,E01021269,0,4
2024010529607,2024,010529607,1,9,0,18,19,7,3,0,0,0,5,0,0,0,1,1,6,6,1,-1,-1,-1,3,1,DS DS3,-1,-1,0,-1
2024201495753,2024,201495753,1,9,0,-1,4,3,7,-1,0,1,0,0,0,0,1,9,-1,6,1,30,6,1199,1,1,DS DS3,-1,-1,0,-1
2024070717211,2024,070717211,3,9,0,-1,19,1,1,-1,0,4,0,0,0,0,2,1,-1,6,3,31,6,1560,2,9,DS DS3,3,E01006353,0,3
2024201462537,2024,201462537,1,9,0,-1,15,5,1,-1,0,0,0,0,0,0,3,1,-1,9,1,19,4,1560,2,9,DS DS3,4,E01010353,0,1
2024320391305,2024,320391305,1,9,0,-1,-1,1,5,9,9,6,0,0,0,0,1,1,-1,-1,2,37,7,1560,2,8,DS DS3,10,E01032993,0,1
2024141456072,2024,141456072,1,9,0,-1,19,5,1,-1,0,1,0,0,1,0,1,1,-1,9,2,35,6,1200,1,7,DS DS3,1,E01007373,0,1
2024101459297,2024,101459297,1,9,0,-1,19,3,7,-1,0,0,0,0,0,0,1,1,-1,6,2,29,6,1200,1,8,DS DS3,7,E01008197,0,1
2024451456564,2024,451456564,1,9,0,-1,19,5,1,-1,0,8,0,0,1,10,1,1,-1,6,1,51,8,1200,1,8,DS DS3,5,E01030531,0,2
2024501528094,2024,501528094,1,9,0,-1,19,3,7,-1,0,1,1,0,0,0,4,1,-1,2,2,24,5,1200,1,8,DS DS3,9,E01015126,0,1
2024211442924,2024,211442924,2,9,0,-1,19,1,5,-1,0,1,0,0,0,0,2,1,-1,9,2,37,7,1200,1,8,DS DS3,-1,-1,0,-1
2024461484112,2024,461484112,2,9,0,-1,19,1,5,-1,0,8,0,0,0,0,1,9,-1,6,2,29,6,1200,1,4,DS DS3,6,E01024425,0,1
2024631443990,2024,631443990,2,9,0,-1,4,5,1,-1,0,0,0,0,0,0,2,1,-1,1,2,48,8,1500,2,5,DS DS3,8,W01000573,0,1
2024010543211,2024,010543211,1,9,0,6,6,1,1,0,0,0,0,0,0,0,3,1,1,1,2,27,6,1200,1,4,DS DS3,8,E01004602,0,1
2024622400465,2024,622400465,1,9,0,18,19,8,3,0,0,0,0,0,0,0,1,1,6,6,1,23,5,1560,2,9,DS DS3,2,W01000994,0,3
2024302400173,2024,302400173,1,9,0,17,19,2,8,0,0,4,0,0,0,0,3,1,3,7,1,48,8,1500,2,4,DS DS3,8,E01004944,0,4
2024231496214,2024,231496214,2,9,0,-1,19,5,1,-1,0,8,0,0,0,0,3,9,-1,6,2,24,5,1200,1,7,DS DS3,10,E01031135,0,1
2024111408314,2024,111408314,2,9,0,-1,19,2,6,-1,0,0,0,0,1,10,3,1,-1,6,2,73,10,1200,1,7,DS DS3,3,E01020699,0,1
2024041480478,2024,041480478,2,9,0,-1,19,1,5,-1,0,1,0,0,0,0,4,2,-1,9,1,53,8,1560,2,8,DS DS3,3,E01025554,0,1
2024211413698,2024,211413698,1,9,0,-1,19,4,8,-1,0,0,2,11,1,4,1,1,-1,2,1,32,6,1200,1,9,DS DS3,9,E01014258,0,1
2024320004569,2024,320004569,1,9,0,17,19,4,2,0,0,2,0,12,0,0,1,1,2,2,1,58,9,1560,2,8,DS DS3,4,E01026336,0,4
2024411405176,2024,411405176,2,9,-1,-1,-1,-1,-1,-1,-1,0,-1,-1,-1,0,-1,9,-1,2,2,26,6,1200,1,8,DS DS3,5,E01021818,0,2
2024471430936,2024,471430936,2,9,0,-1,2,0,0,-1,0,0,0,4,0,0,3,1,-1,6,-1,-1,-1,1200,1,8,DS DS3,-1,-1,0,-1
2024421528543,2024,421528543,3,9,0,-1,9,1,4,-1,99,0,0,0,8,0,2,1,-1,7,1,23,5,1200,1,7,DS DS3,6,E01021980,0,2
2024440015260,2024,440015260,3,9,0,2,2,0,0,0,0,0,0,0,0,0,2,1,6,6,3,-1,-1,1560,2,9,DS DS3,-1,-1,0,-1
2024201415138,2024,201415138,1,9,0,-1,1,1,5,-1,9,6,0,0,0,0,2,9,-1,6,2,69,10,1200,1,7,DS DS3,1,E01009306,0,2
202460Q032452,2024,60Q032452,1,9,0,18,19,5,1,0,0,1,0,0,0,0,1,1,3,7,2,37,7,1560,2,8,DS DS3,-1,-1,0,-1
2024631460179,2024,631460179,3,9,0,-1,4,6,2,-1,0,0,0,0,0,0,0,1,-1,2,1,39,7,1560,2,7,DS DS3,1,W01000504,0,1
2024540113224,2024,540113224,2,9,0,3,3,5,1,0,0,0,0,0,0,0,2,1,1,1,2,43,7,1560,2,8,DS DS3,3,E01031912,0,2
2024052402769,2024,052402769,1,9,0,9,9,6,4,0,0,8,0,0,0,0,1,1,2,2,3,-1,-1,1199,1,2,DS DS3,-1,-1,0,-1
2024461500345,2024,461500345,1,9,0,-1,19,3,7,-1,0,0,0,0,0,0,1,2,-1,9,1,37,7,1560,2,6,DS DS3,-1,-1,0,-1
2024010501264,2024,010501264,1,9,0,18,19,3,7,0,0,0,0,0,0,0,3,1,6,6,2,28,6,1200,1,2,DS DS3,-1,-1,0,-1
2024461476707,2024,461476707,2,9,0,-1,3,1,5,-1,0,0,0,0,0,0,2,2,-1,2,2,24,5,1200,1,8,DS DS3,5,E01024595,0,4
202417M210824,2024,17M210824,2,9,0,-1,4,2,6,-1,0,0,0,0,0,0,2,1,-1,2,1,20,4,1200,1,8,DS DS3,6,E01012279,0,2
2024501483092,2024,501483092,2,9,0,-1,12,7,3,-1,0,0,0,0,0,0,1,1,-1,1,1,24,5,1200,1,7,DS DS3,4,E01020081,0,4
2024041462211,2024,041462211,2,9,0,-1,19,5,1,-1,0,8,0,0,0,0,3,1,-1,2,1,50,8,1200,1,8,DS DS3,5,E01006491,0,2
2024440302489,2024,440302489,1,9,0,9,9,5,3,0,0,1,0,0,0,0,3,1,2,2,2,24,5,1200,1,8,DS DS3,6,E01023118,0,1
2024061514913,2024,061514913,1,9,0,-1,5,5,1,-1,0,1,0,0,0,0,1,1,-1,2,1,61,9,1560,2,7,DS DS3,6,E01005560,0,1
2024320271524,2024,320271524,1,9,0,-1,-1,4,8,0,0,4,0,0,0,0,1,1,-1,-1,2,73,10,1200,1,8,DS DS3,3,E01026033,0,1
2024991420480,2024,991420480,2,9,0,-1,3,2,6,-1,0,1,0,0,0,0,2,1,-1,2,2,56,9,1598,1,7,DS DS3,9,-1,0,3
2024221514216,2024,221514216,1,9,0,-1,5,1,5,-1,0,8,0,0,0,0,1,1,-1,9,1,19,4,1200,1,7,DS DS3,9,E01022466,0,4
2024141424051,2024,141424051,4,9,0,-1,19,5,1,-1,0,1,0,0,0,0,1,1,-1,6,-1,-1,-1,1200,1,5,DS DS3,-1,-1,0,-1
2024361429550,2024,361429550,3,9,0,-1,19,5,1,-1,0,0,0,0,0,0,2,9,-1,6,1,24,5,1200,1,7,DS DS3,5,E01026676,0,3
2024010539093,2024,010539093,2,9,9,18,19,1,5,0,0,9,9,99,0,0,9,9,6,6,1,-1,-1,1200,1,5,DS DS3,5,E01000375,0,1
2024461410291,2024,461410291,1,9,0,-1,4,7,3,-1,0,0,0,0,0,0,1,1,-1,2,2,37,7,1200,1,7,DS DS3,6,E01024079,0,3
2024231519999,2024,231519999,2,9,0,-1,19,4,8,-1,0,8,0,0,0,0,1,1,-1,2,1,18,4,1200,1,9,DS DS3,10,E01031110,0,1
2024041520301,2024,041520301,1,9,0,-1,11,1,5,-1,0,0,0,0,0,0,1,1,-1,2,2,34,6,1560,2,8,DS DS3,4,E01012620,0,3
202417M115024,2024,17M115024,1,9,0,-1,4,5,1,-1,0,2,0,0,0,0,2,1,-1,9,1,45,7,1199,1,1,DS DS3,-1,-1,0,-1
2024041407414,2024,041407414,1,9,0,-1,19,1,3,-1,0,1,0,10,3,0,1,1,-1,6,2,20,4,1200,1,7,DS DS3,10,E01025341,0,2
2024320581307,2024,320581307,2,9,0,4,4,8,4,0,0,1,0,0,1,0,2,1,-1,-1,2,31,6,1200,1,8,DS DS3,4,E01026366,0,3
2024421521056,2024,421521056,1,9,0,-1,1,3,7,-1,0,0,0,0,0,0,2,1,-1,6,1,-1,-1,1200,1,9,DS DS3,-1,-1,0,-1
2024430610849,2024,430610849,1,9,0,18,19,-1,-1,0,0,0,0,0,0,0,4,1,6,6,2,47,8,1200,1,8,DS DS3,-1,-1,0,-1
2024461525006,2024,461525006,1,9,0,-1,7,1,5,-1,0,8,0,0,0,0,4,1,-1,2,1,44,7,1200,1,7,DS DS3,6,E01016167,0,1
2024440258361,2024,440258361,2,9,0,18,19,6,2,0,0,2,0,0,0,0,1,1,6,6,1,79,11,1200,1,8,DS DS3,9,E01023036,0,1
2024421500924,2024,421500924,2,9,0,-1,19,2,6,-1,0,0,0,0,0,0,2,1,-1,2,2,24,5,1200,1,5,DS DS3,2,E01000042,0,3
2024371395358,2024,371395358,2,9,0,-1,4,-1,-1,-1,1,0,0,0,0,0,2,1,-1,2,1,61,9,1200,1,8,DS DS3,7,E01030065,0,2
2024010538384,2024,010538384,2,9,0,3,3,5,1,0,0,2,0,0,0,0,2,1,6,6,2,57,9,1200,1,8,DS DS3,3,E01002753,0,1
2024161462906,2024,161462906,1,9,0,-1,2,0,0,-1,0,0,0,0,0,0,0,1,-1,6,1,25,5,1200,1,4,DS DS3,9,E01027597,0,4
2024041510072,2024,041510072,2,9,0,-1,19,3,7,-1,0,0,0,0,0,0,2,1,-1,2,2,36,7,1200,1,7,DS DS3,1,E01012589,0,2
2024201471412,2024,201471412,2,9,0,-1,19,8,3,-1,0,0,0,0,0,0,2,1,-1,6,2,26,6,1200,1,7,DS DS3,3,E01029349,0,3
2024991532861,2024,991532861,1,9,0,-1,11,1,5,-1,0,0,5,0,4,11,1,1,-1,6,2,31,6,1200,1,6,DS DS3,-1,-1,0,-1
2024622400686,2024,622400686,2,9,0,4,4,4,8,0,0,4,0,0,0,0,2,1,2,2,2,34,6,1500,2,4,DS DS3,5,W01000496,0,3
2024101509496,2024,101509496,1,9,0,-1,19,6,5,-1,0,5,0,11,0,0,1,1,-1,2,2,62,9,1200,1,7,DS DS3,1,E01008426,0,1
2024041400762,2024,041400762,1,9,0,-1,19,7,3,-1,0,0,0,0,1,4,1,1,-1,9,2,43,7,1560,2,9,DS DS3,1,E01025447,0,2
2024010501523,2024,010501523,1,9,0,4,4,7,3,9,9,0,0,0,1,11,2,1,6,6,2,59,9,-1,3,1,DS DS3,2,E01034477,0,2
2024351420977,2024,351420977,2,9,0,-1,19,4,8,-1,0,0,1,0,0,0,2,1,-1,6,1,33,6,1560,2,9,DS DS3,1,E01015603,0,1
2024544894824,2024,544894824,1,9,0,18,19,7,3,0,0,1,0,0,0,0,1,1,2,2,2,19,4,1200,1,2,DS DS3,6,E01031871,0,4
2024010548447,2024,010548447,2,9,0,99,99,9,9,99,99,9,9,99,9,99,1,9,6,6,1,39,7,1200,1,6,DS DS3,2,E01001634,0,1
2024061492984,2024,061492984,1,9,0,-1,9,1,3,-1,0,5,0,0,0,0,3,9,-1,9,1,63,9,-1,3,2,DS DS3,8,E01005277,0,1
2024041490539,2024,041490539,3,9,0,-1,19,5,1,-1,0,0,0,0,0,0,2,1,-1,2,2,54,8,1200,1,5,DS DS3,7,E01012597,0,3
2024451497036,2024,451497036,1,9,0,-1,9,2,8,-1,0,8,0,0,0,0,4,1,-1,9,1,35,6,1500,2,3,DS DS3,5,E01016483,0,3
2024010542068,2024,010542068,2,9,0,99,99,9,9,99,99,9,9,99,9,99,9,9,6,6,1,25,5,1200,1,3,DS DS3,3,E01003332,0,1
2024332400405,2024,332400405,1,9,0,-1,19,3,7,-1,0,8,0,0,7,0,1,1,-1,1,2,30,6,1200,1,7,DS DS3,6,E01025940,0,3
2024041411200,2024,041411200,1,9,0,-1,19,1,5,-1,0,0,0,0,0,0,1,1,-1,9,1,36,7,1200,1,8,DS DS3,4,E01031087,0,5
2024302500039,2024,302500039,1,9,0,-1,19,5,1,-1,0,0,0,12,0,0,0,1,-1,6,1,31,6,1199,1,2,DS DS3,4,E01001724,0,5
2024221529535,2024,221529535,1,9,0,-1,19,1,6,-1,0,1,0,0,0,0,1,9,-1,2,2,47,8,1200,1,8,DS DS3,3,E01028912,0,1
2024201473770,2024,201473770,2,9,0,-1,4,7,3,-1,0,1,0,0,0,0,3,1,-1,6,2,46,8,1560,2,8,DS DS3,1,E01009494,0,1
2024320151344,2024,320151344,2,9,0,-1,-1,8,4,0,0,0,0,0,0,0,1,1,6,6,2,77,11,1200,1,7,DS DS3,4,E01026082,0,2
2024201437950,2024,201437950,3,9,0,-1,3,2,6,-1,0,2,0,0,0,0,2,9,-1,6,1,67,10,1560,2,8,DS DS3,2,E01009885,0,1
2024141502939,2024,141502939,1,9,0,-1,15,2,6,-1,0,2,0,0,0,0,1,1,-1,9,2,62,9,1200,1,9,DS DS3,1,E01008022,0,1
2024411431887,2024,411431887,1,9,0,-1,19,4,1,-1,0,2,0,4,0,0,1,1,-1,9,1,47,8,1560,2,9,DS DS3,8,E01023391,0,1
2024101410366,2024,101410366,1,9,0,-1,19,1,5,-1,0,0,0,0,0,0,3,1,-1,6,2,76,11,1200,1,9,DS DS3,10,E01008271,0,1
2024052402627,2024,052402627,2,9,0,4,4,1,5,0,0,0,0,0,0,0,2,1,6,6,2,29,6,1200,1,6,DS DS3,9,E01025533,0,3
2024010528624,2024,010528624,3,9,0,18,19,1,5,0,0,2,0,0,0,0,2,1,6,6,2,35,6,1199,1,0,DS DS3,2,E01001250,0,1
2024411396263,2024,411396263,1,9,0,-1,19,-1,-1,-1,0,0,0,0,0,0,1,9,-1,9,3,-1,-1,1560,2,7,DS DS3,-1,-1,0,-1
2024101515149,2024,101515149,3,9,0,-1,19,1,5,-1,0,0,0,0,0,0,1,1,-1,1,2,42,7,1200,1,7,DS DS3,-1,-1,0,-1
2024211451788,2024,211451788,1,5,0,-1,7,8,3,-1,0,1,2,0,0,0,1,1,-1,6,2,57,9,1450,1,19,MAKE AND MODEL REDACTED,2,E01032896,0,1
2024131449560,2024,131449560,1,3,0,-1,19,5,5,-1,0,0,0,0,1,0,1,1,-1,6,1,17,4,125,1,15,HONDA CBF,3,E01011718,0,3
2024522500434,2024,522500434,1,5,0,18,19,5,1,0,0,8,0,0,0,0,1,1,6,6,1,47,8,599,1,15,HONDA CBF,10,E01014935,0,2
2024440007026,2024,440007026,2,5,0,3,3,5,1,0,0,1,0,0,0,0,2,1,6,6,1,24,5,599,1,20,HONDA CBF,3,E01023091,0,1
2024010513896,2024,010513896,3,4,0,13,13,5,1,0,0,0,5,0,0,0,1,1,6,6,1,27,6,499,1,17,HONDA CBF,3,E01001999,0,1
2024421430260,2024,421430260,2,3,0,-1,9,6,3,-1,0,3,0,0,0,0,4,1,-1,9,2,18,4,125,1,15,HONDA CBF,8,E01021405,0,1
2024061458892,2024,061458892,2,4,0,-1,19,7,3,-1,0,1,2,8,0,0,1,1,-1,9,2,36,7,599,1,18,HONDA CBF,-1,-1,0,-1
2024231431390,2024,231431390,1,5,0,-1,13,8,2,-1,0,4,1,0,7,10,1,1,-1,1,1,46,8,599,1,16,HONDA CBF,1,E01031043,0,2
2024471460147,2024,471460147,2,5,0,-1,13,3,7,-1,0,1,0,0,0,0,4,1,-1,9,1,51,8,998,1,18,HONDA CBF,5,E01031611,0,1
2024010532383,2024,010532383,1,5,0,99,99,9,9,99,99,1,9,99,9,99,9,1,1,1,1,20,4,599,1,15,HONDA CBF,5,E01016357,0,4
2024471465027,2024,471465027,1,3,0,-1,4,6,2,-1,0,0,0,0,1,0,1,1,-1,9,1,23,5,125,1,15,HONDA CBF,3,E01021090,0,1
2024231462743,2024,231462743,2,5,0,-1,13,2,6,-1,0,0,1,0,0,0,4,1,-1,6,1,64,9,599,1,16,HONDA CBF,4,E01032301,0,4
2024541676624,2024,541676624,2,5,0,18,19,1,5,0,0,6,0,0,0,0,1,1,6,6,1,29,6,998,1,17,HONDA CBF,7,E01031974,0,1
2024010538309,2024,010538309,1,4,0,12,12,5,1,0,0,1,0,0,0,0,3,1,6,6,1,82,11,286,1,0,HONDA CBF,10,E01003466,0,2
2024010510406,2024,010510406,1,4,0,18,19,1,5,0,0,8,0,0,0,0,1,1,6,6,1,36,7,286,1,1,HONDA CBF,4,E01004039,0,3
2024411521189,2024,411521189,2,5,0,-1,19,4,6,-1,0,3,0,0,0,0,3,1,-1,2,1,26,6,998,1,18,HONDA CBF,1,E01023536,0,2
2024010535838,2024,010535838,1,5,0,18,19,5,1,0,0,8,0,0,0,0,1,1,1,1,1,31,6,998,1,17,HONDA CBF,2,E01004185,0,1
2024010530833,2024,010530833,2,5,0,18,19,7,3,0,0,0,5,10,0,0,4,1,1,1,1,43,7,600,1,17,HONDA CBF,5,E01001275,0,2
2024631417745,2024,631417745,1,3,0,-1,19,4,8,-1,0,0,1,0,1,10,1,1,-1,9,2,38,7,125,1,16,HONDA CBF,1,W01001740,0,4
2024041474024,2024,041474024,2,4,0,-1,19,7,1,-1,0,0,0,0,0,0,3,1,-1,2,1,51,8,499,1,20,HONDA CBF,4,E01012604,0,3
2024302401446,2024,302401446,1,5,0,13,13,7,3,0,0,8,0,0,0,0,1,1,6,6,1,68,10,998,1,14,HONDA CBF,3,E01019569,0,1
2024471461075,2024,471461075,2,5,0,-1,19,5,1,-1,0,0,0,0,0,0,1,1,-1,9,1,22,5,600,1,19,HONDA CBF,3,E01031553,0,4
2024101493744,2024,101493744,1,5,0,-1,13,7,3,-1,0,0,0,0,1,0,1,1,-1,6,1,20,4,599,1,19,HONDA CBF,3,E01008763,0,2
2024320586656,2024,320586656,1,4,0,-1,-1,2,6,0,0,2,2,0,0,0,1,1,6,6,1,28,6,600,1,17,HONDA CBF,7,E01026191,0,2
2024010522758,2024,010522758,1,5,0,13,13,3,7,0,0,0,0,0,0,0,2,1,6,6,1,70,10,599,1,16,HONDA CBF,3,E01002064,0,3
2024361440042,2024,361440042,2,5,0,-1,19,5,7,-1,0,1,0,0,0,0,1,1,-1,6,1,60,9,998,1,18,HONDA CBF,5,E01026647,0,4
2024111427397,2024,111427397,1,3,0,-1,15,7,4,-1,0,1,0,0,0,0,1,1,-1,9,1,20,4,125,1,15,HONDA CBF,9,E01012346,0,1
2024552400949,2024,552400949,1,4,0,18,19,3,7,0,0,0,0,0,0,0,1,1,6,6,1,18,4,125,1,15,HONDA CBF,6,E01019003,0,5
2024531461932,2024,531461932,1,5,0,-1,19,5,1,-1,0,0,1,11,0,0,1,1,-1,6,1,63,9,998,1,16,HONDA CBF,1,E01015232,0,5
2024101408085,2024,101408085,2,4,0,-1,19,8,4,-1,0,0,0,0,0,0,4,1,-1,6,1,53,8,249,1,19,HONDA CBF,9,E01008580,0,1
2024531476154,2024,531476154,1,5,0,-1,19,5,1,-1,0,0,2,0,0,0,1,1,-1,9,1,34,6,599,1,19,HONDA CBF,2,W01001325,0,4
2024522402010,2024,522402010,1,5,0,15,15,3,7,0,0,0,0,0,0,0,1,1,6,6,1,61,9,998,1,10,HONDA CBF,2,E01014683,0,1
2024010519644,2024,010519644,2,4,0,99,99,9,9,99,99,9,9,99,9,99,1,1,2,2,2,40,7,286,1,0,HONDA CBF,2,E01001558,0,3
2024440175136,2024,440175136,1,3,0,18,19,8,4,0,0,8,0,0,0,0,1,1,6,6,1,17,4,125,1,15,HONDA CBF,6,E01017174,0,2
2024070578157,2024,070578157,2,5,0,18,19,2,6,0,0,8,0,0,0,0,1,1,6,6,1,43,7,998,1,18,HONDA CBF,1,E01012537,0,1
2024131443814,2024,131443814,2,3,0,-1,19,1,5,-1,0,8,0,4,0,0,1,1,-1,6,1,18,4,125,1,14,HONDA CBF,2,E01011900,0,2
2024010514405,2024,010514405,2,3,0,18,19,7,3,0,0,1,0,0,0,0,3,1,6,6,1,51,8,125,1,15,HONDA CBF,6,E01001897,0,1
2024471489658,2024,471489658,2,4,0,-1,19,7,3,-1,0,1,0,0,0,0,4,1,-1,6,1,49,8,499,1,20,HONDA CBF,1,E01016900,0,1
2024401513378,2024,401513378,2,5,0,-1,13,7,3,-1,0,0,0,0,0,0,4,1,-1,2,1,28,6,599,1,15,HONDA CBF,9,E01017603,0,1
2024461539343,2024,461539343,2,3,0,-1,19,1,5,-1,0,1,0,0,0,0,4,1,-1,9,1,20,4,125,1,15,HONDA CBF,1,E01024609,0,1
2024421498632,2024,421498632,2,5,0,-1,19,7,3,-1,0,1,5,0,0,0,1,1,-1,2,1,32,6,998,1,9,HONDA CBF,10,E01015910,0,2
2024010547764,2024,010547764,1,5,0,16,19,5,1,0,0,6,0,0,1,0,1,1,6,6,1,48,8,599,1,13,HONDA CBF,10,E01022596,0,4
2024522500342,2024,522500342,1,4,0,3,3,2,6,0,0,8,0,0,0,0,2,1,6,6,1,76,11,286,1,1,HONDA CBF,6,E01014487,0,3
2024991455016,2024,991455016,3,3,0,-1,19,7,2,-1,0,1,1,0,0,0,1,1,-1,9,1,42,7,125,1,14,HONDA CBF,-1,-1,0,-1
2024332400707,2024,332400707,1,4,0,-1,19,8,4,-1,0,0,0,0,0,0,1,1,-1,6,1,18,4,499,1,19,HONDA CBF,2,E01013624,0,1
2024010544088,2024,010544088,2,4,0,18,19,1,5,0,0,1,0,0,0,0,1,1,2,2,1,37,7,499,1,19,HONDA CBF,4,E01002048,0,1
2024430396465,2024,430396465,1,4,0,18,19,5,1,0,0,0,1,0,1,4,1,1,6,6,1,26,6,499,1,17,HONDA CBF,7,E01028690,0,1
2024010502999,2024,010502999,2,4,0,13,13,1,5,0,0,8,5,0,0,0,4,1,6,6,1,36,7,599,1,20,HONDA CBF,7,E01004173,0,2
2024010544150,2024,010544150,1,3,0,9,9,7,5,0,0,7,2,2,0,0,3,1,6,6,1,15,3,125,1,15,HONDA CBF,5,E01002873,0,1
2024041443741,2024,041443741,2,5,0,-1,19,5,5,-1,0,2,0,0,0,0,2,1,-1,9,1,78,11,998,1,8,HONDA CBF,2,E01006359,0,4
2024451469506,2024,451469506,1,3,0,-1,19,5,1,-1,0,0,0,0,0,0,1,1,-1,9,1,20,4,125,1,15,HONDA CBF,6,E01004078,0,3
2024320505877,2024,320505877,1,5,0,-1,-1,2,6,0,0,8,0,0,0,0,1,1,6,6,1,-1,-1,599,1,18,HONDA CBF,-1,-1,0,-1
2024471491455,2024,471491455,2,5,0,-1,3,-1,-1,-1,0,0,5,0,0,0,1,1,-1,6,1,41,7,998,1,16,HONDA CBF,7,E01031471,0,1
202454F000424,2024,54F000424,1,4,0,9,9,5,2,0,0,8,0,0,0,0,3,1,2,2,1,39,7,599,1,20,HONDA CBF,3,E01031912,0,1
2024522403027,2024,522403027,1,3,0,18,19,4,8,0,0,3,0,0,0,0,1,1,6,6,3,-1,-1,125,1,15,HONDA CBF,-1,-1,0,-1
2024421423358,2024,421423358,2,5,0,-1,3,8,4,-1,0,0,5,0,0,0,2,1,-1,2,1,44,7,499,1,17,HONDA CBF,2,E01015976,0,1
2024010505348,2024,010505348,3,3,0,11,11,3,7,0,0,1,0,0,0,0,1,1,1,1,1,30,6,599,1,13,HONDA CBF,3,E01003587,0,3
2024440345295,2024,440345295,1,3,0,18,19,2,6,0,0,8,0,0,0,0,0,1,6,6,1,20,4,125,1,15,HONDA CBF,5,E01022832,0,2
2024061514920,2024,061514920,2,3,0,-1,19,3,7,-1,0,8,0,0,0,0,1,1,-1,1,1,38,7,125,1,15,HONDA CBF,3,E01005975,0,1