collision_index,collision_year,collision_ref_no,vehicle_reference,vehicle_type,towing_and_articulation,vehicle_manoeuvre_historic,vehicle_manoeuvre,vehicle_direction_from,vehicle_direction_to,vehicle_location_restricted_lane_historic,vehicle_location_restricted_lane,junction_location,skidding_and_overturning,hit_object_in_carriageway,vehicle_leaving_carriageway,hit_object_off_carriageway,first_point_of_impact,vehicle_left_hand_drive,journey_purpose_of_driver_historic,journey_purpose_of_driver,sex_of_driver,age_of_driver,age_band_of_driver,engine_capacity_cc,propulsion_code,age_of_vehicle,generic_make_model,driver_imd_decile,lsoa_of_driver,escooter_flag,driver_distance_banding
2024010533441,2024,010533441,2,5,0,99,99,1,5,99,99,2,9,99,9,99,1,1,1,1,1,65,9,599,1,18,HONDA CBF,4,E01030609,0,4
202454C246924,2024,54C246924,2,4,0,18,19,3,8,0,0,1,0,0,0,0,1,1,2,2,1,26,6,125,1,15,HONDA CBF,1,E01015508,0,2
2024211491595,2024,211491595,1,4,0,-1,19,0,0,-1,0,0,1,0,0,0,3,1,-1,6,2,69,10,286,1,4,HONDA CBF,4,E01029867,0,1
2024501531609,2024,501531609,2,5,0,-1,13,1,5,-1,0,0,0,0,0,0,4,1,-1,6,1,65,9,599,1,16,HONDA CBF,7,E01015165,0,1
2024010515506,2024,010515506,2,5,0,15,15,5,1,0,0,1,0,0,0,0,1,1,2,2,1,40,7,670,1,12,MAKE AND MODEL REDACTED,-1,-1,0,-1
202460Q026628,2024,60Q026628,2,5,0,9,9,3,1,0,0,4,0,0,2,0,4,1,6,6,1,45,7,670,1,12,MAKE AND MODEL REDACTED,-1,-1,0,-1
2024411529508,2024,411529508,2,5,0,-1,3,3,7,-1,0,0,5,0,0,0,2,1,-1,6,1,58,9,670,1,12,MAKE AND MODEL REDACTED,5,E01023304,0,1
2024991418653,2024,991418653,5,5,0,-1,2,0,0,-1,0,0,5,0,0,0,3,1,-1,6,-1,-1,-1,670,1,12,MAKE AND MODEL REDACTED,-1,-1,0,-1
202460Q099383,2024,60Q099383,2,5,0,18,19,4,8,0,0,1,0,0,0,0,0,1,6,6,2,45,7,670,1,11,MAKE AND MODEL REDACTED,-1,-1,0,-1
2024302400759,2024,302400759,1,5,0,18,19,6,2,0,0,8,0,0,0,0,1,1,6,6,1,32,6,670,1,12,MAKE AND MODEL REDACTED,-1,-1,0,-1
2024451403713,2024,451403713,2,5,0,-1,5,1,5,-1,0,0,0,0,0,0,2,1,-1,6,1,39,7,670,1,12,MAKE AND MODEL REDACTED,8,E01030556,0,1
2024421457742,2024,421457742,1,3,0,-1,13,5,1,-1,0,8,0,0,0,0,1,1,-1,6,1,37,7,124,1,9,MAKE AND MODEL REDACTED,7,E01035590,0,3
2024010499700,2024,010499700,1,9,0,9,9,4,1,0,0,6,0,0,0,0,1,1,2,2,1,28,6,2143,2,5,MAKE AND MODEL REDACTED,3,E01004576,0,2
202454D473024,2024,54D473024,1,9,0,9,9,5,3,0,0,6,0,0,0,0,1,1,6,6,1,66,10,2143,2,7,MAKE AND MODEL REDACTED,9,E01031995,0,3
2024131431307,2024,131431307,2,10,0,-1,19,5,1,-1,0,0,5,0,1,0,3,1,-1,9,1,65,9,-1,-1,-1,MAKE AND MODEL REDACTED,1,E01034517,0,5
2024070435613,2024,070435613,1,11,0,5,5,1,5,0,0,0,0,0,0,0,1,1,6,6,1,70,10,10308,2,13,MAKE AND MODEL REDACTED,3,E01018729,0,3
2024430360973,2024,430360973,2,17,0,18,19,4,8,0,0,1,0,0,0,0,1,1,1,1,1,30,6,7365,2,9,MAKE AND MODEL REDACTED,10,E01017732,0,2
2024320150008,2024,320150008,1,17,0,7,7,4,6,0,0,6,0,0,0,0,0,1,1,1,1,24,5,7365,2,10,MAKE AND MODEL REDACTED,1,E01026157,0,4
2024361418665,2024,361418665,1,17,4,-1,19,5,1,-1,0,0,0,0,1,0,1,1,-1,1,1,24,5,7365,2,9,MAKE AND MODEL REDACTED,5,E01026491,0,1
2024371470797,2024,371470797,1,3,0,-1,19,3,7,-1,0,1,0,0,0,0,1,1,-1,2,1,56,9,125,1,3,MAKE AND MODEL REDACTED,5,E01029961,0,1
2024010544376,2024,010544376,1,3,0,99,99,9,9,99,99,9,9,99,9,99,9,1,1,1,3,27,6,125,1,2,MAKE AND MODEL REDACTED,8,E01000536,0,1
2024010529721,2024,010529721,1,3,0,99,99,9,9,99,99,9,9,99,9,99,1,1,6,6,1,43,7,125,1,2,MAKE AND MODEL REDACTED,3,E01004404,0,1
2024221514864,2024,221514864,2,3,0,-1,19,6,2,-1,0,8,0,0,0,0,3,1,-1,6,2,30,6,125,1,2,MAKE AND MODEL REDACTED,7,E01035083,0,1
2024010522044,2024,010522044,1,2,0,3,3,9,9,99,99,9,9,99,9,99,2,1,1,1,1,36,7,-1,3,1,MAKE AND MODEL REDACTED,7,E01002172,0,1
2024302401472,2024,302401472,1,19,0,17,19,4,2,0,0,8,0,0,0,0,3,1,6,6,1,32,6,-1,3,0,MAKE AND MODEL REDACTED,2,E01025247,0,5
2024371421604,2024,371421604,2,9,0,-1,9,4,8,-1,0,2,0,0,0,0,4,1,-1,9,1,64,9,1997,2,14,PEUGEOT 407,1,E01030227,0,1
202460Q096645,2024,60Q096645,1,9,0,18,19,1,5,0,0,1,0,0,0,0,1,1,1,1,1,50,8,1997,2,16,PEUGEOT 407,-1,-1,0,-1
2024552400660,2024,552400660,1,9,0,9,9,4,1,0,0,5,0,0,0,0,1,1,6,6,2,77,11,2179,2,14,PEUGEOT 407,6,E01029157,0,3
2024041410031,2024,041410031,1,9,0,-1,7,5,1,-1,0,8,0,0,0,0,1,1,-1,9,1,84,11,2179,2,16,PEUGEOT 407,9,E01006312,0,2
2024161404925,2024,161404925,2,9,0,-1,19,6,2,-1,0,1,0,0,0,0,2,1,-1,7,1,58,9,1560,2,17,PEUGEOT 407,1,E01012854,0,1
2024552401207,2024,552401207,1,9,0,18,19,2,6,0,0,0,1,0,1,4,3,1,2,2,1,18,4,1997,2,20,PEUGEOT 407,4,E01029232,0,2
2024351512984,2024,351512984,1,9,0,-1,19,4,8,-1,0,0,0,99,0,0,4,9,-1,1,1,52,8,1997,2,17,PEUGEOT 407,4,E01018104,0,4
2024211437941,2024,211437941,2,9,0,-1,5,7,1,-1,0,0,0,0,0,0,4,1,-1,6,2,46,8,1997,2,19,PEUGEOT 407,5,E01014239,0,1
2024221517566,2024,221517566,1,9,0,-1,19,4,8,-1,0,0,0,0,0,0,1,1,-1,9,1,81,11,2179,2,16,PEUGEOT 407,-1,-1,0,-1
2024122401090,2024,122401090,1,9,0,18,19,3,7,0,0,0,0,0,8,4,1,1,6,6,2,80,11,1997,1,15,PEUGEOT 407,5,E01027802,0,2
2024320752672,2024,320752672,3,9,0,-1,-1,5,1,0,0,8,0,0,0,0,1,1,-1,-1,1,78,11,1997,2,16,PEUGEOT 407,4,E01026259,0,2
2024552400433,2024,552400433,1,9,0,18,19,6,2,0,0,0,1,10,1,11,1,1,6,6,1,29,6,1997,2,19,PEUGEOT 407,7,E01020486,0,3
2024010495041,2024,010495041,1,9,5,11,11,3,7,0,0,0,0,0,1,11,1,1,6,6,1,45,7,1997,2,19,PEUGEOT 407,4,E01035248,0,3
2024991474311,2024,991474311,1,9,0,-1,19,6,2,-1,0,1,0,0,0,0,1,1,-1,2,1,40,7,1997,2,18,PEUGEOT 407,7,-1,0,1
2024461413073,2024,461413073,2,9,0,-1,19,8,4,-1,0,0,0,0,0,0,1,1,-1,9,1,53,8,1997,2,15,PEUGEOT 407,5,E01023992,0,3
2024131450730,2024,131450730,1,9,0,-1,19,2,2,-1,0,1,0,0,0,0,1,1,-1,6,1,65,9,1997,2,19,PEUGEOT 407,4,E01011158,0,2
2024141476109,2024,141476109,1,9,0,-1,5,5,1,-1,0,0,0,4,0,0,3,1,-1,9,1,44,7,1997,2,19,PEUGEOT 407,1,E01007857,0,1
2024548637424,2024,548637424,1,9,0,18,19,3,8,0,0,0,0,0,1,11,1,1,6,6,1,39,7,1997,2,15,PEUGEOT 407,5,E01032056,0,1
2024552401140,2024,552401140,2,9,0,16,19,1,4,0,0,7,0,0,0,0,4,1,6,6,2,45,7,1997,2,16,PEUGEOT 407,5,E01020363,0,1
2024061506652,2024,061506652,2,9,0,-1,2,3,7,-1,0,0,0,0,0,0,1,1,-1,6,-1,-1,-1,1560,2,20,PEUGEOT 407,-1,-1,0,-1
2024461475316,2024,461475316,1,9,0,-1,14,8,4,-1,0,0,0,0,0,0,4,1,-1,9,2,88,11,2946,1,16,PEUGEOT 407,3,E01007429,0,5
2024520403151,2024,520403151,1,9,0,9,9,4,3,0,0,5,0,0,0,0,1,1,6,6,1,82,11,1997,2,19,PEUGEOT 407,5,E01029185,0,3
2024041499663,2024,041499663,1,9,0,-1,4,5,1,-1,0,0,0,4,0,0,1,1,-1,9,1,75,10,1997,2,19,PEUGEOT 407,1,E01025579,0,1
2024501411304,2024,501411304,1,9,0,-1,13,7,3,-1,0,0,0,0,0,0,4,1,-1,6,1,79,11,1997,2,15,PEUGEOT 407,5,E01020340,0,1
202417H104424,2024,17H104424,1,9,0,-1,9,5,2,-1,0,6,0,0,0,0,3,1,-1,2,1,52,8,1997,2,19,PEUGEOT 407,-1,-1,0,-1
2024421408656,2024,421408656,1,9,0,-1,2,0,0,-1,0,0,0,0,0,0,2,1,-1,6,-1,-1,-1,1997,2,19,PEUGEOT 407,-1,-1,0,-1
2024221417078,2024,221417078,1,9,0,-1,19,8,4,-1,0,4,0,0,0,0,1,9,-1,6,1,32,6,1997,2,14,PEUGEOT 407,-1,-1,0,-1
2024161441001,2024,161441001,2,4,0,-1,19,7,3,-1,0,1,1,0,0,0,3,1,-1,9,1,66,10,-1,-1,-1,MAKE AND MODEL REDACTED,1,E01013177,0,3
2024131499507,2024,131499507,3,3,0,-1,19,3,7,-1,0,6,0,0,0,0,3,1,-1,9,1,19,4,124,1,17,SUZUKI MODEL MISSING,2,E01011137,0,2
2024031521582,2024,031521582,2,9,0,-1,19,5,1,-1,0,0,0,0,1,0,1,1,-1,9,2,77,11,2393,1,12,SUZUKI MODEL MISSING,7,E01019379,0,1
2024340WN3902,2024,340WN3902,2,5,0,-1,7,1,5,-1,0,8,0,0,0,0,2,1,-1,6,1,47,8,1255,1,8,SUZUKI MODEL MISSING,8,E01016713,0,4
2024520401780,2024,520401780,2,5,0,18,19,2,6,0,0,0,0,0,0,0,1,1,6,6,1,34,6,1000,1,17,SUZUKI MODEL MISSING,8,E01019962,0,4
2024111484941,2024,111484941,1,5,0,-1,19,6,2,-1,0,0,0,0,0,0,0,1,-1,6,1,36,7,748,1,34,SUZUKI MODEL MISSING,4,E01012157,0,4
2024461432752,2024,461432752,1,4,0,-1,2,7,3,-1,0,8,5,0,0,0,1,1,-1,9,1,17,4,249,1,24,SUZUKI MODEL MISSING,9,E01016133,0,1
2024031508451,2024,031508451,1,5,0,-1,13,4,8,-1,0,0,1,0,7,0,1,1,-1,9,1,61,9,748,1,46,SUZUKI MODEL MISSING,6,E01034351,0,4
2024340WN6942,2024,340WN6942,1,4,0,-1,13,8,4,-1,9,1,0,0,1,11,1,1,-1,2,1,20,4,600,1,27,SUZUKI MODEL MISSING,2,E01027226,0,1
2024451428745,2024,451428745,1,5,0,-1,19,5,1,-1,0,0,0,0,0,0,1,1,-1,9,1,46,8,749,1,17,SUZUKI MODEL MISSING,10,E01030791,0,3
2024010512105,2024,010512105,2,4,0,18,19,7,3,0,0,1,0,0,0,0,1,1,6,6,1,22,5,599,1,30,SUZUKI MODEL MISSING,3,E01021291,0,4
2024131493120,2024,131493120,1,3,0,-1,19,1,5,-1,0,8,0,0,0,0,4,1,-1,9,1,20,4,124,1,18,SUZUKI MODEL MISSING,5,E01011058,0,2
2024371452372,2024,371452372,1,5,-1,-1,-1,-1,-1,-1,-1,0,1,-1,-1,0,-1,1,-1,6,1,50,8,599,1,31,SUZUKI MODEL MISSING,5,E01029928,0,1
2024421529390,2024,421529390,1,9,0,-1,9,5,3,-1,9,8,0,0,1,0,1,1,-1,9,2,31,6,1240,1,14,SUZUKI MODEL MISSING,3,E01015856,0,1
2024471472576,2024,471472576,2,3,0,-1,19,7,3,-1,0,0,0,0,0,0,4,1,-1,6,1,20,4,124,1,19,SUZUKI MODEL MISSING,3,E01020975,0,1
2024122401077,2024,122401077,1,5,0,16,19,8,4,0,0,0,0,0,7,11,3,1,6,6,1,48,8,600,1,26,SUZUKI MODEL MISSING,9,E01027708,0,3
2024221517641,2024,221517641,1,5,0,-1,13,3,7,-1,0,8,0,0,0,0,1,1,-1,6,1,55,8,124,1,19,SUZUKI MODEL MISSING,7,E01009949,0,4
2024411471688,2024,411471688,2,5,0,-1,19,8,4,-1,0,0,0,0,0,0,1,1,-1,6,1,74,10,652,1,-1,SUZUKI MODEL MISSING,7,E01023579,0,1
2024351531641,2024,351531641,1,5,0,-1,14,1,5,-1,0,0,0,0,0,0,4,1,-1,9,1,56,9,550,1,51,SUZUKI MODEL MISSING,4,E01015669,0,4
2024041478436,2024,041478436,1,5,0,-1,19,2,6,-1,0,2,0,0,1,11,4,1,-1,9,1,27,6,749,1,22,SUZUKI MODEL MISSING,2,E01025115,0,3
2024471404826,2024,471404826,1,4,0,-1,4,3,7,-1,0,1,0,0,0,0,4,1,-1,9,1,25,5,487,1,28,SUZUKI MODEL MISSING,5,E01031370,0,1
2024461494280,2024,461494280,2,5,0,-1,14,2,7,-1,0,8,2,0,0,0,4,1,-1,9,1,34,6,1462,1,19,SUZUKI MODEL MISSING,3,E01024695,0,1
2024622400013,2024,622400013,1,9,0,18,19,6,2,0,0,0,5,0,0,0,0,1,6,6,1,34,6,2000,1,28,SUZUKI MODEL MISSING,8,W01001058,0,2
2024361485646,2024,361485646,2,2,0,-1,19,-1,-1,-1,9,1,1,10,1,0,4,1,-1,9,1,17,4,49,1,34,SUZUKI MODEL MISSING,5,E01026594,0,3
2024302400720,2024,302400720,1,3,0,18,19,2,6,0,0,1,0,0,0,0,1,1,6,6,1,27,6,599,1,17,SUZUKI MODEL MISSING,9,E01019478,0,2
2024544312224,2024,544312224,2,3,0,18,19,5,1,0,0,8,0,0,0,0,1,1,6,6,1,16,4,-1,-1,-1,SUZUKI MODEL MISSING,9,E01031995,0,1
2024101478911,2024,101478911,2,4,0,-1,19,3,7,-1,0,8,0,0,1,0,3,1,-1,9,1,64,9,549,1,39,SUZUKI MODEL MISSING,8,E01027489,0,2
2024552400138,2024,552400138,1,5,0,18,19,8,4,0,0,0,1,0,0,0,0,1,6,6,1,70,10,1157,1,24,SUZUKI MODEL MISSING,4,E01020578,0,3
2024471483794,2024,471483794,2,4,0,-1,19,7,3,-1,0,8,1,0,0,0,1,1,-1,9,1,55,8,487,1,27,SUZUKI MODEL MISSING,8,E01021098,0,1
2024411461624,2024,411461624,1,5,0,-1,19,1,5,-1,0,1,0,0,0,0,1,1,-1,6,1,36,7,749,1,20,SUZUKI MODEL MISSING,-1,-1,0,-1
2024991514037,2024,991514037,2,5,0,-1,19,4,8,-1,0,8,5,0,0,0,1,1,-1,9,1,62,9,805,1,29,SUZUKI MODEL MISSING,10,-1,0,3
2024471525858,2024,471525858,2,9,0,-1,4,6,2,-1,0,0,0,0,0,0,2,1,-1,2,1,25,5,1460,1,3,SUZUKI MODEL MISSING,6,E01021204,0,3
2024421427091,2024,421427091,2,3,0,-1,19,-1,-1,-1,0,4,0,0,0,0,-1,1,-1,6,1,44,7,125,1,15,SUZUKI MODEL MISSING,5,E01021380,0,1
2024041426544,2024,041426544,1,5,0,-1,19,1,5,-1,0,0,1,0,7,0,4,1,-1,9,1,58,9,1000,1,26,SUZUKI MODEL MISSING,7,E01025361,0,4
2024531492248,2024,531492248,1,5,0,-1,19,7,3,-1,0,2,2,0,0,0,0,1,-1,6,1,58,9,997,1,43,SUZUKI MODEL MISSING,2,E01022120,0,1
2024201471225,2024,201471225,2,5,0,-1,5,2,6,-1,0,8,0,0,0,0,1,1,-1,6,1,37,7,600,1,26,SUZUKI MODEL MISSING,2,E01009929,0,1
2024311450660,2024,311450660,1,5,0,-1,19,1,5,-1,0,2,2,10,0,0,4,1,-1,9,1,71,10,996,1,20,SUZUKI MODEL MISSING,7,E01027961,0,2
2024552400058,2024,552400058,1,4,0,4,4,5,1,0,0,0,0,0,0,0,1,1,6,6,1,51,8,1157,1,21,SUZUKI MODEL MISSING,3,E01020564,0,1
2024461458552,2024,461458552,2,4,0,-1,13,3,7,-1,0,0,0,0,0,0,1,1,-1,9,1,52,8,249,1,33,SUZUKI MODEL MISSING,9,E01024735,0,3
2024131437942,2024,131437942,2,4,0,-1,19,7,3,-1,0,3,1,0,0,0,1,1,-1,6,1,69,10,498,1,23,SUZUKI MODEL MISSING,8,E01011893,0,2
2024010526114,2024,010526114,2,5,0,17,19,5,1,0,0,1,0,0,0,0,1,1,6,6,1,33,6,843,1,43,SUZUKI MODEL MISSING,5,E01003292,0,1
2024501471932,2024,501471932,2,5,0,-1,19,1,5,-1,0,6,1,0,0,0,3,1,-1,9,1,60,9,1098,1,38,SUZUKI MODEL MISSING,4,E01020254,0,4
2024371569010,2024,371569010,2,5,0,-1,19,3,7,-1,0,0,0,0,0,0,1,1,-1,6,1,33,6,1157,1,26,SUZUKI MODEL MISSING,-1,-1,0,-1
2024221445254,2024,221445254,1,5,0,-1,19,5,2,-1,0,0,0,0,0,0,0,1,-1,9,1,59,9,599,1,31,SUZUKI MODEL MISSING,2,E01009944,0,4
2024371415881,2024,371415881,1,4,0,-1,19,2,6,-1,0,1,1,0,0,0,1,1,-1,6,1,-1,-1,487,1,35,SUZUKI MODEL MISSING,-1,-1,0,-1
2024440307596,2024,440307596,1,4,0,18,19,2,6,0,0,2,1,0,0,0,3,1,2,2,1,20,4,599,1,27,SUZUKI MODEL MISSING,5,E01022761,0,2
2024501412631,2024,501412631,1,4,0,-1,19,1,6,-1,0,0,0,0,0,0,1,1,-1,6,1,17,4,124,1,13,SUZUKI MODEL MISSING,4,E01020271,0,1
2024010508746,2024,010508746,1,5,0,11,11,7,3,0,0,8,0,7,0,0,1,1,6,6,1,33,6,1157,1,25,SUZUKI MODEL MISSING,2,E01000065,0,1
2024031413714,2024,031413714,1,17,0,-1,3,6,1,-1,0,0,2,0,0,0,3,1,-1,1,1,20,4,376,1,13,SUZUKI MODEL MISSING,5,E01019325,0,1
2024471469523,2024,471469523,1,5,0,-1,13,6,2,-1,0,0,2,0,0,0,1,1,-1,2,1,21,5,648,1,24,SUZUKI MODEL MISSING,5,E01024787,0,4
2024211439365,2024,211439365,1,4,0,-1,19,6,2,-1,0,1,1,0,0,0,1,1,-1,2,1,35,6,487,1,29,SUZUKI MODEL MISSING,5,E01014335,0,1
2024231429051,2024,231429051,1,5,0,-1,15,8,4,-1,0,0,1,0,2,3,3,1,-1,2,1,21,5,599,1,28,SUZUKI MODEL MISSING,7,E01031099,0,3
2024361508835,2024,361508835,1,5,0,-1,13,4,8,-1,0,0,0,0,7,0,4,1,-1,6,1,63,9,1157,1,23,SUZUKI MODEL MISSING,6,E01026457,0,3
2024501547395,2024,501547395,2,5,0,-1,13,1,5,-1,0,0,0,0,0,0,1,1,-1,6,1,71,10,599,1,33,SUZUKI MODEL MISSING,4,E01018988,0,1
2024421451950,2024,421451950,2,5,0,-1,19,2,6,-1,0,1,0,0,0,0,3,1,-1,6,1,55,8,1000,1,44,SUZUKI MODEL MISSING,-1,-1,0,-1
2024161460661,2024,161460661,2,5,0,-1,19,5,2,-1,0,1,5,0,0,0,1,1,-1,9,2,29,6,600,1,24,SUZUKI MODEL MISSING,1,E01013181,0,4
2024461487654,2024,461487654,2,5,0,-1,14,7,3,-1,0,0,0,0,0,0,1,1,-1,9,1,64,9,996,1,21,SUZUKI MODEL MISSING,10,E01031644,0,4
2024451455636,2024,451455636,2,5,0,-1,13,7,3,-1,0,1,2,99,7,99,9,1,-1,6,1,30,6,599,1,28,SUZUKI MODEL MISSING,-1,-1,0,-1
2024161488050,2024,161488050,2,5,0,-1,19,1,5,-1,0,1,0,0,0,0,1,1,-1,9,1,56,9,-1,-1,-1,SUZUKI MODEL MISSING,1,E01013278,0,1
2024320217344,2024,320217344,2,5,0,-1,-1,6,3,0,0,8,0,0,0,0,1,1,-1,-1,1,62,9,1098,1,44,SUZUKI MODEL MISSING,7,E01013167,0,4
2024131470916,2024,131470916,1,5,0,-1,19,7,3,-1,9,0,0,0,0,0,1,1,-1,6,1,43,7,1157,1,24,SUZUKI MODEL MISSING,1,E01011917,0,2
2024520403192,2024,520403192,2,3,0,18,19,6,2,0,0,1,0,0,1,1,2,1,6,6,1,30,6,599,1,23,SUZUKI MODEL MISSING,5,E01029173,0,1
2024622400757,2024,622400757,1,5,0,18,19,6,2,0,0,0,0,0,0,0,1,1,6,6,1,24,5,937,1,30,SUZUKI MODEL MISSING,6,W01000889,0,3
2024991452871,2024,991452871,1,5,0,-1,19,3,7,-1,0,1,2,0,1,0,1,1,-1,2,1,26,6,-1,-1,-1,SUZUKI MODEL MISSING,3,-1,0,2
2024010544889,2024,010544889,2,3,0,7,7,1,3,0,0,4,0,0,0,0,3,1,6,6,1,35,6,113,1,8,SUZUKI UK 110,-1,-1,0,-1
2024010507062,2024,010507062,1,3,0,99,99,9,9,99,99,9,9,99,9,99,9,1,1,1,1,23,5,113,1,5,SUZUKI UK 110,2,E01001458,0,1
2024421497155,2024,421497155,2,2,0,-1,3,6,2,-1,0,0,0,0,0,0,1,1,-1,6,1,22,5,113,1,4,SUZUKI UK 110,4,E01021850,0,1
2024010514858,2024,010514858,1,3,0,13,13,7,3,0,0,1,0,0,0,0,1,1,1,1,2,28,6,113,1,8,SUZUKI UK 110,2,E01003335,0,1
2024010518816,2024,010518816,2,3,0,3,3,3,7,0,0,7,0,0,0,0,1,1,6,6,1,25,5,113,1,9,SUZUKI UK 110,4,E01003537,0,1
2024010501009,2024,010501009,1,4,0,18,19,7,3,0,0,0,0,0,0,0,1,1,1,1,1,19,4,113,1,6,SUZUKI UK 110,4,E01034032,0,1
2024201498789,2024,201498789,1,3,0,-1,15,7,3,-1,0,1,0,0,0,0,1,1,-1,1,1,32,6,113,1,6,SUZUKI UK 110,3,E01009977,0,1
2024010525963,2024,010525963,2,3,0,18,19,3,7,0,0,2,0,0,0,0,1,1,1,1,1,28,6,113,1,4,SUZUKI UK 110,-1,-1,0,-1
2024351422776,2024,351422776,1,3,0,-1,19,2,6,-1,0,8,5,0,0,0,1,1,-1,1,1,41,7,113,1,4,SUZUKI UK 110,6,E01017997,0,1
2024010501702,2024,010501702,1,3,0,4,4,5,1,0,0,0,0,0,0,0,1,1,6,6,1,28,6,113,1,4,SUZUKI UK 110,4,E01003529,0,1
2024421508206,2024,421508206,2,3,0,-1,19,1,5,-1,0,1,2,0,1,4,1,1,-1,9,1,30,6,113,1,4,SUZUKI UK 110,3,E01034484,0,2
2024201471130,2024,201471130,2,3,0,-1,19,5,1,-1,0,1,0,0,0,0,3,1,-1,1,1,34,6,113,1,6,SUZUKI UK 110,1,E01009048,0,1
2024411505510,2024,411505510,2,3,0,-1,19,1,5,-1,0,8,5,0,0,0,1,1,-1,6,2,35,6,113,1,4,SUZUKI UK 110,6,E01023801,0,1
2024010511697,2024,010511697,1,3,0,18,19,9,9,99,99,0,9,99,9,99,1,1,1,1,1,31,6,113,1,6,SUZUKI UK 110,6,E01002653,0,2
2024010523672,2024,010523672,2,3,0,17,19,5,1,0,0,3,5,0,0,0,4,1,1,1,1,30,6,113,1,5,SUZUKI UK 110,4,E01001317,0,2
2024010536484,2024,010536484,1,3,0,7,7,6,8,0,0,1,1,0,0,0,1,1,2,2,1,17,4,113,1,5,SUZUKI UK 110,3,E01003374,0,2
2024545248624,2024,545248624,2,3,0,5,5,5,1,0,0,1,0,0,0,0,1,1,6,6,1,29,6,113,1,6,SUZUKI UK 110,10,E01032700,0,1
2024061461721,2024,061461721,1,3,0,-1,9,4,3,-1,0,6,0,0,0,0,1,1,-1,6,-1,20,4,113,1,4,SUZUKI UK 110,-1,-1,0,-1
2024010540427,2024,010540427,1,3,0,99,99,9,9,99,99,9,9,99,9,99,9,1,1,1,1,31,6,113,1,4,SUZUKI UK 110,3,E01001366,0,2
2024481563601,2024,481563601,2,3,0,-1,7,1,3,-1,0,8,0,0,0,0,4,1,-1,1,1,28,6,113,1,3,SUZUKI UK 110,-1,-1,0,-1
2024010511779,2024,010511779,1,3,0,99,99,9,9,99,99,1,9,99,9,99,1,1,6,6,1,18,4,113,1,5,SUZUKI UK 110,2,E01000223,0,1
2024340WN2542,2024,340WN2542,1,4,0,-1,19,6,2,-1,0,6,0,0,0,0,1,1,-1,2,1,38,7,113,1,4,SUZUKI UK 110,3,E01027009,0,1
2024631512583,2024,631512583,1,3,0,-1,19,8,5,-1,0,0,1,0,1,10,1,1,-1,6,2,20,4,113,1,9,SUZUKI UK 110,7,W01000735,0,3
2024161472191,2024,161472191,1,3,0,-1,7,5,3,-1,0,8,0,0,0,0,4,1,-1,9,1,25,5,113,1,4,SUZUKI UK 110,1,E01012865,0,1
2024010502729,2024,010502729,1,3,0,99,99,9,9,99,99,9,9,99,9,99,1,1,1,1,1,27,6,113,1,4,SUZUKI UK 110,2,E01003159,0,4
2024440522337,2024,440522337,2,3,0,16,19,7,3,0,0,2,1,0,0,0,1,1,1,1,1,25,5,113,1,6,SUZUKI UK 110,3,E01022807,0,1
2024451526990,2024,451526990,1,3,0,-1,19,2,6,-1,0,2,0,0,0,0,4,1,-1,2,2,40,7,113,1,4,SUZUKI UK 110,10,E01030438,0,1
2024061426042,2024,061426042,2,3,0,-1,19,3,7,-1,0,1,0,0,0,0,1,1,-1,1,1,30,6,113,1,8,SUZUKI UK 110,1,E01004812,0,1
2024010526759,2024,010526759,2,3,0,5,5,3,7,0,0,1,0,0,0,0,2,1,1,1,1,39,7,113,1,8,SUZUKI UK 110,2,E01034479,0,2
2024061470881,2024,061470881,1,3,0,-1,19,6,1,-1,0,8,0,0,0,0,1,1,-1,9,1,17,4,113,1,6,SUZUKI UK 110,-1,-1,0,-1
2024411409228,2024,411409228,2,3,0,-1,13,7,3,-1,0,1,5,0,0,0,4,1,-1,2,1,29,6,113,1,4,SUZUKI UK 110,4,E01023864,0,1
2024371492475,2024,371492475,2,3,0,-1,19,6,4,-1,0,0,0,0,0,0,1,1,-1,9,2,22,5,113,1,3,SUZUKI UK 110,5,E01030087,0,3
2024010501235,2024,010501235,1,3,0,18,19,1,5,0,0,1,0,0,0,0,1,1,1,1,1,23,5,113,1,9,SUZUKI UK 110,-1,-1,0,-1
2024010529295,2024,010529295,2,3,0,18,19,6,2,0,0,1,0,0,0,0,1,1,6,6,1,46,8,113,1,7,SUZUKI UK 110,2,E01000025,0,3
2024010509386,2024,010509386,1,3,0,99,99,9,9,99,99,9,9,99,9,99,9,1,6,6,3,30,6,113,1,8,SUZUKI UK 110,1,E01033456,0,2
2024451479420,2024,451479420,2,3,0,-1,15,1,5,-1,0,0,5,0,0,0,2,1,-1,9,1,47,8,113,1,4,SUZUKI UK 110,7,E01030741,0,1
2024531416642,2024,531416642,1,3,0,-1,19,5,1,-1,0,0,1,0,0,0,0,1,-1,6,2,53,8,113,1,5,SUZUKI UK 110,8,E01022356,0,1