collision_index,collision_year,collision_ref_no,vehicle_reference,vehicle_type,towing_and_articulation,vehicle_manoeuvre_historic,vehicle_manoeuvre,vehicle_direction_from,vehicle_direction_to,vehicle_location_restricted_lane_historic,vehicle_location_restricted_lane,junction_location,skidding_and_overturning,hit_object_in_carriageway,vehicle_leaving_carriageway,hit_object_off_carriageway,first_point_of_impact,vehicle_left_hand_drive,journey_purpose_of_driver_historic,journey_purpose_of_driver,sex_of_driver,age_of_driver,age_band_of_driver,engine_capacity_cc,propulsion_code,age_of_vehicle,generic_make_model,driver_imd_decile,lsoa_of_driver,escooter_flag,driver_distance_banding
2024141515219,2024,141515219,1,11,0,-1,19,4,1,-1,0,4,0,0,0,0,2,9,-1,1,2,54,8,4461,2,10,WRIGHTBUS STREETLITE,5,E01007588,0,1
2024010548985,2024,010548985,1,11,0,99,99,9,9,99,99,0,9,99,9,99,1,9,6,6,3,-1,-1,5132,2,8,WRIGHTBUS STREETLITE,-1,-1,0,-1
2024421483520,2024,421483520,2,11,0,-1,19,2,7,-1,0,1,0,0,0,0,1,1,-1,1,1,24,5,5132,2,1,WRIGHTBUS STREETLITE,9,E01021530,0,3
2024141516795,2024,141516795,3,11,0,-1,3,4,8,-1,0,0,0,0,0,0,2,1,-1,1,1,44,7,5132,2,8,WRIGHTBUS STREETLITE,7,E01007831,0,1
2024111441088,2024,111441088,2,11,0,-1,19,4,8,-1,0,1,0,0,0,0,0,1,-1,1,1,61,9,4461,2,8,WRIGHTBUS STREETLITE,5,E01008758,0,3
2024211451851,2024,211451851,1,11,-1,-1,19,8,4,-1,-1,0,-1,-1,-1,0,-1,2,-1,1,1,42,7,4461,2,11,WRIGHTBUS STREETLITE,7,E01029772,0,3
2024461414149,2024,461414149,2,11,0,-1,5,2,6,-1,0,2,0,0,0,0,3,1,-1,1,1,66,10,5132,2,6,WRIGHTBUS STREETLITE,6,E01024267,0,3
2024991395008,2024,991395008,2,11,0,-1,19,6,2,-1,0,1,0,11,0,0,1,1,-1,1,1,33,6,4461,2,10,WRIGHTBUS STREETLITE,2,-1,0,2
2024221534679,2024,221534679,2,11,0,-1,9,5,3,-1,0,6,0,0,0,0,1,1,-1,1,1,33,6,4461,2,5,WRIGHTBUS STREETLITE,1,E01033640,0,3
2024421420720,2024,421420720,1,11,0,-1,19,6,3,-1,0,0,0,0,0,0,1,1,-1,1,1,50,8,4461,2,10,WRIGHTBUS STREETLITE,7,E01015837,0,2
2024101495767,2024,101495767,2,11,0,-1,19,8,4,-1,0,8,0,0,0,0,0,9,-1,1,2,31,6,4461,2,11,WRIGHTBUS STREETLITE,5,E01008615,0,2
2024461479433,2024,461479433,2,11,0,-1,19,3,7,-1,0,1,0,0,0,0,1,1,-1,1,1,56,9,4461,2,9,WRIGHTBUS STREETLITE,1,E01016153,0,1
2024010546095,2024,010546095,2,11,0,99,99,9,9,99,99,9,9,99,9,99,9,9,6,6,1,23,5,5132,2,8,WRIGHTBUS STREETLITE,3,E01035495,0,1
2024101509574,2024,101509574,1,11,0,-1,19,7,3,-1,0,1,0,0,0,0,1,1,-1,1,1,64,9,5132,2,7,WRIGHTBUS STREETLITE,2,E01008512,0,2
2024131439264,2024,131439264,1,11,0,-1,19,7,7,-1,0,0,0,0,0,0,1,1,-1,6,-1,-1,-1,5132,2,9,WRIGHTBUS STREETLITE,-1,-1,0,-1
2024101475058,2024,101475058,2,11,0,-1,4,1,5,-1,0,1,0,0,0,0,0,1,-1,1,1,-1,-1,4461,2,11,WRIGHTBUS STREETLITE,4,E01008209,0,3
2024101492603,2024,101492603,1,11,0,-1,7,7,1,-1,0,6,0,0,0,0,3,1,-1,1,1,-1,-1,5132,2,7,WRIGHTBUS STREETLITE,3,E01008511,0,1
2024101464461,2024,101464461,2,11,0,-1,19,7,4,-1,0,0,0,0,0,0,0,1,-1,1,1,51,8,4461,2,9,WRIGHTBUS STREETLITE,2,E01020768,0,3
2024111451915,2024,111451915,3,11,0,-1,19,1,5,-1,0,1,0,0,0,0,1,1,-1,6,-1,30,6,4461,2,9,WRIGHTBUS STREETLITE,-1,-1,0,-1
2024302401316,2024,302401316,1,11,0,9,9,2,8,0,0,8,0,0,0,0,0,1,6,6,3,-1,-1,5132,2,5,WRIGHTBUS STREETLITE,5,E01019456,0,4
2024010507938,2024,010507938,1,11,0,18,19,7,3,0,0,1,0,0,0,0,0,1,1,1,2,60,9,5132,2,8,WRIGHTBUS STREETLITE,3,E01003256,0,1
2024302401693,2024,302401693,1,11,0,4,4,2,6,2,2,2,0,0,0,0,0,1,1,1,1,60,9,5132,2,5,WRIGHTBUS STREETLITE,4,E01013459,0,1
2024451426229,2024,451426229,2,11,0,-1,2,7,3,-1,0,0,0,0,0,0,2,1,-1,1,2,59,9,5132,2,4,WRIGHTBUS STREETLITE,7,E01001304,0,3
2024461425065,2024,461425065,1,11,0,-1,19,4,8,-1,0,8,0,0,0,0,1,1,-1,1,1,62,9,4461,2,9,WRIGHTBUS STREETLITE,9,E01024085,0,4
2024010535531,2024,010535531,1,11,0,18,19,1,5,0,0,0,0,0,0,0,0,1,1,1,1,64,9,5132,2,8,WRIGHTBUS STREETLITE,6,E01001065,0,2
2024101477745,2024,101477745,2,11,0,-1,19,8,4,-1,0,1,0,0,0,0,-1,9,-1,1,1,53,8,4461,2,8,WRIGHTBUS STREETLITE,2,E01008693,0,1
2024421454372,2024,421454372,2,11,0,-1,4,3,7,-1,0,1,0,0,0,0,2,1,-1,1,2,47,8,5132,2,9,WRIGHTBUS STREETLITE,5,E01021664,0,1
2024010526983,2024,010526983,1,11,0,18,19,5,1,2,2,1,0,0,0,0,3,1,1,1,1,53,8,5132,2,7,WRIGHTBUS STREETLITE,4,E01004633,0,1
2024421409364,2024,421409364,2,11,0,-1,7,3,5,-1,0,6,0,0,0,0,1,9,-1,1,1,61,9,5132,2,9,WRIGHTBUS STREETLITE,9,E01021661,0,1
2024010525796,2024,010525796,1,11,0,18,19,3,7,0,0,0,0,0,0,0,0,1,1,1,1,61,9,5132,2,9,WRIGHTBUS STREETLITE,-1,-1,0,-1
2024211530985,2024,211530985,1,11,0,-1,13,4,8,-1,0,0,0,0,0,0,4,1,-1,1,1,56,9,4461,2,10,WRIGHTBUS STREETLITE,-1,-1,0,-1
2024201516460,2024,201516460,1,11,0,-1,4,5,1,-1,0,1,0,0,0,0,1,1,-1,1,1,35,6,5132,2,4,WRIGHTBUS STREETLITE,2,E01010061,0,2
2024061408671,2024,061408671,1,11,0,-1,19,7,3,-1,0,0,0,0,1,0,0,1,-1,1,1,34,6,4461,2,10,WRIGHTBUS STREETLITE,1,E01005288,0,1
2024622400883,2024,622400883,1,11,0,4,4,4,8,0,0,1,0,0,0,0,1,1,1,1,3,-1,-1,5132,2,1,WRIGHTBUS STREETLITE,-1,-1,0,-1
2024041500357,2024,041500357,2,11,0,-1,19,5,1,-1,0,0,0,0,0,0,3,1,-1,1,1,53,8,5132,2,7,WRIGHTBUS STREETLITE,8,E01025513,0,3
2024101537282,2024,101537282,1,11,-1,-1,-1,6,2,-1,-1,0,-1,-1,-1,0,-1,9,-1,1,1,49,8,4461,2,11,WRIGHTBUS STREETLITE,4,E01008209,0,1
2024440088241,2024,440088241,1,11,0,9,9,1,7,0,0,8,0,0,0,0,1,1,1,1,1,57,9,5132,2,2,WRIGHTBUS STREETLITE,9,E01022783,0,2
2024201517653,2024,201517653,1,11,0,-1,9,4,2,-1,0,6,0,0,0,0,4,1,-1,1,1,50,8,4461,2,11,WRIGHTBUS STREETLITE,-1,-1,0,-1
2024131489279,2024,131489279,2,11,0,-1,19,1,5,-1,0,1,0,0,0,0,4,1,-1,1,1,48,8,5132,2,2,WRIGHTBUS STREETLITE,1,E01005322,0,4
2024010521165,2024,010521165,1,11,0,18,19,5,1,2,2,0,0,0,0,0,1,1,1,1,1,51,8,5132,2,5,WRIGHTBUS STREETLITE,5,E01004418,0,2
2024101419271,2024,101419271,2,11,0,-1,4,8,4,-1,0,0,0,0,0,0,1,1,-1,1,2,27,6,5132,2,7,WRIGHTBUS STREETLITE,-1,-1,0,-1
2024522402726,2024,522402726,1,11,0,18,19,7,3,0,0,0,0,0,0,0,1,1,1,1,1,62,9,4461,2,10,WRIGHTBUS STREETLITE,1,E01014655,0,1
2024131526390,2024,131526390,2,11,0,-1,19,1,5,-1,0,1,0,0,0,0,0,1,-1,1,1,24,5,5132,2,9,WRIGHTBUS STREETLITE,10,E01010579,0,2
2024101503036,2024,101503036,2,11,0,-1,19,2,7,-1,0,0,0,0,0,0,0,1,-1,1,1,64,9,5132,2,7,WRIGHTBUS STREETLITE,4,E01008494,0,1
2024430037377,2024,430037377,1,11,0,18,19,5,1,0,0,0,0,0,0,0,0,1,6,6,1,61,9,4461,2,11,WRIGHTBUS STREETLITE,5,E01032844,0,3
2024010521084,2024,010521084,1,11,0,5,5,7,3,0,0,2,0,0,0,0,0,1,1,1,1,64,9,5132,2,7,WRIGHTBUS STREETLITE,5,E01000978,0,1
2024421476368,2024,421476368,1,11,0,-1,9,7,3,-1,2,0,0,0,0,0,4,1,-1,1,1,38,7,4461,2,9,WRIGHTBUS STREETLITE,9,E01015817,0,2
2024101528632,2024,101528632,1,11,0,-1,2,0,0,-1,2,0,0,0,0,0,0,1,-1,1,1,54,8,5132,2,7,WRIGHTBUS STREETLITE,9,E01027439,0,3
2024010545006,2024,010545006,1,11,0,-1,-1,5,1,0,0,8,0,0,0,0,1,1,1,1,1,61,9,5132,2,8,WRIGHTBUS STREETLITE,4,E01001171,0,1
2024101482966,2024,101482966,2,11,0,-1,3,7,3,-1,2,0,0,0,0,0,1,9,-1,1,1,51,8,5132,2,7,WRIGHTBUS STREETLITE,-1,-1,0,-1
2024430393598,2024,430393598,1,11,0,18,19,4,8,0,0,8,0,0,0,0,0,1,1,1,1,58,9,5132,2,9,WRIGHTBUS STREETLITE,10,E01016570,0,3
2024010532247,2024,010532247,1,11,0,2,2,0,0,0,0,0,0,0,0,0,0,1,6,6,3,-1,-1,5132,2,5,WRIGHTBUS STREETLITE,-1,-1,0,-1
2024201529163,2024,201529163,1,11,0,-1,19,6,2,-1,0,0,0,0,0,0,1,9,-1,1,1,54,8,5132,2,5,WRIGHTBUS STREETLITE,2,E01010263,0,2
2024461464523,2024,461464523,2,11,0,-1,19,3,7,-1,0,0,0,0,0,0,1,1,-1,1,1,54,8,5132,2,6,WRIGHTBUS STREETLITE,-1,-1,0,-1
2024111471276,2024,111471276,1,11,0,-1,15,4,7,-1,0,8,0,0,0,0,0,9,-1,1,1,42,7,4461,2,9,WRIGHTBUS STREETLITE,2,E01008634,0,3
2024101434758,2024,101434758,2,11,0,-1,19,6,2,-1,0,8,0,0,0,0,1,1,-1,1,1,58,9,5132,2,7,WRIGHTBUS STREETLITE,4,E01008490,0,3
2024131482911,2024,131482911,2,11,0,-1,19,7,3,-1,0,8,0,0,0,0,1,1,-1,1,1,62,9,5132,2,2,WRIGHTBUS STREETLITE,3,E01010652,0,1
2024010506874,2024,010506874,1,11,0,18,19,2,6,0,0,1,0,0,0,0,0,1,1,1,1,62,9,4461,2,12,WRIGHTBUS STREETLITE,8,E01001120,0,3
2024101485972,2024,101485972,2,11,0,-1,19,6,2,-1,0,1,0,0,0,0,3,1,-1,1,1,62,9,4461,2,11,WRIGHTBUS STREETLITE,2,E01020751,0,4
2024101437922,2024,101437922,1,11,0,-1,4,5,1,-1,0,1,0,0,0,0,1,1,-1,1,1,-1,-1,4461,2,10,WRIGHTBUS STREETLITE,-1,-1,0,-1
2024471490276,2024,471490276,2,11,0,-1,19,5,1,-1,0,0,0,0,0,0,1,1,-1,1,1,58,9,5132,2,8,WRIGHTBUS STREETLITE,10,E01031760,0,3
2024520401883,2024,520401883,1,11,0,5,5,0,0,0,0,0,0,0,0,0,4,1,1,1,1,54,8,4461,2,11,WRIGHTBUS STREETLITE,2,E01029112,0,1
2024101412038,2024,101412038,1,11,0,-1,19,1,1,-1,2,3,0,0,0,0,4,1,-1,1,1,28,6,4461,2,9,WRIGHTBUS STREETLITE,5,E01008615,0,2
2024991408115,2024,991408115,2,11,0,-1,19,3,7,-1,0,8,0,0,7,0,1,1,-1,1,1,46,8,4461,2,11,WRIGHTBUS STREETLITE,-1,-1,0,-1
2024061430318,2024,061430318,1,11,0,-1,19,7,3,-1,0,0,0,0,0,0,1,1,-1,1,1,40,7,4461,2,10,WRIGHTBUS STREETLITE,-1,-1,0,-1
2024361497040,2024,361497040,2,11,0,-1,19,4,8,-1,0,2,0,0,0,0,4,1,-1,1,1,58,9,5132,2,9,WRIGHTBUS STREETLITE,1,E01026832,0,2
2024070110508,2024,070110508,2,11,0,18,19,1,5,0,0,1,0,0,0,0,1,1,1,1,1,70,10,4461,2,11,WRIGHTBUS STREETLITE,4,E01018535,0,2
2024101432245,2024,101432245,1,11,0,-1,4,3,7,-1,0,1,0,0,0,0,0,1,-1,1,1,37,7,4461,2,11,WRIGHTBUS STREETLITE,2,E01020751,0,3
2024010547306,2024,010547306,2,11,0,7,7,1,4,0,0,8,0,0,0,0,1,1,1,1,1,32,6,4461,2,12,WRIGHTBUS STREETLITE,3,E01003124,0,2
2024070167171,2024,070167171,4,11,0,18,19,7,3,0,0,3,0,0,0,0,1,1,1,1,1,38,7,4461,2,10,WRIGHTBUS STREETLITE,1,E01034055,0,3
2024461494724,2024,461494724,1,11,0,-1,9,5,7,-1,0,5,0,0,0,0,1,9,-1,1,1,47,8,4461,2,9,WRIGHTBUS STREETLITE,9,E01008775,0,5
2024010543556,2024,010543556,1,11,0,4,4,3,7,0,0,0,0,0,0,0,0,1,1,1,2,62,9,5132,2,5,WRIGHTBUS STREETLITE,9,E01024415,0,4
2024430264891,2024,430264891,2,3,0,18,19,2,6,0,0,8,0,0,0,0,1,1,6,6,1,24,5,125,1,4,YAMAHA DELIGHT,5,E01016594,0,2
2024010507289,2024,010507289,1,3,0,18,19,7,3,0,0,2,0,0,7,0,4,1,6,6,1,21,5,125,1,4,YAMAHA DELIGHT,7,E01001457,0,1
2024311525248,2024,311525248,1,3,0,-1,4,7,3,-1,0,1,1,0,0,0,4,1,-1,1,1,34,6,125,1,5,YAMAHA DELIGHT,-1,-1,0,-1
2024440418029,2024,440418029,1,3,0,14,14,5,1,0,0,8,1,0,0,0,4,1,6,6,1,47,8,125,1,1,YAMAHA DELIGHT,3,E01022482,0,1
2024471415998,2024,471415998,1,3,0,-1,9,5,3,-1,0,6,0,0,0,0,4,1,-1,9,1,30,6,125,1,4,YAMAHA DELIGHT,1,E01016865,0,2
2024421474940,2024,421474940,2,3,0,-1,4,4,6,-1,0,4,0,0,0,0,2,1,-1,2,2,56,9,125,1,3,YAMAHA DELIGHT,2,E01035586,0,1
2024421500389,2024,421500389,1,3,0,-1,19,7,3,-1,0,1,2,0,0,0,4,1,-1,1,1,29,6,125,1,6,YAMAHA DELIGHT,5,E01003721,0,1
2024361518710,2024,361518710,2,3,0,-1,19,6,2,-1,0,8,0,0,0,0,3,1,-1,9,2,59,9,125,1,5,YAMAHA DELIGHT,5,E01026935,0,1
2024522500443,2024,522500443,1,3,0,4,4,4,8,0,0,2,0,0,0,0,2,1,6,6,1,65,9,125,1,6,YAMAHA DELIGHT,10,E01014767,0,2
2024010499025,2024,010499025,2,3,0,18,19,7,3,0,0,2,0,0,1,0,1,1,6,6,1,39,7,125,1,5,YAMAHA DELIGHT,5,E01004419,0,1
2024010514254,2024,010514254,1,3,0,18,19,4,8,0,0,1,0,0,0,0,4,1,6,6,1,26,6,125,1,3,YAMAHA DELIGHT,-1,-1,0,-1
2024201420443,2024,201420443,2,2,0,-1,9,4,2,-1,0,0,0,0,0,0,2,1,-1,1,1,39,7,125,1,6,YAMAHA DELIGHT,2,E01009757,0,1
2024501500629,2024,501500629,1,3,0,-1,19,3,7,-1,0,3,0,10,0,0,4,1,-1,6,1,34,6,125,1,7,YAMAHA DELIGHT,4,E01015031,0,1
2024311505201,2024,311505201,2,3,0,-1,19,7,3,-1,0,8,0,0,0,0,1,1,-1,1,1,22,5,125,1,6,YAMAHA DELIGHT,-1,-1,0,-1
2024010543664,2024,010543664,1,3,0,18,19,5,1,0,0,8,0,0,0,0,1,1,2,2,1,39,7,125,1,5,YAMAHA DELIGHT,3,E01001941,0,1
2024010513511,2024,010513511,1,3,0,99,99,9,9,99,99,9,9,99,9,99,9,1,6,6,1,26,6,125,1,4,YAMAHA DELIGHT,5,E01003186,0,3
2024451498793,2024,451498793,1,3,0,-1,19,3,7,-1,0,8,0,0,0,0,4,1,-1,6,1,36,7,125,1,5,YAMAHA DELIGHT,9,E01030944,0,1
2024501440810,2024,501440810,1,3,0,-1,4,2,6,-1,0,1,0,0,0,0,1,1,-1,6,1,34,6,125,1,3,YAMAHA DELIGHT,2,E01034631,0,1
2024010503298,2024,010503298,1,3,0,7,7,5,6,9,9,0,0,0,0,0,3,1,1,1,1,36,7,125,1,3,YAMAHA DELIGHT,-1,-1,0,-1
2024010517544,2024,010517544,1,3,0,18,19,1,5,0,0,1,0,0,1,0,1,1,6,6,1,31,6,125,1,0,YAMAHA DELIGHT,4,E01004756,0,1
2024440200869,2024,440200869,2,3,0,3,3,5,1,0,0,0,0,0,0,0,2,1,1,1,1,33,6,125,1,3,YAMAHA DELIGHT,3,E01022484,0,1
2024010522073,2024,010522073,2,3,0,99,99,9,9,99,99,9,9,99,9,99,9,1,1,1,1,59,9,125,1,3,YAMAHA DELIGHT,5,E01001272,0,1
2024010499023,2024,010499023,1,3,0,6,6,1,1,0,0,0,1,0,0,0,1,1,6,6,1,44,7,125,1,4,YAMAHA DELIGHT,6,E01001998,0,1
2024010540480,2024,010540480,1,3,0,99,99,9,9,99,99,9,9,99,9,99,1,1,6,6,1,26,6,125,1,4,YAMAHA DELIGHT,8,E01001046,0,2
2024010546223,2024,010546223,2,4,0,18,19,5,1,0,0,4,5,0,0,0,1,1,1,1,1,22,5,125,1,6,YAMAHA DELIGHT,5,E01004612,0,2
2024010539283,2024,010539283,1,3,0,99,99,9,9,99,99,9,9,99,9,99,1,1,6,6,1,24,5,125,1,3,YAMAHA DELIGHT,4,E01001294,0,1
2024451519191,2024,451519191,2,4,0,-1,14,5,1,-1,0,0,0,0,0,0,1,1,-1,6,1,46,8,125,1,3,YAMAHA DELIGHT,7,E01030794,0,2
2024010507113,2024,010507113,1,3,0,18,19,1,5,0,0,1,0,0,0,0,4,1,6,6,1,21,5,125,1,4,YAMAHA DELIGHT,3,E01002603,0,1
2024311400336,2024,311400336,2,3,0,-1,4,1,5,-1,0,0,0,0,0,0,2,1,-1,9,1,24,5,125,1,7,YAMAHA DELIGHT,6,E01033395,0,1
2024010512170,2024,010512170,2,3,0,9,9,7,4,0,0,1,0,0,0,0,1,1,6,6,1,21,5,125,1,3,YAMAHA DELIGHT,3,E01033935,0,1
2024421395357,2024,421395357,2,3,0,-1,19,4,1,-1,0,1,2,0,0,0,1,1,-1,9,1,31,6,125,1,4,YAMAHA DELIGHT,3,E01015954,0,1
2024010549597,2024,010549597,1,3,0,18,19,1,5,0,0,1,5,0,0,0,1,1,6,6,1,31,6,125,1,2,YAMAHA DELIGHT,3,E01000510,0,1
2024010500525,2024,010500525,1,3,0,99,99,9,9,99,99,9,9,99,9,99,9,1,2,2,1,37,7,125,1,4,YAMAHA DELIGHT,6,E01003255,0,3
2024061437234,2024,061437234,2,3,-1,-1,-1,-1,-1,-1,-1,0,-1,-1,-1,0,-1,1,-1,6,1,18,4,125,1,17,MAKE AND MODEL REDACTED,8,E01006410,0,1
2024052402496,2024,052402496,2,3,0,5,5,4,8,0,0,1,1,0,0,0,1,1,6,6,1,33,6,124,1,8,MAKE AND MODEL REDACTED,1,E01006678,0,1
2024371419959,2024,371419959,1,3,0,-1,4,3,7,-1,0,0,0,0,0,0,1,1,-1,6,1,41,7,125,1,5,MAKE AND MODEL REDACTED,5,E01029961,0,1
2024010519580,2024,010519580,1,3,0,99,99,9,9,99,99,9,9,99,9,99,9,1,6,6,1,30,6,124,1,8,MAKE AND MODEL REDACTED,5,E01000995,0,1
2024552401133,2024,552401133,2,3,0,18,19,2,6,0,0,8,0,0,0,0,2,1,6,6,1,19,4,125,1,5,MAKE AND MODEL REDACTED,5,E01020577,0,1
2024461447481,2024,461447481,1,4,0,-1,19,5,1,-1,0,0,0,4,0,0,1,1,-1,6,1,27,6,124,1,8,MAKE AND MODEL REDACTED,3,E01024608,0,2
2024161528139,2024,161528139,1,98,0,-1,19,5,1,-1,0,0,0,0,0,0,1,1,-1,6,1,54,8,3920,2,19,DAF TRUCKS FA LF,2,E01033104,0,1
2024201424816,2024,201424816,2,90,0,-1,19,4,8,-1,0,0,0,0,0,0,2,9,-1,1,1,59,9,5880,2,18,DAF TRUCKS FA LF,2,E01034312,0,1
2024552400427,2024,552400427,1,21,0,18,19,4,8,0,0,0,2,0,0,0,3,1,1,1,1,45,7,5880,2,18,DAF TRUCKS FA LF,6,E01019982,0,4
2024031524224,2024,031524224,2,98,0,-1,19,5,1,-1,0,8,1,4,7,0,1,1,-1,1,1,55,8,-1,-1,-1,DAF TRUCKS FA LF,1,E01006305,0,4
2024501430110,2024,501430110,2,21,0,-1,19,1,5,-1,0,0,0,0,0,0,1,1,-1,6,1,58,9,5880,2,18,DAF TRUCKS FA LF,5,E01018837,0,3
2024501396691,2024,501396691,2,98,0,-1,2,0,0,-1,0,0,0,0,0,0,2,1,-1,6,1,64,9,-1,2,23,DAF TRUCKS FA LF,3,E01015093,0,1
2024041518834,2024,041518834,5,21,0,-1,1,4,5,-1,0,6,0,0,0,0,0,1,-1,1,1,31,6,5900,2,20,DAF TRUCKS FA LF,1,E01006961,0,4
2024211412592,2024,211412592,3,19,4,-1,19,5,1,-1,0,0,3,0,0,0,2,1,-1,9,1,51,8,3900,2,21,DAF TRUCKS FA LF,-1,-1,0,-1
2024061485460,2024,061485460,2,98,0,-1,2,8,4,-1,9,1,0,0,0,0,0,1,-1,6,-1,-1,-1,-1,2,21,DAF TRUCKS FA LF,-1,-1,0,-1
2024340NN0792,2024,340NN0792,2,21,0,-1,5,1,5,-1,0,6,0,0,0,0,1,1,-1,2,1,53,8,5900,2,21,DAF TRUCKS FA LF,10,E01027203,0,3
2024451411763,2024,451411763,1,3,0,-1,19,3,7,-1,0,1,0,0,0,0,3,1,-1,9,1,18,4,124,1,8,MAKE AND MODEL REDACTED,8,E01030875,0,3
2024501455204,2024,501455204,1,8,0,-1,5,3,4,-1,0,1,0,0,0,0,1,1,-1,1,1,58,9,1995,2,5,FORD GALAXY,7,E01020164,0,4
2024320119462,2024,320119462,1,8,0,-1,-1,4,2,0,0,4,0,0,0,0,1,2,6,6,3,-1,-1,1995,2,2,FORD GALAXY,-1,-1,0,-1
2024520001595,2024,520001595,2,9,0,18,19,5,1,0,0,0,0,0,0,0,3,1,6,6,2,44,7,1753,2,16,FORD GALAXY,10,E01014482,0,1
2024991485165,2024,991485165,2,9,0,-1,19,1,6,-1,0,8,0,0,0,0,1,2,-1,9,2,36,7,1997,2,11,FORD GALAXY,3,-1,0,3
2024430476618,2024,430476618,4,9,0,18,19,1,5,0,0,0,0,0,0,0,4,1,6,6,1,40,7,1997,2,7,FORD GALAXY,8,E01000538,0,4
2024351465140,2024,351465140,2,9,0,-1,9,5,3,-1,0,4,0,0,0,0,3,1,-1,6,2,63,9,1997,2,9,FORD GALAXY,9,E01015629,0,3
2024041429962,2024,041429962,1,9,0,-1,19,2,1,-1,0,0,1,0,3,0,4,1,-1,6,1,33,6,1997,2,14,FORD GALAXY,-1,-1,0,-1
2024430570847,2024,430570847,2,9,0,3,3,4,8,0,0,1,0,0,0,0,2,1,6,6,2,40,7,1997,2,12,FORD GALAXY,8,E01016656,0,1
2024201448256,2024,201448256,1,9,0,-1,-1,5,2,-1,-1,0,0,0,0,0,1,1,-1,-1,1,68,10,1997,2,12,FORD GALAXY,2,E01010051,0,3
2024221445160,2024,221445160,2,9,0,-1,10,2,8,-1,0,8,0,0,0,0,2,1,-1,1,1,41,7,1560,2,12,FORD GALAXY,6,E01014078,0,1
2024340WN1782,2024,340WN1782,1,9,0,-1,19,1,5,-1,0,1,1,0,1,11,1,1,-1,2,1,63,9,1997,2,9,FORD GALAXY,6,E01027030,0,3
2024430532970,2024,430532970,2,9,0,9,9,5,3,0,0,5,0,0,0,0,2,1,1,1,1,36,7,1995,2,4,FORD GALAXY,-1,-1,0,-1
2024131430485,2024,131430485,2,9,0,-1,19,1,5,-1,-1,1,0,0,0,0,-1,1,-1,6,3,-1,-1,1997,2,14,FORD GALAXY,-1,-1,0,-1
2024010500187,2024,010500187,1,9,0,18,19,3,7,0,0,6,0,0,0,0,3,1,6,6,3,-1,-1,1997,2,8,FORD GALAXY,-1,-1,0,-1
2024332400788,2024,332400788,1,9,0,-1,19,8,4,-1,0,0,0,0,0,0,1,1,-1,9,1,75,10,1997,2,14,FORD GALAXY,7,E01026351,0,1
2024451422473,2024,451422473,2,9,0,-1,12,3,7,-1,0,8,0,0,7,0,3,1,-1,6,3,40,7,1997,2,6,FORD GALAXY,6,E01030717,0,2
2024401409251,2024,401409251,1,9,0,-1,9,4,5,-1,0,6,0,0,0,0,1,1,-1,6,2,33,6,1997,2,9,FORD GALAXY,2,E01015774,0,1
2024131457656,2024,131457656,2,9,0,-1,4,1,5,-1,0,0,0,0,0,0,0,1,-1,9,1,61,9,1995,2,3,FORD GALAXY,2,E01011538,0,1
2024010546022,2024,010546022,1,8,0,18,19,1,5,0,0,8,0,0,0,0,1,1,1,1,1,35,6,1997,2,8,FORD GALAXY,2,E01033587,0,3
2024440554111,2024,440554111,1,9,0,18,19,7,3,0,0,8,0,0,0,0,1,1,6,6,1,44,7,1997,2,18,FORD GALAXY,4,E01022524,0,3
2024201454653,2024,201454653,3,9,0,-1,3,7,2,-1,0,2,0,0,0,0,2,9,-1,6,3,-1,-1,1995,2,4,FORD GALAXY,-1,-1,0,-1
2024201480902,2024,201480902,1,9,0,-1,19,6,4,-1,0,8,0,0,0,0,1,9,-1,6,3,52,8,1997,2,6,FORD GALAXY,1,E01009350,0,1
2024430220575,2024,430220575,1,8,0,18,19,2,7,0,0,0,0,0,0,0,3,1,1,1,1,46,8,1995,2,5,FORD GALAXY,4,E01016518,0,1
2024461474583,2024,461474583,1,9,0,-1,19,6,2,-1,0,0,0,0,0,0,1,1,-1,6,1,32,6,1997,2,8,FORD GALAXY,6,E01000594,0,4
2024401461226,2024,401461226,1,9,-1,-1,-1,-1,-1,-1,-1,0,-1,-1,-1,0,-1,9,-1,6,1,38,7,1997,2,8,FORD GALAXY,9,E01023726,0,3
2024351535762,2024,351535762,1,9,0,-1,19,5,7,-1,0,0,0,0,0,0,1,1,-1,6,2,49,8,1997,2,8,FORD GALAXY,8,E01023590,0,4
2024131420495,2024,131420495,1,9,0,-1,12,1,1,-1,0,6,0,0,0,0,4,1,-1,9,1,24,5,1997,2,16,FORD GALAXY,10,E01011458,0,3
2024010511150,2024,010511150,1,8,0,99,99,9,9,99,99,2,9,99,9,99,2,9,1,1,1,49,8,1995,2,5,FORD GALAXY,2,E01004310,0,2
2024552400609,2024,552400609,4,9,0,3,3,2,6,0,0,0,0,0,0,0,2,1,6,6,1,55,8,1997,2,12,FORD GALAXY,1,E01009743,0,5
2024010491218,2024,010491218,1,9,0,18,19,3,7,0,0,2,0,0,0,0,2,1,6,6,1,66,10,1997,2,10,FORD GALAXY,3,E01004023,0,2