collision_index,collision_year,collision_ref_no,vehicle_reference,vehicle_type,towing_and_articulation,vehicle_manoeuvre_historic,vehicle_manoeuvre,vehicle_direction_from,vehicle_direction_to,vehicle_location_restricted_lane_historic,vehicle_location_restricted_lane,junction_location,skidding_and_overturning,hit_object_in_carriageway,vehicle_leaving_carriageway,hit_object_off_carriageway,first_point_of_impact,vehicle_left_hand_drive,journey_purpose_of_driver_historic,journey_purpose_of_driver,sex_of_driver,age_of_driver,age_band_of_driver,engine_capacity_cc,propulsion_code,age_of_vehicle,generic_make_model,driver_imd_decile,lsoa_of_driver,escooter_flag,driver_distance_banding
2024010540980,2024,010540980,1,9,0,1,1,1,5,0,0,8,1,4,0,0,2,2,2,2,1,52,8,1997,2,9,FORD GALAXY,3,E01001448,0,1
2024461444391,2024,461444391,1,9,0,-1,7,7,3,-1,0,6,0,0,0,0,1,2,-1,6,1,33,6,1997,2,17,FORD GALAXY,-1,-1,0,-1
2024052400567,2024,052400567,1,9,0,9,9,8,6,0,0,8,0,0,1,2,1,1,6,6,1,60,9,1995,2,2,FORD GALAXY,2,E01012412,0,3
2024411431697,2024,411431697,1,9,0,-1,7,3,1,-1,0,0,0,0,0,0,1,1,-1,1,1,39,7,1997,2,7,FORD GALAXY,6,E01023903,0,1
2024461456549,2024,461456549,2,9,0,-1,3,7,3,-1,0,1,0,0,0,0,2,9,-1,6,2,40,7,1997,2,10,FORD GALAXY,8,E01016096,0,2
2024010524680,2024,010524680,1,9,0,14,14,2,6,0,0,6,0,0,0,0,3,1,6,6,1,52,8,1997,2,12,FORD GALAXY,3,E01001053,0,3
2024131417018,2024,131417018,2,9,0,-1,2,0,0,-1,9,0,0,0,0,0,4,1,-1,6,-1,-1,-1,1997,2,17,FORD GALAXY,-1,-1,0,-1
2024501454379,2024,501454379,2,9,0,-1,19,3,7,-1,0,1,0,0,0,0,1,1,-1,7,1,30,6,1997,2,18,FORD GALAXY,7,E01019058,0,2
2024501401808,2024,501401808,2,9,0,-1,19,7,3,-1,0,1,0,0,0,0,1,1,-1,1,1,53,8,1997,2,17,FORD GALAXY,2,E01032658,0,1
2024010537127,2024,010537127,2,9,0,2,2,0,0,0,0,6,0,0,1,0,2,1,6,6,3,-1,-1,1997,2,9,FORD GALAXY,-1,-1,0,-1
2024501492832,2024,501492832,1,9,0,-1,19,1,5,-1,0,4,0,0,0,0,4,1,-1,6,2,40,7,1997,2,8,FORD GALAXY,2,E01015081,0,1
2024991458176,2024,991458176,1,9,0,-1,9,1,7,-1,0,5,0,0,1,0,4,1,-1,9,1,52,8,1995,2,3,FORD GALAXY,-1,-1,0,-1
2024371419927,2024,371419927,1,8,0,-1,19,2,6,-1,0,1,1,0,1,0,1,9,-1,1,2,44,7,1997,2,10,FORD GALAXY,7,E01030217,0,3
2024131512770,2024,131512770,1,9,0,-1,19,7,3,-1,0,1,0,0,0,0,1,1,-1,9,2,50,8,1997,2,15,FORD GALAXY,1,E01011660,0,1
2024131396132,2024,131396132,2,9,0,-1,4,5,1,-1,0,0,0,0,0,0,2,1,-1,9,1,30,6,1997,2,7,FORD GALAXY,1,E01010617,0,2
2024010495404,2024,010495404,1,9,0,4,4,2,6,0,0,1,0,0,0,0,2,1,3,7,2,42,7,1997,2,9,FORD GALAXY,2,E01001110,0,1
2024631430123,2024,631430123,1,8,0,-1,9,7,6,-1,0,6,0,0,0,0,3,1,-1,1,1,72,10,1997,2,11,FORD GALAXY,7,W01000619,0,2
2024320572483,2024,320572483,1,8,0,-1,-1,2,6,0,0,1,0,0,0,0,1,1,1,1,1,32,6,1995,2,3,FORD GALAXY,6,E01026039,0,4
2024231424850,2024,231424850,1,9,0,-1,9,2,1,-1,0,5,0,0,0,0,1,1,-1,9,1,41,7,1896,2,18,FORD GALAXY,2,E01031092,0,1
202460Q190948,2024,60Q190948,1,8,0,10,10,1,7,0,0,1,0,0,0,0,3,1,6,6,1,48,8,1997,2,8,FORD GALAXY,-1,-1,0,-1
2024010536820,2024,010536820,2,9,0,2,2,0,0,9,9,1,1,0,0,0,1,1,6,6,3,-1,-1,1995,2,2,FORD GALAXY,-1,-1,0,-1
2024221507071,2024,221507071,1,9,0,-1,19,3,6,-1,0,0,0,0,0,0,3,1,-1,6,2,53,8,1997,2,11,FORD GALAXY,6,E01022253,0,2
2024440028722,2024,440028722,1,9,0,18,19,6,2,0,0,1,0,0,0,0,1,1,6,6,2,30,6,1997,2,13,FORD GALAXY,3,E01022482,0,1
2024481569555,2024,481569555,1,9,0,-1,7,7,1,-1,0,8,0,0,0,0,4,1,-1,1,1,47,8,1995,2,4,FORD GALAXY,-1,-1,0,-1
2024461521850,2024,461521850,1,9,0,-1,9,4,1,-1,0,6,0,0,0,0,3,1,-1,1,1,50,8,1997,2,10,FORD GALAXY,3,E01016047,0,4
2024320531928,2024,320531928,1,9,0,-1,-1,6,2,0,0,0,0,0,0,0,3,1,1,1,1,40,7,1995,2,4,FORD GALAXY,8,E01026200,0,3
2024361480852,2024,361480852,2,9,0,-1,2,0,0,-1,0,0,0,4,0,0,1,1,-1,6,-1,-1,-1,1997,2,11,FORD GALAXY,-1,-1,0,-1
2024351539283,2024,351539283,2,9,0,-1,4,8,3,-1,0,0,0,0,0,0,2,1,-1,9,1,55,8,1560,2,12,FORD GALAXY,3,E01027312,0,4
2024201438519,2024,201438519,1,9,0,-1,11,1,5,-1,0,8,0,0,0,0,1,1,-1,6,2,35,6,1997,2,13,FORD GALAXY,3,E01009538,0,1
2024041487800,2024,041487800,1,9,0,-1,9,7,3,-1,0,8,0,0,0,0,1,1,-1,6,1,44,7,1753,2,17,FORD GALAXY,1,E01012619,0,2
2024311520436,2024,311520436,1,9,0,-1,3,6,6,-1,0,1,0,0,0,0,2,1,-1,6,2,60,9,1753,2,16,FORD GALAXY,2,E01013853,0,1
2024141441295,2024,141441295,2,9,0,-1,19,5,1,-1,0,0,0,0,0,0,4,1,-1,2,2,43,7,1997,2,6,FORD GALAXY,9,E01007419,0,2
2024501474557,2024,501474557,1,9,0,-1,19,3,7,-1,0,1,0,0,0,0,1,1,-1,9,1,46,8,1997,2,14,FORD GALAXY,4,E01018895,0,1
2024552400308,2024,552400308,1,9,0,18,19,8,4,0,0,8,0,0,0,0,1,1,6,6,1,52,8,1997,2,11,FORD GALAXY,6,E01015402,0,1
2024332401234,2024,332401234,1,9,0,-1,9,1,7,-1,0,5,0,0,0,0,1,1,-1,6,1,50,8,1997,2,9,FORD GALAXY,5,E01013623,0,1
2024201452482,2024,201452482,2,9,0,-1,19,8,4,-1,0,2,0,0,0,0,1,9,-1,6,1,77,11,1995,2,3,FORD GALAXY,1,E01010289,0,1
2024201435611,2024,201435611,1,9,0,-1,19,2,6,-1,0,8,1,0,0,0,1,1,-1,2,2,54,8,1997,2,7,FORD GALAXY,6,E01010132,0,2
2024991432012,2024,991432012,2,8,0,-1,7,8,2,-1,0,5,0,0,3,0,3,1,-1,1,2,62,9,1997,2,8,FORD GALAXY,1,-1,0,1
2024010510798,2024,010510798,2,9,0,99,99,9,9,99,99,9,9,99,9,99,9,9,6,6,3,-1,-1,2488,8,1,FORD GALAXY,-1,-1,0,-1
2024361460157,2024,361460157,2,9,0,-1,19,1,5,-1,0,5,0,0,0,0,3,1,-1,9,1,43,7,1997,2,11,FORD GALAXY,1,E01026641,0,1
2024340NN2262,2024,340NN2262,1,9,0,-1,9,3,5,-1,0,8,0,0,0,0,1,1,-1,9,1,55,8,1997,2,17,FORD GALAXY,9,E01027042,0,1
2024440443375,2024,440443375,2,9,0,9,9,1,5,0,0,0,0,0,1,2,4,1,6,6,1,72,10,1997,2,13,FORD GALAXY,5,E01023285,0,1
2024421462521,2024,421462521,2,9,0,-1,4,7,3,-1,0,0,0,0,0,0,1,1,-1,6,2,43,7,1997,2,8,FORD GALAXY,3,E01034354,0,1
2024411537184,2024,411537184,2,9,0,-1,19,6,2,-1,0,0,0,0,0,0,1,1,-1,6,2,39,7,1997,2,12,FORD GALAXY,3,E01023343,0,2
2024430279189,2024,430279189,2,9,0,12,12,5,1,0,0,0,0,0,0,0,2,1,6,6,1,60,9,1995,2,6,FORD GALAXY,-1,-1,0,-1
2024461442794,2024,461442794,2,8,0,-1,19,7,3,-1,0,3,0,0,0,0,2,1,-1,2,2,54,8,1995,2,4,FORD GALAXY,7,E01024288,0,1
2024430316686,2024,430316686,1,9,0,99,99,9,9,0,0,6,0,0,0,0,3,1,6,6,3,62,9,1997,2,13,FORD GALAXY,-1,-1,0,-1
2024201398931,2024,201398931,1,9,0,-1,14,6,2,-1,0,1,0,0,0,0,1,9,-1,6,1,36,7,1997,2,17,FORD GALAXY,1,E01009258,0,1
2024451487299,2024,451487299,1,8,0,-1,7,1,5,-1,99,0,0,0,0,0,2,1,-1,9,1,64,9,1997,2,8,FORD GALAXY,8,E01030988,0,1
2024201487690,2024,201487690,2,9,0,-1,7,3,5,-1,0,0,0,0,0,0,2,1,-1,1,1,31,6,1995,2,6,FORD GALAXY,-1,-1,0,-1
2024520402680,2024,520402680,2,9,0,17,19,4,1,0,0,0,0,0,0,0,3,1,6,6,1,50,8,1596,1,11,FORD GALAXY,5,E01021921,0,5
2024421457799,2024,421457799,1,9,0,-1,19,6,1,-1,0,8,1,10,7,5,1,1,-1,6,1,21,5,1997,2,11,FORD GALAXY,-1,-1,0,-1
2024010521441,2024,010521441,1,9,0,18,19,3,7,0,0,0,0,0,0,0,1,1,6,6,1,58,9,1997,2,6,FORD GALAXY,2,E01004615,0,3
2024421479442,2024,421479442,2,9,0,-1,19,7,3,-1,0,0,0,0,0,0,1,2,-1,1,1,37,7,1997,2,13,FORD GALAXY,1,E01021323,0,4
2024201462246,2024,201462246,3,9,0,-1,2,0,0,-1,0,0,0,4,0,0,3,1,-1,6,1,45,7,1997,2,15,FORD GALAXY,1,E01010266,0,1
2024332401186,2024,332401186,1,9,0,-1,9,5,3,-1,0,6,0,0,0,0,1,1,-1,9,1,52,8,1997,2,13,FORD GALAXY,2,E01013654,0,1
2024451523385,2024,451523385,3,9,0,-1,19,7,3,-1,0,0,0,0,0,0,1,1,-1,6,-1,40,7,1997,2,7,FORD GALAXY,-1,-1,0,-1
2024010518388,2024,010518388,2,9,0,6,6,1,1,0,0,2,0,0,0,0,1,1,6,6,1,23,5,1997,2,7,FORD GALAXY,-1,-1,0,-1
2024141444774,2024,141444774,1,9,0,-1,9,7,4,-1,0,8,0,0,0,0,4,1,-1,6,1,31,6,1997,2,17,FORD GALAXY,1,E01008060,0,2
2024201474245,2024,201474245,1,9,0,-1,20,3,7,-1,0,0,0,4,0,0,1,1,-1,9,2,54,8,1997,2,6,FORD GALAXY,1,E01009201,0,3
2024552400804,2024,552400804,2,9,0,2,2,0,0,0,0,0,0,0,0,0,2,1,6,6,3,-1,-1,1997,2,15,FORD GALAXY,-1,-1,0,-1
2024451402115,2024,451402115,1,9,0,-1,19,7,3,-1,0,0,0,99,0,0,1,1,-1,9,1,30,6,1997,2,15,FORD GALAXY,7,E01023125,0,1
2024440226092,2024,440226092,2,9,0,18,19,2,6,0,0,0,0,0,0,0,1,1,6,6,1,40,7,1997,2,9,FORD GALAXY,1,E01017032,0,1
2024311518004,2024,311518004,1,9,-1,-1,9,3,1,-1,0,4,0,0,0,0,1,9,-1,6,1,48,8,1995,2,4,FORD GALAXY,2,E01013907,0,2
2024543395024,2024,543395024,1,9,0,18,19,4,8,0,0,0,1,0,0,10,1,1,6,6,1,59,9,1997,2,11,FORD GALAXY,10,E01032707,0,3
2024421538664,2024,421538664,2,9,0,-1,19,5,1,-1,0,1,0,0,0,0,2,1,-1,9,1,53,8,1997,2,7,FORD GALAXY,4,E01015948,0,2
2024430261883,2024,430261883,2,9,0,10,10,2,6,0,0,1,0,0,0,0,2,1,2,2,2,48,8,1997,2,16,FORD GALAXY,7,E01017835,0,1
202460Q148242,2024,60Q148242,1,9,0,10,10,7,3,0,0,6,0,0,0,0,3,1,1,1,2,52,8,1997,2,9,FORD GALAXY,-1,-1,0,-1
2024041442928,2024,041442928,2,9,0,-1,19,1,5,-1,0,1,0,0,0,0,3,1,-1,9,1,41,7,2179,2,12,FORD GALAXY,10,E01025530,0,2
2024461416602,2024,461416602,2,9,0,-1,2,0,0,-1,0,0,0,0,0,0,1,2,-1,6,-1,-1,-1,1997,2,16,FORD GALAXY,-1,-1,0,-1
2024552401511,2024,552401511,1,9,0,18,19,3,7,0,0,0,0,0,0,0,1,1,6,6,2,46,8,1997,2,18,FORD GALAXY,4,E01020483,0,1
2024141516708,2024,141516708,1,9,0,-1,19,8,4,-1,0,1,0,0,2,2,1,1,-1,2,1,37,7,1995,2,4,FORD GALAXY,2,E01011815,0,2
2024471522635,2024,471522635,1,9,0,-1,9,4,3,-1,0,6,0,0,0,0,1,1,-1,2,1,45,7,1997,2,14,FORD GALAXY,5,E01031806,0,1
2024471400465,2024,471400465,2,9,0,-1,7,1,3,-1,0,0,0,0,0,0,1,1,-1,6,1,-1,-1,1997,2,9,FORD GALAXY,5,E01031731,0,1
2024201494315,2024,201494315,2,8,0,-1,9,8,6,-1,0,6,0,0,0,0,1,1,-1,6,1,51,8,1997,2,7,FORD GALAXY,6,E01010123,0,2
2024111487347,2024,111487347,2,9,0,-1,9,8,1,-1,0,0,0,0,0,0,1,1,-1,9,1,70,10,1995,2,3,FORD GALAXY,-1,-1,0,-1
2024440330425,2024,440330425,1,9,0,7,7,8,2,0,0,1,0,0,0,0,1,1,6,6,1,48,8,1997,2,9,FORD GALAXY,2,E01017153,0,2
2024411440647,2024,411440647,2,9,0,-1,4,5,1,-1,0,0,0,0,0,0,2,1,-1,2,2,20,4,1995,2,5,FORD GALAXY,2,E01001464,0,4
2024361431361,2024,361431361,1,9,0,-1,9,3,5,-1,0,5,0,0,0,0,3,9,-1,6,1,61,9,1896,2,19,FORD GALAXY,1,E01026626,0,1
2024221427510,2024,221427510,1,9,0,-1,19,4,8,-1,0,0,0,0,0,0,1,9,-1,6,1,40,7,1753,2,16,FORD GALAXY,5,E01029011,0,4
2024041451340,2024,041451340,2,9,0,-1,9,5,1,-1,0,8,0,0,0,0,4,1,-1,6,1,52,8,1997,2,15,FORD GALAXY,1,E01025186,0,1
2024061473148,2024,061473148,2,9,0,-1,19,7,3,-1,0,8,0,0,0,0,1,1,-1,9,1,51,8,1753,2,16,FORD GALAXY,1,E01005236,0,1
2024461413446,2024,461413446,2,9,0,-1,2,0,0,-1,9,0,0,0,0,0,4,1,-1,6,-1,-1,-1,1498,1,5,FORD GALAXY,-1,-1,0,-1
2024131509552,2024,131509552,1,9,0,-1,13,5,1,-1,0,0,0,0,0,0,1,1,-1,6,1,40,7,1997,2,16,FORD GALAXY,1,E01011866,0,2
2024440459406,2024,440459406,1,9,0,9,9,3,7,0,0,5,0,0,0,0,4,1,6,6,1,49,8,1997,2,17,FORD GALAXY,1,E01017210,0,1
2024052402659,2024,052402659,1,9,0,5,5,6,2,0,0,1,0,0,0,0,1,1,6,6,3,-1,-1,1997,2,12,FORD GALAXY,-1,-1,0,-1
2024010505798,2024,010505798,2,9,0,99,99,9,9,99,99,9,9,99,9,99,1,9,6,6,3,-1,-1,1753,2,17,FORD GALAXY,-1,-1,0,-1
2024061493678,2024,061493678,3,9,0,-1,19,8,3,-1,0,8,0,0,0,0,1,1,-1,9,1,34,6,1997,2,13,FORD GALAXY,2,E01006298,0,1
2024430064621,2024,430064621,1,8,0,2,2,0,0,0,0,0,0,0,0,0,2,1,1,1,1,54,8,1997,2,7,FORD GALAXY,2,E01015727,0,4
2024052400574,2024,052400574,1,9,0,18,19,5,1,0,0,1,0,0,0,0,1,1,6,6,2,64,9,1560,2,12,FORD GALAXY,8,E01007097,0,1
2024311460346,2024,311460346,1,9,0,-1,14,5,1,-1,0,0,0,0,0,0,3,1,-1,2,1,53,8,1753,2,17,FORD GALAXY,6,E01027947,0,1
2024131445357,2024,131445357,1,9,0,-1,19,7,3,-1,0,0,0,0,0,0,4,1,-1,9,2,55,8,1997,2,8,FORD GALAXY,7,E01011561,0,1
2024122401126,2024,122401126,1,9,0,9,9,3,7,0,0,0,0,0,7,0,2,1,6,6,2,64,9,1997,2,11,FORD GALAXY,7,E01027877,0,2
2024041519430,2024,041519430,1,9,0,-1,19,4,8,-1,0,1,0,0,0,0,1,1,-1,9,2,58,9,1997,2,15,FORD GALAXY,1,E01012746,0,1
2024361480215,2024,361480215,1,9,0,-1,1,3,7,-1,0,0,0,0,0,0,3,1,-1,9,2,66,10,1997,2,14,FORD GALAXY,5,E01026724,0,1
2024031464987,2024,031464987,1,9,0,-1,5,1,1,-1,0,1,0,0,0,0,1,1,-1,6,2,60,9,1995,2,4,FORD GALAXY,8,E01019322,0,1
2024010512117,2024,010512117,1,9,0,4,4,1,5,0,0,1,0,11,0,0,1,1,1,1,1,44,7,1997,2,6,FORD GALAXY,-1,-1,0,-1
2024351427882,2024,351427882,1,9,0,-1,19,6,2,-1,0,0,0,0,0,0,1,1,-1,6,1,48,8,1997,2,10,FORD GALAXY,5,E01018304,0,2
2024052400597,2024,052400597,2,9,0,18,19,8,4,0,0,1,0,0,0,0,1,1,6,6,1,41,7,1997,2,14,FORD GALAXY,4,E01006570,0,1
2024201569339,2024,201569339,2,9,0,-1,19,3,7,-1,0,8,0,0,0,0,3,1,-1,1,1,43,7,1997,2,8,FORD GALAXY,2,E01009955,0,1
2024440087333,2024,440087333,3,9,0,18,19,6,2,0,0,1,0,0,0,0,1,1,1,1,1,41,7,1997,2,7,FORD GALAXY,2,E01017202,0,1
2024010522850,2024,010522850,3,9,0,18,19,3,7,0,0,0,0,0,0,0,2,1,6,6,2,60,9,1999,1,12,FORD GALAXY,8,E01004168,0,1
2024371479691,2024,371479691,1,9,0,-1,9,6,5,-1,0,1,0,0,0,0,1,1,-1,6,1,62,9,1995,2,4,FORD GALAXY,5,E01003645,0,4
2024552401499,2024,552401499,2,9,0,4,4,6,2,0,0,0,0,0,0,0,2,1,6,6,1,68,10,1997,2,15,FORD GALAXY,1,E01020582,0,2
2024131510151,2024,131510151,1,9,0,-1,2,0,0,-1,0,0,0,0,0,0,2,1,-1,6,2,58,9,1997,2,10,FORD GALAXY,8,E01011047,0,1
2024501412498,2024,501412498,1,9,0,-1,4,3,7,-1,0,1,0,0,0,0,1,9,-1,6,1,30,6,1560,2,9,FORD GALAXY,1,E01015043,0,2
2024101411827,2024,101411827,3,9,0,-1,9,5,3,-1,0,8,0,0,0,0,3,1,-1,9,1,46,8,1997,2,17,FORD GALAXY,5,E01008787,0,1
202460Q025000,2024,60Q025000,1,9,0,18,19,1,5,0,0,0,1,0,1,7,1,1,6,6,1,42,7,2295,1,21,FORD GALAXY,-1,-1,0,-1
2024351528077,2024,351528077,1,9,0,-1,19,6,2,-1,0,0,5,0,1,0,1,1,-1,6,1,38,7,1997,2,17,FORD GALAXY,1,E01026623,0,5
2024332400376,2024,332400376,1,9,0,-1,5,2,6,-1,9,6,0,0,0,0,1,1,-1,9,2,44,7,1997,2,13,FORD GALAXY,5,E01013736,0,1
2024440414605,2024,440414605,1,9,0,18,19,2,6,0,0,0,0,0,0,0,4,1,6,6,1,35,6,1997,2,14,FORD GALAXY,2,E01023156,0,1
2024010506723,2024,010506723,1,9,0,99,99,9,9,99,99,9,9,99,9,99,1,9,6,6,2,36,7,1997,2,8,FORD GALAXY,2,E01001054,0,2
2024010551236,2024,010551236,1,9,9,99,99,9,9,99,99,9,9,99,9,99,9,9,6,6,1,71,10,1997,2,9,FORD GALAXY,2,E01004089,0,1
2024440218819,2024,440218819,1,9,0,2,2,0,0,6,6,0,0,0,0,0,2,1,6,6,2,34,6,1896,2,19,FORD GALAXY,-1,-1,0,-1
2024361512467,2024,361512467,2,9,0,-1,2,0,0,-1,0,0,0,0,0,0,4,1,-1,9,2,33,6,2488,8,2,FORD GALAXY,5,E01034767,0,1
2024440335828,2024,440335828,2,9,0,4,4,7,3,0,0,8,0,0,0,0,2,1,6,6,1,35,6,2179,2,15,FORD GALAXY,6,E01021193,0,5
2024161510115,2024,161510115,1,9,0,-1,19,3,7,-1,0,1,0,0,7,4,1,1,-1,9,1,20,4,1997,2,9,FORD GALAXY,1,E01013174,0,1
2024201494440,2024,201494440,2,9,0,-1,3,5,1,-1,0,1,0,0,0,0,2,9,-1,6,2,36,7,1997,2,8,FORD GALAXY,9,E01009912,0,1
2024471487698,2024,471487698,1,9,0,-1,19,3,7,-1,0,0,0,0,0,0,1,1,-1,6,1,50,8,1997,2,7,FORD GALAXY,5,E01031554,0,1
2024548444824,2024,548444824,2,9,0,2,2,0,0,0,0,0,0,0,0,0,1,1,6,6,1,-1,-1,1997,2,11,FORD GALAXY,-1,-1,0,-1
2024531502272,2024,531502272,2,9,0,-1,9,2,7,-1,0,3,0,11,0,0,4,1,-1,9,2,43,7,1997,2,13,FORD GALAXY,4,E01022200,0,3
2024471410762,2024,471410762,2,9,0,-1,4,3,7,-1,0,0,0,0,0,0,2,1,-1,9,1,56,9,1997,2,14,FORD GALAXY,4,E01020918,0,1
2024010501713,2024,010501713,3,9,0,99,99,9,9,99,99,9,9,99,9,99,2,9,6,6,3,-1,-1,1997,2,6,FORD GALAXY,-1,-1,0,-1
2024440033946,2024,440033946,2,9,0,9,9,1,6,0,0,6,0,0,0,0,4,1,6,6,1,76,11,1997,2,13,FORD GALAXY,4,E01017254,0,1
2024061532149,2024,061532149,6,9,0,-1,2,0,0,-1,0,0,0,0,0,0,2,1,-1,6,-1,-1,-1,1997,2,11,FORD GALAXY,-1,-1,0,-1
2024522402727,2024,522402727,1,9,0,18,19,8,2,0,0,0,0,0,0,0,1,1,6,6,2,56,9,1997,2,14,FORD GALAXY,8,E01014758,0,1
2024332400200,2024,332400200,3,9,0,-1,19,5,1,-1,0,8,0,0,0,0,1,1,-1,9,2,50,8,1997,2,12,FORD GALAXY,10,E01025616,0,1
2024301530258,2024,301530258,2,9,0,-1,2,4,8,-1,0,0,0,0,1,0,2,1,-1,6,1,48,8,1896,2,18,FORD GALAXY,-1,-1,0,-1
2024522401383,2024,522401383,1,9,0,18,19,8,4,0,0,1,0,0,0,0,1,1,6,6,2,40,7,1997,2,14,FORD GALAXY,1,E01032518,0,1
2024440219417,2024,440219417,5,9,0,2,2,0,0,0,0,2,0,0,0,0,2,1,6,6,1,73,10,1997,2,12,FORD GALAXY,7,E01017351,0,1
2024010520816,2024,010520816,1,9,0,18,19,1,5,0,0,2,0,0,0,0,4,1,6,6,1,61,9,1995,2,2,FORD GALAXY,6,E01003130,0,1
2024351469688,2024,351469688,2,9,0,-1,19,1,5,-1,0,1,0,0,0,0,1,1,-1,6,1,30,6,1997,2,14,FORD GALAXY,10,E01018295,0,1
2024010522752,2024,010522752,4,9,0,2,2,0,0,9,9,0,0,0,0,0,3,1,6,6,3,-1,-1,1997,2,8,FORD GALAXY,-1,-1,0,-1
2024010530166,2024,010530166,2,9,9,18,19,5,1,99,99,9,9,99,9,99,9,1,6,6,1,44,7,1997,2,6,FORD GALAXY,3,E01003988,0,1
2024991500767,2024,991500767,3,9,0,-1,2,7,3,-1,0,0,0,0,0,0,2,1,-1,1,1,56,9,1997,2,12,FORD GALAXY,1,-1,0,1
2024161419111,2024,161419111,2,9,0,-1,19,2,6,-1,0,0,0,0,0,0,4,1,-1,9,1,49,8,1997,2,14,FORD GALAXY,1,E01012782,0,1
2024622400505,2024,622400505,1,9,0,18,19,2,6,0,0,1,0,0,0,0,1,1,1,1,1,43,7,1997,2,10,FORD GALAXY,1,W01001742,0,2
2024010551116,2024,010551116,3,9,0,5,5,1,5,0,0,8,0,0,0,0,2,1,2,2,1,35,6,1997,2,7,FORD GALAXY,4,E01004458,0,4
2024501497350,2024,501497350,2,9,0,-1,4,4,1,-1,0,1,0,0,0,0,2,1,-1,2,1,43,7,1997,2,13,FORD GALAXY,3,E01015189,0,1
2024010542578,2024,010542578,3,9,0,3,3,7,3,0,0,1,0,0,0,0,2,1,6,6,1,44,7,1997,2,8,FORD GALAXY,-1,-1,0,-1
2024451456806,2024,451456806,3,9,0,-1,2,0,0,-1,0,1,0,0,0,0,2,1,-1,6,-1,-1,-1,1997,2,13,FORD GALAXY,-1,-1,0,-1
2024071050082,2024,071050082,4,8,0,-1,19,5,1,-1,0,0,1,0,0,0,1,1,-1,1,1,50,8,1997,2,10,FORD GALAXY,8,E01014346,0,4
2024010513774,2024,010513774,3,9,0,2,2,0,0,0,0,0,0,0,0,0,1,1,6,6,3,-1,-1,1997,2,6,FORD GALAXY,-1,-1,0,-1
2024440390588,2024,440390588,1,9,0,18,19,5,1,0,0,0,0,0,0,0,1,1,3,7,2,36,7,1997,2,12,FORD GALAXY,4,E01017251,0,1
2024041511137,2024,041511137,2,9,0,-1,19,7,3,-1,0,0,0,0,1,0,1,1,-1,2,1,56,9,1997,2,12,FORD GALAXY,6,E01025279,0,1
2024501422399,2024,501422399,1,9,0,-1,1,3,7,-1,0,1,0,0,0,0,2,9,-1,6,1,64,9,2295,1,26,FORD GALAXY,2,E01020280,0,1
2024201476442,2024,201476442,1,9,0,-1,19,3,7,-1,0,0,0,0,0,0,1,9,-1,6,3,51,8,1997,2,10,FORD GALAXY,1,E01010017,0,1
2024552400820,2024,552400820,2,8,0,18,19,5,1,0,0,8,0,0,0,0,1,1,1,1,1,61,9,1995,2,1,FORD GALAXY,4,E01020483,0,1
2024440324524,2024,440324524,1,9,0,9,9,4,2,0,0,8,0,0,0,0,1,1,6,6,1,62,9,1997,2,10,FORD GALAXY,6,E01023237,0,4
2024010491016,2024,010491016,2,9,0,18,19,3,7,0,0,4,0,0,0,0,4,1,6,6,1,67,10,1997,2,8,FORD GALAXY,-1,-1,0,-1
2024421431561,2024,421431561,1,9,0,-1,19,4,8,-1,0,4,0,0,0,0,3,1,-1,9,1,58,9,1997,2,9,FORD GALAXY,2,E01021665,0,1
2024201499789,2024,201499789,1,9,0,-1,19,3,6,-1,0,0,0,0,0,0,1,1,-1,6,1,31,6,1997,2,7,FORD GALAXY,1,E01008976,0,2
2024471469929,2024,471469929,1,9,0,-1,19,1,5,-1,0,0,0,0,0,0,3,1,-1,7,1,35,6,1997,2,6,FORD GALAXY,5,E01031584,0,3
2024041451380,2024,041451380,2,9,0,-1,2,0,0,-1,0,0,0,0,0,0,1,1,-1,6,-1,-1,-1,1997,2,15,FORD GALAXY,-1,-1,0,-1
2024052402813,2024,052402813,1,9,0,18,19,5,1,0,0,0,0,0,0,0,1,1,6,6,1,50,8,1997,2,17,FORD GALAXY,1,E01006416,0,2
2024122400973,2024,122400973,3,9,0,4,4,3,1,0,0,2,0,0,0,0,4,1,6,6,1,53,8,1997,2,16,FORD GALAXY,5,E01027608,0,1
2024052401469,2024,052401469,1,9,0,18,19,2,6,0,0,0,0,0,0,0,1,1,6,6,2,54,8,2179,2,12,FORD GALAXY,3,E01006780,0,1
2024430560647,2024,430560647,1,9,0,18,19,2,6,0,0,2,1,9,2,0,1,1,6,6,1,44,7,1997,2,16,FORD GALAXY,1,E01016742,0,1
2024351532116,2024,351532116,1,9,0,-1,19,6,2,-1,0,0,0,0,0,0,1,1,-1,9,1,84,11,1995,2,5,FORD GALAXY,2,E01015608,0,1
2024061440489,2024,061440489,2,9,0,-1,19,3,7,-1,0,1,0,0,0,0,2,1,-1,9,2,51,8,1997,2,10,FORD GALAXY,7,E01005051,0,2
2024201519615,2024,201519615,1,8,0,-1,9,7,4,-1,0,6,0,0,0,0,2,1,-1,1,1,57,9,1995,2,6,FORD GALAXY,2,E01009795,0,1