collision_index,collision_year,collision_ref_no,vehicle_reference,vehicle_type,towing_and_articulation,vehicle_manoeuvre_historic,vehicle_manoeuvre,vehicle_direction_from,vehicle_direction_to,vehicle_location_restricted_lane_historic,vehicle_location_restricted_lane,junction_location,skidding_and_overturning,hit_object_in_carriageway,vehicle_leaving_carriageway,hit_object_off_carriageway,first_point_of_impact,vehicle_left_hand_drive,journey_purpose_of_driver_historic,journey_purpose_of_driver,sex_of_driver,age_of_driver,age_band_of_driver,engine_capacity_cc,propulsion_code,age_of_vehicle,generic_make_model,driver_imd_decile,lsoa_of_driver,escooter_flag,driver_distance_banding
2024543208424,2024,543208424,2,9,0,18,19,2,6,0,0,0,1,0,7,4,4,1,2,2,1,43,7,1896,2,22,FORD GALAXY,8,E01031885,0,2
2024010516146,2024,010516146,1,9,0,99,99,9,9,99,99,9,9,99,9,99,9,9,6,6,3,-1,-1,1997,2,7,FORD GALAXY,-1,-1,0,-1
2024302400075,2024,302400075,4,9,0,3,3,2,6,0,0,1,0,0,0,0,1,1,6,6,2,40,7,1997,2,13,FORD GALAXY,3,E01013553,0,3
2024010501980,2024,010501980,2,9,0,9,9,7,4,0,0,6,0,0,0,0,1,1,1,1,1,52,8,1997,2,7,FORD GALAXY,2,E01003305,0,1
2024531502968,2024,531502968,1,9,0,-1,19,1,5,-1,0,0,0,0,2,1,1,1,-1,1,1,65,9,1997,2,7,FORD GALAXY,2,E01022288,0,4
2024320474414,2024,320474414,2,9,0,3,3,6,2,0,0,1,0,0,0,0,2,1,-1,-1,1,18,4,1997,2,17,FORD GALAXY,-1,-1,0,-1
2024070405227,2024,070405227,1,8,0,18,19,4,8,0,0,0,0,0,0,0,4,1,1,1,1,70,10,1997,2,9,FORD GALAXY,3,E01018731,0,1
2024451457878,2024,451457878,2,9,0,-1,19,3,7,-1,0,0,0,0,1,0,1,1,-1,1,2,44,7,1997,2,6,FORD GALAXY,8,E01030577,0,1
2024320617506,2024,320617506,2,9,0,-1,-1,4,7,0,0,0,0,0,1,10,3,1,-1,-1,2,35,6,1997,2,7,FORD GALAXY,-1,-1,0,-1
2024101460548,2024,101460548,2,9,0,-1,19,1,5,-1,0,8,0,0,0,0,1,1,-1,6,2,60,9,1995,2,3,FORD GALAXY,-1,-1,0,-1
2024141401823,2024,141401823,2,9,0,-1,11,3,6,-1,0,0,0,0,0,0,1,9,-1,6,3,39,7,1997,2,12,FORD GALAXY,1,E01007369,0,3
2024471459247,2024,471459247,1,9,0,-1,4,7,3,-1,0,0,0,0,0,0,1,1,-1,9,1,50,8,1995,2,5,FORD GALAXY,3,E01021062,0,1
2024010514023,2024,010514023,1,9,0,9,9,3,8,0,0,6,0,0,0,0,1,1,6,6,2,42,7,1995,2,4,FORD GALAXY,5,E01002448,0,1
2024010510651,2024,010510651,2,9,0,18,19,7,3,0,0,8,0,0,0,0,2,1,1,1,1,53,8,1997,2,6,FORD GALAXY,2,E01001507,0,1
2024041450004,2024,041450004,2,9,4,-1,19,2,6,-1,0,0,0,0,0,0,2,1,-1,9,1,55,8,2179,2,15,FORD GALAXY,10,E01025466,0,1
2024552400558,2024,552400558,2,9,0,17,19,7,4,0,0,0,0,0,0,0,1,1,6,6,2,59,9,1997,2,10,FORD GALAXY,10,E01015433,0,3
2024122400838,2024,122400838,2,9,0,2,2,0,0,0,0,0,0,0,0,0,2,1,6,6,3,-1,-1,1995,2,5,FORD GALAXY,-1,-1,0,-1
2024201459031,2024,201459031,1,9,0,-1,1,5,1,-1,0,0,0,4,0,0,2,1,-1,6,1,47,8,1997,2,14,FORD GALAXY,-1,-1,0,-1
2024061483043,2024,061483043,1,9,0,-1,9,-1,-1,-1,0,0,1,0,0,0,2,1,-1,9,2,51,8,1997,2,8,FORD GALAXY,5,E01005556,0,1
2024041441474,2024,041441474,1,9,0,-1,19,7,3,-1,0,0,0,0,0,0,1,1,-1,1,1,33,6,1997,2,7,FORD GALAXY,2,E01012606,0,1
2024320235013,2024,320235013,1,9,0,-1,-1,6,2,0,0,1,0,0,0,0,1,1,6,6,1,22,5,1896,2,21,FORD GALAXY,3,E01034682,0,1
2024461404790,2024,461404790,1,3,0,-1,19,3,7,-1,0,1,0,0,0,0,1,1,-1,9,1,25,5,-1,-1,-1,MAKE AND MODEL REDACTED,1,E01024661,0,1
2024401479890,2024,401479890,2,5,0,-1,19,5,1,-1,0,1,0,0,0,0,1,1,-1,6,1,61,9,1745,1,4,MAKE AND MODEL REDACTED,8,E01023383,0,3
2024371509769,2024,371509769,2,5,0,-1,9,7,5,-1,0,3,0,0,0,0,4,1,-1,6,1,73,10,1745,1,4,MAKE AND MODEL REDACTED,9,E01030233,0,1
2024351439869,2024,351439869,1,17,0,-1,19,6,2,-1,0,1,0,0,0,0,1,1,-1,1,1,-1,-1,4400,2,7,MAKE AND MODEL REDACTED,-1,-1,0,-1
2024010517798,2024,010517798,1,5,0,18,19,1,5,9,9,1,0,0,0,0,1,1,1,1,1,40,7,649,1,7,KAWASAKI KLE,9,E01000775,0,2
2024070357437,2024,070357437,2,5,0,18,19,1,6,0,0,0,0,0,0,0,1,1,6,6,1,53,8,649,1,17,KAWASAKI KLE,-1,-1,0,-1
2024010547168,2024,010547168,2,5,0,-1,-1,5,1,0,0,1,0,0,0,0,1,1,6,6,1,56,9,649,1,9,KAWASAKI KLE,3,E01001113,0,1
2024991464906,2024,991464906,1,5,0,-1,13,2,6,-1,0,0,1,0,0,0,3,1,-1,9,1,23,5,649,1,15,KAWASAKI KLE,5,-1,0,5
2024211470198,2024,211470198,1,5,0,-1,19,3,7,-1,0,0,5,0,0,0,0,1,-1,9,1,42,7,649,1,14,KAWASAKI KLE,1,E01009026,0,4
2024010551154,2024,010551154,2,5,0,18,19,8,4,0,0,0,0,0,0,0,1,1,1,1,1,32,6,649,1,14,KAWASAKI KLE,2,E01027342,0,5
2024340NN3642,2024,340NN3642,1,5,0,-1,19,3,7,-1,0,0,1,12,1,9,1,1,-1,9,1,20,4,649,1,15,KAWASAKI KLE,3,E01027058,0,3
2024010539082,2024,010539082,2,5,0,18,19,8,4,0,0,2,0,0,0,0,0,1,6,6,1,30,6,649,1,13,KAWASAKI KLE,1,E01000782,0,3
2024302400276,2024,302400276,1,5,0,4,4,4,2,0,0,1,1,0,0,0,0,1,2,2,1,53,8,649,1,6,KAWASAKI KLE,2,E01019469,0,1
2024231515548,2024,231515548,2,5,0,-1,19,3,7,-1,0,8,1,0,0,0,3,1,-1,6,1,32,6,649,1,9,KAWASAKI KLE,9,E01035024,0,1
2024122400915,2024,122400915,2,5,0,18,19,6,2,0,0,0,0,0,0,0,2,1,6,6,1,35,6,649,1,10,KAWASAKI KLE,9,E01027882,0,4
2024332400414,2024,332400414,1,5,0,-1,19,5,2,-1,0,0,0,0,1,0,4,1,-1,9,1,39,7,649,1,13,KAWASAKI KLE,4,E01025907,0,3
2024522403097,2024,522403097,2,4,0,3,3,8,4,0,0,0,0,0,0,0,1,1,6,6,1,60,9,296,1,5,KAWASAKI KLE,9,E01014920,0,2
2024231459748,2024,231459748,1,5,0,-1,19,2,8,-1,0,0,1,10,0,0,3,1,-1,6,1,29,6,649,1,13,KAWASAKI KLE,5,E01029841,0,1
2024430627058,2024,430627058,1,5,0,17,19,7,3,0,0,0,2,0,1,0,1,1,6,6,1,22,5,649,1,9,KAWASAKI KLE,10,E01028606,0,2
2024440000830,2024,440000830,1,5,0,18,19,6,2,0,0,0,0,0,0,0,1,1,6,6,1,30,6,649,1,16,KAWASAKI KLE,4,E01017275,0,1
2024010510912,2024,010510912,2,5,0,18,19,3,7,0,0,0,0,0,0,0,1,1,6,6,1,36,7,649,1,7,KAWASAKI KLE,-1,-1,0,-1
2024122400889,2024,122400889,1,5,0,17,19,1,5,0,0,0,0,0,1,0,1,1,6,6,1,66,10,649,1,14,KAWASAKI KLE,5,E01027590,0,3
2024221445372,2024,221445372,2,5,0,-1,4,7,8,-1,0,8,0,0,0,0,2,1,-1,6,1,47,8,649,1,6,KAWASAKI KLE,1,E01014110,0,2
2024631467569,2024,631467569,1,5,0,-1,12,2,5,-1,0,0,0,0,0,0,1,1,-1,9,1,57,9,649,1,14,KAWASAKI KLE,8,E01010515,0,4
2024471414493,2024,471414493,1,5,0,-1,19,7,3,-1,0,0,1,0,0,0,0,1,-1,2,1,52,8,649,1,6,KAWASAKI KLE,4,E01031426,0,3
2024461472998,2024,461472998,1,9,0,-1,5,1,5,-1,0,4,0,0,0,0,3,1,-1,6,2,26,6,-1,3,0,MAKE AND MODEL REDACTED,-1,-1,0,-1
2024010538299,2024,010538299,1,9,0,18,19,1,5,9,9,0,0,0,1,10,1,1,1,1,2,38,7,-1,3,0,MAKE AND MODEL REDACTED,9,E01002994,0,1
2024451464263,2024,451464263,2,2,0,-1,10,5,1,-1,0,0,0,0,0,0,2,1,-1,9,1,16,4,49,1,9,MAKE AND MODEL REDACTED,7,E01030905,0,1
2024501493178,2024,501493178,2,3,0,-1,99,2,6,-1,0,1,1,0,0,0,1,1,-1,6,1,22,5,124,1,4,MAKE AND MODEL REDACTED,3,E01019075,0,1
2024101418118,2024,101418118,1,9,0,-1,19,3,7,-1,0,8,0,0,0,0,1,1,-1,6,1,46,8,-1,3,4,MAKE AND MODEL REDACTED,1,E01008331,0,1
2024010505022,2024,010505022,1,9,0,9,9,8,6,0,0,5,1,0,0,0,4,1,6,6,1,42,7,-1,3,2,MAKE AND MODEL REDACTED,3,E01003373,0,3
2024440119573,2024,440119573,1,9,0,17,19,1,6,0,0,0,0,0,0,0,3,1,3,7,2,46,8,-1,3,2,MAKE AND MODEL REDACTED,8,E01017286,0,1
2024010528325,2024,010528325,2,8,0,11,11,9,9,99,99,0,9,99,9,99,9,9,6,6,1,46,8,-1,3,3,MAKE AND MODEL REDACTED,5,E01002501,0,4
2024991475317,2024,991475317,1,3,0,-1,19,5,1,-1,0,0,0,0,0,0,3,1,-1,2,1,37,7,124,1,0,MAKE AND MODEL REDACTED,6,-1,0,2
2024061446399,2024,061446399,1,4,0,-1,3,5,1,-1,0,1,0,0,0,0,1,1,-1,1,1,24,5,124,1,2,MAKE AND MODEL REDACTED,8,E01005049,0,2
2024451479625,2024,451479625,2,9,0,-1,19,5,1,-1,0,1,0,0,0,0,1,1,-1,6,2,57,9,1299,1,19,MAKE AND MODEL REDACTED,9,E01030690,0,2
2024471517201,2024,471517201,1,9,0,-1,6,3,7,-1,0,0,1,0,0,0,1,1,-1,9,2,26,6,1584,1,20,MAKE AND MODEL REDACTED,6,E01021054,0,1
2024010529321,2024,010529321,2,5,0,99,99,9,9,99,99,9,9,99,9,99,1,1,6,6,3,-1,-1,744,1,10,MAKE AND MODEL REDACTED,6,E01032395,0,5
2024311542703,2024,311542703,2,9,0,-1,9,5,2,-1,0,8,0,0,0,0,1,1,-1,6,2,18,4,1298,1,15,MAKE AND MODEL REDACTED,-1,-1,0,-1
2024991517345,2024,991517345,1,9,0,-1,12,5,1,-1,0,0,0,0,0,0,1,1,-1,6,2,43,7,1298,1,13,MAKE AND MODEL REDACTED,-1,-1,0,-1
2024211493653,2024,211493653,2,9,0,-1,19,5,1,-1,0,0,0,0,0,0,1,1,-1,6,1,39,7,1298,1,17,MAKE AND MODEL REDACTED,4,E01029812,0,1
2024411409228,2024,411409228,1,9,0,-1,9,7,5,-1,0,5,0,0,0,0,1,1,-1,6,2,-1,-1,1298,1,13,MAKE AND MODEL REDACTED,-1,-1,0,-1
202460Q116387,2024,60Q116387,1,9,0,15,15,2,6,0,0,0,0,4,0,0,1,1,6,6,1,19,4,1298,1,17,MAKE AND MODEL REDACTED,-1,-1,0,-1
2024471461256,2024,471461256,2,9,0,-1,3,5,1,-1,0,1,0,0,0,0,4,1,-1,6,1,67,10,1298,1,16,MAKE AND MODEL REDACTED,4,E01031799,0,1
2024501528453,2024,501528453,1,9,0,-1,19,7,3,-1,0,0,5,10,0,0,1,1,-1,9,2,58,9,1499,2,1,PEUGEOT 5008,8,E01020003,0,2
2024221412722,2024,221412722,1,9,0,-1,9,6,4,-1,0,6,0,0,0,0,3,1,-1,6,2,34,6,1200,1,3,PEUGEOT 5008,1,E01032245,0,1
2024622400800,2024,622400800,2,9,0,18,19,2,6,0,0,8,0,0,0,0,1,1,6,6,2,35,6,1997,2,14,PEUGEOT 5008,10,W01000827,0,2
2024440062843,2024,440062843,1,9,0,18,19,6,2,0,0,8,0,0,0,0,1,1,6,6,1,69,10,1199,1,1,PEUGEOT 5008,6,E01023054,0,3
2024111522609,2024,111522609,1,9,0,-1,9,5,2,-1,0,1,0,0,0,0,3,1,-1,6,2,30,6,1200,1,3,PEUGEOT 5008,5,E01034492,0,1
2024010512886,2024,010512886,1,9,0,99,99,9,9,99,99,9,9,99,9,99,2,9,6,6,2,27,6,1499,2,1,PEUGEOT 5008,4,E01002547,0,2
2024531465674,2024,531465674,2,9,0,-1,19,3,7,-1,0,0,0,0,0,0,4,1,-1,9,1,38,7,1500,2,4,PEUGEOT 5008,6,E01022261,0,1
2024101406484,2024,101406484,1,9,0,-1,9,2,4,-1,0,1,0,0,0,0,1,1,-1,6,1,52,8,1560,2,10,PEUGEOT 5008,4,E01008830,0,1
2024070635955,2024,070635955,1,9,0,9,9,6,2,0,0,6,0,0,0,0,1,1,6,6,1,42,7,1560,2,14,PEUGEOT 5008,2,E01025521,0,4
2024221498917,2024,221498917,1,9,0,-1,19,1,5,-1,0,8,0,0,0,0,1,1,-1,6,1,41,7,1997,2,12,PEUGEOT 5008,3,E01032456,0,3
2024371517674,2024,371517674,2,9,0,-1,9,5,3,-1,0,6,0,0,0,0,3,1,-1,6,2,56,9,1199,1,1,PEUGEOT 5008,10,E01030084,0,1
2024332400239,2024,332400239,2,9,0,-1,19,1,5,-1,0,8,0,0,1,0,3,1,-1,1,1,66,10,1500,2,3,PEUGEOT 5008,9,E01035085,0,3
2024010506568,2024,010506568,2,9,0,18,19,1,5,0,0,1,0,0,0,0,4,1,6,6,1,32,6,1560,2,13,PEUGEOT 5008,3,E01003993,0,1
2024440169614,2024,440169614,1,9,0,5,5,7,1,0,0,1,0,0,0,0,1,1,6,6,2,34,6,1200,1,5,PEUGEOT 5008,8,E01023103,0,1
2024010528799,2024,010528799,1,9,0,4,4,1,5,0,0,1,0,0,0,0,3,1,6,6,2,46,8,1200,1,4,PEUGEOT 5008,6,E01028700,0,4
2024610045224,2024,610045224,1,9,0,18,19,2,6,0,0,0,0,0,0,0,1,1,6,6,2,29,6,1199,1,1,PEUGEOT 5008,2,W01001481,0,3
2024440553293,2024,440553293,1,9,0,18,19,4,8,0,0,0,0,0,0,0,1,1,6,6,1,81,11,1560,2,14,PEUGEOT 5008,7,E01023078,0,1
2024991480760,2024,991480760,2,9,0,-1,3,6,1,-1,0,0,0,4,0,0,2,1,-1,9,1,31,6,1199,8,0,PEUGEOT 5008,-1,-1,0,-1
2024010529790,2024,010529790,2,9,0,6,6,5,5,0,0,1,0,0,0,0,4,1,6,6,1,41,7,1500,2,5,PEUGEOT 5008,2,E01001877,0,1
2024631462934,2024,631462934,1,9,0,-1,19,5,1,-1,0,0,0,0,0,0,3,1,-1,6,1,47,8,1560,2,13,PEUGEOT 5008,4,E01014097,0,4
2024411479622,2024,411479622,2,9,0,-1,19,3,7,-1,0,1,0,0,0,0,1,1,-1,6,2,55,8,1499,2,1,PEUGEOT 5008,2,E01023404,0,1
2024010511528,2024,010511528,1,9,0,1,1,5,1,0,0,1,0,0,0,0,2,1,6,6,1,55,8,1199,8,0,PEUGEOT 5008,-1,-1,0,-1
2024340NN2682,2024,340NN2682,1,9,0,-1,7,1,3,-1,0,3,0,0,0,0,1,1,-1,6,1,71,10,1499,2,0,PEUGEOT 5008,1,E01035414,0,3
2024141444881,2024,141444881,2,9,0,-1,10,2,5,-1,0,8,0,0,0,0,2,1,-1,6,1,33,6,1200,1,4,PEUGEOT 5008,10,E01007938,0,1
2024131417905,2024,131417905,2,9,0,-1,5,3,4,-1,0,0,0,0,2,0,3,1,-1,9,1,50,8,1560,2,12,PEUGEOT 5008,5,E01011678,0,2
2024010533147,2024,010533147,1,9,0,18,19,5,1,0,0,1,0,0,0,0,0,1,1,1,1,45,7,1598,1,3,PEUGEOT 5008,3,E01002133,0,3
2024531477945,2024,531477945,2,9,0,-1,19,3,7,-1,-1,2,0,0,4,1,4,1,-1,2,2,33,6,1560,2,10,PEUGEOT 5008,5,E01022231,0,4
2024101462715,2024,101462715,1,9,0,-1,19,4,6,-1,0,0,0,0,0,0,1,1,-1,9,2,43,7,1560,2,14,PEUGEOT 5008,1,E01027427,0,1
2024991522910,2024,991522910,1,9,0,-1,19,8,4,-1,0,0,1,0,1,0,3,1,-1,6,2,53,8,1560,2,13,PEUGEOT 5008,3,-1,0,1
2024501461693,2024,501461693,1,9,0,-1,19,7,3,-1,0,0,0,0,0,0,3,1,-1,6,1,61,9,1499,2,1,PEUGEOT 5008,5,E01015215,0,1
2024421480582,2024,421480582,2,9,0,-1,9,3,1,-1,0,4,0,0,0,0,3,1,-1,9,2,40,7,1500,2,2,PEUGEOT 5008,2,E01021711,0,1
2024131500753,2024,131500753,1,9,0,-1,-1,-1,-1,-1,-1,0,-1,-1,-1,-1,-1,1,-1,6,3,-1,-1,1500,2,6,PEUGEOT 5008,-1,-1,0,-1
2024544511524,2024,544511524,2,9,0,18,19,4,8,0,0,0,0,0,0,0,2,1,6,6,2,41,7,1598,1,6,PEUGEOT 5008,8,E01015522,0,2
2024371489365,2024,371489365,2,9,0,-1,4,8,4,-1,0,0,0,0,0,0,2,1,-1,9,2,32,6,1500,2,4,PEUGEOT 5008,7,E01026893,0,2
2024131458894,2024,131458894,1,9,0,-1,9,5,1,-1,0,8,0,0,0,0,1,1,-1,6,2,38,7,1499,2,1,PEUGEOT 5008,2,E01011000,0,1
2024631444972,2024,631444972,1,9,0,-1,19,7,4,-1,0,2,0,0,1,11,1,1,-1,6,2,48,8,1560,2,13,PEUGEOT 5008,1,E01027951,0,5
2024340NN2402,2024,340NN2402,2,9,0,-1,19,7,3,-1,0,0,0,0,1,4,3,1,-1,9,1,51,8,1200,1,3,PEUGEOT 5008,4,E01010402,0,4
2024311438203,2024,311438203,2,9,0,-1,4,3,7,-1,0,0,0,0,0,0,1,1,-1,6,1,59,9,1199,1,1,PEUGEOT 5008,1,E01027930,0,2
2024361457395,2024,361457395,2,9,0,-1,19,3,4,-1,0,8,0,0,0,0,1,1,-1,9,2,44,7,1499,2,1,PEUGEOT 5008,4,E01026661,0,1
2024501471403,2024,501471403,2,9,0,-1,19,4,8,-1,0,0,0,0,0,0,2,1,-1,9,2,49,8,1499,2,1,PEUGEOT 5008,6,E01020150,0,1
2024221415091,2024,221415091,1,9,0,-1,7,8,1,-1,0,5,0,0,0,0,1,9,-1,6,2,37,7,1499,2,1,PEUGEOT 5008,4,E01028836,0,1
2024010536069,2024,010536069,1,9,0,7,7,1,3,0,0,6,0,0,0,0,1,1,6,6,1,61,9,1560,2,9,PEUGEOT 5008,2,E01033327,0,1
2024141506139,2024,141506139,1,9,0,-1,5,1,5,-1,0,1,0,0,0,0,4,1,-1,9,1,40,7,1560,2,11,PEUGEOT 5008,1,E01007643,0,1
2024131473865,2024,131473865,1,9,0,-1,19,1,5,-1,9,4,0,0,0,0,1,1,-1,6,2,37,7,1598,1,6,PEUGEOT 5008,1,E01011467,0,1
2024421428034,2024,421428034,1,9,0,-1,9,6,3,-1,0,5,0,0,0,0,3,1,-1,9,1,82,11,1560,2,14,PEUGEOT 5008,4,E01021529,0,2
2024991535513,2024,991535513,1,9,0,-1,19,2,6,-1,0,4,0,0,0,0,1,1,-1,9,1,36,7,1199,1,1,PEUGEOT 5008,-1,-1,0,-1
2024440020973,2024,440020973,1,9,0,18,19,8,4,0,0,8,0,0,0,0,1,1,6,6,2,38,7,1500,2,4,PEUGEOT 5008,2,E01032750,0,1
2024211452954,2024,211452954,1,9,0,-1,19,7,3,-1,0,0,0,0,0,0,2,1,-1,6,1,34,6,1560,2,14,PEUGEOT 5008,8,E01034049,0,4
2024451401521,2024,451401521,1,9,0,-1,19,6,2,-1,0,0,0,0,0,0,3,1,-1,2,2,56,9,1199,1,1,PEUGEOT 5008,10,E01030797,0,1
2024201493599,2024,201493599,2,9,0,-1,3,7,3,-1,0,1,0,0,0,0,2,1,-1,6,2,41,7,1560,2,9,PEUGEOT 5008,5,E01009765,0,1
2024141465736,2024,141465736,1,9,0,-1,19,5,1,-1,0,0,0,0,0,0,3,1,-1,7,2,36,7,1560,2,10,PEUGEOT 5008,5,E01008045,0,1
2024991477227,2024,991477227,1,9,0,-1,19,1,4,-1,0,1,0,10,7,2,1,1,-1,9,1,39,7,1499,2,2,PEUGEOT 5008,1,-1,0,2
2024501437545,2024,501437545,2,9,0,-1,19,5,1,-1,0,0,0,0,0,0,1,1,-1,6,1,81,11,1560,2,13,PEUGEOT 5008,6,E01019030,0,1
202460Q060805,2024,60Q060805,2,9,0,18,19,5,1,0,0,1,0,0,0,0,3,1,6,6,2,44,7,1500,2,2,PEUGEOT 5008,-1,-1,0,-1
2024471401844,2024,471401844,2,9,0,-1,19,7,3,-1,0,1,0,0,0,0,1,1,-1,9,1,52,8,1500,2,6,PEUGEOT 5008,7,E01021112,0,1
2024201539002,2024,201539002,2,9,0,-1,9,5,2,-1,0,5,0,0,0,0,2,1,-1,6,1,47,8,1560,2,6,PEUGEOT 5008,1,E01009384,0,1
2024031439886,2024,031439886,1,9,0,-1,3,1,5,-1,0,0,0,0,0,0,1,1,-1,6,2,35,6,1997,2,3,PEUGEOT 5008,5,E01019090,0,2
2024010535488,2024,010535488,2,9,0,3,3,5,1,0,0,8,0,0,0,0,1,1,1,1,1,46,8,1560,2,6,PEUGEOT 5008,6,E01016506,0,2
2024201433416,2024,201433416,1,9,0,-1,19,1,5,-1,0,8,0,0,0,0,1,1,-1,6,2,-1,-1,1499,2,1,PEUGEOT 5008,5,E01031093,0,3
2024010527365,2024,010527365,1,9,0,18,19,3,7,0,0,1,0,0,0,0,4,1,6,6,2,35,6,1500,2,2,PEUGEOT 5008,3,E01004467,0,2
2024122400224,2024,122400224,3,9,0,8,8,3,7,0,0,1,0,0,0,0,1,1,6,6,1,54,8,1500,2,5,PEUGEOT 5008,4,E01034982,0,1
2024421512463,2024,421512463,2,9,0,-1,19,2,6,-1,0,0,0,0,0,0,2,1,-1,6,1,-1,-1,1499,2,0,PEUGEOT 5008,-1,-1,0,-1
2024010542931,2024,010542931,1,9,0,99,99,9,9,99,99,9,9,99,9,99,2,9,6,6,3,-1,-1,1199,1,1,PEUGEOT 5008,-1,-1,0,-1
2024430367908,2024,430367908,1,9,0,9,9,5,2,0,0,8,0,0,0,0,3,1,6,6,2,33,6,1200,1,4,PEUGEOT 5008,4,E01002598,0,4
2024421504500,2024,421504500,2,9,0,-1,4,3,7,-1,0,4,0,0,0,0,2,1,-1,2,2,35,6,1500,2,3,PEUGEOT 5008,3,E01021864,0,1
2024461397440,2024,461397440,1,9,0,-1,19,1,5,-1,0,2,1,0,1,0,1,1,-1,9,2,42,7,1200,1,6,PEUGEOT 5008,-1,-1,0,-1
2024351401739,2024,351401739,2,9,0,-1,10,-1,-1,-1,-1,0,0,0,0,0,3,9,-1,6,2,35,6,1200,1,5,PEUGEOT 5008,8,E01034436,0,2
2024531520143,2024,531520143,2,9,0,-1,4,5,1,-1,0,0,0,0,0,0,2,1,-1,9,1,43,7,1500,2,5,PEUGEOT 5008,8,E01022295,0,1
2024501415569,2024,501415569,2,9,0,-1,2,8,1,-1,0,0,0,4,0,0,1,9,-1,6,1,59,9,1499,2,1,PEUGEOT 5008,4,E01020321,0,1
2024010498511,2024,010498511,1,9,0,99,99,9,9,99,99,9,9,99,9,99,9,9,6,6,2,33,6,1500,2,6,PEUGEOT 5008,1,E01003347,0,1
2024201533455,2024,201533455,2,9,0,-1,10,4,1,-1,0,2,0,0,0,0,1,1,-1,6,1,47,8,1560,2,6,PEUGEOT 5008,1,E01009384,0,1
2024351411429,2024,351411429,2,9,0,-1,8,1,4,-1,0,1,0,0,0,0,2,1,-1,9,2,35,6,1560,2,9,PEUGEOT 5008,2,E01015605,0,1
2024010509205,2024,010509205,2,9,9,99,99,9,9,99,99,9,9,99,9,99,9,9,6,6,3,-1,-1,1560,2,10,PEUGEOT 5008,-1,-1,0,-1
2024101483358,2024,101483358,1,9,0,-1,19,8,4,-1,0,0,0,0,0,0,3,9,-1,6,2,48,8,1560,2,12,PEUGEOT 5008,6,E01027472,0,1
2024010545897,2024,010545897,1,9,0,5,5,4,8,0,0,0,0,10,1,1,1,1,6,6,1,42,7,1997,2,6,PEUGEOT 5008,10,E01030754,0,1
2024141527041,2024,141527041,2,9,0,-1,19,2,2,-1,0,4,0,0,0,0,1,2,-1,6,3,-1,-1,1560,2,11,PEUGEOT 5008,-1,-1,0,-1
2024010497779,2024,010497779,1,8,9,99,99,9,9,99,99,9,9,99,9,99,9,9,1,1,1,52,8,1560,2,9,PEUGEOT 5008,2,E01003600,0,3
2024361468564,2024,361468564,1,9,-1,-1,-1,-1,-1,-1,-1,0,-1,-1,-1,0,-1,1,-1,6,1,31,6,1199,1,2,PEUGEOT 5008,-1,-1,0,-1
2024451439406,2024,451439406,1,9,0,-1,19,7,3,-1,0,1,0,0,3,2,1,1,-1,9,1,58,9,1997,2,14,PEUGEOT 5008,6,E01004152,0,1
2024010501045,2024,010501045,2,9,0,18,19,3,7,0,0,8,0,0,0,0,1,1,6,6,1,51,8,1560,2,8,PEUGEOT 5008,10,E01023112,0,4
2024070212447,2024,070212447,1,9,0,9,9,5,3,0,0,8,0,0,0,0,1,1,3,7,2,30,6,1500,2,3,PEUGEOT 5008,2,E01018477,0,3
2024131560300,2024,131560300,1,9,0,-1,7,6,2,-1,0,1,0,0,3,0,4,1,-1,9,2,41,7,1500,2,4,PEUGEOT 5008,3,E01011779,0,1
2024320058440,2024,320058440,1,9,0,9,9,7,6,0,0,6,0,0,0,0,1,1,-1,-1,1,43,7,1500,2,5,PEUGEOT 5008,9,E01026370,0,2
2024201485133,2024,201485133,1,9,0,-1,19,3,7,-1,0,0,0,9,0,0,1,1,-1,9,1,46,8,1560,2,12,PEUGEOT 5008,2,E01009346,0,2
2024010516931,2024,010516931,2,9,0,99,99,9,9,99,99,9,9,99,9,99,9,9,6,6,2,-1,-1,1199,1,0,PEUGEOT 5008,3,E01030362,0,3
2024141408244,2024,141408244,2,9,0,-1,13,3,7,-1,0,0,0,0,0,0,1,9,-1,9,1,27,6,1499,2,0,PEUGEOT 5008,1,E01007507,0,1
2024311450651,2024,311450651,2,9,0,-1,19,1,5,-1,0,0,0,0,0,0,2,1,-1,9,1,39,7,1200,1,5,PEUGEOT 5008,5,E01032556,0,4
2024471473042,2024,471473042,2,9,0,-1,19,3,7,-1,0,1,0,0,0,0,1,1,-1,6,1,38,7,1560,2,11,PEUGEOT 5008,9,E01021227,0,1
2024471501193,2024,471501193,1,9,0,-1,11,3,7,-1,0,0,0,0,0,0,2,1,-1,9,1,70,10,1200,1,2,PEUGEOT 5008,3,E01031657,0,4
2024010530509,2024,010530509,2,9,0,2,2,0,0,0,0,0,0,0,0,0,2,1,6,6,3,-1,-1,1997,2,5,PEUGEOT 5008,-1,-1,0,-1
2024501502134,2024,501502134,1,9,0,-1,13,4,8,-1,0,0,0,0,0,0,1,1,-1,1,2,35,6,1500,2,3,PEUGEOT 5008,1,E01015214,0,4
2024070366684,2024,070366684,1,9,0,18,19,7,3,0,0,0,0,0,0,0,1,1,6,6,2,72,10,1997,2,9,PEUGEOT 5008,10,E01018408,0,2