collision_index,collision_year,collision_ref_no,vehicle_reference,vehicle_type,towing_and_articulation,vehicle_manoeuvre_historic,vehicle_manoeuvre,vehicle_direction_from,vehicle_direction_to,vehicle_location_restricted_lane_historic,vehicle_location_restricted_lane,junction_location,skidding_and_overturning,hit_object_in_carriageway,vehicle_leaving_carriageway,hit_object_off_carriageway,first_point_of_impact,vehicle_left_hand_drive,journey_purpose_of_driver_historic,journey_purpose_of_driver,sex_of_driver,age_of_driver,age_band_of_driver,engine_capacity_cc,propulsion_code,age_of_vehicle,generic_make_model,driver_imd_decile,lsoa_of_driver,escooter_flag,driver_distance_banding
2024320228561,2024,320228561,1,9,0,-1,-1,6,2,0,0,0,0,0,0,0,1,1,-1,-1,1,77,11,1500,2,4,PEUGEOT 5008,3,E01026104,0,1
2024010529222,2024,010529222,1,9,0,18,19,5,1,0,0,0,0,7,0,0,1,1,6,6,1,38,7,1598,1,4,PEUGEOT 5008,2,E01004321,0,3
2024010506237,2024,010506237,1,9,0,99,99,9,9,99,99,9,9,99,9,99,1,9,6,6,1,55,8,1499,2,1,PEUGEOT 5008,4,E01002558,0,2
2024471467199,2024,471467199,2,9,0,-1,2,0,0,-1,-1,0,0,0,0,0,1,1,-1,6,-1,-1,-1,1560,2,11,PEUGEOT 5008,-1,-1,0,-1
2024161482491,2024,161482491,1,9,0,-1,14,8,4,-1,0,0,0,0,0,0,1,1,-1,9,1,41,7,1560,2,9,PEUGEOT 5008,1,E01012779,0,2
2024411553344,2024,411553344,2,9,0,-1,19,3,7,-1,0,0,0,11,0,0,1,2,-1,6,2,58,9,1199,8,0,PEUGEOT 5008,1,E01022026,0,5
2024371521043,2024,371521043,1,9,0,-1,9,3,5,-1,0,1,0,0,0,0,4,1,-1,9,2,37,7,1500,2,5,PEUGEOT 5008,9,E01035172,0,4
2024201486241,2024,201486241,1,9,0,-1,7,5,1,-1,0,1,0,0,0,0,1,9,-1,6,1,22,5,1560,2,9,PEUGEOT 5008,5,E01009418,0,2
2024351422733,2024,351422733,1,9,-1,-1,-1,-1,-1,-1,-1,0,-1,-1,-1,0,-1,9,-1,6,3,-1,-1,1200,1,4,PEUGEOT 5008,-1,-1,0,-1
2024061506093,2024,061506093,1,9,0,-1,99,-1,-1,-1,0,9,0,11,0,0,9,1,-1,6,1,-1,-1,1199,1,1,PEUGEOT 5008,2,E01006254,0,1
2024332401125,2024,332401125,1,9,0,-1,5,8,4,-1,0,8,0,0,0,0,4,1,-1,6,1,62,9,1560,2,12,PEUGEOT 5008,1,E01009577,0,3
2024231440808,2024,231440808,1,9,0,-1,13,8,2,-1,0,0,0,0,0,0,4,9,-1,6,2,48,8,1500,2,5,PEUGEOT 5008,10,E01032893,0,2
2024471479313,2024,471479313,1,9,0,-1,19,3,7,-1,0,1,0,0,0,0,3,1,-1,1,2,48,8,1997,2,9,PEUGEOT 5008,9,E01021083,0,1
2024471438040,2024,471438040,4,9,0,-1,2,0,0,-1,0,0,0,0,0,0,3,1,-1,6,-1,-1,-1,1500,2,5,PEUGEOT 5008,-1,-1,0,-1
2024070402618,2024,070402618,2,9,0,5,5,8,4,0,0,0,0,0,0,0,1,1,6,6,1,69,10,1500,2,4,PEUGEOT 5008,10,E01012489,0,1
2024010555435,2024,010555435,1,9,0,99,99,9,9,99,99,9,9,99,9,99,9,9,6,6,2,41,7,1500,2,3,PEUGEOT 5008,3,E01000305,0,1
2024311426191,2024,311426191,2,9,0,-1,2,5,1,-1,0,1,0,0,0,0,4,1,-1,6,2,36,7,1199,1,2,PEUGEOT 5008,1,E01013942,0,1
2024991534525,2024,991534525,2,9,0,-1,2,0,0,-1,9,0,0,0,0,0,0,1,-1,6,-1,-1,-1,1560,2,13,PEUGEOT 5008,-1,-1,0,-1
2024201501840,2024,201501840,1,9,0,-1,5,3,7,-1,0,0,0,0,0,0,3,1,-1,6,1,56,9,1560,2,9,PEUGEOT 5008,-1,-1,0,-1
2024041453939,2024,041453939,1,9,0,-1,19,1,4,-1,0,4,0,9,0,0,3,1,-1,6,1,42,7,1500,2,3,PEUGEOT 5008,5,E01012730,0,1
2024010549530,2024,010549530,2,9,9,99,99,9,9,99,99,9,9,99,9,99,9,9,6,6,3,-1,-1,1200,1,3,PEUGEOT 5008,-1,-1,0,-1
2024302401794,2024,302401794,3,9,0,18,19,1,5,0,0,0,0,0,0,0,2,1,6,6,2,38,7,1200,1,4,PEUGEOT 5008,9,E01029466,0,2
2024061532609,2024,061532609,2,8,0,-1,19,8,2,-1,0,8,0,0,0,0,1,1,-1,1,1,48,8,1560,2,9,PEUGEOT 5008,3,E01005332,0,2
2024201505242,2024,201505242,1,9,0,-1,19,5,1,-1,0,8,0,0,0,0,1,2,-1,6,2,37,7,1997,2,10,PEUGEOT 5008,4,E01009030,0,1
2024131468294,2024,131468294,1,9,0,-1,19,1,7,-1,0,8,0,0,0,0,1,1,-1,9,1,31,6,1560,2,8,PEUGEOT 5008,1,E01010965,0,2
2024421495220,2024,421495220,1,9,-1,-1,7,-1,-1,-1,0,8,0,0,0,0,1,9,-1,6,2,-1,-1,1560,2,10,PEUGEOT 5008,-1,-1,0,-1
2024071018169,2024,071018169,1,9,0,-1,19,7,8,-1,0,0,1,0,7,11,3,1,-1,2,2,32,6,1500,2,5,PEUGEOT 5008,6,E01018481,0,1
2024041439375,2024,041439375,2,9,0,-1,4,3,7,-1,0,1,0,0,0,0,2,1,-1,9,1,53,8,1200,1,2,PEUGEOT 5008,1,E01025236,0,1
2024461475030,2024,461475030,1,9,0,-1,14,-1,-1,-1,0,-1,0,0,0,0,3,9,-1,6,1,56,9,1997,2,13,PEUGEOT 5008,9,E01024259,0,4
2024041520025,2024,041520025,1,9,0,-1,19,7,3,-1,0,0,0,0,1,2,1,1,-1,9,1,37,7,1200,1,3,PEUGEOT 5008,2,E01025305,0,2
2024061499392,2024,061499392,2,9,0,-1,-1,-1,-1,-1,-1,-1,-1,-1,-1,0,-1,2,-1,6,1,63,9,1200,1,3,PEUGEOT 5008,6,E01005973,0,1
2024440375005,2024,440375005,2,9,0,18,19,8,6,0,0,6,0,0,0,0,1,1,6,6,3,-1,-1,1200,1,6,PEUGEOT 5008,-1,-1,0,-1
2024522403390,2024,522403390,1,9,0,18,19,1,5,0,0,8,0,0,0,0,4,1,6,6,2,-1,-1,1199,1,1,PEUGEOT 5008,-1,-1,0,-1
2024141458063,2024,141458063,3,9,0,-1,19,1,5,-1,0,1,0,0,0,0,1,1,-1,9,1,-1,-1,1200,1,2,PEUGEOT 5008,10,E01007430,0,2
2024061484146,2024,061484146,2,9,0,-1,3,6,2,-1,0,1,0,0,0,0,2,9,-1,6,2,28,6,1499,2,0,PEUGEOT 5008,1,E01032557,0,1
2024421421098,2024,421421098,4,9,0,-1,10,1,7,-1,0,8,0,0,0,0,3,1,-1,9,1,55,8,1200,1,3,PEUGEOT 5008,1,E01021968,0,3
2024552401331,2024,552401331,2,9,0,4,4,8,4,0,0,0,0,0,0,0,2,1,3,7,2,35,6,1200,1,7,PEUGEOT 5008,10,E01015398,0,1
2024531426583,2024,531426583,2,9,0,-1,19,1,5,-1,0,8,0,0,0,0,1,1,-1,6,2,59,9,1560,2,8,PEUGEOT 5008,8,E01022423,0,1
2024471411714,2024,471411714,1,9,0,-1,1,1,5,-1,0,0,0,0,0,0,2,1,-1,1,1,36,7,1199,1,1,PEUGEOT 5008,3,E01021122,0,1
2024461518311,2024,461518311,1,9,0,-1,9,4,2,-1,0,6,0,0,0,0,4,1,-1,6,2,36,7,1997,2,5,PEUGEOT 5008,2,E01024686,0,1
2024061510808,2024,061510808,2,9,0,-1,19,3,7,-1,0,8,0,0,0,0,3,1,-1,6,2,37,7,1200,1,4,PEUGEOT 5008,2,E01005262,0,1
2024430374604,2024,430374604,1,9,0,3,3,8,4,0,0,1,0,0,0,0,2,1,6,6,2,29,6,1199,1,1,PEUGEOT 5008,9,E01017895,0,1
2024471428120,2024,471428120,1,9,0,-1,5,7,3,-1,0,1,0,0,0,0,3,1,-1,9,1,42,7,1500,2,5,PEUGEOT 5008,3,E01031453,0,1
2024010521385,2024,010521385,1,9,0,5,5,0,7,9,9,6,0,0,0,0,1,1,3,7,1,41,7,1199,1,1,PEUGEOT 5008,3,E01000080,0,1
2024430437444,2024,430437444,2,9,0,18,19,0,0,0,0,0,0,0,0,0,1,1,6,6,2,-1,-1,1200,1,2,PEUGEOT 5008,-1,-1,0,-1
2024010546742,2024,010546742,1,9,0,2,2,0,0,0,0,2,0,0,0,0,3,1,6,6,3,-1,-1,1499,2,1,PEUGEOT 5008,-1,-1,0,-1
2024320024834,2024,320024834,2,9,0,-1,-1,2,6,0,0,5,0,0,0,0,1,1,6,6,2,52,8,1598,1,2,PEUGEOT 5008,5,E01026647,0,3
2024052400751,2024,052400751,2,9,0,18,19,8,4,0,0,0,0,0,0,0,4,1,6,6,1,39,7,1997,2,9,PEUGEOT 5008,1,E01007004,0,1
2024111529140,2024,111529140,4,9,0,-1,19,5,1,-1,0,8,0,11,0,0,0,1,-1,6,1,39,7,1499,2,2,PEUGEOT 5008,1,E01008608,0,4
2024010540893,2024,010540893,2,9,9,99,99,9,9,99,99,9,9,99,0,0,9,9,6,6,3,-1,-1,1199,1,1,PEUGEOT 5008,-1,-1,0,-1
2024070157448,2024,070157448,1,9,0,7,7,2,4,0,0,6,0,0,0,0,1,1,6,6,2,32,6,1500,2,5,PEUGEOT 5008,5,E01018426,0,2
2024471434520,2024,471434520,2,9,0,-1,19,4,8,-1,0,0,0,0,0,0,1,1,-1,9,1,58,9,1997,2,12,PEUGEOT 5008,4,E01020965,0,3
2024471472845,2024,471472845,1,9,0,-1,9,3,1,-1,0,8,0,0,0,0,1,1,-1,9,2,39,7,1500,2,5,PEUGEOT 5008,9,E01014416,0,5
2024031474494,2024,031474494,1,9,0,-1,19,2,6,-1,0,0,0,0,0,0,1,1,-1,6,1,48,8,1560,2,14,PEUGEOT 5008,-1,-1,0,-1
2024421396134,2024,421396134,2,9,0,-1,19,1,5,-1,0,0,0,0,0,0,2,1,-1,9,2,40,7,1499,2,2,PEUGEOT 5008,5,E01030030,0,4
2024411473350,2024,411473350,1,9,0,-1,1,8,4,-1,9,0,0,0,7,0,2,1,-1,9,1,89,11,1997,2,10,PEUGEOT 5008,10,E01023715,0,1
2024010514270,2024,010514270,1,9,0,9,9,1,7,0,0,1,0,0,0,0,3,1,6,6,2,31,6,1500,2,6,PEUGEOT 5008,5,E01004564,0,1
2024361517689,2024,361517689,2,9,0,-1,19,4,1,-1,0,1,0,0,0,0,1,1,-1,6,1,37,7,1199,1,1,PEUGEOT 5008,4,E01026784,0,2
2024010523249,2024,010523249,2,9,0,3,3,1,5,0,0,1,0,99,0,0,2,1,6,6,2,55,8,1500,2,3,PEUGEOT 5008,2,E01001553,0,2
2024501463139,2024,501463139,2,9,0,-1,14,6,2,-1,0,0,0,0,0,0,3,1,-1,6,1,36,7,1199,1,0,PEUGEOT 5008,1,E01015261,0,1
2024061496909,2024,061496909,1,9,0,-1,5,6,2,-1,0,2,0,0,0,0,3,1,-1,9,1,57,9,1560,2,8,PEUGEOT 5008,3,E01005372,0,1
2024622400466,2024,622400466,2,9,0,16,19,6,2,0,0,4,0,0,0,0,2,1,1,1,1,-1,-1,1200,1,3,PEUGEOT 5008,8,W01001003,0,4
2024501414375,2024,501414375,3,9,0,-1,8,1,3,-1,0,1,0,0,0,0,0,1,-1,6,2,61,9,1200,1,6,PEUGEOT 5008,6,E01018853,0,1
2024501445806,2024,501445806,1,9,0,-1,19,4,8,-1,0,1,5,7,0,0,1,1,-1,9,1,34,6,799,2,14,SMART FORTWO,9,E01005022,0,5
2024461504400,2024,461504400,1,9,0,-1,11,8,4,-1,0,0,0,0,2,0,1,1,-1,2,1,26,6,999,1,17,SMART FORTWO,8,E01000346,0,2
2024010539277,2024,010539277,1,9,0,18,19,7,3,0,0,1,0,0,0,0,3,1,6,6,1,43,7,999,1,11,SMART FORTWO,2,E01001828,0,1
2024010518589,2024,010518589,2,9,0,6,6,1,1,6,6,6,0,0,0,0,1,1,6,6,1,36,7,999,1,11,SMART FORTWO,5,E01004414,0,1
2024201474094,2024,201474094,3,9,0,-1,19,3,7,-1,0,0,0,0,0,0,1,1,-1,9,2,18,4,999,1,6,SMART FORTWO,-1,-1,0,-1
2024540352324,2024,540352324,2,9,0,18,19,5,1,0,0,1,0,0,0,0,1,1,6,6,1,65,9,999,1,5,SMART FORTWO,4,E01031895,0,1
2024371463766,2024,371463766,1,9,0,-1,4,-1,-1,-1,0,0,0,0,0,0,1,1,-1,6,2,-1,-1,999,1,15,SMART FORTWO,-1,-1,0,-1
2024010502837,2024,010502837,1,9,0,99,99,9,9,99,99,9,9,99,9,99,9,9,6,6,1,33,6,999,1,12,SMART FORTWO,5,E01003632,0,2
2024010541301,2024,010541301,1,9,0,5,5,0,5,8,6,6,0,0,0,0,1,1,6,6,1,38,7,999,1,10,SMART FORTWO,6,E01000795,0,1
2024451472199,2024,451472199,1,9,0,-1,19,2,6,-1,0,4,0,0,0,0,2,1,-1,9,1,61,9,999,1,10,SMART FORTWO,9,E01030666,0,2
2024471434037,2024,471434037,2,9,0,-1,19,7,3,-1,0,0,0,0,0,0,1,1,-1,6,1,45,7,999,1,13,SMART FORTWO,4,E01016882,0,1
2024361451719,2024,361451719,1,9,0,-1,5,5,7,-1,0,8,0,0,1,0,1,1,-1,2,1,50,8,999,1,16,SMART FORTWO,4,E01026804,0,1
2024552401363,2024,552401363,2,9,0,4,4,4,8,0,0,0,0,0,0,0,2,1,6,6,2,70,10,999,1,12,SMART FORTWO,8,E01020458,0,1
2024340NN0792,2024,340NN0792,1,9,0,-1,15,6,2,-1,0,1,0,0,1,0,1,1,-1,2,1,38,7,799,2,15,SMART FORTWO,8,E01027325,0,1
2024070983958,2024,070983958,2,9,0,-1,9,3,1,-1,0,1,0,0,0,0,2,1,-1,2,2,41,7,999,1,12,SMART FORTWO,8,E01012435,0,2
2024010546605,2024,010546605,1,9,0,99,99,9,9,99,99,9,9,99,9,99,2,9,6,6,1,34,6,999,1,17,SMART FORTWO,2,E01002530,0,1
2024010548420,2024,010548420,1,9,0,99,99,9,9,99,99,9,9,99,9,99,1,9,6,6,1,27,6,999,1,14,SMART FORTWO,5,E01001615,0,1
2024010497571,2024,010497571,1,9,0,99,99,9,9,99,99,9,9,99,9,99,9,9,6,6,3,-1,-1,898,1,7,SMART FORTWO,-1,-1,0,-1
2024991461377,2024,991461377,2,9,0,-1,2,0,0,-1,0,2,0,0,7,0,2,1,-1,6,-1,-1,-1,-1,3,3,SMART FORTWO,-1,-1,0,-1
2024991485748,2024,991485748,2,9,0,-1,12,2,6,-1,0,0,0,0,0,0,2,1,-1,6,2,17,4,999,1,15,SMART FORTWO,-1,-1,0,-1
2024070236936,2024,070236936,2,9,0,18,19,1,5,0,0,1,0,0,0,0,1,1,6,6,2,79,11,999,1,6,SMART FORTWO,10,E01007189,0,1
2024471450478,2024,471450478,1,9,0,-1,7,1,3,-1,0,2,0,0,0,0,3,1,-1,9,2,43,7,999,1,8,SMART FORTWO,6,E01017009,0,1
2024471442922,2024,471442922,1,9,0,-1,7,3,5,-1,0,8,0,0,0,0,1,1,-1,9,1,40,7,999,1,13,SMART FORTWO,4,E01031441,0,1
2024211468430,2024,211468430,2,9,1,-1,10,1,7,-1,0,1,0,0,0,0,2,9,-1,6,1,27,6,999,1,6,SMART FORTWO,1,E01014224,0,3
2024421444168,2024,421444168,2,9,0,-1,19,5,3,-1,0,0,0,0,0,0,1,1,-1,9,2,91,11,999,1,7,SMART FORTWO,10,E01021450,0,1
2024522403176,2024,522403176,2,9,0,18,19,1,5,0,0,8,0,0,0,0,3,1,6,6,2,61,9,999,1,10,SMART FORTWO,10,E01014888,0,2
2024010540887,2024,010540887,1,9,0,18,19,1,5,0,0,2,0,0,0,0,1,1,6,6,1,35,6,999,1,16,SMART FORTWO,2,E01003176,0,1
2024010503196,2024,010503196,1,9,0,18,19,5,1,0,0,8,0,0,0,0,1,1,2,2,1,35,6,898,1,7,SMART FORTWO,3,E01003081,0,2
2024131532457,2024,131532457,1,9,0,-1,19,2,6,-1,0,0,0,0,0,0,1,1,-1,9,2,77,11,999,1,13,SMART FORTWO,7,E01011556,0,1
2024010542310,2024,010542310,1,9,0,99,99,9,9,99,99,9,9,99,9,99,9,9,6,6,1,43,7,999,1,11,SMART FORTWO,2,E01003190,0,1
2024010531487,2024,010531487,1,9,0,18,19,7,3,0,0,8,0,0,0,0,3,1,1,1,1,55,8,999,1,10,SMART FORTWO,3,E01001326,0,2
2024311504411,2024,311504411,2,9,0,-1,19,5,1,-1,0,0,0,0,0,0,1,2,-1,2,1,28,6,999,1,14,SMART FORTWO,2,E01028269,0,4
2024411474696,2024,411474696,1,9,0,-1,4,2,6,-1,0,0,0,0,0,0,2,1,-1,6,1,37,7,999,1,13,SMART FORTWO,9,E01028434,0,4
2024421485545,2024,421485545,1,9,0,-1,19,8,4,-1,0,1,0,0,7,0,1,1,-1,9,2,24,5,999,1,12,SMART FORTWO,7,E01021350,0,2
2024421429845,2024,421429845,1,9,0,-1,19,8,6,-1,0,1,0,0,0,0,1,1,-1,1,1,25,5,898,1,7,SMART FORTWO,10,E01021746,0,1
2024421526031,2024,421526031,1,9,0,-1,5,4,1,-1,0,6,0,0,0,0,1,1,-1,2,2,41,7,999,1,16,SMART FORTWO,5,E01003704,0,2
2024010541511,2024,010541511,2,9,0,99,99,9,9,99,99,9,9,99,9,99,1,9,6,6,3,-1,-1,999,1,14,SMART FORTWO,-1,-1,0,-1
2024061534829,2024,061534829,1,9,0,-1,19,1,7,-1,0,0,0,0,0,0,3,1,-1,9,2,77,11,999,1,11,SMART FORTWO,1,E01010850,0,4
2024371491964,2024,371491964,2,9,0,-1,19,5,1,-1,0,8,0,0,0,0,1,1,-1,9,2,49,8,999,1,9,SMART FORTWO,6,E01034574,0,3
2024010533687,2024,010533687,1,9,0,18,19,1,5,0,0,1,0,0,0,0,3,1,6,6,1,42,7,999,1,16,SMART FORTWO,2,E01001505,0,2
2024010513256,2024,010513256,2,9,0,1,1,9,9,99,99,0,9,99,9,99,2,9,6,6,3,-1,-1,999,1,12,SMART FORTWO,-1,-1,0,-1
2024411435941,2024,411435941,1,9,0,-1,19,8,2,-1,0,5,0,0,0,0,1,1,-1,9,1,39,7,999,1,8,SMART FORTWO,2,E01000121,0,2
2024411502025,2024,411502025,1,9,0,-1,99,-1,-1,-1,0,1,0,0,0,0,9,9,-1,6,1,36,7,999,1,14,SMART FORTWO,-1,-1,0,-1
2024010513433,2024,010513433,3,9,0,99,99,9,9,99,99,9,9,99,9,99,2,9,6,6,2,26,6,999,1,11,SMART FORTWO,3,E01017347,0,5
2024440320758,2024,440320758,2,9,0,18,19,2,6,0,0,0,1,0,0,0,1,1,6,6,1,24,5,999,1,16,SMART FORTWO,7,E01022477,0,4
2024411466304,2024,411466304,2,9,0,-1,4,8,4,-1,0,1,0,0,0,0,4,1,-1,9,1,76,11,698,1,17,SMART FORTWO,8,E01002109,0,1
2024061513601,2024,061513601,1,9,0,-1,19,6,2,-1,0,0,0,0,0,0,1,1,-1,9,2,88,11,999,1,10,SMART FORTWO,9,E01005408,0,1
2024461492837,2024,461492837,1,9,0,-1,19,-1,-1,-1,0,0,0,0,0,0,1,9,-1,6,2,-1,-1,999,1,9,SMART FORTWO,2,E01003190,0,4
2024010539282,2024,010539282,2,9,0,99,99,9,9,99,99,9,9,99,9,99,9,9,6,6,1,48,8,999,1,17,SMART FORTWO,6,E01004046,0,1
2024351463908,2024,351463908,1,9,0,-1,19,2,6,-1,0,0,0,0,0,0,1,1,-1,9,1,58,9,999,1,14,SMART FORTWO,5,E01018069,0,1
2024501404828,2024,501404828,1,9,0,-1,9,7,5,-1,0,0,0,0,0,0,1,9,-1,9,2,79,11,999,1,10,SMART FORTWO,9,E01020023,0,1
2024430417671,2024,430417671,1,9,0,9,9,8,6,0,0,5,0,0,0,0,4,1,6,6,3,-1,-1,999,1,16,SMART FORTWO,-1,-1,0,-1
2024010537612,2024,010537612,1,9,0,5,5,9,9,99,99,9,9,99,9,99,1,9,6,6,2,52,8,999,1,8,SMART FORTWO,2,E01001877,0,1
2024461398997,2024,461398997,1,9,0,-1,4,3,7,-1,0,0,0,0,0,0,1,1,-1,6,1,78,11,999,1,9,SMART FORTWO,5,E01024679,0,1
2024010499444,2024,010499444,1,9,0,9,9,1,7,0,0,8,0,0,0,0,1,1,6,6,1,28,6,999,1,7,SMART FORTWO,5,E01004564,0,1
2024501443394,2024,501443394,1,9,0,-1,19,5,1,-1,0,6,0,0,0,0,1,1,-1,6,1,84,11,999,1,7,SMART FORTWO,6,E01020152,0,1
2024631490038,2024,631490038,2,9,0,-1,19,7,3,-1,0,1,5,0,0,0,1,1,-1,1,1,30,6,999,1,6,SMART FORTWO,7,E01023341,0,5
2024010520488,2024,010520488,1,9,0,5,5,0,7,0,0,6,0,0,0,0,1,2,6,6,1,67,10,-1,3,10,SMART FORTWO,10,E01035718,0,1
2024421469101,2024,421469101,2,9,0,-1,3,3,7,-1,0,1,0,0,0,0,3,9,-1,2,1,30,6,898,1,8,SMART FORTWO,4,E01021839,0,1
2024010498589,2024,010498589,2,9,0,99,99,9,9,99,99,9,9,99,9,99,1,9,6,6,3,-1,-1,999,1,8,SMART FORTWO,-1,-1,0,-1
2024361511472,2024,361511472,1,9,0,-1,2,0,0,-1,0,8,0,0,0,0,1,1,-1,9,2,72,10,799,2,14,SMART FORTWO,9,E01026857,0,1
2024471507677,2024,471507677,1,9,0,-1,-1,-1,-1,-1,-1,-1,-1,-1,-1,0,-1,9,-1,6,2,52,8,999,1,14,SMART FORTWO,4,E01003348,0,4
2024221438682,2024,221438682,1,9,0,-1,12,7,3,-1,0,1,2,0,2,7,4,9,-1,6,2,38,7,999,1,14,SMART FORTWO,2,E01010506,0,4
2024421406872,2024,421406872,1,9,0,-1,19,3,7,-1,0,0,0,0,0,0,1,1,-1,2,1,33,6,999,1,14,SMART FORTWO,4,E01015903,0,1
2024010523061,2024,010523061,1,9,0,5,5,5,1,0,0,1,0,0,0,0,3,1,1,1,1,25,5,999,1,10,SMART FORTWO,3,E01001970,0,1
2024201463276,2024,201463276,2,9,0,-1,19,2,6,-1,0,2,1,10,6,11,4,1,-1,6,1,44,7,999,1,16,SMART FORTWO,2,E01009971,0,2
2024461424717,2024,461424717,1,9,0,-1,5,5,1,-1,0,4,0,0,0,0,3,1,-1,2,1,37,7,999,1,14,SMART FORTWO,-1,-1,0,-1
2024411536282,2024,411536282,3,9,0,-1,3,3,5,-1,0,1,0,0,0,0,4,1,-1,2,1,23,5,999,1,15,SMART FORTWO,4,E01021847,0,1
2024010515106,2024,010515106,2,9,0,18,19,7,3,0,0,1,0,0,0,0,1,1,6,6,1,19,4,999,1,14,SMART FORTWO,2,E01002074,0,2
2024552400150,2024,552400150,2,9,0,10,10,6,5,0,0,5,0,0,0,0,2,1,6,6,1,68,10,799,2,14,SMART FORTWO,5,E01015334,0,2
2024010541099,2024,010541099,4,9,0,18,19,7,3,0,0,0,0,0,0,0,2,1,6,6,1,27,6,999,1,16,SMART FORTWO,2,E01001625,0,2
2024411427249,2024,411427249,2,9,0,-1,19,8,4,-1,0,0,1,0,1,6,2,1,-1,2,1,43,7,999,1,8,SMART FORTWO,9,E01017566,0,3
2024201420185,2024,201420185,1,9,0,-1,5,1,8,-1,0,4,0,0,0,0,1,9,-1,6,1,42,7,799,2,13,SMART FORTWO,2,E01010446,0,3
2024131563447,2024,131563447,1,9,0,-1,-1,-1,-1,-1,-1,8,-1,-1,-1,0,-1,1,-1,6,1,51,8,999,1,12,SMART FORTWO,1,E01011143,0,1
2024361417892,2024,361417892,1,9,0,-1,19,4,8,-1,0,0,0,0,1,4,1,1,-1,9,1,78,11,999,1,17,SMART FORTWO,6,E01026489,0,4
2024010546579,2024,010546579,1,9,0,3,3,5,1,0,0,0,0,0,0,0,2,1,6,6,1,27,6,999,1,14,SMART FORTWO,5,E01001615,0,1
2024440351897,2024,440351897,1,9,0,4,4,8,4,0,0,0,0,0,0,0,1,1,6,6,2,74,10,999,1,14,SMART FORTWO,4,E01017899,0,4
2024010520748,2024,010520748,1,9,0,18,19,4,8,0,0,1,0,0,0,0,1,1,1,1,1,51,8,999,1,16,SMART FORTWO,4,E01000644,0,1
2024131397962,2024,131397962,2,9,0,-1,19,5,1,-1,0,8,0,0,0,0,2,1,-1,9,1,40,7,999,1,14,SMART FORTWO,3,E01001834,0,5
2024552400205,2024,552400205,2,9,0,18,19,7,3,0,0,8,0,0,0,0,2,1,6,6,2,33,6,999,1,16,SMART FORTWO,4,E01020518,0,1
2024010503457,2024,010503457,3,9,0,2,2,0,0,0,0,0,0,0,0,0,3,1,6,6,3,-1,-1,999,1,7,SMART FORTWO,-1,-1,0,-1
2024010520410,2024,010520410,1,9,0,99,99,9,9,99,99,9,9,99,9,99,1,9,6,6,2,20,4,999,1,10,SMART FORTWO,5,E01002344,0,2
2024411477743,2024,411477743,2,9,0,-1,19,1,5,-1,0,0,0,0,7,0,1,1,-1,9,1,30,6,999,1,7,SMART FORTWO,8,E01000258,0,2
2024520500177,2024,520500177,1,9,0,18,19,2,7,0,0,1,0,0,0,0,1,1,6,6,1,27,6,799,2,14,SMART FORTWO,2,E01029095,0,1
2024010520879,2024,010520879,1,9,0,18,19,3,7,0,0,0,0,0,0,0,1,1,6,6,1,23,5,999,1,11,SMART FORTWO,1,E01001517,0,2
2024440160193,2024,440160193,2,9,0,18,19,8,4,0,0,1,0,0,0,0,1,1,6,6,1,78,11,698,1,20,SMART FORTWO,4,E01017370,0,2
2024548569924,2024,548569924,1,9,0,5,5,2,6,0,0,4,0,0,0,0,3,1,6,6,1,58,9,999,1,6,SMART FORTWO,8,E01034528,0,3
2024010498537,2024,010498537,3,9,0,9,9,1,7,0,0,1,0,0,0,0,1,1,6,6,1,25,5,898,1,8,SMART FORTWO,2,E01000030,0,3
2024430469937,2024,430469937,1,9,0,7,7,6,8,0,0,3,0,0,0,0,1,1,6,6,2,-1,-1,999,1,11,SMART FORTWO,-1,-1,0,-1
2024411519265,2024,411519265,1,9,0,-1,13,1,5,-1,0,0,1,0,7,9,1,1,-1,6,1,36,7,999,1,8,SMART FORTWO,7,E01023579,0,1
2024401443939,2024,401443939,1,9,0,-1,7,4,7,-1,0,1,0,0,0,0,1,1,-1,6,2,52,8,898,1,9,SMART FORTWO,7,E01034424,0,1
2024010533401,2024,010533401,1,9,0,2,2,0,0,9,9,1,0,0,1,0,1,1,6,6,3,-1,-1,999,1,16,SMART FORTWO,-1,-1,0,-1
2024201454033,2024,201454033,1,9,0,-1,19,4,8,-1,0,0,0,0,0,0,1,1,-1,6,2,-1,-1,898,1,6,SMART FORTWO,-1,-1,0,-1
2024461442578,2024,461442578,2,9,0,-1,19,7,3,-1,0,6,0,0,0,0,1,9,-1,9,2,50,8,898,1,7,SMART FORTWO,4,E01024381,0,1
2024440082770,2024,440082770,1,9,0,18,19,2,6,0,0,0,2,0,1,1,1,1,6,6,1,38,7,999,1,16,SMART FORTWO,9,E01022582,0,3