collision_index,collision_year,collision_ref_no,vehicle_reference,vehicle_type,towing_and_articulation,vehicle_manoeuvre_historic,vehicle_manoeuvre,vehicle_direction_from,vehicle_direction_to,vehicle_location_restricted_lane_historic,vehicle_location_restricted_lane,junction_location,skidding_and_overturning,hit_object_in_carriageway,vehicle_leaving_carriageway,hit_object_off_carriageway,first_point_of_impact,vehicle_left_hand_drive,journey_purpose_of_driver_historic,journey_purpose_of_driver,sex_of_driver,age_of_driver,age_band_of_driver,engine_capacity_cc,propulsion_code,age_of_vehicle,generic_make_model,driver_imd_decile,lsoa_of_driver,escooter_flag,driver_distance_banding
2024201480539,2024,201480539,1,9,0,-1,19,1,5,-1,0,0,0,0,0,0,1,1,-1,9,1,58,9,999,1,15,SMART FORTWO,10,E01010170,0,1
2024010544874,2024,010544874,1,9,0,99,99,9,9,99,99,9,9,99,9,99,2,9,6,6,2,32,6,999,1,14,SMART FORTWO,2,E01003047,0,1
2024471472538,2024,471472538,1,9,0,-1,9,7,5,-1,0,8,0,0,0,0,4,1,-1,2,1,65,9,999,1,16,SMART FORTWO,10,E01016983,0,1
2024010493500,2024,010493500,1,9,0,18,19,5,1,0,0,1,0,0,0,0,1,1,6,6,2,29,6,-1,3,2,SMART FORTWO,10,E01000896,0,2
2024631496882,2024,631496882,1,9,0,-1,19,3,7,-1,0,1,5,0,1,0,1,1,-1,2,1,51,8,698,1,19,SMART FORTWO,7,W01000623,0,3
2024041463934,2024,041463934,1,9,0,-1,19,5,1,-1,9,0,0,0,0,0,1,1,-1,9,2,62,9,999,1,12,SMART FORTWO,4,E01025431,0,1
2024010523044,2024,010523044,1,9,0,2,2,0,0,0,0,8,0,0,0,0,2,1,6,6,1,37,7,999,1,6,SMART FORTWO,-1,-1,0,-1
2024430564238,2024,430564238,1,9,0,5,5,4,8,0,0,0,0,0,0,0,2,1,1,1,1,40,7,799,2,12,SMART FORTWO,-1,-1,0,-1
2024010544630,2024,010544630,1,9,0,-1,-1,1,5,0,0,0,0,0,0,0,1,1,6,6,1,20,4,999,1,16,SMART FORTWO,3,E01004403,0,2
2024451479819,2024,451479819,1,9,0,-1,10,3,1,-1,0,1,0,0,0,0,2,9,-1,9,2,53,8,999,1,15,SMART FORTWO,7,E01034294,0,2
2024411551678,2024,411551678,2,9,0,-1,2,3,7,-1,0,0,0,0,0,0,3,1,-1,6,1,49,8,898,1,8,SMART FORTWO,9,E01021828,0,4
2024010508931,2024,010508931,1,9,0,18,19,4,8,0,0,0,0,0,0,0,4,1,3,7,2,26,6,999,1,14,SMART FORTWO,5,E01002024,0,1
2024421507073,2024,421507073,11,9,0,-1,2,0,0,-1,0,0,0,0,0,0,3,1,-1,6,3,-1,-1,999,1,5,SMART FORTWO,-1,-1,0,-1
2024471460187,2024,471460187,1,9,0,-1,5,1,5,-1,0,2,0,0,0,0,3,1,-1,1,1,56,9,799,2,15,SMART FORTWO,4,E01020952,0,1
2024520001237,2024,520001237,2,9,0,18,19,1,5,0,0,0,0,0,0,0,1,1,6,6,3,-1,-1,898,1,7,SMART FORTWO,-1,-1,0,-1
2024430495018,2024,430495018,1,9,0,18,19,6,2,0,0,4,0,0,0,0,1,1,6,6,3,32,6,999,1,15,SMART FORTWO,-1,-1,0,-1
2024411475186,2024,411475186,2,9,0,-1,7,2,4,-1,0,8,0,0,0,0,1,1,-1,6,1,55,8,-1,3,3,SMART FORTWO,5,E01021833,0,2
2024411532183,2024,411532183,1,9,0,-1,13,3,7,-1,0,0,0,0,7,0,1,1,-1,2,1,35,6,999,1,7,SMART FORTWO,6,E01000274,0,2
2024461506096,2024,461506096,1,9,0,-1,19,5,1,-1,0,0,0,0,0,0,2,1,-1,9,1,32,6,898,1,9,SMART FORTWO,3,E01001493,0,4
2024320683275,2024,320683275,1,9,0,-1,-1,4,8,0,0,0,0,0,1,0,1,1,6,6,1,57,9,799,2,14,SMART FORTWO,4,E01012883,0,4
2024471458056,2024,471458056,3,9,0,-1,19,3,7,-1,0,0,0,0,0,0,2,1,-1,9,2,47,8,898,1,5,SMART FORTWO,9,E01031670,0,2
2024340NN3832,2024,340NN3832,2,9,0,-1,3,5,1,-1,0,1,0,0,0,0,2,1,-1,9,1,54,8,999,1,17,SMART FORTWO,6,E01027051,0,2
2024451518797,2024,451518797,1,9,0,-1,19,3,7,-1,0,0,0,0,0,0,3,1,-1,2,1,76,11,898,1,5,SMART FORTWO,4,E01030337,0,1
2024522402619,2024,522402619,1,9,0,3,3,2,6,0,0,1,0,0,0,0,2,1,6,6,1,66,10,999,1,11,SMART FORTWO,5,E01014530,0,1
2024211485040,2024,211485040,1,9,0,-1,19,4,8,-1,0,1,0,0,0,0,1,1,-1,2,2,35,6,999,1,7,SMART FORTWO,2,E01018486,0,4
2024430506166,2024,430506166,2,9,0,18,19,6,2,0,0,0,0,0,0,0,1,1,6,6,2,52,8,898,1,8,SMART FORTWO,9,E01017678,0,2
2024161403058,2024,161403058,2,9,0,-1,2,0,0,-1,0,0,0,0,0,0,1,1,-1,6,-1,-1,-1,698,1,20,SMART FORTWO,-1,-1,0,-1
2024302401224,2024,302401224,2,9,0,9,9,3,1,0,0,1,1,0,0,0,2,1,6,6,1,32,6,999,1,7,SMART FORTWO,3,E01002105,0,5
2024501448961,2024,501448961,1,9,0,-1,19,5,1,-1,0,0,0,0,0,0,1,9,-1,6,2,42,7,799,2,15,SMART FORTWO,5,E01018890,0,2
2024451504146,2024,451504146,1,9,0,-1,19,3,7,-1,0,0,0,0,0,0,3,1,-1,9,2,47,8,999,1,13,SMART FORTWO,10,E01030314,0,1
2024010505857,2024,010505857,1,9,0,9,9,3,1,0,0,5,0,0,1,0,4,1,6,6,1,82,11,999,1,5,SMART FORTWO,4,E01002738,0,2
2024520401721,2024,520401721,1,9,0,18,19,2,6,0,0,0,0,0,0,0,1,1,6,6,2,79,11,999,1,11,SMART FORTWO,6,E01032636,0,1
2024471420033,2024,471420033,2,9,0,-1,2,0,0,-1,0,0,0,0,0,0,2,1,-1,6,2,31,6,698,1,18,SMART FORTWO,6,E01021066,0,2
202454D593124,2024,54D593124,1,9,0,5,5,1,5,0,0,4,0,0,0,0,4,1,6,6,2,57,9,999,1,16,SMART FORTWO,5,E01031936,0,2
2024471405692,2024,471405692,1,9,0,-1,19,6,2,-1,0,0,0,0,0,0,1,1,-1,6,2,73,10,999,1,10,SMART FORTWO,5,E01021213,0,3
2024010541128,2024,010541128,1,9,0,18,19,8,4,0,0,8,0,0,0,0,1,1,2,2,1,69,10,698,1,19,SMART FORTWO,6,E01002555,0,2
2024440439398,2024,440439398,1,9,0,10,10,3,1,0,0,6,0,0,2,11,1,1,6,6,1,89,11,999,1,8,SMART FORTWO,10,E01023160,0,1
2024221518928,2024,221518928,1,9,0,-1,19,6,2,-1,0,0,0,0,0,0,1,1,-1,6,2,65,9,698,1,17,SMART FORTWO,7,E01035064,0,1
2024501449923,2024,501449923,2,9,0,-1,19,4,8,-1,0,1,0,0,0,0,3,9,-1,6,1,49,8,999,1,14,SMART FORTWO,7,E01020227,0,1
2024461408640,2024,461408640,1,9,0,-1,19,5,1,-1,0,0,2,0,1,4,1,1,-1,9,2,28,6,898,1,5,SMART FORTWO,10,E01024819,0,2
2024010549471,2024,010549471,3,9,0,14,14,1,5,0,0,1,0,0,0,0,2,1,2,2,2,48,8,999,1,6,SMART FORTWO,6,E01021261,0,3
2024141519581,2024,141519581,1,9,0,-1,9,7,3,-1,0,0,0,0,0,0,1,1,-1,9,2,63,9,898,1,6,SMART FORTWO,7,E01007818,0,1
2024010514530,2024,010514530,1,9,0,17,19,5,1,0,0,0,0,0,8,10,1,1,6,6,1,-1,-1,698,1,19,SMART FORTWO,-1,-1,0,-1
2024631480264,2024,631480264,1,9,0,-1,12,6,1,-1,0,0,1,0,0,0,1,1,-1,6,2,76,11,999,1,10,SMART FORTWO,3,W01000695,0,1
2024421505348,2024,421505348,2,9,0,-1,19,7,3,-1,0,0,0,0,0,0,3,9,-1,6,2,51,8,999,1,7,SMART FORTWO,5,E01023293,0,2
2024010543368,2024,010543368,2,9,0,18,19,5,1,0,0,0,0,0,0,0,1,1,6,6,1,26,6,999,1,13,SMART FORTWO,-1,-1,0,-1
2024010519293,2024,010519293,1,9,5,7,7,3,5,0,0,6,5,10,1,11,1,1,6,6,2,21,5,999,1,10,SMART FORTWO,2,E01001439,0,3
2024411545790,2024,411545790,1,9,0,-1,9,7,5,-1,0,1,0,0,0,0,1,1,-1,6,2,26,6,999,1,7,SMART FORTWO,7,E01023947,0,1
2024010502966,2024,010502966,2,9,0,99,99,9,9,99,99,9,9,99,9,99,1,9,6,6,1,51,8,999,1,12,SMART FORTWO,3,E01035498,0,1
2024201482534,2024,201482534,2,9,0,-1,3,5,7,-1,0,1,0,0,0,0,2,1,-1,6,1,54,8,999,1,15,SMART FORTWO,6,E01010157,0,1
2024010514952,2024,010514952,2,9,0,3,3,3,7,0,0,1,0,0,0,0,2,1,6,6,1,41,7,-1,3,5,SMART FORTWO,2,E01004256,0,1
2024440401110,2024,440401110,2,9,0,18,19,3,7,0,0,8,0,0,0,0,1,1,6,6,2,85,11,999,1,11,SMART FORTWO,5,E01017311,0,1
2024010547149,2024,010547149,1,9,0,99,99,9,9,99,99,9,9,99,9,99,2,9,6,6,2,32,6,999,1,8,SMART FORTWO,5,E01023322,0,3
2024221488090,2024,221488090,2,9,0,-1,4,6,2,-1,0,0,0,0,0,0,1,1,-1,9,1,47,8,799,2,12,SMART FORTWO,10,E01031313,0,4
2024421432634,2024,421432634,1,9,0,-1,19,7,3,-1,0,0,2,10,2,11,1,1,-1,6,1,71,10,999,1,15,SMART FORTWO,6,E01021875,0,1
2024161412535,2024,161412535,1,9,0,-1,13,5,1,-1,0,0,0,0,0,0,3,1,-1,6,2,88,11,999,1,9,SMART FORTWO,4,E01012830,0,1
2024201440236,2024,201440236,2,9,0,-1,9,6,4,-1,0,6,0,0,0,0,2,1,-1,9,1,53,8,999,1,8,SMART FORTWO,6,E01029645,0,1
2024421457807,2024,421457807,2,9,0,-1,19,1,5,-1,0,1,0,0,0,0,1,2,-1,9,2,26,6,-1,3,3,SMART FORTWO,6,E01004351,0,1
2024010550479,2024,010550479,2,9,0,99,99,9,9,99,99,2,9,99,9,99,9,9,6,6,3,21,5,-1,3,3,SMART FORTWO,5,E01000070,0,1
2024430148956,2024,430148956,2,9,0,18,19,3,7,0,0,1,5,0,0,0,1,1,6,6,1,61,9,999,1,14,SMART FORTWO,10,E01028810,0,1
2024421416159,2024,421416159,1,9,0,-1,19,4,8,-1,0,0,0,0,0,0,1,1,-1,2,1,65,9,799,2,12,SMART FORTWO,10,E01021585,0,3
2024340WN1662,2024,340WN1662,1,9,0,-1,9,5,3,-1,0,5,0,0,0,6,1,1,-1,6,1,61,9,898,1,6,SMART FORTWO,9,E01027018,0,1
2024451416937,2024,451416937,1,9,0,-1,5,1,5,-1,0,0,0,0,0,0,1,1,-1,2,1,65,9,898,1,8,SMART FORTWO,10,E01030511,0,1
2024411521663,2024,411521663,2,9,0,-1,4,1,5,-1,0,1,0,0,0,0,2,1,-1,6,2,24,5,999,1,7,SMART FORTWO,3,E01001491,0,3
2024010506282,2024,010506282,2,9,0,99,99,9,9,99,99,9,9,99,9,99,9,9,6,6,3,-1,-1,898,1,6,SMART FORTWO,-1,-1,0,-1
2024421450032,2024,421450032,1,9,0,-1,19,5,1,-1,0,8,0,0,0,0,1,1,-1,6,2,31,6,999,1,7,SMART FORTWO,7,E01021797,0,2
2024371431554,2024,371431554,3,9,0,-1,2,0,0,-1,0,0,0,4,0,0,3,1,-1,6,-1,-1,-1,999,1,8,SMART FORTWO,-1,-1,0,-1
2024332400087,2024,332400087,1,9,0,-1,19,2,6,-1,0,8,0,0,0,0,3,1,-1,6,1,31,6,999,1,16,SMART FORTWO,3,E01013763,0,1
2024361458827,2024,361458827,1,9,0,-1,19,3,7,-1,0,8,5,9,0,0,4,1,-1,6,1,81,11,799,2,12,SMART FORTWO,4,E01026444,0,2
2024471485904,2024,471485904,1,9,0,-1,19,2,6,-1,0,0,0,0,0,0,1,1,-1,9,2,37,7,999,1,12,SMART FORTWO,9,E01021227,0,3
2024461529462,2024,461529462,1,9,0,-1,5,4,7,-1,9,5,0,0,3,0,3,1,-1,9,1,36,7,999,1,11,SMART FORTWO,1,E01024590,0,3
2024440374961,2024,440374961,2,9,0,3,3,4,8,0,0,1,0,0,0,0,2,1,6,6,2,34,6,799,2,14,SMART FORTWO,5,E01017029,0,4
2024010500172,2024,010500172,2,9,0,99,99,9,9,99,99,6,9,99,9,99,1,9,6,6,3,-1,-1,999,1,13,SMART FORTWO,-1,-1,0,-1
2024320041482,2024,320041482,1,9,0,-1,-1,5,1,0,0,0,0,0,0,0,1,1,-1,-1,2,65,9,799,2,15,SMART FORTWO,1,E01026149,0,1
2024351501522,2024,351501522,2,9,0,-1,19,7,3,-1,0,1,0,0,0,0,1,1,-1,6,1,71,10,799,2,15,SMART FORTWO,7,W01000447,0,5
2024371417487,2024,371417487,2,9,0,-1,19,3,7,-1,0,0,0,0,0,0,2,9,-1,2,1,54,8,799,2,15,SMART FORTWO,2,E01029969,0,3
202454D500124,2024,54D500124,3,9,0,18,19,2,6,0,0,0,0,0,0,0,1,1,1,1,1,73,10,999,1,14,SMART FORTWO,-1,-1,0,-1
2024522401949,2024,522401949,1,9,0,18,19,1,5,0,0,0,0,4,0,0,1,1,6,6,1,47,8,698,1,18,SMART FORTWO,5,E01014973,0,1
2024440118032,2024,440118032,2,9,0,4,4,7,3,0,0,1,0,0,0,0,1,1,6,6,1,-1,-1,799,2,15,SMART FORTWO,-1,-1,0,-1
2024501424576,2024,501424576,1,9,0,-1,19,7,3,-1,0,1,0,0,0,0,3,9,-1,2,1,29,6,999,1,7,SMART FORTWO,1,E01002034,0,5
2024421534116,2024,421534116,2,9,0,-1,10,5,1,-1,0,6,0,0,0,0,2,1,-1,9,2,54,8,999,1,10,SMART FORTWO,9,E01021945,0,2
2024440303802,2024,440303802,1,9,0,18,19,1,4,0,0,2,0,0,0,4,1,1,6,6,1,78,11,999,1,7,SMART FORTWO,4,E01022542,0,1
2024552400535,2024,552400535,1,9,0,18,19,4,8,0,0,0,0,0,0,0,1,1,6,6,2,91,11,999,1,10,SMART FORTWO,10,E01020386,0,1
2024221495263,2024,221495263,1,9,0,-1,3,2,6,-1,0,1,0,0,0,0,2,9,-1,9,2,28,6,999,1,16,SMART FORTWO,6,E01031240,0,1
2024231489544,2024,231489544,1,9,0,-1,6,2,2,-1,0,0,0,0,0,0,3,1,-1,1,1,27,6,799,2,15,SMART FORTWO,8,E01031272,0,3
2024010537214,2024,010537214,2,9,0,18,19,7,3,0,0,1,0,0,0,0,2,1,6,6,1,79,11,999,1,12,SMART FORTWO,4,E01000039,0,1
2024421478110,2024,421478110,2,9,0,-1,9,3,8,-1,0,8,0,0,0,0,4,1,-1,9,1,69,10,999,1,5,SMART FORTWO,3,E01034087,0,1
2024010534650,2024,010534650,1,9,0,5,5,6,2,0,0,0,0,0,0,0,1,1,6,6,1,72,10,999,1,12,SMART FORTWO,10,E01001101,0,1
2024522403431,2024,522403431,1,9,0,9,9,5,2,0,0,6,0,0,0,0,3,1,6,6,1,40,7,999,1,15,SMART FORTWO,3,E01014736,0,1
2024010503337,2024,010503337,1,9,0,9,9,4,2,0,0,1,0,0,0,0,1,1,6,6,2,46,8,1199,1,2,VAUXHALL CROSSLAND,6,E01003261,0,1
2024122400249,2024,122400249,2,9,0,18,19,5,1,0,0,3,0,0,0,0,1,1,6,6,2,54,8,1199,1,3,VAUXHALL CROSSLAND,2,E01011298,0,2
2024052401771,2024,052401771,1,9,0,18,19,4,8,0,0,8,0,0,0,0,1,1,6,6,1,37,7,1199,1,1,VAUXHALL CROSSLAND,2,E01006656,0,1
2024451462361,2024,451462361,1,9,0,-1,4,1,3,-1,0,0,0,0,0,0,2,1,-1,9,2,22,5,1199,1,5,VAUXHALL CROSSLAND,10,E01016552,0,3
2024161444061,2024,161444061,2,9,0,-1,19,1,5,-1,0,8,0,7,0,0,1,1,-1,2,2,38,7,1199,1,1,VAUXHALL CROSSLAND,8,E01013011,0,3
2024052402603,2024,052402603,3,9,0,7,7,8,2,0,0,5,0,0,0,0,2,1,6,6,1,50,8,1199,1,1,VAUXHALL CROSSLAND,5,E01007288,0,2
2024111471057,2024,111471057,2,9,0,-1,19,8,4,-1,0,1,0,0,0,0,3,1,-1,6,2,40,7,1199,1,2,VAUXHALL CROSSLAND,10,E01020732,0,1
2024471431488,2024,471431488,3,9,0,-1,2,0,0,-1,0,1,0,0,0,0,2,1,-1,6,-1,-1,-1,1199,1,3,VAUXHALL CROSSLAND,-1,-1,0,-1
2024010546201,2024,010546201,1,9,0,4,4,2,6,0,0,1,0,0,0,0,1,1,6,6,1,53,8,1199,1,2,VAUXHALL CROSSLAND,3,E01035695,0,1
2024440364897,2024,440364897,1,9,0,18,19,3,7,0,0,0,0,0,0,0,2,1,6,6,1,66,10,1199,1,0,VAUXHALL CROSSLAND,8,E01016274,0,4
2024461523811,2024,461523811,2,9,0,-1,19,7,3,-1,0,8,0,0,0,0,1,1,-1,9,1,51,8,1199,1,4,VAUXHALL CROSSLAND,9,E01002271,0,3
2024361413346,2024,361413346,3,9,0,-1,19,3,7,-1,0,2,0,0,0,0,1,9,-1,6,2,41,7,1199,1,2,VAUXHALL CROSSLAND,-1,-1,0,-1
2024991494192,2024,991494192,1,9,0,-1,19,1,7,-1,0,3,0,1,0,0,2,1,-1,6,3,40,7,1199,1,4,VAUXHALL CROSSLAND,-1,-1,0,-1
2024461419762,2024,461419762,2,9,0,-1,2,0,0,-1,9,0,0,0,0,0,1,1,-1,6,-1,-1,-1,1199,1,5,VAUXHALL CROSSLAND,-1,-1,0,-1
2024340WN1332,2024,340WN1332,2,9,0,-1,19,8,4,-1,0,1,1,0,0,0,1,1,-1,6,1,63,9,1199,1,2,VAUXHALL CROSSLAND,5,E01027017,0,1
2024332400719,2024,332400719,1,9,0,-1,19,8,3,-1,0,0,0,0,7,9,1,1,-1,9,2,72,10,1199,1,1,VAUXHALL CROSSLAND,6,E01025912,0,1
2024340WN2072,2024,340WN2072,1,9,0,-1,19,3,7,-1,0,8,0,0,0,0,1,1,-1,9,2,49,8,1199,1,0,VAUXHALL CROSSLAND,4,E01035430,0,3
2024991407744,2024,991407744,1,9,0,-1,19,5,1,-1,0,2,0,0,0,0,1,1,-1,9,2,54,8,1199,1,2,VAUXHALL CROSSLAND,2,-1,0,1
2024461516638,2024,461516638,1,9,0,-1,19,5,1,-1,0,0,0,0,0,0,1,9,-1,6,1,76,11,1499,2,2,VAUXHALL CROSSLAND,4,E01024226,0,1
2024122400618,2024,122400618,2,9,0,18,19,7,3,0,0,1,0,0,0,0,1,1,6,6,2,57,9,1499,2,2,VAUXHALL CROSSLAND,8,E01034966,0,1
2024991405187,2024,991405187,2,9,0,-1,2,0,0,-1,0,1,0,0,0,0,4,1,-1,6,-1,-1,-1,1199,1,3,VAUXHALL CROSSLAND,-1,-1,0,-1
2024201436866,2024,201436866,2,9,0,-1,3,8,4,-1,0,1,0,0,0,0,2,1,-1,9,2,42,7,1560,2,6,VAUXHALL CROSSLAND,9,E01029631,0,1
2024010549271,2024,010549271,4,9,0,2,2,0,0,0,0,0,0,0,0,0,2,1,6,6,3,-1,-1,1199,1,5,VAUXHALL CROSSLAND,-1,-1,0,-1
2024101398714,2024,101398714,3,9,0,-1,2,4,4,-1,0,2,0,0,0,0,1,1,-1,6,-1,-1,-1,1560,2,6,VAUXHALL CROSSLAND,-1,-1,0,-1
2024461528842,2024,461528842,2,9,0,-1,19,3,7,-1,0,0,0,0,0,0,2,1,-1,9,2,58,9,1199,1,5,VAUXHALL CROSSLAND,5,E01024283,0,2
2024311398537,2024,311398537,1,9,0,-1,19,1,5,-1,0,0,5,7,1,0,1,1,-1,6,1,47,8,1199,1,4,VAUXHALL CROSSLAND,6,E01028392,0,1
2024131469497,2024,131469497,2,9,0,-1,19,5,1,-1,0,0,0,0,0,0,1,1,-1,6,2,34,6,1199,1,2,VAUXHALL CROSSLAND,9,E01010642,0,1
2024052400057,2024,052400057,1,8,0,18,19,7,3,0,0,4,0,0,0,0,1,1,6,6,1,22,5,1199,1,4,VAUXHALL CROSSLAND,6,E01033756,0,2
2024610028624,2024,610028624,1,9,0,18,19,1,5,0,0,0,1,0,1,4,1,1,6,6,1,22,5,1199,1,2,VAUXHALL CROSSLAND,8,W01001583,0,1
2024101459679,2024,101459679,2,9,0,-1,3,7,3,-1,0,0,0,0,0,0,2,1,-1,6,2,29,6,1199,1,6,VAUXHALL CROSSLAND,6,E01020657,0,3
2024052402677,2024,052402677,2,9,0,5,5,4,8,0,0,8,0,0,0,0,3,1,6,6,1,28,6,1199,1,4,VAUXHALL CROSSLAND,1,E01034834,0,2
2024991426336,2024,991426336,2,9,0,-1,19,2,6,-1,0,0,0,0,0,0,3,1,-1,9,2,21,5,1199,1,3,VAUXHALL CROSSLAND,7,-1,0,1
2024421445428,2024,421445428,2,9,0,-1,19,7,3,-1,0,0,0,0,0,0,2,1,-1,6,1,45,7,1199,1,0,VAUXHALL CROSSLAND,-1,-1,0,-1
2024061417551,2024,061417551,1,9,0,-1,19,4,8,-1,0,0,0,0,0,0,1,9,-1,6,3,-1,-1,1199,1,5,VAUXHALL CROSSLAND,-1,-1,0,-1
2024201478449,2024,201478449,1,9,0,-1,5,7,3,-1,0,1,0,0,0,0,2,1,-1,9,2,75,10,1199,1,4,VAUXHALL CROSSLAND,3,E01010020,0,1
2024101424743,2024,101424743,2,9,0,-1,2,5,1,-1,-1,2,0,0,0,0,2,1,-1,6,1,56,9,1199,1,3,VAUXHALL CROSSLAND,1,E01008438,0,1
2024411451969,2024,411451969,2,9,0,-1,19,-1,-1,-1,0,8,0,0,0,0,3,1,-1,6,2,48,8,1199,1,6,VAUXHALL CROSSLAND,4,E01023781,0,1
2024101517606,2024,101517606,1,9,0,-1,19,3,7,-1,0,0,0,0,0,0,1,1,-1,1,1,25,5,1199,1,3,VAUXHALL CROSSLAND,-1,-1,0,-1
2024451394371,2024,451394371,1,9,0,-1,19,5,1,-1,0,0,0,0,0,0,4,9,-1,2,1,24,5,1199,1,6,VAUXHALL CROSSLAND,7,E01030994,0,3
2024010519941,2024,010519941,2,9,0,99,99,9,9,99,99,9,9,99,9,99,1,9,6,6,3,-1,-1,1199,1,0,VAUXHALL CROSSLAND,-1,-1,0,-1
2024010513657,2024,010513657,2,9,0,99,99,9,9,99,99,9,9,99,9,99,1,9,6,6,2,-1,-1,1199,1,4,VAUXHALL CROSSLAND,-1,-1,0,-1
2024440130527,2024,440130527,1,9,0,3,3,3,7,0,0,0,0,0,0,0,2,1,6,6,1,29,6,1199,1,3,VAUXHALL CROSSLAND,10,E01034725,0,1
2024991535515,2024,991535515,1,9,0,-1,6,3,3,-1,0,6,0,0,1,0,3,1,-1,9,1,53,8,1199,1,2,VAUXHALL CROSSLAND,1,-1,0,1
2024320020037,2024,320020037,2,9,0,2,2,0,0,0,0,0,0,0,0,0,2,1,6,6,3,-1,-1,1199,1,3,VAUXHALL CROSSLAND,-1,-1,0,-1
2024131510421,2024,131510421,2,9,0,-1,19,1,5,-1,0,0,0,0,0,0,2,1,-1,2,2,49,8,1199,1,4,VAUXHALL CROSSLAND,7,E01011119,0,2
2024991451231,2024,991451231,1,9,0,-1,2,6,2,-1,-1,0,0,0,0,0,0,1,-1,6,2,43,7,1199,1,5,VAUXHALL CROSSLAND,4,-1,0,3
2024531499412,2024,531499412,4,9,0,-1,19,5,1,-1,0,0,0,0,0,0,1,9,-1,6,2,77,11,1199,1,5,VAUXHALL CROSSLAND,10,E01022433,0,1
2024311455819,2024,311455819,1,9,0,-1,19,5,2,-1,0,0,0,0,1,0,1,1,-1,6,1,36,7,1199,1,2,VAUXHALL CROSSLAND,2,E01013829,0,4
2024111400446,2024,111400446,2,9,0,-1,19,5,1,-1,0,0,0,0,0,0,1,1,-1,6,2,69,10,1199,1,2,VAUXHALL CROSSLAND,2,E01008769,0,1
2024052402720,2024,052402720,1,9,0,5,5,4,8,0,0,4,0,0,0,0,1,1,6,6,2,28,6,1199,1,4,VAUXHALL CROSSLAND,1,E01006448,0,2
2024451450139,2024,451450139,1,9,0,-1,19,7,3,-1,0,1,0,0,0,0,1,1,-1,9,2,67,10,1199,1,2,VAUXHALL CROSSLAND,10,E01030435,0,2
2024311432365,2024,311432365,2,9,0,-1,3,1,5,-1,0,1,0,0,0,0,1,1,-1,9,2,51,8,1199,1,4,VAUXHALL CROSSLAND,1,E01027939,0,1
2024101448328,2024,101448328,1,9,0,-1,19,6,2,-1,0,8,0,0,0,0,1,1,-1,6,1,54,8,1199,1,4,VAUXHALL CROSSLAND,2,E01008641,0,1
2024161426560,2024,161426560,3,9,0,-1,19,3,7,-1,0,2,0,0,0,0,2,1,-1,6,1,66,10,1199,1,2,VAUXHALL CROSSLAND,6,E01007666,0,4
2024041536063,2024,041536063,2,9,0,-1,19,5,1,-1,0,1,0,0,0,0,1,1,-1,2,2,54,8,1199,1,7,VAUXHALL CROSSLAND,1,E01012678,0,1
2024461481635,2024,461481635,2,9,0,-1,19,3,7,-1,0,0,0,0,0,0,1,1,-1,9,2,67,10,1199,1,3,VAUXHALL CROSSLAND,5,E01024537,0,1
2024546178924,2024,546178924,1,9,0,4,4,2,6,0,0,1,0,0,0,0,2,1,6,6,2,73,10,1199,1,5,VAUXHALL CROSSLAND,10,E01032097,0,1
2024991481506,2024,991481506,2,9,0,-1,3,2,6,-1,0,1,0,0,0,0,2,1,-1,9,2,43,7,1199,1,1,VAUXHALL CROSSLAND,8,-1,0,2
2024991438225,2024,991438225,2,9,0,-1,19,5,1,-1,0,8,0,0,0,0,1,1,-1,6,2,38,7,1199,1,4,VAUXHALL CROSSLAND,8,-1,0,3
2024101465604,2024,101465604,2,9,0,-1,9,3,5,-1,0,0,0,0,0,0,4,1,-1,9,1,66,10,1199,1,3,VAUXHALL CROSSLAND,10,E01008311,0,1
2024421428040,2024,421428040,1,9,0,-1,19,7,3,-1,0,0,0,0,0,0,1,1,-1,9,1,86,11,1199,1,5,VAUXHALL CROSSLAND,6,E01023762,0,4
2024991481624,2024,991481624,1,9,0,-1,5,2,8,-1,0,6,0,0,0,0,1,1,-1,9,1,71,10,1199,1,4,VAUXHALL CROSSLAND,5,-1,0,1
2024440121945,2024,440121945,1,9,0,9,9,5,3,0,0,8,0,4,0,0,1,1,2,2,1,28,6,1199,1,4,VAUXHALL CROSSLAND,-1,-1,0,-1
2024101421549,2024,101421549,1,9,0,-1,19,7,3,-1,0,2,0,0,0,0,4,1,-1,9,1,52,8,1199,1,3,VAUXHALL CROSSLAND,2,E01008242,0,1
2024631538047,2024,631538047,1,9,0,-1,19,4,8,-1,0,0,5,0,8,3,1,1,-1,6,2,72,10,1199,1,1,VAUXHALL CROSSLAND,6,W01000584,0,1
2024991529001,2024,991529001,2,9,0,-1,2,0,0,-1,0,0,0,0,0,0,2,1,-1,6,-1,-1,-1,1199,1,6,VAUXHALL CROSSLAND,-1,-1,0,-1
2024991456520,2024,991456520,2,9,0,-1,19,3,7,-1,0,1,0,0,0,0,1,1,-1,9,2,36,7,1199,1,5,VAUXHALL CROSSLAND,1,-1,0,1
2024332400862,2024,332400862,1,9,0,-1,9,7,5,-1,0,5,0,0,0,0,1,1,-1,7,2,31,6,1199,1,4,VAUXHALL CROSSLAND,5,E01025999,0,1