collision_index,collision_year,collision_ref_no,vehicle_reference,vehicle_type,towing_and_articulation,vehicle_manoeuvre_historic,vehicle_manoeuvre,vehicle_direction_from,vehicle_direction_to,vehicle_location_restricted_lane_historic,vehicle_location_restricted_lane,junction_location,skidding_and_overturning,hit_object_in_carriageway,vehicle_leaving_carriageway,hit_object_off_carriageway,first_point_of_impact,vehicle_left_hand_drive,journey_purpose_of_driver_historic,journey_purpose_of_driver,sex_of_driver,age_of_driver,age_band_of_driver,engine_capacity_cc,propulsion_code,age_of_vehicle,generic_make_model,driver_imd_decile,lsoa_of_driver,escooter_flag,driver_distance_banding
2024061483702,2024,061483702,1,9,0,-1,7,6,8,-1,0,8,0,0,0,0,4,2,-1,9,1,21,5,1199,1,3,VAUXHALL CROSSLAND,2,E01003604,0,5
2024201495922,2024,201495922,1,9,0,-1,19,5,1,-1,0,0,0,0,0,0,1,1,-1,6,1,82,11,1199,1,2,VAUXHALL CROSSLAND,5,E01009590,0,1
2024010509907,2024,010509907,2,9,0,18,19,1,5,0,0,0,0,0,0,0,3,1,6,6,1,57,9,1199,1,5,VAUXHALL CROSSLAND,-1,-1,0,-1
2024501471852,2024,501471852,2,9,0,-1,3,2,7,-1,0,1,0,0,0,0,2,1,-1,9,1,73,10,1199,1,3,VAUXHALL CROSSLAND,6,E01020160,0,1
2024201456095,2024,201456095,1,9,0,-1,19,6,6,-1,0,1,0,0,0,0,4,9,-1,2,2,31,6,1199,1,5,VAUXHALL CROSSLAND,8,E01009812,0,3
2024320678194,2024,320678194,1,23,0,-1,-1,2,6,0,0,2,0,0,0,0,1,1,6,6,1,51,8,-1,3,0,MAKE AND MODEL REDACTED,3,E01035551,0,3
2024010519187,2024,010519187,1,3,9,99,99,9,9,99,99,0,9,99,9,99,1,1,1,1,1,27,6,313,1,2,BMW G 310,5,E01000494,0,2
2024122400215,2024,122400215,2,4,0,18,19,5,1,0,0,8,0,0,0,0,1,1,2,2,1,21,5,313,1,4,BMW G 310,9,E01027632,0,2
2024061500758,2024,061500758,1,4,0,-1,19,1,5,-1,0,2,0,0,0,0,4,1,-1,6,1,39,7,313,1,6,BMW G 310,6,E01004910,0,1
2024010529672,2024,010529672,1,4,0,99,99,9,9,99,99,9,9,99,9,99,9,1,6,6,1,20,4,313,1,1,BMW G 310,4,E01001635,0,3
2024041431048,2024,041431048,1,4,0,-1,19,2,4,-1,0,0,2,10,0,0,4,1,-1,9,1,20,4,313,1,2,BMW G 310,1,E01012641,0,1
2024471412982,2024,471412982,1,4,0,-1,19,1,5,-1,0,0,0,0,0,0,1,1,-1,6,1,21,5,313,1,2,BMW G 310,7,E01016970,0,1
2024361439050,2024,361439050,2,4,0,-1,19,5,1,-1,0,1,0,0,7,0,1,1,-1,9,1,21,5,313,1,2,BMW G 310,9,E01026839,0,4
2024461467656,2024,461467656,1,4,0,-1,9,7,5,-1,0,6,0,0,3,4,1,1,-1,9,1,22,5,313,1,7,BMW G 310,7,E01032620,0,2
2024010540109,2024,010540109,1,4,0,18,19,1,5,0,0,1,0,0,0,0,1,1,1,1,1,35,6,313,1,4,BMW G 310,10,E01004640,0,2
2024440387693,2024,440387693,1,4,0,13,13,5,8,0,0,0,0,0,0,0,1,1,2,2,1,56,9,313,1,6,BMW G 310,4,E01017305,0,2
2024302401611,2024,302401611,2,4,0,18,19,7,4,0,0,8,0,0,0,0,1,1,2,2,1,38,7,313,1,4,BMW G 310,5,E01027989,0,4
2024501459928,2024,501459928,2,4,0,-1,19,7,3,-1,0,1,0,0,0,0,1,1,-1,9,1,20,4,313,1,1,BMW G 310,3,E01014572,0,5
2024061487425,2024,061487425,1,4,0,-1,19,5,1,-1,0,1,0,0,0,0,1,1,-1,6,1,16,4,313,1,1,BMW G 310,1,E01006327,0,1
2024430449831,2024,430449831,1,17,4,9,9,4,2,0,0,6,0,0,0,0,3,1,1,1,2,20,4,8710,2,0,MAKE AND MODEL REDACTED,-1,-1,0,-1
2024461483667,2024,461483667,2,5,0,-1,19,1,4,-1,0,1,0,0,0,0,1,1,-1,6,1,70,10,644,1,20,MAKE AND MODEL REDACTED,3,E01024777,0,4
2024501510907,2024,501510907,2,9,0,-1,4,6,2,-1,0,0,0,0,0,0,1,1,-1,6,1,42,7,1598,8,0,DACIA JOGGER,4,E01020291,0,3
2024070604055,2024,070604055,1,9,0,4,4,7,3,0,0,1,0,0,0,0,4,1,6,6,1,60,9,999,1,0,DACIA JOGGER,10,E01018475,0,1
2024211515461,2024,211515461,1,9,0,-1,19,1,5,-1,0,0,0,0,2,11,1,1,-1,9,1,32,6,999,1,0,DACIA JOGGER,2,E01010268,0,3
2024211501225,2024,211501225,2,9,0,-1,19,4,8,-1,0,0,0,0,0,0,3,9,-1,6,2,43,7,999,1,0,DACIA JOGGER,1,E01014261,0,2
2024451518415,2024,451518415,3,9,0,-1,19,1,5,-1,0,0,0,0,0,0,3,1,-1,2,1,64,9,999,1,1,DACIA JOGGER,5,E01031595,0,4
2024991520437,2024,991520437,2,9,0,-1,19,8,5,-1,0,0,0,0,0,0,1,1,-1,9,2,52,8,999,1,2,DACIA JOGGER,-1,-1,0,-1
2024041477553,2024,041477553,1,9,0,-1,19,3,7,-1,0,2,0,0,7,0,2,1,-1,9,1,36,7,999,1,0,DACIA JOGGER,4,E01025216,0,1
2024991497288,2024,991497288,1,9,0,-1,9,7,4,-1,0,5,0,0,0,0,1,1,-1,9,1,42,7,1598,8,0,DACIA JOGGER,2,-1,0,4
2024101518179,2024,101518179,2,9,0,-1,2,0,0,-1,0,0,0,0,0,0,0,1,-1,9,2,50,8,1598,8,0,DACIA JOGGER,-1,-1,0,-1
2024461493208,2024,461493208,1,9,0,-1,19,2,6,-1,0,0,0,0,0,0,3,1,-1,2,1,61,9,1598,8,0,DACIA JOGGER,2,E01024476,0,1
2024991440015,2024,991440015,1,9,0,-1,5,2,6,-1,0,1,0,0,0,0,3,1,-1,6,1,44,7,1598,8,0,DACIA JOGGER,6,-1,0,1
2024451536341,2024,451536341,2,9,0,-1,2,5,1,-1,0,2,0,0,0,0,1,1,-1,9,1,56,9,1598,8,0,DACIA JOGGER,8,E01030718,0,2
2024201485143,2024,201485143,1,9,0,-1,19,6,2,-1,0,1,0,0,0,0,3,1,-1,9,1,60,9,1598,8,0,DACIA JOGGER,2,E01010309,0,1
2024610042724,2024,610042724,1,9,0,18,19,7,3,0,0,0,0,0,1,0,1,1,6,6,1,33,6,1598,8,0,DACIA JOGGER,1,W01001962,0,4
2024122500180,2024,122500180,1,9,0,18,19,5,1,0,0,3,0,0,1,2,1,1,6,6,2,39,7,1598,8,0,DACIA JOGGER,4,E01034983,0,1
2024351540952,2024,351540952,1,9,0,-1,19,7,3,-1,0,2,0,0,0,0,1,1,-1,6,1,69,10,1598,8,0,DACIA JOGGER,5,E01018059,0,3
2024010551314,2024,010551314,3,9,0,5,5,1,5,0,0,0,0,0,0,0,2,1,6,6,1,25,5,999,1,0,DACIA JOGGER,6,E01035493,0,3
2024461525795,2024,461525795,2,9,0,-1,9,4,8,-1,0,8,0,0,0,0,3,1,-1,9,1,35,6,999,1,1,DACIA JOGGER,8,E01024816,0,3
2024201522074,2024,201522074,1,9,0,-1,19,1,3,-1,0,0,0,0,0,0,1,9,-1,6,3,-1,-1,999,1,1,DACIA JOGGER,-1,-1,0,-1
2024461439882,2024,461439882,1,9,0,-1,9,1,4,-1,0,0,0,0,0,0,3,2,-1,7,1,66,10,999,1,0,DACIA JOGGER,5,E01024039,0,2
2024332400022,2024,332400022,1,9,0,-1,19,5,1,-1,0,0,0,0,0,0,1,1,-1,9,1,32,6,999,1,2,DACIA JOGGER,2,E01013634,0,1
2024201503311,2024,201503311,1,9,0,-1,19,8,4,-1,0,4,0,0,0,0,9,9,-1,6,2,52,8,999,1,0,DACIA JOGGER,3,E01032536,0,1
2024010502213,2024,010502213,3,9,0,5,5,5,1,0,0,4,0,0,0,0,1,1,6,6,1,63,9,1598,8,0,DACIA JOGGER,-1,-1,0,-1
2024421414406,2024,421414406,2,9,0,-1,3,5,7,-1,0,1,0,0,0,0,2,1,-1,9,2,40,7,999,1,2,DACIA JOGGER,4,E01022011,0,1
2024101428598,2024,101428598,1,9,-1,-1,19,6,2,-1,0,0,0,0,0,0,1,9,-1,6,1,28,6,999,1,0,DACIA JOGGER,4,E01033718,0,1
2024141459189,2024,141459189,1,9,0,-1,19,8,4,-1,0,0,0,4,0,0,1,1,-1,6,1,32,6,999,1,0,DACIA JOGGER,1,E01007668,0,1
2024201508164,2024,201508164,2,9,0,-1,3,7,3,-1,0,0,0,0,0,0,1,9,-1,6,1,41,7,1598,8,0,DACIA JOGGER,2,E01010057,0,1
2024501534880,2024,501534880,2,9,0,-1,19,1,5,-1,0,8,0,0,0,0,3,1,-1,9,2,25,5,999,1,0,DACIA JOGGER,1,E01015045,0,3
2024622400053,2024,622400053,2,9,0,3,3,4,8,0,0,1,0,0,0,0,2,1,6,6,1,34,6,999,1,1,DACIA JOGGER,3,W01001140,0,1
2024101522063,2024,101522063,2,9,0,-1,3,2,4,-1,0,1,0,0,0,0,2,9,-1,1,1,39,7,1598,8,0,DACIA JOGGER,6,E01027532,0,4
202417L204424,2024,17L204424,1,9,0,-1,19,2,6,-1,0,8,0,0,0,0,2,1,-1,9,2,60,9,999,1,1,DACIA JOGGER,9,E01012066,0,2
2024991406617,2024,991406617,2,9,0,-1,2,0,0,-1,0,2,0,0,0,0,2,1,-1,6,3,-1,-1,999,1,1,DACIA JOGGER,-1,-1,0,-1
2024545421524,2024,545421524,1,9,0,5,5,0,6,0,0,6,0,0,0,0,1,1,6,6,3,-1,-1,999,1,1,DACIA JOGGER,-1,-1,0,-1
2024401548086,2024,401548086,1,9,0,-1,4,1,5,-1,0,0,0,0,0,0,2,1,-1,6,1,35,6,1598,8,1,DACIA JOGGER,5,E01017412,0,2
2024320656558,2024,320656558,2,9,0,-1,-1,8,4,0,0,0,0,0,0,0,1,1,-1,-1,2,61,9,999,1,2,DACIA JOGGER,2,E01026084,0,4
2024131486021,2024,131486021,1,9,0,-1,12,1,5,-1,0,0,0,0,0,0,1,1,-1,9,2,74,10,1598,8,0,DACIA JOGGER,1,E01007318,0,4
2024311460647,2024,311460647,1,9,0,-1,9,3,4,-1,0,8,0,0,7,0,4,1,-1,1,1,41,7,999,1,0,DACIA JOGGER,5,E01028342,0,1
2024052402091,2024,052402091,1,9,0,1,1,8,4,0,0,0,0,0,0,0,2,1,6,6,3,-1,-1,1598,8,0,DACIA JOGGER,-1,-1,0,-1
2024010542856,2024,010542856,1,9,0,18,19,3,7,0,0,1,0,0,0,0,1,1,6,6,1,44,7,1598,8,0,DACIA JOGGER,4,E01003688,0,2
2024340NN2042,2024,340NN2042,1,9,0,-1,19,3,1,-1,0,4,0,0,0,0,3,1,-1,9,2,40,7,999,1,2,DACIA JOGGER,3,E01027104,0,1
2024501526819,2024,501526819,1,9,0,-1,19,3,7,-1,0,2,0,0,0,0,4,1,-1,6,2,52,8,1598,8,0,DACIA JOGGER,7,E01020132,0,1
2024351544354,2024,351544354,1,9,0,-1,19,3,7,-1,0,0,0,0,0,0,1,1,-1,6,2,28,6,1598,8,0,DACIA JOGGER,2,E01035538,0,1
2024440343716,2024,440343716,1,9,0,4,4,6,2,0,0,0,0,0,0,0,2,1,6,6,2,28,6,999,1,2,DACIA JOGGER,8,E01022633,0,3
202454A353324,2024,54A353324,1,9,0,18,19,7,3,0,0,2,0,0,0,0,1,1,1,1,1,34,6,999,1,0,DACIA JOGGER,7,E01032024,0,1
2024461470224,2024,461470224,1,9,0,-1,19,5,8,-1,0,0,0,0,0,0,1,1,-1,6,1,63,9,1598,8,0,DACIA JOGGER,2,E01024305,0,4
2024351471549,2024,351471549,1,9,0,-1,5,3,7,-1,0,0,0,0,0,0,1,1,-1,9,1,31,6,1598,8,0,DACIA JOGGER,2,E01015604,0,1
2024131519596,2024,131519596,1,9,0,-1,19,5,1,-1,0,0,0,0,0,0,1,2,-1,9,2,68,10,999,1,0,DACIA JOGGER,2,E01011298,0,1
2024440261955,2024,440261955,1,9,0,18,19,7,3,0,0,0,0,0,0,0,1,1,6,6,1,34,6,999,1,0,DACIA JOGGER,6,E01023237,0,3
2024101512112,2024,101512112,1,9,0,-1,19,7,3,-1,0,0,0,0,0,0,1,9,-1,6,1,40,7,999,1,0,DACIA JOGGER,-1,-1,0,-1
2024070565983,2024,070565983,2,9,0,18,19,8,4,0,0,2,0,0,0,0,1,1,3,7,1,39,7,1598,8,0,DACIA JOGGER,8,E01018592,0,1
2024041488313,2024,041488313,1,9,0,-1,9,3,7,-1,0,8,0,0,0,0,1,1,-1,9,2,40,7,999,1,0,DACIA JOGGER,2,E01025481,0,1
202417M307324,2024,17M307324,2,9,0,-1,3,1,5,-1,0,1,0,0,0,0,2,1,-1,9,1,29,6,999,1,1,DACIA JOGGER,4,E01035194,0,1
2024221468222,2024,221468222,2,9,0,-1,10,7,5,-1,0,1,0,0,0,0,2,9,-1,6,1,61,9,999,1,0,DACIA JOGGER,4,E01014068,0,1
2024010535905,2024,010535905,3,9,0,3,3,6,2,0,0,1,0,0,0,0,2,1,2,2,1,44,7,999,1,2,DACIA JOGGER,4,E01023337,0,3
2024010521425,2024,010521425,2,9,0,7,7,3,5,0,0,1,0,0,0,0,3,1,6,6,2,45,7,999,1,1,DACIA JOGGER,2,E01003253,0,1
2024440393138,2024,440393138,1,9,0,18,19,6,2,0,0,0,0,0,0,0,3,1,3,7,1,42,7,1598,8,0,DACIA JOGGER,4,E01023088,0,2
2024461501851,2024,461501851,1,9,0,-1,19,5,1,-1,0,1,0,0,0,0,2,1,-1,9,1,35,6,999,1,1,DACIA JOGGER,4,E01024586,0,1
2024101497696,2024,101497696,2,9,0,-1,19,1,5,-1,0,0,0,0,0,0,4,1,-1,9,2,31,6,1598,8,0,DACIA JOGGER,1,E01008817,0,1
2024010533471,2024,010533471,2,5,0,18,19,1,5,0,0,8,0,0,0,0,1,1,6,6,1,41,7,1198,1,8,MAKE AND MODEL REDACTED,1,E01021271,0,4
2024552400559,2024,552400559,1,5,0,7,7,7,8,0,0,6,0,0,0,0,1,1,6,6,1,39,7,1198,1,10,MAKE AND MODEL REDACTED,2,E01015280,0,4
2024440380906,2024,440380906,1,5,0,18,19,8,4,0,0,0,0,0,0,0,3,1,6,6,1,41,7,1198,1,12,MAKE AND MODEL REDACTED,5,E01022666,0,1
2024101459013,2024,101459013,1,5,0,-1,19,5,1,-1,0,0,0,0,0,0,1,1,-1,9,1,31,6,1198,1,10,MAKE AND MODEL REDACTED,3,E01008592,0,2
2024991479444,2024,991479444,1,5,0,-1,13,3,7,-1,0,0,2,0,7,11,1,1,-1,9,1,61,9,1198,1,11,MAKE AND MODEL REDACTED,5,-1,0,3
2024471477893,2024,471477893,2,5,0,-1,13,1,5,-1,0,1,0,0,0,0,1,1,-1,9,1,62,9,1198,1,9,MAKE AND MODEL REDACTED,4,E01031434,0,1
2024010535469,2024,010535469,1,5,0,99,99,9,9,99,99,9,9,99,9,99,2,1,2,2,1,51,8,1198,1,4,MAKE AND MODEL REDACTED,8,E01031633,0,4
2024501426869,2024,501426869,1,9,0,-1,19,5,1,-1,0,0,5,0,7,10,1,1,-1,9,1,58,9,4497,1,12,MAKE AND MODEL REDACTED,6,E01019903,0,2
2024531427278,2024,531427278,1,9,0,-1,19,1,5,-1,0,8,2,0,0,0,1,1,-1,9,1,55,8,4497,1,11,MAKE AND MODEL REDACTED,10,E01022208,0,2
2024161524766,2024,161524766,1,9,0,-1,5,5,3,-1,0,1,0,0,0,0,3,1,-1,1,1,37,7,1368,1,16,FIAT BRAVO,2,E01035482,0,1
2024340NN2172,2024,340NN2172,1,9,0,-1,19,7,3,-1,0,2,0,0,0,0,1,1,-1,6,3,-1,-1,1956,2,13,FIAT BRAVO,-1,-1,0,-1
2024440217358,2024,440217358,1,9,0,18,19,6,2,0,0,1,0,4,0,0,1,1,6,6,1,28,6,1910,2,16,FIAT BRAVO,1,E01022917,0,3
2024161448170,2024,161448170,1,9,0,-1,19,1,5,-1,0,0,0,0,0,0,1,1,-1,9,1,35,6,1368,1,14,FIAT BRAVO,1,E01012888,0,1
2024451444935,2024,451444935,1,9,0,-1,19,1,5,-1,9,8,0,0,7,7,1,1,-1,9,1,19,4,1368,1,16,FIAT BRAVO,9,E01030635,0,2
2024101425231,2024,101425231,1,9,0,-1,19,3,7,-1,0,2,0,0,0,0,3,1,-1,1,2,56,9,1368,1,15,FIAT BRAVO,7,E01008188,0,1
2024622500024,2024,622500024,1,9,0,18,19,8,4,0,0,0,0,4,7,11,2,1,6,6,1,66,10,1598,2,15,FIAT BRAVO,2,W01001141,0,4
2024111454640,2024,111454640,1,9,0,-1,19,7,3,-1,0,0,0,0,0,0,1,1,-1,6,1,30,6,1368,1,17,FIAT BRAVO,2,E01020860,0,3
2024201474237,2024,201474237,1,9,0,-1,9,6,5,-1,0,6,0,0,0,0,1,1,-1,6,1,22,5,1368,1,14,FIAT BRAVO,4,E01010566,0,1
2024311509269,2024,311509269,2,9,0,-1,19,7,2,-1,0,4,0,0,0,0,3,1,-1,9,1,21,5,1368,1,14,FIAT BRAVO,-1,-1,0,-1
2024061524112,2024,061524112,2,9,0,-1,9,2,8,-1,0,6,0,0,0,0,3,1,-1,6,2,42,7,1368,1,15,FIAT BRAVO,1,E01005703,0,1
2024221517383,2024,221517383,1,9,0,-1,19,2,7,-1,0,0,1,11,7,10,1,9,-1,9,1,23,5,1368,1,16,FIAT BRAVO,5,E01032281,0,2
2024631421190,2024,631421190,2,9,0,-1,19,4,8,-1,0,8,0,0,0,0,1,1,-1,7,2,25,5,1598,2,15,FIAT BRAVO,6,W01000725,0,1
2024340WN9102,2024,340WN9102,1,9,0,-1,13,5,1,-1,0,0,0,0,7,0,1,1,-1,6,1,62,9,1998,1,23,FIAT BRAVO,4,E01027007,0,3
2024440004157,2024,440004157,1,9,0,18,19,2,6,0,0,0,2,0,1,11,1,1,6,6,3,-1,-1,1910,2,17,FIAT BRAVO,-1,-1,0,-1
2024531429821,2024,531429821,1,9,0,-1,19,2,6,-1,0,0,2,0,7,11,3,1,-1,6,1,24,5,1368,1,16,FIAT BRAVO,10,E01031214,0,3
2024010543730,2024,010543730,2,9,0,99,99,9,9,99,99,9,9,99,9,99,9,9,6,6,1,29,6,1368,1,16,FIAT BRAVO,7,E01017578,0,4
2024201531339,2024,201531339,2,9,0,-1,19,3,7,-1,0,8,1,0,4,1,3,2,-1,2,2,56,9,1368,1,15,FIAT BRAVO,1,E01009134,0,1
2024311520399,2024,311520399,1,9,0,-1,19,3,7,-1,0,0,0,0,0,0,1,1,-1,6,1,33,6,1956,2,13,FIAT BRAVO,7,E01025745,0,3
2024320691826,2024,320691826,1,9,0,-1,-1,8,4,0,0,1,0,0,0,0,1,1,-1,-1,2,53,8,1368,1,16,FIAT BRAVO,-1,-1,0,-1
2024131474606,2024,131474606,2,9,0,-1,19,7,3,-1,0,0,0,0,0,0,2,1,-1,9,1,39,7,1368,1,15,FIAT BRAVO,1,E01011625,0,1
2024010545882,2024,010545882,2,5,0,18,19,7,3,0,0,1,0,0,0,0,1,1,6,6,1,35,6,1340,1,37,MAKE AND MODEL REDACTED,-1,-1,0,-1
2024991497379,2024,991497379,1,5,0,-1,13,3,8,-1,0,0,0,0,0,0,4,1,-1,6,1,44,7,1745,1,6,MAKE AND MODEL REDACTED,-1,-1,0,-1
2024522500404,2024,522500404,1,4,0,18,19,5,1,0,0,1,0,0,0,0,1,1,6,6,1,27,6,124,1,4,MAKE AND MODEL REDACTED,1,E01014833,0,1
2024010499610,2024,010499610,3,4,0,3,3,3,7,0,0,2,2,0,0,0,2,1,6,6,1,32,6,125,1,2,HONDA FSH125,5,E01000624,0,1
2024010543834,2024,010543834,3,3,0,18,19,7,3,0,0,1,0,0,0,0,1,1,1,1,2,46,8,125,1,0,HONDA FSH125,5,E01001512,0,1
2024010535805,2024,010535805,1,3,0,15,15,3,7,0,0,0,0,0,0,0,2,1,6,6,1,41,7,125,1,3,HONDA FSH125,5,E01001247,0,1
2024010516343,2024,010516343,1,3,0,4,4,7,3,0,0,3,0,0,0,0,2,1,1,1,1,22,5,125,1,0,HONDA FSH125,4,E01003534,0,1
2024421421962,2024,421421962,2,3,0,-1,3,1,5,-1,0,1,0,0,0,0,2,1,-1,6,2,46,8,125,1,3,HONDA FSH125,3,E01016005,0,2
2024010536500,2024,010536500,1,3,0,7,7,8,4,9,9,5,0,0,7,0,1,1,3,7,1,21,5,125,1,3,HONDA FSH125,3,E01002503,0,1
2024010512270,2024,010512270,1,3,0,16,19,1,5,0,0,1,0,0,0,0,1,1,6,6,1,28,6,125,1,1,HONDA FSH125,3,E01003627,0,1
2024010533261,2024,010533261,1,3,0,99,99,9,9,99,99,9,9,99,9,99,9,1,6,6,1,36,7,125,1,2,HONDA FSH125,6,E01002371,0,3
2024010537319,2024,010537319,2,3,0,5,5,1,5,0,0,0,0,0,0,0,3,1,1,1,1,36,7,125,1,2,HONDA FSH125,5,E01024048,0,4
2024010504212,2024,010504212,2,3,0,3,3,3,7,0,0,1,0,0,0,0,2,1,1,1,1,42,7,125,1,0,HONDA FSH125,5,E01000607,0,1
2024411463025,2024,411463025,2,3,-1,-1,-1,-1,-1,-1,-1,-1,-1,-1,-1,0,-1,1,-1,2,1,-1,-1,125,1,2,HONDA FSH125,4,E01000633,0,3
2024010490312,2024,010490312,2,3,0,18,19,1,5,0,0,2,0,0,0,0,2,1,1,1,2,37,7,125,1,1,HONDA FSH125,5,E01002184,0,1
2024010524581,2024,010524581,1,3,0,18,19,7,3,0,0,0,0,0,0,0,2,1,1,1,1,39,7,125,1,3,HONDA FSH125,2,E01003619,0,1
2024451396117,2024,451396117,1,3,0,-1,19,1,3,-1,0,1,0,0,0,0,0,1,-1,6,1,28,6,125,1,3,HONDA FSH125,5,E01016577,0,3
2024430602201,2024,430602201,2,4,0,10,10,7,5,0,0,5,0,0,0,0,1,1,6,6,2,28,6,125,1,1,HONDA FSH125,-1,-1,0,-1
2024440253361,2024,440253361,1,3,0,13,13,8,4,0,0,1,0,0,0,0,1,1,6,6,1,28,6,125,1,3,HONDA FSH125,2,E01017156,0,4
2024010544922,2024,010544922,1,3,0,99,99,9,9,99,99,0,9,99,9,99,9,1,2,2,3,22,5,125,1,0,HONDA FSH125,3,E01004184,0,1
2024010525711,2024,010525711,1,3,0,3,3,9,9,99,99,0,9,99,9,99,9,1,1,1,3,40,7,125,1,1,HONDA FSH125,4,E01002130,0,3
2024010530952,2024,010530952,1,3,0,7,7,5,7,0,0,6,1,0,0,0,4,1,2,2,1,29,6,125,1,1,HONDA FSH125,6,E01002659,0,2
2024010525868,2024,010525868,2,3,0,99,99,9,9,99,99,9,9,99,9,99,9,1,6,6,3,-1,-1,125,1,1,HONDA FSH125,-1,-1,0,-1
2024010529921,2024,010529921,2,3,0,18,19,1,5,0,0,2,1,0,0,0,2,1,6,6,1,51,8,125,1,3,HONDA FSH125,5,E01003718,0,2
2024010514972,2024,010514972,2,3,0,18,19,1,5,0,0,0,0,0,0,0,1,1,6,6,1,39,7,125,1,3,HONDA FSH125,8,E01002174,0,1
2024061494255,2024,061494255,2,4,0,-1,19,2,6,-1,0,0,0,0,0,0,1,1,-1,1,1,25,5,125,1,2,HONDA FSH125,1,E01005142,0,1
2024010527394,2024,010527394,2,3,0,7,7,5,7,0,0,6,0,0,0,0,0,1,6,6,1,33,6,125,1,3,HONDA FSH125,5,E01001185,0,2
2024010522345,2024,010522345,2,3,0,5,5,7,3,0,0,2,0,0,0,0,1,1,1,1,1,23,5,125,1,2,HONDA FSH125,3,E01034204,0,2
2024010508366,2024,010508366,1,3,0,18,19,7,3,0,0,1,1,0,0,0,1,1,1,1,1,24,5,125,1,2,HONDA FSH125,3,E01003571,0,1
2024221452681,2024,221452681,2,3,0,-1,19,1,5,-1,0,0,0,0,0,0,3,1,-1,6,1,49,8,125,1,3,HONDA FSH125,3,E01032381,0,1
2024010534549,2024,010534549,2,3,0,99,99,9,9,99,99,9,9,99,9,99,9,1,1,1,3,32,6,125,1,2,HONDA FSH125,7,E01002171,0,1
2024010510433,2024,010510433,1,3,0,99,99,9,9,99,99,9,9,99,9,99,9,1,1,1,1,49,8,125,1,1,HONDA FSH125,3,E01001371,0,1
2024070651709,2024,070651709,2,3,0,9,9,7,5,0,0,6,0,0,0,0,2,1,6,6,1,60,9,125,1,1,HONDA FSH125,-1,-1,0,-1
2024471434073,2024,471434073,2,3,0,-1,3,2,7,-1,0,0,0,0,0,0,2,1,-1,2,2,22,5,125,1,2,HONDA FSH125,4,E01031576,0,1
2024471525736,2024,471525736,1,3,0,-1,19,3,7,-1,0,0,0,0,0,0,1,1,-1,2,2,22,5,125,1,2,HONDA FSH125,4,E01031576,0,1
2024201490973,2024,201490973,2,2,0,-1,19,5,1,-1,0,6,0,0,0,0,1,1,-1,1,1,23,5,125,1,1,HONDA FSH125,3,E01009242,0,1
2024461413027,2024,461413027,2,3,0,-1,19,1,5,-1,0,1,0,0,0,0,1,1,-1,1,1,45,7,125,1,3,HONDA FSH125,4,E01024358,0,1
2024522401855,2024,522401855,1,3,0,17,19,2,7,0,0,8,0,0,0,0,1,1,6,6,1,30,6,125,1,3,HONDA FSH125,6,E01014865,0,2
2024010520237,2024,010520237,1,3,0,18,19,5,1,0,0,6,0,0,0,0,4,1,6,6,1,36,7,125,1,2,HONDA FSH125,6,E01000069,0,1
2024552400489,2024,552400489,2,3,0,18,19,5,1,0,0,8,1,0,0,0,0,1,2,2,1,35,6,125,1,2,HONDA FSH125,10,E01020371,0,3
2024522402885,2024,522402885,2,3,0,18,19,7,3,0,0,8,0,0,0,0,1,1,6,6,2,19,4,125,1,2,HONDA FSH125,1,E01014647,0,1
2024010541956,2024,010541956,1,3,0,99,99,9,9,99,99,1,9,99,9,99,9,1,1,1,1,35,6,125,1,1,HONDA FSH125,3,E01003522,0,2
2024471535608,2024,471535608,2,3,0,-1,19,1,5,-1,0,1,0,0,0,0,4,1,-1,9,1,65,9,125,1,0,HONDA FSH125,1,E01021005,0,1
2024010544949,2024,010544949,1,3,0,99,99,9,9,99,99,9,9,99,9,99,9,1,6,6,3,31,6,125,1,2,HONDA FSH125,4,E01000171,0,1
2024522401461,2024,522401461,1,3,0,18,19,5,2,0,0,8,0,0,0,0,1,1,6,6,1,30,6,125,1,3,HONDA FSH125,6,E01014865,0,2
2024010528430,2024,010528430,1,3,9,99,99,9,9,99,99,9,9,99,9,99,9,1,6,6,1,33,6,125,1,0,HONDA FSH125,6,E01000192,0,1
2024501512076,2024,501512076,2,3,0,-1,19,2,6,-1,0,8,0,0,0,0,1,1,-1,2,1,32,6,125,1,2,HONDA FSH125,4,E01018982,0,2
2024010502041,2024,010502041,1,3,0,99,99,9,9,99,99,9,9,99,9,99,2,1,6,6,1,26,6,125,1,1,HONDA FSH125,8,E01002132,0,3
2024010534693,2024,010534693,2,3,0,9,9,5,2,0,0,1,1,0,0,0,3,1,6,6,1,35,6,125,1,2,HONDA FSH125,7,E01000573,0,1