collision_index,collision_year,collision_ref_no,vehicle_reference,vehicle_type,towing_and_articulation,vehicle_manoeuvre_historic,vehicle_manoeuvre,vehicle_direction_from,vehicle_direction_to,vehicle_location_restricted_lane_historic,vehicle_location_restricted_lane,junction_location,skidding_and_overturning,hit_object_in_carriageway,vehicle_leaving_carriageway,hit_object_off_carriageway,first_point_of_impact,vehicle_left_hand_drive,journey_purpose_of_driver_historic,journey_purpose_of_driver,sex_of_driver,age_of_driver,age_band_of_driver,engine_capacity_cc,propulsion_code,age_of_vehicle,generic_make_model,driver_imd_decile,lsoa_of_driver,escooter_flag,driver_distance_banding
2024440455831,2024,440455831,2,3,0,18,19,3,7,0,0,4,0,0,0,0,4,1,6,6,1,41,7,124,1,0,LEXMOTO ASSAULT 125,6,E01017224,0,1
2024461438766,2024,461438766,1,3,0,-1,19,3,7,-1,0,8,1,0,0,0,1,1,-1,9,1,19,4,124,1,2,LEXMOTO ASSAULT 125,9,E01035291,0,1
2024211514068,2024,211514068,2,3,0,-1,19,4,8,-1,0,1,0,0,0,0,1,1,-1,6,1,20,4,124,1,2,LEXMOTO ASSAULT 125,-1,-1,0,-1
2024421519512,2024,421519512,1,3,0,-1,13,5,1,-1,0,0,1,0,0,0,1,1,-1,6,1,29,6,124,1,3,LEXMOTO ASSAULT 125,4,E01021265,0,1
2024311412139,2024,311412139,1,3,0,-1,4,5,1,-1,0,1,2,0,0,0,4,1,-1,2,1,29,6,124,1,2,LEXMOTO ASSAULT 125,3,E01028297,0,1
2024421519859,2024,421519859,2,3,0,-1,19,6,2,-1,0,0,0,0,0,0,3,1,-1,9,1,17,4,124,1,5,LEXMOTO ASSAULT 125,2,E01030170,0,4
2024221535834,2024,221535834,2,3,0,-1,19,8,4,-1,0,8,0,0,0,0,1,1,-1,6,1,19,4,124,1,0,LEXMOTO ASSAULT 125,7,E01014150,0,1
2024421530967,2024,421530967,2,3,0,-1,19,7,3,-1,0,1,0,0,0,0,2,1,-1,9,1,23,5,124,1,4,LEXMOTO ASSAULT 125,3,E01015869,0,2
2024302400708,2024,302400708,1,3,0,14,14,4,8,0,0,1,0,0,0,0,3,1,6,6,1,17,4,124,1,0,LEXMOTO ASSAULT 125,2,E01028113,0,3
2024141512564,2024,141512564,2,3,0,-1,19,7,1,-1,0,1,0,0,0,0,1,1,-1,1,1,22,5,124,1,3,LEXMOTO ASSAULT 125,1,E01007668,0,1
2024440276055,2024,440276055,1,3,0,13,13,4,8,0,0,8,0,0,0,0,4,1,6,6,1,19,4,124,1,4,LEXMOTO ASSAULT 125,6,E01022614,0,2
2024421532418,2024,421532418,1,3,0,-1,19,2,6,-1,0,0,1,0,0,0,1,1,-1,9,1,17,4,124,1,2,LEXMOTO ASSAULT 125,6,E01021647,0,1
2024070349565,2024,070349565,1,3,0,5,5,5,1,0,0,1,1,0,0,0,3,1,6,6,2,35,6,124,1,7,LEXMOTO ASSAULT 125,5,E01034659,0,1
2024610003724,2024,610003724,1,3,0,18,19,7,3,0,0,2,0,0,0,0,1,1,6,6,1,17,4,124,1,7,LEXMOTO ASSAULT 125,2,W01001620,0,2
2024041518389,2024,041518389,2,3,0,-1,19,7,3,-1,0,1,0,0,0,0,1,1,-1,1,1,38,7,124,1,4,LEXMOTO ASSAULT 125,1,E01012687,0,1
2024631512775,2024,631512775,1,3,0,-1,19,3,7,-1,0,0,0,0,7,10,4,1,-1,9,1,18,4,124,1,1,LEXMOTO ASSAULT 125,6,W01000434,0,3
2024440285235,2024,440285235,2,3,0,18,19,2,6,0,0,8,0,0,0,0,0,1,6,6,1,19,4,124,1,3,LEXMOTO ASSAULT 125,3,E01017342,0,3
2024421506492,2024,421506492,1,3,0,-1,19,2,6,-1,0,0,1,0,0,0,1,1,-1,6,1,37,7,124,1,0,LEXMOTO ASSAULT 125,7,E01022097,0,1
2024070534543,2024,070534543,1,4,0,16,19,1,5,0,0,0,0,0,0,3,1,1,1,1,1,54,8,124,1,8,LEXMOTO ASSAULT 125,5,E01018706,0,2
2024031438164,2024,031438164,1,3,0,-1,19,1,6,-1,9,1,0,0,0,0,1,1,-1,6,-1,-1,-1,124,1,4,LEXMOTO ASSAULT 125,-1,-1,0,-1
2024421502848,2024,421502848,1,3,0,-1,4,2,6,-1,0,0,1,4,0,0,1,1,-1,9,2,23,5,124,1,1,LEXMOTO ASSAULT 125,7,E01021353,0,1
2024501416531,2024,501416531,3,9,0,-1,19,7,6,-1,0,0,0,0,0,0,1,1,-1,6,1,27,6,1497,2,7,MAZDA CX-3,6,E01019924,0,3
2024320565476,2024,320565476,1,9,0,7,7,4,7,0,0,6,0,0,0,0,3,1,-1,-1,2,65,9,1998,1,6,MAZDA CX-3,3,E01026248,0,1
2024201452491,2024,201452491,2,9,0,-1,19,3,8,-1,0,0,0,0,0,0,4,9,-1,9,1,50,8,1998,1,6,MAZDA CX-3,1,E01009308,0,1
2024010529572,2024,010529572,1,9,0,3,3,3,7,0,0,7,0,0,1,0,0,1,6,6,2,46,8,1998,1,6,MAZDA CX-3,5,E01002501,0,1
2024221502677,2024,221502677,3,9,0,-1,19,5,1,-1,0,8,0,0,0,0,1,1,-1,6,1,60,9,1998,1,9,MAZDA CX-3,7,E01013999,0,1
2024440065412,2024,440065412,1,9,0,18,19,8,4,0,0,0,0,0,0,0,1,1,6,6,1,47,8,1998,1,8,MAZDA CX-3,10,E01034725,0,2
2024010506279,2024,010506279,3,9,0,2,2,0,0,0,0,2,0,0,0,0,1,1,6,6,3,-1,-1,1998,1,5,MAZDA CX-3,-1,-1,0,-1
2024061498912,2024,061498912,2,9,-1,-1,-1,-1,-1,-1,-1,0,-1,-1,-1,0,-1,9,-1,6,3,-1,-1,1998,1,8,MAZDA CX-3,-1,-1,0,-1
2024010496024,2024,010496024,1,9,0,18,19,5,1,0,0,2,0,0,0,0,0,1,6,6,1,24,5,1998,1,9,MAZDA CX-3,-1,-1,0,-1
2024231469395,2024,231469395,3,9,0,-1,2,0,0,-1,0,0,0,0,0,0,3,1,-1,6,2,38,7,1998,1,7,MAZDA CX-3,7,E01035032,0,1
2024211527153,2024,211527153,1,9,0,-1,1,5,5,-1,9,0,1,0,0,0,4,1,-1,9,1,74,10,1998,1,5,MAZDA CX-3,-1,-1,0,-1
2024991509649,2024,991509649,2,9,0,-1,19,7,3,-1,0,1,0,0,0,0,1,1,-1,9,2,69,10,1998,1,6,MAZDA CX-3,6,-1,0,2
2024201516150,2024,201516150,2,9,0,-1,19,6,2,-1,0,8,0,0,0,0,1,1,-1,2,2,26,6,1998,1,5,MAZDA CX-3,3,E01009220,0,2
2024101500074,2024,101500074,2,9,-1,-1,3,7,3,-1,0,1,0,0,0,0,2,9,-1,6,1,26,6,1998,1,9,MAZDA CX-3,1,E01027392,0,2
2024211499813,2024,211499813,1,9,0,-1,19,5,1,-1,0,0,0,0,0,0,2,1,-1,6,1,-1,-1,1798,2,5,MAZDA CX-3,-1,-1,0,-1
2024351458072,2024,351458072,4,9,0,-1,19,3,7,-1,0,0,0,0,0,0,3,1,-1,6,1,50,8,1998,1,8,MAZDA CX-3,6,E01017527,0,4
2024010529024,2024,010529024,2,9,0,4,4,7,3,0,0,1,0,0,0,0,3,1,6,6,1,58,9,1998,1,6,MAZDA CX-3,7,E01002060,0,1
2024361483736,2024,361483736,2,9,0,-1,19,1,3,-1,0,0,0,0,0,0,1,1,-1,9,2,62,9,1998,1,7,MAZDA CX-3,6,E01029926,0,2
2024061509172,2024,061509172,1,9,0,-1,19,7,3,-1,0,0,0,0,0,0,4,1,-1,9,1,60,9,1998,1,6,MAZDA CX-3,2,E01006253,0,1
2024552401232,2024,552401232,1,9,0,18,19,6,2,0,0,8,0,0,0,0,1,1,6,6,2,55,8,1998,1,6,MAZDA CX-3,7,E01020430,0,1
2024411492454,2024,411492454,2,9,0,-1,3,2,6,-1,0,0,0,0,0,0,2,1,-1,9,1,40,7,1998,1,8,MAZDA CX-3,10,E01017769,0,3
2024221495756,2024,221495756,2,9,0,-1,19,4,8,-1,0,8,0,0,0,0,1,1,-1,6,1,55,8,1998,1,5,MAZDA CX-3,4,E01014149,0,3
2024991526032,2024,991526032,1,9,0,-1,19,1,5,-1,0,0,0,0,0,0,4,1,-1,6,1,38,7,1998,1,6,MAZDA CX-3,-1,-1,0,-1
2024461531439,2024,461531439,5,9,0,-1,3,2,6,-1,0,0,0,0,0,0,2,1,-1,9,1,34,6,1998,1,5,MAZDA CX-3,3,E01024392,0,1
2024531513149,2024,531513149,2,9,0,-1,3,3,7,-1,0,0,0,0,0,0,2,1,-1,9,2,60,9,1998,1,7,MAZDA CX-3,9,E01022276,0,1
2024201465648,2024,201465648,1,9,0,-1,11,8,4,-1,0,0,0,0,0,0,4,1,-1,6,3,50,8,1497,2,9,MAZDA CX-3,-1,-1,0,-1
2024201440415,2024,201440415,1,9,0,-1,19,3,7,-1,0,1,0,0,0,0,1,1,-1,2,2,59,9,1998,1,8,MAZDA CX-3,1,E01009345,0,2
2024451456041,2024,451456041,2,9,0,-1,19,5,1,-1,0,0,2,0,0,0,4,1,-1,9,1,61,9,1998,1,8,MAZDA CX-3,4,E01021111,0,4
2024010530516,2024,010530516,1,9,0,4,4,4,8,0,0,0,0,0,0,0,1,1,2,2,1,32,6,1998,1,7,MAZDA CX-3,6,E01000265,0,1
2024991438513,2024,991438513,1,9,0,-1,1,1,5,-1,0,0,0,0,0,0,2,1,-1,9,2,58,9,1998,1,5,MAZDA CX-3,1,-1,0,1
2024401548086,2024,401548086,2,9,0,-1,4,1,5,-1,0,0,0,0,0,0,1,1,-1,6,2,42,7,1497,2,7,MAZDA CX-3,4,E01023592,0,3
2024010531989,2024,010531989,1,9,0,9,9,2,7,0,0,5,0,0,0,0,4,1,6,6,2,71,10,1998,1,7,MAZDA CX-3,6,E01000892,0,1
2024101531393,2024,101531393,3,9,0,-1,3,1,5,-1,0,0,0,0,0,0,2,1,-1,9,2,74,10,1998,1,8,MAZDA CX-3,9,E01027449,0,2
2024471477369,2024,471477369,2,9,0,-1,4,8,4,-1,1,0,0,0,0,0,2,1,-1,9,2,57,9,1998,1,7,MAZDA CX-3,5,E01031512,0,1
2024461411262,2024,461411262,2,9,0,-1,9,7,3,-1,0,0,0,10,3,3,2,1,-1,6,2,48,8,1998,1,5,MAZDA CX-3,3,E01015988,0,4
2024010523829,2024,010523829,2,9,0,5,5,3,7,0,0,8,0,0,9,0,4,1,6,6,2,46,8,1998,1,6,MAZDA CX-3,2,E01001625,0,1
2024010537738,2024,010537738,2,9,0,99,99,9,9,99,99,9,9,99,9,99,9,9,6,6,3,-1,-1,1998,1,5,MAZDA CX-3,-1,-1,0,-1
2024501462729,2024,501462729,2,9,0,-1,19,6,2,-1,0,0,0,0,0,0,1,1,-1,9,1,63,9,1998,1,7,MAZDA CX-3,9,E01020236,0,4
2024552500041,2024,552500041,1,9,0,4,4,6,2,0,0,0,5,0,1,10,4,1,6,6,2,63,9,1798,2,5,MAZDA CX-3,5,E01020389,0,4
2024991447517,2024,991447517,1,9,0,-1,19,1,5,-1,0,0,0,0,0,0,1,1,-1,2,1,38,7,1998,1,7,MAZDA CX-3,8,-1,0,3
2024211557853,2024,211557853,1,9,0,-1,19,5,4,-1,0,1,0,0,0,0,1,1,-1,6,1,26,6,1497,2,7,MAZDA CX-3,1,E01029453,0,2
2024461399147,2024,461399147,2,9,0,-1,11,3,6,-1,0,0,0,0,0,0,2,9,-1,2,2,30,6,1998,1,9,MAZDA CX-3,5,E01024110,0,4
2024010537479,2024,010537479,1,9,0,4,4,8,4,0,0,1,0,0,0,0,2,1,6,6,2,33,6,1998,1,5,MAZDA CX-3,5,E01001164,0,2
2024361556311,2024,361556311,1,9,0,-1,19,8,3,-1,0,0,0,0,0,0,1,1,-1,9,2,37,7,1497,2,9,MAZDA CX-3,3,E01026763,0,3
2024211513600,2024,211513600,2,9,-1,-1,-1,5,1,-1,-1,0,-1,-1,-1,0,-1,9,-1,6,2,53,8,1998,1,7,MAZDA CX-3,10,E01029474,0,1
2024320594533,2024,320594533,2,9,0,-1,-1,6,2,0,0,8,0,0,0,0,1,1,-1,-1,2,28,6,1998,1,7,MAZDA CX-3,5,E01026052,0,3
2024201451932,2024,201451932,2,9,0,-1,19,6,2,-1,0,8,0,0,0,0,4,9,-1,2,1,35,6,1497,2,6,MAZDA CX-3,7,E01009252,0,1
2024052400925,2024,052400925,1,9,0,18,19,6,2,0,0,8,5,0,0,0,3,1,2,2,2,39,7,1998,1,8,MAZDA CX-3,1,E01006767,0,2
2024411460768,2024,411460768,2,9,0,-1,19,3,7,-1,0,0,5,0,0,0,1,1,-1,6,2,32,6,1998,1,6,MAZDA CX-3,7,E01023351,0,2
2024010507307,2024,010507307,1,9,0,18,19,5,1,0,0,1,1,0,1,2,1,1,6,6,1,59,9,1998,1,5,MAZDA CX-3,6,E01004174,0,1
2024371416058,2024,371416058,2,9,0,-1,19,5,1,-1,0,0,0,0,0,0,3,1,-1,9,1,68,10,1998,1,5,MAZDA CX-3,7,E01030019,0,1
2024010519520,2024,010519520,1,9,9,99,99,9,9,0,0,1,9,0,0,0,9,9,6,6,1,80,11,1998,1,6,MAZDA CX-3,7,E01000989,0,1
2024411537292,2024,411537292,2,9,0,-1,19,7,3,-1,0,0,0,0,0,0,2,1,-1,6,2,39,7,1497,2,6,MAZDA CX-3,3,E01000088,0,4
2024471426224,2024,471426224,1,9,0,-1,19,5,1,-1,0,0,0,0,0,0,0,1,-1,6,2,56,9,1998,1,5,MAZDA CX-3,10,E01030454,0,3
2024351415418,2024,351415418,2,9,0,-1,19,3,6,-1,0,5,0,0,0,0,2,1,-1,6,2,36,7,1998,1,7,MAZDA CX-3,2,E01035541,0,1
2024421427260,2024,421427260,1,2,0,-1,19,8,5,-1,-1,3,0,0,1,0,4,1,-1,9,1,17,4,49,1,16,MAKE AND MODEL REDACTED,1,E01022025,0,1
2024010524709,2024,010524709,1,3,0,18,19,1,5,0,0,0,0,0,0,0,1,1,2,2,1,37,7,125,1,2,MAKE AND MODEL REDACTED,4,E01003020,0,1
2024211431994,2024,211431994,2,3,0,-1,19,1,5,-1,0,1,0,0,0,0,1,1,-1,6,1,56,9,125,1,1,MAKE AND MODEL REDACTED,-1,-1,0,-1
2024061530752,2024,061530752,1,3,0,-1,14,-1,-1,-1,0,0,1,0,0,0,1,1,-1,2,1,38,7,125,1,0,MAKE AND MODEL REDACTED,1,E01006031,0,1
202454D045524,2024,54D045524,2,3,0,18,19,6,2,0,0,8,0,0,0,0,4,1,2,2,1,35,6,125,1,1,MAKE AND MODEL REDACTED,9,E01034542,0,4
2024111471138,2024,111471138,3,9,0,-1,19,1,4,-1,0,0,0,0,0,0,2,1,-1,6,3,30,6,1199,8,0,MAKE AND MODEL REDACTED,-1,-1,0,-1
2024201529414,2024,201529414,2,9,0,-1,19,4,8,-1,0,0,0,0,0,0,2,1,-1,6,2,43,7,1199,8,0,MAKE AND MODEL REDACTED,9,E01031329,0,3
2024320228561,2024,320228561,2,9,0,-1,-1,2,6,0,0,0,0,0,0,0,3,1,-1,-1,1,54,8,1199,1,1,PEUGEOT 408,-1,-1,0,-1
2024421528848,2024,421528848,2,9,0,-1,19,7,3,-1,0,1,9,99,9,99,3,2,-1,6,2,34,6,1199,1,0,PEUGEOT 408,4,E01021265,0,1
2024010506303,2024,010506303,1,9,0,99,99,9,9,99,99,9,9,99,9,99,2,9,6,6,2,31,6,1199,1,0,PEUGEOT 408,8,E01030613,0,2
2024061431304,2024,061431304,1,9,0,-1,5,1,1,-1,0,6,0,0,0,0,3,1,-1,6,1,41,7,1199,1,1,PEUGEOT 408,-1,-1,0,-1
2024061504676,2024,061504676,2,9,0,-1,3,-1,-1,-1,0,0,0,0,0,0,2,1,-1,7,2,28,6,1598,8,1,PEUGEOT 408,4,E01006026,0,1
2024211397701,2024,211397701,1,9,0,-1,4,1,4,-1,0,2,0,0,0,0,4,1,-1,6,2,51,8,1199,1,1,PEUGEOT 408,-1,-1,0,-1
2024141513195,2024,141513195,1,9,0,-1,5,6,2,-1,0,0,0,0,0,0,3,1,-1,9,1,43,7,1199,1,0,PEUGEOT 408,9,E01007951,0,1
2024122401212,2024,122401212,1,9,0,18,19,7,3,0,0,0,0,0,0,0,1,1,1,1,3,-1,-1,1199,1,0,PEUGEOT 408,-1,-1,0,-1
2024991526824,2024,991526824,1,9,0,-1,19,5,1,-1,0,0,0,11,0,0,1,1,-1,9,1,64,9,1598,8,1,PEUGEOT 408,5,-1,0,1
2024141501287,2024,141501287,1,9,0,-1,19,1,5,-1,0,8,0,0,0,0,1,1,-1,7,2,45,7,1199,1,0,PEUGEOT 408,4,E01007816,0,1
2024010532586,2024,010532586,2,9,9,99,99,9,9,99,99,9,9,99,9,99,9,9,6,6,3,-1,-1,1199,1,0,PEUGEOT 408,-1,-1,0,-1
2024501489196,2024,501489196,1,8,0,-1,19,2,6,-1,0,8,0,0,0,0,2,1,-1,9,1,56,9,1199,1,0,PEUGEOT 408,6,E01018957,0,5
2024440332755,2024,440332755,1,9,0,17,19,4,8,0,0,0,0,0,1,4,1,1,6,6,1,26,6,1199,1,1,PEUGEOT 408,10,E01030425,0,3
2024010551023,2024,010551023,2,2,0,18,19,3,7,0,0,1,2,0,0,0,1,1,6,6,1,36,7,49,1,21,MAKE AND MODEL REDACTED,3,E01003326,0,1
2024320065609,2024,320065609,1,2,0,-1,-1,8,6,0,0,5,5,0,0,0,3,1,-1,-1,2,45,7,49,1,20,MAKE AND MODEL REDACTED,2,E01026049,0,1
2024311452177,2024,311452177,1,2,0,-1,19,3,7,-1,0,0,0,4,0,0,1,1,-1,2,1,18,4,49,1,20,MAKE AND MODEL REDACTED,-1,-1,0,-1
2024010501134,2024,010501134,1,2,0,99,99,9,9,99,99,9,9,99,9,99,0,1,2,2,1,53,8,49,1,20,MAKE AND MODEL REDACTED,6,E01004682,0,1
2024501396981,2024,501396981,2,2,0,-1,19,7,3,-1,0,1,0,0,0,0,1,1,-1,6,1,16,4,49,1,19,MAKE AND MODEL REDACTED,6,E01018853,0,1
2024371526392,2024,371526392,2,3,0,-1,14,7,3,-1,0,8,0,0,0,0,1,1,-1,6,1,16,4,-1,-1,-1,MAKE AND MODEL REDACTED,7,E01030003,0,1
2024010533822,2024,010533822,2,3,9,99,99,9,9,99,99,9,9,99,9,99,9,9,6,6,1,28,6,124,1,5,MAKE AND MODEL REDACTED,6,E01034212,0,3
2024340WN0992,2024,340WN0992,2,3,0,-1,19,3,1,-1,0,8,0,0,0,0,4,1,-1,9,2,46,8,124,1,11,MAKE AND MODEL REDACTED,2,E01027156,0,1
2024361424163,2024,361424163,2,4,0,-1,19,1,5,-1,0,8,0,0,0,0,1,1,-1,9,1,21,5,249,1,7,MAKE AND MODEL REDACTED,4,E01026667,0,1
2024010526416,2024,010526416,1,5,0,18,19,5,1,0,0,0,0,0,0,0,1,1,2,2,1,30,6,894,1,4,MAKE AND MODEL REDACTED,3,E01035605,0,3
2024340WN1962,2024,340WN1962,2,5,0,-1,19,1,5,-1,0,0,5,0,0,0,1,1,-1,2,1,55,8,895,1,1,MAKE AND MODEL REDACTED,9,E01027074,0,4
2024131514639,2024,131514639,1,5,0,-1,19,8,8,-1,0,8,5,0,0,0,1,1,-1,1,1,31,6,895,1,0,MAKE AND MODEL REDACTED,1,E01011917,0,2
2024351427987,2024,351427987,1,5,0,-1,13,1,5,-1,0,0,0,0,0,0,4,1,-1,6,1,77,11,895,1,1,MAKE AND MODEL REDACTED,6,E01017437,0,3
2024991497431,2024,991497431,1,5,0,-1,4,6,1,-1,0,1,0,0,0,0,1,1,-1,9,1,62,9,895,1,2,MAKE AND MODEL REDACTED,5,E01027500,0,5
2024122400727,2024,122400727,2,5,0,18,19,3,7,0,0,0,0,0,0,0,0,1,6,6,1,25,5,895,1,0,MAKE AND MODEL REDACTED,6,E01010765,0,3
2024461522693,2024,461522693,1,5,0,-1,5,8,4,-1,0,0,2,0,0,0,4,1,-1,6,1,54,8,895,1,0,MAKE AND MODEL REDACTED,6,E01024653,0,1
2024320144618,2024,320144618,2,4,0,4,4,7,3,0,0,1,0,0,0,0,1,1,6,6,1,51,8,894,1,4,MAKE AND MODEL REDACTED,2,E01026056,0,2
2024451521242,2024,451521242,2,5,0,-1,19,3,7,-1,0,1,0,0,0,0,1,1,-1,9,1,86,11,895,1,0,MAKE AND MODEL REDACTED,4,E01030749,0,1
2024991418908,2024,991418908,2,17,2,-1,7,4,6,-1,0,8,0,0,7,0,3,1,-1,1,1,44,7,4000,2,15,MAKE AND MODEL REDACTED,7,-1,0,2
2024302401522,2024,302401522,2,4,0,18,19,1,5,0,0,8,0,0,0,0,1,1,2,2,1,32,6,398,1,19,MAKE AND MODEL REDACTED,10,E01013520,0,2
2024041461612,2024,041461612,3,9,0,-1,2,0,0,-1,0,0,0,0,0,0,3,1,-1,6,-1,-1,-1,1868,2,19,CITROEN BERLINGO,-1,-1,0,-1
2024010540563,2024,010540563,1,19,0,99,99,9,9,99,99,9,9,99,9,99,1,9,6,6,1,61,9,1499,2,1,CITROEN BERLINGO,7,E01001598,0,2
2024031518572,2024,031518572,2,19,0,-1,2,0,0,-1,0,1,0,0,0,0,3,1,-1,6,1,-1,-1,1499,2,2,CITROEN BERLINGO,-1,-1,0,-1
2024501395915,2024,501395915,1,9,0,-1,19,6,2,-1,0,0,2,0,2,10,1,1,-1,6,2,39,7,1560,2,10,CITROEN BERLINGO,3,E01018759,0,1
2024010488603,2024,010488603,2,19,0,18,19,4,8,0,0,0,1,0,0,0,3,1,2,2,1,49,8,1499,2,4,CITROEN BERLINGO,8,E01000394,0,1
2024340NN2652,2024,340NN2652,1,9,0,-1,19,1,5,-1,0,0,0,0,0,0,1,1,-1,9,1,40,7,1587,1,18,CITROEN BERLINGO,4,E01026956,0,3
2024991542670,2024,991542670,2,19,0,-1,19,1,5,-1,0,0,5,4,0,0,1,1,-1,1,1,60,9,1560,2,5,CITROEN BERLINGO,7,-1,0,4
2024501440497,2024,501440497,2,9,0,-1,4,6,2,-1,0,2,0,0,0,0,2,1,-1,6,2,82,11,1560,2,11,CITROEN BERLINGO,5,E01020049,0,1
2024451486932,2024,451486932,1,19,0,-1,19,6,2,-1,0,0,1,0,0,0,1,1,-1,2,1,57,9,1560,2,9,CITROEN BERLINGO,6,E01030451,0,1
2024371460331,2024,371460331,1,19,0,-1,19,5,1,-1,0,0,0,0,0,0,1,1,-1,1,1,19,4,1499,2,0,CITROEN BERLINGO,5,E01021493,0,4
2024131412566,2024,131412566,1,19,0,-1,19,1,5,-1,0,1,1,0,0,0,1,1,-1,6,1,48,8,1560,2,12,CITROEN BERLINGO,7,E01011412,0,4
2024451504534,2024,451504534,1,19,0,-1,19,5,1,-1,0,0,0,0,0,0,1,1,-1,6,1,78,11,1500,2,5,CITROEN BERLINGO,6,E01016204,0,4
2024010540348,2024,010540348,2,19,9,99,99,9,9,99,99,9,9,99,9,99,1,9,6,6,3,-1,-1,1500,2,2,CITROEN BERLINGO,2,E01004067,0,2
2024302400496,2024,302400496,1,19,0,16,19,4,8,0,0,8,5,0,7,1,3,1,6,6,2,34,6,1560,2,5,CITROEN BERLINGO,9,E01029495,0,4
2024041411466,2024,041411466,1,19,0,-1,19,1,5,-1,0,0,0,0,0,0,1,1,-1,1,1,65,9,1560,2,8,CITROEN BERLINGO,4,E01012712,0,4
2024052401061,2024,052401061,1,19,0,9,9,5,3,0,0,1,0,0,0,0,4,1,1,1,1,28,6,1560,2,9,CITROEN BERLINGO,10,E01018695,0,4
2024031500387,2024,031500387,1,9,0,-1,19,7,3,-1,0,0,0,4,0,0,1,1,-1,2,1,32,6,1560,2,8,CITROEN BERLINGO,-1,-1,0,-1
2024501406267,2024,501406267,2,19,0,-1,19,5,1,-1,0,0,0,0,0,0,2,9,-1,2,1,44,7,1560,2,6,CITROEN BERLINGO,3,E01029333,0,4
2024010520104,2024,010520104,2,20,0,99,99,9,9,99,99,9,9,99,9,99,2,9,2,2,1,39,7,-1,-1,-1,CITROEN BERLINGO,6,E01001852,0,3
2024411528702,2024,411528702,1,19,0,-1,4,3,7,-1,0,0,0,0,0,0,1,1,-1,2,1,25,5,1560,2,11,CITROEN BERLINGO,3,E01023496,0,2
2024531476548,2024,531476548,2,19,0,-1,19,6,2,-1,0,0,0,0,1,4,1,1,-1,1,2,29,6,1560,2,7,CITROEN BERLINGO,4,E01022421,0,3
2024111468029,2024,111468029,2,19,0,-1,10,6,5,-1,0,1,0,0,0,0,1,1,-1,1,1,43,7,1499,2,1,CITROEN BERLINGO,6,E01020778,0,1
2024161409029,2024,161409029,1,9,0,-1,19,7,3,-1,0,0,0,11,1,0,1,1,-1,9,1,79,11,-1,-1,-1,CITROEN BERLINGO,4,E01013082,0,1
2024131452374,2024,131452374,1,19,0,-1,7,3,7,-1,0,0,0,0,0,0,1,1,-1,1,1,45,7,1560,2,5,CITROEN BERLINGO,7,E01011684,0,2
2024221516008,2024,221516008,1,19,0,-1,19,1,5,-1,0,0,0,0,0,0,4,9,-1,6,2,28,6,1500,2,5,CITROEN BERLINGO,9,E01032125,0,2
2024522500118,2024,522500118,1,19,0,1,1,3,7,0,0,2,0,0,0,0,1,1,6,6,1,57,9,1500,2,4,CITROEN BERLINGO,4,E01014592,0,1
2024041485933,2024,041485933,1,19,0,-1,19,1,5,-1,0,0,0,0,0,0,1,2,-1,6,1,51,8,1868,2,18,CITROEN BERLINGO,1,E01005183,0,4
2024041411683,2024,041411683,1,19,0,-1,19,3,7,-1,1,4,0,0,0,0,1,1,-1,1,1,45,7,1500,2,5,CITROEN BERLINGO,4,E01025030,0,1
2024501414970,2024,501414970,1,9,0,-1,19,4,8,-1,0,1,0,0,0,0,1,1,-1,6,1,64,9,1200,1,2,CITROEN BERLINGO,6,E01019942,0,3
2024501500442,2024,501500442,1,19,0,-1,19,1,5,-1,0,0,0,0,0,0,1,1,-1,6,1,24,5,1500,2,3,CITROEN BERLINGO,2,E01019053,0,3
2024631511667,2024,631511667,1,19,0,-1,9,1,7,-1,0,6,0,0,0,0,4,1,-1,1,1,58,9,1500,2,4,CITROEN BERLINGO,3,W01000633,0,2
2024041488120,2024,041488120,2,19,0,-1,9,1,2,-1,0,0,0,0,1,0,2,2,-1,9,1,61,9,1560,2,12,CITROEN BERLINGO,9,E01019343,0,4
2024031487172,2024,031487172,2,9,0,-1,5,7,5,-1,0,6,0,0,0,0,1,1,-1,6,1,50,8,1560,2,9,CITROEN BERLINGO,-1,-1,0,-1
2024101416827,2024,101416827,2,19,0,-1,19,7,3,-1,0,0,1,0,0,0,1,1,-1,1,1,46,8,1560,2,15,CITROEN BERLINGO,1,E01008733,0,1
2024320461033,2024,320461033,2,19,0,-1,-1,2,6,0,0,8,0,0,0,0,1,1,-1,-1,1,41,7,1560,2,12,CITROEN BERLINGO,4,E01026019,0,1
2024622500005,2024,622500005,1,19,0,18,19,6,2,0,0,0,0,0,0,0,1,1,6,6,1,38,7,1560,2,15,CITROEN BERLINGO,5,W01000719,0,2
2024010487867,2024,010487867,1,19,0,5,5,5,1,0,0,8,0,0,0,0,3,1,1,1,1,24,5,1560,2,7,CITROEN BERLINGO,6,E01034581,0,2
2024421515411,2024,421515411,1,9,0,-1,1,7,3,-1,9,0,0,0,0,0,2,1,-1,6,3,-1,-1,1500,2,2,CITROEN BERLINGO,-1,-1,0,-1