collision_index,collision_year,collision_ref_no,vehicle_reference,vehicle_type,towing_and_articulation,vehicle_manoeuvre_historic,vehicle_manoeuvre,vehicle_direction_from,vehicle_direction_to,vehicle_location_restricted_lane_historic,vehicle_location_restricted_lane,junction_location,skidding_and_overturning,hit_object_in_carriageway,vehicle_leaving_carriageway,hit_object_off_carriageway,first_point_of_impact,vehicle_left_hand_drive,journey_purpose_of_driver_historic,journey_purpose_of_driver,sex_of_driver,age_of_driver,age_band_of_driver,engine_capacity_cc,propulsion_code,age_of_vehicle,generic_make_model,driver_imd_decile,lsoa_of_driver,escooter_flag,driver_distance_banding
2024311425843,2024,311425843,2,19,0,-1,19,4,8,-1,0,0,0,0,0,0,1,1,-1,1,1,30,6,1598,2,10,FIAT DOBLO,1,E01027930,0,1
2024010511435,2024,010511435,2,19,0,9,9,1,8,0,0,2,0,0,0,0,1,1,2,2,1,26,6,1598,2,3,FIAT DOBLO,-1,-1,0,-1
2024231453832,2024,231453832,1,19,0,-1,19,1,5,-1,0,1,0,0,0,0,1,1,-1,9,1,35,6,1248,2,17,FIAT DOBLO,1,E01012408,0,5
2024451469791,2024,451469791,1,19,0,-1,19,3,1,-1,0,0,0,0,0,0,1,1,-1,1,1,26,6,1248,2,11,FIAT DOBLO,9,E01030315,0,2
2024101418238,2024,101418238,2,9,0,-1,19,7,3,-1,0,2,0,0,0,0,1,1,-1,9,1,56,9,1598,2,7,FIAT DOBLO,2,E01008571,0,1
2024010522339,2024,010522339,1,19,0,99,99,9,9,99,99,9,9,99,9,99,2,9,6,6,1,55,8,1598,2,3,FIAT DOBLO,5,E01001500,0,1
2024161498513,2024,161498513,1,19,0,-1,19,3,7,-1,0,1,0,0,0,0,4,1,-1,6,1,-1,-1,1598,2,8,FIAT DOBLO,-1,-1,0,-1
2024471535559,2024,471535559,1,19,0,-1,5,3,7,-1,0,4,0,0,0,0,3,1,-1,1,1,24,5,1598,2,10,FIAT DOBLO,2,E01020978,0,4
2024552400432,2024,552400432,2,9,0,8,8,4,7,0,0,1,0,0,0,0,2,1,6,6,2,51,8,1910,2,19,FIAT DOBLO,9,E01015445,0,1
2024010513910,2024,010513910,3,9,0,4,4,1,5,0,0,2,0,0,0,0,0,1,6,6,2,64,9,1598,2,9,FIAT DOBLO,3,E01002084,0,1
2024501455981,2024,501455981,1,19,0,-1,19,5,1,-1,0,0,2,0,1,4,1,1,-1,6,1,44,7,1598,2,13,FIAT DOBLO,4,E01019037,0,3
2024061439092,2024,061439092,2,19,0,-1,9,-1,-1,-1,0,5,0,0,0,0,1,1,-1,6,1,-1,-1,1248,2,9,FIAT DOBLO,-1,-1,0,-1
2024411495870,2024,411495870,2,19,0,-1,4,1,7,-1,0,4,0,0,0,0,1,1,-1,6,1,-1,-1,1248,2,8,FIAT DOBLO,-1,-1,0,-1
2024440120040,2024,440120040,2,19,0,18,19,1,5,0,0,2,0,0,0,0,1,1,2,2,1,53,8,1248,2,14,FIAT DOBLO,4,E01017290,0,1
2024622400887,2024,622400887,1,19,0,18,19,2,6,0,0,1,0,0,0,0,0,1,1,1,1,27,6,1598,2,10,FIAT DOBLO,3,E01014664,0,4
2024161517562,2024,161517562,2,19,0,-1,2,0,0,-1,0,2,0,0,0,0,3,1,-1,6,-1,-1,-1,1248,2,10,FIAT DOBLO,-1,-1,0,-1
2024451527237,2024,451527237,2,19,0,-1,19,2,1,-1,0,1,0,0,0,0,1,1,-1,1,2,33,6,1598,2,11,FIAT DOBLO,4,E01030852,0,2
2024361486654,2024,361486654,1,90,0,-1,19,4,8,-1,0,0,2,0,2,0,1,1,-1,9,2,67,10,1368,1,18,FIAT DOBLO,4,E01026787,0,4
2024471460610,2024,471460610,1,19,0,-1,9,7,4,-1,0,8,0,0,0,0,1,1,-1,2,1,34,6,1248,2,13,FIAT DOBLO,1,E01031429,0,3
2024010512242,2024,010512242,1,19,0,7,7,1,3,0,0,5,0,0,0,0,0,1,6,6,1,37,7,1248,2,11,FIAT DOBLO,9,E01015845,0,4
2024461492096,2024,461492096,2,19,0,-1,2,0,0,-1,0,0,0,0,0,0,2,1,-1,6,1,-1,-1,1499,2,0,FIAT DOBLO,-1,-1,0,-1
2024231522535,2024,231522535,3,19,0,-1,19,8,4,-1,0,0,0,0,0,0,1,1,-1,2,1,22,5,1598,2,1,FIAT DOBLO,5,E01009582,0,1
2024131412987,2024,131412987,1,19,0,-1,7,-1,-1,-1,0,5,0,0,0,0,4,1,-1,2,1,28,6,1248,2,10,FIAT DOBLO,2,E01011028,0,1
2024332400517,2024,332400517,2,9,0,-1,19,5,2,-1,0,0,0,0,0,0,1,1,-1,9,1,75,10,1368,1,16,FIAT DOBLO,5,E01026249,0,4
2024010525911,2024,010525911,1,19,0,9,9,4,3,0,0,1,0,0,0,0,3,2,1,1,1,26,6,1248,2,11,FIAT DOBLO,5,E01001150,0,1
2024451519472,2024,451519472,1,19,0,-1,19,8,4,-1,0,0,0,0,0,0,1,2,-1,1,1,56,9,1598,2,1,FIAT DOBLO,3,E01022807,0,4
2024501419924,2024,501419924,2,9,0,-1,19,5,1,-1,0,0,1,0,0,0,1,1,-1,9,1,63,9,1368,1,14,FIAT DOBLO,6,E01019903,0,3
2024031491147,2024,031491147,1,19,0,-1,4,8,4,-1,0,0,0,0,0,0,1,9,-1,9,1,45,7,1248,2,12,FIAT DOBLO,-1,-1,0,-1
2024440028937,2024,440028937,1,19,0,18,19,2,6,0,0,0,0,12,0,0,1,1,6,6,1,50,8,1248,2,15,FIAT DOBLO,-1,-1,0,-1
2024041431969,2024,041431969,2,9,0,-1,19,7,7,-1,0,1,0,0,0,0,1,1,-1,9,1,61,9,1368,1,15,FIAT DOBLO,2,E01025390,0,2
2024461481682,2024,461481682,2,9,0,-1,3,3,4,-1,0,0,0,0,0,0,2,9,-1,6,2,48,8,1598,2,9,FIAT DOBLO,7,E01024675,0,1
2024991439608,2024,991439608,1,19,0,-1,19,3,1,-1,0,1,0,0,0,0,1,1,-1,6,1,-1,-1,1248,2,6,FIAT DOBLO,7,-1,0,1
2024501402717,2024,501402717,1,9,0,-1,19,4,1,-1,0,0,5,0,7,10,3,1,-1,6,1,54,8,1108,1,21,MAKE AND MODEL REDACTED,7,E01019960,0,1
202460Q093025,2024,60Q093025,3,9,0,3,3,8,4,0,0,1,0,0,0,0,1,1,6,6,2,43,7,1108,1,22,MAKE AND MODEL REDACTED,-1,-1,0,-1
2024320215540,2024,320215540,1,9,0,3,3,4,8,0,0,1,0,0,0,0,2,1,6,6,2,58,9,1108,1,23,MAKE AND MODEL REDACTED,6,E01026411,0,2
2024451407810,2024,451407810,1,9,0,-1,19,5,1,-1,0,0,0,0,0,0,1,1,-1,9,1,18,4,1108,1,22,MAKE AND MODEL REDACTED,10,E01030887,0,4
2024430553756,2024,430553756,1,9,0,9,9,4,2,0,0,6,0,0,0,0,1,1,2,2,1,23,5,1108,1,23,MAKE AND MODEL REDACTED,7,E01017693,0,2
2024471460075,2024,471460075,2,9,0,-1,2,0,0,-1,-1,0,0,0,0,0,1,1,-1,6,-1,-1,-1,1997,2,19,FORD FOCUS,-1,-1,0,-1
2024010515100,2024,010515100,2,9,0,9,9,8,5,0,0,1,0,0,3,2,4,1,6,6,1,73,10,1596,1,19,FORD FOCUS,5,E01003935,0,4
2024320039279,2024,320039279,4,9,0,2,2,0,0,0,0,0,0,0,0,0,1,1,1,1,2,34,6,1596,1,19,FORD FOCUS,4,E01026268,0,1
2024010503711,2024,010503711,2,9,0,18,19,1,5,0,0,1,0,4,0,0,1,1,6,6,3,-1,-1,1596,1,18,FORD FOCUS,-1,-1,0,-1
2024201510083,2024,201510083,1,9,0,-1,19,2,6,-1,0,6,0,0,0,0,1,1,-1,6,1,38,7,1560,2,12,FORD FOCUS,1,E01010400,0,1
2024631482825,2024,631482825,1,9,0,-1,19,4,8,-1,0,1,0,0,0,0,1,1,-1,9,1,89,11,1499,2,3,FORD FOCUS,4,W01000617,0,2
2024320021470,2024,320021470,1,9,0,-1,-1,1,5,0,0,1,0,0,0,0,1,1,6,6,2,56,9,1997,2,19,FORD FOCUS,3,E01026123,0,2
2024421422462,2024,421422462,1,9,0,-1,7,7,1,-1,0,8,0,0,0,0,4,1,-1,6,1,-1,-1,999,1,5,FORD FOCUS,3,E01015869,0,1
2024361469478,2024,361469478,1,9,0,-1,9,7,2,-1,0,0,0,0,0,0,1,1,-1,1,1,33,6,999,1,7,FORD FOCUS,8,E01035150,0,2
2024421486464,2024,421486464,1,9,0,-1,4,4,8,-1,0,0,0,0,0,0,2,1,-1,6,2,47,8,1596,1,11,FORD FOCUS,8,E01021389,0,4
2024451432847,2024,451432847,1,9,0,-1,19,3,7,-1,0,0,0,0,0,0,1,1,-1,2,1,46,8,998,1,10,FORD FOCUS,8,E01035358,0,1
2024141476700,2024,141476700,3,9,0,-1,2,0,0,-1,9,0,0,0,0,0,1,1,-1,6,-1,-1,-1,1499,2,6,FORD FOCUS,-1,-1,0,-1
2024302400713,2024,302400713,1,9,0,7,7,8,4,0,0,8,0,0,0,0,3,1,6,6,1,84,11,999,1,7,FORD FOCUS,7,E01018271,0,5
2024411492777,2024,411492777,1,9,-1,-1,-1,-1,-1,-1,-1,-1,-1,-1,-1,0,-1,1,-1,6,1,37,7,1596,1,13,FORD FOCUS,3,E01021811,0,1
2024010544757,2024,010544757,2,9,0,99,99,9,9,99,99,0,9,99,9,99,1,9,6,6,3,-1,-1,1596,1,13,FORD FOCUS,-1,-1,0,-1
2024421421927,2024,421421927,1,9,0,-1,19,1,5,-1,0,1,0,0,0,0,4,1,-1,2,2,38,7,1596,1,11,FORD FOCUS,7,E01015966,0,1
2024101429465,2024,101429465,1,9,0,-1,19,5,1,-1,0,0,0,0,0,0,4,1,-1,9,2,28,6,1560,2,12,FORD FOCUS,6,E01035635,0,1
2024440221478,2024,440221478,1,9,0,5,5,6,2,0,0,6,0,0,0,0,1,1,6,6,1,34,6,1596,1,16,FORD FOCUS,6,E01022890,0,2
2024631463992,2024,631463992,1,9,0,-1,19,2,6,-1,0,0,0,0,0,0,1,1,-1,9,1,71,10,1499,2,3,FORD FOCUS,5,W01000508,0,4
2024122401029,2024,122401029,2,9,0,10,10,1,5,0,0,6,0,0,0,0,3,1,2,2,2,53,8,999,1,1,FORD FOCUS,3,E01027862,0,1
2024131470553,2024,131470553,2,9,0,-1,19,5,1,-1,0,0,1,0,7,11,1,1,-1,6,1,33,6,1596,1,15,FORD FOCUS,1,E01007325,0,1
2024522401324,2024,522401324,1,9,0,18,19,2,6,0,0,4,0,0,0,0,1,1,6,6,1,67,10,1560,2,11,FORD FOCUS,1,E01032518,0,2
2024471462788,2024,471462788,2,9,0,-1,19,1,5,-1,0,1,0,0,0,0,1,1,-1,9,1,30,6,1388,1,18,FORD FOCUS,3,E01031787,0,1
2024010532452,2024,010532452,2,9,0,18,19,7,3,0,0,8,0,0,0,0,1,1,6,6,3,-1,-1,1596,1,12,FORD FOCUS,-1,-1,0,-1
2024461519336,2024,461519336,3,9,0,-1,19,7,3,-1,0,1,0,0,0,0,1,9,-1,6,1,-1,-1,1560,2,18,FORD FOCUS,-1,-1,0,-1
2024991407715,2024,991407715,1,9,0,-1,19,1,5,-1,0,0,0,0,0,0,1,1,-1,2,1,46,8,999,1,6,FORD FOCUS,8,-1,0,1
2024991441944,2024,991441944,1,9,0,-1,19,5,1,-1,0,0,0,0,0,0,1,1,-1,1,1,42,7,1560,2,13,FORD FOCUS,7,-1,0,3
2024211535691,2024,211535691,7,9,0,-1,19,3,7,-1,0,0,0,0,0,0,1,1,-1,6,2,21,5,1560,2,11,FORD FOCUS,3,E01014240,0,1
2024361404415,2024,361404415,2,9,0,-1,19,8,4,-1,0,1,1,0,1,0,1,1,-1,9,1,78,11,1560,2,10,FORD FOCUS,7,E01026919,0,4
2024101405102,2024,101405102,2,9,0,-1,19,3,7,-1,0,0,0,0,0,0,1,1,-1,6,1,72,10,998,1,10,FORD FOCUS,1,E01027363,0,1
2024101519930,2024,101519930,1,9,0,-1,9,1,5,-1,0,8,0,0,0,0,3,1,-1,9,1,25,5,998,1,11,FORD FOCUS,-1,-1,0,-1
2024351538821,2024,351538821,1,9,0,-1,19,2,6,-1,0,0,0,11,0,0,1,1,-1,7,1,19,4,999,1,3,FORD FOCUS,6,E01018110,0,1
2024501403345,2024,501403345,2,9,0,-1,19,4,8,-1,0,0,0,0,0,0,1,1,-1,9,1,59,9,1999,1,19,FORD FOCUS,4,E01020012,0,1
2024041411396,2024,041411396,1,9,0,-1,19,4,8,-1,0,1,0,0,0,0,1,1,-1,6,1,30,6,1999,1,10,FORD FOCUS,6,E01025483,0,3
2024430055896,2024,430055896,2,8,0,18,19,3,7,0,0,0,0,0,1,7,2,1,6,6,1,50,8,1499,2,9,FORD FOCUS,10,E01023851,0,4
2024041471213,2024,041471213,1,9,0,-1,12,3,7,-1,0,6,0,0,0,0,1,1,-1,2,1,65,9,1560,2,13,FORD FOCUS,2,E01012590,0,1
2024221452259,2024,221452259,2,9,0,-1,4,4,8,-1,0,0,0,0,0,0,1,1,-1,9,2,60,9,998,1,11,FORD FOCUS,6,E01023915,0,5
2024161477799,2024,161477799,3,9,0,-1,19,6,2,-1,0,0,0,0,0,0,0,1,-1,1,1,26,6,999,1,2,FORD FOCUS,7,E01013096,0,4
2024211455409,2024,211455409,2,9,0,-1,2,5,4,-1,0,0,0,0,0,0,2,1,-1,6,2,77,11,1596,1,10,FORD FOCUS,-1,-1,0,-1
2024010523229,2024,010523229,1,9,0,9,9,3,1,0,0,8,0,0,0,0,1,1,6,6,1,54,8,998,1,10,FORD FOCUS,4,E01004280,0,1
2024010497513,2024,010497513,2,9,0,99,99,9,9,99,99,9,9,99,9,99,1,9,6,6,3,-1,-1,1596,1,17,FORD FOCUS,-1,-1,0,-1
2024070676820,2024,070676820,2,9,0,18,19,2,6,0,0,2,0,0,0,0,3,1,6,6,1,30,6,999,8,1,FORD FOCUS,6,E01018749,0,1
2024041513375,2024,041513375,5,9,0,-1,19,5,1,-1,0,0,0,0,0,0,2,1,-1,9,1,43,7,999,1,4,FORD FOCUS,5,E01025865,0,5
2024010521875,2024,010521875,1,9,0,99,99,9,9,99,99,0,9,99,9,99,9,9,6,6,2,52,8,999,1,7,FORD FOCUS,9,E01000359,0,1
2024411429622,2024,411429622,1,9,0,-1,19,5,1,-1,0,0,0,0,0,0,1,1,-1,6,1,28,6,1596,1,12,FORD FOCUS,-1,-1,0,-1
2024471433880,2024,471433880,3,9,0,-1,19,5,1,-1,0,8,0,0,0,0,3,1,-1,6,1,54,8,1798,1,16,FORD FOCUS,5,E01031604,0,1
2024461421497,2024,461421497,1,9,0,-1,4,1,5,-1,0,0,0,0,0,0,3,1,-1,9,2,72,10,1596,1,11,FORD FOCUS,1,E01024649,0,1
2024461512319,2024,461512319,1,9,0,-1,9,1,2,-1,0,2,0,0,0,0,1,2,-1,6,2,30,6,1596,1,20,FORD FOCUS,3,E01024396,0,1
2024351443620,2024,351443620,2,9,0,-1,19,2,6,-1,0,1,0,0,0,0,1,1,-1,9,1,22,5,1596,1,18,FORD FOCUS,10,E01018267,0,1
2024201516325,2024,201516325,2,9,0,-1,19,5,1,-1,0,8,0,0,0,0,1,9,-1,6,1,42,7,1596,1,13,FORD FOCUS,5,E01009451,0,1
2024010529921,2024,010529921,3,9,0,8,8,7,1,0,0,6,0,0,0,0,0,1,6,6,1,35,6,998,1,10,FORD FOCUS,10,E01021559,0,4
2024010542958,2024,010542958,3,9,9,99,99,9,9,99,99,9,9,99,9,99,9,9,6,6,3,-1,-1,1596,1,13,FORD FOCUS,-1,-1,0,-1
2024411536282,2024,411536282,2,9,0,-1,19,5,1,-1,0,1,0,0,0,0,4,1,-1,9,1,72,10,999,1,6,FORD FOCUS,7,E01002365,0,4
2024461457760,2024,461457760,2,9,0,-1,10,1,5,-1,0,1,0,0,0,0,4,1,-1,6,1,25,5,1798,1,17,FORD FOCUS,4,E01024381,0,1
2024552400555,2024,552400555,5,9,0,2,2,0,0,0,0,0,0,0,0,0,2,1,6,6,3,-1,-1,1499,2,8,FORD FOCUS,-1,-1,0,-1
2024991419768,2024,991419768,1,9,0,-1,9,1,8,-1,0,0,0,0,0,0,1,1,-1,6,2,26,6,1560,2,12,FORD FOCUS,2,-1,0,2
2024991478968,2024,991478968,2,9,0,-1,19,2,6,-1,0,0,0,0,0,0,2,1,-1,9,1,23,5,999,1,5,FORD FOCUS,10,-1,0,4
2024010550718,2024,010550718,1,9,0,4,4,1,5,9,9,1,0,0,0,0,4,1,6,6,2,64,9,999,8,0,FORD FOCUS,4,E01004202,0,1
2024311524256,2024,311524256,3,9,0,-1,19,3,7,-1,0,0,0,0,0,0,1,1,-1,6,1,56,9,1499,2,6,FORD FOCUS,-1,-1,0,-1
2024131519628,2024,131519628,1,9,0,-1,19,3,7,-1,0,4,0,0,1,0,0,1,-1,6,1,34,6,1560,2,10,FORD FOCUS,1,E01034264,0,2
2024311404994,2024,311404994,1,9,0,-1,19,1,3,-1,0,0,1,0,0,0,3,1,-1,6,1,24,5,1499,2,7,FORD FOCUS,2,E01013202,0,4
2024991478968,2024,991478968,1,9,0,-1,19,2,6,-1,0,0,0,0,0,0,1,1,-1,9,1,18,4,1596,1,15,FORD FOCUS,7,-1,0,3
2024010548998,2024,010548998,2,9,9,99,99,9,9,99,99,9,9,99,9,99,9,9,6,6,3,-1,-1,999,1,8,FORD FOCUS,-1,-1,0,-1
2024010540617,2024,010540617,2,9,0,99,99,9,9,99,99,9,9,99,9,99,1,9,6,6,3,-1,-1,1753,2,18,FORD FOCUS,-1,-1,0,-1
2024161471709,2024,161471709,1,8,0,-1,19,5,1,-1,0,0,0,0,0,0,0,9,-1,1,1,29,6,1560,2,11,FORD FOCUS,3,E01012866,0,2
2024320417241,2024,320417241,2,9,0,13,13,6,2,0,0,1,0,0,0,0,4,1,-1,-1,1,19,4,1560,2,11,FORD FOCUS,6,E01026205,0,3
2024010541166,2024,010541166,3,9,0,2,2,0,0,9,9,2,0,0,0,0,4,1,6,6,3,-1,-1,1499,2,5,FORD FOCUS,-1,-1,0,-1
2024101404292,2024,101404292,2,9,-1,-1,19,1,5,-1,0,4,0,0,0,0,2,9,-1,9,2,38,7,998,1,12,FORD FOCUS,5,E01035631,0,1
2024041423342,2024,041423342,2,9,0,-1,19,8,4,-1,0,0,0,0,7,0,3,2,-1,9,1,75,10,999,1,8,FORD FOCUS,8,E01025166,0,1
2024371480077,2024,371480077,1,9,0,-1,19,5,1,-1,0,8,0,0,0,0,1,1,-1,9,1,38,7,1560,2,10,FORD FOCUS,2,E01006510,0,5
2024052402427,2024,052402427,1,9,0,18,19,2,6,0,0,0,0,0,0,0,1,1,6,6,1,50,8,1596,1,13,FORD FOCUS,1,E01006541,0,1
2024061417660,2024,061417660,1,9,0,-1,19,6,2,-1,0,0,0,0,0,0,1,9,-1,6,2,-1,-1,1596,1,15,FORD FOCUS,-1,-1,0,-1
2024061407749,2024,061407749,2,9,0,-1,19,7,3,-1,0,8,0,0,0,0,3,1,-1,1,1,56,9,999,1,2,FORD FOCUS,1,E01034113,0,1
2024421418587,2024,421418587,1,9,0,-1,19,7,3,-1,0,0,0,0,0,0,1,9,-1,9,2,82,11,1596,1,18,FORD FOCUS,7,E01022057,0,1
2024010493848,2024,010493848,1,9,0,18,19,5,1,0,0,1,0,0,0,0,0,1,1,1,1,38,7,1496,1,3,FORD FOCUS,2,E01003047,0,1
2024622400413,2024,622400413,2,9,0,9,9,2,8,0,0,8,0,0,0,0,3,1,6,6,2,54,8,999,1,5,FORD FOCUS,6,W01001241,0,2
2024070778467,2024,070778467,1,9,0,-1,19,4,8,-1,0,1,0,0,0,0,1,1,-1,6,2,34,6,1560,2,10,FORD FOCUS,7,E01034673,0,1
2024522500268,2024,522500268,1,9,0,18,19,7,3,0,0,0,0,0,0,0,1,1,6,6,2,37,7,1798,1,17,FORD FOCUS,2,E01014806,0,1
2024010506059,2024,010506059,2,9,0,18,19,7,3,0,0,1,0,4,0,0,3,1,2,2,1,51,8,998,1,10,FORD FOCUS,9,E01000831,0,2
2024542682424,2024,542682424,2,9,0,18,19,5,1,0,0,8,0,0,0,0,3,1,1,1,1,39,7,999,1,7,FORD FOCUS,5,E01015519,0,3
2024501445210,2024,501445210,1,9,0,-1,19,2,6,-1,0,1,0,0,0,0,1,1,-1,9,1,83,11,1499,2,7,FORD FOCUS,5,E01019031,0,2
2024552400082,2024,552400082,1,9,0,18,19,1,5,0,0,0,0,0,0,0,1,1,3,7,2,72,10,1596,1,22,FORD FOCUS,3,E01015442,0,1
2024010525851,2024,010525851,2,9,0,99,99,9,9,0,0,9,0,99,0,0,0,9,6,6,3,-1,-1,1596,1,13,FORD FOCUS,-1,-1,0,-1
2024430157594,2024,430157594,2,9,0,18,19,1,5,0,0,1,0,0,0,0,4,1,6,6,2,76,11,999,8,0,FORD FOCUS,3,E01028453,0,1
2024451420183,2024,451420183,1,9,0,-1,19,8,4,-1,0,1,0,0,0,0,1,1,-1,2,1,47,8,1596,1,15,FORD FOCUS,1,E01016372,0,4
2024501456905,2024,501456905,1,9,0,-1,7,5,8,-1,0,6,0,0,0,0,1,1,-1,9,1,81,11,1596,1,10,FORD FOCUS,9,E01006796,0,5
2024371397290,2024,371397290,1,9,0,-1,19,6,8,-1,0,6,0,0,0,0,1,1,-1,6,1,86,11,1499,2,9,FORD FOCUS,8,E01030107,0,1
2024471524238,2024,471524238,2,9,0,-1,19,2,6,-1,0,8,0,0,0,0,2,1,-1,7,2,36,7,1560,2,11,FORD FOCUS,6,E01031673,0,1
2024461414802,2024,461414802,1,9,0,-1,19,7,3,-1,0,0,0,0,0,0,4,1,-1,2,1,46,8,1999,1,6,FORD FOCUS,3,E01024608,0,1
2024010505281,2024,010505281,2,8,0,18,19,7,3,0,0,0,0,0,0,0,3,1,6,6,2,55,8,1596,1,17,FORD FOCUS,1,E01002857,0,1
2024440104710,2024,440104710,1,9,0,8,8,8,3,0,0,1,0,0,0,0,2,1,2,2,2,27,6,1499,2,8,FORD FOCUS,2,E01017052,0,4
202460Q114738,2024,60Q114738,2,9,0,18,19,3,7,0,0,0,0,0,1,0,1,1,6,6,1,27,6,1596,1,16,FORD FOCUS,-1,-1,0,-1
2024010550228,2024,010550228,1,9,0,2,2,0,0,0,0,0,0,0,0,0,3,1,6,6,3,-1,-1,1596,1,16,FORD FOCUS,-1,-1,0,-1
2024522402039,2024,522402039,2,9,0,18,19,4,8,0,0,1,0,0,0,0,1,1,6,6,2,37,7,1560,2,11,FORD FOCUS,7,E01015022,0,1
2024052401558,2024,052401558,1,8,0,18,19,2,6,0,0,1,0,0,0,0,1,1,1,1,1,39,7,1499,2,5,FORD FOCUS,1,E01006664,0,2
2024371447642,2024,371447642,1,9,0,-1,19,3,7,-1,0,8,0,0,0,0,1,1,-1,6,1,27,6,1560,2,13,FORD FOCUS,2,E01029969,0,1
2024041527334,2024,041527334,2,9,0,-1,19,1,5,-1,0,2,0,0,7,11,4,1,-1,6,1,41,7,1596,1,13,FORD FOCUS,1,E01012749,0,1
2024471461480,2024,471461480,1,9,0,-1,19,7,3,-1,0,1,0,0,0,0,1,9,-1,6,1,24,5,998,1,12,FORD FOCUS,2,E01016905,0,1
2024991421762,2024,991421762,2,9,0,-1,19,7,3,-1,0,1,0,0,5,0,1,1,-1,9,2,24,5,1596,1,20,FORD FOCUS,1,-1,0,4
2024070739518,2024,070739518,3,9,0,-1,19,8,6,-1,0,8,0,0,0,0,4,1,-1,9,2,69,10,999,1,7,FORD FOCUS,10,W01000417,0,3
2024421449076,2024,421449076,1,9,0,-1,19,3,7,-1,0,0,0,0,0,0,1,9,-1,6,3,-1,-1,1560,2,11,FORD FOCUS,-1,-1,0,-1
2024052402807,2024,052402807,1,9,0,18,19,4,8,0,0,2,0,0,0,0,1,1,6,6,1,65,9,1997,2,9,FORD FOCUS,1,E01006874,0,1
2024421497155,2024,421497155,1,9,0,-1,3,6,2,-1,0,0,0,0,0,0,2,1,-1,6,1,35,6,1560,2,14,FORD FOCUS,-1,-1,0,-1
2024010503540,2024,010503540,2,9,0,99,99,9,9,99,99,9,9,99,9,99,1,9,6,6,2,42,7,1596,1,13,FORD FOCUS,2,E01003313,0,1
2024461509685,2024,461509685,2,9,0,-1,19,3,7,-1,0,0,0,0,0,0,2,1,-1,9,2,41,7,1596,1,18,FORD FOCUS,8,E01000390,0,3
2024041416769,2024,041416769,1,9,0,-1,19,1,5,-1,0,1,0,0,0,0,1,1,-1,6,1,38,7,1753,2,17,FORD FOCUS,4,E01025567,0,1
2024201515647,2024,201515647,1,9,0,-1,19,5,1,-1,0,0,0,0,0,0,1,1,-1,6,2,55,8,999,1,5,FORD FOCUS,2,E01008987,0,1
2024041465127,2024,041465127,1,9,0,-1,19,1,5,-1,0,1,0,0,0,0,3,1,-1,9,2,46,8,998,1,12,FORD FOCUS,4,E01025335,0,3
2024340WN1972,2024,340WN1972,1,9,0,-1,5,1,5,-1,0,1,0,0,0,0,1,1,-1,9,1,47,8,1596,1,15,FORD FOCUS,9,E01035403,0,4
2024201512242,2024,201512242,1,9,0,-1,4,4,2,-1,0,1,0,0,0,0,2,1,-1,9,1,35,6,1499,2,7,FORD FOCUS,-1,-1,0,-1
2024302401127,2024,302401127,1,9,0,17,19,7,4,0,0,4,0,0,0,0,1,1,6,6,1,19,4,1560,2,11,FORD FOCUS,8,E01019834,0,2
2024052400612,2024,052400612,1,9,0,18,19,3,7,0,0,1,0,0,0,0,1,1,6,6,1,61,9,1560,2,9,FORD FOCUS,1,E01006957,0,2
2024421512464,2024,421512464,2,9,0,-1,19,1,5,-1,0,3,0,0,0,0,1,1,-1,6,1,30,6,1496,1,5,FORD FOCUS,7,E01021338,0,2
2024101475369,2024,101475369,2,9,0,-1,19,4,8,-1,0,0,0,0,0,0,1,1,-1,6,1,57,9,1560,2,14,FORD FOCUS,5,E01027377,0,4
2024061431352,2024,061431352,3,9,0,-1,7,2,5,-1,0,8,0,0,0,0,0,1,-1,8,1,24,5,2261,1,1,FORD FOCUS,2,E01005950,0,1
2024131515984,2024,131515984,1,9,0,-1,19,3,7,-1,0,8,0,0,0,0,1,2,-1,9,1,73,10,1499,2,8,FORD FOCUS,10,E01011280,0,2
2024471472509,2024,471472509,1,9,0,-1,19,3,7,-1,0,0,5,0,1,2,1,1,-1,9,2,39,7,1798,1,15,FORD FOCUS,6,E01031712,0,1
2024052400255,2024,052400255,1,8,0,18,19,1,5,0,0,1,0,0,0,0,1,1,6,6,1,-1,-1,1499,2,8,FORD FOCUS,-1,-1,0,-1
2024041510180,2024,041510180,2,9,0,-1,7,6,7,-1,0,0,0,0,7,0,1,2,-1,9,1,29,6,1560,2,12,FORD FOCUS,8,E01025443,0,2
2024991526437,2024,991526437,3,9,0,-1,2,0,0,-1,0,0,0,0,0,0,3,1,-1,6,-1,-1,-1,1560,2,10,FORD FOCUS,-1,-1,0,-1
2024031408516,2024,031408516,1,9,0,-1,19,5,1,-1,0,0,0,0,1,0,4,1,-1,9,1,21,5,2521,1,15,FORD FOCUS,4,E01019340,0,4
2024010512170,2024,010512170,1,9,0,17,19,3,7,0,0,1,0,0,0,0,1,1,6,6,1,83,11,1596,1,11,FORD FOCUS,9,E01002210,0,1
2024231408587,2024,231408587,2,9,0,-1,19,6,2,-1,0,8,0,0,0,0,3,1,-1,1,2,45,7,1596,1,12,FORD FOCUS,8,E01035036,0,2
2024522500014,2024,522500014,1,9,0,4,4,4,8,0,0,0,0,0,0,0,2,1,6,6,1,34,6,1798,1,17,FORD FOCUS,8,E01014511,0,1