collision_index,collision_year,collision_ref_no,vehicle_reference,vehicle_type,towing_and_articulation,vehicle_manoeuvre_historic,vehicle_manoeuvre,vehicle_direction_from,vehicle_direction_to,vehicle_location_restricted_lane_historic,vehicle_location_restricted_lane,junction_location,skidding_and_overturning,hit_object_in_carriageway,vehicle_leaving_carriageway,hit_object_off_carriageway,first_point_of_impact,vehicle_left_hand_drive,journey_purpose_of_driver_historic,journey_purpose_of_driver,sex_of_driver,age_of_driver,age_band_of_driver,engine_capacity_cc,propulsion_code,age_of_vehicle,generic_make_model,driver_imd_decile,lsoa_of_driver,escooter_flag,driver_distance_banding
2024141501734,2024,141501734,1,9,0,-1,3,8,4,-1,0,1,0,0,0,0,2,1,-1,9,2,37,7,1560,2,13,FORD FOCUS,1,E01007499,0,1
2024101426717,2024,101426717,1,9,0,-1,19,3,7,-1,0,2,0,0,0,0,1,1,-1,1,1,57,9,1499,2,4,FORD FOCUS,2,E01020793,0,4
2024131505191,2024,131505191,1,9,0,-1,9,3,1,-1,0,6,0,0,0,0,1,1,-1,6,-1,-1,-1,1560,2,13,FORD FOCUS,-1,-1,0,-1
2024501475601,2024,501475601,1,9,0,-1,14,4,8,-1,0,2,0,0,0,0,4,1,-1,9,2,35,6,999,1,7,FORD FOCUS,1,E01015266,0,4
2024471471505,2024,471471505,4,9,0,-1,2,1,5,-1,0,1,0,0,0,0,0,1,-1,1,1,23,5,1995,2,1,FORD FOCUS,5,E01031818,0,3
2024131469858,2024,131469858,2,9,0,-1,19,1,1,-1,0,2,0,0,0,0,1,1,-1,6,1,21,5,999,1,5,FORD FOCUS,9,E01010642,0,3
2024070625973,2024,070625973,1,9,0,16,19,4,8,0,0,0,0,0,0,0,1,1,6,6,1,31,6,1560,2,12,FORD FOCUS,3,E01018710,0,1
2024122401069,2024,122401069,2,9,0,2,2,0,0,0,0,0,0,0,1,0,3,1,6,6,3,-1,-1,999,1,8,FORD FOCUS,-1,-1,0,-1
2024471479360,2024,471479360,2,9,0,-1,19,4,2,-1,0,8,0,0,0,0,4,1,-1,9,2,24,5,999,1,8,FORD FOCUS,3,E01031358,0,3
2024320345021,2024,320345021,1,9,0,-1,-1,6,2,0,0,0,0,0,0,0,1,1,-1,-1,1,38,7,999,1,9,FORD FOCUS,3,E01034681,0,1
2024430611375,2024,430611375,1,9,0,18,19,7,3,0,0,0,1,0,0,0,1,1,6,6,1,-1,-1,999,1,4,FORD FOCUS,-1,-1,0,-1
2024010551190,2024,010551190,1,9,0,18,19,9,9,99,99,9,9,99,9,99,2,9,6,6,1,36,7,999,1,3,FORD FOCUS,4,E01002250,0,1
2024401495433,2024,401495433,1,9,-1,-1,-1,-1,-1,-1,-1,-1,-1,-1,-1,0,-1,9,-1,6,3,-1,-1,1560,2,10,FORD FOCUS,-1,-1,0,-1
2024010503876,2024,010503876,2,9,0,99,99,9,9,99,99,9,9,99,9,99,9,9,6,6,3,-1,-1,1560,2,8,FORD FOCUS,-1,-1,0,-1
2024401439812,2024,401439812,3,9,0,-1,2,0,0,-1,0,2,0,4,0,0,2,1,-1,6,-1,-1,-1,1999,1,15,FORD FOCUS,-1,-1,0,-1
2024371515550,2024,371515550,1,9,0,-1,19,6,2,-1,0,0,5,0,1,0,1,1,-1,9,1,33,6,1560,2,10,FORD FOCUS,7,E01029911,0,1
2024101504598,2024,101504598,2,9,0,-1,19,4,8,-1,0,1,0,0,0,0,1,1,-1,2,1,22,5,1499,2,7,FORD FOCUS,1,E01008712,0,1
2024421474889,2024,421474889,3,9,0,-1,2,0,0,-1,0,0,0,0,0,0,2,1,-1,6,-1,-1,-1,998,1,12,FORD FOCUS,-1,-1,0,-1
2024451461840,2024,451461840,2,9,0,-1,4,3,2,-1,0,8,0,0,0,0,1,1,-1,9,2,55,8,1596,1,13,FORD FOCUS,8,E01030915,0,2
2024610053824,2024,610053824,1,9,0,18,19,5,1,0,0,0,5,0,0,0,1,1,6,6,1,36,7,1596,1,14,FORD FOCUS,1,W01001530,0,1
2024061423421,2024,061423421,1,9,-1,-1,-1,-1,-1,-1,-1,-1,-1,-1,-1,0,-1,9,-1,6,3,-1,-1,1596,1,13,FORD FOCUS,-1,-1,0,-1
2024201446237,2024,201446237,1,9,0,-1,1,4,6,-1,0,1,0,7,0,0,2,9,-1,9,1,88,11,1596,1,10,FORD FOCUS,6,E01010233,0,1
2024311455525,2024,311455525,1,9,0,-1,19,1,5,-1,0,0,1,7,0,0,1,1,-1,6,2,40,7,1596,1,17,FORD FOCUS,5,E01010585,0,5
2024471416027,2024,471416027,6,9,0,-1,19,7,3,-1,0,0,1,0,0,0,2,1,-1,6,2,49,8,999,1,5,FORD FOCUS,6,E01003359,0,4
2024231401967,2024,231401967,1,9,0,-1,19,6,2,-1,0,0,1,0,4,0,1,9,-1,6,2,31,6,1499,2,1,FORD FOCUS,2,E01015699,0,5
2024991472646,2024,991472646,1,9,0,-1,19,6,2,-1,0,2,5,0,7,4,4,1,-1,9,2,20,4,999,1,1,FORD FOCUS,3,-1,0,2
2024461461626,2024,461461626,2,9,0,-1,1,3,7,-1,0,6,0,0,0,0,4,1,-1,1,2,36,7,1499,2,9,FORD FOCUS,3,E01001700,0,4
2024010497830,2024,010497830,1,9,0,18,19,5,1,0,0,0,0,0,0,0,1,1,6,6,2,35,6,1997,2,13,FORD FOCUS,2,E01034479,0,2
2024451457494,2024,451457494,1,9,0,-1,3,5,1,-1,0,1,0,0,0,0,2,1,-1,9,1,33,6,1499,2,9,FORD FOCUS,10,E01030902,0,3
2024411465991,2024,411465991,2,9,0,-1,19,5,1,-1,0,1,0,0,0,0,3,1,-1,6,1,41,7,1596,1,19,FORD FOCUS,5,E01017579,0,4
2024451415673,2024,451415673,2,9,0,-1,10,3,7,-1,0,6,0,0,0,0,1,1,-1,6,2,62,9,1596,1,17,FORD FOCUS,9,E01030661,0,1
2024411453813,2024,411453813,2,9,0,-1,5,5,1,-1,0,8,0,0,0,0,3,1,-1,6,1,82,11,1596,1,13,FORD FOCUS,7,E01023298,0,4
2024231479896,2024,231479896,2,9,0,-1,19,4,8,-1,0,8,0,0,0,0,1,1,-1,9,2,51,8,2261,1,4,FORD FOCUS,1,E01031057,0,2
2024101403244,2024,101403244,3,9,0,-1,3,5,1,-1,0,0,0,0,0,0,2,1,-1,6,2,35,6,999,1,6,FORD FOCUS,-1,-1,0,-1
2024010519087,2024,010519087,1,9,0,6,6,3,3,0,0,0,0,0,0,0,0,1,6,6,1,61,9,1596,1,15,FORD FOCUS,3,E01003915,0,2
2024401453814,2024,401453814,1,9,0,-1,6,3,7,-1,0,1,0,0,0,0,1,1,-1,9,1,22,5,1499,2,5,FORD FOCUS,5,E01015782,0,1
2024010521284,2024,010521284,2,9,0,99,99,9,9,99,99,1,9,99,9,99,1,9,6,6,3,21,5,1499,2,5,FORD FOCUS,3,E01032765,0,1
2024201491883,2024,201491883,1,9,0,-1,19,5,1,-1,0,0,0,0,0,0,1,1,-1,6,1,40,7,1997,2,19,FORD FOCUS,-1,-1,0,-1
2024401499207,2024,401499207,2,9,0,-1,19,-1,-1,-1,0,0,0,0,0,0,1,1,-1,9,1,46,8,999,1,6,FORD FOCUS,4,E01002279,0,4
2024201497038,2024,201497038,1,9,0,-1,5,2,6,-1,0,1,0,0,0,0,1,1,-1,6,1,21,5,998,1,11,FORD FOCUS,2,E01009609,0,1
2024991483605,2024,991483605,1,9,0,-1,19,1,5,-1,0,0,0,0,0,0,1,1,-1,6,1,61,9,1499,2,8,FORD FOCUS,-1,-1,0,-1
2024061506126,2024,061506126,2,9,0,-1,19,7,3,-1,0,8,0,0,0,0,0,1,-1,1,1,-1,-1,999,1,2,FORD FOCUS,1,E01034113,0,1
2024461525622,2024,461525622,1,9,0,-1,9,5,2,-1,0,6,0,0,0,0,1,1,-1,9,1,20,4,1596,1,16,FORD FOCUS,3,E01024248,0,1
2024201441391,2024,201441391,1,9,0,-1,19,6,2,-1,0,0,0,0,0,0,1,1,-1,9,1,52,8,1596,1,19,FORD FOCUS,3,E01008988,0,1
2024131474560,2024,131474560,2,9,0,-1,19,4,8,-1,0,0,0,0,0,0,1,1,-1,2,1,63,9,1753,2,17,FORD FOCUS,1,E01010650,0,1
2024231463853,2024,231463853,1,9,0,-1,19,1,4,-1,0,0,0,0,0,0,1,1,-1,9,1,21,5,2521,1,17,FORD FOCUS,2,E01031092,0,1
2024340WN4832,2024,340WN4832,2,9,0,-1,19,1,5,-1,0,2,0,0,0,0,1,1,-1,2,1,26,6,1997,2,9,FORD FOCUS,5,E01015746,0,4
2024421405980,2024,421405980,3,9,0,-1,3,3,7,-1,0,0,0,0,0,0,2,1,-1,9,1,33,6,1753,2,17,FORD FOCUS,8,E01021613,0,2
2024471486048,2024,471486048,1,9,0,-1,4,7,3,-1,0,0,0,0,0,0,1,1,-1,9,1,23,5,999,1,9,FORD FOCUS,3,E01031409,0,1
2024221503827,2024,221503827,1,9,0,-1,19,8,3,-1,0,0,0,0,0,0,1,1,-1,6,2,34,6,999,1,2,FORD FOCUS,6,W01000459,0,4
2024201402531,2024,201402531,2,9,0,-1,19,3,7,-1,0,0,0,0,0,0,2,1,-1,6,1,51,8,1596,1,13,FORD FOCUS,2,E01010047,0,1
2024010520627,2024,010520627,5,9,0,2,2,0,0,0,0,0,0,4,0,0,1,1,6,6,3,-1,-1,1596,1,12,FORD FOCUS,-1,-1,0,-1
2024201456912,2024,201456912,1,9,0,-1,19,5,1,-1,0,2,0,0,0,0,1,1,-1,6,2,21,5,1596,1,18,FORD FOCUS,10,E01009902,0,1
2024320439352,2024,320439352,1,9,0,13,13,8,4,0,0,1,1,0,7,9,1,1,6,6,1,-1,-1,1997,2,17,FORD FOCUS,-1,-1,0,-1
2024531500458,2024,531500458,1,9,0,-1,19,1,5,-1,0,1,0,0,0,0,1,1,-1,9,1,58,9,999,1,2,FORD FOCUS,9,E01022217,0,4
2024451440581,2024,451440581,1,9,0,-1,19,1,5,-1,0,0,0,0,0,0,2,1,-1,1,1,51,8,1499,2,2,FORD FOCUS,8,E01000812,0,4
2024320619113,2024,320619113,2,9,0,-1,-1,8,4,0,0,8,1,0,1,2,3,1,6,6,1,57,9,999,1,3,FORD FOCUS,3,E01034686,0,4
2024440028067,2024,440028067,1,9,0,1,1,1,5,0,0,6,0,0,0,0,2,1,6,6,2,25,5,1596,1,18,FORD FOCUS,2,E01017186,0,1
2024991451008,2024,991451008,1,9,0,-1,19,1,5,-1,0,0,5,0,2,0,4,1,-1,6,1,25,5,999,1,6,FORD FOCUS,4,-1,0,5
2024320198153,2024,320198153,1,9,0,-1,-1,6,2,0,0,2,0,0,7,0,1,1,6,6,1,59,9,999,1,7,FORD FOCUS,4,E01026317,0,4
2024351423441,2024,351423441,1,9,0,-1,19,7,1,-1,0,1,0,0,0,0,3,1,-1,6,1,39,7,1999,1,16,FORD FOCUS,7,E01004442,0,4
2024471495981,2024,471495981,1,9,0,-1,19,3,7,-1,0,0,0,0,0,0,1,1,-1,9,1,69,10,1596,1,9,FORD FOCUS,7,E01031777,0,1
2024411435079,2024,411435079,1,9,-1,-1,-1,3,1,-1,-1,-1,-1,-1,-1,0,-1,9,-1,6,1,20,4,1499,2,8,FORD FOCUS,3,E01001492,0,3
202454F244824,2024,54F244824,2,9,0,18,19,4,1,0,0,0,5,11,7,4,1,1,6,6,2,43,7,999,1,6,FORD FOCUS,7,E01031979,0,4
2024201468410,2024,201468410,2,9,0,-1,19,8,3,-1,0,8,0,0,0,0,2,1,-1,2,2,29,6,999,1,1,FORD FOCUS,-1,-1,0,-1
202454D841224,2024,54D841224,2,9,0,4,4,5,1,0,0,4,0,0,0,0,2,1,6,6,1,47,8,1596,1,16,FORD FOCUS,7,E01033861,0,4
2024010529753,2024,010529753,1,9,0,9,9,2,7,0,0,0,0,0,0,0,3,1,6,6,2,39,7,999,1,8,FORD FOCUS,-1,-1,0,-1
2024622400595,2024,622400595,1,9,0,4,4,2,6,0,0,8,0,0,0,0,1,1,6,6,2,76,11,1997,2,10,FORD FOCUS,9,W01000815,0,1
2024101507852,2024,101507852,1,9,0,-1,19,5,1,-1,0,0,0,0,0,0,4,1,-1,9,1,60,9,1596,1,11,FORD FOCUS,10,E01008371,0,1
2024131489837,2024,131489837,3,9,0,-1,19,5,1,-1,0,0,0,0,0,0,1,1,-1,2,1,32,6,1560,2,10,FORD FOCUS,1,E01007948,0,4
2024991447825,2024,991447825,1,9,0,-1,19,1,6,-1,0,1,5,0,7,8,1,1,-1,6,1,27,6,1560,2,12,FORD FOCUS,-1,-1,0,-1
2024302400204,2024,302400204,2,9,0,4,4,7,3,0,0,1,0,0,0,0,2,1,2,2,2,55,8,999,1,2,FORD FOCUS,4,E01013537,0,1
2024471436283,2024,471436283,1,9,0,-1,19,7,2,-1,0,2,1,10,2,11,1,1,-1,9,1,26,6,2521,1,17,FORD FOCUS,5,E01031794,0,1
2024161415320,2024,161415320,1,9,0,-1,3,1,5,-1,0,2,0,0,0,0,2,9,-1,2,2,55,8,999,1,4,FORD FOCUS,7,E01013010,0,1
2024552400193,2024,552400193,1,9,0,7,7,2,4,0,0,5,0,0,0,0,4,1,3,7,1,35,6,1596,1,16,FORD FOCUS,7,E01015324,0,1
2024631425606,2024,631425606,2,9,0,-1,19,7,3,-1,0,8,0,0,0,0,1,1,-1,9,2,22,5,1796,1,24,FORD FOCUS,1,W01001924,0,2
2024440310641,2024,440310641,1,9,0,9,9,6,4,0,0,6,0,0,0,0,1,1,1,1,1,44,7,999,1,3,FORD FOCUS,4,E01022657,0,1
2024201407217,2024,201407217,2,9,0,-1,4,1,5,-1,0,0,0,0,0,0,2,1,-1,9,1,36,7,1596,1,15,FORD FOCUS,-1,-1,0,-1
2024302400894,2024,302400894,3,9,0,2,2,0,0,0,0,0,0,0,0,0,3,1,6,6,3,-1,-1,1596,1,15,FORD FOCUS,-1,-1,0,-1
2024471421225,2024,471421225,1,9,0,-1,19,3,7,-1,0,0,0,0,0,0,1,1,-1,6,2,27,6,1596,1,13,FORD FOCUS,4,E01021076,0,2
2024622400321,2024,622400321,2,9,0,18,19,2,6,0,0,8,0,0,0,0,1,1,6,6,1,24,5,1560,2,12,FORD FOCUS,3,W01001181,0,3
2024061518145,2024,061518145,2,9,0,-1,19,7,3,-1,0,1,0,0,0,0,1,1,-1,6,2,33,6,999,1,7,FORD FOCUS,5,E01006180,0,1
2024010500123,2024,010500123,1,9,0,18,19,3,7,0,0,1,0,0,1,0,2,1,6,6,1,34,6,999,1,6,FORD FOCUS,4,E01002309,0,1
2024041455034,2024,041455034,1,9,0,-1,19,1,5,-1,0,1,0,0,0,0,1,1,-1,6,1,71,10,1596,1,13,FORD FOCUS,2,E01006492,0,2
2024461505746,2024,461505746,1,9,0,-1,19,1,5,-1,0,0,0,0,0,0,1,9,-1,6,1,47,8,1596,1,18,FORD FOCUS,2,E01023976,0,1
2024231456639,2024,231456639,2,9,0,-1,19,3,7,-1,0,0,0,0,0,0,1,1,-1,9,1,25,5,1596,1,18,FORD FOCUS,10,E01032893,0,1
2024302401521,2024,302401521,2,9,0,18,19,4,8,0,0,8,0,0,0,0,1,1,2,2,2,44,7,1596,1,17,FORD FOCUS,3,E01013547,0,1
2024461507916,2024,461507916,2,9,0,-1,9,5,1,-1,0,8,0,0,0,0,3,1,-1,2,1,51,8,999,1,1,FORD FOCUS,9,E01024720,0,1
2024201459031,2024,201459031,2,9,0,-1,2,0,0,-1,0,0,0,0,0,0,1,1,-1,6,2,44,7,1596,1,22,FORD FOCUS,-1,-1,0,-1
2024231499522,2024,231499522,1,9,0,-1,4,5,1,-1,0,0,0,0,0,0,1,1,-1,7,1,27,6,1499,2,5,FORD FOCUS,5,E01009647,0,2
2024461428114,2024,461428114,1,9,0,-1,19,7,3,-1,0,0,0,0,0,0,1,1,-1,6,1,68,10,1499,2,7,FORD FOCUS,9,E01024244,0,3
2024421482865,2024,421482865,3,9,0,-1,2,0,0,-1,-1,1,0,0,0,0,3,1,-1,6,-1,-1,-1,1596,1,9,FORD FOCUS,-1,-1,0,-1
2024010512068,2024,010512068,1,9,0,18,19,8,4,0,0,8,1,10,1,11,4,1,2,2,1,65,9,999,1,3,FORD FOCUS,9,E01002509,0,1
2024131416214,2024,131416214,3,9,0,-1,2,7,7,-1,9,2,0,0,0,0,2,1,-1,6,-1,-1,-1,1997,2,12,FORD FOCUS,-1,-1,0,-1
2024101535183,2024,101535183,1,9,0,-1,19,4,1,-1,0,4,0,0,0,0,1,1,-1,6,2,39,7,1596,1,14,FORD FOCUS,8,E01008657,0,1
2024461421715,2024,461421715,2,9,0,-1,19,1,7,-1,0,8,0,0,0,0,4,1,-1,9,1,20,4,1999,1,8,FORD FOCUS,8,E01016169,0,1
2024211411924,2024,211411924,1,9,0,-1,19,7,3,-1,0,0,0,0,0,0,4,1,-1,6,1,45,7,1560,2,16,FORD FOCUS,6,E01029746,0,3
2024430101018,2024,430101018,1,9,0,9,9,8,4,0,0,8,0,0,0,0,3,1,6,6,2,88,11,1596,1,22,FORD FOCUS,-1,-1,0,-1
2024041531625,2024,041531625,1,9,0,-1,19,1,5,-1,0,0,0,0,0,0,2,1,-1,6,1,34,6,1596,1,18,FORD FOCUS,2,E01006575,0,3
2024461507660,2024,461507660,2,9,0,-1,19,8,5,-1,0,1,1,0,1,0,1,1,-1,6,1,55,8,1997,2,15,FORD FOCUS,9,E01024724,0,1
2024302401216,2024,302401216,1,9,0,16,19,1,4,0,0,0,0,0,0,0,1,1,1,1,2,44,7,1596,1,19,FORD FOCUS,2,E01013453,0,2
2024311446131,2024,311446131,1,9,0,-1,9,5,1,-1,0,1,2,0,0,0,1,1,-1,6,1,79,11,999,1,5,FORD FOCUS,8,E01028303,0,1
2024161462583,2024,161462583,1,9,0,-1,7,8,3,-1,0,0,0,0,0,0,4,1,-1,6,1,78,11,999,1,4,FORD FOCUS,4,E01013308,0,3
2024522500101,2024,522500101,2,9,0,1,1,6,2,0,0,2,0,0,0,0,2,1,6,6,3,-1,-1,999,1,2,FORD FOCUS,-1,-1,0,-1
2024061450141,2024,061450141,3,9,0,-1,2,0,0,-1,0,1,0,0,0,0,1,1,-1,6,-1,-1,-1,1499,2,6,FORD FOCUS,-1,-1,0,-1
2024231462743,2024,231462743,1,9,0,-1,6,2,2,-1,0,0,0,0,0,0,3,1,-1,6,1,61,9,999,1,3,FORD FOCUS,7,E01031208,0,2
2024340NN4072,2024,340NN4072,1,9,0,-1,13,8,4,-1,0,4,1,0,0,11,4,1,-1,6,2,46,8,1997,2,7,FORD FOCUS,6,E01032964,0,1
2024501529322,2024,501529322,1,9,0,-1,5,3,7,-1,0,8,0,0,0,0,4,1,-1,9,2,74,10,1596,1,11,FORD FOCUS,6,E01015243,0,1
2024201459087,2024,201459087,2,9,0,-1,3,4,8,-1,0,1,0,0,0,0,2,1,-1,9,1,53,8,1499,2,9,FORD FOCUS,3,E01009597,0,1
2024461423021,2024,461423021,2,9,0,-1,19,4,6,-1,0,8,0,0,0,0,3,1,-1,9,1,53,8,999,1,8,FORD FOCUS,4,E01000466,0,3
2024440183289,2024,440183289,2,9,0,12,12,6,2,0,0,1,0,0,0,0,2,1,6,6,2,42,7,1596,1,13,FORD FOCUS,10,E01023169,0,4
2024471416103,2024,471416103,1,9,0,-1,1,1,5,-1,0,0,0,0,0,0,2,1,-1,9,2,57,9,999,1,3,FORD FOCUS,10,E01031718,0,1
2024201437841,2024,201437841,1,9,0,-1,19,3,7,-1,0,0,0,0,0,0,1,1,-1,6,1,60,9,999,1,1,FORD FOCUS,9,E01029868,0,3
2024440332668,2024,440332668,1,9,0,18,19,8,4,0,0,8,0,0,3,9,1,1,6,6,1,20,4,1798,1,17,FORD FOCUS,5,E01022678,0,4
2024320330349,2024,320330349,2,9,0,2,2,0,0,0,0,0,0,0,0,0,2,1,6,6,3,-1,-1,999,1,6,FORD FOCUS,-1,-1,0,-1
2024520500068,2024,520500068,1,9,0,1,1,7,3,0,0,0,0,0,0,0,1,1,6,6,1,34,6,1560,2,11,FORD FOCUS,5,E01029173,0,1
2024552401463,2024,552401463,1,9,0,18,19,8,4,0,0,0,5,0,1,11,4,1,6,6,1,20,4,1596,1,17,FORD FOCUS,-1,-1,0,-1
2024010510048,2024,010510048,1,9,0,18,19,5,1,9,9,1,0,10,3,10,1,1,6,6,1,42,7,1596,1,14,FORD FOCUS,2,E01004089,0,1
2024221431632,2024,221431632,2,9,0,-1,4,8,4,-1,0,1,0,0,0,0,2,1,-1,6,2,30,6,1997,2,17,FORD FOCUS,5,E01014099,0,1
2024401504266,2024,401504266,1,8,-1,-1,-1,-1,-1,-1,-1,-1,-1,-1,-1,0,-1,1,-1,6,1,25,5,999,1,9,FORD FOCUS,9,E01017398,0,1
2024111531137,2024,111531137,2,9,0,-1,8,7,1,-1,0,4,0,0,0,0,2,1,-1,6,2,64,9,1499,2,9,FORD FOCUS,6,E01020608,0,1
2024531464965,2024,531464965,2,9,0,-1,19,4,8,-1,0,2,0,0,0,0,1,1,-1,9,2,37,7,1560,2,14,FORD FOCUS,6,E01022341,0,1
2024101407968,2024,101407968,1,9,0,-1,9,1,7,-1,0,8,0,0,0,0,1,1,-1,6,1,30,6,1560,2,13,FORD FOCUS,2,E01008874,0,1
2024061405065,2024,061405065,1,9,0,-1,19,5,1,-1,0,1,2,10,1,1,1,1,-1,8,1,53,8,2261,1,1,FORD FOCUS,4,E01004986,0,2
2024061499081,2024,061499081,1,9,0,-1,3,-1,-1,-1,0,4,0,0,0,0,3,1,-1,9,1,23,5,1999,1,12,FORD FOCUS,5,E01006021,0,1
2024451525545,2024,451525545,1,9,0,-1,5,4,8,-1,0,8,0,0,0,0,1,1,-1,9,1,28,6,1596,1,13,FORD FOCUS,5,E01030843,0,3
2024461450093,2024,461450093,1,9,0,-1,3,1,5,-1,0,0,0,0,0,0,1,1,-1,1,2,20,4,999,8,1,FORD FOCUS,5,E01035292,0,1
2024548464924,2024,548464924,1,9,0,5,5,2,6,0,0,4,0,0,0,0,3,1,6,6,2,40,7,1596,1,22,FORD FOCUS,8,E01032095,0,1
2024522403364,2024,522403364,1,9,0,18,19,2,6,0,0,8,0,0,0,0,1,1,6,6,1,53,8,1499,2,7,FORD FOCUS,8,E01029129,0,3
2024010532491,2024,010532491,2,9,0,18,19,1,5,0,0,0,0,0,0,0,4,1,6,6,1,34,6,999,1,1,FORD FOCUS,-1,-1,0,-1
2024010516729,2024,010516729,2,9,0,18,19,5,1,0,0,0,0,4,0,0,1,1,6,6,2,76,11,999,1,4,FORD FOCUS,10,E01000815,0,3
2024501535362,2024,501535362,1,9,0,-1,19,2,6,-1,0,0,0,0,8,11,1,1,-1,2,1,22,5,1753,2,17,FORD FOCUS,6,E01018794,0,3
2024332400959,2024,332400959,1,9,0,-1,19,3,7,-1,0,8,0,0,0,0,1,1,-1,6,2,44,7,1997,2,9,FORD FOCUS,1,E01013730,0,2
2024991530211,2024,991530211,1,9,0,-1,19,2,6,-1,0,0,0,0,7,0,1,1,-1,9,1,71,10,999,1,9,FORD FOCUS,4,-1,0,2
2024361518347,2024,361518347,1,9,0,-1,4,2,6,-1,0,4,0,0,0,0,1,1,-1,1,2,25,5,1596,1,15,FORD FOCUS,3,E01026639,0,4
2024010519923,2024,010519923,1,9,0,18,19,7,3,0,0,1,0,0,1,10,1,1,6,6,1,63,9,1596,1,16,FORD FOCUS,2,E01001528,0,2
2024302401001,2024,302401001,3,9,0,4,4,2,6,0,0,0,0,0,0,0,2,1,6,6,1,-1,-1,1596,1,12,FORD FOCUS,-1,-1,0,-1
2024010526626,2024,010526626,2,9,9,99,99,9,9,99,99,9,9,99,9,99,9,9,6,6,2,27,6,1596,1,13,FORD FOCUS,2,E01001509,0,1
2024440178336,2024,440178336,1,9,0,12,12,6,2,0,0,0,0,0,0,0,4,1,6,6,1,79,11,1596,1,18,FORD FOCUS,5,E01022810,0,4
2024211498808,2024,211498808,2,9,0,-1,9,3,7,-1,0,1,0,0,0,0,0,1,-1,6,2,66,10,1596,1,13,FORD FOCUS,-1,-1,0,-1
2024371402166,2024,371402166,2,9,0,-1,19,7,7,-1,0,0,0,0,0,0,2,9,-1,9,1,30,6,999,1,4,FORD FOCUS,5,E01030138,0,1
202460Q083015,2024,60Q083015,1,9,0,9,9,2,7,0,0,5,0,0,0,0,1,1,6,6,1,75,10,1596,1,24,FORD FOCUS,-1,-1,0,-1
2024101531090,2024,101531090,2,9,-1,-1,-1,4,8,-1,0,0,0,0,0,0,-1,9,-1,6,1,39,7,999,1,10,FORD FOCUS,2,E01008263,0,2
2024451439538,2024,451439538,2,9,0,-1,19,5,1,-1,0,8,0,0,0,0,4,1,-1,9,1,34,6,1596,1,16,FORD FOCUS,4,E01002598,0,1
2024311473058,2024,311473058,2,9,0,-1,15,3,7,-1,0,1,0,0,0,0,1,1,-1,9,1,35,6,1499,2,7,FORD FOCUS,1,E01028001,0,2
2024421507919,2024,421507919,2,9,0,-1,5,1,5,-1,0,4,0,0,0,0,2,1,-1,9,2,32,6,1596,1,21,FORD FOCUS,2,E01021286,0,1
2024131432228,2024,131432228,2,9,0,-1,8,7,1,-1,0,7,0,0,0,0,2,1,-1,6,1,25,5,1499,2,8,FORD FOCUS,7,E01011688,0,1
2024461432828,2024,461432828,6,9,0,-1,3,1,1,-1,0,0,0,0,0,0,2,9,-1,6,1,32,6,1596,1,14,FORD FOCUS,5,E01024628,0,1
2024101508376,2024,101508376,1,9,0,-1,6,7,2,-1,0,0,0,0,0,0,3,1,-1,9,1,78,11,999,1,8,FORD FOCUS,1,E01008457,0,1
2024451488470,2024,451488470,2,9,0,-1,19,4,4,-1,0,0,5,0,7,0,1,1,-1,9,1,66,10,1596,1,12,FORD FOCUS,4,E01023153,0,4
2024531419140,2024,531419140,1,9,0,-1,19,4,8,-1,0,0,0,0,0,0,1,1,-1,2,1,26,6,1560,2,10,FORD FOCUS,9,E01022394,0,2
2024991458014,2024,991458014,1,9,0,-1,19,2,6,-1,0,0,0,0,0,0,1,1,-1,9,2,35,6,999,1,2,FORD FOCUS,7,-1,0,2
2024421491226,2024,421491226,2,9,0,-1,9,6,3,-1,0,1,1,0,0,0,1,1,-1,9,2,50,8,1560,2,10,FORD FOCUS,6,E01021406,0,1
2024161436575,2024,161436575,1,9,0,-1,12,5,1,-1,0,0,0,0,0,0,1,1,-1,6,3,-1,-1,1560,2,13,FORD FOCUS,-1,-1,0,-1
2024201517531,2024,201517531,2,9,0,-1,9,7,5,-1,0,8,0,0,0,0,0,1,-1,1,1,43,7,2261,1,0,FORD FOCUS,-1,-1,0,-1
2024231424485,2024,231424485,1,9,0,-1,9,1,7,-1,0,6,0,0,0,0,1,1,-1,6,2,54,8,999,1,4,FORD FOCUS,9,E01031330,0,2
2024041488280,2024,041488280,3,9,0,-1,19,7,3,-1,0,0,0,0,0,0,1,1,-1,6,1,21,5,1560,2,14,FORD FOCUS,1,E01024877,0,3
2024430288905,2024,430288905,2,9,0,9,9,6,4,0,0,6,0,0,0,0,1,1,6,6,2,-1,-1,1798,1,18,FORD FOCUS,-1,-1,0,-1
2024070124795,2024,070124795,2,9,0,18,19,5,1,0,0,1,0,0,0,0,4,1,6,6,1,33,6,1499,2,9,FORD FOCUS,3,E01018731,0,3
2024221459631,2024,221459631,1,9,0,-1,9,3,1,-1,0,5,0,0,0,0,3,9,-1,9,2,56,9,998,1,10,FORD FOCUS,9,E01032261,0,2
2024461439969,2024,461439969,3,9,0,-1,3,6,2,-1,0,4,0,0,0,0,0,1,-1,8,2,23,5,999,1,1,FORD FOCUS,1,E01035316,0,1