collision_index,collision_year,collision_ref_no,vehicle_reference,vehicle_type,towing_and_articulation,vehicle_manoeuvre_historic,vehicle_manoeuvre,vehicle_direction_from,vehicle_direction_to,vehicle_location_restricted_lane_historic,vehicle_location_restricted_lane,junction_location,skidding_and_overturning,hit_object_in_carriageway,vehicle_leaving_carriageway,hit_object_off_carriageway,first_point_of_impact,vehicle_left_hand_drive,journey_purpose_of_driver_historic,journey_purpose_of_driver,sex_of_driver,age_of_driver,age_band_of_driver,engine_capacity_cc,propulsion_code,age_of_vehicle,generic_make_model,driver_imd_decile,lsoa_of_driver,escooter_flag,driver_distance_banding
2024311474891,2024,311474891,2,9,0,-1,19,2,7,-1,0,8,0,0,0,0,3,2,-1,9,2,40,7,1596,1,18,FORD FOCUS,-1,-1,0,-1
202454B181024,2024,54B181024,1,9,0,18,19,7,3,0,0,0,5,0,1,0,1,1,6,6,1,31,6,1596,1,20,FORD FOCUS,5,E01031908,0,4
2024052500399,2024,052500399,1,9,0,18,19,1,5,0,0,0,0,0,0,0,4,1,6,6,1,64,9,999,1,6,FORD FOCUS,1,E01007051,0,1
2024031481885,2024,031481885,2,9,0,-1,19,4,8,-1,0,0,0,0,0,0,1,1,-1,9,1,43,7,1499,2,7,FORD FOCUS,-1,-1,0,-1
2024131490630,2024,131490630,2,9,0,-1,19,2,6,-1,0,1,0,0,0,0,1,1,-1,2,1,39,7,1999,1,14,FORD FOCUS,9,E01011812,0,1
2024010538968,2024,010538968,1,9,0,17,19,5,1,1,1,2,0,0,0,0,4,1,6,6,1,66,10,1596,1,12,FORD FOCUS,5,E01000745,0,1
2024010548565,2024,010548565,1,9,0,18,19,5,1,0,0,1,0,0,0,0,1,1,6,6,3,-1,-1,1798,1,18,FORD FOCUS,-1,-1,0,-1
2024211408796,2024,211408796,1,9,0,-1,4,3,7,-1,0,1,0,0,3,0,1,1,-1,2,1,23,5,1499,2,8,FORD FOCUS,8,E01029751,0,3
2024421437874,2024,421437874,1,9,0,-1,19,6,2,-1,0,0,0,0,8,4,1,1,-1,2,1,53,8,1499,2,4,FORD FOCUS,5,E01021678,0,3
2024041517626,2024,041517626,2,9,0,-1,2,0,0,-1,9,1,0,0,0,0,2,1,-1,6,-1,-1,-1,999,1,1,FORD FOCUS,-1,-1,0,-1
2024451502900,2024,451502900,1,9,0,-1,19,1,5,-1,0,0,2,10,0,0,4,1,-1,9,2,69,10,1596,1,20,FORD FOCUS,3,E01023793,0,4
2024451409572,2024,451409572,1,9,0,-1,7,1,4,-1,0,1,0,0,0,0,1,1,-1,9,1,24,5,1596,1,17,FORD FOCUS,8,E01004195,0,3
2024991431977,2024,991431977,1,9,0,-1,19,8,4,-1,0,0,2,4,0,0,1,1,-1,9,2,31,6,1560,2,10,FORD FOCUS,2,-1,0,1
2024221479185,2024,221479185,1,9,0,-1,9,8,6,-1,0,6,0,0,0,0,3,1,-1,6,1,79,11,1499,2,8,FORD FOCUS,3,E01008895,0,4
2024421417863,2024,421417863,1,9,0,-1,13,7,3,-1,0,0,0,0,0,0,3,1,-1,1,2,33,6,999,1,1,FORD FOCUS,7,E01021544,0,4
2024522402514,2024,522402514,1,9,0,3,3,1,5,0,0,1,0,0,0,0,1,1,6,6,1,23,5,1596,1,20,FORD FOCUS,10,E01014798,0,1
2024161417964,2024,161417964,1,9,0,-1,4,4,8,-1,0,0,0,0,0,0,2,9,-1,2,1,61,9,1596,1,22,FORD FOCUS,1,E01013219,0,1
2024501453088,2024,501453088,1,9,0,-1,19,7,3,-1,0,1,0,0,0,0,1,1,-1,9,1,41,7,1499,2,6,FORD FOCUS,5,E01020279,0,1
2024471493677,2024,471493677,1,9,0,-1,4,1,5,-1,0,2,5,0,1,4,1,1,-1,6,1,33,6,1560,2,17,FORD FOCUS,6,E01031520,0,1
2024201413577,2024,201413577,1,9,0,-1,19,6,2,-1,0,8,0,0,0,0,1,9,-1,6,1,54,8,1997,2,12,FORD FOCUS,5,E01010554,0,3
2024430042946,2024,430042946,1,9,0,18,19,2,6,0,0,3,0,0,0,0,1,1,6,6,1,32,6,1596,1,15,FORD FOCUS,-1,-1,0,-1
2024531482699,2024,531482699,2,9,0,-1,9,1,5,-1,0,1,0,0,0,0,1,1,-1,9,2,34,6,1499,2,5,FORD FOCUS,8,E01022279,0,3
2024401504018,2024,401504018,3,9,0,-1,10,4,2,-1,0,2,0,0,0,0,1,1,-1,1,1,34,6,1596,1,16,FORD FOCUS,7,E01017420,0,3
2024201480873,2024,201480873,2,9,0,-1,19,4,8,-1,0,8,0,0,0,0,3,9,-1,6,2,43,7,1596,1,15,FORD FOCUS,1,E01010530,0,1
2024101445602,2024,101445602,1,9,0,-1,14,7,7,-1,0,1,0,0,0,0,0,1,-1,9,2,35,6,1596,1,12,FORD FOCUS,2,E01008812,0,1
2024440523135,2024,440523135,1,9,0,18,19,1,5,0,0,0,0,0,0,0,2,1,6,6,2,37,7,1560,2,12,FORD FOCUS,1,E01017237,0,1
2024052400795,2024,052400795,2,9,0,2,2,0,0,0,0,0,0,0,0,0,3,1,6,6,1,41,7,1596,1,16,FORD FOCUS,8,E01006922,0,2
2024421410857,2024,421410857,1,9,0,-1,19,5,1,-1,0,0,0,0,0,0,1,1,-1,9,2,57,9,1798,1,15,FORD FOCUS,3,E01021889,0,1
2024371410799,2024,371410799,1,9,0,-1,19,7,3,-1,0,0,0,0,0,0,4,1,-1,9,2,18,4,1560,2,12,FORD FOCUS,4,E01024771,0,4
2024061478615,2024,061478615,2,9,0,-1,19,1,5,-1,0,1,0,0,0,0,1,1,-1,9,1,32,6,998,1,11,FORD FOCUS,2,E01006066,0,1
2024421509846,2024,421509846,1,9,0,-1,19,6,2,-1,0,0,0,0,0,0,4,1,-1,6,1,44,7,999,1,1,FORD FOCUS,3,E01021977,0,1
2024451416566,2024,451416566,1,9,0,-1,19,3,1,-1,0,1,0,0,0,0,2,1,-1,6,1,29,6,1596,1,16,FORD FOCUS,6,E01016482,0,1
2024010546778,2024,010546778,2,9,0,3,3,3,7,0,0,1,0,0,0,0,2,1,6,6,1,25,5,1596,1,16,FORD FOCUS,-1,-1,0,-1
2024311493581,2024,311493581,1,9,0,-1,19,5,1,-1,0,1,0,0,0,0,4,1,-1,2,1,21,5,1560,2,11,FORD FOCUS,-1,-1,0,-1
2024161534186,2024,161534186,2,9,0,-1,4,6,2,-1,0,0,0,0,0,0,2,1,-1,1,1,26,6,999,1,2,FORD FOCUS,1,E01013136,0,1
2024471496078,2024,471496078,2,9,0,-1,9,5,2,-1,0,2,0,0,0,0,2,1,-1,9,2,44,7,1596,1,19,FORD FOCUS,6,E01021186,0,1
2024430577449,2024,430577449,2,9,0,18,19,1,5,0,0,8,0,0,0,0,1,1,6,6,2,24,5,2521,1,16,FORD FOCUS,10,E01016693,0,1
2024991461250,2024,991461250,1,9,0,-1,19,5,1,-1,0,1,0,0,0,0,1,2,-1,6,1,31,6,1499,2,7,FORD FOCUS,7,-1,0,3
2024991416369,2024,991416369,3,9,0,-1,4,8,4,-1,0,0,0,0,0,0,2,1,-1,9,1,58,9,1499,2,3,FORD FOCUS,5,-1,0,1
2024052401827,2024,052401827,1,9,0,18,19,1,5,0,0,0,0,0,0,0,1,1,2,2,1,17,4,999,1,3,FORD FOCUS,6,E01006949,0,3
2024131475420,2024,131475420,4,9,0,-1,2,0,0,-1,0,0,0,0,0,0,1,1,-1,6,-1,-1,-1,1596,1,14,FORD FOCUS,-1,-1,0,-1
2024430432169,2024,430432169,1,9,0,18,19,1,5,0,0,0,0,0,0,0,1,1,6,6,1,44,7,1596,1,14,FORD FOCUS,6,E01007526,0,5
2024061454114,2024,061454114,4,9,0,-1,2,0,0,-1,0,2,0,0,0,0,2,1,-1,6,-1,-1,-1,1596,1,13,FORD FOCUS,-1,-1,0,-1
2024231454757,2024,231454757,1,9,0,-1,5,7,3,-1,0,6,1,0,3,0,3,9,-1,9,1,59,9,999,1,3,FORD FOCUS,8,E01031252,0,1
2024430161101,2024,430161101,1,9,0,18,19,1,5,0,0,0,0,0,1,0,1,1,6,6,1,53,8,1498,1,8,FORD FOCUS,9,E01016595,0,2
2024141534271,2024,141534271,1,9,0,-1,19,2,6,-1,0,2,5,0,1,4,1,2,-1,6,1,17,4,1560,2,14,FORD FOCUS,3,E01007807,0,2
2024211510236,2024,211510236,2,9,0,-1,19,-1,-1,-1,0,0,0,0,0,0,2,9,-1,6,1,52,8,999,1,1,FORD FOCUS,1,E01014224,0,1
2024302400217,2024,302400217,1,9,0,18,19,4,8,0,0,8,0,0,0,0,1,1,6,6,2,59,9,999,8,1,FORD FOCUS,4,E01019470,0,2
2024622400329,2024,622400329,3,9,0,10,10,3,7,0,0,1,0,0,0,0,2,1,6,6,1,37,7,999,1,8,FORD FOCUS,8,W01001747,0,1
2024010548901,2024,010548901,1,9,0,99,99,9,9,99,99,9,9,99,9,99,1,9,6,6,3,-1,-1,999,1,9,FORD FOCUS,-1,-1,0,-1
2024461425211,2024,461425211,2,9,0,-1,3,1,3,-1,0,1,0,0,0,0,3,1,-1,2,1,56,9,1798,1,17,FORD FOCUS,6,E01024301,0,3
2024371538536,2024,371538536,1,9,0,-1,19,7,3,-1,0,0,0,0,0,0,3,1,-1,9,2,52,8,1596,1,16,FORD FOCUS,2,E01030032,0,1
2024041432735,2024,041432735,2,9,0,-1,2,1,5,-1,0,0,0,0,0,0,4,1,-1,6,-1,-1,-1,1753,2,19,FORD FOCUS,-1,-1,0,-1
2024320022173,2024,320022173,1,9,0,13,13,6,2,0,0,0,0,0,0,0,1,1,-1,-1,2,75,10,999,1,9,FORD FOCUS,9,E01026119,0,3
2024010528385,2024,010528385,2,9,9,99,99,9,9,99,99,9,9,99,9,99,9,9,6,6,1,-1,-1,1596,1,13,FORD FOCUS,3,E01000465,0,1
2024010506054,2024,010506054,2,9,0,99,99,9,9,99,99,9,9,99,9,99,1,9,6,6,3,-1,-1,999,1,7,FORD FOCUS,-1,-1,0,-1
2024231490031,2024,231490031,2,9,0,-1,19,3,7,-1,0,8,0,0,0,0,1,9,-1,6,1,21,5,1596,1,13,FORD FOCUS,7,E01013669,0,4
2024411452862,2024,411452862,2,9,0,-1,3,8,4,-1,0,0,0,0,0,0,2,1,-1,9,2,42,7,1596,1,12,FORD FOCUS,6,E01023334,0,1
202460Q096361,2024,60Q096361,1,9,0,18,19,1,6,0,0,0,0,0,0,0,3,1,6,6,1,64,9,1499,2,9,FORD FOCUS,-1,-1,0,-1
2024440460835,2024,440460835,2,9,0,18,19,5,1,0,0,8,0,0,0,0,1,1,6,6,1,57,9,1596,1,10,FORD FOCUS,2,E01017343,0,1
2024351469293,2024,351469293,1,9,0,-1,9,1,5,-1,0,7,0,0,0,0,2,1,-1,2,2,32,6,1499,2,4,FORD FOCUS,6,E01021406,0,4
2024311454210,2024,311454210,2,9,0,-1,9,3,1,-1,0,2,0,0,0,0,4,9,-1,9,1,44,7,999,8,1,FORD FOCUS,-1,-1,0,-1
2024471536559,2024,471536559,1,9,0,-1,8,8,6,-1,0,1,0,0,0,0,2,1,-1,6,1,57,9,999,1,5,FORD FOCUS,3,E01020941,0,1
2024141510309,2024,141510309,2,9,0,-1,19,3,8,-1,0,0,0,0,0,0,1,9,-1,6,1,-1,-1,999,1,8,FORD FOCUS,-1,-1,0,-1
2024311425227,2024,311425227,1,9,0,-1,9,8,5,-1,0,6,0,0,0,0,1,1,-1,6,1,32,6,1560,2,13,FORD FOCUS,3,E01013932,0,3
2024010546449,2024,010546449,2,9,9,99,99,9,9,0,0,8,9,0,0,0,9,9,6,6,3,23,5,999,1,9,FORD FOCUS,3,E01003082,0,2
2024010531980,2024,010531980,1,9,0,2,2,0,0,0,0,0,0,0,0,0,2,1,6,6,3,-1,-1,1596,1,15,FORD FOCUS,-1,-1,0,-1
2024131530398,2024,131530398,1,9,0,-1,19,7,3,-1,0,0,0,0,0,0,1,1,-1,9,1,22,5,1596,1,17,FORD FOCUS,2,E01005890,0,4
2024010515265,2024,010515265,2,9,0,99,99,9,9,99,99,9,9,99,9,99,9,9,6,6,3,-1,-1,999,1,2,FORD FOCUS,-1,-1,0,-1
2024101451281,2024,101451281,1,9,0,-1,10,6,4,-1,0,8,0,0,0,0,0,1,-1,6,1,51,8,1997,2,18,FORD FOCUS,8,E01008868,0,3
2024201428619,2024,201428619,2,9,0,-1,4,6,2,-1,0,1,0,0,0,0,2,1,-1,9,2,31,6,1499,2,5,FORD FOCUS,2,E01008977,0,1
2024031403567,2024,031403567,1,9,0,-1,19,3,7,-1,0,0,5,0,0,0,0,1,-1,2,1,32,6,1999,1,19,FORD FOCUS,-1,-1,0,-1
2024531451391,2024,531451391,1,9,0,-1,19,8,4,-1,0,8,0,0,0,0,4,1,-1,9,1,40,7,1596,1,15,FORD FOCUS,4,E01022421,0,3
2024461413814,2024,461413814,1,9,0,-1,19,7,3,-1,0,0,1,6,7,7,3,9,-1,6,1,39,7,1596,1,20,FORD FOCUS,2,E01000729,0,4
2024531442318,2024,531442318,2,9,0,-1,19,1,5,-1,0,0,0,0,0,0,2,1,-1,7,2,36,7,998,1,10,FORD FOCUS,2,E01022160,0,1
2024440401741,2024,440401741,1,9,0,2,2,0,0,0,0,0,0,0,0,0,2,1,6,6,1,45,7,1560,2,12,FORD FOCUS,4,E01017172,0,4
2024361527615,2024,361527615,2,9,0,-1,19,3,7,-1,0,0,0,0,1,0,2,1,-1,1,1,55,8,1499,2,9,FORD FOCUS,1,E01026635,0,4
2024010546515,2024,010546515,1,9,0,5,5,0,8,6,6,2,0,0,0,0,4,1,6,6,1,34,6,1499,2,8,FORD FOCUS,2,E01002760,0,1
2024231489435,2024,231489435,1,9,0,-1,19,8,2,-1,0,4,0,0,1,0,1,9,-1,6,1,42,7,1596,1,21,FORD FOCUS,3,E01031176,0,3
2024010550068,2024,010550068,1,9,0,99,99,9,9,99,99,9,9,99,9,99,9,9,6,6,2,22,5,1596,1,18,FORD FOCUS,3,E01021811,0,3
2024201503119,2024,201503119,2,9,0,-1,19,5,1,-1,0,2,0,0,0,0,4,1,-1,9,2,79,11,1596,1,17,FORD FOCUS,3,E01010290,0,1
2024161490086,2024,161490086,1,9,0,-1,1,2,2,-1,0,1,0,0,0,0,2,1,-1,7,2,36,7,1560,2,10,FORD FOCUS,1,E01013210,0,1
2024991438221,2024,991438221,1,9,0,-1,19,3,5,-1,0,4,0,0,0,0,1,1,-1,6,1,63,9,1596,1,13,FORD FOCUS,9,-1,0,1
2024052402645,2024,052402645,2,9,0,18,19,4,8,0,0,1,0,0,0,0,1,1,6,6,1,34,6,1499,2,7,FORD FOCUS,1,E01006691,0,1
2024052400905,2024,052400905,1,9,0,5,5,1,5,0,0,6,0,0,0,0,1,1,6,6,2,48,8,1498,1,7,FORD FOCUS,4,E01006851,0,1
2024401429893,2024,401429893,1,9,0,-1,19,1,5,-1,0,0,0,0,0,0,1,1,-1,9,1,44,7,1560,2,11,FORD FOCUS,8,E01027141,0,4
2024010523839,2024,010523839,2,9,0,11,11,9,9,99,99,9,9,99,9,99,9,9,6,6,3,-1,-1,1798,1,19,FORD FOCUS,-1,-1,0,-1
2024141444704,2024,141444704,1,9,0,-1,9,5,1,-1,0,8,0,0,0,0,1,1,-1,9,1,25,5,1596,1,19,FORD FOCUS,9,E01007690,0,2
2024501451551,2024,501451551,2,9,0,-1,19,1,5,-1,0,3,0,0,0,0,2,9,-1,9,2,36,7,1999,1,9,FORD FOCUS,3,E01020078,0,1
2024311426788,2024,311426788,2,9,0,-1,19,2,6,-1,0,2,0,0,0,0,1,1,-1,9,1,55,8,1596,1,13,FORD FOCUS,5,E01013894,0,1
2024010512184,2024,010512184,1,9,0,2,2,0,0,0,0,0,0,0,0,0,3,1,6,6,3,-1,-1,1596,1,11,FORD FOCUS,-1,-1,0,-1
2024010509123,2024,010509123,1,9,0,18,19,1,5,0,0,8,0,0,0,0,0,1,6,6,1,33,6,999,1,9,FORD FOCUS,-1,-1,0,-1
2024010501963,2024,010501963,2,9,9,99,99,9,9,99,99,9,9,99,9,99,9,9,6,6,3,-1,-1,1596,1,17,FORD FOCUS,-1,-1,0,-1
2024622400482,2024,622400482,1,9,0,18,19,7,3,0,0,0,1,0,2,6,1,1,2,2,1,27,6,1596,1,20,FORD FOCUS,2,W01001208,0,4
2024461461190,2024,461461190,2,9,0,-1,3,3,5,-1,0,1,0,0,0,0,2,9,-1,7,1,18,4,999,1,1,FORD FOCUS,6,E01024491,0,1
2024201551785,2024,201551785,4,9,0,-1,2,0,0,-1,0,0,0,0,0,0,1,1,-1,6,2,27,6,1496,1,5,FORD FOCUS,4,E01009228,0,1
2024061409463,2024,061409463,1,9,0,-1,19,4,8,-1,0,1,0,0,0,0,1,1,-1,6,1,30,6,1596,1,15,FORD FOCUS,-1,-1,0,-1
2024520403329,2024,520403329,1,9,0,13,13,2,6,0,0,0,0,0,0,0,1,1,6,6,1,64,9,1596,1,16,FORD FOCUS,5,E01029051,0,1
2024052401233,2024,052401233,2,9,0,17,19,5,1,0,0,1,0,0,0,0,1,1,6,6,2,35,6,1560,2,10,FORD FOCUS,1,E01007017,0,1
2024361493323,2024,361493323,1,9,0,-1,19,-1,-1,-1,0,1,0,0,0,0,3,9,-1,6,1,48,8,1499,2,9,FORD FOCUS,6,E01026872,0,4
2024461486311,2024,461486311,1,9,0,-1,19,7,3,-1,0,0,0,0,0,0,1,1,-1,6,2,77,11,999,1,10,FORD FOCUS,8,E01024344,0,1
2024141557295,2024,141557295,1,9,0,-1,3,5,1,-1,0,0,0,0,0,0,2,1,-1,9,2,36,7,1596,1,12,FORD FOCUS,9,E01007624,0,1
2024622400166,2024,622400166,1,9,0,18,19,8,4,0,0,4,0,0,0,0,1,1,1,1,1,-1,-1,999,1,2,FORD FOCUS,7,W01000974,0,1
2024010503188,2024,010503188,1,9,0,99,99,9,9,99,99,0,9,99,9,99,2,9,6,6,1,36,7,1498,1,9,FORD FOCUS,3,E01001795,0,1
2024471452868,2024,471452868,1,9,0,-1,4,2,6,-1,0,0,0,0,0,0,1,1,-1,6,2,38,7,998,1,12,FORD FOCUS,6,E01031586,0,1
2024211490892,2024,211490892,2,9,0,-1,3,3,5,-1,0,1,0,0,0,0,2,9,-1,6,2,40,7,999,8,1,FORD FOCUS,5,E01029756,0,1
2024101430040,2024,101430040,1,9,0,-1,19,7,3,-1,9,0,0,0,0,0,1,1,-1,6,2,56,9,999,1,4,FORD FOCUS,7,E01008691,0,1
2024451463284,2024,451463284,1,9,0,-1,10,3,1,-1,0,6,0,0,0,0,1,1,-1,6,2,36,7,1560,2,15,FORD FOCUS,-1,-1,0,-1
2024320299929,2024,320299929,1,9,0,-1,-1,2,6,0,0,0,0,0,0,0,1,1,6,6,1,25,5,1596,1,17,FORD FOCUS,-1,-1,0,-1
2024201514443,2024,201514443,2,9,0,-1,10,5,3,-1,0,8,0,0,0,0,1,1,-1,6,1,68,10,1753,2,17,FORD FOCUS,8,W01000011,0,5
2024071073197,2024,071073197,1,9,0,-1,19,1,5,-1,0,0,0,0,0,0,1,1,-1,9,1,40,7,1796,1,21,FORD FOCUS,5,E01032726,0,5
2024141519892,2024,141519892,1,9,0,-1,19,4,8,-1,0,1,0,0,2,2,1,1,-1,9,1,43,7,2521,1,15,FORD FOCUS,2,E01008029,0,2
2024211431656,2024,211431656,1,9,0,-1,19,2,8,-1,0,6,0,0,0,0,1,1,-1,6,1,38,7,1997,2,7,FORD FOCUS,3,E01014296,0,1
2024440008533,2024,440008533,2,9,0,16,19,1,4,0,0,8,0,0,0,0,1,1,6,6,2,-1,-1,1498,1,7,FORD FOCUS,-1,-1,0,-1
2024520402582,2024,520402582,1,9,0,18,19,4,7,0,0,0,0,0,0,0,1,1,6,6,1,22,5,1596,1,15,FORD FOCUS,4,E01018754,0,5
2024010548904,2024,010548904,1,9,0,5,5,3,7,0,0,1,0,0,0,0,1,1,6,6,2,67,10,998,1,10,FORD FOCUS,7,E01003764,0,1
2024411466011,2024,411466011,1,9,0,-1,19,3,3,-1,0,0,0,0,0,0,1,1,-1,2,2,24,5,999,1,4,FORD FOCUS,6,E01035562,0,1
2024141435747,2024,141435747,1,9,0,-1,19,2,6,-1,0,0,5,7,1,5,1,1,-1,6,2,27,6,1499,2,6,FORD FOCUS,2,E01007559,0,1
2024361414223,2024,361414223,1,9,0,-1,1,5,1,-1,9,0,0,0,0,0,-1,9,-1,6,2,52,8,1560,2,13,FORD FOCUS,4,E01026925,0,1
2024421454828,2024,421454828,2,9,0,-1,19,4,8,-1,0,3,0,0,0,0,3,1,-1,9,2,46,8,999,1,6,FORD FOCUS,6,E01021589,0,1
2024451489643,2024,451489643,2,9,0,-1,10,1,5,-1,0,1,0,0,0,0,1,9,-1,6,1,62,9,1997,2,14,FORD FOCUS,-1,-1,0,-1
2024211450564,2024,211450564,2,9,0,-1,5,7,3,-1,0,4,0,0,0,0,1,1,-1,9,1,80,11,1499,2,7,FORD FOCUS,-1,-1,0,-1
2024991531489,2024,991531489,2,9,0,-1,19,4,8,-1,0,1,1,0,0,0,3,1,-1,6,2,43,7,998,1,10,FORD FOCUS,-1,-1,0,-1
2024131409147,2024,131409147,2,9,0,-1,19,5,2,-1,0,0,0,2,0,0,1,1,-1,9,2,44,7,1560,2,10,FORD FOCUS,2,E01011639,0,2
2024471435055,2024,471435055,3,9,0,-1,10,7,3,-1,0,1,0,0,0,0,2,1,-1,2,1,47,8,998,1,10,FORD FOCUS,7,E01021043,0,3
2024041433688,2024,041433688,2,9,0,-1,7,5,1,-1,0,1,0,0,0,0,4,1,-1,9,2,47,8,1499,2,9,FORD FOCUS,5,E01025363,0,1
2024501412085,2024,501412085,1,9,0,-1,9,4,2,-1,0,1,0,0,0,0,3,1,-1,9,1,62,9,1499,2,4,FORD FOCUS,8,E01015120,0,4
2024131403169,2024,131403169,1,9,0,-1,19,5,1,-1,0,0,0,0,0,0,4,1,-1,6,2,43,7,999,8,0,FORD FOCUS,2,E01010776,0,1
2024201436869,2024,201436869,1,9,0,-1,19,8,4,-1,0,1,0,0,0,0,1,9,-1,2,2,28,6,1499,2,9,FORD FOCUS,1,E01009401,0,1
2024131496312,2024,131496312,2,9,0,-1,19,7,3,-1,0,1,0,0,0,0,3,1,-1,9,2,45,7,1798,1,15,FORD FOCUS,3,E01010867,0,1
2024031393709,2024,031393709,2,9,0,-1,9,1,6,-1,0,0,0,0,0,0,4,1,-1,6,1,49,8,1753,2,16,FORD FOCUS,2,E01019199,0,1
2024131446198,2024,131446198,2,9,0,-1,19,6,2,-1,0,0,0,0,0,0,1,1,-1,9,2,40,7,1596,1,15,FORD FOCUS,6,E01011704,0,1
2024010534003,2024,010534003,4,9,0,2,2,0,0,0,0,1,0,0,0,0,2,1,6,6,3,-1,-1,1596,1,9,FORD FOCUS,-1,-1,0,-1
2024421479422,2024,421479422,1,9,0,-1,7,5,7,-1,0,7,0,0,0,0,2,1,-1,9,2,37,7,999,1,6,FORD FOCUS,8,E01021923,0,2
2024631478017,2024,631478017,2,9,0,-1,19,5,1,-1,0,0,0,0,0,0,3,1,-1,9,2,21,5,1560,2,11,FORD FOCUS,6,W01002014,0,4
2024211475389,2024,211475389,3,9,0,-1,19,5,1,-1,0,0,0,0,0,0,2,1,-1,6,1,50,8,1560,2,10,FORD FOCUS,3,E01031059,0,3
2024161396754,2024,161396754,2,9,0,-1,7,3,5,-1,0,5,0,0,0,0,2,9,-1,6,1,62,9,1999,1,17,FORD FOCUS,5,E01004366,0,5
2024440261823,2024,440261823,2,9,0,9,9,1,7,0,0,5,0,0,0,0,4,1,6,6,1,74,10,1988,1,23,FORD FOCUS,4,E01017022,0,1
2024332400911,2024,332400911,1,9,0,-1,19,4,8,-1,0,0,1,0,7,4,1,1,-1,6,1,59,9,1999,1,8,FORD FOCUS,7,E01025812,0,2
2024522401948,2024,522401948,2,9,0,18,19,5,1,0,0,0,0,0,0,0,1,1,6,6,1,46,8,1498,1,7,FORD FOCUS,8,E01030687,0,5
2024411452428,2024,411452428,1,9,0,-1,4,7,3,-1,0,0,0,0,0,0,1,1,-1,2,1,41,7,1499,2,7,FORD FOCUS,10,E01035587,0,3
2024361417738,2024,361417738,2,9,0,-1,9,-1,-1,-1,0,0,0,0,0,0,3,1,-1,9,1,27,6,1596,1,9,FORD FOCUS,10,E01026812,0,1
202454D062424,2024,54D062424,1,9,0,18,19,4,1,0,0,8,0,0,0,0,1,1,6,6,1,68,10,1997,2,14,FORD FOCUS,9,E01032706,0,1
2024010502806,2024,010502806,2,9,5,6,6,1,1,0,0,8,0,0,1,0,1,1,6,6,1,30,6,998,1,11,FORD FOCUS,3,E01003479,0,1
2024440133574,2024,440133574,2,9,0,4,4,3,7,0,0,1,0,0,0,0,0,1,6,6,1,37,7,1596,1,13,FORD FOCUS,5,E01023262,0,2
2024010524776,2024,010524776,1,9,0,18,19,5,1,0,0,0,0,0,0,0,4,1,6,6,1,57,9,1596,1,17,FORD FOCUS,2,E01001081,0,1
2024520401970,2024,520401970,1,9,0,10,10,5,1,0,0,1,0,0,0,0,2,1,6,6,2,79,11,1997,2,18,FORD FOCUS,7,E01029166,0,1
2024161523000,2024,161523000,1,9,0,-1,19,7,3,-1,0,0,2,0,1,9,1,1,-1,9,1,19,4,1596,1,22,FORD FOCUS,7,E01012993,0,1
2024461424717,2024,461424717,2,9,0,-1,19,3,7,-1,0,3,0,0,0,0,1,1,-1,1,1,51,8,1796,1,23,FORD FOCUS,2,E01024277,0,1
2024430327354,2024,430327354,1,9,0,9,9,5,3,0,0,5,0,0,0,0,1,1,2,2,1,61,9,999,1,7,FORD FOCUS,3,E01033859,0,1
2024010540856,2024,010540856,2,9,0,99,99,9,9,99,99,9,9,99,9,99,1,9,6,6,1,-1,-1,999,8,0,FORD FOCUS,-1,-1,0,-1
2024421486464,2024,421486464,2,9,0,-1,19,4,8,-1,0,0,0,0,0,0,1,1,-1,9,1,75,10,999,1,2,FORD FOCUS,8,E01002252,0,4
2024320611195,2024,320611195,1,9,0,-1,-1,2,8,0,0,3,0,0,0,0,1,1,6,6,1,-1,-1,999,1,5,FORD FOCUS,-1,-1,0,-1
2024052401894,2024,052401894,1,9,0,1,1,3,7,0,0,6,0,0,0,0,2,1,6,6,1,44,7,1999,1,15,FORD FOCUS,2,E01006428,0,1
2024401507905,2024,401507905,1,9,0,-1,19,6,2,-1,0,1,0,0,0,0,1,9,-1,6,2,35,6,1560,2,12,FORD FOCUS,6,E01017571,0,1
2024161476709,2024,161476709,1,9,0,-1,19,1,5,-1,0,0,0,7,0,0,1,1,-1,1,1,34,6,1499,2,9,FORD FOCUS,6,E01013276,0,1
2024421401603,2024,421401603,2,9,0,-1,19,7,3,-1,0,4,0,0,0,0,2,1,-1,6,2,33,6,1596,1,16,FORD FOCUS,5,E01016013,0,1
2024010526164,2024,010526164,1,9,0,16,19,1,5,0,0,4,1,0,0,0,1,1,6,6,2,48,8,1596,1,11,FORD FOCUS,2,E01002310,0,1
2024010535711,2024,010535711,2,9,0,2,2,0,0,0,0,2,0,0,0,0,1,1,6,6,3,-1,-1,1596,1,19,FORD FOCUS,-1,-1,0,-1
2024010536294,2024,010536294,2,9,0,18,19,8,4,0,0,0,0,0,0,0,2,1,6,6,2,51,8,1798,1,17,FORD FOCUS,3,E01021289,0,3
2024361428512,2024,361428512,1,9,0,-1,9,7,5,-1,0,8,0,0,0,0,3,1,-1,9,1,19,4,1560,2,14,FORD FOCUS,7,E01026514,0,2
2024071089663,2024,071089663,2,9,0,-1,19,7,3,-1,0,1,0,0,0,0,2,1,-1,1,1,42,7,1560,2,14,FORD FOCUS,10,E01018583,0,1