collision_index,collision_year,collision_ref_no,vehicle_reference,vehicle_type,towing_and_articulation,vehicle_manoeuvre_historic,vehicle_manoeuvre,vehicle_direction_from,vehicle_direction_to,vehicle_location_restricted_lane_historic,vehicle_location_restricted_lane,junction_location,skidding_and_overturning,hit_object_in_carriageway,vehicle_leaving_carriageway,hit_object_off_carriageway,first_point_of_impact,vehicle_left_hand_drive,journey_purpose_of_driver_historic,journey_purpose_of_driver,sex_of_driver,age_of_driver,age_band_of_driver,engine_capacity_cc,propulsion_code,age_of_vehicle,generic_make_model,driver_imd_decile,lsoa_of_driver,escooter_flag,driver_distance_banding
202417S308324,2024,17S308324,1,9,0,-1,19,3,7,-1,0,1,0,0,0,0,1,1,-1,9,1,35,6,998,1,12,FORD FOCUS,3,E01012289,0,1
2024361473685,2024,361473685,1,9,0,-1,19,6,4,-1,0,1,0,0,0,0,1,1,-1,9,1,79,11,1560,2,9,FORD FOCUS,8,E01029925,0,4
2024311515706,2024,311515706,2,9,0,-1,5,1,2,-1,0,1,0,0,0,0,3,1,-1,6,2,72,10,1499,2,7,FORD FOCUS,-1,-1,0,-1
2024052402572,2024,052402572,2,9,0,18,19,6,2,0,0,0,0,0,0,0,4,1,6,6,1,32,6,1560,2,11,FORD FOCUS,5,E01025508,0,1
202417S204024,2024,17S204024,1,9,0,18,19,4,8,0,0,0,1,0,0,0,1,1,6,6,1,25,5,1997,2,18,FORD FOCUS,1,E01012036,0,2
2024041438995,2024,041438995,1,9,0,-1,19,5,1,-1,0,1,0,0,0,0,1,1,-1,9,2,37,7,1596,1,19,FORD FOCUS,1,E01025584,0,3
2024061458550,2024,061458550,2,9,0,-1,19,8,8,-1,0,0,0,0,0,0,3,1,-1,9,1,34,6,1596,1,17,FORD FOCUS,1,E01006333,0,3
2024471481400,2024,471481400,1,9,0,-1,19,1,5,-1,0,0,0,0,0,0,1,1,-1,6,1,16,4,1596,1,16,FORD FOCUS,7,E01031343,0,1
2024440347694,2024,440347694,1,9,0,18,19,3,7,0,0,0,0,0,0,0,1,1,2,2,2,-1,-1,1496,1,4,FORD FOCUS,4,E01017235,0,1
2024041473907,2024,041473907,2,9,0,-1,19,5,1,-1,0,0,0,0,0,0,2,1,-1,9,1,36,7,1560,2,10,FORD FOCUS,2,E01034954,0,5
2024131433936,2024,131433936,1,9,0,-1,-1,-1,-1,-1,-1,0,-1,-1,-1,0,-1,1,-1,6,3,-1,-1,1596,1,12,FORD FOCUS,-1,-1,0,-1
2024101476117,2024,101476117,1,9,0,-1,19,8,4,-1,0,8,0,0,0,0,-1,1,-1,6,1,88,11,1596,1,12,FORD FOCUS,2,E01008489,0,3
2024010543995,2024,010543995,3,9,0,2,2,0,0,9,9,8,1,0,0,0,4,1,6,6,3,-1,-1,1596,1,13,FORD FOCUS,-1,-1,0,-1
2024421403229,2024,421403229,2,9,0,-1,4,5,1,-1,0,0,0,0,0,0,2,1,-1,6,1,28,6,1997,2,16,FORD FOCUS,3,E01015923,0,1
2024421422526,2024,421422526,2,9,0,-1,19,4,8,-1,0,1,0,0,0,0,3,1,-1,9,1,49,8,1596,1,16,FORD FOCUS,2,E01003761,0,3
2024010510937,2024,010510937,2,9,0,99,99,9,9,99,99,9,9,99,9,99,1,9,6,6,3,-1,-1,1596,1,11,FORD FOCUS,-1,-1,0,-1
2024451436220,2024,451436220,4,9,0,-1,4,5,1,-1,0,0,0,0,0,0,2,1,-1,9,2,37,7,1596,1,17,FORD FOCUS,2,E01015304,0,5
2024311500086,2024,311500086,1,9,0,-1,19,1,5,-1,0,1,0,0,0,0,1,1,-1,2,1,21,5,1560,2,10,FORD FOCUS,5,E01013937,0,1
2024430128329,2024,430128329,3,9,0,18,19,1,5,0,0,0,1,0,0,0,1,1,6,6,1,20,4,2521,1,17,FORD FOCUS,3,E01016720,0,1
2024201426185,2024,201426185,1,9,0,-1,19,1,5,-1,0,0,0,4,0,0,4,1,-1,6,1,26,6,1596,1,14,FORD FOCUS,1,E01009377,0,1
2024501449288,2024,501449288,1,9,0,-1,19,1,5,-1,0,0,0,0,0,0,4,9,-1,6,2,56,9,1560,2,12,FORD FOCUS,6,E01019933,0,1
202454A137024,2024,54A137024,2,9,0,18,19,2,6,0,0,0,1,0,1,9,1,1,6,6,1,21,5,999,1,8,FORD FOCUS,6,E01031846,0,1
2024201447516,2024,201447516,1,9,0,-1,5,3,7,-1,9,0,0,10,1,11,1,1,-1,6,3,-1,-1,1997,2,10,FORD FOCUS,-1,-1,0,-1
2024061471205,2024,061471205,1,9,0,-1,15,4,8,-1,0,1,0,0,0,0,1,1,-1,6,2,38,7,998,1,11,FORD FOCUS,2,E01005829,0,1
2024440060757,2024,440060757,1,9,0,18,19,3,7,0,0,8,0,0,0,0,1,1,6,6,1,35,6,1560,2,17,FORD FOCUS,3,E01032738,0,1
2024461414064,2024,461414064,2,9,0,-1,4,5,1,-1,0,0,1,0,0,0,3,9,-1,9,2,69,10,999,1,8,FORD FOCUS,9,E01024431,0,2
2024461506934,2024,461506934,1,9,0,-1,19,5,1,-1,0,0,1,0,0,0,1,1,-1,2,1,30,6,1499,2,9,FORD FOCUS,5,E01024086,0,1
2024061511647,2024,061511647,2,9,0,-1,19,5,8,-1,0,1,1,0,0,0,2,1,-1,9,1,23,5,1499,2,8,FORD FOCUS,9,E01019190,0,5
2024991528689,2024,991528689,1,9,0,-1,19,2,6,-1,0,1,0,0,0,0,1,1,-1,1,1,42,7,1596,1,14,FORD FOCUS,5,-1,0,4
2024061413888,2024,061413888,1,9,0,-1,19,6,2,-1,0,8,0,0,7,10,1,1,-1,2,1,59,9,1560,2,13,FORD FOCUS,3,E01006220,0,1
2024131497581,2024,131497581,2,9,0,-1,4,5,1,-1,0,8,0,0,0,0,2,1,-1,2,1,38,7,1560,2,14,FORD FOCUS,8,E01007899,0,4
2024451429162,2024,451429162,1,9,0,-1,19,3,7,-1,0,0,0,0,0,0,1,1,-1,9,2,59,9,998,1,10,FORD FOCUS,10,E01016654,0,4
2024061416949,2024,061416949,3,9,0,-1,19,5,1,-1,0,0,0,0,0,0,1,1,-1,1,1,29,6,2261,1,1,FORD FOCUS,2,E01005950,0,3
2024010507755,2024,010507755,1,9,0,4,4,5,1,0,0,1,0,0,0,0,1,1,6,6,1,25,5,1499,2,5,FORD FOCUS,4,E01034224,0,1
2024061394476,2024,061394476,1,9,0,-1,19,3,7,-1,0,0,0,0,0,0,1,1,-1,8,1,28,6,999,1,2,FORD FOCUS,4,E01005892,0,2
2024010504134,2024,010504134,1,9,0,18,19,5,1,0,0,0,0,0,0,0,2,1,6,6,1,30,6,999,1,6,FORD FOCUS,3,E01034204,0,1
2024440331477,2024,440331477,2,9,0,3,3,4,8,0,0,1,0,0,0,0,2,1,6,6,2,45,7,1560,2,13,FORD FOCUS,2,E01023006,0,4
2024371452454,2024,371452454,1,9,0,-1,19,3,7,-1,0,1,0,0,0,0,1,9,-1,6,1,75,10,999,8,0,FORD FOCUS,6,E01030240,0,1
2024221430315,2024,221430315,1,9,0,-1,9,7,6,-1,0,6,0,0,0,0,1,9,-1,6,1,54,8,1596,1,11,FORD FOCUS,1,E01033890,0,4
2024131502888,2024,131502888,1,9,0,-1,19,7,5,-1,0,0,0,0,0,0,2,1,-1,9,1,79,11,1596,1,14,FORD FOCUS,1,E01010680,0,1
2024061470141,2024,061470141,1,9,0,-1,19,3,3,-1,0,8,0,0,0,0,1,1,-1,6,1,-1,-1,1596,1,13,FORD FOCUS,-1,-1,0,-1
2024522401977,2024,522401977,1,9,0,18,19,3,7,0,0,0,0,4,0,0,1,1,6,6,2,28,6,1596,1,19,FORD FOCUS,2,E01014626,0,1
2024311406570,2024,311406570,1,9,0,-1,2,0,0,-1,0,1,0,10,0,0,4,1,-1,6,1,52,8,998,1,11,FORD FOCUS,1,E01013948,0,1
2024311532664,2024,311532664,2,9,0,-1,19,5,1,-1,0,0,0,0,0,0,1,1,-1,6,1,41,7,1560,2,15,FORD FOCUS,2,E01017490,0,5
2024131407942,2024,131407942,1,9,0,-1,19,7,3,-1,0,1,1,0,0,0,1,1,-1,6,3,-1,-1,1560,2,14,FORD FOCUS,-1,-1,0,-1
2024041468386,2024,041468386,1,9,0,-1,19,5,1,-1,0,0,0,0,7,6,1,1,-1,9,2,27,6,1498,1,7,FORD FOCUS,6,E01025279,0,3
2024311565098,2024,311565098,1,9,0,-1,5,7,3,-1,0,1,0,0,0,0,1,1,-1,9,1,36,7,1499,2,7,FORD FOCUS,-1,-1,0,-1
2024010508642,2024,010508642,1,9,0,18,19,3,7,0,0,8,0,0,0,0,3,1,6,6,1,42,7,1596,1,22,FORD FOCUS,4,E01001704,0,2
2024501419004,2024,501419004,2,9,0,-1,19,6,2,-1,0,0,0,0,0,0,1,1,-1,6,2,20,4,1560,2,13,FORD FOCUS,4,E01020303,0,1
2024440339532,2024,440339532,2,9,0,5,5,8,8,-1,-1,6,0,0,0,0,1,1,6,6,1,30,6,1498,1,7,FORD FOCUS,-1,-1,0,-1
2024141499974,2024,141499974,2,9,0,-1,19,7,3,-1,0,2,0,0,0,0,4,9,-1,6,3,-1,-1,1988,1,20,FORD FOCUS,-1,-1,0,-1
2024471451368,2024,471451368,1,9,0,-1,19,6,2,-1,0,0,5,0,7,4,1,1,-1,1,1,59,9,1997,2,12,FORD FOCUS,10,E01021192,0,2
2024071048393,2024,071048393,2,9,0,-1,19,2,6,-1,0,0,0,0,0,0,1,1,-1,2,1,62,9,999,1,9,FORD FOCUS,10,E01012559,0,1
2024302400408,2024,302400408,1,9,0,9,9,1,6,0,0,8,0,0,0,0,1,1,6,6,2,36,7,1596,1,19,FORD FOCUS,2,E01028259,0,1
2024302400329,2024,302400329,3,9,0,4,4,1,5,0,0,1,0,0,0,0,1,1,6,6,1,45,7,1560,2,10,FORD FOCUS,6,E01027946,0,1
2024141427767,2024,141427767,1,9,0,-1,1,1,4,-1,0,1,0,0,0,0,0,9,-1,6,2,66,10,998,1,11,FORD FOCUS,-1,-1,0,-1
2024010509583,2024,010509583,1,9,0,99,99,9,9,99,99,0,9,99,9,99,9,1,6,6,3,-1,-1,998,1,10,FORD FOCUS,6,E01002358,0,2
2024320424197,2024,320424197,2,9,0,-1,-1,4,8,0,0,0,0,0,0,0,4,1,6,6,2,46,8,1499,2,9,FORD FOCUS,9,E01034697,0,1
2024421399643,2024,421399643,1,9,0,-1,3,2,7,-1,0,2,0,0,0,0,1,1,-1,2,2,63,9,1499,2,6,FORD FOCUS,6,E01021535,0,4
2024531496757,2024,531496757,1,9,0,-1,7,4,8,-1,0,8,1,0,8,1,1,1,-1,6,1,25,5,1596,1,12,FORD FOCUS,5,E01022312,0,1
2024430426176,2024,430426176,1,9,0,9,9,5,3,0,0,5,0,0,0,0,3,1,6,6,1,47,8,1596,1,16,FORD FOCUS,-1,-1,0,-1
2024430165166,2024,430165166,2,9,0,18,19,5,1,0,0,3,0,0,0,0,2,1,2,2,1,41,7,2521,1,17,FORD FOCUS,6,E01028757,0,3
2024161500596,2024,161500596,1,9,9,-1,14,1,5,-1,0,0,9,99,9,0,1,9,-1,6,2,20,4,1499,2,1,FORD FOCUS,10,E01013108,0,2
2024361461127,2024,361461127,2,9,0,-1,19,7,3,-1,0,0,0,0,0,0,1,1,-1,9,1,68,10,1997,2,14,FORD FOCUS,5,E01026909,0,1
2024401525928,2024,401525928,1,9,-1,-1,-1,-1,-1,-1,-1,-1,-1,-1,-1,0,-1,9,-1,6,1,56,9,1499,2,8,FORD FOCUS,4,E01017596,0,3
2024201535312,2024,201535312,1,9,0,-1,19,1,5,-1,0,4,1,7,3,0,1,1,-1,6,1,27,6,1596,1,12,FORD FOCUS,1,E01009445,0,2
2024122400628,2024,122400628,1,9,0,18,19,4,8,0,0,0,0,0,0,0,3,1,6,6,1,23,5,1596,1,17,FORD FOCUS,1,E01027819,0,1
202417M108824,2024,17M108824,3,9,0,-1,2,0,0,-1,0,1,0,0,0,0,3,1,-1,9,1,-1,-1,1560,2,11,FORD FOCUS,-1,-1,0,-1
2024111401505,2024,111401505,1,9,0,-1,9,7,5,-1,0,1,0,0,0,0,4,1,-1,6,1,30,6,1596,1,24,FORD FOCUS,-1,-1,0,-1
2024991473033,2024,991473033,2,9,0,-1,19,1,5,-1,0,1,0,0,7,11,1,1,-1,6,1,49,8,2261,1,1,FORD FOCUS,6,-1,0,1
2024631427291,2024,631427291,1,9,0,-1,12,6,2,-1,0,0,0,0,7,2,1,1,-1,1,1,68,10,999,8,1,FORD FOCUS,8,W01000649,0,1
2024221457752,2024,221457752,1,9,0,-1,14,5,1,-1,0,8,0,0,0,0,3,1,-1,6,2,31,6,1560,2,11,FORD FOCUS,6,E01032360,0,1
2024010550875,2024,010550875,3,9,0,18,19,7,3,0,0,0,0,0,0,0,2,1,6,6,1,23,5,999,1,4,FORD FOCUS,-1,-1,0,-1
2024520003139,2024,520003139,1,9,0,16,19,-1,-1,0,0,0,0,0,0,0,1,1,6,6,2,60,9,1596,1,14,FORD FOCUS,8,E01014442,0,1
2024361411410,2024,361411410,4,9,0,-1,19,6,2,-1,0,0,0,0,0,0,1,1,-1,2,1,40,7,1560,2,14,FORD FOCUS,7,E01026919,0,1
2024311399721,2024,311399721,1,9,0,-1,19,3,8,-1,0,1,0,0,0,0,1,1,-1,9,1,25,5,1596,1,17,FORD FOCUS,-1,-1,0,-1
2024052400628,2024,052400628,1,9,0,18,19,2,8,0,0,1,0,0,0,0,4,1,6,6,1,37,7,1499,2,7,FORD FOCUS,3,E01006681,0,2
2024991440952,2024,991440952,2,9,0,-1,19,7,3,-1,0,0,0,0,0,0,1,1,-1,6,1,47,8,1499,2,8,FORD FOCUS,9,-1,0,3
2024430604445,2024,430604445,1,9,0,13,13,8,4,0,0,1,0,0,0,0,1,1,6,6,2,42,7,1499,2,9,FORD FOCUS,8,E01017715,0,1
2024991494031,2024,991494031,2,9,0,-1,19,3,7,-1,0,0,0,0,7,0,1,1,-1,9,1,34,6,1499,2,4,FORD FOCUS,9,-1,0,4
2024010537387,2024,010537387,1,9,0,99,99,9,9,99,99,9,9,99,9,99,2,9,6,6,1,43,7,1999,1,18,FORD FOCUS,8,E01003709,0,1
2024320452431,2024,320452431,1,9,0,-1,-1,6,2,0,0,0,2,0,0,0,3,1,-1,-1,2,28,6,1596,1,19,FORD FOCUS,1,E01026114,0,3
2024991422963,2024,991422963,1,8,0,-1,5,1,5,-1,0,1,0,0,0,0,1,1,-1,1,1,45,7,1499,2,7,FORD FOCUS,-1,-1,0,-1
2024231462102,2024,231462102,1,9,0,-1,19,8,4,-1,0,0,0,0,0,0,3,1,-1,9,1,76,11,1499,2,8,FORD FOCUS,7,E01031011,0,2
2024440404961,2024,440404961,1,9,0,18,19,7,3,0,0,8,0,0,0,0,1,1,6,6,1,75,10,1596,1,18,FORD FOCUS,6,E01035437,0,1
2024201499743,2024,201499743,3,9,0,-1,2,0,0,-1,0,0,0,4,0,0,4,1,-1,6,-1,-1,-1,999,1,6,FORD FOCUS,-1,-1,0,-1
2024122400278,2024,122400278,2,9,0,9,9,8,6,0,0,1,1,0,1,10,3,1,6,6,2,57,9,999,1,7,FORD FOCUS,8,E01027688,0,1
2024010525627,2024,010525627,2,9,0,18,19,1,5,0,0,0,0,99,0,0,9,1,6,6,3,-1,-1,999,1,3,FORD FOCUS,-1,-1,0,-1
2024552401128,2024,552401128,1,9,0,11,11,3,6,0,0,8,5,0,7,0,4,1,6,6,2,60,9,1499,2,8,FORD FOCUS,8,E01019890,0,3
2024101429620,2024,101429620,1,9,0,-1,5,5,1,-1,0,1,0,0,0,0,1,1,-1,9,1,-1,-1,1499,2,3,FORD FOCUS,3,E01008857,0,1
2024421525611,2024,421525611,1,9,0,-1,9,5,3,-1,0,8,0,0,0,0,2,9,-1,9,1,31,6,1596,1,15,FORD FOCUS,1,E01022030,0,4
2024131490053,2024,131490053,2,9,0,-1,2,0,0,-1,9,0,0,0,0,0,1,1,-1,6,3,-1,-1,999,1,1,FORD FOCUS,-1,-1,0,-1
2024211501038,2024,211501038,1,9,0,-1,19,2,6,-1,0,0,0,0,0,0,1,1,-1,6,1,20,4,1560,2,12,FORD FOCUS,-1,-1,0,-1
2024141412254,2024,141412254,2,9,0,-1,19,6,2,-1,0,0,0,0,0,0,1,9,-1,6,3,-1,-1,1560,2,11,FORD FOCUS,-1,-1,0,-1
202417M218424,2024,17M218424,1,8,0,-1,19,8,4,-1,0,8,0,0,0,0,4,1,-1,1,1,57,9,1499,2,8,FORD FOCUS,-1,-1,0,-1
2024991469505,2024,991469505,2,9,0,-1,19,5,1,-1,0,4,0,0,0,0,2,1,-1,6,1,22,5,1995,2,6,FORD FOCUS,8,-1,0,1
2024401518132,2024,401518132,1,9,0,-1,9,3,1,-1,0,8,0,0,0,0,4,1,-1,6,2,34,6,1596,1,16,FORD FOCUS,7,E01017593,0,2
2024201479765,2024,201479765,2,9,0,-1,19,2,6,-1,0,8,0,0,0,0,1,1,-1,6,1,36,7,1596,1,13,FORD FOCUS,-1,-1,0,-1
2024131412310,2024,131412310,2,9,0,-1,2,0,0,-1,0,0,0,0,0,0,4,1,-1,6,3,-1,-1,1560,2,10,FORD FOCUS,-1,-1,0,-1
2024332400893,2024,332400893,1,9,0,-1,19,7,3,-1,0,0,0,0,0,0,1,1,-1,9,1,42,7,1560,2,13,FORD FOCUS,9,E01025686,0,1
2024421414822,2024,421414822,1,9,0,-1,9,7,3,-1,0,0,0,0,0,0,3,1,-1,6,1,41,7,998,1,12,FORD FOCUS,2,E01015851,0,1
2024311416552,2024,311416552,1,9,0,-1,19,1,5,-1,0,0,0,0,0,0,1,1,-1,6,2,65,9,998,1,11,FORD FOCUS,1,E01028301,0,1
2024471536083,2024,471536083,2,9,0,-1,19,6,2,-1,0,0,0,0,0,0,1,1,-1,6,1,22,5,2521,1,18,FORD FOCUS,3,E01021017,0,2
2024061444321,2024,061444321,3,9,0,-1,19,4,8,-1,0,0,0,0,0,0,1,1,-1,9,1,52,8,999,8,0,FORD FOCUS,1,E01032920,0,1
2024461543574,2024,461543574,2,9,0,-1,19,2,4,-1,0,8,0,0,1,0,3,1,-1,9,1,66,10,999,1,8,FORD FOCUS,9,E01024825,0,3
2024430265512,2024,430265512,2,9,0,17,19,2,7,0,0,1,0,0,0,0,1,1,6,6,1,41,7,1997,2,10,FORD FOCUS,5,E01028554,0,1
2024340NN4362,2024,340NN4362,1,9,0,-1,19,1,5,-1,0,1,1,0,0,0,1,1,-1,6,2,36,7,1596,1,14,FORD FOCUS,1,E01027168,0,2
2024440142152,2024,440142152,1,9,0,17,19,6,3,0,0,1,1,10,1,9,1,1,6,6,1,17,4,1596,1,12,FORD FOCUS,10,E01032854,0,2
2024061397411,2024,061397411,1,9,0,-1,19,2,6,-1,0,1,0,0,0,0,3,1,-1,2,2,45,7,1596,1,11,FORD FOCUS,-1,-1,0,-1
2024421480302,2024,421480302,1,9,0,-1,19,5,1,-1,0,0,1,0,0,0,1,1,-1,2,1,32,6,1596,1,15,FORD FOCUS,5,E01003639,0,4
2024010547221,2024,010547221,2,9,0,10,10,7,5,0,0,1,0,0,0,0,4,1,6,6,1,37,7,1499,2,9,FORD FOCUS,8,E01001062,0,3
2024101460579,2024,101460579,2,9,0,-1,10,1,5,-1,0,1,1,0,0,0,2,1,-1,9,2,43,7,1499,2,8,FORD FOCUS,2,E01027443,0,1
2024010505776,2024,010505776,2,9,0,99,99,9,9,99,99,9,9,99,9,99,9,9,6,6,3,-1,-1,998,1,11,FORD FOCUS,-1,-1,0,-1
2024332400547,2024,332400547,3,9,0,-1,2,0,0,-1,0,2,0,0,1,0,1,1,-1,6,3,-1,-1,1596,1,18,FORD FOCUS,-1,-1,0,-1
2024201533776,2024,201533776,1,9,0,-1,13,5,1,-1,0,0,5,10,7,0,3,1,-1,9,1,37,7,1798,1,16,FORD FOCUS,-1,-1,0,-1
2024361517842,2024,361517842,2,9,0,-1,4,3,1,-1,0,0,0,0,0,0,0,1,-1,6,1,40,7,1997,2,12,FORD FOCUS,3,E01026459,0,4
2024471501448,2024,471501448,2,9,0,-1,19,-1,-1,-1,0,0,0,0,0,0,1,1,-1,6,2,40,7,1560,2,11,FORD FOCUS,5,E01032836,0,1
2024010546219,2024,010546219,1,9,0,99,99,9,9,99,99,9,9,99,9,99,9,9,6,6,2,47,8,1999,1,19,FORD FOCUS,7,E01001125,0,1
2024361510154,2024,361510154,2,9,0,-1,3,1,4,-1,0,0,0,0,0,0,4,1,-1,9,1,38,7,999,1,4,FORD FOCUS,10,E01023459,0,5
2024351415317,2024,351415317,2,9,0,-1,10,7,3,-1,0,1,0,0,0,0,2,1,-1,6,2,46,8,998,1,10,FORD FOCUS,6,E01018281,0,1
2024010544521,2024,010544521,1,9,0,18,19,7,3,0,0,1,0,0,0,0,2,1,1,1,1,58,9,1596,1,14,FORD FOCUS,4,E01001167,0,3
2024522401295,2024,522401295,3,9,0,18,19,6,1,0,0,0,0,0,0,0,4,1,6,6,1,69,10,1560,2,11,FORD FOCUS,3,E01027175,0,5
2024131447280,2024,131447280,1,9,0,-1,19,7,3,-1,0,6,0,0,0,0,1,1,-1,6,1,19,4,998,1,12,FORD FOCUS,2,E01010796,0,1
2024101465747,2024,101465747,3,9,0,-1,19,1,5,-1,0,0,0,0,0,0,0,1,-1,9,2,23,5,1995,2,5,FORD FOCUS,3,E01008809,0,2
2024101516116,2024,101516116,1,9,-1,-1,11,3,7,-1,0,0,0,0,0,0,4,9,-1,6,1,59,9,1499,2,7,FORD FOCUS,9,E01008784,0,1
2024052400785,2024,052400785,2,9,0,18,19,7,3,0,0,0,0,0,0,0,1,1,1,1,1,33,6,1596,1,15,FORD FOCUS,1,E01007220,0,3
2024201493211,2024,201493211,1,9,0,-1,19,2,6,-1,0,0,0,0,0,0,3,1,-1,2,2,28,6,1753,2,16,FORD FOCUS,3,E01009772,0,1
2024440222389,2024,440222389,1,9,0,18,19,8,4,0,0,1,0,0,0,0,1,1,6,6,2,33,6,1499,2,7,FORD FOCUS,9,E01031532,0,1
2024440163487,2024,440163487,2,9,0,2,2,0,0,0,0,0,0,0,0,0,1,1,6,6,1,59,9,1560,2,10,FORD FOCUS,-1,-1,0,-1
2024131481183,2024,131481183,1,9,0,-1,19,5,7,-1,0,8,0,0,0,0,3,1,-1,6,1,37,7,1753,2,15,FORD FOCUS,4,E01011545,0,1
2024010543040,2024,010543040,1,9,0,11,11,6,2,0,0,0,0,0,0,0,1,1,2,2,1,43,7,1499,2,2,FORD FOCUS,2,E01003432,0,2
2024161417474,2024,161417474,2,9,0,-1,19,5,1,-1,0,6,0,0,7,4,1,1,-1,6,1,-1,-1,1560,2,13,FORD FOCUS,-1,-1,0,-1
2024451528762,2024,451528762,2,9,0,-1,4,7,3,-1,0,1,0,0,0,0,3,1,-1,9,1,88,11,999,1,1,FORD FOCUS,8,E01030490,0,1
2024231525271,2024,231525271,1,9,0,-1,19,2,7,-1,0,0,1,0,7,4,1,1,-1,9,1,74,10,1596,1,18,FORD FOCUS,7,E01032344,0,4
2024041508635,2024,041508635,1,9,0,-1,19,3,7,-1,0,1,0,0,0,0,4,1,-1,9,1,23,5,1997,2,6,FORD FOCUS,3,E01006273,0,4
2024440036201,2024,440036201,1,9,0,9,9,3,1,0,0,8,0,0,4,1,4,1,6,6,1,21,5,1753,2,16,FORD FOCUS,8,E01022762,0,1
2024041453190,2024,041453190,4,9,0,-1,2,7,3,-1,0,1,0,0,0,0,1,1,-1,6,-1,-1,-1,1560,2,10,FORD FOCUS,-1,-1,0,-1
2024221402863,2024,221402863,2,9,0,-1,9,7,5,-1,0,5,0,0,7,11,2,9,-1,7,2,37,7,1596,1,15,FORD FOCUS,10,E01032151,0,1
2024471510594,2024,471510594,1,9,0,-1,19,6,2,-1,0,0,0,0,1,4,1,1,-1,9,1,20,4,999,1,9,FORD FOCUS,4,E01031791,0,2
2024141472619,2024,141472619,2,9,0,-1,5,5,1,-1,0,1,0,0,0,0,1,1,-1,6,2,32,6,1798,1,15,FORD FOCUS,10,E01007861,0,1
2024401431707,2024,401431707,1,9,-1,-1,-1,-1,-1,-1,-1,-1,-1,-1,-1,0,-1,9,-1,9,2,34,6,1798,1,16,FORD FOCUS,5,E01035598,0,4
2024010510064,2024,010510064,1,9,0,8,8,2,5,0,0,2,0,0,0,0,0,1,1,1,1,28,6,999,1,5,FORD FOCUS,9,E01023882,0,4
2024052400957,2024,052400957,7,8,0,7,7,7,1,0,0,8,0,0,7,0,2,1,1,1,3,-1,-1,1499,2,7,FORD FOCUS,-1,-1,0,-1
2024201413532,2024,201413532,1,9,0,-1,19,3,7,-1,0,8,0,0,0,0,3,9,-1,2,1,21,5,998,1,12,FORD FOCUS,3,E01009775,0,1
2024122400112,2024,122400112,2,9,0,17,19,6,2,0,0,0,0,0,1,0,1,1,6,6,1,21,5,1499,2,6,FORD FOCUS,8,E01027801,0,3
2024061521349,2024,061521349,4,9,0,-1,19,3,7,-1,0,0,0,0,0,0,1,1,-1,6,1,90,11,1560,2,13,FORD FOCUS,-1,-1,0,-1
2024010545102,2024,010545102,3,9,0,5,5,0,1,0,0,1,0,4,7,0,1,1,6,6,1,24,5,1999,1,9,FORD FOCUS,3,E01003594,0,2
2024471515924,2024,471515924,3,9,0,-1,4,3,7,-1,0,8,0,0,0,0,2,1,-1,2,1,30,6,999,1,4,FORD FOCUS,8,E01021075,0,3
2024461535551,2024,461535551,2,9,0,-1,2,0,0,-1,0,0,0,0,0,0,1,1,-1,1,1,38,7,999,8,0,FORD FOCUS,5,E01035292,0,2
2024302400965,2024,302400965,2,9,0,4,4,8,4,0,0,1,0,0,0,0,2,1,6,6,2,35,6,999,1,8,FORD FOCUS,4,E01019570,0,1
2024461506797,2024,461506797,1,9,0,-1,5,2,8,-1,0,6,0,0,0,0,1,9,-1,9,2,35,6,1560,2,12,FORD FOCUS,9,E01024068,0,1
2024231434371,2024,231434371,1,9,0,-1,5,8,4,-1,0,6,0,0,0,0,4,1,-1,9,2,84,11,1560,2,14,FORD FOCUS,3,E01025822,0,2
2024221516392,2024,221516392,1,9,0,-1,19,3,7,-1,0,0,0,0,7,1,1,9,-1,6,1,18,4,998,1,10,FORD FOCUS,8,E01028907,0,1
2024371466150,2024,371466150,1,9,0,-1,9,2,6,-1,0,4,0,0,0,0,0,1,-1,6,2,45,7,1999,1,18,FORD FOCUS,9,E01034559,0,3
2024531442206,2024,531442206,1,9,0,-1,4,1,5,-1,0,1,0,0,0,0,4,1,-1,6,1,77,11,1988,1,22,FORD FOCUS,3,E01022153,0,1
2024161417727,2024,161417727,1,9,0,-1,9,7,5,-1,0,8,0,0,0,0,1,1,-1,1,1,50,8,1499,2,7,FORD FOCUS,6,E01013105,0,1
2024231515807,2024,231515807,2,9,0,-1,19,8,4,-1,0,0,1,0,0,0,4,9,-1,6,1,27,6,999,1,8,FORD FOCUS,8,E01023163,0,5
2024461431216,2024,461431216,1,9,0,-1,19,4,4,-1,0,0,0,0,0,0,1,1,-1,9,1,86,11,1596,1,10,FORD FOCUS,4,E01016168,0,1
2024430129978,2024,430129978,1,9,0,9,9,4,2,0,0,5,0,0,0,0,1,1,6,6,2,80,11,1596,1,18,FORD FOCUS,-1,-1,0,-1
2024311480199,2024,311480199,1,9,0,-1,19,6,2,-1,0,0,0,0,0,0,1,1,-1,6,3,40,7,1596,1,17,FORD FOCUS,-1,-1,0,-1
2024070973640,2024,070973640,2,9,0,-1,7,8,4,-1,0,3,0,0,0,0,4,1,-1,6,2,46,8,999,1,6,FORD FOCUS,4,W01000419,0,4
2024010514671,2024,010514671,1,9,0,18,19,3,7,0,0,8,0,0,0,0,1,1,6,6,2,24,5,999,8,1,FORD FOCUS,9,E01002225,0,1