collision_index,collision_year,collision_ref_no,vehicle_reference,vehicle_type,towing_and_articulation,vehicle_manoeuvre_historic,vehicle_manoeuvre,vehicle_direction_from,vehicle_direction_to,vehicle_location_restricted_lane_historic,vehicle_location_restricted_lane,junction_location,skidding_and_overturning,hit_object_in_carriageway,vehicle_leaving_carriageway,hit_object_off_carriageway,first_point_of_impact,vehicle_left_hand_drive,journey_purpose_of_driver_historic,journey_purpose_of_driver,sex_of_driver,age_of_driver,age_band_of_driver,engine_capacity_cc,propulsion_code,age_of_vehicle,generic_make_model,driver_imd_decile,lsoa_of_driver,escooter_flag,driver_distance_banding
2024122400986,2024,122400986,2,9,0,10,10,1,7,0,0,1,0,0,0,0,2,1,6,6,2,36,7,999,1,7,FORD FOCUS,9,E01027747,0,1
2024471486048,2024,471486048,3,9,0,-1,4,7,3,-1,0,0,0,0,0,0,2,1,-1,9,1,24,5,1596,1,12,FORD FOCUS,3,E01031459,0,2
2024461456974,2024,461456974,1,9,0,-1,19,7,3,-1,0,4,0,0,0,0,1,1,-1,1,1,58,9,1798,1,16,FORD FOCUS,4,E01024284,0,1
2024041463186,2024,041463186,4,9,0,-1,19,5,1,-1,0,0,0,0,0,0,2,1,-1,2,1,42,7,1596,1,11,FORD FOCUS,1,E01025120,0,4
2024461445275,2024,461445275,1,9,0,-1,5,3,2,-1,0,0,0,0,0,0,3,1,-1,6,1,30,6,1798,1,17,FORD FOCUS,1,E01024657,0,1
2024320527140,2024,320527140,1,9,0,7,7,2,4,0,0,6,0,0,0,0,1,1,6,6,2,-1,-1,1560,2,11,FORD FOCUS,-1,-1,0,-1
2024522403440,2024,522403440,1,9,0,17,19,5,2,0,0,0,0,0,0,0,1,1,6,6,2,37,7,1560,2,14,FORD FOCUS,8,E01014953,0,2
202460Q038285,2024,60Q038285,1,9,0,16,19,8,3,0,0,2,0,0,0,0,1,1,6,6,1,56,9,1560,2,10,FORD FOCUS,-1,-1,0,-1
2024461441373,2024,461441373,3,9,0,-1,19,7,3,-1,0,0,0,0,0,0,2,1,-1,2,1,53,8,999,1,7,FORD FOCUS,4,E01016116,0,3
2024522402934,2024,522402934,2,9,0,5,5,1,5,0,0,7,0,0,0,0,3,1,6,6,1,25,5,999,1,9,FORD FOCUS,2,E01014828,0,4
2024991418923,2024,991418923,2,9,0,-1,9,5,3,-1,0,8,0,0,0,0,3,1,-1,6,2,34,6,1560,2,12,FORD FOCUS,7,-1,0,1
2024430013286,2024,430013286,1,9,0,16,19,2,5,0,0,0,2,0,7,11,1,1,2,2,1,28,6,1997,2,20,FORD FOCUS,6,E01022503,0,4
2024471514277,2024,471514277,2,9,0,-1,9,3,1,-1,0,1,0,0,0,0,1,1,-1,9,2,34,6,1999,1,18,FORD FOCUS,1,E01020972,0,1
2024401449344,2024,401449344,1,9,0,-1,2,0,0,-1,0,0,0,0,0,0,2,1,-1,6,1,33,6,1499,2,4,FORD FOCUS,3,E01015702,0,1
2024201456032,2024,201456032,2,9,0,-1,9,6,4,-1,0,5,0,0,0,0,4,9,-1,6,2,17,4,999,1,9,FORD FOCUS,5,E01009066,0,1
2024461425545,2024,461425545,1,9,0,-1,4,3,7,-1,0,0,1,0,0,0,2,1,-1,6,1,45,7,1560,2,11,FORD FOCUS,1,E01024671,0,4
2024401400257,2024,401400257,2,9,-1,-1,19,1,5,-1,0,0,0,0,0,0,3,9,-1,9,1,21,5,1596,1,16,FORD FOCUS,3,E01015765,0,1
2024991394520,2024,991394520,1,9,0,-1,6,8,7,-1,0,1,0,0,0,0,1,1,-1,6,1,33,6,1596,1,14,FORD FOCUS,1,-1,0,1
2024201467115,2024,201467115,1,9,0,-1,19,2,6,-1,0,8,0,0,0,0,1,1,-1,6,1,45,7,1596,1,16,FORD FOCUS,5,E01031131,0,3
2024622400576,2024,622400576,2,9,0,4,4,6,2,0,0,0,0,0,0,0,2,1,6,6,1,50,8,1596,1,13,FORD FOCUS,10,E01010181,0,5
2024010500944,2024,010500944,1,9,0,1,1,5,1,0,0,1,0,0,0,0,2,1,6,6,1,38,7,1596,1,19,FORD FOCUS,4,E01001552,0,2
2024421528942,2024,421528942,2,9,0,-1,19,1,4,-1,0,3,0,0,0,0,3,1,-1,9,1,29,6,1499,2,7,FORD FOCUS,10,E01021545,0,1
2024610023924,2024,610023924,2,9,0,17,19,3,8,0,0,1,0,0,0,0,1,1,6,6,1,30,6,1560,2,11,FORD FOCUS,7,W01001439,0,2
2024122400975,2024,122400975,1,9,0,18,19,5,1,0,0,6,0,0,0,0,1,1,6,6,2,39,7,1560,2,9,FORD FOCUS,5,E01027892,0,1
2024610050324,2024,610050324,2,9,0,18,19,5,1,0,0,1,0,0,0,0,1,1,1,1,1,27,6,1560,2,10,FORD FOCUS,6,W01001976,0,1
2024201456035,2024,201456035,2,9,0,-1,19,6,2,-1,0,0,0,0,0,0,1,9,-1,6,1,41,7,1596,1,19,FORD FOCUS,3,E01031081,0,3
202417S105524,2024,17S105524,2,9,0,-1,12,8,5,-1,0,1,0,0,0,0,3,1,-1,6,1,-1,-1,1798,1,19,FORD FOCUS,-1,-1,0,-1
2024421465272,2024,421465272,3,9,0,-1,3,4,8,-1,0,0,0,0,0,0,2,1,-1,9,1,56,9,2261,1,7,FORD FOCUS,8,E01018677,0,5
2024302400177,2024,302400177,1,9,0,1,1,2,8,0,0,8,0,4,0,0,2,1,1,1,1,21,5,1560,2,13,FORD FOCUS,4,E01005150,0,4
2024451461992,2024,451461992,2,9,0,-1,19,5,1,-1,0,1,0,0,0,0,3,1,-1,9,1,36,7,999,1,7,FORD FOCUS,8,E01035361,0,1
2024332400875,2024,332400875,1,9,0,-1,19,4,8,-1,0,0,0,0,0,0,1,1,-1,2,1,21,5,1798,1,14,FORD FOCUS,1,E01029427,0,4
2024141412170,2024,141412170,1,9,0,-1,19,8,4,-1,0,0,0,0,1,0,1,1,-1,6,1,47,8,999,1,9,FORD FOCUS,6,E01007358,0,1
2024221443112,2024,221443112,1,9,0,-1,7,2,4,-1,0,4,0,0,0,0,1,9,-1,6,3,26,6,2521,1,17,FORD FOCUS,-1,-1,0,-1
2024101449198,2024,101449198,2,9,0,-1,3,1,5,-1,0,4,0,0,0,0,2,1,-1,2,1,46,8,1560,2,16,FORD FOCUS,1,E01008847,0,2
2024351452539,2024,351452539,2,9,0,-1,19,8,4,-1,0,0,0,0,0,0,1,1,-1,9,2,60,9,1560,2,14,FORD FOCUS,-1,-1,0,-1
2024351429897,2024,351429897,3,9,0,-1,19,5,1,-1,0,0,0,0,0,0,0,1,-1,6,1,70,10,1499,2,7,FORD FOCUS,7,E01026242,0,4
2024552400545,2024,552400545,1,9,0,7,7,6,8,0,0,6,0,0,0,0,3,1,6,6,2,35,6,1596,1,13,FORD FOCUS,4,E01034283,0,1
2024070475770,2024,070475770,2,9,0,3,3,8,4,0,0,1,0,0,0,0,2,1,6,6,2,47,8,999,1,8,FORD FOCUS,3,E01012369,0,1
2024111459504,2024,111459504,2,9,0,-1,2,0,0,-1,0,2,0,0,0,0,2,1,-1,6,-1,-1,-1,999,1,9,FORD FOCUS,-1,-1,0,-1
2024211514500,2024,211514500,1,9,0,-1,9,8,4,-1,0,0,0,0,0,0,1,1,-1,6,2,43,7,999,1,4,FORD FOCUS,7,E01010352,0,3
2024010499624,2024,010499624,1,9,0,99,99,9,9,99,99,0,9,99,9,99,3,9,6,6,1,22,5,1596,1,13,FORD FOCUS,10,E01024056,0,4
2024052402191,2024,052402191,1,9,0,18,19,1,5,0,0,8,5,0,0,0,4,1,6,6,1,34,6,999,1,1,FORD FOCUS,1,E01006740,0,1
2024141422605,2024,141422605,2,9,0,-1,5,1,5,-1,0,1,0,0,0,0,1,1,-1,9,1,19,4,1596,1,9,FORD FOCUS,6,E01028003,0,2
2024221490556,2024,221490556,1,9,0,-1,7,7,1,-1,0,5,0,0,0,0,2,1,-1,6,1,41,7,1499,2,9,FORD FOCUS,8,E01032329,0,1
2024411422459,2024,411422459,1,9,0,-1,9,5,3,-1,0,3,0,0,0,0,1,1,-1,6,2,41,7,998,1,11,FORD FOCUS,3,E01000176,0,3
2024421398027,2024,421398027,1,9,0,-1,9,7,3,-1,0,1,0,0,0,0,4,1,-1,9,2,60,9,1999,1,16,FORD FOCUS,3,E01021245,0,3
2024201444762,2024,201444762,1,9,0,-1,6,2,2,-1,0,0,0,0,0,0,1,1,-1,6,2,30,6,1499,2,5,FORD FOCUS,6,E01031084,0,3
2024211407718,2024,211407718,1,9,0,-1,19,1,5,-1,0,0,0,0,0,0,1,1,-1,9,1,82,11,1560,2,11,FORD FOCUS,1,E01014229,0,1
2024221487906,2024,221487906,1,9,0,-1,19,3,8,-1,0,8,0,0,0,0,1,1,-1,6,1,19,4,1798,1,14,FORD FOCUS,2,E01032437,0,1
2024351539262,2024,351539262,1,9,0,-1,19,1,5,-1,0,0,0,9,7,0,1,1,-1,6,1,30,6,1560,2,11,FORD FOCUS,9,E01027286,0,4
2024461507766,2024,461507766,2,9,0,-1,19,3,7,-1,0,0,0,0,0,0,3,1,-1,2,1,25,5,999,8,0,FORD FOCUS,5,E01000338,0,2
2024991465070,2024,991465070,2,9,0,-1,2,0,0,-1,0,2,0,0,0,0,2,9,-1,6,-1,-1,-1,1596,1,16,FORD FOCUS,-1,-1,0,-1
2024320108744,2024,320108744,1,9,0,-1,-1,8,4,0,0,0,0,0,0,0,1,1,6,6,2,27,6,1560,2,9,FORD FOCUS,1,E01013141,0,4
2024531403363,2024,531403363,1,9,0,-1,9,5,2,-1,0,8,0,0,0,0,4,1,-1,9,1,22,5,998,1,11,FORD FOCUS,3,E01022132,0,4
2024070513208,2024,070513208,2,9,0,3,3,5,1,0,0,8,0,0,0,0,2,1,6,6,2,33,6,999,1,6,FORD FOCUS,6,E01012378,0,1
2024430479181,2024,430479181,1,9,0,9,9,8,6,0,0,6,0,0,0,0,1,1,6,6,1,30,6,1596,1,16,FORD FOCUS,-1,-1,0,-1
2024201437900,2024,201437900,1,9,0,-1,9,6,4,-1,0,5,0,0,0,0,1,9,-1,6,1,-1,-1,1560,2,12,FORD FOCUS,1,E01034307,0,3
2024320212937,2024,320212937,1,9,0,9,9,2,8,0,0,8,0,0,0,0,2,1,-1,-1,1,41,7,1560,2,9,FORD FOCUS,6,E01007512,0,5
2024131520570,2024,131520570,1,9,0,-1,19,3,7,-1,0,4,5,0,7,0,1,1,-1,6,1,29,6,1560,2,20,FORD FOCUS,5,E01011757,0,1
2024471485835,2024,471485835,2,9,0,-1,19,4,8,-1,0,8,1,0,1,0,1,1,-1,9,2,24,5,1989,1,25,FORD FOCUS,10,E01031689,0,2
2024010498668,2024,010498668,1,9,0,18,19,1,5,0,0,0,5,7,0,0,3,1,6,6,1,39,7,999,1,4,FORD FOCUS,2,E01034475,0,1
2024131517359,2024,131517359,2,9,0,-1,19,1,5,-1,0,8,0,11,0,0,1,1,-1,9,1,35,6,999,1,1,FORD FOCUS,3,E01010762,0,1
2024031425125,2024,031425125,1,9,0,-1,6,6,3,-1,-1,0,0,0,0,0,1,1,-1,9,2,55,8,1499,2,5,FORD FOCUS,2,E01019227,0,1
2024471471897,2024,471471897,1,9,0,-1,19,2,6,-1,0,0,1,0,0,0,1,1,-1,2,1,-1,-1,999,1,9,FORD FOCUS,6,E01002921,0,4
2024052402274,2024,052402274,2,9,0,9,9,1,7,0,0,1,0,0,0,0,2,1,6,6,2,32,6,999,1,2,FORD FOCUS,1,E01007215,0,1
2024991537721,2024,991537721,1,9,0,-1,14,3,7,-1,0,1,0,0,0,0,1,1,-1,6,-1,24,5,1596,1,10,FORD FOCUS,-1,-1,0,-1
2024122400062,2024,122400062,1,9,0,18,19,3,7,0,0,0,0,0,0,0,1,1,6,6,2,72,10,999,1,8,FORD FOCUS,10,E01034975,0,2
2024041520149,2024,041520149,1,9,0,-1,19,1,5,-1,0,1,1,0,7,0,1,1,-1,9,2,58,9,1596,1,18,FORD FOCUS,3,E01025376,0,1
2024231437019,2024,231437019,2,9,0,-1,10,8,6,-1,0,1,0,0,7,0,2,9,-1,9,1,91,11,999,1,7,FORD FOCUS,4,E01031032,0,1
2024471515137,2024,471515137,2,9,0,-1,2,0,0,-1,0,0,0,0,0,0,3,1,-1,6,-1,-1,-1,998,1,12,FORD FOCUS,-1,-1,0,-1
2024131526940,2024,131526940,1,9,0,-1,5,5,7,-1,0,6,0,0,0,0,1,1,-1,6,1,22,5,1560,2,13,FORD FOCUS,3,E01011229,0,1
2024131452411,2024,131452411,1,9,0,-1,19,1,5,-1,0,0,0,0,0,0,1,1,-1,6,3,-1,-1,1596,1,14,FORD FOCUS,-1,-1,0,-1
2024041453190,2024,041453190,3,9,0,-1,2,7,3,-1,0,1,0,0,0,0,1,1,-1,6,-1,-1,-1,1560,2,10,FORD FOCUS,-1,-1,0,-1
2024461470608,2024,461470608,1,9,0,-1,19,3,7,-1,0,0,0,0,0,0,1,1,-1,6,1,60,9,1997,2,17,FORD FOCUS,1,E01024697,0,1
2024141434595,2024,141434595,1,9,0,-1,7,5,8,-1,0,0,0,0,0,0,1,1,-1,9,2,35,6,1997,2,9,FORD FOCUS,1,E01008054,0,2
2024421435087,2024,421435087,1,9,0,-1,9,5,3,-1,0,0,0,0,0,0,1,1,-1,6,1,53,8,999,1,7,FORD FOCUS,6,E01021683,0,1
2024430522838,2024,430522838,3,9,0,2,2,0,0,0,0,0,0,0,0,0,1,1,6,6,3,-1,-1,1596,1,16,FORD FOCUS,-1,-1,0,-1
2024010492806,2024,010492806,1,9,0,18,19,7,3,0,0,1,0,0,1,10,1,1,6,6,1,28,6,1596,1,11,FORD FOCUS,2,E01034487,0,2
2024010519215,2024,010519215,2,9,0,18,19,5,1,0,0,1,0,0,0,0,3,1,6,6,1,37,7,1596,1,14,FORD FOCUS,2,E01003065,0,2
2024461400551,2024,461400551,1,9,0,-1,19,5,1,-1,0,0,0,10,0,0,4,9,-1,2,2,22,5,999,1,7,FORD FOCUS,10,E01024056,0,4
2024421488083,2024,421488083,1,9,0,-1,9,5,3,-1,9,0,0,0,1,0,1,1,-1,9,2,70,10,998,1,12,FORD FOCUS,5,E01021499,0,1
2024531521851,2024,531521851,2,9,0,-1,2,0,0,-1,0,0,0,0,0,0,0,1,-1,6,-1,-1,-1,1560,2,12,FORD FOCUS,-1,-1,0,-1
2024231536264,2024,231536264,1,9,0,-1,19,7,2,-1,0,0,1,0,7,3,3,1,-1,9,1,24,5,2521,1,16,FORD FOCUS,9,E01009536,0,2
2024221469211,2024,221469211,1,9,0,-1,9,8,5,-1,0,6,0,0,0,0,1,9,-1,6,2,78,11,1798,1,17,FORD FOCUS,9,E01028911,0,1
2024351399457,2024,351399457,2,9,0,-1,13,7,3,-1,0,0,0,0,0,0,1,1,-1,2,1,25,5,1753,2,17,FORD FOCUS,1,E01015609,0,2
2024131531295,2024,131531295,2,9,0,-1,19,5,1,-1,0,8,0,0,0,0,3,1,-1,9,1,33,6,1499,2,6,FORD FOCUS,3,E01010981,0,1
2024320377311,2024,320377311,1,9,0,-1,-1,2,4,0,0,8,0,0,1,0,1,1,-1,-1,2,50,8,1560,2,10,FORD FOCUS,2,E01013852,0,4
2024201414571,2024,201414571,1,9,0,-1,19,7,3,-1,0,1,0,0,0,0,1,1,-1,9,1,35,6,1596,1,21,FORD FOCUS,2,E01009515,0,1
2024461470307,2024,461470307,1,9,0,-1,9,4,8,-1,0,8,0,0,0,0,1,1,-1,9,2,36,7,1596,1,18,FORD FOCUS,1,E01016083,0,1
2024440145643,2024,440145643,4,9,0,4,4,6,2,0,0,0,0,0,0,0,2,1,1,1,1,55,8,999,1,7,FORD FOCUS,9,E01035439,0,1
2024052402515,2024,052402515,1,9,0,9,9,3,1,0,0,8,0,0,0,0,4,1,6,6,2,45,7,998,1,12,FORD FOCUS,1,E01006500,0,3
2024131531317,2024,131531317,1,9,0,-1,5,7,3,-1,0,0,0,4,1,10,2,1,-1,9,1,77,11,999,8,0,FORD FOCUS,6,E01011071,0,1
2024991435435,2024,991435435,1,9,0,-1,13,1,5,-1,0,0,0,0,0,0,3,1,-1,9,1,27,6,1596,1,13,FORD FOCUS,6,-1,0,1
2024530005624,2024,530005624,1,9,0,18,19,8,4,0,0,0,0,0,0,0,1,1,6,6,1,43,7,2521,1,16,FORD FOCUS,4,W01001283,0,4
2024201479031,2024,201479031,1,9,0,-1,19,2,6,-1,0,0,0,0,0,0,1,1,-1,2,1,44,7,999,8,0,FORD FOCUS,1,E01009886,0,1
2024010538711,2024,010538711,1,9,0,9,9,5,2,0,0,1,0,0,0,0,3,1,6,6,2,25,5,1798,1,15,FORD FOCUS,3,E01001180,0,1
2024421506510,2024,421506510,1,9,0,-1,-1,-1,-1,-1,-1,-1,-1,-1,-1,0,-1,9,-1,6,1,-1,-1,999,1,8,FORD FOCUS,9,E01021959,0,1
2024010521207,2024,010521207,1,9,0,18,19,1,5,0,0,1,0,0,0,0,1,1,6,6,1,67,10,999,1,9,FORD FOCUS,-1,-1,0,-1
2024201491254,2024,201491254,2,9,0,-1,19,1,5,-1,0,8,0,0,0,0,4,1,-1,6,1,52,8,1499,2,8,FORD FOCUS,3,E01009255,0,1
2024610043424,2024,610043424,1,9,0,2,2,0,0,6,6,0,0,0,0,0,2,1,1,1,1,60,9,1499,2,4,FORD FOCUS,2,W01001414,0,3
2024461534430,2024,461534430,1,9,0,-1,19,4,8,-1,0,2,0,0,0,0,4,9,-1,6,1,25,5,999,1,8,FORD FOCUS,6,E01016057,0,1
2024461485188,2024,461485188,3,9,0,-1,2,0,0,-1,0,2,0,0,0,0,1,1,-1,6,2,24,5,999,1,5,FORD FOCUS,9,E01035291,0,1
2024010524425,2024,010524425,2,9,0,5,5,7,3,0,0,4,0,0,0,0,3,1,6,6,2,66,10,1596,1,17,FORD FOCUS,2,E01004129,0,1
2024991472579,2024,991472579,1,9,0,-1,19,8,7,-1,0,0,0,0,0,0,1,1,-1,9,2,32,6,1499,2,7,FORD FOCUS,1,-1,0,2
2024201452600,2024,201452600,2,9,0,-1,19,3,7,-1,0,8,0,0,0,0,3,9,-1,6,2,39,7,1560,2,10,FORD FOCUS,2,E01010562,0,2
2024141455965,2024,141455965,2,9,0,-1,19,6,1,-1,0,1,0,0,0,0,1,1,-1,9,2,24,5,1560,2,12,FORD FOCUS,2,E01007656,0,2
2024440405314,2024,440405314,3,9,0,2,2,0,0,0,0,0,0,0,0,0,1,1,6,6,3,-1,-1,1499,2,3,FORD FOCUS,-1,-1,0,-1
2024211455025,2024,211455025,2,9,0,-1,19,7,6,-1,0,6,0,0,0,0,4,1,-1,6,2,38,7,1596,1,18,FORD FOCUS,1,E01014275,0,3
2024421398114,2024,421398114,1,9,0,-1,19,1,3,-1,0,0,2,4,1,0,1,1,-1,6,1,37,7,1596,1,14,FORD FOCUS,5,E01021241,0,1
2024461506358,2024,461506358,2,9,0,-1,3,4,6,-1,0,4,0,0,0,0,2,1,-1,2,1,35,6,1596,1,16,FORD FOCUS,9,E01032813,0,1
202460Q051258,2024,60Q051258,1,9,0,17,19,2,6,0,0,0,5,0,2,4,1,1,6,6,2,41,7,1596,1,15,FORD FOCUS,-1,-1,0,-1
2024440309681,2024,440309681,2,9,0,17,19,5,3,0,0,8,0,0,0,0,3,1,6,6,3,-1,-1,1499,2,6,FORD FOCUS,-1,-1,0,-1
2024010506011,2024,010506011,2,9,0,99,99,9,9,99,99,9,9,99,9,99,1,9,6,6,3,-1,-1,998,1,12,FORD FOCUS,-1,-1,0,-1
2024421535756,2024,421535756,2,9,0,-1,19,2,6,-1,0,0,0,0,0,0,2,1,-1,6,2,43,7,998,1,11,FORD FOCUS,4,E01021984,0,4
2024211452308,2024,211452308,3,9,0,-1,3,1,5,-1,0,0,0,0,0,0,1,1,-1,6,1,35,6,1499,2,5,FORD FOCUS,1,E01014237,0,1
2024622400394,2024,622400394,3,9,0,18,19,1,5,0,0,0,0,0,0,0,2,1,6,6,1,66,10,998,1,10,FORD FOCUS,4,E01032355,0,5
2024361527909,2024,361527909,3,9,0,-1,19,4,7,-1,0,8,0,0,0,0,1,1,-1,6,1,55,8,1499,2,7,FORD FOCUS,5,E01026485,0,2
2024991505639,2024,991505639,1,8,0,-1,19,4,8,-1,0,1,0,0,0,0,3,1,-1,1,1,38,7,1499,2,7,FORD FOCUS,-1,-1,0,-1
2024010526650,2024,010526650,2,9,0,99,99,9,9,99,99,9,9,99,9,99,2,9,6,6,3,35,6,1596,1,13,FORD FOCUS,2,E01032580,0,1
2024010511344,2024,010511344,3,9,0,18,19,3,7,0,0,0,0,0,0,0,1,1,6,6,2,51,8,998,1,11,FORD FOCUS,7,E01002985,0,1
2024231506744,2024,231506744,2,9,0,-1,19,8,4,-1,0,0,0,0,0,0,2,9,-1,6,1,44,7,1753,2,17,FORD FOCUS,9,E01029630,0,4
2024471448746,2024,471448746,1,9,0,-1,19,7,3,-1,0,0,0,0,1,4,1,1,-1,2,1,38,7,2261,1,8,FORD FOCUS,5,E01034817,0,1
2024122401135,2024,122401135,1,9,0,16,19,3,5,0,0,0,0,10,1,10,1,1,6,6,1,88,11,1498,1,7,FORD FOCUS,9,E01027567,0,1
202454E602024,2024,54E602024,1,9,0,9,9,8,6,0,0,3,0,0,0,0,1,1,6,6,2,53,8,999,1,2,FORD FOCUS,1,E01032096,0,1
2024411533955,2024,411533955,1,9,0,-1,19,7,1,-1,0,0,0,0,0,0,1,1,-1,6,1,43,7,1596,1,14,FORD FOCUS,8,E01027181,0,4
2024010550953,2024,010550953,3,9,0,-1,-1,6,2,0,0,1,0,4,0,0,4,1,6,6,3,-1,-1,1596,1,17,FORD FOCUS,-1,-1,0,-1
2024411440395,2024,411440395,2,9,0,-1,5,1,5,-1,0,4,0,0,0,0,3,1,-1,9,2,33,6,999,1,2,FORD FOCUS,9,E01028487,0,4
2024471423011,2024,471423011,1,9,0,-1,19,7,3,-1,0,1,0,0,8,11,3,1,-1,6,1,26,6,1499,2,9,FORD FOCUS,7,E01021061,0,2
2024231431390,2024,231431390,2,9,0,-1,19,8,4,-1,0,4,0,0,0,0,1,1,-1,6,1,31,6,1560,2,13,FORD FOCUS,1,E01034748,0,2
2024041403048,2024,041403048,1,9,0,-1,19,6,2,-1,0,1,5,4,0,0,3,1,-1,9,1,38,7,1560,2,10,FORD FOCUS,4,E01012701,0,1
2024161526900,2024,161526900,3,9,0,-1,2,0,0,-1,0,1,0,0,0,0,4,1,-1,6,-1,-1,-1,2261,1,4,FORD FOCUS,-1,-1,0,-1
2024131475748,2024,131475748,1,9,0,-1,4,1,5,-1,0,0,0,0,0,0,0,1,-1,6,1,-1,-1,2521,1,17,FORD FOCUS,-1,-1,0,-1
2024522500076,2024,522500076,1,9,0,17,19,2,8,0,0,8,0,10,3,11,1,1,6,6,1,19,4,1999,1,10,FORD FOCUS,8,E01014514,0,2
2024131482785,2024,131482785,2,9,0,-1,4,3,7,-1,0,0,0,0,0,0,4,1,-1,9,2,47,8,999,8,0,FORD FOCUS,3,E01010959,0,1
2024461397764,2024,461397764,1,9,0,-1,19,6,2,-1,0,0,0,0,0,0,1,1,-1,2,1,33,6,1596,1,16,FORD FOCUS,1,E01016083,0,3
2024320010478,2024,320010478,1,9,0,-1,-1,4,8,0,0,0,1,0,0,0,1,1,-1,-1,1,35,6,1560,2,16,FORD FOCUS,7,E01026208,0,3
2024548880524,2024,548880524,1,9,0,18,19,4,8,0,0,0,1,0,1,0,1,1,6,6,2,41,7,999,1,4,FORD FOCUS,6,E01031942,0,1
2024101450820,2024,101450820,2,9,0,-1,19,6,2,-1,0,1,0,0,0,0,2,1,-1,6,1,34,6,1499,2,4,FORD FOCUS,2,E01008661,0,1
2024351468634,2024,351468634,1,9,0,-1,19,1,5,-1,0,0,0,0,0,0,1,1,-1,6,1,24,5,999,1,9,FORD FOCUS,5,E01018033,0,2
2024311403517,2024,311403517,1,9,0,-1,9,1,5,-1,0,1,0,0,0,0,1,1,-1,6,2,54,8,999,1,10,FORD FOCUS,10,E01028137,0,1
2024471408133,2024,471408133,1,9,0,-1,19,3,7,-1,0,0,0,0,0,0,1,1,-1,6,1,35,6,1596,1,18,FORD FOCUS,-1,-1,0,-1
202460Q078453,2024,60Q078453,1,9,0,7,7,7,1,0,0,1,1,0,7,0,1,1,6,6,1,-1,-1,1596,1,17,FORD FOCUS,-1,-1,0,-1
2024522403110,2024,522403110,1,9,0,17,19,6,4,0,0,0,0,0,0,0,1,1,6,6,1,45,7,1753,2,16,FORD FOCUS,6,E01032073,0,4
2024552401403,2024,552401403,1,9,0,18,19,7,3,0,0,0,0,0,0,0,1,1,6,6,1,85,11,1997,2,17,FORD FOCUS,6,E01020432,0,1
2024010512753,2024,010512753,2,9,0,99,99,9,9,99,99,0,9,99,9,99,9,9,6,6,1,30,6,1596,1,20,FORD FOCUS,3,E01003819,0,3
2024531465712,2024,531465712,2,9,0,-1,9,2,3,-1,0,1,0,0,0,0,3,1,-1,7,2,36,7,1798,1,18,FORD FOCUS,8,E01022387,0,2
2024010538969,2024,010538969,2,9,0,5,5,1,5,0,0,8,0,0,0,0,3,1,2,2,2,65,9,1596,1,22,FORD FOCUS,8,E01000419,0,1
2024440329296,2024,440329296,1,9,0,18,19,8,4,0,0,1,0,0,0,0,1,1,6,6,3,-1,-1,2521,1,17,FORD FOCUS,-1,-1,0,-1
2024451500307,2024,451500307,2,9,0,-1,19,3,7,-1,0,1,0,0,0,0,1,1,-1,9,1,26,6,1999,1,8,FORD FOCUS,8,E01030556,0,2
2024991435234,2024,991435234,1,9,0,-1,19,5,2,-1,0,6,0,0,0,0,1,1,-1,6,2,55,8,999,1,10,FORD FOCUS,8,-1,0,1
2024161451644,2024,161451644,2,9,0,-1,19,2,6,-1,0,0,0,0,0,0,1,1,-1,9,2,36,7,1560,2,15,FORD FOCUS,4,E01013079,0,4
2024471431322,2024,471431322,2,9,0,-1,9,8,4,-1,0,5,0,0,1,0,4,1,-1,9,1,75,10,1560,2,14,FORD FOCUS,8,E01031418,0,2
2024211419053,2024,211419053,1,9,0,-1,19,7,2,-1,0,0,0,0,0,0,1,1,-1,6,1,36,7,1560,2,10,FORD FOCUS,-1,-1,0,-1
2024440368549,2024,440368549,1,9,0,4,4,7,3,0,0,0,0,0,0,0,2,1,2,2,1,40,7,999,8,0,FORD FOCUS,10,E01022974,0,4
2024461413456,2024,461413456,1,9,0,-1,9,8,4,-1,0,6,0,0,0,0,1,1,-1,2,1,22,5,999,1,5,FORD FOCUS,9,E01023999,0,4
2024010531860,2024,010531860,1,9,0,18,19,2,6,0,0,1,0,4,0,0,1,1,6,6,3,24,5,1596,1,13,FORD FOCUS,-1,-1,0,-1
2024131493385,2024,131493385,2,9,0,-1,3,6,2,-1,0,1,0,0,0,0,2,2,-1,6,2,42,7,1499,2,9,FORD FOCUS,9,E01013370,0,4
2024052401952,2024,052401952,2,9,0,18,19,3,7,0,0,0,0,10,0,0,3,1,6,6,1,50,8,998,1,10,FORD FOCUS,1,E01006599,0,1
2024991485189,2024,991485189,2,9,0,-1,19,7,3,-1,0,1,0,0,0,0,1,1,-1,6,2,51,8,999,8,1,FORD FOCUS,-1,-1,0,-1
2024552500051,2024,552500051,2,9,0,3,3,6,2,0,0,0,0,0,0,0,2,1,6,6,1,49,8,1596,1,20,FORD FOCUS,7,E01020537,0,4
2024471406849,2024,471406849,1,9,0,-1,19,5,1,-1,0,8,0,0,0,0,4,1,-1,6,2,33,6,1596,1,18,FORD FOCUS,5,E01031472,0,1
2024461519178,2024,461519178,1,9,0,-1,10,5,1,-1,0,8,0,0,0,0,1,9,-1,6,1,72,10,1596,1,13,FORD FOCUS,5,E01016034,0,1