collision_index,collision_year,collision_ref_no,vehicle_reference,vehicle_type,towing_and_articulation,vehicle_manoeuvre_historic,vehicle_manoeuvre,vehicle_direction_from,vehicle_direction_to,vehicle_location_restricted_lane_historic,vehicle_location_restricted_lane,junction_location,skidding_and_overturning,hit_object_in_carriageway,vehicle_leaving_carriageway,hit_object_off_carriageway,first_point_of_impact,vehicle_left_hand_drive,journey_purpose_of_driver_historic,journey_purpose_of_driver,sex_of_driver,age_of_driver,age_band_of_driver,engine_capacity_cc,propulsion_code,age_of_vehicle,generic_make_model,driver_imd_decile,lsoa_of_driver,escooter_flag,driver_distance_banding
2024041490898,2024,041490898,1,9,0,-1,5,3,5,-1,0,4,0,0,0,0,3,1,-1,6,1,89,11,1498,1,7,FORD FOCUS,10,E01025454,0,1
2024070845111,2024,070845111,1,9,0,-1,4,1,3,-1,0,6,0,0,0,0,2,1,-1,6,1,79,11,1499,2,6,FORD FOCUS,6,E01012401,0,1
2024131466607,2024,131466607,1,9,0,-1,19,5,1,-1,0,8,0,0,0,0,4,1,-1,9,1,61,9,1995,2,4,FORD FOCUS,3,E01011776,0,3
2024461403332,2024,461403332,1,9,0,-1,19,2,6,-1,0,1,0,0,0,0,4,9,-1,6,1,24,5,1596,1,12,FORD FOCUS,1,E01024612,0,1
2024061398377,2024,061398377,1,9,0,-1,19,3,7,-1,0,1,0,0,0,0,1,9,-1,6,2,48,8,1499,2,8,FORD FOCUS,2,E01005890,0,1
2024122400454,2024,122400454,1,9,0,18,19,7,3,0,0,4,0,0,0,0,0,1,6,6,1,39,7,1560,2,11,FORD FOCUS,2,E01027850,0,1
2024010547631,2024,010547631,1,9,0,18,19,3,7,0,0,8,0,0,0,0,2,1,6,6,1,44,7,998,1,12,FORD FOCUS,3,E01002550,0,1
2024161429599,2024,161429599,2,9,0,-1,5,6,2,-1,0,6,0,0,0,0,1,9,-1,6,3,-1,-1,1560,2,11,FORD FOCUS,-1,-1,0,-1
2024451486151,2024,451486151,1,9,0,-1,19,6,2,-1,0,0,0,0,0,0,1,1,-1,2,1,51,8,998,1,10,FORD FOCUS,5,E01016233,0,3
2024122400359,2024,122400359,1,9,0,18,19,1,5,0,0,1,0,0,0,0,1,1,6,6,2,48,8,1560,2,10,FORD FOCUS,2,E01013444,0,3
2024421439690,2024,421439690,2,9,0,-1,19,6,6,-1,0,0,0,0,0,0,2,1,-1,9,1,21,5,998,1,10,FORD FOCUS,2,E01034366,0,3
2024101516116,2024,101516116,2,9,-1,-1,19,3,7,-1,0,0,0,0,0,0,3,9,-1,2,1,48,8,999,1,6,FORD FOCUS,3,E01008809,0,1
2024061406567,2024,061406567,1,9,0,-1,19,5,8,-1,0,2,0,0,3,0,4,1,-1,9,2,20,4,999,1,6,FORD FOCUS,3,E01005286,0,1
2024010507050,2024,010507050,1,9,0,9,9,7,5,0,0,8,0,0,0,0,1,1,6,6,2,31,6,1596,1,13,FORD FOCUS,4,E01003178,0,2
2024010512300,2024,010512300,2,9,0,18,19,1,5,0,0,8,0,0,0,0,1,1,6,6,2,26,6,1596,1,20,FORD FOCUS,4,E01003998,0,1
2024451396079,2024,451396079,1,9,0,-1,19,1,5,-1,0,1,0,0,1,1,1,1,-1,9,2,74,10,999,1,7,FORD FOCUS,10,E01030873,0,1
2024010539444,2024,010539444,2,9,0,99,99,9,9,99,99,9,9,99,9,99,9,9,6,6,3,-1,-1,999,1,9,FORD FOCUS,-1,-1,0,-1
2024070405417,2024,070405417,1,9,0,9,9,8,6,0,0,6,0,0,0,0,3,1,6,6,2,30,6,1596,1,10,FORD FOCUS,3,E01018548,0,1
2024440194116,2024,440194116,1,9,0,3,3,1,5,0,0,1,0,0,0,0,2,1,6,6,2,45,7,999,1,8,FORD FOCUS,8,E01023050,0,1
2024320594723,2024,320594723,1,9,0,-1,-1,2,6,0,0,0,0,0,0,0,1,1,6,6,3,-1,-1,1798,1,17,FORD FOCUS,-1,-1,0,-1
2024070082093,2024,070082093,1,9,0,13,13,7,3,0,0,0,0,0,0,0,1,1,6,6,1,37,7,1999,1,10,FORD FOCUS,9,E01018737,0,2
2024622400389,2024,622400389,1,9,0,18,19,1,5,0,0,8,0,0,0,0,3,1,6,6,2,47,8,999,1,1,FORD FOCUS,4,W01001148,0,1
2024070558065,2024,070558065,2,9,0,17,19,2,6,0,0,1,0,0,0,0,4,1,2,2,1,41,7,1596,1,9,FORD FOCUS,5,E01018689,0,2
2024161423397,2024,161423397,1,9,0,-1,19,7,3,-1,0,2,0,0,1,10,1,1,-1,1,1,72,10,1499,2,8,FORD FOCUS,2,E01012886,0,1
2024631421268,2024,631421268,2,9,0,-1,19,5,1,-1,0,8,0,0,0,0,3,1,-1,2,2,49,8,1560,2,11,FORD FOCUS,5,W01000566,0,1
2024361530224,2024,361530224,2,9,0,-1,19,8,6,-1,0,8,0,0,1,1,1,1,-1,9,1,28,6,1560,2,10,FORD FOCUS,5,E01026728,0,3
2024471397401,2024,471397401,2,9,0,-1,2,0,0,-1,0,2,0,0,7,10,1,1,-1,6,-1,-1,-1,998,1,11,FORD FOCUS,-1,-1,0,-1
2024361394467,2024,361394467,1,9,0,-1,9,6,3,-1,0,8,0,0,0,0,1,1,-1,6,1,44,7,1560,2,10,FORD FOCUS,7,E01026754,0,1
2024520403018,2024,520403018,2,9,0,4,4,8,4,0,0,0,0,0,0,0,2,1,6,6,1,63,9,1999,1,10,FORD FOCUS,5,E01029324,0,1
2024041484300,2024,041484300,1,9,0,-1,9,2,1,-1,0,2,0,0,0,0,1,1,-1,9,1,76,11,1596,1,11,FORD FOCUS,6,E01025562,0,1
2024010524069,2024,010524069,1,9,0,99,99,9,9,99,99,9,9,99,9,99,9,9,6,6,1,23,5,1596,1,10,FORD FOCUS,7,E01001678,0,1
2024010516326,2024,010516326,1,9,0,4,4,3,7,0,0,0,1,0,0,0,2,1,6,6,1,22,5,1499,2,3,FORD FOCUS,7,E01029735,0,5
2024052401721,2024,052401721,1,9,0,9,9,7,5,0,0,8,0,0,0,0,1,1,6,6,2,34,6,1997,2,9,FORD FOCUS,2,E01007205,0,1
2024501432984,2024,501432984,2,9,0,-1,9,1,3,-1,0,8,0,0,0,0,1,1,-1,2,1,60,9,1596,1,12,FORD FOCUS,4,E01020288,0,2
2024471451584,2024,471451584,1,9,0,-1,19,-1,-1,-1,9,0,1,12,7,4,1,1,-1,9,1,33,6,1596,1,17,FORD FOCUS,7,E01004159,0,4
2024991518224,2024,991518224,1,9,0,-1,9,8,6,-1,0,8,0,0,0,0,1,1,-1,2,1,34,6,1499,2,8,FORD FOCUS,2,-1,0,1
2024010526878,2024,010526878,1,9,0,18,19,7,3,0,0,8,0,0,0,0,1,1,6,6,1,37,7,999,1,1,FORD FOCUS,3,E01004679,0,1
2024991400057,2024,991400057,1,9,0,-1,19,3,7,-1,0,0,0,0,7,11,1,1,-1,2,1,43,7,1988,1,22,FORD FOCUS,4,-1,0,3
2024501458590,2024,501458590,1,9,0,-1,19,1,5,-1,0,0,0,0,0,0,1,1,-1,6,1,28,6,1560,2,17,FORD FOCUS,4,E01020123,0,3
2024440027527,2024,440027527,2,9,0,18,19,4,8,0,0,4,0,0,7,1,4,1,6,6,1,18,4,999,1,7,FORD FOCUS,2,E01017253,0,1
2024131486121,2024,131486121,1,9,0,-1,19,6,2,-1,0,0,1,0,0,0,4,1,-1,9,1,37,7,1596,1,18,FORD FOCUS,1,E01011292,0,1
2024122500425,2024,122500425,1,9,0,18,19,8,3,0,0,8,0,0,0,0,1,1,6,6,2,37,7,1997,2,15,FORD FOCUS,1,E01012114,0,2
2024131405047,2024,131405047,1,9,0,-1,6,3,3,-1,0,1,0,0,0,0,4,1,-1,9,2,55,8,999,1,9,FORD FOCUS,7,E01011878,0,1
2024031464097,2024,031464097,2,9,0,-1,19,7,3,-1,0,0,5,0,0,0,1,9,-1,9,1,24,5,999,1,8,FORD FOCUS,7,E01019397,0,2
2024361497959,2024,361497959,1,9,0,-1,5,2,6,-1,0,6,0,0,0,0,1,1,-1,6,2,41,7,1596,1,17,FORD FOCUS,7,E01026469,0,1
2024311441602,2024,311441602,1,9,0,-1,19,1,5,-1,0,0,1,7,0,0,3,1,-1,6,1,37,7,999,1,7,FORD FOCUS,10,E01028139,0,3
2024461428757,2024,461428757,2,9,0,-1,4,3,7,-1,0,0,0,0,0,0,1,1,-1,1,1,27,6,999,1,1,FORD FOCUS,6,E01024410,0,3
2024991478220,2024,991478220,1,9,0,-1,19,5,1,-1,0,0,0,0,0,0,0,1,-1,9,1,25,5,1999,1,11,FORD FOCUS,4,-1,0,3
2024440462434,2024,440462434,2,9,0,18,19,7,2,0,0,0,0,0,0,0,2,1,6,6,1,39,7,1499,2,6,FORD FOCUS,5,E01035459,0,3
2024471498068,2024,471498068,2,9,0,-1,19,8,4,-1,0,1,0,0,1,0,1,1,-1,6,1,32,6,1596,1,16,FORD FOCUS,3,E01003656,0,4
2024201463539,2024,201463539,1,9,0,-1,19,2,6,-1,0,0,0,0,0,0,1,9,-1,6,1,30,6,1596,1,20,FORD FOCUS,-1,-1,0,-1
2024201431639,2024,201431639,2,9,0,-1,19,6,2,-1,0,8,0,0,0,0,1,9,-1,9,1,45,7,1596,1,22,FORD FOCUS,7,E01010034,0,1
2024161527607,2024,161527607,3,9,0,-1,19,5,1,-1,0,0,0,0,0,0,2,1,-1,6,1,25,5,1499,2,9,FORD FOCUS,6,E01012961,0,2
2024010530751,2024,010530751,1,9,0,9,9,3,1,0,0,5,0,0,0,0,1,1,6,6,2,20,4,998,1,11,FORD FOCUS,-1,-1,0,-1
2024201513489,2024,201513489,4,9,0,-1,2,0,0,-1,9,0,0,0,0,0,3,1,-1,6,-1,-1,-1,998,1,12,FORD FOCUS,-1,-1,0,-1
2024131517233,2024,131517233,1,9,0,-1,19,1,1,-1,0,8,0,0,0,0,1,1,-1,9,2,40,7,1498,1,7,FORD FOCUS,2,E01011061,0,1
2024101514940,2024,101514940,1,9,0,-1,5,2,6,-1,0,4,0,0,0,0,3,1,-1,6,2,33,6,999,1,5,FORD FOCUS,4,E01008679,0,1
2024010525078,2024,010525078,2,9,0,99,99,9,9,99,99,6,9,99,9,99,1,9,6,6,2,24,5,1596,1,13,FORD FOCUS,6,E01017212,0,5
2024461453446,2024,461453446,1,9,0,-1,13,7,4,-1,0,1,0,0,8,0,3,1,-1,6,1,38,7,1596,1,12,FORD FOCUS,5,E01024544,0,4
2024141526328,2024,141526328,1,9,0,-1,19,8,4,-1,0,0,0,0,0,0,3,1,-1,6,1,31,6,1560,2,12,FORD FOCUS,2,E01007697,0,2
2024041473077,2024,041473077,2,9,0,-1,2,3,7,-1,0,0,1,0,0,0,3,2,-1,9,1,47,8,1499,2,8,FORD FOCUS,10,E01025410,0,1
2024010504158,2024,010504158,1,9,0,12,12,3,7,0,0,0,0,0,0,0,3,1,6,6,2,24,5,1596,1,17,FORD FOCUS,2,E01003335,0,2
2024340NN0612,2024,340NN0612,2,9,0,-1,19,3,7,-1,0,8,0,0,0,0,1,1,-1,2,1,32,6,1560,2,13,FORD FOCUS,3,E01027058,0,1
2024141515816,2024,141515816,3,9,0,-1,19,4,7,-1,0,0,0,0,0,0,1,1,-1,9,1,80,11,1596,1,13,FORD FOCUS,2,E01008101,0,4
2024401401630,2024,401401630,2,9,0,-1,4,1,5,-1,0,0,0,0,0,0,2,9,-1,1,2,41,7,1499,2,5,FORD FOCUS,2,E01017509,0,3
2024991445929,2024,991445929,2,9,0,-1,19,5,1,-1,0,8,0,0,0,0,1,1,-1,6,2,18,4,999,1,3,FORD FOCUS,-1,-1,0,-1
2024401414581,2024,401414581,1,9,0,-1,5,3,1,-1,0,4,0,0,0,0,3,1,-1,9,1,39,7,1560,2,13,FORD FOCUS,4,E01015776,0,1
2024351485001,2024,351485001,1,9,0,-1,19,-1,-1,-1,0,8,0,0,0,0,1,1,-1,6,1,81,11,1560,2,12,FORD FOCUS,1,E01027318,0,4
2024141527714,2024,141527714,2,9,0,-1,9,6,3,-1,0,1,0,0,0,0,2,1,-1,9,2,30,6,1499,2,8,FORD FOCUS,1,E01007543,0,1
2024161484151,2024,161484151,1,9,0,-1,19,2,6,-1,0,1,1,0,1,0,1,9,-1,6,1,22,5,1560,2,12,FORD FOCUS,9,E01012974,0,2
2024520401876,2024,520401876,2,9,0,6,6,2,2,8,6,0,0,0,0,0,1,1,6,6,1,64,9,1596,1,20,FORD FOCUS,9,E01024244,0,5
2024201482804,2024,201482804,1,9,0,-1,19,2,6,-1,0,2,0,0,0,0,3,9,-1,6,1,23,5,1999,1,9,FORD FOCUS,-1,-1,0,-1
2024320489369,2024,320489369,1,9,0,-1,-1,7,3,0,0,1,0,0,0,0,1,1,-1,-1,1,30,6,1999,1,11,FORD FOCUS,-1,-1,0,-1
2024461477478,2024,461477478,1,9,0,-1,19,1,6,-1,0,0,0,0,0,0,1,1,-1,9,2,28,6,1499,2,7,FORD FOCUS,3,E01033092,0,1
2024052401589,2024,052401589,1,9,0,18,19,3,7,0,0,1,0,0,0,0,1,1,6,6,2,32,6,1596,1,20,FORD FOCUS,1,E01006445,0,1
2024461431240,2024,461431240,2,9,0,-1,3,1,6,-1,0,0,0,0,0,0,2,1,-1,9,1,31,6,1997,2,8,FORD FOCUS,3,E01024001,0,2
2024361431886,2024,361431886,1,9,0,-1,5,2,5,-1,0,4,0,0,0,0,1,1,-1,1,1,51,8,999,1,7,FORD FOCUS,10,E01035141,0,1
2024461428114,2024,461428114,2,9,0,-1,19,7,3,-1,0,0,0,0,0,0,2,9,-1,9,2,40,7,999,1,8,FORD FOCUS,1,E01024657,0,4
2024430232904,2024,430232904,1,9,0,17,19,2,7,0,0,0,0,0,0,0,1,1,6,6,1,26,6,1796,1,24,FORD FOCUS,7,E01028690,0,3
2024421525024,2024,421525024,1,9,0,-1,-1,-1,-1,-1,-1,0,-1,-1,-1,0,-1,9,-1,6,1,25,5,1596,1,15,FORD FOCUS,4,E01021427,0,4
2024461440198,2024,461440198,1,9,0,-1,4,3,7,-1,0,0,0,0,0,0,1,9,-1,6,2,59,9,1596,1,15,FORD FOCUS,5,E01016135,0,1
2024371520895,2024,371520895,2,9,0,-1,19,7,3,-1,0,0,1,0,1,0,3,1,-1,9,2,55,8,1798,1,14,FORD FOCUS,9,E01030145,0,1
2024010518725,2024,010518725,3,9,0,9,9,5,2,0,0,1,0,0,0,0,1,1,6,6,2,23,5,999,1,7,FORD FOCUS,6,E01033064,0,1
2024361418504,2024,361418504,2,9,0,-1,5,5,1,-1,9,0,0,0,0,0,1,1,-1,7,2,36,7,1560,2,11,FORD FOCUS,1,E01026869,0,1
2024122400996,2024,122400996,2,9,0,18,19,4,8,0,0,0,0,10,1,11,4,1,6,6,1,35,6,1560,2,11,FORD FOCUS,7,E01010860,0,4
2024622400553,2024,622400553,1,9,0,18,19,1,5,0,0,0,0,0,7,4,3,1,6,6,1,43,7,998,1,10,FORD FOCUS,3,W01001043,0,1
2024461410954,2024,461410954,2,9,0,-1,19,1,5,-1,0,8,0,0,0,0,4,1,-1,9,1,40,7,1596,1,20,FORD FOCUS,4,E01024262,0,1
2024311461890,2024,311461890,1,9,0,-1,5,1,5,-1,5,6,0,0,0,0,1,9,-1,9,3,53,8,1560,2,13,FORD FOCUS,-1,-1,0,-1
2024101486586,2024,101486586,1,9,0,-1,19,5,1,-1,0,3,0,0,3,0,1,1,-1,9,1,47,8,1560,2,12,FORD FOCUS,-1,-1,0,-1
2024421440951,2024,421440951,1,9,0,-1,19,5,5,-1,0,1,0,0,0,0,1,1,-1,9,1,28,6,998,1,12,FORD FOCUS,7,E01021737,0,2
2024010526063,2024,010526063,2,9,0,18,19,5,1,0,0,1,0,0,0,0,0,1,1,1,1,24,5,1496,1,3,FORD FOCUS,-1,-1,0,-1
2024430045774,2024,430045774,2,9,0,18,19,4,8,0,0,8,0,0,0,0,1,1,6,6,2,33,6,1596,1,21,FORD FOCUS,10,E01017871,0,1
2024351527762,2024,351527762,2,9,0,-1,3,5,1,-1,0,0,0,0,0,0,1,1,-1,6,2,23,5,1798,1,16,FORD FOCUS,9,E01018240,0,1
2024311463439,2024,311463439,1,9,0,-1,10,1,5,-1,0,1,0,0,0,0,3,1,-1,9,1,68,10,999,1,6,FORD FOCUS,5,E01027943,0,1
2024461532303,2024,461532303,1,9,0,-1,19,5,1,-1,0,0,0,0,0,0,1,1,-1,9,1,48,8,1798,1,14,FORD FOCUS,4,E01024204,0,4
2024010500169,2024,010500169,1,9,0,2,2,0,0,9,9,0,0,7,1,0,1,1,6,6,3,-1,-1,1498,1,7,FORD FOCUS,-1,-1,0,-1
2024332401059,2024,332401059,1,9,0,-1,9,3,1,-1,0,6,0,0,0,0,1,1,-1,6,1,37,7,998,1,10,FORD FOCUS,5,E01013671,0,1
2024451527259,2024,451527259,2,9,0,-1,2,0,0,-1,9,0,0,0,1,0,1,1,-1,6,-1,-1,-1,1499,2,9,FORD FOCUS,-1,-1,0,-1
2024320278984,2024,320278984,2,9,0,4,4,8,4,0,0,0,0,0,1,0,2,1,-1,-1,2,28,6,1798,1,14,FORD FOCUS,2,E01028029,0,5
2024010545258,2024,010545258,2,9,0,9,9,7,5,0,0,2,1,0,0,0,4,1,6,6,2,33,6,1596,1,17,FORD FOCUS,1,E01015887,0,4
2024010508060,2024,010508060,2,9,0,99,99,9,9,99,99,9,9,99,9,99,1,9,6,6,3,-1,-1,1499,2,8,FORD FOCUS,-1,-1,0,-1
2024201452615,2024,201452615,1,9,0,-1,7,6,3,-1,0,6,0,0,0,0,4,9,-1,6,2,43,7,998,1,10,FORD FOCUS,1,E01009053,0,1
2024311430042,2024,311430042,2,9,0,-1,14,2,6,-1,0,0,0,0,0,0,-1,1,-1,6,2,67,10,1560,2,13,FORD FOCUS,-1,-1,0,-1
2024302500126,2024,302500126,1,9,0,-1,7,6,8,-1,0,8,0,0,0,0,1,1,-1,9,1,22,5,998,1,11,FORD FOCUS,2,E01019842,0,1
2024070676820,2024,070676820,1,9,0,15,15,6,2,0,0,1,0,0,0,0,3,1,6,6,1,-1,-1,999,1,8,FORD FOCUS,3,E01018731,0,1
2024421513989,2024,421513989,3,9,0,-1,19,3,7,-1,0,0,0,0,0,0,1,1,-1,9,1,43,7,1499,2,5,FORD FOCUS,4,E01021310,0,2
2024311425966,2024,311425966,1,9,0,-1,19,2,6,-1,0,0,1,4,1,0,1,1,-1,9,1,81,11,1796,1,20,FORD FOCUS,2,E01013870,0,1
2024302401158,2024,302401158,2,9,0,18,19,6,3,0,0,8,0,0,0,0,1,1,6,6,2,48,8,1596,1,17,FORD FOCUS,8,E01019755,0,1
2024430089857,2024,430089857,1,9,0,7,7,7,1,0,0,1,1,0,0,0,1,1,6,6,1,47,8,1999,1,6,FORD FOCUS,-1,-1,0,-1
2024421497979,2024,421497979,1,9,0,-1,19,4,8,-1,0,4,0,0,0,0,1,1,-1,9,1,45,7,999,8,0,FORD FOCUS,7,E01021910,0,2
2024161490253,2024,161490253,2,9,9,-1,4,3,7,-1,0,0,0,99,0,0,1,1,-1,6,1,-1,-1,999,1,9,FORD FOCUS,7,E01012794,0,1
2024201563657,2024,201563657,1,9,0,-1,19,5,7,-1,0,1,0,0,0,0,3,1,-1,6,2,48,8,999,1,4,FORD FOCUS,-1,-1,0,-1
2024010497713,2024,010497713,1,9,0,99,99,9,9,99,99,0,9,99,9,99,1,9,6,6,3,-1,-1,998,1,12,FORD FOCUS,1,E01002280,0,1
2024010521906,2024,010521906,2,9,0,99,99,9,9,99,99,9,9,99,9,99,1,9,6,6,3,-1,-1,998,1,11,FORD FOCUS,-1,-1,0,-1
2024070670585,2024,070670585,2,9,0,-1,-1,2,6,0,0,6,0,0,0,0,1,1,6,6,2,48,8,1596,1,23,FORD FOCUS,8,E01018510,0,1
2024010539449,2024,010539449,1,9,0,9,9,1,6,0,0,8,0,0,0,0,4,1,6,6,1,27,6,2261,1,8,FORD FOCUS,5,W01000528,0,5
2024131411790,2024,131411790,2,9,0,-1,2,0,0,-1,0,8,0,0,0,0,3,1,-1,6,-1,-1,-1,1499,2,7,FORD FOCUS,-1,-1,0,-1
2024302401532,2024,302401532,2,9,0,10,10,7,5,0,0,1,0,0,0,0,1,1,3,7,2,44,7,1499,2,4,FORD FOCUS,2,E01019523,0,3
2024451410842,2024,451410842,2,9,0,-1,19,3,7,-1,0,1,0,0,0,0,4,1,-1,9,1,44,7,999,1,6,FORD FOCUS,5,E01030569,0,2
2024340WN1302,2024,340WN1302,2,9,0,-1,2,0,0,-1,0,0,0,0,0,0,1,1,-1,6,2,45,7,1596,1,20,FORD FOCUS,2,E01027155,0,1
2024991484365,2024,991484365,1,9,0,-1,7,4,6,-1,0,0,0,0,0,0,4,1,-1,6,2,34,6,1596,1,15,FORD FOCUS,3,-1,0,1
2024201440984,2024,201440984,1,9,0,-1,12,1,5,-1,0,0,0,0,0,0,1,9,-1,9,1,41,7,998,1,10,FORD FOCUS,1,E01008913,0,1
2024052400260,2024,052400260,1,9,0,18,19,2,6,0,0,1,0,0,0,0,1,1,2,2,1,61,9,1596,1,15,FORD FOCUS,1,E01006460,0,1
2024991502805,2024,991502805,5,9,0,-1,2,1,1,-1,0,0,0,0,0,0,2,9,-1,6,-1,-1,-1,1997,2,15,FORD FOCUS,-1,-1,0,-1
2024991450075,2024,991450075,1,9,0,-1,19,2,6,-1,0,0,2,0,2,0,1,1,-1,2,1,18,4,1596,1,18,FORD FOCUS,10,-1,0,1
2024421401891,2024,421401891,1,9,0,-1,19,3,7,-1,0,0,0,0,0,0,1,9,-1,6,3,-1,-1,1596,1,18,FORD FOCUS,-1,-1,0,-1
2024041516611,2024,041516611,2,9,0,-1,9,5,1,-1,0,8,0,0,1,0,2,1,-1,6,1,52,8,1498,1,7,FORD FOCUS,5,E01012667,0,1
2024430491482,2024,430491482,2,9,0,3,3,6,2,0,0,0,0,0,0,0,2,1,6,6,1,79,11,999,1,9,FORD FOCUS,4,E01032555,0,2
2024141459281,2024,141459281,1,9,0,-1,19,4,8,-1,0,0,0,0,0,0,3,1,-1,6,1,29,6,1499,2,9,FORD FOCUS,2,E01019571,0,4
2024010527493,2024,010527493,2,9,0,18,19,3,7,0,0,1,0,0,0,0,1,1,6,6,2,32,6,998,1,12,FORD FOCUS,3,E01002595,0,1
2024440165824,2024,440165824,2,9,0,2,2,0,0,0,0,0,0,0,0,0,3,1,6,6,3,-1,-1,1596,1,12,FORD FOCUS,-1,-1,0,-1
2024522401334,2024,522401334,1,9,0,9,9,6,4,0,0,8,0,0,1,10,3,1,6,6,1,42,7,1560,2,10,FORD FOCUS,8,E01032021,0,4
2024101450787,2024,101450787,1,9,0,-1,19,6,2,-1,0,0,1,0,8,0,1,1,-1,9,1,19,4,1499,2,8,FORD FOCUS,7,E01027450,0,3
2024131463699,2024,131463699,5,9,0,-1,4,7,3,-1,0,0,0,0,0,0,3,1,-1,6,2,43,7,1560,2,19,FORD FOCUS,1,E01033691,0,3
2024010503643,2024,010503643,1,9,0,9,9,7,5,0,0,2,0,0,0,0,1,1,6,6,1,55,8,1560,2,9,FORD FOCUS,4,E01034985,0,4
2024211472938,2024,211472938,3,9,0,-1,2,0,0,-1,9,2,0,0,0,0,1,1,-1,6,1,24,5,2521,1,16,FORD FOCUS,3,E01014296,0,1
2024031486935,2024,031486935,2,9,0,-1,5,1,5,-1,0,1,0,0,0,0,4,1,-1,9,1,34,6,999,1,7,FORD FOCUS,5,E01019292,0,2
2024991499983,2024,991499983,1,9,0,-1,19,8,3,-1,0,0,0,0,0,0,1,1,-1,9,1,63,9,999,8,0,FORD FOCUS,7,-1,0,2
2024131435335,2024,131435335,3,9,0,-1,2,0,0,-1,0,0,0,0,0,0,2,1,-1,6,-1,-1,-1,1560,2,10,FORD FOCUS,-1,-1,0,-1
2024231494839,2024,231494839,3,9,0,-1,10,1,7,-1,0,6,0,0,0,0,1,9,-1,9,2,54,8,1499,2,8,FORD FOCUS,5,E01009654,0,1
2024131530643,2024,131530643,3,9,0,-1,19,7,3,-1,0,0,0,0,0,0,2,1,-1,2,1,47,8,1499,2,7,FORD FOCUS,1,E01034232,0,3
2024311467848,2024,311467848,1,9,0,-1,13,8,5,-1,0,0,2,10,1,11,1,1,-1,6,1,40,7,1596,1,18,FORD FOCUS,1,E01028247,0,2
2024221504473,2024,221504473,1,9,0,-1,5,1,5,-1,0,4,0,0,0,0,1,1,-1,2,1,19,4,1499,2,9,FORD FOCUS,4,E01008888,0,3
2024411526098,2024,411526098,1,9,0,-1,19,3,5,-1,0,5,0,0,1,0,1,1,-1,6,1,42,7,1596,1,18,FORD FOCUS,-1,-1,0,-1
2024101458880,2024,101458880,2,9,0,-1,12,5,1,-1,0,0,0,0,0,0,2,1,-1,6,1,35,6,1596,1,11,FORD FOCUS,-1,-1,0,-1
2024061521355,2024,061521355,1,9,0,-1,19,-1,-1,-1,0,0,0,0,0,0,3,1,-1,6,1,46,8,1498,1,9,FORD FOCUS,1,E01005142,0,1
2024548677124,2024,548677124,2,9,0,5,5,6,2,0,0,4,0,0,0,0,1,1,2,2,1,55,8,1997,2,12,FORD FOCUS,10,E01014885,0,4
2024552400186,2024,552400186,1,9,0,18,19,8,4,6,6,0,5,0,8,11,3,1,6,6,1,29,6,1999,1,19,FORD FOCUS,6,E01020045,0,4
2024371512508,2024,371512508,2,9,0,-1,19,5,1,-1,0,0,0,0,7,0,4,1,-1,6,1,40,7,1560,2,11,FORD FOCUS,1,E01026626,0,4
2024201499826,2024,201499826,2,9,0,-1,19,5,1,-1,0,0,0,0,0,0,1,2,-1,6,1,38,7,1560,2,12,FORD FOCUS,8,E01009686,0,1
2024461530357,2024,461530357,1,9,0,-1,19,3,7,-1,0,0,0,0,0,0,1,1,-1,6,2,40,7,1499,2,4,FORD FOCUS,-1,-1,0,-1
2024141473805,2024,141473805,2,9,0,-1,19,3,7,-1,0,0,0,0,0,0,1,1,-1,6,2,31,6,1596,1,20,FORD FOCUS,1,E01007549,0,1
2024010515293,2024,010515293,1,9,0,18,19,7,3,0,0,3,5,10,1,4,0,1,6,6,1,23,5,999,1,8,FORD FOCUS,-1,-1,0,-1
2024451472582,2024,451472582,2,9,0,-1,19,3,7,-1,0,1,0,0,0,0,1,1,-1,9,1,32,6,1596,1,14,FORD FOCUS,9,E01001121,0,1
2024401509474,2024,401509474,1,9,0,-1,19,7,3,-1,0,0,0,0,0,0,1,2,-1,6,1,48,8,1596,1,15,FORD FOCUS,8,E01033191,0,1
2024411423542,2024,411423542,5,9,0,-1,2,0,0,-1,0,2,0,0,0,0,1,1,-1,6,-1,-1,-1,1798,1,16,FORD FOCUS,-1,-1,0,-1
2024122400606,2024,122400606,1,9,0,18,19,3,7,0,0,8,0,0,0,0,4,1,6,6,1,37,7,1596,1,17,FORD FOCUS,5,E01027835,0,4
2024501488465,2024,501488465,3,9,0,-1,2,0,0,-1,0,1,0,0,0,0,2,1,-1,6,2,45,7,1560,2,14,FORD FOCUS,3,E01018869,0,2
2024041457668,2024,041457668,2,9,0,-1,19,1,5,-1,0,1,0,0,0,0,1,1,-1,2,2,20,4,998,1,12,FORD FOCUS,4,E01012664,0,1
2024320476355,2024,320476355,1,9,0,-1,-1,4,8,0,0,8,0,0,0,0,1,1,-1,-1,2,36,7,1596,1,17,FORD FOCUS,10,E01026189,0,1
2024501515526,2024,501515526,1,9,0,-1,19,5,1,-1,0,0,0,0,0,0,3,1,-1,6,2,51,8,1798,1,15,FORD FOCUS,4,E01018994,0,1