collision_index,collision_year,collision_ref_no,vehicle_reference,vehicle_type,towing_and_articulation,vehicle_manoeuvre_historic,vehicle_manoeuvre,vehicle_direction_from,vehicle_direction_to,vehicle_location_restricted_lane_historic,vehicle_location_restricted_lane,junction_location,skidding_and_overturning,hit_object_in_carriageway,vehicle_leaving_carriageway,hit_object_off_carriageway,first_point_of_impact,vehicle_left_hand_drive,journey_purpose_of_driver_historic,journey_purpose_of_driver,sex_of_driver,age_of_driver,age_band_of_driver,engine_capacity_cc,propulsion_code,age_of_vehicle,generic_make_model,driver_imd_decile,lsoa_of_driver,escooter_flag,driver_distance_banding
2024631458949,2024,631458949,1,9,0,-1,19,2,8,-1,0,0,0,0,1,11,1,1,-1,9,1,46,8,1560,2,13,FORD FOCUS,6,W01000551,0,1
2024440188040,2024,440188040,1,9,0,9,9,5,3,0,0,8,0,0,0,0,4,1,6,6,2,50,8,1999,1,18,FORD FOCUS,-1,-1,0,-1
2024070184355,2024,070184355,2,9,0,12,12,5,1,0,0,0,0,0,0,0,2,1,6,6,1,42,7,1999,1,18,FORD FOCUS,6,E01004910,0,3
2024010523166,2024,010523166,1,9,0,5,5,1,5,0,0,8,0,10,0,0,1,1,6,6,1,58,9,999,1,7,FORD FOCUS,-1,-1,0,-1
2024201505697,2024,201505697,1,9,0,-1,19,5,8,-1,0,8,0,0,0,0,3,1,-1,9,1,27,6,1596,1,13,FORD FOCUS,2,E01009997,0,2
2024010547818,2024,010547818,1,9,0,18,19,5,1,9,9,0,0,7,0,0,1,1,6,6,1,24,5,1560,2,12,FORD FOCUS,3,E01016114,0,4
2024430580178,2024,430580178,2,9,0,3,3,4,8,0,0,0,0,0,0,0,2,1,6,6,1,23,5,1499,2,4,FORD FOCUS,7,E01010121,0,4
2024211471994,2024,211471994,1,9,0,-1,19,5,5,-1,0,0,0,0,1,0,3,1,-1,6,1,46,8,1596,1,19,FORD FOCUS,-1,-1,0,-1
2024421534878,2024,421534878,2,9,0,-1,5,-1,-1,-1,0,0,0,0,0,0,2,1,-1,6,1,65,9,999,1,8,FORD FOCUS,7,E01021552,0,1
2024371533883,2024,371533883,3,9,0,-1,2,0,0,-1,9,0,0,0,0,0,2,1,-1,6,-1,-1,-1,1560,2,10,FORD FOCUS,-1,-1,0,-1
2024141393718,2024,141393718,1,9,0,-1,19,3,7,-1,0,3,1,10,0,0,4,1,-1,9,1,38,7,1995,2,2,FORD FOCUS,-1,-1,0,-1
2024131398188,2024,131398188,1,9,0,-1,19,7,7,-1,0,8,0,0,0,0,1,1,-1,9,2,27,6,1997,2,14,FORD FOCUS,1,E01010614,0,1
2024332400422,2024,332400422,1,9,0,-1,4,6,2,-1,0,0,0,0,0,0,2,1,-1,6,1,55,8,1560,2,14,FORD FOCUS,1,E01005486,0,5
2024070037852,2024,070037852,1,9,0,18,19,8,3,0,0,4,0,0,0,0,1,1,6,6,1,-1,-1,1596,1,13,FORD FOCUS,5,E01018504,0,1
2024361518774,2024,361518774,1,9,0,-1,5,5,1,-1,0,0,0,0,0,0,1,1,-1,9,1,25,5,1560,2,13,FORD FOCUS,2,E01026662,0,1
2024201467215,2024,201467215,1,9,0,-1,9,8,3,-1,0,0,0,0,0,0,1,1,-1,6,1,56,9,1596,1,21,FORD FOCUS,1,E01009957,0,1
2024471482529,2024,471482529,1,9,0,-1,19,4,8,-1,0,4,5,0,0,0,0,1,-1,9,1,44,7,1596,1,18,FORD FOCUS,4,E01031596,0,1
2024101474877,2024,101474877,2,9,0,-1,3,1,5,-1,0,0,0,0,0,0,2,1,-1,9,1,36,7,1560,2,11,FORD FOCUS,-1,-1,0,-1
2024411431887,2024,411431887,2,9,0,-1,2,0,0,-1,0,2,0,0,0,0,2,1,-1,6,-1,-1,-1,1499,2,8,FORD FOCUS,-1,-1,0,-1
2024421531588,2024,421531588,1,9,0,-1,-1,-1,-1,-1,-1,0,-1,-1,-1,0,-1,9,-1,6,1,-1,-1,1560,2,14,FORD FOCUS,-1,-1,0,-1
2024461457749,2024,461457749,2,9,0,-1,19,1,5,-1,0,0,1,0,7,0,3,1,-1,6,1,59,9,1498,1,8,FORD FOCUS,8,E01024744,0,2
2024549464224,2024,549464224,1,9,0,9,9,5,3,0,0,8,0,0,0,0,4,1,6,6,1,19,4,1596,1,13,FORD FOCUS,1,E01015542,0,1
2024201474996,2024,201474996,2,9,0,-1,9,6,4,-1,0,6,0,0,0,0,3,9,-1,6,1,31,6,1596,1,16,FORD FOCUS,6,E01010165,0,3
2024340NN4562,2024,340NN4562,1,9,0,-1,5,3,7,-1,0,1,0,0,0,0,1,1,-1,6,2,23,5,1560,2,10,FORD FOCUS,8,E01035415,0,1
2024332400012,2024,332400012,1,9,0,-1,19,4,8,-1,0,0,0,0,0,0,1,1,-1,9,2,52,8,1560,2,13,FORD FOCUS,8,E01025658,0,4
2024622400360,2024,622400360,1,9,0,16,19,4,7,0,0,0,1,0,0,0,1,1,6,6,1,34,6,1560,2,14,FORD FOCUS,4,W01001066,0,1
2024311526177,2024,311526177,2,9,0,-1,19,5,1,-1,0,0,0,0,0,0,2,1,-1,2,2,50,8,999,1,6,FORD FOCUS,-1,-1,0,-1
2024010544525,2024,010544525,4,9,0,18,19,1,5,0,0,8,0,0,0,0,1,1,6,6,1,17,4,999,1,8,FORD FOCUS,2,E01001957,0,3
2024061397707,2024,061397707,1,9,0,-1,9,3,7,-1,0,4,0,0,0,0,1,1,-1,2,1,40,7,999,1,6,FORD FOCUS,10,E01006193,0,1
2024991420420,2024,991420420,1,9,0,-1,9,8,6,-1,0,8,0,0,0,0,4,1,-1,9,1,24,5,1560,2,11,FORD FOCUS,1,-1,0,2
2024371476049,2024,371476049,1,9,0,-1,19,0,0,-1,0,1,0,11,0,0,1,1,-1,2,2,34,6,1560,2,13,FORD FOCUS,1,E01030021,0,1
2024052401380,2024,052401380,2,9,0,4,4,1,5,0,0,1,0,0,0,0,2,1,6,6,2,36,7,1560,2,14,FORD FOCUS,1,E01006699,0,1
2024361460039,2024,361460039,1,9,-1,-1,-1,8,6,-1,-1,-1,-1,-1,-1,0,-1,9,-1,6,1,28,6,998,1,12,FORD FOCUS,7,E01029899,0,4
2024201428603,2024,201428603,2,9,0,-1,19,5,1,-1,0,0,0,0,0,0,3,1,-1,9,1,26,6,998,1,12,FORD FOCUS,4,E01009226,0,2
2024440209434,2024,440209434,1,9,0,18,19,2,6,0,0,0,0,0,1,10,1,1,6,6,1,55,8,1560,2,18,FORD FOCUS,4,E01023019,0,2
2024041421149,2024,041421149,1,9,0,-1,9,5,1,-1,0,8,0,0,0,0,1,1,-1,9,1,67,10,1596,1,20,FORD FOCUS,6,E01025555,0,1
2024101508363,2024,101508363,1,9,-1,-1,19,3,6,-1,0,0,0,0,0,0,1,9,-1,6,1,19,4,1560,2,10,FORD FOCUS,2,E01027414,0,1
2024461430373,2024,461430373,1,9,0,-1,19,5,1,-1,0,0,0,0,0,0,1,9,-1,6,1,77,11,1596,1,16,FORD FOCUS,9,E01024829,0,1
2024430622488,2024,430622488,1,9,0,18,19,8,4,0,0,1,0,0,0,0,3,1,2,2,2,23,5,1596,1,15,FORD FOCUS,3,E01016449,0,1
2024501434137,2024,501434137,1,9,0,-1,19,1,5,-1,0,0,0,0,2,0,1,1,-1,9,1,72,10,1596,1,13,FORD FOCUS,5,E01020308,0,1
2024010534594,2024,010534594,1,9,0,99,99,9,9,99,99,9,9,99,9,99,9,9,6,6,2,53,8,1798,1,14,FORD FOCUS,3,E01003720,0,1
2024131486013,2024,131486013,2,9,0,-1,2,0,0,-1,0,8,0,0,0,0,1,1,-1,9,1,80,11,1753,2,21,FORD FOCUS,7,E01011768,0,1
2024010512452,2024,010512452,1,9,0,99,99,9,9,99,99,9,9,99,9,99,4,9,6,6,2,37,7,1596,1,13,FORD FOCUS,3,E01000735,0,1
2024070902037,2024,070902037,2,9,0,-1,19,1,5,-1,0,0,0,0,0,0,1,1,-1,9,1,24,5,999,1,3,FORD FOCUS,6,E01005649,0,4
2024541941724,2024,541941724,1,9,0,18,19,1,5,0,0,1,1,0,2,10,1,1,6,6,1,34,6,1596,1,15,FORD FOCUS,5,E01032065,0,1
2024052400250,2024,052400250,2,9,0,4,4,4,8,0,0,0,0,0,0,0,2,1,6,6,1,52,8,999,1,3,FORD FOCUS,5,E01033095,0,1
2024010548379,2024,010548379,1,9,0,9,9,1,7,0,0,4,0,0,0,0,1,1,6,6,2,68,10,1596,1,16,FORD FOCUS,8,E01002391,0,1
2024451432586,2024,451432586,1,9,0,-1,7,1,5,-1,0,1,9,0,7,0,3,1,-1,7,2,34,6,1596,1,12,FORD FOCUS,5,E01030971,0,1
2024111406705,2024,111406705,1,9,0,-1,4,5,1,-1,0,0,0,0,0,0,2,1,-1,6,1,82,11,1560,2,9,FORD FOCUS,3,E01020811,0,4
2024451511767,2024,451511767,1,9,0,-1,2,1,5,-1,0,0,0,99,0,0,1,1,-1,9,1,55,8,999,8,0,FORD FOCUS,9,E01030331,0,2
2024070022921,2024,070022921,2,9,0,18,19,3,7,0,0,0,0,0,1,9,3,1,2,2,1,37,7,1499,2,10,FORD FOCUS,8,E01018703,0,3
2024471481867,2024,471481867,2,9,0,-1,9,7,3,-1,0,6,0,0,0,0,1,1,-1,9,1,32,6,999,1,9,FORD FOCUS,5,E01004099,0,4
2024010502316,2024,010502316,2,9,0,9,9,6,4,0,0,8,0,0,0,0,1,1,6,6,1,18,4,999,1,7,FORD FOCUS,4,E01004495,0,1
2024041539277,2024,041539277,1,9,0,-1,19,7,3,-1,0,8,0,0,0,0,1,1,-1,1,1,23,5,1388,1,23,FORD FOCUS,2,E01025274,0,3
2024141405012,2024,141405012,1,9,0,-1,19,4,8,-1,0,0,2,0,1,0,4,1,-1,9,1,21,5,1596,1,18,FORD FOCUS,2,E01007759,0,1
2024552400543,2024,552400543,2,9,0,4,4,8,4,0,0,0,0,0,0,0,2,1,6,6,1,24,5,2521,1,17,FORD FOCUS,4,E01015303,0,2
2024041482320,2024,041482320,1,9,0,-1,11,1,5,-1,0,4,0,0,0,0,4,1,-1,1,1,39,7,999,1,7,FORD FOCUS,2,E01034261,0,5
2024041416586,2024,041416586,1,9,0,-1,19,7,3,-1,0,0,0,0,0,0,1,1,-1,9,1,38,7,1995,2,5,FORD FOCUS,8,E01034350,0,1
2024061523648,2024,061523648,2,9,0,-1,19,6,2,-1,0,0,0,0,0,0,1,1,-1,9,1,30,6,999,8,0,FORD FOCUS,2,E01006765,0,4
2024161486132,2024,161486132,3,9,0,-1,10,1,3,-1,0,1,0,0,0,0,0,1,-1,1,1,34,6,999,1,2,FORD FOCUS,2,E01012871,0,1
2024010546603,2024,010546603,2,9,0,99,99,9,9,99,99,9,9,99,9,99,1,9,6,6,3,-1,-1,1499,2,2,FORD FOCUS,-1,-1,0,-1
2024201499804,2024,201499804,2,9,0,-1,4,8,4,-1,0,0,0,0,0,0,1,9,-1,1,1,28,6,999,1,7,FORD FOCUS,-1,-1,0,-1
2024340NN4312,2024,340NN4312,2,9,0,-1,19,9,9,-1,0,8,1,10,0,0,2,1,-1,2,1,34,6,1596,1,14,FORD FOCUS,10,E01013797,0,4
2024501406519,2024,501406519,1,9,0,-1,19,4,8,-1,0,0,1,0,0,0,3,1,-1,9,2,57,9,1798,1,15,FORD FOCUS,4,E01020320,0,4
2024122400319,2024,122400319,1,9,0,7,7,7,3,0,0,1,0,0,0,0,3,1,6,6,2,53,8,1499,2,9,FORD FOCUS,1,E01027819,0,1
2024052400212,2024,052400212,1,9,0,5,5,3,7,0,0,8,0,0,0,0,1,1,3,7,1,36,7,1560,2,11,FORD FOCUS,1,E01007004,0,1
2024371566592,2024,371566592,1,9,0,-1,7,3,1,-1,0,1,0,0,0,0,1,1,-1,9,1,62,9,2521,1,16,FORD FOCUS,6,E01030194,0,1
2024010536648,2024,010536648,2,9,0,7,7,6,8,0,0,1,0,0,0,0,2,1,6,6,2,51,8,1596,1,13,FORD FOCUS,8,E01001027,0,1
2024311452264,2024,311452264,1,9,0,-1,4,5,1,-1,0,0,0,0,0,0,2,1,-1,6,2,49,8,1997,2,13,FORD FOCUS,1,E01007783,0,3
2024991441066,2024,991441066,1,9,0,-1,5,8,4,-1,0,1,0,0,3,0,1,1,-1,9,1,73,10,999,1,8,FORD FOCUS,-1,-1,0,-1
2024332401225,2024,332401225,2,9,0,-1,9,6,4,-1,0,6,0,0,0,0,3,1,-1,6,1,39,7,1596,1,14,FORD FOCUS,4,E01025742,0,2
2024161490144,2024,161490144,1,9,0,-1,19,8,4,-1,0,0,0,0,0,0,3,1,-1,6,1,66,10,1596,1,15,FORD FOCUS,8,E01013305,0,4
2024010519040,2024,010519040,2,9,0,18,19,7,3,0,0,1,0,0,0,0,4,1,6,6,2,37,7,1596,1,15,FORD FOCUS,3,E01000522,0,1
2024010548722,2024,010548722,2,9,0,9,9,1,7,0,0,8,0,0,0,0,4,1,6,6,1,32,6,1499,2,4,FORD FOCUS,8,E01032775,0,1
2024440191765,2024,440191765,1,9,0,9,9,3,1,0,0,8,0,0,0,0,4,1,2,2,1,64,9,1496,1,4,FORD FOCUS,8,E01017215,0,1
2024131497430,2024,131497430,1,9,0,-1,9,5,1,-1,0,8,0,0,0,0,1,1,-1,9,1,34,6,1560,2,11,FORD FOCUS,2,E01011918,0,1
2024371501949,2024,371501949,3,9,0,-1,2,0,0,-1,0,8,0,0,0,0,3,1,-1,9,1,84,11,1596,1,13,FORD FOCUS,5,E01030199,0,1
2024010497814,2024,010497814,2,9,0,99,99,9,9,99,99,9,9,99,9,99,9,1,6,6,3,24,5,1596,1,12,FORD FOCUS,6,E01033868,0,2
2024010532562,2024,010532562,1,9,0,18,19,1,5,0,0,0,5,4,0,0,1,1,6,6,2,30,6,1596,1,18,FORD FOCUS,-1,-1,0,-1
2024332401107,2024,332401107,1,9,0,-1,19,6,2,-1,0,0,0,0,0,0,1,1,-1,1,1,29,6,1499,2,7,FORD FOCUS,2,E01013746,0,1
2024531420464,2024,531420464,2,9,0,-1,2,0,0,-1,0,0,0,0,0,0,2,1,-1,6,-1,-1,-1,1560,2,12,FORD FOCUS,-1,-1,0,-1
2024302400253,2024,302400253,1,9,0,15,15,1,5,0,0,1,0,0,0,0,1,1,2,2,1,54,8,1499,2,1,FORD FOCUS,10,E01019756,0,1
2024421526979,2024,421526979,1,9,0,-1,19,1,5,-1,9,8,0,0,7,11,1,1,-1,6,3,20,4,1596,1,19,FORD FOCUS,-1,-1,0,-1
2024010505731,2024,010505731,2,9,0,7,7,2,3,0,0,1,0,7,1,11,4,1,6,6,1,43,7,999,1,7,FORD FOCUS,3,E01035681,0,1
2024101460285,2024,101460285,3,9,0,-1,3,7,3,-1,0,8,0,0,0,0,4,1,-1,9,1,36,7,1499,2,6,FORD FOCUS,3,E01008605,0,2
2024201425431,2024,201425431,1,9,0,-1,7,6,8,-1,0,5,0,0,0,0,1,9,-1,6,3,-1,-1,1596,1,17,FORD FOCUS,-1,-1,0,-1
2024991404827,2024,991404827,1,8,0,-1,19,1,5,-1,0,0,0,0,0,0,1,2,-1,1,1,63,9,1499,2,7,FORD FOCUS,2,-1,0,1
2024131467961,2024,131467961,1,9,0,-1,5,3,7,-1,0,8,0,0,0,0,1,1,-1,2,1,31,6,1560,2,12,FORD FOCUS,2,E01011149,0,1
2024302400625,2024,302400625,2,9,0,18,19,2,6,0,0,1,0,0,0,0,0,1,6,6,1,48,8,998,1,10,FORD FOCUS,3,E01013553,0,1
2024122400990,2024,122400990,3,9,0,18,19,1,5,0,0,1,0,0,0,0,1,1,6,6,1,39,7,1560,2,11,FORD FOCUS,4,E01034979,0,1
2024371466424,2024,371466424,2,9,0,-1,19,5,1,-1,0,0,0,0,7,0,3,1,-1,9,1,81,11,999,8,0,FORD FOCUS,6,E01030209,0,1
2024311428163,2024,311428163,2,9,0,-1,19,1,2,-1,0,0,0,0,0,0,1,1,-1,6,2,35,6,999,1,1,FORD FOCUS,-1,-1,0,-1
2024361442946,2024,361442946,1,9,0,-1,19,1,1,-1,0,8,0,0,0,0,1,1,-1,9,1,40,7,1596,1,19,FORD FOCUS,5,E01026738,0,4
2024052401387,2024,052401387,1,9,0,9,9,7,5,0,0,1,0,0,0,0,3,1,6,6,1,20,4,1596,1,15,FORD FOCUS,6,E01007246,0,1
2024131417866,2024,131417866,1,9,0,-1,19,5,1,-1,0,0,0,0,0,0,1,1,-1,9,1,82,11,1560,2,13,FORD FOCUS,4,E01011839,0,1
2024421443992,2024,421443992,2,9,0,-1,3,1,5,-1,0,1,0,0,0,0,2,1,-1,6,2,38,7,999,1,7,FORD FOCUS,4,E01015948,0,1
2024201540505,2024,201540505,3,9,0,-1,3,1,1,-1,0,1,0,0,0,0,2,1,-1,6,1,30,6,1499,2,7,FORD FOCUS,1,E01018311,0,5
2024010533904,2024,010533904,2,9,0,18,19,6,2,9,9,1,0,0,0,0,1,1,1,1,1,46,8,999,1,3,FORD FOCUS,6,E01003702,0,1
2024351406753,2024,351406753,1,9,-1,-1,-1,-1,-1,-1,0,0,-1,-1,-1,0,-1,9,-1,6,1,25,5,1499,2,7,FORD FOCUS,5,E01012803,0,5
2024311408538,2024,311408538,1,9,0,-1,3,6,2,-1,0,0,0,0,0,0,1,1,-1,6,2,64,9,1596,1,15,FORD FOCUS,9,E01013901,0,1
2024471440049,2024,471440049,1,9,0,-1,8,8,2,-1,0,0,0,0,0,0,2,1,-1,9,2,43,7,1798,1,18,FORD FOCUS,6,E01031345,0,1
2024201492093,2024,201492093,2,9,0,-1,19,6,2,-1,0,0,0,0,0,0,2,1,-1,6,2,52,8,1560,2,9,FORD FOCUS,2,E01010315,0,1
2024010514948,2024,010514948,4,9,0,18,19,8,4,0,0,1,0,0,0,0,0,1,6,6,1,26,6,1496,1,3,FORD FOCUS,-1,-1,0,-1
2024501437307,2024,501437307,1,9,0,-1,11,2,6,-1,0,0,1,0,2,7,1,1,-1,9,2,31,6,1596,1,17,FORD FOCUS,6,E01020237,0,1
2024451444262,2024,451444262,2,9,0,-1,19,1,1,-1,0,0,0,0,0,0,2,1,-1,6,3,30,6,999,1,7,FORD FOCUS,-1,-1,0,-1
2024010517593,2024,010517593,2,9,0,18,19,7,3,0,0,8,0,0,0,0,1,1,6,6,3,-1,-1,999,8,1,FORD FOCUS,-1,-1,0,-1
2024351512984,2024,351512984,2,9,0,-1,2,0,0,-1,9,0,0,0,0,0,3,9,-1,9,2,63,9,1560,2,11,FORD FOCUS,2,E01035542,0,1
2024501484479,2024,501484479,4,9,0,-1,19,3,7,-1,0,0,0,0,0,0,0,9,-1,6,2,75,10,1560,2,14,FORD FOCUS,3,E01018784,0,4
2024461498065,2024,461498065,1,9,0,-1,19,1,5,-1,0,8,0,0,0,0,1,9,-1,6,1,36,7,1596,1,15,FORD FOCUS,4,E01024841,0,1
2024010520765,2024,010520765,1,9,0,5,5,7,3,0,0,1,0,0,0,0,1,1,6,6,1,43,7,1596,1,13,FORD FOCUS,5,E01004099,0,1
2024101395563,2024,101395563,1,9,0,-1,19,5,1,-1,0,1,0,0,0,0,1,1,-1,6,1,22,5,1499,2,7,FORD FOCUS,-1,-1,0,-1
2024991485952,2024,991485952,2,9,0,-1,19,1,5,-1,0,0,0,0,0,0,2,1,-1,9,1,44,7,1499,2,9,FORD FOCUS,2,-1,0,3
2024070683733,2024,070683733,1,9,0,9,9,3,1,0,0,6,0,0,0,0,3,1,6,6,1,-1,-1,1560,2,11,FORD FOCUS,3,E01018309,0,2
2024451456602,2024,451456602,2,9,0,-1,19,3,3,-1,0,1,0,0,0,0,1,9,-1,6,1,29,6,998,1,12,FORD FOCUS,9,E01030964,0,2
2024010517149,2024,010517149,1,9,0,18,19,7,3,0,0,0,0,0,0,0,1,1,2,2,1,35,6,1596,1,20,FORD FOCUS,3,E01035285,0,3
2024161513335,2024,161513335,1,9,0,-1,2,1,5,-1,0,0,0,0,0,0,3,9,-1,9,3,-1,-1,1997,2,14,FORD FOCUS,-1,-1,0,-1
2024302401527,2024,302401527,2,9,0,18,19,2,6,0,0,8,0,0,0,0,0,1,6,6,2,50,8,999,1,2,FORD FOCUS,3,E01011314,0,4
2024991434569,2024,991434569,4,9,0,-1,2,7,3,-1,0,0,0,0,0,0,2,1,-1,6,1,48,8,1997,2,7,FORD FOCUS,-1,-1,0,-1
2024371474778,2024,371474778,3,9,0,-1,19,7,3,-1,0,0,0,0,0,0,1,1,-1,2,1,58,9,1499,2,7,FORD FOCUS,6,E01030061,0,3
2024010530585,2024,010530585,2,9,0,18,19,1,5,0,0,1,0,0,0,0,2,1,6,6,1,35,6,1596,1,16,FORD FOCUS,5,E01009948,0,5
2024610033924,2024,610033924,2,9,0,18,19,1,5,0,0,8,0,0,0,0,1,1,6,6,1,19,4,1560,2,10,FORD FOCUS,1,W01001459,0,1
2024052400442,2024,052400442,2,9,0,1,1,3,1,0,0,5,0,0,0,0,2,2,6,6,1,38,7,1560,2,9,FORD FOCUS,1,E01006690,0,1
2024131469185,2024,131469185,2,9,0,-1,10,8,5,-1,0,8,0,0,0,0,2,1,-1,9,1,60,9,1499,2,9,FORD FOCUS,5,E01010581,0,2
2024421503730,2024,421503730,1,9,0,-1,19,7,3,-1,0,4,0,0,0,0,1,1,-1,1,1,32,6,999,1,5,FORD FOCUS,-1,-1,0,-1
2024010520555,2024,010520555,1,9,0,9,9,3,1,0,0,5,0,0,0,0,1,1,6,6,1,29,6,1596,1,16,FORD FOCUS,2,E01000526,0,1
2024421535734,2024,421535734,1,9,0,-1,19,7,3,-1,0,0,2,10,1,10,1,1,-1,6,1,41,7,1596,1,11,FORD FOCUS,8,E01035179,0,1
2024501399041,2024,501399041,2,9,0,-1,9,5,3,-1,0,8,0,0,0,0,1,1,-1,9,2,73,10,1596,1,11,FORD FOCUS,4,E01018965,0,2
2024371410922,2024,371410922,2,9,0,-1,10,7,5,-1,0,1,1,0,0,0,2,1,-1,9,2,45,7,1596,1,20,FORD FOCUS,6,E01033317,0,2
2024010501031,2024,010501031,2,9,0,18,19,7,3,0,0,1,0,0,0,0,1,1,6,6,3,-1,-1,1596,1,19,FORD FOCUS,-1,-1,0,-1
2024421430092,2024,421430092,2,9,0,-1,2,0,0,-1,0,0,0,4,0,0,3,1,-1,6,-1,-1,-1,1560,2,15,FORD FOCUS,-1,-1,0,-1
2024361534110,2024,361534110,1,9,0,-1,5,7,3,-1,0,4,0,0,0,0,1,1,-1,6,-1,-1,-1,1596,1,17,FORD FOCUS,-1,-1,0,-1
202417S113324,2024,17S113324,1,9,0,-1,7,4,8,-1,0,0,0,0,0,0,4,1,-1,9,2,41,7,1596,1,10,FORD FOCUS,1,E01012254,0,1
2024411492746,2024,411492746,2,9,0,-1,10,3,1,-1,0,1,1,0,7,0,2,1,-1,2,2,35,6,1796,1,24,FORD FOCUS,9,E01023670,0,2
2024201458885,2024,201458885,1,9,0,-1,19,3,7,-1,0,0,0,0,0,0,4,1,-1,6,2,37,7,1596,1,12,FORD FOCUS,3,E01010495,0,1
2024122500069,2024,122500069,1,9,0,3,3,3,7,0,0,0,0,0,0,0,1,1,6,6,2,34,6,1596,1,13,FORD FOCUS,8,E01027891,0,1
2024440241121,2024,440241121,1,9,0,18,19,1,5,0,0,0,0,0,0,0,4,1,6,6,1,41,7,1596,1,18,FORD FOCUS,-1,-1,0,-1
2024302500283,2024,302500283,3,9,0,-1,19,7,3,-1,0,0,0,0,0,0,1,1,-1,9,1,27,6,999,1,1,FORD FOCUS,1,E01006040,0,4
2024991527855,2024,991527855,2,9,0,-1,19,6,2,-1,0,0,0,0,0,0,1,1,-1,9,2,34,6,1499,2,4,FORD FOCUS,8,-1,0,1
2024311484057,2024,311484057,1,9,0,-1,1,7,3,-1,0,0,0,0,0,0,2,1,-1,6,1,31,6,999,1,5,FORD FOCUS,8,E01028405,0,2
2024031493454,2024,031493454,2,9,0,-1,19,8,4,-1,0,0,0,0,0,0,2,1,-1,6,1,82,11,1560,2,10,FORD FOCUS,1,E01019193,0,1
2024111500293,2024,111500293,1,9,0,-1,5,3,7,-1,0,6,0,0,0,0,1,1,-1,6,1,37,7,1560,2,9,FORD FOCUS,2,E01034501,0,2
2024010495346,2024,010495346,1,9,0,3,3,5,1,0,0,1,0,0,0,0,1,1,6,6,2,35,6,1596,1,14,FORD FOCUS,-1,-1,0,-1
2024440524245,2024,440524245,1,9,0,18,19,1,5,0,0,1,0,0,0,0,1,1,6,6,1,20,4,1560,2,12,FORD FOCUS,7,E01022690,0,3
2024421461621,2024,421461621,2,9,0,-1,4,5,1,-1,0,8,0,0,0,0,0,1,-1,1,1,-1,-1,999,1,1,FORD FOCUS,-1,-1,0,-1
2024332401172,2024,332401172,2,9,0,-1,19,8,4,-1,0,0,0,0,0,0,2,1,-1,7,1,46,8,1596,1,17,FORD FOCUS,4,E01013617,0,1
2024010510859,2024,010510859,2,9,0,99,99,9,9,99,99,9,9,99,9,99,1,9,6,6,3,-1,-1,999,1,6,FORD FOCUS,-1,-1,0,-1
2024010502729,2024,010502729,2,9,0,99,99,9,9,99,99,9,9,99,9,99,9,9,6,6,3,-1,-1,1596,1,15,FORD FOCUS,-1,-1,0,-1
2024421415285,2024,421415285,1,9,0,-1,19,3,7,-1,0,4,5,9,1,0,1,1,-1,6,1,80,11,1999,1,18,FORD FOCUS,5,E01021380,0,1
2024010551304,2024,010551304,2,9,0,18,19,1,5,0,0,8,1,4,0,0,1,1,6,6,1,24,5,999,1,5,FORD FOCUS,-1,-1,0,-1
2024010500543,2024,010500543,1,9,0,99,99,9,9,99,99,9,9,99,9,99,1,9,6,6,3,48,8,999,1,6,FORD FOCUS,8,E01000389,0,1
2024631444137,2024,631444137,2,9,0,-1,4,6,2,-1,0,1,0,0,0,0,2,1,-1,6,2,32,6,1596,1,14,FORD FOCUS,5,W01000528,0,4
2024201448497,2024,201448497,2,9,0,-1,19,6,2,-1,0,8,0,0,0,0,1,9,-1,6,1,51,8,1560,2,10,FORD FOCUS,5,E01010069,0,1
2024351458072,2024,351458072,3,9,0,-1,19,3,7,-1,0,0,0,0,0,0,3,1,-1,6,1,39,7,999,1,7,FORD FOCUS,1,E01015597,0,4
2024161474671,2024,161474671,3,9,0,-1,19,2,6,-1,0,0,0,0,0,0,1,9,-1,6,2,28,6,1499,2,8,FORD FOCUS,1,E01013141,0,1
2024320242630,2024,320242630,1,9,0,-1,-1,1,5,0,0,0,1,0,1,3,1,1,-1,-1,2,38,7,1560,2,13,FORD FOCUS,1,E01026112,0,1
2024052400866,2024,052400866,1,9,0,3,3,2,6,0,0,0,0,0,0,0,3,1,6,6,1,34,6,999,1,6,FORD FOCUS,6,E01006801,0,2
2024311497253,2024,311497253,1,9,0,-1,4,4,8,-1,0,0,0,0,0,0,1,1,-1,6,1,66,10,1499,2,9,FORD FOCUS,-1,-1,0,-1
2024440015387,2024,440015387,1,9,0,18,19,8,4,0,0,0,0,0,1,7,1,1,6,6,1,74,10,1560,2,14,FORD FOCUS,8,E01022650,0,2
2024010545405,2024,010545405,1,9,0,18,19,1,5,0,0,1,0,0,0,0,0,1,6,6,1,85,11,999,1,6,FORD FOCUS,-1,-1,0,-1
2024010508164,2024,010508164,1,9,0,3,3,1,5,0,0,0,0,0,0,0,2,1,6,6,1,35,6,999,1,8,FORD FOCUS,9,E01021583,0,3
2024461426319,2024,461426319,1,9,0,-1,19,2,8,-1,9,1,0,0,7,2,1,1,-1,6,1,31,6,1498,1,7,FORD FOCUS,2,E01000028,0,4
2024010499552,2024,010499552,1,9,0,99,99,9,9,99,99,9,9,99,9,99,2,9,6,6,1,-1,-1,1499,2,9,FORD FOCUS,3,E01003615,0,1