collision_index,collision_year,collision_ref_no,vehicle_reference,vehicle_type,towing_and_articulation,vehicle_manoeuvre_historic,vehicle_manoeuvre,vehicle_direction_from,vehicle_direction_to,vehicle_location_restricted_lane_historic,vehicle_location_restricted_lane,junction_location,skidding_and_overturning,hit_object_in_carriageway,vehicle_leaving_carriageway,hit_object_off_carriageway,first_point_of_impact,vehicle_left_hand_drive,journey_purpose_of_driver_historic,journey_purpose_of_driver,sex_of_driver,age_of_driver,age_band_of_driver,engine_capacity_cc,propulsion_code,age_of_vehicle,generic_make_model,driver_imd_decile,lsoa_of_driver,escooter_flag,driver_distance_banding
2024320214527,2024,320214527,2,9,0,-1,-1,1,4,0,0,3,0,0,0,0,3,1,-1,-1,2,38,7,1560,2,16,FORD FOCUS,1,E01015603,0,4
2024501531551,2024,501531551,2,9,0,-1,2,0,0,-1,0,0,0,4,0,0,3,1,-1,6,-1,-1,-1,1753,2,16,FORD FOCUS,-1,-1,0,-1
2024161463288,2024,161463288,3,9,0,-1,19,3,7,-1,0,0,0,0,0,0,0,1,-1,9,1,30,6,999,1,7,FORD FOCUS,2,E01007590,0,4
2024201521437,2024,201521437,1,9,0,-1,8,5,3,-1,0,8,0,0,0,0,1,1,-1,6,1,32,6,999,1,1,FORD FOCUS,2,E01034944,0,1
2024010498711,2024,010498711,2,9,0,7,7,7,2,0,0,1,0,0,0,0,4,1,6,6,1,48,8,1596,1,20,FORD FOCUS,1,E01003515,0,2
2024131395645,2024,131395645,2,9,0,-1,19,5,1,-1,0,0,0,0,0,0,1,1,-1,9,2,36,7,998,1,10,FORD FOCUS,3,E01010949,0,1
2024131515204,2024,131515204,2,9,0,-1,9,3,5,-1,0,8,0,0,0,0,3,1,-1,6,1,40,7,998,1,10,FORD FOCUS,8,E01011929,0,1
2024131419200,2024,131419200,2,9,0,-1,7,2,1,-1,-1,6,0,0,0,0,3,2,-1,2,1,58,9,1596,1,17,FORD FOCUS,4,E01010798,0,2
2024430422272,2024,430422272,2,9,0,17,19,1,7,0,0,0,0,0,0,0,1,1,6,6,2,48,8,999,1,9,FORD FOCUS,10,E01016430,0,2
2024361485917,2024,361485917,2,9,0,-1,2,-1,-1,-1,0,0,0,0,0,0,2,1,-1,2,2,20,4,999,1,9,FORD FOCUS,6,E01026922,0,3
2024052400479,2024,052400479,1,9,0,14,14,4,8,0,0,0,0,0,0,0,1,1,2,2,2,38,7,999,1,8,FORD FOCUS,7,E01006829,0,1
2024440344416,2024,440344416,1,9,0,9,9,5,3,0,0,8,0,0,0,0,4,1,6,6,1,54,8,998,1,12,FORD FOCUS,2,E01022833,0,1
2024041522980,2024,041522980,1,9,0,-1,9,5,3,-1,0,2,0,0,0,0,1,1,-1,6,1,28,6,1596,1,12,FORD FOCUS,1,E01025248,0,1
2024221407739,2024,221407739,1,9,0,-1,19,8,4,-1,0,0,1,0,0,0,1,1,-1,6,2,26,6,1499,2,6,FORD FOCUS,7,E01013998,0,3
2024131516079,2024,131516079,1,9,0,-1,5,5,1,-1,0,0,0,10,7,11,3,1,-1,6,1,39,7,999,8,1,FORD FOCUS,1,E01010800,0,1
2024531408934,2024,531408934,1,9,0,-1,19,1,5,-1,0,0,0,4,0,0,1,9,-1,6,1,-1,-1,1499,2,8,FORD FOCUS,-1,-1,0,-1
2024010550534,2024,010550534,1,9,9,17,19,1,6,0,0,0,9,0,3,0,9,9,6,6,3,-1,-1,1596,1,19,FORD FOCUS,-1,-1,0,-1
202417S309242,2024,17S309242,1,9,0,-1,1,1,3,-1,0,0,0,0,0,0,2,1,-1,9,1,27,6,1560,2,12,FORD FOCUS,-1,-1,0,-1
2024552400590,2024,552400590,3,9,0,2,2,0,0,0,0,0,0,0,0,0,1,1,6,6,2,56,9,1560,2,11,FORD FOCUS,5,E01015358,0,4
2024101405862,2024,101405862,1,9,0,-1,12,5,1,-1,9,0,0,0,7,0,3,1,-1,6,1,32,6,1560,2,11,FORD FOCUS,4,E01027529,0,1
2024010504876,2024,010504876,1,9,9,1,1,1,5,99,99,9,9,0,9,0,2,1,6,6,3,-1,-1,1596,1,16,FORD FOCUS,-1,-1,0,-1
2024041469880,2024,041469880,2,9,0,-1,3,5,1,-1,0,0,0,0,0,0,2,1,-1,9,2,42,7,1596,1,13,FORD FOCUS,1,E01025482,0,1
2024010534770,2024,010534770,2,9,0,99,99,9,9,99,99,6,9,99,9,99,9,9,6,6,1,28,6,999,1,6,FORD FOCUS,4,E01003534,0,1
2024010532736,2024,010532736,1,9,0,18,19,1,5,0,0,2,0,0,0,0,1,1,6,6,1,24,5,1596,1,11,FORD FOCUS,2,E01000526,0,1
2024451436011,2024,451436011,2,9,0,-1,99,8,4,-1,99,1,9,0,0,0,1,1,-1,6,2,30,6,1596,1,20,FORD FOCUS,3,E01030657,0,1
2024131426774,2024,131426774,1,9,0,-1,19,3,7,-1,0,1,1,0,1,0,2,1,-1,6,1,21,5,1596,1,18,FORD FOCUS,3,E01011908,0,3
2024221498179,2024,221498179,2,9,0,-1,19,2,6,-1,0,0,0,0,1,0,3,1,-1,6,1,21,5,999,1,9,FORD FOCUS,6,E01009286,0,2
2024311467119,2024,311467119,1,9,0,-1,19,3,7,-1,0,0,0,0,0,0,0,1,-1,1,1,53,8,1499,2,6,FORD FOCUS,6,E01028242,0,1
2024411455712,2024,411455712,2,9,0,-1,19,5,1,-1,0,0,0,0,0,0,2,1,-1,6,2,23,5,999,1,4,FORD FOCUS,9,E01017722,0,4
2024010498701,2024,010498701,1,9,0,18,19,5,1,0,0,8,0,0,0,0,1,1,6,6,1,34,6,999,1,5,FORD FOCUS,7,E01000391,0,1
2024552400954,2024,552400954,1,9,0,16,19,5,8,0,0,0,0,0,0,0,1,1,6,6,1,56,9,999,1,2,FORD FOCUS,8,E01032446,0,5
2024010544175,2024,010544175,1,9,0,18,19,1,5,0,0,1,0,0,0,0,0,1,6,6,2,64,9,1596,1,16,FORD FOCUS,1,E01021324,0,4
2024041411770,2024,041411770,1,9,0,-1,9,4,2,-1,0,0,0,0,0,0,3,1,-1,6,1,53,8,998,1,10,FORD FOCUS,7,E01025326,0,1
2024010537529,2024,010537529,1,9,0,9,9,3,1,0,0,6,0,0,3,0,1,1,6,6,1,30,6,1596,1,12,FORD FOCUS,7,E01001851,0,1
2024061462835,2024,061462835,3,9,0,-1,2,0,0,-1,0,0,0,0,0,0,3,1,-1,6,-1,-1,-1,1499,2,9,FORD FOCUS,-1,-1,0,-1
2024991427875,2024,991427875,2,9,0,-1,19,4,8,-1,0,0,0,0,0,0,2,1,-1,6,2,47,8,1560,2,11,FORD FOCUS,7,-1,0,4
2024461532648,2024,461532648,1,9,0,-1,1,2,6,-1,-1,0,0,4,0,0,2,9,-1,6,1,60,9,998,1,11,FORD FOCUS,2,E01024019,0,1
2024430531958,2024,430531958,1,9,0,18,19,1,5,0,0,0,0,0,0,0,1,1,6,6,1,46,8,999,1,4,FORD FOCUS,2,E01004469,0,4
2024131509121,2024,131509121,1,9,0,-1,19,7,3,-1,0,3,0,0,6,1,3,1,-1,9,1,49,8,999,1,8,FORD FOCUS,5,E01011009,0,2
2024351427985,2024,351427985,1,9,-1,-1,-1,-1,-1,-1,-1,-1,-1,-1,-1,0,-1,9,-1,6,1,-1,-1,1997,2,16,FORD FOCUS,-1,-1,0,-1
2024332401092,2024,332401092,1,9,0,-1,19,2,6,-1,0,0,1,0,0,0,2,1,-1,9,1,50,8,1997,2,14,FORD FOCUS,7,E01025969,0,3
2024540227924,2024,540227924,1,9,0,9,9,6,4,0,0,1,0,0,0,0,1,1,6,6,1,66,10,1596,1,19,FORD FOCUS,8,E01032704,0,1
2024440050498,2024,440050498,2,9,0,9,9,4,2,0,0,6,0,0,0,0,3,1,6,6,1,61,9,1596,1,15,FORD FOCUS,2,E01023055,0,3
2024451410842,2024,451410842,3,9,0,-1,19,3,7,-1,0,1,0,0,0,0,0,1,-1,6,-1,-1,-1,1596,1,13,FORD FOCUS,-1,-1,0,-1
2024231396845,2024,231396845,2,9,0,-1,4,2,6,-1,0,1,0,0,0,0,2,9,-1,2,1,25,5,998,1,11,FORD FOCUS,7,E01031206,0,3
2024411512536,2024,411512536,2,9,0,-1,3,5,7,-1,0,0,0,0,0,0,2,1,-1,6,2,33,6,999,1,5,FORD FOCUS,3,E01001468,0,2
2024161491995,2024,161491995,3,9,0,-1,5,3,7,-1,0,0,0,0,0,0,0,1,-1,6,2,24,5,999,1,2,FORD FOCUS,-1,-1,0,-1
2024461473263,2024,461473263,1,9,0,-1,1,7,3,-1,0,8,0,0,0,0,2,9,-1,6,1,24,5,1596,1,14,FORD FOCUS,6,E01024554,0,3
2024052401157,2024,052401157,1,9,0,18,19,5,1,0,0,0,0,0,0,0,1,1,2,2,1,-1,-1,1596,1,15,FORD FOCUS,1,E01006967,0,1
2024221443042,2024,221443042,2,9,0,-1,19,5,1,-1,0,6,0,0,0,0,1,1,-1,6,1,39,7,1560,2,12,FORD FOCUS,6,E01035066,0,3
2024141533298,2024,141533298,1,9,0,-1,5,6,2,-1,0,0,0,10,0,0,1,1,-1,6,2,53,8,1999,1,16,FORD FOCUS,4,E01007478,0,1
2024311526670,2024,311526670,2,9,0,-1,5,1,5,-1,0,2,0,0,0,0,4,1,-1,9,2,35,6,999,1,1,FORD FOCUS,2,E01013842,0,1
2024501531905,2024,501531905,2,9,0,-1,12,1,4,-1,4,7,0,0,0,0,3,1,-1,6,1,64,9,999,1,9,FORD FOCUS,9,E01020186,0,2
2024421506108,2024,421506108,1,9,0,-1,19,3,7,-1,0,0,0,0,0,0,3,1,-1,6,1,87,11,1596,1,23,FORD FOCUS,8,E01021333,0,1
2024010511145,2024,010511145,1,9,0,7,7,4,7,0,0,6,0,0,0,0,1,1,6,6,1,47,8,1596,1,11,FORD FOCUS,4,E01004337,0,1
2024010547079,2024,010547079,1,9,0,18,19,3,7,0,0,2,0,0,0,0,1,1,6,6,3,-1,-1,1596,1,18,FORD FOCUS,-1,-1,0,-1
2024991431965,2024,991431965,3,9,0,-1,4,6,2,-1,0,0,0,0,0,0,2,1,-1,9,1,66,10,1499,2,6,FORD FOCUS,8,-1,0,5
2024340WN9042,2024,340WN9042,2,9,0,-1,19,5,1,-1,0,8,0,0,4,4,1,1,-1,6,1,26,6,1560,2,10,FORD FOCUS,5,E01027302,0,1
2024211441919,2024,211441919,1,9,0,-1,5,5,4,-1,0,0,0,0,0,0,1,1,-1,6,1,51,8,999,8,1,FORD FOCUS,6,E01029778,0,3
2024411450310,2024,411450310,2,9,-1,-1,-1,-1,-1,-1,-1,-1,-1,-1,-1,0,-1,9,-1,6,1,53,8,1596,1,13,FORD FOCUS,7,E01033023,0,1
2024332400183,2024,332400183,2,9,0,-1,19,4,8,-1,0,8,1,0,0,0,1,1,-1,9,1,38,7,1498,1,9,FORD FOCUS,10,E01025729,0,2
2024531466312,2024,531466312,2,9,0,-1,19,1,2,-1,0,0,0,0,0,0,4,1,-1,9,1,36,7,1596,1,15,FORD FOCUS,8,E01022255,0,4
202417M115524,2024,17M115524,2,9,0,-1,9,6,3,-1,0,8,0,0,0,0,1,1,-1,9,1,31,6,1560,2,13,FORD FOCUS,8,E01019223,0,5
2024010521381,2024,010521381,4,9,0,18,19,5,1,9,9,1,0,0,0,0,3,1,6,6,1,30,6,1596,1,20,FORD FOCUS,3,E01000441,0,1
2024131509281,2024,131509281,1,9,0,-1,19,7,3,-1,0,8,0,0,0,0,1,1,-1,2,1,53,8,1499,2,7,FORD FOCUS,4,E01010750,0,1
2024122400777,2024,122400777,2,9,0,18,19,8,3,0,0,1,0,0,0,0,4,1,6,6,1,30,6,1499,2,8,FORD FOCUS,6,E01027775,0,3
2024552400254,2024,552400254,1,9,0,18,19,8,4,0,0,8,0,0,0,0,1,1,6,6,2,43,7,1560,2,13,FORD FOCUS,7,E01020475,0,1
2024010518334,2024,010518334,1,9,0,18,19,3,7,0,0,6,0,0,0,0,1,1,6,6,1,24,5,1499,2,8,FORD FOCUS,4,E01034369,0,1
2024471407988,2024,471407988,2,9,0,-1,9,5,1,-1,0,1,0,0,1,1,1,1,-1,9,2,80,11,1560,2,12,FORD FOCUS,8,E01021075,0,1
2024421531959,2024,421531959,2,9,0,-1,3,3,7,-1,0,0,0,0,0,0,2,1,-1,9,1,48,8,1997,2,8,FORD FOCUS,4,E01021272,0,3
2024622400640,2024,622400640,1,9,0,18,19,2,6,0,0,6,0,0,0,0,1,1,3,7,2,46,8,1596,1,15,FORD FOCUS,4,W01000764,0,1
2024201473017,2024,201473017,1,9,0,-1,19,1,5,-1,0,8,0,0,0,0,1,1,-1,6,1,32,6,1596,1,16,FORD FOCUS,4,E01010510,0,1
2024201515685,2024,201515685,1,9,0,-1,19,6,2,-1,0,4,0,0,0,0,1,1,-1,6,1,82,11,1596,1,17,FORD FOCUS,-1,-1,0,-1
2024131421370,2024,131421370,2,9,0,-1,5,4,8,-1,0,0,0,0,0,0,2,1,-1,9,1,38,7,1796,1,19,FORD FOCUS,5,E01011089,0,2
2024010542474,2024,010542474,1,9,0,99,99,9,9,99,99,9,9,99,9,99,9,9,6,6,1,44,7,2261,1,5,FORD FOCUS,7,E01000288,0,1
2024461427008,2024,461427008,1,9,0,-1,19,5,1,-1,0,7,0,0,0,0,3,9,-1,6,3,-1,-1,999,1,7,FORD FOCUS,-1,-1,0,-1
2024991480057,2024,991480057,2,9,0,-1,19,6,2,-1,0,1,0,0,0,0,1,1,-1,9,1,49,8,1596,1,15,FORD FOCUS,7,E01013419,0,5
2024061473062,2024,061473062,4,9,0,-1,19,3,6,-1,0,0,1,0,0,0,1,1,-1,9,1,37,7,1499,2,9,FORD FOCUS,1,E01006025,0,1
2024201482781,2024,201482781,1,9,0,-1,7,-1,-1,-1,0,8,0,0,0,0,3,9,-1,6,3,-1,-1,1560,2,11,FORD FOCUS,-1,-1,0,-1
2024010539409,2024,010539409,2,9,9,99,99,9,9,99,99,9,9,99,9,99,9,9,6,6,3,-1,-1,1798,1,18,FORD FOCUS,-1,-1,0,-1
2024371455782,2024,371455782,2,9,0,-1,2,-1,-1,-1,0,0,0,0,0,0,2,1,-1,9,1,55,8,1560,2,16,FORD FOCUS,9,E01022099,0,3
2024010524219,2024,010524219,2,9,0,99,99,9,9,99,99,0,9,99,9,99,1,9,6,6,2,80,11,1596,1,9,FORD FOCUS,3,E01004409,0,4
2024332401120,2024,332401120,3,9,0,-1,2,0,0,-1,0,0,0,0,0,0,4,1,-1,6,3,-1,-1,1560,2,11,FORD FOCUS,-1,-1,0,-1
2024201478499,2024,201478499,2,9,0,-1,19,3,7,-1,0,2,0,0,0,0,1,1,-1,6,1,62,9,1560,2,12,FORD FOCUS,9,E01009899,0,2
2024010530820,2024,010530820,1,9,0,6,6,5,5,0,0,8,0,0,0,0,3,1,6,6,1,20,4,999,1,9,FORD FOCUS,2,E01003243,0,3
2024131453122,2024,131453122,1,9,0,-1,19,1,5,-1,0,8,1,0,1,3,1,1,-1,9,1,19,4,1596,1,17,FORD FOCUS,9,E01011404,0,1
2024501434952,2024,501434952,1,9,0,-1,19,5,1,-1,0,1,0,0,0,0,4,2,-1,6,1,74,10,999,1,7,FORD FOCUS,4,E01015169,0,1
2024141503736,2024,141503736,1,9,0,-1,5,1,5,-1,0,8,0,0,0,0,1,1,-1,1,2,36,7,1560,2,11,FORD FOCUS,1,E01007804,0,1
2024061484458,2024,061484458,4,9,0,-1,19,5,1,-1,0,0,0,0,0,0,2,1,-1,9,1,55,8,999,1,5,FORD FOCUS,3,E01006358,0,4
2024622400439,2024,622400439,2,8,0,18,19,7,3,0,0,8,0,0,0,0,3,1,6,6,2,44,7,1596,1,15,FORD FOCUS,1,W01001751,0,1
2024411455808,2024,411455808,1,9,0,-1,19,5,1,-1,0,2,1,0,2,0,3,1,-1,6,1,51,8,1499,2,7,FORD FOCUS,1,W01000237,0,5
2024501501604,2024,501501604,3,9,0,-1,20,0,0,-1,0,0,0,0,0,0,4,1,-1,6,-1,-1,-1,1596,1,22,FORD FOCUS,-1,-1,0,-1
2024430255681,2024,430255681,2,9,0,4,4,8,4,0,0,0,0,0,0,0,2,1,6,6,2,67,10,999,1,9,FORD FOCUS,3,E01020010,0,5
2024231511141,2024,231511141,3,9,0,-1,9,2,8,-1,0,5,0,0,0,0,0,1,-1,9,2,37,7,1596,1,13,FORD FOCUS,6,E01031207,0,2
2024991493600,2024,991493600,1,9,0,-1,19,3,7,-1,0,1,0,0,0,0,1,1,-1,9,1,69,10,1596,1,15,FORD FOCUS,9,-1,0,1
2024451469387,2024,451469387,2,9,0,-1,19,5,1,-1,0,0,0,0,0,0,4,1,-1,9,2,39,7,1596,1,15,FORD FOCUS,4,E01030601,0,1
2024010543307,2024,010543307,2,9,0,18,19,3,7,0,0,1,0,0,0,0,1,1,6,6,1,25,5,1596,1,17,FORD FOCUS,5,E01035689,0,3
2024302400578,2024,302400578,4,9,0,18,19,3,7,0,0,0,0,0,0,0,3,1,6,6,1,72,10,1596,1,17,FORD FOCUS,2,E01013521,0,2
2024440498211,2024,440498211,2,9,0,18,19,6,2,0,0,4,0,0,0,0,1,1,6,6,2,-1,-1,1596,1,19,FORD FOCUS,-1,-1,0,-1
2024122400997,2024,122400997,1,9,0,3,3,2,5,0,0,1,0,0,0,0,2,1,6,6,1,41,7,1560,2,13,FORD FOCUS,1,E01027805,0,1
2024141397916,2024,141397916,1,9,0,-1,7,1,3,-1,0,1,0,0,0,0,3,1,-1,9,1,74,10,1499,2,2,FORD FOCUS,1,E01007721,0,2
2024421517571,2024,421517571,3,9,0,-1,19,1,4,-1,0,0,0,12,0,0,3,1,-1,6,1,43,7,1596,1,20,FORD FOCUS,9,E01022064,0,2
202417M112924,2024,17M112924,1,9,0,-1,19,2,6,-1,0,8,0,0,0,0,4,1,-1,9,1,31,6,1997,2,9,FORD FOCUS,-1,-1,0,-1
2024421504988,2024,421504988,2,9,0,-1,-1,-1,-1,-1,-1,-1,-1,-1,-1,0,-1,9,-1,6,2,22,5,999,8,1,FORD FOCUS,9,E01018219,0,4
2024052400786,2024,052400786,1,8,0,9,9,7,5,0,0,8,0,0,0,0,1,1,1,1,2,64,9,1499,2,6,FORD FOCUS,2,E01006522,0,2
2024010542965,2024,010542965,2,9,0,99,99,9,9,99,99,6,9,99,9,99,1,9,6,6,3,52,8,1596,1,11,FORD FOCUS,4,E01019006,0,5
2024440085931,2024,440085931,2,9,0,18,19,6,2,0,0,1,0,0,0,0,2,1,6,6,2,31,6,1596,1,10,FORD FOCUS,9,E01023254,0,1
2024010544261,2024,010544261,2,9,0,99,99,9,9,99,99,9,9,99,9,99,1,9,6,6,3,-1,-1,999,1,5,FORD FOCUS,-1,-1,0,-1
2024221493020,2024,221493020,1,9,0,-1,19,4,1,-1,0,8,1,0,0,0,1,1,-1,2,1,40,7,1596,1,15,FORD FOCUS,5,E01032214,0,3
2024061469560,2024,061469560,2,9,0,-1,19,1,1,-1,0,0,0,0,0,0,0,1,-1,1,2,33,6,999,1,2,FORD FOCUS,-1,-1,0,-1
2024361459402,2024,361459402,2,9,0,-1,19,3,7,-1,0,2,0,0,0,0,1,1,-1,6,2,64,9,1560,2,14,FORD FOCUS,7,E01026941,0,2
2024531507425,2024,531507425,1,9,0,-1,19,1,5,-1,0,0,0,0,0,0,1,1,-1,6,1,84,11,1596,1,22,FORD FOCUS,6,E01022351,0,1
2024332400657,2024,332400657,2,9,0,-1,4,1,5,-1,0,1,5,0,1,1,2,1,-1,2,1,35,6,1560,2,13,FORD FOCUS,1,E01013693,0,2
2024052401582,2024,052401582,1,9,0,10,10,5,3,0,0,5,0,0,0,0,4,1,6,6,1,48,8,1999,1,6,FORD FOCUS,1,E01006560,0,1
2024161460184,2024,161460184,2,9,0,-1,9,7,5,-1,4,5,0,0,0,0,1,1,-1,6,2,-1,-1,999,8,0,FORD FOCUS,-1,-1,0,-1
2024010498788,2024,010498788,1,9,0,99,99,9,9,99,99,0,9,99,9,99,2,9,6,6,1,31,6,999,8,1,FORD FOCUS,3,E01000090,0,2
2024991410423,2024,991410423,1,9,0,-1,19,2,6,-1,0,0,0,0,7,2,3,1,-1,9,1,76,11,999,1,2,FORD FOCUS,10,-1,0,1
2024440137756,2024,440137756,2,9,0,18,19,6,2,0,0,1,0,0,0,0,1,1,6,6,1,29,6,1596,1,20,FORD FOCUS,5,E01023216,0,1
2024131477038,2024,131477038,2,9,0,-1,19,7,7,-1,0,8,0,0,0,0,1,1,-1,9,2,29,6,1596,1,11,FORD FOCUS,1,E01011366,0,1
2024010510123,2024,010510123,2,9,0,18,19,5,1,0,0,1,0,0,7,3,0,1,6,6,1,22,5,1499,2,6,FORD FOCUS,3,E01000044,0,1
2024471513722,2024,471513722,2,9,0,-1,19,3,7,-1,0,0,0,0,0,0,0,1,-1,1,1,44,7,1995,2,4,FORD FOCUS,1,E01020992,0,2
2024010534058,2024,010534058,1,9,0,9,9,4,2,0,0,2,0,0,0,0,2,1,2,2,1,56,9,1596,1,19,FORD FOCUS,3,E01003154,0,1
2024440405237,2024,440405237,2,9,0,5,5,5,1,0,0,8,0,0,0,0,1,1,2,2,2,26,6,1997,2,8,FORD FOCUS,5,E01022678,0,1
2024010498219,2024,010498219,2,9,0,99,99,9,9,99,99,9,9,99,9,99,9,9,6,6,3,-1,-1,1596,1,15,FORD FOCUS,-1,-1,0,-1
2024141421648,2024,141421648,2,9,0,-1,19,5,1,-1,0,1,0,0,0,0,1,9,-1,6,3,-1,-1,1596,1,14,FORD FOCUS,-1,-1,0,-1
2024211528525,2024,211528525,2,9,0,-1,19,4,8,-1,0,0,0,0,0,0,4,1,-1,6,2,-1,-1,1596,1,17,FORD FOCUS,-1,-1,0,-1
2024631486614,2024,631486614,1,9,0,-1,19,4,8,-1,0,0,2,0,0,0,1,1,-1,9,1,24,5,1596,1,17,FORD FOCUS,6,W01000434,0,2
2024201515064,2024,201515064,1,9,0,-1,19,6,2,-1,0,2,0,0,0,0,1,9,-1,9,1,-1,-1,998,1,10,FORD FOCUS,2,E01009588,0,1
2024131509651,2024,131509651,2,9,0,-1,2,0,0,-1,0,0,0,0,0,0,1,1,-1,6,-1,-1,-1,998,1,12,FORD FOCUS,-1,-1,0,-1
2024201520982,2024,201520982,1,9,0,-1,19,1,3,-1,0,0,0,0,0,0,1,2,-1,6,1,59,9,999,1,9,FORD FOCUS,1,E01009349,0,2
2024010516927,2024,010516927,2,9,0,7,7,1,4,0,0,1,0,0,7,0,2,1,6,6,2,46,8,1498,1,7,FORD FOCUS,7,E01002499,0,1
2024010521848,2024,010521848,1,9,0,99,99,9,9,99,99,9,9,99,9,99,2,9,6,6,1,32,6,999,1,9,FORD FOCUS,2,E01001219,0,3
2024421516546,2024,421516546,2,9,0,-1,19,7,3,-1,0,0,0,0,0,0,1,1,-1,9,2,30,6,1596,1,19,FORD FOCUS,3,E01022054,0,3
2024440035056,2024,440035056,1,9,0,5,5,6,8,0,0,6,0,0,0,0,1,1,2,2,2,34,6,998,1,10,FORD FOCUS,1,E01017241,0,1
2024070238705,2024,070238705,1,9,0,11,11,5,1,0,0,0,0,0,0,0,3,1,6,6,1,-1,-1,1560,2,11,FORD FOCUS,1,E01012424,0,2
2024221449818,2024,221449818,1,9,0,-1,7,6,8,-1,0,6,0,0,0,0,3,9,-1,1,1,42,7,1560,2,13,FORD FOCUS,2,E01028906,0,1
2024411473258,2024,411473258,2,9,0,-1,2,0,0,-1,0,1,0,0,0,0,4,1,-1,6,-1,-1,-1,1596,1,17,FORD FOCUS,-1,-1,0,-1
2024471495286,2024,471495286,1,9,0,-1,11,7,3,-1,0,0,0,0,0,0,2,1,-1,2,1,24,5,1560,2,13,FORD FOCUS,8,E01031420,0,2
2024622400362,2024,622400362,1,9,0,4,4,2,6,0,0,0,0,0,0,0,1,1,6,6,1,37,7,1560,2,11,FORD FOCUS,3,W01001265,0,2
2024471437629,2024,471437629,1,9,0,-1,9,7,5,-1,0,6,0,0,0,0,3,1,-1,9,1,53,8,1596,1,10,FORD FOCUS,5,E01031571,0,2
2024211429250,2024,211429250,1,9,-1,-1,19,6,2,-1,-1,-1,-1,-1,-1,0,-1,1,-1,6,1,27,6,1560,2,14,FORD FOCUS,1,E01014210,0,1
2024351481839,2024,351481839,1,9,0,-1,13,7,3,-1,0,0,0,0,1,0,1,1,-1,6,1,32,6,1997,2,8,FORD FOCUS,2,E01018068,0,3
2024211429483,2024,211429483,2,9,0,-1,9,4,2,-1,0,1,0,0,0,0,1,1,-1,6,1,22,5,1995,2,5,FORD FOCUS,7,E01029463,0,1
2024061462910,2024,061462910,1,9,0,-1,7,-1,-1,-1,99,1,0,0,0,0,1,1,-1,2,1,46,8,999,1,10,FORD FOCUS,2,E01006310,0,4
2024201527026,2024,201527026,1,9,0,-1,19,8,4,-1,0,0,0,0,0,0,1,9,-1,6,3,-1,-1,1596,1,12,FORD FOCUS,-1,-1,0,-1
2024471400159,2024,471400159,1,9,0,-1,9,7,4,-1,0,8,0,0,0,0,1,1,-1,9,2,45,7,1596,1,14,FORD FOCUS,4,E01031594,0,1
2024161448247,2024,161448247,1,9,0,-1,19,1,5,-1,0,0,0,0,0,0,3,1,-1,6,2,55,8,1560,2,12,FORD FOCUS,7,E01012987,0,4
2024461527525,2024,461527525,1,9,0,-1,5,4,2,-1,0,0,1,0,0,0,1,1,-1,6,1,22,5,998,1,11,FORD FOCUS,7,E01024375,0,4
2024311460791,2024,311460791,1,9,0,-1,19,5,1,-1,0,0,5,0,1,0,1,1,-1,9,1,55,8,1999,1,16,FORD FOCUS,1,E01028301,0,2
2024631422855,2024,631422855,1,9,0,-1,19,1,6,-1,0,0,0,0,1,11,4,1,-1,9,2,61,9,1560,2,13,FORD FOCUS,4,W01000605,0,1
2024052400175,2024,052400175,3,9,0,8,8,8,4,0,0,1,0,0,0,0,1,1,6,6,1,45,7,1997,2,9,FORD FOCUS,1,E01006460,0,1
2024131435729,2024,131435729,1,9,0,-1,19,5,1,-1,0,8,0,0,1,2,3,1,-1,9,1,20,4,999,1,5,FORD FOCUS,2,E01011809,0,3
2024471529912,2024,471529912,2,9,0,-1,9,5,3,-1,0,6,0,0,0,0,3,1,-1,9,1,35,6,1999,1,15,FORD FOCUS,6,E01021108,0,1
2024010516970,2024,010516970,3,9,0,2,2,0,0,0,0,2,0,0,0,0,3,1,6,6,3,-1,-1,1596,1,23,FORD FOCUS,-1,-1,0,-1
2024101411827,2024,101411827,1,9,0,-1,19,1,5,-1,0,2,0,0,0,0,3,1,-1,9,2,55,8,1596,1,20,FORD FOCUS,4,E01008711,0,1
2024411503369,2024,411503369,1,9,0,-1,19,8,4,-1,0,1,0,11,1,1,1,1,-1,2,1,36,7,1596,1,17,FORD FOCUS,2,E01015726,0,3
2024041405411,2024,041405411,1,9,0,-1,19,5,1,-1,0,0,0,0,0,0,4,1,-1,6,1,65,9,1997,2,17,FORD FOCUS,2,E01012705,0,1
2024991428634,2024,991428634,2,9,0,-1,19,3,7,-1,0,0,0,0,0,0,1,1,-1,1,1,39,7,2261,1,4,FORD FOCUS,9,-1,0,4
2024430090822,2024,430090822,1,9,0,9,9,1,7,0,0,5,0,0,0,0,1,1,6,6,2,30,6,1499,2,8,FORD FOCUS,-1,-1,0,-1
2024122400729,2024,122400729,1,9,0,4,4,5,1,0,0,1,0,0,0,0,1,1,6,6,1,35,6,1499,2,9,FORD FOCUS,9,E01013015,0,4
2024421422556,2024,421422556,1,9,0,-1,5,1,7,-1,0,8,0,0,0,0,1,1,-1,9,1,33,6,1997,2,12,FORD FOCUS,10,E01021558,0,3