collision_index,collision_year,collision_ref_no,vehicle_reference,vehicle_type,towing_and_articulation,vehicle_manoeuvre_historic,vehicle_manoeuvre,vehicle_direction_from,vehicle_direction_to,vehicle_location_restricted_lane_historic,vehicle_location_restricted_lane,junction_location,skidding_and_overturning,hit_object_in_carriageway,vehicle_leaving_carriageway,hit_object_off_carriageway,first_point_of_impact,vehicle_left_hand_drive,journey_purpose_of_driver_historic,journey_purpose_of_driver,sex_of_driver,age_of_driver,age_band_of_driver,engine_capacity_cc,propulsion_code,age_of_vehicle,generic_make_model,driver_imd_decile,lsoa_of_driver,escooter_flag,driver_distance_banding
2024471472122,2024,471472122,1,9,0,-1,4,6,2,-1,0,0,0,0,0,0,2,1,-1,9,1,26,6,1560,2,9,FORD FOCUS,6,E01031506,0,4
2024461452272,2024,461452272,1,9,0,-1,19,1,5,-1,0,0,0,0,0,0,1,2,-1,6,1,61,9,1499,2,8,FORD FOCUS,-1,-1,0,-1
2024440393313,2024,440393313,1,9,0,16,19,1,5,0,0,3,0,0,0,0,1,1,2,2,1,37,7,1560,2,14,FORD FOCUS,2,E01017188,0,2
2024421439914,2024,421439914,1,9,0,-1,9,7,3,-1,0,6,0,0,0,0,4,1,-1,6,2,64,9,1596,1,18,FORD FOCUS,4,E01021956,0,1
2024010514900,2024,010514900,1,9,0,99,99,9,9,99,99,9,9,99,9,99,2,9,6,6,3,-1,-1,1988,1,22,FORD FOCUS,-1,-1,0,-1
2024211436457,2024,211436457,1,9,0,-1,19,7,3,-1,0,8,0,0,7,9,1,1,-1,6,1,50,8,999,1,4,FORD FOCUS,-1,-1,0,-1
2024010490910,2024,010490910,2,9,0,99,99,9,9,99,99,9,9,99,9,99,3,9,6,6,3,-1,-1,1499,2,9,FORD FOCUS,-1,-1,0,-1
2024520402902,2024,520402902,1,9,0,18,19,7,3,0,0,0,0,0,0,0,1,1,6,6,2,42,7,999,1,1,FORD FOCUS,5,E01029163,0,3
2024311465198,2024,311465198,2,9,0,-1,13,3,7,-1,0,0,0,0,0,0,3,1,-1,6,1,31,6,1596,1,16,FORD FOCUS,10,E01025891,0,4
2024101469892,2024,101469892,1,9,0,-1,9,3,1,-1,0,0,0,0,0,0,3,1,-1,9,2,51,8,1596,1,15,FORD FOCUS,10,E01008321,0,1
2024471426255,2024,471426255,1,9,0,-1,19,1,5,-1,0,1,0,0,0,0,2,1,-1,9,2,58,9,1596,1,10,FORD FOCUS,1,E01016908,0,1
2024461435281,2024,461435281,1,9,0,-1,19,4,8,-1,0,0,0,0,1,11,1,1,-1,2,1,52,8,999,1,6,FORD FOCUS,6,E01024518,0,3
2024061449131,2024,061449131,2,9,0,-1,5,-1,-1,-1,0,4,0,99,0,0,1,1,-1,6,2,23,5,999,8,1,FORD FOCUS,3,E01005244,0,1
2024010509988,2024,010509988,4,9,0,3,3,7,3,0,0,1,0,0,0,0,2,1,6,6,2,22,5,1596,1,9,FORD FOCUS,-1,-1,0,-1
2024041443591,2024,041443591,1,9,0,-1,9,1,5,-1,0,8,0,0,0,0,1,1,-1,7,2,33,6,1560,2,12,FORD FOCUS,1,E01012649,0,1
2024211479845,2024,211479845,2,9,0,-1,19,5,5,-1,0,8,1,0,0,0,3,1,-1,9,1,43,7,1560,2,11,FORD FOCUS,9,E01029682,0,1
2024991492035,2024,991492035,2,9,0,-1,19,5,1,-1,0,0,0,0,0,0,1,1,-1,6,1,35,6,1499,2,4,FORD FOCUS,-1,-1,0,-1
2024221475134,2024,221475134,2,9,0,-1,19,5,1,-1,0,0,0,0,0,0,3,1,-1,6,2,45,7,1560,2,12,FORD FOCUS,5,E01029011,0,1
2024071016485,2024,071016485,2,9,0,-1,19,5,1,-1,0,0,1,0,0,0,3,1,-1,2,1,37,7,1560,2,10,FORD FOCUS,3,E01012368,0,1
2024010501079,2024,010501079,1,9,0,9,9,2,8,0,0,1,0,0,0,0,3,1,6,6,2,35,6,999,1,2,FORD FOCUS,10,E01002920,0,1
2024631514462,2024,631514462,2,9,0,-1,19,1,5,-1,0,0,0,0,0,0,1,1,-1,9,2,61,9,1753,2,17,FORD FOCUS,7,W01000453,0,1
2024991433555,2024,991433555,1,9,0,-1,8,7,1,-1,0,6,0,0,0,0,1,1,-1,6,2,29,6,998,1,11,FORD FOCUS,1,-1,0,2
2024201507537,2024,201507537,1,9,0,-1,11,1,4,-1,0,0,0,0,0,0,3,1,-1,2,1,46,8,1560,2,11,FORD FOCUS,1,E01009214,0,3
2024451539909,2024,451539909,2,9,0,-1,3,7,3,-1,0,0,0,0,0,0,2,1,-1,9,1,49,8,1499,2,5,FORD FOCUS,9,E01001031,0,2
2024201413386,2024,201413386,1,9,0,-1,9,5,5,-1,0,6,0,0,0,0,3,9,-1,9,1,25,5,1499,2,4,FORD FOCUS,1,E01009074,0,1
2024440354547,2024,440354547,1,9,0,9,9,1,7,0,0,8,0,0,0,0,3,1,6,6,1,84,11,1999,1,18,FORD FOCUS,9,E01022782,0,2
2024141465074,2024,141465074,2,9,0,-1,19,4,8,-1,0,0,0,0,0,0,2,1,-1,9,2,45,7,1798,1,18,FORD FOCUS,-1,-1,0,-1
2024141488738,2024,141488738,1,9,0,-1,19,1,5,-1,0,0,0,0,0,0,3,1,-1,9,1,59,9,999,1,6,FORD FOCUS,2,E01008008,0,1
2024231404742,2024,231404742,1,9,0,-1,19,2,8,-1,0,0,0,0,1,1,1,9,-1,9,1,64,9,999,1,9,FORD FOCUS,4,E01031047,0,2
2024010520825,2024,010520825,1,9,0,99,99,9,9,99,99,9,9,99,9,99,9,9,6,6,1,45,7,1499,2,7,FORD FOCUS,3,E01030608,0,4
2024221516660,2024,221516660,1,9,0,-1,19,7,2,-1,0,0,2,0,2,4,4,9,-1,6,1,51,8,1499,2,9,FORD FOCUS,2,E01029426,0,4
2024320061197,2024,320061197,2,9,0,10,10,5,3,0,0,5,0,0,1,0,2,1,-1,-1,2,33,6,1560,2,11,FORD FOCUS,6,E01026411,0,1
2024631464467,2024,631464467,1,9,0,-1,19,8,2,-1,0,1,0,0,0,0,1,2,-1,9,1,60,9,1499,2,7,FORD FOCUS,3,W01001885,0,4
2024501487358,2024,501487358,1,9,0,-1,19,3,7,-1,0,0,0,0,0,0,1,1,-1,9,2,69,10,1560,2,12,FORD FOCUS,1,E01015149,0,2
2024161450672,2024,161450672,1,9,0,-1,9,4,1,-1,0,5,0,0,0,0,3,1,-1,6,1,91,11,1560,2,16,FORD FOCUS,7,E01013098,0,4
2024201434524,2024,201434524,2,9,0,-1,19,6,2,-1,0,0,0,0,0,0,2,1,-1,6,1,58,9,1796,1,20,FORD FOCUS,8,E01031019,0,2
2024361476480,2024,361476480,1,9,3,-1,13,6,2,-1,0,0,4,0,0,0,4,1,-1,9,1,83,11,1753,2,16,FORD FOCUS,7,E01030228,0,4
2024430309646,2024,430309646,2,9,0,2,2,2,6,0,0,0,0,0,0,0,2,1,6,6,2,29,6,999,1,5,FORD FOCUS,1,E01016441,0,3
2024541158224,2024,541158224,1,9,0,18,19,4,8,0,0,0,2,0,7,11,1,1,6,6,2,91,11,1596,1,14,FORD FOCUS,6,E01032075,0,1
2024131488831,2024,131488831,1,9,0,-1,19,3,7,-1,0,0,1,0,8,4,3,1,-1,9,1,19,4,1596,1,17,FORD FOCUS,1,E01011484,0,2
2024471436728,2024,471436728,2,9,0,-1,11,6,2,-1,0,1,0,0,0,0,1,1,-1,9,1,59,9,1995,2,3,FORD FOCUS,6,E01031375,0,2
2024471428078,2024,471428078,2,9,0,-1,19,1,5,-1,0,0,0,0,0,0,4,1,-1,6,1,68,10,1388,1,23,FORD FOCUS,1,E01016868,0,1
2024052400957,2024,052400957,4,9,0,2,2,0,0,0,0,1,0,4,7,0,1,1,6,6,3,-1,-1,1596,1,20,FORD FOCUS,-1,-1,0,-1
2024411440226,2024,411440226,1,9,0,-1,19,1,5,-1,0,0,0,0,0,0,1,1,-1,6,1,37,7,1560,2,13,FORD FOCUS,5,E01018158,0,4
2024201440156,2024,201440156,2,9,0,-1,4,2,6,-1,0,8,0,0,0,0,2,1,-1,9,1,23,5,999,1,4,FORD FOCUS,1,E01009375,0,1
2024201462022,2024,201462022,1,9,0,-1,19,2,6,-1,0,6,0,0,0,0,3,1,-1,2,1,22,5,999,1,9,FORD FOCUS,2,E01009991,0,2
2024161503206,2024,161503206,2,9,0,-1,2,0,0,-1,0,2,0,0,0,0,2,1,-1,6,-1,-1,-1,999,1,9,FORD FOCUS,-1,-1,0,-1
2024041455049,2024,041455049,1,9,0,-1,19,7,3,-1,0,0,0,0,0,0,1,1,-1,6,3,-1,-1,1499,2,7,FORD FOCUS,-1,-1,0,-1
2024547917024,2024,547917024,2,9,0,2,2,0,0,0,0,0,0,0,0,0,1,1,6,6,3,-1,-1,1560,2,12,FORD FOCUS,-1,-1,0,-1
2024421401979,2024,421401979,2,9,0,-1,4,5,1,-1,0,0,0,0,0,0,2,1,-1,9,2,64,9,1499,2,8,FORD FOCUS,2,E01021286,0,3
2024070109779,2024,070109779,1,9,0,16,19,2,6,0,0,0,0,0,0,0,1,1,1,1,2,55,8,1499,2,6,FORD FOCUS,10,E01018641,0,3
2024471409078,2024,471409078,1,9,0,-1,9,7,5,-1,0,8,0,0,0,0,1,1,-1,9,2,70,10,1596,1,17,FORD FOCUS,4,E01030816,0,4
2024011486295,2024,011486295,1,9,0,-1,19,6,2,-1,0,0,0,0,0,0,1,9,-1,6,-1,-1,-1,999,1,9,FORD FOCUS,-1,-1,0,-1
2024141488714,2024,141488714,2,9,0,-1,19,5,1,-1,0,1,1,0,0,0,1,1,-1,9,1,27,6,999,1,7,FORD FOCUS,1,E01007734,0,1
2024010545716,2024,010545716,2,9,0,99,99,9,9,99,99,9,9,99,9,99,9,9,6,6,3,-1,-1,1596,1,9,FORD FOCUS,-1,-1,0,-1
2024010527652,2024,010527652,3,9,0,2,2,0,0,0,0,2,0,0,0,0,3,1,6,6,3,-1,-1,999,1,8,FORD FOCUS,-1,-1,0,-1
2024421533044,2024,421533044,1,9,0,-1,19,8,2,-1,0,0,0,0,0,0,1,1,-1,9,1,54,8,1596,1,15,FORD FOCUS,5,E01022021,0,2
2024201395600,2024,201395600,1,9,0,-1,12,8,6,-1,0,1,0,0,0,0,3,1,-1,6,1,65,9,999,1,7,FORD FOCUS,-1,-1,0,-1
2024351433470,2024,351433470,1,9,0,-1,7,1,2,-1,0,1,0,0,0,0,1,1,-1,6,1,37,7,998,1,10,FORD FOCUS,6,E01017540,0,3
2024622400418,2024,622400418,2,9,0,18,19,1,5,0,0,1,0,0,0,0,1,1,2,2,1,68,10,1596,1,19,FORD FOCUS,6,W01001814,0,1
2024131480634,2024,131480634,1,9,0,-1,13,1,5,-1,0,0,0,0,7,11,1,1,-1,9,1,27,6,1999,1,7,FORD FOCUS,1,E01010623,0,2
2024052400287,2024,052400287,2,9,0,18,19,6,2,0,0,8,0,0,1,11,1,1,6,6,1,24,5,999,1,4,FORD FOCUS,1,E01007085,0,3
2024622400080,2024,622400080,3,9,0,18,19,7,3,0,0,0,0,0,0,0,2,1,6,6,1,58,9,999,1,4,FORD FOCUS,7,W01001757,0,1
2024440196163,2024,440196163,3,9,0,2,2,0,0,0,0,0,0,0,0,0,1,1,6,6,1,49,8,999,1,8,FORD FOCUS,-1,-1,0,-1
2024451514420,2024,451514420,1,9,0,-1,3,7,3,-1,0,1,0,99,0,0,2,1,-1,9,2,51,8,1596,1,15,FORD FOCUS,8,E01030537,0,3
2024211490208,2024,211490208,2,9,0,-1,19,2,6,-1,0,0,0,0,0,0,1,1,-1,6,1,32,6,1596,1,18,FORD FOCUS,-1,-1,0,-1
2024161436049,2024,161436049,2,9,0,-1,19,5,1,-1,0,0,0,0,0,0,1,9,-1,6,3,-1,-1,1499,2,7,FORD FOCUS,-1,-1,0,-1
2024430269118,2024,430269118,2,9,0,18,19,8,4,0,0,0,0,0,0,0,2,1,6,6,1,40,7,999,1,2,FORD FOCUS,2,E01002505,0,3
2024340WN0872,2024,340WN0872,1,9,0,-1,19,6,2,-1,0,0,0,0,1,0,1,1,-1,6,1,38,7,999,1,9,FORD FOCUS,3,E01027319,0,4
2024520402372,2024,520402372,1,9,0,18,19,2,6,0,0,0,0,0,0,0,1,1,6,6,1,72,10,999,1,8,FORD FOCUS,4,E01029230,0,3
2024471400815,2024,471400815,1,9,0,-1,19,5,1,-1,0,0,0,0,1,10,1,1,-1,9,2,51,8,1596,1,14,FORD FOCUS,10,E01031760,0,1
2024401460816,2024,401460816,2,9,0,-1,3,5,1,-1,0,0,0,0,0,0,3,9,-1,2,1,60,9,1596,1,13,FORD FOCUS,1,E01017466,0,1
2024302400625,2024,302400625,1,9,0,18,19,6,2,0,0,2,0,0,0,0,3,1,6,6,1,35,6,1999,1,7,FORD FOCUS,10,E01013461,0,1
202460Q182327,2024,60Q182327,1,9,0,9,9,6,4,0,0,8,0,0,0,0,1,1,6,6,1,26,6,999,1,7,FORD FOCUS,-1,-1,0,-1
2024440471539,2024,440471539,1,9,0,5,5,2,4,0,0,3,0,0,1,1,3,1,6,6,1,79,11,999,8,0,FORD FOCUS,4,E01022523,0,1
2024552401159,2024,552401159,2,9,0,18,19,2,6,0,0,8,0,0,0,0,1,1,6,6,2,63,9,1499,2,8,FORD FOCUS,7,E01020514,0,1
2024320702877,2024,320702877,2,9,0,-1,-1,6,2,0,0,0,1,0,1,9,1,1,6,6,1,51,8,1499,2,9,FORD FOCUS,3,E01026041,0,4
2024122401166,2024,122401166,2,9,0,18,19,1,5,0,0,0,0,0,0,0,2,1,2,2,1,52,8,999,1,1,FORD FOCUS,8,E01012294,0,4
2024010537201,2024,010537201,1,9,0,2,2,0,0,4,4,1,0,0,0,0,4,1,6,6,3,-1,-1,1596,1,12,FORD FOCUS,-1,-1,0,-1
2024201436989,2024,201436989,1,9,0,-1,19,3,7,-1,0,8,0,0,0,0,2,9,-1,6,2,-1,-1,1560,2,12,FORD FOCUS,-1,-1,0,-1
2024131463922,2024,131463922,2,9,0,-1,19,7,3,-1,0,8,0,0,0,0,1,1,-1,9,1,38,7,1596,1,15,FORD FOCUS,6,E01011883,0,1
2024421428876,2024,421428876,1,9,0,-1,9,7,4,-1,0,0,0,0,0,0,1,1,-1,9,2,43,7,1560,2,12,FORD FOCUS,8,E01021607,0,3
2024991410845,2024,991410845,1,9,0,-1,5,6,2,-1,0,4,0,0,0,0,1,1,-1,1,2,45,7,1560,2,11,FORD FOCUS,1,-1,0,2
2024141521852,2024,141521852,1,9,0,-1,9,5,5,-1,0,1,0,0,0,0,1,1,-1,1,1,23,5,1596,1,18,FORD FOCUS,1,E01013300,0,4
2024991483061,2024,991483061,1,9,0,-1,19,4,8,-1,0,2,0,0,0,0,3,1,-1,2,1,29,6,1596,1,10,FORD FOCUS,2,-1,0,1
2024351432222,2024,351432222,7,9,0,-1,4,5,1,-1,0,0,0,0,0,0,2,1,-1,6,1,71,10,1498,1,7,FORD FOCUS,7,E01021173,0,5
2024302400240,2024,302400240,1,9,0,18,19,2,6,0,0,0,0,0,0,0,1,1,1,1,1,43,7,1560,2,11,FORD FOCUS,5,E01019432,0,1
2024221469076,2024,221469076,2,9,0,-1,19,1,5,-1,0,8,0,0,0,0,4,1,-1,6,1,52,8,1560,2,12,FORD FOCUS,5,E01029352,0,4
2024101485932,2024,101485932,1,9,0,-1,7,8,3,-1,0,8,0,0,0,0,3,1,-1,9,2,60,9,999,1,3,FORD FOCUS,4,E01020903,0,4
2024050579701,2024,050579701,2,9,0,18,19,8,4,0,0,1,0,0,4,0,1,1,6,6,1,30,6,1596,1,16,FORD FOCUS,9,E01018545,0,1
2024010535371,2024,010535371,2,9,0,2,2,0,0,0,0,0,0,0,0,0,2,1,6,6,3,-1,-1,1596,1,16,FORD FOCUS,-1,-1,0,-1
2024991408124,2024,991408124,1,9,0,-1,19,3,7,-1,0,2,0,0,0,0,1,1,-1,7,2,43,7,999,1,7,FORD FOCUS,8,-1,0,1
2024231449902,2024,231449902,1,9,0,-1,19,1,6,-1,0,0,0,0,1,4,1,1,-1,6,1,44,7,1560,2,12,FORD FOCUS,3,E01009792,0,4
2024440247792,2024,440247792,1,9,0,18,19,4,8,0,0,0,0,0,0,0,1,1,6,6,1,33,6,999,1,3,FORD FOCUS,4,E01028500,0,5
2024471467199,2024,471467199,1,9,0,-1,19,7,3,-1,0,0,1,4,0,0,1,1,-1,9,1,24,5,1596,1,17,FORD FOCUS,9,E01031793,0,1
2024101513735,2024,101513735,1,9,-1,-1,7,3,1,-1,0,0,0,0,0,0,-1,9,-1,6,1,67,10,999,1,9,FORD FOCUS,5,E01008758,0,1
2024361476912,2024,361476912,3,9,0,-1,4,6,2,-1,0,0,0,0,0,0,2,1,-1,9,2,56,9,1596,1,16,FORD FOCUS,7,E01026939,0,1
2024010523999,2024,010523999,1,9,0,8,8,1,3,0,0,2,0,0,0,0,3,1,6,6,1,34,6,1596,1,12,FORD FOCUS,-1,-1,0,-1
2024141468526,2024,141468526,1,9,0,-1,7,5,1,-1,0,4,0,0,0,0,4,1,-1,6,1,23,5,999,1,8,FORD FOCUS,1,E01007714,0,2
2024041457645,2024,041457645,3,9,0,-1,2,0,0,-1,0,0,0,0,0,0,2,1,-1,9,1,63,9,1560,2,12,FORD FOCUS,2,E01025044,0,2
2024421427181,2024,421427181,1,9,0,-1,19,6,1,-1,0,0,2,0,0,0,1,1,-1,9,1,19,4,998,1,12,FORD FOCUS,7,E01000427,0,4
2024061481067,2024,061481067,3,9,0,-1,7,5,8,-1,0,1,0,0,0,0,0,1,-1,8,1,34,6,2261,1,1,FORD FOCUS,-1,-1,0,-1
2024201472467,2024,201472467,1,9,0,-1,19,8,6,-1,0,8,0,0,0,0,1,1,-1,6,1,52,8,999,1,6,FORD FOCUS,1,E01009141,0,1
2024320589080,2024,320589080,2,9,0,-1,-1,5,1,0,0,8,0,4,0,0,3,1,6,6,2,43,7,999,1,9,FORD FOCUS,1,E01026374,0,1
2024010518013,2024,010518013,1,9,0,4,4,7,3,0,0,0,0,0,0,0,1,1,6,6,1,25,5,998,1,11,FORD FOCUS,4,E01002645,0,1
2024061478529,2024,061478529,3,9,0,-1,19,3,7,-1,0,0,0,0,0,0,2,1,-1,9,1,27,6,1999,1,9,FORD FOCUS,8,E01006345,0,2
2024131528473,2024,131528473,3,9,0,-1,15,1,5,-1,0,0,0,0,0,0,1,1,-1,2,2,47,8,1560,2,15,FORD FOCUS,1,E01011747,0,1
2024010499015,2024,010499015,1,9,0,9,9,1,7,0,0,1,0,10,1,2,1,1,6,6,1,34,6,1596,1,16,FORD FOCUS,6,E01000582,0,2
2024101529654,2024,101529654,1,9,0,-1,7,3,1,-1,0,0,0,0,0,0,4,1,-1,6,2,50,8,1560,2,9,FORD FOCUS,2,E01020668,0,3
2024161461112,2024,161461112,1,9,0,-1,19,7,3,-1,0,1,0,7,0,0,2,1,-1,6,2,38,7,1499,2,6,FORD FOCUS,4,E01013314,0,3
2024520403404,2024,520403404,2,9,0,18,19,4,8,0,0,0,0,0,0,0,1,1,6,6,2,27,6,1997,2,7,FORD FOCUS,10,E01035124,0,1
2024440015480,2024,440015480,2,9,0,18,19,7,3,0,0,1,0,10,0,0,3,1,3,7,2,42,7,1596,1,16,FORD FOCUS,5,E01022666,0,2
2024311500430,2024,311500430,1,9,0,-1,19,1,5,-1,0,1,0,0,0,0,1,1,-1,2,1,27,6,1596,1,18,FORD FOCUS,-1,-1,0,-1
2024522402566,2024,522402566,2,9,0,7,7,4,6,0,0,6,0,0,0,0,1,1,6,6,1,31,6,1498,1,8,FORD FOCUS,8,E01014847,0,2
2024320310473,2024,320310473,1,9,0,9,9,6,5,0,0,6,0,0,0,0,3,1,6,6,2,69,10,998,1,12,FORD FOCUS,8,E01026222,0,1
2024101493659,2024,101493659,1,9,0,-1,19,3,7,-1,0,3,1,10,1,0,1,1,-1,9,1,23,5,1999,1,6,FORD FOCUS,-1,-1,0,-1
2024440016938,2024,440016938,1,9,0,7,7,2,4,0,0,6,0,0,0,0,1,1,6,6,2,27,6,999,1,5,FORD FOCUS,9,E01035440,0,2
2024501432375,2024,501432375,1,9,0,-1,9,1,6,-1,0,2,0,0,1,0,3,1,-1,9,1,36,7,1498,1,7,FORD FOCUS,10,E01002189,0,5
2024041499271,2024,041499271,1,9,0,-1,9,1,7,-1,0,8,0,0,0,0,1,1,-1,9,1,21,5,1560,2,10,FORD FOCUS,1,E01012670,0,1
2024421421962,2024,421421962,1,9,0,-1,4,1,5,-1,0,1,0,0,0,0,1,9,-1,6,3,-1,-1,999,1,9,FORD FOCUS,-1,-1,0,-1
2024501423788,2024,501423788,1,9,0,-1,2,0,0,-1,0,0,0,0,0,0,4,1,-1,6,2,56,9,1596,1,15,FORD FOCUS,4,E01019927,0,1
2024501472266,2024,501472266,1,9,0,-1,19,7,3,-1,0,2,2,0,2,9,4,1,-1,2,1,19,4,1596,1,21,FORD FOCUS,5,E01020308,0,4
2024631405380,2024,631405380,2,9,0,-1,19,5,2,-1,0,0,0,0,1,10,3,1,-1,9,2,80,11,1560,2,15,FORD FOCUS,5,W01000539,0,3
2024451482124,2024,451482124,2,9,0,-1,4,6,1,-1,0,1,0,0,0,0,2,2,-1,6,1,32,6,1997,2,12,FORD FOCUS,2,E01003540,0,4
2024211426540,2024,211426540,1,9,0,-1,19,1,5,-1,0,0,0,0,0,0,4,1,-1,6,1,56,9,999,1,5,FORD FOCUS,4,-1,0,5
2024401432669,2024,401432669,1,9,0,-1,-1,-1,-1,-1,0,4,2,0,0,0,1,9,-1,6,3,-1,-1,999,1,2,FORD FOCUS,-1,-1,0,-1
2024991405495,2024,991405495,2,9,0,-1,19,7,3,-1,0,0,0,0,1,2,1,9,-1,6,1,-1,-1,1596,1,14,FORD FOCUS,-1,-1,0,-1
2024010534834,2024,010534834,2,9,0,5,5,3,7,0,0,1,0,0,0,0,1,1,6,6,2,25,5,1596,1,12,FORD FOCUS,5,E01033787,0,3
2024421462919,2024,421462919,2,9,0,-1,19,3,7,-1,0,2,0,0,0,0,4,9,-1,6,2,39,7,1596,1,12,FORD FOCUS,6,E01021525,0,1
2024010505395,2024,010505395,1,9,0,4,4,1,5,0,0,0,0,0,0,0,1,1,6,6,1,44,7,1596,1,17,FORD FOCUS,-1,-1,0,-1
2024122400584,2024,122400584,1,9,0,10,10,7,5,0,0,6,0,0,3,1,4,1,6,6,1,61,9,999,8,1,FORD FOCUS,1,E01010748,0,5
2024221508561,2024,221508561,1,9,0,-1,19,1,6,-1,0,0,5,0,2,10,1,1,-1,6,2,45,7,2521,1,18,FORD FOCUS,5,E01014056,0,2
2024440363203,2024,440363203,2,9,0,18,19,7,3,0,0,1,0,0,0,0,1,1,6,6,3,-1,-1,999,1,9,FORD FOCUS,-1,-1,0,-1
2024010498745,2024,010498745,2,9,0,18,19,7,3,0,0,1,0,0,0,0,1,1,6,6,1,32,6,1596,1,13,FORD FOCUS,8,E01001402,0,1
2024411538189,2024,411538189,2,9,-1,-1,-1,-1,-1,-1,-1,0,-1,-1,-1,0,-1,9,-1,6,1,33,6,1596,1,10,FORD FOCUS,5,E01002507,0,4
2024311517229,2024,311517229,2,9,0,-1,19,6,2,-1,0,8,0,0,0,0,3,1,-1,2,2,31,6,1499,2,7,FORD FOCUS,-1,-1,0,-1
2024531457858,2024,531457858,2,9,0,-1,19,1,5,-1,0,1,0,0,0,0,4,1,-1,2,1,53,8,1796,1,25,FORD FOCUS,1,E01032311,0,4
2024421491733,2024,421491733,2,9,0,-1,4,3,6,-1,0,0,0,0,0,0,2,1,-1,6,2,35,6,1499,2,9,FORD FOCUS,5,E01003661,0,3
2024031511638,2024,031511638,1,9,0,-1,19,1,7,-1,0,0,0,4,0,0,1,1,-1,6,1,44,7,1560,2,14,FORD FOCUS,10,E01019238,0,1
2024440420740,2024,440420740,1,9,0,5,5,8,4,0,0,4,0,0,0,0,1,1,6,6,1,27,6,999,1,4,FORD FOCUS,-1,-1,0,-1
2024031416425,2024,031416425,3,9,0,-1,3,3,7,-1,0,2,0,0,0,0,2,1,-1,9,1,48,8,999,1,8,FORD FOCUS,1,E01019193,0,1
2024471397191,2024,471397191,1,9,0,-1,19,3,7,-1,0,0,0,0,0,0,1,1,-1,6,1,84,11,1798,1,14,FORD FOCUS,9,E01031721,0,1
2024522403118,2024,522403118,1,9,0,18,19,1,5,0,0,0,0,0,1,10,1,1,6,6,1,56,9,998,1,11,FORD FOCUS,6,E01014781,0,2
2024361551629,2024,361551629,1,9,0,-1,4,7,3,-1,0,8,0,0,0,0,4,1,-1,6,2,35,6,1499,2,6,FORD FOCUS,8,E01026470,0,1
2024522402094,2024,522402094,2,9,0,18,19,6,2,0,0,1,0,0,0,0,1,1,6,6,3,-1,-1,1596,1,12,FORD FOCUS,-1,-1,0,-1
2024070610099,2024,070610099,1,9,0,4,4,4,8,0,0,0,0,0,0,0,3,1,6,6,1,-1,-1,1596,1,11,FORD FOCUS,-1,-1,0,-1
2024461485586,2024,461485586,1,9,0,-1,19,7,3,-1,0,0,0,4,0,0,1,9,-1,9,1,44,7,1560,2,14,FORD FOCUS,4,E01024623,0,1
2024141473895,2024,141473895,1,9,0,-1,4,2,6,-1,0,1,0,0,0,0,2,1,-1,9,1,62,9,1560,2,16,FORD FOCUS,6,E01007455,0,3
2024541981224,2024,541981224,1,9,0,4,4,1,5,0,0,0,0,0,0,0,2,1,6,6,2,66,10,1753,2,18,FORD FOCUS,1,E01014647,0,4
2024122400185,2024,122400185,1,9,0,13,13,7,3,0,0,7,0,0,0,0,3,1,6,6,1,27,6,1753,2,17,FORD FOCUS,7,E01027788,0,1
2024070398167,2024,070398167,1,9,0,18,19,7,5,0,0,1,0,0,0,0,1,1,6,6,1,21,5,999,8,0,FORD FOCUS,9,E01012376,0,1
2024451491245,2024,451491245,1,9,0,-1,19,7,3,-1,0,1,0,0,0,0,4,1,-1,1,1,24,5,1499,2,8,FORD FOCUS,4,E01001264,0,3
2024501440399,2024,501440399,2,9,0,-1,3,8,4,-1,0,1,0,0,0,0,1,1,-1,9,1,70,10,1499,2,8,FORD FOCUS,4,E01018909,0,1
2024010497069,2024,010497069,1,9,0,18,19,1,5,0,0,2,0,0,0,0,1,1,6,6,2,32,6,1596,1,16,FORD FOCUS,6,E01001040,0,1
2024211395621,2024,211395621,1,9,0,-1,11,2,3,-1,0,0,0,10,0,0,4,9,-1,9,1,38,7,1560,2,10,FORD FOCUS,5,E01029595,0,2
2024161444608,2024,161444608,2,9,0,-1,2,0,0,-1,0,0,0,0,0,0,1,1,-1,6,-1,-1,-1,1997,2,11,FORD FOCUS,-1,-1,0,-1
2024501488495,2024,501488495,1,9,0,-1,9,4,2,-1,0,1,0,0,0,0,1,1,-1,9,2,59,9,1560,2,13,FORD FOCUS,9,E01019984,0,1
2024440318215,2024,440318215,1,9,0,18,19,1,0,0,0,0,2,6,0,0,2,1,6,6,2,36,7,1560,2,11,FORD FOCUS,5,E01035458,0,3
2024010535854,2024,010535854,2,9,0,99,99,9,9,99,99,6,9,99,9,99,9,9,6,6,3,-1,-1,1596,1,18,FORD FOCUS,-1,-1,0,-1
2024201479338,2024,201479338,1,9,0,-1,19,4,8,-1,0,0,0,4,0,0,1,9,-1,6,1,20,4,2521,1,18,FORD FOCUS,-1,-1,0,-1
2024542035624,2024,542035624,1,9,0,18,19,5,1,0,0,0,0,0,1,9,3,1,2,2,1,23,5,2521,1,16,FORD FOCUS,7,E01033841,0,2
2024991416952,2024,991416952,2,9,0,-1,19,3,7,-1,0,1,0,0,0,0,1,1,-1,2,1,50,8,1499,2,7,FORD FOCUS,8,-1,0,1
2024351437741,2024,351437741,2,9,-1,-1,-1,-1,-1,-1,-1,0,-1,-1,-1,0,-1,9,-1,9,2,38,7,998,1,11,FORD FOCUS,8,E01030117,0,4