collision_index,collision_year,collision_ref_no,vehicle_reference,vehicle_type,towing_and_articulation,vehicle_manoeuvre_historic,vehicle_manoeuvre,vehicle_direction_from,vehicle_direction_to,vehicle_location_restricted_lane_historic,vehicle_location_restricted_lane,junction_location,skidding_and_overturning,hit_object_in_carriageway,vehicle_leaving_carriageway,hit_object_off_carriageway,first_point_of_impact,vehicle_left_hand_drive,journey_purpose_of_driver_historic,journey_purpose_of_driver,sex_of_driver,age_of_driver,age_band_of_driver,engine_capacity_cc,propulsion_code,age_of_vehicle,generic_make_model,driver_imd_decile,lsoa_of_driver,escooter_flag,driver_distance_banding
2024991423298,2024,991423298,1,9,0,-1,19,7,3,-1,0,0,0,0,0,0,1,1,-1,9,1,75,10,1560,2,11,FORD FOCUS,1,-1,0,1
2024302500087,2024,302500087,1,9,0,-1,19,3,8,-1,0,8,0,0,0,0,1,1,-1,6,2,37,7,1596,1,17,FORD FOCUS,1,E01013584,0,1
2024131451369,2024,131451369,2,9,0,-1,9,5,3,-1,0,0,0,0,0,0,0,1,-1,2,1,45,7,1999,1,10,FORD FOCUS,3,E01011323,0,1
2024440371677,2024,440371677,2,9,0,18,19,3,7,0,0,8,0,0,0,0,1,1,2,2,2,36,7,1596,1,16,FORD FOCUS,3,E01017189,0,1
2024430304850,2024,430304850,2,9,0,16,19,7,1,0,0,8,0,0,1,11,3,1,2,2,1,45,7,999,1,9,FORD FOCUS,5,E01028636,0,1
2024031411258,2024,031411258,2,9,0,-1,19,8,4,-1,0,1,0,0,0,0,1,1,-1,9,2,49,8,999,1,5,FORD FOCUS,6,E01034075,0,2
2024522402976,2024,522402976,1,9,0,18,19,3,7,0,0,8,0,0,0,0,4,1,6,6,2,41,7,1596,1,13,FORD FOCUS,7,E01014756,0,1
2024010524429,2024,010524429,2,9,0,2,2,0,0,9,9,2,0,4,0,0,1,1,6,6,3,-1,-1,998,1,11,FORD FOCUS,-1,-1,0,-1
2024531481177,2024,531481177,2,9,0,-1,2,0,0,-1,0,0,0,0,0,0,1,1,-1,6,-1,-1,-1,1796,1,24,FORD FOCUS,-1,-1,0,-1
2024061510843,2024,061510843,3,9,0,-1,2,0,0,-1,9,0,0,0,0,0,4,1,-1,6,-1,-1,-1,1596,1,17,FORD FOCUS,-1,-1,0,-1
2024471415610,2024,471415610,1,9,0,-1,19,1,5,-1,0,0,0,7,0,0,3,1,-1,9,1,69,10,1596,1,15,FORD FOCUS,6,E01031643,0,2
2024101410674,2024,101410674,1,9,0,-1,19,3,7,-1,0,0,0,0,0,0,1,9,-1,6,1,41,7,1596,1,13,FORD FOCUS,1,E01008299,0,1
2024991514575,2024,991514575,1,9,0,-1,19,5,1,-1,0,0,1,0,0,0,4,1,-1,9,1,30,6,1596,1,18,FORD FOCUS,6,-1,0,1
2024320603858,2024,320603858,1,9,0,-1,-1,4,8,0,0,6,0,0,0,0,1,1,-1,-1,1,41,7,1560,2,10,FORD FOCUS,2,E01026084,0,1
2024421471121,2024,421471121,1,9,0,-1,11,3,7,-1,0,0,0,0,0,0,4,1,-1,6,1,-1,-1,1999,1,18,FORD FOCUS,-1,-1,0,-1
2024991416369,2024,991416369,1,9,0,-1,19,8,4,-1,0,0,0,0,0,0,1,1,-1,6,1,32,6,999,1,7,FORD FOCUS,7,-1,0,3
2024131523447,2024,131523447,6,9,0,-1,2,0,0,-1,-1,0,0,0,0,0,3,1,-1,6,-1,-1,-1,1499,2,7,FORD FOCUS,-1,-1,0,-1
2024041427228,2024,041427228,1,9,0,-1,19,3,7,-1,0,0,2,0,1,9,1,1,-1,2,1,19,4,998,1,10,FORD FOCUS,2,E01004849,0,2
2024122401230,2024,122401230,1,9,0,9,9,9,9,0,0,2,0,0,0,0,1,1,6,6,2,36,7,999,1,9,FORD FOCUS,8,E01027688,0,3
2024010508135,2024,010508135,1,9,0,99,99,9,9,99,99,9,9,99,9,99,9,9,6,6,1,33,6,998,1,10,FORD FOCUS,4,E01034185,0,3
2024201491617,2024,201491617,2,9,0,-1,3,1,5,-1,0,0,0,0,0,0,2,1,-1,6,1,48,8,1997,2,9,FORD FOCUS,1,E01009174,0,2
2024522403324,2024,522403324,2,9,0,18,19,5,1,0,0,0,0,0,0,0,1,1,6,6,2,33,6,1499,2,8,FORD FOCUS,6,E01019924,0,4
2024070448427,2024,070448427,1,9,0,18,19,7,3,0,0,0,0,0,0,0,0,1,3,7,2,33,6,1560,2,10,FORD FOCUS,7,E01034673,0,1
2024211433842,2024,211433842,1,9,0,-1,19,5,4,-1,0,0,0,0,0,0,1,1,-1,1,1,66,10,1596,1,17,FORD FOCUS,8,E01029865,0,1
2024411398356,2024,411398356,1,9,0,-1,5,-1,-1,-1,0,8,0,0,0,0,1,9,-1,6,2,56,9,1596,1,18,FORD FOCUS,5,E01023304,0,1
2024440182186,2024,440182186,1,9,0,18,19,7,3,0,0,1,0,0,0,0,1,1,2,2,1,61,9,1596,1,17,FORD FOCUS,6,E01017072,0,1
2024010526229,2024,010526229,2,9,0,99,99,9,9,99,99,9,9,99,9,99,9,9,6,6,3,-1,-1,1596,1,15,FORD FOCUS,-1,-1,0,-1
2024351531641,2024,351531641,2,9,0,-1,6,1,5,-1,0,0,0,0,0,0,1,1,-1,9,1,20,4,1560,2,13,FORD FOCUS,3,E01018093,0,1
2024311486297,2024,311486297,1,9,0,-1,9,1,5,-1,0,1,0,0,0,0,1,1,-1,6,1,43,7,1753,2,23,FORD FOCUS,3,E01028225,0,1
2024111482644,2024,111482644,1,9,0,-1,5,2,4,-1,0,1,1,0,0,0,1,1,-1,9,1,24,5,999,1,3,FORD FOCUS,1,E01020816,0,1
2024430227079,2024,430227079,1,9,0,9,9,7,5,0,0,1,0,0,0,0,4,1,6,6,1,81,11,999,1,9,FORD FOCUS,6,E01028558,0,1
2024461461087,2024,461461087,2,9,0,-1,5,5,1,-1,0,0,0,0,0,0,2,1,-1,6,2,19,4,999,1,5,FORD FOCUS,2,E01024154,0,1
2024122401309,2024,122401309,1,9,0,18,19,8,4,0,0,2,0,0,0,0,1,1,6,6,1,38,7,1596,1,17,FORD FOCUS,6,E01034965,0,1
2024010513382,2024,010513382,2,9,0,99,99,9,9,99,99,9,9,99,9,99,2,9,6,6,2,47,8,998,1,10,FORD FOCUS,3,E01002603,0,1
2024161423753,2024,161423753,2,9,0,-1,19,5,1,-1,0,8,0,0,0,0,1,1,-1,2,1,20,4,1560,2,12,FORD FOCUS,1,E01012854,0,1
2024201481494,2024,201481494,1,9,0,-1,5,5,1,-1,0,0,0,0,0,0,1,1,-1,6,2,-1,-1,1596,1,13,FORD FOCUS,-1,-1,0,-1
202454C445424,2024,54C445424,1,9,0,18,19,2,6,0,0,0,0,0,1,4,1,1,6,6,1,28,6,1499,2,3,FORD FOCUS,4,E01031859,0,1
2024161492160,2024,161492160,3,9,0,-1,2,0,0,-1,0,2,0,0,0,0,3,1,-1,6,-1,-1,-1,1596,1,13,FORD FOCUS,-1,-1,0,-1
2024201400725,2024,201400725,2,9,0,-1,19,4,8,-1,0,0,0,0,0,0,2,1,-1,6,2,36,7,1560,2,13,FORD FOCUS,1,E01014237,0,4
2024031534010,2024,031534010,1,9,0,-1,4,7,3,-1,0,0,0,0,0,0,2,1,-1,6,1,45,7,999,1,5,FORD FOCUS,-1,-1,0,-1
2024041400011,2024,041400011,1,9,0,-1,19,1,5,-1,0,3,0,0,0,0,4,1,-1,9,1,78,11,1596,1,16,FORD FOCUS,1,E01025574,0,2
2024311418797,2024,311418797,1,9,0,-1,19,2,6,-1,0,1,1,0,0,0,1,1,-1,2,1,31,6,2521,1,15,FORD FOCUS,1,E01013820,0,1
2024302400928,2024,302400928,1,9,0,18,19,6,2,0,0,2,0,0,0,0,4,1,6,6,2,43,7,1596,1,13,FORD FOCUS,1,E01019452,0,1
2024440370129,2024,440370129,1,9,0,18,19,1,5,0,0,0,0,0,0,0,4,1,6,6,1,46,8,2521,1,18,FORD FOCUS,3,E01017364,0,1
2024061456534,2024,061456534,2,9,0,-1,19,5,1,-1,0,0,0,0,0,0,0,1,-1,1,1,28,6,999,1,2,FORD FOCUS,1,E01005383,0,1
2024010548246,2024,010548246,2,9,0,10,10,5,2,0,0,2,0,0,0,0,1,1,2,2,1,40,7,1499,2,6,FORD FOCUS,8,E01003709,0,1
2024541226024,2024,541226024,1,9,0,18,19,4,8,0,0,0,0,0,0,0,1,1,6,6,1,54,8,1596,1,18,FORD FOCUS,8,E01032112,0,4
2024010524998,2024,010524998,3,9,3,2,2,0,0,0,0,0,0,0,0,0,3,2,6,6,3,-1,-1,1596,1,10,FORD FOCUS,-1,-1,0,-1
2024211456445,2024,211456445,2,9,0,-1,19,4,6,-1,0,1,5,7,0,0,1,1,-1,6,1,33,6,1997,2,16,FORD FOCUS,1,E01014328,0,1
2024211494751,2024,211494751,1,9,0,-1,-1,5,7,-1,-1,4,0,0,0,0,1,1,-1,-1,2,38,7,998,1,11,FORD FOCUS,1,E01034311,0,1
2024320293126,2024,320293126,1,9,0,9,9,4,2,0,0,5,0,0,0,0,1,1,-1,-1,2,39,7,1499,2,7,FORD FOCUS,3,E01026017,0,3
2024361410928,2024,361410928,1,9,0,-1,1,-1,-1,-1,0,0,0,0,0,0,0,1,-1,6,2,58,9,999,1,9,FORD FOCUS,4,E01026888,0,1
2024501428790,2024,501428790,1,9,0,-1,19,7,5,-1,0,1,0,0,0,0,3,9,-1,6,2,58,9,1560,2,12,FORD FOCUS,5,E01020137,0,3
2024302401045,2024,302401045,1,9,0,18,19,7,3,0,0,0,0,0,0,0,1,1,6,6,1,39,7,998,1,11,FORD FOCUS,4,E01028228,0,1
2024041496779,2024,041496779,1,9,0,-1,9,5,1,-1,0,0,0,0,0,0,1,1,-1,9,1,30,6,999,1,6,FORD FOCUS,4,E01019745,0,4
2024411412483,2024,411412483,3,9,0,-1,19,5,1,-1,0,1,0,0,0,0,2,1,-1,6,1,39,7,1596,1,13,FORD FOCUS,9,E01023559,0,1
2024531536939,2024,531536939,1,9,0,-1,7,8,4,-1,0,4,0,0,0,0,1,1,-1,6,2,22,5,999,1,8,FORD FOCUS,2,E01022320,0,1
202417S110124,2024,17S110124,1,9,0,-1,7,2,4,-1,0,8,0,0,0,0,1,1,-1,9,2,37,7,999,1,9,FORD FOCUS,9,E01012224,0,1
2024991497529,2024,991497529,2,9,0,-1,2,0,0,-1,0,0,0,0,0,0,2,1,-1,6,2,38,7,1560,2,10,FORD FOCUS,-1,-1,0,-1
2024010499199,2024,010499199,1,9,0,99,99,9,9,99,99,9,9,99,9,99,1,9,6,6,3,-1,-1,999,1,8,FORD FOCUS,-1,-1,0,-1
2024340WN3512,2024,340WN3512,2,9,0,-1,19,7,3,-1,0,8,0,0,0,0,4,1,-1,9,1,41,7,1560,2,13,FORD FOCUS,1,E01027199,0,1
2024332400451,2024,332400451,1,9,0,-1,19,6,2,-1,0,0,0,0,5,6,3,1,-1,6,1,-1,-1,1596,1,21,FORD FOCUS,-1,-1,0,-1
2024201511776,2024,201511776,2,9,0,-1,19,6,2,-1,0,0,0,0,0,0,1,1,-1,6,1,58,9,999,1,1,FORD FOCUS,8,E01010357,0,2
2024010546816,2024,010546816,1,9,0,4,4,7,3,0,0,1,0,0,0,0,1,1,6,6,1,25,5,1499,2,4,FORD FOCUS,2,E01002505,0,4
2024302400656,2024,302400656,1,9,0,7,7,3,1,0,0,8,0,0,0,0,3,1,6,6,1,72,10,1596,1,16,FORD FOCUS,4,E01019470,0,1
2024451520048,2024,451520048,2,9,0,-1,12,7,7,-1,0,0,0,0,0,0,2,1,-1,2,2,49,8,1596,1,13,FORD FOCUS,9,E01030696,0,2
2024522402921,2024,522402921,2,9,0,9,9,8,6,0,0,8,0,0,0,0,1,1,6,6,1,45,7,1753,2,17,FORD FOCUS,1,E01032518,0,1
2024461465036,2024,461465036,2,9,0,-1,3,5,1,-1,0,1,0,0,0,0,2,1,-1,9,2,60,9,1596,1,13,FORD FOCUS,4,E01024767,0,2
2024201494200,2024,201494200,1,9,0,-1,19,6,2,-1,0,2,0,0,0,0,1,1,-1,6,1,40,7,1596,1,14,FORD FOCUS,-1,-1,0,-1
2024010500971,2024,010500971,1,9,0,9,9,8,6,0,0,3,0,0,0,0,1,1,6,6,2,26,6,1596,1,14,FORD FOCUS,5,E01003704,0,1
2024010548147,2024,010548147,2,9,0,18,19,5,1,0,0,0,0,0,0,0,0,1,2,2,1,41,7,1596,1,10,FORD FOCUS,6,E01024172,0,3
2024061488790,2024,061488790,2,9,0,-1,2,0,0,-1,0,2,0,4,0,0,2,1,-1,6,-1,-1,-1,998,1,11,FORD FOCUS,-1,-1,0,-1
2024421407189,2024,421407189,3,9,0,-1,19,4,7,-1,0,0,0,0,0,0,2,1,-1,9,1,54,8,1596,1,14,FORD FOCUS,6,E01015814,0,1
2024461418073,2024,461418073,2,9,0,-1,4,4,6,-1,0,0,0,0,0,0,2,9,-1,2,2,37,7,1499,2,6,FORD FOCUS,5,E01024038,0,2
2024461433960,2024,461433960,2,9,0,-1,19,6,2,-1,0,8,0,0,0,0,1,1,-1,9,1,23,5,1560,2,13,FORD FOCUS,5,E01024243,0,2
2024010522601,2024,010522601,1,9,0,9,9,5,3,0,0,8,0,0,0,0,4,1,6,6,1,40,7,999,1,9,FORD FOCUS,2,E01001078,0,2
2024052402323,2024,052402323,1,9,0,9,9,5,3,0,0,8,0,0,0,0,1,1,6,6,1,76,11,1796,1,24,FORD FOCUS,5,E01033095,0,1
2024421495252,2024,421495252,1,9,0,-1,19,5,1,-1,0,4,0,0,0,0,1,1,-1,6,2,-1,-1,1596,1,20,FORD FOCUS,-1,-1,0,-1
2024522402740,2024,522402740,2,9,0,7,7,5,8,0,0,6,0,0,0,0,1,1,6,6,1,51,8,1499,2,4,FORD FOCUS,8,E01022335,0,4
2024311520289,2024,311520289,1,9,0,-1,19,5,5,-1,0,0,0,0,0,0,1,1,-1,6,3,-1,-1,999,1,3,FORD FOCUS,-1,-1,0,-1
2024161523526,2024,161523526,1,9,0,-1,19,3,7,-1,0,1,0,0,0,0,1,1,-1,6,1,59,9,1499,2,7,FORD FOCUS,4,E01013334,0,1
2024201532953,2024,201532953,1,9,0,-1,19,6,2,-1,0,1,0,0,0,0,1,1,-1,1,2,44,7,999,1,9,FORD FOCUS,2,E01009271,0,1
2024041515486,2024,041515486,1,9,0,-1,9,5,3,-1,0,4,0,0,0,0,1,1,-1,6,1,41,7,999,1,7,FORD FOCUS,1,E01024895,0,1
2024340NN4742,2024,340NN4742,1,9,0,-1,7,7,1,-1,0,6,0,0,0,0,3,1,-1,6,1,-1,-1,1596,1,10,FORD FOCUS,3,E01027106,0,1
2024320719284,2024,320719284,1,9,0,9,9,7,4,0,0,6,0,0,0,0,4,1,6,6,2,55,8,1560,2,8,FORD FOCUS,4,E01026230,0,3
2024351529587,2024,351529587,2,9,0,-1,19,1,5,-1,0,8,0,0,0,0,1,1,-1,6,1,30,6,1496,1,5,FORD FOCUS,7,E01035525,0,1
2024361503714,2024,361503714,1,9,0,-1,19,5,1,-1,0,0,0,0,1,0,1,1,-1,9,2,70,10,1798,1,20,FORD FOCUS,5,E01023638,0,4
2024991402152,2024,991402152,1,9,0,-1,19,7,3,-1,0,1,0,0,0,0,3,1,-1,6,1,37,7,1499,2,7,FORD FOCUS,1,-1,0,1
2024201469661,2024,201469661,1,9,0,-1,9,3,4,-1,0,0,0,0,1,0,0,1,-1,6,3,-1,-1,1499,2,4,FORD FOCUS,-1,-1,0,-1
2024552401219,2024,552401219,1,9,0,9,9,2,8,0,0,5,0,0,0,0,4,1,6,6,2,39,7,1596,1,17,FORD FOCUS,2,E01015379,0,1
2024361538904,2024,361538904,1,9,0,-1,19,6,7,-1,0,8,0,0,0,0,3,1,-1,9,2,60,9,1753,2,17,FORD FOCUS,1,E01033131,0,4
2024421522398,2024,421522398,1,9,0,-1,19,5,1,-1,0,0,1,0,0,0,4,1,-1,6,1,27,6,1596,1,13,FORD FOCUS,9,E01015982,0,1
2024010500231,2024,010500231,1,9,0,99,99,9,9,99,99,9,9,99,9,99,9,9,6,6,1,60,9,1596,1,13,FORD FOCUS,4,E01001467,0,1
2024161463002,2024,161463002,1,9,0,-1,19,1,5,-1,0,0,0,0,0,0,3,1,-1,1,1,29,6,999,1,7,FORD FOCUS,4,E01033976,0,5
2024052402627,2024,052402627,1,9,0,18,19,1,5,0,0,0,0,0,0,0,1,1,6,6,1,32,6,1560,2,10,FORD FOCUS,2,E01006945,0,1
2024201521767,2024,201521767,2,9,0,-1,9,5,1,-1,0,0,1,0,0,0,4,1,-1,9,1,71,10,998,1,11,FORD FOCUS,1,E01009270,0,2
2024440074237,2024,440074237,1,9,0,4,4,8,4,0,0,0,0,0,0,0,2,1,6,6,1,27,6,1753,2,17,FORD FOCUS,4,E01017073,0,2
2024471410748,2024,471410748,1,9,0,-1,9,5,2,-1,0,8,0,0,0,0,1,9,-1,1,1,28,6,999,1,7,FORD FOCUS,5,E01021216,0,3
2024471470707,2024,471470707,1,9,0,-1,1,3,7,-1,0,0,0,0,0,0,1,1,-1,6,2,41,7,1596,1,12,FORD FOCUS,2,E01031783,0,1
2024440007170,2024,440007170,2,9,0,16,19,2,6,0,0,0,0,0,0,0,1,1,6,6,2,49,8,1596,1,13,FORD FOCUS,10,E01023092,0,1
2024010543351,2024,010543351,2,9,0,4,4,1,5,0,0,0,0,0,0,0,1,1,4,7,2,38,7,1596,1,19,FORD FOCUS,5,E01033743,0,1
2024201448483,2024,201448483,2,9,0,-1,3,2,4,-1,0,2,0,0,0,0,2,1,-1,9,1,75,10,1560,2,15,FORD FOCUS,1,E01010066,0,1
2024371472399,2024,371472399,1,9,0,-1,9,5,3,-1,0,8,0,0,0,0,1,1,-1,6,1,24,5,1499,2,4,FORD FOCUS,6,E01029983,0,2
2024010546209,2024,010546209,1,9,0,4,4,7,3,0,0,1,0,0,0,0,2,1,6,6,2,59,9,1596,1,10,FORD FOCUS,3,E01003160,0,3
2024221486737,2024,221486737,2,9,0,-1,9,5,7,-1,0,8,0,10,0,0,3,9,-1,6,3,21,5,1560,2,13,FORD FOCUS,-1,-1,0,-1
2024991488782,2024,991488782,2,9,0,-1,19,6,2,-1,0,0,0,0,1,10,3,1,-1,9,1,26,6,1499,2,9,FORD FOCUS,8,-1,0,4
2024461430428,2024,461430428,2,9,0,-1,5,5,1,-1,0,1,0,4,0,0,1,1,-1,6,3,34,6,1596,1,13,FORD FOCUS,-1,-1,0,-1
2024131565185,2024,131565185,1,9,0,-1,19,5,1,-1,0,8,0,11,0,0,1,1,-1,2,1,27,6,1596,1,12,FORD FOCUS,4,E01011669,0,1
2024010548572,2024,010548572,1,9,0,99,99,9,9,99,99,9,9,99,9,99,1,9,6,6,2,70,10,1596,1,20,FORD FOCUS,8,E01001538,0,1
2024010524306,2024,010524306,2,9,0,2,2,0,0,0,0,2,0,4,0,0,3,1,6,6,3,-1,-1,1499,2,8,FORD FOCUS,-1,-1,0,-1
2024052400686,2024,052400686,2,9,0,3,3,8,4,0,0,8,0,0,0,0,4,1,6,6,1,31,6,1560,2,9,FORD FOCUS,1,E01006676,0,1
2024010531729,2024,010531729,2,9,0,99,99,9,9,99,99,9,9,99,9,99,9,9,6,6,2,38,7,1596,1,18,FORD FOCUS,2,E01000789,0,1
2024471447162,2024,471447162,1,9,0,-1,19,5,1,-1,0,1,0,0,0,0,1,1,-1,2,2,56,9,998,1,12,FORD FOCUS,7,E01031457,0,1
2024991536984,2024,991536984,1,9,0,-1,19,8,4,-1,0,0,0,0,0,0,1,1,-1,9,1,18,4,1499,2,4,FORD FOCUS,7,-1,0,2
2024061433777,2024,061433777,2,9,0,-1,19,3,7,-1,0,0,0,0,0,0,1,1,-1,1,1,31,6,2261,1,1,FORD FOCUS,-1,-1,0,-1
2024010511420,2024,010511420,2,9,0,99,99,9,9,0,0,9,0,0,0,0,1,9,6,6,3,-1,-1,1596,1,19,FORD FOCUS,3,E01034591,0,2
2024161455889,2024,161455889,1,9,0,-1,14,6,2,-1,0,0,0,4,0,0,1,1,-1,9,1,79,11,1753,2,18,FORD FOCUS,9,E01013395,0,4
2024610002924,2024,610002924,1,9,0,18,19,8,4,0,0,0,0,0,0,0,1,1,6,6,1,45,7,1798,1,15,FORD FOCUS,4,W01001149,0,3
2024461448336,2024,461448336,1,9,0,-1,13,4,8,-1,0,8,0,0,7,11,1,1,-1,8,1,34,6,999,1,1,FORD FOCUS,-1,-1,0,-1
2024201485881,2024,201485881,1,9,0,-1,19,3,7,-1,0,0,0,0,0,0,1,1,-1,6,1,63,9,1596,1,19,FORD FOCUS,2,E01009499,0,2
2024501503360,2024,501503360,2,9,0,-1,19,7,3,-1,0,0,0,0,0,0,1,1,-1,6,2,49,8,1596,1,17,FORD FOCUS,4,E01020313,0,3
2024010515688,2024,010515688,2,9,0,18,19,2,6,0,0,2,0,0,0,0,1,1,6,6,1,18,4,1596,1,12,FORD FOCUS,5,E01004388,0,3
2024052400483,2024,052400483,2,9,0,7,7,5,7,0,0,6,0,0,0,0,1,1,6,6,1,62,9,1596,1,16,FORD FOCUS,2,E01006970,0,1
2024010544507,2024,010544507,2,9,0,99,99,9,9,99,99,9,9,99,9,99,1,9,6,6,3,-1,-1,1596,1,12,FORD FOCUS,5,E01001041,0,1
2024471442306,2024,471442306,2,9,0,-1,19,7,3,-1,0,0,0,0,0,0,2,1,-1,6,2,72,10,1596,1,17,FORD FOCUS,8,E01031439,0,1
2024131402221,2024,131402221,1,9,0,-1,9,1,1,-1,0,1,0,0,0,0,2,1,-1,6,2,38,7,1560,2,13,FORD FOCUS,2,E01010725,0,1
2024461448336,2024,461448336,2,9,0,-1,9,4,1,-1,0,5,0,0,7,0,3,1,-1,9,1,39,7,998,1,12,FORD FOCUS,4,E01024623,0,1
2024421512704,2024,421512704,2,9,0,-1,19,7,3,-1,0,0,0,0,0,0,2,1,-1,9,2,34,6,1596,1,17,FORD FOCUS,1,E01015842,0,1
2024311518915,2024,311518915,2,9,0,-1,19,5,1,-1,0,8,0,0,0,0,1,1,-1,9,1,49,8,1997,2,8,FORD FOCUS,7,E01028326,0,3
2024401498742,2024,401498742,1,9,0,-1,4,3,7,-1,0,0,0,0,0,0,2,1,-1,9,1,52,8,999,1,6,FORD FOCUS,8,E01034434,0,1
2024122400200,2024,122400200,1,9,0,3,3,5,1,0,0,1,0,0,0,0,2,1,6,6,1,60,9,998,1,10,FORD FOCUS,1,E01011917,0,4
2024052401828,2024,052401828,2,8,0,5,5,7,3,0,0,6,0,0,0,0,4,1,6,6,1,55,8,1560,2,9,FORD FOCUS,1,E01006766,0,1
2024161441379,2024,161441379,1,9,0,-1,19,6,2,-1,0,0,0,0,5,0,4,1,-1,6,1,45,7,1560,2,13,FORD FOCUS,1,E01012854,0,1
2024070228858,2024,070228858,2,9,0,18,19,4,8,0,0,1,0,0,0,0,1,1,6,6,1,49,8,998,1,12,FORD FOCUS,2,E01018546,0,2
2024131467533,2024,131467533,1,9,0,-1,19,8,4,-1,0,8,0,0,0,0,1,1,-1,9,2,76,11,1596,1,12,FORD FOCUS,7,E01011383,0,2
2024010507412,2024,010507412,1,9,0,99,99,9,9,99,99,9,9,99,9,99,1,9,6,6,1,36,7,1499,2,8,FORD FOCUS,7,E01004081,0,1
2024501521558,2024,501521558,1,9,0,-1,19,1,5,-1,0,0,0,0,0,0,1,1,-1,6,1,36,7,1798,1,17,FORD FOCUS,2,E01015168,0,2
2024461525727,2024,461525727,2,9,0,-1,5,5,5,-1,0,2,0,0,0,0,1,1,-1,9,1,52,8,1596,1,17,FORD FOCUS,1,E01016031,0,1
2024101505822,2024,101505822,1,9,0,-1,11,5,1,-1,0,8,0,0,0,0,4,1,-1,6,1,66,10,1560,2,10,FORD FOCUS,10,E01008619,0,2
202417M206024,2024,17M206024,2,9,0,-1,19,7,3,-1,0,0,0,0,0,0,1,1,-1,6,1,-1,-1,998,1,12,FORD FOCUS,-1,-1,0,-1
2024061414763,2024,061414763,1,9,0,-1,19,3,7,-1,0,8,0,0,0,0,1,1,-1,6,1,45,7,999,1,1,FORD FOCUS,2,E01005978,0,1
2024440478381,2024,440478381,1,9,0,4,4,3,7,0,0,8,0,0,0,0,2,1,6,6,1,21,5,999,1,9,FORD FOCUS,3,E01017189,0,1
2024430526679,2024,430526679,3,9,0,2,2,0,0,0,0,2,0,0,0,0,3,1,6,6,3,-1,-1,1596,1,18,FORD FOCUS,-1,-1,0,-1
2024320487540,2024,320487540,1,9,0,-1,-1,7,3,0,0,0,0,0,1,4,1,2,1,1,1,30,6,1499,2,9,FORD FOCUS,2,E01026113,0,2
2024201513513,2024,201513513,1,9,0,-1,19,2,6,-1,0,2,0,0,0,0,1,1,-1,9,1,35,6,1499,2,8,FORD FOCUS,6,E01009878,0,2
2024522401964,2024,522401964,1,9,0,18,19,6,2,0,0,0,0,0,0,0,1,1,6,6,1,49,8,1596,1,15,FORD FOCUS,6,E01014865,0,1
2024541640724,2024,541640724,1,9,0,18,19,4,8,0,0,8,1,0,1,7,1,1,6,6,1,50,8,1596,1,14,FORD FOCUS,7,E01032016,0,3
2024471532823,2024,471532823,1,9,0,-1,5,5,1,-1,0,1,0,0,0,0,1,1,-1,9,1,77,11,998,1,10,FORD FOCUS,6,E01031376,0,1
2024440418926,2024,440418926,2,9,0,18,19,7,3,0,0,8,0,0,0,0,4,1,6,6,1,37,7,999,1,5,FORD FOCUS,3,E01017099,0,1
2024461468321,2024,461468321,1,9,0,-1,19,1,5,-1,0,0,0,0,0,0,1,9,-1,6,1,-1,-1,1596,1,12,FORD FOCUS,-1,-1,0,-1
2024131528258,2024,131528258,2,9,0,-1,9,1,6,-1,0,8,0,0,0,0,1,1,-1,9,1,36,7,1596,1,19,FORD FOCUS,6,E01011734,0,1
2024201452369,2024,201452369,1,9,0,-1,19,8,4,-1,0,0,0,10,1,2,1,9,-1,6,1,63,9,1596,1,13,FORD FOCUS,1,E01009272,0,2
2024531426583,2024,531426583,1,9,0,-1,5,3,7,-1,0,8,0,0,0,0,3,1,-1,6,2,32,6,1997,2,9,FORD FOCUS,3,E01022159,0,2
2024520402146,2024,520402146,2,9,0,9,9,7,5,0,0,8,0,0,0,0,3,1,6,6,2,56,9,1995,2,5,FORD FOCUS,10,E01032080,0,4
2024131394104,2024,131394104,1,9,0,-1,9,5,3,-1,0,1,0,0,0,0,1,1,-1,6,2,24,5,1560,2,14,FORD FOCUS,2,E01010716,0,3
2024421422105,2024,421422105,2,9,0,-1,5,1,1,-1,0,0,0,0,0,0,1,9,-1,1,1,37,7,1798,1,15,FORD FOCUS,-1,-1,0,-1
2024041500555,2024,041500555,1,9,0,-1,19,3,7,-1,0,6,0,0,0,0,3,1,-1,1,2,27,6,999,1,4,FORD FOCUS,1,E01025084,0,1
2024010506761,2024,010506761,2,9,0,10,10,7,5,0,0,6,0,0,0,0,0,1,6,6,1,35,6,999,1,4,FORD FOCUS,4,E01000287,0,1
2024451435735,2024,451435735,1,9,0,-1,8,2,6,-1,0,6,0,0,0,0,3,1,-1,2,2,47,8,1596,1,18,FORD FOCUS,4,E01030400,0,1
2024302400857,2024,302400857,2,9,0,5,5,2,6,9,9,0,0,0,0,0,1,1,6,6,1,42,7,1596,1,21,FORD FOCUS,6,E01013518,0,1
2024451493115,2024,451493115,1,9,0,-1,19,5,1,-1,0,0,0,0,0,0,4,1,-1,6,2,46,8,1596,1,19,FORD FOCUS,7,E01030708,0,1