collision_index,collision_year,collision_ref_no,vehicle_reference,vehicle_type,towing_and_articulation,vehicle_manoeuvre_historic,vehicle_manoeuvre,vehicle_direction_from,vehicle_direction_to,vehicle_location_restricted_lane_historic,vehicle_location_restricted_lane,junction_location,skidding_and_overturning,hit_object_in_carriageway,vehicle_leaving_carriageway,hit_object_off_carriageway,first_point_of_impact,vehicle_left_hand_drive,journey_purpose_of_driver_historic,journey_purpose_of_driver,sex_of_driver,age_of_driver,age_band_of_driver,engine_capacity_cc,propulsion_code,age_of_vehicle,generic_make_model,driver_imd_decile,lsoa_of_driver,escooter_flag,driver_distance_banding
2024231454725,2024,231454725,1,9,0,-1,19,2,6,-1,0,0,1,0,5,6,3,9,-1,2,2,26,6,999,1,6,FORD FOCUS,9,E01031219,0,4
2024461417854,2024,461417854,2,9,0,-1,19,8,3,-1,0,0,0,4,0,0,1,9,-1,9,1,55,8,1499,2,5,FORD FOCUS,5,E01024561,0,4
2024201404135,2024,201404135,1,9,0,-1,19,1,5,-1,0,0,0,0,0,0,1,9,-1,6,1,23,5,1498,1,7,FORD FOCUS,1,E01010473,0,1
2024221524231,2024,221524231,1,9,0,-1,19,1,5,-1,0,0,0,0,0,0,1,9,-1,6,1,68,10,1596,1,15,FORD FOCUS,7,E01014075,0,1
2024421459187,2024,421459187,1,9,0,-1,4,1,5,-1,0,4,0,9,3,1,1,1,-1,9,2,24,5,999,1,5,FORD FOCUS,7,E01030101,0,4
2024201450753,2024,201450753,1,9,0,-1,19,5,1,-1,0,8,0,0,0,0,1,1,-1,6,1,34,6,1997,2,6,FORD FOCUS,-1,-1,0,-1
2024311436140,2024,311436140,1,9,0,-1,9,7,4,-1,0,8,0,0,0,0,4,1,-1,6,1,20,4,999,1,7,FORD FOCUS,6,E01028109,0,1
2024052401674,2024,052401674,1,9,0,18,19,6,2,0,0,1,0,0,0,0,1,1,6,6,1,24,5,1596,1,14,FORD FOCUS,-1,-1,0,-1
2024520402716,2024,520402716,3,9,0,4,4,7,3,0,0,1,0,0,0,0,1,1,6,6,1,30,6,1499,2,9,FORD FOCUS,6,E01029316,0,4
2024522403361,2024,522403361,2,9,0,7,7,2,5,0,0,4,0,0,0,0,1,1,6,6,3,-1,-1,1560,2,12,FORD FOCUS,-1,-1,0,-1
2024311532676,2024,311532676,2,9,-1,-1,-1,-1,-1,-1,-1,-1,-1,-1,-1,0,-1,9,-1,1,2,54,8,1596,1,22,FORD FOCUS,-1,-1,0,-1
2024332400325,2024,332400325,2,9,0,-1,3,4,8,-1,0,1,0,0,0,0,2,1,-1,2,2,40,7,1388,1,18,FORD FOCUS,4,E01025943,0,4
2024052402713,2024,052402713,2,9,0,1,1,5,1,0,0,0,0,0,0,0,3,1,6,6,2,39,7,1499,2,7,FORD FOCUS,4,E01006474,0,1
2024320579701,2024,320579701,1,9,0,-1,-1,2,6,0,0,0,0,0,0,0,2,1,-1,-1,1,69,10,999,8,0,FORD FOCUS,2,E01026103,0,1
2024552400584,2024,552400584,2,9,0,18,19,2,6,0,0,0,0,0,0,0,1,1,6,6,2,29,6,1596,1,13,FORD FOCUS,7,E01015414,0,4
2024544727124,2024,544727124,2,9,0,18,19,5,1,0,0,1,0,0,0,0,1,1,6,6,1,77,11,1499,2,7,FORD FOCUS,5,E01031869,0,4
202417M213224,2024,17M213224,2,9,0,-1,19,8,4,-1,0,0,0,0,0,0,1,1,-1,2,1,56,9,999,1,8,FORD FOCUS,-1,-1,0,-1
2024131516463,2024,131516463,1,9,0,-1,5,2,1,-1,0,0,0,0,0,0,1,1,-1,6,3,-1,-1,1499,2,7,FORD FOCUS,-1,-1,0,-1
2024131455380,2024,131455380,1,9,0,-1,9,4,6,-1,0,5,0,0,0,0,4,1,-1,6,2,18,4,1560,2,11,FORD FOCUS,4,E01010982,0,1
2024471397524,2024,471397524,1,9,0,-1,1,5,1,-1,0,1,0,0,0,0,2,9,-1,6,2,29,6,998,1,11,FORD FOCUS,2,E01021037,0,4
2024201466296,2024,201466296,1,9,0,-1,9,7,5,-1,0,5,0,0,0,0,3,9,-1,9,1,82,11,1596,1,17,FORD FOCUS,5,E01009447,0,1
2024141517043,2024,141517043,2,9,0,-1,19,7,3,-1,0,0,0,0,0,0,2,1,-1,6,2,27,6,999,1,9,FORD FOCUS,2,E01007517,0,3
2024351459877,2024,351459877,2,9,0,-1,19,1,5,-1,0,0,0,0,0,0,4,1,-1,1,1,72,10,1560,2,14,FORD FOCUS,1,E01015607,0,1
2024471455486,2024,471455486,3,9,0,-1,19,1,5,-1,0,0,0,0,0,0,1,1,-1,2,1,31,6,1496,1,5,FORD FOCUS,8,E01031393,0,3
2024371440565,2024,371440565,2,9,0,-1,19,-1,-1,-1,0,1,0,0,0,0,3,1,-1,2,1,19,4,1499,2,3,FORD FOCUS,4,E01030022,0,1
2024141408631,2024,141408631,1,9,0,-1,14,1,5,-1,0,4,0,4,0,0,1,1,-1,9,1,30,6,1997,2,12,FORD FOCUS,10,E01023412,0,5
2024991489808,2024,991489808,1,9,0,-1,3,6,2,-1,0,1,0,0,0,0,2,1,-1,2,1,45,7,1499,2,8,FORD FOCUS,-1,-1,0,-1
2024221454422,2024,221454422,2,9,0,-1,19,6,3,-1,0,0,0,0,0,0,1,1,-1,2,1,21,5,998,1,12,FORD FOCUS,6,E01010502,0,3
2024991533208,2024,991533208,1,9,0,-1,19,2,7,-1,0,3,0,10,1,2,1,1,-1,9,1,79,11,1596,1,9,FORD FOCUS,7,-1,0,3
2024201489976,2024,201489976,1,9,0,-1,19,8,4,-1,0,2,0,0,0,0,3,1,-1,1,1,-1,-1,1596,1,12,FORD FOCUS,4,E01001285,0,5
2024010546844,2024,010546844,1,9,0,9,9,3,1,0,0,8,0,0,0,0,3,1,6,6,2,66,10,1596,1,20,FORD FOCUS,5,E01002718,0,1
2024041532788,2024,041532788,2,9,0,-1,19,1,5,-1,0,1,0,0,0,0,2,1,-1,6,2,45,7,998,1,10,FORD FOCUS,1,E01025084,0,1
2024131405368,2024,131405368,1,9,0,-1,-1,-1,-1,-1,-1,-1,-1,-1,-1,0,-1,1,-1,6,1,28,6,1560,2,12,FORD FOCUS,2,E01011040,0,1
2024161410730,2024,161410730,1,9,0,-1,19,5,1,-1,0,0,1,0,0,0,3,1,-1,6,2,28,6,1753,2,16,FORD FOCUS,4,E01013246,0,3
2024061516656,2024,061516656,2,9,-1,-1,5,1,2,-1,0,1,0,8,0,0,1,9,-1,6,1,29,6,1596,1,14,FORD FOCUS,-1,-1,0,-1
2024061475230,2024,061475230,2,9,0,-1,4,7,3,-1,0,0,0,0,0,0,2,1,-1,9,2,48,8,1560,2,11,FORD FOCUS,6,W01000319,0,4
2024991445031,2024,991445031,1,9,0,-1,9,5,3,-1,0,5,0,0,0,0,1,1,-1,6,1,45,7,1499,2,6,FORD FOCUS,5,-1,0,1
2024451514375,2024,451514375,1,9,0,-1,19,3,7,-1,0,0,0,4,0,0,1,2,-1,6,-1,-1,-1,1596,1,14,FORD FOCUS,-1,-1,0,-1
2024451494185,2024,451494185,1,9,0,-1,9,4,8,-1,0,0,0,0,0,0,1,1,-1,2,2,39,7,1596,1,9,FORD FOCUS,9,E01030712,0,2
2024991448587,2024,991448587,2,9,0,-1,19,8,5,-1,0,0,0,0,0,0,1,1,-1,6,1,74,10,1798,1,14,FORD FOCUS,1,-1,0,1
2024010519118,2024,010519118,1,9,0,18,19,6,2,0,0,8,0,10,4,1,3,1,6,6,1,48,8,998,1,11,FORD FOCUS,3,E01031350,0,4
2024071041822,2024,071041822,2,9,0,-1,4,5,1,-1,0,8,0,0,0,0,4,1,-1,1,1,48,8,1560,2,11,FORD FOCUS,1,E01012442,0,4
2024471482647,2024,471482647,3,9,0,-1,19,1,5,-1,0,0,0,0,0,0,1,1,-1,7,2,53,8,1596,1,15,FORD FOCUS,9,E01031593,0,1
2024461411045,2024,461411045,1,9,0,-1,19,6,2,-1,0,0,0,0,7,0,1,1,-1,6,1,87,11,1596,1,17,FORD FOCUS,3,E01016070,0,1
2024451484421,2024,451484421,1,9,0,-1,19,1,5,-1,0,0,5,0,0,0,1,1,-1,9,1,34,6,1596,1,10,FORD FOCUS,9,E01030934,0,1
2024552400179,2024,552400179,1,9,0,18,19,8,4,0,0,8,0,0,0,0,3,1,6,6,1,45,7,1498,1,9,FORD FOCUS,9,E01020558,0,2
202454E124024,2024,54E124024,1,9,0,18,19,2,6,0,0,1,0,0,0,0,1,1,6,6,2,26,6,1560,2,10,FORD FOCUS,2,E01015537,0,1
2024451421780,2024,451421780,2,9,0,-1,19,2,2,-1,0,1,0,0,0,0,1,1,-1,6,2,45,7,1499,2,9,FORD FOCUS,10,E01030811,0,2
2024052400974,2024,052400974,1,9,0,1,1,5,1,0,0,0,0,0,0,0,2,1,6,6,1,33,6,1596,1,17,FORD FOCUS,1,E01007179,0,2
2024501498651,2024,501498651,2,9,0,-1,2,0,0,-1,0,0,1,0,0,0,3,2,-1,6,-1,-1,-1,2521,1,18,FORD FOCUS,-1,-1,0,-1
2024421405663,2024,421405663,2,9,0,-1,3,7,3,-1,0,0,0,0,0,0,2,1,-1,6,2,54,8,1997,2,9,FORD FOCUS,4,E01022051,0,2
2024991519678,2024,991519678,2,9,0,-1,10,5,2,-1,0,1,0,0,0,0,2,1,-1,6,1,33,6,1596,1,13,FORD FOCUS,8,-1,0,2
2024101432751,2024,101432751,1,9,0,-1,9,8,5,-1,0,8,0,0,0,0,1,1,-1,9,1,73,10,1798,1,15,FORD FOCUS,4,E01008844,0,1
2024231464840,2024,231464840,1,9,0,-1,4,4,8,-1,0,0,1,0,1,6,1,1,-1,9,2,46,8,1596,1,18,FORD FOCUS,8,E01009669,0,4
2024010523458,2024,010523458,2,9,0,6,6,9,9,99,99,0,9,99,9,99,9,9,6,6,3,22,5,1596,1,18,FORD FOCUS,3,E01003924,0,1
2024461475899,2024,461475899,2,9,0,-1,2,0,0,-1,0,0,0,0,7,0,1,1,-1,6,1,30,6,1596,1,17,FORD FOCUS,6,E01016166,0,1
2024552400870,2024,552400870,2,9,0,18,19,4,8,0,0,0,0,0,0,0,1,1,2,2,1,23,5,1596,1,10,FORD FOCUS,7,E01020475,0,3
2024471423369,2024,471423369,3,9,0,-1,2,0,0,-1,0,0,0,0,0,0,2,1,-1,6,-1,-1,-1,1560,2,13,FORD FOCUS,-1,-1,0,-1
2024451401460,2024,451401460,4,9,0,-1,19,5,1,-1,0,0,0,0,0,0,1,1,-1,1,1,65,9,998,1,11,FORD FOCUS,5,E01030572,0,2
2024010501425,2024,010501425,1,9,0,16,19,5,1,0,0,0,0,7,0,0,1,1,6,6,1,18,4,999,1,5,FORD FOCUS,9,E01003669,0,1
2024411445518,2024,411445518,1,9,0,-1,4,2,6,-1,0,0,0,0,3,0,1,1,-1,6,1,80,11,1596,1,12,FORD FOCUS,9,E01023713,0,1
2024031499045,2024,031499045,3,9,0,-1,4,3,7,-1,0,0,0,0,0,0,2,1,-1,9,2,45,7,1560,2,10,FORD FOCUS,7,E01019357,0,3
2024320766493,2024,320766493,1,9,0,9,9,2,8,0,0,6,0,0,0,0,3,1,-1,-1,2,42,7,1560,2,11,FORD FOCUS,1,E01026690,0,4
2024430085875,2024,430085875,2,9,0,18,19,3,7,0,0,8,0,0,0,0,1,1,1,1,2,62,9,1560,2,14,FORD FOCUS,10,E01028616,0,3
2024461408550,2024,461408550,1,9,0,-1,7,8,2,-1,0,1,1,0,7,0,3,1,-1,9,1,33,6,1560,2,14,FORD FOCUS,6,E01024267,0,2
2024531399176,2024,531399176,2,9,0,-1,19,2,4,-1,0,0,0,0,0,0,1,1,-1,9,2,49,8,999,1,5,FORD FOCUS,9,E01022202,0,2
2024401533886,2024,401533886,2,9,0,-1,7,3,5,-1,0,8,0,0,0,0,1,1,-1,6,2,44,7,999,8,1,FORD FOCUS,2,E01001196,0,4
2024361544901,2024,361544901,1,9,0,-1,14,1,2,-1,0,1,0,0,0,0,1,1,-1,2,2,36,7,1798,1,16,FORD FOCUS,6,E01026870,0,3
2024061475986,2024,061475986,1,9,0,-1,9,8,5,-1,0,1,0,0,0,0,1,1,-1,1,1,39,7,1560,2,13,FORD FOCUS,2,E01025480,0,2
2024320476377,2024,320476377,1,9,0,7,7,1,3,0,0,6,0,0,0,0,1,1,-1,-1,2,33,6,1498,1,7,FORD FOCUS,9,E01013788,0,2
2024010533743,2024,010533743,1,9,0,11,11,1,5,0,0,1,0,0,0,0,4,1,6,6,2,36,7,1596,1,12,FORD FOCUS,1,E01002082,0,1
2024471411752,2024,471411752,2,9,0,-1,4,5,1,-1,0,0,0,0,0,0,2,1,-1,9,1,35,6,998,1,11,FORD FOCUS,6,E01031408,0,3
2024122400205,2024,122400205,1,9,0,7,7,5,3,0,0,8,0,0,0,0,1,1,6,6,3,-1,-1,1560,2,11,FORD FOCUS,-1,-1,0,-1
2024302400716,2024,302400716,1,9,0,11,11,4,8,0,0,1,0,0,5,6,4,1,6,6,1,73,10,1596,1,18,FORD FOCUS,9,E01013596,0,1
2024010541995,2024,010541995,1,9,0,9,9,5,3,0,0,2,0,0,0,0,1,1,6,6,1,29,6,1999,1,17,FORD FOCUS,5,E01002689,0,2
2024421498519,2024,421498519,1,9,0,-1,19,7,2,-1,0,0,1,0,8,0,1,2,-1,2,2,23,5,1596,1,19,FORD FOCUS,3,E01022007,0,3
2024531434959,2024,531434959,1,9,0,-1,19,1,5,-1,0,1,0,0,0,0,1,1,-1,6,1,37,7,1596,1,19,FORD FOCUS,6,E01034796,0,1
2024631439058,2024,631439058,1,9,0,-1,4,5,1,-1,0,0,0,0,2,10,1,1,-1,6,1,48,8,999,8,1,FORD FOCUS,5,W01000650,0,4
2024070397465,2024,070397465,2,9,0,3,3,5,1,0,0,4,0,0,0,0,3,1,6,6,1,52,8,999,8,1,FORD FOCUS,10,E01018339,0,3
2024052402039,2024,052402039,2,9,0,4,4,3,7,0,0,0,0,0,0,0,2,1,6,6,2,52,8,1596,1,14,FORD FOCUS,7,E01006379,0,4
2024141474396,2024,141474396,2,9,0,-1,-1,-1,-1,-1,-1,-1,-1,-1,-1,0,-1,9,-1,6,3,-1,-1,1753,2,16,FORD FOCUS,-1,-1,0,-1
2024421448616,2024,421448616,1,9,0,-1,19,3,5,-1,0,8,0,0,0,0,1,1,-1,9,1,90,11,1596,1,13,FORD FOCUS,6,E01029880,0,1
2024461419142,2024,461419142,2,9,0,-1,19,2,6,-1,0,0,0,0,0,0,4,9,-1,6,2,33,6,1596,1,17,FORD FOCUS,8,E01001601,0,3
2024440555678,2024,440555678,1,9,0,18,19,1,5,0,0,0,0,0,0,0,3,1,6,6,2,80,11,999,1,6,FORD FOCUS,8,E01020061,0,5
2024221450191,2024,221450191,1,9,0,-1,10,7,5,-1,0,8,0,0,0,0,2,1,-1,6,1,24,5,998,1,10,FORD FOCUS,4,E01028978,0,1
2024052402432,2024,052402432,2,9,0,4,4,7,3,0,0,0,0,0,0,0,2,1,6,6,2,38,7,999,1,4,FORD FOCUS,8,E01006668,0,1
2024371532401,2024,371532401,2,9,0,-1,19,1,5,-1,0,8,0,0,0,0,3,1,-1,6,1,22,5,1499,2,3,FORD FOCUS,10,E01033319,0,4
2024361435872,2024,361435872,1,9,0,-1,19,3,7,-1,0,0,0,0,7,0,1,1,-1,9,1,54,8,1596,1,15,FORD FOCUS,3,E01026670,0,3
2024131448704,2024,131448704,1,9,0,-1,19,7,3,-1,0,0,0,0,0,0,1,1,-1,9,1,31,6,1997,2,10,FORD FOCUS,3,E01011915,0,1
2024371504067,2024,371504067,2,9,0,-1,9,2,8,-1,0,5,0,0,0,0,3,9,-1,6,1,44,7,1560,2,14,FORD FOCUS,2,E01033122,0,1
2024371470818,2024,371470818,2,9,0,-1,19,5,1,-1,0,8,0,0,0,0,1,1,-1,2,1,21,5,1596,1,20,FORD FOCUS,7,E01029942,0,1
2024031445011,2024,031445011,2,9,0,-1,4,5,1,-1,0,0,0,0,0,0,2,1,-1,9,1,28,6,1999,1,11,FORD FOCUS,6,E01019385,0,4
2024101426005,2024,101426005,1,9,0,-1,19,1,5,-1,0,1,0,0,0,0,4,1,-1,2,2,50,8,1999,1,11,FORD FOCUS,2,E01027443,0,2
2024101515073,2024,101515073,1,9,0,-1,19,3,7,-1,0,0,0,0,0,0,4,9,-1,6,3,-1,-1,999,1,5,FORD FOCUS,-1,-1,0,-1
2024122400107,2024,122400107,1,9,0,16,19,7,3,0,0,0,0,0,0,0,1,1,6,6,1,57,9,1499,2,2,FORD FOCUS,10,E01011701,0,4
2024201442258,2024,201442258,2,9,0,-1,19,2,5,-1,0,0,0,0,0,0,1,1,-1,6,1,30,6,1596,1,15,FORD FOCUS,-1,-1,0,-1
2024440078693,2024,440078693,2,9,0,18,19,3,7,0,0,1,1,0,0,0,1,1,6,6,1,54,8,999,1,3,FORD FOCUS,4,E01017312,0,3
2024471483491,2024,471483491,2,9,0,-1,19,5,2,-1,0,1,0,0,0,0,4,1,-1,9,2,75,10,1596,1,13,FORD FOCUS,4,E01020981,0,1
2024332400178,2024,332400178,2,9,0,-1,19,3,8,-1,0,8,0,0,0,0,1,1,-1,9,2,58,9,1560,2,10,FORD FOCUS,8,E01025739,0,1
2024061526413,2024,061526413,2,9,0,-1,-1,-1,-1,-1,-1,-1,-1,-1,-1,0,-1,9,-1,6,3,-1,-1,1997,2,18,FORD FOCUS,-1,-1,0,-1
2024052401088,2024,052401088,2,9,0,3,3,4,2,0,0,1,0,0,0,0,3,1,6,6,2,33,6,999,1,4,FORD FOCUS,1,E01006791,0,1
2024421529352,2024,421529352,1,9,0,-1,9,8,5,-1,0,0,0,0,0,0,1,1,-1,2,2,48,8,998,1,10,FORD FOCUS,6,E01021689,0,1
2024010508246,2024,010508246,1,9,0,7,7,5,8,0,0,1,0,0,0,0,3,1,6,6,1,24,5,999,1,5,FORD FOCUS,5,E01002492,0,1
2024211506462,2024,211506462,2,9,0,-1,2,7,6,-1,0,0,1,0,0,0,0,1,-1,9,1,38,7,1753,2,17,FORD FOCUS,-1,-1,0,-1
2024201405598,2024,201405598,1,9,0,-1,19,8,4,-1,0,5,0,0,0,0,1,9,-1,1,1,40,7,999,1,6,FORD FOCUS,9,E01010384,0,1
2024320731486,2024,320731486,1,9,0,-1,-1,4,8,0,0,4,0,0,0,0,3,1,-1,-1,1,40,7,1560,2,12,FORD FOCUS,4,E01026036,0,1
2024031475726,2024,031475726,1,9,0,-1,19,7,3,-1,0,0,0,0,0,0,1,1,-1,9,1,33,6,1560,2,12,FORD FOCUS,6,E01019385,0,1
2024440268700,2024,440268700,2,9,0,18,19,7,3,0,0,1,0,0,0,0,1,1,6,6,1,-1,-1,1796,1,20,FORD FOCUS,2,E01017345,0,2
2024010520719,2024,010520719,1,9,0,18,19,5,1,0,0,0,0,0,0,0,1,1,6,6,2,56,9,1596,1,19,FORD FOCUS,-1,-1,0,-1
2024010504806,2024,010504806,1,9,0,4,4,1,5,0,0,0,0,0,0,0,3,1,6,6,1,46,8,2261,1,5,FORD FOCUS,3,E01003258,0,1
2024461404511,2024,461404511,1,9,0,-1,9,1,6,-1,0,1,0,0,0,0,4,1,-1,2,1,33,6,999,1,3,FORD FOCUS,5,E01024179,0,1
2024201521662,2024,201521662,2,9,0,-1,2,3,7,-1,0,8,0,0,0,0,2,1,-1,6,1,49,8,999,1,6,FORD FOCUS,2,E01009988,0,1
2024440117288,2024,440117288,1,9,0,5,5,5,1,0,0,6,0,0,0,0,1,1,6,6,1,28,6,999,1,5,FORD FOCUS,8,E01030890,0,2
2024131457038,2024,131457038,1,9,0,-1,19,8,4,-1,0,0,0,0,0,0,1,1,-1,6,3,-1,-1,1997,2,16,FORD FOCUS,-1,-1,0,-1
2024041529085,2024,041529085,1,9,0,-1,19,1,5,-1,0,1,0,0,0,0,1,1,-1,9,1,86,11,1596,1,11,FORD FOCUS,4,E01024936,0,1
2024991416343,2024,991416343,2,9,0,-1,3,8,4,-1,1,0,0,0,0,0,2,1,-1,6,1,52,8,1596,1,13,FORD FOCUS,9,-1,0,3
2024221481253,2024,221481253,2,9,0,-1,19,1,6,-1,0,0,0,10,0,0,3,9,-1,6,1,60,9,1596,1,17,FORD FOCUS,2,E01032262,0,1
2024041487887,2024,041487887,1,9,0,-1,9,4,2,-1,0,2,0,0,0,0,1,1,-1,1,2,61,9,1560,2,10,FORD FOCUS,7,E01012614,0,1
2024131479953,2024,131479953,2,9,0,-1,19,1,5,-1,0,1,0,0,0,0,1,1,-1,9,1,42,7,1499,2,9,FORD FOCUS,3,E01011647,0,1
2024430145074,2024,430145074,2,9,0,3,3,2,6,0,0,0,0,0,0,0,2,1,6,6,2,51,8,-1,3,7,MAKE AND MODEL REDACTED,10,E01027027,0,4
2024361520652,2024,361520652,2,5,0,-1,19,4,8,-1,0,0,0,0,0,0,1,1,-1,9,1,28,6,1690,1,8,MAKE AND MODEL REDACTED,4,E01018083,0,4
2024471485156,2024,471485156,1,5,0,-1,19,6,2,-1,0,1,1,10,0,0,1,1,-1,9,1,56,9,1130,1,22,MAKE AND MODEL REDACTED,6,E01021054,0,1
2024311532676,2024,311532676,1,3,-1,-1,-1,-1,-1,-1,-1,-1,-1,-1,-1,0,-1,1,-1,6,1,-1,-1,1130,1,19,MAKE AND MODEL REDACTED,-1,-1,0,-1
2024131531380,2024,131531380,2,19,0,-1,19,1,5,-1,0,0,0,0,0,0,1,1,-1,9,1,53,8,4009,2,8,MAKE AND MODEL REDACTED,1,E01010748,0,4
2024320215534,2024,320215534,2,5,0,-1,-1,7,3,0,0,0,0,0,0,0,3,1,-1,-1,1,55,8,1261,1,16,MAKE AND MODEL REDACTED,4,E01026256,0,4
2024351429965,2024,351429965,2,5,-1,-1,-1,-1,-1,-1,-1,0,-1,-1,-1,0,-1,1,-1,9,1,56,9,1261,1,15,MAKE AND MODEL REDACTED,4,E01023794,0,4
2024101403985,2024,101403985,1,5,0,-1,13,5,1,-1,0,1,5,0,0,0,1,1,-1,9,1,62,9,1261,1,12,MAKE AND MODEL REDACTED,10,E01008497,0,4
2024131485742,2024,131485742,1,5,0,-1,19,8,4,-1,0,0,0,0,7,0,1,1,-1,9,1,45,7,1084,1,22,MAKE AND MODEL REDACTED,6,E01010816,0,3
2024522402311,2024,522402311,1,5,0,18,19,2,6,0,0,1,0,0,1,11,1,1,6,6,1,45,7,1261,1,18,MAKE AND MODEL REDACTED,10,E01014940,0,1
2024631447789,2024,631447789,1,5,0,-1,19,1,6,-1,0,0,1,0,2,10,3,1,-1,9,1,62,9,1811,1,3,MAKE AND MODEL REDACTED,2,E01013195,0,5
2024211526932,2024,211526932,3,9,0,-1,19,1,5,-1,0,0,0,4,0,0,4,1,-1,6,1,81,11,2198,2,17,JAGUAR X TYPE,2,E01010417,0,3
202460Q090841,2024,60Q090841,3,9,0,18,19,2,6,0,0,1,0,0,1,4,1,1,6,6,1,35,6,2198,2,17,JAGUAR X TYPE,-1,-1,0,-1
2024141412216,2024,141412216,3,9,0,-1,19,8,4,-1,0,0,0,0,0,0,3,1,-1,6,1,29,6,2198,2,17,JAGUAR X TYPE,1,E01008094,0,1
2024302401025,2024,302401025,2,9,0,16,19,3,6,0,0,0,0,0,0,0,3,1,6,6,1,70,10,2099,2,18,JAGUAR X TYPE,10,E01019831,0,2
2024161482409,2024,161482409,1,9,0,-1,19,7,3,-1,0,1,0,0,0,0,1,1,-1,9,1,39,7,1988,2,16,JAGUAR X TYPE,1,E01012856,0,1
2024201531942,2024,201531942,1,9,0,-1,4,8,4,-1,0,0,0,0,0,0,1,1,-1,6,1,81,11,2099,1,20,JAGUAR X TYPE,6,E01010078,0,1
2024311410420,2024,311410420,1,9,0,-1,9,5,2,-1,0,5,0,0,0,0,2,9,-1,6,1,48,8,1998,2,15,JAGUAR X TYPE,1,E01013839,0,1
2024031426469,2024,031426469,2,9,0,-1,4,7,3,-1,0,1,0,0,0,0,1,1,-1,9,1,23,5,2198,2,15,JAGUAR X TYPE,-1,-1,0,-1
2024361522848,2024,361522848,1,9,0,-1,4,1,6,-1,0,2,5,0,1,0,0,1,-1,9,1,63,9,1998,2,16,JAGUAR X TYPE,2,E01018071,0,3
2024401477171,2024,401477171,2,9,0,-1,19,2,5,-1,0,3,0,10,1,2,2,1,-1,9,1,68,10,2198,2,16,JAGUAR X TYPE,5,E01015786,0,4
2024552400701,2024,552400701,1,9,0,9,9,1,7,0,0,6,0,0,0,0,1,1,6,6,1,49,8,2198,2,16,JAGUAR X TYPE,4,E01020584,0,1
2024440373515,2024,440373515,2,9,0,2,2,0,0,0,0,0,0,0,0,0,3,1,6,6,3,-1,-1,2099,2,17,JAGUAR X TYPE,-1,-1,0,-1
2024471396491,2024,471396491,1,9,0,-1,19,8,4,-1,0,0,0,0,7,0,1,1,-1,9,1,52,8,1988,2,19,JAGUAR X TYPE,8,E01031617,0,2
2024070069597,2024,070069597,2,9,0,18,19,2,2,0,0,1,0,0,0,0,1,1,6,6,2,89,11,2967,1,19,JAGUAR X TYPE,6,E01012401,0,1
2024010539710,2024,010539710,1,9,0,5,5,1,5,0,0,0,0,0,0,0,3,1,6,6,1,70,10,2967,1,18,JAGUAR X TYPE,4,E01002490,0,2
2024371407204,2024,371407204,1,9,0,-1,19,5,1,-1,0,0,0,4,0,0,1,1,-1,2,1,59,9,1998,2,15,JAGUAR X TYPE,4,E01026894,0,3
2024221510649,2024,221510649,2,9,0,-1,9,1,8,-1,0,8,0,0,0,0,1,1,-1,9,1,53,8,2198,2,15,JAGUAR X TYPE,4,E01014121,0,1
2024421544704,2024,421544704,1,9,0,-1,-1,-1,-1,-1,-1,0,-1,-1,-1,0,-1,9,-1,6,1,41,7,2198,2,16,JAGUAR X TYPE,4,E01021642,0,1
2024201422706,2024,201422706,2,9,0,-1,3,3,1,-1,0,1,0,0,0,0,2,9,-1,9,1,45,7,2198,2,15,JAGUAR X TYPE,10,E01010387,0,2
2024351428247,2024,351428247,1,9,-1,-1,-1,-1,-1,-1,-1,0,-1,-1,-1,0,-1,9,-1,6,2,26,6,2495,1,21,JAGUAR X TYPE,5,E01015655,0,1
2024361514901,2024,361514901,2,9,0,-1,2,0,0,-1,0,1,0,0,0,0,2,1,-1,6,-1,-1,-1,1998,2,15,JAGUAR X TYPE,-1,-1,0,-1
2024471526192,2024,471526192,2,9,0,-1,2,0,0,-1,0,0,0,0,0,0,3,1,-1,6,1,62,9,2496,1,22,JAGUAR X TYPE,10,E01031383,0,1
2024201415129,2024,201415129,1,9,0,-1,12,1,5,-1,0,0,0,0,0,0,3,1,-1,6,1,70,10,2099,1,21,JAGUAR X TYPE,10,E01010205,0,2
2024010491093,2024,010491093,5,9,0,2,2,0,0,0,0,0,0,0,0,0,3,1,6,6,3,-1,-1,2496,1,20,JAGUAR X TYPE,-1,-1,0,-1
2024161501971,2024,161501971,2,9,-1,-1,19,6,2,-1,0,0,0,0,0,0,-1,9,-1,6,3,-1,-1,2198,2,16,JAGUAR X TYPE,-1,-1,0,-1
202460Q080308,2024,60Q080308,1,9,0,17,19,7,3,0,0,1,0,0,0,0,1,1,6,6,1,75,10,2198,2,16,JAGUAR X TYPE,-1,-1,0,-1
2024501401808,2024,501401808,1,9,0,-1,19,7,3,-1,0,1,0,0,0,0,2,1,-1,6,1,54,8,2198,2,16,JAGUAR X TYPE,2,E01015156,0,1
2024461464537,2024,461464537,1,9,0,-1,7,6,1,-1,0,7,0,0,0,0,4,1,-1,6,1,64,9,1988,2,17,JAGUAR X TYPE,7,E01024519,0,1
2024211484176,2024,211484176,1,9,0,-1,19,5,1,-1,0,2,0,0,0,0,3,1,-1,6,1,47,8,1988,2,16,JAGUAR X TYPE,-1,-1,0,-1