collision_index,collision_year,collision_ref_no,vehicle_reference,vehicle_type,towing_and_articulation,vehicle_manoeuvre_historic,vehicle_manoeuvre,vehicle_direction_from,vehicle_direction_to,vehicle_location_restricted_lane_historic,vehicle_location_restricted_lane,junction_location,skidding_and_overturning,hit_object_in_carriageway,vehicle_leaving_carriageway,hit_object_off_carriageway,first_point_of_impact,vehicle_left_hand_drive,journey_purpose_of_driver_historic,journey_purpose_of_driver,sex_of_driver,age_of_driver,age_band_of_driver,engine_capacity_cc,propulsion_code,age_of_vehicle,generic_make_model,driver_imd_decile,lsoa_of_driver,escooter_flag,driver_distance_banding
2024010539574,2024,010539574,1,9,0,12,12,3,7,0,0,0,0,0,0,0,3,1,2,2,1,61,9,1197,1,7,SKODA FABIA,4,E01016174,0,4
2024340WN3172,2024,340WN3172,1,9,0,-1,9,5,1,-1,0,6,0,0,0,0,3,1,-1,6,1,75,10,1197,1,11,SKODA FABIA,-1,-1,0,-1
2024631469012,2024,631469012,1,9,0,-1,19,7,3,-1,0,0,1,0,0,0,1,1,-1,6,1,21,5,1896,2,20,SKODA FABIA,2,W01000498,0,2
2024351524707,2024,351524707,1,9,0,-1,19,1,5,-1,0,0,0,0,0,0,1,1,-1,6,1,77,11,1896,2,15,SKODA FABIA,5,E01035532,0,4
2024401468276,2024,401468276,2,9,0,-1,19,2,8,-1,0,0,0,0,0,0,1,1,-1,6,1,-1,-1,1422,2,14,SKODA FABIA,-1,-1,0,-1
2024411533857,2024,411533857,1,9,0,-1,7,2,4,-1,0,2,0,0,0,0,1,1,-1,6,1,92,11,1390,1,20,SKODA FABIA,1,E01023536,0,1
2024131504477,2024,131504477,1,9,0,-1,9,8,6,-1,0,0,1,0,0,0,1,1,-1,6,2,27,6,1598,2,11,SKODA FABIA,2,E01010894,0,1
2024361399661,2024,361399661,2,9,0,-1,19,7,3,-1,0,0,0,0,0,0,2,1,-1,9,1,89,11,1390,1,15,SKODA FABIA,9,E01026513,0,2
2024311459910,2024,311459910,1,9,0,-1,19,2,6,-1,0,3,0,0,0,0,1,1,-1,9,1,62,9,1197,1,7,SKODA FABIA,-1,-1,0,-1
2024440260081,2024,440260081,1,9,0,4,4,7,3,0,0,1,0,0,0,0,2,1,1,1,2,29,6,1197,1,9,SKODA FABIA,8,E01022622,0,3
2024131505025,2024,131505025,2,9,0,-1,9,5,1,-1,0,8,0,0,1,0,2,1,-1,6,2,75,10,999,1,0,SKODA FABIA,9,E01011117,0,2
2024332401103,2024,332401103,1,9,0,-1,5,3,7,-1,0,0,0,0,0,0,1,1,-1,6,1,40,7,999,1,4,SKODA FABIA,9,E01025820,0,2
2024991494046,2024,991494046,2,9,0,-1,9,4,3,-1,0,8,0,0,0,0,1,1,-1,6,2,26,6,1390,1,13,SKODA FABIA,1,-1,0,1
2024430602660,2024,430602660,1,9,0,18,19,5,1,0,0,1,0,0,0,0,1,1,6,6,2,82,11,999,1,7,SKODA FABIA,8,E01032958,0,1
2024101519800,2024,101519800,1,9,0,-1,3,6,2,-1,0,0,0,0,0,0,1,1,-1,2,2,48,8,1198,1,15,SKODA FABIA,1,E01027546,0,1
2024122401258,2024,122401258,1,9,0,4,4,6,2,0,0,1,1,0,0,0,1,1,6,6,1,55,8,1422,2,16,SKODA FABIA,1,E01025226,0,2
2024201491745,2024,201491745,1,9,0,-1,9,8,6,-1,0,0,0,0,0,0,0,1,-1,9,2,24,5,1197,1,7,SKODA FABIA,-1,-1,0,-1
2024101492088,2024,101492088,1,9,0,-1,4,7,3,-1,0,4,0,0,0,0,4,1,-1,6,1,75,10,1197,1,13,SKODA FABIA,7,E01008528,0,1
2024052400168,2024,052400168,1,9,0,9,9,4,2,0,0,1,0,0,0,0,1,1,2,2,2,52,8,999,1,7,SKODA FABIA,1,E01006675,0,1
2024010538830,2024,010538830,1,9,0,18,19,7,3,0,0,5,2,10,4,6,4,1,6,6,1,46,8,1896,2,21,SKODA FABIA,4,E01017926,0,4
2024361456005,2024,361456005,1,9,0,-1,19,6,1,-1,0,1,0,0,0,0,1,9,-1,6,1,35,6,1390,1,16,SKODA FABIA,2,E01026634,0,4
2024122400871,2024,122400871,2,9,0,18,19,8,4,0,0,0,0,0,0,0,4,1,6,6,1,59,9,1422,2,17,SKODA FABIA,9,E01027589,0,1
2024451505215,2024,451505215,1,9,0,-1,19,3,7,-1,0,1,0,0,1,4,1,1,-1,6,1,19,4,1896,2,18,SKODA FABIA,6,E01030594,0,1
2024201448497,2024,201448497,1,9,0,-1,5,1,6,-1,0,6,0,0,0,0,1,9,-1,6,1,27,6,1422,2,15,SKODA FABIA,1,E01010033,0,1
2024552401028,2024,552401028,1,9,0,18,19,5,1,0,0,4,0,0,0,0,1,1,6,6,1,18,4,1198,1,19,SKODA FABIA,7,E01020495,0,2
2024010546659,2024,010546659,1,9,0,9,9,3,1,0,0,1,0,0,0,0,1,1,6,6,1,20,4,1198,1,18,SKODA FABIA,3,E01015986,0,4
2024031456526,2024,031456526,1,9,0,-1,19,1,5,-1,0,0,0,7,0,0,1,1,-1,2,1,21,5,1598,2,12,SKODA FABIA,8,E01019366,0,3
2024440178596,2024,440178596,2,9,0,4,4,2,6,0,0,1,0,0,0,0,1,1,6,6,2,75,10,1197,1,7,SKODA FABIA,5,E01017298,0,4
202454A003524,2024,54A003524,1,9,0,9,9,6,2,0,0,8,0,0,0,0,4,1,6,6,1,18,4,999,1,0,SKODA FABIA,7,E01033842,0,2
2024010504967,2024,010504967,2,9,0,99,99,9,9,99,99,9,9,99,9,99,1,9,6,6,3,-1,-1,999,1,2,SKODA FABIA,-1,-1,0,-1
2024101430542,2024,101430542,2,9,0,-1,3,1,5,-1,0,4,0,0,0,0,2,1,-1,9,2,83,11,999,1,9,SKODA FABIA,10,E01008495,0,1
2024041471288,2024,041471288,2,9,0,-1,9,7,3,-1,0,0,0,0,0,0,1,1,-1,9,2,63,9,1198,1,13,SKODA FABIA,3,E01025374,0,1
2024401498501,2024,401498501,1,9,0,-1,9,1,5,-1,0,0,0,0,0,0,1,1,-1,6,1,73,10,1199,2,13,SKODA FABIA,7,E01033527,0,5
2024010540259,2024,010540259,1,9,0,4,4,7,3,4,4,1,0,0,0,0,3,1,6,6,1,55,8,1198,1,11,SKODA FABIA,2,E01003592,0,3
2024991488884,2024,991488884,2,9,0,-1,19,5,1,-1,0,4,0,0,0,0,2,1,-1,2,2,31,6,1198,1,11,SKODA FABIA,6,-1,0,2
2024010509533,2024,010509533,2,9,0,1,1,4,8,0,0,1,0,0,0,0,2,1,6,6,2,71,10,999,1,7,SKODA FABIA,7,E01035581,0,4
2024201434018,2024,201434018,1,9,0,-1,19,7,3,-1,0,1,0,0,0,0,1,9,-1,6,1,20,4,1197,1,14,SKODA FABIA,1,E01008909,0,1
2024501492171,2024,501492171,2,9,0,-1,19,6,2,-1,0,0,0,0,0,0,3,1,-1,1,1,47,8,1197,1,8,SKODA FABIA,7,E01020341,0,2
2024201466176,2024,201466176,1,9,0,-1,9,7,5,-1,0,5,0,0,0,0,1,1,-1,9,1,43,7,1197,1,9,SKODA FABIA,9,E01010494,0,3
2024061474689,2024,061474689,1,9,0,-1,19,1,1,-1,0,0,0,0,0,0,1,2,-1,6,3,30,6,1390,1,14,SKODA FABIA,-1,-1,0,-1
2024501476566,2024,501476566,3,9,0,-1,19,5,1,-1,0,0,0,0,0,0,1,1,-1,1,2,25,5,1197,1,11,SKODA FABIA,3,E01020293,0,3
2024501439471,2024,501439471,2,9,0,-1,19,8,4,-1,0,0,0,0,0,0,1,1,-1,9,2,17,4,1197,1,8,SKODA FABIA,4,E01034851,0,1
2024131534344,2024,131534344,2,9,0,-1,1,3,7,-1,0,1,0,0,0,0,2,1,-1,9,1,87,11,1198,1,15,SKODA FABIA,6,E01010920,0,2
2024332400456,2024,332400456,2,9,0,-1,4,2,6,-1,0,0,0,0,0,0,1,1,-1,6,2,34,6,1422,2,15,SKODA FABIA,7,E01025677,0,2
2024201520831,2024,201520831,1,9,0,-1,19,5,1,-1,0,2,0,0,0,0,1,1,-1,6,2,26,6,1198,1,17,SKODA FABIA,-1,-1,0,-1
2024141460599,2024,141460599,1,9,0,-1,9,1,7,-1,0,8,0,0,0,0,1,1,-1,1,2,56,9,1198,1,19,SKODA FABIA,3,E01007720,0,2
2024201435025,2024,201435025,1,9,0,-1,19,6,2,-1,0,0,0,0,0,0,1,9,-1,2,1,22,5,999,1,6,SKODA FABIA,1,E01009056,0,1
2024430068755,2024,430068755,1,9,0,18,19,6,2,0,0,0,0,0,0,0,1,1,2,2,1,60,9,1198,1,17,SKODA FABIA,7,E01028647,0,1
2024622400095,2024,622400095,1,9,0,18,19,8,4,0,0,1,0,0,0,0,1,1,6,6,2,48,8,1198,1,21,SKODA FABIA,4,W01001168,0,1
2024320213828,2024,320213828,3,9,0,-1,-1,2,6,0,0,0,0,0,0,0,1,2,-1,-1,1,39,7,1199,2,13,SKODA FABIA,3,E01026060,0,1
2024211534565,2024,211534565,1,9,0,-1,19,2,6,-1,0,0,0,0,7,0,1,1,-1,9,2,56,9,999,1,0,SKODA FABIA,4,E01029361,0,3
2024311534634,2024,311534634,1,9,0,-1,19,7,3,-1,0,0,0,0,1,4,1,1,-1,6,1,20,4,999,1,1,SKODA FABIA,-1,-1,0,-1
2024332401190,2024,332401190,1,9,0,-1,3,3,7,-1,0,8,0,0,0,0,2,1,-1,9,2,53,8,999,1,3,SKODA FABIA,9,E01025686,0,3
2024451399193,2024,451399193,1,9,0,-1,4,1,3,-1,0,0,0,0,0,0,0,9,-1,2,1,26,6,999,1,4,SKODA FABIA,8,E01030405,0,1
2024520002266,2024,520002266,1,9,0,1,1,3,7,0,0,0,0,0,0,0,2,1,1,1,1,34,6,1198,1,16,SKODA FABIA,10,E01014479,0,1
2024211457663,2024,211457663,2,9,0,-1,19,7,3,-1,0,0,0,0,0,0,1,1,-1,6,2,39,7,1598,2,11,SKODA FABIA,-1,-1,0,-1
2024041502314,2024,041502314,2,9,0,-1,2,3,7,-1,0,0,0,0,0,0,1,1,-1,6,3,-1,-1,1198,1,18,SKODA FABIA,-1,-1,0,-1
2024061532032,2024,061532032,2,9,0,-1,9,5,3,-1,0,8,0,0,0,0,1,1,-1,9,2,30,6,1199,2,11,SKODA FABIA,1,E01033947,0,1
2024520401808,2024,520401808,2,9,0,3,3,3,7,0,0,1,0,0,0,0,1,1,6,6,2,70,10,1198,1,15,SKODA FABIA,6,E01029135,0,3
2024461514880,2024,461514880,2,9,0,-1,19,7,3,-1,0,8,1,0,0,0,1,1,-1,1,1,56,9,1422,2,16,SKODA FABIA,7,E01024743,0,2
2024520401953,2024,520401953,1,9,0,9,9,4,2,0,0,1,0,0,0,0,2,1,6,6,2,40,7,1422,2,18,SKODA FABIA,5,E01032054,0,1
2024461432613,2024,461432613,1,9,0,-1,9,7,7,-1,0,8,0,0,0,0,1,9,-1,9,1,81,11,1390,1,19,SKODA FABIA,8,E01016138,0,1
2024501505199,2024,501505199,2,9,0,-1,10,7,3,-1,0,1,0,0,0,0,2,1,-1,9,1,27,6,1598,2,11,SKODA FABIA,7,E01034623,0,1
2024141476838,2024,141476838,2,9,0,-1,19,3,7,-1,0,0,0,0,0,0,1,1,-1,9,1,-1,-1,1390,1,13,SKODA FABIA,-1,-1,0,-1
2024471456901,2024,471456901,1,9,0,-1,3,7,3,-1,0,1,0,0,0,0,2,9,-1,6,2,-1,-1,1598,2,13,SKODA FABIA,-1,-1,0,-1
2024430078234,2024,430078234,1,9,0,18,19,2,6,0,0,4,0,0,0,0,1,1,6,6,2,85,11,1197,1,13,SKODA FABIA,10,E01030620,0,4
2024440025722,2024,440025722,1,9,0,18,19,3,7,0,0,0,0,0,0,0,3,1,6,6,1,26,6,1197,1,12,SKODA FABIA,8,E01022652,0,1
2024221482994,2024,221482994,1,9,0,-1,4,8,4,-1,0,0,0,0,0,0,2,1,-1,6,1,51,8,999,1,2,SKODA FABIA,8,E01022654,0,5
2024010548299,2024,010548299,1,9,0,7,7,7,1,0,0,5,0,0,0,0,1,1,6,6,1,64,9,1390,1,13,SKODA FABIA,-1,-1,0,-1
2024141488797,2024,141488797,2,9,0,-1,19,6,2,-1,0,8,0,0,4,10,1,1,-1,9,1,37,7,999,1,6,SKODA FABIA,1,E01007511,0,3
2024440293310,2024,440293310,4,9,0,3,3,1,5,0,0,1,0,0,0,0,2,1,6,6,3,-1,-1,999,1,5,SKODA FABIA,-1,-1,0,-1
2024371522250,2024,371522250,1,9,0,-1,7,6,1,-1,0,6,0,0,0,0,4,1,-1,6,1,53,8,1197,1,10,SKODA FABIA,5,E01030141,0,1
2024471448896,2024,471448896,1,9,0,-1,5,2,6,-1,0,8,0,0,0,0,1,1,-1,9,1,72,10,999,1,3,SKODA FABIA,1,E01020995,0,1
2024991506714,2024,991506714,1,9,0,-1,19,3,7,-1,0,0,2,0,1,11,1,1,-1,9,2,33,6,1198,1,18,SKODA FABIA,8,-1,0,2
2024010501537,2024,010501537,3,9,0,18,19,1,5,0,0,0,0,0,0,0,3,1,6,6,1,54,8,1390,1,12,SKODA FABIA,4,E01004280,0,2
2024010507796,2024,010507796,1,9,0,18,19,1,5,0,0,8,0,0,0,0,2,1,6,6,2,54,8,1198,1,16,SKODA FABIA,4,E01035006,0,4
2024061450910,2024,061450910,1,9,0,-1,1,1,1,-1,0,0,0,0,0,0,2,1,-1,6,1,39,7,999,1,1,SKODA FABIA,-1,-1,0,-1
2024302400528,2024,302400528,1,9,0,18,19,4,8,0,0,2,0,0,0,0,1,1,6,6,2,81,11,1197,1,7,SKODA FABIA,9,E01019734,0,1
2024451494329,2024,451494329,1,9,0,-1,19,5,1,-1,0,1,5,0,0,0,1,1,-1,9,1,89,11,1197,1,9,SKODA FABIA,10,E01030810,0,1
2024461484490,2024,461484490,1,9,0,-1,19,4,8,-1,0,1,0,0,0,0,1,1,-1,9,2,38,7,1198,1,15,SKODA FABIA,6,E01024410,0,1
2024131492141,2024,131492141,1,9,0,-1,7,1,5,-1,0,2,0,0,0,0,1,1,-1,2,1,19,4,1198,1,20,SKODA FABIA,2,E01011327,0,1
2024161519128,2024,161519128,1,9,0,-1,19,8,3,-1,0,0,0,0,0,0,1,1,-1,6,1,52,8,1197,1,14,SKODA FABIA,2,E01033109,0,1
2024201498976,2024,201498976,1,9,0,-1,19,8,4,-1,0,0,0,0,0,0,4,1,-1,6,2,48,8,999,1,7,SKODA FABIA,4,E01008969,0,1
2024010521929,2024,010521929,2,9,0,9,9,1,7,0,0,0,0,0,0,0,2,1,6,6,2,26,6,1198,1,9,SKODA FABIA,7,E01002423,0,1
2024201539645,2024,201539645,1,9,0,-1,7,5,8,-1,0,6,0,0,0,0,2,1,-1,9,1,18,4,999,1,5,SKODA FABIA,2,E01009389,0,2
2024101421588,2024,101421588,2,9,0,-1,3,8,4,-1,0,8,0,0,0,0,1,1,-1,9,1,20,4,1197,1,10,SKODA FABIA,1,E01027392,0,1
2024351435182,2024,351435182,1,9,0,-1,19,8,4,-1,0,0,1,0,1,4,1,1,-1,9,1,25,5,1198,1,14,SKODA FABIA,1,E01015603,0,3
2024501499161,2024,501499161,1,9,0,-1,19,2,6,-1,0,0,0,0,0,0,4,1,-1,9,1,51,8,1197,1,13,SKODA FABIA,2,E01015072,0,1
2024401468384,2024,401468384,1,9,-1,-1,-1,-1,-1,-1,-1,0,-1,-1,-1,0,-1,9,-1,2,1,24,5,1598,2,12,SKODA FABIA,4,E01017535,0,1
2024221496083,2024,221496083,1,9,0,-1,19,8,4,-1,0,0,0,0,7,10,1,9,-1,6,1,31,6,1896,2,21,SKODA FABIA,5,E01014008,0,1
2024070879651,2024,070879651,1,9,0,-1,19,4,8,-1,0,0,0,0,0,0,1,1,-1,6,2,48,8,999,1,5,SKODA FABIA,10,E01005807,0,2
2024061409463,2024,061409463,2,9,0,-1,19,4,8,-1,0,1,0,0,0,0,2,1,-1,6,2,36,7,999,1,5,SKODA FABIA,3,E01006291,0,2
2024131460123,2024,131460123,2,9,0,-1,9,5,3,-1,0,5,0,0,0,0,3,1,-1,6,2,69,10,1197,1,9,SKODA FABIA,9,E01011698,0,1
2024471500042,2024,471500042,1,9,0,-1,19,3,7,-1,0,4,0,0,0,0,1,1,-1,9,2,64,9,999,1,4,SKODA FABIA,8,E01031418,0,2
2024471411015,2024,471411015,2,9,0,-1,4,3,7,-1,0,0,0,0,0,0,2,1,-1,9,2,52,8,1896,2,17,SKODA FABIA,3,E01031830,0,2
2024010492844,2024,010492844,1,9,0,18,19,6,2,0,0,1,0,0,0,0,1,1,6,6,2,52,8,1198,1,12,SKODA FABIA,4,E01003447,0,1
2024320707604,2024,320707604,2,9,0,9,9,6,4,0,0,5,0,0,0,0,2,1,-1,-1,1,81,11,1197,1,9,SKODA FABIA,9,E01026215,0,1
2024440531818,2024,440531818,1,9,0,9,9,1,3,0,0,8,0,0,0,0,3,1,6,6,2,91,11,1390,1,18,SKODA FABIA,3,E01017263,0,1
2024471500379,2024,471500379,1,9,0,-1,19,1,5,-1,0,0,2,0,8,4,1,1,-1,9,1,18,4,999,1,4,SKODA FABIA,7,E01021170,0,2
2024031504140,2024,031504140,1,9,0,-1,19,8,5,-1,0,0,0,0,1,0,1,1,-1,2,1,40,7,1197,1,7,SKODA FABIA,9,E01018027,0,5
2024430114808,2024,430114808,1,9,0,16,19,6,1,0,0,0,0,0,8,2,1,1,6,6,1,28,6,1390,1,18,SKODA FABIA,10,E01032610,0,3
2024541233924,2024,541233924,2,9,0,18,19,2,6,0,0,8,0,0,0,0,3,1,6,6,2,73,10,1390,1,15,SKODA FABIA,5,E01031860,0,1
2024010515030,2024,010515030,1,9,0,2,2,0,0,9,9,0,0,0,1,0,3,1,6,6,3,-1,-1,1598,2,14,SKODA FABIA,-1,-1,0,-1
2024052402578,2024,052402578,2,9,0,18,19,7,3,0,0,0,0,0,0,0,2,1,6,6,1,21,5,999,1,8,SKODA FABIA,6,E01006939,0,1
2024451520209,2024,451520209,1,9,0,-1,-1,-1,-1,-1,0,1,-1,-1,-1,0,-1,9,-1,6,3,-1,-1,1422,2,17,SKODA FABIA,-1,-1,0,-1
2024631511779,2024,631511779,1,9,0,-1,19,2,7,-1,0,1,0,0,0,0,1,1,-1,9,2,78,11,1896,2,17,SKODA FABIA,6,W01000492,0,4
2024311524630,2024,311524630,1,9,0,-1,9,1,3,-1,9,8,1,7,1,0,1,1,-1,2,1,19,4,1390,1,12,SKODA FABIA,-1,-1,0,-1
202417S212824,2024,17S212824,2,9,0,-1,3,0,0,-1,0,0,0,0,0,0,4,1,-1,2,1,43,7,1896,2,14,SKODA FABIA,3,E01012214,0,1
2024061400431,2024,061400431,4,9,0,-1,3,2,6,-1,0,5,0,0,0,0,2,1,-1,9,1,47,8,999,1,7,SKODA FABIA,5,E01032556,0,2
2024221507538,2024,221507538,2,9,0,-1,19,6,2,-1,0,0,0,0,0,0,3,1,-1,6,1,60,9,999,1,6,SKODA FABIA,10,E01009808,0,1
2024201426768,2024,201426768,1,9,0,-1,7,1,4,-1,0,1,0,10,7,1,3,1,-1,9,1,74,10,999,1,5,SKODA FABIA,9,E01025908,0,4
2024161523047,2024,161523047,1,9,0,-1,19,7,3,-1,0,1,0,0,1,0,1,1,-1,6,1,44,7,1197,1,9,SKODA FABIA,3,E01013198,0,4
2024332400322,2024,332400322,2,9,0,-1,7,4,6,-1,0,6,0,0,0,0,1,1,-1,9,1,54,8,1896,2,17,SKODA FABIA,1,E01013677,0,2
2024440453808,2024,440453808,1,9,0,18,19,3,7,0,0,4,0,0,0,0,1,1,6,6,2,81,11,1896,2,15,SKODA FABIA,3,E01022738,0,1
2024545863624,2024,545863624,2,9,0,9,9,5,3,0,0,1,0,0,0,0,3,1,6,6,1,39,7,1198,1,19,SKODA FABIA,5,E01032111,0,2
2024991501890,2024,991501890,1,9,0,-1,19,1,5,-1,0,1,2,0,1,5,4,1,-1,9,1,27,6,1198,1,12,SKODA FABIA,5,-1,0,5
2024501520183,2024,501520183,2,9,0,-1,19,8,4,-1,0,0,1,0,0,0,1,1,-1,6,1,57,9,999,1,6,SKODA FABIA,5,E01018756,0,3
2024070750822,2024,070750822,2,9,0,-1,19,5,1,-1,0,8,5,10,1,4,4,1,-1,9,1,83,11,1197,1,7,SKODA FABIA,3,E01029597,0,1
2024991451882,2024,991451882,1,9,0,-1,10,6,3,-1,0,1,0,0,0,0,2,1,-1,6,2,39,7,999,1,0,SKODA FABIA,3,-1,0,1
2024991447893,2024,991447893,1,9,0,-1,19,3,7,-1,0,0,0,0,0,0,1,1,-1,2,1,48,8,1598,2,11,SKODA FABIA,2,-1,0,4
2024421447916,2024,421447916,1,9,0,-1,5,1,6,-1,0,6,0,0,0,0,1,1,-1,9,2,66,10,1197,1,7,SKODA FABIA,-1,-1,0,-1
2024610027424,2024,610027424,1,9,0,9,9,5,3,0,0,6,0,0,0,0,3,1,6,6,1,17,4,1197,1,7,SKODA FABIA,9,W01001639,0,1
2024010513252,2024,010513252,2,9,0,99,99,9,9,99,99,9,9,99,9,99,9,9,6,6,3,-1,-1,1198,1,12,SKODA FABIA,-1,-1,0,-1
2024041481572,2024,041481572,1,9,0,-1,7,1,5,-1,0,0,0,0,0,0,1,1,-1,9,2,77,11,999,1,2,SKODA FABIA,1,E01025389,0,3
2024421449194,2024,421449194,2,9,0,-1,4,4,8,-1,0,0,0,0,0,0,2,9,-1,1,1,37,7,999,1,6,SKODA FABIA,3,E01030114,0,4
2024371510232,2024,371510232,1,9,0,-1,9,8,5,-1,0,1,0,0,0,0,1,1,-1,2,1,25,5,1397,1,22,SKODA FABIA,2,E01030032,0,1
2024361420510,2024,361420510,2,9,0,-1,-1,-1,-1,-1,-1,0,-1,-1,-1,0,-1,9,-1,9,1,18,4,1422,2,15,SKODA FABIA,4,E01026759,0,4
2024451409570,2024,451409570,1,9,0,-1,3,1,5,-1,0,1,0,0,0,0,2,1,-1,2,2,28,6,1598,1,15,SKODA FABIA,9,E01030421,0,1
202460Q012229,2024,60Q012229,1,9,0,9,9,5,3,0,0,8,0,0,0,0,1,1,2,2,2,43,7,1598,2,11,SKODA FABIA,-1,-1,0,-1
2024371438391,2024,371438391,1,9,0,-1,5,2,5,-1,0,4,0,0,0,0,1,1,-1,6,2,84,11,999,1,5,SKODA FABIA,5,E01030146,0,3
2024122400252,2024,122400252,1,9,0,4,4,5,1,0,0,0,0,0,0,0,1,1,6,6,1,42,7,1422,2,15,SKODA FABIA,3,E01012943,0,2
2024430500059,2024,430500059,2,9,0,9,9,2,8,0,0,8,0,0,0,0,3,1,2,2,1,70,10,1422,2,15,SKODA FABIA,-1,-1,0,-1
2024161442282,2024,161442282,1,9,0,-1,9,3,1,-1,0,8,0,0,0,0,1,1,-1,6,2,70,10,1197,1,10,SKODA FABIA,8,E01012984,0,4
202454B050624,2024,54B050624,2,9,0,18,19,2,6,0,0,1,0,0,0,0,2,1,6,6,2,27,6,999,1,4,SKODA FABIA,5,E01031936,0,3
2024201495284,2024,201495284,1,9,0,-1,19,4,8,-1,0,8,0,0,0,0,3,1,-1,6,1,35,6,999,1,3,SKODA FABIA,-1,-1,0,-1
2024070497877,2024,070497877,1,9,0,18,19,1,5,0,0,6,0,0,0,0,1,1,6,6,1,-1,-1,1390,1,11,SKODA FABIA,-1,-1,0,-1
2024061496809,2024,061496809,1,9,0,-1,12,4,8,-1,0,8,0,7,0,0,3,1,-1,9,1,19,4,1198,1,17,SKODA FABIA,1,E01004862,0,2
2024320413796,2024,320413796,1,9,0,-1,-1,3,7,0,0,2,0,0,0,0,1,1,6,6,3,-1,-1,1896,2,18,SKODA FABIA,-1,-1,0,-1
2024411526454,2024,411526454,1,9,0,-1,19,5,1,-1,0,0,0,0,0,0,4,1,-1,9,1,93,11,1197,1,13,SKODA FABIA,8,E01035608,0,1
2024522401445,2024,522401445,1,9,0,18,19,6,2,0,0,1,0,0,0,0,1,1,6,6,1,33,6,1422,2,7,SKODA FABIA,10,E01014775,0,2
2024461523707,2024,461523707,1,9,0,-1,9,1,7,-1,0,8,0,0,0,0,1,1,-1,6,2,39,7,1197,1,8,SKODA FABIA,2,E01024047,0,1
2024430205006,2024,430205006,1,9,0,18,19,4,1,0,0,0,2,0,1,4,4,1,6,6,1,21,5,1896,2,19,SKODA FABIA,8,E01028614,0,4
2024361513922,2024,361513922,1,9,0,-1,9,4,1,-1,0,2,0,0,0,0,4,1,-1,6,1,82,11,1422,2,17,SKODA FABIA,7,E01030054,0,1
2024221502106,2024,221502106,2,9,0,-1,19,8,5,-1,0,8,0,4,0,0,1,1,-1,9,2,83,11,1197,1,10,SKODA FABIA,5,E01014041,0,1
2024131484327,2024,131484327,2,9,0,-1,19,7,3,-1,0,1,0,0,0,0,4,1,-1,2,1,24,5,1598,2,10,SKODA FABIA,9,E01011453,0,1
2024231417722,2024,231417722,3,9,0,-1,4,5,1,-1,0,0,0,0,0,0,1,1,-1,6,1,28,6,1598,2,11,SKODA FABIA,6,E01031108,0,3
2024231427768,2024,231427768,2,9,0,-1,19,6,2,-1,0,8,0,0,0,0,4,9,-1,2,1,64,9,1197,1,9,SKODA FABIA,8,E01035036,0,4
2024052401041,2024,052401041,1,9,0,17,19,6,3,0,0,0,0,4,0,0,4,1,6,6,1,81,11,1197,1,8,SKODA FABIA,4,E01005690,0,3
2024311426135,2024,311426135,2,9,0,-1,19,7,3,-1,0,8,0,0,0,0,1,1,-1,6,1,49,8,1422,2,19,SKODA FABIA,4,E01027960,0,3
2024141445081,2024,141445081,2,9,0,-1,5,1,5,-1,0,6,0,0,0,0,3,1,-1,6,1,-1,-1,999,1,1,SKODA FABIA,-1,-1,0,-1
2024111427277,2024,111427277,2,9,0,-1,19,3,7,-1,0,1,0,0,0,0,0,1,-1,6,1,53,8,1198,1,16,SKODA FABIA,2,E01020639,0,1
2024501516964,2024,501516964,1,9,0,-1,4,2,6,-1,0,0,0,0,0,0,1,1,-1,6,2,76,11,999,1,3,SKODA FABIA,9,E01020236,0,2
2024440445428,2024,440445428,1,9,0,9,9,3,7,0,0,0,-1,0,0,0,1,1,6,6,2,29,6,1390,1,15,SKODA FABIA,4,E01017290,0,1
2024440215130,2024,440215130,1,9,0,9,9,4,2,0,0,5,0,0,0,0,3,1,6,6,1,33,6,1197,1,13,SKODA FABIA,6,E01022960,0,2
2024542458724,2024,542458724,1,9,0,18,19,5,1,0,0,4,0,0,0,0,1,1,6,6,1,77,11,999,1,4,SKODA FABIA,6,E01032114,0,1
2024501501171,2024,501501171,1,9,0,-1,19,3,7,-1,0,0,0,0,2,11,1,1,-1,2,2,29,6,999,1,3,SKODA FABIA,3,E01015167,0,4
2024311416105,2024,311416105,2,9,0,-1,19,6,2,-1,0,8,0,0,0,0,4,1,-1,6,1,-1,-1,999,1,7,SKODA FABIA,6,E01028298,0,3
2024201447224,2024,201447224,2,9,0,-1,9,8,5,-1,0,6,0,0,0,0,3,1,-1,6,2,78,11,999,1,6,SKODA FABIA,5,E01008960,0,1
2024991489161,2024,991489161,2,9,0,-1,19,2,6,-1,0,0,1,0,0,0,1,1,-1,9,2,25,5,1598,2,11,SKODA FABIA,8,-1,0,4
2024201494814,2024,201494814,2,9,0,-1,2,0,0,-1,0,0,0,0,0,0,3,9,-1,6,2,50,8,999,1,3,SKODA FABIA,4,E01009729,0,1