collision_index,collision_year,collision_ref_no,vehicle_reference,vehicle_type,towing_and_articulation,vehicle_manoeuvre_historic,vehicle_manoeuvre,vehicle_direction_from,vehicle_direction_to,vehicle_location_restricted_lane_historic,vehicle_location_restricted_lane,junction_location,skidding_and_overturning,hit_object_in_carriageway,vehicle_leaving_carriageway,hit_object_off_carriageway,first_point_of_impact,vehicle_left_hand_drive,journey_purpose_of_driver_historic,journey_purpose_of_driver,sex_of_driver,age_of_driver,age_band_of_driver,engine_capacity_cc,propulsion_code,age_of_vehicle,generic_make_model,driver_imd_decile,lsoa_of_driver,escooter_flag,driver_distance_banding
2024201439676,2024,201439676,1,9,0,-1,15,6,2,-1,0,8,5,7,0,0,1,1,-1,6,1,22,5,1998,1,21,HONDA MODEL MISSING,-1,-1,0,-1
2024991485810,2024,991485810,1,5,0,-1,19,8,3,-1,0,0,1,0,7,0,4,1,-1,6,1,55,8,598,1,27,HONDA MODEL MISSING,5,-1,0,1
2024320380133,2024,320380133,1,5,0,18,19,1,5,0,0,0,0,0,1,0,3,1,6,6,1,52,8,781,1,26,HONDA MODEL MISSING,5,E01026076,0,3
2024471472484,2024,471472484,2,5,0,-1,2,0,0,-1,0,1,0,0,0,0,3,1,-1,9,1,71,10,1137,1,26,HONDA MODEL MISSING,8,E01030529,0,4
2024991484952,2024,991484952,1,5,0,-1,13,8,4,-1,0,0,0,10,0,0,1,1,-1,9,1,69,10,1047,1,44,HONDA MODEL MISSING,1,E01008665,0,5
2024052401938,2024,052401938,1,9,0,5,5,5,1,0,0,8,0,0,0,0,4,1,1,1,1,53,8,1490,8,11,HONDA MODEL MISSING,3,E01006719,0,1
2024622400648,2024,622400648,1,5,0,13,13,5,1,0,0,0,1,0,0,0,0,1,6,6,1,46,8,750,1,27,HONDA MODEL MISSING,1,W01001288,0,1
2024221505176,2024,221505176,1,9,0,-1,9,6,4,-1,0,6,0,0,0,0,1,9,-1,2,2,43,7,1330,8,12,HONDA MODEL MISSING,6,E01010200,0,3
2024991436208,2024,991436208,1,4,0,-1,19,5,1,-1,0,0,0,0,0,0,0,1,-1,9,1,24,5,500,1,43,HONDA MODEL MISSING,7,-1,0,4
2024991489508,2024,991489508,2,17,0,-1,2,0,0,-1,0,0,0,0,0,0,1,1,-1,7,1,52,8,420,1,3,HONDA MODEL MISSING,-1,-1,0,-1
2024221457722,2024,221457722,2,5,0,-1,19,6,2,-1,0,8,0,0,0,0,1,1,-1,2,1,37,7,745,1,22,HONDA MODEL MISSING,2,E01032465,0,1
2024451425186,2024,451425186,2,9,0,-1,9,3,1,-1,9,0,0,0,6,1,1,1,-1,6,2,27,6,1490,8,11,HONDA MODEL MISSING,5,E01030980,0,1
2024221446598,2024,221446598,1,5,0,-1,19,8,4,-1,0,0,0,0,0,0,1,1,-1,6,1,38,7,918,1,26,HONDA MODEL MISSING,6,E01032457,0,3
2024531500447,2024,531500447,2,5,0,-1,19,2,6,-1,0,1,0,0,0,0,1,1,-1,9,1,53,8,918,1,28,HONDA MODEL MISSING,9,E01034787,0,2
2024061494973,2024,061494973,1,5,0,-1,9,1,6,-1,0,1,5,0,0,0,1,1,-1,6,3,-1,-1,598,1,25,HONDA MODEL MISSING,-1,-1,0,-1
2024332401102,2024,332401102,1,9,0,-1,4,3,7,-1,0,1,0,0,0,0,2,1,-1,2,2,47,8,1497,1,14,HONDA MODEL MISSING,3,E01034003,0,3
2024010500022,2024,010500022,2,3,0,18,19,5,1,0,0,0,0,0,0,0,1,1,6,6,1,29,6,125,1,12,HONDA MODEL MISSING,4,E01004212,0,1
2024411411664,2024,411411664,1,5,0,-1,5,3,1,-1,0,4,0,0,0,0,-1,1,-1,6,1,-1,-1,598,1,23,HONDA MODEL MISSING,5,E01023936,0,1
2024231465301,2024,231465301,2,9,0,-1,9,4,3,-1,0,5,0,0,0,0,3,9,-1,6,1,35,6,1490,8,10,HONDA MODEL MISSING,-1,-1,0,-1
2024221437558,2024,221437558,1,9,0,-1,19,3,6,-1,0,1,0,0,0,0,1,1,-1,6,2,46,8,1330,8,12,HONDA MODEL MISSING,5,E01009267,0,4
2024010543642,2024,010543642,1,5,0,16,19,1,5,0,0,6,0,0,0,0,1,1,2,2,1,30,6,600,1,26,HONDA MODEL MISSING,8,E01001046,0,3
2024010526145,2024,010526145,1,3,0,18,19,3,7,0,0,8,0,0,0,0,1,1,6,6,1,23,5,125,1,8,HONDA MODEL MISSING,7,E01002373,0,1
2024211526932,2024,211526932,1,9,0,-1,2,1,5,-1,0,0,0,0,1,0,2,9,-1,6,1,23,5,1339,8,13,HONDA MODEL MISSING,2,E01005027,0,4
2024361426980,2024,361426980,1,5,0,-1,13,5,1,-1,0,0,0,0,1,0,1,1,-1,6,1,52,8,996,1,25,HONDA MODEL MISSING,4,E01026925,0,2
2024320488959,2024,320488959,2,9,0,2,2,0,0,0,0,0,0,0,0,0,2,1,6,6,2,78,11,1998,1,18,HONDA MODEL MISSING,5,E01026283,0,1
2024010507737,2024,010507737,1,5,0,99,99,9,9,99,99,9,9,99,9,99,9,1,1,1,1,28,6,670,1,11,HONDA NC700X,-1,-1,0,-1
2024010515161,2024,010515161,1,5,0,18,19,7,3,0,0,2,0,0,0,0,3,1,6,6,1,45,7,670,1,12,HONDA NC700X,4,E01003543,0,2
2024010516647,2024,010516647,1,3,0,99,99,9,9,99,99,9,9,99,9,99,9,1,1,1,1,22,5,670,1,11,HONDA NC700X,4,E01003145,0,2
2024010510573,2024,010510573,1,3,9,99,99,9,9,99,99,9,9,99,9,99,1,1,1,1,1,29,6,670,1,11,HONDA NC700X,2,E01002076,0,4
2024010510241,2024,010510241,2,5,0,18,19,5,1,0,0,8,0,0,0,0,1,1,6,6,1,28,6,670,1,11,HONDA NC700X,5,E01023791,0,4
2024451497772,2024,451497772,1,5,0,-1,19,3,7,-1,0,1,1,0,0,0,1,1,-1,2,1,29,6,670,1,10,HONDA NC700X,10,E01023210,0,4
2024311407470,2024,311407470,1,5,0,-1,7,4,6,-1,0,2,1,0,0,0,4,1,-1,2,1,41,7,670,1,12,HONDA NC700X,6,E01028336,0,1
2024101471215,2024,101471215,1,5,0,-1,13,3,7,-1,0,0,0,0,0,0,1,1,-1,9,1,56,9,670,1,11,HONDA NC700X,6,E01027476,0,4
2024010550473,2024,010550473,1,5,0,99,99,9,9,99,99,9,9,99,9,99,9,1,6,6,1,33,6,670,1,10,HONDA NC700X,3,E01002562,0,3
2024010509758,2024,010509758,1,5,0,9,9,5,3,0,0,6,0,0,0,0,1,1,6,6,1,40,7,670,1,11,HONDA NC700X,9,E01021454,0,4
2024451475696,2024,451475696,1,9,0,-1,19,3,7,-1,0,4,0,0,0,0,1,1,-1,9,2,82,11,1591,1,12,MAKE AND MODEL REDACTED,10,E01030948,0,1
2024070342635,2024,070342635,2,9,0,5,5,3,7,0,0,8,0,0,6,1,2,1,6,6,1,23,5,1591,1,12,MAKE AND MODEL REDACTED,10,W01000385,0,4
2024141439588,2024,141439588,1,9,0,-1,19,3,7,-1,0,8,0,0,0,0,4,9,-1,6,1,24,5,1591,1,12,MAKE AND MODEL REDACTED,1,E01007783,0,1
2024430029706,2024,430029706,1,9,0,18,19,6,2,0,0,8,0,0,0,0,1,1,6,6,2,55,8,1591,1,11,MAKE AND MODEL REDACTED,7,E01028474,0,2
2024010512188,2024,010512188,1,9,0,2,2,0,0,0,0,1,0,0,0,0,1,1,6,6,3,-1,-1,1591,1,12,MAKE AND MODEL REDACTED,-1,-1,0,-1
2024010521820,2024,010521820,2,9,0,4,4,5,1,0,0,2,0,0,0,0,0,1,6,6,1,55,8,1591,1,12,MAKE AND MODEL REDACTED,8,E01000399,0,1
2024631475626,2024,631475626,2,17,5,-1,19,1,6,-1,0,0,0,0,0,0,1,1,-1,9,1,57,9,5393,2,34,MAKE AND MODEL REDACTED,5,W01000648,0,1
2024461415938,2024,461415938,1,9,0,-1,9,5,3,-1,0,8,0,0,0,0,3,9,-1,2,1,56,9,1490,1,7,MAKE AND MODEL REDACTED,2,E01024177,0,3
2024010547753,2024,010547753,1,9,0,4,4,6,2,0,0,2,0,0,0,0,2,1,2,2,2,26,6,1490,1,6,MAKE AND MODEL REDACTED,4,E01000957,0,1
2024622400268,2024,622400268,2,9,0,9,9,4,2,0,0,8,0,0,0,0,3,1,6,6,2,34,6,1490,1,5,MAKE AND MODEL REDACTED,8,W01001752,0,1
2024411516237,2024,411516237,4,9,0,-1,2,0,0,-1,0,1,0,0,0,0,4,1,-1,6,-1,-1,-1,1498,1,8,MAKE AND MODEL REDACTED,-1,-1,0,-1
2024131505613,2024,131505613,4,9,0,-1,2,0,0,-1,0,2,0,0,0,0,2,1,-1,6,-1,-1,-1,1490,1,6,MAKE AND MODEL REDACTED,-1,-1,0,-1
2024549407624,2024,549407624,1,9,0,18,19,6,2,0,0,8,0,7,0,0,1,1,6,6,1,44,7,1490,1,5,MAKE AND MODEL REDACTED,8,E01032701,0,1
2024010497578,2024,010497578,1,9,0,9,9,5,3,0,0,6,0,0,0,0,1,1,6,6,1,44,7,1498,1,8,MAKE AND MODEL REDACTED,-1,-1,0,-1
2024211480579,2024,211480579,1,3,0,-1,19,1,1,-1,0,0,1,0,0,0,1,1,-1,2,1,18,4,125,1,1,MAKE AND MODEL REDACTED,-1,-1,0,-1
2024332400168,2024,332400168,2,4,0,-1,19,4,1,-1,0,8,0,0,0,0,1,1,-1,6,1,31,6,125,1,1,MAKE AND MODEL REDACTED,4,E01025936,0,1
2024991441611,2024,991441611,1,9,0,-1,19,8,3,-1,0,1,5,0,7,11,1,1,-1,6,1,81,11,1400,1,87,MAKE AND MODEL REDACTED,6,-1,0,1
2024631439058,2024,631439058,2,9,0,-1,19,1,5,-1,0,0,0,0,2,10,1,1,-1,9,1,69,10,1098,1,62,MAKE AND MODEL REDACTED,7,W01000552,0,1
2024461507535,2024,461507535,2,9,0,-1,19,6,3,-1,0,1,0,0,0,0,3,1,-1,6,2,69,10,1598,1,15,NISSAN NOTE,2,E01016064,0,1
2024471399063,2024,471399063,1,9,0,-1,19,1,6,-1,0,0,0,0,0,0,1,1,-1,9,1,80,11,1598,1,16,NISSAN NOTE,7,E01031500,0,1
2024010488258,2024,010488258,1,9,0,16,19,5,7,0,0,8,0,0,0,0,1,1,6,6,1,59,9,1386,1,17,NISSAN NOTE,2,E01003511,0,2
2024010512008,2024,010512008,1,9,0,5,5,5,1,0,0,1,0,0,0,0,1,1,6,6,1,47,8,1598,1,13,NISSAN NOTE,7,E01001405,0,3
2024070541066,2024,070541066,2,9,0,3,3,8,4,0,0,1,0,0,0,0,2,1,6,6,2,60,9,1198,1,7,NISSAN NOTE,10,E01018607,0,4
2024631488352,2024,631488352,1,9,0,-1,19,8,4,-1,0,0,1,0,7,11,2,1,-1,9,2,34,6,1386,1,15,NISSAN NOTE,8,W01000494,0,2
2024052402235,2024,052402235,2,9,0,18,19,4,7,0,0,1,0,0,0,0,4,1,6,6,1,31,6,1198,1,7,NISSAN NOTE,1,E01034837,0,1
2024131457400,2024,131457400,1,9,0,-1,9,5,1,-1,-1,0,0,0,0,0,1,1,-1,9,1,35,6,1386,1,16,NISSAN NOTE,1,E01011080,0,1
2024461416989,2024,461416989,2,9,0,-1,2,0,0,-1,0,0,0,4,0,0,2,9,-1,6,2,-1,-1,1386,1,15,NISSAN NOTE,2,E01024218,0,1
2024421417177,2024,421417177,1,9,0,-1,19,3,7,-1,0,2,0,0,0,0,1,1,-1,6,1,45,7,1386,1,17,NISSAN NOTE,-1,-1,0,-1
2024351507867,2024,351507867,2,9,0,-1,9,5,3,-1,0,1,0,0,0,0,1,1,-1,6,1,75,10,1461,2,10,NISSAN NOTE,2,E01015592,0,1
2024010535527,2024,010535527,1,9,0,99,99,9,9,99,99,9,9,99,9,99,2,9,6,6,1,48,8,1386,1,16,NISSAN NOTE,2,E01004721,0,1
2024101413802,2024,101413802,2,9,-1,-1,19,3,7,-1,0,0,0,0,0,0,1,9,-1,9,1,73,10,1198,1,9,NISSAN NOTE,2,E01008698,0,1
2024461461459,2024,461461459,1,9,0,-1,19,6,3,-1,0,0,0,0,0,0,1,2,-1,9,2,70,10,1198,1,10,NISSAN NOTE,5,E01024512,0,3
2024451467423,2024,451467423,1,9,0,-1,19,5,1,-1,0,0,0,0,0,0,1,1,-1,9,2,40,7,1386,1,11,NISSAN NOTE,10,E01030910,0,3
2024471479826,2024,471479826,4,9,0,-1,3,4,7,-1,0,0,0,0,0,0,2,1,-1,9,1,78,11,1198,1,10,NISSAN NOTE,4,E01031428,0,3
2024211507886,2024,211507886,1,9,0,-1,19,7,3,-1,0,0,0,0,0,0,1,1,-1,1,2,22,5,1598,1,15,NISSAN NOTE,1,E01014306,0,3
2024340WN4812,2024,340WN4812,1,9,0,-1,19,7,3,-1,0,0,1,0,0,0,1,1,-1,6,1,32,6,1461,2,17,NISSAN NOTE,6,E01027232,0,1
2024201555898,2024,201555898,2,9,0,-1,19,5,1,-1,0,0,0,0,0,0,1,1,-1,6,1,30,6,1386,1,17,NISSAN NOTE,5,E01009179,0,1
2024411519847,2024,411519847,1,9,0,-1,19,7,3,-1,0,8,0,0,0,0,1,1,-1,6,1,43,7,1598,1,12,NISSAN NOTE,2,E01023844,0,1
2024991505562,2024,991505562,1,9,0,-1,19,6,2,-1,0,0,0,0,0,0,1,1,-1,9,2,73,10,1198,1,10,NISSAN NOTE,4,-1,0,3
2024471465538,2024,471465538,2,9,0,-1,9,1,7,-1,0,4,0,0,0,0,3,1,-1,6,2,24,5,1198,1,8,NISSAN NOTE,10,E01031744,0,2
2024440554550,2024,440554550,2,9,0,5,5,0,2,0,0,0,0,0,0,0,3,1,6,6,3,-1,-1,1386,1,16,NISSAN NOTE,-1,-1,0,-1
2024010540163,2024,010540163,2,9,0,99,99,9,9,99,99,9,9,99,9,99,9,9,6,6,2,56,9,1198,1,10,NISSAN NOTE,4,E01004031,0,1
2024041509041,2024,041509041,2,9,0,-1,2,3,7,-1,-1,1,0,0,1,0,2,1,-1,9,2,71,10,1198,1,9,NISSAN NOTE,3,E01025311,0,3
2024141532100,2024,141532100,2,9,0,-1,19,8,4,-1,0,8,0,0,0,0,1,1,-1,9,1,48,8,1386,1,15,NISSAN NOTE,2,E01008072,0,1
2024440096488,2024,440096488,2,9,0,18,19,6,2,0,0,2,0,0,0,0,1,1,6,6,1,24,5,1386,1,11,NISSAN NOTE,10,E01016652,0,3
2024131484826,2024,131484826,1,9,0,-1,19,3,7,-1,0,8,0,0,0,0,1,1,-1,9,2,27,6,1598,1,14,NISSAN NOTE,7,E01011688,0,1
2024010535243,2024,010535243,2,9,0,99,99,9,9,99,99,9,9,99,9,99,1,9,6,6,3,-1,-1,1386,1,14,NISSAN NOTE,7,E01000169,0,2
2024231419397,2024,231419397,1,9,0,-1,9,5,3,-1,0,6,0,0,0,0,2,1,-1,9,2,80,11,1386,1,15,NISSAN NOTE,7,E01031283,0,1
2024430499543,2024,430499543,1,9,0,7,7,4,6,0,0,6,0,0,0,0,1,1,6,6,1,-1,-1,1386,1,13,NISSAN NOTE,-1,-1,0,-1
2024201434641,2024,201434641,3,9,0,-1,19,7,3,-1,0,1,0,0,0,0,1,9,-1,6,1,65,9,1386,1,16,NISSAN NOTE,-1,-1,0,-1
2024631481977,2024,631481977,1,9,0,-1,19,4,8,-1,0,0,0,0,0,0,1,1,-1,6,1,78,11,1386,1,12,NISSAN NOTE,4,W01000706,0,1
2024061477020,2024,061477020,1,9,0,-1,1,2,4,-1,0,0,0,0,0,0,4,1,-1,9,2,68,10,1198,1,8,NISSAN NOTE,6,E01004783,0,1
2024122500107,2024,122500107,1,9,0,18,19,5,1,0,0,1,0,0,0,0,1,1,6,6,1,58,9,1461,2,10,NISSAN NOTE,6,E01019351,0,4
2024451429007,2024,451429007,1,9,0,-1,19,1,5,-1,0,4,0,0,3,4,1,1,-1,9,1,79,11,1598,1,14,NISSAN NOTE,9,E01030731,0,1
2024010513796,2024,010513796,2,9,0,2,2,0,0,0,0,0,0,0,0,0,1,1,6,6,3,-1,-1,1198,1,7,NISSAN NOTE,-1,-1,0,-1
2024411438295,2024,411438295,1,9,0,-1,19,6,2,-1,0,1,0,0,0,0,1,1,-1,6,1,70,10,1598,1,15,NISSAN NOTE,7,E01023776,0,1
202454F133624,2024,54F133624,1,9,0,7,7,6,4,0,0,8,0,0,0,0,1,1,1,1,1,47,8,1461,2,11,NISSAN NOTE,7,E01032121,0,1
2024101527864,2024,101527864,2,9,0,-1,3,6,2,-1,0,0,0,0,0,0,2,1,-1,6,2,35,6,1198,1,9,NISSAN NOTE,1,E01008712,0,1
2024461439428,2024,461439428,1,9,0,-1,19,3,3,-1,0,1,0,7,0,0,1,1,-1,6,1,37,7,1386,1,12,NISSAN NOTE,8,E01024184,0,1
2024991523059,2024,991523059,1,9,0,-1,14,1,5,-1,0,0,0,0,0,0,1,1,-1,9,2,80,11,1198,1,8,NISSAN NOTE,10,-1,0,1
2024991518246,2024,991518246,1,9,0,-1,10,3,1,-1,0,6,0,0,0,0,1,1,-1,2,2,39,7,1198,1,10,NISSAN NOTE,3,-1,0,1
2024401396831,2024,401396831,1,9,0,-1,9,2,6,-1,0,2,0,0,0,0,1,1,-1,2,2,39,7,1598,1,16,NISSAN NOTE,5,E01015763,0,1
2024010542121,2024,010542121,3,9,0,2,2,0,0,0,0,6,0,0,0,0,1,1,6,6,3,-1,-1,1598,1,18,NISSAN NOTE,-1,-1,0,-1
2024522401899,2024,522401899,1,9,0,9,9,1,6,0,0,6,0,0,0,0,1,1,6,6,2,70,10,1461,2,7,NISSAN NOTE,9,E01014955,0,1
2024061420087,2024,061420087,1,9,0,-1,19,7,3,-1,0,0,0,0,0,0,1,9,-1,6,1,-1,-1,1386,1,15,NISSAN NOTE,1,E01006215,0,4
2024010505302,2024,010505302,1,9,0,18,19,7,3,0,0,5,0,0,0,0,1,1,6,6,1,33,6,1198,1,8,NISSAN NOTE,6,E01000514,0,1
2024302500193,2024,302500193,3,9,0,-1,4,4,8,-1,0,0,0,0,0,0,2,1,-1,6,1,-1,-1,1198,1,9,NISSAN NOTE,10,E01013539,0,1
2024010523025,2024,010523025,1,9,0,18,19,3,7,0,0,2,0,0,0,0,1,1,6,6,3,-1,-1,1386,1,14,NISSAN NOTE,-1,-1,0,-1
2024471402341,2024,471402341,1,9,0,-1,7,7,1,-1,0,8,0,0,0,0,1,1,-1,2,2,60,9,1198,1,8,NISSAN NOTE,5,E01031832,0,1
2024471394658,2024,471394658,1,9,0,-1,19,7,3,-1,0,1,0,0,0,0,3,1,-1,9,1,70,10,1386,1,17,NISSAN NOTE,4,E01031435,0,1
2024201514727,2024,201514727,2,9,0,-1,3,6,2,-1,0,1,0,0,0,0,2,1,-1,9,2,43,7,1198,1,10,NISSAN NOTE,8,E01010515,0,1
2024520402093,2024,520402093,1,9,0,5,5,2,6,0,0,4,0,0,0,0,3,1,6,6,2,61,9,1598,1,12,NISSAN NOTE,9,E01029260,0,1
2024622400693,2024,622400693,1,9,0,7,7,3,5,0,0,6,0,0,0,0,1,1,6,6,1,51,8,1386,1,18,NISSAN NOTE,-1,-1,0,-1
2024461508210,2024,461508210,1,9,0,-1,19,1,5,-1,0,0,0,0,0,0,1,1,-1,2,1,56,9,1598,1,14,NISSAN NOTE,4,E01000780,0,3
2024201410257,2024,201410257,2,9,0,-1,13,7,3,-1,0,0,1,7,4,0,4,1,-1,9,2,26,6,1386,1,17,NISSAN NOTE,3,E01009216,0,1
2024411464874,2024,411464874,3,9,0,-1,2,0,0,-1,0,1,0,0,0,0,2,1,-1,6,2,21,5,1598,1,16,NISSAN NOTE,8,E01023649,0,1
2024041508738,2024,041508738,1,9,0,-1,19,7,3,-1,0,0,0,0,1,4,1,1,-1,6,1,25,5,1386,1,16,NISSAN NOTE,1,E01006698,0,3
2024161510102,2024,161510102,1,9,0,-1,7,2,4,-1,0,0,0,0,0,0,4,1,-1,9,1,84,11,1198,1,11,NISSAN NOTE,3,E01013134,0,1
2024421504478,2024,421504478,1,9,0,-1,19,3,7,-1,0,0,0,0,0,0,1,1,-1,6,1,-1,-1,1198,1,9,NISSAN NOTE,-1,-1,0,-1
2024471494069,2024,471494069,1,9,0,-1,13,6,2,-1,0,0,0,0,0,0,1,1,-1,9,1,30,6,1461,2,15,NISSAN NOTE,4,E01031547,0,1
2024471488286,2024,471488286,1,9,0,-1,19,3,7,-1,0,0,0,0,0,0,1,1,-1,6,1,37,7,1386,1,11,NISSAN NOTE,8,E01021221,0,1
2024041495951,2024,041495951,1,9,0,-1,19,2,6,-1,0,2,0,0,0,0,4,1,-1,9,2,58,9,1198,1,10,NISSAN NOTE,1,E01025046,0,1
2024440249999,2024,440249999,1,9,0,9,9,8,4,0,0,2,0,0,0,0,3,1,6,6,2,51,8,1386,1,15,NISSAN NOTE,-1,-1,0,-1
2024010529117,2024,010529117,2,9,0,18,19,1,5,0,0,1,0,0,0,0,1,1,6,6,1,60,9,1598,1,13,NISSAN NOTE,2,E01000289,0,2
2024141510309,2024,141510309,1,9,0,-1,19,3,8,-1,0,0,0,0,0,0,2,9,-1,6,1,28,6,1386,1,12,NISSAN NOTE,1,E01007539,0,1
2024451442510,2024,451442510,2,9,9,-1,99,3,7,-1,99,0,9,99,0,0,1,1,-1,6,3,30,6,1598,1,16,NISSAN NOTE,-1,-1,0,-1
2024552401194,2024,552401194,2,9,0,18,19,8,4,0,0,8,0,0,0,0,1,1,6,6,2,36,7,1198,1,9,NISSAN NOTE,10,E01015396,0,1
2024361508334,2024,361508334,3,9,0,-1,4,8,5,-1,0,1,0,0,0,0,2,1,-1,6,1,60,9,1598,1,14,NISSAN NOTE,6,E01026730,0,3
2024010530008,2024,010530008,2,9,0,16,19,5,1,0,0,2,0,0,0,0,1,1,6,6,2,53,8,1598,1,12,NISSAN NOTE,2,E01033932,0,1
2024501491231,2024,501491231,1,9,0,-1,9,5,3,-1,0,8,0,99,0,0,4,1,-1,6,1,-1,-1,1461,2,15,NISSAN NOTE,10,E01034629,0,1
2024522402248,2024,522402248,1,9,0,9,9,6,5,0,0,8,0,0,0,0,1,1,6,6,2,70,10,1198,1,7,NISSAN NOTE,3,E01014502,0,1
2024501534915,2024,501534915,1,9,0,-1,19,7,3,-1,0,8,0,0,0,0,1,1,-1,6,1,31,6,1198,1,9,NISSAN NOTE,8,E01020120,0,1
2024010523998,2024,010523998,1,9,0,99,99,9,9,99,99,9,9,99,9,99,2,9,6,6,2,34,6,1198,1,9,NISSAN NOTE,7,E01002301,0,1
2024552401076,2024,552401076,1,9,0,9,9,1,7,0,0,5,0,0,0,0,3,1,6,6,1,65,9,1598,1,17,NISSAN NOTE,4,E01020589,0,1
2024052401459,2024,052401459,2,9,0,4,4,4,8,0,0,0,0,0,0,0,2,1,6,6,1,62,9,1198,1,10,NISSAN NOTE,1,E01006677,0,1
2024211419209,2024,211419209,1,9,0,-1,19,7,3,-1,0,0,0,0,0,0,1,1,-1,1,2,27,6,1598,1,17,NISSAN NOTE,5,E01010513,0,4
2024010509001,2024,010509001,1,9,0,18,19,5,1,0,0,1,0,0,0,0,0,1,6,6,2,60,9,1598,1,11,NISSAN NOTE,3,E01000367,0,1
2024991414729,2024,991414729,1,9,0,-1,19,5,1,-1,0,1,0,0,0,0,1,1,-1,9,2,82,11,1198,1,7,NISSAN NOTE,3,-1,0,2
2024461402410,2024,461402410,2,9,0,-1,19,7,3,-1,0,0,0,0,9,0,1,9,-1,6,2,42,7,1461,2,9,NISSAN NOTE,5,E01023431,0,4
2024010551566,2024,010551566,2,9,0,99,99,9,9,99,99,9,9,99,9,99,9,9,6,6,3,-1,-1,1386,1,14,NISSAN NOTE,4,E01003257,0,1
2024320689095,2024,320689095,1,9,0,-1,-1,3,7,0,0,0,1,0,1,0,1,1,-1,-1,2,40,7,1598,1,16,NISSAN NOTE,7,E01026096,0,3
2024430601522,2024,430601522,1,9,0,9,9,5,3,0,0,1,0,0,0,0,3,1,6,6,1,25,5,1598,1,18,NISSAN NOTE,5,E01016233,0,1
2024211429270,2024,211429270,1,9,0,-1,19,1,5,-1,0,1,0,0,0,0,1,1,-1,6,2,26,6,1598,1,16,NISSAN NOTE,3,E01014291,0,1
2024010511890,2024,010511890,2,9,0,18,19,1,5,0,0,4,0,0,0,0,3,2,6,6,2,68,10,1386,1,13,NISSAN NOTE,5,E01004547,0,2
2024461504282,2024,461504282,2,9,0,-1,4,5,1,-1,0,6,0,0,0,0,3,9,-1,9,1,26,6,1198,1,11,NISSAN NOTE,3,E01000336,0,2
2024440335070,2024,440335070,1,9,0,18,19,7,3,0,0,0,0,0,0,0,1,1,6,6,2,33,6,1198,1,10,NISSAN NOTE,4,E01030852,0,4
2024320065886,2024,320065886,2,9,0,-1,-1,6,2,0,0,0,0,0,0,0,2,1,6,6,1,40,7,1386,1,15,NISSAN NOTE,6,E01026220,0,1
2024461404619,2024,461404619,1,9,0,-1,19,1,5,-1,0,1,0,0,0,0,1,9,-1,1,2,-1,-1,1598,1,13,NISSAN NOTE,2,E01024664,0,1
2024010522647,2024,010522647,1,9,0,7,7,1,4,0,0,1,0,0,0,0,1,1,6,6,1,53,8,1598,1,18,NISSAN NOTE,2,E01033880,0,1
2024041436421,2024,041436421,2,9,0,-1,19,7,3,-1,0,0,0,0,1,0,3,1,-1,9,1,54,8,1386,1,13,NISSAN NOTE,1,E01012681,0,2
2024161407374,2024,161407374,1,9,0,-1,9,3,8,-1,0,1,0,0,0,0,3,1,-1,9,1,70,10,1198,1,9,NISSAN NOTE,1,E01012875,0,1
2024010528900,2024,010528900,1,9,0,18,19,1,5,0,0,0,0,0,0,0,1,1,6,6,2,68,10,1598,1,17,NISSAN NOTE,8,E01000703,0,1
2024461438698,2024,461438698,2,9,0,-1,4,1,5,-1,0,0,0,0,0,0,2,9,-1,9,2,55,8,1198,1,10,NISSAN NOTE,3,E01024396,0,1
2024461430550,2024,461430550,2,9,0,-1,8,5,1,-1,0,1,0,0,0,0,1,1,-1,9,2,56,9,1598,1,16,NISSAN NOTE,4,E01024296,0,1
2024010522497,2024,010522497,1,9,0,15,15,7,3,0,0,8,0,0,0,0,1,1,6,6,1,19,4,1598,1,16,NISSAN NOTE,3,E01035659,0,1
2024501496747,2024,501496747,2,9,0,-1,4,7,3,-1,0,0,0,0,1,0,2,1,-1,9,1,81,11,1198,1,9,NISSAN NOTE,5,E01019065,0,4
2024552401148,2024,552401148,1,9,0,18,19,8,4,0,0,0,0,4,0,0,1,1,6,6,2,56,9,1386,1,18,NISSAN NOTE,7,E01020495,0,1
2024421509307,2024,421509307,1,9,0,-1,-1,-1,-1,-1,-1,-1,-1,-1,-1,0,-1,9,-1,6,2,43,7,1386,1,15,NISSAN NOTE,1,E01022030,0,4
2024010517945,2024,010517945,1,9,0,18,19,5,1,5,5,0,0,0,0,0,1,1,6,6,3,-1,-1,1198,1,9,NISSAN NOTE,-1,-1,0,-1
2024041451261,2024,041451261,1,9,0,-1,19,5,1,-1,0,0,0,0,0,0,1,1,-1,1,2,70,10,1386,1,14,NISSAN NOTE,7,E01025603,0,1
2024501413533,2024,501413533,1,9,0,-1,19,3,7,-1,0,0,0,0,0,0,1,9,-1,9,2,73,10,1598,1,11,NISSAN NOTE,3,E01015063,0,1