collision_index,collision_year,collision_ref_no,vehicle_reference,vehicle_type,towing_and_articulation,vehicle_manoeuvre_historic,vehicle_manoeuvre,vehicle_direction_from,vehicle_direction_to,vehicle_location_restricted_lane_historic,vehicle_location_restricted_lane,junction_location,skidding_and_overturning,hit_object_in_carriageway,vehicle_leaving_carriageway,hit_object_off_carriageway,first_point_of_impact,vehicle_left_hand_drive,journey_purpose_of_driver_historic,journey_purpose_of_driver,sex_of_driver,age_of_driver,age_band_of_driver,engine_capacity_cc,propulsion_code,age_of_vehicle,generic_make_model,driver_imd_decile,lsoa_of_driver,escooter_flag,driver_distance_banding
2024041484015,2024,041484015,2,9,0,-1,19,7,3,-1,0,2,0,0,0,0,4,1,-1,9,2,22,5,1198,1,10,NISSAN NOTE,7,E01024978,0,3
2024451421553,2024,451421553,2,9,0,-1,2,0,0,-1,0,0,0,0,0,0,1,1,-1,6,-1,-1,-1,1386,1,14,NISSAN NOTE,-1,-1,0,-1
2024122400446,2024,122400446,2,9,0,3,3,1,5,0,0,1,0,0,1,0,2,1,6,6,2,70,10,1386,1,18,NISSAN NOTE,8,E01027748,0,1
2024451411317,2024,451411317,1,9,0,-1,19,5,3,-1,0,5,0,0,0,0,2,1,-1,9,2,43,7,1386,1,15,NISSAN NOTE,2,E01034293,0,1
2024421485752,2024,421485752,1,9,0,-1,7,1,2,-1,9,0,0,0,0,0,0,1,-1,9,1,76,11,1461,2,10,NISSAN NOTE,1,E01021970,0,1
2024340WN1852,2024,340WN1852,2,9,0,-1,7,7,2,-1,0,3,0,0,1,0,2,1,-1,2,1,63,9,1386,1,12,NISSAN NOTE,5,E01027192,0,2
2024340WN1732,2024,340WN1732,2,9,0,-1,9,8,6,-1,0,6,0,0,0,0,2,1,-1,9,2,43,7,1386,1,16,NISSAN NOTE,4,E01024601,0,5
2024010540240,2024,010540240,2,9,0,99,99,9,9,99,99,9,9,99,9,99,1,9,6,6,3,-1,-1,1386,1,16,NISSAN NOTE,-1,-1,0,-1
2024201475482,2024,201475482,1,9,0,-1,3,1,6,-1,0,0,0,10,1,0,1,1,-1,6,1,25,5,1598,1,17,NISSAN NOTE,-1,-1,0,-1
2024010539490,2024,010539490,1,9,9,99,99,9,9,99,99,9,9,99,9,99,9,9,6,6,3,-1,-1,1598,1,16,NISSAN NOTE,-1,-1,0,-1
2024010526186,2024,010526186,1,9,0,18,19,7,3,0,0,0,5,99,0,0,1,9,6,6,1,30,6,1198,1,9,NISSAN NOTE,4,E01002594,0,1
2024141535743,2024,141535743,1,9,0,-1,19,5,1,-1,0,1,0,0,0,0,1,1,-1,9,1,32,6,1198,1,9,NISSAN NOTE,1,E01007574,0,1
2024401474217,2024,401474217,1,9,0,-1,19,7,3,-1,0,1,0,0,0,0,1,1,-1,7,1,42,7,1461,2,8,NISSAN NOTE,2,E01001560,0,4
2024010547420,2024,010547420,1,9,0,18,19,7,3,0,0,1,0,0,0,0,1,1,6,6,2,58,9,1598,1,14,NISSAN NOTE,3,E01003377,0,1
2024548829624,2024,548829624,2,9,0,18,19,8,4,0,0,1,0,0,0,0,1,1,6,6,1,34,6,1598,1,18,NISSAN NOTE,8,E01017886,0,5
2024052400366,2024,052400366,2,9,0,18,19,1,5,0,0,0,0,0,0,0,1,1,6,6,2,51,8,1198,1,8,NISSAN NOTE,7,E01007105,0,1
2024421521406,2024,421521406,2,9,0,-1,3,5,3,-1,0,1,0,0,0,0,2,1,-1,9,1,77,11,1598,1,12,NISSAN NOTE,5,E01021942,0,1
2024421424255,2024,421424255,1,9,0,-1,19,1,5,-1,0,1,0,0,0,0,3,1,-1,9,1,86,11,1461,2,10,NISSAN NOTE,3,E01015882,0,2
2024430238804,2024,430238804,1,9,0,1,1,6,2,0,0,6,0,0,0,0,2,1,6,6,2,84,11,1598,1,11,NISSAN NOTE,-1,-1,0,-1
2024501455855,2024,501455855,2,9,0,-1,10,3,6,-1,9,8,0,0,0,0,1,1,-1,9,1,77,11,1461,2,15,NISSAN NOTE,4,E01018846,0,1
2024201440535,2024,201440535,1,9,0,-1,19,8,4,-1,0,0,0,0,0,0,1,9,-1,9,1,32,6,1386,1,11,NISSAN NOTE,1,E01009397,0,1
2024471489326,2024,471489326,1,9,0,-1,9,7,3,-1,9,1,1,0,7,0,1,1,-1,6,1,32,6,1598,1,16,NISSAN NOTE,2,E01031808,0,1
2024211453330,2024,211453330,2,9,0,-1,19,2,3,-1,0,1,0,0,0,0,1,1,-1,9,1,62,9,1386,1,13,NISSAN NOTE,1,E01030279,0,5
2024440423868,2024,440423868,2,9,0,9,9,5,1,0,0,8,0,0,0,0,1,1,6,6,1,24,5,1386,1,18,NISSAN NOTE,6,E01022634,0,1
2024311497904,2024,311497904,1,9,0,-1,19,7,3,-1,0,8,2,0,7,0,3,1,-1,9,2,87,11,1198,1,9,NISSAN NOTE,-1,-1,0,-1
2024131444600,2024,131444600,1,9,0,-1,19,3,7,-1,0,8,0,0,0,0,4,1,-1,9,1,77,11,1386,1,14,NISSAN NOTE,4,E01011482,0,1
2024311501810,2024,311501810,1,9,0,-1,19,8,5,-1,0,4,0,0,0,0,1,1,-1,6,2,47,8,1598,1,16,NISSAN NOTE,2,E01028318,0,1
2024122500009,2024,122500009,1,9,0,3,3,1,5,0,0,0,0,0,0,0,2,1,2,2,1,20,4,1198,1,10,NISSAN NOTE,5,E01027822,0,2
2024471411732,2024,471411732,2,9,0,-1,4,1,5,-1,0,1,0,0,0,0,2,1,-1,6,2,43,7,1386,1,16,NISSAN NOTE,2,E01016905,0,1
2024201444844,2024,201444844,1,9,0,-1,5,3,7,-1,0,6,0,0,0,0,1,1,-1,6,1,69,10,1598,1,15,NISSAN NOTE,3,E01010020,0,1
2024111436105,2024,111436105,1,9,0,-1,3,8,4,-1,0,1,0,0,8,0,1,1,-1,9,2,90,11,1598,1,15,NISSAN NOTE,6,E01020654,0,1
2024302400744,2024,302400744,2,9,0,18,19,7,3,0,0,0,5,0,0,0,2,1,6,6,1,43,7,1386,1,12,NISSAN NOTE,6,E01013528,0,2
2024221429836,2024,221429836,1,9,0,-1,19,7,2,-1,0,0,0,0,0,0,1,1,-1,6,1,62,9,1598,1,16,NISSAN NOTE,5,E01028960,0,4
2024061409182,2024,061409182,2,9,0,-1,7,5,8,-1,0,1,0,0,0,0,1,1,-1,6,1,24,5,1198,1,10,NISSAN NOTE,5,E01006142,0,1
2024311520429,2024,311520429,2,9,0,-1,19,8,4,-1,0,1,0,0,0,0,1,1,-1,9,1,32,6,1461,2,12,NISSAN NOTE,3,E01028028,0,1
2024010544458,2024,010544458,1,9,0,7,7,5,7,0,0,4,0,0,0,0,1,1,3,7,1,61,9,1598,1,16,NISSAN NOTE,7,E01002203,0,1
2024411399579,2024,411399579,1,9,0,-1,19,3,7,-1,0,0,0,0,0,0,1,9,-1,2,1,54,8,1598,1,16,NISSAN NOTE,8,E01023514,0,1
2024340NN3612,2024,340NN3612,1,9,0,-1,12,1,5,-1,0,0,0,0,0,0,3,1,-1,2,1,37,7,1461,2,8,NISSAN NOTE,1,E01027083,0,3
2024201491575,2024,201491575,3,9,0,-1,3,8,4,-1,0,0,0,0,0,0,2,1,-1,6,2,-1,-1,1198,1,8,NISSAN NOTE,-1,-1,0,-1
2024211499618,2024,211499618,1,9,0,-1,5,0,0,-1,0,0,0,0,0,0,1,1,-1,9,2,84,11,1198,1,9,NISSAN NOTE,9,E01029786,0,1
2024991459422,2024,991459422,1,9,0,-1,19,6,2,-1,0,0,0,0,0,0,1,1,-1,6,1,92,11,1598,1,11,NISSAN NOTE,10,-1,0,1
2024041524149,2024,041524149,2,9,0,-1,19,6,2,-1,0,0,0,0,0,0,2,1,-1,6,1,45,7,1598,1,15,NISSAN NOTE,9,E01025281,0,1
2024161445933,2024,161445933,2,9,0,-1,19,6,8,-1,0,1,0,0,0,0,1,1,-1,2,2,25,5,1198,1,9,NISSAN NOTE,9,E01012974,0,3
2024361531884,2024,361531884,1,9,0,-1,19,1,4,-1,0,0,0,0,7,0,4,1,-1,6,1,66,10,1461,2,10,NISSAN NOTE,6,E01026451,0,3
2024622400804,2024,622400804,2,9,0,9,9,2,8,0,0,8,0,0,0,0,4,1,2,2,2,52,8,1198,1,8,NISSAN NOTE,1,W01001746,0,1
2024311497119,2024,311497119,1,9,0,-1,3,1,5,-1,0,1,0,0,0,0,2,1,-1,7,2,37,7,1598,1,18,NISSAN NOTE,-1,-1,0,-1
2024351436086,2024,351436086,1,9,0,-1,19,5,1,-1,0,4,0,0,0,0,3,9,-1,1,1,38,7,1598,1,16,NISSAN NOTE,8,E01018166,0,3
2024131421483,2024,131421483,1,9,0,-1,19,1,1,-1,0,8,0,0,0,0,2,1,-1,7,1,49,8,1461,2,14,NISSAN NOTE,4,E01010603,0,1
2024332401113,2024,332401113,2,9,0,-1,19,1,5,-1,0,6,0,0,0,0,1,1,-1,6,3,-1,-1,1386,1,16,NISSAN NOTE,-1,-1,0,-1
2024010513672,2024,010513672,1,9,0,9,9,4,1,0,0,0,0,0,0,0,3,1,6,6,1,54,8,1598,1,15,NISSAN NOTE,3,E01000499,0,1
2024041452368,2024,041452368,1,9,0,-1,19,3,7,-1,0,0,0,0,1,0,1,1,-1,9,1,38,7,1461,2,10,NISSAN NOTE,1,E01025248,0,2
2024061451920,2024,061451920,2,9,0,-1,19,-1,-1,-1,0,0,0,4,0,0,1,1,-1,6,1,-1,-1,1461,2,13,NISSAN NOTE,1,E01005287,0,1
2024010523958,2024,010523958,2,9,0,18,19,5,1,0,0,8,0,0,0,0,1,1,6,6,3,-1,-1,1598,1,13,NISSAN NOTE,-1,-1,0,-1
2024501527289,2024,501527289,2,9,0,-1,7,4,6,-1,0,1,0,0,0,0,3,1,-1,2,2,41,7,1198,1,9,NISSAN NOTE,2,E01015072,0,1
2024471443999,2024,471443999,1,9,0,-1,19,2,6,-1,0,6,0,0,0,0,1,1,-1,6,2,57,9,1386,1,12,NISSAN NOTE,4,E01016894,0,1
2024061511495,2024,061511495,2,9,-1,-1,-1,-1,-1,-1,-1,-1,-1,-1,-1,0,-1,9,-1,6,3,-1,-1,1386,1,16,NISSAN NOTE,-1,-1,0,-1
2024161443389,2024,161443389,1,9,0,-1,5,3,1,-1,9,0,0,0,0,0,4,1,-1,2,2,42,7,1198,1,11,NISSAN NOTE,6,E01012916,0,1
2024201514655,2024,201514655,1,9,0,-1,5,2,6,-1,0,6,0,0,0,0,4,9,-1,9,1,39,7,1598,1,15,NISSAN NOTE,3,E01010020,0,1
2024070732533,2024,070732533,2,9,0,-1,19,1,5,-1,0,1,0,0,0,0,1,1,-1,9,2,41,7,1461,2,15,NISSAN NOTE,6,E01018749,0,1
2024010521579,2024,010521579,1,9,0,9,9,6,4,0,0,5,0,0,0,0,1,1,6,6,3,-1,-1,1598,1,16,NISSAN NOTE,-1,-1,0,-1
2024101520255,2024,101520255,1,9,0,-1,7,2,6,-1,0,8,1,0,7,3,1,1,-1,9,1,18,4,1598,1,16,NISSAN NOTE,-1,-1,0,-1
2024010548194,2024,010548194,1,9,0,2,2,0,0,99,99,0,9,99,9,99,9,9,6,6,3,-1,-1,1386,1,13,NISSAN NOTE,-1,-1,0,-1
2024991441204,2024,991441204,1,9,0,-1,9,7,4,-1,0,1,0,0,0,0,3,1,-1,6,2,83,11,1198,1,10,NISSAN NOTE,10,-1,0,1
2024141460491,2024,141460491,2,9,0,-1,4,5,1,-1,0,1,0,0,0,0,2,1,-1,9,2,33,6,1386,1,17,NISSAN NOTE,2,E01007504,0,1
2024361449113,2024,361449113,1,9,0,-1,19,7,3,-1,0,8,0,0,0,0,3,1,-1,6,1,32,6,1461,2,15,NISSAN NOTE,-1,-1,0,-1
2024221536553,2024,221536553,2,9,0,-1,19,5,1,-1,0,3,0,0,0,0,3,1,-1,6,1,28,6,1198,1,7,NISSAN NOTE,10,E01012558,0,5
2024131395421,2024,131395421,2,9,0,-1,19,3,2,-1,0,8,0,0,0,0,1,1,-1,6,1,58,9,1386,1,12,NISSAN NOTE,1,E01010710,0,1
2024131525621,2024,131525621,1,9,0,-1,19,1,1,-1,0,1,0,0,0,0,1,1,-1,9,2,40,7,1598,1,11,NISSAN NOTE,9,E01011566,0,2
202454E954024,2024,54E954024,1,9,0,18,19,8,4,0,0,0,0,0,0,0,1,1,6,6,1,-1,-1,1461,2,17,NISSAN NOTE,-1,-1,0,-1
2024411531125,2024,411531125,2,9,0,-1,-1,-1,-1,-1,-1,-1,-1,-1,-1,0,-1,9,-1,9,2,43,7,1198,1,10,NISSAN NOTE,7,E01023335,0,1
2024010540186,2024,010540186,2,9,0,99,99,9,9,99,99,9,9,99,9,99,9,9,6,6,3,-1,-1,1198,1,10,NISSAN NOTE,-1,-1,0,-1
2024552500068,2024,552500068,1,9,0,9,9,3,1,0,0,8,0,0,0,0,1,1,6,6,1,60,9,1598,1,16,NISSAN NOTE,8,E01015378,0,1
2024631488544,2024,631488544,1,9,0,-1,19,3,7,-1,0,0,0,0,0,0,1,1,-1,9,1,21,5,1386,1,15,NISSAN NOTE,3,W01000711,0,3
2024010499974,2024,010499974,2,9,0,99,99,9,9,99,99,9,9,99,9,99,1,9,6,6,3,-1,-1,1598,1,14,NISSAN NOTE,-1,-1,0,-1
2024131408128,2024,131408128,1,9,0,-1,19,1,5,-1,0,0,0,0,1,11,1,1,-1,9,2,39,7,1598,1,17,NISSAN NOTE,2,E01011615,0,1
2024361399283,2024,361399283,2,9,0,-1,19,3,7,-1,0,1,1,0,0,0,1,1,-1,9,2,55,8,1598,1,12,NISSAN NOTE,5,E01026501,0,1
2024501521714,2024,501521714,1,9,0,-1,19,3,7,-1,0,0,0,0,0,0,1,1,-1,2,2,40,7,1461,2,15,NISSAN NOTE,2,E01019046,0,1
2024440515712,2024,440515712,1,9,0,18,19,2,6,0,0,8,0,0,0,0,1,1,6,6,2,-1,-1,1598,1,17,NISSAN NOTE,5,E01017203,0,1
2024010524209,2024,010524209,1,9,0,18,19,8,4,0,0,8,0,0,0,0,4,1,6,6,1,49,8,1198,1,10,NISSAN NOTE,3,E01000043,0,2
2024010505347,2024,010505347,1,9,0,2,2,0,0,0,0,0,0,0,0,0,3,1,6,6,3,-1,-1,1598,1,16,NISSAN NOTE,-1,-1,0,-1
2024141499043,2024,141499043,1,9,0,-1,9,8,5,-1,0,8,0,0,0,0,1,1,-1,9,2,70,10,1198,1,10,NISSAN NOTE,5,E01007558,0,1
2024010508737,2024,010508737,2,9,0,18,19,5,1,0,0,8,0,0,0,0,1,1,6,6,2,26,6,1198,1,9,NISSAN NOTE,1,E01005223,0,5
2024010509452,2024,010509452,2,9,0,99,99,9,9,99,99,9,9,99,9,99,9,9,6,6,3,-1,-1,1198,1,10,NISSAN NOTE,-1,-1,0,-1
2024010519557,2024,010519557,1,9,0,7,7,1,4,0,0,5,0,0,0,0,4,1,2,2,1,44,7,1598,1,16,NISSAN NOTE,4,E01001090,0,1
2024041425869,2024,041425869,1,9,0,-1,19,1,5,-1,9,1,0,7,3,0,1,1,-1,6,2,82,11,1386,1,14,NISSAN NOTE,8,E01024939,0,1
2024201453390,2024,201453390,2,9,0,-1,2,0,0,-1,0,0,0,0,0,0,4,1,-1,6,-1,-1,-1,1598,1,15,NISSAN NOTE,-1,-1,0,-1
2024461504126,2024,461504126,1,9,0,-1,9,5,6,-1,0,2,0,0,0,0,1,1,-1,6,1,20,4,1461,2,10,NISSAN NOTE,2,E01024249,0,1
2024010502462,2024,010502462,1,9,0,9,9,7,4,0,0,8,0,0,0,0,4,1,6,6,1,54,8,1598,1,15,NISSAN NOTE,2,E01003087,0,2
2024010544590,2024,010544590,2,9,0,7,7,1,4,0,0,6,0,0,0,0,1,1,6,6,1,31,6,1598,1,17,NISSAN NOTE,3,E01004443,0,2
2024041485937,2024,041485937,2,9,0,-1,9,1,3,-1,0,5,0,0,0,0,3,1,-1,9,2,36,7,1598,1,15,NISSAN NOTE,6,E01012610,0,2
2024302500043,2024,302500043,1,9,0,2,2,0,0,0,0,0,0,0,1,0,2,1,3,7,1,77,11,1198,1,8,NISSAN NOTE,6,E01019477,0,2
2024070534764,2024,070534764,2,9,0,18,19,5,1,0,0,0,0,0,1,9,1,1,3,7,2,35,6,1461,2,10,NISSAN NOTE,5,E01028897,0,3
2024332401166,2024,332401166,1,9,0,-1,9,8,6,-1,0,5,0,0,0,0,1,1,-1,6,2,65,9,1386,1,13,NISSAN NOTE,5,E01025722,0,1
2024061497808,2024,061497808,1,9,0,-1,2,1,1,-1,0,0,0,0,0,0,2,1,-1,9,2,41,7,1386,1,14,NISSAN NOTE,5,E01018728,0,4
2024401438338,2024,401438338,1,9,0,-1,19,2,6,-1,0,1,0,0,0,0,1,1,-1,6,1,59,9,1598,1,16,NISSAN NOTE,2,E01027155,0,4
2024010499696,2024,010499696,2,9,0,99,99,9,9,99,99,9,9,99,9,99,1,9,6,6,3,-1,-1,1598,1,17,NISSAN NOTE,-1,-1,0,-1
2024440320113,2024,440320113,2,9,0,2,2,0,0,0,0,0,0,10,7,11,1,1,6,6,1,41,7,1461,2,7,NISSAN NOTE,-1,-1,0,-1
2024041470551,2024,041470551,2,9,0,-1,2,0,0,-1,0,0,0,0,0,0,1,1,-1,6,-1,-1,-1,1386,1,13,NISSAN NOTE,-1,-1,0,-1
2024201449856,2024,201449856,1,9,0,-1,1,1,5,-1,0,0,0,0,0,0,3,1,-1,6,1,57,9,1386,1,16,NISSAN NOTE,-1,-1,0,-1
2024141488235,2024,141488235,2,9,0,-1,19,4,8,-1,0,0,1,0,0,0,2,1,-1,6,1,39,7,1598,1,15,NISSAN NOTE,5,E01007441,0,2
2024461459639,2024,461459639,2,9,0,-1,19,1,5,-1,0,8,0,0,0,0,4,1,-1,6,1,17,4,1386,1,17,NISSAN NOTE,7,E01004476,0,4
2024401443493,2024,401443493,3,9,-1,-1,19,-1,-1,-1,0,1,0,0,0,0,-1,1,-1,6,3,-1,-1,1386,1,18,NISSAN NOTE,-1,-1,0,-1
2024311452379,2024,311452379,2,9,0,-1,3,1,5,-1,0,0,0,0,0,0,2,9,-1,6,2,51,8,1386,1,13,NISSAN NOTE,4,E01025962,0,4
2024052402129,2024,052402129,4,9,0,18,19,4,8,0,0,0,0,0,0,0,2,1,1,1,1,29,6,1386,1,13,NISSAN NOTE,1,E01007009,0,1
2024631534728,2024,631534728,1,9,0,-1,19,4,1,-1,0,0,2,0,8,10,1,1,-1,9,1,45,7,1598,1,16,NISSAN NOTE,8,-1,0,5
2024471452638,2024,471452638,2,9,0,-1,2,0,0,-1,0,2,0,0,0,0,3,1,-1,6,-1,-1,-1,1198,1,9,NISSAN NOTE,-1,-1,0,-1
2024131522820,2024,131522820,2,9,0,-1,19,4,8,-1,0,1,0,0,7,0,1,1,-1,9,1,77,11,1461,2,10,NISSAN NOTE,7,E01011578,0,1
2024401469214,2024,401469214,1,9,0,-1,19,5,1,-1,0,0,0,0,0,0,1,1,-1,6,2,-1,-1,1386,1,11,NISSAN NOTE,9,E01015708,0,1
2024061519253,2024,061519253,1,9,0,-1,19,3,7,-1,0,2,0,0,0,0,1,1,-1,6,2,40,7,1598,1,16,NISSAN NOTE,2,E01005199,0,1
2024041520496,2024,041520496,1,9,0,-1,9,1,1,-1,0,5,0,0,0,0,1,2,-1,6,2,64,9,1386,1,16,NISSAN NOTE,4,E01024927,0,1
2024340NN3352,2024,340NN3352,1,9,0,-1,19,3,7,-1,0,0,0,0,0,0,1,1,-1,9,1,25,5,1198,1,9,NISSAN NOTE,7,E01015598,0,3
2024501485502,2024,501485502,1,9,0,-1,3,6,2,-1,0,1,0,0,0,0,2,1,-1,9,2,63,9,1461,2,14,NISSAN NOTE,6,E01015127,0,2
2024201494703,2024,201494703,2,9,0,-1,19,7,3,-1,0,8,0,0,0,0,3,1,-1,2,1,30,6,1386,1,18,NISSAN NOTE,1,E01010363,0,1
2024201522851,2024,201522851,2,9,0,-1,19,2,6,-1,0,8,0,0,0,0,2,1,-1,6,1,69,10,1461,2,14,NISSAN NOTE,3,E01010020,0,1
2024610046024,2024,610046024,2,9,0,9,9,7,5,0,0,6,0,0,0,0,1,1,6,6,2,81,11,1386,1,11,NISSAN NOTE,3,W01001516,0,1
2024531463034,2024,531463034,1,9,0,-1,13,8,4,-1,0,1,0,0,7,11,1,1,-1,2,2,35,6,1461,2,11,NISSAN NOTE,6,E01034778,0,3
2024010523944,2024,010523944,1,9,0,17,19,1,5,9,9,0,0,10,7,4,1,1,6,6,2,21,5,1598,1,17,NISSAN NOTE,8,E01001543,0,1
2024421507811,2024,421507811,1,9,0,-1,3,1,5,-1,0,1,0,0,0,0,1,1,-1,6,1,-1,-1,1386,1,12,NISSAN NOTE,-1,-1,0,-1
2024440151689,2024,440151689,1,9,0,18,19,8,4,0,0,2,0,0,0,0,1,1,6,6,2,47,8,1386,1,13,NISSAN NOTE,10,E01022747,0,2
2024421502671,2024,421502671,2,9,0,-1,15,1,5,-1,0,0,0,0,0,0,4,1,-1,9,1,64,9,1198,1,11,NISSAN NOTE,8,E01002252,0,3
2024071037023,2024,071037023,1,9,0,-1,19,1,5,-1,0,0,0,0,0,0,1,1,-1,9,1,64,9,1198,1,7,NISSAN NOTE,-1,-1,0,-1
2024131403037,2024,131403037,2,9,0,-1,7,3,7,-1,0,6,0,0,0,0,3,1,-1,9,1,59,9,1598,1,17,NISSAN NOTE,4,E01011008,0,1
2024471427948,2024,471427948,1,9,0,-1,19,5,1,-1,0,0,0,0,0,0,1,1,-1,6,1,61,9,1461,2,11,NISSAN NOTE,4,E01016902,0,1
2024461467032,2024,461467032,1,9,0,-1,19,3,7,-1,0,0,5,4,0,0,1,1,-1,6,2,80,11,1598,1,16,NISSAN NOTE,4,E01024694,0,1
2024471492037,2024,471492037,2,9,0,-1,7,2,4,-1,0,1,0,0,0,0,4,9,-1,6,1,62,9,1598,1,16,NISSAN NOTE,1,E01016915,0,1
2024371521792,2024,371521792,1,9,0,-1,19,6,2,-1,0,0,0,0,0,0,4,1,-1,6,2,52,8,1598,1,13,NISSAN NOTE,5,E01033446,0,1
2024010548956,2024,010548956,1,9,0,18,19,1,5,0,0,2,0,0,0,0,1,1,6,6,1,48,8,1198,1,9,NISSAN NOTE,3,E01000129,0,1
2024421490712,2024,421490712,2,9,0,-1,19,5,1,-1,0,0,0,0,1,0,4,1,-1,6,2,61,9,1461,2,12,NISSAN NOTE,6,E01018017,0,4
2024131506133,2024,131506133,1,9,0,-1,-1,-1,-1,-1,-1,8,-1,-1,-1,0,-1,1,-1,6,3,-1,-1,1598,1,15,NISSAN NOTE,-1,-1,0,-1
2024041452595,2024,041452595,1,9,0,-1,1,7,3,-1,-1,0,0,0,0,0,2,1,-1,9,2,20,4,1461,2,14,NISSAN NOTE,6,E01025607,0,2
2024010523296,2024,010523296,1,9,9,99,99,9,9,99,99,0,9,0,0,0,2,9,6,6,1,68,10,1598,1,18,NISSAN NOTE,3,E01003980,0,1
2024332401218,2024,332401218,1,9,0,-1,11,4,8,-1,0,0,0,0,0,0,4,1,-1,9,1,37,7,1598,1,12,NISSAN NOTE,-1,-1,0,-1
2024340WN2092,2024,340WN2092,1,9,0,-1,19,1,5,-1,0,6,0,0,0,0,1,1,-1,6,3,-1,-1,1461,2,13,NISSAN NOTE,-1,-1,0,-1
2024041416573,2024,041416573,1,9,0,-1,19,7,3,-1,0,2,0,0,0,0,1,1,-1,9,2,43,7,1598,1,17,NISSAN NOTE,2,E01012605,0,1
2024421504839,2024,421504839,1,9,0,-1,19,2,7,-1,0,8,0,0,0,0,3,1,-1,6,2,-1,-1,1386,1,16,NISSAN NOTE,-1,-1,0,-1
2024010511913,2024,010511913,1,9,0,4,4,5,1,0,0,4,2,0,0,0,4,1,6,6,1,24,5,1386,1,15,NISSAN NOTE,5,E01002948,0,3
2024440383261,2024,440383261,1,9,0,9,9,6,4,0,0,8,0,0,0,0,4,1,6,6,2,70,10,1198,1,10,NISSAN NOTE,5,E01023027,0,1
2024201456025,2024,201456025,1,9,0,-1,19,8,4,-1,0,0,0,0,0,0,1,9,-1,6,2,29,6,1461,2,10,NISSAN NOTE,5,E01009798,0,1
2024111451460,2024,111451460,2,9,0,-1,19,2,6,-1,0,0,0,10,0,0,3,1,-1,6,2,45,7,1598,1,18,NISSAN NOTE,2,E01020773,0,2
2024010505827,2024,010505827,1,9,0,99,99,9,9,99,99,0,9,99,9,99,9,9,6,6,1,19,4,1198,1,8,NISSAN NOTE,6,E01001091,0,1
2024401398884,2024,401398884,2,9,-1,-1,-1,-1,-1,-1,-1,0,-1,-1,-1,0,-1,9,-1,9,1,36,7,1598,1,16,NISSAN NOTE,3,E01015701,0,1
2024320751101,2024,320751101,1,9,0,9,9,4,2,0,0,6,0,0,0,0,1,1,-1,-1,1,62,9,1198,1,8,NISSAN NOTE,8,E01034700,0,1
2024131399222,2024,131399222,1,9,0,-1,19,3,7,-1,0,8,1,0,0,0,2,1,-1,6,2,30,6,1461,2,14,NISSAN NOTE,3,E01010595,0,1
2024451520502,2024,451520502,1,9,0,-1,13,7,3,-1,0,0,1,0,5,6,4,1,-1,6,2,56,9,1386,1,11,NISSAN NOTE,5,E01022428,0,5
2024010551547,2024,010551547,2,9,0,99,99,9,9,99,99,0,9,99,9,99,1,9,6,6,1,-1,-1,1598,1,14,NISSAN NOTE,-1,-1,0,-1
2024061503553,2024,061503553,2,9,0,-1,19,5,1,-1,0,8,0,0,0,0,3,1,-1,6,2,35,6,1598,1,12,NISSAN NOTE,1,E01004877,0,1
2024430437007,2024,430437007,1,9,0,18,19,8,4,0,0,0,0,0,0,0,1,1,1,1,1,34,6,1386,1,17,NISSAN NOTE,4,E01033415,0,2
2024201429625,2024,201429625,2,9,0,-1,19,6,2,-1,0,0,0,0,0,0,1,1,-1,1,1,24,5,1598,1,18,NISSAN NOTE,2,E01010004,0,1
2024201460414,2024,201460414,1,9,0,-1,3,8,4,-1,0,1,0,0,0,0,3,9,-1,6,1,41,7,1198,1,10,NISSAN NOTE,3,E01009508,0,2
2024461507997,2024,461507997,1,9,0,-1,5,3,6,-1,0,4,0,0,0,0,1,1,-1,9,1,36,7,1198,1,7,NISSAN NOTE,4,E01024138,0,1
2024041481723,2024,041481723,2,9,0,-1,19,3,7,-1,0,0,1,0,1,0,3,1,-1,9,1,49,8,1461,2,12,NISSAN NOTE,4,E01024927,0,2
2024231477674,2024,231477674,1,9,0,-1,5,6,2,-1,0,6,0,0,0,0,1,1,-1,1,1,34,6,1386,1,17,NISSAN NOTE,3,E01009553,0,3
2024501462369,2024,501462369,1,9,0,-1,11,5,1,-1,0,0,2,0,2,10,4,1,-1,9,1,34,6,1461,2,15,NISSAN NOTE,4,E01021817,0,5
2024421459045,2024,421459045,1,9,0,-1,5,1,7,-1,0,8,0,0,0,0,1,1,-1,9,2,79,11,1198,1,9,NISSAN NOTE,8,E01029913,0,4
2024311420043,2024,311420043,1,9,0,-1,12,5,1,-1,0,4,0,0,0,0,3,1,-1,6,1,50,8,1598,1,17,NISSAN NOTE,-1,-1,0,-1
2024461401056,2024,461401056,1,9,0,-1,7,6,3,-1,0,1,0,0,0,0,1,2,-1,6,1,37,7,1386,1,12,NISSAN NOTE,8,E01024184,0,1
2024061401827,2024,061401827,2,9,0,-1,9,1,2,-1,0,1,0,0,0,0,1,1,-1,6,2,73,10,1461,2,12,NISSAN NOTE,1,E01006248,0,1
2024610043624,2024,610043624,2,9,0,2,2,0,0,0,0,0,0,0,0,0,3,1,6,6,2,33,6,1461,2,11,NISSAN NOTE,5,W01001611,0,1
2024622400145,2024,622400145,2,9,0,18,19,4,8,0,0,1,0,0,0,0,2,1,6,6,2,74,10,1461,2,8,NISSAN NOTE,2,W01001788,0,1