collision_index,collision_year,collision_ref_no,vehicle_reference,vehicle_type,towing_and_articulation,vehicle_manoeuvre_historic,vehicle_manoeuvre,vehicle_direction_from,vehicle_direction_to,vehicle_location_restricted_lane_historic,vehicle_location_restricted_lane,junction_location,skidding_and_overturning,hit_object_in_carriageway,vehicle_leaving_carriageway,hit_object_off_carriageway,first_point_of_impact,vehicle_left_hand_drive,journey_purpose_of_driver_historic,journey_purpose_of_driver,sex_of_driver,age_of_driver,age_band_of_driver,engine_capacity_cc,propulsion_code,age_of_vehicle,generic_make_model,driver_imd_decile,lsoa_of_driver,escooter_flag,driver_distance_banding
2024461463637,2024,461463637,1,9,0,-1,19,4,4,-1,0,4,0,0,0,0,1,1,-1,6,2,61,9,1386,1,16,NISSAN NOTE,2,E01024677,0,2
2024461409146,2024,461409146,1,9,0,-1,19,1,5,-1,0,0,5,4,0,0,1,1,-1,9,2,65,9,1598,1,17,NISSAN NOTE,9,E01000451,0,3
2024010547171,2024,010547171,2,9,0,2,2,0,0,9,9,0,0,0,0,0,1,1,6,6,3,-1,-1,1598,1,14,NISSAN NOTE,-1,-1,0,-1
2024010522810,2024,010522810,5,9,0,2,2,0,0,0,0,0,0,0,0,0,3,1,6,6,3,-1,-1,1386,1,15,NISSAN NOTE,-1,-1,0,-1
2024041499387,2024,041499387,2,9,0,-1,2,0,0,-1,0,0,0,0,0,0,0,1,-1,6,-1,-1,-1,1598,1,14,NISSAN NOTE,-1,-1,0,-1
2024522402868,2024,522402868,1,9,0,18,19,2,6,0,0,0,5,0,0,0,1,1,6,6,2,25,5,1386,1,15,NISSAN NOTE,8,E01014745,0,3
202417L307624,2024,17L307624,1,9,0,-1,19,2,6,-1,0,0,0,0,4,6,1,1,-1,9,1,36,7,1386,1,16,NISSAN NOTE,8,E01012225,0,3
2024010540753,2024,010540753,2,9,0,18,19,5,1,0,0,4,0,0,0,0,1,1,6,6,1,37,7,1386,1,15,NISSAN NOTE,4,E01030747,0,1
2024201463357,2024,201463357,3,9,0,-1,2,0,0,-1,0,0,0,0,0,0,2,9,-1,6,-1,-1,-1,1198,1,10,NISSAN NOTE,-1,-1,0,-1
2024010526540,2024,010526540,3,9,0,4,4,3,7,0,0,1,0,0,0,0,2,1,6,6,1,39,7,1198,1,9,NISSAN NOTE,-1,-1,0,-1
2024201466301,2024,201466301,1,9,0,-1,9,1,7,-1,0,6,0,7,0,0,1,1,-1,2,1,59,9,1386,1,15,NISSAN NOTE,3,E01009140,0,1
2024010535340,2024,010535340,2,9,0,9,9,1,7,0,0,1,0,0,0,0,3,1,6,6,1,59,9,1386,1,16,NISSAN NOTE,8,E01035013,0,4
2024010531568,2024,010531568,2,9,0,99,99,9,9,99,99,9,9,99,9,99,9,9,6,6,3,-1,-1,1598,1,12,NISSAN NOTE,-1,-1,0,-1
2024010544254,2024,010544254,1,9,0,4,4,7,3,0,0,0,0,0,0,0,1,1,6,6,1,46,8,1198,1,10,NISSAN NOTE,-1,-1,0,-1
2024122400870,2024,122400870,1,9,0,4,4,5,1,0,0,0,0,0,0,0,0,1,6,6,2,60,9,1461,2,11,NISSAN NOTE,1,E01010679,0,4
2024411517683,2024,411517683,2,9,0,-1,19,4,8,-1,0,0,1,0,1,9,1,1,-1,6,1,46,8,1198,1,10,NISSAN NOTE,6,E01023582,0,3
2024141484828,2024,141484828,2,9,0,-1,5,7,3,-1,-1,0,0,0,0,0,1,1,-1,1,1,56,9,1461,2,9,NISSAN NOTE,2,E01007417,0,1
2024010537858,2024,010537858,2,9,0,99,99,9,9,99,99,5,9,99,9,99,1,9,6,6,3,-1,-1,1198,1,10,NISSAN NOTE,-1,-1,0,-1
2024361414223,2024,361414223,2,9,0,-1,2,0,0,-1,0,0,0,0,0,0,3,9,-1,6,3,-1,-1,1598,1,15,NISSAN NOTE,-1,-1,0,-1
2024622400830,2024,622400830,1,9,0,5,5,8,4,0,0,6,0,0,0,0,1,1,3,7,2,27,6,1198,1,9,NISSAN NOTE,3,W01001767,0,1
2024991472793,2024,991472793,2,9,0,-1,4,4,8,-1,0,0,0,0,0,0,2,1,-1,9,1,75,10,1386,1,14,NISSAN NOTE,3,-1,0,5
2024471493520,2024,471493520,1,9,0,-1,9,3,7,-1,0,1,0,0,0,0,1,1,-1,6,1,86,11,1198,1,9,NISSAN NOTE,10,E01031800,0,3
2024010523713,2024,010523713,1,9,0,18,19,1,5,0,0,1,0,0,7,2,1,1,6,6,1,44,7,1598,1,14,NISSAN NOTE,1,E01002036,0,2
2024010547171,2024,010547171,3,9,0,18,19,5,1,0,0,0,0,0,0,0,1,1,6,6,2,55,8,1198,1,8,NISSAN NOTE,7,E01003752,0,1
2024161394527,2024,161394527,1,9,0,-1,4,8,4,-1,0,1,1,0,1,0,1,1,-1,9,1,40,7,1386,1,12,NISSAN NOTE,2,E01013330,0,2
2024430259400,2024,430259400,1,9,0,13,13,4,8,0,0,8,0,0,7,11,1,1,6,6,2,39,7,1598,1,16,NISSAN NOTE,2,E01034453,0,1
2024010530716,2024,010530716,2,9,0,99,99,9,9,0,0,9,0,0,0,0,9,1,6,6,3,78,11,1598,1,13,NISSAN NOTE,2,E01000079,0,2
2024141535689,2024,141535689,2,9,0,-1,9,3,1,-1,0,1,0,0,0,0,1,1,-1,9,1,44,7,1198,1,8,NISSAN NOTE,1,E01007873,0,1
2024010528378,2024,010528378,1,9,0,18,19,5,1,0,0,1,0,4,0,0,1,1,6,6,2,57,9,1386,1,15,NISSAN NOTE,4,E01001370,0,1
2024052401695,2024,052401695,1,9,0,9,9,7,5,0,0,8,0,0,0,0,1,1,6,6,3,-1,-1,1198,1,11,NISSAN NOTE,-1,-1,0,-1
2024430177318,2024,430177318,1,9,0,18,19,8,4,0,0,6,0,0,0,0,1,1,1,1,1,65,9,1461,2,16,NISSAN NOTE,6,E01016536,0,2
2024211433842,2024,211433842,2,9,0,-1,3,5,8,-1,0,0,0,0,0,0,2,1,-1,6,2,53,8,1198,1,8,NISSAN NOTE,5,E01031037,0,1
2024421440058,2024,421440058,1,9,0,-1,19,6,2,-1,0,0,0,0,1,0,1,1,-1,9,2,31,6,1386,1,17,NISSAN NOTE,2,E01021703,0,2
2024320094930,2024,320094930,2,9,0,-1,-1,7,3,0,0,8,0,0,0,0,1,1,-1,-1,2,76,11,1598,1,15,NISSAN NOTE,4,E01026343,0,1
2024010538314,2024,010538314,2,9,9,18,19,1,5,99,99,0,9,99,0,0,1,1,6,6,2,49,8,1598,1,14,NISSAN NOTE,3,E01003498,0,1
2024010539912,2024,010539912,1,9,0,9,9,7,4,0,0,1,0,0,0,0,1,1,6,6,1,51,8,1198,1,10,NISSAN NOTE,-1,-1,0,-1
2024141519434,2024,141519434,2,9,0,-1,7,5,7,-1,0,5,0,0,0,0,4,9,-1,6,3,-1,-1,1461,2,14,NISSAN NOTE,-1,-1,0,-1
2024211466750,2024,211466750,1,9,0,-1,5,7,4,-1,0,1,0,0,0,0,1,9,-1,6,2,-1,-1,1198,1,10,NISSAN NOTE,10,E01029576,0,1
2024061430244,2024,061430244,1,9,0,-1,19,5,1,-1,9,2,0,0,1,0,1,1,-1,6,1,24,5,1461,2,11,NISSAN NOTE,6,E01004912,0,1
2024461431653,2024,461431653,1,9,0,-1,9,5,3,-1,0,4,1,9,1,0,1,1,-1,9,2,45,7,1598,1,17,NISSAN NOTE,3,E01016044,0,1
2024141423913,2024,141423913,1,9,0,-1,19,5,1,-1,0,0,0,0,0,0,1,1,-1,2,1,34,6,1386,1,12,NISSAN NOTE,5,E01008879,0,5
2024501485202,2024,501485202,2,9,0,-1,4,5,1,-1,1,0,0,0,0,0,4,1,-1,6,1,32,6,1386,1,11,NISSAN NOTE,6,E01020329,0,4
2024421451447,2024,421451447,1,9,0,-1,19,6,2,-1,0,0,0,0,1,0,1,1,-1,2,2,48,8,1598,1,18,NISSAN NOTE,9,E01033614,0,4
2024531507065,2024,531507065,1,9,0,-1,19,3,7,-1,0,0,0,0,0,0,1,1,-1,6,2,18,4,1198,1,8,NISSAN NOTE,9,E01022431,0,1
2024451430687,2024,451430687,1,9,0,-1,19,7,3,-1,0,0,0,4,0,0,1,1,-1,9,2,81,11,1598,1,14,NISSAN NOTE,6,E01030586,0,1
2024010516252,2024,010516252,1,9,0,9,9,7,5,0,0,6,0,0,0,0,4,1,6,6,1,48,8,1198,1,8,NISSAN NOTE,-1,-1,0,-1
2024010528216,2024,010528216,2,9,9,99,99,9,9,99,99,0,9,99,9,99,9,9,6,6,3,-1,-1,1198,1,8,NISSAN NOTE,-1,-1,0,-1
2024401404393,2024,401404393,3,9,0,-1,19,7,3,-1,0,0,0,0,0,0,1,9,-1,6,2,43,7,1386,1,16,NISSAN NOTE,4,E01015734,0,1
2024361469895,2024,361469895,4,9,0,-1,3,7,3,-1,0,0,0,0,0,0,2,2,-1,9,2,33,6,1198,1,10,NISSAN NOTE,4,E01026841,0,1
2024010527078,2024,010527078,1,9,0,7,7,2,4,0,0,8,0,0,0,0,1,1,6,6,1,68,10,1386,1,17,NISSAN NOTE,6,E01016530,0,4
2024421441587,2024,421441587,1,9,0,-1,10,7,5,-1,0,1,0,0,0,0,3,9,-1,9,2,22,5,1198,1,9,NISSAN NOTE,4,E01021812,0,1
2024041413624,2024,041413624,1,9,0,-1,19,1,5,-1,0,4,0,0,0,0,1,1,-1,9,1,51,8,1386,1,16,NISSAN NOTE,7,E01024938,0,4
2024010511120,2024,010511120,1,9,0,18,19,8,4,0,0,1,0,0,0,0,1,1,6,6,1,25,5,1386,1,17,NISSAN NOTE,6,E01001073,0,2
2024010531389,2024,010531389,1,9,0,9,9,5,4,0,0,5,0,0,0,0,0,1,1,1,2,49,8,1198,1,11,NISSAN NOTE,5,E01001656,0,1
2024010523638,2024,010523638,1,9,4,9,9,1,6,0,0,8,0,0,0,0,2,2,6,6,1,58,9,1386,1,15,NISSAN NOTE,4,E01033320,0,1
2024421455946,2024,421455946,1,9,0,-1,12,6,1,-1,0,0,0,0,7,0,1,1,-1,9,1,75,10,1386,1,11,NISSAN NOTE,6,E01023340,0,2
2024332401042,2024,332401042,1,9,0,-1,19,5,1,-1,0,0,0,0,0,0,1,1,-1,1,1,45,7,1598,1,17,NISSAN NOTE,4,E01025988,0,1
2024461487797,2024,461487797,1,9,0,-1,11,7,3,-1,0,0,0,0,0,0,4,1,-1,6,2,39,7,1198,1,9,NISSAN NOTE,5,E01035271,0,1
2024052402698,2024,052402698,1,9,0,17,19,5,2,0,0,8,0,0,0,0,1,1,1,1,1,30,6,1386,1,18,NISSAN NOTE,1,E01006697,0,2
2024411540098,2024,411540098,1,9,0,-1,5,7,2,-1,0,0,0,0,0,0,1,1,-1,9,1,71,10,1386,1,14,NISSAN NOTE,4,E01023592,0,1
2024548456624,2024,548456624,2,9,0,9,9,1,7,0,0,1,0,0,0,0,1,1,6,6,2,59,9,1461,2,12,NISSAN NOTE,5,E01015509,0,1
202417L205624,2024,17L205624,2,9,0,-1,9,1,6,-1,0,6,0,0,0,0,3,1,-1,9,1,76,11,1198,1,7,NISSAN NOTE,-1,-1,0,-1
2024461494833,2024,461494833,1,9,0,-1,19,3,7,-1,0,0,0,0,0,0,1,9,-1,6,2,63,9,1198,1,9,NISSAN NOTE,10,E01016054,0,1
2024061538509,2024,061538509,1,9,0,-1,19,3,5,-1,0,0,0,0,0,0,1,1,-1,9,2,48,8,1198,1,8,NISSAN NOTE,6,E01004962,0,1
2024201398653,2024,201398653,1,9,0,-1,19,1,5,-1,0,0,0,4,0,0,1,9,-1,2,2,52,8,1198,1,10,NISSAN NOTE,4,E01032534,0,1
2024041450951,2024,041450951,3,9,0,-1,19,7,3,-1,0,0,0,0,0,0,0,1,-1,6,-1,-1,-1,1198,1,8,NISSAN NOTE,-1,-1,0,-1
2024461522654,2024,461522654,2,9,0,-1,4,5,1,-1,0,1,0,0,0,0,2,1,-1,2,2,61,9,1598,1,14,NISSAN NOTE,6,E01024540,0,2
2024221495846,2024,221495846,1,9,0,-1,1,3,7,-1,9,5,0,4,0,0,2,1,-1,6,2,82,11,1198,1,10,NISSAN NOTE,9,E01032246,0,1
2024501460664,2024,501460664,2,9,0,-1,3,4,8,-1,0,1,0,0,0,0,2,1,-1,6,2,68,10,1598,1,17,NISSAN NOTE,10,E01020024,0,1
2024010519831,2024,010519831,2,9,0,18,19,1,5,0,0,1,0,0,0,0,4,1,6,6,1,37,7,1386,1,15,NISSAN NOTE,-1,-1,0,-1
202454A918824,2024,54A918824,1,9,0,5,5,5,3,0,0,1,0,0,0,0,3,1,2,2,2,26,6,1598,1,17,NISSAN NOTE,5,E01015529,0,2
2024010532004,2024,010532004,3,9,0,4,4,1,5,0,0,1,0,0,0,0,1,1,3,7,1,37,7,1598,1,16,NISSAN NOTE,4,E01001156,0,1
2024010539874,2024,010539874,2,9,0,99,99,9,9,99,99,9,9,99,9,99,2,9,6,6,2,43,7,1198,1,9,NISSAN NOTE,3,E01003605,0,1
2024131464265,2024,131464265,2,9,0,-1,9,1,5,-1,0,6,0,0,0,0,1,1,-1,9,1,54,8,1198,1,11,NISSAN NOTE,6,E01011883,0,2
2024401477669,2024,401477669,1,9,0,-1,19,4,8,-1,0,0,0,0,0,0,4,1,-1,6,2,42,7,1198,1,9,NISSAN NOTE,2,E01017490,0,1
2024052402543,2024,052402543,1,9,0,18,19,3,7,0,0,0,0,0,0,0,4,1,6,6,2,32,6,1386,1,16,NISSAN NOTE,8,E01006362,0,2
2024010501632,2024,010501632,2,9,0,99,99,9,9,99,99,6,9,99,9,99,9,9,6,6,3,79,11,1598,1,18,NISSAN NOTE,4,E01002841,0,1
2024332400594,2024,332400594,2,9,0,-1,19,1,5,-1,0,1,0,0,0,0,1,1,-1,6,1,37,7,1598,1,17,NISSAN NOTE,2,E01034019,0,1
2024522403223,2024,522403223,2,9,0,18,19,5,1,0,0,6,0,0,0,0,1,1,6,6,3,-1,-1,1598,1,16,NISSAN NOTE,-1,-1,0,-1
2024131554460,2024,131554460,1,9,0,-1,5,3,4,-1,0,8,0,0,0,0,2,1,-1,2,1,35,6,1198,1,8,NISSAN NOTE,1,E01011080,0,2
2024991466583,2024,991466583,2,9,0,-1,9,1,5,-1,0,3,0,0,0,0,4,1,-1,6,2,65,9,1198,1,10,NISSAN NOTE,-1,-1,0,-1
2024461412642,2024,461412642,1,9,0,-1,19,1,5,-1,0,8,0,0,0,0,1,1,-1,2,1,60,9,1598,1,16,NISSAN NOTE,5,E01016149,0,1
2024010522210,2024,010522210,1,9,0,5,5,8,4,0,0,6,0,0,0,0,1,1,1,1,1,50,8,1386,1,12,NISSAN NOTE,3,E01001136,0,1
2024010521256,2024,010521256,1,9,0,99,99,9,9,99,99,9,9,99,9,99,2,9,2,2,2,35,6,1198,1,10,NISSAN NOTE,5,E01000504,0,1
2024010515437,2024,010515437,2,9,0,18,19,1,5,0,0,1,0,0,0,0,3,1,6,6,2,39,7,1198,1,8,NISSAN NOTE,3,E01004183,0,1
2024991523351,2024,991523351,3,9,0,-1,10,5,3,-1,0,1,0,0,0,0,1,1,-1,9,1,46,8,1386,1,17,NISSAN NOTE,8,-1,0,2
2024010541461,2024,010541461,1,9,0,18,19,4,8,9,9,1,0,0,1,0,1,1,6,6,1,42,7,1598,1,13,NISSAN NOTE,5,E01004065,0,2
2024010487442,2024,010487442,1,9,0,99,99,9,9,99,99,2,9,99,9,99,1,9,6,6,2,83,11,1598,1,11,NISSAN NOTE,3,E01000372,0,1
2024221462682,2024,221462682,1,9,0,-1,9,7,5,-1,0,6,0,0,0,0,3,1,-1,9,1,75,10,1386,1,17,NISSAN NOTE,7,E01032168,0,1
2024010498368,2024,010498368,1,9,9,4,4,5,1,0,0,8,9,99,3,99,2,9,6,6,2,63,9,1598,1,13,NISSAN NOTE,4,E01000406,0,3
2024131448400,2024,131448400,2,9,0,-1,19,3,7,-1,0,0,0,0,0,0,1,1,-1,9,1,64,9,1386,1,18,NISSAN NOTE,5,E01010788,0,3
2024010518142,2024,010518142,1,9,0,18,19,7,3,0,0,0,1,4,0,0,1,1,6,6,1,50,8,1386,1,16,NISSAN NOTE,6,E01002218,0,1
2024010550001,2024,010550001,3,9,0,2,2,0,0,0,0,2,0,0,0,0,2,1,6,6,3,-1,-1,1198,1,9,NISSAN NOTE,-1,-1,0,-1
2024501400990,2024,501400990,1,9,0,-1,9,7,3,-1,0,8,0,0,0,0,1,9,-1,9,1,38,7,1598,1,17,NISSAN NOTE,2,E01015181,0,1
2024201529650,2024,201529650,1,9,0,-1,9,3,5,-1,0,8,0,0,0,0,1,9,-1,6,3,30,6,1461,2,13,NISSAN NOTE,-1,-1,0,-1
2024141521683,2024,141521683,2,9,0,-1,19,4,6,-1,0,1,0,0,0,0,1,1,-1,9,2,36,7,1461,2,10,NISSAN NOTE,1,E01007549,0,1
2024201400943,2024,201400943,1,9,0,-1,19,4,8,-1,0,2,0,0,0,0,1,9,-1,6,1,-1,-1,1386,1,17,NISSAN NOTE,-1,-1,0,-1
2024451483211,2024,451483211,1,9,0,-1,19,6,2,-1,0,0,0,0,0,0,1,1,-1,9,2,74,10,1198,1,10,NISSAN NOTE,10,E01030462,0,3
2024320304043,2024,320304043,3,9,0,2,2,0,0,0,0,0,0,0,0,0,1,1,6,6,3,-1,-1,1198,1,9,NISSAN NOTE,-1,-1,0,-1
2024421497597,2024,421497597,1,9,0,-1,19,5,1,-1,0,0,0,0,0,0,4,1,-1,6,1,74,10,1386,1,15,NISSAN NOTE,4,E01021799,0,1
2024440541191,2024,440541191,1,9,0,18,19,7,3,0,0,6,0,0,0,0,1,1,6,6,2,70,10,1198,1,10,NISSAN NOTE,3,E01017098,0,1
2024430165552,2024,430165552,1,9,0,1,1,1,5,0,0,0,0,0,1,11,2,1,6,6,2,84,11,1598,1,15,NISSAN NOTE,10,E01028684,0,1
2024471426505,2024,471426505,1,9,0,-1,4,1,5,-1,0,0,0,0,0,0,1,1,-1,9,2,35,6,1198,1,10,NISSAN NOTE,8,E01021214,0,1
2024201533186,2024,201533186,2,9,0,-1,19,2,6,-1,0,8,0,0,0,0,3,1,-1,7,2,43,7,1386,1,15,NISSAN NOTE,1,E01010368,0,1
2024501518322,2024,501518322,1,9,0,-1,19,5,1,-1,0,0,5,0,7,4,1,1,-1,9,1,84,11,1386,1,14,NISSAN NOTE,5,E01020235,0,2
2024131473480,2024,131473480,1,9,0,-1,9,4,3,-1,0,8,0,0,0,0,3,1,-1,6,1,39,7,1198,1,10,NISSAN NOTE,2,E01010929,0,1
2024371414486,2024,371414486,1,9,0,-1,19,5,1,-1,0,1,0,0,1,0,1,1,-1,9,1,81,11,1198,1,9,NISSAN NOTE,5,E01035154,0,2
2024010508938,2024,010508938,1,9,0,18,19,5,1,0,0,1,0,0,0,0,1,1,3,7,1,45,7,1386,1,18,NISSAN NOTE,7,E01035000,0,2
2024501441316,2024,501441316,1,9,0,-1,9,4,2,-1,0,8,0,0,0,0,1,1,-1,9,1,69,10,1198,1,10,NISSAN NOTE,6,E01019003,0,1
2024201505275,2024,201505275,1,9,0,-1,19,1,5,-1,0,6,0,0,0,0,1,9,-1,9,1,24,5,1598,1,12,NISSAN NOTE,-1,-1,0,-1
2024461510666,2024,461510666,2,9,0,-1,10,8,8,-1,0,0,0,0,0,0,2,1,-1,9,2,74,10,1386,1,17,NISSAN NOTE,5,E01021133,0,3
2024010549414,2024,010549414,2,9,0,2,2,0,0,0,0,0,0,0,0,0,2,1,6,6,3,-1,-1,1386,1,12,NISSAN NOTE,-1,-1,0,-1
2024041445267,2024,041445267,2,9,0,-1,4,3,7,-1,0,0,0,0,0,0,2,1,-1,9,2,31,6,1198,1,9,NISSAN NOTE,1,E01025185,0,3
2024111495741,2024,111495741,1,9,0,-1,19,1,5,-1,0,0,0,0,0,0,1,1,-1,1,1,35,6,1386,1,17,NISSAN NOTE,1,E01012068,0,4
2024520500321,2024,520500321,2,9,0,1,1,2,6,8,6,0,0,0,0,0,2,1,6,6,1,81,11,1598,1,12,NISSAN NOTE,4,E01032094,0,4
2024061404183,2024,061404183,1,9,-1,-1,-1,-1,-1,-1,-1,0,-1,-1,-1,0,-1,9,-1,6,3,-1,-1,1386,1,15,NISSAN NOTE,-1,-1,0,-1
2024101476883,2024,101476883,2,9,0,-1,10,8,4,-1,0,1,0,0,0,0,2,1,-1,6,2,36,7,1386,1,15,NISSAN NOTE,5,E01035625,0,1
2024440173753,2024,440173753,1,9,0,18,19,8,4,0,0,0,1,0,5,6,1,1,6,6,2,27,6,1598,1,17,NISSAN NOTE,3,E01032738,0,2
2024010539914,2024,010539914,1,9,0,9,9,1,8,0,0,6,0,0,0,0,1,1,6,6,2,42,7,1598,1,15,NISSAN NOTE,3,E01001394,0,2
202417S111924,2024,17S111924,1,9,0,-1,19,5,1,-1,0,0,0,0,0,0,4,1,-1,9,2,62,9,1461,2,14,NISSAN NOTE,9,E01012199,0,2
2024010496783,2024,010496783,1,9,0,18,19,5,1,0,0,8,0,0,0,0,4,1,2,2,1,52,8,1198,1,8,NISSAN NOTE,3,E01034484,0,1
2024201415774,2024,201415774,1,9,0,-1,19,2,6,-1,0,8,0,0,0,0,1,9,-1,6,1,30,6,1461,2,13,NISSAN NOTE,-1,-1,0,-1
2024440000059,2024,440000059,1,9,0,18,19,2,6,0,0,0,5,0,4,0,1,1,6,6,2,43,7,1198,1,6,NISSAN NOTE,9,E01022595,0,3
2024131499072,2024,131499072,1,9,0,-1,5,7,3,-1,0,8,0,0,1,0,3,1,-1,9,2,40,7,1598,1,11,NISSAN NOTE,2,E01010658,0,1
2024461423191,2024,461423191,2,9,0,-1,19,7,3,-1,0,0,2,0,1,4,4,9,-1,6,1,65,9,1598,1,18,NISSAN NOTE,7,E01024318,0,2
2024010511733,2024,010511733,1,9,0,99,99,9,9,99,99,9,9,99,9,99,9,9,6,6,2,48,8,1598,1,16,NISSAN NOTE,7,E01001678,0,1
2024141530179,2024,141530179,1,9,0,-1,19,5,1,-1,0,0,0,0,5,0,1,1,-1,9,2,20,4,1198,1,9,NISSAN NOTE,7,E01007553,0,1
2024010541898,2024,010541898,1,9,0,18,19,1,5,0,0,3,0,0,0,0,1,1,6,6,2,70,10,1598,1,13,NISSAN NOTE,6,E01001254,0,1
2024991421172,2024,991421172,1,9,0,-1,9,3,1,-1,0,8,0,0,0,0,4,1,-1,6,2,31,6,1598,1,17,NISSAN NOTE,8,-1,0,2
2024991406815,2024,991406815,3,9,0,-1,10,5,1,-1,0,5,0,0,0,0,2,1,-1,7,2,32,6,1461,2,10,NISSAN NOTE,10,-1,0,1
2024501454977,2024,501454977,2,9,0,-1,19,0,0,-1,0,0,0,0,0,0,1,9,-1,6,1,22,5,1598,1,15,NISSAN NOTE,2,E01019995,0,3
2024461396612,2024,461396612,1,9,0,-1,19,6,3,-1,0,1,0,0,0,0,4,1,-1,2,1,26,6,1386,1,12,NISSAN NOTE,-1,-1,0,-1
2024141459488,2024,141459488,1,9,0,-1,19,2,6,-1,0,4,0,0,0,0,2,1,-1,6,2,53,8,1598,1,17,NISSAN NOTE,1,E01007905,0,1
2024041436358,2024,041436358,1,9,0,-1,19,5,1,-1,0,1,0,0,0,0,1,1,-1,6,1,73,10,1598,1,18,NISSAN NOTE,4,E01004961,0,3
2024461406375,2024,461406375,2,9,0,-1,3,7,2,-1,0,1,0,0,0,0,2,9,-1,2,2,39,7,1598,1,12,NISSAN NOTE,8,E01024816,0,2
2024131397645,2024,131397645,2,9,0,-1,19,7,1,-1,0,6,0,0,0,0,2,1,-1,6,1,55,8,1386,1,17,NISSAN NOTE,2,E01010673,0,1
2024201434429,2024,201434429,1,9,0,-1,13,1,5,-1,0,0,0,0,0,0,4,9,-1,6,1,25,5,1461,2,11,NISSAN NOTE,-1,-1,0,-1
2024201517047,2024,201517047,1,9,0,-1,19,6,2,-1,0,0,0,7,6,0,2,1,-1,6,1,81,11,1386,1,12,NISSAN NOTE,2,E01009971,0,1
2024991452413,2024,991452413,2,9,0,-1,2,0,0,-1,0,0,0,0,0,0,3,1,-1,6,-1,-1,-1,1198,1,10,NISSAN NOTE,-1,-1,0,-1
2024010551324,2024,010551324,1,9,0,9,9,3,1,0,0,6,0,0,0,0,1,1,6,6,2,23,5,1598,1,12,NISSAN NOTE,3,E01001938,0,1
2024320464305,2024,320464305,1,9,0,-1,-1,2,6,0,0,0,0,0,0,0,1,1,6,6,2,40,7,1198,1,11,NISSAN NOTE,3,E01026325,0,4
2024461513052,2024,461513052,2,9,0,-1,3,1,5,-1,0,1,0,0,0,0,2,9,-1,6,2,56,9,1198,1,8,NISSAN NOTE,3,E01024399,0,2
2024371485528,2024,371485528,1,9,0,-1,19,7,3,-1,0,0,0,0,0,0,4,1,-1,1,1,36,7,1198,1,10,NISSAN NOTE,3,E01030010,0,1
2024401503399,2024,401503399,2,9,0,-1,19,1,5,-1,0,1,0,0,0,0,1,1,-1,6,2,73,10,1598,1,13,NISSAN NOTE,9,E01017572,0,4
202417S300624,2024,17S300624,1,9,0,7,7,8,2,0,0,2,0,0,0,0,1,1,6,6,1,33,6,1461,2,11,NISSAN NOTE,1,E01012092,0,1
2024471443760,2024,471443760,2,9,0,-1,19,8,5,-1,0,1,0,0,0,0,1,1,-1,9,1,70,10,1198,1,9,NISSAN NOTE,10,E01031822,0,1
2024461528304,2024,461528304,1,9,0,-1,5,1,5,-1,0,0,0,0,0,0,2,1,-1,2,2,39,7,1598,1,14,NISSAN NOTE,6,E01024340,0,3
2024401481797,2024,401481797,1,9,0,-1,19,8,4,-1,0,0,0,0,0,0,1,1,-1,6,2,64,9,1198,1,9,NISSAN NOTE,5,E01017412,0,1
2024501448360,2024,501448360,1,9,0,-1,19,7,3,-1,0,0,0,0,0,0,1,1,-1,6,2,73,10,1386,1,11,NISSAN NOTE,7,E01020029,0,1
2024451430645,2024,451430645,1,9,0,-1,19,7,3,-1,0,3,0,0,0,0,1,1,-1,9,1,76,11,1198,1,10,NISSAN NOTE,7,E01030741,0,1
2024522402115,2024,522402115,2,9,0,9,9,5,4,9,9,6,0,0,0,0,1,1,6,6,3,-1,-1,1198,1,9,NISSAN NOTE,-1,-1,0,-1
2024010500492,2024,010500492,1,9,0,4,4,1,5,0,0,1,0,0,0,0,1,1,6,6,1,55,8,1598,1,15,NISSAN NOTE,3,E01002503,0,1
2024010541426,2024,010541426,2,9,0,18,19,7,3,0,0,8,0,0,0,0,1,2,6,6,2,58,9,1598,1,11,NISSAN NOTE,6,E01002422,0,1
2024070289422,2024,070289422,1,9,0,18,19,6,2,0,0,1,0,0,0,0,3,1,6,6,2,45,7,1598,1,17,NISSAN NOTE,-1,-1,0,-1
2024401425800,2024,401425800,2,9,0,-1,19,3,7,-1,0,0,0,0,0,0,1,1,-1,6,2,33,6,1386,1,11,NISSAN NOTE,4,E01033835,0,2
2024501421695,2024,501421695,1,9,0,-1,19,8,4,-1,0,0,0,12,0,0,1,1,-1,2,1,55,8,1386,1,17,NISSAN NOTE,5,E01018831,0,3
2024332401013,2024,332401013,2,9,0,-1,19,7,3,-1,0,0,0,0,7,9,3,1,-1,9,1,59,9,1598,1,15,NISSAN NOTE,6,E01035102,0,1
2024061449148,2024,061449148,2,9,0,-1,19,5,1,-1,0,1,0,0,0,0,1,1,-1,9,2,31,6,1198,1,10,NISSAN NOTE,5,E01005942,0,1
2024610030224,2024,610030224,1,9,0,4,4,8,4,0,0,0,0,0,0,0,2,1,6,6,2,39,7,1598,1,17,NISSAN NOTE,2,E01014464,0,4
2024010545797,2024,010545797,2,9,0,17,19,7,3,0,0,0,0,0,0,0,1,1,6,6,2,33,6,1598,1,14,NISSAN NOTE,2,E01001660,0,1