collision_index,collision_year,collision_ref_no,vehicle_reference,vehicle_type,towing_and_articulation,vehicle_manoeuvre_historic,vehicle_manoeuvre,vehicle_direction_from,vehicle_direction_to,vehicle_location_restricted_lane_historic,vehicle_location_restricted_lane,junction_location,skidding_and_overturning,hit_object_in_carriageway,vehicle_leaving_carriageway,hit_object_off_carriageway,first_point_of_impact,vehicle_left_hand_drive,journey_purpose_of_driver_historic,journey_purpose_of_driver,sex_of_driver,age_of_driver,age_band_of_driver,engine_capacity_cc,propulsion_code,age_of_vehicle,generic_make_model,driver_imd_decile,lsoa_of_driver,escooter_flag,driver_distance_banding
2024421532040,2024,421532040,1,3,0,-1,19,3,6,-1,0,0,1,0,3,0,4,1,-1,9,1,19,4,125,1,4,MAKE AND MODEL REDACTED,8,E01021400,0,2
2024631452816,2024,631452816,1,3,0,-1,13,8,4,-1,0,0,0,0,1,9,3,1,-1,2,1,40,7,125,1,3,SINNIS ZS 125,2,W01000660,0,1
2024461446990,2024,461446990,1,3,0,-1,19,-1,-1,-1,0,8,0,0,0,0,1,1,-1,6,1,-1,-1,125,1,4,SINNIS ZS 125,7,E01024157,0,1
202454B174724,2024,54B174724,1,3,0,18,19,6,2,0,0,0,1,0,7,4,3,1,6,6,1,34,6,125,1,6,SINNIS ZS 125,6,E01032119,0,2
2024451494395,2024,451494395,1,3,0,-1,19,5,1,-1,0,0,0,0,0,0,1,1,-1,1,1,19,4,125,1,6,SINNIS ZS 125,2,E01030599,0,1
2024221503503,2024,221503503,1,3,0,-1,19,8,4,-1,0,0,1,0,0,0,4,1,-1,6,1,17,4,125,1,5,SINNIS ZS 125,2,E01032307,0,3
2024531452201,2024,531452201,1,3,0,-1,19,5,1,-1,0,0,0,0,0,0,2,1,-1,9,1,41,7,125,1,3,SINNIS ZS 125,9,E01035024,0,4
2024010549619,2024,010549619,1,3,0,18,19,5,1,0,0,2,0,0,0,0,1,1,6,6,1,24,5,125,1,5,SINNIS ZS 125,7,E01033928,0,4
2024311467522,2024,311467522,1,4,0,-1,19,5,1,-1,0,0,0,0,0,0,4,1,-1,6,2,51,8,125,1,6,SINNIS ZS 125,9,E01028104,0,1
2024991399472,2024,991399472,2,3,0,-1,15,1,5,-1,0,0,0,0,1,0,3,1,-1,9,1,19,4,125,1,4,SINNIS ZS 125,2,-1,0,1
2024211503415,2024,211503415,2,3,0,-1,19,1,5,-1,0,2,0,0,0,0,1,1,-1,6,1,17,4,125,1,5,SINNIS ZS 125,6,E01029632,0,1
202460Q144868,2024,60Q144868,1,3,0,18,19,3,7,0,0,7,5,0,0,0,1,1,6,6,1,18,4,125,1,6,SINNIS ZS 125,-1,-1,0,-1
2024141466601,2024,141466601,1,3,0,-1,9,7,6,-1,0,3,1,0,0,0,2,1,-1,9,1,19,4,125,1,7,SINNIS ZS 125,1,E01008011,0,1
2024302400641,2024,302400641,2,4,0,13,13,8,4,0,0,0,0,0,0,0,1,1,6,6,2,26,6,125,1,5,SINNIS ZS 125,1,E01013536,0,2
2024471530709,2024,471530709,2,3,0,-1,19,7,3,-1,0,1,0,0,0,0,1,1,-1,6,1,36,7,125,1,4,SINNIS ZS 125,2,E01034827,0,2
2024471472182,2024,471472182,1,3,0,-1,19,3,7,-1,0,1,1,0,0,0,0,1,-1,6,2,42,7,125,1,5,SINNIS ZS 125,1,E01020923,0,1
2024991434568,2024,991434568,1,3,0,-1,19,1,5,-1,0,2,0,11,0,0,1,1,-1,2,1,33,6,125,1,6,SINNIS ZS 125,4,-1,0,1
2024522401545,2024,522401545,1,4,0,18,19,5,1,0,0,8,0,0,0,0,1,1,6,6,1,23,5,125,1,6,SINNIS ZS 125,9,E01014908,0,1
202460Q065723,2024,60Q065723,1,5,0,17,19,3,7,0,0,0,2,0,1,9,1,1,6,6,1,33,6,1255,1,10,MAKE AND MODEL REDACTED,-1,-1,0,-1
2024010511021,2024,010511021,1,5,0,99,99,9,9,99,99,9,9,99,9,99,1,1,2,2,1,57,9,1255,1,12,MAKE AND MODEL REDACTED,3,E01002932,0,2
2024010542629,2024,010542629,1,5,0,18,19,5,1,0,0,1,0,0,0,0,1,1,1,1,1,58,9,1255,1,10,MAKE AND MODEL REDACTED,4,E01000171,0,1
2024451440967,2024,451440967,1,5,0,-1,19,5,1,-1,0,1,0,0,0,0,1,1,-1,9,1,74,10,1255,1,10,MAKE AND MODEL REDACTED,6,E01030570,0,3
2024531481018,2024,531481018,1,5,0,-1,19,3,5,-1,0,8,1,0,7,0,3,1,-1,9,1,59,9,1255,1,11,MAKE AND MODEL REDACTED,9,E01025836,0,4
2024122401124,2024,122401124,2,5,0,13,13,8,4,0,0,1,0,0,0,0,1,1,6,6,1,43,7,1255,1,9,MAKE AND MODEL REDACTED,1,E01010721,0,3
2024161429882,2024,161429882,1,2,0,-1,19,7,3,-1,0,1,0,0,0,0,1,1,-1,6,1,36,7,49,1,8,MAKE AND MODEL REDACTED,4,E01012804,0,1
2024501494257,2024,501494257,2,4,0,-1,15,8,4,-1,0,1,0,0,1,11,3,1,-1,6,1,55,8,765,1,0,TRIUMPH STREET TRIPLE,7,E01020227,0,1
2024041425984,2024,041425984,2,5,0,-1,19,7,3,-1,0,1,0,0,0,0,1,1,-1,9,1,31,6,675,1,7,TRIUMPH STREET TRIPLE,2,E01025292,0,1
2024122400633,2024,122400633,1,5,0,13,13,7,3,0,0,1,1,0,7,0,1,1,6,6,1,65,9,765,1,3,TRIUMPH STREET TRIPLE,6,E01011881,0,4
2024131417430,2024,131417430,1,5,0,-1,19,1,5,-1,0,0,0,0,0,0,1,1,-1,6,2,36,7,675,1,9,TRIUMPH STREET TRIPLE,7,E01011755,0,1
2024010532958,2024,010532958,2,5,0,7,7,2,4,0,0,3,0,10,3,7,4,1,2,2,1,35,6,675,1,11,TRIUMPH STREET TRIPLE,2,E01035296,0,4
202460Q067386,2024,60Q067386,1,4,0,13,13,4,8,0,0,8,0,0,7,11,1,1,6,6,1,42,7,765,1,0,TRIUMPH STREET TRIPLE,-1,-1,0,-1
2024501416009,2024,501416009,1,4,0,-1,19,1,5,-1,0,0,1,0,1,0,1,1,-1,6,1,32,6,675,1,8,TRIUMPH STREET TRIPLE,6,E01015246,0,1
2024221466441,2024,221466441,1,5,0,-1,19,1,5,-1,0,8,0,10,0,0,2,1,-1,6,1,64,9,765,1,5,TRIUMPH STREET TRIPLE,1,E01014116,0,3
2024548047124,2024,548047124,2,4,0,18,19,1,5,0,0,8,0,0,0,0,1,1,6,6,1,44,7,765,1,6,TRIUMPH STREET TRIPLE,5,E01032070,0,2
2024501507825,2024,501507825,2,5,0,-1,14,3,7,-1,0,1,0,0,0,0,1,1,-1,6,1,47,8,675,1,10,TRIUMPH STREET TRIPLE,7,E01020085,0,4
2024451477184,2024,451477184,2,5,0,-1,19,1,5,-1,0,1,1,0,0,0,4,1,-1,1,1,55,8,765,1,1,TRIUMPH STREET TRIPLE,10,E01030863,0,3
2024440075342,2024,440075342,1,5,0,18,19,6,2,0,0,0,0,0,0,0,3,1,6,6,1,52,8,675,1,15,TRIUMPH STREET TRIPLE,10,E01022851,0,1
2024010535307,2024,010535307,1,5,0,18,19,5,1,0,0,1,1,0,0,0,1,1,2,2,1,39,7,675,1,15,TRIUMPH STREET TRIPLE,-1,-1,0,-1
2024421517003,2024,421517003,2,5,0,-1,19,7,3,-1,0,8,0,0,0,0,1,1,-1,9,1,76,11,765,1,5,TRIUMPH STREET TRIPLE,6,E01002332,0,2
2024311485862,2024,311485862,2,5,0,-1,19,5,1,-1,0,1,0,0,0,0,3,1,-1,6,1,27,6,765,1,4,TRIUMPH STREET TRIPLE,10,E01019703,0,2
2024231490103,2024,231490103,2,5,0,-1,13,1,5,-1,0,0,0,0,0,0,1,1,-1,6,1,61,9,765,1,7,TRIUMPH STREET TRIPLE,8,E01029484,0,3
2024421445428,2024,421445428,3,5,0,-1,19,7,3,-1,0,0,1,0,0,0,1,1,-1,6,1,-1,-1,675,1,12,TRIUMPH STREET TRIPLE,-1,-1,0,-1
2024531479809,2024,531479809,1,5,0,-1,19,3,7,-1,0,0,2,0,0,0,1,1,-1,9,1,25,5,675,1,16,TRIUMPH STREET TRIPLE,8,E01022255,0,1
2024610037524,2024,610037524,1,5,0,13,13,1,5,0,0,0,0,0,7,0,0,1,1,1,1,35,6,675,1,15,TRIUMPH STREET TRIPLE,2,W01001498,0,1
2024421453504,2024,421453504,1,5,0,-1,13,3,7,-1,0,0,0,0,0,0,1,1,-1,6,1,46,8,675,1,12,TRIUMPH STREET TRIPLE,3,E01033051,0,2
2024041428670,2024,041428670,2,5,0,-1,19,6,2,-1,0,1,0,0,0,0,4,1,-1,6,1,74,10,765,1,0,TRIUMPH STREET TRIPLE,10,E01032486,0,2
2024411470668,2024,411470668,2,4,0,-1,19,-1,-1,-1,0,0,0,0,0,0,3,1,-1,2,1,60,9,765,1,1,TRIUMPH STREET TRIPLE,10,E01017701,0,4
2024052401197,2024,052401197,2,5,0,18,19,7,3,0,0,8,0,0,0,0,1,1,2,2,2,31,6,765,1,5,TRIUMPH STREET TRIPLE,6,E01006911,0,1
2024131459617,2024,131459617,2,5,0,-1,19,1,1,-1,0,8,2,0,0,0,3,1,-1,6,1,35,6,675,1,11,TRIUMPH STREET TRIPLE,9,E01010576,0,1
2024461434101,2024,461434101,1,5,0,-1,9,5,4,-1,0,1,0,0,1,0,3,1,-1,9,1,30,6,765,1,2,TRIUMPH STREET TRIPLE,3,E01004287,0,4
2024361453467,2024,361453467,1,5,0,-1,19,4,8,-1,0,0,0,0,0,0,0,1,-1,6,1,50,8,765,1,2,TRIUMPH STREET TRIPLE,3,E01026483,0,4
2024302400617,2024,302400617,2,5,0,15,15,6,2,0,0,8,0,0,0,0,4,1,6,6,1,63,9,765,1,1,TRIUMPH STREET TRIPLE,10,E01012486,0,4
2024501433877,2024,501433877,2,5,0,-1,19,3,7,-1,0,8,0,0,0,0,3,1,-1,9,1,34,6,675,1,10,TRIUMPH STREET TRIPLE,6,E01001163,0,5
2024031491442,2024,031491442,1,5,0,-1,19,1,5,-1,0,0,0,0,0,0,0,1,-1,9,1,25,5,675,1,8,TRIUMPH STREET TRIPLE,2,E01008705,0,5
2024211499196,2024,211499196,1,5,0,-1,7,2,5,-1,0,3,1,0,0,0,4,1,-1,6,1,29,6,675,1,15,TRIUMPH STREET TRIPLE,-1,-1,0,-1
2024440197292,2024,440197292,1,5,0,18,19,2,6,0,0,1,1,0,0,0,0,1,6,6,1,45,7,765,1,6,TRIUMPH STREET TRIPLE,9,E01016631,0,4
2024320211602,2024,320211602,2,5,0,-1,-1,2,6,0,0,8,0,0,0,0,3,1,-1,-1,1,65,9,765,1,2,TRIUMPH STREET TRIPLE,-1,-1,0,-1
2024061529201,2024,061529201,2,5,0,-1,5,5,1,-1,0,1,0,0,0,0,1,1,-1,9,1,50,8,765,1,1,TRIUMPH STREET TRIPLE,8,E01004769,0,1
2024010510328,2024,010510328,1,5,0,18,19,9,9,99,99,9,9,99,9,99,1,1,2,2,1,39,7,765,1,7,TRIUMPH STREET TRIPLE,8,E01003659,0,3
2024991494499,2024,991494499,1,5,0,-1,19,4,8,-1,0,0,1,0,1,7,1,1,-1,9,1,30,6,765,1,7,TRIUMPH STREET TRIPLE,6,-1,0,4
2024221448842,2024,221448842,2,5,0,-1,19,7,3,-1,0,8,0,0,0,0,1,1,-1,6,1,33,6,765,1,7,TRIUMPH STREET TRIPLE,6,E01031145,0,4
2024430147733,2024,430147733,1,5,0,18,19,1,5,0,0,0,0,0,0,0,2,1,6,6,1,19,4,765,1,2,TRIUMPH STREET TRIPLE,-1,-1,0,-1
2024041493016,2024,041493016,2,5,0,-1,9,1,3,-1,0,4,1,0,0,0,4,1,-1,9,1,41,7,765,1,2,TRIUMPH STREET TRIPLE,4,E01004920,0,3
2024122500494,2024,122500494,2,5,0,18,19,5,1,0,0,1,0,0,7,9,1,1,6,6,1,39,7,765,1,7,TRIUMPH STREET TRIPLE,7,E01027667,0,3
2024221463933,2024,221463933,2,5,0,-1,19,6,2,-1,0,8,0,0,0,0,4,1,-1,6,1,56,9,765,1,4,TRIUMPH STREET TRIPLE,1,E01009952,0,3
2024991431987,2024,991431987,2,5,0,-1,19,3,7,-1,0,8,0,0,1,11,1,1,-1,6,1,44,7,765,1,1,TRIUMPH STREET TRIPLE,6,-1,0,1
2024302400556,2024,302400556,2,5,0,18,19,2,6,0,0,8,0,0,0,0,3,1,6,6,1,39,7,765,1,7,TRIUMPH STREET TRIPLE,5,E01019520,0,3
2024231462942,2024,231462942,2,5,0,-1,11,8,4,-1,0,0,1,0,0,0,3,1,-1,9,1,30,6,675,1,14,TRIUMPH STREET TRIPLE,9,E01031220,0,3
2024991473146,2024,991473146,2,5,0,-1,19,5,1,-1,0,4,0,0,0,0,2,1,-1,9,1,34,6,765,1,0,TRIUMPH STREET TRIPLE,8,-1,0,4
2024010526372,2024,010526372,2,4,0,18,19,3,7,0,0,1,0,0,0,0,1,1,6,6,1,44,7,675,1,12,TRIUMPH STREET TRIPLE,4,E01002559,0,1
202460Q074642,2024,60Q074642,1,5,0,16,19,5,1,0,0,0,2,0,7,11,1,1,6,6,2,53,8,765,1,3,TRIUMPH STREET TRIPLE,-1,-1,0,-1
2024231425301,2024,231425301,3,5,0,-1,19,3,7,-1,0,8,0,0,0,0,1,1,-1,6,2,51,8,765,1,1,TRIUMPH STREET TRIPLE,9,E01031267,0,1
2024440277798,2024,440277798,1,5,0,18,19,2,6,0,0,4,0,0,0,0,3,1,6,6,1,43,7,675,1,17,TRIUMPH STREET TRIPLE,2,E01023006,0,1
2024340NN3982,2024,340NN3982,2,5,0,-1,19,1,5,-1,0,0,0,0,0,0,1,1,-1,9,1,65,9,765,1,0,TRIUMPH STREET TRIPLE,10,E01017459,0,4
2024361460039,2024,361460039,2,5,-1,-1,-1,3,6,-1,-1,-1,-1,-1,-1,0,-1,1,-1,9,1,64,9,675,1,10,TRIUMPH STREET TRIPLE,8,E01026671,0,3
2024991418289,2024,991418289,1,5,0,-1,5,8,2,-1,0,6,1,0,0,0,4,1,-1,2,2,51,8,675,1,15,TRIUMPH STREET TRIPLE,4,-1,0,1
2024531487437,2024,531487437,1,5,0,-1,14,5,1,-1,0,0,0,0,0,0,1,1,-1,6,1,51,8,765,1,6,TRIUMPH STREET TRIPLE,6,E01022236,0,2
2024471534251,2024,471534251,2,5,0,-1,19,5,1,-1,0,0,0,0,0,0,1,1,-1,9,1,25,5,675,1,9,TRIUMPH STREET TRIPLE,2,E01021119,0,3
2024302400419,2024,302400419,1,5,0,16,19,8,4,0,0,0,0,0,0,0,1,1,6,6,1,45,7,675,1,9,TRIUMPH STREET TRIPLE,9,E01035101,0,4
2024461464209,2024,461464209,2,5,0,-1,19,7,4,-1,0,1,0,0,0,0,1,1,-1,6,1,34,6,675,1,11,TRIUMPH STREET TRIPLE,6,E01016078,0,1
2024552400803,2024,552400803,1,5,0,14,14,5,1,0,0,0,0,0,0,0,1,1,6,6,1,55,8,675,1,12,TRIUMPH STREET TRIPLE,6,E01015440,0,3
2024302400904,2024,302400904,1,5,0,13,13,3,7,0,0,0,0,0,0,0,3,1,6,6,2,56,9,765,1,4,TRIUMPH STREET TRIPLE,7,E01034671,0,4
2024361467685,2024,361467685,1,5,0,-1,19,3,7,-1,0,1,2,0,0,0,1,1,-1,9,1,30,6,675,1,15,TRIUMPH STREET TRIPLE,6,E01030198,0,4
2024010506582,2024,010506582,2,5,0,18,19,8,4,0,0,1,0,0,0,0,1,1,6,6,1,38,7,675,1,13,TRIUMPH STREET TRIPLE,9,E01000410,0,1
2024201501840,2024,201501840,2,5,0,-1,14,3,7,-1,0,0,0,10,1,11,1,1,-1,6,1,52,8,765,1,0,TRIUMPH STREET TRIPLE,5,E01009731,0,2
2024351471533,2024,351471533,1,5,0,-1,13,7,3,-1,0,0,0,0,1,0,1,1,-1,6,1,47,8,675,1,7,TRIUMPH STREET TRIPLE,10,E01016767,0,4
2024351427849,2024,351427849,1,5,0,-1,19,8,1,-1,0,1,5,10,1,11,1,1,-1,9,2,40,7,765,1,6,TRIUMPH STREET TRIPLE,2,E01015666,0,3
2024411531087,2024,411531087,2,5,0,-1,4,4,8,-1,0,1,0,0,0,0,2,1,-1,2,2,32,6,675,1,9,TRIUMPH STREET TRIPLE,4,E01035252,0,4
2024010507616,2024,010507616,2,5,0,18,19,5,1,0,0,8,0,0,0,0,1,1,6,6,1,41,7,675,1,8,TRIUMPH STREET TRIPLE,4,E01003916,0,1
2024440327581,2024,440327581,1,5,0,18,19,7,1,0,0,0,0,0,0,0,1,1,6,6,1,60,9,765,1,5,TRIUMPH STREET TRIPLE,9,E01017301,0,3
2024501434067,2024,501434067,1,5,0,-1,19,1,5,-1,0,3,0,0,0,0,1,1,-1,9,2,57,9,765,1,3,TRIUMPH STREET TRIPLE,2,E01015239,0,2
2024401509857,2024,401509857,2,5,0,-1,5,3,7,-1,0,0,0,0,0,0,-1,1,-1,9,1,39,7,765,1,0,TRIUMPH STREET TRIPLE,9,E01016828,0,2
2024141431577,2024,141431577,1,5,0,-1,19,3,7,-1,0,0,0,4,0,0,1,1,-1,9,1,25,5,765,1,3,TRIUMPH STREET TRIPLE,3,E01007357,0,1
2024010530006,2024,010530006,1,5,0,18,19,5,1,0,0,1,0,0,0,0,1,1,6,6,1,29,6,765,1,4,TRIUMPH STREET TRIPLE,5,E01033208,0,1
2024131492215,2024,131492215,1,5,0,-1,19,7,7,-1,0,0,0,0,0,0,1,1,-1,9,1,33,6,765,1,2,TRIUMPH STREET TRIPLE,3,E01011841,0,2
2024221461956,2024,221461956,2,5,0,-1,19,3,7,-1,0,8,0,0,0,0,1,1,-1,6,1,50,8,765,1,0,TRIUMPH STREET TRIPLE,8,E01029515,0,4
2024361512515,2024,361512515,2,5,0,-1,19,7,3,-1,0,2,0,0,0,0,1,1,-1,6,1,60,9,765,1,7,TRIUMPH STREET TRIPLE,2,E01026834,0,1
2024401503824,2024,401503824,2,5,0,-1,19,2,6,-1,0,1,0,0,0,0,1,1,-1,9,1,28,6,675,1,9,TRIUMPH STREET TRIPLE,5,E01017388,0,1
2024302401019,2024,302401019,1,5,0,9,9,2,8,0,0,3,0,0,0,0,2,1,6,6,1,35,6,675,1,9,TRIUMPH STREET TRIPLE,5,E01019525,0,1
2024461430141,2024,461430141,1,3,0,-1,19,4,8,-1,0,0,0,0,1,9,1,1,-1,6,1,17,4,675,1,10,TRIUMPH STREET TRIPLE,4,E01016143,0,1
2024351499754,2024,351499754,1,9,0,-1,2,5,1,-1,0,0,0,0,0,0,2,1,-1,1,1,49,8,1968,2,12,VOLKSWAGEN CC,9,E01018162,0,3
2024141414323,2024,141414323,1,9,0,-1,19,1,5,-1,0,4,0,0,0,0,1,1,-1,6,1,46,8,1968,2,10,VOLKSWAGEN CC,4,E01007353,0,1
2024041498150,2024,041498150,1,9,0,-1,3,1,5,-1,0,8,0,0,0,0,1,1,-1,9,1,35,6,1968,2,11,VOLKSWAGEN CC,1,E01006361,0,4
2024201418141,2024,201418141,1,9,0,-1,5,4,8,-1,0,0,0,4,0,0,1,1,-1,7,2,16,4,1968,2,11,VOLKSWAGEN CC,-1,-1,0,-1
2024052400397,2024,052400397,1,9,0,18,19,4,8,0,0,0,0,0,0,0,1,1,6,6,1,44,7,1968,2,12,VOLKSWAGEN CC,3,E01007083,0,4
2024311486584,2024,311486584,2,9,0,-1,19,3,7,-1,0,2,0,0,0,0,4,1,-1,6,1,30,6,1968,2,12,VOLKSWAGEN CC,1,E01013960,0,1
2024061532837,2024,061532837,1,9,0,-1,19,-1,-1,-1,0,0,0,0,0,0,2,1,-1,6,1,-1,-1,1968,2,9,VOLKSWAGEN CC,-1,-1,0,-1
2024302400987,2024,302400987,1,9,0,18,19,4,8,0,0,8,0,0,0,0,4,1,6,6,1,47,8,1968,2,11,VOLKSWAGEN CC,3,E01018398,0,4
2024061437395,2024,061437395,1,8,0,-1,19,3,7,-1,0,1,0,0,0,0,4,1,-1,1,1,26,6,-1,-1,-1,VOLKSWAGEN CC,3,E01025225,0,4
2024131450657,2024,131450657,2,9,0,-1,19,2,6,-1,0,0,0,0,0,0,1,1,-1,9,1,33,6,1968,2,12,VOLKSWAGEN CC,3,E01011597,0,3
2024010521257,2024,010521257,1,9,0,18,19,5,1,0,0,1,0,0,0,0,1,1,6,6,1,26,6,1968,2,9,VOLKSWAGEN CC,6,E01032572,0,1
2024010519257,2024,010519257,2,9,0,18,19,7,3,0,0,0,0,0,0,0,1,1,6,6,1,28,6,1968,2,8,VOLKSWAGEN CC,4,E01001391,0,2
2024201467135,2024,201467135,2,9,0,-1,19,4,8,-1,0,1,0,0,0,0,2,1,-1,6,2,78,11,1968,2,8,VOLKSWAGEN CC,3,E01009894,0,1
2024070232334,2024,070232334,1,9,0,4,4,2,6,0,0,1,0,0,0,0,1,1,6,6,1,-1,-1,1968,2,10,VOLKSWAGEN CC,-1,-1,0,-1
2024061408753,2024,061408753,2,9,0,-1,10,1,7,-1,0,1,0,0,0,0,2,1,-1,1,1,47,8,1968,2,11,VOLKSWAGEN CC,3,E01005437,0,2
2024010532122,2024,010532122,1,9,9,99,99,9,9,99,99,9,9,99,9,99,9,9,6,6,1,44,7,1798,1,11,VOLKSWAGEN CC,5,E01004346,0,1
2024031469801,2024,031469801,2,9,-1,-1,-1,-1,-1,-1,-1,-1,-1,-1,-1,0,-1,1,-1,6,1,38,7,1968,2,12,VOLKSWAGEN CC,4,E01019102,0,3
2024231518262,2024,231518262,1,9,0,-1,19,1,5,-1,0,4,0,0,0,0,1,9,-1,6,1,35,6,1968,2,12,VOLKSWAGEN CC,1,E01009363,0,4
2024010550749,2024,010550749,1,9,0,4,4,5,1,0,0,1,0,0,0,0,0,1,6,6,1,35,6,1968,2,10,VOLKSWAGEN CC,10,E01027086,0,4
2024010506243,2024,010506243,2,9,0,99,99,9,9,99,99,9,9,99,9,99,1,9,6,6,3,-1,-1,1968,2,8,VOLKSWAGEN CC,-1,-1,0,-1
2024622400355,2024,622400355,3,9,0,4,4,6,2,0,0,0,0,0,0,0,2,1,6,6,1,35,6,1968,2,11,VOLKSWAGEN CC,7,W01001818,0,2
2024131481170,2024,131481170,2,9,0,-1,19,1,5,-1,0,1,0,0,0,0,1,1,-1,6,1,20,4,1968,2,10,VOLKSWAGEN CC,1,E01010841,0,1
2024340NN2482,2024,340NN2482,1,9,0,-1,19,1,5,-1,0,8,0,0,0,0,1,1,-1,6,1,33,6,1968,2,11,VOLKSWAGEN CC,2,E01027342,0,1
2024320310658,2024,320310658,2,9,0,9,9,2,8,0,0,8,0,0,0,0,2,1,-1,-1,2,30,6,1968,2,9,VOLKSWAGEN CC,6,E01026199,0,1
2024211470015,2024,211470015,1,9,0,-1,19,1,5,-1,0,0,0,4,0,0,1,1,-1,6,2,43,7,1968,2,12,VOLKSWAGEN CC,4,E01014271,0,1
2024430100593,2024,430100593,1,9,0,18,19,5,1,0,0,0,0,10,7,11,1,1,6,6,1,82,11,1968,2,8,VOLKSWAGEN CC,10,E01028815,0,3
2024201508088,2024,201508088,2,9,0,-1,7,4,5,-1,0,6,0,4,0,0,1,1,-1,6,-1,-1,-1,1968,2,12,VOLKSWAGEN CC,-1,-1,0,-1
2024411501119,2024,411501119,1,9,-1,-1,-1,-1,-1,-1,-1,0,-1,-1,-1,0,-1,9,-1,6,3,-1,-1,1968,2,9,VOLKSWAGEN CC,-1,-1,0,-1
2024010523562,2024,010523562,1,9,0,7,7,6,1,5,5,5,0,0,0,0,4,1,6,6,1,25,5,1968,2,9,VOLKSWAGEN CC,5,E01026423,0,5
2024101529761,2024,101529761,1,9,0,-1,19,7,3,-1,0,8,0,0,1,1,1,1,-1,2,2,25,5,1798,1,11,VOLKSWAGEN CC,5,E01008196,0,2
2024371500099,2024,371500099,1,9,0,-1,19,1,5,-1,0,2,0,0,0,0,3,2,-1,6,1,25,5,1968,2,10,VOLKSWAGEN CC,1,E01033129,0,1
2024041470186,2024,041470186,1,9,0,-1,9,5,1,-1,0,0,0,0,0,0,3,1,-1,9,1,41,7,1968,2,8,VOLKSWAGEN CC,3,E01000043,0,5
2024041409639,2024,041409639,1,9,0,-1,19,4,2,-1,0,8,0,0,0,0,1,1,-1,1,1,30,6,1968,2,10,VOLKSWAGEN CC,1,E01012639,0,1
2024401468249,2024,401468249,2,9,0,-1,5,1,4,-1,0,4,0,0,0,0,1,1,-1,1,1,31,6,1968,2,7,VOLKSWAGEN CC,7,E01015745,0,1
2024101451675,2024,101451675,3,9,0,-1,2,0,0,-1,0,2,0,4,0,0,2,1,-1,6,1,53,8,1968,2,12,VOLKSWAGEN CC,3,E01034513,0,1
2024471454761,2024,471454761,2,9,0,-1,9,3,1,-1,0,8,0,0,0,0,1,1,-1,6,1,36,7,1968,2,10,VOLKSWAGEN CC,6,E01031378,0,4
2024320322716,2024,320322716,2,9,0,-1,-1,4,8,0,0,0,1,0,0,0,3,1,6,6,1,59,9,1968,2,12,VOLKSWAGEN CC,1,E01007737,0,4
2024361467253,2024,361467253,1,9,0,-1,9,1,7,-1,0,1,0,0,0,0,1,1,-1,9,1,77,11,1968,2,11,VOLKSWAGEN CC,2,E01008543,0,5
2024440089006,2024,440089006,1,8,0,5,5,1,4,0,0,4,0,0,0,0,3,1,1,1,1,45,7,-1,-1,-1,VOLKSWAGEN CC,4,E01017044,0,1
2024221515681,2024,221515681,1,9,0,-1,19,7,3,-1,0,2,0,0,0,0,1,1,-1,2,1,52,8,1968,2,12,VOLKSWAGEN CC,5,W01000361,0,4
2024471476586,2024,471476586,2,9,0,-1,19,3,7,-1,0,0,0,0,0,0,3,1,-1,9,1,37,7,1968,2,12,VOLKSWAGEN CC,8,E01022615,0,4
2024211515444,2024,211515444,1,9,0,-1,19,3,7,-1,0,0,0,0,0,0,4,1,-1,6,1,34,6,1968,2,10,VOLKSWAGEN CC,2,E01010406,0,3
202454E928224,2024,54E928224,2,9,0,3,3,4,6,0,0,2,0,0,0,0,2,1,6,6,2,56,9,1968,2,10,VOLKSWAGEN CC,10,E01031919,0,2
2024522500053,2024,522500053,1,8,0,17,19,4,1,0,0,2,0,0,0,0,1,1,6,6,1,52,8,-1,-1,-1,VOLKSWAGEN CC,3,E01014523,0,1
2024131526399,2024,131526399,2,9,0,-1,19,1,1,-1,0,0,0,1,0,0,2,1,-1,2,1,31,6,1968,2,11,VOLKSWAGEN CC,8,E01011207,0,1
2024231464810,2024,231464810,1,9,0,-1,19,1,7,-1,0,8,0,0,0,0,1,9,-1,6,3,50,8,1968,2,11,VOLKSWAGEN CC,-1,-1,0,-1
2024311464280,2024,311464280,1,9,0,-1,1,1,5,-1,0,8,0,0,0,0,2,1,-1,9,1,89,11,1968,2,11,VOLKSWAGEN CC,8,E01028309,0,1
2024552400404,2024,552400404,1,9,0,9,9,2,8,4,4,5,0,0,0,0,4,1,6,6,1,33,6,1968,2,10,VOLKSWAGEN CC,2,E01015313,0,2
2024440101473,2024,440101473,2,9,0,18,19,1,5,0,0,0,0,0,0,0,3,1,6,6,1,79,11,1968,2,11,VOLKSWAGEN CC,8,E01023286,0,3
2024332400938,2024,332400938,2,8,0,-1,7,7,1,-1,0,5,0,0,0,0,4,1,-1,6,1,-1,-1,-1,-1,-1,VOLKSWAGEN CC,-1,-1,0,-1
2024201499931,2024,201499931,1,9,0,-1,19,5,1,-1,0,0,0,0,0,0,1,9,-1,6,3,-1,-1,1968,2,10,VOLKSWAGEN CC,-1,-1,0,-1
2024332400756,2024,332400756,1,8,0,-1,19,6,2,-1,0,0,0,0,0,0,1,1,-1,9,1,27,6,1598,2,10,VOLKSWAGEN TOURAN,2,E01013657,0,1