collision_index,collision_year,collision_ref_no,vehicle_reference,vehicle_type,towing_and_articulation,vehicle_manoeuvre_historic,vehicle_manoeuvre,vehicle_direction_from,vehicle_direction_to,vehicle_location_restricted_lane_historic,vehicle_location_restricted_lane,junction_location,skidding_and_overturning,hit_object_in_carriageway,vehicle_leaving_carriageway,hit_object_off_carriageway,first_point_of_impact,vehicle_left_hand_drive,journey_purpose_of_driver_historic,journey_purpose_of_driver,sex_of_driver,age_of_driver,age_band_of_driver,engine_capacity_cc,propulsion_code,age_of_vehicle,generic_make_model,driver_imd_decile,lsoa_of_driver,escooter_flag,driver_distance_banding
2024302401451,2024,302401451,2,9,0,9,9,3,1,0,0,8,0,0,0,0,1,1,6,6,2,52,8,1498,1,1,VOLKSWAGEN TOURAN,1,E01013533,0,1
2024371509769,2024,371509769,1,9,0,-1,19,7,3,-1,0,4,0,0,0,0,1,1,-1,9,2,66,10,1968,2,16,VOLKSWAGEN TOURAN,6,E01030260,0,2
2024461515877,2024,461515877,1,9,0,-1,19,2,6,-1,0,0,0,0,1,0,1,1,-1,9,2,50,8,1598,2,12,VOLKSWAGEN TOURAN,9,E01023983,0,2
2024471412192,2024,471412192,3,9,0,-1,19,4,8,-1,0,1,0,0,0,0,4,1,-1,9,1,48,8,1896,2,16,VOLKSWAGEN TOURAN,5,E01031801,0,3
2024351404432,2024,351404432,1,9,0,-1,7,3,5,-1,0,4,0,0,0,0,1,1,-1,9,1,58,9,1968,2,10,VOLKSWAGEN TOURAN,10,E01017985,0,1
2024201482101,2024,201482101,2,9,0,-1,5,6,2,-1,0,8,0,0,0,0,1,1,-1,6,2,48,8,1598,2,10,VOLKSWAGEN TOURAN,3,E01010523,0,1
2024991485209,2024,991485209,2,8,0,-1,19,3,7,-1,0,1,0,0,0,0,4,1,-1,1,1,45,7,1598,2,7,VOLKSWAGEN TOURAN,10,-1,0,4
2024520401857,2024,520401857,1,9,0,18,19,7,3,0,0,0,0,0,0,0,4,1,6,6,2,50,8,1896,2,14,VOLKSWAGEN TOURAN,4,E01029241,0,1
2024131404959,2024,131404959,1,9,0,-1,19,5,1,-1,0,8,0,0,0,0,4,1,-1,6,2,32,6,1896,2,15,VOLKSWAGEN TOURAN,1,E01011475,0,3
2024361437736,2024,361437736,1,9,0,-1,4,7,3,-1,0,1,0,0,0,0,1,1,-1,7,1,37,7,1598,2,13,VOLKSWAGEN TOURAN,8,E01026578,0,1
2024320358715,2024,320358715,1,9,0,-1,-1,4,8,0,0,6,5,0,0,0,4,1,-1,-1,1,27,6,1598,2,12,VOLKSWAGEN TOURAN,5,E01026232,0,4
2024501519597,2024,501519597,2,9,0,-1,19,6,2,-1,0,2,0,0,1,0,1,1,-1,9,1,45,7,1598,2,13,VOLKSWAGEN TOURAN,7,E01020338,0,1
2024411440728,2024,411440728,2,9,0,-1,19,1,5,-1,0,0,0,0,0,0,3,1,-1,6,1,43,7,1968,2,6,VOLKSWAGEN TOURAN,4,E01017521,0,4
202460Q132175,2024,60Q132175,1,9,0,7,7,7,3,0,0,6,0,0,0,0,4,1,6,6,1,52,8,1598,2,9,VOLKSWAGEN TOURAN,-1,-1,0,-1
2024311467619,2024,311467619,1,9,0,-1,19,7,3,-1,0,0,0,0,1,4,4,1,-1,1,2,34,6,1598,2,10,VOLKSWAGEN TOURAN,2,E01026379,0,3
2024401522091,2024,401522091,2,8,0,-1,3,3,7,-1,0,8,0,0,0,0,3,9,-1,1,1,47,8,1598,2,12,VOLKSWAGEN TOURAN,7,E01015745,0,1
2024211505553,2024,211505553,2,9,0,-1,19,3,7,-1,0,1,0,0,0,0,3,1,-1,6,2,34,6,1598,2,6,VOLKSWAGEN TOURAN,1,E01014237,0,1
2024141460395,2024,141460395,1,9,0,-1,19,1,5,-1,0,1,0,0,0,0,4,1,-1,9,1,39,7,1896,2,16,VOLKSWAGEN TOURAN,1,E01007873,0,1
2024052400557,2024,052400557,1,9,0,9,9,8,6,0,0,5,0,0,0,0,4,1,6,6,1,37,7,1395,1,6,VOLKSWAGEN TOURAN,2,E01006439,0,2
2024101407663,2024,101407663,1,9,0,-1,19,5,1,-1,0,0,1,0,0,0,1,1,-1,9,1,37,7,1595,1,17,VOLKSWAGEN TOURAN,-1,-1,0,-1
2024471458066,2024,471458066,2,9,0,-1,19,3,8,-1,0,1,0,0,0,0,1,1,-1,9,2,31,6,1968,2,19,VOLKSWAGEN TOURAN,6,E01031557,0,1
2024302400508,2024,302400508,2,9,0,18,19,2,6,0,0,8,0,0,0,0,1,1,6,6,1,30,6,1968,2,20,VOLKSWAGEN TOURAN,7,E01019408,0,2
2024131565465,2024,131565465,1,9,0,-1,-1,-1,-1,-1,-1,0,-1,-1,-1,0,-1,1,-1,6,3,-1,-1,1598,2,12,VOLKSWAGEN TOURAN,-1,-1,0,-1
2024451512068,2024,451512068,1,9,0,-1,19,7,3,-1,0,0,0,0,0,0,4,1,-1,9,1,49,8,1598,2,11,VOLKSWAGEN TOURAN,8,E01030867,0,2
2024371567029,2024,371567029,1,9,0,-1,19,5,1,-1,0,0,0,0,0,0,1,1,-1,2,1,52,8,1968,2,16,VOLKSWAGEN TOURAN,8,E01034570,0,1
202417M114024,2024,17M114024,2,9,0,-1,19,6,2,-1,0,8,0,0,0,0,1,1,-1,2,1,38,7,1598,2,9,VOLKSWAGEN TOURAN,-1,-1,0,-1
2024401420242,2024,401420242,1,9,0,-1,19,8,4,-1,0,1,0,0,0,0,1,1,-1,2,1,47,8,1896,2,15,VOLKSWAGEN TOURAN,4,E01017522,0,1
2024340WN3692,2024,340WN3692,3,9,0,-1,2,0,0,-1,0,0,0,0,0,0,2,1,-1,6,2,65,9,1968,2,18,VOLKSWAGEN TOURAN,3,E01027147,0,1
2024010530172,2024,010530172,2,9,0,18,19,3,7,0,0,0,0,0,1,4,1,1,6,6,2,35,6,1498,1,3,VOLKSWAGEN TOURAN,-1,-1,0,-1
2024131411339,2024,131411339,1,9,0,-1,19,1,5,-1,0,8,0,0,0,0,1,1,-1,9,1,47,8,1896,2,14,VOLKSWAGEN TOURAN,1,E01010676,0,1
2024411411562,2024,411411562,2,9,0,-1,9,1,3,-1,0,1,0,0,0,0,3,1,-1,6,1,39,7,1598,2,8,VOLKSWAGEN TOURAN,4,E01023924,0,3
2024461477366,2024,461477366,1,9,0,-1,19,5,3,-1,9,1,0,0,0,0,1,9,-1,6,1,63,9,1598,1,18,VOLKSWAGEN TOURAN,8,E01024511,0,1
2024430341068,2024,430341068,2,9,0,18,19,6,2,0,0,8,0,0,0,0,1,1,6,6,1,47,8,1595,1,17,VOLKSWAGEN TOURAN,4,E01016517,0,1
2024320132341,2024,320132341,2,9,0,-1,-1,2,6,0,0,2,1,0,0,0,1,1,-1,-1,1,46,8,1896,2,14,VOLKSWAGEN TOURAN,6,E01026020,0,2
2024461483693,2024,461483693,3,9,0,-1,2,3,3,-1,9,1,0,4,0,0,4,1,-1,6,1,69,10,1598,2,6,VOLKSWAGEN TOURAN,8,E01016132,0,1
2024010505009,2024,010505009,2,9,0,99,99,9,9,99,99,9,9,99,9,99,9,9,6,6,3,-1,-1,1498,1,4,VOLKSWAGEN TOURAN,-1,-1,0,-1
2024052401311,2024,052401311,2,9,0,3,3,7,3,0,0,1,0,0,0,0,2,1,6,6,1,47,8,999,1,5,VOLKSWAGEN TOURAN,8,E01007148,0,1
2024010523791,2024,010523791,2,9,0,99,99,9,9,99,99,9,9,99,9,99,9,9,6,6,3,-1,-1,1598,2,7,VOLKSWAGEN TOURAN,-1,-1,0,-1
2024430486673,2024,430486673,1,9,0,18,19,9,9,0,0,0,0,0,0,11,1,1,6,6,1,32,6,1896,2,14,VOLKSWAGEN TOURAN,-1,-1,0,-1
2024430086157,2024,430086157,2,9,0,4,4,2,6,0,0,0,0,0,0,0,1,1,6,6,2,75,10,1598,2,5,VOLKSWAGEN TOURAN,10,E01028624,0,3
2024161504311,2024,161504311,3,9,0,-1,4,5,1,-1,0,1,0,0,0,0,3,1,-1,6,1,38,7,1598,2,11,VOLKSWAGEN TOURAN,3,E01026102,0,4
2024622400521,2024,622400521,2,9,0,18,19,2,6,0,0,8,0,0,0,0,4,1,6,6,1,71,10,1968,2,18,VOLKSWAGEN TOURAN,2,W01001866,0,1
2024101408546,2024,101408546,1,9,0,-1,19,5,1,-1,0,0,0,0,0,0,1,1,-1,6,1,44,7,1598,2,12,VOLKSWAGEN TOURAN,1,E01012267,0,4
2024302401400,2024,302401400,2,9,0,3,3,1,5,0,0,0,0,0,0,0,2,1,2,2,2,46,8,1498,1,2,VOLKSWAGEN TOURAN,7,E01019429,0,1
2024501428127,2024,501428127,1,9,0,-1,19,8,4,-1,0,8,0,0,7,0,1,1,-1,9,1,48,8,1896,2,14,VOLKSWAGEN TOURAN,6,E01023028,0,5
2024411469216,2024,411469216,1,9,0,-1,19,2,6,-1,0,1,0,0,0,0,1,1,-1,6,2,44,7,1968,2,6,VOLKSWAGEN TOURAN,6,E01023494,0,1
2024520401808,2024,520401808,3,9,0,3,3,3,7,0,0,1,0,0,0,0,1,1,6,6,2,51,8,1968,2,7,VOLKSWAGEN TOURAN,9,E01029258,0,2
2024041402600,2024,041402600,1,9,0,-1,19,3,7,-1,0,0,1,6,0,0,1,1,-1,2,1,47,8,1896,2,20,VOLKSWAGEN TOURAN,1,E01025229,0,1
2024522500014,2024,522500014,2,9,0,18,19,4,8,0,0,0,0,0,0,0,1,1,6,6,1,-1,-1,1595,1,17,VOLKSWAGEN TOURAN,-1,-1,0,-1
2024131416380,2024,131416380,3,9,0,-1,2,0,0,-1,0,1,0,0,0,0,2,1,-1,6,-1,-1,-1,1598,2,12,VOLKSWAGEN TOURAN,-1,-1,0,-1
2024631474083,2024,631474083,1,9,0,-1,13,8,4,-1,0,0,0,0,7,11,1,1,-1,9,1,56,9,1896,2,18,VOLKSWAGEN TOURAN,6,E01010469,0,4
2024061469492,2024,061469492,1,9,0,-1,19,1,5,-1,0,8,0,0,0,0,1,1,-1,6,1,61,9,1598,2,6,VOLKSWAGEN TOURAN,-1,-1,0,-1
2024010500719,2024,010500719,2,9,0,99,99,9,9,99,99,9,9,99,9,99,9,9,6,6,3,-1,-1,1390,1,15,VOLKSWAGEN TOURAN,-1,-1,0,-1
2024122400961,2024,122400961,1,9,0,18,19,8,4,0,0,1,0,0,0,0,1,1,6,6,1,89,11,1598,2,10,VOLKSWAGEN TOURAN,10,E01013387,0,1
2024061420417,2024,061420417,1,9,0,-1,9,7,3,-1,0,5,0,0,0,0,3,1,-1,6,1,31,6,1896,2,19,VOLKSWAGEN TOURAN,1,E01012670,0,4
2024610042124,2024,610042124,3,9,0,2,2,0,0,0,0,0,0,0,0,0,1,1,6,6,3,-1,-1,1598,2,11,VOLKSWAGEN TOURAN,-1,-1,0,-1
2024141500056,2024,141500056,1,9,0,-1,19,4,6,-1,0,8,0,0,0,0,4,1,-1,1,1,34,6,1968,2,6,VOLKSWAGEN TOURAN,1,E01007716,0,3
2024061428121,2024,061428121,2,9,0,-1,19,3,7,-1,0,8,0,0,0,0,4,1,-1,6,1,27,6,1598,2,12,VOLKSWAGEN TOURAN,-1,-1,0,-1
2024351397235,2024,351397235,1,9,0,-1,19,8,4,-1,0,0,0,0,0,0,1,1,-1,7,1,46,8,1598,2,11,VOLKSWAGEN TOURAN,8,E01015690,0,4
2024631525103,2024,631525103,1,9,0,-1,9,5,2,-1,0,5,0,0,7,10,1,1,-1,6,1,67,10,1968,2,11,VOLKSWAGEN TOURAN,7,W01000081,0,4
2024010544984,2024,010544984,1,9,0,99,99,9,9,99,99,9,9,99,9,99,9,9,6,6,1,47,8,1598,2,12,VOLKSWAGEN TOURAN,7,E01002121,0,1
2024430260951,2024,430260951,2,9,0,18,19,6,2,0,0,8,0,0,0,0,1,1,1,1,1,41,7,1598,1,18,VOLKSWAGEN TOURAN,5,E01016398,0,2
2024010545999,2024,010545999,1,9,0,99,99,9,9,99,99,9,9,99,9,99,1,9,6,6,1,39,7,1390,1,14,VOLKSWAGEN TOURAN,6,E01035178,0,4
2024052500002,2024,052500002,4,9,0,18,19,2,6,0,0,1,0,0,0,0,2,1,6,6,1,25,5,1896,2,17,VOLKSWAGEN TOURAN,1,E01006692,0,1
2024311402521,2024,311402521,1,9,0,-1,4,3,7,-1,0,2,0,0,0,0,1,1,-1,7,1,39,7,1598,2,13,VOLKSWAGEN TOURAN,2,E01013814,0,1
2024041485389,2024,041485389,1,9,0,-1,19,3,7,-1,0,0,0,0,0,0,1,1,-1,2,1,39,7,1968,2,17,VOLKSWAGEN TOURAN,2,E01012608,0,1
2024201430236,2024,201430236,1,9,0,-1,9,8,5,-1,0,8,0,0,0,0,1,1,-1,9,2,34,6,1968,2,6,VOLKSWAGEN TOURAN,8,E01010225,0,2
2024161501205,2024,161501205,2,9,0,-1,19,7,3,-1,0,0,0,0,0,0,2,1,-1,9,2,45,7,1896,2,15,VOLKSWAGEN TOURAN,6,E01013048,0,4
2024010493992,2024,010493992,2,9,0,18,19,5,1,0,0,0,0,0,0,0,1,1,6,6,1,36,7,1598,2,6,VOLKSWAGEN TOURAN,6,E01002358,0,1
2024201476647,2024,201476647,3,9,0,-1,2,0,0,-1,0,0,1,0,7,0,4,1,-1,6,-1,-1,-1,1595,1,14,VOLKSWAGEN TOURAN,-1,-1,0,-1
2024440492597,2024,440492597,1,9,0,9,9,7,5,0,0,8,0,0,0,0,1,1,6,6,1,41,7,1598,2,5,VOLKSWAGEN TOURAN,5,E01017027,0,1
2024411492408,2024,411492408,2,9,0,-1,19,-1,-1,-1,0,1,0,0,0,0,3,9,-1,9,1,36,7,1968,2,20,VOLKSWAGEN TOURAN,6,E01023621,0,1
2024522401139,2024,522401139,2,9,0,4,4,6,2,0,0,0,0,0,0,0,1,1,6,6,1,64,9,1968,2,15,VOLKSWAGEN TOURAN,1,E01014605,0,1
2024061469560,2024,061469560,3,9,0,-1,3,4,8,-1,0,0,0,0,0,0,3,1,-1,2,1,51,8,1390,1,14,VOLKSWAGEN TOURAN,-1,-1,0,-1
2024461393694,2024,461393694,14,9,0,-1,4,4,8,-1,0,0,0,0,0,0,4,1,-1,9,1,34,6,1598,2,12,VOLKSWAGEN TOURAN,3,E01016171,0,3
2024221428033,2024,221428033,1,9,0,-1,19,7,3,-1,0,0,0,0,0,0,1,9,-1,6,3,23,5,1896,2,17,VOLKSWAGEN TOURAN,-1,-1,0,-1
2024131484704,2024,131484704,1,9,0,-1,19,5,1,-1,0,0,0,0,0,0,1,1,-1,6,2,44,7,1896,2,16,VOLKSWAGEN TOURAN,4,E01010656,0,1
2024430207531,2024,430207531,1,9,0,18,19,3,7,0,0,4,0,0,0,0,3,1,6,6,1,27,6,1896,2,18,VOLKSWAGEN TOURAN,7,E01033853,0,1
2024052400855,2024,052400855,2,9,0,18,19,7,3,0,0,1,0,0,0,0,1,1,2,2,1,50,8,1968,2,17,VOLKSWAGEN TOURAN,6,E01007287,0,4
2024141402031,2024,141402031,1,9,0,-1,7,5,7,-1,0,0,0,0,1,0,1,1,-1,6,1,51,8,1896,2,14,VOLKSWAGEN TOURAN,2,E01008112,0,4
2024991519616,2024,991519616,1,9,0,-1,19,8,4,-1,0,0,1,0,0,0,1,1,-1,6,1,51,8,1598,2,10,VOLKSWAGEN TOURAN,1,-1,0,2
2024201491840,2024,201491840,4,9,0,-1,6,1,2,-1,0,0,0,0,2,0,1,1,-1,6,1,40,7,1968,2,18,VOLKSWAGEN TOURAN,-1,-1,0,-1
2024070659746,2024,070659746,1,9,0,6,6,6,2,0,0,0,0,0,0,0,2,1,6,6,1,43,7,1598,2,10,VOLKSWAGEN TOURAN,2,E01025060,0,4
2024340WN1152,2024,340WN1152,1,8,0,-1,14,1,5,-1,0,0,0,4,0,0,1,1,-1,1,1,49,8,1968,2,6,VOLKSWAGEN TOURAN,3,E01026992,0,1
2024221517822,2024,221517822,2,9,0,-1,3,3,7,-1,0,0,0,0,0,0,2,9,-1,9,2,38,7,1598,2,9,VOLKSWAGEN TOURAN,7,E01014013,0,1
2024461452496,2024,461452496,2,9,0,-1,4,7,3,-1,0,2,0,0,0,0,2,1,-1,9,2,46,8,1598,2,10,VOLKSWAGEN TOURAN,6,E01024716,0,1
2024552401322,2024,552401322,1,9,0,18,19,4,8,0,0,0,0,0,1,0,1,1,6,6,1,43,7,1598,1,20,VOLKSWAGEN TOURAN,3,E01015308,0,4
2024010552511,2024,010552511,2,9,9,99,99,9,9,99,99,9,9,99,9,99,9,9,6,6,1,52,8,1595,1,17,VOLKSWAGEN TOURAN,-1,-1,0,-1
2024430194626,2024,430194626,1,9,0,9,9,3,1,0,0,1,0,4,0,0,1,1,6,6,1,62,9,1896,2,15,VOLKSWAGEN TOURAN,-1,-1,0,-1
2024131511939,2024,131511939,1,9,0,-1,19,4,8,-1,0,1,0,0,0,0,1,1,-1,6,3,-1,-1,1968,2,14,VOLKSWAGEN TOURAN,-1,-1,0,-1
2024131421095,2024,131421095,1,9,0,-1,19,5,1,-1,0,0,0,0,0,0,1,1,-1,6,1,41,7,1968,2,13,VOLKSWAGEN TOURAN,1,E01011472,0,1
2024010536114,2024,010536114,1,9,0,18,19,7,3,0,0,8,0,0,0,0,1,1,6,6,1,52,8,1968,2,7,VOLKSWAGEN TOURAN,3,E01002243,0,1
2024302400684,2024,302400684,2,9,0,5,5,8,4,0,0,8,0,0,0,0,1,1,6,6,1,57,9,1968,2,12,VOLKSWAGEN TOURAN,8,E01007858,0,3
2024010550001,2024,010550001,1,9,0,7,7,6,1,0,0,2,0,4,0,0,1,1,6,6,1,37,7,1968,2,19,VOLKSWAGEN TOURAN,-1,-1,0,-1
2024351468697,2024,351468697,1,8,0,-1,6,1,5,-1,0,0,0,0,0,0,3,1,-1,1,1,54,8,1598,2,6,VOLKSWAGEN TOURAN,3,E01017952,0,3
2024201448459,2024,201448459,1,9,0,-1,19,3,7,-1,0,0,0,4,0,0,1,1,-1,6,1,-1,-1,1896,2,19,VOLKSWAGEN TOURAN,3,E01009178,0,1
2024440362665,2024,440362665,1,9,0,18,19,8,4,0,0,0,1,0,0,0,1,1,6,6,1,42,7,1896,2,15,VOLKSWAGEN TOURAN,4,E01023261,0,1
2024332400787,2024,332400787,1,9,0,-1,4,5,1,-1,0,0,0,0,0,0,2,1,-1,1,1,38,7,1598,2,9,VOLKSWAGEN TOURAN,3,E01013614,0,3
2024201461911,2024,201461911,2,9,0,-1,3,2,6,-1,0,1,0,0,0,0,2,1,-1,6,1,47,8,1598,2,6,VOLKSWAGEN TOURAN,-1,-1,0,-1
2024351495356,2024,351495356,2,9,0,-1,19,8,4,-1,0,1,0,0,0,0,1,1,-1,6,2,31,6,1896,2,19,VOLKSWAGEN TOURAN,7,E01018125,0,2
2024231409637,2024,231409637,2,9,0,-1,19,8,4,-1,0,0,0,0,0,0,1,1,-1,6,1,51,8,1598,2,13,VOLKSWAGEN TOURAN,9,E01031329,0,1
202417L309924,2024,17L309924,1,9,0,-1,10,3,1,-1,0,1,0,0,0,0,2,1,-1,9,1,43,7,1598,2,6,VOLKSWAGEN TOURAN,6,E01012055,0,3
2024201431147,2024,201431147,2,9,0,-1,19,7,3,-1,0,3,0,0,0,0,1,1,-1,6,1,36,7,1598,2,7,VOLKSWAGEN TOURAN,5,E01009261,0,1
2024430094556,2024,430094556,1,9,0,18,19,6,2,0,0,0,0,0,0,0,1,1,6,6,2,39,7,1968,2,6,VOLKSWAGEN TOURAN,-1,-1,0,-1
2024991411340,2024,991411340,1,9,0,-1,5,1,3,-1,0,1,0,0,0,0,3,1,-1,1,2,36,7,1598,2,13,VOLKSWAGEN TOURAN,-1,-1,0,-1
2024332401167,2024,332401167,1,9,0,-1,19,4,8,-1,0,0,0,0,0,0,1,1,-1,9,1,55,8,1968,2,19,VOLKSWAGEN TOURAN,1,E01007947,0,4
2024451407805,2024,451407805,1,9,0,-1,10,3,7,-1,0,1,0,0,0,0,2,1,-1,7,2,35,6,1598,2,14,VOLKSWAGEN TOURAN,3,E01030711,0,1
2024041520915,2024,041520915,1,9,0,-1,5,7,3,-1,0,1,0,0,0,0,1,1,-1,6,2,44,7,1380,1,11,VOLKSWAGEN TOURAN,9,E01012609,0,1
2024041426526,2024,041426526,3,9,0,-1,19,7,3,-1,0,2,0,0,0,0,2,1,-1,1,1,34,6,1968,2,15,VOLKSWAGEN TOURAN,1,E01025084,0,2
2024451469884,2024,451469884,2,9,0,-1,9,3,1,-1,0,1,0,0,0,0,3,1,-1,6,2,40,7,1598,2,12,VOLKSWAGEN TOURAN,-1,-1,0,-1
2024131434033,2024,131434033,1,9,0,-1,19,1,5,-1,0,8,0,0,0,0,1,1,-1,6,2,38,7,1968,2,15,VOLKSWAGEN TOURAN,1,E01010826,0,1
2024201445801,2024,201445801,1,9,0,-1,7,7,1,-1,0,6,0,10,0,0,4,1,-1,1,1,43,7,1598,2,6,VOLKSWAGEN TOURAN,-1,-1,0,-1
2024221495187,2024,221495187,1,9,0,-1,19,2,6,-1,0,0,0,4,0,0,1,1,-1,9,2,62,9,1598,2,12,VOLKSWAGEN TOURAN,3,E01032449,0,1
2024221536804,2024,221536804,2,9,0,-1,2,0,0,-1,0,0,0,4,0,0,2,9,-1,6,2,32,6,1968,2,16,VOLKSWAGEN TOURAN,1,E01009511,0,4
2024320751072,2024,320751072,1,9,0,-1,-1,8,4,0,0,3,0,0,0,0,1,1,-1,-1,2,42,7,1598,2,12,VOLKSWAGEN TOURAN,-1,-1,0,-1
202454B351024,2024,54B351024,2,9,0,18,19,3,7,0,0,3,0,0,0,0,2,1,3,7,1,44,7,1598,2,9,VOLKSWAGEN TOURAN,8,E01032043,0,1
2024501506258,2024,501506258,3,9,0,-1,2,0,0,-1,9,0,0,0,0,0,1,1,-1,6,-1,-1,-1,1896,2,17,VOLKSWAGEN TOURAN,-1,-1,0,-1
2024161464273,2024,161464273,2,9,0,-1,19,8,4,-1,0,0,0,0,0,0,2,1,-1,6,1,40,7,1598,2,11,VOLKSWAGEN TOURAN,9,E01034760,0,3
2024411411899,2024,411411899,2,9,0,-1,19,7,3,-1,0,1,0,0,0,0,3,1,-1,6,1,46,8,1896,2,18,VOLKSWAGEN TOURAN,6,E01015766,0,4
2024991506102,2024,991506102,1,9,0,-1,19,8,4,-1,0,8,0,0,0,0,4,1,-1,9,1,40,7,1598,2,9,VOLKSWAGEN TOURAN,1,-1,0,1
2024440461949,2024,440461949,2,9,0,9,9,1,3,0,0,1,0,0,0,0,3,1,6,6,2,35,6,1598,2,9,VOLKSWAGEN TOURAN,2,E01023055,0,1
2024201483056,2024,201483056,1,9,0,-1,11,1,5,-1,0,0,0,0,0,0,1,1,-1,6,2,-1,-1,1498,1,3,VOLKSWAGEN TOURAN,-1,-1,0,-1
2024141521666,2024,141521666,2,9,0,-1,-1,-1,-1,-1,0,1,0,0,0,0,1,9,-1,6,1,-1,-1,1896,2,16,VOLKSWAGEN TOURAN,-1,-1,0,-1
2024052402068,2024,052402068,2,9,0,4,4,2,6,0,0,1,0,0,0,0,2,1,6,6,2,49,8,1598,2,10,VOLKSWAGEN TOURAN,3,E01007050,0,1
2024401416713,2024,401416713,1,9,0,-1,19,2,7,-1,0,1,0,0,0,0,1,9,-1,7,2,47,8,1197,1,8,VOLKSWAGEN TOURAN,8,E01015747,0,1
2024221511261,2024,221511261,2,9,0,-1,9,4,2,-1,0,5,0,0,0,0,4,9,-1,6,1,55,8,1598,2,9,VOLKSWAGEN TOURAN,1,E01014142,0,1
2024221452426,2024,221452426,3,9,0,-1,9,5,3,-1,0,5,0,0,0,0,2,9,-1,6,2,42,7,1896,2,14,VOLKSWAGEN TOURAN,4,E01014068,0,1
2024141444801,2024,141444801,1,9,0,-1,5,5,1,-1,0,0,0,0,0,0,1,1,-1,9,1,41,7,1896,2,15,VOLKSWAGEN TOURAN,3,E01007473,0,2
2024141467589,2024,141467589,2,9,0,-1,19,2,6,-1,0,1,0,0,0,0,1,1,-1,9,2,41,7,1968,2,6,VOLKSWAGEN TOURAN,10,E01007932,0,1
2024311496541,2024,311496541,1,9,0,-1,4,5,1,-1,0,0,0,0,0,0,1,9,-1,6,1,-1,-1,1598,2,10,VOLKSWAGEN TOURAN,-1,-1,0,-1
2024461528125,2024,461528125,1,8,0,-1,5,7,3,-1,0,0,0,0,0,0,4,9,-1,6,1,40,7,1598,2,7,VOLKSWAGEN TOURAN,3,E01001675,0,3
2024311526670,2024,311526670,1,9,0,-1,19,3,7,-1,0,1,0,0,0,0,1,1,-1,2,1,52,8,1598,2,12,VOLKSWAGEN TOURAN,-1,-1,0,-1
2024141478076,2024,141478076,1,9,0,-1,19,1,5,-1,0,0,2,0,1,11,4,1,-1,2,1,40,7,1896,2,14,VOLKSWAGEN TOURAN,2,E01007635,0,1
2024131464566,2024,131464566,1,9,0,-1,19,5,1,-1,0,1,0,0,0,0,4,1,-1,9,1,49,8,1968,2,17,VOLKSWAGEN TOURAN,1,E01010831,0,1
2024430114387,2024,430114387,1,9,0,18,19,4,8,0,0,0,2,0,7,1,1,1,6,6,1,55,8,1896,2,18,VOLKSWAGEN TOURAN,7,E01016321,0,1
2024010500427,2024,010500427,2,9,0,18,19,5,1,0,0,1,0,0,0,0,1,1,1,1,1,48,8,1598,2,6,VOLKSWAGEN TOURAN,3,E01001480,0,3
2024122400995,2024,122400995,1,9,0,18,19,5,1,0,0,1,0,0,0,0,4,1,6,6,2,36,7,1598,2,6,VOLKSWAGEN TOURAN,8,E01027556,0,1
2024320765182,2024,320765182,1,9,0,9,9,4,2,0,0,6,0,0,0,0,1,1,6,6,1,50,8,1595,1,17,VOLKSWAGEN TOURAN,-1,-1,0,-1
2024320344490,2024,320344490,2,9,0,3,3,1,5,0,0,1,0,0,0,0,1,1,6,6,2,29,6,1968,2,11,VOLKSWAGEN TOURAN,4,E01026253,0,3
2024401507564,2024,401507564,2,9,0,-1,7,5,8,-1,0,4,0,0,0,0,2,1,-1,6,1,39,7,1968,2,15,VOLKSWAGEN TOURAN,7,E01015694,0,1
2024201440156,2024,201440156,1,9,0,-1,4,2,6,-1,0,3,0,0,0,0,1,9,-1,6,1,30,6,1896,2,20,VOLKSWAGEN TOURAN,-1,-1,0,-1
2024430596350,2024,430596350,1,9,0,9,9,2,8,9,9,5,0,0,0,0,1,1,6,6,1,51,8,1896,2,20,VOLKSWAGEN TOURAN,4,E01028471,0,1
2024061398533,2024,061398533,2,9,0,-1,19,5,1,-1,0,2,0,0,0,0,1,1,-1,9,1,39,7,1598,2,11,VOLKSWAGEN TOURAN,1,E01004877,0,1
2024311485794,2024,311485794,1,9,0,-1,19,1,5,-1,0,1,0,0,0,0,3,1,-1,6,1,61,9,1197,1,12,VOLKSWAGEN TOURAN,2,E01013847,0,1
2024522402088,2024,522402088,1,9,0,18,19,7,3,0,0,8,0,0,0,0,1,1,6,6,2,32,6,1968,2,4,VOLKSWAGEN TOURAN,2,E01014659,0,1
2024302401111,2024,302401111,2,9,0,2,2,0,0,0,0,0,0,0,0,0,3,1,6,6,3,-1,-1,1598,2,11,VOLKSWAGEN TOURAN,-1,-1,0,-1
2024451466533,2024,451466533,1,9,0,-1,19,5,1,-1,0,0,0,4,0,0,1,1,-1,2,2,41,7,1598,2,13,VOLKSWAGEN TOURAN,5,E01030600,0,1
2024522402422,2024,522402422,1,9,0,18,19,8,5,0,0,0,0,0,0,0,9,1,6,6,2,36,7,1968,2,15,VOLKSWAGEN TOURAN,3,E01014590,0,4
2024501396283,2024,501396283,2,9,0,-1,19,4,8,-1,0,0,0,0,0,0,4,1,-1,9,2,48,8,1598,2,6,VOLKSWAGEN TOURAN,4,E01020301,0,1
2024471492191,2024,471492191,1,9,0,-1,9,6,3,-1,0,8,0,0,0,0,1,1,-1,9,1,73,10,1498,1,4,VOLKSWAGEN TOURAN,8,E01024744,0,4
2024501490675,2024,501490675,1,9,0,-1,4,3,7,-1,0,0,0,7,0,0,4,1,-1,9,2,33,6,1598,2,9,VOLKSWAGEN TOURAN,6,E01020220,0,2
2024131440620,2024,131440620,1,9,0,-1,9,5,1,-1,0,1,0,0,0,0,2,1,-1,9,1,33,6,1968,2,15,VOLKSWAGEN TOURAN,1,E01011433,0,1