collision_index,collision_year,collision_ref_no,vehicle_reference,vehicle_type,towing_and_articulation,vehicle_manoeuvre_historic,vehicle_manoeuvre,vehicle_direction_from,vehicle_direction_to,vehicle_location_restricted_lane_historic,vehicle_location_restricted_lane,junction_location,skidding_and_overturning,hit_object_in_carriageway,vehicle_leaving_carriageway,hit_object_off_carriageway,first_point_of_impact,vehicle_left_hand_drive,journey_purpose_of_driver_historic,journey_purpose_of_driver,sex_of_driver,age_of_driver,age_band_of_driver,engine_capacity_cc,propulsion_code,age_of_vehicle,generic_make_model,driver_imd_decile,lsoa_of_driver,escooter_flag,driver_distance_banding
2024430594300,2024,430594300,1,9,0,9,9,2,8,0,0,6,0,0,0,0,3,1,2,2,1,59,9,1598,2,13,VOLKSWAGEN TOURAN,5,E01017844,0,1
2024201411556,2024,201411556,2,9,0,-1,5,5,1,-1,0,0,0,0,0,0,2,1,-1,1,1,43,7,1896,2,18,VOLKSWAGEN TOURAN,1,E01008962,0,1
2024520403070,2024,520403070,2,9,0,18,19,1,4,0,0,8,0,0,0,0,1,1,6,6,1,54,8,1968,2,15,VOLKSWAGEN TOURAN,2,E01029131,0,1
2024010530620,2024,010530620,2,9,0,99,99,9,9,99,99,0,9,99,9,99,9,9,6,6,3,-1,-1,1968,2,8,VOLKSWAGEN TOURAN,9,E01000350,0,2
2024520001386,2024,520001386,1,9,0,12,12,5,1,0,0,0,0,0,0,0,1,1,6,6,2,29,6,1896,2,18,VOLKSWAGEN TOURAN,9,E01029024,0,1
2024430627263,2024,430627263,1,9,0,9,9,4,2,0,0,6,0,0,0,0,1,1,4,7,2,61,9,1498,1,2,VOLKSWAGEN TOURAN,10,E01016657,0,2
2024501409335,2024,501409335,1,9,0,-1,19,5,1,-1,-1,8,0,0,-1,0,1,9,-1,6,2,34,6,1598,2,13,VOLKSWAGEN TOURAN,3,E01020155,0,3
2024421515904,2024,421515904,2,9,0,-1,4,8,4,-1,0,0,0,0,0,0,2,1,-1,9,1,30,6,1896,2,14,VOLKSWAGEN TOURAN,6,E01021419,0,2
2024101449807,2024,101449807,2,9,0,-1,19,1,3,-1,0,8,0,0,0,0,4,1,-1,9,2,40,7,1968,2,10,VOLKSWAGEN TOURAN,3,E01008288,0,1
2024010549045,2024,010549045,2,9,0,99,99,9,9,99,99,9,9,99,9,99,9,9,6,6,3,-1,-1,1598,2,6,VOLKSWAGEN TOURAN,-1,-1,0,-1
2024010511081,2024,010511081,1,9,0,1,1,7,3,0,0,8,0,0,0,0,2,1,6,6,3,-1,-1,1896,2,20,VOLKSWAGEN TOURAN,-1,-1,0,-1
2024351481410,2024,351481410,2,9,0,-1,5,7,3,-1,0,0,0,0,0,0,3,1,-1,1,1,-1,-1,1598,2,6,VOLKSWAGEN TOURAN,5,E01017999,0,1
2024041516728,2024,041516728,2,9,0,-1,19,3,7,-1,0,1,0,0,0,0,1,1,-1,2,1,43,7,1598,2,13,VOLKSWAGEN TOURAN,1,E01025042,0,1
2024302500194,2024,302500194,2,9,0,-1,19,3,7,-1,0,8,0,0,0,0,1,1,-1,2,1,48,8,1598,2,13,VOLKSWAGEN TOURAN,9,E01033534,0,2
2024010505278,2024,010505278,2,9,0,3,3,7,3,0,0,0,0,0,0,0,1,1,6,6,3,-1,-1,1598,1,18,VOLKSWAGEN TOURAN,3,E01016505,0,2
2024201399487,2024,201399487,1,9,0,-1,6,1,5,-1,0,0,0,0,0,0,1,9,-1,6,3,20,4,1896,2,15,VOLKSWAGEN TOURAN,-1,-1,0,-1
2024371487085,2024,371487085,1,9,0,-1,4,5,1,-1,0,0,0,0,0,0,1,1,-1,2,1,31,6,1896,2,19,VOLKSWAGEN TOURAN,5,E01021670,0,3
2024010500513,2024,010500513,2,9,9,18,19,9,9,99,99,0,9,99,9,99,9,9,6,6,3,-1,-1,1390,1,15,VOLKSWAGEN TOURAN,-1,-1,0,-1
2024552400950,2024,552400950,2,9,0,9,9,2,1,0,0,8,0,0,0,0,1,1,6,6,1,75,10,1598,2,11,VOLKSWAGEN TOURAN,8,E01015332,0,1
2024411495645,2024,411495645,1,8,0,-1,5,5,1,-1,0,4,0,0,0,0,1,1,-1,1,1,64,9,1968,2,4,VOLKSWAGEN TOURAN,7,E01023602,0,1
2024041411519,2024,041411519,1,9,0,-1,19,1,5,-1,0,1,0,0,0,0,1,1,-1,6,1,44,7,1968,2,17,VOLKSWAGEN TOURAN,1,E01025084,0,1
2024546067624,2024,546067624,2,9,0,18,19,5,1,0,0,1,0,0,7,11,1,1,6,6,1,24,5,1896,2,17,VOLKSWAGEN TOURAN,7,E01033841,0,1
2024543515524,2024,543515524,4,9,0,4,4,3,7,0,0,0,0,0,0,0,2,1,6,6,1,41,7,1498,1,1,VOLKSWAGEN TOURAN,10,W01001133,0,4
2024622400186,2024,622400186,2,9,0,17,19,7,4,0,0,0,0,0,0,0,1,1,6,6,1,41,7,1598,2,9,VOLKSWAGEN TOURAN,10,W01001819,0,1
2024430148761,2024,430148761,2,9,0,4,4,3,7,0,0,1,0,0,0,0,2,1,6,6,1,53,8,1896,2,18,VOLKSWAGEN TOURAN,10,E01016284,0,1
2024311449157,2024,311449157,2,9,0,-1,19,1,5,-1,0,8,0,0,0,0,1,1,-1,9,1,31,6,1896,2,17,VOLKSWAGEN TOURAN,-1,-1,0,-1
2024501421311,2024,501421311,1,9,0,-1,4,1,4,-1,0,0,0,0,0,0,2,1,-1,9,1,34,6,1896,2,14,VOLKSWAGEN TOURAN,7,E01018827,0,1
2024401427857,2024,401427857,2,9,0,-1,4,6,2,-1,0,0,0,0,0,0,1,1,-1,1,1,28,6,1598,2,13,VOLKSWAGEN TOURAN,6,E01015766,0,1
2024010497276,2024,010497276,1,9,0,6,6,3,3,0,0,0,0,0,0,0,3,1,6,6,3,-1,-1,1896,2,15,VOLKSWAGEN TOURAN,3,E01001860,0,1
2024131454362,2024,131454362,2,9,0,-1,2,0,0,-1,9,0,0,0,0,0,3,1,-1,6,-1,-1,-1,1598,2,13,VOLKSWAGEN TOURAN,-1,-1,0,-1
2024010531226,2024,010531226,1,9,0,9,9,7,5,0,0,8,0,0,0,0,4,1,6,6,3,24,5,1896,2,19,VOLKSWAGEN TOURAN,-1,-1,0,-1
2024201500423,2024,201500423,1,9,0,-1,19,4,8,-1,0,8,0,0,0,0,1,1,-1,6,1,22,5,1968,2,16,VOLKSWAGEN TOURAN,-1,-1,0,-1
2024141483665,2024,141483665,1,9,0,-1,4,5,1,-1,0,8,0,0,0,0,0,1,-1,1,1,39,7,1598,2,11,VOLKSWAGEN TOURAN,2,E01033675,0,4
2024471427765,2024,471427765,1,9,0,-1,19,1,5,-1,0,0,0,0,1,0,1,1,-1,9,2,31,6,1968,2,18,VOLKSWAGEN TOURAN,2,E01021049,0,1
2024401404316,2024,401404316,1,9,0,-1,3,7,3,-1,0,0,0,0,0,0,1,9,-1,6,1,63,9,1598,2,7,VOLKSWAGEN TOURAN,3,E01015715,0,1
2024501517087,2024,501517087,1,9,0,-1,19,7,3,-1,0,0,2,10,7,11,1,1,-1,6,1,35,6,1968,2,10,VOLKSWAGEN TOURAN,4,E01018919,0,1
2024010531697,2024,010531697,2,9,0,99,99,9,9,99,99,9,9,99,9,99,2,9,6,6,3,-1,-1,1498,1,4,VOLKSWAGEN TOURAN,5,E01000792,0,1
2024131527441,2024,131527441,1,9,0,-1,6,3,5,-1,0,8,0,0,0,0,3,1,-1,9,2,46,8,1598,2,12,VOLKSWAGEN TOURAN,10,E01011113,0,1
2024501428775,2024,501428775,1,9,0,-1,19,5,1,-1,0,6,0,0,0,0,1,1,-1,6,1,52,8,1896,2,20,VOLKSWAGEN TOURAN,5,E01018921,0,2
2024531501126,2024,531501126,2,9,0,-1,19,1,5,-1,0,0,0,0,0,0,1,1,-1,2,1,19,4,1598,2,12,VOLKSWAGEN TOURAN,7,E01022230,0,1
2024440275696,2024,440275696,1,9,0,9,9,5,3,0,0,6,0,0,0,0,1,1,6,6,1,54,8,1498,1,6,VOLKSWAGEN TOURAN,7,E01022627,0,1
2024201463852,2024,201463852,2,8,0,-1,19,2,4,-1,0,0,0,0,0,0,1,1,-1,6,1,43,7,1968,2,11,VOLKSWAGEN TOURAN,-1,-1,0,-1
2024471460146,2024,471460146,2,9,0,-1,19,7,3,-1,0,8,0,0,0,0,3,1,-1,9,1,38,7,1598,2,10,VOLKSWAGEN TOURAN,1,E01020982,0,1
2024211534267,2024,211534267,1,8,0,-1,19,1,5,-1,0,0,0,7,0,0,1,1,-1,1,1,46,8,1968,2,7,VOLKSWAGEN TOURAN,8,E01029590,0,2
2024461434004,2024,461434004,1,9,0,-1,19,6,2,-1,0,0,0,0,0,0,1,1,-1,9,2,52,8,1968,2,9,VOLKSWAGEN TOURAN,6,E01024806,0,4
2024201473341,2024,201473341,2,9,0,-1,3,8,4,-1,0,0,0,0,0,0,1,1,-1,9,2,41,7,1598,2,13,VOLKSWAGEN TOURAN,6,E01014960,0,5
2024131493065,2024,131493065,1,9,0,-1,19,7,3,-1,0,0,0,0,0,0,1,1,-1,6,2,30,6,1598,2,12,VOLKSWAGEN TOURAN,1,E01010655,0,1
2024221535451,2024,221535451,2,9,0,-1,10,1,6,-1,0,8,0,0,0,0,2,1,-1,9,2,38,7,1968,2,16,VOLKSWAGEN TOURAN,2,W01001546,0,4
2024061427687,2024,061427687,3,9,0,-1,3,4,4,-1,0,1,1,0,0,0,3,1,-1,6,1,43,7,1896,2,19,VOLKSWAGEN TOURAN,4,E01005439,0,1
2024311435429,2024,311435429,1,8,0,-1,5,6,2,-1,0,0,0,7,0,0,1,1,-1,1,1,40,7,1598,2,11,VOLKSWAGEN TOURAN,4,E01035501,0,1
2024201519592,2024,201519592,2,9,0,-1,19,5,3,-1,0,8,0,0,0,0,4,9,-1,9,1,38,7,1598,2,6,VOLKSWAGEN TOURAN,-1,-1,0,-1
2024531507463,2024,531507463,2,9,0,-1,2,0,0,-1,0,0,0,0,0,0,3,9,-1,6,-1,-1,-1,1598,2,7,VOLKSWAGEN TOURAN,-1,-1,0,-1
2024522401448,2024,522401448,1,9,0,99,99,6,2,0,0,8,0,0,0,0,2,1,6,6,1,39,7,1598,2,10,VOLKSWAGEN TOURAN,1,E01033358,0,2
2024131488066,2024,131488066,1,9,0,-1,9,3,1,-1,0,8,0,0,0,0,3,1,-1,9,1,32,6,1896,2,18,VOLKSWAGEN TOURAN,2,E01010728,0,1
2024421496227,2024,421496227,1,9,0,-1,19,5,1,-1,0,1,0,0,0,0,1,1,-1,6,1,-1,-1,1968,2,20,VOLKSWAGEN TOURAN,-1,-1,0,-1
2024361492876,2024,361492876,1,9,0,-1,9,8,6,-1,0,2,0,0,0,0,1,1,-1,6,2,36,7,1896,2,17,VOLKSWAGEN TOURAN,7,E01026937,0,1
2024041484750,2024,041484750,2,9,0,-1,9,1,3,-1,0,1,0,0,0,0,3,1,-1,9,2,45,7,1968,2,10,VOLKSWAGEN TOURAN,6,E01025384,0,1
2024340NN4142,2024,340NN4142,1,9,0,-1,9,5,3,-1,0,6,0,0,0,0,1,1,-1,6,3,-1,-1,1896,2,19,VOLKSWAGEN TOURAN,-1,-1,0,-1
2024451486930,2024,451486930,2,9,0,-1,4,8,4,-1,0,1,0,0,0,0,2,1,-1,9,2,47,8,1598,2,7,VOLKSWAGEN TOURAN,7,E01016613,0,4
2024052401476,2024,052401476,3,9,0,7,7,4,8,0,0,1,0,0,0,0,1,1,1,1,1,41,7,1598,2,11,VOLKSWAGEN TOURAN,1,E01007086,0,2
2024421509161,2024,421509161,2,9,0,-1,4,7,3,-1,0,0,0,0,0,0,2,1,-1,9,1,37,7,1498,1,0,VOLKSWAGEN TOURAN,2,E01021699,0,3
2024231418300,2024,231418300,1,9,0,-1,19,7,4,-1,0,1,0,0,0,0,1,1,-1,6,2,37,7,1968,2,17,VOLKSWAGEN TOURAN,7,E01031213,0,2
2024471401364,2024,471401364,4,9,0,-1,2,0,0,-1,0,0,0,0,0,0,1,1,-1,6,-1,-1,-1,1896,2,14,VOLKSWAGEN TOURAN,-1,-1,0,-1
2024340WN3932,2024,340WN3932,1,9,0,-1,19,4,8,-1,0,8,0,0,0,0,4,1,-1,9,2,51,8,1598,2,7,VOLKSWAGEN TOURAN,9,E01033953,0,3
2024501427724,2024,501427724,1,9,0,-1,19,4,8,-1,0,0,1,0,0,0,1,9,-1,6,2,45,7,1968,2,11,VOLKSWAGEN TOURAN,1,E01015144,0,3
2024351409856,2024,351409856,1,9,0,-1,19,-1,-1,-1,0,1,0,0,0,0,1,9,-1,6,1,-1,-1,1598,2,12,VOLKSWAGEN TOURAN,-1,-1,0,-1
2024501516587,2024,501516587,1,9,0,-1,5,2,4,-1,0,6,0,0,0,0,4,1,-1,9,1,64,9,1598,2,11,VOLKSWAGEN TOURAN,7,E01020245,0,2
2024440344545,2024,440344545,2,9,0,9,9,1,7,0,0,6,0,0,0,0,1,1,6,6,1,54,8,1598,2,8,VOLKSWAGEN TOURAN,1,E01001013,0,5
2024451414038,2024,451414038,8,9,0,-1,4,1,5,-1,0,0,0,0,0,0,2,1,-1,6,-1,40,7,1598,2,7,VOLKSWAGEN TOURAN,-1,-1,0,-1
2024221455794,2024,221455794,1,9,0,-1,9,4,3,-1,0,6,0,0,0,0,3,1,-1,6,1,23,5,1968,2,15,VOLKSWAGEN TOURAN,8,W01000404,0,1
2024161395673,2024,161395673,1,9,0,-1,19,6,2,-1,0,0,0,0,7,9,1,1,-1,9,1,70,10,1968,2,16,VOLKSWAGEN TOURAN,10,E01012972,0,2
2024471416975,2024,471416975,1,9,0,-1,19,7,3,-1,0,8,0,0,0,0,1,1,-1,9,1,49,8,1968,2,12,VOLKSWAGEN TOURAN,1,E01016885,0,1
2024430277939,2024,430277939,2,9,0,18,19,1,5,0,0,6,0,0,0,0,1,1,6,6,2,33,6,1598,2,11,VOLKSWAGEN TOURAN,6,E01016478,0,1
2024131455475,2024,131455475,2,9,0,-1,19,1,5,-1,0,0,0,0,0,0,1,1,-1,6,2,40,7,1968,2,5,VOLKSWAGEN TOURAN,8,E01007355,0,2
2024340NN0892,2024,340NN0892,2,9,0,-1,10,2,6,-1,0,1,0,0,0,0,2,1,-1,9,2,31,6,1968,2,19,VOLKSWAGEN TOURAN,4,E01026956,0,3
2024501454899,2024,501454899,1,9,0,-1,19,3,7,-1,0,0,0,2,0,0,1,1,-1,9,1,23,5,1896,2,19,VOLKSWAGEN TOURAN,5,E01018842,0,4
2024141535346,2024,141535346,3,9,0,-1,4,1,5,-1,0,0,0,0,0,0,1,1,-1,9,1,43,7,1380,1,11,VOLKSWAGEN TOURAN,3,E01010629,0,4
2024622400773,2024,622400773,1,9,0,16,19,6,2,0,0,1,0,0,0,0,1,1,6,6,1,24,5,1598,2,12,VOLKSWAGEN TOURAN,1,W01001880,0,1
2024221427343,2024,221427343,1,9,0,-1,19,7,3,-1,0,0,5,0,0,0,3,1,-1,9,2,43,7,1968,2,7,VOLKSWAGEN TOURAN,5,E01014070,0,1
2024361529349,2024,361529349,1,9,0,-1,8,5,8,-1,0,1,0,0,0,0,1,1,-1,9,2,68,10,1395,1,7,VOLKSWAGEN TOURAN,5,E01026790,0,1
2024361519471,2024,361519471,1,9,0,-1,19,7,3,-1,0,1,0,0,0,0,1,1,-1,6,1,73,10,1968,2,13,VOLKSWAGEN TOURAN,4,E01030231,0,4
2024131422938,2024,131422938,2,9,0,-1,19,7,3,-1,0,0,0,0,0,0,3,1,-1,9,2,40,7,1896,2,16,VOLKSWAGEN TOURAN,1,E01011423,0,1
2024122401200,2024,122401200,2,9,0,4,4,7,3,0,0,1,0,0,0,0,1,1,6,6,1,56,9,1896,2,17,VOLKSWAGEN TOURAN,5,E01027868,0,1
2024041510109,2024,041510109,1,9,0,-1,19,7,4,-1,0,8,0,0,0,0,1,1,-1,9,1,46,8,1896,2,16,VOLKSWAGEN TOURAN,1,E01024895,0,1
202460Q096645,2024,60Q096645,2,9,0,18,19,3,7,0,0,1,0,0,0,0,3,1,6,6,2,38,7,1598,2,9,VOLKSWAGEN TOURAN,-1,-1,0,-1
2024041494967,2024,041494967,1,9,0,-1,9,2,6,-1,0,5,0,0,0,0,1,1,-1,9,2,58,9,1968,2,16,VOLKSWAGEN TOURAN,1,E01025298,0,1
2024430592170,2024,430592170,1,9,0,14,14,8,4,0,0,1,0,0,0,0,1,1,6,6,2,54,8,1896,2,15,VOLKSWAGEN TOURAN,6,E01016231,0,1
2024201521078,2024,201521078,2,9,0,-1,3,5,1,-1,0,1,0,0,0,0,2,1,-1,9,2,45,7,1896,2,15,VOLKSWAGEN TOURAN,3,E01010099,0,1
2024231489944,2024,231489944,2,8,0,-1,19,4,8,-1,0,0,0,0,0,0,1,9,-1,1,1,34,6,1598,2,9,VOLKSWAGEN TOURAN,6,E01009525,0,2
2024010518532,2024,010518532,1,9,0,99,99,9,9,99,99,9,9,99,9,99,2,9,2,2,1,30,6,999,1,5,VOLKSWAGEN TOURAN,2,E01002804,0,1
2024131424023,2024,131424023,2,9,0,-1,9,5,3,-1,0,6,0,0,0,0,4,1,-1,6,1,45,7,1598,2,11,VOLKSWAGEN TOURAN,1,E01010667,0,1
2024430466823,2024,430466823,2,9,0,3,3,6,2,0,0,0,0,0,0,0,2,1,6,6,1,51,8,1968,2,7,VOLKSWAGEN TOURAN,8,E01031861,0,4
2024522402700,2024,522402700,1,9,0,18,19,2,6,0,0,8,0,0,0,0,1,1,6,6,1,26,6,1896,2,18,VOLKSWAGEN TOURAN,5,E01014518,0,1
2024010510720,2024,010510720,2,9,0,99,99,9,9,99,99,9,9,99,9,99,1,9,6,6,2,38,7,1968,2,7,VOLKSWAGEN TOURAN,3,E01000062,0,1
2024501446382,2024,501446382,1,9,0,-1,5,8,2,-1,0,0,0,0,0,0,1,1,-1,1,1,67,10,1598,2,9,VOLKSWAGEN TOURAN,8,E01020075,0,3
2024141431061,2024,141431061,1,9,0,-1,19,8,5,-1,0,0,5,2,0,0,1,1,-1,9,2,40,7,1598,2,11,VOLKSWAGEN TOURAN,1,E01011255,0,4
2024201501176,2024,201501176,2,9,0,-1,19,7,3,-1,0,4,0,0,0,0,1,1,-1,6,3,25,5,1896,2,17,VOLKSWAGEN TOURAN,-1,-1,0,-1
2024010498459,2024,010498459,3,9,0,2,2,0,0,0,0,0,0,0,0,0,3,1,6,6,3,-1,-1,1968,2,7,VOLKSWAGEN TOURAN,-1,-1,0,-1
2024552400575,2024,552400575,1,9,0,18,19,6,2,0,0,1,0,0,0,0,1,1,6,6,2,37,7,1598,2,10,VOLKSWAGEN TOURAN,6,E01020398,0,3
2024340NN2702,2024,340NN2702,1,9,0,-1,19,2,6,-1,0,0,0,0,0,0,1,1,-1,6,1,30,6,1968,2,17,VOLKSWAGEN TOURAN,1,E01027334,0,3
2024351443627,2024,351443627,2,9,0,-1,13,-1,-1,-1,0,0,0,0,0,0,3,1,-1,2,1,61,9,1896,2,17,VOLKSWAGEN TOURAN,7,E01018225,0,1
2024070874774,2024,070874774,1,9,0,-1,19,5,1,-1,-1,3,1,0,0,0,1,1,-1,6,3,-1,-1,1968,2,11,VOLKSWAGEN TOURAN,1,E01034335,0,4
2024211424683,2024,211424683,2,9,0,-1,19,6,2,-1,0,0,0,0,0,0,2,1,-1,2,1,49,8,1968,2,5,VOLKSWAGEN TOURAN,10,E01013467,0,4
2024430055289,2024,430055289,2,9,0,18,19,8,6,0,0,8,0,0,0,0,1,1,6,6,1,63,9,1598,2,11,VOLKSWAGEN TOURAN,7,E01016285,0,1
2024371393813,2024,371393813,2,9,0,-1,19,7,3,-1,0,0,0,0,0,0,2,1,-1,1,2,40,7,1896,2,16,VOLKSWAGEN TOURAN,10,E01030172,0,1
2024041505669,2024,041505669,1,9,0,-1,9,1,5,-1,0,1,0,0,0,0,4,1,-1,6,1,71,10,2316,1,36,MAKE AND MODEL REDACTED,3,E01024864,0,4
2024101507898,2024,101507898,1,9,0,-1,4,5,4,-1,-1,0,0,0,1,0,1,1,-1,9,2,35,6,-1,3,0,MAKE AND MODEL REDACTED,-1,-1,0,-1
2024440394464,2024,440394464,1,9,0,18,19,5,3,0,0,8,0,0,0,0,3,1,6,6,1,51,8,-1,3,0,MAKE AND MODEL REDACTED,10,E01022691,0,1
2024010547681,2024,010547681,1,9,0,9,9,5,2,0,0,5,0,0,0,0,1,2,6,6,2,55,8,-1,3,0,MAKE AND MODEL REDACTED,9,E01000885,0,1
2024010530888,2024,010530888,2,9,0,18,19,3,7,0,0,8,0,0,0,0,3,1,6,6,1,28,6,-1,3,0,MAKE AND MODEL REDACTED,2,E01032744,0,1
2024061443699,2024,061443699,2,9,0,-1,19,7,3,-1,0,8,0,0,0,0,4,1,-1,2,1,45,7,-1,3,0,MAKE AND MODEL REDACTED,4,E01006049,0,3
2024332401099,2024,332401099,1,9,0,-1,19,3,7,-1,0,8,0,0,0,0,1,1,-1,6,1,29,6,-1,3,0,MAKE AND MODEL REDACTED,7,E01031011,0,2
2024991471445,2024,991471445,2,9,0,-1,3,3,7,-1,0,1,0,0,0,0,2,1,-1,9,1,79,11,-1,3,0,MAKE AND MODEL REDACTED,10,-1,0,1
2024351531756,2024,351531756,1,9,0,-1,19,3,7,-1,0,0,0,0,1,4,1,9,-1,6,1,43,7,-1,3,0,MAKE AND MODEL REDACTED,9,E01018237,0,1
2024361479288,2024,361479288,1,2,0,-1,19,3,7,-1,0,0,0,4,0,0,4,1,-1,9,1,16,4,49,1,0,MAKE AND MODEL REDACTED,6,E01026637,0,2
2024211482679,2024,211482679,1,2,0,-1,19,4,1,-1,0,3,2,0,0,0,2,1,-1,9,1,16,4,48,1,3,MAKE AND MODEL REDACTED,4,E01029820,0,1
2024211441699,2024,211441699,2,3,0,-1,19,5,1,-1,0,1,5,0,0,0,1,1,-1,9,1,37,7,125,1,14,MAKE AND MODEL REDACTED,4,E01014353,0,1
2024302400604,2024,302400604,2,4,0,14,14,2,6,0,0,1,0,0,0,0,1,1,6,6,1,18,4,124,1,8,MAKE AND MODEL REDACTED,9,E01019860,0,1
2024201471461,2024,201471461,2,3,0,-1,19,3,7,-1,0,8,0,0,0,0,1,1,-1,1,1,27,6,125,1,13,MAKE AND MODEL REDACTED,1,E01009026,0,1
2024547903824,2024,547903824,1,4,0,18,19,3,7,0,0,0,2,0,0,0,1,1,6,6,2,18,4,125,1,11,MAKE AND MODEL REDACTED,-1,-1,0,-1
202417L102624,2024,17L102624,2,3,0,18,19,3,7,0,0,1,0,0,0,0,1,1,6,6,1,24,5,125,1,17,MAKE AND MODEL REDACTED,2,E01012165,0,1
2024440558472,2024,440558472,1,4,0,18,19,6,2,0,0,1,0,0,0,0,1,1,6,6,1,40,7,124,1,9,MAKE AND MODEL REDACTED,6,E01022634,0,1
2024332400922,2024,332400922,2,3,0,-1,12,4,8,-1,0,4,0,0,0,0,3,1,-1,9,1,44,7,125,1,18,MAKE AND MODEL REDACTED,3,E01013744,0,3
2024010507751,2024,010507751,2,19,0,14,14,7,3,0,0,2,0,4,0,0,2,1,6,6,3,-1,-1,-1,-1,-1,MAKE AND MODEL REDACTED,-1,-1,0,-1
2024552401411,2024,552401411,2,3,0,9,9,3,1,0,0,8,0,0,0,0,4,1,2,2,2,22,5,125,1,1,MAKE AND MODEL REDACTED,7,E01015311,0,1
2024010501362,2024,010501362,2,3,0,15,15,3,7,0,0,8,0,0,0,0,1,1,6,6,2,26,6,125,1,2,MAKE AND MODEL REDACTED,2,E01000861,0,1
2024552400495,2024,552400495,1,3,0,18,19,2,6,0,0,8,0,0,0,0,1,1,2,2,1,22,5,125,1,1,MAKE AND MODEL REDACTED,6,E01015369,0,1
2024211507183,2024,211507183,2,2,0,-1,19,7,3,-1,0,2,0,0,0,0,3,1,-1,6,1,26,6,125,1,1,MAKE AND MODEL REDACTED,-1,-1,0,-1
2024131431894,2024,131431894,1,5,0,-1,2,7,3,-1,0,4,0,0,0,0,3,1,-1,2,1,62,9,647,1,6,MAKE AND MODEL REDACTED,1,E01010605,0,3
2024340NN3662,2024,340NN3662,1,9,0,-1,7,8,2,-1,0,7,0,0,0,0,1,1,-1,6,1,-1,-1,1198,1,8,FORD KA+,-1,-1,0,-1
2024471458886,2024,471458886,1,9,0,-1,19,7,3,-1,0,0,0,0,0,0,0,1,-1,6,1,83,11,1197,1,5,FORD KA+,5,E01031472,0,1
2024461471199,2024,461471199,1,9,0,-1,7,2,4,-1,0,6,0,0,0,0,3,1,-1,9,2,73,10,1197,1,5,FORD KA+,6,E01024022,0,1
2024361412065,2024,361412065,1,9,0,-1,19,1,5,-1,0,1,0,0,0,0,1,1,-1,9,2,68,10,1197,1,5,FORD KA+,9,E01026582,0,4
2024451398435,2024,451398435,1,9,0,-1,19,5,1,-1,0,0,0,0,7,4,1,1,-1,9,2,67,10,1198,1,7,FORD KA+,10,E01030799,0,1
2024131465054,2024,131465054,1,9,0,-1,19,7,7,-1,0,8,0,0,0,0,2,1,-1,6,1,39,7,1197,1,6,FORD KA+,1,E01011363,0,1
2024421456894,2024,421456894,1,9,0,-1,19,1,5,-1,0,1,0,0,0,0,1,9,-1,6,1,40,7,1198,1,6,FORD KA+,9,E01021692,0,2
2024451403744,2024,451403744,1,9,0,-1,3,3,7,-1,0,0,0,0,0,0,2,1,-1,9,2,37,7,1198,1,7,FORD KA+,9,E01030614,0,1
2024411529508,2024,411529508,1,9,0,-1,5,3,7,-1,0,0,0,0,0,0,1,1,-1,6,1,69,10,1197,1,5,FORD KA+,6,E01023305,0,1
2024440401110,2024,440401110,1,9,0,9,9,1,7,0,0,6,0,0,0,0,1,1,6,6,2,58,9,1198,1,7,FORD KA+,4,E01017297,0,2
2024451506328,2024,451506328,2,9,0,-1,19,5,1,-1,0,0,0,0,0,0,2,1,-1,9,2,61,9,1197,1,6,FORD KA+,9,E01031475,0,4
2024311510952,2024,311510952,1,9,0,-1,9,2,1,-1,0,0,0,0,0,0,1,9,-1,6,3,-1,-1,1198,1,6,FORD KA+,-1,-1,0,-1
2024332400014,2024,332400014,1,9,0,-1,19,6,2,-1,0,2,0,0,0,0,1,1,-1,6,1,27,6,1198,1,6,FORD KA+,5,E01025762,0,1
2024010502364,2024,010502364,4,9,0,2,2,0,0,0,0,0,0,0,0,0,2,1,6,6,3,-1,-1,1198,1,6,FORD KA+,-1,-1,0,-1
2024231445483,2024,231445483,1,9,0,-1,9,7,5,-1,4,6,0,0,0,0,0,1,-1,9,2,64,9,1197,1,5,FORD KA+,2,E01031044,0,1
2024622400836,2024,622400836,1,9,0,12,12,4,8,0,0,1,0,0,4,6,2,1,6,6,2,20,4,1197,1,6,FORD KA+,3,W01001393,0,3
2024411518707,2024,411518707,1,9,0,-1,2,0,0,-1,0,0,0,0,0,0,1,1,-1,9,2,25,5,1198,1,7,FORD KA+,3,E01023555,0,1
2024501468645,2024,501468645,1,9,0,-1,19,5,1,-1,0,0,0,0,0,0,1,9,-1,6,2,69,10,1198,1,7,FORD KA+,3,E01015190,0,1
202417H104224,2024,17H104224,1,9,0,-1,9,1,7,-1,0,8,0,0,0,0,1,1,-1,9,2,53,8,1197,1,5,FORD KA+,1,E01011993,0,1
2024161394484,2024,161394484,1,9,0,-1,19,1,5,-1,0,0,1,0,1,0,1,1,-1,2,2,26,6,1198,1,6,FORD KA+,8,E01013046,0,1
2024461423773,2024,461423773,2,9,0,-1,3,7,3,-1,0,0,0,0,0,0,1,1,-1,6,2,37,7,1197,1,6,FORD KA+,6,E01034987,0,1
2024631405432,2024,631405432,1,9,0,-1,19,4,8,-1,0,0,0,0,1,1,1,1,-1,9,2,18,4,1197,1,5,FORD KA+,5,E01012544,0,5
2024991435685,2024,991435685,1,9,0,-1,19,2,6,-1,0,0,0,0,1,0,1,1,-1,9,2,19,4,1198,1,7,FORD KA+,3,-1,0,2