collision_index,collision_year,collision_ref_no,vehicle_reference,vehicle_type,towing_and_articulation,vehicle_manoeuvre_historic,vehicle_manoeuvre,vehicle_direction_from,vehicle_direction_to,vehicle_location_restricted_lane_historic,vehicle_location_restricted_lane,junction_location,skidding_and_overturning,hit_object_in_carriageway,vehicle_leaving_carriageway,hit_object_off_carriageway,first_point_of_impact,vehicle_left_hand_drive,journey_purpose_of_driver_historic,journey_purpose_of_driver,sex_of_driver,age_of_driver,age_band_of_driver,engine_capacity_cc,propulsion_code,age_of_vehicle,generic_make_model,driver_imd_decile,lsoa_of_driver,escooter_flag,driver_distance_banding
2024421452898,2024,421452898,2,9,0,-1,19,1,5,-1,9,8,0,0,0,0,3,1,-1,6,2,78,11,1198,1,7,FORD KA+,10,E01023501,0,1
2024421464048,2024,421464048,6,9,0,-1,19,1,5,-1,0,0,0,0,0,0,1,1,-1,6,2,28,6,1198,1,7,FORD KA+,5,E01018062,0,4
2024101508169,2024,101508169,1,9,0,-1,19,1,5,-1,0,0,5,7,0,0,1,1,-1,9,1,75,10,1197,1,5,FORD KA+,7,E01027440,0,1
2024461469807,2024,461469807,2,9,0,-1,3,3,7,-1,0,0,0,0,0,0,4,9,-1,9,1,43,7,1197,1,5,FORD KA+,1,E01024683,0,1
2024332400733,2024,332400733,2,9,0,-1,9,7,5,-1,0,5,0,0,0,0,2,1,-1,9,2,82,11,1197,1,5,FORD KA+,10,E01025944,0,1
2024201474898,2024,201474898,1,9,0,-1,19,5,1,-1,0,8,0,0,0,0,1,1,-1,6,1,61,9,1198,1,6,FORD KA+,3,E01009237,0,2
2024332401202,2024,332401202,1,9,0,-1,19,5,1,-1,0,1,0,0,0,0,3,1,-1,9,1,18,4,1198,1,6,FORD KA+,9,E01028360,0,4
2024421458159,2024,421458159,1,9,0,-1,9,3,6,-1,9,3,0,11,1,0,1,9,-1,9,2,78,11,1197,1,5,FORD KA+,-1,-1,0,-1
2024131449146,2024,131449146,4,9,0,-1,19,3,7,-1,0,0,0,0,0,0,1,1,-1,9,2,31,6,1198,1,6,FORD KA+,6,E01011881,0,3
2024991420992,2024,991420992,2,9,0,-1,3,8,5,-1,0,1,0,0,0,0,2,1,-1,6,2,58,9,1197,1,5,FORD KA+,8,-1,0,1
2024211494751,2024,211494751,2,9,0,-1,-1,5,5,-1,-1,4,0,0,0,0,2,1,-1,-1,2,49,8,1197,1,5,FORD KA+,2,E01010503,0,1
2024520500246,2024,520500246,1,9,0,17,19,3,7,0,0,0,0,0,0,0,1,1,6,6,1,43,7,1197,1,5,FORD KA+,7,E01029055,0,3
2024401415477,2024,401415477,2,9,0,-1,5,1,5,-1,0,8,0,0,0,0,3,1,-1,2,2,47,8,1198,1,7,FORD KA+,5,E01017388,0,4
2024122400875,2024,122400875,1,9,0,18,19,1,5,0,0,0,0,0,0,0,1,1,6,6,2,68,10,1197,1,6,FORD KA+,9,E01027879,0,1
2024320361187,2024,320361187,1,9,0,-1,-1,4,8,0,0,0,5,4,0,0,4,1,-1,-1,1,80,11,1197,1,5,FORD KA+,1,E01026115,0,1
2024440449870,2024,440449870,2,9,0,18,19,7,3,0,0,1,0,0,0,0,3,1,6,6,3,27,6,1198,1,7,FORD KA+,-1,-1,0,-1
2024351513109,2024,351513109,3,9,0,-1,5,7,3,-1,0,6,0,0,0,0,3,1,-1,6,2,23,5,1198,1,6,FORD KA+,6,E01017962,0,1
2024320447183,2024,320447183,2,9,0,8,8,7,1,0,0,1,0,0,0,0,2,1,6,6,2,23,5,1198,1,6,FORD KA+,7,E01026179,0,3
2024461432435,2024,461432435,2,9,0,-1,2,0,0,-1,9,0,0,0,1,0,2,1,-1,6,-1,-1,-1,1198,1,8,FORD KA+,-1,-1,0,-1
2024461484397,2024,461484397,3,9,0,-1,3,6,1,-1,0,0,0,0,0,0,2,1,-1,2,1,24,5,1198,1,8,FORD KA+,3,E01003552,0,3
2024221482681,2024,221482681,1,9,0,-1,19,6,2,-1,0,2,0,0,0,0,1,1,-1,6,2,43,7,1198,1,6,FORD KA+,2,E01032161,0,1
2024161472564,2024,161472564,1,9,0,-1,19,7,3,-1,0,4,0,0,0,0,1,1,-1,9,1,84,11,1198,1,7,FORD KA+,3,E01013233,0,1
2024351450260,2024,351450260,2,9,0,-1,2,0,0,-1,0,1,0,0,0,0,3,1,-1,6,2,74,10,1197,1,5,FORD KA+,-1,-1,0,-1
2024320088561,2024,320088561,1,9,0,5,5,2,4,0,0,6,0,0,0,0,1,1,-1,-1,2,30,6,1197,1,5,FORD KA+,1,E01026149,0,1
2024471494712,2024,471494712,1,9,0,-1,5,3,1,-1,0,6,0,0,0,0,1,1,-1,2,2,27,6,1198,1,8,FORD KA+,3,E01020941,0,1
2024161479109,2024,161479109,2,9,0,-1,3,1,5,-1,0,0,0,0,0,0,1,9,-1,6,2,40,7,1197,1,6,FORD KA+,1,E01035467,0,1
2024141488059,2024,141488059,2,9,0,-1,3,4,8,-1,0,0,0,0,0,0,1,1,-1,9,1,84,11,1198,1,7,FORD KA+,9,E01007893,0,1
2024201450978,2024,201450978,1,9,0,-1,6,3,3,-1,0,0,0,0,0,0,1,1,-1,9,2,75,10,1197,1,5,FORD KA+,10,E01009444,0,1
2024421422010,2024,421422010,2,9,0,-1,-1,-1,-1,-1,-1,0,-1,-1,-1,0,-1,9,-1,6,2,59,9,1198,1,6,FORD KA+,8,E01021607,0,2
2024471498676,2024,471498676,1,9,0,-1,9,5,3,-1,0,8,0,0,0,0,1,1,-1,9,2,65,9,1198,1,6,FORD KA+,7,E01031460,0,3
2024501443469,2024,501443469,1,9,0,-1,9,5,3,-1,0,6,0,0,0,0,4,1,-1,9,2,85,11,1197,1,5,FORD KA+,5,E01019901,0,1
2024430186648,2024,430186648,2,9,0,18,19,8,4,0,0,1,0,0,1,0,1,1,6,6,1,18,4,1198,1,7,FORD KA+,9,E01028667,0,2
2024411407645,2024,411407645,1,9,0,-1,5,8,6,-1,0,6,0,0,0,0,1,1,-1,6,2,71,10,1198,1,7,FORD KA+,3,E01021861,0,2
2024351519746,2024,351519746,1,9,0,-1,19,3,7,-1,0,4,1,0,3,0,1,1,-1,9,1,84,11,1198,1,7,FORD KA+,7,-1,0,5
2024131524895,2024,131524895,2,9,0,-1,5,5,1,-1,0,0,0,0,0,0,1,1,-1,7,2,44,7,1198,1,6,FORD KA+,1,E01011904,0,3
2024421501501,2024,421501501,1,9,0,-1,19,8,2,-1,0,0,0,0,7,0,1,1,-1,9,2,74,10,1197,1,6,FORD KA+,10,E01021248,0,2
2024411455209,2024,411455209,1,9,-1,-1,19,5,1,-1,0,2,0,0,0,0,4,9,-1,2,2,30,6,1198,1,6,FORD KA+,3,E01023437,0,1
2024131449146,2024,131449146,2,9,0,-1,19,7,3,-1,0,0,0,0,0,0,0,1,-1,6,2,56,9,1198,1,7,FORD KA+,8,E01011857,0,3
2024991507505,2024,991507505,2,9,0,-1,9,5,3,-1,0,8,0,0,0,0,3,1,-1,1,2,23,5,1197,1,5,FORD KA+,5,-1,0,3
2024421473642,2024,421473642,1,9,0,-1,5,2,2,-1,0,0,0,0,0,0,3,1,-1,2,2,40,7,1198,1,7,FORD KA+,4,E01021704,0,1
2024340WN5982,2024,340WN5982,2,9,0,-1,19,3,7,-1,0,1,0,0,0,0,1,1,-1,2,2,58,9,1197,1,5,FORD KA+,3,E01018746,0,5
2024461406257,2024,461406257,1,9,0,-1,19,4,8,-1,0,1,1,4,7,0,1,1,-1,9,1,62,9,1198,1,8,FORD KA+,7,E01024274,0,3
2024531407416,2024,531407416,1,9,0,-1,7,1,5,-1,0,1,0,0,2,0,1,1,-1,9,1,75,10,1197,1,5,FORD KA+,7,E01022445,0,1
2024131523299,2024,131523299,1,9,0,-1,19,1,1,-1,0,8,0,0,0,0,1,1,-1,6,1,41,7,1198,1,6,FORD KA+,7,E01011055,0,1
2024461455918,2024,461455918,2,9,0,-1,19,5,1,-1,0,0,0,0,0,0,4,1,-1,6,1,29,6,1198,1,8,FORD KA+,4,E01024290,0,1
2024421450499,2024,421450499,2,9,0,-1,5,5,5,-1,0,0,5,4,2,0,1,1,-1,6,1,63,9,1198,1,7,FORD KA+,5,E01021942,0,1
2024201479602,2024,201479602,2,9,0,-1,19,4,8,-1,0,1,0,0,0,0,2,1,-1,6,1,19,4,1198,1,7,FORD KA+,1,E01009174,0,1
2024461481891,2024,461481891,2,9,0,-1,19,3,7,-1,0,8,0,0,0,0,1,1,-1,9,2,54,8,1197,1,5,FORD KA+,8,E01024730,0,1
2024311435659,2024,311435659,2,9,0,-1,19,3,7,-1,0,1,0,0,0,0,1,1,-1,1,2,70,10,1197,1,5,FORD KA+,3,E01028127,0,2
202417S110424,2024,17S110424,1,9,0,-1,3,5,1,-1,0,1,0,0,0,0,1,1,-1,2,2,64,9,1198,1,7,FORD KA+,-1,-1,0,-1
2024501413455,2024,501413455,1,9,0,-1,19,7,3,-1,0,0,0,0,0,0,3,9,-1,6,2,20,4,1198,1,7,FORD KA+,2,E01015216,0,1
2024421463205,2024,421463205,2,9,0,-1,4,7,3,-1,0,8,0,0,0,0,2,1,-1,2,2,53,8,1198,1,7,FORD KA+,3,E01021321,0,1
2024101419430,2024,101419430,2,9,0,-1,1,6,2,-1,0,1,0,0,0,0,2,9,-1,6,2,-1,-1,1197,1,6,FORD KA+,8,E01008783,0,1
2024440353787,2024,440353787,1,9,0,18,19,7,3,0,0,0,1,4,0,0,1,1,6,6,1,20,4,1198,1,6,FORD KA+,4,E01004313,0,5
2024622400647,2024,622400647,2,9,0,5,5,7,3,0,0,1,0,0,0,0,1,1,6,6,2,56,9,1198,1,6,FORD KA+,7,W01000982,0,1
2024320053032,2024,320053032,1,9,0,9,9,4,8,0,0,8,0,0,0,0,1,1,6,6,2,55,8,1198,1,7,FORD KA+,2,E01026050,0,2
2024231530625,2024,231530625,2,9,0,-1,3,3,7,-1,0,0,0,0,0,0,1,9,-1,6,2,42,7,1198,1,8,FORD KA+,7,E01031334,0,3
2024010549247,2024,010549247,1,9,0,99,99,9,9,99,99,9,9,99,9,99,9,9,2,2,2,60,9,1198,1,6,FORD KA+,2,E01001574,0,1
2024111522590,2024,111522590,1,9,0,-1,19,2,8,-1,0,3,0,0,0,0,3,1,-1,6,2,55,8,1197,1,5,FORD KA+,-1,-1,0,-1
2024461479470,2024,461479470,1,9,0,-1,19,3,1,-1,0,8,0,0,0,0,1,9,-1,6,2,55,8,1197,1,5,FORD KA+,4,E01035006,0,1
2024061469513,2024,061469513,2,9,0,-1,3,4,8,-1,0,0,0,0,0,0,2,1,-1,6,2,-1,-1,1198,1,7,FORD KA+,-1,-1,0,-1
2024320317657,2024,320317657,2,9,0,4,4,5,1,0,0,1,0,0,0,0,2,1,6,6,2,24,5,1198,1,7,FORD KA+,7,E01026350,0,1
2024201467345,2024,201467345,1,9,0,-1,19,2,6,-1,0,1,0,0,0,0,3,1,-1,6,2,20,4,1198,1,7,FORD KA+,3,E01009015,0,1
2024161470491,2024,161470491,1,9,0,-1,19,3,7,-1,0,1,5,12,7,4,1,1,-1,9,2,19,4,1198,1,6,FORD KA+,3,E01013303,0,3
2024552401138,2024,552401138,2,9,0,9,9,5,3,0,0,5,0,0,0,0,3,1,2,2,2,21,5,1198,1,7,FORD KA+,3,E01021858,0,5
2024101526997,2024,101526997,2,9,0,-1,3,6,1,-1,0,4,0,0,0,0,2,1,-1,6,2,68,10,1197,1,5,FORD KA+,8,E01027446,0,4
2024221415667,2024,221415667,1,9,0,-1,19,5,1,-1,0,1,0,0,0,0,4,1,-1,6,1,22,5,1198,1,7,FORD KA+,-1,-1,0,-1
2024332400542,2024,332400542,1,9,0,-1,9,3,8,-1,0,5,0,0,0,0,1,1,-1,6,2,63,9,1198,1,7,FORD KA+,9,E01025675,0,1
2024421502668,2024,421502668,2,9,0,-1,3,6,3,-1,0,0,0,0,0,0,2,1,-1,1,1,65,9,1198,1,7,FORD KA+,7,E01015977,0,4
2024201455514,2024,201455514,2,9,0,-1,19,5,1,-1,0,8,0,0,0,0,1,1,-1,6,1,18,4,1197,1,5,FORD KA+,3,E01010538,0,1
2024131535079,2024,131535079,2,9,0,-1,5,3,3,-1,0,0,0,0,0,0,2,1,-1,6,2,32,6,1197,1,5,FORD KA+,3,E01011153,0,1
2024201439875,2024,201439875,2,9,0,-1,3,7,3,-1,0,1,0,0,0,0,2,1,-1,9,2,60,9,1198,1,7,FORD KA+,10,E01010166,0,2
2024991426677,2024,991426677,1,9,0,-1,19,1,5,-1,0,1,0,0,0,0,3,1,-1,9,2,19,4,1198,1,7,FORD KA+,-1,-1,0,-1
2024461459388,2024,461459388,1,9,0,-1,4,3,7,-1,0,4,0,0,0,0,1,9,-1,6,1,-1,-1,1197,1,5,FORD KA+,7,E01028889,0,5
2024131502248,2024,131502248,2,9,0,-1,19,1,5,-1,0,1,0,0,0,0,3,1,-1,6,1,46,8,1198,1,6,FORD KA+,4,E01011808,0,1
2024052401657,2024,052401657,2,9,0,18,19,5,1,0,0,0,0,0,0,0,2,1,6,6,1,24,5,1197,1,6,FORD KA+,7,E01006498,0,2
2024101440676,2024,101440676,2,9,0,-1,3,6,1,-1,0,1,0,0,0,0,2,1,-1,9,2,24,5,1197,1,5,FORD KA+,1,E01027427,0,1
2024340NN4013,2024,340NN4013,2,9,0,-1,19,5,1,-1,0,-1,0,0,0,0,4,1,-1,9,2,76,11,1198,1,8,FORD KA+,6,E01027237,0,3
2024471505144,2024,471505144,2,9,0,-1,2,0,0,-1,0,0,0,0,0,0,2,1,-1,6,-1,-1,-1,1198,1,6,FORD KA+,-1,-1,0,-1
2024332400301,2024,332400301,1,4,0,-1,19,1,5,-1,2,8,0,0,0,0,1,1,-1,2,1,39,7,125,1,3,MAKE AND MODEL REDACTED,5,E01025999,0,1
2024430055987,2024,430055987,2,4,0,9,9,2,8,0,0,5,0,0,0,0,3,1,6,6,1,38,7,125,1,6,MAKE AND MODEL REDACTED,3,E01004528,0,4
2024361452001,2024,361452001,1,4,0,-1,4,7,3,-1,0,0,1,0,0,0,1,1,-1,9,2,53,8,373,1,8,KTM 390 DUKE,5,E01026419,0,2
2024010544698,2024,010544698,2,4,0,14,14,7,3,0,0,8,0,0,0,0,1,1,2,2,1,40,7,399,1,0,KTM 390 DUKE,1,E01003347,0,1
2024010546225,2024,010546225,1,4,0,18,19,7,3,2,2,1,0,0,0,0,0,1,6,6,1,37,7,373,1,7,KTM 390 DUKE,2,E01001661,0,2
2024201478589,2024,201478589,2,4,0,-1,19,6,5,-1,0,0,0,0,0,0,1,1,-1,6,1,19,4,399,1,0,KTM 390 DUKE,6,E01009217,0,1
2024141501711,2024,141501711,2,4,0,-1,19,4,8,-1,0,1,5,0,0,0,2,1,-1,6,-1,-1,-1,373,1,3,KTM 390 DUKE,-1,-1,0,-1
2024991436508,2024,991436508,1,4,0,-1,13,1,5,-1,0,1,2,0,0,0,3,1,-1,9,1,17,4,373,1,10,KTM 390 DUKE,3,-1,0,3
2024010523569,2024,010523569,2,4,0,18,19,6,2,0,0,0,2,0,0,0,1,1,6,6,1,22,5,373,1,3,KTM 390 DUKE,7,E01004534,0,3
2024010518852,2024,010518852,2,4,0,13,13,5,1,0,0,1,0,0,0,0,1,1,6,6,1,21,5,373,1,6,KTM 390 DUKE,5,E01001173,0,1
2024430556792,2024,430556792,1,5,0,18,19,8,4,6,6,0,0,0,1,0,1,1,6,6,1,64,9,373,1,8,KTM 390 DUKE,9,E01017635,0,4
2024451485576,2024,451485576,1,4,0,-1,19,7,3,-1,0,1,5,0,1,9,1,1,-1,2,1,27,6,373,1,2,KTM 390 DUKE,10,E01030855,0,1
2024522401706,2024,522401706,2,4,0,18,19,7,3,0,0,8,0,0,0,0,1,1,6,6,1,56,9,373,1,7,KTM 390 DUKE,3,E01014687,0,1
2024010516053,2024,010516053,1,4,0,18,19,8,4,0,0,2,1,0,0,0,4,1,6,6,1,29,6,373,1,7,KTM 390 DUKE,4,E01002558,0,1
2024052400861,2024,052400861,1,4,0,18,19,1,5,0,0,1,0,0,0,0,1,1,2,2,1,21,5,373,1,3,KTM 390 DUKE,7,E01007306,0,2
2024471429727,2024,471429727,1,4,0,-1,13,7,3,-1,0,0,0,0,0,0,4,1,-1,9,2,37,7,373,1,4,KTM 390 DUKE,4,E01031435,0,2
2024010551720,2024,010551720,2,4,0,18,19,1,5,0,0,0,0,0,0,0,3,1,6,6,1,21,5,373,1,0,KTM 390 DUKE,-1,-1,0,-1
2024461445281,2024,461445281,1,4,0,-1,4,5,1,-1,0,8,0,0,0,0,2,1,-1,9,1,23,5,373,1,3,KTM 390 DUKE,9,E01024376,0,1
2024010531063,2024,010531063,2,4,0,15,15,5,1,0,0,1,0,0,1,0,1,1,2,2,1,27,6,373,1,4,KTM 390 DUKE,5,E01023533,0,4
2024010514512,2024,010514512,1,5,0,18,19,6,2,0,0,2,0,0,0,0,1,1,6,6,1,19,4,373,1,7,KTM 390 DUKE,9,E01000654,0,2
2024461399255,2024,461399255,2,4,0,-1,19,3,7,-1,0,0,0,0,0,0,4,1,-1,2,1,42,7,373,1,5,KTM 390 DUKE,8,E01030817,0,4
2024010522601,2024,010522601,2,4,0,18,19,1,5,0,0,1,0,0,0,0,1,1,6,6,1,19,4,373,1,9,KTM 390 DUKE,4,E01001005,0,1
2024332400565,2024,332400565,1,4,0,-1,19,5,1,-1,0,0,0,0,0,0,1,1,-1,2,1,26,6,373,1,7,KTM 390 DUKE,10,E01025651,0,3
2024991420027,2024,991420027,1,2,0,-1,7,8,3,-1,0,5,1,0,0,0,4,1,-1,6,1,32,6,49,1,6,MAKE AND MODEL REDACTED,2,-1,0,1
2024471410101,2024,471410101,1,9,0,-1,19,7,2,-1,0,0,0,0,0,0,1,1,-1,6,1,60,9,2995,1,18,MAKE AND MODEL REDACTED,8,E01031815,0,2
2024371480491,2024,371480491,1,9,0,-1,19,3,7,-1,9,1,0,0,1,0,1,1,-1,9,1,51,8,2995,1,19,MAKE AND MODEL REDACTED,1,E01030249,0,1
2024010531678,2024,010531678,1,9,0,9,9,6,3,0,0,1,0,0,0,0,1,1,2,2,2,68,10,2995,1,20,MAKE AND MODEL REDACTED,9,E01000752,0,1
2024451534599,2024,451534599,2,9,0,-1,19,1,5,-1,0,1,0,0,0,0,1,1,-1,9,1,57,9,2995,1,19,MAKE AND MODEL REDACTED,10,E01030353,0,1
2024010508749,2024,010508749,2,9,0,99,99,9,9,99,99,9,9,99,9,99,1,9,6,6,3,-1,-1,2995,1,21,MAKE AND MODEL REDACTED,-1,-1,0,-1
2024131461888,2024,131461888,1,9,0,-1,2,3,7,-1,0,8,0,0,0,0,0,2,-1,6,3,-1,-1,2995,7,21,MAKE AND MODEL REDACTED,-1,-1,0,-1
2024010538778,2024,010538778,1,9,0,18,19,7,3,0,0,0,0,0,0,0,1,1,6,6,2,24,5,2987,2,7,MAKE AND MODEL REDACTED,3,E01003221,0,1
2024440303388,2024,440303388,1,9,0,9,9,8,6,0,0,6,0,0,0,0,1,1,6,6,1,33,6,2987,2,4,MAKE AND MODEL REDACTED,9,E01022689,0,1
2024010538112,2024,010538112,2,9,0,1,1,3,7,0,0,8,0,0,0,0,4,1,6,6,2,34,6,1995,8,2,MAKE AND MODEL REDACTED,4,E01002592,0,1
2024461425201,2024,461425201,1,9,0,-1,19,6,2,-1,0,1,0,0,0,0,1,1,-1,2,1,39,7,2987,2,5,MAKE AND MODEL REDACTED,2,E01024717,0,1
2024211395503,2024,211395503,1,9,0,-1,2,3,5,-1,0,0,0,0,0,0,2,1,-1,6,1,93,11,1598,1,15,MAZDA 3,3,E01009001,0,3
2024552401232,2024,552401232,2,9,0,4,4,6,4,0,0,5,0,0,0,0,2,1,2,2,2,39,7,1560,2,14,MAZDA 3,8,E01015335,0,4
2024501517054,2024,501517054,1,9,0,-1,19,7,3,-1,0,1,5,0,0,0,4,1,-1,9,2,19,4,1598,1,16,MAZDA 3,4,E01018779,0,1
2024010535242,2024,010535242,4,9,0,18,19,1,5,0,0,1,0,0,0,0,1,1,2,2,1,53,8,1598,1,13,MAZDA 3,9,E01030733,0,2
2024440229657,2024,440229657,2,9,0,9,9,8,6,0,0,6,0,0,0,0,1,1,6,6,2,43,7,1998,1,6,MAZDA 3,10,E01023279,0,1
2024302401595,2024,302401595,1,9,0,18,19,7,3,0,0,1,0,0,0,0,1,1,6,6,1,61,9,1560,2,12,MAZDA 3,6,E01019774,0,2
2024351538022,2024,351538022,2,9,-1,-1,-1,-1,-1,-1,-1,0,-1,-1,-1,0,-1,9,-1,2,2,31,6,1998,1,10,MAZDA 3,4,E01029927,0,4
2024522403156,2024,522403156,2,9,0,4,4,2,6,0,0,0,0,0,0,0,2,1,6,6,2,33,6,1598,1,13,MAZDA 3,5,E01014843,0,4
2024201513992,2024,201513992,2,9,0,-1,19,3,7,-1,0,0,0,0,0,0,3,1,-1,9,2,27,6,1560,2,11,MAZDA 3,1,E01005142,0,5
2024340WN5462,2024,340WN5462,1,9,0,-1,19,3,7,-1,0,2,0,0,0,0,1,1,-1,9,1,25,5,1598,1,16,MAZDA 3,8,E01027216,0,2
2024440543427,2024,440543427,1,9,0,3,3,3,7,0,0,2,0,0,0,0,2,1,6,6,1,40,7,1598,1,15,MAZDA 3,6,E01022736,0,1
2024440469223,2024,440469223,2,9,0,3,3,3,7,0,0,1,0,0,0,0,2,1,6,6,1,34,6,1598,1,11,MAZDA 3,10,E01022534,0,2
2024421421484,2024,421421484,2,9,0,-1,19,8,4,-1,0,0,0,0,0,0,1,1,-1,9,1,52,8,2184,2,10,MAZDA 3,4,E01021775,0,1
2024101536342,2024,101536342,5,8,0,-1,19,1,5,-1,0,0,0,0,0,0,1,1,-1,1,1,38,7,1998,1,8,MAZDA 3,-1,-1,0,-1
2024340NN2422,2024,340NN2422,2,9,0,-1,19,8,4,-1,0,1,0,0,0,0,2,1,-1,2,2,32,6,1998,1,7,MAZDA 3,7,E01027117,0,1
2024440236459,2024,440236459,1,9,0,18,19,4,8,0,0,8,0,0,0,0,3,1,6,6,1,23,5,1598,1,18,MAZDA 3,6,E01016304,0,4
2024010512135,2024,010512135,1,9,0,18,19,6,2,0,0,1,5,10,1,10,1,1,6,6,1,35,6,1598,1,19,MAZDA 3,-1,-1,0,-1
2024552400498,2024,552400498,1,9,0,18,19,8,4,0,0,0,0,0,0,0,1,1,6,6,1,40,7,1598,1,15,MAZDA 3,5,E01015329,0,3
2024221463038,2024,221463038,1,9,0,-1,9,5,2,-1,0,6,0,0,0,0,3,9,-1,6,2,71,10,1998,1,9,MAZDA 3,7,W01001933,0,5
2024031492480,2024,031492480,1,9,0,-1,1,1,3,-1,0,1,0,0,0,0,2,1,-1,6,2,49,8,2183,2,11,MAZDA 3,7,E01019133,0,4
2024211433900,2024,211433900,1,9,0,-1,5,2,5,-1,0,1,0,0,0,0,1,1,-1,6,1,25,5,1999,1,19,MAZDA 3,-1,-1,0,-1
2024461499911,2024,461499911,1,9,0,-1,4,7,3,-1,0,0,0,0,0,0,1,1,-1,9,2,51,8,1998,1,9,MAZDA 3,2,E01003540,0,3
2024531481677,2024,531481677,1,9,0,-1,19,6,2,-1,0,0,0,10,0,0,3,1,-1,2,1,20,4,1598,1,15,MAZDA 3,4,E01022242,0,2
2024522401156,2024,522401156,4,9,0,2,2,0,0,0,0,2,0,0,0,0,3,1,6,6,3,-1,-1,1998,2,15,MAZDA 3,-1,-1,0,-1
2024440167204,2024,440167204,2,9,0,18,19,3,7,0,0,8,0,0,0,0,3,1,6,6,1,65,9,1598,1,16,MAZDA 3,4,E01017045,0,1
2024361407747,2024,361407747,2,9,0,-1,10,4,6,-1,0,1,0,0,0,0,1,1,-1,6,2,43,7,1598,1,12,MAZDA 3,9,E01035146,0,1
2024411539060,2024,411539060,1,9,0,-1,13,6,2,-1,0,8,0,0,0,0,1,1,-1,6,2,66,10,1598,1,16,MAZDA 3,5,E01000251,0,2
2024401399417,2024,401399417,1,9,0,-1,19,7,3,-1,0,0,0,0,7,1,3,9,-1,9,1,50,8,1598,1,17,MAZDA 3,8,E01023636,0,3
2024520002316,2024,520002316,2,9,0,7,7,5,7,0,0,8,0,0,0,0,0,1,6,6,3,-1,-1,1598,1,15,MAZDA 3,-1,-1,0,-1
2024010515353,2024,010515353,1,9,0,99,99,9,9,99,99,9,9,99,9,99,2,9,6,6,2,44,7,1998,1,10,MAZDA 3,6,E01001029,0,1
2024440329371,2024,440329371,1,9,0,18,19,2,6,0,0,0,0,0,0,0,1,1,6,6,1,24,5,1998,1,9,MAZDA 3,10,E01022694,0,1
2024131441555,2024,131441555,1,9,0,-1,9,1,4,-1,0,8,0,0,0,0,1,1,-1,9,2,57,9,1598,1,16,MAZDA 3,4,E01011794,0,2
2024552400657,2024,552400657,1,9,0,9,9,6,3,0,0,8,0,0,0,0,1,1,6,6,2,54,8,1598,1,18,MAZDA 3,4,E01015321,0,1
2024070594652,2024,070594652,1,9,0,9,9,1,5,0,0,0,0,0,0,0,3,1,2,2,1,20,4,1598,1,13,MAZDA 3,7,E01018338,0,2
2024610004924,2024,610004924,1,9,0,11,11,7,3,0,0,0,0,0,0,0,1,1,6,6,1,34,6,1998,1,6,MAZDA 3,1,W01001707,0,3
2024010534559,2024,010534559,1,9,0,99,99,9,9,99,99,9,9,99,9,99,1,9,6,6,2,42,7,1598,1,16,MAZDA 3,4,E01000132,0,1
2024041397080,2024,041397080,1,9,0,-1,19,5,1,-1,0,8,0,0,0,0,1,1,-1,9,1,68,10,1998,1,8,MAZDA 3,6,E01025419,0,1
2024411450326,2024,411450326,2,9,0,-1,5,8,2,-1,0,8,0,0,0,0,3,1,-1,9,1,81,11,1598,1,13,MAZDA 3,8,E01023625,0,3
2024131438296,2024,131438296,1,9,0,-1,11,6,2,-1,0,0,0,0,0,0,4,1,-1,6,3,-1,-1,1560,2,12,MAZDA 3,-1,-1,0,-1
2024461456710,2024,461456710,2,9,0,-1,19,7,5,-1,0,0,0,0,0,0,2,9,-1,6,1,23,5,1998,1,3,MAZDA 3,9,E01000451,0,2
2024361484753,2024,361484753,2,9,0,-1,19,1,2,-1,0,0,0,0,0,0,1,1,-1,9,1,24,5,2183,2,14,MAZDA 3,5,E01026501,0,3
2024302400711,2024,302400711,2,9,0,16,19,5,1,0,0,1,0,0,0,0,1,1,2,2,1,62,9,1998,1,2,MAZDA 3,6,E01025940,0,4
2024131488572,2024,131488572,1,9,0,-1,9,-1,-1,-1,0,2,-1,-1,-1,-1,-1,1,-1,6,3,-1,-1,1349,1,19,MAZDA 3,-1,-1,0,-1
2024161425706,2024,161425706,1,9,0,-1,19,5,1,-1,0,0,5,0,1,9,1,1,-1,2,1,61,9,1998,1,5,MAZDA 3,6,E01012953,0,3
2024531458924,2024,531458924,1,9,0,-1,19,4,8,-1,0,4,0,9,0,0,1,1,-1,9,1,36,7,1598,1,16,MAZDA 3,8,E01034802,0,4
2024041416982,2024,041416982,1,9,0,-1,7,7,3,-1,0,1,0,0,0,0,1,1,-1,9,1,26,6,1349,1,17,MAZDA 3,4,E01012729,0,1
2024061458860,2024,061458860,1,9,0,-1,5,2,8,-1,0,6,0,0,0,0,1,1,-1,6,1,51,8,1998,1,9,MAZDA 3,-1,-1,0,-1
2024010500231,2024,010500231,2,9,0,99,99,9,9,99,99,9,9,99,9,99,9,9,6,6,3,-1,-1,1598,1,17,MAZDA 3,-1,-1,0,-1
2024221477974,2024,221477974,2,9,0,-1,19,7,8,-1,0,0,0,0,0,0,1,1,-1,6,1,23,5,1598,1,15,MAZDA 3,2,E01008881,0,3
2024052400625,2024,052400625,1,9,0,9,9,3,1,0,0,1,0,0,0,0,1,1,6,6,2,61,9,1998,1,7,MAZDA 3,10,E01007188,0,1