collision_index,collision_year,collision_ref_no,vehicle_reference,vehicle_type,towing_and_articulation,vehicle_manoeuvre_historic,vehicle_manoeuvre,vehicle_direction_from,vehicle_direction_to,vehicle_location_restricted_lane_historic,vehicle_location_restricted_lane,junction_location,skidding_and_overturning,hit_object_in_carriageway,vehicle_leaving_carriageway,hit_object_off_carriageway,first_point_of_impact,vehicle_left_hand_drive,journey_purpose_of_driver_historic,journey_purpose_of_driver,sex_of_driver,age_of_driver,age_band_of_driver,engine_capacity_cc,propulsion_code,age_of_vehicle,generic_make_model,driver_imd_decile,lsoa_of_driver,escooter_flag,driver_distance_banding
2024010510047,2024,010510047,1,11,0,18,19,7,3,0,0,1,0,0,0,0,1,1,6,6,1,27,6,-1,3,4,BYD ENVIRO,5,E01000036,0,2
2024010516845,2024,010516845,1,11,0,5,5,5,1,0,0,8,0,0,0,0,1,1,1,1,2,32,6,-1,3,4,BYD ENVIRO,4,E01002015,0,2
2024010497973,2024,010497973,1,11,0,5,5,5,1,3,2,1,0,0,0,0,0,1,1,1,1,48,8,-1,3,1,BYD ENVIRO,3,E01003572,0,1
2024010507905,2024,010507905,1,11,0,4,4,7,3,2,2,2,0,0,0,0,4,1,1,1,1,35,6,-1,3,5,BYD ENVIRO,3,E01001449,0,3
2024010512203,2024,010512203,1,11,0,5,5,1,5,2,2,0,0,0,0,0,0,1,1,1,1,51,8,-1,3,1,BYD ENVIRO,3,E01003154,0,2
2024010533860,2024,010533860,1,11,0,8,8,1,4,0,0,1,0,0,0,0,3,1,1,1,1,52,8,-1,3,2,BYD ENVIRO,4,E01003530,0,3
2024010512358,2024,010512358,1,11,0,18,19,3,7,0,0,2,0,0,0,0,0,1,1,1,1,25,5,-1,3,2,BYD ENVIRO,5,E01016494,0,4
2024010538453,2024,010538453,1,11,0,18,19,3,7,2,2,0,0,0,0,0,1,1,6,6,1,21,5,-1,3,3,BYD ENVIRO,5,E01001150,0,2
2024010515162,2024,010515162,2,11,0,18,19,7,3,0,0,0,0,0,0,0,4,1,6,6,3,-1,-1,-1,3,1,BYD ENVIRO,-1,-1,0,-1
2024010511990,2024,010511990,2,11,0,9,9,1,7,0,0,0,0,0,0,0,1,1,1,1,1,44,7,-1,3,3,BYD ENVIRO,4,E01003492,0,1
2024010507102,2024,010507102,1,11,0,18,19,1,5,0,0,1,0,0,0,0,0,1,1,1,1,53,8,-1,3,1,BYD ENVIRO,3,E01003332,0,2
2024010513451,2024,010513451,2,11,0,99,99,9,9,99,99,9,9,99,9,99,1,9,6,6,3,64,9,-1,3,3,BYD ENVIRO,3,E01003589,0,3
2024010537934,2024,010537934,1,11,0,18,19,7,3,0,0,8,0,0,0,0,4,1,1,1,1,23,5,-1,3,4,BYD ENVIRO,6,E01002374,0,2
2024010492155,2024,010492155,1,11,0,18,19,3,7,0,0,1,0,0,0,0,1,1,1,1,2,49,8,-1,3,4,BYD ENVIRO,8,E01004651,0,1
2024991407220,2024,991407220,2,11,0,-1,19,7,3,-1,2,5,0,0,0,0,3,1,-1,1,1,40,7,-1,3,2,BYD ENVIRO,1,-1,0,3
2024010540800,2024,010540800,1,11,0,4,4,3,7,0,0,1,0,0,0,0,1,1,1,1,1,39,7,-1,3,0,BYD ENVIRO,2,E01003783,0,1
2024010535550,2024,010535550,1,11,0,5,5,1,5,2,2,6,0,0,0,0,0,1,1,1,1,24,5,-1,3,1,BYD ENVIRO,-1,-1,0,-1
2024010530014,2024,010530014,1,11,0,5,5,1,5,2,2,1,0,0,0,0,0,1,1,1,2,46,8,-1,3,1,BYD ENVIRO,3,E01004184,0,1
2024010537967,2024,010537967,1,11,0,5,5,1,5,2,2,6,0,0,0,0,0,1,1,1,1,22,5,-1,3,2,BYD ENVIRO,4,E01001148,0,1
2024991509219,2024,991509219,3,11,0,-1,10,1,7,-1,0,2,0,0,0,0,1,1,-1,1,1,47,8,-1,3,1,BYD ENVIRO,1,-1,0,2
2024010520423,2024,010520423,1,11,0,14,14,7,3,0,0,0,0,0,0,0,1,1,1,1,1,61,9,-1,3,3,BYD ENVIRO,-1,-1,0,-1
2024010540357,2024,010540357,1,11,0,4,4,1,5,0,0,2,0,0,0,0,0,1,1,1,1,44,7,-1,3,4,BYD ENVIRO,2,E01003933,0,2
2024131434279,2024,131434279,2,11,0,-1,19,8,4,-1,0,0,0,0,0,0,3,1,-1,1,1,64,9,-1,3,3,BYD ENVIRO,8,E01032496,0,1
2024010538732,2024,010538732,1,11,0,18,19,5,1,0,0,0,0,0,0,0,0,1,1,1,1,36,7,-1,3,0,BYD ENVIRO,6,E01003701,0,2
2024201533977,2024,201533977,2,11,0,-1,19,1,5,-1,0,8,1,0,0,0,4,1,-1,1,2,47,8,-1,3,2,BYD ENVIRO,2,E01008944,0,1
2024010546057,2024,010546057,1,11,0,99,99,9,9,99,99,9,9,99,9,99,1,9,6,6,3,-1,-1,-1,3,1,BYD ENVIRO,2,E01034476,0,2
2024010531144,2024,010531144,1,11,0,18,19,3,7,0,0,2,0,0,0,0,1,1,1,1,1,61,9,-1,3,4,BYD ENVIRO,3,E01001941,0,2
2024010513778,2024,010513778,1,11,0,10,10,4,1,3,2,1,0,0,0,0,3,1,1,1,1,57,9,-1,3,0,BYD ENVIRO,5,E01001158,0,1
2024010538791,2024,010538791,1,11,0,5,5,5,1,2,2,0,0,0,0,0,0,2,1,1,1,64,9,-1,3,5,BYD ENVIRO,2,E01001849,0,2
2024010525259,2024,010525259,1,11,0,99,99,9,9,99,99,9,9,99,9,99,4,9,6,6,1,26,6,-1,3,2,BYD ENVIRO,3,E01000308,0,1
2024010537398,2024,010537398,1,11,0,7,7,2,5,0,0,3,0,0,0,0,0,1,1,1,1,26,6,-1,3,2,BYD ENVIRO,3,E01016155,0,4
2024010500313,2024,010500313,1,11,0,16,19,5,1,0,0,3,0,0,0,0,1,1,1,1,1,61,9,-1,3,3,BYD ENVIRO,3,E01000465,0,1
2024010540241,2024,010540241,1,11,0,99,99,9,9,99,99,9,9,99,9,99,3,9,1,1,1,51,8,-1,3,3,BYD ENVIRO,5,E01000036,0,1
2024010502584,2024,010502584,1,11,0,18,19,1,5,0,0,2,0,0,0,0,4,1,1,1,1,25,5,-1,3,3,BYD ENVIRO,3,E01003917,0,2
2024201522106,2024,201522106,3,11,0,-1,3,1,5,-1,0,1,0,0,0,0,2,9,-1,1,1,-1,-1,-1,3,4,BYD ENVIRO,-1,-1,0,-1
2024010537205,2024,010537205,1,11,0,5,5,5,1,2,2,6,0,0,0,0,0,1,1,1,1,65,9,-1,3,2,BYD ENVIRO,4,E01030601,0,3
2024010526445,2024,010526445,1,11,0,5,5,5,1,0,0,1,0,0,0,0,0,1,1,1,1,56,9,-1,3,2,BYD ENVIRO,-1,-1,0,-1
2024010506657,2024,010506657,1,11,9,99,99,9,9,0,0,0,9,99,9,99,9,1,6,6,3,-1,-1,-1,3,4,BYD ENVIRO,-1,-1,0,-1
2024010512351,2024,010512351,1,11,0,1,1,5,1,0,0,2,0,0,0,0,0,1,1,1,1,26,6,-1,3,1,BYD ENVIRO,3,E01003288,0,2
2024010523503,2024,010523503,2,11,0,2,2,0,0,0,0,0,0,0,0,0,0,2,6,6,3,-1,-1,-1,3,2,BYD ENVIRO,-1,-1,0,-1
2024991419089,2024,991419089,2,11,0,-1,19,6,2,-1,0,1,0,0,0,0,1,1,-1,1,1,60,9,-1,3,2,BYD ENVIRO,-1,-1,0,-1
2024010533478,2024,010533478,2,11,0,99,99,9,9,99,99,9,9,99,9,99,9,9,6,6,1,54,8,-1,3,0,BYD ENVIRO,2,E01003488,0,1
2024010499936,2024,010499936,1,11,0,5,5,1,5,8,6,0,0,0,0,0,0,1,1,1,1,63,9,-1,3,1,BYD ENVIRO,4,E01004148,0,2
2024010500403,2024,010500403,1,11,0,4,4,1,5,0,0,0,0,0,0,0,0,1,6,6,1,28,6,-1,3,3,BYD ENVIRO,-1,-1,0,-1
2024010533885,2024,010533885,1,11,0,7,7,1,3,0,0,8,0,0,0,0,3,1,1,1,1,49,8,-1,3,1,BYD ENVIRO,8,E01004119,0,1
2024010520861,2024,010520861,1,11,0,18,19,3,7,0,0,0,0,0,0,0,1,1,1,1,1,54,8,-1,3,3,BYD ENVIRO,2,E01003324,0,2
2024010505406,2024,010505406,1,11,0,4,4,3,7,0,0,8,0,0,0,0,0,1,1,1,1,56,9,-1,3,3,BYD ENVIRO,3,E01032574,0,2
2024010529107,2024,010529107,1,11,0,18,19,1,5,0,0,0,0,0,0,0,4,1,1,1,1,51,8,-1,3,3,BYD ENVIRO,-1,-1,0,-1
2024201480815,2024,201480815,1,11,0,-1,5,5,1,-1,0,8,0,0,0,0,0,1,-1,6,1,62,9,-1,3,0,BYD ENVIRO,1,E01010375,0,3
2024010551149,2024,010551149,1,11,0,4,4,7,3,0,0,1,0,0,0,0,0,1,6,6,1,53,8,-1,3,2,BYD ENVIRO,2,E01033000,0,1
2024010550954,2024,010550954,1,11,0,18,19,7,3,0,0,0,0,0,0,0,0,1,1,1,1,56,9,-1,3,2,BYD ENVIRO,3,E01000130,0,1
2024010513738,2024,010513738,1,11,0,5,5,0,7,2,2,5,0,0,0,0,0,1,1,1,1,37,7,-1,3,4,BYD ENVIRO,5,E01002743,0,1
2024010510237,2024,010510237,1,11,0,18,19,1,5,0,0,0,0,0,0,0,1,1,1,1,1,64,9,-1,3,3,BYD ENVIRO,3,E01004064,0,2
2024010541770,2024,010541770,1,11,0,18,19,3,7,0,0,8,0,0,0,0,1,1,1,1,1,27,6,-1,3,3,BYD ENVIRO,2,E01003191,0,1
2024010511854,2024,010511854,1,11,0,5,5,5,1,0,0,8,0,0,0,0,1,1,1,1,1,55,8,-1,3,2,BYD ENVIRO,5,E01001139,0,2
2024061478433,2024,061478433,1,11,0,-1,19,0,0,-1,0,8,0,0,0,0,3,1,-1,1,1,48,8,-1,3,4,BYD ENVIRO,1,E01005117,0,2
2024010535404,2024,010535404,1,11,0,5,5,5,1,0,0,0,0,0,0,0,0,1,1,1,1,27,6,-1,3,0,BYD ENVIRO,6,E01004636,0,3
2024991480526,2024,991480526,1,11,0,-1,19,4,8,-1,0,0,0,0,0,0,1,1,-1,1,1,54,8,-1,3,3,BYD ENVIRO,3,-1,0,2
2024010518308,2024,010518308,1,11,0,9,9,3,1,0,0,8,0,0,0,0,0,1,1,1,1,41,7,-1,3,4,BYD ENVIRO,3,E01001466,0,1
2024010551427,2024,010551427,2,11,0,9,9,1,6,0,0,4,0,0,0,0,1,1,6,6,2,39,7,-1,3,2,BYD ENVIRO,5,E01002232,0,2
2024010531594,2024,010531594,1,11,0,4,4,1,5,0,0,1,0,0,0,0,2,1,1,1,2,47,8,-1,3,2,BYD ENVIRO,3,E01004471,0,1
2024010504802,2024,010504802,1,11,0,7,7,1,3,0,0,8,0,0,0,0,3,1,1,1,1,45,7,-1,3,4,BYD ENVIRO,9,E01035488,0,1
2024481563507,2024,481563507,1,11,0,-1,19,3,7,-1,0,0,0,0,0,0,4,1,-1,1,1,67,10,-1,3,5,BYD ENVIRO,-1,-1,0,-1
2024010521090,2024,010521090,1,11,0,18,19,1,5,0,0,1,0,0,0,0,0,1,6,6,1,55,8,-1,3,4,BYD ENVIRO,3,E01000054,0,2
2024010538008,2024,010538008,1,11,0,4,4,5,1,0,0,0,0,0,0,0,0,1,1,1,1,60,9,-1,3,3,BYD ENVIRO,4,E01000114,0,3
2024991449618,2024,991449618,1,11,0,-1,4,7,3,-1,0,0,0,0,0,0,4,1,-1,1,1,41,7,-1,3,1,BYD ENVIRO,4,-1,0,2
2024010522595,2024,010522595,1,11,0,4,4,7,3,2,2,1,0,0,0,0,0,1,1,1,1,55,8,-1,3,2,BYD ENVIRO,2,E01004013,0,1
2024010530765,2024,010530765,1,11,0,-1,-1,1,5,0,0,0,0,0,0,0,1,2,1,1,1,32,6,-1,3,2,BYD ENVIRO,8,E01002494,0,3
2024010549232,2024,010549232,1,11,0,4,4,1,5,0,0,2,0,0,0,0,0,1,1,1,1,54,8,-1,3,3,BYD ENVIRO,3,E01034200,0,1
2024010536068,2024,010536068,1,11,0,5,5,7,3,0,0,2,0,0,0,0,4,1,1,1,1,29,6,-1,3,2,BYD ENVIRO,8,E01001044,0,1
2024010535937,2024,010535937,3,11,0,5,5,5,1,0,0,1,0,0,0,0,3,1,1,1,1,45,7,-1,3,1,BYD ENVIRO,4,E01001887,0,1
2024010536346,2024,010536346,2,11,9,18,19,5,1,99,99,9,0,99,0,0,9,1,6,6,3,-1,-1,-1,3,4,BYD ENVIRO,-1,-1,0,-1
2024010515054,2024,010515054,2,11,0,99,99,9,9,99,99,0,9,99,9,99,1,9,6,6,3,-1,-1,-1,3,4,BYD ENVIRO,-1,-1,0,-1
2024481567009,2024,481567009,1,11,0,-1,19,1,5,-1,0,2,0,0,0,0,0,1,-1,1,1,57,9,-1,3,1,BYD ENVIRO,-1,-1,0,-1
2024010497607,2024,010497607,1,11,0,4,4,1,5,0,0,1,0,0,0,0,0,1,1,1,1,53,8,-1,3,3,BYD ENVIRO,7,E01003906,0,2
2024010544261,2024,010544261,3,11,0,99,99,9,9,99,99,9,9,99,9,99,2,9,6,6,3,-1,-1,-1,3,1,BYD ENVIRO,-1,-1,0,-1
2024481503844,2024,481503844,1,11,0,-1,2,5,1,-1,0,1,0,0,0,0,0,1,-1,1,-1,40,7,-1,3,1,BYD ENVIRO,-1,-1,0,-1
2024010505926,2024,010505926,2,11,0,2,2,0,0,0,0,2,0,0,0,0,0,1,6,6,3,-1,-1,-1,3,3,BYD ENVIRO,-1,-1,0,-1
2024010500415,2024,010500415,1,11,0,14,14,5,1,0,0,0,0,0,0,0,4,1,1,1,1,37,7,-1,3,3,BYD ENVIRO,9,E01003882,0,1
2024010507908,2024,010507908,2,11,0,18,19,5,1,0,0,1,0,4,0,0,1,1,1,1,1,60,9,-1,3,1,BYD ENVIRO,4,E01030400,0,3
2024061407729,2024,061407729,1,11,0,-1,19,1,5,-1,0,2,0,0,0,0,1,1,-1,1,-1,-1,-1,-1,3,1,BYD ENVIRO,-1,-1,0,-1
2024010540085,2024,010540085,1,11,0,18,19,1,5,0,0,6,0,0,0,0,0,1,6,6,1,74,10,-1,3,1,BYD ENVIRO,2,E01002879,0,2
2024010533475,2024,010533475,1,11,0,17,19,5,2,2,2,2,0,0,0,0,1,1,1,1,1,56,9,-1,3,1,BYD ENVIRO,4,E01003343,0,1
2024010530341,2024,010530341,1,11,0,4,4,5,1,0,0,1,0,0,0,0,0,1,1,1,2,52,8,-1,3,3,BYD ENVIRO,3,E01000043,0,1
2024010522535,2024,010522535,1,11,9,18,19,2,6,0,0,9,9,99,1,99,1,1,6,6,3,46,8,-1,3,2,BYD ENVIRO,5,E01033973,0,4
2024411432580,2024,411432580,1,11,0,-1,19,4,8,-1,0,0,0,0,0,0,4,1,-1,1,1,24,5,-1,3,2,BYD ENVIRO,4,E01002231,0,2
2024991402584,2024,991402584,1,11,0,-1,5,4,8,-1,0,0,0,1,0,0,4,1,-1,1,1,40,7,-1,3,1,BYD ENVIRO,1,-1,0,1
2024010536567,2024,010536567,1,11,0,7,7,7,1,0,0,8,0,0,0,0,4,1,1,1,1,52,8,-1,3,4,BYD ENVIRO,2,E01001955,0,1
2024010527803,2024,010527803,1,11,0,4,4,7,3,0,0,1,0,0,0,0,0,1,1,1,2,53,8,-1,3,2,BYD ENVIRO,10,E01034704,0,5
2024061438202,2024,061438202,1,11,0,-1,19,4,8,-1,0,1,0,0,0,0,1,1,-1,1,1,51,8,-1,3,4,BYD ENVIRO,9,E01006091,0,3
2024991471242,2024,991471242,1,11,0,-1,19,2,6,-1,0,2,0,0,0,0,1,1,-1,1,1,62,9,-1,3,2,BYD ENVIRO,5,-1,0,3
2024010535191,2024,010535191,1,11,0,9,9,1,6,3,2,0,0,0,0,0,0,1,1,1,1,45,7,-1,3,1,BYD ENVIRO,4,E01003734,0,1
2024010497845,2024,010497845,1,11,0,16,19,3,5,0,0,7,0,0,0,0,4,1,1,1,1,36,7,-1,3,3,BYD ENVIRO,-1,-1,0,-1
2024010523485,2024,010523485,1,11,0,7,7,1,3,0,0,8,0,0,0,0,4,1,1,1,1,42,7,-1,3,4,BYD ENVIRO,6,E01004347,0,1
2024010541476,2024,010541476,1,11,0,5,5,1,5,0,0,8,0,0,0,0,0,1,6,6,3,-1,-1,-1,3,4,BYD ENVIRO,-1,-1,0,-1
2024010544472,2024,010544472,2,11,0,3,3,3,7,0,0,1,0,0,0,0,3,1,1,1,1,38,7,-1,3,0,BYD ENVIRO,2,E01004264,0,2
2024010522852,2024,010522852,1,11,0,18,19,7,3,2,2,1,0,0,0,0,0,1,1,1,1,53,8,-1,3,1,BYD ENVIRO,1,E01033873,0,1
2024010551712,2024,010551712,1,11,0,3,3,1,5,2,2,0,0,0,0,0,0,1,1,1,1,53,8,-1,3,3,BYD ENVIRO,5,E01002640,0,2
2024010495595,2024,010495595,1,11,0,18,19,5,1,0,0,0,0,0,0,0,0,1,1,1,1,21,5,-1,3,3,BYD ENVIRO,4,E01001683,0,1
2024010516880,2024,010516880,1,11,0,4,4,1,5,0,0,2,0,0,0,0,0,1,1,1,1,39,7,-1,3,4,BYD ENVIRO,4,E01002805,0,1
2024010507288,2024,010507288,1,11,0,5,5,7,3,0,0,1,0,0,0,0,0,1,1,1,2,41,7,-1,3,3,BYD ENVIRO,2,E01032579,0,2
2024061398735,2024,061398735,1,11,0,-1,4,8,5,-1,0,0,0,0,0,0,1,1,-1,1,1,52,8,-1,3,4,BYD ENVIRO,2,E01005072,0,2
2024010542845,2024,010542845,1,11,0,-1,-1,5,1,2,2,1,0,0,0,0,0,1,1,1,1,54,8,-1,3,1,BYD ENVIRO,5,E01003084,0,1
2024010511472,2024,010511472,1,11,0,18,19,5,1,0,0,8,0,0,0,0,4,1,1,1,1,28,6,-1,3,3,BYD ENVIRO,4,E01002665,0,2
2024010548414,2024,010548414,1,11,0,5,5,5,1,0,0,8,0,0,0,0,0,1,1,1,1,45,7,-1,3,1,BYD ENVIRO,3,E01003430,0,1
2024010532513,2024,010532513,1,11,0,5,5,0,5,0,0,2,0,0,0,0,3,1,1,1,1,40,7,-1,3,1,BYD ENVIRO,4,E01004150,0,3
2024991534019,2024,991534019,1,11,0,-1,4,4,8,-1,0,0,0,0,0,0,1,1,-1,1,1,58,9,-1,3,2,BYD ENVIRO,-1,-1,0,-1
2024010533080,2024,010533080,2,11,0,5,5,3,7,0,0,8,0,7,1,10,3,1,1,1,1,56,9,-1,3,1,BYD ENVIRO,6,E01003368,0,1
2024010515968,2024,010515968,1,11,0,5,5,7,3,0,0,1,0,0,0,0,3,1,1,1,1,56,9,-1,3,3,BYD ENVIRO,2,E01000078,0,4
2024010512266,2024,010512266,1,11,0,4,4,1,5,0,0,0,0,0,0,0,3,1,1,1,1,31,6,-1,3,3,BYD ENVIRO,4,E01002304,0,2
2024010530020,2024,010530020,1,11,0,5,5,5,1,0,0,1,0,4,0,0,1,1,1,1,1,32,6,-1,3,1,BYD ENVIRO,4,E01004368,0,2
2024061405355,2024,061405355,2,11,0,-1,19,3,7,-1,0,0,0,0,0,0,1,1,-1,1,1,43,7,-1,3,1,BYD ENVIRO,1,E01004787,0,2
2024010535376,2024,010535376,1,11,0,3,3,3,7,2,2,8,0,0,0,0,0,1,1,1,1,60,9,-1,3,1,BYD ENVIRO,6,E01003359,0,4
2024010544819,2024,010544819,1,11,0,5,5,1,5,2,2,2,0,0,0,0,0,1,1,1,1,46,8,-1,3,1,BYD ENVIRO,2,E01000025,0,3
2024061437610,2024,061437610,2,11,0,-1,19,3,7,-1,0,8,0,0,0,0,1,1,-1,1,1,42,7,-1,3,0,BYD ENVIRO,1,E01005432,0,1
2024010546989,2024,010546989,1,11,0,-1,-1,5,1,2,2,1,0,0,0,0,0,1,1,1,1,21,5,-1,3,1,BYD ENVIRO,3,E01002909,0,3
2024010534079,2024,010534079,1,11,0,10,10,8,6,0,0,1,0,0,0,0,1,1,1,1,1,30,6,-1,3,1,BYD ENVIRO,4,E01004526,0,2
2024010492622,2024,010492622,1,11,0,3,3,5,1,0,0,0,0,0,0,0,0,1,1,1,1,41,7,-1,3,1,BYD ENVIRO,7,E01004153,0,2
2024010538658,2024,010538658,1,11,0,4,4,3,7,0,0,1,0,0,0,0,2,1,1,1,1,49,8,-1,3,3,BYD ENVIRO,2,E01001634,0,1
2024010524229,2024,010524229,1,11,0,4,4,5,1,0,0,1,0,0,0,0,0,1,1,1,1,38,7,-1,3,3,BYD ENVIRO,2,E01002092,0,1
2024010504743,2024,010504743,1,11,0,5,5,1,5,0,0,2,0,0,0,0,3,1,1,1,1,53,8,-1,3,5,BYD ENVIRO,4,E01001995,0,1
2024010537806,2024,010537806,1,11,0,18,19,5,1,0,0,8,0,0,0,0,1,2,1,1,1,27,6,-1,3,1,BYD ENVIRO,4,E01003441,0,1
2024010500942,2024,010500942,1,11,0,18,19,5,1,0,0,8,0,0,0,0,1,1,1,1,1,23,5,-1,3,2,BYD ENVIRO,4,E01001050,0,2
2024440077230,2024,440077230,1,10,0,18,19,7,3,0,0,0,0,0,0,0,1,1,6,6,1,65,9,1998,2,20,MAKE AND MODEL REDACTED,4,E01022540,0,4
2024471411285,2024,471411285,3,9,0,-1,2,0,0,-1,0,0,0,4,0,0,3,1,-1,6,-1,-1,-1,2199,2,13,HONDA ACCORD,-1,-1,0,-1
2024061528440,2024,061528440,1,9,0,-1,9,2,7,-1,0,0,0,0,0,0,1,1,-1,9,1,79,11,2204,2,17,HONDA ACCORD,2,E01034118,0,1
2024131526783,2024,131526783,1,9,0,-1,19,3,7,-1,0,0,0,0,0,0,1,1,-1,6,3,-1,-1,2199,2,15,HONDA ACCORD,-1,-1,0,-1
2024440020277,2024,440020277,1,9,0,18,19,4,8,0,0,0,0,0,0,0,1,1,2,2,1,30,6,1997,1,22,HONDA ACCORD,-1,-1,0,-1
2024471414634,2024,471414634,1,9,0,-1,12,5,6,-1,0,3,0,0,0,0,1,1,-1,7,2,28,6,2199,2,16,HONDA ACCORD,6,E01035326,0,1
2024010529629,2024,010529629,2,9,0,18,19,3,7,0,0,1,0,0,0,0,4,1,6,6,2,39,7,1998,1,18,HONDA ACCORD,5,E01015953,0,4
2024320549036,2024,320549036,4,9,0,-1,-1,1,5,0,0,1,0,0,1,10,1,1,-1,-1,1,44,7,2204,2,16,HONDA ACCORD,9,E01013103,0,4
2024161418878,2024,161418878,2,9,0,-1,9,4,1,-1,0,2,0,0,0,0,4,1,-1,2,1,39,7,2204,2,18,HONDA ACCORD,3,E01013319,0,1
2024371468077,2024,371468077,2,9,0,-1,19,1,5,-1,0,1,1,0,0,0,4,1,-1,9,1,26,6,1850,1,24,HONDA ACCORD,-1,-1,0,-1
2024371507331,2024,371507331,1,9,0,-1,19,2,6,-1,0,2,0,0,0,0,1,9,-1,6,3,-1,-1,1998,1,19,HONDA ACCORD,-1,-1,0,-1
2024430209517,2024,430209517,2,9,0,18,19,7,4,0,0,1,0,0,0,0,1,1,6,6,2,45,7,2354,1,19,HONDA ACCORD,-1,-1,0,-1
2024552400722,2024,552400722,1,9,0,18,19,8,4,0,0,0,2,0,7,9,4,1,6,6,1,17,4,1850,1,23,HONDA ACCORD,2,E01029239,0,4
2024371410474,2024,371410474,1,9,0,-1,9,3,4,-1,-1,0,0,0,1,9,4,9,-1,9,2,40,7,1998,1,18,HONDA ACCORD,4,E01032526,0,2
2024552401333,2024,552401333,1,9,0,5,5,5,8,0,0,8,0,0,1,4,3,1,6,6,1,85,11,1996,1,27,HONDA ACCORD,9,E01015403,0,1
2024471405038,2024,471405038,1,9,0,-1,19,5,1,-1,0,0,0,0,7,4,1,1,-1,6,1,41,7,1997,1,25,HONDA ACCORD,10,E01031502,0,3
2024471481590,2024,471481590,3,9,0,-1,4,2,8,-1,0,1,0,0,0,0,2,1,-1,9,1,34,6,1998,1,20,HONDA ACCORD,8,E01031664,0,1
2024546067324,2024,546067324,1,9,0,18,19,6,2,0,0,1,0,0,0,0,1,1,6,6,1,53,8,2199,2,13,HONDA ACCORD,7,E01032110,0,4
2024131502239,2024,131502239,1,9,0,-1,19,2,6,-1,0,8,0,0,0,0,1,1,-1,9,1,60,9,1997,7,12,HONDA ACCORD,1,E01010616,0,1
2024131426467,2024,131426467,3,9,0,-1,2,0,0,-1,0,8,1,4,0,0,2,1,-1,6,-1,-1,-1,2204,2,20,HONDA ACCORD,-1,-1,0,-1
2024010547771,2024,010547771,1,9,0,18,19,7,3,0,0,8,0,0,0,0,1,1,2,2,1,60,9,1997,1,15,HONDA ACCORD,4,E01034032,0,2
2024430278354,2024,430278354,1,9,0,7,7,5,7,0,0,3,0,0,0,0,1,1,2,2,1,39,7,1998,1,18,HONDA ACCORD,3,E01016363,0,1
2024052400149,2024,052400149,1,9,0,9,9,6,2,0,0,1,0,0,0,0,1,1,2,2,1,55,8,2204,2,16,HONDA ACCORD,9,E01027583,0,4
2024131475511,2024,131475511,1,9,0,-1,1,1,5,-1,0,0,0,0,0,0,2,1,-1,6,3,-1,-1,2199,2,11,HONDA ACCORD,-1,-1,0,-1
2024010550055,2024,010550055,2,9,0,13,13,7,3,0,0,1,0,0,0,0,1,1,6,6,3,-1,-1,1997,1,12,HONDA ACCORD,-1,-1,0,-1
2024991524624,2024,991524624,1,9,0,-1,10,1,6,-1,0,1,0,0,0,0,1,1,-1,2,2,28,6,2204,2,17,HONDA ACCORD,3,-1,0,1
2024340NN0122,2024,340NN0122,2,9,0,-1,10,4,8,-1,0,1,0,0,0,0,2,1,-1,9,2,38,7,2204,2,18,HONDA ACCORD,7,E01035394,0,3
2024471407839,2024,471407839,1,9,0,-1,19,3,7,-1,0,1,0,0,0,0,4,1,-1,9,1,57,9,2354,1,17,HONDA ACCORD,10,E01031828,0,3
2024231524328,2024,231524328,1,9,0,-1,19,3,6,-1,0,0,0,0,0,0,1,1,-1,6,2,62,9,2204,2,17,HONDA ACCORD,6,E01031160,0,1
2024052402114,2024,052402114,2,9,0,9,9,3,1,0,0,6,0,0,0,0,0,1,3,7,1,36,7,2199,2,15,HONDA ACCORD,4,E01007314,0,1
2024461445526,2024,461445526,3,9,0,-1,19,5,1,-1,0,8,0,0,0,0,1,1,-1,6,1,35,6,2199,2,15,HONDA ACCORD,2,E01032799,0,1
2024041481732,2024,041481732,2,9,0,-1,19,3,7,-1,0,0,0,0,0,0,2,1,-1,6,1,38,7,2199,2,16,HONDA ACCORD,8,E01024934,0,2
2024440014651,2024,440014651,1,9,0,17,19,6,3,0,0,0,2,0,1,4,1,1,6,6,1,79,11,1998,1,18,HONDA ACCORD,7,E01017361,0,2
2024010513383,2024,010513383,2,9,0,99,99,9,9,99,99,9,9,99,0,0,9,9,6,6,3,47,8,1997,1,22,HONDA ACCORD,4,E01034030,0,1
2024061420256,2024,061420256,1,9,0,-1,7,3,5,-1,0,0,1,0,1,11,1,1,-1,6,2,47,8,1998,1,20,HONDA ACCORD,-1,-1,0,-1
2024311460647,2024,311460647,2,9,0,-1,19,7,3,-1,0,1,0,0,0,0,1,1,-1,9,1,22,5,2199,2,11,HONDA ACCORD,6,E01028298,0,1
2024010544404,2024,010544404,1,9,0,9,9,1,6,0,0,8,0,0,0,0,2,1,6,6,1,22,5,2199,2,15,HONDA ACCORD,8,E01025808,0,5
2024061534429,2024,061534429,1,9,0,-1,9,6,2,-1,0,0,0,0,0,0,1,1,-1,2,1,33,6,1997,1,14,HONDA ACCORD,1,E01005289,0,1
2024451467104,2024,451467104,1,9,0,-1,9,7,3,-1,0,1,0,0,0,0,0,1,-1,9,2,71,10,2354,1,19,HONDA ACCORD,9,E01030782,0,1
2024520001834,2024,520001834,2,9,0,18,19,3,7,0,0,0,0,0,0,0,1,1,6,6,1,41,7,2199,2,16,HONDA ACCORD,5,E01014455,0,1
2024440468189,2024,440468189,1,9,0,18,19,5,1,0,0,1,1,0,3,4,1,1,2,2,1,26,6,2204,2,17,HONDA ACCORD,4,E01016436,0,4
2024531510206,2024,531510206,1,9,0,-1,19,7,3,-1,0,0,0,0,0,0,1,2,-1,1,1,45,7,1997,1,20,HONDA ACCORD,2,E01022320,0,1