collision_index,collision_year,collision_ref_no,vehicle_reference,vehicle_type,towing_and_articulation,vehicle_manoeuvre_historic,vehicle_manoeuvre,vehicle_direction_from,vehicle_direction_to,vehicle_location_restricted_lane_historic,vehicle_location_restricted_lane,junction_location,skidding_and_overturning,hit_object_in_carriageway,vehicle_leaving_carriageway,hit_object_off_carriageway,first_point_of_impact,vehicle_left_hand_drive,journey_purpose_of_driver_historic,journey_purpose_of_driver,sex_of_driver,age_of_driver,age_band_of_driver,engine_capacity_cc,propulsion_code,age_of_vehicle,generic_make_model,driver_imd_decile,lsoa_of_driver,escooter_flag,driver_distance_banding
2024320578158,2024,320578158,1,9,0,-1,-1,6,2,0,0,0,0,0,0,0,1,1,-1,-1,1,24,5,2199,2,15,HONDA ACCORD,1,E01016368,0,5
2024010511755,2024,010511755,2,9,0,99,99,9,9,99,99,9,9,99,9,99,1,9,6,6,3,-1,-1,1997,1,16,HONDA ACCORD,-1,-1,0,-1
2024430074500,2024,430074500,1,9,0,18,19,6,2,0,0,8,0,0,0,0,3,1,6,6,2,60,9,2204,2,18,HONDA ACCORD,10,E01035235,0,1
2024101526292,2024,101526292,1,9,0,-1,19,1,5,-1,0,0,0,0,0,0,0,1,-1,6,1,74,10,2354,1,16,HONDA ACCORD,4,E01008174,0,1
2024552400432,2024,552400432,1,9,0,7,7,4,7,0,0,4,0,0,0,0,1,1,6,6,1,34,6,2204,2,17,HONDA ACCORD,8,E01030844,0,5
2024010505146,2024,010505146,2,9,0,10,10,5,2,0,0,8,0,0,0,0,1,9,6,6,3,-1,-1,1998,1,17,HONDA ACCORD,-1,-1,0,-1
2024991399679,2024,991399679,1,9,0,-1,19,6,1,-1,0,0,0,0,0,0,4,1,-1,9,1,30,6,1998,1,18,HONDA ACCORD,9,-1,0,1
2024991483209,2024,991483209,1,9,0,-1,19,4,2,-1,0,0,1,0,7,0,1,1,-1,2,1,39,7,1997,1,16,HONDA ACCORD,3,-1,0,4
2024501502387,2024,501502387,1,9,0,-1,7,7,2,-1,0,1,0,0,0,0,1,1,-1,2,1,56,9,2204,2,17,HONDA ACCORD,5,E01019066,0,3
2024440380098,2024,440380098,1,9,0,3,3,1,5,0,0,1,0,0,0,0,2,1,6,6,2,55,8,2199,2,13,HONDA ACCORD,9,E01029205,0,4
2024340WN6672,2024,340WN6672,1,9,0,-1,19,7,3,-1,0,6,0,0,0,0,3,1,-1,6,3,-1,-1,1998,1,17,HONDA ACCORD,-1,-1,0,-1
2024461509251,2024,461509251,2,9,0,-1,19,6,2,-1,0,1,0,0,0,0,1,1,-1,9,1,63,9,1998,1,17,HONDA ACCORD,8,E01024636,0,1
2024501476603,2024,501476603,2,9,0,-1,19,-1,-1,-1,99,0,0,0,0,0,1,1,-1,6,1,-1,-1,1998,1,17,HONDA ACCORD,4,E01018929,0,1
2024991513103,2024,991513103,1,9,0,-1,9,3,8,-1,0,8,0,0,0,0,1,1,-1,9,2,62,9,1998,1,21,HONDA ACCORD,10,-1,0,1
2024010524641,2024,010524641,2,9,9,99,99,9,9,99,99,9,9,99,9,99,9,9,6,6,3,-1,-1,2354,1,16,HONDA ACCORD,-1,-1,0,-1
2024010506606,2024,010506606,2,9,0,3,3,5,1,0,0,2,0,0,0,0,1,1,6,6,2,61,9,2354,1,18,HONDA ACCORD,3,E01001969,0,1
2024221476493,2024,221476493,1,9,0,-1,19,3,7,-1,0,0,1,0,1,0,1,1,-1,1,1,51,8,2204,2,17,HONDA ACCORD,9,E01029718,0,4
2024010504299,2024,010504299,1,9,0,18,19,7,3,0,0,0,0,0,0,0,2,1,6,6,1,38,7,1998,1,20,HONDA ACCORD,2,E01001461,0,1
2024010505281,2024,010505281,3,9,0,2,2,0,0,0,0,0,0,0,0,0,4,1,6,6,3,-1,-1,1998,1,20,HONDA ACCORD,-1,-1,0,-1
2024411399544,2024,411399544,2,9,0,-1,11,4,6,-1,0,1,5,0,7,4,3,9,-1,7,1,36,7,1998,1,19,HONDA ACCORD,6,E01023491,0,2
2024520401678,2024,520401678,1,9,0,9,9,6,2,0,0,0,0,0,0,0,3,1,6,6,1,66,10,2199,2,15,HONDA ACCORD,4,E01020496,0,3
2024401451294,2024,401451294,2,9,0,-1,19,3,7,-1,0,8,0,0,0,0,1,1,-1,9,1,42,7,2204,2,18,HONDA ACCORD,9,E01034426,0,2
2024041446374,2024,041446374,1,9,0,-1,9,3,1,-1,0,8,0,0,0,0,4,1,-1,6,1,36,7,2199,2,15,HONDA ACCORD,1,E01012622,0,1
2024471531850,2024,471531850,1,9,0,-1,19,5,1,-1,0,0,1,0,7,9,1,1,-1,9,1,78,11,1997,1,13,HONDA ACCORD,9,E01031395,0,1
2024471454856,2024,471454856,2,9,0,-1,19,5,1,-1,0,0,0,0,0,0,1,1,-1,9,1,20,4,2204,2,18,HONDA ACCORD,2,E01034827,0,3
2024501501993,2024,501501993,2,9,0,-1,19,1,5,-1,0,0,0,0,8,0,1,1,-1,6,1,51,8,1997,1,16,HONDA ACCORD,6,E01019039,0,2
2024631473996,2024,631473996,3,9,0,-1,19,7,4,-1,0,1,0,0,0,0,3,1,-1,9,2,34,6,2199,2,12,HONDA ACCORD,3,E01025094,0,5
2024010526663,2024,010526663,1,9,0,7,7,5,7,0,0,6,0,0,0,0,1,1,2,2,1,54,8,1998,1,17,HONDA ACCORD,5,E01001276,0,1
2024461471859,2024,461471859,2,9,0,-1,19,7,3,-1,0,0,1,0,7,4,1,1,-1,2,2,37,7,2204,2,20,HONDA ACCORD,8,E01024438,0,2
2024041497131,2024,041497131,3,9,0,-1,2,0,0,-1,0,1,0,0,0,0,4,1,-1,6,-1,-1,-1,2204,2,16,HONDA ACCORD,-1,-1,0,-1
2024522402295,2024,522402295,4,9,0,2,2,0,0,0,0,0,0,0,0,0,3,1,6,6,3,-1,-1,1997,1,20,HONDA ACCORD,-1,-1,0,-1
2024440546822,2024,440546822,1,9,0,4,4,7,4,0,0,7,0,0,1,7,2,1,2,2,1,32,6,1998,1,20,HONDA ACCORD,4,E01022817,0,3
2024531473175,2024,531473175,2,9,0,-1,19,5,1,-1,0,4,0,0,0,0,4,1,-1,9,1,38,7,2199,2,14,HONDA ACCORD,9,E01022353,0,2
2024351438705,2024,351438705,1,9,-1,-1,19,4,1,-1,0,1,0,0,0,0,1,9,-1,6,1,65,9,2199,2,14,HONDA ACCORD,2,E01018143,0,4
2024520401748,2024,520401748,3,9,0,13,13,1,5,0,0,0,0,0,0,0,1,1,6,6,2,45,7,2199,2,16,HONDA ACCORD,8,E01029142,0,2
2024461532366,2024,461532366,2,9,0,-1,19,3,7,-1,0,0,0,0,0,0,2,1,-1,9,1,68,10,2199,2,12,HONDA ACCORD,10,E01024722,0,3
2024211483354,2024,211483354,1,9,0,-1,1,4,6,-1,0,2,0,0,0,0,2,1,-1,6,1,55,8,2199,2,15,HONDA ACCORD,-1,-1,0,-1
2024351535928,2024,351535928,2,9,0,-1,9,5,1,-1,0,1,0,0,0,0,1,1,-1,6,2,21,5,1998,1,18,HONDA ACCORD,2,E01017946,0,1
2024351443051,2024,351443051,2,9,0,-1,19,1,5,-1,0,0,0,0,1,0,4,1,-1,6,1,46,8,2199,2,15,HONDA ACCORD,5,E01033174,0,3
2024122400738,2024,122400738,2,9,0,16,19,2,6,0,0,0,0,0,0,0,1,1,2,2,1,19,4,2000,1,22,HONDA ACCORD,6,E01027559,0,1
2024371452275,2024,371452275,1,9,0,-1,19,5,1,-1,0,0,0,0,0,0,1,1,-1,2,1,24,5,1998,1,21,HONDA ACCORD,6,E01034561,0,2
2024010549143,2024,010549143,2,9,0,2,2,0,0,0,0,0,0,0,0,0,2,1,6,6,3,-1,-1,1997,1,23,HONDA ACCORD,-1,-1,0,-1
2024471423865,2024,471423865,2,9,0,-1,5,0,1,-1,0,1,0,0,0,0,3,1,-1,6,1,38,7,2199,2,15,HONDA ACCORD,1,E01020984,0,1
2024411487677,2024,411487677,2,9,0,-1,19,6,2,-1,0,4,0,0,0,0,4,1,-1,6,1,57,9,2354,1,21,HONDA ACCORD,7,E01023932,0,3
2024610037724,2024,610037724,2,9,0,18,19,3,7,0,0,4,0,0,0,0,1,1,1,1,1,37,7,1997,1,20,HONDA ACCORD,3,W01001444,0,3
2024010534898,2024,010534898,1,9,0,18,19,1,5,0,0,8,0,0,0,0,1,1,6,6,1,40,7,1998,1,20,HONDA ACCORD,-1,-1,0,-1
2024041446613,2024,041446613,1,9,0,-1,19,3,7,-1,0,0,1,0,5,4,1,1,-1,2,1,29,6,2199,2,16,HONDA ACCORD,8,E01027586,0,4
2024421466687,2024,421466687,1,9,0,-1,9,2,8,-1,0,8,0,0,0,0,1,1,-1,9,2,57,9,2354,1,18,HONDA ACCORD,6,E01021689,0,1
2024440243912,2024,440243912,2,9,0,3,3,8,4,0,0,2,0,0,0,0,2,1,2,2,1,56,9,2199,2,14,HONDA ACCORD,10,E01022869,0,2
2024010515250,2024,010515250,1,9,0,18,19,2,6,0,0,0,0,0,0,0,1,1,6,6,1,36,7,2204,2,17,HONDA ACCORD,7,E01002203,0,1
2024531445273,2024,531445273,3,2,0,-1,10,7,3,-1,0,8,0,0,0,0,0,1,-1,9,1,16,4,49,1,38,MAKE AND MODEL REDACTED,5,E01022383,0,1
2024031515630,2024,031515630,2,9,0,-1,19,3,7,-1,0,0,0,0,0,0,3,1,-1,2,1,32,6,2254,1,25,MAKE AND MODEL REDACTED,2,E01019206,0,4
2024542381924,2024,542381924,1,5,0,13,13,7,3,0,0,1,2,0,7,0,4,1,6,6,1,59,9,1084,1,23,MAKE AND MODEL REDACTED,5,E01031925,0,1
2024461494175,2024,461494175,1,3,0,-1,19,1,5,-1,0,1,1,0,7,0,4,1,-1,6,1,38,7,1084,1,27,MAKE AND MODEL REDACTED,2,E01024670,0,1
2024531496454,2024,531496454,2,5,0,-1,3,2,4,-1,0,6,5,0,0,0,2,1,-1,2,1,70,10,1085,1,25,MAKE AND MODEL REDACTED,4,E01022124,0,3
2024320134156,2024,320134156,2,5,0,-1,-1,3,7,0,0,1,5,0,7,0,1,1,1,1,1,52,8,1084,1,23,MAKE AND MODEL REDACTED,1,E01026048,0,1
2024131406790,2024,131406790,2,5,0,-1,19,5,1,-1,0,1,0,0,0,0,4,1,-1,2,1,28,6,1084,1,27,MAKE AND MODEL REDACTED,2,E01011872,0,2
2024421458410,2024,421458410,1,5,0,-1,19,1,5,-1,0,0,0,0,1,0,1,1,-1,9,1,70,10,1084,1,27,MAKE AND MODEL REDACTED,2,E01022038,0,4
2024471486009,2024,471486009,1,5,0,-1,13,5,1,-1,0,1,5,0,7,10,4,1,-1,9,1,59,9,1099,1,34,MAKE AND MODEL REDACTED,6,E01031782,0,4
2024440500060,2024,440500060,2,5,0,18,19,3,7,0,0,8,0,0,0,0,1,1,6,6,1,-1,-1,1312,1,17,MAKE AND MODEL REDACTED,1,E01017037,0,1
2024131424234,2024,131424234,1,5,0,-1,19,1,5,-1,0,2,0,0,1,11,1,1,-1,9,1,67,10,1312,1,16,MAKE AND MODEL REDACTED,3,E01011843,0,1
2024522402430,2024,522402430,1,9,0,7,7,6,1,0,0,5,0,0,0,0,3,1,6,6,1,30,6,998,1,0,MAKE AND MODEL REDACTED,7,E01014504,0,1
2024010523219,2024,010523219,2,98,9,99,99,9,9,99,99,0,9,99,9,99,9,9,6,6,3,-1,-1,5193,2,0,ISUZU TRUCKS FORWARD,-1,-1,0,-1
2024421475763,2024,421475763,2,21,0,-1,19,2,6,-1,0,0,0,0,0,0,1,1,-1,1,1,37,7,5193,2,2,ISUZU TRUCKS FORWARD,7,E01015977,0,3
2024461476598,2024,461476598,3,90,0,-1,19,5,1,-1,0,0,0,0,0,0,3,9,-1,9,-1,45,7,-1,-1,-1,ISUZU TRUCKS FORWARD,5,E01019083,0,5
202417L201124,2024,17L201124,2,19,0,18,19,4,8,0,0,0,0,0,0,0,1,1,1,1,1,35,6,5193,2,1,ISUZU TRUCKS FORWARD,2,E01020793,0,4
2024340WN3212,2024,340WN3212,1,20,0,-1,19,3,7,-1,0,1,0,0,0,0,1,1,-1,1,1,-1,-1,2999,2,1,ISUZU TRUCKS FORWARD,-1,-1,0,-1
2024131469711,2024,131469711,2,21,0,-1,19,8,4,-1,0,8,0,0,0,0,2,1,-1,1,1,40,7,5193,2,4,ISUZU TRUCKS FORWARD,4,E01006851,0,4
2024211522289,2024,211522289,2,20,0,-1,5,3,7,-1,0,4,0,0,0,0,3,1,-1,1,1,-1,-1,5193,2,3,ISUZU TRUCKS FORWARD,-1,-1,0,-1
202460Q013680,2024,60Q013680,2,20,0,2,2,0,0,0,0,1,0,0,0,0,0,1,1,1,1,51,8,-1,-1,-1,ISUZU TRUCKS FORWARD,-1,-1,0,-1
2024501405479,2024,501405479,1,19,0,-1,19,3,8,-1,0,8,0,0,0,0,3,1,-1,1,1,47,8,5193,2,1,ISUZU TRUCKS FORWARD,7,E01034622,0,4
2024010540852,2024,010540852,1,21,4,99,99,9,9,99,99,9,9,99,9,99,9,9,6,6,1,56,9,5193,2,0,ISUZU TRUCKS FORWARD,9,E01016247,0,4
2024430629196,2024,430629196,1,21,0,5,5,2,6,0,0,6,0,0,0,0,4,1,1,1,3,-1,-1,5193,2,1,ISUZU TRUCKS FORWARD,-1,-1,0,-1
2024631488155,2024,631488155,1,21,0,-1,19,5,1,-1,0,0,1,4,0,0,1,1,-1,9,1,54,8,-1,-1,-1,ISUZU TRUCKS FORWARD,6,W01000433,0,2
2024501522950,2024,501522950,5,21,0,-1,2,0,0,-1,0,0,0,0,0,0,3,1,-1,1,1,-1,-1,5193,2,1,ISUZU TRUCKS FORWARD,-1,-1,0,-1
2024440302222,2024,440302222,4,21,0,18,19,3,7,0,0,0,0,0,0,0,1,1,1,1,1,56,9,2999,2,6,ISUZU TRUCKS FORWARD,1,E01017120,0,1
2024411522032,2024,411522032,1,98,0,-1,19,1,5,-1,0,0,0,0,0,0,1,1,-1,1,1,52,8,5193,2,3,ISUZU TRUCKS FORWARD,2,E01023641,0,2
2024552401201,2024,552401201,1,20,0,2,2,0,0,0,0,0,0,0,0,0,3,1,6,6,1,61,9,5193,2,2,ISUZU TRUCKS FORWARD,7,E01015354,0,1
2024461451393,2024,461451393,4,20,0,-1,3,4,8,-1,0,4,0,0,0,0,3,1,-1,1,1,62,9,2999,2,8,ISUZU TRUCKS FORWARD,4,E01033745,0,4
2024010521820,2024,010521820,1,21,2,9,9,5,2,0,0,2,0,0,0,0,4,1,1,1,1,53,8,2999,2,3,ISUZU TRUCKS FORWARD,8,E01034990,0,4
2024201480435,2024,201480435,2,20,0,-1,3,3,6,-1,0,3,0,0,0,0,3,1,-1,1,1,41,7,-1,-1,-1,ISUZU TRUCKS FORWARD,1,E01008905,0,1
2024451421669,2024,451421669,1,98,0,-1,19,7,3,-1,0,0,0,0,0,0,1,1,-1,6,3,50,8,5193,2,10,ISUZU TRUCKS FORWARD,-1,-1,0,-1
2024141410724,2024,141410724,2,98,0,-1,19,5,1,-1,0,0,0,0,0,0,4,1,-1,1,1,34,6,5193,2,2,ISUZU TRUCKS FORWARD,7,E01011561,0,4
2024221443539,2024,221443539,2,21,0,-1,19,6,1,-1,0,0,0,0,0,0,3,9,-1,1,1,54,8,5193,2,4,ISUZU TRUCKS FORWARD,3,E01012539,0,4
2024141494842,2024,141494842,2,98,0,-1,4,2,6,-1,0,0,0,0,0,0,2,1,-1,1,1,48,8,5193,2,10,ISUZU TRUCKS FORWARD,1,E01011764,0,3
2024451478182,2024,451478182,2,98,0,-1,19,1,5,-1,0,0,0,0,0,0,1,1,-1,1,1,53,8,5193,2,7,ISUZU TRUCKS FORWARD,2,E01001021,0,3
2024430528620,2024,430528620,2,20,0,18,19,2,6,0,0,8,0,0,0,0,1,1,1,1,1,34,6,5193,2,1,ISUZU TRUCKS FORWARD,-1,-1,0,-1
2024421408209,2024,421408209,2,19,0,-1,19,2,6,-1,0,0,0,0,0,0,2,1,-1,1,1,50,8,-1,-1,-1,ISUZU TRUCKS FORWARD,6,E01021298,0,4
2024501501815,2024,501501815,2,20,0,-1,4,4,8,-1,0,0,0,0,0,0,1,2,-1,1,1,39,7,-1,-1,-1,ISUZU TRUCKS FORWARD,1,E01018767,0,3
2024451528642,2024,451528642,2,90,0,-1,19,-1,-1,-1,0,3,9,99,0,0,1,1,-1,6,1,-1,-1,5193,2,3,ISUZU TRUCKS FORWARD,-1,-1,0,-1
2024070764616,2024,070764616,2,20,0,-1,5,3,7,-1,-1,1,0,0,0,0,1,1,-1,6,1,52,8,2999,2,1,ISUZU TRUCKS FORWARD,7,W01000313,0,4
2024430484340,2024,430484340,2,21,1,18,19,8,4,0,0,0,0,0,0,0,2,1,1,1,1,50,8,5193,2,2,ISUZU TRUCKS FORWARD,7,E01027306,0,4
2024631455415,2024,631455415,2,20,4,-1,19,6,2,-1,0,0,0,0,0,0,1,1,-1,1,1,29,6,-1,-1,-1,ISUZU TRUCKS FORWARD,6,W01000487,0,4
2024411433475,2024,411433475,1,98,0,-1,19,1,5,-1,0,0,0,0,0,0,4,1,-1,6,2,20,4,5193,2,4,ISUZU TRUCKS FORWARD,5,E01021833,0,4
2024471395825,2024,471395825,3,20,0,-1,19,8,4,-1,0,0,0,0,0,0,2,1,-1,1,1,37,7,5193,2,1,ISUZU TRUCKS FORWARD,2,E01000739,0,4
2024052400802,2024,052400802,2,21,0,18,19,6,2,0,0,8,0,0,0,0,3,1,1,1,3,-1,-1,2999,2,3,ISUZU TRUCKS FORWARD,-1,-1,0,-1
2024430199400,2024,430199400,1,21,0,13,13,6,2,0,0,0,0,0,0,0,4,1,1,1,1,49,8,5193,2,1,ISUZU TRUCKS FORWARD,1,E01014654,0,5
2024552400427,2024,552400427,2,20,4,18,19,8,4,0,0,0,0,0,1,10,3,1,1,1,1,34,6,5193,2,7,ISUZU TRUCKS FORWARD,1,E01015307,0,4
2024010513975,2024,010513975,2,19,0,18,19,5,1,0,0,1,0,0,0,0,1,1,6,6,1,51,8,2999,2,5,ISUZU TRUCKS FORWARD,8,E01000342,0,1
2024010509632,2024,010509632,2,19,0,3,3,3,7,9,9,1,0,0,0,0,2,1,1,1,1,75,10,5193,2,6,ISUZU TRUCKS FORWARD,2,E01001959,0,2
2024451480774,2024,451480774,1,98,0,-1,19,4,8,-1,0,1,0,0,0,0,1,1,-1,1,1,45,7,5193,2,3,ISUZU TRUCKS FORWARD,7,E01023335,0,4
2024010489975,2024,010489975,1,90,0,18,19,5,1,0,0,0,0,0,0,0,1,1,1,1,1,48,8,5193,2,11,ISUZU TRUCKS FORWARD,3,E01001170,0,1
2024332401012,2024,332401012,2,20,4,-1,19,4,8,-1,0,0,4,0,7,9,1,1,-1,1,1,42,7,2999,2,10,ISUZU TRUCKS GRAFTER,9,E01025883,0,2
2024231517779,2024,231517779,2,19,0,-1,19,3,7,-1,0,8,1,0,0,0,3,1,-1,9,1,29,6,1898,2,0,ISUZU TRUCKS GRAFTER,9,E01027006,0,2
2024991525192,2024,991525192,1,19,0,-1,1,7,1,-1,0,0,0,0,1,0,3,1,-1,1,1,33,6,1898,2,1,ISUZU TRUCKS GRAFTER,1,-1,0,4
2024421514646,2024,421514646,1,20,4,-1,19,7,4,-1,0,1,0,0,0,0,3,1,-1,1,1,28,6,1898,2,5,ISUZU TRUCKS GRAFTER,8,E01021582,0,2
2024141453038,2024,141453038,1,19,0,-1,-1,2,8,-1,-1,6,0,0,0,0,-1,1,-1,-1,3,-1,-1,1898,2,2,ISUZU TRUCKS GRAFTER,-1,-1,0,-1
2024421403632,2024,421403632,2,19,0,-1,19,7,3,-1,0,2,0,0,0,0,2,9,-1,2,1,37,7,1898,2,1,ISUZU TRUCKS GRAFTER,5,E01021420,0,3
2024010515335,2024,010515335,2,90,0,18,19,1,5,0,0,3,0,0,0,0,2,1,1,1,1,48,8,-1,-1,-1,ISUZU TRUCKS GRAFTER,6,E01001248,0,2
2024501456332,2024,501456332,2,19,0,-1,19,3,7,-1,0,1,0,0,0,0,1,9,-1,1,1,30,6,1898,2,5,ISUZU TRUCKS GRAFTER,4,E01018988,0,2
2024131394772,2024,131394772,2,19,0,-1,7,5,7,-1,0,1,0,0,0,0,4,1,-1,1,1,41,7,1898,2,5,ISUZU TRUCKS GRAFTER,6,E01010643,0,1
2024361502011,2024,361502011,1,19,4,-1,13,-1,-1,-1,0,0,0,0,0,0,-1,9,-1,1,2,32,6,2999,2,3,ISUZU TRUCKS GRAFTER,1,E01026868,0,2
2024320195503,2024,320195503,2,19,0,9,9,7,5,0,0,5,0,0,0,0,3,1,1,1,1,56,9,1898,2,2,ISUZU TRUCKS GRAFTER,2,E01026156,0,4
2024430055896,2024,430055896,3,19,0,18,19,3,7,0,0,0,0,0,0,0,2,1,6,6,1,29,6,1898,2,2,ISUZU TRUCKS GRAFTER,7,E01002181,0,4
2024041509604,2024,041509604,2,19,0,-1,9,5,3,-1,0,0,0,0,0,0,3,1,-1,1,1,31,6,1898,2,3,ISUZU TRUCKS GRAFTER,2,E01006033,0,4
2024041443591,2024,041443591,2,19,0,-1,4,7,3,-1,0,8,0,0,0,0,1,1,-1,1,1,61,9,1898,2,3,ISUZU TRUCKS GRAFTER,3,E01025071,0,2
2024302401237,2024,302401237,2,19,4,2,2,0,0,0,0,0,0,0,0,0,2,1,6,6,3,-1,-1,1898,2,4,ISUZU TRUCKS GRAFTER,-1,-1,0,-1
2024131453019,2024,131453019,1,19,0,-1,4,3,7,-1,0,8,0,0,0,0,3,1,-1,1,1,48,8,1898,2,5,ISUZU TRUCKS GRAFTER,1,E01010654,0,1
2024041428526,2024,041428526,2,19,0,-1,19,7,3,-1,0,1,0,0,0,0,1,1,-1,1,2,63,9,1898,2,5,ISUZU TRUCKS GRAFTER,9,E01024997,0,1
2024351435264,2024,351435264,1,21,4,-1,4,5,1,-1,-1,1,2,0,0,0,3,1,-1,2,1,37,7,1898,2,1,ISUZU TRUCKS GRAFTER,10,E01018134,0,4
2024552401420,2024,552401420,2,20,0,2,2,0,0,0,0,0,0,0,0,0,2,1,1,1,3,-1,-1,1898,2,1,ISUZU TRUCKS GRAFTER,-1,-1,0,-1
2024552400799,2024,552400799,3,19,0,4,4,6,2,0,0,0,0,0,0,0,0,1,1,1,1,35,6,1898,2,0,ISUZU TRUCKS GRAFTER,7,E01015418,0,1
2024351443938,2024,351443938,3,19,0,-1,4,5,1,-1,0,0,0,0,0,0,2,1,-1,1,1,51,8,1898,2,5,ISUZU TRUCKS GRAFTER,6,E01018300,0,3
2024552400768,2024,552400768,3,19,0,3,3,2,6,0,0,0,0,0,0,0,2,1,1,1,1,56,9,1898,2,2,ISUZU TRUCKS GRAFTER,7,E01020424,0,2
2024131526581,2024,131526581,2,19,0,-1,2,0,0,-1,0,1,0,0,0,0,2,1,-1,6,-1,-1,-1,1898,2,0,ISUZU TRUCKS GRAFTER,-1,-1,0,-1
2024471481497,2024,471481497,2,19,0,-1,4,1,5,-1,0,0,0,0,0,0,2,1,-1,1,1,59,9,1898,2,1,ISUZU TRUCKS GRAFTER,6,E01024763,0,4
2024501473550,2024,501473550,1,19,0,-1,19,3,7,-1,0,1,0,0,0,0,1,1,-1,1,1,31,6,2999,2,10,ISUZU TRUCKS GRAFTER,2,E01018897,0,3
2024010524294,2024,010524294,1,19,0,3,3,1,5,0,0,0,0,0,0,0,2,1,6,6,1,54,8,1898,2,4,ISUZU TRUCKS GRAFTER,2,E01001263,0,1
2024351495720,2024,351495720,2,19,0,-1,19,3,7,-1,0,1,0,0,0,0,1,1,-1,6,1,30,6,1898,2,1,ISUZU TRUCKS GRAFTER,4,E01018086,0,4
2024552400347,2024,552400347,1,19,0,18,19,4,8,0,0,0,0,0,0,0,1,1,1,1,1,58,9,1898,2,5,ISUZU TRUCKS GRAFTER,7,E01015387,0,2
2024010539427,2024,010539427,2,19,9,99,99,9,9,0,0,9,0,0,0,0,9,1,6,6,3,-1,-1,-1,-1,-1,ISUZU TRUCKS GRAFTER,-1,-1,0,-1
2024440516189,2024,440516189,2,20,0,9,9,3,8,0,0,8,0,0,0,0,4,1,1,1,1,37,7,1898,2,0,ISUZU TRUCKS GRAFTER,2,E01017322,0,1
2024501454096,2024,501454096,2,20,0,-1,19,7,3,-1,0,1,1,0,0,0,4,1,-1,2,1,36,7,2999,2,3,ISUZU TRUCKS GRAFTER,4,E01020307,0,2
2024461492464,2024,461492464,3,19,0,-1,3,7,3,-1,0,0,0,0,0,0,3,9,-1,1,3,-1,-1,1898,2,5,ISUZU TRUCKS GRAFTER,-1,-1,0,-1
2024052401659,2024,052401659,2,19,0,5,5,5,1,0,0,0,0,0,0,0,4,1,1,1,1,50,8,1898,2,3,ISUZU TRUCKS GRAFTER,1,E01006616,0,1
2024332400066,2024,332400066,1,19,0,-1,4,3,7,-1,0,1,0,0,0,0,2,1,-1,1,2,25,5,1898,2,2,ISUZU TRUCKS GRAFTER,8,E01035086,0,4
2024501395592,2024,501395592,2,20,0,-1,19,3,7,-1,0,0,2,0,7,10,3,1,-1,9,1,58,9,1898,2,3,ISUZU TRUCKS GRAFTER,5,E01020137,0,4
2024501494215,2024,501494215,2,20,0,-1,19,3,8,-1,0,0,5,6,7,0,4,1,-1,1,1,53,8,2999,2,11,ISUZU TRUCKS GRAFTER,4,E01018881,0,4
2024522500095,2024,522500095,1,19,0,12,12,1,5,0,0,0,0,0,0,0,3,1,6,6,1,42,7,1898,2,2,ISUZU TRUCKS GRAFTER,3,E01014600,0,1
2024221530563,2024,221530563,2,20,0,-1,4,2,6,-1,0,2,0,0,0,0,2,1,-1,1,1,65,9,1898,2,2,ISUZU TRUCKS GRAFTER,4,E01032409,0,1
2024010549008,2024,010549008,1,90,4,5,5,0,1,0,0,8,0,0,0,0,1,1,1,1,1,28,6,-1,-1,-1,ISUZU TRUCKS GRAFTER,1,E01001410,0,3
2024440009865,2024,440009865,1,20,0,18,19,6,2,0,0,0,2,0,2,11,1,1,1,1,1,42,7,1898,2,1,ISUZU TRUCKS GRAFTER,1,E01015312,0,3
2024991515094,2024,991515094,2,19,0,-1,19,8,5,-1,0,0,0,0,0,0,1,9,-1,1,1,33,6,1898,2,2,ISUZU TRUCKS GRAFTER,5,-1,0,4
2024501427449,2024,501427449,1,19,0,-1,6,2,2,-1,0,0,0,0,0,0,3,1,-1,9,1,36,7,1898,2,4,ISUZU TRUCKS GRAFTER,5,E01020046,0,4
2024631498687,2024,631498687,4,19,0,-1,19,2,6,-1,0,1,0,0,0,0,1,1,-1,1,1,32,6,1898,2,0,ISUZU TRUCKS GRAFTER,5,W01001263,0,5
2024031423046,2024,031423046,1,19,0,-1,5,7,3,-1,0,0,2,0,1,0,1,1,-1,1,1,19,4,2999,2,6,ISUZU TRUCKS GRAFTER,6,E01019096,0,2
2024302401280,2024,302401280,1,5,0,18,19,5,1,0,0,0,0,0,0,0,1,1,6,6,1,-1,-1,651,1,16,MAKE AND MODEL REDACTED,4,E01008088,0,4
2024552400412,2024,552400412,2,17,0,17,19,7,4,0,0,8,5,0,1,2,2,1,1,1,1,56,9,1642,2,1,MAKE AND MODEL REDACTED,1,E01015281,0,2
2024351538821,2024,351538821,2,17,0,-1,19,2,6,-1,0,0,0,0,0,0,2,1,-1,1,1,41,7,1116,2,5,MAKE AND MODEL REDACTED,4,E01035537,0,1
2024302400542,2024,302400542,2,90,0,18,19,1,5,0,0,0,0,0,0,0,2,1,1,1,1,24,5,1642,2,1,MAKE AND MODEL REDACTED,7,E01019612,0,4