collision_index,collision_year,collision_ref_no,vehicle_reference,vehicle_type,towing_and_articulation,vehicle_manoeuvre_historic,vehicle_manoeuvre,vehicle_direction_from,vehicle_direction_to,vehicle_location_restricted_lane_historic,vehicle_location_restricted_lane,junction_location,skidding_and_overturning,hit_object_in_carriageway,vehicle_leaving_carriageway,hit_object_off_carriageway,first_point_of_impact,vehicle_left_hand_drive,journey_purpose_of_driver_historic,journey_purpose_of_driver,sex_of_driver,age_of_driver,age_band_of_driver,engine_capacity_cc,propulsion_code,age_of_vehicle,generic_make_model,driver_imd_decile,lsoa_of_driver,escooter_flag,driver_distance_banding
2024631428062,2024,631428062,1,9,0,-1,19,3,6,-1,0,0,0,0,0,0,3,1,-1,9,2,43,7,1995,2,8,BMW 2 SERIES,8,W01000555,0,2
2024010526906,2024,010526906,1,9,0,4,4,5,1,0,0,0,0,0,0,0,0,1,6,6,1,41,7,1998,1,5,BMW 2 SERIES,3,E01003607,0,1
2024010515795,2024,010515795,1,9,0,14,14,7,3,0,0,1,0,0,0,0,1,1,1,1,1,25,5,1499,1,3,BMW 2 SERIES,-1,-1,0,-1
2024010509509,2024,010509509,1,9,0,4,4,5,1,0,0,1,0,0,0,0,0,1,2,2,1,38,7,1499,1,4,BMW 2 SERIES,5,E01001677,0,2
2024010531229,2024,010531229,1,9,0,99,99,9,9,99,99,9,9,99,9,99,9,9,6,6,3,-1,-1,1995,2,7,BMW 2 SERIES,8,E01004507,0,1
2024421503216,2024,421503216,3,9,0,-1,20,4,1,-1,0,0,0,0,0,0,1,1,-1,9,1,21,5,1499,1,7,BMW 2 SERIES,9,E01015858,0,3
2024991424035,2024,991424035,2,9,0,-1,19,7,4,-1,0,2,0,0,0,0,1,1,-1,9,1,68,10,1499,1,5,BMW 2 SERIES,7,-1,0,2
2024471463979,2024,471463979,1,9,0,-1,3,7,3,-1,0,4,0,0,0,0,1,1,-1,2,1,38,7,1998,1,0,BMW 2 SERIES,6,E01034822,0,1
2024010549689,2024,010549689,1,9,0,18,19,3,7,0,0,1,0,0,0,0,1,2,3,7,2,43,7,1998,1,5,BMW 2 SERIES,-1,-1,0,-1
2024430556901,2024,430556901,1,9,0,18,19,0,0,0,0,7,0,0,0,0,1,1,6,6,2,48,8,1499,1,6,BMW 2 SERIES,6,E01001952,0,4
2024010540777,2024,010540777,1,8,0,99,99,9,9,99,99,0,9,99,9,99,3,9,6,6,1,51,8,1995,2,6,BMW 2 SERIES,5,E01003527,0,2
2024010526164,2024,010526164,2,9,0,17,19,1,5,0,0,4,1,0,0,0,4,1,6,6,2,27,6,1995,2,7,BMW 2 SERIES,4,E01003733,0,3
2024440323515,2024,440323515,2,9,0,4,4,2,6,0,0,0,0,0,0,0,2,1,6,6,1,38,7,1998,1,7,BMW 2 SERIES,-1,-1,0,-1
2024161531332,2024,161531332,1,9,0,-1,19,5,2,-1,0,1,0,0,0,0,2,1,-1,1,2,32,6,1499,1,5,BMW 2 SERIES,4,E01011778,0,4
2024371455331,2024,371455331,2,9,0,-1,19,-1,-1,-1,0,1,0,0,0,0,1,1,-1,9,2,-1,-1,1496,2,8,BMW 2 SERIES,4,E01030208,0,2
2024041505002,2024,041505002,2,9,0,-1,4,1,1,-1,0,2,0,0,0,0,2,1,-1,2,1,49,8,1995,2,8,BMW 2 SERIES,2,E01025244,0,1
2024010544848,2024,010544848,3,9,0,99,99,9,9,99,99,9,9,99,9,99,2,9,2,2,1,49,8,1499,1,8,BMW 2 SERIES,5,E01000554,0,1
2024041444404,2024,041444404,1,9,0,-1,6,5,3,-1,0,0,0,0,0,0,3,1,-1,9,1,54,8,1499,1,6,BMW 2 SERIES,1,E01012702,0,1
2024010550296,2024,010550296,1,9,0,99,99,9,9,99,99,0,9,99,9,99,2,9,6,6,2,49,8,1499,1,8,BMW 2 SERIES,5,E01002186,0,1
2024010551357,2024,010551357,1,9,0,99,99,9,9,99,99,9,9,99,9,99,1,9,2,2,1,30,6,1499,8,6,BMW 2 SERIES,1,E01033456,0,1
2024201476222,2024,201476222,2,9,0,-1,19,8,4,-1,0,8,0,0,0,0,1,1,-1,6,2,27,6,1995,2,4,BMW 2 SERIES,9,E01010391,0,2
2024302401113,2024,302401113,2,9,0,3,3,4,8,0,0,1,0,0,0,0,2,1,6,6,2,22,5,1499,1,9,BMW 2 SERIES,10,E01013461,0,1
2024010529826,2024,010529826,1,9,0,99,99,9,9,99,99,9,9,99,9,99,1,9,2,2,1,58,9,1499,1,5,BMW 2 SERIES,7,E01003647,0,3
2024052402204,2024,052402204,2,9,0,3,3,7,3,0,0,8,0,0,0,0,2,1,6,6,2,65,9,1995,2,7,BMW 2 SERIES,8,E01006824,0,1
2024401460363,2024,401460363,1,9,0,-1,19,3,7,-1,0,0,1,0,1,0,1,1,-1,6,1,22,5,1998,1,1,BMW 2 SERIES,4,E01015784,0,2
2024543836324,2024,543836324,2,9,0,18,19,7,3,0,0,8,0,0,0,0,3,1,6,6,2,25,5,1995,2,8,BMW 2 SERIES,4,E01015502,0,2
2024440002727,2024,440002727,1,9,0,3,3,8,4,0,0,0,0,0,0,0,2,1,6,6,2,50,8,1499,1,3,BMW 2 SERIES,10,E01016196,0,1
2024010501002,2024,010501002,2,9,0,18,19,5,1,0,0,2,0,0,0,0,2,1,2,2,2,33,6,1499,1,3,BMW 2 SERIES,4,E01004568,0,3
2024131483896,2024,131483896,2,9,0,-1,19,5,1,-1,0,0,0,0,0,0,1,1,-1,9,1,48,8,1499,8,8,BMW 2 SERIES,8,E01011643,0,1
2024052401273,2024,052401273,3,9,0,18,19,4,8,0,0,0,0,0,0,0,1,1,6,6,1,45,7,1499,1,1,BMW 2 SERIES,2,E01007205,0,3
2024010515685,2024,010515685,1,9,0,17,19,5,1,0,0,0,0,0,0,0,1,1,6,6,1,36,7,1998,1,8,BMW 2 SERIES,4,E01003513,0,1
2024010526419,2024,010526419,1,9,0,7,7,5,7,0,0,6,0,0,0,0,1,1,6,6,1,47,8,1499,1,8,BMW 2 SERIES,3,E01001650,0,4
2024010523970,2024,010523970,2,9,0,99,99,9,9,99,99,9,9,99,9,99,9,9,6,6,3,-1,-1,1499,1,2,BMW 2 SERIES,2,E01004209,0,1
2024010505354,2024,010505354,2,9,0,99,99,9,9,99,99,9,9,99,9,99,3,9,6,6,3,-1,-1,1499,8,2,BMW 2 SERIES,-1,-1,0,-1
2024010521174,2024,010521174,2,9,9,99,99,9,9,99,99,0,9,99,9,99,9,9,6,6,3,-1,-1,1998,1,7,BMW 2 SERIES,-1,-1,0,-1
2024461520783,2024,461520783,3,9,0,-1,4,4,8,-1,0,0,0,0,0,0,1,1,-1,9,1,42,7,1499,1,6,BMW 2 SERIES,9,E01000456,0,3
2024010502213,2024,010502213,1,9,0,5,5,5,1,0,0,4,0,0,0,0,1,1,1,1,2,47,8,1499,1,4,BMW 2 SERIES,2,E01001911,0,4
2024010504746,2024,010504746,2,9,0,99,99,9,9,99,99,9,9,99,9,99,9,9,6,6,3,-1,-1,1499,1,6,BMW 2 SERIES,-1,-1,0,-1
2024010498162,2024,010498162,1,9,0,7,7,3,5,0,0,8,0,0,0,0,3,1,6,6,1,34,6,1499,1,1,BMW 2 SERIES,-1,-1,0,-1
2024461525430,2024,461525430,1,9,0,-1,19,5,1,-1,0,0,0,0,0,0,2,1,-1,9,2,58,9,1499,1,5,BMW 2 SERIES,5,E01035298,0,1
2024010543682,2024,010543682,2,9,0,7,7,8,3,0,0,8,0,0,0,0,1,1,6,6,1,34,6,1499,1,2,BMW 2 SERIES,3,E01034142,0,1
2024010545084,2024,010545084,1,9,0,99,99,9,9,99,99,9,9,99,9,99,1,9,6,6,1,26,6,1499,1,2,BMW 2 SERIES,3,E01004341,0,1
2024010540978,2024,010540978,1,9,0,99,99,9,9,99,99,9,9,99,9,99,1,9,6,6,2,43,7,1499,1,9,BMW 2 SERIES,8,E01003655,0,3
2024010506578,2024,010506578,4,9,0,2,2,0,0,0,0,1,0,0,0,0,2,1,6,6,3,-1,-1,1998,1,6,BMW 2 SERIES,-1,-1,0,-1
2024061434296,2024,061434296,2,9,0,-1,3,3,7,-1,0,1,0,0,0,0,2,1,-1,2,2,25,5,1499,1,4,BMW 2 SERIES,3,E01006388,0,3
2024070034701,2024,070034701,2,9,0,18,19,5,1,0,0,8,1,0,1,11,1,1,6,6,1,25,5,1499,1,7,BMW 2 SERIES,6,E01018399,0,3
2024201528332,2024,201528332,2,9,0,-1,3,8,4,-1,0,8,0,0,0,0,2,1,-1,6,2,40,7,1499,1,4,BMW 2 SERIES,1,E01009101,0,2
2024131461774,2024,131461774,2,9,0,-1,19,8,4,-1,0,0,0,0,0,0,3,1,-1,9,2,38,7,1499,1,2,BMW 2 SERIES,1,E01011032,0,1
2024010504459,2024,010504459,2,9,0,18,19,3,7,0,0,8,0,0,0,0,1,1,1,1,1,23,5,1499,1,4,BMW 2 SERIES,2,E01003507,0,1
2024201436854,2024,201436854,1,9,0,-1,19,3,7,-1,0,0,0,0,0,0,3,9,-1,9,1,28,6,1995,2,7,BMW 2 SERIES,1,E01009345,0,1
2024522401154,2024,522401154,2,9,0,18,19,6,2,0,0,0,0,0,0,0,2,1,6,6,1,37,7,1995,2,9,BMW 2 SERIES,4,E01003532,0,5
2024010531407,2024,010531407,2,9,9,99,99,9,9,99,99,9,9,99,9,99,9,9,6,6,3,-1,-1,1499,1,7,BMW 2 SERIES,-1,-1,0,-1
2024311422627,2024,311422627,2,9,0,-1,19,4,7,-1,0,4,0,0,0,0,1,2,-1,1,2,24,5,1995,2,9,BMW 2 SERIES,-1,-1,0,-1
2024440024224,2024,440024224,1,9,0,9,9,8,6,0,0,2,0,0,0,0,1,1,6,6,2,46,8,1499,1,2,BMW 2 SERIES,9,E01022757,0,1
2024010529007,2024,010529007,3,9,0,2,2,0,0,5,5,1,0,0,0,0,2,1,6,6,3,-1,-1,1995,2,9,BMW 2 SERIES,-1,-1,0,-1
2024010511763,2024,010511763,1,9,0,18,19,7,3,0,0,2,0,0,0,0,2,1,6,6,2,45,7,1995,2,6,BMW 2 SERIES,2,E01000386,0,1
2024211496991,2024,211496991,2,9,0,-1,19,5,1,-1,0,0,0,0,0,0,4,1,-1,6,1,25,5,1499,1,2,BMW 2 SERIES,4,E01029588,0,1
2024010499785,2024,010499785,2,9,0,18,19,1,5,0,0,4,0,0,0,0,0,2,6,6,3,43,7,1998,1,5,BMW 2 SERIES,2,E01003346,0,3
2024131469047,2024,131469047,2,9,0,-1,19,1,5,-1,0,0,0,0,0,0,3,1,-1,2,1,53,8,1995,2,4,BMW 2 SERIES,9,E01011177,0,1
2024010551309,2024,010551309,1,9,0,14,14,6,2,0,0,8,0,0,0,0,1,1,6,6,1,38,7,1499,1,0,BMW 2 SERIES,7,E01004442,0,2
2024010518711,2024,010518711,3,9,0,18,19,8,4,0,0,1,0,0,0,0,2,1,6,6,2,44,7,1499,1,7,BMW 2 SERIES,7,E01000797,0,1
2024440059730,2024,440059730,1,9,0,7,7,1,3,0,0,6,0,0,0,0,1,1,2,2,1,77,11,1995,2,6,BMW 2 SERIES,9,E01022767,0,1
2024052402428,2024,052402428,2,9,0,18,19,5,1,0,0,8,0,0,0,0,1,1,6,6,1,44,7,1995,2,5,BMW 2 SERIES,3,E01006719,0,1
2024010497982,2024,010497982,1,9,0,18,19,8,4,0,0,0,9,99,0,0,1,1,6,6,1,24,5,1998,1,3,BMW 2 SERIES,-1,-1,0,-1
2024052400269,2024,052400269,2,9,0,18,19,5,1,0,0,3,0,0,0,0,4,1,2,2,1,45,7,1499,1,3,BMW 2 SERIES,3,E01006916,0,1
2024340WN3042,2024,340WN3042,1,9,0,-1,19,5,1,-1,0,2,0,0,0,0,1,1,-1,2,2,48,8,1995,2,9,BMW 2 SERIES,3,E01027173,0,1
2024122401258,2024,122401258,2,9,0,4,4,6,2,0,0,2,0,0,0,0,2,1,6,6,2,23,5,1499,1,4,BMW 2 SERIES,1,E01025218,0,3
2024131508858,2024,131508858,2,9,0,-1,19,1,5,-1,0,8,0,2,0,0,2,1,-1,9,1,62,9,1995,2,8,BMW 2 SERIES,9,E01011557,0,2
2024010489994,2024,010489994,2,9,0,99,99,9,9,99,99,6,9,99,9,99,9,9,6,6,3,27,6,1499,1,4,BMW 2 SERIES,3,E01001502,0,3
2024111535969,2024,111535969,1,9,0,-1,5,7,3,-1,0,4,0,0,0,0,1,1,-1,9,1,57,9,1499,1,5,BMW 2 SERIES,10,E01011213,0,5
2024010520070,2024,010520070,2,9,0,9,9,2,7,0,0,1,0,0,0,0,1,1,2,2,2,40,7,1998,1,5,BMW 2 SERIES,9,E01003901,0,1
2024010521315,2024,010521315,2,9,0,99,99,9,9,99,99,9,9,99,9,99,9,9,6,6,1,26,6,1997,1,10,BMW 2 SERIES,8,E01003678,0,1
2024430571417,2024,430571417,2,9,0,4,4,6,2,0,0,0,0,0,0,0,2,1,2,2,1,56,9,1995,2,3,BMW 2 SERIES,7,E01033860,0,3
2024520403066,2024,520403066,1,9,0,18,19,3,7,0,0,8,0,0,0,0,1,1,6,6,1,57,9,1499,1,6,BMW 2 SERIES,3,E01015041,0,5
2024471471897,2024,471471897,2,9,0,-1,4,2,6,-1,0,0,0,0,0,0,2,1,-1,6,2,30,6,1499,1,6,BMW 2 SERIES,10,E01031425,0,3
2024340NN4502,2024,340NN4502,1,9,0,-1,19,5,1,-1,0,0,1,2,0,1,1,1,-1,9,1,22,5,1499,1,9,BMW 2 SERIES,8,E01027346,0,2
2024201521477,2024,201521477,2,9,0,-1,2,0,0,-1,0,0,0,0,0,0,4,1,-1,6,1,30,6,1496,2,8,BMW 2 SERIES,-1,-1,0,-1
2024070717932,2024,070717932,1,9,0,-1,12,1,5,-1,0,0,2,0,5,6,3,1,-1,6,1,28,6,1499,1,9,BMW 2 SERIES,2,E01007205,0,4
2024471407001,2024,471407001,2,9,0,-1,4,2,6,-1,0,0,0,0,0,0,2,1,-1,2,1,24,5,1995,2,7,BMW 2 SERIES,10,E01031824,0,3
2024010529480,2024,010529480,1,9,0,7,7,3,5,0,0,1,0,0,0,0,4,1,6,6,2,41,7,1499,1,4,BMW 2 SERIES,9,E01000440,0,1
2024552401278,2024,552401278,1,9,0,15,15,1,5,0,0,0,2,0,2,10,4,1,6,6,1,26,6,1995,2,8,BMW 2 SERIES,1,E01015338,0,2
2024351504894,2024,351504894,2,9,0,-1,19,8,6,-1,0,0,0,0,0,0,1,1,-1,9,1,53,8,1499,1,1,BMW 2 SERIES,2,E01035538,0,3
2024471400532,2024,471400532,2,9,0,-1,8,1,4,-1,0,1,0,0,0,0,3,1,-1,6,2,61,9,1499,1,1,BMW 2 SERIES,7,E01021009,0,1
2024101403785,2024,101403785,1,9,0,-1,5,7,3,-1,0,1,0,0,0,0,3,1,-1,9,2,30,6,1496,2,9,BMW 2 SERIES,1,E01027429,0,1
2024070355595,2024,070355595,3,9,0,4,4,7,3,0,0,0,0,0,0,0,2,1,6,6,1,28,6,1499,1,7,BMW 2 SERIES,10,E01018320,0,4
2024141398095,2024,141398095,2,9,0,-1,19,1,5,-1,0,0,1,0,0,0,1,1,-1,9,1,20,4,1499,1,4,BMW 2 SERIES,1,E01007732,0,2
2024501501806,2024,501501806,2,9,0,-1,5,1,5,-1,0,6,0,0,0,0,1,1,-1,9,2,36,7,1995,2,9,BMW 2 SERIES,1,E01015030,0,2
2024131463171,2024,131463171,5,9,0,-1,19,3,7,-1,0,0,0,0,0,0,2,1,-1,9,1,36,7,1995,2,5,BMW 2 SERIES,10,E01011948,0,2
2024010541498,2024,010541498,2,9,0,3,3,5,1,0,0,5,0,4,0,0,1,1,6,6,3,23,5,1499,1,7,BMW 2 SERIES,-1,-1,0,-1
2024461510706,2024,461510706,3,9,0,-1,2,0,0,-1,0,0,0,0,0,0,2,9,-1,6,3,19,4,1998,1,1,BMW 2 SERIES,-1,-1,0,-1
2024010498354,2024,010498354,2,9,0,99,99,9,9,99,99,9,9,99,9,99,9,9,6,6,3,-1,-1,1499,1,4,BMW 2 SERIES,-1,-1,0,-1
2024070073650,2024,070073650,1,9,0,7,7,5,7,0,0,3,1,0,1,0,1,1,1,1,1,32,6,1499,1,4,BMW 2 SERIES,-1,-1,0,-1
2024411418109,2024,411418109,1,9,0,-1,19,7,3,-1,0,1,0,0,7,4,3,1,-1,6,2,63,9,1995,2,4,BMW 2 SERIES,10,E01023700,0,1
2024201481418,2024,201481418,3,9,0,-1,2,0,0,-1,0,8,0,0,0,0,2,1,-1,9,1,21,5,1995,2,10,BMW 2 SERIES,10,E01029674,0,1
2024010504871,2024,010504871,1,9,0,6,6,1,1,0,0,0,0,0,0,0,1,1,6,6,1,31,6,1499,1,2,BMW 2 SERIES,5,E01003028,0,2
2024010499928,2024,010499928,2,9,0,18,19,5,1,0,0,0,0,0,0,0,1,1,6,6,2,55,8,1499,8,5,BMW 2 SERIES,9,E01002996,0,1
2024461459194,2024,461459194,1,9,0,-1,7,3,1,-1,0,5,0,0,7,0,4,1,-1,2,2,58,9,1499,1,6,BMW 2 SERIES,4,E01024339,0,1
2024010536702,2024,010536702,2,9,0,18,19,7,3,0,0,1,0,0,0,0,1,1,6,6,1,32,6,1499,1,3,BMW 2 SERIES,6,E01002882,0,1
2024451453657,2024,451453657,3,9,0,-1,19,1,5,-1,0,0,0,0,0,0,1,1,-1,2,2,38,7,1499,8,8,BMW 2 SERIES,6,E01004551,0,4
2024411488988,2024,411488988,2,9,0,-1,4,7,3,-1,0,0,0,0,0,0,2,1,-1,6,1,24,5,1499,1,1,BMW 2 SERIES,5,E01023687,0,1
2024041491687,2024,041491687,1,9,0,-1,19,5,1,-1,0,0,0,0,0,0,4,1,-1,1,2,39,7,1995,2,7,BMW 2 SERIES,7,E01012718,0,1
2024010523015,2024,010523015,2,9,0,18,19,7,3,0,0,8,0,0,0,0,1,1,6,6,1,33,6,1499,1,5,BMW 2 SERIES,-1,-1,0,-1
2024031433223,2024,031433223,1,9,0,-1,19,1,5,-1,0,8,0,0,0,0,1,1,-1,1,1,45,7,1995,2,4,BMW 2 SERIES,-1,-1,0,-1
2024522402548,2024,522402548,2,9,0,9,9,6,4,0,0,8,0,0,0,0,4,1,6,6,2,19,4,1499,1,9,BMW 2 SERIES,9,E01014816,0,1
2024991412473,2024,991412473,2,9,0,-1,9,7,6,-1,0,8,0,0,0,0,1,1,-1,7,2,53,8,1995,2,4,BMW 2 SERIES,9,-1,0,3
2024010550552,2024,010550552,1,9,0,99,99,9,9,99,99,9,9,99,9,99,9,9,6,6,2,44,7,1499,1,5,BMW 2 SERIES,6,E01003741,0,1
2024211498370,2024,211498370,2,9,0,-1,19,7,7,-1,0,0,0,0,0,0,3,1,-1,9,2,30,6,1496,2,7,BMW 2 SERIES,5,E01014304,0,2
2024421456698,2024,421456698,2,9,0,-1,2,6,1,-1,0,0,0,0,0,0,2,1,-1,6,-1,-1,-1,1499,1,4,BMW 2 SERIES,-1,-1,0,-1
2024461421100,2024,461421100,1,9,0,-1,19,3,7,-1,0,0,0,0,0,0,3,9,-1,9,1,59,9,1998,1,6,BMW 2 SERIES,6,E01000824,0,4
2024421512272,2024,421512272,1,9,0,-1,19,2,8,-1,0,1,0,0,0,0,1,1,-1,6,2,20,4,1995,2,8,BMW 2 SERIES,4,E01029892,0,3
2024061457188,2024,061457188,3,9,0,-1,19,7,3,-1,0,0,0,0,0,0,1,1,-1,1,1,37,7,1499,1,3,BMW 2 SERIES,3,E01006282,0,3
2024471491699,2024,471491699,1,9,0,-1,19,3,7,-1,0,0,1,0,1,4,3,1,-1,6,1,36,7,1499,1,0,BMW 2 SERIES,8,E01031677,0,3
2024131415783,2024,131415783,2,9,0,-1,19,1,1,-1,0,1,0,0,0,0,1,1,-1,1,1,71,10,1995,2,7,BMW 2 SERIES,-1,-1,0,-1
2024461426046,2024,461426046,1,9,0,-1,19,3,7,-1,0,8,0,0,0,0,3,1,-1,9,1,20,4,1499,1,6,BMW 2 SERIES,3,E01024570,0,2
2024010498301,2024,010498301,1,9,0,7,7,7,1,0,0,8,0,0,0,0,0,1,6,6,2,52,8,1499,1,5,BMW 2 SERIES,-1,-1,0,-1
2024311473591,2024,311473591,1,9,0,-1,19,8,4,-1,0,1,0,0,0,0,1,1,-1,6,2,50,8,1995,2,6,BMW 2 SERIES,7,E01028374,0,1
2024421448415,2024,421448415,3,9,0,-1,19,3,5,-1,0,1,0,0,0,0,1,1,-1,9,1,25,5,1995,2,8,BMW 2 SERIES,3,E01001449,0,1
2024010530678,2024,010530678,1,9,9,99,99,9,9,99,99,9,5,99,9,99,9,9,6,6,3,-1,-1,1995,2,8,BMW 2 SERIES,-1,-1,0,-1
2024101407474,2024,101407474,1,9,0,-1,19,1,5,-1,0,4,0,0,0,0,1,1,-1,6,1,27,6,1499,1,7,BMW 2 SERIES,9,E01020692,0,4
2024430472116,2024,430472116,1,9,0,9,9,8,6,0,0,5,0,0,0,0,3,1,6,6,1,38,7,1995,2,8,BMW 2 SERIES,5,E01016494,0,1
2024231433133,2024,231433133,1,9,0,-1,19,4,1,-1,0,0,0,0,0,0,1,9,-1,9,1,28,6,1998,1,6,BMW 2 SERIES,7,E01031206,0,1
2024371427534,2024,371427534,1,9,0,-1,19,1,5,-1,0,1,0,0,0,0,1,1,-1,9,1,24,5,1995,2,9,BMW 2 SERIES,9,E01029999,0,1
2024052400744,2024,052400744,2,9,0,18,19,2,6,0,0,8,0,0,0,0,1,1,6,6,2,32,6,1499,1,4,BMW 2 SERIES,1,E01006467,0,1
2024141483665,2024,141483665,3,9,0,-1,19,1,5,-1,0,8,0,0,0,0,1,1,-1,9,2,66,10,1995,2,7,BMW 2 SERIES,4,E01007819,0,1
2024552400697,2024,552400697,1,9,0,18,19,5,1,0,0,0,5,0,1,4,1,1,2,2,1,20,4,1499,1,6,BMW 2 SERIES,6,E01032037,0,3
2024010511271,2024,010511271,3,9,0,6,6,1,1,0,0,8,0,0,0,0,2,1,6,6,1,34,6,1499,1,8,BMW 2 SERIES,2,E01001196,0,2
2024211441560,2024,211441560,2,9,0,-1,19,2,6,-1,0,1,0,0,0,0,3,9,-1,1,2,22,5,1995,2,6,BMW 2 SERIES,5,E01029540,0,3
2024070315979,2024,070315979,1,9,0,18,19,1,5,0,0,4,0,0,0,0,1,1,6,6,1,60,9,1995,2,5,BMW 2 SERIES,9,E01012502,0,1
2024430579108,2024,430579108,1,9,0,18,19,4,8,0,0,0,0,0,1,11,1,1,6,6,2,27,6,1499,1,4,BMW 2 SERIES,10,E01017876,0,1
2024010545763,2024,010545763,2,9,0,6,6,3,3,0,0,1,0,0,0,0,1,1,2,2,1,24,5,1995,2,8,BMW 2 SERIES,-1,-1,0,-1
2024010504699,2024,010504699,1,9,0,99,99,9,9,99,99,0,9,99,9,99,2,9,6,6,1,29,6,1499,1,3,BMW 2 SERIES,6,E01023305,0,3
2024141520239,2024,141520239,1,9,0,-1,19,5,1,-1,0,0,1,10,0,0,1,1,-1,9,2,33,6,1499,1,3,BMW 2 SERIES,3,E01004460,0,5
2024010510195,2024,010510195,1,9,0,3,3,3,7,0,0,2,0,0,0,0,4,1,2,2,2,65,9,1998,1,6,BMW 2 SERIES,8,E01018224,0,4
2024010547489,2024,010547489,2,9,0,2,2,0,0,0,0,0,0,0,0,0,1,1,6,6,3,-1,-1,1499,8,5,BMW 2 SERIES,-1,-1,0,-1
2024201511269,2024,201511269,2,9,0,-1,5,4,8,-1,0,6,0,0,0,0,1,1,-1,6,1,43,7,1499,1,4,BMW 2 SERIES,9,E01032860,0,5
2024201512906,2024,201512906,2,9,0,-1,3,1,5,-1,0,8,0,0,0,0,2,1,-1,1,2,51,8,1499,1,3,BMW 2 SERIES,8,E01009697,0,1
2024991458491,2024,991458491,2,9,0,-1,19,7,3,-1,0,4,0,0,0,0,1,1,-1,6,2,33,6,1995,2,3,BMW 2 SERIES,-1,-1,0,-1
2024141498606,2024,141498606,1,9,0,-1,19,7,3,-1,0,0,0,0,0,0,3,1,-1,7,2,34,6,1998,1,5,BMW 2 SERIES,3,E01007541,0,1
2024311431609,2024,311431609,1,9,0,-1,19,2,5,-1,0,0,0,0,7,4,1,1,-1,6,1,31,6,1997,1,9,BMW 2 SERIES,8,E01028417,0,4
2024411447274,2024,411447274,2,9,0,-1,19,3,7,-1,0,0,0,0,0,0,1,1,-1,6,1,54,8,1499,8,7,BMW 2 SERIES,7,E01023704,0,2
2024340NN1512,2024,340NN1512,2,9,0,-1,3,1,5,-1,0,0,0,0,0,0,2,1,-1,9,1,24,5,1995,2,8,BMW 2 SERIES,8,E01027071,0,2
2024101469706,2024,101469706,1,9,0,-1,19,1,5,-1,0,0,0,0,1,0,1,1,-1,2,1,55,8,1499,1,5,BMW 2 SERIES,4,E01027362,0,1
2024201399116,2024,201399116,1,9,0,-1,9,1,7,-1,0,5,0,0,0,0,4,1,-1,6,1,33,6,1995,2,8,BMW 2 SERIES,-1,-1,0,-1
2024010489883,2024,010489883,2,9,0,9,9,5,3,0,0,5,0,0,0,0,0,1,6,6,1,22,5,1499,1,5,BMW 2 SERIES,5,E01001677,0,1
2024211443800,2024,211443800,3,9,0,-1,19,8,3,-1,0,0,0,0,1,0,2,1,-1,6,1,35,6,1499,1,1,BMW 2 SERIES,-1,-1,0,-1
2024211514496,2024,211514496,1,9,0,-1,3,0,0,-1,0,1,0,0,0,0,1,1,-1,6,2,46,8,1995,2,6,BMW 2 SERIES,7,E01029719,0,1
2024401416713,2024,401416713,2,9,0,-1,3,2,7,-1,0,1,0,0,0,0,2,9,-1,2,2,37,7,1496,2,8,BMW 2 SERIES,2,E01015773,0,2
2024101481261,2024,101481261,1,9,0,-1,3,1,4,-1,0,0,0,0,0,0,1,1,-1,9,1,67,10,1995,2,7,BMW 2 SERIES,6,E01020714,0,4
2024371419877,2024,371419877,2,9,0,-1,19,5,3,-1,0,1,0,0,0,0,3,1,-1,9,2,27,6,1995,2,6,BMW 2 SERIES,6,E01029880,0,1
2024010500717,2024,010500717,1,9,0,9,9,7,6,0,0,6,0,0,0,0,3,1,6,6,1,72,10,1995,2,7,BMW 2 SERIES,5,E01000747,0,1
2024430239991,2024,430239991,1,9,0,18,19,1,4,0,0,1,0,0,0,0,4,1,1,1,2,58,9,1499,1,1,BMW 2 SERIES,8,E01028808,0,1
2024440090712,2024,440090712,1,9,0,4,4,6,2,0,0,0,0,0,0,0,2,1,2,2,1,56,9,1995,2,2,BMW 2 SERIES,5,E01029081,0,4
2024320102544,2024,320102544,2,9,0,-1,-1,6,2,0,0,8,0,0,0,0,1,1,-1,-1,2,71,10,1499,1,5,BMW 2 SERIES,5,E01026221,0,2
2024522402596,2024,522402596,1,9,0,12,12,5,1,0,0,7,0,0,0,0,3,1,6,6,1,21,5,1499,1,0,BMW 2 SERIES,1,E01010239,0,5
2024451534389,2024,451534389,2,9,0,-1,19,7,3,-1,0,0,1,0,5,0,4,1,-1,2,2,29,6,1499,1,7,BMW 2 SERIES,2,E01024135,0,4
2024010539520,2024,010539520,1,9,4,4,4,7,3,0,0,1,0,0,0,0,1,1,6,6,2,28,6,1499,1,4,BMW 2 SERIES,7,E01033928,0,2
2024010547037,2024,010547037,1,9,0,5,5,1,5,0,0,1,0,0,1,0,3,1,6,6,2,25,5,1499,1,0,BMW 2 SERIES,3,E01004033,0,2
2024401441019,2024,401441019,1,9,0,-1,19,5,1,-1,0,0,0,0,0,0,1,1,-1,1,1,38,7,1499,1,7,BMW 2 SERIES,9,E01017432,0,1
2024041511774,2024,041511774,1,9,0,-1,13,5,1,-1,9,1,2,11,1,1,1,1,-1,9,1,18,4,1995,2,8,BMW 2 SERIES,7,E01025576,0,2
2024010498581,2024,010498581,2,9,0,9,9,4,1,0,0,6,0,0,0,0,3,1,6,6,2,71,10,1499,1,4,BMW 2 SERIES,-1,-1,0,-1