collision_index,collision_year,collision_ref_no,vehicle_reference,vehicle_type,towing_and_articulation,vehicle_manoeuvre_historic,vehicle_manoeuvre,vehicle_direction_from,vehicle_direction_to,vehicle_location_restricted_lane_historic,vehicle_location_restricted_lane,junction_location,skidding_and_overturning,hit_object_in_carriageway,vehicle_leaving_carriageway,hit_object_off_carriageway,first_point_of_impact,vehicle_left_hand_drive,journey_purpose_of_driver_historic,journey_purpose_of_driver,sex_of_driver,age_of_driver,age_band_of_driver,engine_capacity_cc,propulsion_code,age_of_vehicle,generic_make_model,driver_imd_decile,lsoa_of_driver,escooter_flag,driver_distance_banding
2024201502598,2024,201502598,2,9,0,-1,9,5,3,-1,0,5,0,0,0,0,3,1,-1,6,1,24,5,1995,2,10,BMW 2 SERIES,3,E01009834,0,3
2024451478182,2024,451478182,1,9,0,-1,4,1,5,-1,0,0,0,0,0,0,2,1,-1,9,1,27,6,1499,1,7,BMW 2 SERIES,5,E01030531,0,1
2024401466992,2024,401466992,1,9,0,-1,19,3,7,-1,0,0,1,0,7,9,1,1,-1,2,1,44,7,1496,2,9,BMW 2 SERIES,8,E01034451,0,1
202417L203224,2024,17L203224,1,9,0,18,19,8,4,0,0,0,0,0,0,0,1,1,6,6,2,27,6,1499,8,0,BMW 2 SERIES,4,E01012167,0,1
2024531518358,2024,531518358,2,9,0,-1,19,4,8,-1,0,1,0,0,0,0,1,1,-1,9,1,52,8,1499,8,6,BMW 2 SERIES,10,E01022382,0,1
2024522401770,2024,522401770,3,9,0,18,19,4,8,0,0,8,0,0,0,0,1,1,6,6,1,54,8,1995,2,6,BMW 2 SERIES,10,E01014901,0,3
2024631414841,2024,631414841,2,9,0,-1,4,2,6,-1,0,1,0,0,0,0,4,2,-1,1,1,27,6,1499,1,6,BMW 2 SERIES,3,W01000732,0,1
2024070934649,2024,070934649,1,9,0,-1,4,1,5,-1,0,0,0,0,0,0,1,1,-1,9,2,34,6,1995,2,10,BMW 2 SERIES,10,E01028534,0,5
2024991412917,2024,991412917,1,9,0,-1,12,7,3,-1,0,0,0,0,4,6,3,1,-1,9,1,27,6,1995,2,10,BMW 2 SERIES,3,E01006246,0,5
2024010509285,2024,010509285,1,9,0,18,19,7,3,0,0,4,0,0,0,0,1,1,6,6,2,37,7,1995,2,7,BMW 2 SERIES,3,E01000381,0,1
2024371476373,2024,371476373,2,9,0,-1,19,1,5,-1,0,1,0,0,0,0,2,1,-1,9,1,43,7,1496,2,4,BMW 2 SERIES,6,E01034547,0,5
2024111435918,2024,111435918,2,9,0,-1,1,3,7,-1,0,1,0,0,0,0,4,9,-1,7,2,37,7,1499,1,8,BMW 2 SERIES,9,E01020708,0,1
2024010535054,2024,010535054,2,9,0,99,99,9,9,99,99,9,9,99,9,99,9,9,6,6,3,43,7,1496,2,8,BMW 2 SERIES,4,E01003333,0,2
2024201530392,2024,201530392,4,9,0,-1,19,1,5,-1,0,0,1,0,0,0,2,1,-1,9,1,66,10,1499,1,4,BMW 2 SERIES,1,E01009360,0,1
2024010508579,2024,010508579,1,9,0,1,1,5,1,0,0,2,0,0,0,0,2,1,6,6,1,33,6,1499,1,3,BMW 2 SERIES,-1,-1,0,-1
2024302400327,2024,302400327,1,9,0,9,9,5,3,0,0,8,0,0,0,0,3,1,6,6,2,28,6,1995,2,10,BMW 2 SERIES,2,E01013510,0,1
2024010546757,2024,010546757,2,9,0,18,19,7,3,0,0,5,0,0,1,0,1,1,6,6,2,27,6,1499,1,9,BMW 2 SERIES,3,E01000080,0,1
2024411538453,2024,411538453,2,9,-1,-1,-1,-1,-1,-1,-1,-1,-1,-1,-1,0,-1,9,-1,6,1,33,6,1499,1,4,BMW 2 SERIES,10,E01023412,0,1
2024211400052,2024,211400052,2,9,0,-1,4,6,2,-1,0,0,0,0,0,0,2,1,-1,9,1,18,4,1998,1,5,BMW 2 SERIES,8,E01010346,0,2
2024101498631,2024,101498631,1,9,0,-1,2,1,5,-1,0,0,0,0,0,0,3,1,-1,2,2,44,7,1499,1,9,BMW 2 SERIES,3,E01008375,0,1
2024302400413,2024,302400413,1,9,0,5,5,7,4,0,0,3,0,0,0,0,2,1,2,2,2,55,8,1499,1,3,BMW 2 SERIES,5,E01019873,0,1
2024010504755,2024,010504755,2,9,0,2,2,0,0,0,0,1,0,0,3,10,2,1,6,6,3,-1,-1,1998,1,5,BMW 2 SERIES,-1,-1,0,-1
2024052401209,2024,052401209,1,9,0,5,5,2,5,0,0,1,0,0,0,0,1,1,6,6,2,44,7,1496,2,9,BMW 2 SERIES,7,E01006792,0,1
2024041500238,2024,041500238,2,9,0,-1,19,1,5,-1,0,8,0,0,0,0,2,1,-1,9,1,57,9,1499,1,1,BMW 2 SERIES,7,E01025317,0,2
2024061502949,2024,061502949,1,9,0,-1,19,1,5,-1,0,3,0,0,7,2,1,1,-1,6,-1,20,4,1499,1,3,BMW 2 SERIES,-1,-1,0,-1
2024201428369,2024,201428369,1,9,0,-1,19,8,4,-1,0,0,1,10,1,4,3,1,-1,2,1,43,7,1998,1,6,BMW 2 SERIES,10,E01010173,0,2
2024010519757,2024,010519757,3,9,0,2,2,0,0,0,0,0,0,0,0,0,1,1,6,6,3,-1,-1,1499,1,8,BMW 2 SERIES,-1,-1,0,-1
2024010504638,2024,010504638,1,9,0,18,19,5,1,0,0,0,0,0,0,0,4,1,6,6,1,20,4,1995,2,10,BMW 2 SERIES,7,E01000169,0,2
2024131476577,2024,131476577,2,9,0,-1,2,0,0,-1,0,0,0,0,0,0,2,1,-1,6,-1,-1,-1,1496,2,6,BMW 2 SERIES,-1,-1,0,-1
2024010541801,2024,010541801,1,9,0,11,11,7,3,0,0,0,0,0,0,0,4,1,6,6,1,44,7,1995,2,8,BMW 2 SERIES,2,E01035677,0,1
2024010519117,2024,010519117,1,9,0,7,7,1,2,0,0,1,0,0,0,0,1,1,1,1,1,26,6,1499,1,4,BMW 2 SERIES,6,E01033589,0,1
2024421505696,2024,421505696,3,9,0,-1,19,1,5,-1,0,0,0,0,0,0,2,1,-1,9,2,50,8,1998,1,7,BMW 2 SERIES,5,E01003704,0,2
2024201439673,2024,201439673,1,9,0,-1,19,6,2,-1,0,0,0,0,0,0,1,9,-1,9,2,55,8,1499,1,0,BMW 2 SERIES,3,E01009441,0,3
2024010528787,2024,010528787,1,9,0,10,10,3,8,0,0,1,0,0,0,0,2,1,1,1,2,28,6,1499,1,4,BMW 2 SERIES,2,E01004008,0,1
2024010519152,2024,010519152,1,9,0,5,5,7,3,0,0,1,0,0,0,0,1,1,6,6,1,38,7,1997,1,8,BMW 2 SERIES,2,E01004248,0,1
2024010540196,2024,010540196,1,9,0,18,19,7,3,0,0,0,0,0,0,0,3,1,6,6,1,31,6,1499,1,0,BMW 2 SERIES,9,E01021926,0,4
2024610047324,2024,610047324,1,9,0,3,3,1,5,0,0,0,0,0,0,0,2,1,6,6,2,53,8,1499,1,6,BMW 2 SERIES,5,W01002026,0,2
2024320574708,2024,320574708,1,9,0,-1,-1,2,6,0,0,8,0,0,0,0,1,1,-1,-1,1,30,6,1995,2,9,BMW 2 SERIES,1,E01026069,0,1
2024010508546,2024,010508546,1,9,0,3,3,3,7,0,0,1,0,0,0,0,1,1,1,1,1,37,7,1499,1,4,BMW 2 SERIES,4,E01004259,0,1
2024631420755,2024,631420755,2,9,0,-1,4,8,4,-1,0,0,0,0,0,0,2,1,-1,7,2,24,5,1995,2,6,BMW 2 SERIES,2,W01000707,0,1
2024070156017,2024,070156017,1,9,0,18,19,1,5,0,0,4,1,0,0,0,1,1,6,6,2,34,6,1496,2,9,BMW 2 SERIES,1,E01018740,0,1
2024421408216,2024,421408216,2,9,4,-1,19,8,4,-1,0,2,0,0,0,0,1,1,-1,9,1,20,4,1499,1,6,BMW 2 SERIES,5,E01021518,0,1
2024451488403,2024,451488403,2,9,0,-1,4,1,5,-1,0,0,0,0,0,0,2,1,-1,2,1,43,7,1499,1,1,BMW 2 SERIES,6,E01016224,0,2
2024010540676,2024,010540676,1,9,0,99,99,1,5,99,99,0,9,99,9,99,9,9,6,6,2,31,6,1998,1,0,BMW 2 SERIES,3,E01034146,0,3
2024231498689,2024,231498689,1,9,0,-1,19,8,4,-1,0,0,0,0,0,0,1,9,-1,6,1,35,6,1499,1,4,BMW 2 SERIES,6,E01033058,0,4
2024010548309,2024,010548309,1,9,0,99,99,9,9,99,99,0,9,99,9,99,9,9,6,6,2,43,7,1995,2,7,BMW 2 SERIES,3,E01000404,0,3
2024501516015,2024,501516015,1,9,0,-1,19,5,1,-1,0,0,0,2,0,0,1,1,-1,9,2,86,11,1499,1,8,BMW 2 SERIES,1,E01015256,0,1
2024451502195,2024,451502195,1,9,0,-1,9,7,5,-1,0,5,0,0,0,0,3,1,-1,9,1,50,8,1499,8,6,BMW 2 SERIES,7,E01030452,0,1
2024010549136,2024,010549136,1,9,0,18,19,7,3,0,0,0,1,0,1,2,1,1,6,6,1,31,6,1499,1,6,BMW 2 SERIES,2,E01002054,0,3
2024061466165,2024,061466165,1,9,0,-1,3,2,6,-1,99,0,0,0,0,0,2,1,-1,7,2,34,6,1995,2,7,BMW 2 SERIES,2,E01004817,0,1
2024101424145,2024,101424145,1,9,0,-1,19,3,7,-1,0,0,0,0,0,0,1,1,-1,6,2,34,6,1995,2,8,BMW 2 SERIES,5,E01027453,0,2
2024070976470,2024,070976470,3,9,0,-1,3,1,5,-1,0,0,0,0,0,0,2,1,-1,2,2,58,9,1499,1,1,BMW 2 SERIES,10,E01018530,0,4
2024010522709,2024,010522709,2,9,0,99,99,9,9,99,99,9,9,99,9,99,9,9,6,6,3,-1,-1,1499,1,5,BMW 2 SERIES,-1,-1,0,-1
2024351442508,2024,351442508,1,9,-1,-1,19,5,1,-1,0,0,0,0,0,0,1,9,-1,2,1,23,5,1995,2,9,BMW 2 SERIES,5,E01015700,0,4
2024061519699,2024,061519699,2,9,0,-1,-1,-1,-1,-1,-1,-1,-1,-1,-1,0,-1,1,-1,6,3,-1,-1,1995,2,8,BMW 2 SERIES,1,E01006031,0,3
2024451414762,2024,451414762,1,9,0,-1,8,7,1,-1,0,6,0,0,0,0,1,1,-1,9,1,45,7,1998,1,5,BMW 2 SERIES,6,E01030629,0,1
2024061440173,2024,061440173,2,9,-1,-1,-1,-1,-1,-1,-1,0,-1,-1,-1,0,-1,9,-1,6,2,-1,-1,1499,1,2,BMW 2 SERIES,1,E01005097,0,2
2024010518304,2024,010518304,2,9,0,18,19,3,7,0,0,1,0,0,0,0,1,1,6,6,1,45,7,1995,2,5,BMW 2 SERIES,2,E01004209,0,1
2024451485462,2024,451485462,1,9,0,-1,19,7,3,-1,0,1,1,7,1,11,1,1,-1,2,1,33,6,1995,2,7,BMW 2 SERIES,2,E01016438,0,3
2024461464523,2024,461464523,3,9,0,-1,19,3,7,-1,0,0,0,0,0,0,2,1,-1,9,1,35,6,1998,1,9,BMW 2 SERIES,6,E01024314,0,2
2024010524042,2024,010524042,1,9,0,18,19,3,7,9,9,5,0,10,1,10,1,1,6,6,2,61,9,1499,8,7,BMW 2 SERIES,4,E01004536,0,1
2024010542172,2024,010542172,2,9,0,99,99,9,9,99,99,9,9,99,9,99,1,9,6,6,3,-1,-1,1499,1,6,BMW 2 SERIES,-1,-1,0,-1
2024461448860,2024,461448860,1,9,0,-1,7,3,7,-1,0,8,0,0,0,0,4,9,-1,6,1,34,6,1995,2,9,BMW 2 SERIES,9,E01024044,0,1
2024010501672,2024,010501672,1,9,0,18,19,6,2,0,0,1,0,0,0,0,1,1,6,6,2,51,8,1998,1,4,BMW 2 SERIES,7,E01002373,0,1
2024122400360,2024,122400360,3,9,0,18,19,3,7,0,0,0,0,0,0,0,2,1,6,6,2,28,6,1995,2,7,BMW 2 SERIES,10,E01034978,0,3
2024111455231,2024,111455231,1,9,0,-1,10,8,4,-1,0,1,1,0,7,0,1,1,-1,6,1,42,7,1499,8,1,BMW 2 SERIES,10,E01034498,0,1
2024010497902,2024,010497902,1,9,9,99,99,9,9,0,0,0,9,99,9,99,9,9,6,6,3,32,6,1499,1,2,BMW 2 SERIES,2,E01000724,0,1
2024010533710,2024,010533710,1,9,0,4,4,3,7,0,0,1,0,0,0,0,1,1,1,1,2,20,4,1499,1,4,BMW 2 SERIES,2,E01004008,0,1
2024320738842,2024,320738842,1,9,0,-1,-1,8,4,0,0,0,0,0,1,9,1,1,-1,-1,1,48,8,1995,2,7,BMW 2 SERIES,3,E01002370,0,5
2024451509113,2024,451509113,1,9,0,-1,19,1,5,-1,0,0,0,0,0,0,2,1,-1,9,1,37,7,1998,1,5,BMW 2 SERIES,9,E01028650,0,4
2024522401825,2024,522401825,1,9,0,18,19,1,5,0,0,8,0,0,0,0,1,1,6,6,1,54,8,1995,2,9,BMW 2 SERIES,7,E01014712,0,1
2024131422176,2024,131422176,2,9,0,-1,19,7,3,-1,0,0,0,0,0,0,1,1,-1,9,1,47,8,1995,2,8,BMW 2 SERIES,5,E01010970,0,1
2024052400911,2024,052400911,2,9,0,3,3,8,4,0,0,4,0,0,0,0,2,1,2,2,2,37,7,1995,2,7,BMW 2 SERIES,8,E01007095,0,1
2024461428760,2024,461428760,3,9,0,-1,2,0,0,-1,0,2,0,0,0,0,4,1,-1,9,2,38,7,1499,1,8,BMW 2 SERIES,5,E01024225,0,1
2024421429731,2024,421429731,3,9,0,-1,4,8,5,-1,0,0,0,0,0,0,2,1,-1,9,2,64,9,1998,1,5,BMW 2 SERIES,4,E01021374,0,2
2024010502572,2024,010502572,3,9,0,18,19,1,5,0,0,0,0,0,0,0,0,1,6,6,2,24,5,1499,1,1,BMW 2 SERIES,7,E01001026,0,2
2024201473430,2024,201473430,2,9,0,-1,19,6,2,-1,0,1,0,0,0,0,3,9,-1,6,1,51,8,1499,8,6,BMW 2 SERIES,7,E01010209,0,2
2024010507476,2024,010507476,2,9,0,99,99,9,9,99,99,9,9,99,9,99,9,9,6,6,2,-1,-1,1995,2,5,BMW 2 SERIES,-1,-1,0,-1
2024010518867,2024,010518867,1,9,0,18,19,2,6,0,0,5,0,0,0,0,1,1,6,6,2,39,7,1499,1,8,BMW 2 SERIES,4,E01001148,0,1
2024461521598,2024,461521598,2,9,0,-1,4,5,1,-1,0,0,0,0,0,0,2,9,-1,1,1,28,6,1998,1,8,BMW 2 SERIES,1,E01024081,0,4
2024440440087,2024,440440087,2,9,0,4,4,6,2,0,0,0,0,0,0,0,1,1,6,6,3,-1,-1,1499,1,6,BMW 2 SERIES,-1,-1,0,-1
2024010517423,2024,010517423,1,9,0,5,5,1,5,0,0,2,0,0,0,0,1,1,2,2,2,49,8,1499,1,8,BMW 2 SERIES,4,E01033942,0,3
2024010517637,2024,010517637,3,9,0,2,2,0,0,0,0,1,0,0,0,0,2,1,6,6,3,-1,-1,1995,2,5,BMW 2 SERIES,-1,-1,0,-1
2024211495868,2024,211495868,1,9,0,-1,4,3,7,-1,0,0,0,0,0,0,1,1,-1,6,1,-1,-1,1499,1,7,BMW 2 SERIES,-1,-1,0,-1
2024131473031,2024,131473031,1,9,0,-1,19,1,5,-1,0,0,0,0,0,0,4,1,-1,2,2,54,8,1499,1,1,BMW 2 SERIES,2,E01011868,0,3
2024061398959,2024,061398959,1,9,0,-1,19,3,7,-1,9,1,1,0,1,0,1,1,-1,2,1,46,8,1496,2,9,BMW 2 SERIES,8,E01035389,0,2
2024471422987,2024,471422987,2,9,0,-1,19,1,5,-1,0,1,0,0,0,0,1,1,-1,6,2,32,6,1995,2,8,BMW 2 SERIES,1,E01008932,0,5
2024991533799,2024,991533799,5,9,0,-1,19,7,3,-1,0,0,0,0,0,0,1,1,-1,6,2,42,7,1499,1,2,BMW 2 SERIES,3,-1,0,4
2024501531328,2024,501531328,1,9,0,-1,9,1,7,-1,0,1,0,0,0,0,3,1,-1,9,2,35,6,1499,1,0,BMW 2 SERIES,5,E01015237,0,1
2024351458316,2024,351458316,1,9,0,-1,4,8,4,-1,0,0,0,0,0,0,1,1,-1,1,1,73,10,1499,8,1,BMW 2 SERIES,1,E01007652,0,5
2024010504275,2024,010504275,2,9,0,99,99,9,9,99,99,6,9,99,9,99,1,9,6,6,3,31,6,1995,2,8,BMW 2 SERIES,7,E01004275,0,1
2024010530510,2024,010530510,2,9,9,99,99,9,9,99,99,9,9,99,9,99,9,9,6,6,3,-1,-1,1499,8,7,BMW 2 SERIES,-1,-1,0,-1
2024211498855,2024,211498855,2,9,0,-1,19,4,7,-1,0,0,0,0,0,0,1,1,-1,6,2,37,7,1995,2,5,BMW 2 SERIES,-1,-1,0,-1
2024430389373,2024,430389373,1,9,0,18,19,3,7,0,0,6,0,0,0,0,1,1,6,6,1,46,8,1995,2,6,BMW 2 SERIES,7,E01016408,0,2
2024010493731,2024,010493731,2,9,0,3,3,5,1,0,0,2,0,0,0,0,1,1,2,2,2,28,6,1995,2,6,BMW 2 SERIES,2,E01002879,0,1
2024010524434,2024,010524434,3,9,0,18,19,3,7,0,0,0,0,0,0,0,0,1,1,1,1,36,7,1499,8,6,BMW 2 SERIES,4,E01032639,0,4
2024101403698,2024,101403698,2,9,0,-1,19,3,7,-1,0,5,0,0,7,0,2,1,-1,9,1,36,7,1499,1,6,BMW 2 SERIES,8,E01027499,0,3
2024231510691,2024,231510691,1,9,0,-1,7,6,8,-1,0,6,1,0,0,0,3,1,-1,6,1,23,5,1499,1,0,BMW 2 SERIES,7,E01031181,0,1
2024010497528,2024,010497528,1,9,0,9,9,7,4,0,0,6,0,0,0,0,4,1,2,2,1,42,7,1499,1,5,BMW 2 SERIES,3,E01000984,0,3
2024010507854,2024,010507854,2,9,0,99,99,9,9,99,99,6,9,99,9,99,1,9,6,6,1,43,7,1499,1,4,BMW 2 SERIES,3,E01034178,0,1
2024010487280,2024,010487280,1,9,0,18,19,2,6,0,0,2,0,0,0,0,2,1,1,1,1,50,8,1499,1,4,BMW 2 SERIES,-1,-1,0,-1
2024161472280,2024,161472280,2,9,0,-1,19,3,7,-1,0,1,0,0,0,0,1,1,-1,9,2,66,10,1995,2,6,BMW 2 SERIES,10,E01013114,0,4
2024010517802,2024,010517802,1,9,0,5,5,1,5,0,0,0,0,0,0,0,3,1,6,6,1,29,6,1499,8,0,BMW 2 SERIES,4,E01000958,0,1
2024411470721,2024,411470721,2,9,0,-1,3,4,8,-1,0,0,0,0,0,0,2,9,-1,2,1,53,8,1998,1,6,BMW 2 SERIES,10,E01030887,0,4
2024211464314,2024,211464314,1,9,0,-1,5,1,5,-1,0,0,0,0,0,0,4,1,-1,6,1,30,6,1499,1,6,BMW 2 SERIES,-1,-1,0,-1
2024520403141,2024,520403141,1,9,0,18,19,1,5,0,0,0,0,0,0,0,1,1,6,6,2,70,10,1499,1,6,BMW 2 SERIES,6,E01029059,0,2
2024010537183,2024,010537183,1,9,0,99,99,9,9,99,99,5,9,99,9,99,9,9,6,6,2,67,10,1499,8,0,BMW 2 SERIES,10,E01030996,0,4
2024430473701,2024,430473701,1,9,0,13,13,8,4,0,0,2,0,0,0,0,1,1,2,2,1,21,5,1499,1,8,BMW 2 SERIES,8,E01016748,0,1
2024010547776,2024,010547776,3,9,0,5,5,1,5,0,0,1,0,0,0,0,3,1,6,6,2,29,6,1499,1,6,BMW 2 SERIES,2,E01002633,0,4
2024010543268,2024,010543268,1,9,0,7,7,3,5,0,0,1,0,0,0,0,1,1,6,6,3,23,5,1499,1,3,BMW 2 SERIES,-1,-1,0,-1
2024421470341,2024,421470341,1,9,0,-1,19,8,4,-1,0,1,0,0,7,9,1,1,-1,2,2,51,8,1995,2,10,BMW 2 SERIES,1,E01022043,0,3
2024610032224,2024,610032224,2,9,0,18,19,7,3,0,0,8,0,0,0,0,3,1,6,6,1,36,7,1499,1,3,BMW 2 SERIES,8,W01001027,0,4
2024201508804,2024,201508804,1,9,0,-1,19,1,5,-1,0,8,0,0,0,0,1,1,-1,6,2,32,6,1998,1,5,BMW 2 SERIES,7,E01010243,0,1
2024351481690,2024,351481690,1,9,-1,-1,-1,-1,-1,-1,-1,0,-1,-1,-1,0,1,9,-1,6,1,37,7,1499,1,0,BMW 2 SERIES,2,E01015660,0,2
2024231433478,2024,231433478,1,9,0,-1,4,-1,-1,-1,0,0,0,0,0,0,1,9,-1,6,3,-1,-1,1499,1,3,BMW 2 SERIES,-1,-1,0,-1
2024471485870,2024,471485870,1,9,0,-1,19,2,6,-1,0,0,0,0,0,0,1,1,-1,9,2,51,8,1998,1,4,BMW 2 SERIES,10,E01031736,0,1
2024010517249,2024,010517249,2,9,9,99,99,9,9,99,99,0,9,99,9,99,9,9,6,6,3,-1,-1,1995,2,9,BMW 2 SERIES,-1,-1,0,-1
2024052400731,2024,052400731,1,9,0,6,6,3,3,0,0,1,0,0,0,0,1,1,6,6,1,45,7,1499,1,1,BMW 2 SERIES,3,E01006916,0,1
2024221410120,2024,221410120,2,9,0,-1,2,0,0,-1,0,0,0,0,0,0,1,1,-1,6,1,41,7,1998,1,5,BMW 2 SERIES,3,E01032449,0,1
2024031494261,2024,031494261,2,9,0,-1,19,5,1,-1,0,0,0,0,0,0,1,1,-1,6,1,52,8,1496,2,7,BMW 2 SERIES,6,E01021387,0,5
2024411445466,2024,411445466,1,9,0,-1,19,5,1,-1,0,4,0,0,0,0,1,1,-1,1,1,47,8,1995,2,6,BMW 2 SERIES,6,E01023871,0,1
2024340WN6812,2024,340WN6812,1,9,0,-1,19,1,5,-1,0,2,2,2,1,4,1,1,-1,6,1,30,6,1499,1,0,BMW 2 SERIES,6,E01013519,0,4
2024131512020,2024,131512020,1,9,0,-1,19,3,5,-1,0,1,0,0,0,0,1,1,-1,6,1,28,6,1499,1,3,BMW 2 SERIES,2,E01011781,0,2
2024201532336,2024,201532336,1,9,0,-1,19,2,6,-1,0,1,0,0,0,0,1,9,-1,2,2,54,8,1499,1,6,BMW 2 SERIES,8,E01035096,0,4
2024211517855,2024,211517855,1,9,0,-1,19,8,4,-1,0,0,0,0,0,0,1,1,-1,6,1,39,7,1499,1,0,BMW 2 SERIES,-1,-1,0,-1
2024201526471,2024,201526471,2,9,0,-1,11,3,7,-1,0,1,0,0,0,0,2,9,-1,1,2,44,7,1496,2,6,BMW 2 SERIES,5,E01010118,0,1
2024622400114,2024,622400114,1,9,0,18,19,4,8,0,0,0,0,0,0,0,1,1,6,6,1,24,5,1499,1,7,BMW 2 SERIES,10,W01001041,0,3
2024010546081,2024,010546081,2,9,0,99,99,9,9,99,99,9,9,99,9,99,9,9,6,6,3,-1,-1,1499,1,2,BMW 2 SERIES,-1,-1,0,-1
2024430226930,2024,430226930,1,9,0,9,9,2,7,0,0,6,0,0,0,0,3,1,2,2,2,41,7,1499,8,6,BMW 2 SERIES,10,E01017768,0,2
2024302401107,2024,302401107,1,9,0,4,4,6,2,0,0,1,0,0,0,0,1,1,6,6,2,22,5,1995,2,7,BMW 2 SERIES,4,E01019499,0,2
2024010533268,2024,010533268,2,9,0,4,4,3,7,0,0,0,0,0,0,0,1,1,6,6,1,30,6,1499,1,4,BMW 2 SERIES,3,E01002612,0,2
2024010534003,2024,010534003,5,9,0,2,2,0,0,0,0,1,0,0,0,0,1,1,6,6,3,-1,-1,1995,2,9,BMW 2 SERIES,-1,-1,0,-1
2024411424415,2024,411424415,1,9,-1,-1,19,-1,-1,-1,0,6,0,10,1,0,1,9,-1,6,2,49,8,1998,1,7,BMW 2 SERIES,10,E01023608,0,1
2024010544141,2024,010544141,1,9,0,7,7,3,5,0,0,5,0,0,0,0,2,1,6,6,2,53,8,1499,1,4,BMW 2 SERIES,7,E01001585,0,1
2024061494495,2024,061494495,1,9,0,-1,-1,-1,-1,-1,-1,-1,-1,-1,-1,0,-1,1,-1,9,3,-1,-1,1499,1,3,BMW 2 SERIES,-1,-1,0,-1
2024461414934,2024,461414934,2,9,0,-1,19,3,7,-1,0,1,0,0,0,0,0,9,-1,6,2,29,6,1499,1,1,BMW 2 SERIES,4,E01024747,0,1
2024430595541,2024,430595541,1,9,0,18,19,5,1,0,0,0,0,0,0,0,3,1,6,6,1,65,9,1998,1,7,BMW 2 SERIES,10,E01016182,0,1
2024010523261,2024,010523261,1,9,0,6,6,7,7,0,0,8,0,0,1,0,3,1,6,6,3,-1,-1,1499,1,4,BMW 2 SERIES,-1,-1,0,-1
2024010540431,2024,010540431,2,9,0,99,99,9,9,99,99,9,9,99,9,99,1,9,6,6,3,-1,-1,1499,1,6,BMW 2 SERIES,-1,-1,0,-1
2024991483359,2024,991483359,2,9,0,-1,19,4,8,-1,0,1,0,4,1,11,1,1,-1,6,1,19,4,1995,2,9,BMW 2 SERIES,-1,-1,0,-1
2024451427606,2024,451427606,4,9,0,-1,9,3,7,-1,0,8,0,0,0,0,4,1,-1,6,1,23,5,1995,2,7,BMW 2 SERIES,9,E01001031,0,4
2024010510579,2024,010510579,2,9,0,18,19,3,7,0,0,2,0,0,0,0,0,1,1,1,1,36,7,1499,1,4,BMW 2 SERIES,6,E01000631,0,2
2024010523509,2024,010523509,1,9,0,6,6,1,1,0,0,0,0,0,0,0,4,1,6,6,2,38,7,1995,2,9,BMW 2 SERIES,-1,-1,0,-1
2024461531089,2024,461531089,1,9,0,-1,19,3,7,-1,0,0,1,0,1,0,1,1,-1,1,1,21,5,1499,1,7,BMW 2 SERIES,6,E01024117,0,4
2024010511386,2024,010511386,1,9,4,99,99,9,9,99,99,0,9,99,9,99,9,9,6,6,2,38,7,1499,1,9,BMW 2 SERIES,3,E01003132,0,1
2024131453545,2024,131453545,2,9,0,-1,19,5,1,-1,0,0,0,0,0,0,1,1,-1,6,1,38,7,1995,2,9,BMW 2 SERIES,5,E01011089,0,1
2024010541109,2024,010541109,1,9,0,99,99,9,9,99,99,5,9,99,9,99,9,9,6,6,3,-1,-1,1499,1,0,BMW 2 SERIES,1,E01015736,0,4
2024010551386,2024,010551386,2,9,0,6,6,1,1,0,0,0,0,0,0,0,3,1,1,1,1,46,8,1499,1,4,BMW 2 SERIES,4,E01001898,0,1
2024451467026,2024,451467026,1,9,0,-1,9,3,1,-1,0,6,0,0,0,0,3,1,-1,9,2,54,8,1995,2,9,BMW 2 SERIES,10,E01030307,0,2
2024421403648,2024,421403648,1,9,0,-1,5,5,3,-1,0,8,0,0,0,0,1,1,-1,9,1,51,8,1995,2,7,BMW 2 SERIES,5,E01016015,0,1
2024461441373,2024,461441373,1,9,0,-1,19,7,3,-1,0,0,0,0,0,0,1,1,-1,6,1,41,7,1499,1,3,BMW 2 SERIES,7,E01016131,0,3
2024141474285,2024,141474285,1,9,0,-1,19,5,1,-1,0,0,0,0,0,0,2,1,-1,9,1,53,8,1499,1,1,BMW 2 SERIES,8,E01007889,0,1
2024411414563,2024,411414563,2,9,-1,-1,-1,-1,-1,-1,-1,-1,-1,-1,-1,0,-1,9,-1,6,2,36,7,1499,1,9,BMW 2 SERIES,7,E01023777,0,3
2024311430146,2024,311430146,2,9,0,-1,4,7,3,-1,0,4,0,0,0,0,2,1,-1,6,1,66,10,1499,1,0,BMW 2 SERIES,4,E01028122,0,1
2024351418055,2024,351418055,1,9,0,-1,9,4,8,-1,0,1,0,0,0,0,1,1,-1,9,2,42,7,1995,2,7,BMW 2 SERIES,10,E01018014,0,3
2024351473736,2024,351473736,1,9,0,-1,9,5,2,-1,0,1,0,0,0,0,1,1,-1,2,2,49,8,1499,1,5,BMW 2 SERIES,7,E01035529,0,2
2024070726763,2024,070726763,1,9,0,-1,6,4,4,-1,0,6,0,0,0,0,3,1,-1,1,1,46,8,1995,2,6,BMW 2 SERIES,1,E01018520,0,2
2024421477162,2024,421477162,2,9,0,-1,7,4,8,-1,0,3,0,0,0,0,4,9,-1,6,1,38,7,1998,1,1,BMW 2 SERIES,4,E01021915,0,3