collision_index,collision_year,collision_ref_no,vehicle_reference,vehicle_type,towing_and_articulation,vehicle_manoeuvre_historic,vehicle_manoeuvre,vehicle_direction_from,vehicle_direction_to,vehicle_location_restricted_lane_historic,vehicle_location_restricted_lane,junction_location,skidding_and_overturning,hit_object_in_carriageway,vehicle_leaving_carriageway,hit_object_off_carriageway,first_point_of_impact,vehicle_left_hand_drive,journey_purpose_of_driver_historic,journey_purpose_of_driver,sex_of_driver,age_of_driver,age_band_of_driver,engine_capacity_cc,propulsion_code,age_of_vehicle,generic_make_model,driver_imd_decile,lsoa_of_driver,escooter_flag,driver_distance_banding
2024010520490,2024,010520490,2,8,0,99,99,9,9,99,99,9,9,99,9,99,9,9,6,6,1,64,9,1477,8,1,LEVC TX,5,E01023575,0,4
2024010537942,2024,010537942,2,9,0,6,6,9,9,99,99,9,9,99,9,99,1,9,6,6,3,-1,-1,-1,-1,-1,LEVC TX,-1,-1,0,-1
2024010518539,2024,010518539,2,8,3,18,19,7,3,0,0,0,0,0,0,0,3,1,1,1,1,43,7,1477,8,3,LEVC TX,-1,-1,0,-1
2024010529781,2024,010529781,2,8,0,18,19,5,1,0,0,2,0,0,0,0,1,1,1,1,1,63,9,1477,8,2,LEVC TX,2,E01001577,0,3
2024010521035,2024,010521035,2,8,0,99,99,9,9,99,99,9,9,99,9,99,1,9,6,6,3,64,9,1477,8,5,LEVC TX,6,E01004050,0,2
2024010531013,2024,010531013,2,8,0,99,99,9,9,99,99,9,9,99,9,99,9,9,6,6,3,60,9,1477,8,0,LEVC TX,6,E01002662,0,3
2024010547162,2024,010547162,2,8,0,18,19,3,7,0,0,8,0,0,0,0,1,1,1,1,1,58,9,1477,8,1,LEVC TX,3,E01024591,0,4
2024010545622,2024,010545622,1,8,0,99,99,9,9,99,99,0,9,99,9,99,9,9,6,6,3,58,9,1477,8,5,LEVC TX,3,E01015737,0,4
2024010519778,2024,010519778,1,8,0,6,6,5,5,8,6,0,0,0,0,0,3,1,1,1,1,62,9,1477,8,0,LEVC TX,4,E01003441,0,2
2024010505582,2024,010505582,5,8,0,18,19,5,1,0,0,8,0,0,0,0,4,1,1,1,1,59,9,1477,8,2,LEVC TX,-1,-1,0,-1
2024010509860,2024,010509860,2,8,0,99,99,9,9,99,99,0,9,99,9,99,9,9,1,1,1,48,8,1477,8,4,LEVC TX,3,E01000735,0,3
2024010549023,2024,010549023,1,8,0,99,99,9,9,99,99,9,9,99,9,99,9,9,1,1,1,59,9,1477,8,5,LEVC TX,10,E01021447,0,4
2024010499959,2024,010499959,4,8,0,18,19,7,3,0,0,1,0,0,0,0,0,1,6,6,1,60,9,1477,8,3,LEVC TX,5,E01001536,0,3
2024010509624,2024,010509624,1,8,0,99,99,9,9,99,99,9,9,99,9,99,9,9,1,1,1,40,7,1477,8,6,LEVC TX,6,E01001494,0,3
2024010524250,2024,010524250,1,8,0,99,99,9,9,99,99,9,9,99,9,99,9,9,6,6,1,65,9,1477,8,4,LEVC TX,3,E01003980,0,2
2024010551442,2024,010551442,1,8,0,18,19,1,5,0,0,2,0,0,0,0,4,1,2,2,1,45,7,1477,8,5,LEVC TX,-1,-1,0,-1
2024010498800,2024,010498800,1,8,0,99,99,9,9,99,99,9,9,99,9,99,1,1,6,6,1,43,7,1477,8,3,LEVC TX,6,E01002792,0,1
2024010512318,2024,010512318,2,8,0,8,8,3,6,0,0,0,0,0,0,0,1,1,1,1,1,60,9,1477,8,5,LEVC TX,10,E01024326,0,4
2024010501038,2024,010501038,2,8,0,3,3,6,2,0,0,0,0,0,0,0,4,1,2,2,1,44,7,1477,8,4,LEVC TX,10,E01002339,0,4
2024010542622,2024,010542622,1,8,0,6,6,5,5,0,0,0,0,0,0,0,1,1,1,1,1,46,8,1477,8,1,LEVC TX,8,E01003904,0,3
2024010519815,2024,010519815,1,8,0,9,9,3,1,0,0,6,0,0,0,0,1,1,1,1,1,61,9,1477,8,5,LEVC TX,-1,-1,0,-1
2024010527412,2024,010527412,1,8,0,3,3,6,2,0,0,0,0,0,0,0,4,1,1,1,1,44,7,1477,8,3,LEVC TX,3,E01004323,0,2
2024010495555,2024,010495555,1,8,0,18,19,7,3,0,0,8,0,0,0,0,3,1,6,6,1,51,8,1477,8,6,LEVC TX,7,E01021827,0,4
2024010518093,2024,010518093,1,8,0,7,7,3,6,0,0,8,0,0,0,0,1,1,1,1,1,60,9,1477,8,2,LEVC TX,3,E01015924,0,4
2024010514767,2024,010514767,3,8,0,18,19,3,7,0,0,2,0,0,0,0,1,1,1,1,1,54,8,1477,8,6,LEVC TX,5,E01002363,0,3
2024411425290,2024,411425290,1,8,0,-1,11,5,1,-1,0,0,0,0,0,0,1,1,-1,6,1,43,7,1477,8,5,LEVC TX,2,E01010837,0,5
2024010491941,2024,010491941,2,8,0,6,6,9,9,99,99,9,9,99,9,99,9,9,6,6,3,40,7,1477,8,2,LEVC TX,6,E01002125,0,3
2024010502886,2024,010502886,1,8,0,18,19,2,6,0,0,0,0,0,0,0,2,1,1,1,1,61,9,1477,8,3,LEVC TX,9,E01004135,0,3
2024010493533,2024,010493533,1,8,0,9,9,1,6,0,0,1,1,0,0,0,1,1,1,1,1,62,9,1477,8,1,LEVC TX,6,E01035699,0,1
2024010538366,2024,010538366,2,8,0,1,1,9,9,99,99,9,9,99,9,99,2,9,6,6,3,-1,-1,1477,8,3,LEVC TX,-1,-1,0,-1
2024010526898,2024,010526898,1,8,0,18,19,7,3,0,0,2,0,0,0,0,1,1,1,1,1,56,9,1477,8,1,LEVC TX,7,E01000387,0,4
2024451457354,2024,451457354,2,9,0,-1,4,7,3,-1,1,0,0,0,0,0,2,1,-1,6,1,59,9,-1,-1,-1,LEVC TX,6,E01032619,0,4
2024010536840,2024,010536840,2,8,0,99,99,9,9,99,99,9,9,99,9,99,1,9,6,6,3,-1,-1,1477,8,6,LEVC TX,-1,-1,0,-1
2024161447298,2024,161447298,1,8,0,-1,2,0,0,-1,0,0,0,0,0,0,2,1,-1,1,1,46,8,1477,8,1,LEVC TX,3,E01013143,0,1
2024010535133,2024,010535133,1,8,0,18,19,7,3,0,0,6,0,0,0,0,1,1,6,6,1,-1,-1,1477,8,1,LEVC TX,6,E01002220,0,3
2024010524718,2024,010524718,2,8,0,11,11,7,3,0,0,1,0,0,0,0,4,1,1,1,1,59,9,1477,8,5,LEVC TX,-1,-1,0,-1
2024010499589,2024,010499589,1,8,0,9,9,1,7,0,0,2,0,0,0,0,1,1,6,6,1,65,9,1477,8,5,LEVC TX,6,E01003705,0,4
2024991521123,2024,991521123,1,8,0,-1,19,7,3,-1,0,8,0,0,0,0,1,1,-1,1,1,59,9,1477,8,1,LEVC TX,9,-1,0,2
2024010538812,2024,010538812,2,8,0,18,19,7,3,0,0,0,0,0,0,0,4,1,6,6,1,45,7,1477,8,1,LEVC TX,9,E01021943,0,4
2024010525514,2024,010525514,2,8,9,99,99,9,9,99,99,9,9,99,9,99,9,9,6,6,3,-1,-1,1477,8,3,LEVC TX,-1,-1,0,-1
2024481561418,2024,481561418,1,8,0,-1,19,3,1,-1,0,2,0,0,0,0,1,1,-1,1,1,61,9,1477,8,5,LEVC TX,-1,-1,0,-1
2024010543899,2024,010543899,1,8,0,5,5,0,3,0,0,1,0,0,0,0,3,1,6,6,3,-1,-1,1477,8,1,LEVC TX,-1,-1,0,-1
2024010525653,2024,010525653,1,8,0,5,5,5,1,0,0,8,0,0,0,0,1,1,1,1,1,62,9,1477,8,2,LEVC TX,-1,-1,0,-1
2024010541462,2024,010541462,1,8,0,99,99,9,9,99,99,9,9,99,9,99,9,9,6,6,1,49,8,1477,8,3,LEVC TX,5,E01004564,0,1
2024010534175,2024,010534175,1,8,0,18,19,1,5,0,0,1,0,0,0,0,1,1,6,6,1,44,7,1477,8,5,LEVC TX,8,E01002945,0,3
2024010528757,2024,010528757,1,8,0,18,19,8,4,2,2,1,0,0,0,0,1,1,6,6,1,55,8,1477,8,4,LEVC TX,4,E01015930,0,2
2024010505005,2024,010505005,2,8,0,99,99,9,9,99,99,9,9,99,9,99,9,9,6,6,3,-1,-1,1477,8,1,LEVC TX,-1,-1,0,-1
2024201537810,2024,201537810,1,8,0,-1,5,6,2,-1,0,0,0,0,0,0,0,1,-1,6,1,63,9,1477,8,1,LEVC TX,3,E01032536,0,2
2024401450341,2024,401450341,1,9,0,-1,6,7,3,-1,0,0,0,0,0,0,4,1,-1,7,1,57,9,-1,-1,-1,LEVC TX,3,E01015701,0,1
2024010510697,2024,010510697,2,8,0,99,99,9,9,99,99,9,9,99,9,99,9,9,6,6,3,-1,-1,1477,8,1,LEVC TX,-1,-1,0,-1
2024010530756,2024,010530756,1,8,0,9,9,7,5,0,0,8,0,0,0,0,1,1,1,1,1,38,7,1477,8,5,LEVC TX,3,E01001834,0,1
2024010546023,2024,010546023,2,8,0,9,9,7,6,0,0,1,0,0,0,0,3,1,1,1,1,62,9,1477,8,5,LEVC TX,4,E01000644,0,2
2024010544343,2024,010544343,1,8,0,99,99,9,9,99,99,5,9,99,9,99,1,9,6,6,1,59,9,1477,8,6,LEVC TX,-1,-1,0,-1
2024991487175,2024,991487175,1,8,0,-1,7,5,1,-1,0,5,0,0,0,0,4,1,-1,1,1,63,9,1477,8,0,LEVC TX,10,-1,0,1
2024010523181,2024,010523181,1,8,0,16,19,5,1,0,0,8,0,0,0,0,1,1,6,6,3,-1,-1,1477,8,6,LEVC TX,-1,-1,0,-1
2024010541794,2024,010541794,1,8,0,10,10,2,7,0,0,8,0,0,0,0,1,1,1,1,1,41,7,1477,8,5,LEVC TX,2,E01001765,0,2
2024010547847,2024,010547847,2,8,0,18,19,1,5,0,0,8,0,0,0,0,1,1,1,1,1,56,9,1477,8,5,LEVC TX,1,E01004042,0,2
2024010508957,2024,010508957,1,8,0,18,19,7,3,0,0,8,0,0,0,0,4,1,1,1,1,76,11,1477,8,5,LEVC TX,10,E01023744,0,4
2024010512577,2024,010512577,2,8,0,99,99,9,9,99,99,0,9,99,9,99,9,9,6,6,3,-1,-1,1477,8,1,LEVC TX,-1,-1,0,-1
2024010533142,2024,010533142,2,8,9,18,19,1,5,99,99,9,9,99,9,99,9,9,6,6,3,-1,-1,1477,8,1,LEVC TX,-1,-1,0,-1
2024481442479,2024,481442479,1,8,0,-1,9,3,1,-1,0,8,0,0,0,0,4,1,-1,1,1,25,5,1477,8,1,LEVC TX,-1,-1,0,-1
2024010488242,2024,010488242,2,8,0,99,99,9,9,99,99,0,9,99,9,99,9,9,6,6,3,-1,-1,1477,8,2,LEVC TX,-1,-1,0,-1
2024010538930,2024,010538930,1,8,0,9,9,8,6,0,0,6,0,0,0,0,1,1,1,1,1,56,9,1477,8,4,LEVC TX,2,E01002748,0,2
2024010527541,2024,010527541,1,8,0,4,4,1,5,0,0,1,0,0,0,0,2,1,6,6,1,63,9,1477,8,0,LEVC TX,-1,-1,0,-1
2024010527742,2024,010527742,2,8,0,6,6,1,1,0,0,0,0,0,0,0,3,1,1,1,1,59,9,1477,8,1,LEVC TX,2,E01002054,0,3
2024991476041,2024,991476041,1,8,0,-1,2,6,2,-1,0,0,0,0,0,0,3,1,-1,1,1,42,7,1477,8,4,LEVC TX,9,-1,0,1
2024010537308,2024,010537308,1,8,0,18,19,7,3,0,0,1,0,0,0,0,1,1,1,1,1,37,7,1477,8,0,LEVC TX,8,E01017008,0,4
2024010551382,2024,010551382,1,8,0,5,5,7,3,0,0,6,0,0,0,0,3,1,1,1,1,66,10,1477,8,4,LEVC TX,9,E01000359,0,4
2024991506119,2024,991506119,1,8,0,-1,5,7,3,-1,0,2,0,0,0,0,4,1,-1,9,1,55,8,1477,8,3,LEVC TX,1,-1,0,1
2024010537629,2024,010537629,2,8,0,18,19,1,5,0,0,1,1,0,0,0,4,1,1,1,1,49,8,1477,8,0,LEVC TX,2,E01001460,0,2
2024010528224,2024,010528224,1,8,0,18,19,8,4,0,0,0,0,0,0,0,1,1,1,1,1,40,7,1477,8,5,LEVC TX,2,E01033699,0,2
2024010548704,2024,010548704,1,8,0,9,9,5,2,0,0,5,0,0,0,0,1,1,6,6,1,48,8,1477,8,4,LEVC TX,3,E01004041,0,2
2024481503968,2024,481503968,1,8,0,-1,19,7,3,-1,0,0,0,0,0,0,4,1,-1,1,3,50,8,1477,8,3,LEVC TX,-1,-1,0,-1
2024010548933,2024,010548933,2,8,0,18,19,5,1,0,0,1,0,0,0,0,1,1,1,1,1,55,8,1477,8,3,LEVC TX,10,E01021805,0,3
2024010519770,2024,010519770,2,9,0,99,99,9,9,99,99,9,9,99,9,99,9,9,6,6,3,-1,-1,-1,-1,-1,LEVC TX,-1,-1,0,-1
2024010517719,2024,010517719,1,8,0,18,19,3,7,0,0,2,0,0,0,0,3,1,1,1,1,54,8,1477,8,2,LEVC TX,3,E01004367,0,3
2024421473415,2024,421473415,2,8,0,-1,7,3,7,-1,0,0,0,0,0,0,1,1,-1,1,1,37,7,1477,8,5,LEVC TX,9,E01033063,0,3
2024010525095,2024,010525095,1,8,0,99,99,9,9,99,99,1,9,99,9,99,9,9,1,1,1,57,9,1477,8,2,LEVC TX,8,E01031694,0,4
2024430188459,2024,430188459,1,8,0,18,19,4,8,0,0,0,0,10,1,11,1,1,3,7,1,76,11,1477,8,0,LEVC TX,10,E01016350,0,2
2024010518313,2024,010518313,1,8,0,6,6,1,1,0,0,0,0,0,0,0,4,1,1,1,1,56,9,1477,8,4,LEVC TX,4,E01002491,0,3
2024010500279,2024,010500279,2,8,0,18,19,6,2,0,0,1,0,0,0,0,0,1,6,6,1,-1,-1,1477,8,3,LEVC TX,-1,-1,0,-1
2024430394928,2024,430394928,2,8,0,18,19,8,4,0,0,6,0,0,0,0,4,1,1,1,1,28,6,1477,8,2,LEVC TX,3,E01016382,0,1
2024010501013,2024,010501013,1,8,0,5,5,5,1,0,0,0,0,0,0,0,1,1,1,1,1,63,9,1477,8,5,LEVC TX,5,E01021790,0,4
2024010539737,2024,010539737,2,8,0,9,9,1,6,0,0,8,0,0,0,0,4,1,1,1,1,45,7,1477,8,1,LEVC TX,4,E01000919,0,2
2024010545344,2024,010545344,2,8,0,18,19,9,9,99,99,9,9,99,9,99,1,9,6,6,3,-1,-1,1477,8,1,LEVC TX,9,E01021383,0,4
2024010544264,2024,010544264,1,8,0,7,7,3,4,0,0,5,0,0,0,0,1,1,1,1,1,60,9,1477,8,6,LEVC TX,9,E01000409,0,3
2024010530215,2024,010530215,1,8,0,18,19,7,3,0,0,2,0,0,0,0,1,1,1,1,1,56,9,1477,8,2,LEVC TX,8,E01021784,0,3
2024010526082,2024,010526082,1,8,0,6,6,1,1,0,0,1,0,0,0,0,1,1,1,1,1,53,8,1477,8,4,LEVC TX,4,E01002695,0,1
2024010533538,2024,010533538,1,8,0,5,5,7,3,0,0,2,0,0,0,0,1,1,1,1,1,47,8,1477,8,5,LEVC TX,-1,-1,0,-1
2024451529388,2024,451529388,1,9,0,-1,19,1,5,-1,0,6,0,0,0,0,1,1,-1,2,1,71,10,-1,-1,-1,LEVC TX,9,E01030605,0,1
2024440429081,2024,440429081,2,9,0,18,19,1,5,0,0,8,0,0,0,0,1,1,6,6,1,77,11,2960,1,31,MAKE AND MODEL REDACTED,10,E01022746,0,1
2024010504503,2024,010504503,1,9,0,2,2,0,0,0,0,1,0,0,0,0,1,1,6,6,3,-1,-1,3500,1,49,MAKE AND MODEL REDACTED,-1,-1,0,-1
2024010535579,2024,010535579,3,9,9,18,19,5,1,0,0,0,9,99,9,99,9,9,6,6,3,-1,-1,2962,1,33,MAKE AND MODEL REDACTED,-1,-1,0,-1
2024101408375,2024,101408375,2,10,0,-1,3,8,4,-1,0,0,0,0,0,0,2,1,-1,6,1,57,9,2151,2,20,MAKE AND MODEL REDACTED,8,E01032594,0,4
2024552401336,2024,552401336,2,9,0,5,5,8,4,0,0,8,0,0,0,0,2,1,6,6,2,46,8,2987,2,17,MERCEDES ML CLASS,9,E01023064,0,2
2024471452266,2024,471452266,3,9,0,-1,19,5,1,-1,0,0,0,0,0,0,1,1,-1,9,1,59,9,2688,2,22,MERCEDES ML CLASS,9,E01031458,0,2
2024440007801,2024,440007801,2,9,0,5,5,1,5,0,0,6,0,0,0,0,1,1,6,6,3,-1,-1,2688,2,21,MERCEDES ML CLASS,-1,-1,0,-1
2024201519339,2024,201519339,2,9,0,-1,2,0,0,-1,0,0,0,0,0,0,2,9,-1,9,2,-1,-1,2688,2,22,MERCEDES ML CLASS,2,E01032260,0,3
2024101524797,2024,101524797,2,9,0,-1,19,2,6,-1,0,2,0,0,0,0,2,1,-1,9,2,35,6,2987,2,13,MERCEDES ML CLASS,2,E01008706,0,1
2024440161850,2024,440161850,1,9,0,9,9,7,6,0,0,8,0,0,0,0,3,1,6,6,2,61,9,2987,2,17,MERCEDES ML CLASS,4,E01031859,0,2
2024010513852,2024,010513852,2,9,0,99,99,9,9,99,99,9,9,99,9,99,1,9,6,6,3,-1,-1,2143,2,11,MERCEDES ML CLASS,7,E01032646,0,3
2024461402362,2024,461402362,1,9,0,-1,19,2,6,-1,0,8,0,0,0,0,1,9,-1,6,2,63,9,3199,1,22,MERCEDES ML CLASS,3,E01033744,0,4
2024371452937,2024,371452937,1,9,0,-1,19,3,7,-1,0,8,0,0,0,0,1,1,-1,9,2,46,8,2987,2,11,MERCEDES ML CLASS,2,E01029988,0,1
2024010510826,2024,010510826,1,9,0,1,1,1,5,0,0,8,0,0,0,0,2,1,6,6,3,-1,-1,2987,2,10,MERCEDES ML CLASS,-1,-1,0,-1
2024010503850,2024,010503850,2,9,0,99,99,9,9,99,99,0,9,99,9,99,1,9,6,6,3,-1,-1,2987,2,16,MERCEDES ML CLASS,-1,-1,0,-1
2024010522705,2024,010522705,1,9,0,17,19,7,4,0,0,0,0,0,0,0,1,1,6,6,1,44,7,2143,2,11,MERCEDES ML CLASS,6,E01001033,0,2
2024320591356,2024,320591356,2,9,0,2,2,0,0,0,0,0,0,0,0,0,2,1,6,6,1,66,10,2688,2,21,MERCEDES ML CLASS,1,E01026073,0,1
2024010538158,2024,010538158,2,9,0,99,99,9,9,99,99,9,9,99,9,99,9,9,6,6,1,-1,-1,2143,2,9,MERCEDES ML CLASS,4,E01033930,0,3
2024522401785,2024,522401785,2,9,0,5,5,7,3,0,0,4,0,0,0,0,1,1,6,6,3,-1,-1,2987,2,13,MERCEDES ML CLASS,-1,-1,0,-1
2024221441371,2024,221441371,2,9,4,-1,19,4,8,-1,0,8,0,0,0,0,1,1,-1,1,1,66,10,2143,2,9,MERCEDES ML CLASS,6,E01031193,0,4
2024061456779,2024,061456779,1,9,0,-1,9,6,4,-1,0,1,0,0,0,0,1,9,-1,6,3,-1,-1,2143,2,10,MERCEDES ML CLASS,-1,-1,0,-1
2024231430072,2024,231430072,1,9,0,-1,2,0,0,-1,0,0,0,0,0,0,1,9,-1,6,2,45,7,2987,2,13,MERCEDES ML CLASS,6,E01031167,0,1
2024010526509,2024,010526509,1,9,9,1,1,1,5,99,99,9,9,4,9,99,2,9,6,6,1,-1,-1,2987,2,11,MERCEDES ML CLASS,-1,-1,0,-1
2024201477133,2024,201477133,1,9,0,-1,7,6,8,-1,0,6,0,0,0,0,3,1,-1,6,1,30,6,2987,2,11,MERCEDES ML CLASS,-1,-1,0,-1
2024010542084,2024,010542084,2,9,0,99,99,9,9,99,99,9,9,99,9,99,1,9,6,6,3,-1,-1,2987,2,11,MERCEDES ML CLASS,3,E01001491,0,1
2024131433868,2024,131433868,2,9,0,-1,2,0,0,-1,0,0,0,0,0,0,3,1,-1,6,-1,-1,-1,2987,2,15,MERCEDES ML CLASS,-1,-1,0,-1
2024340WN4922,2024,340WN4922,1,9,0,-1,5,7,3,-1,0,6,0,0,0,0,1,1,-1,9,1,85,11,2987,2,17,MERCEDES ML CLASS,8,E01027076,0,4
2024122400951,2024,122400951,1,9,0,4,4,5,1,0,0,0,0,0,0,0,1,1,6,6,1,41,7,2987,2,13,MERCEDES ML CLASS,8,E01013053,0,3
2024311532923,2024,311532923,1,9,0,-1,19,3,7,-1,0,4,0,0,0,0,1,1,-1,9,2,31,6,2987,2,11,MERCEDES ML CLASS,1,E01028311,0,1
2024141510162,2024,141510162,2,9,0,-1,19,3,8,-1,0,0,0,0,0,0,1,1,-1,9,2,56,9,2987,2,11,MERCEDES ML CLASS,1,E01008085,0,1
2024131470106,2024,131470106,1,9,0,-1,5,7,3,-1,0,0,0,0,0,0,1,1,-1,6,1,35,6,2987,2,14,MERCEDES ML CLASS,3,E01011647,0,1
2024430534843,2024,430534843,1,9,0,18,19,8,4,0,0,8,0,0,0,0,1,1,6,6,2,-1,-1,2143,2,11,MERCEDES ML CLASS,-1,-1,0,-1
2024141517407,2024,141517407,1,9,0,-1,19,7,3,-1,0,0,1,0,4,4,1,1,-1,6,1,34,6,2987,2,14,MERCEDES ML CLASS,8,E01034242,0,3
2024141464647,2024,141464647,2,9,0,-1,14,3,7,-1,0,0,0,0,0,0,1,1,-1,9,2,38,7,2987,2,16,MERCEDES ML CLASS,1,E01007626,0,1
2024991490772,2024,991490772,1,9,0,-1,13,6,2,-1,0,8,0,0,0,0,4,1,-1,9,1,25,5,2987,2,8,MERCEDES ML CLASS,5,-1,0,4
2024320501763,2024,320501763,1,9,0,4,4,5,1,0,0,0,0,0,0,0,1,1,-1,-1,1,51,8,2987,2,14,MERCEDES ML CLASS,7,E01028353,0,4
2024010488041,2024,010488041,2,9,0,9,9,1,6,0,0,8,0,0,0,0,3,2,6,6,1,53,8,2987,2,17,MERCEDES ML CLASS,3,E01001807,0,2
2024401545582,2024,401545582,1,9,0,-1,19,1,5,-1,0,0,0,0,1,5,1,1,-1,6,1,42,7,2987,2,13,MERCEDES ML CLASS,2,E01033807,0,1
2024010521730,2024,010521730,4,9,0,18,19,4,8,0,0,0,0,0,0,0,1,1,6,6,1,48,8,2143,2,11,MERCEDES ML CLASS,4,E01004453,0,3
2024501408331,2024,501408331,1,9,0,-1,19,7,3,-1,0,1,0,0,0,0,1,9,-1,6,1,-1,-1,2987,2,16,MERCEDES ML CLASS,-1,-1,0,-1
2024542898724,2024,542898724,1,9,0,18,19,2,6,0,0,0,0,0,7,0,1,1,6,6,1,64,9,2987,2,14,MERCEDES ML CLASS,9,E01018027,0,5
2024311462671,2024,311462671,1,9,0,-1,9,7,7,-1,0,0,0,0,0,0,1,1,-1,9,1,36,7,2143,2,10,MERCEDES ML CLASS,4,E01027933,0,1
2024010509742,2024,010509742,3,9,0,2,2,0,0,0,0,0,0,0,0,0,2,1,6,6,3,-1,-1,2987,2,11,MERCEDES ML CLASS,-1,-1,0,-1
2024161406382,2024,161406382,1,9,0,-1,9,1,7,-1,0,8,0,0,1,0,1,1,-1,9,1,55,8,2987,2,16,MERCEDES ML CLASS,3,E01013319,0,1
2024461488799,2024,461488799,1,9,0,-1,19,7,3,-1,0,0,0,0,0,0,1,1,-1,6,2,20,4,3724,1,20,MERCEDES ML CLASS,-1,-1,0,-1
2024061532810,2024,061532810,1,9,0,-1,9,1,5,-1,0,5,0,0,0,0,3,9,-1,6,1,55,8,2987,2,14,MERCEDES ML CLASS,3,E01005547,0,1
2024041418618,2024,041418618,3,9,0,-1,2,3,7,-1,0,1,0,0,0,0,1,1,-1,6,-1,-1,-1,2987,2,13,MERCEDES ML CLASS,-1,-1,0,-1
2024520402794,2024,520402794,1,9,0,18,19,6,2,0,0,0,5,0,1,3,1,1,6,6,1,36,7,2987,2,18,MERCEDES ML CLASS,8,E01029206,0,2
2024471476236,2024,471476236,1,9,0,-1,19,8,4,-1,0,0,0,0,0,0,1,1,-1,9,2,41,7,2987,2,18,MERCEDES ML CLASS,6,E01020959,0,1
2024010545033,2024,010545033,1,9,0,3,3,4,8,0,0,1,0,0,0,0,1,1,6,6,2,66,10,2143,2,10,MERCEDES ML CLASS,6,E01002875,0,1
2024531502702,2024,531502702,1,9,0,-1,9,3,7,-1,0,5,0,0,0,0,1,1,-1,6,2,28,6,2688,2,23,MERCEDES ML CLASS,6,E01022260,0,2
2024332400326,2024,332400326,2,9,0,-1,19,2,5,-1,0,1,0,0,0,0,1,1,-1,9,1,59,9,2987,2,13,MERCEDES ML CLASS,5,E01019861,0,2
2024471406534,2024,471406534,2,9,0,-1,2,0,0,-1,0,0,0,4,1,0,3,1,-1,6,-1,-1,-1,2987,2,10,MERCEDES ML CLASS,-1,-1,0,-1
2024231528635,2024,231528635,1,9,0,-1,1,7,3,-1,0,1,0,0,0,0,2,9,-1,6,1,-1,-1,2143,2,11,MERCEDES ML CLASS,7,E01031260,0,1
2024361531742,2024,361531742,2,9,0,-1,19,3,7,-1,0,0,0,0,7,0,1,1,-1,6,2,52,8,2688,2,19,MERCEDES ML CLASS,6,E01026678,0,2
2024010547948,2024,010547948,2,9,0,99,99,9,9,99,99,9,9,99,9,99,1,9,6,6,3,-1,-1,4966,1,22,MERCEDES ML CLASS,-1,-1,0,-1
202417L301024,2024,17L301024,1,9,0,18,19,4,8,0,0,0,0,0,0,0,3,1,6,6,1,-1,-1,2143,2,9,MERCEDES ML CLASS,-1,-1,0,-1
2024340WN5062,2024,340WN5062,2,9,0,-1,19,7,3,-1,0,8,0,0,0,0,4,1,-1,6,1,51,8,2143,2,9,MERCEDES ML CLASS,6,E01027234,0,1
2024421475341,2024,421475341,2,9,0,-1,10,1,5,-1,0,1,0,0,0,0,4,1,-1,6,2,56,9,2987,2,11,MERCEDES ML CLASS,5,E01021313,0,1
2024440157021,2024,440157021,4,9,0,2,2,0,0,0,0,0,0,0,0,0,2,1,6,6,2,59,9,2987,2,17,MERCEDES ML CLASS,-1,-1,0,-1
2024201494814,2024,201494814,1,9,0,-1,19,8,4,-1,0,0,0,0,0,0,4,9,-1,6,3,-1,-1,2987,2,15,MERCEDES ML CLASS,-1,-1,0,-1
2024411512510,2024,411512510,2,9,0,-1,19,1,5,-1,0,1,0,0,0,0,1,1,-1,6,2,46,8,2143,2,11,MERCEDES ML CLASS,9,E01023846,0,2
2024302500079,2024,302500079,2,9,0,-1,19,3,7,-1,0,8,0,0,0,0,3,1,-1,6,1,47,8,2987,2,16,MERCEDES ML CLASS,6,E01019798,0,1
2024010519191,2024,010519191,2,9,0,2,2,0,0,0,0,0,0,0,0,0,1,1,6,6,3,-1,-1,2143,2,9,MERCEDES ML CLASS,-1,-1,0,-1
2024471474449,2024,471474449,2,9,0,-1,19,3,7,-1,0,2,0,0,0,0,3,1,-1,9,2,52,8,2987,2,18,MERCEDES ML CLASS,9,E01021129,0,3
2024122500135,2024,122500135,2,9,0,18,19,2,6,0,0,8,0,0,7,11,4,1,6,6,1,61,9,2987,2,14,MERCEDES ML CLASS,10,E01027683,0,1
2024401419375,2024,401419375,1,9,-1,-1,7,7,5,-1,0,3,0,0,0,0,1,9,-1,6,1,42,7,2143,2,10,MERCEDES ML CLASS,1,E01002095,0,4
2024440245546,2024,440245546,2,9,0,4,4,6,2,0,0,1,0,0,0,0,2,1,2,2,1,42,7,2987,2,14,MERCEDES ML CLASS,10,E01023273,0,4
2024471441299,2024,471441299,3,9,0,-1,19,1,5,-1,0,0,0,0,0,0,3,1,-1,9,2,77,11,2987,2,16,MERCEDES ML CLASS,9,E01031723,0,4
2024010510682,2024,010510682,2,9,0,18,19,3,7,0,0,1,0,10,0,0,1,1,6,6,3,24,5,2143,2,11,MERCEDES ML CLASS,-1,-1,0,-1
2024101396893,2024,101396893,2,9,0,-1,19,7,3,-1,0,4,1,0,0,0,4,1,-1,6,1,56,9,2987,2,12,MERCEDES ML CLASS,-1,-1,0,-1