collision_index,collision_year,collision_ref_no,vehicle_reference,vehicle_type,towing_and_articulation,vehicle_manoeuvre_historic,vehicle_manoeuvre,vehicle_direction_from,vehicle_direction_to,vehicle_location_restricted_lane_historic,vehicle_location_restricted_lane,junction_location,skidding_and_overturning,hit_object_in_carriageway,vehicle_leaving_carriageway,hit_object_off_carriageway,first_point_of_impact,vehicle_left_hand_drive,journey_purpose_of_driver_historic,journey_purpose_of_driver,sex_of_driver,age_of_driver,age_band_of_driver,engine_capacity_cc,propulsion_code,age_of_vehicle,generic_make_model,driver_imd_decile,lsoa_of_driver,escooter_flag,driver_distance_banding
2024010521091,2024,010521091,1,9,0,4,4,3,7,0,0,0,0,0,0,0,3,1,6,6,1,44,7,2143,2,12,MERCEDES ML CLASS,3,E01001203,0,1
2024552400570,2024,552400570,1,9,0,5,5,3,7,0,0,4,0,0,0,0,3,1,6,6,1,41,7,3997,2,16,MERCEDES ML CLASS,8,E01015447,0,1
2024161418806,2024,161418806,3,9,4,-1,19,7,3,-1,0,1,0,0,0,0,1,1,-1,9,1,40,7,2987,2,16,MERCEDES ML CLASS,1,E01012761,0,4
2024201520884,2024,201520884,1,9,0,-1,13,6,2,-1,0,0,1,4,0,0,4,1,-1,9,1,34,6,6208,1,18,MERCEDES ML CLASS,3,E01009864,0,1
2024010520382,2024,010520382,2,9,0,18,19,1,5,0,0,1,0,0,0,0,1,1,2,2,1,65,9,3200,1,24,MERCEDES ML CLASS,4,E01001002,0,3
2024010508717,2024,010508717,1,9,0,15,15,1,5,0,0,2,0,0,0,0,1,1,6,6,1,25,5,2143,2,10,MERCEDES ML CLASS,-1,-1,0,-1
2024201531942,2024,201531942,4,9,0,-1,4,8,4,-1,0,0,0,0,0,0,2,1,-1,6,1,60,9,3199,1,24,MERCEDES ML CLASS,-1,-1,0,-1
2024320462881,2024,320462881,3,9,0,-1,-1,6,2,0,0,1,0,0,0,0,1,1,6,6,1,61,9,2987,2,12,MERCEDES ML CLASS,9,E01026402,0,3
2024451430413,2024,451430413,1,9,0,-1,5,7,3,-1,0,0,0,0,0,0,2,1,-1,9,2,53,8,5461,1,11,MERCEDES ML CLASS,10,E01030689,0,3
2024122401257,2024,122401257,1,9,0,18,19,1,5,0,0,0,5,0,0,0,1,1,1,1,1,59,9,2688,2,22,MERCEDES ML CLASS,5,E01027857,0,2
2024010559564,2024,010559564,1,9,0,99,99,9,9,99,99,9,9,99,9,99,0,9,6,6,3,-1,-1,2987,2,12,MERCEDES ML CLASS,-1,-1,0,-1
2024421536386,2024,421536386,2,9,0,-1,19,7,3,-1,0,8,0,0,0,0,1,1,-1,9,2,45,7,2987,2,10,MERCEDES ML CLASS,8,E01035175,0,2
2024440190054,2024,440190054,3,9,0,18,19,2,6,0,0,0,0,0,0,0,1,1,2,2,1,39,7,2987,2,14,MERCEDES ML CLASS,7,E01022979,0,2
2024461466140,2024,461466140,1,9,0,-1,5,7,3,-1,0,0,0,0,0,0,1,1,-1,2,1,46,8,2143,2,11,MERCEDES ML CLASS,4,E01024279,0,1
2024201484626,2024,201484626,1,9,0,-1,19,6,2,-1,0,0,0,0,0,0,1,1,-1,6,3,30,6,2987,2,15,MERCEDES ML CLASS,-1,-1,0,-1
2024201470182,2024,201470182,1,9,0,-1,19,2,8,-1,0,1,0,0,0,0,3,9,-1,6,1,-1,-1,2987,2,15,MERCEDES ML CLASS,-1,-1,0,-1
2024201434822,2024,201434822,1,9,0,-1,19,2,7,-1,0,8,0,0,0,0,3,9,-1,6,2,51,8,2987,2,15,MERCEDES ML CLASS,2,E01009865,0,1
2024531435946,2024,531435946,1,9,0,-1,9,5,1,-1,0,1,0,0,0,0,1,1,-1,7,1,34,6,2987,2,10,MERCEDES ML CLASS,1,E01022147,0,1
2024141505095,2024,141505095,1,3,0,-1,19,6,2,-1,0,3,0,0,0,0,3,1,-1,2,1,57,9,125,1,3,MAKE AND MODEL REDACTED,1,E01007574,0,2
2024552401206,2024,552401206,1,4,0,18,19,6,2,0,0,0,1,0,0,0,0,1,6,6,1,18,4,125,1,0,MAKE AND MODEL REDACTED,3,E01015426,0,1
2024302400588,2024,302400588,2,3,0,18,19,6,2,0,0,8,0,0,0,0,4,1,2,2,2,33,6,125,1,2,MAKE AND MODEL REDACTED,6,E01013507,0,1
2024361429947,2024,361429947,1,3,0,-1,9,4,8,-1,0,8,0,0,0,0,1,1,-1,6,2,20,4,125,1,1,MAKE AND MODEL REDACTED,1,E01026641,0,2
2024501407226,2024,501407226,2,3,0,-1,9,8,6,-1,0,1,0,0,0,0,1,1,-1,6,1,29,6,125,1,1,MAKE AND MODEL REDACTED,4,E01020032,0,1
2024131507665,2024,131507665,2,4,0,-1,9,1,5,-1,0,8,0,0,0,0,2,1,-1,9,1,17,4,125,1,2,MAKE AND MODEL REDACTED,1,E01011467,0,1
2024501457533,2024,501457533,1,9,0,-1,13,1,5,-1,0,0,5,10,1,4,1,1,-1,9,1,31,6,3996,1,4,MAKE AND MODEL REDACTED,8,E01020240,0,1
2024211428765,2024,211428765,1,9,0,-1,19,4,4,-1,0,0,0,0,0,0,1,1,-1,6,1,51,8,3993,1,10,MAKE AND MODEL REDACTED,6,E01014299,0,1
2024471400783,2024,471400783,1,9,0,-1,19,3,7,-1,0,4,0,0,0,0,1,1,-1,9,1,47,8,3993,1,8,MAKE AND MODEL REDACTED,5,E01030814,0,4
2024061429397,2024,061429397,2,9,9,-1,1,-1,-1,-1,0,0,0,0,0,0,1,1,-1,6,3,-1,-1,3993,1,9,MAKE AND MODEL REDACTED,-1,-1,0,-1
2024501471372,2024,501471372,1,9,0,-1,19,3,7,-1,0,0,0,0,0,0,1,1,-1,9,1,35,6,3996,1,1,MAKE AND MODEL REDACTED,9,E01015697,0,5
2024201491480,2024,201491480,1,9,0,-1,4,2,6,-1,0,0,0,0,0,0,1,1,-1,9,2,39,7,1995,2,9,BMW 4 SERIES,4,E01009187,0,1
2024010540532,2024,010540532,1,9,0,7,7,5,7,0,0,8,0,0,0,0,4,1,6,6,1,30,6,1998,1,0,BMW 4 SERIES,5,E01004733,0,1
2024122401212,2024,122401212,2,9,0,18,19,7,3,0,0,0,0,0,0,0,2,1,6,6,1,37,7,2993,2,5,BMW 4 SERIES,9,E01027882,0,2
2024010513795,2024,010513795,2,9,0,18,19,3,7,0,0,8,0,0,0,0,4,1,6,6,1,57,9,1995,2,8,BMW 4 SERIES,4,E01001397,0,1
2024351411473,2024,351411473,1,9,0,-1,19,-1,-1,-1,0,4,0,0,0,0,1,9,-1,6,1,23,5,1998,1,8,BMW 4 SERIES,8,E01026035,0,4
2024371463804,2024,371463804,1,9,0,-1,19,-1,-1,-1,0,0,0,0,0,0,4,1,-1,6,1,32,6,1995,2,7,BMW 4 SERIES,8,E01029890,0,1
2024201439287,2024,201439287,1,8,0,-1,15,4,8,-1,0,1,0,0,0,0,1,9,-1,6,1,47,8,-1,-1,-1,BMW 4 SERIES,2,E01008883,0,2
2024010506099,2024,010506099,2,9,0,9,9,5,2,0,0,8,0,0,0,0,3,1,6,6,1,36,7,2993,2,6,BMW 4 SERIES,3,E01003309,0,1
2024421454078,2024,421454078,1,9,0,-1,19,5,1,-1,0,0,0,0,0,0,1,1,-1,9,1,21,5,1995,2,9,BMW 4 SERIES,10,E01021612,0,1
2024201474174,2024,201474174,1,9,0,-1,19,6,2,-1,0,8,0,0,0,0,1,9,-1,6,1,-1,-1,2993,2,8,BMW 4 SERIES,-1,-1,0,-1
2024622400633,2024,622400633,1,9,0,18,19,8,4,0,0,0,0,0,0,0,1,1,6,6,2,53,8,1998,1,6,BMW 4 SERIES,5,W01001038,0,1
2024201465331,2024,201465331,1,9,0,-1,19,5,1,-1,0,8,0,0,0,0,1,9,-1,6,1,35,6,2993,2,7,BMW 4 SERIES,-1,-1,0,-1
2024461464065,2024,461464065,1,9,0,-1,19,6,2,-1,0,0,0,10,1,0,4,9,-1,9,1,48,8,1995,2,4,BMW 4 SERIES,10,E01024755,0,2
2024421447835,2024,421447835,1,9,0,-1,19,3,7,-1,0,0,0,0,0,0,1,1,-1,9,1,32,6,1995,2,6,BMW 4 SERIES,2,E01022006,0,4
2024501471538,2024,501471538,1,9,0,-1,10,7,5,-1,0,2,0,0,0,0,1,9,-1,2,1,49,8,1998,1,4,BMW 4 SERIES,10,E01020004,0,4
2024610029624,2024,610029624,1,9,0,16,19,5,8,0,0,0,1,0,7,11,2,1,6,6,1,24,5,1995,2,10,BMW 4 SERIES,8,W01001392,0,2
2024010512195,2024,010512195,2,9,0,5,5,1,5,0,0,4,0,0,0,0,1,1,6,6,1,59,9,1995,2,9,BMW 4 SERIES,2,E01033587,0,1
2024421402705,2024,421402705,2,9,0,-1,3,6,2,-1,0,0,0,0,0,0,2,1,-1,9,2,37,7,1998,1,6,BMW 4 SERIES,8,E01034363,0,1
2024010547603,2024,010547603,1,9,0,99,99,9,9,99,99,9,9,99,9,99,1,9,2,2,1,35,6,1998,1,1,BMW 4 SERIES,10,E01016424,0,4
2024122500318,2024,122500318,1,9,0,13,13,5,1,0,0,0,0,0,0,0,1,1,6,6,3,-1,-1,1995,2,7,BMW 4 SERIES,-1,-1,0,-1
2024010516018,2024,010516018,1,9,0,18,19,6,2,0,0,6,0,0,0,0,1,1,6,6,1,19,4,1995,2,10,BMW 4 SERIES,4,E01000915,0,1
2024411423542,2024,411423542,6,9,0,-1,2,0,0,-1,0,2,0,0,0,0,1,1,-1,6,-1,-1,-1,2993,12,2,BMW 4 SERIES,-1,-1,0,-1
2024010526628,2024,010526628,1,9,0,5,5,5,1,0,0,1,0,0,0,0,1,1,6,6,1,33,6,1995,2,8,BMW 4 SERIES,7,E01004146,0,1
2024201494440,2024,201494440,1,9,0,-1,19,5,1,-1,0,1,0,0,0,0,1,9,-1,6,1,-1,-1,1998,1,4,BMW 4 SERIES,-1,-1,0,-1
2024010498991,2024,010498991,3,9,0,18,19,7,3,0,0,1,1,0,1,3,1,1,6,6,3,-1,-1,1995,12,3,BMW 4 SERIES,-1,-1,0,-1
2024552500042,2024,552500042,1,9,0,18,19,8,4,0,0,0,0,0,0,0,1,1,6,6,1,35,6,2993,2,10,BMW 4 SERIES,2,E01015367,0,1
2024010500494,2024,010500494,2,9,0,1,1,9,9,99,99,9,9,99,9,99,1,9,6,6,3,-1,-1,1995,2,9,BMW 4 SERIES,-1,-1,0,-1
2024010537415,2024,010537415,2,9,0,99,99,9,9,99,99,9,9,99,9,99,1,9,6,6,1,52,8,1997,1,9,BMW 4 SERIES,7,E01002197,0,1
2024052402707,2024,052402707,3,9,0,2,2,0,0,0,0,0,0,0,0,0,4,1,6,6,3,-1,-1,1995,2,8,BMW 4 SERIES,-1,-1,0,-1
2024501457003,2024,501457003,1,9,0,-1,19,3,7,-1,0,0,0,0,0,0,2,1,-1,1,1,59,9,1998,1,3,BMW 4 SERIES,3,E01014811,0,5
2024231454614,2024,231454614,2,9,0,-1,19,5,2,-1,0,0,0,0,0,0,1,1,-1,6,1,48,8,1995,2,6,BMW 4 SERIES,3,E01034738,0,2
2024061488034,2024,061488034,3,9,0,-1,99,3,7,-1,99,0,0,0,0,0,4,1,-1,9,2,24,5,1995,2,9,BMW 4 SERIES,4,E01002447,0,5
2024421426867,2024,421426867,2,9,0,-1,9,7,3,-1,0,8,0,0,0,0,1,1,-1,2,1,36,7,1998,1,2,BMW 4 SERIES,5,E01035169,0,1
2024010521977,2024,010521977,3,9,0,18,19,3,7,0,0,8,1,1,0,0,1,1,6,6,1,36,7,1998,1,6,BMW 4 SERIES,-1,-1,0,-1
2024440048492,2024,440048492,2,9,0,12,12,1,5,0,0,2,0,0,0,0,2,1,2,2,1,26,6,2998,1,5,BMW 4 SERIES,2,E01022550,0,1
2024010513879,2024,010513879,1,9,0,18,19,7,3,0,0,1,0,0,0,0,1,1,6,6,1,74,10,1997,1,11,BMW 4 SERIES,7,E01004583,0,3
2024061498822,2024,061498822,2,9,9,-1,19,7,3,-1,0,0,0,0,0,0,2,1,-1,6,2,38,7,1995,2,8,BMW 4 SERIES,4,E01005629,0,1
2024010529133,2024,010529133,1,9,0,15,15,5,1,2,2,8,0,0,0,0,1,1,6,6,1,22,5,1998,1,5,BMW 4 SERIES,2,E01001130,0,3
2024430051482,2024,430051482,3,9,0,18,19,6,2,0,0,0,0,0,0,0,4,1,6,6,1,27,6,1995,2,5,BMW 4 SERIES,8,W01001949,0,5
2024221457060,2024,221457060,1,9,0,-1,4,6,2,-1,0,1,0,0,0,0,4,9,-1,2,1,28,6,1998,1,7,BMW 4 SERIES,6,E01031316,0,4
2024131531380,2024,131531380,1,9,0,-1,19,5,1,-1,0,0,0,0,0,0,1,2,-1,9,2,69,10,1998,1,4,BMW 4 SERIES,-1,-1,0,-1
2024070358023,2024,070358023,1,9,0,5,5,3,7,0,0,8,0,0,0,0,1,1,6,6,1,25,5,1998,1,3,BMW 4 SERIES,10,E01018584,0,1
2024010549189,2024,010549189,1,9,0,18,19,7,3,0,0,1,0,0,0,0,1,2,6,6,1,35,6,1995,2,10,BMW 4 SERIES,7,E01000165,0,2
2024461399798,2024,461399798,3,9,0,-1,3,7,3,-1,0,0,0,0,0,0,2,9,-1,6,2,-1,-1,1995,-1,2,BMW 4 SERIES,-1,-1,0,-1
2024991501290,2024,991501290,2,9,0,-1,19,3,7,-1,0,0,0,0,0,0,2,1,-1,9,1,54,8,2993,2,8,BMW 4 SERIES,3,-1,0,1
2024010533171,2024,010533171,2,9,0,18,19,5,1,0,0,0,0,0,0,0,1,1,6,6,2,26,6,2979,1,10,BMW 4 SERIES,5,E01000162,0,2
2024010540939,2024,010540939,1,9,0,10,10,5,4,0,0,6,0,0,0,0,1,1,6,6,1,41,7,1997,1,10,BMW 4 SERIES,10,E01017777,0,4
2024421470381,2024,421470381,1,9,0,-1,1,5,1,-1,0,2,0,0,0,0,3,1,-1,9,1,32,6,1998,1,8,BMW 4 SERIES,8,E01015823,0,1
2024010543504,2024,010543504,2,9,0,18,19,3,7,0,0,8,0,0,0,0,1,1,6,6,1,29,6,1995,2,7,BMW 4 SERIES,1,E01000221,0,3
2024010510269,2024,010510269,1,9,0,5,5,3,7,0,0,1,0,0,0,0,0,1,3,7,2,45,7,2993,2,6,BMW 4 SERIES,8,E01001062,0,1
2024010533458,2024,010533458,2,9,0,99,99,9,9,99,99,9,9,99,9,99,9,9,2,2,1,26,6,1998,1,7,BMW 4 SERIES,9,E01002270,0,2
2024010522567,2024,010522567,1,9,0,3,3,3,7,0,0,1,0,0,0,0,3,1,6,6,1,35,6,1995,2,8,BMW 4 SERIES,2,E01004298,0,1
2024201530465,2024,201530465,1,9,0,-1,19,5,1,-1,0,0,0,0,0,0,1,1,-1,6,-1,-1,-1,1998,1,0,BMW 4 SERIES,-1,-1,0,-1
2024041504518,2024,041504518,1,9,0,-1,19,3,7,-1,0,0,0,0,1,0,4,1,-1,2,1,55,8,1998,1,2,BMW 4 SERIES,8,E01025596,0,3
2024111406667,2024,111406667,1,9,0,-1,8,8,4,-1,0,1,0,0,0,0,1,1,-1,6,2,42,7,1995,2,8,BMW 4 SERIES,3,E01020801,0,1
2024010508080,2024,010508080,1,9,0,18,19,7,3,0,0,0,0,0,0,0,2,1,6,6,1,22,5,1995,2,6,BMW 4 SERIES,2,E01003592,0,1
2024010541199,2024,010541199,1,9,0,15,15,3,7,0,0,2,1,10,0,0,1,1,6,6,1,28,6,2993,2,8,BMW 4 SERIES,3,E01001970,0,2
2024231407632,2024,231407632,2,9,0,-1,19,6,2,-1,0,8,0,0,0,0,1,1,-1,9,2,28,6,1995,2,10,BMW 4 SERIES,5,E01031325,0,1
2024101418677,2024,101418677,1,9,0,-1,1,8,4,-1,0,0,0,0,0,0,4,9,-1,6,1,30,6,2993,2,9,BMW 4 SERIES,-1,-1,0,-1
2024061513213,2024,061513213,3,9,0,-1,10,5,1,-1,0,1,0,0,0,0,3,1,-1,9,1,57,9,2993,2,5,BMW 4 SERIES,9,E01006062,0,1
2024041397250,2024,041397250,1,9,0,-1,19,1,5,-1,0,0,0,0,0,0,1,1,-1,2,1,57,9,1997,1,10,BMW 4 SERIES,1,E01012704,0,2
2024430142830,2024,430142830,1,9,0,18,19,7,3,0,0,8,0,0,0,0,1,1,2,2,1,23,5,2998,1,7,BMW 4 SERIES,7,E01016473,0,1
2024401454377,2024,401454377,1,9,0,-1,19,7,3,-1,0,1,0,0,0,0,1,1,-1,6,2,26,6,1995,2,8,BMW 4 SERIES,3,E01015795,0,1
2024340WN3352,2024,340WN3352,2,9,0,-1,19,3,7,-1,0,0,0,0,0,0,1,1,-1,6,1,58,9,1995,2,8,BMW 4 SERIES,4,E01031980,0,5
2024061525396,2024,061525396,1,9,-1,-1,-1,-1,-1,-1,-1,0,-1,-1,-1,0,-1,9,-1,6,3,-1,-1,1998,1,7,BMW 4 SERIES,-1,-1,0,-1
2024451510159,2024,451510159,2,9,0,-1,19,5,1,-1,0,3,0,0,0,0,1,1,-1,9,1,77,11,1998,1,8,BMW 4 SERIES,8,E01030965,0,1
2024991431965,2024,991431965,1,9,0,-1,4,6,2,-1,0,0,1,0,0,0,1,1,-1,9,2,34,6,1995,2,6,BMW 4 SERIES,9,-1,0,1
2024010546412,2024,010546412,1,9,0,99,99,9,9,99,99,9,9,99,9,99,9,9,6,6,1,35,6,1995,2,9,BMW 4 SERIES,2,E01015716,0,4
2024471505987,2024,471505987,2,9,0,-1,2,0,0,-1,9,0,0,0,0,0,2,1,-1,6,-1,-1,-1,2993,2,9,BMW 4 SERIES,-1,-1,0,-1
2024430543088,2024,430543088,2,9,0,18,19,8,4,0,0,8,0,0,0,0,1,1,6,6,1,47,8,2993,2,8,BMW 4 SERIES,9,E01028817,0,4
2024430309958,2024,430309958,1,9,0,18,19,1,5,0,0,0,0,0,0,0,1,1,6,6,2,23,5,1995,2,11,BMW 4 SERIES,6,E01017852,0,1
2024201449228,2024,201449228,2,9,0,-1,3,6,2,-1,0,0,0,0,0,0,2,1,-1,9,1,37,7,1995,2,10,BMW 4 SERIES,2,E01009095,0,1
2024201526198,2024,201526198,1,9,0,-1,19,1,5,-1,0,0,0,4,0,0,1,1,-1,6,1,38,7,2993,12,3,BMW 4 SERIES,4,E01009145,0,1
2024991535957,2024,991535957,1,9,0,-1,4,6,3,-1,0,1,0,0,0,0,1,1,-1,2,2,25,5,1995,2,8,BMW 4 SERIES,-1,-1,0,-1
2024010533624,2024,010533624,4,9,9,18,19,1,5,99,99,9,9,99,9,99,9,1,6,6,1,38,7,1998,1,7,BMW 4 SERIES,2,E01001875,0,3
2024010537793,2024,010537793,1,9,0,9,9,2,1,0,0,5,0,0,0,0,4,1,6,6,3,24,5,1995,2,7,BMW 4 SERIES,-1,-1,0,-1
2024351519997,2024,351519997,1,9,0,-1,19,1,4,-1,0,1,0,0,0,0,1,1,-1,6,1,21,5,1995,2,9,BMW 4 SERIES,6,E01015651,0,1
2024421417482,2024,421417482,1,9,0,-1,19,8,4,-1,0,0,0,0,0,0,1,9,-1,6,2,27,6,1995,2,7,BMW 4 SERIES,2,E01011040,0,5
2024471477089,2024,471477089,1,9,0,-1,9,4,3,-1,0,5,0,0,0,0,1,1,-1,9,2,52,8,1998,1,4,BMW 4 SERIES,5,E01021133,0,2
2024421402694,2024,421402694,2,9,0,-1,3,2,6,-1,0,0,0,0,1,0,2,1,-1,6,2,47,8,1995,2,8,BMW 4 SERIES,9,E01021409,0,4
2024430078955,2024,430078955,1,9,0,18,19,6,2,0,0,4,0,10,3,2,1,1,6,6,1,29,6,2993,2,9,BMW 4 SERIES,2,E01016451,0,1
2024010540353,2024,010540353,2,9,0,99,99,9,9,99,99,6,9,99,9,99,1,9,6,6,3,-1,-1,1995,2,9,BMW 4 SERIES,-1,-1,0,-1
2024631511040,2024,631511040,1,9,0,-1,19,5,8,-1,0,0,0,0,0,0,3,1,-1,6,2,33,6,2993,2,7,BMW 4 SERIES,5,W01000509,0,2
2024421441342,2024,421441342,1,9,0,-1,5,1,5,-1,0,1,1,0,7,0,1,1,-1,6,-1,-1,-1,2979,1,10,BMW 4 SERIES,-1,-1,0,-1
2024461468869,2024,461468869,2,9,0,-1,19,8,4,-1,0,0,1,0,0,0,2,9,-1,9,2,48,8,1998,1,0,BMW 4 SERIES,7,E01021350,0,4
2024361459958,2024,361459958,2,9,0,-1,4,7,3,-1,0,0,0,0,0,0,2,1,-1,6,1,45,7,1995,2,5,BMW 4 SERIES,7,E01026545,0,1
2024061473228,2024,061473228,1,9,0,-1,7,1,3,-1,0,8,0,0,0,0,4,9,-1,1,2,51,8,1995,2,10,BMW 4 SERIES,8,E01004835,0,1
2024991528768,2024,991528768,1,9,0,-1,19,6,2,-1,0,0,1,0,0,0,2,1,-1,6,1,27,6,2993,2,8,BMW 4 SERIES,-1,-1,0,-1
2024010547068,2024,010547068,2,9,9,99,99,9,9,99,99,9,9,99,9,99,9,9,6,6,3,-1,-1,1995,2,9,BMW 4 SERIES,-1,-1,0,-1
2024010514799,2024,010514799,2,9,0,18,19,1,5,0,0,2,0,0,0,0,1,1,6,6,1,24,5,1998,1,7,BMW 4 SERIES,7,E01004192,0,1
2024622400516,2024,622400516,1,9,0,1,1,3,7,0,0,1,0,0,0,0,2,1,6,6,1,41,7,1998,1,3,BMW 4 SERIES,10,W01001914,0,2
2024041393740,2024,041393740,1,9,0,-1,19,5,1,-1,0,0,1,0,4,0,3,1,-1,9,1,29,6,2993,2,6,BMW 4 SERIES,1,E01010964,0,4
2024201503092,2024,201503092,1,9,0,-1,19,5,1,-1,0,0,0,0,0,0,1,9,-1,6,1,50,8,1995,2,10,BMW 4 SERIES,-1,-1,0,-1
2024430550706,2024,430550706,1,9,0,18,19,7,3,0,0,0,0,0,0,0,3,1,6,6,2,32,6,1998,1,0,BMW 4 SERIES,-1,-1,0,-1
2024131515175,2024,131515175,2,9,0,-1,19,1,5,-1,0,0,0,0,0,0,3,1,-1,9,1,57,9,1995,2,4,BMW 4 SERIES,2,E01011815,0,1
2024161423299,2024,161423299,2,9,0,-1,4,7,3,-1,0,1,0,0,0,0,2,1,-1,9,1,58,9,1995,2,10,BMW 4 SERIES,10,E01013116,0,1
2024010548793,2024,010548793,2,9,9,99,99,9,9,99,99,9,9,99,9,99,9,9,6,6,3,-1,-1,2993,2,10,BMW 4 SERIES,-1,-1,0,-1
2024010521112,2024,010521112,2,9,0,18,19,7,3,0,0,1,0,0,0,0,0,1,6,6,1,23,5,2993,2,10,BMW 4 SERIES,-1,-1,0,-1
2024061468228,2024,061468228,1,9,0,-1,13,-1,-1,-1,0,0,0,0,0,0,4,1,-1,2,1,55,8,2993,12,1,BMW 4 SERIES,7,E01031013,0,5
2024010539373,2024,010539373,1,9,0,99,99,9,9,99,99,9,9,99,9,99,1,9,6,6,1,31,6,1995,2,7,BMW 4 SERIES,5,E01000070,0,1
2024332400931,2024,332400931,2,9,0,-1,13,7,3,-1,0,4,0,7,0,0,1,1,-1,6,1,22,5,1995,2,7,BMW 4 SERIES,9,E01032601,0,1
2024010501943,2024,010501943,2,9,0,7,7,1,3,0,0,1,0,0,0,0,0,1,6,6,1,22,5,1998,1,4,BMW 4 SERIES,6,E01000140,0,2
2024440067644,2024,440067644,1,9,0,18,19,7,3,0,0,1,0,0,0,0,1,1,6,6,2,39,7,1995,2,9,BMW 4 SERIES,9,E01022674,0,2
2024070741448,2024,070741448,1,9,0,-1,9,7,3,-1,0,6,0,0,0,0,3,1,-1,6,2,-1,-1,1998,1,6,BMW 4 SERIES,-1,-1,0,-1
2024430069194,2024,430069194,1,9,0,18,19,8,4,0,0,1,0,0,0,0,1,1,6,6,1,-1,-1,1998,1,6,BMW 4 SERIES,-1,-1,0,-1
2024430627290,2024,430627290,2,9,0,18,19,6,2,0,0,8,0,0,0,0,1,1,6,6,1,34,6,1995,2,10,BMW 4 SERIES,10,E01017691,0,1
2024471426566,2024,471426566,1,9,0,-1,13,5,2,-1,0,0,1,0,1,4,1,1,-1,6,1,28,6,1998,1,5,BMW 4 SERIES,5,E01031628,0,1
2024010511827,2024,010511827,1,9,0,99,99,9,9,99,99,9,9,99,9,99,2,9,6,6,1,28,6,1995,2,10,BMW 4 SERIES,4,E01024296,0,4
2024061432815,2024,061432815,2,9,0,-1,19,7,3,-1,0,1,0,0,0,0,1,1,-1,2,1,67,10,1995,2,9,BMW 4 SERIES,9,W01001351,0,5
2024010537320,2024,010537320,1,9,0,18,19,5,1,0,0,0,0,0,0,0,1,1,6,6,3,24,5,1995,2,10,BMW 4 SERIES,-1,-1,0,-1
2024371411590,2024,371411590,2,9,0,-1,2,0,0,-1,0,0,0,0,0,0,4,1,-1,9,2,31,6,1998,1,6,BMW 4 SERIES,6,E01034565,0,1
2024010489961,2024,010489961,2,9,0,9,9,1,7,0,0,8,0,0,0,0,1,1,6,6,3,-1,-1,1995,2,9,BMW 4 SERIES,-1,-1,0,-1
2024351528038,2024,351528038,1,9,0,-1,19,3,7,-1,0,0,1,0,0,0,1,1,-1,1,1,29,6,1995,2,9,BMW 4 SERIES,7,E01015678,0,2
2024311414482,2024,311414482,1,9,0,-1,19,7,3,-1,0,0,0,0,0,0,1,1,-1,2,1,40,7,1995,2,9,BMW 4 SERIES,5,E01013831,0,1
2024501463899,2024,501463899,2,9,0,-1,19,6,2,-1,0,2,0,0,0,0,4,1,-1,6,1,67,10,1998,1,2,BMW 4 SERIES,6,E01020533,0,2
2024401466705,2024,401466705,2,9,0,-1,2,-1,-1,-1,0,1,0,0,0,0,2,9,-1,9,2,62,9,1995,12,3,BMW 4 SERIES,9,E01023430,0,2
2024520402697,2024,520402697,3,9,0,2,2,0,0,0,0,1,0,0,0,0,2,1,6,6,3,-1,-1,1995,2,9,BMW 4 SERIES,-1,-1,0,-1
2024010535598,2024,010535598,2,9,0,17,19,7,3,0,0,3,0,0,0,0,3,1,6,6,2,56,9,1995,2,11,BMW 4 SERIES,3,E01021565,0,4
2024311501712,2024,311501712,2,9,0,-1,19,7,7,-1,0,4,1,4,0,0,1,1,-1,6,1,43,7,2993,2,7,BMW 4 SERIES,-1,-1,0,-1
2024421528764,2024,421528764,1,9,0,-1,19,2,6,-1,0,0,0,0,7,0,1,1,-1,6,1,23,5,1998,1,2,BMW 4 SERIES,-1,-1,0,-1
2024351424460,2024,351424460,2,9,0,-1,9,3,5,-1,0,1,0,0,0,0,3,1,-1,6,1,22,5,1995,2,8,BMW 4 SERIES,4,E01015665,0,1
2024430181691,2024,430181691,2,9,0,7,7,8,2,0,0,3,1,9,7,0,1,1,6,6,3,-1,-1,1995,2,7,BMW 4 SERIES,-1,-1,0,-1
2024520001443,2024,520001443,1,9,0,18,19,3,7,0,0,8,0,0,0,0,1,1,6,6,1,58,9,1998,1,6,BMW 4 SERIES,7,E01014936,0,1
2024302400647,2024,302400647,1,9,0,18,19,2,6,0,0,2,0,0,0,0,1,1,6,6,1,-1,-1,1995,2,8,BMW 4 SERIES,4,E01013459,0,1
2024311475992,2024,311475992,2,9,0,-1,8,4,5,-1,0,2,0,0,0,0,1,1,-1,9,2,40,7,1995,2,7,BMW 4 SERIES,8,E01028288,0,1
2024401537216,2024,401537216,4,9,0,-1,19,3,7,-1,0,0,1,0,0,0,1,1,-1,6,1,28,6,1995,2,9,BMW 4 SERIES,3,E01017562,0,1
2024010516075,2024,010516075,3,9,0,2,2,0,0,6,6,0,0,4,0,0,2,1,6,6,3,-1,-1,1995,2,9,BMW 4 SERIES,-1,-1,0,-1
2024302401589,2024,302401589,1,9,0,4,4,4,6,0,0,8,0,0,0,0,2,1,6,6,2,52,8,1995,2,10,BMW 4 SERIES,6,E01013529,0,1
2024332401257,2024,332401257,1,9,0,-1,19,1,5,-1,0,0,0,0,0,0,1,1,-1,9,1,59,9,1995,2,10,BMW 4 SERIES,3,E01002540,0,5