collision_index,collision_year,collision_ref_no,vehicle_reference,vehicle_type,towing_and_articulation,vehicle_manoeuvre_historic,vehicle_manoeuvre,vehicle_direction_from,vehicle_direction_to,vehicle_location_restricted_lane_historic,vehicle_location_restricted_lane,junction_location,skidding_and_overturning,hit_object_in_carriageway,vehicle_leaving_carriageway,hit_object_off_carriageway,first_point_of_impact,vehicle_left_hand_drive,journey_purpose_of_driver_historic,journey_purpose_of_driver,sex_of_driver,age_of_driver,age_band_of_driver,engine_capacity_cc,propulsion_code,age_of_vehicle,generic_make_model,driver_imd_decile,lsoa_of_driver,escooter_flag,driver_distance_banding
2024361439460,2024,361439460,2,90,0,-1,19,7,3,-1,0,1,0,0,0,0,1,1,-1,9,1,56,9,1995,2,5,MAKE AND MODEL REDACTED,10,E01017415,0,4
2024211428734,2024,211428734,4,9,0,-1,19,4,8,-1,0,0,0,0,0,0,3,1,-1,9,2,26,6,1996,2,0,MAKE AND MODEL REDACTED,9,E01018680,0,4
2024471466643,2024,471466643,1,10,0,-1,9,6,3,-1,0,8,0,0,0,0,-1,9,-1,7,1,34,6,-1,-1,-1,MAKE AND MODEL REDACTED,1,E01009360,0,5
2024161484556,2024,161484556,2,4,0,-1,19,2,6,-1,0,1,0,0,0,0,9,1,-1,6,1,68,10,1868,1,3,MAKE AND MODEL REDACTED,9,E01033107,0,1
2024501441649,2024,501441649,2,5,0,-1,19,3,5,-1,0,3,1,0,0,0,2,1,-1,9,1,64,9,1868,1,5,MAKE AND MODEL REDACTED,8,E01034638,0,2
2024361399395,2024,361399395,2,9,0,-1,19,6,6,-1,0,0,0,0,0,0,1,9,-1,6,1,24,5,1997,1,31,MAKE AND MODEL REDACTED,8,E01026470,0,1
2024552400109,2024,552400109,1,9,0,9,9,7,5,0,0,5,0,0,0,0,3,1,6,6,1,20,4,2157,1,29,MAKE AND MODEL REDACTED,7,E01020475,0,1
2024501427714,2024,501427714,1,9,0,-1,9,5,2,-1,0,8,0,0,0,0,1,1,-1,6,2,39,7,2157,1,27,MAKE AND MODEL REDACTED,2,E01018751,0,1
202460Q182789,2024,60Q182789,2,3,0,18,19,6,2,0,0,1,0,0,0,0,1,1,6,6,1,17,4,125,1,24,HONDA VT,-1,-1,0,-1
2024501476982,2024,501476982,1,3,0,-1,4,7,3,-1,9,2,0,0,0,0,1,1,-1,9,1,66,10,125,1,16,HONDA VT,2,E01018774,0,3
2024471520184,2024,471520184,1,3,0,-1,19,7,3,-1,0,0,0,0,0,0,3,1,-1,9,1,64,9,125,1,19,HONDA VT,5,E01034303,0,3
2024461511012,2024,461511012,2,5,0,-1,15,3,8,-1,0,0,1,0,0,0,1,1,-1,2,1,30,6,745,1,19,HONDA VT,1,E01024597,0,3
2024320043142,2024,320043142,1,4,0,-1,-1,4,8,0,0,0,5,0,0,0,1,1,1,1,1,38,7,125,1,16,HONDA VT,3,E01018090,0,1
2024031434133,2024,031434133,1,5,0,-1,19,8,4,-1,0,1,1,0,0,0,1,1,-1,9,1,36,7,745,1,16,HONDA VT,3,E01019236,0,1
2024122500436,2024,122500436,1,5,0,18,19,7,3,0,0,0,1,0,0,0,0,1,6,6,1,22,5,745,1,16,HONDA VT,8,E01013450,0,1
2024440239768,2024,440239768,1,3,0,13,13,4,8,0,0,0,0,0,0,0,3,1,6,6,1,61,9,125,1,18,HONDA VT,5,E01023027,0,2
2024010506438,2024,010506438,1,5,0,14,14,7,3,0,0,1,0,0,0,0,4,1,1,1,1,24,5,745,1,8,HONDA VT,2,E01001318,0,2
2024501486887,2024,501486887,1,3,0,-1,4,6,2,-1,0,1,2,0,1,0,0,1,-1,9,1,58,9,125,1,21,HONDA VT,5,E01018849,0,3
2024361453370,2024,361453370,2,3,0,-1,5,3,5,-1,0,2,0,0,0,0,2,1,-1,9,1,20,4,125,1,21,MAKE AND MODEL REDACTED,2,E01033040,0,2
2024320389200,2024,320389200,4,9,0,-1,-1,2,6,0,0,0,1,1,1,9,1,1,-1,-1,1,33,6,1991,2,18,MAKE AND MODEL REDACTED,-1,-1,0,-1
2024430170525,2024,430170525,2,5,0,18,19,8,4,0,0,1,0,0,0,0,1,1,6,6,1,44,7,999,1,17,MAKE AND MODEL REDACTED,7,E01028470,0,2
2024461497457,2024,461497457,1,5,0,-1,19,5,1,-1,0,0,0,4,0,0,1,1,-1,6,1,24,5,999,1,17,MAKE AND MODEL REDACTED,2,E01024249,0,2
2024501444002,2024,501444002,1,5,0,-1,19,7,3,-1,0,0,0,0,0,0,4,1,-1,9,1,34,6,999,1,17,MAKE AND MODEL REDACTED,7,E01015107,0,1
2024131481181,2024,131481181,2,5,0,-1,19,3,7,-1,0,1,0,0,0,0,1,1,-1,9,1,48,8,999,1,18,MAKE AND MODEL REDACTED,3,E01011606,0,3
2024471435732,2024,471435732,2,5,0,-1,19,7,3,-1,0,8,0,0,0,0,1,1,-1,6,1,70,10,999,1,16,MAKE AND MODEL REDACTED,10,E01031691,0,4
2024440236559,2024,440236559,1,8,0,5,5,6,2,0,0,0,0,0,0,0,4,1,1,1,1,-1,-1,2494,8,3,LEXUS NX 300,-1,-1,0,-1
2024010523563,2024,010523563,2,9,0,99,99,9,9,99,99,9,9,99,9,99,1,9,6,6,3,71,10,2494,8,4,LEXUS NX 300,5,E01001142,0,1
2024010546537,2024,010546537,1,9,0,99,99,9,9,99,99,9,9,99,9,99,2,9,6,6,1,46,8,2494,8,9,LEXUS NX 300,4,E01004427,0,1
2024991536241,2024,991536241,1,9,0,-1,19,7,3,-1,0,0,0,0,1,4,1,1,-1,9,1,41,7,2494,8,3,LEXUS NX 300,9,-1,0,1
2024101516388,2024,101516388,2,9,0,-1,19,2,6,-1,0,8,0,0,0,0,4,1,-1,9,1,67,10,2494,8,8,LEXUS NX 300,2,E01008739,0,1
2024451495836,2024,451495836,2,9,0,-1,19,2,6,-1,0,1,0,0,0,0,1,1,-1,9,2,40,7,2494,8,5,LEXUS NX 300,6,E01030363,0,1
2024161418886,2024,161418886,2,9,0,-1,7,7,1,-1,0,1,0,0,0,0,1,1,-1,6,2,52,8,2494,8,6,LEXUS NX 300,6,E01003233,0,5
2024421527739,2024,421527739,1,9,0,-1,5,1,5,-1,-1,0,0,0,0,0,4,1,-1,6,1,35,6,2494,8,6,LEXUS NX 300,3,E01021846,0,1
2024401492922,2024,401492922,1,9,0,-1,19,5,3,-1,0,0,2,0,1,9,1,1,-1,9,2,50,8,2494,8,6,LEXUS NX 300,5,E01017960,0,4
2024231524701,2024,231524701,2,9,0,-1,5,7,3,-1,0,8,0,0,0,0,1,9,-1,6,1,35,6,2494,8,9,LEXUS NX 300,-1,-1,0,-1
2024451525545,2024,451525545,2,9,0,-1,10,7,3,-1,0,1,0,0,0,0,1,1,-1,2,2,36,7,2494,8,9,LEXUS NX 300,10,E01030637,0,1
2024010526955,2024,010526955,1,9,0,3,3,3,7,0,0,0,0,0,0,0,2,1,6,6,2,58,9,2494,8,5,LEXUS NX 300,5,E01001194,0,1
2024332401023,2024,332401023,1,9,0,-1,10,2,8,-1,0,8,0,0,0,0,2,1,-1,2,2,37,7,2494,8,7,LEXUS NX 300,1,E01013728,0,1
2024010509638,2024,010509638,2,9,0,2,2,0,0,0,0,8,0,0,0,0,1,2,6,6,3,-1,-1,2494,8,10,LEXUS NX 300,-1,-1,0,-1
2024471459204,2024,471459204,1,9,0,-1,19,5,1,-1,0,0,0,0,1,9,1,1,-1,9,1,74,10,2494,8,7,LEXUS NX 300,9,E01031497,0,1
2024231531127,2024,231531127,3,9,0,-1,3,6,2,-1,0,1,0,0,0,0,1,1,-1,9,1,39,7,2494,8,9,LEXUS NX 300,5,E01031168,0,1
2024430143297,2024,430143297,2,9,0,3,3,5,1,0,0,1,0,0,0,0,2,1,6,6,1,65,9,2494,8,9,LEXUS NX 300,10,E01017697,0,4
2024010517075,2024,010517075,2,9,0,99,99,9,9,99,99,9,9,99,9,99,9,9,6,6,3,-1,-1,2494,8,5,LEXUS NX 300,-1,-1,0,-1
2024411495421,2024,411495421,2,9,0,-1,2,6,2,-1,0,0,0,0,0,0,4,1,-1,9,1,50,8,2494,8,5,LEXUS NX 300,7,E01001223,0,4
2024131502850,2024,131502850,2,9,0,-1,5,1,5,-1,0,0,0,0,0,0,2,1,-1,9,2,47,8,2494,8,4,LEXUS NX 300,8,E01011857,0,4
2024302400266,2024,302400266,1,9,0,16,19,8,4,0,0,0,0,0,0,0,3,1,6,6,1,62,9,2494,8,3,LEXUS NX 300,7,E01019718,0,3
2024010546573,2024,010546573,2,9,0,10,10,5,3,0,0,8,0,0,0,0,1,1,6,6,2,46,8,2494,8,6,LEXUS NX 300,6,E01002656,0,1
2024461423497,2024,461423497,1,9,0,-1,-1,-1,-1,-1,0,0,0,0,0,0,1,9,-1,6,1,-1,-1,2494,8,9,LEXUS NX 300,10,E01024471,0,1
2024631474435,2024,631474435,1,9,0,-1,9,1,7,-1,0,6,0,0,0,0,1,1,-1,9,1,73,10,2494,8,4,LEXUS NX 300,10,E01023908,0,5
2024010506424,2024,010506424,1,9,0,4,4,5,1,0,0,1,0,0,0,0,1,1,2,2,2,43,7,2494,8,4,LEXUS NX 300,5,E01000519,0,1
2024340WN7132,2024,340WN7132,1,9,0,-1,19,3,7,-1,9,1,0,0,1,1,1,1,-1,9,1,49,8,2494,8,7,LEXUS NX 300,8,E01027022,0,3
2024440112472,2024,440112472,1,9,0,18,19,1,5,0,0,1,0,0,0,0,1,1,6,6,1,48,8,2494,8,9,LEXUS NX 300,6,E01002138,0,5
2024010499838,2024,010499838,1,9,0,18,19,3,7,9,9,1,0,10,7,11,1,1,2,2,2,70,10,2494,8,5,LEXUS NX 300,8,E01002474,0,2
2024131440914,2024,131440914,2,9,0,-1,4,3,7,-1,0,0,0,0,0,0,2,1,-1,6,2,57,9,2494,8,5,LEXUS NX 300,6,E01005057,0,4
2024010549964,2024,010549964,1,9,0,99,99,9,9,0,0,9,9,99,9,99,2,9,6,6,2,52,8,2494,8,6,LEXUS NX 300,3,E01001445,0,4
2024451480276,2024,451480276,2,9,0,-1,5,1,5,-1,0,8,0,0,3,1,1,1,-1,2,1,55,8,2494,8,5,LEXUS NX 300,10,E01030341,0,3
2024302400735,2024,302400735,1,9,0,7,7,8,2,0,0,8,0,0,0,0,1,1,6,6,1,81,11,2494,8,6,LEXUS NX 300,9,E01019449,0,1
2024010510239,2024,010510239,2,9,0,5,5,8,4,0,0,8,0,0,0,0,1,1,6,6,1,59,9,2494,8,6,LEXUS NX 300,5,E01003034,0,1
2024010531274,2024,010531274,2,9,0,99,99,9,9,99,99,9,9,99,9,99,1,9,6,6,1,42,7,2494,8,3,LEXUS NX 300,4,E01003568,0,2
2024451520928,2024,451520928,3,9,0,-1,2,0,0,-1,0,1,0,0,0,0,0,1,-1,6,-1,-1,-1,2494,8,5,LEXUS NX 300,-1,-1,0,-1
2024010533242,2024,010533242,2,9,9,99,99,9,9,99,99,9,9,99,9,99,9,9,6,6,3,-1,-1,2494,8,6,LEXUS NX 300,-1,-1,0,-1
2024440191486,2024,440191486,1,9,0,5,5,3,7,0,0,4,0,0,0,0,1,1,2,2,1,44,7,2494,8,9,LEXUS NX 300,6,E01022715,0,1
2024430112745,2024,430112745,1,9,0,18,19,4,8,0,0,1,0,0,0,0,1,1,6,6,1,53,8,2494,8,9,LEXUS NX 300,-1,-1,0,-1
2024311440426,2024,311440426,2,9,0,-1,19,1,5,-1,0,2,0,0,0,0,4,1,-1,6,2,35,6,2494,8,7,LEXUS NX 300,1,E01013824,0,1
2024461512956,2024,461512956,1,9,0,-1,19,1,5,-1,0,1,0,0,0,0,1,9,-1,6,1,55,8,2494,8,7,LEXUS NX 300,3,E01024395,0,1
2024440442405,2024,440442405,1,9,0,9,9,7,5,0,0,8,0,0,0,0,1,1,6,6,1,45,7,2494,8,6,LEXUS NX 300,2,E01017139,0,1
2024440045628,2024,440045628,1,9,0,9,9,3,1,0,0,8,0,0,0,0,4,1,6,6,2,70,10,2494,8,8,LEXUS NX 300,7,E01017320,0,1
2024440222109,2024,440222109,1,9,0,10,10,6,4,0,0,1,0,0,0,0,2,1,6,6,1,69,10,2494,8,10,LEXUS NX 300,5,E01022996,0,1
2024010523489,2024,010523489,1,9,0,99,99,9,9,0,0,9,0,0,9,99,4,1,6,6,1,-1,-1,2494,8,8,LEXUS NX 300,-1,-1,0,-1
2024010542752,2024,010542752,2,9,0,18,19,3,7,0,0,0,2,0,0,0,1,1,6,6,1,54,8,2494,8,8,LEXUS NX 300,3,E01000925,0,1
2024010539154,2024,010539154,2,9,0,11,11,1,5,0,0,5,0,0,0,0,2,1,6,6,1,34,6,2494,8,4,LEXUS NX 300,4,E01002393,0,1
2024501526729,2024,501526729,1,9,0,-1,10,2,6,-1,0,1,0,0,0,0,2,1,-1,2,2,52,8,2494,8,6,LEXUS NX 300,10,E01020253,0,1
2024411443179,2024,411443179,1,9,0,-1,7,4,2,-1,0,1,0,0,0,0,1,1,-1,1,1,55,8,2494,8,4,LEXUS NX 300,9,E01009804,0,5
2024451487650,2024,451487650,1,9,0,-1,19,1,1,-1,0,4,0,0,0,0,2,1,-1,6,2,68,10,2494,8,6,LEXUS NX 300,5,E01034293,0,1
2024201456150,2024,201456150,1,9,0,-1,4,8,4,-1,0,0,0,0,0,0,1,1,-1,6,2,67,10,2494,8,6,LEXUS NX 300,5,E01009253,0,2
2024461529883,2024,461529883,1,9,0,-1,19,3,7,-1,0,5,0,0,1,0,1,1,-1,9,1,43,7,2494,8,9,LEXUS NX 300,9,E01024799,0,1
2024010501865,2024,010501865,1,9,0,99,99,9,9,99,99,9,9,99,9,99,9,9,2,2,2,54,8,2494,8,3,LEXUS NX 300,7,E01001125,0,1
2024461482064,2024,461482064,1,9,0,-1,11,7,3,-1,0,0,1,0,2,0,1,9,-1,6,2,62,9,2494,8,5,LEXUS NX 300,9,E01000452,0,3
2024010534501,2024,010534501,2,9,0,18,19,5,1,0,0,7,0,0,0,0,4,1,1,1,2,23,5,2494,8,6,LEXUS NX 300,-1,-1,0,-1
2024010535245,2024,010535245,1,9,0,99,99,9,9,99,99,9,9,99,9,99,2,9,6,6,1,42,7,2494,8,7,LEXUS NX 300,4,E01001197,0,2
2024070358023,2024,070358023,2,9,0,9,9,5,3,0,0,6,0,0,0,0,1,1,6,6,1,70,10,2494,8,9,LEXUS NX 300,10,E01018602,0,1
2024061406696,2024,061406696,2,9,-1,-1,-1,-1,-1,-1,-1,-1,-1,-1,-1,0,-1,9,-1,6,3,48,8,2494,8,7,LEXUS NX 300,5,E01004833,0,1
2024991533825,2024,991533825,1,9,0,-1,9,3,7,-1,0,1,0,0,0,0,3,1,-1,6,1,23,5,2494,8,7,LEXUS NX 300,1,-1,0,2
2024010486807,2024,010486807,2,9,0,99,99,9,9,99,99,5,9,99,9,99,1,9,6,6,3,-1,-1,2494,8,6,LEXUS NX 300,8,E01000241,0,2
2024440459347,2024,440459347,1,9,0,9,9,1,7,0,0,6,0,0,0,0,1,1,2,2,2,60,9,2494,8,7,LEXUS NX 300,8,E01017286,0,1
2024010533519,2024,010533519,3,9,0,18,19,5,1,0,0,0,0,0,0,0,1,1,6,6,2,42,7,2494,8,7,LEXUS NX 300,2,E01004241,0,1
2024451490816,2024,451490816,1,9,0,-1,20,1,5,-1,0,5,0,0,0,0,3,1,-1,6,1,41,7,2494,8,6,LEXUS NX 300,9,E01030450,0,1
2024631489993,2024,631489993,2,9,0,-1,19,3,6,-1,0,0,0,0,0,0,1,1,-1,6,1,80,11,2494,8,6,LEXUS NX 300,8,E01005784,0,5
2024302401308,2024,302401308,2,9,0,9,9,4,2,0,0,2,0,0,0,0,4,1,6,6,1,62,9,2494,8,5,LEXUS NX 300,7,E01012815,0,5
2024622400072,2024,622400072,1,19,0,17,19,4,8,0,0,1,0,0,1,0,1,1,6,6,1,48,8,2299,2,3,NISSAN NAVARA,4,W01000809,0,3
2024440215781,2024,440215781,1,19,0,18,19,4,8,0,0,0,0,0,0,0,1,1,1,1,1,53,8,2488,2,10,NISSAN NAVARA,10,E01023220,0,1
2024430458251,2024,430458251,1,19,0,18,19,8,4,0,0,0,0,0,0,0,4,1,6,6,1,35,6,2298,2,8,NISSAN NAVARA,2,E01014464,0,4
2024542571824,2024,542571824,2,19,0,18,19,5,1,0,0,1,0,0,0,0,1,1,2,2,1,32,6,2298,2,8,NISSAN NAVARA,8,E01015556,0,2
2024622400530,2024,622400530,2,19,0,18,19,8,4,0,0,0,0,0,0,0,1,1,6,6,1,42,7,2299,2,3,NISSAN NAVARA,2,W01001467,0,4
2024991488321,2024,991488321,2,19,0,-1,19,5,1,-1,0,0,0,0,0,0,3,1,-1,1,1,42,7,2298,2,7,NISSAN NAVARA,7,-1,0,1
2024101528247,2024,101528247,3,19,0,-1,19,3,7,-1,0,1,0,0,0,0,1,1,-1,2,1,43,7,2488,2,10,NISSAN NAVARA,5,E01008196,0,2
2024131479319,2024,131479319,1,19,0,-1,-1,-1,-1,-1,-1,-1,-1,-1,-1,-1,1,1,-1,6,3,-1,-1,2488,2,9,NISSAN NAVARA,-1,-1,0,-1
2024501493107,2024,501493107,1,19,0,-1,4,3,7,-1,0,0,0,0,0,0,4,1,-1,1,2,51,8,2299,2,2,NISSAN NAVARA,6,E01020142,0,3
2024471505628,2024,471505628,1,19,0,-1,7,5,1,-1,0,8,0,0,0,0,1,1,-1,2,1,36,7,2991,2,11,NISSAN NAVARA,6,E01016892,0,1
2024122400863,2024,122400863,1,2,0,18,19,2,6,0,0,0,1,0,0,0,0,1,6,6,1,16,4,49,1,3,PEUGEOT KISBEE,7,E01027816,0,1
2024501492186,2024,501492186,1,2,0,-1,19,3,7,-1,0,0,0,0,7,0,1,1,-1,9,1,16,4,49,1,8,PEUGEOT KISBEE,1,E01018930,0,1
2024552400253,2024,552400253,2,2,0,18,19,3,7,0,0,0,0,0,0,0,2,1,6,6,1,40,7,49,1,9,PEUGEOT KISBEE,5,E01029231,0,2
2024201436918,2024,201436918,2,2,0,-1,19,4,8,-1,0,8,0,0,0,0,1,1,-1,6,2,68,10,49,1,8,PEUGEOT KISBEE,5,E01009312,0,1
2024522403275,2024,522403275,2,2,0,18,19,1,5,0,0,8,0,0,0,0,4,1,6,6,1,56,9,49,1,3,PEUGEOT KISBEE,7,E01014864,0,3
2024361397828,2024,361397828,1,2,0,-1,15,2,6,-1,0,1,0,0,0,0,1,1,-1,6,1,18,4,49,1,10,PEUGEOT KISBEE,10,E01026521,0,1
2024010500991,2024,010500991,2,2,0,13,13,5,1,0,0,1,0,0,0,0,3,1,6,6,1,55,8,49,1,9,PEUGEOT KISBEE,10,E01002917,0,1
2024070390372,2024,070390372,1,3,0,18,19,5,1,0,0,8,0,0,0,0,1,1,6,6,1,21,5,102,1,7,PEUGEOT KISBEE,9,E01018696,0,1
2024231498949,2024,231498949,1,2,0,-1,7,4,6,-1,0,0,0,0,0,0,3,1,-1,6,1,16,4,49,1,1,PEUGEOT KISBEE,3,E01031012,0,1
2024461464754,2024,461464754,1,3,0,-1,3,5,3,-1,0,0,0,11,0,0,1,1,-1,9,1,84,11,-1,-1,-1,PEUGEOT KISBEE,7,E01024157,0,1
2024201425123,2024,201425123,2,3,0,-1,13,8,4,-1,0,8,0,0,0,0,1,1,-1,6,1,18,4,-1,-1,-1,PEUGEOT KISBEE,3,E01009777,0,1
2024070186543,2024,070186543,2,3,0,9,9,7,5,0,0,3,0,0,0,0,2,1,2,2,1,17,4,-1,-1,-1,PEUGEOT KISBEE,6,E01012501,0,1
2024141421712,2024,141421712,1,2,0,-1,7,6,2,-1,0,3,1,0,0,0,0,1,-1,9,2,20,4,49,1,7,PEUGEOT KISBEE,1,E01007453,0,1
2024471429384,2024,471429384,1,2,0,-1,19,2,6,-1,0,0,0,0,2,0,1,1,-1,9,1,16,4,49,1,5,PEUGEOT KISBEE,5,E01016977,0,1
2024302400423,2024,302400423,2,2,0,3,3,4,8,0,0,1,0,0,0,0,2,1,6,6,1,17,4,49,1,5,PEUGEOT KISBEE,2,E01019842,0,1
2024461404985,2024,461404985,1,2,0,-1,19,8,8,-1,0,0,0,0,0,0,1,1,-1,7,2,16,4,49,1,3,PEUGEOT KISBEE,5,E01024546,0,1
2024421514766,2024,421514766,2,2,0,-1,9,5,3,-1,0,4,0,0,0,0,4,1,-1,6,1,16,4,49,1,1,PEUGEOT KISBEE,5,E01021922,0,2
2024311455595,2024,311455595,1,2,0,-1,5,5,3,-1,0,6,0,0,0,0,1,1,-1,6,1,16,4,49,1,8,PEUGEOT KISBEE,1,E01028068,0,2
2024332400800,2024,332400800,1,19,0,-1,9,4,1,-1,0,5,0,0,0,0,2,1,-1,1,1,31,6,2299,2,1,RENAULT TRUCKS MASTER,4,E01032430,0,4
2024211495409,2024,211495409,1,19,0,-1,19,1,5,-1,0,0,0,0,0,0,1,1,-1,1,1,68,10,2299,2,2,RENAULT TRUCKS MASTER,10,-1,0,4
2024010545184,2024,010545184,1,20,0,5,5,5,1,0,0,1,0,0,0,0,3,1,1,1,1,31,6,-1,-1,-1,RENAULT TRUCKS MASTER,2,E01010313,0,5
2024061488992,2024,061488992,2,19,0,-1,15,1,5,-1,0,0,0,0,0,0,4,1,-1,6,1,63,9,2299,2,9,RENAULT TRUCKS MASTER,9,W01000340,0,4
2024440217865,2024,440217865,1,19,0,18,19,5,1,0,0,6,0,0,0,0,1,1,1,1,1,55,8,2299,2,1,RENAULT TRUCKS MASTER,7,E01033860,0,4
2024351521819,2024,351521819,4,19,0,-1,10,7,3,-1,0,1,0,0,0,0,0,1,-1,1,1,33,6,2299,2,10,RENAULT TRUCKS MASTER,5,E01018131,0,3
2024231484185,2024,231484185,1,19,0,-1,9,2,8,-1,0,5,1,0,1,11,4,1,-1,9,1,63,9,2299,2,2,RENAULT TRUCKS MASTER,7,E01031208,0,3
2024421398686,2024,421398686,2,19,0,-1,19,5,1,-1,0,0,0,0,0,0,1,1,-1,1,1,30,6,2299,2,1,RENAULT TRUCKS MASTER,5,E01005520,0,5
2024501505096,2024,501505096,1,19,9,-1,19,1,5,-1,0,1,9,0,0,0,1,9,-1,6,1,29,6,2299,2,0,RENAULT TRUCKS MASTER,1,E01015155,0,1
2024461523633,2024,461523633,2,19,0,-1,11,7,3,-1,0,0,0,0,0,0,2,1,-1,9,1,27,6,-1,-1,-1,RENAULT TRUCKS MASTER,5,E01030819,0,4
2024340WN1302,2024,340WN1302,1,19,0,-1,1,6,2,-1,0,0,0,0,0,0,2,1,-1,1,1,-1,-1,2299,2,9,RENAULT TRUCKS MASTER,-1,-1,0,-1
2024031525602,2024,031525602,2,19,0,-1,19,8,4,-1,0,0,1,0,0,0,1,1,-1,1,1,23,5,2299,2,3,RENAULT TRUCKS MASTER,8,E01004970,0,4
2024010536379,2024,010536379,1,19,0,9,9,6,5,0,0,5,0,0,0,0,4,1,1,1,1,65,9,-1,-1,-1,RENAULT TRUCKS MASTER,9,E01004179,0,1
2024010520313,2024,010520313,1,90,0,99,99,9,9,99,99,9,9,99,9,99,9,9,6,6,3,-1,-1,2299,2,6,RENAULT TRUCKS MASTER,-1,-1,0,-1
2024131483193,2024,131483193,2,19,0,-1,-1,-1,-1,-1,-1,0,-1,-1,-1,-1,-1,1,-1,6,3,40,7,2299,2,0,RENAULT TRUCKS MASTER,-1,-1,0,-1
2024141495563,2024,141495563,2,19,0,-1,19,1,5,-1,0,0,0,0,0,0,1,1,-1,1,1,20,4,2299,2,1,RENAULT TRUCKS MASTER,6,E01013001,0,4
2024010541694,2024,010541694,2,19,0,99,99,9,9,99,99,0,9,99,9,99,1,9,6,6,3,-1,-1,2299,2,2,RENAULT TRUCKS MASTER,-1,-1,0,-1
2024361443722,2024,361443722,1,21,-1,-1,4,-1,-1,-1,0,1,0,0,0,0,-1,9,-1,6,1,27,6,-1,-1,-1,RENAULT TRUCKS MASTER,1,E01010053,0,5
2024061427861,2024,061427861,4,19,0,-1,2,0,0,-1,0,0,0,0,0,0,2,1,-1,6,-1,-1,-1,2299,2,7,RENAULT TRUCKS MASTER,-1,-1,0,-1
2024501511698,2024,501511698,1,19,0,-1,19,2,6,-1,0,0,1,0,2,0,1,1,-1,1,1,22,5,2299,2,4,RENAULT TRUCKS MASTER,1,E01009124,0,5
2024041468079,2024,041468079,1,19,0,-1,1,7,3,-1,0,0,0,0,0,0,2,1,-1,1,1,61,9,2299,2,7,RENAULT TRUCKS MASTER,4,E01025261,0,4
2024451451362,2024,451451362,2,19,0,-1,19,1,5,-1,0,0,0,0,0,0,4,1,-1,1,1,21,5,2299,2,1,RENAULT TRUCKS MASTER,5,E01023129,0,4
2024010534764,2024,010534764,2,20,9,99,99,9,9,99,99,0,9,99,9,99,9,9,6,6,1,52,8,2299,2,6,RENAULT TRUCKS MASTER,3,E01002807,0,2
2024471538299,2024,471538299,1,19,0,-1,20,5,1,-1,0,0,0,0,0,0,0,1,-1,6,1,54,8,2299,2,2,RENAULT TRUCKS MASTER,9,E01031727,0,1
2024421409486,2024,421409486,2,19,0,-1,4,8,8,-1,0,1,0,0,0,0,2,1,-1,6,1,32,6,2299,2,0,RENAULT TRUCKS MASTER,6,E01010431,0,5
2024520500321,2024,520500321,1,19,0,4,4,6,2,0,0,0,5,0,1,0,1,1,2,2,1,40,7,2299,2,2,RENAULT TRUCKS MASTER,6,E01029020,0,3
2024010533230,2024,010533230,2,19,0,99,99,9,9,99,99,9,9,99,9,99,1,9,6,6,3,-1,-1,2299,2,1,RENAULT TRUCKS MASTER,-1,-1,0,-1
2024010500366,2024,010500366,2,19,0,4,4,3,7,0,0,1,0,0,0,0,1,1,1,1,1,27,6,2299,2,0,RENAULT TRUCKS MASTER,6,E01005863,0,5
2024010509003,2024,010509003,1,19,0,8,8,6,7,0,0,1,0,0,0,0,2,1,1,1,1,43,7,-1,-1,-1,RENAULT TRUCKS MASTER,3,E01004575,0,2
2024010527824,2024,010527824,1,10,0,18,19,3,7,0,0,1,0,0,0,0,4,1,1,1,1,63,9,2299,2,7,RENAULT TRUCKS MASTER,3,E01021503,0,4
2024520403136,2024,520403136,1,90,0,4,4,3,7,0,0,2,0,0,0,0,1,1,1,1,1,33,6,2299,2,1,RENAULT TRUCKS MASTER,6,E01015366,0,4
2024010522225,2024,010522225,1,19,0,10,10,3,8,2,2,1,0,0,0,0,2,1,1,1,1,34,6,2299,2,12,RENAULT TRUCKS MASTER,3,E01001112,0,2
2024231404236,2024,231404236,1,19,0,-1,19,8,4,-1,0,0,0,0,0,0,1,1,-1,1,1,38,7,2299,2,1,RENAULT TRUCKS MASTER,2,E01020788,0,5
2024501493609,2024,501493609,1,19,0,-1,11,5,1,-1,0,0,0,0,0,0,1,1,-1,1,1,27,6,2299,2,5,RENAULT TRUCKS MASTER,3,E01015212,0,4
2024371499610,2024,371499610,1,19,0,-1,9,2,6,-1,-1,0,1,0,7,0,2,1,-1,1,1,37,7,2299,2,2,RENAULT TRUCKS MASTER,2,E01016046,0,4
2024421437963,2024,421437963,3,19,0,-1,19,1,5,-1,0,1,0,0,0,0,0,2,-1,1,1,55,8,-1,-1,-1,RENAULT TRUCKS MASTER,-1,-1,0,-1
2024161411694,2024,161411694,2,19,0,-1,4,7,3,-1,0,1,0,0,0,0,1,1,-1,1,1,22,5,2299,2,3,RENAULT TRUCKS MASTER,2,E01010362,0,5