collision_index,collision_year,collision_ref_no,vehicle_reference,vehicle_type,towing_and_articulation,vehicle_manoeuvre_historic,vehicle_manoeuvre,vehicle_direction_from,vehicle_direction_to,vehicle_location_restricted_lane_historic,vehicle_location_restricted_lane,junction_location,skidding_and_overturning,hit_object_in_carriageway,vehicle_leaving_carriageway,hit_object_off_carriageway,first_point_of_impact,vehicle_left_hand_drive,journey_purpose_of_driver_historic,journey_purpose_of_driver,sex_of_driver,age_of_driver,age_band_of_driver,engine_capacity_cc,propulsion_code,age_of_vehicle,generic_make_model,driver_imd_decile,lsoa_of_driver,escooter_flag,driver_distance_banding
2024522403393,2024,522403393,1,90,0,13,13,8,4,0,0,8,0,0,0,0,1,1,1,1,1,30,6,2299,2,1,RENAULT TRUCKS MASTER,10,E01014737,0,3
202460Q051359,2024,60Q051359,1,19,0,18,19,1,5,0,0,4,0,0,0,0,3,1,1,1,1,52,8,2299,2,3,RENAULT TRUCKS MASTER,-1,-1,0,-1
2024201530688,2024,201530688,1,19,0,-1,19,6,2,-1,0,0,0,0,0,0,4,9,-1,6,3,30,6,2299,2,3,RENAULT TRUCKS MASTER,-1,-1,0,-1
2024451428904,2024,451428904,2,19,0,-1,9,3,1,-1,0,1,0,0,1,0,4,1,-1,1,1,34,6,2299,2,1,RENAULT TRUCKS MASTER,2,E01010087,0,5
2024421504351,2024,421504351,1,19,0,-1,19,5,1,-1,0,0,0,0,0,0,3,1,-1,6,1,-1,-1,2299,2,6,RENAULT TRUCKS MASTER,-1,-1,0,-1
2024451404820,2024,451404820,2,19,9,-1,19,1,5,-1,0,4,0,0,0,0,1,1,-1,6,1,30,6,2299,2,3,RENAULT TRUCKS MASTER,-1,-1,0,-1
2024430161373,2024,430161373,2,19,0,18,19,6,2,0,0,0,0,0,0,0,1,1,1,1,2,-1,-1,2299,2,6,RENAULT TRUCKS MASTER,3,E01015491,0,4
2024131506633,2024,131506633,1,19,0,-1,19,2,6,-1,0,2,0,0,0,0,3,1,-1,1,1,23,5,2299,2,3,RENAULT TRUCKS MASTER,2,E01011781,0,1
2024520402008,2024,520402008,1,19,0,18,19,5,1,0,0,0,0,0,0,0,1,1,6,6,2,32,6,2299,2,3,RENAULT TRUCKS MASTER,6,E01029267,0,3
2024411471239,2024,411471239,1,19,0,-1,5,7,3,-1,0,4,0,0,0,0,1,1,-1,1,1,35,6,2299,2,6,RENAULT TRUCKS MASTER,8,E01015695,0,4
2024371447788,2024,371447788,1,19,0,-1,10,5,3,-1,0,1,0,0,0,0,4,1,-1,6,3,-1,-1,2299,2,2,RENAULT TRUCKS MASTER,-1,-1,0,-1
2024010534434,2024,010534434,1,19,0,7,7,7,1,0,0,1,0,0,0,0,4,1,6,6,1,24,5,2299,2,6,RENAULT TRUCKS MASTER,-1,-1,0,-1
2024991435739,2024,991435739,1,19,0,-1,1,1,2,-1,0,1,0,0,0,0,2,1,-1,6,3,40,7,2299,2,1,RENAULT TRUCKS MASTER,-1,-1,0,-1
2024430233900,2024,430233900,1,19,0,18,19,5,1,0,0,0,0,0,0,0,1,1,6,6,1,27,6,2299,2,3,RENAULT TRUCKS MASTER,1,E01010273,0,4
2024221509443,2024,221509443,1,19,0,-1,19,8,4,-1,0,0,1,0,0,0,1,9,-1,1,1,63,9,2299,2,1,RENAULT TRUCKS MASTER,5,E01009764,0,4
2024052402586,2024,052402586,2,19,0,4,4,7,3,0,0,0,0,0,0,0,3,1,1,1,1,28,6,2299,2,8,RENAULT TRUCKS MASTER,9,E01012502,0,4
2024531520135,2024,531520135,2,19,0,-1,19,1,5,-1,0,2,0,0,0,0,1,1,-1,1,1,33,6,2299,2,5,RENAULT TRUCKS MASTER,4,E01015020,0,4
2024041507122,2024,041507122,2,19,0,-1,19,1,5,-1,0,0,0,0,0,0,2,1,-1,1,1,47,8,2299,2,3,RENAULT TRUCKS MASTER,2,E01005678,0,4
2024461481244,2024,461481244,1,20,0,-1,1,3,7,-1,0,0,0,0,0,0,2,9,-1,6,1,34,6,2299,2,0,RENAULT TRUCKS MASTER,3,E01024092,0,1
2024211465271,2024,211465271,2,19,0,-1,3,3,7,-1,0,0,0,0,0,0,2,2,-1,1,1,55,8,2299,2,4,RENAULT TRUCKS MASTER,-1,-1,0,-1
2024221494725,2024,221494725,3,19,0,-1,19,7,3,-1,0,8,0,0,0,0,1,9,-1,6,1,26,6,-1,-1,-1,RENAULT TRUCKS MASTER,5,E01032330,0,1
2024991508231,2024,991508231,1,19,0,-1,19,5,1,-1,0,0,0,0,0,0,1,1,-1,1,1,18,4,2299,2,0,RENAULT TRUCKS MASTER,-1,-1,0,-1
2024141411246,2024,141411246,1,90,0,-1,19,6,2,-1,0,8,0,7,0,0,1,1,-1,1,2,28,6,2299,2,1,RENAULT TRUCKS MASTER,4,E01013076,0,4
2024351532784,2024,351532784,1,19,-1,-1,-1,-1,-1,-1,-1,-1,-1,-1,-1,0,-1,9,-1,6,1,30,6,2299,2,2,RENAULT TRUCKS MASTER,4,E01026343,0,4
2024010506695,2024,010506695,2,19,0,99,99,9,9,99,99,9,9,99,9,99,3,9,6,6,2,51,8,2299,2,6,RENAULT TRUCKS MASTER,6,E01024173,0,4
2024501503210,2024,501503210,1,19,0,-1,1,1,5,-1,0,8,0,0,0,0,2,1,-1,1,1,41,7,2299,2,1,RENAULT TRUCKS MASTER,3,E01019975,0,4
2024010518318,2024,010518318,2,10,0,99,99,9,9,99,99,0,9,99,9,99,2,9,6,6,3,63,9,-1,-1,-1,RENAULT TRUCKS MASTER,5,E01034599,0,2
2024010544850,2024,010544850,2,19,9,99,99,9,9,99,99,9,9,99,9,99,2,9,6,6,3,-1,-1,2299,2,5,RENAULT TRUCKS MASTER,-1,-1,0,-1
2024332401046,2024,332401046,2,19,0,-1,19,2,6,-1,0,0,0,0,0,0,1,1,-1,1,1,39,7,2299,2,7,RENAULT TRUCKS MASTER,1,E01013533,0,4
2024461508077,2024,461508077,1,19,0,-1,19,5,1,-1,0,4,0,0,0,0,1,1,-1,6,1,61,9,2299,2,1,RENAULT TRUCKS MASTER,7,E01024260,0,4
2024411522542,2024,411522542,1,20,-1,-1,-1,-1,-1,-1,-1,0,-1,-1,-1,0,-1,9,-1,6,1,47,8,-1,-1,-1,RENAULT TRUCKS MASTER,-1,-1,0,-1
2024361446105,2024,361446105,2,19,0,-1,19,4,8,-1,0,1,0,0,0,0,4,1,-1,1,1,37,7,-1,-1,-1,RENAULT TRUCKS MASTER,6,E01026757,0,4
2024161444133,2024,161444133,1,19,0,-1,19,7,3,-1,0,1,0,0,0,0,1,1,-1,1,2,22,5,-1,-1,-1,RENAULT TRUCKS MASTER,-1,-1,0,-1
2024552400326,2024,552400326,1,20,0,18,19,8,4,0,0,8,1,0,7,4,1,1,1,1,1,38,7,-1,-1,-1,RENAULT TRUCKS MASTER,3,E01011261,0,5
2024520002476,2024,520002476,2,19,0,5,5,5,3,0,0,6,0,0,0,0,3,1,6,6,1,43,7,2299,2,2,RENAULT TRUCKS MASTER,9,E01014908,0,4
2024522402885,2024,522402885,1,90,0,7,7,1,3,0,0,6,0,0,0,0,1,1,1,1,2,41,7,2299,2,6,RENAULT TRUCKS MASTER,8,E01014918,0,1
2024520001577,2024,520001577,2,19,0,18,19,-1,-1,0,0,0,0,0,0,0,1,1,6,6,1,32,6,2299,2,0,RENAULT TRUCKS MASTER,7,E01010373,0,5
2024461457522,2024,461457522,1,90,0,-1,2,0,0,-1,0,0,0,0,0,0,2,1,-1,1,1,60,9,2299,2,5,RENAULT TRUCKS MASTER,1,E01024611,0,4
2024131529705,2024,131529705,2,19,0,-1,19,7,3,-1,0,1,0,0,0,0,1,1,-1,1,1,18,4,2299,2,4,RENAULT TRUCKS MASTER,1,E01011434,0,3
2024631486805,2024,631486805,2,19,0,-1,7,3,7,-1,0,8,0,0,1,0,2,1,-1,1,1,37,7,2299,2,3,RENAULT TRUCKS MASTER,2,W01000960,0,4
2024231484093,2024,231484093,1,19,0,-1,11,4,8,-1,0,0,0,0,0,0,1,1,-1,6,1,29,6,2299,2,3,RENAULT TRUCKS MASTER,1,E01009488,0,3
202454C869224,2024,54C869224,2,19,0,16,19,6,1,0,0,1,0,0,0,0,1,1,1,1,1,38,7,2299,2,7,RENAULT TRUCKS MASTER,1,E01009033,0,5
2024361517600,2024,361517600,1,19,0,-1,19,7,3,-1,0,0,0,0,0,0,1,1,-1,6,1,53,8,2299,2,2,RENAULT TRUCKS MASTER,4,E01018086,0,4
2024010541261,2024,010541261,2,19,0,18,19,8,4,0,0,1,0,0,0,0,3,1,2,2,1,33,6,2299,2,2,RENAULT TRUCKS MASTER,3,E01003154,0,2
2024451476697,2024,451476697,2,19,0,-1,13,3,7,-1,0,1,0,0,0,0,1,1,-1,1,1,57,9,2299,2,4,RENAULT TRUCKS MASTER,2,E01016150,0,4
2024010510199,2024,010510199,1,20,0,18,19,2,6,0,0,1,0,0,0,0,3,1,1,1,1,23,5,-1,-1,-1,RENAULT TRUCKS MASTER,4,E01024582,0,4
2024211468757,2024,211468757,2,19,0,-1,2,2,6,-1,0,0,0,0,0,0,2,1,-1,1,1,30,6,2299,2,1,RENAULT TRUCKS MASTER,6,E01014178,0,4
2024131474432,2024,131474432,2,19,0,-1,19,5,1,-1,0,0,0,0,0,0,1,2,-1,1,1,20,4,2299,2,4,RENAULT TRUCKS MASTER,3,E01005358,0,4
2024061427861,2024,061427861,2,19,0,-1,2,0,0,-1,0,0,0,0,0,0,2,1,-1,6,-1,-1,-1,2299,2,7,RENAULT TRUCKS MASTER,-1,-1,0,-1
2024440207392,2024,440207392,2,9,0,3,3,7,3,0,0,0,0,0,0,0,2,1,2,2,1,36,7,1968,2,18,SKODA SUPERB,7,E01022797,0,1
2024440173365,2024,440173365,1,9,0,18,19,8,4,0,0,8,0,0,0,0,1,1,6,6,1,43,7,1984,1,9,SKODA SUPERB,10,E01022553,0,1
2024351533888,2024,351533888,2,9,0,-1,19,1,5,-1,0,2,0,0,0,0,1,1,-1,2,2,39,7,1968,2,10,SKODA SUPERB,2,E01015656,0,1
2024361488094,2024,361488094,2,9,0,-1,19,7,3,-1,0,0,0,0,0,0,1,1,-1,9,2,64,9,1968,2,1,SKODA SUPERB,7,E01030096,0,2
2024010542582,2024,010542582,1,8,0,99,99,9,9,99,99,9,9,99,9,99,9,9,1,1,1,48,8,1395,1,8,SKODA SUPERB,7,E01002187,0,3
2024991451277,2024,991451277,2,8,0,-1,19,7,4,-1,0,3,0,0,1,0,4,1,-1,9,1,63,9,1968,2,4,SKODA SUPERB,5,-1,0,1
2024320078555,2024,320078555,1,9,0,-1,-1,1,5,0,0,2,0,0,0,0,4,1,6,6,1,66,10,1390,1,10,SKODA SUPERB,8,E01013154,0,4
2024061503010,2024,061503010,2,8,0,-1,19,3,7,-1,0,4,0,0,0,0,1,1,-1,1,1,48,8,1598,2,6,SKODA SUPERB,2,E01005178,0,2
2024141461149,2024,141461149,2,9,0,-1,5,1,5,-1,0,0,0,0,0,0,4,1,-1,6,-1,-1,-1,1984,1,1,SKODA SUPERB,-1,-1,0,-1
2024471464935,2024,471464935,1,9,0,-1,5,1,4,-1,0,0,0,0,7,0,4,1,-1,9,2,86,11,3597,1,9,SKODA SUPERB,9,E01031753,0,1
2024061398737,2024,061398737,1,9,0,-1,19,8,4,-1,0,0,0,0,0,0,1,1,-1,2,1,51,8,1598,2,12,SKODA SUPERB,5,E01025444,0,3
2024421437241,2024,421437241,1,8,0,-1,19,6,2,-1,0,0,0,0,0,0,1,9,-1,1,1,-1,-1,1968,2,11,SKODA SUPERB,-1,-1,0,-1
2024201446237,2024,201446237,6,9,0,-1,19,4,8,-1,0,2,0,0,0,0,2,9,-1,1,1,-1,-1,1968,2,7,SKODA SUPERB,1,E01009490,0,2
2024302401434,2024,302401434,2,9,0,17,19,3,8,0,0,8,0,0,0,0,1,1,2,2,1,40,7,1968,2,11,SKODA SUPERB,4,E01019455,0,3
2024070568287,2024,070568287,1,9,0,18,19,6,2,0,0,1,0,0,0,0,1,1,6,6,1,-1,-1,1598,2,8,SKODA SUPERB,7,E01006923,0,4
2024161423238,2024,161423238,1,8,0,-1,9,5,1,-1,0,8,0,0,0,0,2,1,-1,1,1,60,9,1968,2,9,SKODA SUPERB,4,E01012799,0,3
2024041451789,2024,041451789,2,9,0,-1,19,5,1,-1,0,1,0,0,0,0,1,1,-1,1,1,55,8,1984,1,1,SKODA SUPERB,8,E01025074,0,3
2024411578127,2024,411578127,4,9,0,-1,4,7,3,-1,0,0,1,0,0,0,2,1,-1,6,2,60,9,1984,1,4,SKODA SUPERB,6,E01023424,0,4
2024122400846,2024,122400846,2,9,0,18,19,6,2,0,0,1,0,0,0,0,1,1,6,6,1,37,7,1968,2,13,SKODA SUPERB,6,E01027774,0,3
2024461531026,2024,461531026,2,9,0,-1,19,7,3,-1,0,0,0,0,0,0,0,1,-1,1,1,30,6,1984,1,1,SKODA SUPERB,2,E01024717,0,3
2024111509882,2024,111509882,2,9,0,-1,4,5,2,-1,0,1,0,0,0,0,2,1,-1,9,1,58,9,1598,2,7,SKODA SUPERB,2,E01020802,0,3
2024471530552,2024,471530552,2,9,0,-1,5,7,3,-1,0,0,0,0,0,0,3,1,-1,1,1,35,6,1968,2,5,SKODA SUPERB,3,E01031492,0,3
2024201573067,2024,201573067,2,9,0,-1,19,1,5,-1,0,0,0,0,0,0,2,9,-1,6,1,36,7,1968,2,12,SKODA SUPERB,5,E01010082,0,1
2024401539211,2024,401539211,2,9,0,-1,2,0,0,-1,0,0,0,0,0,0,2,1,-1,6,2,90,11,1968,2,11,SKODA SUPERB,10,E01017611,0,1
2024131398306,2024,131398306,2,9,0,-1,19,1,5,-1,0,8,0,0,0,0,4,1,-1,1,1,31,6,1968,2,7,SKODA SUPERB,2,E01011781,0,1
2024631505762,2024,631505762,1,8,0,-1,19,6,3,-1,0,0,0,6,2,11,1,1,-1,1,1,66,10,1968,2,7,SKODA SUPERB,8,W01000624,0,3
2024041449878,2024,041449878,4,9,0,-1,19,3,7,-1,0,0,0,0,0,0,3,1,-1,1,1,36,7,1968,2,4,SKODA SUPERB,7,W01000153,0,5
2024991502215,2024,991502215,1,9,0,-1,19,5,1,-1,0,0,2,0,0,0,4,1,-1,9,1,79,11,1968,2,8,SKODA SUPERB,7,-1,0,4
2024161431241,2024,161431241,1,9,0,-1,19,6,2,-1,0,0,0,0,0,0,1,1,-1,9,1,59,9,1968,2,7,SKODA SUPERB,2,E01013202,0,1
2024451509255,2024,451509255,2,9,0,-1,19,3,7,-1,0,0,0,0,0,0,1,1,-1,1,1,28,6,1968,2,4,SKODA SUPERB,-1,-1,0,-1
2024520500111,2024,520500111,3,9,0,3,3,5,1,0,0,1,0,0,0,0,2,1,6,6,1,-1,-1,1395,1,6,SKODA SUPERB,10,E01029083,0,1
2024991534801,2024,991534801,2,9,0,-1,19,5,1,-1,0,8,0,0,0,0,4,1,-1,1,1,45,7,1968,2,1,SKODA SUPERB,3,-1,0,1
2024440358936,2024,440358936,1,9,0,6,6,2,3,0,0,0,0,0,0,0,1,1,1,1,2,63,9,1598,2,4,SKODA SUPERB,1,E01022903,0,1
2024991439631,2024,991439631,1,9,0,-1,9,7,5,-1,0,1,0,0,0,0,4,1,-1,9,2,74,10,1968,2,4,SKODA SUPERB,-1,-1,0,-1
2024531407418,2024,531407418,2,9,0,-1,10,2,6,-1,0,1,0,0,0,0,4,1,-1,9,2,42,7,1968,2,10,SKODA SUPERB,5,E01022227,0,1
2024430122961,2024,430122961,2,9,0,3,3,7,3,0,0,0,0,0,0,0,2,1,6,6,1,45,7,1395,8,3,SKODA SUPERB,5,E01028635,0,1
2024141466065,2024,141466065,1,9,0,-1,5,8,4,-1,0,8,0,0,0,0,4,1,-1,1,1,42,7,1984,1,3,SKODA SUPERB,1,E01007902,0,4
2024010537530,2024,010537530,1,9,0,5,5,3,7,0,0,1,0,0,0,0,4,1,1,1,1,44,7,1395,1,6,SKODA SUPERB,4,E01009230,0,5
2024622400672,2024,622400672,2,9,0,4,4,8,4,0,0,0,0,0,0,0,2,1,6,6,2,36,7,1968,2,8,SKODA SUPERB,3,W01001362,0,4
2024461470796,2024,461470796,1,9,0,-1,19,3,7,-1,0,2,0,0,1,10,1,1,-1,9,2,81,11,1498,1,4,SKODA SUPERB,7,E01024707,0,1
2024991518014,2024,991518014,2,9,0,-1,10,6,4,-1,0,8,0,0,0,0,2,1,-1,6,1,62,9,1968,2,1,SKODA SUPERB,7,-1,0,4
2024991452210,2024,991452210,2,9,0,-1,19,2,7,-1,0,0,0,0,0,0,1,1,-1,9,2,31,6,1968,2,10,SKODA SUPERB,10,-1,0,1
2024991444230,2024,991444230,2,9,0,-1,19,8,4,-1,0,1,0,0,0,0,2,1,-1,9,1,70,10,1395,8,3,SKODA SUPERB,8,E01010151,0,5
2024052500332,2024,052500332,1,9,0,9,9,8,6,0,0,8,0,0,0,0,4,1,6,6,2,62,9,1798,1,10,SKODA SUPERB,4,E01006620,0,2
2024991454572,2024,991454572,4,9,0,-1,19,1,5,-1,0,0,0,0,0,0,1,1,-1,1,1,36,7,1984,1,0,SKODA SUPERB,1,-1,0,4
2024451480952,2024,451480952,2,9,0,-1,2,3,7,-1,0,0,0,0,0,0,2,1,-1,1,1,48,8,1968,2,6,SKODA SUPERB,6,E01030610,0,1
2024320272184,2024,320272184,1,9,0,-1,-1,2,6,0,0,0,0,0,7,9,1,1,6,6,2,44,7,1395,8,4,SKODA SUPERB,6,E01026391,0,1
2024131521638,2024,131521638,2,9,0,-1,2,0,0,-1,9,8,0,0,0,0,0,1,-1,1,1,52,8,1984,1,0,SKODA SUPERB,7,E01034266,0,3
2024471463429,2024,471463429,1,9,0,-1,19,2,4,-1,0,1,0,0,0,0,4,1,-1,1,1,56,9,1968,2,8,SKODA SUPERB,6,E01031405,0,1
2024371427248,2024,371427248,2,8,0,-1,2,0,0,-1,0,0,0,0,7,0,3,1,-1,1,1,53,8,1968,2,5,SKODA SUPERB,6,E01015653,0,4
2024440505114,2024,440505114,2,9,0,18,19,6,2,0,0,8,0,0,0,0,1,1,6,6,1,32,6,1395,8,1,SKODA SUPERB,10,E01016206,0,1
2024041441630,2024,041441630,1,9,0,-1,19,1,5,-1,0,0,0,0,0,0,1,1,-1,9,1,29,6,1968,2,10,SKODA SUPERB,1,E01005287,0,4
2024010533403,2024,010533403,1,9,0,4,4,5,1,0,0,1,0,0,0,0,4,1,1,1,1,48,8,1498,1,2,SKODA SUPERB,-1,-1,0,-1
2024440156066,2024,440156066,2,9,0,18,19,6,2,0,0,1,0,0,0,0,3,1,1,1,2,62,9,1968,2,7,SKODA SUPERB,9,E01023059,0,1
2024311411303,2024,311411303,1,9,0,-1,5,5,1,-1,0,8,0,0,0,0,1,1,-1,6,1,55,8,1968,2,8,SKODA SUPERB,3,E01013944,0,1
2024361469908,2024,361469908,2,9,0,-1,19,7,3,-1,0,1,0,0,0,0,1,1,-1,6,1,40,7,1968,2,16,SKODA SUPERB,2,E01026662,0,1
2024991493269,2024,991493269,2,9,0,-1,19,2,6,-1,0,0,1,0,0,0,1,1,-1,1,1,21,5,1968,2,8,SKODA SUPERB,6,-1,0,4
2024201517126,2024,201517126,5,9,0,-1,2,0,0,-1,0,0,0,4,0,0,3,1,-1,6,-1,-1,-1,1598,2,12,SKODA SUPERB,-1,-1,0,-1
2024141527992,2024,141527992,2,9,0,-1,19,6,1,-1,0,0,0,0,0,0,1,1,-1,7,2,34,6,1968,2,9,SKODA SUPERB,3,E01007480,0,1
2024041444164,2024,041444164,1,9,0,-1,19,5,1,-1,0,8,0,7,0,0,4,1,-1,6,1,56,9,1968,2,3,SKODA SUPERB,3,E01025379,0,2
2024991477914,2024,991477914,1,9,0,-1,1,7,3,-1,0,0,0,0,0,0,2,1,-1,6,1,36,7,1968,2,8,SKODA SUPERB,6,E01002489,0,5
2024302401794,2024,302401794,2,9,0,18,19,1,5,0,0,0,0,0,0,0,2,1,6,6,1,41,7,1968,2,6,SKODA SUPERB,8,E01019474,0,4
2024361408696,2024,361408696,2,9,0,-1,19,7,6,-1,0,0,0,0,0,0,4,9,-1,6,-1,-1,-1,1968,2,9,SKODA SUPERB,-1,-1,0,-1
2024622400854,2024,622400854,1,9,0,16,19,4,8,0,0,0,0,0,0,0,1,1,6,6,2,79,11,1968,2,13,SKODA SUPERB,4,W01001283,0,1
2024411407889,2024,411407889,1,9,0,-1,5,7,3,-1,99,8,0,0,0,0,1,9,-1,6,1,53,8,1984,1,7,SKODA SUPERB,10,E01023821,0,1
2024311435407,2024,311435407,2,9,0,-1,19,5,1,-1,0,0,0,4,0,0,1,1,-1,2,1,44,7,1984,1,7,SKODA SUPERB,10,E01033390,0,1
2024211418467,2024,211418467,1,8,0,-1,6,5,1,-1,-1,0,0,0,0,0,4,1,-1,1,1,63,9,1968,2,10,SKODA SUPERB,1,E01014306,0,4
2024430203123,2024,430203123,1,9,0,18,19,5,1,0,0,1,0,0,0,0,1,1,6,6,1,32,6,1896,2,19,SKODA SUPERB,-1,-1,0,-1
202454C177324,2024,54C177324,2,9,0,3,3,1,5,0,0,1,0,0,0,0,1,1,6,6,2,50,8,1968,2,11,SKODA SUPERB,8,E01022221,0,2
2024991447774,2024,991447774,2,8,0,-1,19,3,7,-1,0,2,1,0,0,0,1,1,-1,1,1,63,9,1968,2,1,SKODA SUPERB,4,-1,0,2
2024351435586,2024,351435586,1,9,0,-1,19,7,3,-1,0,2,0,4,0,0,1,1,-1,1,1,40,7,1968,2,6,SKODA SUPERB,7,E01033181,0,1
2024461515009,2024,461515009,2,9,0,-1,9,7,4,-1,0,1,0,0,0,0,0,1,-1,1,1,32,6,1984,1,0,SKODA SUPERB,-1,-1,0,-1
2024010531336,2024,010531336,1,9,0,2,2,0,0,0,0,0,0,0,0,0,3,1,6,6,3,-1,-1,1968,2,7,SKODA SUPERB,-1,-1,0,-1
2024332400321,2024,332400321,1,9,0,-1,9,3,1,-1,0,6,0,0,0,0,3,1,-1,1,1,43,7,1498,1,3,SKODA SUPERB,8,E01029417,0,4
2024052401442,2024,052401442,1,9,0,18,19,8,4,0,0,1,0,0,7,0,3,1,1,1,1,-1,-1,1984,1,4,SKODA SUPERB,3,E01006743,0,3
2024141451054,2024,141451054,2,9,0,-1,19,1,5,-1,0,1,0,0,1,3,3,1,-1,1,1,43,7,1395,8,3,SKODA SUPERB,1,E01008065,0,1
2024471459159,2024,471459159,5,9,0,-1,19,7,3,-1,0,1,0,0,0,0,0,1,-1,1,1,-1,-1,1968,2,5,SKODA SUPERB,6,E01021034,0,4
2024010540655,2024,010540655,3,9,0,99,99,9,9,0,0,0,9,99,9,99,2,9,6,6,3,-1,-1,1968,2,6,SKODA SUPERB,-1,-1,0,-1
2024440187340,2024,440187340,3,9,0,18,19,3,7,0,0,0,0,0,0,0,1,1,1,1,1,41,7,1598,2,8,SKODA SUPERB,9,E01021619,0,5
2024991444280,2024,991444280,2,9,0,-1,19,2,7,-1,0,2,0,0,0,0,4,1,-1,9,1,56,9,1968,2,8,SKODA SUPERB,9,-1,0,1
2024340WN3542,2024,340WN3542,1,9,0,-1,9,3,1,-1,0,5,0,0,1,1,4,1,-1,6,1,64,9,1395,8,1,SKODA SUPERB,9,E01027286,0,1
2024461414330,2024,461414330,4,9,0,-1,19,3,7,-1,0,0,0,0,0,0,0,9,-1,6,1,31,6,1984,1,2,SKODA SUPERB,2,E01024717,0,4
2024231465436,2024,231465436,2,9,0,-1,4,2,6,-1,0,0,0,0,0,0,2,9,-1,1,1,48,8,1984,1,3,SKODA SUPERB,9,E01031284,0,1
2024010525786,2024,010525786,2,9,0,2,2,0,0,0,0,0,0,0,0,0,3,1,6,6,3,-1,-1,1968,2,7,SKODA SUPERB,-1,-1,0,-1
2024991497497,2024,991497497,2,8,0,-1,9,7,5,-1,0,8,0,0,0,0,1,1,-1,9,1,61,9,1498,1,1,SKODA SUPERB,6,-1,0,2
2024010545092,2024,010545092,1,9,0,99,99,9,9,99,99,9,9,99,9,99,9,9,6,6,3,34,6,1968,2,8,SKODA SUPERB,8,E01001307,0,1
2024501500309,2024,501500309,3,9,0,-1,19,2,6,-1,0,1,0,0,1,0,0,1,-1,1,1,34,6,1984,1,1,SKODA SUPERB,8,E01020266,0,3
2024010511806,2024,010511806,2,9,0,2,2,0,0,0,0,0,0,0,0,0,0,1,6,6,3,-1,-1,1395,8,4,SKODA SUPERB,-1,-1,0,-1
2024041431041,2024,041431041,2,9,0,-1,2,1,5,-1,0,1,0,0,0,0,3,1,-1,1,1,50,8,1598,2,6,SKODA SUPERB,6,E01025585,0,3
2024201487977,2024,201487977,1,8,0,-1,12,2,6,-1,0,0,0,0,0,0,3,1,-1,1,1,45,7,1395,8,4,SKODA SUPERB,-1,-1,0,-1
2024440542384,2024,440542384,2,9,0,18,19,3,7,0,0,0,0,0,0,0,3,1,3,7,1,47,8,1968,2,18,SKODA SUPERB,3,E01017194,0,1
2024131489001,2024,131489001,2,9,0,-1,9,8,4,-1,0,0,0,0,0,0,1,1,-1,6,1,55,8,1968,2,9,SKODA SUPERB,2,E01011043,0,1
2024991536031,2024,991536031,1,9,0,-1,19,3,7,-1,0,0,1,0,0,0,1,1,-1,9,1,60,9,1968,2,6,SKODA SUPERB,-1,-1,0,-1
2024371445681,2024,371445681,1,9,0,-1,19,2,6,-1,0,2,0,0,0,0,1,1,-1,9,1,71,10,1395,1,7,SKODA SUPERB,8,E01030144,0,2
2024221481889,2024,221481889,2,9,0,-1,2,0,0,-1,0,0,0,0,0,0,1,9,-1,1,1,32,6,1968,2,2,SKODA SUPERB,-1,-1,0,-1
2024471523506,2024,471523506,2,8,0,-1,19,2,6,-1,0,0,0,0,0,0,1,1,-1,1,1,43,7,1598,2,6,SKODA SUPERB,3,E01020919,0,4
2024010513931,2024,010513931,1,9,0,2,2,0,0,9,9,0,0,0,0,0,1,1,6,6,3,-1,-1,1395,8,0,SKODA SUPERB,-1,-1,0,-1
2024061505246,2024,061505246,1,9,0,-1,19,3,7,-1,0,0,0,0,0,0,1,1,-1,9,1,44,7,1984,1,7,SKODA SUPERB,4,E01005866,0,2
2024201534703,2024,201534703,1,9,0,-1,6,8,4,-1,0,0,0,0,0,0,0,1,-1,6,1,45,7,1598,2,7,SKODA SUPERB,3,E01009242,0,1
2024531413834,2024,531413834,2,9,0,-1,2,0,0,-1,0,0,0,0,0,0,1,1,-1,6,-1,-1,-1,1968,2,6,SKODA SUPERB,-1,-1,0,-1
2024421461850,2024,421461850,1,9,0,-1,9,7,4,-1,0,1,0,0,0,0,3,1,-1,9,1,36,7,1598,2,11,SKODA SUPERB,7,E01018043,0,4
2024302400922,2024,302400922,1,9,0,5,5,1,5,0,0,4,0,0,0,0,1,1,6,6,2,56,9,1968,2,8,SKODA SUPERB,5,E01019475,0,1
2024070641964,2024,070641964,1,8,0,9,9,5,3,0,0,5,0,0,0,0,1,1,6,6,1,59,9,1968,2,10,SKODA SUPERB,4,E01018638,0,1
2024211443845,2024,211443845,1,8,0,-1,7,0,0,-1,0,8,0,0,0,0,1,1,-1,6,1,51,8,1968,2,10,SKODA SUPERB,-1,-1,0,-1
2024141506339,2024,141506339,1,9,0,-1,19,7,3,-1,0,0,0,0,0,0,1,1,-1,1,1,36,7,1984,1,0,SKODA SUPERB,1,E01007902,0,2
2024631475424,2024,631475424,3,9,0,-1,4,2,6,-1,0,1,0,0,0,0,2,1,-1,9,1,45,7,1395,1,6,SKODA SUPERB,9,E01009830,0,4
2024991504423,2024,991504423,1,9,0,-1,14,1,5,-1,0,8,0,0,0,0,1,1,-1,6,1,38,7,1968,2,11,SKODA SUPERB,7,-1,0,4