collision_index,collision_year,collision_ref_no,vehicle_reference,vehicle_type,towing_and_articulation,vehicle_manoeuvre_historic,vehicle_manoeuvre,vehicle_direction_from,vehicle_direction_to,vehicle_location_restricted_lane_historic,vehicle_location_restricted_lane,junction_location,skidding_and_overturning,hit_object_in_carriageway,vehicle_leaving_carriageway,hit_object_off_carriageway,first_point_of_impact,vehicle_left_hand_drive,journey_purpose_of_driver_historic,journey_purpose_of_driver,sex_of_driver,age_of_driver,age_band_of_driver,engine_capacity_cc,propulsion_code,age_of_vehicle,generic_make_model,driver_imd_decile,lsoa_of_driver,escooter_flag,driver_distance_banding
2024471517517,2024,471517517,1,9,0,-1,19,4,8,-1,0,0,0,0,0,0,1,1,-1,9,2,17,4,999,1,8,RENAULT TWINGO,5,E01021133,0,2
2024302400349,2024,302400349,1,9,0,18,19,2,6,0,0,1,0,0,0,0,1,1,6,6,1,37,7,999,1,6,RENAULT TWINGO,3,E01007966,0,2
2024351473897,2024,351473897,1,9,0,-1,9,1,5,-1,0,1,0,0,0,0,1,1,-1,2,2,38,7,1149,1,15,RENAULT TWINGO,5,E01017947,0,1
2024302400106,2024,302400106,1,9,0,5,5,5,4,0,0,2,0,0,0,0,1,1,6,6,2,63,9,999,1,7,RENAULT TWINGO,4,E01019544,0,1
2024430265721,2024,430265721,1,9,0,2,2,0,0,0,0,0,0,0,0,0,2,1,6,6,2,43,7,898,1,9,RENAULT TWINGO,10,E01023377,0,4
2024041491094,2024,041491094,3,9,0,-1,19,5,1,-1,0,0,0,0,7,0,4,1,-1,1,1,22,5,1149,1,13,RENAULT TWINGO,3,E01025308,0,2
2024421523487,2024,421523487,2,9,0,-1,19,4,8,-1,0,0,0,0,0,0,3,1,-1,9,2,18,4,1149,1,17,RENAULT TWINGO,10,E01021728,0,1
2024411534368,2024,411534368,1,9,0,-1,19,1,3,-1,0,0,0,0,0,0,1,1,-1,6,1,17,4,1149,1,13,RENAULT TWINGO,9,E01023432,0,1
2024061428459,2024,061428459,1,9,0,-1,19,-1,-1,-1,0,0,1,7,5,6,3,1,-1,9,1,28,6,1149,1,16,RENAULT TWINGO,10,E01015912,0,5
2024221410217,2024,221410217,1,9,0,-1,19,7,3,-1,0,0,1,10,0,0,1,9,-1,2,2,21,5,1149,1,11,RENAULT TWINGO,9,E01032451,0,3
2024311404590,2024,311404590,1,9,0,-1,19,7,3,-1,0,2,0,0,0,0,3,1,-1,2,1,23,5,999,1,8,RENAULT TWINGO,9,E01028394,0,3
2024991516579,2024,991516579,1,9,0,-1,19,8,4,-1,0,2,0,0,0,0,1,1,-1,6,1,24,5,1149,1,12,RENAULT TWINGO,-1,-1,0,-1
2024122400665,2024,122400665,2,9,0,3,3,4,8,0,0,2,0,0,0,0,2,1,1,1,1,45,7,1149,1,16,RENAULT TWINGO,4,E01027795,0,1
2024320058759,2024,320058759,1,9,0,4,4,4,8,0,0,1,0,0,0,0,1,1,-1,-1,1,33,6,1149,1,11,RENAULT TWINGO,7,E01026329,0,3
2024221442271,2024,221442271,2,9,0,-1,19,3,7,-1,0,0,0,0,7,0,1,1,-1,9,1,73,10,1149,1,14,RENAULT TWINGO,9,E01032185,0,4
2024501455699,2024,501455699,1,9,0,-1,19,5,1,-1,0,0,0,0,0,0,1,1,-1,6,1,21,5,1149,1,16,RENAULT TWINGO,4,E01001499,0,5
2024302401330,2024,302401330,1,9,0,18,19,7,3,0,0,0,1,0,1,4,1,1,6,6,1,18,4,1149,1,13,RENAULT TWINGO,4,E01019824,0,1
2024101451284,2024,101451284,1,9,0,-1,19,2,6,-1,0,1,0,0,0,0,1,9,-1,6,1,24,5,1149,1,16,RENAULT TWINGO,3,E01008805,0,1
2024211530052,2024,211530052,2,9,0,-1,10,7,5,-1,0,0,0,0,0,0,1,1,-1,6,2,80,11,999,1,9,RENAULT TWINGO,8,E01029414,0,1
2024622400781,2024,622400781,4,9,0,18,19,2,6,0,0,0,0,0,0,0,1,1,1,1,2,24,5,999,1,7,RENAULT TWINGO,9,W01001921,0,1
2024440141427,2024,440141427,1,9,0,1,1,8,4,0,0,1,0,0,0,0,2,1,2,2,2,52,8,1149,1,15,RENAULT TWINGO,9,E01023064,0,1
2024320610352,2024,320610352,1,9,0,-1,-1,6,2,0,0,0,0,0,1,1,4,1,6,6,1,21,5,1598,1,15,RENAULT TWINGO,7,E01026208,0,4
2024440517336,2024,440517336,1,9,0,18,19,1,5,0,0,0,0,0,0,0,1,1,6,6,1,20,4,1149,1,14,RENAULT TWINGO,9,E01023136,0,1
2024211557853,2024,211557853,3,9,0,-1,19,5,4,-1,0,1,0,0,0,0,1,1,-1,6,1,77,11,999,1,8,RENAULT TWINGO,9,E01029469,0,1
2024231515312,2024,231515312,2,9,0,-1,7,1,7,-1,0,8,0,0,0,0,4,9,-1,9,1,21,5,1149,1,15,RENAULT TWINGO,4,E01031030,0,1
2024010539111,2024,010539111,2,9,9,99,99,9,9,99,99,9,9,99,9,99,1,9,6,6,3,-1,-1,1149,1,12,RENAULT TWINGO,-1,-1,0,-1
2024440093106,2024,440093106,1,9,0,6,6,7,7,0,0,6,0,0,0,0,3,1,6,6,2,48,8,1149,1,17,RENAULT TWINGO,4,E01017090,0,1
2024622400150,2024,622400150,1,9,0,18,19,7,3,0,0,0,0,4,0,0,1,1,2,2,2,18,4,1149,1,13,RENAULT TWINGO,1,W01001221,0,1
2024070490182,2024,070490182,2,9,0,18,19,7,3,0,0,0,0,0,0,0,1,1,6,6,2,21,5,1149,1,11,RENAULT TWINGO,3,E01018398,0,3
2024421416636,2024,421416636,1,9,0,-1,19,5,1,-1,0,0,0,0,1,4,1,1,-1,6,2,26,6,1149,1,11,RENAULT TWINGO,6,E01021414,0,3
2024430363976,2024,430363976,1,9,0,7,7,4,6,0,0,6,0,0,0,0,3,1,2,2,2,53,8,898,1,9,RENAULT TWINGO,5,E01016371,0,2
2024520003025,2024,520003025,2,9,0,-1,-1,6,2,0,0,8,0,0,0,0,3,1,6,6,2,18,4,1149,1,16,RENAULT TWINGO,8,E01014427,0,1
2024320518879,2024,320518879,2,9,0,-1,-1,8,4,0,0,0,0,0,1,0,3,1,-1,-1,2,28,6,1149,1,14,RENAULT TWINGO,2,E01015660,0,3
2024991535505,2024,991535505,1,9,0,-1,19,7,2,-1,0,0,5,0,1,0,1,1,-1,9,2,50,8,1149,1,12,RENAULT TWINGO,9,-1,0,1
2024991424963,2024,991424963,1,9,0,-1,19,3,7,-1,0,0,0,0,0,0,1,1,-1,6,2,23,5,999,1,9,RENAULT TWINGO,7,-1,0,1
2024430533856,2024,430533856,2,9,0,18,19,5,1,0,0,0,0,0,0,0,2,1,6,6,1,58,9,1149,1,16,RENAULT TWINGO,2,E01028435,0,1
2024440125251,2024,440125251,1,9,0,18,19,4,8,0,0,0,0,0,2,4,1,1,2,2,1,18,4,1149,1,14,RENAULT TWINGO,7,E01023167,0,3
2024070750971,2024,070750971,2,9,0,-1,19,7,1,-1,0,8,0,0,0,0,4,1,-1,9,2,26,6,1598,1,15,RENAULT TWINGO,5,E01018212,0,5
2024332400794,2024,332400794,2,9,0,-1,19,4,8,-1,0,8,0,0,1,1,3,1,-1,9,1,17,4,1149,1,12,RENAULT TWINGO,9,E01031036,0,1
2024211474100,2024,211474100,1,9,0,-1,7,1,5,-1,0,0,5,0,0,0,0,1,-1,9,1,20,4,1149,1,16,RENAULT TWINGO,6,E01029667,0,1
2024631445800,2024,631445800,2,9,0,-1,2,0,0,-1,0,0,0,0,0,0,4,1,-1,6,-1,-1,-1,999,1,9,RENAULT TWINGO,-1,-1,0,-1
2024440247792,2024,440247792,3,9,0,2,2,0,0,0,0,0,0,0,0,0,4,1,6,6,3,-1,-1,1149,1,13,RENAULT TWINGO,-1,-1,0,-1
2024471488620,2024,471488620,1,9,0,-1,19,5,1,-1,0,0,2,0,7,0,1,1,-1,9,2,18,4,1149,1,14,RENAULT TWINGO,6,E01035346,0,4
2024461501402,2024,461501402,2,9,0,-1,3,3,7,-1,0,0,0,0,0,0,2,9,-1,2,2,50,8,999,1,8,RENAULT TWINGO,5,E01035293,0,1
2024041457300,2024,041457300,1,9,0,-1,3,1,5,-1,0,2,0,0,0,0,1,1,-1,9,1,82,11,1149,1,14,RENAULT TWINGO,1,E01024886,0,1
2024231500587,2024,231500587,1,9,0,-1,19,4,8,-1,0,0,0,0,7,0,4,1,-1,6,2,18,4,1149,1,10,RENAULT TWINGO,8,E01031182,0,1
2024221438109,2024,221438109,1,9,0,-1,19,2,8,-1,0,0,2,10,7,0,4,9,-1,6,1,18,4,1149,1,11,RENAULT TWINGO,3,E01014005,0,3
2024361479128,2024,361479128,1,9,0,-1,19,8,4,-1,0,8,2,0,1,0,1,1,-1,9,2,21,5,1149,1,12,RENAULT TWINGO,6,E01026441,0,2
2024440497745,2024,440497745,1,9,0,10,10,8,6,0,0,1,0,0,0,0,2,1,6,6,1,44,7,1149,1,16,RENAULT TWINGO,-1,-1,0,-1
2024522401966,2024,522401966,1,9,0,18,19,8,4,0,0,1,0,10,1,2,1,1,6,6,1,21,5,1149,1,14,RENAULT TWINGO,9,E01015018,0,1
202454D908324,2024,54D908324,1,9,0,9,9,5,2,0,0,1,0,0,0,0,3,1,1,1,2,37,7,1149,1,16,RENAULT TWINGO,4,E01032094,0,2
2024041492797,2024,041492797,1,9,0,-1,19,1,5,-1,9,4,0,7,7,1,1,1,-1,6,2,46,8,1149,1,13,RENAULT TWINGO,6,E01025541,0,1
2024340NN3342,2024,340NN3342,1,9,0,-1,9,3,1,-1,0,6,0,0,0,0,1,1,-1,6,1,-1,-1,1149,1,16,RENAULT TWINGO,-1,-1,0,-1
2024010511093,2024,010511093,1,9,0,18,19,3,7,1,1,0,0,0,0,0,4,1,1,1,1,22,5,898,1,8,RENAULT TWINGO,-1,-1,0,-1
2024622400501,2024,622400501,1,9,0,18,19,4,8,0,0,0,2,10,0,0,1,1,6,6,2,18,4,1149,1,10,RENAULT TWINGO,2,W01001192,0,1
2024991445283,2024,991445283,2,9,0,-1,19,1,5,-1,0,1,0,0,0,0,3,1,-1,6,1,47,8,1149,1,14,RENAULT TWINGO,-1,-1,0,-1
2024201514158,2024,201514158,2,9,0,-1,8,3,7,-1,0,2,0,0,0,0,2,1,-1,6,1,34,6,999,1,7,RENAULT TWINGO,6,E01010233,0,2
2024440103162,2024,440103162,1,9,0,7,7,3,4,0,0,8,0,0,0,0,1,1,6,6,1,24,5,1149,1,14,RENAULT TWINGO,6,E01034549,0,4
2024522401505,2024,522401505,1,9,0,18,19,5,1,0,0,0,0,0,0,0,1,1,6,6,2,25,5,1149,1,14,RENAULT TWINGO,8,E01024956,0,5
2024041506806,2024,041506806,2,9,0,-1,19,7,3,-1,0,1,0,0,0,0,1,1,-1,9,2,65,9,1149,1,14,RENAULT TWINGO,2,E01024904,0,1
2024122400836,2024,122400836,1,9,0,7,7,5,1,0,0,2,0,0,1,11,1,1,6,6,2,19,4,1149,1,16,RENAULT TWINGO,10,E01027899,0,1
2024610051324,2024,610051324,2,9,0,18,19,1,5,0,0,0,0,0,0,0,3,1,6,6,1,33,6,2498,1,2,SUBARU OUTBACK,6,E01014054,0,4
2024440129934,2024,440129934,2,9,0,4,4,4,8,0,0,0,0,0,0,0,2,1,6,6,2,59,9,2498,1,8,SUBARU OUTBACK,7,E01023178,0,1
2024411402929,2024,411402929,1,9,-1,-1,-1,-1,-1,-1,-1,0,-1,-1,-1,0,-1,9,-1,6,3,-1,-1,2498,1,9,SUBARU OUTBACK,-1,-1,0,-1
2024131455436,2024,131455436,1,9,0,-1,9,3,1,-1,0,2,0,0,7,0,1,1,-1,6,2,72,10,2498,1,4,SUBARU OUTBACK,10,E01010772,0,1
2024451431946,2024,451431946,1,9,0,-1,3,3,7,-1,0,1,0,0,0,0,3,9,-1,6,1,76,11,2498,1,9,SUBARU OUTBACK,9,E01030992,0,2
2024440059086,2024,440059086,1,9,0,18,19,6,2,0,0,0,1,0,4,6,3,1,1,1,1,62,9,2498,1,1,SUBARU OUTBACK,9,E01020400,0,4
2024631462172,2024,631462172,2,9,0,-1,7,2,4,-1,0,6,0,0,0,0,2,2,-1,6,1,55,8,2498,1,5,SUBARU OUTBACK,8,W01001904,0,1
2024340WN0542,2024,340WN0542,2,9,0,-1,10,1,5,-1,0,5,0,0,0,0,2,1,-1,9,1,58,9,1998,2,9,SUBARU OUTBACK,6,E01027011,0,1
2024430595702,2024,430595702,1,9,0,18,19,6,2,0,0,0,5,0,0,4,3,1,6,6,1,78,11,2498,1,3,SUBARU OUTBACK,10,E01028665,0,1
2024531416350,2024,531416350,2,9,0,-1,19,4,8,-1,0,8,0,0,0,0,1,1,-1,2,2,60,9,2457,1,21,SUBARU OUTBACK,6,E01021070,0,5
2024010510546,2024,010510546,2,9,0,99,99,9,9,99,99,9,9,99,9,99,1,9,6,6,3,-1,-1,2498,1,6,SUBARU OUTBACK,-1,-1,0,-1
2024221486301,2024,221486301,2,9,0,-1,19,5,1,-1,0,0,0,0,0,0,3,1,-1,6,1,56,9,2498,1,1,SUBARU OUTBACK,4,E01029638,0,4
2024041529003,2024,041529003,1,9,0,-1,19,3,7,-1,0,1,0,0,0,0,3,9,-1,6,2,42,7,2498,1,1,SUBARU OUTBACK,1,E01006050,0,4
2024221415509,2024,221415509,2,9,0,-1,2,0,0,-1,0,0,0,0,0,0,1,1,-1,6,1,71,10,2457,1,18,SUBARU OUTBACK,8,E01032290,0,1
2024101497696,2024,101497696,1,9,0,-1,5,1,5,-1,0,0,0,0,0,0,4,1,-1,6,3,25,5,3000,1,16,SUBARU OUTBACK,-1,-1,0,-1
2024440176712,2024,440176712,1,9,0,18,19,1,5,0,0,0,0,0,5,6,1,1,6,6,1,61,9,1998,2,9,SUBARU OUTBACK,7,E01022631,0,4
2024471437397,2024,471437397,1,9,0,-1,1,7,3,-1,0,0,0,0,1,11,2,1,-1,9,1,89,11,2457,1,19,SUBARU OUTBACK,9,E01021168,0,1
2024131501358,2024,131501358,3,9,3,-1,19,1,5,-1,0,0,0,0,0,0,2,1,-1,9,1,66,10,2498,1,6,SUBARU OUTBACK,6,-1,0,5
2024461469476,2024,461469476,2,9,0,-1,4,7,4,-1,0,0,0,0,0,0,2,1,-1,2,1,29,6,2457,1,15,SUBARU OUTBACK,9,E01000752,0,4
2024361426915,2024,361426915,1,9,0,-1,19,2,6,-1,-1,0,0,0,0,0,1,1,-1,6,1,34,6,1328,1,17,SUZUKI JIMNY,-1,-1,0,-1
202460Q137867,2024,60Q137867,2,9,0,18,19,2,6,0,0,1,5,0,0,0,1,1,6,6,2,42,7,1328,1,8,SUZUKI JIMNY,-1,-1,0,-1
2024311506020,2024,311506020,2,9,0,-1,19,3,7,-1,0,0,0,0,0,0,1,1,-1,9,2,30,6,1328,1,12,SUZUKI JIMNY,9,E01028213,0,1
2024041428549,2024,041428549,2,9,0,-1,19,1,1,-1,0,1,0,11,0,0,1,1,-1,9,2,18,4,1328,1,14,SUZUKI JIMNY,3,E01012691,0,1
2024461422091,2024,461422091,1,9,0,-1,19,5,1,-1,0,4,0,0,1,0,1,1,-1,9,1,20,4,1328,1,19,SUZUKI JIMNY,5,E01016149,0,2
2024041496022,2024,041496022,1,9,0,-1,12,3,7,-1,0,0,0,0,0,0,1,2,-1,1,1,18,4,1328,1,21,SUZUKI JIMNY,6,E01024870,0,2
2024131421204,2024,131421204,1,9,0,-1,4,5,1,-1,0,6,0,0,1,0,1,1,-1,1,1,56,9,1328,1,23,SUZUKI JIMNY,7,E01010899,0,1
2024440080522,2024,440080522,1,9,0,18,19,6,2,0,0,0,5,0,0,0,0,1,6,6,2,25,5,1328,1,15,SUZUKI JIMNY,5,E01023262,0,4
2024440433956,2024,440433956,1,9,0,17,19,5,1,0,0,0,5,0,7,4,1,1,6,6,1,19,4,1328,1,20,SUZUKI JIMNY,8,E01030718,0,4
2024010510895,2024,010510895,1,9,0,18,19,3,7,0,0,1,0,0,0,0,1,1,2,2,2,52,8,1328,1,17,SUZUKI JIMNY,8,E01000991,0,2
2024461483693,2024,461483693,2,9,0,-1,19,5,3,-1,0,1,0,0,0,0,1,1,-1,6,1,51,8,1462,1,5,SUZUKI JIMNY,3,E01016021,0,1
2024421421409,2024,421421409,1,9,0,-1,19,4,6,-1,0,0,0,0,0,0,1,1,-1,9,2,80,11,1328,1,23,SUZUKI JIMNY,5,E01021796,0,2
2024461515009,2024,461515009,1,9,0,-1,9,7,4,-1,0,5,1,7,3,0,1,1,-1,6,1,19,4,1328,1,20,SUZUKI JIMNY,4,E01024387,0,4
2024552400691,2024,552400691,1,9,0,9,9,2,8,0,0,6,0,0,0,0,3,1,2,2,1,32,6,1328,1,21,SUZUKI JIMNY,3,E01015442,0,1
2024031455974,2024,031455974,1,9,0,-1,19,2,4,-1,0,0,5,0,7,11,1,1,-1,6,1,20,4,1328,1,21,SUZUKI JIMNY,7,E01019387,0,3
2024522500049,2024,522500049,1,9,0,9,9,4,2,0,0,5,0,0,0,0,1,1,6,6,1,34,6,1328,1,12,SUZUKI JIMNY,7,E01014893,0,3
2024991512967,2024,991512967,3,9,0,-1,19,1,5,-1,0,0,0,0,0,0,1,1,-1,1,1,43,7,1328,1,8,SUZUKI JIMNY,-1,-1,0,-1
2024991531469,2024,991531469,1,9,0,-1,4,5,1,-1,0,0,1,0,0,0,1,1,-1,9,1,21,5,1328,1,22,SUZUKI JIMNY,6,-1,0,3
2024131423676,2024,131423676,2,9,0,-1,19,3,7,-1,0,0,0,0,0,0,4,1,-1,9,1,20,4,1328,1,22,SUZUKI JIMNY,5,E01011821,0,1
2024991438982,2024,991438982,1,9,0,-1,20,5,1,-1,-1,0,0,0,7,11,1,1,-1,6,2,90,11,1328,1,9,SUZUKI JIMNY,5,-1,0,1
2024451427606,2024,451427606,3,9,0,-1,19,7,3,-1,0,8,0,0,0,0,3,1,-1,1,2,28,6,1298,1,18,SUZUKI JIMNY,10,E01030460,0,3
2024501395592,2024,501395592,1,9,0,-1,19,3,7,-1,0,0,1,0,1,9,4,1,-1,1,2,65,9,1328,1,19,SUZUKI JIMNY,6,E01020106,0,1
2024522500399,2024,522500399,1,9,0,4,4,2,6,0,0,0,0,0,0,0,3,1,6,6,2,22,5,1328,1,12,SUZUKI JIMNY,6,E01033253,0,5
2024201513084,2024,201513084,2,9,0,-1,19,2,6,-1,0,8,0,0,0,0,4,1,-1,1,1,18,4,1328,1,20,SUZUKI JIMNY,5,E01034103,0,3
2024371484507,2024,371484507,1,9,0,-1,19,8,6,-1,0,1,0,0,0,0,1,1,-1,6,2,68,10,1328,1,22,SUZUKI JIMNY,7,E01029911,0,2
2024211402527,2024,211402527,1,9,0,-1,19,5,8,-1,0,0,1,0,7,1,3,9,-1,9,1,21,5,1328,1,19,SUZUKI JIMNY,5,E01029795,0,1
2024461509638,2024,461509638,1,9,0,-1,19,6,2,-1,0,1,1,0,0,0,1,1,-1,6,1,20,4,1328,1,22,SUZUKI JIMNY,9,E01024112,0,2
2024371487124,2024,371487124,1,9,0,-1,19,8,4,-1,0,0,0,0,0,0,1,1,-1,9,2,66,10,1328,1,18,SUZUKI JIMNY,8,E01030048,0,1
2024440383049,2024,440383049,1,9,0,18,19,1,5,0,0,8,0,0,0,0,4,1,6,6,1,69,10,1462,1,3,SUZUKI JIMNY,5,E01032883,0,1
2024471461802,2024,471461802,3,9,0,-1,19,5,1,-1,0,0,0,0,0,0,0,1,-1,9,1,61,9,1462,1,4,SUZUKI JIMNY,9,E01031504,0,3
2024440055835,2024,440055835,1,9,0,18,19,2,6,0,0,0,0,0,0,0,3,1,6,6,1,60,9,1462,1,5,SUZUKI JIMNY,5,E01022996,0,2
2024101420798,2024,101420798,2,9,0,-1,19,5,1,-1,0,0,0,0,0,0,3,1,-1,6,1,42,7,1328,1,20,SUZUKI JIMNY,4,E01008679,0,1
2024531531259,2024,531531259,2,9,0,-1,19,6,2,-1,0,2,0,0,1,1,3,1,-1,9,1,45,7,1328,1,10,SUZUKI JIMNY,7,E01022391,0,1
2024302401800,2024,302401800,1,9,0,-1,19,4,8,-1,0,0,0,0,0,0,1,1,-1,6,2,20,4,1462,1,0,SUZUKI JIMNY,5,E01019791,0,2
2024411544251,2024,411544251,2,9,0,-1,19,1,5,-1,0,8,0,0,0,0,3,1,-1,6,2,26,6,1462,1,4,SUZUKI JIMNY,9,E01017414,0,2
2024531498588,2024,531498588,1,9,0,-1,19,4,3,-1,0,0,0,0,0,0,1,9,-1,6,1,21,5,1328,1,19,SUZUKI JIMNY,3,E01022375,0,2
2024041488562,2024,041488562,1,9,0,-1,19,5,1,-1,9,2,0,0,1,4,1,2,-1,6,-1,-1,-1,1462,1,5,SUZUKI JIMNY,-1,-1,0,-1
202460Q028751,2024,60Q028751,2,9,0,5,5,3,7,0,0,8,0,0,0,0,4,1,6,6,2,68,10,1328,1,17,SUZUKI JIMNY,-1,-1,0,-1
2024131411757,2024,131411757,1,9,0,-1,19,3,1,-1,0,1,0,0,0,0,1,1,-1,2,1,44,7,1328,1,18,SUZUKI JIMNY,8,E01011800,0,1
2024311529438,2024,311529438,3,9,0,-1,3,3,8,-1,0,1,0,0,0,0,1,1,-1,2,2,48,8,1462,1,2,SUZUKI JIMNY,10,E01028359,0,1
2024010513478,2024,010513478,2,9,9,99,99,9,9,99,99,9,9,99,0,0,9,9,6,6,3,-1,-1,1328,1,16,SUZUKI JIMNY,-1,-1,0,-1
2024461499162,2024,461499162,1,9,0,-1,1,5,1,-1,9,1,0,0,0,0,2,1,-1,9,2,21,5,1328,1,20,SUZUKI JIMNY,7,E01024740,0,2
2024631475385,2024,631475385,1,9,0,-1,19,5,8,-1,0,0,5,0,2,10,4,1,-1,9,1,19,4,1328,1,21,SUZUKI JIMNY,8,E01032699,0,5
202460Q061388,2024,60Q061388,3,9,0,18,19,2,6,0,0,0,0,0,0,0,0,1,6,6,1,76,11,1328,1,19,SUZUKI JIMNY,-1,-1,0,-1
2024421441655,2024,421441655,2,9,0,-1,9,7,6,-1,0,1,0,0,0,0,2,1,-1,9,1,29,6,1328,1,23,SUZUKI JIMNY,6,E01030218,0,4
2024122400463,2024,122400463,2,9,0,18,19,1,5,0,0,1,0,0,0,0,1,1,6,6,1,57,9,1328,1,12,SUZUKI JIMNY,7,E01027738,0,3
2024552500076,2024,552500076,1,9,0,9,9,2,8,0,0,6,0,0,0,0,1,1,6,6,1,19,4,1328,1,21,SUZUKI JIMNY,7,E01020361,0,1
2024451499212,2024,451499212,1,9,0,-1,20,0,0,-1,0,0,5,0,0,0,3,1,-1,9,1,80,11,1328,1,15,SUZUKI JIMNY,8,E01030534,0,1
2024131456055,2024,131456055,1,9,0,-1,19,1,5,-1,0,8,5,0,0,0,1,1,-1,9,2,84,11,1328,1,6,SUZUKI JIMNY,1,E01010967,0,1
2024131507012,2024,131507012,1,9,0,-1,-1,-1,-1,-1,-1,-1,-1,-1,-1,0,-1,1,-1,6,3,-1,-1,1328,1,17,SUZUKI JIMNY,-1,-1,0,-1
2024010549491,2024,010549491,2,4,0,99,99,9,9,99,99,9,9,99,9,99,1,1,6,6,1,34,6,278,1,6,MAKE AND MODEL REDACTED,7,E01003139,0,3
2024552400334,2024,552400334,1,4,0,18,19,4,8,0,0,0,0,0,0,0,1,1,6,6,1,72,10,278,1,7,MAKE AND MODEL REDACTED,10,E01020418,0,2
2024302401329,2024,302401329,2,3,0,4,4,1,5,0,0,3,0,0,0,0,2,1,2,2,1,37,7,124,1,6,MAKE AND MODEL REDACTED,5,E01019432,0,1
2024371442322,2024,371442322,2,3,0,-1,19,8,4,-1,0,1,0,0,0,0,1,1,-1,6,1,34,6,125,1,4,MAKE AND MODEL REDACTED,6,E01030061,0,3
2024451529447,2024,451529447,2,3,0,-1,7,2,5,-1,0,8,5,0,0,0,1,1,-1,9,1,32,6,125,1,2,MAKE AND MODEL REDACTED,9,E01030768,0,1
2024471476554,2024,471476554,2,3,0,-1,19,7,3,-1,0,1,0,0,0,0,1,1,-1,6,1,22,5,125,1,1,MAKE AND MODEL REDACTED,4,E01031799,0,2
2024440021837,2024,440021837,1,3,0,9,9,5,3,0,0,8,1,0,0,0,2,1,2,2,1,44,7,125,1,1,MAKE AND MODEL REDACTED,6,E01022486,0,1
2024471442951,2024,471442951,1,3,0,-1,19,7,3,-1,0,1,0,0,0,0,1,1,-1,2,-1,38,7,125,1,2,MAKE AND MODEL REDACTED,7,E01017004,0,1
2024471524095,2024,471524095,1,3,0,-1,19,1,5,-1,9,2,0,0,0,0,1,1,-1,9,1,19,4,125,1,0,MAKE AND MODEL REDACTED,7,E01031447,0,2
2024221436251,2024,221436251,1,4,0,-1,19,2,7,-1,0,0,0,10,1,0,1,1,-1,6,1,39,7,497,1,23,MAKE AND MODEL REDACTED,2,E01034333,0,1
2024141465055,2024,141465055,2,5,0,-1,19,1,4,-1,0,1,0,0,0,0,1,1,-1,9,1,48,8,937,1,0,MAKE AND MODEL REDACTED,1,E01007727,0,3
2024471486143,2024,471486143,1,3,0,-1,13,7,3,-1,0,0,0,0,0,0,2,1,-1,9,1,43,7,937,1,0,MAKE AND MODEL REDACTED,8,E01021027,0,2
2024522401113,2024,522401113,2,3,0,18,19,1,5,0,0,1,1,0,0,0,1,1,6,6,1,20,4,123,1,13,MAKE AND MODEL REDACTED,6,E01032677,0,1
2024070379380,2024,070379380,2,3,0,18,19,5,1,0,0,1,5,0,0,0,1,1,6,6,2,31,6,124,1,21,MAKE AND MODEL REDACTED,6,E01018674,0,1
2024451525054,2024,451525054,1,2,0,-1,4,1,5,-1,0,4,0,0,0,0,2,1,-1,9,1,16,4,49,1,24,MAKE AND MODEL REDACTED,7,E01030300,0,1
2024501396519,2024,501396519,1,19,0,-1,19,5,1,-1,0,0,2,0,2,10,1,1,-1,9,1,50,8,2999,2,20,MAKE AND MODEL REDACTED,5,E01020279,0,2
2024371522913,2024,371522913,2,3,0,-1,99,-1,-1,-1,0,8,1,0,0,0,1,1,-1,6,1,-1,-1,125,1,0,KYMCO AGILITY,10,E01030206,0,2
2024010548786,2024,010548786,2,3,0,99,99,9,9,99,99,1,9,99,9,99,1,1,1,1,1,34,6,125,1,0,KYMCO AGILITY,5,E01000606,0,2
2024010523773,2024,010523773,2,3,0,18,19,7,3,0,0,1,0,0,0,0,1,1,1,1,1,23,5,125,1,2,KYMCO AGILITY,3,E01003581,0,1
2024622400339,2024,622400339,2,2,0,18,19,2,6,0,0,1,1,0,0,0,1,1,6,6,1,32,6,125,1,1,KYMCO AGILITY,1,W01001955,0,1
2024440338987,2024,440338987,1,2,0,17,19,6,3,0,0,1,1,0,0,0,4,1,6,6,1,29,6,125,1,0,KYMCO AGILITY,2,E01022819,0,2
2024461500416,2024,461500416,1,3,0,-1,19,3,7,-1,0,8,0,0,0,0,1,1,-1,9,1,-1,-1,125,1,3,KYMCO AGILITY,3,E01003564,0,4
2024531479465,2024,531479465,2,3,0,-1,19,6,2,-1,0,8,1,0,0,0,3,1,-1,6,1,27,6,125,1,0,KYMCO AGILITY,-1,-1,0,-1
2024461462355,2024,461462355,2,3,0,-1,19,3,7,-1,0,3,1,0,0,0,4,1,-1,9,1,36,7,125,1,0,KYMCO AGILITY,-1,-1,0,-1
2024440275725,2024,440275725,1,3,0,18,19,3,7,0,0,8,0,0,0,0,1,1,6,6,1,17,4,125,1,6,KYMCO AGILITY,5,E01017279,0,1