collision_index,collision_year,collision_ref_no,vehicle_reference,vehicle_type,towing_and_articulation,vehicle_manoeuvre_historic,vehicle_manoeuvre,vehicle_direction_from,vehicle_direction_to,vehicle_location_restricted_lane_historic,vehicle_location_restricted_lane,junction_location,skidding_and_overturning,hit_object_in_carriageway,vehicle_leaving_carriageway,hit_object_off_carriageway,first_point_of_impact,vehicle_left_hand_drive,journey_purpose_of_driver_historic,journey_purpose_of_driver,sex_of_driver,age_of_driver,age_band_of_driver,engine_capacity_cc,propulsion_code,age_of_vehicle,generic_make_model,driver_imd_decile,lsoa_of_driver,escooter_flag,driver_distance_banding
2024501483523,2024,501483523,2,3,0,-1,13,7,5,-1,0,8,2,0,0,0,1,1,-1,9,1,20,4,124,1,1,LEXMOTO LXR,5,E01020122,0,4
2024451537996,2024,451537996,2,3,0,-1,19,5,1,-1,0,1,1,0,0,0,4,1,-1,1,1,23,5,125,1,4,LEXMOTO LXR,5,E01030980,0,1
2024211420789,2024,211420789,2,3,0,-1,19,2,6,-1,0,1,1,0,0,0,1,1,-1,2,1,20,4,124,1,2,LEXMOTO LXR,1,E01014244,0,1
2024320704838,2024,320704838,1,4,0,-1,-1,4,8,0,0,1,0,0,0,0,1,1,1,1,1,19,4,124,1,0,LEXMOTO LXR,9,E01026321,0,1
2024010545375,2024,010545375,1,3,0,15,15,8,4,0,0,0,0,0,0,0,1,1,6,6,1,18,4,124,1,0,LEXMOTO LXR,-1,-1,0,-1
2024461486633,2024,461486633,1,3,0,-1,9,5,3,-1,0,1,1,0,3,0,0,1,-1,2,1,22,5,124,1,3,LEXMOTO LXR,8,E01035361,0,3
2024501448548,2024,501448548,1,3,0,-1,19,1,5,-1,-1,0,1,0,0,0,4,1,-1,9,1,17,4,124,1,2,LEXMOTO LXR,6,E01015244,0,1
2024501433939,2024,501433939,2,4,0,-1,3,3,7,-1,0,1,0,0,0,0,2,1,-1,6,1,25,5,124,1,3,LEXMOTO LXR,2,E01015074,0,3
2024440371308,2024,440371308,2,2,0,11,11,5,1,0,0,8,0,0,0,0,2,1,1,1,1,19,4,124,1,2,LEXMOTO LXR,2,E01023156,0,1
202417S106324,2024,17S106324,1,3,0,-1,19,2,6,-1,0,0,1,0,0,0,3,1,-1,2,1,20,4,124,1,2,LEXMOTO LXR,1,E01020847,0,3
2024010508017,2024,010508017,1,3,0,18,19,4,8,0,0,8,0,0,0,0,1,1,6,6,1,24,5,125,1,6,LEXMOTO LXR,1,E01002904,0,1
2024351540714,2024,351540714,1,3,0,-1,19,7,3,-1,0,4,0,0,0,0,1,1,-1,6,1,18,4,124,1,3,LEXMOTO LXR,10,E01018118,0,1
2024461534223,2024,461534223,2,3,0,-1,19,2,6,-1,0,1,5,0,0,0,1,1,-1,9,1,40,7,124,1,3,LEXMOTO LXR,6,E01024578,0,1
2024461404650,2024,461404650,1,3,0,-1,13,2,6,-1,0,1,0,0,0,0,4,1,-1,6,1,59,9,124,1,1,LEXMOTO LXR,4,E01024377,0,3
2024471523906,2024,471523906,2,3,0,-1,19,4,8,-1,0,1,0,0,0,0,1,1,-1,2,1,19,4,125,1,4,LEXMOTO LXR,5,E01031731,0,1
2024552400198,2024,552400198,2,3,0,15,15,6,2,0,0,0,0,0,0,0,3,1,6,6,1,21,5,125,1,4,LEXMOTO LXR,2,E01015379,0,1
2024010516450,2024,010516450,1,2,0,18,19,5,1,0,0,2,2,7,2,10,1,1,6,6,1,22,5,124,1,3,LEXMOTO LXR,3,E01000998,0,1
2024501403118,2024,501403118,1,3,0,-1,19,5,1,-1,0,0,1,0,0,0,3,1,-1,2,1,42,7,124,1,1,LEXMOTO LXR,5,E01020065,0,2
2024131418165,2024,131418165,1,3,0,-1,19,1,5,-1,0,0,1,0,0,0,3,1,-1,9,1,25,5,124,1,0,LEXMOTO LXR,2,E01033013,0,1
2024010507891,2024,010507891,1,3,0,99,99,9,9,99,99,0,9,99,9,99,9,1,6,6,1,31,6,124,1,2,LEXMOTO LXR,5,E01004439,0,2
2024520403024,2024,520403024,1,4,0,18,19,1,5,0,0,8,0,0,0,0,1,1,6,6,1,20,4,124,1,3,LEXMOTO LXR,9,E01029260,0,3
202454F264124,2024,54F264124,2,3,0,18,19,2,6,0,0,1,0,0,0,0,1,1,6,6,1,19,4,125,1,5,LEXMOTO LXR,4,E01031895,0,3
2024141529638,2024,141529638,1,3,0,-1,19,3,7,-1,0,0,0,0,0,0,1,1,-1,9,1,24,5,125,1,5,LEXMOTO LXR,7,E01007589,0,2
2024471497710,2024,471497710,1,3,0,-1,19,7,3,-1,0,0,1,0,0,0,0,1,-1,9,1,18,4,124,1,1,LEXMOTO LXR,4,E01021013,0,4
2024451525724,2024,451525724,1,3,0,-1,19,1,5,-1,0,0,2,0,0,0,1,1,-1,9,1,17,4,124,1,2,LEXMOTO LXR,9,E01030976,0,1
2024440237667,2024,440237667,1,3,0,3,3,1,5,0,0,1,0,0,0,0,2,1,6,6,1,17,4,124,1,1,LEXMOTO LXR,6,E01034729,0,1
2024320348468,2024,320348468,2,3,0,-1,-1,8,6,0,0,0,0,10,0,0,0,1,6,6,1,18,4,124,1,1,LEXMOTO LXR,4,E01026180,0,1
2024501469205,2024,501469205,2,3,0,-1,15,-1,-1,-1,0,0,2,0,0,0,4,1,-1,6,1,19,4,124,1,2,LEXMOTO LXR,9,E01015110,0,1
2024010504506,2024,010504506,2,3,0,9,9,5,2,0,0,1,1,0,0,0,1,1,6,6,1,25,5,124,1,1,LEXMOTO LXR,7,E01001871,0,1
2024451421159,2024,451421159,1,3,0,-1,19,1,5,-1,0,0,1,10,1,9,4,1,-1,9,2,17,4,125,1,4,LEXMOTO LXR,6,E01030857,0,2
2024010495007,2024,010495007,2,4,0,18,19,3,7,0,0,1,0,0,0,0,1,1,6,6,1,20,4,125,1,5,LEXMOTO LXR,4,E01003353,0,1
2024201509065,2024,201509065,2,3,0,-1,19,6,2,-1,0,8,0,0,0,0,1,1,-1,2,1,20,4,125,1,4,LEXMOTO LXR,5,E01009032,0,1
2024320547670,2024,320547670,2,3,0,-1,-1,2,6,0,0,8,5,0,0,0,1,1,-1,-1,1,18,4,125,1,5,LEXMOTO LXR,1,E01026308,0,1
2024631460179,2024,631460179,1,4,0,-1,19,6,2,-1,0,0,0,0,0,0,1,1,-1,6,1,32,6,125,1,5,LEXMOTO LXR,5,W01000505,0,1
2024052402502,2024,052402502,2,3,0,18,19,5,1,0,0,1,0,0,0,0,1,1,6,6,1,23,5,125,1,5,LEXMOTO LXR,1,E01007290,0,1
2024471487772,2024,471487772,1,3,0,-1,4,1,5,-1,0,0,1,0,0,0,4,1,-1,2,1,20,4,125,1,6,LEXMOTO LXR,6,E01031750,0,1
2024631471230,2024,631471230,2,3,0,-1,19,6,2,-1,0,8,0,0,0,0,1,1,-1,9,1,43,7,125,1,5,LEXMOTO LXR,5,W01000505,0,1
2024430404557,2024,430404557,1,3,0,18,19,5,1,0,0,8,0,0,0,0,1,1,6,6,1,20,4,125,1,5,LEXMOTO LXR,9,E01035259,0,1
2024440310641,2024,440310641,2,4,0,14,14,4,8,0,0,8,0,0,0,0,1,1,1,1,1,22,5,125,1,4,LEXMOTO LXR,-1,-1,0,-1
2024010523585,2024,010523585,3,4,0,5,5,5,1,0,0,1,1,0,0,0,1,1,2,2,1,34,6,125,1,4,LEXMOTO LXR,4,E01033915,0,1
2024201491972,2024,201491972,1,4,0,-1,19,2,6,-1,0,0,0,0,0,0,1,1,-1,6,1,50,8,124,1,2,LEXMOTO LXR,2,E01009740,0,1
2024211524588,2024,211524588,2,3,0,-1,19,3,1,-1,0,8,2,0,0,0,4,1,-1,2,1,47,8,125,1,5,LEXMOTO LXR,5,E01029374,0,3
2024351522722,2024,351522722,2,3,-1,-1,-1,-1,-1,-1,-1,-1,-1,-1,-1,0,-1,1,-1,2,1,21,5,124,1,1,LEXMOTO LXR,2,E01033182,0,1
2024411538189,2024,411538189,1,9,-1,-1,-1,-1,-1,-1,-1,0,-1,-1,-1,0,-1,9,-1,6,3,-1,-1,2997,1,22,LEXUS GS 300,-1,-1,0,-1
2024010524255,2024,010524255,1,9,0,18,19,1,5,9,9,1,0,0,1,4,4,1,6,6,1,30,6,2995,1,18,LEXUS GS 300,2,E01003500,0,3
2024052400458,2024,052400458,2,9,0,18,19,3,7,0,0,8,0,0,0,0,1,1,6,6,1,75,10,2995,1,18,LEXUS GS 300,6,E01007265,0,1
2024122400487,2024,122400487,1,9,0,18,19,7,3,0,0,0,0,0,0,0,1,1,6,6,1,75,10,2493,8,10,LEXUS GS 300,7,E01013074,0,3
2024351420626,2024,351420626,1,9,0,-1,19,1,5,-1,9,5,0,0,3,10,4,1,-1,6,1,79,11,2995,1,16,LEXUS GS 300,10,E01018262,0,2
2024471515366,2024,471515366,1,9,0,-1,19,1,5,-1,0,8,0,0,0,0,1,1,-1,1,2,29,6,2995,1,17,LEXUS GS 300,4,E01031799,0,1
2024471466811,2024,471466811,2,9,0,-1,4,6,3,-1,0,4,0,0,0,0,1,1,-1,9,1,67,10,2494,8,9,LEXUS GS 300,6,E01035338,0,2
2024461495162,2024,461495162,2,9,0,-1,19,1,5,-1,0,0,0,0,0,0,3,9,-1,9,1,31,6,2493,8,10,LEXUS GS 300,2,E01003507,0,3
2024161477846,2024,161477846,2,9,0,-1,1,5,1,-1,0,0,0,0,0,0,2,1,-1,6,3,-1,-1,2995,1,18,LEXUS GS 300,-1,-1,0,-1
2024131438028,2024,131438028,1,9,0,-1,9,7,1,-1,0,8,0,0,0,0,1,1,-1,9,1,44,7,2995,1,19,LEXUS GS 300,7,E01032946,0,1
2024201516622,2024,201516622,2,9,0,-1,10,5,3,-1,0,5,0,0,0,0,3,9,-1,9,1,31,6,2995,1,19,LEXUS GS 300,5,E01009663,0,1
2024201441897,2024,201441897,1,9,0,-1,19,6,2,-1,0,0,0,10,8,11,1,1,-1,9,1,24,5,2995,1,18,LEXUS GS 300,2,E01010472,0,3
2024131404587,2024,131404587,4,9,0,-1,2,0,0,-1,0,2,0,0,0,0,2,1,-1,6,-1,-1,-1,2995,1,18,LEXUS GS 300,-1,-1,0,-1
2024211430656,2024,211430656,2,17,0,-1,3,3,7,-1,0,0,0,11,3,0,1,9,-1,1,1,44,7,4000,2,31,MAKE AND MODEL REDACTED,-1,-1,0,-1
2024351399332,2024,351399332,2,5,0,-1,19,3,7,-1,0,0,5,0,0,0,1,1,-1,2,1,25,5,649,1,1,MAKE AND MODEL REDACTED,6,E01018156,0,1
2024010500965,2024,010500965,1,4,0,99,99,9,9,99,99,9,9,99,9,99,9,1,2,2,2,31,6,249,1,6,MAKE AND MODEL REDACTED,3,E01002056,0,1
2024471446904,2024,471446904,1,4,0,-1,19,4,7,-1,0,8,0,0,0,0,1,1,-1,6,1,64,9,249,1,6,MAKE AND MODEL REDACTED,9,E01016888,0,1
2024201413535,2024,201413535,2,9,0,-1,3,7,3,-1,0,1,1,0,0,0,1,9,-1,6,1,38,7,-1,-1,-1,NISSAN NV250,2,E01028962,0,4
2024221506227,2024,221506227,1,19,0,-1,19,5,2,-1,0,0,5,0,1,7,1,1,-1,6,1,68,10,1461,2,3,NISSAN NV250,10,E01013433,0,5
2024440376083,2024,440376083,1,19,0,4,4,4,8,0,0,0,0,0,0,0,1,1,1,1,1,59,9,1461,2,3,NISSAN NV250,-1,-1,0,-1
2024501427035,2024,501427035,1,19,0,-1,19,-1,-1,-1,0,0,0,0,0,0,4,1,-1,2,1,42,7,1461,2,4,NISSAN NV250,8,E01015141,0,1
2024010546244,2024,010546244,1,19,0,18,19,1,5,0,0,1,0,0,0,0,2,1,2,2,1,45,7,1461,2,3,NISSAN NV250,8,E01000840,0,2
2024552401134,2024,552401134,1,19,0,9,9,5,3,0,0,6,0,0,0,0,3,1,6,6,1,58,9,1461,2,3,NISSAN NV250,4,E01020411,0,2
2024010513332,2024,010513332,2,19,0,99,99,9,9,99,99,9,9,99,9,99,1,9,6,6,3,29,6,1461,2,4,NISSAN NV250,10,E01002387,0,4
2024061432366,2024,061432366,1,19,0,-1,19,-1,-1,-1,0,0,0,0,0,0,2,1,-1,1,1,24,5,1461,2,3,NISSAN NV250,8,E01020680,0,5
2024991525698,2024,991525698,1,19,0,-1,19,7,3,-1,0,0,0,0,0,0,1,1,-1,2,1,51,8,1461,2,3,NISSAN NV250,2,-1,0,1
2024430549542,2024,430549542,1,19,0,18,19,2,6,0,0,4,0,0,0,0,1,1,6,6,1,62,9,1461,2,3,NISSAN NV250,-1,-1,0,-1
2024522401191,2024,522401191,2,19,0,3,3,2,6,0,0,0,0,0,0,0,2,1,6,6,1,72,10,1461,2,3,NISSAN NV250,2,E01032517,0,2
2024201522179,2024,201522179,3,9,0,-1,19,2,6,-1,0,8,0,0,0,0,1,1,-1,1,1,56,9,-1,-1,-1,NISSAN NV250,8,E01031083,0,3
2024010535966,2024,010535966,1,2,9,99,99,9,9,99,99,9,9,99,9,99,9,1,2,2,1,31,6,49,1,7,PIAGGIO ZIP,7,E01023901,0,3
2024430585856,2024,430585856,1,2,0,9,9,3,1,0,0,8,0,0,0,0,1,1,6,6,1,16,4,50,1,6,PIAGGIO ZIP,9,E01017825,0,1
2024010545739,2024,010545739,1,2,0,99,99,9,9,99,99,9,9,99,9,99,1,1,1,1,1,31,6,49,1,2,PIAGGIO ZIP,5,E01002619,0,1
2024302400257,2024,302400257,2,2,0,18,19,8,4,0,0,2,0,0,0,0,1,1,6,6,1,16,4,49,1,1,PIAGGIO ZIP,7,E01019655,0,1
2024361498062,2024,361498062,1,2,0,-1,19,3,7,-1,0,0,1,0,0,0,4,1,-1,9,1,16,4,49,1,8,PIAGGIO ZIP,4,E01026759,0,1
2024451463224,2024,451463224,2,2,0,-1,19,1,7,-1,0,0,5,0,0,0,1,1,-1,6,3,26,6,49,1,21,PIAGGIO ZIP,-1,-1,0,-1
2024451441482,2024,451441482,2,2,0,-1,19,5,1,-1,0,0,0,0,0,0,1,1,-1,9,1,19,4,49,1,9,PIAGGIO ZIP,9,E01002996,0,1
2024221499015,2024,221499015,1,2,0,-1,19,8,6,-1,0,0,0,0,0,0,1,1,-1,6,1,17,4,50,1,18,PIAGGIO ZIP,5,E01028980,0,1
202454D079824,2024,54D079824,4,2,0,18,19,3,7,0,0,1,0,0,0,0,1,1,6,6,1,17,4,49,1,19,PIAGGIO ZIP,3,E01031896,0,2
2024161455657,2024,161455657,1,2,0,-1,19,3,7,-1,0,1,1,0,0,0,3,1,-1,7,2,16,4,49,1,10,PIAGGIO ZIP,4,E01012966,0,2
2024461481682,2024,461481682,1,3,0,-1,19,3,4,-1,0,0,0,0,0,0,1,1,-1,6,1,-1,-1,-1,-1,-1,PIAGGIO ZIP,-1,-1,0,-1
2024451532088,2024,451532088,2,2,0,-1,19,6,8,-1,0,1,0,0,0,0,1,1,-1,6,1,18,4,49,1,12,PIAGGIO ZIP,-1,-1,0,-1
2024430238581,2024,430238581,2,2,0,18,19,1,5,0,0,8,0,0,0,0,1,1,2,2,1,29,6,50,1,18,PIAGGIO ZIP,6,E01016297,0,1
2024501442967,2024,501442967,1,2,0,-1,19,3,7,-1,0,3,0,0,0,0,4,1,-1,9,1,52,8,49,1,16,PIAGGIO ZIP,1,E01015047,0,1
2024141409148,2024,141409148,2,2,0,-1,19,5,1,-1,0,1,0,0,0,0,1,1,-1,6,1,16,4,49,1,7,PIAGGIO ZIP,9,E01019790,0,1
2024440167205,2024,440167205,1,2,0,14,14,8,4,0,0,1,1,0,0,0,1,1,6,6,1,16,4,49,1,19,PIAGGIO ZIP,10,E01022776,0,1
2024010523739,2024,010523739,2,2,0,18,19,6,2,0,0,1,0,0,0,0,1,1,2,2,2,49,8,49,1,10,PIAGGIO ZIP,7,E01031022,0,5
2024361422667,2024,361422667,1,2,0,-1,19,7,3,-1,0,0,1,0,0,0,1,1,-1,9,1,17,4,49,1,10,PIAGGIO ZIP,8,E01026502,0,3
2024302400250,2024,302400250,2,3,0,18,19,6,2,0,0,0,1,0,0,0,1,1,6,6,1,17,4,-1,-1,-1,PIAGGIO ZIP,7,E01019655,0,1
2024131471816,2024,131471816,1,2,0,-1,9,5,1,-1,0,8,1,0,7,2,2,1,-1,9,1,16,4,49,1,21,PIAGGIO ZIP,1,E01011899,0,1
2024440294762,2024,440294762,2,3,0,18,19,3,7,0,0,1,0,0,0,0,1,1,2,2,1,19,4,-1,-1,-1,PIAGGIO ZIP,8,E01022755,0,1
2024141426957,2024,141426957,2,2,0,-1,13,1,5,-1,0,8,0,0,0,0,1,1,-1,9,1,16,4,49,1,7,PIAGGIO ZIP,3,E01007363,0,1
2024201443172,2024,201443172,2,3,0,-1,19,5,1,-1,0,0,0,0,0,0,1,1,-1,6,1,18,4,124,1,20,PIAGGIO ZIP,1,E01009117,0,1
2024041514231,2024,041514231,1,2,0,-1,9,5,1,-1,0,8,0,0,0,0,4,1,-1,9,2,17,4,49,1,10,PIAGGIO ZIP,8,E01025105,0,4
2024451479306,2024,451479306,1,2,0,-1,13,5,1,-1,0,0,5,0,0,0,1,1,-1,6,1,17,4,50,1,18,PIAGGIO ZIP,4,E01030364,0,1
2024201498014,2024,201498014,2,2,0,-1,19,3,7,-1,0,2,0,0,0,0,3,1,-1,6,1,16,4,49,1,9,PIAGGIO ZIP,10,E01010170,0,1
2024141557903,2024,141557903,1,2,0,-1,4,1,5,-1,0,1,0,0,0,0,1,1,-1,6,1,19,4,49,1,15,PIAGGIO ZIP,1,E01007402,0,1
2024371514138,2024,371514138,2,2,0,-1,19,3,7,-1,0,0,2,0,0,0,1,1,-1,9,1,16,4,49,1,13,PIAGGIO ZIP,4,E01029960,0,1
2024411502018,2024,411502018,1,2,0,-1,19,1,5,-1,0,1,0,0,0,0,1,1,-1,6,1,16,4,49,1,9,PIAGGIO ZIP,6,E01023359,0,1
2024522500236,2024,522500236,1,2,0,18,19,8,4,0,0,1,0,0,0,0,3,1,6,6,1,16,4,49,1,3,PIAGGIO ZIP,4,E01014662,0,1
2024131483815,2024,131483815,1,2,0,-1,19,6,2,-1,0,8,1,0,0,0,1,1,-1,9,1,18,4,49,1,9,PIAGGIO ZIP,1,E01011901,0,1
2024430603489,2024,430603489,1,9,0,3,3,1,5,0,0,0,0,0,0,0,2,1,1,1,1,43,7,999,1,6,SMART FORFOUR,6,E01016268,0,2
2024010540398,2024,010540398,1,9,0,4,4,7,3,0,0,0,0,0,0,0,1,1,6,6,1,23,5,999,1,9,SMART FORFOUR,1,E01001776,0,2
2024461476520,2024,461476520,2,9,0,-1,19,3,7,-1,0,1,0,0,0,0,1,2,-1,9,2,31,6,999,1,7,SMART FORFOUR,2,E01016046,0,2
2024440469255,2024,440469255,1,9,0,7,7,3,5,0,0,5,0,0,0,0,4,1,6,6,1,59,9,898,1,7,SMART FORFOUR,10,E01023242,0,3
2024991394520,2024,991394520,3,9,0,-1,2,0,0,-1,0,1,0,0,0,0,1,1,-1,6,-1,-1,-1,999,1,9,SMART FORFOUR,-1,-1,0,-1
2024411495340,2024,411495340,2,9,0,-1,5,2,4,-1,0,4,0,0,0,0,1,1,-1,9,2,36,7,999,1,5,SMART FORFOUR,5,E01023611,0,1
2024211420991,2024,211420991,1,9,0,-1,19,4,8,-1,0,0,0,0,0,0,1,9,-1,6,2,68,10,999,1,9,SMART FORFOUR,4,E01014253,0,2
2024411484646,2024,411484646,1,9,0,-1,3,-1,-1,-1,0,0,0,0,0,0,0,9,-1,6,1,31,6,999,1,8,SMART FORFOUR,7,E01023594,0,3
2024411474656,2024,411474656,1,9,0,-1,9,1,7,-1,0,8,0,0,0,0,1,1,-1,6,1,38,7,1124,1,19,SMART FORFOUR,6,E01023633,0,1
2024141531552,2024,141531552,2,9,0,-1,4,8,4,-1,0,1,0,0,2,0,2,1,-1,6,1,43,7,999,1,6,SMART FORFOUR,7,E01007553,0,3
2024552401500,2024,552401500,2,9,0,2,2,0,0,0,0,0,0,0,0,0,3,1,6,6,2,22,5,1124,1,18,SMART FORFOUR,8,E01015453,0,2
2024471525043,2024,471525043,1,9,0,-1,19,5,2,-1,0,1,0,0,2,0,1,1,-1,6,2,32,6,898,1,6,SMART FORFOUR,2,E01020978,0,3
2024010538550,2024,010538550,1,9,0,18,19,7,3,0,0,8,0,0,0,0,4,1,6,6,1,25,5,898,1,9,SMART FORFOUR,4,E01033869,0,2
2024461408267,2024,461408267,2,9,0,-1,19,1,6,-1,0,0,0,0,0,0,2,1,-1,9,2,36,7,999,1,9,SMART FORFOUR,5,E01024283,0,1
2024471476281,2024,471476281,1,9,0,-1,19,4,8,-1,0,2,0,0,0,0,1,1,-1,9,2,53,8,1124,1,18,SMART FORFOUR,3,E01017007,0,2
2024543461024,2024,543461024,2,9,0,18,19,3,7,0,0,1,0,0,0,0,1,1,6,6,2,-1,-1,999,1,7,SMART FORFOUR,-1,-1,0,-1
2024440093058,2024,440093058,1,9,0,9,9,8,6,0,0,5,0,0,7,0,2,1,6,6,2,76,11,898,1,7,SMART FORFOUR,8,E01017352,0,1
2024010506044,2024,010506044,1,9,0,17,19,5,1,0,0,0,0,0,0,0,1,1,6,6,2,80,11,898,1,5,SMART FORFOUR,2,E01002878,0,1
2024010547718,2024,010547718,1,9,0,99,99,9,9,99,99,9,9,99,9,99,2,9,2,2,1,24,5,999,1,9,SMART FORFOUR,4,E01003169,0,1
2024522402833,2024,522402833,1,9,0,3,3,3,7,0,0,0,0,0,0,0,2,1,6,6,2,63,9,999,1,8,SMART FORFOUR,2,E01014610,0,3
2024010528664,2024,010528664,2,9,0,99,99,9,9,99,99,9,9,99,9,99,9,9,6,6,1,19,4,898,1,8,SMART FORFOUR,7,E01000650,0,3
2024351567930,2024,351567930,2,9,0,-1,5,5,3,-1,0,3,0,0,0,0,1,1,-1,6,2,22,5,898,1,7,SMART FORFOUR,-1,-1,0,-1
2024221458417,2024,221458417,1,9,0,-1,19,4,8,-1,0,8,0,0,0,0,1,9,-1,2,2,45,7,999,1,9,SMART FORFOUR,5,E01028894,0,1
2024501489581,2024,501489581,1,9,0,-1,10,3,8,-1,0,8,0,0,0,0,0,1,-1,6,2,50,8,1332,1,18,SMART FORFOUR,6,E01018981,0,1
2024010520493,2024,010520493,1,9,0,4,4,5,1,0,0,2,0,0,0,0,2,1,6,6,2,39,7,999,1,9,SMART FORFOUR,5,E01001185,0,1
2024010534481,2024,010534481,2,9,0,18,19,1,5,9,9,4,0,0,7,0,4,1,3,7,2,40,7,999,1,8,SMART FORFOUR,1,E01003515,0,1
2024371518094,2024,371518094,2,9,0,-1,19,2,6,-1,0,0,0,0,0,0,4,1,-1,6,2,46,8,999,1,9,SMART FORFOUR,2,E01030264,0,1
2024451462451,2024,451462451,1,9,0,-1,19,3,7,-1,0,0,0,0,1,3,1,1,-1,9,1,21,5,1124,1,19,SMART FORFOUR,8,E01030574,0,2
2024010515237,2024,010515237,2,9,0,8,8,3,5,0,0,1,0,0,0,0,1,1,6,6,1,33,6,898,1,5,SMART FORFOUR,3,E01003594,0,1
2024010534732,2024,010534732,1,9,0,17,19,3,1,0,0,1,0,0,0,0,2,1,6,6,2,25,5,999,1,6,SMART FORFOUR,10,E01000348,0,4
2024440338372,2024,440338372,2,9,0,9,9,5,3,0,0,8,0,0,0,0,3,1,6,6,2,32,6,898,1,7,SMART FORFOUR,8,E01023232,0,2
2024010505376,2024,010505376,2,9,0,99,99,9,9,99,99,5,9,99,9,99,1,9,6,6,2,35,6,-1,3,4,SMART FORFOUR,4,E01004038,0,1
2024361496930,2024,361496930,1,9,0,-1,19,1,-1,-1,0,1,0,0,0,0,1,9,-1,6,1,59,9,999,1,7,SMART FORFOUR,2,E01026834,0,1
2024421526031,2024,421526031,2,9,0,-1,19,1,6,-1,0,1,0,0,0,0,1,1,-1,2,2,33,6,999,1,6,SMART FORFOUR,3,E01004349,0,1
2024440165262,2024,440165262,2,9,0,18,19,6,2,0,0,0,0,0,0,0,1,1,1,1,1,41,7,898,1,6,SMART FORFOUR,4,E01022542,0,1
2024991483962,2024,991483962,2,9,0,-1,19,3,7,-1,0,2,0,0,0,0,1,1,-1,9,2,22,5,999,1,6,SMART FORFOUR,3,-1,0,1
2024552400073,2024,552400073,1,9,0,17,19,1,7,0,0,8,0,0,0,0,3,1,6,6,1,30,6,-1,3,4,SMART FORFOUR,5,E01020353,0,1
2024440433006,2024,440433006,1,9,0,18,19,2,6,0,0,0,0,0,0,0,2,1,6,6,1,21,5,999,1,9,SMART FORFOUR,1,E01017250,0,3
2024010541761,2024,010541761,2,9,9,99,99,9,9,99,99,0,9,99,9,99,9,9,6,6,2,-1,-1,999,1,8,SMART FORFOUR,6,E01003435,0,1
2024631502978,2024,631502978,1,9,0,-1,19,2,6,-1,0,8,1,0,0,0,3,1,-1,2,2,36,7,-1,3,2,SMART FORFOUR,3,W01000750,0,3
2024010535031,2024,010535031,1,9,0,99,99,9,9,99,99,9,9,99,9,99,9,9,6,6,2,39,7,999,1,8,SMART FORFOUR,2,E01003045,0,2
2024421529359,2024,421529359,1,9,0,-1,-1,-1,-1,-1,-1,0,-1,-1,-1,0,-1,1,-1,6,2,39,7,999,1,8,SMART FORFOUR,4,E01015948,0,1
2024201501018,2024,201501018,1,9,0,-1,9,6,5,-1,0,2,0,0,0,0,4,1,-1,6,2,46,8,1124,1,19,SMART FORFOUR,1,E01010456,0,2
2024451536341,2024,451536341,1,9,0,-1,3,2,6,-1,0,1,0,7,0,0,1,1,-1,9,1,85,11,898,1,8,SMART FORFOUR,6,E01030684,0,2
2024421419811,2024,421419811,2,9,0,-1,3,5,2,-1,0,0,0,0,0,0,1,1,-1,9,2,57,9,1124,1,19,SMART FORFOUR,7,E01004379,0,2
2024501485175,2024,501485175,2,9,0,-1,2,3,7,-1,0,0,1,0,0,0,2,1,-1,6,-1,-1,-1,1499,1,19,SMART FORFOUR,-1,-1,0,-1
2024531394936,2024,531394936,1,9,0,-1,7,3,5,-1,0,8,0,0,0,0,4,1,-1,2,2,66,10,999,1,8,SMART FORFOUR,9,E01022307,0,1
2024010520985,2024,010520985,1,9,0,13,13,5,1,0,0,0,0,0,8,10,1,1,6,6,2,84,11,999,1,9,SMART FORFOUR,5,E01001984,0,1
2024041530382,2024,041530382,1,9,0,-1,6,1,1,-1,-1,0,1,0,0,0,3,1,-1,9,1,71,10,1332,1,19,SMART FORFOUR,7,E01025130,0,1
2024451450973,2024,451450973,1,9,0,-1,7,1,7,-1,9,3,0,10,0,0,1,1,-1,7,2,19,4,999,1,8,SMART FORFOUR,6,E01033570,0,4
2024421474269,2024,421474269,1,9,0,-1,19,2,6,-1,0,0,0,0,0,0,1,1,-1,6,2,54,8,898,1,8,SMART FORFOUR,10,E01021584,0,1
2024411539711,2024,411539711,1,9,0,-1,19,8,4,-1,0,0,0,0,0,0,1,1,-1,6,2,34,6,999,1,8,SMART FORFOUR,6,E01017828,0,3
2024411509541,2024,411509541,1,9,0,-1,3,2,6,-1,0,4,0,0,0,0,2,1,-1,6,2,26,6,999,1,6,SMART FORFOUR,4,E01023330,0,3
2024010524643,2024,010524643,1,9,0,99,99,9,9,99,99,0,9,99,9,99,2,9,2,2,1,36,7,999,1,6,SMART FORFOUR,5,E01035583,0,1
2024061510559,2024,061510559,1,9,0,-1,19,-1,-1,-1,0,9,0,0,0,0,3,1,-1,2,2,45,7,999,1,5,SMART FORFOUR,3,E01005312,0,1
2024211476830,2024,211476830,2,9,-1,-1,-1,-1,-1,-1,-1,-1,-1,-1,-1,0,-1,9,-1,6,1,38,7,-1,3,3,SMART FORFOUR,-1,-1,0,-1