collision_index,collision_year,collision_ref_no,vehicle_reference,vehicle_type,towing_and_articulation,vehicle_manoeuvre_historic,vehicle_manoeuvre,vehicle_direction_from,vehicle_direction_to,vehicle_location_restricted_lane_historic,vehicle_location_restricted_lane,junction_location,skidding_and_overturning,hit_object_in_carriageway,vehicle_leaving_carriageway,hit_object_off_carriageway,first_point_of_impact,vehicle_left_hand_drive,journey_purpose_of_driver_historic,journey_purpose_of_driver,sex_of_driver,age_of_driver,age_band_of_driver,engine_capacity_cc,propulsion_code,age_of_vehicle,generic_make_model,driver_imd_decile,lsoa_of_driver,escooter_flag,driver_distance_banding
2024010528476,2024,010528476,2,9,0,18,19,3,7,2,2,0,0,0,0,0,0,1,6,6,3,-1,-1,1984,1,5,SEAT TARRACO,3,E01001669,0,1
2024010532538,2024,010532538,2,9,0,99,99,9,9,99,99,9,9,99,9,99,2,9,6,6,2,52,8,1968,2,3,SEAT TARRACO,8,E01002391,0,1
2024471526893,2024,471526893,1,9,0,-1,9,4,2,-1,0,8,0,0,0,0,4,1,-1,9,1,39,7,1498,1,4,SEAT TARRACO,8,E01032334,0,5
2024131479048,2024,131479048,1,9,0,-1,9,7,5,-1,0,6,0,0,0,0,1,1,-1,6,2,37,7,1498,1,5,SEAT TARRACO,2,E01011856,0,1
2024061489804,2024,061489804,1,9,0,-1,8,-1,-1,-1,0,1,0,0,0,0,2,1,-1,7,1,41,7,1498,1,3,SEAT TARRACO,2,E01006323,0,4
2024010540843,2024,010540843,1,9,0,18,19,3,7,0,0,8,0,0,0,0,2,1,6,6,2,40,7,1968,2,4,SEAT TARRACO,5,E01000290,0,1
2024401492102,2024,401492102,2,9,0,-1,19,4,8,-1,0,0,0,0,0,0,1,1,-1,6,2,54,8,1498,1,0,SEAT TARRACO,2,-1,0,5
2024201522998,2024,201522998,1,9,0,-1,19,7,2,-1,0,0,0,0,0,0,3,1,-1,6,1,71,10,1968,2,5,SEAT TARRACO,9,E01010183,0,1
2024411490842,2024,411490842,2,9,0,-1,19,1,5,-1,0,0,0,0,0,0,2,1,-1,6,1,63,9,1498,1,3,SEAT TARRACO,9,E01023847,0,3
2024010530722,2024,010530722,1,9,0,6,6,3,3,0,0,0,0,0,0,0,2,1,6,6,1,48,8,1498,1,5,SEAT TARRACO,7,E01001679,0,1
2024010508661,2024,010508661,1,9,0,5,5,7,3,1,1,1,0,4,7,10,2,1,6,6,1,30,6,1498,1,0,SEAT TARRACO,2,E01003346,0,1
2024430217348,2024,430217348,2,9,0,18,19,3,7,0,0,0,0,0,0,0,1,1,6,6,2,50,8,1968,2,5,SEAT TARRACO,-1,-1,0,-1
2024332400689,2024,332400689,1,9,0,-1,12,8,6,-1,0,8,0,0,0,0,3,1,-1,9,1,48,8,999,1,1,SKODA SCALA,8,E01008772,0,5
2024101449807,2024,101449807,1,8,0,-1,3,3,8,-1,0,8,0,0,0,0,3,1,-1,6,1,31,6,1498,1,0,SKODA SCALA,1,E01008331,0,1
2024461457073,2024,461457073,2,9,0,-1,19,5,1,-1,0,1,0,0,0,0,0,2,-1,9,1,71,10,999,1,3,SKODA SCALA,9,E01024253,0,1
2024131480700,2024,131480700,1,9,0,-1,19,1,1,-1,0,0,0,0,0,0,1,1,-1,9,2,47,8,999,1,4,SKODA SCALA,9,E01011301,0,1
2024041471257,2024,041471257,3,9,0,-1,19,5,1,-1,0,2,0,0,0,0,0,1,-1,8,2,26,6,999,1,1,SKODA SCALA,4,E01033071,0,1
2024201500553,2024,201500553,1,9,0,-1,19,6,2,-1,0,8,0,0,0,0,4,1,-1,2,2,34,6,1498,1,1,SKODA SCALA,1,E01010131,0,1
2024070434264,2024,070434264,2,9,0,9,9,4,2,0,0,2,0,0,0,0,4,1,6,6,1,77,11,1498,1,1,SKODA SCALA,-1,-1,0,-1
2024041520525,2024,041520525,1,9,0,-1,19,5,1,-1,0,1,0,0,0,0,1,1,-1,1,1,26,6,999,1,1,SKODA SCALA,4,E01033071,0,1
2024131395449,2024,131395449,2,9,0,-1,3,5,1,-1,0,1,0,0,0,0,2,1,-1,9,2,40,7,999,1,5,SKODA SCALA,3,E01011875,0,2
2024320561044,2024,320561044,2,9,0,-1,-1,5,1,0,0,1,0,0,0,0,2,1,6,6,1,65,9,1498,1,1,SKODA SCALA,5,E01009689,0,5
2024440159760,2024,440159760,1,9,0,18,19,2,6,0,0,4,0,0,0,0,3,1,6,6,2,49,8,999,1,4,SKODA SCALA,10,E01022704,0,2
2024302400674,2024,302400674,1,9,0,9,9,6,4,0,0,8,0,0,0,0,1,1,6,6,1,72,10,1498,1,1,SKODA SCALA,2,E01013522,0,1
2024552400196,2024,552400196,1,9,0,18,19,2,6,4,4,6,0,0,0,0,1,1,1,1,1,49,8,1598,2,4,SKODA SCALA,8,E01015447,0,1
2024461464851,2024,461464851,1,9,0,-1,5,1,5,-1,0,6,0,0,0,0,1,1,-1,6,1,71,10,999,1,0,SKODA SCALA,7,E01024794,0,1
2024010507587,2024,010507587,2,9,0,99,99,9,9,99,99,9,9,99,9,99,9,9,6,6,3,-1,-1,999,1,1,SKODA SCALA,-1,-1,0,-1
2024411510910,2024,411510910,1,9,0,-1,19,3,7,-1,0,0,0,0,0,0,1,1,-1,9,1,82,11,999,1,2,SKODA SCALA,10,E01023815,0,3
2024221488949,2024,221488949,1,9,0,-1,19,5,1,-1,0,0,0,10,2,10,1,1,-1,1,1,23,5,999,1,2,SKODA SCALA,5,E01032340,0,4
2024520500334,2024,520500334,1,9,0,18,19,1,5,0,0,0,0,0,0,0,1,1,6,6,2,49,8,1498,1,0,SKODA SCALA,6,E01020440,0,3
2024440423359,2024,440423359,2,9,0,2,2,0,0,0,0,0,0,0,0,0,2,1,6,6,3,-1,-1,999,1,5,SKODA SCALA,-1,-1,0,-1
2024041525639,2024,041525639,1,9,0,-1,19,7,3,-1,0,1,0,0,0,0,1,1,-1,9,1,38,7,999,1,2,SKODA SCALA,1,E01025151,0,1
2024991468857,2024,991468857,2,9,0,-1,2,6,6,-1,0,2,0,0,0,0,1,1,-1,6,2,50,8,999,1,2,SKODA SCALA,-1,-1,0,-1
2024361398101,2024,361398101,2,9,0,-1,19,7,3,-1,0,8,0,0,0,0,1,1,-1,6,1,-1,-1,1498,1,2,SKODA SCALA,6,E01026797,0,1
2024991488049,2024,991488049,2,9,0,-1,19,7,3,-1,0,1,5,0,7,11,1,1,-1,1,1,23,5,999,1,1,SKODA SCALA,6,-1,0,4
2024501427975,2024,501427975,1,9,0,-1,19,6,2,-1,0,0,0,4,0,0,1,1,-1,1,1,27,6,999,1,1,SKODA SCALA,5,E01015079,0,1
2024161536627,2024,161536627,1,9,0,-1,19,5,1,-1,0,8,0,0,0,0,1,1,-1,1,1,38,7,999,1,4,SKODA SCALA,1,E01012864,0,1
2024361471673,2024,361471673,2,9,0,-1,19,7,3,-1,0,1,0,0,0,0,1,1,-1,9,2,80,11,1498,1,5,SKODA SCALA,4,E01026713,0,1
2024061502977,2024,061502977,2,9,0,-1,5,-1,-1,-1,99,0,9,0,0,0,1,1,-1,6,1,40,7,999,1,1,SKODA SCALA,6,E01027669,0,4
2024010541845,2024,010541845,1,9,0,9,9,1,7,0,0,8,0,0,0,0,1,1,3,7,1,39,7,999,1,2,SKODA SCALA,4,E01003534,0,1
2024101514025,2024,101514025,1,9,0,-1,19,1,5,-1,0,0,0,0,1,0,1,1,-1,9,1,71,10,999,1,1,SKODA SCALA,2,E01020645,0,4
2024361449113,2024,361449113,3,9,0,-1,19,3,7,-1,0,1,0,0,0,0,3,1,-1,6,1,46,8,1498,1,1,SKODA SCALA,2,E01033040,0,1
2024991476271,2024,991476271,3,9,0,-1,19,7,3,-1,0,0,0,0,0,0,2,1,-1,9,1,59,9,999,1,4,SKODA SCALA,9,E01008368,0,5
2024461468268,2024,461468268,3,9,0,-1,19,7,3,-1,0,0,0,0,0,0,3,1,-1,6,1,37,7,999,1,0,SKODA SCALA,-1,-1,0,-1
2024991489750,2024,991489750,2,8,0,-1,2,5,1,-1,0,0,0,0,0,0,1,1,-1,6,-1,-1,-1,999,1,1,SKODA SCALA,-1,-1,0,-1
2024440424503,2024,440424503,2,9,0,18,19,3,7,0,0,1,0,0,0,0,1,1,1,1,1,42,7,999,1,1,SKODA SCALA,1,E01017237,0,1
2024101521510,2024,101521510,1,9,0,-1,7,7,1,-1,0,6,0,0,0,0,1,9,-1,6,1,47,8,1598,2,5,SKODA SCALA,3,E01008595,0,1
2024041422142,2024,041422142,1,9,0,-1,15,3,7,-1,0,4,1,0,0,0,1,1,-1,1,2,24,5,999,1,1,SKODA SCALA,1,E01024877,0,1
2024131401447,2024,131401447,2,9,0,-1,19,8,4,-1,0,8,0,0,1,1,1,1,-1,6,1,94,11,999,1,4,SKODA SCALA,7,E01011119,0,1
2024211502674,2024,211502674,1,9,0,-1,19,5,1,-1,0,1,1,0,3,0,1,1,-1,6,2,26,6,999,1,1,SKODA SCALA,9,E01029630,0,2
2024440501094,2024,440501094,1,9,0,18,19,8,4,0,0,0,0,0,0,0,4,1,6,6,3,-1,-1,999,1,4,SKODA SCALA,-1,-1,0,-1
2024221435704,2024,221435704,1,9,0,-1,13,1,5,-1,0,0,0,0,0,0,4,1,-1,6,1,67,10,999,1,1,SKODA SCALA,5,E01032244,0,1
2024440517234,2024,440517234,1,9,0,9,9,8,6,0,0,8,0,0,0,0,1,1,2,2,1,27,6,999,1,4,SKODA SCALA,10,E01030937,0,3
2024141408244,2024,141408244,1,9,0,-1,19,7,3,-1,0,0,1,0,0,0,3,1,-1,2,2,32,6,1498,1,1,SKODA SCALA,8,E01007618,0,1
2024421485780,2024,421485780,3,9,0,-1,4,7,3,-1,0,0,0,0,0,0,2,1,-1,9,1,58,9,999,1,1,SKODA SCALA,5,E01021640,0,2
2024131513655,2024,131513655,2,9,0,-1,19,7,3,-1,0,2,0,0,0,0,1,1,-1,6,1,63,9,999,1,3,SKODA SCALA,5,E01011836,0,1
2024311534680,2024,311534680,1,9,0,-1,19,1,5,-1,0,4,0,0,0,0,2,1,-1,6,2,26,6,1498,1,1,SKODA SCALA,-1,-1,0,-1
2024501492112,2024,501492112,1,19,0,-1,19,5,1,-1,0,8,0,0,7,0,1,1,-1,9,1,53,8,-1,-1,-1,MAKE AND MODEL REDACTED,6,E01015200,0,1
2024622400150,2024,622400150,2,90,0,2,2,0,0,0,0,0,0,0,0,0,2,1,6,6,3,-1,-1,1971,1,33,MAKE AND MODEL REDACTED,-1,-1,0,-1
2024631467941,2024,631467941,1,90,0,-1,19,7,3,-1,0,0,5,0,8,10,1,1,-1,9,1,44,7,1971,1,33,MAKE AND MODEL REDACTED,2,W01000729,0,2
2024061526951,2024,061526951,1,9,0,-1,19,3,3,-1,0,0,1,7,0,0,1,1,-1,1,1,28,6,1798,8,1,TOYOTA COROLLA,1,E01005681,0,1
2024311435388,2024,311435388,1,9,0,-1,9,4,1,-1,0,2,0,0,0,0,4,1,-1,8,2,23,5,1798,8,1,TOYOTA COROLLA,5,E01028189,0,2
2024401567518,2024,401567518,1,9,0,-1,4,5,1,-1,0,0,0,0,0,0,1,1,-1,6,2,33,6,1987,8,3,TOYOTA COROLLA,5,E01017497,0,1
2024010508626,2024,010508626,5,9,0,18,19,7,3,0,0,1,0,0,0,0,0,1,6,6,1,34,6,1987,8,1,TOYOTA COROLLA,2,E01034149,0,2
2024520402383,2024,520402383,1,9,0,18,19,6,2,0,0,8,0,0,1,11,1,1,6,6,1,25,5,1598,1,18,TOYOTA COROLLA,6,E01029020,0,3
2024501513327,2024,501513327,1,9,0,-1,19,6,3,-1,0,1,0,0,0,0,1,1,-1,6,3,-1,-1,1598,1,17,TOYOTA COROLLA,-1,-1,0,-1
2024061436782,2024,061436782,1,9,0,-1,19,3,7,-1,0,1,5,0,7,11,4,1,-1,8,1,25,5,1798,8,2,TOYOTA COROLLA,-1,-1,0,-1
2024010524590,2024,010524590,2,9,0,18,19,5,1,0,0,2,0,0,0,0,1,1,6,6,2,59,9,1798,8,3,TOYOTA COROLLA,3,E01002595,0,1
2024311505752,2024,311505752,1,9,0,-1,19,6,2,-1,0,1,1,11,0,0,4,1,-1,2,1,31,6,1398,1,20,TOYOTA COROLLA,-1,-1,0,-1
2024070682440,2024,070682440,1,9,0,11,11,3,7,0,0,2,0,0,0,0,4,1,6,6,1,70,10,1798,8,3,TOYOTA COROLLA,10,W01001970,0,2
2024351451542,2024,351451542,1,9,0,-1,7,8,3,-1,0,8,0,0,0,0,-1,1,-1,6,2,25,5,1794,1,18,TOYOTA COROLLA,-1,-1,0,-1
2024421445861,2024,421445861,1,9,0,-1,5,5,1,-1,9,1,0,0,0,0,1,1,-1,9,1,60,9,1598,1,24,TOYOTA COROLLA,10,E01021284,0,1
2024061479241,2024,061479241,1,9,0,-1,7,4,6,-1,0,2,0,0,0,0,1,9,-1,1,1,60,9,1798,8,1,TOYOTA COROLLA,1,E01032912,0,2
2024041527499,2024,041527499,1,9,0,-1,19,3,7,-1,0,6,1,0,7,2,1,1,-1,9,2,23,5,1798,8,2,TOYOTA COROLLA,1,E01025493,0,1
2024010526080,2024,010526080,2,9,0,99,99,9,9,99,99,9,9,99,9,99,9,9,6,6,3,23,5,1398,1,22,TOYOTA COROLLA,3,E01035499,0,2
2024141445569,2024,141445569,1,9,0,-1,19,3,8,-1,0,0,0,0,0,0,1,1,-1,1,1,41,7,1798,8,2,TOYOTA COROLLA,2,E01007942,0,1
2024010510779,2024,010510779,2,9,0,99,99,9,9,99,99,9,9,99,9,99,2,9,6,6,3,21,5,1798,8,5,TOYOTA COROLLA,3,E01033923,0,1
2024131522496,2024,131522496,2,9,0,-1,9,5,3,-1,0,8,0,0,0,0,1,1,-1,1,1,52,8,1798,8,3,TOYOTA COROLLA,2,E01033003,0,1
2024401409256,2024,401409256,2,9,0,-1,3,5,1,-1,0,0,0,0,0,0,2,1,-1,9,1,25,5,1398,1,18,TOYOTA COROLLA,2,E01015754,0,1
2024471506240,2024,471506240,1,9,0,-1,7,5,6,-1,0,6,1,7,4,6,2,1,-1,1,2,50,8,1798,8,3,TOYOTA COROLLA,5,E01031810,0,1
2024351501619,2024,351501619,2,9,0,-1,13,5,8,-1,0,0,0,0,0,0,4,1,-1,1,1,52,8,1798,8,5,TOYOTA COROLLA,5,E01021869,0,4
2024141532209,2024,141532209,1,9,0,-1,13,6,1,-1,0,0,1,0,1,0,1,1,-1,2,1,32,6,1987,8,2,TOYOTA COROLLA,10,E01007617,0,2
2024522401178,2024,522401178,2,9,0,18,19,7,3,0,0,8,0,0,0,0,3,1,6,6,2,38,7,1798,8,1,TOYOTA COROLLA,8,E01014867,0,1
2024101489208,2024,101489208,1,8,0,-1,5,3,7,-1,0,4,0,0,0,0,3,1,-1,9,1,33,6,1798,8,3,TOYOTA COROLLA,2,E01008281,0,1
2024201405666,2024,201405666,1,9,0,-1,9,8,4,-1,0,5,0,0,0,0,1,1,-1,6,2,47,8,1995,2,18,TOYOTA COROLLA,2,E01009930,0,1
2024201514340,2024,201514340,2,9,0,-1,9,5,2,-1,0,8,0,11,0,0,3,1,-1,6,2,60,9,1398,1,21,TOYOTA COROLLA,-1,-1,0,-1
2024631490666,2024,631490666,3,9,0,-1,19,5,1,-1,0,0,0,0,0,0,1,1,-1,9,1,30,6,1798,8,2,TOYOTA COROLLA,8,E01015034,0,5
2024101403474,2024,101403474,1,9,0,-1,19,7,3,-1,0,0,0,0,0,0,2,1,-1,6,1,34,6,1798,8,5,TOYOTA COROLLA,10,E01027494,0,3
2024231522733,2024,231522733,1,9,0,-1,4,6,2,-1,0,0,0,0,0,0,2,1,-1,1,1,52,8,1798,8,4,TOYOTA COROLLA,2,E01008897,0,2
2024131424184,2024,131424184,1,9,0,-1,19,3,3,-1,0,1,0,0,0,0,1,1,-1,6,1,71,10,1987,8,4,TOYOTA COROLLA,5,E01005596,0,2
2024010533115,2024,010533115,3,9,0,4,4,1,5,0,0,0,0,0,0,0,4,1,1,1,1,31,6,1987,8,1,TOYOTA COROLLA,-1,-1,0,-1
2024010547847,2024,010547847,1,9,0,18,19,3,7,0,0,8,0,0,1,2,3,1,1,1,1,34,6,1987,8,1,TOYOTA COROLLA,7,E01003456,0,1
2024010515246,2024,010515246,2,9,0,6,6,3,3,0,0,8,0,0,0,0,3,1,1,1,1,33,6,1987,8,1,TOYOTA COROLLA,4,E01001898,0,1
2024131435724,2024,131435724,2,9,0,-1,2,4,8,-1,0,8,0,0,0,0,2,1,-1,1,1,51,8,1798,8,5,TOYOTA COROLLA,1,E01011366,0,1
2024430165187,2024,430165187,1,9,0,14,14,7,3,0,0,0,0,10,0,0,4,1,6,6,1,50,8,1794,1,16,TOYOTA COROLLA,-1,-1,0,-1
2024061488159,2024,061488159,1,9,0,-1,20,5,1,-1,9,0,0,10,0,0,1,1,-1,6,1,71,10,1798,8,5,TOYOTA COROLLA,6,E01005306,0,1
2024311397503,2024,311397503,1,8,0,-1,19,7,3,-1,0,2,0,0,0,0,4,1,-1,6,1,49,8,1798,8,5,TOYOTA COROLLA,1,E01013958,0,1
2024010550670,2024,010550670,1,9,0,4,4,7,3,0,0,0,0,0,0,0,2,1,2,2,2,53,8,1598,1,20,TOYOTA COROLLA,2,E01002076,0,2
2024501490710,2024,501490710,1,9,0,-1,7,5,3,-1,0,6,0,0,0,0,3,1,-1,9,1,71,10,1398,1,18,TOYOTA COROLLA,4,E01001156,0,5
2024141403273,2024,141403273,2,8,0,-1,19,3,7,-1,0,1,0,0,0,0,4,1,-1,1,1,40,7,1798,8,3,TOYOTA COROLLA,1,E01007948,0,1
2024131438453,2024,131438453,1,9,0,-1,19,7,3,-1,0,0,0,0,0,0,4,1,-1,9,2,59,9,1987,8,3,TOYOTA COROLLA,2,E01011262,0,2
2024451402551,2024,451402551,1,9,0,-1,19,6,2,-1,0,0,0,0,0,0,1,1,-1,1,1,42,7,1798,8,1,TOYOTA COROLLA,9,E01030989,0,1
2024201535833,2024,201535833,1,9,0,-1,19,5,1,-1,0,0,0,0,0,0,1,9,-1,6,1,50,8,1398,1,20,TOYOTA COROLLA,2,E01010101,0,4
2024471467064,2024,471467064,1,9,0,-1,19,1,5,-1,0,1,0,0,0,0,0,1,-1,1,1,-1,-1,1798,8,2,TOYOTA COROLLA,3,E01016926,0,1
2024061535139,2024,061535139,2,9,0,-1,9,-1,-1,-1,0,8,0,0,0,0,1,1,-1,6,1,-1,-1,1798,8,3,TOYOTA COROLLA,-1,-1,0,-1
2024061498312,2024,061498312,3,9,0,-1,19,5,2,-1,0,8,0,0,0,0,0,1,-1,1,1,29,6,1798,8,1,TOYOTA COROLLA,1,E01034113,0,3
2024320114711,2024,320114711,1,9,0,4,4,6,2,0,0,0,0,0,0,0,1,1,-1,-1,2,22,5,1398,1,18,TOYOTA COROLLA,8,E01026372,0,1
2024131477769,2024,131477769,3,9,0,-1,4,5,6,-1,0,0,0,0,0,0,1,1,-1,9,1,49,8,1798,8,3,TOYOTA COROLLA,1,E01011626,0,1
2024070561310,2024,070561310,2,9,0,18,19,8,4,0,0,0,0,0,0,0,3,1,2,2,1,59,9,1798,8,3,TOYOTA COROLLA,8,E01012395,0,2
2024010530768,2024,010530768,4,9,0,18,19,1,5,0,0,8,0,0,0,0,4,1,1,1,1,26,6,1987,8,0,TOYOTA COROLLA,4,E01000922,0,1
2024610037624,2024,610037624,2,8,0,4,4,5,1,0,0,1,0,0,0,0,1,1,1,1,1,-1,-1,1798,8,3,TOYOTA COROLLA,-1,-1,0,-1
2024332401039,2024,332401039,1,9,0,-1,19,8,4,-1,0,8,0,0,0,0,1,1,-1,9,1,59,9,1798,8,5,TOYOTA COROLLA,4,E01028167,0,4
2024501499091,2024,501499091,2,9,0,-1,19,5,1,-1,0,1,0,0,0,0,3,1,-1,6,2,77,11,1987,8,5,TOYOTA COROLLA,4,E01014098,0,5
2024010521476,2024,010521476,4,9,0,4,4,3,7,0,0,0,0,0,0,0,1,1,6,6,1,33,6,1987,8,1,TOYOTA COROLLA,3,E01001830,0,1
2024552400236,2024,552400236,1,9,0,5,5,5,1,0,0,6,0,0,0,0,1,1,2,2,2,29,6,1398,1,22,TOYOTA COROLLA,8,E01015416,0,1
2024320159743,2024,320159743,2,9,0,4,4,6,2,0,0,1,0,0,0,0,2,1,1,1,1,61,9,1798,8,1,TOYOTA COROLLA,2,E01015615,0,4
2024010526490,2024,010526490,1,9,0,3,3,1,5,0,0,2,0,0,0,0,0,1,1,1,1,29,6,1987,8,1,TOYOTA COROLLA,4,E01002030,0,1
2024131535293,2024,131535293,1,9,0,-1,9,3,7,-1,0,8,0,0,0,0,1,1,-1,9,1,27,6,1798,8,4,TOYOTA COROLLA,3,E01010789,0,3
2024211424156,2024,211424156,1,9,0,-1,19,5,1,-1,0,0,0,0,0,0,4,1,-1,9,1,51,8,1798,8,3,TOYOTA COROLLA,-1,-1,0,-1
2024010537025,2024,010537025,2,9,0,9,9,3,1,0,0,5,0,0,3,0,2,1,6,6,1,56,9,1798,8,5,TOYOTA COROLLA,3,E01032786,0,1
2024061532149,2024,061532149,2,9,0,-1,4,1,5,-1,0,0,0,0,0,0,1,1,-1,1,1,-1,-1,1798,8,1,TOYOTA COROLLA,-1,-1,0,-1
2024201418285,2024,201418285,1,9,0,-1,19,8,4,-1,0,1,0,0,0,0,4,9,-1,2,2,20,4,1398,1,21,TOYOTA COROLLA,2,E01033642,0,2
2024471464311,2024,471464311,1,9,0,-1,7,6,8,-1,0,2,0,0,0,0,0,1,-1,9,2,30,6,1598,1,20,TOYOTA COROLLA,7,E01030563,0,4
2024061492079,2024,061492079,3,9,0,-1,19,3,7,-1,0,1,0,0,0,0,0,1,-1,8,2,25,5,1798,8,1,TOYOTA COROLLA,1,E01005484,0,2
2024231496181,2024,231496181,2,9,0,-1,19,5,1,-1,0,0,0,0,0,0,4,1,-1,6,2,24,5,1798,8,0,TOYOTA COROLLA,7,E01033828,0,4
2024131414005,2024,131414005,4,9,0,-1,19,3,7,-1,0,0,0,0,0,0,1,1,-1,1,1,34,6,1798,8,5,TOYOTA COROLLA,1,E01011433,0,1
2024332400622,2024,332400622,1,9,0,-1,19,5,1,-1,0,8,0,0,4,0,1,1,-1,9,1,80,11,1798,8,5,TOYOTA COROLLA,7,E01017294,0,5
2024061498381,2024,061498381,1,9,0,-1,19,3,7,-1,0,1,0,0,0,0,1,1,-1,9,1,53,8,2231,2,16,TOYOTA COROLLA,-1,-1,0,-1
2024010536712,2024,010536712,5,9,0,18,19,5,1,0,0,0,0,0,0,0,0,1,6,6,1,31,6,1987,8,1,TOYOTA COROLLA,-1,-1,0,-1
2024131533024,2024,131533024,2,9,0,-1,19,1,1,-1,0,1,0,0,0,0,3,2,-1,9,1,28,6,1398,1,20,TOYOTA COROLLA,1,E01010663,0,1
2024070621419,2024,070621419,1,9,0,16,19,8,4,0,0,1,1,0,0,0,1,1,1,1,1,31,6,1798,8,0,TOYOTA COROLLA,2,E01006032,0,4
2024010501856,2024,010501856,3,9,0,3,3,2,6,0,0,0,0,0,0,0,2,1,6,6,1,42,7,1598,1,18,TOYOTA COROLLA,3,E01016037,0,4
2024522403267,2024,522403267,2,9,0,18,19,7,3,0,0,0,0,0,0,0,1,1,6,6,3,-1,-1,1398,1,20,TOYOTA COROLLA,-1,-1,0,-1
2024010524419,2024,010524419,1,9,0,18,19,1,5,0,0,8,0,0,0,0,1,1,1,1,2,29,6,1987,8,1,TOYOTA COROLLA,2,E01003507,0,1
2024471443835,2024,471443835,2,8,0,-1,5,1,6,-1,99,6,9,0,0,0,4,1,-1,6,2,54,8,1798,8,0,TOYOTA COROLLA,1,E01031436,0,3
2024201434969,2024,201434969,2,9,0,-1,5,3,7,-1,0,0,0,0,0,0,2,1,-1,6,1,56,9,1794,1,18,TOYOTA COROLLA,3,E01010005,0,3
2024421504630,2024,421504630,1,9,0,-1,15,1,5,-1,0,0,0,0,0,0,1,1,-1,6,2,80,11,1598,1,17,TOYOTA COROLLA,9,E01021632,0,1
2024010522323,2024,010522323,1,9,0,99,99,9,9,99,99,0,9,99,9,99,1,9,2,2,2,29,6,1798,8,0,TOYOTA COROLLA,4,E01000722,0,2
2024520402608,2024,520402608,1,9,0,7,7,3,5,0,0,8,0,0,0,0,1,1,6,6,1,76,11,1598,1,18,TOYOTA COROLLA,10,E01014818,0,3
2024131509162,2024,131509162,1,9,0,-1,9,3,5,-1,0,6,0,0,0,0,4,1,-1,9,1,57,9,1398,1,19,TOYOTA COROLLA,3,E01010629,0,1
2024211491635,2024,211491635,1,9,0,-1,5,5,1,-1,0,4,5,7,0,0,1,2,-1,2,2,40,7,1987,8,2,TOYOTA COROLLA,9,E01010334,0,4
2024041440899,2024,041440899,1,9,0,-1,19,1,5,-1,0,0,0,0,0,0,1,1,-1,9,1,78,11,1798,8,3,TOYOTA COROLLA,10,E01004951,0,3
2024010538812,2024,010538812,1,9,0,18,19,7,3,0,0,0,0,0,0,0,0,1,1,1,1,24,5,1987,8,1,TOYOTA COROLLA,2,E01033587,0,2
2024061448412,2024,061448412,2,9,0,-1,19,1,5,-1,0,0,0,0,0,0,0,1,-1,1,1,30,6,1798,8,1,TOYOTA COROLLA,1,E01004979,0,2
2024101414317,2024,101414317,2,8,0,-1,19,6,2,-1,0,4,0,0,0,0,1,1,-1,1,1,56,9,1798,8,3,TOYOTA COROLLA,-1,-1,0,-1
2024010515021,2024,010515021,1,9,0,6,6,1,1,0,0,1,0,0,0,0,3,1,6,6,1,40,7,1598,1,19,TOYOTA COROLLA,2,E01021711,0,4
2024440371224,2024,440371224,2,9,0,15,15,2,6,0,0,1,0,0,0,0,4,1,6,6,2,69,10,1798,8,1,TOYOTA COROLLA,4,E01017135,0,1
2024010507885,2024,010507885,2,9,0,18,19,1,5,0,0,1,0,0,0,0,0,1,1,1,1,29,6,1987,8,1,TOYOTA COROLLA,5,E01033917,0,1
2024522401824,2024,522401824,2,8,0,3,3,2,6,0,0,1,0,0,0,0,2,1,6,6,2,57,9,1798,8,2,TOYOTA COROLLA,7,E01014770,0,4
2024010539268,2024,010539268,3,9,0,14,14,3,7,0,0,0,0,0,0,0,0,1,1,1,1,44,7,1987,8,1,TOYOTA COROLLA,9,E01003897,0,2
2024061468543,2024,061468543,2,9,0,-1,19,1,6,-1,0,8,0,0,0,0,1,1,-1,1,1,29,6,1798,8,4,TOYOTA COROLLA,1,E01005342,0,1
2024332400143,2024,332400143,1,9,0,-1,19,2,6,-1,0,1,0,0,0,0,1,1,-1,1,1,56,9,1987,8,4,TOYOTA COROLLA,2,E01013667,0,2
2024010551930,2024,010551930,1,9,0,18,19,5,1,0,0,0,0,0,0,0,0,1,1,1,1,31,6,1987,8,1,TOYOTA COROLLA,4,E01032639,0,2
2024361497132,2024,361497132,1,9,0,-1,9,7,5,-1,0,5,0,0,0,0,1,1,-1,9,1,57,9,1798,8,3,TOYOTA COROLLA,5,E01030281,0,3
2024010499777,2024,010499777,1,9,9,7,7,2,5,0,0,6,0,0,0,0,1,9,6,6,1,35,6,1798,8,5,TOYOTA COROLLA,2,E01003966,0,1
2024101531512,2024,101531512,1,9,0,-1,19,4,8,-1,0,0,0,0,0,0,3,1,-1,1,1,23,5,1798,8,1,TOYOTA COROLLA,10,E01008264,0,2
2024061454044,2024,061454044,1,8,0,-1,-1,-1,-1,-1,-1,-1,-1,-1,-1,0,-1,1,-1,6,3,-1,-1,1798,8,4,TOYOTA COROLLA,-1,-1,0,-1
2024131525056,2024,131525056,1,9,0,-1,2,1,1,-1,0,8,0,0,0,0,1,1,-1,1,1,46,8,1798,8,5,TOYOTA COROLLA,3,E01011322,0,1