collision_index,collision_year,collision_ref_no,vehicle_reference,vehicle_type,towing_and_articulation,vehicle_manoeuvre_historic,vehicle_manoeuvre,vehicle_direction_from,vehicle_direction_to,vehicle_location_restricted_lane_historic,vehicle_location_restricted_lane,junction_location,skidding_and_overturning,hit_object_in_carriageway,vehicle_leaving_carriageway,hit_object_off_carriageway,first_point_of_impact,vehicle_left_hand_drive,journey_purpose_of_driver_historic,journey_purpose_of_driver,sex_of_driver,age_of_driver,age_band_of_driver,engine_capacity_cc,propulsion_code,age_of_vehicle,generic_make_model,driver_imd_decile,lsoa_of_driver,escooter_flag,driver_distance_banding
2024041439474,2024,041439474,2,9,0,-1,19,1,5,-1,0,1,0,0,0,0,1,1,-1,6,1,31,6,1987,8,2,TOYOTA COROLLA,4,E01025001,0,3
2024131456245,2024,131456245,2,9,0,-1,19,7,3,-1,0,1,0,0,0,0,1,1,-1,1,1,58,9,1798,8,5,TOYOTA COROLLA,1,E01010960,0,1
2024122401152,2024,122401152,1,9,0,7,7,5,7,0,0,6,0,0,0,0,3,1,1,1,1,58,9,1364,2,18,TOYOTA COROLLA,3,E01011597,0,4
2024070360783,2024,070360783,2,9,0,2,2,0,0,0,0,0,0,0,0,0,3,1,6,6,3,-1,-1,1798,8,1,TOYOTA COROLLA,-1,-1,0,-1
2024010506099,2024,010506099,1,9,0,13,13,3,7,0,0,8,0,0,0,0,1,1,1,1,1,24,5,1987,8,1,TOYOTA COROLLA,9,E01000696,0,2
2024010517041,2024,010517041,2,9,0,18,19,7,3,0,0,1,0,0,0,0,0,1,1,1,1,26,6,1987,8,1,TOYOTA COROLLA,4,E01004401,0,1
2024631448648,2024,631448648,2,9,0,-1,9,6,4,-1,0,6,0,0,0,0,3,1,-1,9,2,60,9,1798,8,3,TOYOTA COROLLA,9,E01001385,0,5
2024131517288,2024,131517288,1,9,0,-1,5,3,7,-1,0,0,0,0,0,0,3,1,-1,6,-1,-1,-1,1798,8,5,TOYOTA COROLLA,-1,-1,0,-1
2024201505241,2024,201505241,1,9,0,-1,19,5,6,-1,0,2,0,0,0,0,4,1,-1,6,1,57,9,1794,1,16,TOYOTA COROLLA,-1,-1,0,-1
2024061521528,2024,061521528,6,9,0,-1,4,1,5,-1,0,0,0,0,0,0,1,1,-1,1,1,46,8,1798,8,1,TOYOTA COROLLA,4,E01024969,0,2
2024131400877,2024,131400877,1,9,0,-1,9,7,5,-1,0,0,0,0,0,0,1,1,-1,1,1,41,7,1798,8,2,TOYOTA COROLLA,1,E01011134,0,3
2024302401622,2024,302401622,2,9,0,13,13,6,2,0,0,0,0,0,0,0,4,1,1,1,2,59,9,1798,8,3,TOYOTA COROLLA,8,E01019443,0,1
2024010551120,2024,010551120,1,9,0,18,19,7,3,0,0,0,0,0,0,0,0,1,1,1,1,30,6,1987,8,1,TOYOTA COROLLA,5,E01033917,0,2
2024131523419,2024,131523419,2,9,0,-1,19,5,1,-1,0,8,0,0,0,0,1,1,-1,9,1,58,9,1798,8,2,TOYOTA COROLLA,1,E01007715,0,4
2024061530440,2024,061530440,3,9,0,-1,2,7,3,-1,0,0,0,0,0,0,4,1,-1,8,1,30,6,1798,8,2,TOYOTA COROLLA,-1,-1,0,-1
2024302401409,2024,302401409,1,8,0,6,6,4,4,0,0,0,0,0,0,0,3,1,6,6,1,51,8,1798,8,5,TOYOTA COROLLA,1,E01013567,0,1
2024052402496,2024,052402496,1,9,0,18,19,4,8,0,0,8,0,0,0,0,0,1,1,1,3,-1,-1,1798,8,1,TOYOTA COROLLA,-1,-1,0,-1
2024461496435,2024,461496435,2,9,0,-1,11,3,7,-1,0,0,0,0,0,0,4,1,-1,2,1,49,8,-1,-1,-1,TOYOTA COROLLA,2,E01016136,0,4
2024010545801,2024,010545801,1,9,0,18,19,8,4,2,2,8,0,0,0,0,1,1,1,1,1,32,6,1987,8,1,TOYOTA COROLLA,5,E01033917,0,2
2024141424984,2024,141424984,1,9,0,-1,7,3,5,-1,0,8,0,0,0,0,1,1,-1,9,1,49,8,1987,8,5,TOYOTA COROLLA,3,E01007676,0,1
2024522401533,2024,522401533,2,9,0,9,9,3,2,0,0,5,0,0,0,0,1,1,6,6,2,71,10,1587,1,25,TOYOTA COROLLA,6,E01014984,0,1
2024631478342,2024,631478342,1,9,0,-1,19,7,3,-1,0,0,0,0,7,4,1,1,-1,9,1,27,6,1798,8,3,TOYOTA COROLLA,10,E01032363,0,5
2024010509933,2024,010509933,2,9,0,18,19,5,1,0,0,0,0,0,0,0,0,1,1,1,1,26,6,1987,8,1,TOYOTA COROLLA,7,E01002514,0,2
2024141476842,2024,141476842,2,9,0,-1,19,1,5,-1,0,3,0,0,0,0,1,1,-1,6,1,-1,-1,1598,1,20,TOYOTA COROLLA,-1,-1,0,-1
2024522402703,2024,522402703,1,8,0,18,19,1,5,0,0,8,0,0,0,0,2,1,1,1,1,40,7,1798,8,3,TOYOTA COROLLA,1,E01014589,0,1
2024351479615,2024,351479615,2,9,0,-1,3,2,5,-1,0,0,0,0,0,0,2,1,-1,6,1,62,9,1398,1,21,TOYOTA COROLLA,6,E01015653,0,1
2024010528683,2024,010528683,1,9,0,2,2,0,0,0,0,1,0,0,0,0,3,1,6,6,3,-1,-1,1798,8,5,TOYOTA COROLLA,-1,-1,0,-1
2024610045324,2024,610045324,1,8,0,18,19,8,4,0,0,2,0,0,0,0,1,1,1,1,1,42,7,1798,8,4,TOYOTA COROLLA,1,W01001687,0,1
2024010529384,2024,010529384,1,9,0,3,3,9,9,99,99,0,9,99,9,99,2,9,2,2,1,46,8,1398,1,20,TOYOTA COROLLA,3,E01030901,0,4
2024010518865,2024,010518865,1,9,0,18,19,1,5,0,0,1,0,0,0,0,1,1,6,6,2,33,6,1398,1,18,TOYOTA COROLLA,3,E01003298,0,1
2024221494423,2024,221494423,3,8,0,-1,10,7,6,-1,0,8,0,0,0,0,3,1,-1,1,1,38,7,1798,8,5,TOYOTA COROLLA,9,E01035060,0,4
2024231492755,2024,231492755,1,9,0,-1,19,5,1,-1,0,8,0,10,1,7,1,9,-1,1,1,46,8,1798,8,4,TOYOTA COROLLA,4,E01009628,0,3
2024440149591,2024,440149591,3,9,0,3,3,2,6,0,0,1,0,0,0,0,2,1,2,2,2,56,9,2231,2,18,TOYOTA COROLLA,5,E01023192,0,2
2024332401013,2024,332401013,3,8,0,-1,19,7,3,-1,0,0,0,0,1,10,1,1,-1,1,1,25,5,1798,8,4,TOYOTA COROLLA,8,E01026365,0,4
2024332400923,2024,332400923,1,8,0,-1,19,6,3,-1,0,0,0,0,1,9,1,1,-1,6,1,48,8,1798,8,4,TOYOTA COROLLA,4,E01015665,0,4
2024010524216,2024,010524216,2,9,0,10,10,7,4,0,0,1,0,0,0,0,1,1,6,6,1,39,7,1598,1,18,TOYOTA COROLLA,-1,-1,0,-1
2024131475609,2024,131475609,1,9,0,-1,5,7,3,-1,9,0,0,0,0,0,1,1,-1,9,1,63,9,1598,1,18,TOYOTA COROLLA,1,E01033697,0,1
2024052402413,2024,052402413,1,9,0,18,19,4,8,0,0,8,0,0,0,0,4,1,1,1,1,-1,-1,1798,8,1,TOYOTA COROLLA,2,E01006655,0,1
2024461414040,2024,461414040,1,9,0,-1,9,1,6,-1,0,6,0,0,0,0,0,1,-1,9,1,41,7,1987,8,2,TOYOTA COROLLA,4,E01024182,0,1
2024201527206,2024,201527206,1,8,0,-1,9,8,2,-1,0,6,0,0,0,0,1,1,-1,1,1,54,8,1798,8,1,TOYOTA COROLLA,2,E01006788,0,5
2024211530811,2024,211530811,1,8,0,-1,15,1,5,-1,0,2,0,0,0,0,1,1,-1,6,1,63,9,1798,8,4,TOYOTA COROLLA,-1,-1,0,-1
2024101427832,2024,101427832,1,9,0,-1,19,4,8,-1,0,0,0,0,0,0,1,1,-1,6,1,23,5,1798,8,5,TOYOTA COROLLA,5,E01008635,0,1
2024010544538,2024,010544538,3,9,0,4,4,5,1,0,0,0,1,0,0,0,1,1,6,6,2,23,5,1987,8,1,TOYOTA COROLLA,5,E01033917,0,1
2024340WN2782,2024,340WN2782,1,9,0,-1,19,5,1,-1,0,1,0,0,0,0,1,1,-1,9,1,39,7,1598,1,20,TOYOTA COROLLA,4,E01027238,0,2
2024010494949,2024,010494949,1,9,0,9,9,1,7,0,0,8,0,0,0,0,0,1,1,1,1,29,6,1987,8,1,TOYOTA COROLLA,5,E01033917,0,1
2024010544461,2024,010544461,1,9,0,7,7,7,2,0,0,8,0,0,0,0,1,1,6,6,1,57,9,1398,1,21,TOYOTA COROLLA,10,E01004093,0,1
2024010497852,2024,010497852,2,9,9,99,99,9,9,99,99,9,9,99,9,99,9,9,6,6,3,-1,-1,1598,1,19,TOYOTA COROLLA,-1,-1,0,-1
2024221479491,2024,221479491,2,9,0,-1,19,3,7,-1,0,1,0,0,0,0,4,9,-1,2,1,55,8,-1,-1,-1,TOYOTA COROLLA,5,E01035073,0,1
2024461484822,2024,461484822,2,9,0,-1,15,5,1,-1,0,0,1,0,1,0,3,1,-1,6,3,-1,-1,1798,8,3,TOYOTA COROLLA,-1,-1,0,-1
2024302400776,2024,302400776,1,9,0,17,19,4,8,0,0,0,0,0,0,0,1,1,6,6,1,64,9,1798,8,4,TOYOTA COROLLA,6,E01019620,0,2
2024131464054,2024,131464054,1,9,0,-1,19,2,4,-1,0,0,0,0,7,2,1,1,-1,1,1,38,7,1798,8,3,TOYOTA COROLLA,8,E01032503,0,1
2024461406053,2024,461406053,2,9,0,-1,19,1,5,-1,0,0,0,11,0,0,1,1,-1,1,1,41,7,1987,8,1,TOYOTA COROLLA,6,E01024700,0,1
202454A369524,2024,54A369524,1,9,0,9,9,6,2,0,0,6,0,0,0,0,1,1,6,6,2,69,10,1798,8,1,TOYOTA COROLLA,8,E01032057,0,2
2024351459847,2024,351459847,2,9,0,-1,4,7,3,-1,0,0,0,0,0,0,2,1,-1,1,2,47,8,1798,8,0,TOYOTA COROLLA,7,E01035526,0,1
2024010546270,2024,010546270,2,9,0,18,19,5,1,0,0,0,0,0,0,0,0,1,6,6,1,29,6,1987,8,1,TOYOTA COROLLA,6,E01023320,0,3
2024101400385,2024,101400385,1,8,0,-1,19,2,7,-1,0,0,0,0,0,0,4,1,-1,1,1,39,7,1798,8,4,TOYOTA COROLLA,3,E01008213,0,1
2024501497146,2024,501497146,1,9,0,-1,9,1,6,-1,0,4,0,0,0,0,3,1,-1,9,2,18,4,1995,2,19,TOYOTA COROLLA,4,E01018945,0,4
2024010507842,2024,010507842,2,9,0,9,9,3,1,0,0,4,0,0,0,0,3,1,6,6,1,25,5,1987,8,1,TOYOTA COROLLA,7,E01002514,0,2
2024311435659,2024,311435659,1,8,0,-1,9,1,5,-1,0,2,0,0,0,0,1,1,-1,1,1,40,7,1798,8,2,TOYOTA COROLLA,1,E01013891,0,1
2024361415399,2024,361415399,2,9,0,-1,10,-1,-1,-1,0,1,0,0,0,0,1,9,-1,9,2,21,5,1332,1,31,TOYOTA COROLLA,4,E01026823,0,1
2024361506380,2024,361506380,2,9,0,-1,19,7,3,-1,0,8,0,4,0,0,4,1,-1,9,1,73,10,1798,8,2,TOYOTA COROLLA,4,E01026905,0,4
2024991510846,2024,991510846,4,9,0,-1,19,4,8,-1,0,0,0,0,0,0,1,1,-1,6,2,53,8,1798,8,4,TOYOTA COROLLA,7,-1,0,2
2024010536938,2024,010536938,1,9,0,18,19,3,7,0,0,0,0,0,0,0,2,1,6,6,1,62,9,1798,8,5,TOYOTA COROLLA,1,E01013568,0,5
2024201475510,2024,201475510,2,9,0,-1,3,6,2,-1,0,1,0,0,0,0,2,9,-1,6,1,48,8,1794,1,17,TOYOTA COROLLA,1,E01008928,0,2
2024010520668,2024,010520668,1,9,0,7,7,2,5,0,0,8,0,0,0,0,1,1,6,6,1,72,10,1598,1,23,TOYOTA COROLLA,6,E01003693,0,1
2024461404650,2024,461404650,2,9,0,-1,9,2,8,-1,0,1,0,0,0,0,3,9,-1,6,2,36,7,1798,8,1,TOYOTA COROLLA,2,E01016140,0,1
2024070935903,2024,070935903,1,9,0,-1,7,7,5,-1,0,8,0,0,0,0,4,1,-1,6,2,40,7,1798,8,2,TOYOTA COROLLA,-1,-1,0,-1
2024041530524,2024,041530524,3,9,0,-1,2,0,0,-1,0,0,0,0,1,0,2,1,-1,9,1,35,6,1798,8,2,TOYOTA COROLLA,7,E01025507,0,1
2024411521669,2024,411521669,2,9,0,-1,3,3,7,-1,0,2,0,0,0,0,1,1,-1,6,1,48,8,1798,8,2,TOYOTA COROLLA,8,E01018227,0,1
2024010515077,2024,010515077,3,9,0,4,4,3,7,0,0,1,0,0,0,0,0,1,6,6,1,31,6,1987,8,1,TOYOTA COROLLA,-1,-1,0,-1
2024131512268,2024,131512268,1,9,0,-1,19,1,1,-1,0,8,0,0,0,0,1,1,-1,6,1,47,8,1798,8,3,TOYOTA COROLLA,6,E01010999,0,1
2024131400440,2024,131400440,2,9,0,-1,19,2,6,-1,0,0,0,0,0,0,2,1,-1,1,1,35,6,1798,8,3,TOYOTA COROLLA,4,E01011462,0,1
2024061503256,2024,061503256,1,9,0,-1,2,1,5,-1,0,0,0,0,1,0,2,1,-1,8,1,27,6,1798,8,2,TOYOTA COROLLA,-1,-1,0,-1
2024421508668,2024,421508668,1,9,0,-1,19,7,3,-1,0,1,0,0,0,0,1,1,-1,9,2,20,4,1398,1,18,TOYOTA COROLLA,2,E01021703,0,1
2024010511063,2024,010511063,1,9,0,9,9,3,1,0,0,8,0,0,0,0,4,1,1,1,1,51,8,1798,8,5,TOYOTA COROLLA,3,E01003244,0,2
2024161497590,2024,161497590,1,8,9,-1,19,-1,-1,-1,0,0,9,99,9,0,9,9,-1,1,1,-1,-1,1798,8,2,TOYOTA COROLLA,-1,-1,0,-1
2024061468614,2024,061468614,1,9,-1,-1,-1,-1,-1,-1,-1,-1,-1,-1,-1,0,-1,9,-1,6,1,82,11,1398,1,17,TOYOTA COROLLA,3,E01005216,0,1
202460Q177266,2024,60Q177266,1,9,0,18,19,8,4,0,0,2,0,0,1,11,1,1,6,6,1,79,11,1598,1,18,TOYOTA COROLLA,-1,-1,0,-1
2024061405945,2024,061405945,1,9,0,-1,10,4,2,-1,0,5,0,10,0,0,1,1,-1,1,1,45,7,1798,8,5,TOYOTA COROLLA,1,E01005463,0,1
2024302400580,2024,302400580,1,9,0,18,19,3,7,0,0,1,0,0,0,0,1,1,2,2,1,41,7,1798,8,3,TOYOTA COROLLA,3,E01013553,0,1
2024141407754,2024,141407754,1,9,0,-1,19,3,7,-1,0,0,0,0,0,0,1,9,-1,6,1,85,11,1398,1,21,TOYOTA COROLLA,-1,-1,0,-1
2024201520690,2024,201520690,2,9,0,-1,19,3,7,-1,0,1,0,0,0,0,4,1,-1,1,1,45,7,1798,8,0,TOYOTA COROLLA,8,E01009555,0,2
2024010512062,2024,010512062,1,9,0,18,19,7,3,0,0,0,0,0,0,0,1,1,1,1,1,52,8,1987,8,1,TOYOTA COROLLA,4,E01004401,0,1
2024302401221,2024,302401221,1,8,0,7,7,4,6,0,0,1,0,0,0,0,2,1,1,1,1,43,7,1798,8,4,TOYOTA COROLLA,4,E01013459,0,2
2024991420008,2024,991420008,1,9,0,-1,6,1,2,-1,0,6,0,0,0,0,4,1,-1,1,2,41,7,1798,8,4,TOYOTA COROLLA,-1,-1,0,-1
2024552401166,2024,552401166,1,8,0,18,19,8,4,0,0,0,0,0,0,0,3,1,1,1,1,54,8,1798,8,3,TOYOTA COROLLA,1,E01020569,0,1
2024991445279,2024,991445279,2,8,0,-1,19,7,3,-1,0,1,0,0,0,0,4,1,-1,9,1,49,8,1798,8,2,TOYOTA COROLLA,2,-1,0,2
2024061529873,2024,061529873,2,9,0,-1,2,5,1,-1,0,0,0,0,0,0,2,1,-1,1,1,23,5,1798,8,4,TOYOTA COROLLA,2,E01005238,0,1
2024311419956,2024,311419956,2,8,0,-1,19,7,3,-1,0,1,0,0,0,0,1,1,-1,1,1,51,8,1987,8,5,TOYOTA COROLLA,-1,-1,0,-1
2024010525832,2024,010525832,1,9,0,18,19,5,1,0,0,1,0,0,0,0,0,1,6,6,2,28,6,1987,8,1,TOYOTA COROLLA,9,E01003897,0,1
2024141508831,2024,141508831,2,9,0,-1,19,2,8,-1,0,0,1,0,0,0,3,1,-1,9,1,57,9,1798,8,2,TOYOTA COROLLA,7,E01007712,0,3
2024010519089,2024,010519089,1,9,0,9,9,5,2,0,0,6,0,0,0,0,1,1,1,1,1,37,7,1798,8,5,TOYOTA COROLLA,9,E01004595,0,1
2024552400742,2024,552400742,1,8,0,5,5,1,5,0,0,2,0,0,0,0,1,1,1,1,1,67,10,1987,8,2,TOYOTA COROLLA,10,E01015434,0,3
2024311530152,2024,311530152,1,9,0,-1,9,4,2,-1,0,8,0,0,0,0,4,1,-1,9,1,54,8,2231,2,16,TOYOTA COROLLA,-1,-1,0,-1
2024010531588,2024,010531588,3,9,0,4,4,2,6,0,0,1,0,0,0,0,0,1,1,1,2,27,6,1987,8,1,TOYOTA COROLLA,7,E01003199,0,1
2024052400483,2024,052400483,1,9,0,18,19,7,3,0,0,8,0,0,0,0,1,1,6,6,2,79,11,1798,8,3,TOYOTA COROLLA,6,E01006221,0,4
2024991487224,2024,991487224,1,9,0,-1,8,2,5,-1,0,6,0,0,1,0,3,1,-1,9,1,44,7,1798,8,4,TOYOTA COROLLA,8,-1,0,3
2024041485197,2024,041485197,2,9,0,-1,19,7,1,-1,0,0,0,0,0,0,2,2,-1,6,1,41,7,1987,8,3,TOYOTA COROLLA,3,E01012669,0,2
2024010551761,2024,010551761,1,9,0,18,19,7,3,0,0,2,0,0,0,0,0,1,1,1,1,24,5,1987,8,1,TOYOTA COROLLA,-1,-1,0,-1
2024131440642,2024,131440642,1,8,0,-1,5,-1,-1,-1,0,0,0,0,0,0,-1,1,-1,6,1,-1,-1,1798,8,5,TOYOTA COROLLA,-1,-1,0,-1
2024302400677,2024,302400677,2,9,0,2,2,5,1,0,0,0,0,0,1,11,2,2,6,6,3,-1,-1,1598,1,22,TOYOTA COROLLA,-1,-1,0,-1
2024461518218,2024,461518218,1,9,0,-1,9,1,6,-1,0,8,0,0,0,0,1,1,-1,9,1,40,7,1794,1,19,TOYOTA COROLLA,5,E01024356,0,1
2024070357801,2024,070357801,2,9,0,3,3,3,7,0,0,4,0,9,0,0,2,1,6,6,1,32,6,1798,8,4,TOYOTA COROLLA,-1,-1,0,-1
2024221464195,2024,221464195,1,9,0,-1,19,4,8,-1,0,0,1,0,0,0,3,1,-1,1,1,39,7,1798,8,0,TOYOTA COROLLA,3,E01014010,0,3
2024340WN6222,2024,340WN6222,1,9,0,-1,9,1,7,-1,0,2,0,0,0,0,1,1,-1,6,1,46,8,1995,2,19,TOYOTA COROLLA,6,E01027269,0,1
2024201501503,2024,201501503,1,9,0,-1,9,5,4,-1,0,1,0,0,0,0,3,9,-1,1,1,38,7,1798,8,4,TOYOTA COROLLA,2,E01014185,0,4
2024010523339,2024,010523339,2,9,0,18,19,7,3,0,0,1,0,0,0,0,1,1,1,1,1,31,6,1987,8,1,TOYOTA COROLLA,6,E01000631,0,1
2024131449167,2024,131449167,1,9,0,-1,19,4,8,-1,0,8,0,0,0,0,3,1,-1,9,1,36,7,1798,8,2,TOYOTA COROLLA,5,E01035052,0,2
2024401526132,2024,401526132,1,9,-1,-1,-1,-1,-1,-1,-1,-1,-1,-1,-1,0,-1,9,-1,6,3,-1,-1,1987,8,3,TOYOTA COROLLA,-1,-1,0,-1
2024622400503,2024,622400503,2,9,0,4,4,5,1,0,0,0,0,0,0,0,1,1,1,1,1,36,7,1798,8,4,TOYOTA COROLLA,2,W01000745,0,1
2024061433098,2024,061433098,1,9,0,-1,19,8,4,-1,0,0,0,0,0,0,4,1,-1,2,2,58,9,1598,1,20,TOYOTA COROLLA,8,E01006128,0,1
2024010515443,2024,010515443,1,9,0,13,13,4,8,0,0,1,0,0,0,0,0,1,1,1,1,36,7,1987,8,1,TOYOTA COROLLA,4,E01004259,0,1
2024311449096,2024,311449096,1,9,0,-1,15,4,8,-1,0,1,1,0,0,0,1,1,-1,6,2,27,6,1798,8,3,TOYOTA COROLLA,6,E01013838,0,1
2024010516763,2024,010516763,2,9,0,18,19,6,2,0,0,2,0,0,0,0,1,1,1,1,1,28,6,1987,8,1,TOYOTA COROLLA,4,E01034156,0,1
2024131504455,2024,131504455,1,9,0,-1,-1,-1,-1,-1,-1,0,-1,-1,-1,0,-1,1,-1,1,3,-1,-1,1798,8,5,TOYOTA COROLLA,-1,-1,0,-1
2024201473636,2024,201473636,1,8,0,-1,4,6,2,-1,0,0,0,0,0,0,1,1,-1,1,1,54,8,1798,8,2,TOYOTA COROLLA,-1,-1,0,-1
2024471468319,2024,471468319,1,9,0,-1,19,2,6,-1,0,0,0,0,0,0,1,1,-1,1,1,68,10,1798,8,4,TOYOTA COROLLA,6,E01020960,0,1
2024430287602,2024,430287602,1,8,0,1,1,2,6,0,0,0,0,0,0,0,2,1,1,1,1,28,6,1798,8,2,TOYOTA COROLLA,6,E01017925,0,1
2024201515145,2024,201515145,1,9,0,-1,7,4,2,-1,0,3,0,0,0,0,3,1,-1,2,2,34,6,1798,8,1,TOYOTA COROLLA,2,E01009392,0,2
2024010508655,2024,010508655,2,9,0,99,99,9,9,99,99,9,9,99,9,99,1,9,6,6,3,-1,-1,1798,8,1,TOYOTA COROLLA,5,E01004487,0,1
2024451439131,2024,451439131,1,9,0,-1,5,3,1,-1,0,0,0,0,0,0,3,1,-1,6,1,35,6,1798,8,3,TOYOTA COROLLA,7,E01030457,0,2
2024201431312,2024,201431312,1,9,0,-1,7,3,5,-1,0,5,0,0,0,0,4,1,-1,7,1,38,7,1798,8,4,TOYOTA COROLLA,1,E01007716,0,5
2024141441511,2024,141441511,1,9,0,-1,19,8,4,-1,0,2,0,0,0,0,2,1,-1,9,1,43,7,1398,1,18,TOYOTA COROLLA,7,E01007596,0,1
2024302401426,2024,302401426,1,9,0,18,19,4,8,0,0,0,0,0,0,0,3,1,6,6,1,45,7,1987,8,0,TOYOTA COROLLA,8,E01013489,0,1
2024041559504,2024,041559504,2,9,0,-1,19,5,1,-1,0,0,1,0,0,0,4,1,-1,2,2,41,7,1798,8,3,TOYOTA COROLLA,6,E01024957,0,1
2024201436560,2024,201436560,2,9,0,-1,2,0,0,-1,0,0,0,0,0,0,2,1,-1,9,2,65,9,1798,8,2,TOYOTA COROLLA,2,E01009942,0,1
2024201482246,2024,201482246,2,9,0,-1,7,5,8,-1,0,6,0,0,0,0,1,1,-1,6,1,20,4,1987,8,4,TOYOTA COROLLA,-1,-1,0,-1
2024141431012,2024,141431012,2,9,0,-1,19,3,7,-1,0,1,0,0,0,0,1,1,-1,1,1,55,8,1798,8,1,TOYOTA COROLLA,3,E01007976,0,1
2024010521476,2024,010521476,5,9,0,4,4,3,7,0,0,0,0,0,0,0,0,1,6,6,1,35,6,1987,8,1,TOYOTA COROLLA,-1,-1,0,-1
2024201558331,2024,201558331,1,9,0,-1,5,8,6,-1,0,8,0,0,0,0,1,1,-1,1,1,57,9,1794,1,19,TOYOTA COROLLA,3,E01033624,0,1
2024201505377,2024,201505377,1,9,0,-1,6,6,6,-1,0,8,0,7,0,0,4,9,-1,1,1,35,6,1798,8,0,TOYOTA COROLLA,9,E01010547,0,1
2024991450120,2024,991450120,1,8,0,-1,19,3,7,-1,0,1,0,0,0,0,4,1,-1,1,1,46,8,1798,8,5,TOYOTA COROLLA,6,-1,0,3
2024010516429,2024,010516429,2,9,0,4,4,7,3,0,0,0,1,0,0,0,1,1,1,1,2,24,5,1987,8,1,TOYOTA COROLLA,2,E01003507,0,1
2024361443603,2024,361443603,2,9,0,-1,9,6,4,-1,0,8,0,0,0,0,3,1,-1,9,1,32,6,1197,1,5,TOYOTA COROLLA,3,E01026853,0,1
2024010512069,2024,010512069,1,9,0,18,19,1,5,0,0,1,0,0,0,0,1,1,1,1,1,30,6,1987,8,1,TOYOTA COROLLA,3,E01021266,0,4
2024131499792,2024,131499792,1,9,0,-1,10,3,5,-1,0,4,0,0,0,0,1,1,-1,1,1,48,8,1798,8,5,TOYOTA COROLLA,2,E01010619,0,2
2024411543318,2024,411543318,1,9,0,-1,6,1,5,-1,0,0,0,0,0,0,1,1,-1,6,1,53,8,1798,8,5,TOYOTA COROLLA,9,E01035567,0,1
2024622400239,2024,622400239,1,9,0,4,4,4,8,0,0,7,0,0,0,0,1,1,6,6,3,-1,-1,1798,8,3,TOYOTA COROLLA,-1,-1,0,-1
2024061523155,2024,061523155,2,8,-1,-1,-1,-1,-1,-1,-1,0,-1,-1,-1,0,-1,9,-1,1,1,47,8,1798,8,4,TOYOTA COROLLA,2,E01006175,0,1
2024010522822,2024,010522822,2,9,0,99,99,9,9,99,99,9,9,99,9,99,9,9,6,6,3,-1,-1,1398,1,21,TOYOTA COROLLA,-1,-1,0,-1
2024221522560,2024,221522560,1,9,0,-1,19,4,8,-1,0,0,0,0,0,0,1,1,-1,9,1,75,10,1798,8,2,TOYOTA COROLLA,9,E01018692,0,4
2024131584149,2024,131584149,1,9,0,-1,9,5,7,-1,0,8,0,0,0,0,3,1,-1,6,1,34,6,1987,8,4,TOYOTA COROLLA,2,E01010792,0,1
2024061394067,2024,061394067,1,8,0,-1,19,7,3,-1,0,0,0,0,0,0,1,1,-1,1,1,32,6,1798,8,2,TOYOTA COROLLA,6,E01006146,0,1
2024010502457,2024,010502457,2,9,0,18,19,1,5,0,0,1,0,0,0,0,1,1,1,1,1,41,7,1987,8,1,TOYOTA COROLLA,7,E01003456,0,1
2024361513540,2024,361513540,1,8,-1,-1,-1,-1,-1,-1,-1,0,-1,-1,-1,0,-1,9,-1,1,1,63,9,1798,8,4,TOYOTA COROLLA,6,E01026862,0,1
2024351434621,2024,351434621,1,9,0,-1,19,3,3,-1,0,0,0,0,0,0,4,1,-1,6,2,38,7,1794,1,17,TOYOTA COROLLA,3,E01035552,0,1
2024052500068,2024,052500068,2,9,0,18,19,4,8,0,0,8,0,0,0,0,1,1,1,1,2,-1,-1,1798,8,1,TOYOTA COROLLA,-1,-1,0,-1
2024991468397,2024,991468397,2,9,0,-1,19,1,5,-1,0,0,0,0,0,0,4,1,-1,2,2,34,6,1987,8,3,TOYOTA COROLLA,6,-1,0,2
2024010521336,2024,010521336,4,9,0,18,19,3,7,0,0,0,0,0,0,0,0,1,1,1,1,40,7,1987,8,1,TOYOTA COROLLA,4,E01004259,0,1
2024010499621,2024,010499621,2,9,0,18,19,3,7,0,0,1,0,0,0,0,0,1,1,1,1,33,6,1987,8,1,TOYOTA COROLLA,6,E01000631,0,1
2024010500020,2024,010500020,1,9,0,18,19,7,3,0,0,5,0,0,0,0,3,1,1,1,1,27,6,1987,8,1,TOYOTA COROLLA,4,E01000922,0,1
2024430535865,2024,430535865,1,9,0,18,19,2,6,0,0,0,0,0,7,0,1,1,1,1,1,22,5,1798,8,0,TOYOTA COROLLA,7,E01017743,0,1
2024991434591,2024,991434591,1,9,0,-1,5,2,3,-1,0,0,0,0,0,0,4,1,-1,1,1,59,9,1798,8,4,TOYOTA COROLLA,-1,-1,0,-1
2024010542696,2024,010542696,2,9,0,99,99,9,9,99,99,6,9,99,9,99,2,9,6,6,3,-1,-1,1798,8,1,TOYOTA COROLLA,3,E01021092,0,4
2024340NN3972,2024,340NN3972,2,9,0,-1,2,0,0,-1,0,1,0,0,1,0,4,1,-1,6,1,49,8,1798,8,3,TOYOTA COROLLA,6,E01027078,0,3
2024141442234,2024,141442234,1,9,0,-1,15,4,8,-1,0,0,0,0,0,0,4,1,-1,9,2,33,6,1798,8,3,TOYOTA COROLLA,4,E01028036,0,3
2024401423460,2024,401423460,2,8,-1,-1,-1,-1,-1,-1,-1,-1,-1,-1,-1,0,-1,9,-1,1,1,34,6,1987,8,3,TOYOTA COROLLA,3,E01027314,0,4