collision_index,collision_year,collision_ref_no,vehicle_reference,vehicle_type,towing_and_articulation,vehicle_manoeuvre_historic,vehicle_manoeuvre,vehicle_direction_from,vehicle_direction_to,vehicle_location_restricted_lane_historic,vehicle_location_restricted_lane,junction_location,skidding_and_overturning,hit_object_in_carriageway,vehicle_leaving_carriageway,hit_object_off_carriageway,first_point_of_impact,vehicle_left_hand_drive,journey_purpose_of_driver_historic,journey_purpose_of_driver,sex_of_driver,age_of_driver,age_band_of_driver,engine_capacity_cc,propulsion_code,age_of_vehicle,generic_make_model,driver_imd_decile,lsoa_of_driver,escooter_flag,driver_distance_banding
2024010520366,2024,010520366,1,9,0,18,19,1,5,0,0,8,0,0,0,0,1,1,6,6,2,51,8,1987,8,1,TOYOTA COROLLA,6,E01033784,0,1
2024311443257,2024,311443257,1,9,0,-1,19,4,8,-1,0,0,1,0,0,0,-1,9,-1,6,1,19,4,1798,8,3,TOYOTA COROLLA,-1,-1,0,-1
2024201494693,2024,201494693,2,9,0,-1,19,4,8,-1,0,8,0,0,0,0,1,1,-1,6,1,21,5,1398,1,20,TOYOTA COROLLA,2,E01010038,0,3
2024061476711,2024,061476711,2,9,0,-1,20,2,6,-1,0,4,0,0,0,0,0,1,-1,8,1,25,5,1798,8,2,TOYOTA COROLLA,1,E01005202,0,1
2024010496915,2024,010496915,2,9,0,13,13,5,1,0,0,1,0,0,0,0,4,1,6,6,2,42,7,1794,1,16,TOYOTA COROLLA,2,E01003207,0,3
2024201483546,2024,201483546,1,8,0,-1,19,5,4,-1,0,8,0,0,0,0,1,1,-1,6,1,24,5,1798,8,1,TOYOTA COROLLA,6,E01010174,0,1
2024061494973,2024,061494973,2,9,0,-1,19,4,8,-1,0,1,0,0,0,0,0,1,-1,1,1,-1,-1,1798,8,2,TOYOTA COROLLA,-1,-1,0,-1
2024201479338,2024,201479338,2,9,0,-1,2,0,0,-1,0,0,0,0,0,0,2,9,-1,1,1,42,7,1798,8,2,TOYOTA COROLLA,1,E01009133,0,1
2024991494003,2024,991494003,1,9,0,-1,9,7,5,-1,0,1,0,0,0,0,1,1,-1,1,1,30,6,1798,8,5,TOYOTA COROLLA,-1,-1,0,-1
2024311448999,2024,311448999,1,8,0,-1,1,5,1,-1,0,1,0,0,0,0,2,1,-1,1,1,35,6,1798,8,3,TOYOTA COROLLA,6,E01013837,0,1
2024041450637,2024,041450637,1,9,0,-1,9,5,1,-1,0,1,0,0,0,0,1,1,-1,6,1,47,8,1995,2,22,TOYOTA COROLLA,2,E01025471,0,2
2024201479922,2024,201479922,1,9,0,-1,3,4,8,-1,0,0,0,0,0,0,1,9,-1,6,1,25,5,1798,8,5,TOYOTA COROLLA,1,E01034927,0,2
2024010503189,2024,010503189,1,9,0,99,99,9,9,99,99,5,9,99,9,99,1,1,6,6,3,48,8,1794,1,16,TOYOTA COROLLA,7,E01002985,0,1
2024010535457,2024,010535457,2,9,0,4,4,3,7,0,0,0,0,0,0,0,0,1,1,1,1,39,7,1987,8,1,TOYOTA COROLLA,9,E01023097,0,4
2024440366493,2024,440366493,1,9,0,9,9,1,7,0,0,5,0,0,0,0,4,1,2,2,1,38,7,1798,8,1,TOYOTA COROLLA,2,E01017106,0,1
2024061525224,2024,061525224,3,9,0,-1,19,7,3,-1,0,1,0,0,0,0,0,1,-1,1,-1,-1,-1,1798,8,1,TOYOTA COROLLA,-1,-1,0,-1
2024010520103,2024,010520103,1,9,0,18,19,5,1,0,0,1,0,0,1,0,0,1,1,1,1,34,6,1987,8,1,TOYOTA COROLLA,-1,-1,0,-1
2024401492388,2024,401492388,1,9,0,-1,19,-1,-1,-1,0,4,0,0,0,0,1,1,-1,6,1,-1,-1,1398,1,20,TOYOTA COROLLA,10,E01017371,0,1
2024461543574,2024,461543574,1,9,0,-1,9,1,4,-1,0,6,0,0,0,0,1,1,-1,2,1,62,9,1598,1,21,TOYOTA COROLLA,3,E01001166,0,4
2024010513909,2024,010513909,1,9,0,18,19,1,5,0,0,1,0,0,0,0,1,1,6,6,1,37,7,1794,1,19,TOYOTA COROLLA,2,E01003502,0,4
2024061537449,2024,061537449,1,9,0,-1,13,8,4,-1,0,1,0,0,0,0,1,1,-1,8,2,24,5,1798,8,2,TOYOTA COROLLA,1,E01005427,0,1
2024131511392,2024,131511392,2,9,0,-1,4,2,6,-1,0,0,0,0,0,0,2,1,-1,6,1,44,7,1398,1,19,TOYOTA COROLLA,1,E01010617,0,1
2024061451174,2024,061451174,2,9,0,-1,19,5,1,-1,0,0,0,0,0,0,3,1,-1,9,1,72,10,1598,1,19,TOYOTA COROLLA,1,E01005198,0,1
2024010537887,2024,010537887,2,9,0,7,7,7,1,0,0,1,0,0,0,0,1,1,1,1,1,33,6,1987,8,4,TOYOTA COROLLA,3,E01001830,0,1
2024131448876,2024,131448876,1,8,0,-1,-1,-1,-1,-1,-1,-1,-1,-1,-1,-1,1,1,-1,6,3,-1,-1,1798,8,2,TOYOTA COROLLA,-1,-1,0,-1
2024461521338,2024,461521338,2,9,0,-1,19,7,3,-1,0,8,0,0,0,0,1,1,-1,6,2,56,9,1798,8,2,TOYOTA COROLLA,10,E01024785,0,1
2024311500564,2024,311500564,1,9,0,-1,5,8,4,-1,0,1,0,0,0,0,3,1,-1,1,1,36,7,1798,8,4,TOYOTA COROLLA,-1,-1,0,-1
2024010523356,2024,010523356,2,9,9,99,99,9,9,0,0,9,9,99,0,0,9,9,6,6,3,-1,-1,1598,1,20,TOYOTA COROLLA,-1,-1,0,-1
2024471528037,2024,471528037,2,9,0,-1,19,8,4,-1,0,1,0,0,0,0,1,1,-1,9,2,72,10,1794,1,17,TOYOTA COROLLA,8,E01020953,0,3
2024061524484,2024,061524484,2,9,0,-1,19,3,7,-1,0,8,0,0,0,0,1,1,-1,9,1,77,11,1398,1,17,TOYOTA COROLLA,4,E01005293,0,1
2024201453171,2024,201453171,3,8,0,-1,3,1,5,-1,0,2,0,0,0,0,2,1,-1,1,1,39,7,1798,8,1,TOYOTA COROLLA,-1,-1,0,-1
2024010516895,2024,010516895,1,9,0,99,99,9,9,99,99,9,9,99,9,99,1,9,6,6,3,-1,-1,1398,1,21,TOYOTA COROLLA,9,E01002416,0,1
2024520500052,2024,520500052,1,9,0,18,19,6,2,0,0,8,1,0,1,0,1,1,6,6,2,-1,-1,1798,8,1,TOYOTA COROLLA,10,E01014793,0,4
2024010495556,2024,010495556,2,8,0,99,99,9,9,99,99,9,9,99,9,99,9,9,6,6,3,40,7,1798,8,2,TOYOTA COROLLA,4,E01017926,0,4
2024061433777,2024,061433777,5,9,0,-1,19,8,8,-1,0,0,0,0,0,0,1,1,-1,1,1,33,6,1798,8,2,TOYOTA COROLLA,4,E01006294,0,1
2024131516816,2024,131516816,1,9,0,-1,7,8,4,-1,0,0,0,0,0,0,4,1,-1,6,3,-1,-1,1798,8,1,TOYOTA COROLLA,-1,-1,0,-1
2024010519185,2024,010519185,1,9,0,18,19,7,3,0,0,1,0,0,0,0,2,1,6,6,2,39,7,2231,2,16,TOYOTA COROLLA,10,E01021614,0,4
2024451452739,2024,451452739,1,9,0,-1,19,3,7,-1,0,0,0,4,0,0,1,1,-1,1,1,19,4,-1,-1,-1,TOYOTA COROLLA,7,E01022532,0,4
2024010545276,2024,010545276,1,9,0,18,19,7,3,0,0,0,1,0,0,0,1,1,1,1,1,40,7,1987,8,1,TOYOTA COROLLA,4,E01004259,0,1
2024471485697,2024,471485697,2,9,0,-1,19,5,1,-1,0,1,0,0,0,0,3,9,-1,6,1,52,8,-1,-1,-1,TOYOTA COROLLA,5,E01031469,0,3
2024471487780,2024,471487780,1,9,0,-1,19,5,1,-1,0,1,0,0,0,0,3,1,-1,9,1,45,7,1798,8,3,TOYOTA COROLLA,8,E01031766,0,1
2024361529536,2024,361529536,1,9,0,-1,19,2,4,-1,0,1,0,0,0,0,1,1,-1,1,1,34,6,1798,8,4,TOYOTA COROLLA,2,E01026865,0,1
2024131428166,2024,131428166,1,9,0,-1,19,7,3,-1,0,0,1,0,2,7,1,1,-1,2,1,53,8,1987,8,3,TOYOTA COROLLA,1,E01010941,0,3
2024461413101,2024,461413101,1,9,0,-1,9,2,6,-1,0,8,0,0,0,0,1,1,-1,6,1,57,9,2231,2,17,TOYOTA COROLLA,7,E01024236,0,1
2024010497482,2024,010497482,2,9,0,6,6,7,7,0,0,0,0,0,0,0,0,1,1,1,1,30,6,1987,8,3,TOYOTA COROLLA,5,E01033917,0,2
2024010511637,2024,010511637,1,9,0,18,19,5,1,0,0,0,0,0,0,0,1,1,6,6,1,55,8,1798,8,2,TOYOTA COROLLA,8,E01000774,0,3
2024131499128,2024,131499128,1,9,0,-1,-1,-1,-1,-1,-1,-1,-1,-1,-1,-1,-1,1,-1,6,3,-1,-1,1798,8,4,TOYOTA COROLLA,-1,-1,0,-1
2024010498611,2024,010498611,1,9,0,17,19,3,7,9,9,1,0,0,1,3,1,1,1,1,1,35,6,1798,8,4,TOYOTA COROLLA,7,E01033967,0,4
2024010543876,2024,010543876,2,9,0,18,19,1,5,0,0,2,0,0,0,0,1,1,1,1,1,47,8,1798,8,5,TOYOTA COROLLA,5,E01015952,0,4
2024411435614,2024,411435614,1,9,0,-1,19,4,8,-1,0,1,0,0,0,0,3,1,-1,6,1,23,5,1798,8,5,TOYOTA COROLLA,5,E01023869,0,1
2024211487837,2024,211487837,1,9,0,-1,19,7,3,-1,0,0,0,0,2,0,1,1,-1,6,1,22,5,1364,2,19,TOYOTA COROLLA,1,E01014307,0,1
2024311412114,2024,311412114,1,9,0,-1,19,1,5,-1,0,0,1,0,1,10,3,1,-1,6,2,47,8,1598,1,19,TOYOTA COROLLA,10,E01028409,0,1
2024010541286,2024,010541286,2,9,0,99,99,9,9,99,99,9,9,99,9,99,9,9,6,6,1,-1,-1,1798,8,0,TOYOTA COROLLA,3,E01003275,0,1
2024302401394,2024,302401394,2,9,0,18,19,1,5,0,0,0,0,0,0,0,3,1,6,6,1,43,7,1798,8,4,TOYOTA COROLLA,4,E01013459,0,4
2024451436737,2024,451436737,1,8,0,-1,-1,-1,-1,-1,-1,0,-1,-1,-1,0,-1,1,-1,6,1,26,6,1798,8,2,TOYOTA COROLLA,8,E01030991,0,4
2024010539813,2024,010539813,2,9,0,18,19,8,4,0,0,1,0,0,0,0,2,1,1,1,1,34,6,1987,8,1,TOYOTA COROLLA,7,E01003199,0,1
2024440046964,2024,440046964,1,9,0,5,5,3,7,0,0,1,0,0,0,0,1,1,6,6,1,80,11,1598,1,20,TOYOTA COROLLA,5,E01023258,0,1
2024010550601,2024,010550601,1,9,0,99,99,9,9,99,99,9,9,99,9,99,1,9,6,6,2,49,8,1798,8,3,TOYOTA COROLLA,2,E01003947,0,2
2024501428709,2024,501428709,1,9,0,-1,13,3,7,-1,0,0,0,0,0,0,1,1,-1,6,1,33,6,1598,1,20,TOYOTA COROLLA,6,E01018957,0,3
2024010549427,2024,010549427,2,9,0,3,3,7,3,0,0,1,0,0,0,0,0,1,6,6,2,28,6,1987,8,1,TOYOTA COROLLA,7,E01003199,0,1
2024010533683,2024,010533683,2,9,0,3,3,7,3,0,0,8,0,0,0,0,2,1,6,6,1,29,6,1798,8,1,TOYOTA COROLLA,2,E01001130,0,1
2024430558552,2024,430558552,2,9,0,18,19,4,8,0,0,0,0,0,0,0,1,1,6,6,1,37,7,1398,1,20,TOYOTA COROLLA,7,E01027262,0,4
2024451485142,2024,451485142,2,9,0,-1,4,5,1,-1,0,0,0,0,0,0,1,9,-1,6,1,20,4,1598,1,19,TOYOTA COROLLA,-1,-1,0,-1
2024461419652,2024,461419652,1,8,0,-1,1,1,5,-1,0,0,0,0,0,0,2,9,-1,6,1,-1,-1,1798,8,2,TOYOTA COROLLA,1,E01024504,0,1
2024131491895,2024,131491895,1,9,0,-1,5,1,4,-1,0,8,0,0,1,0,3,1,-1,7,2,43,7,1798,8,4,TOYOTA COROLLA,2,E01011166,0,1
2024061497698,2024,061497698,1,9,0,-1,19,7,3,-1,0,8,0,0,0,0,1,1,-1,8,2,-1,-1,1798,8,1,TOYOTA COROLLA,-1,-1,0,-1
2024010540099,2024,010540099,3,9,0,9,9,2,1,0,0,1,0,0,0,0,1,1,6,6,2,28,6,1987,8,1,TOYOTA COROLLA,4,E01004259,0,1
2024351515716,2024,351515716,2,9,0,-1,9,5,1,-1,0,0,0,0,0,0,4,1,-1,6,1,33,6,1798,8,5,TOYOTA COROLLA,1,E01001115,0,5
2024361470466,2024,361470466,2,9,0,-1,19,2,6,-1,0,0,0,0,0,0,1,1,-1,6,1,61,9,1798,8,5,TOYOTA COROLLA,8,E01028640,0,5
2024010544406,2024,010544406,1,9,0,99,99,9,9,99,99,9,9,99,9,99,9,9,6,6,3,-1,-1,1798,8,5,TOYOTA COROLLA,-1,-1,0,-1
2024010548529,2024,010548529,2,9,0,18,19,5,1,0,0,1,0,0,0,0,1,1,1,1,1,58,9,1798,8,5,TOYOTA COROLLA,3,E01003151,0,3
2024320503132,2024,320503132,2,9,0,-1,-1,5,1,0,0,3,0,0,0,0,1,1,-1,-1,1,72,10,1798,8,3,TOYOTA COROLLA,-1,-1,0,-1
2024201489348,2024,201489348,2,9,0,-1,4,3,7,-1,0,1,0,0,0,0,1,1,-1,6,1,33,6,1798,8,4,TOYOTA COROLLA,1,E01010530,0,1
2024141496298,2024,141496298,1,9,0,-1,19,2,6,-1,0,0,0,0,0,0,1,9,-1,6,1,31,6,1398,1,18,TOYOTA COROLLA,1,E01011107,0,4
2024131397373,2024,131397373,1,9,0,-1,9,7,5,-1,0,5,0,0,0,0,1,1,-1,9,2,45,7,1398,1,18,TOYOTA COROLLA,2,E01010630,0,1
2024041474535,2024,041474535,1,9,0,-1,19,3,7,-1,0,0,0,0,0,0,1,1,-1,1,1,20,4,-1,-1,-1,TOYOTA COROLLA,6,E01027573,0,2
2024061457755,2024,061457755,3,9,0,-1,19,1,1,-1,0,0,0,0,0,0,0,1,-1,8,2,24,5,1798,8,1,TOYOTA COROLLA,1,E01005484,0,2
2024041429256,2024,041429256,1,9,0,-1,19,5,1,-1,0,0,0,0,7,2,1,1,-1,1,1,45,7,1987,8,1,TOYOTA COROLLA,6,E01024861,0,2
2024131424347,2024,131424347,2,9,0,-1,9,4,1,-1,0,8,0,0,0,0,1,1,-1,1,1,51,8,1987,8,2,TOYOTA COROLLA,1,E01011370,0,3
2024461431700,2024,461431700,3,9,0,-1,19,-1,-1,-1,0,0,0,0,0,0,0,9,-1,1,1,-1,-1,1798,8,1,TOYOTA COROLLA,5,E01035292,0,2
2024010544525,2024,010544525,2,9,0,4,4,1,5,0,0,1,0,0,0,0,0,1,1,1,1,46,8,1987,8,1,TOYOTA COROLLA,-1,-1,0,-1
2024471485632,2024,471485632,1,9,0,-1,19,1,5,-1,0,4,0,0,0,0,1,1,-1,1,1,49,8,1798,8,1,TOYOTA COROLLA,4,E01020976,0,2
2024211436300,2024,211436300,2,9,0,-1,5,2,6,-1,0,4,0,0,0,0,3,1,-1,6,1,51,8,1798,8,1,TOYOTA COROLLA,-1,-1,0,-1
2024141483810,2024,141483810,1,9,0,-1,19,7,3,-1,0,0,0,0,0,0,1,1,-1,6,1,38,7,1798,8,4,TOYOTA COROLLA,-1,-1,0,-1
2024311425597,2024,311425597,1,9,0,-1,19,6,2,-1,0,1,0,0,0,0,1,1,-1,2,1,52,8,1332,1,26,TOYOTA COROLLA,1,E01013480,0,3
2024071030604,2024,071030604,1,9,0,-1,2,0,0,-1,0,0,0,11,0,0,4,1,-1,1,2,19,4,1798,8,0,TOYOTA COROLLA,9,E01018737,0,2
2024010523015,2024,010523015,1,9,0,18,19,7,3,0,0,8,0,0,0,0,2,1,6,6,1,34,6,1798,8,4,TOYOTA COROLLA,8,E01002320,0,1
2024991431358,2024,991431358,1,8,0,-1,7,8,2,-1,0,2,0,0,0,0,1,1,-1,1,1,55,8,1798,8,1,TOYOTA COROLLA,5,-1,0,1
2024010502602,2024,010502602,2,9,0,17,19,5,1,0,0,0,0,0,0,0,0,1,1,1,1,33,6,1987,8,1,TOYOTA COROLLA,8,E01034386,0,1
2024161513049,2024,161513049,2,9,0,-1,2,0,0,-1,0,0,0,0,0,0,2,1,-1,6,3,-1,-1,1798,8,0,TOYOTA COROLLA,-1,-1,0,-1
2024010548950,2024,010548950,3,9,0,18,19,5,1,0,0,0,0,0,0,0,0,1,6,6,1,35,6,1987,8,1,TOYOTA COROLLA,2,E01033587,0,1
2024131517918,2024,131517918,2,9,0,-1,19,5,1,-1,0,8,0,0,0,0,2,1,-1,1,1,47,8,1798,8,5,TOYOTA COROLLA,2,E01033031,0,1
2024010540403,2024,010540403,2,9,0,4,4,7,3,0,0,0,0,0,0,0,2,1,6,6,1,61,9,1598,1,19,TOYOTA COROLLA,6,E01003781,0,1
2024430144244,2024,430144244,1,9,0,18,19,4,8,0,0,0,0,0,0,0,1,1,6,6,1,50,8,1398,1,20,TOYOTA COROLLA,8,E01016584,0,1
2024430343980,2024,430343980,1,8,0,6,6,3,2,0,0,0,0,0,0,0,1,1,1,1,1,32,6,1798,8,2,TOYOTA PRIUS,-1,-1,0,-1
2024010532667,2024,010532667,3,9,0,99,99,9,9,99,99,9,9,99,9,99,2,9,6,6,3,-1,-1,1797,8,7,TOYOTA PRIUS,2,E01004249,0,2
2024430092510,2024,430092510,2,8,0,2,2,0,0,0,0,0,0,0,0,0,2,1,1,1,1,41,7,1798,8,2,TOYOTA PRIUS,6,E01028528,0,1
2024041487717,2024,041487717,1,9,0,-1,9,7,5,-1,0,8,0,0,0,0,1,1,-1,1,1,25,5,1798,8,6,TOYOTA PRIUS,1,E01025217,0,4
2024041421493,2024,041421493,2,9,0,-1,19,3,6,-1,0,8,0,0,0,0,4,1,-1,6,1,46,8,1497,8,16,TOYOTA PRIUS,1,E01012577,0,1
2024421404122,2024,421404122,1,9,0,-1,9,2,4,-1,0,6,0,0,0,0,4,9,-1,6,1,-1,-1,1497,8,18,TOYOTA PRIUS,-1,-1,0,-1
2024010501728,2024,010501728,1,9,0,16,19,5,7,0,0,0,0,0,0,0,1,1,6,6,1,29,6,1797,8,14,TOYOTA PRIUS,2,E01001729,0,3
2024010501073,2024,010501073,1,9,0,18,19,7,3,0,0,1,0,7,0,0,1,1,3,7,1,38,7,1797,8,14,TOYOTA PRIUS,6,E01000268,0,1
2024061475991,2024,061475991,1,9,0,-1,9,4,1,-1,0,2,0,0,0,0,3,9,-1,6,1,-1,-1,1497,8,19,TOYOTA PRIUS,-1,-1,0,-1
2024451416702,2024,451416702,2,9,0,-1,9,2,7,-1,0,2,0,0,0,0,1,1,-1,2,2,35,6,1797,8,14,TOYOTA PRIUS,3,E01001053,0,2
2024010499721,2024,010499721,2,9,0,99,99,9,9,99,99,9,9,99,9,99,9,9,6,6,3,-1,-1,1798,8,9,TOYOTA PRIUS,-1,-1,0,-1
2024061407601,2024,061407601,1,8,0,-1,-1,-1,-1,-1,-1,-1,0,-1,0,0,1,1,-1,6,1,-1,-1,1797,8,5,TOYOTA PRIUS,3,E01005161,0,2
2024010499300,2024,010499300,2,8,0,99,99,9,9,99,99,9,9,99,9,99,2,9,6,6,3,-1,-1,1797,8,7,TOYOTA PRIUS,-1,-1,0,-1
2024010531537,2024,010531537,2,9,0,9,9,6,4,0,0,1,0,0,0,0,3,1,1,1,1,48,8,1797,8,5,TOYOTA PRIUS,2,E01001161,0,1
2024010546668,2024,010546668,2,9,0,18,19,5,1,0,0,1,0,0,1,0,2,1,1,1,1,62,9,1798,8,4,TOYOTA PRIUS,-1,-1,0,-1
2024451399238,2024,451399238,1,9,0,-1,19,1,1,-1,0,1,0,0,0,0,2,1,-1,1,1,39,7,1798,8,10,TOYOTA PRIUS,6,E01030653,0,1
2024010498676,2024,010498676,2,9,0,18,19,3,7,0,0,8,0,0,0,0,4,1,6,6,1,23,5,1798,8,11,TOYOTA PRIUS,1,E01001776,0,1
2024010487833,2024,010487833,1,9,5,3,3,3,7,0,0,1,0,0,1,5,4,1,6,6,1,48,8,1798,8,5,TOYOTA PRIUS,4,E01003543,0,1
2024010509342,2024,010509342,1,8,0,99,99,9,9,99,99,9,9,99,9,99,9,1,1,1,1,33,6,1798,8,6,TOYOTA PRIUS,3,E01002185,0,1
2024010516436,2024,010516436,1,9,0,18,19,1,5,0,0,1,0,0,0,0,1,1,1,1,1,39,7,1798,8,5,TOYOTA PRIUS,2,E01000891,0,2
2024010520534,2024,010520534,1,9,0,5,5,0,5,0,0,0,0,0,0,0,0,1,6,6,1,61,9,1797,8,5,TOYOTA PRIUS,2,E01003546,0,2
2024010520868,2024,010520868,2,9,0,3,3,1,5,0,0,4,0,0,0,0,2,1,6,6,2,27,6,1497,8,16,TOYOTA PRIUS,7,E01004491,0,1
2024010515688,2024,010515688,1,9,0,5,5,4,8,0,0,6,0,0,0,0,1,1,1,1,1,59,9,1798,8,10,TOYOTA PRIUS,-1,-1,0,-1
2024461442190,2024,461442190,4,9,0,-1,19,6,2,-1,0,0,0,0,0,0,2,1,-1,1,1,32,6,1797,8,8,TOYOTA PRIUS,6,E01035706,0,3
2024010543631,2024,010543631,2,9,0,-1,-1,1,5,0,0,1,0,0,0,0,4,1,2,2,1,65,9,1797,8,9,TOYOTA PRIUS,8,E01002178,0,1
2024411526477,2024,411526477,2,9,0,-1,19,1,5,-1,0,0,0,0,0,0,1,1,-1,6,1,53,8,1797,8,14,TOYOTA PRIUS,4,E01015785,0,3
2024522401731,2024,522401731,2,9,0,18,19,6,2,0,0,0,5,0,0,0,1,1,6,6,1,51,8,1797,8,7,TOYOTA PRIUS,1,E01014653,0,1
2024010540051,2024,010540051,2,8,0,99,99,9,9,99,99,9,9,99,9,99,9,9,6,6,3,53,8,1798,8,4,TOYOTA PRIUS,6,E01003737,0,1
2024010535596,2024,010535596,2,9,0,99,99,9,9,0,0,0,0,0,0,0,4,9,6,6,3,-1,-1,1797,8,6,TOYOTA PRIUS,-1,-1,0,-1
2024201453801,2024,201453801,1,9,0,-1,6,3,3,-1,0,8,0,7,7,0,3,9,-1,9,1,42,7,1797,8,12,TOYOTA PRIUS,1,E01009492,0,1
2024131509466,2024,131509466,2,9,0,-1,19,3,7,-1,0,0,0,0,0,0,1,1,-1,9,1,34,6,1797,8,7,TOYOTA PRIUS,1,E01010830,0,1
2024010508773,2024,010508773,2,9,0,3,3,1,5,0,0,1,0,0,0,0,4,1,1,1,1,57,9,1797,8,11,TOYOTA PRIUS,3,E01001503,0,2
2024010524950,2024,010524950,1,9,0,18,19,5,1,0,0,0,0,0,0,0,1,1,6,6,1,60,9,1797,8,14,TOYOTA PRIUS,2,E01000013,0,3
2024010537345,2024,010537345,2,9,0,9,9,4,1,0,0,1,1,0,0,0,2,1,6,6,1,24,5,1797,8,13,TOYOTA PRIUS,6,E01000513,0,1
2024340NN0512,2024,340NN0512,1,8,0,-1,19,2,6,-1,0,0,0,0,0,0,2,1,-1,1,1,39,7,1790,8,8,TOYOTA PRIUS,2,E01032978,0,4
2024010542728,2024,010542728,2,9,0,10,10,5,3,0,0,8,0,0,0,0,1,1,1,1,1,40,7,1797,8,6,TOYOTA PRIUS,2,E01002553,0,3
2024201431147,2024,201431147,1,9,0,-1,4,7,3,-1,0,3,0,0,0,0,2,9,-1,6,1,30,6,1797,8,13,TOYOTA PRIUS,-1,-1,0,-1
2024010547664,2024,010547664,1,9,0,99,99,9,9,99,99,9,9,99,9,99,1,9,6,6,1,38,7,1797,8,10,TOYOTA PRIUS,2,E01000508,0,1
2024010545087,2024,010545087,2,9,0,6,6,2,2,0,0,0,0,0,0,0,3,1,1,1,1,59,9,1798,8,6,TOYOTA PRIUS,2,E01000045,0,3
2024471486972,2024,471486972,1,9,0,-1,19,3,7,-1,0,1,0,0,1,0,1,1,-1,9,2,61,9,1497,8,18,TOYOTA PRIUS,6,E01031782,0,1
2024010527035,2024,010527035,2,9,0,17,19,9,9,99,99,0,9,99,9,99,9,9,6,6,3,-1,-1,1797,8,15,TOYOTA PRIUS,-1,-1,0,-1
2024332400373,2024,332400373,1,9,0,-1,3,2,6,-1,0,1,0,0,0,0,2,1,-1,9,1,34,6,1798,8,7,TOYOTA PRIUS,2,E01034009,0,1
2024201499118,2024,201499118,2,8,0,-1,19,4,8,-1,0,6,0,0,0,0,1,1,-1,6,3,-1,-1,1797,8,10,TOYOTA PRIUS,-1,-1,0,-1
2024010531699,2024,010531699,1,9,0,99,99,9,9,99,99,9,9,99,9,99,1,9,6,6,3,28,6,1797,8,8,TOYOTA PRIUS,5,E01000401,0,1
2024010547253,2024,010547253,1,8,0,99,99,9,9,99,99,9,9,99,9,99,3,9,1,1,1,47,8,1798,8,8,TOYOTA PRIUS,7,E01003762,0,3
2024010493486,2024,010493486,1,9,0,4,4,7,3,0,0,1,0,0,1,7,3,1,2,2,1,49,8,1798,8,7,TOYOTA PRIUS,3,E01004448,0,1
2024340WN2422,2024,340WN2422,1,8,0,-1,9,1,5,-1,0,5,0,0,0,0,1,1,-1,6,1,54,8,1797,8,9,TOYOTA PRIUS,2,E01027241,0,1
2024010551414,2024,010551414,1,9,0,9,9,5,2,0,0,0,0,0,0,0,1,1,6,6,1,51,8,1798,8,11,TOYOTA PRIUS,3,E01003563,0,3
2024010508630,2024,010508630,2,9,0,5,5,0,5,0,0,1,0,0,0,0,4,1,2,2,1,27,6,1797,8,9,TOYOTA PRIUS,4,E01002587,0,3
2024010494949,2024,010494949,2,9,0,9,9,1,7,0,0,3,0,0,0,0,1,1,6,6,3,-1,-1,1798,8,12,TOYOTA PRIUS,-1,-1,0,-1
2024430417699,2024,430417699,1,9,0,9,9,1,7,0,0,6,0,0,0,0,1,1,1,1,1,24,5,1798,8,7,TOYOTA PRIUS,7,E01028512,0,2
2024131523481,2024,131523481,2,9,0,-1,9,1,5,-1,0,8,0,0,0,0,1,1,-1,1,1,39,7,1797,8,4,TOYOTA PRIUS,1,E01011618,0,3
2024010516817,2024,010516817,1,9,0,10,10,8,5,0,0,1,0,0,0,0,2,1,1,1,1,54,8,1798,8,9,TOYOTA PRIUS,6,E01004519,0,1
2024201494626,2024,201494626,1,9,0,-1,6,1,5,-1,0,6,1,4,0,0,3,1,-1,1,1,29,6,1797,8,7,TOYOTA PRIUS,1,E01010269,0,3
2024010526227,2024,010526227,1,9,0,9,9,3,8,0,0,8,0,0,0,0,1,1,6,6,1,40,7,1798,8,11,TOYOTA PRIUS,8,E01002979,0,2
2024041425514,2024,041425514,1,9,0,-1,19,1,5,-1,0,0,0,0,0,0,1,1,-1,9,1,46,8,1797,8,14,TOYOTA PRIUS,1,E01025184,0,2
2024010543559,2024,010543559,1,9,0,9,9,5,3,0,0,1,0,0,0,0,4,2,6,6,1,43,7,1798,8,6,TOYOTA PRIUS,6,E01003130,0,1
2024340WN1532,2024,340WN1532,1,9,0,-1,9,6,4,-1,0,6,0,0,0,0,1,1,-1,6,1,51,8,1790,8,10,TOYOTA PRIUS,3,E01027154,0,1
2024543836324,2024,543836324,1,8,0,9,9,1,5,0,0,2,0,0,0,0,1,1,1,1,1,59,9,1797,8,7,TOYOTA PRIUS,1,E01015541,0,1
2024010508400,2024,010508400,2,8,0,18,19,5,1,0,0,1,0,0,0,0,1,1,6,6,1,51,8,1797,8,10,TOYOTA PRIUS,6,E01003705,0,1
2024010505192,2024,010505192,2,9,0,6,6,9,9,99,99,9,9,99,9,99,9,9,6,6,3,38,7,1797,8,8,TOYOTA PRIUS,7,E01003691,0,3
2024302400699,2024,302400699,1,9,0,18,19,3,7,0,0,1,0,0,0,0,1,1,6,6,1,47,8,1790,8,11,TOYOTA PRIUS,2,E01013565,0,1
2024461477939,2024,461477939,1,9,0,-1,11,1,5,-1,0,0,5,0,2,0,4,1,-1,6,2,80,11,1797,8,14,TOYOTA PRIUS,9,E01031412,0,4