collision_index,collision_year,collision_ref_no,vehicle_reference,vehicle_type,towing_and_articulation,vehicle_manoeuvre_historic,vehicle_manoeuvre,vehicle_direction_from,vehicle_direction_to,vehicle_location_restricted_lane_historic,vehicle_location_restricted_lane,junction_location,skidding_and_overturning,hit_object_in_carriageway,vehicle_leaving_carriageway,hit_object_off_carriageway,first_point_of_impact,vehicle_left_hand_drive,journey_purpose_of_driver_historic,journey_purpose_of_driver,sex_of_driver,age_of_driver,age_band_of_driver,engine_capacity_cc,propulsion_code,age_of_vehicle,generic_make_model,driver_imd_decile,lsoa_of_driver,escooter_flag,driver_distance_banding
2024010504395,2024,010504395,1,9,0,99,99,9,9,99,99,0,9,99,9,99,9,9,1,1,1,52,8,1797,8,10,TOYOTA PRIUS,6,E01002964,0,1
2024401412342,2024,401412342,3,9,0,-1,19,7,3,-1,0,0,0,0,0,0,1,1,-1,6,1,-1,-1,1798,8,11,TOYOTA PRIUS,7,E01015694,0,1
2024010524710,2024,010524710,1,9,0,99,99,9,9,99,99,9,9,99,9,99,2,9,6,6,1,37,7,1798,8,9,TOYOTA PRIUS,2,E01003601,0,1
2024010551462,2024,010551462,1,9,0,13,13,7,3,0,0,1,0,0,0,0,1,1,6,6,3,-1,-1,1797,8,10,TOYOTA PRIUS,-1,-1,0,-1
2024010499841,2024,010499841,1,9,0,9,9,5,2,0,0,1,0,0,0,0,4,1,6,6,1,60,9,1797,8,5,TOYOTA PRIUS,5,E01002652,0,3
2024401462735,2024,401462735,2,9,0,-1,19,4,8,-1,0,8,0,0,7,0,4,1,-1,1,1,37,7,1798,8,10,TOYOTA PRIUS,5,E01015762,0,2
2024041425152,2024,041425152,1,9,0,-1,7,5,3,-1,0,3,0,0,0,0,-1,1,-1,6,1,45,7,1797,8,13,TOYOTA PRIUS,2,E01025366,0,1
2024471393878,2024,471393878,1,9,0,-1,19,7,3,-1,0,1,0,0,0,0,1,9,-1,1,1,51,8,1798,8,4,TOYOTA PRIUS,8,E01021174,0,3
2024201436041,2024,201436041,2,9,0,-1,5,2,6,-1,0,0,0,0,0,0,3,9,-1,1,1,62,9,1797,8,9,TOYOTA PRIUS,1,E01008901,0,2
2024010516722,2024,010516722,2,9,0,14,14,5,1,0,0,1,0,0,0,0,1,1,6,6,3,-1,-1,1790,8,4,TOYOTA PRIUS,-1,-1,0,-1
2024010533308,2024,010533308,1,9,0,99,99,9,9,99,99,9,9,99,9,99,1,9,6,6,3,-1,-1,1797,8,12,TOYOTA PRIUS,-1,-1,0,-1
2024010507713,2024,010507713,1,9,0,18,19,7,3,0,0,1,0,0,3,0,1,1,3,7,1,57,9,1798,8,12,TOYOTA PRIUS,-1,-1,0,-1
2024131438804,2024,131438804,2,9,0,-1,19,2,6,-1,0,2,0,0,0,0,1,1,-1,1,1,51,8,1798,8,6,TOYOTA PRIUS,1,E01011360,0,1
2024201459996,2024,201459996,2,8,0,-1,3,8,4,-1,0,0,0,0,0,0,2,1,-1,6,1,47,8,1497,8,17,TOYOTA PRIUS,6,E01010075,0,1
2024141516027,2024,141516027,4,9,0,-1,2,0,0,-1,0,0,0,0,0,0,4,1,-1,6,-1,-1,-1,1797,8,10,TOYOTA PRIUS,-1,-1,0,-1
2024061531814,2024,061531814,2,9,0,-1,-1,-1,-1,-1,-1,0,-1,-1,-1,0,-1,1,-1,1,3,-1,-1,1797,8,5,TOYOTA PRIUS,-1,-1,0,-1
2024010504335,2024,010504335,2,9,0,99,99,9,9,99,99,6,9,99,9,99,9,9,6,6,3,-1,-1,1797,8,14,TOYOTA PRIUS,-1,-1,0,-1
2024010496184,2024,010496184,1,8,0,99,99,9,9,99,99,9,9,99,9,99,2,1,1,1,1,54,8,1798,8,8,TOYOTA PRIUS,3,E01003586,0,1
2024010545209,2024,010545209,1,9,0,9,9,7,5,0,0,2,0,0,0,0,3,1,1,1,1,36,7,1797,8,7,TOYOTA PRIUS,4,E01000974,0,1
2024010500251,2024,010500251,1,9,9,99,99,9,9,99,99,9,9,99,9,99,9,9,6,6,3,-1,-1,1797,8,7,TOYOTA PRIUS,-1,-1,0,-1
2024041446586,2024,041446586,1,9,0,-1,9,4,6,-1,0,8,0,0,7,0,4,1,-1,9,1,41,7,1798,8,10,TOYOTA PRIUS,2,E01025275,0,1
2024010498648,2024,010498648,2,8,0,9,9,1,7,0,0,1,0,0,0,0,3,1,1,1,1,36,7,1797,8,9,TOYOTA PRIUS,5,E01024254,0,5
2024231459340,2024,231459340,4,9,0,-1,2,0,0,-1,0,0,0,0,0,0,3,9,-1,6,1,46,8,1497,8,17,TOYOTA PRIUS,2,E01031273,0,1
2024131414949,2024,131414949,1,9,0,-1,-1,-1,-1,-1,-1,-1,-1,-1,-1,-1,-1,1,-1,6,3,-1,-1,1791,8,12,TOYOTA PRIUS,-1,-1,0,-1
2024010516649,2024,010516649,1,9,0,99,99,9,9,99,99,9,9,99,9,99,3,9,1,1,1,59,9,1798,8,11,TOYOTA PRIUS,3,E01003542,0,2
2024010527986,2024,010527986,2,9,0,99,99,9,9,99,99,9,9,99,9,99,9,9,6,6,3,-1,-1,1798,8,6,TOYOTA PRIUS,-1,-1,0,-1
2024421472762,2024,421472762,1,9,0,-1,19,7,3,-1,0,1,0,0,0,0,1,1,-1,9,1,50,8,1798,8,2,TOYOTA PRIUS,5,E01015994,0,1
2024231524759,2024,231524759,2,8,0,-1,2,0,0,-1,0,0,0,0,0,0,3,1,-1,1,1,39,7,1797,8,11,TOYOTA PRIUS,4,E01009921,0,4
2024131527495,2024,131527495,2,9,0,-1,13,7,3,-1,0,1,0,0,0,0,4,1,-1,1,1,37,7,1497,8,15,TOYOTA PRIUS,2,E01011837,0,1
2024010526451,2024,010526451,2,8,0,99,99,9,9,99,99,9,9,99,9,99,2,9,1,1,1,40,7,1797,8,10,TOYOTA PRIUS,7,E01000292,0,3
2024010514720,2024,010514720,3,9,0,2,2,0,0,0,0,0,0,0,0,0,0,1,6,6,3,-1,-1,1497,8,17,TOYOTA PRIUS,-1,-1,0,-1
2024010561904,2024,010561904,1,9,0,5,5,1,5,0,0,8,0,0,0,0,1,1,6,6,1,50,8,1497,8,18,TOYOTA PRIUS,5,E01002590,0,3
2024501407150,2024,501407150,2,9,0,-1,10,5,3,-1,0,0,0,0,0,0,2,1,-1,6,1,32,6,1798,8,6,TOYOTA PRIUS,4,E01020000,0,4
2024471478577,2024,471478577,1,9,0,-1,19,3,7,-1,0,8,0,0,0,0,1,1,-1,9,1,43,7,1797,8,12,TOYOTA PRIUS,2,E01004241,0,4
2024351420241,2024,351420241,2,9,0,-1,19,7,3,-1,0,1,0,0,0,0,1,1,-1,6,-1,-1,-1,1797,8,8,TOYOTA PRIUS,-1,-1,0,-1
2024010521403,2024,010521403,2,9,0,3,3,9,9,99,99,0,9,99,9,99,9,9,1,1,1,48,8,1798,8,7,TOYOTA PRIUS,2,E01000484,0,3
2024211481199,2024,211481199,2,8,0,-1,19,7,3,-1,0,0,0,0,0,0,1,1,-1,9,1,47,8,1797,8,8,TOYOTA PRIUS,1,E01014305,0,1
2024461523861,2024,461523861,1,8,0,-1,1,2,6,-1,0,0,0,0,0,0,2,1,-1,1,1,41,7,1797,8,7,TOYOTA PRIUS,6,E01024836,0,1
2024311520353,2024,311520353,2,9,0,-1,19,2,7,-1,0,8,0,0,0,0,1,1,-1,1,1,44,7,1797,8,6,TOYOTA PRIUS,-1,-1,0,-1
2024010509170,2024,010509170,1,9,9,18,19,9,9,99,99,9,9,99,9,99,9,9,6,6,3,43,7,1797,8,14,TOYOTA PRIUS,6,E01000299,0,1
2024010538092,2024,010538092,1,9,0,5,5,0,5,0,0,6,0,0,0,0,1,1,1,1,1,35,6,1798,8,5,TOYOTA PRIUS,3,E01001242,0,2
2024010510252,2024,010510252,1,9,0,17,19,1,5,0,0,8,5,7,0,0,1,1,1,1,1,50,8,1797,8,10,TOYOTA PRIUS,-1,-1,0,-1
2024010508186,2024,010508186,2,9,0,3,3,1,5,0,0,8,0,0,0,0,3,1,6,6,1,40,7,1797,8,13,TOYOTA PRIUS,1,E01000061,0,1
2024010539345,2024,010539345,1,9,0,18,19,7,3,0,0,8,0,0,0,0,1,1,2,2,1,58,9,1798,8,7,TOYOTA PRIUS,4,E01001183,0,1
2024010532852,2024,010532852,1,9,0,14,14,1,5,9,9,1,0,4,7,11,1,1,6,6,1,51,8,1797,8,8,TOYOTA PRIUS,2,E01003052,0,1
2024531415116,2024,531415116,1,8,0,-1,5,7,4,-1,0,2,0,0,0,0,4,9,-1,6,3,-1,-1,1797,8,12,TOYOTA PRIUS,-1,-1,0,-1
2024411478757,2024,411478757,2,9,0,-1,19,-1,-1,-1,0,2,0,0,0,0,1,9,-1,9,1,48,8,1797,8,12,TOYOTA PRIUS,2,E01023844,0,1
2024010498121,2024,010498121,1,8,0,15,15,2,6,0,0,0,0,0,0,0,1,1,6,6,1,41,7,1798,8,10,TOYOTA PRIUS,2,E01001702,0,1
2024010493033,2024,010493033,1,9,9,99,99,9,9,99,99,9,9,99,9,99,9,1,6,6,3,-1,-1,1798,8,8,TOYOTA PRIUS,-1,-1,0,-1
2024201514435,2024,201514435,2,9,0,-1,19,1,1,-1,0,6,0,0,0,0,2,1,-1,1,1,58,9,1798,8,6,TOYOTA PRIUS,2,E01009265,0,2
2024052401717,2024,052401717,2,9,0,18,19,3,7,0,0,1,0,0,0,0,4,1,1,1,1,44,7,1797,8,13,TOYOTA PRIUS,1,E01034401,0,1
2024302400996,2024,302400996,1,8,0,18,19,1,5,0,0,2,0,0,0,0,1,1,6,6,3,-1,-1,1797,8,9,TOYOTA PRIUS,5,E01019456,0,3
2024201399784,2024,201399784,1,8,0,-1,19,8,4,-1,0,2,0,0,0,0,1,1,-1,1,1,42,7,1798,8,6,TOYOTA PRIUS,1,E01034934,0,2
2024010538480,2024,010538480,1,9,0,14,14,1,5,0,0,8,5,0,0,0,1,1,1,1,1,24,5,1798,8,5,TOYOTA PRIUS,-1,-1,0,-1
2024201474240,2024,201474240,2,8,0,-1,19,8,4,-1,0,1,0,0,0,0,1,1,-1,6,1,41,7,1790,8,7,TOYOTA PRIUS,5,E01009023,0,1
2024421511801,2024,421511801,2,9,0,-1,19,6,2,-1,0,0,1,0,4,6,2,1,-1,9,1,57,9,1797,8,10,TOYOTA PRIUS,5,E01001319,0,4
2024010550648,2024,010550648,1,9,9,99,99,9,9,99,99,9,9,99,9,99,9,9,1,1,1,43,7,1798,8,5,TOYOTA PRIUS,4,E01002350,0,4
2024010507920,2024,010507920,2,9,0,99,99,9,9,99,99,9,9,99,9,99,9,9,6,6,3,49,8,1798,8,8,TOYOTA PRIUS,3,E01003525,0,3
2024131461133,2024,131461133,1,9,0,-1,19,7,3,-1,0,8,0,0,0,0,1,1,-1,1,1,37,7,1797,8,14,TOYOTA PRIUS,5,E01011446,0,1
2024351434523,2024,351434523,2,9,0,-1,19,5,5,-1,0,0,1,0,0,0,1,1,-1,6,1,56,9,1797,8,4,TOYOTA PRIUS,2,E01015604,0,2
2024061503231,2024,061503231,3,9,0,-1,2,0,0,-1,0,1,0,0,0,0,1,1,-1,6,-1,-1,-1,1797,8,15,TOYOTA PRIUS,-1,-1,0,-1
2024332400809,2024,332400809,1,8,0,-1,3,7,3,-1,0,0,0,0,0,0,2,1,-1,1,1,46,8,1798,8,8,TOYOTA PRIUS,5,E01013756,0,1
2024010519575,2024,010519575,1,9,0,4,4,5,1,0,0,1,0,0,0,0,0,1,1,1,1,34,6,1797,8,9,TOYOTA PRIUS,7,E01033133,0,3
2024440329371,2024,440329371,2,9,0,4,4,2,6,0,0,0,0,0,0,0,2,1,6,6,1,29,6,1797,8,14,TOYOTA PRIUS,2,E01017156,0,1
2024430501623,2024,430501623,2,8,0,18,19,1,0,0,0,4,0,0,0,0,0,1,6,6,1,30,6,1798,8,6,TOYOTA PRIUS,-1,-1,0,-1
2024010526656,2024,010526656,4,9,0,18,19,3,7,0,0,1,0,0,0,0,1,1,6,6,1,53,8,1797,8,8,TOYOTA PRIUS,7,E01002687,0,1
2024010512222,2024,010512222,1,9,0,18,19,1,5,0,0,2,1,0,0,0,1,1,6,6,1,21,5,1797,8,14,TOYOTA PRIUS,4,E01000976,0,3
2024041516728,2024,041516728,1,9,0,-1,19,7,3,-1,0,1,0,0,0,0,1,1,-1,1,1,20,4,1797,8,14,TOYOTA PRIUS,2,E01025059,0,1
2024501483077,2024,501483077,2,9,0,-1,2,0,0,-1,9,0,0,0,1,0,3,1,-1,1,2,41,7,1797,8,12,TOYOTA PRIUS,2,E01015075,0,1
2024061459094,2024,061459094,1,8,0,-1,7,7,4,-1,0,5,0,0,1,0,1,1,-1,1,1,42,7,1798,8,10,TOYOTA PRIUS,2,E01004972,0,1
2024061460865,2024,061460865,1,8,0,-1,19,1,5,-1,0,1,0,0,0,0,1,1,-1,9,1,49,8,1798,8,8,TOYOTA PRIUS,4,E01005029,0,1
2024201513817,2024,201513817,1,9,0,-1,9,5,3,-1,0,6,0,0,0,0,1,1,-1,7,1,46,8,1798,8,8,TOYOTA PRIUS,2,E01009265,0,1
2024010515466,2024,010515466,2,9,0,18,19,5,1,0,0,0,0,0,0,0,3,1,6,6,1,60,9,1797,8,14,TOYOTA PRIUS,-1,-1,0,-1
2024201456239,2024,201456239,2,8,0,-1,19,5,6,-1,0,0,0,0,0,0,3,1,-1,1,1,58,9,1797,8,10,TOYOTA PRIUS,1,E01033638,0,1
2024430198401,2024,430198401,3,9,0,-1,-1,8,6,0,0,1,0,0,0,0,-1,1,6,6,1,53,8,1497,8,16,TOYOTA PRIUS,9,E01034457,0,1
2024010527271,2024,010527271,4,9,0,2,2,0,0,0,0,8,0,0,0,0,3,1,6,6,3,-1,-1,1797,8,10,TOYOTA PRIUS,-1,-1,0,-1
2024201525682,2024,201525682,1,9,0,-1,19,7,3,-1,0,0,0,0,0,0,1,1,-1,1,1,32,6,1797,8,7,TOYOTA PRIUS,-1,-1,0,-1
2024010531365,2024,010531365,2,9,0,99,99,9,9,99,99,9,9,99,9,99,9,9,6,6,3,-1,-1,1797,8,6,TOYOTA PRIUS,-1,-1,0,-1
2024471428875,2024,471428875,1,9,0,-1,19,5,1,-1,0,8,0,0,0,0,1,1,-1,1,1,42,7,1797,8,4,TOYOTA PRIUS,5,E01031565,0,1
2024471483413,2024,471483413,1,8,0,-1,7,1,3,-1,0,6,0,0,0,0,1,1,-1,1,1,40,7,1797,8,5,TOYOTA PRIUS,10,E01031741,0,1
2024010536180,2024,010536180,1,9,0,18,19,5,1,0,0,1,0,0,0,0,1,1,1,1,1,53,8,1797,8,5,TOYOTA PRIUS,7,E01003646,0,3
2024211492027,2024,211492027,1,9,0,-1,10,3,1,-1,0,8,0,0,0,0,1,1,-1,1,1,64,9,1797,8,10,TOYOTA PRIUS,5,E01023843,0,5
2024010538550,2024,010538550,3,9,0,10,10,3,8,0,0,1,0,0,0,0,1,1,6,6,2,41,7,1497,8,16,TOYOTA PRIUS,2,E01003350,0,1
2024010527631,2024,010527631,1,8,0,7,7,1,2,0,0,0,0,0,1,0,3,1,2,2,1,64,9,1798,8,10,TOYOTA PRIUS,1,E01001429,0,1
2024010508167,2024,010508167,1,9,0,4,4,5,1,0,0,0,0,4,0,0,2,1,6,6,1,77,11,1798,8,8,TOYOTA PRIUS,7,E01001986,0,1
2024010519480,2024,010519480,2,9,0,4,4,1,5,0,0,2,1,10,0,0,2,1,1,1,1,46,8,1798,8,7,TOYOTA PRIUS,2,E01035684,0,1
2024010509445,2024,010509445,2,9,0,18,19,7,3,0,0,8,0,0,0,0,2,1,6,6,1,67,10,1797,8,7,TOYOTA PRIUS,7,E01002181,0,1
2024010511927,2024,010511927,1,9,0,18,19,7,3,0,0,1,0,0,0,0,1,2,6,6,1,57,9,1797,8,7,TOYOTA PRIUS,3,E01001717,0,1
2024010549630,2024,010549630,1,9,0,99,99,9,9,99,99,9,9,99,9,99,1,9,6,6,3,36,7,1798,8,7,TOYOTA PRIUS,4,E01001322,0,4
2024201504375,2024,201504375,2,9,0,-1,5,3,7,-1,0,6,0,0,0,0,4,9,-1,6,1,46,8,1797,8,9,TOYOTA PRIUS,1,E01009489,0,3
2024010538681,2024,010538681,1,9,0,1,1,3,7,0,0,1,0,0,0,0,2,9,6,6,1,-1,-1,1798,8,6,TOYOTA PRIUS,-1,-1,0,-1
2024440298644,2024,440298644,1,9,0,18,19,5,1,0,0,0,0,0,0,0,3,1,6,6,1,37,7,1497,8,18,TOYOTA PRIUS,3,E01017194,0,3
2024061525159,2024,061525159,1,9,0,-1,5,1,1,-1,0,2,1,4,0,0,1,1,-1,6,1,25,5,1497,8,17,TOYOTA PRIUS,-1,-1,0,-1
2024010551557,2024,010551557,1,9,0,9,9,5,3,0,0,1,0,0,0,0,2,1,2,2,2,47,8,1798,8,10,TOYOTA PRIUS,2,E01000025,0,1
2024010551231,2024,010551231,2,9,0,5,5,6,2,0,0,1,0,0,0,0,1,1,6,6,1,59,9,1797,8,9,TOYOTA PRIUS,5,E01002613,0,3
2024010500886,2024,010500886,2,9,0,99,99,9,9,99,99,9,9,99,9,99,9,9,6,6,3,-1,-1,1798,8,9,TOYOTA PRIUS,-1,-1,0,-1
2024451450531,2024,451450531,2,9,0,-1,19,6,2,-1,0,0,0,0,0,0,1,1,-1,2,1,28,6,1497,8,19,TOYOTA PRIUS,4,E01030710,0,4
2024401495798,2024,401495798,2,9,0,-1,19,5,1,-1,0,8,1,0,0,0,1,1,-1,1,1,52,8,1798,8,6,TOYOTA PRIUS,2,E01015727,0,1
2024041405834,2024,041405834,2,9,0,-1,8,3,7,-1,0,2,0,0,0,0,2,1,-1,9,1,39,7,1798,8,11,TOYOTA PRIUS,4,E01025113,0,1
2024401424818,2024,401424818,2,9,0,-1,5,7,3,-1,0,0,0,0,4,0,2,1,-1,1,1,52,8,1797,8,15,TOYOTA PRIUS,1,E01015771,0,1
2024430627932,2024,430627932,2,8,0,1,1,-1,-1,9,9,0,-1,0,0,0,2,1,6,6,1,-1,-1,1797,8,7,TOYOTA PRIUS,-1,-1,0,-1
2024041487773,2024,041487773,1,9,0,-1,11,8,4,-1,0,2,0,0,0,0,4,1,-1,1,1,43,7,1797,8,4,TOYOTA PRIUS,2,E01012677,0,1
2024061486999,2024,061486999,1,8,0,-1,6,7,3,-1,0,0,0,0,0,0,4,1,-1,9,1,53,8,1797,8,9,TOYOTA PRIUS,3,E01004878,0,1
2024440503071,2024,440503071,2,8,0,5,5,3,7,0,0,8,0,0,0,0,4,1,1,1,1,65,9,1797,8,10,TOYOTA PRIUS,4,E01017217,0,1
2024211516941,2024,211516941,1,8,0,-1,19,3,7,-1,0,1,0,0,0,0,1,1,-1,1,1,40,7,1797,8,6,TOYOTA PRIUS,-1,-1,0,-1
2024010518971,2024,010518971,1,8,0,99,99,9,9,99,99,9,9,99,9,99,9,9,2,2,1,57,9,1797,8,5,TOYOTA PRIUS,5,E01002613,0,1
2024010508527,2024,010508527,1,9,0,18,19,5,1,0,0,2,0,0,0,0,1,1,6,6,1,60,9,1798,8,11,TOYOTA PRIUS,3,E01004448,0,1
2024041418162,2024,041418162,1,9,0,-1,6,1,5,-1,0,1,0,0,7,2,1,1,-1,1,1,43,7,1797,8,6,TOYOTA PRIUS,1,E01025575,0,3
2024061470697,2024,061470697,3,9,0,-1,19,2,3,-1,0,6,0,0,0,0,1,1,-1,9,1,53,8,1798,8,12,TOYOTA PRIUS,3,E01004834,0,2
2024010537590,2024,010537590,2,9,0,99,99,9,9,99,99,5,9,99,9,99,1,9,6,6,3,-1,-1,1798,8,8,TOYOTA PRIUS,5,E01001259,0,2
2024010529062,2024,010529062,2,8,0,99,99,9,9,99,99,0,9,99,9,99,1,9,6,6,3,-1,-1,1797,8,10,TOYOTA PRIUS,4,E01000029,0,4
2024311478609,2024,311478609,1,9,0,-1,9,1,6,-1,0,8,0,0,0,0,1,1,-1,1,1,25,5,1797,8,6,TOYOTA PRIUS,-1,-1,0,-1
2024010544355,2024,010544355,2,9,0,99,99,9,9,99,99,9,9,99,9,99,1,9,6,6,3,-1,-1,1798,8,11,TOYOTA PRIUS,-1,-1,0,-1
2024010500029,2024,010500029,2,9,0,3,3,5,1,0,0,0,0,0,0,0,4,1,1,1,1,53,8,1798,8,6,TOYOTA PRIUS,3,E01032743,0,3
2024201455923,2024,201455923,2,9,0,-1,19,2,4,-1,0,0,0,0,0,0,1,1,-1,1,1,38,7,1797,8,7,TOYOTA PRIUS,1,E01009153,0,2
2024141518927,2024,141518927,2,9,0,-1,19,5,1,-1,0,1,0,0,0,0,1,1,-1,1,1,43,7,1797,8,14,TOYOTA PRIUS,1,E01008062,0,3
2024461465680,2024,461465680,1,9,0,-1,4,3,7,-1,0,0,0,0,0,0,1,9,-1,6,2,-1,-1,1797,8,14,TOYOTA PRIUS,3,E01016014,0,2
2024061457188,2024,061457188,1,8,0,-1,19,1,5,-1,0,0,0,0,0,0,1,1,-1,6,1,30,6,1797,8,5,TOYOTA PRIUS,1,E01005613,0,2
2024201456434,2024,201456434,1,8,0,-1,4,1,5,-1,0,1,0,0,0,0,1,1,-1,1,1,34,6,1797,8,12,TOYOTA PRIUS,2,E01009630,0,1
2024010507222,2024,010507222,1,9,0,18,19,7,3,0,0,8,0,0,0,0,1,1,1,1,1,52,8,1798,8,7,TOYOTA PRIUS,3,E01002600,0,3
2024311506032,2024,311506032,2,8,0,-1,5,1,5,-1,0,0,0,0,0,0,1,1,-1,1,1,49,8,1798,8,6,TOYOTA PRIUS,-1,-1,0,-1
2024201526171,2024,201526171,2,8,0,-1,5,1,1,-1,0,0,0,0,0,0,2,1,-1,9,1,48,8,1797,8,9,TOYOTA PRIUS,1,E01009025,0,2
2024010499779,2024,010499779,1,8,9,99,99,9,9,99,99,9,9,99,9,99,9,9,6,6,3,-1,-1,1797,8,8,TOYOTA PRIUS,-1,-1,0,-1
2024010494263,2024,010494263,2,9,0,7,7,3,6,0,0,2,0,0,0,0,1,1,1,1,1,52,8,1798,8,8,TOYOTA PRIUS,2,E01001395,0,4
2024131434493,2024,131434493,2,9,0,-1,4,3,1,-1,0,1,0,0,0,0,2,1,-1,9,1,41,7,1797,8,10,TOYOTA PRIUS,4,E01010678,0,1
2024010538998,2024,010538998,1,9,0,18,19,1,5,0,0,1,0,0,0,0,4,1,6,6,1,26,6,1797,8,10,TOYOTA PRIUS,3,E01003387,0,2
2024201429129,2024,201429129,2,8,0,-1,14,6,2,-1,0,8,0,0,0,0,2,1,-1,1,1,62,9,1797,8,9,TOYOTA PRIUS,1,E01010532,0,2
2024061447900,2024,061447900,1,9,0,-1,19,5,1,-1,0,1,0,0,0,0,1,1,-1,9,1,30,6,1497,8,17,TOYOTA PRIUS,1,E01004857,0,1
2024411445033,2024,411445033,2,9,0,-1,19,4,8,-1,0,1,0,0,0,0,1,1,-1,6,1,57,9,1497,8,17,TOYOTA PRIUS,10,E01023553,0,1
2024401432972,2024,401432972,3,9,0,-1,2,0,0,-1,0,0,0,0,0,0,2,1,-1,6,-1,-1,-1,1798,8,12,TOYOTA PRIUS,-1,-1,0,-1
2024340WN5122,2024,340WN5122,1,9,0,-1,9,3,1,-1,0,6,0,0,0,0,1,1,-1,2,2,19,4,1797,8,13,TOYOTA PRIUS,3,E01027228,0,1
2024201466381,2024,201466381,1,9,0,-1,13,6,2,-1,0,8,0,0,0,0,1,1,-1,1,1,35,6,1797,8,4,TOYOTA PRIUS,-1,-1,0,-1
2024201482152,2024,201482152,1,8,0,-1,9,2,6,-1,0,5,0,0,0,0,1,1,-1,1,1,40,7,1798,8,2,TOYOTA PRIUS,-1,-1,0,-1
2024131422836,2024,131422836,2,9,0,-1,2,5,1,-1,-1,0,0,0,0,0,2,1,-1,6,1,44,7,1797,8,10,TOYOTA PRIUS,7,E01027089,0,5
2024311469754,2024,311469754,2,9,0,-1,19,1,7,-1,0,8,0,0,0,0,1,1,-1,1,1,42,7,1496,8,11,TOYOTA PRIUS,3,E01028153,0,2
2024131496306,2024,131496306,2,9,0,-1,19,5,1,-1,0,2,0,0,0,0,1,1,-1,6,1,36,7,1797,8,14,TOYOTA PRIUS,3,E01010597,0,3
2024010537385,2024,010537385,1,9,9,99,99,9,9,99,99,9,9,99,9,99,9,9,6,6,3,-1,-1,1797,8,15,TOYOTA PRIUS,-1,-1,0,-1
2024061474329,2024,061474329,2,9,0,-1,19,8,4,-1,0,1,0,0,0,0,1,1,-1,1,1,33,6,1797,8,12,TOYOTA PRIUS,1,E01005094,0,2
2024010544962,2024,010544962,1,8,0,99,99,9,9,99,99,9,9,99,9,99,2,9,6,6,1,47,8,1800,8,10,TOYOTA PRIUS,2,E01022292,0,5
2024010548908,2024,010548908,1,8,0,18,19,7,3,0,0,1,0,0,0,0,4,1,1,1,1,49,8,1790,8,7,TOYOTA PRIUS,3,E01002049,0,1
2024010506374,2024,010506374,1,9,0,99,99,9,9,99,99,9,9,99,9,99,9,9,6,6,1,46,8,1797,8,13,TOYOTA PRIUS,3,E01001489,0,3
2024010519319,2024,010519319,1,9,0,9,9,2,1,0,0,6,0,0,0,0,1,1,1,1,1,47,8,1798,8,6,TOYOTA PRIUS,5,E01003495,0,2
2024010518750,2024,010518750,1,9,0,5,5,5,1,0,0,5,0,0,0,0,3,1,6,6,1,59,9,1798,8,8,TOYOTA PRIUS,4,E01004019,0,1
2024201522665,2024,201522665,1,9,0,-1,9,8,6,-1,0,5,0,0,0,0,1,1,-1,6,1,-1,-1,1797,8,12,TOYOTA PRIUS,-1,-1,0,-1
202460Q010196,2024,60Q010196,1,9,0,4,4,7,3,0,0,0,0,4,7,11,1,1,6,6,1,87,11,1797,8,5,TOYOTA PRIUS,-1,-1,0,-1
2024041423001,2024,041423001,1,9,0,-1,19,3,7,-1,0,0,0,0,0,0,1,1,-1,1,1,45,7,1497,8,17,TOYOTA PRIUS,1,E01012571,0,1
2024010512111,2024,010512111,4,9,0,2,2,0,0,0,0,2,0,0,0,0,2,1,6,6,3,-1,-1,1497,8,15,TOYOTA PRIUS,-1,-1,0,-1
2024231462232,2024,231462232,3,9,0,-1,19,7,3,-1,0,8,0,0,0,0,4,1,-1,6,1,48,8,1798,8,9,TOYOTA PRIUS,1,E01009517,0,4
2024010539176,2024,010539176,1,8,9,99,99,9,9,99,99,9,9,99,9,99,9,9,1,1,1,36,7,1798,8,9,TOYOTA PRIUS,2,E01004316,0,1
2024131431895,2024,131431895,2,9,0,-1,19,3,7,-1,0,1,0,0,0,0,1,2,-1,6,1,42,7,1497,8,19,TOYOTA PRIUS,1,E01011032,0,1
2024010537843,2024,010537843,2,9,0,9,9,8,5,0,0,1,0,0,0,0,1,1,1,1,1,37,7,1790,8,8,TOYOTA PRIUS,4,E01016498,0,4
2024131495197,2024,131495197,1,9,0,-1,19,5,1,-1,0,1,0,0,0,0,4,1,-1,1,1,57,9,1797,8,11,TOYOTA PRIUS,1,E01010735,0,1
2024010501330,2024,010501330,2,9,0,99,99,9,9,99,99,9,9,99,9,99,1,9,6,6,3,-1,-1,1797,8,6,TOYOTA PRIUS,-1,-1,0,-1
2024201470132,2024,201470132,1,8,0,-1,19,8,4,-1,0,0,0,0,0,0,1,1,-1,6,3,-1,-1,1798,7,10,TOYOTA PRIUS,-1,-1,0,-1
2024010506669,2024,010506669,1,9,0,15,15,3,7,0,0,1,0,0,0,0,1,1,6,6,1,28,6,1798,8,12,TOYOTA PRIUS,5,E01001530,0,1
2024010527055,2024,010527055,2,9,0,9,9,2,8,0,0,1,1,0,0,0,4,1,6,6,2,32,6,1497,8,15,TOYOTA PRIUS,6,E01034597,0,1
2024471423011,2024,471423011,2,9,0,-1,19,2,6,-1,2,8,0,0,0,0,1,1,-1,1,1,39,7,1798,8,7,TOYOTA PRIUS,6,E01016874,0,1
2024010499809,2024,010499809,1,9,0,6,6,1,1,0,0,0,0,0,0,0,3,1,1,1,1,38,7,1798,8,8,TOYOTA PRIUS,-1,-1,0,-1
2024010528173,2024,010528173,1,9,0,7,7,3,4,0,0,1,0,0,0,0,4,1,6,6,1,34,6,1798,8,8,TOYOTA PRIUS,-1,-1,0,-1