collision_index,collision_year,collision_ref_no,vehicle_reference,vehicle_type,towing_and_articulation,vehicle_manoeuvre_historic,vehicle_manoeuvre,vehicle_direction_from,vehicle_direction_to,vehicle_location_restricted_lane_historic,vehicle_location_restricted_lane,junction_location,skidding_and_overturning,hit_object_in_carriageway,vehicle_leaving_carriageway,hit_object_off_carriageway,first_point_of_impact,vehicle_left_hand_drive,journey_purpose_of_driver_historic,journey_purpose_of_driver,sex_of_driver,age_of_driver,age_band_of_driver,engine_capacity_cc,propulsion_code,age_of_vehicle,generic_make_model,driver_imd_decile,lsoa_of_driver,escooter_flag,driver_distance_banding
2024010530953,2024,010530953,1,8,0,18,19,5,1,0,0,0,0,0,0,0,2,1,1,1,1,45,7,1798,8,7,TOYOTA PRIUS,3,E01035710,0,2
2024201420060,2024,201420060,2,9,0,-1,2,0,0,-1,0,0,0,0,0,0,3,1,-1,6,1,34,6,1798,8,7,TOYOTA PRIUS,2,E01009955,0,3
2024061501888,2024,061501888,2,8,0,-1,7,3,1,-1,0,1,0,0,0,0,1,1,-1,2,1,30,6,1798,8,3,TOYOTA PRIUS,-1,-1,0,-1
2024010538982,2024,010538982,3,9,0,2,2,0,0,9,9,0,0,0,0,0,3,1,6,6,3,-1,-1,1497,8,16,TOYOTA PRIUS,-1,-1,0,-1
2024010504829,2024,010504829,2,9,0,18,19,5,1,0,0,8,0,0,0,0,1,1,6,6,3,-1,-1,1497,8,20,TOYOTA PRIUS,-1,-1,0,-1
2024010500095,2024,010500095,1,9,0,15,15,7,3,0,0,2,0,0,0,0,1,1,2,2,1,62,9,1798,8,10,TOYOTA PRIUS,5,E01000071,0,1
2024010512113,2024,010512113,2,9,0,3,3,3,7,0,0,1,0,0,0,0,0,1,1,1,1,55,8,1798,8,5,TOYOTA PRIUS,-1,-1,0,-1
2024010511841,2024,010511841,1,8,0,99,99,9,9,99,99,1,9,99,9,99,1,9,1,1,1,64,9,1798,8,10,TOYOTA PRIUS,2,E01004205,0,2
2024201477260,2024,201477260,1,9,0,-1,1,4,8,-1,0,0,0,0,0,0,2,9,-1,1,1,-1,-1,1790,8,7,TOYOTA PRIUS,-1,-1,0,-1
2024161462266,2024,161462266,2,8,0,-1,19,1,3,-1,0,3,0,0,0,0,1,9,-1,6,1,-1,-1,1797,8,7,TOYOTA PRIUS,-1,-1,0,-1
2024010545162,2024,010545162,1,9,0,3,3,5,1,0,0,1,0,0,0,0,2,1,1,1,1,33,6,1797,8,4,TOYOTA PRIUS,-1,-1,0,-1
2024010524147,2024,010524147,1,9,0,18,19,1,5,9,9,0,0,0,7,1,1,1,6,6,2,30,6,1497,8,16,TOYOTA PRIUS,4,E01003410,0,1
2024010501187,2024,010501187,2,9,0,18,19,7,3,0,0,0,0,4,0,0,2,1,6,6,1,47,8,1497,8,18,TOYOTA PRIUS,2,E01033587,0,1
2024411539297,2024,411539297,1,9,-1,-1,-1,-1,-1,-1,-1,-1,-1,-1,-1,0,1,9,-1,6,1,41,7,1797,8,10,TOYOTA PRIUS,10,E01023664,0,1
2024010512965,2024,010512965,2,8,0,99,99,9,9,99,99,9,9,99,9,99,9,9,6,6,3,-1,-1,1797,8,9,TOYOTA PRIUS,-1,-1,0,-1
2024010507074,2024,010507074,2,9,0,4,4,5,1,0,0,1,0,0,0,0,1,1,6,6,1,54,8,1797,8,15,TOYOTA PRIUS,6,E01003756,0,1
2024010551109,2024,010551109,1,8,0,99,99,9,9,99,99,0,9,99,9,99,2,9,1,1,1,46,8,1798,8,5,TOYOTA PRIUS,6,E01033179,0,5
2024010535301,2024,010535301,2,9,0,99,99,9,9,99,99,9,9,99,9,99,1,9,6,6,3,45,7,1798,8,3,TOYOTA PRIUS,4,E01004495,0,1
2024401461226,2024,401461226,2,9,0,-1,2,0,0,-1,0,0,0,0,0,0,3,1,-1,6,1,22,5,1790,8,5,TOYOTA PRIUS,2,E01015703,0,1
2024010532211,2024,010532211,3,9,0,18,19,1,5,9,9,1,0,0,0,0,4,1,6,6,1,26,6,1497,8,16,TOYOTA PRIUS,5,E01003666,0,1
2024010526398,2024,010526398,2,9,0,18,19,5,1,0,0,3,0,0,0,0,1,1,6,6,1,65,9,1797,8,13,TOYOTA PRIUS,-1,-1,0,-1
2024451533686,2024,451533686,1,9,0,-1,19,1,5,-1,0,0,0,0,0,0,1,1,-1,2,1,62,9,1797,8,14,TOYOTA PRIUS,5,E01030984,0,1
2024010530607,2024,010530607,2,9,0,99,99,9,9,99,99,9,9,99,9,99,1,9,6,6,3,-1,-1,1798,8,11,TOYOTA PRIUS,-1,-1,0,-1
2024010536819,2024,010536819,2,9,0,13,13,1,5,99,99,9,9,99,9,99,1,9,6,6,3,59,9,1798,8,9,TOYOTA PRIUS,3,E01004528,0,2
2024101544498,2024,101544498,2,9,0,-1,19,2,1,-1,0,7,0,0,0,0,1,1,-1,1,1,49,8,1798,8,6,TOYOTA PRIUS,1,E01008730,0,1
2024201468277,2024,201468277,2,9,0,-1,19,4,8,-1,0,8,0,0,0,0,4,1,-1,1,1,51,8,1797,8,11,TOYOTA PRIUS,1,E01010478,0,2
2024201538845,2024,201538845,1,9,0,-1,14,2,6,-1,0,1,0,0,0,0,1,9,-1,1,1,30,6,1797,8,5,TOYOTA PRIUS,2,E01010476,0,2
2024010501776,2024,010501776,2,9,0,18,19,3,7,0,0,1,0,0,0,0,2,1,6,6,1,44,7,1790,8,10,TOYOTA PRIUS,5,E01001686,0,2
2024101428805,2024,101428805,1,8,0,-1,19,5,1,-1,0,0,0,0,0,0,1,1,-1,9,1,62,9,1797,8,5,TOYOTA PRIUS,5,E01027517,0,1
2024010530520,2024,010530520,1,8,0,18,19,1,5,0,0,0,0,0,0,0,3,1,1,1,1,61,9,1798,8,9,TOYOTA PRIUS,4,E01035652,0,3
2024010522888,2024,010522888,2,9,0,18,19,7,3,0,0,8,0,7,7,1,3,1,1,1,1,59,9,1798,8,11,TOYOTA PRIUS,8,E01000363,0,2
2024461431513,2024,461431513,3,9,0,-1,13,7,3,-1,0,0,0,0,0,0,3,1,-1,9,1,53,8,1997,8,10,TOYOTA PRIUS,2,E01034198,0,3
2024332400378,2024,332400378,1,8,0,-1,7,5,7,-1,0,4,0,0,0,0,1,1,-1,6,1,47,8,1790,8,7,TOYOTA PRIUS,4,E01013758,0,1
2024201518419,2024,201518419,2,9,0,-1,19,8,4,-1,0,0,0,0,0,0,2,1,-1,6,1,42,7,1790,8,7,TOYOTA PRIUS,1,E01009488,0,3
2024010504235,2024,010504235,2,9,9,99,99,9,9,99,99,9,9,99,9,99,9,9,6,6,3,-1,-1,1497,8,19,TOYOTA PRIUS,-1,-1,0,-1
2024010522167,2024,010522167,2,9,9,99,99,9,9,99,99,9,9,99,9,99,9,9,6,6,1,45,7,1497,8,15,TOYOTA PRIUS,3,E01035675,0,1
2024010506300,2024,010506300,3,9,0,18,19,5,1,0,0,0,0,0,0,0,1,1,6,6,2,45,7,1800,8,13,TOYOTA PRIUS,9,E01004191,0,1
2024061486691,2024,061486691,1,8,0,-1,19,1,5,-1,0,0,0,0,-1,0,1,9,-1,1,1,-1,-1,1797,8,11,TOYOTA PRIUS,-1,-1,0,-1
2024161444918,2024,161444918,1,9,0,-1,3,7,3,-1,0,0,0,0,0,0,1,1,-1,6,3,-1,-1,1797,8,15,TOYOTA PRIUS,-1,-1,0,-1
2024440329602,2024,440329602,1,9,0,18,19,5,1,0,0,2,0,0,0,0,1,1,1,1,2,43,7,1798,8,9,TOYOTA PRIUS,1,E01017035,0,1
2024302400353,2024,302400353,1,9,0,16,19,3,6,0,0,0,1,0,2,10,1,1,6,6,1,36,7,1497,8,18,TOYOTA PRIUS,4,E01005944,0,2
2024231451903,2024,231451903,1,9,0,-1,5,2,8,-1,0,4,0,0,0,0,1,1,-1,1,1,30,6,1797,8,8,TOYOTA PRIUS,1,E01009612,0,2
2024010508418,2024,010508418,2,9,0,99,99,9,9,99,99,9,9,99,9,99,9,9,6,6,3,-1,-1,1797,8,9,TOYOTA PRIUS,-1,-1,0,-1
2024010536243,2024,010536243,2,9,0,5,5,5,1,0,0,2,0,0,0,0,1,1,6,6,1,24,5,1797,8,11,TOYOTA PRIUS,-1,-1,0,-1
2024010541336,2024,010541336,2,8,0,18,19,1,5,0,0,1,0,0,0,0,2,1,1,1,1,49,8,1797,8,5,TOYOTA PRIUS,7,E01003407,0,3
2024131497537,2024,131497537,4,9,0,-1,2,0,0,-1,0,8,0,0,0,0,2,1,-1,6,-1,-1,-1,1797,8,15,TOYOTA PRIUS,-1,-1,0,-1
2024010490515,2024,010490515,2,9,0,99,99,9,9,99,99,9,9,99,9,99,9,9,6,6,3,-1,-1,1797,8,14,TOYOTA PRIUS,-1,-1,0,-1
2024161434722,2024,161434722,2,9,0,-1,19,3,7,-1,0,1,0,0,0,0,2,1,-1,1,-1,40,7,1798,8,6,TOYOTA PRIUS,2,E01013330,0,3
2024010508276,2024,010508276,1,9,0,18,19,3,7,0,0,0,0,0,0,0,4,1,1,1,1,56,9,1798,8,6,TOYOTA PRIUS,3,E01021764,0,4
2024010508196,2024,010508196,2,9,9,99,99,9,9,99,99,9,9,99,0,0,9,9,6,6,3,31,6,1797,8,6,TOYOTA PRIUS,2,E01003041,0,1
2024201479142,2024,201479142,2,9,0,-1,3,3,5,-1,0,0,0,0,0,0,2,1,-1,9,1,39,7,1797,8,4,TOYOTA PRIUS,1,E01009483,0,1
2024010522694,2024,010522694,1,9,0,99,99,9,9,99,99,9,9,99,9,99,2,9,6,6,3,-1,-1,1797,8,14,TOYOTA PRIUS,3,E01002526,0,3
2024041449497,2024,041449497,1,9,0,-1,19,7,3,-1,0,1,0,0,0,0,2,1,-1,2,1,40,7,1798,8,12,TOYOTA PRIUS,4,E01025187,0,1
2024061529568,2024,061529568,1,9,0,-1,19,1,1,-1,0,0,0,0,0,0,0,2,-1,6,1,30,6,1797,8,4,TOYOTA PRIUS,-1,-1,0,-1
2024332400453,2024,332400453,1,8,0,-1,5,3,7,-1,0,1,0,0,0,0,1,1,-1,1,1,58,9,1798,8,5,TOYOTA PRIUS,-1,-1,0,-1
2024010551309,2024,010551309,2,9,0,2,2,0,0,0,0,8,0,4,0,0,3,1,6,6,3,-1,-1,1797,8,10,TOYOTA PRIUS,-1,-1,0,-1
2024041426970,2024,041426970,1,9,0,-1,5,1,5,-1,0,2,0,0,0,0,2,1,-1,6,1,40,7,1798,8,12,TOYOTA PRIUS,1,E01012657,0,1
2024010551147,2024,010551147,1,9,0,9,9,7,6,0,0,2,0,0,7,2,1,1,1,1,1,52,8,1798,8,9,TOYOTA PRIUS,-1,-1,0,-1
2024461413825,2024,461413825,1,8,0,-1,19,7,3,-1,0,0,0,0,0,0,1,9,-1,9,1,43,7,1797,8,8,TOYOTA PRIUS,2,E01003961,0,4
2024131519377,2024,131519377,2,9,0,-1,-1,-1,-1,-1,-1,0,-1,-1,-1,-1,2,1,-1,6,3,-1,-1,1797,8,14,TOYOTA PRIUS,-1,-1,0,-1
2024010507691,2024,010507691,1,9,0,18,19,3,7,0,0,8,0,0,0,0,1,1,1,1,1,51,8,1798,8,11,TOYOTA PRIUS,6,E01035704,0,2
2024411405176,2024,411405176,1,9,-1,-1,-1,-1,-1,-1,-1,0,-1,-1,-1,0,-1,9,-1,6,1,58,9,1798,8,10,TOYOTA PRIUS,6,E01002111,0,4
2024010508861,2024,010508861,2,9,0,99,99,9,9,99,99,9,9,99,9,99,1,9,6,6,3,-1,-1,1798,8,7,TOYOTA PRIUS,-1,-1,0,-1
2024010501557,2024,010501557,1,9,0,9,9,5,2,0,0,8,0,0,0,0,1,1,1,1,1,48,8,1797,8,13,TOYOTA PRIUS,3,E01004290,0,2
2024991425127,2024,991425127,1,8,0,-1,9,3,1,-1,0,6,0,0,0,0,1,1,-1,9,1,39,7,1798,8,3,TOYOTA PRIUS,1,-1,0,3
2024201406805,2024,201406805,1,9,0,-1,3,6,2,-1,0,0,0,0,0,0,1,1,-1,6,1,42,7,1798,8,8,TOYOTA PRIUS,-1,-1,0,-1
2024471527241,2024,471527241,1,8,0,-1,4,4,2,-1,0,0,0,0,0,0,3,1,-1,1,1,34,6,1797,8,6,TOYOTA PRIUS,5,E01003378,0,4
2024010497241,2024,010497241,1,9,0,99,99,9,9,99,99,9,9,99,9,99,9,9,6,6,1,36,7,1797,8,10,TOYOTA PRIUS,2,E01003313,0,2
2024340WN2562,2024,340WN2562,1,9,0,-1,19,5,1,-1,0,6,0,0,0,0,3,1,-1,9,1,29,6,1800,8,14,TOYOTA PRIUS,2,E01027242,0,1
2024201411414,2024,201411414,2,9,0,-1,3,7,3,-1,0,1,0,0,0,0,1,1,-1,6,1,50,8,1797,8,10,TOYOTA PRIUS,2,E01009994,0,2
2024041413974,2024,041413974,1,9,0,-1,19,5,1,-1,0,1,0,0,0,0,1,1,-1,1,1,41,7,1797,8,14,TOYOTA PRIUS,1,E01025297,0,1
2024010531123,2024,010531123,1,9,0,9,9,6,4,8,6,6,0,0,0,0,1,1,3,7,1,49,8,1791,8,12,TOYOTA PRIUS,3,E01034150,0,1
2024010497655,2024,010497655,2,9,0,16,19,5,1,0,0,1,0,0,0,0,1,2,1,1,1,59,9,1798,8,10,TOYOTA PRIUS,3,E01003539,0,3
2024522402259,2024,522402259,1,9,0,3,3,8,4,0,0,0,0,0,0,0,2,1,6,6,1,44,7,1798,8,7,TOYOTA PRIUS,3,E01033352,0,1
2024622400398,2024,622400398,1,9,0,18,19,6,2,0,0,1,0,0,0,0,1,1,1,1,1,44,7,1798,8,5,TOYOTA PRIUS,9,W01001032,0,1
2024010550360,2024,010550360,1,8,0,99,99,9,9,99,99,9,9,99,9,99,1,9,1,1,1,34,6,1798,8,8,TOYOTA PRIUS,2,E01001001,0,1
2024041520879,2024,041520879,1,9,0,-1,19,3,7,-1,0,0,0,0,0,0,4,1,-1,1,1,38,7,1798,8,2,TOYOTA PRIUS,1,E01012679,0,1
2024302401163,2024,302401163,2,8,0,4,4,5,1,0,0,3,0,0,0,0,4,1,1,1,1,39,7,1798,8,9,TOYOTA PRIUS,1,E01013812,0,4
2024471445792,2024,471445792,1,9,0,-1,9,1,7,-1,0,6,0,0,0,0,3,1,-1,6,1,30,6,1797,8,10,TOYOTA PRIUS,5,E01031788,0,1
2024010506830,2024,010506830,2,8,0,99,99,9,9,99,99,9,9,99,9,99,9,9,6,6,3,-1,-1,1798,8,7,TOYOTA PRIUS,3,E01015788,0,4
2024010487411,2024,010487411,1,9,0,18,19,7,3,0,0,8,0,0,0,0,1,2,6,6,1,46,8,1797,8,9,TOYOTA PRIUS,2,E01002715,0,1
2024070466168,2024,070466168,1,8,0,5,5,3,1,0,0,0,0,0,0,0,4,1,6,6,1,40,7,1797,8,7,TOYOTA PRIUS,4,E01014271,0,4
2024201470339,2024,201470339,1,9,0,-1,9,5,3,-1,0,6,0,0,0,0,1,1,-1,6,1,-1,-1,1797,8,9,TOYOTA PRIUS,-1,-1,0,-1
2024041534845,2024,041534845,2,9,0,-1,19,7,3,-1,0,8,0,0,0,0,1,1,-1,1,1,44,7,1797,8,8,TOYOTA PRIUS,2,E01012580,0,3
2024401429272,2024,401429272,1,9,0,-1,19,4,8,-1,0,0,1,0,0,0,2,1,-1,1,1,48,8,1797,8,5,TOYOTA PRIUS,3,E01015744,0,3
2024522402436,2024,522402436,2,9,0,1,1,5,1,0,0,8,0,0,0,0,2,1,6,6,1,67,10,1497,8,18,TOYOTA PRIUS,10,E01014513,0,1
2024131482537,2024,131482537,3,9,0,-1,3,4,8,-1,0,8,0,0,0,0,2,1,-1,1,1,38,7,1798,8,11,TOYOTA PRIUS,2,E01010673,0,1
2024430127259,2024,430127259,2,9,0,3,3,6,2,0,0,0,0,0,0,0,2,1,6,6,2,53,8,1497,8,19,TOYOTA PRIUS,5,E01016392,0,1
2024401434613,2024,401434613,3,9,0,-1,2,0,0,-1,0,2,0,0,0,0,1,1,-1,6,-1,-1,-1,1798,8,7,TOYOTA PRIUS,-1,-1,0,-1
2024411432082,2024,411432082,2,9,0,-1,3,5,1,-1,0,0,0,0,0,0,2,9,-1,1,1,40,7,1798,8,8,TOYOTA PRIUS,3,E01001089,0,4
2024052400238,2024,052400238,1,9,0,18,19,1,5,0,0,2,0,0,0,0,3,1,6,6,1,-1,-1,1497,8,17,TOYOTA PRIUS,1,E01006705,0,1
2024010523613,2024,010523613,2,9,0,18,19,7,3,0,0,8,0,0,0,0,1,1,1,1,1,41,7,1798,8,6,TOYOTA PRIUS,6,E01003948,0,3
2024010498167,2024,010498167,1,9,0,7,7,7,2,4,4,6,0,0,0,0,1,1,1,1,1,50,8,1798,8,5,TOYOTA PRIUS,6,E01030336,0,4
2024522401242,2024,522401242,1,9,0,3,3,6,2,0,0,1,0,0,0,0,2,1,6,6,1,44,7,1798,8,7,TOYOTA PRIUS,2,E01014683,0,1
2024332401082,2024,332401082,2,9,0,-1,19,4,8,-1,0,0,0,0,0,0,4,1,-1,6,1,-1,-1,1797,8,11,TOYOTA PRIUS,-1,-1,0,-1
2024332400441,2024,332400441,1,9,0,-1,19,5,1,-1,0,0,1,0,1,10,2,1,-1,9,1,45,7,1797,8,8,TOYOTA PRIUS,4,E01013458,0,4
2024070280050,2024,070280050,1,9,0,11,11,1,5,0,0,8,0,0,0,0,4,1,6,6,2,-1,-1,1797,8,13,TOYOTA PRIUS,-1,-1,0,-1
2024010519111,2024,010519111,1,9,0,18,19,5,1,0,0,0,0,0,0,0,1,1,6,6,1,47,8,1497,8,16,TOYOTA PRIUS,5,E01023575,0,4
2024201507102,2024,201507102,1,9,0,-1,5,8,4,-1,0,6,0,0,0,0,1,1,-1,6,1,57,9,1798,8,4,TOYOTA PRIUS,1,E01009322,0,2
2024010541501,2024,010541501,2,9,0,18,19,5,1,0,0,1,0,11,0,0,4,1,6,6,1,20,4,1797,8,8,TOYOTA PRIUS,2,E01034487,0,2
2024010509555,2024,010509555,1,9,0,4,4,7,3,9,9,0,0,0,1,10,1,1,1,1,1,54,8,1797,8,10,TOYOTA PRIUS,1,E01001220,0,3
2024201545228,2024,201545228,2,9,0,-1,8,4,6,-1,0,1,0,0,0,0,2,9,-1,1,1,51,8,1797,8,6,TOYOTA PRIUS,1,E01034934,0,1
2024481507854,2024,481507854,1,8,0,-1,7,1,3,-1,0,8,0,0,0,0,4,1,-1,1,1,32,6,1797,8,8,TOYOTA PRIUS,-1,-1,0,-1
2024131495996,2024,131495996,2,9,0,-1,19,1,5,-1,0,0,0,0,0,0,1,1,-1,1,1,36,7,1797,8,5,TOYOTA PRIUS,3,E01010671,0,3
2024010549984,2024,010549984,2,9,0,99,99,9,9,99,99,9,9,99,9,99,1,9,6,6,1,-1,-1,1797,8,11,TOYOTA PRIUS,5,E01000219,0,2
2024010548344,2024,010548344,2,9,0,18,19,3,7,0,0,0,1,0,1,4,3,1,6,6,1,22,5,1797,8,15,TOYOTA PRIUS,5,E01021820,0,4
2024010505202,2024,010505202,1,9,0,14,14,1,5,0,0,2,0,0,0,0,2,1,6,6,1,51,8,1797,8,13,TOYOTA PRIUS,5,E01002119,0,1
2024010506562,2024,010506562,2,9,0,99,99,9,9,99,99,9,9,99,9,99,1,9,6,6,3,-1,-1,1797,8,13,TOYOTA PRIUS,4,E01000466,0,1
2024430410950,2024,430410950,1,8,0,18,19,2,6,0,0,1,0,0,0,0,1,1,1,1,1,32,6,1798,8,8,TOYOTA PRIUS,10,E01028789,0,3
2024010503429,2024,010503429,2,9,9,99,99,9,9,99,99,9,9,99,9,99,9,9,6,6,3,-1,-1,1798,8,12,TOYOTA PRIUS,-1,-1,0,-1
2024430319769,2024,430319769,2,9,0,1,1,3,7,0,0,0,0,0,0,0,2,1,6,6,3,-1,-1,1497,8,17,TOYOTA PRIUS,-1,-1,0,-1
2024010544900,2024,010544900,1,9,0,18,19,3,7,0,0,0,0,0,0,0,2,1,6,6,1,55,8,1798,8,9,TOYOTA PRIUS,4,E01000039,0,3
2024471406012,2024,471406012,1,9,0,-1,19,7,3,-1,0,0,0,0,0,0,1,1,-1,1,1,44,7,1798,8,10,TOYOTA PRIUS,8,E01020954,0,1
2024010501693,2024,010501693,1,9,0,18,19,1,5,0,0,2,0,0,0,0,1,1,1,1,1,50,8,1798,8,1,TOYOTA PRIUS,3,E01002932,0,1
2024471456424,2024,471456424,2,9,0,-1,19,3,7,-1,0,0,0,0,0,0,3,1,-1,9,2,52,8,1798,8,3,TOYOTA PRIUS,9,E01031625,0,2
2024131463690,2024,131463690,2,9,0,-1,19,5,1,-1,0,0,0,0,0,0,2,1,-1,9,1,57,9,1790,8,6,TOYOTA PRIUS,1,E01025110,0,4
2024010535242,2024,010535242,1,9,0,4,4,1,5,0,0,1,0,0,0,0,2,1,2,2,2,48,8,1497,8,17,TOYOTA PRIUS,8,E01003845,0,1
2024010530891,2024,010530891,1,9,0,9,9,7,5,0,0,2,0,0,0,0,3,1,6,6,1,71,10,1798,8,12,TOYOTA PRIUS,4,E01003562,0,1
2024201529900,2024,201529900,1,8,0,-1,3,2,6,-1,0,1,0,0,0,0,2,1,-1,1,1,52,8,1797,8,9,TOYOTA PRIUS,3,E01009086,0,1
2024201464474,2024,201464474,2,8,0,-1,19,7,4,-1,0,8,0,0,0,0,3,1,-1,1,1,31,6,1797,8,10,TOYOTA PRIUS,1,E01009514,0,4
2024061487276,2024,061487276,1,8,0,-1,19,1,5,-1,0,0,0,0,0,0,1,1,-1,1,1,42,7,1797,8,13,TOYOTA PRIUS,2,E01005565,0,2
2024201456272,2024,201456272,2,8,0,-1,19,5,2,-1,0,8,0,0,0,0,1,1,-1,1,1,48,8,1797,8,8,TOYOTA PRIUS,3,E01010042,0,3
2024440432763,2024,440432763,1,9,0,3,3,3,7,0,0,2,0,0,0,0,2,1,6,6,1,40,7,1797,8,7,TOYOTA PRIUS,5,E01023258,0,1
2024201519720,2024,201519720,1,9,0,-1,19,1,5,-1,0,0,0,0,0,0,1,1,-1,6,1,41,7,1797,8,7,TOYOTA PRIUS,2,E01010526,0,1
2024622400219,2024,622400219,2,8,0,2,2,0,0,0,0,0,0,0,0,0,2,1,6,6,1,36,7,1790,8,9,TOYOTA PRIUS,5,W01001825,0,1
2024010529497,2024,010529497,1,9,0,18,19,8,4,0,0,1,0,0,1,11,3,1,6,6,1,32,6,1798,8,11,TOYOTA PRIUS,5,E01021814,0,4
2024010547915,2024,010547915,1,9,0,18,19,7,3,0,0,8,0,0,0,0,3,1,2,2,1,44,7,1798,8,11,TOYOTA PRIUS,3,E01002493,0,1
2024451502584,2024,451502584,1,9,0,-1,4,1,3,-1,99,8,9,0,0,0,2,1,-1,2,1,31,6,1798,8,12,TOYOTA PRIUS,3,E01002610,0,1
2024161491851,2024,161491851,2,9,0,-1,19,6,2,-1,0,1,0,0,0,0,9,9,-1,6,1,78,11,1798,8,5,TOYOTA PRIUS,6,E01013188,0,1
2024010499557,2024,010499557,1,9,0,99,99,9,9,99,99,9,9,99,9,99,1,9,6,6,3,-1,-1,1798,8,9,TOYOTA PRIUS,-1,-1,0,-1
2024010517758,2024,010517758,1,9,0,3,3,1,5,2,2,6,0,0,0,0,2,1,6,6,1,52,8,1797,8,12,TOYOTA PRIUS,-1,-1,0,-1
2024010545250,2024,010545250,3,9,0,18,19,7,3,0,0,2,0,0,0,0,2,1,6,6,1,47,8,1798,8,11,TOYOTA PRIUS,6,E01000514,0,3
2024451505662,2024,451505662,1,9,0,-1,19,5,1,-1,0,8,0,0,0,0,1,1,-1,6,1,41,7,1797,8,13,TOYOTA PRIUS,9,E01030488,0,1
2024201474241,2024,201474241,1,9,-1,-1,-1,-1,-1,-1,-1,-1,-1,-1,-1,0,-1,9,-1,1,1,-1,-1,1797,8,8,TOYOTA PRIUS,1,E01009303,0,2
2024061442456,2024,061442456,2,8,0,-1,19,1,5,-1,0,1,0,0,0,0,4,1,-1,7,1,39,7,1800,8,8,TOYOTA PRIUS,1,E01005201,0,1
2024010521626,2024,010521626,1,9,0,9,9,4,2,0,0,1,0,0,1,0,1,1,1,1,1,43,7,1798,8,9,TOYOTA PRIUS,8,E01003421,0,3
2024061508848,2024,061508848,1,8,0,-1,10,-1,-1,-1,99,9,0,0,0,0,2,2,-1,9,1,51,8,1797,8,7,TOYOTA PRIUS,3,E01005480,0,1
2024010528935,2024,010528935,1,8,0,18,19,7,3,0,0,8,0,0,0,0,3,1,1,1,1,50,8,1797,8,5,TOYOTA PRIUS,4,E01015722,0,4
2024461525791,2024,461525791,1,9,0,-1,19,8,5,-1,0,0,0,0,7,0,1,1,-1,9,1,32,6,1797,8,13,TOYOTA PRIUS,3,E01002235,0,4
2024010528690,2024,010528690,1,9,0,99,99,9,9,99,99,9,9,99,9,99,2,9,2,2,1,28,6,1797,8,14,TOYOTA PRIUS,6,E01003949,0,1
2024552400769,2024,552400769,2,9,0,16,19,2,4,0,0,0,0,0,0,0,1,1,6,6,2,17,4,1497,8,16,TOYOTA PRIUS,6,E01020398,0,2
2024141394916,2024,141394916,1,9,0,-1,19,6,2,-1,0,0,0,0,0,0,4,9,-1,6,1,56,9,1798,8,9,TOYOTA PRIUS,5,E01008051,0,1
2024311527602,2024,311527602,3,8,0,-1,19,1,5,-1,0,0,0,0,0,0,1,1,-1,6,1,30,6,1798,8,9,TOYOTA PRIUS,-1,-1,0,-1
2024421466226,2024,421466226,2,9,0,-1,19,3,7,-1,0,2,0,0,0,0,4,9,-1,6,1,21,5,1797,8,10,TOYOTA PRIUS,4,E01015959,0,1
2024201456016,2024,201456016,2,9,0,-1,9,8,5,-1,0,8,0,0,0,0,1,9,-1,1,1,56,9,1797,8,9,TOYOTA PRIUS,2,E01009509,0,2
2024430096887,2024,430096887,1,9,0,18,19,4,8,0,0,4,0,0,0,0,1,1,1,1,1,42,7,1797,8,4,TOYOTA PRIUS,4,E01028532,0,1
2024610052024,2024,610052024,1,8,0,4,4,3,7,2,2,0,0,0,0,0,1,1,6,6,1,-1,-1,1797,8,5,TOYOTA PRIUS,4,W01001634,0,1
2024010519013,2024,010519013,2,9,0,99,99,9,9,99,99,6,9,99,9,99,9,9,6,6,3,-1,-1,1497,8,18,TOYOTA PRIUS,2,E01004306,0,1
2024010528083,2024,010528083,2,9,0,2,2,0,0,0,0,1,0,0,0,0,2,1,6,6,3,-1,-1,1497,8,17,TOYOTA PRIUS,-1,-1,0,-1
2024010546054,2024,010546054,1,9,0,6,6,1,1,0,0,1,0,0,0,0,1,1,1,1,1,39,7,1798,8,9,TOYOTA PRIUS,8,E01001564,0,2
2024201490852,2024,201490852,1,9,0,-1,5,5,1,-1,0,4,0,0,0,0,1,1,-1,6,1,58,9,1497,8,17,TOYOTA PRIUS,1,E01009327,0,1
2024201472595,2024,201472595,1,8,0,-1,9,7,5,-1,0,8,0,0,0,0,3,1,-1,1,1,39,7,1798,8,11,TOYOTA PRIUS,2,E01034313,0,1
2024010533194,2024,010533194,1,8,9,99,99,9,9,99,99,9,9,99,9,99,9,9,1,1,1,56,9,1798,8,3,TOYOTA PRIUS,5,E01003757,0,3
2024010504815,2024,010504815,2,9,0,5,5,1,5,0,0,4,0,0,0,0,1,1,6,6,1,39,7,1798,8,7,TOYOTA PRIUS,-1,-1,0,-1
2024201432309,2024,201432309,1,9,0,-1,6,2,6,-1,0,2,0,0,0,0,1,2,-1,6,1,28,6,1797,8,6,TOYOTA PRIUS,3,E01009238,0,1
2024070243710,2024,070243710,2,9,0,17,19,2,5,0,0,8,0,0,0,0,1,1,1,1,1,35,6,1797,8,5,TOYOTA PRIUS,5,E01012478,0,1
2024440170287,2024,440170287,1,9,0,18,19,2,6,0,0,4,0,0,0,0,3,1,3,7,1,48,8,1797,8,4,TOYOTA PRIUS,1,E01017130,0,1
2024201447501,2024,201447501,2,9,0,-1,9,4,2,-1,0,5,0,0,0,0,3,1,-1,6,1,44,7,1797,8,14,TOYOTA PRIUS,1,E01009350,0,1
2024131423630,2024,131423630,1,9,0,-1,19,1,5,-1,0,0,5,0,0,0,1,1,-1,1,1,62,9,1798,8,12,TOYOTA PRIUS,1,E01010679,0,1