collision_index,collision_year,collision_ref_no,vehicle_reference,vehicle_type,towing_and_articulation,vehicle_manoeuvre_historic,vehicle_manoeuvre,vehicle_direction_from,vehicle_direction_to,vehicle_location_restricted_lane_historic,vehicle_location_restricted_lane,junction_location,skidding_and_overturning,hit_object_in_carriageway,vehicle_leaving_carriageway,hit_object_off_carriageway,first_point_of_impact,vehicle_left_hand_drive,journey_purpose_of_driver_historic,journey_purpose_of_driver,sex_of_driver,age_of_driver,age_band_of_driver,engine_capacity_cc,propulsion_code,age_of_vehicle,generic_make_model,driver_imd_decile,lsoa_of_driver,escooter_flag,driver_distance_banding
2024010513604,2024,010513604,1,9,0,17,19,5,3,0,0,2,0,0,0,0,1,2,6,6,1,57,9,1798,8,7,TOYOTA PRIUS,4,E01001002,0,2
2024141523434,2024,141523434,2,9,0,-1,19,3,8,-1,0,1,0,0,0,0,1,1,-1,1,1,35,6,1797,8,4,TOYOTA PRIUS,1,E01007847,0,2
2024041531466,2024,041531466,1,9,0,-1,19,-1,-1,-1,0,1,0,0,0,0,-1,9,-1,6,3,-1,-1,1497,8,15,TOYOTA PRIUS,-1,-1,0,-1
2024010505679,2024,010505679,1,8,0,7,7,7,1,0,0,8,0,0,0,0,1,1,6,6,1,58,9,1798,8,10,TOYOTA PRIUS,4,E01002044,0,1
2024010500449,2024,010500449,1,9,0,9,9,4,3,0,0,1,0,0,0,0,1,1,6,6,1,42,7,1798,8,6,TOYOTA PRIUS,9,W01001944,0,5
2024041536675,2024,041536675,2,9,0,-1,5,3,3,-1,0,1,0,0,0,0,1,1,-1,1,1,41,7,1797,8,4,TOYOTA PRIUS,-1,-1,0,-1
2024010524351,2024,010524351,1,8,0,18,19,1,5,0,0,0,0,0,0,0,1,1,1,1,1,47,8,1797,8,6,TOYOTA PRIUS,2,E01003187,0,1
2024131471681,2024,131471681,2,9,0,-1,19,5,1,-1,0,1,0,0,0,0,4,1,-1,1,1,35,6,1798,8,12,TOYOTA PRIUS,1,E01010723,0,1
2024131393755,2024,131393755,2,9,0,-1,19,5,1,-1,0,0,0,0,1,0,1,1,-1,1,1,52,8,1791,8,12,TOYOTA PRIUS,1,E01010625,0,2
2024010549287,2024,010549287,1,8,0,99,99,9,9,99,99,9,9,99,9,99,3,9,1,1,1,33,6,1797,8,10,TOYOTA PRIUS,3,E01004422,0,2
2024201432604,2024,201432604,2,9,0,-1,19,8,4,-1,0,1,0,0,0,0,3,9,-1,6,1,56,9,1779,8,12,TOYOTA PRIUS,5,E01010223,0,1
2024201552158,2024,201552158,2,9,0,-1,19,1,3,-1,0,1,0,0,0,0,1,1,-1,6,1,35,6,1497,8,18,TOYOTA PRIUS,1,E01010272,0,1
2024411442245,2024,411442245,1,9,0,-1,5,1,5,-1,0,8,0,0,0,0,4,1,-1,6,1,38,7,1797,8,14,TOYOTA PRIUS,7,E01023856,0,1
2024471476460,2024,471476460,1,8,0,-1,19,8,7,-1,0,1,0,0,0,0,1,1,-1,6,1,45,7,1797,8,5,TOYOTA PRIUS,9,E01016999,0,1
2024131395514,2024,131395514,2,9,0,-1,19,7,3,-1,0,1,1,0,0,0,1,1,-1,9,1,44,7,1797,8,13,TOYOTA PRIUS,2,E01010792,0,1
2024231482166,2024,231482166,1,8,0,-1,9,8,5,-1,0,6,0,0,0,0,1,1,-1,6,1,48,8,1797,8,5,TOYOTA PRIUS,3,E01013762,0,4
2024351519180,2024,351519180,2,9,0,-1,19,7,3,-1,0,0,0,0,0,0,1,1,-1,1,1,26,6,1797,8,12,TOYOTA PRIUS,2,E01035543,0,3
2024010497435,2024,010497435,1,9,0,18,19,2,6,0,0,8,0,11,0,0,3,1,6,6,1,27,6,1497,8,15,TOYOTA PRIUS,4,E01000428,0,4
2024010537212,2024,010537212,2,9,0,5,5,5,1,2,2,1,0,0,0,0,1,1,6,6,1,38,7,1798,8,8,TOYOTA PRIUS,2,E01001485,0,1
2024052401174,2024,052401174,2,9,0,2,2,0,0,0,0,0,0,0,0,0,2,1,6,6,3,-1,-1,1798,8,6,TOYOTA PRIUS,-1,-1,0,-1
2024010530729,2024,010530729,1,9,0,12,12,7,3,0,0,1,0,0,0,0,0,1,6,6,3,-1,-1,1798,8,5,TOYOTA PRIUS,-1,-1,0,-1
2024201520794,2024,201520794,1,9,0,-1,19,8,4,-1,0,1,0,10,7,2,3,1,-1,1,1,65,9,1797,8,13,TOYOTA PRIUS,-1,-1,0,-1
2024061536761,2024,061536761,2,9,0,-1,9,6,4,-1,0,2,0,0,0,0,4,9,-1,6,1,43,7,1797,8,2,TOYOTA PRIUS,1,E01005164,0,1
2024010506739,2024,010506739,2,8,0,3,3,5,1,0,0,2,0,0,0,0,1,1,6,6,1,62,9,1797,8,9,TOYOTA PRIUS,3,E01001192,0,1
2024201518948,2024,201518948,4,9,0,-1,5,3,3,-1,0,2,0,0,0,0,2,1,-1,6,1,33,6,1797,8,8,TOYOTA PRIUS,3,E01033893,0,2
2024010497290,2024,010497290,1,9,0,18,19,1,5,0,0,1,0,0,0,0,1,1,1,1,1,24,5,1798,8,11,TOYOTA PRIUS,3,E01001423,0,3
202417S412624,2024,17S412624,2,9,0,-1,19,1,5,-1,0,0,0,0,1,11,3,1,-1,1,1,48,8,1798,8,11,TOYOTA PRIUS,1,E01012288,0,1
2024434011143,2024,434011143,1,8,0,18,19,8,4,0,0,1,0,0,0,0,2,1,6,6,1,38,7,1797,8,9,TOYOTA PRIUS,8,E01016805,0,1
2024010507007,2024,010507007,1,9,0,10,10,1,7,0,0,5,0,0,0,0,1,1,3,7,2,31,6,1798,8,11,TOYOTA PRIUS,1,E01000596,0,1
2024052400490,2024,052400490,1,9,0,18,19,6,2,0,0,1,0,0,0,0,1,1,6,6,1,-1,-1,1790,1,14,TOYOTA PRIUS,-1,-1,0,-1
2024010523764,2024,010523764,1,9,0,3,3,9,9,99,99,1,9,99,9,99,2,9,1,1,1,41,7,1797,8,5,TOYOTA PRIUS,4,E01003776,0,3
2024010510468,2024,010510468,1,8,0,99,99,9,9,99,99,9,9,99,9,99,9,9,1,1,1,44,7,1798,8,9,TOYOTA PRIUS,2,E01001218,0,1
2024010507359,2024,010507359,2,9,0,13,13,8,4,0,0,1,0,0,0,0,4,1,1,1,1,52,8,1798,8,6,TOYOTA PRIUS,6,E01000264,0,4
2024061487389,2024,061487389,2,8,0,-1,19,5,1,-1,0,8,0,0,0,0,4,1,-1,1,1,40,7,1798,8,7,TOYOTA PRIUS,1,E01005065,0,1
2024010509911,2024,010509911,1,8,0,99,99,9,9,99,99,0,9,99,9,99,2,9,1,1,1,64,9,1798,8,6,TOYOTA PRIUS,3,E01001186,0,1
2024141557545,2024,141557545,2,9,0,-1,5,1,5,-1,0,0,0,0,0,0,1,1,-1,6,3,-1,-1,1798,8,5,TOYOTA PRIUS,-1,-1,0,-1
2024201435152,2024,201435152,1,9,0,-1,8,5,8,-1,0,1,0,10,1,0,2,1,-1,6,1,29,6,1797,8,3,TOYOTA PRIUS,-1,-1,0,-1
2024041525729,2024,041525729,2,9,0,-1,19,1,5,-1,0,8,0,0,0,0,3,1,-1,1,1,52,8,1797,8,6,TOYOTA PRIUS,1,E01012641,0,4
2024010511288,2024,010511288,1,9,0,3,3,5,1,0,0,1,0,0,0,0,3,1,1,1,1,66,10,1797,8,10,TOYOTA PRIUS,2,E01033581,0,3
2024010499977,2024,010499977,2,9,0,99,99,9,9,99,99,9,9,99,0,0,9,9,6,6,1,67,10,1798,8,7,TOYOTA PRIUS,4,E01003602,0,1
2024010543323,2024,010543323,1,8,0,18,19,5,1,0,0,0,0,0,0,0,2,1,2,2,1,35,6,1798,8,8,TOYOTA PRIUS,7,E01003643,0,4
2024010517468,2024,010517468,2,9,0,99,99,9,9,99,99,9,9,99,9,99,9,9,6,6,3,-1,-1,1798,8,11,TOYOTA PRIUS,-1,-1,0,-1
2024010526273,2024,010526273,1,9,0,5,5,7,3,0,0,8,0,0,0,0,1,1,6,6,1,36,7,1497,8,17,TOYOTA PRIUS,2,E01001978,0,1
2024010510503,2024,010510503,2,9,0,99,99,9,9,99,99,9,9,99,9,99,1,9,6,6,3,-1,-1,1797,8,15,TOYOTA PRIUS,-1,-1,0,-1
2024010542571,2024,010542571,1,9,0,6,6,1,1,0,0,2,0,0,0,0,1,1,6,6,1,36,7,1797,8,12,TOYOTA PRIUS,8,E01002902,0,1
2024010516789,2024,010516789,2,9,0,9,9,2,7,0,0,1,0,0,0,0,1,1,6,6,1,36,7,1797,8,13,TOYOTA PRIUS,3,E01003491,0,2
2024451520491,2024,451520491,1,9,0,-1,7,5,1,-1,0,6,0,0,0,0,1,9,-1,6,2,30,6,1497,8,19,TOYOTA PRIUS,-1,-1,0,-1
2024311528404,2024,311528404,1,9,0,-1,9,6,4,-1,0,0,0,0,0,0,1,1,-1,6,2,30,6,1797,8,14,TOYOTA PRIUS,4,E01013890,0,1
2024440081881,2024,440081881,1,8,0,18,19,2,6,0,0,8,0,0,0,0,3,1,1,1,1,52,8,1797,8,10,TOYOTA PRIUS,1,E01032755,0,1
2024131497098,2024,131497098,1,9,0,-1,9,8,6,-1,0,6,0,0,0,0,1,1,-1,1,1,32,6,1798,8,3,TOYOTA PRIUS,1,E01011375,0,1
2024010503114,2024,010503114,1,9,0,18,19,7,3,0,0,1,0,0,4,0,1,1,1,1,1,43,7,1797,8,8,TOYOTA PRIUS,2,E01000051,0,2
2024201506040,2024,201506040,1,8,0,-1,19,5,1,-1,0,8,1,0,0,0,1,1,-1,9,1,43,7,1797,8,8,TOYOTA PRIUS,1,E01009204,0,1
2024010524119,2024,010524119,1,9,0,14,14,5,1,0,0,1,0,0,0,0,3,1,1,1,1,43,7,1797,8,7,TOYOTA PRIUS,4,E01016503,0,4
2024010543638,2024,010543638,1,9,0,4,4,5,1,0,0,0,0,0,0,0,4,1,1,1,1,43,7,1798,8,8,TOYOTA PRIUS,4,E01002647,0,4
2024041476268,2024,041476268,2,9,0,-1,4,7,7,-1,0,8,0,0,0,0,3,1,-1,1,1,60,9,1497,8,16,TOYOTA PRIUS,3,E01012587,0,1
2024010500104,2024,010500104,2,9,0,99,99,9,9,99,99,9,9,99,9,99,9,9,6,6,3,-1,-1,1798,8,11,TOYOTA PRIUS,-1,-1,0,-1
2024010533240,2024,010533240,2,9,0,4,4,1,5,0,0,4,0,0,0,0,2,1,6,6,1,79,11,1791,8,12,TOYOTA PRIUS,3,E01033934,0,1
2024131457659,2024,131457659,2,8,0,-1,9,5,3,-1,0,6,0,0,0,0,4,1,-1,1,1,42,7,1798,8,2,TOYOTA PRIUS,1,E01011626,0,1
2024010507051,2024,010507051,1,9,0,18,19,5,1,0,0,8,0,0,3,0,4,1,6,6,3,-1,-1,1497,8,17,TOYOTA PRIUS,-1,-1,0,-1
2024010549082,2024,010549082,1,9,0,99,99,9,9,99,99,9,9,99,9,99,1,9,6,6,1,56,9,1800,8,13,TOYOTA PRIUS,5,E01000255,0,2
2024052401901,2024,052401901,1,8,0,2,2,0,0,0,0,0,0,0,0,0,0,1,1,1,3,-1,-1,1797,8,5,TOYOTA PRIUS,-1,-1,0,-1
2024010544649,2024,010544649,2,9,0,99,99,9,9,99,99,9,9,99,9,99,1,9,6,6,3,-1,-1,1790,8,11,TOYOTA PRIUS,-1,-1,0,-1
2024010500373,2024,010500373,1,9,0,18,19,3,7,0,0,2,0,0,0,0,1,1,1,1,1,65,9,1798,8,6,TOYOTA PRIUS,2,E01004288,0,1
2024010520443,2024,010520443,4,9,0,18,19,6,2,0,0,1,0,0,0,0,0,1,1,1,1,29,6,1798,8,3,TOYOTA PRIUS,-1,-1,0,-1
2024201465216,2024,201465216,1,9,0,-1,9,6,4,-1,0,6,0,0,0,0,1,1,-1,6,1,45,7,1797,8,4,TOYOTA PRIUS,8,E01010161,0,3
2024010506645,2024,010506645,1,8,0,7,7,5,6,0,0,6,0,0,0,0,3,1,1,1,1,53,8,1797,8,10,TOYOTA PRIUS,3,E01001362,0,3
2024010530855,2024,010530855,1,9,0,3,3,6,2,0,0,0,0,0,0,0,2,1,3,7,2,49,8,1797,8,4,TOYOTA PRIUS,2,E01003390,0,1
2024101465096,2024,101465096,1,8,0,-1,14,7,3,-1,0,1,0,0,0,0,4,1,-1,1,1,40,7,1797,8,13,TOYOTA PRIUS,2,E01008690,0,2
2024010537985,2024,010537985,1,9,0,99,99,9,9,99,99,9,9,99,9,99,9,9,1,1,1,50,8,1798,8,7,TOYOTA PRIUS,3,E01001327,0,3
2024401419445,2024,401419445,2,8,0,-1,2,0,0,-1,0,0,0,0,0,0,2,9,-1,1,1,31,6,1798,8,6,TOYOTA PRIUS,8,E01034434,0,1
2024010546518,2024,010546518,1,9,0,5,5,3,7,0,0,1,0,0,0,0,4,1,1,1,1,64,9,1797,8,10,TOYOTA PRIUS,2,E01002843,0,2
2024010507987,2024,010507987,2,9,0,99,99,9,9,99,99,9,9,99,9,99,2,9,6,6,3,-1,-1,1797,8,14,TOYOTA PRIUS,-1,-1,0,-1
2024471395510,2024,471395510,2,9,0,-1,19,4,8,-1,0,0,0,4,0,0,1,1,-1,6,2,31,6,1497,8,15,TOYOTA PRIUS,6,E01021058,0,4
2024010499089,2024,010499089,1,8,0,99,99,9,9,99,99,9,9,99,9,99,1,9,1,1,1,41,7,1798,8,8,TOYOTA PRIUS,4,E01003736,0,4
2024041470712,2024,041470712,1,9,0,-1,7,5,1,-1,0,8,0,0,0,0,3,1,-1,9,1,66,10,1798,8,4,TOYOTA PRIUS,2,E01012580,0,1
2024421485312,2024,421485312,1,8,0,-1,19,7,3,-1,0,0,0,0,0,0,1,1,-1,1,1,48,8,1790,8,7,TOYOTA PRIUS,2,E01016009,0,2
2024010492401,2024,010492401,2,8,0,18,19,7,3,0,0,1,0,0,0,0,3,2,3,7,1,40,7,1797,8,9,TOYOTA PRIUS,2,E01003516,0,1
2024311445485,2024,311445485,3,9,0,-1,2,3,7,-1,0,0,0,0,0,0,4,9,-1,6,1,47,8,1798,8,12,TOYOTA PRIUS,6,E01028372,0,1
2024010550623,2024,010550623,1,9,0,18,19,5,1,0,0,8,0,0,0,0,4,1,1,1,1,61,9,1797,8,5,TOYOTA PRIUS,-1,-1,0,-1
2024041403164,2024,041403164,1,9,0,-1,19,5,1,-1,0,0,0,10,2,0,1,1,-1,2,1,33,6,1798,8,12,TOYOTA PRIUS,4,E01025198,0,1
2024201406954,2024,201406954,1,9,0,-1,19,6,2,-1,0,0,0,0,0,0,4,1,-1,1,1,49,8,1798,8,10,TOYOTA PRIUS,1,E01009886,0,1
2024221525413,2024,221525413,2,8,0,-1,19,3,7,-1,0,0,0,0,0,0,1,1,-1,1,1,34,6,1797,8,10,TOYOTA PRIUS,1,E01009215,0,3
2024010499702,2024,010499702,2,9,0,99,99,9,9,99,99,9,9,99,9,99,9,9,6,6,1,39,7,1798,8,11,TOYOTA PRIUS,1,E01001410,0,1
2024131451869,2024,131451869,1,9,0,-1,12,5,1,-1,0,0,1,0,0,0,3,1,-1,1,1,49,8,1797,8,7,TOYOTA PRIUS,1,E01010701,0,1
2024010506660,2024,010506660,2,8,0,3,3,1,5,0,0,2,0,0,0,0,3,1,6,6,1,42,7,1797,8,5,TOYOTA PRIUS,1,E01002904,0,1
2024010506464,2024,010506464,2,9,0,5,5,9,9,99,99,0,9,99,9,99,9,9,6,6,3,-1,-1,1497,8,16,TOYOTA PRIUS,-1,-1,0,-1
2024061535628,2024,061535628,1,8,0,-1,10,5,3,-1,99,1,0,0,0,0,3,1,-1,2,1,39,7,1798,8,11,TOYOTA PRIUS,1,E01005428,0,1
2024010490314,2024,010490314,1,9,0,18,19,5,1,0,0,3,0,0,0,0,1,1,1,1,1,64,9,1791,8,13,TOYOTA PRIUS,6,E01002371,0,4
2024451494116,2024,451494116,4,9,0,-1,19,5,1,-1,0,0,0,0,0,0,3,1,-1,9,1,78,11,1797,8,14,TOYOTA PRIUS,9,E01030642,0,1
2024010531098,2024,010531098,1,9,0,3,3,5,1,0,0,0,0,0,0,0,2,1,1,1,1,34,6,1797,8,7,TOYOTA PRIUS,8,E01035601,0,4
2024201518317,2024,201518317,2,8,0,-1,9,7,3,-1,0,6,0,10,7,0,1,1,-1,1,1,49,8,1797,8,5,TOYOTA PRIUS,1,E01008996,0,1
2024061505897,2024,061505897,1,9,0,-1,3,-1,-1,-1,99,0,0,0,0,0,1,1,-1,6,1,61,9,1797,8,6,TOYOTA PRIUS,9,E01006091,0,3
2024010550605,2024,010550605,1,9,0,18,19,5,1,0,0,1,0,0,1,4,3,1,6,6,1,23,5,1797,8,9,TOYOTA PRIUS,2,E01000126,0,1
2024010540471,2024,010540471,1,8,0,99,99,9,9,99,99,5,9,99,9,99,1,9,1,1,1,59,9,1797,8,5,TOYOTA PRIUS,8,E01024416,0,4
2024421509320,2024,421509320,1,9,0,-1,1,5,1,-1,0,1,0,0,0,0,2,1,-1,6,1,-1,-1,1798,8,7,TOYOTA PRIUS,-1,-1,0,-1
2024010522893,2024,010522893,1,9,0,18,19,1,5,0,0,7,0,0,0,0,1,1,1,1,1,56,9,1797,8,5,TOYOTA PRIUS,-1,-1,0,-1
2024461497168,2024,461497168,2,9,0,-1,3,5,1,-1,0,0,0,0,0,0,2,1,-1,9,1,69,10,1798,8,11,TOYOTA PRIUS,2,E01003503,0,3
2024010529287,2024,010529287,2,9,0,3,3,5,1,0,0,4,0,0,0,0,1,1,6,6,1,56,9,1798,8,9,TOYOTA PRIUS,-1,-1,0,-1
2024010508643,2024,010508643,3,9,0,18,19,5,1,0,0,1,0,0,0,0,1,2,1,1,1,50,8,1797,8,7,TOYOTA PRIUS,3,E01004257,0,1
2024010541669,2024,010541669,1,9,0,14,14,1,5,0,0,1,0,0,0,0,4,1,6,6,1,17,4,1798,8,7,TOYOTA PRIUS,2,E01001409,0,2
2024041524149,2024,041524149,3,9,0,-1,19,6,2,-1,0,0,0,0,0,0,2,1,-1,9,1,36,7,1797,8,4,TOYOTA PRIUS,1,E01025236,0,1
2024010542844,2024,010542844,2,9,0,99,99,9,9,99,99,9,9,99,9,99,1,9,6,6,3,-1,-1,1797,8,15,TOYOTA PRIUS,-1,-1,0,-1
2024010525642,2024,010525642,2,9,0,99,99,9,9,99,99,9,9,99,9,99,1,9,6,6,3,-1,-1,1797,8,13,TOYOTA PRIUS,5,E01001037,0,1
2024010499239,2024,010499239,1,9,0,4,4,1,5,0,0,6,0,0,0,0,1,1,3,7,2,44,7,1797,8,14,TOYOTA PRIUS,2,E01003591,0,1
2024010542708,2024,010542708,2,9,0,18,19,3,7,6,6,3,0,0,1,0,1,1,6,6,1,37,7,1798,8,7,TOYOTA PRIUS,2,E01000422,0,1
2024010532964,2024,010532964,1,9,0,13,13,5,1,0,0,0,0,0,0,0,1,1,6,6,1,38,7,1797,8,8,TOYOTA PRIUS,4,E01004303,0,2
2024010497497,2024,010497497,2,8,0,3,3,4,8,0,0,0,0,0,0,0,2,1,1,1,1,41,7,1797,8,7,TOYOTA PRIUS,6,E01001271,0,3
2024610048024,2024,610048024,1,8,0,1,1,8,4,0,0,0,0,0,0,0,2,1,1,1,1,44,7,1797,8,14,TOYOTA PRIUS,6,W01001613,0,1
2024061499060,2024,061499060,2,9,0,-1,9,-1,-1,-1,0,9,0,0,0,0,3,1,-1,6,1,-1,-1,1797,8,10,TOYOTA PRIUS,-1,-1,0,-1
2024061474075,2024,061474075,2,9,0,-1,4,-1,-1,-1,0,9,0,0,0,0,2,1,-1,1,1,39,7,1798,8,11,TOYOTA PRIUS,3,E01005761,0,1
2024041396924,2024,041396924,1,9,0,-1,19,5,1,-1,0,0,0,0,0,0,1,1,-1,7,2,38,7,1797,8,14,TOYOTA PRIUS,4,E01012729,0,1
2024010504775,2024,010504775,1,9,0,18,19,3,7,0,0,8,0,0,0,0,3,1,1,1,1,45,7,1797,8,6,TOYOTA PRIUS,1,E01001811,0,1
2024052500068,2024,052500068,1,8,0,18,19,6,2,0,0,8,0,0,0,0,3,1,1,1,1,30,6,1797,8,7,TOYOTA PRIUS,1,E01034401,0,1
2024010551210,2024,010551210,1,9,9,99,99,9,9,99,99,9,9,99,9,99,1,9,6,6,3,-1,-1,1798,8,12,TOYOTA PRIUS,-1,-1,0,-1
2024010518586,2024,010518586,2,9,0,6,6,1,1,0,0,2,0,0,0,0,1,1,6,6,1,14,3,1800,8,13,TOYOTA PRIUS,9,E01004191,0,1
2024421393680,2024,421393680,3,9,0,-1,19,5,2,-1,0,0,0,0,0,0,1,1,-1,1,1,52,8,1797,8,4,TOYOTA PRIUS,3,E01003069,0,4
2024010513769,2024,010513769,2,9,0,2,2,0,0,0,0,1,0,0,0,0,1,1,6,6,3,-1,-1,1798,8,12,TOYOTA PRIUS,-1,-1,0,-1
2024430480025,2024,430480025,1,9,0,12,12,1,5,0,0,0,0,0,0,0,2,1,6,6,1,31,6,1797,8,13,TOYOTA PRIUS,5,E01017923,0,4
2024010492081,2024,010492081,1,9,0,18,19,1,5,0,0,1,0,0,0,0,1,1,6,6,2,41,7,1797,8,9,TOYOTA PRIUS,1,E01002026,0,1
2024010495221,2024,010495221,1,9,0,4,4,7,3,0,0,1,0,0,0,0,1,1,6,6,1,59,9,1797,8,14,TOYOTA PRIUS,-1,-1,0,-1
2024061395686,2024,061395686,2,8,0,-1,9,1,4,-1,0,1,0,0,0,0,1,1,-1,1,1,51,8,1797,8,10,TOYOTA PRIUS,-1,-1,0,-1
2024052401340,2024,052401340,1,8,0,16,19,1,5,0,0,1,0,0,0,0,1,1,1,1,1,40,7,1798,8,7,TOYOTA PRIUS,1,E01005205,0,4
2024131428756,2024,131428756,1,8,0,-1,19,3,7,-1,0,8,0,0,0,0,3,1,-1,1,1,31,6,1797,8,8,TOYOTA PRIUS,2,E01010738,0,1
2024501400738,2024,501400738,2,9,0,-1,19,8,4,-1,0,1,0,0,0,0,1,1,-1,6,1,38,7,1497,8,19,TOYOTA PRIUS,9,E01015105,0,1
2024501496756,2024,501496756,4,8,0,-1,2,3,7,-1,0,2,0,0,0,0,2,1,-1,6,-1,-1,-1,1797,8,14,TOYOTA PRIUS,-1,-1,0,-1
2024061442357,2024,061442357,1,9,-1,-1,-1,-1,-1,-1,-1,0,-1,-1,-1,0,-1,9,-1,6,3,-1,-1,1497,8,20,TOYOTA PRIUS,-1,-1,0,-1
2024010558830,2024,010558830,1,8,0,99,99,9,9,99,99,9,9,99,9,99,2,9,1,1,1,65,9,1798,8,8,TOYOTA PRIUS,2,E01001479,0,2
2024201429367,2024,201429367,1,9,0,-1,4,4,2,-1,0,2,0,0,0,0,2,1,-1,9,1,24,5,1497,8,17,TOYOTA PRIUS,2,E01034952,0,1
2024411495585,2024,411495585,1,8,0,-1,9,1,7,-1,0,1,0,0,0,0,3,1,-1,1,1,52,8,1797,8,10,TOYOTA PRIUS,7,E01003416,0,4
2024010530302,2024,010530302,2,9,0,99,99,9,9,99,99,9,9,99,9,99,9,9,6,6,3,-1,-1,1797,8,10,TOYOTA PRIUS,-1,-1,0,-1
2024451492176,2024,451492176,1,8,0,-1,19,-1,-1,-1,0,8,0,4,0,0,1,1,-1,1,3,40,7,1797,8,6,TOYOTA PRIUS,-1,-1,0,-1
2024421446556,2024,421446556,1,9,0,-1,19,1,5,-1,0,2,0,0,0,0,4,1,-1,6,1,58,9,1497,8,18,TOYOTA PRIUS,2,E01021576,0,1
2024010538605,2024,010538605,1,9,0,14,14,5,1,0,0,1,0,0,0,0,0,1,6,6,1,-1,-1,1798,8,9,TOYOTA PRIUS,2,E01004469,0,2
2024010532193,2024,010532193,2,9,0,99,99,9,9,99,99,9,9,99,9,99,2,9,6,6,2,32,6,1797,8,14,TOYOTA PRIUS,3,E01003143,0,1
2024061463361,2024,061463361,1,9,0,-1,19,7,3,-1,0,0,0,0,0,0,1,1,-1,1,1,43,7,1797,8,13,TOYOTA PRIUS,2,E01005470,0,3
2024010536566,2024,010536566,2,8,0,99,99,9,9,99,99,0,9,99,9,99,9,9,6,6,3,-1,-1,1798,8,7,TOYOTA PRIUS,-1,-1,0,-1
2024131508121,2024,131508121,1,9,0,-1,5,7,3,-1,0,8,0,0,0,0,3,1,-1,6,3,-1,-1,1797,8,6,TOYOTA PRIUS,-1,-1,0,-1
2024010539405,2024,010539405,1,9,0,18,19,7,3,0,0,3,0,0,0,0,1,1,2,2,1,56,9,1797,8,13,TOYOTA PRIUS,3,E01001371,0,1
2024010536164,2024,010536164,1,9,0,18,19,3,7,0,0,1,0,0,0,0,1,1,1,1,1,49,8,1798,8,12,TOYOTA PRIUS,-1,-1,0,-1
2024010504395,2024,010504395,2,9,0,99,99,9,9,99,99,0,9,99,9,99,1,9,6,6,1,26,6,1497,8,17,TOYOTA PRIUS,5,E01002607,0,2
2024041516690,2024,041516690,1,9,0,-1,19,7,3,-1,0,0,0,0,0,0,1,1,-1,1,1,52,8,1797,8,14,TOYOTA PRIUS,1,E01025185,0,4
2024061432930,2024,061432930,1,9,-1,-1,-1,-1,-1,-1,-1,-1,-1,-1,-1,0,-1,9,-1,6,1,34,6,1797,8,6,TOYOTA PRIUS,1,E01004812,0,1
2024061444252,2024,061444252,1,9,0,-1,1,3,7,-1,0,1,0,0,0,0,2,2,-1,1,1,-1,-1,1497,8,19,TOYOTA PRIUS,3,E01004766,0,2
2024041470789,2024,041470789,1,9,0,-1,19,1,5,-1,0,0,1,0,0,0,3,1,-1,1,1,43,7,1797,8,14,TOYOTA PRIUS,1,E01034336,0,1
2024010548879,2024,010548879,1,9,0,9,9,1,7,0,0,2,0,0,0,0,1,1,6,6,2,41,7,1797,8,15,TOYOTA PRIUS,7,E01004635,0,1
2024201510883,2024,201510883,2,8,0,-1,19,3,7,-1,0,0,0,0,0,0,2,1,-1,6,1,50,8,1797,8,4,TOYOTA PRIUS,-1,-1,0,-1
2024010545010,2024,010545010,5,9,0,18,19,3,7,0,0,2,0,0,0,0,3,1,6,6,1,28,6,1497,8,18,TOYOTA PRIUS,3,E01000009,0,3
2024061403652,2024,061403652,1,9,-1,-1,-1,-1,-1,-1,-1,0,-1,-1,-1,0,-1,9,-1,6,3,-1,-1,1798,8,8,TOYOTA PRIUS,-1,-1,0,-1
2024201483357,2024,201483357,1,8,0,-1,7,6,8,-1,0,5,0,0,0,0,4,1,-1,1,1,54,8,1798,8,9,TOYOTA PRIUS,1,E01009361,0,1
2024131516582,2024,131516582,1,9,0,-1,7,2,2,-1,0,8,0,0,0,0,3,1,-1,1,1,44,7,1797,8,4,TOYOTA PRIUS,2,E01010929,0,1
2024010529223,2024,010529223,1,9,0,99,99,9,9,99,99,9,9,99,9,99,2,9,1,1,1,62,9,1798,8,10,TOYOTA PRIUS,3,E01000510,0,3
2024401431819,2024,401431819,2,8,-1,-1,-1,-1,-1,-1,-1,0,-1,-1,-1,0,1,9,-1,2,1,28,6,1798,8,9,TOYOTA PRIUS,3,E01015781,0,1
2024161510483,2024,161510483,1,9,0,-1,19,5,5,-1,0,1,0,0,0,0,4,1,-1,6,1,31,6,1798,8,6,TOYOTA PRIUS,6,E01033296,0,2
2024010533056,2024,010533056,1,9,0,99,99,9,9,0,0,8,0,99,9,99,1,9,6,6,2,53,8,1797,8,10,TOYOTA PRIUS,7,E01002181,0,1
2024010512565,2024,010512565,1,8,0,18,19,9,9,99,99,1,9,99,9,99,1,9,6,6,3,53,8,1797,8,10,TOYOTA PRIUS,5,E01015768,0,4
2024010520390,2024,010520390,1,9,0,1,1,7,3,0,0,0,0,0,0,0,2,1,1,1,1,52,8,1790,8,8,TOYOTA PRIUS,3,E01001215,0,1
2024631469635,2024,631469635,1,9,0,-1,19,5,2,-1,0,0,5,0,1,11,1,1,-1,9,2,74,10,1798,8,9,TOYOTA PRIUS,10,E01013337,0,5
2024010508023,2024,010508023,1,8,0,99,99,9,9,99,99,9,9,99,9,99,2,9,1,1,1,34,6,1798,8,7,TOYOTA PRIUS,5,E01002449,0,1
2024201467550,2024,201467550,1,8,0,-1,1,5,1,-1,0,5,0,0,0,0,1,1,-1,6,1,42,7,1797,8,7,TOYOTA PRIUS,5,E01010160,0,1