collision_index,collision_year,collision_ref_no,vehicle_reference,vehicle_type,towing_and_articulation,vehicle_manoeuvre_historic,vehicle_manoeuvre,vehicle_direction_from,vehicle_direction_to,vehicle_location_restricted_lane_historic,vehicle_location_restricted_lane,junction_location,skidding_and_overturning,hit_object_in_carriageway,vehicle_leaving_carriageway,hit_object_off_carriageway,first_point_of_impact,vehicle_left_hand_drive,journey_purpose_of_driver_historic,journey_purpose_of_driver,sex_of_driver,age_of_driver,age_band_of_driver,engine_capacity_cc,propulsion_code,age_of_vehicle,generic_make_model,driver_imd_decile,lsoa_of_driver,escooter_flag,driver_distance_banding
2024010512971,2024,010512971,2,9,0,99,99,9,9,99,99,9,9,99,9,99,9,9,6,6,3,-1,-1,1497,8,17,TOYOTA PRIUS,-1,-1,0,-1
2024010540933,2024,010540933,1,8,0,4,4,1,5,0,0,1,0,0,0,0,3,1,1,1,1,41,7,1798,8,8,TOYOTA PRIUS,5,E01003784,0,2
2024201412453,2024,201412453,2,8,0,-1,19,5,1,-1,0,0,1,0,0,0,2,1,-1,1,1,37,7,1797,8,10,TOYOTA PRIUS,1,E01009350,0,1
2024201513004,2024,201513004,2,9,0,-1,3,5,1,-1,0,1,0,0,0,0,1,9,-1,6,3,-1,-1,1797,8,15,TOYOTA PRIUS,1,E01010342,0,1
2024351477657,2024,351477657,1,8,0,-1,5,1,7,-1,0,6,0,0,0,0,3,1,-1,1,1,51,8,1798,8,8,TOYOTA PRIUS,6,E01017997,0,1
2024061414229,2024,061414229,1,9,-1,-1,-1,-1,-1,-1,-1,0,-1,-1,-1,0,-1,9,-1,6,3,-1,-1,1497,8,19,TOYOTA PRIUS,-1,-1,0,-1
2024010523343,2024,010523343,2,9,9,18,19,9,9,99,99,0,9,99,9,99,9,9,6,6,1,-1,-1,1797,8,5,TOYOTA PRIUS,3,E01000315,0,3
2024201403397,2024,201403397,1,8,0,-1,19,3,7,-1,0,0,0,0,0,0,1,9,-1,6,1,45,7,1797,8,8,TOYOTA PRIUS,3,E01009089,0,3
2024010525083,2024,010525083,1,9,0,99,99,9,9,99,99,9,9,99,9,99,2,9,6,6,3,-1,-1,1798,8,7,TOYOTA PRIUS,-1,-1,0,-1
2024131445775,2024,131445775,1,9,0,-1,19,6,2,-1,0,0,0,0,0,0,1,1,-1,1,1,40,7,1797,8,10,TOYOTA PRIUS,1,E01011869,0,1
2024070509079,2024,070509079,1,9,0,18,19,6,4,0,0,0,0,0,0,0,0,1,6,6,2,49,8,1798,8,12,TOYOTA PRIUS,7,E01012540,0,1
2024201410232,2024,201410232,1,8,0,-1,5,8,4,-1,0,0,0,0,0,0,3,9,-1,1,1,51,8,1798,8,8,TOYOTA PRIUS,-1,-1,0,-1
2024010517524,2024,010517524,2,9,0,10,10,1,6,0,0,5,0,0,0,0,4,1,1,1,1,60,9,1798,8,2,TOYOTA PRIUS,6,E01001870,0,2
2024010535005,2024,010535005,1,9,0,2,2,0,0,9,9,0,0,0,0,0,4,1,6,6,3,-1,-1,1797,8,11,TOYOTA PRIUS,-1,-1,0,-1
2024461545412,2024,461545412,2,9,0,-1,19,7,3,-1,0,8,0,0,0,0,3,2,-1,9,1,28,6,1798,8,12,TOYOTA PRIUS,5,E01035283,0,1
2024610054624,2024,610054624,2,8,0,18,19,5,1,0,0,0,0,0,0,0,3,1,1,1,1,-1,-1,1798,8,6,TOYOTA PRIUS,1,W01001741,0,3
2024461434936,2024,461434936,1,9,0,-1,5,3,7,-1,0,8,0,0,0,0,1,1,-1,2,1,26,6,1797,8,11,TOYOTA PRIUS,5,E01001648,0,3
2024010506240,2024,010506240,2,9,9,99,99,9,9,99,99,0,9,99,9,99,9,9,6,6,1,55,8,1797,8,9,TOYOTA PRIUS,3,E01034218,0,1
2024010533671,2024,010533671,1,9,0,5,5,7,3,8,6,6,0,0,0,0,4,1,1,1,1,42,7,1797,8,14,TOYOTA PRIUS,6,E01002182,0,2
2024010551186,2024,010551186,1,9,0,-1,-1,3,7,0,0,8,0,0,0,0,3,1,6,6,1,44,7,1798,8,7,TOYOTA PRIUS,6,E01024136,0,4
2024010549380,2024,010549380,2,9,0,18,19,7,3,0,0,0,0,0,0,0,2,1,1,1,1,55,8,1797,8,6,TOYOTA PRIUS,-1,-1,0,-1
2024052400594,2024,052400594,1,8,0,1,1,5,1,0,0,0,0,0,0,0,2,1,1,1,1,58,9,1798,8,4,TOYOTA PRIUS,1,E01006871,0,1
2024010517486,2024,010517486,2,9,0,99,99,9,9,99,99,9,9,99,9,99,9,9,6,6,3,-1,-1,1797,8,10,TOYOTA PRIUS,-1,-1,0,-1
2024430180627,2024,430180627,1,9,0,18,19,8,4,0,0,0,0,0,0,0,1,1,1,1,1,37,7,1798,8,9,TOYOTA PRIUS,6,E01017925,0,1
2024061506946,2024,061506946,1,8,0,-1,20,1,5,-1,9,2,0,11,1,0,3,1,-1,6,2,46,8,1798,8,6,TOYOTA PRIUS,-1,-1,0,-1
2024010519871,2024,010519871,1,9,0,5,5,0,5,9,9,0,0,7,0,0,3,1,3,7,1,65,9,1797,8,11,TOYOTA PRIUS,2,E01000526,0,1
2024010529879,2024,010529879,1,9,0,99,99,9,9,99,99,9,9,99,9,99,2,9,6,6,1,47,8,1497,8,17,TOYOTA PRIUS,7,E01003738,0,1
2024010528544,2024,010528544,1,9,0,9,9,7,5,0,0,2,0,0,0,0,3,1,1,1,1,47,8,1797,8,10,TOYOTA PRIUS,5,E01003739,0,1
2024010501648,2024,010501648,1,9,0,17,19,7,3,0,0,1,0,0,0,0,1,2,6,6,1,39,7,1798,8,10,TOYOTA PRIUS,6,E01001352,0,1
2024111440393,2024,111440393,1,9,0,-1,19,1,5,-1,0,0,0,0,0,0,1,1,-1,6,2,36,7,1790,8,11,TOYOTA PRIUS,4,E01034495,0,3
2024991502846,2024,991502846,1,9,0,-1,19,7,3,-1,2,8,0,0,0,0,1,1,-1,9,2,29,6,1797,8,11,TOYOTA PRIUS,-1,-1,0,-1
2024010497415,2024,010497415,2,9,0,99,99,9,9,99,99,9,9,99,9,99,9,9,6,6,3,-1,-1,1797,8,11,TOYOTA PRIUS,-1,-1,0,-1
2024451504160,2024,451504160,2,9,0,-1,9,8,4,-1,0,8,0,0,0,0,3,1,-1,1,1,33,6,1798,8,3,TOYOTA PRIUS,4,E01030793,0,1
2024010544155,2024,010544155,1,9,0,99,99,9,9,99,99,9,9,99,9,99,1,9,6,6,3,-1,-1,1798,8,6,TOYOTA PRIUS,-1,-1,0,-1
2024061474238,2024,061474238,1,9,0,-1,19,2,6,-1,0,1,0,0,0,0,1,1,-1,6,1,52,8,1497,8,16,TOYOTA PRIUS,1,E01005564,0,3
2024430389148,2024,430389148,1,9,0,9,9,6,8,0,0,6,0,0,0,0,1,1,6,6,1,-1,-1,1497,8,17,TOYOTA PRIUS,-1,-1,0,-1
2024451403026,2024,451403026,1,9,0,-1,7,8,5,-1,0,5,0,0,0,0,1,1,-1,7,2,29,6,1791,8,12,TOYOTA PRIUS,10,E01030375,0,1
2024010497702,2024,010497702,1,9,0,99,99,9,9,99,99,9,9,99,9,99,2,9,6,6,1,68,10,1497,8,17,TOYOTA PRIUS,3,E01003552,0,1
2024010509578,2024,010509578,2,9,0,9,9,2,8,0,0,5,0,0,0,0,1,1,1,1,1,38,7,1797,8,10,TOYOTA PRIUS,2,E01001625,0,2
2024211526136,2024,211526136,1,8,-1,-1,-1,-1,-1,-1,-1,-1,-1,-1,-1,0,-1,9,-1,1,1,50,8,1797,8,6,TOYOTA PRIUS,3,E01029408,0,1
2024010532459,2024,010532459,2,9,0,3,3,5,1,0,0,2,0,0,0,0,2,1,1,1,1,56,9,1798,8,9,TOYOTA PRIUS,2,E01004615,0,1
2024430494492,2024,430494492,2,8,0,9,9,7,5,0,0,4,0,0,0,0,4,1,1,1,1,47,8,1798,8,4,TOYOTA PRIUS,-1,-1,0,-1
2024010512130,2024,010512130,3,9,0,4,4,3,7,0,0,1,0,0,0,0,2,1,1,1,1,36,7,1797,8,10,TOYOTA PRIUS,1,E01015932,0,2
2024311426318,2024,311426318,1,9,0,-1,19,5,1,-1,0,0,0,4,0,0,3,1,-1,1,2,47,8,1797,8,14,TOYOTA PRIUS,-1,-1,0,-1
2024430330329,2024,430330329,1,8,0,6,6,9,9,0,0,0,0,0,0,0,3,1,1,1,1,32,6,1790,8,6,TOYOTA PRIUS,-1,-1,0,-1
2024471458466,2024,471458466,1,8,9,-1,19,6,3,-1,0,8,0,0,0,0,4,1,-1,6,1,37,7,1798,8,8,TOYOTA PRIUS,8,E01016903,0,1
2024010511353,2024,010511353,1,8,0,99,99,9,9,99,99,9,9,99,9,99,9,9,2,2,1,49,8,1798,8,6,TOYOTA PRIUS,2,E01004249,0,2
2024451537745,2024,451537745,2,9,0,-1,2,7,3,-1,0,0,0,0,0,0,3,1,-1,1,1,49,8,1797,8,5,TOYOTA PRIUS,3,E01002623,0,2
2024070733194,2024,070733194,2,9,0,-1,9,3,1,-1,0,8,0,0,0,0,3,1,-1,6,1,29,6,1798,8,12,TOYOTA PRIUS,7,E01012561,0,1
2024010500474,2024,010500474,1,9,0,18,19,1,5,0,0,0,0,0,0,0,1,1,6,6,1,54,8,1797,8,14,TOYOTA PRIUS,3,E01000502,0,1
2024010527921,2024,010527921,2,9,0,3,3,5,1,0,0,1,0,0,0,0,2,1,1,1,1,36,7,1798,8,8,TOYOTA PRIUS,3,E01004235,0,2
2024061434517,2024,061434517,1,8,0,-1,9,7,5,-1,0,8,0,0,0,0,1,1,-1,1,1,44,7,1798,8,6,TOYOTA PRIUS,1,E01004958,0,3
2024010549426,2024,010549426,2,9,0,99,99,9,9,99,99,9,9,99,9,99,9,9,6,6,1,-1,-1,1797,8,4,TOYOTA PRIUS,-1,-1,0,-1
2024430061738,2024,430061738,2,8,0,18,19,2,6,0,0,8,0,0,0,0,4,1,1,1,1,44,7,1798,8,10,TOYOTA PRIUS,9,E01033503,0,1
2024211522412,2024,211522412,2,8,0,-1,19,5,4,-1,0,0,0,0,0,0,1,1,-1,6,1,57,9,1798,8,9,TOYOTA PRIUS,2,E01014248,0,1
2024131446850,2024,131446850,1,9,0,-1,7,5,1,-1,0,1,0,0,0,0,1,1,-1,1,1,51,8,1797,8,13,TOYOTA PRIUS,2,E01033898,0,1
2024010508786,2024,010508786,1,9,0,9,9,5,2,0,0,8,0,0,0,0,1,1,1,1,1,50,8,1797,8,10,TOYOTA PRIUS,5,E01001150,0,3
2024201434125,2024,201434125,2,8,0,-1,19,5,1,-1,0,0,1,0,0,0,4,9,-1,1,1,52,8,1797,8,5,TOYOTA PRIUS,1,E01034934,0,1
2024010524699,2024,010524699,2,9,0,99,99,9,9,99,99,5,9,99,9,99,1,9,6,6,3,-1,-1,1797,8,6,TOYOTA PRIUS,-1,-1,0,-1
2024010527902,2024,010527902,2,9,0,18,19,4,8,0,0,2,0,0,0,0,1,1,6,6,1,-1,-1,1497,8,17,TOYOTA PRIUS,2,E01003252,0,1
2024610037124,2024,610037124,1,8,0,18,19,7,3,0,0,0,0,0,0,0,4,1,1,1,2,38,7,1797,8,14,TOYOTA PRIUS,6,W01001613,0,1
2024010500989,2024,010500989,1,9,0,4,4,1,5,4,4,0,0,0,0,0,2,1,6,6,1,61,9,1798,8,10,TOYOTA PRIUS,2,E01004340,0,2
2024351526980,2024,351526980,1,9,-1,-1,-1,-1,-1,-1,-1,-1,-1,-1,-1,0,-1,9,-1,6,1,-1,-1,1798,8,7,TOYOTA PRIUS,4,E01000532,0,4
2024421485773,2024,421485773,1,9,0,-1,19,6,1,-1,0,2,0,0,0,0,3,1,-1,6,1,40,7,1797,8,6,TOYOTA PRIUS,7,E01000414,0,4
2024411425006,2024,411425006,2,9,0,-1,19,5,1,-1,0,0,1,0,0,0,4,1,-1,1,1,33,6,1797,8,13,TOYOTA PRIUS,4,E01023788,0,1
2024010504809,2024,010504809,1,9,0,18,19,7,3,0,0,8,0,0,0,0,1,1,6,6,2,44,7,1798,8,4,TOYOTA PRIUS,2,E01000064,0,1
2024471412981,2024,471412981,2,9,0,-1,19,5,2,-1,0,8,0,0,0,0,1,1,-1,6,2,43,7,1798,8,7,TOYOTA PRIUS,4,E01031576,0,1
2024010494943,2024,010494943,1,9,0,18,19,7,3,0,0,8,0,0,0,0,3,1,6,6,1,39,7,1497,8,16,TOYOTA PRIUS,3,E01001213,0,1
2024311447799,2024,311447799,1,8,0,-1,3,1,5,-1,0,1,0,0,0,0,3,1,-1,1,1,51,8,1798,8,8,TOYOTA PRIUS,-1,-1,0,-1
2024320345739,2024,320345739,4,9,0,-1,-1,6,2,0,0,0,0,0,0,0,3,1,1,1,1,35,6,1790,8,6,TOYOTA PRIUS,5,E01026132,0,2
2024201532943,2024,201532943,2,8,0,-1,19,5,1,-1,0,8,0,0,0,0,1,1,-1,9,1,35,6,1797,8,6,TOYOTA PRIUS,1,E01009362,0,1
2024061492642,2024,061492642,1,9,0,-1,19,-1,-1,-1,0,8,9,0,0,0,1,1,-1,7,2,38,7,1497,8,16,TOYOTA PRIUS,1,E01005380,0,1
2024010546521,2024,010546521,1,9,0,16,19,3,7,0,0,2,0,0,0,0,1,1,6,6,1,47,8,1798,8,8,TOYOTA PRIUS,8,E01004291,0,1
2024010533118,2024,010533118,1,9,0,18,19,3,7,0,0,2,0,0,0,0,1,1,6,6,1,44,7,1797,8,9,TOYOTA PRIUS,3,E01001492,0,1
2024052402593,2024,052402593,1,9,0,9,9,4,2,0,0,8,0,0,0,0,1,1,2,2,1,35,6,1797,8,9,TOYOTA PRIUS,1,E01006552,0,1
2024061434204,2024,061434204,2,9,0,-1,2,5,5,-1,0,0,0,0,0,0,1,1,-1,9,1,55,8,1797,8,14,TOYOTA PRIUS,1,E01004825,0,3
2024201530793,2024,201530793,2,8,0,-1,7,3,6,-1,0,5,0,0,0,0,1,1,-1,6,1,-1,-1,1797,8,11,TOYOTA PRIUS,2,E01009017,0,1
2024461484763,2024,461484763,1,8,0,-1,19,6,2,-1,0,1,0,0,0,0,4,1,-1,1,1,38,7,1799,8,7,TOYOTA PRIUS,3,E01024795,0,1
2024401433391,2024,401433391,1,8,0,-1,19,5,1,-1,0,0,0,0,0,0,1,9,-1,6,1,40,7,1797,8,14,TOYOTA PRIUS,6,E01015766,0,1
2024531509384,2024,531509384,2,8,0,-1,19,1,5,-1,0,1,0,0,0,0,4,1,-1,6,1,30,6,1798,8,7,TOYOTA PRIUS,3,E01022294,0,1
2024010521266,2024,010521266,2,9,0,4,4,6,2,0,0,2,0,0,0,0,2,1,1,1,1,31,6,1798,8,4,TOYOTA PRIUS,4,E01000561,0,1
2024201509118,2024,201509118,2,8,0,-1,19,2,4,-1,0,8,0,0,0,0,1,1,-1,1,1,51,8,1797,8,8,TOYOTA PRIUS,1,E01009335,0,2
2024010540782,2024,010540782,2,9,0,6,6,1,1,0,0,2,0,0,0,0,1,1,6,6,1,37,7,1797,8,10,TOYOTA PRIUS,-1,-1,0,-1
2024010553069,2024,010553069,1,9,0,99,99,9,9,99,99,9,9,99,9,99,1,9,6,6,3,45,7,1797,8,4,TOYOTA PRIUS,-1,-1,0,-1
2024010516160,2024,010516160,2,8,0,99,99,9,9,99,99,9,9,99,9,99,9,9,6,6,3,-1,-1,1798,8,11,TOYOTA PRIUS,-1,-1,0,-1
2024010503791,2024,010503791,2,8,0,99,99,9,9,99,99,9,9,99,9,99,1,9,6,6,3,-1,-1,1798,8,8,TOYOTA PRIUS,-1,-1,0,-1
2024010523710,2024,010523710,2,9,0,4,4,3,7,0,0,1,0,0,0,0,4,1,6,6,1,61,9,1797,8,10,TOYOTA PRIUS,-1,-1,0,-1
2024201514783,2024,201514783,1,9,0,-1,9,3,7,-1,0,1,0,0,0,0,1,2,-1,6,1,20,4,1497,8,18,TOYOTA PRIUS,3,E01015899,0,5
2024010528019,2024,010528019,1,8,0,99,99,9,9,99,99,0,9,99,9,99,9,9,6,6,1,39,7,1798,8,10,TOYOTA PRIUS,2,E01001955,0,1
2024010512909,2024,010512909,2,9,0,99,99,9,9,99,99,9,9,99,9,99,1,9,6,6,2,-1,-1,1798,8,12,TOYOTA PRIUS,8,E01001384,0,3
2024010548004,2024,010548004,2,9,0,18,19,1,5,0,0,0,0,0,0,0,2,1,1,1,1,24,5,1797,8,8,TOYOTA PRIUS,-1,-1,0,-1
2024332400503,2024,332400503,1,8,0,-1,19,1,5,-1,0,0,0,0,0,0,2,1,-1,1,1,54,8,1797,8,4,TOYOTA PRIUS,3,E01013690,0,1
2024010519439,2024,010519439,1,8,0,99,99,9,9,99,99,9,9,99,9,99,1,9,6,6,3,68,10,1798,8,10,TOYOTA PRIUS,7,E01001308,0,1
2024461498537,2024,461498537,2,9,0,-1,3,8,4,-1,0,1,0,0,0,0,2,9,-1,6,1,29,6,1797,8,13,TOYOTA PRIUS,1,E01016019,0,1
2024041396586,2024,041396586,2,9,0,-1,19,7,3,-1,0,1,0,0,0,0,2,1,-1,1,1,37,7,1798,8,11,TOYOTA PRIUS,1,E01025229,0,3
2024031502736,2024,031502736,1,9,0,-1,10,1,2,-1,0,5,0,0,0,0,2,1,-1,6,1,90,11,1798,8,8,TOYOTA PRIUS,8,E01019106,0,1
2024131474933,2024,131474933,3,9,0,-1,2,0,0,-1,0,1,0,0,0,0,4,1,-1,6,-1,-1,-1,1797,8,12,TOYOTA PRIUS,-1,-1,0,-1
2024010517756,2024,010517756,1,8,0,18,19,1,5,0,0,0,0,0,0,0,3,2,6,6,1,47,8,1798,8,10,TOYOTA PRIUS,2,E01035682,0,2
2024041470706,2024,041470706,1,9,0,-1,19,2,6,-1,0,2,0,0,0,0,1,1,-1,1,1,41,7,1497,8,17,TOYOTA PRIUS,1,E01012571,0,1
2024010532917,2024,010532917,1,9,0,9,9,5,3,9,9,5,0,10,7,11,1,1,6,6,2,38,7,1798,8,12,TOYOTA PRIUS,4,E01002752,0,1
2024010543418,2024,010543418,2,9,0,99,99,9,9,99,99,0,9,99,9,99,9,9,6,6,1,57,9,1797,8,6,TOYOTA PRIUS,6,E01023317,0,4
2024411402977,2024,411402977,1,8,-1,-1,-1,-1,-1,-1,-1,0,-1,-1,-1,0,-1,9,-1,6,1,41,7,1797,8,10,TOYOTA PRIUS,4,E01023906,0,1
2024041491562,2024,041491562,1,9,0,-1,19,5,1,-1,0,0,0,0,0,0,4,1,-1,1,1,32,6,1797,8,7,TOYOTA PRIUS,1,E01012622,0,4
2024131527267,2024,131527267,1,9,0,-1,19,3,7,-1,0,0,0,0,0,0,1,1,-1,1,1,55,8,1797,8,9,TOYOTA PRIUS,4,E01010598,0,3
2024010504549,2024,010504549,2,9,0,99,99,9,9,99,99,9,9,99,9,99,1,9,6,6,3,-1,-1,1497,8,17,TOYOTA PRIUS,-1,-1,0,-1
2024010529611,2024,010529611,2,9,0,99,99,9,9,99,99,9,9,99,9,99,9,9,6,6,3,-1,-1,1798,8,10,TOYOTA PRIUS,-1,-1,0,-1
2024201526947,2024,201526947,2,8,0,-1,19,4,8,-1,0,8,0,0,0,0,1,1,-1,6,1,47,8,1798,8,12,TOYOTA PRIUS,1,E01009195,0,2
2024010524556,2024,010524556,1,9,0,99,99,9,9,99,99,9,9,99,9,99,2,9,6,6,3,-1,-1,1797,8,10,TOYOTA PRIUS,-1,-1,0,-1
2024010518682,2024,010518682,2,9,0,99,99,9,9,99,99,9,9,99,9,99,1,9,6,6,3,-1,-1,1797,8,14,TOYOTA PRIUS,-1,-1,0,-1
2024302500162,2024,302500162,1,8,0,-1,9,4,3,-1,0,8,0,0,0,0,4,1,-1,1,1,26,6,1798,8,6,TOYOTA PRIUS,1,E01009360,0,4
2024010499909,2024,010499909,2,9,9,99,99,9,9,99,99,9,9,99,9,99,9,9,6,6,3,-1,-1,1797,8,11,TOYOTA PRIUS,-1,-1,0,-1
2024010506379,2024,010506379,2,9,0,99,99,9,9,99,99,9,9,99,9,99,9,9,6,6,1,48,8,1797,8,10,TOYOTA PRIUS,2,E01003487,0,2
2024010504443,2024,010504443,2,8,0,99,99,9,9,99,99,9,9,99,9,99,1,9,6,6,2,44,7,1797,8,11,TOYOTA PRIUS,1,E01002842,0,1
2024010524969,2024,010524969,4,9,3,3,3,1,5,0,0,1,0,0,0,0,2,1,6,6,1,48,8,1797,8,7,TOYOTA PRIUS,6,E01002625,0,2
2024010513227,2024,010513227,2,9,0,99,99,9,9,99,99,9,9,99,9,99,1,9,6,6,3,-1,-1,1797,8,7,TOYOTA PRIUS,-1,-1,0,-1
2024201433349,2024,201433349,1,9,0,-1,7,6,8,-1,0,5,0,0,0,0,1,9,-1,7,2,40,7,1497,8,17,TOYOTA PRIUS,1,E01008998,0,1
2024371471193,2024,371471193,1,9,0,-1,19,3,7,-1,0,4,0,0,0,0,1,1,-1,6,1,28,6,1797,8,14,TOYOTA PRIUS,9,E01030033,0,2
2024010507833,2024,010507833,1,9,0,4,4,2,6,0,0,0,0,0,0,0,2,1,2,2,1,53,8,1797,8,4,TOYOTA PRIUS,5,E01002611,0,1
2024351524707,2024,351524707,2,9,0,-1,19,1,5,-1,0,0,0,0,0,0,2,1,-1,6,1,66,10,1797,8,6,TOYOTA PRIUS,6,E01018051,0,3
2024010520120,2024,010520120,2,9,0,3,3,5,1,0,0,1,0,0,0,0,1,1,1,1,1,53,8,1798,8,9,TOYOTA PRIUS,6,E01001271,0,1
2024451520597,2024,451520597,2,9,0,-1,9,7,3,-1,0,1,0,0,0,0,4,1,-1,1,1,42,7,1797,8,11,TOYOTA PRIUS,6,E01003003,0,2
2024010538600,2024,010538600,1,8,0,7,7,3,6,0,0,1,0,0,0,0,4,1,1,1,1,33,6,1798,8,8,TOYOTA PRIUS,3,E01000108,0,3
2024141521621,2024,141521621,2,9,0,-1,6,5,5,-1,0,8,0,0,0,0,1,1,-1,6,3,-1,-1,1798,8,4,TOYOTA PRIUS,-1,-1,0,-1
2024010535208,2024,010535208,1,9,0,18,19,1,5,0,0,1,0,0,0,0,4,1,2,2,1,23,5,1798,8,8,TOYOTA PRIUS,5,E01000516,0,2
2024010537663,2024,010537663,2,9,0,99,99,9,9,99,99,9,9,99,9,99,9,9,6,6,3,-1,-1,1797,8,9,TOYOTA PRIUS,-1,-1,0,-1
2024201520509,2024,201520509,1,8,0,-1,19,5,8,-1,0,1,0,0,0,0,1,1,-1,9,1,40,7,1797,8,11,TOYOTA PRIUS,1,E01009363,0,1
2024010538516,2024,010538516,2,9,0,9,9,1,8,0,0,6,0,0,0,0,1,1,6,6,2,50,8,1797,8,13,TOYOTA PRIUS,2,E01001428,0,1
2024131463980,2024,131463980,2,9,0,-1,5,3,7,-1,0,8,0,0,0,0,3,1,-1,9,1,49,8,1798,8,8,TOYOTA PRIUS,2,E01011034,0,1
2024041401489,2024,041401489,2,9,0,-1,2,0,0,-1,0,0,0,0,0,0,2,1,-1,6,-1,-1,-1,1797,8,14,TOYOTA PRIUS,-1,-1,0,-1
2024061421904,2024,061421904,2,9,0,-1,-1,-1,-1,-1,-1,0,-1,-1,-1,0,-1,1,-1,2,1,44,7,1798,8,10,TOYOTA PRIUS,1,E01034121,0,1
2024010512016,2024,010512016,1,9,0,4,4,7,3,0,0,1,0,0,0,0,4,1,1,1,1,44,7,1798,8,5,TOYOTA PRIUS,-1,-1,0,-1
2024061473148,2024,061473148,1,8,0,-1,19,5,1,-1,0,8,0,0,0,0,4,1,-1,1,1,53,8,1797,8,6,TOYOTA PRIUS,1,E01005141,0,2
2024052402347,2024,052402347,1,8,0,18,19,4,8,0,0,2,0,7,0,0,1,1,1,1,1,29,6,1797,8,6,TOYOTA PRIUS,1,E01005213,0,4
2024311491922,2024,311491922,1,8,0,-1,5,5,1,-1,0,8,0,0,0,0,1,1,-1,1,1,47,8,1797,8,5,TOYOTA PRIUS,9,E01028415,0,2
2024401487626,2024,401487626,2,9,0,-1,10,8,6,-1,0,1,0,0,0,0,3,1,-1,6,1,64,9,1497,8,15,TOYOTA PRIUS,2,E01017537,0,1
2024061454073,2024,061454073,1,9,0,-1,19,3,6,-1,0,8,0,0,0,0,1,1,-1,9,1,37,7,1798,8,9,TOYOTA PRIUS,1,E01005679,0,1
2024411510345,2024,411510345,1,9,0,-1,19,7,3,-1,0,1,0,0,0,0,1,9,-1,6,1,-1,-1,1797,8,7,TOYOTA PRIUS,-1,-1,0,-1
2024010513953,2024,010513953,2,9,0,17,19,1,5,0,0,1,0,0,0,0,1,1,6,6,1,31,6,1797,8,11,TOYOTA PRIUS,5,E01001396,0,3
2024201464170,2024,201464170,1,9,0,-1,19,6,2,-1,0,1,0,0,0,0,1,1,-1,6,1,40,7,1497,8,16,TOYOTA PRIUS,1,E01009322,0,1
2024211500726,2024,211500726,1,9,0,-1,5,5,1,-1,0,2,0,1,0,0,1,1,-1,6,2,45,7,1497,8,20,TOYOTA PRIUS,-1,-1,0,-1
2024201399335,2024,201399335,1,8,0,-1,7,8,1,-1,0,6,0,0,0,0,1,1,-1,6,1,-1,-1,1797,8,5,TOYOTA PRIUS,-1,-1,0,-1
2024302400973,2024,302400973,1,8,0,9,9,1,6,0,0,6,0,0,0,0,3,1,1,1,1,44,7,1797,8,6,TOYOTA PRIUS,2,E01007906,0,4
2024211514817,2024,211514817,1,9,0,-1,5,3,7,-1,0,0,0,0,0,0,1,1,-1,2,1,42,7,1798,8,12,TOYOTA PRIUS,3,E01014283,0,1
2024451498845,2024,451498845,1,9,0,-1,19,1,5,-1,0,0,0,0,0,0,1,1,-1,2,1,48,8,1797,8,9,TOYOTA PRIUS,2,E01016520,0,4
2024010544455,2024,010544455,1,9,0,9,9,7,5,0,0,8,0,0,0,0,1,1,6,6,1,60,9,1797,8,8,TOYOTA PRIUS,-1,-1,0,-1
2024010543284,2024,010543284,1,9,0,18,19,5,1,0,0,1,0,0,0,0,1,1,1,1,1,41,7,1798,8,10,TOYOTA PRIUS,-1,-1,0,-1
2024010498149,2024,010498149,2,9,0,18,19,9,9,99,99,9,9,99,9,99,1,9,6,6,3,-1,-1,1797,8,14,TOYOTA PRIUS,-1,-1,0,-1
2024201473958,2024,201473958,1,8,0,-1,20,3,7,-1,0,0,0,0,0,0,1,1,-1,6,1,45,7,1797,8,14,TOYOTA PRIUS,3,E01009956,0,2
2024332401085,2024,332401085,2,8,0,-1,2,0,0,-1,0,2,0,0,0,0,4,1,-1,6,1,49,8,1797,8,6,TOYOTA PRIUS,2,E01029447,0,3
2024340WN7002,2024,340WN7002,2,9,0,-1,19,7,3,-1,0,1,0,0,0,0,1,1,-1,9,1,68,10,1797,8,11,TOYOTA PRIUS,4,W01000146,0,5
2024311439292,2024,311439292,1,8,0,-1,19,1,3,-1,0,0,0,0,1,0,1,1,-1,1,1,44,7,1797,8,5,TOYOTA PRIUS,-1,-1,0,-1
2024010541413,2024,010541413,2,9,0,9,9,7,5,0,0,1,0,0,0,0,3,1,2,2,1,41,7,1497,8,17,TOYOTA PRIUS,4,E01003635,0,1
2024010500572,2024,010500572,2,9,0,99,99,9,9,99,99,9,9,99,9,99,9,9,6,6,3,-1,-1,1497,8,18,TOYOTA PRIUS,-1,-1,0,-1
2024010538123,2024,010538123,1,9,9,99,99,9,9,0,0,4,0,9,3,0,1,9,6,6,1,34,6,1798,8,9,TOYOTA PRIUS,-1,-1,0,-1
2024041518577,2024,041518577,1,9,0,-1,19,4,8,-1,0,1,0,0,0,0,1,1,-1,2,1,31,6,1798,8,11,TOYOTA PRIUS,2,E01012579,0,3
2024010511869,2024,010511869,1,9,0,9,9,7,5,0,0,2,0,0,0,0,1,1,6,6,1,55,8,1798,8,8,TOYOTA PRIUS,1,E01002038,0,1
2024201474502,2024,201474502,1,9,0,-1,11,7,3,-1,0,0,0,0,0,0,4,1,-1,9,1,43,7,1797,8,7,TOYOTA PRIUS,1,E01009195,0,1
2024061419998,2024,061419998,1,9,0,-1,5,7,3,-1,0,1,0,0,0,0,4,1,-1,1,1,33,6,1497,8,18,TOYOTA PRIUS,3,E01004921,0,3
2024131528541,2024,131528541,2,9,0,-1,19,1,1,-1,0,4,0,0,0,0,1,1,-1,1,1,28,6,1798,8,12,TOYOTA PRIUS,1,E01010809,0,1