collision_index,collision_year,collision_ref_no,vehicle_reference,vehicle_type,towing_and_articulation,vehicle_manoeuvre_historic,vehicle_manoeuvre,vehicle_direction_from,vehicle_direction_to,vehicle_location_restricted_lane_historic,vehicle_location_restricted_lane,junction_location,skidding_and_overturning,hit_object_in_carriageway,vehicle_leaving_carriageway,hit_object_off_carriageway,first_point_of_impact,vehicle_left_hand_drive,journey_purpose_of_driver_historic,journey_purpose_of_driver,sex_of_driver,age_of_driver,age_band_of_driver,engine_capacity_cc,propulsion_code,age_of_vehicle,generic_make_model,driver_imd_decile,lsoa_of_driver,escooter_flag,driver_distance_banding
2024010550870,2024,010550870,1,9,0,4,4,1,5,0,0,2,0,0,0,0,2,1,6,6,1,54,8,1798,8,6,TOYOTA PRIUS,5,E01015992,0,4
2024010517759,2024,010517759,2,9,0,18,19,3,7,0,0,0,0,0,0,0,1,1,2,2,1,47,8,1797,8,14,TOYOTA PRIUS,2,E01002561,0,1
2024010515392,2024,010515392,1,9,0,99,99,9,9,99,99,9,9,99,9,99,4,9,2,2,2,41,7,1791,8,12,TOYOTA PRIUS,3,E01003611,0,1
2024451398279,2024,451398279,1,9,0,-1,19,5,1,-1,0,1,0,0,0,0,1,1,-1,1,1,45,7,1798,8,4,TOYOTA PRIUS,5,E01030572,0,1
2024430169367,2024,430169367,4,9,0,12,12,7,3,0,0,6,0,0,0,0,2,1,6,6,1,50,8,1798,8,6,TOYOTA PRIUS,-1,-1,0,-1
2024010507917,2024,010507917,2,9,0,99,99,9,9,99,99,9,9,99,9,99,9,9,6,6,3,49,8,1798,8,5,TOYOTA PRIUS,5,E01004375,0,1
2024161412271,2024,161412271,1,8,0,-1,19,7,3,-1,0,2,0,0,0,0,4,9,-1,1,1,36,7,1797,8,7,TOYOTA PRIUS,1,E01012867,0,1
2024201518196,2024,201518196,1,9,0,-1,19,6,2,-1,0,0,0,0,0,0,1,1,-1,1,1,-1,-1,1797,8,6,TOYOTA PRIUS,-1,-1,0,-1
2024461427167,2024,461427167,1,9,0,-1,6,8,4,-1,0,0,0,0,0,0,3,1,-1,9,1,62,9,1797,8,9,TOYOTA PRIUS,9,E01032655,0,1
2024010511426,2024,010511426,1,9,0,18,19,7,3,9,9,1,0,10,7,11,1,1,6,6,1,33,6,1798,8,6,TOYOTA PRIUS,2,E01003503,0,1
2024010520456,2024,010520456,1,9,0,18,19,7,3,0,0,1,0,4,0,0,1,1,1,1,1,46,8,1798,8,4,TOYOTA PRIUS,3,E01003720,0,1
2024052402060,2024,052402060,1,9,0,18,19,8,4,0,0,0,0,0,0,0,4,1,1,1,1,54,8,1797,8,6,TOYOTA PRIUS,5,E01006687,0,1
2024041524941,2024,041524941,1,9,0,-1,19,1,5,-1,0,0,0,0,0,0,1,1,-1,1,1,39,7,1797,8,15,TOYOTA PRIUS,2,E01005565,0,4
2024501450832,2024,501450832,1,9,0,-1,4,2,6,-1,0,0,0,0,0,0,1,1,-1,9,1,41,7,1797,8,13,TOYOTA PRIUS,1,E01034264,0,5
2024421494009,2024,421494009,1,9,0,-1,9,5,1,-1,0,6,0,0,0,0,3,1,-1,6,1,92,11,1791,8,13,TOYOTA PRIUS,5,E01021550,0,1
2024201457130,2024,201457130,1,9,0,-1,7,3,5,-1,0,5,0,0,0,0,4,9,-1,1,1,50,8,1798,8,12,TOYOTA PRIUS,1,E01009640,0,1
2024061531965,2024,061531965,2,9,0,-1,19,7,3,-1,0,0,0,0,0,0,1,1,-1,9,2,65,9,1797,8,14,TOYOTA PRIUS,8,E01019755,0,1
2024010514560,2024,010514560,2,9,0,18,19,5,1,0,0,1,2,4,1,0,2,1,1,1,1,57,9,1798,8,7,TOYOTA PRIUS,3,E01001267,0,3
2024201434199,2024,201434199,1,8,0,-1,6,4,4,-1,0,0,0,0,0,0,4,1,-1,1,1,41,7,1798,8,7,TOYOTA PRIUS,1,E01010054,0,1
2024411423080,2024,411423080,1,9,0,-1,19,4,8,-1,0,1,0,0,0,0,3,1,-1,9,2,32,6,1497,8,18,TOYOTA PRIUS,4,E01023403,0,1
2024451414692,2024,451414692,1,9,0,-1,7,5,1,-1,0,0,0,0,0,0,1,1,-1,1,1,51,8,1797,8,9,TOYOTA PRIUS,3,E01001006,0,4
2024101445398,2024,101445398,2,9,0,-1,19,7,3,-1,0,6,0,0,0,0,1,9,-1,6,3,16,4,1497,8,18,TOYOTA PRIUS,-1,-1,0,-1
2024010543139,2024,010543139,2,9,0,99,99,9,9,99,99,9,9,99,9,99,1,9,6,6,3,-1,-1,1797,8,14,TOYOTA PRIUS,-1,-1,0,-1
2024010528919,2024,010528919,1,9,0,9,9,1,6,0,0,1,0,0,0,0,1,1,6,6,1,58,9,1797,8,13,TOYOTA PRIUS,2,E01004248,0,1
2024430255648,2024,430255648,2,9,0,18,19,8,4,0,0,2,0,0,0,0,1,1,3,7,1,50,8,1791,8,13,TOYOTA PRIUS,8,E01016576,0,1
2024010522748,2024,010522748,2,9,0,99,99,9,9,99,99,9,9,99,9,99,9,9,6,6,3,-1,-1,1798,8,7,TOYOTA PRIUS,-1,-1,0,-1
2024461515771,2024,461515771,1,9,0,-1,19,1,5,-1,0,2,0,0,0,0,3,9,-1,6,1,18,4,1797,8,14,TOYOTA PRIUS,5,E01000792,0,3
2024211513606,2024,211513606,1,9,0,-1,19,4,8,-1,0,0,0,0,0,0,1,2,-1,9,1,68,10,1797,8,14,TOYOTA PRIUS,7,E01019612,0,4
2024010513048,2024,010513048,1,9,0,99,99,9,9,99,99,9,9,99,9,99,0,9,6,6,3,-1,-1,1798,8,11,TOYOTA PRIUS,-1,-1,0,-1
2024010520187,2024,010520187,1,9,0,18,19,5,1,7,6,1,0,0,0,0,0,1,2,2,1,45,7,1798,8,8,TOYOTA PRIUS,3,E01003357,0,2
2024010536488,2024,010536488,1,9,0,9,9,6,4,0,0,7,0,0,1,0,1,1,6,6,1,75,10,1798,8,11,TOYOTA PRIUS,3,E01033591,0,1
2024351490152,2024,351490152,2,8,0,-1,19,-1,-1,-1,0,0,0,0,0,0,2,1,-1,1,1,38,7,1798,8,4,TOYOTA PRIUS,6,E01015688,0,1
2024131450385,2024,131450385,1,9,0,-1,19,1,5,-1,0,3,0,0,0,0,4,1,-1,1,1,64,9,1797,8,12,TOYOTA PRIUS,1,E01010809,0,1
2024421515705,2024,421515705,1,9,0,-1,19,5,1,-1,0,0,0,0,0,0,1,1,-1,2,1,20,4,1497,8,16,TOYOTA PRIUS,2,E01015855,0,4
2024411433113,2024,411433113,1,8,0,-1,9,5,3,-1,0,0,0,0,0,0,3,1,-1,1,1,52,8,1797,8,11,TOYOTA PRIUS,9,E01017775,0,2
2024010524439,2024,010524439,1,8,0,7,7,1,3,0,0,8,0,0,0,0,4,1,6,6,1,52,8,1798,8,10,TOYOTA PRIUS,7,E01003643,0,3
2024010541319,2024,010541319,1,9,0,7,7,2,5,0,0,6,0,11,0,0,1,1,6,6,1,62,9,1798,8,9,TOYOTA PRIUS,4,E01002313,0,3
2024010546592,2024,010546592,1,8,0,99,99,9,9,99,99,9,9,99,9,99,9,9,1,1,1,43,7,1798,8,7,TOYOTA PRIUS,7,E01002986,0,2
2024401506950,2024,401506950,1,8,0,-1,19,8,4,-1,0,0,0,4,0,0,1,9,-1,1,1,-1,-1,1798,8,7,TOYOTA PRIUS,-1,-1,0,-1
2024211463167,2024,211463167,1,9,0,-1,5,5,1,-1,0,0,0,0,0,0,4,1,-1,1,1,50,8,1797,8,12,TOYOTA PRIUS,-1,-1,0,-1
2024010509558,2024,010509558,1,9,0,7,7,6,8,0,0,5,0,0,0,0,2,1,6,6,1,54,8,1798,8,9,TOYOTA PRIUS,3,E01001557,0,2
2024010516789,2024,010516789,1,9,0,18,19,5,1,0,0,1,0,0,0,0,3,1,6,6,1,65,9,1798,8,9,TOYOTA PRIUS,5,E01000070,0,1
2024010539433,2024,010539433,2,9,0,99,99,9,9,99,99,9,9,99,9,99,1,9,6,6,3,-1,-1,1798,8,12,TOYOTA PRIUS,-1,-1,0,-1
2024010547333,2024,010547333,2,8,0,99,99,9,9,99,99,9,9,99,9,99,2,9,1,1,1,58,9,1795,8,9,TOYOTA PRIUS,3,E01003151,0,3
2024201432168,2024,201432168,1,9,0,-1,19,8,4,-1,0,6,0,0,0,0,1,9,-1,6,1,50,8,1797,8,7,TOYOTA PRIUS,1,E01034915,0,2
2024131526938,2024,131526938,2,9,0,-1,9,7,5,-1,0,8,0,0,0,0,1,1,-1,1,1,39,7,1797,8,4,TOYOTA PRIUS,3,E01011606,0,3
2024010532919,2024,010532919,1,9,9,18,19,7,3,0,0,0,0,0,0,0,4,9,6,6,1,72,10,1798,8,6,TOYOTA PRIUS,3,E01003583,0,2
2024552401473,2024,552401473,2,8,0,4,4,6,2,0,0,0,0,0,0,0,2,1,1,1,1,52,8,1798,8,9,TOYOTA PRIUS,5,E01015372,0,1
2024010533383,2024,010533383,2,9,0,18,19,5,1,0,0,8,0,0,0,0,1,2,1,1,1,61,9,1798,8,7,TOYOTA PRIUS,1,E01001740,0,1
2024010527946,2024,010527946,1,9,9,99,99,9,9,99,99,9,9,99,9,99,9,9,6,6,3,-1,-1,1798,8,5,TOYOTA PRIUS,-1,-1,0,-1
2024371494752,2024,371494752,1,9,0,-1,7,1,3,-1,0,8,0,0,0,0,3,1,-1,1,2,34,6,1798,8,6,TOYOTA PRIUS,1,E01029986,0,3
2024461473661,2024,461473661,1,9,0,-1,19,1,5,-1,0,0,0,0,0,0,1,9,-1,6,1,-1,-1,1797,8,7,TOYOTA PRIUS,9,E01000415,0,4
2024010514615,2024,010514615,1,9,0,18,19,1,5,0,0,0,0,0,2,3,1,1,6,6,2,31,6,1797,8,5,TOYOTA PRIUS,2,E01000153,0,1
2024061395210,2024,061395210,2,8,0,-1,19,1,5,-1,0,0,1,0,0,0,1,2,-1,1,1,40,7,1797,8,12,TOYOTA PRIUS,1,E01005180,0,1
2024010520015,2024,010520015,1,8,0,3,3,7,3,0,0,2,0,0,0,0,2,1,2,2,1,37,7,1798,8,7,TOYOTA PRIUS,6,E01003693,0,1
2024010524716,2024,010524716,1,9,0,9,9,5,3,0,0,6,0,0,0,0,1,1,1,1,1,43,7,1798,8,6,TOYOTA PRIUS,3,E01001351,0,1
2024991480765,2024,991480765,1,8,0,-1,9,2,8,-1,0,5,0,0,0,0,1,1,-1,1,1,64,9,1798,8,8,TOYOTA PRIUS,1,-1,0,2
2024010517630,2024,010517630,2,9,0,18,19,5,1,0,0,0,0,0,0,0,4,1,6,6,1,45,7,1797,8,10,TOYOTA PRIUS,3,E01001368,0,3
2024010545076,2024,010545076,2,9,0,5,5,0,5,0,0,2,0,0,0,0,1,1,6,6,3,23,5,1797,8,7,TOYOTA PRIUS,-1,-1,0,-1
2024010537640,2024,010537640,2,9,0,99,99,9,9,99,99,9,9,99,9,99,1,9,6,6,3,-1,-1,1797,8,14,TOYOTA PRIUS,-1,-1,0,-1
2024131517830,2024,131517830,1,9,0,-1,19,7,3,-1,0,6,0,0,0,0,1,1,-1,1,1,30,6,1798,8,12,TOYOTA PRIUS,1,E01010829,0,1
2024141499724,2024,141499724,1,9,0,-1,19,4,8,-1,0,2,0,11,0,0,0,1,-1,1,1,52,8,1797,8,13,TOYOTA PRIUS,6,E01008105,0,1
2024010501739,2024,010501739,1,9,0,18,19,7,3,0,0,2,0,0,0,0,1,1,2,2,2,41,7,1797,8,14,TOYOTA PRIUS,6,E01023306,0,2
2024010522536,2024,010522536,1,9,9,99,99,9,9,99,99,9,9,99,9,99,9,9,6,6,3,-1,-1,1797,8,5,TOYOTA PRIUS,-1,-1,0,-1
2024010542691,2024,010542691,2,9,0,99,99,9,9,99,99,9,9,99,9,99,2,9,6,6,3,-1,-1,1797,8,15,TOYOTA PRIUS,-1,-1,0,-1
2024010516184,2024,010516184,2,9,0,18,19,7,3,0,0,1,0,0,0,0,1,1,6,6,1,32,6,1797,8,13,TOYOTA PRIUS,3,E01035671,0,1
2024461470639,2024,461470639,1,9,0,-1,19,1,5,-1,0,0,0,0,0,0,2,9,-1,6,1,-1,-1,1798,8,5,TOYOTA PRIUS,6,E01024491,0,1
2024201463450,2024,201463450,1,9,0,-1,9,7,5,-1,0,1,0,0,0,0,1,9,-1,1,1,36,7,1797,8,9,TOYOTA PRIUS,3,E01009876,0,1
2024010525108,2024,010525108,1,9,0,9,9,5,3,0,0,8,0,0,0,0,1,1,6,6,3,-1,-1,1798,8,9,TOYOTA PRIUS,-1,-1,0,-1
2024010528262,2024,010528262,1,9,0,4,4,5,1,0,0,0,0,0,0,0,0,1,6,6,1,54,8,1798,8,8,TOYOTA PRIUS,5,E01003842,0,1
2024201461923,2024,201461923,1,9,0,-1,7,8,2,-1,0,5,0,0,0,0,2,1,-1,1,1,49,8,1797,8,10,TOYOTA PRIUS,4,E01009145,0,2
2024010538066,2024,010538066,2,9,0,99,99,9,9,99,99,9,9,99,9,99,9,9,6,6,3,-1,-1,1790,8,7,TOYOTA PRIUS,-1,-1,0,-1
2024010524233,2024,010524233,1,9,0,99,99,9,9,99,99,0,9,99,9,99,2,9,6,6,1,26,6,1797,8,15,TOYOTA PRIUS,5,E01016135,0,4
2024010547229,2024,010547229,2,9,0,99,99,9,9,99,99,9,9,99,9,99,9,9,6,6,3,-1,-1,1798,8,9,TOYOTA PRIUS,-1,-1,0,-1
2024010516772,2024,010516772,1,8,0,18,19,1,5,0,0,0,0,0,0,0,2,1,2,2,1,49,8,1798,8,8,TOYOTA PRIUS,3,E01003263,0,1
2024201437150,2024,201437150,1,9,0,-1,5,5,1,-1,0,0,0,0,0,0,3,1,-1,9,1,25,5,1497,8,16,TOYOTA PRIUS,2,E01010045,0,1
2024131491305,2024,131491305,2,9,0,-1,5,6,2,-1,0,1,0,0,0,0,1,1,-1,1,1,53,8,1798,8,12,TOYOTA PRIUS,1,E01010808,0,1
2024010502088,2024,010502088,2,9,0,99,99,9,9,99,99,9,9,99,9,99,9,9,6,6,2,45,7,1798,8,8,TOYOTA PRIUS,3,E01004645,0,1
2024010510888,2024,010510888,1,9,0,14,14,1,5,0,0,2,0,0,0,0,1,1,1,1,1,72,10,1798,8,8,TOYOTA PRIUS,1,E01003486,0,1
2024010510173,2024,010510173,2,9,0,99,99,9,9,99,99,9,9,99,9,99,9,9,6,6,3,-1,-1,1798,8,5,TOYOTA PRIUS,-1,-1,0,-1
2024461529820,2024,461529820,2,9,0,-1,19,7,2,-1,0,3,0,0,0,0,1,1,-1,9,1,53,8,1798,8,5,TOYOTA PRIUS,1,E01016019,0,1
2024010542747,2024,010542747,2,9,0,99,99,9,9,99,99,9,9,99,9,99,9,9,6,6,3,-1,-1,1797,8,5,TOYOTA PRIUS,-1,-1,0,-1
2024010518317,2024,010518317,2,9,0,7,7,7,1,2,2,0,0,0,1,0,0,1,6,6,1,59,9,1797,8,10,TOYOTA PRIUS,-1,-1,0,-1
2024552401278,2024,552401278,3,8,0,18,19,1,5,0,0,0,1,0,1,9,3,1,1,1,1,40,7,1797,8,13,TOYOTA PRIUS,9,E01022665,0,4
2024010503583,2024,010503583,2,9,0,99,99,9,9,99,99,0,9,99,9,99,2,9,6,6,3,-1,-1,1797,8,13,TOYOTA PRIUS,-1,-1,0,-1
2024010548646,2024,010548646,1,9,0,99,99,9,9,99,99,1,9,99,9,99,4,9,6,6,1,61,9,1797,8,14,TOYOTA PRIUS,2,E01003514,0,1
2024010548504,2024,010548504,1,8,0,99,99,9,9,99,99,9,9,99,9,99,9,9,1,1,1,30,6,1798,8,5,TOYOTA PRIUS,6,E01001040,0,2
2024161441956,2024,161441956,1,9,0,-1,19,1,5,-1,0,0,0,0,0,0,4,1,-1,6,2,33,6,1798,8,2,TOYOTA PRIUS,4,E01013308,0,1
2024131465367,2024,131465367,2,9,0,-1,19,5,1,-1,0,8,0,0,0,0,2,1,-1,9,1,43,7,1797,8,10,TOYOTA PRIUS,1,E01010807,0,1
2024010531294,2024,010531294,1,9,0,18,19,1,5,0,0,1,1,0,0,0,1,1,6,6,3,-1,-1,1797,8,10,TOYOTA PRIUS,-1,-1,0,-1
2024010509557,2024,010509557,1,9,0,9,9,7,5,0,0,0,0,0,0,0,1,1,6,6,1,19,4,1798,8,11,TOYOTA PRIUS,2,E01033584,0,1
2024052402090,2024,052402090,1,8,0,5,5,4,1,0,0,0,0,0,0,0,0,1,1,1,1,-1,-1,1797,8,5,TOYOTA PRIUS,-1,-1,0,-1
2024430263275,2024,430263275,2,9,0,3,3,7,3,0,0,1,0,0,0,0,2,1,6,6,2,43,7,1798,8,7,TOYOTA PRIUS,2,E01034455,0,1
2024010518648,2024,010518648,1,8,0,99,99,9,9,99,99,1,9,99,9,99,2,9,6,6,1,38,7,1798,8,5,TOYOTA PRIUS,6,E01004046,0,2
2024010547508,2024,010547508,2,9,0,18,19,7,3,0,0,8,0,0,0,0,1,1,6,6,1,52,8,1798,8,7,TOYOTA PRIUS,-1,-1,0,-1
2024010528504,2024,010528504,2,9,0,10,10,3,1,0,0,1,0,0,0,0,3,1,2,2,1,50,8,1798,8,7,TOYOTA PRIUS,-1,-1,0,-1
2024471473845,2024,471473845,1,9,0,-1,19,7,3,-1,0,0,0,0,0,0,1,1,-1,6,1,33,6,1797,8,10,TOYOTA PRIUS,1,E01000221,0,4
2024201536412,2024,201536412,1,9,0,-1,19,3,7,-1,0,8,0,11,0,0,1,1,-1,6,1,17,4,1797,8,11,TOYOTA PRIUS,-1,-1,0,-1
2024010534027,2024,010534027,2,9,0,99,99,9,9,99,99,0,9,99,9,99,9,9,6,6,3,49,8,1798,8,6,TOYOTA PRIUS,4,E01004270,0,1
2024010546662,2024,010546662,3,9,0,18,19,5,1,0,0,0,0,0,0,0,1,1,1,1,1,51,8,1797,8,7,TOYOTA PRIUS,3,E01000133,0,2
2024010532004,2024,010532004,2,9,0,18,19,4,8,0,0,1,0,0,0,0,1,1,6,6,1,40,7,1797,8,9,TOYOTA PRIUS,6,E01004608,0,2
2024401404393,2024,401404393,2,9,0,-1,19,7,3,-1,0,0,0,0,0,0,1,9,-1,6,1,52,8,1800,8,10,TOYOTA PRIUS,8,E01004074,0,4
2024010501672,2024,010501672,2,8,0,18,19,8,4,0,0,1,0,0,0,0,1,1,2,2,1,49,8,1798,8,7,TOYOTA PRIUS,2,E01016004,0,3
2024061421840,2024,061421840,2,9,0,-1,-1,-1,-1,-1,-1,0,-1,-1,-1,0,1,1,-1,6,3,-1,-1,1497,8,17,TOYOTA PRIUS,-1,-1,0,-1
2024061478447,2024,061478447,1,8,0,-1,19,-1,-1,-1,0,1,0,99,0,0,2,1,-1,1,1,26,6,1797,8,10,TOYOTA PRIUS,1,E01033949,0,2
2024010488749,2024,010488749,1,9,9,99,99,9,9,99,99,0,9,99,9,99,9,9,6,6,1,-1,-1,1798,8,6,TOYOTA PRIUS,-1,-1,0,-1
2024461518483,2024,461518483,1,8,0,-1,19,7,3,-1,0,0,0,0,0,0,1,9,-1,6,1,41,7,1797,8,12,TOYOTA PRIUS,6,E01024653,0,1
2024010500482,2024,010500482,1,9,0,18,19,1,5,0,0,0,0,0,0,0,1,1,6,6,1,51,8,1797,8,4,TOYOTA PRIUS,5,E01000313,0,1
2024131432824,2024,131432824,1,9,0,-1,19,7,3,-1,0,0,0,0,0,0,1,1,-1,1,1,42,7,1797,8,12,TOYOTA PRIUS,1,E01010635,0,1
2024010542840,2024,010542840,1,9,0,6,6,7,7,0,0,2,0,0,0,0,1,1,6,6,1,31,6,1797,8,15,TOYOTA PRIUS,2,E01034471,0,2
2024201460131,2024,201460131,1,9,0,-1,14,2,6,-1,0,0,0,0,0,0,1,9,-1,7,2,41,7,1797,8,13,TOYOTA PRIUS,2,E01008943,0,1
2024041579371,2024,041579371,1,9,0,-1,1,2,6,-1,0,0,0,0,0,0,2,1,-1,1,1,66,10,1497,8,17,TOYOTA PRIUS,2,E01012573,0,1
2024010534273,2024,010534273,1,9,0,99,99,9,9,99,99,9,9,99,9,99,9,9,6,6,2,43,7,1497,8,17,TOYOTA PRIUS,1,E01000596,0,1
2024010500377,2024,010500377,1,8,0,99,99,9,9,99,99,9,9,99,9,99,2,9,1,1,1,69,10,1798,8,8,TOYOTA PRIUS,5,E01033921,0,1
2024311397995,2024,311397995,1,8,0,-1,19,4,1,-1,0,2,0,0,0,0,1,1,-1,6,1,40,7,1800,8,10,TOYOTA PRIUS,1,E01013860,0,2
2024430537801,2024,430537801,1,8,0,9,9,2,8,0,0,6,0,0,3,1,1,1,1,1,1,30,6,1798,8,10,TOYOTA PRIUS,6,E01017710,0,3
2024010518142,2024,010518142,2,9,0,3,3,7,3,0,0,0,0,0,0,0,2,1,1,1,1,50,8,1797,8,7,TOYOTA PRIUS,6,E01001342,0,2
2024440087662,2024,440087662,2,9,0,5,5,3,7,0,0,8,0,0,0,0,1,1,6,6,1,58,9,1798,8,9,TOYOTA PRIUS,3,E01017228,0,1
2024522402635,2024,522402635,2,8,0,2,2,0,0,4,4,0,0,0,0,0,3,1,1,1,1,-1,-1,1798,8,8,TOYOTA PRIUS,2,E01033359,0,1
2024010513363,2024,010513363,1,8,0,99,99,9,9,99,99,9,9,99,9,99,2,9,6,6,3,-1,-1,1797,8,10,TOYOTA PRIUS,2,E01001594,0,3
2024201440984,2024,201440984,2,8,0,-1,19,1,5,-1,0,0,0,0,0,0,1,9,-1,1,1,57,9,1797,8,9,TOYOTA PRIUS,1,E01009270,0,1
2024471424277,2024,471424277,2,9,0,-1,19,4,7,-1,0,1,0,0,0,0,4,1,-1,1,1,32,6,1797,8,14,TOYOTA PRIUS,8,E01030576,0,2
2024010543426,2024,010543426,3,9,0,18,19,6,2,0,0,0,0,4,1,10,1,1,4,7,2,44,7,1798,8,12,TOYOTA PRIUS,2,E01001052,0,1
2024041481147,2024,041481147,1,9,0,-1,9,5,1,-1,0,2,0,0,0,0,1,1,-1,1,1,64,9,1798,8,8,TOYOTA PRIUS,3,E01012715,0,1
2024461525030,2024,461525030,1,8,0,-1,13,1,5,-1,0,0,0,0,1,0,1,1,-1,2,1,35,6,1797,8,4,TOYOTA PRIUS,2,E01020990,0,4
2024010503530,2024,010503530,2,9,0,18,19,1,5,0,0,1,0,0,0,0,1,1,6,6,2,71,10,1497,8,18,TOYOTA PRIUS,-1,-1,0,-1
2024141467338,2024,141467338,3,9,0,-1,2,0,0,-1,0,0,0,0,0,0,4,1,-1,6,-1,-1,-1,1497,8,17,TOYOTA PRIUS,-1,-1,0,-1
2024010544894,2024,010544894,1,9,0,18,19,2,6,0,0,0,0,0,0,0,1,1,6,6,1,23,5,1798,8,11,TOYOTA PRIUS,-1,-1,0,-1
2024010509281,2024,010509281,2,8,0,3,3,5,1,0,0,1,0,0,0,0,1,1,1,1,1,54,8,1797,8,11,TOYOTA PRIUS,3,E01003154,0,1
2024010521489,2024,010521489,2,9,0,9,9,7,5,0,0,4,0,0,0,0,4,1,1,1,1,45,7,1798,8,7,TOYOTA PRIUS,3,E01003575,0,3
2024010536701,2024,010536701,2,9,0,99,99,9,9,99,99,9,9,99,9,99,1,9,6,6,3,-1,-1,1497,8,17,TOYOTA PRIUS,-1,-1,0,-1
2024010518897,2024,010518897,2,9,9,99,99,9,9,99,99,0,9,99,9,99,9,9,6,6,3,-1,-1,1497,8,19,TOYOTA PRIUS,-1,-1,0,-1
2024010513221,2024,010513221,2,9,0,2,2,9,9,99,99,9,9,8,9,99,9,9,6,6,3,48,8,1798,8,8,TOYOTA PRIUS,3,E01035660,0,1
2024010521702,2024,010521702,1,9,0,3,3,3,7,0,0,1,0,0,0,0,2,1,1,1,1,48,8,1798,8,8,TOYOTA PRIUS,4,E01023864,0,3
2024201441969,2024,201441969,2,8,0,-1,4,3,7,-1,0,0,1,10,4,0,2,1,-1,2,1,33,6,1798,8,7,TOYOTA PRIUS,1,E01009371,0,2
2024430326604,2024,430326604,1,9,0,18,19,5,1,0,0,1,0,0,0,0,1,1,6,6,1,62,9,1798,8,6,TOYOTA PRIUS,-1,-1,0,-1
2024010524033,2024,010524033,2,9,9,2,2,0,0,99,99,0,9,99,9,99,9,9,6,6,3,-1,-1,1797,8,12,TOYOTA PRIUS,-1,-1,0,-1
2024061487629,2024,061487629,1,8,0,-1,4,-1,-1,-1,0,9,0,0,0,0,2,1,-1,1,1,45,7,1797,8,12,TOYOTA PRIUS,7,E01004836,0,1
2024010537722,2024,010537722,2,8,0,99,99,9,9,99,99,9,9,99,9,99,9,9,6,6,3,-1,-1,1798,8,6,TOYOTA PRIUS,-1,-1,0,-1
2024440061217,2024,440061217,2,8,0,18,19,4,8,0,0,1,0,0,0,0,1,1,1,1,1,35,6,1797,8,8,TOYOTA PRIUS,3,E01017270,0,1
2024340WN4262,2024,340WN4262,1,8,0,-1,19,2,6,-1,0,1,0,0,0,0,1,1,-1,1,1,55,8,1797,8,12,TOYOTA PRIUS,1,E01027168,0,1
2024201475770,2024,201475770,2,9,0,-1,19,2,6,-1,0,0,0,0,0,0,2,1,-1,6,1,66,10,1797,8,5,TOYOTA PRIUS,4,E01009037,0,1
2024010548771,2024,010548771,1,9,0,99,99,9,9,99,99,1,9,99,9,99,3,9,6,6,1,43,7,1797,8,11,TOYOTA PRIUS,7,E01003754,0,1
2024010541941,2024,010541941,1,8,0,5,5,5,1,0,0,7,0,11,1,0,4,1,6,6,3,52,8,1798,8,10,TOYOTA PRIUS,3,E01003634,0,1
2024131446337,2024,131446337,1,9,0,-1,9,5,1,-1,0,0,0,0,0,0,4,1,-1,9,1,49,8,1797,8,15,TOYOTA PRIUS,3,E01010629,0,1
2024201505757,2024,201505757,2,8,0,-1,19,6,2,-1,0,0,0,0,0,0,3,1,-1,9,1,-1,-1,1798,8,10,TOYOTA PRIUS,-1,-1,0,-1
2024440401574,2024,440401574,2,9,0,9,9,1,7,0,0,8,0,0,0,0,1,1,1,1,1,51,8,1797,8,9,TOYOTA PRIUS,6,E01017214,0,1
2024211415534,2024,211415534,2,8,0,-1,19,1,4,-1,0,0,0,0,0,0,1,9,-1,6,1,31,6,1797,8,8,TOYOTA PRIUS,6,E01029586,0,1
2024010508461,2024,010508461,2,8,9,2,2,9,9,0,0,9,0,99,9,99,9,9,6,6,3,-1,-1,1797,8,11,TOYOTA PRIUS,5,E01003084,0,3
2024010505059,2024,010505059,1,8,0,99,99,9,9,99,99,9,9,99,9,99,2,9,1,1,1,39,7,1797,8,5,TOYOTA PRIUS,3,E01034151,0,1
2024131464232,2024,131464232,2,9,0,-1,19,3,7,-1,0,0,0,0,0,0,2,1,-1,1,1,37,7,1798,8,11,TOYOTA PRIUS,1,E01010623,0,2
2024041512869,2024,041512869,1,9,0,-1,19,7,3,-1,0,8,0,0,0,0,4,1,-1,9,1,48,8,1797,8,14,TOYOTA PRIUS,1,E01025042,0,1
2024522500128,2024,522500128,1,9,0,18,19,3,7,0,0,0,0,0,0,0,1,1,6,6,1,26,6,1798,8,7,TOYOTA PRIUS,2,E01014574,0,1
2024010515076,2024,010515076,1,8,0,99,99,9,9,99,99,0,9,99,9,99,1,9,6,6,1,51,8,1797,8,8,TOYOTA PRIUS,4,E01003730,0,1
2024061525159,2024,061525159,2,9,0,-1,5,1,1,-1,0,6,0,0,0,0,1,1,-1,6,1,39,7,1797,8,14,TOYOTA PRIUS,-1,-1,0,-1
2024061417075,2024,061417075,1,8,0,-1,19,6,2,-1,0,0,0,0,0,0,1,9,-1,6,3,-1,-1,1797,8,15,TOYOTA PRIUS,-1,-1,0,-1
2024010521496,2024,010521496,2,8,0,99,99,9,9,99,99,0,9,99,9,99,0,9,6,6,3,-1,-1,1798,8,11,TOYOTA PRIUS,-1,-1,0,-1
2024010547582,2024,010547582,1,9,0,5,5,5,1,0,0,1,0,0,0,0,1,1,6,6,1,62,9,1797,8,14,TOYOTA PRIUS,3,E01002637,0,1
2024070567772,2024,070567772,1,8,0,1,1,3,7,0,0,1,0,0,0,0,2,1,6,6,1,-1,-1,1797,1,8,TOYOTA PRIUS,-1,-1,0,-1