collision_index,collision_year,collision_ref_no,vehicle_reference,vehicle_type,towing_and_articulation,vehicle_manoeuvre_historic,vehicle_manoeuvre,vehicle_direction_from,vehicle_direction_to,vehicle_location_restricted_lane_historic,vehicle_location_restricted_lane,junction_location,skidding_and_overturning,hit_object_in_carriageway,vehicle_leaving_carriageway,hit_object_off_carriageway,first_point_of_impact,vehicle_left_hand_drive,journey_purpose_of_driver_historic,journey_purpose_of_driver,sex_of_driver,age_of_driver,age_band_of_driver,engine_capacity_cc,propulsion_code,age_of_vehicle,generic_make_model,driver_imd_decile,lsoa_of_driver,escooter_flag,driver_distance_banding
2024010525772,2024,010525772,3,9,0,99,99,9,9,99,99,9,9,99,9,99,0,9,6,6,3,-1,-1,1999,1,17,MAZDA 6,5,E01002652,0,1
2024010538846,2024,010538846,2,9,0,2,2,0,0,0,0,0,0,0,0,0,3,1,6,6,3,-1,-1,2191,2,10,MAZDA 6,-1,-1,0,-1
2024302400734,2024,302400734,1,9,0,18,19,3,7,0,0,2,0,0,0,0,4,1,6,6,2,48,8,2488,1,14,MAZDA 6,2,E01019666,0,1
2024201423958,2024,201423958,2,9,0,-1,2,0,0,-1,0,0,0,0,0,0,4,9,-1,6,1,38,7,2183,2,14,MAZDA 6,2,E01009929,0,1
2024122400991,2024,122400991,1,9,0,18,19,2,6,0,0,0,0,0,0,0,3,1,6,6,1,48,8,2191,2,8,MAZDA 6,5,E01021854,0,5
2024351457532,2024,351457532,2,9,0,-1,9,6,5,-1,0,1,0,0,0,0,3,1,-1,6,1,25,5,2191,2,9,MAZDA 6,6,E01034564,0,4
2024231506828,2024,231506828,1,9,0,-1,19,7,3,-1,0,0,0,0,0,0,1,1,-1,6,1,42,7,2183,2,14,MAZDA 6,8,E01034089,0,5
2024371523220,2024,371523220,1,9,0,-1,-1,-1,-1,-1,-1,-1,-1,-1,-1,0,-1,1,-1,9,1,82,11,1998,1,15,MAZDA 6,5,E01030058,0,1
2024361400617,2024,361400617,2,9,0,-1,19,-1,-1,-1,0,3,0,0,0,0,3,1,-1,1,1,54,8,1998,1,2,MAZDA 6,3,E01026696,0,3
2024122401069,2024,122401069,1,9,0,17,19,7,3,0,0,0,0,0,7,10,1,1,6,6,1,35,6,1998,1,16,MAZDA 6,9,E01027652,0,1
2024161484186,2024,161484186,1,9,0,-1,19,1,5,-1,0,0,0,0,0,0,0,1,-1,1,1,59,9,2191,2,11,MAZDA 6,4,E01013280,0,1
2024440499794,2024,440499794,2,9,0,18,19,2,6,0,0,8,0,0,0,0,1,1,6,6,2,43,7,1999,1,12,MAZDA 6,6,E01023015,0,2
2024991420046,2024,991420046,1,9,0,-1,11,2,6,-1,0,0,1,2,0,0,1,1,-1,6,-1,30,6,2191,2,8,MAZDA 6,-1,-1,0,-1
2024522402046,2024,522402046,2,9,0,7,7,6,1,0,0,6,0,0,0,0,1,1,6,6,1,54,8,2191,2,10,MAZDA 6,4,E01014645,0,1
2024351490682,2024,351490682,2,9,0,-1,4,5,1,-1,0,0,0,0,0,0,2,1,-1,2,1,47,8,2183,2,14,MAZDA 6,4,E01015623,0,1
2024522500272,2024,522500272,2,9,0,5,5,7,3,0,0,6,0,0,0,0,1,1,6,6,3,-1,-1,2191,2,8,MAZDA 6,-1,-1,0,-1
2024440146250,2024,440146250,1,9,0,18,19,3,7,0,0,0,0,0,7,4,4,1,6,6,1,42,7,1999,1,19,MAZDA 6,3,E01017325,0,2
2024461500953,2024,461500953,1,9,0,-1,19,1,5,-1,0,8,0,0,0,0,1,9,-1,1,2,44,7,2183,2,14,MAZDA 6,5,E01024156,0,1
2024522402136,2024,522402136,1,9,0,18,19,5,1,0,0,0,1,10,1,2,3,1,6,6,2,59,9,1998,1,5,MAZDA 6,6,E01014447,0,1
2024201452573,2024,201452573,2,8,0,-1,19,4,8,-1,0,8,0,0,0,0,3,1,-1,9,1,46,8,2191,2,8,MAZDA 6,5,E01009126,0,1
2024451491953,2024,451491953,1,9,0,-1,19,5,1,-1,0,1,0,0,0,0,1,1,-1,1,1,37,7,2191,2,8,MAZDA 6,2,E01001172,0,2
2024061453150,2024,061453150,3,9,0,-1,19,3,7,-1,0,0,0,0,0,0,1,1,-1,9,1,59,9,2191,2,11,MAZDA 6,1,E01025381,0,2
2024111414898,2024,111414898,3,9,0,-1,3,2,6,-1,0,0,0,0,0,0,2,1,-1,6,1,40,7,1998,1,7,MAZDA 6,7,E01020709,0,1
2024471487267,2024,471487267,2,9,0,-1,19,2,6,-1,0,0,0,0,0,0,3,1,-1,9,1,66,10,1999,1,17,MAZDA 6,8,E01031694,0,1
2024010528385,2024,010528385,1,8,9,3,3,5,1,99,99,9,9,99,9,99,9,9,6,6,1,56,9,1997,1,10,MAZDA 6,5,E01000418,0,1
2024461393694,2024,461393694,15,9,0,-1,4,4,8,-1,0,0,0,0,0,0,3,1,-1,9,1,46,8,2191,2,5,MAZDA 6,7,E01000438,0,3
2024070192840,2024,070192840,1,9,0,4,4,7,3,0,0,0,0,0,0,0,2,1,1,1,1,52,8,2191,2,7,MAZDA 6,7,E01025446,0,4
2024010506456,2024,010506456,2,9,0,99,99,9,9,99,99,9,9,99,9,99,9,9,6,6,3,-1,-1,1998,1,8,MAZDA 6,-1,-1,0,-1
2024522401510,2024,522401510,2,9,0,2,2,0,0,0,0,0,0,0,0,0,2,1,6,6,3,-1,-1,1998,1,15,MAZDA 6,-1,-1,0,-1
2024461477807,2024,461477807,1,9,0,-1,5,3,7,-1,0,0,0,0,0,0,2,1,-1,6,-1,-1,-1,1798,1,17,MAZDA 6,-1,-1,0,-1
2024332400615,2024,332400615,1,9,0,-1,19,2,6,-1,0,1,0,0,0,0,1,1,-1,6,1,-1,-1,2183,2,13,MAZDA 6,-1,-1,0,-1
2024010514591,2024,010514591,2,9,0,9,9,1,6,0,0,5,0,0,1,0,1,1,1,1,1,52,8,1998,1,2,MAZDA 6,4,E01002487,0,1
2024501497104,2024,501497104,1,9,0,-1,19,2,6,-1,0,0,0,0,1,0,4,9,-1,6,1,86,11,1999,1,14,MAZDA 6,7,E01018858,0,1
2024141525642,2024,141525642,2,9,0,-1,19,7,3,-1,0,0,0,0,0,0,3,1,-1,9,1,67,10,1998,2,16,MAZDA 6,2,E01007895,0,1
2024520403059,2024,520403059,2,9,0,12,12,3,1,0,0,8,0,0,0,0,1,1,6,6,1,65,9,2183,2,13,MAZDA 6,6,E01032652,0,1
2024052402523,2024,052402523,2,9,0,18,19,1,5,0,0,1,0,0,0,0,3,1,6,6,1,67,10,1998,1,3,MAZDA 6,5,E01025509,0,1
2024552400391,2024,552400391,1,9,0,18,19,8,4,0,0,0,5,4,0,0,3,1,6,6,1,50,8,2191,2,10,MAZDA 6,2,E01015290,0,1
2024201457721,2024,201457721,2,9,0,-1,13,3,7,-1,0,1,0,0,0,0,1,9,-1,6,1,38,7,2191,2,7,MAZDA 6,3,E01033892,0,1
2024501518918,2024,501518918,1,9,0,-1,19,6,2,-1,0,6,0,0,0,0,1,1,-1,6,2,67,10,1999,1,18,MAZDA 6,3,E01015245,0,1
2024070460084,2024,070460084,1,9,0,18,19,7,3,0,0,0,0,0,0,0,1,1,6,6,1,58,9,2184,2,15,MAZDA 6,-1,-1,0,-1
2024010528062,2024,010528062,2,9,0,99,99,9,9,0,0,9,0,0,0,0,1,9,6,6,3,-1,-1,1999,1,20,MAZDA 6,-1,-1,0,-1
2024131461399,2024,131461399,1,9,0,-1,9,5,2,-1,0,8,0,0,0,0,4,1,-1,6,1,73,10,2488,1,4,MAZDA 6,2,E01011814,0,2
2024430392402,2024,430392402,1,9,0,3,3,4,8,0,0,1,0,0,0,0,2,1,3,7,2,44,7,1998,1,16,MAZDA 6,9,E01017841,0,4
2024991430884,2024,991430884,1,9,0,-1,19,2,7,-1,0,3,0,0,1,11,1,1,-1,6,1,63,9,2191,2,7,MAZDA 6,2,-1,0,1
2024311414295,2024,311414295,1,9,0,-1,19,2,6,-1,0,0,0,0,0,0,3,1,-1,6,1,34,6,1998,2,16,MAZDA 6,1,E01027980,0,1
2024010510081,2024,010510081,2,9,0,2,2,0,0,0,0,0,0,0,0,0,2,1,6,6,3,-1,-1,1998,1,5,MAZDA 6,-1,-1,0,-1
2024010503335,2024,010503335,2,9,0,99,99,9,9,99,99,9,9,99,9,99,9,9,6,6,3,-1,-1,1999,1,17,MAZDA 6,5,E01004624,0,1
2024061464539,2024,061464539,1,9,0,-1,19,7,3,-1,0,1,0,0,0,0,3,2,-1,6,2,30,6,2191,2,9,MAZDA 6,1,E01005874,0,1
2024311474643,2024,311474643,1,9,0,-1,19,1,5,-1,0,0,0,0,0,0,3,1,-1,6,1,35,6,2191,2,8,MAZDA 6,9,E01023217,0,5
2024421528736,2024,421528736,1,9,0,-1,9,3,1,-1,0,8,0,0,7,0,1,1,-1,9,2,73,10,1999,1,18,MAZDA 6,1,E01022045,0,1
2024010550522,2024,010550522,2,9,0,17,19,7,3,0,0,1,0,10,7,7,1,1,6,6,3,24,5,1999,1,14,MAZDA 6,-1,-1,0,-1
2024211444567,2024,211444567,1,9,0,-1,2,1,5,-1,0,0,0,0,0,0,4,1,-1,1,1,50,8,1998,1,6,MAZDA 6,5,E01029559,0,1
2024041488106,2024,041488106,2,9,0,-1,3,3,7,-1,0,0,0,0,4,0,2,1,-1,9,1,65,9,2191,2,7,MAZDA 6,5,E01024958,0,4
2024471524289,2024,471524289,1,9,0,-1,19,8,4,-1,0,1,0,0,0,0,1,1,-1,9,2,40,7,1999,1,17,MAZDA 6,4,E01020966,0,1
2024221450706,2024,221450706,5,9,0,-1,14,1,5,-1,0,0,1,0,0,0,1,1,-1,6,1,23,5,1998,2,16,MAZDA 6,5,E01032342,0,1
2024041534845,2024,041534845,1,9,0,-1,19,1,5,-1,0,8,0,0,0,0,1,1,-1,9,1,33,6,1998,1,6,MAZDA 6,4,E01025314,0,1
2024471495857,2024,471495857,3,9,0,-1,19,8,3,-1,0,0,0,0,0,0,2,1,-1,2,2,51,8,1997,1,10,MAZDA 6,8,E01031617,0,2
2024461399798,2024,461399798,2,9,0,-1,3,7,3,-1,0,0,0,0,0,0,2,9,-1,9,1,32,6,2191,2,11,MAZDA 6,7,E01032814,0,2
2024411460838,2024,411460838,2,9,0,-1,19,7,3,-1,0,1,1,0,0,0,1,1,-1,2,1,35,6,2191,2,8,MAZDA 6,5,E01021854,0,3
2024131470054,2024,131470054,1,9,0,-1,19,3,3,-1,0,0,0,4,0,0,1,1,-1,9,2,44,7,2183,2,12,MAZDA 6,1,E01010966,0,1
2024552400637,2024,552400637,1,9,0,16,19,7,2,0,0,0,0,0,0,0,1,1,6,6,3,-1,-1,1998,2,16,MAZDA 6,-1,-1,0,-1
2024461528249,2024,461528249,2,9,0,-1,4,3,7,-1,0,0,0,0,0,0,2,9,-1,6,1,-1,-1,1999,1,19,MAZDA 6,7,E01024097,0,1
2024211532033,2024,211532033,1,9,0,-1,9,6,8,-1,0,8,0,0,0,0,1,1,-1,9,1,44,7,1997,1,10,MAZDA 6,9,E01029718,0,1
2024201515563,2024,201515563,1,9,0,-1,9,0,0,-1,0,5,0,0,0,0,3,1,-1,6,1,57,9,2183,2,13,MAZDA 6,5,E01032328,0,4
2024451435275,2024,451435275,3,9,0,-1,19,1,5,-1,0,0,0,0,0,0,2,1,-1,2,1,48,8,2191,2,8,MAZDA 6,9,E01030646,0,2
2024231447100,2024,231447100,3,9,0,-1,4,4,1,-1,0,0,0,0,0,0,2,1,-1,6,1,36,7,1999,1,14,MAZDA 6,4,E01031087,0,2
2024552401349,2024,552401349,1,9,0,18,19,8,4,0,0,1,0,0,0,0,1,1,6,6,1,44,7,2191,2,9,MAZDA 6,4,E01009576,0,5
2024991401646,2024,991401646,1,9,0,-1,19,1,5,-1,0,0,0,0,0,0,1,1,-1,6,1,66,10,2183,2,13,MAZDA 6,4,-1,0,1
2024201481249,2024,201481249,1,9,0,-1,19,3,7,-1,0,8,0,0,0,0,1,1,-1,9,1,46,8,1997,1,10,MAZDA 6,8,E01010520,0,1
2024520500051,2024,520500051,1,9,0,8,8,1,3,0,0,1,0,0,0,0,2,1,6,6,2,45,7,2184,2,15,MAZDA 6,8,E01035118,0,1
2024430052662,2024,430052662,1,9,0,9,9,4,2,0,0,5,0,0,0,0,3,1,6,6,2,-1,-1,2191,2,8,MAZDA 6,10,E01016267,0,1
2024471455944,2024,471455944,1,9,0,-1,19,2,6,-1,0,1,0,0,0,0,1,9,-1,6,1,32,6,2183,2,13,MAZDA 6,1,E01031436,0,1
2024351486427,2024,351486427,2,9,0,-1,19,5,1,-1,0,1,0,0,1,1,3,1,-1,6,1,55,8,2183,2,14,MAZDA 6,4,E01018083,0,2
2024201517126,2024,201517126,6,9,0,-1,2,0,0,-1,0,0,0,4,0,0,3,1,-1,6,-1,-1,-1,1998,1,16,MAZDA 6,-1,-1,0,-1
2024122401157,2024,122401157,1,8,0,9,9,4,2,0,0,1,0,0,0,0,1,1,1,1,1,45,7,1998,1,7,MAZDA 6,3,E01013350,0,1
2024522500161,2024,522500161,2,9,0,18,19,4,8,0,0,3,0,0,0,0,1,1,6,6,1,44,7,2191,2,6,MAZDA 6,10,E01014881,0,1
2024440316695,2024,440316695,1,9,0,5,5,3,7,0,0,2,1,4,7,2,1,1,6,6,1,26,6,1999,1,14,MAZDA 6,4,E01017135,0,1
2024041439816,2024,041439816,1,9,0,-1,19,3,7,-1,0,0,0,0,0,0,1,1,-1,2,1,35,6,1798,1,16,MAZDA 6,7,E01025270,0,1
2024070578157,2024,070578157,3,9,0,18,19,6,2,0,0,1,0,0,0,0,1,1,6,6,1,-1,-1,2191,2,8,MAZDA 6,-1,-1,0,-1
2024471416251,2024,471416251,1,9,0,-1,19,1,5,-1,0,0,1,0,1,4,3,1,-1,9,2,44,7,1999,1,17,MAZDA 6,7,E01021160,0,2
2024311426341,2024,311426341,2,9,0,-1,19,6,6,-1,0,1,0,0,0,0,3,1,-1,6,1,19,4,2183,2,13,MAZDA 6,6,E01028283,0,1
2024311529380,2024,311529380,1,9,0,-1,19,5,1,-1,0,0,0,0,0,0,1,1,-1,6,1,18,4,1999,1,14,MAZDA 6,4,E01028083,0,1
2024471517944,2024,471517944,3,9,0,-1,4,7,3,-1,0,0,0,0,0,0,2,1,-1,9,1,54,8,1999,1,17,MAZDA 6,9,E01021175,0,2
2024101413511,2024,101413511,1,9,0,-1,5,8,4,-1,0,8,0,0,0,0,1,1,-1,9,1,38,7,2184,2,14,MAZDA 6,5,E01011968,0,4
2024451480855,2024,451480855,2,9,0,-1,12,5,1,-1,0,0,0,0,0,0,3,1,-1,9,1,75,10,2191,2,7,MAZDA 6,8,E01033210,0,5
2024631441320,2024,631441320,2,9,0,-1,3,5,1,-1,0,0,0,0,0,0,2,1,-1,9,1,60,9,2191,2,9,MAZDA 6,9,W01001284,0,4
2024411465333,2024,411465333,2,9,-1,-1,-1,-1,-1,-1,-1,0,-1,-1,-1,0,2,9,-1,6,2,35,6,2191,2,7,MAZDA 6,3,E01027227,0,4
2024052402463,2024,052402463,1,9,0,18,19,8,4,0,0,0,0,0,0,0,1,1,6,6,2,42,7,2191,2,10,MAZDA 6,3,E01006425,0,1
2024451458522,2024,451458522,1,9,0,-1,5,7,3,-1,0,4,0,0,0,0,1,1,-1,9,1,77,11,1999,1,15,MAZDA 6,9,E01030539,0,1
2024461514339,2024,461514339,1,9,0,-1,19,1,5,-1,0,5,0,0,0,0,1,1,-1,2,1,26,6,1798,1,17,MAZDA 6,2,E01024517,0,1
2024610038824,2024,610038824,1,9,0,16,19,1,3,0,0,4,1,9,6,0,1,1,6,6,1,70,10,2488,1,3,MAZDA 6,2,E01019549,0,5
2024520402308,2024,520402308,2,9,0,5,5,7,3,0,0,4,0,0,0,0,1,1,6,6,3,-1,-1,2191,2,11,MAZDA 6,-1,-1,0,-1
2024631451167,2024,631451167,1,9,0,-1,19,2,7,-1,0,0,0,0,1,11,1,1,-1,6,1,64,9,1998,1,11,MAZDA 6,10,E01031649,0,5
2024010494195,2024,010494195,2,9,0,99,99,9,9,99,99,9,9,99,9,99,9,9,6,6,3,77,11,1999,1,16,MAZDA 6,3,E01003656,0,1
2024461502961,2024,461502961,2,9,0,-1,19,1,5,-1,0,0,0,0,0,0,2,1,-1,6,1,52,8,1999,1,13,MAZDA 6,4,E01024696,0,4
2024010508564,2024,010508564,1,9,0,18,19,3,7,0,0,1,0,4,0,0,1,1,3,7,1,42,7,1999,1,17,MAZDA 6,3,E01000094,0,1
2024461492464,2024,461492464,1,9,0,-1,3,7,3,-1,0,0,0,0,0,0,3,9,-1,9,1,47,8,2191,2,7,MAZDA 6,2,E01000433,0,1
2024371469196,2024,371469196,1,9,0,-1,19,2,4,-1,0,2,0,0,3,0,1,1,-1,6,1,29,6,1999,1,17,MAZDA 6,10,E01029904,0,1
2024031522864,2024,031522864,2,9,0,-1,19,1,5,-1,0,0,0,0,0,0,1,1,-1,1,1,60,9,2191,2,8,MAZDA 6,-1,-1,0,-1
2024461534906,2024,461534906,2,9,0,-1,2,0,0,-1,0,0,0,0,0,0,2,1,-1,6,-1,-1,-1,1999,1,18,MAZDA 6,-1,-1,0,-1
2024461431855,2024,461431855,2,9,0,-1,4,3,7,-1,0,0,0,0,0,0,2,1,-1,9,1,74,10,1997,1,10,MAZDA 6,6,E01024589,0,4
2024010536385,2024,010536385,1,9,0,2,2,0,0,0,0,0,0,4,0,0,2,1,6,6,3,-1,-1,2191,2,9,MAZDA 6,-1,-1,0,-1
2024041447841,2024,041447841,1,9,0,-1,7,8,4,-1,0,8,0,0,0,0,1,1,-1,1,1,39,7,1999,1,15,MAZDA 6,2,E01025284,0,1
2024552401023,2024,552401023,1,9,0,9,9,8,6,0,0,5,0,0,0,0,1,1,6,6,1,56,9,1998,1,2,MAZDA 6,5,E01015417,0,1
2024411501926,2024,411501926,1,9,0,-1,19,3,7,-1,0,0,0,0,0,0,1,1,-1,6,1,46,8,2183,2,14,MAZDA 6,4,E01016516,0,4
2024010508960,2024,010508960,2,9,0,4,4,3,7,0,0,1,0,0,0,0,1,1,6,6,1,34,6,2488,1,13,MAZDA 6,-1,-1,0,-1
2024041399618,2024,041399618,1,9,0,-1,5,7,3,-1,0,6,0,0,0,0,1,1,-1,9,1,44,7,2184,2,15,MAZDA 6,3,E01025407,0,2
2024010522969,2024,010522969,1,9,0,5,5,7,3,0,0,1,0,0,0,0,3,1,6,6,2,46,8,1998,1,4,MAZDA 6,3,E01004755,0,1
2024501520603,2024,501520603,2,9,0,-1,19,3,7,-1,0,1,0,0,0,0,1,1,-1,9,2,36,7,2183,2,13,MAZDA 6,5,E01015049,0,1
2024010527512,2024,010527512,1,9,0,18,19,1,5,0,0,1,0,4,0,0,1,1,6,6,1,19,4,1999,1,18,MAZDA 6,4,E01004569,0,1
2024010548023,2024,010548023,1,9,0,3,3,1,5,0,0,1,0,0,0,0,3,2,6,6,1,50,8,1798,1,13,MAZDA 6,10,E01023551,0,2
2024010502449,2024,010502449,1,9,0,18,19,1,5,0,0,1,1,0,0,0,4,1,2,2,1,32,6,1798,1,15,MAZDA 6,2,E01003511,0,2
2024070849945,2024,070849945,1,9,0,-1,19,3,1,-1,0,0,0,0,0,0,3,1,-1,6,1,43,7,2191,2,11,MAZDA 6,5,E01018496,0,1
2024451419785,2024,451419785,2,9,0,-1,19,2,8,-1,0,0,0,0,0,0,1,1,-1,7,1,50,8,2191,2,8,MAZDA 6,10,E01030811,0,1
2024070262163,2024,070262163,2,9,0,18,19,3,7,0,0,8,0,0,1,4,1,1,6,6,1,35,6,1999,1,14,MAZDA 6,3,E01006433,0,2
2024141398013,2024,141398013,1,9,0,-1,2,3,7,-1,0,0,0,0,0,0,2,1,-1,9,1,39,7,2191,2,8,MAZDA 6,3,E01007576,0,2
2024010507595,2024,010507595,1,9,0,99,99,9,9,99,99,9,9,99,9,99,1,9,6,6,1,53,8,1998,1,2,MAZDA 6,7,E01000324,0,1
2024522402872,2024,522402872,1,9,0,18,19,5,1,0,0,8,0,0,0,0,4,1,6,6,1,38,7,1998,1,10,MAZDA 6,5,E01014548,0,1
2024520401758,2024,520401758,1,9,0,18,19,1,5,0,0,0,0,0,0,0,2,1,6,6,2,28,6,2184,2,14,MAZDA 6,4,E01029241,0,1
2024451405424,2024,451405424,1,9,0,-1,12,5,1,-1,9,0,0,0,0,0,1,1,-1,6,1,49,8,2183,2,13,MAZDA 6,9,E01030614,0,1
2024411454798,2024,411454798,2,9,-1,-1,-1,-1,-1,-1,-1,0,-1,-1,-1,0,-1,9,-1,6,1,26,6,2191,2,11,MAZDA 6,5,E01001393,0,2
2024010522317,2024,010522317,1,9,0,18,19,5,1,0,0,3,0,0,0,0,4,1,2,2,1,39,7,2191,2,10,MAZDA 6,-1,-1,0,-1
2024320429145,2024,320429145,1,8,0,7,7,5,8,0,0,6,0,0,0,0,1,2,6,6,1,55,8,2191,2,7,MAZDA 6,7,E01026066,0,4
2024340WN4262,2024,340WN4262,3,9,0,-1,3,2,6,-1,0,1,0,0,0,0,2,1,-1,6,1,44,7,2191,2,9,MAZDA 6,1,E01027168,0,1
2024010541970,2024,010541970,2,9,0,18,19,5,1,9,9,0,0,0,1,11,1,1,6,6,1,26,6,1798,1,15,MAZDA 6,-1,-1,0,-1
2024371555589,2024,371555589,1,9,0,-1,19,8,4,-1,0,1,0,4,0,0,1,1,-1,9,1,69,10,2191,2,9,MAZDA 6,6,E01030041,0,1
2024991509114,2024,991509114,2,8,0,-1,12,6,2,-1,0,1,0,0,0,0,3,1,-1,1,1,63,9,2191,2,4,MAZDA 6,5,-1,0,1
2024531434916,2024,531434916,1,9,0,-1,19,7,3,-1,0,0,0,0,0,0,1,1,-1,9,1,66,10,1998,1,7,MAZDA 6,8,E01034810,0,1
2024010510371,2024,010510371,2,9,0,99,99,9,9,99,99,5,9,99,9,99,9,9,6,6,3,-1,-1,2191,2,8,MAZDA 6,-1,-1,0,-1
2024211483112,2024,211483112,2,9,0,-1,5,1,5,-1,0,1,0,0,0,0,1,1,-1,6,1,66,10,2191,2,8,MAZDA 6,-1,-1,0,-1
2024371463467,2024,371463467,1,9,0,-1,19,1,3,-1,0,0,0,0,0,0,1,1,-1,2,1,30,6,2191,2,11,MAZDA 6,3,E01029996,0,1
2024401492863,2024,401492863,1,9,0,-1,19,5,1,-1,0,0,0,0,0,0,1,9,-1,6,2,70,10,599,1,22,MAKE AND MODEL REDACTED,8,E01033820,0,1
2024522402949,2024,522402949,1,9,0,9,9,4,2,0,0,6,0,0,0,0,3,1,6,6,1,80,11,698,1,19,MAKE AND MODEL REDACTED,2,E01026425,0,5
2024991510098,2024,991510098,2,9,0,-1,19,2,6,-1,-1,0,0,0,1,0,1,1,-1,6,2,58,9,698,1,18,MAKE AND MODEL REDACTED,2,-1,0,1
2024010543922,2024,010543922,1,9,0,1,1,1,5,0,0,0,0,0,0,0,2,1,6,6,1,86,11,698,1,21,MAKE AND MODEL REDACTED,5,E01002299,0,1
2024440243065,2024,440243065,1,9,0,18,19,2,6,0,0,0,0,0,0,0,1,1,6,6,1,50,8,599,1,22,MAKE AND MODEL REDACTED,7,E01017367,0,1
2024201431145,2024,201431145,1,3,0,-1,9,4,3,-1,0,1,5,0,0,0,2,1,-1,9,1,23,5,125,1,5,MAKE AND MODEL REDACTED,1,E01009952,0,1
2024411515805,2024,411515805,1,4,0,-1,19,5,1,-1,0,1,5,0,0,0,1,1,-1,6,1,24,5,125,1,7,MAKE AND MODEL REDACTED,4,E01023790,0,1
2024122400626,2024,122400626,1,9,0,18,19,8,4,0,0,0,0,0,1,4,1,1,6,6,1,54,8,998,1,16,PEUGEOT 107,3,E01034753,0,4
2024461518851,2024,461518851,1,9,0,-1,19,3,7,-1,9,1,1,0,1,3,1,1,-1,9,2,19,4,998,1,12,PEUGEOT 107,6,E01024067,0,1
2024101399849,2024,101399849,3,9,0,-1,3,1,5,-1,0,0,0,0,0,0,2,1,-1,6,2,18,4,998,1,12,PEUGEOT 107,2,E01020615,0,1
2024201479699,2024,201479699,1,9,0,-1,7,1,7,-1,0,5,0,0,0,0,2,1,-1,6,1,27,6,998,1,12,PEUGEOT 107,7,E01008528,0,5
2024010521914,2024,010521914,1,9,0,9,9,8,6,0,0,5,0,0,0,0,4,1,6,6,2,22,5,998,1,11,PEUGEOT 107,10,E01000002,0,2
2024531436129,2024,531436129,2,9,0,-1,12,6,2,-1,0,1,0,0,0,0,3,1,-1,6,1,25,5,998,1,18,PEUGEOT 107,3,E01022159,0,1
2024430071183,2024,430071183,1,9,0,18,19,4,8,0,0,0,0,0,0,0,1,1,2,2,2,25,5,998,1,10,PEUGEOT 107,10,E01016700,0,1
2024231421894,2024,231421894,1,9,0,-1,9,5,3,-1,0,6,0,0,0,0,1,1,-1,9,2,19,4,998,1,16,PEUGEOT 107,3,E01031261,0,1
2024471491627,2024,471491627,2,9,0,-1,9,6,4,-1,0,6,0,0,0,0,3,1,-1,6,2,17,4,998,1,15,PEUGEOT 107,9,E01031829,0,3
2024302400341,2024,302400341,1,9,0,17,19,2,6,0,0,0,0,0,7,9,1,1,6,6,2,18,4,998,1,14,PEUGEOT 107,7,E01019429,0,4
2024461488255,2024,461488255,2,9,0,-1,2,6,6,-1,0,0,0,0,0,0,4,1,-1,6,2,32,6,998,1,12,PEUGEOT 107,1,E01024710,0,1
2024311520688,2024,311520688,1,9,0,-1,19,8,4,-1,0,0,2,0,1,0,4,1,-1,6,2,32,6,998,1,12,PEUGEOT 107,7,E01028023,0,3
2024201531880,2024,201531880,1,9,0,-1,19,8,6,-1,0,1,0,0,0,0,1,1,-1,9,2,29,6,998,1,11,PEUGEOT 107,1,E01010289,0,1
2024340WN5692,2024,340WN5692,1,9,0,-1,5,3,7,-1,0,5,0,0,0,0,4,1,-1,9,2,25,5,998,1,10,PEUGEOT 107,9,E01027088,0,4
2024531435710,2024,531435710,1,9,0,-1,7,5,1,-1,0,8,0,0,0,0,2,1,-1,9,2,19,4,998,1,13,PEUGEOT 107,3,E01022294,0,1
2024201458947,2024,201458947,2,9,0,-1,19,7,3,-1,0,1,0,0,0,0,2,1,-1,6,1,24,5,998,1,12,PEUGEOT 107,1,E01009059,0,1
2024471407238,2024,471407238,1,9,0,-1,4,1,5,-1,0,1,0,0,0,0,4,1,-1,9,1,34,6,998,1,13,PEUGEOT 107,5,E01034817,0,1
2024131425588,2024,131425588,1,9,0,-1,19,7,3,-1,0,0,5,0,1,0,4,1,-1,9,1,18,4,998,1,17,PEUGEOT 107,3,E01011325,0,1
2024061474918,2024,061474918,1,9,0,-1,19,-1,-1,-1,0,2,0,0,1,0,3,1,-1,9,2,31,6,998,1,10,PEUGEOT 107,9,E01005736,0,1
2024221522195,2024,221522195,2,9,0,-1,19,6,2,-1,0,0,1,0,0,0,1,1,-1,2,2,56,9,998,1,12,PEUGEOT 107,3,E01022245,0,2
2024010499900,2024,010499900,1,9,0,18,19,1,5,0,0,8,0,0,0,0,1,1,2,2,2,21,5,998,1,14,PEUGEOT 107,9,E01003362,0,1
2024101473599,2024,101473599,2,9,0,-1,13,6,2,-1,0,1,0,0,0,0,4,1,-1,2,1,28,6,998,1,15,PEUGEOT 107,-1,-1,0,-1
2024221439216,2024,221439216,1,9,0,-1,19,8,6,-1,0,0,1,10,1,9,1,1,-1,9,1,18,4,998,1,19,PEUGEOT 107,3,E01032194,0,1
2024371437836,2024,371437836,2,9,0,-1,19,6,2,-1,0,8,0,0,0,0,1,1,-1,6,1,18,4,998,1,17,PEUGEOT 107,7,E01030200,0,2
2024201489391,2024,201489391,1,9,0,-1,5,4,8,-1,4,6,0,0,0,0,4,1,-1,2,2,57,9,998,1,11,PEUGEOT 107,-1,-1,0,-1
2024991428662,2024,991428662,2,9,0,-1,3,1,6,-1,0,1,0,0,0,0,2,1,-1,6,2,48,8,998,1,10,PEUGEOT 107,1,-1,0,1