collision_index,collision_year,collision_ref_no,vehicle_reference,vehicle_type,towing_and_articulation,vehicle_manoeuvre_historic,vehicle_manoeuvre,vehicle_direction_from,vehicle_direction_to,vehicle_location_restricted_lane_historic,vehicle_location_restricted_lane,junction_location,skidding_and_overturning,hit_object_in_carriageway,vehicle_leaving_carriageway,hit_object_off_carriageway,first_point_of_impact,vehicle_left_hand_drive,journey_purpose_of_driver_historic,journey_purpose_of_driver,sex_of_driver,age_of_driver,age_band_of_driver,engine_capacity_cc,propulsion_code,age_of_vehicle,generic_make_model,driver_imd_decile,lsoa_of_driver,escooter_flag,driver_distance_banding
2024451455766,2024,451455766,1,9,0,-1,19,7,3,-1,0,0,0,0,0,0,3,1,-1,9,2,29,6,898,1,7,RENAULT CLIO,5,E01030600,0,1
2024522403416,2024,522403416,2,9,0,18,19,2,6,0,0,6,0,0,0,0,4,1,6,6,3,-1,-1,1149,1,12,RENAULT CLIO,-1,-1,0,-1
2024522500408,2024,522500408,2,9,0,1,1,5,1,0,0,0,0,0,0,0,2,1,6,6,3,-1,-1,1149,1,18,RENAULT CLIO,-1,-1,0,-1
2024461435336,2024,461435336,2,9,0,-1,10,5,1,-1,0,1,0,0,0,0,2,1,-1,9,2,34,6,999,1,4,RENAULT CLIO,5,E01024786,0,3
2024440430212,2024,440430212,1,9,0,18,19,1,5,0,0,5,0,7,1,10,1,1,6,6,2,19,4,1149,1,17,RENAULT CLIO,3,E01034714,0,1
2024201449907,2024,201449907,1,9,0,-1,19,1,2,-1,0,4,0,0,0,0,1,1,-1,6,2,25,5,1598,1,18,RENAULT CLIO,1,E01009339,0,1
2024991421130,2024,991421130,1,9,0,-1,9,3,1,-1,0,6,0,0,0,0,3,1,-1,9,1,32,6,1149,1,14,RENAULT CLIO,2,-1,0,3
2024461505358,2024,461505358,3,9,0,-1,19,6,2,-1,0,0,0,0,0,0,2,9,-1,6,3,-1,-1,1149,1,16,RENAULT CLIO,-1,-1,0,-1
2024320329836,2024,320329836,2,9,0,-1,-1,7,3,0,0,8,0,0,0,0,4,1,-1,-1,1,53,8,1149,1,15,RENAULT CLIO,-1,-1,0,-1
2024440325336,2024,440325336,2,9,0,18,19,7,3,0,0,0,1,0,0,0,1,1,6,6,2,26,6,899,1,10,RENAULT CLIO,10,E01023092,0,1
2024221495187,2024,221495187,2,9,0,-1,2,0,0,-1,0,0,0,4,0,0,2,1,-1,6,1,17,4,1149,1,9,RENAULT CLIO,5,E01032447,0,1
2024031478523,2024,031478523,1,9,0,-1,4,6,2,-1,0,0,0,0,0,0,1,1,-1,6,2,47,8,1390,1,17,RENAULT CLIO,8,E01027495,0,4
2024501465671,2024,501465671,1,9,0,-1,19,1,5,-1,0,0,5,0,8,10,3,1,-1,9,2,18,4,1149,1,19,RENAULT CLIO,4,E01020311,0,1
2024201504074,2024,201504074,3,9,0,-1,5,4,7,-1,0,4,0,0,0,0,3,1,-1,1,1,21,5,1461,2,8,RENAULT CLIO,2,E01009995,0,3
2024440136204,2024,440136204,2,9,0,5,5,2,6,0,0,8,0,0,0,0,1,1,6,6,1,-1,-1,1461,2,18,RENAULT CLIO,-1,-1,0,-1
2024131413322,2024,131413322,3,9,0,-1,8,7,3,-1,0,8,0,0,0,0,1,1,-1,9,1,32,6,1149,1,14,RENAULT CLIO,3,E01010981,0,1
2024991508216,2024,991508216,2,9,0,-1,19,8,4,-1,0,0,0,0,1,0,1,1,-1,9,2,26,6,1598,1,14,RENAULT CLIO,3,-1,0,1
2024311525083,2024,311525083,2,9,0,-1,7,2,6,-1,0,1,0,0,0,0,1,1,-1,9,1,29,6,999,1,1,RENAULT CLIO,1,E01027956,0,1
2024302400768,2024,302400768,1,9,0,9,9,2,8,0,0,8,0,0,0,0,1,1,6,6,1,17,4,1149,1,11,RENAULT CLIO,7,E01019535,0,4
2024991409488,2024,991409488,2,9,0,-1,19,7,3,-1,0,0,0,0,7,0,3,1,-1,2,1,49,8,1149,1,10,RENAULT CLIO,10,-1,0,4
2024991521039,2024,991521039,2,9,0,-1,5,1,5,-1,0,8,0,0,0,0,4,1,-1,9,2,21,5,1149,1,13,RENAULT CLIO,8,-1,0,1
2024141514605,2024,141514605,1,9,0,-1,7,1,5,-1,5,0,1,0,0,0,0,1,-1,9,1,18,4,1149,1,13,RENAULT CLIO,1,E01011746,0,3
2024052400957,2024,052400957,6,9,0,2,2,0,0,0,0,1,0,0,0,0,3,1,6,6,3,-1,-1,999,1,1,RENAULT CLIO,-1,-1,0,-1
2024501405928,2024,501405928,2,9,0,-1,19,6,2,-1,-1,0,0,10,1,0,1,1,-1,6,2,30,6,1149,1,18,RENAULT CLIO,5,E01018849,0,2
2024440126036,2024,440126036,1,9,0,5,5,5,1,0,0,6,0,0,0,0,1,1,6,6,2,-1,-1,898,1,8,RENAULT CLIO,-1,-1,0,-1
2024622400840,2024,622400840,1,9,0,18,19,7,3,0,0,3,0,0,0,0,1,1,6,6,2,82,11,1149,1,13,RENAULT CLIO,4,W01001063,0,1
2024430054151,2024,430054151,2,9,0,1,1,3,7,0,0,0,0,0,0,0,2,1,6,6,1,-1,-1,1149,1,14,RENAULT CLIO,-1,-1,0,-1
2024461455157,2024,461455157,1,9,0,-1,19,3,7,-1,0,0,0,2,0,0,1,9,-1,6,1,19,4,1149,1,16,RENAULT CLIO,2,E01016160,0,1
2024131509764,2024,131509764,1,9,0,-1,19,2,6,-1,-1,0,1,0,0,0,1,1,-1,2,1,30,6,1149,1,9,RENAULT CLIO,-1,-1,0,-1
2024311409586,2024,311409586,2,9,0,-1,19,4,4,-1,0,1,0,0,0,0,1,1,-1,9,1,17,4,1149,1,12,RENAULT CLIO,9,E01013979,0,1
2024010547235,2024,010547235,2,9,0,2,2,0,0,0,0,2,0,0,0,0,2,1,6,6,3,-1,-1,999,1,2,RENAULT CLIO,-1,-1,0,-1
202460Q017170,2024,60Q017170,1,9,0,17,19,1,5,0,0,0,1,0,1,0,4,1,2,2,1,18,4,1149,1,15,RENAULT CLIO,-1,-1,0,-1
2024111480202,2024,111480202,1,9,0,-1,19,4,8,-1,0,1,1,0,3,0,1,1,-1,6,1,23,5,1149,1,8,RENAULT CLIO,1,E01020762,0,1
2024622400720,2024,622400720,1,9,0,5,5,8,4,0,0,1,0,0,0,0,1,1,6,6,1,44,7,1461,2,9,RENAULT CLIO,4,W01001229,0,2
2024052401680,2024,052401680,1,9,0,18,19,6,2,0,0,1,0,0,0,0,4,1,6,6,1,70,10,1461,2,13,RENAULT CLIO,3,E01024943,0,4
2024311421677,2024,311421677,3,9,0,-1,19,1,8,-1,0,0,0,0,0,0,1,1,-1,9,2,21,5,1390,1,21,RENAULT CLIO,1,E01027980,0,4
2024010520975,2024,010520975,1,9,0,99,99,9,9,99,99,9,9,99,9,99,1,9,6,6,2,28,6,1461,2,7,RENAULT CLIO,4,E01003597,0,3
2024520403360,2024,520403360,1,9,0,5,5,1,5,0,0,6,0,0,0,0,1,1,6,6,2,65,9,1149,1,8,RENAULT CLIO,4,E01029152,0,2
2024061432386,2024,061432386,2,9,0,-1,99,-1,-1,-1,0,0,0,0,0,0,1,1,-1,6,1,-1,-1,1149,1,9,RENAULT CLIO,-1,-1,0,-1
2024010534455,2024,010534455,1,9,0,99,99,9,9,99,99,0,9,99,9,99,9,9,6,6,1,47,8,1461,2,6,RENAULT CLIO,3,E01003302,0,1
2024311430911,2024,311430911,1,9,0,-1,19,3,7,-1,0,1,2,10,0,0,3,1,-1,9,2,52,8,1149,1,7,RENAULT CLIO,7,E01026153,0,4
2024302401021,2024,302401021,2,9,0,18,19,1,7,0,0,1,0,0,0,0,1,1,2,2,2,57,9,1598,1,18,RENAULT CLIO,3,E01013513,0,1
2024231414502,2024,231414502,2,9,0,-1,19,5,1,-1,0,8,0,0,0,0,1,9,-1,6,2,27,6,1461,2,10,RENAULT CLIO,7,E01031099,0,2
2024161498763,2024,161498763,3,9,0,-1,2,0,0,-1,0,0,0,0,0,0,0,1,-1,6,1,65,9,1149,1,16,RENAULT CLIO,5,E01013244,0,2
2024361474634,2024,361474634,1,9,0,-1,19,5,1,-1,0,1,0,0,0,0,1,1,-1,2,1,56,9,1390,1,18,RENAULT CLIO,6,E01026758,0,3
2024991409909,2024,991409909,2,9,0,-1,19,1,5,-1,0,8,0,0,7,0,4,1,-1,9,2,50,8,1461,2,14,RENAULT CLIO,7,-1,0,2
2024141478105,2024,141478105,1,9,0,-1,-1,-1,-1,-1,-1,8,-1,-1,-1,0,-1,1,-1,-1,3,-1,-1,1149,1,9,RENAULT CLIO,-1,-1,0,-1
2024052400835,2024,052400835,1,9,0,18,19,2,6,0,0,4,0,0,0,0,3,1,6,6,2,49,8,898,1,8,RENAULT CLIO,1,E01006647,0,1
2024320415117,2024,320415117,1,9,0,-1,-1,2,6,0,0,6,0,0,0,0,1,1,6,6,1,30,6,898,1,6,RENAULT CLIO,9,E01026337,0,3
2024430546622,2024,430546622,2,9,0,2,2,0,0,0,0,0,0,0,0,0,2,1,6,6,1,-1,-1,898,1,7,RENAULT CLIO,-1,-1,0,-1
2024201421247,2024,201421247,1,9,0,-1,19,6,2,-1,0,1,1,0,0,0,1,1,-1,2,1,37,7,1461,2,15,RENAULT CLIO,5,E01009135,0,1
2024031511072,2024,031511072,1,9,0,-1,19,7,3,-1,0,0,0,0,0,0,3,1,-1,6,2,59,9,1149,1,13,RENAULT CLIO,6,E01019239,0,2
2024161470460,2024,161470460,1,9,0,-1,19,3,7,-1,0,1,0,4,0,0,1,1,-1,9,2,71,10,1149,1,15,RENAULT CLIO,10,E01012968,0,1
2024461499233,2024,461499233,1,9,0,-1,3,7,4,-1,0,0,0,0,1,0,4,2,-1,9,2,65,9,1149,1,8,RENAULT CLIO,8,E01024642,0,1
2024221465088,2024,221465088,1,9,0,-1,19,1,6,-1,0,0,2,0,0,0,4,1,-1,6,1,21,5,1149,1,14,RENAULT CLIO,8,E01032334,0,1
2024320387545,2024,320387545,1,9,0,-1,-1,4,8,0,0,2,5,12,1,4,1,1,-1,-1,2,22,5,1390,1,18,RENAULT CLIO,9,E01026229,0,2
2024461414407,2024,461414407,1,9,0,-1,1,3,7,-1,0,0,0,0,0,0,2,9,-1,9,2,-1,-1,1149,1,15,RENAULT CLIO,6,E01024425,0,1
2024101419923,2024,101419923,1,9,0,-1,7,5,1,-1,0,6,0,7,1,0,1,1,-1,2,2,28,6,1149,1,8,RENAULT CLIO,4,E01008614,0,1
2024010539813,2024,010539813,1,9,0,18,19,1,5,0,0,1,0,0,0,0,1,1,6,6,2,88,11,1149,1,8,RENAULT CLIO,2,E01001651,0,1
2024461438052,2024,461438052,1,9,0,-1,19,5,8,-1,0,1,0,4,0,0,1,1,-1,6,1,29,6,1149,1,13,RENAULT CLIO,2,E01024686,0,1
2024161524766,2024,161524766,2,9,0,-1,19,3,7,-1,0,1,1,0,0,0,1,1,-1,7,2,37,7,1149,1,14,RENAULT CLIO,1,E01013279,0,1
2024421445736,2024,421445736,2,9,0,-1,19,3,7,-1,0,0,0,0,0,0,3,1,-1,6,1,29,6,1461,2,6,RENAULT CLIO,2,E01021314,0,3
2024440021822,2024,440021822,1,9,0,4,4,5,1,0,0,8,1,0,0,0,1,1,2,2,2,33,6,1461,2,16,RENAULT CLIO,7,E01022532,0,1
2024311439161,2024,311439161,1,9,0,-1,19,1,5,-1,0,0,0,0,0,0,4,1,-1,6,2,27,6,1149,1,10,RENAULT CLIO,-1,-1,0,-1
2024141413623,2024,141413623,2,9,0,-1,19,2,6,-1,0,1,0,0,0,0,3,1,-1,9,2,53,8,1461,2,8,RENAULT CLIO,2,E01007470,0,1
2024622400846,2024,622400846,2,9,0,4,4,4,8,0,0,0,0,0,0,0,2,1,6,6,1,62,9,1149,1,14,RENAULT CLIO,3,W01000818,0,1
2024111446122,2024,111446122,1,9,0,-1,19,6,2,-1,0,4,0,0,0,0,3,9,-1,6,1,17,4,1149,1,16,RENAULT CLIO,10,E01020603,0,1
2024501510578,2024,501510578,3,9,0,-1,2,0,0,-1,0,2,0,0,0,0,3,1,-1,6,-1,-1,-1,899,1,10,RENAULT CLIO,-1,-1,0,-1
2024131464267,2024,131464267,1,9,0,-1,19,1,5,-1,0,0,0,0,0,0,0,1,-1,9,2,18,4,1149,1,17,RENAULT CLIO,1,E01010653,0,1
2024991415291,2024,991415291,1,9,0,-1,19,5,3,-1,0,1,0,10,1,11,4,1,-1,9,2,28,6,1149,1,7,RENAULT CLIO,7,-1,0,1
2024302401741,2024,302401741,1,9,0,-1,2,0,0,-1,0,2,0,0,0,0,2,1,-1,9,2,28,6,1149,1,9,RENAULT CLIO,4,E01019807,0,1
2024332400269,2024,332400269,1,9,0,-1,19,6,2,-1,0,6,0,0,0,0,1,1,-1,9,2,67,10,1598,8,1,RENAULT CLIO,10,E01009902,0,4
2024320275266,2024,320275266,1,9,0,-1,-1,2,6,0,0,8,0,0,0,0,1,1,-1,-1,1,56,9,1390,1,20,RENAULT CLIO,4,E01026327,0,1
2024311503267,2024,311503267,2,9,0,-1,19,7,3,-1,0,0,0,0,0,0,2,1,-1,6,2,35,6,1598,1,17,RENAULT CLIO,6,E01027925,0,1
2024371524791,2024,371524791,2,9,0,-1,19,5,1,-1,0,0,0,0,0,0,1,1,-1,9,1,20,4,1390,1,17,RENAULT CLIO,8,E01021792,0,4
2024061464628,2024,061464628,2,9,0,-1,19,1,5,-1,0,0,0,0,0,0,1,1,-1,9,1,20,4,898,1,8,RENAULT CLIO,6,E01004925,0,1
2024440336497,2024,440336497,2,9,0,2,2,0,0,0,0,0,0,0,0,0,2,1,6,6,2,18,4,1461,2,6,RENAULT CLIO,3,E01022482,0,1
2024991458206,2024,991458206,1,9,0,-1,19,7,3,-1,0,0,5,4,0,0,1,1,-1,6,2,22,5,999,1,0,RENAULT CLIO,2,-1,0,1
2024010504044,2024,010504044,1,9,0,18,19,5,1,0,0,1,0,0,0,0,1,1,6,6,1,36,7,1149,1,21,RENAULT CLIO,2,E01003046,0,1
2024351471046,2024,351471046,1,9,0,-1,19,1,5,-1,0,1,0,0,0,0,1,1,-1,6,2,18,4,1149,1,17,RENAULT CLIO,3,E01018066,0,3
2024201439583,2024,201439583,1,9,0,-1,19,7,3,-1,0,0,1,0,0,0,4,1,-1,6,1,24,5,1390,1,17,RENAULT CLIO,-1,-1,0,-1
2024332400871,2024,332400871,4,9,0,-1,19,1,5,-1,0,0,0,0,0,0,2,1,-1,6,2,21,5,899,1,10,RENAULT CLIO,10,E01025615,0,2
2024311433126,2024,311433126,2,9,-1,-1,2,7,3,-1,-1,0,0,0,0,0,1,9,-1,6,2,67,10,1149,1,10,RENAULT CLIO,4,E01028038,0,3
2024440071858,2024,440071858,1,9,0,18,19,6,2,0,0,1,0,0,0,0,1,1,6,6,1,-1,-1,1149,1,14,RENAULT CLIO,-1,-1,0,-1
2024461528137,2024,461528137,1,9,0,-1,19,7,3,-1,0,8,0,0,0,0,1,9,-1,9,3,-1,-1,1149,1,20,RENAULT CLIO,-1,-1,0,-1
2024991527601,2024,991527601,2,9,0,-1,19,7,3,-1,0,1,1,0,1,0,1,1,-1,9,2,26,6,1149,1,12,RENAULT CLIO,3,-1,0,4
2024631444137,2024,631444137,3,9,0,-1,10,6,4,-1,0,8,0,0,0,0,2,1,-1,6,2,46,8,999,1,2,RENAULT CLIO,7,W01000682,0,2
202454C273924,2024,54C273924,1,9,0,9,9,8,6,0,0,6,0,0,0,0,1,1,6,6,1,60,9,1461,2,10,RENAULT CLIO,6,E01031867,0,4
2024101513803,2024,101513803,1,9,0,-1,12,3,7,-1,0,0,0,0,0,0,1,2,-1,6,2,31,6,1390,1,18,RENAULT CLIO,3,E01008375,0,2
2024471416775,2024,471416775,2,9,0,-1,3,2,6,-1,0,0,0,0,0,0,3,1,-1,9,2,31,6,1149,7,15,RENAULT CLIO,2,E01021179,0,1
2024340WN1882,2024,340WN1882,2,9,0,-1,19,1,5,-1,0,1,0,11,0,0,1,1,-1,6,1,20,4,1461,2,12,RENAULT CLIO,3,E01027081,0,4
2024522401305,2024,522401305,1,9,0,12,12,2,6,0,0,0,0,4,0,0,4,1,6,6,1,65,9,898,1,6,RENAULT CLIO,1,E01014706,0,2
2024520002884,2024,520002884,1,9,0,18,19,2,6,0,0,0,0,0,0,0,1,1,6,6,2,21,5,1149,1,12,RENAULT CLIO,6,E01002630,0,5
2024471515434,2024,471515434,2,9,0,-1,19,7,3,-1,0,0,0,0,1,10,3,1,-1,9,1,19,4,1149,1,20,RENAULT CLIO,3,E01031361,0,1
2024520402666,2024,520402666,1,9,0,18,19,8,4,0,0,0,5,0,1,10,1,1,6,6,2,18,4,1149,1,16,RENAULT CLIO,3,E01029338,0,4
2024351473682,2024,351473682,1,9,0,-1,19,5,1,-1,0,8,0,0,0,0,1,1,-1,9,1,47,8,898,1,6,RENAULT CLIO,10,E01018130,0,1
2024451412896,2024,451412896,2,9,0,-1,19,3,7,-1,0,1,0,0,0,0,1,1,-1,1,2,31,6,1461,2,14,RENAULT CLIO,9,E01030772,0,3
2024061514966,2024,061514966,2,9,0,-1,7,-1,-1,-1,0,4,0,0,0,0,1,1,-1,6,2,-1,-1,1149,1,11,RENAULT CLIO,-1,-1,0,-1
2024351443938,2024,351443938,2,9,0,-1,4,5,1,-1,0,0,0,0,0,0,2,1,-1,2,2,20,4,1149,1,8,RENAULT CLIO,5,E01017974,0,3
2024010548592,2024,010548592,2,9,0,10,10,4,1,0,0,1,0,0,0,0,1,1,6,6,2,47,8,1198,1,10,RENAULT CLIO,3,E01001701,0,1
2024471524229,2024,471524229,1,9,0,-1,19,8,4,-1,0,0,1,0,0,0,1,1,-1,2,1,18,4,1149,1,13,RENAULT CLIO,7,E01015585,0,5
2024430576297,2024,430576297,2,9,0,11,11,6,8,0,0,3,0,0,0,0,4,1,6,6,1,-1,-1,1149,1,19,RENAULT CLIO,-1,-1,0,-1
2024201405202,2024,201405202,2,9,0,-1,19,3,7,-1,0,8,0,0,0,0,3,1,-1,9,2,23,5,1149,1,10,RENAULT CLIO,-1,-1,0,-1
2024010493948,2024,010493948,1,9,0,99,99,9,9,99,99,9,9,99,9,99,2,9,6,6,1,25,5,898,1,9,RENAULT CLIO,4,E01002802,0,1
2024010520301,2024,010520301,1,9,0,99,99,9,9,99,99,0,9,99,9,99,2,9,6,6,2,29,6,1149,1,9,RENAULT CLIO,4,E01000466,0,1
2024311460741,2024,311460741,2,9,0,-1,9,3,3,-1,0,0,0,0,0,0,2,1,-1,6,2,39,7,1149,1,7,RENAULT CLIO,-1,-1,0,-1
2024430302641,2024,430302641,1,9,0,3,3,5,1,0,0,1,0,0,0,0,2,1,6,6,1,-1,-1,1149,1,20,RENAULT CLIO,10,E01016245,0,2
2024302401639,2024,302401639,1,9,0,-1,5,5,3,-1,0,2,0,0,0,0,1,2,-1,6,2,81,11,1461,2,15,RENAULT CLIO,8,E01013546,0,1
2024070538699,2024,070538699,2,9,0,-1,-1,7,3,-1,-1,0,0,0,0,0,1,1,6,6,3,-1,-1,1149,1,17,RENAULT CLIO,-1,-1,0,-1
2024302401194,2024,302401194,1,9,0,18,19,4,8,0,0,8,0,0,7,3,4,1,6,6,1,20,4,1461,2,12,RENAULT CLIO,10,E01026507,0,5
2024221445026,2024,221445026,1,9,0,-1,19,3,7,-1,0,0,2,0,8,4,1,1,-1,9,1,26,6,1461,2,9,RENAULT CLIO,5,E01014045,0,2
2024991533506,2024,991533506,2,9,0,-1,19,8,5,-1,0,1,0,0,0,0,4,1,-1,2,1,51,8,1149,1,7,RENAULT CLIO,6,-1,0,1
2024461521850,2024,461521850,2,9,0,-1,19,1,6,-1,0,1,0,0,0,0,1,1,-1,9,1,64,9,1390,1,18,RENAULT CLIO,5,E01024516,0,1
2024351424479,2024,351424479,1,9,0,-1,5,-1,-1,-1,-1,0,0,-1,-1,0,-1,1,-1,6,2,36,7,1149,1,8,RENAULT CLIO,9,E01018027,0,4
2024332400723,2024,332400723,1,9,0,-1,19,3,7,-1,0,0,0,0,0,0,2,1,-1,9,2,30,6,898,1,8,RENAULT CLIO,2,E01019688,0,4
2024991533262,2024,991533262,1,9,0,-1,19,6,2,-1,0,0,0,0,0,0,1,1,-1,9,1,33,6,1149,1,14,RENAULT CLIO,6,-1,0,3
2024440443958,2024,440443958,1,9,0,7,7,3,7,0,0,6,0,0,0,0,1,1,2,2,2,32,6,1461,2,10,RENAULT CLIO,5,E01017158,0,1
2024991403352,2024,991403352,1,9,0,-1,19,1,5,-1,0,1,0,0,0,0,1,1,-1,6,1,33,6,1598,8,2,RENAULT CLIO,5,-1,0,1
2024052400042,2024,052400042,2,9,0,18,19,2,6,0,0,0,0,0,0,0,4,1,6,6,1,68,10,1149,1,13,RENAULT CLIO,4,E01006620,0,1
2024401454349,2024,401454349,1,9,-1,-1,-1,-1,-1,-1,-1,0,-1,-1,-1,0,-1,9,-1,6,1,21,5,1461,2,20,RENAULT CLIO,3,E01015744,0,1
2024041395387,2024,041395387,2,9,0,-1,19,6,2,-1,0,1,0,0,0,0,1,2,-1,9,1,50,8,1598,8,3,RENAULT CLIO,6,E01024861,0,1
2024440339885,2024,440339885,1,9,0,3,3,3,7,0,0,1,0,0,0,0,2,1,6,6,2,25,5,1461,2,5,RENAULT CLIO,7,E01022909,0,1
2024340NN2192,2024,340NN2192,1,9,0,-1,11,7,3,-1,0,5,5,10,0,10,1,1,-1,1,2,21,5,999,1,2,RENAULT CLIO,8,E01016799,0,3
2024122400253,2024,122400253,1,9,0,18,19,1,5,0,0,2,5,4,0,0,1,1,6,6,1,54,8,1149,1,21,RENAULT CLIO,10,E01027716,0,1
2024201506005,2024,201506005,1,9,0,-1,19,6,2,-1,0,0,0,0,0,0,1,1,-1,9,1,19,4,1390,1,18,RENAULT CLIO,1,E01010291,0,1
2024531514927,2024,531514927,2,9,0,-1,19,1,5,-1,0,0,0,0,0,0,2,1,-1,9,2,24,5,1149,1,19,RENAULT CLIO,4,E01022228,0,4
2024010542914,2024,010542914,2,9,0,2,2,0,0,0,0,0,0,0,0,0,2,1,6,6,3,-1,-1,1149,1,11,RENAULT CLIO,-1,-1,0,-1
2024131516860,2024,131516860,3,9,0,-1,2,0,0,-1,0,8,0,0,0,0,1,1,-1,6,-1,-1,-1,1149,1,9,RENAULT CLIO,-1,-1,0,-1
2024451441435,2024,451441435,1,9,0,-1,13,1,5,-1,0,1,5,0,1,4,1,1,-1,9,1,18,4,1149,1,12,RENAULT CLIO,9,E01030940,0,3
2024371432951,2024,371432951,1,9,0,-1,5,7,3,-1,0,8,0,0,0,0,1,1,-1,9,1,49,8,1598,8,1,RENAULT CLIO,9,E01030191,0,2
2024070461431,2024,070461431,1,9,0,18,19,6,2,0,0,0,0,0,0,0,1,1,6,6,2,31,6,1618,1,8,RENAULT CLIO,-1,-1,0,-1
2024320667872,2024,320667872,1,9,0,-1,-1,8,4,0,0,0,0,0,7,9,1,1,-1,-1,1,19,4,1461,2,18,RENAULT CLIO,7,E01026388,0,4
2024101488734,2024,101488734,2,9,0,-1,5,8,5,-1,0,8,0,0,1,0,2,1,-1,9,1,57,9,1149,1,6,RENAULT CLIO,-1,-1,0,-1
2024631534616,2024,631534616,2,9,0,-1,2,0,0,-1,0,8,0,0,0,0,2,1,-1,6,-1,-1,-1,1149,1,16,RENAULT CLIO,-1,-1,0,-1
2024041431847,2024,041431847,1,9,0,-1,9,1,5,-1,0,8,0,0,0,0,3,1,-1,9,1,21,5,1149,1,8,RENAULT CLIO,1,E01025396,0,1
2024520402077,2024,520402077,4,9,0,2,2,0,0,0,0,0,0,0,0,0,1,1,6,6,2,35,6,1390,1,18,RENAULT CLIO,8,E01029204,0,1
2024161526579,2024,161526579,1,9,0,-1,19,1,5,-1,0,1,2,4,0,0,1,1,-1,9,2,74,10,1149,1,16,RENAULT CLIO,3,E01013254,0,1
2024461444896,2024,461444896,1,9,0,-1,19,1,5,-1,0,1,1,7,7,0,1,1,-1,6,1,18,4,1149,1,19,RENAULT CLIO,1,E01024496,0,3
2024451433647,2024,451433647,1,9,0,-1,19,1,5,-1,0,1,0,0,0,0,1,1,-1,2,2,21,5,1390,1,17,RENAULT CLIO,4,E01016529,0,3
2024622400726,2024,622400726,1,9,0,9,9,2,8,0,0,8,0,0,0,0,3,1,6,6,2,23,5,1149,1,12,RENAULT CLIO,2,W01000951,0,1
2024501455921,2024,501455921,2,9,0,-1,19,1,5,-1,0,1,0,0,0,0,3,1,-1,2,2,43,7,899,1,10,RENAULT CLIO,3,E01020095,0,1
2024101410222,2024,101410222,2,9,0,-1,19,1,1,-1,0,1,0,0,0,0,1,1,-1,6,2,50,8,1461,2,10,RENAULT CLIO,-1,-1,0,-1
2024401478772,2024,401478772,1,9,-1,-1,-1,-1,-1,-1,-1,0,-1,-1,-1,0,-1,9,-1,9,1,20,4,1149,1,17,RENAULT CLIO,4,E01023077,0,5
2024041516613,2024,041516613,1,9,0,-1,9,5,3,-1,0,6,0,0,0,0,3,1,-1,9,1,52,8,1149,1,9,RENAULT CLIO,9,E01025177,0,1
2024991512177,2024,991512177,2,9,0,-1,19,5,7,-1,0,0,0,0,0,0,3,1,-1,9,2,43,7,1149,1,14,RENAULT CLIO,2,-1,0,1
2024430396475,2024,430396475,1,9,0,17,19,4,8,0,0,0,0,0,1,4,1,1,6,6,2,28,6,898,1,6,RENAULT CLIO,8,E01028506,0,1
2024991474884,2024,991474884,1,9,0,-1,19,3,7,-1,0,0,0,0,0,0,1,1,-1,9,2,73,10,1461,2,17,RENAULT CLIO,8,-1,0,1
2024211511938,2024,211511938,2,9,0,-1,19,1,5,-1,0,0,0,0,0,0,3,1,-1,9,2,19,4,899,1,10,RENAULT CLIO,4,E01014353,0,1
2024991517381,2024,991517381,2,9,0,-1,19,8,4,-1,0,0,0,0,0,0,1,1,-1,9,1,34,6,999,1,4,RENAULT CLIO,4,-1,0,2
2024141413828,2024,141413828,1,9,0,-1,10,3,7,-1,0,1,0,0,0,0,2,1,-1,6,2,21,5,1149,1,19,RENAULT CLIO,1,E01007472,0,1
2024371566652,2024,371566652,2,9,0,-1,19,3,7,-1,0,0,0,0,0,0,2,1,-1,1,2,54,8,999,1,2,RENAULT CLIO,8,E01030000,0,1
2024991509572,2024,991509572,1,9,0,-1,19,1,5,-1,0,2,0,0,0,0,1,1,-1,9,2,21,5,899,1,11,RENAULT CLIO,1,-1,0,1
2024421476575,2024,421476575,2,9,0,-1,19,7,3,-1,0,8,5,0,7,9,1,1,-1,9,1,20,4,899,1,11,RENAULT CLIO,8,E01021911,0,2
2024461428485,2024,461428485,2,9,0,-1,19,3,8,-1,0,2,0,0,0,0,1,9,-1,9,2,50,8,1149,1,14,RENAULT CLIO,2,E01033212,0,4
2024221495187,2024,221495187,3,9,0,-1,2,0,0,-1,0,0,0,0,0,0,2,1,-1,6,2,18,4,898,1,5,RENAULT CLIO,8,E01032446,0,1
2024311520436,2024,311520436,2,9,0,-1,19,6,6,-1,0,1,0,0,0,0,1,1,-1,6,3,20,4,1598,8,0,RENAULT CLIO,-1,-1,0,-1
2024221411496,2024,221411496,1,9,0,-1,19,6,2,-1,0,0,0,0,0,0,1,1,-1,6,2,20,4,1149,1,7,RENAULT CLIO,5,E01028960,0,1
2024302400464,2024,302400464,2,9,0,2,2,0,0,0,0,2,0,0,0,0,3,1,6,6,3,-1,-1,1149,1,8,RENAULT CLIO,-1,-1,0,-1
2024041437519,2024,041437519,1,9,0,-1,19,3,7,-1,0,0,1,0,0,0,1,1,-1,9,1,18,4,898,1,7,RENAULT CLIO,5,E01024928,0,1