collision_index,collision_year,collision_ref_no,vehicle_reference,vehicle_type,towing_and_articulation,vehicle_manoeuvre_historic,vehicle_manoeuvre,vehicle_direction_from,vehicle_direction_to,vehicle_location_restricted_lane_historic,vehicle_location_restricted_lane,junction_location,skidding_and_overturning,hit_object_in_carriageway,vehicle_leaving_carriageway,hit_object_off_carriageway,first_point_of_impact,vehicle_left_hand_drive,journey_purpose_of_driver_historic,journey_purpose_of_driver,sex_of_driver,age_of_driver,age_band_of_driver,engine_capacity_cc,propulsion_code,age_of_vehicle,generic_make_model,driver_imd_decile,lsoa_of_driver,escooter_flag,driver_distance_banding
2024440566590,2024,440566590,1,9,0,18,19,1,5,0,0,0,0,0,0,0,3,1,2,2,1,23,5,1149,1,17,RENAULT CLIO,10,E01022661,0,2
2024061479418,2024,061479418,2,9,0,-1,99,5,1,-1,0,1,0,99,0,0,1,1,-1,6,3,-1,-1,1461,2,10,RENAULT CLIO,-1,-1,0,-1
2024332400603,2024,332400603,2,9,0,-1,2,0,0,-1,0,0,0,0,0,0,1,1,-1,6,3,-1,-1,1149,1,16,RENAULT CLIO,-1,-1,0,-1
2024361485191,2024,361485191,1,9,0,-1,19,7,3,-1,0,0,0,0,2,0,1,1,-1,9,1,18,4,1149,1,13,RENAULT CLIO,8,E01026929,0,2
2024221452511,2024,221452511,1,9,0,-1,19,4,8,-1,0,8,0,0,0,0,1,9,-1,6,2,18,4,1390,1,17,RENAULT CLIO,5,E01014060,0,2
2024332400148,2024,332400148,1,9,0,-1,19,7,3,-1,0,6,1,0,0,0,1,1,-1,9,1,53,8,1149,1,12,RENAULT CLIO,1,E01025932,0,1
2024421449903,2024,421449903,1,9,0,-1,19,8,7,-1,0,6,0,0,3,0,3,1,-1,1,1,55,8,1598,8,2,RENAULT CLIO,2,E01022046,0,2
2024122400358,2024,122400358,1,9,0,18,19,7,3,0,0,1,0,0,0,0,1,1,6,6,2,41,7,1461,2,10,RENAULT CLIO,9,E01027765,0,2
2024501498470,2024,501498470,1,9,0,-1,19,6,2,-1,0,0,1,0,0,0,1,1,-1,6,1,20,4,1149,1,12,RENAULT CLIO,4,E01020288,0,4
2024201458258,2024,201458258,2,9,0,-1,5,2,6,-1,0,2,0,0,0,0,3,1,-1,2,2,33,6,1461,2,10,RENAULT CLIO,1,E01010107,0,2
202417M304024,2024,17M304024,1,9,0,3,3,4,8,0,0,0,0,0,0,0,2,1,6,6,2,36,7,1149,1,10,RENAULT CLIO,3,E01012035,0,1
2024141397916,2024,141397916,2,9,0,-1,19,7,3,-1,0,1,0,0,0,0,1,1,-1,9,1,52,8,1461,2,9,RENAULT CLIO,1,E01007577,0,1
2024211514984,2024,211514984,1,9,0,-1,19,6,2,-1,0,4,0,0,0,0,1,1,-1,6,1,22,5,898,1,5,RENAULT CLIO,8,E01029458,0,1
2024622400266,2024,622400266,3,9,0,4,4,4,8,0,0,0,0,0,0,0,2,1,6,6,2,34,6,999,1,0,RENAULT CLIO,1,W01001255,0,1
2024052400485,2024,052400485,1,9,0,7,7,3,5,0,0,6,0,0,0,0,1,1,2,2,2,34,6,1461,2,9,RENAULT CLIO,1,E01007087,0,1
2024361420510,2024,361420510,1,9,0,-1,-1,-1,-1,-1,-1,0,-1,-1,-1,0,-1,9,-1,9,1,40,7,1461,2,13,RENAULT CLIO,8,E01026917,0,3
2024340WN2692,2024,340WN2692,1,9,0,-1,19,5,1,-1,0,0,0,10,0,0,1,1,-1,9,2,28,6,1390,1,21,RENAULT CLIO,-1,-1,0,-1
2024122400521,2024,122400521,1,9,0,18,19,2,6,0,0,2,0,0,3,10,1,1,1,1,3,-1,-1,1461,2,17,RENAULT CLIO,-1,-1,0,-1
2024991407875,2024,991407875,1,9,0,-1,19,6,2,-1,0,0,0,0,0,0,1,9,-1,6,1,25,5,1461,2,14,RENAULT CLIO,7,-1,0,1
2024610006924,2024,610006924,1,9,0,18,19,3,7,0,0,7,0,0,0,0,2,1,2,2,2,43,7,1149,1,15,RENAULT CLIO,10,W01001627,0,1
2024010510858,2024,010510858,2,9,0,99,99,9,9,99,99,9,9,99,9,99,9,9,6,6,3,-1,-1,898,1,6,RENAULT CLIO,-1,-1,0,-1
2024201522095,2024,201522095,1,9,0,-1,14,1,5,-1,0,0,0,0,0,0,4,1,-1,2,2,29,6,1149,1,14,RENAULT CLIO,-1,-1,0,-1
2024411452340,2024,411452340,1,9,0,-1,19,1,5,-1,0,0,2,11,8,4,1,1,-1,9,1,19,4,1149,1,15,RENAULT CLIO,4,E01023788,0,1
2024440537624,2024,440537624,1,9,0,18,19,3,7,0,0,8,0,0,0,0,3,1,6,6,1,43,7,1598,1,14,RENAULT CLIO,4,E01023106,0,1
2024401396207,2024,401396207,2,9,0,-1,19,-1,-1,-1,-1,8,0,0,0,0,-1,9,-1,6,1,-1,-1,1149,1,12,RENAULT CLIO,5,E01015763,0,1
2024351464704,2024,351464704,1,9,0,-1,19,1,5,-1,0,0,5,0,0,0,1,1,-1,6,1,33,6,1461,2,16,RENAULT CLIO,1,E01015609,0,1
2024141399461,2024,141399461,3,9,0,-1,4,1,5,-1,0,0,0,0,0,0,1,1,-1,2,2,28,6,1149,1,15,RENAULT CLIO,2,E01008063,0,3
2024231522733,2024,231522733,3,9,0,-1,19,6,2,-1,0,0,1,0,0,0,3,9,-1,6,2,74,10,1149,1,6,RENAULT CLIO,1,E01009297,0,1
2024041423825,2024,041423825,1,9,0,-1,19,2,6,-1,0,2,2,4,0,0,1,1,-1,9,1,28,6,1390,1,18,RENAULT CLIO,6,E01025384,0,3
2024161423703,2024,161423703,1,9,0,-1,19,1,7,-1,0,0,1,0,0,0,1,1,-1,9,1,19,4,1149,1,21,RENAULT CLIO,1,E01012944,0,4
2024041490539,2024,041490539,5,9,0,-1,19,5,1,-1,0,0,0,0,0,0,2,1,-1,1,1,23,5,1149,1,10,RENAULT CLIO,1,E01034339,0,2
2024221461600,2024,221461600,1,9,0,-1,1,7,3,-1,0,0,0,0,0,0,4,1,-1,9,1,27,6,1461,2,14,RENAULT CLIO,2,E01014074,0,2
2024471479151,2024,471479151,1,9,0,-1,12,3,7,-1,0,1,0,0,0,0,1,1,-1,6,1,23,5,898,1,5,RENAULT CLIO,3,E01031553,0,4
2024010528681,2024,010528681,2,9,0,18,19,7,3,0,0,0,0,0,0,0,1,1,6,6,1,18,4,898,1,6,RENAULT CLIO,5,E01024421,0,2
2024501502536,2024,501502536,1,9,0,-1,4,1,5,-1,0,0,0,0,0,0,2,2,-1,6,1,46,8,1149,1,16,RENAULT CLIO,10,E01020200,0,1
2024991482955,2024,991482955,2,9,0,-1,19,3,7,-1,0,0,0,0,0,0,3,1,-1,1,1,43,7,1461,2,9,RENAULT CLIO,7,-1,0,2
2024131461945,2024,131461945,1,9,0,-1,19,1,5,-1,0,0,0,11,5,1,1,1,-1,9,1,56,9,1461,2,9,RENAULT CLIO,9,E01011186,0,1
2024131421958,2024,131421958,1,9,0,-1,-1,-1,-1,-1,-1,8,-1,-1,-1,0,-1,1,-1,6,3,-1,-1,1149,1,7,RENAULT CLIO,-1,-1,0,-1
2024991511589,2024,991511589,1,9,0,-1,19,6,2,-1,0,0,0,0,0,0,1,1,-1,9,1,85,11,1461,2,8,RENAULT CLIO,7,-1,0,1
2024631512733,2024,631512733,3,9,0,-1,11,1,5,-1,0,8,0,0,0,0,3,1,-1,9,1,55,8,1598,8,2,RENAULT CLIO,7,W01000547,0,4
2024041519831,2024,041519831,1,9,0,-1,4,4,8,-1,0,0,0,0,0,0,1,1,-1,2,2,29,6,1461,2,6,RENAULT CLIO,9,E01007032,0,3
2024141544753,2024,141544753,1,9,0,-1,3,3,7,-1,0,0,0,0,0,0,2,1,-1,9,1,18,4,899,1,11,RENAULT CLIO,9,E01007603,0,2
2024421405663,2024,421405663,1,9,0,-1,19,7,3,-1,0,0,0,0,0,0,1,1,-1,2,1,26,6,1149,1,14,RENAULT CLIO,7,E01029902,0,3
2024451426229,2024,451426229,1,9,0,-1,19,3,7,-1,0,0,0,0,0,0,1,1,-1,6,2,62,9,898,1,8,RENAULT CLIO,8,E01030669,0,2
2024141434119,2024,141434119,2,9,0,-1,11,5,1,-1,0,0,0,0,0,0,4,1,-1,9,2,26,6,899,1,9,RENAULT CLIO,5,E01007366,0,3
2024501407910,2024,501407910,1,9,0,-1,5,7,3,-1,0,3,0,0,0,0,4,9,-1,6,1,32,6,1149,1,13,RENAULT CLIO,9,E01018822,0,1
2024010499707,2024,010499707,2,9,0,9,9,9,9,99,99,0,9,99,9,99,9,9,6,6,3,-1,-1,1598,8,1,RENAULT CLIO,-1,-1,0,-1
2024361505515,2024,361505515,2,9,0,-1,4,1,5,-1,0,0,0,0,0,0,2,1,-1,6,2,47,8,999,1,0,RENAULT CLIO,3,E01026775,0,2
2024010498205,2024,010498205,2,9,0,99,99,9,9,99,99,9,9,99,9,99,9,9,6,6,3,-1,-1,1149,1,19,RENAULT CLIO,-1,-1,0,-1
2024211525774,2024,211525774,2,9,0,-1,9,4,8,-1,0,1,0,0,0,0,2,1,-1,9,1,34,6,1149,1,10,RENAULT CLIO,8,E01034050,0,1
2024231506928,2024,231506928,1,9,0,-1,19,8,4,-1,0,0,1,0,0,0,1,1,-1,6,2,19,4,1390,1,21,RENAULT CLIO,6,E01035022,0,1
2024221402559,2024,221402559,1,9,0,-1,19,8,4,-1,0,8,0,0,0,0,1,9,-1,6,2,38,7,1149,1,14,RENAULT CLIO,1,E01009756,0,3
2024302401588,2024,302401588,2,9,0,9,9,5,3,0,0,6,0,0,0,0,3,1,6,6,2,47,8,1149,1,16,RENAULT CLIO,4,E01019519,0,1
2024061515978,2024,061515978,1,9,0,-1,19,-1,-1,-1,0,2,0,0,0,0,4,1,-1,2,2,30,6,1149,1,7,RENAULT CLIO,2,E01006380,0,2
2024991439251,2024,991439251,2,9,0,-1,2,0,0,-1,0,0,1,0,1,11,3,1,-1,6,-1,-1,-1,1598,1,13,RENAULT CLIO,-1,-1,0,-1
2024451425279,2024,451425279,1,9,0,-1,19,1,5,-1,0,0,0,10,5,6,3,1,-1,2,2,53,8,1149,1,13,RENAULT CLIO,7,E01034722,0,4
2024201469581,2024,201469581,1,9,0,-1,19,8,4,-1,0,1,0,0,0,0,1,9,-1,6,2,-1,-1,899,1,10,RENAULT CLIO,-1,-1,0,-1
2024201426401,2024,201426401,3,9,0,-1,19,1,5,-1,0,8,1,0,7,0,4,1,-1,2,2,34,6,1461,2,7,RENAULT CLIO,2,E01010264,0,2
2024131410278,2024,131410278,1,9,0,-1,19,1,2,-1,0,0,0,0,0,0,1,1,-1,6,2,21,5,1461,2,9,RENAULT CLIO,5,E01011392,0,3
2024070222251,2024,070222251,2,9,0,18,19,8,4,0,0,0,0,0,0,0,1,1,6,6,1,26,6,1998,1,19,RENAULT CLIO,9,E01018737,0,1
2024440247792,2024,440247792,2,9,0,2,2,0,0,0,0,0,0,0,0,0,3,1,6,6,3,-1,-1,1149,1,10,RENAULT CLIO,-1,-1,0,-1
2024201517435,2024,201517435,1,9,0,-1,9,4,1,-1,0,8,0,0,0,0,3,1,-1,9,1,65,9,1149,1,7,RENAULT CLIO,6,E01010174,0,3
2024471512293,2024,471512293,1,9,0,-1,12,8,4,-1,0,1,0,0,0,0,1,1,-1,9,2,17,4,999,1,0,RENAULT CLIO,2,E01034827,0,4
2024440483252,2024,440483252,1,9,0,18,19,1,5,0,0,0,1,12,1,11,1,1,6,6,1,30,6,1149,1,16,RENAULT CLIO,5,E01023288,0,4
2024221421179,2024,221421179,1,9,0,-1,19,2,6,-1,0,0,0,0,0,0,1,1,-1,9,2,17,4,1390,1,17,RENAULT CLIO,5,E01014065,0,1
2024161426338,2024,161426338,2,9,0,-1,2,0,0,-1,0,0,0,0,0,0,1,1,-1,6,-1,-1,-1,1149,1,6,RENAULT CLIO,-1,-1,0,-1
2024471431212,2024,471431212,1,9,0,-1,9,7,1,-1,0,6,0,0,0,0,3,1,-1,9,2,18,4,1149,1,16,RENAULT CLIO,7,E01031438,0,1
2024991528472,2024,991528472,2,9,0,-1,3,4,8,-1,0,5,0,0,0,0,2,1,-1,9,1,22,5,1598,8,2,RENAULT CLIO,4,-1,0,4
2024461442465,2024,461442465,2,9,0,-1,3,4,8,-1,0,0,0,0,0,0,2,9,-1,6,1,54,8,1149,1,8,RENAULT CLIO,6,E01024052,0,2
2024440003491,2024,440003491,1,9,0,18,19,5,1,0,0,8,0,0,0,0,1,1,6,6,1,17,4,1149,1,16,RENAULT CLIO,-1,-1,0,-1
2024440197725,2024,440197725,1,9,0,9,9,6,4,0,0,4,0,0,0,0,3,1,6,6,2,76,11,1149,1,12,RENAULT CLIO,4,E01004633,0,5
2024141404912,2024,141404912,1,9,0,-1,12,2,6,-1,0,1,0,0,0,0,1,1,-1,9,2,54,8,898,1,6,RENAULT CLIO,8,E01007756,0,3
2024991439121,2024,991439121,2,9,0,-1,19,3,7,-1,0,0,0,0,0,0,2,1,-1,9,1,25,5,1149,1,17,RENAULT CLIO,3,-1,0,3
2024211566969,2024,211566969,1,9,0,-1,19,4,1,-1,0,0,0,10,1,0,1,1,-1,9,1,19,4,1149,1,13,RENAULT CLIO,4,E01029812,0,3
2024411539887,2024,411539887,1,9,0,-1,5,4,8,-1,0,0,0,0,0,0,4,1,-1,6,2,24,5,1149,1,16,RENAULT CLIO,5,E01023529,0,1
2024471452507,2024,471452507,2,9,0,-1,3,8,4,-1,0,0,0,0,0,0,2,1,-1,9,2,22,5,1598,8,1,RENAULT CLIO,7,E01021146,0,2
2024631511028,2024,631511028,2,9,0,-1,2,0,0,-1,0,0,0,0,0,0,3,1,-1,6,-1,-1,-1,999,1,2,RENAULT CLIO,-1,-1,0,-1
2024461425808,2024,461425808,1,9,0,-1,19,5,2,-1,0,0,1,0,8,9,1,9,-1,2,2,42,7,1461,2,15,RENAULT CLIO,8,E01021150,0,4
2024461534269,2024,461534269,1,9,0,-1,5,5,3,-1,0,0,2,10,0,0,1,1,-1,6,1,20,4,1461,2,11,RENAULT CLIO,2,E01033212,0,1
2024361535668,2024,361535668,1,9,0,-1,5,0,0,-1,0,5,0,0,0,0,3,1,-1,9,2,60,9,1149,1,19,RENAULT CLIO,6,E01026774,0,1
2024332400539,2024,332400539,1,9,0,-1,19,6,2,-1,0,8,0,0,0,0,3,1,-1,2,2,42,7,999,1,1,RENAULT CLIO,8,E01025775,0,3
2024320638788,2024,320638788,1,9,0,-1,-1,8,4,0,0,0,0,0,1,4,1,1,6,6,1,19,4,1461,2,10,RENAULT CLIO,1,E01026688,0,4
2024061488183,2024,061488183,2,9,0,-1,3,2,6,-1,99,0,0,0,1,99,2,1,-1,9,1,51,8,1461,2,7,RENAULT CLIO,2,E01006723,0,4
2024471406562,2024,471406562,2,9,0,-1,9,8,5,-1,0,1,0,0,0,0,4,1,-1,2,1,20,4,1461,2,8,RENAULT CLIO,9,E01016875,0,1
2024131398498,2024,131398498,2,9,0,-1,7,5,7,-1,0,8,0,0,0,0,3,1,-1,9,1,56,9,1149,1,24,RENAULT CLIO,1,E01011622,0,2
2024201518659,2024,201518659,2,9,0,-1,19,8,6,-1,0,1,0,0,0,0,2,1,-1,6,1,63,9,1461,2,10,RENAULT CLIO,2,E01010091,0,1
2024010529188,2024,010529188,2,9,0,99,99,9,9,99,99,9,9,99,9,99,9,9,6,6,3,-1,-1,1598,1,15,RENAULT CLIO,-1,-1,0,-1
2024522402795,2024,522402795,1,9,0,18,19,3,7,0,0,0,2,10,7,1,1,1,6,6,1,32,6,1149,1,18,RENAULT CLIO,6,E01015008,0,2
2024421517033,2024,421517033,2,9,0,-1,19,3,7,-1,0,3,2,0,0,0,2,1,-1,9,1,26,6,1149,1,21,RENAULT CLIO,4,E01021642,0,1
2024221482957,2024,221482957,1,9,0,-1,1,5,1,-1,0,0,0,0,0,0,2,9,-1,9,1,55,8,1149,1,14,RENAULT CLIO,7,E01014075,0,1
2024520402644,2024,520402644,1,9,0,18,19,3,7,0,0,1,0,0,0,0,2,1,6,6,1,52,8,1461,2,8,RENAULT CLIO,5,E01029054,0,2
2024440067881,2024,440067881,1,9,0,15,15,8,4,0,0,0,0,0,0,0,3,1,6,6,1,29,6,1197,1,7,RENAULT CLIO,10,E01034725,0,2
2024061521292,2024,061521292,1,9,0,-1,3,3,7,-1,0,6,0,0,0,0,1,1,-1,9,1,87,11,1598,8,4,RENAULT CLIO,6,E01005649,0,1
2024131507792,2024,131507792,1,9,0,-1,19,5,1,-1,0,0,0,0,0,0,1,1,-1,9,2,23,5,1149,1,12,RENAULT CLIO,8,E01011589,0,4
2024161481280,2024,161481280,2,9,0,-1,9,7,5,-1,0,1,0,0,0,0,0,1,-1,6,3,21,5,898,1,6,RENAULT CLIO,-1,-1,0,-1
2024221509767,2024,221509767,2,9,0,-1,19,2,6,-1,0,0,0,0,1,4,1,9,-1,2,2,55,8,1149,1,10,RENAULT CLIO,7,E01028915,0,2
2024451450208,2024,451450208,3,9,0,-1,4,7,3,-1,0,1,0,0,0,0,2,1,-1,2,2,20,4,1149,1,14,RENAULT CLIO,10,E01022863,0,1
2024522402935,2024,522402935,1,9,0,18,19,3,7,0,0,8,0,0,0,0,3,1,6,6,2,37,7,1598,8,1,RENAULT CLIO,3,E01014588,0,1
2024471505568,2024,471505568,1,9,0,-1,19,8,2,-1,0,0,0,0,0,0,1,1,-1,1,2,39,7,898,1,5,RENAULT CLIO,3,E01020996,0,1
2024421471752,2024,421471752,2,9,0,-1,19,7,3,-1,0,1,0,0,0,0,1,1,-1,2,1,56,9,1149,1,9,RENAULT CLIO,5,E01021922,0,1
2024111500967,2024,111500967,1,9,0,-1,19,2,5,-1,0,1,0,0,0,0,1,1,-1,6,1,21,5,1149,1,11,RENAULT CLIO,9,E01013357,0,4
2024461432000,2024,461432000,3,9,0,-1,4,4,4,-1,0,1,0,0,0,0,2,9,-1,9,2,61,9,1390,1,31,RENAULT CLIO,3,E01024535,0,1
2024421444054,2024,421444054,1,9,0,-1,19,5,8,-1,0,0,0,0,7,0,1,1,-1,6,2,34,6,1149,1,20,RENAULT CLIO,3,E01021418,0,1
2024991580347,2024,991580347,2,9,0,-1,15,7,3,-1,0,0,0,0,0,0,1,1,-1,9,2,34,6,1461,2,8,RENAULT CLIO,3,-1,0,1
2024471458854,2024,471458854,1,9,0,-1,19,7,2,-1,0,0,0,0,0,0,1,1,-1,9,2,73,10,1390,1,19,RENAULT CLIO,7,E01031616,0,2
2024430507335,2024,430507335,2,9,0,18,19,6,2,0,0,8,0,0,0,0,3,1,6,6,2,41,7,898,1,8,RENAULT CLIO,5,E01002426,0,2
2024531502515,2024,531502515,1,9,0,-1,12,7,3,-1,0,0,1,0,0,0,1,1,-1,9,1,88,11,1149,1,12,RENAULT CLIO,7,E01022230,0,3
202460Q043024,2024,60Q043024,2,9,0,18,19,6,2,0,0,1,0,0,0,0,1,1,6,6,2,74,10,898,1,6,RENAULT CLIO,-1,-1,0,-1
2024991517827,2024,991517827,1,9,0,-1,19,7,3,-1,0,0,1,0,0,0,1,1,-1,9,1,25,5,1149,1,19,RENAULT CLIO,-1,-1,0,-1
2024361495560,2024,361495560,1,9,0,-1,9,1,7,-1,0,6,0,0,3,0,1,1,-1,9,2,80,11,1598,8,2,RENAULT CLIO,6,E01026872,0,1
2024351420104,2024,351420104,1,9,0,-1,4,5,1,-1,0,0,0,0,0,0,1,1,-1,9,2,25,5,898,1,6,RENAULT CLIO,2,E01015599,0,4
2024311409648,2024,311409648,2,9,0,-1,9,5,4,-1,0,6,0,0,0,0,3,1,-1,6,2,22,5,1149,1,10,RENAULT CLIO,-1,-1,0,-1
2024101498734,2024,101498734,1,9,0,-1,19,3,7,-1,0,0,0,0,0,0,1,1,-1,9,2,31,6,1149,1,8,RENAULT CLIO,4,E01008445,0,1
2024010501880,2024,010501880,2,9,0,99,99,9,9,99,99,9,9,99,9,99,1,9,6,6,3,-1,-1,1149,1,16,RENAULT CLIO,3,E01002807,0,1
2024201530574,2024,201530574,2,9,0,-1,3,8,4,-1,0,0,0,0,0,0,2,9,-1,9,2,61,9,1149,1,20,RENAULT CLIO,4,E01010072,0,1
2024451456120,2024,451456120,1,9,0,-1,19,5,1,-1,0,0,1,0,0,0,3,1,-1,9,2,46,8,1461,2,7,RENAULT CLIO,3,E01016975,0,4
2024101434886,2024,101434886,1,9,0,-1,19,5,2,-1,0,3,0,0,0,0,1,1,-1,6,2,32,6,1461,2,11,RENAULT CLIO,5,E01008246,0,1
2024461474534,2024,461474534,2,9,0,-1,19,3,8,-1,0,0,0,0,0,0,1,1,-1,9,2,18,4,1149,1,12,RENAULT CLIO,4,E01023997,0,1
2024430482223,2024,430482223,2,9,0,18,19,6,2,0,0,0,0,0,0,0,1,1,6,6,1,-1,-1,1149,1,14,RENAULT CLIO,-1,-1,0,-1
2024991503510,2024,991503510,1,9,0,-1,6,4,3,-1,0,2,0,0,7,0,3,1,-1,1,2,58,9,1390,1,17,RENAULT CLIO,-1,-1,0,-1
2024211515066,2024,211515066,1,9,0,-1,19,6,2,-1,0,0,0,0,0,0,1,1,-1,6,1,65,9,898,1,6,RENAULT CLIO,8,E01014326,0,1
2024052402065,2024,052402065,1,9,0,18,19,5,1,0,0,1,0,0,0,0,1,1,6,6,2,68,10,1461,2,13,RENAULT CLIO,9,E01006914,0,2
2024471499291,2024,471499291,2,9,0,-1,19,3,7,-1,0,0,0,0,0,0,1,1,-1,9,1,69,10,1149,1,14,RENAULT CLIO,6,E01031632,0,1
2024991525711,2024,991525711,1,9,0,-1,19,5,1,-1,0,1,0,0,0,0,1,1,-1,6,1,65,9,1149,1,21,RENAULT CLIO,-1,-1,0,-1
2024991462819,2024,991462819,2,9,0,-1,9,6,5,-1,0,6,0,0,0,0,1,1,-1,1,1,28,6,1461,2,9,RENAULT CLIO,-1,-1,0,-1
2024371481401,2024,371481401,2,9,0,-1,19,7,3,-1,0,1,0,0,0,0,4,1,-1,9,2,37,7,899,1,11,RENAULT CLIO,4,E01030113,0,1
2024010522982,2024,010522982,1,9,0,9,9,1,6,0,0,3,0,0,0,0,4,1,6,6,2,58,9,1390,1,17,RENAULT CLIO,-1,-1,0,-1
2024131421457,2024,131421457,2,9,0,-1,2,0,0,-1,0,0,0,12,0,0,1,1,-1,6,-1,-1,-1,1461,2,8,RENAULT CLIO,-1,-1,0,-1
2024221482051,2024,221482051,1,9,0,-1,19,4,8,-1,0,6,0,0,3,0,3,1,-1,9,1,49,8,1461,2,14,RENAULT CLIO,4,E01014098,0,1
2024131490394,2024,131490394,1,9,0,-1,9,7,1,-1,0,1,0,0,0,0,3,1,-1,9,2,31,6,1461,2,14,RENAULT CLIO,2,E01011809,0,1
2024471532038,2024,471532038,1,9,0,-1,19,6,2,-1,0,0,0,0,0,0,1,1,-1,9,1,20,4,1149,1,16,RENAULT CLIO,7,E01024805,0,1
2024991493470,2024,991493470,1,9,0,-1,9,5,3,-1,0,8,0,0,0,0,4,1,-1,6,1,60,9,1149,1,21,RENAULT CLIO,10,-1,0,4
2024522401282,2024,522401282,1,9,0,3,3,8,4,0,0,1,0,0,0,0,2,1,6,6,1,27,6,899,1,10,RENAULT CLIO,4,E01014686,0,2
2024351514769,2024,351514769,1,9,0,-1,6,3,7,-1,0,0,0,0,0,0,4,1,-1,6,1,30,6,1149,1,11,RENAULT CLIO,9,E01033116,0,1
2024440362859,2024,440362859,2,9,0,9,9,5,3,0,0,1,0,0,0,0,3,1,6,6,1,21,5,1149,1,8,RENAULT CLIO,4,E01017222,0,1
2024631482408,2024,631482408,1,9,0,-1,19,3,7,-1,9,0,0,0,7,10,3,1,-1,6,2,19,4,1149,1,14,RENAULT CLIO,7,W01000579,0,3
2024622400799,2024,622400799,2,9,0,17,19,3,7,0,0,0,0,0,0,0,1,1,2,2,2,27,6,1461,2,5,RENAULT CLIO,8,E01034049,0,5
2024471530995,2024,471530995,1,9,0,-1,9,6,2,-1,0,8,0,0,0,0,1,9,-1,6,3,-1,-1,1461,2,7,RENAULT CLIO,-1,-1,0,-1
2024201501503,2024,201501503,2,9,0,-1,19,5,1,-1,0,4,0,0,0,0,1,9,-1,6,-1,-1,-1,1149,1,14,RENAULT CLIO,-1,-1,0,-1
2024631466820,2024,631466820,1,9,0,-1,4,6,2,-1,0,0,0,0,0,0,3,1,-1,1,2,23,5,1461,2,10,RENAULT CLIO,5,W01000696,0,1
2024631462879,2024,631462879,2,9,0,-1,19,1,5,-1,0,8,0,0,0,0,3,1,-1,1,2,17,4,1149,1,7,RENAULT CLIO,4,W01001899,0,1
2024522401871,2024,522401871,2,9,0,18,19,3,7,0,0,0,0,0,0,0,1,1,6,6,1,29,6,1598,1,16,RENAULT CLIO,2,E01033347,0,1
2024041420425,2024,041420425,3,9,0,-1,19,7,3,-1,0,1,0,0,0,0,2,1,-1,9,2,18,4,999,1,4,RENAULT CLIO,1,E01025286,0,2
2024471521133,2024,471521133,1,9,0,-1,3,4,8,-1,0,4,0,0,0,0,1,2,-1,1,1,25,5,1998,1,19,RENAULT CLIO,7,E01021146,0,2
2024211512044,2024,211512044,1,9,0,-1,19,1,5,-1,0,0,1,0,7,0,1,1,-1,9,1,27,6,1149,1,14,RENAULT CLIO,-1,-1,0,-1
2024340NN1012,2024,340NN1012,1,9,0,-1,19,6,2,-1,0,0,5,10,0,10,4,1,-1,9,1,42,7,1149,1,23,RENAULT CLIO,8,E01027064,0,1
2024451405084,2024,451405084,2,9,0,-1,19,5,1,-1,0,0,0,0,0,0,1,1,-1,1,1,50,8,1461,2,8,RENAULT CLIO,10,E01030430,0,3
2024461414330,2024,461414330,3,9,0,-1,19,3,7,-1,0,0,0,0,0,0,0,9,-1,6,2,17,4,1149,1,13,RENAULT CLIO,10,E01000794,0,1
2024010507379,2024,010507379,2,9,0,2,2,0,0,0,0,1,0,0,0,0,2,1,6,6,3,-1,-1,898,1,6,RENAULT CLIO,-1,-1,0,-1
2024201430996,2024,201430996,2,9,0,-1,3,4,8,-1,0,1,0,0,0,0,4,9,-1,6,2,44,7,1149,1,18,RENAULT CLIO,2,E01009906,0,1
2024471417438,2024,471417438,2,9,0,-1,4,1,5,-1,0,1,0,0,0,0,2,1,-1,9,1,61,9,1390,1,23,RENAULT CLIO,9,E01021227,0,1
2024041443314,2024,041443314,1,9,0,-1,19,1,5,-1,0,1,0,4,0,0,1,1,-1,9,2,73,10,1149,1,12,RENAULT CLIO,9,E01025022,0,1
2024471415491,2024,471415491,1,9,0,-1,9,7,5,-1,0,6,0,0,0,0,1,9,-1,6,1,67,10,1461,2,13,RENAULT CLIO,8,E01024055,0,4
2024430360930,2024,430360930,2,9,0,18,19,6,3,0,0,1,0,0,0,0,1,1,6,6,1,21,5,1149,1,12,RENAULT CLIO,8,E01017931,0,3
2024501520754,2024,501520754,1,9,0,-1,19,6,2,-1,0,1,0,0,1,11,4,1,-1,6,1,18,4,1390,1,19,RENAULT CLIO,7,E01020047,0,2
2024061410425,2024,061410425,1,9,0,-1,19,7,3,-1,0,0,0,0,0,0,4,1,-1,9,1,30,6,1198,1,10,RENAULT CLIO,1,E01005092,0,3
2024201469581,2024,201469581,2,9,0,-1,8,8,2,-1,0,1,0,0,0,0,2,9,-1,2,2,50,8,1461,2,9,RENAULT CLIO,2,E01031097,0,1
2024548581824,2024,548581824,1,9,0,18,19,6,2,0,0,1,0,0,0,0,1,1,6,6,2,17,4,1149,1,17,RENAULT CLIO,3,E01032118,0,4