collision_index,collision_year,collision_ref_no,vehicle_reference,vehicle_type,towing_and_articulation,vehicle_manoeuvre_historic,vehicle_manoeuvre,vehicle_direction_from,vehicle_direction_to,vehicle_location_restricted_lane_historic,vehicle_location_restricted_lane,junction_location,skidding_and_overturning,hit_object_in_carriageway,vehicle_leaving_carriageway,hit_object_off_carriageway,first_point_of_impact,vehicle_left_hand_drive,journey_purpose_of_driver_historic,journey_purpose_of_driver,sex_of_driver,age_of_driver,age_band_of_driver,engine_capacity_cc,propulsion_code,age_of_vehicle,generic_make_model,driver_imd_decile,lsoa_of_driver,escooter_flag,driver_distance_banding
2024451440933,2024,451440933,1,19,0,-1,19,6,2,-1,0,1,0,0,0,0,1,1,-1,9,1,34,6,1997,2,6,CITROEN DISPATCH,9,E01030331,0,1
2024010515931,2024,010515931,2,19,0,18,19,7,3,0,0,1,0,0,0,0,4,1,1,1,1,26,6,1997,2,7,CITROEN DISPATCH,4,E01002596,0,3
2024552400545,2024,552400545,2,19,0,18,19,4,8,0,0,8,0,0,0,0,1,1,1,1,1,23,5,1500,2,3,CITROEN DISPATCH,5,E01015296,0,3
2024041527094,2024,041527094,1,19,0,-1,19,5,1,-1,0,0,0,0,1,4,2,1,-1,6,1,41,7,1500,2,5,CITROEN DISPATCH,6,E01025483,0,3
2024010540598,2024,010540598,1,19,0,18,19,3,7,0,0,8,0,0,0,0,1,1,6,6,1,32,6,1997,2,7,CITROEN DISPATCH,8,E01026577,0,5
2024421523006,2024,421523006,1,8,0,-1,19,2,7,-1,2,2,0,0,0,0,1,1,-1,1,1,31,6,1997,2,10,CITROEN DISPATCH,9,E01021632,0,1
2024201464041,2024,201464041,1,19,0,-1,4,2,6,-1,0,1,0,4,0,0,1,1,-1,1,1,21,5,1560,2,5,CITROEN DISPATCH,-1,-1,0,-1
2024501414740,2024,501414740,1,19,0,-1,3,8,4,-1,0,0,0,0,0,0,2,1,-1,1,1,67,10,1997,2,4,CITROEN DISPATCH,5,E01018940,0,4
2024131417916,2024,131417916,1,19,0,-1,19,7,3,-1,0,8,0,0,0,0,1,1,-1,1,1,32,6,1997,2,9,CITROEN DISPATCH,1,E01011471,0,1
2024622400827,2024,622400827,3,19,0,18,19,8,4,0,0,0,0,0,0,0,2,1,1,1,1,44,7,1560,2,7,CITROEN DISPATCH,10,W01001846,0,2
2024541251524,2024,541251524,1,19,0,18,19,5,1,0,0,0,0,0,0,0,1,1,6,6,1,69,10,1560,2,6,CITROEN DISPATCH,3,E01031956,0,4
2024061474621,2024,061474621,1,19,0,-1,2,-1,-1,-1,0,0,0,0,0,0,3,1,-1,2,1,56,9,1997,2,1,CITROEN DISPATCH,3,E01005360,0,2
2024052402839,2024,052402839,1,19,0,18,19,1,5,0,0,1,0,0,0,0,3,1,6,6,1,58,9,1560,2,11,CITROEN DISPATCH,6,E01007033,0,1
2024501484234,2024,501484234,1,19,0,-1,5,3,7,-1,0,4,0,0,0,0,1,1,-1,1,1,50,8,1868,2,19,CITROEN DISPATCH,5,E01019923,0,2
2024320699324,2024,320699324,1,19,0,-1,-1,8,4,0,0,1,0,0,0,0,1,1,-1,-1,2,32,6,1560,2,5,CITROEN DISPATCH,6,E01026282,0,1
2024211506004,2024,211506004,1,8,0,-1,9,1,4,-1,0,3,0,0,0,0,3,1,-1,1,1,51,8,1997,2,11,CITROEN DISPATCH,1,E01014273,0,1
2024201471107,2024,201471107,1,19,0,-1,3,3,7,-1,0,4,0,0,0,0,2,1,-1,1,1,42,7,1560,2,7,CITROEN DISPATCH,9,E01010494,0,1
2024471509668,2024,471509668,2,19,0,-1,19,3,7,-1,0,0,0,0,1,0,1,1,-1,2,1,61,9,2000,2,2,CITROEN DISPATCH,5,E01031523,0,4
2024010533727,2024,010533727,2,19,0,16,19,1,5,0,0,1,0,0,0,0,4,1,1,1,2,33,6,1499,2,1,CITROEN DISPATCH,4,E01002393,0,3
2024311454264,2024,311454264,5,19,0,-1,19,6,2,-1,0,0,0,0,0,0,1,1,-1,6,1,60,9,1560,2,10,CITROEN DISPATCH,2,E01028269,0,1
2024010520800,2024,010520800,1,19,0,18,19,3,7,0,0,1,0,0,0,0,0,1,6,6,1,47,8,1997,2,5,CITROEN DISPATCH,10,E01032624,0,3
2024340WN0502,2024,340WN0502,1,19,0,-1,19,6,2,-1,0,0,0,0,0,0,4,1,-1,1,1,27,6,1997,2,4,CITROEN DISPATCH,3,E01027137,0,3
2024471511042,2024,471511042,1,19,0,-1,19,8,4,-1,0,0,5,0,0,0,1,1,-1,1,1,41,7,1560,2,6,CITROEN DISPATCH,5,E01024179,0,4
2024061494663,2024,061494663,2,19,9,-1,99,-1,-1,-1,99,9,9,99,9,99,9,9,-1,6,3,-1,-1,1560,2,17,CITROEN DISPATCH,-1,-1,0,-1
2024231478752,2024,231478752,3,19,0,-1,4,4,8,-1,0,0,0,0,0,0,2,1,-1,1,1,32,6,1500,2,3,CITROEN DISPATCH,7,E01009652,0,2
2024351503467,2024,351503467,1,19,0,-1,19,1,5,-1,0,0,0,0,0,0,1,1,-1,1,1,56,9,1500,2,2,CITROEN DISPATCH,7,E01026251,0,4
2024421431069,2024,421431069,2,19,0,-1,9,6,4,-1,0,8,0,0,0,0,4,1,-1,6,1,46,8,-1,3,1,CITROEN DISPATCH,5,E01021814,0,2
2024991516414,2024,991516414,1,19,0,-1,15,6,2,-1,0,1,0,0,0,0,4,1,-1,1,1,33,6,1997,2,8,CITROEN DISPATCH,10,-1,0,3
2024531458648,2024,531458648,2,19,0,-1,19,7,3,-1,0,8,0,0,0,0,4,1,-1,9,1,23,5,1500,2,4,CITROEN DISPATCH,8,E01022423,0,1
2024010518383,2024,010518383,1,19,0,9,9,5,3,0,0,5,0,0,0,0,1,1,6,6,1,50,8,1499,2,2,CITROEN DISPATCH,6,E01002161,0,1
2024161414479,2024,161414479,2,19,0,-1,2,0,0,-1,0,0,0,0,0,0,1,1,-1,6,-1,-1,-1,1500,2,4,CITROEN DISPATCH,-1,-1,0,-1
2024520403367,2024,520403367,2,19,0,18,19,7,3,0,0,8,0,0,0,0,1,1,6,6,1,33,6,1499,2,2,CITROEN DISPATCH,5,E01029163,0,1
2024501455778,2024,501455778,2,19,0,-1,9,3,1,-1,0,5,0,0,0,0,1,1,-1,6,2,64,9,1560,2,12,CITROEN DISPATCH,6,E01019903,0,1
2024161417540,2024,161417540,2,19,0,-1,19,5,8,-1,0,8,0,0,0,0,1,1,-1,9,1,56,9,1500,2,3,CITROEN DISPATCH,5,E01012773,0,3
2024041513208,2024,041513208,1,19,0,-1,9,5,1,-1,0,6,0,0,0,0,1,1,-1,9,1,22,5,1500,2,4,CITROEN DISPATCH,1,-1,0,5
2024070034980,2024,070034980,1,19,0,18,19,3,7,0,0,4,0,0,0,0,1,1,6,6,2,37,7,1997,2,10,CITROEN DISPATCH,7,E01018345,0,1
2024010503302,2024,010503302,1,19,0,7,7,7,8,0,0,2,0,0,0,0,1,1,2,2,1,30,6,1560,2,5,CITROEN DISPATCH,1,E01001838,0,1
2024522500147,2024,522500147,2,19,0,1,1,1,5,0,0,0,0,0,0,0,2,1,1,1,3,-1,-1,1997,2,1,CITROEN DISPATCH,-1,-1,0,-1
2024201519017,2024,201519017,1,19,0,-1,19,6,2,-1,0,4,0,0,0,0,1,1,-1,1,1,31,6,1560,2,11,CITROEN DISPATCH,1,E01009493,0,2
2024010502190,2024,010502190,1,19,0,7,7,3,5,0,0,1,0,0,0,0,1,1,6,6,1,34,6,1560,2,6,CITROEN DISPATCH,5,E01003718,0,4
2024411498746,2024,411498746,1,19,0,-1,2,0,0,-1,0,0,0,0,0,0,2,1,-1,9,1,26,6,1500,2,2,CITROEN DISPATCH,4,E01017712,0,3
2024131526912,2024,131526912,2,20,0,-1,19,5,1,-1,1,1,0,0,0,0,1,1,-1,6,1,27,6,-1,-1,-1,CITROEN DISPATCH,6,E01010918,0,1
2024421426687,2024,421426687,2,19,0,-1,19,1,5,-1,0,2,0,0,0,0,3,1,-1,9,1,58,9,1560,2,5,CITROEN DISPATCH,6,E01021770,0,1
2024311548121,2024,311548121,1,19,0,-1,19,1,5,-1,0,0,0,0,0,0,4,1,-1,1,1,53,8,1560,2,9,CITROEN DISPATCH,-1,-1,0,-1
2024131494570,2024,131494570,1,19,0,-1,19,1,1,-1,0,3,0,0,0,0,3,1,-1,1,1,39,7,1499,2,1,CITROEN DISPATCH,2,E01010682,0,1
2024010525553,2024,010525553,2,19,0,5,5,3,7,0,0,2,0,0,0,0,2,1,6,6,1,52,8,1499,2,1,CITROEN DISPATCH,5,E01018005,0,4
2024461459552,2024,461459552,3,19,0,-1,3,1,2,-1,0,0,0,0,0,0,3,1,-1,2,1,62,9,1500,2,2,CITROEN DISPATCH,4,E01035318,0,1
2024371515901,2024,371515901,1,19,0,-1,2,0,0,-1,0,1,0,0,0,0,4,1,-1,6,1,59,9,1560,2,11,CITROEN DISPATCH,7,E01021718,0,3
2024440219417,2024,440219417,4,19,0,2,2,0,0,0,0,2,0,0,0,0,2,1,1,1,1,38,7,1560,2,9,CITROEN DISPATCH,3,E01017350,0,2
2024401412253,2024,401412253,2,19,0,-1,2,0,0,-1,0,0,0,0,0,0,1,1,-1,6,1,67,10,1560,2,6,CITROEN DISPATCH,6,E01023663,0,2
2024440024169,2024,440024169,1,19,0,18,19,1,5,0,0,2,0,0,0,0,4,1,1,1,1,36,7,1997,2,5,CITROEN DISPATCH,3,E01017076,0,1
2024332400452,2024,332400452,2,19,0,-1,7,8,2,-1,0,5,5,0,0,2,2,1,-1,1,1,44,7,1997,2,9,CITROEN DISPATCH,4,E01025766,0,1
2024221509191,2024,221509191,2,19,0,-1,19,3,7,-1,0,8,2,0,0,0,4,1,-1,9,1,53,8,1868,2,18,CITROEN DISPATCH,8,E01014061,0,2
2024010511580,2024,010511580,4,19,0,3,3,3,7,0,0,1,0,0,0,0,0,1,6,6,1,42,7,1500,2,3,CITROEN DISPATCH,2,E01000052,0,1
2024461497544,2024,461497544,1,19,0,-1,19,3,7,-1,0,0,0,0,0,0,1,9,-1,6,1,26,6,1997,2,5,CITROEN DISPATCH,3,E01001690,0,3
2024131415417,2024,131415417,1,19,0,-1,-1,-1,-1,-1,-1,-1,-1,-1,-1,-1,-1,1,-1,6,3,-1,-1,1868,2,17,CITROEN DISPATCH,-1,-1,0,-1
2024010535441,2024,010535441,1,19,0,18,19,4,8,0,0,2,0,0,0,0,1,1,2,2,1,61,9,1560,2,6,CITROEN DISPATCH,8,E01004144,0,1
2024991400059,2024,991400059,1,19,0,-1,19,4,8,-1,0,6,0,4,0,0,1,1,-1,1,1,26,6,1997,2,4,CITROEN DISPATCH,-1,-1,0,-1
2024010543305,2024,010543305,1,19,0,7,7,1,3,0,0,1,0,0,0,0,4,1,2,2,1,26,6,1997,2,1,CITROEN DISPATCH,7,E01004275,0,1
2024501529384,2024,501529384,1,19,0,-1,1,4,8,-1,0,0,0,0,0,0,2,1,-1,2,2,62,9,1997,2,1,CITROEN DISPATCH,2,E01020015,0,1
2024320516013,2024,320516013,3,19,0,3,3,0,0,0,0,1,0,0,0,0,3,1,1,1,1,28,6,1997,2,2,CITROEN DISPATCH,9,E01026226,0,3
2024302400243,2024,302400243,2,8,0,4,4,5,1,0,0,0,0,11,0,0,4,1,1,1,1,23,5,1997,2,14,CITROEN DISPATCH,2,E01019563,0,3
2024548788324,2024,548788324,2,19,0,10,10,8,5,0,0,1,0,0,0,0,2,1,1,1,1,42,7,1997,2,22,CITROEN DISPATCH,6,E01031871,0,3
2024311518004,2024,311518004,2,19,-1,-1,19,4,7,-1,0,3,0,0,0,0,3,9,-1,9,3,-1,-1,1560,2,7,CITROEN DISPATCH,-1,-1,0,-1
2024010547861,2024,010547861,1,19,0,99,99,9,9,99,99,9,9,99,9,99,9,9,6,6,2,44,7,1997,2,7,CITROEN DISPATCH,4,E01021849,0,4
2024201482534,2024,201482534,1,19,0,-1,19,5,1,-1,0,1,0,0,0,0,1,1,-1,1,1,40,7,1560,2,8,CITROEN DISPATCH,-1,-1,0,-1
2024440119631,2024,440119631,2,19,0,7,7,5,7,0,0,0,0,0,0,0,4,1,6,6,1,36,7,1997,2,8,CITROEN DISPATCH,2,E01022900,0,1
2024451454589,2024,451454589,1,19,0,-1,4,6,1,-1,0,0,0,0,0,0,1,1,-1,9,1,33,6,1499,2,2,CITROEN DISPATCH,8,E01004156,0,2
2024520402769,2024,520402769,1,19,0,9,9,3,1,0,0,5,0,10,0,0,4,1,6,6,1,33,6,1560,2,14,CITROEN DISPATCH,1,E01029247,0,1
2024031443447,2024,031443447,1,19,-1,-1,19,5,1,-1,0,1,0,11,0,0,4,1,-1,6,3,-1,-1,1560,2,11,CITROEN DISPATCH,-1,-1,0,-1
2024552400335,2024,552400335,1,19,0,18,19,1,5,0,0,6,0,0,0,0,1,1,2,2,1,57,9,2000,2,2,CITROEN DISPATCH,4,E01015346,0,1
2024061404010,2024,061404010,1,19,0,-1,19,1,5,-1,0,0,0,0,0,0,1,1,-1,1,1,69,10,1560,2,5,CITROEN DISPATCH,1,E01005706,0,3
2024520401856,2024,520401856,2,19,0,18,19,3,7,0,0,0,0,0,0,0,1,1,6,6,1,21,5,1560,2,6,CITROEN DISPATCH,8,E01014443,0,2
2024461530972,2024,461530972,2,19,0,-1,10,3,3,-1,0,0,0,0,0,0,2,2,-1,1,1,43,7,1499,2,1,CITROEN DISPATCH,7,E01024094,0,3
2024471493814,2024,471493814,1,19,0,-1,9,6,3,-1,0,1,0,0,0,0,1,1,-1,1,1,36,7,1997,2,2,CITROEN DISPATCH,3,E01021127,0,2
2024991420668,2024,991420668,2,19,0,-1,7,3,5,-1,0,8,0,0,0,0,2,1,-1,1,1,53,8,1997,2,6,CITROEN DISPATCH,2,-1,0,2
2024461521866,2024,461521866,2,19,0,-1,19,1,5,-1,0,1,0,0,0,0,2,1,-1,1,1,56,9,1500,2,5,CITROEN DISPATCH,5,E01016088,0,3
2024010541709,2024,010541709,2,19,0,-1,-1,3,7,0,0,1,0,0,0,0,3,1,1,1,1,36,7,1499,2,1,CITROEN DISPATCH,2,E01003184,0,2
2024501449921,2024,501449921,1,19,0,-1,1,7,3,-1,0,0,0,0,0,0,2,9,-1,6,1,39,7,1997,2,5,CITROEN DISPATCH,3,E01018759,0,1
2024010511341,2024,010511341,1,19,0,9,9,5,3,0,0,5,0,0,0,0,1,1,1,1,1,58,9,1499,2,0,CITROEN DISPATCH,8,E01034606,0,2
2024041468418,2024,041468418,2,19,0,-1,2,0,0,-1,0,0,0,0,0,0,3,1,-1,1,1,53,8,1997,2,2,CITROEN DISPATCH,1,E01025423,0,1
2024411492086,2024,411492086,1,19,0,-1,20,-1,-1,-1,-1,0,0,0,0,0,4,1,-1,1,1,56,9,1560,2,7,CITROEN DISPATCH,5,E01024428,0,4
2024070597543,2024,070597543,1,19,0,18,19,3,7,0,0,0,0,0,0,0,1,1,6,6,1,-1,-1,1560,2,9,CITROEN DISPATCH,-1,-1,0,-1
2024010504172,2024,010504172,2,19,0,99,99,9,9,99,99,9,9,99,9,99,9,9,6,6,3,-1,-1,1997,2,1,CITROEN DISPATCH,6,E01002142,0,3
2024041455349,2024,041455349,1,19,0,-1,19,1,3,-1,0,8,0,0,0,0,1,1,-1,1,1,64,9,1500,2,4,CITROEN DISPATCH,8,E01025018,0,4
2024010493244,2024,010493244,1,19,0,18,19,3,7,0,0,8,0,0,0,0,1,1,2,2,1,58,9,-1,3,2,CITROEN DISPATCH,1,E01022043,0,5
2024531405539,2024,531405539,3,19,0,-1,3,5,1,-1,0,0,0,0,0,0,2,1,-1,1,1,22,5,1560,2,8,CITROEN DISPATCH,4,E01022241,0,3
2024440117288,2024,440117288,2,19,0,18,19,2,6,0,0,8,0,0,4,6,4,1,1,1,1,38,7,1997,2,1,CITROEN DISPATCH,8,E01030890,0,2
2024371504344,2024,371504344,1,19,0,-1,7,5,7,-1,0,8,0,0,0,0,3,1,-1,1,1,56,9,1997,2,0,CITROEN DISPATCH,5,E01030141,0,1
2024501473154,2024,501473154,1,19,0,-1,13,1,5,-1,0,0,0,0,0,0,1,1,-1,1,1,28,6,1499,2,2,CITROEN DISPATCH,1,E01015144,0,4
2024340NN3732,2024,340NN3732,1,19,0,-1,19,3,7,-1,0,2,5,0,1,4,0,1,-1,9,1,31,6,1868,2,20,CITROEN DISPATCH,2,E01027105,0,1
2024451516583,2024,451516583,1,19,0,-1,9,4,8,-1,0,8,0,0,0,0,1,1,-1,1,1,33,6,1500,2,5,CITROEN DISPATCH,10,E01004097,0,2
2024201415129,2024,201415129,2,8,0,-1,19,1,5,-1,0,0,0,0,0,0,3,1,-1,1,1,54,8,1997,2,10,CITROEN DISPATCH,2,E01008915,0,3
2024430323096,2024,430323096,1,19,0,18,19,7,3,0,0,2,0,0,0,0,1,1,1,1,1,32,6,1500,2,3,CITROEN DISPATCH,7,E01017577,0,3
2024041414836,2024,041414836,1,19,0,-1,19,5,1,-1,0,0,1,0,5,6,3,1,-1,9,1,65,9,1560,2,11,CITROEN DISPATCH,1,E01019122,0,5
2024430476618,2024,430476618,5,19,0,18,19,1,5,0,0,0,0,0,0,0,2,1,1,1,1,43,7,1499,2,0,CITROEN DISPATCH,8,E01017838,0,1
2024340WN3022,2024,340WN3022,2,19,0,-1,19,5,1,-1,0,8,0,0,0,0,3,1,-1,2,1,52,8,1560,2,6,CITROEN DISPATCH,3,E01027184,0,1
2024010508091,2024,010508091,1,19,0,18,19,1,5,0,0,0,0,0,0,0,3,1,6,6,1,52,8,1500,2,3,CITROEN DISPATCH,6,E01002544,0,1
2024401509409,2024,401509409,2,19,0,-1,9,4,2,-1,0,6,0,0,0,0,1,1,-1,1,1,50,8,1560,2,11,CITROEN DISPATCH,8,E01034448,0,3
2024471515346,2024,471515346,2,19,0,-1,19,1,5,-1,0,4,0,0,0,0,2,1,-1,9,1,34,6,1499,2,1,CITROEN DISPATCH,5,E01015554,0,5
2024451457483,2024,451457483,2,19,0,-1,8,5,7,-1,0,1,0,0,0,0,4,1,-1,2,1,41,7,1997,2,3,CITROEN DISPATCH,10,E01030682,0,2
2024451427844,2024,451427844,2,19,0,-1,19,7,3,-1,0,0,0,0,0,0,1,1,-1,2,1,51,8,1997,2,2,CITROEN DISPATCH,9,E01030477,0,1
2024461431214,2024,461431214,2,19,0,-1,4,6,2,-1,0,0,1,0,0,0,2,1,-1,1,1,41,7,1500,2,4,CITROEN DISPATCH,2,E01032799,0,2
2024351524870,2024,351524870,2,19,0,-1,19,7,3,-1,0,0,0,0,0,0,2,1,-1,2,1,43,7,1499,2,0,CITROEN DISPATCH,4,E01023790,0,4
2024421451804,2024,421451804,2,19,0,-1,19,6,1,-1,0,0,0,0,0,0,3,9,-1,2,1,34,6,1560,2,6,CITROEN DISPATCH,5,E01021880,0,1
2024401430396,2024,401430396,1,19,0,-1,4,2,6,-1,0,1,1,0,0,0,1,1,-1,1,1,40,7,1997,2,5,CITROEN DISPATCH,1,E01025584,0,5
2024061474046,2024,061474046,1,5,0,-1,19,1,1,-1,0,0,0,0,0,0,1,1,-1,9,1,55,8,1312,1,12,MAKE AND MODEL REDACTED,8,E01005775,0,3
2024421469212,2024,421469212,3,4,0,-1,19,3,7,-1,0,1,0,0,0,0,1,1,-1,2,1,51,8,125,1,3,MAKE AND MODEL REDACTED,9,E01021944,0,3
2024430439546,2024,430439546,2,4,0,18,19,2,6,0,0,0,0,0,0,0,3,1,6,6,1,38,7,125,1,2,MAKE AND MODEL REDACTED,3,E01033857,0,2
2024361431882,2024,361431882,1,4,0,-1,4,5,1,-1,0,0,1,0,0,0,4,1,-1,6,1,33,6,125,1,3,MAKE AND MODEL REDACTED,1,E01026619,0,1
2024440224925,2024,440224925,2,9,0,18,19,4,8,0,0,1,0,0,1,0,1,1,6,6,2,46,8,2488,8,0,MAZDA CX-60,6,E01017214,0,1
2024070585312,2024,070585312,1,9,0,4,4,3,7,0,0,1,0,0,0,0,4,1,6,6,1,79,11,3283,2,1,MAZDA CX-60,8,E01012473,0,1
2024010535510,2024,010535510,2,9,0,18,19,3,7,0,0,8,0,7,4,11,3,1,1,1,1,59,9,2488,8,1,MAZDA CX-60,-1,-1,0,-1
2024131512689,2024,131512689,2,9,0,-1,19,2,6,-1,0,0,0,0,0,0,3,1,-1,9,1,30,6,2488,8,1,MAZDA CX-60,3,E01008631,0,5
2024010525710,2024,010525710,2,9,0,99,99,9,9,99,99,9,9,99,9,99,9,9,6,6,3,-1,-1,2488,8,0,MAZDA CX-60,9,E01000205,0,2
2024471450676,2024,471450676,1,9,0,-1,7,1,3,-1,0,0,0,0,0,0,1,1,-1,9,1,33,6,2488,8,2,MAZDA CX-60,6,E01031782,0,1
2024531504493,2024,531504493,3,9,0,-1,19,5,1,-1,0,4,0,0,0,0,0,1,-1,6,1,59,9,2488,8,0,MAZDA CX-60,8,E01022280,0,1
2024010517348,2024,010517348,2,9,0,99,99,9,9,99,99,9,9,99,9,99,1,9,6,6,3,-1,-1,2488,8,0,MAZDA CX-60,-1,-1,0,-1
2024221441371,2024,221441371,3,9,0,-1,19,8,4,-1,0,8,0,0,0,0,3,1,-1,1,1,46,8,2488,8,1,MAZDA CX-60,8,E01027973,0,5
2024010523903,2024,010523903,1,9,0,11,11,1,5,0,0,8,0,0,0,0,4,1,1,1,1,24,5,2488,8,1,MAZDA CX-60,9,E01021156,0,4
2024052401539,2024,052401539,2,9,0,18,19,7,3,0,0,0,0,0,0,0,1,1,6,6,1,69,10,2488,8,1,MAZDA CX-60,9,E01007182,0,2
2024071073197,2024,071073197,2,9,0,-1,19,1,5,-1,0,0,0,0,0,0,2,1,-1,9,2,49,8,2488,8,1,MAZDA CX-60,7,E01016401,0,5
2024631448157,2024,631448157,1,9,0,-1,9,6,4,-1,0,5,0,0,0,0,1,1,-1,9,2,54,8,2989,12,0,MAKE AND MODEL REDACTED,9,W01001423,0,5
2024461487152,2024,461487152,1,9,0,-1,19,3,7,-1,0,0,0,0,0,0,1,1,-1,9,2,45,7,2987,2,7,MAKE AND MODEL REDACTED,1,E01012857,0,5
2024451403256,2024,451403256,1,9,0,-1,9,6,5,-1,0,0,0,0,0,0,2,2,-1,2,2,40,7,2925,2,4,MAKE AND MODEL REDACTED,9,E01030309,0,1
2024522402766,2024,522402766,2,9,0,18,19,2,6,0,0,1,0,0,0,0,1,1,6,6,3,-1,-1,2987,2,6,MAKE AND MODEL REDACTED,-1,-1,0,-1
2024010513821,2024,010513821,1,9,0,18,19,5,1,0,0,8,0,0,0,0,4,1,6,6,2,34,6,2925,2,1,MAKE AND MODEL REDACTED,4,E01001883,0,1
2024131440249,2024,131440249,2,3,0,-1,19,4,8,-1,0,0,0,0,0,0,1,1,-1,9,1,51,8,125,1,1,MAKE AND MODEL REDACTED,4,E01011462,0,2
2024052401349,2024,052401349,2,3,0,18,19,6,2,0,0,0,0,0,0,0,1,1,6,6,1,43,7,125,1,0,MAKE AND MODEL REDACTED,1,E01006768,0,2
2024131451359,2024,131451359,1,4,0,-1,13,3,7,-1,0,8,5,0,0,0,1,1,-1,9,1,15,3,125,1,1,MAKE AND MODEL REDACTED,2,E01011552,0,1
2024211426927,2024,211426927,1,11,0,-1,9,6,4,-1,0,3,0,0,0,0,1,1,-1,1,1,63,9,8268,2,20,MAKE AND MODEL REDACTED,6,E01025562,0,5
2024201464042,2024,201464042,2,11,0,-1,2,0,0,-1,0,0,0,0,0,0,0,9,-1,1,1,-1,-1,8268,2,20,MAKE AND MODEL REDACTED,3,E01008945,0,1
2024122500169,2024,122500169,2,11,0,5,5,7,3,0,0,8,0,0,0,0,0,1,1,1,1,30,6,8268,2,20,MAKE AND MODEL REDACTED,8,E01027801,0,4
2024552500061,2024,552500061,1,9,0,18,19,8,4,0,0,0,0,0,0,0,1,1,6,6,2,65,9,1969,8,0,VOLVO XC60,4,E01020460,0,1
2024052401153,2024,052401153,1,9,0,18,19,7,3,0,0,1,0,0,0,0,0,1,1,1,1,45,7,1969,2,5,VOLVO XC60,-1,-1,0,-1
2024061453049,2024,061453049,1,9,0,-1,5,8,4,-1,0,2,0,0,0,0,1,1,-1,2,2,50,8,1969,2,8,VOLVO XC60,9,E01005413,0,1
2024531519507,2024,531519507,1,9,0,-1,14,3,7,-1,0,0,0,0,0,0,4,9,-1,6,2,43,7,2400,2,11,VOLVO XC60,10,E01022350,0,1
2024451467655,2024,451467655,2,9,0,-1,19,1,5,-1,0,2,0,0,0,0,3,1,-1,6,1,69,10,1969,2,6,VOLVO XC60,8,E01030865,0,1
2024440269666,2024,440269666,2,9,0,9,9,6,4,0,0,8,0,0,0,0,4,1,6,6,1,41,7,2400,2,11,VOLVO XC60,8,E01017215,0,1
2024231462083,2024,231462083,1,9,0,-1,9,1,2,-1,0,6,0,0,0,0,1,9,-1,6,1,78,11,1969,2,9,VOLVO XC60,7,E01031038,0,1
2024101528114,2024,101528114,1,9,0,-1,2,0,0,-1,0,8,0,0,0,0,1,1,-1,7,1,37,7,1969,8,2,VOLVO XC60,8,E01035628,0,2
2024101489627,2024,101489627,1,9,0,-1,11,1,5,-1,0,0,0,0,0,0,4,1,-1,9,1,69,10,1969,12,3,VOLVO XC60,-1,-1,0,-1
2024622400568,2024,622400568,1,9,0,18,19,7,3,0,0,0,0,0,0,0,1,1,6,6,2,38,7,2400,2,13,VOLVO XC60,4,W01001290,0,1
2024122500091,2024,122500091,2,9,0,10,10,3,1,0,0,6,0,0,0,0,1,1,6,6,2,42,7,2400,2,15,VOLVO XC60,2,E01027850,0,1
2024440240946,2024,440240946,3,9,0,18,19,2,6,0,0,0,0,0,0,0,0,1,6,6,3,-1,-1,1969,2,9,VOLVO XC60,-1,-1,0,-1
2024991526918,2024,991526918,1,9,0,-1,13,6,2,-1,0,1,0,0,0,0,1,1,-1,6,1,24,5,1969,8,0,VOLVO XC60,-1,-1,0,-1
2024070644770,2024,070644770,2,9,0,5,5,4,8,0,0,0,0,0,0,0,4,1,6,6,1,63,9,1969,2,7,VOLVO XC60,3,E01018747,0,1
2024411441089,2024,411441089,1,9,0,-1,19,1,5,-1,0,0,0,0,0,0,1,1,-1,9,1,66,10,1969,8,4,VOLVO XC60,9,E01023597,0,1
2024010519724,2024,010519724,2,9,0,9,9,1,7,0,0,8,0,0,0,0,1,1,6,6,1,53,8,1969,2,10,VOLVO XC60,9,E01000966,0,1
2024421526438,2024,421526438,1,9,0,-1,5,6,4,-1,0,2,0,0,0,0,1,1,-1,7,2,35,6,2400,2,11,VOLVO XC60,6,E01021348,0,1
2024131501358,2024,131501358,5,9,0,-1,19,1,5,-1,0,0,0,0,0,0,4,1,-1,9,1,58,9,1969,2,8,VOLVO XC60,9,-1,0,5
2024101408085,2024,101408085,1,9,0,-1,12,8,4,-1,0,0,0,0,0,0,3,1,-1,9,2,38,7,2400,2,10,VOLVO XC60,1,E01027519,0,3
2024522401950,2024,522401950,2,9,0,4,4,6,2,0,0,0,0,0,0,0,2,1,6,6,2,37,7,1969,2,6,VOLVO XC60,9,E01031888,0,2