collision_index,collision_year,collision_ref_no,vehicle_reference,vehicle_type,towing_and_articulation,vehicle_manoeuvre_historic,vehicle_manoeuvre,vehicle_direction_from,vehicle_direction_to,vehicle_location_restricted_lane_historic,vehicle_location_restricted_lane,junction_location,skidding_and_overturning,hit_object_in_carriageway,vehicle_leaving_carriageway,hit_object_off_carriageway,first_point_of_impact,vehicle_left_hand_drive,journey_purpose_of_driver_historic,journey_purpose_of_driver,sex_of_driver,age_of_driver,age_band_of_driver,engine_capacity_cc,propulsion_code,age_of_vehicle,generic_make_model,driver_imd_decile,lsoa_of_driver,escooter_flag,driver_distance_banding
2024010513051,2024,010513051,2,9,0,99,99,9,9,99,99,9,9,99,9,99,9,9,6,6,3,55,8,1969,1,5,VOLVO XC60,10,E01003805,0,1
2024401428251,2024,401428251,2,9,0,-1,3,4,8,-1,0,0,0,0,0,0,2,1,-1,9,2,34,6,1969,2,7,VOLVO XC60,3,E01017518,0,1
2024411529194,2024,411529194,1,9,-1,-1,-1,-1,-1,-1,-1,-1,-1,-1,-1,0,1,9,-1,6,1,-1,-1,1969,8,1,VOLVO XC60,9,E01023674,0,1
2024311524987,2024,311524987,1,9,0,-1,7,5,3,-1,0,1,0,0,0,0,1,9,-1,6,1,36,7,2400,2,8,VOLVO XC60,10,E01028215,0,1
2024421440388,2024,421440388,3,9,0,-1,19,1,5,-1,0,0,0,0,0,0,2,1,-1,6,1,33,6,1969,12,1,VOLVO XC60,6,E01034579,0,4
2024201419671,2024,201419671,1,9,0,-1,19,4,8,-1,0,8,0,0,0,0,1,9,-1,6,2,28,6,2400,2,8,VOLVO XC60,2,E01027243,0,4
2024631475972,2024,631475972,1,9,0,-1,12,4,8,-1,0,0,0,0,0,0,1,1,-1,6,1,66,10,1969,8,0,VOLVO XC60,-1,-1,0,-1
2024451480967,2024,451480967,2,9,0,-1,15,1,5,-1,0,0,0,0,0,0,1,2,-1,9,1,31,6,1969,12,0,VOLVO XC60,6,E01000946,0,4
2024991406067,2024,991406067,2,9,0,-1,2,0,0,-1,9,2,0,0,0,0,1,1,-1,6,-1,-1,-1,1969,8,3,VOLVO XC60,-1,-1,0,-1
2024010499270,2024,010499270,2,9,0,99,99,9,9,99,99,9,9,99,9,99,1,9,6,6,3,-1,-1,1969,2,6,VOLVO XC60,-1,-1,0,-1
2024201484913,2024,201484913,1,9,0,-1,19,6,2,-1,0,8,0,0,0,0,4,1,-1,9,1,51,8,1969,2,8,VOLVO XC60,2,E01009123,0,1
2024340WN4332,2024,340WN4332,3,9,0,-1,19,3,7,-1,0,0,0,0,0,0,1,1,-1,1,2,49,8,1969,8,1,VOLVO XC60,7,E01027162,0,1
2024991448655,2024,991448655,1,9,0,-1,13,4,8,-1,0,0,0,0,7,0,1,1,-1,9,1,37,7,1969,8,0,VOLVO XC60,-1,-1,0,-1
2024052402429,2024,052402429,2,9,0,1,1,8,4,0,0,0,0,0,0,0,2,1,6,6,1,33,6,2400,2,10,VOLVO XC60,1,E01006416,0,1
2024451425174,2024,451425174,1,9,0,-1,5,5,1,-1,0,4,0,0,0,0,1,1,-1,9,1,59,9,1969,8,4,VOLVO XC60,7,E01031516,0,4
2024131396146,2024,131396146,1,9,0,-1,19,6,2,-1,0,2,0,0,0,0,1,1,-1,2,2,42,7,2400,2,11,VOLVO XC60,3,E01011940,0,2
2024101418238,2024,101418238,1,9,0,-1,19,7,3,-1,0,1,0,0,0,0,1,1,-1,9,1,44,7,2400,2,12,VOLVO XC60,7,E01008585,0,2
2024161416639,2024,161416639,2,9,0,-1,5,5,1,-1,0,1,0,0,0,0,4,9,-1,6,2,30,6,1984,2,13,VOLVO XC60,5,E01013003,0,1
2024991449635,2024,991449635,1,9,0,-1,19,1,5,-1,0,0,1,0,1,4,1,1,-1,6,2,38,7,1969,12,3,VOLVO XC60,10,-1,0,1
2024411503346,2024,411503346,1,9,0,-1,19,8,4,-1,0,1,0,0,0,0,4,1,-1,9,1,58,9,1984,2,13,VOLVO XC60,2,-1,0,5
2024061525037,2024,061525037,2,9,0,-1,19,4,8,-1,0,0,1,0,0,0,1,9,-1,6,1,68,10,1969,2,6,VOLVO XC60,2,E01005704,0,1
2024141403559,2024,141403559,2,9,0,-1,19,4,8,-1,0,0,0,0,0,0,3,1,-1,9,2,36,7,1969,2,10,VOLVO XC60,1,E01007377,0,3
2024361484655,2024,361484655,2,9,0,-1,10,4,2,-1,0,8,0,0,0,0,2,9,-1,9,1,61,9,1969,8,5,VOLVO XC60,1,E01033437,0,1
2024361523090,2024,361523090,2,9,0,-1,3,4,8,-1,0,0,0,0,0,0,2,1,-1,9,2,33,6,1969,1,6,VOLVO XC60,5,E01026878,0,3
2024010515244,2024,010515244,1,9,0,9,9,3,2,0,0,5,0,0,0,0,1,1,6,6,1,61,9,1969,1,6,VOLVO XC60,5,E01001931,0,1
2024010494437,2024,010494437,2,9,9,99,99,9,9,99,99,9,9,99,9,99,9,9,6,6,3,-1,-1,1969,2,8,VOLVO XC60,-1,-1,0,-1
2024430430429,2024,430430429,2,9,0,4,4,1,5,2,2,1,0,0,0,0,2,1,6,6,1,-1,-1,1969,8,3,VOLVO XC60,7,E01028728,0,4
2024430595752,2024,430595752,2,9,0,3,3,6,2,0,0,0,0,0,0,0,2,1,6,6,1,30,6,1969,1,6,VOLVO XC60,10,E01016575,0,4
2024041457302,2024,041457302,2,9,0,-1,2,0,0,-1,0,1,0,0,0,0,2,1,-1,6,-1,-1,-1,1969,2,7,VOLVO XC60,-1,-1,0,-1
202417S212824,2024,17S212824,3,9,0,-1,8,0,0,-1,0,0,0,0,0,0,3,1,-1,2,2,48,8,2400,2,13,VOLVO XC60,7,E01020796,0,3
2024610056724,2024,610056724,2,9,0,16,19,3,6,0,0,0,0,0,0,0,1,1,3,7,1,76,11,1969,12,3,VOLVO XC60,9,W01000015,0,5
2024340NN4652,2024,340NN4652,2,9,0,-1,19,3,7,-1,0,0,0,0,0,0,0,1,-1,6,1,-1,-1,1969,8,1,VOLVO XC60,6,E01027090,0,1
2024201567108,2024,201567108,1,9,0,-1,9,1,5,-1,0,0,0,0,0,0,4,9,-1,6,1,-1,-1,1969,8,2,VOLVO XC60,-1,-1,0,-1
2024231450287,2024,231450287,2,9,0,-1,3,2,4,-1,0,1,0,0,0,0,2,9,-1,6,1,37,7,2400,2,11,VOLVO XC60,5,E01032342,0,2
2024430258918,2024,430258918,1,9,0,3,3,6,2,0,0,0,0,0,0,0,2,1,6,6,2,34,6,1969,8,2,VOLVO XC60,7,E01030361,0,4
2024440350250,2024,440350250,1,9,0,1,1,5,1,0,0,0,0,0,0,0,2,1,6,6,1,-1,-1,1969,2,10,VOLVO XC60,-1,-1,0,-1
2024430535788,2024,430535788,4,9,0,3,3,4,8,0,0,8,0,0,0,0,2,1,6,6,3,32,6,1969,1,8,VOLVO XC60,10,E01016548,0,3
2024061471286,2024,061471286,2,9,0,-1,19,7,3,-1,0,0,0,0,0,0,1,1,-1,6,3,-1,-1,1984,2,14,VOLVO XC60,-1,-1,0,-1
2024061445652,2024,061445652,1,9,0,-1,99,2,6,-1,99,0,9,99,9,99,1,1,-1,6,2,-1,-1,1969,2,9,VOLVO XC60,2,E01006344,0,1
2024010510302,2024,010510302,2,9,0,2,2,0,0,0,0,2,0,0,0,0,2,1,6,6,3,-1,-1,1969,1,5,VOLVO XC60,-1,-1,0,-1
2024371471734,2024,371471734,2,9,0,-1,19,1,5,-1,0,8,0,0,0,0,1,1,-1,9,1,64,9,2400,2,8,VOLVO XC60,9,E01030045,0,3
2024411499198,2024,411499198,1,9,0,-1,3,5,1,-1,0,8,9,99,0,0,3,9,-1,6,1,28,6,1969,8,6,VOLVO XC60,3,E01002056,0,3
2024991475308,2024,991475308,1,9,0,-1,19,6,2,-1,0,0,0,0,0,0,1,1,-1,6,2,36,7,1969,12,1,VOLVO XC60,5,-1,0,1
2024332400760,2024,332400760,4,9,0,-1,19,5,1,-1,0,0,0,0,0,0,1,1,-1,9,2,45,7,1969,2,9,VOLVO XC60,10,E01025709,0,2
2024421471814,2024,421471814,1,9,0,-1,9,1,7,-1,0,8,0,0,0,0,1,1,-1,9,1,64,9,1969,2,6,VOLVO XC60,7,E01022071,0,1
2024320652277,2024,320652277,1,9,0,7,7,1,3,0,0,6,0,0,0,0,1,2,-1,-1,1,41,7,1969,12,0,VOLVO XC60,8,E01031161,0,5
2024501506258,2024,501506258,2,9,0,-1,3,6,2,-1,0,0,0,0,0,0,2,1,-1,9,2,34,6,1984,2,12,VOLVO XC60,3,E01020264,0,2
2024111449298,2024,111449298,2,9,0,-1,4,8,4,-1,0,0,0,0,0,0,2,1,-1,6,1,72,10,1969,-1,2,VOLVO XC60,3,E01020801,0,1
2024421487398,2024,421487398,1,9,0,-1,19,5,1,-1,0,0,0,0,0,0,1,9,-1,6,3,-1,-1,1969,2,9,VOLVO XC60,-1,-1,0,-1
2024401434234,2024,401434234,2,9,0,-1,19,1,5,-1,0,0,0,0,0,0,2,1,-1,6,2,49,8,1969,12,3,VOLVO XC60,10,E01023372,0,4
2024340WN2952,2024,340WN2952,1,9,0,-1,-1,1,5,-1,0,1,0,0,0,0,1,1,-1,8,1,-1,-1,1969,8,1,VOLVO XC60,-1,-1,0,-1
2024010497515,2024,010497515,1,9,0,99,99,9,9,99,99,9,9,99,9,99,9,9,6,6,2,37,7,1969,2,6,VOLVO XC60,9,E01004543,0,1
2024552400418,2024,552400418,2,9,0,18,19,8,4,0,0,0,0,0,0,0,1,1,6,6,2,49,8,1969,8,2,VOLVO XC60,7,E01020359,0,1
2024161408636,2024,161408636,1,9,0,-1,19,7,3,-1,0,8,0,0,0,0,1,1,-1,9,1,75,10,1969,8,3,VOLVO XC60,9,E01034755,0,2
2024520402630,2024,520402630,1,9,0,1,1,5,8,0,0,0,5,0,0,0,1,1,6,6,1,59,9,2400,2,7,VOLVO XC60,6,E01029270,0,1
2024122400635,2024,122400635,1,9,0,18,19,7,3,0,0,1,0,0,1,0,1,1,6,6,1,81,11,2400,2,8,VOLVO XC60,10,E01026413,0,4
2024471400089,2024,471400089,2,9,0,-1,19,1,5,-1,0,0,0,0,1,0,1,1,-1,9,2,53,8,1969,2,6,VOLVO XC60,9,E01021203,0,2
2024122500229,2024,122500229,2,9,0,18,19,7,3,0,0,1,0,0,0,0,2,1,6,6,1,76,11,1969,2,7,VOLVO XC60,5,E01019259,0,5
2024302400843,2024,302400843,1,9,0,9,9,6,5,0,0,8,0,0,0,0,4,1,1,1,2,57,9,1969,8,1,VOLVO XC60,4,E01019750,0,4
202454C869224,2024,54C869224,1,9,0,17,19,1,6,0,0,1,0,0,0,0,1,1,6,6,2,44,7,2400,2,12,VOLVO XC60,6,E01031849,0,4
2024631432522,2024,631432522,2,9,0,-1,19,1,5,-1,0,0,0,0,0,0,3,1,-1,2,2,59,9,1969,2,6,VOLVO XC60,7,W01000577,0,5
2024552400516,2024,552400516,2,9,0,18,19,5,1,0,0,8,0,0,0,0,1,1,6,6,1,27,6,1969,8,4,VOLVO XC60,3,E01020574,0,1
2024211517268,2024,211517268,2,9,0,-1,19,1,5,-1,0,1,0,0,0,0,4,1,-1,6,2,-1,-1,1969,2,9,VOLVO XC60,-1,-1,0,-1
2024351525919,2024,351525919,2,9,0,-1,19,1,5,-1,0,0,1,1,0,0,1,1,-1,6,1,55,8,1969,8,0,VOLVO XC60,7,E01026885,0,4
2024991527872,2024,991527872,1,9,0,-1,9,2,7,-1,0,0,0,0,0,0,1,1,-1,1,2,55,8,1969,8,5,VOLVO XC60,10,-1,0,1
2024461526183,2024,461526183,1,9,0,-1,4,8,5,-1,0,1,0,0,0,0,1,9,-1,6,1,60,9,2400,2,8,VOLVO XC60,5,E01024749,0,3
2024010532124,2024,010532124,1,9,0,99,99,9,9,99,99,9,9,99,9,99,2,9,6,6,3,-1,-1,1969,2,7,VOLVO XC60,-1,-1,0,-1
202454A857124,2024,54A857124,1,9,0,7,7,5,1,0,0,6,0,0,0,0,3,1,6,6,1,53,8,1969,8,0,VOLVO XC60,-1,-1,0,-1
2024430165682,2024,430165682,2,9,0,4,4,3,7,0,0,0,0,0,0,0,2,1,6,6,1,73,10,1969,2,5,VOLVO XC60,3,E01016501,0,3
2024471418776,2024,471418776,2,9,0,-1,4,6,2,-1,0,0,0,0,0,0,2,1,-1,9,2,52,8,1969,2,7,VOLVO XC60,3,E01031598,0,1
2024302400034,2024,302400034,1,9,0,3,3,8,4,0,0,0,0,0,0,0,2,1,1,1,1,25,5,1969,8,3,VOLVO XC60,10,E01007824,0,2
2024451421161,2024,451421161,2,9,0,-1,19,7,3,-1,0,8,0,0,0,0,3,1,-1,9,2,43,7,2400,2,8,VOLVO XC60,10,E01030461,0,1
2024061432385,2024,061432385,1,9,0,-1,19,5,8,-1,0,0,0,0,7,11,1,1,-1,6,1,41,7,2400,2,15,VOLVO XC60,2,E01024942,0,2
2024010529421,2024,010529421,1,9,9,99,99,9,9,99,99,6,9,99,9,99,9,9,6,6,3,43,7,1969,2,8,VOLVO XC60,10,E01004117,0,2
2024311458878,2024,311458878,2,9,0,-1,9,3,1,-1,0,8,0,0,0,0,1,1,-1,2,1,61,9,1969,2,7,VOLVO XC60,10,E01028199,0,3
2024501486031,2024,501486031,1,9,0,-1,4,2,7,-1,0,0,2,0,8,10,3,1,-1,9,1,36,7,1969,2,5,VOLVO XC60,6,E01020160,0,2
2024052402515,2024,052402515,2,9,0,18,19,7,3,0,0,8,0,0,0,0,1,1,2,2,2,43,7,1969,8,0,VOLVO XC60,1,E01006863,0,4
2024010507818,2024,010507818,1,9,0,7,7,1,3,0,0,1,0,0,0,0,1,1,1,1,1,49,8,1969,1,5,VOLVO XC60,6,E01001829,0,1
2024231429456,2024,231429456,1,9,0,-1,9,7,4,-1,0,6,0,0,0,0,1,1,-1,9,1,67,10,1969,1,4,VOLVO XC60,7,E01031188,0,2
2024201523636,2024,201523636,1,8,0,-1,7,7,1,-1,0,3,0,0,0,0,3,9,-1,6,1,30,6,2400,2,9,VOLVO XC60,5,E01018139,0,5
2024161399141,2024,161399141,1,9,0,-1,5,1,5,-1,0,6,0,0,1,0,1,1,-1,9,1,91,11,2400,2,9,VOLVO XC60,10,E01013088,0,2
2024010520490,2024,010520490,1,9,9,99,99,9,9,99,99,9,9,99,9,99,9,9,6,6,3,-1,-1,2400,2,8,VOLVO XC60,-1,-1,0,-1
2024501470437,2024,501470437,1,9,0,-1,9,7,5,-1,0,4,0,0,0,0,1,1,-1,6,1,59,9,1969,8,1,VOLVO XC60,4,E01018782,0,3
2024461493632,2024,461493632,2,9,0,-1,19,7,5,-1,0,8,0,0,0,0,1,1,-1,9,1,54,8,2400,2,7,VOLVO XC60,8,E01024328,0,1
2024440394710,2024,440394710,1,9,0,3,3,1,5,0,0,1,0,0,0,0,2,1,6,6,2,73,10,1969,1,5,VOLVO XC60,9,E01022882,0,1
2024052401141,2024,052401141,2,9,0,7,7,3,7,0,0,6,0,0,0,0,1,1,6,6,1,53,8,2400,2,14,VOLVO XC60,4,E01006641,0,2
2024430026893,2024,430026893,1,9,0,18,19,5,1,0,0,4,0,0,0,0,1,1,6,6,1,28,6,1969,2,7,VOLVO XC60,-1,-1,0,-1
2024351408859,2024,351408859,1,9,0,-1,5,3,7,-1,9,6,0,0,0,0,-1,9,-1,9,1,64,9,1969,8,1,VOLVO XC60,-1,-1,0,-1
2024361493842,2024,361493842,2,9,0,-1,4,4,8,-1,0,0,0,0,0,0,2,1,-1,6,2,40,7,1969,2,8,VOLVO XC60,3,E01026782,0,4
2024430408442,2024,430408442,1,9,0,9,9,1,7,0,0,6,0,0,0,0,1,1,6,6,1,78,11,1969,8,4,VOLVO XC60,-1,-1,0,-1
2024010501073,2024,010501073,4,9,0,18,19,5,1,0,0,1,0,0,0,0,4,1,3,7,2,45,7,1969,2,10,VOLVO XC60,10,E01000283,0,1
2024201504104,2024,201504104,1,9,0,-1,4,3,7,-1,0,1,0,0,0,0,2,1,-1,6,1,52,8,1969,8,2,VOLVO XC60,8,E01029519,0,2
2024430386401,2024,430386401,1,9,0,13,13,1,4,0,0,0,0,0,0,0,1,1,6,6,1,70,10,2400,2,7,VOLVO XC60,-1,-1,0,-1
2024430174208,2024,430174208,1,9,0,18,19,3,7,0,0,0,0,0,0,0,1,1,2,2,1,51,8,1969,2,10,VOLVO XC60,9,E01028723,0,3
2024411526489,2024,411526489,1,9,0,-1,9,5,7,-1,0,2,0,0,0,0,1,1,-1,6,1,63,9,1969,8,1,VOLVO XC60,5,E01017440,0,2
2024141440154,2024,141440154,1,9,0,-1,19,3,1,-1,0,4,0,0,0,0,2,1,-1,1,2,53,8,1984,2,14,VOLVO XC60,10,E01013114,0,4
2024461439204,2024,461439204,1,9,0,-1,5,5,1,-1,0,6,0,0,0,0,1,1,-1,9,2,34,6,1969,2,6,VOLVO XC60,7,E01024355,0,1
2024161402741,2024,161402741,2,9,0,-1,19,2,6,-1,0,2,0,0,0,0,1,1,-1,9,1,29,6,1969,8,2,VOLVO XC60,1,E01012833,0,2
2024010540210,2024,010540210,1,9,0,11,11,5,1,0,0,1,0,0,0,0,4,1,6,6,1,33,6,1969,1,7,VOLVO XC60,9,E01004604,0,1
2024471431129,2024,471431129,1,9,0,-1,19,1,5,-1,0,0,0,0,0,0,4,1,-1,6,1,73,10,2400,2,14,VOLVO XC60,8,E01031617,0,1
2024501470649,2024,501470649,1,9,0,-1,19,3,1,-1,0,0,0,0,0,0,1,9,-1,6,1,47,8,1969,2,8,VOLVO XC60,7,E01018795,0,1
202460Q171961,2024,60Q171961,2,9,0,18,19,5,1,0,0,7,0,0,0,0,4,1,6,6,2,45,7,1969,2,6,VOLVO XC60,-1,-1,0,-1
2024430277314,2024,430277314,1,9,0,2,2,0,0,0,0,2,0,0,0,0,3,1,3,7,2,32,6,1969,2,5,VOLVO XC60,-1,-1,0,-1
2024361462725,2024,361462725,1,9,0,-1,5,1,5,-1,0,8,0,0,0,0,3,1,-1,9,2,61,9,2400,2,14,VOLVO XC60,5,E01026727,0,3
2024131461888,2024,131461888,2,9,0,-1,19,7,3,-1,0,8,0,0,0,0,0,1,-1,9,1,62,9,2400,2,13,VOLVO XC60,1,E01010674,0,1
202417L406024,2024,17L406024,2,9,0,-1,19,7,3,-1,0,8,0,0,0,0,1,1,-1,9,2,41,7,1969,8,2,VOLVO XC60,2,E01012159,0,1
2024531519564,2024,531519564,4,9,0,-1,2,0,0,-1,0,0,0,0,0,0,2,1,-1,6,-1,-1,-1,2400,2,10,VOLVO XC60,-1,-1,0,-1
2024122401055,2024,122401055,1,9,0,7,7,5,7,0,0,8,0,0,1,1,4,1,6,6,1,55,8,1969,2,5,VOLVO XC60,2,E01020744,0,4
2024501509836,2024,501509836,3,9,0,-1,2,0,0,-1,0,0,0,0,0,0,2,1,-1,6,1,-1,-1,2400,2,10,VOLVO XC60,9,E01020089,0,1
2024351463822,2024,351463822,2,9,0,-1,19,8,3,-1,0,1,0,0,0,0,4,1,-1,6,1,56,9,1984,2,13,VOLVO XC60,2,E01035541,0,1
2024141516642,2024,141516642,2,9,0,-1,19,7,4,-1,0,3,0,0,0,0,1,1,-1,2,1,62,9,1969,8,0,VOLVO XC60,10,E01007617,0,2
2024471477369,2024,471477369,1,9,0,-1,19,8,4,-1,0,0,0,0,0,0,1,1,-1,9,2,64,9,2400,2,7,VOLVO XC60,8,E01030928,0,3
2024010545403,2024,010545403,1,9,0,99,99,9,9,0,0,1,0,0,0,0,2,9,6,6,1,28,6,1969,1,6,VOLVO XC60,4,E01000257,0,1
2024461534955,2024,461534955,2,9,0,-1,9,1,4,-1,0,1,0,0,0,0,3,1,-1,6,2,59,9,2400,2,8,VOLVO XC60,3,E01024195,0,1
2024131395449,2024,131395449,1,9,0,-1,19,5,1,-1,0,1,0,0,0,0,1,1,-1,6,1,59,9,2400,2,8,VOLVO XC60,1,E01011745,0,2
2024302401187,2024,302401187,2,9,0,18,19,5,1,0,0,0,0,0,0,0,4,1,6,6,1,46,8,1969,2,7,VOLVO XC60,10,E01033103,0,3
2024161423579,2024,161423579,1,9,0,-1,3,4,8,-1,0,0,0,0,0,0,3,9,-1,6,2,56,9,2400,2,11,VOLVO XC60,4,E01026367,0,2
2024471455486,2024,471455486,2,9,0,-1,19,1,5,-1,0,0,0,0,0,0,3,1,-1,2,1,51,8,1969,8,1,VOLVO XC60,8,E01034821,0,1
2024421429784,2024,421429784,2,9,0,-1,19,2,6,-1,0,0,1,0,0,0,1,1,-1,9,2,51,8,1969,8,3,VOLVO XC60,7,E01021978,0,2
2024131408093,2024,131408093,2,9,0,-1,19,1,5,-1,0,0,0,0,0,0,1,1,-1,6,1,54,8,2400,2,15,VOLVO XC60,2,E01011918,0,3
2024010520218,2024,010520218,1,9,0,1,1,5,7,0,0,2,0,0,0,0,2,1,6,6,1,32,6,1969,2,9,VOLVO XC60,3,E01004211,0,1
2024351399084,2024,351399084,2,9,0,-1,9,1,5,-1,0,1,0,0,0,0,3,1,-1,9,2,54,8,1969,2,6,VOLVO XC60,5,E01018304,0,1
2024451471647,2024,451471647,2,9,0,-1,5,5,1,-1,0,8,0,0,0,0,3,1,-1,9,1,60,9,1969,2,7,VOLVO XC60,8,E01030915,0,1
2024351521565,2024,351521565,2,9,0,-1,9,8,6,-1,0,6,0,0,0,0,1,1,-1,2,1,46,8,1969,2,10,VOLVO XC60,10,E01018267,0,2
2024401420569,2024,401420569,2,9,0,-1,19,3,1,-1,0,4,0,0,0,0,4,1,-1,6,1,73,10,1969,2,9,VOLVO XC60,9,E01017372,0,1
2024440311631,2024,440311631,3,9,0,18,19,1,5,0,0,2,0,0,0,0,1,1,6,6,1,-1,-1,1969,1,5,VOLVO XC60,-1,-1,0,-1
2024070782036,2024,070782036,1,9,0,-1,9,5,1,-1,0,1,0,0,0,0,4,1,-1,9,2,33,6,1969,2,7,VOLVO XC60,6,E01012501,0,1
2024461467141,2024,461467141,1,9,0,-1,12,2,6,-1,9,0,1,11,1,0,1,1,-1,9,1,46,8,2400,2,12,VOLVO XC60,5,E01033089,0,1
2024332400823,2024,332400823,2,9,0,-1,9,3,4,-1,0,5,0,0,0,0,3,1,-1,9,1,41,7,1969,8,1,VOLVO XC60,5,E01013671,0,1
2024461415942,2024,461415942,1,9,0,-1,9,3,1,-1,0,6,0,0,0,0,3,1,-1,9,1,79,11,1969,8,4,VOLVO XC60,10,E01024852,0,1
2024549444424,2024,549444424,1,9,0,9,9,8,5,0,0,5,0,0,0,0,1,1,6,6,2,53,8,1969,2,8,VOLVO XC60,9,E01032034,0,1
2024211519656,2024,211519656,2,9,0,-1,19,1,5,-1,0,0,0,11,0,0,1,1,-1,9,2,32,6,1969,2,6,VOLVO XC60,4,E01019309,0,5
2024052401737,2024,052401737,3,9,0,18,19,1,5,0,0,1,0,0,0,0,0,1,1,1,1,-1,-1,1969,2,5,VOLVO XC60,-1,-1,0,-1
2024061530031,2024,061530031,2,9,0,-1,9,4,1,-1,0,8,0,0,0,0,1,1,-1,2,2,57,9,1969,2,8,VOLVO XC60,9,E01025343,0,4
2024141511950,2024,141511950,4,9,0,-1,5,4,8,-1,0,0,0,0,0,0,2,1,-1,9,2,44,7,1969,8,2,VOLVO XC60,8,E01013148,0,4
2024122400913,2024,122400913,2,9,0,17,19,1,5,0,0,0,0,0,0,0,2,1,6,6,2,65,9,1969,2,4,VOLVO XC60,9,E01027900,0,1
2024010548950,2024,010548950,2,9,0,5,5,1,5,0,0,0,0,0,0,0,1,1,6,6,1,42,7,1969,12,2,VOLVO XC60,6,E01000069,0,1
2024361449376,2024,361449376,1,9,0,-1,5,5,1,-1,0,8,0,0,0,0,4,1,-1,6,2,61,9,2400,2,8,VOLVO XC60,3,E01026694,0,1
2024501474802,2024,501474802,1,9,0,-1,12,3,1,-1,0,0,0,0,0,0,1,1,-1,9,1,31,6,2400,2,15,VOLVO XC60,4,E01019005,0,1
2024440497234,2024,440497234,2,9,0,18,19,6,2,0,0,8,1,0,1,0,2,1,6,6,1,74,10,2400,2,7,VOLVO XC60,7,E01022620,0,1
2024549527124,2024,549527124,2,9,0,18,19,6,2,0,0,1,0,0,0,0,1,1,2,2,1,64,9,1969,2,8,VOLVO XC60,-1,-1,0,-1
2024471509524,2024,471509524,2,9,0,-1,4,8,4,-1,0,0,0,0,0,0,2,1,-1,1,1,59,9,2400,2,9,VOLVO XC60,5,E01031628,0,4
2024031491708,2024,031491708,1,9,0,-1,19,7,3,-1,0,0,0,0,0,0,1,1,-1,9,1,46,8,2400,2,7,VOLVO XC60,8,-1,0,5
2024010509196,2024,010509196,1,9,0,2,2,0,0,9,9,0,0,0,0,0,3,1,6,6,3,-1,-1,1969,8,6,VOLVO XC60,-1,-1,0,-1
2024101528281,2024,101528281,2,9,0,-1,19,5,1,-1,0,8,0,0,0,0,1,1,-1,6,1,44,7,1969,8,5,VOLVO XC60,9,E01027497,0,1
2024311518412,2024,311518412,1,9,0,-1,19,2,2,-1,0,1,0,0,0,0,1,1,-1,9,1,77,11,1969,8,2,VOLVO XC60,10,E01028089,0,2
2024991424203,2024,991424203,2,9,0,-1,7,3,7,-1,0,1,0,0,0,0,2,1,-1,9,1,61,9,2400,2,10,VOLVO XC60,9,-1,0,5
2024451534467,2024,451534467,1,9,0,-1,19,8,2,-1,0,0,0,0,0,0,1,1,-1,9,1,57,9,1969,2,10,VOLVO XC60,4,E01030805,0,1
2024141534526,2024,141534526,2,9,0,-1,10,4,2,-1,0,1,0,0,0,0,2,1,-1,9,2,55,8,1969,2,9,VOLVO XC60,4,E01007675,0,1
2024631414840,2024,631414840,2,9,0,-1,19,8,4,-1,0,0,0,0,0,0,1,1,-1,1,1,55,8,1969,8,3,VOLVO XC60,8,W01000597,0,4
2024440000662,2024,440000662,1,9,0,18,19,2,6,0,0,0,5,0,1,4,4,1,6,6,1,48,8,1969,2,6,VOLVO XC60,7,E01023223,0,2
2024052401294,2024,052401294,1,9,0,18,19,5,1,0,0,1,0,0,0,0,1,1,1,1,1,-1,-1,1969,2,5,VOLVO XC60,-1,-1,0,-1
2024221479683,2024,221479683,3,9,0,-1,10,8,7,-1,0,8,0,0,0,0,2,1,-1,6,2,42,7,1969,2,8,VOLVO XC60,5,E01014017,0,4
2024010541608,2024,010541608,2,9,0,2,2,0,0,9,9,1,0,0,0,0,4,1,6,6,3,-1,-1,1969,2,4,VOLVO XC60,-1,-1,0,-1
2024471488286,2024,471488286,3,9,0,-1,4,3,7,-1,0,0,0,0,0,0,2,1,-1,2,1,55,8,1969,2,7,VOLVO XC60,8,E01016931,0,3
2024131501428,2024,131501428,1,9,0,-1,9,3,8,-1,0,8,0,0,0,0,1,1,-1,7,2,38,7,1969,2,9,VOLVO XC60,9,E01011685,0,1
2024991501294,2024,991501294,1,9,0,-1,19,1,5,-1,0,0,0,0,0,0,1,1,-1,6,2,47,8,1969,2,7,VOLVO XC60,10,-1,0,3
2024131438248,2024,131438248,2,9,0,-1,2,0,0,-1,0,0,0,0,0,0,3,1,-1,6,3,-1,-1,2400,2,10,VOLVO XC60,-1,-1,0,-1
2024061433650,2024,061433650,2,9,0,-1,19,7,3,-1,0,0,0,0,0,0,2,9,-1,6,2,50,8,1969,2,7,VOLVO XC60,10,E01005787,0,1
2024141447952,2024,141447952,1,9,0,-1,9,1,7,-1,0,0,0,0,0,0,2,1,-1,9,1,39,7,2400,2,9,VOLVO XC60,3,E01007490,0,1
2024461526896,2024,461526896,2,9,0,-1,2,0,0,-1,0,0,0,0,0,0,1,1,-1,6,-1,-1,-1,1969,8,0,VOLVO XC60,-1,-1,0,-1
2024211481152,2024,211481152,3,9,0,-1,19,3,6,-1,0,8,0,0,0,0,4,1,-1,6,1,55,8,1969,2,7,VOLVO XC60,8,E01029515,0,1
2024401435592,2024,401435592,1,9,-1,-1,-1,-1,-1,-1,-1,0,-1,-1,-1,0,-1,9,-1,6,3,-1,-1,1969,8,1,VOLVO XC60,-1,-1,0,-1