collision_index,collision_year,collision_ref_no,vehicle_reference,vehicle_type,towing_and_articulation,vehicle_manoeuvre_historic,vehicle_manoeuvre,vehicle_direction_from,vehicle_direction_to,vehicle_location_restricted_lane_historic,vehicle_location_restricted_lane,junction_location,skidding_and_overturning,hit_object_in_carriageway,vehicle_leaving_carriageway,hit_object_off_carriageway,first_point_of_impact,vehicle_left_hand_drive,journey_purpose_of_driver_historic,journey_purpose_of_driver,sex_of_driver,age_of_driver,age_band_of_driver,engine_capacity_cc,propulsion_code,age_of_vehicle,generic_make_model,driver_imd_decile,lsoa_of_driver,escooter_flag,driver_distance_banding
2024631483587,2024,631483587,3,9,0,-1,2,0,0,-1,0,0,0,4,0,0,2,1,-1,6,-1,-1,-1,1969,8,0,VOLVO XC60,-1,-1,0,-1
2024131422176,2024,131422176,1,9,0,-1,19,3,7,-1,0,0,0,0,0,0,1,1,-1,9,1,24,5,1969,2,5,VOLVO XC60,1,E01011003,0,1
2024161418914,2024,161418914,2,9,0,-1,19,2,6,-1,0,0,0,1,0,0,3,1,-1,9,1,85,11,1969,2,6,VOLVO XC60,6,E01012922,0,1
2024440508261,2024,440508261,3,9,0,2,2,0,0,0,0,0,0,0,0,0,1,1,6,6,3,-1,-1,2400,2,8,VOLVO XC60,-1,-1,0,-1
2024131397014,2024,131397014,2,9,0,-1,19,7,7,-1,0,8,0,0,0,0,1,1,-1,1,2,55,8,1969,2,7,VOLVO XC60,1,E01010616,0,2
2024070437180,2024,070437180,2,9,0,-1,-1,6,2,0,0,0,0,0,0,0,1,1,6,6,1,79,11,1969,1,4,VOLVO XC60,9,E01006076,0,3
2024471461902,2024,471461902,2,9,0,-1,19,3,7,-1,0,0,0,0,0,0,1,1,-1,9,2,60,9,2400,2,10,VOLVO XC60,4,E01031426,0,1
2024332401134,2024,332401134,2,9,0,-1,12,5,1,-1,0,0,0,2,5,0,1,1,-1,9,2,34,6,2400,2,9,VOLVO XC60,10,E01017935,0,5
2024631446578,2024,631446578,1,9,0,-1,19,7,4,-1,0,0,0,0,2,2,4,1,-1,9,1,58,9,2400,2,12,VOLVO XC60,8,W01002013,0,1
2024440119196,2024,440119196,1,9,0,18,19,1,5,0,0,8,0,0,0,0,4,1,6,6,2,63,9,1969,8,3,VOLVO XC60,5,W01000496,0,5
2024311400229,2024,311400229,1,9,0,-1,9,7,5,-1,0,4,0,0,0,0,1,1,-1,2,1,60,9,2400,2,8,VOLVO XC60,8,E01028204,0,1
2024501410760,2024,501410760,1,9,0,-1,19,8,4,-1,0,1,0,0,0,0,1,9,-1,9,1,47,8,1969,2,8,VOLVO XC60,4,E01018924,0,3
2024052401746,2024,052401746,6,9,0,18,19,1,5,0,0,0,0,0,0,0,1,1,1,1,1,-1,-1,1969,2,5,VOLVO XC60,1,E01006437,0,2
2024411512591,2024,411512591,1,9,-1,-1,-1,-1,-1,-1,-1,0,-1,-1,-1,0,-1,9,-1,6,1,54,8,1969,2,8,VOLVO XC60,8,E01000233,0,3
2024991477532,2024,991477532,3,9,0,-1,2,0,0,-1,-1,0,0,0,0,0,2,1,-1,6,1,35,6,1969,8,0,VOLVO XC60,5,-1,0,4
2024231518510,2024,231518510,3,9,0,-1,19,8,4,-1,0,1,0,0,1,9,4,9,-1,9,2,39,7,2400,2,8,VOLVO XC60,6,E01031194,0,1
2024440065265,2024,440065265,2,9,0,2,2,0,0,0,0,0,0,0,0,0,3,1,6,6,3,-1,-1,1969,2,6,VOLVO XC60,-1,-1,0,-1
2024361462669,2024,361462669,1,9,0,-1,19,1,5,-1,0,8,0,0,0,0,1,1,-1,6,1,74,10,2400,2,7,VOLVO XC60,6,E01026842,0,2
2024320576012,2024,320576012,3,9,0,-1,-1,4,8,0,0,1,1,0,1,10,3,1,6,6,2,74,10,1969,2,10,VOLVO XC60,7,E01026329,0,1
2024302400742,2024,302400742,1,9,0,18,19,3,7,0,0,2,0,0,0,0,4,1,6,6,1,39,7,1969,8,2,VOLVO XC60,8,E01034254,0,1
2024631416205,2024,631416205,1,9,0,-1,19,8,4,-1,0,0,0,0,1,11,4,1,-1,6,1,83,11,1969,2,6,VOLVO XC60,6,W01000524,0,1
202454F131524,2024,54F131524,1,9,0,18,19,8,4,0,0,0,0,0,0,0,1,1,6,6,2,44,7,1984,2,11,VOLVO XC60,6,W01001593,0,4
2024041445822,2024,041445822,3,9,0,-1,2,0,0,-1,9,2,0,0,0,0,1,1,-1,6,-1,-1,-1,1984,2,11,VOLVO XC60,-1,-1,0,-1
2024010536945,2024,010536945,2,9,9,99,99,9,9,99,99,9,9,99,9,99,1,9,6,6,3,-1,-1,1969,8,2,VOLVO XC60,-1,-1,0,-1
2024010547599,2024,010547599,1,9,0,99,99,9,9,99,99,9,9,99,9,99,1,9,6,6,1,57,9,1969,8,0,VOLVO XC60,10,E01000772,0,1
2024061508246,2024,061508246,1,9,0,-1,19,6,1,-1,0,1,0,0,0,0,1,1,-1,2,1,60,9,2400,2,10,VOLVO XC60,10,E01018569,0,4
2024332400287,2024,332400287,2,9,0,-1,19,6,2,-1,0,6,1,10,1,0,1,1,-1,9,1,55,8,1969,8,0,VOLVO XC60,-1,-1,0,-1
2024131435764,2024,131435764,2,9,0,-1,5,5,1,-1,0,4,0,0,0,0,1,1,-1,9,2,29,6,1969,1,5,VOLVO XC60,1,E01011739,0,1
2024991482252,2024,991482252,1,9,0,-1,19,4,7,-1,0,8,0,0,0,0,3,1,-1,9,1,39,7,1969,8,5,VOLVO XC60,7,-1,0,1
2024501513203,2024,501513203,3,9,0,-1,19,6,2,-1,0,1,0,0,0,0,1,1,-1,6,2,35,6,1969,12,3,VOLVO XC60,4,E01018843,0,1
2024501483242,2024,501483242,2,9,0,-1,2,0,0,-1,0,0,0,4,0,0,3,2,-1,6,1,62,9,2953,1,12,VOLVO XC60,4,E01020116,0,1
2024041509284,2024,041509284,4,9,0,-1,19,5,1,-1,0,0,0,0,0,0,1,1,-1,9,1,68,10,1969,8,1,VOLVO XC60,8,E01019383,0,4
2024211507793,2024,211507793,1,9,0,-1,19,3,7,-1,0,0,0,0,1,0,1,1,-1,1,1,38,7,1969,12,1,VOLVO XC60,5,E01029627,0,3
2024201526038,2024,201526038,1,9,0,-1,7,1,3,-1,0,6,0,0,0,0,1,2,-1,6,1,40,7,2400,2,14,VOLVO XC60,-1,-1,0,-1
2024991484838,2024,991484838,1,9,0,-1,19,5,1,-1,0,1,1,0,1,0,1,1,-1,8,1,46,8,1969,12,1,VOLVO XC60,-1,-1,0,-1
2024141520748,2024,141520748,2,9,0,-1,5,5,1,-1,0,0,0,0,0,0,2,1,-1,9,1,41,7,2400,2,9,VOLVO XC60,6,E01013072,0,4
2024201503640,2024,201503640,1,9,0,-1,9,5,3,-1,0,5,0,0,0,0,1,1,-1,6,1,25,5,1969,8,0,VOLVO XC60,2,E01008944,0,2
2024010509698,2024,010509698,1,9,0,99,99,9,9,99,99,9,9,99,9,99,2,9,6,6,1,35,6,1969,8,1,VOLVO XC60,7,E01033911,0,1
2024461459560,2024,461459560,2,9,0,-1,2,0,0,-1,0,0,0,0,0,0,4,1,-1,6,-1,-1,-1,2400,2,13,VOLVO XC60,-1,-1,0,-1
2024201444633,2024,201444633,1,9,0,-1,19,5,1,-1,0,0,0,0,0,0,1,1,-1,6,1,49,8,2400,2,10,VOLVO XC60,-1,-1,0,-1
2024991526437,2024,991526437,1,9,0,-1,1,5,2,-1,0,0,0,0,0,0,2,1,-1,6,1,21,5,2400,2,14,VOLVO XC60,4,-1,0,3
2024010489093,2024,010489093,1,9,0,2,2,0,0,0,0,1,0,0,0,0,2,1,6,6,3,-1,-1,1969,1,7,VOLVO XC60,-1,-1,0,-1
2024201534784,2024,201534784,2,9,0,-1,3,4,8,-1,0,0,0,0,0,0,2,1,-1,6,2,41,7,2400,2,8,VOLVO XC60,-1,-1,0,-1
2024501414374,2024,501414374,2,9,0,-1,19,3,7,-1,0,0,0,0,0,0,3,1,-1,6,2,-1,-1,2400,2,11,VOLVO XC60,9,E01020090,0,1
2024211464297,2024,211464297,2,9,0,-1,19,5,1,-1,0,1,0,0,0,0,1,1,-1,2,2,28,6,2400,2,11,VOLVO XC60,5,E01014319,0,3
2024302401392,2024,302401392,1,9,0,18,19,3,7,0,0,0,0,0,1,11,1,1,6,6,2,35,6,2400,2,8,VOLVO XC60,8,E01019414,0,1
2024010509109,2024,010509109,2,9,0,18,19,3,7,0,0,0,0,0,0,0,2,1,6,6,1,41,7,2400,2,7,VOLVO XC60,3,E01030276,0,5
2024451502906,2024,451502906,1,9,0,-1,19,1,5,-1,9,1,0,0,7,10,1,1,-1,9,1,74,10,1969,8,0,VOLVO XC60,10,E01022581,0,2
2024302401611,2024,302401611,1,9,0,5,5,5,4,0,0,6,0,0,1,0,1,1,6,6,1,39,7,2400,2,10,VOLVO XC60,4,E01006047,0,1
2024052402257,2024,052402257,2,9,0,18,19,2,6,0,0,1,0,0,0,0,4,1,6,6,1,64,9,1969,2,9,VOLVO XC60,7,E01006792,0,1
2024010549711,2024,010549711,1,9,0,4,4,1,5,0,0,1,0,0,0,0,1,1,6,6,1,36,7,1969,8,2,VOLVO XC60,9,E01003812,0,1
2024471396760,2024,471396760,1,9,0,-1,19,8,4,-1,0,0,0,0,0,0,1,1,-1,9,2,59,9,1984,2,13,VOLVO XC60,6,E01031770,0,1
2024010536920,2024,010536920,2,9,0,18,19,2,6,0,0,4,0,0,0,0,1,1,2,2,1,39,7,1969,2,8,VOLVO XC60,-1,-1,0,-1
2024440287439,2024,440287439,1,9,0,18,19,6,3,0,0,0,0,0,0,0,0,1,6,6,3,-1,-1,1969,8,4,VOLVO XC60,-1,-1,0,-1
2024211473951,2024,211473951,1,9,0,-1,19,3,7,-1,0,2,0,0,0,0,1,1,-1,9,2,27,6,2400,2,12,VOLVO XC60,8,E01029794,0,1
2024061489377,2024,061489377,2,9,-1,-1,-1,-1,-1,-1,-1,-1,-1,-1,-1,0,-1,9,-1,6,3,-1,-1,1969,1,7,VOLVO XC60,-1,-1,0,-1
2024991473518,2024,991473518,2,9,0,-1,19,5,1,-1,0,0,1,0,7,0,2,1,-1,9,1,61,9,1969,8,0,VOLVO XC60,-1,-1,0,-1
2024010539885,2024,010539885,3,9,0,9,9,8,5,0,0,6,0,0,0,0,1,1,6,6,2,41,7,1969,2,10,VOLVO XC60,3,E01002605,0,1
2024320698913,2024,320698913,1,9,0,-1,-1,1,4,0,0,0,0,0,0,0,1,1,-1,-1,1,66,10,2400,2,7,VOLVO XC60,3,E01034686,0,4
2024440038828,2024,440038828,1,9,0,18,19,7,3,0,0,1,0,10,0,0,4,1,6,6,2,44,7,1969,2,5,VOLVO XC60,-1,-1,0,-1
2024221451616,2024,221451616,1,9,0,-1,5,1,5,-1,0,0,0,10,0,0,1,9,-1,9,2,80,11,1969,12,2,VOLVO XC60,9,E01029009,0,1
2024332400563,2024,332400563,1,9,0,-1,3,1,5,-1,0,0,0,0,0,0,1,1,-1,1,1,36,7,2400,2,9,VOLVO XC60,1,E01027819,0,5
2024340NN0212,2024,340NN0212,1,9,0,-1,9,7,5,-1,0,6,0,0,0,0,3,1,-1,6,1,35,6,2400,2,9,VOLVO XC60,8,E01035415,0,1
2024421449957,2024,421449957,1,9,0,-1,9,3,1,-1,0,1,0,0,0,0,4,1,-1,6,1,79,11,1969,2,8,VOLVO XC60,-1,-1,0,-1
2024430291878,2024,430291878,2,9,0,9,9,8,7,0,0,6,0,0,0,0,1,1,2,2,1,55,8,1969,2,7,VOLVO XC60,7,E01017673,0,3
2024471530999,2024,471530999,1,9,0,-1,9,2,8,-1,0,6,0,0,0,0,1,1,-1,9,1,67,10,1969,2,6,VOLVO XC60,6,E01021205,0,3
2024010524176,2024,010524176,1,9,0,99,99,9,9,99,99,9,9,99,9,99,1,9,6,6,1,44,7,1969,8,3,VOLVO XC60,4,E01004643,0,1
2024461508640,2024,461508640,3,9,0,-1,19,7,1,-1,0,0,0,0,0,0,3,1,-1,9,1,38,7,1969,8,0,VOLVO XC60,8,E01016095,0,1
2024451448289,2024,451448289,1,9,0,-1,19,7,3,-1,0,0,0,0,0,0,1,1,-1,9,2,44,7,1969,8,4,VOLVO XC60,10,E01022661,0,4
2024010535764,2024,010535764,2,9,0,18,19,2,6,0,0,8,0,0,0,0,1,1,6,6,1,33,6,2400,2,9,VOLVO XC60,5,E01000589,0,1
2024501454563,2024,501454563,1,9,0,-1,19,3,7,-1,0,1,0,0,0,0,4,1,-1,6,1,83,11,1969,2,9,VOLVO XC60,5,E01018955,0,2
2024052400198,2024,052400198,2,9,0,9,9,3,7,0,0,8,0,0,0,0,1,1,2,2,1,62,9,1969,2,8,VOLVO XC60,6,E01006596,0,1
2024010534631,2024,010534631,1,9,0,99,99,9,9,99,99,1,9,99,9,99,9,9,6,6,1,59,9,1969,2,8,VOLVO XC60,3,E01002278,0,3
2024622400499,2024,622400499,2,9,0,18,19,1,5,0,0,2,0,0,0,0,1,1,6,6,1,57,9,1969,2,10,VOLVO XC60,4,W01000882,0,1
2024320368401,2024,320368401,2,9,0,3,3,8,4,0,0,0,0,0,0,0,1,1,-1,-1,1,80,11,2400,2,8,VOLVO XC60,5,E01027800,0,5
2024440226440,2024,440226440,1,9,0,13,13,2,6,0,0,2,0,0,0,0,1,1,6,6,1,62,9,1969,2,7,VOLVO XC60,9,E01032615,0,1
2024421473174,2024,421473174,3,9,0,-1,4,3,7,-1,0,0,0,0,0,0,2,1,-1,9,1,71,10,1969,2,8,VOLVO XC60,5,E01021388,0,2
2024522500216,2024,522500216,2,9,0,9,9,3,1,0,0,5,0,0,0,0,4,1,6,6,3,-1,-1,2400,2,7,VOLVO XC60,-1,-1,0,-1
2024520402335,2024,520402335,1,9,0,18,19,1,6,0,0,8,0,0,1,2,1,1,6,6,2,26,6,1984,2,13,VOLVO XC60,1,E01029292,0,2
2024201476179,2024,201476179,1,9,0,-1,7,2,4,-1,0,6,0,10,1,0,4,1,-1,6,2,48,8,1969,8,0,VOLVO XC60,9,E01032533,0,1
2024451488276,2024,451488276,2,9,0,-1,19,1,7,-1,0,4,0,0,0,0,0,1,-1,1,1,35,6,1969,12,2,VOLVO XC60,4,E01031575,0,3
2024522500285,2024,522500285,2,9,0,5,5,1,5,0,0,6,0,0,0,0,3,1,6,6,2,33,6,1969,8,4,VOLVO XC60,7,E01014491,0,1
2024991395453,2024,991395453,1,9,0,-1,10,2,6,-1,0,6,0,0,0,0,1,1,-1,6,1,69,10,1969,12,3,VOLVO XC60,8,-1,0,1
2024552400699,2024,552400699,1,9,0,7,7,1,2,0,0,6,0,0,0,0,1,1,6,6,1,60,9,2400,2,10,VOLVO XC60,5,E01029221,0,3
2024461526833,2024,461526833,1,9,0,-1,19,1,4,-1,0,0,0,0,0,0,1,1,-1,9,1,78,11,1969,8,0,VOLVO XC60,7,E01024519,0,4
2024631442498,2024,631442498,2,9,0,-1,10,8,5,-1,0,8,0,0,0,0,2,1,-1,9,1,59,9,1969,8,3,VOLVO XC60,6,W01000433,0,1
2024061417342,2024,061417342,2,9,0,-1,19,1,5,-1,0,8,0,0,0,0,1,1,-1,9,2,54,8,1969,12,1,VOLVO XC60,-1,-1,0,-1
2024231476455,2024,231476455,2,9,0,-1,19,4,8,-1,0,1,0,0,0,0,1,1,-1,6,2,64,9,2400,2,11,VOLVO XC60,7,E01035029,0,3
2024131418649,2024,131418649,1,9,0,-1,19,1,5,-1,0,4,0,0,0,0,1,1,-1,9,2,28,6,1969,2,10,VOLVO XC60,1,E01011789,0,4
202454A401124,2024,54A401124,1,9,0,5,5,7,2,0,0,6,0,0,0,0,3,1,6,6,1,54,8,1969,2,8,VOLVO XC60,9,E01015535,0,2
2024421453488,2024,421453488,2,9,0,-1,19,2,7,-1,0,0,0,0,0,0,3,1,-1,9,1,56,9,1969,-1,1,VOLVO XC60,6,E01022096,0,1
2024531479770,2024,531479770,1,9,0,-1,19,7,3,-1,0,1,0,0,3,0,3,1,-1,9,2,43,7,1969,8,1,VOLVO XC60,-1,-1,0,-1
2024302401747,2024,302401747,2,9,0,-1,19,5,2,-1,0,0,0,0,0,0,1,1,-1,9,1,40,7,1969,1,5,VOLVO XC60,10,E01019599,0,3
2024320725981,2024,320725981,2,9,0,-1,-1,1,5,0,0,8,0,0,0,0,1,1,-1,-1,1,44,7,1969,2,9,VOLVO XC60,9,E01026063,0,1
2024991524085,2024,991524085,1,9,0,-1,9,5,2,-1,0,6,0,0,0,0,3,1,-1,6,1,51,8,2400,2,8,VOLVO XC60,4,-1,0,2
2024221412110,2024,221412110,2,9,0,-1,7,6,2,-1,0,5,0,0,0,0,2,1,-1,6,2,37,7,1969,2,6,VOLVO XC60,10,E01014091,0,1
2024631508174,2024,631508174,2,9,0,-1,19,6,2,-1,0,0,0,0,0,0,1,1,-1,6,1,54,8,1969,2,8,VOLVO XC60,6,W01000701,0,1
2024061507211,2024,061507211,1,9,0,-1,8,-1,-1,-1,0,1,0,0,0,0,1,1,-1,6,1,-1,-1,2400,2,8,VOLVO XC60,-1,-1,0,-1
2024542381924,2024,542381924,2,9,0,9,9,1,7,0,0,1,0,0,0,0,1,1,6,6,2,39,7,2400,2,12,VOLVO XC60,6,E01031950,0,2
2024031453799,2024,031453799,1,9,0,-1,19,1,5,-1,0,0,5,0,0,0,4,1,-1,9,2,53,8,2400,2,9,VOLVO XC60,-1,-1,0,-1
2024010550443,2024,010550443,1,9,0,11,11,1,5,0,0,1,2,0,1,2,2,1,6,6,2,56,9,1969,2,8,VOLVO XC60,-1,-1,0,-1
2024371403173,2024,371403173,2,9,0,-1,4,7,1,-1,0,1,0,0,0,0,2,1,-1,6,2,34,6,2400,2,10,VOLVO XC60,2,E01030032,0,1
2024451408430,2024,451408430,3,9,0,-1,19,5,1,-1,0,0,0,0,0,0,2,1,-1,9,1,41,7,2400,2,12,VOLVO XC60,5,E01030862,0,3
2024622400373,2024,622400373,1,9,0,9,9,4,2,0,0,5,0,0,0,0,4,1,6,6,2,33,6,1969,2,10,VOLVO XC60,10,W01001853,0,1
2024302401063,2024,302401063,1,5,0,18,19,3,7,0,0,8,0,0,0,0,4,1,6,6,3,54,8,535,1,24,MAKE AND MODEL REDACTED,2,E01026975,0,4
2024471514302,2024,471514302,2,5,0,-1,19,5,1,-1,0,0,0,0,0,0,1,1,-1,9,1,33,6,535,1,23,MAKE AND MODEL REDACTED,4,E01020921,0,4
2024201456586,2024,201456586,1,2,0,-1,19,8,2,-1,0,0,0,0,0,0,1,1,-1,9,1,73,10,535,1,26,MAKE AND MODEL REDACTED,8,E01009440,0,1
2024421437691,2024,421437691,2,5,0,-1,5,1,5,-1,0,0,2,0,0,0,1,1,-1,6,1,36,7,535,1,31,MAKE AND MODEL REDACTED,4,E01021853,0,2
2024320747741,2024,320747741,2,2,0,-1,-1,6,2,0,0,8,5,0,0,0,2,1,6,6,1,26,6,124,1,23,MAKE AND MODEL REDACTED,3,E01026033,0,4
2024010532421,2024,010532421,2,3,0,18,19,7,3,0,0,8,0,0,0,0,4,1,2,2,1,30,6,124,1,26,MAKE AND MODEL REDACTED,5,E01001074,0,2
2024430556436,2024,430556436,2,5,0,18,19,4,8,0,0,0,0,0,0,0,4,1,6,6,1,43,7,1854,1,15,MAKE AND MODEL REDACTED,1,E01022967,0,4
2024340NN1422,2024,340NN1422,1,5,0,-1,9,6,4,-1,0,6,0,0,0,0,1,1,-1,6,1,82,11,535,1,22,MAKE AND MODEL REDACTED,9,E01027052,0,3
2024122400140,2024,122400140,1,4,0,18,19,7,3,0,0,0,1,0,0,0,0,1,6,6,1,45,7,386,1,6,MAKE AND MODEL REDACTED,1,E01011850,0,4
2024122400702,2024,122400702,1,4,0,16,19,5,8,0,0,0,0,0,0,0,1,1,6,6,1,51,8,400,1,19,MAKE AND MODEL REDACTED,9,E01027575,0,2
2024010513852,2024,010513852,1,4,0,99,99,9,9,99,99,9,9,99,9,99,2,1,6,6,1,47,8,386,1,4,MAKE AND MODEL REDACTED,10,E01022688,0,4
2024031477065,2024,031477065,2,5,0,-1,19,6,2,-1,0,1,0,0,7,0,1,1,-1,6,1,31,6,853,1,5,MAKE AND MODEL REDACTED,6,E01019131,0,4
2024440387486,2024,440387486,2,5,0,18,19,8,4,0,0,0,0,0,0,0,3,1,6,6,1,61,9,853,1,3,MAKE AND MODEL REDACTED,9,E01022611,0,1
2024461438185,2024,461438185,2,5,0,-1,-1,-1,-1,-1,-1,0,-1,-1,-1,0,-1,1,-1,6,1,43,7,853,1,5,MAKE AND MODEL REDACTED,2,E01004382,0,4
2024610029324,2024,610029324,2,5,0,16,19,8,3,0,0,0,1,0,0,0,1,1,6,6,1,59,9,853,1,1,MAKE AND MODEL REDACTED,2,W01001447,0,4
2024010533142,2024,010533142,1,5,0,99,99,9,9,99,99,9,9,99,9,99,9,1,6,6,1,35,6,853,1,2,MAKE AND MODEL REDACTED,9,E01030761,0,4
2024320743913,2024,320743913,2,5,0,-1,-1,5,1,0,0,1,1,0,0,0,3,1,-1,-1,1,45,7,999,1,9,BMW S 1000,10,E01026203,0,3
2024010524194,2024,010524194,2,5,0,18,19,3,7,0,0,0,0,0,0,0,4,1,6,6,1,44,7,999,1,10,BMW S 1000,7,E01004693,0,2
2024010517319,2024,010517319,2,5,0,99,99,9,9,99,99,1,9,99,9,99,0,1,6,6,3,-1,-1,999,1,0,BMW S 1000,-1,-1,0,-1
2024332400976,2024,332400976,2,5,0,-1,13,3,7,-1,0,8,1,0,1,0,1,1,-1,6,1,31,6,999,1,4,BMW S 1000,9,E01025779,0,4
2024010519785,2024,010519785,2,3,0,18,19,1,5,0,0,4,0,0,0,0,3,1,6,6,1,28,6,999,1,2,BMW S 1000,2,E01000065,0,1
2024471502692,2024,471502692,1,5,0,-1,19,3,7,-1,0,1,1,0,1,0,3,1,-1,9,1,24,5,999,1,8,BMW S 1000,2,E01017011,0,2
2024122400551,2024,122400551,1,5,0,13,13,7,3,0,0,8,0,0,7,0,1,1,6,6,1,23,5,999,1,2,BMW S 1000,7,E01010775,0,3
2024332401044,2024,332401044,2,5,0,-1,19,3,7,-1,0,8,1,0,0,0,4,1,-1,6,1,39,7,999,1,7,BMW S 1000,2,E01013721,0,2
2024311508284,2024,311508284,1,5,0,-1,3,1,5,-1,0,0,0,0,0,0,1,1,-1,6,1,56,9,999,1,0,BMW S 1000,1,E01013920,0,3
2024231454853,2024,231454853,2,5,0,-1,19,3,7,-1,0,0,0,0,7,0,4,1,-1,9,2,37,7,999,1,9,BMW S 1000,10,E01031300,0,3
2024302400775,2024,302400775,2,5,0,13,13,5,1,0,0,1,0,0,0,0,1,1,6,6,1,30,6,999,1,4,BMW S 1000,5,E01006008,0,4
2024421409395,2024,421409395,2,5,0,-1,4,3,7,-1,0,2,0,0,0,0,3,1,-1,9,1,34,6,999,1,9,BMW S 1000,10,E01021403,0,1
2024501475887,2024,501475887,1,5,0,-1,19,1,5,-1,0,0,2,0,2,1,4,1,-1,9,1,52,8,999,1,2,BMW S 1000,1,E01012894,0,5
2024421495970,2024,421495970,1,5,0,-1,19,5,1,-1,0,8,1,8,0,0,1,1,-1,9,1,36,7,999,1,11,BMW S 1000,3,E01021977,0,1
2024320186457,2024,320186457,2,4,0,-1,-1,6,2,0,0,8,5,0,0,0,1,1,6,6,1,30,6,999,1,3,BMW S 1000,-1,-1,0,-1
2024461484294,2024,461484294,1,5,0,-1,19,7,3,-1,0,0,0,0,0,0,0,1,-1,9,1,57,9,999,1,13,BMW S 1000,4,E01000904,0,5
2024991421755,2024,991421755,1,5,0,-1,5,5,2,-1,0,2,0,0,1,0,2,1,-1,9,1,35,6,999,1,2,BMW S 1000,4,-1,0,1
2024061431566,2024,061431566,1,5,0,-1,19,7,2,-1,0,2,1,10,0,0,1,1,-1,9,1,31,6,999,1,9,BMW S 1000,9,E01005909,0,1
2024552400962,2024,552400962,2,5,0,15,15,6,2,4,4,8,0,0,0,0,1,1,6,6,1,37,7,999,1,12,BMW S 1000,3,E01015381,0,1
2024131470553,2024,131470553,1,5,0,-1,13,1,5,-1,0,0,2,0,1,0,1,1,-1,6,1,56,9,999,1,5,BMW S 1000,6,E01007321,0,2
2024991476561,2024,991476561,2,5,0,-1,19,3,7,-1,0,0,0,0,0,0,1,1,-1,9,1,55,8,999,1,6,BMW S 1000,10,E01017756,0,5
2024311418000,2024,311418000,2,5,0,-1,19,2,6,-1,0,0,0,0,0,0,1,1,-1,2,1,39,7,999,1,8,BMW S 1000,-1,-1,0,-1
2024201502556,2024,201502556,2,5,0,-1,15,5,1,-1,0,2,1,0,0,0,1,1,-1,9,1,36,7,999,1,11,BMW S 1000,-1,-1,0,-1
2024302401116,2024,302401116,2,5,0,18,19,8,4,0,0,0,0,0,0,0,1,1,1,1,1,46,8,999,1,9,BMW S 1000,10,E01028354,0,4
2024520403351,2024,520403351,1,5,0,7,7,7,1,0,0,8,1,0,0,0,0,1,6,6,1,32,6,999,1,5,BMW S 1000,7,E01029277,0,3
2024010541815,2024,010541815,2,5,0,18,19,1,5,0,0,1,0,0,0,0,1,1,6,6,1,55,8,999,1,7,BMW S 1000,9,E01000690,0,1
2024221456391,2024,221456391,3,5,0,-1,19,5,1,-1,0,0,0,0,0,0,2,1,-1,9,1,28,6,999,1,5,BMW S 1000,3,E01029355,0,4
2024471467362,2024,471467362,2,5,0,-1,19,7,3,-1,0,8,0,0,0,0,1,1,-1,9,1,53,8,999,1,10,BMW S 1000,8,E01001122,0,4
2024461463210,2024,461463210,1,5,0,-1,5,5,1,-1,0,0,0,0,0,0,1,1,-1,9,1,46,8,999,1,3,BMW S 1000,2,E01024717,0,1
2024991467312,2024,991467312,2,5,0,-1,19,8,4,-1,0,1,5,0,0,0,1,1,-1,9,1,61,9,999,1,1,BMW S 1000,6,-1,0,4
2024440255108,2024,440255108,2,5,0,18,19,6,2,0,0,8,0,0,0,0,1,1,6,6,1,32,6,999,1,2,BMW S 1000,1,E01022968,0,1
2024340WN6052,2024,340WN6052,2,3,0,-1,19,7,3,-1,0,3,0,0,0,0,1,1,-1,9,1,23,5,999,1,14,BMW S 1000,-1,-1,0,-1
2024421409118,2024,421409118,2,5,0,-1,13,3,3,-1,0,1,0,0,0,0,4,1,-1,6,1,30,6,999,1,12,BMW S 1000,10,E01021939,0,2
202417S207624,2024,17S207624,2,5,0,-1,19,4,8,-1,0,0,0,0,0,0,1,1,-1,9,1,50,8,999,1,2,BMW S 1000,10,E01012005,0,3
2024461441166,2024,461441166,1,5,0,-1,4,3,7,-1,0,0,1,0,0,0,1,1,-1,2,1,33,6,999,1,6,BMW S 1000,4,E01024138,0,1
2024461441898,2024,461441898,2,5,0,-1,12,5,8,-1,0,0,5,7,0,0,3,1,-1,9,1,52,8,999,1,2,BMW S 1000,9,E01035291,0,1
2024991465238,2024,991465238,1,5,0,-1,13,2,7,-1,0,1,0,0,0,0,1,1,-1,9,1,38,7,999,1,3,BMW S 1000,3,-1,0,4
2024231516524,2024,231516524,1,5,0,-1,19,6,8,-1,0,0,0,0,7,0,1,1,-1,6,1,29,6,999,1,6,BMW S 1000,6,E01027030,0,3
2024471458474,2024,471458474,2,5,0,-1,19,2,7,-1,0,1,0,0,0,0,1,1,-1,9,1,55,8,999,1,2,BMW S 1000,1,E01031436,0,1
2024010526383,2024,010526383,2,5,0,13,13,1,5,9,9,0,1,0,0,0,4,1,6,6,1,58,9,999,1,2,BMW S 1000,3,E01033862,0,3