collision_index,collision_year,collision_ref_no,vehicle_reference,vehicle_type,towing_and_articulation,vehicle_manoeuvre_historic,vehicle_manoeuvre,vehicle_direction_from,vehicle_direction_to,vehicle_location_restricted_lane_historic,vehicle_location_restricted_lane,junction_location,skidding_and_overturning,hit_object_in_carriageway,vehicle_leaving_carriageway,hit_object_off_carriageway,first_point_of_impact,vehicle_left_hand_drive,journey_purpose_of_driver_historic,journey_purpose_of_driver,sex_of_driver,age_of_driver,age_band_of_driver,engine_capacity_cc,propulsion_code,age_of_vehicle,generic_make_model,driver_imd_decile,lsoa_of_driver,escooter_flag,driver_distance_banding
2024070402699,2024,070402699,1,5,0,4,4,7,3,0,0,0,1,0,0,0,1,1,6,6,1,41,7,999,1,14,BMW S 1000,1,E01026173,0,5
2024122400910,2024,122400910,1,5,0,17,19,2,6,0,0,0,0,0,2,4,1,1,6,6,1,62,9,999,1,5,BMW S 1000,10,E01013408,0,3
202460Q123676,2024,60Q123676,1,5,0,17,19,5,1,0,0,0,0,0,7,4,1,1,6,6,1,34,6,999,1,10,BMW S 1000,-1,-1,0,-1
2024211486070,2024,211486070,2,5,0,-1,19,2,6,-1,9,0,2,0,1,0,1,1,-1,9,1,39,7,999,1,10,BMW S 1000,3,E01010349,0,3
2024010539743,2024,010539743,1,5,0,18,19,1,5,0,0,2,0,0,0,0,1,1,6,6,1,26,6,999,1,9,BMW S 1000,4,E01002599,0,4
2024201431145,2024,201431145,2,5,0,-1,19,5,4,-1,0,1,5,0,0,0,1,1,-1,9,1,42,7,999,1,2,BMW S 1000,2,E01009953,0,1
2024131411048,2024,131411048,2,5,0,-1,15,5,1,-1,0,0,0,0,0,0,3,1,-1,9,1,41,7,999,1,14,BMW S 1000,3,E01013410,0,4
2024361484579,2024,361484579,1,5,0,-1,19,4,8,-1,0,0,0,0,1,0,0,1,-1,6,1,45,7,999,1,11,BMW S 1000,5,E01026525,0,2
2024070635686,2024,070635686,2,5,0,18,19,2,6,0,0,1,1,0,0,0,3,1,6,6,2,57,9,999,1,4,BMW S 1000,8,E01018727,0,1
2024231441160,2024,231441160,1,5,0,-1,19,7,3,-1,0,0,0,0,0,0,1,1,-1,9,1,53,8,999,1,3,BMW S 1000,10,E01031124,0,1
2024010505897,2024,010505897,1,5,0,18,19,7,3,0,0,1,0,0,0,0,4,1,2,2,1,34,6,999,1,4,BMW S 1000,7,E01024157,0,4
2024161485522,2024,161485522,1,4,0,-1,19,2,6,-1,0,0,0,0,0,0,1,1,-1,6,1,30,6,999,1,1,BMW S 1000,9,E01027845,0,4
2024340WN3782,2024,340WN3782,2,5,0,-1,19,1,5,-1,0,0,0,0,0,0,1,1,-1,9,1,69,10,999,1,4,BMW S 1000,10,E01027274,0,1
2024010514953,2024,010514953,1,5,0,18,19,2,6,0,0,6,0,0,0,0,1,1,6,6,1,25,5,999,1,13,BMW S 1000,2,E01033327,0,1
2024010539184,2024,010539184,2,5,0,18,19,1,5,9,9,1,0,0,0,0,0,1,2,2,1,35,6,999,1,6,BMW S 1000,3,E01000876,0,1
2024010526928,2024,010526928,1,5,0,18,19,7,3,0,0,0,2,0,0,0,3,1,1,1,1,36,7,999,1,13,BMW S 1000,5,E01002525,0,2
2024010546277,2024,010546277,1,5,0,18,19,3,7,0,0,0,0,0,0,0,1,1,2,2,1,32,6,999,1,4,BMW S 1000,10,E01023092,0,4
2024991411641,2024,991411641,2,5,0,-1,19,6,2,-1,0,1,0,0,0,0,1,1,-1,9,1,42,7,999,1,1,BMW S 1000,4,-1,0,4
2024101491569,2024,101491569,2,5,0,-1,19,7,3,-1,0,0,0,0,8,0,1,1,-1,6,1,48,8,999,1,6,BMW S 1000,9,E01008275,0,4
2024131497128,2024,131497128,1,5,0,-1,19,1,1,-1,0,0,1,0,0,0,0,1,-1,6,1,45,7,999,1,5,BMW S 1000,3,E01005440,0,3
2024161421479,2024,161421479,1,5,0,-1,19,2,6,-1,0,0,0,0,7,9,1,1,-1,6,1,26,6,999,1,3,BMW S 1000,2,E01035463,0,3
2024122401176,2024,122401176,1,5,0,16,19,5,1,0,0,0,0,0,0,0,4,1,6,6,1,50,8,999,1,5,BMW S 1000,5,E01025509,0,4
2024122500431,2024,122500431,1,5,0,18,19,1,5,0,0,0,0,0,0,0,1,1,6,6,1,54,8,999,1,0,BMW S 1000,9,E01025064,0,4
2024421453650,2024,421453650,1,5,0,-1,4,6,3,-1,0,0,0,0,0,0,1,1,-1,6,1,46,8,999,1,13,BMW S 1000,2,E01016150,0,3
2024471484273,2024,471484273,1,5,0,-1,11,2,6,-1,0,0,0,0,1,2,1,1,-1,6,1,58,9,999,1,9,BMW S 1000,8,E01031701,0,3
2024451415229,2024,451415229,2,5,0,-1,19,3,7,-1,0,1,0,0,0,0,1,1,-1,6,1,58,9,999,1,2,BMW S 1000,9,E01034719,0,3
2024010513766,2024,010513766,1,5,0,18,19,8,4,0,0,0,0,4,0,0,1,1,6,6,1,32,6,999,1,9,BMW S 1000,4,E01002491,0,1
2024351466235,2024,351466235,1,5,0,-1,19,2,6,-1,0,0,0,0,1,3,3,1,-1,9,1,58,9,999,1,3,BMW S 1000,9,E01025809,0,4
2024411458235,2024,411458235,2,5,0,-1,5,7,3,-1,0,4,0,0,0,0,3,1,-1,9,1,27,6,999,1,2,BMW S 1000,7,E01000296,0,3
2024010531638,2024,010531638,2,5,0,18,19,1,5,0,0,1,0,0,0,0,1,1,6,6,1,36,7,999,1,9,BMW S 1000,-1,-1,0,-1
2024421517461,2024,421517461,1,5,0,-1,19,1,5,-1,0,0,0,0,0,0,3,1,-1,1,1,64,9,999,1,4,BMW S 1000,7,E01021966,0,1
2024070264789,2024,070264789,2,5,0,14,14,3,7,0,0,1,0,0,0,0,4,1,1,1,1,55,8,999,1,5,BMW S 1000,8,E01025453,0,4
2024101508898,2024,101508898,1,5,0,-1,19,1,5,-1,0,1,2,0,0,0,1,1,-1,6,1,44,7,999,1,7,BMW S 1000,2,E01008537,0,1
2024010498640,2024,010498640,1,5,0,15,15,7,3,0,0,0,0,0,0,0,0,1,6,6,1,31,6,999,1,1,BMW S 1000,5,E01027826,0,5
2024451491779,2024,451491779,1,5,0,-1,13,7,3,-1,0,0,0,0,7,0,1,1,-1,9,1,38,7,999,1,8,BMW S 1000,5,E01030819,0,3
2024161458238,2024,161458238,1,5,0,-1,19,2,8,-1,0,0,0,12,1,0,1,1,-1,6,1,52,8,999,1,7,BMW S 1000,1,E01013084,0,2
2024421426887,2024,421426887,1,5,0,-1,11,7,3,-1,0,0,0,7,1,0,1,1,-1,9,1,54,8,999,1,1,BMW S 1000,6,E01003386,0,4
2024440303782,2024,440303782,1,5,0,9,9,1,5,0,0,5,0,0,0,0,1,1,6,6,1,23,5,999,1,13,BMW S 1000,3,E01017315,0,3
2024991441277,2024,991441277,1,5,0,-1,19,3,8,-1,0,0,1,0,0,0,1,1,-1,6,1,30,6,999,1,6,BMW S 1000,-1,-1,0,-1
2024161453358,2024,161453358,2,5,0,-1,19,4,8,-1,0,0,0,0,0,0,1,1,-1,6,1,39,7,999,1,7,BMW S 1000,8,E01035471,0,1
2024010517348,2024,010517348,1,5,0,99,99,9,9,99,99,9,9,99,9,99,9,1,6,6,1,35,6,999,1,0,BMW S 1000,7,E01022087,0,4
2024211502088,2024,211502088,1,5,0,-1,13,3,7,-1,0,0,2,7,1,0,1,1,-1,9,1,28,6,999,1,9,BMW S 1000,5,E01029611,0,2
2024122401111,2024,122401111,1,5,0,16,19,1,4,0,0,1,1,0,0,0,4,1,6,6,2,50,8,999,1,7,BMW S 1000,9,E01033776,0,5
2024101442970,2024,101442970,2,5,0,-1,19,2,6,-1,0,1,0,0,0,0,3,1,-1,9,1,41,7,999,1,5,BMW S 1000,-1,-1,0,-1
2024221486206,2024,221486206,1,5,0,-1,19,3,8,-1,0,0,0,10,1,4,1,1,-1,6,1,30,6,999,1,14,BMW S 1000,-1,-1,0,-1
2024101448226,2024,101448226,2,5,0,-1,19,5,1,-1,0,0,0,0,0,0,2,1,-1,9,1,58,9,999,1,3,BMW S 1000,8,E01027407,0,4
202454C664424,2024,54C664424,2,5,0,18,19,5,1,2,2,1,0,0,0,0,3,1,6,6,1,27,6,999,1,1,BMW S 1000,7,E01033844,0,1
2024302400211,2024,302400211,2,17,0,4,4,5,1,0,0,0,0,0,0,0,1,1,1,1,1,72,10,4485,2,4,MAKE AND MODEL REDACTED,5,E01019723,0,1
2024440207640,2024,440207640,2,17,0,9,9,3,1,0,0,5,0,0,0,0,3,1,1,1,1,28,6,4485,2,1,MAKE AND MODEL REDACTED,10,E01023272,0,1
2024361448665,2024,361448665,1,90,0,-1,9,6,4,-1,0,0,0,0,0,0,1,1,-1,9,1,53,8,1995,2,6,MAKE AND MODEL REDACTED,7,E01026420,0,4
2024061423025,2024,061423025,1,9,0,-1,-1,-1,-1,-1,-1,-1,-1,-1,-1,0,-1,1,-1,6,3,-1,-1,1368,1,6,MAKE AND MODEL REDACTED,-1,-1,0,-1
2024010507828,2024,010507828,1,9,0,7,7,4,5,0,0,5,0,0,0,0,4,1,6,6,1,59,9,1368,1,7,MAKE AND MODEL REDACTED,10,E01004640,0,1
2024531485218,2024,531485218,2,3,0,-1,19,3,1,-1,0,1,0,0,0,0,1,1,-1,6,1,18,4,124,1,40,MAKE AND MODEL REDACTED,7,E01022248,0,2
2024361406499,2024,361406499,1,4,0,-1,19,3,7,-1,5,0,0,0,7,4,1,1,-1,6,1,45,7,449,1,1,MAKE AND MODEL REDACTED,7,E01018057,0,4
2024991394095,2024,991394095,2,9,0,-1,19,3,7,-1,0,4,1,10,4,0,1,1,-1,9,2,61,9,1498,1,6,MG 3,-1,-1,0,-1
2024411539242,2024,411539242,2,9,0,-1,19,5,1,-1,0,0,0,0,0,0,2,1,-1,6,1,22,5,1498,1,6,MG 3,6,E01002111,0,2
2024351435010,2024,351435010,2,9,-1,-1,3,3,7,-1,0,1,0,0,0,0,2,9,-1,9,1,33,6,1498,1,7,MG 3,9,E01018174,0,1
2024101409261,2024,101409261,2,9,0,-1,5,3,5,-1,0,8,0,0,0,0,0,1,-1,2,2,31,6,1498,1,2,MG 3,6,E01008696,0,1
2024371533883,2024,371533883,2,9,0,-1,2,0,0,-1,9,0,0,4,0,0,2,1,-1,6,-1,-1,-1,1498,1,2,MG 3,-1,-1,0,-1
2024430622516,2024,430622516,1,9,0,18,19,1,5,0,0,0,1,0,0,0,1,1,6,6,1,-1,-1,1498,8,0,MG 3,7,E01028776,0,1
2024070422655,2024,070422655,1,9,0,9,9,3,1,0,0,8,0,9,0,0,1,1,2,2,2,51,8,1498,1,4,MG 3,8,E01035390,0,1
2024622400529,2024,622400529,1,9,0,18,19,4,8,0,0,8,0,0,0,0,4,1,6,6,1,64,9,1498,1,4,MG 3,1,W01001883,0,1
2024041458068,2024,041458068,2,9,0,-1,3,7,2,-1,0,1,0,0,0,0,2,1,-1,2,2,36,7,1498,1,4,MG 3,2,E01025115,0,1
2024201499769,2024,201499769,1,9,0,-1,9,2,1,-1,9,5,0,0,0,0,2,1,-1,9,2,58,9,1498,1,7,MG 3,3,E01010020,0,1
2024991457559,2024,991457559,2,9,0,-1,19,1,5,-1,0,0,0,0,7,0,1,1,-1,2,2,29,6,1498,1,8,MG 3,8,-1,0,4
2024631486865,2024,631486865,1,9,0,-1,19,4,7,-1,0,0,5,0,0,0,1,1,-1,6,2,74,10,1498,1,5,MG 3,8,W01000722,0,1
2024991519218,2024,991519218,1,9,0,-1,12,7,3,-1,0,1,0,0,0,0,3,1,-1,6,1,71,10,1498,1,6,MG 3,3,-1,0,3
2024211404442,2024,211404442,2,9,0,-1,19,5,1,-1,0,0,0,0,0,0,1,1,-1,6,2,30,6,1498,1,6,MG 3,8,E01029416,0,1
2024991497991,2024,991497991,1,9,0,-1,7,3,1,-1,0,4,0,0,0,0,2,1,-1,2,1,20,4,1498,1,0,MG 3,8,-1,0,1
2024401417111,2024,401417111,1,9,0,-1,9,3,1,-1,0,1,0,0,0,0,4,1,-1,9,2,28,6,1498,1,1,MG 3,4,E01033827,0,2
2024070395968,2024,070395968,1,9,0,18,19,1,5,0,0,0,0,0,0,0,1,1,2,2,1,34,6,1498,1,1,MG 3,8,E01018686,0,4
2024010507461,2024,010507461,1,9,0,99,99,9,9,99,99,0,9,99,9,99,9,9,6,6,2,33,6,1498,1,4,MG 3,5,E01000450,0,1
2024361491703,2024,361491703,1,9,0,-1,9,5,3,-1,0,6,0,0,3,0,3,1,-1,9,2,60,9,1498,8,0,MG 3,8,E01026912,0,3
2024520402137,2024,520402137,2,9,0,9,9,6,4,0,0,8,0,0,0,0,1,1,6,6,1,68,10,1498,1,1,MG 3,-1,-1,0,-1
2024440463956,2024,440463956,1,9,0,18,19,8,4,0,0,0,0,0,0,0,1,1,2,2,1,-1,-1,1498,1,3,MG 3,-1,-1,0,-1
2024461532261,2024,461532261,3,9,0,-1,4,3,7,-1,0,0,0,0,0,0,1,1,-1,9,2,40,7,1498,1,0,MG 3,10,E01024337,0,1
2024622400066,2024,622400066,2,9,0,3,3,2,6,0,0,1,0,0,0,0,2,1,6,6,2,41,7,1498,1,5,MG 3,9,W01002017,0,1
2024320184788,2024,320184788,1,9,0,4,4,1,5,0,0,1,0,0,0,0,1,1,6,6,1,52,8,1498,1,9,MG 3,8,E01019757,0,5
2024552401150,2024,552401150,1,9,0,18,19,5,1,0,0,0,0,0,0,0,1,1,6,6,2,63,9,1498,1,5,MG 3,5,E01020517,0,1
2024430234498,2024,430234498,2,9,0,3,3,6,2,0,0,0,0,0,0,0,2,1,2,2,2,60,9,1498,1,9,MG 3,8,E01027028,0,3
2024041504669,2024,041504669,1,9,0,-1,19,1,5,-1,0,0,0,0,0,0,1,1,-1,9,2,22,5,1498,1,4,MG 3,2,E01025285,0,2
2024221500504,2024,221500504,1,9,0,-1,19,5,2,-1,0,0,0,12,1,3,1,1,-1,6,1,42,7,1498,1,10,MG 3,3,E01032381,0,4
2024461447871,2024,461447871,1,9,0,-1,19,3,7,-1,0,8,0,0,0,0,3,1,-1,9,2,71,10,1498,1,5,MG 3,3,E01024535,0,1
2024531436532,2024,531436532,3,9,0,-1,19,1,5,-1,0,0,0,0,0,0,0,1,-1,6,-1,-1,-1,1498,1,1,MG 3,-1,-1,0,-1
2024231474761,2024,231474761,1,9,0,-1,19,2,6,-1,0,6,0,0,0,0,1,9,-1,6,2,61,9,1498,1,1,MG 3,9,E01032894,0,1
2024361417387,2024,361417387,1,9,0,-1,-1,3,1,-1,-1,-1,0,-1,-1,0,1,9,-1,9,1,22,5,1498,1,2,MG 3,6,E01026457,0,4
2024351435109,2024,351435109,1,9,0,-1,5,5,1,-1,0,4,0,0,0,0,1,1,-1,6,2,69,10,1498,1,7,MG 3,8,E01017992,0,1
2024411486380,2024,411486380,2,9,0,-1,2,0,0,-1,9,0,0,0,0,0,2,1,-1,6,3,-1,-1,1498,8,0,MG 3,-1,-1,0,-1
2024320621138,2024,320621138,1,9,0,-1,-1,2,8,0,0,0,5,0,2,11,1,1,6,6,1,86,11,1498,8,0,MG 3,8,E01026171,0,2
2024111512708,2024,111512708,1,9,0,-1,19,6,2,-1,0,0,0,0,1,0,1,1,-1,6,2,40,7,1498,8,0,MG 3,8,E01007002,0,5
2024141530886,2024,141530886,1,9,0,-1,19,5,1,-1,0,0,0,0,0,0,1,1,-1,1,1,19,4,1498,1,3,MG 3,1,E01007643,0,2
2024052402324,2024,052402324,2,9,0,18,19,1,5,0,0,8,0,0,0,0,2,1,6,6,2,33,6,1498,8,0,MG 3,1,E01034837,0,1
2024501497593,2024,501497593,2,9,0,-1,2,0,0,-1,0,0,0,0,0,0,1,1,-1,6,-1,-1,-1,1498,1,7,MG 3,-1,-1,0,-1
2024122401191,2024,122401191,1,9,0,18,19,3,7,0,0,0,0,0,1,4,1,1,6,6,1,63,9,1498,8,0,MG 3,3,E01010584,0,3
2024122400948,2024,122400948,1,9,0,18,19,2,6,0,0,8,0,0,0,0,1,1,6,6,2,48,8,1498,1,5,MG 3,9,E01027882,0,4
2024061458398,2024,061458398,1,9,0,-1,19,4,8,-1,0,0,0,0,0,0,1,1,-1,9,2,55,8,1498,1,1,MG 3,4,E01018962,0,5
2024161530726,2024,161530726,1,9,0,-1,9,2,7,-1,0,8,0,0,0,0,1,9,-1,6,3,-1,-1,1498,1,7,MG 3,-1,-1,0,-1
2024991532009,2024,991532009,1,9,0,-1,19,3,5,-1,0,0,0,0,7,11,1,1,-1,9,2,24,5,1498,1,9,MG 3,2,-1,0,4
2024052400324,2024,052400324,2,9,0,5,5,7,3,0,0,1,0,0,0,0,3,1,6,6,2,40,7,1498,1,1,MG 3,7,E01007080,0,3
2024010520105,2024,010520105,2,9,9,99,99,9,9,99,99,9,9,99,9,99,9,9,6,6,3,-1,-1,1498,1,1,MG 3,-1,-1,0,-1
2024471516978,2024,471516978,1,9,0,-1,19,6,2,-1,0,0,0,0,7,0,1,1,-1,6,2,58,9,1498,1,3,MG 3,4,E01021177,0,2
2024122400438,2024,122400438,1,9,0,17,19,1,5,0,0,0,2,0,8,10,1,1,6,6,1,41,7,1498,1,1,MG 3,3,E01013366,0,4
2024010512390,2024,010512390,1,9,0,9,9,1,6,0,0,5,0,0,0,0,1,1,6,6,1,44,7,1498,1,7,MG 3,2,E01004067,0,1
2024610004124,2024,610004124,1,9,0,18,19,5,1,0,0,0,0,4,0,0,1,1,6,6,1,74,10,1498,1,3,MG 3,-1,-1,0,-1
2024231447693,2024,231447693,2,9,0,-1,9,1,7,-1,0,5,0,0,0,0,4,1,-1,1,1,22,5,1498,1,3,MG 3,5,E01029855,0,1
2024361506849,2024,361506849,2,9,0,-1,4,1,5,-1,0,0,0,0,0,0,2,1,-1,6,1,77,11,1498,8,0,MG 3,5,E01026751,0,4
2024071065240,2024,071065240,1,9,0,-1,19,2,6,-1,0,0,0,0,0,0,1,1,-1,6,2,26,6,1498,1,5,MG 3,8,E01034078,0,5
2024991522995,2024,991522995,2,9,0,-1,5,3,6,-1,0,8,0,0,0,0,1,1,-1,9,1,36,7,1498,8,0,MG 3,1,-1,0,1
2024522403446,2024,522403446,2,9,0,9,9,5,2,0,0,6,0,0,0,0,3,1,6,6,2,42,7,1498,1,8,MG 3,5,E01014573,0,1
2024061512868,2024,061512868,1,9,0,-1,19,3,7,-1,0,0,0,4,0,0,1,1,-1,6,1,23,5,1498,8,0,MG 3,2,E01006359,0,3
2024052402436,2024,052402436,1,9,0,18,19,7,3,0,0,2,1,0,1,11,3,1,6,6,1,28,6,1498,1,4,MG 3,1,E01006648,0,1
2024052401359,2024,052401359,2,9,0,10,10,5,3,0,0,1,0,0,0,0,3,1,6,6,1,70,10,1498,1,2,MG 3,5,E01021954,0,5
2024211442714,2024,211442714,1,9,0,-1,19,5,1,-1,0,0,0,0,0,0,1,1,-1,6,2,27,6,1498,1,7,MG 3,-1,-1,0,-1
2024211514075,2024,211514075,2,9,0,-1,19,1,5,-1,0,0,0,0,0,0,1,1,-1,6,1,33,6,1498,1,2,MG 3,-1,-1,0,-1
2024461522465,2024,461522465,1,9,0,-1,9,5,1,-1,0,1,0,0,0,0,3,9,-1,2,1,39,7,1498,1,8,MG 3,6,E01024719,0,1
2024320317073,2024,320317073,1,9,0,-1,-1,3,7,0,0,0,0,4,0,0,1,1,-1,-1,1,78,11,1498,1,8,MG 3,-1,-1,0,-1
2024411516237,2024,411516237,3,9,0,-1,2,0,0,-1,0,1,0,0,0,0,4,1,-1,6,-1,-1,-1,1498,1,7,MG 3,-1,-1,0,-1
2024131415956,2024,131415956,2,9,0,-1,19,3,7,-1,0,0,0,0,0,0,1,1,-1,6,1,48,8,1498,1,1,MG 3,6,E01010643,0,2
2024010518961,2024,010518961,2,9,0,99,99,9,9,99,99,9,9,99,9,99,9,9,6,6,2,38,7,1498,1,1,MG 3,3,E01003089,0,1
2024991441782,2024,991441782,2,9,0,-1,19,3,8,-1,0,0,0,0,0,0,3,1,-1,9,1,66,10,1498,1,1,MG 3,-1,-1,0,-1
2024421524769,2024,421524769,1,9,0,-1,19,6,2,-1,0,0,0,0,7,0,1,1,-1,9,2,19,4,1498,1,7,MG 3,8,E01002341,0,3
2024041406648,2024,041406648,1,9,0,-1,7,1,5,-1,0,1,0,0,0,0,4,1,-1,6,2,28,6,1498,1,8,MG 3,2,E01012647,0,1
2024531480887,2024,531480887,1,9,0,-1,19,5,1,-1,0,0,0,0,0,0,1,1,-1,6,2,51,8,1498,1,0,MG 3,3,E01022245,0,2
2024010515118,2024,010515118,2,9,0,18,19,3,7,0,0,0,0,0,0,0,2,1,6,6,1,39,7,1498,1,3,MG 3,6,E01023858,0,3
2024440293995,2024,440293995,2,9,0,18,19,3,7,0,0,0,0,12,0,0,1,1,2,2,1,43,7,1498,1,2,MG 3,5,E01017203,0,3
2024052401933,2024,052401933,1,9,0,9,9,5,4,0,0,6,0,0,0,0,1,1,6,6,1,79,11,1498,1,3,MG 3,9,E01006823,0,1
2024161484169,2024,161484169,1,9,0,-1,19,7,3,-1,0,4,0,10,3,1,1,1,-1,9,1,76,11,1498,1,5,MG 3,8,E01012814,0,1
2024211414346,2024,211414346,1,9,0,-1,6,4,4,-1,0,0,0,0,0,0,3,9,-1,9,1,78,11,1498,1,10,MG 3,3,E01029593,0,1
2024991491160,2024,991491160,2,9,0,-1,19,1,5,-1,0,8,0,0,0,0,4,1,-1,6,2,46,8,1498,1,6,MG 3,2,-1,0,1
2024101482341,2024,101482341,1,9,0,-1,19,8,4,-1,0,8,0,0,0,0,1,1,-1,9,1,40,7,1498,1,1,MG 3,7,E01008642,0,1
2024010538639,2024,010538639,2,9,0,2,2,0,0,0,0,2,0,0,0,0,4,1,6,6,3,-1,-1,1498,1,4,MG 3,-1,-1,0,-1
2024522401501,2024,522401501,1,9,0,3,3,3,7,0,0,0,0,0,0,0,2,1,6,6,2,37,7,1498,1,7,MG 3,8,E01032672,0,3
2024320389948,2024,320389948,1,9,0,-1,-1,4,8,0,0,0,0,0,1,4,1,1,-1,-1,2,35,6,1498,1,10,MG 3,4,E01026253,0,1
2024061515250,2024,061515250,2,9,0,-1,2,0,0,-1,0,0,0,0,0,0,3,1,-1,9,1,80,11,1498,8,0,MG 3,7,E01005415,0,2
2024531395291,2024,531395291,2,9,0,-1,19,6,2,-1,0,8,0,0,0,0,4,1,-1,6,1,75,10,1498,1,1,MG 3,7,E01034801,0,1
2024010528679,2024,010528679,1,9,0,9,9,7,5,0,0,8,0,0,0,0,4,1,6,6,1,32,6,1498,1,9,MG 3,4,E01002629,0,1
2024421516563,2024,421516563,1,9,0,-1,19,7,7,-1,0,0,0,0,0,0,4,1,-1,9,2,22,5,1498,1,0,MG 3,4,E01021310,0,1
2024531503166,2024,531503166,1,9,0,-1,19,5,1,-1,0,0,0,0,0,0,1,1,-1,2,1,23,5,1498,1,2,MG 3,10,E01022354,0,1
2024010552090,2024,010552090,1,9,0,18,19,1,5,0,0,2,0,0,0,0,4,1,1,1,2,30,6,1498,8,0,MG 3,4,E01003333,0,2
2024201507373,2024,201507373,2,9,0,-1,19,6,2,-1,0,8,0,0,0,0,4,9,-1,6,1,30,6,1498,1,2,MG 3,4,E01009248,0,1
2024440037091,2024,440037091,1,9,0,9,9,8,7,0,0,8,0,0,0,0,4,1,6,6,1,65,9,1498,1,7,MG 3,9,E01008611,0,5
2024631439604,2024,631439604,3,9,0,-1,4,6,2,-1,0,1,0,0,0,0,2,1,-1,9,2,45,7,1498,1,5,MG 3,9,W01000580,0,2
202454E928724,2024,54E928724,2,9,0,18,19,2,6,0,0,8,0,0,0,0,1,1,2,2,2,32,6,1498,1,2,MG 3,5,E01032063,0,2
2024440535193,2024,440535193,1,9,0,13,13,4,8,0,0,0,0,0,0,0,1,1,2,2,2,47,8,1498,8,0,MG 3,4,E01017187,0,3
2024440348542,2024,440348542,2,9,0,18,19,7,3,0,0,0,0,0,0,0,0,1,6,6,1,31,6,1498,1,2,MG 3,4,E01017275,0,1
2024531497634,2024,531497634,2,9,0,-1,3,7,3,-1,0,0,0,0,0,0,2,9,-1,6,2,35,6,1498,1,7,MG 3,5,E01022227,0,4
2024010544484,2024,010544484,1,9,0,18,19,7,3,0,0,8,0,0,0,0,1,1,6,6,1,69,10,1498,1,0,MG 3,-1,-1,0,-1
2024411516408,2024,411516408,1,9,0,-1,-1,-1,-1,-1,-1,-1,-1,-1,-1,0,2,9,-1,6,2,28,6,1498,8,0,MG 3,9,E01023406,0,2
2024231469395,2024,231469395,2,9,0,-1,19,3,7,-1,0,0,5,0,0,0,1,1,-1,6,2,74,10,1498,8,0,MG 3,10,E01031228,0,1
2024161457503,2024,161457503,2,9,0,-1,7,8,2,-1,0,1,0,0,0,0,1,9,-1,6,3,-1,-1,1498,1,7,MG 3,-1,-1,0,-1
2024041514195,2024,041514195,1,9,0,-1,19,3,7,-1,0,4,0,0,0,0,4,1,-1,6,1,57,9,1498,1,1,MG 3,9,E01025022,0,1
2024991397880,2024,991397880,1,9,0,-1,8,4,7,-1,0,1,0,0,0,0,2,1,-1,9,2,22,5,1498,1,1,MG 3,2,-1,0,2
2024161421273,2024,161421273,1,9,0,-1,19,5,1,-1,0,0,0,4,0,0,1,1,-1,9,2,63,9,1498,1,1,MG 3,8,E01013053,0,1
2024991506207,2024,991506207,2,9,0,-1,5,5,8,-1,0,6,0,0,0,0,3,1,-1,9,1,28,6,1498,1,1,MG 3,9,E01008156,0,5
2024111454970,2024,111454970,1,9,0,-1,7,1,5,-1,0,6,0,0,0,0,1,1,-1,6,1,53,8,1498,1,5,MG 3,3,E01020799,0,1
2024302400485,2024,302400485,2,9,0,9,9,6,4,0,0,1,0,0,0,0,1,1,6,6,2,79,11,1498,1,1,MG 3,2,E01013585,0,1
2024461534223,2024,461534223,1,9,0,-1,9,6,3,-1,0,8,0,0,0,0,1,1,-1,2,1,29,6,1498,1,6,MG 3,1,E01016063,0,3
2024161532028,2024,161532028,1,9,0,-1,19,3,7,-1,0,3,0,0,1,2,1,1,-1,9,1,85,11,1498,1,0,MG 3,9,E01032683,0,2
2024101451683,2024,101451683,2,9,0,-1,19,8,4,-1,0,8,0,0,0,0,1,1,-1,6,1,50,8,1498,1,0,MG 3,1,E01008671,0,1
2024631404408,2024,631404408,2,9,0,-1,2,0,0,-1,0,0,0,0,0,0,1,1,-1,6,-1,-1,-1,1498,1,8,MG 3,-1,-1,0,-1
202460Q012466,2024,60Q012466,1,9,0,17,19,4,8,0,0,0,5,0,2,7,1,1,1,1,1,87,11,1028,2,9,MAKE AND MODEL REDACTED,-1,-1,0,-1
2024101457425,2024,101457425,1,9,0,-1,5,7,3,-1,0,0,0,0,0,0,2,1,-1,2,1,52,8,1598,1,13,RENAULT MODUS,3,E01032483,0,1
2024332400767,2024,332400767,1,9,0,-1,19,5,1,-1,0,1,5,0,0,0,1,1,-1,9,2,80,11,1598,1,14,RENAULT MODUS,7,E01025964,0,1
2024411415725,2024,411415725,1,9,0,-1,19,8,4,-1,0,0,0,0,0,0,1,1,-1,2,2,65,9,1149,1,15,RENAULT MODUS,5,E01023791,0,1
2024131410424,2024,131410424,1,9,0,-1,4,3,7,-1,0,2,0,0,0,0,2,1,-1,9,2,50,8,1461,2,16,RENAULT MODUS,7,E01011383,0,1
2024141507696,2024,141507696,1,9,0,-1,7,3,2,-1,0,2,0,0,0,0,1,1,-1,9,2,57,9,1598,1,13,RENAULT MODUS,1,E01007542,0,3
2024231442233,2024,231442233,1,9,0,-1,19,4,8,-1,0,0,2,0,2,10,1,1,-1,9,2,23,5,1149,1,18,RENAULT MODUS,1,E01034933,0,4