collision_index,collision_year,collision_ref_no,vehicle_reference,vehicle_type,towing_and_articulation,vehicle_manoeuvre_historic,vehicle_manoeuvre,vehicle_direction_from,vehicle_direction_to,vehicle_location_restricted_lane_historic,vehicle_location_restricted_lane,junction_location,skidding_and_overturning,hit_object_in_carriageway,vehicle_leaving_carriageway,hit_object_off_carriageway,first_point_of_impact,vehicle_left_hand_drive,journey_purpose_of_driver_historic,journey_purpose_of_driver,sex_of_driver,age_of_driver,age_band_of_driver,engine_capacity_cc,propulsion_code,age_of_vehicle,generic_make_model,driver_imd_decile,lsoa_of_driver,escooter_flag,driver_distance_banding
2024231460362,2024,231460362,1,5,0,-1,19,6,8,-1,0,0,0,0,7,0,1,1,-1,9,2,26,6,649,1,4,KAWASAKI ER650,9,E01027120,0,4
2024052400430,2024,052400430,1,5,0,18,19,7,3,0,0,8,0,0,0,0,3,1,6,6,1,21,5,649,1,4,KAWASAKI ER650,1,E01006872,0,2
2024061472810,2024,061472810,2,5,0,-1,19,7,3,-1,0,8,0,0,0,0,1,1,-1,9,1,61,9,649,1,4,KAWASAKI ER650,6,E01004925,0,1
2024231462613,2024,231462613,1,5,0,-1,19,6,2,-1,0,8,0,0,0,0,1,1,-1,6,1,37,7,649,1,1,KAWASAKI ER650,4,E01025953,0,3
2024552400440,2024,552400440,2,5,0,18,19,2,8,0,0,8,0,0,0,0,3,1,6,6,1,65,9,649,1,1,KAWASAKI ER650,3,E01015310,0,2
2024061445748,2024,061445748,1,5,0,-1,19,5,1,-1,0,0,0,0,0,0,4,1,-1,6,1,34,6,649,1,5,KAWASAKI ER650,2,E01004772,0,1
2024122401184,2024,122401184,1,5,0,16,19,3,7,0,0,0,0,0,0,0,1,1,6,6,1,24,5,649,1,5,KAWASAKI ER650,1,E01011372,0,3
2024311529554,2024,311529554,2,5,0,-1,19,1,5,-1,0,2,0,0,0,0,1,1,-1,1,1,61,9,649,1,1,KAWASAKI ER650,-1,-1,0,-1
2024061458617,2024,061458617,1,5,0,-1,19,6,2,-1,0,1,2,0,0,0,1,1,-1,9,2,49,8,649,1,4,KAWASAKI ER650,1,E01004801,0,1
2024101528393,2024,101528393,2,9,0,-1,19,7,3,-1,0,1,0,0,1,0,1,1,-1,9,1,64,9,4367,2,4,LAND ROVER RANGE ROVER,8,E01017715,0,5
2024631444488,2024,631444488,1,9,0,-1,13,8,4,-1,0,0,0,0,0,0,4,1,-1,6,3,-1,-1,4398,1,20,LAND ROVER RANGE ROVER,-1,-1,0,-1
2024461475328,2024,461475328,2,9,0,-1,19,5,1,-1,0,0,0,0,0,0,1,1,-1,6,1,25,5,2997,2,1,LAND ROVER RANGE ROVER,8,E01024442,0,1
2024522401156,2024,522401156,5,9,0,2,2,0,0,0,0,2,0,0,0,0,3,1,6,6,3,-1,-1,4395,1,1,LAND ROVER RANGE ROVER,-1,-1,0,-1
2024430063389,2024,430063389,2,9,0,18,19,4,8,0,0,8,0,0,0,0,2,1,2,2,2,38,7,1997,8,3,LAND ROVER RANGE ROVER,7,E01002883,0,4
2024401477278,2024,401477278,2,9,0,-1,19,5,1,-1,0,1,0,0,0,0,2,1,-1,1,1,39,7,3628,2,14,LAND ROVER RANGE ROVER,10,E01033190,0,3
2024531526667,2024,531526667,2,9,0,-1,19,1,5,-1,0,0,0,0,1,10,3,1,-1,9,2,53,8,2926,2,18,LAND ROVER RANGE ROVER,3,E01022364,0,2
2024340NN2722,2024,340NN2722,3,9,0,-1,4,3,7,-1,0,0,0,0,0,0,2,1,-1,2,2,56,9,4367,2,8,LAND ROVER RANGE ROVER,5,E01027778,0,5
2024311465234,2024,311465234,2,9,0,-1,2,4,8,-1,0,0,0,0,0,0,3,1,-1,6,1,58,9,2993,2,4,LAND ROVER RANGE ROVER,10,E01028404,0,2
2024221524954,2024,221524954,1,9,0,-1,9,7,5,-1,0,6,0,0,0,0,1,9,-1,6,1,68,10,3628,2,17,LAND ROVER RANGE ROVER,6,E01022233,0,1
2024010546861,2024,010546861,1,9,0,18,19,7,3,0,0,4,0,0,0,0,1,1,6,6,1,48,8,2996,8,1,LAND ROVER RANGE ROVER,7,E01001851,0,1
2024411465677,2024,411465677,2,9,0,-1,19,7,3,-1,0,0,0,0,0,0,3,1,-1,6,2,38,7,2997,2,3,LAND ROVER RANGE ROVER,10,E01023497,0,1
2024332401245,2024,332401245,1,9,0,-1,7,3,6,-1,0,4,0,0,0,0,3,1,-1,9,1,40,7,4367,2,8,LAND ROVER RANGE ROVER,2,E01013694,0,1
2024010489039,2024,010489039,1,9,0,18,19,3,7,0,0,1,0,0,0,0,1,1,6,6,1,-1,-1,2997,2,1,LAND ROVER RANGE ROVER,-1,-1,0,-1
2024531511663,2024,531511663,1,9,0,-1,19,4,8,-1,0,0,2,0,1,9,4,1,-1,6,1,39,7,2993,2,10,LAND ROVER RANGE ROVER,10,E01029662,0,4
2024451456882,2024,451456882,1,9,0,-1,19,1,4,-1,0,0,0,0,0,0,4,9,-1,9,2,45,7,2993,2,5,LAND ROVER RANGE ROVER,7,E01004193,0,1
2024010519409,2024,010519409,2,9,0,3,3,3,7,0,0,1,0,0,0,0,0,1,2,2,1,43,7,4367,2,9,LAND ROVER RANGE ROVER,6,E01034181,0,1
2024320584259,2024,320584259,1,9,0,-1,-1,3,7,0,0,0,0,0,1,4,1,1,-1,-1,2,42,7,2700,2,18,LAND ROVER RANGE ROVER,2,E01026037,0,4
2024451441349,2024,451441349,1,9,0,-1,19,8,4,-1,0,0,1,0,0,0,1,1,-1,9,1,47,8,4367,2,7,LAND ROVER RANGE ROVER,5,E01030656,0,1
2024430458569,2024,430458569,1,9,0,18,19,4,8,0,0,2,0,0,0,0,1,1,6,6,2,53,8,1997,8,5,LAND ROVER RANGE ROVER,-1,-1,0,-1
2024430060891,2024,430060891,1,9,0,18,19,8,4,4,4,1,0,0,0,0,1,1,6,6,1,60,9,2993,2,7,LAND ROVER RANGE ROVER,9,E01000001,0,4
2024501512710,2024,501512710,1,9,0,-1,19,1,5,-1,0,0,0,0,0,0,1,1,-1,9,1,34,6,2997,2,3,LAND ROVER RANGE ROVER,5,E01000534,0,5
2024320166195,2024,320166195,2,9,0,8,8,2,6,0,0,2,0,0,0,0,2,1,-1,-1,1,43,7,2926,2,19,LAND ROVER RANGE ROVER,4,E01026259,0,4
2024010529921,2024,010529921,1,9,0,13,13,1,5,0,0,1,2,0,1,11,1,1,6,6,1,22,5,2997,2,0,LAND ROVER RANGE ROVER,3,E01000062,0,1
2024461533828,2024,461533828,1,9,0,-1,19,8,8,-1,0,0,5,0,1,0,3,1,-1,9,1,52,8,2996,1,3,LAND ROVER RANGE ROVER,6,E01023987,0,1
2024061426893,2024,061426893,1,9,0,-1,19,1,5,-1,0,0,0,0,0,0,1,1,-1,6,1,28,6,4367,2,10,LAND ROVER RANGE ROVER,7,E01004892,0,1
2024010542340,2024,010542340,2,9,0,99,99,9,9,99,99,9,9,99,9,99,9,9,6,6,3,-1,-1,4197,1,17,LAND ROVER RANGE ROVER,7,E01004307,0,1
2024461445409,2024,461445409,1,9,4,-1,19,5,5,-1,0,0,0,0,0,0,0,9,-1,6,1,27,6,2926,2,20,LAND ROVER RANGE ROVER,-1,-1,0,-1
2024461521214,2024,461521214,1,9,0,-1,19,2,4,-1,9,0,0,0,1,4,1,2,-1,6,1,32,6,4999,1,9,LAND ROVER RANGE ROVER,5,E01024345,0,3
2024031476953,2024,031476953,1,9,0,-1,19,5,1,-1,0,0,0,0,0,0,4,2,-1,9,1,46,8,2993,2,4,LAND ROVER RANGE ROVER,-1,-1,0,-1
2024552400571,2024,552400571,1,9,0,1,1,7,3,0,0,0,0,0,0,0,2,1,6,6,1,33,6,2997,2,0,LAND ROVER RANGE ROVER,3,E01032738,0,4
2024361424690,2024,361424690,1,9,0,-1,19,5,1,-1,0,0,0,0,0,0,1,9,-1,9,1,26,6,2997,2,2,LAND ROVER RANGE ROVER,6,E01030052,0,4
2024010540091,2024,010540091,2,9,0,2,2,0,0,0,0,0,0,0,0,0,4,1,6,6,3,-1,-1,2997,2,2,LAND ROVER RANGE ROVER,-1,-1,0,-1
2024302400886,2024,302400886,1,9,0,4,4,8,4,0,0,0,1,0,0,0,1,1,6,6,1,41,7,2996,8,2,LAND ROVER RANGE ROVER,10,E01025916,0,2
2024401539751,2024,401539751,2,9,0,-1,19,1,5,-1,0,0,0,0,0,0,4,1,-1,9,1,67,10,4367,2,4,LAND ROVER RANGE ROVER,10,E01027280,0,4
2024010535181,2024,010535181,2,9,0,99,99,9,9,99,99,0,9,99,9,99,1,9,6,6,3,-1,-1,2996,1,2,LAND ROVER RANGE ROVER,-1,-1,0,-1
2024010506844,2024,010506844,2,9,0,99,99,9,9,99,99,0,9,99,9,99,9,9,6,6,3,-1,-1,2997,2,2,LAND ROVER RANGE ROVER,-1,-1,0,-1
2024610009524,2024,610009524,2,9,0,17,19,8,6,0,0,0,0,0,1,0,1,1,2,2,1,34,6,4367,2,11,LAND ROVER RANGE ROVER,4,W01001598,0,3
2024061470815,2024,061470815,5,9,0,-1,19,5,1,-1,0,1,0,0,0,0,1,1,-1,6,2,51,8,2997,2,2,LAND ROVER RANGE ROVER,1,E01004830,0,1
2024501411929,2024,501411929,1,9,0,-1,19,5,1,-1,0,0,5,7,0,0,3,9,-1,6,1,40,7,1997,8,4,LAND ROVER RANGE ROVER,-1,-1,0,-1
2024010533426,2024,010533426,2,9,0,99,99,9,9,99,99,9,9,99,9,99,1,9,6,6,3,-1,-1,2993,2,5,LAND ROVER RANGE ROVER,-1,-1,0,-1
2024552401473,2024,552401473,1,9,0,18,19,6,2,0,0,0,0,0,0,0,1,1,6,6,3,-1,-1,4398,1,20,LAND ROVER RANGE ROVER,-1,-1,0,-1
2024361428610,2024,361428610,2,9,0,-1,13,7,4,-1,0,0,5,0,7,0,4,1,-1,9,1,60,9,2993,2,9,LAND ROVER RANGE ROVER,5,E01026487,0,1
2024430278690,2024,430278690,1,9,0,17,19,7,3,0,0,0,0,0,0,0,1,1,6,6,1,47,8,4367,2,8,LAND ROVER RANGE ROVER,-1,-1,0,-1
2024131464764,2024,131464764,2,9,0,-1,19,5,1,-1,0,0,0,0,0,0,1,1,-1,6,1,73,10,2993,2,4,LAND ROVER RANGE ROVER,7,E01011942,0,4
2024501502143,2024,501502143,1,9,0,-1,19,5,3,-1,0,3,0,0,7,4,3,1,-1,9,1,71,10,2993,2,9,LAND ROVER RANGE ROVER,7,E01015068,0,1
2024010535798,2024,010535798,1,9,0,18,19,3,7,0,0,1,0,0,0,0,1,1,6,6,1,29,6,2996,8,0,LAND ROVER RANGE ROVER,2,E01033587,0,3
2024440153707,2024,440153707,2,9,0,18,19,1,5,0,0,1,0,0,0,0,1,1,6,6,2,48,8,3628,2,17,LAND ROVER RANGE ROVER,-1,-1,0,-1
2024451530396,2024,451530396,1,9,0,-1,9,1,5,-1,0,6,0,0,0,0,1,1,-1,2,1,49,8,2997,2,0,LAND ROVER RANGE ROVER,10,E01030296,0,1
2024401423550,2024,401423550,2,9,0,-1,15,5,1,-1,0,0,0,0,0,0,4,1,-1,2,2,42,7,3628,2,16,LAND ROVER RANGE ROVER,8,E01017670,0,1
2024010539434,2024,010539434,2,9,9,99,99,9,9,99,99,9,9,99,9,99,9,9,6,6,2,56,9,4999,1,15,LAND ROVER RANGE ROVER,10,E01022094,0,4
2024430485683,2024,430485683,2,9,0,4,4,4,8,0,0,0,0,0,0,0,2,1,6,6,1,43,7,4367,2,9,LAND ROVER RANGE ROVER,8,E01012138,0,5
2024332400220,2024,332400220,1,9,0,-1,19,8,6,-1,0,2,0,0,1,4,1,1,-1,6,1,47,8,3628,2,16,LAND ROVER RANGE ROVER,2,E01013634,0,1
2024211468457,2024,211468457,2,9,0,-1,19,8,4,-1,0,0,1,0,0,0,0,9,-1,6,1,-1,-1,4367,2,6,LAND ROVER RANGE ROVER,10,E01018724,0,4
2024010537594,2024,010537594,2,9,0,18,19,8,4,0,0,1,0,0,0,0,1,1,6,6,1,47,8,4367,2,9,LAND ROVER RANGE ROVER,-1,-1,0,-1
2024411556244,2024,411556244,1,9,-1,-1,-1,-1,-1,-1,-1,2,-1,-1,-1,0,-1,9,-1,6,1,60,9,2993,2,5,LAND ROVER RANGE ROVER,7,E01023886,0,1
2024010523338,2024,010523338,2,9,0,13,13,7,3,0,0,1,0,0,0,0,3,1,6,6,1,48,8,2997,2,3,LAND ROVER RANGE ROVER,4,E01016143,0,4
2024101520960,2024,101520960,2,9,0,-1,19,1,5,-1,0,0,0,0,0,0,0,1,-1,9,1,32,6,2926,2,19,LAND ROVER RANGE ROVER,1,E01027540,0,1
2024231452995,2024,231452995,1,9,0,-1,19,4,8,-1,0,0,0,0,0,0,1,9,-1,6,1,39,7,2993,2,11,LAND ROVER RANGE ROVER,10,E01032895,0,3
2024311510896,2024,311510896,1,9,0,-1,4,1,5,-1,0,5,0,0,0,0,1,1,-1,9,1,70,10,3628,2,17,LAND ROVER RANGE ROVER,8,E01031245,0,5
2024471536515,2024,471536515,2,9,0,-1,19,6,2,-1,0,0,5,0,0,0,3,1,-1,9,1,59,9,2996,8,0,LAND ROVER RANGE ROVER,5,E01019394,0,5
2024041470671,2024,041470671,1,9,0,-1,19,3,7,-1,0,0,0,0,0,0,1,1,-1,9,1,53,8,2993,2,8,LAND ROVER RANGE ROVER,7,E01005769,0,4
2024010516171,2024,010516171,2,9,0,99,99,9,9,99,99,0,9,99,9,99,9,9,6,6,3,60,9,4395,1,2,LAND ROVER RANGE ROVER,2,E01002694,0,1
2024010497895,2024,010497895,1,9,0,14,14,1,5,0,0,0,0,0,0,0,1,1,6,6,1,62,9,4395,1,1,LAND ROVER RANGE ROVER,6,E01001086,0,3
2024631433794,2024,631433794,1,9,4,-1,19,4,8,-1,0,0,0,5,0,0,0,1,-1,6,3,-1,-1,4398,1,19,LAND ROVER RANGE ROVER,-1,-1,0,-1
2024061412616,2024,061412616,1,9,0,-1,19,1,1,-1,0,1,0,4,0,0,1,9,-1,6,1,34,6,2926,2,20,LAND ROVER RANGE ROVER,3,E01005297,0,1
2024440248789,2024,440248789,2,9,0,12,12,6,2,0,0,0,0,0,0,0,3,1,6,6,1,59,9,2993,2,7,LAND ROVER RANGE ROVER,6,E01023236,0,3
2024010544480,2024,010544480,2,9,0,18,19,1,5,0,0,1,0,0,0,0,1,1,6,6,3,-1,-1,2993,2,12,LAND ROVER RANGE ROVER,-1,-1,0,-1
2024991531006,2024,991531006,1,9,0,-1,19,1,5,-1,0,0,0,0,0,0,1,1,-1,6,1,27,6,4398,1,20,LAND ROVER RANGE ROVER,8,-1,0,4
2024430553692,2024,430553692,2,9,0,14,14,8,4,0,0,1,0,0,0,0,4,1,6,6,1,45,7,4197,1,17,LAND ROVER RANGE ROVER,-1,-1,0,-1
2024010546277,2024,010546277,2,9,0,3,3,3,7,0,0,0,0,0,0,0,2,1,6,6,1,45,7,2993,2,8,LAND ROVER RANGE ROVER,4,E01004208,0,1
2024211521687,2024,211521687,2,9,0,-1,9,3,5,-1,0,8,0,0,7,0,1,1,-1,2,2,70,10,2996,8,1,LAND ROVER RANGE ROVER,9,E01029687,0,1
2024010522867,2024,010522867,2,9,0,18,19,7,3,0,0,0,0,0,0,0,2,1,6,6,1,28,6,2993,2,9,LAND ROVER RANGE ROVER,4,E01001232,0,1
2024201436997,2024,201436997,1,9,0,-1,7,2,4,-1,0,5,0,0,0,0,4,9,-1,1,1,27,6,4367,2,9,LAND ROVER RANGE ROVER,7,E01010246,0,3
2024041516426,2024,041516426,6,9,0,-1,4,3,7,-1,0,0,0,0,0,0,2,1,-1,6,2,50,8,2996,8,0,LAND ROVER RANGE ROVER,5,E01005018,0,3
2024501529828,2024,501529828,3,9,0,-1,19,3,7,-1,0,1,0,0,0,0,1,1,-1,9,1,50,8,4367,2,9,LAND ROVER RANGE ROVER,6,E01020179,0,4
2024010519726,2024,010519726,2,9,0,99,99,9,9,99,99,9,9,99,9,99,1,9,6,6,3,-1,-1,4197,1,18,LAND ROVER RANGE ROVER,2,E01003046,0,1
2024010519996,2024,010519996,2,9,0,18,19,3,7,0,0,0,0,0,0,0,2,1,6,6,1,35,6,2996,8,0,LAND ROVER RANGE ROVER,9,E01018222,0,4
2024461581342,2024,461581342,1,9,0,-1,19,2,6,-1,0,4,5,0,0,0,1,1,-1,9,1,24,5,3628,2,14,LAND ROVER RANGE ROVER,6,E01028691,0,5
2024201452283,2024,201452283,1,9,0,-1,19,4,8,-1,0,0,2,10,1,4,1,1,-1,6,1,41,7,4554,1,26,LAND ROVER RANGE ROVER,8,E01022182,0,4
2024122400404,2024,122400404,1,9,0,3,3,7,3,0,0,0,0,0,0,0,0,1,6,6,1,-1,-1,2993,2,4,LAND ROVER RANGE ROVER,-1,-1,0,-1
202454A589624,2024,54A589624,1,9,0,5,5,7,3,0,0,6,0,0,0,0,1,1,6,6,2,44,7,4999,1,5,LAND ROVER RANGE ROVER,8,E01031885,0,1
2024991450576,2024,991450576,1,9,0,-1,19,3,1,-1,0,8,0,0,0,0,3,1,-1,9,1,78,11,3628,2,16,LAND ROVER RANGE ROVER,3,-1,0,1
2024010516583,2024,010516583,1,9,0,18,19,7,3,0,0,1,0,0,0,0,1,1,6,6,1,63,9,4197,1,19,LAND ROVER RANGE ROVER,-1,-1,0,-1
2024131477987,2024,131477987,1,9,0,-1,19,2,3,-1,0,8,0,0,0,0,1,1,-1,6,1,60,9,2926,2,18,LAND ROVER RANGE ROVER,2,E01010665,0,1
2024430458926,2024,430458926,1,9,0,18,19,8,4,0,0,0,0,0,0,0,1,1,6,6,1,-1,-1,4398,1,20,LAND ROVER RANGE ROVER,10,E01028789,0,2
2024221509755,2024,221509755,1,9,0,-1,19,7,3,-1,0,0,2,0,5,6,1,9,-1,6,1,24,5,3628,2,16,LAND ROVER RANGE ROVER,9,E01019595,0,5
2024231436967,2024,231436967,1,9,0,-1,5,3,7,-1,0,6,0,0,0,0,4,9,-1,9,1,59,9,2993,2,9,LAND ROVER RANGE ROVER,8,E01031252,0,1
2024622400681,2024,622400681,1,9,4,4,4,8,4,0,0,0,0,0,0,0,4,1,6,6,1,75,10,2497,2,28,LAND ROVER RANGE ROVER,6,W01000803,0,3
2024201458898,2024,201458898,1,9,0,-1,19,1,6,-1,0,0,0,10,1,4,1,1,-1,2,1,64,9,4367,2,12,LAND ROVER RANGE ROVER,5,E01010167,0,1
2024311412326,2024,311412326,1,9,0,-1,1,-1,-1,-1,0,0,0,0,0,0,2,9,-1,6,1,34,6,2926,2,18,LAND ROVER RANGE ROVER,2,E01013842,0,1
2024991404669,2024,991404669,1,9,0,-1,19,6,2,-1,0,0,5,0,1,11,1,1,-1,2,1,52,8,2993,2,10,LAND ROVER RANGE ROVER,1,-1,0,2
2024070297878,2024,070297878,1,9,0,5,5,3,1,0,0,1,0,0,1,0,3,1,6,6,1,-1,-1,4999,1,13,LAND ROVER RANGE ROVER,-1,-1,0,-1
2024311395726,2024,311395726,1,9,0,-1,12,2,5,-1,0,0,0,0,0,0,1,1,-1,1,1,56,9,2926,2,20,LAND ROVER RANGE ROVER,1,E01028263,0,3
2024461487819,2024,461487819,1,9,0,-1,19,7,3,-1,0,0,0,0,0,0,4,1,-1,9,1,43,7,2993,2,5,LAND ROVER RANGE ROVER,-1,-1,0,-1
2024461508999,2024,461508999,1,9,0,-1,19,7,5,-1,9,0,2,10,1,11,4,1,-1,6,1,20,4,3950,1,24,LAND ROVER RANGE ROVER,-1,-1,0,-1
2024501482710,2024,501482710,1,9,4,-1,19,7,4,-1,9,1,0,0,1,11,4,1,-1,9,1,51,8,2926,2,21,LAND ROVER RANGE ROVER,7,E01020136,0,4
2024131477793,2024,131477793,2,9,0,-1,19,7,3,-1,0,0,0,0,0,0,4,1,-1,9,1,45,7,2996,8,0,LAND ROVER RANGE ROVER,10,E01013436,0,4
2024311506202,2024,311506202,1,9,0,-1,19,3,7,-1,0,0,0,0,7,4,1,1,-1,9,1,76,11,2997,2,3,LAND ROVER RANGE ROVER,5,-1,0,5
2024010519758,2024,010519758,1,9,0,9,9,5,3,0,0,6,0,0,0,0,1,1,6,6,1,57,9,2996,1,0,LAND ROVER RANGE ROVER,8,E01002821,0,1
2024461466219,2024,461466219,1,9,0,-1,19,4,2,-1,0,0,0,0,0,0,1,9,-1,6,3,-1,-1,3950,6,26,LAND ROVER RANGE ROVER,-1,-1,0,-1
2024461472768,2024,461472768,2,9,0,-1,2,0,0,-1,0,2,0,0,0,0,2,1,-1,6,-1,-1,-1,2926,2,21,LAND ROVER RANGE ROVER,-1,-1,0,-1
2024131419991,2024,131419991,1,9,0,-1,19,5,1,-1,0,1,0,0,0,0,1,1,-1,6,1,18,4,3628,2,14,LAND ROVER RANGE ROVER,5,E01011269,0,2
2024520500006,2024,520500006,2,9,0,4,4,1,2,0,0,4,0,0,0,0,1,1,6,6,3,-1,-1,4999,1,6,LAND ROVER RANGE ROVER,-1,-1,0,-1
2024622400091,2024,622400091,2,9,0,9,9,4,2,0,0,5,0,0,0,0,1,1,1,1,1,54,8,2997,2,3,LAND ROVER RANGE ROVER,10,W01001072,0,2
2024061528713,2024,061528713,1,9,0,-1,5,7,3,-1,0,6,0,0,0,0,1,1,-1,6,1,70,10,4197,1,16,LAND ROVER RANGE ROVER,7,E01005014,0,1
2024361408978,2024,361408978,1,9,0,-1,19,3,7,-1,0,0,0,0,7,0,1,1,-1,9,1,36,7,2926,2,21,LAND ROVER RANGE ROVER,4,E01026280,0,4
2024991538017,2024,991538017,2,9,0,-1,9,1,6,-1,0,1,0,0,0,0,3,1,-1,9,1,65,9,3628,2,17,LAND ROVER RANGE ROVER,10,-1,0,2
2024411408896,2024,411408896,2,9,0,-1,4,1,5,-1,0,0,0,0,0,0,2,1,-1,9,2,43,7,2997,2,1,LAND ROVER RANGE ROVER,9,E01023731,0,1
2024010547233,2024,010547233,2,9,0,18,19,5,1,0,0,0,0,0,0,0,0,1,6,6,1,37,7,2993,2,9,LAND ROVER RANGE ROVER,2,E01000102,0,1
2024302400931,2024,302400931,2,9,0,4,4,5,7,0,0,5,0,0,1,0,1,2,6,6,1,37,7,2993,2,11,LAND ROVER RANGE ROVER,6,E01019719,0,2
2024471467642,2024,471467642,1,9,0,-1,19,4,8,-1,0,0,5,4,0,0,1,1,-1,6,1,81,11,3628,2,16,LAND ROVER RANGE ROVER,1,E01020979,0,1
2024122400596,2024,122400596,1,9,0,5,5,3,1,0,0,6,0,0,0,0,3,1,6,6,2,44,7,4367,2,12,LAND ROVER RANGE ROVER,8,E01027677,0,1
2024351482301,2024,351482301,2,9,0,-1,19,1,5,-1,0,0,0,0,0,0,1,1,-1,9,1,69,10,4367,2,13,LAND ROVER RANGE ROVER,9,E01007670,0,4
2024471477368,2024,471477368,2,9,0,-1,19,4,8,-1,0,3,0,0,0,0,3,1,-1,6,2,63,9,2993,2,6,LAND ROVER RANGE ROVER,7,E01030628,0,3
2024231515750,2024,231515750,1,9,0,-1,19,4,7,-1,0,0,1,0,7,9,1,1,-1,9,2,54,8,4395,1,1,LAND ROVER RANGE ROVER,2,E01032465,0,4
2024991529150,2024,991529150,1,9,0,-1,19,3,7,-1,0,0,0,0,0,0,1,1,-1,6,2,59,9,4367,2,8,LAND ROVER RANGE ROVER,2,-1,0,1
2024421506291,2024,421506291,1,9,0,-1,9,8,6,-1,0,8,0,0,3,4,1,1,-1,6,1,81,11,3628,2,15,LAND ROVER RANGE ROVER,8,E01034363,0,1
2024991530391,2024,991530391,2,9,0,-1,2,0,0,-1,0,1,0,0,0,0,2,1,-1,6,-1,-1,-1,2996,8,0,LAND ROVER RANGE ROVER,-1,-1,0,-1
2024111532882,2024,111532882,2,9,0,-1,3,1,5,-1,0,0,0,0,0,0,2,1,-1,6,1,-1,-1,2993,2,11,LAND ROVER RANGE ROVER,6,E01020608,0,1
2024421491149,2024,421491149,2,9,0,-1,9,6,8,-1,0,6,0,0,0,0,3,1,-1,6,1,51,8,2993,2,5,LAND ROVER RANGE ROVER,8,E01022060,0,1
2024010517797,2024,010517797,1,9,0,13,13,3,7,0,0,1,0,0,7,1,4,1,6,6,3,24,5,2993,2,10,LAND ROVER RANGE ROVER,-1,-1,0,-1
2024471461658,2024,471461658,3,9,0,-1,19,7,3,-1,0,0,0,0,0,0,2,1,-1,9,1,53,8,4367,2,12,LAND ROVER RANGE ROVER,2,E01017089,0,4
2024010508630,2024,010508630,3,9,0,5,5,0,5,0,0,1,0,0,0,0,4,1,1,1,1,34,6,2996,1,2,LAND ROVER RANGE ROVER,8,W01000295,0,5
2024010528528,2024,010528528,1,9,0,3,3,5,1,0,0,0,0,0,0,0,1,1,6,6,1,25,5,2997,2,1,LAND ROVER RANGE ROVER,10,E01018574,0,5
2024161526952,2024,161526952,2,9,0,-1,2,7,3,-1,9,0,0,0,0,0,1,1,-1,6,-1,-1,-1,4367,2,9,LAND ROVER RANGE ROVER,-1,-1,0,-1
2024440149429,2024,440149429,2,9,0,15,15,4,8,0,0,0,1,0,4,6,1,1,6,6,1,43,7,4367,2,13,LAND ROVER RANGE ROVER,-1,-1,0,-1
2024471491699,2024,471491699,2,9,0,-1,19,7,3,-1,0,0,0,0,0,0,3,1,-1,9,1,30,6,1997,8,4,LAND ROVER RANGE ROVER,10,E01031635,0,3
2024471512293,2024,471512293,2,9,0,-1,19,4,8,-1,0,1,0,0,0,0,1,1,-1,9,1,59,9,2997,2,1,LAND ROVER RANGE ROVER,6,E01031658,0,1
2024201435148,2024,201435148,1,9,0,-1,19,2,6,-1,0,1,0,0,0,0,1,1,-1,6,1,22,5,2993,2,7,LAND ROVER RANGE ROVER,1,E01009192,0,1
2024061508652,2024,061508652,1,9,0,-1,5,1,4,-1,0,1,0,0,0,0,1,1,-1,2,1,37,7,2993,2,5,LAND ROVER RANGE ROVER,-1,-1,0,-1
2024302401422,2024,302401422,2,9,0,18,19,6,2,0,0,0,0,0,0,0,2,1,6,6,1,52,8,2997,2,2,LAND ROVER RANGE ROVER,8,E01019603,0,3
2024461467677,2024,461467677,1,9,0,-1,5,5,1,-1,0,0,0,0,0,0,1,1,-1,2,1,26,6,3628,2,15,LAND ROVER RANGE ROVER,3,E01032830,0,1
2024421482581,2024,421482581,1,9,0,-1,19,1,6,-1,-1,0,5,0,1,0,4,1,-1,6,1,82,11,4293,1,23,MAKE AND MODEL REDACTED,4,E01034224,0,4
2024440359715,2024,440359715,2,3,0,18,19,8,4,0,0,0,0,0,0,0,1,1,6,6,1,17,4,124,1,13,MAKE AND MODEL REDACTED,10,E01022608,0,1
2024061437212,2024,061437212,1,9,0,-1,19,7,3,-1,0,1,0,0,0,0,1,1,-1,6,1,35,6,1991,1,5,MERCEDES AMG CLASS,-1,-1,0,-1
2024010529628,2024,010529628,1,9,0,6,6,5,5,0,0,1,0,0,0,0,0,2,6,6,1,35,6,1991,1,5,MERCEDES AMG CLASS,6,E01003223,0,1
2024320209471,2024,320209471,2,9,0,-1,-1,4,8,0,0,8,0,0,0,0,1,1,-1,-1,2,38,7,1991,1,4,MERCEDES AMG CLASS,8,E01028371,0,3