collision_index,collision_year,collision_ref_no,vehicle_reference,vehicle_type,towing_and_articulation,vehicle_manoeuvre_historic,vehicle_manoeuvre,vehicle_direction_from,vehicle_direction_to,vehicle_location_restricted_lane_historic,vehicle_location_restricted_lane,junction_location,skidding_and_overturning,hit_object_in_carriageway,vehicle_leaving_carriageway,hit_object_off_carriageway,first_point_of_impact,vehicle_left_hand_drive,journey_purpose_of_driver_historic,journey_purpose_of_driver,sex_of_driver,age_of_driver,age_band_of_driver,engine_capacity_cc,propulsion_code,age_of_vehicle,generic_make_model,driver_imd_decile,lsoa_of_driver,escooter_flag,driver_distance_banding
2024101484442,2024,101484442,2,9,0,-1,19,5,1,-1,0,0,0,0,1,0,1,1,-1,9,1,90,11,1198,1,13,NISSAN MICRA,8,E01008239,0,3
2024010538001,2024,010538001,1,9,0,99,99,9,9,99,99,9,9,99,9,99,1,9,6,6,3,79,11,1198,1,10,NISSAN MICRA,7,E01004534,0,1
2024161517752,2024,161517752,1,9,0,-1,19,2,7,-1,0,0,0,4,0,0,4,1,-1,1,2,28,6,1240,1,17,NISSAN MICRA,9,E01012960,0,4
202454A607524,2024,54A607524,1,9,0,4,4,6,2,7,6,0,1,0,1,4,1,1,6,6,2,22,5,1198,1,11,NISSAN MICRA,10,E01023210,0,4
2024320654407,2024,320654407,2,9,0,-1,-1,2,6,0,0,8,0,0,0,0,1,1,-1,-1,1,61,9,998,1,28,NISSAN MICRA,-1,-1,0,-1
2024461417071,2024,461417071,2,9,0,-1,19,-1,-1,-1,0,0,0,0,0,0,2,9,-1,6,2,44,7,1198,1,10,NISSAN MICRA,1,E01024196,0,1
2024201443829,2024,201443829,2,9,0,-1,19,4,8,-1,0,8,0,0,0,0,1,1,-1,6,1,76,11,1198,1,13,NISSAN MICRA,2,E01009890,0,1
2024451441376,2024,451441376,1,9,0,-1,19,1,5,-1,0,2,0,0,0,0,3,1,-1,1,1,77,11,998,1,22,NISSAN MICRA,8,E01035362,0,1
2024471406535,2024,471406535,2,9,0,-1,9,3,1,-1,0,6,0,0,0,0,3,1,-1,9,2,78,11,1240,1,15,NISSAN MICRA,10,E01016982,0,1
2024440136914,2024,440136914,2,9,0,16,19,2,4,0,0,2,1,0,0,0,1,1,6,6,2,27,6,1386,1,15,NISSAN MICRA,6,E01016416,0,4
2024061406807,2024,061406807,1,9,0,-1,19,3,7,-1,0,0,0,0,0,0,3,1,-1,2,2,48,8,1198,1,10,NISSAN MICRA,1,E01014254,0,4
2024361433617,2024,361433617,1,9,0,-1,5,3,1,-1,9,1,0,0,0,0,4,1,-1,1,1,34,6,1240,1,14,NISSAN MICRA,1,E01026624,0,1
2024361481020,2024,361481020,1,9,0,-1,19,1,5,-1,0,0,1,0,0,0,1,1,-1,9,2,19,4,998,1,25,NISSAN MICRA,5,E01026940,0,1
2024351473292,2024,351473292,2,9,0,-1,4,-1,-1,-1,0,0,0,0,0,0,2,9,-1,9,2,42,7,1198,1,7,NISSAN MICRA,8,E01018148,0,1
2024221537317,2024,221537317,2,9,0,-1,2,0,0,-1,0,0,0,0,0,0,3,9,-1,6,1,55,8,1240,1,20,NISSAN MICRA,6,E01028975,0,1
2024451463661,2024,451463661,2,9,0,-1,19,7,3,-1,0,0,0,0,0,0,4,1,-1,6,2,55,8,1198,1,9,NISSAN MICRA,7,E01004159,0,3
2024231427136,2024,231427136,1,9,0,-1,19,1,5,-1,0,1,0,0,0,0,4,1,-1,9,2,46,8,1386,1,19,NISSAN MICRA,9,E01033251,0,2
2024061411739,2024,061411739,1,9,0,-1,9,3,1,-1,0,0,0,0,0,0,1,1,-1,6,2,79,11,1240,1,16,NISSAN MICRA,4,E01005185,0,1
2024302400386,2024,302400386,1,9,0,18,19,5,1,0,0,1,0,0,0,0,1,1,6,6,1,29,6,1235,1,35,NISSAN MICRA,2,E01019547,0,1
202454C622324,2024,54C622324,1,9,0,18,19,6,2,0,0,0,0,0,0,0,4,1,6,6,1,-1,-1,1198,1,13,NISSAN MICRA,10,E01002995,0,5
2024031422144,2024,031422144,3,9,0,-1,5,3,1,-1,0,0,0,0,0,0,0,1,-1,1,1,23,5,998,1,22,NISSAN MICRA,3,E01019211,0,4
2024101491235,2024,101491235,1,9,0,-1,9,5,1,-1,0,8,0,0,0,0,1,1,-1,6,1,24,5,1240,1,20,NISSAN MICRA,3,E01008533,0,1
2024520403360,2024,520403360,3,9,0,18,19,3,7,0,0,1,0,0,0,0,1,1,6,6,3,51,8,1240,1,20,NISSAN MICRA,2,E01029131,0,1
2024622400880,2024,622400880,2,9,0,18,19,3,7,0,0,0,0,0,0,0,1,1,6,6,1,64,9,1198,1,13,NISSAN MICRA,4,W01001802,0,1
2024061441172,2024,061441172,2,9,9,-1,11,-1,-1,-1,0,1,0,0,0,0,1,1,-1,6,1,-1,-1,1240,1,14,NISSAN MICRA,8,E01005785,0,3
2024010524263,2024,010524263,1,9,0,9,9,1,6,0,0,8,0,0,3,1,1,1,2,2,1,65,9,1240,1,19,NISSAN MICRA,3,E01035499,0,1
2024622400767,2024,622400767,1,9,0,18,19,3,7,0,0,0,0,0,0,0,3,1,6,6,1,26,6,1461,2,5,NISSAN MICRA,5,W01001720,0,2
2024440282659,2024,440282659,2,9,0,18,19,1,5,0,0,0,0,0,0,0,2,1,6,6,2,21,5,1386,1,18,NISSAN MICRA,8,E01017059,0,1
2024552400443,2024,552400443,1,9,0,12,12,6,2,0,0,0,0,0,0,0,3,1,2,2,2,18,4,1240,1,15,NISSAN MICRA,6,E01015410,0,2
2024010514795,2024,010514795,1,9,0,18,19,5,1,0,0,0,0,0,0,0,2,1,6,6,1,64,9,999,1,3,NISSAN MICRA,2,E01002741,0,1
2024161481305,2024,161481305,1,9,0,-1,19,5,1,-1,0,2,0,0,0,0,3,9,-1,1,2,60,9,1386,1,16,NISSAN MICRA,4,E01013227,0,1
2024471409924,2024,471409924,1,9,0,-1,19,3,7,-1,0,8,0,0,7,10,4,1,-1,1,2,48,8,1240,1,18,NISSAN MICRA,10,E01031741,0,4
202454B261724,2024,54B261724,1,9,0,18,19,2,6,0,0,2,0,0,0,0,1,1,6,6,2,32,6,1198,1,10,NISSAN MICRA,6,E01031989,0,1
2024991489334,2024,991489334,2,9,0,-1,19,2,6,-1,0,0,0,0,0,0,3,1,-1,2,2,28,6,898,1,7,NISSAN MICRA,7,-1,0,2
2024201441570,2024,201441570,1,9,0,-1,19,2,6,-1,0,0,0,0,0,0,1,1,-1,9,1,22,5,1198,1,8,NISSAN MICRA,-1,-1,0,-1
2024411482695,2024,411482695,1,9,0,-1,9,8,4,-1,0,2,0,0,0,0,4,1,-1,2,1,54,8,998,1,22,NISSAN MICRA,4,E01001465,0,3
2024201511237,2024,201511237,1,9,0,-1,19,3,5,-1,0,0,1,4,0,0,3,1,-1,9,1,19,4,1198,1,8,NISSAN MICRA,3,E01001650,0,5
2024041426701,2024,041426701,2,9,0,-1,19,7,3,-1,0,1,0,0,0,0,4,1,-1,9,2,36,7,1198,1,10,NISSAN MICRA,2,E01025069,0,1
2024010519222,2024,010519222,1,9,0,18,19,1,5,0,0,2,0,0,0,0,1,1,6,6,1,55,8,1240,1,15,NISSAN MICRA,3,E01002612,0,1
2024471466886,2024,471466886,1,9,0,-1,19,4,7,-1,0,1,0,0,0,0,2,1,-1,6,1,31,6,1240,1,20,NISSAN MICRA,4,E01031585,0,1
2024061499972,2024,061499972,1,9,0,-1,19,2,6,-1,0,8,0,0,0,0,2,1,-1,2,2,23,5,1198,1,12,NISSAN MICRA,7,E01004773,0,1
2024201535635,2024,201535635,1,9,0,-1,19,8,4,-1,0,6,0,0,0,0,4,1,-1,2,1,55,8,998,1,22,NISSAN MICRA,1,E01009321,0,1
2024211491352,2024,211491352,1,9,0,-1,19,7,7,-1,0,0,0,0,0,0,3,1,-1,6,1,84,11,1386,1,19,NISSAN MICRA,3,E01029437,0,1
2024501505743,2024,501505743,2,9,0,-1,9,2,7,-1,0,1,0,0,0,0,4,9,-1,6,1,18,4,1240,1,21,NISSAN MICRA,4,E01018929,0,3
2024520402768,2024,520402768,2,9,0,18,19,6,2,0,0,1,0,0,0,0,1,1,6,6,2,82,11,1198,1,11,NISSAN MICRA,7,E01029312,0,1
2024361516228,2024,361516228,1,9,0,-1,19,4,8,-1,0,1,0,0,0,0,4,1,-1,6,2,82,11,1240,1,20,NISSAN MICRA,9,E01026537,0,2
2024061511495,2024,061511495,1,9,0,-1,19,-1,-1,-1,99,1,0,0,0,0,2,1,-1,2,2,33,6,999,1,5,NISSAN MICRA,3,E01004854,0,1
2024311462999,2024,311462999,1,9,0,-1,9,1,3,-1,-1,2,0,0,0,0,4,1,-1,6,2,24,5,1198,1,9,NISSAN MICRA,5,E01013937,0,1
2024501454885,2024,501454885,2,9,0,-1,4,1,5,-1,0,4,0,0,0,0,2,1,-1,9,2,46,8,999,1,4,NISSAN MICRA,8,E01020110,0,2
2024041535549,2024,041535549,2,9,0,-1,2,0,0,-1,9,1,0,0,0,0,1,1,-1,6,-1,-1,-1,999,1,5,NISSAN MICRA,-1,-1,0,-1
2024201448177,2024,201448177,1,9,0,-1,9,7,5,-1,0,5,0,0,0,0,4,1,-1,6,1,52,8,1240,1,19,NISSAN MICRA,1,E01009143,0,3
2024061410736,2024,061410736,2,9,0,-1,19,7,3,-1,0,0,0,0,0,0,1,1,-1,9,2,28,6,1198,1,8,NISSAN MICRA,-1,-1,0,-1
2024302401606,2024,302401606,1,9,0,18,19,4,8,0,0,0,0,0,0,0,1,1,6,6,1,55,8,1461,2,15,NISSAN MICRA,7,E01019802,0,1
2024991442752,2024,991442752,1,9,0,-1,19,8,4,-1,0,0,0,0,0,0,1,1,-1,6,1,33,6,1198,1,9,NISSAN MICRA,4,-1,0,1
2024041453300,2024,041453300,1,9,0,-1,19,1,5,-1,0,3,0,0,0,0,1,1,-1,1,2,34,6,1198,1,10,NISSAN MICRA,1,E01012675,0,1
2024361527903,2024,361527903,2,9,0,-1,9,7,4,-1,0,0,0,0,0,0,3,1,-1,1,1,52,8,1198,1,11,NISSAN MICRA,6,E01026437,0,3
2024451477455,2024,451477455,2,9,0,-1,19,7,3,-1,0,0,0,0,0,0,2,1,-1,6,2,77,11,999,1,3,NISSAN MICRA,8,E01018661,0,5
2024061521355,2024,061521355,2,9,-1,-1,-1,-1,-1,-1,-1,0,-1,-1,-1,0,-1,9,-1,6,3,-1,-1,1386,1,17,NISSAN MICRA,-1,-1,0,-1
2024041483729,2024,041483729,1,9,0,-1,9,5,7,-1,0,8,0,0,0,0,1,1,-1,2,2,38,7,1461,2,6,NISSAN MICRA,6,E01025334,0,3
2024471444877,2024,471444877,3,9,0,-1,2,0,0,-1,0,1,0,0,0,0,1,1,-1,6,-1,-1,-1,1240,1,20,NISSAN MICRA,-1,-1,0,-1
2024041411775,2024,041411775,1,9,0,-1,19,1,5,-1,0,0,0,0,0,0,1,1,-1,9,1,79,11,1240,1,21,NISSAN MICRA,10,E01025440,0,2
2024440071530,2024,440071530,1,9,0,18,19,7,3,0,0,8,0,0,0,0,1,1,6,6,1,36,7,1461,2,21,NISSAN MICRA,-1,-1,0,-1
2024371478986,2024,371478986,1,9,0,-1,19,1,5,-1,0,0,0,0,0,0,1,9,-1,6,3,-1,-1,998,1,23,NISSAN MICRA,-1,-1,0,-1
2024610025624,2024,610025624,1,9,0,18,19,3,7,0,0,0,0,0,0,0,2,1,1,1,1,87,11,1240,1,17,NISSAN MICRA,8,W01001904,0,2
2024061499976,2024,061499976,1,9,0,-1,9,5,7,-1,0,2,0,0,0,0,1,9,-1,1,2,67,10,1240,1,18,NISSAN MICRA,5,E01005396,0,1
2024141399852,2024,141399852,1,9,0,-1,19,5,1,-1,0,1,0,0,0,0,1,1,-1,2,2,20,4,1240,1,20,NISSAN MICRA,2,E01007967,0,1
2024010512044,2024,010512044,1,9,0,18,19,2,6,0,0,1,0,0,0,0,2,1,6,6,2,49,8,1198,1,13,NISSAN MICRA,4,E01001459,0,2
2024141505186,2024,141505186,1,9,0,-1,19,7,3,-1,0,0,0,0,0,0,1,2,-1,7,2,31,6,1461,2,6,NISSAN MICRA,5,E01007682,0,1
2024461476837,2024,461476837,2,9,0,-1,19,3,7,-1,0,0,0,0,0,0,1,1,-1,6,1,39,7,1198,1,10,NISSAN MICRA,6,E01034987,0,3
2024061463191,2024,061463191,2,9,0,-1,9,-1,-1,-1,0,0,0,0,0,0,1,1,-1,6,3,-1,-1,1240,1,15,NISSAN MICRA,-1,-1,0,-1
2024061454524,2024,061454524,1,9,0,-1,19,1,1,-1,0,8,0,0,7,0,1,1,-1,6,1,28,6,898,1,6,NISSAN MICRA,2,E01005326,0,1
2024520402222,2024,520402222,2,9,0,18,19,2,6,0,0,8,0,0,0,0,3,1,6,6,2,21,5,1240,1,14,NISSAN MICRA,6,E01032632,0,1
2024010526596,2024,010526596,1,9,0,99,99,9,9,99,99,9,9,99,9,99,2,9,6,6,2,29,6,1198,1,8,NISSAN MICRA,5,E01003715,0,1
2024622400798,2024,622400798,2,9,0,18,19,4,8,0,0,0,0,0,0,0,4,1,6,6,2,69,10,999,1,3,NISSAN MICRA,9,W01001781,0,2
2024052401465,2024,052401465,1,9,0,7,7,4,6,0,0,5,0,0,0,0,4,1,6,6,1,29,6,1240,1,18,NISSAN MICRA,1,E01006562,0,1
2024320085102,2024,320085102,1,9,0,-1,-1,5,1,0,0,8,0,0,0,0,3,1,1,1,1,52,8,998,1,22,NISSAN MICRA,2,E01015632,0,4
202454B271224,2024,54B271224,3,9,0,3,3,7,4,0,0,1,0,0,0,0,1,1,6,6,2,58,9,1386,1,18,NISSAN MICRA,-1,-1,0,-1
2024131458314,2024,131458314,1,9,0,-1,19,1,5,-1,0,8,0,0,1,3,1,1,-1,2,2,35,6,1240,1,20,NISSAN MICRA,1,E01010612,0,2
2024010521187,2024,010521187,1,9,0,18,19,1,5,0,0,1,0,4,0,0,3,1,6,6,2,84,11,999,1,4,NISSAN MICRA,9,E01003895,0,1
2024522500393,2024,522500393,1,9,0,3,3,2,6,0,0,0,0,0,0,0,2,1,6,6,2,56,9,1198,1,10,NISSAN MICRA,4,E01014928,0,1
2024552401249,2024,552401249,2,9,0,18,19,8,4,0,0,0,0,0,0,0,1,1,6,6,1,39,7,998,1,21,NISSAN MICRA,3,E01015308,0,1
2024451484558,2024,451484558,2,9,0,-1,19,7,3,-1,0,0,1,0,0,0,1,1,-1,6,2,30,6,1198,1,12,NISSAN MICRA,-1,-1,0,-1
2024501504271,2024,501504271,1,9,0,-1,19,3,7,-1,0,0,0,0,0,0,1,1,-1,9,1,75,10,1348,1,23,NISSAN MICRA,7,E01020267,0,1
2024471495680,2024,471495680,1,9,0,-1,19,7,3,-1,0,0,0,0,8,2,1,1,-1,7,1,44,7,1198,1,13,NISSAN MICRA,1,E01016947,0,3
2024430622684,2024,430622684,3,9,0,18,19,5,1,0,0,1,0,0,0,0,1,1,6,6,1,-1,-1,1240,1,14,NISSAN MICRA,-1,-1,0,-1
2024430299050,2024,430299050,1,9,0,9,9,2,7,0,0,8,0,0,0,0,1,1,6,6,2,41,7,1240,1,15,NISSAN MICRA,6,E01017934,0,2
2024351489942,2024,351489942,1,9,0,-1,2,0,0,-1,-1,0,0,0,0,0,2,1,-1,6,2,61,9,1240,1,14,NISSAN MICRA,9,E01018209,0,4
2024131407034,2024,131407034,1,9,0,-1,9,1,3,-1,0,6,0,0,0,0,3,1,-1,9,1,19,4,1240,1,21,NISSAN MICRA,4,E01011858,0,3
2024010534937,2024,010534937,2,9,9,99,99,9,9,99,99,9,9,99,9,99,9,9,6,6,3,-1,-1,998,1,27,NISSAN MICRA,-1,-1,0,-1
2024471436798,2024,471436798,4,9,0,-1,2,0,0,-1,0,0,0,0,0,0,1,1,-1,6,-1,-1,-1,1240,1,20,NISSAN MICRA,-1,-1,0,-1
2024501420564,2024,501420564,2,9,0,-1,8,3,7,-1,0,1,0,0,0,0,2,9,-1,9,2,26,6,898,1,7,NISSAN MICRA,5,E01020279,0,1
2024471484667,2024,471484667,2,9,0,-1,19,3,7,-1,0,8,0,0,0,0,1,1,-1,6,1,71,10,1198,1,10,NISSAN MICRA,8,E01031814,0,1
2024421457516,2024,421457516,1,9,0,-1,19,2,6,-1,0,0,1,0,1,1,2,1,-1,1,1,27,6,1240,1,19,NISSAN MICRA,2,E01003590,0,4
2024131502251,2024,131502251,1,9,0,-1,19,3,7,-1,0,0,0,0,0,0,1,1,-1,6,2,40,7,1240,1,16,NISSAN MICRA,2,E01011862,0,3
2024010495835,2024,010495835,2,9,0,9,9,3,2,0,0,8,0,0,0,0,4,1,2,2,2,39,7,1240,1,18,NISSAN MICRA,3,E01001547,0,1
2024201495191,2024,201495191,2,9,0,-1,9,1,7,-1,0,5,0,0,0,0,1,9,-1,2,-1,32,6,998,1,22,NISSAN MICRA,2,E01009405,0,1
2024421425915,2024,421425915,1,9,0,-1,4,6,1,-1,0,8,0,0,0,0,3,1,-1,2,2,19,4,1240,1,16,NISSAN MICRA,6,E01002371,0,3
2024451475698,2024,451475698,1,9,0,-1,19,1,5,-1,0,0,0,0,0,0,3,1,-1,1,1,57,9,1198,1,10,NISSAN MICRA,9,E01000667,0,2
2024010506452,2024,010506452,2,9,0,99,99,9,9,99,99,6,9,99,9,99,1,9,6,6,3,-1,-1,1240,1,21,NISSAN MICRA,-1,-1,0,-1
2024010523472,2024,010523472,2,9,9,99,99,9,9,99,99,9,9,99,9,99,9,9,6,6,3,-1,-1,1198,1,9,NISSAN MICRA,-1,-1,0,-1
2024201448114,2024,201448114,2,9,0,-1,19,5,1,-1,0,0,0,0,0,0,2,1,-1,6,-1,-1,-1,1198,1,13,NISSAN MICRA,-1,-1,0,-1
2024461525873,2024,461525873,1,9,0,-1,19,-1,-1,-1,0,0,0,0,1,0,1,9,-1,6,1,25,5,1240,1,17,NISSAN MICRA,9,E01026839,0,5
2024421453359,2024,421453359,2,9,0,-1,7,7,1,-1,0,1,0,0,0,0,4,1,-1,9,1,23,5,1240,1,20,NISSAN MICRA,10,E01015908,0,1
2024010532190,2024,010532190,2,9,0,9,9,2,7,0,0,8,0,0,0,0,1,1,6,6,1,80,11,1198,1,10,NISSAN MICRA,3,E01003086,0,1
2024552400613,2024,552400613,2,9,0,18,19,7,3,0,0,8,0,0,0,0,4,1,2,2,2,32,6,1386,1,20,NISSAN MICRA,4,E01015327,0,1
2024010525043,2024,010525043,1,9,0,99,99,9,9,99,99,0,9,99,9,99,9,9,6,6,3,-1,-1,1240,1,17,NISSAN MICRA,-1,-1,0,-1
2024520001959,2024,520001959,1,9,0,18,19,2,6,0,0,4,0,0,6,11,1,1,6,6,2,72,10,1240,1,18,NISSAN MICRA,8,E01014483,0,1
2024161467292,2024,161467292,1,9,0,-1,9,6,4,-1,0,5,0,0,0,0,3,1,-1,9,2,43,7,999,1,4,NISSAN MICRA,8,E01012814,0,1
2024401445925,2024,401445925,1,9,0,-1,5,3,7,-1,0,0,0,0,0,0,0,1,-1,6,1,44,7,1240,1,14,NISSAN MICRA,9,E01017582,0,1
2024161501205,2024,161501205,3,9,0,-1,19,7,3,-1,0,0,0,0,0,0,1,1,-1,6,1,38,7,1240,1,18,NISSAN MICRA,7,E01013010,0,1
2024061435493,2024,061435493,1,9,0,-1,19,5,1,-1,0,8,0,0,0,0,4,1,-1,1,1,47,8,1198,1,11,NISSAN MICRA,-1,-1,0,-1
2024161489682,2024,161489682,1,9,0,-1,9,7,1,-1,0,0,0,0,0,0,3,1,-1,9,1,36,7,1240,1,19,NISSAN MICRA,3,E01012759,0,1
2024010528496,2024,010528496,1,9,0,10,10,6,4,0,0,4,0,0,0,0,1,1,6,6,2,29,6,1240,1,19,NISSAN MICRA,3,E01000372,0,1
2024451409572,2024,451409572,2,9,0,-1,19,5,1,-1,0,1,0,0,0,0,1,1,-1,2,2,39,7,1240,1,16,NISSAN MICRA,7,E01030660,0,1
2024131410822,2024,131410822,5,9,0,-1,10,6,4,-1,0,1,0,0,0,0,1,1,-1,6,1,70,10,1240,1,18,NISSAN MICRA,7,E01011159,0,1
2024070493113,2024,070493113,1,9,0,6,6,6,7,0,0,8,0,0,0,0,3,1,6,6,1,74,10,999,1,4,NISSAN MICRA,9,E01018365,0,1
2024010513472,2024,010513472,2,9,9,99,99,9,9,99,99,9,9,99,9,99,9,9,6,6,3,52,8,1198,1,10,NISSAN MICRA,4,E01004259,0,1
2024010524431,2024,010524431,1,9,0,18,19,5,1,0,0,0,0,0,0,0,2,1,6,6,1,50,8,1240,1,19,NISSAN MICRA,1,E01021324,0,4
2024010544150,2024,010544150,2,9,0,18,19,5,1,0,0,1,0,0,0,0,1,1,2,2,2,35,6,1198,1,11,NISSAN MICRA,3,E01002909,0,1
2024041507180,2024,041507180,3,9,0,-1,19,5,5,-1,0,0,0,0,0,0,2,9,-1,6,2,-1,-1,898,1,6,NISSAN MICRA,9,E01025342,0,3
2024010534944,2024,010534944,2,9,0,9,9,3,1,0,0,6,0,0,0,0,4,1,6,6,1,52,8,1198,1,13,NISSAN MICRA,10,E01004097,0,1
2024430456009,2024,430456009,2,9,0,18,19,2,6,0,0,0,0,0,0,0,1,1,6,6,1,45,7,1240,1,20,NISSAN MICRA,5,E01016460,0,1
2024471454032,2024,471454032,1,9,0,-1,19,1,5,-1,0,0,5,0,0,0,3,1,-1,6,1,17,4,998,1,21,NISSAN MICRA,10,E01035337,0,2
2024010525717,2024,010525717,2,9,0,99,99,9,9,99,99,9,9,99,9,99,9,9,6,6,3,-1,-1,1198,1,10,NISSAN MICRA,-1,-1,0,-1
2024421530199,2024,421530199,2,9,0,-1,10,7,5,-1,0,6,1,0,0,0,3,1,-1,6,2,35,6,1198,1,10,NISSAN MICRA,4,E01022012,0,2
2024411470721,2024,411470721,1,9,0,-1,19,4,8,-1,0,0,0,0,0,0,1,1,-1,2,2,19,4,1240,1,18,NISSAN MICRA,6,E01035562,0,3
2024201525975,2024,201525975,2,9,0,-1,9,4,2,-1,0,8,0,0,0,0,3,1,-1,9,2,43,7,1198,1,12,NISSAN MICRA,1,E01009259,0,2
2024010499501,2024,010499501,2,9,9,99,99,9,9,99,99,9,9,99,9,99,9,9,6,6,3,-1,-1,1198,1,12,NISSAN MICRA,-1,-1,0,-1
2024131403390,2024,131403390,1,9,0,-1,9,6,2,-1,0,5,0,0,1,0,1,1,-1,6,2,41,7,898,1,6,NISSAN MICRA,1,E01010814,0,1
2024010528767,2024,010528767,1,9,0,18,19,3,7,0,0,1,0,0,0,0,3,1,6,6,1,18,4,1198,1,13,NISSAN MICRA,2,E01001431,0,2
2024211533071,2024,211533071,1,9,0,-1,4,0,0,-1,0,0,2,11,0,0,3,1,-1,6,1,18,4,1240,1,18,NISSAN MICRA,4,E01010304,0,1
2024541609324,2024,541609324,2,9,0,4,4,1,5,0,0,4,0,0,0,0,2,1,6,6,2,34,6,1240,1,14,NISSAN MICRA,6,E01014733,0,4
2024440062890,2024,440062890,1,9,0,4,4,8,4,0,0,1,0,0,0,0,2,1,6,6,2,23,5,1198,1,9,NISSAN MICRA,7,E01022589,0,1
2024141499595,2024,141499595,1,9,0,-1,9,8,5,-1,0,6,0,0,0,0,3,1,-1,6,2,41,7,1240,1,21,NISSAN MICRA,2,E01008010,0,4
2024010528449,2024,010528449,2,9,0,11,11,3,7,0,0,1,0,0,0,0,0,2,6,6,1,19,4,1240,1,20,NISSAN MICRA,-1,-1,0,-1
2024131497427,2024,131497427,1,9,0,-1,19,6,1,-1,0,8,0,0,0,0,2,1,-1,6,1,47,8,1240,1,18,NISSAN MICRA,1,E01011339,0,1
2024451402017,2024,451402017,1,9,0,-1,4,3,7,-1,0,0,0,0,0,0,2,1,-1,9,2,62,9,998,1,22,NISSAN MICRA,5,E01001173,0,3
2024440173956,2024,440173956,2,9,0,9,9,3,1,0,0,8,0,0,0,0,1,1,6,6,3,-1,-1,1198,1,13,NISSAN MICRA,-1,-1,0,-1
2024231482312,2024,231482312,1,9,0,-1,19,5,1,-1,0,1,0,0,0,0,1,1,-1,9,2,25,5,1386,1,18,NISSAN MICRA,8,E01031182,0,1
2024430557175,2024,430557175,1,9,0,18,19,4,8,0,0,0,0,0,0,0,1,1,2,2,1,27,6,1240,1,16,NISSAN MICRA,4,E01017666,0,1
2024061516740,2024,061516740,2,9,0,-1,2,1,1,-1,0,0,0,0,0,0,2,2,-1,6,2,30,6,1386,1,15,NISSAN MICRA,3,E01005760,0,1
2024010540505,2024,010540505,2,9,0,99,99,9,9,99,99,9,9,99,9,99,9,9,6,6,3,-1,-1,1386,1,19,NISSAN MICRA,-1,-1,0,-1
2024501397240,2024,501397240,1,9,0,-1,19,4,8,-1,0,1,2,0,0,0,4,1,-1,2,1,34,6,998,1,24,NISSAN MICRA,5,E01018921,0,4
2024201416102,2024,201416102,2,9,0,-1,19,3,7,-1,0,2,0,0,0,0,3,1,-1,6,2,41,7,1240,1,17,NISSAN MICRA,1,E01010367,0,1
2024440303275,2024,440303275,1,9,0,18,19,6,2,0,0,1,0,0,0,0,4,1,6,6,2,76,11,999,1,2,NISSAN MICRA,5,E01033715,0,5
2024010514547,2024,010514547,2,9,0,99,99,9,9,99,99,0,9,99,9,99,1,9,6,6,3,-1,-1,1240,1,20,NISSAN MICRA,1,E01003971,0,3
2024471470201,2024,471470201,2,9,0,-1,19,3,7,-1,0,0,0,0,0,0,1,1,-1,2,2,63,9,1198,1,10,NISSAN MICRA,7,E01020970,0,1
2024010540818,2024,010540818,2,9,0,99,99,9,9,99,99,9,9,99,9,99,9,9,6,6,3,-1,-1,1198,1,8,NISSAN MICRA,-1,-1,0,-1
2024101534712,2024,101534712,1,9,0,-1,9,5,3,-1,0,1,0,0,0,0,1,1,-1,6,1,70,10,898,1,6,NISSAN MICRA,-1,-1,0,-1
2024461479240,2024,461479240,4,9,0,-1,3,7,3,-1,0,1,0,0,0,0,2,1,-1,6,2,25,5,1240,1,14,NISSAN MICRA,1,E01024666,0,1
2024332400406,2024,332400406,1,9,0,-1,19,4,8,-1,0,0,0,0,0,0,1,1,-1,9,2,69,10,1198,1,11,NISSAN MICRA,6,E01013738,0,3
2024340NN3552,2024,340NN3552,1,9,0,-1,19,4,8,-1,0,1,0,0,0,0,1,1,-1,6,3,-1,-1,999,1,4,NISSAN MICRA,-1,-1,0,-1
2024101403693,2024,101403693,1,9,0,-1,19,8,4,-1,0,0,0,0,0,0,1,1,-1,6,2,41,7,999,1,2,NISSAN MICRA,2,E01008512,0,1
2024430558981,2024,430558981,1,9,0,18,19,1,5,0,0,4,0,0,0,0,1,1,6,6,1,62,9,1198,1,13,NISSAN MICRA,7,E01016493,0,2
2024440091798,2024,440091798,1,9,0,5,5,8,4,0,0,5,0,0,0,0,1,1,2,2,1,52,8,1198,1,12,NISSAN MICRA,4,E01032858,0,1
2024451509509,2024,451509509,1,9,0,-1,9,1,5,-1,0,1,0,0,0,0,2,1,-1,9,2,51,8,1240,1,15,NISSAN MICRA,8,E01030519,0,1
2024430482585,2024,430482585,2,9,0,18,19,1,5,0,0,1,2,0,0,0,4,1,6,6,2,79,11,1275,1,29,NISSAN MICRA,-1,-1,0,-1
2024548677124,2024,548677124,1,9,0,18,19,4,8,0,0,3,5,0,1,0,4,1,1,1,2,30,6,1198,1,12,NISSAN MICRA,5,E01015529,0,1