collision_index,collision_year,collision_ref_no,vehicle_reference,vehicle_type,towing_and_articulation,vehicle_manoeuvre_historic,vehicle_manoeuvre,vehicle_direction_from,vehicle_direction_to,vehicle_location_restricted_lane_historic,vehicle_location_restricted_lane,junction_location,skidding_and_overturning,hit_object_in_carriageway,vehicle_leaving_carriageway,hit_object_off_carriageway,first_point_of_impact,vehicle_left_hand_drive,journey_purpose_of_driver_historic,journey_purpose_of_driver,sex_of_driver,age_of_driver,age_band_of_driver,engine_capacity_cc,propulsion_code,age_of_vehicle,generic_make_model,driver_imd_decile,lsoa_of_driver,escooter_flag,driver_distance_banding
2024052400135,2024,052400135,1,9,0,9,9,7,5,0,0,6,0,0,0,0,4,1,6,6,2,44,7,1198,1,11,NISSAN MICRA,-1,-1,0,-1
2024010518335,2024,010518335,2,9,0,99,99,9,9,99,99,9,9,99,9,99,9,9,6,6,3,-1,-1,1240,1,14,NISSAN MICRA,2,E01000097,0,3
2024991525177,2024,991525177,1,9,0,-1,19,5,1,-1,0,0,0,0,0,0,1,1,-1,9,2,46,8,1198,1,7,NISSAN MICRA,3,-1,0,3
2024010531149,2024,010531149,1,9,0,7,7,7,8,0,0,6,0,0,0,0,3,1,2,2,2,38,7,999,1,4,NISSAN MICRA,3,E01002243,0,1
2024010522937,2024,010522937,2,9,0,3,3,1,5,0,0,0,0,0,0,0,2,2,6,6,1,77,11,999,1,3,NISSAN MICRA,2,E01011582,0,5
2024471416647,2024,471416647,1,9,0,-1,19,6,2,-1,0,0,0,0,0,0,1,1,-1,6,2,22,5,1386,1,18,NISSAN MICRA,10,E01024835,0,1
2024231424949,2024,231424949,2,9,0,-1,3,7,3,-1,0,1,0,0,0,0,2,1,-1,6,2,35,6,998,1,20,NISSAN MICRA,3,E01009596,0,2
2024991396554,2024,991396554,2,9,0,-1,19,7,3,-1,0,8,0,0,0,0,1,2,-1,6,2,26,6,998,1,20,NISSAN MICRA,3,-1,0,2
2024201495361,2024,201495361,1,9,0,-1,19,6,2,-1,0,1,0,0,0,0,1,1,-1,6,1,51,8,1198,1,8,NISSAN MICRA,1,E01009131,0,1
2024010505767,2024,010505767,2,9,0,99,99,9,9,99,99,9,9,99,9,99,1,9,6,6,3,60,9,1198,1,11,NISSAN MICRA,6,E01002353,0,1
2024361441357,2024,361441357,1,9,0,-1,19,5,1,-1,0,1,0,4,0,0,1,1,-1,2,1,46,8,1240,1,19,NISSAN MICRA,3,E01026670,0,1
2024451454516,2024,451454516,2,9,0,-1,19,1,5,-1,0,8,0,0,3,0,1,1,-1,9,1,38,7,1240,1,17,NISSAN MICRA,6,E01002943,0,1
2024440281482,2024,440281482,1,9,0,16,19,5,1,0,0,0,2,0,0,0,1,1,6,6,1,28,6,1240,1,20,NISSAN MICRA,9,E01017284,0,1
2024461520459,2024,461520459,1,9,0,-1,19,7,5,-1,0,2,0,0,0,0,3,1,-1,2,1,31,6,1240,1,15,NISSAN MICRA,2,E01024775,0,1
2024131397770,2024,131397770,2,9,0,-1,19,3,7,-1,0,0,0,0,0,0,3,1,-1,6,2,27,6,1240,1,19,NISSAN MICRA,2,E01010869,0,2
2024010520111,2024,010520111,2,9,0,4,4,7,3,0,0,0,5,0,0,0,1,2,6,6,1,44,7,1240,1,18,NISSAN MICRA,8,E01002453,0,1
2024311515858,2024,311515858,1,9,0,-1,11,3,7,-1,0,0,0,0,0,0,0,1,-1,6,2,63,9,1240,1,19,NISSAN MICRA,3,E01028310,0,4
2024010518444,2024,010518444,1,9,0,18,19,1,5,0,0,0,0,4,0,0,1,1,6,6,1,53,8,1240,1,15,NISSAN MICRA,2,E01034190,0,1
2024451435275,2024,451435275,2,9,0,-1,11,1,5,-1,0,0,0,0,0,0,2,1,-1,9,2,27,6,1240,1,16,NISSAN MICRA,7,E01030300,0,1
2024332401019,2024,332401019,1,9,0,-1,19,8,4,-1,0,8,0,0,0,0,1,1,-1,6,1,46,8,1198,1,13,NISSAN MICRA,4,E01025718,0,1
2024302400912,2024,302400912,2,9,0,18,19,4,8,0,0,8,0,0,2,10,4,1,6,6,2,50,8,898,1,6,NISSAN MICRA,2,E01013597,0,2
2024010519521,2024,010519521,1,9,0,9,9,1,7,0,0,8,0,0,0,0,0,1,2,2,1,40,7,1240,1,20,NISSAN MICRA,6,E01002556,0,1
2024131458861,2024,131458861,1,9,0,-1,15,6,2,-1,0,1,0,0,0,0,1,1,-1,9,1,39,7,998,1,22,NISSAN MICRA,8,E01011169,0,1
2024052402425,2024,052402425,2,9,0,4,4,5,1,0,0,0,0,0,0,0,2,1,6,6,2,72,10,1240,1,14,NISSAN MICRA,2,E01007038,0,3
2024131453566,2024,131453566,2,9,0,-1,8,5,7,-1,0,1,0,0,0,0,2,1,-1,9,2,28,6,1198,1,10,NISSAN MICRA,3,E01011824,0,3
2024991428107,2024,991428107,2,9,0,-1,19,6,1,-1,0,0,0,0,0,0,2,1,-1,9,2,45,7,998,1,21,NISSAN MICRA,-1,-1,0,-1
2024010502444,2024,010502444,2,9,0,7,7,3,5,0,0,2,0,0,0,0,1,1,6,6,2,57,9,1386,1,17,NISSAN MICRA,2,E01004535,0,1
2024010542979,2024,010542979,1,9,0,4,4,1,5,0,0,0,0,0,0,0,2,1,6,6,2,48,8,1198,1,10,NISSAN MICRA,2,E01002078,0,1
2024041416109,2024,041416109,2,9,0,-1,19,5,1,-1,0,0,0,0,0,0,3,1,-1,6,2,35,6,1198,1,10,NISSAN MICRA,8,E01012583,0,1
2024010506902,2024,010506902,1,9,0,4,4,1,5,0,0,0,0,0,0,0,1,1,3,7,2,36,7,1240,1,18,NISSAN MICRA,3,E01002542,0,1
2024010513608,2024,010513608,1,9,0,18,19,5,1,0,0,1,0,0,0,0,1,1,6,6,1,60,9,998,1,22,NISSAN MICRA,9,E01001025,0,3
2024440168848,2024,440168848,2,9,0,18,19,2,6,0,0,0,0,0,0,0,1,1,6,6,3,-1,-1,1198,1,9,NISSAN MICRA,-1,-1,0,-1
2024361479802,2024,361479802,2,9,0,-1,3,3,7,-1,0,1,0,0,0,0,2,1,-1,9,1,23,5,898,1,7,NISSAN MICRA,1,E01026830,0,4
2024991448626,2024,991448626,2,9,0,-1,10,4,1,-1,0,1,0,0,0,0,1,1,-1,9,1,78,11,999,1,4,NISSAN MICRA,10,-1,0,1
2024031458759,2024,031458759,2,9,0,-1,4,6,6,-1,0,0,0,0,0,0,2,1,-1,6,1,69,10,999,1,4,NISSAN MICRA,4,E01019281,0,2
2024141534609,2024,141534609,1,9,0,-1,2,0,0,-1,0,1,0,0,0,0,3,1,-1,9,1,44,7,1198,1,10,NISSAN MICRA,9,E01008043,0,1
2024351500973,2024,351500973,3,9,0,-1,4,3,7,-1,0,0,0,0,0,0,2,1,-1,6,2,22,5,1240,1,19,NISSAN MICRA,5,E01033121,0,1
2024991490049,2024,991490049,2,9,0,-1,5,5,1,-1,0,0,0,0,0,0,2,1,-1,1,1,43,7,1386,1,18,NISSAN MICRA,1,-1,0,3
2024131486157,2024,131486157,2,9,0,-1,2,7,7,-1,0,8,0,4,1,0,2,1,-1,6,-1,-1,-1,1240,1,15,NISSAN MICRA,-1,-1,0,-1
2024471476833,2024,471476833,1,9,0,-1,19,5,1,-1,0,1,0,0,0,0,3,1,-1,6,2,69,10,1240,1,14,NISSAN MICRA,1,E01016895,0,1
2024361442956,2024,361442956,3,9,0,-1,20,0,0,-1,0,1,0,0,0,0,3,1,-1,6,-1,-1,-1,1198,1,11,NISSAN MICRA,-1,-1,0,-1
2024991524637,2024,991524637,1,9,0,-1,19,3,7,-1,0,1,0,0,0,0,1,1,-1,6,1,63,9,1198,1,8,NISSAN MICRA,10,-1,0,2
2024401405159,2024,401405159,2,9,0,-1,3,5,1,-1,0,1,0,0,0,0,2,9,-1,2,2,20,4,1240,1,16,NISSAN MICRA,4,E01015734,0,1
2024471402964,2024,471402964,1,9,0,-1,19,2,4,-1,0,0,0,4,0,0,1,1,-1,9,1,51,8,1386,1,16,NISSAN MICRA,4,E01020924,0,1
2024371467360,2024,371467360,3,9,0,-1,19,5,1,-1,0,0,1,0,1,0,1,1,-1,9,1,52,8,998,1,26,NISSAN MICRA,1,E01026641,0,4
2024361463836,2024,361463836,1,9,0,-1,19,-1,-1,-1,0,1,0,0,0,0,4,1,-1,9,2,80,11,1198,1,9,NISSAN MICRA,6,E01026449,0,4
2024161469515,2024,161469515,2,9,0,-1,19,1,5,-1,0,0,0,0,1,0,1,1,-1,6,1,59,9,1198,1,9,NISSAN MICRA,7,E01013333,0,2
2024471509194,2024,471509194,1,9,0,-1,19,4,8,-1,0,0,0,0,0,0,3,1,-1,2,1,55,8,1348,1,23,NISSAN MICRA,8,E01016897,0,2
2024201506205,2024,201506205,3,9,0,-1,19,4,8,-1,0,0,0,0,0,0,1,1,-1,6,2,20,4,1240,1,18,NISSAN MICRA,1,E01008055,0,5
2024631460621,2024,631460621,3,9,0,-1,4,3,7,-1,0,0,1,0,0,0,1,1,-1,9,2,28,6,998,1,26,NISSAN MICRA,6,W01000598,0,4
2024451453552,2024,451453552,1,9,0,-1,5,2,6,-1,0,4,0,0,0,0,3,9,-1,2,1,45,7,1386,1,18,NISSAN MICRA,4,E01030983,0,1
2024010503806,2024,010503806,2,9,0,99,99,9,9,99,99,0,9,99,9,99,9,9,6,6,3,54,8,1198,1,9,NISSAN MICRA,5,E01003494,0,1
2024010539732,2024,010539732,1,9,0,99,99,9,9,99,99,9,9,99,9,99,9,9,6,6,1,34,6,1240,1,19,NISSAN MICRA,2,E01001505,0,3
2024546647824,2024,546647824,2,9,0,18,19,3,8,0,0,8,0,0,0,0,4,1,6,6,2,32,6,1461,2,6,NISSAN MICRA,7,E01032079,0,1
2024201421392,2024,201421392,1,9,0,-1,19,2,6,-1,0,8,1,0,0,0,1,9,-1,6,1,27,6,1240,1,18,NISSAN MICRA,3,E01008933,0,1
2024332401011,2024,332401011,2,9,0,-1,19,7,3,-1,0,0,0,0,0,0,1,1,-1,6,2,23,5,1240,1,14,NISSAN MICRA,5,E01025875,0,1
2024201473170,2024,201473170,1,9,0,-1,19,2,6,-1,0,8,0,0,0,0,4,1,-1,9,1,29,6,1240,1,18,NISSAN MICRA,-1,-1,0,-1
2024501498289,2024,501498289,1,9,0,-1,19,6,8,-1,0,1,0,0,0,0,1,1,-1,6,2,31,6,1240,1,18,NISSAN MICRA,1,E01015256,0,1
2024351405194,2024,351405194,2,9,0,-1,19,3,7,-1,0,1,0,0,0,0,1,9,-1,6,1,27,6,1198,1,8,NISSAN MICRA,9,E01018172,0,3
2024991396525,2024,991396525,1,9,0,-1,19,4,7,-1,0,0,0,0,0,0,1,1,-1,6,2,77,11,1386,1,17,NISSAN MICRA,5,-1,0,2
2024440480650,2024,440480650,2,9,0,9,9,7,3,0,0,0,0,0,0,0,3,1,6,6,2,20,4,1240,1,17,NISSAN MICRA,5,E01017160,0,1
2024430343845,2024,430343845,1,9,0,18,19,6,2,0,0,0,0,0,0,0,1,1,6,6,2,52,8,1240,1,14,NISSAN MICRA,7,E01035739,0,3
2024061411036,2024,061411036,2,9,0,-1,19,1,5,-1,0,0,0,0,0,0,4,1,-1,6,2,84,11,999,1,3,NISSAN MICRA,6,E01005875,0,2
2024131488611,2024,131488611,3,9,0,-1,2,0,0,-1,0,1,0,4,0,0,1,1,-1,6,-1,-1,-1,1240,1,20,NISSAN MICRA,-1,-1,0,-1
2024111521293,2024,111521293,1,9,0,-1,19,2,6,-1,0,0,1,0,1,4,1,1,-1,9,2,64,9,1198,1,12,NISSAN MICRA,1,E01020762,0,1
2024010518660,2024,010518660,1,9,0,9,9,4,1,0,0,8,0,0,0,0,1,1,6,6,3,-1,-1,1240,1,16,NISSAN MICRA,-1,-1,0,-1
2024061497481,2024,061497481,1,9,0,-1,9,5,2,-1,0,5,0,0,0,0,1,1,-1,9,1,20,4,1198,1,13,NISSAN MICRA,1,E01005342,0,1
2024201436510,2024,201436510,2,9,0,-1,19,1,4,-1,0,0,0,0,0,0,1,1,-1,9,2,49,8,1198,1,12,NISSAN MICRA,1,E01008932,0,1
2024061456876,2024,061456876,1,9,0,-1,99,-1,-1,-1,0,0,0,0,0,0,2,1,-1,9,1,38,7,1240,1,17,NISSAN MICRA,1,E01005349,0,1
2024311520849,2024,311520849,1,9,0,-1,9,3,1,-1,0,6,0,0,0,0,1,1,-1,6,1,34,6,1598,1,18,NISSAN MICRA,-1,-1,0,-1
2024122400732,2024,122400732,1,9,0,18,19,4,1,0,0,0,0,0,0,0,1,1,1,1,1,25,5,1240,1,18,NISSAN MICRA,7,E01010641,0,2
2024471403418,2024,471403418,1,9,0,-1,19,7,7,-1,0,0,0,0,1,0,1,1,-1,6,2,84,11,999,1,3,NISSAN MICRA,10,E01035348,0,1
2024991459955,2024,991459955,1,9,0,-1,19,8,4,-1,0,1,0,0,0,0,1,1,-1,6,1,63,9,1240,1,17,NISSAN MICRA,3,-1,0,1
2024461426897,2024,461426897,2,9,0,-1,5,1,5,-1,0,4,0,0,0,0,1,1,-1,9,1,51,8,999,1,3,NISSAN MICRA,5,E01035292,0,1
2024451453384,2024,451453384,1,9,0,-1,19,2,6,-1,0,0,0,0,1,0,1,1,-1,6,1,64,9,1198,1,9,NISSAN MICRA,6,E01030516,0,4
2024131399692,2024,131399692,1,9,0,-1,12,3,7,-1,0,0,0,0,7,0,3,1,-1,9,2,34,6,1198,1,9,NISSAN MICRA,1,E01010606,0,1
2024221530716,2024,221530716,1,9,0,-1,9,3,1,-1,0,6,0,0,0,0,1,1,-1,6,2,47,8,1240,1,19,NISSAN MICRA,1,E01009404,0,4
2024552400663,2024,552400663,1,9,0,18,19,5,1,0,0,0,0,0,0,0,1,1,6,6,1,32,6,1198,1,11,NISSAN MICRA,5,E01020565,0,1
2024991439223,2024,991439223,1,9,0,-1,19,7,3,-1,0,0,0,0,0,0,1,1,-1,6,1,24,5,1240,1,19,NISSAN MICRA,6,-1,0,1
2024421427887,2024,421427887,1,9,0,-1,5,6,1,-1,0,1,0,0,0,0,4,1,-1,9,1,80,11,1198,1,10,NISSAN MICRA,10,E01021584,0,1
2024531519564,2024,531519564,1,9,0,-1,19,4,8,-1,0,0,0,0,0,0,1,1,-1,6,1,85,11,1240,1,16,NISSAN MICRA,9,E01022115,0,1
2024131422533,2024,131422533,2,9,0,-1,7,1,3,-1,0,1,0,0,0,0,3,1,-1,9,2,70,10,999,1,4,NISSAN MICRA,4,E01027787,0,4
2024361479299,2024,361479299,1,9,0,-1,19,1,5,-1,0,1,0,0,0,0,1,1,-1,6,1,48,8,1240,1,18,NISSAN MICRA,8,E01034566,0,4
2024311420777,2024,311420777,2,9,0,-1,10,6,4,-1,0,1,0,0,0,0,2,9,-1,6,2,37,7,1240,1,19,NISSAN MICRA,2,E01028257,0,1
2024221461611,2024,221461611,3,9,0,-1,19,4,8,-1,0,0,0,0,0,0,1,9,-1,6,2,51,8,1240,1,19,NISSAN MICRA,4,E01032415,0,3
2024541196824,2024,541196824,2,9,0,3,3,1,3,0,0,3,0,0,0,0,2,1,1,1,2,20,4,1198,1,7,NISSAN MICRA,3,E01031912,0,1
2024451470184,2024,451470184,2,9,0,-1,19,5,1,-1,0,1,0,0,0,0,3,9,-1,2,1,28,6,1240,1,19,NISSAN MICRA,-1,-1,0,-1
2024010508988,2024,010508988,2,9,0,99,99,9,9,99,99,9,9,99,9,99,9,9,6,6,3,-1,-1,1198,1,12,NISSAN MICRA,-1,-1,0,-1
2024371529225,2024,371529225,1,9,0,-1,19,5,1,-1,0,1,0,0,0,0,1,1,-1,6,1,25,5,1348,1,22,NISSAN MICRA,3,E01030115,0,1
2024010529829,2024,010529829,2,9,0,9,9,3,8,0,0,8,0,0,0,0,1,1,6,6,1,66,10,1198,1,11,NISSAN MICRA,5,E01002083,0,3
2024010510954,2024,010510954,2,9,0,99,99,9,9,99,99,9,9,99,9,99,1,9,6,6,3,-1,-1,1240,1,15,NISSAN MICRA,-1,-1,0,-1
2024631469012,2024,631469012,2,9,0,-1,4,7,3,-1,0,0,0,0,0,0,2,1,-1,6,2,20,4,1240,1,17,NISSAN MICRA,4,E01014128,0,4
2024010508997,2024,010508997,1,9,0,16,19,1,5,9,9,2,0,4,7,1,1,1,6,6,2,69,10,1198,1,8,NISSAN MICRA,2,E01000603,0,2
2024201437805,2024,201437805,1,9,0,-1,19,4,8,-1,0,8,0,0,0,0,1,1,-1,6,3,-1,-1,1198,1,9,NISSAN MICRA,-1,-1,0,-1
2024010549987,2024,010549987,2,9,0,5,5,1,5,0,0,7,1,0,0,0,1,2,1,1,2,20,4,1240,1,17,NISSAN MICRA,5,E01030748,0,3
2024440321538,2024,440321538,1,9,0,18,19,3,7,0,0,1,0,0,0,0,3,1,6,6,1,25,5,1240,1,21,NISSAN MICRA,8,E01017190,0,1
2024302400946,2024,302400946,2,9,0,4,4,4,8,0,0,1,0,0,0,0,1,1,6,6,2,19,4,1348,1,22,NISSAN MICRA,4,E01013460,0,1
2024520002799,2024,520002799,2,9,0,18,19,8,2,0,0,1,0,0,7,1,1,1,6,6,2,81,11,999,1,5,NISSAN MICRA,10,E01014413,0,1
2024471528977,2024,471528977,2,9,0,-1,4,3,7,-1,0,0,0,0,0,0,2,1,-1,2,2,30,6,1198,1,12,NISSAN MICRA,9,E01017000,0,3
2024041457507,2024,041457507,1,9,0,-1,19,5,1,-1,0,0,0,0,0,0,1,1,-1,9,1,22,5,1240,1,14,NISSAN MICRA,1,E01025295,0,3
2024052401174,2024,052401174,1,9,0,18,19,4,8,0,0,0,0,4,0,0,1,1,6,6,1,81,11,999,1,1,NISSAN MICRA,4,E01007229,0,1
2024332400267,2024,332400267,1,9,0,-1,9,2,8,-1,0,5,0,0,0,0,1,1,-1,9,2,22,5,1198,1,12,NISSAN MICRA,8,E01025684,0,3
2024101405822,2024,101405822,1,9,0,-1,7,2,4,-1,0,8,0,0,0,0,1,1,-1,9,1,36,7,1198,1,9,NISSAN MICRA,4,E01008676,0,1
2024471497916,2024,471497916,2,9,0,-1,10,5,1,-1,0,1,0,0,0,0,2,1,-1,1,2,30,6,1240,1,17,NISSAN MICRA,6,E01001033,0,4
2024311533543,2024,311533543,1,9,0,-1,3,1,5,-1,0,0,0,0,0,0,2,1,-1,9,1,59,9,1240,1,16,NISSAN MICRA,2,E01028011,0,4
2024010496586,2024,010496586,2,9,0,9,9,3,8,0,0,1,0,0,0,0,1,1,6,6,1,25,5,1240,1,15,NISSAN MICRA,9,E01000412,0,2
2024531418987,2024,531418987,1,9,0,-1,9,3,7,-1,0,0,0,0,0,0,1,1,-1,9,2,83,11,1240,1,19,NISSAN MICRA,6,E01022271,0,1
2024131450485,2024,131450485,2,9,0,-1,19,5,1,-1,0,8,0,0,0,0,1,1,-1,9,2,37,7,1240,1,20,NISSAN MICRA,3,E01011449,0,1
2024131510797,2024,131510797,2,9,0,-1,19,1,5,-1,0,1,0,0,0,0,4,1,-1,9,2,51,8,898,1,7,NISSAN MICRA,2,E01019111,0,5
2024010528035,2024,010528035,2,9,0,99,99,9,9,99,99,6,9,99,9,99,1,9,6,6,2,27,6,1198,1,8,NISSAN MICRA,3,E01000523,0,2
2024131496823,2024,131496823,1,9,0,-1,7,7,3,-1,0,0,0,0,0,0,1,1,-1,9,2,77,11,1240,1,19,NISSAN MICRA,10,E01011266,0,1
2024061513042,2024,061513042,1,9,0,-1,19,5,1,-1,0,8,0,0,0,0,4,1,-1,6,3,-1,-1,1198,1,10,NISSAN MICRA,-1,-1,0,-1
2024101526749,2024,101526749,1,9,0,-1,19,2,6,-1,0,0,0,0,0,0,1,1,-1,1,2,40,7,998,1,24,NISSAN MICRA,1,E01027539,0,3
2024501448692,2024,501448692,1,9,0,-1,19,3,7,-1,0,0,5,0,7,11,1,1,-1,2,2,48,8,1240,1,16,NISSAN MICRA,5,E01019947,0,1
2024471426485,2024,471426485,1,9,0,-1,19,7,3,-1,0,0,0,0,0,0,1,1,-1,6,1,21,5,1240,1,20,NISSAN MICRA,6,E01034304,0,3
2024311457382,2024,311457382,1,9,0,-1,4,-1,-1,-1,0,0,0,0,0,0,2,1,-1,7,2,33,6,1240,1,17,NISSAN MICRA,2,E01013963,0,1
2024041395238,2024,041395238,1,9,0,-1,19,6,2,-1,0,0,0,0,0,0,4,1,-1,2,2,63,9,1240,1,16,NISSAN MICRA,2,E01012579,0,1
2024122400350,2024,122400350,2,9,0,18,19,4,8,0,0,0,0,0,7,0,1,1,6,6,1,31,6,1240,1,19,NISSAN MICRA,1,E01012349,0,2
2024320696014,2024,320696014,1,9,0,-1,-1,1,5,0,0,0,2,0,7,10,3,1,6,6,2,17,4,1461,2,17,NISSAN MICRA,10,E01026364,0,1
2024161457486,2024,161457486,1,9,0,-1,19,4,8,-1,0,4,0,0,0,0,1,1,-1,9,1,18,4,898,1,6,NISSAN MICRA,4,E01013308,0,3
2024361453932,2024,361453932,1,9,0,-1,19,1,5,-1,0,0,0,0,0,0,1,1,-1,6,1,23,5,1348,1,22,NISSAN MICRA,6,E01015659,0,4
2024520401484,2024,520401484,1,9,0,18,19,6,2,0,0,0,0,0,0,0,3,1,6,6,3,-1,-1,1348,1,23,NISSAN MICRA,-1,-1,0,-1
2024421522821,2024,421522821,1,9,0,-1,19,2,6,-1,0,0,0,0,0,0,1,1,-1,9,2,75,10,1240,1,19,NISSAN MICRA,6,E01021344,0,1
2024440103918,2024,440103918,1,9,0,7,7,2,4,0,0,6,0,0,0,0,1,1,6,6,2,38,7,1386,1,20,NISSAN MICRA,-1,-1,0,-1
2024231492414,2024,231492414,1,9,0,-1,7,8,2,-1,0,6,0,0,0,0,1,1,-1,6,1,33,6,1240,1,16,NISSAN MICRA,6,E01009645,0,3
2024991472446,2024,991472446,1,9,0,-1,19,5,1,-1,0,0,2,0,6,0,1,1,-1,2,2,41,7,1240,1,18,NISSAN MICRA,9,-1,0,1
2024231439779,2024,231439779,1,9,0,-1,19,1,5,-1,0,1,0,0,0,0,1,1,-1,9,1,19,4,1386,1,15,NISSAN MICRA,6,E01034579,0,5
2024010502333,2024,010502333,2,9,0,99,99,9,9,99,99,9,9,99,9,99,1,9,6,6,3,-1,-1,1240,1,15,NISSAN MICRA,3,E01002401,0,1
2024010511555,2024,010511555,1,9,0,18,19,6,2,0,0,2,0,0,0,0,1,1,6,6,2,70,10,1240,1,15,NISSAN MICRA,5,E01001150,0,1
2024010512521,2024,010512521,2,9,0,99,99,9,9,99,99,9,9,99,9,99,9,9,6,6,2,66,10,1240,1,15,NISSAN MICRA,4,E01000164,0,1
2024461543921,2024,461543921,1,9,0,-1,19,5,1,-1,9,0,1,0,7,0,1,1,-1,6,1,34,6,1240,1,20,NISSAN MICRA,1,E01024020,0,1
2024461423018,2024,461423018,3,9,0,-1,2,0,0,-1,0,0,0,0,0,0,2,1,-1,6,1,64,9,1198,1,10,NISSAN MICRA,10,E01024150,0,1
2024061397778,2024,061397778,1,9,0,-1,9,5,7,-1,0,8,0,0,0,0,1,1,-1,6,1,28,6,1198,1,11,NISSAN MICRA,7,E01005170,0,1
2024471450456,2024,471450456,1,9,0,-1,19,1,5,-1,0,0,0,0,3,0,3,1,-1,1,1,57,9,1240,1,18,NISSAN MICRA,1,E01016895,0,2
2024421509338,2024,421509338,1,9,0,-1,-1,-1,-1,-1,-1,-1,-1,-1,-1,0,-1,9,-1,6,2,-1,-1,1240,1,14,NISSAN MICRA,-1,-1,0,-1
2024332400363,2024,332400363,1,9,0,-1,19,4,8,-1,0,0,0,0,0,0,3,1,-1,2,2,28,6,1240,1,20,NISSAN MICRA,4,E01013715,0,2
2024451504876,2024,451504876,1,9,0,-1,11,1,5,-1,0,0,0,0,0,0,1,1,-1,2,2,24,5,1240,1,14,NISSAN MICRA,10,E01030641,0,3
2024010549613,2024,010549613,1,9,0,99,99,9,9,99,99,9,9,99,9,99,1,9,6,6,3,44,7,1198,1,9,NISSAN MICRA,6,E01001091,0,1
2024052400547,2024,052400547,1,9,0,18,19,3,7,0,0,0,0,0,0,0,1,1,6,6,2,25,5,1240,1,18,NISSAN MICRA,4,E01007231,0,2
2024610023624,2024,610023624,1,9,0,4,4,8,4,0,0,4,0,0,0,0,2,1,6,6,1,52,8,1240,1,18,NISSAN MICRA,8,W01001579,0,4
2024440014657,2024,440014657,2,9,0,18,19,2,6,0,0,1,0,0,0,0,1,1,6,6,1,35,6,1598,1,17,NISSAN MICRA,1,E01017154,0,2
2024010550625,2024,010550625,1,9,0,18,19,5,1,0,0,2,0,10,1,2,1,1,2,2,2,80,11,1386,1,17,NISSAN MICRA,-1,-1,0,-1
2024610044724,2024,610044724,2,9,0,3,3,5,1,0,0,0,0,0,0,0,2,1,1,1,1,39,7,999,1,4,NISSAN MICRA,8,W01001257,0,4
2024131416442,2024,131416442,2,9,0,-1,9,5,2,-1,0,1,0,0,7,0,3,1,-1,1,1,32,6,1240,1,18,NISSAN MICRA,1,E01011428,0,1
2024052402044,2024,052402044,1,9,0,9,9,1,7,0,0,8,0,0,0,0,3,1,6,6,2,65,9,1240,1,15,NISSAN MICRA,9,E01007111,0,1
2024041404560,2024,041404560,2,9,0,-1,19,4,3,-1,0,0,0,0,0,0,4,1,-1,9,2,25,5,999,1,6,NISSAN MICRA,1,E01024925,0,1
2024320648450,2024,320648450,1,9,0,-1,-1,6,2,0,0,0,0,0,7,0,3,1,-1,-1,1,30,6,1198,1,8,NISSAN MICRA,4,E01026121,0,2
2024471458594,2024,471458594,1,9,0,-1,19,3,7,-1,0,0,0,0,0,0,4,9,-1,6,2,57,9,1198,1,13,NISSAN MICRA,8,E01031617,0,1
2024501427156,2024,501427156,1,9,0,-1,19,7,3,-1,0,2,0,0,0,0,1,2,-1,9,1,18,4,1240,1,18,NISSAN MICRA,3,E01015192,0,1
2024041461668,2024,041461668,3,9,0,-1,2,1,1,-1,0,1,0,0,0,0,1,1,-1,6,-1,-1,-1,1198,1,11,NISSAN MICRA,-1,-1,0,-1
2024440344368,2024,440344368,1,9,0,3,3,6,2,0,0,1,0,0,0,0,2,1,6,6,1,34,6,1461,2,14,NISSAN MICRA,3,E01019985,0,5
2024461465396,2024,461465396,1,9,0,-1,19,6,2,-1,0,1,0,0,0,0,1,1,-1,6,2,49,8,999,1,4,NISSAN MICRA,4,E01024204,0,1
2024991525589,2024,991525589,2,9,0,-1,19,4,8,-1,0,8,0,0,7,0,1,1,-1,2,2,62,9,1240,1,17,NISSAN MICRA,5,-1,0,1
2024471440066,2024,471440066,1,9,0,-1,19,6,2,-1,0,0,1,0,2,11,1,1,-1,6,2,37,7,1275,1,26,NISSAN MICRA,6,E01030550,0,4
2024010524443,2024,010524443,2,9,0,99,99,9,9,99,99,9,9,99,9,99,1,9,6,6,1,-1,-1,1240,1,18,NISSAN MICRA,-1,-1,0,-1
2024101532339,2024,101532339,2,9,0,-1,10,4,8,-1,0,1,0,0,0,0,2,1,-1,6,2,29,6,1240,1,18,NISSAN MICRA,-1,-1,0,-1
2024041417209,2024,041417209,1,9,0,-1,9,5,7,-1,0,8,0,0,0,0,1,1,-1,2,2,17,4,1240,1,16,NISSAN MICRA,7,E01025597,0,1
2024010548925,2024,010548925,1,9,0,9,9,9,9,99,99,5,9,99,9,99,1,9,6,6,3,32,6,1198,1,13,NISSAN MICRA,5,E01003666,0,3