collision_index,collision_year,collision_ref_no,vehicle_reference,vehicle_type,towing_and_articulation,vehicle_manoeuvre_historic,vehicle_manoeuvre,vehicle_direction_from,vehicle_direction_to,vehicle_location_restricted_lane_historic,vehicle_location_restricted_lane,junction_location,skidding_and_overturning,hit_object_in_carriageway,vehicle_leaving_carriageway,hit_object_off_carriageway,first_point_of_impact,vehicle_left_hand_drive,journey_purpose_of_driver_historic,journey_purpose_of_driver,sex_of_driver,age_of_driver,age_band_of_driver,engine_capacity_cc,propulsion_code,age_of_vehicle,generic_make_model,driver_imd_decile,lsoa_of_driver,escooter_flag,driver_distance_banding
2024231519382,2024,231519382,1,9,0,-1,19,6,2,-1,0,0,0,0,0,0,1,9,-1,6,2,21,5,1240,1,20,NISSAN MICRA,10,E01031681,0,5
2024201484511,2024,201484511,2,9,0,-1,10,6,4,-1,0,8,0,0,0,0,9,9,-1,6,3,30,6,1198,1,11,NISSAN MICRA,6,E01010233,0,2
202417M111724,2024,17M111724,1,9,0,-1,19,2,6,-1,0,8,0,0,0,0,1,1,-1,9,1,25,5,998,1,21,NISSAN MICRA,1,E01035190,0,1
2024411489107,2024,411489107,1,9,0,-1,14,1,5,-1,0,0,5,0,0,0,1,1,-1,6,1,76,11,1198,1,9,NISSAN MICRA,5,E01023727,0,1
2024141492869,2024,141492869,2,9,0,-1,19,1,5,-1,0,0,0,0,0,0,4,9,-1,6,2,-1,-1,1240,1,19,NISSAN MICRA,-1,-1,0,-1
2024221447137,2024,221447137,1,9,0,-1,19,8,4,-1,0,0,0,0,0,0,3,9,-1,6,2,69,10,1386,1,15,NISSAN MICRA,8,E01028830,0,2
2024371443526,2024,371443526,1,9,0,-1,19,5,1,-1,0,0,0,0,0,0,1,1,-1,6,2,71,10,1198,1,13,NISSAN MICRA,3,E01029912,0,1
2024451477134,2024,451477134,1,9,0,-1,4,-1,-1,-1,0,0,0,0,0,0,1,9,-1,2,1,61,9,898,1,6,NISSAN MICRA,5,E01030569,0,3
2024131448544,2024,131448544,1,9,0,-1,19,6,2,-1,0,0,0,0,0,0,2,1,-1,6,1,26,6,898,1,6,NISSAN MICRA,2,E01011853,0,4
2024340NN1672,2024,340NN1672,1,9,0,-1,1,6,2,-1,0,2,0,0,0,0,2,1,-1,9,2,61,9,998,1,21,NISSAN MICRA,3,E01015757,0,4
2024471444307,2024,471444307,1,9,0,-1,19,8,4,-1,0,0,0,0,7,4,1,1,-1,1,1,59,9,998,1,22,NISSAN MICRA,1,E01010370,0,5
2024471402260,2024,471402260,1,9,0,-1,9,4,2,-1,0,8,0,0,0,0,2,1,-1,2,1,42,7,1240,1,19,NISSAN MICRA,1,E01020980,0,1
2024101531864,2024,101531864,2,9,-1,-1,-1,2,5,-1,-1,-1,-1,-1,-1,0,-1,9,-1,6,2,24,5,998,1,5,NISSAN MICRA,1,E01008450,0,1
2024430439669,2024,430439669,2,9,0,4,4,1,5,0,0,0,0,0,0,0,2,1,1,1,1,43,7,1240,1,16,NISSAN MICRA,8,E01028689,0,2
2024991525239,2024,991525239,1,9,0,-1,19,4,1,-1,0,1,0,0,0,0,1,1,-1,6,1,23,5,1240,1,15,NISSAN MICRA,1,E01007133,0,5
2024631447970,2024,631447970,3,9,0,-1,2,0,0,-1,0,0,0,4,0,0,2,1,-1,6,-1,-1,-1,1240,1,19,NISSAN MICRA,-1,-1,0,-1
202454C796824,2024,54C796824,1,9,0,18,19,5,1,0,0,1,1,0,3,10,1,1,6,6,2,93,11,1240,1,16,NISSAN MICRA,10,E01031966,0,1
2024340WN6422,2024,340WN6422,3,9,0,-1,2,0,0,-1,0,2,0,0,0,0,3,1,-1,6,3,-1,-1,898,1,6,NISSAN MICRA,-1,-1,0,-1
2024010519575,2024,010519575,2,9,0,18,19,5,1,0,0,1,0,0,0,0,1,1,6,6,2,48,8,1386,1,21,NISSAN MICRA,3,E01001688,0,1
2024631396919,2024,631396919,1,9,0,-1,19,2,6,-1,0,0,0,0,1,11,1,1,-1,6,2,73,10,1198,1,12,NISSAN MICRA,8,W01000699,0,1
2024221510909,2024,221510909,1,9,0,-1,5,6,2,-1,0,6,0,0,1,10,1,1,-1,9,2,88,11,1198,1,11,NISSAN MICRA,4,E01014085,0,1
2024371419686,2024,371419686,1,9,0,-1,19,7,3,-1,0,1,0,0,0,0,1,1,-1,9,1,44,7,1240,1,17,NISSAN MICRA,6,E01018051,0,2
2024010550016,2024,010550016,2,9,0,8,8,2,4,0,0,1,0,0,0,0,1,1,6,6,1,26,6,1198,1,10,NISSAN MICRA,2,E01000721,0,1
2024231519160,2024,231519160,1,9,0,-1,19,6,2,-1,0,8,1,0,3,11,1,1,-1,6,1,50,8,999,1,3,NISSAN MICRA,9,E01031143,0,3
2024141471894,2024,141471894,1,9,0,-1,9,4,1,-1,0,3,1,0,1,11,4,9,-1,6,2,37,7,1240,1,21,NISSAN MICRA,1,E01007530,0,1
2024461477603,2024,461477603,1,9,0,-1,-1,-1,-1,-1,9,-1,0,0,1,0,-1,9,-1,6,2,74,10,1198,1,11,NISSAN MICRA,5,E01024231,0,1
2024010544267,2024,010544267,2,9,0,18,19,1,5,9,9,0,0,7,1,0,1,1,2,2,2,65,9,999,1,4,NISSAN MICRA,8,E01002372,0,2
2024501471364,2024,501471364,1,9,0,-1,19,7,3,-1,0,4,0,0,0,0,1,1,-1,2,2,19,4,998,1,22,NISSAN MICRA,4,E01018979,0,2
2024201422162,2024,201422162,2,9,0,-1,19,1,5,-1,0,0,0,0,0,0,2,1,-1,9,2,27,6,1198,1,13,NISSAN MICRA,1,E01009059,0,1
2024440190297,2024,440190297,1,9,0,4,4,1,5,0,0,0,0,0,0,0,2,1,6,6,1,36,7,1198,1,12,NISSAN MICRA,10,E01023092,0,1
2024061416736,2024,061416736,1,9,0,-1,19,6,2,-1,0,0,0,0,0,0,1,1,-1,9,1,54,8,1348,1,22,NISSAN MICRA,3,E01006159,0,1
2024471431211,2024,471431211,2,9,0,-1,2,0,0,-1,0,0,0,0,0,0,3,1,-1,6,-1,-1,-1,998,1,24,NISSAN MICRA,-1,-1,0,-1
2024411422702,2024,411422702,1,9,0,-1,12,1,5,-1,99,2,0,0,9,0,3,9,-1,6,2,44,7,1240,1,21,NISSAN MICRA,3,E01023957,0,3
2024320309874,2024,320309874,2,9,0,13,13,8,4,0,0,1,0,0,0,10,1,1,-1,-1,1,61,9,1240,1,14,NISSAN MICRA,1,E01026384,0,1
2024010540670,2024,010540670,1,9,0,99,99,9,9,99,99,9,9,99,9,99,9,9,6,6,1,37,7,1240,1,16,NISSAN MICRA,10,E01003466,0,1
2024201479699,2024,201479699,2,9,0,-1,4,7,3,-1,0,8,0,0,0,0,1,1,-1,6,3,20,4,1240,1,16,NISSAN MICRA,-1,-1,0,-1
2024061451479,2024,061451479,4,9,0,-1,2,7,6,-1,0,2,0,0,0,0,4,1,-1,6,-1,-1,-1,1240,1,15,NISSAN MICRA,-1,-1,0,-1
2024440275424,2024,440275424,1,9,0,18,19,6,2,0,0,0,0,4,0,0,1,1,6,6,1,20,4,1240,1,19,NISSAN MICRA,8,E01030302,0,4
2024440484550,2024,440484550,1,9,0,4,4,5,1,0,0,1,0,0,0,0,2,1,6,6,2,31,6,1386,1,21,NISSAN MICRA,4,E01022567,0,1
2024010522079,2024,010522079,1,9,0,9,9,5,3,0,0,1,0,0,0,0,1,1,6,6,2,49,8,998,1,22,NISSAN MICRA,2,E01000073,0,1
2024010506003,2024,010506003,1,9,0,3,3,8,4,0,0,2,0,0,0,0,2,1,6,6,1,88,11,1198,1,10,NISSAN MICRA,5,E01000146,0,1
2024201421583,2024,201421583,1,9,0,-1,19,2,2,-1,0,1,0,0,0,0,1,9,-1,6,1,-1,-1,1240,1,19,NISSAN MICRA,-1,-1,0,-1
2024461469482,2024,461469482,3,9,0,-1,4,3,7,-1,0,0,0,0,0,0,2,1,-1,9,2,41,7,1240,1,15,NISSAN MICRA,4,E01024134,0,1
2024440559802,2024,440559802,1,9,0,18,19,4,8,0,0,0,0,0,0,0,1,1,6,6,2,88,11,1240,1,15,NISSAN MICRA,10,E01022872,0,1
2024401447639,2024,401447639,1,9,0,-1,7,2,6,-1,0,8,0,10,0,0,1,1,-1,9,2,84,11,1240,1,14,NISSAN MICRA,4,E01017596,0,1
2024141466009,2024,141466009,3,9,0,-1,19,3,7,-1,0,0,0,0,0,0,2,1,-1,6,1,40,7,1240,1,18,NISSAN MICRA,1,E01007736,0,1
2024440409156,2024,440409156,2,9,0,18,19,8,4,0,0,0,0,0,0,0,2,1,2,2,2,36,7,1240,1,20,NISSAN MICRA,5,E01035458,0,1
2024520402719,2024,520402719,1,9,0,18,19,3,7,0,0,0,0,0,0,0,3,1,6,6,2,76,11,1198,1,8,NISSAN MICRA,4,E01029343,0,1
2024311499670,2024,311499670,2,9,0,-1,9,8,4,-1,0,0,0,0,0,0,1,1,-1,6,2,24,5,1386,1,15,NISSAN MICRA,-1,-1,0,-1
2024010550731,2024,010550731,1,9,0,18,19,6,2,0,0,1,0,0,0,0,1,1,6,6,2,58,9,1240,1,19,NISSAN MICRA,3,E01003587,0,2
2024471413657,2024,471413657,1,9,0,-1,5,3,1,-1,0,6,0,0,0,0,3,1,-1,9,2,80,11,998,1,23,NISSAN MICRA,8,E01016897,0,1
2024552400564,2024,552400564,1,9,0,18,19,7,3,0,0,0,0,0,0,0,1,1,6,6,1,62,9,1198,1,8,NISSAN MICRA,7,E01020449,0,1
2024411534289,2024,411534289,1,9,0,-1,19,1,5,-1,0,0,0,0,0,0,1,1,-1,6,2,68,10,1198,1,10,NISSAN MICRA,5,E01023830,0,1
2024471536595,2024,471536595,2,9,0,-1,2,0,0,-1,0,0,0,0,0,0,1,1,-1,6,-1,-1,-1,1598,1,18,NISSAN MICRA,-1,-1,0,-1
202460Q033021,2024,60Q033021,1,9,0,16,19,3,7,0,0,0,2,0,1,4,1,1,6,6,1,21,5,998,1,27,NISSAN MICRA,-1,-1,0,-1
2024101513118,2024,101513118,2,9,0,-1,19,4,8,-1,0,8,0,0,0,0,1,1,-1,9,1,37,7,998,1,5,NISSAN MICRA,4,E01008406,0,1
2024131503631,2024,131503631,2,9,0,-1,19,1,1,-1,9,0,0,0,1,0,1,1,-1,6,2,43,7,1240,1,17,NISSAN MICRA,2,E01011609,0,2
2024041439001,2024,041439001,3,9,0,-1,2,0,0,-1,0,1,0,0,0,0,3,1,-1,9,1,77,11,1240,1,17,NISSAN MICRA,2,E01025091,0,1
2024440445560,2024,440445560,1,9,0,9,9,1,7,0,0,1,0,0,0,0,1,1,6,6,1,25,5,1240,1,15,NISSAN MICRA,6,E01018187,0,5
2024991522472,2024,991522472,2,9,0,-1,19,7,3,-1,0,0,0,0,0,0,1,1,-1,2,1,53,8,1461,2,15,NISSAN MICRA,-1,-1,0,-1
2024520403262,2024,520403262,2,9,0,18,19,5,1,0,0,1,1,0,0,0,1,1,6,6,2,19,4,1240,1,14,NISSAN MICRA,9,E01029260,0,2
2024041463302,2024,041463302,1,9,0,-1,19,7,3,-1,0,0,0,0,0,0,1,1,-1,9,2,18,4,1461,2,6,NISSAN MICRA,10,E01025350,0,1
2024991522519,2024,991522519,1,9,0,-1,7,7,1,-1,0,8,0,0,0,0,1,1,-1,6,2,34,6,999,1,3,NISSAN MICRA,-1,-1,0,-1
2024351422791,2024,351422791,1,9,0,-1,19,7,3,-1,0,0,0,0,0,0,1,1,-1,6,1,-1,-1,998,1,29,NISSAN MICRA,-1,-1,0,-1
2024052400873,2024,052400873,1,9,0,2,2,0,0,0,0,0,0,0,0,0,2,1,6,6,3,-1,-1,1240,1,19,NISSAN MICRA,-1,-1,0,-1
2024991525231,2024,991525231,2,9,0,-1,19,5,1,-1,0,1,1,0,0,0,1,1,-1,2,2,22,5,1198,1,12,NISSAN MICRA,-1,-1,0,-1
2024122401121,2024,122401121,1,9,0,18,19,1,5,0,0,0,0,0,0,0,1,1,6,6,1,55,8,1198,1,8,NISSAN MICRA,1,E01027805,0,2
2024552500091,2024,552500091,1,9,0,18,19,8,4,0,0,8,0,0,0,0,1,1,6,6,1,20,4,1275,1,29,NISSAN MICRA,7,E01020465,0,3
2024052402256,2024,052402256,2,9,0,18,19,3,7,0,0,8,0,0,0,0,1,1,6,6,2,33,6,1198,1,10,NISSAN MICRA,1,E01007207,0,2
2024010520193,2024,010520193,1,9,0,18,19,1,5,0,0,0,0,0,0,0,1,1,6,6,1,58,9,1198,1,10,NISSAN MICRA,4,E01004148,0,1
2024501512732,2024,501512732,2,9,0,-1,19,3,7,-1,0,1,0,0,0,0,1,1,-1,9,1,81,11,1769,2,32,MAKE AND MODEL REDACTED,6,E01020082,0,1
2024501530411,2024,501530411,2,9,0,-1,19,5,1,-1,0,0,1,4,0,0,1,1,-1,9,1,17,4,1360,1,31,MAKE AND MODEL REDACTED,8,E01019015,0,1
2024991436416,2024,991436416,1,3,0,-1,19,3,7,-1,0,0,0,0,0,0,1,1,-1,6,2,20,4,125,1,3,SINNIS TERRAIN,1,-1,0,1
202417L302924,2024,17L302924,2,3,0,18,19,8,4,0,0,1,0,0,0,0,1,1,2,2,1,55,8,125,1,2,SINNIS TERRAIN,1,E01012102,0,1
2024631497921,2024,631497921,1,3,0,-1,19,8,4,-1,0,0,1,0,1,10,3,1,-1,2,1,39,7,125,1,3,SINNIS TERRAIN,6,W01000709,0,4
2024010489961,2024,010489961,1,3,0,18,19,7,3,0,0,8,0,0,0,0,1,1,2,2,1,59,9,125,1,2,SINNIS TERRAIN,3,E01003297,0,1
2024631397736,2024,631397736,2,3,0,-1,19,2,6,-1,0,0,0,0,1,10,3,1,-1,6,1,50,8,125,1,1,SINNIS TERRAIN,5,W01000723,0,1
2024520402109,2024,520402109,1,3,0,16,19,4,8,0,0,0,0,11,0,0,1,1,6,6,1,29,6,125,1,2,SINNIS TERRAIN,5,E01014804,0,4
2024361501149,2024,361501149,2,3,0,-1,19,7,7,-1,0,1,0,0,0,0,1,1,-1,9,1,20,4,125,1,1,SINNIS TERRAIN,6,E01026451,0,4
2024061457322,2024,061457322,2,3,0,-1,19,7,3,-1,0,1,0,0,0,0,1,1,-1,2,2,24,5,125,1,3,SINNIS TERRAIN,7,E01004891,0,2
2024302401516,2024,302401516,1,3,0,18,19,5,1,0,0,8,0,0,0,0,1,1,6,6,1,37,7,125,1,0,SINNIS TERRAIN,1,E01019646,0,1
2024440468753,2024,440468753,1,3,0,17,19,7,4,0,0,0,0,0,0,0,0,1,2,2,1,22,5,125,1,2,SINNIS TERRAIN,4,E01034183,0,4
2024332401138,2024,332401138,1,4,0,-1,4,5,1,-1,0,8,1,0,0,0,1,1,-1,9,1,44,7,125,1,2,SINNIS TERRAIN,10,E01025616,0,2
2024991432100,2024,991432100,1,3,0,-1,19,7,4,-1,0,0,0,0,0,0,1,1,-1,9,1,19,4,125,1,3,SINNIS TERRAIN,8,-1,0,4
2024311454481,2024,311454481,1,3,0,-1,19,8,4,-1,0,0,2,7,0,0,4,1,-1,6,1,42,7,125,1,2,SINNIS TERRAIN,6,E01027926,0,1
2024361443603,2024,361443603,1,4,0,-1,19,6,2,-1,0,3,1,0,0,0,1,1,-1,9,1,19,4,125,1,1,SINNIS TERRAIN,6,E01026451,0,4
2024131474526,2024,131474526,1,3,0,-1,7,6,2,-1,0,1,2,0,0,0,4,1,-1,9,1,44,7,125,1,2,SINNIS TERRAIN,1,E01004794,0,4
2024141499043,2024,141499043,2,3,0,-1,19,7,3,-1,0,1,1,0,0,0,1,1,-1,9,1,24,5,125,1,3,SINNIS TERRAIN,7,E01033259,0,2
2024041495496,2024,041495496,1,5,0,-1,5,3,7,-1,0,0,0,0,0,0,1,1,-1,2,1,31,6,599,1,27,SUZUKI GSF 600,3,E01025460,0,2
2024461484811,2024,461484811,2,5,0,-1,19,7,3,-1,0,1,0,0,0,0,1,1,-1,6,1,26,6,600,1,24,SUZUKI GSF 600,3,E01035289,0,1
2024332400011,2024,332400011,1,5,0,-1,19,3,7,-1,0,1,0,0,0,0,1,1,-1,2,1,21,5,599,1,28,SUZUKI GSF 600,9,E01025968,0,2
2024451461992,2024,451461992,1,5,0,-1,19,5,1,-1,0,1,0,0,0,0,2,1,-1,9,1,41,7,599,1,26,SUZUKI GSF 600,4,E01030634,0,1
2024501420294,2024,501420294,1,5,0,-1,14,3,7,-1,0,1,5,0,0,0,1,1,-1,2,1,21,5,600,1,23,SUZUKI GSF 600,5,E01018845,0,2
2024440038586,2024,440038586,1,5,0,18,19,7,3,0,0,8,1,0,0,0,4,1,6,6,1,28,6,599,1,26,SUZUKI GSF 600,10,E01022747,0,1
2024371486675,2024,371486675,1,5,0,-1,19,1,5,-1,0,1,0,0,0,0,1,1,-1,6,1,20,4,599,1,27,SUZUKI GSF 600,2,E01029987,0,3
2024440165566,2024,440165566,1,5,0,18,19,8,4,0,0,3,0,0,0,0,4,1,6,6,1,20,4,600,1,24,SUZUKI GSF 600,5,E01031507,0,2
2024302401404,2024,302401404,2,5,0,18,19,1,5,0,0,1,0,0,0,0,3,1,6,6,1,44,7,600,1,22,SUZUKI GSF 600,2,E01019571,0,1
2024201462356,2024,201462356,1,5,0,-1,19,1,5,-1,0,0,0,0,0,0,1,1,-1,6,1,43,7,600,1,21,SUZUKI GSF 600,7,E01009252,0,3
2024131421175,2024,131421175,1,5,0,-1,4,3,7,-1,0,4,1,0,0,0,1,1,-1,9,1,58,9,600,1,21,SUZUKI GSF 600,1,E01025207,0,3
2024371442531,2024,371442531,2,5,0,-1,19,2,8,-1,0,3,0,0,0,0,1,1,-1,6,1,53,8,599,1,25,SUZUKI GSF 600,4,E01030208,0,4
2024543267324,2024,543267324,2,5,0,18,19,4,3,0,0,3,0,0,0,0,1,1,6,6,1,22,5,600,1,22,SUZUKI GSF 600,3,E01015580,0,1
2024440056114,2024,440056114,2,5,0,18,19,6,2,0,0,8,0,0,0,0,1,1,2,2,1,54,8,600,1,23,SUZUKI GSF 600,9,E01022565,0,3
2024520002058,2024,520002058,2,3,0,18,19,6,2,0,0,1,1,0,0,0,1,1,6,6,1,37,7,600,1,21,SUZUKI GSF 600,6,E01014459,0,2
2024546280624,2024,546280624,2,5,0,18,19,2,6,0,0,1,0,0,0,0,3,1,6,6,1,32,6,600,1,22,SUZUKI GSF 600,3,E01015510,0,1
2024991483848,2024,991483848,1,5,0,-1,4,5,2,-1,0,0,1,0,1,0,1,1,-1,6,1,39,7,600,1,23,SUZUKI GSF 600,2,-1,0,4
2024546437724,2024,546437724,1,5,0,9,9,5,3,0,0,5,0,0,0,0,1,1,6,6,2,56,9,600,1,20,SUZUKI GSF 600,3,E01031963,0,3
2024471467629,2024,471467629,3,4,0,-1,9,8,3,-1,0,1,0,0,0,0,0,1,-1,9,2,65,9,600,1,24,SUZUKI GSF 600,4,E01016869,0,1
2024461472469,2024,461472469,2,5,0,-1,19,7,3,-1,0,3,1,0,0,0,2,1,-1,9,1,63,9,600,1,20,SUZUKI GSF 600,3,E01024399,0,4
2024471473372,2024,471473372,2,5,0,-1,19,3,7,-1,0,0,0,0,0,0,4,1,-1,9,1,51,8,599,1,26,SUZUKI GSF 600,1,E01020984,0,1
2024201450072,2024,201450072,1,5,0,-1,19,2,6,-1,0,4,0,0,0,0,1,1,-1,2,1,46,8,599,1,26,SUZUKI GSF 600,1,E01009700,0,2
2024411472007,2024,411472007,1,5,0,-1,19,1,3,-1,0,3,1,10,0,0,4,1,-1,6,1,28,6,600,1,20,SUZUKI GSF 600,6,E01023651,0,2
2024041490395,2024,041490395,1,5,0,-1,19,5,1,-1,0,0,1,0,0,0,4,1,-1,9,1,19,4,600,1,19,SUZUKI GSF 600,6,E01025421,0,2
2024221432562,2024,221432562,2,5,0,-1,19,4,8,-1,0,0,1,0,0,0,3,1,-1,6,1,34,6,600,1,23,SUZUKI GSF 600,2,E01032265,0,1
2024471411759,2024,471411759,1,5,0,-1,19,7,2,-1,0,0,0,0,0,0,1,1,-1,9,1,24,5,600,1,21,SUZUKI GSF 600,10,E01031747,0,2
2024552400241,2024,552400241,2,5,0,18,19,1,5,0,0,8,0,0,0,0,1,1,2,2,1,21,5,600,1,21,SUZUKI GSF 600,9,E01020423,0,2
2024041453386,2024,041453386,1,5,0,-1,13,3,7,-1,0,1,0,0,0,0,1,1,-1,9,1,58,9,600,1,24,SUZUKI GSF 600,4,E01025200,0,2
2024552500122,2024,552500122,1,4,0,13,13,8,4,0,0,0,0,4,0,0,1,1,6,6,1,21,5,599,1,26,SUZUKI GSF 600,3,E01020551,0,3
2024610047124,2024,610047124,2,3,0,16,19,2,5,0,0,1,1,0,0,0,1,1,6,6,1,40,7,600,1,24,SUZUKI GSF 600,8,W01001888,0,3
2024361516834,2024,361516834,2,5,0,-1,19,5,1,-1,0,0,0,0,0,0,1,1,-1,9,1,66,10,600,1,23,SUZUKI GSF 600,5,E01026538,0,2
2024351493083,2024,351493083,1,5,0,-1,19,1,5,-1,0,4,1,9,0,0,1,1,-1,6,1,39,7,599,1,28,SUZUKI GSF 600,6,E01018035,0,3
2024991476120,2024,991476120,1,5,0,-1,19,3,1,-1,0,0,1,0,0,0,3,1,-1,6,1,52,8,600,1,24,SUZUKI GSF 600,1,-1,0,4
2024610045724,2024,610045724,1,5,0,5,5,7,3,0,0,8,0,0,0,0,2,1,6,6,1,73,10,599,1,28,SUZUKI GSF 600,1,W01001633,0,1
2024411503445,2024,411503445,2,5,0,-1,19,8,3,-1,0,1,0,0,0,0,1,1,-1,6,1,57,9,600,1,24,SUZUKI GSF 600,6,E01023787,0,2
2024201432002,2024,201432002,2,3,0,-1,19,4,2,-1,0,8,0,0,0,0,3,1,-1,6,3,-1,-1,599,1,25,SUZUKI GSF 600,-1,-1,0,-1
2024231536210,2024,231536210,2,9,0,-1,13,8,4,-1,0,0,0,0,7,0,4,9,-1,6,1,34,6,1796,1,23,TOYOTA CELICA,7,E01028559,0,4
2024543048524,2024,543048524,1,9,0,17,19,2,6,0,0,0,0,0,1,9,1,1,6,6,1,55,8,1998,1,25,TOYOTA CELICA,9,E01031968,0,3
2024221449280,2024,221449280,1,9,0,-1,19,1,5,-1,0,4,0,0,0,0,1,9,-1,6,1,22,5,1794,1,22,TOYOTA CELICA,4,E01028546,0,4
2024421507213,2024,421507213,1,9,0,-1,19,3,7,-1,1,0,0,0,7,0,1,1,-1,6,1,20,4,1794,1,18,TOYOTA CELICA,2,E01000102,0,2
2024201517257,2024,201517257,1,9,0,-1,19,1,5,-1,0,1,0,0,0,0,1,9,-1,6,3,-1,-1,1794,1,18,TOYOTA CELICA,-1,-1,0,-1
2024461442415,2024,461442415,2,9,0,-1,19,3,8,-1,0,0,2,0,2,9,1,9,-1,9,1,57,9,1794,1,19,TOYOTA CELICA,1,E01035316,0,4
2024371431492,2024,371431492,1,9,5,-1,19,7,3,-1,0,0,0,0,0,0,0,1,-1,9,1,45,7,1794,1,22,TOYOTA CELICA,10,E01030104,0,2
2024471490409,2024,471490409,1,9,0,-1,2,0,0,-1,0,1,0,0,0,0,3,1,-1,6,1,30,6,1794,1,18,TOYOTA CELICA,3,E01016975,0,2
2024041503769,2024,041503769,2,9,0,-1,19,5,1,-1,0,1,0,0,0,0,1,1,-1,9,1,49,8,1998,1,27,TOYOTA CELICA,2,E01006945,0,4
2024440156514,2024,440156514,1,9,0,18,19,2,6,0,0,0,2,0,1,4,3,1,6,6,1,21,5,1800,1,23,TOYOTA CELICA,10,E01022661,0,1
2024052401045,2024,052401045,2,9,0,18,19,1,5,0,0,0,0,0,0,0,4,1,6,6,1,61,9,1794,1,20,TOYOTA CELICA,4,E01014122,0,4
2024451441661,2024,451441661,1,9,0,-1,1,6,8,-1,0,1,0,0,7,11,2,1,-1,9,2,89,11,1790,1,25,TOYOTA CELICA,8,E01030822,0,1
2024221497801,2024,221497801,1,9,0,-1,19,2,8,-1,0,0,0,0,0,0,1,1,-1,2,1,52,8,1796,1,22,TOYOTA CELICA,8,E01013988,0,2
2024311457361,2024,311457361,1,9,0,-1,19,3,7,-1,0,0,1,0,1,0,1,1,-1,9,1,20,4,1794,1,20,TOYOTA CELICA,9,E01028047,0,2
2024320385803,2024,320385803,3,9,0,-1,-1,1,5,0,0,1,0,0,0,0,1,1,-1,-1,1,58,9,1794,1,22,TOYOTA CELICA,6,E01026411,0,1
2024451488076,2024,451488076,2,9,0,-1,19,5,1,-1,0,8,0,0,0,0,4,1,-1,6,1,35,6,1794,1,23,TOYOTA CELICA,-1,-1,0,-1
2024991536110,2024,991536110,1,9,0,-1,19,6,1,-1,0,0,1,12,0,0,3,1,-1,9,2,22,5,1794,1,21,TOYOTA CELICA,7,-1,0,4
2024451408755,2024,451408755,1,9,0,-1,19,8,4,-1,0,0,0,0,0,0,1,1,-1,1,1,60,9,1794,1,21,TOYOTA CELICA,9,E01002450,0,3
2024501399205,2024,501399205,1,9,0,-1,19,7,3,-1,0,0,0,0,0,0,1,9,-1,6,1,38,7,1796,1,21,TOYOTA CELICA,5,E01018900,0,3
2024161533721,2024,161533721,1,9,0,-1,9,7,5,-1,0,1,0,0,0,0,1,1,-1,6,1,30,6,1794,1,20,TOYOTA CELICA,10,E01012958,0,1
2024421407161,2024,421407161,3,9,0,-1,4,6,2,-1,0,0,0,0,0,0,2,9,-1,9,2,31,6,1794,1,19,TOYOTA CELICA,7,E01021505,0,3
2024010527445,2024,010527445,1,9,0,1,1,5,1,0,0,0,0,0,0,0,2,1,6,6,1,30,6,1984,1,2,VOLKSWAGEN ARTEON,-1,-1,0,-1
2024010541504,2024,010541504,2,9,0,18,19,1,5,0,0,6,0,10,1,0,4,1,6,6,1,29,6,1984,1,6,VOLKSWAGEN ARTEON,3,E01001006,0,1
2024010532613,2024,010532613,2,9,0,3,3,5,1,0,0,1,0,0,0,0,2,1,1,1,1,47,8,1984,1,3,VOLKSWAGEN ARTEON,2,E01004008,0,2
2024010510945,2024,010510945,2,9,0,4,4,7,3,0,0,1,0,0,0,0,2,1,6,6,1,56,9,1984,1,5,VOLKSWAGEN ARTEON,8,E01002436,0,3
2024311422511,2024,311422511,1,9,0,-1,9,5,2,-1,0,2,0,0,7,0,2,1,-1,9,1,46,8,1984,1,2,VOLKSWAGEN ARTEON,4,E01026323,0,4
2024991493269,2024,991493269,1,9,0,-1,19,2,6,-1,0,0,0,0,0,0,2,1,-1,9,1,77,11,1968,2,4,VOLKSWAGEN ARTEON,-1,-1,0,-1
2024231496311,2024,231496311,2,9,0,-1,19,8,4,-1,0,0,0,0,0,0,2,1,-1,6,1,62,9,1968,2,2,VOLKSWAGEN ARTEON,4,E01026807,0,5
2024201431157,2024,201431157,1,9,0,-1,11,8,4,-1,0,0,0,0,0,0,1,1,-1,2,1,38,7,1968,2,6,VOLKSWAGEN ARTEON,4,E01010337,0,1
2024161493584,2024,161493584,4,9,0,-1,2,0,0,-1,0,2,0,0,0,0,2,1,-1,6,-1,-1,-1,1498,1,5,VOLKSWAGEN ARTEON,-1,-1,0,-1
202454E247624,2024,54E247624,2,9,0,4,4,4,8,0,0,1,0,0,0,0,2,1,1,1,1,23,5,1968,2,2,VOLKSWAGEN ARTEON,9,E01032102,0,3
2024430610315,2024,430610315,3,9,0,18,19,4,8,0,0,0,0,0,0,0,2,1,6,6,1,34,6,1498,1,6,VOLKSWAGEN ARTEON,4,E01002130,0,4
2024311420026,2024,311420026,1,9,0,-1,3,5,1,-1,0,0,0,11,0,0,1,1,-1,6,1,51,8,1395,8,2,VOLKSWAGEN ARTEON,-1,-1,0,-1