collision_index,collision_year,collision_ref_no,vehicle_reference,vehicle_type,towing_and_articulation,vehicle_manoeuvre_historic,vehicle_manoeuvre,vehicle_direction_from,vehicle_direction_to,vehicle_location_restricted_lane_historic,vehicle_location_restricted_lane,junction_location,skidding_and_overturning,hit_object_in_carriageway,vehicle_leaving_carriageway,hit_object_off_carriageway,first_point_of_impact,vehicle_left_hand_drive,journey_purpose_of_driver_historic,journey_purpose_of_driver,sex_of_driver,age_of_driver,age_band_of_driver,engine_capacity_cc,propulsion_code,age_of_vehicle,generic_make_model,driver_imd_decile,lsoa_of_driver,escooter_flag,driver_distance_banding
2024010503164,2024,010503164,1,11,0,5,5,7,3,0,0,2,0,0,0,0,0,1,1,1,1,64,9,4500,2,8,ALEXANDER DENNIS MODEL MISSING,5,E01000995,0,1
2024302400342,2024,302400342,1,11,0,4,4,5,1,0,0,0,0,0,0,0,0,1,1,1,1,64,9,4500,2,8,ALEXANDER DENNIS MODEL MISSING,5,E01027998,0,4
2024010529057,2024,010529057,2,11,0,4,4,3,7,0,0,0,0,0,0,0,2,1,1,1,1,31,6,6700,2,5,ALEXANDER DENNIS MODEL MISSING,5,E01002344,0,2
2024010532016,2024,010532016,1,11,0,18,19,7,3,2,2,1,0,0,0,0,1,1,1,1,1,60,9,4500,2,10,ALEXANDER DENNIS MODEL MISSING,2,E01004040,0,1
2024111470237,2024,111470237,1,11,0,-1,19,1,5,-1,0,1,0,0,0,0,1,1,-1,1,1,63,9,4500,2,6,ALEXANDER DENNIS MODEL MISSING,3,E01012340,0,3
2024010506881,2024,010506881,1,11,0,4,4,1,5,0,0,1,0,0,0,0,0,1,1,1,2,48,8,4500,2,4,ALEXANDER DENNIS MODEL MISSING,3,E01003081,0,1
2024451478899,2024,451478899,2,11,0,-1,3,3,1,-1,0,0,0,0,0,0,1,1,-1,1,1,36,7,4500,2,13,ALEXANDER DENNIS MODEL MISSING,6,E01034729,0,2
2024161502009,2024,161502009,1,11,0,-1,4,3,7,-1,0,0,0,0,0,0,1,9,-1,1,1,23,5,4500,2,13,ALEXANDER DENNIS MODEL MISSING,2,E01035463,0,2
2024010519306,2024,010519306,1,11,0,18,19,5,1,0,0,0,0,0,0,0,1,1,1,1,1,51,8,4500,2,8,ALEXANDER DENNIS MODEL MISSING,2,E01003044,0,1
2024010522505,2024,010522505,1,11,0,18,19,5,1,0,0,0,0,0,0,0,4,1,6,6,1,42,7,6700,2,12,ALEXANDER DENNIS MODEL MISSING,3,E01035665,0,1
2024311430952,2024,311430952,1,11,0,-1,3,8,4,-1,2,0,0,0,0,0,0,1,-1,1,1,28,6,6700,2,4,ALEXANDER DENNIS MODEL MISSING,4,E01028165,0,2
2024311436759,2024,311436759,3,11,0,-1,19,8,4,-1,0,2,0,0,0,0,2,1,-1,1,1,48,8,6700,2,4,ALEXANDER DENNIS MODEL MISSING,7,E01027993,0,3
2024101426470,2024,101426470,2,11,0,-1,14,5,1,-1,0,0,0,0,0,0,0,1,-1,1,1,64,9,6700,2,8,ALEXANDER DENNIS MODEL MISSING,-1,-1,0,-1
2024201457774,2024,201457774,1,11,0,-1,19,5,6,-1,0,1,0,0,0,0,1,1,-1,1,1,50,8,6700,2,5,ALEXANDER DENNIS MODEL MISSING,3,E01009970,0,2
2024440167981,2024,440167981,2,11,0,18,19,1,5,0,0,8,0,0,0,0,4,1,1,1,1,-1,-1,6696,2,8,ALEXANDER DENNIS MODEL MISSING,-1,-1,0,-1
2024010493182,2024,010493182,2,11,0,2,2,0,0,2,2,0,0,0,0,0,2,1,6,6,3,-1,-1,4500,2,16,ALEXANDER DENNIS MODEL MISSING,-1,-1,0,-1
2024101513569,2024,101513569,1,11,0,-1,19,5,1,-1,0,1,0,0,0,0,1,1,-1,1,1,55,8,4461,2,11,ALEXANDER DENNIS MODEL MISSING,1,E01008609,0,1
2024440314239,2024,440314239,1,11,0,4,4,4,8,0,0,2,0,0,0,0,1,1,1,1,1,44,7,6700,2,6,ALEXANDER DENNIS MODEL MISSING,1,E01017205,0,2
2024061532875,2024,061532875,1,11,0,-1,19,1,5,-1,0,0,0,4,0,0,1,1,-1,1,1,52,8,4500,2,14,ALEXANDER DENNIS MODEL MISSING,1,E01024925,0,4
2024010500934,2024,010500934,1,11,0,18,19,3,7,0,0,4,0,0,0,0,1,1,1,1,1,52,8,4500,2,5,ALEXANDER DENNIS MODEL MISSING,3,E01003526,0,2
2024010499697,2024,010499697,1,11,0,3,3,7,3,0,0,1,0,0,0,0,0,1,1,1,2,40,7,6700,2,12,ALEXANDER DENNIS MODEL MISSING,4,E01002425,0,2
2024451452682,2024,451452682,2,11,0,-1,5,8,8,-1,0,4,0,0,0,0,1,1,-1,1,1,33,6,6700,2,14,ALEXANDER DENNIS MODEL MISSING,6,E01034728,0,1
2024010528560,2024,010528560,2,11,0,9,9,1,6,0,0,8,0,0,0,0,3,1,1,1,1,23,5,4500,2,9,ALEXANDER DENNIS MODEL MISSING,2,E01000084,0,2
2024061512222,2024,061512222,1,11,-1,-1,-1,-1,-1,-1,-1,-1,-1,-1,-1,0,-1,9,-1,1,3,-1,-1,6700,2,0,ALEXANDER DENNIS MODEL MISSING,-1,-1,0,-1
2024311461830,2024,311461830,2,11,0,-1,19,3,7,-1,0,1,0,0,0,0,0,9,-1,1,1,57,9,4500,2,6,ALEXANDER DENNIS MODEL MISSING,1,E01013920,0,1
2024991442921,2024,991442921,1,11,0,-1,19,3,7,-1,0,8,0,0,0,0,1,1,-1,6,1,31,6,6700,2,7,ALEXANDER DENNIS MODEL MISSING,4,-1,0,4
2024010522455,2024,010522455,1,11,0,99,99,9,9,99,99,0,9,99,9,99,0,9,1,1,1,46,8,6700,2,9,ALEXANDER DENNIS MODEL MISSING,4,E01002350,0,2
2024010515720,2024,010515720,1,11,0,7,7,1,4,0,0,5,0,0,0,0,1,1,1,1,1,43,7,4500,2,8,ALEXANDER DENNIS MODEL MISSING,2,E01001487,0,2
2024041505989,2024,041505989,2,11,0,-1,19,5,1,-1,0,1,0,0,0,0,3,1,-1,1,2,52,8,6700,2,7,ALEXANDER DENNIS MODEL MISSING,1,E01012745,0,1
2024010527922,2024,010527922,1,11,0,18,19,3,7,0,0,1,0,0,0,0,1,1,1,1,1,62,9,4500,2,7,ALEXANDER DENNIS MODEL MISSING,3,E01015921,0,3
2024471459204,2024,471459204,2,11,0,-1,19,1,5,-1,0,0,0,0,0,0,1,1,-1,1,2,55,8,6700,2,13,ALEXANDER DENNIS MODEL MISSING,6,E01035324,0,3
2024311406566,2024,311406566,1,11,0,-1,4,7,3,-1,0,0,0,0,0,0,0,1,-1,1,1,48,8,6700,2,1,ALEXANDER DENNIS MODEL MISSING,2,E01019469,0,2
2024311430214,2024,311430214,1,11,0,-1,19,3,7,-1,0,8,0,0,0,0,1,1,-1,1,1,74,10,6700,2,1,ALEXANDER DENNIS MODEL MISSING,2,E01027954,0,3
2024302400488,2024,302400488,1,11,0,17,19,5,2,0,0,2,0,0,0,0,0,1,1,1,2,42,7,4500,2,8,ALEXANDER DENNIS MODEL MISSING,1,E01027951,0,3
2024141475293,2024,141475293,2,11,0,-1,19,1,5,-1,0,8,0,0,0,0,1,1,-1,1,1,41,7,4500,2,5,ALEXANDER DENNIS MODEL MISSING,4,E01008019,0,3
2024010522522,2024,010522522,2,11,0,18,19,5,1,0,0,0,0,0,0,0,1,2,1,1,1,26,6,6696,2,11,ALEXANDER DENNIS MODEL MISSING,4,E01001674,0,1
2024010510487,2024,010510487,2,11,0,5,5,5,1,5,5,2,0,0,0,0,1,1,1,1,1,51,8,4500,2,6,ALEXANDER DENNIS MODEL MISSING,2,E01002784,0,3
2024010504942,2024,010504942,2,11,0,18,19,3,7,0,0,1,0,0,0,0,1,1,6,6,1,60,9,4500,2,14,ALEXANDER DENNIS MODEL MISSING,6,E01001312,0,2
2024010551297,2024,010551297,1,11,0,18,19,5,1,0,0,1,0,0,0,0,0,1,1,1,2,23,5,4500,2,7,ALEXANDER DENNIS MODEL MISSING,2,E01001460,0,1
2024010502797,2024,010502797,1,11,0,4,4,5,1,0,0,1,0,0,0,0,0,1,6,6,1,41,7,4500,2,13,ALEXANDER DENNIS MODEL MISSING,2,E01004140,0,2
2024101416395,2024,101416395,2,11,0,-1,4,7,3,-1,0,0,0,0,0,0,0,1,-1,1,1,40,7,6700,2,1,ALEXANDER DENNIS MODEL MISSING,1,E01008575,0,2
2024010507124,2024,010507124,1,11,0,9,9,1,8,0,0,5,0,0,0,0,4,1,1,1,1,45,7,4500,2,4,ALEXANDER DENNIS MODEL MISSING,3,E01034140,0,3
2024010498599,2024,010498599,1,11,0,4,4,5,1,0,0,0,0,0,0,0,4,1,6,6,2,61,9,6700,2,14,ALEXANDER DENNIS MODEL MISSING,4,E01001183,0,1
2024010527440,2024,010527440,1,11,0,3,3,7,3,0,0,1,0,0,0,0,2,1,6,6,1,49,8,4500,2,12,ALEXANDER DENNIS MODEL MISSING,3,E01004755,0,1
2024010510968,2024,010510968,1,11,0,4,4,5,1,2,2,0,0,0,0,0,0,1,1,1,2,36,7,4500,2,8,ALEXANDER DENNIS MODEL MISSING,3,E01000796,0,1
2024201471938,2024,201471938,2,11,0,-1,19,4,8,-1,0,8,0,0,0,0,3,9,-1,1,1,32,6,4500,2,13,ALEXANDER DENNIS MODEL MISSING,2,E01010452,0,1
2024461433086,2024,461433086,2,11,0,-1,19,5,1,-1,0,2,1,4,0,0,3,1,-1,1,1,51,8,4500,2,8,ALEXANDER DENNIS MODEL MISSING,8,E01024473,0,2
2024991419935,2024,991419935,2,11,0,-1,19,7,4,-1,0,0,0,0,0,0,1,1,-1,1,1,58,9,6700,2,12,ALEXANDER DENNIS MODEL MISSING,2,-1,0,1
2024010519782,2024,010519782,1,11,5,5,5,3,7,2,2,0,0,0,0,0,0,2,1,1,1,51,8,4500,2,12,ALEXANDER DENNIS MODEL MISSING,2,E01000526,0,2
2024201466540,2024,201466540,1,11,0,-1,19,7,8,-1,0,0,0,0,0,0,4,9,-1,6,2,61,9,6696,2,10,ALEXANDER DENNIS MODEL MISSING,-1,-1,0,-1
2024010547980,2024,010547980,1,11,0,12,12,1,5,2,2,6,0,0,0,0,1,1,6,6,1,67,10,4500,2,5,ALEXANDER DENNIS MODEL MISSING,2,E01024311,0,4
2024010505535,2024,010505535,2,11,0,18,19,5,1,0,0,8,0,0,0,0,4,1,1,1,1,56,9,6700,2,4,ALEXANDER DENNIS MODEL MISSING,3,E01034199,0,1
2024101485364,2024,101485364,1,11,0,-1,19,5,1,-1,0,0,0,0,0,0,1,1,-1,1,1,45,7,6700,2,8,ALEXANDER DENNIS MODEL MISSING,10,E01008321,0,1
2024552400066,2024,552400066,2,11,0,2,2,0,0,0,0,0,0,0,0,0,2,1,1,1,1,52,8,6700,2,1,ALEXANDER DENNIS MODEL MISSING,1,E01015288,0,1
2024010525117,2024,010525117,1,11,0,4,4,5,1,2,2,6,0,0,0,0,0,1,1,1,1,48,8,6700,2,12,ALEXANDER DENNIS MODEL MISSING,5,E01000375,0,2
2024101490148,2024,101490148,1,11,0,-1,20,3,7,-1,0,0,0,0,0,0,1,1,-1,1,1,58,9,6700,2,1,ALEXANDER DENNIS MODEL MISSING,3,E01008461,0,2
2024010549615,2024,010549615,2,11,1,5,5,5,1,0,0,1,0,0,0,0,1,1,1,1,2,48,8,4461,2,11,ALEXANDER DENNIS MODEL MISSING,5,E01000330,0,1
2024421490355,2024,421490355,1,11,0,-1,9,7,4,-1,0,8,0,0,0,0,1,1,-1,1,1,45,7,6700,2,7,ALEXANDER DENNIS MODEL MISSING,3,E01015869,0,4
2024311447846,2024,311447846,1,11,0,-1,19,4,1,-1,2,0,0,0,0,0,0,1,-1,1,1,62,9,6700,2,1,ALEXANDER DENNIS MODEL MISSING,6,E01027947,0,3
2024302400959,2024,302400959,1,11,0,4,4,2,8,0,0,8,0,0,0,0,0,1,1,1,1,33,6,4461,2,11,ALEXANDER DENNIS MODEL MISSING,-1,-1,0,-1
2024010516224,2024,010516224,2,11,0,99,99,9,9,99,99,9,9,99,9,99,1,9,6,6,3,27,6,4500,2,8,ALEXANDER DENNIS MODEL MISSING,3,E01002649,0,3
2024010506511,2024,010506511,1,11,0,4,4,5,1,0,0,1,0,0,0,0,0,1,1,1,1,54,8,6700,2,13,ALEXANDER DENNIS MODEL MISSING,3,E01003299,0,1
2024070602659,2024,070602659,2,11,0,9,9,5,1,0,0,6,0,0,0,0,4,1,1,1,1,65,9,4461,2,10,ALEXANDER DENNIS MODEL MISSING,6,E01012465,0,3
2024010519380,2024,010519380,1,11,0,5,5,7,3,0,0,1,0,0,0,0,4,1,1,1,2,45,7,4500,2,13,ALEXANDER DENNIS MODEL MISSING,6,E01002380,0,3
2024010529908,2024,010529908,1,11,0,5,5,0,1,0,0,0,0,0,0,0,0,1,1,1,2,23,5,4500,2,9,ALEXANDER DENNIS MODEL MISSING,2,E01001051,0,2
2024461440137,2024,461440137,2,11,0,-1,19,1,5,-1,0,0,0,0,0,0,1,9,-1,1,1,21,5,6700,2,8,ALEXANDER DENNIS MODEL MISSING,9,E01024814,0,1
2024010515928,2024,010515928,1,11,0,18,19,1,5,0,0,1,0,0,0,0,1,1,1,1,1,36,7,4500,2,8,ALEXANDER DENNIS MODEL MISSING,-1,-1,0,-1
2024302400925,2024,302400925,1,11,0,17,19,2,6,0,0,1,0,0,0,0,0,1,1,1,1,30,6,4500,2,7,ALEXANDER DENNIS MODEL MISSING,2,E01013538,0,1
2024122400664,2024,122400664,2,11,0,18,19,3,7,0,0,0,0,0,0,0,1,1,1,1,1,65,9,4461,2,10,ALEXANDER DENNIS MODEL MISSING,9,E01027589,0,4
2024010512295,2024,010512295,1,11,0,5,5,0,3,0,0,1,0,0,0,0,0,1,1,1,1,33,6,4500,2,5,ALEXANDER DENNIS MODEL MISSING,6,E01003359,0,2
2024622400739,2024,622400739,1,11,0,16,19,8,5,0,0,3,0,4,7,9,1,1,1,1,1,65,9,4461,2,11,ALEXANDER DENNIS MODEL MISSING,5,W01001759,0,1
2024361493323,2024,361493323,2,11,-1,-1,19,-1,-1,-1,0,1,0,0,0,0,4,9,-1,1,1,63,9,6696,2,11,ALEXANDER DENNIS MODEL MISSING,3,E01026639,0,1
2024010536063,2024,010536063,1,11,0,5,5,7,3,0,0,0,0,0,0,0,0,1,1,1,1,60,9,4500,2,12,ALEXANDER DENNIS MODEL MISSING,3,E01003240,0,1
2024311504394,2024,311504394,1,11,0,-1,2,1,5,-1,0,0,0,0,0,0,0,1,-1,1,1,43,7,4500,2,12,ALEXANDER DENNIS MODEL MISSING,1,E01028065,0,1
2024471453949,2024,471453949,1,11,0,-1,4,1,5,-1,0,0,0,0,0,0,0,1,-1,1,1,65,9,6700,2,0,ALEXANDER DENNIS MODEL MISSING,9,E01021083,0,2
2024231509535,2024,231509535,2,11,0,-1,19,7,3,-1,0,0,0,0,0,0,1,1,-1,1,1,51,8,4461,2,11,ALEXANDER DENNIS MODEL MISSING,9,E01031328,0,2
2024302400713,2024,302400713,2,11,0,4,4,8,4,0,0,8,0,0,1,0,4,1,6,6,1,44,7,4461,2,11,ALEXANDER DENNIS MODEL MISSING,6,E01019719,0,3
2024010518853,2024,010518853,1,11,0,5,5,1,5,2,2,1,0,0,0,0,0,1,1,1,1,31,6,4500,2,9,ALEXANDER DENNIS MODEL MISSING,7,E01004173,0,2
2024991420397,2024,991420397,1,11,0,-1,4,7,3,-1,9,2,0,0,3,11,1,1,-1,1,1,45,7,4500,2,14,ALEXANDER DENNIS MODEL MISSING,3,-1,0,3
2024010507784,2024,010507784,1,11,0,18,19,1,5,0,0,0,0,0,0,0,0,1,1,1,1,58,9,4500,2,13,ALEXANDER DENNIS MODEL MISSING,7,E01016217,0,4
2024131529619,2024,131529619,1,11,0,-1,2,7,3,-1,0,0,0,0,0,0,0,1,-1,1,1,58,9,6700,2,12,ALEXANDER DENNIS MODEL MISSING,2,E01010929,0,1
2024332400100,2024,332400100,1,11,0,-1,4,5,1,-1,0,0,0,0,0,0,0,1,-1,1,1,36,7,6700,2,4,ALEXANDER DENNIS MODEL MISSING,10,E01028389,0,3
2024010505217,2024,010505217,1,11,0,5,5,0,1,0,0,0,0,0,0,0,3,1,1,1,1,51,8,6700,2,6,ALEXANDER DENNIS MODEL MISSING,2,E01003189,0,2
2024552500043,2024,552500043,1,11,0,4,4,4,8,0,0,0,0,0,0,0,0,1,1,1,1,48,8,6700,2,5,ALEXANDER DENNIS MODEL MISSING,6,E01015286,0,2
2024371537105,2024,371537105,1,11,0,-1,19,5,1,-1,0,0,0,0,0,0,4,1,-1,1,1,29,6,6696,2,11,ALEXANDER DENNIS MODEL MISSING,2,E01030032,0,1
2024010531127,2024,010531127,1,11,0,9,9,5,3,0,0,6,0,0,0,0,1,1,6,6,2,47,8,4500,2,13,ALEXANDER DENNIS MODEL MISSING,1,E01001442,0,3
2024421489908,2024,421489908,1,11,0,-1,19,3,7,-1,0,0,0,0,0,0,1,1,-1,1,1,56,9,4500,2,2,ALEXANDER DENNIS MODEL MISSING,5,E01021890,0,3
2024010525038,2024,010525038,1,11,0,5,5,3,7,0,0,1,0,0,0,0,0,1,1,1,2,50,8,6700,2,12,ALEXANDER DENNIS MODEL MISSING,3,E01003299,0,2
2024010537182,2024,010537182,1,11,9,4,4,1,5,99,99,9,9,99,9,99,9,1,1,1,1,56,9,4500,2,6,ALEXANDER DENNIS MODEL MISSING,5,E01003645,0,3
2024010519926,2024,010519926,1,11,0,9,9,5,4,3,2,6,0,0,0,0,0,1,1,1,1,44,7,6700,2,6,ALEXANDER DENNIS MODEL MISSING,5,E01035689,0,1
2024061423199,2024,061423199,2,11,0,-1,5,-1,-1,-1,0,6,0,0,0,0,1,1,-1,1,1,-1,-1,4461,2,7,ALEXANDER DENNIS MODEL MISSING,1,E01004850,0,1
2024101520936,2024,101520936,2,11,0,-1,5,7,3,-1,0,6,0,0,0,0,0,9,-1,1,1,40,7,6700,2,1,ALEXANDER DENNIS MODEL MISSING,2,E01008571,0,2
2024311460314,2024,311460314,1,11,0,-1,19,-1,-1,-1,0,-1,0,0,0,0,0,9,-1,1,1,56,9,6700,2,1,ALEXANDER DENNIS MODEL MISSING,2,E01033392,0,1
2024131410350,2024,131410350,2,11,0,-1,3,3,4,-1,0,0,0,0,0,0,2,1,-1,1,1,56,9,4500,2,3,ALEXANDER DENNIS MODEL MISSING,2,E01011726,0,2
2024440325383,2024,440325383,2,11,0,18,19,5,3,0,0,1,0,0,0,0,1,1,1,1,3,-1,-1,6700,2,0,ALEXANDER DENNIS MODEL MISSING,-1,-1,0,-1
2024010498352,2024,010498352,1,11,0,5,5,3,7,2,2,1,0,0,0,0,0,1,1,1,1,62,9,4500,2,6,ALEXANDER DENNIS MODEL MISSING,3,E01003319,0,2
2024041414030,2024,041414030,1,11,0,-1,4,7,3,-1,2,1,0,0,0,0,1,1,-1,9,1,62,9,6696,2,10,ALEXANDER DENNIS MODEL MISSING,2,E01033223,0,1
2024010515327,2024,010515327,1,11,0,9,9,3,1,0,0,6,0,0,0,0,4,1,6,6,1,57,9,6700,2,12,ALEXANDER DENNIS MODEL MISSING,4,E01021779,0,3
2024481472421,2024,481472421,1,11,0,-1,19,3,7,-1,0,0,0,0,0,0,4,1,-1,1,1,56,9,4500,2,8,ALEXANDER DENNIS MODEL MISSING,-1,-1,0,-1
2024311431422,2024,311431422,1,11,0,-1,19,1,5,-1,0,4,0,0,0,0,0,1,-1,1,1,29,6,4500,2,8,ALEXANDER DENNIS MODEL MISSING,5,E01019456,0,3
2024122401297,2024,122401297,1,11,0,18,19,7,3,0,0,8,0,0,0,0,0,1,1,1,1,49,8,4500,2,3,ALEXANDER DENNIS MODEL MISSING,3,E01012999,0,4
2024610022824,2024,610022824,1,11,0,4,4,5,1,0,0,1,0,0,0,0,1,1,1,1,1,34,6,6700,2,14,ALEXANDER DENNIS MODEL MISSING,9,W01001653,0,2
2024010543746,2024,010543746,1,11,0,9,9,3,1,0,0,6,0,0,0,0,1,1,1,1,1,40,7,4500,2,6,ALEXANDER DENNIS MODEL MISSING,1,E01009080,0,5
2024161469562,2024,161469562,1,11,0,-1,19,8,4,-1,0,8,0,0,0,0,0,9,-1,6,3,-1,-1,6700,2,5,ALEXANDER DENNIS MODEL MISSING,-1,-1,0,-1
2024471481130,2024,471481130,1,11,0,-1,5,5,3,-1,0,8,0,0,0,0,0,1,-1,1,2,55,8,4500,2,4,ALEXANDER DENNIS MODEL MISSING,3,E01016873,0,1
2024421488815,2024,421488815,1,11,0,-1,19,1,5,-1,0,1,0,0,0,0,1,1,-1,1,1,35,6,6700,2,12,ALEXANDER DENNIS MODEL MISSING,10,E01021559,0,1
2024010532983,2024,010532983,2,11,9,99,99,9,9,99,99,9,9,99,9,99,9,1,6,6,3,-1,-1,4500,2,15,ALEXANDER DENNIS MODEL MISSING,-1,-1,0,-1
2024451534601,2024,451534601,2,11,0,-1,19,3,7,-1,0,0,0,0,0,0,1,2,-1,1,3,30,6,4500,2,0,ALEXANDER DENNIS MODEL MISSING,-1,-1,0,-1
2024010519386,2024,010519386,1,11,0,99,99,9,9,99,99,9,9,99,9,99,1,9,6,6,1,27,6,4500,2,12,ALEXANDER DENNIS MODEL MISSING,2,E01001320,0,1
2024010501179,2024,010501179,1,11,0,16,19,7,3,0,0,3,0,0,0,0,0,1,1,1,1,36,7,6700,2,4,ALEXANDER DENNIS MODEL MISSING,5,E01002492,0,1
2024031512304,2024,031512304,1,11,0,-1,19,3,8,-1,0,0,0,0,0,0,1,1,-1,1,1,52,8,6700,2,13,ALEXANDER DENNIS MODEL MISSING,2,E01019206,0,1
2024052401651,2024,052401651,2,11,0,18,19,7,3,0,0,0,0,0,0,0,3,1,1,1,1,48,8,6696,2,9,ALEXANDER DENNIS MODEL MISSING,1,E01006648,0,2
2024010503806,2024,010503806,1,11,0,99,99,9,9,99,99,0,9,99,9,99,9,9,1,1,1,66,10,6700,2,8,ALEXANDER DENNIS MODEL MISSING,1,E01001545,0,3
2024052401628,2024,052401628,1,11,0,18,19,5,1,0,0,1,0,0,0,0,1,1,1,1,1,46,8,6696,2,9,ALEXANDER DENNIS MODEL MISSING,2,E01006588,0,1
2024010544622,2024,010544622,2,11,0,99,99,9,9,99,99,9,9,99,9,99,9,9,6,6,3,65,9,6700,2,15,ALEXANDER DENNIS MODEL MISSING,3,E01016005,0,4
2024010518962,2024,010518962,1,11,0,4,4,3,7,3,2,0,0,0,0,0,2,1,1,1,1,56,9,4500,2,9,ALEXANDER DENNIS MODEL MISSING,6,E01003398,0,1
2024052400171,2024,052400171,1,11,0,18,19,5,1,0,0,0,0,0,0,0,2,1,1,1,3,-1,-1,6696,2,9,ALEXANDER DENNIS MODEL MISSING,-1,-1,0,-1
2024332400340,2024,332400340,2,11,0,-1,19,6,2,-1,0,1,0,0,0,0,1,1,-1,1,1,45,7,6700,2,15,ALEXANDER DENNIS MODEL MISSING,3,E01025997,0,2
2024131463845,2024,131463845,1,11,0,-1,19,5,1,-1,0,0,0,0,0,0,1,1,-1,1,1,26,6,6696,2,9,ALEXANDER DENNIS MODEL MISSING,3,E01010791,0,3
2024311490418,2024,311490418,1,11,0,-1,2,0,0,-1,2,2,0,0,0,0,0,1,-1,1,1,38,7,6700,2,7,ALEXANDER DENNIS MODEL MISSING,5,E01019439,0,4
2024010515208,2024,010515208,2,11,0,99,99,9,9,99,99,9,9,99,9,99,0,9,6,6,3,-1,-1,6700,2,13,ALEXANDER DENNIS MODEL MISSING,-1,-1,0,-1
2024991485612,2024,991485612,1,11,0,-1,19,2,6,-1,0,0,0,0,0,0,4,1,-1,1,1,31,6,4500,2,13,ALEXANDER DENNIS MODEL MISSING,-1,-1,0,-1
2024522401224,2024,522401224,1,11,0,5,5,2,6,0,0,1,0,0,0,0,3,1,1,1,1,58,9,6700,2,8,ALEXANDER DENNIS MODEL MISSING,2,E01014977,0,1
2024010521717,2024,010521717,1,11,0,99,99,9,9,99,99,0,9,99,9,99,1,9,6,6,1,44,7,6700,2,15,ALEXANDER DENNIS MODEL MISSING,6,E01001040,0,3
2024991463105,2024,991463105,1,11,0,-1,19,3,7,-1,0,8,0,0,0,0,1,1,-1,1,1,34,6,6700,2,12,ALEXANDER DENNIS MODEL MISSING,6,-1,0,4
2024161484094,2024,161484094,1,11,0,-1,7,2,4,-1,0,8,0,0,0,0,4,9,-1,1,1,-1,-1,4500,2,7,ALEXANDER DENNIS MODEL MISSING,-1,-1,0,-1
2024320365656,2024,320365656,1,11,0,-1,-1,2,8,0,0,4,0,0,0,0,1,1,1,1,1,40,7,6700,2,17,ALEXANDER DENNIS MODEL MISSING,8,E01026238,0,2
2024061514182,2024,061514182,2,11,0,-1,2,2,6,-1,0,0,0,0,1,0,2,1,-1,1,1,42,7,6700,2,4,ALEXANDER DENNIS MODEL MISSING,3,E01005481,0,3
2024010497279,2024,010497279,1,11,0,5,5,3,7,0,0,8,0,0,0,0,4,1,6,6,3,-1,-1,6700,2,14,ALEXANDER DENNIS MODEL MISSING,-1,-1,0,-1
2024010538271,2024,010538271,2,11,0,18,19,4,8,0,0,1,0,0,0,0,1,1,6,6,1,39,7,4500,2,5,ALEXANDER DENNIS MODEL MISSING,4,E01004038,0,2
2024010528254,2024,010528254,1,11,0,16,19,2,6,0,0,1,0,0,0,0,0,1,1,1,1,59,9,4461,2,11,ALEXANDER DENNIS MODEL MISSING,3,E01000731,0,2
2024052400793,2024,052400793,1,11,0,18,19,5,1,0,0,0,0,0,0,0,4,1,1,1,1,63,9,6696,2,9,ALEXANDER DENNIS MODEL MISSING,2,E01006656,0,1
2024211443663,2024,211443663,1,11,0,-1,3,3,6,-1,0,0,0,0,0,0,0,1,-1,1,1,51,8,4461,2,6,ALEXANDER DENNIS MODEL MISSING,2,E01029717,0,4
2024440502034,2024,440502034,1,11,0,18,19,7,3,0,0,0,0,0,0,0,3,1,1,1,1,63,9,8300,2,17,ALEXANDER DENNIS MODEL MISSING,4,E01023154,0,2
2024061432396,2024,061432396,2,11,0,-1,19,1,5,-1,0,1,0,0,0,0,1,1,-1,1,2,53,8,6700,2,16,ALEXANDER DENNIS MODEL MISSING,-1,-1,0,-1
2024531425130,2024,531425130,1,11,0,-1,19,3,7,-1,0,0,0,0,0,0,1,1,-1,1,1,51,8,6700,2,8,ALEXANDER DENNIS MODEL MISSING,3,E01022121,0,1
2024543659624,2024,543659624,1,11,0,4,4,7,3,0,0,1,0,0,3,10,1,1,1,1,1,58,9,3900,2,18,ALEXANDER DENNIS MODEL MISSING,8,E01015498,0,1