collision_index,collision_year,collision_ref_no,vehicle_reference,vehicle_type,towing_and_articulation,vehicle_manoeuvre_historic,vehicle_manoeuvre,vehicle_direction_from,vehicle_direction_to,vehicle_location_restricted_lane_historic,vehicle_location_restricted_lane,junction_location,skidding_and_overturning,hit_object_in_carriageway,vehicle_leaving_carriageway,hit_object_off_carriageway,first_point_of_impact,vehicle_left_hand_drive,journey_purpose_of_driver_historic,journey_purpose_of_driver,sex_of_driver,age_of_driver,age_band_of_driver,engine_capacity_cc,propulsion_code,age_of_vehicle,generic_make_model,driver_imd_decile,lsoa_of_driver,escooter_flag,driver_distance_banding
2024131481521,2024,131481521,1,11,0,-1,19,1,5,-1,0,8,0,0,0,0,1,1,-1,1,1,60,9,4500,2,4,ALEXANDER DENNIS MODEL MISSING,1,E01007402,0,3
2024141491477,2024,141491477,1,11,0,-1,19,1,5,-1,0,1,0,0,1,0,0,1,-1,1,1,64,9,6700,2,16,ALEXANDER DENNIS MODEL MISSING,1,E01007492,0,4
2024471486776,2024,471486776,1,11,0,-1,5,1,5,-1,0,0,0,0,0,0,0,1,-1,9,1,42,7,4500,2,4,ALEXANDER DENNIS MODEL MISSING,1,E01016865,0,2
2024010547937,2024,010547937,1,11,0,4,4,1,5,0,0,2,0,0,0,0,0,1,1,1,2,29,6,4500,2,8,ALEXANDER DENNIS MODEL MISSING,3,E01004004,0,1
2024471517850,2024,471517850,1,11,0,-1,19,7,5,-1,2,1,0,0,0,0,1,1,-1,1,2,63,9,6700,2,0,ALEXANDER DENNIS MODEL MISSING,6,E01016994,0,4
2024010531663,2024,010531663,1,11,0,18,19,5,1,0,0,1,0,0,0,0,1,1,1,1,1,42,7,4500,2,9,ALEXANDER DENNIS MODEL MISSING,6,E01000847,0,1
2024010531935,2024,010531935,1,11,0,4,4,1,5,2,2,1,0,0,0,0,0,1,1,1,1,65,9,4500,2,6,ALEXANDER DENNIS MODEL MISSING,3,E01030362,0,2
2024131503618,2024,131503618,2,11,0,-1,19,6,8,-1,0,2,0,0,0,0,0,1,-1,1,1,32,6,4500,2,17,ALEXANDER DENNIS MODEL MISSING,5,E01011765,0,2
2024211417874,2024,211417874,1,11,0,-1,14,5,1,-1,0,0,0,0,0,0,1,1,-1,1,1,62,9,4461,2,11,ALEXANDER DENNIS MODEL MISSING,-1,-1,0,-1
202417L503124,2024,17L503124,1,11,0,17,19,3,7,0,0,0,0,0,0,0,3,1,1,1,1,65,9,6700,2,5,ALEXANDER DENNIS MODEL MISSING,-1,-1,0,-1
2024010517630,2024,010517630,3,11,0,18,19,5,1,0,0,0,0,0,0,0,2,1,1,1,1,60,9,4500,2,12,ALEXANDER DENNIS MODEL MISSING,-1,-1,0,-1
2024311415574,2024,311415574,1,11,0,-1,5,3,7,-1,2,0,0,0,0,0,1,1,-1,1,3,-1,-1,6700,2,1,ALEXANDER DENNIS MODEL MISSING,-1,-1,0,-1
2024010547365,2024,010547365,1,11,0,99,99,9,9,0,0,1,0,0,0,0,1,1,1,1,3,64,9,4500,2,4,ALEXANDER DENNIS MODEL MISSING,7,E01003001,0,1
2024440370129,2024,440370129,2,11,0,18,19,5,1,0,0,0,0,0,0,0,1,1,1,1,1,64,9,6700,2,6,ALEXANDER DENNIS MODEL MISSING,6,E01017300,0,3
2024340NN3742,2024,340NN3742,1,11,0,-1,4,1,5,-1,0,0,0,0,0,0,1,1,-1,1,3,-1,-1,8300,2,18,ALEXANDER DENNIS MODEL MISSING,-1,-1,0,-1
2024010511791,2024,010511791,1,11,0,4,4,2,6,0,0,1,0,0,0,0,0,1,1,1,1,66,10,4500,2,12,ALEXANDER DENNIS MODEL MISSING,2,E01035710,0,1
2024010530153,2024,010530153,1,11,0,18,19,5,1,0,0,2,0,0,0,0,0,1,1,1,1,70,10,6700,2,12,ALEXANDER DENNIS MODEL MISSING,5,E01002004,0,1
2024010531351,2024,010531351,2,11,0,10,10,5,3,0,0,1,0,0,0,0,1,1,1,1,1,58,9,4500,2,6,ALEXANDER DENNIS MODEL MISSING,3,E01003015,0,1
2024061426556,2024,061426556,1,11,0,-1,19,5,1,-1,0,1,0,0,0,0,3,1,-1,1,1,25,5,6700,2,1,ALEXANDER DENNIS MODEL MISSING,-1,-1,0,-1
2024010530789,2024,010530789,3,11,0,14,14,5,1,0,0,0,0,0,0,0,4,1,1,1,1,38,7,4500,2,6,ALEXANDER DENNIS MODEL MISSING,9,E01023895,0,4
2024010534507,2024,010534507,2,11,0,18,19,3,7,0,0,5,0,0,0,0,1,1,1,1,1,26,6,4500,2,13,ALEXANDER DENNIS MODEL MISSING,3,E01003193,0,1
2024201527274,2024,201527274,1,11,0,-1,19,2,5,-1,0,4,0,0,0,0,2,1,-1,1,1,35,6,6700,2,13,ALEXANDER DENNIS MODEL MISSING,8,E01010487,0,3
2024451478899,2024,451478899,3,11,0,-1,3,1,3,-1,0,0,0,0,0,0,0,1,-1,1,1,54,8,4500,2,12,ALEXANDER DENNIS MODEL MISSING,6,E01034290,0,4
2024010487439,2024,010487439,1,11,0,18,19,7,3,0,0,0,1,0,0,0,1,1,1,1,1,58,9,4500,2,7,ALEXANDER DENNIS MODEL MISSING,1,E01001761,0,1
2024010512371,2024,010512371,1,11,0,4,4,1,5,2,2,0,0,0,0,0,0,1,1,1,1,48,8,6700,2,12,ALEXANDER DENNIS MODEL MISSING,1,E01000521,0,1
2024010520413,2024,010520413,1,11,0,18,19,6,2,0,0,1,0,0,0,0,0,1,1,1,1,45,7,4461,2,11,ALEXANDER DENNIS MODEL MISSING,7,E01003152,0,3
2024010514999,2024,010514999,1,11,0,18,19,1,5,0,0,0,0,0,0,0,0,1,1,1,1,58,9,6700,2,12,ALEXANDER DENNIS MODEL MISSING,2,E01001625,0,1
2024421431728,2024,421431728,2,11,0,-1,14,1,3,-1,0,0,0,0,0,0,3,1,-1,1,2,54,8,4461,2,8,ALEXANDER DENNIS MODEL MISSING,4,E01021984,0,4
2024061401818,2024,061401818,2,11,0,-1,19,8,4,-1,2,0,0,0,0,0,1,1,-1,1,1,46,8,6700,2,4,ALEXANDER DENNIS MODEL MISSING,5,E01012541,0,4
2024010535618,2024,010535618,1,11,0,18,19,5,1,0,0,1,0,0,0,0,1,1,1,1,1,60,9,4500,2,6,ALEXANDER DENNIS MODEL MISSING,5,E01003684,0,2
2024471411678,2024,471411678,1,11,0,-1,5,7,3,-1,0,0,0,0,0,0,0,1,-1,1,1,-1,-1,4500,2,5,ALEXANDER DENNIS MODEL MISSING,3,E01031348,0,1
2024010505004,2024,010505004,1,11,0,4,4,3,7,0,0,1,0,0,0,0,0,1,1,1,1,47,8,4500,2,14,ALEXANDER DENNIS MODEL MISSING,6,E01024432,0,3
2024041510673,2024,041510673,1,11,0,-1,19,6,2,-1,0,0,0,0,0,0,4,1,-1,1,2,65,9,4500,2,3,ALEXANDER DENNIS MODEL MISSING,1,E01025382,0,3
2024622400430,2024,622400430,1,11,0,4,4,6,2,0,0,0,0,0,0,0,0,1,1,1,1,40,7,6700,2,8,ALEXANDER DENNIS MODEL MISSING,3,W01001235,0,2
2024010506931,2024,010506931,1,11,0,18,19,5,1,0,0,1,0,0,0,0,0,1,1,1,1,41,7,4500,2,15,ALEXANDER DENNIS MODEL MISSING,3,E01034608,0,2
2024061398654,2024,061398654,1,11,0,-1,4,4,8,-1,0,0,0,0,0,0,1,1,-1,1,1,47,8,6700,2,4,ALEXANDER DENNIS MODEL MISSING,2,E01005652,0,3
2024010536097,2024,010536097,1,11,0,4,4,3,7,0,0,0,0,0,0,0,0,1,1,1,2,53,8,4500,2,10,ALEXANDER DENNIS MODEL MISSING,-1,-1,0,-1
2024010506453,2024,010506453,1,11,0,18,19,1,5,0,0,1,0,0,0,0,0,1,1,1,1,49,8,6700,2,13,ALEXANDER DENNIS MODEL MISSING,7,E01004566,0,3
2024131493603,2024,131493603,2,11,0,-1,3,7,3,-1,0,0,0,0,0,0,1,1,-1,1,1,56,9,6696,2,10,ALEXANDER DENNIS MODEL MISSING,1,E01034583,0,1
2024201436750,2024,201436750,1,11,0,-1,19,8,4,-1,0,0,0,4,0,0,4,1,-1,1,1,47,8,6700,2,5,ALEXANDER DENNIS MODEL MISSING,1,E01008941,0,1
2024052402433,2024,052402433,2,11,0,17,19,7,5,0,0,1,0,0,0,0,1,1,1,1,1,52,8,6696,2,9,ALEXANDER DENNIS MODEL MISSING,4,E01012394,0,3
2024010525501,2024,010525501,1,11,0,18,19,7,3,0,0,8,0,0,0,0,4,1,1,1,1,31,6,4500,2,8,ALEXANDER DENNIS MODEL MISSING,9,E01001916,0,2
2024010539922,2024,010539922,1,11,0,9,9,3,2,0,0,8,0,0,0,0,3,1,1,1,1,56,9,4500,2,14,ALEXANDER DENNIS MODEL MISSING,2,E01001052,0,2
2024141534598,2024,141534598,1,11,0,-1,19,1,5,-1,2,0,0,0,0,0,3,1,-1,1,1,54,8,6700,2,15,ALEXANDER DENNIS MODEL MISSING,5,E01008139,0,2
2024311450416,2024,311450416,2,11,0,-1,19,4,8,-1,0,0,0,0,0,0,0,9,-1,1,1,61,9,6700,2,4,ALEXANDER DENNIS MODEL MISSING,-1,-1,0,-1
2024161458916,2024,161458916,1,11,0,-1,19,5,1,-1,0,1,0,0,0,0,1,1,-1,1,1,41,7,6700,2,5,ALEXANDER DENNIS MODEL MISSING,5,E01012796,0,1
2024161425092,2024,161425092,1,11,0,-1,19,3,7,-1,0,2,0,0,0,0,4,1,-1,1,2,28,6,4500,2,13,ALEXANDER DENNIS MODEL MISSING,1,E01012874,0,2
2024101535369,2024,101535369,1,11,0,-1,19,3,7,-1,0,8,0,0,0,0,1,1,-1,1,1,55,8,6700,2,1,ALEXANDER DENNIS MODEL MISSING,3,E01027537,0,4
2024131421116,2024,131421116,1,11,0,-1,19,1,5,-1,0,1,0,0,0,0,1,1,-1,1,1,55,8,6700,2,7,ALEXANDER DENNIS MODEL MISSING,4,E01034262,0,3
2024010527615,2024,010527615,2,11,0,18,19,4,8,0,0,1,0,0,0,0,1,1,1,1,2,40,7,4500,2,12,ALEXANDER DENNIS MODEL MISSING,2,E01004007,0,1
2024010487413,2024,010487413,1,11,0,18,19,5,1,2,2,1,0,0,0,0,0,1,1,1,2,23,5,6700,2,6,ALEXANDER DENNIS MODEL MISSING,4,E01003054,0,2
2024010504304,2024,010504304,2,11,0,99,99,9,9,99,99,9,9,99,9,99,2,9,6,6,3,30,6,4500,2,12,ALEXANDER DENNIS MODEL MISSING,6,E01003459,0,1
2024010551394,2024,010551394,1,11,0,9,9,1,7,0,0,2,0,0,0,0,4,1,1,1,1,37,7,6700,2,6,ALEXANDER DENNIS MODEL MISSING,2,E01004301,0,1
2024010506413,2024,010506413,1,11,0,18,19,2,6,0,0,8,0,0,0,0,1,1,1,1,1,61,9,4461,2,11,ALEXANDER DENNIS MODEL MISSING,-1,-1,0,-1
2024161440692,2024,161440692,2,11,0,-1,2,5,1,-1,0,2,0,0,0,0,0,1,-1,1,1,58,9,6700,2,5,ALEXANDER DENNIS MODEL MISSING,1,E01012834,0,2
2024070632619,2024,070632619,1,11,0,9,9,1,3,9,9,1,0,0,0,0,1,1,1,1,1,68,10,6700,2,15,ALEXANDER DENNIS MODEL MISSING,1,E01018310,0,1
2024010488486,2024,010488486,1,11,2,4,4,1,5,2,2,0,0,0,0,0,0,1,1,1,1,55,8,4500,2,12,ALEXANDER DENNIS MODEL MISSING,6,E01001091,0,2
2024061505812,2024,061505812,2,11,0,-1,19,5,5,-1,0,0,0,0,0,0,1,1,-1,1,1,47,8,4500,2,0,ALEXANDER DENNIS MODEL MISSING,7,E01005597,0,4
2024052401210,2024,052401210,2,11,0,18,19,6,2,0,0,1,0,0,0,0,0,1,1,1,1,48,8,6696,2,10,ALEXANDER DENNIS MODEL MISSING,-1,-1,0,-1
2024010515796,2024,010515796,1,11,9,18,19,7,3,0,0,0,0,0,0,0,3,1,1,1,3,24,5,6700,2,15,ALEXANDER DENNIS MODEL MISSING,4,E01002098,0,4
2024071060212,2024,071060212,1,11,0,-1,19,7,3,-1,0,0,0,4,0,0,1,1,-1,1,1,73,10,4461,2,10,ALEXANDER DENNIS MODEL MISSING,2,E01012545,0,2
2024141499595,2024,141499595,2,11,0,-1,19,5,2,-1,0,1,0,0,0,0,1,1,-1,7,2,30,6,6700,2,8,ALEXANDER DENNIS MODEL MISSING,3,E01011871,0,2
202417H105224,2024,17H105224,1,11,0,-1,19,4,8,-1,0,1,0,0,0,0,0,1,-1,1,1,45,7,4461,2,9,ALEXANDER DENNIS MODEL MISSING,1,E01011950,0,1
2024201513036,2024,201513036,2,11,0,-1,7,2,4,-1,0,6,0,0,0,0,3,1,-1,6,1,61,9,4500,2,9,ALEXANDER DENNIS MODEL MISSING,1,E01009363,0,1
2024340WN6962,2024,340WN6962,3,11,0,-1,19,5,1,-1,0,0,0,0,0,0,2,1,-1,6,1,49,8,6700,2,8,ALEXANDER DENNIS MODEL MISSING,8,E01032966,0,4
2024411415339,2024,411415339,1,11,0,-1,2,0,0,-1,0,1,0,0,0,0,2,1,-1,1,1,61,9,4500,2,14,ALEXANDER DENNIS MODEL MISSING,4,E01033834,0,3
2024010531336,2024,010531336,6,11,0,3,3,4,8,0,0,0,0,0,0,0,2,1,6,6,1,44,7,4500,2,15,ALEXANDER DENNIS MODEL MISSING,4,E01000497,0,1
2024010516908,2024,010516908,2,11,0,18,19,5,1,0,0,2,0,0,0,0,1,1,6,6,1,57,9,4500,2,5,ALEXANDER DENNIS MODEL MISSING,8,E01000883,0,3
2024010536075,2024,010536075,1,11,0,4,4,1,5,2,2,0,0,0,0,0,0,1,1,1,2,48,8,4500,2,4,ALEXANDER DENNIS MODEL MISSING,3,E01004012,0,2
2024451402059,2024,451402059,2,11,0,-1,19,1,3,-1,0,8,0,0,0,0,1,9,-1,1,1,55,8,4500,2,1,ALEXANDER DENNIS MODEL MISSING,7,E01016728,0,4
2024010538293,2024,010538293,1,11,0,9,9,5,2,0,0,1,0,0,0,0,1,1,1,1,1,54,8,4500,2,12,ALEXANDER DENNIS MODEL MISSING,4,E01004536,0,2
2024010523649,2024,010523649,1,11,0,4,4,1,5,0,0,1,0,0,0,0,0,1,1,1,1,61,9,4500,2,15,ALEXANDER DENNIS MODEL MISSING,6,E01000486,0,1
2024010541989,2024,010541989,1,11,0,18,19,6,2,0,0,0,0,0,0,0,1,1,1,1,2,43,7,4500,2,14,ALEXANDER DENNIS MODEL MISSING,9,E01000451,0,1
2024010517215,2024,010517215,1,11,0,14,14,7,3,0,0,1,0,0,0,0,1,1,1,1,1,51,8,4500,2,6,ALEXANDER DENNIS MODEL MISSING,5,E01004523,0,2
2024010538051,2024,010538051,1,11,0,4,4,5,1,0,0,0,0,0,0,0,1,1,1,1,1,39,7,6700,2,6,ALEXANDER DENNIS MODEL MISSING,3,E01004322,0,1
2024010533054,2024,010533054,1,11,0,4,4,7,3,0,0,0,0,0,0,0,2,1,1,1,1,59,9,4500,2,14,ALEXANDER DENNIS MODEL MISSING,2,E01002227,0,3
2024010546434,2024,010546434,1,11,0,18,19,3,7,0,0,1,0,0,0,0,0,1,1,1,1,58,9,6700,2,13,ALEXANDER DENNIS MODEL MISSING,2,E01000015,0,2
2024440313399,2024,440313399,1,11,0,18,19,5,1,0,0,0,0,0,0,0,1,1,1,1,1,65,9,6700,2,8,ALEXANDER DENNIS MODEL MISSING,8,E01022871,0,2
2024010547527,2024,010547527,1,11,0,18,19,7,3,0,0,0,0,0,0,0,0,1,1,1,1,41,7,4500,2,5,ALEXANDER DENNIS MODEL MISSING,3,E01016014,0,3
2024010514544,2024,010514544,2,11,0,13,13,9,9,99,99,9,9,99,9,99,9,9,6,6,3,63,9,4500,2,10,ALEXANDER DENNIS MODEL MISSING,8,E01001596,0,2
2024010532161,2024,010532161,1,11,0,4,4,3,7,0,0,0,0,0,0,0,0,1,1,1,1,30,6,4500,2,8,ALEXANDER DENNIS MODEL MISSING,5,E01001041,0,2
2024991469372,2024,991469372,2,11,0,-1,19,7,3,-1,0,0,0,0,0,0,1,1,-1,1,1,65,9,4461,2,9,ALEXANDER DENNIS MODEL MISSING,4,-1,0,1
2024451407798,2024,451407798,1,11,0,-1,19,6,2,-1,0,0,0,0,0,0,1,1,-1,1,1,50,8,5883,2,18,ALEXANDER DENNIS MODEL MISSING,8,E01021209,0,4
2024010511864,2024,010511864,1,11,0,18,19,1,5,0,0,2,0,0,0,0,1,1,1,1,1,62,9,6700,2,7,ALEXANDER DENNIS MODEL MISSING,5,E01002167,0,3
2024501478855,2024,501478855,1,11,0,-1,3,7,3,-1,0,8,0,0,0,0,2,9,-1,6,1,-1,-1,4500,2,4,ALEXANDER DENNIS MODEL MISSING,-1,-1,0,-1
2024010489787,2024,010489787,1,11,0,18,19,3,7,0,0,1,0,0,0,0,1,1,2,2,1,62,9,6700,2,13,ALEXANDER DENNIS MODEL MISSING,2,E01000075,0,1
2024010532183,2024,010532183,1,11,0,3,3,3,7,2,2,0,0,0,0,0,2,1,1,1,1,45,7,4500,2,8,ALEXANDER DENNIS MODEL MISSING,4,E01004571,0,2
2024520500082,2024,520500082,1,11,0,18,19,1,5,0,0,0,0,11,0,0,1,1,1,1,1,53,8,6700,2,12,ALEXANDER DENNIS MODEL MISSING,8,E01029210,0,3
2024461479042,2024,461479042,1,11,0,-1,5,4,8,-1,2,0,0,0,0,0,4,9,-1,6,1,66,10,4500,2,15,ALEXANDER DENNIS MODEL MISSING,7,E01024405,0,3
2024010499594,2024,010499594,1,11,0,3,3,1,5,0,0,4,0,0,0,0,0,1,1,1,1,35,6,4500,2,14,ALEXANDER DENNIS MODEL MISSING,6,E01004682,0,2
2024440512791,2024,440512791,2,11,0,18,19,6,2,0,0,1,0,0,0,0,1,1,1,1,1,21,5,4500,2,9,ALEXANDER DENNIS MODEL MISSING,10,E01023287,0,2
2024010522324,2024,010522324,2,11,0,3,3,6,2,2,2,0,0,0,0,0,2,1,1,1,1,55,8,4500,2,7,ALEXANDER DENNIS MODEL MISSING,-1,-1,0,-1
2024010528544,2024,010528544,2,11,0,18,19,5,1,0,0,1,0,0,0,0,1,1,1,1,1,41,7,4500,2,7,ALEXANDER DENNIS MODEL MISSING,5,E01003683,0,1
2024622400807,2024,622400807,1,11,0,18,19,3,8,0,0,0,0,0,0,0,1,1,1,1,3,-1,-1,6700,2,8,ALEXANDER DENNIS MODEL MISSING,-1,-1,0,-1
2024991472649,2024,991472649,3,11,0,-1,10,1,7,-1,0,1,0,0,0,0,1,1,-1,1,1,55,8,6700,2,1,ALEXANDER DENNIS MODEL MISSING,7,-1,0,4
2024010512353,2024,010512353,1,11,0,18,19,5,1,2,2,1,0,0,0,0,1,1,6,6,1,22,5,6700,2,14,ALEXANDER DENNIS MODEL MISSING,4,E01003113,0,1
2024471530314,2024,471530314,1,11,0,-1,9,4,1,-1,0,0,0,0,0,0,4,1,-1,1,1,33,6,4461,2,11,ALEXANDER DENNIS MODEL MISSING,3,E01020973,0,2
2024010502379,2024,010502379,1,11,0,2,2,0,0,0,0,2,0,0,0,0,2,1,6,6,3,-1,-1,4500,2,4,ALEXANDER DENNIS MODEL MISSING,-1,-1,0,-1
2024010526499,2024,010526499,1,11,0,18,19,1,5,0,0,1,0,0,0,0,0,1,1,1,1,35,6,6700,2,12,ALEXANDER DENNIS MODEL MISSING,3,E01003689,0,1
2024501415297,2024,501415297,1,11,0,-1,19,2,6,-1,0,0,0,0,0,0,3,9,-1,1,1,65,9,4461,2,10,ALEXANDER DENNIS MODEL MISSING,3,E01020037,0,1
2024101432858,2024,101432858,1,11,0,-1,19,3,7,-1,0,1,0,0,0,0,1,1,-1,1,1,42,7,6696,2,9,ALEXANDER DENNIS MODEL MISSING,3,E01008379,0,1
2024041526881,2024,041526881,1,11,0,-1,19,7,3,-1,0,1,0,0,0,0,1,1,-1,1,1,39,7,6696,2,9,ALEXANDER DENNIS MODEL MISSING,8,E01025436,0,3
2024361417698,2024,361417698,1,11,0,-1,19,4,1,-1,0,1,0,0,0,0,1,1,-1,1,2,61,9,6700,2,12,ALEXANDER DENNIS MODEL MISSING,4,E01026495,0,4
2024061490207,2024,061490207,2,11,0,-1,19,4,8,-1,0,8,0,0,0,0,1,1,-1,1,1,58,9,4500,2,14,ALEXANDER DENNIS MODEL MISSING,1,E01005190,0,1
2024010504879,2024,010504879,1,11,0,17,19,1,5,0,0,1,0,0,1,0,3,1,1,1,1,52,8,4500,2,7,ALEXANDER DENNIS MODEL MISSING,4,E01003919,0,3
2024010551146,2024,010551146,1,11,0,18,19,5,1,0,0,8,0,0,0,0,0,1,1,1,1,57,9,4500,2,7,ALEXANDER DENNIS MODEL MISSING,3,E01002403,0,1
2024501396490,2024,501396490,1,11,0,-1,4,1,5,-1,0,0,0,0,0,0,1,1,-1,1,1,55,8,6700,2,7,ALEXANDER DENNIS MODEL MISSING,2,E01015053,0,1
2024010523692,2024,010523692,1,11,0,5,5,6,2,3,2,0,0,0,0,0,0,1,1,1,2,49,8,4500,2,10,ALEXANDER DENNIS MODEL MISSING,4,E01004536,0,1
2024010515112,2024,010515112,2,11,0,18,19,1,5,0,0,2,0,0,0,0,1,1,6,6,3,24,5,4500,2,14,ALEXANDER DENNIS MODEL MISSING,-1,-1,0,-1
202417S312124,2024,17S312124,1,11,0,-1,19,2,6,-1,0,0,0,0,0,0,4,1,-1,1,1,-1,-1,6696,2,10,ALEXANDER DENNIS MODEL MISSING,-1,-1,0,-1
2024371420062,2024,371420062,1,11,0,-1,4,8,3,-1,0,1,0,0,0,0,4,1,-1,1,1,56,9,4461,2,8,ALEXANDER DENNIS MODEL MISSING,3,E01030026,0,1
2024361432062,2024,361432062,1,11,0,-1,9,2,7,-1,0,8,0,0,0,0,-1,9,-1,1,1,55,8,6700,2,1,ALEXANDER DENNIS MODEL MISSING,1,E01026680,0,1
2024041511969,2024,041511969,2,11,0,-1,2,0,0,-1,0,8,0,0,0,0,0,1,-1,6,-1,-1,-1,6700,2,5,ALEXANDER DENNIS MODEL MISSING,2,E01019206,0,4
2024411495620,2024,411495620,1,11,0,-1,5,3,1,-1,0,1,0,0,0,0,1,1,-1,1,1,43,7,6700,2,15,ALEXANDER DENNIS MODEL MISSING,8,E01033028,0,1
2024010499296,2024,010499296,1,11,0,4,4,7,3,0,0,1,0,0,0,0,0,1,1,1,2,46,8,4461,2,11,ALEXANDER DENNIS MODEL MISSING,2,E01000789,0,1
2024501401808,2024,501401808,3,11,0,-1,2,0,0,-1,0,1,0,0,0,0,3,1,-1,1,1,51,8,4500,2,4,ALEXANDER DENNIS MODEL MISSING,4,E01034852,0,4
2024061430644,2024,061430644,1,11,0,-1,19,7,3,-1,0,1,0,0,0,0,0,1,-1,1,1,53,8,4461,2,7,ALEXANDER DENNIS MODEL MISSING,1,E01004823,0,3
2024010528476,2024,010528476,1,11,0,4,4,3,7,2,2,0,0,0,0,0,0,1,6,6,2,42,7,4500,2,14,ALEXANDER DENNIS MODEL MISSING,9,E01000451,0,1
2024061470188,2024,061470188,2,11,0,-1,19,5,1,-1,0,1,0,0,0,0,1,1,-1,1,1,35,6,6700,2,4,ALEXANDER DENNIS MODEL MISSING,-1,-1,0,-1
2024010534869,2024,010534869,1,11,0,18,19,1,5,0,0,1,0,0,0,0,0,1,1,1,1,-1,-1,6696,2,11,ALEXANDER DENNIS MODEL MISSING,2,E01000781,0,1
2024010514192,2024,010514192,1,11,0,4,4,5,1,0,0,1,0,0,1,0,1,1,1,1,2,54,8,4500,2,6,ALEXANDER DENNIS MODEL MISSING,6,E01000193,0,1
2024311459648,2024,311459648,2,11,0,-1,19,5,1,-1,0,0,0,0,0,0,0,9,-1,1,1,42,7,6700,2,6,ALEXANDER DENNIS MODEL MISSING,8,E01033412,0,1
2024010498753,2024,010498753,1,11,0,4,4,5,1,0,0,0,0,0,0,0,4,1,1,1,1,43,7,6700,2,13,ALEXANDER DENNIS MODEL MISSING,2,E01004209,0,2
2024311477822,2024,311477822,1,11,0,-1,19,7,3,-1,0,1,0,0,0,0,0,1,-1,1,1,26,6,4500,2,5,ALEXANDER DENNIS MODEL MISSING,-1,-1,0,-1
2024122500138,2024,122500138,1,11,0,4,4,3,7,0,0,1,0,0,0,0,1,1,1,1,1,56,9,4500,2,5,ALEXANDER DENNIS MODEL MISSING,9,E01013357,0,1
2024401454769,2024,401454769,2,11,0,-1,19,4,8,-1,0,0,0,10,1,0,4,9,-1,1,2,52,8,4500,2,1,ALEXANDER DENNIS MODEL MISSING,3,E01017609,0,1
2024131413632,2024,131413632,1,11,0,-1,19,1,5,-1,0,1,0,0,0,0,1,1,-1,1,1,25,5,4500,2,15,ALEXANDER DENNIS MODEL MISSING,4,E01011839,0,3
2024010504707,2024,010504707,1,11,9,99,99,9,9,99,99,9,9,99,9,99,9,1,6,6,3,-1,-1,4500,2,10,ALEXANDER DENNIS MODEL MISSING,-1,-1,0,-1
2024010528933,2024,010528933,1,11,0,9,9,5,3,0,0,4,0,0,0,0,0,1,1,1,1,57,9,4500,2,5,ALEXANDER DENNIS MODEL MISSING,7,E01000685,0,3
2024501420895,2024,501420895,1,11,0,-1,5,7,2,-1,0,1,0,0,0,0,4,1,-1,1,1,52,8,6696,2,11,ALEXANDER DENNIS MODEL MISSING,7,E01019058,0,1
2024010534301,2024,010534301,1,11,0,99,99,9,9,99,99,9,9,99,9,99,9,9,6,6,3,-1,-1,4500,2,12,ALEXANDER DENNIS MODEL MISSING,-1,-1,0,-1
2024440432681,2024,440432681,2,11,0,18,19,2,6,0,0,1,0,0,0,0,1,1,1,1,1,44,7,6700,2,1,ALEXANDER DENNIS MODEL MISSING,7,E01017026,0,1
2024101434913,2024,101434913,1,11,0,-1,19,1,5,-1,0,1,0,0,0,0,1,1,-1,1,1,59,9,6700,2,13,ALEXANDER DENNIS MODEL MISSING,7,E01008467,0,2
2024010523695,2024,010523695,2,11,0,18,19,3,7,0,0,0,0,0,0,0,1,1,1,1,1,49,8,4500,2,4,ALEXANDER DENNIS MODEL MISSING,-1,-1,0,-1
2024101507323,2024,101507323,2,11,0,-1,19,1,5,-1,0,0,0,0,0,0,3,2,-1,1,1,50,8,4461,2,11,ALEXANDER DENNIS MODEL MISSING,4,E01008711,0,1
2024010513904,2024,010513904,1,11,0,18,19,4,8,0,0,0,0,0,0,0,4,1,1,1,1,66,10,4500,2,7,ALEXANDER DENNIS MODEL MISSING,3,E01002519,0,3
2024010521365,2024,010521365,1,11,0,4,4,8,4,2,2,0,0,0,0,0,0,1,1,1,2,36,7,4500,2,6,ALEXANDER DENNIS MODEL MISSING,2,E01003984,0,1