collision_index,collision_year,collision_ref_no,vehicle_reference,vehicle_type,towing_and_articulation,vehicle_manoeuvre_historic,vehicle_manoeuvre,vehicle_direction_from,vehicle_direction_to,vehicle_location_restricted_lane_historic,vehicle_location_restricted_lane,junction_location,skidding_and_overturning,hit_object_in_carriageway,vehicle_leaving_carriageway,hit_object_off_carriageway,first_point_of_impact,vehicle_left_hand_drive,journey_purpose_of_driver_historic,journey_purpose_of_driver,sex_of_driver,age_of_driver,age_band_of_driver,engine_capacity_cc,propulsion_code,age_of_vehicle,generic_make_model,driver_imd_decile,lsoa_of_driver,escooter_flag,driver_distance_banding
2024991525706,2024,991525706,1,11,0,-1,7,7,1,-1,0,0,0,0,0,0,1,1,-1,1,1,45,7,6700,2,13,ALEXANDER DENNIS MODEL MISSING,-1,-1,0,-1
2024010544415,2024,010544415,1,11,0,99,99,9,9,99,99,0,9,99,9,99,9,9,1,1,1,56,9,6700,2,9,ALEXANDER DENNIS MODEL MISSING,3,E01002303,0,1
2024471492052,2024,471492052,1,11,0,-1,5,4,2,-1,0,3,0,0,0,0,1,1,-1,9,-1,40,7,4500,2,6,ALEXANDER DENNIS MODEL MISSING,6,E01031586,0,1
2024010509788,2024,010509788,1,11,0,18,19,1,5,0,0,1,0,0,0,0,4,1,1,1,1,55,8,4500,2,9,ALEXANDER DENNIS MODEL MISSING,-1,-1,0,-1
2024371471662,2024,371471662,1,11,0,-1,15,5,1,-1,0,1,0,0,0,0,1,1,-1,1,1,26,6,4500,2,17,ALEXANDER DENNIS MODEL MISSING,1,E01030279,0,4
2024311530764,2024,311530764,1,11,0,-1,19,1,5,-1,0,0,1,0,1,0,1,1,-1,1,1,20,4,6700,2,6,ALEXANDER DENNIS MODEL MISSING,3,E01027967,0,3
2024010523000,2024,010523000,1,11,0,4,4,4,8,0,0,0,0,0,0,0,1,1,6,6,1,45,7,4500,2,7,ALEXANDER DENNIS MODEL MISSING,6,E01003279,0,1
2024010517512,2024,010517512,2,11,0,8,8,1,3,0,0,1,0,0,0,0,1,1,1,1,1,43,7,4500,2,10,ALEXANDER DENNIS MODEL MISSING,7,E01033742,0,1
2024302401433,2024,302401433,1,11,0,5,5,4,8,0,0,0,0,0,0,0,0,1,6,6,1,22,5,6696,2,10,ALEXANDER DENNIS MODEL MISSING,2,E01027977,0,2
2024010539596,2024,010539596,1,11,0,18,19,7,3,0,0,1,0,0,0,0,0,1,1,1,1,45,7,4500,2,8,ALEXANDER DENNIS MODEL MISSING,7,E01000700,0,1
2024481510838,2024,481510838,1,11,0,-1,5,1,5,-1,0,1,0,0,0,0,4,1,-1,1,2,43,7,4500,2,8,ALEXANDER DENNIS MODEL MISSING,-1,-1,0,-1
2024010551610,2024,010551610,1,11,0,9,9,4,3,0,0,5,0,0,0,0,1,1,1,1,1,46,8,4500,2,15,ALEXANDER DENNIS MODEL MISSING,2,E01001202,0,2
2024311489219,2024,311489219,1,11,-1,-1,19,5,1,-1,0,0,0,0,0,0,1,9,-1,1,2,-1,-1,4500,2,8,ALEXANDER DENNIS MODEL MISSING,-1,-1,0,-1
2024991465980,2024,991465980,1,11,0,-1,5,7,3,-1,0,1,0,0,0,0,1,9,-1,1,1,26,6,6700,2,5,ALEXANDER DENNIS MODEL MISSING,1,-1,0,2
2024010531532,2024,010531532,1,11,0,18,19,1,5,0,0,1,0,0,0,0,1,1,1,1,1,61,9,4500,2,6,ALEXANDER DENNIS MODEL MISSING,4,E01023891,0,3
2024471500005,2024,471500005,2,11,0,-1,5,4,3,-1,0,2,0,0,0,0,1,1,-1,1,1,64,9,4500,2,4,ALEXANDER DENNIS MODEL MISSING,3,E01031348,0,1
2024522403364,2024,522403364,2,11,0,12,12,6,2,0,0,8,0,0,0,0,1,1,1,1,1,59,9,6700,2,1,ALEXANDER DENNIS MODEL MISSING,6,E01014642,0,2
2024461471469,2024,461471469,4,11,0,-1,19,4,6,-1,0,0,0,0,0,0,0,9,-1,1,1,-1,-1,6700,2,8,ALEXANDER DENNIS MODEL MISSING,-1,-1,0,-1
2024501497943,2024,501497943,1,11,0,-1,19,5,1,-1,1,0,0,0,1,11,1,1,-1,9,2,44,7,3900,2,18,ALEXANDER DENNIS MODEL MISSING,4,E01020123,0,1
2024010544488,2024,010544488,1,11,0,7,7,3,6,0,0,2,5,0,0,0,1,1,1,1,1,56,9,4500,2,14,ALEXANDER DENNIS MODEL MISSING,9,E01030846,0,3
2024311450166,2024,311450166,1,11,0,-1,19,8,4,-1,0,0,0,0,0,0,0,1,-1,1,2,40,7,6700,2,7,ALEXANDER DENNIS MODEL MISSING,2,E01013835,0,2
2024010532720,2024,010532720,1,11,0,4,4,1,5,0,0,1,0,0,0,0,0,1,6,6,1,48,8,4500,2,6,ALEXANDER DENNIS MODEL MISSING,8,E01032775,0,1
2024010546655,2024,010546655,1,11,9,99,99,9,9,99,99,9,9,99,9,99,9,1,6,6,3,-1,-1,4500,2,6,ALEXANDER DENNIS MODEL MISSING,-1,-1,0,-1
2024221530582,2024,221530582,1,11,0,-1,4,6,2,-1,9,0,0,10,1,10,1,9,-1,1,1,62,9,4500,2,12,ALEXANDER DENNIS MODEL MISSING,1,E01010003,0,4
2024061438345,2024,061438345,1,11,0,-1,19,6,2,-1,0,1,0,0,0,0,4,1,-1,1,1,51,8,6700,2,1,ALEXANDER DENNIS MODEL MISSING,-1,-1,0,-1
2024010514868,2024,010514868,1,11,0,18,19,3,7,0,0,1,0,0,0,0,1,1,1,1,1,53,8,4500,2,6,ALEXANDER DENNIS MODEL MISSING,2,E01003335,0,1
2024161519217,2024,161519217,1,11,0,-1,19,6,2,-1,0,1,0,0,0,0,0,9,-1,1,1,25,5,8300,2,18,ALEXANDER DENNIS MODEL MISSING,1,E01013162,0,1
2024010530576,2024,010530576,1,11,0,14,14,1,5,0,0,0,0,0,0,0,1,1,1,1,1,64,9,4500,2,7,ALEXANDER DENNIS MODEL MISSING,2,E01003194,0,1
2024010510069,2024,010510069,2,11,0,18,19,3,7,0,0,2,0,0,0,0,4,1,1,1,1,61,9,6700,2,14,ALEXANDER DENNIS MODEL MISSING,6,E01001059,0,1
2024311489340,2024,311489340,1,11,-1,-1,-1,-1,-1,-1,-1,0,-1,-1,-1,0,-1,9,-1,1,1,26,6,6700,2,12,ALEXANDER DENNIS MODEL MISSING,-1,-1,0,-1
2024010507248,2024,010507248,1,11,0,4,4,3,7,0,0,1,0,0,0,0,0,1,1,1,1,24,5,4500,2,8,ALEXANDER DENNIS MODEL MISSING,-1,-1,0,-1
2024010531181,2024,010531181,2,11,0,5,5,3,7,0,0,8,0,0,0,0,1,2,1,1,1,36,7,4500,2,8,ALEXANDER DENNIS MODEL MISSING,6,E01003359,0,4
2024010516567,2024,010516567,1,11,0,18,19,5,1,0,0,0,0,0,0,0,1,1,1,1,1,34,6,6700,2,5,ALEXANDER DENNIS MODEL MISSING,4,E01001148,0,2
2024501443186,2024,501443186,1,11,0,-1,3,5,2,-1,0,0,0,0,0,0,3,9,-1,1,2,58,9,4500,2,4,ALEXANDER DENNIS MODEL MISSING,7,E01018934,0,4
2024010535895,2024,010535895,1,11,0,99,99,9,9,99,99,9,9,99,9,99,9,9,6,6,3,52,8,4461,2,11,ALEXANDER DENNIS MODEL MISSING,2,E01000990,0,3
2024010520697,2024,010520697,1,11,0,4,4,5,1,0,0,1,0,0,0,0,0,1,1,1,1,38,7,4500,2,15,ALEXANDER DENNIS MODEL MISSING,8,E01002193,0,3
2024010532314,2024,010532314,1,11,0,4,4,5,1,0,0,1,0,0,0,0,0,1,1,1,1,59,9,4500,2,13,ALEXANDER DENNIS MODEL MISSING,4,E01003146,0,2
2024010540487,2024,010540487,3,11,0,18,19,1,5,0,0,0,0,0,0,0,0,1,1,1,1,25,5,6700,2,13,ALEXANDER DENNIS MODEL MISSING,-1,-1,0,-1
2024111503713,2024,111503713,1,11,0,-1,19,7,3,-1,0,1,0,0,0,0,1,1,-1,1,1,52,8,4500,2,7,ALEXANDER DENNIS MODEL MISSING,-1,-1,0,-1
2024061447911,2024,061447911,2,11,0,-1,19,4,8,-1,0,8,0,0,0,0,1,1,-1,1,1,24,5,6700,2,0,ALEXANDER DENNIS MODEL MISSING,1,E01005147,0,1
2024101532427,2024,101532427,1,11,-1,-1,2,7,3,-1,0,0,0,0,0,0,-1,9,-1,1,1,51,8,6696,2,12,ALEXANDER DENNIS MODEL MISSING,2,E01008791,0,3
2024421497193,2024,421497193,2,11,0,-1,19,2,6,-1,0,0,0,0,0,0,3,1,-1,1,1,48,8,4461,2,11,ALEXANDER DENNIS MODEL MISSING,10,E01034083,0,2
2024991435742,2024,991435742,1,11,0,-1,20,1,5,-1,0,0,0,0,0,0,4,1,-1,1,1,56,9,6700,2,6,ALEXANDER DENNIS MODEL MISSING,6,-1,0,3
2024541874624,2024,541874624,2,11,0,18,19,2,6,0,0,8,0,0,0,0,1,1,1,1,1,36,7,6700,2,12,ALEXANDER DENNIS MODEL MISSING,6,E01023183,0,4
2024010533745,2024,010533745,2,11,0,18,19,1,5,2,2,1,0,0,0,0,1,1,1,1,1,51,8,6700,2,14,ALEXANDER DENNIS MODEL MISSING,3,E01000080,0,2
2024052401628,2024,052401628,2,11,0,3,3,5,1,0,0,1,0,0,0,0,2,1,1,1,1,58,9,6700,2,7,ALEXANDER DENNIS MODEL MISSING,2,E01006962,0,2
2024311485443,2024,311485443,1,11,0,-1,19,5,1,-1,0,0,0,0,0,0,0,9,-1,1,2,-1,-1,6700,2,1,ALEXANDER DENNIS MODEL MISSING,-1,-1,0,-1
2024010506744,2024,010506744,2,11,0,99,99,9,9,99,99,9,9,99,9,99,1,9,6,6,3,-1,-1,4500,2,6,ALEXANDER DENNIS MODEL MISSING,-1,-1,0,-1
2024101521029,2024,101521029,2,11,-1,-1,-1,3,7,-1,-1,-1,-1,-1,-1,0,-1,9,-1,1,1,48,8,6700,2,13,ALEXANDER DENNIS MODEL MISSING,8,E01008558,0,3
2024010526740,2024,010526740,1,11,0,5,5,1,5,3,2,0,0,0,0,0,2,1,1,1,1,59,9,4500,2,8,ALEXANDER DENNIS MODEL MISSING,7,E01016170,0,4
2024041496677,2024,041496677,1,11,0,-1,19,1,5,-1,0,0,0,0,0,0,1,1,-1,1,1,46,8,6700,2,4,ALEXANDER DENNIS MODEL MISSING,3,E01025368,0,2
2024991496019,2024,991496019,1,11,0,-1,19,4,8,-1,0,0,0,0,0,0,1,1,-1,1,1,50,8,6700,2,5,ALEXANDER DENNIS MODEL MISSING,10,-1,0,3
2024010537603,2024,010537603,1,11,0,18,19,8,4,0,0,2,0,0,0,0,4,1,1,1,1,34,6,4500,2,15,ALEXANDER DENNIS MODEL MISSING,3,E01003598,0,2
2024111395110,2024,111395110,1,11,0,-1,5,2,4,-1,0,8,0,0,0,0,1,1,-1,1,1,63,9,4461,2,9,ALEXANDER DENNIS MODEL MISSING,3,E01012340,0,4
2024101489545,2024,101489545,2,11,0,-1,19,4,8,-1,0,0,0,0,0,0,0,1,-1,1,1,38,7,3900,2,18,ALEXANDER DENNIS MODEL MISSING,5,E01008643,0,2
2024461464262,2024,461464262,1,11,0,-1,4,6,2,-1,0,1,0,0,0,0,1,1,-1,6,2,50,8,4500,2,3,ALEXANDER DENNIS MODEL MISSING,8,E01024098,0,2
2024061502945,2024,061502945,1,11,0,-1,19,4,8,-1,0,0,0,0,0,0,1,1,-1,1,1,22,5,6700,2,16,ALEXANDER DENNIS MODEL MISSING,3,E01005536,0,1
2024010519052,2024,010519052,1,11,0,4,4,5,1,0,0,1,0,0,0,0,0,1,1,1,1,34,6,6700,2,13,ALEXANDER DENNIS MODEL MISSING,2,E01001821,0,1
2024991530101,2024,991530101,1,11,0,-1,19,2,6,-1,2,2,0,0,0,0,4,1,-1,1,1,53,8,6696,2,11,ALEXANDER DENNIS MODEL MISSING,6,-1,0,3
2024010492281,2024,010492281,1,11,0,5,5,3,7,0,0,8,0,0,0,0,3,1,1,1,1,56,9,6700,2,13,ALEXANDER DENNIS MODEL MISSING,6,E01002353,0,2
2024311453303,2024,311453303,1,11,0,-1,19,7,3,-1,0,0,0,0,0,0,3,1,-1,1,1,46,8,6700,2,4,ALEXANDER DENNIS MODEL MISSING,5,E01019434,0,2
2024430367366,2024,430367366,2,11,0,2,2,0,0,3,2,0,0,0,0,0,2,1,1,1,1,64,9,6700,2,1,ALEXANDER DENNIS MODEL MISSING,10,E01028815,0,3
2024010503023,2024,010503023,2,11,0,99,99,9,9,99,99,9,9,99,9,99,1,1,6,6,3,66,10,6700,2,14,ALEXANDER DENNIS MODEL MISSING,4,E01001090,0,1
2024440219965,2024,440219965,2,11,0,18,19,6,2,0,0,8,0,0,0,0,3,1,1,1,1,55,8,6700,2,8,ALEXANDER DENNIS MODEL MISSING,6,E01022875,0,2
2024201504864,2024,201504864,2,11,0,-1,19,4,8,-1,0,8,0,0,0,0,1,1,-1,1,1,59,9,6700,2,5,ALEXANDER DENNIS MODEL MISSING,4,E01010015,0,2
2024471401854,2024,471401854,2,11,0,-1,19,7,7,-1,0,2,0,0,0,0,1,1,-1,1,1,33,6,6700,2,6,ALEXANDER DENNIS MODEL MISSING,5,E01031835,0,1
2024421438470,2024,421438470,2,11,0,-1,2,7,3,-1,0,0,0,0,0,0,3,1,-1,1,1,64,9,6700,2,12,ALEXANDER DENNIS MODEL MISSING,4,E01021636,0,4
2024010541567,2024,010541567,2,11,0,5,5,1,5,0,0,1,0,0,0,0,1,1,1,1,1,58,9,6700,2,5,ALEXANDER DENNIS MODEL MISSING,2,E01033883,0,1
2024461396171,2024,461396171,2,11,0,-1,19,5,1,-1,2,1,0,0,0,0,0,9,-1,1,1,59,9,6700,2,8,ALEXANDER DENNIS MODEL MISSING,5,E01024095,0,3
2024010525615,2024,010525615,1,11,0,9,9,7,5,0,0,4,0,0,0,0,0,1,1,1,1,27,6,4500,2,6,ALEXANDER DENNIS MODEL MISSING,5,E01000636,0,2
2024010511055,2024,010511055,1,11,0,5,5,8,4,0,0,1,0,0,0,0,0,1,1,1,1,25,5,6700,2,12,ALEXANDER DENNIS MODEL MISSING,4,E01002098,0,1
2024440302564,2024,440302564,2,11,0,18,19,2,6,0,0,0,0,0,0,0,1,1,1,1,1,64,9,6700,2,8,ALEXANDER DENNIS MODEL MISSING,4,E01017258,0,4
2024010511223,2024,010511223,1,11,5,4,4,3,7,2,2,5,0,11,3,5,1,1,1,1,1,28,6,4500,2,8,ALEXANDER DENNIS MODEL MISSING,5,E01002449,0,2
2024161450119,2024,161450119,1,11,0,-1,4,2,6,-1,0,0,0,0,0,0,0,1,-1,1,1,42,7,6700,2,5,ALEXANDER DENNIS MODEL MISSING,-1,-1,0,-1
2024122400874,2024,122400874,3,11,0,18,19,6,2,0,0,0,0,0,0,0,1,1,1,1,2,50,8,6700,2,7,ALEXANDER DENNIS MODEL MISSING,1,E01011865,0,3
2024101502866,2024,101502866,2,11,0,-1,19,5,1,-1,2,0,0,0,0,0,3,1,-1,1,1,24,5,6700,2,17,ALEXANDER DENNIS MODEL MISSING,1,E01027546,0,2
2024101424145,2024,101424145,2,11,0,-1,19,7,3,-1,0,0,0,0,0,0,1,1,-1,1,1,41,7,6700,2,2,ALEXANDER DENNIS MODEL MISSING,9,E01008775,0,4
2024101454446,2024,101454446,1,11,0,-1,19,8,4,-1,0,2,0,0,0,0,3,1,-1,1,1,60,9,4461,2,11,ALEXANDER DENNIS MODEL MISSING,-1,-1,0,-1
202454A420224,2024,54A420224,2,11,0,18,19,5,1,0,0,0,0,0,0,0,1,1,6,6,1,52,8,6700,2,8,ALEXANDER DENNIS MODEL MISSING,8,E01014425,0,3
2024041500765,2024,041500765,4,11,0,-1,19,5,1,-1,0,0,0,0,0,0,2,1,-1,2,1,49,8,6700,2,7,ALEXANDER DENNIS MODEL MISSING,1,E01012737,0,2
2024340NN4062,2024,340NN4062,3,11,0,-1,19,1,5,-1,0,0,0,0,0,0,3,1,-1,6,1,24,5,6700,2,6,ALEXANDER DENNIS MODEL MISSING,7,E01000881,0,5
2024161503361,2024,161503361,2,11,0,-1,19,5,1,-1,0,0,0,4,0,0,4,9,-1,1,1,-1,-1,6700,2,8,ALEXANDER DENNIS MODEL MISSING,-1,-1,0,-1
2024501396490,2024,501396490,2,11,0,-1,2,1,5,-1,0,0,0,0,0,0,2,1,-1,1,2,30,6,6700,2,7,ALEXANDER DENNIS MODEL MISSING,6,E01015174,0,1
2024010515112,2024,010515112,1,11,0,18,19,1,5,0,0,2,0,0,0,0,1,1,6,6,3,24,5,4500,2,12,ALEXANDER DENNIS MODEL MISSING,2,E01003497,0,1
2024061432385,2024,061432385,2,11,0,-1,19,8,5,-1,2,0,0,0,1,4,2,1,-1,1,2,45,7,4500,2,14,ALEXANDER DENNIS MODEL MISSING,2,E01025269,0,4
2024371485556,2024,371485556,2,11,0,-1,19,8,4,-1,0,0,0,0,0,0,1,1,-1,1,1,45,7,4461,2,8,ALEXANDER DENNIS MODEL MISSING,2,E01030013,0,1
2024201471006,2024,201471006,1,11,0,-1,19,8,4,-1,0,1,0,0,0,0,1,1,-1,6,1,53,8,4500,2,5,ALEXANDER DENNIS MODEL MISSING,1,E01008972,0,2
2024622400642,2024,622400642,2,11,0,18,19,2,6,0,0,3,0,0,0,0,4,1,1,1,1,22,5,6700,2,8,ALEXANDER DENNIS MODEL MISSING,3,W01001271,0,3
2024010520913,2024,010520913,1,11,0,18,19,7,3,9,9,0,0,10,2,10,1,1,1,1,1,54,8,4500,2,7,ALEXANDER DENNIS MODEL MISSING,4,E01003129,0,1
2024010549520,2024,010549520,1,11,0,-1,-1,3,7,0,0,1,0,0,0,0,1,1,1,1,1,38,7,6700,2,13,ALEXANDER DENNIS MODEL MISSING,2,E01021322,0,4
2024461399748,2024,461399748,1,11,0,-1,19,4,8,-1,0,8,0,0,0,0,4,9,-1,1,1,-1,-1,4500,2,3,ALEXANDER DENNIS MODEL MISSING,5,E01024703,0,3
2024201479027,2024,201479027,1,11,0,-1,19,5,1,-1,0,1,0,0,0,0,1,9,-1,6,1,59,9,6700,2,9,ALEXANDER DENNIS MODEL MISSING,1,E01010370,0,3
2024991535723,2024,991535723,1,11,0,-1,5,1,5,-1,-1,0,0,0,1,0,4,1,-1,1,1,59,9,6700,2,5,ALEXANDER DENNIS MODEL MISSING,4,-1,0,1
2024010535224,2024,010535224,2,11,0,99,99,9,9,99,99,9,9,99,9,99,9,9,6,6,1,37,7,6700,2,12,ALEXANDER DENNIS MODEL MISSING,2,E01001219,0,2
2024010500660,2024,010500660,1,11,0,18,19,5,1,0,0,0,0,0,0,0,0,1,1,1,1,44,7,6700,2,12,ALEXANDER DENNIS MODEL MISSING,3,E01001476,0,1
2024010550203,2024,010550203,1,11,0,5,5,1,5,2,2,1,0,0,0,0,1,1,1,1,1,51,8,4500,2,12,ALEXANDER DENNIS MODEL MISSING,9,E01000695,0,1
2024010497489,2024,010497489,2,11,0,18,19,5,1,0,0,0,0,0,0,0,3,1,1,1,1,36,7,4500,2,15,ALEXANDER DENNIS MODEL MISSING,3,E01001844,0,1
2024311425792,2024,311425792,1,11,0,-1,5,1,4,-1,0,0,0,0,0,0,1,1,-1,1,1,61,9,4461,2,9,ALEXANDER DENNIS MODEL MISSING,-1,-1,0,-1
2024010533133,2024,010533133,1,11,0,18,19,1,5,0,0,1,0,0,0,0,1,1,1,1,1,41,7,4500,2,13,ALEXANDER DENNIS MODEL MISSING,3,E01003629,0,1
2024010506693,2024,010506693,1,11,0,4,4,5,1,0,0,8,0,0,0,0,0,1,1,1,2,33,6,6700,2,12,ALEXANDER DENNIS MODEL MISSING,3,E01003299,0,1
2024332400474,2024,332400474,1,11,0,-1,4,6,2,-1,0,0,0,0,0,0,0,1,-1,1,1,49,8,6700,2,7,ALEXANDER DENNIS MODEL MISSING,5,E01028132,0,3
2024010551715,2024,010551715,2,11,0,-1,-1,5,1,0,0,2,0,4,0,0,3,1,1,1,1,46,8,4500,2,7,ALEXANDER DENNIS MODEL MISSING,4,E01002044,0,1
2024991553337,2024,991553337,1,11,0,-1,15,6,2,-1,0,0,0,4,0,0,1,1,-1,1,1,49,8,4500,2,16,ALEXANDER DENNIS MODEL MISSING,5,-1,0,2
2024052400392,2024,052400392,2,11,0,18,19,5,1,0,0,6,0,0,0,0,1,1,1,1,1,37,7,6696,2,9,ALEXANDER DENNIS MODEL MISSING,2,E01006786,0,1
2024010496548,2024,010496548,2,11,0,3,3,2,6,0,0,8,0,0,0,0,2,1,1,1,1,60,9,6700,2,13,ALEXANDER DENNIS MODEL MISSING,4,E01002308,0,1
2024311484498,2024,311484498,1,11,0,-1,5,1,5,-1,0,8,0,0,0,0,0,1,-1,1,1,32,6,6700,2,6,ALEXANDER DENNIS MODEL MISSING,6,E01028273,0,3
2024010511140,2024,010511140,2,11,0,18,19,1,5,0,0,0,0,0,0,0,1,1,1,1,1,30,6,6696,2,11,ALEXANDER DENNIS MODEL MISSING,7,E01016179,0,4
2024471482293,2024,471482293,1,11,0,-1,2,1,5,-1,2,0,0,0,0,0,0,2,-1,1,1,63,9,6700,2,6,ALEXANDER DENNIS MODEL MISSING,7,E01031423,0,1
2024311491933,2024,311491933,1,11,0,-1,19,1,5,-1,0,1,0,0,0,0,1,1,-1,1,1,33,6,6700,2,5,ALEXANDER DENNIS MODEL MISSING,2,E01028271,0,3
2024061405693,2024,061405693,1,11,0,-1,4,3,7,-1,0,0,0,11,0,0,1,1,-1,1,1,33,6,6700,2,16,ALEXANDER DENNIS MODEL MISSING,1,E01033947,0,2
202417M103524,2024,17M103524,1,11,0,18,19,6,2,0,0,0,0,0,0,0,0,1,1,1,1,44,7,6700,2,12,ALEXANDER DENNIS MODEL MISSING,1,E01012284,0,1
2024311517162,2024,311517162,1,11,0,-1,2,0,0,-1,2,0,0,0,0,0,3,1,-1,1,1,33,6,6700,2,6,ALEXANDER DENNIS MODEL MISSING,2,E01028271,0,1
2024552401294,2024,552401294,1,11,0,18,19,2,6,0,0,0,0,0,0,0,1,1,1,1,2,25,5,6700,2,8,ALEXANDER DENNIS MODEL MISSING,3,E01015415,0,2
2024451405563,2024,451405563,2,11,0,-1,19,7,3,-1,0,4,0,0,0,0,3,1,-1,1,1,67,10,8268,2,18,ALEXANDER DENNIS MODEL MISSING,9,E01030802,0,1
2024010529402,2024,010529402,1,11,0,4,4,7,3,0,0,4,0,0,0,0,2,1,1,1,1,45,7,6700,2,8,ALEXANDER DENNIS MODEL MISSING,1,E01035275,0,1
2024131418596,2024,131418596,1,11,0,-1,19,1,5,-1,0,1,0,0,0,0,1,1,-1,1,1,45,7,6700,2,7,ALEXANDER DENNIS MODEL MISSING,1,E01011750,0,1
2024101455722,2024,101455722,2,11,0,-1,19,4,1,-1,0,8,0,0,0,0,1,1,-1,1,1,27,6,4500,2,4,ALEXANDER DENNIS MODEL MISSING,3,E01008871,0,3
2024161451752,2024,161451752,2,11,0,-1,5,2,6,-1,2,0,0,0,0,0,1,1,-1,6,1,26,6,4500,2,13,ALEXANDER DENNIS MODEL MISSING,1,E01035468,0,1
2024061514182,2024,061514182,1,11,0,-1,19,2,6,-1,0,0,0,0,0,0,1,1,-1,1,1,28,6,6700,2,16,ALEXANDER DENNIS MODEL MISSING,1,E01005132,0,1
2024010532922,2024,010532922,1,11,0,18,19,5,1,0,0,1,0,0,0,0,1,1,6,6,3,-1,-1,6700,2,8,ALEXANDER DENNIS MODEL MISSING,3,E01000465,0,1
2024991433691,2024,991433691,3,11,0,-1,19,7,3,-1,0,0,0,0,0,0,3,1,-1,1,2,39,7,6696,2,10,ALEXANDER DENNIS MODEL MISSING,5,-1,0,3
2024010550501,2024,010550501,1,11,0,99,99,9,9,99,99,0,9,99,9,99,0,1,1,1,1,62,9,4500,2,8,ALEXANDER DENNIS MODEL MISSING,3,E01000081,0,1
2024141505885,2024,141505885,2,11,0,-1,19,2,6,-1,0,8,0,0,0,0,1,1,-1,1,1,24,5,4500,2,13,ALEXANDER DENNIS MODEL MISSING,4,-1,0,5
2024010523114,2024,010523114,1,11,0,4,4,1,5,2,2,0,0,0,0,0,0,1,1,1,1,70,10,4500,2,6,ALEXANDER DENNIS MODEL MISSING,5,E01003340,0,1
2024010514325,2024,010514325,1,11,0,18,19,8,4,0,0,0,0,0,0,0,0,1,1,1,1,58,9,4500,2,6,ALEXANDER DENNIS MODEL MISSING,5,E01003307,0,1
2024010524133,2024,010524133,1,11,0,99,99,9,9,0,0,8,0,0,0,0,1,9,1,1,1,27,6,4500,2,5,ALEXANDER DENNIS MODEL MISSING,3,E01003086,0,1
2024010509048,2024,010509048,1,11,0,16,19,5,1,0,0,3,0,0,0,0,0,1,1,1,1,49,8,4500,2,7,ALEXANDER DENNIS MODEL MISSING,8,E01000281,0,2
2024010530146,2024,010530146,1,11,0,18,19,5,1,0,0,1,0,0,0,0,1,2,1,1,1,57,9,4500,2,7,ALEXANDER DENNIS MODEL MISSING,3,E01000800,0,1
2024231516830,2024,231516830,1,11,0,-1,14,6,2,-1,0,0,0,0,0,0,1,1,-1,1,2,54,8,6700,2,9,ALEXANDER DENNIS MODEL MISSING,2,E01031118,0,3
2024471454453,2024,471454453,1,11,0,-1,19,-1,-1,-1,0,0,0,0,0,0,-1,9,-1,1,1,62,9,6700,2,0,ALEXANDER DENNIS MODEL MISSING,5,E01021059,0,3
2024010527387,2024,010527387,1,11,0,5,5,1,5,0,0,0,0,0,0,0,0,1,1,1,1,38,7,4500,2,10,ALEXANDER DENNIS MODEL MISSING,3,E01000336,0,3
2024010507619,2024,010507619,1,11,0,5,5,3,7,0,0,6,0,0,0,0,0,1,1,1,1,34,6,4500,2,9,ALEXANDER DENNIS MODEL MISSING,3,E01002550,0,3
2024421449006,2024,421449006,2,11,0,-1,19,1,5,-1,0,1,0,0,0,0,1,1,-1,1,1,44,7,3900,2,19,ALEXANDER DENNIS MODEL MISSING,-1,-1,0,-1
2024010525253,2024,010525253,1,11,0,4,4,7,3,0,0,0,0,0,0,0,0,1,1,1,2,41,7,6700,2,12,ALEXANDER DENNIS MODEL MISSING,8,E01000347,0,2
2024351421870,2024,351421870,1,11,0,-1,5,3,7,-1,0,0,0,0,0,0,4,1,-1,1,1,28,6,6700,2,13,ALEXANDER DENNIS MODEL MISSING,2,E01015673,0,2
2024311495671,2024,311495671,1,11,-1,-1,19,1,5,-1,0,1,0,0,0,0,0,9,-1,1,2,36,7,6700,2,5,ALEXANDER DENNIS MODEL MISSING,-1,-1,0,-1
2024332400055,2024,332400055,1,11,0,-1,19,5,1,-1,0,1,0,0,0,0,1,1,-1,1,1,55,8,6700,2,7,ALEXANDER DENNIS MODEL MISSING,8,E01025684,0,2