collision_index,collision_year,collision_ref_no,vehicle_reference,vehicle_type,towing_and_articulation,vehicle_manoeuvre_historic,vehicle_manoeuvre,vehicle_direction_from,vehicle_direction_to,vehicle_location_restricted_lane_historic,vehicle_location_restricted_lane,junction_location,skidding_and_overturning,hit_object_in_carriageway,vehicle_leaving_carriageway,hit_object_off_carriageway,first_point_of_impact,vehicle_left_hand_drive,journey_purpose_of_driver_historic,journey_purpose_of_driver,sex_of_driver,age_of_driver,age_band_of_driver,engine_capacity_cc,propulsion_code,age_of_vehicle,generic_make_model,driver_imd_decile,lsoa_of_driver,escooter_flag,driver_distance_banding
2024041396517,2024,041396517,2,11,0,-1,19,3,7,-1,0,0,0,0,0,0,4,1,-1,1,1,58,9,6700,2,4,ALEXANDER DENNIS MODEL MISSING,6,E01025608,0,2
2024010529279,2024,010529279,1,11,0,11,11,8,4,2,2,0,0,0,0,0,1,1,1,1,1,35,6,4500,2,8,ALEXANDER DENNIS MODEL MISSING,5,E01024304,0,4
2024010535354,2024,010535354,1,11,0,99,99,9,9,99,99,9,9,99,9,99,2,9,1,1,1,58,9,4500,2,6,ALEXANDER DENNIS MODEL MISSING,5,E01015951,0,3
2024440275123,2024,440275123,1,11,0,4,4,2,6,0,0,1,0,0,0,0,0,1,1,1,1,40,7,6700,2,15,ALEXANDER DENNIS MODEL MISSING,-1,-1,0,-1
2024231414874,2024,231414874,2,11,0,-1,19,4,8,-1,0,1,0,0,0,0,4,9,-1,1,1,30,6,4500,2,13,ALEXANDER DENNIS MODEL MISSING,4,E01031170,0,1
2024430071903,2024,430071903,1,11,0,18,19,5,1,0,0,8,0,0,0,0,4,1,1,1,1,38,7,6700,2,8,ALEXANDER DENNIS MODEL MISSING,10,E01028791,0,3
2024010512247,2024,010512247,1,11,0,7,7,3,5,0,0,8,0,0,0,0,1,1,6,6,1,63,9,4500,2,12,ALEXANDER DENNIS MODEL MISSING,3,E01000737,0,1
2024010522118,2024,010522118,1,11,0,18,19,5,1,0,0,1,0,0,0,0,1,1,1,1,1,62,9,4500,2,6,ALEXANDER DENNIS MODEL MISSING,8,E01000361,0,4
2024141517207,2024,141517207,1,11,0,-1,5,3,7,-1,0,1,0,0,0,0,0,1,-1,1,1,60,9,8300,2,17,ALEXANDER DENNIS MODEL MISSING,3,E01007337,0,2
2024010505228,2024,010505228,1,11,0,18,19,5,1,0,0,1,0,0,0,0,0,1,6,6,1,32,6,4500,2,10,ALEXANDER DENNIS MODEL MISSING,3,E01001082,0,3
2024010514638,2024,010514638,1,11,0,18,19,3,7,0,0,2,0,0,0,0,0,1,1,1,1,56,9,4500,2,10,ALEXANDER DENNIS MODEL MISSING,6,E01003398,0,2
2024010528281,2024,010528281,2,11,0,3,3,1,5,2,2,0,0,0,1,0,3,1,1,1,1,34,6,4500,2,7,ALEXANDER DENNIS MODEL MISSING,3,E01001722,0,2
2024371470846,2024,371470846,1,11,0,-1,19,5,1,-1,0,0,0,0,1,0,1,1,-1,1,1,65,9,6700,2,2,ALEXANDER DENNIS MODEL MISSING,6,E01026437,0,4
2024141415936,2024,141415936,1,11,0,-1,4,6,2,-1,0,0,0,0,0,0,0,1,-1,1,1,54,8,4500,2,15,ALEXANDER DENNIS MODEL MISSING,3,E01007451,0,2
2024440009811,2024,440009811,1,11,0,18,19,2,6,0,0,2,0,0,0,0,1,1,1,1,1,64,9,6696,2,11,ALEXANDER DENNIS MODEL MISSING,3,E01017189,0,1
202454A572624,2024,54A572624,1,11,0,18,19,4,8,0,0,0,0,11,0,0,1,1,1,1,1,39,7,6696,2,10,ALEXANDER DENNIS MODEL MISSING,2,E01031981,0,2
2024311437832,2024,311437832,1,11,0,-1,3,5,1,-1,0,0,0,0,0,0,1,1,-1,1,2,59,9,6700,2,1,ALEXANDER DENNIS MODEL MISSING,-1,-1,0,-1
2024010502436,2024,010502436,1,11,0,4,4,5,1,0,0,2,0,0,0,0,1,1,1,1,1,57,9,4500,2,9,ALEXANDER DENNIS MODEL MISSING,5,E01002344,0,2
2024471396457,2024,471396457,2,11,0,-1,19,1,5,-1,0,8,0,0,0,0,1,1,-1,1,1,51,8,4500,2,12,ALEXANDER DENNIS MODEL MISSING,6,E01021205,0,2
2024041431921,2024,041431921,1,11,0,-1,9,3,5,-1,0,5,0,0,0,0,0,1,-1,1,1,43,7,4500,2,3,ALEXANDER DENNIS MODEL MISSING,5,E01004840,0,4
2024010509292,2024,010509292,1,11,0,3,3,1,5,2,2,1,0,0,0,0,3,1,1,1,1,67,10,4500,2,7,ALEXANDER DENNIS MODEL MISSING,6,E01003741,0,1
2024010541089,2024,010541089,1,11,0,5,5,3,7,2,2,1,0,0,0,0,0,1,1,1,1,56,9,4500,2,6,ALEXANDER DENNIS MODEL MISSING,5,E01035273,0,3
2024010527961,2024,010527961,1,11,0,18,19,3,7,0,0,0,0,0,0,0,1,1,1,1,1,56,9,6700,2,6,ALEXANDER DENNIS MODEL MISSING,3,E01024309,0,4
2024461416965,2024,461416965,1,11,0,-1,19,1,5,-1,0,0,0,0,0,0,0,1,-1,1,1,42,7,8300,2,18,ALEXANDER DENNIS MODEL MISSING,-1,-1,0,-1
2024201414912,2024,201414912,2,11,0,-1,12,5,1,-1,0,0,0,4,0,0,4,9,-1,1,1,33,6,6700,2,8,ALEXANDER DENNIS MODEL MISSING,4,E01009223,0,1
2024010516423,2024,010516423,1,11,0,18,19,7,3,0,0,1,0,0,0,0,4,1,1,1,1,27,6,4500,2,12,ALEXANDER DENNIS MODEL MISSING,4,E01004201,0,1
2024201499772,2024,201499772,1,11,0,-1,19,6,2,-1,0,0,0,0,0,0,1,1,-1,6,1,38,7,6700,2,7,ALEXANDER DENNIS MODEL MISSING,2,E01009346,0,1
2024430128329,2024,430128329,2,11,0,2,2,0,0,0,0,0,0,0,0,0,2,1,1,1,2,54,8,4500,2,7,ALEXANDER DENNIS MODEL MISSING,1,E01016845,0,1
2024421495570,2024,421495570,1,11,0,-1,4,1,5,-1,0,0,0,0,0,0,4,1,-1,1,1,44,7,4500,2,15,ALEXANDER DENNIS MODEL MISSING,4,E01021984,0,1
2024010505083,2024,010505083,1,11,0,5,5,3,7,0,0,8,0,0,0,0,0,1,1,1,1,56,9,4500,2,8,ALEXANDER DENNIS MODEL MISSING,5,E01001658,0,1
2024061425421,2024,061425421,2,11,0,-1,19,3,7,-1,0,0,0,0,0,0,1,1,-1,1,1,59,9,4461,2,11,ALEXANDER DENNIS MODEL MISSING,-1,-1,0,-1
2024010523850,2024,010523850,1,11,0,7,7,3,5,0,0,8,0,0,0,0,4,1,1,1,1,42,7,6696,2,11,ALEXANDER DENNIS MODEL MISSING,2,E01001577,0,1
2024061533189,2024,061533189,1,11,0,-1,19,4,8,-1,2,5,0,0,0,0,1,1,-1,1,1,58,9,6700,2,0,ALEXANDER DENNIS MODEL MISSING,-1,-1,0,-1
2024501395678,2024,501395678,1,11,0,-1,19,2,5,-1,0,8,0,0,0,0,1,1,-1,1,1,53,8,4461,2,8,ALEXANDER DENNIS MODEL MISSING,2,E01015176,0,1
2024041536335,2024,041536335,1,11,0,-1,19,3,7,-1,0,1,0,0,0,0,2,1,-1,1,1,42,7,4461,2,11,ALEXANDER DENNIS MODEL MISSING,1,E01025156,0,1
2024010547596,2024,010547596,1,11,0,7,7,6,1,0,0,2,0,0,0,0,3,1,1,1,1,37,7,4500,2,10,ALEXANDER DENNIS MODEL MISSING,5,E01000467,0,1
2024010524671,2024,010524671,2,11,0,5,5,5,1,0,0,8,0,0,0,0,1,1,6,6,3,-1,-1,4500,2,8,ALEXANDER DENNIS MODEL MISSING,-1,-1,0,-1
2024010523040,2024,010523040,2,11,0,-1,-1,7,3,0,0,0,0,0,0,0,2,1,1,1,1,39,7,4500,2,9,ALEXANDER DENNIS MODEL MISSING,4,E01034613,0,3
2024351528248,2024,351528248,1,11,-1,-1,-1,-1,-1,-1,-1,-1,-1,-1,-1,0,-1,9,-1,1,3,-1,-1,4500,2,1,ALEXANDER DENNIS MODEL MISSING,-1,-1,0,-1
2024010502621,2024,010502621,1,11,0,18,19,1,5,0,0,0,0,0,0,0,0,1,6,6,1,23,5,4500,2,5,ALEXANDER DENNIS MODEL MISSING,2,E01024170,0,3
2024010537224,2024,010537224,2,11,0,4,4,5,1,0,0,0,0,0,0,0,4,1,1,1,1,19,4,6700,2,13,ALEXANDER DENNIS MODEL MISSING,6,E01015985,0,3
2024471455403,2024,471455403,2,11,0,-1,19,3,7,-1,0,8,0,0,0,0,4,1,-1,1,1,32,6,6700,2,1,ALEXANDER DENNIS MODEL MISSING,8,E01031815,0,3
2024401420561,2024,401420561,1,11,0,-1,9,1,7,-1,0,8,0,0,0,0,3,1,-1,1,1,62,9,6700,2,2,ALEXANDER DENNIS MODEL MISSING,6,E01016719,0,4
2024501431520,2024,501431520,2,11,0,-1,19,8,3,-1,0,0,0,0,0,0,3,1,-1,1,1,38,7,6700,2,5,ALEXANDER DENNIS MODEL MISSING,7,E01033294,0,2
2024161423139,2024,161423139,1,11,0,-1,19,3,7,-1,0,0,0,0,0,0,2,1,-1,1,1,52,8,6700,2,15,ALEXANDER DENNIS MODEL MISSING,-1,-1,0,-1
2024010522585,2024,010522585,2,11,0,9,9,5,2,0,0,1,0,0,0,0,1,1,1,1,1,52,8,4500,2,7,ALEXANDER DENNIS MODEL MISSING,5,E01003019,0,3
2024010508161,2024,010508161,1,11,0,9,9,6,3,0,0,6,0,0,0,0,0,2,1,1,1,40,7,6696,2,11,ALEXANDER DENNIS MODEL MISSING,8,E01000399,0,1
2024311468313,2024,311468313,2,11,0,-1,5,4,8,-1,0,4,0,0,0,0,1,1,-1,1,2,41,7,6700,2,4,ALEXANDER DENNIS MODEL MISSING,-1,-1,0,-1
2024552401297,2024,552401297,1,11,0,18,19,3,7,0,0,0,0,0,0,0,1,1,1,1,1,63,9,6700,2,1,ALEXANDER DENNIS MODEL MISSING,8,E01015335,0,1
2024131451666,2024,131451666,2,11,0,-1,4,1,5,-1,0,0,0,0,0,0,0,1,-1,1,1,32,6,6700,2,16,ALEXANDER DENNIS MODEL MISSING,2,E01011814,0,1
2024061509598,2024,061509598,2,11,0,-1,19,4,7,-1,0,1,0,0,0,0,0,1,-1,1,2,49,8,6700,2,1,ALEXANDER DENNIS MODEL MISSING,-1,-1,0,-1
2024501485611,2024,501485611,1,11,0,-1,19,6,2,-1,0,1,0,0,0,0,1,1,-1,1,1,37,7,6700,2,6,ALEXANDER DENNIS MODEL MISSING,5,E01018831,0,3
2024010544932,2024,010544932,1,11,0,99,99,9,9,99,99,9,9,99,9,99,9,9,6,6,3,40,7,6700,2,9,ALEXANDER DENNIS MODEL MISSING,3,E01001700,0,2
2024010551131,2024,010551131,1,11,0,5,5,0,5,0,0,1,0,0,0,0,1,1,1,1,1,52,8,6700,2,15,ALEXANDER DENNIS MODEL MISSING,-1,-1,0,-1
2024440026602,2024,440026602,2,11,0,18,19,2,6,0,0,8,0,0,0,0,3,1,1,1,1,49,8,6696,2,11,ALEXANDER DENNIS MODEL MISSING,5,E01017136,0,1
2024010551511,2024,010551511,1,11,0,9,9,1,6,0,0,5,0,0,0,0,1,1,1,1,1,52,8,4461,2,11,ALEXANDER DENNIS MODEL MISSING,6,E01002122,0,1
2024480551958,2024,480551958,2,11,0,99,99,9,9,99,99,9,9,99,9,99,1,9,6,6,3,-1,-1,6700,2,4,ALEXANDER DENNIS MODEL MISSING,-1,-1,0,-1
2024401518127,2024,401518127,1,11,0,-1,19,8,4,-1,0,2,0,0,0,0,1,1,-1,1,1,43,7,4461,2,9,ALEXANDER DENNIS MODEL MISSING,3,E01017568,0,2
2024010542167,2024,010542167,1,11,0,18,19,3,7,0,0,0,0,0,0,0,0,1,1,1,2,43,7,4500,2,6,ALEXANDER DENNIS MODEL MISSING,5,E01003344,0,3
2024061474901,2024,061474901,1,11,0,-1,2,-1,-1,-1,99,0,0,0,0,0,0,1,-1,1,2,39,7,6700,2,0,ALEXANDER DENNIS MODEL MISSING,4,E01005436,0,2
2024010503278,2024,010503278,1,11,0,18,19,7,3,2,2,1,0,0,0,0,0,1,1,1,2,27,6,4500,2,6,ALEXANDER DENNIS MODEL MISSING,9,E01003158,0,1
2024161487817,2024,161487817,1,11,0,-1,19,3,7,-1,0,1,0,0,0,0,1,1,-1,1,1,36,7,6700,2,7,ALEXANDER DENNIS MODEL MISSING,6,E01026387,0,4
2024052401030,2024,052401030,1,11,0,5,5,2,6,0,0,0,0,0,0,0,1,1,1,1,1,54,8,6696,2,10,ALEXANDER DENNIS MODEL MISSING,1,E01006880,0,3
2024031502092,2024,031502092,1,11,0,-1,7,2,5,-1,2,1,0,0,0,0,1,1,-1,1,2,26,6,6700,2,12,ALEXANDER DENNIS MODEL MISSING,4,-1,0,5
2024010501688,2024,010501688,1,11,9,99,99,9,9,99,99,9,9,99,9,99,9,1,6,6,3,-1,-1,6700,2,13,ALEXANDER DENNIS MODEL MISSING,-1,-1,0,-1
2024010511842,2024,010511842,1,11,0,18,19,3,7,2,2,1,0,0,0,0,3,1,1,1,1,62,9,4500,2,6,ALEXANDER DENNIS MODEL MISSING,4,E01003353,0,2
2024451458499,2024,451458499,2,11,0,-1,12,1,5,-1,0,1,0,0,0,0,3,1,-1,6,-1,53,8,4500,2,14,ALEXANDER DENNIS MODEL MISSING,10,E01022062,0,4
2024440191765,2024,440191765,2,11,0,18,19,7,3,0,0,8,0,0,0,0,1,1,1,1,1,36,7,6700,2,6,ALEXANDER DENNIS MODEL MISSING,5,E01017221,0,1
2024010503888,2024,010503888,2,11,0,3,3,3,7,2,2,1,0,0,0,0,2,1,1,1,1,54,8,4500,2,12,ALEXANDER DENNIS MODEL MISSING,5,E01004419,0,3
2024010550267,2024,010550267,2,11,0,18,19,8,4,0,0,0,0,0,0,0,1,1,6,6,1,-1,-1,4500,2,6,ALEXANDER DENNIS MODEL MISSING,2,E01000223,0,3
2024061520743,2024,061520743,1,11,0,-1,19,6,2,-1,0,0,0,0,0,0,1,1,-1,1,1,40,7,6700,2,15,ALEXANDER DENNIS MODEL MISSING,-1,-1,0,-1
2024311533188,2024,311533188,1,11,0,-1,2,1,5,-1,2,1,0,0,0,0,0,1,-1,1,1,16,4,6696,2,10,ALEXANDER DENNIS MODEL MISSING,-1,-1,0,-1
2024991422460,2024,991422460,1,11,0,-1,9,7,4,-1,0,8,0,0,0,0,1,1,-1,1,1,60,9,6700,2,15,ALEXANDER DENNIS MODEL MISSING,3,-1,0,1
2024991513698,2024,991513698,1,11,0,-1,19,6,2,-1,0,0,0,0,0,0,1,1,-1,1,1,66,10,4500,2,1,ALEXANDER DENNIS MODEL MISSING,6,-1,0,1
2024010538630,2024,010538630,1,11,0,3,3,6,2,0,0,1,0,0,0,0,2,1,1,1,1,54,8,4500,2,7,ALEXANDER DENNIS MODEL MISSING,4,E01002641,0,1
2024302400293,2024,302400293,1,11,0,4,4,2,6,0,0,2,0,0,0,0,0,1,1,1,1,27,6,4500,2,8,ALEXANDER DENNIS MODEL MISSING,5,E01019434,0,2
2024061531924,2024,061531924,1,11,0,-1,19,4,8,-1,0,2,0,0,0,0,1,1,-1,1,1,65,9,4461,2,11,ALEXANDER DENNIS MODEL MISSING,1,E01005132,0,1
2024451420575,2024,451420575,1,11,0,-1,19,7,3,-1,0,0,0,0,0,0,0,9,-1,1,1,51,8,4500,2,16,ALEXANDER DENNIS MODEL MISSING,3,E01023107,0,2
2024010544566,2024,010544566,1,11,0,4,4,5,1,0,0,1,0,0,1,0,0,1,1,1,1,58,9,6700,2,12,ALEXANDER DENNIS MODEL MISSING,2,E01000030,0,1
2024010506320,2024,010506320,1,11,0,18,19,5,1,0,0,2,0,0,0,0,3,1,1,1,1,47,8,6696,2,10,ALEXANDER DENNIS MODEL MISSING,8,E01003470,0,2
2024010516741,2024,010516741,1,11,0,18,19,6,2,0,0,2,0,0,0,0,3,1,1,1,1,48,8,4500,2,8,ALEXANDER DENNIS MODEL MISSING,3,E01003126,0,1
2024501405621,2024,501405621,2,11,0,-1,19,4,8,-1,0,0,0,0,0,0,3,1,-1,1,1,62,9,4500,2,13,ALEXANDER DENNIS MODEL MISSING,3,E01034171,0,1
2024010505489,2024,010505489,2,11,0,99,99,9,9,99,99,9,9,99,9,99,2,9,6,6,3,-1,-1,4500,2,6,ALEXANDER DENNIS MODEL MISSING,3,E01003310,0,1
2024010546436,2024,010546436,1,11,0,4,4,5,1,0,0,1,0,0,0,0,0,1,1,1,2,29,6,4500,2,5,ALEXANDER DENNIS MODEL MISSING,3,E01004004,0,1
2024010527824,2024,010527824,2,11,0,10,10,5,2,0,0,1,0,0,0,0,1,1,1,1,1,37,7,6700,2,5,ALEXANDER DENNIS MODEL MISSING,3,E01000032,0,2
2024991482426,2024,991482426,1,11,0,-1,7,7,1,-1,0,0,0,0,0,0,1,1,-1,9,1,36,7,6700,2,12,ALEXANDER DENNIS MODEL MISSING,6,-1,0,4
2024010539530,2024,010539530,1,11,0,18,19,3,7,0,0,1,0,0,0,0,1,1,1,1,1,53,8,4500,2,4,ALEXANDER DENNIS MODEL MISSING,5,E01000799,0,1
2024531521237,2024,531521237,3,11,0,-1,19,7,3,-1,0,0,0,0,0,0,0,1,-1,1,1,54,8,4461,2,9,ALEXANDER DENNIS MODEL MISSING,2,E01022285,0,4
2024010538182,2024,010538182,1,11,0,4,4,1,5,0,0,1,0,0,0,0,0,1,1,1,1,64,9,4500,2,6,ALEXANDER DENNIS MODEL MISSING,6,E01003681,0,3
2024010522135,2024,010522135,1,11,0,5,5,3,7,0,0,1,0,0,0,0,1,1,6,6,1,53,8,6700,2,14,ALEXANDER DENNIS MODEL MISSING,6,E01003751,0,1
2024010499806,2024,010499806,1,11,0,4,4,7,3,0,0,0,0,0,0,0,4,1,1,1,2,63,9,6700,2,14,ALEXANDER DENNIS MODEL MISSING,2,E01001144,0,2
2024061414819,2024,061414819,1,11,0,-1,19,8,4,-1,0,1,0,0,0,0,0,1,-1,1,1,32,6,4461,2,11,ALEXANDER DENNIS MODEL MISSING,-1,-1,0,-1
2024010532238,2024,010532238,2,11,0,99,99,9,9,99,99,9,9,99,9,99,1,9,6,6,3,-1,-1,6696,2,11,ALEXANDER DENNIS MODEL MISSING,3,E01016456,0,2
2024010520125,2024,010520125,1,11,0,5,5,7,3,2,2,0,0,0,0,0,0,1,1,1,1,20,4,4500,2,10,ALEXANDER DENNIS MODEL MISSING,6,E01003755,0,3
2024991488743,2024,991488743,1,11,0,-1,19,4,8,-1,0,1,0,0,0,0,4,1,-1,1,1,24,5,6700,2,9,ALEXANDER DENNIS MODEL MISSING,6,-1,0,2
2024161472062,2024,161472062,1,11,-1,-1,19,3,7,-1,0,1,0,0,0,0,0,9,-1,1,1,23,5,4461,2,9,ALEXANDER DENNIS MODEL MISSING,1,E01012855,0,1
2024311533992,2024,311533992,1,11,0,-1,19,1,5,-1,0,0,0,0,0,0,1,1,-1,1,1,49,8,8268,2,18,ALEXANDER DENNIS MODEL MISSING,7,E01026388,0,3
2024010550975,2024,010550975,2,11,0,18,19,7,3,0,0,0,0,0,0,0,3,1,1,1,1,42,7,4500,2,4,ALEXANDER DENNIS MODEL MISSING,9,E01004121,0,2
2024991433677,2024,991433677,2,11,0,-1,19,6,2,-1,0,8,0,0,0,0,4,2,-1,1,1,58,9,4500,2,6,ALEXANDER DENNIS MODEL MISSING,-1,-1,0,-1
2024010516998,2024,010516998,1,11,0,18,19,1,5,0,0,1,0,0,0,0,3,1,1,1,1,42,7,6700,2,12,ALEXANDER DENNIS MODEL MISSING,2,E01001509,0,1
2024010525929,2024,010525929,1,11,0,4,4,3,7,2,2,1,0,0,0,0,1,1,1,1,1,51,8,4500,2,8,ALEXANDER DENNIS MODEL MISSING,3,E01003922,0,1
2024010493665,2024,010493665,1,11,0,18,19,7,3,0,0,0,0,0,0,0,1,1,1,1,2,55,8,6700,2,12,ALEXANDER DENNIS MODEL MISSING,4,E01002308,0,1
2024010509774,2024,010509774,1,11,0,18,19,1,5,0,0,0,0,0,0,0,0,1,1,1,1,39,7,6700,2,13,ALEXANDER DENNIS MODEL MISSING,2,E01000097,0,1
2024010489415,2024,010489415,1,11,0,14,14,5,1,2,2,6,0,0,0,0,1,1,1,1,1,54,8,4500,2,8,ALEXANDER DENNIS MODEL MISSING,5,E01032567,0,2
2024052402604,2024,052402604,1,11,0,18,19,6,2,0,0,0,0,0,0,0,1,1,1,1,1,75,10,6700,2,7,ALEXANDER DENNIS MODEL MISSING,2,E01006667,0,2
2024451438947,2024,451438947,2,11,0,-1,7,8,4,-1,0,3,0,0,0,0,3,1,-1,1,1,33,6,4500,2,4,ALEXANDER DENNIS MODEL MISSING,6,E01001040,0,3
2024451507693,2024,451507693,3,11,0,-1,3,5,1,-1,0,0,0,0,0,0,0,1,-1,1,1,60,9,4500,2,13,ALEXANDER DENNIS MODEL MISSING,4,E01024296,0,4
2024010498837,2024,010498837,1,11,0,17,19,1,5,0,0,8,0,0,0,0,1,1,1,1,1,38,7,6700,2,13,ALEXANDER DENNIS MODEL MISSING,3,E01003567,0,1
202460Q112995,2024,60Q112995,1,11,0,4,4,7,3,0,0,1,0,0,0,0,3,1,1,1,1,61,9,4461,2,9,ALEXANDER DENNIS MODEL MISSING,-1,-1,0,-1
2024471406163,2024,471406163,2,11,0,-1,19,7,3,-1,0,1,0,0,0,0,4,1,-1,1,1,50,8,6700,2,14,ALEXANDER DENNIS MODEL MISSING,5,E01031810,0,3
2024010537224,2024,010537224,1,11,0,5,5,7,3,3,2,0,0,0,0,0,3,1,6,6,1,21,5,6700,2,13,ALEXANDER DENNIS MODEL MISSING,2,E01003489,0,3
2024101486851,2024,101486851,1,11,0,-1,5,7,3,-1,-1,2,0,0,0,0,2,9,-1,1,3,70,10,6700,2,13,ALEXANDER DENNIS MODEL MISSING,-1,-1,0,-1
2024010528776,2024,010528776,1,11,0,18,19,1,5,0,0,1,0,0,0,0,0,1,1,1,1,19,4,4500,2,8,ALEXANDER DENNIS MODEL MISSING,1,E01000528,0,2
2024010531799,2024,010531799,1,11,0,3,3,5,1,2,2,0,0,0,0,0,0,1,1,1,1,43,7,4500,2,6,ALEXANDER DENNIS MODEL MISSING,6,E01003359,0,3
2024010540500,2024,010540500,1,11,0,4,4,7,3,0,0,1,0,0,0,0,0,1,1,1,1,26,6,4461,2,11,ALEXANDER DENNIS MODEL MISSING,2,E01000012,0,1
2024010521758,2024,010521758,1,11,0,5,5,1,5,0,0,0,0,0,0,0,4,1,1,1,1,27,6,4500,2,4,ALEXANDER DENNIS MODEL MISSING,5,E01004076,0,2
2024991496854,2024,991496854,1,11,0,-1,5,1,4,-1,0,0,0,0,0,0,4,1,-1,9,1,43,7,4500,2,12,ALEXANDER DENNIS MODEL MISSING,2,-1,0,4
2024311434606,2024,311434606,2,11,0,-1,14,4,8,-1,0,0,0,0,0,0,1,1,-1,1,1,33,6,6700,2,1,ALEXANDER DENNIS MODEL MISSING,-1,-1,0,-1
2024141450353,2024,141450353,1,11,0,-1,19,8,4,-1,0,0,0,0,0,0,1,1,-1,1,1,50,8,4500,2,2,ALEXANDER DENNIS MODEL MISSING,4,E01011876,0,4
2024010493842,2024,010493842,1,11,0,99,99,9,9,99,99,9,9,99,9,99,9,9,1,1,1,58,9,4500,2,14,ALEXANDER DENNIS MODEL MISSING,2,E01000008,0,1
2024311437866,2024,311437866,1,11,0,-1,5,4,8,-1,0,1,0,0,0,0,0,9,-1,1,1,29,6,6700,2,1,ALEXANDER DENNIS MODEL MISSING,8,E01028246,0,1
2024552401078,2024,552401078,2,11,0,7,7,8,2,0,0,8,0,0,0,0,0,1,1,1,1,24,5,6700,2,12,ALEXANDER DENNIS MODEL MISSING,7,E01020538,0,3
2024010516956,2024,010516956,1,11,0,18,19,3,7,0,0,1,0,0,0,0,0,1,1,1,1,53,8,4500,2,10,ALEXANDER DENNIS MODEL MISSING,5,E01024161,0,3
2024101498987,2024,101498987,2,11,0,-1,7,6,1,-1,0,8,0,0,0,0,4,1,-1,1,1,39,7,6696,2,10,ALEXANDER DENNIS MODEL MISSING,2,E01008584,0,2
2024451399940,2024,451399940,2,9,0,-1,5,6,2,-1,0,0,0,0,0,0,3,1,-1,6,1,45,7,1991,2,17,CHEVROLET CAPTIVA,-1,-1,0,-1
2024430089288,2024,430089288,1,9,0,18,19,7,3,0,0,8,0,0,0,0,3,1,6,6,2,36,7,2231,2,11,CHEVROLET CAPTIVA,4,E01016455,0,1
2024461393694,2024,461393694,8,9,0,-1,4,4,8,-1,0,0,0,0,0,0,3,1,-1,9,1,50,8,1991,2,13,CHEVROLET CAPTIVA,3,E01021864,0,4
2024461487975,2024,461487975,2,9,0,-1,19,3,7,-1,0,1,0,0,0,0,2,1,-1,9,2,37,7,1991,2,14,CHEVROLET CAPTIVA,3,E01032830,0,1
2024221419302,2024,221419302,2,9,0,-1,3,5,1,-1,0,8,0,0,0,0,1,9,-1,6,2,32,6,1991,2,13,CHEVROLET CAPTIVA,4,E01014015,0,3
2024461411535,2024,461411535,1,9,0,-1,19,4,8,-1,0,2,2,0,0,0,4,1,-1,7,2,68,10,1991,2,15,CHEVROLET CAPTIVA,1,E01024563,0,1
2024131400420,2024,131400420,2,9,0,-1,5,4,8,-1,0,8,0,0,0,0,4,1,-1,9,1,35,6,2231,2,12,CHEVROLET CAPTIVA,2,E01011028,0,1
2024991579213,2024,991579213,1,9,0,-1,19,2,6,-1,0,1,0,0,0,0,1,1,-1,2,1,42,7,2231,2,10,CHEVROLET CAPTIVA,10,-1,0,1
2024131398306,2024,131398306,1,9,0,-1,19,5,1,-1,0,8,1,0,1,0,3,1,-1,6,1,45,7,2231,2,11,CHEVROLET CAPTIVA,3,E01011783,0,1
2024471493702,2024,471493702,1,9,0,-1,19,1,5,-1,0,2,0,0,0,0,1,1,-1,6,1,31,6,1991,2,14,CHEVROLET CAPTIVA,5,E01031403,0,1
2024221412045,2024,221412045,1,9,0,-1,19,3,7,-1,0,8,0,0,0,0,1,9,-1,6,2,42,7,2231,2,11,CHEVROLET CAPTIVA,5,E01028999,0,1
2024302400426,2024,302400426,1,9,0,7,7,5,8,0,0,2,2,0,7,9,1,2,6,6,1,56,9,1991,2,13,CHEVROLET CAPTIVA,7,E01019718,0,1
2024201427530,2024,201427530,1,9,0,-1,12,4,8,-1,0,0,0,0,0,0,4,9,-1,1,1,27,6,1991,2,14,CHEVROLET CAPTIVA,2,E01009623,0,1
2024101467318,2024,101467318,2,9,0,-1,-1,-1,-1,-1,-1,0,-1,-1,-1,0,0,9,-1,9,1,63,9,2231,2,11,CHEVROLET CAPTIVA,6,E01008179,0,1