collision_index,collision_year,collision_ref_no,vehicle_reference,vehicle_type,towing_and_articulation,vehicle_manoeuvre_historic,vehicle_manoeuvre,vehicle_direction_from,vehicle_direction_to,vehicle_location_restricted_lane_historic,vehicle_location_restricted_lane,junction_location,skidding_and_overturning,hit_object_in_carriageway,vehicle_leaving_carriageway,hit_object_off_carriageway,first_point_of_impact,vehicle_left_hand_drive,journey_purpose_of_driver_historic,journey_purpose_of_driver,sex_of_driver,age_of_driver,age_band_of_driver,engine_capacity_cc,propulsion_code,age_of_vehicle,generic_make_model,driver_imd_decile,lsoa_of_driver,escooter_flag,driver_distance_banding
2024052402132,2024,052402132,2,2,0,18,19,8,4,0,0,1,0,0,0,0,1,1,1,1,2,27,6,49,1,2,LEXMOTO DIABLO,1,E01006691,0,1
2024430112463,2024,430112463,2,3,0,1,1,6,2,0,0,0,0,0,0,0,4,1,6,6,1,32,6,125,1,4,LEXMOTO DIABLO,4,E01035247,0,1
2024131426559,2024,131426559,1,3,0,-1,19,1,1,-1,0,0,0,0,0,0,1,1,-1,6,-1,-1,-1,125,1,1,LEXMOTO DIABLO,-1,-1,0,-1
2024440390727,2024,440390727,1,2,0,18,19,8,4,0,0,0,0,0,0,0,1,1,6,6,1,16,4,49,1,0,LEXMOTO DIABLO,3,E01022908,0,2
2024440403568,2024,440403568,1,4,0,7,7,5,7,0,0,8,0,0,0,0,1,1,6,6,1,24,5,125,1,0,LEXMOTO DIABLO,10,E01022606,0,1
2024161519165,2024,161519165,2,2,0,-1,19,7,3,-1,0,1,1,0,0,0,3,1,-1,6,1,16,4,49,1,0,LEXMOTO DIABLO,4,E01013227,0,1
2024421512035,2024,421512035,1,3,0,-1,19,6,2,-1,0,8,1,4,0,0,1,1,-1,9,1,18,4,125,1,5,LEXMOTO DIABLO,10,E01022070,0,1
2024371504434,2024,371504434,1,3,0,-1,-1,-1,-1,-1,-1,0,-1,-1,-1,0,-1,1,-1,6,1,33,6,125,1,0,LEXMOTO DIABLO,4,E01026894,0,3
2024401434994,2024,401434994,1,3,0,-1,19,8,2,-1,0,1,0,0,0,0,4,1,-1,6,1,32,6,125,1,3,LEXMOTO DIABLO,-1,-1,0,-1
2024041430191,2024,041430191,2,3,0,-1,19,8,4,-1,0,0,2,0,0,0,0,1,-1,2,1,17,4,125,1,0,LEXMOTO DIABLO,7,E01025609,0,2
2024371508330,2024,371508330,1,2,0,-1,19,1,5,-1,0,1,0,0,0,0,1,1,-1,6,1,16,4,49,1,2,LEXMOTO DIABLO,10,E01030204,0,1
2024501426221,2024,501426221,1,3,0,-1,19,3,7,-1,0,0,1,0,0,0,1,1,-1,2,1,29,6,125,1,3,LEXMOTO DIABLO,8,E01020107,0,1
2024531504171,2024,531504171,1,3,0,-1,19,1,1,-1,0,0,5,12,0,0,1,1,-1,6,2,26,6,125,1,6,LEXMOTO DIABLO,10,E01022415,0,3
2024221471411,2024,221471411,1,3,0,-1,9,3,1,-1,0,6,0,0,0,0,1,1,-1,6,1,39,7,125,1,4,LEXMOTO DIABLO,4,E01014086,0,1
2024461496039,2024,461496039,2,3,0,-1,19,3,7,-1,0,1,0,0,0,0,1,1,-1,6,1,17,4,125,1,4,LEXMOTO DIABLO,6,E01016057,0,2
2024041514377,2024,041514377,2,2,0,-1,19,5,1,-1,0,1,5,0,0,0,1,1,-1,9,1,16,4,49,1,5,LEXMOTO DIABLO,1,E01012671,0,1
2024440046600,2024,440046600,1,3,0,18,19,5,1,0,0,8,0,0,0,0,4,1,6,6,2,53,8,125,1,2,LEXMOTO DIABLO,4,E01023261,0,1
2024501504814,2024,501504814,1,4,0,-1,19,6,2,-1,0,0,1,0,0,0,3,1,-1,2,1,24,5,125,1,2,LEXMOTO DIABLO,1,E01015263,0,1
2024440324346,2024,440324346,1,3,0,16,19,7,2,0,0,5,0,0,0,0,4,1,6,6,1,21,5,125,1,0,LEXMOTO DIABLO,4,E01023153,0,1
2024010525772,2024,010525772,1,3,0,99,99,9,9,99,99,9,9,99,9,99,9,1,2,2,1,38,7,125,1,2,LEXMOTO DIABLO,5,E01002607,0,1
2024131519109,2024,131519109,1,3,0,-1,4,7,3,-1,0,8,0,0,0,0,1,1,-1,2,1,25,5,125,1,2,LEXMOTO DIABLO,3,E01011936,0,3
2024010509188,2024,010509188,1,3,0,99,99,9,9,99,99,9,9,99,9,99,1,1,2,2,2,19,4,125,1,1,LEXMOTO DIABLO,2,E01001576,0,2
2024211436245,2024,211436245,2,3,0,-1,19,1,5,-1,0,1,0,0,0,0,2,1,-1,6,1,17,4,125,1,0,LEXMOTO DIABLO,5,E01029399,0,3
2024070846194,2024,070846194,1,3,0,-1,19,1,5,-1,0,0,1,0,0,0,1,1,-1,2,1,29,6,125,1,1,LEXMOTO DIABLO,5,E01018308,0,3
2024161459209,2024,161459209,2,3,0,-1,19,6,2,-1,2,1,5,0,0,0,1,1,-1,9,1,53,8,125,1,2,LEXMOTO DIABLO,3,E01012774,0,2
2024010539653,2024,010539653,1,2,0,18,19,1,5,0,0,0,0,0,0,0,4,1,6,6,1,26,6,125,1,3,LEXMOTO DIABLO,6,E01004481,0,1
2024010513822,2024,010513822,1,3,0,18,19,1,5,0,0,1,0,0,0,0,1,1,6,6,1,70,10,-1,3,1,MAKE AND MODEL REDACTED,4,E01003257,0,1
2024361488353,2024,361488353,2,4,0,-1,10,1,5,-1,0,1,0,0,8,0,2,1,-1,2,2,51,8,-1,3,0,MAKE AND MODEL REDACTED,7,E01026801,0,1
2024061465429,2024,061465429,1,9,0,-1,19,5,1,-1,0,0,1,10,1,0,1,1,-1,9,1,19,4,1600,1,34,MAZDA MX-5,1,E01005103,0,2
2024101398680,2024,101398680,1,9,0,-1,19,7,3,-1,9,0,1,0,7,0,1,1,-1,2,1,49,8,1798,1,15,MAZDA MX-5,3,E01008488,0,1
2024070437180,2024,070437180,1,9,0,7,7,2,6,0,0,0,1,0,7,9,1,1,2,2,1,23,5,1798,1,16,MAZDA MX-5,5,E01034678,0,4
202460Q050393,2024,60Q050393,1,9,0,18,19,5,1,0,0,1,0,0,0,0,1,1,6,6,1,18,4,1840,1,25,MAZDA MX-5,-1,-1,0,-1
2024010549610,2024,010549610,2,9,0,99,99,9,9,99,99,9,9,99,9,99,1,9,6,6,1,92,11,1496,1,1,MAZDA MX-5,10,E01030369,0,1
2024451441933,2024,451441933,1,9,0,-1,5,1,5,-1,0,1,0,0,0,0,2,1,-1,9,1,23,5,1840,1,27,MAZDA MX-5,5,E01030748,0,2
2024302500217,2024,302500217,1,9,0,16,19,4,7,0,0,0,2,0,1,11,1,1,2,2,1,29,6,1798,1,15,MAZDA MX-5,3,E01019810,0,2
2024061522438,2024,061522438,1,9,0,-1,19,8,4,-1,0,0,0,0,1,0,1,1,-1,6,1,20,4,1840,1,21,MAZDA MX-5,3,E01005309,0,1
2024430152172,2024,430152172,1,9,0,17,19,4,1,0,0,8,0,0,0,0,1,1,6,6,1,19,4,1798,1,14,MAZDA MX-5,8,E01010179,0,5
2024548041824,2024,548041824,1,9,0,18,19,1,5,0,0,1,0,0,0,0,1,1,2,2,1,33,6,1600,1,33,MAZDA MX-5,6,E01031985,0,1
2024041439867,2024,041439867,1,9,0,-1,19,7,3,-1,0,0,1,0,7,1,4,1,-1,2,1,19,4,1598,1,26,MAZDA MX-5,4,E01025556,0,4
2024440343496,2024,440343496,2,9,0,18,19,1,5,0,0,8,0,0,0,0,3,1,6,6,2,23,5,1798,1,16,MAZDA MX-5,5,E01016357,0,3
2024161398810,2024,161398810,1,9,0,-1,19,4,8,-1,0,0,1,0,7,4,1,1,-1,2,2,37,7,1798,1,18,MAZDA MX-5,8,E01013265,0,2
2024471428246,2024,471428246,2,9,0,-1,7,6,1,-1,0,1,0,0,1,0,2,1,-1,6,2,67,10,1798,1,13,MAZDA MX-5,7,E01021038,0,1
2024101410366,2024,101410366,2,9,0,-1,19,5,1,-1,0,0,0,0,0,0,3,1,-1,2,1,19,4,1598,1,21,MAZDA MX-5,7,E01018372,0,5
2024544840924,2024,544840924,2,9,0,18,19,5,1,0,0,0,0,0,1,10,1,1,6,6,1,64,9,1839,1,19,MAZDA MX-5,2,E01032093,0,1
2024010516771,2024,010516771,1,9,0,18,19,7,3,0,0,0,1,0,0,0,1,1,6,6,1,65,9,1999,1,18,MAZDA MX-5,9,E01004079,0,1
2024501490459,2024,501490459,1,9,0,-1,19,1,5,-1,0,0,0,0,1,0,1,1,-1,6,1,18,4,1598,1,25,MAZDA MX-5,4,E01018926,0,2
2024141513171,2024,141513171,2,9,0,-1,19,3,7,-1,0,1,0,0,0,0,1,1,-1,9,1,26,6,1998,1,6,MAZDA MX-5,2,E01008101,0,1
2024991426539,2024,991426539,1,9,0,-1,19,1,5,-1,0,0,0,0,1,9,1,1,-1,6,1,29,6,1999,1,15,MAZDA MX-5,7,E01018335,0,5
2024010510800,2024,010510800,2,9,0,17,19,5,2,0,0,1,0,0,0,0,1,1,6,6,1,35,6,1998,1,7,MAZDA MX-5,6,E01000339,0,1
2024122400920,2024,122400920,2,9,0,18,19,7,3,0,0,0,0,0,7,0,1,1,6,6,1,20,4,1840,1,26,MAZDA MX-5,10,E01034975,0,2
2024451486058,2024,451486058,1,9,0,-1,19,5,1,-1,0,0,5,10,7,11,3,1,-1,9,1,24,5,1999,1,13,MAZDA MX-5,7,E01030943,0,2
2024411489113,2024,411489113,1,9,0,-1,3,0,0,-1,0,1,0,0,0,0,3,1,-1,2,1,35,6,1798,1,10,MAZDA MX-5,10,E01023743,0,1
2024461504253,2024,461504253,4,9,0,-1,2,0,0,-1,9,0,0,0,0,0,4,1,-1,6,-1,-1,-1,1999,1,15,MAZDA MX-5,-1,-1,0,-1
2024131454555,2024,131454555,1,9,0,-1,11,1,5,-1,0,0,0,0,0,0,4,1,-1,6,1,53,8,1496,1,1,MAZDA MX-5,7,E01025909,0,5
2024552400225,2024,552400225,1,9,0,18,19,8,4,0,0,0,2,0,7,10,1,1,6,6,1,55,8,1597,1,31,MAZDA MX-5,8,E01020458,0,1
2024430205061,2024,430205061,1,9,0,18,19,-1,-1,0,0,0,5,0,0,0,3,1,6,6,1,22,5,1999,1,17,MAZDA MX-5,9,E01027288,0,4
2024411542974,2024,411542974,2,9,0,-1,3,2,6,-1,0,4,0,0,0,0,1,1,-1,6,1,46,8,1998,1,7,MAZDA MX-5,10,E01023374,0,3
2024302401206,2024,302401206,1,9,0,16,19,8,4,0,0,0,0,0,0,0,1,1,6,6,1,71,10,1998,1,0,MAZDA MX-5,8,E01029422,0,4
2024131427729,2024,131427729,2,9,0,-1,19,1,5,-1,0,0,0,0,0,0,1,1,-1,9,2,55,8,1999,1,18,MAZDA MX-5,5,E01018382,0,5
2024440490287,2024,440490287,1,9,0,18,19,5,1,0,0,0,0,0,0,0,1,1,6,6,1,59,9,1998,1,5,MAZDA MX-5,10,E01023231,0,1
2024552401114,2024,552401114,2,9,0,5,5,4,8,0,0,1,0,0,0,0,1,1,6,6,1,66,10,1798,1,17,MAZDA MX-5,8,E01020478,0,1
2024430479181,2024,430479181,2,9,0,18,19,6,2,0,0,8,0,0,0,0,1,1,6,6,1,75,10,1998,1,2,MAZDA MX-5,8,E01027008,0,4
2024041413182,2024,041413182,1,9,0,-1,19,4,8,-1,0,0,0,0,0,0,1,2,-1,2,2,35,6,1798,1,13,MAZDA MX-5,10,E01005048,0,2
2024320102717,2024,320102717,1,9,0,13,13,6,2,0,0,1,1,0,1,9,1,1,-1,-1,2,68,10,1999,1,17,MAZDA MX-5,6,E01026047,0,3
2024041508895,2024,041508895,1,9,0,-1,19,3,7,-1,0,0,1,0,1,2,3,1,-1,9,1,46,8,1999,1,16,MAZDA MX-5,2,E01025044,0,3
2024131430177,2024,131430177,1,9,0,-1,19,5,1,-1,0,0,1,0,2,4,1,1,-1,9,1,76,11,1798,1,17,MAZDA MX-5,9,E01011092,0,1
2024440548057,2024,440548057,1,9,0,18,19,3,7,0,0,0,0,0,0,0,4,1,6,6,2,54,8,1798,1,17,MAZDA MX-5,4,E01022568,0,1
2024332401111,2024,332401111,1,9,0,-1,19,6,2,-1,0,8,0,0,0,0,1,1,-1,6,2,62,9,1998,1,0,MAZDA MX-5,8,E01025888,0,2
2024010492372,2024,010492372,2,9,0,99,99,9,9,99,99,9,9,99,9,99,9,9,6,6,2,57,9,1999,1,18,MAZDA MX-5,4,E01003025,0,1
2024440423745,2024,440423745,2,9,0,18,19,4,8,0,0,1,1,0,0,0,1,1,2,2,1,20,4,1840,1,26,MAZDA MX-5,4,E01022805,0,2
2024501439615,2024,501439615,1,9,0,-1,19,1,5,-1,0,0,1,0,2,7,3,1,-1,9,1,18,4,1840,1,24,MAZDA MX-5,4,E01020271,0,2
2024031448098,2024,031448098,1,9,0,-1,3,7,3,-1,0,0,0,0,0,0,1,1,-1,9,1,56,9,1999,1,14,MAZDA MX-5,4,E01026385,0,5
2024440191815,2024,440191815,2,9,0,18,19,3,7,0,0,0,1,0,1,7,3,1,2,2,2,53,8,1798,1,14,MAZDA MX-5,6,E01022735,0,1
2024302500133,2024,302500133,1,9,0,-1,4,6,2,-1,0,0,0,0,0,0,2,1,-1,6,2,52,8,1999,1,13,MAZDA MX-5,5,E01035067,0,4
2024010502278,2024,010502278,2,9,0,99,99,9,9,99,99,9,9,99,9,99,1,9,6,6,3,-1,-1,1999,1,14,MAZDA MX-5,-1,-1,0,-1
2024041458597,2024,041458597,3,9,0,-1,9,3,7,-1,0,8,0,0,0,0,2,1,-1,1,1,36,7,1999,1,13,MAZDA MX-5,2,E01025247,0,2
2024351514841,2024,351514841,2,9,0,-1,19,5,1,-1,0,0,0,0,0,0,2,1,-1,6,2,55,8,1496,1,2,MAZDA MX-5,6,E01024425,0,5
2024031395558,2024,031395558,1,9,0,-1,19,4,4,-1,0,0,2,0,0,0,3,1,-1,9,2,25,5,1798,1,18,MAZDA MX-5,-1,-1,0,-1
2024547963724,2024,547963724,1,9,0,11,11,6,2,0,0,0,2,0,1,9,1,1,6,6,1,20,4,1840,1,26,MAZDA MX-5,10,E01030349,0,5
202460Q072071,2024,60Q072071,1,9,0,15,15,7,3,0,0,2,0,0,0,0,1,1,6,6,1,62,9,1999,1,17,MAZDA MX-5,-1,-1,0,-1
2024101480332,2024,101480332,1,9,0,-1,19,1,5,-1,0,8,0,0,0,0,1,1,-1,6,1,24,5,1598,1,24,MAZDA MX-5,2,E01020795,0,4
2024320552712,2024,320552712,2,9,0,-1,-1,8,4,0,0,0,1,0,7,0,1,1,6,6,1,59,9,1998,1,6,MAZDA MX-5,-1,-1,0,-1
2024451508255,2024,451508255,2,9,0,-1,2,0,0,-1,0,1,0,0,0,0,2,1,-1,6,-1,-1,-1,1798,1,18,MAZDA MX-5,-1,-1,0,-1
2024340NN2662,2024,340NN2662,1,9,0,-1,19,8,4,-1,0,0,0,0,0,0,4,1,-1,9,1,78,11,1999,1,13,MAZDA MX-5,9,E01027053,0,1
202454B995224,2024,54B995224,1,9,0,9,9,8,6,0,0,6,0,0,0,0,1,1,2,2,1,52,8,1999,1,14,MAZDA MX-5,8,E01031964,0,1
2024201480313,2024,201480313,1,9,0,-1,19,3,6,-1,0,0,1,10,4,4,1,1,-1,6,1,20,4,1839,1,19,MAZDA MX-5,3,E01031094,0,4
2024622400410,2024,622400410,2,9,0,18,19,6,2,0,0,8,0,0,0,0,1,1,6,6,1,31,6,1598,1,23,MAZDA MX-5,4,W01001837,0,1
2024531507425,2024,531507425,4,9,0,-1,2,0,0,-1,0,0,0,0,0,0,1,1,-1,6,-1,-1,-1,1496,1,6,MAZDA MX-5,-1,-1,0,-1
2024440495366,2024,440495366,1,9,0,18,19,5,1,0,0,6,0,0,0,0,4,1,6,6,3,-1,-1,1798,1,10,MAZDA MX-5,-1,-1,0,-1
2024141431947,2024,141431947,1,9,0,-1,5,6,1,-1,0,2,0,0,0,0,1,1,-1,2,1,26,6,1998,1,5,MAZDA MX-5,9,E01007419,0,2
2024010511254,2024,010511254,2,9,0,2,2,0,0,9,9,1,0,0,0,0,3,1,6,6,3,-1,-1,1839,1,29,MAZDA MX-5,-1,-1,0,-1
2024231508487,2024,231508487,3,9,0,-1,19,1,5,-1,0,0,0,0,0,0,0,9,-1,6,1,21,5,1840,1,23,MAZDA MX-5,6,E01031187,0,1
2024311522986,2024,311522986,1,9,0,-1,19,1,5,-1,0,0,2,0,1,0,4,1,-1,6,1,18,4,1840,1,22,MAZDA MX-5,10,E01028087,0,1
2024010533121,2024,010533121,1,9,0,4,4,7,3,0,0,2,0,0,0,0,3,1,6,6,2,77,11,1998,1,3,MAZDA MX-5,7,E01002871,0,1
2024501527238,2024,501527238,1,9,0,-1,19,6,2,-1,0,0,0,0,0,0,4,1,-1,9,1,26,6,1840,1,27,MAZDA MX-5,3,E01034865,0,2
2024631472651,2024,631472651,1,9,0,-1,19,2,6,-1,0,8,0,0,0,0,1,1,-1,6,1,68,10,1798,1,18,MAZDA MX-5,1,W01000708,0,2
2024031398016,2024,031398016,1,9,0,-1,19,5,1,-1,0,0,0,0,0,0,3,9,-1,2,1,26,6,1999,1,11,MAZDA MX-5,2,E01019111,0,1
2024991497940,2024,991497940,1,9,0,-1,13,5,1,-1,0,1,0,0,0,0,1,9,-1,6,1,57,9,1999,1,10,MAZDA MX-5,3,-1,0,3
2024501495979,2024,501495979,1,9,0,-1,19,5,1,-1,0,0,1,0,8,6,3,1,-1,9,2,44,7,1998,1,5,MAZDA MX-5,10,E01029104,0,4
2024311398252,2024,311398252,1,9,0,-1,19,6,2,-1,0,0,0,0,1,9,1,1,-1,6,1,86,11,1798,1,16,MAZDA MX-5,7,E01028005,0,1
2024471427107,2024,471427107,1,9,0,-1,13,3,7,-1,0,0,0,0,0,0,0,1,-1,6,1,19,4,1839,1,19,MAZDA MX-5,7,E01021166,0,1
2024320076882,2024,320076882,1,9,0,-1,-1,8,4,0,0,0,0,0,7,9,3,1,6,6,1,49,8,1798,1,16,MAZDA MX-5,7,E01026066,0,3
2024411492345,2024,411492345,2,9,0,-1,19,1,1,-1,0,1,5,11,1,2,3,1,-1,9,1,19,4,1598,1,33,MAZDA MX-5,10,E01023608,0,2
2024421504472,2024,421504472,2,9,0,-1,19,2,6,-1,0,0,0,0,0,0,4,1,-1,2,1,39,7,1496,1,8,MAZDA MX-5,8,E01021887,0,4
2024061471354,2024,061471354,2,9,0,-1,19,4,3,-1,0,1,0,0,0,0,1,1,-1,2,1,31,6,1839,1,21,MAZDA MX-5,1,E01012600,0,3
2024440081881,2024,440081881,2,9,0,18,19,8,4,0,0,8,0,0,7,4,1,1,6,6,1,26,6,1598,1,25,MAZDA MX-5,8,E01022718,0,1
2024471469398,2024,471469398,2,9,0,-1,2,0,0,-1,0,0,0,0,0,0,3,1,-1,6,-1,-1,-1,1999,1,13,MAZDA MX-5,-1,-1,0,-1
2024111481650,2024,111481650,2,9,0,-1,3,2,7,-1,0,2,0,0,0,0,2,1,-1,9,2,55,8,1597,1,19,MAZDA MX-5,4,E01020646,0,3
2024451431522,2024,451431522,1,9,0,-1,19,4,8,-1,0,0,5,0,0,0,1,1,-1,9,1,24,5,1597,1,31,MAZDA MX-5,10,E01030504,0,2
2024122401114,2024,122401114,1,9,0,5,5,7,3,0,0,6,0,0,0,0,1,1,6,6,1,63,9,1999,1,18,MAZDA MX-5,10,E01027901,0,1
2024440096668,2024,440096668,2,9,0,3,3,6,2,0,0,0,0,0,0,0,2,1,2,2,2,42,7,1496,1,6,MAZDA MX-5,7,E01023257,0,1
2024501406886,2024,501406886,1,9,0,-1,9,1,4,-1,0,8,0,11,0,0,4,9,-1,9,1,63,9,1999,1,15,MAZDA MX-5,7,E01020202,0,1
2024031505605,2024,031505605,2,9,0,-1,4,3,7,-1,0,0,0,0,1,0,2,1,-1,2,2,60,9,1839,1,20,MAZDA MX-5,5,E01019282,0,4
2024361453428,2024,361453428,1,9,0,-1,19,4,8,-1,0,0,2,12,7,0,1,1,-1,9,1,20,4,1839,1,20,MAZDA MX-5,4,E01026638,0,4
2024010524123,2024,010524123,1,9,0,12,12,3,7,0,0,0,0,0,0,0,3,1,6,6,2,62,9,1999,1,14,MAZDA MX-5,8,E01021826,0,4
2024231406707,2024,231406707,2,9,0,-1,9,6,4,-1,0,5,0,0,0,0,2,9,-1,6,2,49,8,1998,1,3,MAZDA MX-5,6,E01031017,0,1
2024451521335,2024,451521335,1,9,0,-1,3,4,8,-1,0,0,0,4,0,0,3,1,-1,6,2,23,5,1798,1,10,MAZDA MX-5,9,E01030696,0,1
2024061466245,2024,061466245,1,9,0,-1,19,2,7,-1,0,0,0,0,0,0,0,2,-1,6,1,22,5,1598,1,28,MAZDA MX-5,2,E01005473,0,1
2024540579824,2024,540579824,2,9,0,18,19,4,8,0,0,0,0,0,0,0,1,1,6,6,1,24,5,1840,1,23,MAZDA MX-5,1,E01012444,0,5
2024070902037,2024,070902037,1,9,0,-1,11,1,5,-1,0,0,0,0,0,0,1,1,-1,9,2,60,9,1998,1,16,MAZDA MX-5,6,E01019351,0,4
2024421483884,2024,421483884,1,9,0,-1,13,5,1,-1,0,8,0,0,0,0,1,1,-1,6,1,38,7,1999,1,18,MAZDA MX-5,7,E01021608,0,1
2024461407493,2024,461407493,1,9,0,-1,5,5,3,-1,0,1,0,0,0,0,1,9,-1,6,2,49,8,1496,1,7,MAZDA MX-5,4,E01024831,0,1
2024141441261,2024,141441261,1,9,0,-1,19,1,4,-1,0,2,0,4,0,0,1,1,-1,6,1,71,10,1798,1,14,MAZDA MX-5,2,E01007417,0,1
2024548481224,2024,548481224,1,9,0,18,19,3,7,0,0,3,0,0,1,2,1,1,6,6,1,19,4,1839,1,21,MAZDA MX-5,1,E01015558,0,1
2024501530221,2024,501530221,1,9,0,-1,19,4,8,-1,0,2,0,4,2,0,1,1,-1,9,1,37,7,1999,1,18,MAZDA MX-5,2,E01019990,0,1
2024311472183,2024,311472183,1,9,0,-1,3,4,7,-1,0,5,0,0,0,0,1,9,-1,2,1,26,6,1998,1,5,MAZDA MX-5,10,E01028084,0,2
2024411407136,2024,411407136,1,9,0,-1,19,5,1,-1,0,1,0,7,0,0,1,1,-1,6,1,28,6,1598,1,20,MAZDA MX-5,10,E01023441,0,1
2024991416614,2024,991416614,1,9,0,-1,19,5,2,-1,0,0,5,0,1,0,1,1,-1,9,1,69,10,1840,1,22,MAZDA MX-5,6,E01025026,0,5
202454B884824,2024,54B884824,1,9,0,18,19,2,6,0,0,0,2,0,1,11,1,1,6,6,1,79,11,1798,1,13,MAZDA MX-5,7,E01020202,0,5
2024471472709,2024,471472709,2,9,0,-1,9,5,1,-1,0,0,0,0,0,0,4,1,-1,6,1,25,5,1998,1,9,MAZDA MX-5,8,E01021088,0,1
2024461433529,2024,461433529,2,9,0,-1,19,1,5,-1,0,0,0,0,0,0,4,9,-1,6,2,52,8,1999,1,17,MAZDA MX-5,8,E01033210,0,4
2024430133251,2024,430133251,2,9,0,18,19,1,5,0,0,0,0,0,0,0,1,1,6,6,1,28,6,1998,1,6,MAZDA MX-5,10,E01016546,0,2
2024440133533,2024,440133533,1,9,0,18,19,8,4,0,0,0,0,0,0,0,1,1,6,6,1,19,4,1597,1,20,MAZDA MX-5,10,E01023222,0,2
2024501396154,2024,501396154,1,9,0,-1,19,3,7,-1,0,0,1,0,0,0,3,9,-1,2,1,41,7,1840,1,26,MAZDA MX-5,5,E01020084,0,3
2024211422203,2024,211422203,3,9,0,-1,3,4,8,-1,0,0,0,0,0,0,2,9,-1,6,1,55,8,1998,1,6,MAZDA MX-5,5,E01031016,0,3
2024991461085,2024,991461085,2,9,0,-1,19,5,1,-1,0,0,0,0,1,0,1,1,-1,2,1,24,5,1839,1,21,MAZDA MX-5,6,-1,0,2
2024421505681,2024,421505681,2,9,0,-1,19,3,7,-1,0,0,0,0,0,0,1,1,-1,9,1,24,5,1496,1,7,MAZDA MX-5,4,E01022018,0,2
2024010545164,2024,010545164,1,9,0,18,19,1,5,0,0,4,0,0,0,0,1,1,2,2,1,64,9,1999,1,13,MAZDA MX-5,10,E01000460,0,2
2024351491101,2024,351491101,1,9,0,-1,5,5,1,-1,0,4,0,0,0,0,2,1,-1,6,1,84,11,1999,1,17,MAZDA MX-5,8,E01018302,0,1
2024520003131,2024,520003131,1,9,0,9,9,5,2,0,0,8,0,0,0,0,1,1,6,6,1,45,7,1999,1,12,MAZDA MX-5,10,E01014412,0,1
2024471424738,2024,471424738,1,9,0,-1,-1,-1,-1,-1,-1,0,-1,-1,-1,0,1,9,-1,6,1,-1,-1,1590,1,35,MAZDA MX-5,-1,-1,0,-1
2024061434013,2024,061434013,1,9,0,-1,19,1,5,-1,0,0,0,0,0,0,4,1,-1,9,1,36,7,1798,1,16,MAZDA MX-5,4,E01005730,0,1
2024231455182,2024,231455182,2,9,0,-1,19,6,2,-1,0,0,0,0,0,0,3,9,-1,6,2,56,9,1798,1,17,MAZDA MX-5,6,E01010123,0,3
2024401509548,2024,401509548,1,9,0,-1,5,3,7,-1,0,0,0,0,0,0,3,1,-1,6,1,20,4,1598,1,23,MAZDA MX-5,8,E01026979,0,4
2024411463014,2024,411463014,2,9,-1,-1,9,5,3,-1,0,0,0,0,0,0,2,9,-1,9,2,57,9,1496,1,6,MAZDA MX-5,6,E01023762,0,2
2024421477617,2024,421477617,2,9,0,-1,19,3,7,-1,0,3,0,0,0,0,3,9,-1,9,1,24,5,1496,1,9,MAZDA MX-5,8,E01021537,0,1
2024122400914,2024,122400914,2,9,0,18,19,7,2,0,0,1,0,0,0,0,3,1,6,6,2,68,10,1597,1,19,MAZDA MX-5,6,E01012055,0,4
2024010506110,2024,010506110,4,9,0,2,2,0,0,0,0,0,0,0,0,0,4,1,6,6,3,-1,-1,1798,1,16,MAZDA MX-5,-1,-1,0,-1
2024351410542,2024,351410542,2,9,0,-1,9,8,4,-1,0,6,0,0,0,0,3,1,-1,6,2,79,11,1999,1,10,MAZDA MX-5,10,E01023659,0,1
2024041435651,2024,041435651,1,9,0,-1,19,5,1,-1,0,0,1,0,5,6,1,1,-1,9,1,19,4,1798,1,15,MAZDA MX-5,9,E01024980,0,1
2024552400904,2024,552400904,2,9,0,18,19,8,4,0,0,8,0,0,0,0,1,1,6,6,1,24,5,1598,1,23,MAZDA MX-5,3,E01015306,0,2
2024041484793,2024,041484793,2,9,0,-1,5,5,1,-1,0,4,0,0,0,0,3,1,-1,9,1,22,5,1798,1,15,MAZDA MX-5,8,E01025323,0,1
2024991502860,2024,991502860,1,9,0,-1,9,8,5,-1,0,5,0,0,0,0,4,1,-1,2,2,30,6,1798,1,10,MAZDA MX-5,-1,-1,0,-1
2024991535242,2024,991535242,2,9,0,-1,19,4,8,-1,0,1,0,0,7,1,1,1,-1,9,1,24,5,1998,1,6,MAZDA MX-5,10,-1,0,4
2024610029724,2024,610029724,1,9,0,18,19,6,2,0,0,0,0,0,1,11,1,1,6,6,1,19,4,1598,1,22,MAZDA MX-5,8,W01001569,0,1
2024440554568,2024,440554568,2,9,0,18,19,1,5,0,0,8,0,0,0,0,4,1,6,6,2,65,9,1839,1,21,MAZDA MX-5,6,E01017174,0,1
2024302400406,2024,302400406,1,9,0,18,19,6,2,0,0,0,1,0,1,6,4,1,6,6,1,60,9,1798,1,18,MAZDA MX-5,10,E01019592,0,4
2024320341252,2024,320341252,1,9,0,-1,-1,6,2,0,0,3,0,0,0,0,1,1,-1,-1,1,22,5,1597,1,19,MAZDA MX-5,9,E01034696,0,4
2024122500235,2024,122500235,2,9,0,18,19,3,7,0,0,8,0,0,0,0,4,1,6,6,1,21,5,1999,1,15,MAZDA MX-5,6,E01027736,0,4
2024451415160,2024,451415160,2,9,0,-1,2,0,0,-1,9,1,0,0,0,0,1,1,-1,6,-1,-1,-1,1999,1,12,MAZDA MX-5,-1,-1,0,-1