collision_index,collision_year,collision_ref_no,vehicle_reference,vehicle_type,towing_and_articulation,vehicle_manoeuvre_historic,vehicle_manoeuvre,vehicle_direction_from,vehicle_direction_to,vehicle_location_restricted_lane_historic,vehicle_location_restricted_lane,junction_location,skidding_and_overturning,hit_object_in_carriageway,vehicle_leaving_carriageway,hit_object_off_carriageway,first_point_of_impact,vehicle_left_hand_drive,journey_purpose_of_driver_historic,journey_purpose_of_driver,sex_of_driver,age_of_driver,age_band_of_driver,engine_capacity_cc,propulsion_code,age_of_vehicle,generic_make_model,driver_imd_decile,lsoa_of_driver,escooter_flag,driver_distance_banding
2024010526693,2024,010526693,1,9,0,18,19,5,1,0,0,1,0,0,0,0,1,2,6,6,2,25,5,999,1,6,AUDI A1,3,E01001970,0,1
2024430209517,2024,430209517,1,9,0,3,3,7,4,0,0,1,0,0,0,0,2,1,6,6,2,28,6,999,1,5,AUDI A1,10,E01017874,0,2
2024430089964,2024,430089964,1,9,0,18,19,8,4,0,0,0,0,0,0,0,1,1,2,2,2,23,5,999,1,7,AUDI A1,-1,-1,0,-1
2024471500499,2024,471500499,2,9,0,-1,-1,-1,-1,-1,-1,0,-1,-1,-1,0,-1,9,-1,6,2,19,4,1390,1,13,AUDI A1,6,E01035326,0,1
2024010507712,2024,010507712,1,9,9,18,19,5,1,8,6,1,0,11,1,99,1,9,6,6,3,26,6,1390,1,13,AUDI A1,-1,-1,0,-1
2024010505662,2024,010505662,1,9,0,9,9,3,1,0,0,7,0,0,0,0,4,1,2,2,1,33,6,999,1,1,AUDI A1,8,E01033487,0,1
2024201519229,2024,201519229,2,9,0,-1,19,5,7,-1,0,6,0,0,0,0,1,9,-1,6,1,20,4,999,1,4,AUDI A1,1,E01033648,0,2
2024461401096,2024,461401096,8,9,0,-1,19,5,1,-1,0,0,1,0,0,0,1,9,-1,9,1,22,5,1395,1,8,AUDI A1,9,E01024265,0,2
2024501516370,2024,501516370,2,9,0,-1,3,3,7,-1,0,4,0,0,0,0,2,9,-1,6,2,32,6,1395,1,8,AUDI A1,7,E01020080,0,3
2024991484945,2024,991484945,1,9,0,-1,19,8,4,-1,0,0,1,0,7,4,1,1,-1,9,2,65,9,999,1,1,AUDI A1,-1,-1,0,-1
2024010553990,2024,010553990,2,9,0,99,99,9,9,99,99,9,9,99,9,99,1,9,6,6,3,-1,-1,1395,1,9,AUDI A1,2,E01004394,0,1
2024451457658,2024,451457658,2,9,0,-1,1,8,4,-1,0,1,0,0,0,0,2,1,-1,6,1,-1,-1,999,1,5,AUDI A1,-1,-1,0,-1
2024451436295,2024,451436295,1,9,0,-1,19,3,7,-1,0,8,1,0,0,0,3,1,-1,2,2,57,9,1498,1,4,AUDI A1,8,E01030817,0,1
2024501483943,2024,501483943,1,9,0,-1,19,6,2,-1,0,0,0,0,0,0,1,1,-1,6,2,29,6,1390,1,11,AUDI A1,7,E01033967,0,5
2024471494910,2024,471494910,2,9,0,-1,19,7,4,-1,0,1,0,0,0,0,1,1,-1,9,2,36,7,1197,1,13,AUDI A1,4,E01021011,0,4
2024361420249,2024,361420249,2,9,0,-1,19,1,4,-1,0,0,0,0,0,0,3,9,-1,2,1,39,7,1598,2,13,AUDI A1,6,E01026767,0,1
2024010514734,2024,010514734,1,9,0,13,13,7,3,0,0,8,0,7,0,0,1,1,6,6,1,23,5,999,1,0,AUDI A1,2,E01001012,0,1
2024440106433,2024,440106433,2,9,0,4,4,6,2,0,0,0,0,0,0,0,2,1,6,6,1,45,7,1395,1,8,AUDI A1,10,E01023092,0,1
2024421402255,2024,421402255,2,9,0,-1,3,5,1,-1,0,0,0,0,0,0,2,1,-1,9,2,51,8,1197,1,10,AUDI A1,6,E01021362,0,1
2024010535396,2024,010535396,1,9,0,16,19,5,1,0,0,1,0,0,0,0,3,1,6,6,2,23,5,1390,1,11,AUDI A1,-1,-1,0,-1
2024501469906,2024,501469906,2,9,0,-1,19,8,4,-1,0,1,0,0,0,0,1,1,-1,2,2,26,6,1197,1,13,AUDI A1,4,E01015236,0,1
2024131509751,2024,131509751,1,9,0,-1,19,5,1,-1,0,3,0,0,0,0,1,1,-1,2,1,54,8,1395,1,6,AUDI A1,1,E01010654,0,3
2024461399250,2024,461399250,1,9,0,-1,3,2,4,-1,0,3,0,0,1,0,4,9,-1,6,2,25,5,1197,1,13,AUDI A1,10,E01024115,0,1
2024991535706,2024,991535706,1,9,0,-1,7,4,7,-1,0,0,0,0,0,0,1,1,-1,2,2,30,6,1390,1,12,AUDI A1,1,-1,0,1
2024201417960,2024,201417960,2,9,0,-1,2,0,0,-1,0,0,0,0,0,0,2,1,-1,9,2,28,6,1598,2,11,AUDI A1,2,E01010503,0,1
2024010541104,2024,010541104,1,9,0,12,12,3,7,0,0,1,0,0,0,0,3,1,6,6,1,21,5,999,1,3,AUDI A1,5,E01002455,0,3
2024010550281,2024,010550281,1,9,0,9,9,3,8,0,0,1,0,0,0,0,4,1,6,6,1,19,4,1395,1,8,AUDI A1,9,E01001606,0,2
2024461494330,2024,461494330,1,9,0,-1,19,1,5,-1,0,0,0,0,3,0,1,9,-1,6,2,20,4,1390,1,12,AUDI A1,-1,-1,0,-1
2024501469205,2024,501469205,1,9,0,-1,14,-1,-1,-1,0,0,0,0,0,0,3,1,-1,7,2,32,6,999,1,4,AUDI A1,9,E01015110,0,1
2024622400406,2024,622400406,2,9,0,18,19,2,6,0,0,8,0,0,0,0,3,1,6,6,2,20,4,1598,2,12,AUDI A1,10,W01001100,0,3
2024552400048,2024,552400048,2,9,0,12,12,2,6,0,0,8,0,0,1,6,3,1,6,6,2,80,11,1395,1,10,AUDI A1,9,E01015419,0,2
2024131536604,2024,131536604,1,9,0,-1,6,1,5,-1,0,0,0,0,0,0,1,1,-1,6,3,-1,-1,1598,2,8,AUDI A1,-1,-1,0,-1
2024131481512,2024,131481512,2,9,0,-1,11,8,4,-1,0,0,0,0,0,0,2,1,-1,2,2,23,5,999,1,5,AUDI A1,1,E01007341,0,4
2024061482410,2024,061482410,2,9,0,-1,2,0,0,-1,0,0,0,0,0,0,2,1,-1,6,-1,-1,-1,1598,2,10,AUDI A1,-1,-1,0,-1
2024320004247,2024,320004247,1,9,0,13,13,8,4,0,0,1,0,0,0,0,1,1,-1,-1,1,25,5,1498,1,5,AUDI A1,5,E01028144,0,4
2024451434006,2024,451434006,1,9,0,-1,19,5,1,-1,0,1,1,0,1,0,1,1,-1,6,2,18,4,1498,1,4,AUDI A1,10,E01031675,0,4
2024070562983,2024,070562983,1,9,0,4,4,3,6,0,0,0,1,0,0,0,1,1,6,6,2,-1,-1,1395,1,8,AUDI A1,8,W01000310,0,3
2024401507519,2024,401507519,2,9,0,-1,4,7,3,-1,0,0,0,0,0,0,2,1,-1,2,2,32,6,1395,1,6,AUDI A1,5,E01017557,0,3
2024010551058,2024,010551058,1,9,0,14,14,5,1,0,0,1,0,4,0,0,4,1,6,6,1,26,6,999,1,0,AUDI A1,5,E01001648,0,2
2024311491922,2024,311491922,2,9,0,-1,19,4,8,-1,0,8,0,0,0,0,4,1,-1,9,2,19,4,999,1,5,AUDI A1,10,E01028389,0,3
2024991516028,2024,991516028,1,9,0,-1,9,1,7,-1,0,2,0,0,1,0,1,1,-1,9,2,20,4,999,1,1,AUDI A1,-1,-1,0,-1
2024122400515,2024,122400515,2,9,0,18,19,3,7,0,0,1,0,0,0,0,1,1,2,2,2,23,5,1598,2,8,AUDI A1,1,E01012090,0,4
2024131533645,2024,131533645,1,9,0,-1,9,6,2,-1,0,0,0,0,0,0,-1,1,-1,6,3,-1,-1,1390,1,11,AUDI A1,-1,-1,0,-1
2024010540055,2024,010540055,1,9,0,18,19,3,7,0,0,1,0,0,0,0,1,1,6,6,3,24,5,1395,1,9,AUDI A1,-1,-1,0,-1
2024201512928,2024,201512928,1,9,0,-1,11,3,7,-1,0,1,2,10,1,2,2,1,-1,9,2,20,4,999,1,4,AUDI A1,3,E01009508,0,1
2024041464673,2024,041464673,2,9,0,-1,9,1,3,-1,0,8,0,0,0,0,3,1,-1,9,2,24,5,999,1,1,AUDI A1,8,E01025242,0,1
2024351491867,2024,351491867,1,9,0,-1,19,4,8,-1,0,6,0,0,0,0,4,1,-1,6,2,74,10,1498,1,0,AUDI A1,9,E01018177,0,3
2024010526619,2024,010526619,2,9,9,12,12,9,9,99,99,5,9,99,9,99,9,9,6,6,3,-1,-1,1395,1,8,AUDI A1,-1,-1,0,-1
2024131521811,2024,131521811,2,9,0,-1,2,1,5,-1,0,1,0,0,0,0,2,1,-1,9,2,25,5,1395,1,6,AUDI A1,8,E01011200,0,1
2024430485124,2024,430485124,1,9,0,7,7,6,1,0,0,2,0,0,0,0,3,1,6,6,2,30,6,999,1,0,AUDI A1,-1,-1,0,-1
2024552400761,2024,552400761,1,9,0,5,5,3,7,8,6,0,0,0,0,0,3,1,6,6,2,82,11,1498,1,3,AUDI A1,5,E01015296,0,1
2024061435045,2024,061435045,2,9,0,-1,3,-1,-1,-1,0,0,0,0,0,0,3,1,-1,6,2,-1,-1,1395,1,8,AUDI A1,2,E01005999,0,3
2024131459696,2024,131459696,1,9,0,-1,9,5,7,-1,0,8,0,0,0,0,1,1,-1,2,2,23,5,1390,1,11,AUDI A1,5,E01011648,0,1
2024041405026,2024,041405026,1,9,0,-1,5,7,3,-1,0,0,0,0,0,0,1,1,-1,2,2,46,8,1395,1,6,AUDI A1,2,E01005262,0,4
2024351482973,2024,351482973,1,9,0,-1,3,5,1,-1,0,1,0,0,0,0,2,1,-1,1,1,42,7,1984,1,5,AUDI A1,6,E01034443,0,1
2024440459324,2024,440459324,2,9,0,18,19,1,5,0,0,0,0,0,0,0,2,1,2,2,2,30,6,1598,2,9,AUDI A1,9,E01023136,0,1
2024501513232,2024,501513232,2,9,0,-1,11,3,7,-1,0,0,0,0,0,0,2,1,-1,9,2,19,4,1390,1,13,AUDI A1,3,E01015167,0,1
2024610049824,2024,610049824,2,9,0,18,19,6,2,0,0,0,0,0,0,0,1,1,6,6,2,-1,-1,999,1,3,AUDI A1,1,W01001689,0,2
2024421484802,2024,421484802,2,9,0,-1,19,7,3,-1,0,0,0,0,0,0,2,1,-1,9,2,28,6,999,1,5,AUDI A1,4,E01015959,0,1
2024061533411,2024,061533411,2,9,0,-1,3,3,7,-1,0,1,0,0,0,0,2,1,-1,9,2,23,5,1390,1,12,AUDI A1,1,E01005088,0,1
2024471467971,2024,471467971,2,9,0,-1,19,3,7,-1,0,0,0,0,0,0,1,1,-1,9,2,43,7,1598,2,12,AUDI A1,6,E01035331,0,1
2024201466595,2024,201466595,1,9,0,-1,9,2,7,-1,0,5,0,0,0,0,1,1,-1,6,1,60,9,1395,1,9,AUDI A1,4,E01009224,0,1
2024061492814,2024,061492814,3,9,0,-1,19,1,1,-1,0,0,0,0,0,0,2,1,-1,6,2,27,6,1395,1,7,AUDI A1,3,E01003237,0,5
2024451452270,2024,451452270,2,9,0,-1,2,0,0,-1,0,1,0,0,0,0,2,1,-1,6,-1,-1,-1,999,1,8,AUDI A1,-1,-1,0,-1
2024332400668,2024,332400668,1,9,0,-1,19,7,3,-1,0,4,5,0,0,0,1,1,-1,9,2,23,5,999,1,2,AUDI A1,5,E01025927,0,1
2024361444727,2024,361444727,2,9,0,-1,19,7,3,-1,0,1,0,0,0,0,4,1,-1,1,2,30,6,999,1,1,AUDI A1,9,E01026497,0,2
2024010547855,2024,010547855,1,9,0,18,19,5,1,0,0,1,0,7,0,0,1,1,6,6,2,24,5,1197,1,11,AUDI A1,1,E01002904,0,3
2024471534369,2024,471534369,1,9,0,-1,19,3,7,-1,0,0,1,0,0,0,4,1,-1,6,2,21,5,999,1,0,AUDI A1,9,E01021161,0,4
2024332400631,2024,332400631,2,9,0,-1,19,4,8,-1,0,0,0,0,0,0,1,1,-1,9,1,44,7,1390,1,12,AUDI A1,4,E01003635,0,5
2024101500900,2024,101500900,2,9,0,-1,19,3,7,-1,0,1,0,0,0,0,4,9,-1,2,2,24,5,999,1,3,AUDI A1,-1,-1,0,-1
2024991443815,2024,991443815,1,9,0,-1,19,7,3,-1,0,0,5,0,1,4,1,1,-1,9,2,17,4,999,1,0,AUDI A1,7,-1,0,1
2024351409237,2024,351409237,1,9,0,-1,19,6,6,-1,0,0,0,0,0,0,1,1,-1,9,2,21,5,1395,1,9,AUDI A1,7,E01015678,0,2
2024010553934,2024,010553934,2,9,0,99,99,9,9,99,99,9,9,99,9,99,2,9,6,6,3,-1,-1,999,1,0,AUDI A1,-1,-1,0,-1
2024010487303,2024,010487303,2,9,0,2,2,0,0,0,0,2,0,4,0,0,2,1,6,6,3,-1,-1,1395,1,9,AUDI A1,-1,-1,0,-1
2024131463270,2024,131463270,2,9,0,-1,19,8,4,-1,0,8,1,0,1,1,1,1,-1,9,2,20,4,1395,1,9,AUDI A1,6,E01010588,0,1
2024461403147,2024,461403147,1,9,0,-1,9,1,7,-1,0,1,0,0,0,0,4,1,-1,9,1,17,4,999,1,0,AUDI A1,7,E01024375,0,3
2024371532858,2024,371532858,1,9,0,-1,19,5,1,-1,0,0,0,0,0,0,1,1,-1,2,1,32,6,1390,1,12,AUDI A1,9,E01030238,0,2
2024991533832,2024,991533832,2,9,0,-1,9,6,5,-1,0,8,0,0,0,0,4,1,-1,9,2,31,6,999,1,4,AUDI A1,9,-1,0,3
2024461476277,2024,461476277,1,9,0,-1,7,5,1,-1,9,0,0,0,1,0,1,1,-1,6,1,19,4,999,1,0,AUDI A1,5,E01024179,0,1
2024122400199,2024,122400199,2,9,0,16,19,3,7,0,0,0,1,0,7,0,1,1,6,6,1,52,8,1598,2,9,AUDI A1,6,E01027763,0,3
2024061415660,2024,061415660,1,9,-1,-1,-1,-1,-1,-1,0,0,0,0,0,0,1,9,-1,6,1,29,6,1395,1,7,AUDI A1,8,E01004791,0,1
2024201523995,2024,201523995,2,9,0,-1,19,6,2,-1,0,1,0,0,0,0,2,1,-1,6,1,32,6,1390,1,13,AUDI A1,1,E01009125,0,1
2024010535084,2024,010535084,1,9,0,99,99,9,9,99,99,1,9,99,9,99,9,9,6,6,2,24,5,999,1,5,AUDI A1,3,E01001298,0,1
2024501426161,2024,501426161,2,9,0,-1,19,1,5,-1,0,0,0,0,3,0,2,1,-1,1,1,32,6,1598,2,12,AUDI A1,7,E01020145,0,1
2024111471034,2024,111471034,1,9,0,-1,9,3,8,-1,0,6,0,0,0,0,3,1,-1,6,2,17,4,999,1,2,AUDI A1,3,E01020827,0,1
2024201442376,2024,201442376,1,9,0,-1,5,8,2,-1,0,6,0,0,0,0,3,2,-1,6,2,30,6,1598,2,9,AUDI A1,4,E01009628,0,1
2024211477577,2024,211477577,2,9,0,-1,9,0,0,-1,0,0,0,0,0,0,3,1,-1,6,1,24,5,999,1,8,AUDI A1,1,E01014250,0,4
2024010508771,2024,010508771,1,9,0,9,9,5,3,0,0,6,0,0,0,0,3,1,6,6,2,24,5,1395,1,7,AUDI A1,1,E01001838,0,3
2024544085924,2024,544085924,2,9,0,18,19,8,4,0,0,0,0,0,0,0,2,1,6,6,2,20,4,1498,1,4,AUDI A1,8,E01032704,0,1
2024010516927,2024,010516927,1,9,0,18,19,1,5,0,0,1,0,0,0,0,1,1,6,6,1,36,7,1395,1,9,AUDI A1,-1,-1,0,-1
2024451437790,2024,451437790,1,9,0,-1,19,8,4,-1,0,1,0,0,0,0,1,1,-1,6,2,30,6,999,1,8,AUDI A1,10,E01030511,0,3
2024221492272,2024,221492272,3,9,0,-1,4,8,4,-1,0,8,0,0,0,0,2,1,-1,1,2,31,6,999,1,5,AUDI A1,4,E01032409,0,2
2024010517147,2024,010517147,2,9,0,18,19,5,1,0,0,1,0,0,0,0,1,1,6,6,2,21,5,999,1,1,AUDI A1,9,E01004115,0,1
2024010509953,2024,010509953,1,9,0,99,99,9,9,99,99,9,9,99,9,99,2,9,6,6,2,55,8,1390,1,13,AUDI A1,3,E01001491,0,1
2024371417653,2024,371417653,2,9,0,-1,19,7,3,-1,0,0,0,0,0,0,3,1,-1,6,2,18,4,1395,1,8,AUDI A1,5,E01030066,0,2
2024201516622,2024,201516622,1,9,0,-1,13,5,1,-1,0,2,1,0,0,0,1,9,-1,9,2,25,5,1598,2,9,AUDI A1,3,E01032536,0,1
2024141557912,2024,141557912,1,9,0,-1,5,1,5,-1,0,4,0,0,0,0,2,1,-1,6,2,22,5,999,1,3,AUDI A1,8,E01008131,0,2
2024211453330,2024,211453330,1,9,0,-1,19,7,3,-1,0,1,0,0,0,0,3,1,-1,9,2,79,11,1395,1,10,AUDI A1,6,E01019629,0,3
2024070109779,2024,070109779,2,9,0,17,19,6,2,0,0,0,0,0,0,0,1,1,6,6,2,33,6,1390,1,12,AUDI A1,5,E01004809,0,4
2024201467101,2024,201467101,1,9,0,-1,9,7,4,-1,0,6,0,0,0,0,1,9,-1,6,2,21,5,999,1,2,AUDI A1,9,E01009422,0,1
2024440070030,2024,440070030,1,9,0,18,19,8,4,0,0,0,0,0,0,0,1,1,6,6,2,59,9,1395,1,7,AUDI A1,10,E01022588,0,2
2024141415258,2024,141415258,1,9,0,-1,19,8,4,-1,0,0,0,0,1,0,1,9,-1,6,3,-1,-1,999,1,5,AUDI A1,-1,-1,0,-1
2024411469569,2024,411469569,2,9,-1,-1,-1,-1,-1,-1,-1,0,-1,-1,-1,0,-1,9,-1,6,2,32,6,1390,1,13,AUDI A1,4,E01023873,0,1
2024552400248,2024,552400248,1,9,0,9,9,8,6,0,0,6,0,0,0,0,3,1,6,6,2,19,4,999,1,5,AUDI A1,5,E01020466,0,2
2024010551303,2024,010551303,1,9,0,9,9,1,7,0,0,4,0,0,0,0,1,1,6,6,1,-1,-1,1395,1,7,AUDI A1,1,E01003486,0,3
2024522500346,2024,522500346,1,9,0,18,19,7,3,0,0,4,0,0,0,0,1,1,1,1,1,-1,-1,1390,1,12,AUDI A1,9,E01014862,0,2
2024461516815,2024,461516815,2,9,0,-1,2,0,0,-1,0,0,0,0,0,0,2,1,-1,6,-1,-1,-1,999,1,1,AUDI A1,-1,-1,0,-1
2024131506023,2024,131506023,1,9,0,-1,19,5,1,-1,0,0,5,0,1,9,1,1,-1,9,2,30,6,1390,1,11,AUDI A1,1,E01011721,0,1
2024320685254,2024,320685254,1,9,0,-1,-1,6,7,0,0,0,0,0,7,9,1,1,-1,-1,2,20,4,1598,2,8,AUDI A1,2,E01026277,0,2
202460Q158554,2024,60Q158554,2,9,0,4,4,6,2,0,0,1,1,0,0,0,2,1,6,6,1,60,9,1984,1,4,AUDI A1,-1,-1,0,-1
2024430154944,2024,430154944,2,9,0,3,3,3,7,0,0,0,0,0,0,0,2,1,2,2,1,23,5,1390,1,12,AUDI A1,8,E01028515,0,2
2024010504239,2024,010504239,1,9,0,18,19,5,1,9,9,6,0,4,0,0,1,1,1,1,2,29,6,999,1,1,AUDI A1,6,E01003840,0,1
2024451437790,2024,451437790,2,9,0,-1,9,1,6,-1,0,8,0,0,0,0,4,1,-1,2,2,25,5,1498,1,4,AUDI A1,9,E01030566,0,2
2024141532290,2024,141532290,2,9,0,-1,19,7,2,-1,0,0,0,0,0,0,1,1,-1,6,3,-1,-1,999,1,0,AUDI A1,-1,-1,0,-1
2024010510843,2024,010510843,1,9,0,18,19,1,5,0,0,0,0,0,0,0,1,1,6,6,2,75,10,1197,1,11,AUDI A1,8,E01002942,0,1
2024221502565,2024,221502565,1,9,0,-1,4,7,3,-1,0,0,0,0,5,6,2,1,-1,1,2,20,4,999,1,1,AUDI A1,10,E01014102,0,3
2024070446749,2024,070446749,1,9,0,10,10,5,3,0,0,5,0,0,0,0,1,1,6,6,2,30,6,1598,2,10,AUDI A1,-1,-1,0,-1
2024401540800,2024,401540800,3,9,0,-1,4,1,5,-1,0,0,0,0,0,0,2,1,-1,6,1,23,5,999,1,6,AUDI A1,3,E01033933,0,4
2024070439143,2024,070439143,1,9,0,18,19,1,5,0,0,0,0,0,0,11,3,1,2,2,2,20,4,1598,2,13,AUDI A1,9,E01018585,0,1
2024622400844,2024,622400844,3,9,0,18,19,8,4,0,0,0,0,0,1,0,2,1,2,2,2,26,6,1390,1,10,AUDI A1,6,W01001861,0,4
2024430454487,2024,430454487,1,9,0,17,19,1,3,0,0,6,2,10,1,9,1,1,2,2,2,31,6,999,1,1,AUDI A1,4,E01015578,0,4
2024010516527,2024,010516527,2,9,0,2,2,0,0,0,0,1,0,0,0,0,3,1,6,6,3,-1,-1,999,1,0,AUDI A1,-1,-1,0,-1
2024552500108,2024,552500108,2,9,0,18,19,7,3,0,0,8,0,0,0,0,3,1,2,2,2,26,6,1395,1,9,AUDI A1,7,E01015428,0,2
2024201416422,2024,201416422,4,9,0,-1,-1,4,8,-1,-1,0,0,0,0,0,1,1,-1,-1,1,25,5,999,1,3,AUDI A1,-1,-1,0,-1
2024991521535,2024,991521535,1,9,0,-1,7,3,7,-1,0,2,0,4,0,0,4,1,-1,2,2,25,5,1390,1,13,AUDI A1,4,-1,0,1
2024221438940,2024,221438940,1,9,0,-1,19,6,8,-1,0,0,0,0,0,0,1,1,-1,6,1,24,5,1390,1,13,AUDI A1,5,E01014041,0,2
2024101490019,2024,101490019,2,9,0,-1,3,1,5,-1,0,0,0,0,0,0,2,1,-1,6,2,22,5,999,1,1,AUDI A1,-1,-1,0,-1
2024070013810,2024,070013810,2,9,0,2,2,4,4,0,0,0,0,0,0,0,0,1,6,6,2,67,10,1598,2,8,AUDI A1,1,E01012526,0,1
2024302401564,2024,302401564,1,9,0,4,4,5,1,0,0,1,0,0,0,0,1,1,6,6,3,33,6,999,1,7,AUDI A1,-1,-1,0,-1
2024461445459,2024,461445459,1,9,0,-1,19,5,1,-1,0,1,0,0,0,0,1,9,-1,9,2,30,6,999,1,3,AUDI A1,2,E01024295,0,1
2024010508311,2024,010508311,1,9,0,9,9,3,1,0,0,8,0,0,0,0,3,1,1,1,1,32,6,1598,2,7,AUDI A1,8,E01035714,0,1
2024311417211,2024,311417211,2,9,0,-1,19,8,4,-1,0,1,0,0,0,0,1,1,-1,2,2,23,5,1395,1,6,AUDI A1,3,E01028297,0,3
2024320750018,2024,320750018,3,9,0,3,3,4,8,0,0,0,0,0,0,0,2,1,-1,-1,2,31,6,1598,2,13,AUDI A1,10,E01026357,0,1
2024351518630,2024,351518630,2,9,0,-1,4,2,6,-1,0,0,1,0,0,0,2,1,-1,6,2,25,5,999,1,3,AUDI A1,9,E01023656,0,2
2024231524759,2024,231524759,1,9,0,-1,19,4,8,-1,0,0,0,0,0,0,4,1,-1,9,1,22,5,1390,1,12,AUDI A1,9,E01031219,0,3
2024010544949,2024,010544949,2,9,0,99,99,9,9,99,99,9,9,99,9,99,1,9,6,6,3,34,6,1390,1,12,AUDI A1,-1,-1,0,-1
2024320344896,2024,320344896,1,9,0,1,1,6,2,9,9,6,0,0,0,0,2,1,-1,-1,2,49,8,1598,2,9,AUDI A1,9,E01029784,0,5
2024520002433,2024,520002433,1,9,0,1,1,4,8,0,0,0,0,0,0,0,2,1,6,6,1,44,7,999,1,1,AUDI A1,5,E01014466,0,1
2024320449284,2024,320449284,2,9,0,9,9,4,2,0,0,5,0,0,0,0,3,1,6,6,1,71,10,1390,1,10,AUDI A1,8,E01026212,0,2
2024522401281,2024,522401281,1,9,0,18,19,2,6,0,0,0,0,0,0,0,4,1,6,6,2,47,8,1598,2,11,AUDI A1,5,E01014675,0,1
2024061517879,2024,061517879,1,9,0,-1,5,-1,-1,-1,0,1,9,99,7,99,3,1,-1,9,2,28,6,999,1,5,AUDI A1,1,E01006240,0,1
2024311525957,2024,311525957,1,9,0,-1,7,3,3,-1,0,0,0,0,0,0,4,1,-1,2,2,21,5,1395,1,8,AUDI A1,5,E01019649,0,1
2024440393759,2024,440393759,1,9,0,18,19,1,5,0,0,0,0,4,0,0,1,1,6,6,1,82,11,1390,1,13,AUDI A1,9,E01023102,0,1
2024131463597,2024,131463597,3,9,0,-1,2,0,0,-1,9,2,0,0,0,0,2,1,-1,9,1,57,9,999,1,1,AUDI A1,2,E01010942,0,1
2024320495272,2024,320495272,1,9,0,4,4,8,4,0,0,1,0,0,0,0,2,1,-1,-1,2,44,7,1598,2,10,AUDI A1,1,E01026069,0,1
2024430462971,2024,430462971,1,9,0,1,1,6,2,0,0,0,0,0,0,0,4,1,6,6,2,-1,-1,1390,1,12,AUDI A1,-1,-1,0,-1
2024451513882,2024,451513882,1,9,0,-1,5,5,1,-1,0,0,1,0,0,0,3,1,-1,7,1,48,8,999,1,1,AUDI A1,7,E01030440,0,1
2024501427266,2024,501427266,1,9,0,-1,19,3,1,-1,0,0,0,0,0,0,1,1,-1,6,2,23,5,1395,1,9,AUDI A1,2,E01014499,0,4
2024332400283,2024,332400283,1,9,0,-1,9,3,1,-1,0,6,0,0,0,0,1,1,-1,9,1,68,10,999,1,1,AUDI A1,4,E01013705,0,1
2024332400312,2024,332400312,2,9,0,-1,13,5,1,-1,0,4,0,0,0,0,1,1,-1,6,1,17,4,999,1,2,AUDI A1,9,E01025876,0,3
2024122401247,2024,122401247,1,9,0,17,19,8,5,0,0,0,2,0,1,0,1,1,2,2,2,33,6,999,1,3,AUDI A1,10,E01027639,0,2
2024010523623,2024,010523623,2,9,0,99,99,9,9,99,99,4,9,99,9,99,1,9,6,6,3,-1,-1,999,1,4,AUDI A1,-1,-1,0,-1
2024622400108,2024,622400108,3,9,0,2,2,0,0,0,0,1,0,0,0,0,2,1,6,6,3,-1,-1,1395,1,8,AUDI A1,-1,-1,0,-1
2024991522485,2024,991522485,2,9,0,-1,5,8,4,-1,0,1,0,0,0,0,1,1,-1,2,2,22,5,999,1,3,AUDI A1,3,-1,0,1
2024411496255,2024,411496255,1,9,0,-1,19,7,3,-1,0,0,0,0,0,0,1,1,-1,6,2,17,4,999,1,8,AUDI A1,6,E01023663,0,2
2024471442418,2024,471442418,1,9,0,-1,9,7,5,-1,0,8,0,0,0,0,1,1,-1,9,1,33,6,1197,1,12,AUDI A1,7,E01021043,0,4
2024070753061,2024,070753061,1,9,0,-1,4,1,5,-1,0,3,0,4,2,2,1,1,-1,9,2,81,11,1598,2,10,AUDI A1,8,E01018391,0,2
2024131472592,2024,131472592,1,9,0,-1,19,7,3,-1,0,8,0,0,1,0,1,1,-1,2,2,26,6,999,1,6,AUDI A1,5,E01010651,0,1
2024311513233,2024,311513233,4,9,0,-1,19,2,5,-1,0,1,0,0,0,0,1,1,-1,2,2,23,5,999,1,7,AUDI A1,5,E01013913,0,2
2024421517314,2024,421517314,4,9,0,-1,19,5,1,-1,0,0,0,0,0,0,2,1,-1,9,1,24,5,999,1,1,AUDI A1,3,E01035658,0,4
2024201437452,2024,201437452,1,9,0,-1,5,4,8,-1,0,6,0,0,0,0,1,9,-1,6,2,31,6,1395,1,9,AUDI A1,-1,-1,0,-1
2024010504991,2024,010504991,2,9,0,5,5,9,9,99,99,0,9,99,9,99,1,9,6,6,3,-1,-1,999,1,3,AUDI A1,7,E01000668,0,1
2024991458813,2024,991458813,1,9,0,-1,19,4,7,-1,0,0,0,0,0,0,4,1,-1,9,2,24,5,1395,1,7,AUDI A1,3,-1,0,1
2024991415891,2024,991415891,1,9,0,-1,9,4,8,-1,0,1,0,0,0,0,1,1,-1,6,2,23,5,999,1,2,AUDI A1,6,-1,0,1
2024131427661,2024,131427661,3,9,0,-1,2,5,5,-1,0,8,0,0,0,0,4,1,-1,6,-1,-1,-1,999,1,5,AUDI A1,-1,-1,0,-1
2024522500104,2024,522500104,3,9,0,18,19,7,3,0,0,0,0,0,0,0,2,1,6,6,2,60,9,1395,1,7,AUDI A1,10,E01015001,0,1
2024451402514,2024,451402514,2,9,0,-1,9,1,3,-1,0,1,1,0,0,0,1,1,-1,1,2,49,8,999,1,3,AUDI A1,3,E01031657,0,4