collision_index,collision_year,collision_ref_no,vehicle_reference,vehicle_type,towing_and_articulation,vehicle_manoeuvre_historic,vehicle_manoeuvre,vehicle_direction_from,vehicle_direction_to,vehicle_location_restricted_lane_historic,vehicle_location_restricted_lane,junction_location,skidding_and_overturning,hit_object_in_carriageway,vehicle_leaving_carriageway,hit_object_off_carriageway,first_point_of_impact,vehicle_left_hand_drive,journey_purpose_of_driver_historic,journey_purpose_of_driver,sex_of_driver,age_of_driver,age_band_of_driver,engine_capacity_cc,propulsion_code,age_of_vehicle,generic_make_model,driver_imd_decile,lsoa_of_driver,escooter_flag,driver_distance_banding
2024991531473,2024,991531473,2,9,0,-1,19,5,1,-1,0,0,0,0,0,0,1,1,-1,2,2,19,4,1395,1,9,AUDI A1,8,-1,0,1
2024010544268,2024,010544268,2,9,0,4,4,7,3,0,0,0,0,0,0,0,2,1,2,2,2,25,5,999,1,0,AUDI A1,8,E01021513,0,4
2024461473647,2024,461473647,3,9,0,-1,2,0,0,-1,0,0,0,0,0,0,3,1,-1,6,-1,-1,-1,1390,1,10,AUDI A1,-1,-1,0,-1
2024991559765,2024,991559765,1,9,0,-1,5,7,3,-1,0,0,0,4,1,0,1,1,-1,6,1,22,5,999,1,0,AUDI A1,2,-1,0,1
2024361475275,2024,361475275,1,9,0,-1,5,2,8,-1,0,0,0,0,0,0,1,1,-1,6,2,20,4,999,1,1,AUDI A1,4,E01035137,0,1
2024010523283,2024,010523283,2,9,0,99,99,9,9,0,0,1,0,99,9,99,9,9,6,6,3,-1,-1,1390,1,12,AUDI A1,-1,-1,0,-1
202460Q147758,2024,60Q147758,2,9,0,10,10,3,2,0,0,2,1,0,0,0,4,1,6,6,2,33,6,1390,1,13,AUDI A1,-1,-1,0,-1
2024461456168,2024,461456168,1,9,0,-1,9,8,6,-1,0,5,0,0,0,0,3,1,-1,6,2,19,4,1197,1,12,AUDI A1,8,E01024451,0,1
2024070446749,2024,070446749,3,9,0,18,19,5,1,0,0,1,0,0,0,0,2,1,6,6,2,30,6,999,1,2,AUDI A1,-1,-1,0,-1
2024101530423,2024,101530423,2,9,0,-1,13,7,4,-1,0,0,0,0,0,0,4,1,-1,2,2,20,4,999,1,7,AUDI A1,7,E01034518,0,2
2024411479077,2024,411479077,1,9,0,-1,19,3,7,-1,0,1,1,0,7,4,1,1,-1,9,1,20,4,1390,1,12,AUDI A1,3,E01034038,0,4
2024552401318,2024,552401318,1,9,0,18,19,8,4,0,0,0,0,0,0,0,1,1,6,6,1,27,6,999,1,7,AUDI A1,2,E01015362,0,1
2024141475867,2024,141475867,1,9,0,-1,19,2,6,-1,0,0,0,4,0,0,1,1,-1,6,2,18,4,999,1,4,AUDI A1,5,E01007924,0,1
202417M318624,2024,17M318624,3,9,0,-1,19,4,7,-1,0,8,0,0,0,0,3,1,-1,2,2,55,8,999,1,4,AUDI A1,1,E01012250,0,2
2024010542904,2024,010542904,1,9,9,99,99,9,9,99,99,9,9,99,9,99,1,9,6,6,2,23,5,999,1,5,AUDI A1,2,E01033146,0,1
2024161423847,2024,161423847,2,9,0,-1,9,5,3,-1,0,8,0,0,0,0,1,1,-1,1,2,24,5,999,1,5,AUDI A1,10,E01033495,0,4
2024361472474,2024,361472474,2,9,0,-1,19,7,3,-1,0,8,0,0,0,0,4,1,-1,2,2,40,7,1390,1,11,AUDI A1,3,E01026639,0,1
2024010508433,2024,010508433,1,9,0,99,99,9,9,99,99,9,9,99,9,99,2,9,6,6,2,35,6,999,1,1,AUDI A1,9,E01028802,0,4
2024141400334,2024,141400334,1,9,0,-1,19,8,4,-1,0,0,0,0,0,0,1,1,-1,9,2,27,6,999,1,4,AUDI A1,5,E01007887,0,2
2024111493449,2024,111493449,2,9,0,-1,19,8,4,-1,0,1,0,0,0,0,1,1,-1,1,2,57,9,1598,2,12,AUDI A1,4,E01020630,0,2
2024421482439,2024,421482439,1,9,0,-1,19,7,8,-1,0,1,5,4,0,0,1,1,-1,9,2,21,5,999,1,1,AUDI A1,4,E01002311,0,3
2024010550715,2024,010550715,2,9,0,99,99,9,9,99,99,9,9,99,9,99,2,9,6,6,3,-1,-1,1390,1,11,AUDI A1,-1,-1,0,-1
2024231412391,2024,231412391,1,9,0,-1,19,5,1,-1,0,1,1,0,0,0,1,1,-1,2,2,29,6,1598,2,12,AUDI A1,2,E01031044,0,1
2024371489614,2024,371489614,1,9,0,-1,19,3,1,-1,0,1,0,0,0,0,3,1,-1,9,1,20,4,999,1,9,AUDI A1,6,E01003641,0,4
2024461438890,2024,461438890,2,9,0,-1,4,7,3,-1,0,0,0,0,0,0,2,1,-1,6,2,30,6,1197,1,13,AUDI A1,1,E01024667,0,1
2024991404044,2024,991404044,2,9,0,-1,19,5,1,-1,0,1,0,0,0,0,1,1,-1,2,2,64,9,1598,2,8,AUDI A1,-1,-1,0,-1
2024141512841,2024,141512841,1,9,0,-1,19,4,8,-1,0,0,0,0,1,11,1,1,-1,9,1,19,4,999,1,1,AUDI A1,1,E01028001,0,2
2024111405397,2024,111405397,1,9,0,-1,19,1,5,-1,0,2,1,0,3,1,1,1,-1,6,2,26,6,999,1,3,AUDI A1,7,E01012345,0,2
2024461435441,2024,461435441,2,9,0,-1,4,3,7,-1,0,0,0,0,0,0,2,9,-1,2,2,36,7,1390,1,11,AUDI A1,5,E01024164,0,1
2024332400434,2024,332400434,1,9,0,-1,13,1,5,-1,0,8,0,0,0,0,4,1,-1,6,1,73,10,1390,1,12,AUDI A1,6,E01013710,0,1
2024201417449,2024,201417449,4,9,0,-1,2,0,0,-1,0,0,0,0,0,0,1,9,-1,6,1,62,9,1598,2,10,AUDI A1,3,E01010144,0,1
2024131508614,2024,131508614,1,9,0,-1,-1,-1,-1,-1,-1,-1,-1,-1,-1,-1,-1,1,-1,2,2,26,6,1598,2,11,AUDI A1,5,E01011164,0,1
2024991434123,2024,991434123,2,9,0,-1,19,1,4,-1,0,0,0,0,0,0,1,1,-1,9,2,21,5,999,1,1,AUDI A1,1,-1,0,1
2024131498433,2024,131498433,1,9,0,-1,14,2,6,-1,0,0,0,0,0,0,4,1,-1,9,2,17,4,999,1,8,AUDI A1,8,E01011884,0,2
2024451398233,2024,451398233,1,9,0,-1,3,1,5,-1,0,0,0,0,0,0,2,9,-1,9,2,24,5,1498,1,1,AUDI A1,7,E01030455,0,2
2024201517047,2024,201517047,2,9,0,-1,19,1,2,-1,0,0,0,0,0,0,1,1,-1,2,2,49,8,1395,1,7,AUDI A1,5,E01010014,0,1
2024101505190,2024,101505190,2,9,0,-1,19,5,1,-1,0,8,0,0,0,0,1,1,-1,2,2,20,4,999,1,0,AUDI A1,4,E01027498,0,1
2024101485965,2024,101485965,1,9,0,-1,13,3,7,-1,0,0,0,0,0,0,1,1,-1,9,1,19,4,1598,2,13,AUDI A1,7,E01008197,0,1
2024622400431,2024,622400431,1,9,0,18,19,7,3,0,0,2,0,0,0,0,1,1,6,6,2,17,4,999,1,7,AUDI A1,10,W01001916,0,1
2024131478183,2024,131478183,2,9,0,-1,7,1,1,-1,0,3,0,0,0,0,4,1,-1,9,1,24,5,999,1,0,AUDI A1,3,E01011325,0,2
2024010494395,2024,010494395,1,9,0,7,7,4,6,0,0,1,0,0,0,0,2,1,6,6,2,55,8,1395,1,8,AUDI A1,5,E01002619,0,1
2024131473622,2024,131473622,1,9,0,-1,19,1,2,-1,0,8,0,0,3,11,2,1,-1,9,2,17,4,999,1,1,AUDI A1,8,E01032503,0,1
2024411439955,2024,411439955,1,9,0,-1,19,1,5,-1,0,0,0,0,0,0,1,1,-1,6,2,20,4,1598,2,10,AUDI A1,7,E01023776,0,1
2024131432399,2024,131432399,2,9,0,-1,19,5,1,-1,0,0,0,0,0,0,1,1,-1,9,2,34,6,1395,1,7,AUDI A1,3,E01011153,0,2
2024471473620,2024,471473620,1,9,0,-1,19,1,5,-1,0,0,0,0,0,0,1,1,-1,6,1,56,9,999,1,2,AUDI A1,3,E01031598,0,4
2024031405907,2024,031405907,1,9,0,-1,19,4,1,-1,0,2,0,0,1,0,3,9,-1,6,2,18,4,1598,2,9,AUDI A1,-1,-1,0,-1
2024010550566,2024,010550566,2,9,0,99,99,9,9,99,99,9,9,99,9,99,2,9,6,6,2,35,6,1390,1,12,AUDI A1,3,E01004004,0,1
2024221501037,2024,221501037,1,9,0,-1,13,5,1,-1,0,8,5,0,0,0,1,1,-1,6,1,26,6,999,1,0,AUDI A1,8,E01022300,0,4
2024522500207,2024,522500207,2,9,0,4,4,6,2,0,0,8,0,0,0,0,2,1,6,6,2,23,5,1598,2,10,AUDI A1,7,E01031868,0,4
2024010527440,2024,010527440,2,9,0,18,19,7,3,0,0,1,0,4,0,0,1,1,6,6,1,26,6,999,1,5,AUDI A1,3,E01033593,0,1
2024991465437,2024,991465437,1,9,0,-1,19,7,3,-1,0,0,1,0,0,0,1,1,-1,6,2,58,9,999,1,1,AUDI A1,9,-1,0,3
2024461465025,2024,461465025,1,9,0,-1,19,4,8,-1,0,8,0,0,0,0,1,1,-1,9,2,36,7,1395,1,6,AUDI A1,7,E01024350,0,1
2024552400300,2024,552400300,1,9,0,12,12,6,2,0,0,0,0,0,0,0,3,1,2,2,2,54,8,1395,1,8,AUDI A1,8,E01020376,0,1
2024531509167,2024,531509167,1,9,0,-1,19,3,7,-1,9,0,0,0,1,0,1,1,-1,2,1,31,6,1390,1,11,AUDI A1,2,E01022292,0,1
202417L103324,2024,17L103324,2,9,0,-1,19,2,6,-1,0,1,0,0,0,0,1,1,-1,9,2,-1,-1,1395,1,6,AUDI A1,-1,-1,0,-1
2024221468529,2024,221468529,1,9,0,-1,19,7,2,-1,0,0,2,0,7,11,1,1,-1,9,2,25,5,1598,2,12,AUDI A1,5,E01014009,0,2
2024320654396,2024,320654396,1,9,0,7,7,5,7,0,0,6,0,0,0,0,3,1,-1,-1,2,25,5,1395,1,6,AUDI A1,-1,-1,0,-1
2024221495379,2024,221495379,3,9,0,-1,4,7,3,-1,0,2,0,0,0,0,0,1,-1,6,1,27,6,1598,2,13,AUDI A1,3,E01022245,0,4
2024010510981,2024,010510981,2,9,9,99,99,9,9,99,99,0,9,99,9,99,9,9,6,6,3,-1,-1,1197,1,11,AUDI A1,-1,-1,0,-1
2024201516458,2024,201516458,2,9,0,-1,19,1,5,-1,0,8,1,0,0,0,3,1,-1,9,1,43,7,999,1,1,AUDI A1,1,E01009073,0,1
2024451459561,2024,451459561,2,9,0,-1,4,3,7,-1,0,1,0,0,0,0,3,1,-1,6,3,30,6,1395,1,8,AUDI A1,-1,-1,0,-1
2024411427558,2024,411427558,2,9,0,-1,3,-1,-1,-1,0,1,0,0,0,0,2,9,-1,2,1,27,6,999,1,6,AUDI A1,4,E01023785,0,1
2024010522443,2024,010522443,1,9,0,15,15,7,3,0,0,1,0,0,1,0,2,1,6,6,2,63,9,1390,1,10,AUDI A1,6,E01002374,0,2
2024131394900,2024,131394900,1,9,0,-1,19,7,3,-1,0,0,0,0,0,0,1,1,-1,6,3,-1,-1,1395,1,8,AUDI A1,-1,-1,0,-1
2024041500988,2024,041500988,1,9,0,-1,19,1,5,-1,0,0,0,0,0,0,4,1,-1,9,2,21,5,999,1,0,AUDI A1,7,E01019091,0,4
2024201470613,2024,201470613,1,9,0,-1,19,6,2,-1,0,3,0,0,0,0,1,1,-1,6,1,-1,-1,999,1,1,AUDI A1,-1,-1,0,-1
2024010531059,2024,010531059,1,9,0,18,19,7,3,0,0,8,0,0,0,0,1,1,6,6,2,24,5,999,1,0,AUDI A1,3,E01001983,0,1
2024332400001,2024,332400001,2,9,0,-1,19,8,4,-1,0,8,0,0,0,0,1,1,-1,6,2,28,6,1390,1,10,AUDI A1,7,E01035396,0,4
2024501455184,2024,501455184,2,9,0,-1,5,1,5,-1,0,0,0,0,0,0,3,9,-1,6,2,27,6,1598,2,6,AUDI A1,3,E01015166,0,3
2024141398230,2024,141398230,2,9,0,-1,19,5,1,-1,0,1,0,0,0,0,2,1,-1,6,2,21,5,1395,1,9,AUDI A1,8,E01007383,0,1
2024471442403,2024,471442403,2,9,0,-1,4,4,8,-1,0,1,0,0,0,0,1,1,-1,6,2,27,6,999,1,4,AUDI A1,4,E01031575,0,4
2024221459288,2024,221459288,1,9,0,-1,19,5,1,-1,0,0,5,0,0,0,1,1,-1,6,2,18,4,1390,1,11,AUDI A1,2,E01032202,0,1
2024421398125,2024,421398125,1,9,0,-1,4,1,5,-1,0,8,0,0,0,0,1,1,-1,6,2,59,9,1395,1,8,AUDI A1,5,E01033140,0,1
2024622400258,2024,622400258,1,9,0,18,19,4,8,0,0,1,0,0,0,0,1,1,6,6,1,32,6,1598,2,11,AUDI A1,3,W01001265,0,1
2024010513625,2024,010513625,1,9,0,18,19,7,3,2,2,8,0,0,0,0,1,1,2,2,1,18,4,1390,1,10,AUDI A1,6,E01003737,0,1
2024301522902,2024,301522902,2,9,0,-1,-1,8,4,-1,-1,0,9,99,1,99,1,1,-1,-1,1,85,11,1395,1,6,AUDI A1,-1,-1,0,-1
2024430087162,2024,430087162,1,9,0,9,9,8,6,0,0,6,0,0,0,0,3,1,6,6,2,19,4,1598,2,8,AUDI A1,-1,-1,0,-1
2024302400055,2024,302400055,1,9,0,18,19,2,6,0,0,2,0,0,0,0,1,1,6,6,3,-1,-1,1598,2,9,AUDI A1,5,E01019456,0,4
2024010512297,2024,010512297,2,9,0,18,19,1,5,0,0,3,0,0,0,0,1,1,6,6,2,48,8,1395,1,9,AUDI A1,2,E01003048,0,1
2024361522843,2024,361522843,2,9,0,-1,9,-1,-1,-1,0,2,0,0,3,0,3,1,-1,2,2,20,4,1390,1,12,AUDI A1,7,E01026434,0,1
2024461497717,2024,461497717,2,9,0,-1,4,3,7,-1,0,0,0,0,0,0,2,9,-1,9,2,-1,-1,999,1,5,AUDI A1,7,E01024794,0,3
2024201480219,2024,201480219,1,9,0,-1,9,3,1,-1,0,6,1,0,0,0,3,1,-1,6,1,23,5,1598,2,11,AUDI A1,2,E01009833,0,1
2024302400943,2024,302400943,2,9,0,4,4,3,7,0,0,1,0,0,0,0,2,2,6,6,2,25,5,999,1,2,AUDI A1,7,E01029798,0,4
2024501447534,2024,501447534,1,9,0,-1,19,4,8,-1,0,0,1,0,1,0,1,1,-1,9,2,21,5,1598,2,10,AUDI A1,4,E01018895,0,4
2024501428682,2024,501428682,2,9,0,-1,4,3,7,-1,0,1,0,0,0,0,2,1,-1,9,2,53,8,999,1,1,AUDI A1,9,E01019951,0,4
2024311453398,2024,311453398,1,9,0,-1,9,2,7,-1,9,6,0,0,0,0,1,1,-1,2,2,31,6,1598,2,9,AUDI A1,7,E01028182,0,1
2024421519000,2024,421519000,2,9,0,-1,3,3,7,-1,0,0,0,0,0,0,4,1,-1,2,2,33,6,999,1,6,AUDI A1,4,E01015930,0,1
2024010511374,2024,010511374,1,9,0,99,99,9,9,99,99,1,9,99,9,99,9,9,6,6,3,-1,-1,999,1,5,AUDI A1,-1,-1,0,-1
2024051430709,2024,051430709,2,9,0,-1,19,8,4,-1,0,0,0,0,0,0,2,1,-1,6,1,67,10,1598,2,8,AUDI A1,5,E01010640,0,4
2024010548529,2024,010548529,3,9,0,9,9,7,5,0,0,6,0,0,0,0,4,1,6,6,2,25,5,999,1,0,AUDI A1,2,E01002751,0,1
2024131504477,2024,131504477,2,9,0,-1,19,3,1,-1,0,0,1,0,0,0,1,1,-1,6,2,44,7,1598,2,8,AUDI A1,7,E01010892,0,1
2024070974755,2024,070974755,2,9,0,-1,13,3,7,-1,0,2,1,0,0,0,1,1,-1,9,2,22,5,1390,1,11,AUDI A1,5,W01000201,0,4
2024131441206,2024,131441206,2,9,0,-1,4,1,1,-1,0,8,0,0,0,0,2,1,-1,6,2,37,7,1395,1,9,AUDI A1,7,E01010860,0,1
2024161413818,2024,161413818,1,9,0,-1,9,3,1,-1,0,6,0,0,0,0,1,1,-1,2,2,47,8,1395,1,7,AUDI A1,7,E01013013,0,1
2024201443220,2024,201443220,1,9,0,-1,19,7,3,-1,0,0,0,0,0,0,1,9,-1,2,2,25,5,999,1,5,AUDI A1,1,E01009567,0,4
2024221472232,2024,221472232,2,9,0,-1,19,8,5,-1,0,8,0,0,0,0,4,1,-1,6,1,23,5,999,1,5,AUDI A1,3,E01032321,0,1
2024161520384,2024,161520384,1,9,0,-1,19,3,7,-1,0,4,0,0,0,0,2,1,-1,9,2,19,4,999,1,3,AUDI A1,9,E01035478,0,4
202460Q070293,2024,60Q070293,2,9,0,18,19,3,7,0,0,1,0,0,0,0,3,1,6,6,2,51,8,999,1,1,AUDI A1,-1,-1,0,-1
2024101518471,2024,101518471,2,9,0,-1,19,8,4,-1,0,8,0,0,0,0,4,1,-1,6,2,59,9,1598,2,11,AUDI A1,3,E01033198,0,2
2024302401435,2024,302401435,2,9,0,9,9,1,8,0,0,8,0,0,0,0,1,1,6,6,2,29,6,1598,2,11,AUDI A1,3,E01019484,0,1
2024421403189,2024,421403189,2,9,0,-1,4,1,5,-1,0,1,0,0,0,0,2,1,-1,9,2,26,6,999,1,2,AUDI A1,5,E01021815,0,2
2024201478257,2024,201478257,1,9,0,-1,5,6,2,-1,0,6,1,10,1,0,1,9,-1,6,1,23,5,1598,2,12,AUDI A1,2,E01009982,0,1
2024411500554,2024,411500554,1,9,0,-1,19,1,5,-1,0,8,0,0,0,0,1,1,-1,2,1,26,6,1395,1,6,AUDI A1,7,E01023666,0,1
2024440389472,2024,440389472,1,9,0,18,19,3,7,0,0,8,0,0,0,0,1,1,6,6,1,25,5,1598,2,14,AUDI A1,10,E01030774,0,1
2024010506277,2024,010506277,2,9,0,18,19,4,8,0,0,0,0,0,0,0,1,1,6,6,2,30,6,999,1,3,AUDI A1,8,E01024475,0,3
2024461456601,2024,461456601,2,9,0,-1,19,7,3,-1,0,1,0,0,0,0,2,9,-1,6,2,44,7,999,1,5,AUDI A1,7,E01035590,0,4
2024371494812,2024,371494812,7,9,0,-1,19,3,7,-1,0,0,0,0,0,0,1,1,-1,2,2,27,6,1395,1,8,AUDI A1,9,E01030089,0,1
2024411433113,2024,411433113,2,9,0,-1,19,3,8,-1,0,0,0,0,0,0,1,1,-1,9,1,29,6,999,1,2,AUDI A1,9,E01023375,0,2
2024332400657,2024,332400657,1,9,0,-1,19,1,5,-1,0,1,0,0,0,0,1,1,-1,2,1,55,8,1390,1,11,AUDI A1,1,E01013676,0,2
2024302400109,2024,302400109,1,9,0,9,9,1,7,0,0,5,0,0,0,0,1,1,3,7,2,29,6,1968,2,10,AUDI A1,10,E01019462,0,1
2024440019444,2024,440019444,1,9,0,18,19,6,2,0,0,0,0,0,0,0,1,1,6,6,1,77,11,1390,1,13,AUDI A1,6,E01022737,0,3
2024070058539,2024,070058539,1,9,0,18,19,3,7,0,0,0,0,0,0,0,4,1,6,6,2,29,6,1390,1,9,AUDI A1,10,E01035385,0,2
2024010509763,2024,010509763,1,9,0,99,99,9,9,99,99,9,9,99,9,99,9,9,6,6,2,28,6,1395,1,11,AUDI A1,7,E01000324,0,2
2024522402409,2024,522402409,1,9,0,18,19,6,2,0,0,1,0,0,7,0,1,1,6,6,1,21,5,1395,1,6,AUDI A1,1,E01014800,0,1
2024111404907,2024,111404907,1,9,0,-1,19,1,5,-1,0,8,0,7,3,0,3,1,-1,6,2,26,6,1395,1,8,AUDI A1,9,E01020692,0,4
2024622400514,2024,622400514,1,9,0,5,5,3,1,0,0,8,0,0,0,0,1,1,2,2,2,24,5,999,1,4,AUDI A1,4,W01001270,0,1
2024010513382,2024,010513382,1,9,0,99,99,9,9,99,99,9,9,99,9,99,4,9,6,6,3,22,5,999,1,4,AUDI A1,3,E01002603,0,1
2024010528667,2024,010528667,1,9,0,99,99,9,9,99,99,9,9,99,9,99,2,9,6,6,2,22,5,999,1,1,AUDI A1,1,E01003971,0,1
2024421466287,2024,421466287,2,9,0,-1,3,4,8,-1,0,1,0,0,0,0,2,1,-1,6,1,36,7,1390,1,13,AUDI A1,9,E01021478,0,1
2024361451170,2024,361451170,2,9,0,-1,19,8,4,-1,0,8,0,0,0,0,3,1,-1,9,1,58,9,999,1,3,AUDI A1,10,E01026811,0,1
2024211438968,2024,211438968,1,9,0,-1,19,7,3,-1,0,0,0,9,3,10,4,1,-1,9,2,21,5,1598,2,13,AUDI A1,3,E01009834,0,4
2024010501138,2024,010501138,1,9,0,4,4,6,2,0,0,1,0,0,0,0,1,1,6,6,1,34,6,1395,1,6,AUDI A1,9,E01001422,0,2
2024311519838,2024,311519838,2,9,0,-1,19,5,1,-1,0,0,0,0,0,0,3,1,-1,6,2,38,7,999,1,0,AUDI A1,2,E01013870,0,1
2024991529001,2024,991529001,1,9,0,-1,19,7,3,-1,0,0,2,4,0,0,1,1,-1,9,2,22,5,1498,1,5,AUDI A1,-1,-1,0,-1
202460Q031437,2024,60Q031437,1,9,0,18,19,3,7,0,0,0,0,0,0,0,4,1,6,6,2,63,9,1498,1,5,AUDI A1,-1,-1,0,-1
2024440309689,2024,440309689,2,9,0,15,15,3,7,0,0,1,0,0,0,0,1,1,6,6,2,81,11,999,1,2,AUDI A1,8,E01022221,0,5
2024311454046,2024,311454046,3,9,0,-1,19,4,8,-1,0,0,0,0,0,0,1,1,-1,6,1,27,6,1395,1,6,AUDI A1,2,E01027977,0,1
2024161490767,2024,161490767,2,9,0,-1,19,4,8,-1,0,6,0,0,0,0,1,1,-1,6,2,25,5,1598,2,8,AUDI A1,1,E01013221,0,1
2024471527242,2024,471527242,2,9,0,-1,19,1,4,-1,0,0,0,0,0,0,3,1,-1,9,2,19,4,999,1,1,AUDI A1,9,E01031582,0,1
2024101425061,2024,101425061,1,9,0,-1,19,1,5,-1,0,1,1,10,1,0,4,1,-1,2,2,36,7,1598,2,12,AUDI A1,9,E01032647,0,2
2024361484370,2024,361484370,2,9,0,-1,4,2,6,-1,0,0,0,0,0,0,2,1,-1,2,2,23,5,999,1,9,AUDI A1,9,E01035146,0,3
2024451523691,2024,451523691,2,9,0,-1,19,6,2,-1,0,0,0,0,0,0,2,1,-1,9,2,30,6,1498,1,0,AUDI A1,6,E01019936,0,5
2024531420228,2024,531420228,1,9,0,-1,19,3,7,-1,0,0,1,0,1,0,1,1,-1,9,2,22,5,1598,2,10,AUDI A1,8,E01025425,0,5
2024552401200,2024,552401200,2,9,0,8,8,3,1,0,0,6,0,0,0,0,2,1,2,2,1,73,10,1395,1,7,AUDI A1,10,E01020382,0,1
2024371532401,2024,371532401,1,9,0,-1,19,1,5,-1,0,8,0,0,0,0,4,1,-1,6,1,58,9,1598,2,11,AUDI A1,6,E01029877,0,1
2024010522996,2024,010522996,2,9,0,99,99,9,9,99,99,9,9,99,9,99,1,9,6,6,3,-1,-1,1390,1,12,AUDI A1,-1,-1,0,-1
2024010551331,2024,010551331,2,9,0,99,99,9,9,99,99,9,9,99,9,99,9,9,6,6,3,-1,-1,1395,1,6,AUDI A1,10,E01023471,0,4
2024302401725,2024,302401725,1,9,0,-1,5,6,8,-1,0,8,0,0,0,0,1,1,-1,6,1,22,5,1395,1,8,AUDI A1,2,E01013581,0,1
2024421530679,2024,421530679,1,9,0,-1,3,3,7,-1,0,1,0,0,0,0,1,1,-1,6,2,33,6,999,1,2,AUDI A1,7,E01015866,0,1
2024361451436,2024,361451436,1,9,0,-1,19,4,8,-1,0,0,0,0,0,0,1,1,-1,9,2,20,4,1598,2,12,AUDI A1,4,E01030225,0,1
2024451534548,2024,451534548,2,9,0,-1,19,7,3,-1,0,0,0,0,0,0,1,1,-1,6,1,25,5,999,1,6,AUDI A1,9,E01004103,0,4
2024061411691,2024,061411691,1,9,0,-1,19,6,2,-1,0,1,0,0,0,0,1,1,-1,2,1,26,6,1598,2,12,AUDI A1,1,E01005681,0,3
2024010550045,2024,010550045,1,9,0,3,3,7,3,1,1,1,0,0,0,0,2,1,6,6,2,19,4,1395,1,8,AUDI A1,-1,-1,0,-1
2024471404016,2024,471404016,2,9,0,-1,7,1,2,-1,0,8,9,0,0,0,1,1,-1,6,2,20,4,1395,1,7,AUDI A1,6,E01035331,0,1
2024461431749,2024,461431749,1,9,0,-1,9,2,8,-1,0,6,0,0,0,0,1,1,-1,2,2,24,5,1395,1,9,AUDI A1,6,E01024804,0,1
2024332400553,2024,332400553,1,9,0,-1,3,2,6,-1,0,1,0,0,0,0,2,1,-1,6,2,37,7,999,1,2,AUDI A1,10,E01026359,0,1
2024161502684,2024,161502684,1,9,0,-1,19,1,5,-1,0,8,0,0,0,0,1,1,-1,9,2,20,4,999,1,1,AUDI A1,10,E01013112,0,2
2024531526224,2024,531526224,1,9,0,-1,19,7,3,-1,0,0,0,0,0,0,1,1,-1,6,2,38,7,1390,1,13,AUDI A1,5,E01032312,0,4
2024461479441,2024,461479441,1,9,0,-1,7,3,5,-1,0,1,0,0,1,0,1,1,-1,9,2,34,6,999,1,2,AUDI A1,10,E01024144,0,4
2024010516740,2024,010516740,2,9,0,99,99,9,9,99,99,9,9,99,9,99,1,9,6,6,3,52,8,1395,1,6,AUDI A1,1,E01004670,0,2
2024211498905,2024,211498905,1,9,0,-1,19,5,1,-1,0,0,0,0,0,0,2,1,-1,1,2,26,6,1395,1,7,AUDI A1,-1,-1,0,-1
2024622400435,2024,622400435,2,9,0,18,19,4,8,0,0,8,0,0,0,0,1,1,6,6,2,42,7,1598,2,10,AUDI A1,1,W01000939,0,3
2024421462521,2024,421462521,1,9,0,-1,1,3,7,-1,0,0,0,0,0,0,2,1,-1,6,1,41,7,999,1,5,AUDI A1,3,E01021267,0,1
2024052400627,2024,052400627,1,9,0,5,5,1,5,0,0,1,0,0,0,0,3,1,6,6,2,20,4,999,1,1,AUDI A1,5,E01006490,0,1
2024631454076,2024,631454076,2,9,0,-1,4,4,8,-1,0,0,0,0,0,0,1,1,-1,6,2,26,6,1598,2,7,AUDI A1,7,W01000447,0,2
2024471498754,2024,471498754,2,9,0,-1,19,8,4,-1,0,0,0,0,0,0,3,1,-1,2,2,21,5,1598,2,10,AUDI A1,9,E01031685,0,3
2024411434674,2024,411434674,2,9,0,-1,9,7,4,-1,0,8,0,0,0,0,1,1,-1,2,1,23,5,1390,1,10,AUDI A1,10,E01000120,0,3
202417M202924,2024,17M202924,2,9,0,7,7,4,6,0,0,1,0,0,0,0,1,1,6,6,2,20,4,1598,2,13,AUDI A1,-1,-1,0,-1
2024541420724,2024,541420724,1,9,0,5,5,7,2,0,0,6,0,0,0,0,1,1,1,1,2,55,8,1390,1,13,AUDI A1,4,W01000587,0,5
2024371434991,2024,371434991,2,9,0,-1,19,7,3,-1,0,0,0,0,0,0,1,1,-1,6,1,23,5,999,1,5,AUDI A1,5,E01029941,0,1
2024201466621,2024,201466621,1,9,0,-1,7,8,2,-1,0,6,0,0,0,0,3,1,-1,9,2,35,6,999,1,4,AUDI A1,1,E01009483,0,1
2024061406807,2024,061406807,2,9,0,-1,19,7,3,-1,0,0,0,0,0,0,3,1,-1,6,2,23,5,1598,2,12,AUDI A1,10,E01012486,0,4
2024010531510,2024,010531510,1,9,0,18,19,5,1,0,0,1,0,0,0,0,1,1,6,6,2,27,6,1395,1,6,AUDI A1,3,E01002503,0,1
2024440256691,2024,440256691,1,9,0,4,4,3,7,0,0,0,0,0,0,0,2,1,6,6,2,23,5,999,1,2,AUDI A1,10,E01023005,0,3
2024332400846,2024,332400846,1,9,0,-1,5,6,6,-1,0,0,0,0,7,0,3,1,-1,9,2,23,5,1598,2,12,AUDI A1,10,E01025838,0,1
2024411451292,2024,411451292,1,9,0,-1,19,3,4,-1,0,1,0,0,0,0,1,1,-1,6,2,22,5,999,1,9,AUDI A1,10,E01023802,0,1
2024471489221,2024,471489221,2,9,0,-1,4,7,3,-1,0,1,0,0,0,0,1,1,-1,2,2,29,6,1395,1,7,AUDI A1,4,E01021207,0,2