collision_index,collision_year,collision_ref_no,vehicle_reference,vehicle_type,towing_and_articulation,vehicle_manoeuvre_historic,vehicle_manoeuvre,vehicle_direction_from,vehicle_direction_to,vehicle_location_restricted_lane_historic,vehicle_location_restricted_lane,junction_location,skidding_and_overturning,hit_object_in_carriageway,vehicle_leaving_carriageway,hit_object_off_carriageway,first_point_of_impact,vehicle_left_hand_drive,journey_purpose_of_driver_historic,journey_purpose_of_driver,sex_of_driver,age_of_driver,age_band_of_driver,engine_capacity_cc,propulsion_code,age_of_vehicle,generic_make_model,driver_imd_decile,lsoa_of_driver,escooter_flag,driver_distance_banding
2024552401216,2024,552401216,2,9,0,18,19,2,6,0,0,8,0,0,0,0,4,1,2,2,2,57,9,999,1,6,AUDI A1,5,E01020454,0,1
2024161491276,2024,161491276,1,9,0,-1,19,3,7,-1,0,0,0,0,0,0,1,1,-1,9,1,18,4,1395,1,8,AUDI A1,-1,-1,0,-1
2024320254496,2024,320254496,1,9,0,-1,-1,6,2,0,0,0,0,0,0,0,1,1,-1,-1,2,26,6,999,1,2,AUDI A1,8,E01026106,0,4
2024302401441,2024,302401441,3,9,0,4,4,8,4,0,0,0,0,0,0,0,2,1,6,6,2,52,8,1395,1,7,AUDI A1,8,E01034254,0,2
2024211525675,2024,211525675,1,9,0,-1,19,3,5,-1,0,0,1,0,0,0,3,1,-1,6,2,80,11,1395,1,6,AUDI A1,7,E01029683,0,1
2024430597561,2024,430597561,3,9,0,4,4,5,1,0,0,0,0,0,0,0,2,1,6,6,2,19,4,1390,1,12,AUDI A1,9,E01028495,0,2
2024041454055,2024,041454055,1,9,0,-1,9,7,5,-1,0,4,0,0,0,0,3,1,-1,6,2,30,6,1395,1,6,AUDI A1,4,E01012607,0,1
2024111455323,2024,111455323,1,9,0,-1,19,8,4,-1,0,1,0,0,0,0,1,1,-1,6,3,30,6,1395,1,8,AUDI A1,-1,-1,0,-1
2024471510618,2024,471510618,2,9,0,-1,19,2,6,-1,0,8,0,0,0,0,4,1,-1,9,2,19,4,1390,1,12,AUDI A1,5,E01035598,0,4
2024041481611,2024,041481611,1,9,0,-1,19,1,5,-1,0,0,0,4,0,0,1,1,-1,9,1,21,5,1598,2,13,AUDI A1,7,E01025557,0,1
2024231525394,2024,231525394,1,9,0,-1,9,3,1,-1,0,6,0,0,7,4,3,1,-1,6,2,27,6,1390,1,11,AUDI A1,8,E01031195,0,1
2024371439917,2024,371439917,1,9,0,-1,5,7,3,-1,0,6,0,0,0,0,1,1,-1,2,2,56,9,1395,1,9,AUDI A1,4,E01030270,0,1
2024061432815,2024,061432815,1,9,0,-1,5,5,3,-1,0,1,0,0,0,0,4,1,-1,6,2,27,6,1498,1,4,AUDI A1,7,E01012584,0,3
2024471528977,2024,471528977,3,9,0,-1,4,7,3,-1,0,0,0,0,0,0,2,1,-1,2,2,21,5,1197,1,12,AUDI A1,8,E01031617,0,1
2024131514406,2024,131514406,1,9,0,-1,4,5,5,-1,0,0,0,0,0,0,2,1,-1,9,2,33,6,1598,2,11,AUDI A1,2,E01010804,0,1
2024401505004,2024,401505004,2,9,0,-1,7,7,3,-1,0,0,0,0,1,2,4,1,-1,9,2,66,10,1598,2,12,AUDI A1,7,E01020480,0,5
2024010548115,2024,010548115,1,9,0,4,4,5,1,0,0,1,0,0,0,0,2,1,6,6,3,31,6,1390,1,10,AUDI A1,5,E01023110,0,4
2024311444698,2024,311444698,1,9,0,-1,9,3,1,-1,0,8,0,0,0,0,3,1,-1,2,2,25,5,1598,2,8,AUDI A1,10,E01025678,0,4
2024161398465,2024,161398465,1,9,0,-1,19,3,7,-1,0,0,0,0,0,0,1,1,-1,2,2,29,6,1395,1,8,AUDI A1,6,E01012912,0,1
2024340WN6232,2024,340WN6232,1,9,0,-1,19,1,5,-1,0,1,0,0,0,0,1,1,-1,9,2,22,5,999,1,5,AUDI A1,7,E01027277,0,2
2024461412951,2024,461412951,2,9,0,-1,19,2,6,-1,0,2,0,0,0,0,1,1,-1,2,2,26,6,1598,2,7,AUDI A1,1,E01024597,0,2
2024201509192,2024,201509192,1,9,0,-1,19,7,3,-1,0,0,1,0,0,0,1,1,-1,9,2,21,5,1390,1,13,AUDI A1,3,E01010528,0,3
2024531519564,2024,531519564,3,9,0,-1,2,0,0,-1,0,0,0,0,0,0,1,1,-1,6,-1,-1,-1,1395,1,8,AUDI A1,-1,-1,0,-1
2024010488300,2024,010488300,1,9,0,99,99,9,9,99,99,5,9,99,9,99,2,9,2,2,2,30,6,1390,1,12,AUDI A1,2,E01022332,0,5
2024101533933,2024,101533933,2,9,-1,-1,19,2,7,-1,0,2,0,0,0,0,-1,9,-1,6,2,37,7,1390,1,10,AUDI A1,4,E01008445,0,1
2024332400340,2024,332400340,1,9,0,-1,3,6,2,-1,0,1,0,0,0,0,2,1,-1,6,1,19,4,999,1,3,AUDI A1,2,E01013694,0,2
2024421501391,2024,421501391,1,9,0,-1,9,4,1,-1,0,8,0,0,0,0,1,1,-1,2,1,18,4,1395,1,6,AUDI A1,10,E01021747,0,1
2024991483583,2024,991483583,1,9,0,-1,19,2,5,-1,0,0,1,0,7,11,1,1,-1,2,2,20,4,999,1,6,AUDI A1,10,-1,0,1
2024131532538,2024,131532538,1,9,0,-1,9,7,1,-1,0,5,0,0,0,0,1,1,-1,9,2,21,5,1197,1,11,AUDI A1,6,E01010909,0,1
2024010534397,2024,010534397,1,9,0,99,99,9,9,99,99,9,9,99,9,99,2,9,6,6,2,24,5,1395,1,8,AUDI A1,2,E01001257,0,2
2024131509437,2024,131509437,3,9,0,-1,2,0,0,-1,0,2,0,0,0,0,3,1,-1,6,-1,-1,-1,1598,2,12,AUDI A1,-1,-1,0,-1
2024010550751,2024,010550751,2,9,0,8,8,5,6,0,0,1,0,0,0,0,1,1,6,6,1,24,5,999,1,0,AUDI A1,2,E01001012,0,1
2024471441412,2024,471441412,2,9,0,-1,20,3,7,-1,0,0,0,0,0,0,4,1,-1,9,2,32,6,1395,1,6,AUDI A1,5,E01021008,0,1
2024421405273,2024,421405273,1,9,0,-1,12,3,7,-1,0,0,0,0,0,0,3,1,-1,6,2,65,9,1395,1,9,AUDI A1,5,E01021809,0,1
2024101521551,2024,101521551,2,9,0,-1,19,5,8,-1,0,8,0,0,0,0,3,1,-1,6,2,76,11,1598,2,11,AUDI A1,4,E01008277,0,1
2024041458581,2024,041458581,1,9,0,-1,19,5,1,-1,0,4,0,0,0,0,3,1,-1,6,2,18,4,1197,1,12,AUDI A1,8,E01034350,0,1
2024221480553,2024,221480553,1,9,0,-1,9,4,1,-1,0,5,0,0,0,0,4,1,-1,9,2,22,5,1390,1,9,AUDI A1,5,E01013986,0,2
2024201531339,2024,201531339,1,9,0,-1,10,1,2,-1,0,7,0,0,0,0,1,2,-1,2,2,28,6,1498,1,0,AUDI A1,10,E01032325,0,4
2024141411246,2024,141411246,2,9,0,-1,4,6,2,-1,0,2,0,0,0,0,2,1,-1,9,2,25,5,1598,2,13,AUDI A1,1,E01007913,0,1
2024231468607,2024,231468607,2,9,0,-1,19,3,7,-1,0,8,0,0,0,0,4,1,-1,9,2,22,5,999,1,7,AUDI A1,4,E01007359,0,5
2024211475782,2024,211475782,1,9,0,-1,19,2,6,-1,0,1,0,0,0,0,1,9,-1,6,2,-1,-1,1598,2,8,AUDI A1,-1,-1,0,-1
2024552400511,2024,552400511,1,9,0,12,12,2,7,0,0,8,0,0,0,0,3,1,2,2,2,47,8,1395,1,6,AUDI A1,8,E01015297,0,1
2024461451047,2024,461451047,2,9,0,-1,19,6,2,-1,0,1,0,0,0,0,1,1,-1,9,2,19,4,1390,1,12,AUDI A1,7,E01024689,0,1
2024201473803,2024,201473803,1,9,0,-1,5,6,2,-1,0,1,0,0,0,0,1,9,-1,6,2,60,9,999,1,7,AUDI A1,-1,-1,0,-1
2024231458367,2024,231458367,1,9,0,-1,4,6,2,-1,0,1,0,0,0,0,2,9,-1,6,2,45,7,999,1,3,AUDI A1,3,E01009661,0,2
2024211420952,2024,211420952,2,9,0,-1,13,2,6,-1,0,6,0,0,0,0,4,9,-1,6,2,25,5,999,1,2,AUDI A1,7,E01014303,0,3
2024211433776,2024,211433776,2,9,0,-1,19,5,1,-1,0,0,0,0,0,0,3,1,-1,6,2,61,9,999,1,4,AUDI A1,9,E01029785,0,3
2024201425742,2024,201425742,2,9,0,-1,19,7,3,-1,0,8,0,0,0,0,4,9,-1,6,1,21,5,999,1,1,AUDI A1,1,E01009310,0,1
2024440135473,2024,440135473,2,9,0,9,9,6,4,0,0,6,1,10,1,0,3,1,6,6,1,18,4,999,1,5,AUDI A1,10,E01032853,0,1
2024052400692,2024,052400692,1,9,0,18,19,5,1,0,0,0,0,0,0,0,1,1,2,2,2,21,5,1598,2,11,AUDI A1,7,E01007071,0,1
2024451513331,2024,451513331,1,9,0,-1,5,3,7,-1,0,0,1,0,3,0,0,9,-1,2,2,25,5,1395,1,9,AUDI A1,8,E01017814,0,3
2024610001324,2024,610001324,1,9,0,18,19,5,1,0,0,0,0,0,0,0,1,1,1,1,1,29,6,1598,2,10,AUDI A1,8,W01001554,0,1
2024991497073,2024,991497073,1,9,0,-1,19,7,4,-1,0,2,1,0,1,11,1,1,-1,2,2,18,4,1390,1,11,AUDI A1,5,-1,0,1
2024041529282,2024,041529282,2,9,0,-1,3,3,7,-1,0,1,0,0,0,0,1,1,-1,2,2,32,6,1598,2,10,AUDI A1,3,E01012585,0,1
2024201527630,2024,201527630,2,9,0,-1,19,3,7,-1,0,6,1,0,0,0,3,1,-1,9,2,22,5,1390,1,11,AUDI A1,4,E01030645,0,5
2024461401325,2024,461401325,3,9,0,-1,3,2,5,-1,0,0,0,0,0,0,2,9,-1,6,2,21,5,999,1,3,AUDI A1,7,E01024576,0,4
2024461538878,2024,461538878,1,9,0,-1,19,2,6,-1,0,2,0,0,0,0,1,9,-1,6,2,-1,-1,1395,1,9,AUDI A1,3,E01016164,0,1
2024231437428,2024,231437428,1,9,0,-1,7,6,1,-1,0,6,1,0,3,4,1,1,-1,9,1,19,4,1395,1,8,AUDI A1,9,E01025968,0,4
2024332400863,2024,332400863,2,9,0,-1,19,2,6,-1,0,8,0,7,8,1,1,1,-1,9,1,57,9,1598,2,11,AUDI A1,4,E01009633,0,3
202460Q003330,2024,60Q003330,1,9,0,3,3,3,7,0,0,0,0,0,0,0,1,1,6,6,2,22,5,1197,1,10,AUDI A1,-1,-1,0,-1
2024061482963,2024,061482963,1,9,0,-1,15,-1,-1,-1,0,0,1,0,5,7,1,1,-1,2,1,29,6,1395,1,9,AUDI A1,10,E01033998,0,2
2024061522997,2024,061522997,1,9,0,-1,2,0,0,-1,0,8,0,0,0,0,1,1,-1,6,-1,-1,-1,999,1,3,AUDI A1,-1,-1,0,-1
2024461506697,2024,461506697,2,9,0,-1,10,3,1,-1,0,0,0,0,0,0,2,1,-1,6,2,27,6,1395,1,8,AUDI A1,10,E01024329,0,1
2024052402232,2024,052402232,3,9,0,4,4,3,7,0,0,0,0,0,0,0,1,1,6,6,1,28,6,999,1,1,AUDI A1,1,E01007131,0,1
2024161429466,2024,161429466,1,9,0,-1,19,1,5,-1,0,1,0,0,0,0,1,9,-1,9,2,41,7,999,1,2,AUDI A1,9,E01035478,0,1
2024122401300,2024,122401300,1,9,0,18,19,5,1,0,0,8,0,0,0,0,1,1,6,6,2,55,8,999,1,3,AUDI A1,7,E01027646,0,1
2024540967124,2024,540967124,1,9,0,7,7,2,6,0,0,4,0,0,0,0,1,1,6,6,2,41,7,1598,2,10,AUDI A1,7,E01034552,0,1
2024440373515,2024,440373515,1,9,0,17,19,1,5,0,0,0,0,0,0,11,4,1,6,6,1,19,4,999,1,1,AUDI A1,6,E01031926,0,4
2024221451501,2024,221451501,2,9,0,-1,4,1,6,-1,0,8,0,0,0,0,2,9,-1,6,2,22,5,999,1,0,AUDI A1,8,E01032458,0,3
2024010498292,2024,010498292,1,9,0,9,9,5,3,0,0,6,0,0,0,0,1,1,6,6,2,28,6,1390,1,10,AUDI A1,5,E01003378,0,1
2024010507640,2024,010507640,2,9,0,99,99,9,9,99,99,9,9,99,9,99,1,9,6,6,3,-1,-1,1197,1,12,AUDI A1,-1,-1,0,-1
2024161405927,2024,161405927,2,9,0,-1,9,5,4,-1,0,1,0,0,1,1,4,1,-1,9,1,77,11,1395,1,6,AUDI A1,4,E01013183,0,1
2024531431916,2024,531431916,3,9,0,-1,19,1,5,-1,0,8,0,0,0,0,3,1,-1,9,2,20,4,1390,1,11,AUDI A1,5,E01022440,0,1
202460Q093025,2024,60Q093025,1,9,0,9,9,2,6,0,0,1,0,0,0,0,1,1,6,6,2,41,7,1598,2,11,AUDI A1,-1,-1,0,-1
2024471468939,2024,471468939,4,9,0,-1,2,0,0,-1,0,1,0,0,0,0,3,1,-1,6,-1,-1,-1,999,1,4,AUDI A1,-1,-1,0,-1
2024340WN5222,2024,340WN5222,2,9,0,-1,19,5,1,-1,0,0,0,0,0,0,4,1,-1,6,1,21,5,1598,2,13,AUDI A1,2,E01027241,0,1
2024141507819,2024,141507819,2,9,0,-1,2,0,0,-1,0,0,0,0,0,0,2,1,-1,9,2,46,8,999,1,1,AUDI A1,6,E01007409,0,1
2024041525729,2024,041525729,1,9,0,-1,9,5,3,-1,0,8,0,0,0,0,1,1,-1,6,2,21,5,1598,2,10,AUDI A1,1,E01012748,0,2
2024010499552,2024,010499552,2,9,0,99,99,9,9,99,99,9,9,99,9,99,1,9,6,6,3,-1,-1,1395,1,7,AUDI A1,-1,-1,0,-1
202417M212224,2024,17M212224,2,9,0,-1,19,7,3,-1,0,0,0,0,0,0,1,1,-1,9,2,-1,-1,999,1,5,AUDI A1,-1,-1,0,-1
2024041435119,2024,041435119,2,9,0,-1,4,3,7,-1,0,0,0,0,0,0,2,1,-1,1,2,36,7,1598,2,8,AUDI A1,3,E01011758,0,4
2024211493076,2024,211493076,1,9,0,-1,15,1,5,-1,0,0,0,0,0,0,1,1,-1,6,1,88,11,1395,1,6,AUDI A1,-1,-1,0,-1
2024131504270,2024,131504270,1,9,0,-1,4,3,7,-1,0,2,0,0,0,0,2,1,-1,2,2,20,4,999,1,2,AUDI A1,6,E01027669,0,3
2024010548590,2024,010548590,2,9,0,3,3,5,1,0,0,3,0,0,0,0,2,1,6,6,1,80,11,999,1,1,AUDI A1,2,E01002227,0,1
2024010532029,2024,010532029,2,9,0,2,2,0,0,0,0,2,0,0,0,0,2,1,6,6,3,-1,-1,999,1,0,AUDI A1,-1,-1,0,-1
2024031455938,2024,031455938,1,9,0,-1,19,5,1,-1,0,0,0,0,0,0,1,1,-1,2,2,31,6,999,1,5,AUDI A1,-1,-1,0,-1
2024461504584,2024,461504584,3,9,0,-1,6,7,3,-1,0,2,0,0,0,0,0,1,-1,9,2,20,4,999,1,3,AUDI A1,-1,-1,0,-1
2024131534944,2024,131534944,1,9,0,-1,19,3,7,-1,0,1,0,0,0,0,1,1,-1,6,1,19,4,1390,1,12,AUDI A1,1,E01009328,0,5
2024440401742,2024,440401742,1,9,0,17,19,4,1,0,0,0,5,0,1,9,4,1,6,6,1,29,6,1390,1,13,AUDI A1,9,E01023136,0,1
2024131439320,2024,131439320,1,9,0,-1,9,4,8,-1,0,1,0,0,0,0,1,1,-1,9,2,34,6,1390,1,13,AUDI A1,1,E01011003,0,3
2024010498138,2024,010498138,1,9,0,18,19,5,1,0,0,1,0,0,0,0,4,1,6,6,2,52,8,999,1,7,AUDI A1,7,E01004626,0,1
2024010498812,2024,010498812,1,9,0,14,14,1,5,0,0,2,0,0,0,0,1,1,2,2,2,34,6,1395,1,6,AUDI A1,5,E01002899,0,1
2024010528753,2024,010528753,1,9,0,3,3,7,3,0,0,0,0,0,0,0,2,1,6,6,1,44,7,1395,1,8,AUDI A1,5,E01002307,0,2
2024201488864,2024,201488864,1,9,0,-1,19,6,2,-1,0,8,0,0,0,0,1,1,-1,6,1,27,6,1984,1,5,AUDI A1,4,E01009240,0,2
2024010502354,2024,010502354,3,9,0,18,19,7,3,0,0,1,0,0,0,0,1,1,6,6,1,32,6,999,1,2,AUDI A1,3,E01004271,0,2
2024201484813,2024,201484813,1,9,0,-1,9,3,1,-1,0,6,0,0,0,0,1,1,-1,6,1,20,4,999,1,1,AUDI A1,1,E01034926,0,1
2024471472635,2024,471472635,1,9,0,-1,9,7,5,-1,0,8,0,0,0,0,4,1,-1,2,2,18,4,999,1,1,AUDI A1,2,E01034826,0,1
2024991441711,2024,991441711,3,9,0,-1,19,2,6,-1,0,1,0,0,0,0,1,1,-1,9,1,66,10,1390,1,13,AUDI A1,8,-1,0,1
2024520402920,2024,520402920,4,9,0,4,4,2,6,0,0,0,0,0,0,0,2,1,6,6,1,19,4,1197,1,12,AUDI A1,3,E01029280,0,1
2024201494172,2024,201494172,2,9,0,-1,19,8,2,-1,0,8,0,0,0,0,3,1,-1,6,2,44,7,1390,1,11,AUDI A1,10,E01010385,0,2
202417S400524,2024,17S400524,1,9,0,4,4,5,1,0,0,0,0,0,0,0,2,1,2,2,2,22,5,999,1,2,AUDI A1,4,E01035202,0,2
2024421506458,2024,421506458,1,9,0,-1,9,6,3,-1,0,6,0,0,0,0,3,1,-1,2,2,30,6,1395,1,7,AUDI A1,7,E01035167,0,1
2024010507365,2024,010507365,1,9,0,18,19,3,7,0,0,1,0,0,0,0,2,1,6,6,2,37,7,1390,1,13,AUDI A1,7,E01021338,0,4
2024010511830,2024,010511830,1,9,0,99,99,9,9,99,99,9,9,99,9,99,2,9,6,6,2,29,6,999,1,8,AUDI A1,5,E01023332,0,1
2024411492399,2024,411492399,2,9,0,-1,-1,-1,-1,-1,-1,-1,-1,-1,-1,0,2,1,-1,9,2,42,7,999,1,2,AUDI A1,10,E01033024,0,1
2024461525873,2024,461525873,2,9,0,-1,3,-1,-1,-1,0,0,0,0,1,0,2,9,-1,6,2,25,5,999,1,1,AUDI A1,3,E01024395,0,1
2024471439455,2024,471439455,1,9,0,-1,9,1,5,-1,0,0,0,0,0,0,1,1,-1,9,2,20,4,999,1,6,AUDI A1,9,E01035352,0,3
2024211534373,2024,211534373,2,9,0,-1,19,5,1,-1,0,0,0,0,0,0,4,1,-1,6,1,61,9,999,1,1,AUDI A1,5,E01014308,0,2
2024201501342,2024,201501342,2,9,0,-1,19,5,1,-1,0,1,0,0,0,0,1,1,-1,6,1,20,4,999,1,1,AUDI A1,1,E01009129,0,1
2024122400353,2024,122400353,1,9,0,9,9,3,5,0,0,8,0,0,0,0,4,1,6,6,2,27,6,1390,1,10,AUDI A1,1,E01010605,0,4
2024131461476,2024,131461476,1,9,0,-1,19,8,4,-1,0,0,0,11,0,0,1,1,-1,9,2,35,6,1395,1,7,AUDI A1,8,E01011514,0,2
2024991437883,2024,991437883,2,9,0,-1,8,3,5,-1,0,1,0,0,0,0,4,1,-1,9,2,23,5,999,1,4,AUDI A1,7,-1,0,1
2024522500104,2024,522500104,2,9,0,18,19,7,3,0,0,0,0,0,0,0,2,1,6,6,2,25,5,1390,1,10,AUDI A1,10,E01015014,0,2
2024131482068,2024,131482068,2,9,0,-1,2,0,0,-1,0,8,0,4,0,0,1,1,-1,6,-1,-1,-1,999,1,2,AUDI A1,-1,-1,0,-1
2024201434248,2024,201434248,2,9,0,-1,4,2,6,-1,0,1,0,0,0,0,2,1,-1,1,2,42,7,1395,1,6,AUDI A1,2,E01010405,0,1
2024101480285,2024,101480285,1,9,0,-1,19,3,7,-1,0,2,0,0,0,0,1,1,-1,9,2,23,5,1598,2,11,AUDI A1,5,E01020772,0,4
2024101405077,2024,101405077,1,9,0,-1,19,5,1,-1,0,8,0,0,3,0,3,1,-1,6,2,25,5,1598,2,9,AUDI A1,2,E01008744,0,1
2024332401242,2024,332401242,2,9,0,-1,2,0,0,-1,0,0,0,0,0,0,1,1,-1,6,3,-1,-1,999,1,6,AUDI A1,-1,-1,0,-1
2024131503209,2024,131503209,1,9,0,-1,19,3,7,-1,0,0,0,0,0,0,1,1,-1,9,1,60,9,999,1,5,AUDI A1,2,E01011222,0,1
2024501484391,2024,501484391,2,9,0,-1,2,0,0,-1,0,0,0,0,0,0,3,1,-1,6,2,18,4,1598,2,10,AUDI A1,6,E01020241,0,1
2024041438507,2024,041438507,1,9,0,-1,19,4,2,-1,0,0,0,0,0,0,1,1,-1,9,2,33,6,1395,1,6,AUDI A1,3,E01025054,0,1
2024052401753,2024,052401753,2,9,0,2,2,0,0,0,0,0,0,0,0,0,2,1,1,1,2,31,6,999,1,1,AUDI A1,1,E01006787,0,1
2024440261944,2024,440261944,1,9,0,18,19,6,2,0,0,0,0,0,0,0,3,1,6,6,2,22,5,1197,1,10,AUDI A1,5,E01035459,0,2
2024052401273,2024,052401273,2,9,0,4,4,4,8,0,0,0,0,0,0,0,2,1,3,7,1,76,11,1395,1,7,AUDI A1,9,E01007027,0,1
2024201516276,2024,201516276,1,9,0,-1,19,5,6,-1,0,0,0,0,0,0,1,9,-1,6,1,37,7,1395,1,7,AUDI A1,1,E01034307,0,1
2024401492795,2024,401492795,2,9,0,-1,19,5,1,-1,0,1,0,0,0,0,1,1,-1,2,2,20,4,1390,1,13,AUDI A1,2,E01017523,0,1
2024131454995,2024,131454995,2,9,0,-1,19,3,7,-1,0,0,0,0,0,0,1,1,-1,6,2,20,4,999,1,1,AUDI A1,5,E01010991,0,2
2024451395698,2024,451395698,1,9,0,-1,19,1,5,-1,0,2,0,0,0,0,3,1,-1,2,2,64,9,999,1,3,AUDI A1,7,E01004193,0,3
2024201516410,2024,201516410,3,9,0,-1,19,1,5,-1,0,0,0,0,0,0,2,9,-1,6,2,44,7,999,1,5,AUDI A1,1,E01009491,0,1
2024421400940,2024,421400940,1,9,0,-1,19,1,5,-1,0,0,0,0,0,0,1,1,-1,2,1,25,5,1395,1,9,AUDI A1,-1,-1,0,-1
2024010529017,2024,010529017,1,9,0,99,99,9,9,99,99,9,9,99,9,99,9,9,6,6,2,26,6,999,1,0,AUDI A1,-1,-1,0,-1
2024451414038,2024,451414038,6,9,0,-1,4,1,5,-1,0,0,0,0,0,0,2,1,-1,9,2,38,7,1598,2,6,AUDI A1,9,E01030757,0,3
2024010499619,2024,010499619,1,9,0,99,99,9,9,99,99,9,9,99,9,99,3,9,6,6,1,24,5,999,1,0,AUDI A1,2,E01001458,0,1
2024061398926,2024,061398926,2,9,0,-1,3,6,2,-1,0,0,0,0,0,0,2,1,-1,9,2,24,5,999,1,1,AUDI A1,9,E01005906,0,2
2024010516807,2024,010516807,2,9,0,7,7,5,6,0,0,1,0,0,0,0,4,1,3,7,2,28,6,999,1,5,AUDI A1,4,E01003224,0,2
2024302401302,2024,302401302,1,9,0,18,19,1,5,0,0,0,0,0,0,0,1,1,6,6,2,29,6,1598,2,10,AUDI A1,2,E01019842,0,3
2024320598581,2024,320598581,2,9,0,3,3,6,2,0,0,1,0,0,0,0,2,1,-1,-1,2,51,8,1395,1,8,AUDI A1,4,E01026323,0,1
2024010551761,2024,010551761,4,9,0,18,19,7,3,0,0,2,0,0,0,0,0,1,6,6,2,24,5,1395,1,8,AUDI A1,4,E01034184,0,3
2024070186543,2024,070186543,1,9,0,18,19,1,5,0,0,4,0,9,0,0,1,1,6,6,2,76,11,1390,1,10,AUDI A1,-1,-1,0,-1
2024461486245,2024,461486245,4,9,-1,-1,-1,-1,-1,-1,-1,0,-1,-1,-1,0,-1,9,-1,6,3,-1,-1,1395,1,7,AUDI A1,-1,-1,0,-1
2024471494546,2024,471494546,2,9,0,-1,9,8,6,-1,0,5,0,0,0,0,1,1,-1,9,1,39,7,1390,1,12,AUDI A1,4,E01031594,0,1
2024061453625,2024,061453625,1,9,0,-1,9,7,3,-1,0,6,0,0,0,0,4,9,-1,9,2,26,6,1598,2,11,AUDI A1,3,E01005535,0,1
2024991455483,2024,991455483,1,9,0,-1,19,7,3,-1,0,0,0,0,0,0,1,1,-1,9,2,19,4,999,1,7,AUDI A1,9,-1,0,1
2024010548931,2024,010548931,3,9,0,2,2,0,0,0,0,1,0,0,0,0,1,1,6,6,3,-1,-1,1390,1,14,AUDI A1,-1,-1,0,-1
2024141499974,2024,141499974,3,9,0,-1,19,7,3,-1,0,2,0,0,0,0,2,2,-1,9,1,45,7,1390,1,11,AUDI A1,1,E01007378,0,1
2024430552423,2024,430552423,1,9,0,18,19,2,6,0,0,1,0,0,0,0,1,1,6,6,1,-1,-1,1984,1,5,AUDI A1,-1,-1,0,-1
2024361414262,2024,361414262,1,9,0,-1,9,1,3,-1,0,0,0,0,3,0,3,1,-1,9,2,55,8,999,1,1,AUDI A1,6,E01026494,0,1
2024411521013,2024,411521013,1,9,0,-1,19,5,1,-1,0,0,0,0,0,0,1,1,-1,2,2,21,5,999,1,0,AUDI A1,10,E01023966,0,1
2024201474245,2024,201474245,2,9,0,-1,2,0,0,-1,9,0,0,0,0,0,1,1,-1,6,-1,18,4,999,1,0,AUDI A1,-1,-1,0,-1
2024111451852,2024,111451852,1,9,0,-1,9,3,1,-1,0,0,0,0,0,0,1,1,-1,6,1,17,4,999,1,0,AUDI A1,2,E01012307,0,1
2024201518093,2024,201518093,2,9,0,-1,3,4,8,-1,0,0,0,0,0,0,2,1,-1,6,2,24,5,999,1,7,AUDI A1,9,E01029659,0,4
2024070698590,2024,070698590,1,9,0,7,7,3,6,0,0,2,1,0,7,10,1,1,2,2,1,19,4,999,1,2,AUDI A1,-1,-1,0,-1
2024010512118,2024,010512118,2,9,0,7,7,7,2,0,0,0,0,0,0,0,1,1,6,6,1,19,4,999,1,5,AUDI A1,3,E01024591,0,4
2024061474991,2024,061474991,1,9,-1,-1,-1,-1,-1,-1,-1,0,-1,-1,-1,0,-1,9,-1,6,1,33,6,999,1,4,AUDI A1,2,E01005308,0,1
2024320733874,2024,320733874,2,9,0,-1,-1,4,8,0,0,8,5,0,1,9,3,1,6,6,2,27,6,1395,1,8,AUDI A1,8,E01026138,0,2
202417S104324,2024,17S104324,1,9,0,18,19,3,7,0,0,0,0,0,0,0,1,1,6,6,1,19,4,1598,2,12,AUDI A1,1,E01032542,0,1
2024010548252,2024,010548252,2,9,0,3,3,1,5,0,0,4,0,0,0,0,1,1,6,6,2,26,6,999,1,8,AUDI A1,6,E01003675,0,1
2024461516712,2024,461516712,2,9,0,-1,19,1,5,-1,0,0,0,0,0,0,2,9,-1,9,2,32,6,1598,2,12,AUDI A1,9,E01024044,0,3
2024052400991,2024,052400991,1,9,0,18,19,5,1,0,0,1,1,4,0,0,1,1,6,6,1,37,7,1390,1,10,AUDI A1,1,E01006556,0,1
2024430215069,2024,430215069,1,9,0,9,9,2,8,0,0,6,0,0,0,0,4,1,6,6,1,56,9,1598,2,13,AUDI A1,-1,-1,0,-1
2024451440439,2024,451440439,1,9,0,-1,19,5,1,-1,0,0,0,0,0,0,1,1,-1,9,2,36,7,999,1,2,AUDI A1,7,E01023098,0,2
2024302400662,2024,302400662,3,9,0,4,4,8,4,0,0,0,0,0,0,0,2,1,6,6,1,17,4,999,1,1,AUDI A1,8,E01019834,0,3
2024421408021,2024,421408021,2,9,0,-1,7,7,8,-1,0,8,0,0,0,0,1,1,-1,1,2,36,7,999,1,2,AUDI A1,7,E01021372,0,2
2024302401750,2024,302401750,1,9,0,-1,19,6,2,-1,0,0,0,0,0,0,1,1,-1,6,1,85,11,1395,1,6,AUDI A1,10,E01005929,0,4
2024201440019,2024,201440019,2,9,0,-1,3,6,2,-1,0,0,0,0,0,0,1,9,-1,6,2,27,6,1395,1,8,AUDI A1,-1,-1,0,-1
2024411512934,2024,411512934,2,9,0,-1,3,-1,-1,-1,0,4,0,0,0,0,2,9,-1,9,2,47,8,1390,1,13,AUDI A1,5,E01023542,0,1