collision_index,collision_year,collision_ref_no,vehicle_reference,vehicle_type,towing_and_articulation,vehicle_manoeuvre_historic,vehicle_manoeuvre,vehicle_direction_from,vehicle_direction_to,vehicle_location_restricted_lane_historic,vehicle_location_restricted_lane,junction_location,skidding_and_overturning,hit_object_in_carriageway,vehicle_leaving_carriageway,hit_object_off_carriageway,first_point_of_impact,vehicle_left_hand_drive,journey_purpose_of_driver_historic,journey_purpose_of_driver,sex_of_driver,age_of_driver,age_band_of_driver,engine_capacity_cc,propulsion_code,age_of_vehicle,generic_make_model,driver_imd_decile,lsoa_of_driver,escooter_flag,driver_distance_banding
2024141462463,2024,141462463,1,9,0,-1,19,2,6,-1,0,0,0,0,0,0,1,1,-1,6,2,23,5,1395,1,10,AUDI A1,5,E01007644,0,1
2024522403385,2024,522403385,1,9,0,12,12,2,6,0,0,8,0,0,0,0,1,1,6,6,2,19,4,999,1,5,AUDI A1,2,E01014629,0,2
2024010522328,2024,010522328,2,9,0,10,10,7,4,0,0,6,0,0,0,0,3,1,6,6,2,18,4,999,1,2,AUDI A1,9,E01002270,0,2
2024010499617,2024,010499617,1,9,0,18,19,5,1,0,0,1,0,0,0,0,1,1,6,6,2,27,6,1197,1,12,AUDI A1,2,E01003087,0,2
2024991470157,2024,991470157,2,9,0,-1,19,1,5,-1,0,4,0,0,0,0,4,1,-1,6,2,26,6,999,1,8,AUDI A1,-1,-1,0,-1
2024131420424,2024,131420424,1,9,0,-1,19,5,5,-1,0,1,0,0,0,0,1,1,-1,9,1,21,5,1968,2,10,AUDI A1,4,E01011044,0,1
2024052402424,2024,052402424,2,9,0,18,19,5,8,0,0,1,0,0,0,0,3,1,6,6,2,36,7,999,1,1,AUDI A1,1,E01006663,0,1
2024320550839,2024,320550839,1,9,0,-1,-1,8,4,0,0,0,5,0,1,9,1,1,6,6,1,20,4,999,1,0,AUDI A1,-1,-1,0,-1
2024010541070,2024,010541070,2,9,0,99,99,9,9,99,99,9,9,99,9,99,9,9,6,6,3,-1,-1,1390,1,10,AUDI A1,3,E01002084,0,1
2024131530271,2024,131530271,1,9,0,-1,19,5,1,-1,0,2,0,0,0,0,1,1,-1,6,1,24,5,1968,2,12,AUDI A1,8,E01034269,0,1
2024131446370,2024,131446370,2,9,0,-1,19,3,7,-1,0,8,0,0,0,0,1,1,-1,9,2,26,6,1197,1,10,AUDI A1,5,E01011902,0,1
2024451455942,2024,451455942,2,9,0,-1,19,5,2,-1,0,8,0,0,0,0,1,1,-1,1,2,24,5,999,1,2,AUDI A1,10,E01030394,0,2
2024141524590,2024,141524590,2,9,0,-1,7,5,7,-1,0,1,0,0,0,0,3,1,-1,6,2,27,6,1390,1,11,AUDI A1,1,E01007403,0,1
2024201520320,2024,201520320,2,9,0,-1,19,6,4,-1,0,1,0,0,0,0,3,1,-1,6,1,25,5,999,1,2,AUDI A1,-1,-1,0,-1
2024411449837,2024,411449837,2,9,0,-1,19,7,3,-1,0,0,0,0,0,0,3,1,-1,2,1,26,6,999,1,4,AUDI A1,2,E01033801,0,2
2024520403087,2024,520403087,2,9,0,4,4,5,1,0,0,1,0,0,0,0,2,1,6,6,2,35,6,999,1,5,AUDI A1,7,E01034551,0,3
2024010515147,2024,010515147,1,9,0,5,5,5,1,0,0,1,0,0,1,11,1,1,6,6,1,91,11,1395,1,8,AUDI A1,5,E01001658,0,1
2024501399671,2024,501399671,1,9,0,-1,15,7,3,-1,0,0,0,4,0,0,4,9,-1,2,2,36,7,1598,2,10,AUDI A1,7,E01018789,0,2
2024061492615,2024,061492615,1,9,0,-1,9,7,3,-1,0,5,0,0,0,0,1,1,-1,9,2,45,7,999,1,5,AUDI A1,-1,-1,0,-1
2024070796383,2024,070796383,2,9,0,-1,19,8,4,-1,0,1,0,0,0,0,1,1,-1,2,1,25,5,1197,1,12,AUDI A1,5,E01019082,0,5
2024061419157,2024,061419157,1,9,0,-1,8,2,4,-1,0,6,1,0,0,0,1,1,-1,6,2,21,5,1197,1,11,AUDI A1,1,E01005081,0,1
2024010524142,2024,010524142,2,9,0,18,19,7,3,0,0,0,0,0,0,0,0,1,6,6,2,22,5,999,1,3,AUDI A1,9,E01002976,0,2
2024451470531,2024,451470531,1,9,0,-1,19,2,6,-1,0,0,0,0,0,0,1,1,-1,9,2,24,5,1390,1,12,AUDI A1,9,E01030992,0,1
2024010544046,2024,010544046,3,9,0,3,3,3,7,0,0,1,0,0,0,0,2,1,6,6,2,28,6,999,1,7,AUDI A1,4,E01003348,0,2
2024622400481,2024,622400481,3,9,0,4,4,4,8,0,0,0,0,0,0,0,2,1,6,6,2,23,5,999,1,1,AUDI A1,3,W01000818,0,1
2024991490779,2024,991490779,1,9,0,-1,13,7,3,-1,0,1,0,0,0,0,1,1,-1,9,2,17,4,1390,1,12,AUDI A1,5,-1,0,2
2024991497288,2024,991497288,2,9,0,-1,19,3,7,-1,0,1,0,0,0,0,1,1,-1,9,2,39,7,1598,2,11,AUDI A1,-1,-1,0,-1
2024041436420,2024,041436420,1,9,0,-1,1,1,5,-1,0,0,0,0,0,0,2,1,-1,9,2,81,11,1390,1,11,AUDI A1,10,E01025327,0,1
2024302401135,2024,302401135,1,9,0,17,19,1,5,0,0,1,0,0,0,0,1,1,6,6,1,20,4,999,1,0,AUDI A1,2,E01019666,0,1
2024010517789,2024,010517789,2,9,0,5,5,3,7,0,0,3,0,0,0,0,3,1,6,6,2,20,4,1390,1,12,AUDI A1,5,E01004172,0,1
2024471416027,2024,471416027,18,9,0,-1,19,7,3,-1,0,0,1,0,0,0,1,1,-1,6,2,18,4,999,1,5,AUDI A1,9,E01031823,0,4
2024010546954,2024,010546954,2,9,0,7,7,1,4,0,0,1,0,0,3,0,4,1,2,2,1,61,9,999,1,2,AUDI A1,-1,-1,0,-1
2024131509996,2024,131509996,2,9,0,-1,19,7,3,-1,0,0,0,0,0,0,2,1,-1,6,1,56,9,1395,1,8,AUDI A1,8,E01032491,0,1
2024041518885,2024,041518885,1,9,0,-1,19,1,5,-1,0,0,5,0,0,0,4,1,-1,9,2,85,11,1395,1,6,AUDI A1,6,E01025585,0,1
2024531527283,2024,531527283,1,9,0,-1,19,4,8,-1,0,0,1,0,7,0,3,1,-1,9,2,22,5,1390,1,10,AUDI A1,6,E01022216,0,2
2024461513572,2024,461513572,2,9,0,-1,19,4,4,-1,0,0,0,0,0,0,1,1,-1,2,2,17,4,999,1,0,AUDI A1,4,E01024132,0,1
2024010544041,2024,010544041,1,9,0,3,3,9,9,99,99,0,9,99,9,99,2,9,6,6,1,-1,-1,1498,1,3,AUDI A1,3,E01024176,0,3
2024010542341,2024,010542341,1,9,0,99,99,9,9,99,99,9,9,99,9,99,9,9,6,6,1,24,5,999,1,0,AUDI A1,5,E01002344,0,2
2024052400903,2024,052400903,1,9,0,18,19,3,7,0,0,1,0,0,0,0,3,1,6,6,2,21,5,999,1,4,AUDI A1,1,E01006607,0,1
2024461537746,2024,461537746,2,9,0,-1,19,3,6,-1,0,0,0,0,0,0,3,1,-1,6,2,27,6,1197,1,11,AUDI A1,5,E01024531,0,3
2024421466033,2024,421466033,2,9,0,-1,19,3,7,-1,0,4,0,0,0,0,4,1,-1,6,1,25,5,1395,1,6,AUDI A1,7,E01021330,0,3
2024010535414,2024,010535414,1,9,0,99,99,9,9,99,99,9,9,99,9,99,2,9,2,2,2,23,5,999,1,2,AUDI A1,3,E01002049,0,1
2024201467284,2024,201467284,1,9,0,-1,13,4,8,-1,0,8,0,0,0,0,4,9,-1,6,1,-1,-1,999,1,5,AUDI A1,-1,-1,0,-1
2024371493257,2024,371493257,2,9,0,-1,2,0,0,-1,0,0,0,0,0,0,1,1,-1,6,-1,-1,-1,1498,1,3,AUDI A1,-1,-1,0,-1
2024461485442,2024,461485442,2,9,0,-1,19,7,3,-1,0,0,5,0,0,0,1,1,-1,9,1,17,4,999,1,2,AUDI A1,9,E01024213,0,1
2024010532814,2024,010532814,1,9,0,99,99,9,9,99,99,0,9,99,9,99,2,9,6,6,1,65,9,1395,1,9,AUDI A1,6,E01003737,0,1
2024041452204,2024,041452204,2,9,0,-1,10,7,5,-1,0,8,0,0,0,0,2,1,-1,9,2,28,6,1395,1,7,AUDI A1,7,E01012597,0,1
2024302400338,2024,302400338,1,9,0,4,4,1,5,0,0,8,0,0,0,0,1,1,6,6,2,25,5,999,1,4,AUDI A1,10,E01013468,0,4
2024461489486,2024,461489486,1,9,0,-1,19,1,5,-1,0,0,0,0,0,0,3,9,-1,9,2,22,5,999,1,1,AUDI A1,9,E01035290,0,3
2024122500062,2024,122500062,1,9,0,5,5,7,5,0,0,1,0,0,0,0,1,1,1,1,2,20,4,1395,1,8,AUDI A1,2,E01027825,0,1
2024010524275,2024,010524275,2,9,0,9,9,5,3,0,0,8,0,0,0,0,3,1,6,6,3,-1,-1,1395,1,6,AUDI A1,-1,-1,0,-1
2024622400276,2024,622400276,3,9,0,4,4,7,4,0,0,0,0,0,0,0,2,1,6,6,1,81,11,999,1,0,AUDI A1,5,W01001917,0,1
2024501492632,2024,501492632,2,9,0,-1,19,5,1,-1,0,1,0,0,0,0,4,1,-1,2,2,20,4,1395,1,6,AUDI A1,5,E01020077,0,3
2024211481479,2024,211481479,1,9,0,-1,3,6,2,-1,0,0,0,0,0,0,1,1,-1,9,2,21,5,1390,1,10,AUDI A1,9,E01029631,0,2
2024451470600,2024,451470600,1,9,0,-1,4,-1,-1,-1,0,0,0,0,0,0,2,1,-1,9,2,26,6,1197,1,13,AUDI A1,9,E01030317,0,3
2024131413758,2024,131413758,1,9,0,-1,19,8,4,-1,0,0,0,0,0,0,1,1,-1,6,2,24,5,1598,2,12,AUDI A1,8,E01011174,0,2
2024122500222,2024,122500222,4,9,0,2,2,0,0,0,0,8,0,0,0,0,0,1,6,6,2,34,6,999,1,7,AUDI A1,6,E01027636,0,2
2024401479673,2024,401479673,2,9,0,-1,3,8,4,-1,0,1,0,0,0,0,2,1,-1,6,2,36,7,1598,2,9,AUDI A1,4,E01015785,0,1
2024141506163,2024,141506163,1,9,0,-1,19,5,1,-1,0,1,0,0,0,0,3,1,-1,6,2,52,8,999,1,0,AUDI A1,1,E01007943,0,1
2024320688853,2024,320688853,1,9,0,-1,-1,6,4,0,0,4,0,0,0,0,1,1,6,6,1,36,7,1395,1,6,AUDI A1,6,E01015688,0,3
2024411445997,2024,411445997,1,9,-1,-1,-1,-1,-1,-1,-1,0,-1,-1,-1,0,-1,9,-1,6,1,-1,-1,999,1,3,AUDI A1,-1,-1,0,-1
2024010532326,2024,010532326,2,9,0,99,99,9,9,99,99,9,9,99,9,99,1,9,6,6,3,37,7,1395,1,8,AUDI A1,2,E01001842,0,1
2024131440348,2024,131440348,1,9,0,-1,19,7,3,-1,0,8,0,0,0,0,4,1,-1,9,2,23,5,1395,1,10,AUDI A1,1,E01010624,0,1
2024010511136,2024,010511136,2,9,0,18,19,5,1,0,0,7,0,0,0,0,1,1,6,6,1,39,7,1498,1,0,AUDI A1,9,E01003464,0,2
2024141469874,2024,141469874,2,9,0,-1,3,3,7,-1,0,0,0,0,0,0,2,1,-1,6,1,59,9,1390,1,13,AUDI A1,9,E01007674,0,1
2024421480302,2024,421480302,2,9,0,-1,4,5,1,-1,0,0,0,0,0,0,2,1,-1,2,2,33,6,1395,1,7,AUDI A1,5,E01021422,0,3
2024361513922,2024,361513922,2,9,0,-1,9,8,1,-1,0,2,0,0,0,0,1,1,-1,6,1,70,10,1598,2,14,AUDI A1,5,E01030066,0,2
2024061511833,2024,061511833,1,9,0,-1,5,0,0,-1,0,0,0,0,0,0,1,1,-1,6,1,41,7,999,1,6,AUDI A1,5,E01005956,0,1
2024440245905,2024,440245905,1,9,0,18,19,5,1,0,0,0,0,0,7,4,1,1,6,6,2,20,4,1598,2,12,AUDI A1,4,E01017222,0,1
2024991422813,2024,991422813,1,9,0,-1,19,5,1,-1,0,1,0,0,0,0,1,1,-1,9,2,17,4,999,1,0,AUDI A1,8,-1,0,3
2024302401452,2024,302401452,1,9,0,18,19,1,5,0,0,0,0,0,0,0,1,1,6,6,2,38,7,1395,1,7,AUDI A1,10,E01034650,0,1
2024131461313,2024,131461313,1,9,0,-1,19,5,1,-1,0,8,0,0,0,0,1,1,-1,9,2,69,10,999,1,5,AUDI A1,8,E01011773,0,1
2024061521104,2024,061521104,1,9,0,-1,9,6,4,-1,0,8,0,0,0,0,1,9,-1,6,3,-1,-1,1390,1,10,AUDI A1,-1,-1,0,-1
2024320210679,2024,320210679,2,9,0,9,9,7,5,0,0,0,0,0,0,0,2,2,6,6,2,25,5,1598,2,9,AUDI A1,5,E01026407,0,1
2024311519838,2024,311519838,4,9,0,-1,2,0,0,-1,0,0,0,0,0,0,3,1,-1,6,-1,-1,-1,1598,2,12,AUDI A1,-1,-1,0,-1
2024010510238,2024,010510238,3,9,0,99,99,9,9,99,99,9,9,99,9,99,9,9,6,6,3,-1,-1,999,1,1,AUDI A1,-1,-1,0,-1
2024332400754,2024,332400754,2,9,0,-1,19,5,1,-1,0,8,0,0,0,0,1,1,-1,6,2,23,5,1498,1,4,AUDI A1,10,E01025973,0,1
2024010496423,2024,010496423,1,9,0,99,99,9,9,99,99,9,9,99,9,99,2,9,2,2,2,26,6,999,1,7,AUDI A1,5,E01016566,0,4
2024501400861,2024,501400861,1,9,0,-1,19,7,7,-1,0,0,0,11,0,0,1,9,-1,6,1,19,4,1197,1,13,AUDI A1,2,E01034162,0,1
2024061505330,2024,061505330,2,9,0,-1,3,7,3,-1,0,0,0,0,0,0,2,9,-1,6,1,43,7,1395,1,9,AUDI A1,9,E01005334,0,3
2024010507060,2024,010507060,2,9,9,99,99,9,9,99,99,4,9,99,9,99,9,9,6,6,3,-1,-1,1390,1,11,AUDI A1,-1,-1,0,-1
2024010523398,2024,010523398,1,9,0,18,19,5,1,0,0,1,0,0,0,0,1,1,6,6,2,18,4,999,1,0,AUDI A1,2,E01000040,0,1
2024471428882,2024,471428882,2,9,0,-1,19,8,4,-1,0,8,0,0,0,0,1,9,-1,6,2,22,5,999,1,2,AUDI A1,7,E01030850,0,4
2024461502758,2024,461502758,1,9,0,-1,11,3,7,-1,0,0,0,0,0,0,1,1,-1,6,2,24,5,999,1,5,AUDI A1,8,E01003676,0,4
2024041482729,2024,041482729,2,9,0,-1,19,1,5,-1,0,1,0,0,0,0,1,1,-1,2,2,21,5,1390,1,12,AUDI A1,3,E01012741,0,2
2024201448023,2024,201448023,3,9,0,-1,19,6,2,-1,0,0,0,0,0,0,4,9,-1,6,3,-1,-1,1390,1,10,AUDI A1,-1,-1,0,-1
2024101440431,2024,101440431,1,9,0,-1,4,3,2,-1,0,0,0,0,0,0,2,1,-1,9,2,46,8,999,1,1,AUDI A1,-1,-1,0,-1
2024041459047,2024,041459047,2,9,0,-1,19,8,4,-1,0,1,0,0,1,10,3,1,-1,9,2,83,11,1598,2,9,AUDI A1,10,E01025414,0,1
2024131457671,2024,131457671,2,9,0,-1,3,2,6,-1,0,0,0,0,0,0,2,1,-1,6,2,31,6,1390,1,10,AUDI A1,3,E01011670,0,1
2024461526546,2024,461526546,2,9,0,-1,4,3,6,-1,0,0,0,0,0,0,3,9,-1,9,2,23,5,999,1,4,AUDI A1,5,E01024413,0,1
2024221415915,2024,221415915,2,9,0,-1,19,2,7,-1,0,8,0,0,0,0,1,9,-1,6,2,28,6,1968,2,11,AUDI A1,7,E01032319,0,3
2024471445463,2024,471445463,2,9,0,-1,19,1,5,-1,0,3,0,0,1,0,1,1,-1,9,2,18,4,999,1,2,AUDI A1,10,E01031828,0,1
2024101464173,2024,101464173,1,9,0,-1,5,1,5,-1,0,3,0,11,1,0,1,1,-1,9,2,22,5,999,1,3,AUDI A1,4,E01008779,0,3
2024622400827,2024,622400827,2,9,0,18,19,8,4,0,0,0,0,0,0,0,2,1,6,6,2,27,6,1598,2,12,AUDI A1,9,W01001729,0,3
2024440432897,2024,440432897,1,9,0,18,19,3,7,0,0,8,0,0,0,0,1,1,6,6,2,62,9,1390,1,13,AUDI A1,6,E01023046,0,2
2024041437139,2024,041437139,1,9,0,-1,19,3,7,-1,0,0,1,0,7,0,1,1,-1,6,1,28,6,1498,1,3,AUDI A1,9,E01029672,0,5
2024201476270,2024,201476270,1,9,0,-1,4,8,4,-1,0,0,0,0,0,0,3,1,-1,6,1,23,5,1197,1,11,AUDI A1,2,E01009795,0,1
2024340NN0982,2024,340NN0982,2,9,0,-1,19,1,5,-1,0,0,0,0,0,0,1,1,-1,6,2,41,7,1390,1,12,AUDI A1,10,E01026357,0,3
2024052401035,2024,052401035,1,9,0,18,19,1,5,0,0,8,0,0,0,0,1,1,6,6,2,22,5,999,1,8,AUDI A1,7,E01007066,0,1
2024461520774,2024,461520774,1,9,0,-1,5,5,2,-1,0,1,0,0,0,0,3,1,-1,9,2,24,5,999,1,1,AUDI A1,6,E01024361,0,1
2024411479509,2024,411479509,1,9,-1,-1,-1,-1,-1,-1,-1,0,-1,-1,-1,0,4,9,-1,6,2,-1,-1,1395,1,9,AUDI A1,7,E01023961,0,1
2024552400640,2024,552400640,1,9,0,18,19,6,2,0,0,1,0,0,0,0,1,1,6,6,2,29,6,1598,2,11,AUDI A1,4,E01020394,0,2
2024010509292,2024,010509292,3,9,0,18,19,1,5,0,0,1,0,0,0,0,4,1,6,6,2,23,5,1390,1,13,AUDI A1,2,E01000017,0,2
2024201509726,2024,201509726,1,9,0,-1,19,1,5,-1,0,8,0,0,0,0,1,1,-1,6,1,25,5,1390,1,13,AUDI A1,1,E01009410,0,2
2024351458400,2024,351458400,1,9,0,-1,19,5,1,-1,0,0,0,0,1,0,1,1,-1,2,2,64,9,999,1,3,AUDI A1,10,E01018019,0,2
2024401395803,2024,401395803,2,9,0,-1,3,4,8,-1,0,0,0,0,0,0,2,9,-1,9,2,31,6,999,1,7,AUDI A1,10,E01017393,0,3
2024421498102,2024,421498102,2,9,0,-1,3,1,7,-1,0,1,0,0,0,0,3,1,-1,9,2,67,10,1395,1,7,AUDI A1,4,E01021495,0,3
2024010510115,2024,010510115,1,9,0,18,19,5,1,0,0,0,0,0,4,6,3,1,1,1,1,21,5,1498,1,5,AUDI A1,8,E01034089,0,4
2024421421879,2024,421421879,2,9,0,-1,2,0,0,-1,0,0,0,0,0,0,1,9,-1,6,3,-1,-1,999,1,6,AUDI A1,-1,-1,0,-1
2024622400500,2024,622400500,2,9,0,2,2,0,0,0,0,0,0,0,0,0,0,1,6,6,3,-1,-1,999,1,5,AUDI A1,-1,-1,0,-1
2024991498468,2024,991498468,2,9,0,-1,4,2,6,-1,0,4,0,0,0,0,2,1,-1,2,2,23,5,999,1,3,AUDI A1,7,-1,0,1
2024061524581,2024,061524581,1,9,0,-1,19,6,2,-1,0,8,0,0,0,0,1,1,-1,6,1,19,4,999,1,0,AUDI A1,4,E01006110,0,1
2024231473868,2024,231473868,1,9,9,-1,1,1,5,-1,0,0,0,0,0,0,9,9,-1,6,1,39,7,1498,1,3,AUDI A1,5,E01031262,0,1
2024311422581,2024,311422581,2,9,0,-1,19,2,7,-1,0,8,0,0,0,0,1,1,-1,6,2,23,5,1390,1,11,AUDI A1,6,E01028273,0,2
2024622400694,2024,622400694,1,9,0,9,9,4,2,0,0,8,0,0,0,0,1,1,6,6,2,17,4,999,1,5,AUDI A1,7,W01001943,0,1
2024052400342,2024,052400342,2,9,0,18,19,4,8,0,0,3,0,0,0,0,3,1,2,2,2,23,5,1598,2,10,AUDI A1,6,E01007248,0,1
2024101432979,2024,101432979,1,9,0,-1,9,1,5,-1,0,6,0,0,0,0,1,1,-1,2,2,20,4,999,1,4,AUDI A1,8,E01035628,0,1
2024041504107,2024,041504107,3,9,0,-1,19,3,7,-1,0,1,0,0,0,0,2,1,-1,6,2,58,9,1395,1,6,AUDI A1,2,E01025059,0,2
2024991419095,2024,991419095,1,9,0,-1,19,8,4,-1,0,2,0,4,0,0,1,1,-1,6,2,30,6,1390,1,11,AUDI A1,3,-1,0,2
2024101473930,2024,101473930,2,9,0,-1,3,2,6,-1,0,8,0,0,0,0,3,1,-1,6,2,44,7,1968,2,10,AUDI A1,9,E01008376,0,1
2024440024981,2024,440024981,1,9,0,9,9,4,8,0,0,6,0,0,0,0,3,1,2,2,2,28,6,1598,2,11,AUDI A1,3,E01032847,0,3
2024451475649,2024,451475649,1,9,0,-1,19,7,3,-1,0,2,0,0,0,0,1,1,-1,9,2,19,4,1197,1,11,AUDI A1,9,E01000804,0,3
2024545512324,2024,545512324,2,9,0,18,19,5,1,0,0,1,0,0,0,0,1,1,6,6,1,63,9,999,1,7,AUDI A1,7,E01015585,0,2
2024131473966,2024,131473966,1,9,0,-1,2,0,0,-1,0,0,0,0,0,0,3,1,-1,9,2,30,6,1598,2,8,AUDI A1,1,E01011838,0,1
2024311450540,2024,311450540,2,9,0,-1,19,1,5,-1,0,2,0,0,0,0,1,1,-1,9,2,20,4,1598,2,11,AUDI A1,6,E01028003,0,2
2024461468618,2024,461468618,2,9,0,-1,4,5,1,-1,0,1,0,0,0,0,2,9,-1,9,1,36,7,1197,1,10,AUDI A1,9,E01000712,0,4
2024070499976,2024,070499976,2,9,0,16,19,7,3,0,0,8,0,0,0,0,4,1,2,2,2,18,4,999,1,0,AUDI A1,10,E01018667,0,2
2024371402680,2024,371402680,1,9,-1,-1,-1,-1,-1,-1,-1,0,-1,-1,-1,0,-1,1,-1,6,1,22,5,999,1,1,AUDI A1,3,E01029984,0,1
2024430205465,2024,430205465,1,9,0,18,19,4,8,0,0,1,0,0,0,0,1,1,6,6,1,21,5,1390,1,12,AUDI A1,2,E01028576,0,1
2024548522924,2024,548522924,2,9,0,18,19,8,4,0,0,0,0,0,0,0,2,1,6,6,1,55,8,1395,1,8,AUDI A1,8,E01014554,0,4
2024461449235,2024,461449235,2,9,0,-1,19,2,6,-1,0,0,0,0,0,0,3,1,-1,1,2,19,4,999,1,3,AUDI A1,6,E01024812,0,1
2024131461774,2024,131461774,3,9,0,-1,19,4,8,-1,0,0,0,0,0,0,1,1,-1,9,1,22,5,1598,2,12,AUDI A1,3,E01011257,0,1
2024061436791,2024,061436791,1,9,0,-1,4,3,7,-1,0,8,0,0,0,0,4,1,-1,9,2,29,6,999,1,2,AUDI A1,7,E01005510,0,1
2024061528565,2024,061528565,1,9,0,-1,3,4,8,-1,0,1,0,0,0,0,2,1,-1,9,2,30,6,999,1,0,AUDI A1,1,E01005101,0,2
2024070319916,2024,070319916,1,9,0,5,5,6,2,0,0,4,0,0,0,0,1,1,2,2,2,27,6,1395,1,7,AUDI A1,8,E01012473,0,1
2024041492323,2024,041492323,1,9,0,-1,19,5,1,-1,0,0,0,0,0,0,1,1,-1,1,2,23,5,999,1,0,AUDI A1,1,E01025248,0,2
2024340NN3202,2024,340NN3202,1,9,0,-1,19,7,3,-1,0,0,0,0,1,2,1,1,-1,2,2,20,4,1390,1,13,AUDI A1,7,E01027321,0,2
2024411412491,2024,411412491,1,9,0,-1,19,7,3,-1,0,0,0,0,0,0,1,1,-1,1,2,22,5,1598,2,10,AUDI A1,6,E01023940,0,3
2024451450417,2024,451450417,1,9,0,-1,19,4,4,-1,0,0,1,0,0,0,2,9,-1,6,2,54,8,1197,1,10,AUDI A1,10,E01030581,0,4
2024201497853,2024,201497853,1,9,0,-1,9,7,5,-1,0,6,0,0,0,0,4,9,-1,6,3,30,6,1395,1,10,AUDI A1,-1,-1,0,-1
2024610040824,2024,610040824,3,9,0,2,2,0,0,0,0,0,0,0,0,0,1,1,6,6,3,-1,-1,1395,1,9,AUDI A1,-1,-1,0,-1
2024302400728,2024,302400728,2,9,0,4,4,5,1,0,0,0,0,0,0,0,2,1,6,6,2,22,5,1598,2,12,AUDI A1,7,E01013294,0,4
2024111462216,2024,111462216,2,9,0,-1,11,2,1,-1,0,3,1,10,0,0,4,1,-1,9,2,37,7,1395,1,9,AUDI A1,2,E01020599,0,1
2024111454269,2024,111454269,1,9,0,-1,5,8,2,-1,0,0,0,0,0,0,1,1,-1,6,2,37,7,999,1,1,AUDI A1,5,E01020848,0,1
2024010495042,2024,010495042,1,9,0,18,19,5,1,0,0,0,0,0,0,0,1,1,6,6,1,80,11,1598,2,6,AUDI A1,5,E01000591,0,1
2024451508864,2024,451508864,1,9,0,-1,2,0,0,-1,99,0,0,0,0,0,2,9,-1,9,2,26,6,999,1,5,AUDI A1,4,E01030743,0,2
2024161473030,2024,161473030,1,9,0,-1,4,6,2,-1,0,0,0,0,0,0,2,1,-1,9,2,50,8,1395,1,7,AUDI A1,9,E01013157,0,1
202417S110524,2024,17S110524,1,9,0,-1,3,5,1,-1,0,1,0,0,0,0,2,1,-1,9,2,26,6,999,1,1,AUDI A1,-1,-1,0,-1
2024421536887,2024,421536887,1,9,0,-1,19,4,8,-1,0,0,0,0,0,0,1,1,-1,6,1,24,5,999,1,4,AUDI A1,6,E01021722,0,2
2024131503204,2024,131503204,2,9,0,-1,4,1,5,-1,0,8,0,0,0,0,2,1,-1,1,2,22,5,1395,1,7,AUDI A1,10,E01011580,0,1
2024461445526,2024,461445526,2,9,0,-1,19,1,5,-1,0,8,0,0,0,0,4,1,-1,6,1,31,6,1598,2,7,AUDI A1,4,E01024296,0,1
2024461480499,2024,461480499,2,9,0,-1,19,7,3,-1,0,2,0,0,0,0,4,1,-1,9,2,57,9,1390,1,13,AUDI A1,8,E01024828,0,4
2024311455595,2024,311455595,3,9,0,-1,-1,-1,-1,-1,-1,-1,-1,-1,-1,0,-1,9,-1,6,2,28,6,999,1,4,AUDI A1,6,E01028003,0,1
2024111528581,2024,111528581,2,9,0,-1,19,5,1,-1,0,3,1,0,0,0,4,1,-1,6,2,20,4,999,1,5,AUDI A1,4,E01020735,0,1
2024401455187,2024,401455187,1,9,0,-1,19,-1,-1,-1,0,0,0,0,0,0,4,9,-1,6,2,19,4,1498,1,2,AUDI A1,5,E01015700,0,1
2024421411264,2024,421411264,2,9,0,-1,19,1,6,-1,0,0,0,0,0,0,2,1,-1,9,2,26,6,1390,1,12,AUDI A1,9,E01033503,0,4
2024010523236,2024,010523236,1,9,0,18,19,1,5,0,0,0,0,0,0,0,1,1,2,2,2,27,6,1197,1,11,AUDI A1,7,E01030548,0,3
2024451494547,2024,451494547,1,9,0,-1,19,4,7,-1,0,0,0,0,0,0,3,1,-1,9,1,31,6,1395,1,7,AUDI A1,9,E01030421,0,2
2024332400101,2024,332400101,2,9,0,-1,19,3,7,-1,0,0,0,0,1,0,3,1,-1,6,1,25,5,1598,2,7,AUDI A1,9,E01025901,0,3
2024131495987,2024,131495987,1,9,0,-1,19,3,7,-1,0,0,0,4,1,0,1,1,-1,6,2,24,5,999,1,8,AUDI A1,1,E01011483,0,1
2024010536537,2024,010536537,1,9,0,9,9,2,7,0,0,5,0,0,0,0,1,1,3,7,1,19,4,1390,1,12,AUDI A1,8,E01003676,0,1
2024552400983,2024,552400983,1,9,0,18,19,6,2,0,0,0,0,0,0,0,1,1,6,6,1,25,5,1395,1,8,AUDI A1,8,E01020375,0,2
2024311483429,2024,311483429,1,9,0,-1,9,3,1,-1,0,8,0,0,0,0,2,1,-1,6,2,22,5,1390,1,12,AUDI A1,3,E01013944,0,1
2024010548690,2024,010548690,1,9,0,9,9,1,8,0,0,2,0,0,0,0,1,1,6,6,2,35,6,1390,1,10,AUDI A1,2,E01004722,0,2
2024411526554,2024,411526554,1,21,0,-1,9,5,1,-1,0,0,0,0,0,0,1,1,-1,1,1,55,8,-1,-1,-1,DAF TRUCKS MODEL MISSING,2,E01015735,0,2
2024531419770,2024,531419770,1,21,0,-1,5,8,2,-1,0,0,0,0,0,0,3,1,-1,1,1,41,7,10837,2,1,DAF TRUCKS MODEL MISSING,5,E01022383,0,3