collision_index,collision_year,collision_ref_no,vehicle_reference,vehicle_type,towing_and_articulation,vehicle_manoeuvre_historic,vehicle_manoeuvre,vehicle_direction_from,vehicle_direction_to,vehicle_location_restricted_lane_historic,vehicle_location_restricted_lane,junction_location,skidding_and_overturning,hit_object_in_carriageway,vehicle_leaving_carriageway,hit_object_off_carriageway,first_point_of_impact,vehicle_left_hand_drive,journey_purpose_of_driver_historic,journey_purpose_of_driver,sex_of_driver,age_of_driver,age_band_of_driver,engine_capacity_cc,propulsion_code,age_of_vehicle,generic_make_model,driver_imd_decile,lsoa_of_driver,escooter_flag,driver_distance_banding
2024031503431,2024,031503431,3,21,1,-1,19,5,1,-1,0,0,0,0,0,0,3,1,-1,1,1,63,9,10837,2,4,DAF TRUCKS MODEL MISSING,9,E01012998,0,5
2024991465550,2024,991465550,1,90,0,-1,19,6,2,-1,0,0,5,0,7,0,3,1,-1,1,1,49,8,10837,2,7,DAF TRUCKS MODEL MISSING,4,-1,0,4
2024010546948,2024,010546948,2,20,9,99,99,9,9,99,99,9,9,99,9,99,9,9,6,6,3,-1,-1,6700,2,0,DAF TRUCKS MODEL MISSING,1,E01004861,0,5
2024461525950,2024,461525950,1,20,0,-1,19,3,7,-1,0,0,0,0,0,0,4,9,-1,6,1,66,10,6700,2,8,DAF TRUCKS MODEL MISSING,5,E01032653,0,4
2024440037113,2024,440037113,1,21,0,9,9,2,8,0,0,6,0,0,0,0,3,1,1,1,1,42,7,12902,2,7,DAF TRUCKS MODEL MISSING,7,E01022825,0,1
2024010541893,2024,010541893,1,21,0,18,19,3,7,0,0,8,0,0,0,0,1,1,1,1,1,48,8,6700,2,5,DAF TRUCKS MODEL MISSING,3,E01019484,0,5
2024071046142,2024,071046142,2,21,-1,-1,19,1,5,-1,0,3,0,0,0,0,4,1,-1,1,1,54,8,12902,2,6,DAF TRUCKS MODEL MISSING,5,E01024528,0,5
2024061412980,2024,061412980,2,19,0,-1,19,3,7,-1,0,1,0,0,0,0,1,1,-1,1,1,51,8,-1,-1,-1,DAF TRUCKS MODEL MISSING,1,E01005340,0,1
2024421468132,2024,421468132,2,21,1,-1,19,1,5,-1,0,0,0,0,0,0,2,1,-1,1,1,41,7,12902,2,5,DAF TRUCKS MODEL MISSING,3,E01005718,0,5
2024991489334,2024,991489334,1,21,1,-1,11,2,6,-1,0,0,0,0,0,0,4,1,-1,1,1,59,9,12902,2,7,DAF TRUCKS MODEL MISSING,-1,-1,0,-1
2024451415533,2024,451415533,2,21,0,-1,19,4,8,-1,0,0,0,0,0,0,2,1,-1,1,1,29,6,12902,2,4,DAF TRUCKS MODEL MISSING,1,E01024610,0,4
2024010536685,2024,010536685,2,90,1,18,19,3,7,0,0,8,0,0,0,0,3,1,1,1,1,48,8,10837,2,7,DAF TRUCKS MODEL MISSING,4,E01003537,0,1
2024471417003,2024,471417003,1,20,0,-1,2,0,0,-1,0,1,0,0,0,0,0,1,-1,6,-1,-1,-1,4500,2,10,DAF TRUCKS MODEL MISSING,-1,-1,0,-1
2024471425958,2024,471425958,1,21,0,-1,19,7,3,-1,0,0,0,0,0,0,1,1,-1,1,1,66,10,12902,2,6,DAF TRUCKS MODEL MISSING,7,E01022823,0,4
2024302500038,2024,302500038,2,21,1,-1,13,5,1,-1,0,0,0,0,0,0,4,1,-1,1,1,39,7,12902,2,2,DAF TRUCKS MODEL MISSING,1,E01011493,0,4
2024010515766,2024,010515766,1,21,0,2,2,0,0,0,0,1,0,0,0,0,2,1,6,6,3,-1,-1,6700,2,4,DAF TRUCKS MODEL MISSING,-1,-1,0,-1
2024311430625,2024,311430625,2,21,0,-1,19,5,1,-1,0,1,0,0,0,0,1,1,-1,1,1,54,8,10837,2,9,DAF TRUCKS MODEL MISSING,-1,-1,0,-1
2024622400844,2024,622400844,1,20,0,18,19,8,4,0,0,0,0,0,0,0,1,1,2,2,1,65,9,10837,2,5,DAF TRUCKS MODEL MISSING,4,E01014746,0,4
2024421423660,2024,421423660,2,21,0,-1,19,3,7,-1,0,0,0,0,0,0,2,1,-1,1,2,31,6,6700,2,1,DAF TRUCKS MODEL MISSING,6,E01018297,0,4
2024041428668,2024,041428668,2,21,0,-1,19,5,1,-1,0,0,0,0,0,0,1,1,-1,1,1,62,9,10837,2,2,DAF TRUCKS MODEL MISSING,2,E01007333,0,4
2024461504296,2024,461504296,2,21,1,-1,2,8,1,-1,0,0,0,0,0,0,2,1,-1,1,2,50,8,12902,2,1,DAF TRUCKS MODEL MISSING,-1,-1,0,-1
2024010535526,2024,010535526,2,21,9,99,99,9,9,99,99,0,9,99,9,99,2,1,6,6,1,51,8,10837,2,5,DAF TRUCKS MODEL MISSING,7,E01024689,0,5
2024411479556,2024,411479556,1,21,-1,-1,19,7,3,-1,0,0,0,0,0,0,-1,9,-1,6,1,62,9,12902,2,1,DAF TRUCKS MODEL MISSING,7,E01023329,0,2
2024010504158,2024,010504158,2,21,1,18,19,3,7,0,0,0,0,0,0,0,1,1,1,1,1,41,7,6700,2,2,DAF TRUCKS MODEL MISSING,7,E01016820,0,4
2024520401811,2024,520401811,1,20,9,18,19,6,2,0,0,0,0,0,0,0,4,1,6,6,3,-1,-1,4500,2,5,DAF TRUCKS MODEL MISSING,-1,-1,0,-1
2024221487588,2024,221487588,1,21,1,-1,19,2,6,-1,0,0,0,0,1,0,1,1,-1,1,2,43,7,10837,2,2,DAF TRUCKS MODEL MISSING,6,E01005620,0,5
2024201467516,2024,201467516,1,21,0,-1,2,0,0,-1,0,0,0,0,0,0,0,1,-1,6,1,52,8,10837,2,1,DAF TRUCKS MODEL MISSING,4,E01010556,0,2
2024501456220,2024,501456220,1,20,0,-1,19,8,4,-1,0,0,0,0,0,0,3,1,-1,1,1,65,9,4500,2,6,DAF TRUCKS MODEL MISSING,9,E01020058,0,4
2024320603271,2024,320603271,2,21,0,4,4,6,2,0,0,0,0,0,0,0,2,1,1,1,1,66,10,10837,2,2,DAF TRUCKS MODEL MISSING,-1,-1,0,-1
2024041399474,2024,041399474,2,21,0,-1,2,5,1,-1,0,0,0,0,0,0,2,1,-1,1,1,66,10,4500,2,7,DAF TRUCKS MODEL MISSING,7,E01025131,0,2
2024430374498,2024,430374498,1,20,4,18,19,7,3,0,0,0,4,0,0,0,3,1,6,6,2,53,8,4461,2,13,DAF TRUCKS MODEL MISSING,5,E01019605,0,5
2024430355199,2024,430355199,1,21,2,18,19,4,8,0,0,1,1,0,0,0,1,1,2,2,1,36,7,10800,2,10,DAF TRUCKS MODEL MISSING,-1,-1,0,-1
2024451418440,2024,451418440,1,21,0,-1,19,3,7,-1,0,0,0,0,0,0,2,1,-1,1,1,44,7,12902,2,8,DAF TRUCKS MODEL MISSING,1,E01009844,0,5
2024010519719,2024,010519719,1,19,0,5,5,3,7,0,0,2,0,0,0,0,1,1,1,1,1,44,7,3800,2,5,DAF TRUCKS MODEL MISSING,5,E01004127,0,2
2024320108744,2024,320108744,2,21,1,-1,-1,4,8,0,0,0,0,0,8,4,1,1,1,1,1,58,9,12902,2,1,DAF TRUCKS MODEL MISSING,1,E01013209,0,3
2024440075362,2024,440075362,2,21,0,18,19,1,5,0,0,4,0,0,0,0,3,1,1,1,1,64,9,4462,2,11,DAF TRUCKS MODEL MISSING,9,E01022699,0,4
2024461449201,2024,461449201,3,90,0,-1,19,5,1,-1,0,8,0,0,0,0,0,9,-1,1,1,-1,-1,6700,2,5,DAF TRUCKS MODEL MISSING,3,E01035294,0,2
2024631422247,2024,631422247,2,21,4,-1,2,0,0,-1,0,0,0,0,0,0,0,1,-1,1,1,50,8,6700,2,9,DAF TRUCKS MODEL MISSING,1,W01001386,0,4
2024411422629,2024,411422629,2,21,-1,-1,-1,0,0,-1,-1,-1,-1,-1,-1,0,-1,1,-1,1,1,32,6,6700,2,1,DAF TRUCKS MODEL MISSING,-1,-1,0,-1
2024061486532,2024,061486532,2,21,0,-1,-1,-1,-1,-1,-1,-1,-1,-1,-1,0,3,9,-1,1,3,-1,-1,10837,2,5,DAF TRUCKS MODEL MISSING,-1,-1,0,-1
2024421405273,2024,421405273,2,21,1,-1,19,3,7,-1,0,0,0,0,0,0,4,1,-1,1,1,47,8,10837,2,5,DAF TRUCKS MODEL MISSING,-1,-1,0,-1
2024991442327,2024,991442327,2,21,0,-1,19,4,8,-1,0,8,0,0,1,0,1,1,-1,1,1,62,9,6700,2,4,DAF TRUCKS MODEL MISSING,4,E01024494,0,5
2024501515281,2024,501515281,1,90,0,-1,10,6,2,-1,0,0,0,0,0,0,2,1,-1,1,1,28,6,6690,2,0,DAF TRUCKS MODEL MISSING,6,E01018935,0,3
2024351412301,2024,351412301,1,21,4,-1,5,3,6,-1,-1,0,0,0,0,0,3,1,-1,1,1,63,9,12902,2,10,DAF TRUCKS MODEL MISSING,2,E01007464,0,5
202417S205024,2024,17S205024,2,21,0,-1,19,5,1,-1,0,0,0,0,0,0,1,1,-1,1,1,58,9,6700,2,1,DAF TRUCKS MODEL MISSING,6,E01012279,0,1
2024421498602,2024,421498602,2,21,1,-1,19,2,7,-1,0,0,0,0,0,0,3,1,-1,1,1,41,7,12902,2,2,DAF TRUCKS MODEL MISSING,1,E01033129,0,4
2024320498318,2024,320498318,1,19,0,-1,-1,2,6,0,0,8,0,0,0,0,4,1,6,6,3,-1,-1,4500,2,4,DAF TRUCKS MODEL MISSING,-1,-1,0,-1
2024520403055,2024,520403055,1,21,0,18,19,4,1,0,0,4,0,0,0,0,1,1,6,6,2,28,6,6700,2,2,DAF TRUCKS MODEL MISSING,2,E01029239,0,2
2024052401059,2024,052401059,1,21,1,4,4,6,2,0,0,1,0,0,0,0,2,1,1,1,1,51,8,10837,2,3,DAF TRUCKS MODEL MISSING,1,E01006980,0,2
2024131508128,2024,131508128,1,21,0,-1,3,7,3,-1,0,0,0,0,0,0,1,1,-1,1,1,34,6,6690,2,1,DAF TRUCKS MODEL MISSING,2,E01026975,0,5
2024010509611,2024,010509611,2,19,9,99,99,9,9,99,99,0,9,99,9,99,1,9,6,6,3,-1,-1,6700,2,1,DAF TRUCKS MODEL MISSING,4,E01000974,0,1
2024421409817,2024,421409817,2,21,0,-1,19,2,5,-1,0,0,0,0,0,0,3,1,-1,1,1,38,7,6700,2,4,DAF TRUCKS MODEL MISSING,7,E01002336,0,4
2024421504988,2024,421504988,1,21,0,-1,-1,-1,-1,-1,-1,-1,-1,-1,-1,0,-1,9,-1,6,1,60,9,4460,2,1,DAF TRUCKS MODEL MISSING,10,E01023802,0,4
2024311454264,2024,311454264,6,21,1,-1,19,6,2,-1,0,0,0,0,0,0,2,1,-1,1,1,39,7,10837,2,5,DAF TRUCKS MODEL MISSING,-1,-1,0,-1
2024161515892,2024,161515892,2,21,1,-1,4,1,5,-1,0,0,0,0,0,0,2,1,-1,1,1,62,9,12902,2,8,DAF TRUCKS MODEL MISSING,5,E01027798,0,4
2024061440440,2024,061440440,1,19,0,-1,19,1,5,-1,0,5,0,0,0,0,1,1,-1,1,1,53,8,4500,2,3,DAF TRUCKS MODEL MISSING,1,E01006207,0,2
2024401495883,2024,401495883,1,21,-1,-1,4,7,3,-1,0,0,0,0,0,0,1,1,-1,6,1,53,8,6700,2,3,DAF TRUCKS MODEL MISSING,2,E01010016,0,5
2024221420201,2024,221420201,1,20,0,-1,19,8,4,-1,0,0,0,0,0,0,4,9,-1,1,1,55,8,4500,2,7,DAF TRUCKS MODEL MISSING,2,E01013897,0,4
2024221442063,2024,221442063,3,21,1,-1,19,6,2,-1,0,0,1,0,0,0,3,1,-1,1,1,48,8,12902,2,6,DAF TRUCKS MODEL MISSING,7,W01001432,0,4
2024070343970,2024,070343970,2,21,0,18,19,3,4,0,0,3,0,0,0,0,4,1,1,1,1,46,8,10837,2,5,DAF TRUCKS MODEL MISSING,-1,-1,0,-1
2024221478659,2024,221478659,2,21,1,-1,19,4,8,-1,0,8,0,0,0,0,1,1,-1,1,1,61,9,12902,2,3,DAF TRUCKS MODEL MISSING,7,E01028862,0,4
2024070396682,2024,070396682,1,21,1,11,11,3,6,0,0,0,0,0,0,0,4,1,1,1,1,-1,-1,12902,2,4,DAF TRUCKS MODEL MISSING,-1,-1,0,-1
2024070184355,2024,070184355,1,21,4,18,19,5,1,0,0,0,0,0,0,0,1,1,1,1,1,55,8,12902,2,1,DAF TRUCKS MODEL MISSING,-1,-1,0,-1
2024421506456,2024,421506456,1,21,0,-1,-1,-1,-1,-1,-1,0,-1,-1,-1,0,-1,9,-1,1,1,37,7,10837,2,3,DAF TRUCKS MODEL MISSING,7,E01002301,0,4
2024320218403,2024,320218403,1,21,1,-1,-1,8,4,0,0,0,5,0,1,0,4,1,6,6,1,57,9,10837,2,6,DAF TRUCKS MODEL MISSING,5,E01011108,0,5
2024061531965,2024,061531965,3,21,0,-1,2,0,0,-1,0,0,0,0,0,0,0,1,-1,6,-1,-1,-1,12900,2,13,DAF TRUCKS MODEL MISSING,-1,-1,0,-1
2024371493567,2024,371493567,1,21,1,-1,19,8,4,-1,0,8,0,0,0,0,1,1,-1,1,1,58,9,10837,2,5,DAF TRUCKS MODEL MISSING,2,E01030017,0,4
2024141474285,2024,141474285,2,21,0,-1,13,5,1,-1,0,0,0,0,0,0,1,9,-1,6,1,-1,-1,12902,2,6,DAF TRUCKS MODEL MISSING,1,E01007338,0,2
2024351539677,2024,351539677,1,21,1,-1,19,1,5,-1,0,0,5,0,0,0,4,1,-1,1,2,38,7,12902,2,8,DAF TRUCKS MODEL MISSING,5,E01005777,0,5
2024622400827,2024,622400827,1,20,0,18,19,8,4,0,0,0,0,0,0,0,1,1,1,1,1,63,9,9186,2,11,DAF TRUCKS MODEL MISSING,4,W01001991,0,4
2024010524431,2024,010524431,3,21,1,18,19,5,1,0,0,0,0,0,0,0,1,1,1,1,1,56,9,12902,2,6,DAF TRUCKS MODEL MISSING,6,E01021394,0,4
2024361471673,2024,361471673,1,21,0,-1,9,6,2,-1,0,8,0,0,0,0,1,1,-1,1,1,62,9,12902,2,1,DAF TRUCKS MODEL MISSING,7,E01026013,0,4
2024041456458,2024,041456458,1,90,0,-1,7,3,7,-1,0,0,2,0,7,7,3,1,-1,1,1,50,8,6692,2,13,DAF TRUCKS MODEL MISSING,10,E01025355,0,2
2024041455072,2024,041455072,2,21,0,-1,19,5,1,-1,0,0,0,0,0,0,1,1,-1,1,1,50,8,12902,2,4,DAF TRUCKS MODEL MISSING,7,E01024905,0,4
2024631475261,2024,631475261,2,21,4,-1,19,1,5,-1,0,0,0,0,0,0,1,1,-1,1,1,65,9,-1,-1,-1,DAF TRUCKS MODEL MISSING,7,W01000473,0,4
2024010551599,2024,010551599,1,21,0,18,19,3,7,0,0,4,0,0,0,0,1,1,1,1,1,56,9,4500,2,5,DAF TRUCKS MODEL MISSING,2,E01004248,0,3
2024231405502,2024,231405502,2,21,1,-1,19,6,2,-1,0,0,0,0,0,0,4,9,-1,1,1,36,7,6700,2,9,DAF TRUCKS MODEL MISSING,5,E01013784,0,4
2024010520378,2024,010520378,2,19,4,7,7,7,1,0,0,8,0,4,0,0,3,1,1,1,1,53,8,6700,2,2,DAF TRUCKS MODEL MISSING,8,E01033514,0,4
2024061482388,2024,061482388,1,21,1,-1,5,5,1,-1,0,2,0,0,0,0,1,1,-1,1,1,50,8,12902,2,4,DAF TRUCKS MODEL MISSING,3,E01004939,0,4
2024031450716,2024,031450716,1,21,1,-1,19,1,5,-1,0,0,0,0,0,0,1,1,-1,1,1,59,9,12900,2,13,DAF TRUCKS MODEL MISSING,1,E01019113,0,2
2024131531854,2024,131531854,1,21,1,-1,4,3,7,-1,0,0,0,0,0,0,2,1,-1,1,1,57,9,12902,2,7,DAF TRUCKS MODEL MISSING,3,E01005726,0,4
2024501432375,2024,501432375,2,21,0,-1,19,6,2,-1,0,1,0,0,0,0,1,1,-1,1,1,37,7,10837,2,1,DAF TRUCKS MODEL MISSING,5,E01031869,0,5
2024041468418,2024,041468418,1,21,0,-1,19,1,1,-1,0,0,0,0,0,0,4,1,-1,1,1,25,5,6690,2,1,DAF TRUCKS MODEL MISSING,4,E01033281,0,4
2024302401172,2024,302401172,2,20,0,18,19,1,5,0,0,0,0,0,0,0,2,1,1,1,1,54,8,-1,-1,-1,DAF TRUCKS MODEL MISSING,8,E01006037,0,4
2024501520762,2024,501520762,1,21,1,-1,19,3,7,-1,0,0,0,4,0,0,1,1,-1,1,1,51,8,12902,2,2,DAF TRUCKS MODEL MISSING,4,E01019007,0,4
2024440400917,2024,440400917,2,21,0,9,9,1,7,0,0,1,0,0,0,0,2,1,1,1,1,51,8,4460,2,0,DAF TRUCKS MODEL MISSING,6,E01023237,0,3
202460Q181593,2024,60Q181593,1,21,0,18,19,8,4,0,0,0,0,4,0,0,1,1,1,1,1,56,9,6692,2,12,DAF TRUCKS MODEL MISSING,-1,-1,0,-1
2024010499677,2024,010499677,2,20,9,99,99,9,9,99,99,9,9,99,9,99,9,1,6,6,3,-1,-1,6700,2,7,DAF TRUCKS MODEL MISSING,-1,-1,0,-1
2024131518111,2024,131518111,2,21,0,-1,19,7,3,-1,0,1,0,0,0,0,1,1,-1,1,1,36,7,12902,2,2,DAF TRUCKS MODEL MISSING,7,E01010590,0,4
2024131501169,2024,131501169,1,21,0,-1,9,3,2,-1,0,6,0,0,0,0,3,1,-1,1,1,67,10,4500,2,3,DAF TRUCKS MODEL MISSING,1,E01010618,0,2
2024122400401,2024,122400401,1,21,1,13,13,4,8,0,0,0,0,0,7,0,0,1,1,1,1,51,8,12902,2,8,DAF TRUCKS MODEL MISSING,5,E01034971,0,3
2024031501353,2024,031501353,1,21,4,-1,6,8,7,-1,0,0,1,0,0,0,2,1,-1,1,1,62,9,12902,2,2,DAF TRUCKS MODEL MISSING,9,E01019085,0,4
2024522402196,2024,522402196,2,21,0,18,19,7,3,0,0,0,0,0,0,0,1,1,6,6,3,-1,-1,6700,2,3,DAF TRUCKS MODEL MISSING,-1,-1,0,-1
2024221502106,2024,221502106,1,21,0,-1,2,0,0,-1,0,8,0,0,0,0,2,1,-1,1,1,48,8,10837,2,5,DAF TRUCKS MODEL MISSING,9,W01000828,0,5
2024320475890,2024,320475890,2,21,0,-1,-1,4,8,0,0,8,1,0,7,0,1,1,1,1,1,56,9,12902,2,5,DAF TRUCKS MODEL MISSING,4,E01026780,0,4
2024371503743,2024,371503743,1,21,1,-1,19,5,7,-1,0,0,5,10,0,0,3,1,-1,1,1,22,5,12902,2,5,DAF TRUCKS MODEL MISSING,3,E01002404,0,5
2024010517313,2024,010517313,2,21,1,3,3,3,7,0,0,4,0,0,0,0,4,1,1,1,1,57,9,10837,2,2,DAF TRUCKS MODEL MISSING,8,E01023753,0,4
2024991500475,2024,991500475,2,21,0,-1,9,5,4,-1,0,2,0,0,0,0,2,1,-1,1,1,33,6,10837,2,3,DAF TRUCKS MODEL MISSING,-1,-1,0,-1
2024131455338,2024,131455338,2,21,0,-1,19,7,7,-1,-1,0,0,11,0,0,3,1,-1,1,1,43,7,6700,2,1,DAF TRUCKS MODEL MISSING,7,E01033750,0,4
2024320103963,2024,320103963,1,21,0,-1,-1,2,6,0,0,4,0,0,0,0,1,1,1,1,3,-1,-1,12902,2,5,DAF TRUCKS MODEL MISSING,-1,-1,0,-1
2024451518406,2024,451518406,2,21,0,-1,11,7,3,-1,0,0,0,0,0,0,3,1,-1,1,1,39,7,10837,2,2,DAF TRUCKS MODEL MISSING,6,E01027269,0,5
2024522402171,2024,522402171,3,20,0,18,19,4,8,0,0,0,0,0,0,0,1,1,6,6,1,28,6,6690,2,1,DAF TRUCKS MODEL MISSING,8,E01035111,0,4
2024070809446,2024,070809446,3,21,0,-1,19,8,4,-1,0,1,0,0,0,0,1,1,-1,1,1,59,9,-1,2,3,DAF TRUCKS MODEL MISSING,9,E01018386,0,4
2024071016485,2024,071016485,1,21,1,-1,19,5,1,-1,0,0,0,0,0,0,4,1,-1,1,1,57,9,12902,2,2,DAF TRUCKS MODEL MISSING,5,E01025320,0,4
2024531398240,2024,531398240,1,21,0,-1,19,5,1,-1,0,0,5,0,7,0,3,1,-1,1,1,74,10,12900,2,13,DAF TRUCKS MODEL MISSING,5,E01029941,0,5
2024320662195,2024,320662195,1,21,0,1,1,4,8,0,0,0,0,0,0,0,2,1,6,6,1,24,5,6700,2,6,DAF TRUCKS MODEL MISSING,-1,-1,0,-1
2024631495540,2024,631495540,2,21,1,-1,2,0,0,-1,0,0,0,0,1,10,0,1,-1,6,-1,-1,-1,12902,2,9,DAF TRUCKS MODEL MISSING,-1,-1,0,-1
2024211530553,2024,211530553,2,21,0,-1,5,1,5,-1,0,8,0,0,0,0,4,1,-1,1,1,22,5,-1,-1,-1,DAF TRUCKS MODEL MISSING,2,E01014230,0,1
2024302400056,2024,302400056,2,21,1,3,3,1,5,0,0,0,0,0,0,0,2,1,1,1,1,65,9,12902,2,6,DAF TRUCKS MODEL MISSING,3,E01007676,0,4
2024070403247,2024,070403247,2,21,1,18,19,3,7,0,0,8,0,0,0,0,2,1,1,1,1,59,9,12902,2,1,DAF TRUCKS MODEL MISSING,8,-1,0,5
2024302401477,2024,302401477,2,21,1,7,7,3,7,0,0,3,0,0,0,0,3,1,2,2,1,59,9,12902,2,9,DAF TRUCKS MODEL MISSING,1,E01028957,0,5
2024010505219,2024,010505219,2,90,9,99,99,9,9,99,99,9,9,99,9,99,9,9,6,6,3,-1,-1,-1,-1,-1,DAF TRUCKS MODEL MISSING,-1,-1,0,-1
2024361460412,2024,361460412,2,21,1,-1,19,1,5,-1,0,0,1,0,0,0,1,1,-1,1,1,29,6,12902,2,5,DAF TRUCKS MODEL MISSING,8,E01035152,0,2
2024320095175,2024,320095175,1,21,4,-1,-1,8,4,0,0,0,0,0,0,0,0,1,-1,-1,1,51,8,10837,2,2,DAF TRUCKS MODEL MISSING,7,E01026242,0,2
2024131515717,2024,131515717,1,21,0,-1,12,5,1,-1,0,0,0,0,0,0,3,1,-1,6,3,-1,-1,12902,2,8,DAF TRUCKS MODEL MISSING,-1,-1,0,-1
2024161486813,2024,161486813,2,21,0,-1,19,2,6,-1,0,0,0,0,0,0,4,1,-1,6,1,-1,-1,10837,2,5,DAF TRUCKS MODEL MISSING,-1,-1,0,-1
2024131431894,2024,131431894,2,21,0,-1,5,7,3,-1,0,1,0,0,0,0,4,1,-1,1,1,51,8,10837,2,1,DAF TRUCKS MODEL MISSING,6,E01035049,0,3
2024010512229,2024,010512229,2,21,0,18,19,1,5,0,0,8,0,0,0,0,1,1,1,1,1,47,8,6700,2,6,DAF TRUCKS MODEL MISSING,4,E01001373,0,2
2024351439750,2024,351439750,1,21,1,-1,12,3,7,-1,0,0,1,4,1,6,1,1,-1,1,1,35,6,10837,2,6,DAF TRUCKS MODEL MISSING,3,E01008947,0,5
2024361496104,2024,361496104,2,21,1,-1,3,5,1,-1,0,1,0,0,0,0,2,1,-1,1,1,40,7,12900,2,8,DAF TRUCKS MODEL MISSING,7,E01026251,0,4
2024340WN6342,2024,340WN6342,1,20,0,-1,4,1,5,-1,0,1,0,0,0,0,1,1,-1,1,1,51,8,6700,2,10,DAF TRUCKS MODEL MISSING,6,E01031033,0,4
2024451496488,2024,451496488,1,90,0,-1,2,0,0,-1,0,0,0,0,0,0,0,1,-1,1,1,44,7,6700,2,6,DAF TRUCKS MODEL MISSING,8,E01030491,0,3
2024201535317,2024,201535317,1,21,5,-1,19,5,1,-1,0,0,0,0,0,0,3,1,-1,1,1,46,8,10837,2,7,DAF TRUCKS MODEL MISSING,3,E01009221,0,2
2024471409078,2024,471409078,2,20,0,-1,19,6,2,-1,0,1,0,0,0,0,1,1,-1,1,1,37,7,-1,-1,-1,DAF TRUCKS MODEL MISSING,1,E01016083,0,4
202454B387124,2024,54B387124,2,20,0,17,19,2,4,0,0,1,0,0,0,0,1,1,1,1,1,30,6,6700,2,2,DAF TRUCKS MODEL MISSING,9,E01032102,0,4
2024031446071,2024,031446071,2,21,1,-1,19,2,6,-1,0,0,0,0,0,0,2,1,-1,1,1,-1,-1,10800,2,0,DAF TRUCKS MODEL MISSING,-1,-1,0,-1
2024211505393,2024,211505393,1,21,1,-1,12,5,1,-1,0,0,0,0,1,0,4,1,-1,1,1,50,8,12902,2,5,DAF TRUCKS MODEL MISSING,8,E01028116,0,4
2024531438811,2024,531438811,1,21,0,-1,5,4,8,-1,0,8,0,0,0,0,1,1,-1,6,3,-1,-1,-1,-1,-1,DAF TRUCKS MODEL MISSING,-1,-1,0,-1
2024411457461,2024,411457461,2,21,0,-1,19,7,3,-1,0,0,0,0,0,0,1,1,-1,1,1,45,7,6700,2,9,DAF TRUCKS MODEL MISSING,9,E01023470,0,2
2024122400591,2024,122400591,1,21,0,18,19,8,4,0,0,8,0,0,0,0,4,1,1,1,1,61,9,12902,2,7,DAF TRUCKS MODEL MISSING,2,E01026328,0,5
2024471505158,2024,471505158,1,90,0,-1,9,1,7,-1,0,8,0,0,0,0,1,2,-1,1,1,24,5,6690,2,0,DAF TRUCKS MODEL MISSING,5,E01034299,0,3
2024010501402,2024,010501402,1,19,4,18,19,6,2,0,0,1,0,0,0,0,1,1,1,1,1,32,6,6700,2,1,DAF TRUCKS MODEL MISSING,7,E01003476,0,4
2024161401833,2024,161401833,1,20,0,-1,19,1,5,-1,0,0,5,0,7,0,3,1,-1,1,1,60,9,-1,-1,-1,DAF TRUCKS MODEL MISSING,4,E01012830,0,4
2024010550657,2024,010550657,2,21,1,9,9,5,3,0,0,8,0,0,0,0,1,1,6,6,1,25,5,10837,2,7,DAF TRUCKS MODEL MISSING,7,E01024317,0,4
2024552400599,2024,552400599,3,21,1,18,19,2,6,0,0,0,0,0,0,0,2,1,1,1,3,-1,-1,12902,2,5,DAF TRUCKS MODEL MISSING,-1,-1,0,-1
2024141496581,2024,141496581,2,21,0,-1,19,6,2,-1,0,1,0,0,0,0,2,1,-1,1,1,53,8,6700,2,3,DAF TRUCKS MODEL MISSING,7,E01027995,0,4
2024070175542,2024,070175542,4,20,0,3,3,3,7,0,0,0,0,0,0,0,2,1,1,1,1,61,9,4500,2,8,DAF TRUCKS MODEL MISSING,2,E01004860,0,4
2024052402272,2024,052402272,1,21,0,3,3,3,7,0,0,2,0,0,0,0,1,1,1,1,1,60,9,12900,2,10,DAF TRUCKS MODEL MISSING,7,E01007065,0,2
2024231532701,2024,231532701,2,19,0,-1,2,0,0,-1,0,0,0,0,0,0,2,1,-1,1,1,63,9,-1,-1,-1,DAF TRUCKS MODEL MISSING,9,E01031329,0,3
2024211497006,2024,211497006,1,21,1,-1,19,1,5,-1,0,0,0,0,0,0,1,1,-1,1,1,27,6,10837,2,2,DAF TRUCKS MODEL MISSING,4,E01032473,0,3
2024101428583,2024,101428583,1,21,0,-1,19,1,5,-1,0,0,0,0,0,0,4,9,-1,2,1,-1,-1,10837,2,6,DAF TRUCKS MODEL MISSING,7,E01027510,0,4
2024122400715,2024,122400715,2,21,0,2,2,0,0,0,0,0,0,0,0,0,3,1,1,1,3,-1,-1,6700,2,3,DAF TRUCKS MODEL MISSING,-1,-1,0,-1