collision_index,collision_year,collision_ref_no,vehicle_reference,vehicle_type,towing_and_articulation,vehicle_manoeuvre_historic,vehicle_manoeuvre,vehicle_direction_from,vehicle_direction_to,vehicle_location_restricted_lane_historic,vehicle_location_restricted_lane,junction_location,skidding_and_overturning,hit_object_in_carriageway,vehicle_leaving_carriageway,hit_object_off_carriageway,first_point_of_impact,vehicle_left_hand_drive,journey_purpose_of_driver_historic,journey_purpose_of_driver,sex_of_driver,age_of_driver,age_band_of_driver,engine_capacity_cc,propulsion_code,age_of_vehicle,generic_make_model,driver_imd_decile,lsoa_of_driver,escooter_flag,driver_distance_banding
2024071054965,2024,071054965,2,21,0,-1,19,6,2,-1,0,8,0,0,7,9,1,1,-1,1,1,53,8,12902,2,9,DAF TRUCKS MODEL MISSING,6,E01018749,0,3
2024991503352,2024,991503352,2,21,0,-1,19,3,6,-1,0,0,0,0,1,2,1,1,-1,1,1,36,7,6700,2,6,DAF TRUCKS MODEL MISSING,4,-1,0,1
2024201519614,2024,201519614,2,21,0,-1,19,4,8,-1,0,0,0,0,0,0,1,1,-1,6,1,46,8,10837,2,9,DAF TRUCKS MODEL MISSING,-1,-1,0,-1
2024631462432,2024,631462432,1,21,1,-1,19,2,6,-1,0,1,5,0,1,10,4,1,-1,1,1,38,7,12902,2,5,DAF TRUCKS MODEL MISSING,8,W01000573,0,4
2024440035343,2024,440035343,2,21,1,18,19,6,2,0,0,1,0,0,0,0,3,1,1,1,1,31,6,12902,2,2,DAF TRUCKS MODEL MISSING,10,W01001591,0,5
2024070764616,2024,070764616,1,20,0,-1,4,3,7,-1,-1,1,0,0,0,0,1,1,-1,6,1,37,7,4500,2,2,DAF TRUCKS MODEL MISSING,8,E01018361,0,3
2024231502129,2024,231502129,2,21,1,-1,19,8,4,-1,0,1,0,0,0,0,1,1,-1,1,1,57,9,12902,2,0,DAF TRUCKS MODEL MISSING,4,E01018060,0,4
2024141417864,2024,141417864,1,90,0,-1,11,5,1,-1,0,0,0,0,0,0,4,1,-1,1,1,46,8,-1,-1,-1,DAF TRUCKS MODEL MISSING,3,E01019818,0,4
2024361496732,2024,361496732,3,21,1,-1,19,3,7,-1,0,0,0,0,0,0,2,1,-1,1,1,38,7,6690,2,1,DAF TRUCKS MODEL MISSING,6,E01000332,0,5
2024461472242,2024,461472242,1,90,0,-1,19,8,4,-1,0,8,0,5,0,0,1,1,-1,9,1,58,9,-1,-1,-1,DAF TRUCKS MODEL MISSING,5,E01024198,0,3
2024122401142,2024,122401142,2,19,0,13,13,1,2,0,0,0,0,0,0,0,0,1,1,1,3,-1,-1,-1,-1,-1,DAF TRUCKS MODEL MISSING,-1,-1,0,-1
2024501508582,2024,501508582,1,21,0,-1,11,1,5,-1,0,0,0,0,0,0,4,1,-1,1,1,41,7,10800,2,3,DAF TRUCKS MODEL MISSING,5,E01020072,0,4
2024401477294,2024,401477294,1,21,9,-1,19,1,5,-1,0,0,0,0,0,0,1,9,-1,1,1,29,6,12902,2,7,DAF TRUCKS MODEL MISSING,7,E01023901,0,4
2024631484283,2024,631484283,1,21,4,-1,19,1,6,-1,0,0,0,0,1,9,1,1,-1,1,1,29,6,-1,-1,-1,DAF TRUCKS MODEL MISSING,7,W01000612,0,3
2024461469891,2024,461469891,2,21,1,-1,19,7,3,-1,0,0,0,0,0,0,2,1,-1,1,1,56,9,12902,2,2,DAF TRUCKS MODEL MISSING,3,E01021102,0,4
2024231452860,2024,231452860,1,21,1,-1,11,8,4,-1,0,3,0,0,0,0,3,1,-1,1,1,50,8,10837,2,7,DAF TRUCKS MODEL MISSING,9,E01031143,0,4
2024010530459,2024,010530459,1,20,0,5,5,5,1,0,0,8,0,0,0,0,1,1,1,1,1,64,9,4500,2,2,DAF TRUCKS MODEL MISSING,4,E01030400,0,3
2024340WN3312,2024,340WN3312,1,21,0,-1,11,1,5,-1,0,6,0,0,0,0,1,1,-1,1,1,36,7,6700,2,7,DAF TRUCKS MODEL MISSING,5,E01031144,0,4
2024211437941,2024,211437941,1,21,1,-1,5,7,1,-1,0,0,0,0,0,0,-1,1,-1,1,1,40,7,12902,2,4,DAF TRUCKS MODEL MISSING,-1,-1,0,-1
2024411510043,2024,411510043,2,21,1,-1,19,7,3,-1,0,0,0,0,0,0,4,1,-1,1,1,66,10,12902,2,2,DAF TRUCKS MODEL MISSING,9,E01032231,0,5
2024231529542,2024,231529542,1,21,1,-1,4,2,4,-1,0,8,0,0,0,0,4,9,-1,6,1,50,8,12902,2,7,DAF TRUCKS MODEL MISSING,-1,-1,0,-1
2024141512659,2024,141512659,2,90,0,-1,19,1,6,-1,0,0,0,0,0,0,4,9,-1,2,1,40,7,6700,2,2,DAF TRUCKS MODEL MISSING,1,E01008017,0,1
2024430133778,2024,430133778,1,20,0,5,5,6,2,0,0,0,0,0,0,0,1,1,1,1,1,47,8,4500,2,2,DAF TRUCKS MODEL MISSING,-1,-1,0,-1
2024231519736,2024,231519736,4,21,1,-1,19,4,8,-1,0,0,0,0,0,0,1,1,-1,1,1,29,6,6700,2,3,DAF TRUCKS MODEL MISSING,10,E01025872,0,4
2024991407870,2024,991407870,3,21,0,-1,19,5,1,-1,0,1,0,0,0,0,3,1,-1,1,1,55,8,12902,2,9,DAF TRUCKS MODEL MISSING,6,-1,0,3
2024320700952,2024,320700952,1,21,0,-1,-1,2,6,0,0,0,0,0,1,0,4,1,1,1,1,34,6,-1,-1,-1,DAF TRUCKS MODEL MISSING,5,E01034691,0,1
2024041436152,2024,041436152,3,21,0,-1,19,1,5,-1,0,0,0,0,0,0,1,1,-1,1,1,28,6,6700,2,7,DAF TRUCKS MODEL MISSING,6,E01025020,0,1
2024010526220,2024,010526220,1,19,0,99,99,9,9,99,99,0,9,99,9,99,9,9,1,1,1,48,8,6700,2,1,DAF TRUCKS MODEL MISSING,8,E01035595,0,4
2024302401369,2024,302401369,1,21,0,16,19,7,2,0,0,8,0,0,0,0,4,1,6,6,1,74,10,6700,2,5,DAF TRUCKS MODEL MISSING,4,E01019574,0,1
2024471489086,2024,471489086,2,21,1,-1,19,5,1,-1,0,0,4,0,7,0,1,1,-1,1,1,52,8,12902,2,1,DAF TRUCKS MODEL MISSING,3,E01031444,0,3
2024340WN1942,2024,340WN1942,2,21,0,-1,4,7,3,-1,0,0,1,0,0,0,2,1,-1,1,1,52,8,10800,2,1,DAF TRUCKS MODEL MISSING,8,E01023541,0,5
2024421413984,2024,421413984,1,21,1,-1,19,5,1,-1,0,0,5,0,1,7,1,1,-1,1,1,24,5,10837,2,3,DAF TRUCKS MODEL MISSING,8,E01034700,0,5
2024411476057,2024,411476057,3,21,1,-1,19,3,7,-1,0,0,0,0,0,0,3,1,-1,1,1,68,10,12902,2,9,DAF TRUCKS MODEL MISSING,10,E01033025,0,4
2024440180604,2024,440180604,1,20,0,18,19,8,4,0,0,1,0,0,0,0,4,1,6,6,3,-1,-1,6700,2,3,DAF TRUCKS MODEL MISSING,-1,-1,0,-1
2024440514318,2024,440514318,2,20,0,18,19,6,2,0,0,0,0,0,0,0,3,1,1,1,1,37,7,4500,2,2,DAF TRUCKS MODEL MISSING,8,E01022492,0,1
2024371447040,2024,371447040,1,21,0,-1,4,-1,-1,-1,0,4,0,0,0,0,1,1,-1,6,1,-1,-1,-1,-1,-1,DAF TRUCKS MODEL MISSING,-1,-1,0,-1
2024501420632,2024,501420632,2,21,0,-1,2,0,0,-1,0,1,0,0,0,0,1,1,-1,1,1,38,7,6690,2,1,DAF TRUCKS MODEL MISSING,4,E01014786,0,4
2024411427869,2024,411427869,1,19,1,-1,19,8,4,-1,0,1,0,0,0,0,1,1,-1,1,1,53,8,4500,2,7,DAF TRUCKS MODEL MISSING,3,E01000578,0,4
2024461409593,2024,461409593,1,20,0,-1,7,3,5,-1,0,1,0,0,0,0,4,1,-1,1,1,50,8,4500,2,8,DAF TRUCKS MODEL MISSING,4,E01016157,0,4
2024010511930,2024,010511930,3,20,0,3,3,7,3,0,0,1,0,0,0,0,1,1,1,1,1,48,8,-1,-1,-1,DAF TRUCKS MODEL MISSING,3,E01021307,0,4
2024302400473,2024,302400473,2,21,0,18,19,2,6,0,0,8,0,0,0,0,1,1,1,1,1,51,8,6700,2,3,DAF TRUCKS MODEL MISSING,2,E01019662,0,2
2024501399199,2024,501399199,2,21,0,-1,11,6,2,-1,0,0,0,0,0,0,4,9,-1,1,1,48,8,10837,2,8,DAF TRUCKS MODEL MISSING,10,E01031214,0,5
2024302401394,2024,302401394,1,21,0,11,11,1,5,0,0,0,0,0,0,0,4,1,1,1,1,33,6,12902,2,2,DAF TRUCKS MODEL MISSING,5,E01011537,0,4
2024201524750,2024,201524750,3,21,0,-1,19,8,4,-1,0,0,0,0,0,0,4,1,-1,1,1,60,9,12902,2,4,DAF TRUCKS MODEL MISSING,-1,-1,0,-1
2024010527488,2024,010527488,2,21,1,4,4,3,7,0,0,0,0,0,0,0,0,1,1,1,1,56,9,10837,2,9,DAF TRUCKS MODEL MISSING,5,E01002395,0,2
2024201459996,2024,201459996,1,98,0,-1,2,0,0,-1,0,0,0,0,0,0,1,1,-1,6,1,62,9,4500,2,9,DAF TRUCKS MODEL MISSING,1,E01010058,0,2
2024461516265,2024,461516265,1,21,0,-1,19,1,5,-1,0,1,0,0,0,0,4,9,-1,6,1,30,6,6700,2,9,DAF TRUCKS MODEL MISSING,3,E01016067,0,3
2024041511486,2024,041511486,4,21,0,-1,19,5,1,-1,0,0,0,0,0,0,3,1,-1,9,1,39,7,6700,2,1,DAF TRUCKS MODEL MISSING,1,E01005551,0,4
2024231406891,2024,231406891,1,21,1,-1,5,2,6,-1,0,6,1,0,0,0,1,1,-1,1,1,54,8,4500,2,6,DAF TRUCKS MODEL MISSING,4,E01009660,0,4
2024070283720,2024,070283720,2,21,1,18,19,7,3,0,0,0,0,0,0,0,3,1,1,1,1,63,9,12902,2,4,DAF TRUCKS MODEL MISSING,2,E01020797,0,5
2024201528742,2024,201528742,1,21,0,-1,19,6,2,-1,0,0,0,0,0,0,4,1,-1,6,3,50,8,10837,2,3,DAF TRUCKS MODEL MISSING,-1,-1,0,-1
2024401434715,2024,401434715,1,21,0,-1,4,7,3,-1,0,0,0,0,0,0,1,1,-1,1,1,54,8,10837,2,8,DAF TRUCKS MODEL MISSING,8,E01027279,0,4
2024320705262,2024,320705262,1,21,4,-1,-1,6,2,0,0,8,5,0,0,0,4,1,1,1,1,33,6,12902,2,6,DAF TRUCKS MODEL MISSING,9,E01026269,0,3
2024552400533,2024,552400533,3,21,4,18,19,6,2,0,0,0,0,0,1,0,1,1,1,1,1,53,8,12902,2,3,DAF TRUCKS MODEL MISSING,6,E01020539,0,4
2024311537712,2024,311537712,1,21,1,-1,2,4,8,-1,0,0,0,0,0,0,0,1,-1,6,1,42,7,12902,2,2,DAF TRUCKS MODEL MISSING,3,W01000292,0,5
2024031503431,2024,031503431,2,21,1,-1,19,5,1,-1,0,0,0,0,0,0,1,1,-1,1,1,32,6,12902,2,5,DAF TRUCKS MODEL MISSING,3,-1,0,5
2024070499320,2024,070499320,1,21,0,18,19,6,2,0,0,0,0,0,0,0,1,1,1,1,1,38,7,4500,2,5,DAF TRUCKS MODEL MISSING,4,E01007160,0,4
2024041414836,2024,041414836,2,21,0,-1,19,5,1,-1,0,0,0,0,0,0,3,1,-1,1,1,48,8,12902,2,6,DAF TRUCKS MODEL MISSING,6,E01002170,0,5
2024311547842,2024,311547842,1,21,0,-1,5,1,4,-1,0,0,0,0,0,0,1,1,-1,1,1,30,6,10837,2,2,DAF TRUCKS MODEL MISSING,-1,-1,0,-1
2024041457645,2024,041457645,1,21,0,-1,19,5,1,-1,0,0,0,0,0,0,1,1,-1,1,1,53,8,6693,2,10,DAF TRUCKS MODEL MISSING,9,E01025346,0,3
2024531463813,2024,531463813,1,19,0,-1,5,3,7,-1,0,1,0,0,0,0,1,1,-1,1,1,61,9,6700,2,10,DAF TRUCKS MODEL MISSING,9,E01022443,0,3
2024461411616,2024,461411616,3,21,1,-1,3,1,5,-1,0,0,0,0,0,0,2,1,-1,9,1,38,7,12902,2,7,DAF TRUCKS MODEL MISSING,2,E01024247,0,2
2024552400298,2024,552400298,3,21,0,18,19,4,8,0,0,0,0,0,0,0,3,1,1,1,1,48,8,6700,2,6,DAF TRUCKS MODEL MISSING,2,E01015305,0,1
2024131412474,2024,131412474,3,21,0,-1,4,6,6,-1,0,1,0,0,0,0,1,1,-1,1,1,57,9,12902,2,1,DAF TRUCKS MODEL MISSING,1,E01005667,0,4
2024201508563,2024,201508563,2,21,0,-1,19,4,8,-1,0,0,0,0,0,0,2,1,-1,6,1,53,8,12902,2,2,DAF TRUCKS MODEL MISSING,3,E01029357,0,4
2024010535830,2024,010535830,1,19,0,17,19,1,5,0,0,0,0,0,0,0,3,1,6,6,1,55,8,6700,2,1,DAF TRUCKS MODEL MISSING,3,E01001113,0,2
2024201438335,2024,201438335,2,20,0,-1,1,7,6,-1,0,5,0,0,0,0,2,9,-1,6,1,44,7,10837,2,4,DAF TRUCKS MODEL MISSING,8,E01027064,0,4
2024531514399,2024,531514399,2,19,0,-1,19,1,5,-1,0,1,0,0,6,4,1,1,-1,1,1,45,7,4500,2,5,DAF TRUCKS MODEL MISSING,6,E01015553,0,4
2024010511508,2024,010511508,2,21,0,99,99,9,9,99,99,9,9,99,9,99,9,9,6,6,1,55,8,6700,2,1,DAF TRUCKS MODEL MISSING,3,E01001113,0,3
2024141425613,2024,141425613,1,21,4,-1,11,5,1,-1,0,0,0,0,0,0,1,1,-1,1,1,52,8,12902,2,2,DAF TRUCKS MODEL MISSING,5,E01019573,0,4
2024531450675,2024,531450675,2,21,0,-1,19,5,1,-1,0,0,0,0,0,0,2,1,-1,1,1,25,5,4500,2,5,DAF TRUCKS MODEL MISSING,9,E01014796,0,4
2024461395192,2024,461395192,4,21,0,-1,19,6,2,-1,0,0,0,0,0,0,3,1,-1,6,1,50,8,10837,2,7,DAF TRUCKS MODEL MISSING,-1,-1,0,-1
2024221506957,2024,221506957,2,20,0,-1,19,4,1,-1,0,0,0,0,0,0,1,1,-1,1,1,36,7,4500,2,3,DAF TRUCKS MODEL MISSING,6,E01032372,0,4
2024070919419,2024,070919419,2,21,1,-1,19,8,4,-1,0,0,0,0,1,9,1,1,-1,1,1,57,9,10800,2,2,DAF TRUCKS MODEL MISSING,3,E01025398,0,4
2024522402815,2024,522402815,2,20,0,9,9,8,7,0,0,8,0,0,0,0,3,1,6,6,1,51,8,4500,2,2,DAF TRUCKS MODEL MISSING,5,E01014537,0,1
2024141405677,2024,141405677,1,21,1,-1,19,1,5,-1,0,0,0,0,0,0,1,1,-1,1,1,45,7,10837,2,1,DAF TRUCKS MODEL MISSING,8,E01013073,0,4
2024010530502,2024,010530502,2,19,0,18,19,3,7,0,0,1,0,0,0,0,1,1,1,1,1,59,9,-1,-1,-1,DAF TRUCKS MODEL MISSING,9,E01000659,0,3
2024421460253,2024,421460253,1,21,1,-1,11,5,1,-1,0,0,0,0,0,0,4,1,-1,1,1,69,10,12902,2,3,DAF TRUCKS MODEL MISSING,4,E01016157,0,3
2024052400770,2024,052400770,1,21,0,18,19,5,1,0,0,0,0,0,0,0,1,1,1,1,1,44,7,12902,2,4,DAF TRUCKS MODEL MISSING,6,E01031902,0,5
2024031403289,2024,031403289,2,21,0,-1,19,7,7,-1,0,8,0,0,0,0,1,9,-1,1,1,54,8,4461,2,12,DAF TRUCKS MODEL MISSING,6,E01019084,0,1
2024461477357,2024,461477357,2,21,1,-1,19,8,4,-1,0,0,0,0,0,0,4,1,-1,1,1,30,6,12902,2,10,DAF TRUCKS MODEL MISSING,4,E01031163,0,5
2024052400456,2024,052400456,1,21,1,11,11,7,3,0,0,0,0,0,0,0,4,1,1,1,1,46,8,12902,2,3,DAF TRUCKS MODEL MISSING,1,W01000810,0,5
2024320741742,2024,320741742,1,20,0,-1,-1,6,2,0,0,0,0,0,1,9,1,1,1,1,1,55,8,4461,2,12,DAF TRUCKS MODEL MISSING,9,E01007808,0,5
2024361490268,2024,361490268,2,98,0,-1,2,0,0,-1,0,0,0,10,1,0,2,1,-1,6,-1,-1,-1,4461,2,15,DAF TRUCKS MODEL MISSING,-1,-1,0,-1
2024010507980,2024,010507980,1,20,0,3,3,3,7,0,0,1,0,0,0,0,1,1,1,1,1,46,8,-1,-1,-1,DAF TRUCKS MODEL MISSING,1,E01002842,0,1
2024141516119,2024,141516119,4,21,0,-1,3,1,5,-1,0,0,0,0,0,0,2,1,-1,1,1,30,6,12902,2,1,DAF TRUCKS MODEL MISSING,8,-1,0,5
2024231492055,2024,231492055,2,21,1,-1,19,8,4,-1,0,8,1,0,0,0,1,1,-1,1,1,27,6,10837,2,5,DAF TRUCKS MODEL MISSING,6,E01032462,0,4
2024531466813,2024,531466813,3,21,1,-1,4,5,1,-1,0,0,0,0,0,0,0,1,-1,1,1,43,7,10837,2,8,DAF TRUCKS MODEL MISSING,5,W01000496,0,5
2024361481585,2024,361481585,2,21,1,-1,19,3,7,-1,0,0,0,0,0,0,3,1,-1,1,1,27,6,12902,2,4,DAF TRUCKS MODEL MISSING,9,E01026231,0,4
2024461451148,2024,461451148,2,90,0,-1,4,1,1,-1,0,0,1,0,0,0,1,9,-1,1,1,53,8,6700,2,7,DAF TRUCKS MODEL MISSING,8,E01024762,0,4
2024340WN4752,2024,340WN4752,2,20,0,-1,19,8,4,-1,0,0,0,0,0,0,3,1,-1,1,1,57,9,6700,2,6,DAF TRUCKS MODEL MISSING,1,E01009577,0,4
2024131461323,2024,131461323,2,21,0,-1,19,5,1,-1,0,0,0,0,0,0,2,1,-1,1,1,63,9,12902,2,1,DAF TRUCKS MODEL MISSING,2,E01026037,0,5
2024461476874,2024,461476874,2,20,0,-1,19,7,3,-1,0,0,0,0,0,0,1,1,-1,6,1,58,9,-1,-1,-1,DAF TRUCKS MODEL MISSING,3,E01035289,0,3
2024052401931,2024,052401931,1,20,0,18,19,7,3,0,0,8,0,0,0,0,1,1,1,1,1,59,9,6700,2,6,DAF TRUCKS MODEL MISSING,1,E01006493,0,2
2024351481828,2024,351481828,2,21,1,-1,19,5,1,-1,0,0,0,0,0,0,3,1,-1,1,1,59,9,12902,2,4,DAF TRUCKS MODEL MISSING,1,E01026690,0,4
2024332401240,2024,332401240,1,21,0,-1,19,1,5,-1,0,0,0,0,0,0,2,1,-1,1,1,58,9,4460,2,0,DAF TRUCKS MODEL MISSING,3,E01011212,0,5
2024631488155,2024,631488155,3,21,0,-1,19,5,1,-1,0,0,1,0,0,0,2,1,-1,6,-1,-1,-1,6700,2,5,DAF TRUCKS MODEL MISSING,-1,-1,0,-1
2024340WN4952,2024,340WN4952,1,21,1,-1,19,7,3,-1,0,0,3,0,0,0,1,1,-1,1,1,32,6,12902,2,2,DAF TRUCKS MODEL MISSING,2,E01001144,0,5
2024052401045,2024,052401045,1,21,0,11,11,1,5,0,0,0,0,0,0,0,4,1,1,1,1,54,8,12902,2,1,DAF TRUCKS MODEL MISSING,5,E01004936,0,3
2024010498533,2024,010498533,2,21,1,18,19,1,5,0,0,2,1,0,0,0,2,1,1,1,1,27,6,10837,2,3,DAF TRUCKS MODEL MISSING,-1,-1,0,-1
2024991412926,2024,991412926,2,21,1,-1,2,0,0,-1,0,0,0,0,0,0,1,1,-1,1,1,54,8,10837,2,8,DAF TRUCKS MODEL MISSING,9,-1,0,3
2024010500786,2024,010500786,1,21,4,99,99,9,9,99,99,9,9,99,9,99,2,9,6,6,3,-1,-1,6700,2,5,DAF TRUCKS MODEL MISSING,-1,-1,0,-1
2024010519945,2024,010519945,1,21,0,4,4,7,3,0,0,0,0,0,0,0,1,1,1,1,1,28,6,6700,2,3,DAF TRUCKS MODEL MISSING,2,E01017707,0,4
2024010517091,2024,010517091,1,21,4,5,5,5,1,0,0,0,0,0,0,0,4,1,1,1,1,65,9,10837,2,8,DAF TRUCKS MODEL MISSING,8,E01000679,0,3
2024361436804,2024,361436804,1,20,4,-1,-1,-1,-1,-1,-1,-1,-1,-1,-1,0,-1,9,-1,6,1,46,8,6700,2,8,DAF TRUCKS MODEL MISSING,6,E01030135,0,3
2024061460558,2024,061460558,2,21,0,-1,19,2,7,-1,0,0,0,0,0,0,2,1,-1,1,1,61,9,4500,2,7,DAF TRUCKS MODEL MISSING,4,E01005728,0,4
2024430459990,2024,430459990,1,21,0,18,19,6,2,0,0,1,0,0,0,0,1,1,6,6,1,37,7,10837,2,1,DAF TRUCKS MODEL MISSING,2,E01016443,0,1
2024461485441,2024,461485441,1,20,0,-1,19,7,3,-1,0,0,1,0,0,0,1,1,-1,1,1,27,6,6700,2,1,DAF TRUCKS MODEL MISSING,3,E01021860,0,4
2024522403428,2024,522403428,2,20,0,13,13,1,4,0,0,5,0,0,0,0,4,1,1,1,1,-1,-1,6700,2,3,DAF TRUCKS MODEL MISSING,-1,-1,0,-1
2024340NN4442,2024,340NN4442,1,21,0,-1,19,3,7,-1,0,0,0,7,0,6,1,1,-1,1,1,52,8,12902,2,2,DAF TRUCKS MODEL MISSING,4,E01015734,0,4
2024010514387,2024,010514387,2,19,0,18,19,3,7,0,0,0,0,0,0,0,1,1,1,1,1,46,8,4500,2,5,DAF TRUCKS MODEL MISSING,6,E01023518,0,3
2024451460637,2024,451460637,1,21,0,-1,19,2,6,-1,0,0,0,0,0,0,1,1,-1,1,1,50,8,6700,2,10,DAF TRUCKS MODEL MISSING,9,E01022947,0,4
2024501470899,2024,501470899,1,21,0,-1,19,6,2,-1,0,0,0,0,0,0,3,1,-1,1,1,60,9,4462,2,11,DAF TRUCKS MODEL MISSING,7,E01019077,0,1
2024201467232,2024,201467232,1,20,0,-1,19,6,2,-1,0,6,0,0,0,0,1,1,-1,6,1,34,6,6700,2,1,DAF TRUCKS MODEL MISSING,2,E01010077,0,2
2024131455637,2024,131455637,1,20,0,-1,2,0,0,-1,0,8,0,0,0,0,0,1,-1,1,1,37,7,4500,2,5,DAF TRUCKS MODEL MISSING,2,E01011785,0,1
2024211468982,2024,211468982,1,19,-1,-1,19,7,3,-1,0,8,0,0,0,0,4,9,-1,1,1,40,7,4500,2,2,DAF TRUCKS MODEL MISSING,-1,-1,0,-1
2024010510949,2024,010510949,2,21,9,18,19,1,5,0,0,0,9,0,0,0,1,9,6,6,3,-1,-1,4460,2,0,DAF TRUCKS MODEL MISSING,2,E01016018,0,4
2024361402420,2024,361402420,3,21,1,-1,19,5,2,-1,0,0,0,0,0,0,0,2,-1,1,1,50,8,12902,2,1,DAF TRUCKS MODEL MISSING,4,E01030133,0,4
2024430432675,2024,430432675,3,21,0,18,19,1,5,0,0,0,0,0,0,0,3,1,1,1,1,19,4,6700,2,3,DAF TRUCKS MODEL MISSING,10,E01017936,0,2
2024070909388,2024,070909388,2,21,4,-1,19,7,7,-1,0,0,0,0,0,0,1,1,-1,1,1,57,9,12902,2,3,DAF TRUCKS MODEL MISSING,5,E01005777,0,3
2024311532073,2024,311532073,1,21,0,-1,7,1,2,-1,0,3,2,0,0,0,3,1,-1,1,1,61,9,12902,2,0,DAF TRUCKS MODEL MISSING,-1,-1,0,-1
2024141506146,2024,141506146,2,21,0,-1,19,5,1,-1,0,1,0,0,0,0,1,1,-1,1,1,55,8,-1,-1,-1,DAF TRUCKS MODEL MISSING,3,E01007429,0,2
2024031487436,2024,031487436,2,21,0,-1,3,1,5,-1,0,0,0,0,0,0,2,1,-1,1,1,32,6,12902,2,11,DAF TRUCKS MODEL MISSING,-1,-1,0,-1
2024340WN9112,2024,340WN9112,1,90,0,-1,19,3,7,-1,0,0,0,0,0,0,4,1,-1,1,1,46,8,10837,2,3,DAF TRUCKS MODEL MISSING,5,E01025653,0,4
2024031511072,2024,031511072,2,21,0,-1,19,3,7,-1,0,0,0,0,0,0,1,1,-1,1,1,50,8,12902,2,3,DAF TRUCKS MODEL MISSING,1,E01019097,0,4
2024440089722,2024,440089722,2,21,0,9,9,7,5,0,0,8,0,0,0,0,1,1,1,1,1,-1,-1,6700,2,1,DAF TRUCKS MODEL MISSING,-1,-1,0,-1
2024991450635,2024,991450635,2,21,0,-1,19,8,4,-1,0,4,0,0,0,0,3,1,-1,6,3,40,7,10837,2,5,DAF TRUCKS MODEL MISSING,-1,-1,0,-1
2024340NN1562,2024,340NN1562,1,21,0,-1,19,1,5,-1,0,1,0,0,0,0,1,1,-1,1,1,58,9,4500,2,8,DAF TRUCKS MODEL MISSING,5,E01019669,0,4
2024501518899,2024,501518899,3,21,0,-1,19,7,3,-1,0,0,0,0,0,0,2,1,-1,1,1,27,6,4500,2,6,DAF TRUCKS MODEL MISSING,2,E01019053,0,4
2024131527125,2024,131527125,2,20,0,-1,19,5,1,-1,0,8,0,0,0,0,1,1,-1,1,1,64,9,4500,2,4,DAF TRUCKS MODEL MISSING,8,E01007485,0,4
2024610002624,2024,610002624,1,20,0,18,19,1,5,0,0,1,0,0,1,4,1,1,1,1,1,40,7,6690,2,1,DAF TRUCKS MODEL MISSING,5,W01001038,0,4
2024141502306,2024,141502306,2,21,0,-1,19,5,1,-1,0,0,0,0,0,0,2,1,-1,1,1,48,8,12902,2,9,DAF TRUCKS MODEL MISSING,1,E01032898,0,4
2024070461431,2024,070461431,2,21,0,18,19,2,6,0,0,0,0,0,0,0,1,1,1,1,1,36,7,10837,2,7,DAF TRUCKS MODEL MISSING,1,E01012396,0,3
2024041501878,2024,041501878,2,21,0,-1,19,3,7,-1,0,0,0,0,0,0,3,1,-1,1,1,59,9,10837,2,9,DAF TRUCKS MODEL MISSING,5,E01025025,0,4
2024440519839,2024,440519839,1,21,0,4,4,4,5,0,0,1,0,0,0,0,1,1,1,1,1,43,7,10837,2,1,DAF TRUCKS MODEL MISSING,3,E01017170,0,4
2024231524840,2024,231524840,1,21,1,-1,12,4,8,-1,0,0,0,0,0,0,4,9,-1,2,1,34,6,10837,2,3,DAF TRUCKS MODEL MISSING,3,E01025866,0,4
2024010499585,2024,010499585,1,20,9,2,2,0,0,99,99,0,9,99,9,99,9,9,6,6,3,-1,-1,6700,2,4,DAF TRUCKS MODEL MISSING,-1,-1,0,-1
2024991432282,2024,991432282,1,90,0,-1,11,7,3,-1,0,0,0,0,0,0,4,1,-1,1,1,63,9,10800,2,5,DAF TRUCKS MODEL MISSING,5,-1,0,3
2024520402174,2024,520402174,3,21,0,18,19,7,3,0,0,0,0,0,0,0,1,1,6,6,1,43,7,4500,2,1,DAF TRUCKS MODEL MISSING,1,W01001609,0,4
2024031495797,2024,031495797,2,21,1,-1,19,2,6,-1,0,0,0,0,7,0,1,1,-1,1,1,57,9,12902,2,1,DAF TRUCKS MODEL MISSING,6,E01019316,0,4
2024421504472,2024,421504472,3,21,1,-1,2,6,6,-1,-1,0,0,0,0,0,0,1,-1,1,1,39,7,4500,2,8,DAF TRUCKS MODEL MISSING,3,E01021289,0,3
2024161491581,2024,161491581,1,21,0,-1,19,1,5,-1,0,0,0,0,0,0,1,1,-1,1,1,62,9,12902,2,1,DAF TRUCKS MODEL MISSING,3,E01007793,0,4