collision_index,collision_year,collision_ref_no,vehicle_reference,vehicle_type,towing_and_articulation,vehicle_manoeuvre_historic,vehicle_manoeuvre,vehicle_direction_from,vehicle_direction_to,vehicle_location_restricted_lane_historic,vehicle_location_restricted_lane,junction_location,skidding_and_overturning,hit_object_in_carriageway,vehicle_leaving_carriageway,hit_object_off_carriageway,first_point_of_impact,vehicle_left_hand_drive,journey_purpose_of_driver_historic,journey_purpose_of_driver,sex_of_driver,age_of_driver,age_band_of_driver,engine_capacity_cc,propulsion_code,age_of_vehicle,generic_make_model,driver_imd_decile,lsoa_of_driver,escooter_flag,driver_distance_banding
2024052400655,2024,052400655,1,19,0,18,19,7,3,0,0,6,0,0,0,0,3,1,1,1,1,58,9,4500,2,4,DAF TRUCKS MODEL MISSING,1,E01005639,0,3
2024161435613,2024,161435613,2,21,1,-1,19,3,7,-1,0,0,0,0,0,0,3,1,-1,6,1,68,10,12902,2,3,DAF TRUCKS MODEL MISSING,1,W01001174,0,5
2024411495421,2024,411495421,1,21,0,-1,4,6,2,-1,0,0,0,0,0,0,3,1,-1,1,1,59,9,10837,2,5,DAF TRUCKS MODEL MISSING,10,E01023617,0,4
2024231536852,2024,231536852,2,21,1,-1,2,0,0,-1,0,0,0,0,0,0,0,1,-1,6,-1,-1,-1,6692,2,12,DAF TRUCKS MODEL MISSING,-1,-1,0,-1
2024231531127,2024,231531127,2,21,1,-1,3,6,2,-1,0,1,0,0,0,0,1,1,-1,1,1,67,10,12902,2,7,DAF TRUCKS MODEL MISSING,3,E01031059,0,4
2024451457698,2024,451457698,2,90,0,-1,19,6,2,-1,0,1,0,0,0,0,1,1,-1,1,1,42,7,-1,-1,-1,DAF TRUCKS MODEL MISSING,8,E01031620,0,4
2024010530344,2024,010530344,1,20,0,7,7,3,5,0,0,1,0,0,0,0,3,1,1,1,1,50,8,6700,2,1,DAF TRUCKS MODEL MISSING,8,E01028821,0,5
2024631432474,2024,631432474,1,21,0,-1,19,8,4,-1,0,1,1,0,0,0,1,1,-1,1,1,52,8,4462,2,11,DAF TRUCKS MODEL MISSING,4,W01000947,0,4
2024320334472,2024,320334472,2,21,0,-1,-1,1,5,0,0,8,1,0,0,0,1,1,1,1,1,45,7,10837,2,5,DAF TRUCKS MODEL MISSING,5,E01028316,0,4
2024010502124,2024,010502124,1,21,0,99,99,9,9,99,99,9,9,99,9,99,9,9,6,6,1,28,6,4500,2,6,DAF TRUCKS MODEL MISSING,5,E01021492,0,4
2024131436787,2024,131436787,2,21,0,-1,2,0,0,-1,0,1,0,0,0,0,2,1,-1,6,-1,-1,-1,4500,2,4,DAF TRUCKS MODEL MISSING,-1,-1,0,-1
2024061399837,2024,061399837,2,21,1,-1,19,6,2,-1,0,1,0,4,0,0,1,1,-1,1,1,51,8,12902,2,9,DAF TRUCKS MODEL MISSING,2,E01000074,0,5
2024522402742,2024,522402742,1,21,0,18,19,1,5,0,0,0,1,0,0,0,1,1,6,6,1,34,6,10837,2,9,DAF TRUCKS MODEL MISSING,8,E01014957,0,3
2024421523064,2024,421523064,1,21,1,-1,11,7,3,-1,0,0,0,0,0,0,1,1,-1,1,1,46,8,12902,2,4,DAF TRUCKS MODEL MISSING,4,E01004633,0,4
2024481442502,2024,481442502,1,19,0,-1,7,5,7,-1,0,8,0,0,0,0,1,1,-1,1,1,27,6,6700,2,3,DAF TRUCKS MODEL MISSING,-1,-1,0,-1
2024340WN9142,2024,340WN9142,2,21,1,-1,19,5,1,-1,0,0,0,0,0,0,1,1,-1,1,1,39,7,12902,2,1,DAF TRUCKS MODEL MISSING,5,E01009126,0,4
2024131413261,2024,131413261,2,21,0,-1,19,6,2,-1,0,0,0,0,0,0,-1,1,-1,6,3,-1,-1,12902,2,5,DAF TRUCKS MODEL MISSING,-1,-1,0,-1
2024461411425,2024,461411425,1,21,5,-1,19,3,7,-1,0,3,0,0,0,0,4,1,-1,1,1,62,9,6690,2,1,DAF TRUCKS MODEL MISSING,-1,-1,0,-1
2024302400266,2024,302400266,2,21,0,17,19,4,8,0,0,0,0,0,0,0,3,1,1,1,1,51,8,10837,2,7,DAF TRUCKS MODEL MISSING,1,E01005981,0,4
2024221486378,2024,221486378,1,21,4,-1,1,4,8,-1,0,5,0,0,0,0,3,1,-1,1,1,60,9,6690,2,0,DAF TRUCKS MODEL MISSING,3,E01009867,0,4
2024201421319,2024,201421319,2,19,0,-1,19,8,4,-1,0,8,0,0,0,0,1,9,-1,6,1,40,7,-1,-1,-1,DAF TRUCKS MODEL MISSING,-1,-1,0,-1
2024461474921,2024,461474921,2,21,4,-1,4,7,3,-1,-1,0,0,0,1,0,1,1,-1,6,1,57,9,12902,2,3,DAF TRUCKS MODEL MISSING,2,E01024214,0,4
2024461438974,2024,461438974,2,21,1,-1,19,6,2,-1,0,0,0,0,0,0,3,1,-1,1,1,66,10,10837,2,2,DAF TRUCKS MODEL MISSING,9,E01034358,0,4
2024031512205,2024,031512205,2,21,1,-1,19,7,3,-1,0,1,0,0,0,0,1,1,-1,1,1,38,7,12900,2,5,DAF TRUCKS MODEL MISSING,9,E01025328,0,4
2024610034124,2024,610034124,2,21,1,18,19,1,5,0,0,1,1,0,0,0,1,1,1,1,1,56,9,6700,2,2,DAF TRUCKS MODEL MISSING,2,W01001973,0,3
2024371498546,2024,371498546,1,21,1,-1,4,-1,-1,-1,0,4,0,0,0,0,1,1,-1,6,1,61,9,12902,2,2,DAF TRUCKS MODEL MISSING,6,E01021972,0,4
2024010534738,2024,010534738,2,20,0,99,99,9,9,99,99,0,9,99,9,99,9,9,6,6,3,-1,-1,6700,2,8,DAF TRUCKS MODEL MISSING,-1,-1,0,-1
2024070448444,2024,070448444,2,21,0,16,19,3,7,0,0,3,0,0,0,0,0,1,6,6,1,53,8,12902,2,2,DAF TRUCKS MODEL MISSING,6,E01011521,0,4
2024991431621,2024,991431621,2,21,0,-1,19,8,4,-1,0,0,0,0,0,0,4,1,-1,1,1,47,8,10837,2,8,DAF TRUCKS MODEL MISSING,3,-1,0,4
2024610039624,2024,610039624,2,21,1,9,9,4,2,0,0,3,0,0,0,0,2,1,6,6,1,46,8,10837,2,2,DAF TRUCKS MODEL MISSING,2,E01014828,0,4
2024501502134,2024,501502134,3,21,0,-1,19,4,8,-1,0,0,0,0,0,0,0,1,-1,1,1,68,10,12902,2,1,DAF TRUCKS MODEL MISSING,1,W01001307,0,5
2024041420737,2024,041420737,2,21,0,-1,19,8,4,-1,0,1,0,0,1,1,1,1,-1,1,1,41,7,4500,2,3,DAF TRUCKS MODEL MISSING,6,E01012747,0,2
2024211481639,2024,211481639,2,21,0,-1,7,3,6,-1,0,1,0,0,1,0,4,1,-1,1,1,50,8,10837,2,2,DAF TRUCKS MODEL MISSING,-1,-1,0,-1
2024231496214,2024,231496214,1,20,0,-1,11,5,1,-1,0,8,0,0,0,0,1,1,-1,6,1,46,8,10837,2,0,DAF TRUCKS MODEL MISSING,2,E01026957,0,4
2024122401118,2024,122401118,1,21,0,3,3,3,7,0,0,1,0,0,0,0,1,1,6,6,3,-1,-1,12902,2,5,DAF TRUCKS MODEL MISSING,-1,-1,0,-1
2024371405446,2024,371405446,1,21,4,-1,19,1,5,-1,0,0,0,0,0,0,0,1,-1,1,1,57,9,12902,2,5,DAF TRUCKS MODEL MISSING,8,E01015920,0,4
2024131416487,2024,131416487,1,21,0,-1,-1,-1,-1,-1,-1,0,-1,-1,-1,-1,-1,1,-1,6,3,-1,-1,6700,2,2,DAF TRUCKS MODEL MISSING,-1,-1,0,-1
2024041415095,2024,041415095,1,21,0,-1,19,1,5,-1,0,0,0,0,0,0,1,1,-1,1,1,40,7,12902,2,5,DAF TRUCKS MODEL MISSING,3,E01007346,0,4
2024451441435,2024,451441435,3,21,1,-1,19,5,1,-1,0,2,1,0,1,9,1,1,-1,1,1,54,8,10837,2,6,DAF TRUCKS MODEL MISSING,9,E01030727,0,3
2024061485265,2024,061485265,2,21,0,-1,7,1,7,-1,-1,3,0,0,2,0,4,1,-1,1,1,39,7,12902,2,9,DAF TRUCKS MODEL MISSING,1,E01005141,0,3
2024141398971,2024,141398971,3,90,1,-1,19,5,1,-1,0,0,0,0,0,0,2,1,-1,1,1,42,7,6700,2,1,DAF TRUCKS MODEL MISSING,8,E01007846,0,4
2024131491364,2024,131491364,3,21,0,-1,19,7,3,-1,0,0,0,0,0,0,1,1,-1,1,1,59,9,12902,2,4,DAF TRUCKS MODEL MISSING,5,E01013287,0,4
2024052400273,2024,052400273,1,21,1,11,11,3,7,0,0,0,0,0,0,0,1,1,1,1,1,30,6,12902,2,11,DAF TRUCKS MODEL MISSING,8,E01012543,0,3
2024070497357,2024,070497357,2,21,1,4,4,5,1,0,0,0,1,0,0,0,2,1,1,1,1,-1,-1,10837,2,8,DAF TRUCKS MODEL MISSING,-1,-1,0,-1
2024520402161,2024,520402161,2,21,0,5,5,5,1,0,0,0,0,0,0,0,1,1,6,6,1,26,6,10837,2,1,DAF TRUCKS MODEL MISSING,5,E01029108,0,3
2024010550648,2024,010550648,2,21,9,99,99,9,9,0,0,9,9,99,9,99,9,9,6,6,3,-1,-1,12902,2,3,DAF TRUCKS MODEL MISSING,-1,-1,0,-1
2024211576036,2024,211576036,5,21,1,-1,19,3,7,-1,0,0,3,0,0,0,1,1,-1,1,1,36,7,12902,2,2,DAF TRUCKS MODEL MISSING,-1,-1,0,-1
2024031479727,2024,031479727,2,20,0,-1,19,3,7,-1,0,8,0,0,7,0,1,1,-1,1,1,49,8,6700,2,9,DAF TRUCKS MODEL MISSING,6,E01019235,0,4
2024221515641,2024,221515641,2,21,1,-1,19,7,3,-1,0,1,0,0,0,0,1,1,-1,1,1,65,9,10837,2,5,DAF TRUCKS MODEL MISSING,-1,-1,0,-1
2024122400779,2024,122400779,2,21,0,18,19,5,1,0,0,8,0,0,0,0,4,1,1,1,1,53,8,10837,2,10,DAF TRUCKS MODEL MISSING,2,E01027852,0,4
2024141428930,2024,141428930,2,21,0,-1,19,5,1,-1,0,0,0,0,0,0,1,1,-1,1,1,32,6,10837,2,4,DAF TRUCKS MODEL MISSING,7,E01011828,0,4
2024201463476,2024,201463476,2,90,0,-1,9,7,5,-1,0,6,0,0,0,0,3,9,-1,1,1,46,8,6700,2,2,DAF TRUCKS MODEL MISSING,1,E01010274,0,2
2024421479154,2024,421479154,1,20,0,-1,9,4,8,-1,0,1,0,0,7,0,3,1,-1,1,1,52,8,4500,2,2,DAF TRUCKS MODEL MISSING,2,E01000509,0,4
2024351473725,2024,351473725,2,21,1,-1,19,1,5,-1,0,0,0,0,0,0,3,1,-1,6,1,56,9,10837,2,3,DAF TRUCKS MODEL MISSING,10,E01013215,0,5
2024501488070,2024,501488070,1,20,0,-1,5,7,3,-1,0,0,0,0,0,0,1,1,-1,1,1,46,8,4460,2,1,DAF TRUCKS MODEL MISSING,2,E01020113,0,4
2024320373203,2024,320373203,2,20,0,4,4,8,4,0,0,0,0,0,0,0,2,1,1,1,1,41,7,6700,2,1,DAF TRUCKS MODEL MISSING,2,E01008953,0,5
202417S208424,2024,17S208424,2,21,1,-1,19,6,2,-1,0,0,0,0,0,0,4,1,-1,1,1,53,8,12902,2,1,DAF TRUCKS MODEL MISSING,-1,-1,0,-1
2024031401028,2024,031401028,1,21,1,-1,19,8,5,-1,0,0,1,0,1,4,1,9,-1,1,1,60,9,12902,2,1,DAF TRUCKS MODEL MISSING,-1,-1,0,-1
2024101507714,2024,101507714,2,21,1,-1,2,0,0,-1,-1,0,0,0,0,0,3,1,-1,1,1,61,9,12902,2,7,DAF TRUCKS MODEL MISSING,-1,-1,0,-1
2024461462092,2024,461462092,1,20,0,-1,11,6,2,-1,0,0,0,0,0,0,2,9,-1,6,1,42,7,-1,-1,-1,DAF TRUCKS MODEL MISSING,2,E01031981,0,5
2024501410012,2024,501410012,1,21,1,-1,19,7,3,-1,0,0,5,0,2,0,4,9,-1,1,1,60,9,12902,2,1,DAF TRUCKS MODEL MISSING,2,E01029291,0,5
2024461399060,2024,461399060,2,20,0,-1,19,5,1,-1,0,0,0,0,0,0,3,9,-1,6,1,42,7,6700,2,1,DAF TRUCKS MODEL MISSING,6,E01024371,0,4
2024421452341,2024,421452341,1,21,0,-1,19,7,3,-1,0,0,5,5,0,0,1,1,-1,1,1,55,8,5900,2,17,DAF TRUCKS MODEL MISSING,5,E01021489,0,2
2024361479299,2024,361479299,2,21,1,-1,4,5,1,-1,0,1,0,0,0,0,2,1,-1,1,1,-1,-1,4500,2,7,DAF TRUCKS MODEL MISSING,2,E01004824,0,5
2024361456613,2024,361456613,2,21,1,-1,19,7,1,-1,0,0,0,0,0,0,1,1,-1,1,1,38,7,12902,2,2,DAF TRUCKS MODEL MISSING,5,E01026726,0,3
2024111437911,2024,111437911,2,21,0,-1,14,5,1,-1,0,0,0,0,0,0,2,1,-1,1,1,32,6,6700,2,9,DAF TRUCKS MODEL MISSING,9,E01020613,0,1
2024010529402,2024,010529402,2,21,0,5,5,7,3,0,0,4,0,0,0,0,1,1,1,1,1,37,7,4500,2,2,DAF TRUCKS MODEL MISSING,10,E01035123,0,5
2024531518294,2024,531518294,2,21,0,-1,3,5,1,-1,0,0,0,0,0,0,1,1,-1,6,-1,-1,-1,10837,2,8,DAF TRUCKS MODEL MISSING,-1,-1,0,-1
2024471496250,2024,471496250,2,20,0,-1,19,2,6,-1,0,0,0,0,0,0,1,1,-1,1,1,50,8,10837,2,6,DAF TRUCKS MODEL MISSING,10,E01031650,0,4
2024201455496,2024,201455496,1,21,1,-1,19,5,1,-1,0,0,0,0,0,0,4,1,-1,1,1,62,9,12902,2,3,DAF TRUCKS MODEL MISSING,-1,-1,0,-1
2024231485267,2024,231485267,2,21,1,-1,19,2,6,-1,0,0,0,0,0,0,3,1,-1,1,1,31,6,12902,2,6,DAF TRUCKS MODEL MISSING,9,E01019632,0,4
2024211428577,2024,211428577,2,19,0,-1,19,4,8,-1,0,1,0,0,0,0,1,9,-1,6,1,41,7,-1,-1,-1,DAF TRUCKS MODEL MISSING,1,E01009307,0,3
2024991474311,2024,991474311,2,20,0,-1,19,8,4,-1,0,8,0,0,0,0,3,1,-1,1,1,50,8,4500,2,6,DAF TRUCKS MODEL MISSING,-1,-1,0,-1
2024471526231,2024,471526231,4,21,0,-1,3,8,4,-1,0,8,0,0,0,0,1,1,-1,6,1,38,7,6700,2,3,DAF TRUCKS MODEL MISSING,10,E01031737,0,4
2024351475145,2024,351475145,2,21,1,-1,2,0,0,-1,0,0,0,0,0,0,3,1,-1,1,1,44,7,12902,2,10,DAF TRUCKS MODEL MISSING,4,E01000416,0,4
2024131510011,2024,131510011,1,21,0,-1,7,1,3,-1,0,0,0,0,0,0,4,1,-1,6,3,-1,-1,6690,2,1,DAF TRUCKS MODEL MISSING,-1,-1,0,-1
2024461517638,2024,461517638,2,21,0,-1,10,5,1,-1,0,0,0,0,0,0,3,9,-1,6,1,-1,-1,6700,2,5,DAF TRUCKS MODEL MISSING,-1,-1,0,-1
2024461498694,2024,461498694,1,21,0,-1,5,1,5,-1,0,1,0,0,1,0,4,2,-1,1,1,55,8,12902,2,2,DAF TRUCKS MODEL MISSING,2,E01007745,0,5
2024010501992,2024,010501992,2,21,9,99,99,9,9,99,99,9,9,99,9,99,9,9,6,6,3,-1,-1,10837,2,5,DAF TRUCKS MODEL MISSING,9,E01022061,0,4
2024991510269,2024,991510269,2,21,1,-1,19,1,5,-1,0,0,0,0,0,0,1,1,-1,1,1,65,9,12902,2,4,DAF TRUCKS MODEL MISSING,10,-1,0,5
2024141488235,2024,141488235,1,21,0,-1,19,4,8,-1,0,0,0,0,0,0,1,1,-1,1,1,77,11,12902,2,3,DAF TRUCKS MODEL MISSING,8,E01008799,0,5
2024991415117,2024,991415117,2,21,0,-1,19,4,8,-1,0,0,0,0,0,0,1,1,-1,1,1,58,9,6700,2,1,DAF TRUCKS MODEL MISSING,4,-1,0,3
2024041485389,2024,041485389,3,21,0,-1,1,7,3,-1,0,0,0,0,0,0,2,1,-1,1,1,24,5,6700,2,8,DAF TRUCKS MODEL MISSING,7,E01025079,0,2
2024161440145,2024,161440145,2,21,0,-1,19,5,1,-1,0,0,0,0,0,0,3,1,-1,1,1,48,8,12902,2,6,DAF TRUCKS MODEL MISSING,9,E01013121,0,1
2024340WN1932,2024,340WN1932,2,21,0,-1,11,6,2,-1,0,0,0,0,0,0,2,1,-1,1,1,57,9,10837,2,1,DAF TRUCKS MODEL MISSING,6,E01027029,0,4
2024351405098,2024,351405098,1,21,0,-1,-1,-1,-1,-1,-1,0,-1,-1,-1,0,-1,9,-1,6,1,-1,-1,10837,2,1,DAF TRUCKS MODEL MISSING,-1,-1,0,-1
2024991472943,2024,991472943,1,21,0,-1,19,5,1,-1,0,0,2,0,7,4,1,1,-1,1,1,64,9,10837,2,3,DAF TRUCKS MODEL MISSING,1,-1,0,4
2024461475431,2024,461475431,1,20,0,-1,1,3,7,-1,9,0,0,0,0,0,1,1,-1,1,1,35,6,6700,2,2,DAF TRUCKS MODEL MISSING,3,E01024535,0,4
2024332400249,2024,332400249,2,21,4,-1,13,8,4,-1,0,0,3,0,0,0,1,1,-1,1,1,61,9,12902,2,9,DAF TRUCKS MODEL MISSING,2,E01010064,0,4
2024430476443,2024,430476443,2,21,0,18,19,8,4,0,0,0,0,0,0,0,1,1,1,1,1,47,8,6700,2,2,DAF TRUCKS MODEL MISSING,-1,-1,0,-1
2024545097124,2024,545097124,2,21,0,16,19,7,3,0,0,0,0,0,0,0,1,1,1,1,1,44,7,10837,2,2,DAF TRUCKS MODEL MISSING,6,-1,0,5
2024461415583,2024,461415583,2,21,1,-1,19,1,5,-1,0,1,0,0,0,0,3,1,-1,1,1,53,8,10837,2,4,DAF TRUCKS MODEL MISSING,3,E01024713,0,4
2024451523471,2024,451523471,2,21,0,-1,5,5,1,-1,0,0,0,0,0,0,3,1,-1,6,3,40,7,4500,2,9,DAF TRUCKS MODEL MISSING,8,E01024440,0,3
2024451430413,2024,451430413,2,21,1,-1,5,7,3,-1,0,0,0,0,0,0,1,1,-1,1,1,40,7,10837,2,7,DAF TRUCKS MODEL MISSING,-1,-1,0,-1
2024302401678,2024,302401678,1,21,0,-1,3,1,5,-1,0,8,0,0,0,0,1,1,-1,1,1,46,8,12902,2,5,DAF TRUCKS MODEL MISSING,1,E01019561,0,4
2024010531253,2024,010531253,2,21,0,4,4,3,7,0,0,2,0,0,0,0,1,1,1,1,1,47,8,10837,2,9,DAF TRUCKS MODEL MISSING,4,E01002444,0,4
2024411471536,2024,411471536,2,21,4,-1,19,6,8,-1,0,8,1,0,0,0,2,1,-1,1,1,53,8,4500,2,7,DAF TRUCKS MODEL MISSING,4,E01030746,0,4
2024070561758,2024,070561758,1,20,0,9,9,4,6,0,0,3,0,0,0,0,3,1,1,1,1,36,7,4500,2,6,DAF TRUCKS MODEL MISSING,1,E01034234,0,4
2024991461079,2024,991461079,2,21,0,-1,19,7,3,-1,0,0,0,0,0,0,1,1,-1,1,1,22,5,9200,2,14,DAF TRUCKS MODEL MISSING,-1,-1,0,-1
2024061459547,2024,061459547,1,21,0,-1,9,-1,-1,-1,99,0,0,0,0,0,1,1,-1,9,1,56,9,-1,2,4,DAF TRUCKS MODEL MISSING,7,E01005891,0,2
2024010537184,2024,010537184,1,21,0,5,5,7,3,0,0,0,0,0,0,0,4,1,1,1,1,61,9,4500,2,4,DAF TRUCKS MODEL MISSING,3,E01004123,0,2
2024010498765,2024,010498765,2,21,0,18,19,7,3,0,0,1,0,0,0,0,1,1,6,6,2,23,5,4500,2,5,DAF TRUCKS MODEL MISSING,-1,-1,0,-1
202460Q064383,2024,60Q064383,2,21,0,18,19,1,5,0,0,0,0,0,0,0,1,1,6,6,1,55,8,-1,-1,-1,DAF TRUCKS MODEL MISSING,-1,-1,0,-1
2024070146826,2024,070146826,1,20,0,18,19,7,3,0,0,0,0,0,0,0,3,1,1,1,1,60,9,-1,-1,-1,DAF TRUCKS MODEL MISSING,5,E01014180,0,4
2024010511485,2024,010511485,1,19,0,9,9,7,4,0,0,1,0,0,0,0,3,1,1,1,1,45,7,4500,2,2,DAF TRUCKS MODEL MISSING,3,E01001516,0,4
2024311429173,2024,311429173,2,21,1,-1,19,2,6,-1,0,8,0,0,0,0,1,1,-1,6,1,45,7,12902,2,3,DAF TRUCKS MODEL MISSING,-1,-1,0,-1
2024332401069,2024,332401069,1,21,0,-1,19,5,1,-1,0,8,0,0,0,0,1,1,-1,1,1,49,8,12900,2,13,DAF TRUCKS MODEL MISSING,2,W01000865,0,5
2024122401231,2024,122401231,1,21,1,18,19,7,5,0,0,0,2,0,7,11,1,1,1,1,1,44,7,12902,2,3,DAF TRUCKS MODEL MISSING,-1,-1,0,-1
2024610030524,2024,610030524,1,21,1,17,19,5,2,0,0,0,0,0,0,0,1,1,1,1,1,29,6,12902,2,1,DAF TRUCKS MODEL MISSING,3,E01006282,0,5
2024311514607,2024,311514607,2,21,1,-1,19,5,1,-1,0,0,0,0,0,0,3,9,-1,1,1,33,6,10837,2,1,DAF TRUCKS MODEL MISSING,3,E01009763,0,4
2024361430462,2024,361430462,1,21,0,-1,19,1,5,-1,0,0,0,0,0,0,3,1,-1,1,1,53,8,4500,2,2,DAF TRUCKS MODEL MISSING,5,E01030030,0,4
2024131490670,2024,131490670,2,90,0,-1,19,5,3,-1,0,1,0,0,0,0,1,1,-1,1,1,59,9,6700,2,8,DAF TRUCKS MODEL MISSING,10,E01011270,0,3
2024991423382,2024,991423382,1,21,0,-1,19,8,6,-1,0,0,5,0,0,0,4,1,-1,6,3,-1,-1,6692,2,12,DAF TRUCKS MODEL MISSING,-1,-1,0,-1
2024320016550,2024,320016550,3,19,0,2,2,7,3,0,0,2,0,0,0,0,2,1,6,6,3,-1,-1,-1,-1,-1,DAF TRUCKS MODEL MISSING,-1,-1,0,-1
2024070627650,2024,070627650,2,20,0,18,19,8,4,0,0,0,0,0,0,0,1,1,1,1,2,61,9,6700,2,9,DAF TRUCKS MODEL MISSING,1,E01012483,0,4
2024302400709,2024,302400709,2,21,5,5,5,3,6,0,0,0,0,0,0,0,4,1,1,1,1,48,8,12902,2,5,DAF TRUCKS MODEL MISSING,3,E01012369,0,4
2024320660430,2024,320660430,2,21,0,-1,-1,4,8,0,0,0,0,0,1,0,1,1,1,1,1,37,7,12902,2,1,DAF TRUCKS MODEL MISSING,7,E01013234,0,4
2024421447603,2024,421447603,2,21,0,-1,19,2,6,-1,0,0,0,0,0,0,3,1,-1,1,1,45,7,12902,2,5,DAF TRUCKS MODEL MISSING,-1,-1,0,-1
2024461538064,2024,461538064,1,21,0,-1,19,5,1,-1,0,1,0,0,0,0,0,9,-1,6,1,31,6,-1,-1,-1,DAF TRUCKS MODEL MISSING,5,E01024229,0,1
2024221503827,2024,221503827,2,21,0,-1,13,4,8,-1,0,0,0,0,0,0,1,1,-1,1,1,52,8,12902,2,1,DAF TRUCKS MODEL MISSING,3,E01014010,0,3
2024991398700,2024,991398700,2,21,0,-1,2,0,0,-1,0,0,0,0,0,0,2,1,-1,1,1,48,8,4500,2,5,DAF TRUCKS MODEL MISSING,3,-1,0,3
2024991516543,2024,991516543,1,21,0,-1,19,5,1,-1,0,0,0,0,0,0,1,1,-1,1,1,61,9,10837,2,1,DAF TRUCKS MODEL MISSING,-1,-1,0,-1
2024991487123,2024,991487123,1,21,0,-1,4,1,3,-1,0,1,0,0,0,0,1,1,-1,1,1,35,6,10837,2,9,DAF TRUCKS MODEL MISSING,7,-1,0,1
2024302400623,2024,302400623,1,21,1,11,11,5,1,0,0,0,0,0,0,0,4,1,1,1,3,-1,-1,12902,2,2,DAF TRUCKS MODEL MISSING,5,E01014239,0,4
2024302401579,2024,302401579,3,21,1,18,19,8,4,0,0,0,0,0,0,0,3,1,1,1,1,59,9,12902,2,8,DAF TRUCKS MODEL MISSING,5,E01019861,0,4
2024141506381,2024,141506381,1,21,0,-1,19,7,3,-1,0,0,0,0,0,0,1,1,-1,1,1,36,7,12902,2,4,DAF TRUCKS MODEL MISSING,-1,-1,0,-1
2024461520430,2024,461520430,1,21,0,-1,19,7,7,-1,0,0,0,0,0,0,4,1,-1,1,1,43,7,4500,2,7,DAF TRUCKS MODEL MISSING,2,E01001767,0,4
2024111427397,2024,111427397,2,21,1,-1,19,7,4,-1,0,1,0,0,0,0,4,9,-1,1,1,36,7,12900,2,3,DAF TRUCKS MODEL MISSING,8,E01012421,0,5
2024332400126,2024,332400126,2,21,0,-1,2,0,0,-1,0,0,0,0,0,0,2,1,-1,1,1,36,7,12902,2,5,DAF TRUCKS MODEL MISSING,5,E01007390,0,4
2024541928224,2024,541928224,2,21,1,18,19,3,8,0,0,8,0,0,0,0,4,1,1,1,1,29,6,12902,2,2,DAF TRUCKS MODEL MISSING,2,W01001525,0,4
2024991412689,2024,991412689,3,21,1,-1,9,2,1,-1,0,8,0,0,0,0,0,1,-1,1,1,63,9,12902,2,8,DAF TRUCKS MODEL MISSING,6,-1,0,4
2024161423579,2024,161423579,2,21,0,-1,19,8,4,-1,0,0,0,0,0,0,1,9,-1,1,1,61,9,-1,-1,-1,DAF TRUCKS MODEL MISSING,-1,-1,0,-1
2024371471933,2024,371471933,1,21,0,-1,19,1,5,-1,0,1,0,0,0,0,1,1,-1,1,1,30,6,12902,2,5,DAF TRUCKS MODEL MISSING,4,E01021427,0,4
2024522402935,2024,522402935,2,21,0,11,11,3,7,0,0,8,0,0,0,0,4,1,1,1,3,-1,-1,10837,2,3,DAF TRUCKS MODEL MISSING,-1,-1,0,-1
2024471419303,2024,471419303,2,21,0,-1,19,2,6,-1,0,0,0,0,0,0,4,9,-1,6,1,61,9,10837,2,4,DAF TRUCKS MODEL MISSING,9,E01031685,0,2
2024421479336,2024,421479336,2,21,4,-1,2,4,8,-1,-1,0,0,0,0,0,2,1,-1,1,1,52,8,10837,2,3,DAF TRUCKS MODEL MISSING,4,E01029327,0,5
2024461506934,2024,461506934,2,90,0,-1,19,1,5,-1,0,0,0,0,0,0,3,1,-1,1,1,39,7,6700,2,3,DAF TRUCKS MODEL MISSING,3,E01024552,0,3
2024351452552,2024,351452552,2,21,1,-1,2,0,0,-1,-1,0,0,0,0,0,2,1,-1,6,1,32,6,12902,2,1,DAF TRUCKS MODEL MISSING,4,E01026743,0,4
2024320081001,2024,320081001,2,21,1,-1,-1,7,3,0,0,0,0,0,0,0,3,1,1,1,1,43,7,12902,2,3,DAF TRUCKS MODEL MISSING,9,E01034698,0,1
2024991482866,2024,991482866,3,21,0,-1,19,2,6,-1,0,0,0,0,0,0,3,1,-1,1,1,26,6,12902,2,3,DAF TRUCKS MODEL MISSING,5,E01019226,0,5
2024211419090,2024,211419090,2,21,0,-1,11,6,2,-1,0,0,0,0,0,0,1,9,-1,6,1,66,10,-1,2,5,DAF TRUCKS MODEL MISSING,-1,-1,0,-1
2024101405241,2024,101405241,3,21,1,-1,19,1,5,-1,0,0,0,0,0,0,1,2,-1,1,1,57,9,12902,2,3,DAF TRUCKS MODEL MISSING,2,E01027331,0,5
2024501458119,2024,501458119,1,21,0,-1,19,6,2,-1,0,0,0,0,0,0,0,2,-1,1,1,65,9,6693,2,11,DAF TRUCKS MODEL MISSING,4,E01019071,0,4