collision_index,collision_year,collision_ref_no,vehicle_reference,vehicle_type,towing_and_articulation,vehicle_manoeuvre_historic,vehicle_manoeuvre,vehicle_direction_from,vehicle_direction_to,vehicle_location_restricted_lane_historic,vehicle_location_restricted_lane,junction_location,skidding_and_overturning,hit_object_in_carriageway,vehicle_leaving_carriageway,hit_object_off_carriageway,first_point_of_impact,vehicle_left_hand_drive,journey_purpose_of_driver_historic,journey_purpose_of_driver,sex_of_driver,age_of_driver,age_band_of_driver,engine_capacity_cc,propulsion_code,age_of_vehicle,generic_make_model,driver_imd_decile,lsoa_of_driver,escooter_flag,driver_distance_banding
2024131458027,2024,131458027,1,90,0,-1,19,3,7,-1,0,0,5,0,1,2,4,1,-1,1,1,49,8,-1,-1,-1,DAF TRUCKS MODEL MISSING,2,E01034261,0,2
2024010524994,2024,010524994,1,21,1,18,19,7,3,0,0,1,0,0,0,0,1,1,1,1,1,41,7,10837,2,5,DAF TRUCKS MODEL MISSING,4,E01023395,0,4
2024320080415,2024,320080415,2,20,0,-1,-1,1,5,0,0,8,0,0,1,0,1,1,1,1,1,57,9,10837,2,8,DAF TRUCKS MODEL MISSING,6,E01026247,0,3
2024371436127,2024,371436127,2,21,1,-1,2,1,3,-1,0,0,0,0,0,0,2,1,-1,1,1,48,8,12902,2,5,DAF TRUCKS MODEL MISSING,5,E01024562,0,4
2024991396377,2024,991396377,1,21,1,-1,11,4,8,-1,0,0,0,0,0,0,4,1,-1,1,1,45,7,12902,2,2,DAF TRUCKS MODEL MISSING,4,E01011909,0,5
2024010518974,2024,010518974,1,20,0,7,7,3,6,0,0,6,0,0,0,0,0,1,2,2,1,39,7,6700,2,4,DAF TRUCKS MODEL MISSING,6,E01022700,0,5
2024320139875,2024,320139875,2,21,0,13,13,1,5,0,0,0,1,0,1,0,3,1,1,1,1,57,9,4460,2,1,DAF TRUCKS MODEL MISSING,4,E01026705,0,4
2024302401247,2024,302401247,1,21,0,17,19,1,5,0,0,0,5,0,0,0,3,1,2,2,1,30,6,12902,2,6,DAF TRUCKS MODEL MISSING,1,E01009360,0,4
2024361442956,2024,361442956,1,21,0,-1,20,0,0,-1,0,1,0,0,0,0,1,2,-1,1,1,55,8,4460,2,0,DAF TRUCKS MODEL MISSING,8,E01026531,0,1
2024371569010,2024,371569010,1,21,4,-1,19,3,7,-1,0,0,0,0,0,0,3,1,-1,1,1,28,6,12902,2,4,DAF TRUCKS MODEL MISSING,10,E01030166,0,1
2024430417191,2024,430417191,2,21,0,18,19,4,8,0,0,0,0,0,0,0,2,1,1,1,1,33,6,4500,2,6,DAF TRUCKS MODEL MISSING,5,E01009796,0,4
2024131420704,2024,131420704,1,21,4,-1,5,5,1,-1,0,2,0,0,0,0,0,1,-1,1,1,21,5,6700,2,7,DAF TRUCKS MODEL MISSING,9,E01011946,0,1
2024320611507,2024,320611507,2,20,0,-1,-1,4,8,0,0,8,0,0,0,0,1,1,1,1,1,60,9,4462,2,10,DAF TRUCKS MODEL MISSING,4,E01013019,0,4
2024111509829,2024,111509829,1,21,0,-1,9,8,6,-1,0,0,0,0,0,0,3,9,-1,6,1,30,6,-1,-1,-1,DAF TRUCKS MODEL MISSING,9,E01012346,0,3
2024161525562,2024,161525562,2,21,0,-1,19,5,1,-1,0,8,0,0,0,0,1,1,-1,1,1,51,8,6700,2,4,DAF TRUCKS MODEL MISSING,8,E01026106,0,4
2024421512820,2024,421512820,1,21,5,-1,19,5,1,-1,0,0,0,0,0,0,1,1,-1,1,1,65,9,12900,2,4,DAF TRUCKS MODEL MISSING,3,E01016746,0,4
2024122400114,2024,122400114,2,21,0,18,19,1,5,0,0,1,1,0,0,0,3,1,1,1,1,33,6,6700,2,6,DAF TRUCKS MODEL MISSING,1,E01005377,0,4
2024311425603,2024,311425603,1,21,0,-1,19,1,5,-1,0,0,0,0,0,0,1,1,-1,1,1,33,6,6700,2,2,DAF TRUCKS MODEL MISSING,6,E01013476,0,3
2024211425943,2024,211425943,2,20,0,-1,19,7,3,-1,0,0,0,0,0,0,1,9,-1,1,1,51,8,4461,2,12,DAF TRUCKS MODEL MISSING,8,E01028411,0,4
2024221518977,2024,221518977,1,21,1,-1,19,5,1,-1,0,0,0,0,0,0,3,1,-1,1,1,45,7,10837,2,1,DAF TRUCKS MODEL MISSING,2,E01014497,0,4
2024991459391,2024,991459391,2,90,1,-1,19,6,2,-1,0,0,0,0,0,0,3,1,-1,1,1,63,9,-1,-1,-1,DAF TRUCKS MODEL MISSING,9,-1,0,4
2024461519586,2024,461519586,5,21,1,-1,19,7,3,-1,0,0,0,0,0,0,1,9,-1,1,1,33,6,10837,2,4,DAF TRUCKS MODEL MISSING,7,E01035306,0,3
2024221502571,2024,221502571,2,21,0,-1,19,8,4,-1,0,8,1,0,7,0,4,1,-1,1,1,47,8,6700,2,1,DAF TRUCKS MODEL MISSING,2,E01009890,0,4
2024522401679,2024,522401679,2,21,0,18,19,3,7,7,6,0,0,0,1,11,1,1,6,6,1,42,7,10837,2,10,DAF TRUCKS MODEL MISSING,1,W01001664,0,4
2024440481636,2024,440481636,1,21,0,18,19,1,5,0,0,0,0,5,0,0,2,1,1,1,1,65,9,6700,2,9,DAF TRUCKS MODEL MISSING,-1,-1,0,-1
2024401465278,2024,401465278,2,21,0,-1,2,0,0,-1,0,0,0,0,0,0,2,1,-1,9,1,34,6,-1,-1,-1,DAF TRUCKS MODEL MISSING,6,E01016827,0,3
2024320626168,2024,320626168,1,21,0,-1,-1,4,8,0,0,0,0,0,0,0,1,1,1,1,1,60,9,10837,2,7,DAF TRUCKS MODEL MISSING,6,E01026339,0,2
2024010530973,2024,010530973,3,21,1,18,19,1,5,0,0,0,0,0,0,0,1,1,1,1,1,36,7,10837,2,6,DAF TRUCKS MODEL MISSING,3,E01024399,0,4
2024161484815,2024,161484815,2,21,0,-1,19,5,1,-1,0,0,1,0,0,0,1,1,-1,1,1,25,5,12902,2,1,DAF TRUCKS MODEL MISSING,-1,-1,0,-1
2024010546330,2024,010546330,2,21,9,18,19,5,1,0,0,1,0,0,0,0,9,1,6,6,3,-1,-1,6700,2,5,DAF TRUCKS MODEL MISSING,-1,-1,0,-1
2024361403677,2024,361403677,2,21,1,-1,19,5,1,-1,0,0,0,0,1,0,1,1,-1,1,1,39,7,12902,2,3,DAF TRUCKS MODEL MISSING,1,E01015658,0,4
2024041492545,2024,041492545,2,90,0,-1,2,7,3,-1,9,0,0,0,0,0,2,1,-1,9,1,63,9,-1,-1,-1,DAF TRUCKS MODEL MISSING,4,E01028130,0,5
2024231444024,2024,231444024,1,20,0,-1,19,1,5,-1,0,8,0,0,0,0,4,9,-1,6,3,45,7,4461,2,12,DAF TRUCKS MODEL MISSING,-1,-1,0,-1
2024471502218,2024,471502218,2,21,0,-1,19,1,5,-1,0,0,0,0,0,0,2,1,-1,1,1,-1,-1,12900,2,1,DAF TRUCKS MODEL MISSING,3,E01030362,0,4
2024221441968,2024,221441968,1,21,1,-1,13,1,5,-1,0,0,0,0,0,0,4,1,-1,1,1,48,8,10837,2,3,DAF TRUCKS MODEL MISSING,6,E01027109,0,4
2024411522032,2024,411522032,2,21,0,-1,19,1,5,-1,0,0,0,0,0,0,2,1,-1,6,1,53,8,6700,2,5,DAF TRUCKS MODEL MISSING,4,E01030133,0,4
2024421517772,2024,421517772,4,21,0,-1,19,7,3,-1,0,0,0,0,0,0,1,1,-1,1,1,44,7,4460,2,0,DAF TRUCKS MODEL MISSING,4,E01021277,0,4
2024552400367,2024,552400367,2,21,5,2,2,0,0,0,0,0,0,0,0,0,2,1,1,1,1,33,6,6700,2,6,DAF TRUCKS MODEL MISSING,10,E01022646,0,4
2024010551723,2024,010551723,1,21,9,99,99,9,9,99,99,9,9,99,9,99,9,9,6,6,1,-1,-1,12902,2,3,DAF TRUCKS MODEL MISSING,9,E01026269,0,5
2024351488861,2024,351488861,1,21,1,-1,19,3,7,-1,0,0,0,0,0,0,4,1,-1,1,1,57,9,12902,2,5,DAF TRUCKS MODEL MISSING,5,E01026766,0,5
2024501426403,2024,501426403,1,21,0,-1,19,7,1,-1,0,1,0,0,0,0,1,1,-1,1,1,59,9,12902,2,5,DAF TRUCKS MODEL MISSING,2,E01014636,0,5
2024201499826,2024,201499826,1,21,1,-1,5,5,7,-1,0,0,0,0,0,0,1,2,-1,1,1,24,5,10837,2,8,DAF TRUCKS MODEL MISSING,-1,-1,0,-1
2024351526063,2024,351526063,4,21,1,-1,2,0,0,-1,-1,0,0,0,0,0,2,1,-1,1,1,54,8,12902,2,7,DAF TRUCKS MODEL MISSING,9,E01026581,0,5
2024231459227,2024,231459227,1,21,1,-1,19,4,8,-1,0,8,0,0,0,0,4,1,-1,1,1,44,7,12902,2,8,DAF TRUCKS MODEL MISSING,2,E01010564,0,4
2024201395058,2024,201395058,1,21,0,-1,5,2,6,-1,0,2,0,0,0,0,1,1,-1,1,1,30,6,10837,2,1,DAF TRUCKS MODEL MISSING,5,-1,0,5
2024544635324,2024,544635324,1,21,0,18,19,4,8,0,0,0,0,0,0,0,1,1,1,1,1,24,5,6700,2,10,DAF TRUCKS MODEL MISSING,6,E01029040,0,3
2024010506422,2024,010506422,1,21,0,6,6,7,7,0,0,0,0,0,0,0,0,1,1,1,1,53,8,-1,-1,-1,DAF TRUCKS MODEL MISSING,1,E01001429,0,3
2024010497853,2024,010497853,2,98,9,99,99,9,9,99,99,9,9,99,9,99,9,9,6,6,1,53,8,4500,2,9,DAF TRUCKS MODEL MISSING,10,E01030430,0,4
2024411449233,2024,411449233,2,21,0,-1,11,7,8,-1,0,0,0,0,0,0,3,1,-1,1,1,55,8,6700,2,9,DAF TRUCKS MODEL MISSING,5,E01019439,0,5
2024231531721,2024,231531721,3,21,1,-1,4,2,6,-1,0,0,0,0,0,0,2,1,-1,1,1,61,9,12902,2,1,DAF TRUCKS MODEL MISSING,4,E01029820,0,3
2024622400393,2024,622400393,2,21,4,2,2,0,0,0,0,7,0,0,0,0,2,1,1,1,1,70,10,12902,2,7,DAF TRUCKS MODEL MISSING,7,W01000813,0,4
2024061394898,2024,061394898,1,21,1,-1,7,2,6,-1,0,0,0,0,0,0,1,1,-1,1,1,38,7,12902,2,2,DAF TRUCKS MODEL MISSING,8,W01000395,0,4
2024031534010,2024,031534010,2,90,1,-1,19,7,3,-1,0,0,0,0,0,0,1,1,-1,1,1,-1,-1,-1,-1,-1,DAF TRUCKS MODEL MISSING,8,E01019352,0,2
2024231504989,2024,231504989,1,21,1,-1,19,3,7,-1,0,0,0,0,0,0,1,1,-1,1,1,61,9,-1,-1,-1,DAF TRUCKS MODEL MISSING,1,E01010299,0,4
2024461458541,2024,461458541,2,21,4,-1,19,3,7,-1,0,0,0,0,0,0,2,1,-1,1,1,63,9,12902,2,5,DAF TRUCKS MODEL MISSING,4,E01035077,0,5
2024430387497,2024,430387497,3,20,0,3,3,1,5,0,0,0,0,0,0,0,2,1,1,1,1,42,7,10837,2,4,DAF TRUCKS MODEL MISSING,9,E01028481,0,2
2024070435389,2024,070435389,1,21,1,17,19,3,1,0,0,0,2,0,1,10,1,1,1,1,1,60,9,10837,2,5,DAF TRUCKS MODEL MISSING,3,E01005618,0,4
2024552400969,2024,552400969,2,21,0,3,3,6,2,0,0,4,0,0,0,0,1,1,1,1,1,39,7,10837,2,5,DAF TRUCKS MODEL MISSING,4,E01015179,0,5
2024361462937,2024,361462937,1,98,4,-1,19,5,1,-1,0,0,0,0,0,0,1,1,-1,1,1,33,6,4461,2,12,DAF TRUCKS MODEL MISSING,9,E01026581,0,4
2024991488176,2024,991488176,2,21,0,-1,19,5,1,-1,0,0,1,0,0,0,1,1,-1,1,1,57,9,10837,2,6,DAF TRUCKS MODEL MISSING,2,-1,0,4
2024531462554,2024,531462554,1,4,0,-1,19,1,5,-1,0,0,0,0,0,0,2,1,-1,6,1,28,6,250,1,8,HONDA CRF 250,5,E01022344,0,1
2024430050247,2024,430050247,2,4,0,18,19,4,8,0,0,8,0,0,0,0,1,1,6,6,1,25,5,250,1,4,HONDA CRF 250,5,E01017867,0,1
2024501446219,2024,501446219,2,4,0,-1,4,8,2,-1,0,4,0,0,0,0,2,1,-1,6,1,52,8,250,1,10,HONDA CRF 250,7,E01018800,0,3
2024131514135,2024,131514135,2,4,0,-1,19,2,6,-1,0,8,0,0,0,0,4,1,-1,2,1,42,7,250,1,6,HONDA CRF 250,6,E01027735,0,4
2024221457120,2024,221457120,1,4,0,-1,19,5,1,-1,0,0,1,12,1,10,1,1,-1,9,1,58,9,250,1,11,HONDA CRF 250,5,E01035071,0,1
2024070662484,2024,070662484,2,4,0,18,19,3,7,0,0,8,0,0,0,0,1,1,6,6,1,31,6,250,1,9,HONDA CRF 250,1,E01018738,0,2
2024411507117,2024,411507117,2,4,0,-1,9,3,1,-1,0,8,2,0,0,0,4,1,-1,2,1,28,6,250,1,5,HONDA CRF 250,6,E01023545,0,1
2024131508020,2024,131508020,2,4,0,-1,4,6,2,-1,0,0,0,0,0,0,1,1,-1,2,1,27,6,250,1,6,HONDA CRF 250,2,E01011253,0,1
2024111478009,2024,111478009,1,4,0,-1,19,3,7,-1,0,4,0,0,0,0,1,1,-1,9,1,19,4,250,1,6,HONDA CRF 250,6,E01035184,0,1
2024122400701,2024,122400701,1,4,0,18,19,6,8,0,0,0,1,12,7,0,4,1,6,6,1,47,8,250,1,8,HONDA CRF 250,4,E01013179,0,4
2024161447856,2024,161447856,2,4,0,-1,7,6,2,-1,0,5,0,0,0,0,2,1,-1,6,1,23,5,250,1,11,HONDA CRF 250,8,E01026106,0,4
2024531416927,2024,531416927,2,3,0,-1,19,5,1,-1,0,0,0,0,0,0,1,1,-1,1,1,33,6,125,1,3,HUSQVARNA SVARTPILEN,8,E01022139,0,1
2024411419796,2024,411419796,1,3,0,-1,19,5,1,-1,0,0,0,0,0,0,1,1,-1,6,1,35,6,125,1,2,HUSQVARNA SVARTPILEN,9,E01000210,0,3
2024010524434,2024,010524434,2,3,0,4,4,7,3,0,0,0,5,0,0,0,1,1,2,2,1,45,7,125,1,2,HUSQVARNA SVARTPILEN,4,E01002591,0,1
2024010520563,2024,010520563,1,4,0,17,19,3,7,0,0,8,2,0,0,0,3,1,2,2,1,36,7,373,1,5,HUSQVARNA SVARTPILEN,9,E01001606,0,3
2024501511419,2024,501511419,2,3,0,-1,19,1,5,-1,0,8,2,0,0,0,2,1,-1,9,1,17,4,125,1,2,HUSQVARNA SVARTPILEN,7,E01015165,0,1
2024211492759,2024,211492759,1,3,0,-1,19,5,1,-1,9,0,0,0,1,0,1,1,-1,6,3,-1,-1,125,1,3,HUSQVARNA SVARTPILEN,-1,-1,0,-1
2024361448640,2024,361448640,2,4,0,-1,19,3,7,-1,0,1,0,0,0,0,1,1,-1,9,1,53,8,373,1,5,HUSQVARNA SVARTPILEN,4,E01026499,0,3
2024471455982,2024,471455982,2,3,0,-1,19,8,4,-1,0,0,2,0,7,9,4,1,-1,2,1,25,5,125,1,3,HUSQVARNA SVARTPILEN,9,E01031380,0,1
2024522401655,2024,522401655,2,4,0,18,19,8,4,0,0,3,0,0,0,0,1,1,6,6,1,35,6,373,1,1,HUSQVARNA SVARTPILEN,3,E01014571,0,1
2024010502685,2024,010502685,1,3,0,9,9,5,3,0,0,6,0,0,0,0,1,1,6,6,1,29,6,125,1,2,HUSQVARNA SVARTPILEN,4,E01035005,0,4
2024340WN1932,2024,340WN1932,1,4,0,-1,12,6,2,-1,0,0,0,0,0,0,1,1,-1,9,1,23,5,373,1,6,HUSQVARNA SVARTPILEN,5,E01026973,0,4
2024371425104,2024,371425104,2,4,0,-1,19,5,5,-1,0,1,0,0,7,0,1,1,-1,9,1,18,4,125,1,1,HUSQVARNA SVARTPILEN,2,E01029982,0,1
2024351528057,2024,351528057,2,3,0,-1,19,3,7,-1,0,0,0,0,0,0,1,1,-1,6,1,40,7,125,1,0,HUSQVARNA SVARTPILEN,5,E01018079,0,2
2024520002307,2024,520002307,1,3,0,18,19,2,7,0,0,0,0,0,0,0,9,1,6,6,1,30,6,125,1,1,HUSQVARNA SVARTPILEN,10,E01014434,0,1
2024351462279,2024,351462279,2,3,0,-1,19,3,1,-1,0,8,5,0,0,0,1,1,-1,9,1,19,4,125,1,0,HUSQVARNA SVARTPILEN,10,E01018211,0,1
2024461471483,2024,461471483,1,4,0,-1,13,3,7,-1,0,1,5,0,0,0,1,1,-1,6,1,28,6,373,1,2,HUSQVARNA SVARTPILEN,6,E01024536,0,4
2024340NN1542,2024,340NN1542,1,17,0,-1,7,6,8,-1,0,0,0,0,0,0,1,1,-1,1,1,44,7,4400,2,6,MAKE AND MODEL REDACTED,3,E01027060,0,4
2024031414654,2024,031414654,2,90,0,-1,19,7,2,-1,0,3,0,0,0,0,4,1,-1,6,1,66,10,854,2,6,MAKE AND MODEL REDACTED,7,E01019395,0,1
2024351514799,2024,351514799,1,3,0,-1,15,3,7,-1,0,8,0,0,0,0,3,1,-1,6,1,17,4,125,1,1,KEEWAY RKV 125,4,E01017535,0,4
2024061488986,2024,061488986,1,3,9,-1,19,-1,-1,-1,0,8,0,0,0,0,9,1,-1,9,1,18,4,124,1,8,KEEWAY RKV 125,1,E01005190,0,1
2024430393938,2024,430393938,1,3,0,18,19,4,8,0,0,8,0,0,0,0,4,1,2,2,1,26,6,125,1,0,KEEWAY RKV 125,9,E01034709,0,2
2024440205770,2024,440205770,1,4,0,14,14,5,1,0,0,0,0,0,0,0,4,1,4,7,1,18,4,125,1,1,KEEWAY RKV 125,4,E01017258,0,2
2024610022324,2024,610022324,2,3,0,18,19,5,1,0,0,8,0,0,0,0,3,1,6,6,1,39,7,125,1,1,KEEWAY RKV 125,9,W01001604,0,1
2024501408854,2024,501408854,2,3,0,-1,7,1,4,-1,0,0,5,0,0,0,1,1,-1,6,1,30,6,124,1,10,KEEWAY RKV 125,1,E01015256,0,1
2024201521888,2024,201521888,2,3,0,-1,19,1,5,-1,0,0,0,0,0,0,1,1,-1,2,1,27,6,125,1,0,KEEWAY RKV 125,7,E01029651,0,1
2024131477023,2024,131477023,2,4,0,-1,19,3,7,-1,0,1,0,0,0,0,0,1,-1,9,1,56,9,125,1,1,KEEWAY RKV 125,1,E01011130,0,1
2024991453451,2024,991453451,2,4,0,-1,19,3,7,-1,0,0,5,0,0,0,3,1,-1,9,1,22,5,125,1,0,KEEWAY RKV 125,5,-1,0,1
2024311476043,2024,311476043,2,3,0,-1,8,3,1,-1,0,1,0,0,0,0,0,1,-1,2,1,40,7,125,1,1,KEEWAY RKV 125,9,E01033776,0,1
2024302400448,2024,302400448,1,3,0,17,19,4,1,0,0,8,0,10,0,0,1,1,6,6,1,23,5,124,1,9,KEEWAY RKV 125,6,E01019815,0,3
2024461533399,2024,461533399,2,3,0,-1,7,5,7,-1,0,5,0,0,0,0,1,1,-1,9,1,19,4,124,1,9,KEEWAY RKV 125,3,E01000465,0,3
202417M318624,2024,17M318624,1,19,0,-1,19,3,7,-1,0,8,0,0,0,0,1,1,-1,2,1,47,8,2157,2,0,MAKE AND MODEL REDACTED,9,E01033474,0,1
2024401417250,2024,401417250,1,9,0,-1,7,1,7,-1,0,8,0,0,0,0,4,9,-1,9,2,34,6,1796,1,14,MERCEDES CLC CLASS,3,E01017580,0,1
2024010501113,2024,010501113,2,9,0,18,19,5,1,0,0,8,0,0,0,0,1,1,6,6,1,50,8,1796,1,14,MERCEDES CLC CLASS,5,E01001393,0,1
2024010534934,2024,010534934,1,9,0,18,19,7,3,0,0,6,0,0,0,0,4,1,6,6,2,72,10,1796,1,16,MERCEDES CLC CLASS,-1,-1,0,-1
2024421410462,2024,421410462,3,9,0,-1,19,3,7,-1,0,7,0,0,0,0,1,1,-1,6,1,39,7,2148,2,14,MERCEDES CLC CLASS,5,E01021494,0,4
2024061519206,2024,061519206,4,9,-1,-1,19,8,4,-1,0,0,0,0,0,0,2,9,-1,6,2,-1,-1,1796,1,16,MERCEDES CLC CLASS,-1,-1,0,-1
2024131529658,2024,131529658,1,9,0,-1,19,1,3,-1,0,0,1,0,7,4,1,1,-1,6,2,85,11,1597,1,15,MERCEDES CLC CLASS,10,E01010772,0,2
2024430465554,2024,430465554,1,9,0,18,19,2,6,0,0,1,0,0,0,0,1,1,3,7,1,-1,-1,2148,2,15,MERCEDES CLC CLASS,-1,-1,0,-1
202460Q144305,2024,60Q144305,1,9,0,18,19,7,3,0,0,8,0,0,0,0,3,1,6,6,1,33,6,1796,1,14,MERCEDES CLC CLASS,-1,-1,0,-1
2024520500348,2024,520500348,1,9,0,18,19,4,8,0,0,0,0,0,0,0,1,1,6,6,1,48,8,1796,1,15,MERCEDES CLC CLASS,5,E01029324,0,4
2024461411844,2024,461411844,1,9,0,-1,19,3,7,-1,0,0,0,0,0,0,1,9,-1,6,2,26,6,1796,1,15,MERCEDES CLC CLASS,2,E01024155,0,1
2024451518904,2024,451518904,1,9,0,-1,9,5,1,-1,0,0,0,0,7,0,4,1,-1,9,1,46,8,1796,1,15,MERCEDES CLC CLASS,10,E01030753,0,1
2024161429744,2024,161429744,1,9,0,-1,19,4,8,-1,0,0,1,0,0,0,1,1,-1,9,1,29,6,2148,2,15,MERCEDES CLC CLASS,1,E01012781,0,1
2024451402315,2024,451402315,2,9,0,-1,3,2,6,-1,0,0,0,4,0,0,1,1,-1,2,2,30,6,1796,1,16,MERCEDES CLC CLASS,5,E01030677,0,1
2024440167426,2024,440167426,1,9,0,18,19,5,1,0,0,1,0,0,0,0,1,1,6,6,1,35,6,2148,2,16,MERCEDES CLC CLASS,5,E01017171,0,1
2024211453501,2024,211453501,2,9,0,-1,6,1,1,-1,0,3,0,0,0,0,1,1,-1,9,2,34,6,2148,2,16,MERCEDES CLC CLASS,1,E01029828,0,1
2024201461640,2024,201461640,1,9,0,-1,9,1,7,-1,0,6,0,0,0,0,2,9,-1,6,2,48,8,2148,2,14,MERCEDES CLC CLASS,3,E01009641,0,1
2024201536040,2024,201536040,3,9,0,-1,19,2,6,-1,0,0,0,0,0,0,3,1,-1,9,1,42,7,2148,2,16,MERCEDES CLC CLASS,2,E01010088,0,1
2024501428095,2024,501428095,1,9,0,-1,19,3,7,-1,0,0,1,0,1,10,1,1,-1,9,1,53,8,1796,1,15,MERCEDES CLC CLASS,3,E01019009,0,4
2024010533582,2024,010533582,1,9,0,5,5,7,3,0,0,8,0,0,0,0,1,1,6,6,1,38,7,1796,1,15,MERCEDES CLC CLASS,-1,-1,0,-1
2024421431876,2024,421431876,1,9,0,-1,19,2,6,-1,0,6,0,0,0,0,1,1,-1,9,2,34,6,2148,2,15,MERCEDES CLC CLASS,1,E01022043,0,1
2024471452268,2024,471452268,2,9,0,-1,5,1,5,-1,0,0,0,0,0,0,1,1,-1,9,1,83,11,2148,2,14,MERCEDES CLC CLASS,5,E01031835,0,1
2024010550749,2024,010550749,3,9,0,18,19,1,5,0,0,2,0,0,0,0,1,1,6,6,1,36,7,1796,1,13,MERCEDES CLC CLASS,3,E01001436,0,2
2024451490683,2024,451490683,2,9,0,-1,12,1,1,-1,0,0,0,0,1,0,2,1,-1,6,2,70,10,1796,1,13,MERCEDES CLC CLASS,9,E01022785,0,4
2024010546195,2024,010546195,1,9,0,9,9,1,6,0,0,8,0,0,0,0,1,1,6,6,1,62,9,1796,1,16,MERCEDES CLC CLASS,9,E01002451,0,1
2024351469598,2024,351469598,1,9,0,-1,19,3,7,-1,0,8,0,0,0,0,1,1,-1,6,2,45,7,2148,2,15,MERCEDES CLC CLASS,3,E01015618,0,1
2024421407585,2024,421407585,1,9,0,-1,19,-1,-1,-1,0,0,-1,-1,0,0,1,9,-1,6,3,-1,-1,1796,1,15,MERCEDES CLC CLASS,-1,-1,0,-1
2024101479220,2024,101479220,1,9,0,-1,13,1,5,-1,0,0,1,11,0,0,1,1,-1,6,1,28,6,1796,1,14,MERCEDES CLC CLASS,2,E01027398,0,1
2024010540470,2024,010540470,2,9,0,9,9,7,5,0,0,8,0,0,0,0,3,1,6,6,3,-1,-1,1796,1,16,MERCEDES CLC CLASS,-1,-1,0,-1
2024010507738,2024,010507738,3,9,0,18,19,5,1,0,0,1,0,0,0,0,4,1,6,6,3,-1,-1,1796,1,15,MERCEDES CLC CLASS,-1,-1,0,-1
2024010498769,2024,010498769,1,9,0,4,4,1,5,0,0,8,0,0,0,0,0,1,6,6,2,36,7,1597,1,14,MERCEDES CLC CLASS,9,E01002285,0,1
2024471469521,2024,471469521,1,9,0,-1,13,7,3,-1,0,1,0,0,0,0,1,9,-1,6,1,24,5,1796,1,16,MERCEDES CLC CLASS,8,E01020954,0,1
2024161441420,2024,161441420,1,9,0,-1,19,5,1,-1,0,0,0,0,1,9,1,1,-1,2,1,38,7,1796,1,16,MERCEDES CLC CLASS,1,E01035466,0,3
2024320579756,2024,320579756,2,9,0,9,9,3,2,0,0,6,0,0,0,0,1,1,6,6,2,40,7,1796,1,14,MERCEDES CLC CLASS,6,E01026040,0,1
2024311477519,2024,311477519,1,9,0,-1,19,7,3,-1,0,1,1,0,0,0,1,2,-1,6,2,46,8,2148,2,16,MERCEDES CLC CLASS,1,E01013818,0,1
2024061479366,2024,061479366,1,9,0,-1,9,3,1,-1,0,1,0,0,0,0,1,1,-1,6,3,-1,-1,2148,2,15,MERCEDES CLC CLASS,-1,-1,0,-1
2024010536304,2024,010536304,1,9,0,99,99,9,9,99,99,9,9,99,9,99,3,9,6,6,1,25,5,1796,1,13,MERCEDES CLC CLASS,9,E01021786,0,2
2024161478225,2024,161478225,1,9,0,-1,19,3,7,-1,0,1,0,0,0,0,1,1,-1,9,1,42,7,1796,1,16,MERCEDES CLC CLASS,5,E01013180,0,1
2024531450675,2024,531450675,1,9,0,-1,19,1,5,-1,0,0,0,0,1,4,1,1,-1,9,1,76,11,2148,2,15,MERCEDES CLC CLASS,10,E01022418,0,2
2024010498749,2024,010498749,1,9,0,9,9,8,5,0,0,5,0,4,0,0,1,1,6,6,2,55,8,1796,1,15,MERCEDES CLC CLASS,5,E01001194,0,1
2024010506370,2024,010506370,2,9,0,6,6,9,9,99,99,9,9,99,9,99,9,9,6,6,3,-1,-1,1597,1,14,MERCEDES CLC CLASS,-1,-1,0,-1
2024010540762,2024,010540762,2,9,0,9,9,7,4,0,0,1,0,0,0,0,4,1,6,6,1,23,5,1796,1,14,MERCEDES CLC CLASS,-1,-1,0,-1
2024440319587,2024,440319587,2,9,0,18,19,3,7,0,0,1,0,0,0,0,1,1,6,6,1,31,6,1796,1,16,MERCEDES CLC CLASS,6,E01017303,0,3
2024161402513,2024,161402513,2,9,0,-1,19,2,6,-1,0,0,0,8,0,0,1,9,-1,6,1,32,6,2148,2,15,MERCEDES CLC CLASS,1,E01012891,0,1
2024552400624,2024,552400624,2,9,0,4,4,5,1,0,0,0,0,0,0,0,2,1,6,6,1,24,5,1796,1,15,MERCEDES CLC CLASS,9,E01015463,0,2
2024440199252,2024,440199252,1,9,0,18,19,4,8,0,0,1,0,0,0,0,1,1,6,6,2,92,11,1796,1,13,MERCEDES CLC CLASS,10,E01030797,0,2