collision_index,collision_year,collision_ref_no,vehicle_reference,vehicle_type,towing_and_articulation,vehicle_manoeuvre_historic,vehicle_manoeuvre,vehicle_direction_from,vehicle_direction_to,vehicle_location_restricted_lane_historic,vehicle_location_restricted_lane,junction_location,skidding_and_overturning,hit_object_in_carriageway,vehicle_leaving_carriageway,hit_object_off_carriageway,first_point_of_impact,vehicle_left_hand_drive,journey_purpose_of_driver_historic,journey_purpose_of_driver,sex_of_driver,age_of_driver,age_band_of_driver,engine_capacity_cc,propulsion_code,age_of_vehicle,generic_make_model,driver_imd_decile,lsoa_of_driver,escooter_flag,driver_distance_banding
2024010519213,2024,010519213,1,9,9,99,99,9,9,99,99,9,9,99,9,99,9,9,6,6,3,42,7,1796,1,14,MERCEDES CLC CLASS,9,E01030829,0,2
2024010549294,2024,010549294,1,9,0,5,5,1,5,0,0,0,0,0,0,0,1,1,6,6,1,27,6,1796,1,14,MERCEDES CLC CLASS,3,E01000133,0,3
2024041508820,2024,041508820,2,9,0,-1,9,1,3,-1,0,8,0,0,0,0,3,1,-1,9,1,35,6,1796,1,15,MERCEDES CLC CLASS,9,E01025437,0,4
2024520002927,2024,520002927,1,9,0,18,19,1,5,0,0,8,0,0,0,0,4,1,6,6,1,71,10,2148,2,15,MERCEDES CLC CLASS,9,E01014387,0,1
2024010498906,2024,010498906,2,9,0,7,7,2,4,0,0,6,0,0,0,0,2,1,6,6,1,31,6,1796,1,16,MERCEDES CLC CLASS,5,E01000928,0,1
2024991408404,2024,991408404,2,9,0,-1,19,4,8,-1,0,0,1,10,1,10,1,1,-1,6,2,60,9,2148,2,14,MERCEDES CLC CLASS,3,-1,0,1
2024552400227,2024,552400227,2,19,0,18,19,2,6,0,0,0,0,0,0,0,1,1,6,6,2,70,10,-1,-1,-1,MERCEDES MODEL MISSING,10,E01016627,0,5
2024522402171,2024,522402171,1,20,0,4,4,4,8,0,0,0,0,0,0,0,2,1,6,6,1,62,9,6374,2,10,MERCEDES MODEL MISSING,3,E01014976,0,1
2024531446268,2024,531446268,1,20,0,-1,19,7,4,-1,0,0,2,0,4,1,1,1,-1,1,1,50,8,5132,2,8,MERCEDES MODEL MISSING,4,E01014085,0,4
2024501529843,2024,501529843,2,21,0,-1,4,3,6,-1,0,0,1,0,0,0,1,1,-1,1,1,20,4,12809,2,3,MERCEDES MODEL MISSING,4,E01018762,0,3
2024622400696,2024,622400696,2,21,1,18,19,8,4,0,0,0,0,0,0,0,3,1,1,1,1,57,9,12809,2,2,MERCEDES MODEL MISSING,9,W01001502,0,3
2024201483228,2024,201483228,3,21,1,-1,19,2,6,-1,0,1,0,0,0,0,1,1,-1,1,1,63,9,12809,2,4,MERCEDES MODEL MISSING,-1,-1,0,-1
2024471499571,2024,471499571,1,20,0,-1,5,3,1,-1,0,2,0,0,0,0,3,1,-1,1,1,57,9,4250,2,18,MERCEDES MODEL MISSING,4,E01024831,0,3
2024520402528,2024,520402528,1,19,0,18,19,6,2,0,0,8,0,0,0,0,3,1,6,6,1,53,8,7201,2,12,MERCEDES MODEL MISSING,9,E01029031,0,4
2024010523202,2024,010523202,1,9,0,18,19,5,1,0,0,8,0,0,0,0,1,1,6,6,3,-1,-1,1590,1,12,MERCEDES MODEL MISSING,-1,-1,0,-1
2024010517215,2024,010517215,2,90,0,2,2,0,0,0,0,1,0,0,0,0,2,1,6,6,3,-1,-1,7698,2,7,MERCEDES MODEL MISSING,-1,-1,0,-1
2024340NN1062,2024,340NN1062,2,21,0,-1,19,5,1,-1,0,0,0,0,0,0,3,1,-1,1,1,56,9,10677,2,5,MERCEDES MODEL MISSING,2,E01026949,0,3
2024471442579,2024,471442579,1,90,0,-1,9,2,7,-1,0,2,0,0,0,0,1,1,-1,1,1,57,9,7698,2,1,MERCEDES MODEL MISSING,6,E01021058,0,3
2024371490005,2024,371490005,3,21,1,-1,19,5,1,-1,0,0,0,0,0,0,1,1,-1,1,1,40,7,12809,2,4,MERCEDES MODEL MISSING,10,E01029908,0,1
2024031466192,2024,031466192,2,21,0,-1,19,4,8,-1,0,0,0,0,0,0,2,1,-1,1,1,43,7,12809,2,0,MERCEDES MODEL MISSING,-1,-1,0,-1
2024351521843,2024,351521843,2,21,0,-1,19,1,5,-1,0,0,0,0,0,0,1,1,-1,1,1,63,9,7698,2,6,MERCEDES MODEL MISSING,5,E01026201,0,4
2024010504576,2024,010504576,1,21,0,9,9,3,1,0,0,6,0,0,0,0,1,1,1,1,1,35,6,7698,2,5,MERCEDES MODEL MISSING,8,E01002414,0,3
2024201501710,2024,201501710,2,19,0,-1,19,6,2,-1,0,0,0,0,0,0,2,1,-1,6,-1,-1,-1,5132,2,10,MERCEDES MODEL MISSING,-1,-1,0,-1
2024461435423,2024,461435423,3,20,0,-1,5,5,7,-1,0,0,0,0,0,0,3,9,-1,1,1,57,9,-1,-1,-1,MERCEDES MODEL MISSING,2,E01024633,0,4
2024141508094,2024,141508094,2,21,0,-1,19,8,4,-1,0,0,0,0,0,0,1,9,-1,6,3,-1,-1,7201,2,12,MERCEDES MODEL MISSING,-1,-1,0,-1
2024501404659,2024,501404659,2,21,1,-1,19,7,3,-1,0,0,0,0,0,0,3,1,-1,1,1,67,10,12809,2,4,MERCEDES MODEL MISSING,7,E01018934,0,2
2024991531745,2024,991531745,1,21,1,-1,19,8,4,-1,0,0,0,0,3,7,1,1,-1,1,1,43,7,12809,2,8,MERCEDES MODEL MISSING,2,E01006405,0,5
2024010517113,2024,010517113,2,21,0,5,5,5,1,0,0,2,0,0,0,0,3,1,1,1,1,27,6,7698,2,6,MERCEDES MODEL MISSING,7,E01017589,0,4
2024010505093,2024,010505093,1,11,0,99,99,9,9,99,99,9,9,99,9,99,9,9,6,6,1,61,9,6370,2,9,MERCEDES MODEL MISSING,3,E01020974,0,4
2024311533077,2024,311533077,1,21,1,-1,19,5,1,-1,0,0,3,4,1,0,1,1,-1,1,1,62,9,12809,2,1,MERCEDES MODEL MISSING,3,E01011915,0,4
2024440389142,2024,440389142,1,19,0,9,9,2,8,0,0,8,0,0,0,0,4,1,1,1,1,64,9,2148,2,16,MERCEDES MODEL MISSING,4,E01017090,0,1
2024421404063,2024,421404063,1,21,0,-1,4,4,8,-1,0,8,1,0,0,0,1,1,-1,1,1,62,9,6374,2,11,MERCEDES MODEL MISSING,1,E01021323,0,2
2024221528338,2024,221528338,1,21,1,-1,19,8,4,-1,0,8,5,10,1,2,4,9,-1,1,1,43,7,10677,2,9,MERCEDES MODEL MISSING,1,E01015658,0,5
2024430013337,2024,430013337,2,21,0,2,2,0,0,0,0,0,0,0,0,0,2,1,6,6,1,-1,-1,7698,2,9,MERCEDES MODEL MISSING,-1,-1,0,-1
2024010523059,2024,010523059,2,19,0,99,99,9,9,99,99,9,0,0,0,0,1,9,6,6,3,-1,-1,7698,2,9,MERCEDES MODEL MISSING,6,E01016812,0,4
2024371400156,2024,371400156,6,21,1,-1,19,7,4,-1,0,0,0,0,0,0,3,1,-1,1,1,34,6,10677,2,5,MERCEDES MODEL MISSING,2,E01030025,0,1
2024471419448,2024,471419448,2,21,0,-1,3,8,5,-1,0,1,0,0,0,0,2,1,-1,1,1,40,7,5132,2,4,MERCEDES MODEL MISSING,2,E01021179,0,1
2024461432442,2024,461432442,1,21,2,-1,19,7,3,-1,0,0,0,0,1,0,4,1,-1,1,2,40,7,10677,2,4,MERCEDES MODEL MISSING,6,E01022096,0,4
2024041459214,2024,041459214,2,21,0,-1,2,0,0,-1,0,1,0,0,0,0,0,1,-1,1,1,36,7,5132,2,10,MERCEDES MODEL MISSING,10,E01025255,0,4
2024991453659,2024,991453659,2,21,1,-1,2,0,0,-1,-1,0,0,0,0,0,2,1,-1,1,1,41,7,12809,2,2,MERCEDES MODEL MISSING,5,E01034492,0,5
2024361451131,2024,361451131,2,20,0,-1,19,4,8,-1,0,1,0,0,0,0,1,1,-1,1,1,65,9,10677,2,6,MERCEDES MODEL MISSING,8,E01026473,0,4
2024451533043,2024,451533043,1,21,0,-1,19,7,3,-1,0,0,0,0,0,0,1,1,-1,1,1,55,8,10677,2,0,MERCEDES MODEL MISSING,1,E01021135,0,4
2024041484295,2024,041484295,1,90,0,-1,19,5,1,-1,0,0,0,0,0,0,1,1,-1,1,1,54,8,6374,2,11,MERCEDES MODEL MISSING,10,E01004950,0,3
2024010545253,2024,010545253,2,21,1,18,19,7,3,0,0,0,0,0,0,0,1,1,1,1,1,50,8,7698,2,2,MERCEDES MODEL MISSING,9,E01003828,0,2
2024451413079,2024,451413079,1,21,0,-1,5,3,7,-1,0,6,0,0,0,0,4,1,-1,1,1,59,9,10677,2,1,MERCEDES MODEL MISSING,7,E01016236,0,3
2024031462605,2024,031462605,1,21,0,-1,9,3,8,-1,0,2,0,0,0,0,4,1,-1,1,1,55,8,12809,2,1,MERCEDES MODEL MISSING,1,E01010702,0,4
2024371462492,2024,371462492,1,21,1,-1,19,5,1,-1,0,0,0,0,0,0,1,1,-1,1,1,30,6,12809,2,8,MERCEDES MODEL MISSING,1,E01015596,0,5
2024052400816,2024,052400816,1,19,0,18,19,4,8,0,0,0,0,0,0,0,1,1,6,6,1,-1,-1,5132,2,10,MERCEDES MODEL MISSING,-1,-1,0,-1
2024211441728,2024,211441728,1,21,1,-1,12,3,7,-1,0,0,0,0,0,0,4,1,-1,1,1,37,7,10677,2,3,MERCEDES MODEL MISSING,10,E01035388,0,4
2024401457523,2024,401457523,1,21,1,-1,11,1,5,-1,0,0,0,0,0,0,4,1,-1,1,1,40,7,12809,2,6,MERCEDES MODEL MISSING,1,E01013590,0,5
2024552400956,2024,552400956,1,21,0,7,7,2,4,0,0,5,0,0,0,0,4,1,1,1,1,57,9,10677,2,4,MERCEDES MODEL MISSING,6,E01020467,0,3
2024010523662,2024,010523662,1,21,0,4,4,7,3,0,0,2,0,0,0,0,2,1,1,1,1,50,8,10677,2,9,MERCEDES MODEL MISSING,2,E01000097,0,3
202417L307324,2024,17L307324,1,21,0,-1,19,6,2,-1,0,8,5,0,0,0,4,1,-1,1,1,63,9,10677,2,3,MERCEDES MODEL MISSING,9,E01012237,0,3
2024351455248,2024,351455248,1,21,1,-1,11,3,7,-1,0,0,0,0,0,0,3,9,-1,1,1,42,7,15569,2,5,MERCEDES MODEL MISSING,7,E01025618,0,4
2024052400874,2024,052400874,2,19,0,2,2,0,0,0,0,8,0,0,0,0,4,1,6,6,3,-1,-1,4250,2,17,MERCEDES MODEL MISSING,-1,-1,0,-1
2024201520095,2024,201520095,1,10,0,-1,19,1,6,-1,0,0,0,0,0,0,1,1,-1,6,3,35,6,-1,-1,-1,MERCEDES MODEL MISSING,-1,-1,0,-1
2024010510801,2024,010510801,1,20,0,2,2,0,0,0,0,0,0,0,0,0,2,1,6,6,3,-1,-1,7698,2,3,MERCEDES MODEL MISSING,-1,-1,0,-1
2024421467750,2024,421467750,1,21,0,-1,19,8,4,-1,0,0,0,0,0,0,1,1,-1,1,1,31,6,10677,2,9,MERCEDES MODEL MISSING,2,E01034367,0,1
2024451394044,2024,451394044,3,21,0,-1,19,5,1,-1,0,0,0,0,0,0,3,9,-1,1,1,50,8,12809,2,5,MERCEDES MODEL MISSING,-1,-1,0,-1
2024010545010,2024,010545010,3,90,1,18,19,7,3,0,0,2,0,0,0,0,1,1,6,6,1,25,5,-1,-1,-1,MERCEDES MODEL MISSING,5,E01016015,0,4
2024631471750,2024,631471750,1,21,4,-1,4,6,2,-1,0,0,0,0,0,0,0,1,-1,1,1,21,5,10677,2,9,MERCEDES MODEL MISSING,6,W01000798,0,4
2024010547412,2024,010547412,1,9,0,18,19,5,1,0,0,0,0,0,0,0,3,1,6,6,1,44,7,1590,1,10,MERCEDES MODEL MISSING,10,E01022896,0,4
2024141425629,2024,141425629,2,90,0,-1,19,5,1,-1,0,0,0,0,0,0,1,1,-1,1,1,39,7,-1,-1,-1,MERCEDES MODEL MISSING,6,E01032051,0,5
2024421520174,2024,421520174,2,21,4,-1,19,5,8,-1,0,4,0,0,0,0,1,1,-1,1,1,52,8,7698,2,1,MERCEDES MODEL MISSING,1,E01015932,0,1
2024070611646,2024,070611646,2,21,1,18,19,5,1,0,0,0,0,0,0,0,2,1,1,1,1,63,9,10677,2,3,MERCEDES MODEL MISSING,1,E01007293,0,4
2024010504046,2024,010504046,2,20,1,10,10,5,3,0,0,1,0,0,0,0,0,1,1,1,1,56,9,-1,-1,-1,MERCEDES MODEL MISSING,6,E01000847,0,1
2024101562308,2024,101562308,2,11,0,-1,19,8,4,-1,0,0,0,0,0,0,4,1,-1,1,1,32,6,6370,2,11,MERCEDES MODEL MISSING,9,E01011982,0,4
2024010533992,2024,010533992,1,21,0,99,99,9,9,99,99,9,9,99,9,99,1,1,1,1,1,53,8,7698,2,6,MERCEDES MODEL MISSING,4,E01022523,0,4
2024010498454,2024,010498454,2,90,0,3,3,2,6,0,0,5,0,0,0,0,0,1,1,1,1,36,7,7698,2,5,MERCEDES MODEL MISSING,4,E01015930,0,3
2024361510858,2024,361510858,1,90,0,-1,19,6,3,-1,0,0,2,0,1,1,4,2,-1,1,1,54,8,10677,2,7,MERCEDES MODEL MISSING,4,E01021862,0,5
2024010535662,2024,010535662,2,9,0,18,19,1,5,0,0,8,0,0,0,0,3,1,6,6,1,21,5,5461,1,10,MERCEDES MODEL MISSING,4,E01016521,0,2
2024361434259,2024,361434259,1,21,1,-1,9,6,4,-1,0,1,0,0,0,0,4,9,-1,6,1,26,6,12809,2,6,MERCEDES MODEL MISSING,9,E01033188,0,5
2024451506271,2024,451506271,1,21,0,-1,19,3,7,-1,0,0,2,0,0,0,1,1,-1,1,1,45,7,12809,2,4,MERCEDES MODEL MISSING,2,E01024717,0,4
2024052402056,2024,052402056,1,21,0,5,5,7,3,0,0,4,0,0,0,0,1,1,1,1,1,64,9,12809,2,8,MERCEDES MODEL MISSING,6,E01005830,0,4
2024340WN4552,2024,340WN4552,3,21,0,-1,4,5,1,-1,0,0,0,0,0,0,2,1,-1,1,1,39,7,12809,2,4,MERCEDES MODEL MISSING,6,E01023751,0,4
2024302401078,2024,302401078,1,21,1,18,19,5,1,0,0,8,0,0,0,0,4,1,1,1,1,54,8,12809,2,2,MERCEDES MODEL MISSING,2,E01007627,0,4
2024361441061,2024,361441061,1,21,0,-1,5,-1,-1,-1,0,0,0,0,0,0,2,1,-1,6,1,46,8,7698,2,5,MERCEDES MODEL MISSING,8,E01030280,0,3
202417M301124,2024,17M301124,2,21,1,18,19,5,1,0,0,8,0,0,0,0,1,1,1,1,1,54,8,12809,2,2,MERCEDES MODEL MISSING,1,E01008730,0,4
2024401484614,2024,401484614,1,21,1,-1,5,3,7,-1,0,3,0,0,1,0,4,1,-1,1,1,21,5,10677,2,6,MERCEDES MODEL MISSING,4,E01006486,0,5
2024332400274,2024,332400274,2,21,0,-1,2,0,0,-1,-1,0,0,0,0,0,2,1,-1,6,1,39,7,12809,2,1,MERCEDES MODEL MISSING,-1,-1,0,-1
2024111471138,2024,111471138,1,21,0,-1,19,1,5,-1,0,0,0,0,0,0,0,1,-1,6,1,45,7,12809,2,5,MERCEDES MODEL MISSING,3,-1,0,5
2024131463739,2024,131463739,1,21,0,-1,19,1,1,-1,-1,0,0,0,0,0,1,1,-1,1,1,49,8,12809,2,2,MERCEDES MODEL MISSING,3,E01011822,0,4
2024141396321,2024,141396321,1,90,0,-1,19,2,6,-1,0,0,0,7,0,0,4,1,-1,1,1,28,6,-1,-1,-1,MERCEDES MODEL MISSING,1,E01007369,0,3
2024411419855,2024,411419855,1,19,0,-1,1,1,5,-1,0,8,0,0,0,0,0,1,-1,6,1,46,8,7698,2,9,MERCEDES MODEL MISSING,2,E01027246,0,4
2024622400823,2024,622400823,4,21,0,18,19,2,6,0,0,0,0,0,0,0,2,1,2,2,1,46,8,7698,2,1,MERCEDES MODEL MISSING,5,W01001831,0,4
2024010494395,2024,010494395,2,19,0,18,19,4,8,0,0,1,0,0,0,0,1,1,6,6,1,37,7,2143,2,11,MERCEDES MODEL MISSING,6,E01002586,0,1
2024211475326,2024,211475326,2,21,0,-1,15,1,5,-1,0,0,0,0,0,0,3,1,-1,1,1,25,5,-1,-1,-1,MERCEDES MODEL MISSING,3,E01029357,0,3
2024440091960,2024,440091960,1,21,0,5,5,2,6,0,0,0,0,0,0,0,1,1,1,1,1,44,7,10677,2,5,MERCEDES MODEL MISSING,5,E01017171,0,4
2024351475100,2024,351475100,2,21,1,-1,9,3,1,-1,0,0,0,0,0,0,3,1,-1,1,1,41,7,12809,2,2,MERCEDES MODEL MISSING,4,E01015622,0,1
2024061471155,2024,061471155,1,11,0,-1,19,7,3,-1,0,1,0,0,0,0,0,1,-1,1,3,-1,-1,6370,2,14,MERCEDES MODEL MISSING,-1,-1,0,-1
2024371525874,2024,371525874,1,21,1,-1,19,1,5,-1,0,2,0,0,0,0,1,1,-1,6,3,-1,-1,12809,2,6,MERCEDES MODEL MISSING,-1,-1,0,-1
2024440323188,2024,440323188,2,21,0,18,19,1,5,0,0,7,0,0,0,0,2,1,1,1,1,22,5,10677,2,6,MERCEDES MODEL MISSING,5,E01004439,0,5
2024010530979,2024,010530979,1,21,0,2,2,0,0,0,0,0,0,0,0,0,2,1,6,6,3,-1,-1,10677,2,1,MERCEDES MODEL MISSING,-1,-1,0,-1
2024061498134,2024,061498134,1,19,0,-1,4,7,3,-1,0,0,0,0,0,0,1,1,-1,1,1,34,6,-1,-1,-1,MERCEDES MODEL MISSING,8,E01005155,0,4
2024010520360,2024,010520360,1,21,1,18,19,7,3,0,0,3,0,0,0,0,2,1,1,1,1,47,8,7698,2,1,MERCEDES MODEL MISSING,6,E01023554,0,4
2024201442081,2024,201442081,3,20,0,-1,19,6,2,-1,0,8,0,0,0,0,1,9,-1,1,1,60,9,4249,2,11,MERCEDES MODEL MISSING,4,E01010459,0,3
2024411482613,2024,411482613,3,21,1,-1,8,5,1,-1,0,0,0,0,0,0,0,1,-1,1,1,53,8,10677,2,6,MERCEDES MODEL MISSING,6,E01023746,0,3
2024010540652,2024,010540652,2,10,9,2,2,0,0,99,99,0,9,99,9,99,9,1,6,6,3,-1,-1,-1,3,2,MERCEDES MODEL MISSING,-1,-1,0,-1
2024131532457,2024,131532457,2,20,0,-1,19,6,2,-1,0,0,0,0,0,0,1,1,-1,1,1,43,7,5132,2,5,MERCEDES MODEL MISSING,3,E01011048,0,3
2024320516013,2024,320516013,2,21,1,-1,-1,8,4,0,0,8,0,0,0,0,1,1,1,1,1,34,6,12809,2,5,MERCEDES MODEL MISSING,4,E01026025,0,4
2024010502894,2024,010502894,2,21,0,18,19,1,5,0,0,0,0,0,0,0,1,1,1,1,1,66,10,10677,2,9,MERCEDES MODEL MISSING,3,E01016454,0,4
202454B220224,2024,54B220224,2,21,0,18,19,1,5,0,0,1,0,0,0,0,1,1,1,1,1,68,10,7698,2,6,MERCEDES MODEL MISSING,7,E01014702,0,4
2024501465058,2024,501465058,2,21,1,-1,19,1,5,-1,0,1,0,0,0,0,1,1,-1,1,1,39,7,12809,2,10,MERCEDES MODEL MISSING,6,E01020326,0,4
2024131513088,2024,131513088,1,21,0,-1,9,7,5,-1,0,8,0,4,0,0,2,1,-1,1,1,31,6,10677,2,9,MERCEDES MODEL MISSING,6,E01012401,0,4
2024141425629,2024,141425629,4,19,0,-1,19,5,1,-1,0,0,0,0,0,0,4,1,-1,1,1,63,9,1950,2,2,MERCEDES MODEL MISSING,8,E01019811,0,3
2024440270338,2024,440270338,2,21,0,18,19,5,1,0,0,0,0,0,0,0,3,1,1,1,1,58,9,7698,2,1,MERCEDES MODEL MISSING,3,E01017098,0,3
2024061533738,2024,061533738,1,21,1,-1,19,3,7,-1,0,0,0,0,0,0,1,1,-1,1,1,32,6,12809,2,6,MERCEDES MODEL MISSING,3,E01004939,0,3
2024141403794,2024,141403794,3,21,0,-1,19,5,1,-1,0,0,0,0,0,0,1,1,-1,1,1,28,6,7698,2,2,MERCEDES MODEL MISSING,1,E01007763,0,1
2024010521106,2024,010521106,2,21,9,99,99,9,9,99,99,9,9,99,9,99,1,9,6,6,3,48,8,12809,2,5,MERCEDES MODEL MISSING,4,E01015825,0,4
2024041421791,2024,041421791,2,19,0,-1,19,7,3,-1,0,0,0,0,0,0,1,1,-1,1,1,40,7,6374,2,11,MERCEDES MODEL MISSING,7,E01012602,0,2
2024430165187,2024,430165187,2,21,0,4,4,0,0,0,0,0,0,0,0,0,3,1,1,1,2,25,5,-1,-1,-1,MERCEDES MODEL MISSING,-1,-1,0,-1
2024101415049,2024,101415049,2,90,0,-1,19,5,1,-1,0,0,0,0,0,0,1,2,-1,1,1,67,10,7698,2,3,MERCEDES MODEL MISSING,-1,-1,0,-1
2024010520851,2024,010520851,3,19,0,3,3,2,6,0,0,0,0,0,0,0,1,1,1,1,1,42,7,5132,2,5,MERCEDES MODEL MISSING,2,E01001961,0,3
2024010523339,2024,010523339,1,21,0,5,5,3,7,0,0,1,0,0,0,0,2,1,6,6,2,40,7,5132,2,10,MERCEDES MODEL MISSING,-1,-1,0,-1
2024361516429,2024,361516429,2,20,0,-1,4,3,7,-1,0,0,0,0,0,0,3,1,-1,1,1,49,8,7698,2,1,MERCEDES MODEL MISSING,1,E01014218,0,5
2024101406950,2024,101406950,1,11,0,-1,5,6,2,-1,0,8,0,0,0,0,0,1,-1,1,1,52,8,6370,2,11,MERCEDES MODEL MISSING,1,E01008867,0,1
2024302400891,2024,302400891,1,20,0,7,7,5,3,0,0,8,0,0,0,0,4,1,1,1,1,57,9,4250,2,14,MERCEDES MODEL MISSING,1,E01013496,0,3
2024351508065,2024,351508065,2,21,0,-1,19,5,1,-1,0,0,0,0,0,0,3,1,-1,1,1,66,10,10677,2,7,MERCEDES MODEL MISSING,3,E01018087,0,2
2024031452175,2024,031452175,2,21,1,-1,19,8,4,-1,0,0,0,0,0,0,2,9,-1,1,1,63,9,10677,2,7,MERCEDES MODEL MISSING,5,E01019314,0,3
2024320340183,2024,320340183,1,21,0,-1,-1,8,4,0,0,1,0,0,0,0,1,1,1,1,1,44,7,11967,2,10,MERCEDES MODEL MISSING,2,E01003516,0,5
2024320230415,2024,320230415,1,21,1,-1,-1,8,4,0,0,0,0,0,0,0,1,1,1,1,1,30,6,7698,2,1,MERCEDES MODEL MISSING,9,E01015629,0,4
202454C610324,2024,54C610324,2,9,0,10,10,5,1,0,0,1,0,0,0,0,1,1,6,6,1,27,6,2295,1,22,MERCEDES MODEL MISSING,7,E01031979,0,1
2024010502576,2024,010502576,1,11,0,16,19,3,5,2,2,1,0,0,0,0,1,1,1,1,1,54,8,7700,2,8,MERCEDES MODEL MISSING,6,E01001289,0,2
2024010512506,2024,010512506,2,90,9,99,99,9,9,99,99,9,9,99,9,99,1,9,6,6,3,-1,-1,-1,-1,-1,MERCEDES MODEL MISSING,-1,-1,0,-1
2024061452215,2024,061452215,2,21,1,-1,11,-1,-1,-1,0,0,0,0,0,0,4,1,-1,6,1,-1,-1,12809,2,5,MERCEDES MODEL MISSING,-1,-1,0,-1
2024451437168,2024,451437168,3,21,0,-1,19,1,5,-1,0,0,0,0,0,0,2,1,-1,1,1,52,8,12809,2,2,MERCEDES MODEL MISSING,5,E01023705,0,4
2024543356724,2024,543356724,2,20,1,18,19,1,5,0,0,0,0,0,0,0,1,1,6,6,1,72,10,-1,-1,-1,MERCEDES MODEL MISSING,7,E01016348,0,4
2024201527030,2024,201527030,1,21,0,-1,11,7,3,-1,0,0,0,0,0,0,1,1,-1,6,1,-1,-1,12809,2,8,MERCEDES MODEL MISSING,-1,-1,0,-1
2024461493716,2024,461493716,1,21,1,-1,11,3,7,-1,0,0,0,0,0,0,1,1,-1,1,1,41,7,12809,2,3,MERCEDES MODEL MISSING,2,E01029450,0,5
2024141489216,2024,141489216,1,20,0,-1,19,2,6,-1,0,0,0,0,0,0,4,9,-1,6,1,55,8,4249,2,12,MERCEDES MODEL MISSING,2,E01007651,0,3
2024041395411,2024,041395411,2,21,0,-1,2,1,5,-1,0,0,0,0,0,0,2,1,-1,1,1,52,8,12809,2,5,MERCEDES MODEL MISSING,6,E01006227,0,4
2024231516280,2024,231516280,1,21,1,-1,19,3,7,-1,0,4,0,0,0,0,4,9,-1,1,1,70,10,7698,2,10,MERCEDES MODEL MISSING,7,E01009562,0,3
2024141465074,2024,141465074,3,21,0,-1,19,2,6,-1,0,0,0,0,0,0,2,1,-1,1,1,55,8,12809,2,3,MERCEDES MODEL MISSING,3,E01008375,0,5
2024440279428,2024,440279428,2,17,4,13,13,6,2,0,0,0,0,0,0,0,4,1,1,1,1,29,6,-1,2,6,MERCEDES MODEL MISSING,7,E01022514,0,4
2024361484568,2024,361484568,1,20,1,-1,19,7,3,-1,0,0,0,0,0,0,2,1,-1,1,1,49,8,5132,2,5,MERCEDES MODEL MISSING,1,E01006392,0,5
2024361412466,2024,361412466,2,21,1,-1,4,1,5,-1,0,0,0,0,0,0,2,1,-1,1,1,50,8,12809,2,5,MERCEDES MODEL MISSING,4,E01033827,0,5
2024061485258,2024,061485258,1,20,1,-1,19,1,5,-1,0,1,0,0,0,0,1,9,-1,1,1,56,9,5132,2,6,MERCEDES MODEL MISSING,7,E01010356,0,5
2024340WN4552,2024,340WN4552,4,21,0,-1,19,5,1,-1,0,0,0,0,0,0,1,1,-1,1,1,57,9,12809,2,1,MERCEDES MODEL MISSING,9,E01027286,0,3
2024320683641,2024,320683641,1,21,0,9,9,4,4,0,0,6,0,0,0,0,1,1,1,1,1,70,10,7698,2,1,MERCEDES MODEL MISSING,5,E01028369,0,4
2024010535014,2024,010535014,1,9,0,9,9,7,5,0,0,6,0,0,0,0,1,1,6,6,1,46,8,3498,1,11,MERCEDES MODEL MISSING,6,E01031567,0,4
2024440290784,2024,440290784,1,21,1,16,19,4,7,0,0,0,1,0,0,0,3,1,1,1,1,36,7,12809,2,2,MERCEDES MODEL MISSING,2,E01009348,0,5
2024010515910,2024,010515910,2,19,0,18,19,5,1,0,0,1,0,0,0,0,1,1,6,6,1,58,9,7698,2,10,MERCEDES MODEL MISSING,3,E01002345,0,2
2024061437205,2024,061437205,1,21,5,-1,19,7,3,-1,0,0,0,0,0,0,1,1,-1,1,1,39,7,10677,2,7,MERCEDES MODEL MISSING,3,E01007550,0,4
2024522402104,2024,522402104,2,21,0,18,19,6,2,0,0,8,0,0,0,0,1,1,6,6,1,34,6,10677,2,3,MERCEDES MODEL MISSING,4,W01001415,0,4
2024451432024,2024,451432024,2,21,0,-1,19,3,7,-1,0,0,0,0,0,0,2,1,-1,1,1,39,7,12809,2,7,MERCEDES MODEL MISSING,3,E01024392,0,4