collision_index,collision_year,collision_ref_no,vehicle_reference,vehicle_type,towing_and_articulation,vehicle_manoeuvre_historic,vehicle_manoeuvre,vehicle_direction_from,vehicle_direction_to,vehicle_location_restricted_lane_historic,vehicle_location_restricted_lane,junction_location,skidding_and_overturning,hit_object_in_carriageway,vehicle_leaving_carriageway,hit_object_off_carriageway,first_point_of_impact,vehicle_left_hand_drive,journey_purpose_of_driver_historic,journey_purpose_of_driver,sex_of_driver,age_of_driver,age_band_of_driver,engine_capacity_cc,propulsion_code,age_of_vehicle,generic_make_model,driver_imd_decile,lsoa_of_driver,escooter_flag,driver_distance_banding
2024622400442,2024,622400442,1,11,0,18,19,4,8,0,0,0,0,0,0,0,4,1,1,1,1,59,9,6374,2,13,MERCEDES MODEL MISSING,7,W01001240,0,3
2024471485155,2024,471485155,2,21,0,-1,19,7,2,-1,0,0,0,0,0,0,1,1,-1,1,1,66,10,12809,2,10,MERCEDES MODEL MISSING,6,E01031345,0,4
2024070821933,2024,070821933,2,21,4,-1,19,7,3,-1,0,1,0,0,0,0,1,1,-1,1,1,55,8,12809,2,4,MERCEDES MODEL MISSING,1,E01024925,0,4
2024141479807,2024,141479807,2,21,0,-1,19,5,1,-1,0,0,0,0,0,0,3,1,-1,6,-1,-1,-1,12809,2,9,MERCEDES MODEL MISSING,-1,-1,0,-1
2024010507133,2024,010507133,1,19,0,9,9,1,6,0,0,2,0,0,0,0,1,1,1,1,1,52,8,-1,3,16,MERCEDES MODEL MISSING,-1,-1,0,-1
2024461505488,2024,461505488,2,21,4,-1,19,5,3,-1,0,4,0,0,0,0,2,1,-1,1,2,52,8,12809,2,1,MERCEDES MODEL MISSING,9,E01021153,0,4
2024421535852,2024,421535852,1,20,1,-1,12,5,1,-1,0,0,0,0,0,0,1,1,-1,1,1,67,10,5132,2,1,MERCEDES MODEL MISSING,6,E01023871,0,4
2024411460386,2024,411460386,2,19,0,-1,19,5,1,-1,0,0,0,0,0,0,2,1,-1,1,1,62,9,4250,2,13,MERCEDES MODEL MISSING,7,E01021801,0,3
2024332400051,2024,332400051,2,21,0,-1,19,2,6,-1,0,0,0,0,4,6,4,1,-1,1,1,38,7,12809,2,3,MERCEDES MODEL MISSING,8,E01035015,0,4
2024371431605,2024,371431605,1,21,1,-1,19,4,8,-1,0,0,0,0,0,0,1,1,-1,1,1,45,7,10677,2,6,MERCEDES MODEL MISSING,2,E01030170,0,4
2024211522055,2024,211522055,2,20,0,-1,2,0,0,-1,0,0,0,0,0,0,2,1,-1,6,-1,-1,-1,4250,2,17,MERCEDES MODEL MISSING,-1,-1,0,-1
2024991435236,2024,991435236,2,21,1,-1,19,1,5,-1,0,1,1,0,0,0,1,1,-1,1,1,36,7,12809,2,1,MERCEDES MODEL MISSING,7,E01034573,0,5
2024991402064,2024,991402064,1,9,0,-1,7,1,5,-1,0,0,1,0,1,1,1,1,-1,9,2,32,6,2295,1,25,MERCEDES MODEL MISSING,1,E01005874,0,5
2024451513557,2024,451513557,2,21,0,-1,3,1,5,-1,0,0,0,0,0,0,2,1,-1,6,3,40,7,12809,2,4,MERCEDES MODEL MISSING,-1,-1,0,-1
2024332400937,2024,332400937,2,21,0,-1,19,1,5,-1,0,0,0,0,0,0,1,1,-1,1,1,62,9,10677,2,2,MERCEDES MODEL MISSING,5,E01007438,0,5
2024421506888,2024,421506888,2,19,0,-1,-1,-1,-1,-1,-1,0,-1,-1,-1,0,-1,9,-1,6,1,34,6,-1,-1,-1,MERCEDES MODEL MISSING,4,E01015622,0,5
2024552400927,2024,552400927,1,20,0,7,7,6,1,0,0,8,0,0,0,0,4,1,2,2,2,59,9,10677,2,4,MERCEDES MODEL MISSING,5,E01015435,0,2
2024421488441,2024,421488441,1,21,0,-1,9,6,3,-1,0,8,2,0,1,7,4,1,-1,1,1,30,6,-1,-1,-1,MERCEDES MODEL MISSING,1,E01021324,0,1
2024622400284,2024,622400284,1,11,0,18,19,3,7,0,0,1,0,0,0,0,1,1,1,1,1,49,8,7698,2,7,MERCEDES MODEL MISSING,2,W01001765,0,1
2024411510043,2024,411510043,1,21,1,-1,19,7,3,-1,0,0,0,0,0,0,4,1,-1,1,1,50,8,12809,2,10,MERCEDES MODEL MISSING,2,E01001777,0,4
2024311447991,2024,311447991,2,21,4,-1,19,4,8,-1,0,0,0,0,0,0,2,1,-1,1,1,51,8,10677,2,6,MERCEDES MODEL MISSING,-1,-1,0,-1
2024302400888,2024,302400888,1,21,0,18,19,1,5,0,0,8,1,0,0,0,3,1,1,1,1,34,6,-1,-1,-1,MERCEDES MODEL MISSING,4,E01007842,0,4
2024421430598,2024,421430598,2,21,0,-1,19,4,8,-1,0,0,0,0,0,0,1,1,-1,9,2,54,8,4250,2,20,MERCEDES MODEL MISSING,6,E01021414,0,4
2024471456649,2024,471456649,1,19,0,-1,19,8,4,-1,0,0,0,0,0,0,1,1,-1,1,1,47,8,5132,2,1,MERCEDES MODEL MISSING,3,E01020928,0,4
2024430445286,2024,430445286,1,21,1,18,19,1,5,0,0,0,5,0,6,0,3,1,1,1,1,56,9,12809,2,3,MERCEDES MODEL MISSING,-1,-1,0,-1
2024371492455,2024,371492455,3,21,1,-1,19,3,7,-1,0,0,0,0,0,0,3,1,-1,1,1,49,8,12809,2,4,MERCEDES MODEL MISSING,2,E01029988,0,4
2024141398060,2024,141398060,2,21,0,-1,19,5,3,-1,0,1,0,0,0,0,1,1,-1,1,1,43,7,7698,2,2,MERCEDES MODEL MISSING,3,E01034259,0,2
2024361503714,2024,361503714,2,21,4,-1,19,1,5,-1,0,0,0,0,1,0,1,1,-1,1,1,39,7,12809,2,2,MERCEDES MODEL MISSING,4,E01003719,0,5
2024461412561,2024,461412561,1,21,1,-1,5,2,2,-1,0,3,0,0,0,0,3,1,-1,1,1,47,8,10677,2,1,MERCEDES MODEL MISSING,-1,-1,0,-1
2024421454391,2024,421454391,2,21,0,-1,2,0,0,-1,0,0,0,4,0,0,2,1,-1,6,-1,-1,-1,-1,-1,-1,MERCEDES MODEL MISSING,-1,-1,0,-1
2024401507564,2024,401507564,1,11,0,-1,7,5,8,-1,0,4,0,0,0,0,1,1,-1,1,1,54,8,6370,2,16,MERCEDES MODEL MISSING,10,E01023953,0,3
2024010514847,2024,010514847,2,19,0,99,99,9,9,99,99,9,9,99,9,99,0,9,6,6,3,-1,-1,7698,2,6,MERCEDES MODEL MISSING,-1,-1,0,-1
2024070837688,2024,070837688,1,21,1,-1,19,5,1,-1,0,0,4,0,4,9,3,1,-1,1,1,56,9,12809,2,11,MERCEDES MODEL MISSING,2,E01014252,0,4
2024302401172,2024,302401172,1,21,1,18,19,1,5,0,0,0,0,0,0,0,1,1,1,1,1,62,9,11967,2,12,MERCEDES MODEL MISSING,8,E01011066,0,4
202454C856424,2024,54C856424,2,21,0,2,2,0,0,0,0,0,0,0,0,0,2,1,1,1,1,60,9,-1,-1,-1,MERCEDES MODEL MISSING,9,E01031922,0,3
2024332401003,2024,332401003,2,21,0,-1,19,5,1,-1,0,0,1,0,1,4,1,1,-1,1,1,44,7,12809,2,8,MERCEDES MODEL MISSING,4,E01034025,0,2
2024071007071,2024,071007071,1,21,1,-1,19,3,3,-1,0,0,0,0,0,0,2,1,-1,1,1,59,9,10677,2,1,MERCEDES MODEL MISSING,-1,-1,0,-1
2024010546415,2024,010546415,2,21,0,18,19,3,7,0,0,8,0,0,0,0,3,1,1,1,1,47,8,7698,2,6,MERCEDES MODEL MISSING,6,E01002659,0,2
2024010538270,2024,010538270,2,90,0,9,9,1,7,0,0,8,0,0,0,0,3,1,1,1,2,34,6,7698,2,5,MERCEDES MODEL MISSING,3,E01017665,0,4
2024311459523,2024,311459523,2,21,1,-1,19,5,1,-1,0,0,3,0,1,0,3,1,-1,1,1,47,8,12809,2,10,MERCEDES MODEL MISSING,9,E01028415,0,3
2024320061929,2024,320061929,1,21,0,-1,-1,3,7,0,0,2,1,10,0,1,1,1,1,1,1,33,6,10677,2,4,MERCEDES MODEL MISSING,4,E01013663,0,4
2024451522451,2024,451522451,2,21,4,-1,10,3,1,-1,0,4,0,0,0,0,1,1,-1,6,1,-1,-1,12809,2,2,MERCEDES MODEL MISSING,-1,-1,0,-1
2024010536324,2024,010536324,2,21,1,3,3,1,5,0,0,8,0,0,0,0,2,1,1,1,1,44,7,10677,2,2,MERCEDES MODEL MISSING,8,E01034365,0,4
2024010536787,2024,010536787,1,19,0,12,12,1,5,0,0,3,0,0,0,0,1,1,1,1,1,47,8,7698,2,3,MERCEDES MODEL MISSING,-1,-1,0,-1
2024471449540,2024,471449540,2,90,0,-1,2,0,0,-1,0,0,0,0,0,0,2,1,-1,1,1,58,9,7698,2,7,MERCEDES MODEL MISSING,5,E01031631,0,3
2024991493517,2024,991493517,1,11,0,-1,19,3,7,-1,2,0,0,11,0,0,4,1,-1,1,2,64,9,7698,2,5,MERCEDES MODEL MISSING,6,-1,0,4
2024122500222,2024,122500222,2,21,0,3,3,6,2,0,0,1,0,0,0,0,2,1,1,1,1,33,6,10677,2,3,MERCEDES MODEL MISSING,7,E01013406,0,4
2024010510380,2024,010510380,2,21,9,99,99,9,9,99,99,0,9,99,9,99,9,9,6,6,3,74,10,10677,2,9,MERCEDES MODEL MISSING,7,E01027129,0,5
2024361466289,2024,361466289,2,21,0,-1,4,1,5,-1,0,0,0,0,0,0,1,1,-1,1,1,64,9,5132,2,4,MERCEDES MODEL MISSING,1,E01026869,0,4
2024520402339,2024,520402339,1,90,0,18,19,7,4,0,0,0,5,0,0,0,1,1,6,6,1,51,8,2874,2,26,MERCEDES MODEL MISSING,10,E01035419,0,5
2024471483670,2024,471483670,1,90,1,-1,2,3,7,-1,0,0,0,0,0,0,2,1,-1,1,1,24,5,-1,-1,-1,MERCEDES MODEL MISSING,8,E01022765,0,4
2024411578127,2024,411578127,5,21,0,-1,4,7,3,-1,0,0,1,0,0,0,2,1,-1,6,1,-1,-1,10677,2,0,MERCEDES MODEL MISSING,5,E01023936,0,2
2024070797262,2024,070797262,2,21,0,-1,19,7,7,-1,0,1,0,0,0,0,1,1,-1,1,1,65,9,-1,-1,-1,MERCEDES MODEL MISSING,1,E01018522,0,1
2024501449335,2024,501449335,2,21,0,-1,19,5,1,-1,0,0,0,0,0,0,0,9,-1,1,1,56,9,10677,2,2,MERCEDES MODEL MISSING,7,E01019058,0,4
2024471393889,2024,471393889,1,21,0,-1,19,8,4,-1,0,0,1,0,2,0,3,1,-1,1,1,47,8,7698,2,5,MERCEDES MODEL MISSING,7,E01002349,0,4
2024010501639,2024,010501639,1,21,0,18,19,1,5,0,0,2,0,0,0,0,3,1,1,1,1,51,8,7698,2,6,MERCEDES MODEL MISSING,6,E01001641,0,3
2024161525259,2024,161525259,1,21,0,-1,19,7,3,-1,0,0,0,0,1,0,1,1,-1,1,1,32,6,12809,2,4,MERCEDES MODEL MISSING,1,E01012891,0,4
2024211528653,2024,211528653,1,21,0,-1,19,7,3,-1,0,0,0,4,0,0,1,1,-1,1,1,35,6,10677,2,1,MERCEDES MODEL MISSING,1,E01014317,0,1
2024211448275,2024,211448275,3,21,1,-1,19,1,5,-1,0,0,0,0,0,0,3,1,-1,1,1,62,9,10677,2,1,MERCEDES MODEL MISSING,1,E01010294,0,4
2024010503664,2024,010503664,2,90,0,18,19,5,1,0,0,1,0,0,0,0,3,1,6,6,1,34,6,7698,2,4,MERCEDES MODEL MISSING,8,E01002914,0,1
2024440303074,2024,440303074,2,20,0,18,19,5,1,0,0,1,0,0,0,0,1,1,1,1,1,48,8,-1,-1,-1,MERCEDES MODEL MISSING,7,E01022815,0,3
2024361476480,2024,361476480,2,21,1,-1,19,6,2,-1,0,0,0,0,0,0,3,1,-1,1,1,67,10,11967,2,13,MERCEDES MODEL MISSING,10,E01035149,0,3
2024461413281,2024,461413281,1,21,0,-1,9,7,3,-1,0,0,0,0,0,0,3,9,-1,6,1,-1,-1,7698,2,6,MERCEDES MODEL MISSING,2,E01000730,0,3
2024010534517,2024,010534517,1,21,1,18,19,5,1,0,0,1,0,0,0,0,1,1,1,1,1,49,8,10677,2,3,MERCEDES MODEL MISSING,2,E01003336,0,3
2024440235851,2024,440235851,2,21,1,3,3,7,3,0,0,0,0,0,0,0,2,1,1,1,1,51,8,15569,2,5,MERCEDES MODEL MISSING,2,E01021700,0,5
2024440445272,2024,440445272,1,21,1,7,7,1,3,0,0,3,5,0,0,0,3,1,1,1,1,24,5,10677,2,0,MERCEDES MODEL MISSING,4,E01017222,0,2
2024010516193,2024,010516193,1,21,0,99,99,9,9,99,99,0,9,99,9,99,9,9,1,1,1,23,5,7698,2,5,MERCEDES MODEL MISSING,3,E01000046,0,1
202454E396724,2024,54E396724,1,21,1,11,11,3,7,0,0,0,0,0,0,0,4,1,1,1,1,52,8,7698,2,5,MERCEDES MODEL MISSING,8,E01023182,0,4
2024451406497,2024,451406497,1,11,0,-1,5,3,7,-1,0,0,0,0,0,0,0,1,-1,1,1,57,9,7700,2,8,MERCEDES MODEL MISSING,3,E01001326,0,3
2024201483976,2024,201483976,1,21,0,-1,1,5,1,-1,0,2,0,0,0,0,2,9,-1,6,3,-1,-1,11946,2,16,MERCEDES MODEL MISSING,-1,-1,0,-1
2024430085228,2024,430085228,1,19,0,18,19,6,2,0,0,1,0,0,0,0,4,1,6,6,1,31,6,2143,2,8,MERCEDES MODEL MISSING,4,E01016481,0,1
2024052401751,2024,052401751,2,21,0,2,2,0,0,0,0,0,0,0,0,0,2,1,6,6,3,-1,-1,10677,2,5,MERCEDES MODEL MISSING,-1,-1,0,-1
2024122400128,2024,122400128,1,11,1,18,19,8,4,0,0,8,1,0,0,0,4,1,1,1,1,59,9,11967,2,15,MERCEDES MODEL MISSING,7,E01013345,0,1
2024545085724,2024,545085724,2,21,0,18,19,6,2,0,0,0,0,0,0,0,2,1,1,1,1,35,6,10677,2,3,MERCEDES MODEL MISSING,9,E01016543,0,4
2024131452138,2024,131452138,1,21,0,-1,11,3,7,-1,0,0,0,0,0,0,2,1,-1,1,1,58,9,12809,2,2,MERCEDES MODEL MISSING,4,E01016593,0,5
2024122400785,2024,122400785,2,21,1,18,19,6,2,0,0,1,0,0,0,0,4,1,1,1,1,51,8,12809,2,0,MERCEDES MODEL MISSING,10,E01013337,0,3
2024070847449,2024,070847449,2,21,1,-1,19,5,5,-1,0,1,0,0,0,0,2,1,-1,1,1,40,7,12809,2,4,MERCEDES MODEL MISSING,1,E01005613,0,4
2024302400415,2024,302400415,1,20,0,4,4,1,4,0,0,8,0,0,0,0,1,1,1,1,1,38,7,-1,-1,-1,MERCEDES MODEL MISSING,7,E01013672,0,4
2024552400527,2024,552400527,1,21,1,15,15,7,3,0,0,0,0,0,1,10,1,1,6,6,1,58,9,12809,2,9,MERCEDES MODEL MISSING,9,E01020369,0,4
2024131458475,2024,131458475,1,21,0,-1,4,3,7,-1,0,0,0,0,0,0,2,1,-1,1,1,48,8,12809,2,2,MERCEDES MODEL MISSING,2,E01010714,0,4
2024231535090,2024,231535090,2,21,1,-1,2,0,0,-1,0,0,0,0,0,0,2,1,-1,9,1,70,10,12809,2,4,MERCEDES MODEL MISSING,1,E01010680,0,5
2024010544302,2024,010544302,1,21,1,18,19,4,8,0,0,0,0,0,0,0,1,1,6,6,1,43,7,7698,2,7,MERCEDES MODEL MISSING,2,E01015820,0,4
2024440402792,2024,440402792,1,21,0,18,19,7,3,0,0,0,0,0,0,0,2,1,1,1,1,51,8,5132,2,1,MERCEDES MODEL MISSING,3,E01017257,0,4
2024010514518,2024,010514518,1,21,4,7,7,5,8,0,0,4,5,0,0,0,3,1,1,1,1,51,8,12809,2,6,MERCEDES MODEL MISSING,2,E01002528,0,3
2024010531473,2024,010531473,2,20,0,4,4,3,7,0,0,1,0,0,0,0,2,1,1,1,1,55,8,7698,2,1,MERCEDES MODEL MISSING,3,E01003193,0,2
2024371470195,2024,371470195,1,11,0,-1,19,8,4,-1,0,0,0,0,0,0,4,9,-1,1,1,64,9,5100,2,8,MERCEDES MODEL MISSING,7,E01034572,0,4
2024010516856,2024,010516856,1,11,0,18,19,1,5,0,0,1,0,0,0,0,0,1,6,6,1,59,9,6370,2,15,MERCEDES MODEL MISSING,3,E01001980,0,3
2024440030596,2024,440030596,1,20,0,15,15,4,8,0,0,0,0,0,0,0,1,1,1,1,1,32,6,7698,2,8,MERCEDES MODEL MISSING,3,E01020104,0,5
2024010530401,2024,010530401,1,90,0,7,7,7,1,0,0,2,0,0,0,0,4,1,1,1,1,29,6,7698,2,5,MERCEDES MODEL MISSING,2,E01003047,0,1
2024991460613,2024,991460613,2,21,0,-1,19,5,1,-1,0,0,0,0,0,0,1,1,-1,1,1,47,8,7698,2,9,MERCEDES MODEL MISSING,3,-1,0,4
2024361491736,2024,361491736,3,21,1,-1,19,5,1,-1,0,1,1,0,0,0,1,1,-1,1,1,54,8,12809,2,10,MERCEDES MODEL MISSING,5,E01030165,0,4
2024221429123,2024,221429123,2,19,0,-1,19,5,1,-1,0,0,0,0,0,0,1,9,-1,1,1,59,9,5132,2,9,MERCEDES MODEL MISSING,9,E01014094,0,3
2024141523089,2024,141523089,1,20,0,-1,4,5,1,-1,0,0,0,0,0,0,1,1,-1,6,-1,-1,-1,5132,2,9,MERCEDES MODEL MISSING,-1,-1,0,-1
2024221484203,2024,221484203,2,21,1,-1,19,3,7,-1,0,0,0,0,0,0,2,1,-1,1,1,37,7,12809,2,2,MERCEDES MODEL MISSING,7,E01029516,0,4
2024991528647,2024,991528647,3,21,1,-1,2,8,4,-1,0,0,0,0,0,0,2,2,-1,1,1,54,8,-1,-1,-1,MERCEDES MODEL MISSING,10,-1,0,2
2024451493230,2024,451493230,1,21,0,-1,19,3,7,-1,0,0,0,0,0,0,2,1,-1,1,1,55,8,12809,2,2,MERCEDES MODEL MISSING,3,E01024591,0,4
2024311500105,2024,311500105,1,2,0,-1,9,1,5,-1,0,1,1,0,0,0,3,1,-1,2,1,41,7,49,1,4,MAKE AND MODEL REDACTED,-1,-1,0,-1
2024320363831,2024,320363831,1,5,0,-1,-1,3,7,0,0,6,5,0,0,0,0,1,-1,-1,1,57,9,1402,1,21,SUZUKI GSX 1400,7,E01026179,0,1
2024520402974,2024,520402974,1,5,0,18,19,3,7,0,0,0,0,0,0,0,3,1,6,6,1,67,10,1402,1,17,SUZUKI GSX 1400,7,E01032680,0,4
2024302401278,2024,302401278,1,5,0,16,19,1,5,0,0,0,1,0,7,10,1,1,6,6,1,67,10,1402,1,22,SUZUKI GSX 1400,5,E01019724,0,2
2024461481244,2024,461481244,2,3,0,-1,3,5,3,-1,0,0,0,0,0,0,1,1,-1,9,1,61,9,1402,1,22,SUZUKI GSX 1400,5,E01024110,0,1
2024161479518,2024,161479518,2,5,0,-1,19,2,4,-1,0,1,0,0,0,0,4,1,-1,6,1,61,9,1402,1,20,SUZUKI GSX 1400,5,E01028144,0,5
2024122400279,2024,122400279,1,5,0,4,4,3,7,0,0,0,0,0,0,0,2,1,6,6,1,56,9,1402,1,16,SUZUKI GSX 1400,2,E01019505,0,4
2024141441287,2024,141441287,2,5,0,-1,11,7,3,-1,0,3,0,0,1,0,4,1,-1,2,1,62,9,1402,1,19,SUZUKI GSX 1400,3,E01007538,0,2
2024131470404,2024,131470404,2,5,0,-1,9,3,1,-1,0,3,5,0,0,0,1,1,-1,6,1,66,10,1402,1,18,SUZUKI GSX 1400,3,E01011322,0,2
2024041439816,2024,041439816,2,5,0,-1,19,7,3,-1,0,0,0,0,0,0,4,1,-1,9,1,62,9,1402,1,19,SUZUKI GSX 1400,10,E01025015,0,1
2024122401169,2024,122401169,2,5,0,15,15,1,5,0,0,0,0,0,0,0,1,1,6,6,1,67,10,1402,1,18,SUZUKI GSX 1400,6,E01007554,0,4
2024311420694,2024,311420694,1,9,0,-1,19,2,6,-1,0,0,0,0,0,0,1,1,-1,6,1,36,7,2494,2,17,TOYOTA HILUX,3,E01028224,0,1
2024440210786,2024,440210786,1,9,0,7,7,8,2,0,0,6,0,0,0,0,3,1,6,6,1,65,9,2982,2,15,TOYOTA HILUX,10,E01022989,0,1
2024461512399,2024,461512399,1,9,4,-1,9,7,3,-1,0,0,0,0,0,0,3,1,-1,1,2,58,9,2393,2,4,TOYOTA HILUX,8,E01021230,0,3
2024991419429,2024,991419429,1,9,0,-1,5,5,2,-1,0,2,0,0,1,0,3,1,-1,1,1,62,9,2393,2,1,TOYOTA HILUX,8,-1,0,4
2024461530638,2024,461530638,1,9,0,-1,9,5,4,-1,0,0,0,0,0,0,4,1,-1,6,1,67,10,2982,2,13,TOYOTA HILUX,3,E01024591,0,1
2024461429362,2024,461429362,2,9,0,-1,19,1,5,-1,0,1,5,0,7,0,4,2,-1,2,1,66,10,2982,2,9,TOYOTA HILUX,5,E01024038,0,1
2024501495180,2024,501495180,1,9,0,-1,9,6,2,-1,0,5,0,0,0,0,3,1,-1,2,2,40,7,2982,2,16,TOYOTA HILUX,8,E01018805,0,2
2024351490955,2024,351490955,2,9,0,-1,19,7,3,-1,0,0,0,0,0,0,0,1,-1,9,1,44,7,2393,2,0,TOYOTA HILUX,7,E01034671,0,5
2024991490978,2024,991490978,2,9,0,-1,19,7,3,-1,0,0,0,0,0,0,4,1,-1,6,1,54,8,2755,2,1,TOYOTA HILUX,6,-1,0,3
2024131507945,2024,131507945,2,9,0,-1,7,1,5,-1,0,3,5,0,0,0,4,1,-1,1,1,48,8,2755,2,1,TOYOTA HILUX,1,E01012648,0,4
2024161407576,2024,161407576,2,9,0,-1,7,3,7,-1,0,1,0,0,0,0,4,1,-1,6,1,-1,-1,2393,2,4,TOYOTA HILUX,-1,-1,0,-1
2024361521281,2024,361521281,1,9,0,-1,7,5,8,-1,9,0,0,0,0,0,1,2,-1,1,1,60,9,2494,2,9,TOYOTA HILUX,2,E01018068,0,3
2024231516217,2024,231516217,2,9,0,-1,19,7,3,-1,0,0,0,0,0,0,1,1,-1,1,1,22,5,2494,2,11,TOYOTA HILUX,9,E01033251,0,2
202460Q020747,2024,60Q020747,1,9,0,3,3,1,6,0,0,4,0,0,0,0,1,1,6,6,1,29,6,2755,2,1,TOYOTA HILUX,-1,-1,0,-1
2024211507873,2024,211507873,1,9,0,-1,19,8,4,-1,0,0,0,0,0,0,1,1,-1,9,1,69,10,2494,2,22,TOYOTA HILUX,10,E01033168,0,4
2024231452516,2024,231452516,2,9,0,-1,19,6,2,-1,0,3,0,0,0,0,4,1,-1,6,1,26,6,2755,2,1,TOYOTA HILUX,5,E01031190,0,1
2024122400623,2024,122400623,1,9,0,9,9,5,3,0,0,8,0,0,0,0,1,1,6,6,2,74,10,2982,2,8,TOYOTA HILUX,9,E01033185,0,1
2024531499026,2024,531499026,1,9,0,-1,9,8,6,-1,0,5,0,0,0,0,1,9,-1,6,1,69,10,2393,2,4,TOYOTA HILUX,5,E01032294,0,4
2024010524780,2024,010524780,2,9,0,99,99,9,9,99,99,5,9,99,9,99,9,9,6,6,3,-1,-1,2393,2,1,TOYOTA HILUX,-1,-1,0,-1
2024991455086,2024,991455086,2,9,0,-1,19,8,4,-1,0,0,0,0,0,0,1,1,-1,6,1,51,8,2494,2,12,TOYOTA HILUX,8,-1,0,5
2024440487162,2024,440487162,2,9,0,18,19,5,1,0,0,3,0,0,0,0,4,1,6,6,1,24,5,2494,2,11,TOYOTA HILUX,-1,-1,0,-1
2024440499830,2024,440499830,2,9,0,17,19,2,6,0,0,0,0,0,0,0,1,1,2,2,1,42,7,2982,2,13,TOYOTA HILUX,10,E01023222,0,1
2024201493903,2024,201493903,2,9,0,-1,9,4,1,-1,0,5,0,0,0,0,1,1,-1,6,1,33,6,2393,2,3,TOYOTA HILUX,7,E01032170,0,3
2024361407465,2024,361407465,1,9,0,-1,9,4,2,-1,0,8,0,0,0,0,1,1,-1,2,1,57,9,2393,2,4,TOYOTA HILUX,5,E01026970,0,5
2024141521961,2024,141521961,2,9,0,-1,19,1,5,-1,0,1,0,0,0,0,1,1,-1,2,1,35,6,2393,2,6,TOYOTA HILUX,1,E01007791,0,3
2024320720049,2024,320720049,1,9,0,-1,-1,3,7,0,0,1,0,0,0,0,1,1,1,1,1,37,7,2755,2,2,TOYOTA HILUX,9,E01026022,0,3
2024501502310,2024,501502310,1,9,0,-1,19,5,1,-1,0,0,0,0,0,0,1,1,-1,2,1,48,8,2393,2,5,TOYOTA HILUX,8,E01033480,0,5
2024320343605,2024,320343605,1,9,0,-1,-1,6,2,0,0,8,0,0,0,0,1,1,6,6,1,33,6,2393,2,7,TOYOTA HILUX,6,E01026326,0,2
2024231519698,2024,231519698,1,9,0,-1,1,2,6,-1,0,0,0,0,0,0,2,1,-1,1,1,18,4,2393,2,4,TOYOTA HILUX,5,E01010256,0,4
2024141524020,2024,141524020,1,9,0,-1,19,3,7,-1,0,0,1,0,0,0,1,1,-1,9,1,17,4,2755,2,2,TOYOTA HILUX,5,E01025662,0,5
2024052402660,2024,052402660,2,9,0,7,7,1,5,0,0,8,0,0,0,0,4,1,1,1,1,52,8,2393,2,2,TOYOTA HILUX,8,E01019765,0,4
2024411412308,2024,411412308,2,9,-1,-1,-1,-1,-1,-1,-1,-1,-1,-1,-1,0,-1,9,-1,6,1,54,8,2755,2,3,TOYOTA HILUX,10,E01023889,0,2
2024451524470,2024,451524470,3,9,0,-1,2,3,7,-1,0,0,0,0,0,0,2,1,-1,2,1,59,9,2393,2,0,TOYOTA HILUX,5,E01023095,0,2
2024131482069,2024,131482069,1,9,0,-1,9,1,5,-1,0,2,1,0,0,0,4,1,-1,9,1,25,5,2494,2,9,TOYOTA HILUX,1,E01011917,0,1
2024101506037,2024,101506037,1,9,0,-1,9,7,5,-1,0,5,0,0,0,0,1,9,-1,6,1,-1,-1,2982,2,12,TOYOTA HILUX,9,E01027449,0,2
2024991406016,2024,991406016,1,9,0,-1,19,8,4,-1,0,0,0,0,0,0,1,1,-1,9,1,57,9,2393,2,8,TOYOTA HILUX,-1,-1,0,-1
2024302400589,2024,302400589,2,9,0,2,2,0,0,0,0,0,0,0,0,0,2,1,1,1,1,-1,-1,2393,2,5,TOYOTA HILUX,5,E01019456,0,4
2024221414547,2024,221414547,1,9,0,-1,7,5,7,-1,0,4,0,0,0,0,2,9,-1,6,1,76,11,2393,2,4,TOYOTA HILUX,-1,-1,0,-1
2024461477854,2024,461477854,1,9,0,-1,19,8,3,-1,0,0,5,0,0,0,1,1,-1,6,2,20,4,2494,2,15,TOYOTA HILUX,7,E01024803,0,1
2024031499045,2024,031499045,1,9,0,-1,19,3,7,-1,0,0,0,0,1,0,1,1,-1,9,1,58,9,2982,2,15,TOYOTA HILUX,6,E01019381,0,1
2024522500078,2024,522500078,2,9,0,18,19,7,3,0,0,8,0,0,0,0,4,1,6,6,2,33,6,2393,2,3,TOYOTA HILUX,7,E01029089,0,2
2024471440986,2024,471440986,2,9,0,-1,19,5,1,-1,0,2,0,0,0,0,1,1,-1,9,1,49,8,2494,2,14,TOYOTA HILUX,2,E01031437,0,1