collision_index,collision_year,collision_ref_no,vehicle_reference,vehicle_type,towing_and_articulation,vehicle_manoeuvre_historic,vehicle_manoeuvre,vehicle_direction_from,vehicle_direction_to,vehicle_location_restricted_lane_historic,vehicle_location_restricted_lane,junction_location,skidding_and_overturning,hit_object_in_carriageway,vehicle_leaving_carriageway,hit_object_off_carriageway,first_point_of_impact,vehicle_left_hand_drive,journey_purpose_of_driver_historic,journey_purpose_of_driver,sex_of_driver,age_of_driver,age_band_of_driver,engine_capacity_cc,propulsion_code,age_of_vehicle,generic_make_model,driver_imd_decile,lsoa_of_driver,escooter_flag,driver_distance_banding
2024361473483,2024,361473483,2,9,0,-1,2,0,0,-1,0,0,0,0,1,0,2,1,-1,6,-1,-1,-1,2755,2,3,TOYOTA HILUX,-1,-1,0,-1
2024991430791,2024,991430791,1,9,0,-1,19,2,6,-1,0,0,2,0,7,0,4,1,-1,9,1,25,5,2393,2,5,TOYOTA HILUX,6,-1,0,2
2024991516625,2024,991516625,2,9,0,-1,19,8,4,-1,0,0,0,0,0,0,2,1,-1,9,1,37,7,2982,2,13,TOYOTA HILUX,5,-1,0,4
2024471466400,2024,471466400,2,9,0,-1,19,2,6,-1,0,0,0,0,1,3,3,1,-1,1,1,21,5,2393,2,7,TOYOTA HILUX,7,E01031626,0,3
2024631471750,2024,631471750,3,9,0,-1,19,6,2,-1,0,0,0,0,0,0,1,1,-1,1,1,20,4,2494,2,15,TOYOTA HILUX,6,W01001961,0,4
2024471420329,2024,471420329,1,9,0,-1,1,8,4,-1,0,1,0,0,0,0,2,1,-1,1,1,56,9,2393,2,5,TOYOTA HILUX,10,E01031735,0,4
2024991451008,2024,991451008,2,9,4,-1,19,5,1,-1,0,0,0,0,0,0,0,1,-1,1,1,67,10,2393,2,7,TOYOTA HILUX,6,-1,0,1
2024631527460,2024,631527460,1,9,0,-1,19,6,2,-1,0,0,0,0,0,0,1,1,-1,6,1,22,5,2393,2,8,TOYOTA HILUX,7,W01000704,0,1
2024552400846,2024,552400846,1,9,0,18,19,8,4,0,0,0,0,4,0,0,1,1,6,6,1,77,11,2494,2,15,TOYOTA HILUX,3,E01020543,0,2
2024010504150,2024,010504150,1,9,0,1,1,7,3,0,0,0,0,0,0,0,2,1,6,6,3,-1,-1,2393,2,0,TOYOTA HILUX,-1,-1,0,-1
2024552401392,2024,552401392,1,9,0,18,19,4,8,0,0,0,1,0,7,4,1,1,6,6,1,68,10,2494,2,20,TOYOTA HILUX,6,E01020442,0,1
2024991442712,2024,991442712,2,9,4,-1,19,1,5,-1,0,1,0,0,0,0,1,1,-1,1,1,67,10,2393,2,0,TOYOTA HILUX,5,-1,0,4
2024531496644,2024,531496644,1,9,0,-1,9,1,1,-1,0,8,0,0,0,0,1,1,-1,9,1,66,10,2494,2,14,TOYOTA HILUX,6,E01022175,0,2
2024141411041,2024,141411041,1,9,0,-1,19,1,5,-1,0,2,0,0,0,0,2,1,-1,9,1,35,6,2982,2,10,TOYOTA HILUX,1,E01007764,0,1
2024340WN2112,2024,340WN2112,1,9,0,-1,9,3,7,-1,0,0,0,0,0,0,3,1,-1,1,1,37,7,2494,2,22,TOYOTA HILUX,9,E01017649,0,3
2024991437542,2024,991437542,1,9,0,-1,12,8,4,-1,0,0,0,0,0,0,1,1,-1,2,1,39,7,2393,2,2,TOYOTA HILUX,4,-1,0,3
2024451476658,2024,451476658,1,9,0,-1,19,1,5,-1,0,0,0,0,0,0,0,9,-1,6,1,35,6,2982,2,10,TOYOTA HILUX,10,E01030392,0,1
2024471459180,2024,471459180,1,9,0,-1,19,2,6,-1,0,1,0,0,0,0,4,1,-1,9,1,68,10,2393,2,8,TOYOTA HILUX,4,E01016955,0,1
2024411404803,2024,411404803,1,9,-1,-1,19,3,7,-1,0,1,0,0,0,0,1,1,-1,6,1,54,8,2393,2,4,TOYOTA HILUX,9,E01015811,0,3
2024531394913,2024,531394913,1,9,0,-1,19,5,1,-1,0,0,0,0,0,0,1,9,-1,9,1,34,6,2982,2,10,TOYOTA HILUX,6,E01022442,0,1
2024010518110,2024,010518110,2,9,0,99,99,9,9,99,99,9,9,99,9,99,1,9,6,6,3,-1,-1,2755,2,0,TOYOTA HILUX,-1,-1,0,-1
2024471453548,2024,471453548,2,9,0,-1,19,2,6,-1,0,8,0,0,0,0,1,1,-1,6,1,41,7,2755,2,3,TOYOTA HILUX,7,E01020988,0,2
2024421479751,2024,421479751,1,9,0,-1,5,3,7,-1,0,0,0,0,0,0,3,1,-1,2,1,52,8,2494,2,9,TOYOTA HILUX,4,E01017543,0,4
2024351536888,2024,351536888,1,9,0,-1,19,8,5,-1,0,0,1,0,1,11,1,1,-1,6,1,33,6,2393,2,6,TOYOTA HILUX,8,E01018268,0,1
2024010517562,2024,010517562,2,90,9,99,99,9,9,0,0,0,9,99,9,99,4,9,6,6,3,-1,-1,-1,-1,-1,TOYOTA HILUX,-1,-1,0,-1
2024552400606,2024,552400606,1,9,0,18,19,3,7,7,6,5,2,4,1,0,4,1,6,6,2,51,8,2446,2,23,TOYOTA HILUX,6,E01020549,0,3
202460Q096599,2024,60Q096599,1,9,0,16,19,6,2,0,0,0,1,0,0,0,1,1,2,2,1,29,6,2494,2,13,TOYOTA HILUX,-1,-1,0,-1
2024141400056,2024,141400056,1,9,0,-1,19,2,1,-1,0,0,1,0,1,9,1,1,-1,1,1,18,4,2494,2,10,TOYOTA HILUX,8,E01007618,0,1
2024421515572,2024,421515572,1,9,4,-1,19,4,7,-1,0,0,1,0,0,0,4,1,-1,6,1,33,6,2393,2,8,TOYOTA HILUX,3,E01022054,0,3
2024421498861,2024,421498861,1,9,0,-1,19,1,5,-1,0,0,0,0,1,0,1,2,-1,6,-1,-1,-1,2755,2,1,TOYOTA HILUX,-1,-1,0,-1
2024131521741,2024,131521741,1,9,0,-1,9,8,2,-1,0,6,-1,0,0,0,1,1,-1,6,3,-1,-1,2494,2,22,TOYOTA HILUX,-1,-1,0,-1
2024440287858,2024,440287858,2,9,0,18,19,1,5,0,0,1,0,0,0,0,1,1,6,6,1,-1,-1,2494,2,20,TOYOTA HILUX,-1,-1,0,-1
2024411448924,2024,411448924,1,9,0,-1,19,5,1,-1,0,0,5,0,0,0,3,1,-1,6,1,29,6,2393,2,5,TOYOTA HILUX,2,E01015754,0,4
2024430448741,2024,430448741,1,9,0,16,19,6,2,0,0,0,1,0,1,1,1,1,1,1,1,37,7,2393,2,1,TOYOTA HILUX,6,E01009040,0,4
2024531510654,2024,531510654,1,9,0,-1,19,7,3,-1,0,0,2,0,7,11,1,1,-1,9,1,21,5,2982,2,16,TOYOTA HILUX,7,E01022179,0,4
2024451509169,2024,451509169,2,9,0,-1,4,3,7,-1,0,0,0,0,0,0,2,1,-1,6,3,60,9,3000,2,26,TOYOTA HILUX,7,E01030527,0,1
2024991492185,2024,991492185,1,9,0,-1,13,3,7,-1,0,8,0,0,0,0,4,1,-1,9,1,64,9,2494,2,9,TOYOTA HILUX,7,-1,0,5
2024111495121,2024,111495121,1,9,0,-1,9,7,5,-1,0,8,0,0,0,0,1,1,-1,6,1,55,8,2393,2,6,TOYOTA HILUX,7,E01011959,0,1
2024161455970,2024,161455970,2,9,0,-1,19,2,8,-1,0,1,0,0,0,0,3,1,-1,9,1,67,10,2755,2,3,TOYOTA HILUX,7,E01013020,0,4
2024461421851,2024,461421851,1,9,0,-1,19,3,7,-1,0,0,0,0,0,0,1,9,-1,6,3,-1,-1,2982,2,12,TOYOTA HILUX,-1,-1,0,-1
2024031441363,2024,031441363,3,9,0,-1,19,5,1,-1,0,0,0,0,0,0,3,1,-1,9,1,63,9,2982,2,11,TOYOTA HILUX,7,E01019350,0,1
2024421503458,2024,421503458,1,9,0,-1,19,3,7,-1,0,0,2,0,1,9,1,1,-1,6,1,41,7,2494,2,12,TOYOTA HILUX,4,E01022048,0,3
2024501467521,2024,501467521,1,9,0,-1,19,8,4,-1,0,0,0,0,0,0,1,1,-1,2,1,26,6,2982,2,13,TOYOTA HILUX,3,E01018784,0,3
2024320218411,2024,320218411,1,9,0,-1,-1,7,3,0,0,0,0,0,0,0,4,1,-1,-1,1,32,6,2755,2,2,TOYOTA HILUX,5,E01026298,0,1
2024302401375,2024,302401375,1,9,0,9,9,6,4,0,0,6,0,0,0,0,3,1,6,6,2,44,7,2393,2,6,TOYOTA HILUX,5,E01013509,0,1
2024610031724,2024,610031724,1,9,0,18,19,7,3,0,0,4,1,0,0,0,1,1,6,6,1,21,5,2755,2,2,TOYOTA HILUX,8,W01001565,0,3
2024070420097,2024,070420097,2,9,0,18,19,1,5,0,0,0,5,0,0,0,1,1,2,2,1,42,7,2755,2,1,TOYOTA HILUX,-1,-1,0,-1
2024361538952,2024,361538952,1,9,4,-1,5,7,3,-1,0,4,0,0,0,0,1,1,-1,1,1,23,5,2393,2,6,TOYOTA HILUX,7,E01026514,0,3
2024440324496,2024,440324496,1,9,0,17,19,1,6,0,0,0,0,0,0,0,3,1,1,1,1,26,6,2393,2,3,TOYOTA HILUX,8,E01023232,0,2
2024440280497,2024,440280497,2,9,0,18,19,2,6,0,0,1,0,0,0,0,1,1,6,6,1,28,6,2393,2,3,TOYOTA HILUX,1,E01017245,0,2
2024501510970,2024,501510970,1,9,0,-1,19,7,3,-1,0,1,1,0,7,10,1,1,-1,2,1,44,7,2755,2,2,TOYOTA HILUX,1,E01018767,0,2
2024421442864,2024,421442864,2,9,0,-1,19,5,1,-1,0,1,0,0,0,0,3,1,-1,2,1,43,7,2980,2,28,TOYOTA HILUX,4,E01021842,0,1
2024461492462,2024,461492462,1,9,0,-1,9,1,8,-1,0,5,0,0,0,0,1,1,-1,7,2,63,9,2755,2,2,TOYOTA HILUX,1,E01024496,0,1
2024201455018,2024,201455018,1,9,0,-1,19,6,2,-1,0,1,0,0,0,0,4,9,-1,6,1,41,7,2755,2,2,TOYOTA HILUX,4,E01009879,0,2
2024461462918,2024,461462918,1,9,0,-1,3,1,5,-1,5,1,0,0,0,0,1,9,-1,6,1,32,6,2494,2,16,TOYOTA HILUX,5,E01024198,0,1
2024461426330,2024,461426330,1,9,0,-1,19,1,5,-1,0,2,0,0,0,0,4,1,-1,1,1,24,5,2982,2,11,TOYOTA HILUX,10,E01016085,0,2
2024031406848,2024,031406848,1,9,0,-1,19,1,5,-1,0,0,0,0,0,0,1,1,-1,6,1,38,7,2982,2,14,TOYOTA HILUX,6,E01019319,0,2
2024520401890,2024,520401890,2,9,0,18,19,6,2,0,0,0,0,0,0,0,3,1,6,6,1,31,6,2393,2,1,TOYOTA HILUX,10,E01029308,0,1
2024461414000,2024,461414000,1,9,0,-1,19,6,2,-1,0,0,5,0,1,0,1,1,-1,9,1,17,4,2494,2,9,TOYOTA HILUX,7,E01035328,0,4
2024411545255,2024,411545255,1,9,0,-1,19,5,1,-1,0,0,0,4,0,0,1,1,-1,6,1,63,9,2755,2,2,TOYOTA HILUX,4,E01023393,0,3
2024421460144,2024,421460144,3,9,0,-1,19,8,4,-1,0,0,0,0,1,0,3,1,-1,1,1,53,8,2393,2,6,TOYOTA HILUX,5,E01021796,0,2
2024131520053,2024,131520053,2,9,0,-1,5,1,1,-1,0,0,0,0,0,0,4,1,-1,6,1,44,7,2982,2,13,TOYOTA HILUX,6,E01027915,0,3
2024010503837,2024,010503837,2,9,0,99,99,9,9,99,99,9,9,99,9,99,9,9,6,6,3,-1,-1,2982,2,9,TOYOTA HILUX,1,E01015932,0,4
2024070164698,2024,070164698,1,9,4,18,19,4,8,0,0,1,0,0,0,0,1,1,1,1,2,22,5,2755,2,3,TOYOTA HILUX,8,E01018586,0,4
2024991463681,2024,991463681,2,9,0,-1,19,2,6,-1,0,0,0,0,0,0,1,1,-1,6,1,58,9,2755,2,1,TOYOTA HILUX,7,-1,0,1
2024302400495,2024,302400495,2,9,0,9,9,7,5,0,0,0,0,0,0,0,1,1,6,6,1,71,10,2982,2,11,TOYOTA HILUX,9,E01019731,0,1
2024141491696,2024,141491696,1,9,0,-1,19,1,5,-1,0,8,0,0,0,0,1,1,-1,9,1,59,9,2494,2,14,TOYOTA HILUX,3,E01007488,0,1
2024122400987,2024,122400987,1,9,0,9,9,3,1,0,0,6,0,0,0,0,3,1,6,6,1,34,6,2755,2,0,TOYOTA HILUX,8,E01004586,0,5
2024401506831,2024,401506831,2,9,-1,-1,-1,-1,-1,-1,-1,0,-1,-1,-1,0,-1,9,-1,6,1,18,4,2494,2,16,TOYOTA HILUX,4,E01023584,0,4
2024552401101,2024,552401101,2,9,0,18,19,2,6,0,0,0,0,0,1,10,3,1,6,6,2,61,9,2982,2,11,TOYOTA HILUX,5,E01020529,0,2
2024421516196,2024,421516196,1,9,0,-1,14,4,8,-1,0,0,0,0,0,0,1,1,-1,9,1,39,7,2982,2,11,TOYOTA HILUX,9,E01021643,0,1
2024351445042,2024,351445042,1,9,0,-1,19,7,2,-1,0,1,0,0,0,0,1,1,-1,1,1,32,6,2982,2,17,TOYOTA HILUX,3,E01018090,0,1
2024991428537,2024,991428537,1,9,0,-1,19,3,7,-1,0,0,0,0,7,4,1,1,-1,6,1,47,8,2393,2,7,TOYOTA HILUX,-1,-1,0,-1
2024991475707,2024,991475707,1,9,0,-1,13,8,4,-1,0,0,0,0,0,0,3,1,-1,6,1,52,8,2755,2,1,TOYOTA HILUX,2,-1,0,4
2024131447791,2024,131447791,1,9,0,-1,19,5,1,-1,0,2,0,0,0,0,1,1,-1,1,1,52,8,2393,2,8,TOYOTA HILUX,10,E01021757,0,5
2024010503902,2024,010503902,1,19,0,99,99,9,9,99,99,9,9,99,9,99,1,9,6,6,1,57,9,3500,1,36,TOYOTA HILUX,9,E01003854,0,1
2024131463171,2024,131463171,2,9,0,-1,19,3,7,-1,0,0,0,0,0,0,2,1,-1,1,1,33,6,2393,2,5,TOYOTA HILUX,10,E01007617,0,4
2024131519225,2024,131519225,2,9,0,-1,2,0,0,-1,0,0,0,0,0,0,0,1,-1,6,-1,-1,-1,2982,2,15,TOYOTA HILUX,-1,-1,0,-1
2024631489247,2024,631489247,1,9,5,-1,13,3,7,-1,0,0,0,0,0,0,0,1,-1,9,1,66,10,2982,2,13,TOYOTA HILUX,5,W01000541,0,2
2024471524606,2024,471524606,1,9,0,-1,19,7,3,-1,0,0,0,0,1,11,1,1,-1,6,1,60,9,2982,2,16,TOYOTA HILUX,6,E01035322,0,1
2024131415179,2024,131415179,1,9,0,-1,19,5,1,-1,0,1,0,0,0,0,3,1,-1,2,1,20,4,2755,2,4,TOYOTA HILUX,1,E01010611,0,1
2024552500138,2024,552500138,1,9,0,9,9,2,8,9,9,1,0,0,0,0,1,1,6,6,1,44,7,2393,2,0,TOYOTA HILUX,7,E01015311,0,1
2024201516410,2024,201516410,1,9,0,-1,19,1,5,-1,0,0,0,0,0,0,1,1,-1,6,1,52,8,2494,2,10,TOYOTA HILUX,3,E01009178,0,2
2024061540734,2024,061540734,1,9,0,-1,9,3,1,-1,0,8,0,0,0,0,1,9,-1,6,3,-1,-1,2393,2,8,TOYOTA HILUX,-1,-1,0,-1
2024991448260,2024,991448260,2,9,0,-1,19,1,5,-1,0,8,0,0,0,0,1,1,-1,9,1,51,8,2393,2,5,TOYOTA HILUX,5,-1,0,1
2024501451547,2024,501451547,1,9,0,-1,4,3,7,-1,0,1,0,0,0,0,1,9,-1,6,1,27,6,2982,2,11,TOYOTA HILUX,4,E01020309,0,4
2024552400769,2024,552400769,1,9,0,17,19,4,2,0,0,0,0,0,0,0,1,1,6,6,3,-1,-1,2393,2,5,TOYOTA HILUX,-1,-1,0,-1
2024991541203,2024,991541203,2,9,0,-1,19,7,3,-1,0,0,0,0,0,0,1,1,-1,1,1,61,9,2393,2,1,TOYOTA HILUX,4,-1,0,4
2024122400952,2024,122400952,1,9,4,18,19,5,1,0,0,0,0,0,0,0,2,1,6,6,1,59,9,2755,2,2,TOYOTA HILUX,6,E01027562,0,2
2024451504815,2024,451504815,1,9,0,-1,19,5,1,-1,0,0,0,0,0,0,1,1,-1,1,1,27,6,2982,2,10,TOYOTA HILUX,10,E01030923,0,1
2024010522264,2024,010522264,1,9,0,18,19,1,5,0,0,2,0,0,0,0,0,1,2,2,1,42,7,2755,2,0,TOYOTA HILUX,3,E01000405,0,3
2024430239270,2024,430239270,2,9,0,17,19,4,1,0,0,0,0,0,0,0,3,1,1,1,1,30,6,2393,2,7,TOYOTA HILUX,2,E01023397,0,4
2024320424202,2024,320424202,1,9,4,10,10,3,1,0,0,8,0,0,0,0,2,1,1,1,1,36,7,2755,2,1,TOYOTA HILUX,-1,-1,0,-1
2024501456231,2024,501456231,2,9,0,-1,19,1,5,-1,0,0,1,0,0,0,1,1,-1,6,2,28,6,2446,2,24,TOYOTA HILUX,7,E01020258,0,2
2024041477755,2024,041477755,2,9,0,-1,19,5,1,-1,0,0,5,0,0,0,4,1,-1,2,1,32,6,2755,2,1,TOYOTA HILUX,7,E01025487,0,2
2024131403978,2024,131403978,2,9,0,-1,2,0,0,-1,0,0,0,0,0,0,2,1,-1,1,1,52,8,2494,2,11,TOYOTA HILUX,4,E01011876,0,1
2024461523375,2024,461523375,1,9,0,-1,9,2,8,-1,9,1,0,11,1,1,1,1,-1,9,1,56,9,2494,2,10,TOYOTA HILUX,8,E01024053,0,1
2024221498216,2024,221498216,2,9,0,-1,19,5,2,-1,0,8,0,0,0,0,1,1,-1,6,1,55,8,2494,2,19,TOYOTA HILUX,6,E01014032,0,1
2024501424720,2024,501424720,2,9,0,-1,19,3,7,-1,0,0,5,4,2,9,1,1,-1,1,1,26,6,2494,2,9,TOYOTA HILUX,4,E01018968,0,2
2024302401287,2024,302401287,1,9,0,6,6,5,5,0,0,0,0,0,0,0,2,1,1,1,1,35,6,2755,2,3,TOYOTA HILUX,10,E01013465,0,1
2024991493173,2024,991493173,3,9,4,-1,19,6,2,-1,0,0,0,0,0,0,2,1,-1,6,1,61,9,2393,2,2,TOYOTA HILUX,6,-1,0,5
2024211523839,2024,211523839,1,9,4,-1,19,7,3,-1,0,0,2,0,8,0,1,1,-1,6,-1,20,4,2982,2,12,TOYOTA HILUX,-1,-1,0,-1
2024501463665,2024,501463665,1,9,0,-1,19,4,7,-1,0,0,0,0,1,10,1,1,-1,1,2,30,6,2494,2,10,TOYOTA HILUX,4,E01020098,0,1
2024471533771,2024,471533771,1,9,0,-1,19,7,2,-1,0,0,0,0,0,0,1,1,-1,6,1,69,10,2494,2,16,TOYOTA HILUX,5,E01031392,0,1
2024010544538,2024,010544538,1,9,0,4,4,5,1,0,0,0,0,0,0,0,2,1,6,6,1,58,9,2755,2,3,TOYOTA HILUX,3,E01002672,0,3
2024351506444,2024,351506444,1,9,0,-1,1,-1,-1,-1,0,0,0,0,0,0,2,9,-1,6,3,-1,-1,2393,2,1,TOYOTA HILUX,-1,-1,0,-1
2024631468883,2024,631468883,2,9,0,-1,4,6,2,-1,0,0,0,0,0,0,2,1,-1,9,1,61,9,2982,2,16,TOYOTA HILUX,9,E01013592,0,5
2024141452926,2024,141452926,1,9,0,-1,19,4,8,-1,0,0,0,0,0,0,1,1,-1,6,3,-1,-1,2982,2,16,TOYOTA HILUX,-1,-1,0,-1
2024411406467,2024,411406467,2,9,4,-1,9,5,1,-1,0,0,0,0,0,0,2,1,-1,1,1,57,9,2393,2,7,TOYOTA HILUX,8,E01023590,0,1
2024131422856,2024,131422856,3,9,0,-1,15,7,3,-1,0,1,0,0,0,0,0,1,-1,6,3,-1,-1,2755,2,3,TOYOTA HILUX,-1,-1,0,-1
2024631439278,2024,631439278,1,9,0,-1,19,7,4,-1,0,0,0,0,1,4,1,1,-1,6,1,38,7,2982,2,9,TOYOTA HILUX,7,W01000464,0,3
2024991406615,2024,991406615,1,9,0,-1,19,3,7,-1,0,0,0,0,0,0,1,1,-1,9,1,49,8,2393,2,3,TOYOTA HILUX,2,-1,0,3
2024501502265,2024,501502265,1,9,4,-1,19,7,3,-1,0,0,1,0,0,0,1,1,-1,1,2,58,9,2494,2,10,TOYOTA HILUX,6,E01020056,0,3
202460Q144407,2024,60Q144407,1,9,0,18,19,7,3,9,9,0,0,0,0,0,4,1,6,6,1,-1,-1,2393,2,5,TOYOTA HILUX,-1,-1,0,-1
2024041442682,2024,041442682,1,9,0,-1,1,5,1,-1,0,0,0,0,0,0,2,1,-1,9,1,45,7,2393,2,7,TOYOTA HILUX,5,E01007669,0,4
2024501514866,2024,501514866,1,9,0,-1,19,1,5,-1,0,0,1,0,2,10,3,2,-1,1,1,29,6,2494,2,14,TOYOTA HILUX,8,E01020156,0,1
2024010507588,2024,010507588,2,9,9,99,99,9,9,99,99,9,9,99,9,99,9,9,6,6,3,-1,-1,2393,2,5,TOYOTA HILUX,-1,-1,0,-1
2024631477878,2024,631477878,1,9,0,-1,19,1,4,-1,0,0,0,0,2,10,1,1,-1,1,1,45,7,2494,2,22,TOYOTA HILUX,8,W01000440,0,1
2024131423164,2024,131423164,1,9,0,-1,-1,-1,-1,-1,-1,-1,-1,-1,-1,-1,-1,1,-1,6,3,-1,-1,2393,2,2,TOYOTA HILUX,-1,-1,0,-1
2024501416345,2024,501416345,2,9,0,-1,19,2,3,-1,0,1,0,0,0,0,1,9,-1,9,1,59,9,2755,2,1,TOYOTA HILUX,4,E01020303,0,3
2024421506888,2024,421506888,1,9,0,-1,-1,-1,-1,-1,-1,0,-1,-1,-1,0,-1,9,-1,6,3,-1,-1,2393,2,5,TOYOTA HILUX,-1,-1,0,-1
2024361507827,2024,361507827,2,9,0,-1,19,3,7,-1,0,0,0,0,0,0,1,1,-1,9,1,30,6,2982,2,14,TOYOTA HILUX,4,E01026643,0,4
2024991516559,2024,991516559,1,9,0,-1,4,4,7,-1,0,2,0,0,0,0,1,1,-1,6,1,40,7,2755,2,2,TOYOTA HILUX,-1,-1,0,-1
2024351439769,2024,351439769,3,9,-1,-1,-1,-1,-1,-1,-1,0,-1,-1,-1,0,-1,9,-1,6,1,57,9,2393,2,0,TOYOTA HILUX,3,E01030115,0,3
2024991479273,2024,991479273,2,9,0,-1,9,2,8,-1,0,5,0,0,0,0,3,1,-1,2,1,31,6,2393,2,5,TOYOTA HILUX,6,-1,0,1
2024141447120,2024,141447120,1,9,0,-1,19,3,7,-1,0,1,0,0,0,0,1,1,-1,1,1,43,7,2755,2,2,TOYOTA HILUX,10,E01007896,0,2
202460Q122953,2024,60Q122953,1,9,0,18,19,4,8,0,0,1,0,0,0,0,1,1,2,2,1,55,8,2982,2,9,TOYOTA HILUX,-1,-1,0,-1
2024461404057,2024,461404057,2,9,0,-1,19,5,1,-1,0,1,0,0,0,0,1,9,-1,9,1,48,8,2755,2,1,TOYOTA HILUX,4,E01016055,0,1
2024520002245,2024,520002245,1,9,0,17,19,-1,-1,0,0,0,0,0,0,0,2,1,6,6,1,32,6,2393,2,4,TOYOTA HILUX,6,E01029057,0,1
2024631527842,2024,631527842,4,9,0,-1,2,0,0,-1,9,2,0,0,0,0,2,1,-1,6,-1,-1,-1,2393,2,7,TOYOTA HILUX,-1,-1,0,-1
2024211487103,2024,211487103,3,9,4,-1,19,3,1,-1,0,1,0,0,0,0,1,1,-1,1,1,22,5,2393,2,3,TOYOTA HILUX,1,E01013484,0,4
2024991473150,2024,991473150,1,9,0,-1,19,8,4,-1,0,0,0,0,1,9,1,1,-1,6,1,67,10,2393,2,6,TOYOTA HILUX,6,-1,0,4
2024991473299,2024,991473299,1,9,0,-1,9,4,2,-1,0,5,0,0,1,0,3,1,-1,2,1,42,7,2393,2,4,TOYOTA HILUX,6,-1,0,1
2024631468861,2024,631468861,1,9,0,-1,19,8,4,-1,0,0,5,0,1,9,1,1,-1,6,1,53,8,2494,2,19,TOYOTA HILUX,5,W01000543,0,1
2024070724685,2024,070724685,2,9,0,-1,19,2,4,-1,0,1,0,0,0,0,4,1,-1,9,1,77,11,2755,2,1,TOYOTA HILUX,6,E01018722,0,1
2024302400203,2024,302400203,2,9,0,18,19,8,4,0,0,8,0,0,0,0,1,1,2,2,1,21,5,2755,2,3,TOYOTA HILUX,1,E01012284,0,5
2024401492102,2024,401492102,1,9,4,-1,19,8,4,-1,0,0,1,0,0,0,1,1,-1,2,1,53,8,2755,2,1,TOYOTA HILUX,9,E01017590,0,1
2024231407489,2024,231407489,3,9,0,-1,4,8,4,-1,0,1,0,0,0,0,1,1,-1,9,2,54,8,2494,2,11,TOYOTA HILUX,6,E01031031,0,1
2024991511411,2024,991511411,1,9,0,-1,19,1,5,-1,0,0,5,0,1,1,1,1,-1,1,1,57,9,2393,2,1,TOYOTA HILUX,4,-1,0,4
2024371432827,2024,371432827,1,9,0,-1,4,3,7,-1,0,0,0,0,0,0,1,1,-1,2,1,56,9,2393,2,5,TOYOTA HILUX,5,E01030016,0,1
2024520002434,2024,520002434,2,9,0,18,19,7,3,0,0,0,0,0,0,0,1,1,6,6,3,-1,-1,2494,2,19,TOYOTA HILUX,-1,-1,0,-1
2024361494017,2024,361494017,3,9,0,-1,3,7,3,-1,0,1,0,0,0,0,1,1,-1,9,1,36,7,2494,2,19,TOYOTA HILUX,1,E01030277,0,4
2024421523406,2024,421523406,1,9,0,-1,19,7,3,-1,0,0,0,0,0,0,1,1,-1,9,1,64,9,2982,2,10,TOYOTA HILUX,-1,-1,0,-1
2024440276074,2024,440276074,2,9,0,18,19,7,3,0,0,8,0,0,0,0,1,1,6,6,1,-1,-1,2982,2,17,TOYOTA HILUX,-1,-1,0,-1
2024991449979,2024,991449979,1,9,0,-1,19,2,6,-1,0,4,0,0,0,0,1,1,-1,1,1,24,5,2755,2,0,TOYOTA HILUX,7,-1,0,1
2024221513366,2024,221513366,3,9,0,-1,10,4,1,-1,0,8,0,0,0,0,2,1,-1,1,1,47,8,2755,2,1,TOYOTA HILUX,4,E01014024,0,4
2024411421102,2024,411421102,2,9,0,-1,19,7,3,-1,0,2,0,0,0,0,1,1,-1,2,1,32,6,2393,2,6,TOYOTA HILUX,5,E01015748,0,3
2024531476773,2024,531476773,1,9,0,-1,19,6,2,-1,9,0,0,0,0,0,4,9,-1,6,2,31,6,2494,2,9,TOYOTA HILUX,10,E01022197,0,3
2024471462878,2024,471462878,1,9,0,-1,9,3,1,-1,0,2,0,0,0,0,3,1,-1,1,1,69,10,2494,2,21,TOYOTA HILUX,3,E01016921,0,1
2024531480317,2024,531480317,1,9,0,-1,19,5,1,-1,0,0,5,0,1,0,4,1,-1,9,1,59,9,2982,2,9,TOYOTA HILUX,6,E01022201,0,1
2024101466184,2024,101466184,1,9,0,-1,19,3,7,-1,0,0,2,10,0,0,1,1,-1,6,2,26,6,2755,2,0,TOYOTA HILUX,6,E01027484,0,2
2024231509493,2024,231509493,2,9,0,-1,19,1,5,-1,0,8,0,0,0,0,1,1,-1,6,1,23,5,2982,2,14,TOYOTA HILUX,5,E01024628,0,5
2024991417378,2024,991417378,1,9,0,-1,19,1,5,-1,0,0,0,0,0,0,1,1,-1,1,1,18,4,2393,2,7,TOYOTA HILUX,10,-1,0,5
2024010501855,2024,010501855,2,9,9,99,99,9,9,99,99,9,9,99,9,99,9,9,6,6,1,37,7,2393,2,1,TOYOTA HILUX,3,E01001759,0,1
2024371431554,2024,371431554,2,9,0,-1,2,0,0,-1,0,0,0,4,0,0,3,1,-1,6,-1,-1,-1,2982,2,15,TOYOTA HILUX,-1,-1,0,-1
2024320198612,2024,320198612,2,9,4,2,2,0,0,0,0,0,0,0,0,0,2,1,-1,-1,1,65,9,2982,2,12,TOYOTA HILUX,2,E01026050,0,4
2024061518752,2024,061518752,1,9,0,-1,4,2,6,-1,0,0,0,0,0,0,3,9,-1,6,1,-1,-1,2393,2,7,TOYOTA HILUX,3,E01006272,0,1
2024991477031,2024,991477031,2,9,0,-1,19,5,1,-1,0,1,0,0,0,0,1,1,-1,9,1,39,7,2393,2,2,TOYOTA HILUX,6,-1,0,3
2024991425926,2024,991425926,1,9,0,-1,19,7,3,-1,0,6,0,0,0,0,3,1,-1,9,2,57,9,2494,2,9,TOYOTA HILUX,6,-1,0,5