collision_index,collision_year,collision_ref_no,vehicle_reference,vehicle_type,towing_and_articulation,vehicle_manoeuvre_historic,vehicle_manoeuvre,vehicle_direction_from,vehicle_direction_to,vehicle_location_restricted_lane_historic,vehicle_location_restricted_lane,junction_location,skidding_and_overturning,hit_object_in_carriageway,vehicle_leaving_carriageway,hit_object_off_carriageway,first_point_of_impact,vehicle_left_hand_drive,journey_purpose_of_driver_historic,journey_purpose_of_driver,sex_of_driver,age_of_driver,age_band_of_driver,engine_capacity_cc,propulsion_code,age_of_vehicle,generic_make_model,driver_imd_decile,lsoa_of_driver,escooter_flag,driver_distance_banding
2024010512145,2024,010512145,1,9,0,18,19,1,5,0,0,1,1,0,0,0,1,1,1,1,1,25,5,2993,2,9,BMW 5 SERIES,4,E01000113,0,1
2024010539112,2024,010539112,2,9,9,18,19,1,5,99,99,9,9,99,9,99,9,9,6,6,3,-1,-1,1995,2,9,BMW 5 SERIES,6,E01016477,0,3
2024122400756,2024,122400756,2,9,0,5,5,7,3,0,0,8,0,0,0,0,3,1,6,6,2,52,8,1995,2,10,BMW 5 SERIES,5,E01013437,0,1
2024010526720,2024,010526720,1,9,0,9,9,3,1,0,0,6,0,0,0,0,1,1,6,6,1,25,5,1995,-1,4,BMW 5 SERIES,3,E01003490,0,1
2024221399998,2024,221399998,1,9,0,-1,4,4,8,-1,0,0,0,0,0,0,1,9,-1,6,1,-1,-1,1995,2,12,BMW 5 SERIES,-1,-1,0,-1
2024991524535,2024,991524535,1,9,0,-1,5,4,1,-1,0,4,0,0,0,0,0,1,-1,1,1,42,7,2993,12,3,BMW 5 SERIES,6,-1,0,2
2024471422611,2024,471422611,1,9,0,-1,19,7,3,-1,0,0,0,0,0,0,3,1,-1,6,1,65,9,1998,8,0,BMW 5 SERIES,6,E01031538,0,2
2024010505888,2024,010505888,2,9,0,99,99,9,9,99,99,9,9,99,9,99,1,9,6,6,3,-1,-1,1995,2,5,BMW 5 SERIES,-1,-1,0,-1
2024010517082,2024,010517082,1,9,0,18,19,3,7,0,0,4,0,0,0,0,1,1,6,6,2,43,7,1995,2,5,BMW 5 SERIES,2,E01032744,0,1
2024201434641,2024,201434641,2,9,0,-1,3,7,3,-1,0,8,0,0,0,0,2,1,-1,9,1,57,9,2993,2,14,BMW 5 SERIES,2,E01010016,0,1
2024010528031,2024,010528031,1,9,0,2,2,0,0,0,0,0,0,0,0,0,3,2,6,6,3,-1,-1,2171,1,22,BMW 5 SERIES,-1,-1,0,-1
2024201525125,2024,201525125,1,9,0,-1,15,6,1,-1,0,0,0,0,0,0,4,1,-1,6,1,37,7,1995,2,8,BMW 5 SERIES,1,E01009272,0,2
2024201520996,2024,201520996,1,9,0,-1,9,4,8,-1,0,3,0,0,0,0,1,1,-1,6,1,38,7,1995,2,13,BMW 5 SERIES,2,E01010064,0,1
2024010530729,2024,010530729,2,9,0,12,12,7,3,0,0,1,0,0,0,0,0,1,1,1,1,31,6,2993,2,4,BMW 5 SERIES,3,E01003221,0,2
2024010531295,2024,010531295,2,9,0,18,19,5,1,0,0,5,0,0,0,0,4,1,1,1,1,34,6,2993,12,3,BMW 5 SERIES,4,E01000472,0,2
2024111533918,2024,111533918,2,9,0,-1,19,2,6,-1,0,0,0,0,0,0,1,1,-1,1,1,22,5,1995,2,19,BMW 5 SERIES,5,E01020726,0,3
2024340NN2582,2024,340NN2582,1,9,0,-1,9,5,3,-1,0,1,0,0,0,0,2,1,-1,6,1,43,7,1998,1,6,BMW 5 SERIES,3,E01034591,0,4
2024332401084,2024,332401084,3,9,0,-1,19,5,1,-1,0,1,0,0,0,0,1,1,-1,9,1,39,7,2993,2,11,BMW 5 SERIES,4,E01013786,0,1
2024440395994,2024,440395994,1,9,0,18,19,5,1,0,0,8,0,0,3,11,1,1,6,6,1,31,6,1998,8,6,BMW 5 SERIES,6,E01017212,0,1
2024201523995,2024,201523995,1,9,0,-1,19,6,2,-1,0,1,0,0,0,0,1,9,-1,6,3,-1,-1,2497,2,20,BMW 5 SERIES,-1,-1,0,-1
2024440073740,2024,440073740,2,9,0,18,19,2,6,0,0,0,0,0,0,0,1,1,6,6,2,27,6,1998,1,6,BMW 5 SERIES,-1,-1,0,-1
2024010516314,2024,010516314,2,9,0,2,2,0,0,0,0,2,0,0,0,0,4,1,6,6,3,-1,-1,2979,1,11,BMW 5 SERIES,-1,-1,0,-1
2024010517603,2024,010517603,2,9,0,18,19,7,3,0,0,8,0,0,0,0,1,1,6,6,3,-1,-1,1995,2,14,BMW 5 SERIES,-1,-1,0,-1
2024461504458,2024,461504458,1,9,0,-1,19,5,1,-1,0,0,0,0,0,0,1,9,-1,6,1,-1,-1,2993,2,17,BMW 5 SERIES,2,E01024599,0,4
2024010519458,2024,010519458,1,9,0,18,19,5,1,0,0,0,0,0,0,0,0,1,1,1,2,51,8,1998,1,5,BMW 5 SERIES,5,E01003666,0,3
2024010510788,2024,010510788,1,9,0,18,19,5,1,0,0,8,0,0,0,0,2,9,6,6,1,73,10,2979,1,10,BMW 5 SERIES,5,E01033788,0,3
2024161420725,2024,161420725,2,9,0,-1,9,5,4,-1,0,8,0,0,0,0,4,1,-1,2,1,26,6,1995,2,12,BMW 5 SERIES,4,E01012816,0,1
2024471406018,2024,471406018,1,9,0,-1,19,8,6,-1,0,4,0,9,7,0,1,1,-1,7,1,55,8,1995,2,11,BMW 5 SERIES,9,E01031625,0,3
2024430594057,2024,430594057,1,9,0,18,19,4,8,0,0,0,2,0,5,6,3,1,6,6,1,26,6,2996,1,17,BMW 5 SERIES,6,E01028497,0,2
2024430423799,2024,430423799,1,9,0,2,2,0,0,0,0,0,0,0,0,0,4,1,6,6,1,40,7,1998,8,7,BMW 5 SERIES,2,E01000863,0,4
2024552400719,2024,552400719,1,9,0,18,19,8,4,0,0,0,0,0,0,0,1,1,6,6,2,31,6,2993,2,20,BMW 5 SERIES,6,E01020439,0,1
2024010506111,2024,010506111,2,9,0,4,4,7,3,0,0,0,1,0,0,0,2,1,6,6,1,22,5,1995,2,5,BMW 5 SERIES,8,E01002414,0,3
2024522402477,2024,522402477,1,9,0,9,9,4,1,0,0,5,0,0,0,0,4,1,6,6,1,40,7,1995,2,9,BMW 5 SERIES,4,E01033342,0,2
2024451440025,2024,451440025,1,9,0,-1,19,1,5,-1,0,8,0,0,0,0,1,1,-1,2,1,60,9,1998,8,3,BMW 5 SERIES,6,E01003003,0,3
2024010505395,2024,010505395,3,9,0,18,19,1,5,0,0,0,0,0,0,0,0,1,1,1,1,32,6,2993,2,4,BMW 5 SERIES,5,E01003666,0,1
2024430223843,2024,430223843,1,9,0,18,19,4,8,0,0,4,0,0,0,0,3,1,6,6,1,44,7,1995,2,14,BMW 5 SERIES,7,E01016495,0,1
2024041496601,2024,041496601,2,9,0,-1,19,5,1,-1,0,1,0,0,0,0,3,1,-1,9,2,31,6,1995,2,17,BMW 5 SERIES,6,E01025562,0,2
2024041497131,2024,041497131,4,9,0,-1,2,0,0,-1,0,1,0,0,0,0,2,1,-1,6,-1,-1,-1,1995,2,12,BMW 5 SERIES,-1,-1,0,-1
2024552401300,2024,552401300,3,9,0,4,4,2,6,0,0,0,0,0,0,0,2,1,6,6,1,35,6,1998,8,5,BMW 5 SERIES,8,E01020344,0,1
2024320444318,2024,320444318,1,9,0,9,9,4,2,0,0,6,0,0,0,0,1,1,6,6,1,81,11,1995,2,13,BMW 5 SERIES,6,E01026020,0,1
2024522403111,2024,522403111,1,9,0,18,19,3,6,0,0,0,2,7,1,4,1,1,6,6,1,24,5,2993,2,17,BMW 5 SERIES,5,E01016390,0,5
2024201527697,2024,201527697,1,9,0,-1,19,5,1,-1,0,0,0,0,0,0,1,9,-1,1,1,18,4,2000,2,13,BMW 5 SERIES,2,E01010448,0,1
2024122400944,2024,122400944,1,9,0,13,13,7,3,0,0,1,0,0,0,0,1,1,6,6,2,47,8,1995,2,7,BMW 5 SERIES,9,E01027882,0,1
2024201433427,2024,201433427,2,9,0,-1,19,7,3,-1,0,1,0,0,0,0,1,9,-1,9,1,40,7,1995,2,6,BMW 5 SERIES,1,E01008907,0,1
2024552401053,2024,552401053,1,9,0,6,6,3,3,0,0,8,0,0,0,0,4,1,6,6,1,31,6,2993,2,7,BMW 5 SERIES,6,E01023762,0,5
2024010511242,2024,010511242,1,9,0,18,19,7,3,0,0,0,0,0,0,0,0,1,2,2,1,31,6,1998,1,5,BMW 5 SERIES,3,E01003221,0,2
2024522401593,2024,522401593,2,9,0,18,19,5,1,0,0,0,0,0,0,0,1,1,6,6,3,-1,-1,1995,2,9,BMW 5 SERIES,-1,-1,0,-1
2024440374316,2024,440374316,2,9,0,7,7,1,3,0,0,5,0,0,0,0,4,1,6,6,1,26,6,1995,2,11,BMW 5 SERIES,3,E01022680,0,2
2024221484123,2024,221484123,1,9,0,-1,11,2,8,-1,0,3,0,0,0,0,4,1,-1,6,3,30,6,1995,2,19,BMW 5 SERIES,-1,-1,0,-1
2024101422440,2024,101422440,1,9,0,-1,19,1,5,-1,0,0,0,0,0,0,1,9,-1,6,1,40,7,1995,2,10,BMW 5 SERIES,-1,-1,0,-1
2024361534117,2024,361534117,1,9,0,-1,19,5,5,-1,0,1,0,0,6,0,1,1,-1,6,1,21,5,1991,1,25,BMW 5 SERIES,1,E01026687,0,1
2024991439617,2024,991439617,3,9,0,-1,19,4,8,-1,0,1,0,0,0,0,0,1,-1,1,1,35,6,2993,12,3,BMW 5 SERIES,-1,-1,0,-1
2024061527191,2024,061527191,1,9,0,-1,1,-1,-1,-1,99,2,0,4,0,0,3,1,-1,6,1,33,6,2993,2,17,BMW 5 SERIES,7,E01005468,0,3
2024332400573,2024,332400573,1,9,0,-1,19,1,5,-1,0,4,5,0,1,4,1,1,-1,6,1,42,7,2993,2,14,BMW 5 SERIES,6,E01025652,0,3
2024201478515,2024,201478515,1,9,0,-1,1,3,7,-1,4,1,0,0,0,0,2,1,-1,6,1,-1,-1,2993,2,7,BMW 5 SERIES,-1,-1,0,-1
2024101478527,2024,101478527,1,9,0,-1,9,7,4,-1,0,6,0,0,0,0,4,1,-1,6,1,52,8,1995,2,17,BMW 5 SERIES,1,E01008382,0,1
2024061488523,2024,061488523,1,9,0,-1,19,5,1,-1,0,0,0,0,0,0,1,1,-1,9,1,37,7,1995,2,13,BMW 5 SERIES,6,E01033684,0,1
2024451439229,2024,451439229,1,9,0,-1,9,1,5,-1,0,1,0,0,0,0,3,1,-1,9,1,47,8,1995,2,15,BMW 5 SERIES,9,E01030978,0,1
2024302500094,2024,302500094,2,9,0,-1,7,3,5,-1,0,8,0,0,0,0,3,1,-1,1,2,47,8,2993,2,14,BMW 5 SERIES,10,E01033375,0,4
2024010505908,2024,010505908,1,9,0,18,19,6,2,0,0,1,0,0,7,0,4,1,6,6,1,56,9,2497,1,18,BMW 5 SERIES,3,E01000195,0,2
2024430610315,2024,430610315,1,9,0,18,19,4,8,0,0,0,0,0,0,0,1,1,6,6,1,35,6,2993,2,17,BMW 5 SERIES,8,E01032966,0,4
2024061479646,2024,061479646,1,9,0,-1,19,3,8,-1,0,0,0,0,0,0,1,1,-1,6,1,40,7,1995,2,11,BMW 5 SERIES,2,E01012482,0,4
2024302500094,2024,302500094,1,9,0,-1,19,7,5,-1,0,8,0,0,0,0,1,1,-1,1,1,47,8,1995,2,9,BMW 5 SERIES,5,E01019873,0,2
2024031455485,2024,031455485,2,9,0,-1,9,7,5,-1,0,6,0,0,0,0,1,1,-1,6,1,68,10,1995,2,13,BMW 5 SERIES,4,E01019127,0,4
2024052401069,2024,052401069,1,9,0,18,19,8,4,0,0,0,0,0,0,0,3,1,6,6,1,89,11,1995,2,6,BMW 5 SERIES,3,E01006998,0,1
2024430600087,2024,430600087,1,9,0,18,19,1,5,0,0,6,0,0,3,7,1,1,2,2,1,42,7,1995,2,7,BMW 5 SERIES,-1,-1,0,-1
2024061395650,2024,061395650,1,9,0,-1,9,7,5,-1,0,1,0,0,0,0,1,1,-1,9,1,50,8,1995,2,15,BMW 5 SERIES,3,E01005975,0,1
2024010543143,2024,010543143,1,9,0,-1,-1,5,1,0,0,3,0,0,0,0,4,1,2,2,1,46,8,2494,1,20,BMW 5 SERIES,2,E01001653,0,1
2024010514306,2024,010514306,2,9,0,18,19,4,8,0,0,1,0,0,0,0,0,1,1,1,1,48,8,2993,-1,3,BMW 5 SERIES,-1,-1,0,-1
2024311450644,2024,311450644,1,9,0,-1,19,5,5,-1,0,0,0,0,7,2,1,1,-1,6,2,33,6,2497,2,20,BMW 5 SERIES,2,E01027955,0,1
2024201523564,2024,201523564,2,9,0,-1,5,2,2,-1,0,8,0,0,0,0,2,9,-1,2,1,27,6,1998,8,6,BMW 5 SERIES,-1,-1,0,-1
2024371506895,2024,371506895,2,9,0,-1,19,3,7,-1,0,0,0,0,0,0,3,1,-1,2,1,59,9,1995,2,8,BMW 5 SERIES,7,E01029902,0,1
2024991444604,2024,991444604,2,9,0,-1,19,4,8,-1,0,0,0,0,0,0,1,1,-1,6,1,57,9,1995,2,10,BMW 5 SERIES,8,-1,0,2
2024070402886,2024,070402886,1,9,0,18,19,5,1,0,0,0,0,0,0,0,3,1,3,7,2,41,7,1995,2,10,BMW 5 SERIES,8,E01018510,0,1
2024361524539,2024,361524539,1,9,0,-1,19,5,1,-1,0,8,0,0,0,0,4,1,-1,9,1,24,5,2993,2,14,BMW 5 SERIES,6,E01034437,0,5
2024440277789,2024,440277789,2,9,0,4,4,8,4,0,0,0,0,0,0,0,2,1,6,6,1,44,7,2993,2,6,BMW 5 SERIES,10,E01016526,0,4
2024991478599,2024,991478599,2,9,0,-1,19,5,2,-1,0,2,0,0,0,0,1,1,-1,9,2,58,9,1995,2,7,BMW 5 SERIES,-1,-1,0,-1
2024552400059,2024,552400059,1,9,0,17,19,4,2,0,0,0,2,0,2,1,1,1,1,1,1,32,6,2993,2,6,BMW 5 SERIES,6,E01020586,0,4
2024101539467,2024,101539467,1,9,0,-1,3,4,8,-1,0,0,0,0,0,0,2,1,-1,6,1,39,7,1995,2,14,BMW 5 SERIES,3,E01008508,0,1
2024451407924,2024,451407924,1,9,0,-1,19,7,3,-1,0,0,1,0,8,0,1,1,-1,6,1,31,6,2000,2,14,BMW 5 SERIES,1,E01009101,0,5
2024340NN2342,2024,340NN2342,1,9,0,-1,19,7,4,-1,0,8,0,0,0,0,1,1,-1,2,1,38,7,2993,2,5,BMW 5 SERIES,7,E01035393,0,1
2024440362375,2024,440362375,2,9,0,18,19,5,1,0,0,1,0,0,0,0,1,1,6,6,3,-1,-1,1995,2,12,BMW 5 SERIES,-1,-1,0,-1
2024010503193,2024,010503193,2,9,0,10,10,1,7,0,0,8,0,0,0,0,0,1,6,6,1,-1,-1,1995,2,5,BMW 5 SERIES,-1,-1,0,-1
2024010514963,2024,010514963,1,9,0,18,19,4,8,0,0,4,0,0,0,0,0,1,6,6,1,39,7,2993,2,4,BMW 5 SERIES,-1,-1,0,-1
2024351429521,2024,351429521,2,9,0,-1,19,7,4,-1,0,0,0,0,0,0,0,1,-1,1,1,-1,-1,2993,2,4,BMW 5 SERIES,6,E01034437,0,2
2024461397033,2024,461397033,2,9,0,-1,19,3,6,-1,0,0,1,0,0,0,3,9,-1,9,2,47,8,1995,2,10,BMW 5 SERIES,3,E01035675,0,4
2024010514306,2024,010514306,3,9,0,18,19,8,4,0,0,1,0,0,0,0,1,1,6,6,1,25,5,1995,2,9,BMW 5 SERIES,7,E01000898,0,1
2024451464158,2024,451464158,1,9,0,-1,19,5,1,-1,0,2,0,0,0,0,1,1,-1,7,1,41,7,2993,2,19,BMW 5 SERIES,4,E01030816,0,1
2024010531463,2024,010531463,2,9,0,4,4,5,1,0,0,1,0,0,0,0,2,1,6,6,1,45,7,1995,-1,5,BMW 5 SERIES,-1,-1,0,-1
2024471411285,2024,471411285,2,9,0,-1,2,0,0,-1,0,0,0,0,0,0,3,1,-1,6,-1,-1,-1,1995,2,7,BMW 5 SERIES,-1,-1,0,-1
2024622400286,2024,622400286,1,9,0,18,19,4,1,0,0,0,0,0,0,0,1,1,1,1,1,-1,-1,2993,2,5,BMW 5 SERIES,4,W01001229,0,2
2024010508488,2024,010508488,2,9,0,3,3,1,5,0,0,1,0,10,0,0,3,1,1,1,1,39,7,1995,2,8,BMW 5 SERIES,-1,-1,0,-1
2024010508098,2024,010508098,1,9,0,3,3,3,7,0,0,1,0,0,0,0,2,1,2,2,2,24,5,1995,2,7,BMW 5 SERIES,2,E01003633,0,2
2024010525352,2024,010525352,2,9,0,18,19,5,1,0,0,0,0,0,0,0,1,1,6,6,1,49,8,2497,1,17,BMW 5 SERIES,2,E01003266,0,2
2024010488696,2024,010488696,3,9,0,18,19,1,5,0,0,1,0,0,0,0,0,1,6,6,1,29,6,2993,2,4,BMW 5 SERIES,7,E01003456,0,1
2024411430812,2024,411430812,1,9,0,-1,19,3,7,-1,0,4,0,0,0,0,3,1,-1,6,2,43,7,1995,2,9,BMW 5 SERIES,7,E01023944,0,3
2024991533575,2024,991533575,2,9,0,-1,9,3,2,-1,0,1,0,0,0,0,3,1,-1,6,1,29,6,2497,2,21,BMW 5 SERIES,2,-1,0,1
2024311431760,2024,311431760,2,9,0,-1,19,5,1,-1,0,8,0,0,0,0,1,9,-1,9,1,55,8,1995,2,9,BMW 5 SERIES,3,E01019052,0,5
2024320462881,2024,320462881,4,9,0,-1,-1,2,6,0,0,1,0,0,0,0,0,1,-1,-1,1,41,7,2993,12,2,BMW 5 SERIES,9,E01026371,0,4
2024991454572,2024,991454572,2,9,0,-1,19,1,5,-1,0,0,0,0,5,6,4,1,-1,8,1,44,7,2993,12,3,BMW 5 SERIES,5,-1,0,4
2024622400863,2024,622400863,1,9,0,9,9,7,5,0,0,5,0,0,0,0,4,1,6,6,1,37,7,2993,2,15,BMW 5 SERIES,3,W01001946,0,1
2024122500070,2024,122500070,1,9,0,18,19,5,1,0,0,6,0,0,0,0,4,1,6,6,1,23,5,1995,2,14,BMW 5 SERIES,1,E01011344,0,4
2024501535889,2024,501535889,2,9,-1,-1,-1,-1,-1,-1,-1,-1,-1,-1,-1,0,-1,9,-1,6,1,36,7,2497,2,21,BMW 5 SERIES,4,E01018874,0,2
2024010516963,2024,010516963,2,9,9,99,99,9,9,0,0,0,9,99,9,99,9,9,6,6,3,-1,-1,1995,2,7,BMW 5 SERIES,-1,-1,0,-1
2024471468438,2024,471468438,1,9,0,-1,9,2,5,-1,0,1,0,0,0,0,-1,9,-1,6,1,68,10,2993,2,18,BMW 5 SERIES,4,E01033329,0,1
2024010502585,2024,010502585,2,9,0,8,8,1,2,0,0,2,0,0,0,0,4,1,6,6,1,35,6,1995,2,10,BMW 5 SERIES,-1,-1,0,-1
2024440453333,2024,440453333,1,9,0,4,4,8,4,0,0,0,0,0,0,0,2,1,1,1,1,-1,-1,2993,2,4,BMW 5 SERIES,-1,-1,0,-1
2024010505572,2024,010505572,1,9,0,5,5,7,3,0,0,8,0,0,0,0,3,1,6,6,3,-1,-1,1995,2,5,BMW 5 SERIES,-1,-1,0,-1
2024010494560,2024,010494560,1,9,5,18,19,1,5,0,0,0,0,0,0,0,2,1,6,6,1,26,6,1998,8,5,BMW 5 SERIES,4,E01024429,0,4
2024461397494,2024,461397494,1,9,0,-1,1,1,5,-1,0,0,0,0,0,0,2,9,-1,6,3,-1,-1,1995,2,15,BMW 5 SERIES,-1,-1,0,-1
2024311408595,2024,311408595,2,9,0,-1,4,3,7,-1,0,0,0,0,0,0,2,1,-1,6,1,28,6,2993,2,20,BMW 5 SERIES,10,E01019703,0,2
2024010539270,2024,010539270,1,9,0,10,10,3,1,0,0,1,0,0,0,0,2,1,2,2,1,44,7,1995,2,10,BMW 5 SERIES,7,E01003903,0,3
2024010524437,2024,010524437,1,9,0,4,4,5,1,0,0,1,0,0,1,0,4,1,1,1,1,60,9,1998,8,5,BMW 5 SERIES,3,E01002045,0,2
2024010513643,2024,010513643,2,9,0,9,9,1,7,0,0,2,0,0,1,0,1,1,6,6,1,34,6,1995,2,9,BMW 5 SERIES,5,E01030725,0,4
2024311499907,2024,311499907,2,9,0,-1,14,3,7,-1,0,0,0,0,0,0,1,1,-1,8,1,43,7,2993,2,4,BMW 5 SERIES,5,E01028189,0,3
2024201435947,2024,201435947,1,9,0,-1,13,4,8,-1,0,0,0,0,0,0,1,9,-1,6,3,-1,-1,2993,2,20,BMW 5 SERIES,-1,-1,0,-1
2024010504511,2024,010504511,1,9,0,18,19,7,3,0,0,1,0,0,0,0,0,1,6,6,1,33,6,2993,2,4,BMW 5 SERIES,3,E01001215,0,2
2024320769192,2024,320769192,2,9,0,3,3,1,5,0,0,0,0,0,0,0,2,1,6,6,2,37,7,1995,2,14,BMW 5 SERIES,5,E01026407,0,2
2024131412839,2024,131412839,1,9,0,-1,19,3,7,-1,0,0,1,0,5,0,1,1,-1,2,1,47,8,1995,-1,4,BMW 5 SERIES,3,E01005360,0,2
2024010518527,2024,010518527,3,9,0,18,19,2,6,0,0,1,0,0,0,0,4,1,1,1,1,34,6,1998,1,4,BMW 5 SERIES,5,E01003666,0,3
2024011570196,2024,011570196,1,9,0,-1,3,1,5,-1,0,1,0,0,0,0,2,1,-1,9,1,25,5,1998,8,1,BMW 5 SERIES,-1,-1,0,-1
2024201475460,2024,201475460,1,9,0,-1,19,2,3,-1,0,0,0,0,0,0,1,1,-1,6,2,40,7,1995,2,12,BMW 5 SERIES,-1,-1,0,-1
2024430085357,2024,430085357,2,9,0,18,19,8,4,0,0,0,0,0,0,0,1,1,6,6,1,62,9,2497,2,18,BMW 5 SERIES,9,E01002108,0,4
2024221407012,2024,221407012,2,9,0,-1,19,3,7,-1,0,0,0,0,0,0,0,1,-1,1,1,45,7,2993,12,3,BMW 5 SERIES,9,E01032400,0,4
2024141410724,2024,141410724,1,9,0,-1,4,5,1,-1,0,0,0,2,1,1,1,1,-1,9,1,46,8,1998,8,5,BMW 5 SERIES,-1,-1,0,-1
2024131488427,2024,131488427,1,9,0,-1,19,-1,-1,-1,0,0,0,0,0,0,2,1,-1,6,3,-1,-1,1995,2,6,BMW 5 SERIES,-1,-1,0,-1
2024471493644,2024,471493644,1,9,0,-1,19,3,7,-1,0,0,0,0,0,0,4,1,-1,1,1,54,8,2993,12,4,BMW 5 SERIES,9,E01031391,0,4
2024070856171,2024,070856171,1,9,0,-1,4,2,6,-1,0,1,0,0,0,0,4,1,-1,1,1,37,7,1995,2,11,BMW 5 SERIES,2,E01018553,0,1
2024221474081,2024,221474081,2,9,0,-1,4,6,2,-1,0,0,0,0,0,0,1,1,-1,1,1,30,6,2993,12,4,BMW 5 SERIES,3,E01032157,0,3
2024430119439,2024,430119439,1,9,0,18,19,2,6,0,0,1,0,0,0,0,1,1,6,6,1,30,6,1995,2,12,BMW 5 SERIES,6,E01027073,0,4
2024991490778,2024,991490778,3,9,0,-1,19,7,3,-1,0,0,0,0,0,0,1,1,-1,1,1,32,6,2993,12,3,BMW 5 SERIES,-1,-1,0,-1
2024421525024,2024,421525024,2,8,0,-1,3,-1,-1,-1,99,0,0,0,0,0,4,1,-1,2,1,50,8,1995,2,11,BMW 5 SERIES,4,E01021863,0,1
2024010547680,2024,010547680,2,9,0,5,5,3,7,0,0,1,0,0,0,0,1,1,6,6,1,32,6,1998,8,5,BMW 5 SERIES,2,E01004222,0,1
2024131450894,2024,131450894,1,9,0,-1,9,7,5,-1,0,0,0,0,0,0,1,1,-1,9,2,42,7,2993,2,12,BMW 5 SERIES,2,E01011558,0,2
2024010538401,2024,010538401,2,9,0,3,3,1,5,0,0,1,0,4,0,0,4,1,6,6,1,65,9,2993,2,10,BMW 5 SERIES,4,E01001156,0,2
2024010504421,2024,010504421,2,9,0,99,99,9,9,99,99,9,9,99,9,99,9,9,6,6,3,-1,-1,1995,2,9,BMW 5 SERIES,-1,-1,0,-1
2024231418361,2024,231418361,2,9,0,-1,2,0,0,-1,0,0,0,0,0,0,4,1,-1,6,2,45,7,1995,2,6,BMW 5 SERIES,10,E01033252,0,1
2024471485505,2024,471485505,1,9,0,-1,5,3,7,-1,0,1,0,0,0,0,1,1,-1,6,1,45,7,1998,8,5,BMW 5 SERIES,5,E01016857,0,1
2024440101122,2024,440101122,2,9,0,18,19,4,8,0,0,0,0,0,0,0,2,1,6,6,1,50,8,2497,2,21,BMW 5 SERIES,9,E01032860,0,4
2024430085633,2024,430085633,4,9,0,18,19,1,5,0,0,0,0,0,1,0,1,1,6,6,1,66,10,2979,1,22,BMW 5 SERIES,6,E01002674,0,4
2024991431852,2024,991431852,2,9,0,-1,19,7,3,-1,0,0,0,0,0,0,1,1,-1,9,1,44,7,2926,2,23,BMW 5 SERIES,7,-1,0,2
2024010535875,2024,010535875,1,9,0,99,99,9,9,99,99,9,9,99,9,99,1,9,6,6,3,-1,-1,2979,1,23,BMW 5 SERIES,-1,-1,0,-1
2024031480011,2024,031480011,1,9,0,-1,19,5,1,-1,0,0,0,0,1,4,1,1,-1,6,1,69,10,1995,2,11,BMW 5 SERIES,1,-1,0,5
2024061434336,2024,061434336,1,9,0,-1,9,6,4,-1,0,1,0,0,0,0,1,1,-1,6,1,49,8,1995,2,14,BMW 5 SERIES,8,E01006161,0,2
2024622400880,2024,622400880,1,9,0,18,19,7,3,0,0,0,1,0,0,0,1,1,6,6,1,45,7,2993,2,11,BMW 5 SERIES,6,W01001836,0,1
2024320582161,2024,320582161,2,9,0,2,2,0,0,0,0,0,0,0,0,0,1,1,-1,-1,1,37,7,2993,2,17,BMW 5 SERIES,-1,-1,0,-1
2024622400737,2024,622400737,2,9,0,9,9,2,8,0,0,6,0,0,0,0,1,1,6,6,3,-1,-1,1995,2,8,BMW 5 SERIES,-1,-1,0,-1
2024010541085,2024,010541085,1,9,9,99,99,9,9,99,99,9,9,99,9,99,9,9,6,6,3,-1,-1,1998,8,5,BMW 5 SERIES,-1,-1,0,-1
2024201424185,2024,201424185,2,9,0,-1,10,8,6,-1,0,0,0,0,0,0,2,1,-1,6,2,33,6,1995,2,8,BMW 5 SERIES,-1,-1,0,-1
2024010504815,2024,010504815,1,9,0,5,5,1,5,0,0,8,0,0,0,0,2,1,6,6,1,35,6,2993,2,7,BMW 5 SERIES,-1,-1,0,-1
2024411469270,2024,411469270,1,9,0,-1,19,1,5,-1,0,0,0,0,0,0,1,1,-1,6,2,46,8,1995,2,8,BMW 5 SERIES,5,W01001096,0,5
2024461471423,2024,461471423,1,9,0,-1,19,7,3,-1,0,0,0,0,0,0,1,1,-1,6,1,54,8,1995,12,4,BMW 5 SERIES,2,E01024294,0,3
202417M112524,2024,17M112524,1,9,0,-1,19,8,4,-1,0,8,0,0,0,0,1,1,-1,2,1,36,7,1995,2,6,BMW 5 SERIES,8,E01011965,0,3
2024401527815,2024,401527815,3,9,0,-1,2,0,0,-1,0,1,0,0,0,0,3,1,-1,6,-1,-1,-1,2497,2,18,BMW 5 SERIES,-1,-1,0,-1
2024471480946,2024,471480946,1,9,0,-1,19,5,1,-1,0,0,0,0,0,0,1,9,-1,6,1,19,4,2497,2,18,BMW 5 SERIES,4,E01021076,0,1
2024231406465,2024,231406465,1,9,0,-1,1,2,6,-1,0,0,0,0,0,0,2,9,-1,6,1,35,6,1995,2,9,BMW 5 SERIES,2,E01031046,0,1
2024201513507,2024,201513507,1,9,0,-1,2,0,0,-1,0,0,0,4,0,0,2,1,-1,6,3,-1,-1,1995,2,8,BMW 5 SERIES,-1,-1,0,-1
2024161462886,2024,161462886,1,9,0,-1,19,7,4,-1,0,1,2,7,7,11,4,1,-1,9,1,26,6,1995,2,12,BMW 5 SERIES,1,E01012864,0,1
2024010503559,2024,010503559,1,9,0,18,19,3,7,0,0,2,0,0,0,0,1,1,1,1,1,48,8,2993,2,5,BMW 5 SERIES,-1,-1,0,-1
2024201527501,2024,201527501,1,9,0,-1,19,7,3,-1,0,0,0,0,0,0,1,1,-1,6,1,31,6,1995,2,7,BMW 5 SERIES,-1,-1,0,-1