collision_index,collision_year,collision_ref_no,vehicle_reference,vehicle_type,towing_and_articulation,vehicle_manoeuvre_historic,vehicle_manoeuvre,vehicle_direction_from,vehicle_direction_to,vehicle_location_restricted_lane_historic,vehicle_location_restricted_lane,junction_location,skidding_and_overturning,hit_object_in_carriageway,vehicle_leaving_carriageway,hit_object_off_carriageway,first_point_of_impact,vehicle_left_hand_drive,journey_purpose_of_driver_historic,journey_purpose_of_driver,sex_of_driver,age_of_driver,age_band_of_driver,engine_capacity_cc,propulsion_code,age_of_vehicle,generic_make_model,driver_imd_decile,lsoa_of_driver,escooter_flag,driver_distance_banding
2024471475534,2024,471475534,1,9,0,-1,19,1,5,-1,0,1,0,0,0,0,4,9,-1,6,3,-1,-1,1995,2,18,BMW 5 SERIES,-1,-1,0,-1
2024340NN0432,2024,340NN0432,2,9,0,-1,19,3,7,-1,0,1,0,0,0,0,1,1,-1,9,1,33,6,1995,2,11,BMW 5 SERIES,2,E01026957,0,2
2024010524978,2024,010524978,2,9,0,18,19,4,8,0,0,1,0,0,0,0,1,1,6,6,1,43,7,2993,2,4,BMW 5 SERIES,5,E01003666,0,3
2024547081224,2024,547081224,1,9,0,18,19,2,6,0,0,0,0,0,0,0,1,1,6,6,1,27,6,1998,8,0,BMW 5 SERIES,3,E01014572,0,4
2024122400437,2024,122400437,4,9,0,17,19,5,2,0,0,0,0,0,0,0,0,1,1,1,1,40,7,2497,2,18,BMW 5 SERIES,10,E01027855,0,4
2024061472936,2024,061472936,2,9,0,-1,5,7,1,-1,0,0,0,0,0,0,4,1,-1,9,2,36,7,1995,2,12,BMW 5 SERIES,3,E01005309,0,1
2024221452916,2024,221452916,1,9,0,-1,19,7,2,-1,0,4,0,0,0,0,1,9,-1,6,1,37,7,1995,2,14,BMW 5 SERIES,1,E01032252,0,1
2024371454227,2024,371454227,2,9,0,-1,19,7,3,-1,0,0,0,0,0,0,3,1,-1,6,1,38,7,2993,2,19,BMW 5 SERIES,2,E01026633,0,3
2024201434045,2024,201434045,1,9,0,-1,19,5,1,-1,0,1,0,0,0,0,1,9,-1,6,3,-1,-1,2993,2,9,BMW 5 SERIES,-1,-1,0,-1
2024320537384,2024,320537384,1,9,0,-1,-1,4,8,0,0,8,1,0,0,0,4,1,-1,-1,1,33,6,2993,2,11,BMW 5 SERIES,4,E01019458,0,4
2024461527316,2024,461527316,1,9,0,-1,19,5,1,-1,0,1,0,0,0,0,3,1,-1,9,1,30,6,2993,2,14,BMW 5 SERIES,5,E01024345,0,4
2024471439424,2024,471439424,2,9,0,-1,-1,-1,-1,-1,-1,0,-1,-1,-1,0,-1,9,-1,6,1,33,6,1995,2,12,BMW 5 SERIES,9,E01030552,0,4
2024010536810,2024,010536810,2,9,9,99,99,9,9,99,99,9,9,99,9,99,9,9,6,6,3,-1,-1,1995,2,11,BMW 5 SERIES,-1,-1,0,-1
2024461416843,2024,461416843,1,9,0,-1,19,1,4,-1,0,0,0,11,0,0,1,9,-1,6,3,-1,-1,1995,2,15,BMW 5 SERIES,-1,-1,0,-1
2024351438705,2024,351438705,2,8,-1,-1,10,4,1,-1,0,1,0,0,0,0,2,9,-1,1,1,32,6,1995,12,5,BMW 5 SERIES,10,E01018121,0,4
2024010510126,2024,010510126,2,9,0,99,99,9,9,99,99,9,9,99,9,99,1,9,6,6,3,-1,-1,2993,2,9,BMW 5 SERIES,-1,-1,0,-1
2024010541788,2024,010541788,1,9,0,18,19,1,5,0,0,1,0,0,0,0,4,1,6,6,3,-1,-1,2497,1,18,BMW 5 SERIES,-1,-1,0,-1
2024440218819,2024,440218819,2,9,0,18,19,4,8,0,0,0,0,4,0,0,1,1,6,6,3,-1,-1,2993,2,19,BMW 5 SERIES,-1,-1,0,-1
2024010543485,2024,010543485,1,9,0,18,19,3,7,0,0,0,0,0,0,0,2,1,6,6,1,39,7,1995,2,6,BMW 5 SERIES,4,E01003529,0,2
2024131454537,2024,131454537,2,9,0,-1,19,8,4,-1,0,8,0,0,0,0,1,1,-1,9,1,46,8,1995,2,8,BMW 5 SERIES,6,E01011885,0,3
2024010542892,2024,010542892,2,9,0,99,99,9,9,99,99,9,9,99,9,99,9,9,6,6,3,-1,-1,1995,2,5,BMW 5 SERIES,-1,-1,0,-1
2024010548608,2024,010548608,1,9,0,18,19,5,1,0,0,8,0,0,0,0,4,1,6,6,1,45,7,2993,2,10,BMW 5 SERIES,2,E01003187,0,1
2024311475560,2024,311475560,1,9,0,-1,5,1,5,-1,-1,0,0,0,0,0,1,1,-1,6,3,-1,-1,1998,8,0,BMW 5 SERIES,-1,-1,0,-1
2024010501556,2024,010501556,1,9,0,13,13,5,1,0,0,0,0,0,0,0,1,1,6,6,1,31,6,1995,2,7,BMW 5 SERIES,3,E01003373,0,1
2024010511901,2024,010511901,1,9,0,6,6,5,5,0,0,1,0,0,0,0,4,1,6,6,1,29,6,1998,8,6,BMW 5 SERIES,2,E01033866,0,1
2024061436543,2024,061436543,1,8,0,-1,12,3,7,-1,0,0,0,0,0,0,3,1,-1,1,1,61,9,1995,2,6,BMW 5 SERIES,2,E01005163,0,2
2024010551471,2024,010551471,1,9,0,18,19,5,1,0,0,1,0,0,0,0,0,1,1,1,1,37,7,2993,12,2,BMW 5 SERIES,9,E01003356,0,2
2024010532087,2024,010532087,3,9,0,18,19,1,5,0,0,0,0,0,0,0,1,1,6,6,1,34,6,2993,2,7,BMW 5 SERIES,4,E01002405,0,4
2024351469190,2024,351469190,1,9,0,-1,5,2,6,-1,0,0,0,0,0,0,3,1,-1,6,1,32,6,1995,2,5,BMW 5 SERIES,7,E01035526,0,2
2024010528741,2024,010528741,1,9,0,99,99,9,9,99,99,9,9,99,9,99,9,9,6,6,3,39,7,1995,2,6,BMW 5 SERIES,8,E01002372,0,1
2024461475815,2024,461475815,2,9,0,-1,2,0,0,-1,0,0,0,4,0,0,2,1,-1,6,-1,-1,-1,1995,2,13,BMW 5 SERIES,-1,-1,0,-1
2024041505704,2024,041505704,2,9,0,-1,10,1,5,-1,0,6,0,0,0,0,3,1,-1,1,1,29,6,1995,2,6,BMW 5 SERIES,2,E01005950,0,4
2024010543627,2024,010543627,1,9,0,1,1,3,7,0,0,2,0,0,0,0,2,1,6,6,1,32,6,1995,2,10,BMW 5 SERIES,4,E01003529,0,1
2024131421043,2024,131421043,1,9,0,-1,19,1,5,-1,4,5,0,0,0,0,1,1,-1,6,3,-1,-1,1995,2,18,BMW 5 SERIES,-1,-1,0,-1
2024010501766,2024,010501766,1,9,0,18,19,7,3,0,0,8,0,0,0,0,4,1,2,2,2,41,7,1995,2,10,BMW 5 SERIES,2,E01034471,0,1
2024010523075,2024,010523075,4,9,0,4,4,5,1,0,0,0,0,0,0,0,1,1,1,1,1,29,6,2993,2,4,BMW 5 SERIES,5,E01003666,0,2
2024471459159,2024,471459159,3,9,0,-1,19,7,3,-1,0,1,0,0,0,0,1,1,-1,1,1,-1,-1,2993,2,5,BMW 5 SERIES,6,E01021034,0,4
2024041405164,2024,041405164,1,9,0,-1,9,3,1,-1,0,8,0,0,0,0,4,1,-1,9,1,40,7,1998,1,5,BMW 5 SERIES,7,E01025251,0,1
2024201437452,2024,201437452,2,9,0,-1,19,2,6,-1,0,8,0,0,0,0,1,1,-1,6,1,48,8,1995,2,9,BMW 5 SERIES,1,E01009342,0,1
2024361426741,2024,361426741,2,9,0,-1,19,3,7,-1,0,0,0,0,0,0,3,1,-1,9,1,76,11,1995,2,10,BMW 5 SERIES,6,E01026924,0,4
2024010526318,2024,010526318,2,9,0,18,19,7,3,0,0,0,0,4,0,0,1,1,6,6,1,35,6,2993,-1,2,BMW 5 SERIES,2,E01003507,0,1
2024010529787,2024,010529787,2,9,0,15,15,3,7,0,0,0,0,0,0,0,1,1,6,6,1,20,4,1995,2,5,BMW 5 SERIES,5,E01003527,0,1
2024010516008,2024,010516008,2,9,0,18,19,3,7,0,0,2,0,0,0,0,1,1,6,6,2,35,6,1995,2,6,BMW 5 SERIES,3,E01035672,0,1
2024471500946,2024,471500946,1,9,0,-1,9,5,2,-1,0,6,0,0,1,2,1,1,-1,9,1,31,6,2497,1,19,BMW 5 SERIES,2,E01021179,0,1
2024221476107,2024,221476107,1,9,0,-1,9,1,7,-1,0,8,0,0,0,0,1,1,-1,6,1,35,6,2993,2,15,BMW 5 SERIES,8,E01032446,0,1
2024552401413,2024,552401413,1,9,0,2,2,0,0,0,0,0,0,11,0,0,3,1,6,6,3,-1,-1,1995,2,9,BMW 5 SERIES,-1,-1,0,-1
2024361478973,2024,361478973,1,9,0,-1,19,5,1,-1,0,8,0,0,0,0,1,1,-1,9,1,21,5,2979,1,21,BMW 5 SERIES,-1,-1,0,-1
2024440434306,2024,440434306,1,9,0,6,6,3,3,0,0,1,0,0,0,0,4,1,6,6,1,58,9,2494,1,22,BMW 5 SERIES,6,E01023236,0,1
2024131461741,2024,131461741,3,9,0,-1,2,0,0,-1,0,0,0,0,0,0,3,1,-1,6,-1,-1,-1,1995,2,6,BMW 5 SERIES,-1,-1,0,-1
2024311492975,2024,311492975,1,9,0,-1,7,1,3,-1,0,8,0,0,0,0,3,1,-1,9,1,36,7,1995,12,2,BMW 5 SERIES,2,E01033396,0,1
2024201439553,2024,201439553,1,9,0,-1,19,6,2,-1,0,3,0,0,0,0,3,9,-1,6,1,25,5,1998,8,6,BMW 5 SERIES,2,E01009992,0,1
2024361504770,2024,361504770,2,9,0,-1,19,3,7,-1,0,8,1,0,0,0,3,1,-1,9,2,40,7,1995,2,18,BMW 5 SERIES,7,E01026532,0,2
2024161531405,2024,161531405,2,9,0,-1,3,3,7,-1,0,0,0,0,0,0,2,1,-1,2,1,60,9,1995,2,5,BMW 5 SERIES,5,E01013244,0,1
2024461453289,2024,461453289,1,9,0,-1,11,7,4,-1,0,0,0,0,1,0,2,1,-1,9,1,38,7,1998,1,6,BMW 5 SERIES,7,E01017834,0,4
2024061471624,2024,061471624,1,9,0,-1,19,7,3,-1,0,1,0,0,0,0,1,1,-1,9,1,44,7,2993,-1,4,BMW 5 SERIES,9,E01004843,0,1
2024451409619,2024,451409619,5,9,0,-1,19,7,3,-1,0,0,0,0,0,0,0,1,-1,1,2,42,7,2993,12,4,BMW 5 SERIES,10,E01030435,0,3
2024401496117,2024,401496117,1,9,-1,-1,-1,-1,-1,-1,-1,-1,-1,-1,-1,0,4,9,-1,6,2,36,7,1995,2,12,BMW 5 SERIES,5,E01015746,0,1
2024161528749,2024,161528749,2,9,0,-1,9,6,4,-1,0,1,0,0,0,0,1,1,-1,6,1,-1,-1,1995,2,8,BMW 5 SERIES,-1,-1,0,-1
2024010508675,2024,010508675,1,9,0,10,10,5,3,0,0,1,0,0,0,0,1,1,6,6,1,40,7,2993,2,6,BMW 5 SERIES,-1,-1,0,-1
2024440393123,2024,440393123,1,9,0,4,4,8,4,0,0,0,0,0,0,0,2,1,3,7,1,45,7,2993,2,14,BMW 5 SERIES,7,E01023198,0,2
2024010551407,2024,010551407,1,9,9,4,4,1,5,99,99,9,9,99,9,99,9,1,6,6,1,54,8,2979,1,21,BMW 5 SERIES,2,E01002669,0,1
2024411449347,2024,411449347,1,9,0,-1,4,6,1,-1,0,0,0,0,0,0,1,1,-1,6,1,25,5,2993,12,4,BMW 5 SERIES,5,E01023900,0,1
2024122401215,2024,122401215,1,9,0,7,7,1,7,0,0,2,0,0,0,0,1,1,6,6,1,63,9,1998,8,5,BMW 5 SERIES,7,E01027601,0,3
2024531515393,2024,531515393,2,9,0,-1,3,3,7,-1,0,2,0,0,0,0,2,1,-1,6,2,34,6,1995,12,3,BMW 5 SERIES,3,E01022286,0,1
2024010550093,2024,010550093,1,9,0,18,19,1,5,0,0,8,0,0,0,0,3,1,2,2,1,37,7,2993,2,10,BMW 5 SERIES,-1,-1,0,-1
2024201443172,2024,201443172,1,8,0,-1,5,1,5,-1,0,0,0,0,0,0,1,1,-1,1,1,-1,-1,1995,2,7,BMW 5 SERIES,3,E01009508,0,3
2024141478026,2024,141478026,3,9,0,-1,19,8,4,-1,0,0,0,0,7,11,1,1,-1,9,1,37,7,1995,2,15,BMW 5 SERIES,6,E01007615,0,2
2024010541437,2024,010541437,3,9,0,18,19,7,3,0,0,1,0,0,0,0,0,1,1,1,1,34,6,2993,2,4,BMW 5 SERIES,3,E01003221,0,1
2024010502696,2024,010502696,1,9,0,99,99,9,9,99,99,9,9,99,9,99,9,9,6,6,1,59,9,2979,1,10,BMW 5 SERIES,6,E01004611,0,1
2024201404391,2024,201404391,1,9,0,-1,9,6,4,-1,0,6,0,0,0,0,1,9,-1,9,1,26,6,1998,1,6,BMW 5 SERIES,1,E01009382,0,2
2024010540540,2024,010540540,2,9,0,99,99,9,9,99,99,9,9,99,9,99,1,9,6,6,3,-1,-1,2497,1,19,BMW 5 SERIES,-1,-1,0,-1
2024010514094,2024,010514094,2,9,0,17,19,3,1,0,0,2,0,0,0,0,0,1,1,1,1,49,8,2993,12,2,BMW 5 SERIES,4,E01000472,0,1
2024461416272,2024,461416272,3,9,0,-1,19,3,7,-1,0,0,0,0,0,0,0,1,-1,1,1,42,7,1998,1,5,BMW 5 SERIES,-1,-1,0,-1
2024201437849,2024,201437849,1,9,0,-1,5,4,8,-1,0,0,0,7,0,0,4,1,-1,9,1,30,6,1995,2,12,BMW 5 SERIES,6,E01029413,0,4
2024411451493,2024,411451493,2,9,0,-1,19,4,2,-1,0,8,0,0,0,0,3,1,-1,6,1,26,6,1995,2,6,BMW 5 SERIES,5,E01023643,0,1
2024010529565,2024,010529565,1,8,0,5,5,5,1,0,0,0,0,0,0,0,4,1,1,1,1,60,9,1995,2,9,BMW 5 SERIES,6,E01002319,0,1
2024010551771,2024,010551771,2,9,0,99,99,9,9,99,99,9,9,99,9,99,9,9,6,6,1,28,6,1998,1,6,BMW 5 SERIES,7,E01002198,0,1
2024161529434,2024,161529434,1,9,0,-1,19,7,3,-1,0,2,0,0,0,0,4,1,-1,6,1,28,6,1995,2,9,BMW 5 SERIES,6,E01013097,0,1
2024351469931,2024,351469931,1,9,0,-1,19,3,7,-1,0,0,1,0,1,0,3,1,-1,6,1,28,6,2993,2,19,BMW 5 SERIES,-1,-1,0,-1
2024010509725,2024,010509725,3,9,0,2,2,0,0,0,0,2,0,0,0,0,2,1,6,6,3,-1,-1,1998,8,6,BMW 5 SERIES,-1,-1,0,-1
2024010514746,2024,010514746,5,9,0,3,3,7,3,0,0,0,0,0,0,0,2,1,6,6,2,24,5,2979,1,20,BMW 5 SERIES,9,E01001533,0,1
2024061478529,2024,061478529,4,9,0,-1,20,3,7,-1,0,0,0,0,0,0,2,1,-1,9,2,35,6,1995,2,12,BMW 5 SERIES,2,E01005663,0,2
2024471459159,2024,471459159,6,9,0,-1,13,7,3,-1,0,1,0,0,0,0,0,1,-1,1,1,-1,-1,2993,2,6,BMW 5 SERIES,6,E01021034,0,4
2024371506910,2024,371506910,2,9,0,-1,9,8,4,-1,0,0,0,0,0,0,2,1,-1,9,1,59,9,2996,1,17,BMW 5 SERIES,4,E01030118,0,1
2024401411624,2024,401411624,2,9,0,-1,2,0,0,-1,0,0,0,0,0,0,0,1,-1,6,-1,-1,-1,1995,2,14,BMW 5 SERIES,-1,-1,0,-1
2024010523704,2024,010523704,1,9,0,18,19,1,5,0,0,1,0,0,0,0,4,1,2,2,2,53,8,1995,2,10,BMW 5 SERIES,3,E01001372,0,1
202460Q067386,2024,60Q067386,2,9,0,9,9,4,8,0,0,8,0,0,0,0,3,1,6,6,1,74,10,1995,2,8,BMW 5 SERIES,-1,-1,0,-1
2024010514517,2024,010514517,2,9,0,99,99,9,9,99,99,9,9,99,9,99,0,9,6,6,3,-1,-1,1995,2,9,BMW 5 SERIES,-1,-1,0,-1
2024211461457,2024,211461457,1,9,0,-1,11,3,7,-1,0,0,0,4,1,0,1,1,-1,2,1,28,6,1995,2,10,BMW 5 SERIES,-1,-1,0,-1
2024131534853,2024,131534853,1,9,0,-1,-1,-1,-1,-1,-1,0,-1,-1,-1,0,-1,1,-1,6,3,-1,-1,1995,2,14,BMW 5 SERIES,-1,-1,0,-1
2024010526995,2024,010526995,1,9,0,18,19,7,3,0,0,2,0,0,0,0,1,1,6,6,2,42,7,1998,8,4,BMW 5 SERIES,9,E01003680,0,1
2024421405318,2024,421405318,2,9,0,-1,19,8,4,-1,0,0,0,0,0,0,2,1,-1,6,1,38,7,1995,2,6,BMW 5 SERIES,9,E01021346,0,4
2024041422810,2024,041422810,2,9,0,-1,19,5,2,-1,0,8,0,0,0,0,4,1,-1,9,1,28,6,2993,2,18,BMW 5 SERIES,3,E01025071,0,1
2024221402467,2024,221402467,2,9,0,-1,4,6,2,-1,0,1,0,0,0,0,2,9,-1,6,1,34,6,1995,2,13,BMW 5 SERIES,1,E01009399,0,3
2024131525955,2024,131525955,1,9,0,-1,19,6,2,-1,0,0,0,0,0,0,1,1,-1,6,1,-1,-1,2000,2,14,BMW 5 SERIES,-1,-1,0,-1
2024010532446,2024,010532446,1,9,0,18,19,3,7,0,0,8,0,0,0,0,1,1,1,1,1,45,7,1998,1,5,BMW 5 SERIES,-1,-1,0,-1
2024631437218,2024,631437218,3,9,0,-1,19,5,2,-1,0,0,0,0,1,7,1,1,-1,9,1,55,8,2993,2,7,BMW 5 SERIES,5,W01000543,0,1
2024351449271,2024,351449271,1,9,0,-1,19,8,5,-1,0,0,0,0,0,0,4,1,-1,6,1,31,6,1995,2,12,BMW 5 SERIES,6,E01018047,0,1
202417M206524,2024,17M206524,1,9,0,-1,9,2,8,-1,0,8,0,0,0,0,1,1,-1,9,2,49,8,1995,2,7,BMW 5 SERIES,6,E01012055,0,1
2024401427961,2024,401427961,2,9,0,-1,19,1,5,-1,0,1,0,0,0,0,3,1,-1,6,1,52,8,1995,2,10,BMW 5 SERIES,6,E01033812,0,3
2024010513647,2024,010513647,3,9,0,18,19,5,1,0,0,0,0,0,0,0,0,1,1,1,1,35,6,1998,1,5,BMW 5 SERIES,2,E01003507,0,2
2024041433853,2024,041433853,1,9,0,-1,19,1,5,-1,0,1,0,0,0,0,3,1,-1,9,1,58,9,1995,2,6,BMW 5 SERIES,2,E01025244,0,1
2024061416175,2024,061416175,2,9,0,-1,3,6,2,-1,0,0,0,0,0,0,3,1,-1,9,1,49,8,1998,1,5,BMW 5 SERIES,7,E01006125,0,3
2024131396129,2024,131396129,3,9,0,-1,19,7,3,-1,0,0,0,0,0,0,1,1,-1,9,1,48,8,2993,2,14,BMW 5 SERIES,6,E01012937,0,4
2024010502273,2024,010502273,1,9,0,1,1,7,3,0,0,0,0,0,0,0,3,1,6,6,1,48,8,1995,2,8,BMW 5 SERIES,5,E01032777,0,1
2024010523418,2024,010523418,2,9,0,18,19,5,1,0,0,8,0,0,0,0,0,1,1,1,1,30,6,2993,12,2,BMW 5 SERIES,3,E01004734,0,1
2024010527390,2024,010527390,2,8,0,99,99,9,9,99,99,5,9,99,9,99,9,9,6,6,1,31,6,1998,8,1,BMW 5 SERIES,5,E01003131,0,2
2024351505399,2024,351505399,1,9,0,-1,11,4,6,-1,0,3,0,0,0,0,4,1,-1,2,1,53,8,1995,-1,2,BMW 5 SERIES,8,E01023253,0,5
2024440483361,2024,440483361,2,9,0,16,19,1,7,0,0,6,0,0,0,0,1,1,6,6,1,31,6,1995,2,12,BMW 5 SERIES,5,E01017030,0,3
2024131511095,2024,131511095,1,9,0,-1,19,1,5,-1,0,6,0,0,0,0,1,1,-1,6,1,27,6,2993,2,15,BMW 5 SERIES,8,E01032992,0,4
2024010535340,2024,010535340,1,9,0,18,19,1,5,0,0,2,0,0,0,0,1,1,1,1,1,37,7,1998,8,0,BMW 5 SERIES,8,E01002658,0,3
2024161501995,2024,161501995,2,9,0,-1,4,1,5,-1,0,3,0,0,0,0,2,1,-1,9,1,27,6,2497,2,20,BMW 5 SERIES,1,E01013221,0,1
2024351463130,2024,351463130,1,9,-1,-1,1,7,3,-1,0,0,0,0,0,0,2,9,-1,6,3,-1,-1,1995,2,5,BMW 5 SERIES,-1,-1,0,-1
2024010519945,2024,010519945,5,9,0,4,4,7,3,0,0,0,0,0,0,0,0,1,6,6,1,54,8,1995,2,8,BMW 5 SERIES,8,E01003814,0,1
2024201478466,2024,201478466,2,9,0,-1,-1,1,5,-1,-1,2,0,0,0,0,1,1,-1,-1,1,41,7,1995,2,8,BMW 5 SERIES,2,E01009282,0,2
2024451407924,2024,451407924,2,9,0,-1,19,7,3,-1,0,0,0,0,0,0,1,1,-1,1,1,33,6,1995,2,6,BMW 5 SERIES,4,E01002425,0,4
2024061505225,2024,061505225,2,9,0,-1,19,3,7,-1,0,5,0,0,0,0,0,1,-1,1,1,45,7,2993,12,4,BMW 5 SERIES,-1,-1,0,-1
2024991432416,2024,991432416,1,9,0,-1,6,8,8,-1,0,0,0,0,0,0,1,1,-1,1,1,42,7,2993,12,3,BMW 5 SERIES,6,-1,0,1
2024421454195,2024,421454195,1,9,0,-1,9,4,1,-1,0,2,0,0,0,0,1,9,-1,6,1,61,9,2993,2,17,BMW 5 SERIES,9,E01015893,0,2
2024421417037,2024,421417037,2,9,0,-1,19,3,7,-1,0,0,0,0,0,0,3,1,-1,9,1,50,8,2979,8,12,BMW 5 SERIES,4,E01021862,0,2
2024401423143,2024,401423143,1,9,0,-1,19,4,8,-1,0,1,0,4,0,0,1,1,-1,2,1,50,8,2497,1,18,BMW 5 SERIES,7,E01017593,0,1
2024461473212,2024,461473212,1,9,0,-1,19,1,5,-1,0,0,1,11,0,0,1,1,-1,6,1,31,6,2497,1,18,BMW 5 SERIES,3,E01004012,0,4
2024010504638,2024,010504638,2,9,0,12,12,5,1,0,0,0,0,0,0,0,3,1,6,6,3,-1,-1,2993,2,10,BMW 5 SERIES,-1,-1,0,-1
2024010503065,2024,010503065,1,9,0,99,99,9,9,99,99,9,9,99,9,99,1,1,6,6,1,-1,-1,1998,8,6,BMW 5 SERIES,2,E01033805,0,4
2024161514089,2024,161514089,2,9,0,-1,2,0,0,-1,0,0,0,0,0,0,2,1,-1,6,-1,-1,-1,1995,2,13,BMW 5 SERIES,-1,-1,0,-1
2024061447980,2024,061447980,2,8,0,-1,12,5,1,-1,0,7,0,0,0,0,2,1,-1,1,1,63,9,1995,2,7,BMW 5 SERIES,8,E01006809,0,1
2024451409619,2024,451409619,4,9,0,-1,19,7,3,-1,0,0,0,0,0,0,0,1,-1,1,1,30,6,2993,12,4,BMW 5 SERIES,10,E01030435,0,3
2024010513200,2024,010513200,1,9,0,99,99,9,9,99,99,9,9,99,9,99,2,9,2,2,1,49,8,1995,2,8,BMW 5 SERIES,5,E01003724,0,3
2024122400660,2024,122400660,1,9,0,9,9,5,2,0,0,8,0,0,0,0,1,1,6,6,2,43,7,1995,2,7,BMW 5 SERIES,-1,-1,0,-1
2024131455517,2024,131455517,2,9,0,-1,19,1,5,-1,0,0,0,0,0,0,1,1,-1,9,1,28,6,1995,2,13,BMW 5 SERIES,1,E01011673,0,1
2024010537690,2024,010537690,2,9,0,3,3,5,1,0,0,1,0,0,0,0,2,1,2,2,2,39,7,1995,2,10,BMW 5 SERIES,8,E01001100,0,1
2024201529903,2024,201529903,1,9,0,-1,19,1,5,-1,0,0,1,10,7,0,1,1,-1,6,3,22,5,1995,2,6,BMW 5 SERIES,-1,-1,0,-1
2024531394116,2024,531394116,2,9,0,-1,4,2,6,-1,0,0,0,0,0,0,1,1,-1,9,1,40,7,2993,2,4,BMW 5 SERIES,-1,-1,0,-1
2024451503224,2024,451503224,3,9,0,-1,19,1,5,-1,0,1,0,0,0,0,0,1,-1,1,1,38,7,2993,2,4,BMW 5 SERIES,-1,-1,0,-1
2024061394078,2024,061394078,2,9,0,-1,19,3,8,-1,0,1,0,0,0,0,0,1,-1,1,1,36,7,2993,12,4,BMW 5 SERIES,4,E01005730,0,3
2024481561432,2024,481561432,1,9,0,-1,19,7,3,-1,0,0,0,0,0,0,4,1,-1,9,1,44,7,1998,8,6,BMW 5 SERIES,-1,-1,0,-1
2024010547478,2024,010547478,2,9,0,99,99,9,9,99,99,9,9,99,9,99,9,9,6,6,3,-1,-1,1995,2,6,BMW 5 SERIES,-1,-1,0,-1
2024211403629,2024,211403629,2,9,0,-1,3,1,5,-1,0,0,0,0,0,0,2,1,-1,6,1,34,6,1995,2,5,BMW 5 SERIES,1,E01010408,0,2
2024371519641,2024,371519641,1,9,0,-1,9,6,2,-1,0,6,0,0,0,0,3,1,-1,9,1,80,11,1995,2,11,BMW 5 SERIES,8,E01030043,0,3
2024451421215,2024,451421215,3,9,0,-1,19,1,5,-1,0,1,0,0,0,0,0,1,-1,1,1,51,8,2993,2,5,BMW 5 SERIES,10,E01030435,0,3
2024201450652,2024,201450652,1,9,0,-1,19,4,8,-1,0,8,0,0,0,0,1,1,-1,6,1,21,5,1998,8,1,BMW 5 SERIES,1,E01009092,0,1
2024501532447,2024,501532447,1,9,0,-1,19,1,5,-1,0,1,0,0,0,0,2,1,-1,6,1,41,7,1995,2,13,BMW 5 SERIES,8,E01034858,0,4
2024421493661,2024,421493661,1,9,0,-1,9,7,5,-1,0,4,0,0,0,0,1,1,-1,2,1,46,8,1995,2,8,BMW 5 SERIES,3,E01015869,0,4
2024332400017,2024,332400017,1,9,0,-1,19,3,7,-1,0,8,0,0,0,0,1,1,-1,9,1,28,6,1995,2,11,BMW 5 SERIES,8,E01025681,0,1
2024351539225,2024,351539225,1,9,0,-1,19,7,3,-1,0,1,0,0,8,0,1,1,-1,6,1,30,6,1995,2,18,BMW 5 SERIES,5,E01033120,0,4
2024010534912,2024,010534912,2,9,0,9,9,7,4,0,0,1,0,0,0,0,4,1,1,1,1,30,6,1998,8,6,BMW 5 SERIES,3,E01004295,0,1
2024201464339,2024,201464339,2,9,0,-1,2,0,0,-1,0,0,0,0,0,0,2,1,-1,6,-1,-1,-1,1995,2,6,BMW 5 SERIES,-1,-1,0,-1
2024010508983,2024,010508983,1,9,0,99,99,9,9,99,99,0,9,99,9,99,3,9,6,6,1,38,7,1995,2,8,BMW 5 SERIES,4,E01003537,0,1
202417S202524,2024,17S202524,1,9,0,18,19,7,3,0,0,0,0,0,0,0,1,1,6,6,1,38,7,1995,2,12,BMW 5 SERIES,5,E01011968,0,1
2024461489565,2024,461489565,1,9,0,-1,19,7,3,-1,0,0,0,0,0,0,3,9,-1,6,1,19,4,2171,1,20,BMW 5 SERIES,1,E01024590,0,1
2024991437031,2024,991437031,1,8,0,-1,19,5,1,-1,0,1,0,0,3,0,1,1,-1,1,1,55,8,2993,2,7,BMW 5 SERIES,4,-1,0,2
2024052401049,2024,052401049,1,9,0,15,15,4,8,0,0,8,0,0,0,0,1,1,2,2,1,40,7,2993,2,8,BMW 5 SERIES,1,E01006692,0,1
2024461428138,2024,461428138,4,9,0,-1,-1,5,1,-1,-1,0,0,0,0,0,0,1,-1,-1,1,51,8,2993,12,4,BMW 5 SERIES,9,E01030955,0,4
2024991495385,2024,991495385,3,9,0,-1,19,6,2,-1,0,0,0,0,0,0,1,1,-1,1,1,34,6,2993,12,3,BMW 5 SERIES,4,-1,0,4
2024411539780,2024,411539780,1,9,-1,-1,-1,-1,-1,-1,-1,1,-1,-1,-1,0,-1,9,-1,6,1,31,6,2993,2,10,BMW 5 SERIES,1,E01015732,0,4
2024010547631,2024,010547631,2,9,0,3,3,3,7,0,0,8,0,0,0,0,2,1,6,6,1,38,7,1998,8,6,BMW 5 SERIES,5,E01002455,0,1
2024421464345,2024,421464345,1,9,0,-1,19,3,7,-1,0,0,1,0,0,0,3,1,-1,9,1,51,8,1995,2,9,BMW 5 SERIES,4,E01003725,0,1
2024451474660,2024,451474660,2,9,0,-1,5,7,3,-1,0,1,0,0,0,0,4,9,-1,6,1,30,6,2993,2,14,BMW 5 SERIES,-1,-1,0,-1
2024552401326,2024,552401326,1,9,0,18,19,8,4,0,0,8,0,0,0,0,1,1,6,6,3,-1,-1,2926,2,23,BMW 5 SERIES,-1,-1,0,-1