collision_index,collision_year,collision_ref_no,vehicle_reference,vehicle_type,towing_and_articulation,vehicle_manoeuvre_historic,vehicle_manoeuvre,vehicle_direction_from,vehicle_direction_to,vehicle_location_restricted_lane_historic,vehicle_location_restricted_lane,junction_location,skidding_and_overturning,hit_object_in_carriageway,vehicle_leaving_carriageway,hit_object_off_carriageway,first_point_of_impact,vehicle_left_hand_drive,journey_purpose_of_driver_historic,journey_purpose_of_driver,sex_of_driver,age_of_driver,age_band_of_driver,engine_capacity_cc,propulsion_code,age_of_vehicle,generic_make_model,driver_imd_decile,lsoa_of_driver,escooter_flag,driver_distance_banding
2024451486873,2024,451486873,3,9,0,-1,19,5,1,-1,0,0,0,0,0,0,1,1,-1,6,1,25,5,1995,2,9,BMW 3 SERIES,4,E01030827,0,2
2024501476551,2024,501476551,1,9,0,-1,5,3,7,-1,0,0,0,99,0,0,1,1,-1,6,1,30,6,1995,2,13,BMW 3 SERIES,2,E01020139,0,1
2024141525398,2024,141525398,1,9,0,-1,19,5,1,-1,0,0,0,0,0,0,4,1,-1,9,2,48,8,1995,2,8,BMW 3 SERIES,3,E01007903,0,1
2024131457731,2024,131457731,1,9,0,-1,5,1,5,-1,0,8,0,0,0,0,3,1,-1,6,1,18,4,1995,2,12,BMW 3 SERIES,6,E01011305,0,2
2024201486037,2024,201486037,2,9,0,-1,19,7,3,-1,0,0,0,0,0,0,1,1,-1,1,1,31,6,2993,12,3,BMW 3 SERIES,-1,-1,0,-1
2024421485134,2024,421485134,1,9,0,-1,19,1,5,-1,0,1,0,0,0,0,1,1,-1,9,1,25,5,1998,8,4,BMW 3 SERIES,6,E01021473,0,1
2024131399225,2024,131399225,2,9,0,-1,19,5,1,-1,0,0,0,0,0,0,4,1,-1,9,1,62,9,1995,2,6,BMW 3 SERIES,10,E01011654,0,3
2024311429545,2024,311429545,1,9,0,-1,19,3,7,-1,0,0,0,0,0,0,1,1,-1,6,1,33,6,1995,2,6,BMW 3 SERIES,-1,-1,0,-1
2024552401323,2024,552401323,2,9,0,18,19,2,6,0,0,0,0,0,0,0,1,1,6,6,1,45,7,2171,1,23,BMW 3 SERIES,6,E01020329,0,5
2024061479012,2024,061479012,3,9,0,-1,19,5,1,-1,0,1,0,0,0,0,3,1,-1,6,1,52,8,1995,2,10,BMW 3 SERIES,1,E01005124,0,1
2024041444930,2024,041444930,1,9,0,-1,19,3,7,-1,0,0,1,0,1,2,1,1,-1,9,1,24,5,1995,2,17,BMW 3 SERIES,2,E01012728,0,2
2024622400236,2024,622400236,2,9,0,18,19,8,4,0,0,1,0,0,0,0,3,1,6,6,1,57,9,1998,1,0,BMW 3 SERIES,1,W01000738,0,2
2024010494687,2024,010494687,1,9,0,18,19,3,7,0,0,2,0,0,0,0,1,1,2,2,1,17,4,2000,1,16,BMW 3 SERIES,7,E01001891,0,1
2024461431998,2024,461431998,2,9,0,-1,2,0,0,-1,9,0,0,0,0,0,4,1,-1,6,-1,-1,-1,1997,1,11,BMW 3 SERIES,-1,-1,0,-1
2024031415328,2024,031415328,1,9,0,-1,3,3,6,-1,0,1,0,0,0,0,2,1,-1,6,2,33,6,2993,2,8,BMW 3 SERIES,-1,-1,0,-1
2024010544402,2024,010544402,2,9,0,99,99,9,9,99,99,9,9,99,9,99,9,9,6,6,3,-1,-1,1499,1,6,BMW 3 SERIES,-1,-1,0,-1
2024221402635,2024,221402635,1,9,0,-1,19,3,1,-1,0,0,0,10,1,7,2,1,-1,6,1,28,6,1995,2,21,BMW 3 SERIES,4,E01014003,0,3
2024010510210,2024,010510210,1,9,0,99,99,9,9,99,99,9,9,99,9,99,2,9,2,2,1,25,5,1998,1,5,BMW 3 SERIES,1,E01002773,0,1
2024231505532,2024,231505532,1,9,0,-1,19,6,2,-1,0,0,0,0,7,2,1,1,-1,6,2,51,8,1998,8,6,BMW 3 SERIES,10,E01031124,0,1
2024231437795,2024,231437795,1,9,0,-1,19,2,6,-1,0,0,0,0,2,0,1,9,-1,6,3,35,6,1596,1,17,BMW 3 SERIES,-1,-1,0,-1
2024010508166,2024,010508166,2,9,0,12,12,3,7,0,0,0,0,0,0,0,3,1,6,6,1,43,7,1995,2,10,BMW 3 SERIES,-1,-1,0,-1
2024041398094,2024,041398094,2,9,0,-1,19,5,1,-1,0,1,0,0,0,0,1,1,-1,9,1,23,5,1995,2,10,BMW 3 SERIES,5,E01025320,0,3
2024201479168,2024,201479168,1,9,0,-1,9,7,5,-1,0,5,0,0,0,0,1,1,-1,6,2,45,7,1998,1,3,BMW 3 SERIES,-1,-1,0,-1
2024440240196,2024,440240196,1,9,0,18,19,2,6,0,0,8,0,7,7,9,1,1,6,6,1,22,5,2979,1,22,BMW 3 SERIES,8,E01022986,0,1
2024010525642,2024,010525642,1,9,0,99,99,9,9,99,99,9,9,99,9,99,2,9,6,6,2,46,8,1998,1,3,BMW 3 SERIES,9,E01001103,0,1
2024010536547,2024,010536547,2,9,0,3,3,3,7,0,0,1,0,0,0,0,3,1,6,6,2,28,6,1995,2,8,BMW 3 SERIES,3,E01003179,0,1
2024991503032,2024,991503032,1,9,0,-1,19,4,8,-1,0,2,5,0,1,11,4,1,-1,9,1,32,6,1995,2,17,BMW 3 SERIES,5,-1,0,3
2024371465515,2024,371465515,1,9,0,-1,19,8,1,-1,0,0,0,0,0,0,1,1,-1,9,1,27,6,1995,1,18,BMW 3 SERIES,7,E01033449,0,1
2024501487378,2024,501487378,2,9,0,-1,9,5,1,-1,0,0,0,0,0,0,1,1,-1,9,1,79,11,1998,1,3,BMW 3 SERIES,4,E01018856,0,1
2024430389028,2024,430389028,2,9,0,18,19,5,8,0,0,0,0,0,0,0,1,1,6,6,1,65,9,2993,2,17,BMW 3 SERIES,-1,-1,0,-1
2024141428985,2024,141428985,3,9,0,-1,19,8,4,-1,0,0,0,0,7,0,0,1,-1,1,1,45,7,2993,2,4,BMW 3 SERIES,1,E01007902,0,1
2024131470550,2024,131470550,1,9,0,-1,6,7,3,-1,0,0,0,0,0,0,3,1,-1,9,1,34,6,1998,8,5,BMW 3 SERIES,7,E01011013,0,1
2024520401494,2024,520401494,1,9,0,18,19,5,8,0,0,8,0,0,0,0,2,1,6,6,3,-1,-1,2000,2,15,BMW 3 SERIES,-1,-1,0,-1
2024231501378,2024,231501378,1,9,0,-1,13,3,7,-1,0,1,0,0,0,0,1,1,-1,9,1,19,4,2000,2,13,BMW 3 SERIES,8,E01031162,0,1
2024991460970,2024,991460970,2,9,0,-1,5,8,4,-1,0,1,0,0,0,0,3,1,-1,6,1,45,7,1995,2,11,BMW 3 SERIES,-1,-1,0,-1
2024010551884,2024,010551884,1,9,0,99,99,9,9,99,99,9,9,99,9,99,2,9,6,6,1,24,5,2494,1,23,BMW 3 SERIES,7,E01002177,0,1
2024552401129,2024,552401129,2,9,0,9,9,4,2,0,0,6,0,0,0,0,1,1,6,6,1,27,6,2000,1,16,BMW 3 SERIES,6,E01023065,0,3
2024010527654,2024,010527654,1,9,0,18,19,3,7,0,0,0,0,0,0,0,0,1,2,2,2,37,7,1995,2,10,BMW 3 SERIES,7,E01001678,0,1
2024545648824,2024,545648824,1,9,0,18,19,6,3,0,0,3,0,0,0,0,3,1,2,2,2,47,8,2996,1,13,BMW 3 SERIES,8,E01015500,0,2
2024332400581,2024,332400581,1,9,0,-1,19,1,5,-1,0,0,0,0,0,0,1,1,-1,1,2,40,7,2993,2,11,BMW 3 SERIES,9,E01025860,0,1
2024311395316,2024,311395316,4,9,0,-1,13,1,5,-1,0,0,0,0,0,0,4,1,-1,1,1,-1,-1,2993,2,4,BMW 3 SERIES,-1,-1,0,-1
2024122400285,2024,122400285,2,9,0,13,13,1,5,0,0,0,0,7,7,1,1,1,6,6,3,-1,-1,1995,1,18,BMW 3 SERIES,-1,-1,0,-1
2024501400693,2024,501400693,1,9,0,-1,19,1,5,-1,0,0,0,0,0,0,3,9,-1,2,1,34,6,1995,2,14,BMW 3 SERIES,9,E01006224,0,5
2024451529436,2024,451529436,2,9,0,-1,19,3,1,-1,0,1,0,0,0,0,1,9,-1,6,3,32,6,2497,1,17,BMW 3 SERIES,-1,-1,0,-1
2024061418496,2024,061418496,1,9,0,-1,1,6,5,-1,9,0,0,7,0,0,1,9,-1,9,1,86,11,2494,1,21,BMW 3 SERIES,8,E01005865,0,1
2024311518619,2024,311518619,2,9,0,-1,19,4,8,-1,0,0,0,0,0,0,1,1,-1,6,2,33,6,2993,2,10,BMW 3 SERIES,9,E01033777,0,1
2024122400452,2024,122400452,1,9,0,18,19,5,1,0,0,1,0,0,0,0,1,1,2,2,2,43,7,1995,2,10,BMW 3 SERIES,9,E01013397,0,3
2024010535982,2024,010535982,1,9,0,3,3,3,7,0,0,1,0,0,0,0,1,1,6,6,1,23,5,1998,1,5,BMW 3 SERIES,3,E01000510,0,1
2024622400529,2024,622400529,2,9,0,18,19,4,7,0,0,8,0,0,0,0,3,1,1,1,1,-1,-1,2993,2,4,BMW 3 SERIES,-1,-1,0,-1
2024371409521,2024,371409521,1,9,0,-1,19,1,5,-1,0,1,0,0,0,0,1,1,-1,6,1,26,6,1995,2,14,BMW 3 SERIES,1,E01030018,0,1
2024531520811,2024,531520811,1,9,0,-1,19,8,4,-1,0,0,0,0,0,0,3,1,-1,9,2,59,9,1895,1,23,BMW 3 SERIES,6,E01022271,0,1
202460Q128119,2024,60Q128119,1,9,0,5,5,3,7,0,0,1,0,0,0,0,1,1,6,6,2,61,9,1995,2,12,BMW 3 SERIES,-1,-1,0,-1
2024471505236,2024,471505236,1,9,0,-1,7,7,1,-1,9,1,0,0,0,0,4,1,-1,9,1,58,9,1998,1,6,BMW 3 SERIES,6,E01016943,0,1
2024010530770,2024,010530770,2,9,0,9,9,7,4,0,0,8,0,0,0,0,1,1,1,1,1,46,8,2497,1,16,BMW 3 SERIES,8,E01000680,0,2
2024631456802,2024,631456802,1,9,0,-1,14,4,8,-1,0,0,0,0,0,0,3,1,-1,6,3,-1,-1,2993,2,16,BMW 3 SERIES,-1,-1,0,-1
2024201450074,2024,201450074,2,9,0,-1,2,0,0,-1,0,0,0,0,0,0,2,1,-1,6,-1,-1,-1,1995,1,12,BMW 3 SERIES,-1,-1,0,-1
2024131421410,2024,131421410,2,9,0,-1,19,5,1,-1,0,0,0,0,0,0,1,1,-1,9,1,40,7,1998,8,1,BMW 3 SERIES,1,E01008746,0,5
2024440455380,2024,440455380,1,9,0,18,19,8,4,0,0,0,1,0,1,7,1,1,6,6,1,27,6,2996,1,18,BMW 3 SERIES,-1,-1,0,-1
2024471428203,2024,471428203,1,9,0,-1,19,1,5,-1,0,0,1,0,1,2,1,1,-1,1,1,34,6,1598,1,11,BMW 3 SERIES,4,E01034225,0,4
2024320368040,2024,320368040,1,9,0,9,9,4,2,0,0,5,0,0,0,0,2,1,-1,-1,1,39,7,1995,1,16,BMW 3 SERIES,-1,-1,0,-1
2024201413587,2024,201413587,2,9,0,-1,19,3,7,-1,0,8,0,0,0,0,3,9,-1,1,1,59,9,2996,1,14,BMW 3 SERIES,-1,-1,0,-1
2024361479686,2024,361479686,2,9,0,-1,7,7,1,-1,0,1,0,0,0,0,2,1,-1,6,2,63,9,2993,2,16,BMW 3 SERIES,3,E01026843,0,1
2024421463894,2024,421463894,1,9,0,-1,19,3,7,-1,0,0,0,0,0,0,1,1,-1,6,2,69,10,1998,8,4,BMW 3 SERIES,-1,-1,0,-1
2024471503077,2024,471503077,2,9,0,-1,9,3,1,-1,0,8,0,0,0,0,4,1,-1,6,1,37,7,2996,1,14,BMW 3 SERIES,6,E01031607,0,1
2024461428881,2024,461428881,1,9,0,-1,4,2,6,-1,0,2,0,0,0,0,1,1,-1,9,1,43,7,1995,2,15,BMW 3 SERIES,5,E01024065,0,2
2024161522555,2024,161522555,1,9,0,-1,12,7,3,-1,0,1,0,0,0,0,1,1,-1,6,1,25,5,1995,2,7,BMW 3 SERIES,1,E01012856,0,1
2024061494326,2024,061494326,2,9,0,-1,19,3,7,-1,0,0,0,0,0,0,2,1,-1,9,1,28,6,1995,2,7,BMW 3 SERIES,3,E01006340,0,3
2024440092546,2024,440092546,1,9,0,18,19,2,6,0,0,1,0,0,1,11,1,1,6,6,1,33,6,1995,2,13,BMW 3 SERIES,4,E01017282,0,2
2024531425610,2024,531425610,2,9,0,-1,19,3,7,-1,0,0,0,0,1,0,1,1,-1,1,1,30,6,2993,12,3,BMW 3 SERIES,10,E01022386,0,4
2024070175542,2024,070175542,3,9,0,3,3,3,7,0,0,0,0,0,0,0,2,1,6,6,1,29,6,1998,1,3,BMW 3 SERIES,8,W01000203,0,4
2024161455542,2024,161455542,1,9,0,-1,19,4,8,-1,0,0,0,0,0,0,1,1,-1,9,2,43,7,1995,2,19,BMW 3 SERIES,1,E01013144,0,1
2024501508458,2024,501508458,2,9,0,-1,19,5,1,-1,0,8,0,0,0,0,1,1,-1,2,1,31,6,1995,1,18,BMW 3 SERIES,2,E01015181,0,2
2024010531419,2024,010531419,1,9,0,9,9,1,7,0,0,6,0,0,0,0,3,1,6,6,1,33,6,1998,8,8,BMW 3 SERIES,9,E01004171,0,1
2024531480291,2024,531480291,2,9,0,-1,5,7,3,-1,0,6,0,0,0,0,1,2,-1,6,2,35,6,2000,2,14,BMW 3 SERIES,6,E01022154,0,1
2024131413812,2024,131413812,1,9,0,-1,9,6,4,-1,0,8,0,0,0,0,1,1,-1,9,1,51,8,2000,2,14,BMW 3 SERIES,1,E01011316,0,1
2024061489913,2024,061489913,1,9,0,-1,5,3,7,-1,0,0,0,0,0,0,1,1,-1,6,1,28,6,1995,2,5,BMW 3 SERIES,5,E01005268,0,3
2024041396098,2024,041396098,1,9,0,-1,19,5,1,-1,0,0,0,0,0,0,1,1,-1,1,2,40,7,1995,2,14,BMW 3 SERIES,1,E01012746,0,4
2024430137262,2024,430137262,2,9,0,9,9,7,5,0,0,5,0,0,0,0,3,1,2,2,1,45,7,1995,2,11,BMW 3 SERIES,9,E01028535,0,1
2024552400338,2024,552400338,2,9,0,18,19,1,5,0,0,0,0,0,0,0,1,1,2,2,2,55,8,1995,2,15,BMW 3 SERIES,4,E01020488,0,3
2024430523070,2024,430523070,2,9,0,18,19,8,4,0,0,8,0,0,0,0,1,1,2,2,1,21,5,1998,1,5,BMW 3 SERIES,10,E01032962,0,1
2024131394493,2024,131394493,3,9,0,-1,19,1,5,-1,0,2,0,0,0,0,0,1,-1,1,1,49,8,2993,2,3,BMW 3 SERIES,1,E01010614,0,2
202417L205724,2024,17L205724,2,9,0,-1,19,2,6,-1,0,8,0,0,0,0,1,1,-1,9,2,31,6,1995,2,5,BMW 3 SERIES,7,E01012149,0,1
2024401414650,2024,401414650,2,9,0,-1,19,3,7,-1,0,1,0,0,0,0,1,1,-1,6,1,33,6,1998,1,8,BMW 3 SERIES,5,E01015714,0,1
2024010533627,2024,010533627,1,9,0,18,19,5,1,0,0,1,1,10,1,10,1,1,6,6,1,35,6,1995,1,13,BMW 3 SERIES,2,E01004424,0,1
2024991450635,2024,991450635,1,9,0,-1,19,5,3,-1,0,4,1,0,0,0,1,1,-1,6,1,32,6,2926,2,21,BMW 3 SERIES,-1,-1,0,-1
2024052400481,2024,052400481,1,9,0,18,19,7,3,0,0,0,0,0,0,0,1,1,6,6,1,37,7,2993,2,5,BMW 3 SERIES,1,E01006739,0,2
2024201489735,2024,201489735,1,9,0,-1,9,4,2,-1,0,6,0,0,0,0,1,9,-1,9,1,48,8,1998,8,4,BMW 3 SERIES,2,E01009991,0,1
2024631455258,2024,631455258,1,9,0,-1,19,5,8,-1,0,0,1,0,7,4,1,1,-1,2,1,31,6,1995,2,6,BMW 3 SERIES,6,W01000519,0,1
2024320022470,2024,320022470,1,9,0,-1,-1,4,8,0,0,0,0,0,0,0,1,1,6,6,1,28,6,1998,8,6,BMW 3 SERIES,5,E01030484,0,5
2024221516636,2024,221516636,1,9,0,-1,19,6,2,-1,0,0,0,0,0,0,1,1,-1,9,1,49,8,1995,2,18,BMW 3 SERIES,3,E01009775,0,4
2024061489791,2024,061489791,2,9,0,-1,4,7,3,-1,0,0,0,0,0,0,2,1,-1,9,2,50,8,1998,1,3,BMW 3 SERIES,10,E01005717,0,1
2024010535612,2024,010535612,1,9,0,4,4,1,5,0,0,1,0,0,0,0,1,1,2,2,1,47,8,2497,1,17,BMW 3 SERIES,8,E01002963,0,1
2024070036139,2024,070036139,2,9,0,17,19,5,1,0,0,0,0,0,0,0,0,1,6,6,1,36,7,2993,12,3,BMW 3 SERIES,9,E01018737,0,4
2024421434600,2024,421434600,2,9,0,-1,19,1,5,-1,0,1,0,0,0,0,4,1,-1,6,2,25,5,1998,8,8,BMW 3 SERIES,8,E01022092,0,3
2024061483257,2024,061483257,2,9,0,-1,19,1,5,-1,0,1,0,0,0,0,1,1,-1,1,1,27,6,1995,2,7,BMW 3 SERIES,-1,-1,0,-1
2024010502400,2024,010502400,1,9,0,5,5,0,3,0,0,2,0,0,0,0,4,1,1,1,1,29,6,1995,1,16,BMW 3 SERIES,7,E01000135,0,2
2024440032683,2024,440032683,1,9,0,4,4,5,1,0,0,0,0,0,0,0,3,1,1,1,1,-1,-1,2993,2,5,BMW 3 SERIES,-1,-1,0,-1
2024552401388,2024,552401388,2,9,0,18,19,3,7,0,0,8,0,0,1,0,1,1,6,6,2,27,6,2993,2,10,BMW 3 SERIES,2,E01020348,0,2
2024031404002,2024,031404002,1,9,0,-1,19,7,3,-1,0,0,1,0,1,0,1,1,-1,9,1,48,8,1995,2,7,BMW 3 SERIES,2,E01027864,0,5
2024471470449,2024,471470449,2,9,0,-1,9,3,8,-1,0,1,0,0,0,0,1,1,-1,6,1,-1,-1,2993,2,10,BMW 3 SERIES,-1,-1,0,-1
2024061481474,2024,061481474,2,9,0,-1,10,8,5,-1,0,1,0,0,3,1,3,1,-1,1,1,35,6,1995,2,12,BMW 3 SERIES,7,E01006266,0,1
2024440329517,2024,440329517,1,9,0,5,5,8,4,0,0,1,0,0,0,0,1,1,6,6,2,38,7,1995,2,8,BMW 3 SERIES,10,E01023173,0,1
2024010547423,2024,010547423,1,9,0,-1,-1,5,1,0,0,8,0,0,1,0,1,1,2,2,1,20,4,1998,1,4,BMW 3 SERIES,7,E01002323,0,1
2024010538647,2024,010538647,4,9,0,3,3,7,3,0,0,8,0,0,0,0,1,1,6,6,1,45,7,1998,8,6,BMW 3 SERIES,2,E01034478,0,3
2024161493584,2024,161493584,2,9,0,-1,2,0,0,-1,0,2,0,0,0,0,4,1,-1,6,-1,-1,-1,2993,2,11,BMW 3 SERIES,-1,-1,0,-1
2024052402068,2024,052402068,1,9,0,18,19,2,6,0,0,1,0,0,0,0,1,1,6,6,1,-1,-1,2993,2,7,BMW 3 SERIES,7,E01025473,0,2
2024471441333,2024,471441333,2,9,0,-1,13,6,1,-1,0,2,0,0,0,0,1,9,-1,6,2,-1,-1,1995,2,14,BMW 3 SERIES,6,E01034305,0,3
2024411503351,2024,411503351,2,9,0,-1,19,8,3,-1,0,8,1,0,0,0,3,1,-1,2,1,42,7,1995,1,17,BMW 3 SERIES,7,E01023435,0,3
2024461413813,2024,461413813,1,9,0,-1,19,3,6,-1,0,1,0,0,0,0,4,9,-1,9,1,19,4,1997,1,11,BMW 3 SERIES,-1,-1,0,-1
2024543060124,2024,543060124,2,9,0,3,3,3,7,0,0,8,0,0,0,0,2,1,6,6,2,51,8,1995,2,9,BMW 3 SERIES,9,E01032713,0,1
2024010523179,2024,010523179,2,9,0,18,19,3,7,0,0,1,0,0,0,0,1,1,6,6,1,42,7,1995,2,8,BMW 3 SERIES,4,E01003719,0,1
2024461451228,2024,461451228,1,9,0,-1,19,7,3,-1,0,0,0,0,0,0,1,1,-1,2,1,34,6,2000,2,14,BMW 3 SERIES,5,E01024520,0,1
2024361499720,2024,361499720,1,9,0,-1,9,3,2,-1,0,0,1,0,7,0,4,1,-1,6,1,32,6,1995,2,11,BMW 3 SERIES,3,E01033038,0,3
2024461536780,2024,461536780,2,9,0,-1,5,3,7,-1,0,1,0,0,0,0,3,9,-1,6,2,27,6,1995,1,16,BMW 3 SERIES,4,E01024204,0,1
2024010539182,2024,010539182,1,9,0,99,99,9,9,99,99,9,9,99,9,99,1,9,2,2,1,35,6,1995,2,5,BMW 3 SERIES,2,E01003267,0,2
2024010540943,2024,010540943,2,9,0,99,99,9,9,99,99,9,9,99,9,99,9,9,6,6,1,-1,-1,2497,1,17,BMW 3 SERIES,2,E01034471,0,1
2024141444597,2024,141444597,1,9,0,-1,19,1,5,-1,0,0,0,4,0,0,-1,1,-1,6,3,-1,-1,2993,2,9,BMW 3 SERIES,-1,-1,0,-1
2024061435820,2024,061435820,2,9,0,-1,19,1,5,-1,0,0,0,0,0,0,4,1,-1,6,1,79,11,1796,1,21,BMW 3 SERIES,7,E01006252,0,1
2024010526593,2024,010526593,1,9,0,4,4,1,5,0,0,0,0,4,0,0,1,1,6,6,2,72,10,1995,1,22,BMW 3 SERIES,10,E01003358,0,1
2024131501386,2024,131501386,1,9,0,-1,19,5,1,-1,0,0,5,0,0,0,1,1,-1,2,1,25,5,1995,2,14,BMW 3 SERIES,9,E01028738,0,5
2024461511930,2024,461511930,1,9,0,-1,9,5,1,-1,0,0,0,0,0,0,1,1,-1,6,1,19,4,1995,2,16,BMW 3 SERIES,-1,-1,0,-1
2024161400850,2024,161400850,1,9,0,-1,19,5,1,-1,0,1,0,0,0,0,1,1,-1,9,1,23,5,1995,2,5,BMW 3 SERIES,4,E01013179,0,1
2024161441001,2024,161441001,1,9,0,-1,7,7,1,-1,0,1,0,0,0,0,4,1,-1,9,1,52,8,1499,1,8,BMW 3 SERIES,1,E01013141,0,1
2024411469569,2024,411469569,1,9,-1,-1,-1,-1,-1,-1,-1,0,-1,-1,-1,0,-1,9,-1,7,2,46,8,1995,2,8,BMW 3 SERIES,4,E01023877,0,1
2024371480063,2024,371480063,1,9,0,-1,19,5,1,-1,0,1,0,0,0,0,3,1,-1,6,1,49,8,1995,2,8,BMW 3 SERIES,4,E01030295,0,1
2024122400641,2024,122400641,2,9,0,18,19,7,4,0,0,0,0,0,0,0,1,1,6,6,1,42,7,1995,2,19,BMW 3 SERIES,6,E01027613,0,1
2024302401307,2024,302401307,1,9,0,7,7,6,8,0,0,8,0,0,7,0,2,1,6,6,1,24,5,2979,1,22,BMW 3 SERIES,9,E01019624,0,2
2024471476574,2024,471476574,3,9,0,-1,2,0,0,-1,0,1,0,0,0,0,1,1,-1,6,-1,-1,-1,2993,2,7,BMW 3 SERIES,-1,-1,0,-1
2024201503205,2024,201503205,1,9,0,-1,19,3,1,-1,9,0,0,4,2,0,1,9,-1,6,3,-1,-1,2993,2,11,BMW 3 SERIES,-1,-1,0,-1
2024010512106,2024,010512106,1,9,0,18,19,2,6,0,0,1,0,11,0,0,1,1,6,6,1,33,6,1995,2,3,BMW 3 SERIES,8,E01004500,0,3
2024421395790,2024,421395790,1,9,0,-1,13,5,1,-1,0,0,0,0,0,0,4,1,-1,9,1,25,5,1995,2,9,BMW 3 SERIES,5,E01035165,0,2
2024311443157,2024,311443157,1,9,0,-1,19,7,3,-1,0,8,0,0,0,0,1,1,-1,6,3,-1,-1,1995,2,6,BMW 3 SERIES,-1,-1,0,-1
2024461451290,2024,461451290,1,9,0,-1,19,1,5,-1,0,6,0,0,0,0,1,9,-1,6,1,50,8,1998,1,8,BMW 3 SERIES,5,E01024452,0,2
2024201469502,2024,201469502,2,9,0,-1,2,0,0,-1,0,8,0,0,0,0,3,1,-1,6,1,42,7,2993,2,16,BMW 3 SERIES,5,E01017867,0,5
2024010549615,2024,010549615,1,9,0,7,7,1,3,0,0,5,0,0,0,0,2,1,6,6,1,25,5,1998,8,5,BMW 3 SERIES,2,E01000470,0,1
2024552400370,2024,552400370,1,9,0,18,19,3,7,0,0,8,0,0,0,0,1,1,6,6,1,33,6,1998,8,6,BMW 3 SERIES,4,E01032644,0,4
2024351503842,2024,351503842,2,9,0,-1,19,1,5,-1,0,8,0,0,0,0,1,1,-1,6,2,36,7,1995,2,6,BMW 3 SERIES,3,E01018092,0,1
2024141452746,2024,141452746,1,9,0,-1,19,2,2,-1,0,2,0,0,0,0,1,1,-1,1,1,30,6,1995,2,8,BMW 3 SERIES,6,E01007476,0,2
2024201461899,2024,201461899,1,9,0,-1,19,4,8,-1,0,1,0,0,0,0,1,1,-1,6,2,39,7,1995,2,17,BMW 3 SERIES,2,E01010313,0,2
2024201523010,2024,201523010,1,9,0,-1,7,2,6,-1,0,0,1,10,1,0,4,1,-1,9,1,34,6,1995,2,17,BMW 3 SERIES,1,E01009033,0,1
2024991477761,2024,991477761,4,9,0,-1,19,8,4,-1,0,0,0,0,0,0,0,1,-1,6,1,41,7,1998,1,6,BMW 3 SERIES,3,E01003938,0,5
2024061463970,2024,061463970,2,9,0,-1,19,3,7,-1,0,1,0,0,0,0,4,1,-1,9,1,31,6,1995,2,7,BMW 3 SERIES,1,E01005246,0,1
2024501478241,2024,501478241,1,9,0,-1,19,8,4,-1,0,0,1,10,0,0,1,1,-1,9,2,20,4,1998,1,6,BMW 3 SERIES,3,E01016098,0,5
2024131478412,2024,131478412,2,9,0,-1,19,7,1,-1,0,0,0,0,0,0,3,1,-1,9,2,40,7,1995,2,11,BMW 3 SERIES,6,E01010922,0,2
2024320463654,2024,320463654,1,9,0,13,13,2,6,0,0,0,2,0,1,3,1,1,-1,-1,1,22,5,1995,2,12,BMW 3 SERIES,5,E01013648,0,5
2024471490920,2024,471490920,1,9,0,-1,7,5,7,-1,0,1,0,0,1,0,1,1,-1,6,1,63,9,2497,1,17,BMW 3 SERIES,7,E01016987,0,1
2024461519336,2024,461519336,2,9,0,-1,19,3,7,-1,0,1,0,0,0,0,1,9,-1,6,1,21,5,1995,1,16,BMW 3 SERIES,10,E01024474,0,2
2024421481182,2024,421481182,1,9,0,-1,7,8,3,-1,0,0,0,0,0,0,1,1,-1,6,1,20,4,1995,2,15,BMW 3 SERIES,3,E01022054,0,2
2024401414588,2024,401414588,2,9,0,-1,19,4,8,-1,0,0,0,0,0,0,2,1,-1,6,1,37,7,1998,8,6,BMW 3 SERIES,5,E01016566,0,4
2024201434434,2024,201434434,2,9,0,-1,19,1,7,-1,0,0,0,0,0,0,4,1,-1,9,1,31,6,1995,2,14,BMW 3 SERIES,6,E01010350,0,2
2024451425186,2024,451425186,3,9,0,-1,2,0,0,-1,9,0,0,0,0,0,4,1,-1,6,-1,-1,-1,1997,1,10,BMW 3 SERIES,-1,-1,0,-1
2024501474013,2024,501474013,2,9,0,-1,19,6,2,-1,99,0,2,0,1,0,3,1,-1,6,1,33,6,1995,2,14,BMW 3 SERIES,3,E01018066,0,5
2024041488119,2024,041488119,2,9,0,-1,19,8,4,-1,0,1,1,0,0,0,1,1,-1,9,1,24,5,1995,2,11,BMW 3 SERIES,3,E01025225,0,1
2024010508766,2024,010508766,1,9,0,9,9,1,6,0,0,1,0,0,0,0,3,1,6,6,2,60,9,1995,1,13,BMW 3 SERIES,3,E01003024,0,1
2024061421176,2024,061421176,1,9,0,-1,19,4,1,-1,0,0,0,0,8,0,1,1,-1,6,1,26,6,1995,1,17,BMW 3 SERIES,1,E01004856,0,1
2024010506578,2024,010506578,1,9,0,9,9,3,1,0,0,1,0,10,0,0,1,1,6,6,3,18,4,2996,1,15,BMW 3 SERIES,5,E01004565,0,1
2024371489584,2024,371489584,1,9,0,-1,19,5,1,-1,0,0,5,0,1,0,1,1,-1,6,1,25,5,1995,2,13,BMW 3 SERIES,8,E01021407,0,1
2024522402600,2024,522402600,1,9,0,18,19,8,4,0,0,8,0,0,0,0,3,1,6,6,2,53,8,2993,2,10,BMW 3 SERIES,6,E01014865,0,1