collision_index,collision_year,collision_ref_no,vehicle_reference,vehicle_type,towing_and_articulation,vehicle_manoeuvre_historic,vehicle_manoeuvre,vehicle_direction_from,vehicle_direction_to,vehicle_location_restricted_lane_historic,vehicle_location_restricted_lane,junction_location,skidding_and_overturning,hit_object_in_carriageway,vehicle_leaving_carriageway,hit_object_off_carriageway,first_point_of_impact,vehicle_left_hand_drive,journey_purpose_of_driver_historic,journey_purpose_of_driver,sex_of_driver,age_of_driver,age_band_of_driver,engine_capacity_cc,propulsion_code,age_of_vehicle,generic_make_model,driver_imd_decile,lsoa_of_driver,escooter_flag,driver_distance_banding
2024320513968,2024,320513968,2,9,0,-1,-1,6,2,0,0,1,1,0,3,2,1,1,-1,-1,1,27,6,1995,2,12,BMW 3 SERIES,7,E01013234,0,3
2024041493679,2024,041493679,1,9,0,-1,19,1,5,-1,0,8,0,4,0,0,1,1,-1,6,1,29,6,1995,2,7,BMW 3 SERIES,1,E01012656,0,1
2024461410029,2024,461410029,1,9,0,-1,7,4,6,-1,0,0,0,0,0,0,4,9,-1,6,1,45,7,1995,2,12,BMW 3 SERIES,1,E01033679,0,5
2024991410852,2024,991410852,1,9,0,-1,9,6,3,-1,0,4,0,0,0,0,4,1,-1,6,2,25,5,1998,1,7,BMW 3 SERIES,8,-1,0,2
2024461483169,2024,461483169,1,9,0,-1,19,2,6,-1,0,0,1,0,1,0,3,1,-1,9,1,53,8,2979,1,19,BMW 3 SERIES,6,E01024036,0,1
2024991466123,2024,991466123,1,9,0,-1,19,8,5,-1,0,0,0,0,0,0,3,1,-1,2,1,54,8,2993,2,7,BMW 3 SERIES,1,-1,0,5
2024430402573,2024,430402573,1,9,0,18,19,7,3,0,0,1,1,10,0,10,4,1,6,6,1,19,4,1998,1,3,BMW 3 SERIES,2,E01015540,0,3
2024531502646,2024,531502646,4,9,0,-1,4,3,7,-1,0,0,0,0,0,0,2,1,-1,9,1,20,4,1995,2,10,BMW 3 SERIES,2,E01022322,0,1
2024052402759,2024,052402759,2,9,0,18,19,8,4,0,0,8,0,0,0,0,4,1,6,6,1,40,7,1995,1,16,BMW 3 SERIES,3,E01035374,0,4
2024421441342,2024,421441342,2,9,0,-1,9,0,0,-1,0,1,1,0,0,0,1,1,-1,6,1,36,7,1998,8,4,BMW 3 SERIES,9,E01021727,0,1
2024010513920,2024,010513920,3,9,0,2,2,0,0,9,9,0,0,0,0,0,1,1,6,6,3,-1,-1,1998,1,8,BMW 3 SERIES,-1,-1,0,-1
2024122401001,2024,122401001,2,9,0,18,19,8,4,0,0,4,0,0,0,0,1,1,6,6,1,44,7,1995,1,16,BMW 3 SERIES,10,E01027731,0,1
2024061452950,2024,061452950,2,9,0,-1,4,4,8,-1,0,0,0,0,0,0,2,1,-1,9,1,72,10,1995,2,4,BMW 3 SERIES,8,E01006378,0,1
2024501440509,2024,501440509,2,9,0,-1,2,6,5,-1,0,0,0,0,0,0,2,1,-1,6,2,45,7,2000,2,14,BMW 3 SERIES,1,E01019033,0,2
2024070488604,2024,070488604,1,9,0,-1,-1,2,6,0,0,0,0,0,0,0,1,1,6,6,1,22,5,1995,12,3,BMW 3 SERIES,8,E01012462,0,1
2024010525835,2024,010525835,1,9,0,13,13,1,5,0,0,1,0,0,0,0,1,1,6,6,1,38,7,2494,1,20,BMW 3 SERIES,3,E01002585,0,1
2024520401116,2024,520401116,1,9,0,18,19,5,1,0,0,0,0,0,0,0,4,1,6,6,3,-1,-1,2494,1,24,BMW 3 SERIES,-1,-1,0,-1
2024501491633,2024,501491633,1,9,0,-1,6,6,6,-1,0,8,0,0,0,0,3,1,-1,6,1,21,5,1995,2,11,BMW 3 SERIES,4,E01015050,0,1
2024351413184,2024,351413184,1,9,0,-1,4,-1,-1,-1,0,1,0,0,0,0,1,9,-1,6,1,66,10,1995,2,8,BMW 3 SERIES,10,E01033114,0,3
2024010512647,2024,010512647,1,9,0,99,99,9,9,99,99,0,9,99,9,99,1,9,6,6,2,31,6,1995,2,8,BMW 3 SERIES,3,E01004332,0,1
2024440226631,2024,440226631,1,9,0,9,9,4,2,0,0,6,0,0,0,0,1,1,6,6,1,32,6,2993,2,16,BMW 3 SERIES,3,E01017228,0,2
2024622400098,2024,622400098,1,9,0,18,19,2,6,0,0,1,0,0,0,0,0,1,6,6,1,63,9,2993,2,13,BMW 3 SERIES,10,W01000737,0,2
2024131407439,2024,131407439,4,9,0,-1,19,5,1,-1,0,0,1,0,0,0,1,1,-1,1,1,42,7,2993,12,2,BMW 3 SERIES,6,E01011885,0,2
2024471448355,2024,471448355,2,9,0,-1,19,1,5,-1,0,0,0,0,0,0,1,1,-1,6,3,-1,-1,1995,2,11,BMW 3 SERIES,-1,-1,0,-1
2024302401311,2024,302401311,3,9,0,18,19,2,6,0,0,1,0,0,0,0,2,1,6,6,1,29,6,1995,2,14,BMW 3 SERIES,-1,-1,0,-1
2024340NN1212,2024,340NN1212,2,9,0,-1,4,8,4,-1,0,0,0,0,0,0,2,1,-1,9,1,46,8,1998,8,4,BMW 3 SERIES,-1,-1,0,-1
2024061417004,2024,061417004,2,9,0,-1,19,2,6,-1,0,1,0,0,0,0,0,1,-1,6,3,-1,-1,2993,2,11,BMW 3 SERIES,-1,-1,0,-1
2024201526961,2024,201526961,1,9,0,-1,19,1,5,-1,0,8,0,7,0,0,1,1,-1,6,1,-1,-1,2993,2,5,BMW 3 SERIES,-1,-1,0,-1
2024552401153,2024,552401153,2,9,0,1,1,2,1,0,0,5,0,0,0,0,1,1,6,6,1,30,6,1995,2,11,BMW 3 SERIES,4,E01020578,0,1
2024411536816,2024,411536816,1,9,0,-1,19,4,8,-1,0,0,1,0,7,0,1,1,-1,6,1,31,6,1995,2,17,BMW 3 SERIES,6,E01023765,0,2
2024371400727,2024,371400727,1,9,0,-1,1,-1,-1,-1,0,0,0,0,0,0,3,9,-1,6,3,-1,-1,1995,2,8,BMW 3 SERIES,-1,-1,0,-1
2024201443978,2024,201443978,2,9,0,-1,4,6,2,-1,0,0,0,0,0,0,4,1,-1,9,3,49,8,1995,2,7,BMW 3 SERIES,10,E01010202,0,3
2024052400288,2024,052400288,4,9,0,18,19,7,3,0,0,0,0,0,0,0,0,1,1,1,1,35,6,2993,2,5,BMW 3 SERIES,-1,-1,0,-1
2024010545276,2024,010545276,2,9,0,5,5,7,3,0,0,0,1,0,0,0,4,1,6,6,1,34,6,1998,8,0,BMW 3 SERIES,-1,-1,0,-1
2024552401516,2024,552401516,2,9,0,18,19,2,6,0,0,8,0,0,0,0,1,1,6,6,1,42,7,2000,2,14,BMW 3 SERIES,1,E01015288,0,2
2024161438876,2024,161438876,1,9,0,-1,9,7,5,-1,0,6,0,0,0,0,3,1,-1,6,1,46,8,1995,2,7,BMW 3 SERIES,10,E01008423,0,5
2024430528144,2024,430528144,2,9,0,2,2,0,0,0,0,0,0,0,0,0,1,1,6,6,1,-1,-1,1995,2,8,BMW 3 SERIES,10,E01028460,0,1
2024531438059,2024,531438059,1,9,0,-1,12,1,1,-1,0,0,1,0,1,0,1,1,-1,1,1,23,5,1995,2,7,BMW 3 SERIES,5,E01022344,0,2
2024544976724,2024,544976724,2,9,0,18,19,5,1,0,0,1,0,0,0,0,1,1,6,6,2,43,7,1995,2,12,BMW 3 SERIES,8,E01032053,0,1
2024010500141,2024,010500141,1,9,0,18,19,7,3,0,0,1,0,0,0,0,1,1,6,6,1,36,7,1995,1,16,BMW 3 SERIES,5,E01002567,0,1
2024161533171,2024,161533171,1,9,0,-1,1,5,1,-1,0,0,0,0,0,0,2,1,-1,6,1,45,7,1995,2,17,BMW 3 SERIES,5,E01012819,0,1
2024371447566,2024,371447566,2,9,0,-1,19,8,4,-1,0,0,0,0,0,0,1,1,-1,9,1,23,5,1995,2,18,BMW 3 SERIES,8,E01029885,0,4
2024010550611,2024,010550611,1,9,0,18,19,5,1,0,0,0,0,0,0,0,1,1,2,2,1,39,7,1995,1,13,BMW 3 SERIES,-1,-1,0,-1
2024141411210,2024,141411210,1,9,0,-1,3,3,7,-1,0,4,0,0,0,0,2,1,-1,6,1,25,5,1995,2,10,BMW 3 SERIES,6,E01007689,0,1
2024201529936,2024,201529936,2,8,0,-1,2,0,0,-1,0,8,0,0,0,0,3,1,-1,6,1,30,6,1995,2,10,BMW 3 SERIES,-1,-1,0,-1
2024471396160,2024,471396160,1,9,0,-1,19,7,3,-1,0,0,0,0,1,11,1,1,-1,9,1,24,5,1995,1,14,BMW 3 SERIES,6,E01021070,0,3
2024451467413,2024,451467413,1,9,0,-1,19,1,5,-1,0,1,0,0,0,0,2,1,-1,9,1,44,7,1995,2,11,BMW 3 SERIES,10,E01030380,0,1
2024101409751,2024,101409751,2,9,0,-1,4,7,5,-1,0,1,0,0,0,0,2,9,-1,9,1,53,8,1995,2,9,BMW 3 SERIES,5,E01008343,0,2
2024010500444,2024,010500444,1,9,0,16,19,2,6,0,0,6,0,0,0,0,4,1,2,2,1,58,9,1998,1,6,BMW 3 SERIES,-1,-1,0,-1
2024440544889,2024,440544889,1,9,0,18,19,3,7,0,0,0,0,0,5,6,1,1,6,6,1,67,10,2000,2,15,BMW 3 SERIES,3,E01022908,0,3
2024141429841,2024,141429841,4,9,0,-1,19,5,1,-1,0,1,0,0,0,0,2,1,-1,2,1,26,6,2993,2,10,BMW 3 SERIES,1,E01007373,0,3
2024010537830,2024,010537830,1,9,0,18,19,6,2,0,0,0,0,0,0,0,1,1,6,6,1,51,8,2979,1,15,BMW 3 SERIES,4,E01003537,0,2
2024371425465,2024,371425465,2,9,0,-1,5,2,8,-1,0,1,0,0,0,0,3,9,-1,6,1,78,11,1995,2,15,BMW 3 SERIES,4,E01029888,0,1
2024201513004,2024,201513004,1,9,0,-1,19,1,5,-1,0,8,0,0,0,0,1,9,-1,6,2,29,6,1995,2,11,BMW 3 SERIES,1,E01010367,0,1
2024461428894,2024,461428894,1,9,0,-1,19,7,3,-1,0,0,2,0,1,0,3,1,-1,2,1,25,5,1499,1,7,BMW 3 SERIES,10,E01000423,0,4
2024501505347,2024,501505347,1,9,0,-1,10,7,5,-1,0,1,0,0,0,0,2,1,-1,1,2,55,8,1995,2,10,BMW 3 SERIES,5,E01018837,0,1
2024052401245,2024,052401245,1,9,0,18,19,6,2,0,0,0,0,10,7,4,1,1,6,6,1,21,5,1998,8,4,BMW 3 SERIES,1,E01006740,0,1
2024010537696,2024,010537696,2,9,0,18,19,2,6,0,0,0,0,0,0,0,1,1,3,7,2,39,7,1995,12,3,BMW 3 SERIES,-1,-1,0,-1
2024052400054,2024,052400054,1,9,0,5,5,7,3,0,0,4,0,0,0,0,3,1,6,6,2,-1,-1,1995,2,12,BMW 3 SERIES,-1,-1,0,-1
2024461533800,2024,461533800,1,9,0,-1,19,3,7,-1,0,0,5,0,8,7,1,1,-1,6,1,26,6,1995,1,14,BMW 3 SERIES,8,E01024184,0,2
2024010497855,2024,010497855,2,9,0,2,2,0,0,0,0,0,0,0,0,0,2,1,6,6,3,-1,-1,1995,2,7,BMW 3 SERIES,-1,-1,0,-1
2024041526969,2024,041526969,1,9,0,-1,4,5,1,-1,0,1,0,0,0,0,1,1,-1,9,1,22,5,1995,2,7,BMW 3 SERIES,1,E01025260,0,1
2024461459975,2024,461459975,3,9,0,-1,19,6,2,-1,0,1,0,10,0,0,2,1,-1,6,1,25,5,1998,8,8,BMW 3 SERIES,2,E01016064,0,1
2024451512688,2024,451512688,2,9,0,-1,19,8,4,-1,0,0,0,0,0,0,2,1,-1,9,2,50,8,1995,2,8,BMW 3 SERIES,5,E01002394,0,3
2024010532211,2024,010532211,1,9,0,2,2,0,0,0,0,1,0,0,0,0,4,1,6,6,3,-1,-1,1995,1,12,BMW 3 SERIES,-1,-1,0,-1
2024131535245,2024,131535245,2,9,0,-1,9,5,1,-1,0,1,0,0,0,0,1,1,-1,6,1,36,7,1995,1,15,BMW 3 SERIES,2,E01011448,0,1
2024061458892,2024,061458892,3,9,0,-1,5,1,5,-1,0,1,0,0,0,0,0,1,-1,6,3,-1,-1,1995,2,16,BMW 3 SERIES,-1,-1,0,-1
2024031432789,2024,031432789,2,9,0,-1,19,8,4,-1,0,0,0,0,0,0,4,1,-1,9,2,31,6,1995,2,11,BMW 3 SERIES,3,E01019221,0,1
2024010510694,2024,010510694,2,9,0,99,99,9,9,99,99,9,9,99,9,99,9,9,6,6,1,29,6,1995,1,17,BMW 3 SERIES,7,E01002172,0,1
2024401489995,2024,401489995,1,9,0,-1,19,3,6,-1,0,1,0,0,0,0,1,1,-1,6,1,20,4,1998,8,0,BMW 3 SERIES,8,E01015695,0,1
2024010533362,2024,010533362,2,9,0,4,4,7,3,0,0,1,0,0,0,0,3,1,6,6,1,31,6,1995,2,13,BMW 3 SERIES,2,E01015896,0,4
2024430264189,2024,430264189,2,9,0,18,19,5,1,0,0,6,0,0,0,0,3,1,6,6,2,-1,-1,1995,2,10,BMW 3 SERIES,-1,-1,0,-1
2024430482563,2024,430482563,1,9,0,5,5,2,6,0,0,0,0,0,0,0,3,1,6,6,1,30,6,2993,2,18,BMW 3 SERIES,-1,-1,0,-1
2024501443295,2024,501443295,1,9,0,-1,19,4,8,-1,0,0,0,0,0,0,1,1,-1,9,1,86,11,1995,2,9,BMW 3 SERIES,7,E01018883,0,1
2024461530308,2024,461530308,2,9,0,-1,19,2,6,-1,0,1,0,0,0,0,1,1,-1,6,1,35,6,1995,2,17,BMW 3 SERIES,7,E01024798,0,3
2024010528282,2024,010528282,1,9,0,18,19,7,3,9,9,1,0,0,7,4,1,1,6,6,2,52,8,1998,1,6,BMW 3 SERIES,9,E01002983,0,1
2024411420186,2024,411420186,1,9,0,-1,19,1,5,-1,0,4,0,0,0,0,1,1,-1,9,1,35,6,2494,1,19,BMW 3 SERIES,5,E01023905,0,1
2024122401278,2024,122401278,1,9,0,18,19,1,5,0,0,0,1,0,4,6,1,1,6,6,1,41,7,2993,2,9,BMW 3 SERIES,10,E01024819,0,5
2024211423008,2024,211423008,2,9,0,-1,19,3,7,-1,0,0,0,0,0,0,1,1,-1,6,1,36,7,1995,2,17,BMW 3 SERIES,2,E01029468,0,1
2024451450926,2024,451450926,1,9,0,-1,19,6,2,-1,0,0,0,0,0,0,1,1,-1,9,2,25,5,1995,2,16,BMW 3 SERIES,5,E01030667,0,1
2024421432054,2024,421432054,1,9,0,-1,7,8,2,-1,0,1,0,0,0,0,1,9,-1,6,1,-1,-1,1995,1,16,BMW 3 SERIES,-1,-1,0,-1
2024231428353,2024,231428353,2,9,0,-1,13,2,6,-1,0,0,1,0,0,0,1,9,-1,6,1,41,7,2993,2,9,BMW 3 SERIES,7,E01031248,0,1
2024549613024,2024,549613024,3,9,0,18,19,7,4,0,0,0,0,0,0,0,2,1,6,6,1,42,7,2000,2,14,BMW 3 SERIES,10,E01015533,0,4
2024430101018,2024,430101018,2,9,0,18,19,4,8,0,0,8,0,0,0,0,1,1,6,6,1,50,8,1995,2,5,BMW 3 SERIES,2,E01016848,0,1
2024031411208,2024,031411208,1,9,0,-1,9,1,5,-1,0,1,0,0,0,0,1,1,-1,9,1,46,8,2996,1,15,BMW 3 SERIES,4,E01019281,0,1
2024421475539,2024,421475539,1,9,0,-1,19,1,5,-1,0,0,0,0,0,0,1,1,-1,6,2,44,7,2993,2,19,BMW 3 SERIES,10,E01023512,0,2
2024231452935,2024,231452935,1,9,0,-1,19,2,5,-1,0,0,1,0,7,0,1,1,-1,6,1,42,7,2993,2,7,BMW 3 SERIES,9,E01032894,0,1
2024131497226,2024,131497226,1,9,0,-1,19,5,1,-1,0,0,0,0,0,0,1,1,-1,6,1,34,6,1998,8,8,BMW 3 SERIES,1,E01011344,0,1
2024461524518,2024,461524518,1,9,0,-1,9,8,4,-1,0,8,0,0,0,0,3,1,-1,6,1,19,4,1995,1,20,BMW 3 SERIES,-1,-1,0,-1
2024221433042,2024,221433042,1,9,0,-1,7,7,1,-1,0,6,0,0,0,0,1,9,-1,2,1,35,6,1995,2,9,BMW 3 SERIES,3,E01014145,0,1
2024320766493,2024,320766493,2,9,0,-1,-1,4,8,0,0,8,0,0,0,0,1,1,-1,-1,1,39,7,1995,2,12,BMW 3 SERIES,7,E01026252,0,1
2024440454026,2024,440454026,4,9,0,4,4,2,6,0,0,0,0,0,0,0,1,1,2,2,1,58,9,1995,2,13,BMW 3 SERIES,-1,-1,0,-1
2024041535148,2024,041535148,2,9,0,-1,19,6,2,-1,0,8,0,0,1,11,2,1,-1,6,1,84,11,1995,1,19,BMW 3 SERIES,1,E01025229,0,1
2024010551323,2024,010551323,1,9,0,2,2,9,9,99,99,9,9,99,9,99,2,9,1,1,1,24,5,1998,8,2,BMW 3 SERIES,2,E01001151,0,3
2024991532715,2024,991532715,1,9,0,-1,5,4,8,-1,0,0,0,0,0,0,1,1,-1,6,1,26,6,1995,2,9,BMW 3 SERIES,-1,-1,0,-1
2024451457149,2024,451457149,2,9,0,-1,19,3,7,-1,0,1,0,0,0,0,2,1,-1,1,1,33,6,1998,8,1,BMW 3 SERIES,7,E01016853,0,4
2024010533951,2024,010533951,1,9,0,13,13,5,1,0,0,1,0,0,0,0,1,1,2,2,1,28,6,2979,1,18,BMW 3 SERIES,4,E01002393,0,1
2024451479535,2024,451479535,1,9,0,-1,4,8,4,-1,-1,5,0,0,0,0,1,1,-1,6,2,78,11,2979,1,18,BMW 3 SERIES,9,E01030617,0,1
2024401433429,2024,401433429,1,9,0,-1,19,3,7,-1,0,0,0,0,0,0,1,1,-1,6,1,31,6,1995,2,11,BMW 3 SERIES,3,E01017501,0,3
2024471404499,2024,471404499,1,9,0,-1,19,5,1,-1,0,2,0,4,0,0,1,1,-1,9,1,72,10,2993,2,9,BMW 3 SERIES,8,E01021069,0,3
2024221414281,2024,221414281,1,9,0,-1,13,3,7,-1,0,8,0,0,0,0,4,9,-1,6,1,61,9,1995,2,11,BMW 3 SERIES,6,E01014054,0,4
2024010531269,2024,010531269,2,9,0,18,19,5,1,0,0,0,0,0,0,0,1,1,1,1,1,32,6,1995,1,18,BMW 3 SERIES,6,E01000407,0,3
2024471462876,2024,471462876,2,9,0,-1,19,3,7,-1,0,1,0,0,0,0,0,1,-1,1,1,45,7,2993,2,6,BMW 3 SERIES,6,E01021034,0,3
2024061508699,2024,061508699,1,9,0,-1,19,6,3,-1,9,0,2,11,0,0,1,1,-1,9,1,27,6,2993,2,15,BMW 3 SERIES,10,E01006205,0,1
2024131450538,2024,131450538,3,9,0,-1,19,7,3,-1,0,0,0,0,0,0,0,1,-1,9,1,-1,-1,2993,2,5,BMW 3 SERIES,1,E01010614,0,4
2024231423083,2024,231423083,1,9,0,-1,5,3,1,-1,0,6,0,0,0,0,1,9,-1,6,1,35,6,2993,2,14,BMW 3 SERIES,1,E01031057,0,1
2024010514187,2024,010514187,1,9,0,99,99,9,9,99,99,9,9,99,9,99,2,9,6,6,2,58,9,1998,8,7,BMW 3 SERIES,7,E01001966,0,1
2024141434201,2024,141434201,1,9,0,-1,19,6,2,-1,0,0,0,4,0,0,1,1,-1,6,1,29,6,1995,2,7,BMW 3 SERIES,4,E01007489,0,1
2024010534022,2024,010534022,1,9,0,99,99,9,9,0,0,0,9,99,9,99,2,9,6,6,1,37,7,1995,1,17,BMW 3 SERIES,7,E01000294,0,4
2024131496681,2024,131496681,2,9,0,-1,19,7,3,-1,-1,0,0,0,0,0,1,1,-1,1,1,57,9,2993,2,7,BMW 3 SERIES,6,E01011885,0,3
2024622400359,2024,622400359,2,9,0,18,19,2,6,0,0,0,0,0,0,0,3,1,1,1,1,-1,-1,2993,2,4,BMW 3 SERIES,6,W01001754,0,2
202417L107724,2024,17L107724,2,9,0,-1,19,5,1,-1,0,0,0,0,0,0,3,1,-1,9,1,33,6,2993,2,16,BMW 3 SERIES,1,E01012143,0,2
2024041514956,2024,041514956,1,9,0,-1,19,4,8,-1,0,0,0,0,0,0,1,1,-1,9,1,36,7,1995,2,12,BMW 3 SERIES,4,E01006186,0,4
2024411396217,2024,411396217,2,9,0,-1,3,-1,-1,-1,0,0,0,0,0,0,2,9,-1,9,2,43,7,1995,2,9,BMW 3 SERIES,7,E01023832,0,1
2024201436186,2024,201436186,4,9,0,-1,19,8,5,-1,0,0,0,0,0,0,0,1,-1,1,1,27,6,2993,12,3,BMW 3 SERIES,-1,-1,0,-1
2024991405899,2024,991405899,2,9,0,-1,19,4,8,-1,0,0,0,0,0,0,1,1,-1,6,1,67,10,1995,2,6,BMW 3 SERIES,8,-1,0,1
2024010536879,2024,010536879,2,9,0,99,99,9,9,99,99,1,9,99,9,99,9,9,6,6,3,44,7,1499,1,8,BMW 3 SERIES,2,E01002715,0,1
2024451412995,2024,451412995,3,9,0,-1,4,3,7,-1,0,0,0,0,0,0,2,1,-1,6,2,37,7,1995,2,8,BMW 3 SERIES,-1,-1,0,-1
2024351509368,2024,351509368,2,9,0,-1,19,5,1,-1,0,1,0,0,1,1,1,1,-1,9,2,42,7,1995,2,14,BMW 3 SERIES,6,E01018052,0,1
2024501448931,2024,501448931,2,9,0,-1,19,1,5,-1,0,8,0,0,0,0,4,1,-1,2,2,26,6,1995,2,16,BMW 3 SERIES,8,E01019898,0,2
2024430266869,2024,430266869,1,9,0,4,4,5,1,0,0,0,0,0,0,0,1,1,6,6,2,-1,-1,2993,2,18,BMW 3 SERIES,-1,-1,0,-1
2024141532699,2024,141532699,3,9,0,-1,2,1,5,-1,-1,0,0,0,0,0,0,1,-1,6,-1,-1,-1,2993,8,2,BMW 3 SERIES,-1,-1,0,-1
2024546697124,2024,546697124,2,9,0,3,3,5,1,0,0,0,0,0,0,0,2,1,6,6,1,60,9,1998,8,1,BMW 3 SERIES,7,E01034541,0,2
2024991401828,2024,991401828,2,9,0,-1,19,8,4,-1,0,8,0,0,0,0,1,1,-1,6,1,29,6,1995,2,15,BMW 3 SERIES,5,-1,0,2
2024201519323,2024,201519323,2,9,-1,-1,-1,-1,-1,-1,-1,0,-1,-1,-1,0,-1,9,-1,6,1,47,8,1995,2,7,BMW 3 SERIES,2,E01010021,0,3
2024010492913,2024,010492913,2,9,0,2,2,0,0,6,6,1,0,0,0,0,1,1,6,6,3,-1,-1,1995,2,5,BMW 3 SERIES,-1,-1,0,-1
2024991472802,2024,991472802,2,9,0,-1,19,2,4,-1,0,8,0,0,0,0,4,1,-1,6,2,57,9,1995,2,8,BMW 3 SERIES,8,-1,0,1
2024440224231,2024,440224231,2,9,0,18,19,4,8,0,0,0,0,0,0,0,1,1,6,6,2,54,8,2993,2,11,BMW 3 SERIES,7,E01020540,0,4
2024351508038,2024,351508038,2,9,0,-1,19,4,8,-1,0,8,1,0,0,0,1,1,-1,2,1,24,5,2979,1,17,BMW 3 SERIES,2,E01033111,0,1
2024010535475,2024,010535475,1,9,0,99,99,9,9,99,99,0,9,99,9,99,2,9,6,6,1,34,6,1995,2,7,BMW 3 SERIES,2,E01000020,0,4
2024471461088,2024,471461088,2,9,0,-1,19,1,5,-1,0,0,0,0,0,0,3,1,-1,2,2,27,6,1998,1,0,BMW 3 SERIES,9,E01024778,0,4
2024010545233,2024,010545233,2,9,0,99,99,9,9,99,99,9,9,99,9,99,1,9,6,6,1,42,7,2494,1,21,BMW 3 SERIES,2,E01001331,0,1
2024440074732,2024,440074732,2,9,0,3,3,6,2,0,0,1,0,0,0,0,2,1,6,6,1,51,8,2993,2,17,BMW 3 SERIES,1,E01017240,0,2
2024440017070,2024,440017070,1,9,0,8,8,2,4,0,0,1,0,0,0,0,1,1,6,6,2,35,6,1995,2,12,BMW 3 SERIES,4,E01017020,0,1
2024332400715,2024,332400715,2,9,0,-1,3,2,6,-1,0,1,0,0,0,0,2,1,-1,9,1,26,6,1995,2,8,BMW 3 SERIES,2,E01025700,0,1
202417M116324,2024,17M116324,1,9,0,-1,19,7,3,-1,0,8,0,0,0,0,4,1,-1,9,1,27,6,1995,2,7,BMW 3 SERIES,8,E01012230,0,2
2024471417733,2024,471417733,3,9,0,-1,4,6,2,-1,0,0,0,0,0,0,2,1,-1,9,1,46,8,1995,2,7,BMW 3 SERIES,7,E01011895,0,5
202454D079824,2024,54D079824,1,9,0,4,4,3,7,0,0,1,0,0,0,0,0,1,6,6,2,66,10,1995,2,19,BMW 3 SERIES,3,E01031912,0,1
2024361459619,2024,361459619,1,9,0,-1,5,3,4,-1,0,6,0,0,0,0,4,1,-1,6,2,30,6,2000,2,14,BMW 3 SERIES,1,E01026869,0,3
2024070901330,2024,070901330,2,9,0,-1,9,3,1,-1,0,3,1,0,0,0,3,1,-1,1,1,62,9,2993,2,11,BMW 3 SERIES,7,E01035370,0,3
2024471401364,2024,471401364,3,9,0,-1,2,0,0,-1,0,0,0,0,0,0,1,1,-1,6,-1,-1,-1,1998,8,1,BMW 3 SERIES,-1,-1,0,-1
2024461442920,2024,461442920,1,9,0,-1,19,6,2,-1,0,0,2,0,0,0,4,1,-1,2,2,53,8,1995,2,8,BMW 3 SERIES,8,E01024015,0,2
2024010501919,2024,010501919,3,9,0,2,2,0,0,9,9,2,0,0,0,0,1,1,6,6,3,-1,-1,1499,1,9,BMW 3 SERIES,-1,-1,0,-1
2024501510477,2024,501510477,1,9,0,-1,13,3,7,-1,0,1,0,0,0,0,1,1,-1,6,1,60,9,1998,1,5,BMW 3 SERIES,6,E01018821,0,1
2024522403125,2024,522403125,2,9,0,13,13,6,2,0,0,0,0,0,0,0,1,1,6,6,2,47,8,1995,1,16,BMW 3 SERIES,7,E01014649,0,1
2024201455957,2024,201455957,1,9,0,-1,19,4,8,-1,0,0,0,4,0,0,1,1,-1,6,3,-1,-1,2993,2,9,BMW 3 SERIES,-1,-1,0,-1
2024010510009,2024,010510009,1,9,0,18,19,1,5,0,0,2,0,0,0,0,4,1,6,6,1,89,11,1995,1,16,BMW 3 SERIES,4,E01035717,0,1
2024332401040,2024,332401040,1,9,0,-1,3,4,8,-1,0,0,1,0,0,0,2,1,-1,6,2,31,6,1995,2,12,BMW 3 SERIES,9,E01025971,0,1
2024371516678,2024,371516678,2,9,0,-1,19,1,5,-1,0,0,0,0,0,0,3,1,-1,9,1,22,5,1995,2,15,BMW 3 SERIES,5,E01030188,0,3
2024320447640,2024,320447640,1,9,0,-1,-1,4,1,0,0,0,0,0,1,4,1,1,-1,-1,1,75,10,1995,2,18,BMW 3 SERIES,-1,-1,0,-1
2024131534685,2024,131534685,1,9,0,-1,1,5,1,-1,0,8,0,0,0,0,2,1,-1,9,2,39,7,1995,2,12,BMW 3 SERIES,1,E01010613,0,1
2024401399424,2024,401399424,2,9,0,-1,19,7,3,-1,0,0,0,0,0,0,1,1,-1,1,1,42,7,1995,2,14,BMW 3 SERIES,4,E01015724,0,1
2024552400585,2024,552400585,1,9,0,18,19,8,6,0,0,1,0,0,0,0,1,1,1,1,1,30,6,1995,2,10,BMW 3 SERIES,1,E01015338,0,1
2024131425997,2024,131425997,2,9,0,-1,9,2,3,-1,0,6,0,0,1,0,3,1,-1,9,2,31,6,1995,2,13,BMW 3 SERIES,8,E01011254,0,3
2024101411723,2024,101411723,1,9,0,-1,9,7,5,-1,0,6,0,0,0,0,1,1,-1,6,1,32,6,1995,2,14,BMW 3 SERIES,-1,-1,0,-1
2024430539328,2024,430539328,2,9,0,9,9,2,8,0,0,1,0,0,0,0,1,1,6,6,2,-1,-1,2993,2,14,BMW 3 SERIES,-1,-1,0,-1
2024041449101,2024,041449101,1,9,0,-1,4,3,7,-1,0,0,0,0,0,0,3,1,-1,6,1,30,6,2993,2,9,BMW 3 SERIES,3,E01025034,0,3
2024161419127,2024,161419127,1,9,0,-1,19,3,7,-1,0,8,1,0,1,0,1,1,-1,6,1,28,6,2993,2,18,BMW 3 SERIES,5,E01026390,0,4
2024010525629,2024,010525629,1,9,0,4,4,5,1,0,0,7,0,0,0,0,2,1,6,6,2,30,6,1998,8,8,BMW 3 SERIES,6,E01000244,0,3