collision_index,collision_year,collision_ref_no,vehicle_reference,vehicle_type,towing_and_articulation,vehicle_manoeuvre_historic,vehicle_manoeuvre,vehicle_direction_from,vehicle_direction_to,vehicle_location_restricted_lane_historic,vehicle_location_restricted_lane,junction_location,skidding_and_overturning,hit_object_in_carriageway,vehicle_leaving_carriageway,hit_object_off_carriageway,first_point_of_impact,vehicle_left_hand_drive,journey_purpose_of_driver_historic,journey_purpose_of_driver,sex_of_driver,age_of_driver,age_band_of_driver,engine_capacity_cc,propulsion_code,age_of_vehicle,generic_make_model,driver_imd_decile,lsoa_of_driver,escooter_flag,driver_distance_banding
2024311428865,2024,311428865,4,9,0,-1,2,0,0,-1,0,5,0,0,0,0,1,2,-1,6,1,52,8,1895,1,23,BMW 3 SERIES,-1,-1,0,-1
2024010544613,2024,010544613,1,9,0,18,19,1,5,0,0,8,0,0,7,0,1,1,6,6,2,45,7,1499,1,7,BMW 3 SERIES,6,E01004137,0,1
2024302400741,2024,302400741,1,9,0,7,7,1,4,0,0,8,0,0,0,0,1,1,6,6,1,39,7,1995,2,14,BMW 3 SERIES,2,E01013522,0,2
2024010520402,2024,010520402,1,9,0,7,7,1,3,0,0,6,0,0,0,0,1,1,6,6,2,67,10,1998,1,8,BMW 3 SERIES,4,E01003448,0,1
2024302400453,2024,302400453,2,9,0,18,19,8,4,0,0,8,0,0,0,0,3,1,2,2,1,67,10,1995,2,19,BMW 3 SERIES,1,E01013881,0,4
2024311526851,2024,311526851,2,9,0,-1,4,1,3,-1,0,1,0,0,0,0,1,1,-1,2,1,35,6,1995,2,16,BMW 3 SERIES,1,E01028226,0,3
2024991440291,2024,991440291,1,9,0,-1,19,3,7,-1,0,6,0,0,0,0,1,1,-1,1,1,66,10,1995,2,6,BMW 3 SERIES,9,-1,0,2
2024631460642,2024,631460642,1,9,0,-1,19,1,4,-1,0,1,0,10,3,2,1,1,-1,9,1,60,9,1995,2,12,BMW 3 SERIES,8,W01000699,0,2
2024221438940,2024,221438940,4,9,0,-1,19,6,8,-1,0,0,0,0,0,0,0,1,-1,6,1,40,7,2993,2,17,BMW 3 SERIES,5,E01014045,0,2
2024010524230,2024,010524230,6,9,0,3,3,7,3,0,0,2,0,0,0,0,1,1,6,6,2,21,5,1998,8,3,BMW 3 SERIES,3,E01001008,0,2
2024430538665,2024,430538665,1,9,0,7,7,8,2,0,0,4,0,0,0,0,0,1,6,6,2,47,8,1995,2,15,BMW 3 SERIES,7,E01028570,0,1
2024141423818,2024,141423818,3,9,0,-1,2,0,0,-1,0,2,0,0,0,0,3,1,-1,6,3,-1,-1,1995,2,10,BMW 3 SERIES,-1,-1,0,-1
2024451469549,2024,451469549,4,9,0,-1,19,6,2,-1,0,0,0,0,0,0,2,1,-1,1,1,55,8,1997,1,9,BMW 3 SERIES,10,E01030523,0,2
2024052402106,2024,052402106,2,9,0,18,19,1,5,0,0,4,0,0,0,0,1,1,1,1,1,29,6,2993,2,5,BMW 3 SERIES,-1,-1,0,-1
2024131503192,2024,131503192,1,9,0,-1,19,3,7,-1,0,1,0,0,0,0,4,1,-1,9,1,45,7,1998,8,3,BMW 3 SERIES,3,E01010801,0,1
2024421518138,2024,421518138,1,9,0,-1,19,1,6,-1,0,0,1,0,0,0,1,1,-1,9,2,24,5,2000,2,15,BMW 3 SERIES,6,E01021629,0,3
2024320730955,2024,320730955,1,9,0,-1,-1,1,5,9,9,6,0,0,0,0,1,1,-1,-1,1,56,9,1995,2,10,BMW 3 SERIES,5,E01026410,0,3
2024340WN4382,2024,340WN4382,2,9,0,-1,19,1,5,-1,0,3,0,0,7,1,4,1,-1,6,2,34,6,1995,2,16,BMW 3 SERIES,3,E01027227,0,1
2024311425047,2024,311425047,1,9,0,-1,19,2,6,-1,0,8,0,0,0,0,3,1,-1,6,1,40,7,1995,2,14,BMW 3 SERIES,8,E01027959,0,4
2024421502979,2024,421502979,1,9,0,-1,19,1,5,-1,0,0,2,0,0,0,1,1,-1,9,1,49,8,2000,2,15,BMW 3 SERIES,8,E01021604,0,1
2024440220047,2024,440220047,1,9,0,18,19,6,2,0,0,1,0,0,0,0,1,1,6,6,1,20,4,1995,1,17,BMW 3 SERIES,4,E01022523,0,1
2024010505338,2024,010505338,2,9,9,18,19,3,7,99,99,0,9,99,9,99,1,9,6,6,1,-1,-1,1998,8,4,BMW 3 SERIES,-1,-1,0,-1
2024411497665,2024,411497665,1,9,0,-1,19,1,5,-1,0,0,0,0,0,0,1,1,-1,6,1,-1,-1,1998,8,0,BMW 3 SERIES,-1,-1,0,-1
2024011448306,2024,011448306,2,9,0,-1,19,1,5,-1,0,0,0,0,0,0,2,1,-1,9,1,39,7,2996,1,13,BMW 3 SERIES,10,E01001104,0,4
2024991434681,2024,991434681,3,9,0,-1,3,1,5,-1,0,0,0,0,0,0,2,1,-1,2,1,32,6,1499,1,6,BMW 3 SERIES,3,-1,0,1
2024340WN7092,2024,340WN7092,1,9,0,-1,19,5,1,-1,0,0,0,0,0,0,1,1,-1,6,1,53,8,1995,2,9,BMW 3 SERIES,2,E01027151,0,1
2024461415421,2024,461415421,2,9,0,-1,9,3,7,-1,0,0,1,0,0,0,1,9,-1,6,2,32,6,1995,2,16,BMW 3 SERIES,3,E01024248,0,1
2024041416207,2024,041416207,1,9,0,-1,9,3,7,-1,0,1,0,0,0,0,1,1,-1,2,1,27,6,2000,2,13,BMW 3 SERIES,3,E01012585,0,1
2024010506026,2024,010506026,2,9,5,2,2,0,0,0,0,0,0,0,0,0,2,2,6,6,3,-1,-1,1995,2,8,BMW 3 SERIES,-1,-1,0,-1
2024131486903,2024,131486903,1,9,0,-1,19,5,1,-1,0,1,0,0,1,11,3,1,-1,1,1,59,9,1995,2,13,BMW 3 SERIES,1,E01010731,0,2
2024211454106,2024,211454106,1,9,0,-1,19,1,6,-1,0,0,2,0,1,0,0,1,-1,9,1,19,4,2793,1,27,BMW 3 SERIES,3,E01009864,0,2
2024010505286,2024,010505286,2,9,0,5,5,1,5,0,0,1,0,0,0,0,0,1,6,6,3,-1,-1,1995,2,7,BMW 3 SERIES,-1,-1,0,-1
2024430565070,2024,430565070,1,9,0,18,19,1,5,0,0,-1,0,0,0,0,0,1,6,6,1,35,6,1995,2,5,BMW 3 SERIES,-1,-1,0,-1
2024131452684,2024,131452684,1,9,0,-1,19,3,3,-1,0,0,0,0,0,0,3,1,-1,9,1,43,7,1995,2,11,BMW 3 SERIES,1,E01011312,0,1
2024211470000,2024,211470000,2,9,0,-1,19,2,6,-1,0,8,0,0,0,0,1,1,-1,9,1,31,6,1995,2,8,BMW 3 SERIES,2,E01029350,0,1
202417H108024,2024,17H108024,1,9,0,-1,19,5,1,-1,0,0,0,0,0,0,1,1,-1,9,2,33,6,1995,2,9,BMW 3 SERIES,-1,-1,0,-1
2024221406435,2024,221406435,1,9,0,-1,19,5,1,-1,0,4,0,0,0,0,1,9,-1,6,1,66,10,1995,2,16,BMW 3 SERIES,7,E01032180,0,1
2024141419076,2024,141419076,1,9,0,-1,9,2,2,-1,0,0,1,0,3,0,1,9,-1,1,1,35,6,2993,2,4,BMW 3 SERIES,3,E01007451,0,1
2024201419671,2024,201419671,2,9,0,-1,9,5,3,-1,0,1,0,0,0,0,4,9,-1,1,2,37,7,1995,1,15,BMW 3 SERIES,1,E01009343,0,2
2024122400698,2024,122400698,2,9,0,18,19,5,1,0,0,1,0,0,0,0,1,1,6,6,1,31,6,2171,1,24,BMW 3 SERIES,1,E01012952,0,3
2024471426265,2024,471426265,1,9,0,-1,19,1,5,-1,0,0,0,0,7,4,1,1,-1,9,1,29,6,2993,2,18,BMW 3 SERIES,6,E01021058,0,3
2024052402510,2024,052402510,1,9,0,18,19,6,2,0,0,0,0,0,0,0,3,1,6,6,1,31,6,1998,8,3,BMW 3 SERIES,1,E01006979,0,2
2024440093780,2024,440093780,5,9,0,18,19,3,7,0,0,0,0,0,0,0,1,1,2,2,1,-1,-1,1997,1,9,BMW 3 SERIES,8,E01031840,0,4
2024061494618,2024,061494618,1,9,0,-1,19,1,4,-1,0,0,1,7,6,0,1,1,-1,6,1,23,5,2993,2,11,BMW 3 SERIES,2,E01004847,0,1
2024461437314,2024,461437314,2,9,0,-1,19,3,7,-1,0,0,0,0,0,0,3,9,-1,1,1,50,8,1998,8,0,BMW 3 SERIES,-1,-1,0,-1
2024041493555,2024,041493555,2,9,0,-1,19,5,1,-1,0,1,0,0,0,0,1,1,-1,9,1,42,7,1995,2,13,BMW 3 SERIES,7,E01025559,0,1
2024061500327,2024,061500327,3,9,0,-1,19,3,7,-1,0,0,0,4,0,0,1,9,-1,6,2,29,6,1998,8,5,BMW 3 SERIES,1,E01011038,0,4
2024401446345,2024,401446345,2,9,0,-1,2,0,0,-1,0,0,0,4,0,0,2,1,-1,6,-1,-1,-1,1998,8,8,BMW 3 SERIES,-1,-1,0,-1
2024131507769,2024,131507769,1,9,0,-1,19,1,5,-1,0,8,0,0,1,3,1,1,-1,6,1,27,6,2993,2,6,BMW 3 SERIES,2,E01011123,0,3
2024010541051,2024,010541051,2,9,9,99,99,9,9,99,99,9,9,99,9,99,9,9,6,6,3,-1,-1,1995,2,5,BMW 3 SERIES,-1,-1,0,-1
2024421525191,2024,421525191,2,9,0,-1,19,4,1,-1,0,1,0,0,0,0,0,1,-1,1,1,45,7,2993,2,4,BMW 3 SERIES,7,E01021544,0,4
2024440364057,2024,440364057,1,9,0,18,19,7,3,0,0,0,5,0,1,7,1,1,6,6,1,56,9,1998,8,5,BMW 3 SERIES,5,E01029829,0,5
2024010520443,2024,010520443,2,9,0,18,19,6,2,0,0,1,0,0,0,0,1,1,6,6,1,58,9,1998,1,3,BMW 3 SERIES,10,E01002257,0,4
2024010505465,2024,010505465,2,9,0,18,19,1,5,0,0,1,0,0,0,0,3,1,6,6,1,47,8,1998,8,7,BMW 3 SERIES,9,E01000713,0,1
2024461506853,2024,461506853,1,9,0,-1,5,7,3,-1,0,7,0,0,0,0,4,9,-1,6,1,76,11,1995,1,13,BMW 3 SERIES,10,E01016051,0,2
2024421423246,2024,421423246,1,9,0,-1,9,4,6,-1,0,1,0,0,0,0,2,1,-1,6,1,21,5,1995,2,17,BMW 3 SERIES,6,E01015816,0,2
2024461522442,2024,461522442,1,9,0,-1,19,7,7,-1,0,1,1,0,0,0,1,2,-1,9,1,32,6,1995,2,19,BMW 3 SERIES,6,E01023979,0,2
2024421527492,2024,421527492,1,9,0,-1,19,5,8,-1,0,0,0,0,0,0,3,2,-1,6,2,36,7,2993,2,17,BMW 3 SERIES,7,E01023298,0,3
2024440549202,2024,440549202,1,9,0,5,5,5,1,0,0,4,0,0,0,0,1,1,2,2,1,47,8,1998,8,0,BMW 3 SERIES,10,E01022745,0,1
2024440546936,2024,440546936,1,9,0,16,19,1,5,0,0,1,1,0,7,0,4,1,6,6,1,22,5,1995,2,19,BMW 3 SERIES,5,E01035459,0,4
2024451437553,2024,451437553,2,9,0,-1,19,5,1,-1,0,0,0,99,0,0,1,1,-1,6,1,41,7,2494,1,22,BMW 3 SERIES,-1,-1,0,-1
2024010510360,2024,010510360,2,9,0,99,99,9,9,99,99,9,9,99,9,99,1,9,6,6,3,30,6,2996,1,18,BMW 3 SERIES,6,E01001258,0,1
2024221450317,2024,221450317,1,9,0,-1,19,5,8,-1,0,0,0,0,0,0,3,1,-1,6,1,66,10,1995,2,10,BMW 3 SERIES,4,E01028984,0,1
2024552400426,2024,552400426,1,9,0,5,5,3,6,0,0,6,0,0,0,0,1,1,6,6,2,36,7,1995,2,10,BMW 3 SERIES,5,E01015441,0,1
2024471472182,2024,471472182,2,9,0,-1,5,1,3,-1,0,6,0,0,0,0,0,1,-1,9,1,21,5,1995,2,16,BMW 3 SERIES,2,E01020925,0,1
2024010523919,2024,010523919,1,9,0,5,5,3,7,0,0,1,0,0,0,0,1,1,6,6,2,47,8,1995,2,9,BMW 3 SERIES,4,E01002425,0,1
2024332400514,2024,332400514,1,9,0,-1,19,5,1,-1,0,0,0,0,0,0,1,1,-1,6,2,-1,-1,1995,2,13,BMW 3 SERIES,-1,-1,0,-1
2024461442300,2024,461442300,2,9,0,-1,19,3,1,-1,0,0,0,0,0,0,2,1,-1,9,1,29,6,1995,2,12,BMW 3 SERIES,5,E01033087,0,1
2024320580266,2024,320580266,1,9,0,-1,-1,8,4,0,0,0,1,0,1,9,1,1,6,6,1,39,7,2993,2,15,BMW 3 SERIES,6,E01026199,0,1
2024461411425,2024,461411425,2,9,0,-1,19,3,7,-1,0,3,0,0,0,0,3,1,-1,6,1,28,6,2993,2,17,BMW 3 SERIES,1,E01024710,0,2
2024201463007,2024,201463007,2,9,0,-1,19,6,2,-1,0,8,0,0,0,0,4,1,-1,6,1,40,7,1598,1,10,BMW 3 SERIES,3,E01009089,0,1
2024131400160,2024,131400160,1,9,0,-1,19,5,1,-1,0,2,0,0,0,0,1,1,-1,6,1,50,8,1995,2,17,BMW 3 SERIES,1,E01010722,0,1
2024201408562,2024,201408562,2,9,0,-1,3,1,5,-1,0,0,0,0,0,0,2,1,-1,6,1,36,7,1995,1,17,BMW 3 SERIES,2,E01009095,0,2
2024520001497,2024,520001497,1,9,0,18,19,1,5,0,0,0,0,0,1,11,1,1,6,6,1,19,4,1995,2,19,BMW 3 SERIES,4,E01014450,0,1
2024070934649,2024,070934649,3,9,0,-1,4,1,5,-1,0,0,0,0,0,0,1,1,-1,9,1,57,9,2000,2,14,BMW 3 SERIES,8,E01018440,0,3
2024401477282,2024,401477282,1,9,0,-1,19,7,3,-1,0,0,1,0,0,0,1,1,-1,6,1,42,7,2998,1,6,BMW 3 SERIES,4,E01026016,0,4
2024430108500,2024,430108500,2,9,0,16,19,1,4,0,0,1,0,0,0,0,0,1,1,1,1,-1,-1,2993,2,5,BMW 3 SERIES,-1,-1,0,-1
2024421526326,2024,421526326,1,9,0,-1,13,3,7,-1,0,0,0,0,0,0,1,1,-1,1,1,53,8,1998,8,2,BMW 3 SERIES,6,E01030039,0,4
2024421404964,2024,421404964,1,9,0,-1,19,7,3,-1,0,0,1,0,1,0,1,1,-1,9,1,42,7,2993,2,17,BMW 3 SERIES,7,E01034093,0,1
2024501456297,2024,501456297,6,9,0,-1,2,0,0,-1,0,0,0,0,0,0,4,1,-1,6,-1,-1,-1,1995,2,12,BMW 3 SERIES,-1,-1,0,-1
2024070865014,2024,070865014,1,9,0,-1,19,3,7,-1,0,8,0,0,0,0,4,1,-1,9,1,23,5,1995,2,12,BMW 3 SERIES,-1,-1,0,-1
2024010516278,2024,010516278,1,9,0,18,19,3,7,0,0,4,1,0,1,2,1,1,6,6,1,24,5,1995,1,13,BMW 3 SERIES,2,E01004067,0,2
2024622400359,2024,622400359,1,9,0,18,19,2,6,0,0,0,0,0,0,0,3,1,1,1,1,-1,-1,1998,8,3,BMW 3 SERIES,3,W01001293,0,4
2024501523780,2024,501523780,2,9,0,-1,19,7,3,-1,0,0,0,0,0,0,1,1,-1,6,3,-1,-1,1995,2,10,BMW 3 SERIES,-1,-1,0,-1
2024991534009,2024,991534009,1,9,0,-1,12,7,3,-1,0,0,0,0,0,0,1,1,-1,1,1,32,6,1995,2,7,BMW 3 SERIES,1,-1,0,1
2024131500510,2024,131500510,2,9,0,-1,19,7,3,-1,0,8,0,0,1,7,3,1,-1,9,1,52,8,2000,2,14,BMW 3 SERIES,10,E01010773,0,2
2024461439293,2024,461439293,3,9,0,-1,19,7,3,-1,0,0,0,0,0,0,1,1,-1,6,1,41,7,2993,2,15,BMW 3 SERIES,-1,-1,0,-1
2024471495857,2024,471495857,1,9,0,-1,19,8,3,-1,0,0,0,0,0,0,1,1,-1,2,1,39,7,1998,8,3,BMW 3 SERIES,8,E01031354,0,2
2024440093780,2024,440093780,1,9,0,4,4,3,7,0,0,0,0,0,0,0,2,1,2,2,2,26,6,1499,1,6,BMW 3 SERIES,10,E01023231,0,2
2024471410448,2024,471410448,1,9,0,-1,19,7,3,-1,0,0,1,0,7,10,1,1,-1,6,1,19,4,1995,2,6,BMW 3 SERIES,9,E01000829,0,4
2024010522147,2024,010522147,4,9,0,2,2,0,0,0,0,1,0,0,0,0,1,1,6,6,3,-1,-1,1997,1,9,BMW 3 SERIES,-1,-1,0,-1
2024201499551,2024,201499551,1,9,0,-1,8,5,8,-1,0,1,0,0,0,0,2,1,-1,9,1,39,7,1995,2,13,BMW 3 SERIES,2,E01009744,0,1
2024010531930,2024,010531930,1,9,0,3,3,5,1,0,0,0,0,0,3,0,1,2,3,7,1,28,6,1998,1,0,BMW 3 SERIES,6,E01003650,0,1
2024061477017,2024,061477017,1,9,0,-1,3,1,1,-1,0,0,0,0,0,0,0,1,-1,6,1,47,8,1995,2,11,BMW 3 SERIES,-1,-1,0,-1
2024010509742,2024,010509742,1,9,0,2,2,0,0,0,0,0,0,0,0,0,3,1,6,6,3,-1,-1,1995,1,16,BMW 3 SERIES,-1,-1,0,-1
2024052400150,2024,052400150,1,9,0,18,19,4,8,0,0,0,0,0,0,0,1,1,6,6,1,-1,-1,1995,2,12,BMW 3 SERIES,5,E01006488,0,2
2024991508297,2024,991508297,2,9,0,-1,19,1,6,-1,0,0,0,0,7,0,1,1,-1,9,2,51,8,1995,2,11,BMW 3 SERIES,7,-1,0,1
2024201488776,2024,201488776,1,9,0,-1,9,7,5,-1,0,6,0,0,0,0,1,1,-1,6,2,32,6,2000,2,14,BMW 3 SERIES,10,E01010181,0,2
2024031445203,2024,031445203,1,9,0,-1,9,7,1,-1,0,8,0,0,0,0,4,1,-1,9,1,72,10,1998,1,0,BMW 3 SERIES,-1,-1,0,-1
2024461407385,2024,461407385,2,9,0,-1,5,3,7,-1,0,1,0,0,0,0,2,1,-1,9,1,54,8,2494,1,26,BMW 3 SERIES,8,E01024652,0,1
2024010511432,2024,010511432,2,9,0,2,2,0,0,0,0,1,0,0,0,0,3,1,6,6,3,-1,-1,2497,1,18,BMW 3 SERIES,-1,-1,0,-1
2024622400222,2024,622400222,2,9,0,16,19,4,8,0,0,0,0,0,0,0,1,1,1,1,1,-1,-1,2993,2,4,BMW 3 SERIES,9,W01001820,0,1
2024052400512,2024,052400512,1,9,0,18,19,1,5,0,0,8,1,4,1,4,1,1,6,6,1,29,6,1995,2,15,BMW 3 SERIES,6,E01034674,0,4
2024131475824,2024,131475824,1,9,-1,-1,19,5,1,-1,0,0,0,0,0,0,2,1,-1,6,3,-1,-1,1995,2,9,BMW 3 SERIES,-1,-1,0,-1
2024332400161,2024,332400161,1,9,0,-1,19,1,5,-1,0,1,0,0,0,0,1,1,-1,6,1,58,9,1995,2,11,BMW 3 SERIES,6,E01025995,0,1
2024991452163,2024,991452163,2,9,0,-1,4,7,3,-1,0,0,0,0,0,0,2,1,-1,9,2,57,9,1997,1,11,BMW 3 SERIES,8,-1,0,1
2024531506007,2024,531506007,1,9,0,-1,5,5,1,-1,0,6,0,0,0,0,1,1,-1,7,2,41,7,1998,8,2,BMW 3 SERIES,2,E01022328,0,1
2024141547801,2024,141547801,2,9,0,-1,19,3,7,-1,0,1,0,0,0,0,1,9,-1,6,3,-1,-1,1995,2,8,BMW 3 SERIES,-1,-1,0,-1
2024440323582,2024,440323582,2,9,0,18,19,4,8,0,0,0,0,0,0,0,1,1,1,1,1,42,7,1998,1,0,BMW 3 SERIES,9,E01030886,0,1
2024471440944,2024,471440944,1,9,0,-1,12,5,1,-1,0,0,0,0,0,0,1,9,-1,6,3,-1,-1,2926,2,23,BMW 3 SERIES,-1,-1,0,-1
2024451419785,2024,451419785,1,9,0,-1,19,2,8,-1,0,0,0,0,0,0,2,1,-1,7,1,43,7,1998,8,2,BMW 3 SERIES,8,E01035236,0,2
2024311398749,2024,311398749,2,9,0,-1,12,1,2,-1,0,0,0,0,0,0,1,1,-1,9,2,30,6,1995,2,5,BMW 3 SERIES,6,E01013892,0,1
2024201462255,2024,201462255,1,9,0,-1,9,7,4,-1,0,8,0,0,0,0,4,1,-1,9,1,26,6,1995,2,10,BMW 3 SERIES,2,E01010268,0,1
2024991444668,2024,991444668,1,9,0,-1,9,7,5,-1,0,6,0,0,0,0,1,1,-1,9,1,25,5,1997,1,9,BMW 3 SERIES,7,-1,0,3
2024421423358,2024,421423358,1,9,0,-1,5,8,4,-1,0,0,0,0,0,0,1,9,-1,2,1,32,6,2996,1,16,BMW 3 SERIES,7,E01015966,0,2
2024201413364,2024,201413364,1,9,0,-1,19,3,7,-1,0,0,1,10,1,4,1,9,-1,9,-1,-1,-1,2993,2,16,BMW 3 SERIES,-1,-1,0,-1
2024131509941,2024,131509941,3,9,0,-1,2,3,7,-1,0,8,0,0,0,0,0,1,-1,1,1,18,4,2993,2,3,BMW 3 SERIES,6,E01011885,0,3
2024010511723,2024,010511723,1,9,0,9,9,3,1,0,0,1,0,0,0,0,1,1,6,6,1,49,8,2979,1,18,BMW 3 SERIES,6,E01004021,0,1
2024010509934,2024,010509934,1,9,0,16,19,5,1,0,0,3,1,7,7,10,1,1,1,1,1,23,5,1998,8,5,BMW 3 SERIES,5,E01000505,0,1
2024141520558,2024,141520558,1,9,0,-1,5,5,1,-1,0,0,0,0,0,0,1,1,-1,9,1,25,5,1998,1,0,BMW 3 SERIES,1,E01007370,0,3
2024010530789,2024,010530789,2,9,0,15,15,5,1,0,0,0,0,4,0,0,1,1,6,6,1,19,4,1995,1,19,BMW 3 SERIES,10,E01030671,0,4
2024041426166,2024,041426166,1,9,0,-1,9,5,2,-1,0,8,0,0,0,0,1,1,-1,6,1,23,5,2000,2,15,BMW 3 SERIES,1,E01025042,0,2
2024440354166,2024,440354166,1,9,0,18,19,5,1,0,0,3,0,0,0,0,1,1,6,6,1,40,7,1995,2,12,BMW 3 SERIES,-1,-1,0,-1
2024430189605,2024,430189605,3,9,0,18,19,5,1,0,0,2,0,0,0,0,1,1,2,2,1,25,5,1995,2,15,BMW 3 SERIES,8,E01028772,0,1
2024401449549,2024,401449549,1,9,0,-1,19,7,3,-1,0,0,0,0,0,0,1,1,-1,6,1,82,11,1995,2,17,BMW 3 SERIES,5,E01017412,0,1
2024461456168,2024,461456168,2,9,0,-1,19,4,8,-1,0,1,0,0,0,0,1,1,-1,6,2,30,6,1998,1,5,BMW 3 SERIES,5,E01024728,0,3
2024010511637,2024,010511637,2,9,0,18,19,1,5,0,0,0,0,0,0,0,1,1,6,6,1,24,5,1995,2,7,BMW 3 SERIES,9,E01000667,0,2
2024430419487,2024,430419487,1,9,0,3,3,0,-1,0,0,1,0,0,0,0,0,1,6,6,1,34,6,1998,8,2,BMW 3 SERIES,-1,-1,0,-1
2024010521631,2024,010521631,1,9,0,18,19,1,5,0,0,2,0,0,0,0,4,1,1,1,1,23,5,1998,8,3,BMW 3 SERIES,4,E01000114,0,2
2024010532711,2024,010532711,2,9,0,99,99,9,9,99,99,9,9,99,9,99,1,9,6,6,3,-1,-1,1995,2,7,BMW 3 SERIES,9,E01003471,0,2
2024122400520,2024,122400520,2,9,0,17,19,3,8,0,0,2,0,0,0,0,1,1,2,2,1,37,7,1995,2,18,BMW 3 SERIES,2,E01013002,0,3
2024991408254,2024,991408254,1,9,0,-1,19,1,5,-1,0,8,5,0,0,0,1,1,-1,9,1,24,5,2993,2,8,BMW 3 SERIES,9,-1,0,2
2024451509630,2024,451509630,1,9,0,-1,4,5,1,-1,0,0,0,0,0,0,2,1,-1,7,1,29,6,1998,8,6,BMW 3 SERIES,10,E01030511,0,1
2024010498871,2024,010498871,2,9,0,99,99,9,9,99,99,9,9,99,9,99,1,9,6,6,3,-1,-1,1998,1,5,BMW 3 SERIES,-1,-1,0,-1
2024131522468,2024,131522468,1,9,0,-1,9,7,3,-1,0,6,0,0,0,0,3,1,-1,7,1,51,8,1995,2,13,BMW 3 SERIES,9,E01010774,0,2
2024440404153,2024,440404153,4,9,0,2,2,0,0,0,0,0,0,0,0,0,2,1,6,6,3,-1,-1,1995,2,17,BMW 3 SERIES,-1,-1,0,-1
2024461395562,2024,461395562,1,9,0,-1,19,6,2,-1,0,0,0,0,0,0,1,1,-1,6,1,19,4,2497,1,18,BMW 3 SERIES,7,E01024723,0,3
2024061437572,2024,061437572,2,9,0,-1,19,2,7,-1,0,8,0,0,0,0,1,1,-1,6,1,32,6,2993,2,11,BMW 3 SERIES,2,E01005514,0,2
2024451525939,2024,451525939,2,9,0,-1,19,8,4,-1,0,0,0,0,0,0,2,1,-1,2,1,37,7,1998,8,3,BMW 3 SERIES,4,E01030551,0,1
2024122400234,2024,122400234,1,9,0,18,19,3,7,0,0,0,0,0,0,0,1,1,2,2,1,32,6,2993,2,10,BMW 3 SERIES,7,E01012993,0,3
2024010532212,2024,010532212,1,9,0,18,19,7,3,0,0,1,0,0,0,0,2,1,6,6,1,25,5,1499,1,6,BMW 3 SERIES,3,E01003357,0,2
2024131485461,2024,131485461,2,9,0,-1,2,1,3,-1,9,1,0,0,0,0,1,1,-1,6,-1,-1,-1,2171,1,18,BMW 3 SERIES,-1,-1,0,-1
2024421407983,2024,421407983,1,9,0,-1,19,7,3,-1,-1,0,1,10,1,10,4,1,-1,2,2,35,6,1995,2,8,BMW 3 SERIES,6,E01021472,0,4
2024201472749,2024,201472749,1,9,0,-1,4,5,1,-1,0,1,0,0,0,0,1,1,-1,6,1,55,8,1995,2,11,BMW 3 SERIES,-1,-1,0,-1
2024131523715,2024,131523715,3,9,0,-1,19,7,7,-1,0,1,0,0,0,0,0,1,-1,1,1,40,7,2993,12,2,BMW 3 SERIES,1,E01010614,0,1
2024430622984,2024,430622984,1,9,0,9,9,2,8,0,0,4,1,7,0,0,4,1,6,6,1,33,6,2993,2,5,BMW 3 SERIES,-1,-1,0,-1
2024231444961,2024,231444961,1,9,0,-1,19,1,5,-1,0,8,0,0,0,0,1,1,-1,6,1,48,8,2979,1,21,BMW 3 SERIES,2,E01031097,0,1
2024010526927,2024,010526927,1,9,0,1,1,3,7,0,0,0,0,11,0,0,2,9,6,6,3,-1,-1,1998,1,7,BMW 3 SERIES,-1,-1,0,-1
2024520402227,2024,520402227,1,9,0,4,4,1,8,0,0,1,0,11,7,1,1,1,6,6,1,59,9,1995,2,10,BMW 3 SERIES,7,E01029085,0,1
2024061417142,2024,061417142,1,9,-1,-1,-1,-1,-1,-1,-1,0,-1,-1,-1,0,1,9,-1,6,1,-1,-1,1995,2,17,BMW 3 SERIES,-1,-1,0,-1
2024131418646,2024,131418646,1,9,0,-1,1,1,5,-1,0,1,0,0,0,0,-1,1,-1,6,1,29,6,1995,2,11,BMW 3 SERIES,7,E01011067,0,1
2024371523414,2024,371523414,2,9,0,-1,9,6,3,-1,0,0,0,0,0,0,0,9,-1,6,1,30,6,1998,1,3,BMW 3 SERIES,7,E01034573,0,1
2024041499946,2024,041499946,1,9,0,-1,5,3,7,-1,0,6,0,0,0,0,3,9,-1,6,3,-1,-1,2996,1,19,BMW 3 SERIES,-1,-1,0,-1
2024070874774,2024,070874774,3,9,0,-1,2,0,0,-1,-1,3,0,0,0,0,2,1,-1,1,1,39,7,1499,1,6,BMW 3 SERIES,4,E01032684,0,3
2024440018746,2024,440018746,1,9,0,16,19,8,4,0,0,0,1,0,8,7,3,1,6,6,1,23,5,1995,1,14,BMW 3 SERIES,7,E01031011,0,5
2024421512052,2024,421512052,2,9,0,-1,19,5,1,-1,0,0,2,0,1,0,1,1,-1,6,2,22,5,2926,2,23,BMW 3 SERIES,7,E01030143,0,4
2024010530594,2024,010530594,1,9,0,13,13,8,4,0,0,0,2,10,1,2,1,1,6,6,1,30,6,2996,1,17,BMW 3 SERIES,8,E01001544,0,1
2024061451087,2024,061451087,4,9,0,-1,2,0,0,-1,0,2,0,0,0,0,2,1,-1,6,-1,-1,-1,1995,2,7,BMW 3 SERIES,-1,-1,0,-1
2024010525035,2024,010525035,2,9,0,18,19,5,1,0,0,0,0,4,0,0,4,2,6,6,1,26,6,1998,1,2,BMW 3 SERIES,2,E01003196,0,1