collision_index,collision_year,collision_ref_no,vehicle_reference,vehicle_type,towing_and_articulation,vehicle_manoeuvre_historic,vehicle_manoeuvre,vehicle_direction_from,vehicle_direction_to,vehicle_location_restricted_lane_historic,vehicle_location_restricted_lane,junction_location,skidding_and_overturning,hit_object_in_carriageway,vehicle_leaving_carriageway,hit_object_off_carriageway,first_point_of_impact,vehicle_left_hand_drive,journey_purpose_of_driver_historic,journey_purpose_of_driver,sex_of_driver,age_of_driver,age_band_of_driver,engine_capacity_cc,propulsion_code,age_of_vehicle,generic_make_model,driver_imd_decile,lsoa_of_driver,escooter_flag,driver_distance_banding
2024161466138,2024,161466138,1,9,0,-1,2,0,0,-1,0,2,0,0,0,0,1,1,-1,6,-1,-1,-1,1995,2,16,BMW 3 SERIES,-1,-1,0,-1
2024141484782,2024,141484782,1,9,0,-1,19,5,1,-1,0,1,0,0,0,0,1,1,-1,2,2,37,7,1995,2,14,BMW 3 SERIES,2,E01007443,0,4
2024302400380,2024,302400380,1,9,0,9,9,5,3,0,0,0,0,0,7,0,3,1,6,6,1,20,4,2000,2,14,BMW 3 SERIES,5,W01000650,0,5
2024041439700,2024,041439700,1,9,0,-1,19,5,1,-1,9,2,0,0,1,4,1,1,-1,9,1,35,6,1998,8,4,BMW 3 SERIES,4,E01024975,0,1
2024201445106,2024,201445106,1,9,0,-1,19,4,8,-1,0,0,0,0,0,0,1,9,-1,2,1,65,9,2171,1,20,BMW 3 SERIES,1,E01009307,0,1
2024131520270,2024,131520270,1,9,0,-1,19,3,7,-1,0,8,5,0,0,0,1,1,-1,6,1,22,5,1995,2,10,BMW 3 SERIES,1,E01010813,0,2
2024471532048,2024,471532048,1,9,0,-1,19,8,6,-1,0,1,0,0,1,11,1,1,-1,6,-1,-1,-1,1998,1,5,BMW 3 SERIES,-1,-1,0,-1
2024131406250,2024,131406250,2,9,0,-1,19,5,1,-1,0,3,0,0,0,0,0,1,-1,1,1,23,5,2993,2,5,BMW 3 SERIES,1,E01010614,0,3
2024010504161,2024,010504161,2,9,0,18,19,1,5,0,0,2,0,0,0,0,1,1,6,6,1,24,5,1998,8,8,BMW 3 SERIES,5,W01001839,0,5
2024131526581,2024,131526581,1,9,0,-1,19,3,7,-1,0,2,0,0,0,0,1,1,-1,1,1,22,5,2993,2,7,BMW 3 SERIES,8,E01011744,0,1
2024520402494,2024,520402494,1,9,0,18,19,6,2,0,0,0,0,0,0,0,3,1,6,6,1,29,6,1995,2,18,BMW 3 SERIES,2,E01029304,0,2
2024122400957,2024,122400957,1,9,0,18,19,4,8,0,0,0,1,0,2,11,4,1,6,6,1,22,5,1995,2,10,BMW 3 SERIES,8,E01027702,0,2
2024361448364,2024,361448364,1,9,0,-1,-1,-1,-1,-1,-1,-1,-1,-1,-1,0,-1,9,-1,6,2,35,6,1997,1,11,BMW 3 SERIES,4,E01026864,0,1
2024010527521,2024,010527521,1,9,0,18,19,1,5,0,0,0,0,0,0,0,0,1,6,6,1,41,7,2993,2,13,BMW 3 SERIES,8,E01033088,0,4
2024201535893,2024,201535893,2,9,0,-1,5,7,1,-1,0,4,0,0,0,0,1,1,-1,6,1,45,7,1499,1,8,BMW 3 SERIES,2,E01010028,0,3
2024401498540,2024,401498540,2,9,0,-1,19,3,7,-1,0,0,0,0,0,0,1,1,-1,6,1,62,9,2000,2,14,BMW 3 SERIES,6,E01023663,0,2
2024010506182,2024,010506182,2,9,0,2,2,0,0,0,0,1,0,0,0,0,2,1,6,6,3,-1,-1,1995,2,12,BMW 3 SERIES,-1,-1,0,-1
2024501414803,2024,501414803,2,9,0,-1,19,5,1,-1,0,8,0,0,0,0,1,1,-1,2,1,36,7,1995,2,14,BMW 3 SERIES,1,E01015044,0,3
2024141484781,2024,141484781,2,9,0,-1,19,3,7,-1,0,0,0,0,0,0,1,1,-1,6,1,54,8,2993,2,12,BMW 3 SERIES,7,E01007477,0,1
2024010538019,2024,010538019,1,9,0,3,3,5,1,0,0,2,0,0,0,0,1,2,6,6,1,35,6,1995,1,16,BMW 3 SERIES,-1,-1,0,-1
2024302401586,2024,302401586,1,9,0,18,19,8,4,0,0,8,0,0,0,0,1,1,6,6,2,28,6,1995,2,18,BMW 3 SERIES,10,E01013564,0,1
2024010502304,2024,010502304,2,9,0,5,5,1,5,0,0,4,0,0,0,0,1,1,6,6,1,43,7,1995,1,17,BMW 3 SERIES,-1,-1,0,-1
202417L208624,2024,17L208624,1,9,0,-1,19,6,2,-1,0,0,1,0,1,4,1,1,-1,9,1,26,6,2926,2,22,BMW 3 SERIES,1,E01012102,0,2
2024010520544,2024,010520544,1,9,0,18,19,7,3,0,0,0,0,0,0,0,1,1,6,6,1,37,7,1998,8,7,BMW 3 SERIES,3,E01004169,0,1
2024411500938,2024,411500938,1,9,0,-1,5,2,8,-1,0,2,0,0,0,0,1,1,-1,6,1,41,7,1995,2,13,BMW 3 SERIES,3,E01017665,0,4
2024351414530,2024,351414530,1,9,0,-1,9,2,6,-1,0,1,0,0,0,0,1,1,-1,9,1,19,4,1998,8,5,BMW 3 SERIES,4,E01026706,0,4
2024161474548,2024,161474548,1,9,0,-1,19,5,2,-1,-1,0,0,4,0,0,1,1,-1,6,1,29,6,1995,2,17,BMW 3 SERIES,6,E01007565,0,4
2024610036624,2024,610036624,2,9,0,17,19,1,7,0,0,8,0,0,0,0,3,1,6,6,1,29,6,1995,2,12,BMW 3 SERIES,1,W01001621,0,1
2024231398809,2024,231398809,2,9,0,-1,5,5,1,-1,0,1,0,0,0,0,1,1,-1,9,1,52,8,1995,2,7,BMW 3 SERIES,8,E01031019,0,1
2024010539791,2024,010539791,1,9,0,99,99,9,9,99,99,9,9,99,9,99,1,9,6,6,3,-1,-1,1997,1,9,BMW 3 SERIES,-1,-1,0,-1
2024351429877,2024,351429877,1,9,0,-1,19,2,6,-1,0,0,0,0,1,3,1,1,-1,6,1,32,6,1995,2,19,BMW 3 SERIES,5,E01017961,0,3
2024552400650,2024,552400650,1,9,0,9,9,2,7,0,0,5,0,0,0,0,4,1,6,6,1,36,7,1995,2,11,BMW 3 SERIES,2,E01029835,0,5
2024052402146,2024,052402146,3,9,0,18,19,3,7,0,0,0,0,0,0,0,4,1,1,1,1,53,8,2993,2,5,BMW 3 SERIES,-1,-1,0,-1
2024041445765,2024,041445765,2,9,0,-1,9,7,3,-1,0,0,0,0,0,0,3,1,-1,9,1,34,6,1995,2,12,BMW 3 SERIES,1,E01012572,0,1
2024201484833,2024,201484833,2,9,0,-1,19,2,6,-1,0,0,0,0,0,0,3,1,-1,6,1,51,8,1995,2,10,BMW 3 SERIES,3,E01008986,0,1
2024010512696,2024,010512696,2,9,0,99,99,9,9,99,99,9,9,99,9,99,9,9,6,6,3,-1,-1,1998,8,3,BMW 3 SERIES,-1,-1,0,-1
2024401405484,2024,401405484,4,9,0,-1,4,7,3,-1,0,0,0,0,0,0,2,1,-1,6,1,43,7,2993,2,8,BMW 3 SERIES,1,E01016811,0,4
2024201464093,2024,201464093,1,9,0,-1,9,2,8,-1,0,2,0,0,0,0,1,1,-1,6,1,51,8,1995,2,8,BMW 3 SERIES,-1,-1,0,-1
2024131434579,2024,131434579,1,9,0,-1,19,3,7,-1,0,0,1,0,0,0,1,2,-1,2,1,49,8,1995,2,13,BMW 3 SERIES,4,E01011858,0,1
2024421446979,2024,421446979,1,9,0,-1,19,4,8,-1,0,0,0,0,0,0,1,9,-1,6,2,-1,-1,1995,12,4,BMW 3 SERIES,-1,-1,0,-1
2024010490958,2024,010490958,4,9,0,4,4,4,8,0,0,0,0,0,0,0,2,1,6,6,1,44,7,1998,8,5,BMW 3 SERIES,6,E01023305,0,3
2024141430946,2024,141430946,1,9,0,-1,19,1,6,-1,0,0,0,0,0,0,1,1,-1,6,1,64,9,1995,2,15,BMW 3 SERIES,3,E01007449,0,1
2024041523003,2024,041523003,1,9,0,-1,19,3,7,-1,0,0,0,0,1,0,3,1,-1,2,1,42,7,1995,2,9,BMW 3 SERIES,3,E01025050,0,2
2024371510782,2024,371510782,1,9,0,-1,19,1,5,-1,0,0,5,0,0,0,1,1,-1,6,1,27,6,1995,2,19,BMW 3 SERIES,6,E01029876,0,2
2024371547336,2024,371547336,1,9,0,-1,13,1,5,-1,0,0,0,0,1,10,1,1,-1,6,1,24,5,1995,1,16,BMW 3 SERIES,5,E01001396,0,5
2024631491185,2024,631491185,2,9,0,-1,19,2,6,-1,0,0,0,0,1,10,3,1,-1,9,2,34,6,2993,2,16,BMW 3 SERIES,8,W01000457,0,1
2024361396226,2024,361396226,3,9,0,-1,19,1,6,-1,0,0,0,0,7,0,1,9,-1,6,1,24,5,1598,1,11,BMW 3 SERIES,8,E01000574,0,5
2024010541767,2024,010541767,2,9,0,99,99,9,9,99,99,9,9,99,9,99,1,9,6,6,3,77,11,1998,1,7,BMW 3 SERIES,8,E01001925,0,2
2024010520235,2024,010520235,2,9,0,99,99,9,9,99,99,9,9,99,9,99,2,9,6,6,1,70,10,2497,1,17,BMW 3 SERIES,2,E01003092,0,1
2024361414310,2024,361414310,1,9,0,-1,19,1,5,-1,0,0,1,0,1,9,3,1,-1,6,1,38,7,2993,2,20,BMW 3 SERIES,5,E01026679,0,1
2024141441843,2024,141441843,1,9,0,-1,19,4,8,-1,0,1,0,0,7,11,1,1,-1,9,1,27,6,1995,2,12,BMW 3 SERIES,1,E01008054,0,3
2024201506205,2024,201506205,2,9,0,-1,19,2,4,-1,0,0,0,0,0,0,0,1,-1,8,2,29,6,2993,2,3,BMW 3 SERIES,4,E01009234,0,2
2024131466188,2024,131466188,3,9,0,-1,19,1,3,-1,0,1,0,0,0,0,0,1,-1,1,1,36,7,2993,2,5,BMW 3 SERIES,6,E01011885,0,3
2024471498183,2024,471498183,1,9,0,-1,9,3,1,-1,5,5,0,0,0,0,1,1,-1,9,1,44,7,2993,2,8,BMW 3 SERIES,9,E01017002,0,1
2024471528828,2024,471528828,1,9,0,-1,19,5,1,-1,0,0,1,0,1,0,3,1,-1,6,1,37,7,2993,2,17,BMW 3 SERIES,5,E01030433,0,4
2024221492106,2024,221492106,2,9,0,-1,19,5,1,-1,0,8,0,0,0,0,1,9,-1,6,1,56,9,1998,8,2,BMW 3 SERIES,6,E01032200,0,1
2024010499469,2024,010499469,2,9,0,99,99,9,9,99,99,9,9,99,9,99,2,9,6,6,3,-1,-1,1998,8,6,BMW 3 SERIES,6,E01002489,0,1
2024991433709,2024,991433709,2,9,0,-1,19,1,5,-1,0,1,0,0,0,0,1,1,-1,6,1,37,7,1995,2,10,BMW 3 SERIES,3,-1,0,1
2024451459713,2024,451459713,2,9,0,-1,19,7,3,-1,0,0,0,0,0,0,1,9,-1,6,3,30,6,1998,8,1,BMW 3 SERIES,-1,-1,0,-1
2024421514659,2024,421514659,1,9,0,-1,19,2,5,-1,0,0,1,0,0,0,1,1,-1,9,1,25,5,1998,1,5,BMW 3 SERIES,5,E01003547,0,4
2024501414224,2024,501414224,2,9,0,-1,9,5,3,-1,0,1,0,0,0,0,1,9,-1,2,1,57,9,2497,1,18,BMW 3 SERIES,3,E01022254,0,5
2024401464743,2024,401464743,2,9,0,-1,3,5,1,-1,0,1,0,0,0,0,3,1,-1,9,1,45,7,1998,8,4,BMW 3 SERIES,7,E01023618,0,3
2024552401394,2024,552401394,2,9,0,4,4,6,2,0,0,1,0,0,0,0,2,1,6,6,2,40,7,1998,8,5,BMW 3 SERIES,9,E01020350,0,1
2024531427494,2024,531427494,2,9,0,-1,19,6,2,-1,0,1,0,0,6,0,1,1,-1,1,1,57,9,1998,8,1,BMW 3 SERIES,-1,-1,0,-1
2024131455821,2024,131455821,1,9,0,-1,9,8,2,-1,0,0,0,0,0,0,1,1,-1,6,1,37,7,1995,2,10,BMW 3 SERIES,1,E01011344,0,1
2024520500246,2024,520500246,2,9,0,16,19,7,3,0,0,0,0,0,0,0,3,1,6,6,1,55,8,1995,2,6,BMW 3 SERIES,2,E01024315,0,5
2024010533274,2024,010533274,2,9,0,99,99,9,9,99,99,0,9,99,9,99,4,9,6,6,3,-1,-1,1998,1,5,BMW 3 SERIES,-1,-1,0,-1
2024332400384,2024,332400384,2,9,0,-1,19,7,3,-1,0,6,0,0,0,0,2,1,-1,6,1,28,6,1995,2,8,BMW 3 SERIES,4,E01013696,0,1
2024461532764,2024,461532764,4,9,0,-1,3,1,1,-1,0,0,0,0,0,0,2,1,-1,7,2,42,7,1995,2,17,BMW 3 SERIES,5,E01024065,0,1
2024471501679,2024,471501679,2,9,0,-1,19,3,7,-1,0,0,0,0,1,0,3,1,-1,9,2,33,6,1998,8,4,BMW 3 SERIES,10,E01035339,0,1
2024010542699,2024,010542699,1,9,0,18,19,5,1,0,0,2,0,0,0,0,3,1,6,6,1,25,5,1998,8,0,BMW 3 SERIES,4,E01004031,0,3
2024522403434,2024,522403434,1,8,0,9,9,2,1,0,0,6,0,0,0,0,3,1,1,1,1,32,6,1499,1,6,BMW 3 SERIES,1,E01033358,0,1
2024440071354,2024,440071354,1,9,0,18,19,2,6,0,0,0,0,0,5,6,1,1,6,6,1,29,6,1995,2,12,BMW 3 SERIES,8,E01032665,0,3
2024010514479,2024,010514479,1,9,0,18,19,7,3,0,0,0,0,0,0,0,1,1,6,6,2,33,6,1998,8,7,BMW 3 SERIES,7,E01002197,0,3
2024471483516,2024,471483516,1,9,0,-1,13,2,5,-1,0,0,1,0,0,0,1,1,-1,9,1,25,5,1995,2,15,BMW 3 SERIES,5,E01021047,0,1
2024401473843,2024,401473843,2,9,-1,-1,-1,-1,-1,-1,-1,0,-1,-1,-1,0,-1,9,-1,2,1,43,7,2993,2,8,BMW 3 SERIES,10,E01002149,0,4
2024131475226,2024,131475226,3,9,0,-1,19,5,1,-1,0,1,0,0,0,0,0,1,-1,1,2,32,6,2993,12,2,BMW 3 SERIES,6,E01011885,0,3
2024131496886,2024,131496886,4,9,0,-1,2,0,0,-1,0,2,0,0,0,0,3,1,-1,6,-1,-1,-1,1995,2,7,BMW 3 SERIES,-1,-1,0,-1
2024361467799,2024,361467799,2,9,0,-1,19,7,3,-1,0,0,0,0,0,0,2,1,-1,9,1,38,7,1995,2,10,BMW 3 SERIES,6,E01026767,0,3
2024010526906,2024,010526906,2,9,0,4,4,5,1,0,0,0,0,0,0,0,2,1,6,6,1,47,8,1995,2,6,BMW 3 SERIES,3,E01034205,0,2
2024421418946,2024,421418946,1,9,0,-1,19,3,7,-1,0,0,0,0,1,0,1,1,-1,2,1,22,5,1995,1,18,BMW 3 SERIES,7,E01034093,0,3
2024010533954,2024,010533954,2,9,0,99,99,9,9,99,99,0,9,99,9,99,9,9,6,6,3,38,7,1998,1,4,BMW 3 SERIES,3,E01035669,0,2
2024471457718,2024,471457718,2,9,0,-1,5,5,1,-1,0,0,0,0,0,0,1,1,-1,6,1,38,7,1995,2,13,BMW 3 SERIES,3,E01031483,0,2
2024351536186,2024,351536186,2,9,0,-1,19,1,5,-1,0,0,0,0,0,0,1,1,-1,1,1,47,8,1995,2,8,BMW 3 SERIES,9,E01018278,0,1
2024131508674,2024,131508674,1,9,0,-1,-1,-1,-1,-1,-1,0,-1,-1,-1,0,-1,1,-1,6,3,-1,-1,1995,2,16,BMW 3 SERIES,-1,-1,0,-1
2024401538205,2024,401538205,1,9,0,-1,-1,-1,-1,-1,-1,0,-1,-1,-1,0,-1,9,-1,9,1,34,6,1995,2,12,BMW 3 SERIES,6,E01017507,0,3
2024131512876,2024,131512876,2,9,0,-1,19,6,2,-1,0,0,0,0,0,0,0,1,-1,1,1,40,7,2993,2,5,BMW 3 SERIES,6,E01011885,0,2
2024501426068,2024,501426068,2,9,0,-1,19,3,7,-1,0,0,0,0,0,0,3,1,-1,2,1,61,9,2993,2,10,BMW 3 SERIES,9,E01019964,0,4
2024201516480,2024,201516480,1,9,0,-1,19,2,6,-1,0,2,0,4,0,0,1,1,-1,6,1,42,7,1995,1,16,BMW 3 SERIES,2,E01010041,0,1
2024351420229,2024,351420229,1,9,0,-1,6,7,5,-1,0,1,0,0,0,0,3,9,-1,1,1,42,7,1995,2,11,BMW 3 SERIES,1,E01015663,0,4
2024320504337,2024,320504337,1,9,0,9,9,6,5,0,0,5,0,0,0,0,1,1,-1,-1,1,23,5,1995,2,16,BMW 3 SERIES,2,E01015601,0,4
2024421405814,2024,421405814,1,9,0,-1,19,5,1,-1,0,0,0,0,1,0,1,1,-1,6,1,36,7,1995,1,17,BMW 3 SERIES,2,E01002281,0,2
2024031514828,2024,031514828,2,9,0,-1,19,2,6,-1,0,8,0,0,0,0,1,1,-1,9,1,56,9,1998,1,2,BMW 3 SERIES,-1,-1,0,-1
2024111461627,2024,111461627,1,9,0,-1,19,1,6,-1,0,0,1,0,1,11,1,1,-1,2,1,36,7,1995,2,17,BMW 3 SERIES,1,E01012074,0,4
2024010521046,2024,010521046,1,9,0,18,19,3,7,0,0,8,0,0,0,0,1,1,6,6,2,43,7,1995,2,8,BMW 3 SERIES,3,E01001421,0,1
2024211431994,2024,211431994,1,9,0,-1,19,3,7,-1,0,1,0,0,0,0,1,1,-1,6,1,27,6,1995,2,18,BMW 3 SERIES,-1,-1,0,-1
2024440507601,2024,440507601,2,9,0,4,4,4,8,0,0,0,0,0,0,0,2,1,1,1,1,40,7,1995,2,8,BMW 3 SERIES,2,E01017238,0,2
2024501415971,2024,501415971,1,9,0,-1,19,6,3,-1,0,0,0,0,1,4,1,9,-1,6,1,35,6,2993,2,18,BMW 3 SERIES,8,E01020102,0,3
2024070768279,2024,070768279,1,9,0,-1,19,6,2,-1,0,1,0,0,7,0,3,1,-1,6,2,34,6,1995,1,18,BMW 3 SERIES,6,E01018472,0,2
2024131414298,2024,131414298,1,9,0,-1,19,1,5,-1,0,0,1,0,1,0,1,1,-1,6,1,43,7,2000,2,13,BMW 3 SERIES,3,E01011601,0,1
2024351529538,2024,351529538,2,9,0,-1,2,0,0,-1,0,0,0,4,0,0,2,1,-1,6,-1,-1,-1,1995,2,16,BMW 3 SERIES,-1,-1,0,-1
2024520002578,2024,520002578,1,9,0,9,9,2,8,0,0,8,0,0,0,0,1,1,6,6,2,36,7,1995,2,12,BMW 3 SERIES,6,E01014399,0,2
2024010548436,2024,010548436,2,9,0,99,99,9,9,99,99,9,9,99,9,99,1,9,6,6,1,56,9,1998,1,5,BMW 3 SERIES,2,E01002767,0,1
2024451503261,2024,451503261,2,9,0,-1,19,8,4,-1,5,0,0,0,7,9,4,1,-1,1,1,49,8,2171,1,21,BMW 3 SERIES,10,E01030435,0,2
2024010490958,2024,010490958,1,9,0,18,19,4,8,0,0,0,0,0,0,0,1,1,6,6,1,71,10,1995,1,18,BMW 3 SERIES,9,E01002535,0,3
2024461485922,2024,461485922,1,9,0,-1,19,3,7,-1,0,1,0,0,0,0,1,1,-1,6,1,27,6,1995,2,15,BMW 3 SERIES,4,E01024681,0,1
2024451516003,2024,451516003,3,9,0,-1,19,6,8,-1,0,0,0,10,0,0,1,1,-1,7,1,50,8,1995,2,6,BMW 3 SERIES,9,E01030501,0,1
2024201413510,2024,201413510,2,9,0,-1,19,6,2,-1,0,8,0,0,0,0,4,9,-1,1,1,29,6,1995,2,11,BMW 3 SERIES,2,E01010268,0,2
2024070984530,2024,070984530,1,9,0,-1,19,8,4,-1,0,0,0,0,0,11,1,1,-1,9,1,74,10,1995,2,11,BMW 3 SERIES,9,E01012375,0,1
2024991409197,2024,991409197,1,9,0,-1,19,4,8,-1,0,0,0,0,1,0,1,1,-1,6,2,39,7,1995,2,13,BMW 3 SERIES,1,-1,0,3
2024010535430,2024,010535430,1,9,0,18,19,5,1,0,0,0,0,0,0,0,1,1,6,6,1,32,6,1998,8,4,BMW 3 SERIES,4,E01003035,0,1
2024991534390,2024,991534390,1,9,0,-1,9,7,5,-1,0,5,0,0,0,0,4,1,-1,9,2,37,7,1995,2,8,BMW 3 SERIES,-1,-1,0,-1
2024351521565,2024,351521565,3,9,0,-1,3,6,2,-1,0,1,0,0,0,0,1,1,-1,2,2,48,8,1995,2,14,BMW 3 SERIES,9,E01035592,0,4
2024440211802,2024,440211802,2,9,0,18,19,2,6,0,0,8,0,0,0,0,1,1,6,6,1,31,6,1998,1,5,BMW 3 SERIES,7,E01023225,0,1
2024010549750,2024,010549750,2,9,9,99,99,9,9,99,99,1,9,99,9,99,9,9,6,6,1,47,8,2996,1,18,BMW 3 SERIES,6,E01017827,0,4
2024041482454,2024,041482454,1,9,0,-1,19,8,4,-1,0,0,0,0,0,0,1,1,-1,2,1,50,8,1995,1,13,BMW 3 SERIES,2,E01012696,0,1
2024010516140,2024,010516140,2,9,0,99,99,9,9,99,99,9,9,99,9,99,2,9,6,6,3,-1,-1,1995,2,5,BMW 3 SERIES,-1,-1,0,-1
2024622400113,2024,622400113,2,9,0,17,19,3,8,0,0,8,0,0,0,0,0,1,1,1,3,-1,-1,2993,2,4,BMW 3 SERIES,-1,-1,0,-1
2024610028724,2024,610028724,1,9,0,18,19,3,7,0,0,0,1,0,0,0,2,1,6,6,1,21,5,2000,2,13,BMW 3 SERIES,3,W01001140,0,4
2024451508900,2024,451508900,2,9,0,-1,99,8,5,-1,0,0,0,99,0,0,1,1,-1,6,2,34,6,1995,2,17,BMW 3 SERIES,-1,-1,0,-1
2024471421312,2024,471421312,1,9,0,-1,19,3,7,-1,9,1,0,0,0,0,1,1,-1,9,2,35,6,1998,1,6,BMW 3 SERIES,2,E01031454,0,3
2024010526946,2024,010526946,1,9,0,99,99,9,9,99,99,9,9,99,9,99,1,9,6,6,1,-1,-1,2996,1,16,BMW 3 SERIES,6,E01003703,0,3
2024010538450,2024,010538450,1,9,0,9,9,1,6,0,0,5,0,0,0,0,3,1,6,6,1,25,5,2993,2,9,BMW 3 SERIES,3,E01001744,0,1
2024131439729,2024,131439729,2,9,0,-1,5,5,1,-1,0,1,0,0,0,0,4,1,-1,9,1,44,7,1995,2,19,BMW 3 SERIES,1,E01011864,0,4
2024411475028,2024,411475028,1,9,0,-1,19,8,4,-1,0,0,1,0,4,6,1,1,-1,6,1,30,6,1995,2,17,BMW 3 SERIES,4,E01023301,0,1
2024440430158,2024,440430158,1,9,0,7,7,5,7,0,0,6,0,0,0,0,1,1,6,6,3,-1,-1,2993,2,16,BMW 3 SERIES,-1,-1,0,-1
2024141424333,2024,141424333,1,9,0,-1,19,8,4,-1,0,0,0,10,7,3,1,1,-1,6,1,25,5,1995,2,16,BMW 3 SERIES,9,E01007802,0,1
2024201413884,2024,201413884,2,9,0,-1,5,6,3,-1,0,6,0,0,0,0,1,1,-1,1,1,29,6,2993,2,13,BMW 3 SERIES,6,E01010012,0,2
2024991488349,2024,991488349,2,9,0,-1,19,2,6,-1,0,1,0,0,0,0,1,1,-1,9,1,40,7,1998,8,1,BMW 3 SERIES,3,-1,0,1
2024041406687,2024,041406687,1,9,0,-1,19,5,1,-1,0,0,1,0,0,0,1,1,-1,9,2,21,5,1995,2,11,BMW 3 SERIES,7,E01012636,0,2
2024010492690,2024,010492690,2,9,0,18,19,5,1,0,0,1,0,0,0,0,1,1,6,6,1,23,5,1995,1,14,BMW 3 SERIES,3,E01015924,0,4
2024361531784,2024,361531784,1,9,0,-1,19,6,4,-1,0,1,0,0,0,0,1,1,-1,6,1,27,6,1499,1,7,BMW 3 SERIES,1,E01006632,0,5
2024010538340,2024,010538340,1,9,5,18,19,5,1,0,0,1,0,0,0,0,3,1,6,6,1,21,5,1995,2,7,BMW 3 SERIES,4,E01000235,0,1
2024522402508,2024,522402508,2,9,0,9,9,5,3,0,0,6,0,0,0,0,1,1,6,6,3,-1,-1,1596,1,31,BMW 3 SERIES,-1,-1,0,-1
2024201510648,2024,201510648,2,9,0,-1,1,1,5,-1,0,1,0,0,0,0,1,1,-1,1,1,57,9,2993,12,3,BMW 3 SERIES,4,E01009234,0,2
2024421426867,2024,421426867,1,9,0,-1,19,4,1,-1,0,8,0,0,0,0,1,1,-1,6,1,53,8,1998,8,1,BMW 3 SERIES,6,E01021663,0,2
2024351541682,2024,351541682,2,9,0,-1,2,0,0,-1,0,0,0,0,0,0,3,1,-1,6,-1,-1,-1,2000,2,13,BMW 3 SERIES,-1,-1,0,-1
2024141414431,2024,141414431,1,9,0,-1,19,4,8,-1,0,0,0,0,0,0,1,9,-1,6,2,31,6,1995,2,14,BMW 3 SERIES,10,E01007430,0,2
2024351399280,2024,351399280,1,9,0,-1,19,5,1,-1,0,1,0,9,0,0,1,9,-1,6,-1,-1,-1,1995,2,18,BMW 3 SERIES,-1,-1,0,-1
2024041519612,2024,041519612,2,9,0,-1,2,0,0,-1,-1,1,0,4,0,0,2,1,-1,1,1,47,8,1995,2,10,BMW 3 SERIES,1,E01012638,0,3
2024070192840,2024,070192840,2,9,0,4,4,7,3,0,0,0,0,0,0,0,2,1,6,6,1,76,11,1997,1,10,BMW 3 SERIES,6,E01018704,0,3
2024622400241,2024,622400241,2,9,0,4,4,3,7,0,0,8,0,0,0,0,2,1,6,6,1,37,7,1995,2,17,BMW 3 SERIES,1,W01001209,0,2
2024440511206,2024,440511206,1,9,0,18,19,2,6,0,0,0,0,0,1,4,1,1,6,6,2,38,7,1995,2,8,BMW 3 SERIES,10,E01023173,0,2
202454E647524,2024,54E647524,1,9,0,18,19,8,4,0,0,0,0,0,0,0,1,1,2,2,1,44,7,1995,2,21,BMW 3 SERIES,7,E01034807,0,4
2024131486021,2024,131486021,2,9,0,-1,4,1,5,-1,0,0,0,0,0,0,2,1,-1,9,1,56,9,1995,2,17,BMW 3 SERIES,6,E01035049,0,3
2024010516124,2024,010516124,3,9,0,2,2,0,0,0,0,2,0,0,0,0,2,1,6,6,3,-1,-1,1998,8,0,BMW 3 SERIES,-1,-1,0,-1
2024332400372,2024,332400372,1,9,0,-1,19,4,8,-1,0,8,0,0,0,0,1,1,-1,9,2,43,7,1998,1,5,BMW 3 SERIES,7,E01013759,0,1
2024201533665,2024,201533665,2,9,0,-1,19,3,7,-1,0,0,0,0,0,0,4,1,-1,9,1,27,6,2996,1,16,BMW 3 SERIES,4,E01003767,0,5
2024010508574,2024,010508574,1,9,0,9,9,5,4,0,0,5,0,0,0,0,3,1,6,6,1,28,6,1998,1,2,BMW 3 SERIES,3,E01004563,0,1
2024201460067,2024,201460067,2,9,0,-1,19,8,4,-1,0,8,0,0,0,0,1,1,-1,6,2,42,7,1995,2,6,BMW 3 SERIES,1,E01009412,0,1
2024440522337,2024,440522337,1,9,0,3,3,7,3,0,0,1,0,0,0,0,1,1,6,6,1,19,4,2494,1,19,BMW 3 SERIES,5,E01022678,0,4
2024622400110,2024,622400110,1,9,0,6,6,5,5,0,0,0,0,0,0,0,3,1,6,6,1,40,7,1995,1,20,BMW 3 SERIES,4,W01001964,0,1
2024052401919,2024,052401919,2,9,0,7,7,5,1,0,0,1,0,0,0,0,4,1,6,6,1,32,6,1995,2,7,BMW 3 SERIES,1,E01007269,0,1
2024010528223,2024,010528223,1,9,0,17,19,3,7,9,9,0,0,0,1,4,1,1,6,6,1,46,8,1997,1,12,BMW 3 SERIES,5,E01023542,0,1
2024332400560,2024,332400560,1,9,0,-1,1,7,3,-1,0,0,0,0,0,0,2,1,-1,6,1,-1,-1,2993,2,13,BMW 3 SERIES,-1,-1,0,-1
2024631399708,2024,631399708,2,9,0,-1,19,2,6,-1,0,0,0,0,0,0,1,1,-1,1,1,45,7,2993,12,3,BMW 3 SERIES,7,W01000619,0,5
2024201459221,2024,201459221,2,9,0,-1,3,8,4,-1,0,1,0,0,0,0,2,9,-1,9,1,54,8,1995,2,12,BMW 3 SERIES,4,E01009085,0,1
2024061442927,2024,061442927,2,9,0,-1,9,-1,-1,-1,99,6,0,0,0,0,1,1,-1,6,3,-1,-1,1995,2,10,BMW 3 SERIES,-1,-1,0,-1
2024211420789,2024,211420789,1,9,0,-1,19,3,8,-1,0,6,0,0,0,0,4,9,-1,9,2,36,7,1995,2,9,BMW 3 SERIES,9,E01018516,0,3