collision_index,collision_year,collision_ref_no,vehicle_reference,vehicle_type,towing_and_articulation,vehicle_manoeuvre_historic,vehicle_manoeuvre,vehicle_direction_from,vehicle_direction_to,vehicle_location_restricted_lane_historic,vehicle_location_restricted_lane,junction_location,skidding_and_overturning,hit_object_in_carriageway,vehicle_leaving_carriageway,hit_object_off_carriageway,first_point_of_impact,vehicle_left_hand_drive,journey_purpose_of_driver_historic,journey_purpose_of_driver,sex_of_driver,age_of_driver,age_band_of_driver,engine_capacity_cc,propulsion_code,age_of_vehicle,generic_make_model,driver_imd_decile,lsoa_of_driver,escooter_flag,driver_distance_banding
2024201465589,2024,201465589,1,9,0,-1,19,6,3,-1,0,0,0,4,1,0,4,9,-1,9,1,32,6,1995,1,14,BMW 3 SERIES,1,E01009202,0,1
2024451527620,2024,451527620,1,9,0,-1,19,1,5,-1,0,1,2,0,7,2,1,1,-1,9,1,25,5,2993,2,8,BMW 3 SERIES,10,E01031803,0,4
2024141507706,2024,141507706,1,9,0,-1,19,8,4,-1,0,0,0,0,0,0,1,1,-1,9,2,33,6,2000,2,14,BMW 3 SERIES,1,E01007764,0,1
2024131489677,2024,131489677,2,9,0,-1,19,7,3,-1,0,0,0,0,0,0,3,1,-1,6,1,47,8,1995,2,14,BMW 3 SERIES,9,E01011567,0,1
2024451515016,2024,451515016,2,9,0,-1,19,2,6,-1,0,0,0,0,0,0,1,1,-1,9,1,27,6,1995,1,14,BMW 3 SERIES,6,E01030738,0,1
2024461538427,2024,461538427,1,9,0,-1,19,3,7,-1,0,0,0,0,0,0,3,9,-1,6,1,40,7,1995,2,13,BMW 3 SERIES,2,E01024305,0,2
2024221406158,2024,221406158,1,9,0,-1,19,2,6,-1,0,0,0,0,0,0,1,1,-1,6,1,26,6,1995,2,15,BMW 3 SERIES,2,E01009392,0,4
2024010524768,2024,010524768,3,9,0,2,2,0,0,0,0,1,0,0,0,0,4,1,6,6,3,-1,-1,1995,2,9,BMW 3 SERIES,-1,-1,0,-1
2024552400409,2024,552400409,2,9,0,18,19,5,1,0,0,8,0,0,0,0,1,1,6,6,1,44,7,1995,2,11,BMW 3 SERIES,3,E01015426,0,2
2024131509704,2024,131509704,4,9,0,-1,2,0,0,-1,0,2,0,0,0,0,2,1,-1,6,-1,-1,-1,1998,1,3,BMW 3 SERIES,-1,-1,0,-1
2024991509274,2024,991509274,1,9,0,-1,7,2,7,-1,0,8,0,0,0,0,1,1,-1,9,1,39,7,1998,8,3,BMW 3 SERIES,1,-1,0,1
2024461524117,2024,461524117,1,9,0,-1,3,3,1,-1,0,0,0,0,0,0,1,1,-1,9,1,24,5,1995,2,12,BMW 3 SERIES,1,E01024671,0,1
2024201502598,2024,201502598,1,9,0,-1,15,1,5,-1,0,8,1,4,0,0,1,1,-1,6,1,26,6,1995,2,10,BMW 3 SERIES,1,E01009364,0,1
2024311436306,2024,311436306,1,9,0,-1,19,5,3,-1,0,8,2,0,8,2,1,1,-1,6,1,21,5,1998,1,5,BMW 3 SERIES,6,E01013837,0,1
2024010512592,2024,010512592,1,9,0,99,99,9,9,99,99,9,9,99,9,99,1,9,6,6,2,32,6,1995,1,18,BMW 3 SERIES,4,E01003733,0,3
2024201484222,2024,201484222,1,9,0,-1,7,8,4,-1,0,5,0,0,0,0,1,9,-1,1,1,47,8,2497,1,17,BMW 3 SERIES,4,E01010002,0,1
2024131499224,2024,131499224,2,9,0,-1,19,5,1,-1,0,3,0,0,0,0,4,1,-1,1,1,48,8,2993,2,3,BMW 3 SERIES,6,E01011885,0,2
2024141490968,2024,141490968,2,9,0,-1,19,7,3,-1,0,1,0,0,0,0,1,1,-1,2,1,27,6,1995,2,18,BMW 3 SERIES,1,E01007783,0,1
2024201508839,2024,201508839,2,9,0,-1,7,2,5,-1,0,5,0,0,0,0,1,1,-1,6,1,63,9,1998,1,0,BMW 3 SERIES,9,E01029748,0,4
2024302400894,2024,302400894,2,9,0,2,2,0,0,0,0,0,0,0,0,0,3,1,6,6,3,-1,-1,1995,1,19,BMW 3 SERIES,-1,-1,0,-1
2024320390827,2024,320390827,3,9,0,3,3,2,6,0,0,0,0,0,1,0,1,1,-1,-1,1,71,10,1995,2,8,BMW 3 SERIES,9,E01026321,0,1
2024070913334,2024,070913334,1,9,0,-1,4,5,1,-1,0,1,0,0,0,0,1,1,-1,9,1,32,6,1998,1,0,BMW 3 SERIES,8,E01006130,0,4
202417M301124,2024,17M301124,1,9,0,12,12,6,1,0,0,7,0,0,5,6,3,1,2,2,1,35,6,2993,2,16,BMW 3 SERIES,2,E01012042,0,1
2024131535722,2024,131535722,4,9,0,-1,19,1,5,-1,0,0,0,0,0,0,0,1,-1,1,1,-1,-1,2993,12,2,BMW 3 SERIES,6,E01011885,0,4
2024131412430,2024,131412430,2,9,0,-1,9,6,8,-1,0,0,0,0,0,0,1,1,-1,7,2,40,7,1995,2,19,BMW 3 SERIES,1,E01011430,0,1
2024520401550,2024,520401550,2,9,0,18,19,5,1,0,0,8,0,0,0,0,9,1,6,6,3,-1,-1,1995,2,13,BMW 3 SERIES,-1,-1,0,-1
2024201397906,2024,201397906,1,9,0,-1,5,2,5,-1,0,6,0,0,0,0,1,1,-1,2,1,70,10,1995,2,12,BMW 3 SERIES,3,E01029496,0,3
2024332400808,2024,332400808,3,9,0,-1,4,8,4,-1,0,0,0,0,0,0,2,1,-1,1,2,42,7,1998,1,1,BMW 3 SERIES,-1,-1,0,-1
2024430496973,2024,430496973,2,9,0,9,9,2,8,0,0,6,0,0,0,0,3,1,6,6,1,-1,-1,2494,1,24,BMW 3 SERIES,-1,-1,0,-1
2024131496681,2024,131496681,1,9,0,-1,19,7,3,-1,-1,0,0,0,0,0,2,1,-1,1,1,44,7,2993,12,2,BMW 3 SERIES,6,E01011885,0,3
2024520401289,2024,520401289,1,9,0,18,19,2,6,0,0,0,1,0,0,0,1,1,6,6,3,-1,-1,1995,2,18,BMW 3 SERIES,-1,-1,0,-1
2024311455625,2024,311455625,2,9,0,-1,2,5,1,-1,0,1,0,0,0,0,1,1,-1,6,-1,-1,-1,1995,2,10,BMW 3 SERIES,-1,-1,0,-1
2024451413061,2024,451413061,1,9,0,-1,19,2,6,-1,0,0,0,0,1,0,1,1,-1,9,2,30,6,1995,2,15,BMW 3 SERIES,4,E01030793,0,2
2024631495976,2024,631495976,3,9,0,-1,19,1,5,-1,0,0,0,0,0,0,3,1,-1,9,1,40,7,2993,2,17,BMW 3 SERIES,9,E01028911,0,4
2024471495179,2024,471495179,2,9,0,-1,9,7,5,-1,0,8,0,0,0,0,4,1,-1,6,1,27,6,1995,2,12,BMW 3 SERIES,3,E01008108,0,5
2024471522637,2024,471522637,1,9,0,-1,9,7,3,-1,0,6,0,0,0,0,3,1,-1,9,2,35,6,1995,2,10,BMW 3 SERIES,1,E01031429,0,1
2024131524726,2024,131524726,3,9,0,-1,19,3,7,-1,0,0,0,0,0,0,0,1,-1,1,1,-1,-1,2993,2,3,BMW 3 SERIES,6,E01011885,0,3
2024141504098,2024,141504098,1,9,0,-1,15,5,1,-1,0,0,0,0,0,0,1,1,-1,9,1,21,5,1998,8,5,BMW 3 SERIES,2,E01007497,0,2
2024061523602,2024,061523602,1,9,0,-1,19,3,7,-1,0,0,1,0,0,0,1,1,-1,6,1,19,4,1998,1,4,BMW 3 SERIES,4,E01023401,0,5
2024010507357,2024,010507357,1,9,0,13,13,7,3,0,0,1,0,0,0,0,1,1,6,6,1,17,4,2996,1,17,BMW 3 SERIES,-1,-1,0,-1
2024101510598,2024,101510598,2,9,0,-1,19,8,4,-1,0,8,0,0,0,0,1,1,-1,6,1,23,5,1995,2,9,BMW 3 SERIES,4,E01008767,0,1
2024141448915,2024,141448915,2,9,0,-1,5,1,8,-1,0,0,0,0,0,0,3,1,-1,9,2,21,5,1995,2,10,BMW 3 SERIES,5,E01007347,0,1
2024201452385,2024,201452385,1,9,0,-1,3,1,3,-1,0,0,0,4,0,0,1,9,-1,6,1,21,5,1995,2,11,BMW 3 SERIES,2,E01010090,0,1
2024302400797,2024,302400797,1,8,0,9,9,1,7,0,0,8,0,0,0,0,3,1,1,1,1,44,7,1995,2,11,BMW 3 SERIES,3,E01019554,0,1
202417M104424,2024,17M104424,2,9,0,18,19,2,6,0,0,0,0,0,0,0,3,1,6,6,1,25,5,1998,8,5,BMW 3 SERIES,1,E01035190,0,1
2024231509881,2024,231509881,2,9,0,-1,9,3,1,-1,0,6,0,0,0,0,1,1,-1,6,1,39,7,1995,1,13,BMW 3 SERIES,4,E01031032,0,1
2024421445767,2024,421445767,1,9,0,-1,19,6,2,-1,0,0,0,0,0,0,1,1,-1,9,1,20,4,1995,2,16,BMW 3 SERIES,4,E01021808,0,1
2024221443597,2024,221443597,1,9,0,-1,4,6,2,-1,0,1,0,0,0,0,2,9,-1,6,1,45,7,1995,2,4,BMW 3 SERIES,4,W01000423,0,4
2024010517812,2024,010517812,1,9,0,99,99,9,9,99,99,9,9,99,9,99,9,9,6,6,1,54,8,2996,1,15,BMW 3 SERIES,5,E01003914,0,3
2024010547899,2024,010547899,1,9,0,18,19,4,8,0,0,1,0,0,0,0,1,1,2,2,1,28,6,1995,2,9,BMW 3 SERIES,4,E01017837,0,4
2024010515139,2024,010515139,2,9,0,99,99,9,9,99,99,9,9,99,9,99,1,9,6,6,3,-1,-1,1995,1,18,BMW 3 SERIES,6,E01002563,0,3
2024361444290,2024,361444290,1,9,0,-1,19,2,6,-1,0,5,1,12,1,0,1,1,-1,9,2,25,5,1995,2,18,BMW 3 SERIES,9,E01026901,0,1
2024141435771,2024,141435771,2,9,0,-1,19,5,1,-1,0,1,0,0,0,0,1,1,-1,9,1,40,7,2000,2,13,BMW 3 SERIES,5,E01034253,0,1
2024221413018,2024,221413018,1,9,0,-1,19,7,3,-1,0,8,0,0,0,0,1,1,-1,6,1,33,6,1995,1,20,BMW 3 SERIES,6,E01034323,0,1
2024010543219,2024,010543219,2,9,0,99,99,9,9,99,99,9,9,99,9,99,2,9,6,6,3,-1,-1,1995,2,5,BMW 3 SERIES,-1,-1,0,-1
2024201454502,2024,201454502,1,9,0,-1,19,5,1,-1,0,0,0,0,0,0,1,1,-1,6,1,42,7,2996,1,15,BMW 3 SERIES,8,E01010307,0,1
2024421425194,2024,421425194,1,9,0,-1,19,3,7,-1,0,0,0,0,7,0,1,1,-1,6,1,23,5,1995,2,14,BMW 3 SERIES,6,E01021491,0,1
2024991503420,2024,991503420,1,9,0,-1,19,7,3,-1,0,1,0,0,0,0,1,1,-1,6,1,75,10,1995,2,10,BMW 3 SERIES,5,-1,0,1
2024141499431,2024,141499431,2,9,0,-1,11,3,3,-1,0,0,0,0,0,0,1,1,-1,9,2,63,9,1995,2,11,BMW 3 SERIES,8,E01007792,0,3
2024320239594,2024,320239594,1,9,0,9,9,2,8,0,0,5,0,0,0,0,4,1,-1,-1,1,22,5,1995,2,11,BMW 3 SERIES,4,E01026317,0,1
2024371516839,2024,371516839,1,9,0,-1,19,2,6,-1,0,0,0,10,1,0,3,1,-1,9,1,20,4,1995,2,16,BMW 3 SERIES,7,E01033449,0,1
2024010506201,2024,010506201,2,9,9,99,99,9,9,99,99,9,9,99,9,99,9,9,6,6,1,39,7,2979,1,14,BMW 3 SERIES,3,E01001504,0,3
2024430074503,2024,430074503,1,9,0,18,19,1,5,0,0,1,0,0,0,0,1,1,6,6,1,-1,-1,1995,2,13,BMW 3 SERIES,-1,-1,0,-1
2024351449484,2024,351449484,1,9,-1,-1,-1,-1,-1,-1,-1,0,-1,-1,-1,0,-1,9,-1,6,1,-1,-1,1995,2,18,BMW 3 SERIES,2,E01015612,0,1
2024161424009,2024,161424009,2,9,0,-1,19,5,1,-1,0,1,1,0,0,0,4,1,-1,9,1,25,5,1995,2,14,BMW 3 SERIES,2,E01035481,0,1
2024451504660,2024,451504660,2,9,0,-1,99,5,1,-1,0,0,0,0,0,0,3,1,-1,6,1,28,6,1998,8,4,BMW 3 SERIES,-1,-1,0,-1
2024401503972,2024,401503972,1,9,0,-1,5,-1,-1,-1,0,1,0,0,0,0,1,1,-1,7,1,53,8,1998,8,3,BMW 3 SERIES,9,E01033825,0,3
2024302401104,2024,302401104,2,9,0,13,13,6,2,0,0,0,0,0,0,0,1,1,6,6,1,20,4,1995,1,15,BMW 3 SERIES,5,E01013493,0,1
2024141533412,2024,141533412,1,9,0,-1,19,7,3,-1,0,0,0,0,0,0,3,1,-1,9,1,51,8,1997,1,10,BMW 3 SERIES,1,E01007574,0,1
2024501501604,2024,501501604,5,9,0,-1,20,0,0,-1,0,0,0,0,0,0,3,1,-1,6,-1,-1,-1,1995,2,13,BMW 3 SERIES,-1,-1,0,-1
2024440503071,2024,440503071,1,9,0,4,4,3,7,0,0,8,0,0,0,0,4,1,2,2,1,38,7,1796,1,26,BMW 3 SERIES,1,E01017166,0,1
2024451414008,2024,451414008,1,9,0,-1,9,2,3,-1,0,1,0,0,0,0,1,1,-1,9,1,22,5,1995,1,13,BMW 3 SERIES,3,E01002638,0,3
2024161453063,2024,161453063,1,9,0,-1,9,6,4,-1,0,1,0,0,0,0,1,1,-1,9,1,49,8,1995,2,6,BMW 3 SERIES,7,E01012987,0,2
2024201534922,2024,201534922,2,9,0,-1,19,1,5,-1,0,5,0,0,0,0,0,1,-1,8,1,42,7,2993,2,3,BMW 3 SERIES,4,E01009234,0,2
2024010498558,2024,010498558,1,8,0,99,99,9,9,99,99,9,9,99,9,99,2,9,1,1,1,28,6,1998,8,8,BMW 3 SERIES,3,E01004257,0,1
2024201448483,2024,201448483,1,9,0,-1,3,2,6,-1,0,2,0,0,0,0,2,1,-1,9,1,21,5,1995,2,9,BMW 3 SERIES,2,E01010419,0,1
2024430606353,2024,430606353,1,9,0,18,19,3,7,0,0,1,0,0,0,0,1,1,6,6,1,32,6,1995,2,11,BMW 3 SERIES,6,E01016469,0,1
2024201493691,2024,201493691,2,9,0,-1,9,3,1,-1,0,6,0,0,0,0,4,9,-1,6,3,-1,-1,1998,8,4,BMW 3 SERIES,-1,-1,0,-1
2024332400275,2024,332400275,2,9,0,-1,19,6,2,-1,0,4,0,0,0,0,3,1,-1,6,1,-1,-1,1995,2,10,BMW 3 SERIES,-1,-1,0,-1
2024421541938,2024,421541938,2,9,0,-1,10,7,5,-1,0,1,0,0,0,0,2,1,-1,6,1,35,6,1995,2,10,BMW 3 SERIES,3,E01015839,0,1
2024371400577,2024,371400577,1,9,0,-1,19,4,-1,-1,0,8,0,0,0,0,1,1,-1,6,1,-1,-1,1995,2,18,BMW 3 SERIES,-1,-1,0,-1
2024991490226,2024,991490226,2,9,0,-1,19,4,8,-1,0,0,0,11,0,0,3,1,-1,2,1,47,8,1995,2,8,BMW 3 SERIES,9,-1,0,2
2024010498886,2024,010498886,2,9,0,2,2,0,0,6,6,8,0,4,0,0,0,1,6,6,3,-1,-1,1499,1,8,BMW 3 SERIES,-1,-1,0,-1
2024461405431,2024,461405431,1,9,0,-1,19,5,1,-1,0,6,0,0,0,0,1,9,-1,6,3,-1,-1,2171,1,20,BMW 3 SERIES,-1,-1,0,-1
2024141512342,2024,141512342,1,9,0,-1,12,2,6,-1,0,0,0,0,0,0,1,1,-1,6,1,19,4,1995,2,10,BMW 3 SERIES,6,E01028013,0,4
2024201432223,2024,201432223,2,9,0,-1,3,3,7,-1,0,2,0,0,0,0,2,1,-1,2,2,30,6,2497,1,18,BMW 3 SERIES,1,E01009195,0,1
2024010542550,2024,010542550,1,9,0,99,99,9,9,99,99,9,9,99,9,99,3,9,6,6,1,24,5,2979,1,19,BMW 3 SERIES,3,E01000948,0,1
2024440504770,2024,440504770,2,9,0,9,9,8,6,0,0,6,0,0,0,0,1,1,6,6,2,31,6,1995,2,15,BMW 3 SERIES,5,E01022520,0,1
2024548430324,2024,548430324,1,9,0,18,19,3,7,0,0,0,0,0,0,0,3,1,6,6,2,23,5,1796,1,27,BMW 3 SERIES,-1,-1,0,-1
2024610007424,2024,610007424,1,9,0,18,19,7,3,0,0,1,0,0,0,0,2,1,6,6,1,29,6,1995,2,14,BMW 3 SERIES,6,W01001951,0,3
2024411455207,2024,411455207,2,9,0,-1,9,2,8,-1,0,1,0,0,0,0,1,1,-1,6,1,-1,-1,1995,2,14,BMW 3 SERIES,-1,-1,0,-1
2024131411129,2024,131411129,1,9,0,-1,10,1,1,-1,0,1,0,0,0,0,1,1,-1,6,1,38,7,1995,2,11,BMW 3 SERIES,3,E01011037,0,1
2024461449140,2024,461449140,1,9,0,-1,9,5,6,-1,0,0,0,10,7,0,4,1,-1,6,1,33,6,1995,2,11,BMW 3 SERIES,6,E01024180,0,1
2024461523811,2024,461523811,1,9,0,-1,9,5,1,-1,0,8,0,0,0,0,4,1,-1,9,2,44,7,1995,2,14,BMW 3 SERIES,6,E01024276,0,1
2024451504534,2024,451504534,4,9,0,-1,2,0,0,-1,9,0,0,0,0,0,1,1,-1,6,-1,-1,-1,1995,1,12,BMW 3 SERIES,-1,-1,0,-1
2024531438930,2024,531438930,1,9,0,-1,19,2,6,-1,0,0,1,0,4,6,1,1,-1,9,2,29,6,1995,2,19,BMW 3 SERIES,3,E01032381,0,4
2024631481965,2024,631481965,1,9,0,-1,9,2,8,-1,0,5,0,7,3,10,1,1,-1,2,1,35,6,1995,2,19,BMW 3 SERIES,5,W01000724,0,1
2024411455629,2024,411455629,2,9,0,-1,19,5,1,-1,0,1,0,0,0,0,1,1,-1,2,2,62,9,1995,2,7,BMW 3 SERIES,7,E01023345,0,1
2024010509857,2024,010509857,1,9,0,18,19,1,5,0,0,0,0,0,0,0,1,1,6,6,1,21,5,1598,1,11,BMW 3 SERIES,2,E01004007,0,1
2024231522702,2024,231522702,2,9,0,-1,5,5,1,-1,0,6,0,0,0,0,1,9,-1,6,3,45,7,1995,2,19,BMW 3 SERIES,-1,-1,0,-1
2024061499344,2024,061499344,1,9,0,-1,19,6,2,-1,0,8,0,10,0,0,1,2,-1,6,1,32,6,1998,1,4,BMW 3 SERIES,3,E01005179,0,2
2024052400405,2024,052400405,1,9,0,1,1,8,4,0,0,1,0,0,0,0,2,1,6,6,1,36,7,1998,1,2,BMW 3 SERIES,1,E01006608,0,2
2024131427313,2024,131427313,1,9,0,-1,19,3,7,-1,0,0,5,0,0,0,1,1,-1,1,1,30,6,2993,2,2,BMW 3 SERIES,1,E01010730,0,4
2024010528488,2024,010528488,3,9,0,2,2,0,0,0,0,1,0,0,0,0,1,1,6,6,3,-1,-1,1596,1,26,BMW 3 SERIES,-1,-1,0,-1
2024010551560,2024,010551560,2,9,0,99,99,9,9,99,99,9,9,99,9,99,9,9,6,6,3,-1,-1,1995,2,7,BMW 3 SERIES,-1,-1,0,-1
2024471426255,2024,471426255,3,9,0,-1,5,3,1,-1,0,8,0,0,0,0,0,1,-1,6,2,59,9,1995,1,12,BMW 3 SERIES,7,E01017004,0,1
2024131414291,2024,131414291,1,9,0,-1,19,5,3,-1,0,8,1,6,7,7,2,1,-1,9,2,24,5,2993,2,10,BMW 3 SERIES,3,E01011776,0,2
2024520402649,2024,520402649,2,9,0,3,3,2,6,0,0,0,0,0,0,0,2,1,6,6,1,69,10,1995,2,12,BMW 3 SERIES,8,E01034800,0,5
2024111530248,2024,111530248,1,9,0,-1,13,7,3,-1,0,0,0,0,0,0,1,1,-1,6,1,30,6,2000,2,15,BMW 3 SERIES,1,E01012040,0,4
2024371399682,2024,371399682,1,9,0,-1,19,0,0,-1,0,0,2,0,7,9,1,1,-1,9,1,35,6,1995,2,12,BMW 3 SERIES,1,E01033130,0,1
2024010490709,2024,010490709,1,9,0,10,10,3,1,0,0,6,0,0,0,0,4,1,6,6,1,27,6,2993,12,3,BMW 3 SERIES,5,E01002501,0,1
2024471409973,2024,471409973,3,9,0,-1,3,6,2,-1,0,0,0,0,0,0,2,1,-1,2,1,41,7,1995,1,15,BMW 3 SERIES,9,E01002263,0,4
2024451427713,2024,451427713,1,9,0,-1,6,7,3,-1,0,6,0,0,0,0,1,1,-1,1,2,60,9,1499,1,6,BMW 3 SERIES,7,E01030648,0,2
2024302401696,2024,302401696,2,9,0,-1,9,8,6,-1,0,8,0,0,0,0,3,1,-1,9,1,33,6,1995,2,13,BMW 3 SERIES,5,E01019461,0,1
2024201423905,2024,201423905,1,9,0,-1,19,8,4,-1,0,8,0,10,1,11,1,9,-1,6,1,26,6,1995,2,7,BMW 3 SERIES,3,E01010533,0,2
2024610028924,2024,610028924,2,9,0,18,19,4,8,0,0,1,0,0,0,0,1,1,6,6,1,28,6,2996,1,13,BMW 3 SERIES,6,E01015005,0,4
2024122400092,2024,122400092,1,9,0,18,19,5,1,0,0,0,1,0,1,1,4,1,6,6,1,35,6,2497,1,17,BMW 3 SERIES,1,E01012092,0,3
2024451395461,2024,451395461,3,9,0,-1,19,1,5,-1,0,0,0,0,0,0,0,1,-1,1,1,42,7,2993,12,2,BMW 3 SERIES,7,E01030452,0,3
2024401441145,2024,401441145,3,9,0,-1,19,1,5,-1,0,1,0,0,0,0,1,1,-1,6,1,34,6,1998,8,1,BMW 3 SERIES,9,E01017549,0,2
2024461483597,2024,461483597,2,9,0,-1,19,1,5,-1,0,0,0,0,0,0,1,2,-1,9,2,57,9,1995,2,14,BMW 3 SERIES,3,E01024090,0,1
202460Q082069,2024,60Q082069,1,9,0,17,19,6,2,0,0,0,0,0,0,0,1,1,6,6,3,-1,-1,1995,2,18,BMW 3 SERIES,-1,-1,0,-1
2024440100099,2024,440100099,1,9,0,18,19,4,8,0,0,0,0,0,0,0,4,1,6,6,2,45,7,2993,2,7,BMW 3 SERIES,-1,-1,0,-1
2024440028067,2024,440028067,2,9,0,18,19,1,3,0,0,2,0,0,0,0,1,1,6,6,1,-1,-1,1995,2,8,BMW 3 SERIES,2,E01017253,0,1
2024031513284,2024,031513284,1,9,0,-1,19,6,1,-1,0,0,2,0,7,11,1,1,-1,2,1,45,7,2993,2,15,BMW 3 SERIES,7,E01019133,0,3
2024542740324,2024,542740324,1,9,0,9,9,7,3,0,0,4,0,0,0,0,1,1,6,6,2,31,6,1995,2,18,BMW 3 SERIES,2,E01033846,0,1
2024010530437,2024,010530437,1,9,0,4,4,1,5,0,0,8,0,0,0,0,4,1,2,2,1,61,9,1995,1,15,BMW 3 SERIES,6,E01001217,0,2
2024301516431,2024,301516431,2,9,0,-1,-1,5,1,-1,-1,1,0,0,7,0,1,1,-1,-1,1,39,7,2993,2,10,BMW 3 SERIES,-1,-1,0,-1
2024401428282,2024,401428282,1,9,0,-1,13,2,6,-1,0,4,0,0,0,0,3,9,-1,6,1,20,4,2993,2,18,BMW 3 SERIES,6,E01016732,0,3
202454E820524,2024,54E820524,1,9,0,18,19,2,6,0,0,1,0,0,0,0,3,1,6,6,1,33,6,1995,1,16,BMW 3 SERIES,6,E01032716,0,1
2024361463844,2024,361463844,1,9,0,-1,19,1,5,-1,0,8,0,0,0,0,1,1,-1,6,1,38,7,1995,2,7,BMW 3 SERIES,5,E01026783,0,1
2024361424004,2024,361424004,1,9,0,-1,19,1,5,-1,0,2,1,0,1,0,4,1,-1,6,1,41,7,1997,1,12,BMW 3 SERIES,8,E01035150,0,2
2024201444148,2024,201444148,2,9,0,-1,19,7,6,-1,0,1,0,0,0,0,3,1,-1,6,1,27,6,1995,2,14,BMW 3 SERIES,3,E01009164,0,1
2024052401895,2024,052401895,2,9,0,18,19,7,4,0,0,8,5,0,8,10,3,1,6,6,1,28,6,1995,2,18,BMW 3 SERIES,3,E01007058,0,2
2024351402087,2024,351402087,1,9,0,-1,13,1,5,-1,0,0,1,0,1,0,1,1,-1,2,1,21,5,2494,1,23,BMW 3 SERIES,3,E01015619,0,1
2024010524228,2024,010524228,2,9,0,99,99,9,9,99,99,9,9,99,9,99,9,9,6,6,3,-1,-1,1995,1,17,BMW 3 SERIES,1,E01007714,0,5
2024430238080,2024,430238080,1,9,0,18,19,5,1,0,0,0,0,0,0,0,1,1,6,6,1,-1,-1,1995,2,17,BMW 3 SERIES,-1,-1,0,-1
2024211512845,2024,211512845,1,9,0,-1,5,8,5,-1,0,4,0,0,0,0,1,1,-1,2,1,49,8,1995,2,5,BMW 3 SERIES,6,E01014264,0,1
2024010536603,2024,010536603,2,9,9,18,19,5,1,0,0,9,9,99,1,99,9,9,6,6,2,-1,-1,1995,1,18,BMW 3 SERIES,3,E01003321,0,1
2024052401366,2024,052401366,3,9,0,18,19,6,2,0,0,0,0,0,0,0,0,1,1,1,1,-1,-1,2993,2,5,BMW 3 SERIES,2,E01007218,0,2
2024501529450,2024,501529450,2,9,0,-1,4,7,3,-1,0,0,0,0,0,0,2,1,-1,2,1,53,8,1995,2,16,BMW 3 SERIES,5,E01020002,0,2
2024201431400,2024,201431400,2,9,0,-1,19,4,8,-1,0,1,0,0,0,0,2,1,-1,9,1,39,7,1995,2,14,BMW 3 SERIES,8,E01010520,0,3
2024471473925,2024,471473925,3,9,0,-1,2,0,0,-1,0,0,0,0,0,0,2,1,-1,6,-1,-1,-1,1995,2,19,BMW 3 SERIES,-1,-1,0,-1
2024010510878,2024,010510878,1,9,0,9,9,1,7,0,0,5,0,11,0,0,1,1,6,6,2,24,5,1995,2,10,BMW 3 SERIES,-1,-1,0,-1
2024361496497,2024,361496497,1,9,0,-1,2,0,0,-1,9,0,1,0,1,0,1,1,-1,9,1,28,6,1995,2,19,BMW 3 SERIES,7,E01004307,0,5
2024351437871,2024,351437871,3,9,0,-1,4,1,5,-1,0,0,0,0,0,0,2,1,-1,6,2,56,9,1995,-1,3,BMW 3 SERIES,7,E01018255,0,2
2024010524952,2024,010524952,1,9,0,18,19,5,1,9,9,2,0,11,1,2,1,1,6,6,1,35,6,1995,1,16,BMW 3 SERIES,8,E01000233,0,4
2024543659624,2024,543659624,2,9,0,4,4,7,3,0,0,1,0,0,0,0,2,1,6,6,1,39,7,2996,1,17,BMW 3 SERIES,9,E01015485,0,1
2024371531635,2024,371531635,2,9,0,-1,19,2,1,-1,0,0,0,0,0,0,3,1,-1,6,1,29,6,1995,2,12,BMW 3 SERIES,1,E01033129,0,1
2024461501914,2024,461501914,1,9,0,-1,8,1,5,-1,0,2,0,0,0,0,1,9,-1,6,3,-1,-1,1995,2,18,BMW 3 SERIES,-1,-1,0,-1
2024461429377,2024,461429377,1,9,0,-1,19,4,7,-1,0,0,0,0,0,0,1,9,-1,9,1,29,6,1995,2,16,BMW 3 SERIES,3,E01016038,0,1
2024061478740,2024,061478740,2,9,0,-1,-1,-1,-1,-1,-1,-1,-1,-1,-1,0,-1,9,-1,6,3,-1,-1,1995,2,6,BMW 3 SERIES,-1,-1,0,-1
2024221399355,2024,221399355,1,9,0,-1,6,3,3,-1,0,8,0,0,0,0,3,9,-1,6,1,26,6,2000,2,14,BMW 3 SERIES,6,E01014133,0,1
2024522401156,2024,522401156,2,9,0,13,13,8,4,0,0,2,0,4,0,0,1,1,6,6,1,27,6,1995,2,9,BMW 3 SERIES,1,E01014706,0,2
2024010499280,2024,010499280,2,9,0,99,99,9,9,99,99,9,9,99,9,99,9,9,6,6,3,-1,-1,1998,1,4,BMW 3 SERIES,-1,-1,0,-1
2024070913334,2024,070913334,3,9,0,-1,4,5,1,-1,0,1,0,0,0,0,2,1,-1,9,1,27,6,2993,2,12,BMW 3 SERIES,9,E01005742,0,4
2024061400984,2024,061400984,2,9,0,-1,5,5,5,-1,0,2,0,0,0,0,1,1,-1,6,1,38,7,1998,8,1,BMW 3 SERIES,1,E01004948,0,1
2024430082276,2024,430082276,1,9,0,15,15,2,6,0,0,0,0,0,0,0,3,1,1,1,1,52,8,2993,2,4,BMW 3 SERIES,4,E01016439,0,3
2024421404780,2024,421404780,2,9,0,-1,19,1,4,-1,0,1,0,0,0,0,4,1,-1,6,1,79,11,1995,2,11,BMW 3 SERIES,8,E01021763,0,1