collision_index,collision_year,collision_ref_no,vehicle_reference,vehicle_type,towing_and_articulation,vehicle_manoeuvre_historic,vehicle_manoeuvre,vehicle_direction_from,vehicle_direction_to,vehicle_location_restricted_lane_historic,vehicle_location_restricted_lane,junction_location,skidding_and_overturning,hit_object_in_carriageway,vehicle_leaving_carriageway,hit_object_off_carriageway,first_point_of_impact,vehicle_left_hand_drive,journey_purpose_of_driver_historic,journey_purpose_of_driver,sex_of_driver,age_of_driver,age_band_of_driver,engine_capacity_cc,propulsion_code,age_of_vehicle,generic_make_model,driver_imd_decile,lsoa_of_driver,escooter_flag,driver_distance_banding
2024101476200,2024,101476200,1,9,0,-1,19,1,5,-1,0,0,0,0,0,0,3,1,-1,6,1,27,6,1998,1,5,BMW 3 SERIES,4,E01033548,0,1
2024010502293,2024,010502293,1,9,0,6,6,3,3,0,0,0,0,0,0,0,1,1,6,6,1,38,7,1998,1,6,BMW 3 SERIES,3,E01002627,0,1
2024101488717,2024,101488717,2,9,0,-1,19,5,1,-1,0,8,0,0,1,0,4,1,-1,6,1,35,6,2979,1,19,BMW 3 SERIES,1,E01008297,0,3
2024481510874,2024,481510874,1,9,0,-1,1,1,5,-1,0,1,0,0,0,0,2,1,-1,9,1,29,6,1998,8,4,BMW 3 SERIES,-1,-1,0,-1
2024520402636,2024,520402636,2,9,0,18,19,2,6,0,0,0,0,0,0,0,1,1,6,6,1,69,10,1995,2,16,BMW 3 SERIES,6,E01020142,0,5
2024031421390,2024,031421390,1,9,0,-1,19,2,1,-1,0,1,0,0,0,0,1,9,-1,9,1,28,6,1995,2,9,BMW 3 SERIES,10,E01019251,0,1
2024122400810,2024,122400810,2,9,0,3,3,4,8,0,0,1,0,0,0,0,2,1,6,6,1,69,10,1995,1,16,BMW 3 SERIES,2,E01027825,0,2
2024052401314,2024,052401314,2,9,0,18,19,7,3,0,0,0,0,0,0,0,1,1,1,1,2,-1,-1,2993,2,5,BMW 3 SERIES,3,E01006743,0,3
2024010544724,2024,010544724,1,9,0,99,99,9,9,99,99,9,9,99,9,99,9,9,6,6,1,23,5,1998,8,6,BMW 3 SERIES,7,E01002499,0,1
2024430630790,2024,430630790,2,9,0,2,2,0,0,9,9,0,0,0,0,0,1,1,6,6,1,43,7,2000,2,14,BMW 3 SERIES,9,E01016314,0,1
2024991480233,2024,991480233,1,9,0,-1,19,3,7,-1,0,0,0,0,0,0,4,1,-1,6,1,27,6,1995,2,7,BMW 3 SERIES,1,-1,0,1
2024421513351,2024,421513351,2,9,0,-1,4,3,7,-1,0,0,1,0,0,0,2,1,-1,2,1,58,9,1998,8,3,BMW 3 SERIES,7,E01021476,0,1
2024041478542,2024,041478542,1,9,0,-1,19,1,5,-1,0,8,0,0,7,0,1,1,-1,9,1,18,4,1995,1,21,BMW 3 SERIES,4,W01000075,0,5
2024440295766,2024,440295766,2,9,0,17,19,2,7,0,0,1,0,0,0,0,1,1,2,2,2,56,9,1998,1,7,BMW 3 SERIES,10,E01022865,0,2
2024221402861,2024,221402861,1,9,0,-1,19,6,2,-1,0,0,1,0,1,2,1,1,-1,6,1,33,6,2494,1,36,BMW 3 SERIES,10,E01033061,0,2
2024430036583,2024,430036583,2,9,0,3,3,3,7,0,0,1,0,0,0,0,2,1,6,6,1,44,7,2993,2,16,BMW 3 SERIES,6,E01017424,0,4
2024010543327,2024,010543327,1,9,0,2,2,0,0,0,0,8,0,0,0,0,4,1,6,6,3,-1,-1,1998,8,4,BMW 3 SERIES,-1,-1,0,-1
2024501530536,2024,501530536,1,9,0,-1,19,6,2,-1,0,0,1,0,0,0,1,1,-1,6,1,42,7,2979,1,17,BMW 3 SERIES,3,E01020293,0,3
2024340WN7272,2024,340WN7272,1,9,0,-1,19,5,1,-1,0,1,0,0,0,0,1,1,-1,6,3,-1,-1,1995,2,15,BMW 3 SERIES,-1,-1,0,-1
2024201501847,2024,201501847,2,9,0,-1,19,4,7,-1,0,1,0,0,0,0,0,1,-1,8,1,28,6,2993,12,3,BMW 3 SERIES,4,E01009234,0,3
2024010509994,2024,010509994,1,9,0,99,99,9,9,99,99,9,9,99,9,99,9,9,6,6,3,-1,-1,1995,2,7,BMW 3 SERIES,3,E01003256,0,1
2024401527815,2024,401527815,6,9,0,-1,2,0,0,-1,0,1,0,0,0,0,3,1,-1,6,-1,-1,-1,1995,1,14,BMW 3 SERIES,-1,-1,0,-1
2024421437693,2024,421437693,1,9,0,-1,19,5,1,-1,0,1,0,0,0,0,1,9,-1,6,2,29,6,2993,2,11,BMW 3 SERIES,8,E01021740,0,3
2024610032124,2024,610032124,1,9,0,18,19,5,1,0,0,3,0,0,1,0,0,1,6,6,1,30,6,1998,8,0,BMW 3 SERIES,3,W01001444,0,3
2024122400769,2024,122400769,1,9,0,9,9,2,8,0,0,8,0,0,0,0,4,1,6,6,1,66,10,1995,2,11,BMW 3 SERIES,10,E01013059,0,2
2024071043403,2024,071043403,2,9,0,-1,19,3,7,-1,0,8,0,0,0,0,4,1,-1,2,1,63,9,1995,2,6,BMW 3 SERIES,10,E01012393,0,1
2024221431648,2024,221431648,3,9,0,-1,19,2,6,-1,0,8,0,0,1,0,1,9,-1,6,1,53,8,1998,1,2,BMW 3 SERIES,2,W01001546,0,4
202417M304024,2024,17M304024,2,9,0,18,19,4,8,0,0,0,0,0,0,0,1,1,6,6,1,23,5,1995,2,12,BMW 3 SERIES,-1,-1,0,-1
2024440077688,2024,440077688,1,9,0,18,19,5,1,0,0,1,0,0,1,0,1,1,6,6,1,40,7,1998,8,6,BMW 3 SERIES,10,E01022707,0,1
2024340WN5972,2024,340WN5972,1,9,0,-1,19,3,7,-1,0,8,0,0,0,0,1,1,-1,9,2,34,6,1995,2,11,BMW 3 SERIES,6,E01026989,0,3
2024010529911,2024,010529911,1,9,0,18,19,5,1,0,0,6,0,0,0,0,1,1,6,6,1,46,8,1998,1,6,BMW 3 SERIES,6,E01034194,0,1
2024451505909,2024,451505909,2,9,0,-1,19,1,5,-1,0,0,0,0,0,0,1,1,-1,9,1,68,10,1995,2,7,BMW 3 SERIES,8,E01023069,0,5
2024421436506,2024,421436506,3,9,0,-1,19,4,8,-1,0,0,1,0,0,0,2,1,-1,9,1,30,6,1995,2,6,BMW 3 SERIES,1,E01001115,0,4
2024320168723,2024,320168723,2,9,0,-1,-1,1,6,0,0,8,0,0,0,0,1,1,-1,-1,1,35,6,1995,2,10,BMW 3 SERIES,6,E01032988,0,1
2024501410450,2024,501410450,2,9,0,-1,2,0,0,-1,0,1,0,0,0,0,1,9,-1,6,-1,-1,-1,2996,2,13,BMW 3 SERIES,-1,-1,0,-1
2024631526422,2024,631526422,1,9,0,-1,19,3,7,-1,0,0,5,0,2,10,4,1,-1,9,1,39,7,1995,2,15,BMW 3 SERIES,7,W01000583,0,1
2024471429289,2024,471429289,2,9,0,-1,19,6,2,-1,99,8,0,0,3,99,4,1,-1,6,3,-1,-1,1995,2,19,BMW 3 SERIES,-1,-1,0,-1
2024131513281,2024,131513281,7,9,0,-1,19,5,5,-1,0,1,0,0,0,0,0,1,-1,1,1,34,6,2993,12,2,BMW 3 SERIES,1,E01010614,0,3
2024122400767,2024,122400767,2,9,0,3,3,5,1,0,0,1,0,0,0,0,2,1,6,6,1,35,6,1998,8,4,BMW 3 SERIES,8,E01027924,0,4
2024631525254,2024,631525254,1,9,0,-1,19,5,2,-1,0,8,0,0,3,10,1,1,-1,1,2,34,6,1995,2,10,BMW 3 SERIES,5,W01000452,0,2
2024471422987,2024,471422987,1,9,0,-1,5,3,1,-1,0,1,0,0,0,0,1,1,-1,6,2,24,5,2000,2,14,BMW 3 SERIES,5,E01016886,0,2
2024141466032,2024,141466032,1,9,0,-1,7,7,1,-1,0,8,0,0,0,0,4,1,-1,9,2,76,11,1995,1,17,BMW 3 SERIES,1,E01007945,0,1
2024461484822,2024,461484822,3,9,0,-1,19,1,5,-1,0,0,0,0,0,0,3,1,-1,6,1,40,7,1997,1,10,BMW 3 SERIES,6,E01024847,0,1
2024522402012,2024,522402012,1,9,0,9,9,1,6,0,0,5,0,0,0,0,1,1,6,6,3,-1,-1,2497,1,19,BMW 3 SERIES,-1,-1,0,-1
2024131524632,2024,131524632,2,9,0,-1,19,3,6,-1,0,0,0,0,7,11,1,1,-1,1,1,41,7,2993,2,5,BMW 3 SERIES,1,E01010614,0,3
2024131506687,2024,131506687,1,9,0,-1,19,8,4,-1,0,0,0,6,0,0,1,1,-1,6,1,18,4,2993,2,17,BMW 3 SERIES,6,E01011551,0,3
2024010508904,2024,010508904,1,9,0,7,7,1,4,6,6,5,0,0,0,0,2,1,6,6,1,33,6,1995,2,8,BMW 3 SERIES,3,E01021267,0,4
2024010500117,2024,010500117,2,9,0,99,99,9,9,99,99,9,9,99,9,99,1,9,6,6,3,-1,-1,1995,2,8,BMW 3 SERIES,2,E01001842,0,1
2024631515159,2024,631515159,2,9,0,-1,19,1,5,-1,0,8,0,0,7,10,1,1,-1,6,2,39,7,1995,2,10,BMW 3 SERIES,6,W01000560,0,3
2024031400030,2024,031400030,2,9,0,-1,10,8,6,-1,0,0,0,0,0,0,2,1,-1,2,1,27,6,1995,2,5,BMW 3 SERIES,8,E01019119,0,1
2024320272090,2024,320272090,1,9,0,9,9,8,6,0,0,6,0,0,0,0,1,1,-1,-1,1,60,9,1995,2,13,BMW 3 SERIES,-1,-1,0,-1
2024421465480,2024,421465480,3,9,0,-1,4,8,4,-1,0,1,0,0,0,0,0,1,-1,8,1,29,6,2993,-1,3,BMW 3 SERIES,8,E01021613,0,3
2024010542212,2024,010542212,1,9,0,13,13,5,1,0,0,0,1,0,0,0,1,1,6,6,1,30,6,2993,2,10,BMW 3 SERIES,-1,-1,0,-1
2024201491431,2024,201491431,2,9,0,-1,9,6,4,-1,0,5,0,0,0,0,3,1,-1,9,1,51,8,1995,2,9,BMW 3 SERIES,2,E01009940,0,1
2024991467418,2024,991467418,2,9,0,-1,9,4,6,-1,0,6,0,0,7,0,1,1,-1,9,1,23,5,1995,2,12,BMW 3 SERIES,-1,-1,0,-1
2024201403158,2024,201403158,1,9,0,-1,4,3,7,-1,0,0,0,0,0,0,1,1,-1,6,2,19,4,1995,12,3,BMW 3 SERIES,5,W01000361,0,4
2024061492643,2024,061492643,1,9,0,-1,9,3,1,-1,0,2,0,0,0,0,3,1,-1,6,1,-1,-1,1995,2,8,BMW 3 SERIES,-1,-1,0,-1
2024552400400,2024,552400400,1,9,0,16,19,4,7,0,0,0,1,0,1,4,4,1,6,6,1,32,6,2996,1,17,BMW 3 SERIES,7,E01020538,0,2
2024061442071,2024,061442071,1,9,0,-1,19,-1,-1,-1,0,0,0,0,0,0,1,9,-1,6,3,-1,-1,2000,2,15,BMW 3 SERIES,-1,-1,0,-1
2024461468159,2024,461468159,1,9,0,-1,19,1,5,-1,0,0,0,0,0,0,2,9,-1,6,1,65,9,1995,1,17,BMW 3 SERIES,4,E01016143,0,1
2024520402130,2024,520402130,1,9,0,18,19,6,2,0,0,8,0,0,0,0,1,1,6,6,1,44,7,2993,2,11,BMW 3 SERIES,7,E01014472,0,3
2024122500066,2024,122500066,1,9,0,5,5,4,8,0,0,4,0,0,0,0,1,1,1,1,1,62,9,2993,2,4,BMW 3 SERIES,6,E01027616,0,3
2024010524590,2024,010524590,1,9,0,18,19,1,5,0,0,1,0,0,0,0,1,1,6,6,1,46,8,1998,8,7,BMW 3 SERIES,5,E01030724,0,3
2024201504916,2024,201504916,3,9,0,-1,19,1,5,-1,0,0,0,0,0,0,2,1,-1,7,2,22,5,1995,2,14,BMW 3 SERIES,5,E01035074,0,4
2024010546065,2024,010546065,2,9,0,18,19,3,7,0,0,0,0,0,0,0,1,1,6,6,3,-1,-1,1998,1,5,BMW 3 SERIES,-1,-1,0,-1
2024111406793,2024,111406793,1,9,0,-1,7,6,2,-1,0,0,1,0,0,0,4,1,-1,6,1,28,6,2993,2,17,BMW 3 SERIES,4,E01034491,0,1
2024440492448,2024,440492448,1,9,0,9,9,3,1,0,0,6,0,0,0,0,3,1,2,2,1,71,10,2993,2,10,BMW 3 SERIES,4,E01017198,0,1
2024010546270,2024,010546270,1,9,0,18,19,5,1,0,0,0,1,0,7,4,1,1,6,6,1,23,5,1998,1,5,BMW 3 SERIES,3,E01004389,0,1
2024471515384,2024,471515384,1,9,0,-1,9,1,3,-1,0,8,0,0,0,0,0,1,-1,6,1,31,6,1998,1,5,BMW 3 SERIES,1,E01031429,0,3
2024351440818,2024,351440818,2,9,0,-1,19,2,4,-1,0,1,0,0,0,0,1,1,-1,2,1,27,6,2000,2,14,BMW 3 SERIES,9,E01015681,0,1
2024461478258,2024,461478258,1,9,0,-1,19,6,3,-1,0,0,5,0,0,0,3,2,-1,9,1,28,6,2000,2,13,BMW 3 SERIES,2,E01024246,0,2
2024320339748,2024,320339748,1,9,0,-1,-1,6,2,0,0,0,2,0,1,9,1,1,6,6,1,18,4,1995,2,16,BMW 3 SERIES,-1,-1,0,-1
2024221526916,2024,221526916,1,9,0,-1,19,6,2,-1,0,0,0,0,1,10,1,1,-1,6,1,60,9,1995,2,10,BMW 3 SERIES,6,E01014055,0,1
2024371548791,2024,371548791,1,9,0,-1,5,1,5,-1,0,6,0,0,0,0,1,1,-1,6,1,24,5,1995,2,17,BMW 3 SERIES,9,E01030004,0,1
2024131394504,2024,131394504,2,9,0,-1,4,1,5,-1,0,0,0,0,0,0,1,1,-1,6,3,-1,-1,1995,2,12,BMW 3 SERIES,-1,-1,0,-1
2024471432405,2024,471432405,2,9,0,-1,4,3,7,-1,0,0,0,0,0,0,2,1,-1,2,1,29,6,1995,2,12,BMW 3 SERIES,3,E01031492,0,1
2024371488337,2024,371488337,2,9,0,-1,19,-1,-1,-1,0,8,0,0,0,0,1,1,-1,2,1,55,8,1995,12,2,BMW 3 SERIES,9,E01026581,0,4
2024010519945,2024,010519945,3,9,0,4,4,7,3,0,0,0,0,0,0,0,2,1,6,6,1,33,6,1997,1,11,BMW 3 SERIES,3,E01001956,0,3
2024361403101,2024,361403101,1,9,0,-1,9,4,1,-1,0,1,0,0,0,0,1,1,-1,6,1,44,7,2993,2,18,BMW 3 SERIES,-1,-1,0,-1
2024231438125,2024,231438125,2,9,0,-1,3,8,4,-1,0,1,0,0,0,0,2,9,-1,9,1,35,6,2996,1,18,BMW 3 SERIES,5,E01031309,0,1
2024010549048,2024,010549048,1,9,0,4,4,5,1,0,0,1,0,0,0,0,3,1,6,6,3,-1,-1,1998,1,5,BMW 3 SERIES,-1,-1,0,-1
2024440018571,2024,440018571,1,9,0,18,19,2,6,0,0,0,1,0,1,4,1,1,6,6,1,74,10,2993,2,16,BMW 3 SERIES,9,E01015406,0,4
2024471473192,2024,471473192,1,9,0,-1,19,7,3,-1,0,0,0,0,0,0,4,1,-1,6,1,43,7,1995,2,15,BMW 3 SERIES,5,E01017171,0,4
2024340NN1172,2024,340NN1172,1,9,0,-1,19,5,1,-1,0,4,0,0,0,0,1,1,-1,6,1,23,5,1995,1,18,BMW 3 SERIES,1,E01027131,0,1
2024010527152,2024,010527152,1,9,0,3,3,3,7,0,0,8,0,0,0,0,1,1,6,6,1,37,7,1995,2,7,BMW 3 SERIES,2,E01001361,0,1
2024010529641,2024,010529641,1,9,0,12,12,7,3,6,6,5,0,0,0,0,2,1,6,6,1,33,6,1998,1,4,BMW 3 SERIES,4,E01000473,0,1
2024131492240,2024,131492240,2,9,0,-1,19,7,3,-1,0,8,0,0,0,0,0,1,-1,1,1,43,7,2993,2,4,BMW 3 SERIES,1,E01010614,0,1
2024141528023,2024,141528023,2,9,0,-1,19,6,2,-1,0,1,0,0,7,0,1,1,-1,1,1,36,7,2993,12,2,BMW 3 SERIES,1,E01007902,0,1
2024010522526,2024,010522526,1,9,0,18,19,3,7,0,0,1,0,0,0,0,1,1,6,6,1,28,6,1998,8,6,BMW 3 SERIES,6,E01002473,0,1
2024061474991,2024,061474991,2,9,-1,-1,-1,-1,-1,-1,-1,0,-1,-1,-1,0,-1,9,-1,6,3,-1,-1,2000,2,13,BMW 3 SERIES,-1,-1,0,-1
2024451433940,2024,451433940,1,9,0,-1,19,7,3,-1,0,2,1,0,0,0,4,1,-1,9,1,29,6,1995,2,8,BMW 3 SERIES,10,E01030408,0,1
2024440363672,2024,440363672,2,9,0,18,19,1,5,0,0,0,0,0,0,0,4,1,6,6,2,31,6,1995,2,5,BMW 3 SERIES,8,E01017252,0,1
2024201412974,2024,201412974,2,9,0,-1,3,5,1,-1,0,0,0,0,0,0,2,1,-1,9,1,23,5,1995,2,9,BMW 3 SERIES,1,E01010370,0,1
2024061403601,2024,061403601,3,9,0,-1,19,1,5,-1,0,0,0,0,0,0,0,2,-1,8,1,25,5,2993,12,3,BMW 3 SERIES,4,E01005730,0,3
2024231510291,2024,231510291,1,9,0,-1,19,2,7,-1,0,0,0,10,2,11,1,9,-1,6,1,23,5,1998,8,4,BMW 3 SERIES,5,E01031144,0,2
2024010538602,2024,010538602,1,9,0,99,99,9,9,99,99,9,9,99,9,99,9,9,6,6,2,29,6,1995,2,10,BMW 3 SERIES,4,E01003091,0,1
2024461463331,2024,461463331,3,9,0,-1,19,2,6,-1,0,1,1,0,0,0,1,1,-1,6,1,34,6,1995,2,17,BMW 3 SERIES,6,E01023988,0,2
2024041502590,2024,041502590,2,9,0,-1,4,1,5,-1,0,0,0,0,0,0,2,1,-1,2,1,39,7,1995,2,7,BMW 3 SERIES,9,E01025461,0,1
2024070122408,2024,070122408,1,9,0,9,9,1,5,0,0,6,0,0,0,0,0,1,6,6,2,51,8,1998,1,3,BMW 3 SERIES,1,E01018522,0,1
2024471503421,2024,471503421,2,9,0,-1,19,7,3,-1,0,8,0,0,0,0,4,1,-1,2,1,23,5,1998,8,5,BMW 3 SERIES,6,E01023002,0,4
2024010538921,2024,010538921,1,9,0,99,99,9,9,99,99,0,9,99,9,99,1,9,6,6,1,24,5,1995,1,13,BMW 3 SERIES,3,E01003357,0,1
2024010524581,2024,010524581,2,9,0,18,19,7,3,0,0,0,0,0,7,0,1,1,6,6,1,26,6,1995,1,17,BMW 3 SERIES,4,E01004328,0,1
2024231427440,2024,231427440,1,9,0,-1,9,5,2,-1,0,6,0,0,0,0,1,1,-1,2,1,30,6,1995,2,13,BMW 3 SERIES,2,E01032265,0,1
2024061408849,2024,061408849,2,9,0,-1,19,8,4,-1,0,0,0,0,0,0,1,9,-1,6,1,24,5,1995,2,19,BMW 3 SERIES,3,E01006376,0,2
2024471457307,2024,471457307,2,9,0,-1,19,1,5,-1,0,1,0,0,0,0,3,1,-1,2,1,31,6,1995,2,11,BMW 3 SERIES,4,E01031499,0,1
2024991473532,2024,991473532,1,9,0,-1,3,3,7,-1,0,1,0,0,0,0,1,1,-1,6,1,30,6,1995,2,11,BMW 3 SERIES,-1,-1,0,-1
2024201508481,2024,201508481,2,9,0,-1,19,6,3,-1,0,0,0,0,0,0,1,1,-1,6,1,22,5,1995,2,15,BMW 3 SERIES,2,E01009592,0,1
2024471401439,2024,471401439,2,9,0,-1,19,5,8,-1,0,0,0,0,0,0,4,1,-1,2,1,44,7,1995,2,5,BMW 3 SERIES,2,E01020930,0,1
2024010516478,2024,010516478,2,9,0,99,99,9,9,99,99,9,9,99,9,99,2,9,6,6,1,36,7,1995,1,15,BMW 3 SERIES,7,E01002198,0,1
202460Q069215,2024,60Q069215,1,9,0,6,6,7,7,0,0,1,0,0,0,0,1,1,6,6,2,36,7,1995,2,17,BMW 3 SERIES,-1,-1,0,-1
2024451425569,2024,451425569,1,9,0,-1,4,5,1,-1,9,0,0,0,3,0,1,1,-1,2,2,58,9,1995,1,17,BMW 3 SERIES,8,E01035357,0,1
2024340WN3312,2024,340WN3312,2,9,0,-1,19,1,5,-1,0,8,1,0,0,0,3,1,-1,2,1,43,7,1995,2,16,BMW 3 SERIES,3,E01027154,0,2
2024311502146,2024,311502146,1,9,0,-1,15,5,1,-1,0,0,0,0,0,0,0,9,-1,6,3,-1,-1,1995,2,7,BMW 3 SERIES,-1,-1,0,-1
2024010514734,2024,010514734,2,9,0,9,9,1,7,0,0,8,0,7,0,0,1,1,6,6,1,35,6,1998,8,7,BMW 3 SERIES,3,E01001180,0,1
2024010529930,2024,010529930,2,9,9,18,19,1,5,99,99,9,9,99,0,0,9,9,6,6,3,-1,-1,1995,1,14,BMW 3 SERIES,-1,-1,0,-1
202454F269924,2024,54F269924,1,9,0,18,19,8,4,0,0,0,1,0,0,0,1,1,6,6,1,28,6,1998,8,6,BMW 3 SERIES,2,E01022164,0,4
2024041536079,2024,041536079,3,9,0,-1,2,0,0,-1,0,0,0,0,0,0,3,1,-1,6,-1,-1,-1,1998,8,0,BMW 3 SERIES,-1,-1,0,-1
2024131524942,2024,131524942,1,9,0,-1,1,7,3,-1,0,8,0,0,0,0,2,1,-1,9,1,30,6,1995,2,12,BMW 3 SERIES,4,E01011206,0,1
2024351539701,2024,351539701,3,9,0,-1,3,3,7,-1,0,0,0,0,0,0,2,1,-1,6,1,47,8,1998,8,1,BMW 3 SERIES,5,E01015675,0,3
2024131480700,2024,131480700,2,9,0,-1,19,5,5,-1,0,0,0,0,0,0,1,1,-1,6,1,21,5,1995,2,7,BMW 3 SERIES,7,E01011299,0,1
2024010503578,2024,010503578,1,9,0,99,99,9,9,99,99,0,9,99,9,99,9,9,6,6,1,25,5,1499,1,8,BMW 3 SERIES,3,E01002400,0,1
2024411538148,2024,411538148,4,9,0,-1,3,5,1,-1,0,2,0,0,0,0,2,1,-1,6,1,46,8,1995,2,18,BMW 3 SERIES,4,E01021842,0,3
2024522402816,2024,522402816,2,9,0,5,5,5,1,0,0,7,0,0,0,0,1,1,6,6,1,36,7,1995,1,17,BMW 3 SERIES,7,E01014677,0,2
2024070212979,2024,070212979,2,9,0,18,19,3,7,0,0,4,0,0,0,0,4,1,1,1,2,35,6,1998,8,2,BMW 3 SERIES,7,E01034663,0,3
2024201444691,2024,201444691,1,9,0,-1,19,3,5,-1,0,2,0,0,0,0,1,1,-1,6,-1,-1,-1,1995,2,14,BMW 3 SERIES,-1,-1,0,-1
2024161412535,2024,161412535,3,9,0,-1,19,5,1,-1,0,0,0,0,0,0,1,1,-1,2,2,47,8,1995,2,5,BMW 3 SERIES,3,E01012807,0,1
2024311499665,2024,311499665,1,9,0,-1,5,4,2,-1,0,8,0,0,0,0,1,1,-1,9,1,21,5,1995,2,11,BMW 3 SERIES,-1,-1,0,-1
2024311525958,2024,311525958,1,9,0,-1,19,5,1,-1,0,0,0,0,0,0,1,1,-1,6,1,50,8,1995,2,13,BMW 3 SERIES,1,E01013819,0,1
2024552400475,2024,552400475,1,9,0,18,19,6,2,0,0,0,5,0,2,10,4,1,6,6,1,25,5,1995,2,11,BMW 3 SERIES,2,E01015367,0,3
2024501471415,2024,501471415,1,9,0,-1,7,4,6,-1,0,0,0,0,0,0,4,1,-1,9,2,37,7,1995,2,9,BMW 3 SERIES,3,E01015159,0,1
2024351479672,2024,351479672,2,9,0,-1,19,8,4,-1,0,0,0,0,0,0,1,1,-1,6,1,33,6,1997,1,11,BMW 3 SERIES,5,E01034230,0,4
2024052401007,2024,052401007,3,9,0,18,19,3,7,0,0,8,0,0,0,0,0,1,6,6,3,-1,-1,2993,2,11,BMW 3 SERIES,-1,-1,0,-1
2024101511159,2024,101511159,2,9,0,-1,3,8,4,-1,0,0,0,0,0,0,2,1,-1,6,1,33,6,1998,8,7,BMW 3 SERIES,2,E01008456,0,1
2024010519091,2024,010519091,2,9,0,18,19,1,5,0,0,1,0,0,0,0,1,1,6,6,1,40,7,1998,8,6,BMW 3 SERIES,4,E01003734,0,1
2024041511462,2024,041511462,1,9,0,-1,9,-1,-1,-1,0,3,0,0,0,0,-1,9,-1,6,1,-1,-1,1995,2,12,BMW 3 SERIES,1,E01025183,0,1
2024010523319,2024,010523319,3,9,0,3,3,3,7,0,0,4,0,0,0,0,3,1,1,1,1,45,7,1995,1,17,BMW 3 SERIES,2,E01003633,0,1
2024421478921,2024,421478921,2,9,0,-1,10,7,5,-1,0,1,0,0,0,0,3,1,-1,9,2,63,9,1895,1,24,BMW 3 SERIES,7,E01021381,0,1
2024552400681,2024,552400681,1,9,0,9,9,4,2,0,0,5,0,0,0,0,1,1,6,6,1,19,4,2171,1,21,BMW 3 SERIES,8,E01015319,0,1
2024340WN4602,2024,340WN4602,2,9,0,-1,19,1,5,-1,0,0,0,0,1,0,1,1,-1,9,1,25,5,1995,2,5,BMW 3 SERIES,9,E01027288,0,1
2024131518405,2024,131518405,2,9,0,-1,9,8,4,-1,0,6,0,0,0,0,4,1,-1,9,2,22,5,1995,2,13,BMW 3 SERIES,5,E01011425,0,1
2024010534546,2024,010534546,1,9,0,18,19,1,5,0,0,0,1,6,0,0,4,1,2,2,1,51,8,1995,2,12,BMW 3 SERIES,2,E01002099,0,3
2024461534247,2024,461534247,2,9,0,-1,9,2,1,-1,0,1,0,0,0,0,3,1,-1,6,1,54,8,1998,1,2,BMW 3 SERIES,3,E01024166,0,1
2024131462376,2024,131462376,2,9,0,-1,19,1,5,-1,0,0,0,0,0,0,0,1,-1,1,1,34,6,2993,2,3,BMW 3 SERIES,1,E01010614,0,3
2024430436109,2024,430436109,2,9,0,18,19,3,7,0,0,7,0,0,0,0,1,1,6,6,2,-1,-1,1995,12,1,BMW 3 SERIES,-1,-1,0,-1
2024201478136,2024,201478136,1,9,0,-1,19,1,5,-1,0,0,0,4,0,0,1,9,-1,6,1,22,5,1995,2,18,BMW 3 SERIES,2,E01009630,0,1
2024010527249,2024,010527249,1,9,9,99,99,9,9,0,0,0,9,99,9,99,2,9,6,6,1,51,8,1998,8,7,BMW 3 SERIES,7,E01002173,0,3
2024211511938,2024,211511938,1,9,0,-1,13,1,5,-1,0,0,1,0,1,0,1,1,-1,9,1,21,5,2993,2,15,BMW 3 SERIES,9,E01014347,0,1
2024201476983,2024,201476983,1,9,0,-1,19,5,1,-1,0,0,0,0,0,0,4,1,-1,6,1,33,6,1995,2,14,BMW 3 SERIES,2,E01010341,0,1
2024201461232,2024,201461232,1,9,0,-1,5,1,5,-1,0,0,0,0,0,0,2,1,-1,6,2,42,7,1998,1,9,BMW 3 SERIES,9,E01008990,0,2
2024320518879,2024,320518879,1,9,0,13,13,4,8,0,0,0,0,0,0,0,1,1,6,6,1,30,6,2993,2,16,BMW 3 SERIES,9,E01025733,0,4
2024361458301,2024,361458301,1,9,0,-1,19,1,5,-1,0,2,0,0,0,0,1,1,-1,6,1,28,6,1995,1,15,BMW 3 SERIES,4,E01026733,0,4
2024010531340,2024,010531340,2,9,0,99,99,9,9,99,99,9,9,99,9,99,9,9,6,6,3,-1,-1,2993,2,7,BMW 3 SERIES,-1,-1,0,-1
2024411475096,2024,411475096,3,9,0,-1,3,8,4,-1,0,0,0,0,0,0,2,1,-1,6,-1,-1,-1,1998,8,4,BMW 3 SERIES,-1,-1,0,-1
2024440231044,2024,440231044,1,9,0,5,5,3,7,0,0,6,0,0,0,0,3,1,6,6,1,47,8,1598,1,11,BMW 3 SERIES,9,E01032849,0,1
2024320589462,2024,320589462,1,9,0,-1,-1,4,8,0,0,0,5,0,7,9,3,1,6,6,1,33,6,1995,2,18,BMW 3 SERIES,-1,-1,0,-1
2024052401661,2024,052401661,2,9,0,18,19,3,7,0,0,6,0,0,0,0,1,1,6,6,1,52,8,1998,1,3,BMW 3 SERIES,5,E01007163,0,1
2024010509198,2024,010509198,1,9,0,99,99,9,9,99,99,9,9,99,9,99,9,9,6,6,1,28,6,2979,1,21,BMW 3 SERIES,3,E01003997,0,3
2024531491157,2024,531491157,1,9,0,-1,19,1,5,-1,0,0,1,0,5,0,3,1,-1,2,1,31,6,1998,8,1,BMW 3 SERIES,2,E01033361,0,4