collision_index,collision_year,collision_ref_no,vehicle_reference,vehicle_type,towing_and_articulation,vehicle_manoeuvre_historic,vehicle_manoeuvre,vehicle_direction_from,vehicle_direction_to,vehicle_location_restricted_lane_historic,vehicle_location_restricted_lane,junction_location,skidding_and_overturning,hit_object_in_carriageway,vehicle_leaving_carriageway,hit_object_off_carriageway,first_point_of_impact,vehicle_left_hand_drive,journey_purpose_of_driver_historic,journey_purpose_of_driver,sex_of_driver,age_of_driver,age_band_of_driver,engine_capacity_cc,propulsion_code,age_of_vehicle,generic_make_model,driver_imd_decile,lsoa_of_driver,escooter_flag,driver_distance_banding
2024141472850,2024,141472850,1,9,0,-1,19,5,1,-1,0,1,0,0,0,0,1,1,-1,9,1,64,9,1998,8,7,BMW 3 SERIES,1,E01007901,0,2
2024122400466,2024,122400466,3,9,0,2,2,0,0,9,9,0,0,0,0,0,0,1,6,6,2,50,8,1995,12,4,BMW 3 SERIES,10,E01027893,0,2
2024061480720,2024,061480720,1,9,0,-1,2,-1,-1,-1,0,1,0,99,3,0,2,1,-1,2,1,26,6,1995,2,6,BMW 3 SERIES,1,E01005475,0,1
2024131407553,2024,131407553,1,9,0,-1,7,4,8,-1,0,0,0,0,1,0,1,1,-1,6,3,-1,-1,1995,2,11,BMW 3 SERIES,-1,-1,0,-1
2024332400958,2024,332400958,2,9,0,-1,4,5,1,-1,0,2,0,0,0,0,2,1,-1,9,1,23,5,2996,1,17,BMW 3 SERIES,5,E01013736,0,1
2024501455981,2024,501455981,2,9,0,-1,19,3,7,-1,0,0,0,0,0,0,3,1,-1,6,2,26,6,1995,2,15,BMW 3 SERIES,4,E01018778,0,1
2024201453404,2024,201453404,1,9,0,-1,19,6,2,-1,0,0,0,10,7,11,1,1,-1,9,1,47,8,2494,1,37,BMW 3 SERIES,10,E01010176,0,1
2024622400261,2024,622400261,2,9,0,18,19,4,8,0,0,8,0,0,0,0,1,1,6,6,1,22,5,1998,1,0,BMW 3 SERIES,10,W01001793,0,2
2024131502606,2024,131502606,1,9,0,-1,-1,-1,-1,-1,-1,-1,-1,-1,-1,-1,-1,1,-1,6,3,-1,-1,2993,2,16,BMW 3 SERIES,-1,-1,0,-1
2024311425609,2024,311425609,1,9,0,-1,19,1,5,-1,0,4,1,0,3,0,1,1,-1,6,1,36,7,1998,8,5,BMW 3 SERIES,7,E01035195,0,5
2024010510018,2024,010510018,1,9,0,3,3,3,7,0,0,2,0,0,0,0,2,1,6,6,1,30,6,1998,8,6,BMW 3 SERIES,-1,-1,0,-1
2024361397560,2024,361397560,2,9,0,-1,14,5,3,-1,0,0,0,0,0,0,3,1,-1,9,1,22,5,2000,2,13,BMW 3 SERIES,8,E01026470,0,1
2024520402272,2024,520402272,2,9,0,5,5,2,6,0,0,4,0,0,0,0,3,1,6,6,3,-1,-1,1995,2,13,BMW 3 SERIES,-1,-1,0,-1
2024131514592,2024,131514592,1,9,0,-1,19,5,5,-1,0,0,0,0,0,0,1,1,-1,9,1,24,5,1995,2,9,BMW 3 SERIES,1,E01010720,0,2
2024430382164,2024,430382164,1,9,0,18,19,5,1,0,0,4,0,0,5,6,1,1,6,6,2,18,4,1998,1,3,BMW 3 SERIES,3,E01016486,0,1
2024122401021,2024,122401021,1,9,0,16,19,8,7,0,0,0,1,0,7,11,1,1,6,6,1,24,5,2000,2,13,BMW 3 SERIES,4,E01027795,0,3
2024141453024,2024,141453024,1,9,0,-1,13,1,5,-1,0,0,0,0,7,2,1,1,-1,9,1,23,5,1995,2,5,BMW 3 SERIES,1,E01007738,0,1
2024440249010,2024,440249010,1,9,0,7,7,7,1,0,0,6,0,0,0,0,3,1,6,6,2,33,6,1995,2,16,BMW 3 SERIES,2,E01022965,0,1
2024070001190,2024,070001190,1,9,0,-1,9,7,5,-1,0,6,0,0,0,0,9,1,-1,9,1,39,7,2993,2,7,BMW 3 SERIES,9,E01012374,0,1
2024430089288,2024,430089288,2,9,0,18,19,5,1,0,0,6,0,0,0,0,1,1,6,6,2,-1,-1,1995,2,15,BMW 3 SERIES,-1,-1,0,-1
2024471508449,2024,471508449,2,9,0,-1,19,6,2,-1,-1,0,0,0,0,0,3,9,-1,6,3,-1,-1,1995,2,17,BMW 3 SERIES,-1,-1,0,-1
2024302401182,2024,302401182,1,9,0,16,19,3,6,0,0,0,1,0,0,0,1,1,6,6,1,27,6,2998,1,9,BMW 3 SERIES,7,W01001818,0,5
2024471396990,2024,471396990,1,9,0,-1,19,5,1,-1,0,0,0,7,1,11,1,1,-1,9,1,24,5,1995,2,7,BMW 3 SERIES,2,E01010452,0,5
2024430108757,2024,430108757,1,9,0,14,14,5,1,0,0,8,0,0,0,0,3,1,2,2,1,25,5,2000,2,13,BMW 3 SERIES,6,E01016433,0,2
2024201499501,2024,201499501,2,9,0,-1,19,4,8,-1,0,0,0,0,0,0,3,1,-1,6,1,43,7,1995,2,10,BMW 3 SERIES,1,E01010421,0,1
2024221472874,2024,221472874,1,9,0,-1,19,1,5,-1,0,1,5,0,1,10,4,1,-1,6,1,36,7,2926,2,22,BMW 3 SERIES,7,E01032398,0,1
2024471513699,2024,471513699,1,9,0,-1,19,1,5,-1,0,0,1,0,0,0,1,1,-1,2,1,27,6,2000,2,13,BMW 3 SERIES,1,-1,0,5
2024010512849,2024,010512849,1,9,0,99,99,9,9,99,99,0,9,99,9,99,2,1,6,6,1,24,5,1995,12,3,BMW 3 SERIES,7,E01034577,0,3
2024451510362,2024,451510362,2,9,0,-1,19,5,1,-1,0,2,0,0,0,0,1,1,-1,2,1,45,7,1995,2,8,BMW 3 SERIES,3,E01030608,0,1
2024991468007,2024,991468007,1,9,0,-1,2,1,4,-1,0,0,0,0,0,0,3,1,-1,9,1,45,7,1998,1,0,BMW 3 SERIES,-1,-1,0,-1
2024010507673,2024,010507673,2,9,0,2,2,0,0,0,0,8,0,0,0,0,1,2,6,6,3,-1,-1,2993,2,8,BMW 3 SERIES,-1,-1,0,-1
2024131532961,2024,131532961,3,9,0,-1,2,0,0,-1,0,2,0,0,0,0,2,1,-1,6,-1,-1,-1,2993,2,8,BMW 3 SERIES,-1,-1,0,-1
2024351403831,2024,351403831,1,9,0,-1,12,4,8,-1,0,0,1,0,2,1,3,1,-1,2,1,36,7,2000,2,13,BMW 3 SERIES,3,E01015674,0,1
2024061495303,2024,061495303,1,9,0,-1,1,7,3,-1,9,0,0,0,0,0,2,1,-1,1,1,45,7,1995,2,10,BMW 3 SERIES,3,E01005316,0,1
2024010505693,2024,010505693,2,9,0,9,9,7,5,0,0,1,0,0,0,0,3,1,1,1,1,56,9,1995,2,7,BMW 3 SERIES,7,E01000981,0,3
2024501409165,2024,501409165,1,9,0,-1,19,5,8,-1,0,0,1,4,1,11,4,1,-1,9,2,19,4,1995,2,12,BMW 3 SERIES,1,E01015152,0,1
2024070265929,2024,070265929,3,9,0,16,19,2,6,0,0,1,0,0,0,0,1,1,1,1,1,52,8,1995,2,9,BMW 3 SERIES,1,E01007139,0,3
2024531504700,2024,531504700,1,9,0,-1,19,1,5,-1,0,0,0,0,0,0,1,9,-1,6,2,29,6,1998,1,0,BMW 3 SERIES,3,W01001577,0,2
2024211484308,2024,211484308,2,9,0,-1,19,1,5,-1,0,0,0,0,0,0,1,1,-1,6,1,32,6,1995,2,13,BMW 3 SERIES,2,E01034313,0,2
2024061462760,2024,061462760,2,9,0,-1,1,-1,-1,-1,0,0,0,4,0,0,2,1,-1,6,2,-1,-1,1995,2,11,BMW 3 SERIES,2,E01004872,0,1
2024351415418,2024,351415418,4,9,0,-1,19,3,6,-1,0,5,0,0,0,0,2,1,-1,6,1,36,7,1995,2,16,BMW 3 SERIES,6,E01035547,0,1
2024010529115,2024,010529115,1,9,0,99,99,9,9,99,99,9,9,99,9,99,9,9,6,6,1,49,8,1998,1,4,BMW 3 SERIES,3,E01003624,0,1
2024471425920,2024,471425920,2,9,0,-1,2,0,0,-1,0,0,0,0,0,0,3,2,-1,6,-1,-1,-1,1995,1,13,BMW 3 SERIES,-1,-1,0,-1
2024041464807,2024,041464807,1,9,0,-1,19,8,4,-1,0,0,5,0,1,9,1,1,-1,9,1,25,5,1995,2,8,BMW 3 SERIES,1,E01012641,0,2
2024061476892,2024,061476892,2,9,0,-1,19,-1,-1,-1,99,3,0,0,0,0,2,1,-1,6,1,-1,-1,1995,12,3,BMW 3 SERIES,-1,-1,0,-1
2024991496943,2024,991496943,1,9,0,-1,19,1,5,-1,0,0,0,0,1,0,1,1,-1,9,1,54,8,1995,12,0,BMW 3 SERIES,-1,-1,0,-1
2024451476658,2024,451476658,2,9,0,-1,19,5,1,-1,0,0,0,0,0,0,2,9,-1,2,1,42,7,2171,1,22,BMW 3 SERIES,6,E01001088,0,3
2024010528873,2024,010528873,2,9,0,99,99,9,9,99,99,9,9,99,9,99,2,9,6,6,3,35,6,1998,8,7,BMW 3 SERIES,3,E01003977,0,1
2024010527232,2024,010527232,1,9,0,18,19,7,3,0,0,4,2,9,0,0,1,1,6,6,2,33,6,1998,8,7,BMW 3 SERIES,2,E01004223,0,2
2024421440455,2024,421440455,3,9,0,-1,2,0,0,-1,0,0,0,4,0,0,1,1,-1,6,-1,-1,-1,1995,1,17,BMW 3 SERIES,-1,-1,0,-1
2024131439165,2024,131439165,1,9,0,-1,7,3,7,-1,0,3,0,0,1,0,4,1,-1,6,1,48,8,1995,2,12,BMW 3 SERIES,1,E01010609,0,1
2024010515149,2024,010515149,1,9,0,9,9,3,8,0,0,1,0,0,0,0,1,1,6,6,1,21,5,1995,1,17,BMW 3 SERIES,3,E01003015,0,2
2024211522315,2024,211522315,1,9,-1,-1,9,1,5,-1,-1,5,0,0,0,0,-1,1,-1,6,3,-1,-1,2993,2,15,BMW 3 SERIES,-1,-1,0,-1
2024010549361,2024,010549361,2,9,0,18,19,8,4,0,0,0,0,0,0,0,1,1,6,6,2,46,8,1995,1,17,BMW 3 SERIES,9,E01004598,0,1
2024010544697,2024,010544697,1,9,0,18,19,7,3,9,9,1,0,0,1,10,1,1,6,6,1,24,5,1995,2,5,BMW 3 SERIES,7,E01003764,0,1
2024531480798,2024,531480798,3,9,0,-1,19,6,2,-1,0,1,0,0,0,0,2,1,-1,9,1,75,10,1995,2,9,BMW 3 SERIES,6,W01001593,0,1
2024010499820,2024,010499820,1,9,0,7,7,7,1,0,0,6,0,4,0,0,1,1,2,2,1,58,9,1998,1,3,BMW 3 SERIES,6,E01001258,0,1
2024201522779,2024,201522779,1,9,0,-1,19,6,2,-1,0,8,0,0,0,0,1,1,-1,6,1,33,6,1998,1,0,BMW 3 SERIES,1,E01010311,0,1
2024131405399,2024,131405399,3,9,0,-1,19,1,5,-1,0,1,0,0,0,0,0,1,-1,1,1,30,6,2993,2,4,BMW 3 SERIES,1,E01011366,0,1
2024131407439,2024,131407439,3,9,0,-1,19,5,1,-1,0,0,1,0,0,0,1,1,-1,1,1,46,8,2993,2,3,BMW 3 SERIES,6,E01011885,0,2
2024070906508,2024,070906508,2,9,0,-1,19,1,5,-1,0,0,1,0,1,7,3,1,-1,9,2,49,8,1998,8,2,BMW 3 SERIES,9,E01029600,0,3
2024010550591,2024,010550591,2,9,0,18,19,1,5,0,0,8,0,0,0,0,1,1,6,6,3,-1,-1,1995,1,17,BMW 3 SERIES,-1,-1,0,-1
2024122400247,2024,122400247,1,9,0,3,3,3,7,0,0,0,0,0,0,0,2,1,6,6,2,58,9,1995,2,6,BMW 3 SERIES,8,E01027875,0,2
2024531505862,2024,531505862,1,9,0,-1,19,3,7,-1,0,0,0,0,0,0,1,9,-1,6,1,-1,-1,1995,2,11,BMW 3 SERIES,-1,-1,0,-1
2024010501062,2024,010501062,2,9,0,99,99,9,9,99,99,9,9,99,9,99,9,9,6,6,3,-1,-1,1997,1,10,BMW 3 SERIES,-1,-1,0,-1
2024552400909,2024,552400909,1,9,0,17,19,5,2,0,0,0,0,0,0,0,1,1,6,6,3,-1,-1,2000,1,16,BMW 3 SERIES,-1,-1,0,-1
2024111535617,2024,111535617,2,9,0,-1,19,8,4,-1,0,0,1,7,0,0,1,1,-1,8,1,34,6,2993,12,3,BMW 3 SERIES,-1,-1,0,-1
2024010540401,2024,010540401,1,9,0,99,99,9,9,99,99,9,9,99,9,99,9,9,6,6,2,41,7,1998,8,4,BMW 3 SERIES,5,E01015989,0,4
2024101457701,2024,101457701,1,9,0,-1,4,6,2,-1,0,4,0,9,0,0,2,1,-1,6,1,24,5,1995,1,16,BMW 3 SERIES,-1,-1,0,-1
2024010500679,2024,010500679,3,9,0,2,2,0,0,0,0,0,0,0,0,0,2,1,6,6,3,-1,-1,1995,1,12,BMW 3 SERIES,-1,-1,0,-1
2024101407555,2024,101407555,2,9,0,-1,5,6,1,-1,0,6,0,0,0,0,1,1,-1,6,2,66,10,1995,2,8,BMW 3 SERIES,10,E01008421,0,1
2024010540679,2024,010540679,1,9,0,99,99,9,9,99,99,9,9,99,9,99,9,9,6,6,1,31,6,1995,2,12,BMW 3 SERIES,2,E01015610,0,5
2024440557619,2024,440557619,1,9,0,8,8,7,3,0,0,1,0,0,0,0,1,1,6,6,1,43,7,1997,1,10,BMW 3 SERIES,10,E01023239,0,1
2024131495923,2024,131495923,1,9,0,-1,19,1,5,-1,0,2,0,0,0,0,3,1,-1,9,1,33,6,1995,2,10,BMW 3 SERIES,2,E01010815,0,2
2024052401920,2024,052401920,4,9,0,18,19,5,1,0,0,1,0,0,0,0,1,1,1,1,1,53,8,2993,2,7,BMW 3 SERIES,-1,-1,0,-1
202460Q173603,2024,60Q173603,2,9,0,18,19,3,7,0,0,8,0,0,0,0,1,1,6,6,1,38,7,1998,8,3,BMW 3 SERIES,-1,-1,0,-1
2024010507192,2024,010507192,2,9,0,2,2,0,0,0,0,0,0,0,0,0,3,1,6,6,3,-1,-1,1998,8,4,BMW 3 SERIES,-1,-1,0,-1
2024430389373,2024,430389373,2,9,0,18,19,1,5,0,0,8,0,0,0,0,4,1,6,6,1,42,7,1995,2,9,BMW 3 SERIES,3,E01033859,0,1
2024991443645,2024,991443645,2,9,0,-1,19,4,8,-1,0,0,0,0,0,0,2,1,-1,2,2,46,8,1995,2,10,BMW 3 SERIES,9,-1,0,1
2024010512319,2024,010512319,1,9,0,16,19,4,8,0,0,0,1,0,8,4,1,1,6,6,1,18,4,1995,1,13,BMW 3 SERIES,10,E01002482,0,1
2024361457418,2024,361457418,1,9,0,-1,19,2,6,-1,0,4,5,9,0,0,1,1,-1,6,1,43,7,1995,2,14,BMW 3 SERIES,8,E01026921,0,3
2024010543881,2024,010543881,1,9,0,4,4,5,1,0,0,1,0,0,0,0,0,1,6,6,2,40,7,1998,1,0,BMW 3 SERIES,6,E01004636,0,2
2024041528050,2024,041528050,1,9,0,-1,19,3,7,-1,0,0,0,0,2,0,1,1,-1,6,1,21,5,2996,2,15,BMW 3 SERIES,1,E01025224,0,3
2024010530484,2024,010530484,1,9,0,18,19,3,7,0,0,1,0,0,0,0,2,9,6,6,2,46,8,1995,1,18,BMW 3 SERIES,4,E01004006,0,1
2024221482051,2024,221482051,2,9,0,-1,19,2,6,-1,0,8,0,0,0,0,1,1,-1,9,2,39,7,1995,2,15,BMW 3 SERIES,7,E01014100,0,3
2024010525412,2024,010525412,1,9,0,18,19,7,3,0,0,0,0,0,0,0,1,1,6,6,1,23,5,1998,1,5,BMW 3 SERIES,6,E01000069,0,1
2024010524800,2024,010524800,1,9,0,99,99,9,9,99,99,9,9,99,9,99,1,9,2,2,1,26,6,2494,1,19,BMW 3 SERIES,6,E01000706,0,1
2024010545754,2024,010545754,1,9,0,18,19,1,5,0,0,8,1,0,0,0,1,1,6,6,1,40,7,1998,8,0,BMW 3 SERIES,5,E01015953,0,3
2024052400418,2024,052400418,4,9,0,4,4,4,8,0,0,0,0,0,0,0,2,1,6,6,1,22,5,1995,2,11,BMW 3 SERIES,1,E01006745,0,2
2024501471400,2024,501471400,2,9,0,-1,2,0,0,-1,0,1,0,0,0,0,2,1,-1,6,2,40,7,1995,2,15,BMW 3 SERIES,8,E01034638,0,1
2024041474984,2024,041474984,2,9,0,-1,19,1,5,-1,0,0,0,0,0,0,2,1,-1,9,2,34,6,1995,2,11,BMW 3 SERIES,2,E01012658,0,4
2024010526805,2024,010526805,3,9,0,2,2,0,0,0,0,0,0,0,0,0,1,1,6,6,3,-1,-1,1995,2,7,BMW 3 SERIES,-1,-1,0,-1
2024201476362,2024,201476362,1,9,0,-1,10,6,2,-1,0,1,0,0,0,0,1,9,-1,6,1,-1,-1,1995,2,18,BMW 3 SERIES,-1,-1,0,-1
2024221412334,2024,221412334,2,9,0,-1,3,2,6,-1,0,3,0,0,0,0,2,9,-1,6,1,27,6,2993,2,5,BMW 3 SERIES,6,E01035066,0,1
2024010512312,2024,010512312,2,9,0,7,7,3,5,0,0,1,2,0,0,0,1,1,6,6,1,32,6,1998,8,5,BMW 3 SERIES,-1,-1,0,-1
2024010524446,2024,010524446,1,9,0,99,99,9,9,99,99,9,9,99,9,99,9,9,1,1,2,27,6,1998,8,2,BMW 3 SERIES,3,E01003293,0,3
2024522401737,2024,522401737,1,9,0,18,19,8,4,0,0,1,0,7,0,0,3,1,6,6,2,25,5,1998,1,5,BMW 3 SERIES,8,E01014938,0,2
2024201398573,2024,201398573,1,9,0,-1,19,2,8,-1,0,0,0,0,0,0,1,9,-1,6,1,47,8,1995,2,14,BMW 3 SERIES,-1,-1,0,-1
2024052402154,2024,052402154,1,9,0,18,19,8,4,0,0,1,0,0,0,0,1,1,6,6,1,37,7,1995,2,7,BMW 3 SERIES,1,E01006658,0,1
2024010529500,2024,010529500,1,9,0,18,19,8,4,0,0,8,0,0,0,0,1,1,6,6,1,28,6,1998,8,5,BMW 3 SERIES,3,E01000499,0,1
2024122500331,2024,122500331,2,9,0,18,19,7,3,0,0,1,0,0,0,0,1,1,6,6,1,63,9,1998,8,4,BMW 3 SERIES,10,E01011562,0,4
2024411396248,2024,411396248,1,9,0,-1,7,5,7,-1,0,0,0,0,0,0,1,9,-1,6,3,-1,-1,2993,2,7,BMW 3 SERIES,-1,-1,0,-1
2024161516976,2024,161516976,1,9,0,-1,19,8,4,-1,0,1,0,0,0,0,1,1,-1,6,1,38,7,1995,2,18,BMW 3 SERIES,1,E01013196,0,1
2024010498593,2024,010498593,1,9,0,99,99,9,9,99,99,9,9,99,9,99,2,9,2,2,2,39,7,1995,1,13,BMW 3 SERIES,3,E01004400,0,1
2024451512251,2024,451512251,1,9,0,-1,12,1,5,-1,0,1,0,0,0,0,4,1,-1,1,1,44,7,2993,2,11,BMW 3 SERIES,8,E01035358,0,1
2024311446712,2024,311446712,2,9,0,-1,9,7,5,-1,0,3,0,0,0,0,4,1,-1,6,1,45,7,1995,2,8,BMW 3 SERIES,1,E01013879,0,3
2024501470825,2024,501470825,2,9,0,-1,19,7,3,-1,0,0,0,0,0,0,3,1,-1,9,1,32,6,2000,2,14,BMW 3 SERIES,8,E01015141,0,2
2024131405323,2024,131405323,5,9,0,-1,19,1,1,-1,0,0,1,0,0,0,1,1,-1,1,1,37,7,1995,2,10,BMW 3 SERIES,2,E01010630,0,3
2024531422254,2024,531422254,2,9,0,-1,19,1,5,-1,0,1,0,0,7,0,1,1,-1,9,1,32,6,1995,2,14,BMW 3 SERIES,6,E01016279,0,4
2024522403193,2024,522403193,1,9,0,9,9,5,2,0,0,5,0,0,0,0,1,1,6,6,1,42,7,2000,1,15,BMW 3 SERIES,2,E01014489,0,1
2024302401027,2024,302401027,3,9,0,18,19,5,1,0,0,0,0,0,0,0,1,1,6,6,1,46,8,2993,2,8,BMW 3 SERIES,8,E01007921,0,2
2024061415923,2024,061415923,1,9,0,-1,13,7,3,-1,0,0,0,0,1,0,1,1,-1,6,1,18,4,1995,2,17,BMW 3 SERIES,-1,-1,0,-1
2024430410704,2024,430410704,1,9,0,7,7,5,7,0,0,1,0,0,0,0,4,1,6,6,1,22,5,1995,2,15,BMW 3 SERIES,9,E01028571,0,1
2024061419120,2024,061419120,3,9,0,-1,19,5,5,-1,0,0,0,0,0,0,1,1,-1,6,1,53,8,1995,2,9,BMW 3 SERIES,1,E01004850,0,1
2024061406147,2024,061406147,1,9,0,-1,7,4,8,-1,9,8,0,0,0,0,1,1,-1,6,1,44,7,1995,2,12,BMW 3 SERIES,-1,-1,0,-1
2024131534297,2024,131534297,3,9,0,-1,2,0,0,-1,0,0,0,0,0,0,3,1,-1,6,-1,-1,-1,1995,2,5,BMW 3 SERIES,-1,-1,0,-1
2024161464430,2024,161464430,2,9,0,-1,6,3,7,-1,0,1,9,0,0,0,3,1,-1,6,1,24,5,2494,1,24,BMW 3 SERIES,4,E01012980,0,4
2024010517375,2024,010517375,2,9,0,99,99,9,9,99,99,5,9,99,9,99,9,9,6,6,1,48,8,1995,2,8,BMW 3 SERIES,2,E01003044,0,1
2024332400025,2024,332400025,2,9,0,-1,19,4,8,-1,0,0,0,0,0,0,1,1,-1,6,2,52,8,1995,2,8,BMW 3 SERIES,8,E01025658,0,2
2024421432497,2024,421432497,1,9,0,-1,19,5,1,-1,0,0,1,0,0,0,1,1,-1,6,1,-1,-1,2993,2,15,BMW 3 SERIES,-1,-1,0,-1
2024010510496,2024,010510496,1,9,0,18,19,2,6,0,0,0,0,0,0,0,1,1,6,6,1,64,9,1995,2,8,BMW 3 SERIES,2,E01003236,0,1
2024141525985,2024,141525985,2,9,0,-1,19,1,5,-1,0,0,0,0,0,0,2,9,-1,6,3,-1,-1,2171,1,21,BMW 3 SERIES,-1,-1,0,-1
202417M112724,2024,17M112724,1,9,0,-1,13,7,3,-1,0,0,0,0,0,0,4,1,-1,9,1,38,7,1995,2,11,BMW 3 SERIES,1,E01012011,0,1
2024231482578,2024,231482578,1,9,0,-1,19,4,8,-1,0,1,0,0,3,4,1,9,-1,2,1,33,6,1995,2,15,BMW 3 SERIES,6,E01009676,0,2
2024440001322,2024,440001322,1,9,0,18,19,6,2,0,0,0,1,0,5,6,1,1,2,2,2,56,9,2993,2,13,BMW 3 SERIES,6,E01022962,0,3
2024471421241,2024,471421241,1,9,0,-1,11,1,5,-1,0,0,1,0,1,11,1,1,-1,1,1,56,9,1995,1,13,BMW 3 SERIES,8,E01021225,0,3
2024631433623,2024,631433623,3,9,0,-1,4,6,2,-1,0,1,0,0,0,0,2,1,-1,7,2,40,7,1995,2,12,BMW 3 SERIES,7,W01000429,0,3
2024631476933,2024,631476933,2,9,0,-1,19,4,8,-1,0,0,0,0,0,0,1,1,-1,6,2,37,7,1995,2,19,BMW 3 SERIES,4,W01000706,0,1
2024461523768,2024,461523768,1,9,0,-1,19,5,1,-1,0,0,1,0,0,0,1,1,-1,9,1,18,4,1995,1,15,BMW 3 SERIES,-1,-1,0,-1
2024131481183,2024,131481183,2,9,0,-1,2,0,0,-1,0,8,0,0,0,0,1,1,-1,6,-1,-1,-1,1995,2,11,BMW 3 SERIES,-1,-1,0,-1
2024131433191,2024,131433191,1,9,0,-1,19,6,2,-1,0,0,0,0,0,0,1,1,-1,2,2,32,6,1995,2,11,BMW 3 SERIES,7,E01011592,0,1
2024991455599,2024,991455599,1,9,0,-1,19,8,4,-1,0,0,1,0,4,6,3,1,-1,9,1,52,8,1995,2,10,BMW 3 SERIES,8,E01019154,0,5
2024131528473,2024,131528473,1,9,0,-1,15,5,1,-1,0,0,0,0,0,0,1,1,-1,9,1,21,5,2979,1,22,BMW 3 SERIES,4,E01011839,0,1
2024451414446,2024,451414446,2,9,0,-1,3,7,1,-1,0,0,0,0,0,0,1,2,-1,6,1,41,7,1998,8,7,BMW 3 SERIES,-1,-1,0,-1
2024010525275,2024,010525275,1,9,0,18,19,3,7,0,0,8,0,0,1,11,1,1,6,6,3,-1,-1,1499,1,6,BMW 3 SERIES,-1,-1,0,-1
2024991446638,2024,991446638,2,9,0,-1,19,5,1,-1,0,1,0,0,0,0,1,1,-1,6,1,33,6,1995,2,6,BMW 3 SERIES,4,-1,0,1
2024411425389,2024,411425389,1,9,0,-1,19,7,3,-1,0,0,0,0,0,0,1,1,-1,9,2,45,7,1995,2,13,BMW 3 SERIES,8,E01023831,0,2
2024010521566,2024,010521566,1,9,0,99,99,9,9,99,99,9,9,99,9,99,2,9,6,6,1,21,5,1998,1,6,BMW 3 SERIES,4,E01001995,0,3
2024631441811,2024,631441811,1,9,0,-1,9,4,2,-1,0,5,0,0,0,0,4,1,-1,6,1,58,9,1998,8,1,BMW 3 SERIES,6,W01000701,0,2
2024010523046,2024,010523046,2,9,0,99,99,9,9,99,99,9,9,99,9,99,1,9,6,6,3,-1,-1,1995,1,17,BMW 3 SERIES,6,E01004450,0,1
2024141505211,2024,141505211,2,9,0,-1,19,8,2,-1,0,4,0,0,0,0,1,9,-1,6,3,-1,-1,1995,2,13,BMW 3 SERIES,-1,-1,0,-1
2024351406698,2024,351406698,1,9,0,-1,19,7,3,-1,0,0,1,0,0,0,1,1,-1,2,1,61,9,1995,2,4,BMW 3 SERIES,7,E01018220,0,4
2024201494626,2024,201494626,2,9,0,-1,19,7,3,-1,0,1,0,11,0,0,1,1,-1,1,1,33,6,2993,12,3,BMW 3 SERIES,4,E01009234,0,2
2024010522803,2024,010522803,2,9,0,18,19,3,7,0,0,4,1,0,3,7,3,1,6,6,1,27,6,1998,8,4,BMW 3 SERIES,2,E01002782,0,4
2024010505185,2024,010505185,1,8,0,99,99,9,9,99,99,9,9,99,9,99,2,9,6,6,1,40,7,1998,8,6,BMW 3 SERIES,3,E01032786,0,1
2024522500061,2024,522500061,2,9,0,18,19,2,6,0,0,1,0,0,0,0,1,1,6,6,1,60,9,2996,1,13,BMW 3 SERIES,7,E01014936,0,2
2024031427000,2024,031427000,1,9,0,-1,19,5,1,-1,0,0,0,0,1,11,1,1,-1,9,1,26,6,1995,2,7,BMW 3 SERIES,-1,-1,0,-1
2024552400655,2024,552400655,2,9,0,4,4,6,2,0,0,0,0,0,0,0,2,1,6,6,2,31,6,1995,2,15,BMW 3 SERIES,10,E01020380,0,4
2024131440071,2024,131440071,2,9,0,-1,19,3,7,-1,0,0,0,0,0,0,3,1,-1,6,1,32,6,1998,8,5,BMW 3 SERIES,1,E01011721,0,1
2024622400322,2024,622400322,1,9,0,18,19,3,7,0,0,3,0,0,0,0,1,1,6,6,1,41,7,1995,2,17,BMW 3 SERIES,2,W01001073,0,1
2024211488763,2024,211488763,1,9,0,-1,9,7,5,-1,0,5,5,0,0,0,4,1,-1,6,2,48,8,1995,2,6,BMW 3 SERIES,-1,-1,0,-1
2024010547116,2024,010547116,1,9,0,9,9,1,6,0,0,8,0,0,0,0,1,1,6,6,2,33,6,2494,1,21,BMW 3 SERIES,2,E01034175,0,1
2024451416818,2024,451416818,1,9,0,-1,19,3,7,-1,0,0,1,0,7,11,4,1,-1,6,1,20,4,1995,1,19,BMW 3 SERIES,8,E01000655,0,1
2024371463766,2024,371463766,2,9,0,-1,3,-1,-1,-1,0,0,0,0,0,0,2,1,-1,9,2,55,8,1995,2,8,BMW 3 SERIES,8,E01029905,0,3
2024221493214,2024,221493214,1,9,0,-1,19,8,5,-1,0,8,0,4,1,0,1,1,-1,9,2,25,5,1995,2,12,BMW 3 SERIES,7,E01031334,0,4
2024141428801,2024,141428801,1,9,0,-1,19,5,1,-1,0,0,1,0,1,11,1,1,-1,9,2,26,6,1995,2,11,BMW 3 SERIES,1,E01008060,0,1
2024451468053,2024,451468053,1,9,0,-1,7,3,5,-1,0,8,0,0,0,0,1,1,-1,2,1,55,8,1995,2,4,BMW 3 SERIES,9,E01030953,0,1
2024440150695,2024,440150695,1,9,0,17,19,2,7,0,0,8,1,7,1,1,4,1,2,2,1,37,7,2993,2,15,BMW 3 SERIES,6,E01018786,0,5
2024201455406,2024,201455406,1,9,0,-1,19,2,6,-1,0,8,0,10,0,0,9,1,-1,6,1,-1,-1,2993,12,3,BMW 3 SERIES,1,E01009310,0,2