collision_index,collision_year,collision_ref_no,vehicle_reference,vehicle_type,towing_and_articulation,vehicle_manoeuvre_historic,vehicle_manoeuvre,vehicle_direction_from,vehicle_direction_to,vehicle_location_restricted_lane_historic,vehicle_location_restricted_lane,junction_location,skidding_and_overturning,hit_object_in_carriageway,vehicle_leaving_carriageway,hit_object_off_carriageway,first_point_of_impact,vehicle_left_hand_drive,journey_purpose_of_driver_historic,journey_purpose_of_driver,sex_of_driver,age_of_driver,age_band_of_driver,engine_capacity_cc,propulsion_code,age_of_vehicle,generic_make_model,driver_imd_decile,lsoa_of_driver,escooter_flag,driver_distance_banding
202460Q179287,2024,60Q179287,3,9,0,18,19,7,3,0,0,0,0,0,0,0,1,1,6,6,2,37,7,1998,8,5,BMW 3 SERIES,-1,-1,0,-1
2024211447763,2024,211447763,2,9,0,-1,19,8,4,-1,0,0,0,0,0,0,4,9,-1,2,2,56,9,1998,8,3,BMW 3 SERIES,5,E01010110,0,4
2024430145416,2024,430145416,1,9,0,18,19,4,7,0,0,2,0,0,0,0,4,1,6,6,1,31,6,2494,1,20,BMW 3 SERIES,7,E01017834,0,1
2024311510542,2024,311510542,3,9,0,-1,19,4,8,-1,0,0,0,0,0,0,1,1,-1,6,1,66,10,2979,1,22,BMW 3 SERIES,-1,-1,0,-1
2024010506459,2024,010506459,1,9,0,99,99,9,9,99,99,9,9,99,9,99,2,9,6,6,2,34,6,1598,1,9,BMW 3 SERIES,4,E01023805,0,3
2024101448993,2024,101448993,1,9,0,-1,19,6,2,-1,0,5,1,0,1,0,1,9,-1,6,1,51,8,1995,2,10,BMW 3 SERIES,2,E01008634,0,1
2024221469288,2024,221469288,1,9,0,-1,1,6,2,-1,9,0,0,0,0,0,2,9,-1,6,1,27,6,1995,2,16,BMW 3 SERIES,3,E01009763,0,4
2024991465447,2024,991465447,1,9,0,-1,7,7,1,-1,9,1,0,0,0,0,1,1,-1,6,1,56,9,1995,2,4,BMW 3 SERIES,1,-1,0,2
2024401452877,2024,401452877,3,9,0,-1,3,1,5,-1,0,4,0,0,0,0,1,9,-1,6,3,-1,-1,1995,2,16,BMW 3 SERIES,-1,-1,0,-1
2024131492905,2024,131492905,1,9,0,-1,-1,-1,-1,-1,-1,-1,-1,-1,-1,-1,-1,1,-1,6,3,-1,-1,1995,2,9,BMW 3 SERIES,-1,-1,0,-1
2024131423933,2024,131423933,1,9,0,-1,19,5,1,-1,0,4,0,0,0,0,3,1,-1,6,3,-1,-1,1998,8,8,BMW 3 SERIES,-1,-1,0,-1
2024070201395,2024,070201395,1,9,0,18,19,7,3,0,0,0,0,0,0,0,1,1,6,6,1,-1,-1,2993,2,10,BMW 3 SERIES,4,E01006833,0,3
2024161529483,2024,161529483,1,9,0,-1,19,2,6,-1,0,1,0,0,0,0,3,2,-1,6,1,36,7,1995,2,14,BMW 3 SERIES,4,E01013320,0,1
2024201503303,2024,201503303,1,9,0,-1,9,7,5,-1,0,5,0,0,0,0,3,9,-1,9,1,34,6,1499,1,7,BMW 3 SERIES,3,E01009294,0,2
2024302400355,2024,302400355,2,9,0,18,19,7,3,0,0,8,0,0,0,0,1,1,6,6,1,30,6,1995,2,16,BMW 3 SERIES,5,E01013500,0,1
2024991493154,2024,991493154,1,9,0,-1,19,8,4,-1,0,0,0,0,6,0,1,1,-1,9,1,47,8,1998,1,0,BMW 3 SERIES,1,-1,0,4
2024201449143,2024,201449143,1,9,0,-1,5,2,6,-1,9,0,0,0,0,0,1,1,-1,9,1,61,9,1995,2,8,BMW 3 SERIES,6,E01029488,0,2
2024201419083,2024,201419083,1,9,0,-1,19,3,7,-1,0,8,0,0,0,0,1,1,-1,9,1,29,6,1998,1,1,BMW 3 SERIES,5,E01010082,0,2
2024311395316,2024,311395316,6,9,0,-1,15,1,5,-1,0,0,0,0,1,0,1,1,-1,1,1,-1,-1,2993,12,1,BMW 3 SERIES,-1,-1,0,-1
2024211426289,2024,211426289,1,9,0,-1,19,7,3,-1,0,0,0,0,0,0,1,1,-1,6,1,22,5,1998,8,4,BMW 3 SERIES,1,E01014220,0,1
202417M109024,2024,17M109024,2,9,0,-1,19,2,6,-1,0,0,0,0,0,0,1,1,-1,6,2,38,7,1995,2,12,BMW 3 SERIES,2,E01012080,0,1
2024351398935,2024,351398935,1,9,0,-1,19,5,1,-1,0,1,0,0,0,0,1,1,-1,6,1,50,8,1995,2,16,BMW 3 SERIES,5,E01035532,0,2
2024991415364,2024,991415364,1,9,0,-1,19,6,2,-1,0,0,0,0,1,4,1,1,-1,9,2,35,6,2993,2,15,BMW 3 SERIES,-1,-1,0,-1
2024010523310,2024,010523310,2,9,0,99,99,9,9,99,99,9,9,99,9,99,1,9,6,6,3,-1,-1,1998,8,1,BMW 3 SERIES,-1,-1,0,-1
2024991425220,2024,991425220,1,9,0,-1,9,5,3,-1,0,5,1,7,1,2,4,1,-1,1,1,35,6,1995,2,5,BMW 3 SERIES,2,-1,0,1
2024101442826,2024,101442826,1,9,0,-1,4,8,4,-1,0,0,0,0,0,0,3,9,-1,6,2,44,7,1995,2,16,BMW 3 SERIES,3,E01008857,0,1
2024131528658,2024,131528658,1,9,0,-1,19,1,1,-1,0,0,0,0,0,0,1,1,-1,1,1,24,5,1998,1,4,BMW 3 SERIES,3,E01010763,0,3
2024501478070,2024,501478070,2,9,0,-1,19,6,2,-1,0,0,5,0,0,0,1,1,-1,9,1,32,6,2497,1,17,BMW 3 SERIES,5,E01018756,0,2
2024201491649,2024,201491649,3,9,0,-1,2,0,0,-1,0,0,0,4,0,0,2,1,-1,6,-1,-1,-1,2996,1,16,BMW 3 SERIES,-1,-1,0,-1
2024471406213,2024,471406213,1,9,0,-1,19,5,1,-1,-1,3,2,9,3,1,1,1,-1,9,1,47,8,1995,2,13,BMW 3 SERIES,8,E01035362,0,1
2024421519478,2024,421519478,1,9,0,-1,19,4,8,-1,0,0,0,0,0,0,4,1,-1,2,1,37,7,1995,2,6,BMW 3 SERIES,8,E01021382,0,3
2024201453549,2024,201453549,2,9,0,-1,19,5,1,-1,0,0,0,0,0,0,1,1,-1,6,1,30,6,1995,2,9,BMW 3 SERIES,4,E01009244,0,1
2024010529578,2024,010529578,1,9,0,5,5,5,1,9,9,6,0,0,0,0,1,1,6,6,1,41,7,2993,2,8,BMW 3 SERIES,2,E01002686,0,1
2024201542428,2024,201542428,2,9,0,-1,9,5,1,-1,0,1,0,0,0,0,3,9,-1,6,2,35,6,1995,2,15,BMW 3 SERIES,1,E01033894,0,1
2024052400740,2024,052400740,1,9,0,1,1,3,1,0,0,1,0,0,0,0,2,1,3,7,2,29,6,1995,2,12,BMW 3 SERIES,1,E01006505,0,1
2024010519945,2024,010519945,10,9,0,4,4,7,3,0,0,0,0,0,0,0,2,1,6,6,1,57,9,1997,1,11,BMW 3 SERIES,7,E01030994,0,3
2024201485339,2024,201485339,2,9,0,-1,19,8,4,-1,0,0,0,0,0,0,3,1,-1,6,1,23,5,2993,2,18,BMW 3 SERIES,3,E01029408,0,4
2024010548818,2024,010548818,1,9,0,3,3,9,9,99,99,9,9,99,9,99,2,9,6,6,1,41,7,1995,1,14,BMW 3 SERIES,2,E01000030,0,2
2024010514038,2024,010514038,1,9,0,16,19,2,6,0,0,4,0,0,0,0,1,1,6,6,1,21,5,2171,1,20,BMW 3 SERIES,4,E01004531,0,1
2024211528951,2024,211528951,2,9,0,-1,3,1,5,-1,0,0,0,0,0,0,4,1,-1,6,1,30,6,1995,2,10,BMW 3 SERIES,1,E01014305,0,1
2024052400172,2024,052400172,2,9,0,18,19,3,7,0,0,2,0,0,0,0,1,1,1,1,2,-1,-1,2993,2,5,BMW 3 SERIES,3,E01006743,0,3
2024061427285,2024,061427285,3,9,0,-1,3,2,6,-1,0,0,0,0,0,0,2,1,-1,9,1,43,7,1995,2,8,BMW 3 SERIES,3,E01005474,0,3
2024010511987,2024,010511987,2,9,0,18,19,1,5,0,0,1,0,0,0,0,1,1,6,6,2,36,7,1995,12,3,BMW 3 SERIES,-1,-1,0,-1
2024332400940,2024,332400940,1,9,0,-1,19,8,4,-1,0,0,1,0,1,10,4,1,-1,2,1,26,6,1995,2,17,BMW 3 SERIES,7,E01025826,0,2
2024201456844,2024,201456844,2,9,0,-1,12,1,5,-1,0,0,0,0,0,0,2,1,-1,6,1,47,8,2000,2,15,BMW 3 SERIES,2,E01009955,0,1
2024991531917,2024,991531917,1,9,0,-1,19,5,8,-1,0,0,0,0,0,0,1,1,-1,6,3,50,8,1995,2,10,BMW 3 SERIES,-1,-1,0,-1
2024440462864,2024,440462864,2,9,0,16,19,1,5,0,0,3,0,0,0,0,1,1,6,6,2,37,7,1995,2,12,BMW 3 SERIES,-1,-1,0,-1
2024071085371,2024,071085371,2,9,0,-1,19,1,1,-1,0,8,0,0,0,0,1,1,-1,9,1,31,6,1995,2,6,BMW 3 SERIES,10,E01012503,0,1
2024440106433,2024,440106433,5,9,0,18,19,6,2,0,0,0,0,0,0,0,1,1,6,6,1,31,6,1995,2,5,BMW 3 SERIES,4,E01022479,0,4
2024010530085,2024,010530085,1,9,0,3,3,1,5,0,0,0,0,0,0,0,0,1,6,6,2,51,8,1997,1,11,BMW 3 SERIES,6,E01002674,0,1
2024122400823,2024,122400823,1,9,0,17,19,7,3,0,0,0,0,0,1,9,1,1,1,1,1,37,7,1998,8,4,BMW 3 SERIES,8,E01004953,0,4
2024320178669,2024,320178669,2,9,0,-1,-1,2,6,6,6,0,0,0,0,0,4,1,-1,-1,1,47,8,1995,2,16,BMW 3 SERIES,7,E01012794,0,4
2024351451172,2024,351451172,1,9,0,-1,19,5,1,-1,0,1,0,0,0,0,1,1,-1,6,2,25,5,2000,2,14,BMW 3 SERIES,6,E01015653,0,1
2024122400466,2024,122400466,2,9,0,2,2,0,0,9,9,0,0,0,0,0,1,1,6,6,1,43,7,1995,2,7,BMW 3 SERIES,9,E01027897,0,2
2024552401511,2024,552401511,2,9,0,18,19,7,3,0,0,0,0,0,0,0,1,1,6,6,1,57,9,1997,1,9,BMW 3 SERIES,7,E01020481,0,1
2024201514221,2024,201514221,1,9,0,-1,7,1,3,-1,0,5,0,0,0,0,1,1,-1,6,1,-1,-1,1998,8,4,BMW 3 SERIES,-1,-1,0,-1
2024201448361,2024,201448361,2,9,0,-1,3,8,4,-1,0,0,0,0,0,0,2,1,-1,6,2,24,5,1995,2,9,BMW 3 SERIES,4,E01010072,0,1
2024610024024,2024,610024024,1,9,0,18,19,5,1,0,0,0,0,0,7,2,1,2,2,2,1,32,6,1995,2,18,BMW 3 SERIES,1,W01001469,0,1
2024010537839,2024,010537839,2,9,0,6,6,2,2,0,0,6,0,0,0,0,3,1,2,2,1,42,7,1995,1,17,BMW 3 SERIES,1,E01013675,0,5
2024201470942,2024,201470942,2,9,0,-1,19,3,6,-1,0,4,0,0,0,0,1,1,-1,9,1,27,6,1998,1,3,BMW 3 SERIES,8,E01010437,0,4
2024461502617,2024,461502617,2,9,0,-1,7,3,2,-1,0,6,0,0,0,0,1,1,-1,6,2,64,9,2993,2,8,BMW 3 SERIES,4,E01016168,0,1
2024311426276,2024,311426276,1,9,0,-1,19,7,3,-1,0,0,0,4,0,0,4,9,-1,6,2,32,6,1995,2,5,BMW 3 SERIES,10,E01035510,0,2
2024131437107,2024,131437107,1,9,0,-1,19,3,7,-1,0,0,0,0,0,0,1,1,-1,6,1,41,7,1995,2,13,BMW 3 SERIES,2,E01011854,0,1
2024991406840,2024,991406840,1,9,0,-1,19,2,6,-1,0,0,0,0,0,0,1,1,-1,6,1,20,4,1998,1,4,BMW 3 SERIES,-1,-1,0,-1
2024052402637,2024,052402637,2,9,0,18,19,3,7,0,0,8,0,0,1,7,1,1,2,2,1,51,8,1998,8,1,BMW 3 SERIES,10,E01005739,0,4
2024211401972,2024,211401972,1,9,0,-1,19,2,4,-1,0,1,-1,0,0,0,4,1,-1,6,1,25,5,1995,2,10,BMW 3 SERIES,-1,-1,0,-1
2024221522195,2024,221522195,1,9,0,-1,19,2,6,-1,0,0,1,0,0,0,1,1,-1,6,1,63,9,1995,2,14,BMW 3 SERIES,5,E01014062,0,2
2024501401282,2024,501401282,1,9,0,-1,9,8,6,-1,0,5,0,0,0,0,1,1,-1,9,1,27,6,1995,2,21,BMW 3 SERIES,7,E01018883,0,1
2024430565172,2024,430565172,1,9,0,16,19,3,6,0,0,0,0,0,0,0,1,1,2,2,2,36,7,1995,2,9,BMW 3 SERIES,4,E01033835,0,2
2024501486263,2024,501486263,2,9,0,-1,19,8,4,-1,0,0,0,0,0,0,3,1,-1,6,1,48,8,1995,2,10,BMW 3 SERIES,-1,-1,0,-1
202417S111224,2024,17S111224,1,9,0,-1,19,7,3,-1,0,0,0,0,0,0,3,1,-1,9,1,46,8,1998,8,1,BMW 3 SERIES,10,E01012303,0,2
2024501507850,2024,501507850,1,9,0,-1,7,2,4,-1,0,6,0,0,0,0,4,1,-1,2,1,46,8,1998,8,7,BMW 3 SERIES,9,E01020023,0,1
2024440342391,2024,440342391,1,9,0,5,5,2,6,0,0,0,0,0,0,0,1,1,6,6,1,58,9,1998,8,0,BMW 3 SERIES,6,E01034062,0,1
2024201408721,2024,201408721,1,9,0,-1,7,6,1,-1,2,0,1,10,1,7,1,1,-1,9,1,23,5,1998,1,6,BMW 3 SERIES,3,E01010444,0,2
2024201416102,2024,201416102,1,9,0,-1,19,3,7,-1,0,2,0,0,0,0,4,1,-1,6,1,-1,-1,2993,2,8,BMW 3 SERIES,-1,-1,0,-1
2024471408186,2024,471408186,1,9,0,-1,19,1,5,-1,0,0,1,0,4,7,4,1,-1,2,1,30,6,1995,2,18,BMW 3 SERIES,6,E01031352,0,4
2024041491274,2024,041491274,1,9,0,-1,19,5,1,-1,0,0,5,0,7,10,1,2,-1,6,1,53,8,1995,2,18,BMW 3 SERIES,2,E01024902,0,1
2024041394887,2024,041394887,2,9,0,-1,19,5,7,-1,0,0,1,0,1,7,4,1,-1,9,1,56,9,1995,2,12,BMW 3 SERIES,8,E01006285,0,4
2024201486037,2024,201486037,3,9,0,-1,19,3,7,-1,0,0,0,0,0,0,1,1,-1,1,1,35,6,2993,2,3,BMW 3 SERIES,-1,-1,0,-1
2024501531220,2024,501531220,1,9,0,-1,19,4,8,-1,0,0,0,0,0,0,4,9,-1,6,1,87,11,1995,2,15,BMW 3 SERIES,5,E01015215,0,1
2024161508282,2024,161508282,1,9,0,-1,7,2,4,-1,0,1,0,0,0,0,2,1,-1,2,1,42,7,1995,2,8,BMW 3 SERIES,2,E01012821,0,1
2024031464976,2024,031464976,1,9,0,-1,9,1,5,-1,0,1,0,11,0,0,1,1,-1,6,2,45,7,1995,2,16,BMW 3 SERIES,5,E01019083,0,1
2024131442992,2024,131442992,1,9,0,-1,11,1,3,-1,0,1,0,0,7,2,1,1,-1,7,2,46,8,1995,2,12,BMW 3 SERIES,9,E01011381,0,1
2024201511605,2024,201511605,1,9,0,-1,5,3,7,-1,0,6,0,0,0,0,1,1,-1,6,2,-1,-1,1995,2,16,BMW 3 SERIES,-1,-1,0,-1
2024010545100,2024,010545100,1,9,0,18,19,5,1,1,1,0,0,7,6,1,1,1,6,6,2,28,6,1997,1,9,BMW 3 SERIES,3,E01001109,0,1
2024371514842,2024,371514842,2,9,0,-1,19,5,1,-1,0,1,0,0,0,0,1,1,-1,6,1,85,11,1998,1,9,BMW 3 SERIES,6,E01030150,0,1
2024010537214,2024,010537214,4,9,0,18,19,7,3,0,0,1,0,0,0,0,2,1,6,6,1,58,9,2993,2,5,BMW 3 SERIES,2,E01000018,0,1
2024141467338,2024,141467338,4,9,0,-1,2,0,0,-1,0,0,0,0,0,0,3,1,-1,6,-1,-1,-1,1995,2,13,BMW 3 SERIES,-1,-1,0,-1
2024221430010,2024,221430010,1,9,0,-1,12,7,4,-1,0,8,0,0,0,0,3,9,-1,6,1,43,7,1995,2,14,BMW 3 SERIES,9,E01028947,0,1
2024122500042,2024,122500042,2,9,0,3,3,8,4,0,0,8,0,0,0,0,2,1,6,6,1,30,6,1995,2,10,BMW 3 SERIES,3,E01013394,0,1
2024461481090,2024,461481090,1,9,0,-1,5,7,3,-1,0,0,0,0,0,0,1,1,-1,9,1,83,11,1499,1,6,BMW 3 SERIES,7,E01024689,0,1
2024010509979,2024,010509979,1,9,0,18,19,1,5,0,0,1,1,10,2,4,4,1,6,6,1,23,5,1995,2,13,BMW 3 SERIES,4,E01023403,0,4
2024161481075,2024,161481075,1,9,0,-1,19,5,1,-1,0,0,0,0,0,0,1,1,-1,6,1,24,5,1995,2,12,BMW 3 SERIES,1,E01013203,0,1
2024010508488,2024,010508488,1,9,0,17,19,3,7,0,0,1,0,10,4,0,1,2,6,6,1,23,5,1995,1,16,BMW 3 SERIES,6,E01003693,0,1
2024421422586,2024,421422586,1,9,0,-1,5,6,1,-1,0,0,0,0,0,0,0,1,-1,6,1,40,7,1995,2,15,BMW 3 SERIES,-1,-1,0,-1
2024430015526,2024,430015526,1,9,0,9,9,6,4,0,0,5,0,0,0,0,1,1,2,2,1,25,5,2000,2,13,BMW 3 SERIES,8,E01028422,0,2
2024061442657,2024,061442657,1,9,0,-1,5,1,5,-1,0,0,0,0,0,0,1,1,-1,9,1,51,8,1995,2,8,BMW 3 SERIES,1,E01005227,0,1
2024010531722,2024,010531722,1,9,0,99,99,9,9,99,99,9,9,99,9,99,1,9,6,6,3,-1,-1,1995,1,18,BMW 3 SERIES,-1,-1,0,-1
2024991411565,2024,991411565,1,9,0,-1,19,6,1,-1,0,0,0,0,0,0,1,1,-1,6,1,43,7,1995,2,12,BMW 3 SERIES,6,-1,0,4
2024010529210,2024,010529210,1,9,0,18,19,7,3,0,0,8,0,0,0,0,4,1,6,6,1,26,6,1995,1,14,BMW 3 SERIES,1,E01000596,0,1
2024401422042,2024,401422042,1,9,0,-1,7,4,2,-1,0,8,0,0,0,0,1,1,-1,6,1,30,6,1499,1,9,BMW 3 SERIES,6,E01035579,0,4
2024201461138,2024,201461138,3,8,0,-1,2,0,0,-1,0,0,0,0,0,0,2,1,-1,6,-1,-1,-1,1995,2,10,BMW 3 SERIES,-1,-1,0,-1
2024010547729,2024,010547729,2,9,0,99,99,9,9,99,99,9,9,99,9,99,9,9,6,6,3,-1,-1,1499,1,7,BMW 3 SERIES,-1,-1,0,-1
2024041426907,2024,041426907,1,9,0,-1,19,6,2,-1,0,0,0,0,0,0,1,9,-1,6,1,20,4,2000,2,12,BMW 3 SERIES,6,E01025121,0,1
2024522402479,2024,522402479,2,9,0,18,19,1,5,0,0,8,0,0,0,0,1,1,6,6,1,45,7,1995,2,6,BMW 3 SERIES,9,E01022381,0,2
2024552400253,2024,552400253,1,9,0,18,19,3,7,0,0,0,0,0,0,0,1,1,6,6,1,25,5,1995,2,14,BMW 3 SERIES,6,E01020448,0,3
2024131504025,2024,131504025,1,9,0,-1,19,5,1,-1,0,1,0,0,0,0,1,1,-1,2,1,43,7,1995,2,10,BMW 3 SERIES,5,E01011855,0,1
2024201520285,2024,201520285,2,9,0,-1,19,1,6,-1,0,0,0,4,0,0,2,1,-1,6,1,44,7,1995,12,3,BMW 3 SERIES,7,E01003199,0,5
2024010501225,2024,010501225,1,9,0,18,19,5,1,0,0,1,0,0,0,0,1,1,2,2,1,49,8,2494,1,18,BMW 3 SERIES,-1,-1,0,-1
2024231465306,2024,231465306,3,9,0,-1,19,5,8,-1,0,8,0,0,0,0,0,9,-1,8,1,45,7,2993,12,2,BMW 3 SERIES,-1,-1,0,-1
2024361455114,2024,361455114,1,9,0,-1,19,5,1,-1,0,1,0,0,0,0,1,1,-1,9,1,31,6,1995,2,12,BMW 3 SERIES,8,E01030237,0,4
2024131422176,2024,131422176,3,9,0,-1,19,3,7,-1,0,0,0,0,0,0,0,1,-1,1,1,47,8,2993,2,5,BMW 3 SERIES,9,E01011046,0,2
2024010540762,2024,010540762,1,9,0,18,19,3,7,0,0,1,0,0,0,0,1,1,6,6,1,21,5,2996,1,15,BMW 3 SERIES,4,E01001232,0,1
2024010540403,2024,010540403,1,9,0,14,14,7,3,0,0,0,0,0,0,0,1,1,6,6,1,40,7,1998,1,4,BMW 3 SERIES,-1,-1,0,-1
2024531413983,2024,531413983,1,9,0,-1,19,5,1,-1,0,1,0,0,0,0,4,1,-1,1,1,33,6,1995,2,15,BMW 3 SERIES,2,E01022133,0,3
2024131413622,2024,131413622,1,9,0,-1,15,7,3,-1,0,0,0,0,0,0,1,1,-1,6,3,-1,-1,1995,2,19,BMW 3 SERIES,-1,-1,0,-1
2024131434180,2024,131434180,1,9,0,-1,19,8,4,-1,0,0,0,0,0,0,1,1,-1,9,1,22,5,1995,2,5,BMW 3 SERIES,3,E01033002,0,1
2024371452439,2024,371452439,2,9,0,-1,19,3,6,-1,0,0,0,0,0,0,4,1,-1,2,1,21,5,1998,8,2,BMW 3 SERIES,6,E01033126,0,1
2024010539936,2024,010539936,1,9,0,9,9,5,2,0,0,2,0,0,0,0,1,1,6,6,1,30,6,2497,1,18,BMW 3 SERIES,4,E01033082,0,1
2024440493626,2024,440493626,1,9,0,18,19,2,6,0,0,2,0,0,0,0,1,1,2,2,1,46,8,1998,8,1,BMW 3 SERIES,5,E01015377,0,4
2024991415871,2024,991415871,1,9,0,-1,19,7,2,-1,0,0,0,0,0,0,1,1,-1,9,2,35,6,1995,2,9,BMW 3 SERIES,-1,-1,0,-1
2024531504493,2024,531504493,1,9,0,-1,19,5,1,-1,0,4,0,0,0,0,1,1,-1,6,1,33,6,1995,2,13,BMW 3 SERIES,8,E01022280,0,1
2024471414015,2024,471414015,1,9,0,-1,3,4,8,-1,0,1,0,0,0,0,3,1,-1,9,1,47,8,1995,2,12,BMW 3 SERIES,5,E01016855,0,2
2024131467476,2024,131467476,1,9,0,-1,19,4,4,-1,0,1,0,11,0,0,1,1,-1,6,1,25,5,1995,1,16,BMW 3 SERIES,6,E01010690,0,2
2024010521577,2024,010521577,2,9,0,99,99,9,9,99,99,9,9,99,9,99,9,9,6,6,3,-1,-1,1995,2,14,BMW 3 SERIES,-1,-1,0,-1
2024131417640,2024,131417640,2,9,0,-1,19,3,3,-1,0,1,0,0,0,0,1,1,-1,9,1,29,6,2993,2,10,BMW 3 SERIES,3,E01010801,0,1
2024302401772,2024,302401772,2,9,0,-1,2,0,0,-1,0,0,0,0,1,0,3,1,-1,6,3,-1,-1,1998,1,3,BMW 3 SERIES,-1,-1,0,-1
2024201525373,2024,201525373,2,9,0,-1,19,5,1,-1,0,0,0,0,0,0,2,1,-1,2,1,36,7,1998,1,0,BMW 3 SERIES,1,E01034920,0,2
2024141460042,2024,141460042,2,9,0,-1,19,8,4,-1,0,0,0,0,0,0,4,1,-1,6,3,71,10,1995,1,15,BMW 3 SERIES,10,E01007619,0,1
2024461536071,2024,461536071,3,9,0,-1,2,0,0,-1,0,0,0,0,0,0,2,1,-1,6,1,23,5,2494,1,22,BMW 3 SERIES,10,E01024404,0,1
2024451504520,2024,451504520,1,9,0,-1,11,5,1,-1,0,0,0,0,0,0,1,1,-1,9,1,29,6,1998,1,4,BMW 3 SERIES,3,E01003539,0,4
2024161435382,2024,161435382,1,9,0,-1,19,4,8,-1,0,0,0,0,0,0,1,1,-1,9,1,73,10,1995,1,18,BMW 3 SERIES,10,E01013113,0,1
2024010509598,2024,010509598,1,9,0,5,5,1,5,0,0,8,0,0,0,0,1,1,6,6,2,41,7,1998,1,4,BMW 3 SERIES,2,E01023920,0,4
2024421453453,2024,421453453,2,9,0,-1,19,3,7,-1,0,1,1,0,0,0,3,1,-1,6,2,35,6,1499,1,7,BMW 3 SERIES,6,E01035181,0,3
2024010541514,2024,010541514,2,9,0,99,99,9,9,99,99,9,9,99,9,99,1,9,6,6,3,-1,-1,1995,2,9,BMW 3 SERIES,-1,-1,0,-1
2024161426177,2024,161426177,2,9,0,-1,9,1,7,-1,0,5,0,0,0,0,2,1,-1,9,1,60,9,2993,2,8,BMW 3 SERIES,8,E01013040,0,1
2024451415692,2024,451415692,1,9,0,-1,3,8,-1,-1,0,4,0,0,0,0,2,1,-1,7,1,49,8,2979,1,17,BMW 3 SERIES,5,E01030484,0,1
2024231509903,2024,231509903,3,9,0,-1,19,6,2,-1,0,1,0,0,0,0,1,1,-1,2,1,58,9,1995,2,11,BMW 3 SERIES,8,E01031205,0,3
2024451435284,2024,451435284,1,9,0,-1,1,0,7,-1,0,0,0,0,0,0,2,1,-1,6,1,71,10,2993,2,12,BMW 3 SERIES,10,E01030878,0,1
2024610036124,2024,610036124,1,9,0,16,19,2,5,0,0,3,1,10,1,2,1,1,6,6,1,29,6,2993,2,7,BMW 3 SERIES,8,W01001537,0,1
2024010536570,2024,010536570,2,9,0,18,19,7,3,0,0,8,0,0,0,0,3,1,6,6,2,41,7,1499,1,8,BMW 3 SERIES,3,E01000535,0,1
2024471422200,2024,471422200,2,9,0,-1,19,8,4,-1,0,1,0,0,0,0,1,1,-1,6,1,45,7,1995,2,11,BMW 3 SERIES,10,E01021157,0,1
2024061526871,2024,061526871,1,9,0,-1,5,8,4,-1,0,1,0,0,0,0,1,1,-1,6,1,29,6,1995,2,4,BMW 3 SERIES,3,E01013874,0,4
2024421484852,2024,421484852,1,9,0,-1,19,5,8,-1,0,0,0,4,7,11,3,1,-1,9,1,57,9,1995,2,16,BMW 3 SERIES,7,E01021978,0,3
2024440554371,2024,440554371,1,9,0,9,9,2,7,0,0,0,0,0,0,0,3,1,2,2,1,47,8,2000,2,12,BMW 3 SERIES,1,E01017155,0,1
2024010529950,2024,010529950,2,9,0,99,99,9,9,99,99,9,9,99,9,99,9,9,6,6,3,35,6,1998,1,5,BMW 3 SERIES,1,E01000595,0,1
2024622400126,2024,622400126,2,9,0,18,19,7,3,0,0,0,0,0,0,0,4,1,6,6,1,35,6,1997,1,11,BMW 3 SERIES,3,W01001079,0,1
2024371524747,2024,371524747,1,9,0,-1,9,8,6,-1,0,1,0,0,0,0,3,1,-1,9,1,21,5,1995,1,17,BMW 3 SERIES,5,E01032523,0,4
2024010506356,2024,010506356,2,9,0,18,19,3,7,0,0,1,0,0,0,0,1,1,6,6,1,28,6,1997,1,11,BMW 3 SERIES,3,E01003160,0,1
2024010516649,2024,010516649,2,9,0,99,99,9,9,99,99,9,9,99,9,99,9,9,6,6,3,-1,-1,1998,8,7,BMW 3 SERIES,3,E01001795,0,1
2024131460137,2024,131460137,3,9,0,-1,19,7,3,-1,0,0,2,0,0,0,4,1,-1,6,-1,-1,-1,1995,2,12,BMW 3 SERIES,-1,-1,0,-1
2024221473658,2024,221473658,3,9,0,-1,19,3,8,-1,0,8,0,0,0,0,1,1,-1,6,1,35,6,1998,8,2,BMW 3 SERIES,4,E01009825,0,2
2024010541263,2024,010541263,2,9,0,18,19,3,7,0,0,2,0,0,0,0,1,1,6,6,1,24,5,1998,8,4,BMW 3 SERIES,3,E01035667,0,3
2024411506479,2024,411506479,1,9,0,-1,19,5,2,-1,0,0,1,4,1,0,1,1,-1,6,1,19,4,1995,2,8,BMW 3 SERIES,9,E01023819,0,1
2024421406205,2024,421406205,1,9,0,-1,19,1,5,-1,0,0,0,0,0,0,1,1,-1,6,1,50,8,1995,2,9,BMW 3 SERIES,1,E01015642,0,4
2024430479510,2024,430479510,2,9,0,18,19,2,6,0,0,8,0,0,0,0,1,1,6,6,1,40,7,2000,2,14,BMW 3 SERIES,9,E01016219,0,1
2024610049824,2024,610049824,1,9,0,4,4,6,2,0,0,0,0,0,0,0,2,1,6,6,1,47,8,1995,2,11,BMW 3 SERIES,2,W01001690,0,1
2024131439597,2024,131439597,2,9,0,-1,7,7,3,-1,0,1,0,0,0,0,4,1,-1,9,1,57,9,1995,1,16,BMW 3 SERIES,4,E01033685,0,4