collision_index,collision_year,collision_ref_no,vehicle_reference,vehicle_type,towing_and_articulation,vehicle_manoeuvre_historic,vehicle_manoeuvre,vehicle_direction_from,vehicle_direction_to,vehicle_location_restricted_lane_historic,vehicle_location_restricted_lane,junction_location,skidding_and_overturning,hit_object_in_carriageway,vehicle_leaving_carriageway,hit_object_off_carriageway,first_point_of_impact,vehicle_left_hand_drive,journey_purpose_of_driver_historic,journey_purpose_of_driver,sex_of_driver,age_of_driver,age_band_of_driver,engine_capacity_cc,propulsion_code,age_of_vehicle,generic_make_model,driver_imd_decile,lsoa_of_driver,escooter_flag,driver_distance_banding
2024471484830,2024,471484830,2,9,0,-1,19,5,1,-1,0,0,0,0,0,0,4,1,-1,9,1,21,5,2979,1,21,BMW 3 SERIES,9,E01021227,0,3
2024451502286,2024,451502286,2,9,0,-1,11,1,1,-1,0,1,0,0,0,0,3,9,-1,6,1,64,9,1995,1,14,BMW 3 SERIES,6,E01002928,0,3
2024547170924,2024,547170924,2,9,0,18,19,8,4,0,0,1,0,0,0,0,4,1,6,6,1,37,7,1995,2,15,BMW 3 SERIES,7,E01032007,0,4
2024052401883,2024,052401883,1,9,0,2,2,0,0,0,0,0,0,0,0,0,4,1,6,6,1,51,8,1995,2,7,BMW 3 SERIES,1,E01007003,0,2
2024531501126,2024,531501126,1,9,0,-1,19,5,1,-1,0,0,0,0,0,0,1,1,-1,6,1,30,6,2926,2,21,BMW 3 SERIES,6,E01022236,0,1
2024052402778,2024,052402778,1,9,0,18,19,2,4,0,0,0,0,0,0,0,1,1,1,1,1,33,6,1995,2,10,BMW 3 SERIES,1,E01006648,0,1
2024421490817,2024,421490817,3,9,0,-1,3,3,7,-1,0,0,0,0,0,0,3,1,-1,2,2,41,7,1995,12,0,BMW 3 SERIES,7,E01021904,0,2
2024010532105,2024,010532105,1,9,0,4,4,1,5,0,0,2,0,0,0,0,1,1,6,6,1,45,7,1995,2,6,BMW 3 SERIES,5,E01001960,0,1
2024361476019,2024,361476019,2,9,0,-1,19,1,5,-1,0,8,0,0,0,0,4,1,-1,6,1,20,4,2993,2,21,BMW 3 SERIES,10,E01018245,0,5
2024201510214,2024,201510214,1,9,0,-1,5,7,3,-1,0,8,0,0,0,0,3,9,-1,9,2,42,7,1995,2,8,BMW 3 SERIES,9,E01010384,0,1
2024451436593,2024,451436593,1,9,0,-1,9,1,5,-1,0,6,0,0,0,0,1,2,-1,7,2,28,6,1995,2,11,BMW 3 SERIES,8,E01002979,0,2
2024041513623,2024,041513623,2,9,0,-1,19,7,3,-1,0,0,0,0,0,0,3,1,-1,9,2,33,6,1995,2,6,BMW 3 SERIES,4,E01025093,0,1
2024201472622,2024,201472622,1,9,0,-1,13,4,3,-1,0,1,0,0,0,0,1,1,-1,9,1,30,6,1995,2,12,BMW 3 SERIES,7,E01009976,0,1
2024010517931,2024,010517931,2,9,0,9,9,5,2,0,0,1,0,0,0,0,1,1,6,6,1,21,5,1995,2,7,BMW 3 SERIES,3,E01003550,0,1
2024545841824,2024,545841824,2,9,0,18,19,2,6,0,0,0,0,0,0,0,1,1,6,6,1,24,5,2000,2,14,BMW 3 SERIES,7,E01034520,0,1
2024302400986,2024,302400986,2,9,0,18,19,8,2,0,0,4,0,0,0,0,1,1,6,6,1,40,7,1995,2,11,BMW 3 SERIES,8,E01028204,0,4
2024361509451,2024,361509451,2,9,0,-1,10,1,5,-1,0,1,0,0,0,0,2,1,-1,6,1,55,8,1995,2,17,BMW 3 SERIES,8,E01026577,0,3
2024201479797,2024,201479797,3,9,0,-1,19,1,5,-1,0,1,0,0,0,0,0,9,-1,1,1,-1,-1,2993,2,3,BMW 3 SERIES,4,E01009234,0,2
2024010525971,2024,010525971,1,9,0,9,9,8,6,0,0,1,0,0,0,0,1,1,6,6,3,-1,-1,1998,8,5,BMW 3 SERIES,-1,-1,0,-1
2024231477646,2024,231477646,1,9,0,-1,19,2,6,-1,0,1,0,0,0,0,0,9,-1,6,3,-1,-1,1995,1,22,BMW 3 SERIES,-1,-1,0,-1
2024041406974,2024,041406974,1,9,0,-1,9,7,5,-1,0,6,0,0,0,0,1,1,-1,6,2,36,7,1995,2,11,BMW 3 SERIES,1,E01024855,0,3
2024111408314,2024,111408314,1,9,0,-1,19,6,2,-1,0,0,0,0,0,0,3,1,-1,6,1,32,6,2993,2,17,BMW 3 SERIES,2,E01020835,0,2
2024010508267,2024,010508267,2,9,0,99,99,9,9,99,99,9,9,99,9,99,9,9,6,6,3,-1,-1,2998,1,6,BMW 3 SERIES,-1,-1,0,-1
2024010523035,2024,010523035,2,9,0,15,15,9,9,99,99,9,9,99,9,99,9,9,6,6,1,-1,-1,1598,1,11,BMW 3 SERIES,3,E01003960,0,2
2024010545550,2024,010545550,2,9,9,99,99,9,9,99,99,9,9,99,9,99,9,9,6,6,3,-1,-1,1995,2,12,BMW 3 SERIES,-1,-1,0,-1
2024211413099,2024,211413099,1,9,0,-1,19,2,6,-1,0,0,0,0,0,0,1,9,-1,6,1,29,6,1995,2,17,BMW 3 SERIES,2,E01013598,0,3
2024041428986,2024,041428986,1,9,0,-1,19,5,1,-1,0,0,0,0,0,0,1,1,-1,9,1,19,4,2000,2,13,BMW 3 SERIES,8,E01024869,0,1
2024052401042,2024,052401042,1,9,0,1,1,5,7,0,0,0,0,0,0,0,2,1,6,6,1,22,5,1995,2,16,BMW 3 SERIES,1,E01033765,0,1
2024161396706,2024,161396706,2,9,0,-1,19,6,2,-1,0,1,0,0,0,0,1,9,-1,6,3,-1,-1,1995,2,18,BMW 3 SERIES,-1,-1,0,-1
2024320669830,2024,320669830,2,9,0,1,1,2,2,0,0,2,0,0,0,0,2,1,6,6,1,56,9,2993,2,14,BMW 3 SERIES,5,E01032995,0,1
2024451485592,2024,451485592,2,9,0,-1,10,7,3,-1,0,1,0,0,0,0,1,1,-1,6,1,43,7,2993,2,10,BMW 3 SERIES,9,E01002992,0,2
2024010526853,2024,010526853,2,9,0,18,19,5,1,0,0,1,0,0,0,0,1,1,1,1,1,60,9,1998,8,6,BMW 3 SERIES,6,E01003398,0,1
2024461474921,2024,461474921,1,9,0,-1,11,7,3,-1,-1,0,0,0,1,0,2,1,-1,6,2,37,7,1995,2,10,BMW 3 SERIES,3,E01003583,0,4
2024141475867,2024,141475867,2,9,0,-1,2,0,0,-1,0,0,0,0,0,0,2,1,-1,9,1,25,5,1998,1,8,BMW 3 SERIES,10,E01007931,0,1
2024131478990,2024,131478990,2,9,0,-1,19,6,2,-1,0,0,0,0,0,0,0,1,-1,1,1,41,7,2993,2,3,BMW 3 SERIES,1,E01010614,0,3
2024061461144,2024,061461144,1,8,0,-1,19,3,7,-1,0,5,1,11,7,1,3,1,-1,6,1,30,6,1998,8,8,BMW 3 SERIES,-1,-1,0,-1
2024430168584,2024,430168584,1,9,0,18,19,5,1,0,0,1,0,0,0,0,1,1,6,6,1,32,6,1995,2,12,BMW 3 SERIES,-1,-1,0,-1
2024320254496,2024,320254496,2,9,0,4,4,6,2,0,0,0,0,0,0,0,2,1,6,6,1,45,7,1995,2,17,BMW 3 SERIES,5,E01026390,0,2
2024430421056,2024,430421056,1,9,0,18,19,8,4,0,0,0,0,0,7,3,3,1,6,6,1,43,7,1998,8,5,BMW 3 SERIES,3,E01002766,0,4
2024531495466,2024,531495466,1,9,0,-1,5,5,1,-1,0,0,0,0,0,0,1,1,-1,2,1,44,7,1995,2,15,BMW 3 SERIES,2,E01022160,0,1
2024201518010,2024,201518010,2,9,0,-1,3,2,6,-1,0,8,0,0,0,0,2,1,-1,6,2,44,7,1995,12,3,BMW 3 SERIES,5,E01009939,0,1
2024041531542,2024,041531542,1,9,0,-1,19,4,8,-1,0,0,1,0,1,11,3,1,-1,9,1,18,4,1995,2,13,BMW 3 SERIES,3,E01025213,0,1
2024141467735,2024,141467735,1,9,0,-1,19,1,5,-1,0,1,0,0,0,0,3,1,-1,6,-1,-1,-1,2993,2,7,BMW 3 SERIES,-1,-1,0,-1
2024010503986,2024,010503986,1,9,0,99,99,9,9,99,99,9,9,99,9,99,9,9,6,6,3,-1,-1,1995,2,5,BMW 3 SERIES,-1,-1,0,-1
2024131450538,2024,131450538,2,9,0,-1,19,7,3,-1,0,0,0,0,0,0,3,1,-1,9,1,-1,-1,2993,12,2,BMW 3 SERIES,1,E01010614,0,4
2024522402047,2024,522402047,1,9,0,9,9,7,5,0,0,5,0,0,0,0,3,1,6,6,1,53,8,1796,1,21,BMW 3 SERIES,9,E01014752,0,2
2024122500481,2024,122500481,1,9,0,5,5,1,5,0,0,8,0,0,0,0,3,1,6,6,2,62,9,1995,1,18,BMW 3 SERIES,7,E01027742,0,4
2024101523019,2024,101523019,1,9,0,-1,19,3,7,-1,0,0,1,0,2,11,1,1,-1,6,-1,20,4,1995,1,15,BMW 3 SERIES,-1,-1,0,-1
2024010505521,2024,010505521,1,9,0,99,99,9,9,99,99,9,9,99,9,99,9,9,6,6,1,37,7,1995,2,8,BMW 3 SERIES,1,E01001442,0,2
2024101498771,2024,101498771,1,9,0,-1,19,3,7,-1,0,1,0,0,0,0,3,1,-1,6,1,52,8,1995,2,12,BMW 3 SERIES,3,E01008349,0,1
2024052402509,2024,052402509,4,9,0,3,3,2,6,0,0,0,0,0,0,0,2,1,6,6,1,28,6,2000,2,13,BMW 3 SERIES,1,E01006413,0,2
2024548054824,2024,548054824,2,9,0,4,4,2,6,0,0,1,0,0,0,0,2,1,6,6,1,38,7,1995,2,18,BMW 3 SERIES,1,E01015544,0,1
2024221475449,2024,221475449,2,9,0,-1,19,4,8,-1,0,0,0,0,0,0,2,1,-1,9,1,32,6,1995,2,9,BMW 3 SERIES,2,E01010001,0,4
2024161513268,2024,161513268,1,9,0,-1,19,3,7,-1,0,0,0,0,2,7,1,1,-1,9,1,25,5,1995,1,15,BMW 3 SERIES,1,E01012805,0,1
2024361455291,2024,361455291,1,5,0,-1,19,7,3,-1,0,0,0,0,7,0,3,1,-1,9,1,60,9,996,1,25,MAKE AND MODEL REDACTED,3,E01028185,0,5
2024010545893,2024,010545893,2,5,0,14,14,1,5,0,0,1,0,0,0,0,4,1,6,6,1,58,9,996,1,15,MAKE AND MODEL REDACTED,6,E01002693,0,1
2024131406995,2024,131406995,2,5,0,-1,19,3,7,-1,0,8,2,0,0,0,1,1,-1,6,1,55,8,996,1,15,MAKE AND MODEL REDACTED,2,E01011313,0,1
2024991527486,2024,991527486,2,4,0,-1,19,7,3,-1,0,0,0,0,0,0,1,1,-1,6,1,20,4,249,1,4,MAKE AND MODEL REDACTED,4,-1,0,2
2024522403040,2024,522403040,1,4,0,18,19,6,2,0,0,8,0,0,0,0,1,1,6,6,1,37,7,449,1,21,MAKE AND MODEL REDACTED,1,E01014663,0,1
2024332400201,2024,332400201,1,3,0,-1,19,5,2,-1,0,0,0,0,1,2,1,1,-1,9,1,17,4,293,1,4,MAKE AND MODEL REDACTED,7,E01025952,0,1
2024061496489,2024,061496489,2,4,0,-1,19,7,3,-1,0,3,0,0,0,0,0,1,-1,6,3,20,4,293,1,2,MAKE AND MODEL REDACTED,-1,-1,0,-1
2024302401460,2024,302401460,2,3,0,9,9,7,5,0,0,1,1,0,0,0,1,1,6,6,1,18,4,125,1,9,MAKE AND MODEL REDACTED,2,E01019576,0,1
2024541036224,2024,541036224,2,2,0,18,19,3,7,0,0,8,0,0,0,0,1,1,6,6,1,17,4,124,1,12,MAKE AND MODEL REDACTED,8,E01033849,0,1
2024501500854,2024,501500854,1,3,0,-1,13,5,1,-1,0,0,0,0,0,0,0,1,-1,6,1,31,6,125,1,16,MAKE AND MODEL REDACTED,2,E01034160,0,2
2024501396017,2024,501396017,1,3,0,-1,19,8,4,-1,0,0,2,0,0,0,4,1,-1,6,1,44,7,124,1,19,MAKE AND MODEL REDACTED,5,E01034848,0,1
2024122401006,2024,122401006,1,17,0,16,19,1,3,0,0,0,2,0,8,10,1,1,6,6,1,77,11,-1,2,39,MAKE AND MODEL REDACTED,6,E01027780,0,2
2024122400893,2024,122400893,2,17,0,3,3,3,7,0,0,0,0,0,0,0,0,1,6,6,1,39,7,-1,2,40,MAKE AND MODEL REDACTED,4,E01027841,0,2
2024332400547,2024,332400547,1,19,0,-1,19,7,3,-1,0,2,0,0,0,0,1,1,-1,9,1,35,6,-1,3,1,MAKE AND MODEL REDACTED,8,E01025730,0,2
2024430510198,2024,430510198,2,19,0,6,6,4,4,0,0,1,0,0,0,0,3,1,6,6,2,-1,-1,-1,3,1,MAKE AND MODEL REDACTED,-1,-1,0,-1
2024320400684,2024,320400684,1,9,0,9,9,2,8,0,0,5,0,0,0,0,4,1,-1,-1,1,58,9,1598,1,35,MAKE AND MODEL REDACTED,6,E01026404,0,3
2024010532144,2024,010532144,1,9,0,18,19,7,3,0,0,1,0,0,0,0,1,1,6,6,1,31,6,278,1,9,PIAGGIO MP3,6,E01035491,0,1
2024010522736,2024,010522736,1,9,0,13,13,1,5,0,0,6,0,0,0,0,0,1,6,6,1,33,6,330,1,6,PIAGGIO MP3,3,E01000908,0,2
2024010498042,2024,010498042,1,4,0,13,13,1,5,0,0,1,5,0,0,0,4,1,6,6,1,52,8,-1,-1,-1,PIAGGIO MP3,1,E01002040,0,1
2024451428164,2024,451428164,1,90,0,-1,19,1,5,-1,0,0,1,1,0,0,1,1,-1,2,1,53,8,530,1,2,PIAGGIO MP3,10,E01004104,0,2
2024010513948,2024,010513948,1,4,0,18,19,3,7,0,0,0,0,0,0,0,3,1,2,2,1,53,8,-1,-1,-1,PIAGGIO MP3,3,E01034354,0,3
2024010530249,2024,010530249,2,9,0,18,19,5,1,0,0,1,0,0,0,0,4,1,6,6,1,59,9,278,1,8,PIAGGIO MP3,-1,-1,0,-1
2024010547482,2024,010547482,1,4,0,9,9,3,1,0,0,7,0,0,0,0,1,1,6,6,1,30,6,-1,-1,-1,PIAGGIO MP3,5,E01000928,0,1
2024010507241,2024,010507241,1,4,0,12,12,5,1,0,0,8,0,0,0,0,1,1,6,6,2,50,8,-1,-1,-1,PIAGGIO MP3,-1,-1,0,-1
2024010531442,2024,010531442,2,4,0,3,3,1,5,0,0,1,0,0,0,0,3,1,6,6,1,55,8,-1,-1,-1,PIAGGIO MP3,7,E01003414,0,1
2024010507038,2024,010507038,2,90,0,18,19,7,3,0,0,1,0,0,0,0,3,1,6,6,1,39,7,278,1,8,PIAGGIO MP3,2,E01002856,0,1
2024010502724,2024,010502724,1,4,0,18,19,1,5,9,9,1,0,0,0,0,1,1,6,6,1,51,8,-1,-1,-1,PIAGGIO MP3,2,E01002811,0,1
2024010550490,2024,010550490,2,9,0,18,19,5,1,0,0,8,0,0,0,0,1,1,6,6,1,41,7,278,1,0,PIAGGIO MP3,2,E01001875,0,1
2024340NN2592,2024,340NN2592,1,90,0,-1,19,6,2,-1,0,4,0,10,0,0,3,1,-1,9,1,71,10,278,1,1,PIAGGIO MP3,7,E01027344,0,1
2024011566704,2024,011566704,2,4,0,-1,19,7,3,-1,0,0,0,0,0,0,4,1,-1,2,1,30,6,-1,-1,-1,PIAGGIO MP3,-1,-1,0,-1
2024010542759,2024,010542759,1,4,0,99,99,9,9,99,99,9,9,99,9,99,9,1,1,1,1,26,6,-1,-1,-1,PIAGGIO MP3,4,E01032639,0,1
2024010544883,2024,010544883,1,4,0,18,19,3,7,0,0,6,5,11,7,11,1,1,6,6,1,30,6,-1,-1,-1,PIAGGIO MP3,5,E01035712,0,1
2024010526120,2024,010526120,1,4,0,99,99,9,9,99,99,9,9,99,9,99,1,1,2,2,1,58,9,-1,-1,-1,PIAGGIO MP3,6,E01003255,0,2
2024010530384,2024,010530384,2,9,0,99,99,9,9,99,99,9,9,99,9,99,2,9,6,6,1,28,6,278,1,10,PIAGGIO MP3,1,E01003971,0,1
2024010500154,2024,010500154,2,4,0,13,13,1,5,0,0,0,2,0,0,0,1,1,1,1,1,34,6,244,1,14,PIAGGIO MP3,4,E01002014,0,1
2024010518873,2024,010518873,2,9,0,15,15,5,1,0,0,2,0,0,0,0,1,1,1,1,2,60,9,493,1,4,PIAGGIO MP3,5,E01000162,0,3
2024010544864,2024,010544864,2,4,0,13,13,5,1,0,0,0,0,0,0,0,1,1,6,6,2,53,8,-1,-1,-1,PIAGGIO MP3,4,E01004756,0,1
2024010539404,2024,010539404,1,4,0,18,19,9,9,99,99,1,9,99,9,99,1,1,1,1,1,25,5,-1,-1,-1,PIAGGIO MP3,5,E01002759,0,2
2024010538540,2024,010538540,1,4,0,14,14,3,7,0,0,0,0,0,0,0,3,1,6,6,1,52,8,-1,-1,-1,PIAGGIO MP3,3,E01035659,0,2
2024520500041,2024,520500041,1,4,0,18,19,7,3,0,0,8,0,0,0,0,1,1,6,6,1,59,9,-1,-1,-1,PIAGGIO MP3,7,E01029070,0,1
2024010517244,2024,010517244,1,4,0,99,99,9,9,99,99,0,9,99,9,99,9,1,1,1,1,25,5,-1,-1,-1,PIAGGIO MP3,4,E01003405,0,3
2024010539067,2024,010539067,1,4,0,99,99,9,9,99,99,1,9,11,9,99,1,9,2,2,1,37,7,-1,-1,-1,PIAGGIO MP3,5,E01033918,0,2
2024010502185,2024,010502185,1,4,0,18,19,5,1,0,0,0,0,0,0,0,4,1,2,2,1,61,9,-1,-1,-1,PIAGGIO MP3,8,E01024845,0,4
2024531519757,2024,531519757,2,4,0,-1,19,5,1,-1,0,1,0,0,0,0,1,1,-1,2,1,30,6,399,1,16,PIAGGIO MP3,2,E01022284,0,1
2024010532965,2024,010532965,1,4,0,18,19,5,1,0,0,0,0,10,0,0,1,1,6,6,1,39,7,-1,-1,-1,PIAGGIO MP3,10,E01004556,0,1
2024101427177,2024,101427177,1,4,0,-1,20,1,3,-1,0,0,0,0,1,0,2,1,-1,9,1,57,9,-1,-1,-1,PIAGGIO MP3,2,E01020647,0,4
2024010497984,2024,010497984,1,9,0,13,13,5,1,0,0,1,0,0,0,0,4,1,2,2,1,28,6,278,1,0,PIAGGIO MP3,9,E01002210,0,2
2024010549960,2024,010549960,1,9,0,18,19,7,3,0,0,8,0,0,0,0,1,1,3,7,1,46,8,278,1,0,PIAGGIO MP3,-1,-1,0,-1
2024471472538,2024,471472538,2,4,0,-1,19,3,7,-1,0,1,0,0,0,0,1,1,-1,6,1,47,8,-1,-1,-1,PIAGGIO MP3,8,E01021069,0,4
2024010519409,2024,010519409,3,9,0,13,13,3,7,0,0,1,0,10,0,0,3,1,6,6,1,30,6,278,1,3,PIAGGIO MP3,4,E01001646,0,1
2024010502884,2024,010502884,2,4,0,18,19,1,5,0,0,1,5,0,0,0,1,1,6,6,1,55,8,-1,-1,-1,PIAGGIO MP3,8,E01003774,0,3
2024010524797,2024,010524797,6,9,0,2,2,0,0,0,0,0,5,0,0,0,3,1,6,6,3,-1,-1,278,1,4,PIAGGIO MP3,-1,-1,0,-1
2024631535574,2024,631535574,1,4,0,-1,19,3,7,-1,0,8,1,0,1,10,1,1,-1,2,1,72,10,-1,-1,-1,PIAGGIO MP3,4,W01000718,0,3
2024010498426,2024,010498426,1,4,0,99,99,9,9,99,99,9,9,99,9,99,2,1,1,1,1,32,6,-1,-1,-1,PIAGGIO MP3,8,E01000538,0,2
2024141490055,2024,141490055,1,9,0,-1,19,3,7,-1,0,8,0,0,0,0,1,1,-1,9,1,51,8,399,1,15,PIAGGIO MP3,2,E01007796,0,1
2024543617524,2024,543617524,2,5,0,3,3,6,2,0,0,0,0,4,0,0,2,1,2,2,1,63,9,-1,-1,-1,PIAGGIO MP3,9,E01031890,0,1
2024311534382,2024,311534382,1,4,0,-1,10,5,1,-1,0,0,5,0,0,0,1,1,-1,9,1,69,10,-1,-1,-1,PIAGGIO MP3,-1,-1,0,-1
2024010531797,2024,010531797,1,4,0,99,99,9,9,99,99,9,9,99,9,99,1,1,6,6,3,-1,-1,-1,-1,-1,PIAGGIO MP3,-1,-1,0,-1
2024131499224,2024,131499224,1,19,0,-1,12,5,1,-1,0,8,0,0,0,0,3,1,-1,6,1,64,9,1997,2,1,RENAULT TRAFIC,2,E01011763,0,3
2024320128626,2024,320128626,1,9,0,-1,-1,2,6,0,0,0,1,0,7,4,1,1,-1,-1,1,42,7,1996,2,16,RENAULT TRAFIC,4,E01026367,0,1
2024451398623,2024,451398623,2,19,0,-1,7,1,3,-1,0,3,0,0,0,0,1,1,-1,1,1,37,7,1997,2,1,RENAULT TRAFIC,3,E01024395,0,4
2024501488202,2024,501488202,1,19,0,-1,6,5,1,-1,0,0,0,0,0,0,1,1,-1,9,1,32,6,1997,2,2,RENAULT TRAFIC,4,E01034157,0,1
2024340WN1472,2024,340WN1472,1,19,0,-1,19,6,2,-1,0,0,0,0,0,0,1,1,-1,6,1,38,7,1997,2,4,RENAULT TRAFIC,8,E01027146,0,1
2024440527020,2024,440527020,2,19,0,18,19,1,5,0,0,0,0,0,0,0,2,1,6,6,1,30,6,1995,2,12,RENAULT TRAFIC,9,E01017046,0,4
2024221512202,2024,221512202,1,19,0,-1,19,2,6,-1,0,0,0,6,0,0,1,1,-1,6,1,28,6,1997,2,0,RENAULT TRAFIC,8,E01011796,0,5
2024010489168,2024,010489168,1,19,0,18,19,1,5,0,0,2,0,0,0,0,1,1,1,1,1,78,11,1598,2,5,RENAULT TRAFIC,6,E01000530,0,1
2024071018043,2024,071018043,3,19,0,-1,3,7,3,-1,0,1,0,0,0,0,2,1,-1,2,1,54,8,1995,2,16,RENAULT TRAFIC,6,E01018610,0,1
2024440161850,2024,440161850,2,19,0,18,19,6,2,0,0,1,0,0,0,0,1,1,1,1,1,56,9,1995,2,15,RENAULT TRAFIC,6,E01032027,0,4
2024041404945,2024,041404945,2,19,0,-1,19,3,7,-1,0,1,0,0,0,0,4,1,-1,1,1,20,4,1996,2,10,RENAULT TRAFIC,6,E01025367,0,2
2024010524431,2024,010524431,2,19,0,18,19,5,1,0,0,0,0,0,0,0,2,1,6,6,1,49,8,1997,2,0,RENAULT TRAFIC,4,E01001727,0,2
2024451418440,2024,451418440,2,19,0,-1,19,8,4,-1,0,0,0,0,0,0,1,1,-1,1,1,34,6,1997,2,2,RENAULT TRAFIC,9,E01011118,0,5
2024461442490,2024,461442490,2,19,0,-1,3,2,6,-1,0,0,0,0,0,0,2,9,-1,6,1,56,9,1996,2,12,RENAULT TRAFIC,4,E01024087,0,1
2024010522725,2024,010522725,1,19,0,99,99,9,9,99,99,9,9,99,9,99,1,9,1,1,1,45,7,1997,2,3,RENAULT TRAFIC,5,E01000560,0,2
2024991500567,2024,991500567,2,19,0,-1,19,5,1,-1,0,8,0,0,0,0,1,1,-1,9,2,57,9,1598,2,7,RENAULT TRAFIC,7,-1,0,1
2024231461173,2024,231461173,1,19,0,-1,19,4,8,-1,0,1,0,0,0,0,1,1,-1,1,1,31,6,1995,2,12,RENAULT TRAFIC,8,E01035034,0,2
2024122401109,2024,122401109,2,19,0,18,19,2,6,0,0,8,0,0,7,4,4,1,1,1,1,62,9,1996,2,14,RENAULT TRAFIC,8,E01027693,0,2
2024520500397,2024,520500397,2,19,0,18,19,6,2,0,0,0,0,0,0,0,1,1,6,6,3,-1,-1,1996,2,11,RENAULT TRAFIC,-1,-1,0,-1
2024421438133,2024,421438133,1,19,0,-1,11,5,6,-1,0,0,0,0,0,0,1,9,-1,1,1,51,8,1995,2,11,RENAULT TRAFIC,6,E01002998,0,4
2024531410990,2024,531410990,1,19,0,-1,19,5,1,-1,0,0,0,4,0,0,4,1,-1,9,1,27,6,1870,2,19,RENAULT TRAFIC,4,E01022325,0,1
2024010501799,2024,010501799,1,19,0,18,19,7,3,0,0,0,0,0,0,0,1,1,1,1,1,23,5,1598,2,9,RENAULT TRAFIC,8,E01021172,0,4
2024010524298,2024,010524298,1,19,0,7,7,9,9,99,99,9,9,99,9,99,9,9,6,6,3,-1,-1,1997,2,2,RENAULT TRAFIC,8,E01004110,0,3
2024421480607,2024,421480607,1,19,0,-1,5,6,1,-1,0,6,0,0,0,0,1,1,-1,1,1,46,8,1997,2,2,RENAULT TRAFIC,5,E01002363,0,4
2024361451817,2024,361451817,1,19,0,-1,4,3,7,-1,0,0,0,0,0,0,1,1,-1,1,1,21,5,1997,2,0,RENAULT TRAFIC,1,E01026687,0,1
2024451413761,2024,451413761,1,19,0,-1,19,5,1,-1,0,0,0,0,0,0,4,1,-1,1,1,28,6,1997,2,1,RENAULT TRAFIC,9,E01032849,0,4
2024430060634,2024,430060634,1,19,0,9,9,4,2,0,0,6,0,0,0,0,2,1,1,1,1,43,7,1870,2,18,RENAULT TRAFIC,10,E01028707,0,3
2024351476809,2024,351476809,1,19,0,-1,6,5,1,-1,0,0,0,0,0,0,3,1,-1,6,1,47,8,1997,2,4,RENAULT TRAFIC,5,E01018082,0,3
2024161454417,2024,161454417,4,19,0,-1,19,1,5,-1,0,0,0,0,0,0,1,9,-1,1,1,19,4,1598,2,6,RENAULT TRAFIC,8,E01013024,0,4
2024622400276,2024,622400276,1,19,0,17,19,8,4,0,0,0,1,0,0,0,1,1,1,1,1,24,5,1598,2,5,RENAULT TRAFIC,6,W01001184,0,3
2024010549964,2024,010549964,2,10,0,99,99,9,9,0,0,9,9,99,9,99,1,9,6,6,3,-1,-1,-1,-1,-1,RENAULT TRAFIC,-1,-1,0,-1
2024010490346,2024,010490346,3,19,0,16,19,7,3,0,0,2,0,0,0,0,2,1,6,6,1,44,7,1598,2,6,RENAULT TRAFIC,-1,-1,0,-1
2024131501880,2024,131501880,1,19,0,-1,19,1,5,-1,0,3,0,0,0,0,1,1,-1,2,1,30,6,1997,2,1,RENAULT TRAFIC,3,E01011097,0,3
2024122401245,2024,122401245,1,8,0,18,19,6,2,0,0,0,0,0,0,0,4,1,1,1,1,76,11,1598,2,8,RENAULT TRAFIC,2,E01027837,0,1
2024010538540,2024,010538540,2,19,0,2,2,0,0,0,0,0,0,0,0,0,4,1,6,6,3,-1,-1,1997,2,2,RENAULT TRAFIC,-1,-1,0,-1
2024141533630,2024,141533630,2,19,0,-1,9,3,7,-1,0,1,1,0,0,0,2,1,-1,1,1,28,6,1997,2,5,RENAULT TRAFIC,3,E01008004,0,1
2024131460225,2024,131460225,2,19,0,-1,5,3,7,-1,0,0,0,0,0,0,1,1,-1,1,1,34,6,1997,2,2,RENAULT TRAFIC,2,E01005512,0,4
2024451529640,2024,451529640,2,19,0,-1,19,5,5,-1,0,1,0,0,0,0,1,1,-1,2,1,31,6,1997,2,1,RENAULT TRAFIC,10,E01035360,0,3
2024421440159,2024,421440159,2,19,0,-1,4,5,1,-1,0,0,0,0,0,0,2,1,-1,2,1,32,6,1598,2,9,RENAULT TRAFIC,2,E01022038,0,2
2024041485149,2024,041485149,3,19,0,-1,4,1,5,-1,0,0,0,0,0,0,1,1,-1,1,1,43,7,1598,2,8,RENAULT TRAFIC,7,E01025029,0,1
2024221524293,2024,221524293,1,19,0,-1,7,3,4,-1,0,6,0,0,0,0,1,9,-1,6,1,53,8,1997,2,2,RENAULT TRAFIC,10,E01018387,0,4
2024401415712,2024,401415712,2,9,0,-1,19,6,2,-1,0,8,0,0,0,0,4,9,-1,7,2,30,6,1995,2,16,RENAULT TRAFIC,6,E01015721,0,1
2024010526315,2024,010526315,2,19,0,99,99,9,9,99,99,9,9,99,9,99,9,9,6,6,3,54,8,1997,2,3,RENAULT TRAFIC,5,E01002292,0,4
2024052400089,2024,052400089,1,19,0,18,19,8,4,0,0,0,0,0,1,1,1,1,2,2,1,64,9,1870,2,20,RENAULT TRAFIC,2,E01034832,0,1
2024010535986,2024,010535986,2,19,0,99,99,9,9,99,99,9,9,99,9,99,1,9,6,6,3,-1,-1,1997,2,1,RENAULT TRAFIC,-1,-1,0,-1