collision_index,collision_year,collision_ref_no,vehicle_reference,vehicle_type,towing_and_articulation,vehicle_manoeuvre_historic,vehicle_manoeuvre,vehicle_direction_from,vehicle_direction_to,vehicle_location_restricted_lane_historic,vehicle_location_restricted_lane,junction_location,skidding_and_overturning,hit_object_in_carriageway,vehicle_leaving_carriageway,hit_object_off_carriageway,first_point_of_impact,vehicle_left_hand_drive,journey_purpose_of_driver_historic,journey_purpose_of_driver,sex_of_driver,age_of_driver,age_band_of_driver,engine_capacity_cc,propulsion_code,age_of_vehicle,generic_make_model,driver_imd_decile,lsoa_of_driver,escooter_flag,driver_distance_banding
2024451401114,2024,451401114,2,19,0,-1,4,1,6,-1,0,0,0,0,0,0,1,1,-1,6,1,40,7,1598,2,7,RENAULT TRAFIC,-1,-1,0,-1
2024461412769,2024,461412769,2,19,0,-1,5,1,5,-1,0,0,0,0,0,0,2,9,-1,2,1,30,6,1598,2,7,RENAULT TRAFIC,4,E01024587,0,1
2024131535264,2024,131535264,1,19,0,-1,19,7,7,-1,0,2,0,0,0,0,1,1,-1,2,1,49,8,1997,2,3,RENAULT TRAFIC,8,E01010573,0,3
2024411443618,2024,411443618,1,19,0,-1,4,3,7,-1,0,0,0,0,0,0,1,1,-1,6,1,75,10,1995,2,17,RENAULT TRAFIC,4,E01023296,0,1
2024070342475,2024,070342475,3,19,0,2,2,0,0,9,9,2,0,0,0,0,3,1,6,6,3,-1,-1,1870,2,18,RENAULT TRAFIC,-1,-1,0,-1
2024010531336,2024,010531336,2,19,0,2,2,0,0,0,0,0,0,0,0,0,2,1,6,6,3,-1,-1,1598,2,8,RENAULT TRAFIC,-1,-1,0,-1
2024010533784,2024,010533784,2,19,0,2,2,0,0,0,0,0,0,4,0,0,1,1,6,6,3,-1,-1,1598,2,8,RENAULT TRAFIC,-1,-1,0,-1
2024501520195,2024,501520195,2,19,0,-1,19,7,3,-1,0,1,0,0,0,0,1,1,-1,9,1,40,7,1870,2,19,RENAULT TRAFIC,5,E01019065,0,4
2024010522859,2024,010522859,2,19,0,1,1,1,5,0,0,0,0,0,0,0,2,1,2,2,1,57,9,1598,2,7,RENAULT TRAFIC,5,E01003863,0,1
2024010509823,2024,010509823,1,19,0,1,1,7,3,0,0,0,0,0,0,0,2,1,1,1,1,21,5,1997,2,1,RENAULT TRAFIC,8,E01001039,0,3
2024141454067,2024,141454067,1,9,0,-1,3,7,3,-1,0,2,0,0,0,0,0,1,-1,6,1,59,9,1995,2,11,RENAULT TRAFIC,8,E01007383,0,1
2024401504018,2024,401504018,1,19,0,-1,19,6,2,-1,0,8,0,0,0,0,3,1,-1,1,1,45,7,1598,2,8,RENAULT TRAFIC,9,E01015697,0,1
2024010518871,2024,010518871,1,19,0,7,7,1,4,0,0,8,0,0,0,0,1,1,6,6,1,33,6,1598,2,5,RENAULT TRAFIC,10,E01015910,0,4
2024070607765,2024,070607765,1,19,0,4,4,4,8,0,0,1,0,0,0,0,3,1,2,2,1,38,7,1598,2,8,RENAULT TRAFIC,-1,-1,0,-1
2024221435485,2024,221435485,2,19,0,-1,6,4,4,-1,0,8,0,0,0,0,2,9,-1,9,1,50,8,1870,2,22,RENAULT TRAFIC,10,E01032284,0,2
2024320256947,2024,320256947,1,19,0,7,7,6,8,0,0,5,0,0,0,0,4,1,1,1,1,21,5,1598,2,7,RENAULT TRAFIC,1,E01010239,0,5
2024371494819,2024,371494819,2,19,0,-1,19,5,1,-1,0,8,0,0,7,1,4,1,-1,2,1,30,6,1598,2,5,RENAULT TRAFIC,5,E01018273,0,4
2024131439320,2024,131439320,2,9,0,-1,19,2,6,-1,0,1,0,0,0,0,0,1,-1,6,1,35,6,6749,1,5,MAKE AND MODEL REDACTED,3,E01011597,0,2
2024010505677,2024,010505677,2,9,0,99,99,9,9,99,99,9,9,99,9,99,9,9,6,6,3,-1,-1,6749,1,0,MAKE AND MODEL REDACTED,-1,-1,0,-1
2024010510148,2024,010510148,2,9,0,2,2,0,0,6,6,0,0,0,0,0,0,1,6,6,3,-1,-1,6749,1,3,MAKE AND MODEL REDACTED,-1,-1,0,-1
2024201397946,2024,201397946,1,9,0,-1,19,8,4,-1,0,8,0,7,0,0,1,9,-1,6,3,-1,-1,6749,1,2,MAKE AND MODEL REDACTED,-1,-1,0,-1
2024421444346,2024,421444346,2,2,0,-1,19,3,6,-1,0,0,0,0,0,0,4,1,-1,6,1,17,4,125,1,4,MAKE AND MODEL REDACTED,6,E01021917,0,1
2024340NN2712,2024,340NN2712,2,2,0,-1,19,7,3,-1,0,8,0,0,0,0,1,1,-1,6,1,24,5,50,1,3,MAKE AND MODEL REDACTED,1,E01027310,0,1
2024351496726,2024,351496726,1,2,0,-1,4,2,6,-1,9,4,2,0,0,0,1,1,-1,6,2,25,5,50,1,3,MAKE AND MODEL REDACTED,10,E01018121,0,1
2024461496950,2024,461496950,1,9,0,-1,19,7,3,-1,0,0,0,0,0,0,1,1,-1,9,1,41,7,-1,3,4,TESLA MODEL X,10,E01000357,0,2
2024010498560,2024,010498560,1,9,0,4,4,3,7,0,0,8,0,0,0,0,2,1,3,7,2,49,8,-1,3,5,TESLA MODEL X,7,E01021765,0,1
2024411484997,2024,411484997,1,9,0,-1,19,3,7,-1,0,8,0,0,0,0,1,1,-1,9,1,43,7,-1,3,5,TESLA MODEL X,5,E01033522,0,4
2024461473580,2024,461473580,1,9,0,-1,9,6,2,-1,0,1,0,0,0,0,1,1,-1,9,1,41,7,-1,3,7,TESLA MODEL X,2,E01023973,0,3
2024010531650,2024,010531650,1,9,0,3,3,1,5,0,0,0,0,0,0,0,2,1,3,7,2,37,7,-1,3,7,TESLA MODEL X,10,E01000810,0,3
2024401530761,2024,401530761,2,9,0,-1,5,7,3,-1,0,1,0,0,0,0,2,1,-1,9,1,44,7,-1,3,7,TESLA MODEL X,5,E01016554,0,4
2024010540536,2024,010540536,1,9,0,9,9,7,5,0,0,8,0,0,0,0,1,1,6,6,1,44,7,-1,3,7,TESLA MODEL X,4,E01004280,0,1
2024461469902,2024,461469902,2,9,0,-1,19,3,7,-1,0,0,0,0,0,0,1,1,-1,6,2,41,7,-1,3,6,TESLA MODEL X,8,E01024442,0,3
2024010539744,2024,010539744,2,9,0,99,99,9,9,99,99,9,9,99,9,99,1,9,6,6,3,-1,-1,-1,3,1,TESLA MODEL X,8,E01001027,0,4
2024544312224,2024,544312224,1,9,0,5,5,7,3,0,0,6,0,0,0,0,3,1,6,6,2,47,8,-1,3,7,TESLA MODEL X,9,E01031995,0,1
2024451480166,2024,451480166,1,9,0,-1,7,6,2,-1,0,3,0,0,0,0,4,1,-1,9,2,66,10,-1,3,6,TESLA MODEL X,7,E01030722,0,1
2024622400217,2024,622400217,2,9,0,3,3,2,6,0,0,1,0,0,0,0,1,1,1,1,1,43,7,-1,3,7,TESLA MODEL X,1,W01001785,0,1
2024010528181,2024,010528181,1,9,0,9,9,7,6,0,0,8,0,0,0,0,3,1,6,6,2,46,8,-1,3,7,TESLA MODEL X,8,E01023897,0,3
2024421402706,2024,421402706,1,9,0,-1,7,1,3,-1,0,8,0,0,0,0,1,1,-1,6,1,58,9,-1,3,6,TESLA MODEL X,3,E01021370,0,1
2024451427941,2024,451427941,3,9,0,-1,19,7,3,-1,0,0,0,0,0,0,0,1,-1,1,1,28,6,-1,3,1,MAKE AND MODEL REDACTED,6,E01030737,0,1
2024010548938,2024,010548938,2,3,0,99,99,9,9,99,99,9,9,99,9,99,2,1,6,6,3,-1,-1,-1,3,0,MAKE AND MODEL REDACTED,4,E01003981,0,2
2024010511869,2024,010511869,2,23,0,18,19,5,1,0,0,1,1,0,0,0,1,1,6,6,1,26,6,-1,3,1,MAKE AND MODEL REDACTED,2,E01003553,0,2
2024010532008,2024,010532008,2,23,0,15,15,5,1,0,0,1,1,0,0,0,1,1,2,2,1,25,5,-1,3,2,MAKE AND MODEL REDACTED,2,E01003984,0,1
2024010536887,2024,010536887,1,3,0,18,19,5,1,2,2,1,1,0,1,0,1,1,6,6,1,25,5,-1,3,2,MAKE AND MODEL REDACTED,6,E01003071,0,1
2024351491867,2024,351491867,2,9,0,-1,3,3,7,-1,0,6,0,0,0,0,3,1,-1,1,1,43,7,1499,8,3,BMW X2,7,E01018192,0,2
2024010549531,2024,010549531,2,9,0,99,99,9,9,99,99,9,9,99,9,99,1,9,6,6,3,-1,-1,1995,2,5,BMW X2,-1,-1,0,-1
2024201508784,2024,201508784,1,9,0,-1,19,3,7,-1,0,0,2,0,0,0,1,1,-1,9,2,25,5,1998,1,4,BMW X2,10,E01010181,0,1
2024201488538,2024,201488538,1,9,0,-1,13,2,6,-1,0,0,0,0,0,0,1,1,-1,6,1,41,7,1995,2,4,BMW X2,1,E01009406,0,1
2024010542900,2024,010542900,4,9,0,3,3,5,1,0,0,8,0,0,0,0,0,1,6,6,1,45,7,1998,1,3,BMW X2,-1,-1,0,-1
2024131483610,2024,131483610,2,9,0,-1,19,5,6,-1,0,1,0,0,0,0,1,1,-1,9,2,70,10,1499,1,4,BMW X2,1,E01011429,0,2
2024471519629,2024,471519629,1,9,0,-1,19,3,7,-1,0,8,0,0,0,0,4,1,-1,6,2,28,6,1499,1,5,BMW X2,7,E01035329,0,2
2024531435717,2024,531435717,1,9,0,-1,19,6,2,-1,0,1,0,0,7,4,1,1,-1,9,1,78,11,1998,1,4,BMW X2,9,E01022217,0,1
2024451408888,2024,451408888,1,9,0,-1,5,7,3,-1,0,6,0,0,0,0,1,9,-1,6,1,75,10,1998,1,6,BMW X2,10,E01030437,0,1
2024010515134,2024,010515134,5,9,0,2,2,0,0,0,0,0,0,0,0,0,1,1,6,6,3,-1,-1,1995,2,6,BMW X2,-1,-1,0,-1
2024010504129,2024,010504129,1,9,0,99,99,9,9,99,99,9,9,99,9,99,1,9,6,6,1,35,6,1998,1,4,BMW X2,2,E01000078,0,4
2024010543924,2024,010543924,1,9,0,5,5,7,3,0,0,1,0,0,0,0,1,1,6,6,2,47,8,1998,1,1,BMW X2,5,E01016013,0,3
2024010503958,2024,010503958,2,9,0,18,19,3,7,0,0,6,0,0,0,0,0,1,1,1,1,44,7,1998,1,3,BMW X2,5,E01003666,0,1
2024010513397,2024,010513397,2,9,0,99,99,9,9,99,99,9,9,99,9,99,9,9,6,6,3,-1,-1,1998,1,5,BMW X2,-1,-1,0,-1
2024010521504,2024,010521504,2,9,0,99,99,9,9,99,99,9,9,99,9,99,9,9,6,6,1,54,8,1995,2,5,BMW X2,7,E01000442,0,1
2024052402815,2024,052402815,2,9,0,18,19,1,5,0,0,0,0,0,0,0,2,1,6,6,1,39,7,1995,2,6,BMW X2,4,E01035383,0,1
2024221482292,2024,221482292,2,9,0,-1,19,7,3,-1,0,8,0,0,0,0,4,9,-1,9,2,68,10,1499,8,0,BMW X2,9,E01028986,0,1
2024221452118,2024,221452118,2,9,0,-1,19,7,3,-1,0,8,0,0,0,0,4,1,-1,6,1,50,8,1998,1,3,BMW X2,7,E01002136,0,5
2024052400576,2024,052400576,1,9,0,9,9,8,6,0,0,2,0,0,0,0,1,1,2,2,2,56,9,1499,1,1,BMW X2,1,E01006740,0,1
2024010514134,2024,010514134,1,9,0,18,19,7,3,0,0,0,0,0,0,0,1,1,6,6,3,-1,-1,1499,8,1,BMW X2,-1,-1,0,-1
2024010553689,2024,010553689,2,9,0,13,13,9,9,99,99,0,9,99,9,99,1,9,6,6,3,-1,-1,1998,1,5,BMW X2,-1,-1,0,-1
2024010518324,2024,010518324,2,9,0,18,19,5,1,0,0,8,0,0,0,0,0,1,1,1,1,52,8,1998,1,3,BMW X2,3,E01003221,0,2
2024332400339,2024,332400339,3,9,0,-1,19,7,3,-1,0,4,0,0,0,0,1,1,-1,6,2,58,9,1998,1,4,BMW X2,7,E01034251,0,4
2024991409702,2024,991409702,2,9,0,-1,19,3,7,-1,0,0,0,12,0,0,2,1,-1,9,1,33,6,1998,1,2,BMW X2,4,-1,0,4
2024461421769,2024,461421769,2,9,0,-1,9,7,5,-1,0,1,0,0,0,0,2,9,-1,9,1,25,5,1998,1,1,BMW X2,7,E01032820,0,4
2024552400493,2024,552400493,1,9,0,5,5,1,5,0,0,8,0,0,0,0,1,1,6,6,1,61,9,1998,1,5,BMW X2,2,E01015367,0,2
2024131507767,2024,131507767,2,9,0,-1,19,1,5,-1,0,8,1,0,1,1,1,1,-1,6,1,43,7,1998,2,6,BMW X2,4,E01007329,0,2
2024010542131,2024,010542131,2,9,0,18,19,7,3,0,0,0,0,0,0,0,4,1,6,6,1,-1,-1,1995,2,5,BMW X2,-1,-1,0,-1
2024991499250,2024,991499250,1,9,0,-1,13,2,6,-1,0,0,0,0,0,0,4,1,-1,2,1,63,9,1998,1,5,BMW X2,7,-1,0,4
2024461420000,2024,461420000,2,9,0,-1,19,5,2,-1,0,4,0,0,0,0,2,1,-1,6,2,33,6,1995,2,5,BMW X2,7,E01035304,0,2
2024231511193,2024,231511193,1,9,0,-1,19,8,4,-1,0,0,0,0,0,0,1,1,-1,6,1,64,9,1995,2,6,BMW X2,4,E01031028,0,4
2024991410947,2024,991410947,1,9,0,-1,19,4,1,-1,0,1,0,0,0,0,1,1,-1,2,1,30,6,1998,1,5,BMW X2,10,-1,0,3
2024501416791,2024,501416791,1,9,0,-1,5,7,3,-1,0,6,0,0,0,0,1,9,-1,6,2,61,9,1499,8,3,BMW X2,9,E01019964,0,1
2024061503446,2024,061503446,2,9,0,-1,19,7,3,-1,0,1,0,0,0,0,3,1,-1,6,1,70,10,1995,2,3,BMW X2,-1,-1,0,-1
2024010527307,2024,010527307,1,9,0,2,2,0,0,0,0,2,0,0,0,0,2,1,6,6,3,-1,-1,1499,1,5,BMW X2,-1,-1,0,-1
2024421426890,2024,421426890,5,9,0,-1,4,1,5,-1,0,0,0,0,0,0,2,1,-1,6,1,79,11,1499,1,5,BMW X2,7,E01023890,0,4
2024430208027,2024,430208027,3,9,0,18,19,6,2,0,0,0,0,0,0,0,2,1,6,6,1,30,6,1499,1,4,BMW X2,3,E01016465,0,1
2024201494649,2024,201494649,3,9,0,-1,19,2,6,-1,0,0,0,0,0,0,1,1,-1,6,1,47,8,1499,8,1,BMW X2,3,E01009768,0,1
2024320413954,2024,320413954,1,9,0,-1,-1,4,8,0,0,3,1,0,3,9,1,1,1,1,1,45,7,1998,1,3,BMW X2,6,E01010157,0,5
2024010506380,2024,010506380,2,9,0,18,19,4,8,0,0,0,0,0,0,0,0,1,1,1,1,46,8,1998,1,3,BMW X2,3,E01003221,0,3
2024010516319,2024,010516319,2,9,0,99,99,9,9,99,99,9,9,99,9,99,9,9,6,6,3,-1,-1,1998,1,2,BMW X2,-1,-1,0,-1
2024010529100,2024,010529100,3,9,0,18,19,1,5,0,0,6,0,0,0,0,0,1,1,1,1,45,7,1998,1,3,BMW X2,5,E01003666,0,2
2024340WN3742,2024,340WN3742,1,9,0,-1,9,7,5,-1,0,6,0,0,0,0,1,1,-1,6,3,-1,-1,1499,8,3,BMW X2,-1,-1,0,-1
2024131480504,2024,131480504,1,9,0,-1,8,1,5,-1,9,0,0,0,0,0,1,1,-1,9,2,40,7,1995,2,5,BMW X2,1,E01010653,0,1
2024010548431,2024,010548431,2,9,0,99,99,9,9,99,99,9,9,99,9,99,9,9,6,6,3,-1,-1,1998,1,4,BMW X2,-1,-1,0,-1
2024041469535,2024,041469535,2,9,0,-1,4,2,6,-1,0,0,0,11,0,0,2,1,-1,9,2,54,8,1995,2,2,BMW X2,1,E01025445,0,1
2024010550667,2024,010550667,2,9,0,18,19,7,3,0,0,0,0,0,0,0,2,1,6,6,1,30,6,1998,1,6,BMW X2,4,E01004525,0,3
2024520402231,2024,520402231,2,9,0,18,19,3,7,0,0,0,0,0,0,0,1,1,6,6,1,56,9,1998,2,6,BMW X2,10,E01025787,0,5
2024991439203,2024,991439203,1,9,0,-1,19,3,7,-1,0,0,0,0,0,0,1,1,-1,6,2,33,6,1995,2,5,BMW X2,6,-1,0,1
2024411458217,2024,411458217,3,9,0,-1,3,5,1,-1,0,0,0,0,0,0,4,1,-1,6,1,57,9,1998,1,4,BMW X2,3,E01026377,0,5
2024461459608,2024,461459608,1,9,0,-1,19,3,1,-1,0,1,0,0,0,0,1,1,-1,7,2,39,7,1499,8,3,BMW X2,8,E01024575,0,2
202417S110424,2024,17S110424,3,9,0,-1,4,5,1,-1,0,1,0,0,0,0,2,1,-1,9,1,29,6,1995,2,6,BMW X2,-1,-1,0,-1
2024421399490,2024,421399490,1,9,0,-1,19,1,4,-1,0,1,0,0,0,0,1,1,-1,6,1,33,6,1998,1,2,BMW X2,6,E01003703,0,2
2024010498349,2024,010498349,1,9,0,6,6,7,7,0,0,1,0,0,0,0,1,1,1,1,1,31,6,1998,1,3,BMW X2,5,E01003666,0,3
2024522402787,2024,522402787,1,9,0,18,19,7,3,0,0,1,0,0,0,0,1,1,6,6,2,29,6,1995,2,5,BMW X2,2,E01033348,0,1
2024061448521,2024,061448521,1,9,0,-1,9,2,4,-1,0,1,0,0,0,0,1,1,-1,9,2,29,6,1998,1,4,BMW X2,10,E01005927,0,3
2024622400870,2024,622400870,1,9,0,18,19,8,4,0,0,0,0,0,0,0,3,1,6,6,2,76,11,1998,1,5,BMW X2,10,W01000860,0,1
2024101489518,2024,101489518,1,9,0,-1,9,7,7,-1,0,8,0,0,0,0,3,1,-1,9,1,59,9,1499,1,2,BMW X2,1,E01012245,0,4
2024411537137,2024,411537137,2,9,0,-1,19,5,1,-1,0,0,0,0,0,0,1,1,-1,6,1,55,8,1998,1,6,BMW X2,7,E01002204,0,3
2024010547941,2024,010547941,2,9,0,4,4,1,5,0,0,0,0,0,0,0,2,1,6,6,2,49,8,1998,1,4,BMW X2,4,E01003406,0,1
2024010506182,2024,010506182,3,9,0,2,2,0,0,0,0,1,0,0,0,0,2,1,6,6,3,-1,-1,1995,2,6,BMW X2,-1,-1,0,-1
2024010521435,2024,010521435,2,9,0,18,19,2,6,0,0,0,1,0,7,0,1,1,1,1,1,44,7,1998,1,3,BMW X2,5,E01003666,0,3
2024201521767,2024,201521767,1,9,0,-1,5,7,2,-1,9,0,0,0,0,0,1,1,-1,9,2,50,8,1998,1,4,BMW X2,1,E01009309,0,2
2024351510253,2024,351510253,2,9,0,-1,4,3,7,-1,0,0,0,0,0,0,2,1,-1,2,2,25,5,1995,2,6,BMW X2,9,E01018275,0,3
2024010537830,2024,010537830,3,9,0,18,19,6,2,0,0,0,0,0,0,0,1,1,6,6,1,30,6,1998,1,5,BMW X2,4,E01003686,0,2
2024401474657,2024,401474657,4,9,0,-1,19,2,4,-1,0,0,1,0,0,0,1,1,-1,6,2,35,6,1399,1,17,CHEVROLET KALOS,3,E01017539,0,1
2024451533117,2024,451533117,4,9,0,-1,2,5,1,-1,0,0,0,0,0,0,4,1,-1,6,-1,-1,-1,1399,1,16,CHEVROLET KALOS,-1,-1,0,-1
2024440087662,2024,440087662,1,9,0,9,9,7,5,0,0,8,0,0,0,0,1,1,6,6,1,56,9,1150,1,17,CHEVROLET KALOS,3,E01017189,0,1
2024540738224,2024,540738224,1,9,0,18,19,7,3,0,0,8,0,0,0,0,1,1,6,6,1,59,9,1150,1,18,CHEVROLET KALOS,9,E01031999,0,4
2024161458085,2024,161458085,1,9,0,-1,19,8,2,-1,0,8,0,0,0,0,1,2,-1,9,2,57,9,1399,1,17,CHEVROLET KALOS,1,E01013278,0,1
2024101427797,2024,101427797,1,9,0,-1,5,2,6,-1,0,8,0,0,0,0,1,9,-1,6,1,43,7,1150,1,19,CHEVROLET KALOS,1,E01027545,0,4
2024451492371,2024,451492371,1,9,0,-1,11,5,1,-1,0,7,0,0,0,0,1,1,-1,1,2,29,6,1399,1,19,CHEVROLET KALOS,4,E01030740,0,1
2024471494534,2024,471494534,1,9,0,-1,19,7,3,-1,0,0,0,0,0,0,3,1,-1,1,2,41,7,1399,1,18,CHEVROLET KALOS,8,E01032665,0,3
2024061424563,2024,061424563,2,9,0,-1,19,5,1,-1,0,1,0,0,0,0,1,9,-1,6,2,38,7,1150,1,17,CHEVROLET KALOS,4,E01005298,0,2
2024522500089,2024,522500089,2,9,0,3,3,6,2,0,0,0,0,0,0,0,2,1,6,6,1,48,8,1399,1,17,CHEVROLET KALOS,4,E01032673,0,1
2024552400896,2024,552400896,1,9,0,5,5,1,5,0,0,0,0,0,0,0,3,1,6,6,1,64,9,1399,1,18,CHEVROLET KALOS,4,E01020585,0,1
2024201504259,2024,201504259,1,9,0,-1,19,5,8,-1,0,1,0,0,0,0,1,1,-1,2,2,40,7,1399,1,17,CHEVROLET KALOS,1,E01009272,0,1
2024421425989,2024,421425989,2,9,0,-1,2,0,0,-1,9,0,0,4,0,0,3,1,-1,6,-1,-1,-1,1399,1,17,CHEVROLET KALOS,-1,-1,0,-1
2024421420782,2024,421420782,2,9,0,-1,19,5,1,-1,0,0,0,0,0,0,2,9,-1,9,2,77,11,1399,1,16,CHEVROLET KALOS,-1,-1,0,-1
2024010540113,2024,010540113,2,9,0,99,99,9,9,99,99,9,9,99,9,99,1,9,6,6,3,-1,-1,1399,1,19,CHEVROLET KALOS,-1,-1,0,-1
2024141402660,2024,141402660,2,9,0,-1,7,6,2,-1,0,6,0,0,0,0,3,1,-1,9,2,33,6,1399,1,19,CHEVROLET KALOS,1,E01008018,0,1
2024371447218,2024,371447218,1,9,0,-1,9,1,5,-1,0,8,0,0,3,9,1,1,-1,2,1,29,6,1150,1,16,CHEVROLET KALOS,10,E01000280,0,5
2024332400017,2024,332400017,2,9,0,-1,5,5,1,-1,0,6,0,0,0,0,1,1,-1,6,1,-1,-1,1399,1,17,CHEVROLET KALOS,-1,-1,0,-1
2024010515159,2024,010515159,2,9,9,99,99,9,9,99,99,9,9,99,9,99,9,9,6,6,3,-1,-1,1399,1,17,CHEVROLET KALOS,-1,-1,0,-1
2024430442939,2024,430442939,1,9,0,13,13,2,6,0,0,0,0,0,0,0,4,1,6,6,1,30,6,1150,1,17,CHEVROLET KALOS,-1,-1,0,-1
2024440366489,2024,440366489,2,9,0,9,9,8,6,0,0,5,0,0,0,0,3,1,6,6,2,53,8,602,1,35,MAKE AND MODEL REDACTED,7,E01022648,0,3
2024552400297,2024,552400297,1,5,0,18,19,2,6,0,0,0,0,0,0,0,0,1,2,2,1,57,9,449,1,3,MAKE AND MODEL REDACTED,5,E01015461,0,1
2024501447940,2024,501447940,1,3,0,-1,19,5,1,-1,0,1,1,0,0,0,3,1,-1,9,1,19,4,125,1,3,MAKE AND MODEL REDACTED,5,E01018904,0,3
2024501450430,2024,501450430,1,5,0,-1,19,3,7,-1,0,3,2,0,0,0,1,1,-1,9,1,57,9,1690,1,10,MAKE AND MODEL REDACTED,7,E01015035,0,1
2024440329096,2024,440329096,1,5,0,18,19,3,7,6,6,0,0,0,0,0,1,1,6,6,1,37,7,1690,1,7,MAKE AND MODEL REDACTED,9,E01035264,0,4
2024351461074,2024,351461074,1,5,0,-1,19,3,7,-1,0,0,5,7,0,0,1,1,-1,9,1,61,9,1690,1,9,MAKE AND MODEL REDACTED,9,E01018278,0,3
2024631436815,2024,631436815,1,5,0,-1,19,2,6,-1,0,0,1,0,7,7,3,1,-1,9,1,45,7,1585,1,12,MAKE AND MODEL REDACTED,7,W01000562,0,1
2024311482496,2024,311482496,2,5,0,-1,19,1,5,-1,0,1,0,0,0,0,1,1,-1,6,1,44,7,1690,1,10,MAKE AND MODEL REDACTED,2,E01027248,0,4
2024320292604,2024,320292604,2,3,0,-1,-1,2,6,0,0,8,0,0,0,0,1,1,-1,-1,2,19,4,125,1,10,MAKE AND MODEL REDACTED,5,E01026018,0,1
2024542461024,2024,542461024,2,3,0,3,3,2,6,0,0,1,0,0,0,0,2,1,6,6,1,18,4,125,1,8,MAKE AND MODEL REDACTED,5,E01015505,0,1
2024421462444,2024,421462444,1,4,0,-1,19,3,7,-1,0,0,0,0,0,0,3,1,-1,9,2,23,5,125,1,8,MAKE AND MODEL REDACTED,3,E01033051,0,2
2024302400607,2024,302400607,2,3,0,18,19,7,3,0,0,8,0,0,0,0,1,1,1,1,1,35,6,125,1,9,MAKE AND MODEL REDACTED,2,E01013581,0,4
2024361449691,2024,361449691,1,3,0,-1,19,4,8,-1,0,0,2,12,0,0,1,1,-1,9,1,78,11,125,1,9,MAKE AND MODEL REDACTED,4,E01026695,0,2
2024010503366,2024,010503366,1,2,0,3,3,7,3,0,0,1,1,0,0,0,0,1,6,6,1,22,5,125,1,15,HONDA SH,1,E01000105,0,1
2024010511571,2024,010511571,1,4,0,18,19,1,5,0,0,1,5,0,8,10,1,1,6,6,1,24,5,125,1,18,HONDA SH,-1,-1,0,-1
2024421458127,2024,421458127,1,3,0,-1,11,6,3,-1,0,0,0,0,0,0,1,1,-1,2,1,55,8,125,1,16,HONDA SH,10,E01021569,0,2
2024010534422,2024,010534422,1,4,0,15,15,7,3,0,0,0,0,0,0,0,0,1,6,6,1,51,8,279,1,16,HONDA SH,6,E01001245,0,2
2024010537487,2024,010537487,1,4,0,18,19,1,5,0,0,2,1,4,0,0,1,1,6,6,1,28,6,279,1,16,HONDA SH,2,E01002297,0,1
2024302401003,2024,302401003,1,3,0,18,19,2,6,0,0,0,1,0,0,0,3,1,6,6,1,31,6,279,1,16,HONDA SH,1,E01009020,0,4
2024451437649,2024,451437649,2,3,0,-1,19,5,1,-1,0,0,0,0,0,0,1,1,-1,2,1,17,4,125,1,16,HONDA SH,6,E01001073,0,1
2024010532048,2024,010532048,1,3,0,4,4,1,5,0,0,1,0,0,0,0,4,1,1,1,1,29,6,125,1,14,HONDA SH,7,E01004634,0,1
2024010521873,2024,010521873,2,3,0,3,3,9,9,99,99,9,9,99,9,99,2,1,1,1,1,29,6,125,1,14,HONDA SH,7,E01004634,0,2
2024010533200,2024,010533200,1,3,0,14,14,1,5,0,0,8,5,0,0,0,1,1,6,6,1,29,6,125,1,14,HONDA SH,7,E01004634,0,1
2024010506776,2024,010506776,2,3,0,18,19,7,3,0,0,1,0,0,0,0,2,1,2,2,1,38,7,125,1,17,HONDA SH,6,E01001498,0,1
2024201474257,2024,201474257,1,3,0,-1,13,5,1,-1,0,8,0,0,0,0,1,1,-1,6,1,19,4,125,1,18,HONDA SH,3,E01009242,0,1
2024010522718,2024,010522718,2,3,0,18,19,7,3,0,0,8,1,0,0,0,1,1,6,6,1,-1,-1,125,1,17,HONDA SH,6,E01004517,0,2
2024461460682,2024,461460682,1,4,0,-1,19,7,3,-1,0,1,0,0,0,0,1,1,-1,9,1,18,4,125,1,18,HONDA SH,7,E01016162,0,1
2024131440757,2024,131440757,1,3,0,-1,19,6,2,-1,0,2,0,0,0,0,3,1,-1,7,1,18,4,125,1,19,HONDA SH,1,E01010938,0,1
2024332400909,2024,332400909,1,2,0,-1,3,6,2,-1,0,0,0,0,0,0,2,1,-1,6,1,37,7,125,1,15,HONDA SH,6,E01013710,0,1
2024041482454,2024,041482454,2,9,0,-1,2,0,0,-1,9,0,0,0,0,0,2,1,-1,6,-1,-1,-1,1999,2,8,JAGUAR XE SERIES,-1,-1,0,-1
2024010521228,2024,010521228,1,9,0,99,99,9,9,0,0,9,0,0,0,0,1,1,6,6,3,-1,-1,1997,1,6,JAGUAR XE SERIES,-1,-1,0,-1
2024010532236,2024,010532236,2,9,0,99,99,9,9,99,99,9,0,99,9,99,9,9,6,6,3,-1,-1,1999,1,8,JAGUAR XE SERIES,-1,-1,0,-1
2024101507728,2024,101507728,1,9,0,-1,9,7,1,-1,0,8,0,0,0,0,1,1,-1,9,1,38,7,1999,2,8,JAGUAR XE SERIES,1,E01008348,0,1