collision_index,collision_year,collision_ref_no,vehicle_reference,vehicle_type,towing_and_articulation,vehicle_manoeuvre_historic,vehicle_manoeuvre,vehicle_direction_from,vehicle_direction_to,vehicle_location_restricted_lane_historic,vehicle_location_restricted_lane,junction_location,skidding_and_overturning,hit_object_in_carriageway,vehicle_leaving_carriageway,hit_object_off_carriageway,first_point_of_impact,vehicle_left_hand_drive,journey_purpose_of_driver_historic,journey_purpose_of_driver,sex_of_driver,age_of_driver,age_band_of_driver,engine_capacity_cc,propulsion_code,age_of_vehicle,generic_make_model,driver_imd_decile,lsoa_of_driver,escooter_flag,driver_distance_banding
2024552400411,2024,552400411,1,3,0,18,19,4,8,0,0,0,0,4,0,0,3,1,6,6,1,47,8,599,1,33,YAMAHA MODEL MISSING,3,E01015294,0,1
2024471508239,2024,471508239,1,90,0,-1,19,1,5,-1,0,1,0,0,0,0,1,1,-1,6,1,30,6,700,1,14,YAMAHA MODEL MISSING,6,E01031770,0,1
2024010513487,2024,010513487,1,5,0,99,99,9,9,99,99,9,9,99,9,99,9,1,6,6,2,53,8,535,1,27,YAMAHA MODEL MISSING,10,E01019249,0,5
2024302400248,2024,302400248,2,5,0,18,19,1,5,0,0,0,0,0,1,2,1,1,2,2,1,19,4,599,2,35,YAMAHA MODEL MISSING,4,E01027963,0,2
2024131464652,2024,131464652,1,5,0,-1,19,6,2,-1,0,8,0,0,3,2,1,1,-1,9,1,35,6,599,1,29,YAMAHA MODEL MISSING,8,E01011191,0,1
2024161459946,2024,161459946,1,5,0,-1,19,6,2,-1,0,0,0,0,0,0,1,1,-1,9,1,65,9,599,1,22,YAMAHA MODEL MISSING,8,E01011638,0,4
2024371463441,2024,371463441,1,3,0,-1,19,5,1,-1,0,0,0,0,0,0,0,1,-1,9,1,30,6,124,1,28,YAMAHA MODEL MISSING,1,E01030227,0,1
2024631469742,2024,631469742,1,90,0,-1,19,6,3,-1,0,0,5,0,2,10,0,1,-1,9,2,33,6,686,1,17,YAMAHA MODEL MISSING,6,W01000574,0,1
2024131486023,2024,131486023,1,5,0,-1,19,7,3,-1,0,0,0,0,1,3,1,1,-1,6,1,23,5,892,1,29,YAMAHA MODEL MISSING,1,E01032500,0,1
2024991491818,2024,991491818,1,5,0,-1,19,7,3,-1,0,1,0,0,0,0,0,1,-1,6,1,23,5,598,1,32,YAMAHA MODEL MISSING,3,-1,0,2
2024411478721,2024,411478721,2,5,0,-1,19,5,1,-1,0,3,5,0,0,0,3,1,-1,6,1,39,7,998,1,20,YAMAHA MODEL MISSING,2,E01004209,0,3
2024320088561,2024,320088561,2,4,0,8,8,2,4,0,0,1,5,0,0,0,2,1,-1,-1,1,55,8,499,1,48,YAMAHA MODEL MISSING,1,E01026176,0,1
2024501428983,2024,501428983,1,5,0,-1,14,3,7,-1,0,8,5,0,0,0,1,1,-1,9,1,41,7,598,1,29,YAMAHA MODEL MISSING,9,E01019937,0,1
2024052400272,2024,052400272,2,3,0,18,19,7,3,0,0,8,0,0,0,0,1,1,6,6,1,17,4,123,1,35,YAMAHA MODEL MISSING,4,E01025587,0,4
2024201467215,2024,201467215,2,5,0,-1,19,4,8,-1,0,0,0,0,0,0,1,1,-1,6,1,26,6,1198,1,25,YAMAHA MODEL MISSING,2,E01032262,0,4
2024622400349,2024,622400349,2,5,0,18,19,2,6,0,0,0,0,0,0,0,2,1,6,6,1,25,5,650,1,47,YAMAHA MODEL MISSING,1,W01000975,0,4
2024211477577,2024,211477577,1,5,0,-1,13,0,0,-1,0,0,0,0,0,0,4,1,-1,6,1,79,11,749,1,28,YAMAHA MODEL MISSING,9,E01025876,0,4
2024421402216,2024,421402216,1,90,0,-1,7,2,6,-1,0,0,5,0,0,0,1,1,-1,9,1,29,6,686,1,12,YAMAHA MODEL MISSING,6,E01021884,0,3
2024052402001,2024,052402001,2,3,0,18,19,1,5,0,0,0,1,0,0,0,1,1,2,2,1,34,6,124,1,35,YAMAHA MODEL MISSING,2,E01012431,0,3
2024302401455,2024,302401455,1,90,0,18,19,6,2,0,0,0,0,0,0,0,1,1,6,6,1,52,8,-1,-1,-1,YAMAHA MODEL MISSING,1,E01013679,0,4
2024552401198,2024,552401198,1,5,0,13,13,6,8,0,0,8,0,0,0,0,4,1,6,6,1,54,8,1200,1,40,YAMAHA MODEL MISSING,4,E01015302,0,2
2024141517398,2024,141517398,1,3,0,-1,19,1,5,-1,9,0,1,0,0,0,4,1,-1,6,1,70,10,123,1,40,YAMAHA MODEL MISSING,8,E01011109,0,2
2024471464885,2024,471464885,1,5,0,-1,3,7,4,-1,0,1,0,0,0,0,-1,1,-1,6,1,51,8,600,1,36,YAMAHA MODEL MISSING,3,E01021127,0,1
2024440550066,2024,440550066,1,5,0,18,19,3,7,0,0,1,0,0,0,0,1,1,6,6,1,30,6,598,1,27,YAMAHA MODEL MISSING,3,E01034714,0,1
2024320136395,2024,320136395,1,5,0,-1,-1,4,8,0,0,0,2,0,0,0,3,1,6,6,1,18,4,1200,1,31,YAMAHA MODEL MISSING,-1,-1,0,-1
202460Q063189,2024,60Q063189,1,4,0,18,19,2,6,0,0,0,0,0,0,0,1,1,6,6,1,29,6,1854,1,13,YAMAHA MODEL MISSING,-1,-1,0,-1
2024221451464,2024,221451464,2,5,0,-1,13,2,6,-1,0,8,0,0,0,0,1,1,-1,9,1,26,6,-1,-1,-1,YAMAHA MODEL MISSING,4,E01031203,0,4
2024501518371,2024,501518371,1,3,0,-1,5,8,6,-1,0,6,0,0,0,0,3,1,-1,6,1,22,5,98,1,30,YAMAHA MODEL MISSING,4,E01018894,0,2
2024070751448,2024,070751448,1,4,0,-1,9,1,7,-1,9,1,1,0,1,11,1,1,-1,9,1,40,7,250,1,12,YAMAHA MODEL MISSING,10,E01033375,0,2
2024070698590,2024,070698590,2,5,0,9,9,6,3,0,0,2,0,0,1,10,1,1,6,6,1,33,6,600,1,26,YAMAHA MODEL MISSING,-1,-1,0,-1
2024122400588,2024,122400588,2,4,0,18,19,8,1,0,0,4,0,0,0,0,1,1,6,6,1,28,6,599,1,21,YAMAHA MODEL MISSING,3,E01007488,0,3
2024010543737,2024,010543737,1,5,0,18,19,1,5,0,0,0,1,0,0,0,1,1,6,6,1,30,6,998,1,12,YAMAHA MODEL MISSING,3,E01003524,0,1
2024522500283,2024,522500283,1,5,0,17,19,7,4,0,0,8,0,0,0,0,1,1,6,6,1,40,7,998,1,22,YAMAHA MODEL MISSING,3,E01014976,0,2
2024361467451,2024,361467451,1,5,0,-1,19,3,7,-1,0,0,5,9,0,0,1,1,-1,6,1,32,6,535,1,32,YAMAHA MODEL MISSING,6,E01034561,0,3
2024531421645,2024,531421645,1,5,0,-1,19,7,3,-1,0,0,1,0,0,0,4,1,-1,9,1,70,10,1198,1,28,YAMAHA MODEL MISSING,5,E01022428,0,1
2024361477540,2024,361477540,1,3,0,-1,4,4,1,-1,0,1,1,0,0,0,4,1,-1,9,1,67,10,1063,1,28,YAMAHA MODEL MISSING,6,E01026922,0,4
2024440115054,2024,440115054,1,4,0,18,19,8,4,0,0,0,1,0,0,0,3,1,6,6,1,56,9,1002,1,30,YAMAHA MODEL MISSING,6,E01022584,0,2
2024471474493,2024,471474493,2,90,0,-1,19,6,3,-1,0,0,0,4,0,0,3,9,-1,6,1,31,6,686,1,7,YAMAHA MODEL MISSING,2,E01020977,0,1
2024211426611,2024,211426611,1,5,0,-1,13,8,4,-1,0,0,2,0,0,0,3,1,-1,9,1,66,10,749,1,36,YAMAHA MODEL MISSING,7,E01009819,0,1
2024351541335,2024,351541335,2,3,0,-1,19,1,5,-1,0,8,0,0,1,0,2,1,-1,1,1,21,5,535,1,33,YAMAHA MODEL MISSING,6,E01032612,0,4
2024531448312,2024,531448312,1,3,0,-1,19,5,1,-1,0,0,0,11,1,0,1,1,-1,9,1,27,6,125,1,17,YAMAHA MODEL MISSING,-1,-1,0,-1
2024440015260,2024,440015260,1,2,0,18,19,5,1,0,0,0,0,0,0,0,4,1,6,6,1,22,5,49,1,43,YAMAHA MODEL MISSING,9,E01022643,0,1
2024311428640,2024,311428640,1,5,0,-1,13,7,3,-1,0,1,0,0,0,0,1,1,-1,6,1,24,5,600,1,-1,YAMAHA MODEL MISSING,3,E01028019,0,1
2024340WN3162,2024,340WN3162,2,90,0,-1,3,5,1,-1,0,4,0,0,0,0,2,1,-1,9,2,50,8,649,1,19,YAMAHA MODEL MISSING,8,E01027285,0,4
2024302401115,2024,302401115,1,5,0,17,19,3,8,0,0,0,0,0,0,0,1,1,6,6,1,82,11,649,1,19,YAMAHA MODEL MISSING,5,E01025842,0,4
2024161511553,2024,161511553,2,5,0,-1,19,4,8,-1,0,0,0,0,0,0,2,1,-1,6,1,25,5,599,1,28,YAMAHA MODEL MISSING,1,E01012908,0,2
2024320098635,2024,320098635,2,5,0,-1,-1,4,8,0,0,0,2,0,0,0,3,1,-1,-1,1,32,6,1700,1,18,YAMAHA MODEL MISSING,4,E01026323,0,4
2024421440410,2024,421440410,2,2,0,-1,9,1,7,-1,0,3,5,0,0,0,4,1,-1,9,1,47,8,48,1,57,YAMAHA MODEL MISSING,5,E01021833,0,1
2024302400960,2024,302400960,2,5,0,18,19,4,8,0,0,1,0,0,0,0,1,1,6,6,1,45,7,1854,1,14,YAMAHA MODEL MISSING,4,E01028228,0,1
2024221505306,2024,221505306,1,5,0,-1,19,4,8,-1,0,8,0,0,0,0,1,1,-1,6,1,63,9,749,1,28,YAMAHA MODEL MISSING,1,E01008978,0,1
2024161499944,2024,161499944,2,5,0,-1,19,7,3,-1,2,0,2,0,1,0,1,1,-1,2,1,20,4,535,1,29,YAMAHA MODEL MISSING,9,E01012770,0,1
2024520401566,2024,520401566,1,3,0,18,19,3,7,0,0,0,0,0,0,0,1,1,6,6,1,54,8,535,1,28,YAMAHA MODEL MISSING,5,E01029301,0,1
2024440401858,2024,440401858,1,5,0,18,19,6,2,0,0,1,0,0,1,10,1,1,6,6,2,26,6,535,1,30,YAMAHA MODEL MISSING,10,E01016632,0,4
2024201459056,2024,201459056,1,90,0,-1,19,1,4,-1,0,0,0,10,7,11,4,1,-1,6,1,31,6,-1,-1,-1,YAMAHA MODEL MISSING,6,E01010557,0,2
2024501419976,2024,501419976,1,4,0,-1,13,6,2,-1,0,1,1,0,0,0,0,1,-1,9,1,36,7,249,1,34,YAMAHA MODEL MISSING,4,E01034849,0,1
2024501505636,2024,501505636,1,3,0,-1,19,6,2,-1,0,0,0,4,0,0,1,1,-1,6,1,35,6,124,1,30,YAMAHA MODEL MISSING,-1,-1,0,-1
2024421416541,2024,421416541,1,4,0,-1,19,-1,-1,-1,0,0,2,0,0,0,1,1,-1,9,1,45,7,449,1,21,YAMAHA MODEL MISSING,2,E01035161,0,4
2024451511929,2024,451511929,1,4,0,-1,19,7,3,-1,0,0,2,0,0,0,0,1,-1,9,1,49,8,426,1,23,YAMAHA MODEL MISSING,10,E01031710,0,4
2024520401709,2024,520401709,1,5,0,18,19,5,1,0,0,0,0,0,0,0,0,1,6,6,1,41,7,1294,1,28,YAMAHA MODEL MISSING,4,E01029232,0,1
2024311401385,2024,311401385,1,5,0,-1,14,7,3,-1,0,1,5,0,0,0,1,1,-1,9,1,29,6,598,1,27,YAMAHA MODEL MISSING,5,E01028016,0,1
2024421449903,2024,421449903,2,3,0,-1,19,7,3,-1,0,1,2,0,0,0,1,1,-1,9,1,17,4,123,1,41,YAMAHA MODEL MISSING,6,E01021981,0,1
2024552400965,2024,552400965,1,5,0,18,19,6,2,0,0,0,1,0,0,0,1,1,6,6,1,20,4,535,1,32,YAMAHA MODEL MISSING,3,E01020502,0,1
2024340NN2942,2024,340NN2942,2,5,0,-1,19,4,8,-1,0,1,2,0,0,0,0,1,-1,6,1,44,7,1600,1,24,YAMAHA MODEL MISSING,8,E01027087,0,2
2024461469989,2024,461469989,1,90,0,-1,19,7,3,-1,0,0,5,0,0,0,1,1,-1,6,1,54,8,695,1,3,YAMAHA MODEL MISSING,4,E01024593,0,3
2024501471932,2024,501471932,1,5,0,-1,19,1,5,-1,0,6,1,0,0,0,4,1,-1,9,2,61,9,600,1,38,YAMAHA MODEL MISSING,4,E01020254,0,4
2024531439240,2024,531439240,1,5,0,-1,19,4,8,-1,0,0,1,12,0,0,1,1,-1,9,1,57,9,749,1,39,YAMAHA MODEL MISSING,7,E01022194,0,1
2024552400509,2024,552400509,1,5,0,18,19,3,7,0,0,0,1,0,0,0,0,1,6,6,1,49,8,1854,1,15,YAMAHA MODEL MISSING,4,E01032101,0,4
2024430179490,2024,430179490,1,5,0,18,19,1,5,0,0,0,1,0,0,0,1,1,6,6,1,54,8,892,1,28,YAMAHA MODEL MISSING,7,E01016191,0,2
2024041410518,2024,041410518,2,5,0,-1,19,1,5,-1,0,1,5,0,0,0,1,1,-1,1,1,57,9,598,1,28,YAMAHA MODEL MISSING,1,E01005087,0,4
2024010501527,2024,010501527,1,3,0,18,19,1,5,0,0,0,0,7,0,0,1,1,6,6,1,26,6,125,1,7,YAMAHA MODEL MISSING,3,E01003120,0,1
2024471458976,2024,471458976,2,4,0,-1,19,3,7,-1,0,1,0,0,0,0,1,1,-1,9,1,53,8,347,1,38,YAMAHA MODEL MISSING,9,E01031463,0,2
2024430322935,2024,430322935,1,5,0,11,11,6,1,0,0,3,0,10,0,0,4,1,6,6,1,61,9,998,1,17,YAMAHA MODEL MISSING,2,E01033802,0,4
2024991416654,2024,991416654,1,5,0,-1,19,4,8,-1,0,0,0,0,0,0,1,1,-1,9,1,20,4,600,1,26,YAMAHA MODEL MISSING,4,-1,0,2
2024201483228,2024,201483228,1,90,0,-1,19,6,2,-1,0,8,0,0,0,0,1,1,-1,6,1,31,6,-1,-1,-1,YAMAHA MODEL MISSING,6,E01010557,0,3
2024520500440,2024,520500440,1,5,0,10,10,1,6,0,0,1,0,0,0,0,1,1,6,6,1,63,9,653,1,52,YAMAHA MODEL MISSING,5,E01029208,0,3
2024501450923,2024,501450923,1,4,0,-1,4,8,4,-1,0,1,5,0,0,0,2,1,-1,9,1,40,7,1063,1,22,YAMAHA MODEL MISSING,4,E01019063,0,3
2024131534479,2024,131534479,1,5,0,-1,19,7,3,-1,0,0,1,0,0,0,1,1,-1,6,1,54,8,892,1,28,YAMAHA MODEL MISSING,6,E01010634,0,1
2024131504110,2024,131504110,2,5,0,-1,19,3,7,-1,0,1,0,0,0,0,1,1,-1,9,1,54,8,892,1,29,YAMAHA MODEL MISSING,6,E01010634,0,1
2024052401615,2024,052401615,1,90,0,18,19,6,2,0,0,0,2,4,0,0,1,1,6,6,1,24,5,-1,-1,-1,YAMAHA MODEL MISSING,8,E01034410,0,2
2024010523467,2024,010523467,2,5,0,18,19,1,5,0,0,4,0,0,1,0,1,1,1,1,1,53,8,1000,1,-1,YAMAHA MODEL MISSING,6,E01000663,0,1
2024371481684,2024,371481684,1,5,0,-1,19,7,3,-1,0,1,0,0,0,0,1,1,-1,6,1,58,9,1198,1,25,YAMAHA MODEL MISSING,5,E01026892,0,2
2024201406433,2024,201406433,1,4,0,-1,13,1,5,-1,0,8,0,10,7,0,1,1,-1,9,1,34,6,124,1,36,YAMAHA MODEL MISSING,1,E01009762,0,1
2024351540857,2024,351540857,1,97,0,-1,7,3,5,-1,0,2,0,0,0,0,1,1,-1,6,1,45,7,700,1,18,YAMAHA MODEL MISSING,3,E01018070,0,1
2024552400437,2024,552400437,1,4,0,18,19,3,7,0,0,8,0,0,0,0,1,1,6,6,1,38,7,891,1,32,YAMAHA MODEL MISSING,5,E01015441,0,1
2024991475857,2024,991475857,1,5,0,-1,19,4,8,-1,0,0,2,0,0,0,3,1,-1,9,1,47,8,1002,1,27,YAMAHA MODEL MISSING,2,-1,0,1
2024421474461,2024,421474461,1,5,0,-1,4,7,6,-1,0,4,1,9,7,1,1,1,-1,9,1,28,6,1002,1,27,YAMAHA MODEL MISSING,10,E01021543,0,3
2024461414040,2024,461414040,2,5,0,-1,19,3,7,-1,0,2,1,0,0,0,4,1,-1,6,1,35,6,1854,1,12,YAMAHA MODEL MISSING,9,E01024147,0,1
202417S206624,2024,17S206624,2,5,0,-1,1,0,0,-1,0,8,0,0,0,0,0,1,-1,9,1,51,8,749,1,27,YAMAHA MODEL MISSING,5,E01012280,0,1
2024440219920,2024,440219920,1,4,0,18,19,6,2,0,0,8,0,0,0,0,1,1,6,6,1,60,9,248,1,43,YAMAHA MODEL MISSING,7,E01023125,0,1
2024211469830,2024,211469830,1,3,0,-1,19,2,6,-1,0,0,0,0,0,0,1,1,-1,9,1,17,4,125,1,-1,YAMAHA MODEL MISSING,-1,-1,0,-1
2024552401085,2024,552401085,1,4,0,16,19,2,5,0,0,0,1,0,0,0,0,1,6,6,1,65,9,398,1,46,YAMAHA MODEL MISSING,-1,-1,0,-1
2024461448413,2024,461448413,2,5,0,-1,19,5,1,-1,0,0,2,0,0,0,1,1,-1,9,1,66,10,499,1,47,YAMAHA MODEL MISSING,9,E01021223,0,4
2024440253163,2024,440253163,2,4,0,15,15,5,1,0,0,8,0,0,0,0,2,1,6,6,1,77,11,249,1,33,YAMAHA MODEL MISSING,6,E01023196,0,1
2024461457748,2024,461457748,1,90,0,-1,5,5,1,-1,0,0,0,4,0,0,1,1,-1,6,1,28,6,-1,-1,-1,YAMAHA MODEL MISSING,7,E01015966,0,3
2024471471383,2024,471471383,1,9,0,-1,9,8,4,-1,0,0,5,0,7,0,4,1,-1,6,1,59,9,1600,1,49,MAKE AND MODEL REDACTED,7,E01021038,0,4
2024320616451,2024,320616451,2,9,0,-1,-1,8,4,0,0,1,0,0,0,0,2,1,-1,-1,2,45,7,1498,1,2,AUDI Q2,6,E01026266,0,2
2024991428717,2024,991428717,1,9,0,-1,19,3,7,-1,0,0,0,0,2,0,1,1,-1,9,1,75,10,1498,1,2,AUDI Q2,8,-1,0,1
2024430149885,2024,430149885,1,9,0,9,9,2,8,0,0,6,0,0,0,0,3,1,6,6,2,39,7,1498,1,3,AUDI Q2,8,E01016326,0,1
2024302401112,2024,302401112,2,9,0,18,19,4,8,0,0,1,0,0,0,0,1,1,2,2,2,82,11,1984,1,5,AUDI Q2,8,E01034254,0,3
2024991502926,2024,991502926,2,9,0,-1,19,6,2,-1,0,0,0,0,8,0,1,1,-1,6,1,48,8,1968,2,3,AUDI Q2,8,-1,0,4
2024010521733,2024,010521733,1,9,0,-1,-1,4,8,0,0,1,0,0,0,0,3,1,6,6,2,38,7,1498,1,1,AUDI Q2,7,E01024185,0,3
2024340WN5232,2024,340WN5232,1,9,0,-1,7,1,5,-1,0,8,0,0,0,0,4,1,-1,6,1,-1,-1,1498,1,5,AUDI Q2,-1,-1,0,-1
2024332400672,2024,332400672,1,9,0,-1,19,4,8,-1,0,1,1,7,7,2,1,1,-1,9,1,74,10,1395,1,7,AUDI Q2,9,E01025974,0,1
2024361495660,2024,361495660,1,9,0,-1,5,3,7,-1,0,8,0,0,0,0,4,1,-1,9,2,78,11,1498,1,3,AUDI Q2,6,E01026457,0,4
2024401418076,2024,401418076,1,9,0,-1,19,2,6,-1,0,0,0,0,0,0,3,1,-1,6,2,59,9,1498,1,2,AUDI Q2,7,E01034424,0,1
2024070846280,2024,070846280,2,9,0,-1,19,1,5,-1,0,0,0,0,0,0,3,1,-1,9,1,68,10,1498,1,4,AUDI Q2,10,E01018676,0,2
2024311536082,2024,311536082,2,9,0,-1,19,5,1,-1,0,0,1,0,0,0,2,1,-1,6,2,28,6,1498,1,0,AUDI Q2,-1,-1,0,-1
2024010522349,2024,010522349,3,9,0,2,2,0,0,0,0,2,0,0,0,0,1,1,6,6,3,-1,-1,1498,1,4,AUDI Q2,-1,-1,0,-1
2024991492125,2024,991492125,1,9,0,-1,19,3,7,-1,0,0,0,0,0,0,1,1,-1,2,1,25,5,999,1,4,AUDI Q2,8,-1,0,4
2024991441711,2024,991441711,2,9,0,-1,19,6,2,-1,0,8,0,0,0,0,1,1,-1,9,2,64,9,1498,1,4,AUDI Q2,7,-1,0,3
2024231525879,2024,231525879,2,9,0,-1,3,8,4,-1,0,1,0,0,0,0,1,1,-1,9,1,69,10,1395,1,6,AUDI Q2,7,E01033255,0,1
2024010512339,2024,010512339,2,9,0,2,2,0,0,0,0,0,0,0,1,11,2,1,6,6,3,-1,-1,1395,1,7,AUDI Q2,-1,-1,0,-1
2024430089964,2024,430089964,2,9,0,4,4,8,4,0,0,0,0,0,0,0,2,1,2,2,1,42,7,1395,1,6,AUDI Q2,9,E01016263,0,2
2024010493776,2024,010493776,3,9,0,99,99,9,9,0,0,9,0,99,0,0,9,1,6,6,2,22,5,999,1,4,AUDI Q2,4,E01000997,0,3
2024010545539,2024,010545539,1,9,0,1,1,2,7,0,0,1,0,0,0,0,2,1,6,6,2,24,5,1395,1,7,AUDI Q2,-1,-1,0,-1
2024610038224,2024,610038224,2,9,0,4,4,7,2,0,0,1,0,0,0,0,1,1,6,6,2,25,5,999,1,3,AUDI Q2,7,W01001582,0,3
2024010527538,2024,010527538,1,9,0,18,19,7,3,0,0,8,0,10,0,0,3,1,6,6,2,43,7,1498,1,0,AUDI Q2,5,E01000450,0,1
2024122400179,2024,122400179,2,9,0,18,19,3,7,0,0,0,0,0,0,0,1,1,6,6,1,77,11,1498,1,1,AUDI Q2,7,E01027816,0,3
2024451520972,2024,451520972,1,9,0,-1,19,3,7,-1,0,0,0,0,0,0,1,1,-1,6,2,74,10,1395,1,8,AUDI Q2,9,E01030987,0,3
2024311463678,2024,311463678,2,9,0,-1,19,2,6,-1,0,0,0,0,1,0,1,1,-1,9,2,56,9,1498,1,5,AUDI Q2,9,E01028415,0,1
2024991416334,2024,991416334,2,9,0,-1,19,8,4,-1,0,0,0,4,0,0,2,1,-1,9,1,20,4,999,1,0,AUDI Q2,2,-1,0,1
2024010540913,2024,010540913,2,9,0,99,99,9,9,99,99,9,9,99,9,99,1,9,6,6,3,-1,-1,999,1,2,AUDI Q2,-1,-1,0,-1
2024991521425,2024,991521425,1,9,0,-1,10,2,8,-1,0,1,0,0,0,0,1,1,-1,6,1,33,6,999,1,5,AUDI Q2,7,-1,0,4
2024320259764,2024,320259764,2,9,0,4,4,2,6,0,0,0,0,0,0,0,2,1,-1,-1,2,31,6,1395,1,6,AUDI Q2,3,E01010290,0,4
2024522403184,2024,522403184,1,9,0,18,19,7,3,0,0,1,0,0,0,0,1,1,6,6,1,34,6,999,1,5,AUDI Q2,9,E01022504,0,5
2024991533799,2024,991533799,2,9,0,-1,19,7,3,-1,0,0,0,0,0,0,2,1,-1,6,2,31,6,1395,1,6,AUDI Q2,5,-1,0,4
2024061461119,2024,061461119,1,9,0,-1,19,6,2,-1,0,1,0,0,0,0,1,1,-1,9,2,32,6,999,1,3,AUDI Q2,4,E01006141,0,2
2024991509716,2024,991509716,2,9,0,-1,9,1,6,-1,0,8,0,0,0,0,2,1,-1,2,2,20,4,999,1,3,AUDI Q2,-1,-1,0,-1
2024010519803,2024,010519803,1,9,9,99,99,9,9,99,99,9,9,99,9,99,9,9,6,6,3,-1,-1,1498,1,2,AUDI Q2,-1,-1,0,-1
2024010503147,2024,010503147,2,9,0,9,9,1,7,0,0,1,0,0,0,0,3,1,6,6,2,39,7,1498,1,2,AUDI Q2,2,E01001427,0,1
2024111446425,2024,111446425,2,9,0,-1,19,3,7,-1,0,1,0,0,0,0,1,1,-1,1,2,36,7,1598,2,5,AUDI Q2,-1,-1,0,-1
2024991448673,2024,991448673,1,9,0,-1,9,8,4,-1,0,0,0,0,0,0,2,1,-1,6,2,21,5,999,1,1,AUDI Q2,-1,-1,0,-1
2024010544240,2024,010544240,1,9,0,99,99,9,9,99,99,9,9,99,9,99,2,9,2,2,2,23,5,1498,1,2,AUDI Q2,2,E01000744,0,1
2024991467500,2024,991467500,1,9,0,-1,7,8,2,-1,0,1,0,0,0,0,1,1,-1,6,1,40,7,1498,1,0,AUDI Q2,-1,-1,0,-1
2024201481494,2024,201481494,2,9,0,-1,5,5,1,-1,0,0,0,0,0,0,2,1,-1,9,2,39,7,1498,1,1,AUDI Q2,1,E01009341,0,3
2024221477574,2024,221477574,1,9,0,-1,19,4,8,-1,0,0,0,0,0,0,1,1,-1,2,2,61,9,999,1,7,AUDI Q2,4,E01014161,0,2
2024371425664,2024,371425664,2,9,0,-1,19,3,7,-1,0,0,0,0,1,0,3,1,-1,6,1,78,11,1498,1,1,AUDI Q2,5,E01030245,0,1
2024351428005,2024,351428005,2,9,0,-1,19,8,4,-1,0,1,0,0,0,0,2,1,-1,6,2,56,9,1498,1,4,AUDI Q2,5,E01018208,0,1
2024041426240,2024,041426240,1,9,0,-1,19,5,1,-1,0,1,0,0,0,0,1,1,-1,9,2,61,9,1498,1,5,AUDI Q2,6,E01006259,0,2
2024010512961,2024,010512961,2,9,0,99,99,9,9,0,0,4,0,0,0,0,1,1,6,6,3,-1,-1,1395,1,6,AUDI Q2,-1,-1,0,-1
2024131396093,2024,131396093,2,9,0,-1,3,4,8,-1,0,0,0,0,0,0,2,1,-1,6,2,21,5,1395,1,6,AUDI Q2,10,E01034976,0,3
2024010508895,2024,010508895,1,9,9,99,99,9,9,99,99,9,9,99,9,99,9,1,6,6,2,28,6,1498,1,1,AUDI Q2,5,E01002743,0,1
2024411425381,2024,411425381,2,9,0,-1,9,3,1,-1,0,3,0,0,0,0,3,9,-1,6,2,32,6,1598,2,6,AUDI Q2,7,E01023335,0,1
2024211490017,2024,211490017,1,9,0,-1,19,7,3,-1,0,4,0,0,0,0,4,1,-1,6,2,21,5,999,1,7,AUDI Q2,-1,-1,0,-1
2024991456485,2024,991456485,1,9,0,-1,19,2,7,-1,0,0,0,0,0,0,1,1,-1,2,2,26,6,999,1,6,AUDI Q2,6,-1,0,1
2024010487482,2024,010487482,1,9,0,16,19,5,1,9,9,0,1,0,7,4,1,1,6,6,1,19,4,1598,2,4,AUDI Q2,7,E01000139,0,2
2024440153459,2024,440153459,1,9,0,18,19,3,7,0,0,3,0,0,0,0,4,1,6,6,1,54,8,1498,1,4,AUDI Q2,6,E01034728,0,1
2024010544261,2024,010544261,1,9,0,99,99,9,9,99,99,9,9,99,9,99,1,9,2,2,2,29,6,1395,1,7,AUDI Q2,6,E01030598,0,3
2024010496786,2024,010496786,2,9,0,99,99,9,9,0,0,8,0,0,9,0,9,9,6,6,3,-1,-1,1498,1,3,AUDI Q2,-1,-1,0,-1
2024010534636,2024,010534636,1,9,0,9,9,1,6,0,0,8,0,0,0,0,1,1,6,6,2,26,6,1598,2,5,AUDI Q2,4,E01002695,0,1
2024111412954,2024,111412954,2,9,0,-1,19,6,2,-1,0,0,0,0,0,0,4,1,-1,6,2,28,6,1498,1,3,AUDI Q2,2,E01020618,0,1
2024010534795,2024,010534795,1,9,0,4,4,1,5,0,0,2,0,0,0,0,2,1,6,6,3,-1,-1,1498,1,1,AUDI Q2,-1,-1,0,-1
2024010534283,2024,010534283,1,9,0,4,4,1,5,0,0,0,0,0,0,0,4,1,6,6,1,23,5,1968,2,2,AUDI Q2,3,E01004283,0,2
2024221481837,2024,221481837,2,9,0,-1,3,3,1,-1,0,1,0,0,0,0,2,9,-1,6,2,61,9,1598,2,5,AUDI Q2,3,E01032132,0,1
2024991464384,2024,991464384,1,9,0,-1,9,5,3,-1,0,8,0,0,0,0,4,1,-1,9,2,28,6,1498,1,0,AUDI Q2,7,-1,0,2