collision_index,collision_year,collision_ref_no,vehicle_reference,vehicle_type,towing_and_articulation,vehicle_manoeuvre_historic,vehicle_manoeuvre,vehicle_direction_from,vehicle_direction_to,vehicle_location_restricted_lane_historic,vehicle_location_restricted_lane,junction_location,skidding_and_overturning,hit_object_in_carriageway,vehicle_leaving_carriageway,hit_object_off_carriageway,first_point_of_impact,vehicle_left_hand_drive,journey_purpose_of_driver_historic,journey_purpose_of_driver,sex_of_driver,age_of_driver,age_band_of_driver,engine_capacity_cc,propulsion_code,age_of_vehicle,generic_make_model,driver_imd_decile,lsoa_of_driver,escooter_flag,driver_distance_banding
2024631487799,2024,631487799,1,17,4,-1,19,8,2,-1,0,8,1,0,3,11,1,2,-1,1,1,54,8,6728,2,3,MAKE AND MODEL REDACTED,5,W01000522,0,4
2024141494289,2024,141494289,1,17,4,-1,9,2,8,-1,-1,0,0,0,0,0,3,1,-1,1,2,28,6,6728,2,1,MAKE AND MODEL REDACTED,9,E01007561,0,3
2024501447392,2024,501447392,3,17,0,-1,12,8,4,-1,0,0,0,0,0,0,0,1,-1,1,1,41,7,6728,2,1,MAKE AND MODEL REDACTED,6,E01020056,0,3
2024320378862,2024,320378862,2,17,0,-1,-1,6,2,0,0,0,0,0,0,0,3,1,1,1,1,35,6,6728,2,1,MAKE AND MODEL REDACTED,7,E01027043,0,3
2024991441336,2024,991441336,2,9,0,-1,4,1,5,-1,0,8,0,0,0,0,2,1,-1,2,2,25,5,999,7,2,DACIA SANDERO,2,-1,0,3
2024991533825,2024,991533825,2,9,0,-1,19,3,7,-1,0,1,0,0,0,0,1,1,-1,6,2,34,6,1149,1,10,DACIA SANDERO,4,-1,0,1
2024991449853,2024,991449853,1,9,0,-1,19,3,7,-1,0,0,0,0,0,0,1,1,-1,6,2,80,11,898,1,10,DACIA SANDERO,3,-1,0,1
2024440480949,2024,440480949,1,9,0,4,4,3,7,0,0,0,0,0,3,10,1,1,6,6,1,19,4,999,1,0,DACIA SANDERO,6,W01001587,0,5
2024340WN1692,2024,340WN1692,2,9,0,-1,19,1,5,-1,0,1,0,0,0,0,1,1,-1,2,2,34,6,898,1,6,DACIA SANDERO,5,E01027138,0,1
2024622500004,2024,622500004,1,9,0,9,9,7,5,0,0,8,0,0,0,0,1,1,6,6,2,40,7,999,1,1,DACIA SANDERO,1,W01001813,0,1
2024351455298,2024,351455298,3,9,0,-1,2,0,0,-1,9,2,0,0,0,0,3,1,-1,1,2,42,7,999,1,0,DACIA SANDERO,10,E01018118,0,3
2024101445467,2024,101445467,1,9,0,-1,19,3,7,-1,0,0,0,0,0,0,1,1,-1,6,3,-1,-1,898,1,11,DACIA SANDERO,-1,-1,0,-1
2024552400554,2024,552400554,2,9,0,18,19,5,1,0,0,1,0,0,0,0,4,1,6,6,1,55,8,1461,2,8,DACIA SANDERO,8,E01034380,0,1
2024351471164,2024,351471164,3,9,0,-1,3,4,8,-1,0,0,0,0,0,0,2,1,-1,6,2,37,7,1461,2,10,DACIA SANDERO,9,E01018209,0,2
2024471475318,2024,471475318,2,9,0,-1,19,8,4,-1,0,0,0,0,1,0,1,1,-1,9,1,68,10,999,1,1,DACIA SANDERO,9,E01001126,0,4
2024010528798,2024,010528798,1,9,0,3,3,1,5,0,0,1,0,0,0,0,2,2,6,6,1,23,5,999,1,1,DACIA SANDERO,1,E01004870,0,5
2024070151336,2024,070151336,1,9,0,15,15,8,4,0,0,2,0,0,0,0,1,1,3,7,2,71,10,1149,1,9,DACIA SANDERO,1,E01012526,0,1
2024371466973,2024,371466973,2,9,0,-1,19,7,3,-1,0,0,0,0,0,0,4,1,-1,2,1,49,8,1461,2,9,DACIA SANDERO,4,E01029962,0,1
2024052401199,2024,052401199,1,9,0,6,6,1,1,0,0,0,0,0,0,0,3,1,6,6,2,-1,-1,1149,1,8,DACIA SANDERO,6,E01006939,0,1
2024501519858,2024,501519858,1,9,0,-1,19,1,5,-1,0,0,0,0,0,0,1,1,-1,1,2,45,7,1149,1,10,DACIA SANDERO,6,E01019942,0,1
2024991449133,2024,991449133,1,9,0,-1,9,1,6,-1,0,6,0,0,0,0,1,1,-1,9,1,79,11,998,1,5,DACIA SANDERO,9,-1,0,2
2024302401189,2024,302401189,3,9,0,18,19,5,1,0,0,1,0,0,0,0,2,1,2,2,1,49,8,999,1,0,DACIA SANDERO,8,E01019834,0,1
2024430097212,2024,430097212,2,9,0,18,19,8,5,0,0,1,0,0,0,0,1,1,6,6,2,21,5,999,1,3,DACIA SANDERO,9,E01035740,0,3
2024131476256,2024,131476256,2,9,0,-1,4,1,3,-1,0,0,0,0,0,0,2,1,-1,6,1,33,6,999,1,0,DACIA SANDERO,2,E01011639,0,2
2024471497492,2024,471497492,1,9,0,-1,19,3,7,-1,0,0,0,0,0,0,1,1,-1,9,2,31,6,999,1,0,DACIA SANDERO,4,E01020918,0,3
2024631428761,2024,631428761,1,9,0,-1,4,8,4,-1,0,0,0,0,0,0,2,1,-1,9,2,44,7,1461,2,8,DACIA SANDERO,7,W01000460,0,2
2024010505732,2024,010505732,2,9,0,1,1,3,7,0,0,0,0,0,0,0,1,1,2,2,1,34,6,998,1,6,DACIA SANDERO,3,E01016164,0,4
2024041416505,2024,041416505,2,9,0,-1,19,5,1,-1,0,1,0,0,0,0,1,1,-1,9,1,53,8,1461,2,10,DACIA SANDERO,6,E01025514,0,2
2024451415898,2024,451415898,1,9,0,-1,7,7,2,-1,5,8,0,0,0,0,1,1,-1,9,2,24,5,898,1,11,DACIA SANDERO,6,E01030717,0,1
2024361463709,2024,361463709,1,9,0,-1,19,5,1,-1,0,0,0,0,0,0,1,1,-1,6,1,43,7,1149,1,9,DACIA SANDERO,5,E01026729,0,4
2024622400549,2024,622400549,2,9,0,18,19,2,6,0,0,8,0,0,0,0,4,1,6,6,2,63,9,998,1,6,DACIA SANDERO,8,W01000842,0,2
2024141398230,2024,141398230,1,9,0,-1,19,7,3,-1,0,1,0,0,0,0,1,1,-1,6,1,20,4,999,7,3,DACIA SANDERO,8,E01007423,0,1
2024461415987,2024,461415987,1,9,0,-1,19,8,3,-1,0,0,1,0,7,4,1,1,-1,9,2,68,10,999,1,1,DACIA SANDERO,10,E01024837,0,1
2024451525939,2024,451525939,1,9,0,-1,19,8,4,-1,0,0,0,0,0,0,1,1,-1,2,1,25,5,1149,1,11,DACIA SANDERO,6,E01030332,0,3
2024991500324,2024,991500324,2,9,0,-1,19,6,3,-1,0,1,1,0,1,3,1,1,-1,6,2,60,9,898,1,8,DACIA SANDERO,8,-1,0,3
2024622400844,2024,622400844,2,9,0,18,19,8,4,0,0,0,0,0,0,0,2,1,2,2,2,54,8,898,1,7,DACIA SANDERO,2,W01000814,0,2
2024991506207,2024,991506207,1,9,0,-1,19,3,8,-1,0,1,0,0,7,9,1,1,-1,9,2,44,7,999,1,0,DACIA SANDERO,7,-1,0,4
2024501533287,2024,501533287,2,9,0,-1,9,3,7,-1,0,1,0,0,0,0,1,1,-1,9,1,62,9,999,1,0,DACIA SANDERO,2,E01019046,0,3
2024471485870,2024,471485870,2,9,0,-1,19,6,2,-1,0,0,0,0,7,2,1,1,-1,9,1,71,10,999,7,2,DACIA SANDERO,9,E01031721,0,1
2024991509250,2024,991509250,1,9,0,-1,4,1,5,-1,0,2,0,0,0,0,4,1,-1,9,2,62,9,999,1,1,DACIA SANDERO,5,-1,0,1
2024401398755,2024,401398755,1,9,0,-1,1,-1,-1,-1,0,0,0,0,0,0,2,9,-1,6,2,53,8,999,1,2,DACIA SANDERO,6,E01015721,0,1
2024101409751,2024,101409751,1,9,0,-1,4,7,3,-1,0,1,0,0,0,0,1,9,-1,6,1,-1,-1,998,1,5,DACIA SANDERO,-1,-1,0,-1
2024622400844,2024,622400844,4,9,0,18,19,8,4,0,0,0,0,0,0,0,2,1,2,2,1,30,6,898,1,5,DACIA SANDERO,2,W01000660,0,4
2024041453967,2024,041453967,1,9,0,-1,5,5,1,-1,0,4,0,0,0,0,1,1,-1,6,1,52,8,898,1,8,DACIA SANDERO,1,E01024953,0,1
2024991444365,2024,991444365,1,9,0,-1,7,2,6,-1,0,0,0,0,0,0,0,1,-1,6,1,88,11,999,1,3,DACIA SANDERO,3,-1,0,1
2024141416908,2024,141416908,1,9,0,-1,19,3,7,-1,0,3,0,0,1,0,3,1,-1,9,2,22,5,898,1,7,DACIA SANDERO,3,E01007817,0,2
2024440389281,2024,440389281,2,9,0,3,3,5,1,0,0,1,0,0,0,0,2,1,2,2,2,23,5,898,1,4,DACIA SANDERO,1,E01022905,0,1
202417H104024,2024,17H104024,1,9,0,-1,7,1,3,-1,0,8,0,0,0,0,1,1,-1,2,1,56,9,999,1,0,DACIA SANDERO,1,E01011980,0,1
2024991525134,2024,991525134,1,9,0,-1,19,5,4,-1,0,4,0,0,0,0,1,1,-1,9,2,70,10,898,1,10,DACIA SANDERO,6,-1,0,2
2024311434205,2024,311434205,1,9,0,-1,4,1,5,-1,0,0,0,0,0,0,1,1,-1,1,1,22,5,999,1,1,DACIA SANDERO,1,E01013891,0,2
2024131397304,2024,131397304,2,9,0,-1,19,7,3,-1,0,4,0,9,0,0,4,1,-1,6,2,54,8,999,1,3,DACIA SANDERO,7,E01011550,0,1
2024131402576,2024,131402576,1,9,0,-1,-1,-1,-1,-1,-1,-1,-1,-1,-1,-1,-1,1,-1,6,3,-1,-1,998,1,6,DACIA SANDERO,-1,-1,0,-1
2024211443800,2024,211443800,2,9,0,-1,19,8,3,-1,0,0,0,0,0,0,2,1,-1,6,1,60,9,999,1,3,DACIA SANDERO,-1,-1,0,-1
2024542263624,2024,542263624,2,9,0,18,19,2,6,0,0,0,0,0,0,0,1,1,6,6,2,66,10,898,1,4,DACIA SANDERO,8,E01032067,0,2
2024471497810,2024,471497810,2,9,0,-1,19,3,7,-1,0,8,0,0,0,0,1,1,-1,9,2,46,8,898,1,5,DACIA SANDERO,1,E01020929,0,1
2024070889654,2024,070889654,2,9,0,-1,19,2,6,-1,0,8,0,0,0,0,4,1,-1,2,1,43,7,1149,1,9,DACIA SANDERO,9,E01018365,0,1
2024542880824,2024,542880824,2,9,0,3,3,1,5,0,0,1,0,0,0,0,2,1,6,6,2,45,7,998,1,6,DACIA SANDERO,6,E01034549,0,1
2024201457978,2024,201457978,2,9,0,-1,5,7,3,-1,0,7,0,0,0,0,1,9,-1,9,1,56,9,999,1,1,DACIA SANDERO,2,E01010503,0,1
2024501403882,2024,501403882,3,9,0,-1,19,7,3,-1,0,0,0,0,1,11,1,1,-1,6,1,48,8,1461,2,6,DACIA SANDERO,4,E01034850,0,2
2024471448103,2024,471448103,1,9,0,-1,19,2,6,-1,0,2,0,0,0,0,1,1,-1,9,2,57,9,998,1,6,DACIA SANDERO,4,E01020921,0,3
2024631473076,2024,631473076,1,9,0,-1,19,6,2,-1,0,0,0,0,0,0,1,1,-1,9,2,56,9,998,1,7,DACIA SANDERO,1,W01000734,0,1
2024631400186,2024,631400186,1,9,0,-1,4,6,2,-1,0,1,0,0,0,0,2,1,-1,9,1,18,4,1461,2,7,DACIA SANDERO,4,W01000533,0,3
2024231437518,2024,231437518,1,9,0,-1,19,6,2,-1,0,6,0,0,0,0,1,1,-1,2,1,24,5,999,1,1,DACIA SANDERO,10,E01031121,0,3
2024522401588,2024,522401588,2,9,9,18,19,5,1,0,0,4,0,0,0,0,3,1,6,6,3,-1,-1,898,1,4,DACIA SANDERO,-1,-1,0,-1
2024451505195,2024,451505195,2,9,0,-1,9,7,1,-1,0,8,0,0,0,0,3,1,-1,9,2,43,7,898,1,4,DACIA SANDERO,8,E01030859,0,1
2024052400237,2024,052400237,2,9,0,18,19,2,6,0,0,0,0,0,0,0,1,1,6,6,2,69,10,1461,2,9,DACIA SANDERO,6,E01006911,0,1
2024311425177,2024,311425177,1,9,0,-1,3,3,5,-1,9,0,0,0,0,0,1,1,-1,9,-1,34,6,998,1,5,DACIA SANDERO,3,E01028062,0,1
2024010540655,2024,010540655,1,9,0,99,99,9,9,0,0,0,9,99,9,99,2,9,6,6,1,23,5,1461,2,7,DACIA SANDERO,2,E01000084,0,3
2024010521274,2024,010521274,1,9,0,18,19,1,5,0,0,1,0,0,0,0,4,1,6,6,2,55,8,1461,2,8,DACIA SANDERO,5,E01003704,0,1
2024461489889,2024,461489889,1,9,0,-1,19,3,7,-1,0,0,0,0,0,0,1,1,-1,9,1,29,6,1149,1,11,DACIA SANDERO,7,E01035287,0,1
2024371460826,2024,371460826,3,9,-1,-1,-1,-1,-1,-1,-1,0,-1,-1,-1,0,-1,9,-1,6,2,-1,-1,1461,2,11,DACIA SANDERO,-1,-1,0,-1
2024622400669,2024,622400669,2,9,0,18,19,2,6,0,0,0,0,0,0,0,1,1,6,6,2,36,7,898,1,5,DACIA SANDERO,2,W01001097,0,1
2024101454369,2024,101454369,2,9,0,-1,19,1,5,-1,0,1,0,0,0,0,1,1,-1,6,2,55,8,898,1,7,DACIA SANDERO,2,E01008474,0,1
2024991499299,2024,991499299,2,9,0,-1,13,3,7,-1,0,0,0,0,0,0,3,1,-1,6,2,88,11,1149,1,11,DACIA SANDERO,6,-1,0,4
2024010510893,2024,010510893,2,9,0,99,99,9,9,99,99,9,9,99,9,99,1,9,6,6,3,54,8,898,1,10,DACIA SANDERO,8,E01004585,0,1
2024201469480,2024,201469480,2,9,0,-1,3,2,6,-1,0,0,0,0,4,0,2,1,-1,6,1,56,9,898,1,7,DACIA SANDERO,3,E01032267,0,4
202454E398524,2024,54E398524,1,9,0,7,7,5,7,0,0,6,0,0,0,0,4,1,1,1,2,55,8,898,1,7,DACIA SANDERO,7,E01032024,0,1
2024991537485,2024,991537485,2,9,0,-1,9,1,7,-1,0,8,0,0,0,0,4,1,-1,6,1,58,9,998,1,5,DACIA SANDERO,2,-1,0,3
2024991473713,2024,991473713,2,9,0,-1,19,5,1,-1,0,8,0,0,0,0,4,1,-1,9,1,57,9,1149,1,11,DACIA SANDERO,7,-1,0,3
2024131424682,2024,131424682,1,9,0,-1,7,1,5,-1,0,8,0,0,0,0,1,1,-1,9,2,76,11,999,1,1,DACIA SANDERO,3,E01010657,0,1
2024622400114,2024,622400114,2,9,0,18,19,4,8,0,0,0,0,0,0,0,2,1,2,2,2,42,7,999,1,1,DACIA SANDERO,2,W01000942,0,3
2024201519619,2024,201519619,1,9,0,-1,19,2,6,-1,0,1,0,0,0,0,1,1,-1,6,2,35,6,898,1,7,DACIA SANDERO,8,E01010119,0,1
2024010536289,2024,010536289,1,9,0,18,19,1,5,9,9,1,0,0,0,0,1,1,6,6,1,18,4,999,1,1,DACIA SANDERO,-1,-1,0,-1
2024302400721,2024,302400721,2,9,0,10,10,6,5,1,1,1,0,0,0,0,2,1,6,6,1,65,9,898,1,7,DACIA SANDERO,2,E01013581,0,1
2024371504886,2024,371504886,2,9,0,-1,4,6,2,-1,0,0,0,0,0,0,2,1,-1,9,2,48,8,898,1,6,DACIA SANDERO,8,E01026450,0,4
2024411396447,2024,411396447,1,9,0,-1,4,7,1,-1,0,4,0,0,0,0,1,9,-1,6,2,-1,-1,1149,1,11,DACIA SANDERO,2,E01035570,0,1
2024991493665,2024,991493665,2,9,0,-1,19,4,7,-1,0,0,5,0,0,0,4,1,-1,9,2,51,8,999,7,0,DACIA SANDERO,8,-1,0,1
2024421450697,2024,421450697,1,9,0,-1,8,4,8,-1,0,4,0,0,0,0,2,1,-1,9,2,53,8,998,1,4,DACIA SANDERO,10,E01023690,0,4
2024991417890,2024,991417890,2,9,0,-1,11,5,1,-1,0,0,0,0,0,0,2,1,-1,9,2,30,6,1461,2,7,DACIA SANDERO,1,-1,0,4
2024631421468,2024,631421468,1,9,0,-1,19,8,4,-1,0,0,5,0,2,10,1,1,-1,9,1,86,11,898,1,5,DACIA SANDERO,7,W01000716,0,1
2024010514569,2024,010514569,2,9,0,99,99,9,9,99,99,9,9,99,9,99,1,9,6,6,3,-1,-1,998,1,7,DACIA SANDERO,-1,-1,0,-1
2024451458161,2024,451458161,1,9,0,-1,19,5,1,-1,-1,0,0,10,6,0,3,1,-1,9,2,54,8,898,1,5,DACIA SANDERO,5,E01030569,0,1
2024340WN3132,2024,340WN3132,1,9,0,-1,19,5,1,-1,0,8,0,7,1,1,1,1,-1,6,1,68,10,898,1,7,DACIA SANDERO,7,E01027219,0,1
2024501426577,2024,501426577,1,8,0,-1,19,3,7,-1,0,0,5,0,1,4,1,1,-1,9,1,18,4,998,1,6,DACIA SANDERO,10,E01031739,0,5
2024451426825,2024,451426825,1,9,0,-1,19,4,8,-1,0,0,0,0,0,0,1,1,-1,2,2,18,4,998,1,5,DACIA SANDERO,9,E01030856,0,1
2024201517561,2024,201517561,5,9,0,-1,3,5,1,-1,0,0,0,0,0,0,2,1,-1,6,1,52,8,898,1,11,DACIA SANDERO,9,E01013707,0,4
2024991466685,2024,991466685,1,9,0,-1,19,8,4,-1,9,0,0,7,2,0,4,1,-1,9,2,47,8,1461,2,8,DACIA SANDERO,-1,-1,0,-1
2024010509998,2024,010509998,1,9,0,99,99,9,9,99,99,9,9,99,9,99,0,9,6,6,2,-1,-1,999,1,0,DACIA SANDERO,-1,-1,0,-1
2024531464452,2024,531464452,3,9,0,-1,4,1,5,-1,0,0,0,0,0,0,2,1,-1,9,1,71,10,1461,2,8,DACIA SANDERO,9,E01022443,0,1
2024041413700,2024,041413700,1,9,0,-1,19,7,3,-1,0,1,0,0,0,0,1,1,-1,9,1,35,6,1461,2,10,DACIA SANDERO,3,E01025460,0,2
2024131406995,2024,131406995,1,9,0,-1,9,5,3,-1,0,8,0,0,0,0,3,1,-1,6,1,37,7,999,1,2,DACIA SANDERO,6,E01035049,0,2
2024041475915,2024,041475915,1,9,0,-1,19,5,1,-1,0,1,0,0,0,0,4,1,-1,6,1,24,5,898,1,11,DACIA SANDERO,3,E01025359,0,1
2024131413846,2024,131413846,2,9,0,-1,4,1,1,-1,0,0,0,0,0,0,2,1,-1,9,1,56,9,898,1,5,DACIA SANDERO,9,E01011515,0,3
2024401452554,2024,401452554,2,9,-1,-1,-1,-1,-1,-1,-1,0,-1,-1,-1,0,-1,9,-1,6,2,36,7,898,1,10,DACIA SANDERO,4,E01017506,0,1
2024052401023,2024,052401023,2,9,0,18,19,8,4,0,0,0,0,0,0,0,4,1,6,6,2,59,9,1149,1,8,DACIA SANDERO,1,E01006598,0,1
2024131519481,2024,131519481,1,9,0,-1,-1,-1,-1,-1,-1,0,-1,-1,-1,-1,0,1,-1,6,3,-1,-1,898,1,4,DACIA SANDERO,-1,-1,0,-1
2024010531094,2024,010531094,2,9,0,99,99,9,9,99,99,9,9,99,9,99,2,9,6,6,3,-1,-1,1461,2,8,DACIA SANDERO,-1,-1,0,-1
2024010523928,2024,010523928,2,9,9,18,19,1,5,0,0,1,9,99,0,0,9,9,6,6,3,-1,-1,998,1,4,DACIA SANDERO,-1,-1,0,-1
2024552400739,2024,552400739,1,9,0,6,6,1,1,0,0,1,0,0,0,0,3,1,2,2,1,30,6,898,1,10,DACIA SANDERO,10,E01015433,0,1
2024340WN0492,2024,340WN0492,2,9,0,-1,3,6,2,-1,0,1,0,0,0,0,2,1,-1,9,1,42,7,898,1,5,DACIA SANDERO,6,E01027029,0,1
2024052401310,2024,052401310,2,9,0,5,5,2,6,0,0,1,0,0,0,0,1,1,6,6,2,67,10,999,1,1,DACIA SANDERO,3,E01006681,0,1
2024991532844,2024,991532844,1,9,0,-1,19,5,1,-1,0,0,0,0,0,0,4,1,-1,2,1,39,7,1149,1,9,DACIA SANDERO,3,-1,0,1
2024041415095,2024,041415095,3,9,0,-1,19,1,5,-1,0,0,0,0,0,0,2,1,-1,2,1,47,8,1461,2,7,DACIA SANDERO,2,E01005704,0,4
2024430630832,2024,430630832,2,9,0,11,11,8,4,0,0,0,0,0,0,0,2,1,6,6,2,52,8,898,1,9,DACIA SANDERO,9,E01035733,0,4
2024461405456,2024,461405456,2,9,0,-1,4,1,5,-1,0,3,0,0,0,0,2,9,-1,1,1,22,5,1461,2,11,DACIA SANDERO,1,E01024215,0,1
2024471429734,2024,471429734,1,9,0,-1,4,3,7,-1,0,4,0,0,0,0,2,1,-1,9,2,44,7,1461,2,11,DACIA SANDERO,5,E01031501,0,3
2024421414861,2024,421414861,1,9,0,-1,7,1,3,-1,0,5,0,0,0,0,1,1,-1,6,1,72,10,998,1,6,DACIA SANDERO,10,E01021483,0,1
2024440510614,2024,440510614,2,9,0,18,19,7,3,0,0,8,0,0,0,0,3,1,6,6,1,38,7,1149,1,9,DACIA SANDERO,5,E01022539,0,1
2024131509466,2024,131509466,3,9,0,-1,4,3,7,-1,0,0,0,0,0,0,2,1,-1,6,1,29,6,1149,1,8,DACIA SANDERO,1,E01011362,0,2
2024141491482,2024,141491482,1,9,0,-1,7,1,3,-1,0,0,0,0,0,0,1,1,-1,9,1,50,8,898,1,10,DACIA SANDERO,3,E01007473,0,2
2024311489346,2024,311489346,2,9,0,-1,4,6,2,-1,0,1,0,0,0,0,1,1,-1,6,1,29,6,898,1,9,DACIA SANDERO,4,E01013912,0,1
2024101531623,2024,101531623,1,9,-1,-1,19,3,7,-1,0,8,0,0,0,0,-1,9,-1,9,1,75,10,1149,1,11,DACIA SANDERO,9,E01008248,0,1
2024010547837,2024,010547837,1,9,0,12,12,3,7,0,0,0,1,0,1,9,2,1,6,6,1,77,11,898,1,7,DACIA SANDERO,9,E01015999,0,3
2024461500323,2024,461500323,1,9,0,-1,19,6,2,-1,0,0,0,0,0,0,1,1,-1,9,1,81,11,998,1,5,DACIA SANDERO,8,E01024514,0,2
2024201433781,2024,201433781,2,9,0,-1,3,7,3,-1,0,0,0,10,1,0,2,9,-1,6,2,36,7,898,1,9,DACIA SANDERO,7,E01029655,0,4
2024211438863,2024,211438863,1,9,0,-1,19,2,7,-1,0,0,0,0,1,4,1,1,-1,6,2,23,5,999,1,1,DACIA SANDERO,2,E01009788,0,4
2024221463317,2024,221463317,2,9,0,-1,9,4,1,-1,0,6,0,0,0,0,1,9,-1,6,1,78,11,999,1,3,DACIA SANDERO,7,W01000311,0,4
2024201522293,2024,201522293,2,9,0,-1,4,2,6,-1,0,0,0,0,0,0,2,1,-1,6,2,51,8,998,1,5,DACIA SANDERO,1,E01010269,0,1
2024141535346,2024,141535346,1,9,0,-1,4,1,5,-1,0,0,0,0,0,0,2,1,-1,6,1,55,8,999,1,1,DACIA SANDERO,4,-1,0,5
2024340WN1062,2024,340WN1062,2,9,0,-1,19,4,8,-1,0,0,0,0,0,0,1,1,-1,9,2,42,7,1461,2,11,DACIA SANDERO,3,E01027240,0,1
2024531489753,2024,531489753,3,9,0,-1,3,6,2,-1,0,0,0,0,0,0,2,1,-1,2,1,31,6,898,1,6,DACIA SANDERO,9,E01022213,0,2
2024631456842,2024,631456842,1,9,0,-1,19,1,6,-1,0,0,0,0,7,10,1,1,-1,2,1,38,7,999,1,0,DACIA SANDERO,5,W01000522,0,1
2024201515026,2024,201515026,1,9,0,-1,3,4,8,-1,0,0,0,0,0,0,4,9,-1,1,2,50,8,898,1,4,DACIA SANDERO,2,E01009515,0,1
2024010507967,2024,010507967,2,9,0,4,4,1,5,0,0,1,0,0,0,0,2,1,6,6,2,47,8,1149,1,11,DACIA SANDERO,3,E01000992,0,1
2024631505205,2024,631505205,1,9,0,-1,19,5,1,-1,0,0,5,0,2,10,4,1,-1,9,2,20,4,898,1,11,DACIA SANDERO,6,W01000538,0,3
2024131440821,2024,131440821,1,9,0,-1,19,7,3,-1,0,1,5,0,0,0,4,1,-1,9,2,33,6,898,1,10,DACIA SANDERO,1,E01011429,0,1
2024201513992,2024,201513992,1,9,0,-1,7,3,7,-1,0,0,0,0,0,0,4,1,-1,6,1,19,4,898,1,4,DACIA SANDERO,8,E01010565,0,2
2024161452155,2024,161452155,1,9,0,-1,9,5,3,-1,0,8,0,0,0,0,4,1,-1,6,2,62,9,999,1,2,DACIA SANDERO,9,E01013103,0,1
2024122401313,2024,122401313,1,9,0,9,9,2,8,0,0,1,0,0,0,0,1,1,6,6,2,64,9,898,1,10,DACIA SANDERO,8,E01027640,0,1
2024052401874,2024,052401874,2,9,0,18,19,4,8,0,0,1,0,0,0,0,1,1,6,6,2,29,6,898,1,4,DACIA SANDERO,2,E01006510,0,1
2024131405413,2024,131405413,2,9,0,-1,19,3,7,-1,0,8,0,0,0,0,3,1,-1,9,2,53,8,898,1,10,DACIA SANDERO,1,E01011472,0,1
2024101400744,2024,101400744,1,9,0,-1,9,1,7,-1,0,8,0,0,0,0,1,1,-1,2,2,45,7,898,1,10,DACIA SANDERO,8,E01008657,0,1
2024101430159,2024,101430159,1,9,0,-1,5,2,6,-1,0,0,0,10,1,0,3,1,-1,9,1,79,11,1149,1,10,DACIA SANDERO,8,E01008627,0,1
2024542797324,2024,542797324,2,9,0,18,19,3,7,0,0,1,0,0,0,0,1,1,6,6,2,62,9,999,1,3,DACIA SANDERO,5,E01032004,0,1
2024421515705,2024,421515705,3,9,0,-1,3,1,5,-1,0,0,0,0,0,0,2,1,-1,1,1,29,6,999,1,2,DACIA SANDERO,10,E01021480,0,3
2024101436035,2024,101436035,2,9,0,-1,2,7,3,-1,0,1,0,0,0,0,4,1,-1,9,2,64,9,1461,2,7,DACIA SANDERO,4,E01008578,0,1
2024421461092,2024,421461092,2,9,0,-1,19,7,3,-1,0,0,0,0,0,0,2,1,-1,9,2,28,6,898,1,4,DACIA SANDERO,6,E01030209,0,4
2024631414841,2024,631414841,4,9,0,-1,2,0,0,-1,-1,2,0,0,1,11,1,2,-1,6,-1,-1,-1,998,1,5,DACIA SANDERO,-1,-1,0,-1
2024991442104,2024,991442104,1,9,0,-1,19,6,1,-1,0,3,1,0,0,0,1,1,-1,6,2,21,5,1149,1,10,DACIA SANDERO,7,-1,0,1
2024332400608,2024,332400608,1,9,0,-1,7,1,3,-1,2,5,0,0,0,0,2,1,-1,9,2,62,9,999,1,1,DACIA SANDERO,5,E01018948,0,5
2024501441557,2024,501441557,3,9,0,-1,19,7,3,-1,0,0,0,0,0,0,1,1,-1,9,2,37,7,999,1,2,DACIA SANDERO,10,E01014967,0,4
2024161471861,2024,161471861,1,9,0,-1,9,5,2,-1,0,6,0,0,0,0,1,1,-1,9,2,50,8,898,1,11,DACIA SANDERO,5,E01013274,0,1
2024631530136,2024,631530136,1,9,0,-1,19,2,6,-1,0,0,0,4,0,0,4,2,-1,9,2,72,10,1461,2,9,DACIA SANDERO,8,W01000771,0,3
2024991459097,2024,991459097,1,9,0,-1,19,7,3,-1,0,0,0,4,0,0,1,1,-1,6,2,22,5,1461,2,9,DACIA SANDERO,1,-1,0,4
2024421422534,2024,421422534,2,9,0,-1,19,2,4,-1,0,0,0,0,0,0,1,1,-1,9,2,50,8,898,1,9,DACIA SANDERO,5,E01021380,0,1
202417L210424,2024,17L210424,1,9,0,-1,19,8,4,-1,0,0,0,0,0,0,1,1,-1,9,1,24,5,998,1,3,DACIA SANDERO,1,E01035191,0,2
2024131472154,2024,131472154,1,9,0,-1,9,1,5,-1,0,5,0,0,0,0,3,1,-1,2,1,63,9,999,1,3,DACIA SANDERO,2,E01011759,0,1
2024161519375,2024,161519375,1,9,0,-1,19,7,3,-1,0,1,0,0,0,0,1,9,-1,6,1,83,11,1149,1,9,DACIA SANDERO,5,E01012768,0,1