collision_index,collision_year,collision_ref_no,vehicle_reference,vehicle_type,towing_and_articulation,vehicle_manoeuvre_historic,vehicle_manoeuvre,vehicle_direction_from,vehicle_direction_to,vehicle_location_restricted_lane_historic,vehicle_location_restricted_lane,junction_location,skidding_and_overturning,hit_object_in_carriageway,vehicle_leaving_carriageway,hit_object_off_carriageway,first_point_of_impact,vehicle_left_hand_drive,journey_purpose_of_driver_historic,journey_purpose_of_driver,sex_of_driver,age_of_driver,age_band_of_driver,engine_capacity_cc,propulsion_code,age_of_vehicle,generic_make_model,driver_imd_decile,lsoa_of_driver,escooter_flag,driver_distance_banding
2024471530874,2024,471530874,1,9,0,-1,19,6,2,-1,0,0,0,0,0,0,4,1,-1,2,2,64,9,898,1,9,DACIA SANDERO,9,E01021042,0,1
2024991407932,2024,991407932,3,9,0,-1,8,3,5,-1,0,1,0,0,0,0,1,1,-1,9,1,33,6,898,1,7,DACIA SANDERO,-1,-1,0,-1
2024471497055,2024,471497055,2,9,0,-1,9,6,5,-1,0,1,0,0,0,0,3,1,-1,2,2,71,10,999,1,1,DACIA SANDERO,1,E01020929,0,4
2024010506975,2024,010506975,4,9,0,18,19,7,3,0,0,0,0,1,0,0,1,1,6,6,2,29,6,1149,1,8,DACIA SANDERO,2,E01001057,0,1
2024552401291,2024,552401291,2,9,0,17,19,3,8,0,0,8,0,0,0,0,1,1,1,1,1,55,8,898,1,6,DACIA SANDERO,10,E01020370,0,3
2024991406985,2024,991406985,1,9,0,-1,19,4,8,-1,0,0,0,11,0,0,1,1,-1,9,1,53,8,1461,2,9,DACIA SANDERO,-1,-1,0,-1
2024622400832,2024,622400832,1,9,0,5,5,3,1,0,0,6,0,0,0,0,4,1,6,6,2,82,11,998,1,5,DACIA SANDERO,8,W01001965,0,3
2024991441696,2024,991441696,2,9,0,-1,2,0,0,-1,0,0,1,0,1,0,2,1,-1,6,-1,-1,-1,1461,2,11,DACIA SANDERO,-1,-1,0,-1
2024471532606,2024,471532606,2,9,0,-1,19,1,5,-1,0,8,0,0,0,0,1,1,-1,2,2,42,7,898,1,8,DACIA SANDERO,10,E01031710,0,1
2024371482707,2024,371482707,1,9,0,-1,5,2,4,-1,0,2,0,0,0,0,1,1,-1,9,1,75,10,898,1,9,DACIA SANDERO,2,E01030139,0,1
2024302400257,2024,302400257,1,9,0,6,6,8,8,0,0,1,0,0,0,0,1,1,6,6,1,55,8,999,1,1,DACIA SANDERO,2,E01013597,0,1
2024991438739,2024,991438739,3,9,0,-1,19,3,7,-1,0,0,0,0,0,0,2,1,-1,6,2,35,6,999,1,1,DACIA SANDERO,5,-1,0,3
2024421416789,2024,421416789,1,9,0,-1,19,3,7,-1,0,0,0,0,0,0,1,1,-1,6,2,76,11,999,1,2,DACIA SANDERO,6,E01021930,0,1
2024010520605,2024,010520605,1,9,0,99,99,9,9,99,99,9,9,99,9,99,2,9,6,6,3,25,5,999,1,3,DACIA SANDERO,6,E01001289,0,1
2024361418237,2024,361418237,1,9,0,-1,19,5,4,-1,0,4,1,9,3,1,1,1,-1,9,2,76,11,999,1,1,DACIA SANDERO,10,E01026812,0,3
2024141426230,2024,141426230,2,9,0,-1,2,0,0,-1,-1,0,0,0,0,0,2,1,-1,6,2,47,8,999,7,2,DACIA SANDERO,8,E01007599,0,4
2024440497234,2024,440497234,3,9,0,18,19,6,2,0,0,8,1,0,0,0,3,1,6,6,2,41,7,999,7,1,DACIA SANDERO,8,E01022623,0,1
2024340WN4942,2024,340WN4942,1,9,0,-1,5,8,4,-1,0,6,0,0,0,0,1,1,-1,1,1,57,9,1461,2,9,DACIA SANDERO,1,E01013622,0,4
2024991447786,2024,991447786,2,9,0,-1,3,5,1,-1,0,1,0,0,0,0,4,2,-1,1,1,56,9,1461,2,7,DACIA SANDERO,7,-1,0,2
2024361522462,2024,361522462,1,9,0,-1,3,6,2,-1,0,0,0,0,0,0,1,1,-1,6,1,80,11,999,1,1,DACIA SANDERO,4,E01026638,0,3
2024501395364,2024,501395364,1,9,0,-1,19,3,1,-1,0,0,0,0,0,0,1,9,-1,6,2,38,7,898,1,6,DACIA SANDERO,2,E01015171,0,1
2024991421456,2024,991421456,1,9,0,-1,19,2,6,-1,0,0,0,0,0,0,1,1,-1,9,2,82,11,898,1,8,DACIA SANDERO,7,-1,0,1
2024440129934,2024,440129934,1,9,0,18,19,4,8,0,0,0,0,0,0,0,1,1,6,6,2,63,9,999,1,2,DACIA SANDERO,8,E01035600,0,4
2024141493311,2024,141493311,1,9,0,-1,9,6,2,-1,0,8,0,0,0,0,3,1,-1,9,1,30,6,999,1,0,DACIA SANDERO,1,E01007874,0,1
2024161486834,2024,161486834,3,9,0,-1,19,7,3,-1,0,0,0,0,0,0,1,1,-1,1,1,26,6,1149,1,10,DACIA SANDERO,10,E01033495,0,3
2024010500380,2024,010500380,2,9,0,99,99,9,9,99,99,9,9,99,9,99,9,9,6,6,3,-1,-1,898,1,7,DACIA SANDERO,-1,-1,0,-1
2024991423030,2024,991423030,1,9,0,-1,9,1,7,-1,0,6,0,0,0,0,1,1,-1,6,2,47,8,1149,1,11,DACIA SANDERO,4,-1,0,1
2024991503032,2024,991503032,2,9,0,-1,9,4,2,-1,0,1,0,0,0,0,0,1,-1,9,2,62,9,1461,2,9,DACIA SANDERO,7,-1,0,1
2024052402424,2024,052402424,3,9,0,18,19,8,5,0,0,1,0,0,0,0,1,1,6,6,2,51,8,998,1,4,DACIA SANDERO,4,E01007046,0,1
2024991412000,2024,991412000,2,9,0,-1,19,8,4,-1,0,1,0,0,0,0,1,1,-1,9,1,31,6,1461,2,11,DACIA SANDERO,-1,-1,0,-1
2024131478227,2024,131478227,1,9,0,-1,19,7,3,-1,0,8,0,0,0,0,4,1,-1,9,2,43,7,898,1,9,DACIA SANDERO,2,E01010815,0,1
2024052402639,2024,052402639,2,9,0,18,19,4,8,0,0,1,0,0,0,0,4,1,6,6,2,73,10,998,1,4,DACIA SANDERO,5,E01006892,0,1
2024991414761,2024,991414761,3,9,0,-1,19,2,6,-1,0,0,0,0,1,0,1,1,-1,9,1,70,10,1461,2,10,DACIA SANDERO,4,-1,0,4
2024211488781,2024,211488781,1,9,0,-1,11,1,5,-1,0,0,2,0,0,0,1,1,-1,9,2,35,6,898,1,8,DACIA SANDERO,-1,-1,0,-1
2024461538249,2024,461538249,1,9,0,-1,19,5,1,-1,0,0,0,0,0,0,1,1,-1,9,1,56,9,898,1,5,DACIA SANDERO,2,E01024502,0,1
2024320259537,2024,320259537,1,9,0,-1,-1,8,4,0,0,0,0,0,6,10,1,1,6,6,1,40,7,999,1,1,DACIA SANDERO,1,E01007626,0,4
2024101506037,2024,101506037,2,9,0,-1,3,2,5,-1,0,2,0,0,0,0,2,9,-1,9,1,44,7,898,1,11,DACIA SANDERO,2,E01008456,0,1
2024122500124,2024,122500124,1,9,0,16,19,5,1,0,0,0,0,0,0,0,3,1,2,2,1,64,9,1461,2,9,DACIA SANDERO,9,E01027792,0,1
2024421417126,2024,421417126,2,9,0,-1,10,7,5,-1,0,1,0,0,0,0,2,1,-1,6,2,33,6,999,1,1,DACIA SANDERO,9,E01021548,0,4
2024010500519,2024,010500519,2,9,0,99,99,9,9,99,99,9,9,99,9,99,9,9,6,6,3,-1,-1,999,1,1,DACIA SANDERO,-1,-1,0,-1
2024111432967,2024,111432967,2,9,0,-1,4,6,2,-1,0,0,0,0,0,0,3,1,-1,6,1,51,8,999,1,1,DACIA SANDERO,10,E01034498,0,1
2024070485935,2024,070485935,2,9,0,18,19,5,7,0,0,0,0,0,0,0,2,1,6,6,1,-1,-1,999,1,2,DACIA SANDERO,-1,-1,0,-1
2024131468933,2024,131468933,1,9,0,-1,7,1,7,-1,0,0,0,0,0,0,4,1,-1,6,1,83,11,1149,1,8,DACIA SANDERO,3,E01010877,0,2
2024522403398,2024,522403398,1,9,0,18,19,6,2,0,0,0,0,0,0,0,4,1,3,7,2,38,7,1461,2,11,DACIA SANDERO,6,E01032666,0,1
2024141431033,2024,141431033,1,9,0,-1,10,2,8,-1,0,0,0,0,0,0,2,1,-1,9,1,69,10,1461,2,7,DACIA SANDERO,6,E01007554,0,1
2024991395286,2024,991395286,1,9,0,-1,19,8,4,-1,0,0,5,4,0,0,4,1,-1,9,2,76,11,998,1,5,DACIA SANDERO,9,-1,0,3
2024501414256,2024,501414256,1,9,0,-1,19,7,4,-1,0,0,5,0,7,0,1,9,-1,6,2,38,7,898,1,6,DACIA SANDERO,4,E01019038,0,2
2024991478291,2024,991478291,1,9,0,-1,19,5,3,-1,2,1,0,10,0,0,1,1,-1,6,2,80,11,898,1,4,DACIA SANDERO,10,-1,0,1
2024471414105,2024,471414105,1,9,0,-1,19,1,5,-1,0,5,0,0,0,0,4,1,-1,1,1,31,6,999,1,1,DACIA SANDERO,10,E01031824,0,4
2024411531087,2024,411531087,1,9,0,-1,19,4,8,-1,0,1,0,0,0,0,1,1,-1,2,1,20,4,998,1,6,DACIA SANDERO,3,E01015795,0,4
2024411544084,2024,411544084,2,9,0,-1,19,7,3,-1,0,4,0,0,7,0,1,1,-1,6,1,69,10,999,1,2,DACIA SANDERO,6,E01023769,0,1
2024991400980,2024,991400980,1,9,0,-1,5,7,5,-1,0,6,0,0,0,0,1,1,-1,9,2,48,8,898,1,10,DACIA SANDERO,5,-1,0,1
2024440099780,2024,440099780,2,9,0,4,4,3,7,0,0,0,0,0,0,0,2,1,6,6,2,46,8,1461,2,9,DACIA SANDERO,4,E01023106,0,1
2024371455255,2024,371455255,1,9,0,-1,19,7,4,-1,0,1,0,0,0,0,3,1,-1,9,2,63,9,898,1,9,DACIA SANDERO,4,E01030028,0,1
2024141532699,2024,141532699,2,9,0,-1,19,5,1,-1,0,0,0,0,0,0,2,1,-1,9,2,25,5,999,1,3,DACIA SANDERO,9,E01028360,0,4
2024361513896,2024,361513896,1,9,0,-1,19,3,5,-1,0,0,0,0,0,0,1,1,-1,6,1,74,10,898,1,7,DACIA SANDERO,6,E01026541,0,4
2024461497544,2024,461497544,2,9,0,-1,4,3,7,-1,0,0,0,0,0,0,2,9,-1,9,2,51,8,999,1,0,DACIA SANDERO,9,E01000452,0,2
2024302401007,2024,302401007,1,9,0,18,19,8,4,0,0,0,0,0,0,0,4,1,3,7,1,42,7,898,1,9,DACIA SANDERO,3,E01019675,0,1
2024991487403,2024,991487403,2,9,0,-1,13,5,1,-1,0,1,0,0,7,0,1,1,-1,9,2,80,11,1461,2,7,DACIA SANDERO,7,-1,0,3
2024052402405,2024,052402405,2,9,0,3,3,7,3,0,0,1,0,0,0,0,2,1,6,6,2,30,6,999,1,2,DACIA SANDERO,5,E01007163,0,1
2024440017219,2024,440017219,2,9,0,18,19,2,6,0,0,0,0,0,0,0,2,1,6,6,2,46,8,898,1,6,DACIA SANDERO,8,E01032881,0,2
2024070364047,2024,070364047,3,9,0,18,19,5,1,0,0,0,0,0,0,0,1,1,6,6,2,26,6,898,1,6,DACIA SANDERO,2,E01007054,0,4
2024101466531,2024,101466531,1,9,0,-1,19,3,7,-1,0,0,1,10,1,2,1,1,-1,9,2,69,10,999,1,1,DACIA SANDERO,10,E01008479,0,1
2024131483754,2024,131483754,1,9,0,-1,7,1,7,-1,0,0,0,0,0,0,1,1,-1,6,1,49,8,998,1,5,DACIA SANDERO,2,E01010740,0,1
2024201485685,2024,201485685,2,9,0,-1,19,8,6,-1,0,6,0,0,0,0,1,1,-1,1,1,41,7,999,7,2,DACIA SANDERO,3,E01009838,0,3
2024461532787,2024,461532787,2,9,0,-1,3,3,7,-1,0,0,0,0,0,0,2,9,-1,9,2,34,6,898,1,5,DACIA SANDERO,3,E01024742,0,2
2024041488840,2024,041488840,1,9,0,-1,4,2,4,-1,0,1,0,0,0,0,1,1,-1,6,1,76,11,898,1,7,DACIA SANDERO,3,E01012587,0,1
2024061470815,2024,061470815,6,9,0,-1,19,3,7,-1,0,2,0,0,7,0,2,1,-1,6,1,55,8,898,1,7,DACIA SANDERO,3,E01004832,0,1
2024991524384,2024,991524384,1,9,0,-1,9,3,7,-1,0,8,5,0,0,0,4,1,-1,2,2,55,8,898,1,6,DACIA SANDERO,1,-1,0,1
2024471435821,2024,471435821,2,9,0,-1,5,6,1,-1,5,0,0,0,0,0,1,1,-1,9,2,27,6,1461,2,10,DACIA SANDERO,2,E01034826,0,1
2024221447181,2024,221447181,2,9,0,-1,9,3,1,-1,0,6,0,0,0,0,3,9,-1,6,2,55,8,898,1,7,DACIA SANDERO,6,E01014084,0,3
2024320259174,2024,320259174,1,9,0,-1,-1,8,4,0,0,8,0,0,0,0,1,1,-1,-1,2,39,7,898,1,5,DACIA SANDERO,2,E01026175,0,1
2024461487819,2024,461487819,2,9,0,-1,19,7,3,-1,0,0,0,2,0,0,3,1,-1,9,2,29,6,999,1,1,DACIA SANDERO,2,E01032093,0,5
2024361569300,2024,361569300,1,9,0,-1,19,5,1,-1,0,3,1,0,3,0,3,1,-1,9,1,18,4,999,1,0,DACIA SANDERO,1,E01026624,0,1
2024131522124,2024,131522124,2,9,0,-1,9,7,5,-1,0,5,0,0,0,0,3,1,-1,6,2,25,5,898,1,10,DACIA SANDERO,2,E01011481,0,3
2024520402353,2024,520402353,2,9,0,18,19,4,2,0,0,8,0,0,0,0,1,1,6,6,2,39,7,898,1,5,DACIA SANDERO,4,E01029343,0,4
2024421400466,2024,421400466,2,9,0,-1,2,2,2,-1,-1,0,0,0,0,0,2,2,-1,6,-1,-1,-1,999,1,1,DACIA SANDERO,-1,-1,0,-1
2024131463699,2024,131463699,3,9,0,-1,2,7,3,-1,0,0,0,0,0,0,3,1,-1,6,2,19,4,898,1,8,DACIA SANDERO,6,E01011042,0,1
2024622400706,2024,622400706,3,9,0,18,19,6,2,0,0,0,0,0,0,0,2,1,6,6,2,65,9,898,1,5,DACIA SANDERO,10,W01000769,0,3
2024991458148,2024,991458148,4,9,0,-1,2,0,0,-1,0,0,0,0,0,0,2,1,-1,6,-1,-1,-1,898,1,4,DACIA SANDERO,-1,-1,0,-1
2024010544954,2024,010544954,2,9,9,99,99,9,9,99,99,9,9,99,9,99,9,9,6,6,3,-1,-1,998,1,5,DACIA SANDERO,-1,-1,0,-1
2024522401821,2024,522401821,5,9,0,2,2,0,0,0,0,2,0,0,0,0,2,1,6,6,3,-1,-1,1461,2,10,DACIA SANDERO,-1,-1,0,-1
2024440323515,2024,440323515,4,9,0,4,4,2,6,0,0,0,0,0,0,0,1,1,6,6,1,38,7,1149,1,8,DACIA SANDERO,7,E01016205,0,4
2024161501464,2024,161501464,2,9,0,-1,3,8,4,-1,0,0,0,0,0,0,2,9,-1,6,2,72,10,1461,2,9,DACIA SANDERO,5,E01012829,0,1
2024461535980,2024,461535980,1,9,0,-1,19,7,3,-1,0,0,2,0,1,0,0,1,-1,9,1,31,6,898,1,10,DACIA SANDERO,6,E01024411,0,1
2024211518819,2024,211518819,2,9,0,-1,4,6,2,-1,0,0,0,0,0,0,1,1,-1,1,1,39,7,999,1,0,DACIA SANDERO,-1,-1,0,-1
2024010551609,2024,010551609,1,9,0,99,99,9,9,99,99,9,9,99,9,99,9,9,6,6,3,-1,-1,898,1,4,DACIA SANDERO,-1,-1,0,-1
2024111450952,2024,111450952,1,9,0,-1,9,1,7,-1,0,0,0,0,0,0,3,1,-1,9,2,49,8,898,1,7,DACIA SANDERO,9,E01020698,0,2
2024622400834,2024,622400834,2,9,0,18,19,8,4,0,0,0,0,0,0,0,1,1,6,6,2,36,7,898,1,10,DACIA SANDERO,1,W01000975,0,4
2024552400424,2024,552400424,1,9,0,18,19,6,2,0,0,0,0,0,0,0,1,1,2,2,2,50,8,898,1,5,DACIA SANDERO,7,E01015418,0,3
2024430495410,2024,430495410,1,9,0,9,9,2,1,0,0,5,0,0,0,0,0,1,6,6,1,32,6,898,1,8,DACIA SANDERO,-1,-1,0,-1
2024122401144,2024,122401144,1,9,0,18,19,3,7,0,0,0,0,0,0,0,1,1,6,6,1,42,7,998,1,7,DACIA SANDERO,8,E01033184,0,1
2024552400967,2024,552400967,2,9,0,4,4,4,8,0,0,1,0,0,0,0,2,1,6,6,2,30,6,998,1,6,DACIA SANDERO,5,E01020353,0,1
2024622400739,2024,622400739,3,9,0,2,2,0,0,0,0,1,0,0,0,0,2,1,6,6,3,-1,-1,1149,1,8,DACIA SANDERO,-1,-1,0,-1
2024631497213,2024,631497213,1,9,0,-1,5,1,5,-1,0,8,0,0,0,0,1,1,-1,9,1,29,6,999,7,2,DACIA SANDERO,2,W01000729,0,1
2024421485780,2024,421485780,2,9,0,-1,4,7,3,-1,0,0,0,0,0,0,2,1,-1,9,2,61,9,998,1,5,DACIA SANDERO,6,E01034575,0,4
2024430441069,2024,430441069,1,9,0,3,3,2,6,0,0,1,0,0,0,0,2,1,2,2,1,54,8,999,1,2,DACIA SANDERO,9,E01017767,0,3
2024440396518,2024,440396518,1,9,0,4,4,3,7,0,0,1,0,0,0,0,2,1,6,6,2,75,10,898,1,5,DACIA SANDERO,9,E01022926,0,1
2024430576897,2024,430576897,2,9,0,18,19,6,2,0,0,4,0,0,0,0,1,1,6,6,1,37,7,898,1,4,DACIA SANDERO,9,E01016345,0,1
2024201493751,2024,201493751,2,9,0,-1,9,1,3,-1,0,1,0,0,0,0,2,1,-1,6,2,27,6,999,1,3,DACIA SANDERO,8,E01014560,0,5
2024991418226,2024,991418226,2,9,0,-1,19,4,7,-1,0,0,0,0,0,0,1,1,-1,9,1,63,9,998,1,4,DACIA SANDERO,8,-1,0,2
2024631425606,2024,631425606,1,9,0,-1,9,1,7,-1,0,6,0,0,0,0,3,1,-1,9,1,53,8,1461,2,9,DACIA SANDERO,7,W01000712,0,3
2024010544564,2024,010544564,2,9,0,99,99,9,9,99,99,6,9,99,9,99,9,9,6,6,3,-1,-1,998,1,6,DACIA SANDERO,-1,-1,0,-1
2024991498440,2024,991498440,1,9,0,-1,5,8,4,-1,0,0,0,0,0,0,2,1,-1,9,1,58,9,1461,2,5,DACIA SANDERO,4,-1,0,4
2024221437862,2024,221437862,1,9,0,-1,9,6,4,-1,0,5,0,0,0,0,3,1,-1,1,2,40,7,998,1,4,DACIA SANDERO,7,E01032195,0,1
2024622400824,2024,622400824,2,9,0,18,19,2,6,0,0,0,0,0,0,0,1,1,6,6,1,59,9,1461,2,7,DACIA SANDERO,10,W01000880,0,2
2024061439462,2024,061439462,1,9,0,-1,19,7,7,-1,0,1,0,0,0,0,4,1,-1,6,1,36,7,998,1,6,DACIA SANDERO,1,E01006052,0,1
2024610050624,2024,610050624,2,9,0,2,2,0,0,0,0,4,0,0,0,0,3,1,6,6,1,26,6,999,1,1,DACIA SANDERO,1,W01001643,0,1
2024052402687,2024,052402687,4,9,0,2,2,0,0,0,0,1,0,0,0,0,4,1,6,6,3,-1,-1,999,7,2,DACIA SANDERO,-1,-1,0,-1
2024201564026,2024,201564026,1,9,0,-1,19,4,8,-1,0,6,0,0,0,0,1,9,-1,6,2,56,9,1461,2,8,DACIA SANDERO,2,E01009014,0,1
2024131505454,2024,131505454,2,9,0,-1,3,3,7,-1,0,0,0,0,0,0,2,1,-1,6,2,32,6,999,1,2,DACIA SANDERO,3,E01010763,0,1
2024461427436,2024,461427436,2,9,0,-1,19,6,2,-1,0,8,0,10,1,0,4,9,-1,9,2,27,6,898,1,9,DACIA SANDERO,7,E01024732,0,1
2024311450644,2024,311450644,2,9,0,-1,13,5,5,-1,0,0,0,0,0,0,3,1,-1,6,1,48,8,898,1,6,DACIA SANDERO,-1,-1,0,-1
2024221456198,2024,221456198,1,9,0,-1,19,7,3,-1,0,0,0,0,0,0,1,1,-1,2,1,54,8,998,1,4,DACIA SANDERO,3,E01032224,0,2
2024451480967,2024,451480967,1,9,0,-1,4,1,5,-1,0,0,0,0,0,0,2,1,-1,9,1,83,11,999,1,1,DACIA SANDERO,9,E01026548,0,5
2024522402593,2024,522402593,2,9,0,3,3,1,5,0,0,1,0,0,0,0,2,1,6,6,1,77,11,898,1,6,DACIA SANDERO,1,E01014834,0,1
2024052401498,2024,052401498,10,9,0,3,3,7,3,0,0,1,0,0,0,0,1,1,6,6,2,61,9,1461,2,10,DACIA SANDERO,6,E01007305,0,2
2024461479240,2024,461479240,3,9,0,-1,3,7,3,-1,0,1,0,0,0,0,2,1,-1,6,1,42,7,898,1,5,DACIA SANDERO,6,E01024680,0,1
2024010521599,2024,010521599,1,9,0,5,5,6,2,0,0,3,0,0,0,0,1,1,6,6,1,22,5,999,1,2,DACIA SANDERO,6,E01000487,0,1
2024501416345,2024,501416345,1,9,0,-1,9,5,2,-1,0,2,0,0,0,0,3,9,-1,9,1,67,10,999,1,1,DACIA SANDERO,4,E01020303,0,2
2024311454046,2024,311454046,2,9,0,-1,19,4,8,-1,0,0,5,0,0,0,1,1,-1,9,1,73,10,898,1,10,DACIA SANDERO,3,E01028297,0,3
2024631441308,2024,631441308,2,9,0,-1,4,2,6,-1,0,0,0,0,0,0,0,1,-1,6,2,39,7,1149,1,11,DACIA SANDERO,2,E01003303,0,5
2024991490582,2024,991490582,2,9,0,-1,19,5,1,-1,1,1,0,0,0,0,1,1,-1,6,2,84,11,999,1,1,DACIA SANDERO,9,-1,0,1
2024411440647,2024,411440647,4,9,0,-1,19,5,1,-1,0,0,0,0,0,0,1,1,-1,2,1,24,5,898,1,5,DACIA SANDERO,10,E01023563,0,2
2024231474680,2024,231474680,1,9,0,-1,9,8,6,-1,0,5,0,0,0,0,1,1,-1,6,2,37,7,898,1,9,DACIA SANDERO,3,E01007744,0,4
2024610026724,2024,610026724,1,9,0,9,9,3,1,0,0,8,0,0,0,0,1,1,6,6,1,53,8,898,1,6,DACIA SANDERO,2,W01001483,0,1
2024461463210,2024,461463210,2,9,0,-1,19,5,1,-1,0,0,0,0,0,0,2,1,-1,9,1,49,8,898,1,7,DACIA SANDERO,5,E01033089,0,1
2024131398381,2024,131398381,1,9,0,-1,19,6,2,-1,0,0,1,0,7,11,3,1,-1,9,2,21,5,898,1,10,DACIA SANDERO,1,E01024855,0,4
2024520402159,2024,520402159,2,9,0,18,19,6,2,0,0,8,0,0,0,0,4,1,6,6,1,27,6,998,1,6,DACIA SANDERO,7,E01029018,0,1
2024522401611,2024,522401611,1,9,0,18,19,2,6,0,0,8,0,0,0,0,1,1,6,6,2,79,11,1149,1,8,DACIA SANDERO,5,E01014836,0,1
2024421486039,2024,421486039,1,9,0,-1,19,3,7,-1,0,0,0,0,0,0,1,1,-1,2,1,42,7,998,1,4,DACIA SANDERO,9,E01021926,0,1
2024231480429,2024,231480429,1,9,0,-1,19,2,6,-1,0,1,0,0,0,0,1,1,-1,9,1,27,6,1461,2,10,DACIA SANDERO,7,E01035028,0,2
2024010538481,2024,010538481,1,9,0,99,99,9,9,99,99,0,9,99,9,99,9,9,6,6,2,25,5,999,1,1,DACIA SANDERO,6,E01024301,0,3
2024041528385,2024,041528385,1,9,0,-1,19,1,5,-1,0,1,0,0,0,0,1,1,-1,9,2,70,10,898,1,6,DACIA SANDERO,1,E01025584,0,3
2024061462076,2024,061462076,1,9,0,-1,19,3,7,-1,0,1,0,0,1,0,1,1,-1,6,1,23,5,1149,1,8,DACIA SANDERO,-1,-1,0,-1
2024010534456,2024,010534456,2,9,0,99,99,9,9,99,99,9,9,99,9,99,1,9,6,6,2,-1,-1,898,1,11,DACIA SANDERO,3,E01003137,0,1
2024122500005,2024,122500005,1,9,0,18,19,6,2,0,0,1,0,0,0,0,3,1,6,6,1,49,8,1149,1,10,DACIA SANDERO,7,E01013419,0,1
2024991494611,2024,991494611,1,9,0,-1,10,5,1,-1,0,0,0,0,0,0,3,1,-1,2,2,61,9,1149,1,10,DACIA SANDERO,7,-1,0,4
2024122400482,2024,122400482,1,9,0,18,19,7,3,0,0,0,0,0,7,10,3,1,6,6,1,82,11,1461,2,8,DACIA SANDERO,7,E01027743,0,2
2024061467854,2024,061467854,1,9,0,-1,19,6,1,-1,0,1,0,0,0,0,1,1,-1,6,1,-1,-1,1149,1,7,DACIA SANDERO,-1,-1,0,-1
2024430426159,2024,430426159,2,9,0,3,3,3,7,0,0,3,0,0,0,0,2,1,6,6,2,57,9,999,1,0,DACIA SANDERO,7,E01016327,0,2
2024302400594,2024,302400594,1,9,0,4,4,3,8,0,0,1,0,0,0,0,1,1,2,2,1,66,10,898,1,5,DACIA SANDERO,1,E01012445,0,4
2024991427902,2024,991427902,1,9,0,-1,19,8,5,-1,0,2,0,11,1,2,1,1,-1,6,2,43,7,898,1,4,DACIA SANDERO,1,-1,0,1
2024991495427,2024,991495427,1,9,0,-1,19,4,8,-1,0,2,0,0,0,0,1,1,-1,6,2,44,7,1149,1,8,DACIA SANDERO,-1,-1,0,-1
2024221477018,2024,221477018,2,9,0,-1,10,6,3,-1,0,8,0,0,0,0,2,1,-1,2,2,26,6,1461,2,10,DACIA SANDERO,5,E01032181,0,1
2024430558693,2024,430558693,2,9,0,18,19,5,1,0,0,1,0,0,0,0,1,1,6,6,2,54,8,998,1,5,DACIA SANDERO,5,E01017475,0,4
2024451531487,2024,451531487,2,9,0,-1,19,6,2,-1,0,0,0,0,0,0,1,1,-1,9,1,33,6,898,1,5,DACIA SANDERO,7,E01024430,0,2
2024622400375,2024,622400375,2,9,0,18,19,6,2,0,0,1,0,0,0,0,1,1,6,6,1,62,9,1149,1,11,DACIA SANDERO,1,W01001280,0,1
2024111436159,2024,111436159,1,9,0,-1,9,8,7,-1,0,0,0,0,0,0,1,1,-1,2,1,46,8,1461,2,7,DACIA SANDERO,5,E01020604,0,2
2024501452661,2024,501452661,4,9,0,-1,19,7,3,-1,0,0,0,0,0,0,2,1,-1,9,2,70,10,998,1,4,DACIA SANDERO,4,E01018994,0,2
2024302400815,2024,302400815,2,9,0,7,7,7,1,0,0,8,0,0,0,0,1,1,2,2,1,23,5,898,1,10,DACIA SANDERO,-1,-1,0,-1
2024461455597,2024,461455597,1,9,0,-1,19,-1,-1,-1,0,0,0,0,0,0,4,9,-1,6,1,49,8,1461,2,6,DACIA SANDERO,5,E01033087,0,1
2024320379590,2024,320379590,2,9,0,4,4,7,3,0,0,1,0,0,0,0,4,-1,1,1,2,49,8,1461,2,11,DACIA SANDERO,-1,-1,0,-1
2024361524368,2024,361524368,1,9,0,-1,3,3,5,-1,0,4,0,0,0,0,1,1,-1,6,1,55,8,999,1,1,DACIA SANDERO,1,E01026622,0,1
2024401427547,2024,401427547,1,9,0,-1,11,8,4,-1,0,1,0,4,1,1,1,1,-1,6,-1,-1,-1,999,1,1,DACIA SANDERO,-1,-1,0,-1
2024161398278,2024,161398278,1,9,0,-1,19,8,4,-1,0,0,0,0,0,0,3,1,-1,9,2,76,11,999,1,1,DACIA SANDERO,9,E01034755,0,1
2024061492265,2024,061492265,2,9,0,-1,19,5,1,-1,0,5,0,0,0,0,4,1,-1,2,1,69,10,1461,2,8,DACIA SANDERO,3,E01006341,0,1
2024201453840,2024,201453840,2,9,0,-1,2,0,0,-1,0,0,0,0,0,0,1,9,-1,2,1,39,7,1461,2,10,DACIA SANDERO,4,E01009168,0,1
2024010505413,2024,010505413,1,9,0,99,99,9,9,99,99,9,9,99,9,99,9,9,2,2,2,43,7,999,1,0,DACIA SANDERO,10,E01031666,0,4
2024461496532,2024,461496532,2,9,0,-1,2,7,3,-1,0,0,0,0,0,0,3,9,-1,6,1,52,8,1461,2,7,DACIA SANDERO,7,E01024726,0,2