collision_index,collision_year,collision_ref_no,vehicle_reference,vehicle_type,towing_and_articulation,vehicle_manoeuvre_historic,vehicle_manoeuvre,vehicle_direction_from,vehicle_direction_to,vehicle_location_restricted_lane_historic,vehicle_location_restricted_lane,junction_location,skidding_and_overturning,hit_object_in_carriageway,vehicle_leaving_carriageway,hit_object_off_carriageway,first_point_of_impact,vehicle_left_hand_drive,journey_purpose_of_driver_historic,journey_purpose_of_driver,sex_of_driver,age_of_driver,age_band_of_driver,engine_capacity_cc,propulsion_code,age_of_vehicle,generic_make_model,driver_imd_decile,lsoa_of_driver,escooter_flag,driver_distance_banding
2024320682548,2024,320682548,1,9,0,-1,-1,2,6,0,0,1,0,0,0,0,1,1,-1,-1,1,87,11,1461,2,10,DACIA SANDERO,4,E01026082,0,2
2024610050024,2024,610050024,1,9,0,10,10,5,3,0,0,5,0,0,0,0,2,1,2,2,1,22,5,999,1,0,DACIA SANDERO,1,W01001751,0,4
2024461446630,2024,461446630,2,9,0,-1,19,7,1,-1,0,0,0,0,0,0,1,9,-1,9,1,22,5,999,1,1,DACIA SANDERO,10,E01024453,0,1
2024440467680,2024,440467680,1,9,0,18,19,5,1,0,0,1,0,0,0,0,1,1,6,6,1,80,11,999,1,1,DACIA SANDERO,8,E01029201,0,4
2024201471532,2024,201471532,2,9,0,-1,8,3,6,-1,0,1,0,0,0,0,2,1,-1,6,2,26,6,898,1,10,DACIA SANDERO,3,E01009294,0,2
2024201458521,2024,201458521,1,9,0,-1,19,6,2,-1,0,2,0,0,0,0,1,9,-1,2,1,36,7,1149,1,10,DACIA SANDERO,6,E01010081,0,1
2024501438247,2024,501438247,1,9,0,-1,19,1,4,-1,0,0,0,0,0,0,4,1,-1,2,2,27,6,1461,2,7,DACIA SANDERO,4,E01015062,0,1
2024122401083,2024,122401083,1,9,0,9,9,5,3,0,0,2,0,0,0,0,1,1,6,6,2,47,8,898,1,5,DACIA SANDERO,2,E01012653,0,5
2024111414445,2024,111414445,2,9,0,-1,19,2,5,-1,0,1,0,4,0,0,4,1,-1,9,2,58,9,999,1,1,DACIA SANDERO,9,E01020666,0,2
2024061511833,2024,061511833,3,9,0,-1,2,0,0,-1,0,0,0,0,0,0,1,1,-1,6,1,-1,-1,1461,2,9,DACIA SANDERO,5,E01006006,0,1
2024411495870,2024,411495870,1,9,0,-1,5,1,7,-1,0,4,0,0,0,0,2,1,-1,9,2,60,9,898,1,7,DACIA SANDERO,10,E01033609,0,1
2024361405319,2024,361405319,1,3,0,-1,5,3,7,-1,0,2,0,0,0,0,0,1,-1,2,1,20,4,124,1,20,MAKE AND MODEL REDACTED,9,E01035145,0,2
2024430085729,2024,430085729,1,9,0,9,9,7,5,0,0,6,0,0,0,0,1,1,2,2,2,29,6,999,1,4,FIAT 500X,9,E01016808,0,4
2024991486046,2024,991486046,2,9,0,-1,19,7,3,-1,0,1,0,0,0,0,3,1,-1,9,1,63,9,999,1,1,FIAT 500X,-1,-1,0,-1
202460Q114784,2024,60Q114784,1,9,0,18,19,3,7,0,0,6,0,0,0,0,1,1,6,6,2,34,6,1598,1,5,FIAT 500X,-1,-1,0,-1
2024421398512,2024,421398512,2,9,0,-1,19,3,7,-1,0,1,0,0,0,0,4,9,-1,2,2,27,6,999,1,4,FIAT 500X,1,E01021500,0,1
2024991520526,2024,991520526,1,9,0,-1,19,1,5,-1,0,0,0,0,0,0,1,1,-1,6,2,34,6,999,1,5,FIAT 500X,10,-1,0,5
202417M114724,2024,17M114724,1,9,0,-1,3,7,2,-1,0,1,0,0,0,0,2,1,-1,9,1,30,6,999,1,4,FIAT 500X,4,E01012167,0,1
2024991449682,2024,991449682,1,9,0,-1,19,7,3,-1,0,1,0,0,0,0,1,1,-1,9,1,70,10,999,1,3,FIAT 500X,-1,-1,0,-1
2024542420324,2024,542420324,1,9,0,1,1,6,2,0,0,0,0,0,0,0,1,1,6,6,2,67,10,999,1,1,FIAT 500X,-1,-1,0,-1
2024311422210,2024,311422210,1,9,0,-1,5,7,3,-1,0,0,0,0,0,0,3,1,-1,6,2,57,9,999,1,4,FIAT 500X,7,E01028326,0,1
2024471525905,2024,471525905,1,9,0,-1,9,7,5,-1,0,8,0,0,0,0,3,1,-1,6,2,31,6,999,1,5,FIAT 500X,7,E01031349,0,1
2024371414311,2024,371414311,1,9,0,-1,19,5,1,-1,0,0,0,0,0,0,1,1,-1,6,2,24,5,1469,1,1,FIAT 500X,8,E01030046,0,3
2024221452032,2024,221452032,1,9,0,-1,4,1,6,-1,0,0,0,0,0,0,2,9,-1,6,2,25,5,999,1,4,FIAT 500X,8,E01032438,0,1
2024101419932,2024,101419932,2,9,0,-1,4,1,5,-1,0,0,0,0,0,0,3,1,-1,6,2,31,6,999,1,5,FIAT 500X,1,E01008821,0,1
2024061459137,2024,061459137,3,9,0,-1,3,4,8,-1,0,0,0,0,0,0,2,1,-1,9,2,55,8,1469,1,2,FIAT 500X,8,E01006281,0,2
2024371453914,2024,371453914,1,9,0,-1,-1,-1,-1,-1,0,-1,0,0,0,0,1,9,-1,6,2,53,8,999,1,2,FIAT 500X,1,E01030036,0,1
2024552400518,2024,552400518,2,9,0,18,19,2,6,0,0,0,0,0,0,0,1,1,6,6,2,36,7,1598,1,6,FIAT 500X,5,E01020530,0,1
2024471450736,2024,471450736,2,9,0,-1,19,3,7,-1,0,1,0,0,0,0,4,1,-1,9,2,46,8,1368,1,7,FIAT 500X,6,E01031408,0,1
2024141495841,2024,141495841,1,9,0,-1,10,1,7,-1,0,5,0,0,0,0,3,1,-1,9,2,36,7,999,1,5,FIAT 500X,2,E01007843,0,1
2024010511042,2024,010511042,1,9,0,10,10,5,2,0,0,9,0,0,9,0,1,1,6,6,2,69,10,999,1,6,FIAT 500X,-1,-1,0,-1
202417S207624,2024,17S207624,1,9,0,-1,19,4,8,-1,0,0,0,0,0,0,0,1,-1,9,1,36,7,999,1,3,FIAT 500X,6,E01012261,0,1
2024531464006,2024,531464006,2,9,0,-1,4,7,3,-1,0,0,0,0,0,0,2,1,-1,6,2,41,7,999,1,5,FIAT 500X,4,E01022301,0,1
2024461407466,2024,461407466,1,9,0,-1,19,1,5,-1,0,0,0,0,0,0,3,9,-1,6,2,26,6,999,1,3,FIAT 500X,1,E01016111,0,2
2024131421725,2024,131421725,2,9,0,-1,19,7,3,-1,0,8,5,0,0,0,4,1,-1,9,1,38,7,1368,1,6,FIAT 500X,1,E01011560,0,1
2024332400072,2024,332400072,2,9,0,-1,19,5,1,-1,0,8,0,0,0,0,1,1,-1,6,2,25,5,999,1,5,FIAT 500X,10,E01025872,0,1
2024010525009,2024,010525009,2,9,9,99,99,9,9,99,99,9,9,99,9,99,9,9,6,6,3,-1,-1,1332,1,2,FIAT 500X,-1,-1,0,-1
2024430590107,2024,430590107,1,9,0,9,9,7,5,0,0,6,0,0,0,0,1,1,6,6,2,72,10,1332,1,6,FIAT 500X,8,E01017813,0,1
2024320363489,2024,320363489,1,5,0,4,4,4,8,0,0,1,2,0,0,0,1,1,-1,-1,1,63,9,1450,1,19,MAKE AND MODEL REDACTED,6,E01032612,0,5
2024440249170,2024,440249170,1,3,0,4,4,8,4,0,0,0,0,0,0,0,0,1,6,6,1,34,6,125,1,23,MAKE AND MODEL REDACTED,4,E01017044,0,2
2024531528923,2024,531528923,1,3,0,-1,19,2,6,-1,0,1,0,0,1,9,1,1,-1,6,1,24,5,124,1,1,MAKE AND MODEL REDACTED,4,E01022192,0,1
2024451395289,2024,451395289,1,2,0,-1,19,1,5,-1,0,0,1,0,0,0,1,1,-1,6,1,16,4,49,1,22,MAKE AND MODEL REDACTED,4,E01030354,0,1
2024520002086,2024,520002086,2,9,0,18,19,2,6,0,0,8,0,0,0,0,4,1,6,6,1,27,6,1997,1,6,JAGUAR E-PACE,9,E01014851,0,3
2024311440421,2024,311440421,2,9,0,-1,9,5,3,-1,0,0,0,0,0,0,1,9,-1,9,2,38,7,1999,2,6,JAGUAR E-PACE,6,E01028298,0,1
2024522403074,2024,522403074,2,9,0,18,19,8,4,0,0,1,0,0,0,0,1,1,6,6,2,51,8,1997,1,4,JAGUAR E-PACE,5,E01035226,0,1
2024501427975,2024,501427975,2,9,0,-1,2,0,0,-1,0,0,0,0,0,0,3,1,-1,6,-1,-1,-1,1999,2,5,JAGUAR E-PACE,-1,-1,0,-1
2024430306727,2024,430306727,2,9,0,13,13,7,3,0,0,8,0,0,0,0,1,1,6,6,2,40,7,1999,2,5,JAGUAR E-PACE,-1,-1,0,-1
2024010548147,2024,010548147,1,9,0,18,19,5,1,0,0,0,0,0,0,0,2,1,1,1,1,45,7,1498,8,0,JAGUAR E-PACE,5,E01004733,0,4
2024122500441,2024,122500441,1,9,0,3,3,7,3,0,0,1,0,0,0,0,1,1,6,6,2,53,8,1999,2,4,JAGUAR E-PACE,7,E01013336,0,1
2024010515260,2024,010515260,2,9,0,99,99,9,9,99,99,9,9,99,9,99,1,9,6,6,3,-1,-1,1999,2,5,JAGUAR E-PACE,10,E01004180,0,1
2024010491177,2024,010491177,2,9,0,12,12,3,7,0,0,1,0,0,0,0,2,1,6,6,1,69,10,1997,1,6,JAGUAR E-PACE,5,E01021518,0,4
2024440332360,2024,440332360,1,9,0,9,9,6,4,0,0,8,0,0,0,0,1,1,6,6,1,62,9,1997,1,6,JAGUAR E-PACE,8,E01022887,0,1
2024131420438,2024,131420438,2,9,0,-1,19,1,1,-1,0,0,0,0,0,0,3,1,-1,6,1,70,10,1998,2,0,JAGUAR E-PACE,7,E01010767,0,1
2024010498847,2024,010498847,1,9,0,17,19,1,7,0,0,0,5,0,1,9,1,1,6,6,1,46,8,1997,1,6,JAGUAR E-PACE,-1,-1,0,-1
2024010517885,2024,010517885,1,9,0,5,5,1,5,0,0,0,0,0,0,0,1,1,6,6,2,55,8,1498,8,0,JAGUAR E-PACE,3,E01033341,0,1
2024201472650,2024,201472650,2,9,0,-1,15,2,6,-1,0,1,1,10,1,11,1,1,-1,9,2,44,7,1998,2,3,JAGUAR E-PACE,5,E01009183,0,1
2024430592411,2024,430592411,1,9,0,9,9,8,5,0,0,6,0,0,0,0,3,1,6,6,1,74,10,1999,2,6,JAGUAR E-PACE,10,E01028791,0,3
2024461458166,2024,461458166,2,9,0,-1,19,1,5,-1,0,0,0,0,0,0,1,1,-1,9,1,62,9,1998,2,3,JAGUAR E-PACE,9,E01024008,0,2
2024010519065,2024,010519065,1,9,0,18,19,4,8,0,0,8,5,0,0,0,1,1,6,6,3,-1,-1,1999,2,5,JAGUAR E-PACE,-1,-1,0,-1
2024010516125,2024,010516125,2,9,0,10,10,5,2,0,0,2,0,0,0,0,2,1,6,6,2,45,7,1498,8,1,JAGUAR E-PACE,4,E01000741,0,4
2024451399034,2024,451399034,1,9,0,-1,19,4,8,-1,0,1,0,0,1,2,1,1,-1,9,2,31,6,1997,1,5,JAGUAR E-PACE,6,E01030336,0,1
2024451517200,2024,451517200,1,9,0,-1,19,7,3,-1,0,0,0,0,0,0,1,1,-1,9,2,31,6,1997,1,3,JAGUAR E-PACE,10,E01030367,0,1
2024131411110,2024,131411110,2,9,0,-1,19,2,6,-1,0,8,0,0,0,0,3,1,-1,9,-1,41,7,1997,1,6,JAGUAR E-PACE,4,E01011233,0,1
2024440090783,2024,440090783,1,9,0,18,19,2,6,0,0,0,0,0,0,0,1,1,6,6,1,55,8,1998,2,3,JAGUAR E-PACE,9,E01006932,0,5
2024411468168,2024,411468168,2,9,0,-1,3,4,8,-1,0,0,0,0,0,0,2,1,-1,2,2,65,9,1997,1,2,JAGUAR E-PACE,7,E01023594,0,2
2024401449839,2024,401449839,1,9,0,-1,19,3,8,-1,0,8,0,0,0,0,3,1,-1,9,2,67,10,1999,2,6,JAGUAR E-PACE,6,E01027073,0,4
2024050414472,2024,050414472,3,9,0,18,19,1,5,0,0,0,0,2,0,0,2,1,6,6,1,-1,-1,1999,2,6,JAGUAR E-PACE,-1,-1,0,-1
2024471482727,2024,471482727,1,9,0,-1,19,3,7,-1,0,0,0,7,0,0,3,1,-1,6,2,42,7,1999,2,5,JAGUAR E-PACE,8,E01034820,0,1
2024371467360,2024,371467360,2,9,0,-1,19,1,5,-1,0,0,1,0,0,0,1,1,-1,9,1,51,8,1999,2,4,JAGUAR E-PACE,2,E01030254,0,4
2024070865418,2024,070865418,1,9,0,-1,9,7,1,-1,0,6,0,0,0,0,1,1,-1,9,2,66,10,1997,1,5,JAGUAR E-PACE,6,E01018481,0,2
2024471426104,2024,471426104,2,9,0,-1,-1,-1,-1,-1,-1,-1,-1,-1,-1,0,-1,1,-1,6,1,39,7,1999,2,6,JAGUAR E-PACE,5,E01016988,0,1
2024461534229,2024,461534229,3,9,0,-1,2,0,0,-1,9,1,0,0,0,0,4,1,-1,6,-1,-1,-1,1999,2,4,JAGUAR E-PACE,-1,-1,0,-1
2024010518481,2024,010518481,2,9,0,99,99,9,9,99,99,9,9,99,9,99,4,9,6,6,1,52,8,1498,8,0,JAGUAR E-PACE,9,E01003838,0,1
2024471495034,2024,471495034,1,9,0,-1,9,5,3,-1,0,8,0,0,0,0,1,1,-1,9,2,52,8,1997,1,6,JAGUAR E-PACE,6,E01021108,0,1
202454C635224,2024,54C635224,2,9,0,18,19,3,7,0,0,0,0,0,0,0,2,1,6,6,2,46,8,1999,2,6,JAGUAR E-PACE,8,E01034546,0,1
2024451478576,2024,451478576,1,9,0,-1,9,3,7,-1,0,6,0,0,0,0,1,1,-1,9,1,55,8,1999,2,4,JAGUAR E-PACE,9,E01003827,0,3
2024131464373,2024,131464373,2,9,0,-1,19,5,1,-1,0,1,1,4,0,0,3,1,-1,9,2,22,5,1999,2,6,JAGUAR E-PACE,8,E01011934,0,1
2024131514712,2024,131514712,2,9,0,-1,19,5,1,-1,0,8,0,0,0,0,1,1,-1,9,1,80,11,1999,2,5,JAGUAR E-PACE,7,E01011054,0,1
2024461533748,2024,461533748,1,9,0,-1,10,1,3,-1,0,1,0,4,7,0,1,1,-1,6,1,68,10,1998,2,2,JAGUAR E-PACE,3,E01000403,0,2
2024061470769,2024,061470769,1,9,0,-1,19,4,8,-1,0,8,0,0,0,0,1,2,-1,6,1,79,11,1999,2,6,JAGUAR E-PACE,10,E01005048,0,1
2024622400205,2024,622400205,1,9,0,5,5,6,2,0,0,0,0,0,0,0,1,1,6,6,1,65,9,1999,2,4,JAGUAR E-PACE,9,W01000943,0,1
2024041511733,2024,041511733,1,9,0,-1,19,7,3,-1,0,0,0,0,0,0,4,1,-1,9,2,52,8,1997,1,6,JAGUAR E-PACE,10,E01004805,0,2
2024302400914,2024,302400914,2,9,0,11,11,1,4,0,0,3,0,0,0,0,1,1,6,6,2,62,9,1999,2,5,JAGUAR E-PACE,8,E01013594,0,1
2024991523466,2024,991523466,2,9,0,-1,9,3,1,-1,0,8,0,0,0,0,3,1,-1,2,2,40,7,1998,2,1,JAGUAR E-PACE,-1,-1,0,-1
2024010549102,2024,010549102,1,9,0,18,19,5,1,0,0,1,0,0,0,0,0,1,6,6,2,62,9,1998,2,1,JAGUAR E-PACE,9,E01002225,0,1
2024471478714,2024,471478714,2,9,0,-1,19,3,7,-1,0,3,0,0,0,0,4,9,-1,2,2,56,9,1997,1,5,JAGUAR E-PACE,5,E01034302,0,1
2024501433659,2024,501433659,1,9,0,-1,19,3,7,-1,0,0,5,0,0,0,1,1,-1,9,1,73,10,1498,8,2,JAGUAR E-PACE,8,E01034858,0,2
2024622400822,2024,622400822,1,10,0,18,19,4,8,0,0,0,0,0,0,0,2,1,6,6,1,43,7,-1,-1,-1,JAGUAR E-PACE,3,W01001885,0,1
2024461453397,2024,461453397,2,9,0,-1,19,7,5,-1,0,0,0,0,0,0,4,1,-1,9,1,57,9,1999,2,5,JAGUAR E-PACE,1,E01024581,0,4
2024070722640,2024,070722640,1,9,0,-1,19,7,3,-1,0,0,5,0,7,0,0,2,-1,9,1,64,9,1997,1,5,JAGUAR E-PACE,10,E01018404,0,3
2024101464854,2024,101464854,2,9,0,-1,19,6,2,-1,0,8,0,0,0,0,4,1,-1,9,2,31,6,1997,1,5,JAGUAR E-PACE,9,E01032647,0,2
2024340WN7262,2024,340WN7262,2,9,0,-1,3,8,4,-1,0,1,0,0,0,0,2,1,-1,2,2,46,8,1999,2,4,JAGUAR E-PACE,7,E01035028,0,4
2024421414619,2024,421414619,1,9,0,-1,19,3,7,-1,0,0,0,0,0,0,0,9,-1,6,3,-1,-1,1999,2,5,JAGUAR E-PACE,-1,-1,0,-1
2024461514812,2024,461514812,1,9,0,-1,19,4,8,-1,0,0,0,0,0,0,1,1,-1,6,3,24,5,1997,1,4,JAGUAR E-PACE,-1,-1,0,-1
2024010508097,2024,010508097,2,9,0,18,19,1,5,0,0,8,0,0,0,0,1,1,6,6,2,58,9,1999,2,5,JAGUAR E-PACE,5,E01003378,0,2
2024371507657,2024,371507657,3,9,0,-1,19,5,1,-1,0,0,0,0,0,0,1,1,-1,1,-1,49,8,1999,2,5,JAGUAR E-PACE,10,E01029903,0,1
2024010519174,2024,010519174,1,9,0,18,19,5,1,0,0,8,0,0,0,0,1,1,6,6,3,-1,-1,1997,1,6,JAGUAR E-PACE,-1,-1,0,-1
2024461396670,2024,461396670,2,9,0,-1,19,1,5,-1,0,0,0,0,0,0,1,9,-1,9,1,69,10,1498,8,1,JAGUAR E-PACE,9,E01032821,0,1
2024991492197,2024,991492197,1,9,0,-1,19,6,2,-1,0,0,0,11,0,0,1,1,-1,9,2,45,7,1999,2,5,JAGUAR E-PACE,-1,-1,0,-1
2024221520160,2024,221520160,1,9,0,-1,9,7,5,-1,0,6,0,0,0,0,1,1,-1,6,2,42,7,1999,2,5,JAGUAR E-PACE,8,E01028907,0,1
2024320102839,2024,320102839,1,9,0,-1,-1,2,6,0,0,2,0,0,0,0,1,1,6,6,2,56,9,1999,2,5,JAGUAR E-PACE,-1,-1,0,-1
2024501519514,2024,501519514,1,9,0,-1,3,7,3,-1,0,1,0,0,0,0,1,1,-1,6,2,34,6,1999,2,5,JAGUAR E-PACE,4,E01018908,0,1
2024430214848,2024,430214848,1,9,0,3,3,1,5,0,0,0,0,0,0,0,2,1,6,6,2,57,9,1998,2,0,JAGUAR E-PACE,4,E01017666,0,4
2024201539799,2024,201539799,1,23,0,-1,19,3,7,-1,0,0,0,0,0,0,1,1,-1,6,1,-1,-1,125,1,0,MAKE AND MODEL REDACTED,9,E01010192,0,4
2024401402611,2024,401402611,2,3,0,-1,19,1,5,-1,0,0,0,0,1,0,1,1,-1,6,1,22,5,125,1,1,MAKE AND MODEL REDACTED,9,E01017549,0,1
2024340NN4022,2024,340NN4022,2,3,0,-1,19,7,3,-1,0,1,0,0,0,0,1,1,-1,1,1,44,7,125,1,0,MAKE AND MODEL REDACTED,4,E01026956,0,1
2024631478017,2024,631478017,1,2,0,-1,12,1,5,-1,0,0,0,0,1,10,1,1,-1,9,1,16,4,50,1,0,MAKE AND MODEL REDACTED,6,W01000598,0,2
2024161423520,2024,161423520,1,2,0,-1,19,7,3,-1,0,1,1,0,0,0,1,1,-1,6,1,16,4,50,1,1,MAKE AND MODEL REDACTED,6,E01013324,0,1
2024010505338,2024,010505338,1,3,9,3,3,3,7,99,99,0,9,99,9,99,2,1,6,6,1,52,8,124,1,1,MAKE AND MODEL REDACTED,4,E01000035,0,2
2024122400212,2024,122400212,1,3,0,18,19,6,2,0,0,0,0,0,0,0,0,1,6,6,2,18,4,-1,-1,-1,MAKE AND MODEL REDACTED,5,E01027798,0,3
2024461448026,2024,461448026,1,2,0,-1,8,1,7,-1,0,2,0,0,0,0,2,1,-1,1,2,27,6,50,1,1,MAKE AND MODEL REDACTED,2,E01024294,0,1
2024101457425,2024,101457425,2,3,0,-1,14,7,3,-1,0,0,0,4,0,0,1,1,-1,2,1,51,8,125,1,0,MAKE AND MODEL REDACTED,1,E01008793,0,1
2024302401753,2024,302401753,1,4,0,-1,19,8,4,-1,0,1,1,0,2,10,3,1,-1,6,1,20,4,399,1,1,MAKE AND MODEL REDACTED,10,E01019635,0,2
2024421469941,2024,421469941,2,4,0,-1,9,1,7,-1,0,0,0,0,0,0,3,1,-1,9,1,24,5,399,1,2,MAKE AND MODEL REDACTED,-1,-1,0,-1
2024131457370,2024,131457370,2,4,0,-1,3,2,6,-1,0,8,5,0,0,0,2,1,-1,6,1,20,4,399,1,1,MAKE AND MODEL REDACTED,1,E01033693,0,1
2024471520268,2024,471520268,1,4,0,-1,15,4,8,-1,0,0,1,0,1,0,3,1,-1,9,2,25,5,399,1,2,MAKE AND MODEL REDACTED,5,E01003366,0,4
2024231427219,2024,231427219,1,4,0,-1,19,1,5,-1,0,0,0,0,0,0,1,1,-1,1,1,24,5,399,1,5,MAKE AND MODEL REDACTED,10,E01031110,0,2
2024340NN1532,2024,340NN1532,1,4,0,-1,13,5,1,-1,0,1,0,0,0,0,1,1,-1,9,1,21,5,399,1,1,MAKE AND MODEL REDACTED,8,E01032972,0,1
2024340WN2732,2024,340WN2732,1,4,0,-1,19,5,1,-1,0,1,1,0,0,0,4,1,-1,9,1,20,4,399,1,5,MAKE AND MODEL REDACTED,8,E01027023,0,1
2024122401044,2024,122401044,1,4,0,14,14,6,3,0,0,1,0,0,0,0,4,1,6,6,1,21,5,399,1,1,MAKE AND MODEL REDACTED,10,E01013417,0,1
2024461483262,2024,461483262,1,2,0,-1,7,5,8,-1,0,3,0,2,1,0,1,1,-1,2,1,36,7,125,1,3,MAKE AND MODEL REDACTED,3,E01024559,0,1
2024320476404,2024,320476404,2,9,0,10,10,2,1,0,0,1,0,0,0,0,2,1,-1,-1,2,48,8,1497,1,0,MAKE AND MODEL REDACTED,-1,-1,0,-1
2024631494124,2024,631494124,1,9,0,-1,19,4,8,-1,0,0,0,0,8,11,1,1,-1,9,1,28,6,1497,1,0,MAKE AND MODEL REDACTED,6,W01000686,0,1
2024351530799,2024,351530799,1,2,0,-1,13,5,1,-1,0,0,0,0,0,0,1,1,-1,9,1,19,4,49,1,5,MAKE AND MODEL REDACTED,4,E01015606,0,1
2024421468176,2024,421468176,2,2,0,-1,19,2,6,-1,0,1,0,0,0,0,3,1,-1,6,1,15,3,49,1,4,MAKE AND MODEL REDACTED,4,E01021956,0,1
2024141532201,2024,141532201,2,9,0,-1,19,5,1,-1,0,0,0,0,0,0,1,9,-1,6,3,-1,-1,2143,2,8,MERCEDES CLA CLASS,-1,-1,0,-1
2024010544663,2024,010544663,2,9,0,99,99,9,9,99,99,6,9,99,9,99,1,9,6,6,3,-1,-1,1595,1,11,MERCEDES CLA CLASS,-1,-1,0,-1
2024430533100,2024,430533100,2,9,0,18,19,6,2,0,0,8,0,0,0,0,3,1,6,6,1,39,7,2143,2,10,MERCEDES CLA CLASS,10,E01028705,0,2
2024501513255,2024,501513255,1,9,0,-1,12,4,8,-1,0,0,0,0,0,0,1,1,-1,2,1,28,6,1332,8,0,MERCEDES CLA CLASS,3,E01015167,0,1
2024411480019,2024,411480019,2,9,0,-1,-1,-1,-1,-1,-1,0,-1,-1,-1,0,-1,9,-1,9,2,24,5,2143,2,9,MERCEDES CLA CLASS,9,E01023713,0,3
2024201500279,2024,201500279,2,9,0,-1,19,5,1,-1,0,8,0,0,0,0,3,1,-1,6,1,46,8,2143,2,6,MERCEDES CLA CLASS,3,E01009938,0,1
2024010532308,2024,010532308,1,9,0,5,5,7,3,0,0,8,0,0,0,0,1,1,6,6,3,-1,-1,1595,1,5,MERCEDES CLA CLASS,-1,-1,0,-1
2024201458538,2024,201458538,2,9,0,-1,19,3,2,-1,0,8,0,0,0,0,2,1,-1,6,1,24,5,1332,8,1,MERCEDES CLA CLASS,1,E01008996,0,2
2024440548580,2024,440548580,2,9,0,11,11,6,1,0,0,8,0,0,0,0,1,1,6,6,1,31,6,1332,1,1,MERCEDES CLA CLASS,7,E01002918,0,4
2024471525128,2024,471525128,1,9,0,-1,19,7,3,-1,0,0,0,0,0,0,2,1,-1,6,2,28,6,1332,1,1,MERCEDES CLA CLASS,6,E01016887,0,1
2024010502456,2024,010502456,2,9,0,5,5,1,5,0,0,2,0,0,0,0,3,1,6,6,1,25,5,1332,1,3,MERCEDES CLA CLASS,2,E01003194,0,2
2024010523121,2024,010523121,2,9,0,99,99,9,9,99,99,9,9,99,9,99,1,9,6,6,2,29,6,1332,1,2,MERCEDES CLA CLASS,4,E01024182,0,2
2024010504143,2024,010504143,1,9,0,99,99,9,9,99,99,9,9,99,9,99,2,9,6,6,2,29,6,1332,1,3,MERCEDES CLA CLASS,3,E01001807,0,1
2024010550533,2024,010550533,1,9,0,99,99,9,9,99,99,9,9,99,9,99,2,9,6,6,2,25,5,1595,1,11,MERCEDES CLA CLASS,3,E01001448,0,1
2024461515762,2024,461515762,2,9,-1,-1,3,3,6,-1,0,0,0,0,0,0,2,9,-1,6,1,25,5,1595,1,7,MERCEDES CLA CLASS,9,E01001605,0,3
2024010530266,2024,010530266,2,9,0,4,4,5,1,0,0,0,0,0,0,0,2,1,6,6,2,29,6,1332,8,0,MERCEDES CLA CLASS,2,E01003060,0,1
2024010519168,2024,010519168,1,9,0,3,3,3,7,0,0,1,0,0,0,0,2,1,6,6,2,23,5,1332,1,4,MERCEDES CLA CLASS,7,E01004176,0,3
2024101491425,2024,101491425,1,9,0,-1,9,8,4,-1,0,1,0,0,0,0,4,1,-1,9,2,28,6,1332,8,3,MERCEDES CLA CLASS,1,E01008333,0,1
2024610035924,2024,610035924,1,9,0,18,19,1,5,0,0,0,0,0,0,0,1,1,6,6,2,37,7,1332,1,2,MERCEDES CLA CLASS,10,W01001349,0,1
2024221452118,2024,221452118,1,9,0,-1,9,1,7,-1,0,6,0,0,0,0,3,1,-1,6,1,77,11,1332,8,1,MERCEDES CLA CLASS,-1,-1,0,-1
2024311401299,2024,311401299,3,9,0,-1,4,2,6,-1,0,0,0,0,0,0,2,1,-1,6,1,-1,-1,1332,1,4,MERCEDES CLA CLASS,-1,-1,0,-1
202460Q018648,2024,60Q018648,1,9,0,16,19,1,4,0,0,0,1,0,0,0,1,1,6,6,1,60,9,1991,1,9,MERCEDES CLA CLASS,-1,-1,0,-1
2024320392593,2024,320392593,2,9,0,4,4,8,4,0,0,2,0,0,0,0,2,1,-1,-1,1,29,6,1332,8,1,MERCEDES CLA CLASS,3,E01026102,0,4
2024451455502,2024,451455502,2,9,0,-1,19,3,7,-1,0,7,1,0,1,11,1,1,-1,2,1,23,5,1332,1,5,MERCEDES CLA CLASS,6,E01002556,0,1
2024461481126,2024,461481126,1,9,0,-1,19,3,7,-1,0,0,0,0,0,0,1,1,-1,9,1,54,8,2143,2,7,MERCEDES CLA CLASS,5,E01024335,0,4
2024010500952,2024,010500952,1,9,0,4,4,2,6,0,0,1,0,0,0,0,1,1,6,6,1,33,6,2143,2,6,MERCEDES CLA CLASS,6,E01001091,0,1
2024010507049,2024,010507049,2,9,0,99,99,9,9,99,99,0,9,99,9,99,1,9,6,6,1,58,9,1332,1,3,MERCEDES CLA CLASS,6,E01021435,0,4
2024430091896,2024,430091896,1,9,0,18,19,1,0,0,0,4,0,0,0,0,0,1,6,6,1,40,7,1991,1,4,MERCEDES CLA CLASS,-1,-1,0,-1
2024221429324,2024,221429324,2,9,0,-1,3,4,8,-1,0,1,0,0,0,0,2,9,-1,6,1,44,7,1332,8,3,MERCEDES CLA CLASS,5,E01014008,0,2
2024010527418,2024,010527418,1,9,0,3,3,2,6,0,0,1,0,0,0,0,3,1,6,6,1,30,6,1332,1,3,MERCEDES CLA CLASS,2,E01001716,0,1