collision_index,collision_year,collision_ref_no,vehicle_reference,vehicle_type,towing_and_articulation,vehicle_manoeuvre_historic,vehicle_manoeuvre,vehicle_direction_from,vehicle_direction_to,vehicle_location_restricted_lane_historic,vehicle_location_restricted_lane,junction_location,skidding_and_overturning,hit_object_in_carriageway,vehicle_leaving_carriageway,hit_object_off_carriageway,first_point_of_impact,vehicle_left_hand_drive,journey_purpose_of_driver_historic,journey_purpose_of_driver,sex_of_driver,age_of_driver,age_band_of_driver,engine_capacity_cc,propulsion_code,age_of_vehicle,generic_make_model,driver_imd_decile,lsoa_of_driver,escooter_flag,driver_distance_banding
2024131505339,2024,131505339,1,9,0,-1,9,5,1,-1,0,0,0,0,0,0,1,1,-1,9,2,34,6,2143,2,9,MERCEDES CLA CLASS,1,E01011025,0,1
2024010495616,2024,010495616,2,9,0,2,2,0,0,0,0,6,0,0,0,0,1,1,6,6,3,-1,-1,1332,1,2,MERCEDES CLA CLASS,-1,-1,0,-1
2024141502306,2024,141502306,1,9,0,-1,19,5,1,-1,0,0,0,0,0,0,1,1,-1,2,1,61,9,2143,2,8,MERCEDES CLA CLASS,7,E01010899,0,4
2024631501674,2024,631501674,1,9,0,-1,19,2,6,-1,0,8,1,0,7,11,1,1,-1,9,2,59,9,1332,1,1,MERCEDES CLA CLASS,-1,-1,0,-1
2024991491728,2024,991491728,1,9,0,-1,19,3,7,-1,0,1,0,0,0,0,1,1,-1,6,1,38,7,1332,8,1,MERCEDES CLA CLASS,3,-1,0,1
2024061403601,2024,061403601,2,9,0,-1,19,5,1,-1,0,0,0,0,0,0,1,2,-1,6,1,19,4,1332,1,5,MERCEDES CLA CLASS,3,E01006839,0,4
2024211475826,2024,211475826,1,9,0,-1,19,1,5,-1,0,0,0,0,0,0,1,9,-1,6,2,-1,-1,2143,2,6,MERCEDES CLA CLASS,-1,-1,0,-1
2024522401313,2024,522401313,1,9,0,18,19,8,4,0,0,0,0,0,0,0,3,1,6,6,1,23,5,2143,2,6,MERCEDES CLA CLASS,10,E01014713,0,1
2024131459066,2024,131459066,1,9,0,-1,4,5,1,-1,0,1,0,0,0,0,1,1,-1,2,1,52,8,1595,1,9,MERCEDES CLA CLASS,2,E01011141,0,2
2024010499156,2024,010499156,1,9,0,99,99,9,9,99,99,9,9,99,9,99,2,9,6,6,2,32,6,1332,1,3,MERCEDES CLA CLASS,3,E01002702,0,1
2024010524230,2024,010524230,3,9,0,3,3,7,3,0,0,2,0,0,0,0,1,1,6,6,1,22,5,1332,1,4,MERCEDES CLA CLASS,5,E01001158,0,1
2024631461845,2024,631461845,3,9,0,-1,4,8,4,-1,0,0,0,0,0,0,2,1,-1,9,1,50,8,1332,1,1,MERCEDES CLA CLASS,-1,-1,0,-1
2024520401902,2024,520401902,2,9,0,5,5,8,4,0,0,6,0,0,0,0,1,1,6,6,2,52,8,1332,1,2,MERCEDES CLA CLASS,10,E01031915,0,4
2024010511414,2024,010511414,1,9,0,9,9,7,5,0,0,2,0,0,0,0,1,1,6,6,2,34,6,1332,8,1,MERCEDES CLA CLASS,4,E01002780,0,2
2024430474535,2024,430474535,1,9,0,18,19,6,2,0,0,6,0,0,0,0,1,1,6,6,3,-1,-1,1991,1,6,MERCEDES CLA CLASS,-1,-1,0,-1
2024010532719,2024,010532719,1,9,0,3,3,3,7,0,0,8,0,0,0,0,2,1,6,6,1,36,7,2143,2,7,MERCEDES CLA CLASS,9,E01021652,0,4
2024461404611,2024,461404611,1,9,0,-1,3,5,1,-1,0,0,0,0,0,0,2,9,-1,6,1,21,5,2143,2,10,MERCEDES CLA CLASS,7,E01024096,0,3
2024461467099,2024,461467099,2,9,0,-1,2,5,1,-1,0,0,0,0,0,0,2,1,-1,6,1,52,8,1332,1,4,MERCEDES CLA CLASS,-1,-1,0,-1
2024461486406,2024,461486406,1,9,0,-1,19,5,1,-1,0,0,0,0,0,0,1,1,-1,2,2,45,7,1950,2,3,MERCEDES CLA CLASS,9,E01024006,0,4
2024010545550,2024,010545550,1,9,0,99,99,9,9,99,99,9,9,99,9,99,2,9,2,2,1,50,8,2143,2,8,MERCEDES CLA CLASS,3,E01002703,0,1
2024302401343,2024,302401343,1,9,0,4,4,6,2,0,0,2,0,0,0,0,2,1,1,1,1,33,6,1332,8,1,MERCEDES CLA CLASS,3,E01019775,0,2
2024010545837,2024,010545837,2,8,0,99,99,9,9,99,99,9,9,99,9,99,9,9,6,6,3,-1,-1,1595,1,6,MERCEDES CLA CLASS,-1,-1,0,-1
2024211414759,2024,211414759,1,9,0,-1,19,2,6,-1,0,1,0,0,0,0,3,9,-1,7,1,28,6,2143,2,9,MERCEDES CLA CLASS,2,E01014356,0,1
2024010504299,2024,010504299,3,9,0,18,19,7,3,0,0,0,0,0,0,0,2,1,6,6,1,31,6,1332,8,0,MERCEDES CLA CLASS,2,E01004205,0,2
2024411427972,2024,411427972,2,9,0,-1,19,5,1,-1,0,1,1,0,0,0,2,1,-1,6,2,43,7,1332,8,0,MERCEDES CLA CLASS,5,E01001404,0,2
2024547368224,2024,547368224,2,9,0,2,2,0,0,0,0,2,0,0,0,0,1,1,6,6,1,57,9,1332,8,1,MERCEDES CLA CLASS,4,E01032014,0,1
2024361533743,2024,361533743,1,9,0,-1,9,7,3,-1,0,6,0,0,0,0,3,1,-1,9,2,46,8,1950,2,3,MERCEDES CLA CLASS,6,E01026441,0,3
2024201487499,2024,201487499,1,9,0,-1,19,4,8,-1,0,1,0,0,0,0,1,9,-1,6,1,30,6,1332,8,1,MERCEDES CLA CLASS,-1,-1,0,-1
2024131395433,2024,131395433,1,9,0,-1,19,5,5,-1,0,2,0,0,0,0,2,1,-1,9,2,26,6,1950,2,4,MERCEDES CLA CLASS,4,E01010598,0,1
2024421460795,2024,421460795,3,9,0,-1,19,1,5,-1,0,0,0,0,0,0,3,1,-1,1,1,37,7,2143,2,6,MERCEDES CLA CLASS,6,E01030220,0,4
2024501513479,2024,501513479,2,9,0,-1,19,7,3,-1,0,0,0,0,0,0,2,1,-1,9,1,30,6,1595,1,8,MERCEDES CLA CLASS,7,E01020064,0,4
2024010526613,2024,010526613,2,9,9,5,5,9,9,99,99,9,9,99,9,99,9,9,6,6,3,-1,-1,1332,1,4,MERCEDES CLA CLASS,-1,-1,0,-1
2024552401025,2024,552401025,1,9,0,18,19,6,2,0,0,0,0,12,0,0,1,1,6,6,1,53,8,1332,1,1,MERCEDES CLA CLASS,8,E01020458,0,2
2024061483513,2024,061483513,3,9,0,-1,5,6,2,-1,0,2,0,0,0,0,1,1,-1,6,1,34,6,1332,8,3,MERCEDES CLA CLASS,6,E01004973,0,3
2024610022524,2024,610022524,1,9,0,18,19,3,7,0,0,0,0,0,0,0,1,1,6,6,1,22,5,1332,1,4,MERCEDES CLA CLASS,2,W01001385,0,4
2024461399165,2024,461399165,1,9,0,-1,19,8,4,-1,0,4,1,9,3,2,1,9,-1,6,1,29,6,1950,2,2,MERCEDES CLA CLASS,6,E01034997,0,1
2024201480935,2024,201480935,1,9,0,-1,7,3,7,-1,0,8,0,0,0,0,1,1,-1,6,-1,20,4,2143,2,6,MERCEDES CLA CLASS,-1,-1,0,-1
2024991479051,2024,991479051,2,9,0,-1,19,4,8,-1,0,0,0,0,0,0,3,2,-1,6,2,21,5,1332,1,3,MERCEDES CLA CLASS,2,-1,0,1
2024461424879,2024,461424879,1,9,0,-1,19,5,1,-1,0,0,0,0,0,0,4,1,-1,6,2,37,7,2143,2,10,MERCEDES CLA CLASS,7,E01024245,0,1
2024461452272,2024,461452272,2,9,0,-1,19,1,5,-1,0,0,0,0,0,0,2,2,-1,6,2,32,6,2143,2,8,MERCEDES CLA CLASS,4,E01035007,0,1
2024141532018,2024,141532018,1,9,0,-1,2,0,0,-1,0,2,0,0,0,0,2,1,-1,6,-1,-1,-1,1332,8,0,MERCEDES CLA CLASS,-1,-1,0,-1
2024070969844,2024,070969844,3,9,0,-1,4,2,6,-1,0,0,0,0,0,0,2,1,-1,2,2,38,7,1332,8,0,MERCEDES CLA CLASS,6,W01001370,0,5
2024010527595,2024,010527595,1,9,0,18,19,3,7,0,0,4,1,9,0,0,1,1,6,6,1,29,6,1332,8,0,MERCEDES CLA CLASS,2,E01002392,0,3
2024131450435,2024,131450435,1,9,0,-1,7,5,3,-1,0,8,0,0,0,0,1,1,-1,9,2,26,6,1595,1,5,MERCEDES CLA CLASS,4,E01034263,0,1
2024430594256,2024,430594256,1,9,0,4,4,1,5,0,0,0,0,0,0,0,2,1,6,6,1,26,6,1332,8,0,MERCEDES CLA CLASS,7,E01035448,0,4
2024411493813,2024,411493813,2,9,0,-1,5,5,7,-1,0,0,0,0,0,0,3,1,-1,6,1,28,6,1332,1,3,MERCEDES CLA CLASS,3,E01001858,0,4
2024131416329,2024,131416329,4,9,0,-1,2,0,0,-1,0,1,1,0,1,0,2,1,-1,6,-1,-1,-1,1332,8,3,MERCEDES CLA CLASS,-1,-1,0,-1
2024010532613,2024,010532613,1,9,0,4,4,1,5,0,0,1,0,0,0,0,1,1,6,6,1,33,6,2143,2,9,MERCEDES CLA CLASS,2,E01003391,0,2
2024010526969,2024,010526969,1,9,4,4,4,9,9,99,99,0,9,99,9,99,1,9,2,2,2,31,6,1332,1,3,MERCEDES CLA CLASS,3,E01003251,0,1
2024052401424,2024,052401424,1,9,0,18,19,6,2,0,0,6,0,0,0,0,1,1,6,6,2,24,5,1332,1,4,MERCEDES CLA CLASS,7,E01006589,0,1
2024461423373,2024,461423373,2,9,0,-1,2,5,1,-1,0,0,0,0,0,0,1,1,-1,6,2,30,6,1332,1,1,MERCEDES CLA CLASS,5,E01024546,0,2
2024010504439,2024,010504439,1,9,0,10,10,4,2,0,0,8,0,0,0,0,3,1,6,6,1,24,5,1332,1,4,MERCEDES CLA CLASS,3,E01001712,0,1
2024061415655,2024,061415655,1,9,0,-1,19,8,3,-1,0,0,0,0,0,0,3,1,-1,6,1,50,8,1332,1,2,MERCEDES CLA CLASS,3,E01005115,0,1
2024010528985,2024,010528985,1,9,0,18,19,3,7,0,0,8,0,0,0,0,4,1,6,6,1,-1,-1,1595,1,9,MERCEDES CLA CLASS,3,E01000141,0,1
2024351528696,2024,351528696,1,9,0,-1,19,1,5,-1,0,0,0,2,0,0,1,1,-1,6,1,40,7,1332,1,3,MERCEDES CLA CLASS,-1,-1,0,-1
2024522402886,2024,522402886,1,9,0,18,19,7,3,0,0,0,0,0,0,0,1,1,6,6,1,23,5,2143,2,6,MERCEDES CLA CLASS,10,E01014713,0,1
2024461496945,2024,461496945,1,9,0,-1,19,3,7,-1,0,0,1,0,0,0,4,1,-1,9,1,23,5,1332,1,4,MERCEDES CLA CLASS,5,E01024171,0,1
2024010538366,2024,010538366,1,9,0,2,2,9,9,99,99,9,9,99,9,99,9,9,6,6,1,21,5,1332,1,5,MERCEDES CLA CLASS,4,E01003014,0,1
2024070798443,2024,070798443,1,9,0,-1,19,4,2,-1,0,0,0,0,0,0,1,1,-1,2,1,29,6,1332,1,4,MERCEDES CLA CLASS,5,E01033761,0,3
2024061422448,2024,061422448,1,9,-1,-1,-1,-1,-1,-1,-1,0,-1,-1,-1,0,-1,9,-1,6,3,-1,-1,1332,8,2,MERCEDES CLA CLASS,-1,-1,0,-1
2024201490961,2024,201490961,2,9,0,-1,19,2,6,-1,0,1,0,0,0,0,2,1,-1,1,2,57,9,1332,1,2,MERCEDES CLA CLASS,3,E01009589,0,1
2024421477141,2024,421477141,2,9,0,-1,19,8,4,-1,0,0,1,0,0,0,4,1,-1,2,1,27,6,1332,8,4,MERCEDES CLA CLASS,4,E01003736,0,3
2024010521264,2024,010521264,2,9,0,2,2,0,0,0,0,0,0,4,0,0,2,1,6,6,3,-1,-1,1991,1,5,MERCEDES CLA CLASS,-1,-1,0,-1
2024010538183,2024,010538183,2,9,0,99,99,9,9,99,99,9,9,99,9,99,2,9,6,6,1,44,7,2143,2,6,MERCEDES CLA CLASS,5,E01016554,0,3
2024501525588,2024,501525588,1,9,0,-1,13,8,4,-1,0,1,0,0,0,0,2,1,-1,9,1,30,6,1332,1,4,MERCEDES CLA CLASS,8,E01020008,0,1
2024461405022,2024,461405022,1,9,0,-1,19,6,2,-1,0,0,0,0,1,6,1,1,-1,6,1,23,5,1595,1,8,MERCEDES CLA CLASS,3,E01003299,0,4
2024010518623,2024,010518623,1,9,0,99,99,9,9,99,99,9,9,99,9,99,2,9,6,6,2,23,5,1332,1,5,MERCEDES CLA CLASS,9,E01003897,0,2
2024010501140,2024,010501140,2,9,0,99,99,9,9,99,99,9,9,99,9,99,1,9,6,6,3,-1,-1,1991,1,10,MERCEDES CLA CLASS,-1,-1,0,-1
2024311449098,2024,311449098,2,9,0,-1,5,6,2,-1,0,2,0,0,0,0,4,1,-1,7,2,35,6,2143,2,7,MERCEDES CLA CLASS,3,E01027941,0,1
2024201520385,2024,201520385,2,9,0,-1,19,5,3,-1,0,2,0,0,0,0,2,1,-1,9,1,35,6,1595,1,6,MERCEDES CLA CLASS,10,E01009694,0,1
2024471430091,2024,471430091,1,9,0,-1,9,1,5,-1,0,2,0,0,8,0,0,1,-1,9,2,40,7,1332,8,0,MERCEDES CLA CLASS,10,E01031718,0,2
2024010510193,2024,010510193,2,9,0,99,99,9,9,99,99,9,9,99,9,99,9,9,6,6,3,-1,-1,1950,2,1,MERCEDES CLA CLASS,4,E01003308,0,1
2024010544050,2024,010544050,2,9,0,9,9,9,9,99,99,9,9,99,9,99,9,9,6,6,3,-1,-1,1332,1,4,MERCEDES CLA CLASS,4,E01004326,0,2
2024010530055,2024,010530055,2,9,0,99,99,9,9,99,99,9,9,99,9,99,1,9,6,6,2,30,6,1991,1,5,MERCEDES CLA CLASS,9,E01023674,0,3
2024421530523,2024,421530523,2,9,0,-1,19,-1,-1,-1,0,0,0,0,0,0,3,1,-1,6,1,46,8,1332,8,1,MERCEDES CLA CLASS,5,E01021790,0,1
2024131482062,2024,131482062,1,9,0,-1,7,1,5,-1,0,0,0,0,1,0,4,1,-1,6,1,40,7,2143,2,10,MERCEDES CLA CLASS,1,E01011337,0,3
2024311540586,2024,311540586,2,9,0,-1,4,1,5,-1,0,1,0,0,0,0,1,1,-1,6,1,-1,-1,1332,1,3,MERCEDES CLA CLASS,-1,-1,0,-1
2024461455552,2024,461455552,2,9,0,-1,2,0,0,-1,9,0,0,0,0,0,3,9,-1,6,3,-1,-1,1332,8,0,MERCEDES CLA CLASS,-1,-1,0,-1
2024010551011,2024,010551011,2,9,0,18,19,1,5,0,0,8,0,0,0,0,1,1,6,6,1,53,8,1950,2,4,MERCEDES CLA CLASS,7,E01000326,0,3
2024101508146,2024,101508146,2,9,0,-1,7,7,1,-1,0,3,0,0,0,0,2,1,-1,9,1,30,6,2143,2,6,MERCEDES CLA CLASS,1,E01027429,0,1
2024351532708,2024,351532708,1,9,0,-1,-1,-1,-1,-1,-1,-1,-1,-1,-1,0,1,9,-1,6,1,20,4,1595,1,8,MERCEDES CLA CLASS,1,E01015663,0,1
2024010542213,2024,010542213,1,9,0,5,5,1,5,0,0,8,0,0,0,0,1,1,6,6,2,31,6,1332,1,4,MERCEDES CLA CLASS,3,E01023865,0,4
2024010540917,2024,010540917,1,9,0,3,3,3,7,0,0,1,0,0,9,99,2,1,2,2,2,27,6,1332,8,0,MERCEDES CLA CLASS,5,E01002456,0,3
2024010544560,2024,010544560,1,9,0,-1,-1,3,7,0,0,1,0,0,0,0,1,1,6,6,2,29,6,1332,1,4,MERCEDES CLA CLASS,1,E01002082,0,1
2024010544902,2024,010544902,1,9,0,18,19,5,1,0,0,8,1,0,0,0,4,1,6,6,2,58,9,1332,1,3,MERCEDES CLA CLASS,5,E01004076,0,1
2024201451441,2024,201451441,2,9,0,-1,6,5,5,-1,0,8,0,0,0,0,3,9,-1,6,2,28,6,1332,1,3,MERCEDES CLA CLASS,2,E01009239,0,1
2024401489949,2024,401489949,2,9,0,-1,19,8,4,-1,0,0,1,0,0,0,1,1,-1,6,2,25,5,1950,2,0,MERCEDES CLA CLASS,9,E01017422,0,1
2024991539920,2024,991539920,2,9,0,-1,19,2,6,-1,0,0,0,0,0,0,1,1,-1,9,1,53,8,2143,2,7,MERCEDES CLA CLASS,3,-1,0,2
2024010548852,2024,010548852,2,9,0,18,19,5,1,6,6,0,0,0,0,0,0,1,6,6,1,28,6,2143,2,8,MERCEDES CLA CLASS,6,E01024804,0,4
2024211487806,2024,211487806,1,9,0,-1,19,1,4,-1,0,8,0,0,0,0,1,1,-1,9,2,32,6,1595,1,6,MERCEDES CLA CLASS,5,E01029528,0,1
2024421447307,2024,421447307,1,9,0,-1,19,6,2,-1,0,8,0,0,0,0,4,1,-1,6,1,34,6,2143,2,8,MERCEDES CLA CLASS,5,E01022008,0,1
2024440266214,2024,440266214,1,9,0,18,19,2,6,0,0,0,0,0,0,0,4,1,2,2,2,44,7,1332,1,1,MERCEDES CLA CLASS,4,E01022479,0,1
2024361507934,2024,361507934,1,9,0,-1,9,1,6,-1,0,1,0,0,1,0,1,1,-1,6,1,23,5,2143,2,7,MERCEDES CLA CLASS,5,E01015714,0,5
2024201472479,2024,201472479,2,9,0,-1,19,5,1,-1,0,0,0,0,0,0,4,1,-1,9,1,50,8,1332,1,4,MERCEDES CLA CLASS,1,E01009367,0,1
2024010498026,2024,010498026,2,9,0,99,99,9,9,99,99,9,9,99,9,99,9,9,6,6,3,-1,-1,1332,1,1,MERCEDES CLA CLASS,-1,-1,0,-1
2024461473052,2024,461473052,2,9,0,-1,19,8,3,-1,0,0,1,7,0,0,4,1,-1,6,2,45,7,2143,2,9,MERCEDES CLA CLASS,2,E01024741,0,2
2024010521692,2024,010521692,1,9,0,10,10,1,6,0,0,2,0,0,0,0,1,1,6,6,1,36,7,1595,1,6,MERCEDES CLA CLASS,6,E01003223,0,1
2024471465570,2024,471465570,2,9,0,-1,19,4,8,-1,0,0,1,0,0,0,1,1,-1,9,2,24,5,1332,8,1,MERCEDES CLA CLASS,3,E01031598,0,4
2024010529439,2024,010529439,2,9,0,99,99,9,9,99,99,9,9,99,9,99,0,9,6,6,3,-1,-1,1332,1,2,MERCEDES CLA CLASS,-1,-1,0,-1
2024061520555,2024,061520555,2,9,0,-1,19,7,3,-1,0,0,0,0,0,0,2,1,-1,6,1,28,6,2143,2,9,MERCEDES CLA CLASS,9,E01004843,0,2
2024010515224,2024,010515224,2,9,0,99,99,9,9,99,99,6,9,99,9,99,1,9,6,6,3,23,5,2143,2,10,MERCEDES CLA CLASS,2,E01024170,0,4
2024201467764,2024,201467764,2,9,0,-1,19,7,3,-1,0,8,0,0,0,0,1,1,-1,6,1,49,8,1595,1,6,MERCEDES CLA CLASS,1,E01010003,0,1
2024461503002,2024,461503002,2,9,0,-1,19,5,1,-1,0,0,0,0,0,0,1,1,-1,9,1,20,4,2143,2,7,MERCEDES CLA CLASS,3,E01024219,0,4
2024201512953,2024,201512953,2,9,0,-1,4,8,4,-1,0,0,0,0,0,0,2,9,-1,1,2,58,9,1332,1,4,MERCEDES CLA CLASS,5,E01035094,0,4
202417H101324,2024,17H101324,1,9,0,3,3,4,8,0,0,4,0,0,0,0,2,1,6,6,2,48,8,1950,2,0,MERCEDES CLA CLASS,8,E01011997,0,1
2024010511954,2024,010511954,2,9,0,18,19,7,3,0,0,1,0,0,0,0,1,1,6,6,1,24,5,2143,2,8,MERCEDES CLA CLASS,5,E01000251,0,2
2024361464095,2024,361464095,1,9,0,-1,19,1,5,-1,0,0,1,10,1,0,2,1,-1,6,1,44,7,2143,2,9,MERCEDES CLA CLASS,7,E01026490,0,1
2024010545957,2024,010545957,1,9,0,99,99,9,9,99,99,9,9,99,9,99,2,9,6,6,2,50,8,1595,1,5,MERCEDES CLA CLASS,4,E01000039,0,2
2024010516705,2024,010516705,2,9,0,99,99,9,9,99,99,9,9,99,9,99,2,9,6,6,3,-1,-1,1991,1,10,MERCEDES CLA CLASS,-1,-1,0,-1
2024010546276,2024,010546276,1,9,0,18,19,5,1,0,0,1,0,0,0,0,1,1,6,6,2,43,7,1332,1,2,MERCEDES CLA CLASS,2,E01004055,0,2
2024201459638,2024,201459638,2,9,0,-1,13,8,4,-1,0,1,0,0,0,0,3,1,-1,6,1,20,4,1332,1,1,MERCEDES CLA CLASS,6,E01031211,0,4
2024401544249,2024,401544249,3,9,0,-1,4,8,4,-1,0,0,0,0,0,0,2,1,-1,6,2,39,7,1950,2,0,MERCEDES CLA CLASS,9,E01033833,0,3
2024622400536,2024,622400536,2,9,0,4,4,8,4,0,0,1,0,0,0,0,2,1,6,6,1,50,8,1332,8,2,MERCEDES CLA CLASS,10,W01001783,0,1
2024041442895,2024,041442895,1,9,0,-1,19,5,1,-1,0,2,0,0,0,0,1,1,-1,9,1,52,8,1332,1,2,MERCEDES CLA CLASS,9,E01005408,0,4
2024161522701,2024,161522701,1,9,0,-1,19,3,7,-1,0,0,1,0,0,0,1,1,-1,6,1,40,7,1595,1,7,MERCEDES CLA CLASS,6,E01013048,0,1
2024340WN4872,2024,340WN4872,2,9,0,-1,19,1,5,-1,0,1,0,0,0,0,1,1,-1,6,1,61,9,1332,8,1,MERCEDES CLA CLASS,10,E01025641,0,4
2024461443889,2024,461443889,1,9,0,-1,7,4,3,-1,0,0,0,0,0,0,1,9,-1,6,1,33,6,1332,1,3,MERCEDES CLA CLASS,4,E01024444,0,1
2024302401080,2024,302401080,1,9,0,9,9,6,5,0,0,6,0,0,0,0,1,1,6,6,1,-1,-1,1332,8,2,MERCEDES CLA CLASS,-1,-1,0,-1
2024401528351,2024,401528351,1,9,0,-1,19,3,7,-1,0,1,0,0,0,0,1,1,-1,6,2,52,8,1332,1,4,MERCEDES CLA CLASS,7,E01015745,0,1
2024340NN4242,2024,340NN4242,1,9,0,-1,4,1,5,-1,0,0,0,0,0,0,1,1,-1,6,3,-1,-1,2143,2,8,MERCEDES CLA CLASS,-1,-1,0,-1
2024010542174,2024,010542174,1,9,0,99,99,9,9,99,99,9,9,99,9,99,9,9,6,6,2,26,6,1332,1,3,MERCEDES CLA CLASS,3,E01000385,0,1
2024010516559,2024,010516559,1,9,0,13,13,7,3,0,0,2,0,0,0,0,3,1,6,6,1,19,4,2143,2,8,MERCEDES CLA CLASS,3,E01004235,0,3
2024131576060,2024,131576060,1,9,0,-1,10,5,3,-1,0,1,0,0,0,0,2,1,-1,7,1,21,5,2143,2,9,MERCEDES CLA CLASS,5,E01007696,0,4
2024031534757,2024,031534757,1,9,0,-1,19,5,1,-1,0,0,0,0,0,0,4,9,-1,6,3,31,6,2143,2,11,MERCEDES CLA CLASS,-1,-1,0,-1
2024522402992,2024,522402992,3,9,0,18,19,6,2,0,0,0,0,1,0,0,1,1,6,6,1,31,6,1332,1,5,MERCEDES CLA CLASS,7,E01035219,0,2
2024010509941,2024,010509941,2,9,0,5,5,3,7,0,0,8,0,0,0,0,2,1,6,6,1,26,6,2143,2,8,MERCEDES CLA CLASS,2,E01001849,0,1
2024211474845,2024,211474845,3,9,0,-1,5,5,5,-1,0,1,0,0,0,0,2,1,-1,6,2,19,4,2143,2,8,MERCEDES CLA CLASS,-1,-1,0,-1
2024041505608,2024,041505608,1,9,0,-1,19,5,1,-1,0,0,0,0,0,0,1,1,-1,6,2,38,7,1991,1,9,MERCEDES CLA CLASS,4,E01025543,0,4
2024231529242,2024,231529242,1,9,0,-1,19,5,1,-1,0,6,0,0,0,0,4,1,-1,6,1,24,5,1332,1,3,MERCEDES CLA CLASS,5,E01009312,0,3
2024411479556,2024,411479556,2,9,0,-1,19,7,3,-1,0,0,0,0,8,0,3,9,-1,9,2,48,8,1332,8,0,MERCEDES CLA CLASS,8,E01023481,0,1
2024461483693,2024,461483693,1,9,0,-1,9,2,6,-1,0,1,0,11,7,2,4,1,-1,6,2,27,6,1332,1,1,MERCEDES CLA CLASS,1,E01016153,0,1
2024010529791,2024,010529791,1,9,0,99,99,9,9,99,99,9,9,99,9,99,3,9,6,6,2,26,6,1332,1,3,MERCEDES CLA CLASS,2,E01000072,0,1
2024451410431,2024,451410431,1,9,0,-1,19,3,7,-1,0,0,0,0,0,0,2,1,-1,9,2,44,7,1332,1,2,MERCEDES CLA CLASS,3,E01016067,0,4
2024411398950,2024,411398950,1,9,0,-1,7,3,7,-1,0,3,5,0,1,2,1,9,-1,6,1,-1,-1,1332,1,1,MERCEDES CLA CLASS,-1,-1,0,-1
2024010507243,2024,010507243,1,9,0,99,99,9,9,99,99,0,9,99,9,99,2,1,6,6,3,55,8,1332,1,2,MERCEDES CLA CLASS,4,E01000428,0,1
202417L110824,2024,17L110824,1,9,0,-1,19,4,8,-1,0,0,0,0,1,1,3,1,-1,9,1,18,4,2143,2,10,MERCEDES CLA CLASS,4,E01012097,0,1
202454A853124,2024,54A853124,1,9,0,18,19,2,7,0,0,0,1,0,0,0,4,1,6,6,1,44,7,1332,8,2,MERCEDES CLA CLASS,9,E01034526,0,1
2024340WN3602,2024,340WN3602,2,9,0,-1,19,4,8,-1,0,4,0,0,0,0,1,1,-1,9,2,41,7,1595,1,11,MERCEDES CLA CLASS,3,E01027137,0,1
2024111489052,2024,111489052,1,9,0,-1,19,6,2,-1,0,0,0,0,0,0,1,1,-1,6,3,30,6,2143,2,9,MERCEDES CLA CLASS,-1,-1,0,-1
2024311497166,2024,311497166,2,9,0,-1,19,5,1,-1,0,3,0,0,0,0,1,1,-1,9,2,37,7,2143,2,8,MERCEDES CLA CLASS,2,E01019177,0,5
2024010521482,2024,010521482,1,9,0,5,5,7,3,0,0,5,0,0,1,0,4,1,6,6,1,-1,-1,1991,1,2,MERCEDES CLA CLASS,3,E01004719,0,2
2024010545250,2024,010545250,2,9,0,18,19,7,3,0,0,8,0,0,0,0,4,1,6,6,1,28,6,2143,2,8,MERCEDES CLA CLASS,2,E01003205,0,3
2024622500002,2024,622500002,1,9,0,18,19,8,4,0,0,0,0,4,0,0,1,1,6,6,1,36,7,1332,1,3,MERCEDES CLA CLASS,7,W01001859,0,1
2024131419014,2024,131419014,2,9,0,-1,11,4,8,-1,0,8,0,0,0,0,2,1,-1,6,2,34,6,2143,2,6,MERCEDES CLA CLASS,8,E01010862,0,2
2024430491488,2024,430491488,2,9,0,18,19,3,7,0,0,1,-1,0,0,0,3,1,6,6,2,30,6,1991,1,5,MERCEDES CLA CLASS,6,E01016827,0,1
2024411484192,2024,411484192,1,9,0,-1,5,5,7,-1,0,1,0,0,0,0,1,1,-1,6,1,32,6,2143,2,9,MERCEDES CLA CLASS,9,E01035597,0,1
2024041410663,2024,041410663,2,9,0,-1,19,7,3,-1,0,0,0,0,1,0,1,1,-1,2,1,36,7,1595,1,6,MERCEDES CLA CLASS,9,E01012598,0,2
2024010533521,2024,010533521,1,9,0,13,13,1,5,0,0,1,0,0,7,0,0,1,2,2,2,24,5,1332,1,4,MERCEDES CLA CLASS,8,E01003710,0,2
2024010548710,2024,010548710,1,9,0,9,9,5,2,0,0,8,0,0,0,0,1,1,6,6,1,26,6,1332,1,5,MERCEDES CLA CLASS,2,E01004428,0,2
2024471406012,2024,471406012,2,9,0,-1,19,7,3,-1,0,0,0,0,0,0,2,1,-1,9,1,42,7,1950,2,1,MERCEDES CLA CLASS,10,E01021210,0,1
2024070126227,2024,070126227,1,9,0,17,19,6,2,0,0,0,0,0,1,11,1,1,6,6,1,21,5,1332,1,1,MERCEDES CLA CLASS,2,E01005178,0,3