collision_index,collision_year,collision_ref_no,vehicle_reference,vehicle_type,towing_and_articulation,vehicle_manoeuvre_historic,vehicle_manoeuvre,vehicle_direction_from,vehicle_direction_to,vehicle_location_restricted_lane_historic,vehicle_location_restricted_lane,junction_location,skidding_and_overturning,hit_object_in_carriageway,vehicle_leaving_carriageway,hit_object_off_carriageway,first_point_of_impact,vehicle_left_hand_drive,journey_purpose_of_driver_historic,journey_purpose_of_driver,sex_of_driver,age_of_driver,age_band_of_driver,engine_capacity_cc,propulsion_code,age_of_vehicle,generic_make_model,driver_imd_decile,lsoa_of_driver,escooter_flag,driver_distance_banding
2024010507842,2024,010507842,1,9,5,17,19,1,5,0,0,4,0,0,0,0,1,1,6,6,1,46,8,1332,1,5,MERCEDES CLA CLASS,10,E01017897,0,4
2024010539957,2024,010539957,2,9,0,18,19,1,5,0,0,0,0,0,0,0,1,1,6,6,3,24,5,1332,1,4,MERCEDES CLA CLASS,-1,-1,0,-1
2024401487213,2024,401487213,1,9,0,-1,9,8,6,-1,0,8,0,0,0,0,3,1,-1,6,1,43,7,1332,1,2,MERCEDES CLA CLASS,3,E01015783,0,1
2024201518829,2024,201518829,1,9,0,-1,7,8,3,-1,0,0,0,0,0,0,4,1,-1,6,2,44,7,1332,1,3,MERCEDES CLA CLASS,2,E01010101,0,1
2024991435758,2024,991435758,1,9,0,-1,9,5,3,-1,0,1,0,0,0,0,3,1,-1,6,1,19,4,1332,8,0,MERCEDES CLA CLASS,7,-1,0,1
2024201452014,2024,201452014,3,9,0,-1,19,3,7,-1,0,1,0,0,0,0,2,1,-1,6,2,34,6,1595,1,9,MERCEDES CLA CLASS,-1,-1,0,-1
2024371478286,2024,371478286,1,9,0,-1,19,7,3,-1,0,0,0,0,0,0,4,1,-1,9,1,26,6,1991,1,10,MERCEDES CLA CLASS,6,E01030044,0,1
2024010501247,2024,010501247,2,9,0,2,2,0,0,0,0,0,0,99,0,0,0,9,6,6,3,-1,-1,1332,1,1,MERCEDES CLA CLASS,-1,-1,0,-1
2024010513945,2024,010513945,2,9,0,2,2,0,0,6,6,2,0,0,0,0,3,1,6,6,3,-1,-1,1332,8,1,MERCEDES CLA CLASS,-1,-1,0,-1
2024501395515,2024,501395515,1,9,0,-1,13,4,8,-1,0,0,0,0,0,0,1,1,-1,6,1,24,5,1950,2,5,MERCEDES CLA CLASS,2,E01034160,0,1
2024421533530,2024,421533530,2,9,0,-1,19,6,2,-1,0,0,0,0,0,0,1,1,-1,9,2,27,6,1332,8,0,MERCEDES CLA CLASS,5,E01034421,0,4
2024320034799,2024,320034799,1,9,0,13,13,4,8,0,0,0,0,0,0,0,1,1,6,6,1,38,7,1991,1,9,MERCEDES CLA CLASS,5,E01011748,0,4
2024061502737,2024,061502737,5,9,0,-1,19,7,3,-1,0,0,0,0,0,0,1,1,-1,9,2,30,6,1950,2,2,MERCEDES CLA CLASS,3,E01005012,0,2
2024010510008,2024,010510008,1,9,0,18,19,4,8,0,0,0,0,0,0,0,3,1,6,6,1,25,5,1950,2,3,MERCEDES CLA CLASS,6,E01024340,0,4
2024522401281,2024,522401281,2,9,0,12,12,2,6,0,0,0,0,0,0,0,3,1,6,6,2,35,6,2143,2,6,MERCEDES CLA CLASS,3,E01014590,0,1
2024201448486,2024,201448486,2,9,0,-1,19,8,4,-1,0,1,0,0,0,0,1,1,-1,6,3,30,6,2143,2,9,MERCEDES CLA CLASS,-1,-1,0,-1
2024010547552,2024,010547552,2,9,0,9,9,2,8,0,0,8,0,0,0,0,3,1,6,6,1,44,7,2143,2,8,MERCEDES CLA CLASS,8,E01033610,0,3
2024010492968,2024,010492968,2,9,0,99,99,9,9,99,99,0,9,99,9,99,1,9,6,6,1,26,6,1332,1,1,MERCEDES CLA CLASS,4,E01004342,0,3
2024421434598,2024,421434598,5,9,0,-1,19,8,2,-1,0,0,0,0,0,0,1,1,-1,9,1,21,5,1332,1,5,MERCEDES CLA CLASS,7,E01021910,0,2
2024010550247,2024,010550247,2,9,9,99,99,9,9,99,99,9,9,99,9,0,9,9,6,6,2,43,7,1332,1,4,MERCEDES CLA CLASS,7,E01016831,0,4
2024041445297,2024,041445297,1,9,0,-1,19,1,5,-1,0,0,0,0,0,0,1,1,-1,9,1,24,5,1332,1,1,MERCEDES CLA CLASS,2,E01025247,0,2
2024010508643,2024,010508643,2,9,0,18,19,5,1,0,0,1,0,0,0,0,1,1,6,6,2,30,6,1332,8,1,MERCEDES CLA CLASS,4,E01016157,0,4
2024421409555,2024,421409555,1,9,0,-1,14,2,6,-1,0,2,0,0,0,0,1,1,-1,9,1,37,7,2143,2,8,MERCEDES CLA CLASS,9,E01021395,0,1
2024052402785,2024,052402785,4,9,0,2,2,0,0,0,0,1,0,0,0,0,2,1,6,6,3,-1,-1,1796,2,10,MERCEDES CLA CLASS,-1,-1,0,-1
2024070128824,2024,070128824,4,9,0,18,19,7,3,0,0,0,0,0,0,0,1,1,2,2,1,35,6,2143,2,11,MERCEDES CLA CLASS,1,E01025084,0,4
2024461533265,2024,461533265,1,9,0,-1,19,1,4,-1,0,0,1,11,0,0,1,1,-1,9,1,20,4,1332,1,3,MERCEDES CLA CLASS,10,E01032827,0,1
2024010507801,2024,010507801,2,9,9,99,99,9,9,99,99,0,9,99,9,99,9,9,6,6,2,-1,-1,1332,8,3,MERCEDES CLA CLASS,7,E01001036,0,1
2024061429913,2024,061429913,1,9,0,-1,7,-1,-1,-1,0,8,-1,-1,-1,0,3,9,-1,6,3,-1,-1,2143,2,8,MERCEDES CLA CLASS,2,E01004886,0,4
2024010548002,2024,010548002,1,9,0,18,19,3,7,0,0,0,0,0,0,0,1,1,6,6,2,57,9,1332,8,1,MERCEDES CLA CLASS,5,E01002342,0,3
2024411440656,2024,411440656,3,9,0,-1,19,3,7,-1,0,0,0,0,0,0,2,1,-1,6,2,44,7,2143,2,6,MERCEDES CLA CLASS,9,E01017454,0,4
2024010500511,2024,010500511,1,9,0,18,19,1,5,9,9,1,0,10,4,1,1,1,6,6,1,26,6,1332,1,4,MERCEDES CLA CLASS,1,E01000061,0,3
2024552400833,2024,552400833,1,9,0,9,9,4,1,0,0,5,1,0,7,11,1,1,6,6,1,22,5,1332,1,1,MERCEDES CLA CLASS,6,E01022700,0,4
2024332401108,2024,332401108,1,9,0,-1,19,8,4,-1,0,8,0,0,0,0,1,1,-1,6,2,42,7,1595,1,9,MERCEDES CLA CLASS,4,E01025930,0,1
2024991474506,2024,991474506,2,9,0,-1,19,1,5,-1,0,0,0,12,0,0,2,1,-1,9,1,75,10,1910,2,18,SAAB 9-5,8,-1,0,1
2024411454386,2024,411454386,2,9,0,-1,19,6,2,-1,0,0,0,0,1,0,1,1,-1,6,1,73,10,1985,1,23,SAAB 9-5,9,E01035597,0,4
2024991470983,2024,991470983,1,9,0,-1,19,7,3,-1,0,1,0,0,7,0,1,1,-1,1,1,61,9,1910,2,15,SAAB 9-5,5,E01019188,0,4
2024411506479,2024,411506479,5,9,0,-1,2,0,0,-1,9,0,0,0,0,0,1,1,-1,6,-1,-1,-1,1985,1,24,SAAB 9-5,-1,-1,0,-1
2024371502442,2024,371502442,1,9,0,-1,19,6,2,-1,0,2,0,0,0,0,1,1,-1,6,1,59,9,1990,1,19,SAAB 9-5,5,E01030283,0,4
2024421416986,2024,421416986,1,9,0,-1,9,3,1,-1,0,0,0,0,0,0,1,1,-1,6,1,56,9,2290,1,17,SAAB 9-5,3,E01021283,0,1
2024231409281,2024,231409281,2,9,0,-1,19,5,1,-1,0,8,0,0,0,0,2,1,-1,6,2,61,9,2958,2,22,SAAB 9-5,6,E01031234,0,1
2024552400282,2024,552400282,1,9,0,18,19,8,4,0,0,0,0,0,0,0,1,1,6,6,1,68,10,2290,1,16,SAAB 9-5,6,E01029228,0,4
2024440079595,2024,440079595,2,9,0,18,19,2,6,0,0,1,0,0,0,0,1,1,6,6,1,36,7,1910,2,17,SAAB 9-5,3,E01023058,0,4
2024991492023,2024,991492023,1,9,0,-1,19,4,7,-1,0,0,5,12,7,0,1,1,-1,2,1,56,9,1910,2,17,SAAB 9-5,5,E01027503,0,3
2024320034834,2024,320034834,1,9,0,-1,-1,4,8,0,0,0,0,0,0,0,1,1,-1,-1,1,35,6,2290,1,19,SAAB 9-5,1,E01013140,0,4
2024451464392,2024,451464392,2,9,0,-1,19,2,6,-1,0,8,0,0,1,0,3,1,-1,9,1,86,11,2290,1,17,SAAB 9-5,7,E01001026,0,1
2024221469316,2024,221469316,2,9,0,-1,19,4,1,-1,0,8,0,0,0,0,3,9,-1,6,1,60,9,2290,1,23,SAAB 9-5,8,E01014002,0,4
2024401460818,2024,401460818,1,9,-1,-1,-1,-1,-1,-1,-1,0,-1,-1,-1,0,-1,9,-1,6,3,-1,-1,1910,2,17,SAAB 9-5,-1,-1,0,-1
2024411428377,2024,411428377,2,9,0,-1,19,1,1,-1,0,0,0,0,0,0,3,1,-1,6,1,87,11,2290,1,16,SAAB 9-5,9,E01023467,0,1
2024302400631,2024,302400631,2,9,0,16,19,8,4,0,0,0,1,0,0,0,1,1,6,6,1,48,8,2170,2,20,SAAB 9-5,-1,-1,0,-1
2024340WN2742,2024,340WN2742,1,9,0,-1,9,3,1,-1,0,6,0,0,0,0,2,1,-1,9,1,82,11,2290,1,16,SAAB 9-5,10,E01027287,0,1
2024141489457,2024,141489457,2,9,0,-1,2,0,0,-1,9,0,0,0,0,0,2,9,-1,6,-1,-1,-1,1910,2,16,SAAB 9-5,-1,-1,0,-1
2024161444622,2024,161444622,2,9,0,-1,2,3,7,-1,0,2,0,0,0,0,2,1,-1,9,1,52,8,1910,2,16,SAAB 9-5,3,E01013310,0,1
2024501458797,2024,501458797,1,9,0,-1,19,3,7,-1,0,2,5,0,1,10,1,1,-1,9,1,79,11,2290,1,17,SAAB 9-5,4,E01020301,0,3
2024010538878,2024,010538878,1,9,0,2,2,0,0,6,6,0,0,0,0,0,0,1,6,6,3,-1,-1,1998,1,14,SAAB 9-5,-1,-1,0,-1
2024010499589,2024,010499589,2,5,0,18,19,3,7,0,0,1,2,10,0,0,3,1,2,2,1,37,7,749,1,9,SUZUKI GSR 750,3,E01001862,0,1
2024010544441,2024,010544441,1,5,0,18,19,7,3,0,0,1,1,0,0,0,1,1,6,6,1,31,6,749,1,11,SUZUKI GSR 750,-1,-1,0,-1
2024061431304,2024,061431304,2,5,0,-1,19,3,7,-1,0,1,0,0,0,0,1,1,-1,6,1,56,9,749,1,10,SUZUKI GSR 750,-1,-1,0,-1
2024010520974,2024,010520974,1,3,9,99,99,9,9,99,99,1,9,99,9,99,1,1,1,1,1,35,6,749,1,9,SUZUKI GSR 750,2,E01004247,0,1
2024061471210,2024,061471210,1,5,0,-1,19,5,1,-1,0,0,0,0,0,0,1,1,-1,9,1,30,6,749,1,11,SUZUKI GSR 750,1,E01012520,0,3
2024010523564,2024,010523564,1,5,0,99,99,9,9,99,99,9,9,99,9,99,2,1,6,6,1,52,8,749,1,10,SUZUKI GSR 750,9,E01002956,0,1
2024320204405,2024,320204405,2,5,0,-1,-1,2,6,0,0,8,0,0,0,0,1,1,6,6,1,26,6,749,1,10,SUZUKI GSR 750,9,E01026347,0,1
2024010527228,2024,010527228,1,5,0,18,19,1,5,0,0,1,0,0,0,0,1,1,6,6,1,26,6,749,1,9,SUZUKI GSR 750,3,E01001722,0,1
2024421473975,2024,421473975,1,5,0,-1,9,4,1,-1,0,0,1,0,0,0,1,1,-1,2,1,36,7,749,1,8,SUZUKI GSR 750,4,E01021427,0,3
2024531502564,2024,531502564,2,5,0,-1,19,7,3,-1,0,1,0,0,0,0,3,1,-1,6,1,33,6,749,1,10,SUZUKI GSR 750,8,E01022110,0,1
2024010524411,2024,010524411,2,5,0,99,99,9,9,99,99,9,9,99,9,99,1,1,6,6,3,42,7,749,1,9,SUZUKI GSR 750,8,E01030687,0,4
2024141395240,2024,141395240,1,5,0,-1,19,2,6,-1,0,0,0,0,1,0,1,1,-1,9,1,31,6,749,1,11,SUZUKI GSR 750,2,E01007784,0,3
2024201534783,2024,201534783,1,5,0,-1,13,5,1,-1,0,0,0,0,0,0,4,1,-1,6,1,56,9,749,1,13,SUZUKI GSR 750,4,E01009824,0,2
2024201464739,2024,201464739,2,5,0,-1,19,7,3,-1,0,8,0,0,0,0,1,1,-1,6,2,31,6,749,1,11,SUZUKI GSR 750,7,E01009805,0,1
2024161533872,2024,161533872,1,9,0,-1,19,7,3,-1,0,2,0,0,0,0,4,9,-1,9,1,45,7,1798,8,3,SUZUKI SWACE,6,E01013039,0,1
2024421499476,2024,421499476,1,9,0,-1,-1,-1,-1,-1,-1,-1,-1,-1,-1,0,-1,9,-1,6,1,77,11,1798,8,2,SUZUKI SWACE,9,E01021462,0,1
2024061412336,2024,061412336,2,9,-1,-1,-1,-1,-1,-1,-1,0,-1,-1,-1,0,-1,9,-1,6,2,56,9,1798,8,1,SUZUKI SWACE,6,E01004912,0,2
2024371506779,2024,371506779,1,9,0,-1,19,3,1,-1,0,3,0,0,0,0,1,1,-1,6,1,76,11,1798,8,1,SUZUKI SWACE,7,E01018023,0,2
2024320409120,2024,320409120,1,8,0,-1,-1,6,2,0,0,1,0,0,1,0,1,1,6,6,1,40,7,1798,8,3,SUZUKI SWACE,1,E01026168,0,2
2024010536246,2024,010536246,1,9,0,18,19,5,1,0,0,0,0,0,0,0,1,1,6,6,1,55,8,1798,8,4,SUZUKI SWACE,-1,-1,0,-1
2024201484626,2024,201484626,2,9,0,-1,3,6,2,-1,0,0,0,0,0,0,2,1,-1,9,1,49,8,1798,8,2,SUZUKI SWACE,4,E01008888,0,1
2024161410699,2024,161410699,2,9,0,-1,19,7,3,-1,0,0,0,0,1,2,1,9,-1,1,1,36,7,1798,8,3,SUZUKI SWACE,1,E01010782,0,4
2024340NN2352,2024,340NN2352,2,9,0,-1,3,5,1,-1,0,0,0,0,0,0,3,1,-1,6,2,48,8,1798,8,2,SUZUKI SWACE,6,E01032964,0,2
2024991538676,2024,991538676,1,9,0,-1,19,5,1,-1,0,1,0,0,0,0,1,1,-1,6,1,73,10,1798,8,1,SUZUKI SWACE,2,-1,0,1
2024440106638,2024,440106638,1,9,0,18,19,4,8,0,0,0,0,0,0,0,1,1,6,6,2,71,10,1798,8,3,SUZUKI SWACE,2,E01022966,0,1
2024552400241,2024,552400241,1,8,0,9,9,3,1,0,0,6,0,0,0,0,3,1,1,1,1,40,7,1798,8,3,SUZUKI SWACE,6,E01015460,0,3
2024501482837,2024,501482837,1,9,0,-1,9,2,7,-1,0,5,0,0,0,0,2,1,-1,1,1,60,9,1798,8,3,SUZUKI SWACE,9,E01020257,0,1
2024430342844,2024,430342844,1,9,0,9,9,1,7,0,0,6,0,0,0,0,3,1,1,1,1,39,7,1798,8,2,SUZUKI SWACE,7,E01028496,0,2
2024211426289,2024,211426289,2,8,0,-1,19,7,3,-1,0,0,0,0,0,0,2,1,-1,6,1,43,7,1798,8,4,SUZUKI SWACE,2,E01014345,0,1
2024361440367,2024,361440367,2,9,0,-1,4,-1,-1,-1,-1,-1,0,0,0,0,2,1,-1,6,2,64,9,1798,8,3,SUZUKI SWACE,6,E01026701,0,3
2024031497928,2024,031497928,1,8,0,-1,5,3,7,-1,0,0,2,0,1,0,1,1,-1,1,1,36,7,1798,8,2,SUZUKI SWACE,-1,-1,0,-1
2024211480666,2024,211480666,1,8,0,-1,19,8,4,-1,0,0,0,0,0,0,2,1,-1,1,1,44,7,1798,8,1,SUZUKI SWACE,-1,-1,0,-1
2024371499579,2024,371499579,2,8,0,-1,2,1,3,-1,0,2,0,0,0,0,3,1,-1,6,-1,-1,-1,1798,8,2,SUZUKI SWACE,-1,-1,0,-1
2024311413153,2024,311413153,1,9,0,-1,7,6,2,-1,0,0,0,0,0,0,1,9,-1,6,1,68,10,1798,8,2,SUZUKI SWACE,3,E01028297,0,2
2024552401401,2024,552401401,2,9,0,10,10,3,1,0,0,5,0,0,0,0,0,1,2,2,1,34,6,1798,8,3,SUZUKI SWACE,4,E01034274,0,1
2024131425083,2024,131425083,2,9,0,-1,19,8,5,-1,0,8,0,0,0,0,4,1,-1,6,2,32,6,1798,8,3,SUZUKI SWACE,9,E01011935,0,1
2024010537417,2024,010537417,2,4,0,5,5,4,8,0,0,2,0,0,0,0,4,1,6,6,1,40,7,263,1,11,MAKE AND MODEL REDACTED,3,E01003545,0,1
2024461529445,2024,461529445,1,3,0,-1,19,5,1,-1,0,0,0,0,0,0,1,1,-1,9,2,46,8,125,1,17,MAKE AND MODEL REDACTED,4,E01024681,0,1
2024302401168,2024,302401168,2,9,0,3,3,1,5,0,0,2,0,0,1,0,1,1,6,6,1,77,11,999,1,17,MAKE AND MODEL REDACTED,7,E01019698,0,2
2024320016442,2024,320016442,1,4,0,18,19,8,4,0,0,0,0,4,0,0,1,1,6,6,1,31,6,125,1,1,MAKE AND MODEL REDACTED,-1,-1,0,-1
2024122401093,2024,122401093,2,3,0,14,14,7,3,0,0,1,0,0,0,0,3,1,6,6,1,24,5,125,1,2,MAKE AND MODEL REDACTED,3,E01013335,0,1
2024131520300,2024,131520300,1,9,0,-1,19,5,1,-1,0,0,1,0,0,0,1,1,-1,6,1,35,6,1598,2,11,ALFA ROMEO GIULIETTA,1,E01011284,0,1
2024211450779,2024,211450779,1,9,0,-1,9,5,1,-1,0,2,1,0,0,0,1,1,-1,9,1,30,6,1368,1,11,ALFA ROMEO GIULIETTA,-1,-1,0,-1
2024461423773,2024,461423773,1,9,0,-1,19,7,3,-1,0,0,0,0,0,0,1,1,-1,6,1,46,8,1368,1,11,ALFA ROMEO GIULIETTA,2,E01024126,0,4
2024501448168,2024,501448168,1,9,0,-1,19,4,8,-1,0,1,0,0,0,0,1,1,-1,9,2,53,8,1956,2,13,ALFA ROMEO GIULIETTA,7,E01019014,0,3
2024440513601,2024,440513601,2,9,0,18,19,2,6,0,0,1,0,0,0,0,3,1,2,2,1,46,8,1956,2,10,ALFA ROMEO GIULIETTA,6,E01017200,0,1
2024332400161,2024,332400161,2,9,0,-1,4,1,5,-1,0,1,0,0,0,0,2,1,-1,6,1,34,6,1956,2,9,ALFA ROMEO GIULIETTA,4,E01013782,0,1
2024201518304,2024,201518304,2,9,0,-1,15,5,1,-1,0,1,0,0,0,0,1,1,-1,6,2,30,6,1368,1,11,ALFA ROMEO GIULIETTA,-1,-1,0,-1
2024361459402,2024,361459402,4,9,0,-1,2,0,0,-1,0,2,0,0,0,0,4,1,-1,6,1,77,11,1956,2,13,ALFA ROMEO GIULIETTA,10,E01026811,0,1
2024520402533,2024,520402533,3,9,0,11,11,2,5,0,0,1,0,0,0,0,4,1,6,6,2,30,6,1956,2,13,ALFA ROMEO GIULIETTA,6,E01029321,0,4
2024010509026,2024,010509026,3,9,0,18,19,5,1,0,0,1,0,0,0,0,1,1,6,6,1,22,5,1368,1,9,ALFA ROMEO GIULIETTA,5,E01001524,0,2
2024070217247,2024,070217247,1,9,0,9,9,5,3,0,0,6,0,0,0,0,3,1,6,6,2,71,10,1368,1,10,ALFA ROMEO GIULIETTA,10,E01018339,0,2
2024320501763,2024,320501763,2,9,0,4,4,5,1,0,0,0,0,0,0,0,2,1,-1,-1,1,25,5,1368,1,11,ALFA ROMEO GIULIETTA,3,E01035668,0,5
2024440439807,2024,440439807,2,9,0,9,9,8,2,0,0,6,0,0,0,0,4,1,6,6,1,40,7,1956,2,13,ALFA ROMEO GIULIETTA,9,E01022788,0,1
2024501494422,2024,501494422,2,9,0,-1,19,8,4,-1,0,0,1,0,0,0,3,1,-1,6,1,18,4,1956,2,13,ALFA ROMEO GIULIETTA,3,E01018932,0,4
2024401539869,2024,401539869,1,9,0,-1,19,7,1,-1,0,4,0,0,0,0,1,1,-1,6,1,25,5,1368,1,8,ALFA ROMEO GIULIETTA,5,E01017475,0,1
2024440221878,2024,440221878,1,9,0,18,19,1,5,0,0,8,0,0,0,0,1,1,2,2,1,32,6,1956,2,14,ALFA ROMEO GIULIETTA,3,E01017193,0,1
2024421518451,2024,421518451,1,9,0,-1,3,7,1,-1,0,0,0,0,0,0,1,1,-1,6,1,-1,-1,1368,1,12,ALFA ROMEO GIULIETTA,-1,-1,0,-1
2024221473705,2024,221473705,1,9,0,-1,7,7,1,-1,0,2,0,0,0,0,1,9,-1,6,3,26,6,1368,1,13,ALFA ROMEO GIULIETTA,-1,-1,0,-1
2024361426348,2024,361426348,1,9,0,-1,19,7,4,-1,0,6,0,0,0,0,1,1,-1,9,1,33,6,1956,2,9,ALFA ROMEO GIULIETTA,4,E01026180,0,4
2024421523406,2024,421523406,4,9,0,-1,19,7,3,-1,0,0,0,0,0,0,2,1,-1,9,1,27,6,1368,1,10,ALFA ROMEO GIULIETTA,7,E01021737,0,2
202417L210424,2024,17L210424,2,9,0,-1,3,8,4,-1,0,0,0,0,0,0,2,1,-1,9,1,46,8,1598,2,13,ALFA ROMEO GIULIETTA,2,E01012165,0,2
2024010511119,2024,010511119,3,9,0,2,2,0,0,0,0,1,0,0,1,0,2,1,6,6,3,-1,-1,1368,1,10,ALFA ROMEO GIULIETTA,-1,-1,0,-1
2024161472246,2024,161472246,1,9,0,-1,3,1,5,-1,0,1,0,0,0,0,2,1,-1,2,2,31,6,1956,2,12,ALFA ROMEO GIULIETTA,1,E01012845,0,3
2024411493557,2024,411493557,2,9,0,-1,19,4,3,-1,0,0,0,0,0,0,3,1,-1,6,1,36,7,1956,2,10,ALFA ROMEO GIULIETTA,5,E01023720,0,1
2024131405792,2024,131405792,1,9,0,-1,19,7,3,-1,0,0,0,0,0,0,4,1,-1,6,1,29,6,1598,2,10,ALFA ROMEO GIULIETTA,1,E01006610,0,4
2024221523459,2024,221523459,1,9,0,-1,19,7,3,-1,0,0,0,0,0,0,1,1,-1,9,2,58,9,1368,1,7,ALFA ROMEO GIULIETTA,9,E01032396,0,1
2024211522295,2024,211522295,1,9,0,-1,4,3,8,-1,0,0,0,0,0,0,3,1,-1,7,2,66,10,1368,1,7,ALFA ROMEO GIULIETTA,7,E01032901,0,1
2024411463490,2024,411463490,2,9,0,-1,19,6,2,-1,0,1,1,0,0,0,1,1,-1,1,1,42,7,1742,1,10,ALFA ROMEO GIULIETTA,4,E01000189,0,4
2024440383347,2024,440383347,1,9,0,17,19,1,6,0,0,8,0,0,0,0,4,1,2,2,2,57,9,1598,2,13,ALFA ROMEO GIULIETTA,3,E01022487,0,2
2024311398808,2024,311398808,1,9,0,-1,2,3,8,-1,0,0,0,0,0,0,3,1,-1,2,2,57,9,1598,2,12,ALFA ROMEO GIULIETTA,2,E01028259,0,1
2024010522055,2024,010522055,2,9,0,2,2,0,0,0,0,1,0,0,0,0,1,1,6,6,3,-1,-1,1598,2,13,ALFA ROMEO GIULIETTA,-1,-1,0,-1
2024991428384,2024,991428384,2,9,0,-1,19,2,6,-1,0,0,2,0,0,0,3,1,-1,9,1,46,8,1598,2,13,ALFA ROMEO GIULIETTA,1,-1,0,4
2024471517944,2024,471517944,1,9,0,-1,19,7,3,-1,0,0,0,0,7,0,1,1,-1,9,2,22,5,1598,2,9,ALFA ROMEO GIULIETTA,6,E01017012,0,4
2024401535990,2024,401535990,1,9,0,-1,9,1,7,-1,0,8,0,0,0,0,3,1,-1,6,1,51,8,1368,1,14,ALFA ROMEO GIULIETTA,7,E01017455,0,1
2024361471361,2024,361471361,1,9,0,-1,19,5,1,-1,0,0,2,10,0,0,1,1,-1,2,1,57,9,1956,2,8,ALFA ROMEO GIULIETTA,3,E01026639,0,1
2024461397457,2024,461397457,1,9,0,-1,19,8,3,-1,0,0,0,0,0,0,3,9,-1,6,1,74,10,1368,1,6,ALFA ROMEO GIULIETTA,9,E01024088,0,1
2024320648133,2024,320648133,1,9,0,-1,-1,6,2,0,0,6,0,0,0,0,1,1,-1,-1,2,20,4,1956,2,14,ALFA ROMEO GIULIETTA,1,E01026374,0,4
2024430144670,2024,430144670,1,9,0,18,19,6,2,0,0,2,2,0,0,0,0,1,6,6,1,31,6,1368,1,5,ALFA ROMEO GIULIETTA,4,E01029834,0,4
2024131431222,2024,131431222,2,9,0,-1,19,3,7,-1,0,0,0,0,0,0,3,1,-1,6,1,53,8,1956,2,9,ALFA ROMEO GIULIETTA,3,E01013731,0,5
2024302401536,2024,302401536,2,9,0,14,14,5,1,0,0,0,0,0,0,0,1,1,2,2,1,33,6,1598,2,12,ALFA ROMEO GIULIETTA,1,E01013480,0,3
2024351477614,2024,351477614,2,9,-1,-1,-1,-1,-1,-1,-1,-1,-1,-1,-1,0,1,9,-1,6,1,43,7,1598,2,12,ALFA ROMEO GIULIETTA,4,E01035545,0,1
2024221512646,2024,221512646,1,9,0,-1,11,6,2,-1,0,0,0,0,0,0,1,9,-1,6,1,25,5,1368,1,9,ALFA ROMEO GIULIETTA,1,E01008916,0,4
2024010505251,2024,010505251,3,9,0,99,99,9,9,99,99,0,9,99,9,99,2,9,6,6,3,-1,-1,1368,1,10,ALFA ROMEO GIULIETTA,-1,-1,0,-1
2024401457095,2024,401457095,1,9,0,-1,9,5,3,-1,0,1,0,0,0,0,1,1,-1,2,1,64,9,1368,1,12,ALFA ROMEO GIULIETTA,5,E01017542,0,1
2024131490040,2024,131490040,2,9,0,-1,19,3,7,-1,0,1,0,0,0,0,4,1,-1,9,1,75,10,1956,2,12,ALFA ROMEO GIULIETTA,4,E01010865,0,1
2024471491205,2024,471491205,2,9,0,-1,2,0,0,-1,0,0,0,0,0,0,-1,9,-1,6,3,-1,-1,1598,2,10,ALFA ROMEO GIULIETTA,-1,-1,0,-1
2024141403278,2024,141403278,1,9,0,-1,9,8,6,-1,0,6,0,0,0,0,3,1,-1,2,1,18,4,1368,1,11,ALFA ROMEO GIULIETTA,3,E01007569,0,1
2024451509094,2024,451509094,1,9,0,-1,9,1,5,-1,0,2,0,0,0,0,1,1,-1,9,2,34,6,1368,1,14,ALFA ROMEO GIULIETTA,6,E01031557,0,3
2024332401193,2024,332401193,2,9,0,-1,9,7,6,-1,0,6,0,0,1,0,1,1,-1,2,1,40,7,1368,1,13,ALFA ROMEO GIULIETTA,10,E01025707,0,1
2024010515534,2024,010515534,1,9,0,99,99,9,9,99,99,9,9,99,9,99,2,9,6,6,1,50,8,1368,1,10,ALFA ROMEO GIULIETTA,6,E01000960,0,1
2024471412233,2024,471412233,1,9,0,-1,9,2,7,-1,0,6,0,0,0,0,3,1,-1,2,1,33,6,1598,2,9,ALFA ROMEO GIULIETTA,4,E01016860,0,1
2024010503237,2024,010503237,2,9,0,13,13,1,5,0,0,2,1,0,0,0,4,1,6,6,1,24,5,1742,1,10,ALFA ROMEO GIULIETTA,4,E01003025,0,2
2024320303926,2024,320303926,2,9,0,-1,-1,7,3,0,0,0,0,0,1,0,1,1,-1,-1,2,61,9,1956,2,13,ALFA ROMEO GIULIETTA,6,E01026244,0,1
2024031400030,2024,031400030,1,9,0,-1,19,4,4,-1,0,0,0,0,1,0,1,1,-1,2,1,67,10,1956,2,11,ALFA ROMEO GIULIETTA,6,E01019100,0,1
2024520402265,2024,520402265,1,9,0,9,9,2,6,0,0,8,0,0,0,0,1,1,6,6,1,55,8,1368,1,7,ALFA ROMEO GIULIETTA,7,E01029164,0,1
2024131475596,2024,131475596,2,9,0,-1,9,7,3,-1,0,8,0,0,0,0,1,1,-1,6,1,60,9,1956,2,9,ALFA ROMEO GIULIETTA,9,E01027904,0,3
2024122400394,2024,122400394,3,9,0,18,19,3,7,0,0,0,0,0,0,0,1,1,6,6,1,27,6,1368,1,13,ALFA ROMEO GIULIETTA,8,E01027702,0,3