collision_index,collision_year,collision_ref_no,vehicle_reference,vehicle_type,towing_and_articulation,vehicle_manoeuvre_historic,vehicle_manoeuvre,vehicle_direction_from,vehicle_direction_to,vehicle_location_restricted_lane_historic,vehicle_location_restricted_lane,junction_location,skidding_and_overturning,hit_object_in_carriageway,vehicle_leaving_carriageway,hit_object_off_carriageway,first_point_of_impact,vehicle_left_hand_drive,journey_purpose_of_driver_historic,journey_purpose_of_driver,sex_of_driver,age_of_driver,age_band_of_driver,engine_capacity_cc,propulsion_code,age_of_vehicle,generic_make_model,driver_imd_decile,lsoa_of_driver,escooter_flag,driver_distance_banding
2024440498211,2024,440498211,1,9,0,9,9,2,8,0,0,8,0,0,0,0,4,1,2,2,1,24,5,1956,2,13,ALFA ROMEO GIULIETTA,9,E01022754,0,1
2024411541247,2024,411541247,2,9,0,-1,-1,6,2,-1,-1,0,0,0,3,0,3,1,-1,-1,1,24,5,1368,1,13,ALFA ROMEO GIULIETTA,5,E01034297,0,4
2024361525145,2024,361525145,1,9,0,-1,-1,-1,-1,-1,-1,0,-1,-1,-1,0,-1,1,-1,6,2,39,7,1368,1,10,ALFA ROMEO GIULIETTA,7,E01026928,0,2
2024070656759,2024,070656759,1,9,0,4,4,7,3,0,0,0,0,0,0,0,1,1,6,6,1,21,5,1368,1,9,ALFA ROMEO GIULIETTA,6,E01030546,0,5
2024311508536,2024,311508536,2,9,0,-1,19,2,6,-1,0,1,0,0,0,0,1,1,-1,6,1,-1,-1,1368,1,12,ALFA ROMEO GIULIETTA,8,E01028118,0,1
2024320440467,2024,320440467,2,4,0,-1,-1,2,8,0,0,1,1,0,7,0,3,1,6,6,1,57,9,821,1,3,MAKE AND MODEL REDACTED,7,E01013326,0,4
2024991444344,2024,991444344,1,5,0,-1,13,6,2,-1,0,0,0,0,1,0,1,1,-1,6,1,37,7,821,1,4,MAKE AND MODEL REDACTED,-1,-1,0,-1
2024070899824,2024,070899824,2,5,0,-1,19,3,7,-1,0,4,0,0,0,0,0,1,-1,6,1,75,10,680,1,17,MAKE AND MODEL REDACTED,5,E01018514,0,3
2024010543219,2024,010543219,1,5,0,99,99,9,9,99,99,9,9,99,9,99,1,1,6,6,1,31,6,680,1,16,MAKE AND MODEL REDACTED,2,E01001767,0,1
2024221427532,2024,221427532,2,5,0,-1,19,1,5,-1,0,8,1,0,0,0,1,1,-1,9,1,63,9,680,1,18,MAKE AND MODEL REDACTED,5,E01014009,0,4
2024522402315,2024,522402315,1,5,0,18,19,4,8,0,0,8,0,0,0,0,3,1,6,6,1,57,9,680,1,17,MAKE AND MODEL REDACTED,4,E01014924,0,1
2024430522533,2024,430522533,2,4,0,18,19,8,4,0,0,1,0,0,0,0,4,1,6,6,1,56,9,680,1,17,MAKE AND MODEL REDACTED,10,E01016664,0,1
2024531535561,2024,531535561,1,5,0,-1,19,1,5,-1,0,0,5,0,0,0,1,1,-1,9,1,62,9,680,1,15,MAKE AND MODEL REDACTED,5,E01019679,0,5
2024010525860,2024,010525860,2,5,0,17,19,1,5,0,0,4,0,0,0,0,1,1,2,2,1,49,8,680,1,16,MAKE AND MODEL REDACTED,-1,-1,0,-1
2024141493382,2024,141493382,1,9,0,-1,4,5,8,-1,0,1,0,0,0,0,1,9,-1,6,1,65,9,998,1,0,MAKE AND MODEL REDACTED,8,E01007891,0,2
2024461483058,2024,461483058,3,9,0,-1,3,2,3,-1,0,0,0,0,0,0,2,1,-1,9,1,80,11,998,1,0,MAKE AND MODEL REDACTED,2,E01023974,0,2
2024520402216,2024,520402216,2,10,0,18,19,6,2,0,0,0,0,0,0,0,3,1,6,6,2,52,8,-1,-1,-1,MAKE AND MODEL REDACTED,5,E01029054,0,4
2024440104003,2024,440104003,1,9,0,18,19,8,4,0,0,0,0,0,0,0,1,1,6,6,1,37,7,1991,2,15,MAKE AND MODEL REDACTED,4,E01008406,0,5
2024522401510,2024,522401510,1,9,0,18,19,8,4,0,0,0,0,4,0,0,1,1,6,6,3,-1,-1,1997,1,19,MAKE AND MODEL REDACTED,-1,-1,0,-1
2024421477160,2024,421477160,2,3,0,-1,19,7,3,-1,0,0,2,0,0,0,1,1,-1,9,1,17,4,125,1,9,KTM 125 DUKE,3,E01015882,0,1
2024010548526,2024,010548526,1,3,0,18,19,2,6,0,0,1,0,0,0,0,4,1,2,2,1,27,6,125,1,6,KTM 125 DUKE,4,E01021779,0,2
2024010521355,2024,010521355,2,3,0,18,19,7,3,0,0,1,0,0,0,0,1,1,6,6,1,25,5,125,1,4,KTM 125 DUKE,1,E01021323,0,4
2024101534712,2024,101534712,2,3,0,-1,19,7,3,-1,0,1,1,4,0,0,1,1,-1,6,-1,-1,-1,125,1,8,KTM 125 DUKE,-1,-1,0,-1
2024340NN0092,2024,340NN0092,2,3,0,-1,9,7,5,-1,0,8,0,0,0,0,1,1,-1,9,1,41,7,125,1,13,KTM 125 DUKE,7,E01027354,0,2
2024332400701,2024,332400701,1,3,0,-1,19,1,5,-1,0,0,1,0,0,0,1,1,-1,6,1,19,4,125,1,6,KTM 125 DUKE,3,E01034002,0,1
2024131500791,2024,131500791,1,3,0,-1,19,1,5,-1,0,0,0,4,0,0,1,1,-1,6,-1,-1,-1,125,1,3,KTM 125 DUKE,-1,-1,0,-1
2024131562421,2024,131562421,1,3,0,-1,19,6,2,-1,0,8,0,0,0,0,4,1,-1,2,1,17,4,125,1,6,KTM 125 DUKE,4,E01011218,0,1
2024302401225,2024,302401225,2,4,0,18,19,8,4,0,0,2,0,0,0,0,1,1,6,6,1,19,4,125,1,5,KTM 125 DUKE,3,E01034648,0,1
2024411579029,2024,411579029,2,3,0,-1,13,1,5,-1,0,1,0,0,0,0,1,1,-1,6,1,32,6,125,1,5,KTM 125 DUKE,8,E01023692,0,1
2024361444314,2024,361444314,1,3,0,-1,14,5,2,-1,0,1,0,0,0,0,1,1,-1,2,1,24,5,125,1,2,KTM 125 DUKE,2,E01026798,0,1
2024481437284,2024,481437284,2,3,0,-1,19,1,5,-1,0,0,0,0,0,0,1,1,-1,2,1,23,5,125,1,2,KTM 125 DUKE,-1,-1,0,-1
2024421415960,2024,421415960,1,3,0,-1,19,7,3,-1,0,0,0,0,0,0,1,1,-1,9,1,18,4,125,1,1,KTM 125 DUKE,-1,-1,0,-1
2024231399299,2024,231399299,1,3,0,-1,13,2,6,-1,0,1,0,0,0,0,2,1,-1,6,1,28,6,125,1,5,KTM 125 DUKE,4,E01031133,0,1
2024451426501,2024,451426501,2,3,0,-1,19,7,3,-1,0,0,0,0,0,0,0,1,-1,9,1,27,6,125,1,3,KTM 125 DUKE,3,E01030608,0,1
2024451531631,2024,451531631,1,3,0,-1,9,2,6,-1,0,8,2,0,0,0,3,1,-1,9,1,18,4,125,1,0,KTM 125 DUKE,6,E01031796,0,4
2024421479712,2024,421479712,1,3,0,-1,19,3,7,-1,0,0,0,0,0,0,1,1,-1,2,1,30,6,125,1,0,KTM 125 DUKE,4,E01021425,0,1
2024451527776,2024,451527776,1,3,0,-1,19,1,5,-1,0,0,1,0,1,10,2,1,-1,2,2,30,6,125,1,11,KTM 125 DUKE,4,E01034288,0,2
2024461518311,2024,461518311,2,3,0,-1,15,2,6,-1,0,2,1,0,0,0,1,1,-1,2,1,17,4,125,1,0,KTM 125 DUKE,5,E01024703,0,2
2024610021024,2024,610021024,1,3,0,18,19,4,8,0,0,0,0,0,0,0,1,1,6,6,1,29,6,125,1,2,KTM 125 DUKE,2,W01001620,0,1
2024430305556,2024,430305556,2,3,0,15,15,7,2,0,0,8,0,0,0,0,3,1,6,6,1,31,6,125,1,3,KTM 125 DUKE,6,E01001295,0,3
2024311477076,2024,311477076,2,3,0,-1,13,5,1,-1,0,0,2,10,0,0,1,1,-1,6,1,21,5,125,1,0,KTM 125 DUKE,3,E01028030,0,1
2024131476723,2024,131476723,1,3,0,-1,19,5,1,-1,0,0,1,0,0,0,1,1,-1,6,1,22,5,125,1,10,KTM 125 DUKE,4,E01011808,0,1
2024471463725,2024,471463725,1,3,0,-1,19,5,1,-1,0,0,1,0,7,0,4,1,-1,9,1,28,6,125,1,5,KTM 125 DUKE,8,E01001027,0,4
2024430174504,2024,430174504,1,3,0,11,11,5,1,0,0,0,0,0,0,0,1,1,6,6,1,19,4,125,1,3,KTM 125 DUKE,9,E01035267,0,1
2024440236312,2024,440236312,1,3,0,18,19,2,6,0,0,1,0,0,0,0,1,1,6,6,1,27,6,125,1,4,KTM 125 DUKE,4,E01017262,0,1
2024461461066,2024,461461066,1,3,0,-1,19,4,8,-1,0,0,1,0,0,0,1,1,-1,2,1,35,6,125,1,2,KTM 125 DUKE,9,E01024757,0,3
2024522402416,2024,522402416,2,5,0,18,19,6,2,0,0,8,0,0,0,0,1,1,6,6,1,33,6,125,1,1,KTM 125 DUKE,5,E01014925,0,4
2024440385983,2024,440385983,2,4,0,18,19,6,2,0,0,8,0,0,0,0,1,1,6,6,1,17,4,125,1,4,KTM 125 DUKE,4,E01023121,0,1
2024401486864,2024,401486864,1,3,0,-1,19,3,8,-1,0,3,0,0,0,0,4,1,-1,6,1,20,4,125,1,5,KTM 125 DUKE,3,E01017515,0,1
2024302401708,2024,302401708,1,4,0,7,7,7,1,0,0,8,1,0,0,0,1,1,6,6,1,25,5,125,1,5,KTM 125 DUKE,5,E01019649,0,1
2024131527425,2024,131527425,2,3,0,-1,19,1,5,-1,0,1,0,0,0,0,3,1,-1,6,1,22,5,125,1,7,KTM 125 DUKE,1,E01011003,0,1
2024520402919,2024,520402919,1,3,0,18,19,4,8,0,0,8,0,0,0,0,1,1,6,6,1,18,4,125,1,4,KTM 125 DUKE,8,E01014418,0,1
2024522402891,2024,522402891,1,3,0,13,13,2,6,0,0,8,0,0,0,0,1,1,6,6,1,17,4,125,1,3,KTM 125 DUKE,5,E01033339,0,1
2024161483545,2024,161483545,2,3,0,-1,13,6,2,-1,0,1,0,0,2,0,1,1,-1,9,1,17,4,125,1,0,KTM 125 DUKE,4,E01012947,0,1
2024010539681,2024,010539681,2,3,0,13,13,7,3,0,0,1,2,0,0,0,1,1,2,2,1,30,6,125,1,5,KTM 125 DUKE,4,E01023906,0,2
2024520000141,2024,520000141,2,3,0,13,13,7,3,0,0,0,0,0,0,0,1,1,6,6,1,17,4,125,1,0,KTM 125 DUKE,10,E01014384,0,1
2024411423553,2024,411423553,2,4,0,-1,19,8,4,-1,9,1,0,0,1,2,1,1,-1,6,1,18,4,125,1,7,KTM 125 DUKE,4,E01023738,0,1
2024131507885,2024,131507885,2,3,0,-1,19,5,1,-1,0,0,5,0,0,0,1,1,-1,2,1,17,4,125,1,12,KTM 125 DUKE,7,E01010899,0,1
2024451434236,2024,451434236,1,3,0,-1,19,4,7,-1,0,0,5,0,0,0,1,1,-1,6,1,19,4,125,1,5,KTM 125 DUKE,9,E01030331,0,1
2024991489380,2024,991489380,1,3,0,-1,19,3,7,-1,0,1,0,0,0,0,1,1,-1,6,1,17,4,125,1,3,KTM 125 DUKE,2,-1,0,1
2024501482173,2024,501482173,2,3,0,-1,19,7,3,-1,0,1,0,0,0,0,1,1,-1,9,1,21,5,125,1,1,KTM 125 DUKE,3,E01015150,0,1
2024531503278,2024,531503278,2,3,0,-1,19,6,2,-1,0,8,0,0,0,0,1,1,-1,1,1,46,8,125,1,3,KTM 125 DUKE,7,E01022414,0,1
2024610036624,2024,610036624,1,5,0,18,19,7,3,0,0,1,1,0,0,0,1,1,6,6,1,18,4,125,1,12,KTM 125 DUKE,5,W01001412,0,2
2024041478642,2024,041478642,1,3,0,-1,19,1,1,-1,0,0,1,0,0,0,1,1,-1,9,1,18,4,125,1,11,KTM 125 DUKE,1,E01024882,0,1
2024622400153,2024,622400153,1,3,0,18,19,2,6,0,0,1,0,0,0,0,0,1,6,6,2,17,4,125,1,7,KTM 125 DUKE,6,W01000701,0,4
2024461469071,2024,461469071,1,3,0,-1,19,7,3,-1,0,0,0,0,1,0,4,1,-1,9,1,48,8,125,1,5,KTM 125 DUKE,8,E01032816,0,2
2024371532830,2024,371532830,1,3,0,-1,14,3,7,-1,0,0,0,0,7,0,4,1,-1,6,1,20,4,125,1,1,KTM 125 DUKE,10,E01030179,0,1
2024421432781,2024,421432781,1,3,0,-1,19,7,3,-1,0,2,0,0,0,0,3,1,-1,9,1,22,5,125,1,7,KTM 125 DUKE,5,E01022010,0,2
2024010522691,2024,010522691,2,3,0,13,13,1,5,0,0,1,0,0,0,0,1,1,6,6,1,17,4,125,1,4,KTM 125 DUKE,4,E01003165,0,1
2024141458058,2024,141458058,1,3,0,-1,14,2,6,-1,0,1,0,0,0,0,4,1,-1,9,1,17,4,125,1,5,KTM 125 DUKE,2,E01007579,0,1
202460Q066760,2024,60Q066760,2,4,0,18,19,5,2,0,0,1,1,0,0,0,1,1,6,6,1,30,6,125,1,3,KTM 125 DUKE,-1,-1,0,-1
2024531475832,2024,531475832,1,3,0,-1,15,8,4,-1,0,1,0,0,7,0,1,1,-1,9,1,25,5,125,1,0,KTM 125 DUKE,5,E01022441,0,4
2024332401026,2024,332401026,2,4,0,-1,19,7,3,-1,0,0,0,0,0,0,1,1,-1,6,1,29,6,125,1,12,KTM 125 DUKE,-1,-1,0,-1
2024440537934,2024,440537934,2,3,0,18,19,1,5,0,0,8,0,0,0,0,1,1,6,6,1,21,5,125,1,2,KTM 125 DUKE,8,E01022889,0,1
2024991486914,2024,991486914,2,3,0,-1,19,7,4,-1,0,0,0,0,0,0,4,1,-1,9,1,28,6,125,1,0,KTM 125 DUKE,3,-1,0,1
2024311455941,2024,311455941,1,3,0,-1,19,1,5,-1,0,0,1,0,8,0,1,1,-1,6,1,35,6,125,1,0,KTM 125 DUKE,3,E01028339,0,2
2024430355867,2024,430355867,2,4,0,18,19,8,4,0,0,8,0,0,0,0,1,1,1,1,1,25,5,125,1,5,KTM 125 DUKE,8,E01017694,0,1
2024622400111,2024,622400111,2,3,0,18,19,8,4,0,0,1,0,0,0,0,1,1,6,6,1,23,5,125,1,6,KTM 125 DUKE,8,W01001214,0,1
2024052401092,2024,052401092,2,4,0,18,19,6,2,0,0,8,0,0,0,0,1,1,6,6,1,20,4,125,1,3,KTM 125 DUKE,2,E01006910,0,1
2024461474017,2024,461474017,2,3,0,-1,19,5,1,-1,0,1,1,0,0,0,1,1,-1,2,1,33,6,125,1,0,KTM 125 DUKE,4,E01016048,0,3
2024010520470,2024,010520470,1,3,0,18,19,1,5,0,0,8,0,0,0,0,1,1,6,6,1,21,5,125,1,2,KTM 125 DUKE,4,E01002397,0,2
2024552400696,2024,552400696,2,3,0,18,19,2,6,0,0,8,0,0,0,0,1,1,6,6,1,17,4,125,1,11,KTM 125 DUKE,5,E01020412,0,2
2024010508240,2024,010508240,2,3,0,18,19,4,8,0,0,0,0,0,0,0,1,1,6,6,2,18,4,125,1,4,KTM 125 DUKE,5,E01002299,0,1
2024041458962,2024,041458962,1,3,0,-1,19,7,3,-1,0,1,5,0,0,0,1,1,-1,9,1,22,5,125,1,9,KTM 125 DUKE,-1,-1,0,-1
2024131453937,2024,131453937,2,3,0,-1,19,4,8,-1,0,0,5,0,0,0,3,1,-1,6,1,17,4,125,1,1,KTM 125 DUKE,6,E01011548,0,2
2024411542974,2024,411542974,1,3,0,-1,5,2,6,-1,0,4,0,0,0,0,2,1,-1,6,1,23,5,125,1,6,KTM 125 DUKE,3,E01002408,0,4
2024421482851,2024,421482851,1,3,0,-1,4,1,5,-1,0,0,0,0,0,0,1,1,-1,2,1,17,4,125,1,9,KTM 125 DUKE,4,E01021853,0,1
2024221468620,2024,221468620,2,3,0,-1,19,2,6,-1,0,8,0,0,0,0,1,1,-1,6,1,54,8,125,1,0,KTM 125 DUKE,10,E01032325,0,2
2024211532529,2024,211532529,2,4,0,-1,14,1,5,-1,0,1,0,0,0,0,1,1,-1,2,2,23,5,125,1,5,KTM 125 DUKE,-1,-1,0,-1
2024061459675,2024,061459675,2,3,0,-1,19,3,7,-1,0,1,0,0,0,0,1,1,-1,6,1,18,4,125,1,10,KTM 125 DUKE,4,E01004890,0,1
2024010509658,2024,010509658,1,3,0,18,19,5,1,0,0,1,0,0,0,0,1,1,6,6,1,24,5,125,1,1,KTM 125 DUKE,7,E01021220,0,4
2024991530448,2024,991530448,2,4,0,-1,4,7,3,-1,0,1,0,0,0,0,4,1,-1,9,1,28,6,125,1,4,KTM 125 DUKE,-1,-1,0,-1
2024991455016,2024,991455016,2,3,0,-1,4,7,2,-1,0,1,1,0,0,0,1,1,-1,9,1,27,6,125,1,2,KTM 125 DUKE,2,-1,0,4
2024010550700,2024,010550700,1,3,0,18,19,7,3,0,0,2,0,11,2,2,1,1,6,6,1,40,7,125,1,2,KTM 125 DUKE,-1,-1,0,-1
2024131490828,2024,131490828,1,4,0,-1,19,2,6,-1,0,8,1,0,1,0,3,1,-1,1,1,50,8,125,1,2,KTM 125 DUKE,10,E01011894,0,1
2024061458860,2024,061458860,2,3,0,-1,15,8,4,-1,0,8,0,0,0,0,1,1,-1,6,1,24,5,125,1,1,KTM 125 DUKE,-1,-1,0,-1
2024421444959,2024,421444959,1,4,0,-1,19,1,5,-1,0,0,0,11,7,0,1,1,-1,6,1,26,6,125,1,1,KTM 125 DUKE,-1,-1,0,-1
2024302500268,2024,302500268,2,4,0,-1,19,7,3,-1,0,0,0,0,0,0,1,1,-1,6,1,20,4,125,1,2,KTM 125 DUKE,8,E01019735,0,1
2024010512320,2024,010512320,2,3,0,18,19,1,5,0,0,1,0,0,0,0,1,1,1,1,1,46,8,125,1,1,KTM 125 DUKE,2,E01003592,0,2
202460Q055758,2024,60Q055758,2,3,0,14,14,5,1,0,0,0,5,0,0,0,3,1,6,6,1,18,4,125,1,9,KTM 125 DUKE,-1,-1,0,-1
2024461502758,2024,461502758,2,3,0,-1,19,3,7,-1,0,0,2,0,1,0,2,1,-1,1,1,17,4,125,1,4,KTM 125 DUKE,6,E01000803,0,4
2024440336497,2024,440336497,1,3,0,18,19,2,6,0,0,0,0,0,0,0,1,1,1,1,1,25,5,125,1,3,KTM 125 DUKE,3,E01022482,0,1
2024421501121,2024,421501121,2,3,0,-1,20,7,3,-1,0,2,0,0,0,0,3,1,-1,2,1,18,4,125,1,2,KTM 125 DUKE,8,E01021405,0,1
2024141521389,2024,141521389,1,3,0,-1,13,7,3,-1,0,0,0,0,0,0,1,1,-1,6,1,21,5,125,1,12,KTM 125 DUKE,2,E01007595,0,2
2024361498831,2024,361498831,1,3,0,-1,19,8,4,-1,0,0,0,0,7,0,1,1,-1,9,1,18,4,125,1,12,KTM 125 DUKE,-1,-1,0,-1
2024332400085,2024,332400085,2,3,0,-1,13,5,1,-1,0,8,0,0,0,0,1,1,-1,2,1,49,8,125,1,4,KTM 125 DUKE,2,E01013687,0,1
2024622400579,2024,622400579,2,4,0,18,19,8,4,0,0,8,0,0,0,0,1,1,6,6,1,18,4,125,1,5,KTM 125 DUKE,5,W01001111,0,4
2024070856407,2024,070856407,1,3,0,-1,19,6,2,-1,0,1,2,0,1,2,1,1,-1,9,1,18,4,125,1,4,KTM 125 DUKE,1,E01012453,0,4
2024101485800,2024,101485800,1,3,0,-1,15,2,6,-1,0,0,1,0,0,0,4,1,-1,6,1,38,7,125,1,11,KTM 125 DUKE,-1,-1,0,-1
2024131535195,2024,131535195,2,3,0,-1,13,7,3,-1,0,0,0,0,0,0,4,1,-1,2,1,33,6,125,1,1,KTM 125 DUKE,10,E01007430,0,3
2024201469000,2024,201469000,2,3,0,-1,19,1,5,-1,0,1,0,10,1,11,1,1,-1,6,-1,-1,-1,125,1,10,KTM 125 DUKE,-1,-1,0,-1
2024371400695,2024,371400695,2,3,0,-1,19,-1,-1,-1,0,3,0,0,7,0,4,1,-1,2,1,23,5,125,1,2,KTM 125 DUKE,7,E01030051,0,3
2024141481571,2024,141481571,1,3,0,-1,19,1,5,-1,9,8,0,0,7,0,1,1,-1,6,1,18,4,125,1,7,KTM 125 DUKE,1,E01007495,0,2
2024010517879,2024,010517879,3,4,0,18,19,3,7,0,0,8,1,0,0,0,3,1,6,6,1,22,5,125,1,5,KTM 125 DUKE,6,E01002563,0,1
2024340WN0792,2024,340WN0792,2,3,0,-1,19,3,7,-1,0,3,0,0,0,0,2,1,-1,9,1,17,4,125,1,6,KTM 125 DUKE,9,E01027018,0,2
2024221436263,2024,221436263,1,3,0,-1,19,8,4,-1,0,0,0,0,0,0,1,1,-1,6,1,40,7,125,1,1,KTM 125 DUKE,8,E01013990,0,2
2024501491010,2024,501491010,2,3,0,-1,19,7,3,-1,0,4,1,0,0,0,4,1,-1,2,1,18,4,125,1,2,KTM 125 DUKE,6,E01020159,0,2
2024231515312,2024,231515312,1,3,0,-1,19,5,1,-1,0,4,0,0,0,0,1,1,-1,9,1,18,4,125,1,5,KTM 125 DUKE,1,E01035017,0,1
2024332400564,2024,332400564,2,4,0,-1,6,3,3,-1,0,0,0,0,0,0,1,1,-1,2,1,26,6,125,1,5,KTM 125 DUKE,4,E01025931,0,1
2024052401829,2024,052401829,2,4,0,18,19,6,2,0,0,1,0,0,0,0,1,1,6,6,1,17,4,125,1,0,KTM 125 DUKE,1,E01006480,0,1
2024010524797,2024,010524797,10,3,0,2,2,0,0,0,0,0,5,0,0,0,3,1,6,6,3,-1,-1,125,1,12,KTM 125 DUKE,-1,-1,0,-1
2024421427082,2024,421427082,2,3,0,-1,-1,-1,-1,-1,-1,-1,-1,-1,-1,0,-1,1,-1,6,1,19,4,125,1,6,KTM 125 DUKE,3,E01015868,0,3
2024421423853,2024,421423853,1,3,0,-1,19,7,3,-1,0,1,0,0,0,0,0,1,-1,6,1,27,6,125,1,4,KTM 125 DUKE,3,E01021888,0,1
2024430218440,2024,430218440,1,3,0,9,9,1,5,0,0,6,0,0,0,0,1,1,6,6,1,17,4,125,1,1,KTM 125 DUKE,-1,-1,0,-1
2024440505314,2024,440505314,1,3,0,18,19,3,7,0,0,4,0,0,0,0,1,1,2,2,2,19,4,125,1,2,KTM 125 DUKE,8,E01030869,0,3
2024430425590,2024,430425590,2,3,0,14,14,5,1,0,0,0,1,0,0,0,1,1,6,6,1,21,5,125,1,1,KTM 125 DUKE,3,E01016444,0,1
2024010546909,2024,010546909,2,3,0,18,19,1,5,0,0,8,0,0,0,0,4,1,2,2,1,25,5,125,1,0,KTM 125 DUKE,4,E01002241,0,1
2024451418913,2024,451418913,1,3,0,-1,19,2,6,-1,0,8,5,0,0,0,3,1,-1,2,1,24,5,125,1,4,KTM 125 DUKE,3,E01002543,0,3
2024430305556,2024,430305556,1,3,0,18,19,7,2,0,0,8,0,0,0,0,4,1,2,2,1,30,6,125,1,3,KTM 125 DUKE,5,E01001315,0,3
2024351539283,2024,351539283,1,3,0,-1,4,8,3,-1,0,0,2,0,0,0,1,1,-1,6,1,28,6,125,1,0,KTM 125 DUKE,8,E01018021,0,4
2024501511717,2024,501511717,1,3,0,-1,19,2,6,-1,0,4,1,0,0,0,4,1,-1,2,1,27,6,125,1,4,KTM 125 DUKE,5,E01018972,0,1
2024522402842,2024,522402842,1,3,0,18,19,5,1,0,0,0,0,7,0,0,1,1,6,6,1,35,6,125,1,8,KTM 125 DUKE,2,E01014630,0,1
2024552401246,2024,552401246,2,3,0,14,14,3,7,0,0,8,0,0,0,0,1,1,6,6,1,17,4,125,1,4,KTM 125 DUKE,4,E01034278,0,2
2024430190983,2024,430190983,1,3,0,18,19,7,3,0,0,0,0,12,0,0,1,1,6,6,2,20,4,125,1,6,KTM 125 DUKE,9,E01028778,0,2
2024122401265,2024,122401265,1,4,0,16,19,2,6,0,0,0,1,0,0,0,0,1,6,6,1,19,4,125,1,6,KTM 125 DUKE,7,E01027667,0,3
2024421468518,2024,421468518,1,3,0,-1,9,3,6,-1,0,1,1,0,0,0,1,1,-1,6,1,26,6,125,1,8,KTM 125 DUKE,7,E01015878,0,1
2024221399355,2024,221399355,2,3,0,-1,19,3,7,-1,0,8,0,0,0,0,1,1,-1,6,1,36,7,125,1,12,KTM 125 DUKE,3,E01014145,0,1
2024131432723,2024,131432723,2,3,0,-1,13,1,5,-1,0,0,0,0,0,0,4,1,-1,1,1,27,6,125,1,6,KTM 125 DUKE,5,E01011248,0,1
2024371502742,2024,371502742,2,3,0,-1,19,1,5,-1,0,0,1,0,2,0,1,1,-1,9,1,20,4,125,1,7,KTM 125 DUKE,6,E01018035,0,3
2024531525480,2024,531525480,2,2,0,-1,10,3,7,-1,0,0,0,0,0,0,2,1,-1,6,1,17,4,125,1,4,KTM 125 DUKE,8,E01022298,0,1
2024991403123,2024,991403123,1,3,0,-1,19,6,2,-1,0,1,0,0,0,0,1,1,-1,6,1,20,4,125,1,1,KTM 125 DUKE,7,-1,0,1
2024371449771,2024,371449771,2,3,0,-1,19,5,1,-1,0,1,0,0,0,0,3,1,-1,6,1,41,7,125,1,1,KTM 125 DUKE,5,E01030030,0,1
2024461400807,2024,461400807,1,3,0,-1,13,7,3,-1,0,8,0,0,0,0,4,1,-1,9,1,17,4,125,1,4,KTM 125 DUKE,4,E01024377,0,2
2024010534693,2024,010534693,1,3,0,14,14,5,1,0,0,1,1,0,0,0,1,1,6,6,1,22,5,125,1,4,KTM 125 DUKE,7,E01000573,0,1
2024501490165,2024,501490165,1,3,0,-1,19,2,6,-1,0,0,0,0,0,0,1,1,-1,6,1,25,5,125,1,8,KTM 125 DUKE,7,E01019025,0,1
2024131498412,2024,131498412,2,3,0,-1,14,1,5,-1,0,1,5,0,0,0,1,1,-1,9,1,21,5,125,1,2,KTM 125 DUKE,2,E01011754,0,1
2024070659746,2024,070659746,2,3,0,13,13,2,6,0,0,0,0,0,0,0,1,1,2,2,1,17,4,125,1,0,KTM 125 DUKE,7,E01018395,0,1
2024041402935,2024,041402935,1,3,0,-1,19,5,1,-1,0,1,0,0,0,0,1,1,-1,6,1,20,4,125,1,1,KTM 125 DUKE,10,E01025160,0,1
2024161464320,2024,161464320,1,3,0,-1,9,3,5,-1,0,8,0,0,0,0,1,1,-1,6,1,35,6,125,1,1,KTM 125 DUKE,1,E01013299,0,1
2024302400174,2024,302400174,2,5,0,18,19,1,5,0,0,0,0,0,0,0,1,1,2,2,1,18,4,125,1,12,KTM 125 DUKE,1,E01013583,0,1
2024351479648,2024,351479648,1,4,0,-1,9,5,3,-1,0,1,0,0,0,0,1,1,-1,6,1,18,4,125,1,5,KTM 125 DUKE,5,E01017960,0,1
2024501522985,2024,501522985,1,3,0,-1,19,1,5,-1,0,1,5,0,0,0,1,1,-1,9,1,17,4,125,1,3,KTM 125 DUKE,4,E01018908,0,3
2024131526444,2024,131526444,2,4,0,-1,19,3,4,-1,0,3,0,0,0,0,2,1,-1,2,1,19,4,125,1,3,KTM 125 DUKE,5,E01011820,0,2
2024041499896,2024,041499896,3,3,0,-1,19,8,4,-1,0,0,0,0,0,0,0,1,-1,9,1,25,5,125,1,3,KTM 125 DUKE,3,E01025143,0,1
2024549429224,2024,549429224,1,3,0,18,19,7,3,0,0,1,0,0,0,0,1,1,6,6,1,18,4,125,1,10,KTM 125 DUKE,7,E01032696,0,1
2024471452712,2024,471452712,1,3,0,-1,13,7,3,-1,0,8,1,0,7,11,4,1,-1,9,1,18,4,125,1,10,KTM 125 DUKE,6,E01021054,0,1
2024461482106,2024,461482106,2,3,0,-1,19,5,4,-1,0,1,0,0,0,0,4,1,-1,6,1,21,5,125,1,1,KTM 125 DUKE,9,E01024300,0,1
2024371423983,2024,371423983,2,3,0,-1,19,1,5,-1,0,1,0,0,0,0,1,1,-1,9,1,18,4,125,1,2,KTM 125 DUKE,8,E01030043,0,1
2024461459030,2024,461459030,2,3,0,-1,9,2,3,-1,0,4,0,0,0,0,4,1,-1,9,1,22,5,125,1,2,KTM 125 DUKE,10,E01024445,0,1