collision_index,collision_year,collision_ref_no,vehicle_reference,vehicle_type,towing_and_articulation,vehicle_manoeuvre_historic,vehicle_manoeuvre,vehicle_direction_from,vehicle_direction_to,vehicle_location_restricted_lane_historic,vehicle_location_restricted_lane,junction_location,skidding_and_overturning,hit_object_in_carriageway,vehicle_leaving_carriageway,hit_object_off_carriageway,first_point_of_impact,vehicle_left_hand_drive,journey_purpose_of_driver_historic,journey_purpose_of_driver,sex_of_driver,age_of_driver,age_band_of_driver,engine_capacity_cc,propulsion_code,age_of_vehicle,generic_make_model,driver_imd_decile,lsoa_of_driver,escooter_flag,driver_distance_banding
2024010539140,2024,010539140,1,9,0,18,19,3,7,0,0,8,0,0,0,0,1,1,6,6,2,62,9,3456,8,13,LEXUS RX 450,4,E01002841,0,1
2024010551057,2024,010551057,2,9,0,2,2,0,0,0,0,1,0,0,0,0,0,1,6,6,3,-1,-1,3456,8,14,LEXUS RX 450,-1,-1,0,-1
2024320304643,2024,320304643,2,9,0,4,4,2,6,0,0,0,0,0,0,0,2,1,6,6,1,61,9,2487,8,1,LEXUS RX 450,7,E01013224,0,3
2024041461694,2024,041461694,2,9,0,-1,19,5,1,-1,0,0,0,0,0,0,4,1,-1,9,1,62,9,3456,8,5,LEXUS RX 450,7,E01025568,0,1
2024131421605,2024,131421605,2,9,0,-1,-1,-1,-1,-1,-1,0,-1,-1,-1,0,-1,1,-1,6,1,48,8,3456,8,5,LEXUS RX 450,7,E01011556,0,1
2024451470532,2024,451470532,1,9,0,-1,9,5,1,-1,0,8,0,0,0,0,3,1,-1,9,2,60,9,3456,8,3,LEXUS RX 450,10,E01016237,0,1
2024320671403,2024,320671403,1,9,0,-1,-1,7,3,0,0,6,0,0,1,2,1,1,-1,-1,1,35,6,3456,8,8,LEXUS RX 450,4,E01026032,0,1
2024010522669,2024,010522669,2,9,0,18,19,3,7,0,0,1,0,99,0,0,9,1,6,6,2,-1,-1,3456,8,15,LEXUS RX 450,9,E01003682,0,1
2024401449549,2024,401449549,2,9,0,-1,19,7,3,-1,0,0,0,0,0,0,1,1,-1,6,2,73,10,3456,8,15,LEXUS RX 450,7,E01017410,0,2
2024340WN3262,2024,340WN3262,1,9,0,-1,13,5,3,-1,0,1,0,0,0,0,1,1,-1,6,3,-1,-1,3456,8,9,LEXUS RX 450,-1,-1,0,-1
2024010516608,2024,010516608,1,9,0,99,99,9,9,99,99,9,9,99,9,99,2,9,6,6,1,48,8,3456,8,15,LEXUS RX 450,4,E01000029,0,1
2024010520112,2024,010520112,2,9,0,18,19,9,9,99,99,9,9,99,9,99,1,9,6,6,1,60,9,3456,8,14,LEXUS RX 450,-1,-1,0,-1
2024010536092,2024,010536092,1,9,0,99,99,9,9,99,99,9,9,99,9,99,0,9,6,6,3,-1,-1,3456,8,11,LEXUS RX 450,-1,-1,0,-1
2024221441215,2024,221441215,1,9,0,-1,4,4,8,-1,0,1,0,0,0,0,2,9,-1,6,2,41,7,3456,8,9,LEXUS RX 450,10,E01032326,0,1
2024010495007,2024,010495007,1,9,0,18,19,3,7,0,0,1,0,0,0,0,2,1,6,6,1,64,9,3456,8,14,LEXUS RX 450,3,E01003334,0,1
2024451520972,2024,451520972,2,9,0,-1,4,1,5,-1,0,0,0,0,0,0,2,1,-1,2,1,51,8,3456,8,4,LEXUS RX 450,10,E01030874,0,4
2024451487428,2024,451487428,1,9,0,-1,4,4,8,-1,0,0,0,0,0,0,2,1,-1,9,1,47,8,3456,8,7,LEXUS RX 450,9,E01002916,0,2
2024010502463,2024,010502463,1,9,0,9,9,5,3,0,0,2,0,11,0,0,1,1,6,6,1,62,9,3456,8,12,LEXUS RX 450,3,E01000372,0,1
2024522401288,2024,522401288,1,9,0,4,4,7,2,0,0,0,0,0,1,0,2,1,6,6,1,62,9,3456,8,12,LEXUS RX 450,9,E01014748,0,1
2024010522644,2024,010522644,1,9,0,7,7,3,5,0,0,6,0,0,0,0,1,1,6,6,1,27,6,3456,8,10,LEXUS RX 450,5,E01001168,0,1
2024351452082,2024,351452082,2,20,0,-1,2,0,0,-1,0,0,0,0,0,0,4,1,-1,6,-1,-1,-1,-1,-1,-1,MAKE AND MODEL REDACTED,-1,-1,0,-1
2024320042644,2024,320042644,2,4,0,-1,-1,8,4,0,0,8,5,0,0,0,3,1,1,1,1,31,6,125,1,5,MAKE AND MODEL REDACTED,2,E01026382,0,3
2024010510621,2024,010510621,1,19,0,7,7,5,7,4,4,8,0,0,0,0,1,1,6,6,3,-1,-1,1997,2,4,NISSAN NV300,-1,-1,0,-1
2024451507454,2024,451507454,1,19,0,-1,19,6,2,-1,0,1,0,0,0,0,1,1,-1,1,1,62,9,1598,2,6,NISSAN NV300,7,E01030927,0,2
2024430615875,2024,430615875,1,9,0,9,9,1,7,0,0,5,0,0,0,0,1,1,6,6,1,31,6,1598,2,7,NISSAN NV300,8,E01017838,0,2
2024010494289,2024,010494289,2,19,0,99,99,9,9,99,99,9,9,99,9,99,1,9,6,6,1,52,8,1598,2,6,NISSAN NV300,5,E01003862,0,1
2024010499987,2024,010499987,2,19,0,10,10,1,7,0,0,7,0,0,0,0,1,1,6,6,1,54,8,1598,2,7,NISSAN NV300,5,E01003494,0,1
2024010524956,2024,010524956,1,19,0,1,1,5,1,8,6,0,0,0,0,0,2,1,6,6,1,47,8,1997,2,4,NISSAN NV300,5,E01000516,0,1
2024440493612,2024,440493612,1,19,0,18,19,1,6,0,0,0,2,0,7,9,1,1,1,1,1,53,8,1997,2,4,NISSAN NV300,6,E01017049,0,4
2024440091837,2024,440091837,1,19,0,4,4,3,7,0,0,2,0,0,0,0,2,1,6,6,2,67,10,-1,-1,-1,NISSAN NV300,3,E01004064,0,5
2024141525171,2024,141525171,2,19,0,-1,9,2,7,-1,0,1,0,0,0,0,1,1,-1,9,1,33,6,1598,2,7,NISSAN NV300,1,E01008037,0,1
2024041466104,2024,041466104,1,19,0,-1,19,1,5,-1,0,0,0,0,0,0,1,1,-1,1,1,50,8,1598,2,6,NISSAN NV300,2,E01024890,0,3
2024041528897,2024,041528897,2,9,0,-1,19,5,1,-1,0,8,0,0,0,0,1,1,-1,1,2,52,8,1586,1,10,SUZUKI GRAND VITARA,8,E01025358,0,1
2024031533765,2024,031533765,2,9,0,-1,19,7,2,-1,0,1,0,0,0,0,1,1,-1,9,1,23,5,1586,1,16,SUZUKI GRAND VITARA,7,E01019375,0,4
2024522500048,2024,522500048,2,9,0,18,19,2,6,0,0,8,0,0,0,0,3,1,6,6,2,34,6,1870,2,12,SUZUKI GRAND VITARA,1,E01014596,0,1
2024461417442,2024,461417442,1,9,0,-1,19,1,5,-1,0,0,0,0,1,0,4,1,-1,9,1,79,11,2736,1,21,SUZUKI GRAND VITARA,7,E01024558,0,1
2024461439882,2024,461439882,2,9,0,-1,19,5,1,-1,0,0,0,0,0,0,3,2,-1,2,1,35,6,1870,2,12,SUZUKI GRAND VITARA,3,E01024501,0,4
2024211448032,2024,211448032,2,9,0,-1,19,6,2,-1,0,0,0,0,0,0,1,1,-1,6,-1,35,6,1586,1,16,SUZUKI GRAND VITARA,-1,-1,0,-1
2024010516838,2024,010516838,2,9,0,99,99,9,9,99,99,9,9,99,9,99,9,9,6,6,3,-1,-1,2736,1,19,SUZUKI GRAND VITARA,-1,-1,0,-1
2024461396682,2024,461396682,1,9,0,-1,19,3,7,-1,0,0,1,0,1,0,1,1,-1,6,2,59,9,1590,1,20,SUZUKI GRAND VITARA,1,E01024621,0,3
2024320573925,2024,320573925,1,9,0,13,13,6,2,0,0,0,0,0,0,0,1,1,6,6,1,73,10,1870,2,17,SUZUKI GRAND VITARA,6,E01026404,0,1
2024421535654,2024,421535654,1,9,0,-1,9,7,5,-1,0,0,0,0,0,0,1,1,-1,6,2,49,8,1995,1,23,SUZUKI GRAND VITARA,10,E01021645,0,1
2024501409431,2024,501409431,1,9,0,-1,19,2,6,-1,0,1,0,0,0,0,1,9,-1,6,1,45,7,1590,1,21,SUZUKI GRAND VITARA,4,E01020032,0,4
2024161523553,2024,161523553,2,9,0,-1,19,5,1,-1,0,8,0,0,0,0,3,2,-1,9,1,55,8,1997,2,20,SUZUKI GRAND VITARA,7,E01013022,0,1
2024010505949,2024,010505949,1,9,0,99,99,9,9,99,99,9,9,99,9,99,9,9,6,6,2,43,7,2393,1,14,SUZUKI GRAND VITARA,8,E01021463,0,4
2024041426701,2024,041426701,1,9,0,-1,9,1,1,-1,0,1,0,0,0,0,1,1,-1,9,1,74,10,2393,1,15,SUZUKI GRAND VITARA,1,E01025045,0,1
2024991461894,2024,991461894,1,9,0,-1,19,4,8,-1,0,0,0,0,8,0,1,1,-1,1,2,19,4,1870,2,15,SUZUKI GRAND VITARA,4,-1,0,4
2024340NN1252,2024,340NN1252,1,9,0,-1,9,6,4,-1,0,4,0,0,0,0,0,1,-1,6,3,-1,-1,1997,2,19,SUZUKI GRAND VITARA,-1,-1,0,-1
2024501419253,2024,501419253,1,9,0,-1,19,3,7,-1,0,1,0,0,0,0,1,1,-1,6,1,29,6,1995,1,20,SUZUKI GRAND VITARA,7,E01032628,0,3
2024131458863,2024,131458863,1,9,0,-1,9,5,3,-1,0,6,0,0,0,0,1,1,-1,6,1,65,9,2736,1,21,SUZUKI GRAND VITARA,3,E01011325,0,1
202454A914424,2024,54A914424,2,9,0,18,19,2,6,0,0,0,0,0,0,0,1,1,6,6,1,61,9,1586,1,11,SUZUKI GRAND VITARA,-1,-1,0,-1
2024010508742,2024,010508742,5,9,0,18,19,5,1,0,0,0,0,0,0,0,3,1,6,6,2,48,8,1586,1,18,SUZUKI GRAND VITARA,7,E01004605,0,2
2024221516285,2024,221516285,1,9,0,-1,19,7,3,-1,0,0,0,0,0,0,1,9,-1,6,2,57,9,1870,2,16,SUZUKI GRAND VITARA,6,E01032404,0,1
2024201434276,2024,201434276,2,9,0,-1,8,5,1,-1,0,1,0,0,1,0,2,9,-1,6,2,62,9,2393,1,10,SUZUKI GRAND VITARA,10,E01032154,0,4
2024610053324,2024,610053324,2,9,0,2,2,0,0,0,0,0,0,0,0,0,1,1,6,6,3,-1,-1,1586,1,17,SUZUKI GRAND VITARA,-1,-1,0,-1
2024411546742,2024,411546742,1,9,0,-1,9,6,2,-1,0,5,0,0,0,0,4,1,-1,2,1,23,5,1590,1,22,SUZUKI GRAND VITARA,10,E01023355,0,2
2024471410742,2024,471410742,1,9,0,-1,9,3,1,-1,0,7,0,0,0,0,1,1,-1,9,1,84,11,1586,1,15,SUZUKI GRAND VITARA,3,E01031430,0,2
2024520001148,2024,520001148,1,9,0,18,19,4,8,0,0,0,0,0,7,11,1,1,6,6,1,57,9,1590,1,22,SUZUKI GRAND VITARA,7,E01014945,0,2
2024451450903,2024,451450903,4,9,0,-1,4,1,5,-1,0,0,0,0,0,0,2,1,-1,6,1,45,7,2393,1,11,SUZUKI GRAND VITARA,8,E01021171,0,4
2024361474163,2024,361474163,2,9,0,-1,19,3,7,-1,0,8,0,0,0,0,1,1,-1,9,2,30,6,1590,1,19,SUZUKI GRAND VITARA,6,E01026922,0,1
2024041405834,2024,041405834,1,9,0,-1,19,3,7,-1,0,1,0,0,0,0,2,1,-1,6,1,65,9,1586,1,17,SUZUKI GRAND VITARA,4,E01025119,0,1
2024451455503,2024,451455503,2,9,0,-1,19,7,3,-1,0,0,0,0,0,0,3,1,-1,9,1,68,10,1870,2,15,SUZUKI GRAND VITARA,9,E01030313,0,2
2024361401642,2024,361401642,1,9,0,-1,7,4,3,-1,0,1,0,0,0,0,1,1,-1,9,1,21,5,1870,2,15,SUZUKI GRAND VITARA,5,E01026783,0,2
2024302400684,2024,302400684,1,9,0,18,19,6,2,0,0,8,0,0,7,10,4,1,6,6,1,63,9,1870,2,12,SUZUKI GRAND VITARA,3,E01019541,0,2
2024010539772,2024,010539772,2,9,0,99,99,9,9,99,99,9,9,99,9,99,1,9,6,6,1,-1,-1,2493,1,24,SUZUKI GRAND VITARA,7,E01030708,0,3
2024361437523,2024,361437523,2,9,0,-1,8,5,7,-1,0,1,0,0,0,0,2,1,-1,6,1,72,10,1995,1,20,SUZUKI GRAND VITARA,6,E01029930,0,2
2024231427760,2024,231427760,1,9,0,-1,9,3,1,-1,0,6,0,0,0,0,1,9,-1,6,1,71,10,1997,2,22,SUZUKI GRAND VITARA,4,E01031096,0,1
2024010511914,2024,010511914,1,9,0,9,9,5,3,0,0,5,0,0,0,0,2,1,6,6,1,54,8,1995,1,18,SUZUKI GRAND VITARA,4,E01002796,0,1
2024520403268,2024,520403268,1,9,0,18,19,4,7,0,0,0,0,0,0,0,1,1,6,6,2,33,6,1586,1,19,SUZUKI GRAND VITARA,7,E01032110,0,2
202460Q189506,2024,60Q189506,3,9,0,2,2,0,0,0,0,2,0,0,0,0,4,1,6,6,2,35,6,2393,1,14,SUZUKI GRAND VITARA,-1,-1,0,-1
2024211397763,2024,211397763,2,9,0,-1,19,7,3,-1,0,8,0,0,0,0,4,1,-1,9,1,59,9,1870,2,12,SUZUKI GRAND VITARA,8,E01029688,0,1
2024461404575,2024,461404575,1,9,0,-1,19,7,5,-1,0,0,0,0,0,0,1,9,-1,6,1,18,4,1586,1,14,SUZUKI GRAND VITARA,9,E01024300,0,3
2024552400601,2024,552400601,2,9,0,3,3,8,4,0,0,4,0,0,0,0,2,1,6,6,2,34,6,1586,1,17,SUZUKI GRAND VITARA,5,E01015317,0,1
2024141401009,2024,141401009,1,9,0,-1,4,5,1,-1,0,6,0,0,0,0,2,1,-1,9,1,23,5,1586,1,17,SUZUKI GRAND VITARA,4,E01008001,0,1
2024122400136,2024,122400136,1,9,0,18,19,7,3,0,0,0,0,0,0,0,1,1,6,6,1,60,9,1870,2,15,SUZUKI GRAND VITARA,8,E01013400,0,1
2024010523743,2024,010523743,1,9,0,7,7,5,7,0,0,1,0,0,0,0,1,1,6,6,2,58,9,1995,1,23,SUZUKI GRAND VITARA,6,E01000663,0,1
2024371437968,2024,371437968,1,9,0,-1,19,8,4,-1,0,6,0,0,1,4,4,1,-1,9,2,37,7,2393,1,12,SUZUKI GRAND VITARA,10,E01030070,0,1
2024101499370,2024,101499370,2,9,0,-1,19,1,5,-1,0,8,0,0,0,0,1,1,-1,9,1,19,4,2393,1,15,SUZUKI GRAND VITARA,5,E01027480,0,2
2024231531337,2024,231531337,1,9,0,-1,19,2,5,-1,0,0,0,0,3,0,1,1,-1,6,1,67,10,1997,2,22,SUZUKI GRAND VITARA,7,E01031198,0,1
2024411409708,2024,411409708,3,9,0,-1,2,0,0,-1,0,0,0,0,0,0,4,1,-1,6,-1,-1,-1,2736,1,20,SUZUKI GRAND VITARA,-1,-1,0,-1
2024010548243,2024,010548243,2,9,0,99,99,9,9,99,99,9,9,99,9,99,1,9,6,6,3,-1,-1,1590,1,19,SUZUKI GRAND VITARA,-1,-1,0,-1
2024440324505,2024,440324505,2,9,0,18,19,7,3,0,0,4,0,0,0,0,1,1,6,6,2,21,5,1870,2,13,SUZUKI GRAND VITARA,7,E01020357,0,1
2024461432267,2024,461432267,3,9,0,-1,2,0,0,-1,0,0,0,0,0,0,2,1,-1,6,-1,-1,-1,1995,1,22,SUZUKI GRAND VITARA,-1,-1,0,-1
2024421523191,2024,421523191,2,9,0,-1,19,5,1,-1,0,2,0,0,0,0,1,1,-1,6,1,77,11,1995,1,21,SUZUKI GRAND VITARA,7,E01021913,0,1
2024440101739,2024,440101739,1,9,0,3,3,4,8,0,0,1,0,0,0,0,2,1,6,6,1,69,10,2393,1,14,SUZUKI GRAND VITARA,-1,-1,0,-1
2024010549607,2024,010549607,2,9,0,9,9,3,2,0,0,1,0,0,0,0,1,1,6,6,2,58,9,1995,1,18,SUZUKI GRAND VITARA,6,E01030857,0,2
2024061458836,2024,061458836,1,9,0,-1,5,-1,-1,-1,0,0,0,0,0,0,1,1,-1,7,2,49,8,2435,1,14,VOLVO C70,1,E01005068,0,1
2024991502756,2024,991502756,1,9,0,-1,5,1,5,-1,-1,6,0,0,1,11,3,1,-1,7,1,38,7,2319,1,24,VOLVO C70,5,-1,0,1
2024501457795,2024,501457795,1,9,0,-1,5,2,5,-1,0,6,0,0,0,0,1,1,-1,6,2,33,6,2435,1,18,VOLVO C70,1,E01015261,0,1
2024541834724,2024,541834724,1,9,0,5,5,1,6,0,0,4,0,0,0,0,1,1,6,6,1,79,11,1984,2,12,VOLVO C70,8,E01032112,0,1
2024522400805,2024,522400805,3,9,0,3,3,5,1,0,0,1,0,0,0,0,2,1,6,6,1,27,6,1984,1,19,VOLVO C70,2,E01014568,0,3
2024531474486,2024,531474486,1,9,0,-1,19,4,8,-1,0,0,0,0,7,9,1,1,-1,9,2,78,11,1984,2,12,VOLVO C70,9,E01022217,0,1
2024451457374,2024,451457374,2,9,0,-1,2,0,0,-1,0,0,0,0,1,0,1,1,-1,6,-1,-1,-1,1984,1,22,VOLVO C70,-1,-1,0,-1
2024010529303,2024,010529303,1,9,0,4,4,5,1,0,0,1,0,0,0,0,2,1,6,6,3,-1,-1,2435,1,18,VOLVO C70,-1,-1,0,-1
2024471463795,2024,471463795,2,9,0,-1,19,6,2,-1,0,1,0,0,0,0,1,1,-1,1,1,47,8,2435,1,19,VOLVO C70,10,E01016930,0,1
2024141418985,2024,141418985,3,9,0,-1,19,1,5,-1,0,0,0,0,0,0,2,1,-1,6,1,25,5,2401,2,16,VOLVO C70,3,E01013286,0,4
2024010503475,2024,010503475,2,9,0,99,99,9,9,0,0,9,0,99,0,0,9,1,6,6,3,-1,-1,2521,1,18,VOLVO C70,-1,-1,0,-1
2024401498545,2024,401498545,2,2,0,-1,19,3,7,-1,0,1,0,0,0,0,4,1,-1,6,1,18,4,48,1,2,MAKE AND MODEL REDACTED,7,E01017608,0,1
2024421452147,2024,421452147,2,2,0,-1,19,7,3,-1,0,0,0,0,0,0,1,1,-1,9,1,16,4,48,1,1,MAKE AND MODEL REDACTED,6,E01015818,0,1
2024421526395,2024,421526395,2,2,0,-1,19,8,4,-1,0,4,1,0,7,0,4,1,-1,9,1,16,4,48,1,1,MAKE AND MODEL REDACTED,6,E01021491,0,1
2024552400357,2024,552400357,2,2,0,7,7,4,5,0,0,5,0,0,0,0,1,1,6,6,1,16,4,48,1,1,MAKE AND MODEL REDACTED,6,E01020586,0,1
2024401501477,2024,401501477,2,2,0,-1,-1,-1,-1,-1,-1,-1,-1,-1,-1,0,2,1,-1,7,2,16,4,48,1,2,MAKE AND MODEL REDACTED,5,E01015768,0,1
2024122400554,2024,122400554,1,2,0,18,19,5,1,0,0,0,0,0,0,0,1,1,6,6,2,16,4,48,1,1,MAKE AND MODEL REDACTED,4,E01034981,0,2
2024311446712,2024,311446712,1,2,0,-1,19,7,3,-1,0,4,0,0,0,0,1,1,-1,9,1,17,4,48,1,1,MAKE AND MODEL REDACTED,6,E01027979,0,1
2024411438595,2024,411438595,1,4,0,-1,5,1,5,-1,0,1,0,0,0,0,3,1,-1,2,1,44,7,-1,3,5,MAKE AND MODEL REDACTED,6,E01017386,0,3
2024201463115,2024,201463115,2,9,0,-1,3,5,1,-1,0,1,0,0,0,0,2,1,-1,6,1,39,7,2995,1,6,AUDI S4,-1,-1,0,-1
2024332400984,2024,332400984,1,9,0,-1,19,7,3,-1,0,0,1,7,1,10,1,1,-1,6,1,29,6,2995,1,10,AUDI S4,7,E01025620,0,2
2024622400222,2024,622400222,1,9,0,1,1,8,4,0,0,0,0,0,7,0,2,1,6,6,3,-1,-1,2995,1,6,AUDI S4,-1,-1,0,-1
2024991423804,2024,991423804,1,9,0,-1,19,3,7,-1,0,0,0,0,0,0,4,1,-1,2,1,33,6,2995,1,7,AUDI S4,1,-1,0,1
2024332400382,2024,332400382,3,9,0,-1,19,7,3,-1,0,0,0,0,0,0,3,1,-1,6,3,-1,-1,2995,1,7,AUDI S4,-1,-1,0,-1
2024131505454,2024,131505454,1,9,0,-1,19,3,7,-1,0,0,0,0,0,0,1,1,-1,6,1,40,7,2967,2,2,AUDI S4,7,E01010905,0,2
2024211483632,2024,211483632,1,9,0,-1,2,0,0,-1,0,1,0,0,0,0,1,1,-1,9,1,28,6,2995,1,13,AUDI S4,3,E01029553,0,2
2024031482026,2024,031482026,2,9,0,-1,19,4,8,-1,0,0,0,0,0,0,1,1,-1,6,1,39,7,2995,1,7,AUDI S4,1,E01008590,0,5
2024430594394,2024,430594394,1,9,0,18,19,1,5,0,0,8,1,10,1,10,1,1,6,6,2,30,6,2990,1,15,AUDI S4,8,E01016221,0,1
2024430615684,2024,430615684,1,9,0,18,19,1,5,0,0,0,0,0,0,0,2,1,6,6,1,39,7,2995,1,7,AUDI S4,-1,-1,0,-1
2024010497490,2024,010497490,1,9,0,9,9,7,5,0,0,8,0,11,0,1,1,1,6,6,3,-1,-1,2995,1,7,AUDI S4,-1,-1,0,-1
2024061452344,2024,061452344,2,9,0,-1,-1,-1,-1,-1,-1,0,0,0,0,0,0,2,-1,6,3,-1,-1,2995,1,6,AUDI S4,-1,-1,0,-1
2024302400900,2024,302400900,1,9,0,9,9,4,2,0,0,2,0,0,0,0,1,1,6,6,3,-1,-1,2995,1,7,AUDI S4,-1,-1,0,-1
2024010541410,2024,010541410,1,9,0,99,99,9,9,99,99,9,9,99,9,99,9,9,6,6,1,38,7,2995,1,7,AUDI S4,4,E01001793,0,1
2024361404913,2024,361404913,1,9,0,-1,19,7,3,-1,0,0,1,0,1,0,1,1,-1,6,1,23,5,2995,1,14,AUDI S4,6,E01026899,0,4
2024161528182,2024,161528182,1,9,0,-1,19,6,2,-1,0,1,0,0,0,0,3,1,-1,2,1,21,5,2995,1,9,AUDI S4,9,E01035475,0,1
2024010498830,2024,010498830,1,9,0,18,19,1,5,0,0,0,0,0,0,0,1,1,6,6,1,24,5,2995,1,6,AUDI S4,5,E01030569,0,1
2024332400274,2024,332400274,1,9,0,-1,19,8,4,-1,-1,0,1,0,1,0,1,1,-1,6,1,28,6,2995,1,7,AUDI S4,4,E01031096,0,3
2024052402130,2024,052402130,1,9,0,9,9,8,6,0,0,8,0,0,0,0,1,1,6,6,1,44,7,2995,1,7,AUDI S4,3,E01006629,0,1
2024201517128,2024,201517128,2,9,0,-1,19,7,7,-1,0,0,0,0,0,0,1,1,-1,1,1,43,7,2995,1,7,AUDI S4,4,E01009234,0,3
2024522402319,2024,522402319,1,9,0,17,19,7,3,0,0,0,0,0,0,0,3,1,6,6,1,26,6,2995,1,7,AUDI S4,6,E01029060,0,2
2024010527529,2024,010527529,2,9,0,2,2,0,0,9,9,1,0,0,0,0,2,1,6,6,3,-1,-1,2995,1,11,AUDI S4,-1,-1,0,-1
2024041473176,2024,041473176,2,9,0,-1,2,0,0,-1,0,0,0,0,0,0,1,1,-1,6,-1,-1,-1,2671,1,26,AUDI S4,-1,-1,0,-1
2024471436631,2024,471436631,1,9,0,-1,19,6,2,-1,0,0,0,0,0,0,1,1,-1,6,1,36,7,4163,1,17,AUDI S4,3,E01031347,0,1
2024201443523,2024,201443523,9,9,0,-1,19,2,6,-1,0,2,0,0,0,0,0,9,-1,1,1,30,6,2995,1,7,AUDI S4,-1,-1,0,-1
2024531530169,2024,531530169,1,9,0,-1,19,3,7,-1,0,0,0,0,0,0,1,1,-1,6,1,32,6,2995,1,14,AUDI S4,6,E01022211,0,1
2024061417363,2024,061417363,1,9,0,-1,13,3,7,-1,0,1,0,10,0,0,1,1,-1,6,1,30,6,2995,1,10,AUDI S4,2,E01005343,0,2
2024211457472,2024,211457472,1,9,0,-1,19,1,5,-1,0,1,0,0,0,0,1,1,-1,6,1,42,7,2967,2,3,AUDI S4,3,E01014323,0,1
2024052401362,2024,052401362,1,9,0,5,5,5,1,0,0,1,0,0,0,0,1,1,6,6,1,45,7,4163,1,19,AUDI S4,1,E01006767,0,2
2024461474496,2024,461474496,2,9,0,-1,3,4,8,-1,0,1,0,0,0,0,2,1,-1,2,1,40,7,2995,1,6,AUDI S4,10,E01024233,0,1
2024311435709,2024,311435709,1,9,0,-1,3,3,7,-1,0,0,0,0,0,0,2,1,-1,6,2,34,6,2995,1,6,AUDI S4,2,E01028313,0,1
2024010498848,2024,010498848,1,9,0,18,19,7,3,0,0,1,0,0,0,0,1,1,6,6,1,33,6,2995,1,7,AUDI S4,3,E01003708,0,1
2024201509726,2024,201509726,2,9,0,-1,19,1,5,-1,0,1,0,0,0,0,0,1,-1,1,1,44,7,2995,1,7,AUDI S4,-1,-1,0,-1
2024991462398,2024,991462398,2,9,0,-1,9,3,1,-1,0,8,0,0,0,0,3,1,-1,6,2,43,7,2995,1,13,AUDI S4,3,-1,0,1
2024440318912,2024,440318912,1,9,0,18,19,1,3,0,0,4,1,9,7,1,1,1,6,6,1,25,5,2995,1,6,AUDI S4,8,E01023245,0,1
2024451408126,2024,451408126,1,9,0,-1,19,2,6,-1,0,1,0,0,0,0,4,1,-1,9,1,30,6,2995,1,7,AUDI S4,6,E01016212,0,4
2024061421980,2024,061421980,1,9,0,-1,9,1,5,-1,0,0,1,10,7,0,4,9,-1,6,1,34,6,2995,1,6,AUDI S4,3,E01004917,0,1
2024302401643,2024,302401643,2,9,0,18,19,6,2,0,0,8,0,0,0,0,1,1,6,6,1,51,8,-1,3,0,BMW IX,8,E01013558,0,1
2024351481419,2024,351481419,2,9,0,-1,19,8,4,-1,0,0,0,0,1,9,1,1,-1,9,1,40,7,-1,3,1,BMW IX,5,E01026679,0,3
2024010504957,2024,010504957,2,9,0,2,2,0,0,9,9,6,0,0,0,0,4,1,6,6,3,-1,-1,-1,3,1,BMW IX,-1,-1,0,-1
2024302401137,2024,302401137,1,9,0,9,9,5,3,0,0,8,0,0,7,0,1,1,6,6,1,49,8,-1,3,0,BMW IX,10,E01019610,0,2
2024531494902,2024,531494902,2,9,0,-1,19,5,1,-1,0,0,0,0,0,0,4,1,-1,2,1,24,5,-1,3,1,BMW IX,9,W01001729,0,4
2024010504435,2024,010504435,1,9,0,1,1,2,8,0,0,1,0,0,0,0,1,1,6,6,2,41,7,-1,3,2,BMW IX,3,E01003235,0,3
2024991467339,2024,991467339,2,9,0,-1,19,6,3,-1,0,0,0,0,0,0,3,1,-1,9,1,23,5,-1,3,1,BMW IX,8,-1,0,4
2024311495772,2024,311495772,1,9,0,-1,4,2,6,-1,0,0,0,0,0,0,2,9,-1,2,1,-1,-1,-1,3,1,BMW IX,9,E01028094,0,1
2024430504056,2024,430504056,2,9,0,18,19,4,8,0,0,0,0,0,1,0,1,1,2,2,1,43,7,-1,3,1,BMW IX,9,E01030692,0,2
2024411405083,2024,411405083,1,9,0,-1,5,7,1,-1,0,1,0,0,0,0,4,1,-1,9,2,50,8,-1,3,1,BMW IX,10,E01023696,0,1
2024010546067,2024,010546067,4,9,0,18,19,6,2,0,0,0,1,4,7,2,1,1,6,6,1,25,5,-1,3,2,BMW IX,5,E01000131,0,1
2024010534836,2024,010534836,2,9,0,18,19,7,3,0,0,1,0,0,0,0,0,1,1,1,1,47,8,-1,3,1,BMW IX,8,E01002863,0,1
2024201456361,2024,201456361,2,9,0,-1,19,5,1,-1,0,0,0,0,0,0,2,1,-1,6,2,39,7,-1,3,1,BMW IX,6,E01029395,0,2
2024010542185,2024,010542185,1,9,0,99,99,9,9,99,99,0,9,99,9,99,1,9,6,6,3,-1,-1,-1,3,2,BMW IX,2,E01001337,0,3
2024131512404,2024,131512404,2,9,0,-1,19,7,3,-1,0,8,0,0,7,1,1,1,-1,2,1,37,7,-1,3,2,BMW IX,10,E01011702,0,3
2024041483697,2024,041483697,2,9,0,-1,19,7,3,-1,9,0,0,0,0,0,1,1,-1,6,2,37,7,-1,3,1,BMW IX,8,E01024944,0,1