collision_index,collision_year,collision_ref_no,vehicle_reference,vehicle_type,towing_and_articulation,vehicle_manoeuvre_historic,vehicle_manoeuvre,vehicle_direction_from,vehicle_direction_to,vehicle_location_restricted_lane_historic,vehicle_location_restricted_lane,junction_location,skidding_and_overturning,hit_object_in_carriageway,vehicle_leaving_carriageway,hit_object_off_carriageway,first_point_of_impact,vehicle_left_hand_drive,journey_purpose_of_driver_historic,journey_purpose_of_driver,sex_of_driver,age_of_driver,age_band_of_driver,engine_capacity_cc,propulsion_code,age_of_vehicle,generic_make_model,driver_imd_decile,lsoa_of_driver,escooter_flag,driver_distance_banding
2024061496302,2024,061496302,2,9,-1,-1,-1,-1,-1,-1,-1,0,-1,-1,-1,0,1,9,-1,6,1,42,7,1364,2,10,TOYOTA AURIS,2,E01005435,0,3
2024311512465,2024,311512465,1,8,0,-1,4,2,6,-1,0,0,0,0,0,0,0,1,-1,1,1,31,6,1798,8,8,TOYOTA AURIS,4,E01019522,0,1
2024332400679,2024,332400679,1,9,0,-1,9,7,5,-1,0,6,0,0,0,0,3,1,-1,9,1,56,9,1598,1,12,TOYOTA AURIS,6,E01013764,0,1
2024131531436,2024,131531436,1,9,0,-1,19,1,5,-1,0,8,-1,-1,-1,0,-1,1,-1,6,3,-1,-1,1797,8,10,TOYOTA AURIS,-1,-1,0,-1
2024131479424,2024,131479424,1,9,0,-1,9,1,5,-1,0,1,0,0,0,0,1,1,-1,1,1,60,9,1798,8,5,TOYOTA AURIS,1,E01011677,0,1
2024010516075,2024,010516075,1,9,0,18,19,8,4,0,0,0,2,4,0,0,1,1,6,6,1,34,6,1329,1,9,TOYOTA AURIS,2,E01001786,0,3
2024430203123,2024,430203123,2,9,0,4,4,5,1,0,0,1,0,0,0,0,2,1,2,2,2,36,7,1364,2,10,TOYOTA AURIS,7,E01028470,0,3
2024430227997,2024,430227997,1,9,0,7,7,5,7,0,0,5,0,0,0,0,1,1,6,6,1,-1,-1,1798,8,6,TOYOTA AURIS,-1,-1,0,-1
2024161444243,2024,161444243,1,9,0,-1,19,2,4,-1,0,1,0,0,0,0,1,1,-1,9,1,39,7,1598,1,15,TOYOTA AURIS,7,E01012985,0,3
2024311427306,2024,311427306,1,9,0,-1,4,5,2,-1,5,0,0,0,0,0,1,1,-1,6,1,47,8,1998,2,16,TOYOTA AURIS,2,E01013918,0,2
2024421478110,2024,421478110,1,9,0,-1,19,6,2,-1,0,1,0,0,0,0,1,1,-1,9,1,77,11,1798,8,7,TOYOTA AURIS,4,E01003719,0,4
2024061539223,2024,061539223,1,9,0,-1,19,7,3,-1,0,8,0,0,0,0,1,2,-1,6,1,69,10,1598,1,12,TOYOTA AURIS,1,E01034113,0,1
2024010502464,2024,010502464,1,8,0,18,19,5,1,0,0,0,5,4,0,0,1,1,1,1,1,37,7,1798,8,9,TOYOTA AURIS,2,E01003991,0,2
2024201435962,2024,201435962,2,9,0,-1,19,2,6,-1,0,8,0,0,0,0,9,9,-1,1,1,42,7,1798,8,8,TOYOTA AURIS,2,E01010341,0,1
2024131529869,2024,131529869,2,9,0,-1,19,1,5,-1,0,8,0,0,0,0,4,1,-1,1,1,25,5,1797,8,10,TOYOTA AURIS,2,E01011913,0,1
2024010498001,2024,010498001,1,9,0,13,13,5,1,9,9,0,1,0,0,0,1,1,6,6,1,18,4,1798,8,9,TOYOTA AURIS,3,E01004211,0,1
2024131463691,2024,131463691,1,9,0,-1,9,3,5,-1,0,1,0,0,0,0,3,1,-1,9,1,20,4,1598,1,17,TOYOTA AURIS,2,E01011017,0,1
2024131410424,2024,131410424,2,9,0,-1,19,3,7,-1,0,2,0,0,0,0,1,1,-1,9,1,34,6,1329,1,15,TOYOTA AURIS,1,E01011373,0,2
2024201511477,2024,201511477,2,9,0,-1,19,3,3,-1,0,1,0,0,0,0,1,1,-1,1,1,62,9,1598,1,11,TOYOTA AURIS,-1,-1,0,-1
2024010530598,2024,010530598,2,9,0,99,99,9,9,99,99,9,9,99,9,99,1,9,6,6,3,34,6,1798,8,6,TOYOTA AURIS,3,E01003550,0,1
2024361414222,2024,361414222,2,9,0,-1,9,8,2,-1,0,8,0,0,0,0,1,1,-1,1,1,35,6,1798,8,7,TOYOTA AURIS,6,E01026797,0,1
2024201504428,2024,201504428,2,9,0,-1,4,5,1,-1,0,0,0,0,0,0,2,1,-1,1,1,67,10,1798,8,8,TOYOTA AURIS,1,E01009401,0,1
2024010530394,2024,010530394,2,9,0,3,3,5,1,0,0,8,0,0,0,0,2,1,2,2,1,42,7,1798,8,7,TOYOTA AURIS,3,E01000111,0,3
2024061433576,2024,061433576,1,9,0,-1,19,2,6,-1,0,1,0,0,0,0,3,1,-1,9,1,31,6,1797,8,13,TOYOTA AURIS,1,E01005564,0,1
2024401420148,2024,401420148,2,9,0,-1,19,1,3,-1,0,4,0,0,0,0,4,1,-1,1,1,50,8,1798,8,6,TOYOTA AURIS,5,E01015750,0,1
2024141531130,2024,141531130,1,9,0,-1,19,1,7,-1,0,0,0,0,0,0,1,1,-1,2,2,66,10,1598,1,16,TOYOTA AURIS,4,E01007350,0,1
2024041530255,2024,041530255,2,9,0,-1,9,3,1,-1,0,0,0,0,0,0,4,1,-1,1,1,60,9,1798,8,6,TOYOTA AURIS,5,E01025573,0,1
2024451528889,2024,451528889,1,9,0,-1,12,5,3,-1,0,8,0,0,0,0,1,1,-1,1,1,49,8,1798,8,7,TOYOTA AURIS,2,E01003238,0,4
2024052402618,2024,052402618,1,9,0,5,5,1,5,0,0,6,0,0,0,0,1,1,2,2,1,42,7,1797,8,9,TOYOTA AURIS,1,E01033763,0,1
2024440211389,2024,440211389,1,9,0,18,19,1,5,0,0,1,0,0,0,0,1,1,6,6,1,38,7,1797,8,9,TOYOTA AURIS,4,E01002447,0,4
2024332400834,2024,332400834,1,8,0,-1,19,6,2,-1,0,0,0,0,0,0,1,1,-1,6,1,-1,-1,1797,8,8,TOYOTA AURIS,-1,-1,0,-1
2024332400441,2024,332400441,2,9,0,-1,11,5,1,-1,0,0,1,0,5,6,1,1,-1,9,1,24,5,1797,8,10,TOYOTA AURIS,7,E01013669,0,3
2024311532524,2024,311532524,1,9,0,-1,19,5,1,-1,0,1,0,0,0,0,4,1,-1,9,1,53,8,1598,1,14,TOYOTA AURIS,3,E01027927,0,1
2024371505892,2024,371505892,1,9,0,-1,19,2,6,-1,0,0,0,0,0,0,3,1,-1,9,2,69,10,1598,1,17,TOYOTA AURIS,9,E01030008,0,1
2024041485831,2024,041485831,2,9,0,-1,9,6,2,-1,0,8,0,0,0,0,2,2,-1,6,1,34,6,1798,8,7,TOYOTA AURIS,4,E01004920,0,4
2024302400728,2024,302400728,3,9,0,4,4,5,1,0,0,0,0,0,0,0,2,1,6,6,2,34,6,1364,2,15,TOYOTA AURIS,5,E01020122,0,5
2024141403582,2024,141403582,1,9,0,-1,19,7,3,-1,0,0,0,0,0,0,1,1,-1,1,1,56,9,1598,1,17,TOYOTA AURIS,2,E01007717,0,2
2024010547924,2024,010547924,2,9,0,99,99,9,9,99,99,9,9,99,9,99,9,9,6,6,3,-1,-1,1798,8,6,TOYOTA AURIS,-1,-1,0,-1
2024131431334,2024,131431334,2,9,0,-1,19,1,1,-1,0,0,0,0,3,0,4,1,-1,9,1,40,7,1798,8,7,TOYOTA AURIS,1,E01033021,0,1
2024010505185,2024,010505185,2,9,0,99,99,9,9,99,99,9,9,99,9,99,9,9,6,6,2,34,6,1797,8,11,TOYOTA AURIS,3,E01032786,0,1
2024461468268,2024,461468268,2,9,0,-1,19,7,3,-1,0,0,0,0,8,0,1,1,-1,6,1,55,8,1598,1,12,TOYOTA AURIS,7,E01024127,0,3
2024131509580,2024,131509580,2,9,0,-1,19,5,1,-1,0,1,0,0,0,0,1,1,-1,2,1,47,8,1798,8,6,TOYOTA AURIS,8,E01007362,0,2
2024131453571,2024,131453571,1,9,0,-1,19,2,6,-1,0,8,0,0,0,0,1,1,-1,1,1,64,9,1797,8,10,TOYOTA AURIS,3,E01010847,0,2
2024201434542,2024,201434542,3,9,0,-1,19,4,8,-1,0,0,0,0,0,0,1,1,-1,2,1,37,7,1798,8,8,TOYOTA AURIS,5,E01010023,0,1
202460Q113136,2024,60Q113136,1,9,0,18,19,1,4,0,0,2,0,0,0,0,1,1,6,6,2,40,7,1329,1,9,TOYOTA AURIS,-1,-1,0,-1
2024010527730,2024,010527730,2,9,0,9,9,6,3,0,0,6,1,0,2,6,1,1,6,6,2,22,5,1598,1,9,TOYOTA AURIS,5,E01002666,0,1
2024010545801,2024,010545801,2,9,0,3,3,8,4,0,0,8,0,0,0,0,2,1,6,6,1,49,8,1598,1,17,TOYOTA AURIS,1,E01005270,0,5
2024622400368,2024,622400368,1,9,0,9,9,7,5,0,0,6,0,0,0,0,1,1,6,6,1,19,4,1797,8,9,TOYOTA AURIS,2,W01001067,0,1
2024010506642,2024,010506642,1,8,0,18,19,3,7,99,99,9,9,99,9,99,4,1,1,1,1,36,7,1798,8,7,TOYOTA AURIS,3,E01000088,0,1
2024010528872,2024,010528872,1,9,0,99,99,9,9,99,99,9,9,99,9,99,2,9,1,1,1,54,8,1797,8,11,TOYOTA AURIS,4,E01003348,0,1
2024131532091,2024,131532091,2,9,0,-1,10,3,1,-1,0,8,0,0,0,0,2,1,-1,6,1,32,6,1797,8,10,TOYOTA AURIS,7,E01027724,0,3
2024052401510,2024,052401510,1,9,0,18,19,1,5,0,0,1,0,0,0,0,1,1,6,6,1,36,7,1797,8,10,TOYOTA AURIS,2,E01005473,0,4
2024122500366,2024,122500366,2,9,0,4,4,5,1,0,0,1,0,0,0,0,1,1,2,2,1,30,6,1364,2,16,TOYOTA AURIS,8,E01013343,0,1
2024010544891,2024,010544891,2,9,0,99,99,9,9,99,99,9,9,99,9,99,1,9,6,6,3,-1,-1,1329,1,15,TOYOTA AURIS,3,E01002634,0,2
2024010536703,2024,010536703,1,9,0,9,9,8,5,0,0,1,0,0,0,0,1,1,6,6,1,67,10,1797,8,12,TOYOTA AURIS,8,E01000393,0,1
2024311414193,2024,311414193,1,9,0,-1,9,6,3,-1,0,0,0,0,0,0,1,1,-1,6,1,33,6,1329,1,15,TOYOTA AURIS,-1,-1,0,-1
2024041491796,2024,041491796,1,9,0,-1,19,1,5,-1,0,1,0,0,0,0,1,1,-1,6,1,54,8,1598,1,15,TOYOTA AURIS,3,E01012588,0,1
2024010509512,2024,010509512,1,9,0,99,99,9,9,99,99,9,9,99,9,99,9,9,6,6,1,32,6,1797,8,12,TOYOTA AURIS,5,E01003662,0,1
2024631492220,2024,631492220,2,9,0,-1,19,5,1,-1,0,0,0,0,0,0,1,1,-1,9,1,27,6,1598,1,15,TOYOTA AURIS,7,W01000684,0,1
2024131517055,2024,131517055,1,9,0,-1,6,1,3,-1,0,8,0,0,0,0,3,1,-1,1,1,51,8,1798,8,8,TOYOTA AURIS,8,E01010707,0,4
2024131430086,2024,131430086,3,9,0,-1,5,1,1,-1,0,8,0,0,0,0,1,1,-1,6,1,42,7,1798,8,8,TOYOTA AURIS,2,E01010740,0,1
2024201440148,2024,201440148,1,9,0,-1,19,8,4,-1,0,0,0,0,0,0,1,1,-1,9,2,38,7,1598,1,12,TOYOTA AURIS,6,E01010043,0,1
2024131443882,2024,131443882,1,9,0,-1,12,3,7,-1,-1,0,0,0,0,0,3,1,-1,1,1,33,6,1798,8,7,TOYOTA AURIS,3,E01011647,0,1
2024010551135,2024,010551135,5,9,0,2,2,0,0,0,0,1,0,0,0,0,2,1,6,6,3,-1,-1,1797,8,14,TOYOTA AURIS,-1,-1,0,-1
2024010501302,2024,010501302,2,9,0,99,99,9,9,99,99,9,9,99,9,99,1,9,6,6,1,45,7,1598,1,9,TOYOTA AURIS,4,E01003722,0,1
2024401458405,2024,401458405,1,9,0,-1,19,5,1,-1,0,4,0,0,0,0,1,1,-1,9,1,47,8,1798,8,6,TOYOTA AURIS,7,E01015803,0,1
2024351538656,2024,351538656,2,9,0,-1,19,2,6,-1,0,0,0,0,1,0,1,1,-1,6,1,62,9,1197,1,8,TOYOTA AURIS,5,E01018106,0,1
2024052402664,2024,052402664,2,9,0,2,2,0,0,0,0,1,0,0,0,0,4,1,3,7,3,-1,-1,1998,2,16,TOYOTA AURIS,-1,-1,0,-1
2024991432800,2024,991432800,1,8,0,-1,19,5,1,-1,0,8,0,0,0,0,4,1,-1,1,1,45,7,1798,8,7,TOYOTA AURIS,6,-1,0,2
2024311526601,2024,311526601,2,9,0,-1,11,4,8,-1,0,3,0,0,0,0,2,1,-1,6,1,65,9,1598,1,16,TOYOTA AURIS,-1,-1,0,-1
2024201431079,2024,201431079,1,9,0,-1,3,3,8,-1,0,0,0,0,0,0,1,9,-1,6,1,40,7,1598,1,16,TOYOTA AURIS,-1,-1,0,-1
2024010504459,2024,010504459,1,9,0,6,6,3,3,0,0,1,0,0,0,0,1,1,6,6,1,56,9,1798,8,8,TOYOTA AURIS,3,E01003522,0,1
2024131463792,2024,131463792,2,9,0,-1,19,1,5,-1,0,8,0,0,0,0,1,1,-1,9,1,24,5,1797,8,9,TOYOTA AURIS,2,E01011912,0,1
2024622400269,2024,622400269,2,8,0,18,19,3,7,0,0,1,0,0,0,0,1,1,1,1,1,57,9,1798,8,6,TOYOTA AURIS,1,W01001696,0,2
2024311402702,2024,311402702,2,8,0,-1,19,7,3,-1,0,1,0,0,0,0,2,1,-1,6,1,56,9,1798,8,7,TOYOTA AURIS,-1,-1,0,-1
2024061469753,2024,061469753,1,9,0,-1,19,3,7,-1,0,0,5,0,1,0,1,1,-1,9,2,28,6,1598,1,17,TOYOTA AURIS,6,E01033684,0,3
2024010519215,2024,010519215,1,9,0,18,19,1,5,0,0,2,0,0,0,0,3,1,6,6,1,35,6,1598,1,15,TOYOTA AURIS,9,E01004598,0,2
2024010498066,2024,010498066,1,8,0,4,4,1,5,2,2,0,0,0,0,0,3,2,6,6,1,49,8,1798,8,8,TOYOTA AURIS,2,E01000858,0,1
2024231463876,2024,231463876,2,9,0,-1,19,7,3,-1,0,0,0,0,0,0,1,1,-1,9,1,38,7,1598,1,12,TOYOTA AURIS,10,E01031157,0,2
2024211515825,2024,211515825,1,9,0,-1,19,1,5,-1,0,1,0,0,0,0,1,1,-1,6,1,85,11,1798,8,9,TOYOTA AURIS,-1,-1,0,-1
2024440188807,2024,440188807,2,8,0,9,9,2,8,0,0,8,0,0,0,0,1,1,1,1,1,36,7,1798,8,6,TOYOTA AURIS,1,E01017102,0,1
2024010530005,2024,010530005,2,9,0,99,99,9,9,99,99,9,9,99,9,99,1,9,6,6,3,43,7,1598,1,11,TOYOTA AURIS,3,E01001362,0,1
2024010507350,2024,010507350,1,9,0,18,19,5,1,0,0,1,0,0,0,0,1,1,1,1,1,36,7,1798,8,6,TOYOTA AURIS,7,E01003395,0,2
2024010549226,2024,010549226,1,9,0,14,14,5,1,0,0,0,0,0,0,0,1,1,1,1,1,40,7,1797,8,9,TOYOTA AURIS,2,E01001012,0,2
2024131507661,2024,131507661,1,9,0,-1,5,5,1,-1,0,8,0,0,0,0,4,1,-1,1,1,49,8,1798,8,8,TOYOTA AURIS,4,E01011158,0,3
2024131499096,2024,131499096,2,9,0,-1,2,3,7,-1,0,0,0,0,0,0,3,1,-1,6,3,-1,-1,1798,8,7,TOYOTA AURIS,-1,-1,0,-1
2024451511508,2024,451511508,1,9,0,-1,19,5,1,-1,0,0,0,0,7,0,4,1,-1,9,1,48,8,1797,8,10,TOYOTA AURIS,9,E01030768,0,3
2024201426462,2024,201426462,2,8,0,-1,19,5,1,-1,0,8,1,10,1,0,3,1,-1,9,1,39,7,1797,8,9,TOYOTA AURIS,1,E01009192,0,1
2024041435126,2024,041435126,1,9,0,-1,6,5,1,-1,0,2,0,0,0,0,4,1,-1,1,1,53,8,1798,8,7,TOYOTA AURIS,2,E01012697,0,1
2024631484201,2024,631484201,1,9,0,-1,19,8,4,-1,0,0,0,0,0,0,3,1,-1,6,3,-1,-1,1798,8,6,TOYOTA AURIS,-1,-1,0,-1
2024010500060,2024,010500060,2,9,0,99,99,9,9,99,99,9,9,99,9,99,9,9,6,6,3,-1,-1,1798,8,6,TOYOTA AURIS,-1,-1,0,-1
2024061456046,2024,061456046,1,9,0,-1,9,4,2,-1,0,1,0,0,0,0,3,1,-1,1,1,22,5,1798,8,8,TOYOTA AURIS,1,E01034122,0,4
2024461532696,2024,461532696,1,9,0,-1,19,7,3,-1,0,0,0,0,0,0,1,9,-1,1,1,34,6,1797,8,10,TOYOTA AURIS,2,E01024277,0,2
2024421523849,2024,421523849,1,9,0,-1,19,7,3,-1,0,1,0,0,0,0,1,1,-1,6,2,60,9,1798,8,9,TOYOTA AURIS,4,E01015871,0,1
2024302400597,2024,302400597,1,9,0,5,5,8,4,0,0,0,0,0,0,0,4,1,6,6,1,94,11,1798,8,7,TOYOTA AURIS,2,E01013597,0,1
2024141461268,2024,141461268,1,9,0,-1,7,3,5,-1,0,6,0,0,0,0,1,1,-1,1,1,37,7,1798,8,6,TOYOTA AURIS,1,E01007716,0,1
2024302500151,2024,302500151,2,9,0,-1,2,0,0,-1,0,1,0,0,0,0,2,1,-1,6,2,33,6,1364,2,17,TOYOTA AURIS,1,E01013566,0,1
2024010536800,2024,010536800,1,9,0,18,19,3,7,0,0,1,0,0,0,0,1,1,6,6,2,23,5,1798,8,7,TOYOTA AURIS,4,E01004258,0,1
2024302400172,2024,302400172,1,9,0,14,14,4,8,0,0,1,0,0,0,0,1,1,3,7,1,46,8,1364,2,11,TOYOTA AURIS,1,E01013567,0,1
2024401484231,2024,401484231,2,9,0,-1,-1,-1,-1,-1,-1,0,-1,-1,-1,0,4,1,-1,7,1,44,7,1798,8,6,TOYOTA AURIS,6,E01017592,0,1
2024131491195,2024,131491195,2,9,0,-1,9,5,1,-1,0,8,0,0,0,0,1,1,-1,1,1,25,5,1798,8,7,TOYOTA AURIS,2,E01011424,0,1
2024052401505,2024,052401505,1,8,0,18,19,3,7,0,0,0,0,0,0,0,4,1,1,1,1,51,8,1798,8,6,TOYOTA AURIS,1,E01006729,0,2
2024010500919,2024,010500919,1,9,0,99,99,9,9,99,99,9,9,99,9,99,1,9,6,6,1,61,9,1197,1,8,TOYOTA AURIS,4,E01000634,0,2
2024052401722,2024,052401722,1,9,0,9,9,3,1,0,0,8,0,0,0,0,1,1,6,6,1,54,8,1797,8,11,TOYOTA AURIS,1,E01007130,0,2
2024201434389,2024,201434389,2,9,0,-1,3,3,7,-1,0,0,0,0,0,0,2,1,-1,6,1,41,7,1598,1,16,TOYOTA AURIS,1,E01009334,0,1
2024010513764,2024,010513764,1,9,0,99,99,9,9,99,99,9,9,99,9,99,2,9,2,2,1,34,6,1798,8,7,TOYOTA AURIS,8,E01021784,0,2
2024320091727,2024,320091727,1,9,0,-1,-1,8,4,0,0,8,1,0,7,11,1,1,-1,-1,1,35,6,1598,1,17,TOYOTA AURIS,6,E01026151,0,2
2024131436787,2024,131436787,1,9,0,-1,15,4,7,-1,0,1,0,4,0,0,1,1,-1,1,1,41,7,1798,8,8,TOYOTA AURIS,1,E01010620,0,2
2024010489018,2024,010489018,1,9,0,18,19,7,3,0,0,1,0,0,0,0,3,1,6,6,1,66,10,1797,8,11,TOYOTA AURIS,2,E01001977,0,2
2024522401113,2024,522401113,1,9,0,9,9,5,3,0,0,1,0,0,0,0,3,1,6,6,1,81,11,1598,1,12,TOYOTA AURIS,9,E01014792,0,1
2024010555803,2024,010555803,1,8,0,99,99,9,9,99,99,9,9,99,9,99,9,9,1,1,1,60,9,1798,8,6,TOYOTA AURIS,3,E01033933,0,1
2024131529869,2024,131529869,1,9,0,-1,19,3,7,-1,0,1,0,0,0,0,1,1,-1,1,1,50,8,1797,8,9,TOYOTA AURIS,1,E01011906,0,1
2024461527211,2024,461527211,2,9,0,-1,19,5,5,-1,0,8,0,4,0,0,3,1,-1,1,1,38,7,1797,8,10,TOYOTA AURIS,1,E01024682,0,1
2024430570886,2024,430570886,3,9,0,4,4,6,2,0,0,0,1,0,0,0,2,1,6,6,1,61,9,1797,8,10,TOYOTA AURIS,8,E01032958,0,1
2024010538759,2024,010538759,1,9,0,1,1,1,5,9,9,1,0,0,0,0,2,1,6,6,1,41,7,1598,1,10,TOYOTA AURIS,4,E01003688,0,1
2024461491181,2024,461491181,1,9,0,-1,19,7,3,-1,0,0,0,0,0,0,1,1,-1,9,2,46,8,1797,8,9,TOYOTA AURIS,2,E01024505,0,1
2024010528597,2024,010528597,1,9,0,99,99,9,9,0,0,0,0,0,0,0,9,1,6,6,3,-1,-1,1797,8,9,TOYOTA AURIS,-1,-1,0,-1
2024010522961,2024,010522961,1,9,0,9,9,3,1,0,0,3,0,0,1,11,4,1,1,1,1,68,10,1797,8,10,TOYOTA AURIS,7,E01002177,0,3
2024010490163,2024,010490163,1,9,0,9,9,5,3,0,0,8,0,0,0,0,1,1,1,1,1,48,8,1798,8,8,TOYOTA AURIS,-1,-1,0,-1
2024010530434,2024,010530434,2,9,0,9,9,3,8,0,0,6,0,0,0,0,3,1,6,6,1,38,7,1798,8,6,TOYOTA AURIS,4,E01002663,0,2
2024622400793,2024,622400793,2,9,0,2,2,0,0,0,0,0,0,4,0,0,1,1,6,6,3,-1,-1,1364,2,17,TOYOTA AURIS,-1,-1,0,-1
2024552401442,2024,552401442,1,9,0,18,19,6,2,0,0,8,0,0,0,0,1,1,6,6,3,-1,-1,1797,8,14,TOYOTA AURIS,-1,-1,0,-1
2024522402963,2024,522402963,2,9,0,3,3,6,2,0,0,0,0,0,0,0,2,1,6,6,1,32,6,1798,8,6,TOYOTA AURIS,7,E01014910,0,1
2024010489977,2024,010489977,1,9,0,7,7,7,1,0,0,0,0,0,0,0,0,1,6,6,1,62,9,1598,1,11,TOYOTA AURIS,2,E01001579,0,1
2024201450895,2024,201450895,2,8,0,-1,19,4,8,-1,0,8,0,0,0,0,1,1,-1,6,1,56,9,1798,8,8,TOYOTA AURIS,-1,-1,0,-1
2024131483754,2024,131483754,2,9,0,-1,9,7,5,-1,0,0,0,0,0,0,1,1,-1,6,2,43,7,1329,1,15,TOYOTA AURIS,1,E01010737,0,1
2024340WN3222,2024,340WN3222,1,9,0,-1,5,1,5,-1,0,6,0,0,0,0,1,1,-1,2,1,39,7,1598,2,8,TOYOTA AURIS,7,E01016740,0,4
2024010515708,2024,010515708,1,9,0,18,19,8,4,0,0,2,0,7,7,11,1,1,6,6,2,65,9,1797,8,9,TOYOTA AURIS,9,E01001416,0,1
2024332400359,2024,332400359,2,8,0,-1,6,1,1,-1,4,0,0,0,0,0,3,1,-1,6,1,-1,-1,1797,8,10,TOYOTA AURIS,-1,-1,0,-1
2024201453549,2024,201453549,1,9,0,-1,9,7,3,-1,0,0,0,0,0,0,3,1,-1,6,1,43,7,1797,8,14,TOYOTA AURIS,2,E01009239,0,1
2024010535877,2024,010535877,2,9,9,99,99,9,9,99,99,1,0,99,9,99,9,9,6,6,1,-1,-1,1797,8,9,TOYOTA AURIS,-1,-1,0,-1
2024461459470,2024,461459470,1,9,0,-1,9,5,1,-1,0,0,0,0,0,0,4,1,-1,9,2,32,6,1598,1,17,TOYOTA AURIS,9,E01024143,0,1
2024010534081,2024,010534081,2,9,0,99,99,9,9,99,99,9,9,99,9,99,1,9,6,6,3,-1,-1,1797,8,9,TOYOTA AURIS,7,E01002228,0,2
2024101531943,2024,101531943,1,9,0,-1,19,7,3,-1,0,0,0,0,0,0,1,1,-1,9,1,45,7,1598,1,17,TOYOTA AURIS,3,E01008576,0,1
2024351495588,2024,351495588,1,8,0,-1,5,1,5,-1,0,4,0,0,0,0,1,1,-1,1,1,50,8,1797,8,10,TOYOTA AURIS,5,E01017972,0,1
2024010506826,2024,010506826,2,9,9,99,99,9,9,99,99,9,9,99,9,99,9,9,6,6,3,-1,-1,1598,1,16,TOYOTA AURIS,-1,-1,0,-1
2024010497669,2024,010497669,2,8,0,4,4,5,1,0,0,1,0,0,0,0,3,1,1,1,1,46,8,1797,8,9,TOYOTA AURIS,4,E01001768,0,2
2024501441812,2024,501441812,1,9,0,-1,19,7,3,-1,0,1,0,0,0,0,1,9,-1,6,1,73,10,1798,8,8,TOYOTA AURIS,3,E01015193,0,1
2024401529324,2024,401529324,4,9,0,-1,4,4,8,-1,0,0,0,0,0,0,2,1,-1,6,2,55,8,1797,8,10,TOYOTA AURIS,3,E01001488,0,4
2024430212376,2024,430212376,1,9,0,9,9,2,8,0,0,8,0,0,0,0,2,1,6,6,1,33,6,1197,1,8,TOYOTA AURIS,-1,-1,0,-1
2024061455491,2024,061455491,1,9,0,-1,19,3,7,-1,0,1,0,0,0,0,3,1,-1,1,1,56,9,1798,8,8,TOYOTA AURIS,2,E01005122,0,1
2024010550507,2024,010550507,2,9,0,99,99,9,9,99,99,9,9,99,9,99,9,9,6,6,3,-1,-1,1598,1,10,TOYOTA AURIS,-1,-1,0,-1
2024201462142,2024,201462142,2,9,0,-1,3,3,7,-1,0,0,0,0,0,0,2,1,-1,9,1,38,7,1598,7,10,TOYOTA AURIS,2,E01008881,0,1
2024991419727,2024,991419727,1,9,0,-1,19,7,3,-1,0,0,1,4,0,0,3,1,-1,9,2,29,6,1364,2,16,TOYOTA AURIS,-1,-1,0,-1
2024201529612,2024,201529612,1,8,0,-1,19,7,3,-1,0,1,0,0,0,0,1,1,-1,1,1,30,6,1798,8,6,TOYOTA AURIS,2,E01009082,0,2
2024332400509,2024,332400509,1,8,0,-1,19,8,4,-1,0,0,0,0,0,0,1,1,-1,1,1,47,8,1797,8,9,TOYOTA AURIS,3,E01025715,0,1
2024010514255,2024,010514255,1,9,0,18,19,5,1,0,0,8,0,0,0,0,3,1,6,6,1,32,6,1598,1,17,TOYOTA AURIS,3,E01001812,0,1
202454E862324,2024,54E862324,1,9,0,5,5,1,5,0,0,6,0,0,0,0,1,1,6,6,2,81,11,1797,8,9,TOYOTA AURIS,10,E01032055,0,4
2024332401218,2024,332401218,2,8,0,-1,19,4,8,-1,0,0,0,0,0,0,3,1,-1,6,3,-1,-1,1798,8,6,TOYOTA AURIS,-1,-1,0,-1
2024311497119,2024,311497119,2,9,0,-1,3,1,6,-1,0,1,0,0,0,0,1,1,-1,9,3,40,7,1797,8,9,TOYOTA AURIS,-1,-1,0,-1
2024471452721,2024,471452721,1,9,0,-1,9,5,3,-1,0,2,0,0,0,0,1,1,-1,9,1,65,9,1797,8,11,TOYOTA AURIS,6,E01021079,0,1
2024010503310,2024,010503310,2,9,0,99,99,9,9,99,99,9,9,99,9,99,9,9,6,6,3,41,7,1797,8,10,TOYOTA AURIS,2,E01002734,0,1
2024351405599,2024,351405599,2,8,-1,-1,-1,-1,-1,-1,-1,0,-1,-1,-1,0,-1,9,-1,1,1,32,6,1797,8,9,TOYOTA AURIS,2,E01015601,0,1
2024311422809,2024,311422809,1,9,0,-1,4,3,7,-1,0,0,0,0,0,0,0,1,-1,1,1,46,8,1797,8,11,TOYOTA AURIS,2,E01013962,0,2
2024401430863,2024,401430863,2,9,0,-1,19,6,2,-1,0,0,0,0,0,0,3,1,-1,6,1,20,4,1798,8,7,TOYOTA AURIS,7,E01017481,0,1
2024622400761,2024,622400761,1,8,0,5,5,6,2,0,0,0,0,0,0,0,1,1,1,1,1,39,7,1798,8,6,TOYOTA AURIS,1,W01000862,0,1
2024101469244,2024,101469244,1,9,0,-1,5,1,2,-1,0,0,0,0,0,0,4,1,-1,6,1,82,11,1364,2,9,TOYOTA AURIS,5,E01008648,0,1
2024010523285,2024,010523285,1,9,0,15,15,1,5,0,0,1,0,0,0,0,1,1,3,7,1,36,7,1798,8,5,TOYOTA AURIS,2,E01000087,0,1
2024122400297,2024,122400297,1,9,0,18,19,5,1,0,0,8,0,0,0,0,1,1,6,6,2,81,11,1197,1,8,TOYOTA AURIS,10,E01027614,0,1