collision_index,collision_year,collision_ref_no,vehicle_reference,vehicle_type,towing_and_articulation,vehicle_manoeuvre_historic,vehicle_manoeuvre,vehicle_direction_from,vehicle_direction_to,vehicle_location_restricted_lane_historic,vehicle_location_restricted_lane,junction_location,skidding_and_overturning,hit_object_in_carriageway,vehicle_leaving_carriageway,hit_object_off_carriageway,first_point_of_impact,vehicle_left_hand_drive,journey_purpose_of_driver_historic,journey_purpose_of_driver,sex_of_driver,age_of_driver,age_band_of_driver,engine_capacity_cc,propulsion_code,age_of_vehicle,generic_make_model,driver_imd_decile,lsoa_of_driver,escooter_flag,driver_distance_banding
2024010523712,2024,010523712,1,9,0,99,99,9,9,99,99,9,9,99,9,99,2,9,2,2,1,38,7,1797,8,12,TOYOTA AURIS,3,E01003564,0,2
2024302400396,2024,302400396,2,8,0,18,19,8,3,0,0,8,0,0,0,0,1,1,1,1,1,30,6,1797,8,9,TOYOTA AURIS,1,E01013481,0,1
2024131447535,2024,131447535,1,9,0,-1,2,3,3,-1,0,0,0,0,0,0,0,1,-1,1,1,51,8,1798,8,7,TOYOTA AURIS,2,E01011250,0,2
2024010545002,2024,010545002,2,9,0,99,99,9,9,99,99,9,9,99,9,99,1,9,6,6,3,51,8,1798,1,15,TOYOTA AURIS,3,E01035721,0,1
2024010545051,2024,010545051,1,9,0,3,3,7,3,0,0,8,0,0,0,0,2,1,6,6,1,33,6,1398,1,16,TOYOTA AURIS,-1,-1,0,-1
2024131495198,2024,131495198,1,9,0,-1,9,8,2,-1,0,2,0,0,0,0,3,1,-1,9,1,40,7,1797,8,9,TOYOTA AURIS,7,E01011445,0,1
2024991409841,2024,991409841,1,9,0,-1,14,2,7,-1,0,0,0,0,0,0,1,1,-1,9,1,41,7,1197,1,9,TOYOTA AURIS,1,-1,0,1
2024201553744,2024,201553744,2,9,0,-1,3,5,1,-1,0,0,0,0,0,0,2,9,-1,6,2,38,7,1598,1,11,TOYOTA AURIS,2,E01009239,0,2
2024010522443,2024,010522443,2,9,0,18,19,7,3,0,0,1,0,0,1,0,1,1,6,6,1,53,8,1598,1,14,TOYOTA AURIS,6,E01002246,0,1
2024471536183,2024,471536183,1,9,0,-1,19,5,1,-1,0,0,0,1,0,0,3,1,-1,6,1,25,5,1598,1,15,TOYOTA AURIS,6,E01031568,0,1
2024631424657,2024,631424657,2,9,0,-1,19,6,2,-1,0,0,0,0,1,10,3,1,-1,9,2,49,8,1797,8,10,TOYOTA AURIS,6,W01000643,0,1
2024052400964,2024,052400964,1,9,0,18,19,8,4,0,0,0,0,0,0,0,1,1,6,6,1,52,8,1797,8,13,TOYOTA AURIS,4,E01003782,0,5
2024440509938,2024,440509938,1,9,0,18,19,7,3,0,0,1,0,0,0,0,1,1,6,6,2,27,6,1598,1,13,TOYOTA AURIS,6,E01023054,0,1
2024131489250,2024,131489250,1,8,0,-1,19,5,1,-1,0,8,0,0,0,0,1,1,-1,1,1,37,7,1798,8,8,TOYOTA AURIS,1,E01011430,0,2
2024131486841,2024,131486841,2,9,0,-1,19,7,3,-1,0,1,0,0,0,0,4,1,-1,9,1,46,8,1798,8,8,TOYOTA AURIS,1,E01011423,0,1
2024052402599,2024,052402599,1,9,0,18,19,1,5,0,0,6,0,0,0,0,1,1,2,2,2,41,7,1598,1,15,TOYOTA AURIS,5,E01007057,0,1
2024211520538,2024,211520538,1,9,0,-1,19,1,5,-1,0,0,0,4,0,0,1,1,-1,9,1,52,8,1798,8,5,TOYOTA AURIS,1,E01009480,0,4
2024131509373,2024,131509373,2,9,0,-1,19,4,8,-1,0,8,0,0,0,0,2,1,-1,9,1,49,8,1798,8,7,TOYOTA AURIS,1,E01033693,0,1
2024141469007,2024,141469007,1,9,0,-1,9,2,3,-1,0,1,0,0,0,0,3,1,-1,1,1,38,7,1998,2,17,TOYOTA AURIS,1,E01007948,0,1
2024201438240,2024,201438240,2,9,0,-1,19,7,3,-1,0,0,0,0,0,0,2,9,-1,1,1,37,7,1598,7,11,TOYOTA AURIS,-1,-1,0,-1
2024201470097,2024,201470097,2,9,0,-1,10,7,4,-1,0,1,0,0,0,0,4,9,-1,6,1,49,8,1598,1,9,TOYOTA AURIS,1,E01009412,0,1
2024201416066,2024,201416066,2,9,0,-1,19,6,2,-1,0,8,0,0,0,0,3,9,-1,9,1,62,9,1798,8,8,TOYOTA AURIS,3,E01009922,0,1
2024061512331,2024,061512331,1,8,0,-1,19,7,3,-1,0,8,0,0,0,0,1,1,-1,1,1,36,7,1798,8,7,TOYOTA AURIS,1,E01005236,0,4
2024010492798,2024,010492798,1,9,0,5,5,6,2,0,0,1,0,0,0,0,1,1,6,6,2,22,5,1797,8,13,TOYOTA AURIS,2,E01002072,0,1
2024471403138,2024,471403138,2,9,0,-1,19,4,2,-1,0,0,0,0,0,0,1,1,-1,9,1,19,4,1798,8,7,TOYOTA AURIS,5,E01016419,0,4
2024201500243,2024,201500243,1,9,0,-1,19,2,6,-1,0,3,0,0,0,0,1,1,-1,6,1,29,6,1364,2,17,TOYOTA AURIS,3,E01008989,0,2
2024440395994,2024,440395994,2,9,0,9,9,7,5,0,0,8,0,0,0,0,1,1,1,1,1,34,6,1798,8,9,TOYOTA AURIS,2,E01017153,0,1
2024471518288,2024,471518288,1,9,0,-1,9,4,2,-1,0,8,0,0,0,0,1,1,-1,9,2,42,7,1798,8,7,TOYOTA AURIS,9,E01016985,0,1
2024010555031,2024,010555031,1,9,9,99,99,9,9,99,99,9,9,99,0,0,1,9,6,6,3,-1,-1,1798,8,9,TOYOTA AURIS,-1,-1,0,-1
2024010520509,2024,010520509,1,9,0,7,7,1,3,0,0,1,0,0,0,0,3,1,6,6,1,23,5,1598,1,10,TOYOTA AURIS,2,E01003489,0,2
2024010550345,2024,010550345,1,9,0,11,11,7,3,0,0,1,0,0,0,0,4,1,1,1,1,64,9,1798,8,9,TOYOTA AURIS,-1,-1,0,-1
2024061470042,2024,061470042,3,9,0,-1,3,7,3,-1,0,2,0,0,0,0,3,1,-1,9,1,35,6,1364,2,11,TOYOTA AURIS,1,E01004823,0,1
2024520402296,2024,520402296,1,9,0,5,5,1,5,0,0,0,0,0,0,0,1,1,6,6,1,17,4,1798,8,7,TOYOTA AURIS,5,E01029193,0,3
2024041522744,2024,041522744,1,9,0,-1,19,5,3,-1,0,0,0,0,7,0,1,1,-1,2,1,39,7,1798,8,6,TOYOTA AURIS,3,E01004777,0,3
2024332400827,2024,332400827,1,9,0,-1,19,3,7,-1,0,0,0,0,0,0,3,1,-1,2,1,30,6,1329,1,15,TOYOTA AURIS,1,E01013603,0,1
2024010495549,2024,010495549,1,8,0,99,99,9,9,99,99,9,9,99,9,99,4,9,1,1,1,58,9,1797,8,9,TOYOTA AURIS,10,E01000357,0,1
2024201514925,2024,201514925,1,9,0,-1,5,4,8,-1,0,0,0,0,0,0,4,1,-1,2,1,26,6,1598,1,15,TOYOTA AURIS,1,E01034934,0,1
2024501519477,2024,501519477,2,9,0,-1,9,3,8,-1,0,8,0,0,0,0,4,1,-1,2,2,74,10,1798,8,7,TOYOTA AURIS,4,E01019032,0,1
2024351508526,2024,351508526,2,9,0,-1,19,-1,-1,-1,0,8,0,0,0,0,1,1,-1,6,1,28,6,1329,1,11,TOYOTA AURIS,2,E01035542,0,1
2024122401217,2024,122401217,1,8,0,16,19,3,7,0,0,4,0,0,0,0,1,1,1,1,1,55,8,1797,8,10,TOYOTA AURIS,3,E01010847,0,4
2024061528439,2024,061528439,2,9,0,-1,2,0,0,-1,0,2,0,0,0,0,3,1,-1,6,-1,-1,-1,2231,2,16,TOYOTA AURIS,-1,-1,0,-1
2024052400304,2024,052400304,2,9,0,3,3,7,3,0,0,1,0,0,0,0,2,1,6,6,1,78,11,1598,2,9,TOYOTA AURIS,10,E01007149,0,1
2024501433957,2024,501433957,1,9,0,-1,19,8,4,-1,0,0,2,11,0,0,4,1,-1,9,1,54,8,1598,1,17,TOYOTA AURIS,5,E01019947,0,2
2024320310645,2024,320310645,1,9,0,13,13,8,4,0,0,0,0,0,0,0,1,1,6,6,1,58,9,1598,1,10,TOYOTA AURIS,9,E01017603,0,5
2024201523549,2024,201523549,2,9,0,-1,19,1,5,-1,0,2,0,0,0,0,4,1,-1,6,2,54,8,1329,1,15,TOYOTA AURIS,1,E01008938,0,1
2024231424798,2024,231424798,2,9,0,-1,19,4,8,-1,0,8,0,0,0,0,3,9,-1,6,2,61,9,1598,2,9,TOYOTA AURIS,6,E01025874,0,3
2024010533499,2024,010533499,2,9,0,7,7,1,4,0,0,6,0,0,0,0,1,1,1,1,1,56,9,1797,8,9,TOYOTA AURIS,2,E01002722,0,1
2024201491939,2024,201491939,2,9,0,-1,8,5,8,-1,0,1,0,0,0,0,3,1,-1,9,1,38,7,1797,8,10,TOYOTA AURIS,1,E01009081,0,1
2024311500823,2024,311500823,1,8,0,-1,9,1,3,-1,0,1,0,0,0,0,1,1,-1,9,1,40,7,1797,8,9,TOYOTA AURIS,-1,-1,0,-1
2024010522433,2024,010522433,2,9,0,9,9,1,6,0,0,8,0,0,0,0,2,1,2,2,2,51,8,1797,8,10,TOYOTA AURIS,-1,-1,0,-1
2024010519405,2024,010519405,1,9,0,99,99,9,9,99,99,9,9,99,9,99,2,9,6,6,1,48,8,1797,8,10,TOYOTA AURIS,5,E01017913,0,4
2024010510217,2024,010510217,2,9,9,99,99,9,9,99,99,9,9,99,9,99,9,9,6,6,3,-1,-1,1797,8,13,TOYOTA AURIS,-1,-1,0,-1
2024131409581,2024,131409581,2,9,0,-1,4,7,7,-1,0,0,0,0,0,0,2,1,-1,2,2,41,7,1598,1,16,TOYOTA AURIS,7,E01011599,0,1
2024131419991,2024,131419991,5,9,0,-1,7,3,7,-1,0,1,0,0,0,0,4,1,-1,6,1,35,6,1797,8,11,TOYOTA AURIS,2,E01010619,0,1
2024131513088,2024,131513088,2,9,0,-1,2,0,0,-1,0,8,0,0,0,0,4,1,-1,1,1,56,9,1797,8,10,TOYOTA AURIS,2,E01010805,0,3
2024471455619,2024,471455619,2,8,0,-1,9,2,8,-1,0,6,9,0,0,0,1,1,-1,6,1,78,11,1364,2,9,TOYOTA AURIS,6,E01021149,0,2
2024061475106,2024,061475106,2,8,0,-1,5,3,7,-1,0,1,0,0,0,0,3,1,-1,1,1,48,8,1797,8,9,TOYOTA AURIS,6,E01006038,0,1
2024052400763,2024,052400763,2,9,0,9,9,5,2,0,0,8,0,0,0,0,1,1,6,6,1,27,6,1598,1,11,TOYOTA AURIS,3,E01013394,0,5
2024041452204,2024,041452204,1,9,0,-1,15,7,3,-1,0,1,5,4,0,0,1,1,-1,9,2,39,7,1364,2,11,TOYOTA AURIS,4,E01012634,0,1
2024311514607,2024,311514607,1,9,0,-1,11,5,1,-1,0,0,2,7,0,0,4,1,-1,9,1,31,6,1797,8,10,TOYOTA AURIS,2,E01019500,0,3
2024061424611,2024,061424611,1,9,0,-1,19,8,4,-1,0,0,0,0,0,0,1,1,-1,6,1,19,4,1364,2,11,TOYOTA AURIS,1,E01004877,0,3
2024041499684,2024,041499684,1,9,0,-1,19,7,3,-1,0,1,0,0,0,0,1,1,-1,1,1,40,7,1798,8,6,TOYOTA AURIS,1,E01025042,0,4
2024440419808,2024,440419808,1,9,0,3,3,8,4,0,0,0,0,0,0,0,2,1,6,6,1,41,7,1398,1,15,TOYOTA AURIS,5,E01022543,0,1
2024311429781,2024,311429781,2,8,0,-1,9,2,8,-1,0,2,0,0,0,0,3,1,-1,9,1,56,9,1797,8,10,TOYOTA AURIS,1,E01013947,0,1
2024401457423,2024,401457423,1,9,0,-1,-1,-1,-1,-1,-1,-1,-1,-1,-1,0,-1,9,-1,9,2,44,7,1797,8,13,TOYOTA AURIS,2,E01015758,0,1
2024201533263,2024,201533263,2,8,0,-1,19,1,7,-1,0,1,0,0,0,0,1,1,-1,1,1,39,7,1798,8,6,TOYOTA AURIS,1,E01009352,0,1
2024411414513,2024,411414513,2,9,0,-1,10,3,1,-1,0,6,0,0,4,0,3,1,-1,2,1,29,6,1197,1,9,TOYOTA AURIS,7,E01023605,0,3
2024141530522,2024,141530522,2,9,0,-1,19,8,4,-1,0,1,0,0,0,0,1,1,-1,2,1,50,8,1798,8,6,TOYOTA AURIS,2,E01007812,0,2
2024522401188,2024,522401188,1,8,0,7,7,5,7,0,0,5,0,0,0,0,2,1,1,1,1,44,7,1798,8,6,TOYOTA AURIS,1,E01033356,0,1
2024061436026,2024,061436026,1,9,0,-1,19,-1,-1,-1,9,-1,0,0,0,0,3,1,-1,6,2,44,7,1329,1,10,TOYOTA AURIS,2,E01005470,0,1
2024201440984,2024,201440984,3,8,0,-1,19,5,1,-1,0,0,0,0,0,0,1,9,-1,1,1,44,7,1798,8,6,TOYOTA AURIS,1,E01009494,0,2
2024131491238,2024,131491238,1,9,0,-1,10,7,3,-1,0,5,0,0,0,0,1,1,-1,1,1,58,9,1798,8,5,TOYOTA AURIS,2,E01010974,0,2
2024522401725,2024,522401725,1,9,0,18,19,9,9,0,0,0,0,0,0,0,2,1,6,6,1,54,8,1798,8,6,TOYOTA AURIS,2,E01014574,0,1
2024131401770,2024,131401770,2,8,0,-1,3,2,6,-1,0,1,0,0,0,0,4,1,-1,1,1,60,9,1798,8,9,TOYOTA AURIS,1,E01011429,0,1
2024131500655,2024,131500655,1,9,0,-1,19,5,5,-1,0,8,0,0,0,0,1,1,-1,6,1,41,7,1329,1,15,TOYOTA AURIS,2,E01010740,0,3
2024131499980,2024,131499980,2,9,0,-1,19,7,3,-1,0,0,0,0,0,0,1,1,-1,1,1,41,7,1798,8,8,TOYOTA AURIS,1,E01010809,0,3
2024010502833,2024,010502833,2,9,0,99,99,9,9,99,99,9,9,99,9,99,1,9,6,6,3,-1,-1,1598,1,10,TOYOTA AURIS,-1,-1,0,-1
2024221459288,2024,221459288,2,9,0,-1,2,0,0,-1,0,0,0,0,0,0,4,1,-1,6,1,81,11,1364,2,11,TOYOTA AURIS,6,E01032196,0,1
2024141417726,2024,141417726,1,9,0,-1,19,2,6,-1,0,3,0,7,0,0,4,1,-1,9,1,31,6,1197,1,8,TOYOTA AURIS,1,E01007949,0,1
2024010547425,2024,010547425,1,9,0,99,99,9,9,99,99,9,9,99,9,99,1,9,2,2,1,25,5,1598,1,17,TOYOTA AURIS,6,E01021473,0,3
2024010501428,2024,010501428,1,9,0,18,19,7,3,0,0,0,0,0,0,0,2,1,6,6,2,80,11,1797,8,11,TOYOTA AURIS,8,E01004703,0,3
2024451432361,2024,451432361,2,9,0,-1,10,3,1,-1,0,5,0,0,0,0,1,1,-1,9,2,68,10,1797,8,9,TOYOTA AURIS,3,E01002612,0,2
2024061448038,2024,061448038,2,9,0,-1,99,5,1,-1,0,6,0,0,0,0,1,1,-1,6,1,-1,-1,1329,1,14,TOYOTA AURIS,1,E01005213,0,1
2024101511159,2024,101511159,1,9,0,-1,19,8,4,-1,0,0,0,0,0,0,1,1,-1,6,1,40,7,1598,1,16,TOYOTA AURIS,-1,-1,0,-1
2024430158982,2024,430158982,2,9,0,17,19,7,4,0,0,0,0,0,0,0,1,1,2,2,1,26,6,1798,8,8,TOYOTA AURIS,5,E01033839,0,4
2024311416049,2024,311416049,2,9,0,-1,9,4,2,-1,0,1,0,0,0,0,3,1,-1,6,1,44,7,1798,8,6,TOYOTA AURIS,3,E01013944,0,1
2024010540162,2024,010540162,2,9,0,9,9,1,6,0,0,1,0,0,0,0,3,1,6,6,3,44,7,1798,8,8,TOYOTA AURIS,-1,-1,0,-1
2024231482289,2024,231482289,1,9,0,-1,5,1,5,-1,0,0,0,0,0,0,0,9,-1,9,1,40,7,1364,2,9,TOYOTA AURIS,2,E01034746,0,3
2024041406563,2024,041406563,1,9,0,-1,19,1,5,-1,0,1,0,0,0,0,4,1,-1,9,1,37,7,1797,8,11,TOYOTA AURIS,1,E01004828,0,4
2024311453651,2024,311453651,1,8,0,-1,19,6,1,-1,0,1,0,11,0,0,1,1,-1,9,1,37,7,1797,8,10,TOYOTA AURIS,2,E01015599,0,4
2024010500010,2024,010500010,1,9,0,99,99,9,9,99,99,9,9,99,9,99,1,9,6,6,1,23,5,1797,8,12,TOYOTA AURIS,3,E01000226,0,1
2024211509861,2024,211509861,2,9,0,-1,19,1,5,-1,0,0,0,0,0,0,4,1,-1,9,1,-1,-1,1598,1,12,TOYOTA AURIS,-1,-1,0,-1
2024131393903,2024,131393903,1,8,0,-1,19,5,1,-1,0,0,0,7,0,0,4,1,-1,1,1,42,7,1798,8,6,TOYOTA AURIS,1,E01011677,0,1
2024131409974,2024,131409974,1,9,0,-1,19,1,5,-1,0,2,0,0,0,0,1,1,-1,1,1,63,9,1797,8,10,TOYOTA AURIS,3,E01010629,0,1
2024201452658,2024,201452658,1,9,0,-1,9,2,8,-1,0,6,0,0,0,0,1,1,-1,6,2,46,8,1364,2,15,TOYOTA AURIS,2,E01010004,0,1
2024201438684,2024,201438684,2,8,0,-1,19,1,5,-1,0,0,0,0,0,0,4,1,-1,6,1,35,6,1797,5,9,TOYOTA AURIS,1,E01008916,0,1
2024531401797,2024,531401797,1,9,0,-1,19,3,7,-1,0,0,0,0,0,0,1,1,-1,6,2,37,7,1798,8,8,TOYOTA AURIS,8,E01022411,0,1
2024010511229,2024,010511229,1,9,0,9,9,1,7,0,0,8,0,0,0,0,1,1,6,6,1,90,11,1398,1,15,TOYOTA AURIS,9,E01000424,0,1
2024131533142,2024,131533142,1,9,0,-1,9,5,1,-1,0,8,0,0,0,0,1,1,-1,9,1,37,7,1798,8,7,TOYOTA AURIS,1,E01011339,0,1
2024411403975,2024,411403975,3,9,0,-1,19,1,5,-1,0,0,1,0,0,0,1,9,-1,2,2,33,6,1364,2,12,TOYOTA AURIS,10,E01033190,0,4
2024201436989,2024,201436989,2,9,0,-1,19,3,7,-1,0,8,0,0,0,0,1,1,-1,6,1,41,7,1598,1,10,TOYOTA AURIS,-1,-1,0,-1
2024430154433,2024,430154433,1,9,0,9,9,8,6,0,0,0,0,0,0,0,3,1,6,6,2,76,11,1797,8,12,TOYOTA AURIS,10,E01017677,0,1
2024201432571,2024,201432571,4,9,0,-1,2,0,0,-1,9,8,0,0,0,0,1,9,-1,6,3,-1,-1,1598,1,11,TOYOTA AURIS,-1,-1,0,-1
2024131414360,2024,131414360,1,9,0,-1,9,7,3,-1,0,1,0,0,0,0,1,1,-1,9,1,51,8,1598,1,16,TOYOTA AURIS,1,E01033691,0,1
2024430442782,2024,430442782,1,9,0,18,19,5,1,0,0,0,0,0,4,9,1,1,6,6,1,30,6,1797,8,14,TOYOTA AURIS,1,E01005427,0,5
2024010549805,2024,010549805,3,19,0,13,13,7,3,0,0,8,0,0,0,0,0,1,1,1,1,22,5,1797,8,10,TOYOTA AURIS,9,E01000351,0,3
2024061438091,2024,061438091,1,9,0,-1,19,1,1,-1,0,0,0,0,0,0,1,2,-1,6,3,30,6,1798,8,7,TOYOTA AURIS,-1,-1,0,-1
2024471445094,2024,471445094,2,9,0,-1,2,0,0,-1,0,1,0,0,0,0,2,1,-1,6,3,-1,-1,1798,8,8,TOYOTA AURIS,-1,-1,0,-1
2024010532049,2024,010532049,2,9,0,2,2,0,0,0,0,0,0,0,0,0,4,1,6,6,3,-1,-1,1798,8,7,TOYOTA AURIS,-1,-1,0,-1
2024311399443,2024,311399443,1,8,0,-1,3,7,3,-1,0,1,0,0,0,0,3,1,-1,1,1,66,10,1797,8,9,TOYOTA AURIS,2,E01013823,0,1
2024411495678,2024,411495678,1,9,0,-1,7,6,8,-1,0,8,0,0,0,0,3,1,-1,6,2,40,7,1598,1,12,TOYOTA AURIS,5,E01023681,0,1
2024131466667,2024,131466667,2,9,0,-1,2,0,0,-1,0,8,0,0,0,0,1,1,-1,6,-1,-1,-1,1797,8,13,TOYOTA AURIS,-1,-1,0,-1
2024440367423,2024,440367423,2,8,0,18,19,3,7,0,0,0,0,0,0,0,1,1,1,1,1,42,7,1797,8,9,TOYOTA AURIS,9,E01022796,0,2
2024311495547,2024,311495547,1,9,0,-1,19,1,5,-1,0,0,0,4,0,0,1,1,-1,6,1,51,8,1598,1,17,TOYOTA AURIS,-1,-1,0,-1
2024131429337,2024,131429337,1,9,0,-1,19,7,3,-1,0,1,0,0,0,0,1,1,-1,9,1,48,8,1598,1,16,TOYOTA AURIS,1,E01010830,0,1
2024041472480,2024,041472480,1,9,0,-1,19,1,5,-1,0,0,1,0,0,0,1,1,-1,9,2,29,6,1598,1,16,TOYOTA AURIS,1,E01005611,0,4
202460Q168500,2024,60Q168500,2,9,0,18,19,4,8,0,0,1,0,0,0,0,3,1,6,6,1,57,9,1598,2,8,TOYOTA AURIS,-1,-1,0,-1
2024501475538,2024,501475538,1,9,0,-1,3,4,8,-1,0,1,0,0,0,0,3,1,-1,6,2,66,10,1598,1,11,TOYOTA AURIS,5,E01018903,0,3
2024501398263,2024,501398263,2,8,0,-1,19,3,7,-1,0,0,0,0,0,0,1,9,-1,1,1,37,7,1797,8,9,TOYOTA AURIS,4,E01018815,0,2
2024421474687,2024,421474687,2,9,0,-1,20,7,3,-1,0,0,0,0,0,0,3,1,-1,9,2,56,9,1798,8,8,TOYOTA AURIS,3,E01021641,0,3
2024421491827,2024,421491827,1,9,0,-1,19,5,1,-1,0,1,0,0,0,0,1,1,-1,6,2,55,8,1364,2,10,TOYOTA AURIS,5,E01035169,0,1
2024131454820,2024,131454820,1,9,0,-1,-1,-1,-1,-1,-1,-1,-1,-1,-1,-1,-1,1,-1,6,3,-1,-1,2231,2,17,TOYOTA AURIS,-1,-1,0,-1
2024421441993,2024,421441993,2,9,0,-1,2,0,0,-1,0,0,0,0,0,0,4,1,-1,6,3,-1,-1,1798,8,9,TOYOTA AURIS,-1,-1,0,-1
2024131515465,2024,131515465,2,9,0,-1,19,6,2,-1,0,0,0,0,0,0,1,1,-1,6,1,60,9,1797,8,14,TOYOTA AURIS,1,E01010736,0,1
2024201506274,2024,201506274,1,8,0,-1,5,2,6,-1,0,0,0,0,0,0,0,1,-1,1,1,25,5,1797,8,10,TOYOTA AURIS,5,E01009798,0,2
2024520401860,2024,520401860,1,9,0,18,19,2,6,0,0,0,0,0,0,0,1,1,6,6,1,43,7,1598,1,16,TOYOTA AURIS,2,E01034471,0,5
2024501404557,2024,501404557,1,8,0,-1,19,8,4,-1,0,0,0,0,0,0,1,1,-1,1,2,51,8,1797,8,9,TOYOTA AURIS,5,E01018839,0,1
2024201530251,2024,201530251,1,9,0,-1,19,4,8,-1,0,8,0,0,0,0,1,1,-1,9,1,29,6,1329,1,12,TOYOTA AURIS,1,E01009359,0,1
2024440071319,2024,440071319,2,9,0,18,19,8,4,0,0,1,0,0,0,0,4,1,6,6,1,47,8,1797,8,10,TOYOTA AURIS,4,E01017235,0,1
2024461468869,2024,461468869,3,9,0,-1,19,8,4,-1,0,0,0,0,0,0,2,9,-1,9,2,31,6,1797,8,14,TOYOTA AURIS,7,E01000414,0,4
2024451532593,2024,451532593,1,9,0,-1,19,1,5,-1,0,2,0,0,0,0,1,1,-1,9,2,77,11,1797,8,12,TOYOTA AURIS,8,E01030836,0,1
2024461432668,2024,461432668,2,9,0,-1,5,7,3,-1,0,1,0,0,0,0,2,1,-1,2,2,56,9,1598,1,17,TOYOTA AURIS,4,E01024577,0,3
2024131519643,2024,131519643,1,9,0,-1,-1,-1,-1,-1,-1,-1,-1,-1,-1,-1,-1,1,-1,6,3,-1,-1,1797,8,10,TOYOTA AURIS,-1,-1,0,-1
2024411523185,2024,411523185,1,9,0,-1,19,6,1,-1,0,1,0,4,0,0,3,1,-1,9,1,35,6,1797,8,12,TOYOTA AURIS,4,E01023790,0,1
2024332400224,2024,332400224,2,9,0,-1,19,5,1,-1,0,0,0,0,0,0,1,1,-1,9,1,59,9,1329,1,11,TOYOTA AURIS,10,E01025970,0,1
2024131429337,2024,131429337,2,9,0,-1,19,5,1,-1,0,1,0,0,0,0,4,1,-1,9,2,49,8,1329,1,13,TOYOTA AURIS,1,E01010617,0,1
2024010503353,2024,010503353,2,9,0,99,99,9,9,99,99,9,9,99,9,99,1,9,6,6,3,-1,-1,1797,8,10,TOYOTA AURIS,-1,-1,0,-1
2024010516456,2024,010516456,1,9,0,18,19,1,5,0,0,1,0,0,0,0,1,1,1,1,1,59,9,1797,8,11,TOYOTA AURIS,-1,-1,0,-1
2024061411121,2024,061411121,1,9,0,-1,7,7,1,-1,0,1,0,0,0,0,1,1,-1,9,1,60,9,1798,8,8,TOYOTA AURIS,2,E01005182,0,1
2024520402986,2024,520402986,2,9,0,2,2,0,0,0,0,8,0,0,0,0,2,1,6,6,3,-1,-1,1197,1,9,TOYOTA AURIS,-1,-1,0,-1
2024411486783,2024,411486783,1,9,0,-1,9,7,3,-1,0,6,0,0,0,0,3,1,-1,6,2,35,6,1798,8,6,TOYOTA AURIS,9,E01023466,0,3
2024461406125,2024,461406125,2,9,0,-1,19,4,8,-1,0,1,0,0,0,0,4,1,-1,9,2,32,6,1798,8,7,TOYOTA AURIS,6,E01035281,0,1
2024451439057,2024,451439057,2,9,0,-1,2,1,5,-1,0,0,0,0,0,0,2,1,-1,1,1,59,9,1798,8,8,TOYOTA AURIS,4,E01000507,0,4
2024311420013,2024,311420013,2,8,0,-1,3,7,3,-1,0,0,0,0,0,0,2,1,-1,1,1,46,8,1798,8,8,TOYOTA AURIS,1,E01013849,0,2
2024401415118,2024,401415118,1,9,0,-1,19,7,3,-1,0,1,0,0,0,0,1,1,-1,6,1,21,5,1364,2,9,TOYOTA AURIS,-1,-1,0,-1
2024010530511,2024,010530511,1,9,0,9,9,5,2,0,0,6,0,0,0,0,1,1,6,6,1,49,8,1398,1,17,TOYOTA AURIS,7,E01003414,0,2
2024010547949,2024,010547949,1,9,0,18,19,3,7,0,0,2,1,0,0,0,1,1,2,2,1,19,4,1797,8,13,TOYOTA AURIS,1,E01001115,0,1
2024010537406,2024,010537406,2,9,0,18,19,5,1,0,0,8,0,0,0,0,3,1,6,6,2,41,7,1797,8,12,TOYOTA AURIS,9,E01004133,0,1
2024991501329,2024,991501329,2,9,0,-1,13,3,7,-1,0,0,0,0,0,0,1,2,-1,1,1,59,9,1798,8,6,TOYOTA AURIS,5,-1,0,2
2024010524939,2024,010524939,1,8,0,18,19,1,5,0,0,1,0,0,0,0,4,1,1,1,1,29,6,1798,8,6,TOYOTA AURIS,3,E01004567,0,1
2024401438638,2024,401438638,2,9,-1,-1,19,2,5,-1,0,8,0,0,0,0,3,9,-1,9,1,34,6,1798,8,8,TOYOTA AURIS,6,E01023598,0,4
2024131526955,2024,131526955,1,9,0,-1,19,1,1,-1,0,0,0,4,0,0,1,1,-1,1,1,58,9,1798,8,7,TOYOTA AURIS,1,E01010676,0,1
2024991511793,2024,991511793,1,9,0,-1,19,8,4,-1,0,0,0,0,0,0,1,1,-1,6,1,32,6,1798,8,6,TOYOTA AURIS,2,-1,0,1
2024302401657,2024,302401657,1,9,0,-1,19,8,4,-1,0,8,0,0,0,0,3,2,-1,6,3,-1,-1,1598,1,11,TOYOTA AURIS,5,E01019456,0,3
2024010488489,2024,010488489,2,9,0,18,19,1,5,0,0,8,0,0,0,0,1,1,6,6,1,47,8,1797,8,9,TOYOTA AURIS,3,E01000111,0,1
2024010520239,2024,010520239,3,9,0,18,19,1,5,0,0,0,1,0,0,0,2,1,6,6,1,52,8,1797,8,12,TOYOTA AURIS,3,E01000783,0,2
2024471486454,2024,471486454,1,9,0,-1,5,6,7,-1,0,1,0,0,0,0,4,1,-1,6,1,46,8,1797,8,9,TOYOTA AURIS,2,E01020990,0,1
2024131500777,2024,131500777,1,9,0,-1,9,1,3,-1,0,8,0,0,0,0,1,1,-1,6,2,41,7,1598,1,17,TOYOTA AURIS,1,E01010831,0,1