collision_index,collision_year,collision_ref_no,vehicle_reference,vehicle_type,towing_and_articulation,vehicle_manoeuvre_historic,vehicle_manoeuvre,vehicle_direction_from,vehicle_direction_to,vehicle_location_restricted_lane_historic,vehicle_location_restricted_lane,junction_location,skidding_and_overturning,hit_object_in_carriageway,vehicle_leaving_carriageway,hit_object_off_carriageway,first_point_of_impact,vehicle_left_hand_drive,journey_purpose_of_driver_historic,journey_purpose_of_driver,sex_of_driver,age_of_driver,age_band_of_driver,engine_capacity_cc,propulsion_code,age_of_vehicle,generic_make_model,driver_imd_decile,lsoa_of_driver,escooter_flag,driver_distance_banding
2024010540539,2024,010540539,1,9,0,9,9,3,1,0,0,5,0,0,0,0,1,1,6,6,3,-1,-1,1797,8,10,TOYOTA AURIS,-1,-1,0,-1
2024070605110,2024,070605110,2,8,0,3,3,0,0,0,0,1,0,1,0,0,2,1,1,1,1,35,6,1798,8,7,TOYOTA AURIS,3,E01015701,0,5
2024041508527,2024,041508527,2,9,0,-1,19,8,8,-1,0,2,0,0,0,0,1,1,-1,9,1,41,7,1329,1,15,TOYOTA AURIS,1,E01024908,0,1
2024361469392,2024,361469392,1,9,0,-1,9,5,1,-1,0,8,0,0,0,0,3,1,-1,9,2,69,10,1197,1,7,TOYOTA AURIS,3,E01026843,0,1
2024010537268,2024,010537268,1,9,0,18,19,5,1,0,0,2,5,4,0,0,1,2,6,6,2,42,7,1797,8,12,TOYOTA AURIS,7,E01002418,0,1
2024131473090,2024,131473090,2,9,0,-1,7,3,5,-1,0,2,0,0,0,0,3,1,-1,1,1,53,8,1798,8,6,TOYOTA AURIS,3,E01011647,0,1
2024070854473,2024,070854473,1,9,0,-1,5,3,7,-1,0,1,0,0,0,0,1,1,-1,9,2,35,6,1598,1,17,TOYOTA AURIS,7,E01018540,0,1
2024052400896,2024,052400896,1,8,0,7,7,7,1,0,0,1,0,0,0,0,1,1,6,6,1,39,7,1797,8,11,TOYOTA AURIS,1,E01006480,0,3
2024991455286,2024,991455286,1,9,0,-1,9,1,6,-1,0,6,0,0,0,0,1,1,-1,6,2,66,10,1798,8,6,TOYOTA AURIS,2,-1,0,1
2024061470815,2024,061470815,7,9,0,-1,19,7,3,-1,0,1,0,0,0,0,4,1,-1,6,1,62,9,1329,1,13,TOYOTA AURIS,3,E01004878,0,1
2024131491428,2024,131491428,1,9,0,-1,19,8,4,-1,0,1,0,0,0,0,1,1,-1,6,3,-1,-1,1798,8,8,TOYOTA AURIS,-1,-1,0,-1
2024010549947,2024,010549947,2,9,0,7,7,1,2,0,0,1,0,0,0,0,1,1,2,2,2,64,9,1329,1,14,TOYOTA AURIS,5,E01000747,0,1
2024131485742,2024,131485742,2,9,0,-1,19,7,3,-1,0,0,0,0,0,0,1,1,-1,9,2,64,9,1598,2,9,TOYOTA AURIS,10,E01027641,0,3
2024141497118,2024,141497118,2,9,0,-1,19,2,6,-1,0,0,0,0,7,0,1,1,-1,9,1,58,9,1598,1,15,TOYOTA AURIS,1,E01033271,0,1
2024061432912,2024,061432912,1,9,-1,-1,-1,-1,-1,-1,-1,-1,-1,-1,-1,0,-1,9,-1,6,3,-1,-1,1364,2,8,TOYOTA AURIS,-1,-1,0,-1
2024131522952,2024,131522952,3,9,0,-1,2,0,0,-1,0,8,0,0,0,0,3,1,-1,6,-1,-1,-1,1364,2,9,TOYOTA AURIS,-1,-1,0,-1
2024471470131,2024,471470131,1,8,0,-1,99,-1,-1,-1,99,9,9,0,0,0,2,1,-1,1,1,37,7,1798,8,6,TOYOTA AURIS,7,E01035329,0,1
2024131468434,2024,131468434,1,9,0,-1,5,7,3,-1,0,8,0,0,0,0,1,1,-1,6,2,51,8,1598,1,16,TOYOTA AURIS,1,E01011360,0,2
2024070727324,2024,070727324,1,9,0,-1,13,5,1,-1,0,0,0,0,2,11,1,1,-1,2,1,55,8,1798,8,8,TOYOTA AURIS,7,E01018598,0,2
2024211400720,2024,211400720,1,9,0,-1,19,1,5,-1,0,1,0,0,0,0,1,9,-1,6,1,54,8,1797,8,13,TOYOTA AURIS,2,E01014345,0,1
2024201487637,2024,201487637,1,9,0,-1,9,7,5,-1,0,6,0,0,0,0,1,9,-1,6,1,48,8,1798,8,8,TOYOTA AURIS,2,E01009747,0,1
2024131413375,2024,131413375,2,9,0,-1,19,2,6,-1,0,0,0,0,0,0,1,1,-1,9,2,44,7,1798,8,9,TOYOTA AURIS,1,E01011838,0,1
2024221416035,2024,221416035,1,9,0,-1,19,8,4,-1,0,0,2,0,1,0,1,1,-1,9,2,41,7,1798,8,7,TOYOTA AURIS,4,E01000900,0,5
2024041497797,2024,041497797,1,9,0,-1,19,7,3,-1,0,6,0,0,0,0,1,1,-1,6,1,41,7,1798,8,6,TOYOTA AURIS,5,E01025025,0,1
2024552401249,2024,552401249,1,9,0,18,19,4,8,0,0,0,0,0,0,0,1,1,6,6,1,21,5,1598,1,17,TOYOTA AURIS,5,E01015377,0,1
2024010549597,2024,010549597,2,9,0,6,6,1,1,0,0,8,0,0,0,0,1,1,6,6,1,33,6,1598,1,17,TOYOTA AURIS,4,E01000872,0,1
2024501517205,2024,501517205,1,9,0,-1,19,6,2,-1,0,0,0,4,0,0,1,1,-1,9,1,81,11,1797,8,10,TOYOTA AURIS,10,E01016525,0,5
2024010504721,2024,010504721,1,8,9,99,99,9,9,99,99,9,9,99,9,99,9,9,6,6,3,36,7,1798,8,7,TOYOTA AURIS,2,E01001249,0,1
2024131413431,2024,131413431,1,9,0,-1,19,3,7,-1,0,1,0,0,1,11,1,1,-1,1,2,43,7,1598,1,17,TOYOTA AURIS,2,E01011856,0,3
2024010536649,2024,010536649,2,9,0,4,4,1,5,0,0,1,0,0,0,0,2,1,6,6,1,38,7,1598,1,16,TOYOTA AURIS,1,E01033456,0,3
2024061505330,2024,061505330,1,9,-1,-1,19,7,3,-1,0,0,0,0,0,0,1,9,-1,6,3,-1,-1,1798,8,8,TOYOTA AURIS,-1,-1,0,-1
2024131459193,2024,131459193,1,9,0,-1,5,8,4,-1,0,0,0,0,0,0,1,1,-1,1,1,44,7,1797,8,10,TOYOTA AURIS,1,E01011133,0,3
2024451397797,2024,451397797,2,9,0,-1,19,1,5,-1,0,8,0,0,0,0,1,1,-1,6,1,44,7,1798,8,7,TOYOTA AURIS,8,E01002414,0,4
2024131509483,2024,131509483,1,9,0,-1,7,2,6,-1,0,6,0,0,0,0,1,1,-1,6,1,40,7,1329,1,15,TOYOTA AURIS,1,E01033021,0,1
2024320554460,2024,320554460,2,8,0,-1,-1,3,8,0,0,8,0,0,0,0,3,1,-1,-1,1,44,7,1798,8,8,TOYOTA AURIS,5,E01034692,0,3
2024201531139,2024,201531139,1,9,0,-1,7,5,8,-1,0,2,0,0,0,0,4,9,-1,6,2,-1,-1,1598,2,8,TOYOTA AURIS,-1,-1,0,-1
2024061488449,2024,061488449,1,8,0,-1,19,-1,-1,-1,0,1,0,0,0,0,3,1,-1,1,1,54,8,1798,8,7,TOYOTA AURIS,1,E01005350,0,3
2024461497457,2024,461497457,3,9,0,-1,2,0,0,-1,0,0,0,0,0,0,2,2,-1,6,1,66,10,1797,8,14,TOYOTA AURIS,5,E01024198,0,1
2024351405139,2024,351405139,1,9,0,-1,5,5,1,-1,0,4,0,0,0,0,1,1,-1,6,1,53,8,1364,2,16,TOYOTA AURIS,4,E01018009,0,1
2024451456706,2024,451456706,1,9,0,-1,12,6,2,-1,0,0,0,0,0,0,3,1,-1,6,1,30,6,1798,8,5,TOYOTA AURIS,1,E01017154,0,4
2024221520479,2024,221520479,1,8,0,-1,7,6,8,-1,0,4,0,0,0,0,1,1,-1,1,1,37,7,1798,8,7,TOYOTA AURIS,-1,-1,0,-1
2024010518948,2024,010518948,2,9,0,2,2,0,0,9,9,8,0,0,0,0,1,1,6,6,3,-1,-1,1598,1,17,TOYOTA AURIS,-1,-1,0,-1
2024061489804,2024,061489804,2,9,0,-1,-1,-1,-1,-1,0,-1,-1,-1,-1,0,1,9,-1,6,3,-1,-1,1398,1,16,TOYOTA AURIS,-1,-1,0,-1
2024010515170,2024,010515170,2,9,0,99,99,9,9,99,99,9,9,99,9,99,1,9,6,6,3,-1,-1,1598,1,11,TOYOTA AURIS,4,E01034605,0,1
2024010537847,2024,010537847,2,9,0,18,19,3,7,0,0,0,0,0,0,0,1,1,6,6,1,31,6,1798,8,8,TOYOTA AURIS,6,E01002145,0,1
2024311485293,2024,311485293,2,9,0,-1,19,5,1,-1,0,1,0,0,0,0,1,9,-1,6,3,-1,-1,1364,2,10,TOYOTA AURIS,-1,-1,0,-1
2024461457730,2024,461457730,2,9,0,-1,19,7,6,-1,0,1,0,0,0,0,1,9,-1,1,1,54,8,1798,8,7,TOYOTA AURIS,10,E01024144,0,1
2024041493760,2024,041493760,1,9,0,-1,19,1,5,-1,0,1,0,0,0,0,1,1,-1,2,1,38,7,1598,2,8,TOYOTA AURIS,2,E01012666,0,1
2024010517260,2024,010517260,2,9,0,9,9,1,7,0,0,5,0,0,0,0,3,1,6,6,1,50,8,1598,1,17,TOYOTA AURIS,3,E01022375,0,5
2024131506439,2024,131506439,2,9,0,-1,9,5,3,-1,0,0,0,0,0,0,3,1,-1,2,1,44,7,2231,2,15,TOYOTA AURIS,7,E01011630,0,1
2024311426477,2024,311426477,2,9,0,-1,19,2,6,-1,0,0,0,0,0,0,1,1,-1,6,1,35,6,1797,8,11,TOYOTA AURIS,1,E01013864,0,1
2024421509562,2024,421509562,2,9,0,-1,19,8,4,-1,0,2,0,0,0,0,1,1,-1,6,1,76,11,1797,8,9,TOYOTA AURIS,7,E01021966,0,1
2024141557268,2024,141557268,1,9,0,-1,5,5,2,-1,0,2,0,0,0,0,3,1,-1,9,1,51,8,1798,8,6,TOYOTA AURIS,1,E01007940,0,1
2024991456429,2024,991456429,2,9,0,-1,2,0,0,-1,0,0,0,0,0,0,2,1,-1,6,-1,-1,-1,1998,2,17,TOYOTA AURIS,-1,-1,0,-1
2024010534731,2024,010534731,2,9,0,6,6,4,4,0,0,1,0,0,0,0,1,1,1,1,1,68,10,1798,8,8,TOYOTA AURIS,2,E01001438,0,3
2024141459491,2024,141459491,1,9,0,-1,19,6,2,-1,0,0,5,0,0,0,1,1,-1,9,2,35,6,1797,8,9,TOYOTA AURIS,2,E01011785,0,1
2024440459387,2024,440459387,1,9,0,18,19,7,3,0,0,0,0,0,0,0,1,1,1,1,1,41,7,1798,8,6,TOYOTA AURIS,2,E01017216,0,4
2024010510520,2024,010510520,2,9,9,99,99,9,9,99,99,9,9,99,9,99,1,9,6,6,3,-1,-1,1798,8,8,TOYOTA AURIS,-1,-1,0,-1
2024010493247,2024,010493247,1,9,0,18,19,6,2,0,0,1,0,0,0,0,3,1,6,6,1,57,9,1797,8,12,TOYOTA AURIS,2,E01003622,0,2
2024010501207,2024,010501207,2,9,0,99,99,9,9,99,99,0,9,99,9,99,2,9,6,6,3,-1,-1,1798,8,6,TOYOTA AURIS,-1,-1,0,-1
2024231463123,2024,231463123,1,9,0,-1,9,8,6,-1,0,6,0,0,0,0,1,1,-1,1,1,42,7,1797,8,9,TOYOTA AURIS,1,E01009539,0,3
2024061463145,2024,061463145,1,8,0,-1,19,6,2,-1,0,0,0,0,0,0,4,1,-1,1,1,-1,-1,1798,8,6,TOYOTA AURIS,4,E01025492,0,1
2024010549212,2024,010549212,1,9,9,99,99,9,9,99,99,6,9,99,9,99,9,9,6,6,3,63,9,1797,8,10,TOYOTA AURIS,2,E01004239,0,1
2024221482090,2024,221482090,1,8,0,-1,9,2,1,-1,0,6,0,0,0,0,1,1,-1,1,1,38,7,1798,8,8,TOYOTA AURIS,1,E01009074,0,3
2024201444841,2024,201444841,1,8,0,-1,5,1,5,-1,0,0,0,0,0,0,1,9,-1,1,1,26,6,1797,8,10,TOYOTA AURIS,4,E01034744,0,1
2024010510148,2024,010510148,1,8,0,18,19,7,3,0,0,0,0,4,7,10,1,1,1,1,1,65,9,1797,8,10,TOYOTA AURIS,6,E01000892,0,2
2024010499509,2024,010499509,1,9,0,99,99,9,9,99,99,9,9,99,9,99,2,9,2,2,1,56,9,1798,8,7,TOYOTA AURIS,4,E01021269,0,4
2024302400515,2024,302400515,1,9,0,9,9,1,7,0,0,8,0,0,0,0,3,1,6,6,2,50,8,1398,1,16,TOYOTA AURIS,4,E01013459,0,1
2024010489905,2024,010489905,2,9,0,99,99,9,9,99,99,9,9,99,9,99,9,9,6,6,3,-1,-1,1798,8,8,TOYOTA AURIS,-1,-1,0,-1
2024991500816,2024,991500816,1,9,0,-1,1,0,0,-1,0,0,0,0,0,0,2,1,-1,9,1,82,11,1598,2,8,TOYOTA AURIS,9,-1,0,1
2024471511087,2024,471511087,1,9,0,-1,6,5,1,-1,0,1,0,0,0,0,3,1,-1,1,1,51,8,1797,8,11,TOYOTA AURIS,5,E01016988,0,1
2024430107957,2024,430107957,1,9,0,6,6,1,1,0,0,0,0,0,0,0,2,1,6,6,1,94,11,1797,8,11,TOYOTA AURIS,10,E01035740,0,1
2024131408002,2024,131408002,2,9,0,-1,19,1,5,-1,0,1,0,0,1,0,1,1,-1,1,1,41,7,1798,8,7,TOYOTA AURIS,3,E01011023,0,1
2024041508869,2024,041508869,1,9,0,-1,9,1,7,-1,0,2,0,0,0,0,1,1,-1,9,1,49,8,1797,8,13,TOYOTA AURIS,2,E01012642,0,1
2024201558939,2024,201558939,2,9,-1,-1,-1,-1,-1,-1,-1,0,-1,-1,-1,0,-1,9,-1,6,1,50,8,1598,1,11,TOYOTA AURIS,8,E01029664,0,1
2024201498703,2024,201498703,1,9,0,-1,5,7,3,-1,0,6,0,0,0,0,1,1,-1,6,1,57,9,1797,8,10,TOYOTA AURIS,1,E01034938,0,1
2024440250298,2024,440250298,1,9,0,18,19,5,1,0,0,3,0,0,0,0,4,1,6,6,1,50,8,1797,8,11,TOYOTA AURIS,3,E01017149,0,1
2024221414155,2024,221414155,1,9,0,-1,19,5,1,-1,0,0,0,0,0,0,1,9,-1,6,1,51,8,1329,1,11,TOYOTA AURIS,9,E01032142,0,2
2024461461349,2024,461461349,3,9,0,-1,2,0,0,-1,0,0,0,0,0,0,2,1,-1,6,-1,-1,-1,1797,8,9,TOYOTA AURIS,-1,-1,0,-1
2024122400460,2024,122400460,1,9,0,17,19,5,3,0,0,0,1,0,1,9,1,1,1,1,1,42,7,1797,8,10,TOYOTA AURIS,1,E01035191,0,3
2024201406268,2024,201406268,2,9,0,-1,19,6,2,-1,0,1,1,0,0,0,1,9,-1,1,1,23,5,1598,1,11,TOYOTA AURIS,1,E01009401,0,1
2024131477374,2024,131477374,1,8,0,-1,19,7,3,-1,0,0,0,0,0,0,1,1,-1,9,1,41,7,1798,8,7,TOYOTA AURIS,2,E01011913,0,2
2024131425033,2024,131425033,1,9,0,-1,19,5,1,-1,0,0,0,0,0,0,4,1,-1,6,3,-1,-1,1798,8,6,TOYOTA AURIS,-1,-1,0,-1
2024061501214,2024,061501214,1,8,0,-1,4,8,4,-1,4,1,0,0,0,0,4,1,-1,6,1,-1,-1,1798,8,8,TOYOTA AURIS,-1,-1,0,-1
2024231462951,2024,231462951,1,9,0,-1,-1,7,2,-1,-1,0,0,0,0,0,2,9,-1,-1,1,21,5,1329,1,13,TOYOTA AURIS,5,E01022321,0,4
2024131462316,2024,131462316,1,8,0,-1,19,1,4,-1,0,2,0,0,0,0,1,1,-1,1,1,64,9,1797,8,11,TOYOTA AURIS,4,E01010637,0,1
2024311530177,2024,311530177,1,9,0,-1,19,5,1,-1,0,8,0,0,7,0,1,1,-1,1,1,40,7,1798,8,6,TOYOTA AURIS,-1,-1,0,-1
2024131455179,2024,131455179,2,9,0,-1,2,1,7,-1,0,1,0,0,0,0,1,1,-1,1,1,54,8,1797,8,10,TOYOTA AURIS,2,E01011128,0,3
2024311454264,2024,311454264,3,8,0,-1,19,6,2,-1,0,0,0,0,0,0,2,1,-1,1,1,33,6,1797,8,10,TOYOTA AURIS,2,E01013853,0,3
2024451438870,2024,451438870,1,9,0,-1,19,6,1,-1,0,4,0,0,0,0,1,1,-1,9,1,51,8,1598,1,16,TOYOTA AURIS,6,E01032728,0,3
2024411433161,2024,411433161,1,9,0,-1,13,6,2,-1,0,8,0,10,0,0,1,1,-1,9,1,43,7,1798,8,7,TOYOTA AURIS,5,E01023546,0,1
2024311525886,2024,311525886,2,9,0,-1,2,1,5,-1,0,0,0,0,0,0,1,1,-1,1,1,38,7,1798,8,8,TOYOTA AURIS,-1,-1,0,-1
2024010534570,2024,010534570,2,9,0,99,99,9,9,99,99,9,9,99,9,99,9,9,6,6,3,-1,-1,1797,8,13,TOYOTA AURIS,-1,-1,0,-1
2024010518571,2024,010518571,2,8,0,10,10,3,2,0,0,0,0,0,0,0,2,1,1,1,1,34,6,1798,8,6,TOYOTA AURIS,10,E01023503,0,4
2024131414367,2024,131414367,2,9,0,-1,19,5,1,-1,0,1,0,0,0,0,3,1,-1,6,1,52,8,1398,1,16,TOYOTA AURIS,1,E01011001,0,1
2024010534737,2024,010534737,3,9,0,4,4,3,7,0,0,8,0,0,0,0,2,1,6,6,1,49,8,1797,8,14,TOYOTA AURIS,-1,-1,0,-1
2024991421078,2024,991421078,1,9,0,-1,9,6,4,-1,0,8,0,0,0,0,1,1,-1,9,1,69,10,1797,8,11,TOYOTA AURIS,4,-1,0,1
2024451495013,2024,451495013,1,9,0,-1,14,1,5,-1,0,0,0,0,0,0,1,1,-1,6,1,34,6,1598,1,12,TOYOTA AURIS,2,E01002561,0,1
2024131478158,2024,131478158,2,9,0,-1,19,1,5,-1,0,8,0,0,0,0,1,1,-1,9,2,38,7,1797,8,9,TOYOTA AURIS,3,E01010762,0,1
2024430014689,2024,430014689,1,19,0,17,19,3,8,0,0,0,0,0,1,4,1,1,6,6,1,23,5,1896,2,25,MAKE AND MODEL REDACTED,5,E01031242,0,4
2024320291498,2024,320291498,2,19,0,9,9,2,7,0,0,5,0,0,0,0,2,1,6,6,1,39,7,1896,2,24,MAKE AND MODEL REDACTED,-1,-1,0,-1
2024010544803,2024,010544803,2,9,0,7,7,1,3,0,0,6,0,0,1,0,1,1,6,6,2,31,6,-1,3,2,MAKE AND MODEL REDACTED,7,E01004081,0,1
2024010538034,2024,010538034,1,23,0,18,19,3,7,0,0,0,0,0,0,0,1,1,6,6,1,24,5,-1,3,3,MAKE AND MODEL REDACTED,4,E01001137,0,1
2024430411986,2024,430411986,2,3,0,18,19,4,8,0,0,8,0,0,0,0,1,1,1,1,1,30,6,-1,3,5,MAKE AND MODEL REDACTED,6,E01016297,0,3
2024010542390,2024,010542390,1,23,0,99,99,9,9,99,99,9,9,99,9,99,1,1,1,1,1,28,6,-1,3,2,MAKE AND MODEL REDACTED,4,E01001005,0,1
2024010547091,2024,010547091,1,23,0,99,99,9,9,99,99,9,9,99,9,99,2,1,1,1,1,20,4,-1,3,2,MAKE AND MODEL REDACTED,3,E01003299,0,1
2024010525298,2024,010525298,1,2,0,13,13,5,1,0,0,1,0,0,0,0,4,1,1,1,1,27,6,-1,3,2,MAKE AND MODEL REDACTED,6,E01003386,0,2
2024010550563,2024,010550563,1,2,0,4,4,7,3,0,0,1,0,0,0,0,1,1,1,1,1,25,5,-1,3,4,MAKE AND MODEL REDACTED,3,E01001367,0,3
2024501416444,2024,501416444,2,9,0,-1,19,7,3,-1,0,8,0,0,0,0,3,1,-1,9,1,63,9,1905,2,31,MAKE AND MODEL REDACTED,6,E01018912,0,1
2024311530900,2024,311530900,2,9,0,-1,19,1,5,-1,0,1,0,0,0,0,1,1,-1,2,2,59,9,1997,2,17,MAKE AND MODEL REDACTED,4,E01027928,0,2
2024451446700,2024,451446700,2,9,0,-1,19,1,5,-1,0,8,0,0,0,0,1,1,-1,9,1,39,7,1997,2,17,MAKE AND MODEL REDACTED,9,E01000656,0,3
2024041406588,2024,041406588,1,9,0,-1,19,5,1,-1,0,0,0,0,0,0,1,1,-1,9,1,49,8,1997,1,20,MAKE AND MODEL REDACTED,8,E01025272,0,3
2024031526539,2024,031526539,1,9,0,-1,6,5,5,-1,0,6,0,0,0,0,3,1,-1,9,1,35,6,1997,1,19,MAKE AND MODEL REDACTED,1,E01025156,0,3
2024440381295,2024,440381295,1,9,0,9,9,1,7,0,0,6,0,0,0,0,3,1,6,6,2,28,6,1600,8,3,MAKE AND MODEL REDACTED,9,E01017046,0,1
2024552400533,2024,552400533,1,9,0,13,13,2,6,0,0,0,0,0,0,0,1,1,6,6,2,38,7,1598,1,2,MAKE AND MODEL REDACTED,6,E01035457,0,4
2024231454829,2024,231454829,2,5,0,-1,19,6,2,-1,0,8,1,0,0,0,4,1,-1,9,1,21,5,745,1,14,MAKE AND MODEL REDACTED,7,E01035033,0,1
2024991439085,2024,991439085,1,5,0,-1,4,8,4,-1,0,6,0,0,0,0,1,1,-1,9,1,60,9,745,1,14,MAKE AND MODEL REDACTED,-1,-1,0,-1
2024211491869,2024,211491869,1,9,0,-1,19,4,8,-1,0,3,0,0,0,0,1,2,-1,6,2,72,10,1580,8,2,HYUNDAI KONA,-1,-1,0,-1
2024131456423,2024,131456423,3,9,0,-1,19,7,3,-1,0,0,0,0,0,0,3,1,-1,9,1,43,7,-1,3,0,HYUNDAI KONA,7,E01010590,0,1
2024010516891,2024,010516891,1,9,0,18,19,7,3,0,0,2,0,0,0,0,4,1,6,6,1,31,6,1580,8,4,HYUNDAI KONA,5,E01001581,0,1
2024041527535,2024,041527535,6,9,0,-1,2,0,0,-1,0,0,0,0,0,0,2,1,-1,6,-1,-1,-1,998,1,5,HYUNDAI KONA,-1,-1,0,-1
2024201498059,2024,201498059,1,9,0,-1,19,7,2,-1,0,0,0,0,0,0,3,1,-1,6,2,25,5,998,1,1,HYUNDAI KONA,3,E01009674,0,1
2024221453796,2024,221453796,1,9,0,-1,13,3,7,-1,0,3,0,0,0,0,2,9,-1,9,1,49,8,998,1,7,HYUNDAI KONA,1,E01010404,0,4
2024501478497,2024,501478497,2,9,0,-1,4,1,5,-1,0,0,0,0,0,0,2,1,-1,9,1,32,6,-1,3,4,HYUNDAI KONA,2,E01001758,0,5
2024544892724,2024,544892724,1,9,0,18,19,5,1,0,0,1,0,0,0,0,4,1,6,6,1,70,10,1580,8,2,HYUNDAI KONA,10,E01031948,0,3
2024340WN4222,2024,340WN4222,2,9,0,-1,19,6,2,-1,0,0,0,0,0,0,2,1,-1,9,1,46,8,-1,3,0,HYUNDAI KONA,6,E01003107,0,5
2024461398907,2024,461398907,1,9,0,-1,9,7,5,-1,0,8,0,0,0,0,3,9,-1,6,1,31,6,1580,8,1,HYUNDAI KONA,5,E01024181,0,4
2024545456224,2024,545456224,1,9,0,16,19,3,7,0,0,0,0,0,0,0,1,1,2,2,1,60,9,1580,8,0,HYUNDAI KONA,6,E01031866,0,1
2024010509371,2024,010509371,1,9,0,99,99,9,9,99,99,9,9,99,9,99,2,9,6,6,2,25,5,-1,3,0,HYUNDAI KONA,10,E01003466,0,3
2024141484548,2024,141484548,2,9,0,-1,19,1,5,-1,0,8,0,0,0,0,1,1,-1,6,3,-1,-1,-1,3,2,HYUNDAI KONA,-1,-1,0,-1
2024201498789,2024,201498789,2,9,0,-1,9,1,6,-1,0,6,0,0,0,0,1,1,-1,9,2,40,7,-1,3,3,HYUNDAI KONA,3,E01010094,0,1
2024010543998,2024,010543998,2,8,0,18,19,9,9,99,99,0,9,99,9,99,4,9,1,1,1,56,9,-1,3,3,HYUNDAI KONA,4,E01004303,0,1
2024320702123,2024,320702123,1,9,0,-1,-1,6,2,0,0,0,5,0,0,0,3,1,6,6,2,56,9,1580,8,2,HYUNDAI KONA,4,E01026366,0,2
2024221400111,2024,221400111,2,9,0,-1,19,4,8,-1,0,0,0,0,0,0,1,1,-1,2,2,49,8,1580,8,2,HYUNDAI KONA,5,E01029540,0,5
2024481569629,2024,481569629,1,8,0,-1,6,3,3,-1,0,1,0,0,0,0,3,1,-1,1,1,57,9,-1,3,2,HYUNDAI KONA,-1,-1,0,-1
2024010543278,2024,010543278,1,9,0,18,19,1,5,0,0,1,0,0,0,0,3,1,6,6,1,54,8,1580,8,1,HYUNDAI KONA,3,E01004271,0,2
2024461398370,2024,461398370,1,9,0,-1,1,1,5,-1,0,1,0,0,0,0,2,9,-1,6,2,35,6,-1,3,3,HYUNDAI KONA,3,E01024509,0,1
2024991477082,2024,991477082,1,9,0,-1,19,8,4,-1,0,0,0,10,1,10,1,1,-1,9,2,26,6,1580,8,3,HYUNDAI KONA,7,-1,0,1
2024501493609,2024,501493609,2,9,0,-1,11,5,1,-1,0,0,0,0,0,0,2,1,-1,2,2,31,6,-1,3,3,HYUNDAI KONA,5,E01020157,0,4
2024052400346,2024,052400346,1,8,0,5,5,6,2,0,0,6,0,0,0,0,3,1,1,1,1,38,7,1580,8,2,HYUNDAI KONA,1,E01006518,0,1
2024201479580,2024,201479580,2,9,0,-1,8,2,5,-1,0,1,0,0,0,0,2,1,-1,9,2,55,8,-1,3,1,HYUNDAI KONA,2,E01010051,0,2
2024201426856,2024,201426856,1,9,0,-1,19,3,7,-1,0,3,0,0,0,0,1,9,-1,6,1,40,7,-1,3,1,HYUNDAI KONA,-1,-1,0,-1
2024010531317,2024,010531317,2,9,0,99,99,9,9,99,99,9,9,99,9,99,1,9,6,6,3,-1,-1,1580,8,0,HYUNDAI KONA,6,E01004383,0,1
2024122400691,2024,122400691,2,9,0,18,19,1,5,0,0,0,0,0,0,0,3,1,6,6,2,57,9,998,1,6,HYUNDAI KONA,9,E01027631,0,3
2024622400724,2024,622400724,1,9,0,1,1,7,3,0,0,6,0,4,7,2,2,1,6,6,1,53,8,1580,8,1,HYUNDAI KONA,2,W01000762,0,1
2024052401480,2024,052401480,1,9,0,5,5,5,1,0,0,4,0,0,0,0,1,1,6,6,1,-1,-1,-1,3,2,HYUNDAI KONA,5,E01006366,0,1
2024010490314,2024,010490314,2,9,0,18,19,3,7,0,0,3,0,0,0,0,3,1,6,6,1,68,10,1580,8,1,HYUNDAI KONA,7,E01000685,0,1
2024520500370,2024,520500370,1,9,0,18,19,7,3,0,0,8,0,0,0,0,1,1,6,6,1,57,9,998,1,6,HYUNDAI KONA,7,E01029162,0,1
2024991499937,2024,991499937,2,9,0,-1,2,0,0,-1,0,1,0,0,0,0,1,1,-1,6,-1,-1,-1,-1,3,3,HYUNDAI KONA,-1,-1,0,-1
2024421433923,2024,421433923,2,9,0,-1,19,5,1,-1,0,1,0,0,1,0,1,1,-1,6,2,58,9,998,8,2,HYUNDAI KONA,10,E01021600,0,1
2024461492508,2024,461492508,1,9,0,-1,19,7,7,-1,-1,0,0,0,1,0,4,2,-1,6,2,92,11,-1,3,0,HYUNDAI KONA,2,E01024549,0,1
2024522500093,2024,522500093,1,9,0,18,19,2,6,0,0,8,0,0,0,0,1,1,6,6,2,39,7,1580,8,3,HYUNDAI KONA,10,E01014737,0,1
2024991481963,2024,991481963,1,9,0,-1,19,4,8,-1,0,0,0,0,0,0,1,1,-1,9,2,51,8,-1,3,2,HYUNDAI KONA,8,-1,0,1
2024361478952,2024,361478952,2,9,0,-1,9,5,1,-1,0,0,0,0,0,0,2,1,-1,9,2,64,9,1580,8,3,HYUNDAI KONA,5,E01026501,0,1
2024421536386,2024,421536386,1,9,0,-1,9,2,7,-1,0,8,0,0,0,0,3,1,-1,9,2,59,9,-1,3,3,HYUNDAI KONA,2,E01000077,0,4
2024451395461,2024,451395461,2,9,0,-1,19,5,1,-1,0,0,0,0,0,0,2,1,-1,9,1,23,5,-1,3,2,HYUNDAI KONA,6,E01031614,0,3
2024010526368,2024,010526368,2,9,0,5,5,3,7,0,0,4,0,0,2,7,3,1,6,6,2,49,8,998,8,3,HYUNDAI KONA,-1,-1,0,-1