collision_index,collision_year,collision_ref_no,vehicle_reference,vehicle_type,towing_and_articulation,vehicle_manoeuvre_historic,vehicle_manoeuvre,vehicle_direction_from,vehicle_direction_to,vehicle_location_restricted_lane_historic,vehicle_location_restricted_lane,junction_location,skidding_and_overturning,hit_object_in_carriageway,vehicle_leaving_carriageway,hit_object_off_carriageway,first_point_of_impact,vehicle_left_hand_drive,journey_purpose_of_driver_historic,journey_purpose_of_driver,sex_of_driver,age_of_driver,age_band_of_driver,engine_capacity_cc,propulsion_code,age_of_vehicle,generic_make_model,driver_imd_decile,lsoa_of_driver,escooter_flag,driver_distance_banding
2024041442870,2024,041442870,2,9,0,-1,19,5,1,-1,0,0,0,0,0,0,4,1,-1,9,2,42,7,-1,3,1,HYUNDAI KONA,10,E01024977,0,1
2024031453210,2024,031453210,2,9,0,-1,4,6,2,-1,0,0,0,0,1,0,2,1,-1,9,1,66,10,998,1,5,HYUNDAI KONA,4,E01019281,0,4
2024471475321,2024,471475321,2,9,0,-1,19,2,6,-1,0,1,0,0,0,0,1,1,-1,2,1,50,8,1998,1,1,HYUNDAI KONA,10,E01031668,0,1
2024991451124,2024,991451124,1,9,0,-1,19,7,3,-1,0,2,0,0,0,0,2,1,-1,9,2,57,9,998,1,5,HYUNDAI KONA,-1,-1,0,-1
2024061497243,2024,061497243,2,9,0,-1,2,0,0,-1,9,0,0,0,0,0,2,1,-1,6,-1,-1,-1,1580,8,2,HYUNDAI KONA,-1,-1,0,-1
2024061503490,2024,061503490,1,9,0,-1,4,7,3,-1,0,0,0,0,0,0,1,9,-1,6,2,23,5,1580,8,4,HYUNDAI KONA,5,E01004936,0,4
2024421452692,2024,421452692,2,9,0,-1,4,3,3,-1,0,0,0,0,0,0,2,1,-1,9,1,60,9,1580,8,2,HYUNDAI KONA,2,E01021288,0,1
2024351535928,2024,351535928,3,9,0,-1,19,2,5,-1,0,4,0,0,0,0,1,1,-1,6,1,58,9,-1,3,1,HYUNDAI KONA,8,E01018302,0,3
2024371400156,2024,371400156,2,9,0,-1,19,7,3,-1,0,0,0,0,0,0,3,1,-1,9,2,61,9,1580,8,2,HYUNDAI KONA,8,E01030167,0,3
2024131460717,2024,131460717,2,9,0,-1,2,0,0,-1,0,0,0,0,0,0,2,1,-1,6,-1,-1,-1,998,8,1,HYUNDAI KONA,-1,-1,0,-1
2024340WN0752,2024,340WN0752,2,9,0,-1,3,7,3,-1,0,8,0,0,1,0,2,1,-1,6,1,24,5,998,8,1,HYUNDAI KONA,4,E01027252,0,1
2024320337011,2024,320337011,1,9,0,5,5,4,8,0,0,1,0,0,0,11,1,1,-1,-1,2,76,11,1580,8,2,HYUNDAI KONA,8,E01026053,0,2
2024010532703,2024,010532703,2,9,0,99,99,9,9,99,99,9,9,99,9,99,9,9,6,6,3,-1,-1,1591,1,5,HYUNDAI KONA,-1,-1,0,-1
2024010494714,2024,010494714,1,9,0,18,19,5,1,0,0,1,0,0,0,0,1,1,1,1,1,55,8,-1,3,1,HYUNDAI KONA,3,E01034484,0,1
2024440234090,2024,440234090,3,9,0,18,19,6,2,0,0,1,0,0,0,0,1,1,6,6,1,88,11,1580,8,4,HYUNDAI KONA,6,E01017200,0,1
2024991466662,2024,991466662,1,9,0,-1,14,2,6,-1,0,0,0,4,0,0,4,1,-1,9,2,70,10,998,1,4,HYUNDAI KONA,5,-1,0,1
2024631434923,2024,631434923,3,9,0,-1,19,2,6,-1,0,0,0,0,0,0,1,1,-1,9,1,38,7,1580,8,1,HYUNDAI KONA,6,W01000442,0,4
2024552500108,2024,552500108,1,9,0,7,7,3,5,0,0,8,0,0,0,0,1,1,2,2,1,70,10,1580,8,2,HYUNDAI KONA,9,E01015299,0,3
2024010534955,2024,010534955,1,9,0,18,19,3,7,0,0,8,0,0,0,0,3,1,6,6,2,42,7,1580,8,3,HYUNDAI KONA,3,E01003099,0,1
2024101464164,2024,101464164,1,9,0,-1,9,1,7,-1,0,8,0,0,0,0,0,1,-1,6,2,59,9,1580,8,2,HYUNDAI KONA,1,E01008189,0,3
2024340WN6002,2024,340WN6002,2,9,0,-1,3,1,5,-1,0,1,0,0,0,0,2,1,-1,9,2,56,9,998,1,5,HYUNDAI KONA,10,E01023749,0,4
2024332400260,2024,332400260,1,9,0,-1,19,2,6,-1,0,0,0,0,7,0,1,1,-1,6,1,18,4,-1,3,1,HYUNDAI KONA,10,E01025904,0,1
2024221476156,2024,221476156,1,9,0,-1,19,7,3,-1,0,0,0,0,0,0,3,9,-1,6,2,31,6,998,8,3,HYUNDAI KONA,9,E01029601,0,3
2024411524882,2024,411524882,2,9,0,-1,19,3,7,-1,0,0,0,0,0,0,1,1,-1,6,1,32,6,-1,3,2,HYUNDAI KONA,8,E01023311,0,2
2024622400630,2024,622400630,1,9,0,18,19,1,5,0,0,0,0,0,0,0,1,1,6,6,1,82,11,1580,8,0,HYUNDAI KONA,9,W01001115,0,1
2024122500036,2024,122500036,3,9,0,18,19,3,1,0,0,1,0,0,0,0,1,1,6,6,1,82,11,998,8,2,HYUNDAI KONA,5,E01011741,0,4
2024520403260,2024,520403260,3,9,0,18,19,6,2,0,0,0,0,0,0,0,1,1,6,6,2,65,9,1580,8,1,HYUNDAI KONA,10,E01020463,0,4
2024221411579,2024,221411579,4,9,0,-1,3,7,3,-1,0,0,0,0,0,0,2,9,-1,6,2,33,6,998,1,5,HYUNDAI KONA,9,E01028415,0,5
2024041504982,2024,041504982,1,9,0,-1,19,5,1,-1,0,1,0,0,0,0,1,1,-1,9,1,36,7,-1,3,1,HYUNDAI KONA,1,E01025287,0,1
2024041401845,2024,041401845,2,9,0,-1,9,3,7,-1,0,8,0,0,1,0,3,1,-1,6,1,72,10,-1,3,2,HYUNDAI KONA,3,E01012585,0,1
2024361403677,2024,361403677,1,9,0,-1,19,1,5,-1,0,0,1,0,1,0,1,1,-1,9,1,62,9,998,1,5,HYUNDAI KONA,6,E01026424,0,2
2024471533149,2024,471533149,2,9,0,-1,9,7,5,-1,0,8,0,0,0,0,1,1,-1,1,1,34,6,1580,8,1,HYUNDAI KONA,7,E01016853,0,1
2024010502815,2024,010502815,2,9,0,9,9,7,5,0,0,8,0,0,0,0,1,1,6,6,2,61,9,1580,8,2,HYUNDAI KONA,3,E01003079,0,1
2024991562345,2024,991562345,2,9,0,-1,10,1,6,-1,0,6,0,0,3,0,0,1,-1,6,1,29,6,998,1,6,HYUNDAI KONA,-1,-1,0,-1
2024991535273,2024,991535273,1,9,0,-1,19,3,7,-1,0,0,1,0,0,0,1,1,-1,9,1,20,4,998,1,6,HYUNDAI KONA,3,-1,0,3
2024010521408,2024,010521408,2,9,0,99,99,9,9,99,99,9,9,99,9,99,9,9,6,6,3,-1,-1,998,8,1,HYUNDAI KONA,-1,-1,0,-1
2024010497951,2024,010497951,2,9,0,18,19,7,3,0,0,1,0,0,0,0,1,1,1,1,1,34,6,-1,3,3,HYUNDAI KONA,8,E01030687,0,4
2024302401337,2024,302401337,1,9,0,9,9,2,8,0,0,8,0,0,0,0,4,1,6,6,3,-1,-1,-1,3,0,HYUNDAI KONA,5,E01019456,0,3
2024031448184,2024,031448184,1,9,0,-1,19,5,8,-1,0,1,0,11,0,0,1,1,-1,9,2,23,5,998,8,3,HYUNDAI KONA,5,E01034076,0,3
2024211440683,2024,211440683,1,9,0,-1,19,3,7,-1,0,6,0,0,0,0,1,1,-1,1,1,68,10,1580,8,2,HYUNDAI KONA,-1,-1,0,-1
2024481566758,2024,481566758,1,9,0,-1,19,3,3,-1,0,0,0,0,0,0,1,1,-1,6,1,30,6,-1,3,0,HYUNDAI KONA,-1,-1,0,-1
2024010537459,2024,010537459,1,9,0,9,9,7,5,0,0,8,0,0,0,0,4,1,2,2,1,64,9,-1,3,2,HYUNDAI KONA,-1,-1,0,-1
2024351424536,2024,351424536,1,9,0,-1,19,7,1,-1,0,1,0,0,0,0,1,1,-1,9,2,28,6,-1,3,3,HYUNDAI KONA,10,E01026812,0,4
2024010533544,2024,010533544,1,9,0,18,19,5,1,0,0,8,0,0,0,0,1,1,6,6,2,44,7,1580,8,2,HYUNDAI KONA,5,E01017152,0,5
2024010524164,2024,010524164,1,9,0,3,3,2,6,0,0,1,0,0,0,0,2,1,1,1,1,49,8,-1,3,1,HYUNDAI KONA,4,E01000929,0,1
2024531519871,2024,531519871,1,9,0,-1,9,5,1,-1,0,1,0,0,0,0,4,1,-1,1,2,32,6,998,1,4,HYUNDAI KONA,8,E01022300,0,2
2024221418275,2024,221418275,1,9,0,-1,14,6,2,-1,0,8,0,0,0,0,4,1,-1,6,2,40,7,998,1,5,HYUNDAI KONA,7,E01032403,0,1
2024501471571,2024,501471571,2,9,0,-1,12,5,1,-1,0,0,0,0,0,0,1,1,-1,6,2,39,7,1580,8,2,HYUNDAI KONA,6,E01015191,0,1
2024302401534,2024,302401534,1,9,0,9,9,1,7,0,0,6,0,0,0,0,1,2,3,7,1,46,8,-1,3,3,HYUNDAI KONA,10,E01013544,0,1
2024302400730,2024,302400730,1,9,0,18,19,4,8,0,0,0,0,0,0,0,3,1,6,6,1,21,5,998,1,0,HYUNDAI KONA,2,E01013569,0,1
2024461480319,2024,461480319,1,9,0,-1,19,5,1,-1,0,0,0,0,0,0,1,9,-1,6,1,63,9,1598,1,0,HYUNDAI KONA,6,E01016058,0,1
2024451509019,2024,451509019,1,9,0,-1,12,1,5,-1,0,0,1,0,1,0,1,1,-1,9,2,60,9,1580,8,2,HYUNDAI KONA,7,E01030630,0,1
2024041444202,2024,041444202,2,9,0,-1,3,3,7,-1,0,0,0,0,0,0,2,1,-1,6,1,46,8,1580,8,4,HYUNDAI KONA,1,E01006569,0,3
2024332400293,2024,332400293,1,9,0,-1,9,2,7,-1,0,5,0,0,1,1,1,1,-1,1,2,53,8,1580,8,3,HYUNDAI KONA,4,E01026317,0,3
2024161457261,2024,161457261,2,3,0,-1,19,3,8,-1,4,1,1,0,0,0,3,1,-1,2,1,26,6,125,1,8,MAKE AND MODEL REDACTED,2,E01012869,0,1
2024010491093,2024,010491093,3,3,0,18,19,7,3,0,0,0,0,10,1,0,1,1,1,1,1,24,5,125,1,8,MAKE AND MODEL REDACTED,-1,-1,0,-1
2024010538066,2024,010538066,1,3,0,99,99,9,9,99,99,9,9,99,9,99,1,1,1,1,1,28,6,125,1,8,MAKE AND MODEL REDACTED,5,E01002240,0,3
2024501438888,2024,501438888,1,3,0,-1,19,8,4,-1,0,1,0,0,1,10,4,1,-1,6,1,29,6,124,1,11,MAKE AND MODEL REDACTED,3,E01019028,0,4
2024531490821,2024,531490821,2,3,0,-1,9,7,3,-1,0,3,1,0,0,0,4,1,-1,2,1,19,4,124,1,9,MAKE AND MODEL REDACTED,4,E01022424,0,1
2024031446071,2024,031446071,1,9,0,-1,19,2,6,-1,0,0,1,0,2,4,1,1,-1,6,2,51,8,1950,2,5,MERCEDES E CLASS,1,-1,0,5
2024010520215,2024,010520215,2,9,0,18,19,5,1,0,0,1,0,0,0,0,2,1,2,2,2,37,7,2143,2,8,MERCEDES E CLASS,2,E01001395,0,2
2024351443031,2024,351443031,2,8,0,-1,4,5,1,-1,0,8,0,9,0,0,4,9,-1,1,1,44,7,1950,2,6,MERCEDES E CLASS,6,E01017997,0,3
2024440017953,2024,440017953,2,9,0,2,2,0,0,0,0,0,0,4,0,0,3,1,6,6,3,-1,-1,1993,12,1,MERCEDES E CLASS,-1,-1,0,-1
2024010521067,2024,010521067,1,9,0,7,7,5,7,0,0,6,0,0,0,0,1,1,6,6,1,24,5,1950,2,7,MERCEDES E CLASS,5,E01003739,0,1
2024201498432,2024,201498432,1,9,0,-1,19,7,4,-1,0,8,0,0,0,0,1,1,-1,9,2,27,6,1950,2,7,MERCEDES E CLASS,1,E01008884,0,1
2024141441126,2024,141441126,2,9,0,-1,19,1,5,-1,0,1,0,0,0,0,1,1,-1,6,1,-1,-1,1950,2,7,MERCEDES E CLASS,-1,-1,0,-1
2024531431196,2024,531431196,4,9,0,-1,15,2,6,-1,0,1,0,0,0,0,1,9,-1,6,1,48,8,2987,2,7,MERCEDES E CLASS,8,W01001583,0,3
2024501434143,2024,501434143,1,9,0,-1,19,5,1,-1,0,1,0,0,0,0,3,1,-1,9,1,75,10,2143,2,12,MERCEDES E CLASS,9,E01020192,0,3
2024041528760,2024,041528760,1,9,0,-1,19,7,3,-1,0,8,0,0,0,0,1,1,-1,9,1,47,8,1950,2,8,MERCEDES E CLASS,1,E01025293,0,1
2024461478251,2024,461478251,2,9,0,-1,19,4,8,-1,0,0,1,10,0,0,3,1,-1,6,1,38,7,2987,2,7,MERCEDES E CLASS,2,E01024263,0,2
2024430097651,2024,430097651,2,9,0,17,19,8,5,0,0,8,0,0,0,0,3,1,6,6,1,51,8,2143,2,11,MERCEDES E CLASS,4,E01028447,0,4
2024440253518,2024,440253518,1,9,0,13,13,2,7,0,0,0,1,0,2,4,4,1,6,6,1,19,4,2987,2,14,MERCEDES E CLASS,5,E01030677,0,4
2024010535959,2024,010535959,2,9,0,99,99,9,9,99,99,9,9,99,9,99,1,9,6,6,1,-1,-1,2143,2,9,MERCEDES E CLASS,-1,-1,0,-1
2024340WN2842,2024,340WN2842,2,9,0,-1,19,4,8,-1,0,1,0,0,0,0,2,1,-1,2,1,37,7,1950,2,6,MERCEDES E CLASS,7,E01017795,0,4
2024421430201,2024,421430201,1,9,0,-1,12,3,7,-1,0,0,0,0,0,0,2,9,-1,6,1,35,6,2143,2,9,MERCEDES E CLASS,2,E01015851,0,2
2024010541770,2024,010541770,4,9,0,18,19,3,7,0,0,8,0,0,0,0,2,1,6,6,1,47,8,1950,2,6,MERCEDES E CLASS,10,E01024336,0,4
2024010546667,2024,010546667,1,8,0,99,99,9,9,99,99,9,9,99,9,99,2,9,1,1,1,40,7,1950,2,4,MERCEDES E CLASS,2,E01000012,0,3
2024010526350,2024,010526350,2,9,0,18,19,5,1,0,0,1,2,0,1,2,1,1,6,6,1,32,6,1991,8,4,MERCEDES E CLASS,5,E01000978,0,1
2024010525981,2024,010525981,1,9,0,99,99,9,9,99,99,9,9,99,9,99,1,9,2,2,1,50,8,1950,2,4,MERCEDES E CLASS,7,E01003644,0,2
2024302400525,2024,302400525,1,9,0,18,19,3,7,0,0,1,0,0,0,0,1,1,6,6,1,34,6,2987,2,18,MERCEDES E CLASS,7,E01019583,0,1
2024010541617,2024,010541617,2,9,0,3,3,5,1,0,0,4,0,0,0,0,3,1,1,1,1,55,8,2143,2,10,MERCEDES E CLASS,-1,-1,0,-1
2024010498292,2024,010498292,2,9,0,18,19,3,7,0,0,1,0,0,0,0,1,1,6,6,1,51,8,2143,2,8,MERCEDES E CLASS,9,E01004115,0,2
2024061458941,2024,061458941,2,9,0,-1,19,2,6,-1,0,0,1,0,7,0,1,1,-1,6,1,36,7,2143,2,10,MERCEDES E CLASS,-1,-1,0,-1
2024010501541,2024,010501541,1,9,0,13,13,1,5,0,0,1,0,0,0,0,1,1,6,6,1,24,5,2987,2,17,MERCEDES E CLASS,-1,-1,0,-1
2024340WN4962,2024,340WN4962,1,9,0,-1,19,4,8,-1,0,0,1,0,0,0,2,1,-1,6,1,26,6,1950,2,8,MERCEDES E CLASS,6,E01027139,0,2
2024010502457,2024,010502457,1,8,0,9,9,2,7,0,0,6,0,0,0,0,1,1,1,1,1,49,8,1991,1,6,MERCEDES E CLASS,4,E01000031,0,4
2024010497482,2024,010497482,4,9,0,2,2,0,0,0,0,0,0,0,0,0,3,1,6,6,3,-1,-1,1950,2,5,MERCEDES E CLASS,-1,-1,0,-1
2024421393680,2024,421393680,4,9,0,-1,19,5,1,-1,0,0,0,0,0,0,1,1,-1,1,1,33,6,1950,12,1,MERCEDES E CLASS,4,E01003635,0,3
2024411476057,2024,411476057,1,9,0,-1,19,3,7,-1,0,0,1,0,2,7,4,1,-1,6,1,46,8,3222,2,20,MERCEDES E CLASS,7,E01017561,0,4
2024991500063,2024,991500063,1,9,0,-1,19,8,4,-1,0,0,0,0,0,0,4,1,-1,9,1,44,7,2987,2,11,MERCEDES E CLASS,6,-1,0,5
2024411447274,2024,411447274,1,9,0,-1,11,3,7,-1,0,0,0,0,0,0,2,1,-1,6,1,42,7,5461,1,14,MERCEDES E CLASS,6,E01002475,0,2
2024010504490,2024,010504490,1,9,0,5,5,5,1,0,0,1,0,0,0,0,1,1,6,6,1,29,6,1950,2,4,MERCEDES E CLASS,4,E01033915,0,1
2024101498622,2024,101498622,2,8,0,-1,19,2,6,-1,0,8,0,0,0,0,3,1,-1,1,1,50,8,2143,2,8,MERCEDES E CLASS,4,E01008361,0,1
2024131425938,2024,131425938,1,9,0,-1,19,7,3,-1,0,0,0,0,0,0,3,1,-1,9,1,53,8,2143,2,10,MERCEDES E CLASS,2,E01011232,0,3
2024201478228,2024,201478228,1,9,0,-1,9,5,1,-1,0,8,0,0,0,0,4,1,-1,6,1,19,4,2143,2,12,MERCEDES E CLASS,4,E01010100,0,1
2024010536273,2024,010536273,1,8,0,99,99,9,9,99,99,9,9,99,9,99,2,9,1,1,1,47,8,1950,2,7,MERCEDES E CLASS,2,E01002528,0,4
2024440269613,2024,440269613,1,9,0,9,9,5,3,0,0,5,0,0,0,0,3,1,6,6,2,65,9,2987,2,16,MERCEDES E CLASS,9,E01031973,0,3
2024010518008,2024,010518008,2,9,0,99,99,9,9,99,99,9,9,99,9,99,9,9,6,6,2,31,6,1950,2,8,MERCEDES E CLASS,5,E01002640,0,1
2024010542495,2024,010542495,1,9,0,7,7,9,9,99,99,9,9,99,9,99,0,9,2,2,1,62,9,1796,1,19,MERCEDES E CLASS,6,E01034581,0,2
2024231418426,2024,231418426,2,9,0,-1,19,4,8,-1,0,0,0,0,0,0,3,1,-1,7,2,34,6,1950,2,7,MERCEDES E CLASS,8,E01031252,0,1
2024351497664,2024,351497664,1,9,0,-1,-1,-1,-1,-1,-1,-1,-1,-1,-1,0,1,9,-1,6,1,-1,-1,2987,2,14,MERCEDES E CLASS,-1,-1,0,-1
2024201431081,2024,201431081,3,9,0,-1,19,6,2,-1,0,0,0,0,0,0,1,9,-1,6,1,62,9,2987,2,13,MERCEDES E CLASS,1,E01008978,0,2
2024201429928,2024,201429928,1,9,0,-1,19,8,1,-1,0,8,0,0,0,0,4,9,-1,6,2,38,7,1950,2,5,MERCEDES E CLASS,2,E01009942,0,1
2024411428272,2024,411428272,3,9,0,-1,19,1,5,-1,0,8,0,0,0,0,1,1,-1,6,1,32,6,1950,2,4,MERCEDES E CLASS,3,E01004403,0,3
2024430273478,2024,430273478,1,8,0,5,5,1,5,0,0,0,0,0,0,0,4,1,1,1,1,42,7,2143,2,9,MERCEDES E CLASS,5,E01016404,0,1
2024010501788,2024,010501788,2,9,0,2,2,0,0,0,0,1,0,0,0,0,3,2,6,6,3,-1,-1,1950,2,7,MERCEDES E CLASS,-1,-1,0,-1
2024010543742,2024,010543742,1,9,0,99,99,9,9,99,99,9,9,99,9,99,9,9,1,1,1,41,7,1950,12,5,MERCEDES E CLASS,5,E01001037,0,3
2024061519922,2024,061519922,1,9,0,-1,9,3,1,-1,0,0,0,0,0,0,1,9,-1,1,1,-1,-1,1950,2,7,MERCEDES E CLASS,-1,-1,0,-1
2024041516597,2024,041516597,1,9,0,-1,9,1,7,-1,0,1,0,0,0,0,1,1,-1,2,1,38,7,2143,2,10,MERCEDES E CLASS,1,E01025227,0,1
2024340NN3682,2024,340NN3682,1,9,0,-1,19,5,1,-1,0,1,0,0,0,0,1,1,-1,2,1,55,8,2143,2,10,MERCEDES E CLASS,2,E01027105,0,1
2024401477242,2024,401477242,2,9,0,-1,19,4,8,-1,0,0,0,0,0,0,1,1,-1,9,1,73,10,1950,2,6,MERCEDES E CLASS,6,E01017547,0,3
2024421465615,2024,421465615,2,9,0,-1,3,6,2,-1,0,1,0,0,0,0,2,1,-1,9,1,57,9,2148,2,20,MERCEDES E CLASS,8,E01021582,0,4
2024122400572,2024,122400572,1,9,0,18,19,4,6,0,0,8,0,0,0,0,4,1,2,2,1,35,6,2143,2,9,MERCEDES E CLASS,3,E01013335,0,1
2024010519682,2024,010519682,1,8,0,99,99,9,9,0,0,1,0,0,0,0,1,1,6,6,1,-1,-1,1950,2,5,MERCEDES E CLASS,-1,-1,0,-1
2024010532054,2024,010532054,1,9,0,18,19,3,7,0,0,1,1,0,0,0,3,1,1,1,1,44,7,1950,12,5,MERCEDES E CLASS,3,E01003624,0,3
2024991486993,2024,991486993,1,9,0,-1,19,7,3,-1,0,0,0,0,0,0,1,1,-1,6,1,43,7,2143,2,14,MERCEDES E CLASS,4,-1,0,4
2024320751825,2024,320751825,1,9,0,9,9,4,2,0,0,6,0,0,0,0,1,1,-1,-1,1,64,9,2987,2,17,MERCEDES E CLASS,9,E01034695,0,1
2024010539090,2024,010539090,2,9,9,99,99,9,9,99,99,4,9,99,9,99,9,9,6,6,3,-1,-1,1950,2,7,MERCEDES E CLASS,-1,-1,0,-1
202454E591924,2024,54E591924,1,9,0,9,9,6,4,0,0,6,0,0,0,0,0,1,6,6,1,40,7,3222,2,21,MERCEDES E CLASS,6,E01015496,0,1
2024010530170,2024,010530170,2,9,0,99,99,9,9,99,99,9,9,99,9,99,9,9,6,6,3,-1,-1,2143,2,9,MERCEDES E CLASS,-1,-1,0,-1
2024340WN1142,2024,340WN1142,2,9,0,-1,19,1,5,-1,0,0,0,0,0,0,3,1,-1,6,1,23,5,1950,2,5,MERCEDES E CLASS,1,E01027140,0,4
2024010497490,2024,010497490,2,8,0,7,7,5,7,0,0,2,0,0,0,0,1,1,1,1,1,49,8,1950,2,7,MERCEDES E CLASS,3,E01004260,0,1
2024010499863,2024,010499863,1,9,0,4,4,7,3,0,0,8,0,0,0,0,1,1,6,6,1,77,11,3498,1,13,MERCEDES E CLASS,9,E01001028,0,3
2024421527102,2024,421527102,2,9,0,-1,19,7,3,-1,0,1,0,0,1,0,1,1,-1,2,1,39,7,1950,2,5,MERCEDES E CLASS,7,E01021657,0,3
2024302401096,2024,302401096,1,9,0,4,4,8,4,0,0,1,0,0,0,0,1,1,6,6,1,30,6,1950,2,7,MERCEDES E CLASS,1,E01013480,0,1
2024332400231,2024,332400231,2,9,0,-1,19,1,5,-1,0,0,0,0,0,0,1,1,-1,9,1,24,5,1950,2,6,MERCEDES E CLASS,5,E01032868,0,1
2024211535692,2024,211535692,1,9,0,-1,4,1,5,-1,0,0,0,0,0,0,2,1,-1,6,1,52,8,1950,2,7,MERCEDES E CLASS,3,E01015765,0,5
2024440301910,2024,440301910,1,9,0,18,19,1,5,0,0,4,0,0,0,0,2,1,6,6,2,53,8,2143,2,13,MERCEDES E CLASS,8,E01023089,0,1
2024332400382,2024,332400382,4,9,0,-1,19,3,7,-1,0,0,0,0,0,0,1,1,-1,6,1,36,7,2143,2,10,MERCEDES E CLASS,5,E01032862,0,3
2024161444834,2024,161444834,1,9,0,-1,5,0,6,-1,0,1,0,4,0,0,2,1,-1,6,1,46,8,2143,2,9,MERCEDES E CLASS,1,E01012790,0,1
2024440266298,2024,440266298,1,9,0,18,19,2,6,0,0,0,0,0,0,0,1,1,6,6,1,42,7,2143,2,8,MERCEDES E CLASS,6,E01017047,0,3
2024101500107,2024,101500107,2,9,0,-1,19,7,3,-1,0,0,0,0,0,0,3,1,-1,6,1,57,9,2143,2,9,MERCEDES E CLASS,6,E01027447,0,3
2024010551728,2024,010551728,1,9,0,99,99,9,9,99,99,9,9,99,9,99,9,9,6,6,1,29,6,2987,2,11,MERCEDES E CLASS,5,E01000520,0,1
2024351501633,2024,351501633,1,9,0,-1,19,1,5,-1,0,1,0,0,0,0,1,1,-1,2,1,49,8,1950,2,8,MERCEDES E CLASS,9,E01018240,0,2
2024471509135,2024,471509135,4,9,0,-1,14,5,1,-1,0,0,0,0,0,0,4,1,-1,6,1,60,9,1796,1,14,MERCEDES E CLASS,9,E01031593,0,2
2024041528460,2024,041528460,2,9,0,-1,19,1,5,-1,0,0,0,0,0,0,1,1,-1,9,1,22,5,2685,2,19,MERCEDES E CLASS,9,E01025553,0,2
2024010540414,2024,010540414,2,9,9,99,99,9,9,99,99,9,9,99,9,99,9,9,6,6,2,-1,-1,1991,1,5,MERCEDES E CLASS,6,E01000479,0,2
2024461530195,2024,461530195,1,9,0,-1,19,8,4,-1,0,1,0,0,0,0,1,1,-1,9,1,57,9,1950,2,5,MERCEDES E CLASS,10,E01023996,0,1
2024221469076,2024,221469076,1,9,0,-1,7,3,5,-1,0,4,0,0,0,0,1,1,-1,6,1,31,6,1950,2,8,MERCEDES E CLASS,3,E01029409,0,4
2024041508820,2024,041508820,1,9,0,-1,9,3,1,-1,0,8,0,0,0,0,1,1,-1,6,1,86,11,1950,2,5,MERCEDES E CLASS,8,E01025105,0,1
2024010497959,2024,010497959,2,9,0,99,99,9,9,99,99,6,9,99,9,99,1,9,6,6,1,-1,-1,1950,2,5,MERCEDES E CLASS,-1,-1,0,-1
2024991433951,2024,991433951,2,9,0,-1,2,0,0,-1,0,0,0,0,0,0,2,2,-1,6,-1,-1,-1,2143,2,9,MERCEDES E CLASS,-1,-1,0,-1
2024061524160,2024,061524160,1,9,0,-1,19,1,6,-1,0,1,0,0,0,0,1,9,-1,6,3,-1,-1,2143,2,11,MERCEDES E CLASS,-1,-1,0,-1
2024201432849,2024,201432849,2,9,0,-1,19,1,2,-1,0,3,0,0,0,0,2,1,-1,9,-1,30,6,1950,2,7,MERCEDES E CLASS,-1,-1,0,-1
2024010502925,2024,010502925,1,8,0,18,19,1,5,0,0,0,0,0,0,0,1,1,6,6,1,34,6,1950,2,5,MERCEDES E CLASS,2,E01001842,0,2
2024010516417,2024,010516417,2,9,0,9,9,7,6,0,0,8,0,0,0,0,1,1,1,1,1,38,7,1950,2,5,MERCEDES E CLASS,4,E01035254,0,4
2024311464663,2024,311464663,1,9,0,-1,5,1,6,-1,0,6,0,0,0,0,3,1,-1,6,1,56,9,2143,2,9,MERCEDES E CLASS,-1,-1,0,-1
2024041477421,2024,041477421,1,9,0,-1,19,7,3,-1,0,0,0,0,0,0,1,1,-1,9,2,59,9,2148,2,15,MERCEDES E CLASS,8,E01019746,0,4
2024010527921,2024,010527921,1,8,0,3,3,5,1,0,0,1,0,0,0,0,2,1,1,1,1,53,8,1950,2,6,MERCEDES E CLASS,3,E01002370,0,4
2024461534171,2024,461534171,2,9,0,-1,19,3,7,-1,0,1,0,4,1,0,1,1,-1,6,1,58,9,2143,2,9,MERCEDES E CLASS,5,E01024156,0,1
2024041489689,2024,041489689,4,9,0,-1,4,5,1,-1,0,0,0,0,0,0,2,1,-1,6,1,39,7,2143,2,11,MERCEDES E CLASS,5,E01030252,0,5
2024430362976,2024,430362976,2,9,0,18,19,8,4,0,0,0,0,0,0,0,1,1,6,6,1,53,8,1993,12,0,MERCEDES E CLASS,-1,-1,0,-1
2024371464175,2024,371464175,1,9,0,-1,19,8,4,-1,0,0,1,4,0,0,1,9,-1,6,3,-1,-1,2925,2,5,MERCEDES E CLASS,-1,-1,0,-1
2024421411092,2024,421411092,1,9,0,-1,19,4,8,-1,0,0,0,0,1,0,1,1,-1,9,1,36,7,2987,2,17,MERCEDES E CLASS,6,E01021464,0,1
2024161422163,2024,161422163,1,9,0,-1,19,5,1,-1,0,2,0,0,0,0,4,1,-1,9,1,60,9,1950,2,5,MERCEDES E CLASS,10,E01012921,0,1
2024010550794,2024,010550794,1,9,0,99,99,9,9,99,99,0,0,99,9,99,2,1,6,6,1,23,5,1950,2,5,MERCEDES E CLASS,-1,-1,0,-1