collision_index,collision_year,collision_ref_no,vehicle_reference,vehicle_type,towing_and_articulation,vehicle_manoeuvre_historic,vehicle_manoeuvre,vehicle_direction_from,vehicle_direction_to,vehicle_location_restricted_lane_historic,vehicle_location_restricted_lane,junction_location,skidding_and_overturning,hit_object_in_carriageway,vehicle_leaving_carriageway,hit_object_off_carriageway,first_point_of_impact,vehicle_left_hand_drive,journey_purpose_of_driver_historic,journey_purpose_of_driver,sex_of_driver,age_of_driver,age_band_of_driver,engine_capacity_cc,propulsion_code,age_of_vehicle,generic_make_model,driver_imd_decile,lsoa_of_driver,escooter_flag,driver_distance_banding
2024440296817,2024,440296817,2,9,0,18,19,1,5,0,0,1,0,0,0,0,1,1,6,6,1,38,7,1950,2,5,MERCEDES E CLASS,8,E01017148,0,1
2024010522937,2024,010522937,4,9,0,3,3,1,5,0,0,0,0,0,0,0,4,2,6,6,1,38,7,1950,2,6,MERCEDES E CLASS,-1,-1,0,-1
2024010520536,2024,010520536,2,8,0,99,99,9,9,99,99,9,9,99,9,99,9,9,6,6,3,35,6,1950,2,7,MERCEDES E CLASS,4,E01004380,0,3
2024401492795,2024,401492795,1,9,0,-1,4,5,1,-1,0,1,0,0,0,0,2,1,-1,6,1,52,8,2143,2,10,MERCEDES E CLASS,7,E01033431,0,1
2024010524361,2024,010524361,1,9,0,16,19,1,5,0,0,3,0,0,0,0,9,1,6,6,1,30,6,1950,2,7,MERCEDES E CLASS,2,E01004456,0,2
2024610055724,2024,610055724,2,9,0,9,9,2,8,0,0,8,0,0,0,0,1,1,6,6,2,38,7,2925,2,5,MERCEDES E CLASS,2,W01001525,0,3
2024061425743,2024,061425743,1,9,-1,-1,-1,-1,-1,-1,-1,0,-1,-1,-1,0,-1,9,-1,6,3,-1,-1,1950,2,7,MERCEDES E CLASS,-1,-1,0,-1
2024340WN2552,2024,340WN2552,1,9,0,-1,19,2,1,-1,0,0,5,0,2,10,1,1,-1,9,1,37,7,2987,2,9,MERCEDES E CLASS,8,E01027217,0,2
2024371415848,2024,371415848,1,9,0,-1,19,3,7,-1,0,0,0,0,1,4,1,1,-1,6,1,64,9,2987,2,14,MERCEDES E CLASS,3,E01018090,0,4
2024451416883,2024,451416883,2,9,0,-1,19,1,5,-1,0,0,0,0,0,0,4,1,-1,7,1,54,8,1950,2,7,MERCEDES E CLASS,3,E01030619,0,4
2024010535169,2024,010535169,2,9,0,99,99,9,9,99,99,9,9,99,9,99,1,9,6,6,1,-1,-1,1950,2,8,MERCEDES E CLASS,-1,-1,0,-1
2024430077486,2024,430077486,2,9,0,18,19,7,3,0,0,0,0,0,0,0,1,1,6,6,1,19,4,1950,2,8,MERCEDES E CLASS,10,E01030396,0,4
2024010508577,2024,010508577,1,9,0,18,19,3,7,0,0,1,0,0,0,0,1,2,6,6,1,34,6,2987,2,8,MERCEDES E CLASS,4,E01001323,0,3
2024131530398,2024,131530398,5,9,0,-1,19,7,3,-1,0,0,0,0,0,0,1,1,-1,9,1,67,10,2987,2,14,MERCEDES E CLASS,3,E01010781,0,4
2024061523774,2024,061523774,1,8,0,-1,19,7,3,-1,0,0,0,4,0,0,1,1,-1,1,1,36,7,1950,2,6,MERCEDES E CLASS,1,E01004979,0,3
2024531444776,2024,531444776,2,9,0,-1,19,1,5,-1,0,0,0,0,0,0,2,1,-1,6,1,41,7,1991,8,4,MERCEDES E CLASS,5,E01022321,0,1
2024430365651,2024,430365651,1,9,0,18,19,5,1,0,0,0,0,0,0,0,3,1,6,6,1,52,8,1991,1,8,MERCEDES E CLASS,3,E01016456,0,2
2024622400554,2024,622400554,1,8,0,1,1,4,8,0,0,2,0,0,0,0,2,1,1,1,1,51,8,1950,2,5,MERCEDES E CLASS,1,W01001762,0,1
2024340WN6562,2024,340WN6562,2,9,0,-1,3,4,1,-1,0,8,0,0,0,0,4,1,-1,9,2,58,9,1950,2,7,MERCEDES E CLASS,8,E01027186,0,1
2024010498145,2024,010498145,2,9,0,99,99,9,9,99,99,0,9,99,9,99,1,9,6,6,3,-1,-1,1991,8,3,MERCEDES E CLASS,5,E01033208,0,1
2024552401439,2024,552401439,1,9,0,5,5,6,2,0,0,0,0,0,0,0,4,1,6,6,3,-1,-1,2143,2,14,MERCEDES E CLASS,-1,-1,0,-1
2024471457404,2024,471457404,7,9,0,-1,2,0,0,-1,0,0,0,0,0,0,2,1,-1,6,-1,-1,-1,1950,2,8,MERCEDES E CLASS,-1,-1,0,-1
2024010516269,2024,010516269,2,9,0,18,19,7,3,0,0,0,0,0,0,0,1,1,6,6,3,-1,-1,1950,2,6,MERCEDES E CLASS,-1,-1,0,-1
2024461561786,2024,461561786,2,9,0,-1,19,5,1,-1,0,0,0,0,0,0,4,9,-1,9,2,36,7,1950,2,7,MERCEDES E CLASS,6,E01021435,0,3
2024451419577,2024,451419577,1,9,0,-1,19,5,1,-1,0,1,0,0,1,11,1,1,-1,9,1,21,5,1950,2,8,MERCEDES E CLASS,10,E01030672,0,1
2024430346351,2024,430346351,2,9,0,18,19,7,3,0,0,0,5,0,7,9,1,1,1,1,1,39,7,1950,2,6,MERCEDES E CLASS,10,E01016571,0,3
2024041524161,2024,041524161,2,9,0,-1,19,5,1,-1,0,0,0,0,1,0,3,1,-1,9,2,57,9,2143,2,11,MERCEDES E CLASS,5,E01024954,0,1
2024361509912,2024,361509912,1,9,0,-1,5,1,7,-1,0,6,0,0,0,0,1,1,-1,6,2,49,8,2987,2,12,MERCEDES E CLASS,2,E01026717,0,2
2024010512236,2024,010512236,1,9,0,18,19,3,7,0,0,8,0,0,0,0,1,1,6,6,1,45,7,1950,2,6,MERCEDES E CLASS,6,E01003751,0,2
2024111508856,2024,111508856,1,9,0,-1,19,7,3,-1,0,0,0,0,0,0,1,1,-1,9,1,33,6,2987,2,18,MERCEDES E CLASS,-1,-1,0,-1
2024010548054,2024,010548054,1,8,0,3,3,9,9,99,99,9,9,99,9,99,2,9,1,1,1,38,7,1950,2,5,MERCEDES E CLASS,6,E01033582,0,2
2024070448444,2024,070448444,1,9,0,16,19,3,7,0,0,3,0,0,0,0,3,1,6,6,1,53,8,2987,2,11,MERCEDES E CLASS,9,E01033378,0,1
2024131473439,2024,131473439,1,9,0,-1,5,1,1,-1,0,6,0,0,0,0,1,1,-1,9,2,32,6,1991,1,5,MERCEDES E CLASS,8,E01011690,0,1
2024201448643,2024,201448643,2,9,0,-1,7,1,3,-1,0,5,0,0,0,0,1,1,-1,2,1,30,6,2143,2,11,MERCEDES E CLASS,-1,-1,0,-1
2024991491097,2024,991491097,1,9,0,-1,19,1,5,-1,0,0,0,0,0,0,1,1,-1,9,1,27,6,2987,2,17,MERCEDES E CLASS,5,-1,0,4
2024010525001,2024,010525001,1,8,0,99,99,9,9,99,99,9,9,99,9,99,2,9,1,1,1,37,7,1950,2,6,MERCEDES E CLASS,2,E01035683,0,1
2024201456690,2024,201456690,2,9,0,-1,19,-1,-1,-1,0,8,0,0,0,0,4,9,-1,1,1,49,8,2143,2,9,MERCEDES E CLASS,1,E01009337,0,1
2024522500268,2024,522500268,2,9,0,3,3,7,3,0,0,0,0,0,0,0,2,1,6,6,1,63,9,1950,2,7,MERCEDES E CLASS,7,E01014808,0,1
2024131441531,2024,131441531,1,9,0,-1,19,1,5,-1,0,0,0,0,0,0,1,1,-1,9,1,63,9,2143,2,9,MERCEDES E CLASS,6,E01020059,0,5
2024052402797,2024,052402797,3,9,0,2,2,0,0,0,0,0,0,0,0,0,3,1,6,6,3,-1,-1,1950,2,7,MERCEDES E CLASS,-1,-1,0,-1
2024201475878,2024,201475878,2,9,0,-1,19,4,8,-1,0,3,0,0,0,0,4,1,-1,6,1,50,8,2143,2,8,MERCEDES E CLASS,3,E01009950,0,2
2024401454349,2024,401454349,2,9,-1,-1,-1,-1,-1,-1,-1,0,-1,-1,-1,0,-1,9,-1,6,2,49,8,2143,-1,11,MERCEDES E CLASS,3,E01015731,0,1
2024010498581,2024,010498581,1,9,0,18,19,1,5,0,0,3,0,0,0,0,1,1,6,6,1,33,6,5461,1,12,MERCEDES E CLASS,4,E01035314,0,4
2024371474612,2024,371474612,2,9,0,-1,2,0,0,-1,0,2,0,0,0,0,3,1,-1,6,1,57,9,1950,2,6,MERCEDES E CLASS,3,E01030115,0,1
2024010526656,2024,010526656,1,9,0,18,19,7,3,0,0,1,0,1,0,0,2,1,2,2,1,43,7,1950,2,5,MERCEDES E CLASS,5,E01001418,0,3
2024430085110,2024,430085110,1,9,0,9,9,8,5,0,0,8,0,0,0,0,1,1,6,6,2,45,7,1950,2,5,MERCEDES E CLASS,7,E01017832,0,1
2024201459330,2024,201459330,2,9,0,-1,2,0,0,-1,0,0,0,0,0,0,3,1,-1,9,2,35,6,1950,2,6,MERCEDES E CLASS,2,E01009044,0,2
2024451472049,2024,451472049,1,9,0,-1,19,5,1,-1,0,0,0,0,7,0,1,1,-1,2,1,48,8,2987,2,14,MERCEDES E CLASS,6,E01030678,0,1
2024010498558,2024,010498558,2,8,0,99,99,9,9,99,99,9,9,99,9,99,1,9,6,6,3,-1,-1,1950,2,7,MERCEDES E CLASS,4,E01004326,0,1
2024430108744,2024,430108744,1,9,0,18,19,4,8,0,0,8,0,0,0,0,1,1,6,6,1,25,5,2148,2,16,MERCEDES E CLASS,9,E01016272,0,2
2024451463053,2024,451463053,1,9,0,-1,19,7,3,-1,0,0,0,0,0,0,1,1,-1,9,1,34,6,1950,2,7,MERCEDES E CLASS,4,E01030747,0,1
2024010528627,2024,010528627,1,9,0,18,19,6,2,0,0,0,0,0,7,0,1,1,6,6,1,56,9,1950,2,7,MERCEDES E CLASS,4,E01001317,0,3
2024201502879,2024,201502879,2,9,0,-1,19,7,2,-1,0,8,0,0,0,0,4,9,-1,6,1,-1,-1,2143,2,10,MERCEDES E CLASS,-1,-1,0,-1
2024461522956,2024,461522956,2,9,0,-1,2,6,2,-1,0,2,0,0,0,0,2,1,-1,6,1,25,5,2987,2,17,MERCEDES E CLASS,1,E01016019,0,1
2024010537197,2024,010537197,1,9,0,18,19,8,4,0,0,7,0,0,0,0,1,1,6,6,2,27,6,1950,2,3,MERCEDES E CLASS,8,E01017824,0,2
2024010536324,2024,010536324,1,9,0,9,9,3,1,0,0,1,0,0,0,0,1,1,1,1,1,35,6,1950,2,5,MERCEDES E CLASS,1,E01005142,0,5
2024340WN5582,2024,340WN5582,1,9,0,-1,19,1,5,-1,0,0,0,0,0,0,1,1,-1,9,1,25,5,1950,2,7,MERCEDES E CLASS,1,E01027199,0,4
2024340WN5392,2024,340WN5392,2,9,0,-1,15,1,5,-1,0,2,0,0,0,0,0,1,-1,1,1,30,6,3222,2,19,MERCEDES E CLASS,-1,-1,0,-1
2024201501176,2024,201501176,1,9,0,-1,3,6,2,-1,0,4,0,0,0,0,2,1,-1,9,1,34,6,1950,2,7,MERCEDES E CLASS,-1,-1,0,-1
2024991401670,2024,991401670,1,9,0,-1,19,1,5,-1,0,0,0,0,0,0,3,1,-1,2,2,41,7,1950,2,8,MERCEDES E CLASS,10,-1,0,1
2024631530187,2024,631530187,1,9,0,-1,19,4,8,-1,0,8,0,0,0,0,1,1,-1,9,1,40,7,2143,2,10,MERCEDES E CLASS,1,W01000606,0,4
2024221494803,2024,221494803,1,8,0,-1,9,6,5,-1,0,5,0,0,0,0,1,1,-1,1,1,32,6,2143,12,9,MERCEDES E CLASS,2,E01009991,0,4
2024522401245,2024,522401245,1,8,0,18,19,2,6,0,0,0,0,0,0,0,0,1,6,6,1,43,7,1950,2,6,MERCEDES E CLASS,1,E01014654,0,1
2024211533196,2024,211533196,1,9,0,-1,-1,-1,-1,-1,-1,-1,-1,-1,-1,0,-1,1,-1,6,2,-1,-1,1950,2,7,MERCEDES E CLASS,-1,-1,0,-1
2024010499610,2024,010499610,1,9,0,13,13,3,7,0,0,3,0,4,0,0,1,1,6,6,1,24,5,1950,2,8,MERCEDES E CLASS,2,E01000153,0,1
2024531512174,2024,531512174,1,9,0,-1,19,5,1,-1,0,0,0,0,0,0,2,1,-1,2,1,34,6,2143,2,10,MERCEDES E CLASS,9,E01031184,0,4
2024461449673,2024,461449673,1,9,0,-1,13,6,5,-1,0,0,0,0,0,0,3,9,-1,9,1,54,8,2148,2,19,MERCEDES E CLASS,4,E01024372,0,4
2024010546253,2024,010546253,2,9,9,18,19,5,1,0,0,9,9,99,9,99,9,9,6,6,3,-1,-1,1991,8,7,MERCEDES E CLASS,4,E01015374,0,5
2024010550822,2024,010550822,1,9,0,99,99,9,9,99,99,9,9,99,9,99,9,9,2,2,1,31,6,1950,2,6,MERCEDES E CLASS,5,E01000520,0,1
2024010518429,2024,010518429,2,9,0,99,99,9,9,99,99,0,9,99,9,99,9,9,6,6,3,-1,-1,1950,2,7,MERCEDES E CLASS,-1,-1,0,-1
2024010530483,2024,010530483,1,9,0,3,3,1,5,0,0,2,0,0,0,0,1,1,6,6,1,31,6,1950,2,7,MERCEDES E CLASS,-1,-1,0,-1
2024010527193,2024,010527193,1,9,0,99,99,9,9,99,99,9,9,99,9,99,9,9,6,6,1,37,7,1991,1,5,MERCEDES E CLASS,6,E01002410,0,1
2024451497474,2024,451497474,2,9,0,-1,19,7,3,-1,0,0,0,0,0,0,1,1,-1,2,1,48,8,1950,2,5,MERCEDES E CLASS,10,E01030854,0,2
2024010542564,2024,010542564,3,9,0,4,4,1,5,0,0,1,0,0,0,0,2,1,1,1,1,31,6,1991,8,5,MERCEDES E CLASS,-1,-1,0,-1
2024161535740,2024,161535740,2,9,0,-1,19,5,1,-1,0,2,0,0,0,0,1,1,-1,9,1,21,5,2143,2,12,MERCEDES E CLASS,8,E01035469,0,1
2024201421421,2024,201421421,1,9,0,-1,19,5,1,-1,0,0,0,0,0,0,1,1,-1,6,1,40,7,3199,1,21,MERCEDES E CLASS,-1,-1,0,-1
2024311406611,2024,311406611,2,9,0,-1,10,7,2,-1,0,2,0,0,0,0,3,1,-1,9,1,60,9,2148,2,16,MERCEDES E CLASS,4,E01028077,0,1
2024041494630,2024,041494630,1,9,0,-1,19,5,1,-1,0,2,1,0,0,0,2,1,-1,6,-1,-1,-1,2987,2,12,MERCEDES E CLASS,-1,-1,0,-1
2024522401597,2024,522401597,1,9,0,10,10,6,4,0,0,8,0,0,0,0,1,1,6,6,1,63,9,1950,2,8,MERCEDES E CLASS,7,E01035218,0,1
2024010523222,2024,010523222,1,9,0,3,3,1,5,0,0,1,0,0,0,0,3,1,1,1,1,37,7,1991,8,6,MERCEDES E CLASS,-1,-1,0,-1
2024401518560,2024,401518560,2,8,-1,-1,-1,-1,-1,-1,-1,0,-1,-1,-1,0,-1,9,-1,1,1,56,9,1950,2,5,MERCEDES E CLASS,2,E01015699,0,2
2024411502463,2024,411502463,1,9,0,-1,19,-1,-1,-1,0,6,0,0,0,0,3,9,-1,6,2,-1,-1,1950,2,5,MERCEDES E CLASS,-1,-1,0,-1
2024221476495,2024,221476495,2,9,0,-1,2,0,0,-1,0,0,0,0,0,0,2,1,-1,6,1,56,9,1950,2,6,MERCEDES E CLASS,5,E01032428,0,4
2024101422173,2024,101422173,1,9,0,-1,9,1,2,-1,0,8,0,0,0,0,1,1,-1,6,2,61,9,2143,2,13,MERCEDES E CLASS,4,E01008796,0,2
2024221398608,2024,221398608,2,9,0,-1,5,1,3,-1,0,6,0,0,0,0,3,1,-1,1,1,38,7,2987,2,8,MERCEDES E CLASS,6,E01032383,0,1
2024522402586,2024,522402586,2,9,0,18,19,6,2,0,0,8,0,0,0,0,1,1,6,6,1,54,8,1950,2,7,MERCEDES E CLASS,1,E01014655,0,1
2024010536585,2024,010536585,2,9,0,99,99,9,9,99,99,9,9,99,9,99,9,9,6,6,3,53,8,2143,2,9,MERCEDES E CLASS,5,E01002236,0,4
2024501434952,2024,501434952,2,9,0,-1,19,3,7,-1,0,1,0,0,0,0,1,2,-1,6,1,19,4,2143,2,11,MERCEDES E CLASS,2,E01015176,0,1
2024010541479,2024,010541479,2,9,0,18,19,7,3,0,0,1,0,0,0,0,1,1,6,6,1,28,6,2987,2,17,MERCEDES E CLASS,4,E01034469,0,4
2024552400521,2024,552400521,2,9,0,18,19,6,2,0,0,3,0,0,0,0,3,1,6,6,1,57,9,2143,2,10,MERCEDES E CLASS,6,E01015337,0,1
2024461438635,2024,461438635,1,9,0,-1,5,3,7,-1,0,6,0,0,0,0,1,9,-1,6,3,-1,-1,2143,2,9,MERCEDES E CLASS,-1,-1,0,-1
2024122400292,2024,122400292,1,9,0,18,19,4,8,1,1,6,0,0,3,0,1,1,6,6,1,94,11,2143,2,11,MERCEDES E CLASS,7,E01027684,0,3
2024010547081,2024,010547081,2,9,0,5,5,3,7,0,0,6,0,0,0,0,1,9,6,6,1,-1,-1,1796,1,13,MERCEDES E CLASS,-1,-1,0,-1
2024010524394,2024,010524394,1,9,0,99,99,9,9,99,99,9,9,99,9,99,1,9,6,6,1,37,7,1950,2,7,MERCEDES E CLASS,3,E01034474,0,3
2024010549674,2024,010549674,2,9,0,99,99,9,9,99,99,0,9,99,9,99,9,9,6,6,3,-1,-1,2987,2,10,MERCEDES E CLASS,1,E01001424,0,1
2024311418797,2024,311418797,2,9,0,-1,9,4,2,-1,0,7,0,0,0,0,3,1,-1,6,1,67,10,1950,2,7,MERCEDES E CLASS,1,E01013868,0,1
2024332400427,2024,332400427,1,8,0,-1,10,1,7,-1,0,1,0,0,0,0,2,1,-1,1,1,54,8,1950,2,6,MERCEDES E CLASS,5,E01025957,0,1
2024010504345,2024,010504345,2,9,0,99,99,9,9,99,99,9,9,99,9,99,1,9,6,6,3,-1,-1,1950,2,6,MERCEDES E CLASS,-1,-1,0,-1
2024010511960,2024,010511960,2,9,0,18,19,4,8,0,0,4,0,0,0,0,1,1,6,6,1,29,6,1950,12,3,MERCEDES E CLASS,8,E01000760,0,3
2024010566856,2024,010566856,1,9,0,18,19,6,2,9,9,2,0,0,7,0,1,1,6,6,1,30,6,2987,2,7,MERCEDES E CLASS,3,E01021823,0,4
2024101468705,2024,101468705,1,9,0,-1,7,7,1,-1,0,8,0,4,0,0,1,1,-1,6,2,54,8,1950,2,5,MERCEDES E CLASS,3,E01008219,0,1
2024010511958,2024,010511958,1,9,0,9,9,1,6,0,0,1,0,0,1,0,1,1,6,6,1,50,8,1950,2,8,MERCEDES E CLASS,8,E01002269,0,1
2024430237493,2024,430237493,2,9,0,1,1,3,8,0,0,1,0,0,0,0,2,1,6,6,3,-1,-1,1950,2,5,MERCEDES E CLASS,-1,-1,0,-1
2024501432763,2024,501432763,1,9,0,-1,7,1,5,-1,0,5,0,0,0,0,4,1,-1,6,1,47,8,1950,2,6,MERCEDES E CLASS,2,E01020014,0,1
2024010551056,2024,010551056,1,9,0,1,1,9,9,0,0,0,0,99,0,0,2,9,6,6,3,-1,-1,2987,2,7,MERCEDES E CLASS,-1,-1,0,-1
2024010525150,2024,010525150,1,9,0,1,1,3,7,0,0,1,0,11,0,0,2,1,1,1,1,49,8,1950,2,6,MERCEDES E CLASS,-1,-1,0,-1
2024131434175,2024,131434175,1,9,0,-1,19,7,3,-1,0,0,0,0,0,0,1,1,-1,9,1,53,8,2143,2,10,MERCEDES E CLASS,1,E01010965,0,1
2024548920724,2024,548920724,2,9,0,4,4,3,7,0,0,0,0,0,0,0,2,1,6,6,1,36,7,1950,2,6,MERCEDES E CLASS,8,E01029032,0,2
2024421472762,2024,421472762,2,9,0,-1,9,4,1,-1,0,1,0,0,0,0,3,9,-1,9,1,31,6,2143,2,9,MERCEDES E CLASS,3,E01003634,0,4
2024010536604,2024,010536604,1,9,0,9,9,1,6,0,0,2,0,0,0,0,1,1,6,6,1,44,7,1950,2,7,MERCEDES E CLASS,-1,-1,0,-1
2024631527842,2024,631527842,3,9,0,-1,2,0,0,-1,9,2,0,0,0,0,2,1,-1,6,-1,-1,-1,2987,2,8,MERCEDES E CLASS,-1,-1,0,-1
2024010526885,2024,010526885,2,9,0,5,5,5,1,0,0,2,0,0,0,0,1,1,6,6,1,28,6,1950,2,6,MERCEDES E CLASS,-1,-1,0,-1
2024401507038,2024,401507038,2,9,0,-1,19,7,3,-1,0,0,0,0,0,0,2,1,-1,6,1,33,6,2987,2,7,MERCEDES E CLASS,4,E01018179,0,1
2024010536905,2024,010536905,1,9,0,3,3,1,5,0,0,2,0,0,0,0,2,1,6,6,1,65,9,2143,2,8,MERCEDES E CLASS,8,E01004510,0,2
2024010524419,2024,010524419,2,9,0,7,7,5,7,0,0,6,2,0,0,0,1,1,6,6,1,25,5,1950,2,8,MERCEDES E CLASS,-1,-1,0,-1
2024161474274,2024,161474274,2,9,0,-1,3,2,6,-1,0,0,0,0,0,0,1,9,-1,6,3,-1,-1,2987,2,13,MERCEDES E CLASS,-1,-1,0,-1
2024010517204,2024,010517204,1,9,0,2,2,0,0,0,0,0,0,0,0,0,2,1,6,6,3,-1,-1,1950,2,7,MERCEDES E CLASS,-1,-1,0,-1
2024161430256,2024,161430256,1,9,0,-1,9,7,5,-1,0,6,0,0,0,0,3,1,-1,9,2,90,11,1950,2,7,MERCEDES E CLASS,6,E01013325,0,1
2024332400391,2024,332400391,1,9,0,-1,9,1,7,-1,0,5,0,0,0,0,4,1,-1,9,1,64,9,2143,2,11,MERCEDES E CLASS,8,E01025954,0,2
2024010500779,2024,010500779,2,9,0,99,99,9,9,99,99,9,9,99,9,99,1,9,6,6,3,-1,-1,2143,2,11,MERCEDES E CLASS,-1,-1,0,-1
2024231427229,2024,231427229,4,9,0,-1,19,6,2,-1,0,0,0,0,0,0,1,1,-1,6,2,28,6,2143,2,9,MERCEDES E CLASS,8,E01022123,0,4
2024461472293,2024,461472293,1,9,0,-1,10,7,5,-1,0,1,0,0,0,0,1,1,-1,9,1,54,8,1950,2,8,MERCEDES E CLASS,7,E01024245,0,1
2024010547810,2024,010547810,2,8,0,99,99,9,9,99,99,9,9,99,9,99,1,9,6,6,1,28,6,1950,-1,4,MERCEDES E CLASS,3,E01004305,0,2
2024031531261,2024,031531261,4,9,0,-1,2,0,0,-1,0,0,0,0,0,0,2,1,-1,6,1,74,10,2148,2,16,MERCEDES E CLASS,7,E01019240,0,4
2024010507961,2024,010507961,2,9,0,99,99,9,9,99,99,9,9,99,9,99,1,9,6,6,3,55,8,2987,2,11,MERCEDES E CLASS,-1,-1,0,-1
2024010531859,2024,010531859,1,9,0,18,19,1,5,0,0,4,0,0,0,0,3,2,1,1,1,30,6,1950,2,5,MERCEDES E CLASS,2,E01016464,0,3
2024430336989,2024,430336989,1,9,0,18,19,2,6,0,0,0,0,0,0,0,1,1,6,6,1,-1,-1,1950,2,6,MERCEDES E CLASS,-1,-1,0,-1
2024010508231,2024,010508231,1,9,0,18,19,5,1,0,0,1,0,0,0,0,3,1,6,6,1,18,4,2143,2,9,MERCEDES E CLASS,9,E01003795,0,1
2024010509734,2024,010509734,2,9,0,99,99,9,9,99,99,9,9,99,9,99,1,9,6,6,3,-1,-1,1950,2,5,MERCEDES E CLASS,-1,-1,0,-1
2024451400462,2024,451400462,2,9,0,-1,9,7,3,-1,0,1,0,0,0,0,1,1,-1,6,1,75,10,1950,2,4,MERCEDES E CLASS,8,E01030763,0,2
2024311450543,2024,311450543,2,9,0,-1,19,1,5,-1,0,1,1,0,0,0,4,1,-1,9,1,37,7,2143,2,12,MERCEDES E CLASS,-1,-1,0,-1
2024440025659,2024,440025659,3,9,0,3,3,8,4,0,0,0,0,0,0,0,2,1,6,6,2,36,7,2987,2,10,MERCEDES E CLASS,3,E01017347,0,2
2024332400104,2024,332400104,2,9,0,-1,19,8,4,-1,0,8,0,0,0,0,1,1,-1,6,1,35,6,1950,2,6,MERCEDES E CLASS,6,E01013735,0,1
2024010530436,2024,010530436,1,9,0,9,9,5,3,0,0,2,0,0,0,0,0,1,2,2,1,25,5,1950,2,6,MERCEDES E CLASS,1,E01002037,0,1
2024052401250,2024,052401250,2,9,0,4,4,1,5,0,0,0,0,0,0,0,2,1,6,6,1,38,7,1950,2,7,MERCEDES E CLASS,5,E01006491,0,2
2024010511619,2024,010511619,2,9,0,99,99,9,9,99,99,9,9,99,9,99,9,9,6,6,3,-1,-1,1950,2,6,MERCEDES E CLASS,-1,-1,0,-1
2024010503599,2024,010503599,2,9,0,3,3,1,5,0,0,1,0,0,0,0,1,1,2,2,1,36,7,1950,2,6,MERCEDES E CLASS,10,E01004276,0,3
2024010497442,2024,010497442,2,9,0,18,19,5,1,0,0,1,0,0,0,0,3,1,6,6,1,24,5,1950,12,4,MERCEDES E CLASS,3,E01002548,0,2
2024010529035,2024,010529035,1,9,0,4,4,3,7,0,0,2,0,0,0,0,1,1,1,1,1,23,5,1991,8,3,MERCEDES E CLASS,2,E01003305,0,1
2024351452914,2024,351452914,2,9,0,-1,14,1,5,-1,0,0,0,0,0,0,2,1,-1,2,1,20,4,1950,2,7,MERCEDES E CLASS,7,E01015686,0,3
2024201474586,2024,201474586,2,9,0,-1,19,8,4,-1,0,8,0,0,0,0,4,9,-1,6,1,33,6,2143,2,14,MERCEDES E CLASS,2,E01010071,0,1
2024451398986,2024,451398986,3,9,0,-1,9,7,3,-1,0,1,0,0,0,0,1,1,-1,7,2,29,6,2143,2,11,MERCEDES E CLASS,7,E01030548,0,1
2024552401024,2024,552401024,1,9,0,18,19,4,8,0,0,0,0,0,0,0,1,1,6,6,3,-1,-1,1950,2,5,MERCEDES E CLASS,-1,-1,0,-1
2024141470163,2024,141470163,1,9,0,-1,9,7,4,-1,1,6,0,0,0,0,1,1,-1,9,1,48,8,2143,2,11,MERCEDES E CLASS,4,E01008093,0,1
2024311521244,2024,311521244,2,8,0,-1,19,1,5,-1,0,0,1,4,0,0,1,1,-1,6,1,36,7,1950,2,7,MERCEDES E CLASS,1,E01013567,0,4
2024545535724,2024,545535724,2,9,0,18,19,2,6,0,0,1,0,0,0,0,2,1,6,6,1,30,6,1950,2,7,MERCEDES E CLASS,6,E01032117,0,1
202417S110824,2024,17S110824,1,9,0,-1,19,4,8,-1,0,1,0,0,0,0,1,1,-1,2,1,49,8,2143,2,11,MERCEDES E CLASS,7,E01012189,0,1
2024041512537,2024,041512537,1,9,0,-1,19,1,5,-1,0,0,0,0,0,0,1,1,-1,6,1,39,7,1950,2,8,MERCEDES E CLASS,1,E01012656,0,1
202417M318624,2024,17M318624,4,9,0,-1,19,4,7,-1,0,8,0,0,0,0,3,1,-1,2,1,45,7,2925,2,5,MERCEDES E CLASS,8,E01012067,0,1
2024131441531,2024,131441531,3,9,0,-1,19,1,5,-1,0,0,0,0,0,0,2,1,-1,2,1,40,7,2143,2,11,MERCEDES E CLASS,3,E01006003,0,4
2024320330349,2024,320330349,3,9,0,2,2,0,0,0,0,0,0,0,0,0,2,1,6,6,3,-1,-1,2143,2,9,MERCEDES E CLASS,-1,-1,0,-1
2024010525303,2024,010525303,2,9,0,99,99,9,9,99,99,9,9,99,9,99,9,9,6,6,3,-1,-1,1950,2,8,MERCEDES E CLASS,-1,-1,0,-1
2024010547157,2024,010547157,1,9,0,99,99,9,9,99,99,9,9,99,9,99,1,9,6,6,3,-1,-1,1950,2,6,MERCEDES E CLASS,-1,-1,0,-1
2024010518303,2024,010518303,1,9,0,18,19,3,7,0,0,8,0,0,0,0,0,1,6,6,2,29,6,2143,2,9,MERCEDES E CLASS,6,E01001964,0,1