collision_index,collision_year,collision_ref_no,vehicle_reference,vehicle_type,towing_and_articulation,vehicle_manoeuvre_historic,vehicle_manoeuvre,vehicle_direction_from,vehicle_direction_to,vehicle_location_restricted_lane_historic,vehicle_location_restricted_lane,junction_location,skidding_and_overturning,hit_object_in_carriageway,vehicle_leaving_carriageway,hit_object_off_carriageway,first_point_of_impact,vehicle_left_hand_drive,journey_purpose_of_driver_historic,journey_purpose_of_driver,sex_of_driver,age_of_driver,age_band_of_driver,engine_capacity_cc,propulsion_code,age_of_vehicle,generic_make_model,driver_imd_decile,lsoa_of_driver,escooter_flag,driver_distance_banding
2024461461349,2024,461461349,2,9,0,-1,2,0,0,-1,0,0,0,0,0,0,1,1,-1,6,-1,-1,-1,1950,2,5,MERCEDES E CLASS,-1,-1,0,-1
2024201535430,2024,201535430,2,9,0,-1,7,7,1,-1,0,5,0,0,0,0,2,9,-1,6,1,23,5,1950,2,7,MERCEDES E CLASS,-1,-1,0,-1
2024471500369,2024,471500369,2,9,0,-1,19,2,6,-1,0,8,1,0,1,3,1,1,-1,9,1,44,7,2143,2,12,MERCEDES E CLASS,7,E01031398,0,3
2024371452937,2024,371452937,2,9,0,-1,9,7,5,-1,0,8,0,0,0,0,2,1,-1,9,2,42,7,2143,2,13,MERCEDES E CLASS,3,E01030161,0,3
2024421456577,2024,421456577,2,9,0,-1,19,2,6,-1,0,8,0,0,1,1,1,1,-1,2,1,34,6,2987,2,16,MERCEDES E CLASS,6,E01021595,0,3
2024421520147,2024,421520147,1,8,0,-1,2,-1,-1,-1,99,0,0,0,0,0,1,1,-1,6,3,-1,-1,1950,2,5,MERCEDES E CLASS,-1,-1,0,-1
2024010535712,2024,010535712,1,9,0,4,4,8,4,9,9,7,0,0,0,0,1,1,6,6,1,36,7,1950,2,7,MERCEDES E CLASS,8,E01000320,0,3
2024010526702,2024,010526702,2,9,0,18,19,3,7,0,0,1,0,0,0,0,3,1,6,6,3,-1,-1,1950,2,6,MERCEDES E CLASS,-1,-1,0,-1
2024401473683,2024,401473683,1,9,0,-1,-1,-1,-1,-1,-1,-1,-1,-1,-1,0,-1,1,-1,6,2,-1,-1,2143,2,11,MERCEDES E CLASS,-1,-1,0,-1
2024201439039,2024,201439039,1,9,0,-1,3,6,2,-1,0,0,0,0,0,0,2,1,-1,9,1,36,7,2987,2,15,MERCEDES E CLASS,2,E01034954,0,1
2024010532116,2024,010532116,1,9,0,99,99,9,9,99,99,9,9,99,9,99,1,9,6,6,3,-1,-1,1950,2,8,MERCEDES E CLASS,2,E01015716,0,4
2024440258411,2024,440258411,2,9,0,18,19,7,3,0,0,2,0,0,0,0,3,1,6,6,1,60,9,2987,2,8,MERCEDES E CLASS,5,E01022907,0,1
2024411547119,2024,411547119,2,9,0,-1,1,3,7,-1,0,0,0,0,0,0,2,1,-1,6,2,40,7,1950,2,4,MERCEDES E CLASS,10,E01023818,0,1
2024991482331,2024,991482331,1,9,0,-1,5,1,4,-1,0,8,0,0,0,0,3,1,-1,6,1,69,10,1950,12,1,MERCEDES E CLASS,8,-1,0,1
2024131441144,2024,131441144,1,9,0,-1,-1,-1,-1,-1,-1,0,-1,-1,-1,0,-1,1,-1,6,3,-1,-1,3222,2,19,MERCEDES E CLASS,-1,-1,0,-1
2024010523293,2024,010523293,1,9,0,7,7,3,5,6,6,2,0,0,1,0,4,2,1,1,1,62,9,1999,8,0,MERCEDES E CLASS,3,E01035649,0,2
2024010548888,2024,010548888,3,9,0,18,19,1,5,0,0,8,0,0,1,0,3,1,6,6,1,43,7,2143,2,9,MERCEDES E CLASS,-1,-1,0,-1
2024010542564,2024,010542564,2,9,0,4,4,1,5,0,0,1,0,0,0,0,2,1,1,1,1,39,7,1950,2,7,MERCEDES E CLASS,2,E01034477,0,4
2024010541730,2024,010541730,1,9,0,2,2,0,0,0,0,2,0,0,0,0,0,1,6,6,3,-1,-1,1950,2,5,MERCEDES E CLASS,-1,-1,0,-1
2024231471478,2024,231471478,1,9,0,-1,13,8,4,-1,0,0,0,0,0,0,2,1,-1,6,1,43,7,1950,12,3,MERCEDES E CLASS,9,E01002191,0,5
2024141527391,2024,141527391,1,9,0,-1,19,5,1,-1,0,0,1,0,2,11,1,1,-1,9,1,23,5,1950,2,5,MERCEDES E CLASS,8,E01026185,0,4
2024010529013,2024,010529013,1,8,0,18,19,1,5,0,0,0,0,10,0,0,3,1,1,1,1,52,8,1950,12,4,MERCEDES E CLASS,3,E01002634,0,1
2024061511647,2024,061511647,1,9,0,-1,19,5,8,-1,0,1,1,0,0,0,1,1,-1,9,2,31,6,2148,2,16,MERCEDES E CLASS,2,E01025075,0,4
2024440216546,2024,440216546,2,9,0,18,19,5,1,0,0,8,0,0,0,0,1,1,6,6,1,-1,-1,2148,2,15,MERCEDES E CLASS,3,E01032751,0,1
2024471413308,2024,471413308,2,9,0,-1,19,2,7,-1,0,0,0,0,0,0,2,1,-1,6,1,-1,-1,2143,12,11,MERCEDES E CLASS,5,E01031611,0,3
2024451523397,2024,451523397,1,9,0,-1,19,3,7,-1,0,0,0,0,0,0,1,1,-1,2,1,67,10,1796,1,19,MERCEDES E CLASS,10,E01031738,0,2
2024440051158,2024,440051158,1,9,0,18,19,7,3,0,0,8,0,0,0,0,1,1,6,6,1,31,6,1991,1,6,MERCEDES E CLASS,10,E01022867,0,1
2024010498533,2024,010498533,1,9,0,18,19,5,1,0,0,2,1,11,1,7,1,1,6,6,1,39,7,2925,2,4,MERCEDES E CLASS,2,E01001555,0,1
2024010547204,2024,010547204,2,8,9,99,99,9,9,99,99,1,9,12,9,99,9,9,6,6,3,44,7,1991,8,6,MERCEDES E CLASS,2,E01001574,0,3
2024461506496,2024,461506496,1,9,0,-1,5,5,5,-1,9,0,0,0,0,0,1,1,-1,9,1,84,11,2151,2,23,MERCEDES E CLASS,5,E01024319,0,1
2024610030724,2024,610030724,1,9,0,18,19,9,9,0,0,0,0,0,0,0,3,1,6,6,1,57,9,2143,2,12,MERCEDES E CLASS,10,W01001533,0,1
2024311446100,2024,311446100,2,9,0,-1,3,3,3,-1,0,0,0,0,0,0,1,9,-1,9,1,75,10,2987,2,14,MERCEDES E CLASS,9,E01020457,0,5
2024401419682,2024,401419682,2,9,0,-1,19,5,1,-1,0,0,0,0,0,0,2,1,-1,6,1,31,6,1950,2,7,MERCEDES E CLASS,4,E01002393,0,4
2024201502611,2024,201502611,2,9,0,-1,19,1,5,-1,0,8,0,0,0,0,1,1,-1,6,3,30,6,2685,2,20,MERCEDES E CLASS,-1,-1,0,-1
2024451414170,2024,451414170,3,9,0,-1,3,7,3,-1,0,0,0,0,0,0,2,1,-1,9,2,75,10,1997,1,29,MERCEDES E CLASS,10,E01016608,0,3
2024451464990,2024,451464990,2,9,9,-1,9,-1,-1,-1,0,1,0,0,0,0,1,1,-1,6,1,22,5,1796,1,14,MERCEDES E CLASS,-1,-1,0,-1
2024440204078,2024,440204078,2,9,0,17,19,7,4,0,0,2,0,0,0,0,1,1,6,6,2,44,7,2143,2,10,MERCEDES E CLASS,9,E01030933,0,3
2024010525170,2024,010525170,1,9,0,2,2,0,0,0,0,0,0,0,0,0,4,1,6,6,3,-1,-1,2143,2,10,MERCEDES E CLASS,-1,-1,0,-1
2024201514436,2024,201514436,1,9,0,-1,19,7,3,-1,0,8,0,0,0,0,1,9,-1,6,3,25,5,1999,8,0,MERCEDES E CLASS,-1,-1,0,-1
2024451453450,2024,451453450,1,9,0,-1,19,7,3,-1,0,8,1,0,1,2,1,1,-1,6,-1,-1,-1,1950,2,7,MERCEDES E CLASS,-1,-1,0,-1
2024371462063,2024,371462063,2,9,0,-1,19,7,3,-1,0,0,0,0,0,0,1,1,-1,9,2,55,8,2143,2,11,MERCEDES E CLASS,2,E01021322,0,4
2024061422300,2024,061422300,1,9,0,-1,9,5,2,-1,0,1,0,0,0,0,1,1,-1,6,1,70,10,1950,2,8,MERCEDES E CLASS,-1,-1,0,-1
2024010549326,2024,010549326,1,8,0,99,99,9,9,99,99,9,9,99,9,99,2,9,6,6,1,62,9,1999,8,0,MERCEDES E CLASS,3,E01035649,0,1
2024041536380,2024,041536380,1,9,0,-1,19,5,1,-1,0,0,1,0,1,11,4,1,-1,9,1,31,6,1993,12,0,MERCEDES E CLASS,1,E01012675,0,1
2024522402483,2024,522402483,1,9,0,18,19,7,3,0,0,0,0,0,1,7,1,1,6,6,1,64,9,2925,2,5,MERCEDES E CLASS,7,E01014744,0,1
2024010524761,2024,010524761,2,9,0,13,13,5,1,0,0,1,0,0,0,0,0,1,6,6,1,34,6,2987,2,17,MERCEDES E CLASS,6,E01001496,0,1
2024201508218,2024,201508218,2,9,0,-1,13,2,6,-1,0,0,0,0,0,0,1,1,-1,9,1,47,8,1950,2,7,MERCEDES E CLASS,1,E01009483,0,1
2024221467814,2024,221467814,1,9,0,-1,9,8,5,-1,0,5,0,0,0,0,1,9,-1,2,1,28,6,2143,2,7,MERCEDES E CLASS,3,E01014010,0,1
2024221473658,2024,221473658,2,9,0,-1,10,8,7,-1,0,8,0,0,0,0,2,1,-1,6,1,46,8,1991,1,6,MERCEDES E CLASS,2,E01010531,0,3
2024010499692,2024,010499692,1,9,0,13,13,7,3,0,0,1,0,10,7,0,1,1,6,6,1,18,4,2143,2,9,MERCEDES E CLASS,9,E01000773,0,3
2024340WN7252,2024,340WN7252,2,9,0,-1,4,3,7,-1,0,4,0,0,0,0,2,1,-1,9,1,50,8,2143,2,13,MERCEDES E CLASS,2,E01015612,0,4
2024501433210,2024,501433210,2,9,0,-1,19,6,2,-1,0,0,0,0,0,0,4,1,-1,6,1,35,6,2987,2,14,MERCEDES E CLASS,7,E01018827,0,1
2024522402418,2024,522402418,2,9,4,4,4,6,2,0,0,0,0,0,0,0,2,1,6,6,1,36,7,1950,2,8,MERCEDES E CLASS,2,E01005566,0,5
2024010493852,2024,010493852,1,9,0,18,19,3,7,0,0,0,0,0,0,0,1,1,6,6,1,42,7,1950,2,5,MERCEDES E CLASS,7,E01001678,0,1
2024010498855,2024,010498855,1,9,0,18,19,1,5,0,0,3,0,0,0,0,3,1,6,6,2,50,8,1950,2,8,MERCEDES E CLASS,8,E01001454,0,1
2024461445804,2024,461445804,2,9,0,-1,2,0,0,-1,0,0,0,0,0,0,2,1,-1,6,-1,-1,-1,2149,2,15,MERCEDES E CLASS,-1,-1,0,-1
2024451467633,2024,451467633,1,9,0,-1,6,5,1,-1,0,0,0,0,0,0,3,1,-1,9,1,50,8,1950,2,5,MERCEDES E CLASS,7,E01034153,0,3
2024440510454,2024,440510454,1,9,0,18,19,1,5,0,0,0,0,11,0,0,1,1,6,6,1,61,9,2987,2,15,MERCEDES E CLASS,8,E01023274,0,2
2024061497243,2024,061497243,3,9,0,-1,2,0,0,-1,9,0,0,0,0,0,2,1,-1,6,-1,-1,-1,2143,2,10,MERCEDES E CLASS,-1,-1,0,-1
2024010545744,2024,010545744,2,9,0,99,99,9,9,99,99,9,9,99,9,99,1,9,6,6,3,-1,-1,1950,2,5,MERCEDES E CLASS,-1,-1,0,-1
2024010532629,2024,010532629,2,9,0,99,99,9,9,99,99,9,9,99,9,99,1,9,6,6,3,42,7,1950,2,3,MERCEDES E CLASS,7,E01017561,0,4
2024522401590,2024,522401590,2,9,0,5,5,5,1,0,0,6,0,0,0,0,1,1,6,6,3,-1,-1,1950,2,7,MERCEDES E CLASS,-1,-1,0,-1
2024201513489,2024,201513489,6,9,0,-1,3,7,2,-1,0,0,0,0,0,0,3,1,-1,6,1,28,6,1991,1,5,MERCEDES E CLASS,6,E01009251,0,3
2024461426849,2024,461426849,2,9,0,-1,19,4,6,-1,0,1,0,0,7,0,1,9,-1,9,1,35,6,2143,2,13,MERCEDES E CLASS,2,E01016066,0,1
2024010535497,2024,010535497,2,9,0,6,6,8,8,0,0,8,0,0,0,0,3,1,1,1,1,47,8,1991,8,7,MERCEDES E CLASS,5,E01001007,0,1
2024340WN3462,2024,340WN3462,1,9,0,-1,9,1,7,-1,0,8,0,0,0,0,3,1,-1,1,2,57,9,1950,2,7,MERCEDES E CLASS,1,E01027199,0,2
2024421517033,2024,421517033,1,8,0,-1,19,5,1,-1,0,4,0,0,0,0,1,1,-1,1,1,45,7,1950,2,7,MERCEDES E CLASS,2,E01035163,0,1
2024011564369,2024,011564369,1,9,0,-1,15,7,3,-1,0,1,0,0,0,0,3,1,-1,9,1,24,5,1950,2,5,MERCEDES E CLASS,-1,-1,0,-1
2024547469824,2024,547469824,1,9,0,18,19,1,5,0,0,0,0,0,0,0,1,1,2,2,1,45,7,2987,2,15,MERCEDES E CLASS,9,E01015523,0,1
2024211522159,2024,211522159,1,9,0,-1,19,7,3,-1,0,1,0,0,1,0,1,1,-1,6,1,26,6,2143,2,12,MERCEDES E CLASS,10,E01029747,0,1
2024201495298,2024,201495298,1,9,0,-1,14,5,1,-1,0,1,0,0,0,0,4,1,-1,6,1,-1,-1,1991,8,7,MERCEDES E CLASS,1,E01008913,0,2
2024111489880,2024,111489880,1,9,0,-1,19,1,5,-1,0,0,1,0,0,0,1,1,-1,6,1,30,6,2143,2,9,MERCEDES E CLASS,2,E01020820,0,2
2024991521844,2024,991521844,3,9,0,-1,19,3,7,-1,0,0,0,0,1,0,1,1,-1,9,1,33,6,2148,2,18,MERCEDES E CLASS,-1,-1,0,-1
2024351432138,2024,351432138,2,9,0,-1,4,3,7,-1,0,8,0,0,0,0,2,1,-1,6,2,44,7,2987,2,16,MERCEDES E CLASS,9,E01018008,0,1
2024351421003,2024,351421003,1,9,0,-1,4,6,2,-1,0,1,0,0,0,0,4,1,-1,2,2,30,6,1950,2,7,MERCEDES E CLASS,4,E01018109,0,1
2024421481931,2024,421481931,2,9,0,-1,19,3,3,-1,0,0,0,0,0,0,2,1,-1,9,1,46,8,2143,2,11,MERCEDES E CLASS,10,E01033055,0,3
2024141492229,2024,141492229,1,9,0,-1,9,8,4,-1,0,8,0,0,0,0,1,1,-1,6,1,28,6,1950,2,7,MERCEDES E CLASS,-1,-1,0,-1
2024471500409,2024,471500409,1,9,0,-1,5,7,3,-1,0,4,0,0,0,0,1,1,-1,9,1,73,10,1796,1,12,MERCEDES E CLASS,6,E01034816,0,1
2024010511432,2024,010511432,1,9,0,18,19,3,7,0,0,1,0,0,0,0,1,1,6,6,1,49,8,1991,1,3,MERCEDES E CLASS,9,E01032576,0,1
2024010527921,2024,010527921,4,8,0,3,3,5,1,0,0,1,0,0,0,0,2,1,1,1,1,45,7,1950,2,5,MERCEDES E CLASS,6,E01001498,0,3
2024991461059,2024,991461059,2,9,0,-1,2,0,0,-1,0,2,0,0,0,0,1,1,-1,6,-1,-1,-1,2143,2,15,MERCEDES E CLASS,-1,-1,0,-1
2024421461920,2024,421461920,2,9,0,-1,19,1,5,-1,0,1,1,0,0,0,1,1,-1,6,1,40,7,1950,2,3,MERCEDES E CLASS,-1,-1,0,-1
2024320648924,2024,320648924,1,8,0,4,4,2,6,0,0,8,0,0,0,0,1,1,6,6,1,-1,-1,1950,2,5,MERCEDES E CLASS,-1,-1,0,-1
2024351414168,2024,351414168,1,9,0,-1,-1,-1,-1,-1,-1,0,-1,-1,-1,0,-1,9,-1,6,3,-1,-1,2987,2,11,MERCEDES E CLASS,-1,-1,0,-1
2024161439828,2024,161439828,1,9,0,-1,19,4,8,-1,0,0,0,0,0,0,1,9,-1,6,1,-1,-1,2143,2,11,MERCEDES E CLASS,-1,-1,0,-1
2024481564406,2024,481564406,1,8,0,-1,4,1,5,-1,0,0,0,0,0,0,4,1,-1,1,1,51,8,1950,2,5,MERCEDES E CLASS,-1,-1,0,-1
2024101397653,2024,101397653,2,9,0,-1,3,1,5,-1,0,0,0,0,0,0,2,2,-1,9,1,44,7,1950,2,7,MERCEDES E CLASS,9,E01020613,0,1
2024440394300,2024,440394300,2,9,0,18,19,2,6,0,0,0,0,0,0,0,2,1,3,7,1,49,8,1950,2,7,MERCEDES E CLASS,-1,-1,0,-1
2024010516711,2024,010516711,2,9,0,99,99,9,9,99,99,9,9,99,9,99,9,9,6,6,3,56,9,3498,1,8,MERCEDES E CLASS,10,E01003007,0,1
2024451426938,2024,451426938,1,9,0,-1,9,6,2,-1,0,5,0,0,0,0,3,1,-1,9,2,54,8,1950,2,6,MERCEDES E CLASS,10,E01030316,0,1
2024461479652,2024,461479652,2,9,0,-1,19,7,3,-1,0,0,0,0,0,0,2,1,-1,9,1,31,6,1950,2,8,MERCEDES E CLASS,6,E01000174,0,4
2024070033124,2024,070033124,1,9,0,18,19,3,7,0,0,1,0,0,1,5,1,1,6,6,1,50,8,1950,2,5,MERCEDES E CLASS,10,E01018325,0,1
2024471465491,2024,471465491,2,9,0,-1,19,5,1,-1,0,6,0,0,0,0,1,1,-1,1,1,49,8,2143,2,8,MERCEDES E CLASS,3,E01003081,0,4
2024411432130,2024,411432130,2,9,0,-1,19,6,2,-1,0,1,0,0,0,0,1,1,-1,6,2,57,9,2143,2,10,MERCEDES E CLASS,3,E01023866,0,1
2024061532149,2024,061532149,1,9,0,-1,-1,-1,-1,-1,-1,0,-1,-1,-1,0,1,9,-1,6,1,19,4,1950,2,6,MERCEDES E CLASS,1,E01005459,0,1
2024361570039,2024,361570039,2,9,0,-1,4,3,7,-1,0,0,0,0,0,0,1,1,-1,2,1,41,7,2148,2,15,MERCEDES E CLASS,4,E01026804,0,1
2024010513795,2024,010513795,1,9,0,18,19,5,1,0,0,8,0,0,0,0,1,1,6,6,1,33,6,5461,1,11,MERCEDES E CLASS,7,E01001522,0,2
2024421427678,2024,421427678,1,9,0,-1,11,7,4,-1,0,0,0,0,0,0,4,1,-1,6,1,-1,-1,2143,2,10,MERCEDES E CLASS,7,E01000981,0,4
2024552400670,2024,552400670,1,9,0,9,9,1,6,0,0,6,0,0,0,0,3,1,2,2,1,40,7,2148,2,16,MERCEDES E CLASS,8,E01015453,0,1
2024471440300,2024,471440300,1,9,0,-1,1,2,6,-1,0,0,0,0,0,0,1,9,-1,6,3,-1,-1,2143,2,11,MERCEDES E CLASS,-1,-1,0,-1
2024361418324,2024,361418324,3,9,0,-1,4,1,5,-1,0,0,0,0,0,0,2,1,-1,7,1,36,7,2143,2,12,MERCEDES E CLASS,2,E01026607,0,1
2024010497779,2024,010497779,3,9,9,99,99,9,9,99,99,9,9,99,9,99,9,9,6,6,3,27,6,1950,2,6,MERCEDES E CLASS,3,E01003126,0,1
2024010547787,2024,010547787,2,9,0,2,2,0,0,9,9,0,0,4,0,0,2,1,6,6,3,-1,-1,1796,1,20,MERCEDES E CLASS,-1,-1,0,-1
2024010500190,2024,010500190,1,9,0,8,8,4,7,0,0,1,0,0,0,0,3,1,6,6,1,40,7,1950,2,8,MERCEDES E CLASS,6,E01003707,0,2
2024041442359,2024,041442359,2,9,0,-1,2,0,0,-1,0,0,0,0,0,0,3,1,-1,6,1,61,9,2143,2,10,MERCEDES E CLASS,6,E01025026,0,4
2024221521735,2024,221521735,2,9,0,-1,19,8,4,-1,0,8,0,0,0,0,1,1,-1,6,1,40,7,2143,2,9,MERCEDES E CLASS,9,E01014022,0,4
2024010489142,2024,010489142,1,9,0,18,19,3,7,0,0,0,0,0,4,2,4,1,6,6,1,36,7,5461,1,9,MERCEDES E CLASS,2,E01000017,0,1
2024501495170,2024,501495170,1,9,0,-1,19,4,8,-1,0,3,0,0,3,0,2,1,-1,6,1,66,10,1950,2,7,MERCEDES E CLASS,10,E01018690,0,5
2024131486164,2024,131486164,1,9,0,-1,7,7,3,-1,0,5,1,10,0,0,1,1,-1,9,1,30,6,2925,2,1,MERCEDES E CLASS,9,E01028511,0,5
2024991490804,2024,991490804,1,9,0,-1,19,1,5,-1,0,2,5,0,1,0,1,1,-1,9,1,17,4,3222,2,21,MERCEDES E CLASS,5,-1,0,3
2024010535998,2024,010535998,2,9,0,18,19,1,5,0,0,2,0,0,0,0,1,1,6,6,3,-1,-1,2143,2,8,MERCEDES E CLASS,-1,-1,0,-1
2024451471374,2024,451471374,1,9,0,-1,19,3,7,-1,0,0,1,0,3,10,1,1,-1,9,1,59,9,3222,2,20,MERCEDES E CLASS,6,E01030464,0,1
2024501508458,2024,501508458,1,9,0,-1,9,1,5,-1,0,1,0,0,0,0,1,1,-1,6,2,44,7,2143,12,10,MERCEDES E CLASS,4,E01015169,0,1
2024010524417,2024,010524417,1,9,0,2,2,0,0,0,0,0,0,0,0,0,4,1,6,6,3,-1,-1,2143,2,10,MERCEDES E CLASS,-1,-1,0,-1
2024010535122,2024,010535122,1,8,0,99,99,9,9,99,99,0,9,99,9,99,9,9,1,1,1,60,9,1950,12,2,MERCEDES E CLASS,3,E01001109,0,3
2024401448957,2024,401448957,1,9,-1,-1,-1,-1,-1,-1,-1,0,-1,-1,-1,0,-1,9,-1,6,1,26,6,2987,2,13,MERCEDES E CLASS,4,E01027238,0,4
2024371517661,2024,371517661,1,9,0,-1,19,1,5,-1,0,4,0,0,0,0,3,1,-1,9,2,69,10,1950,2,8,MERCEDES E CLASS,2,E01030248,0,1
2024010511284,2024,010511284,1,9,0,18,19,5,1,9,9,2,0,0,7,10,1,1,6,6,1,29,6,1950,2,7,MERCEDES E CLASS,2,E01001971,0,1
2024302401446,2024,302401446,2,9,0,9,9,7,5,0,0,8,0,0,0,0,3,1,6,6,1,80,11,1950,2,5,MERCEDES E CLASS,10,E01028088,0,4
2024061424566,2024,061424566,1,9,-1,-1,19,-1,-1,-1,0,0,0,0,0,0,0,9,-1,6,3,-1,-1,1950,2,7,MERCEDES E CLASS,-1,-1,0,-1
2024010498825,2024,010498825,1,8,0,99,99,9,9,99,99,9,9,99,9,99,9,9,6,6,1,24,5,1950,12,5,MERCEDES E CLASS,2,E01003059,0,3
2024340NN1582,2024,340NN1582,2,9,0,-1,19,8,4,-1,0,1,0,0,0,0,1,1,-1,6,1,66,10,2143,2,9,MERCEDES E CLASS,8,E01027346,0,1
2024010511988,2024,010511988,1,9,0,4,4,7,3,0,0,0,0,4,0,0,1,1,6,6,1,37,7,1950,2,5,MERCEDES E CLASS,7,E01034359,0,3
2024211518994,2024,211518994,1,9,0,-1,19,1,5,-1,0,0,0,0,0,0,1,1,-1,9,1,55,8,2143,2,11,MERCEDES E CLASS,6,E01029647,0,1
2024471443695,2024,471443695,1,9,0,-1,19,7,3,-1,0,0,0,0,0,0,4,1,-1,9,1,68,10,3498,1,14,MERCEDES E CLASS,2,E01020922,0,1
2024141442630,2024,141442630,2,9,0,-1,9,1,5,-1,0,2,1,0,0,0,3,1,-1,6,2,60,9,1950,2,7,MERCEDES E CLASS,5,E01007558,0,1
2024430542698,2024,430542698,3,9,0,3,3,6,2,0,0,0,0,0,0,0,2,1,6,6,1,85,11,1950,2,6,MERCEDES E CLASS,8,E01016274,0,1
2024010504152,2024,010504152,1,9,0,99,99,9,9,99,99,9,9,99,9,99,2,9,6,6,1,63,9,2925,2,5,MERCEDES E CLASS,9,E01021789,0,3
2024340WN5672,2024,340WN5672,2,9,0,-1,19,1,5,-1,0,0,0,0,0,0,2,1,-1,9,1,38,7,2987,2,10,MERCEDES E CLASS,5,E01027158,0,1
2024041433205,2024,041433205,1,9,0,-1,19,1,5,-1,0,0,0,0,0,0,1,1,-1,7,1,33,6,2987,2,13,MERCEDES E CLASS,2,E01012630,0,1
2024010501986,2024,010501986,1,9,0,1,1,4,2,0,0,2,0,0,0,0,2,1,6,6,3,-1,-1,1950,2,8,MERCEDES E CLASS,-1,-1,0,-1
2024010544542,2024,010544542,1,9,0,6,6,1,1,0,0,8,0,0,0,0,0,2,4,7,1,17,4,1950,2,7,MERCEDES E CLASS,3,E01004189,0,1
2024421420150,2024,421420150,1,9,0,-1,9,8,7,-1,0,0,0,0,0,0,1,1,-1,6,1,80,11,1950,2,5,MERCEDES E CLASS,-1,-1,0,-1
2024451535753,2024,451535753,1,9,0,-1,19,6,2,-1,0,0,0,4,0,0,1,1,-1,1,1,45,7,2925,2,5,MERCEDES E CLASS,4,E01034613,0,3
2024010534851,2024,010534851,1,9,0,4,4,8,4,0,0,1,0,0,0,0,1,1,1,1,1,51,8,1991,1,5,MERCEDES E CLASS,3,E01003573,0,3
2024010508063,2024,010508063,2,9,0,99,99,9,9,99,99,9,9,99,9,99,9,9,6,6,3,-1,-1,1950,2,6,MERCEDES E CLASS,-1,-1,0,-1
2024451493391,2024,451493391,1,9,0,-1,19,3,7,-1,0,0,0,0,0,0,1,9,-1,6,2,30,6,1950,2,4,MERCEDES E CLASS,-1,-1,0,-1
2024070199625,2024,070199625,1,9,0,18,19,5,1,0,0,0,0,0,0,0,1,1,6,6,1,26,6,2685,2,20,MERCEDES E CLASS,2,E01012545,0,1
2024010547297,2024,010547297,2,9,0,1,1,7,3,9,9,2,1,0,0,0,4,1,6,6,1,37,7,1950,2,7,MERCEDES E CLASS,10,E01023881,0,4
2024430625524,2024,430625524,1,9,0,18,19,5,1,0,0,0,1,0,0,0,1,1,2,2,1,40,7,2925,2,2,MERCEDES E CLASS,2,E01006029,0,5
2024430069001,2024,430069001,2,9,0,18,19,8,4,0,0,8,0,0,0,0,1,1,6,6,1,-1,-1,2143,2,13,MERCEDES E CLASS,-1,-1,0,-1
2024451399050,2024,451399050,2,9,0,-1,19,6,2,-1,0,1,0,0,0,0,1,1,-1,2,1,30,6,2143,2,10,MERCEDES E CLASS,5,E01030801,0,1
2024552400965,2024,552400965,2,9,0,18,19,2,6,0,0,0,0,0,0,0,1,1,6,6,1,77,11,2148,2,15,MERCEDES E CLASS,7,E01029243,0,3
2024320418402,2024,320418402,1,9,0,-1,-1,6,2,0,0,0,0,6,8,11,2,1,6,6,1,46,8,2148,2,15,MERCEDES E CLASS,1,E01007563,0,4
2024361416331,2024,361416331,1,9,0,-1,19,1,5,-1,0,1,0,0,0,0,1,1,-1,9,1,18,4,2143,2,11,MERCEDES E CLASS,6,E01026569,0,2
2024010509025,2024,010509025,2,9,0,18,19,1,5,0,0,8,0,0,0,0,1,1,6,6,1,35,6,2987,2,16,MERCEDES E CLASS,3,E01000055,0,1
2024461425969,2024,461425969,3,9,0,-1,19,6,2,-1,0,0,1,0,1,0,0,1,-1,9,1,32,6,2143,2,9,MERCEDES E CLASS,6,E01034988,0,3
2024010529494,2024,010529494,2,9,0,99,99,9,9,0,0,9,9,99,9,99,1,9,6,6,3,-1,-1,1950,-1,3,MERCEDES E CLASS,-1,-1,0,-1
2024371403365,2024,371403365,1,9,0,-1,19,7,3,-1,0,0,0,0,0,0,1,1,-1,2,1,55,8,2148,2,15,MERCEDES E CLASS,5,E01030226,0,1
2024041506286,2024,041506286,1,9,0,-1,5,7,3,-1,0,2,0,0,3,0,1,1,-1,7,2,38,7,2143,2,10,MERCEDES E CLASS,5,E01025228,0,1
2024471524338,2024,471524338,1,9,0,-1,9,5,2,-1,0,8,0,0,0,0,1,9,-1,6,1,16,4,2143,2,15,MERCEDES E CLASS,10,E01035351,0,1
2024010549958,2024,010549958,2,9,9,99,99,9,9,99,99,9,9,99,9,99,9,9,6,6,3,-1,-1,1950,2,7,MERCEDES E CLASS,-1,-1,0,-1
2024440135652,2024,440135652,1,9,0,11,11,4,8,0,0,0,1,0,5,6,2,1,6,6,2,27,6,2987,2,15,MERCEDES E CLASS,6,E01034825,0,4