collision_index,collision_year,collision_ref_no,vehicle_reference,vehicle_type,towing_and_articulation,vehicle_manoeuvre_historic,vehicle_manoeuvre,vehicle_direction_from,vehicle_direction_to,vehicle_location_restricted_lane_historic,vehicle_location_restricted_lane,junction_location,skidding_and_overturning,hit_object_in_carriageway,vehicle_leaving_carriageway,hit_object_off_carriageway,first_point_of_impact,vehicle_left_hand_drive,journey_purpose_of_driver_historic,journey_purpose_of_driver,sex_of_driver,age_of_driver,age_band_of_driver,engine_capacity_cc,propulsion_code,age_of_vehicle,generic_make_model,driver_imd_decile,lsoa_of_driver,escooter_flag,driver_distance_banding
2024010517708,2024,010517708,2,9,0,99,99,9,9,99,99,9,9,99,9,99,2,9,6,6,3,-1,-1,1950,2,8,MERCEDES E CLASS,-1,-1,0,-1
2024010547628,2024,010547628,2,9,0,99,99,9,9,99,99,9,9,99,9,99,9,9,6,6,2,-1,-1,1950,2,6,MERCEDES E CLASS,-1,-1,0,-1
2024010532138,2024,010532138,1,9,0,6,6,7,7,0,0,8,0,0,0,0,4,1,6,6,1,40,7,1950,2,7,MERCEDES E CLASS,-1,-1,0,-1
2024302400405,2024,302400405,1,9,0,18,19,8,3,0,0,0,0,0,0,0,1,2,2,2,1,37,7,2143,2,10,MERCEDES E CLASS,3,E01013454,0,1
2024231480389,2024,231480389,3,9,0,-1,4,6,2,-1,0,0,0,0,0,0,2,1,-1,9,1,25,5,6209,1,16,MERCEDES E CLASS,7,E01025623,0,4
2024010548509,2024,010548509,2,9,0,18,19,3,7,0,0,1,0,0,1,0,1,1,6,6,2,35,6,1950,2,7,MERCEDES E CLASS,9,E01000301,0,1
2024501530701,2024,501530701,1,9,0,-1,19,3,7,-1,0,2,0,0,0,0,1,1,-1,2,1,45,7,2143,2,10,MERCEDES E CLASS,3,E01015240,0,1
2024401416724,2024,401416724,1,9,0,-1,3,5,1,-1,0,0,0,0,0,0,2,9,-1,6,1,-1,-1,2987,2,9,MERCEDES E CLASS,4,E01018179,0,3
2024141506339,2024,141506339,2,9,0,-1,12,7,3,-1,0,0,0,0,0,0,2,1,-1,9,1,32,6,2987,2,10,MERCEDES E CLASS,7,E01028048,0,3
2024430278372,2024,430278372,1,8,0,5,5,5,1,0,0,6,0,0,0,0,1,1,1,1,1,54,8,1950,2,8,MERCEDES E CLASS,6,E01028631,0,3
2024161467156,2024,161467156,1,9,0,-1,9,5,3,-1,0,1,0,0,0,0,3,1,-1,6,1,63,9,2143,2,10,MERCEDES E CLASS,7,E01013020,0,2
2024101511201,2024,101511201,1,9,0,-1,19,4,6,-1,0,4,0,0,0,0,1,1,-1,6,1,40,7,2143,2,10,MERCEDES E CLASS,-1,-1,0,-1
2024411419847,2024,411419847,1,9,0,-1,1,5,5,-1,0,1,0,0,0,0,2,1,-1,6,1,59,9,1950,2,7,MERCEDES E CLASS,7,E01001452,0,3
2024430277949,2024,430277949,2,9,0,5,5,2,6,0,0,0,0,0,0,0,1,1,6,6,1,-1,-1,1993,12,0,MERCEDES E CLASS,-1,-1,0,-1
2024991436799,2024,991436799,1,9,0,-1,19,7,3,-1,0,1,0,0,1,1,1,1,-1,2,1,36,7,2987,2,9,MERCEDES E CLASS,-1,-1,0,-1
2024461443809,2024,461443809,1,9,0,-1,9,1,7,-1,0,8,0,0,0,0,1,9,-1,9,1,86,11,6208,1,15,MERCEDES E CLASS,9,E01024483,0,2
2024311524044,2024,311524044,2,9,0,-1,5,2,4,-1,-1,0,0,0,0,0,1,1,-1,9,1,66,10,1950,2,6,MERCEDES E CLASS,10,E01028395,0,1
2024041576429,2024,041576429,2,9,0,-1,2,5,1,-1,0,0,0,0,0,0,2,1,-1,6,-1,-1,-1,1950,2,7,MERCEDES E CLASS,-1,-1,0,-1
2024421432219,2024,421432219,1,9,0,-1,9,1,7,-1,0,2,0,0,0,0,3,1,-1,6,1,75,10,2143,2,10,MERCEDES E CLASS,7,E01021801,0,2
2024430469146,2024,430469146,1,9,0,9,9,7,5,0,0,0,0,0,0,0,3,1,6,6,1,62,9,2143,2,9,MERCEDES E CLASS,7,E01028560,0,1
2024421482142,2024,421482142,1,9,0,-1,19,1,5,-1,0,4,0,0,0,0,1,1,-1,9,1,80,11,1991,1,10,MERCEDES E CLASS,8,E01021803,0,1
2024201518154,2024,201518154,1,9,0,-1,9,1,3,-1,0,0,0,0,0,0,1,9,-1,6,-1,-1,-1,1950,2,7,MERCEDES E CLASS,-1,-1,0,-1
2024461448798,2024,461448798,1,9,0,-1,19,4,3,-1,0,0,0,4,1,0,1,9,-1,6,2,51,8,1950,2,7,MERCEDES E CLASS,9,E01032821,0,1
2024010523128,2024,010523128,1,9,0,99,99,9,9,99,99,9,9,99,9,99,1,9,6,6,1,21,5,1950,2,7,MERCEDES E CLASS,6,E01002636,0,2
2024351460289,2024,351460289,1,9,0,-1,9,5,3,-1,0,6,0,0,0,0,1,1,-1,2,1,61,9,1950,2,7,MERCEDES E CLASS,3,E01027060,0,3
2024010489149,2024,010489149,4,9,0,2,2,0,0,0,0,1,0,0,0,0,1,1,6,6,3,-1,-1,2987,2,14,MERCEDES E CLASS,-1,-1,0,-1
2024440460750,2024,440460750,1,9,0,18,19,6,2,0,0,0,2,0,1,4,1,1,6,6,1,24,5,1950,2,3,MERCEDES E CLASS,9,E01033305,0,4
2024991401420,2024,991401420,2,8,0,-1,19,7,3,-1,0,0,0,0,0,0,1,1,-1,1,1,42,7,1950,2,5,MERCEDES E CLASS,4,-1,0,1
2024010540313,2024,010540313,2,9,0,18,19,9,9,99,99,0,9,99,9,99,9,9,6,6,3,59,9,2143,2,9,MERCEDES E CLASS,6,E01004658,0,1
2024411455712,2024,411455712,1,9,0,-1,13,5,1,-1,0,0,0,0,0,0,1,1,-1,6,2,56,9,2148,2,15,MERCEDES E CLASS,2,E01017707,0,4
2024401429893,2024,401429893,2,9,0,-1,19,1,5,-1,0,0,0,0,0,0,2,1,-1,9,1,23,5,2987,2,9,MERCEDES E CLASS,2,E01032815,0,5
2024010513896,2024,010513896,5,9,0,2,2,0,0,0,0,0,0,0,0,0,4,1,6,6,3,-1,-1,1950,2,7,MERCEDES E CLASS,-1,-1,0,-1
2024010527290,2024,010527290,2,9,0,99,99,9,9,99,99,0,9,99,9,99,1,9,6,6,1,42,7,1991,8,4,MERCEDES E CLASS,6,E01034195,0,1
2024010505979,2024,010505979,2,9,0,3,3,1,5,0,0,8,0,0,0,0,2,1,1,1,2,54,8,2143,2,10,MERCEDES E CLASS,2,E01015754,0,4
2024010498426,2024,010498426,2,9,0,99,99,9,9,99,99,9,9,99,9,99,1,9,6,6,3,-1,-1,2143,2,10,MERCEDES E CLASS,-1,-1,0,-1
2024061398822,2024,061398822,2,9,-1,-1,-1,-1,-1,-1,-1,-1,-1,-1,-1,0,-1,9,-1,6,1,53,8,2143,2,8,MERCEDES E CLASS,6,E01005060,0,3
2024061437890,2024,061437890,2,9,0,-1,19,3,7,-1,0,1,0,0,0,0,1,1,-1,9,2,51,8,2148,2,18,MERCEDES E CLASS,9,E01005926,0,1
2024430084292,2024,430084292,1,9,0,7,7,4,6,0,0,5,0,0,0,0,4,1,3,7,1,41,7,2987,2,15,MERCEDES E CLASS,9,E01016626,0,2
2024010529126,2024,010529126,1,9,0,6,6,3,3,0,0,2,0,0,0,0,3,1,6,6,1,39,7,2143,2,9,MERCEDES E CLASS,3,E01004237,0,1
2024221407565,2024,221407565,1,9,0,-1,19,2,6,-1,0,0,0,0,0,0,1,9,-1,1,1,60,9,2143,2,11,MERCEDES E CLASS,6,E01014084,0,1
2024471503689,2024,471503689,2,9,0,-1,5,1,5,-1,0,2,1,0,0,0,3,1,-1,2,1,47,8,1950,2,4,MERCEDES E CLASS,10,E01024349,0,4
2024122400505,2024,122400505,2,9,0,4,4,3,7,0,0,0,0,0,0,0,2,1,1,1,1,34,6,1950,2,5,MERCEDES E CLASS,3,E01027909,0,2
2024052402103,2024,052402103,2,9,0,18,19,7,3,0,0,0,0,0,0,0,1,1,6,6,1,35,6,2143,2,10,MERCEDES E CLASS,8,E01007309,0,1
2024302401476,2024,302401476,1,8,0,18,19,1,5,0,0,8,0,0,0,0,1,1,1,1,1,31,6,1950,2,8,MERCEDES E CLASS,9,E01034653,0,2
2024010520154,2024,010520154,3,9,0,7,7,5,7,0,0,2,0,0,0,0,1,1,6,6,1,23,5,1950,2,7,MERCEDES E CLASS,-1,-1,0,-1
2024010547961,2024,010547961,2,9,0,18,19,7,3,0,0,0,0,0,0,0,4,1,6,6,1,75,10,2143,2,11,MERCEDES E CLASS,7,E01015827,0,4
2024010521552,2024,010521552,1,9,0,5,5,3,7,0,0,1,0,0,0,0,1,1,6,6,1,33,6,1991,8,2,MERCEDES E CLASS,2,E01001857,0,3
2024361432702,2024,361432702,1,9,0,-1,19,5,1,-1,0,0,0,0,0,0,1,1,-1,6,1,54,8,1950,2,6,MERCEDES E CLASS,3,E01000082,0,5
2024471503689,2024,471503689,3,9,0,-1,19,1,5,-1,0,1,1,0,0,0,2,1,-1,9,1,27,6,2143,2,8,MERCEDES E CLASS,8,E01035362,0,1
2024141485583,2024,141485583,2,9,0,-1,5,6,2,-1,0,6,0,0,0,0,1,9,-1,6,-1,-1,-1,1950,2,5,MERCEDES E CLASS,-1,-1,0,-1
2024010543311,2024,010543311,1,9,0,16,19,3,7,0,0,1,0,0,0,0,2,1,6,6,1,40,7,1991,8,4,MERCEDES E CLASS,-1,-1,0,-1
2024131476498,2024,131476498,2,9,0,-1,3,1,5,-1,0,0,0,0,0,0,2,1,-1,6,2,35,6,2148,2,19,MERCEDES E CLASS,9,E01011453,0,2
2024332400170,2024,332400170,3,9,0,-1,2,0,0,-1,0,0,0,0,0,0,4,1,-1,6,3,-1,-1,2987,2,14,MERCEDES E CLASS,-1,-1,0,-1
2024201494685,2024,201494685,1,8,0,-1,20,7,3,-1,0,0,0,0,0,0,1,1,-1,1,1,47,8,2143,2,8,MERCEDES E CLASS,7,E01010124,0,1
2024471519408,2024,471519408,1,9,0,-1,9,3,1,-1,0,5,0,0,0,0,3,1,-1,9,2,85,11,2987,2,16,MERCEDES E CLASS,7,E01021061,0,1
2024010531004,2024,010531004,2,9,0,7,7,5,7,0,0,1,0,0,0,0,3,1,6,6,3,-1,-1,3199,1,20,MERCEDES E CLASS,-1,-1,0,-1
2024501439792,2024,501439792,3,9,0,-1,4,7,3,-1,0,0,0,0,0,0,2,1,-1,9,1,73,10,1950,2,6,MERCEDES E CLASS,2,E01018996,0,4
2024010515658,2024,010515658,1,9,0,9,9,7,4,0,0,0,1,0,0,0,1,1,1,1,1,36,7,2987,2,7,MERCEDES E CLASS,10,E01021442,0,4
2024010516802,2024,010516802,1,9,0,4,4,3,7,0,0,0,0,0,0,0,2,1,6,6,1,49,8,1950,2,6,MERCEDES E CLASS,-1,-1,0,-1
2024320630988,2024,320630988,2,9,0,-1,-1,1,5,0,0,0,0,0,4,0,1,1,-1,-1,1,24,5,1950,2,7,MERCEDES E CLASS,7,E01008452,0,5
2024141424284,2024,141424284,1,9,0,-1,19,5,1,-1,0,0,0,0,0,0,1,1,-1,6,1,35,6,2143,2,12,MERCEDES E CLASS,4,E01007331,0,2
2024141490968,2024,141490968,1,9,0,-1,3,7,3,-1,0,1,0,0,0,0,2,1,-1,1,1,32,6,1950,2,5,MERCEDES E CLASS,5,E01007828,0,4
2024141415993,2024,141415993,2,9,0,-1,19,5,1,-1,0,0,0,0,1,0,1,1,-1,9,1,85,11,2148,2,16,MERCEDES E CLASS,9,E01007606,0,2
2024221529157,2024,221529157,1,9,0,-1,19,4,8,-1,0,0,1,0,0,0,1,1,-1,6,1,28,6,1950,2,3,MERCEDES E CLASS,6,E01032466,0,2
2024010529920,2024,010529920,2,9,0,4,4,7,3,0,0,8,0,0,0,0,0,1,6,6,1,48,8,2143,2,9,MERCEDES E CLASS,2,E01000078,0,1
2024010514154,2024,010514154,1,9,0,99,99,9,9,99,99,9,9,99,9,99,2,9,6,6,2,42,7,1950,2,8,MERCEDES E CLASS,7,E01001280,0,1
2024131475644,2024,131475644,1,9,0,-1,19,3,7,-1,0,0,0,0,0,0,1,1,-1,6,1,68,10,2987,2,10,MERCEDES E CLASS,7,E01010858,0,1
2024231489642,2024,231489642,1,9,0,-1,15,2,6,-1,0,1,0,0,0,0,1,1,-1,9,1,42,7,2143,2,9,MERCEDES E CLASS,1,E01009479,0,4
2024421506939,2024,421506939,1,9,0,-1,19,6,2,-1,0,0,0,0,1,0,1,1,-1,6,1,21,5,2143,2,9,MERCEDES E CLASS,8,E01033971,0,5
2024451408126,2024,451408126,2,9,0,-1,9,4,2,-1,0,8,0,0,0,0,3,1,-1,9,2,34,6,1950,2,3,MERCEDES E CLASS,10,E01030366,0,1
2024010526640,2024,010526640,2,9,0,99,99,9,9,99,99,9,9,99,9,99,1,9,6,6,1,-1,-1,1991,1,5,MERCEDES E CLASS,2,E01004001,0,3
2024010550740,2024,010550740,1,9,0,4,4,7,3,0,0,1,0,0,0,0,0,1,6,6,1,28,6,1950,2,8,MERCEDES E CLASS,7,E01002338,0,1
2024010521725,2024,010521725,1,9,0,9,9,8,5,0,0,1,0,0,0,0,1,1,6,6,1,50,8,2148,2,17,MERCEDES E CLASS,7,E01000989,0,1
2024010518145,2024,010518145,1,9,0,7,7,7,1,0,0,1,0,0,0,0,1,1,1,1,1,57,9,2143,2,9,MERCEDES E CLASS,2,E01000079,0,3
2024231502524,2024,231502524,1,9,0,-1,9,4,2,-1,0,6,0,0,3,10,1,1,-1,6,2,84,11,2987,2,13,MERCEDES E CLASS,7,E01031308,0,1
2024010500154,2024,010500154,1,8,0,4,4,1,5,0,0,0,0,0,0,0,2,1,1,1,1,30,6,1950,2,5,MERCEDES E CLASS,2,E01001765,0,1
2024010543604,2024,010543604,1,9,0,99,99,9,9,99,99,0,9,99,9,99,2,9,1,1,1,34,6,1950,2,6,MERCEDES E CLASS,8,E01016138,0,4
2024010521642,2024,010521642,1,9,0,17,19,3,7,0,0,2,5,10,0,0,3,1,6,6,2,40,7,2143,2,8,MERCEDES E CLASS,2,E01001487,0,4
2024010490711,2024,010490711,2,9,0,18,19,7,3,0,0,0,0,0,0,0,3,1,2,2,1,40,7,1950,2,6,MERCEDES E CLASS,7,E01023632,0,4
2024520403053,2024,520403053,1,9,0,18,19,6,2,0,0,5,0,0,0,0,1,1,6,6,1,40,7,2143,2,9,MERCEDES E CLASS,6,E01029269,0,3
2024201470230,2024,201470230,1,9,0,-1,5,7,3,-1,0,2,0,0,0,0,2,1,-1,1,1,44,7,2148,2,18,MERCEDES E CLASS,6,E01010221,0,2
202460Q089287,2024,60Q089287,2,9,0,17,19,4,1,0,0,0,0,0,0,0,1,1,2,2,2,33,6,2143,2,9,MERCEDES E CLASS,-1,-1,0,-1
202417S206624,2024,17S206624,1,9,0,-1,9,4,2,-1,0,8,0,0,0,0,3,1,-1,9,1,41,7,2987,2,10,MERCEDES E CLASS,3,E01012214,0,1
2024010507186,2024,010507186,2,9,0,18,19,5,1,0,0,0,0,0,0,0,1,1,6,6,3,-1,-1,1991,1,6,MERCEDES E CLASS,3,E01004062,0,1
2024302400274,2024,302400274,1,9,0,18,19,5,1,0,0,0,1,0,1,4,1,1,6,6,1,44,7,2143,2,12,MERCEDES E CLASS,5,E01013595,0,3
2024010548316,2024,010548316,1,9,0,99,99,9,9,99,99,9,9,99,9,99,9,9,6,6,1,61,9,1950,2,7,MERCEDES E CLASS,2,E01033146,0,1
2024122401213,2024,122401213,1,9,0,9,9,8,6,0,0,6,0,0,0,0,1,1,6,6,1,80,11,1993,12,2,MERCEDES E CLASS,5,E01027778,0,1
2024991503011,2024,991503011,1,9,0,-1,5,4,8,-1,0,2,1,0,2,11,1,1,-1,6,1,41,7,1950,2,7,MERCEDES E CLASS,9,-1,0,1
2024201492424,2024,201492424,1,8,0,-1,19,2,6,-1,0,1,0,0,0,0,0,1,-1,9,1,50,8,1950,2,7,MERCEDES E CLASS,-1,-1,0,-1
2024552401526,2024,552401526,3,9,0,2,2,0,0,0,0,2,0,0,0,0,1,1,6,6,3,-1,-1,2143,2,14,MERCEDES E CLASS,-1,-1,0,-1
2024430297318,2024,430297318,2,9,0,18,19,1,5,0,0,0,0,0,0,0,4,1,6,6,1,44,7,2143,2,11,MERCEDES E CLASS,1,E01019808,0,5
2024332401136,2024,332401136,2,9,0,-1,19,1,5,-1,0,0,0,0,0,0,1,1,-1,6,1,33,6,2143,2,9,MERCEDES E CLASS,9,E01025979,0,1
2024501448118,2024,501448118,1,9,0,-1,19,6,2,-1,0,8,1,11,0,0,3,1,-1,6,1,61,9,2143,2,13,MERCEDES E CLASS,2,E01015073,0,1
2024631430460,2024,631430460,2,9,0,-1,4,6,2,-1,0,0,0,0,1,10,2,2,-1,9,1,30,6,2987,2,11,MERCEDES E CLASS,7,E01015352,0,5
2024010499293,2024,010499293,1,9,0,99,99,9,9,99,99,9,9,99,9,99,1,9,6,6,3,-1,-1,1950,2,5,MERCEDES E CLASS,-1,-1,0,-1
2024991470488,2024,991470488,2,9,0,-1,19,1,5,-1,0,0,0,0,0,0,2,1,-1,6,1,73,10,1950,2,6,MERCEDES E CLASS,7,-1,0,3
2024010510067,2024,010510067,2,9,0,2,2,0,0,0,0,0,0,0,0,0,2,1,6,6,3,-1,-1,1950,2,5,MERCEDES E CLASS,-1,-1,0,-1
2024010540236,2024,010540236,1,8,0,4,4,2,6,0,0,1,0,0,0,0,4,1,1,1,1,36,7,1950,2,7,MERCEDES E CLASS,4,E01023857,0,4
2024010529961,2024,010529961,2,9,0,14,14,5,1,0,0,2,0,0,0,0,1,1,6,6,1,24,5,1950,12,4,MERCEDES E CLASS,2,E01001057,0,2
202460Q029824,2024,60Q029824,1,9,0,18,19,5,1,0,0,0,0,0,5,6,1,1,6,6,1,38,7,2143,2,10,MERCEDES E CLASS,-1,-1,0,-1
2024201497867,2024,201497867,2,9,0,-1,19,4,8,-1,0,0,0,0,0,0,2,1,-1,6,1,29,6,2143,12,10,MERCEDES E CLASS,5,E01015700,0,5
2024201441659,2024,201441659,1,9,0,-1,5,3,7,-1,0,8,0,0,0,0,4,1,-1,6,1,23,5,1950,2,7,MERCEDES E CLASS,4,E01009625,0,1
2024351496031,2024,351496031,2,9,0,-1,19,5,1,-1,0,1,1,0,7,0,4,1,-1,9,1,70,10,2987,2,14,MERCEDES E CLASS,7,E01029955,0,1
2024631478406,2024,631478406,2,9,0,-1,4,4,8,-1,0,0,0,0,0,0,2,1,-1,2,1,43,7,2987,2,14,MERCEDES E CLASS,4,W01000761,0,3
2024231442272,2024,231442272,1,9,0,-1,19,1,5,-1,0,0,0,0,1,4,1,1,-1,2,1,50,8,2143,2,11,MERCEDES E CLASS,5,E01009617,0,4
2024010526764,2024,010526764,1,9,0,9,9,8,5,0,0,8,0,0,0,0,1,1,6,6,1,20,4,1950,2,5,MERCEDES E CLASS,2,E01001976,0,1
2024451515018,2024,451515018,2,9,0,-1,19,1,5,-1,0,1,0,0,0,0,1,1,-1,1,1,30,6,1991,8,7,MERCEDES E CLASS,10,E01030435,0,3
2024991459974,2024,991459974,1,8,0,-1,5,3,6,-1,0,6,0,0,0,0,4,1,-1,6,1,41,7,2143,2,10,MERCEDES E CLASS,3,-1,0,1
2024311502452,2024,311502452,2,9,0,-1,4,6,2,-1,0,8,0,0,0,0,2,1,-1,6,1,36,7,2143,2,11,MERCEDES E CLASS,-1,-1,0,-1
2024010499970,2024,010499970,2,9,0,9,9,4,1,0,0,8,0,0,0,0,1,1,6,6,1,35,6,1950,2,7,MERCEDES E CLASS,4,E01000312,0,1
2024471531704,2024,471531704,2,9,0,-1,19,3,6,-1,0,0,0,0,0,0,2,1,-1,1,1,47,8,1950,2,5,MERCEDES E CLASS,7,E01035329,0,1
2024010532802,2024,010532802,2,9,9,99,99,9,9,99,99,9,9,99,9,99,9,9,6,6,3,-1,-1,1950,2,6,MERCEDES E CLASS,-1,-1,0,-1
2024351422821,2024,351422821,3,9,0,-1,4,5,1,-1,0,0,0,0,0,0,2,1,-1,6,1,57,9,1950,2,5,MERCEDES E CLASS,7,E01026434,0,4
2024471580922,2024,471580922,1,8,0,-1,19,1,5,-1,2,0,0,0,0,0,1,1,-1,1,1,27,6,2925,2,4,MERCEDES E CLASS,7,E01016913,0,1
2024451472049,2024,451472049,2,9,0,-1,19,1,5,-1,0,0,0,0,0,0,1,1,-1,6,1,35,6,1950,2,5,MERCEDES E CLASS,10,E01030945,0,3
2024052401966,2024,052401966,1,9,0,18,19,1,5,0,0,0,0,0,0,0,4,1,2,2,2,62,9,2143,2,9,MERCEDES E CLASS,3,E01006626,0,1
2024340WN2682,2024,340WN2682,1,9,0,-1,19,1,5,-1,0,0,0,0,0,0,1,1,-1,6,1,57,9,2143,2,11,MERCEDES E CLASS,9,E01035402,0,1
2024311513736,2024,311513736,1,9,0,-1,19,7,3,-1,0,0,0,0,0,0,2,1,-1,2,2,31,6,2143,2,14,MERCEDES E CLASS,2,E01028057,0,1
2024010494964,2024,010494964,1,8,0,18,19,3,7,0,0,8,1,0,1,11,1,1,2,2,1,31,6,1950,2,8,MERCEDES E CLASS,4,E01004234,0,1
2024061409206,2024,061409206,1,9,0,-1,3,-1,-1,-1,0,0,0,0,0,0,4,9,-1,6,3,-1,-1,1950,2,7,MERCEDES E CLASS,-1,-1,0,-1
2024131478037,2024,131478037,2,9,0,-1,9,3,1,-1,0,8,1,0,1,0,4,1,-1,6,1,39,7,1950,2,7,MERCEDES E CLASS,4,E01007742,0,4
2024010531463,2024,010531463,1,9,0,18,19,5,1,0,0,8,0,0,0,0,1,1,6,6,1,32,6,1950,2,7,MERCEDES E CLASS,9,E01017912,0,4
2024471474890,2024,471474890,3,9,0,-1,19,1,5,-1,0,0,0,0,0,0,3,9,-1,9,1,61,9,2143,2,14,MERCEDES E CLASS,7,E01031541,0,1
2024622400137,2024,622400137,2,9,0,5,5,6,2,0,0,1,0,0,0,0,1,1,6,6,1,30,6,1950,2,8,MERCEDES E CLASS,8,W01002038,0,3
2024010514501,2024,010514501,2,9,0,3,3,5,1,0,0,0,0,0,0,0,2,1,1,1,1,40,7,1950,2,7,MERCEDES E CLASS,5,E01015786,0,4
2024010541818,2024,010541818,2,9,0,18,19,7,3,0,0,2,0,0,0,0,1,1,6,6,1,33,6,1950,2,7,MERCEDES E CLASS,6,E01002497,0,1
2024201510454,2024,201510454,1,9,0,-1,19,6,2,-1,0,0,0,0,0,0,3,9,-1,6,1,-1,-1,2143,2,11,MERCEDES E CLASS,2,E01032453,0,4
2024061432400,2024,061432400,2,9,0,-1,9,-1,-1,-1,0,5,0,0,0,0,1,1,-1,6,1,34,6,5461,1,11,MERCEDES E CLASS,8,E01035390,0,3
2024461436241,2024,461436241,3,9,0,-1,19,1,1,-1,0,1,0,0,0,0,2,1,-1,9,1,30,6,1950,2,7,MERCEDES E CLASS,3,E01016022,0,1
2024010544112,2024,010544112,1,9,0,18,19,7,3,0,0,1,0,0,0,0,1,1,3,7,2,39,7,1991,1,5,MERCEDES E CLASS,4,E01000788,0,1
2024421534143,2024,421534143,1,9,0,-1,1,1,5,-1,99,1,0,4,0,0,9,1,-1,6,1,83,11,2143,2,12,MERCEDES E CLASS,10,E01015889,0,1
2024041451014,2024,041451014,1,9,0,-1,6,8,8,-1,0,2,0,0,0,0,3,1,-1,9,1,26,6,2987,2,6,MERCEDES E CLASS,4,E01025252,0,3
2024311433546,2024,311433546,1,9,0,-1,8,4,6,-1,0,1,0,0,0,0,3,1,-1,6,1,43,7,1950,2,4,MERCEDES E CLASS,-1,-1,0,-1
2024010545906,2024,010545906,1,9,0,10,10,8,5,0,0,8,0,0,0,0,1,1,2,2,1,35,6,2987,2,11,MERCEDES E CLASS,4,E01001156,0,1
2024010544848,2024,010544848,1,9,0,99,99,9,9,99,99,9,9,99,9,99,9,9,6,6,3,-1,-1,2143,2,7,MERCEDES E CLASS,-1,-1,0,-1
2024010499677,2024,010499677,1,9,9,99,99,9,9,99,99,9,9,99,9,99,2,1,6,6,1,35,6,1950,2,6,MERCEDES E CLASS,1,E01002071,0,2
2024010511368,2024,010511368,2,9,0,99,99,9,9,99,99,0,9,99,9,99,1,9,6,6,3,-1,-1,1950,2,6,MERCEDES E CLASS,-1,-1,0,-1
2024041537829,2024,041537829,1,9,0,-1,19,3,7,-1,0,0,2,0,1,11,1,1,-1,6,1,69,10,2143,2,10,MERCEDES E CLASS,1,E01004818,0,4
2024201488015,2024,201488015,2,9,0,-1,19,8,4,-1,0,8,0,0,0,0,1,1,-1,6,1,63,9,3222,2,21,MERCEDES E CLASS,2,E01029362,0,3
2024010534489,2024,010534489,1,9,0,9,9,1,8,0,0,8,0,0,0,0,1,1,1,1,1,54,8,1950,2,6,MERCEDES E CLASS,-1,-1,0,-1
2024201501489,2024,201501489,2,9,0,-1,3,7,3,-1,0,1,0,0,0,0,2,9,-1,6,2,35,6,2143,2,10,MERCEDES E CLASS,3,E01008952,0,2
2024421529454,2024,421529454,1,9,0,-1,99,-1,-1,-1,0,9,0,99,0,0,1,1,-1,6,3,-1,-1,2143,2,8,MERCEDES E CLASS,-1,-1,0,-1
2024010535435,2024,010535435,2,8,9,11,11,7,3,0,0,1,0,99,0,0,4,9,6,6,3,47,8,1991,8,4,MERCEDES E CLASS,3,E01002133,0,3
2024421507988,2024,421507988,1,9,0,-1,1,7,3,-1,0,2,0,0,0,0,2,1,-1,6,2,-1,-1,2143,2,14,MERCEDES E CLASS,-1,-1,0,-1
2024010528911,2024,010528911,1,9,0,99,99,9,9,99,99,9,9,99,9,99,2,9,6,6,1,30,6,1950,2,6,MERCEDES E CLASS,3,E01002637,0,3
2024361400428,2024,361400428,1,9,0,-1,19,7,3,-1,0,1,0,0,0,0,1,1,-1,6,1,38,7,1950,2,6,MERCEDES E CLASS,9,E01026714,0,1
2024552401133,2024,552401133,1,9,0,9,9,2,7,0,0,8,0,0,0,0,1,1,6,6,1,62,9,2997,1,17,MERCEDES E CLASS,10,E01030370,0,5
2024131436134,2024,131436134,2,9,0,-1,9,7,5,-1,0,1,0,0,0,0,1,1,-1,9,1,61,9,1950,2,8,MERCEDES E CLASS,8,E01011716,0,1
2024010524135,2024,010524135,1,9,0,4,4,1,5,0,0,1,0,0,0,0,1,1,6,6,1,35,6,1796,1,11,MERCEDES E CLASS,2,E01002054,0,1
2024411541115,2024,411541115,2,9,0,-1,19,5,1,-1,0,0,0,0,0,0,2,1,-1,6,1,36,7,2143,2,10,MERCEDES E CLASS,10,E01035587,0,3
2024010522574,2024,010522574,1,9,0,4,4,1,5,0,0,2,0,0,0,0,4,1,6,6,2,44,7,2143,2,9,MERCEDES E CLASS,-1,-1,0,-1
2024531510975,2024,531510975,1,9,0,-1,5,5,1,-1,0,6,0,0,0,0,1,1,-1,2,1,61,9,2987,2,17,MERCEDES E CLASS,1,E01022333,0,4
2024471512064,2024,471512064,1,9,0,-1,2,0,0,-1,0,0,0,0,0,0,2,1,-1,9,2,66,10,2597,1,19,MERCEDES E CLASS,8,E01001132,0,4
2024010501798,2024,010501798,2,8,0,99,99,9,9,99,99,0,9,99,9,99,9,9,6,6,3,-1,-1,1950,2,6,MERCEDES E CLASS,-1,-1,0,-1