collision_index,collision_year,collision_ref_no,vehicle_reference,vehicle_type,towing_and_articulation,vehicle_manoeuvre_historic,vehicle_manoeuvre,vehicle_direction_from,vehicle_direction_to,vehicle_location_restricted_lane_historic,vehicle_location_restricted_lane,junction_location,skidding_and_overturning,hit_object_in_carriageway,vehicle_leaving_carriageway,hit_object_off_carriageway,first_point_of_impact,vehicle_left_hand_drive,journey_purpose_of_driver_historic,journey_purpose_of_driver,sex_of_driver,age_of_driver,age_band_of_driver,engine_capacity_cc,propulsion_code,age_of_vehicle,generic_make_model,driver_imd_decile,lsoa_of_driver,escooter_flag,driver_distance_banding
2024041493671,2024,041493671,1,9,0,-1,9,1,5,-1,0,0,0,0,0,0,1,1,-1,6,1,44,7,1582,2,9,HYUNDAI I30,2,E01012608,0,2
2024221424481,2024,221424481,2,9,0,-1,19,5,1,-1,0,4,0,0,0,0,3,9,-1,9,2,26,6,998,1,7,HYUNDAI I30,7,E01032206,0,1
2024501475814,2024,501475814,3,9,0,-1,4,1,5,-1,0,0,1,0,0,0,0,1,-1,1,1,-1,-1,1598,8,2,HYUNDAI I30,4,E01018877,0,1
2024041453602,2024,041453602,1,9,0,-1,5,7,3,-1,0,0,0,0,0,0,4,1,-1,1,1,65,9,998,8,2,HYUNDAI I30,6,E01010639,0,3
2024010508771,2024,010508771,2,9,0,18,19,5,1,0,0,8,0,0,0,0,1,1,2,2,2,31,6,1591,1,15,HYUNDAI I30,3,E01000718,0,1
2024991445041,2024,991445041,2,9,0,-1,19,1,5,-1,0,1,0,0,7,7,1,1,-1,9,1,58,9,1582,2,14,HYUNDAI I30,2,-1,0,2
2024061524643,2024,061524643,1,9,0,-1,19,1,4,-1,0,0,0,0,0,0,4,1,-1,6,1,-1,-1,1591,1,14,HYUNDAI I30,8,E01006339,0,1
2024361524996,2024,361524996,3,9,0,-1,2,0,0,-1,0,1,0,0,0,0,4,1,-1,2,1,35,6,1998,1,6,HYUNDAI I30,9,E01035136,0,4
2024041535453,2024,041535453,1,9,0,-1,12,5,1,-1,0,0,0,0,0,0,3,1,-1,6,1,63,9,1582,2,10,HYUNDAI I30,8,E01018441,0,4
2024061475443,2024,061475443,2,9,0,-1,7,-1,-1,-1,0,8,0,0,0,0,4,1,-1,6,1,-1,-1,1582,2,14,HYUNDAI I30,1,E01005142,0,1
2024991518463,2024,991518463,1,9,0,-1,19,7,2,-1,0,0,0,0,0,0,1,1,-1,6,1,17,4,1582,2,14,HYUNDAI I30,3,-1,0,1
2024010522158,2024,010522158,2,9,0,1,1,6,4,0,0,0,0,0,0,0,4,1,6,6,2,26,6,1591,1,12,HYUNDAI I30,3,E01021823,0,3
2024010523233,2024,010523233,1,9,0,18,19,3,7,0,0,1,0,0,0,0,1,1,6,6,1,38,7,1591,1,7,HYUNDAI I30,5,E01000313,0,1
2024041409160,2024,041409160,3,9,0,-1,10,7,3,-1,0,5,0,0,0,0,1,1,-1,9,1,29,6,1582,2,13,HYUNDAI I30,4,E01025057,0,1
2024552401075,2024,552401075,1,9,0,18,19,4,8,0,0,0,0,0,0,0,1,1,6,6,2,85,11,1591,1,8,HYUNDAI I30,10,E01020413,0,1
2024041401650,2024,041401650,1,9,0,-1,19,1,5,-1,0,1,0,0,0,0,1,1,-1,6,1,64,9,1396,1,15,HYUNDAI I30,1,E01024865,0,1
2024461444904,2024,461444904,1,9,0,-1,19,3,7,-1,0,0,5,0,0,0,4,1,-1,6,2,21,5,1582,2,8,HYUNDAI I30,-1,-1,0,-1
2024010518941,2024,010518941,2,9,0,4,4,5,1,0,0,0,0,0,0,0,2,1,6,6,1,44,7,998,1,7,HYUNDAI I30,4,E01004417,0,1
2024010549699,2024,010549699,1,9,0,18,19,7,3,0,0,2,0,0,0,0,1,1,6,6,1,31,6,1396,1,14,HYUNDAI I30,-1,-1,0,-1
2024302401700,2024,302401700,2,9,0,-1,2,0,0,-1,0,2,0,0,0,0,2,2,-1,2,2,37,7,1582,2,9,HYUNDAI I30,1,E01008911,0,4
2024201500483,2024,201500483,1,9,0,-1,19,1,5,-1,0,8,0,0,0,0,2,1,-1,6,2,42,7,1582,2,12,HYUNDAI I30,2,E01008953,0,1
2024161491507,2024,161491507,2,9,0,-1,19,3,7,-1,0,0,0,0,7,0,2,1,-1,6,1,65,9,1582,2,9,HYUNDAI I30,10,E01034984,0,3
2024531434000,2024,531434000,2,9,0,-1,19,1,5,-1,0,2,0,0,0,0,2,1,-1,9,1,22,5,1582,2,13,HYUNDAI I30,5,E01022428,0,2
2024411476754,2024,411476754,2,9,0,-1,3,1,5,-1,0,1,0,0,0,0,3,1,-1,2,2,43,7,1591,1,9,HYUNDAI I30,2,E01001551,0,1
2024501452661,2024,501452661,1,9,0,-1,19,7,3,-1,0,0,0,0,0,0,2,1,-1,1,1,38,7,1482,8,2,HYUNDAI I30,8,E01010119,0,5
2024411464866,2024,411464866,1,9,0,-1,19,5,1,-1,0,0,0,0,0,0,1,1,-1,1,1,36,7,1598,2,4,HYUNDAI I30,4,E01018109,0,4
2024421512844,2024,421512844,1,9,0,-1,4,5,1,-1,0,0,0,0,0,0,1,1,-1,9,1,26,6,1998,1,5,HYUNDAI I30,3,E01015882,0,2
2024010530553,2024,010530553,2,9,0,3,3,7,3,0,0,1,0,0,0,0,1,1,1,1,1,37,7,1353,1,3,HYUNDAI I30,-1,-1,0,-1
2024552500077,2024,552500077,1,9,0,18,19,5,1,0,0,8,0,0,0,0,4,1,2,2,1,62,9,1582,2,11,HYUNDAI I30,8,E01015378,0,1
2024061536479,2024,061536479,2,9,0,-1,19,5,1,-1,0,0,0,0,0,0,0,1,-1,1,1,33,6,1582,2,8,HYUNDAI I30,-1,-1,0,-1
2024052402361,2024,052402361,1,9,0,18,19,3,7,0,0,0,0,0,0,0,4,1,6,6,1,45,7,1396,1,11,HYUNDAI I30,7,E01006498,0,1
2024311482744,2024,311482744,2,9,0,-1,7,7,5,-1,0,5,0,0,0,0,2,1,-1,2,1,51,8,1582,2,15,HYUNDAI I30,8,E01028344,0,2
2024411466981,2024,411466981,2,9,0,-1,3,6,1,-1,0,4,0,0,0,0,3,1,-1,6,2,53,8,1582,2,13,HYUNDAI I30,10,E01023744,0,1
2024131509675,2024,131509675,1,9,0,-1,9,6,8,-1,0,3,0,0,1,0,4,1,-1,9,2,31,6,1582,2,13,HYUNDAI I30,3,E01010662,0,1
2024041419054,2024,041419054,1,9,0,-1,19,3,7,-1,0,1,0,0,8,4,3,1,-1,6,2,31,6,1582,2,11,HYUNDAI I30,5,E01005964,0,4
2024411525590,2024,411525590,1,9,0,-1,-1,-1,-1,-1,-1,-1,-1,-1,-1,0,-1,9,-1,6,1,-1,-1,1353,1,7,HYUNDAI I30,-1,-1,0,-1
2024141445240,2024,141445240,1,9,0,-1,19,5,1,-1,0,1,0,0,0,0,3,1,-1,6,2,34,6,998,1,4,HYUNDAI I30,9,E01008048,0,1
2024161511395,2024,161511395,1,9,0,-1,14,1,5,-1,0,0,0,0,0,0,1,1,-1,9,2,74,10,1582,2,16,HYUNDAI I30,3,E01013071,0,1
2024041493811,2024,041493811,1,9,0,-1,-1,-1,-1,-1,-1,0,-1,-1,-1,0,-1,9,-1,6,3,-1,-1,1396,1,11,HYUNDAI I30,-1,-1,0,-1
2024421530858,2024,421530858,2,9,0,-1,19,5,2,-1,0,8,0,0,0,0,4,1,-1,9,1,64,9,1582,2,15,HYUNDAI I30,8,E01021908,0,2
2024161453475,2024,161453475,2,9,0,-1,19,6,2,-1,0,0,1,0,0,0,1,1,-1,9,2,29,6,1582,2,9,HYUNDAI I30,6,E01013290,0,2
2024010505085,2024,010505085,2,9,0,99,99,9,9,99,99,9,9,99,9,99,1,9,6,6,3,-1,-1,1396,1,17,HYUNDAI I30,-1,-1,0,-1
2024201474716,2024,201474716,1,9,0,-1,1,4,8,-1,0,0,0,0,0,0,2,9,-1,6,1,-1,-1,1396,1,14,HYUNDAI I30,-1,-1,0,-1
2024451397759,2024,451397759,1,9,0,-1,14,2,6,-1,0,0,0,0,0,0,1,1,-1,1,2,39,7,1598,2,2,HYUNDAI I30,7,E01034294,0,1
2024201504295,2024,201504295,2,9,0,-1,7,1,3,-1,0,5,0,0,0,0,1,9,-1,9,1,39,7,1396,1,10,HYUNDAI I30,1,E01009062,0,1
2024332400153,2024,332400153,1,9,0,-1,4,2,6,-1,0,2,0,0,0,0,2,1,-1,6,2,30,6,1396,2,11,HYUNDAI I30,6,E01025629,0,1
2024451433270,2024,451433270,1,9,0,-1,19,8,2,-1,0,0,0,0,0,0,3,1,-1,2,2,23,5,1998,1,5,HYUNDAI I30,7,E01030583,0,1
2024430121746,2024,430121746,2,9,0,18,19,8,4,0,0,0,0,0,0,0,4,1,6,6,2,30,6,1582,2,15,HYUNDAI I30,2,E01005308,0,5
2024610004324,2024,610004324,1,9,0,18,19,3,7,0,0,1,0,0,0,0,3,1,6,6,1,52,8,1582,2,10,HYUNDAI I30,2,W01001418,0,1
2024471486540,2024,471486540,4,9,0,-1,5,4,8,-1,0,0,0,0,0,0,2,1,-1,2,1,53,8,1396,1,14,HYUNDAI I30,8,E01031766,0,2
2024201467305,2024,201467305,1,9,0,-1,7,5,8,-1,0,4,0,0,0,0,3,1,-1,6,1,37,7,1582,2,9,HYUNDAI I30,8,E01010487,0,1
2024991498599,2024,991498599,1,9,0,-1,19,8,4,-1,0,0,0,0,0,0,4,1,-1,2,1,57,9,1582,2,12,HYUNDAI I30,9,-1,0,1
2024041439001,2024,041439001,2,9,0,-1,19,7,3,-1,0,1,0,0,0,0,1,1,-1,7,1,49,8,1582,2,12,HYUNDAI I30,6,E01025144,0,1
2024201501757,2024,201501757,3,8,0,-1,2,0,0,-1,0,1,0,0,0,0,2,1,-1,6,1,49,8,1582,2,8,HYUNDAI I30,-1,-1,0,-1
2024522401457,2024,522401457,2,9,0,18,19,4,8,0,0,6,0,0,0,0,1,1,6,6,1,29,6,1396,1,15,HYUNDAI I30,4,E01014622,0,1
2024440260055,2024,440260055,4,9,0,4,4,7,3,0,0,0,0,0,0,0,1,1,6,6,2,17,4,1396,1,15,HYUNDAI I30,9,E01022658,0,3
2024320158038,2024,320158038,1,9,0,-1,-1,6,2,0,0,0,0,0,0,0,1,1,6,6,1,21,5,1998,1,5,HYUNDAI I30,10,E01032993,0,1
2024451534931,2024,451534931,1,9,0,-1,5,4,6,-1,0,4,0,0,0,0,4,1,-1,9,1,48,8,1368,1,9,HYUNDAI I30,5,E01030311,0,1
2024041475883,2024,041475883,2,9,0,-1,2,0,0,-1,0,1,0,0,0,0,2,1,-1,9,1,26,6,1582,2,8,HYUNDAI I30,6,E01012747,0,3
2024221523442,2024,221523442,1,9,0,-1,9,7,5,-1,0,5,0,0,0,0,1,1,-1,9,1,82,11,1396,1,15,HYUNDAI I30,2,E01034332,0,1
2024351415418,2024,351415418,1,9,0,-1,19,3,6,-1,0,5,0,0,0,0,1,1,-1,6,1,47,8,1591,1,14,HYUNDAI I30,2,E01015633,0,2
2024552400159,2024,552400159,1,9,0,18,19,4,8,0,0,0,0,0,0,0,1,1,6,6,2,87,11,998,1,6,HYUNDAI I30,3,E01015449,0,1
2024131499967,2024,131499967,3,9,0,-1,19,7,3,-1,0,8,0,0,0,0,3,1,-1,9,1,37,7,1582,2,9,HYUNDAI I30,7,E01011550,0,2
2024010549201,2024,010549201,1,9,0,4,4,3,7,0,0,1,0,0,0,0,2,1,1,1,1,30,6,1353,1,4,HYUNDAI I30,9,E01016052,0,4
2024052401373,2024,052401373,2,9,0,18,19,3,7,0,0,8,0,0,7,2,1,1,6,6,2,68,10,1582,2,14,HYUNDAI I30,7,E01007245,0,1
2024141397775,2024,141397775,1,9,0,-1,19,3,7,-1,0,0,0,0,0,0,1,1,-1,6,1,55,8,1582,2,12,HYUNDAI I30,4,E01008144,0,1
2024622400402,2024,622400402,1,9,0,9,9,6,4,0,0,8,0,0,0,0,1,1,6,6,1,20,4,1396,1,15,HYUNDAI I30,1,W01001856,0,1
2024440322928,2024,440322928,1,9,0,18,19,7,3,0,0,1,0,0,0,0,1,1,6,6,2,41,7,1396,1,12,HYUNDAI I30,3,E01022485,0,1
2024141428311,2024,141428311,1,9,0,-1,9,1,7,-1,0,1,0,0,0,0,1,9,-1,6,1,51,8,998,1,5,HYUNDAI I30,10,E01007936,0,1
2024141474677,2024,141474677,1,9,0,-1,5,1,5,-1,0,0,0,0,0,0,4,1,-1,9,1,47,8,1582,2,15,HYUNDAI I30,2,E01007323,0,1
2024461432852,2024,461432852,1,9,0,-1,19,8,4,-1,0,0,0,4,0,0,1,1,-1,6,1,16,4,1368,1,8,HYUNDAI I30,-1,-1,0,-1
2024061470275,2024,061470275,3,9,0,-1,2,0,0,-1,0,1,0,0,0,0,3,1,-1,6,-1,-1,-1,1582,2,15,HYUNDAI I30,-1,-1,0,-1
2024440165566,2024,440165566,2,9,0,9,9,8,6,0,0,8,0,0,0,0,1,1,6,6,2,57,9,1582,2,16,HYUNDAI I30,6,E01017023,0,3
2024010533661,2024,010533661,2,9,0,18,19,5,1,0,0,8,0,7,0,0,2,1,6,6,2,20,4,998,1,6,HYUNDAI I30,3,E01000226,0,1
2024161509096,2024,161509096,2,9,0,-1,19,7,3,-1,0,1,0,0,0,0,1,1,-1,6,1,51,8,1582,2,12,HYUNDAI I30,1,E01013311,0,1
2024122400462,2024,122400462,1,9,0,18,19,5,1,0,0,0,0,0,1,10,1,1,6,6,1,27,6,1998,1,3,HYUNDAI I30,1,E01004839,0,4
2024549516124,2024,549516124,1,9,0,5,5,4,2,0,0,1,0,0,0,0,1,1,6,6,1,46,8,1368,1,9,HYUNDAI I30,3,E01005546,0,5
2024221431743,2024,221431743,2,9,0,-1,5,2,6,-1,0,8,0,0,0,0,1,1,-1,6,1,22,5,1582,2,11,HYUNDAI I30,8,E01032287,0,1
2024520402743,2024,520402743,2,9,0,2,2,0,0,0,0,0,0,0,0,0,3,1,6,6,3,-1,-1,1396,1,10,HYUNDAI I30,-1,-1,0,-1
2024440511671,2024,440511671,2,9,0,4,4,1,5,0,0,0,0,0,0,0,2,1,6,6,3,-1,-1,1591,1,9,HYUNDAI I30,-1,-1,0,-1
2024122401092,2024,122401092,1,9,0,18,19,7,3,0,0,0,0,0,2,4,1,1,6,6,1,17,4,1582,2,8,HYUNDAI I30,8,E01011583,0,2
2024161413951,2024,161413951,1,9,0,-1,9,5,1,-1,0,0,0,0,0,0,2,1,-1,6,1,51,8,1582,2,12,HYUNDAI I30,4,E01013086,0,4
2024351417311,2024,351417311,4,9,0,-1,4,1,3,-1,0,1,0,0,0,0,0,1,-1,8,2,-1,-1,1582,2,8,HYUNDAI I30,-1,-1,0,-1
2024411489113,2024,411489113,3,9,-1,-1,-1,-1,-1,-1,-1,1,-1,-1,-1,0,-1,9,-1,6,3,-1,-1,1582,2,8,HYUNDAI I30,10,E01023730,0,1
2024302400177,2024,302400177,2,9,0,2,2,0,0,0,0,1,0,0,0,0,3,1,6,6,3,-1,-1,1582,2,9,HYUNDAI I30,-1,-1,0,-1
2024161520746,2024,161520746,2,9,0,-1,19,7,3,-1,0,0,0,0,0,0,1,1,-1,6,1,-1,-1,1396,1,15,HYUNDAI I30,6,E01013173,0,2
2024440376994,2024,440376994,1,9,0,9,9,6,3,0,0,6,0,0,0,0,3,1,2,2,2,65,9,1582,2,12,HYUNDAI I30,2,E01017363,0,1
2024141505900,2024,141505900,1,9,0,-1,10,3,1,-1,0,1,0,0,0,0,2,1,-1,9,1,62,9,1582,2,7,HYUNDAI I30,6,E01007835,0,2
2024122401308,2024,122401308,1,9,0,4,4,3,7,0,0,0,0,0,0,0,2,1,6,6,2,27,6,1396,1,14,HYUNDAI I30,3,E01011502,0,3
2024131523857,2024,131523857,2,9,0,-1,19,8,5,-1,0,1,0,0,0,0,1,1,-1,2,1,61,9,1582,2,9,HYUNDAI I30,-1,-1,0,-1
2024522401383,2024,522401383,3,9,0,3,3,8,4,0,0,1,0,0,0,0,2,1,6,6,1,19,4,1396,1,11,HYUNDAI I30,4,E01014592,0,1
2024440103918,2024,440103918,2,9,0,18,19,8,4,0,0,1,0,0,0,0,1,1,6,6,1,33,6,1582,2,17,HYUNDAI I30,-1,-1,0,-1
2024440531119,2024,440531119,1,9,0,18,19,5,1,0,0,0,0,0,0,0,1,1,6,6,1,31,6,1396,1,13,HYUNDAI I30,9,E01022587,0,1
2024031533310,2024,031533310,2,9,0,-1,19,5,1,-1,0,0,0,0,0,0,2,1,-1,9,1,55,8,1396,1,14,HYUNDAI I30,5,E01016405,0,5
2024440362632,2024,440362632,2,9,0,18,19,2,6,0,0,0,0,0,0,0,2,1,6,6,1,34,6,998,8,1,HYUNDAI I30,8,E01023875,0,4
2024546642024,2024,546642024,2,9,0,18,19,1,5,0,0,0,0,0,0,0,2,1,6,6,2,30,6,998,1,7,HYUNDAI I30,3,E01008933,0,5
2024231461173,2024,231461173,2,9,0,-1,3,4,8,-1,0,1,0,0,0,0,2,9,-1,1,1,30,6,1582,2,9,HYUNDAI I30,1,E01009354,0,4
2024430296285,2024,430296285,1,9,0,4,4,8,4,0,0,1,0,0,0,0,2,1,2,2,2,39,7,1396,1,17,HYUNDAI I30,8,E01017628,0,1
2024131399187,2024,131399187,1,9,0,-1,19,1,5,-1,0,0,1,10,7,11,1,1,-1,6,3,-1,-1,1582,2,13,HYUNDAI I30,-1,-1,0,-1
2024201417124,2024,201417124,2,9,0,-1,19,6,4,-1,0,8,0,0,0,0,1,1,-1,6,1,23,5,1591,1,14,HYUNDAI I30,1,E01009195,0,1
2024471402345,2024,471402345,2,9,0,-1,19,1,5,-1,0,1,0,0,0,0,1,1,-1,9,1,66,10,1582,2,13,HYUNDAI I30,7,E01021009,0,4
2024311489743,2024,311489743,1,9,0,-1,8,5,1,-1,9,0,0,0,0,0,1,1,-1,9,1,34,6,1582,2,15,HYUNDAI I30,3,E01035506,0,1
2024201411986,2024,201411986,6,9,0,-1,2,0,0,-1,-1,0,0,0,0,0,2,1,-1,6,-1,-1,-1,1396,1,14,HYUNDAI I30,-1,-1,0,-1
2024211512630,2024,211512630,1,9,0,-1,19,1,5,-1,0,0,0,0,0,0,1,1,-1,6,2,32,6,1582,2,9,HYUNDAI I30,1,E01014354,0,1
2024141495329,2024,141495329,2,9,0,-1,19,1,5,-1,0,0,0,10,0,0,1,1,-1,2,1,58,9,1591,1,14,HYUNDAI I30,1,E01007783,0,1
2024010523223,2024,010523223,2,9,0,99,99,9,9,99,99,9,9,99,9,99,1,9,6,6,3,26,6,1396,1,14,HYUNDAI I30,5,E01003743,0,1
2024320144932,2024,320144932,2,9,0,-1,-1,6,2,0,0,8,0,0,0,0,4,1,-1,-1,2,35,6,1582,2,15,HYUNDAI I30,-1,-1,0,-1
2024010511103,2024,010511103,1,9,0,3,3,7,3,0,0,1,0,0,0,0,3,1,3,7,2,53,8,1591,1,15,HYUNDAI I30,2,E01001364,0,1
2024991450825,2024,991450825,1,9,0,-1,19,1,6,-1,0,1,0,0,0,0,3,1,-1,9,2,37,7,1353,1,3,HYUNDAI I30,9,-1,0,4
2024101453486,2024,101453486,1,9,0,-1,11,5,1,-1,0,0,0,0,0,0,-1,9,-1,6,1,-1,-1,1582,2,9,HYUNDAI I30,-1,-1,0,-1
2024340WN1422,2024,340WN1422,2,9,0,-1,11,5,1,-1,0,3,0,0,0,0,1,1,-1,2,2,58,9,1582,2,8,HYUNDAI I30,2,E01027214,0,2
2024622400138,2024,622400138,2,9,0,2,2,0,0,0,0,0,0,0,0,0,2,1,6,6,3,-1,-1,1396,1,13,HYUNDAI I30,-1,-1,0,-1
2024421481037,2024,421481037,1,9,0,-1,5,8,6,-1,0,6,0,0,0,0,3,1,-1,6,2,29,6,1591,1,14,HYUNDAI I30,2,E01017948,0,4
2024201497573,2024,201497573,2,9,0,-1,19,5,1,-1,0,2,0,0,0,0,3,1,-1,6,1,32,6,1582,2,10,HYUNDAI I30,2,E01009043,0,1
2024440524245,2024,440524245,2,9,0,4,4,1,5,0,0,1,0,0,0,0,2,1,1,1,2,33,6,998,8,2,HYUNDAI I30,6,E01022802,0,2
2024311525768,2024,311525768,1,9,0,-1,19,1,5,-1,0,0,0,0,0,0,1,1,-1,6,3,-1,-1,1582,2,13,HYUNDAI I30,-1,-1,0,-1
2024131438804,2024,131438804,3,9,0,-1,19,6,2,-1,0,1,0,0,0,0,3,1,-1,6,2,30,6,1396,1,10,HYUNDAI I30,1,E01011340,0,1
2024531518202,2024,531518202,1,9,0,-1,19,7,3,-1,0,1,0,0,0,0,1,2,-1,9,2,42,7,1396,1,17,HYUNDAI I30,2,E01022120,0,1
2024351509943,2024,351509943,1,9,0,-1,19,8,4,-1,0,4,0,9,3,1,1,1,-1,6,2,35,6,1582,2,10,HYUNDAI I30,3,E01015624,0,2
2024622400791,2024,622400791,2,9,0,9,9,4,2,0,0,8,0,0,0,0,1,1,6,6,1,39,7,1582,2,14,HYUNDAI I30,4,W01000809,0,1
2024201521557,2024,201521557,2,9,0,-1,3,5,1,-1,0,8,0,0,0,0,3,9,-1,2,1,33,6,1582,2,7,HYUNDAI I30,4,E01010325,0,1
2024041522719,2024,041522719,1,9,0,-1,19,4,8,-1,0,0,0,0,0,0,1,1,-1,1,2,55,8,1396,1,13,HYUNDAI I30,1,E01025227,0,2
2024031425975,2024,031425975,1,9,0,-1,3,8,8,-1,0,0,0,0,0,0,2,9,-1,6,1,34,6,1582,2,14,HYUNDAI I30,1,E01034069,0,1
2024010532430,2024,010532430,1,9,0,99,99,9,9,99,99,9,9,99,9,99,2,9,6,6,2,28,6,1396,1,11,HYUNDAI I30,3,E01002027,0,1
2024361402108,2024,361402108,1,9,0,-1,19,6,2,-1,0,0,0,0,0,0,1,1,-1,9,2,74,10,1396,1,12,HYUNDAI I30,7,E01026508,0,1
2024461483533,2024,461483533,2,9,0,-1,19,1,5,-1,0,0,0,0,0,0,3,1,-1,2,1,30,6,1396,1,12,HYUNDAI I30,3,E01024392,0,3
2024122400405,2024,122400405,2,9,0,5,5,1,5,0,0,1,0,0,0,0,2,1,6,6,1,71,10,1368,1,8,HYUNDAI I30,8,E01013343,0,1
2024010495761,2024,010495761,1,9,0,99,99,9,9,99,99,9,9,99,9,99,0,1,6,6,2,72,10,1591,1,11,HYUNDAI I30,7,E01003270,0,1
2024340NN2892,2024,340NN2892,1,9,0,-1,19,6,2,-1,0,8,0,0,0,0,3,1,-1,6,1,28,6,998,1,6,HYUNDAI I30,6,E01023845,0,4
2024141459929,2024,141459929,2,9,0,-1,19,5,1,-1,0,0,0,0,0,0,1,9,-1,6,2,29,6,1582,2,9,HYUNDAI I30,6,E01008046,0,2
2024361452922,2024,361452922,1,9,0,-1,5,3,7,-1,0,8,0,0,0,0,1,1,-1,9,2,36,7,1368,1,12,MAKE AND MODEL REDACTED,5,E01026591,0,1
2024231462540,2024,231462540,2,9,0,-1,9,2,8,-1,0,6,0,0,0,0,1,1,-1,9,1,70,10,5654,1,11,MAKE AND MODEL REDACTED,8,E01031070,0,2
2024461466148,2024,461466148,1,3,0,-1,14,5,1,-1,0,0,1,0,0,0,1,1,-1,6,1,30,6,125,1,9,MAKE AND MODEL REDACTED,1,E01024683,0,1
2024141453986,2024,141453986,1,3,0,-1,19,5,1,-1,0,8,0,0,0,0,1,1,-1,2,1,19,4,125,1,8,MAKE AND MODEL REDACTED,1,E01007440,0,3
2024122400592,2024,122400592,1,3,0,7,7,5,7,0,0,1,1,0,0,0,4,1,1,1,1,27,6,125,1,9,MAKE AND MODEL REDACTED,2,E01032606,0,4
2024311428467,2024,311428467,2,9,0,-1,10,5,1,-1,0,0,0,0,0,0,2,2,-1,6,1,55,8,5400,1,16,MAKE AND MODEL REDACTED,4,E01028278,0,1
2024010508676,2024,010508676,2,9,0,99,99,9,9,99,99,9,9,99,9,99,1,9,6,6,3,-1,-1,1796,1,19,MERCEDES CLK CLASS,5,E01003040,0,1
2024070694357,2024,070694357,1,9,0,7,7,7,1,0,0,3,0,0,0,0,1,1,6,6,1,41,7,2987,2,17,MERCEDES CLK CLASS,10,E01018600,0,1
2024041461668,2024,041461668,1,9,0,-1,7,1,1,-1,0,1,0,4,0,0,1,1,-1,9,1,17,4,3199,1,22,MERCEDES CLK CLASS,1,E01025181,0,1
2024991463162,2024,991463162,2,9,0,-1,19,7,3,-1,0,0,0,0,0,0,3,1,-1,2,1,71,10,2149,2,17,MERCEDES CLK CLASS,5,-1,0,1
2024461434182,2024,461434182,2,9,0,-1,19,1,5,-1,0,0,0,0,0,0,1,9,-1,6,1,43,7,2295,1,22,MERCEDES CLK CLASS,6,E01024432,0,1
2024010523535,2024,010523535,2,9,0,3,3,1,5,0,0,1,0,0,0,0,1,1,6,6,1,23,5,1796,1,16,MERCEDES CLK CLASS,9,E01001532,0,2
2024010537428,2024,010537428,1,9,0,18,19,7,3,0,0,2,0,0,0,0,1,1,6,6,1,22,5,3199,1,20,MERCEDES CLK CLASS,3,E01002703,0,2
2024141521229,2024,141521229,2,9,0,-1,19,3,7,-1,0,8,0,0,0,0,2,1,-1,9,2,83,11,1796,1,17,MERCEDES CLK CLASS,8,E01007664,0,1
2024221409255,2024,221409255,1,9,0,-1,4,2,6,-1,0,0,0,0,0,0,1,9,-1,2,2,63,9,2295,1,21,MERCEDES CLK CLASS,4,E01032454,0,1
2024451491509,2024,451491509,2,9,0,-1,13,1,5,-1,0,1,0,0,0,0,1,1,-1,6,1,34,6,1796,1,17,MERCEDES CLK CLASS,6,E01002618,0,4
2024010527011,2024,010527011,2,9,0,99,99,9,9,99,99,9,9,99,9,99,2,9,6,6,2,20,4,1796,1,20,MERCEDES CLK CLASS,4,E01003348,0,2
2024531430570,2024,531430570,1,9,0,-1,13,3,7,-1,0,0,0,0,0,0,0,9,-1,6,3,-1,-1,2149,2,17,MERCEDES CLK CLASS,-1,-1,0,-1
2024531519555,2024,531519555,1,9,0,-1,7,7,1,-1,0,1,0,0,0,0,1,1,-1,2,1,43,7,2148,2,17,MERCEDES CLK CLASS,4,E01010002,0,4
2024461434128,2024,461434128,1,9,0,-1,2,0,0,-1,0,1,0,0,0,0,3,1,-1,6,2,19,4,2148,2,15,MERCEDES CLK CLASS,1,E01024081,0,1
2024010543456,2024,010543456,1,9,0,99,99,9,9,99,99,9,9,99,9,99,2,9,2,2,1,51,8,2597,1,22,MERCEDES CLK CLASS,3,E01001705,0,3
2024052400623,2024,052400623,1,9,0,16,19,7,3,0,0,0,0,0,8,10,1,1,6,6,1,79,11,3199,1,20,MERCEDES CLK CLASS,10,E01007189,0,1
2024991502853,2024,991502853,2,9,0,-1,19,6,2,-1,0,0,0,0,0,0,1,1,-1,6,2,24,5,2295,1,24,MERCEDES CLK CLASS,-1,-1,0,-1
2024201438103,2024,201438103,1,9,0,-1,9,3,1,-1,0,5,0,0,0,0,1,9,-1,6,1,39,7,2149,2,17,MERCEDES CLK CLASS,1,E01009099,0,1
2024421447948,2024,421447948,1,9,0,-1,19,3,7,-1,0,0,0,0,7,0,1,1,-1,6,1,18,4,2149,2,17,MERCEDES CLK CLASS,3,E01021260,0,1
2024440373515,2024,440373515,3,9,0,2,2,0,0,0,0,0,0,0,0,0,3,1,6,6,3,-1,-1,2685,2,21,MERCEDES CLK CLASS,-1,-1,0,-1
2024010551530,2024,010551530,1,9,0,18,19,4,8,0,0,0,0,0,0,0,1,1,6,6,1,67,10,2996,1,18,MERCEDES CLK CLASS,9,E01000209,0,1
2024302401402,2024,302401402,1,9,0,18,19,8,4,0,0,2,0,0,0,0,4,1,6,6,2,43,7,3199,1,20,MERCEDES CLK CLASS,6,E01019435,0,1