collision_index,collision_year,collision_ref_no,vehicle_reference,vehicle_type,towing_and_articulation,vehicle_manoeuvre_historic,vehicle_manoeuvre,vehicle_direction_from,vehicle_direction_to,vehicle_location_restricted_lane_historic,vehicle_location_restricted_lane,junction_location,skidding_and_overturning,hit_object_in_carriageway,vehicle_leaving_carriageway,hit_object_off_carriageway,first_point_of_impact,vehicle_left_hand_drive,journey_purpose_of_driver_historic,journey_purpose_of_driver,sex_of_driver,age_of_driver,age_band_of_driver,engine_capacity_cc,propulsion_code,age_of_vehicle,generic_make_model,driver_imd_decile,lsoa_of_driver,escooter_flag,driver_distance_banding
2024340WN2082,2024,340WN2082,1,9,0,-1,14,3,7,-1,0,0,1,0,0,0,1,1,-1,1,1,33,6,2685,2,20,MERCEDES CLK CLASS,4,E01016846,0,3
2024141526895,2024,141526895,2,9,0,-1,9,1,7,-1,0,8,0,0,0,0,4,1,-1,9,2,77,11,2597,1,21,MERCEDES CLK CLASS,6,E01007598,0,1
2024311533041,2024,311533041,1,9,0,-1,19,6,2,-1,0,8,0,0,0,0,3,1,-1,6,3,80,11,1796,1,16,MERCEDES CLK CLASS,4,E01027945,0,2
2024061432041,2024,061432041,1,9,-1,-1,19,7,3,-1,0,0,0,0,0,0,1,9,-1,6,1,-1,-1,2987,2,17,MERCEDES CLK CLASS,6,E01004973,0,3
2024552401282,2024,552401282,1,9,0,18,19,6,2,0,0,0,0,0,0,0,1,1,6,6,1,78,11,3199,1,19,MERCEDES CLK CLASS,7,E01020477,0,4
2024070429952,2024,070429952,1,9,0,9,9,5,2,0,0,8,0,0,0,0,3,1,6,6,1,34,6,2149,2,17,MERCEDES CLK CLASS,1,E01018462,0,2
2024541874624,2024,541874624,1,9,0,7,7,4,6,0,0,6,0,0,0,0,1,1,6,6,2,46,8,1796,1,21,MERCEDES CLK CLASS,6,E01031867,0,3
2024221435446,2024,221435446,1,9,0,-1,19,6,2,-1,0,0,0,4,1,2,1,9,-1,1,1,27,6,2148,2,19,MERCEDES CLK CLASS,-1,-1,0,-1
2024010497806,2024,010497806,1,9,0,18,19,2,6,0,0,0,0,4,0,0,1,1,6,6,1,55,8,3199,1,19,MERCEDES CLK CLASS,-1,-1,0,-1
2024010547464,2024,010547464,2,9,0,99,99,9,9,99,99,9,9,99,9,99,1,9,6,6,3,-1,-1,2996,1,19,MERCEDES CLK CLASS,-1,-1,0,-1
2024101530129,2024,101530129,2,9,0,-1,19,5,8,-1,0,0,1,99,0,0,1,1,-1,6,1,52,8,2987,2,16,MERCEDES CLK CLASS,6,E01027536,0,4
2024501480844,2024,501480844,1,9,0,-1,19,8,4,-1,0,0,0,0,0,0,1,1,-1,9,1,25,5,2996,1,18,MERCEDES CLK CLASS,2,E01018977,0,1
2024211394529,2024,211394529,3,9,0,-1,19,8,4,-1,0,0,0,0,0,0,4,1,-1,9,1,68,10,1796,1,19,MERCEDES CLK CLASS,1,E01014211,0,2
2024010524169,2024,010524169,1,9,0,18,19,1,5,0,0,8,0,0,0,0,2,1,6,6,1,51,8,2996,1,17,MERCEDES CLK CLASS,2,E01003059,0,2
202454B458324,2024,54B458324,1,9,0,18,19,5,1,0,0,0,2,0,1,9,1,1,6,6,1,46,8,3199,1,19,MERCEDES CLK CLASS,7,E01034540,0,1
2024501414903,2024,501414903,1,9,0,-1,19,6,2,-1,0,1,0,0,9,0,1,9,-1,6,1,-1,-1,2149,2,17,MERCEDES CLK CLASS,-1,-1,0,-1
2024131518345,2024,131518345,1,9,0,-1,-1,-1,-1,-1,-1,-1,-1,-1,-1,-1,-1,1,-1,6,3,-1,-1,2148,2,15,MERCEDES CLK CLASS,-1,-1,0,-1
2024471446280,2024,471446280,2,9,0,-1,19,7,3,-1,0,0,0,0,0,0,1,1,-1,6,2,40,7,2295,1,22,MERCEDES CLK CLASS,7,E01004159,0,4
2024351530676,2024,351530676,1,9,0,-1,19,8,4,-1,0,0,0,0,0,0,1,1,-1,9,1,24,5,2149,2,17,MERCEDES CLK CLASS,5,E01015675,0,1
2024361474997,2024,361474997,1,9,0,-1,19,3,7,-1,0,0,0,0,0,0,4,1,-1,6,1,64,9,1796,1,18,MERCEDES CLK CLASS,5,E01026935,0,2
2024461512412,2024,461512412,1,9,0,-1,19,1,5,-1,0,0,0,0,0,0,4,1,-1,9,1,83,11,2997,1,17,MERCEDES CLK CLASS,8,E01024652,0,1
2024471448981,2024,471448981,1,9,0,-1,15,4,8,-1,-1,0,1,10,2,0,1,1,-1,6,1,29,6,4966,1,22,MERCEDES CLK CLASS,9,E01021144,0,2
2024421410335,2024,421410335,1,9,0,-1,5,1,5,-1,9,0,0,0,0,0,0,1,-1,6,1,30,6,3498,1,19,MERCEDES CLK CLASS,8,E01021408,0,3
2024471478537,2024,471478537,1,9,0,-1,9,3,8,-1,0,5,1,0,0,0,1,1,-1,9,1,28,6,2685,2,20,MERCEDES CLK CLASS,4,E01031605,0,4
2024141486128,2024,141486128,2,9,0,-1,19,7,3,-1,0,4,0,0,0,0,1,1,-1,6,3,-1,-1,1796,1,15,MERCEDES CLK CLASS,-1,-1,0,-1
2024010500049,2024,010500049,1,9,0,6,6,7,7,0,0,2,0,0,1,0,1,1,6,6,1,64,9,1796,1,17,MERCEDES CLK CLASS,3,E01003977,0,1
2024201534580,2024,201534580,1,9,0,-1,4,8,4,-1,0,0,0,0,0,0,2,1,-1,9,1,37,7,2148,2,15,MERCEDES CLK CLASS,1,E01010147,0,2
2024430163582,2024,430163582,2,9,0,18,19,2,6,0,0,8,0,0,0,0,3,1,6,6,1,61,9,2597,1,20,MERCEDES CLK CLASS,2,E01016438,0,3
2024010543702,2024,010543702,2,9,0,9,9,7,5,0,0,1,0,0,0,0,1,1,1,1,1,36,7,1796,5,17,MERCEDES CLK CLASS,3,E01021300,0,4
2024041432242,2024,041432242,1,9,0,-1,19,3,7,-1,0,8,0,0,4,1,1,1,-1,9,1,77,11,2295,1,22,MERCEDES CLK CLASS,2,E01010716,0,4
2024421411805,2024,421411805,2,9,0,-1,8,3,5,-1,0,1,0,0,0,0,2,1,-1,1,2,27,6,2987,2,17,MERCEDES CLK CLASS,8,E01021766,0,1
2024010498140,2024,010498140,1,9,0,99,99,9,9,99,99,9,9,99,9,99,2,9,6,6,1,48,8,1796,1,18,MERCEDES CLK CLASS,3,E01001089,0,2
2024411532087,2024,411532087,1,9,-1,-1,-1,-1,-1,-1,-1,-1,-1,-1,-1,0,-1,9,-1,6,3,-1,-1,2148,2,16,MERCEDES CLK CLASS,-1,-1,0,-1
2024010550623,2024,010550623,2,9,0,18,19,7,3,0,0,8,0,0,0,0,1,1,6,6,1,27,6,3199,1,20,MERCEDES CLK CLASS,9,E01002509,0,4
2024461404666,2024,461404666,3,9,0,-1,2,0,0,-1,0,4,0,0,0,0,3,9,-1,9,2,-1,-1,1796,1,19,MERCEDES CLK CLASS,5,E01024163,0,1
2024421479791,2024,421479791,1,9,0,-1,7,7,1,-1,0,8,0,0,0,0,1,1,-1,6,1,46,8,1796,1,16,MERCEDES CLK CLASS,9,E01015822,0,1
2024010540065,2024,010540065,1,9,0,7,7,5,7,0,0,6,0,0,0,0,1,1,6,6,1,47,8,3199,1,20,MERCEDES CLK CLASS,10,E01031640,0,4
2024434043733,2024,434043733,1,9,0,18,19,3,7,0,0,8,0,0,0,0,3,1,6,6,1,55,8,2685,2,20,MERCEDES CLK CLASS,8,E01016515,0,1
2024440420604,2024,440420604,3,9,0,3,3,7,3,0,0,0,0,0,0,0,2,1,6,6,1,50,8,3498,1,19,MERCEDES CLK CLASS,2,E01017253,0,2
2024201455865,2024,201455865,1,9,0,-1,19,4,8,-1,0,0,0,0,0,0,2,9,-1,6,2,27,6,1796,1,21,MERCEDES CLK CLASS,-1,-1,0,-1
2024461415999,2024,461415999,1,9,0,-1,19,4,8,-1,0,0,2,7,0,0,1,1,-1,6,1,45,7,3498,1,15,MERCEDES CLK CLASS,8,E01033210,0,4
2024010538792,2024,010538792,2,9,0,2,2,0,0,0,0,1,0,0,0,0,4,1,6,6,3,-1,-1,3498,1,17,MERCEDES CLK CLASS,-1,-1,0,-1
2024161502103,2024,161502103,1,9,0,-1,5,3,7,-1,0,0,0,0,0,0,4,9,-1,6,1,61,9,3498,1,19,MERCEDES CLK CLASS,1,E01012888,0,1
2024010542447,2024,010542447,1,9,0,18,19,7,3,0,0,1,0,0,0,0,1,1,6,6,1,61,9,2996,1,15,MERCEDES CLK CLASS,6,E01001852,0,1
2024010503382,2024,010503382,2,9,0,99,99,9,9,99,99,9,9,99,9,99,9,9,6,6,3,-1,-1,3498,1,18,MERCEDES CLK CLASS,-1,-1,0,-1
2024010503329,2024,010503329,1,9,0,2,2,0,0,0,0,1,0,0,0,0,4,1,6,6,3,-1,-1,2996,1,16,MERCEDES CLK CLASS,-1,-1,0,-1
2024101406595,2024,101406595,2,9,0,-1,19,3,7,-1,0,1,0,0,0,0,1,1,-1,6,1,24,5,2987,2,17,MERCEDES CLK CLASS,-1,-1,0,-1
2024411500402,2024,411500402,1,9,0,-1,13,1,3,-1,0,1,0,0,0,0,4,1,-1,6,2,53,8,2996,1,17,MERCEDES CLK CLASS,6,E01023871,0,1
2024061495047,2024,061495047,3,9,0,-1,2,0,0,-1,-1,2,0,0,0,0,2,1,-1,6,-1,-1,-1,2148,2,15,MERCEDES CLK CLASS,-1,-1,0,-1
2024041493032,2024,041493032,1,9,0,-1,19,3,7,-1,0,0,0,0,0,0,1,1,-1,6,1,84,11,3528,1,49,MAKE AND MODEL REDACTED,5,E01027236,0,5
2024991464040,2024,991464040,1,9,0,-1,7,6,8,-1,0,1,0,0,0,0,1,1,-1,6,1,55,8,1798,1,-1,MAKE AND MODEL REDACTED,1,-1,0,1
2024501497087,2024,501497087,1,9,0,-1,19,8,4,-1,0,0,0,0,0,0,4,1,-1,6,1,83,11,1798,1,45,MAKE AND MODEL REDACTED,5,E01015188,0,1
2024991487997,2024,991487997,1,9,0,-1,19,3,1,-1,0,0,0,0,1,0,1,1,-1,9,1,70,10,1798,1,46,MAKE AND MODEL REDACTED,8,-1,0,1
2024421492417,2024,421492417,2,9,0,-1,19,5,1,-1,0,0,0,0,0,0,3,1,-1,9,1,46,8,1798,1,-1,MAKE AND MODEL REDACTED,6,E01022052,0,1
2024010524950,2024,010524950,2,9,0,3,3,5,1,0,0,0,0,0,0,0,2,1,6,6,1,58,9,1798,1,52,MAKE AND MODEL REDACTED,5,E01001581,0,1
2024122400784,2024,122400784,1,9,0,9,9,7,6,0,0,8,0,0,0,0,4,1,6,6,1,85,11,1800,1,-1,MAKE AND MODEL REDACTED,8,E01027566,0,3
2024231518069,2024,231518069,1,9,0,-1,19,3,7,-1,0,6,0,0,0,0,1,9,-1,6,1,75,10,1798,1,46,MAKE AND MODEL REDACTED,9,E01031269,0,2
2024440119585,2024,440119585,1,5,0,18,19,4,8,0,0,8,0,0,0,0,1,1,6,6,1,64,9,1042,1,1,MAKE AND MODEL REDACTED,4,E01023260,0,1
2024430517677,2024,430517677,1,5,0,18,19,8,4,0,0,0,1,0,0,0,0,1,6,6,1,72,10,1042,1,1,MAKE AND MODEL REDACTED,9,E01002415,0,4
2024141460209,2024,141460209,1,2,0,-1,5,3,7,-1,0,2,0,0,0,0,1,1,-1,9,1,13,3,50,1,2,MAKE AND MODEL REDACTED,4,E01007519,0,1
2024311499907,2024,311499907,1,2,0,-1,6,5,1,-1,0,0,0,0,0,0,2,1,-1,6,1,16,4,50,1,1,MAKE AND MODEL REDACTED,2,E01027955,0,1
2024430399266,2024,430399266,1,23,0,18,19,4,8,0,0,8,0,0,0,0,1,1,6,6,1,19,4,-1,3,2,MAKE AND MODEL REDACTED,3,E01017906,0,1
2024070561758,2024,070561758,2,3,0,18,19,2,6,0,0,3,0,0,0,0,4,1,6,6,1,66,10,400,1,6,MAKE AND MODEL REDACTED,1,E01007290,0,4
2024631417409,2024,631417409,1,4,0,-1,19,2,6,-1,0,8,0,0,0,0,1,1,-1,6,1,62,9,400,1,6,MAKE AND MODEL REDACTED,6,W01000627,0,2
2024010515265,2024,010515265,1,4,0,99,99,9,9,99,99,9,9,99,9,99,9,1,6,6,1,28,6,385,1,17,MAKE AND MODEL REDACTED,9,E01000412,0,1
2024622400458,2024,622400458,2,4,0,17,19,2,6,0,0,4,0,0,0,0,2,1,6,6,1,68,10,385,1,19,MAKE AND MODEL REDACTED,2,W01001166,0,2
2024461512178,2024,461512178,2,4,0,-1,19,5,1,-1,0,8,0,0,0,0,4,1,-1,2,1,33,6,400,1,5,MAKE AND MODEL REDACTED,4,E01035305,0,2
2024522401529,2024,522401529,2,4,0,14,14,2,6,0,0,0,0,0,0,0,1,1,6,6,1,64,9,400,1,15,MAKE AND MODEL REDACTED,10,E01014875,0,1
2024070246074,2024,070246074,2,4,0,18,19,3,1,0,0,1,0,0,0,0,1,1,6,6,1,64,9,400,1,2,MAKE AND MODEL REDACTED,7,E01018374,0,2
2024302401189,2024,302401189,1,4,0,18,19,5,1,0,0,7,1,0,1,0,2,1,2,2,1,52,8,400,1,1,MAKE AND MODEL REDACTED,4,E01019455,0,4
2024531510207,2024,531510207,1,5,0,-1,19,5,2,-1,0,0,0,0,0,0,1,1,-1,9,1,30,6,885,1,25,MAKE AND MODEL REDACTED,6,E01022154,0,3
2024311411386,2024,311411386,1,9,0,-1,19,8,4,-1,0,0,1,4,1,0,1,1,-1,6,1,26,6,1968,2,15,VOLKSWAGEN SCIROCCO,1,E01013940,0,1
2024320133712,2024,320133712,2,9,0,-1,-1,2,7,0,0,4,0,0,0,0,1,1,-1,-1,2,20,4,1984,1,14,VOLKSWAGEN SCIROCCO,-1,-1,0,-1
2024201494168,2024,201494168,1,9,0,-1,19,4,8,-1,0,0,0,4,0,0,3,1,-1,9,1,31,6,1968,2,8,VOLKSWAGEN SCIROCCO,1,E01033646,0,1
2024101445247,2024,101445247,1,9,0,-1,19,2,6,-1,0,0,0,0,0,0,1,9,-1,6,1,21,5,1968,2,7,VOLKSWAGEN SCIROCCO,-1,-1,0,-1
2024201460684,2024,201460684,1,9,0,-1,9,2,7,-1,0,8,0,0,0,0,3,1,-1,6,1,27,6,1968,2,11,VOLKSWAGEN SCIROCCO,1,E01008996,0,1
2024231442044,2024,231442044,2,9,0,-1,19,4,8,-1,0,8,0,0,0,0,1,2,-1,9,1,20,4,1968,2,8,VOLKSWAGEN SCIROCCO,7,E01031283,0,3
2024211483957,2024,211483957,2,9,0,-1,19,7,2,-1,0,1,0,0,0,0,3,1,-1,9,1,53,8,1984,1,9,VOLKSWAGEN SCIROCCO,2,E01014329,0,1
2024552400549,2024,552400549,1,9,0,1,1,1,5,0,0,0,0,0,0,0,0,1,6,6,2,25,5,1395,1,7,VOLKSWAGEN SCIROCCO,5,E01020490,0,1
2024411489410,2024,411489410,1,9,0,-1,19,8,4,-1,0,0,0,0,0,0,1,1,-1,6,1,59,9,1984,1,15,VOLKSWAGEN SCIROCCO,5,E01023547,0,1
2024302401109,2024,302401109,1,9,0,13,13,1,5,0,0,0,5,0,7,9,1,1,6,6,1,24,5,1968,2,7,VOLKSWAGEN SCIROCCO,8,E01019493,0,1
2024201492775,2024,201492775,1,9,0,-1,19,1,5,-1,0,4,0,0,0,0,1,1,-1,6,3,54,8,1390,1,12,VOLKSWAGEN SCIROCCO,-1,-1,0,-1
2024061460690,2024,061460690,1,9,0,-1,5,5,1,-1,0,1,0,0,0,0,4,1,-1,6,3,20,4,1984,1,7,VOLKSWAGEN SCIROCCO,-1,-1,0,-1
2024041497880,2024,041497880,1,9,0,-1,19,1,5,-1,0,0,1,0,1,7,1,1,-1,2,2,59,9,1968,2,9,VOLKSWAGEN SCIROCCO,8,E01024923,0,2
2024221523994,2024,221523994,1,9,0,-1,19,6,1,-1,0,0,1,0,0,0,1,1,-1,9,1,25,5,1968,2,10,VOLKSWAGEN SCIROCCO,8,E01032443,0,4
2024131517456,2024,131517456,2,9,0,-1,5,7,3,-1,0,1,0,0,0,0,4,1,-1,9,1,43,7,1968,2,14,VOLKSWAGEN SCIROCCO,8,E01011800,0,1
2024440510048,2024,440510048,1,9,0,18,19,2,6,0,0,0,0,0,1,4,1,1,6,6,1,21,5,1984,1,16,VOLKSWAGEN SCIROCCO,8,E01017287,0,2
2024231476455,2024,231476455,1,9,0,-1,19,2,4,-1,0,8,0,0,0,0,1,9,-1,6,1,25,5,1984,1,6,VOLKSWAGEN SCIROCCO,5,E01009617,0,3
2024010524377,2024,010524377,2,9,0,9,9,1,7,0,0,0,0,0,0,0,3,1,6,6,1,77,11,1968,2,10,VOLKSWAGEN SCIROCCO,5,E01000354,0,1
2024471464885,2024,471464885,2,9,0,-1,9,7,4,-1,0,1,0,0,0,0,1,1,-1,6,1,29,6,1390,1,14,VOLKSWAGEN SCIROCCO,3,E01021017,0,1
2024991448726,2024,991448726,2,9,0,-1,19,6,2,-1,0,1,0,0,0,0,1,1,-1,9,2,47,8,1984,1,7,VOLKSWAGEN SCIROCCO,6,-1,0,1
2024201428239,2024,201428239,2,9,0,-1,5,7,3,-1,0,0,0,0,0,0,1,9,-1,9,1,46,8,1390,1,15,VOLKSWAGEN SCIROCCO,8,E01010208,0,3
2024302400369,2024,302400369,1,9,0,18,19,7,3,0,0,8,1,0,0,0,1,1,6,6,1,21,5,1984,1,14,VOLKSWAGEN SCIROCCO,5,E01019417,0,3
2024610009424,2024,610009424,1,9,0,18,19,8,4,0,0,8,0,10,1,2,3,1,6,6,1,36,7,1390,1,15,VOLKSWAGEN SCIROCCO,8,W01001535,0,1
2024061421071,2024,061421071,2,9,0,-1,5,5,1,-1,0,6,0,0,0,0,3,1,-1,2,1,54,8,1968,2,12,VOLKSWAGEN SCIROCCO,4,E01005996,0,1
2024544085924,2024,544085924,1,9,0,18,19,8,4,0,0,0,0,0,0,0,1,1,6,6,1,31,6,1968,2,12,VOLKSWAGEN SCIROCCO,4,E01015492,0,2
2024332400300,2024,332400300,2,9,0,-1,3,7,3,-1,0,1,0,0,0,0,2,1,-1,6,1,19,4,1968,2,9,VOLKSWAGEN SCIROCCO,8,E01031120,0,2
2024010535878,2024,010535878,1,9,0,18,19,1,5,0,0,1,0,0,0,0,4,1,6,6,1,82,11,1984,1,15,VOLKSWAGEN SCIROCCO,8,E01002824,0,1
2024052401111,2024,052401111,2,9,0,2,2,0,0,0,0,0,0,0,0,0,1,1,6,6,1,34,6,1968,2,10,VOLKSWAGEN SCIROCCO,1,E01006908,0,1
2024010502713,2024,010502713,1,9,0,18,19,1,5,0,0,4,0,0,1,11,1,1,6,6,1,26,6,1984,1,10,VOLKSWAGEN SCIROCCO,4,E01016008,0,4
2024552400264,2024,552400264,2,9,0,18,19,5,1,0,0,8,0,0,0,0,1,1,6,6,2,30,6,1984,1,6,VOLKSWAGEN SCIROCCO,7,E01029155,0,1
2024340WN7312,2024,340WN7312,2,9,0,-1,19,7,3,-1,2,1,0,0,0,0,1,1,-1,2,2,20,4,1968,2,10,VOLKSWAGEN SCIROCCO,6,E01027237,0,1
2024471407248,2024,471407248,1,9,0,-1,9,6,4,-1,0,0,0,0,0,0,1,1,-1,9,1,32,6,1984,1,14,VOLKSWAGEN SCIROCCO,3,E01020973,0,1
2024161529503,2024,161529503,1,9,0,-1,19,1,5,-1,0,0,0,4,0,0,1,1,-1,9,1,31,6,1390,1,11,VOLKSWAGEN SCIROCCO,2,E01013130,0,1
2024622400637,2024,622400637,1,9,0,4,4,4,7,0,0,3,0,0,0,0,1,1,6,6,1,25,5,1984,1,6,VOLKSWAGEN SCIROCCO,9,W01001136,0,2
2024351406769,2024,351406769,1,9,0,-1,19,7,3,-1,0,0,0,4,1,0,1,1,-1,9,2,23,5,1968,2,11,VOLKSWAGEN SCIROCCO,8,E01018194,0,4
2024622400183,2024,622400183,1,9,0,18,19,6,2,0,0,0,1,0,0,0,1,1,6,6,1,27,6,1968,2,15,VOLKSWAGEN SCIROCCO,1,W01001740,0,1
2024311481899,2024,311481899,1,9,0,-1,7,4,7,-1,0,1,0,0,0,0,2,1,-1,9,1,41,7,1968,2,12,VOLKSWAGEN SCIROCCO,2,E01013961,0,1
2024320726992,2024,320726992,1,9,0,-1,-1,1,5,0,0,0,0,0,0,0,1,1,6,6,3,-1,-1,1968,2,11,VOLKSWAGEN SCIROCCO,-1,-1,0,-1
2024122400927,2024,122400927,2,9,0,18,19,3,7,0,0,1,0,0,0,0,1,1,6,6,1,19,4,1968,2,13,VOLKSWAGEN SCIROCCO,6,E01027703,0,1
2024101440737,2024,101440737,2,9,0,-1,19,3,7,-1,0,8,0,0,1,0,4,1,-1,6,1,57,9,1968,2,14,VOLKSWAGEN SCIROCCO,1,E01008733,0,1
2024622400688,2024,622400688,1,9,0,6,6,4,4,0,0,0,0,0,0,0,3,1,6,6,1,37,7,1968,2,8,VOLKSWAGEN SCIROCCO,3,W01001162,0,1
2024991529484,2024,991529484,5,9,0,-1,2,0,0,-1,0,2,0,0,0,0,2,1,-1,6,-1,-1,-1,1968,2,10,VOLKSWAGEN SCIROCCO,-1,-1,0,-1
2024361499720,2024,361499720,2,9,0,-1,19,8,4,-1,0,0,1,0,1,0,1,1,-1,6,1,21,5,1390,1,12,VOLKSWAGEN SCIROCCO,3,E01026458,0,4
2024320561069,2024,320561069,1,9,0,9,9,2,4,0,0,6,0,0,0,0,1,1,-1,-1,2,29,6,1984,1,14,VOLKSWAGEN SCIROCCO,-1,-1,0,-1
2024101409614,2024,101409614,1,9,0,-1,19,1,5,-1,0,0,0,0,7,0,1,1,-1,9,1,70,10,1984,1,14,VOLKSWAGEN SCIROCCO,3,E01011718,0,5
2024430580220,2024,430580220,2,9,0,18,19,8,4,0,0,8,0,0,0,0,3,1,6,6,1,23,5,1984,1,9,VOLKSWAGEN SCIROCCO,-1,-1,0,-1
2024991445785,2024,991445785,2,9,0,-1,13,7,3,-1,0,0,0,0,0,0,3,1,-1,6,1,64,9,1968,2,12,VOLKSWAGEN SCIROCCO,9,-1,0,4
2024201509674,2024,201509674,1,9,0,-1,19,7,4,-1,0,0,0,4,0,0,1,1,-1,9,1,40,7,1968,2,13,VOLKSWAGEN SCIROCCO,1,E01009306,0,1
2024440167426,2024,440167426,2,9,0,18,19,2,6,0,0,1,0,0,0,0,1,1,6,6,1,21,5,1390,1,14,VOLKSWAGEN SCIROCCO,2,E01017238,0,2
2024631464156,2024,631464156,1,9,0,-1,12,5,2,-1,0,0,0,0,7,10,1,1,-1,9,2,46,8,1968,2,13,VOLKSWAGEN SCIROCCO,4,W01000456,0,2
2024010537792,2024,010537792,1,9,0,18,19,3,7,0,0,0,0,0,0,0,4,1,6,6,3,-1,-1,1984,1,8,VOLKSWAGEN SCIROCCO,-1,-1,0,-1
2024311407619,2024,311407619,1,9,0,-1,19,3,7,-1,0,0,0,0,0,0,1,1,-1,6,1,37,7,1968,2,9,VOLKSWAGEN SCIROCCO,6,E01028188,0,2
2024031428519,2024,031428519,1,9,0,-1,19,8,5,-1,0,0,0,0,0,0,3,1,-1,6,1,28,6,1968,2,9,VOLKSWAGEN SCIROCCO,-1,-1,0,-1
2024131513618,2024,131513618,1,9,0,-1,3,5,1,-1,0,1,0,0,0,0,2,1,-1,6,2,31,6,1390,1,13,VOLKSWAGEN SCIROCCO,1,E01011729,0,1
2024161450984,2024,161450984,1,9,0,-1,19,7,3,-1,0,4,0,0,1,0,3,2,-1,9,2,63,9,1984,1,7,VOLKSWAGEN SCIROCCO,5,E01012768,0,4
2024070827030,2024,070827030,2,9,0,-1,9,1,5,-1,0,0,0,0,0,0,1,1,-1,2,1,44,7,1968,2,9,VOLKSWAGEN SCIROCCO,9,E01029565,0,2
2024010527568,2024,010527568,1,9,0,9,9,7,5,0,0,8,0,0,0,0,3,1,6,6,2,72,10,1390,1,11,VOLKSWAGEN SCIROCCO,3,E01002763,0,1
2024201499804,2024,201499804,1,9,0,-1,1,8,4,-1,0,0,0,0,0,0,2,9,-1,6,1,38,7,1968,2,11,VOLKSWAGEN SCIROCCO,-1,-1,0,-1
2024302500071,2024,302500071,1,9,0,-1,5,6,2,-1,0,0,0,0,0,0,3,1,-1,6,1,22,5,1968,2,15,VOLKSWAGEN SCIROCCO,3,E01013930,0,4
2024622400433,2024,622400433,1,9,0,18,19,4,8,0,0,8,0,0,0,0,1,1,6,6,1,18,4,1390,1,14,VOLKSWAGEN SCIROCCO,1,W01001174,0,1
2024201485983,2024,201485983,1,9,0,-1,1,7,3,-1,0,6,0,0,0,0,2,9,-1,9,1,31,6,1395,1,8,VOLKSWAGEN SCIROCCO,1,E01008913,0,1
2024122400107,2024,122400107,3,9,0,17,19,3,7,0,0,0,0,11,0,0,0,1,6,6,2,23,5,1968,2,7,VOLKSWAGEN SCIROCCO,6,E01025334,0,4
2024010517917,2024,010517917,1,9,0,12,12,5,1,0,0,4,0,0,0,0,3,1,2,2,1,18,4,1390,1,14,VOLKSWAGEN SCIROCCO,2,E01004444,0,1
2024302400505,2024,302400505,1,9,0,18,19,4,8,0,0,2,0,0,0,0,1,1,6,6,1,27,6,1968,2,12,VOLKSWAGEN SCIROCCO,-1,-1,0,-1
2024471469521,2024,471469521,2,9,0,-1,7,7,3,-1,0,1,0,0,0,0,2,1,-1,2,1,30,6,1968,2,14,VOLKSWAGEN SCIROCCO,3,E01020919,0,1
2024141409410,2024,141409410,2,9,0,-1,19,1,5,-1,0,8,0,0,0,0,1,1,-1,6,2,-1,-1,1968,2,15,VOLKSWAGEN SCIROCCO,-1,-1,0,-1
2024302400952,2024,302400952,2,9,0,18,19,5,3,0,0,1,0,4,0,0,1,1,6,6,2,24,5,1984,1,7,VOLKSWAGEN SCIROCCO,8,E01019486,0,1
2024501403395,2024,501403395,1,9,0,-1,19,7,5,-1,0,1,1,0,1,9,1,1,-1,6,1,25,5,1968,2,14,VOLKSWAGEN SCIROCCO,3,E01020095,0,3
2024471522925,2024,471522925,1,9,0,-1,7,7,1,-1,0,6,0,0,0,0,3,1,-1,9,1,46,8,1968,2,10,VOLKSWAGEN SCIROCCO,5,E01031600,0,1
2024351546022,2024,351546022,1,9,0,-1,7,1,3,-1,0,1,0,0,0,0,4,1,-1,6,1,28,6,1968,2,12,VOLKSWAGEN SCIROCCO,2,E01015599,0,2
2024161428271,2024,161428271,1,9,0,-1,19,5,1,-1,0,2,0,0,0,0,4,9,-1,9,1,27,6,1968,2,15,VOLKSWAGEN SCIROCCO,2,E01033109,0,1
2024131504595,2024,131504595,1,9,0,-1,19,1,5,-1,0,0,1,7,0,0,2,1,-1,1,1,49,8,1984,1,8,VOLKSWAGEN SCIROCCO,1,E01034972,0,4
2024631487024,2024,631487024,1,9,0,-1,13,3,7,-1,0,0,0,0,8,0,1,1,-1,6,1,28,6,1968,2,14,VOLKSWAGEN SCIROCCO,2,W01000592,0,3
2024371504463,2024,371504463,1,9,0,-1,19,7,3,-1,0,0,0,0,0,0,1,1,-1,6,1,36,7,1984,1,13,VOLKSWAGEN SCIROCCO,2,E01030029,0,2
2024430220198,2024,430220198,1,9,0,8,8,4,6,0,0,1,0,0,0,0,2,1,6,6,1,33,6,1968,2,12,VOLKSWAGEN SCIROCCO,8,E01016337,0,1
2024401524849,2024,401524849,1,9,0,-1,5,1,7,-1,0,1,0,0,0,0,1,1,-1,6,3,-1,-1,1968,2,15,VOLKSWAGEN SCIROCCO,-1,-1,0,-1
2024161426515,2024,161426515,1,9,0,-1,19,1,5,-1,0,0,5,4,0,0,4,1,-1,9,2,38,7,1968,2,12,VOLKSWAGEN SCIROCCO,1,E01012928,0,1
2024211491595,2024,211491595,2,9,0,-1,19,7,8,-1,0,0,0,1,0,0,2,1,-1,6,1,28,6,1390,1,13,VOLKSWAGEN SCIROCCO,9,E01029848,0,1