collision_index,collision_year,collision_ref_no,vehicle_reference,vehicle_type,towing_and_articulation,vehicle_manoeuvre_historic,vehicle_manoeuvre,vehicle_direction_from,vehicle_direction_to,vehicle_location_restricted_lane_historic,vehicle_location_restricted_lane,junction_location,skidding_and_overturning,hit_object_in_carriageway,vehicle_leaving_carriageway,hit_object_off_carriageway,first_point_of_impact,vehicle_left_hand_drive,journey_purpose_of_driver_historic,journey_purpose_of_driver,sex_of_driver,age_of_driver,age_band_of_driver,engine_capacity_cc,propulsion_code,age_of_vehicle,generic_make_model,driver_imd_decile,lsoa_of_driver,escooter_flag,driver_distance_banding
2024471460809,2024,471460809,1,9,0,-1,5,5,3,-1,0,5,0,0,0,0,4,1,-1,1,2,40,7,1968,2,12,VOLKSWAGEN SCIROCCO,1,E01016868,0,1
2024010549187,2024,010549187,1,9,0,18,19,1,5,8,6,3,0,10,3,9,1,1,6,6,3,25,5,1984,1,15,VOLKSWAGEN SCIROCCO,-1,-1,0,-1
2024141496832,2024,141496832,1,9,0,-1,7,7,1,-1,0,0,1,0,7,0,1,9,-1,6,1,21,5,1968,2,7,VOLKSWAGEN SCIROCCO,2,E01007435,0,1
2024622400446,2024,622400446,1,9,0,16,19,4,8,0,0,1,0,0,0,0,1,1,6,6,2,19,4,1968,2,9,VOLKSWAGEN SCIROCCO,5,E01034853,0,5
2024052400320,2024,052400320,2,9,0,18,19,7,3,0,0,8,0,0,1,10,1,1,6,6,1,33,6,1395,1,8,VOLKSWAGEN SCIROCCO,4,E01006897,0,1
2024010544822,2024,010544822,1,9,0,13,13,7,3,0,0,0,0,0,0,0,4,1,6,6,1,25,5,1984,1,16,VOLKSWAGEN SCIROCCO,6,E01002266,0,2
2024440109863,2024,440109863,1,9,0,18,19,2,6,0,0,1,0,0,0,0,3,1,6,6,1,55,8,1390,1,13,VOLKSWAGEN SCIROCCO,6,E01022890,0,1
2024451415566,2024,451415566,1,9,0,-1,9,7,3,-1,0,8,0,0,0,0,3,1,-1,9,1,21,5,1390,1,13,VOLKSWAGEN SCIROCCO,5,E01014732,0,5
2024061415391,2024,061415391,2,9,0,-1,19,3,7,-1,0,8,1,0,0,0,1,1,-1,2,1,30,6,1984,1,6,VOLKSWAGEN SCIROCCO,3,E01005897,0,1
2024041418890,2024,041418890,1,9,0,-1,19,7,3,-1,0,0,0,0,1,11,1,1,-1,6,1,34,6,1968,2,14,VOLKSWAGEN SCIROCCO,3,E01025442,0,1
2024221521414,2024,221521414,2,9,0,-1,19,6,3,-1,0,8,0,0,0,0,1,9,-1,6,1,27,6,1968,2,9,VOLKSWAGEN SCIROCCO,8,E01010515,0,3
2024061524497,2024,061524497,1,9,0,-1,19,7,3,-1,0,0,0,0,0,0,1,1,-1,2,1,25,5,1968,2,11,VOLKSWAGEN SCIROCCO,9,E01006393,0,1
2024421512704,2024,421512704,1,9,0,-1,19,7,3,-1,0,0,0,0,0,0,1,1,-1,6,1,23,5,1390,1,16,VOLKSWAGEN SCIROCCO,2,E01015844,0,1
2024201460139,2024,201460139,2,9,0,-1,5,4,8,-1,0,6,0,0,0,0,1,9,-1,6,3,-1,-1,1968,2,7,VOLKSWAGEN SCIROCCO,-1,-1,0,-1
2024201449407,2024,201449407,1,9,0,-1,19,1,5,-1,0,0,0,7,0,0,1,1,-1,9,1,62,9,1968,2,9,VOLKSWAGEN SCIROCCO,6,E01009450,0,1
2024061470637,2024,061470637,1,9,0,-1,19,6,2,-1,0,0,0,0,0,0,3,9,-1,6,3,-1,-1,1968,2,12,VOLKSWAGEN SCIROCCO,-1,-1,0,-1
2024440129571,2024,440129571,2,9,0,18,19,6,2,0,0,1,0,0,0,0,1,1,6,6,1,-1,-1,1968,2,11,VOLKSWAGEN SCIROCCO,-1,-1,0,-1
2024471493867,2024,471493867,1,9,0,-1,19,5,1,-1,0,0,0,0,0,0,1,1,-1,2,1,28,6,1395,1,8,VOLKSWAGEN SCIROCCO,8,E01031461,0,2
2024201470149,2024,201470149,1,9,0,-1,19,8,5,-1,9,0,0,10,7,0,3,1,-1,6,1,41,7,1984,1,12,VOLKSWAGEN SCIROCCO,8,E01010515,0,1
2024141420485,2024,141420485,1,9,0,-1,19,2,6,-1,0,8,0,0,0,0,1,1,-1,9,1,25,5,1968,2,13,VOLKSWAGEN SCIROCCO,9,E01007690,0,1
2024052401041,2024,052401041,2,9,0,2,2,0,0,0,0,0,0,0,0,0,3,1,6,6,3,-1,-1,1968,2,9,VOLKSWAGEN SCIROCCO,-1,-1,0,-1
2024061527748,2024,061527748,1,9,0,-1,19,5,8,-1,0,0,0,10,7,0,1,1,-1,6,1,37,7,1984,1,7,VOLKSWAGEN SCIROCCO,1,E01005317,0,2
2024161432338,2024,161432338,1,9,0,-1,19,3,7,-1,0,1,0,0,0,0,1,1,-1,9,2,78,11,1390,1,11,VOLKSWAGEN SCIROCCO,7,E01013185,0,1
2024622400701,2024,622400701,2,9,0,9,9,2,8,0,0,1,0,0,0,0,1,1,2,2,1,25,5,1968,2,14,VOLKSWAGEN SCIROCCO,10,W01000777,0,1
2024061466165,2024,061466165,2,9,0,-1,-1,-1,-1,-1,-1,0,-1,-1,-1,0,-1,9,-1,6,3,-1,-1,1984,1,14,VOLKSWAGEN SCIROCCO,-1,-1,0,-1
2024430332918,2024,430332918,2,9,0,9,9,2,8,0,0,6,0,0,7,0,1,1,6,6,1,27,6,1968,2,10,VOLKSWAGEN SCIROCCO,4,E01015492,0,4
2024010551106,2024,010551106,1,9,0,13,13,7,3,0,0,2,0,0,0,0,1,1,6,6,1,20,4,1984,1,16,VOLKSWAGEN SCIROCCO,2,E01033605,0,2
2024122401280,2024,122401280,1,9,0,18,19,7,3,0,0,0,0,0,7,4,4,1,6,6,1,22,5,1968,2,15,VOLKSWAGEN SCIROCCO,-1,-1,0,-1
2024131438014,2024,131438014,1,9,0,-1,19,5,1,-1,0,0,0,0,0,0,3,1,-1,9,1,23,5,1395,1,8,VOLKSWAGEN SCIROCCO,2,E01011000,0,1
2024211483480,2024,211483480,2,9,0,-1,19,7,3,-1,0,1,0,0,0,0,1,1,-1,6,1,26,6,1984,1,16,VOLKSWAGEN SCIROCCO,-1,-1,0,-1
2024010532221,2024,010532221,1,9,0,99,99,9,9,0,0,9,9,0,0,0,1,1,6,6,1,44,7,1984,1,15,VOLKSWAGEN SCIROCCO,6,E01004488,0,1
2024201483562,2024,201483562,2,9,0,-1,19,8,4,-1,0,0,0,0,0,0,2,1,-1,6,2,29,6,1968,2,14,VOLKSWAGEN SCIROCCO,1,E01010111,0,1
2024332400275,2024,332400275,1,9,0,-1,19,5,1,-1,0,3,0,0,0,0,4,1,-1,9,1,22,5,1390,1,11,VOLKSWAGEN SCIROCCO,9,E01025733,0,2
2024052401678,2024,052401678,1,9,0,18,19,8,4,0,0,8,0,0,0,0,1,1,6,6,1,23,5,1984,1,15,VOLKSWAGEN SCIROCCO,10,E01029759,0,4
2024531488819,2024,531488819,1,9,0,-1,19,1,5,-1,0,0,1,4,0,0,1,1,-1,6,1,36,7,1968,2,11,VOLKSWAGEN SCIROCCO,6,E01022338,0,1
2024552401141,2024,552401141,2,9,0,18,19,4,8,0,0,8,0,0,0,0,1,1,6,6,1,23,5,1968,2,13,VOLKSWAGEN SCIROCCO,10,E01020560,0,1
2024201484962,2024,201484962,1,9,0,-1,4,1,5,-1,0,1,0,0,0,0,4,9,-1,6,1,43,7,1968,2,10,VOLKSWAGEN SCIROCCO,5,E01009135,0,1
2024201524454,2024,201524454,1,9,0,-1,3,7,7,-1,0,0,0,0,0,0,2,1,-1,6,1,58,9,1984,1,14,VOLKSWAGEN SCIROCCO,-1,-1,0,-1
2024061473348,2024,061473348,3,9,-1,-1,7,1,3,-1,0,8,0,0,0,0,-1,9,-1,6,3,-1,-1,1984,1,7,VOLKSWAGEN SCIROCCO,-1,-1,0,-1
2024311525332,2024,311525332,2,9,0,-1,19,1,5,-1,0,0,0,0,0,0,1,1,-1,2,2,25,5,1968,2,14,VOLKSWAGEN SCIROCCO,-1,-1,0,-1
2024361520157,2024,361520157,1,9,0,-1,19,3,7,-1,0,1,0,0,0,0,1,1,-1,2,1,76,11,1395,1,9,VOLKSWAGEN SCIROCCO,5,E01026766,0,2
2024552400937,2024,552400937,2,9,0,4,4,4,8,0,0,0,0,0,0,0,2,1,2,2,1,27,6,1968,2,11,VOLKSWAGEN SCIROCCO,4,E01033285,0,1
2024501491540,2024,501491540,1,9,0,-1,19,5,1,-1,0,0,5,7,7,1,1,1,-1,9,1,18,4,1968,2,14,VOLKSWAGEN SCIROCCO,3,E01019914,0,2
2024302400775,2024,302400775,1,9,0,10,10,5,3,0,0,8,0,0,0,0,2,1,6,6,1,26,6,1390,1,15,VOLKSWAGEN SCIROCCO,1,E01029427,0,4
2024201501489,2024,201501489,3,9,0,-1,3,7,3,-1,0,1,0,0,0,0,2,9,-1,6,2,24,5,1984,1,14,VOLKSWAGEN SCIROCCO,3,E01009087,0,1
2024501495051,2024,501495051,2,9,0,-1,5,1,5,-1,0,8,0,0,0,0,1,1,-1,9,1,20,4,1968,2,11,VOLKSWAGEN SCIROCCO,-1,-1,0,-1
2024351428227,2024,351428227,2,9,0,-1,4,2,6,-1,0,0,0,0,0,0,2,1,-1,9,1,27,6,1968,2,11,VOLKSWAGEN SCIROCCO,9,E01018178,0,4
2024161497171,2024,161497171,1,9,0,-1,19,5,1,-1,0,1,1,6,0,0,1,1,-1,9,1,28,6,1968,2,14,VOLKSWAGEN SCIROCCO,2,E01013002,0,2
2024430128329,2024,430128329,4,9,0,11,11,1,5,0,0,0,0,0,0,0,1,1,6,6,1,18,4,1395,1,7,VOLKSWAGEN SCIROCCO,6,E01034467,0,1
2024371460801,2024,371460801,1,9,0,-1,19,7,3,-1,0,0,1,0,7,4,1,1,-1,9,1,22,5,1968,2,9,VOLKSWAGEN SCIROCCO,5,E01030016,0,4
2024440119469,2024,440119469,2,9,0,5,5,8,4,0,0,1,0,0,0,0,1,1,6,6,3,-1,-1,1390,1,15,VOLKSWAGEN SCIROCCO,-1,-1,0,-1
2024461469989,2024,461469989,2,9,0,-1,19,3,7,-1,0,0,0,0,0,0,3,1,-1,6,1,36,7,1390,1,13,VOLKSWAGEN SCIROCCO,3,E01016042,0,1
2024010499882,2024,010499882,2,9,0,99,99,9,9,99,99,9,9,99,9,99,4,9,6,6,3,-1,-1,1984,1,16,VOLKSWAGEN SCIROCCO,-1,-1,0,-1
2024201478499,2024,201478499,1,9,0,-1,9,7,3,-1,0,8,0,0,0,0,4,1,-1,6,1,21,5,1390,1,13,VOLKSWAGEN SCIROCCO,-1,-1,0,-1
2024471517580,2024,471517580,1,9,0,-1,19,2,6,-1,0,1,0,0,0,0,1,1,-1,9,1,21,5,1395,1,8,VOLKSWAGEN SCIROCCO,3,E01020996,0,1
2024421426890,2024,421426890,4,9,0,-1,4,1,5,-1,0,0,0,0,0,0,2,1,-1,6,1,36,7,1968,2,7,VOLKSWAGEN SCIROCCO,7,E01024360,0,4
2024010530115,2024,010530115,1,9,0,-1,-1,1,5,9,9,1,1,0,3,11,1,1,6,6,2,54,8,1984,1,7,VOLKSWAGEN SCIROCCO,-1,-1,0,-1
2024531452187,2024,531452187,1,9,0,-1,19,3,7,-1,0,1,0,0,0,0,4,1,-1,9,2,32,6,1390,1,13,VOLKSWAGEN SCIROCCO,2,E01022288,0,1
2024111494659,2024,111494659,4,9,0,-1,19,3,7,-1,0,0,0,0,0,0,0,1,-1,6,1,18,4,1390,1,13,VOLKSWAGEN SCIROCCO,8,E01020850,0,4
2024201449217,2024,201449217,2,9,0,-1,3,6,2,-1,0,1,0,0,0,0,2,9,-1,6,1,47,8,1984,1,16,VOLKSWAGEN SCIROCCO,-1,-1,0,-1
2024041422185,2024,041422185,2,9,0,-1,19,1,5,-1,0,0,0,0,0,0,2,1,-1,6,2,37,7,1984,1,15,VOLKSWAGEN SCIROCCO,5,E01025053,0,2
2024991396536,2024,991396536,1,9,0,-1,7,1,3,-1,0,6,0,0,1,0,1,1,-1,2,1,25,5,1968,2,10,VOLKSWAGEN SCIROCCO,8,-1,0,3
2024131404113,2024,131404113,1,9,0,-1,19,3,7,-1,0,0,0,0,0,0,1,1,-1,9,1,30,6,1968,2,13,VOLKSWAGEN SCIROCCO,4,E01010708,0,1
2024440261944,2024,440261944,2,9,0,18,19,2,6,0,0,0,0,0,0,0,3,1,6,6,1,23,5,1968,2,12,VOLKSWAGEN SCIROCCO,8,E01034555,0,1
2024440101824,2024,440101824,1,9,0,18,19,7,3,0,0,0,0,0,0,0,1,1,6,6,1,21,5,1390,1,14,VOLKSWAGEN SCIROCCO,9,E01022978,0,3
2024131408116,2024,131408116,1,9,0,-1,19,7,7,-1,0,0,1,0,0,0,1,1,-1,6,1,51,8,1968,2,8,VOLKSWAGEN SCIROCCO,9,E01013077,0,4
2024421470889,2024,421470889,2,9,0,-1,3,4,4,-1,0,0,0,0,0,0,2,1,-1,6,1,30,6,1968,2,10,VOLKSWAGEN SCIROCCO,5,E01021922,0,2
2024161483124,2024,161483124,1,9,0,-1,9,4,2,-1,0,6,0,0,0,0,1,1,-1,9,2,28,6,1968,2,10,VOLKSWAGEN SCIROCCO,1,E01012805,0,1
2024010520440,2024,010520440,2,9,0,2,2,0,0,0,0,0,0,0,0,0,2,1,6,6,3,-1,-1,1984,1,9,VOLKSWAGEN SCIROCCO,-1,-1,0,-1
2024371452105,2024,371452105,1,9,0,-1,19,3,7,-1,0,0,2,0,1,0,1,1,-1,9,1,25,5,1968,2,14,VOLKSWAGEN SCIROCCO,6,E01030134,0,1
2024371425604,2024,371425604,2,9,0,-1,19,5,1,-1,0,1,0,0,0,0,1,9,-1,2,1,27,6,1395,1,8,VOLKSWAGEN SCIROCCO,5,E01026487,0,4
2024542673224,2024,542673224,2,9,0,4,4,1,5,0,0,1,0,0,0,0,2,1,6,6,2,58,9,1395,1,7,VOLKSWAGEN SCIROCCO,8,E01032095,0,2
2024131475599,2024,131475599,1,9,0,-1,19,1,5,-1,0,0,0,0,0,0,1,1,-1,9,1,25,5,1968,2,12,VOLKSWAGEN SCIROCCO,4,E01010902,0,1
2024471419061,2024,471419061,1,9,0,-1,10,4,3,-1,0,1,0,0,0,0,2,1,-1,2,1,23,5,1968,2,11,VOLKSWAGEN SCIROCCO,8,E01021055,0,3
2024340NN4712,2024,340NN4712,2,9,0,-1,8,1,5,-1,0,1,0,0,0,0,3,1,-1,9,1,36,7,1781,1,35,VOLKSWAGEN SCIROCCO,4,E01027352,0,1
2024351405466,2024,351405466,1,9,0,-1,19,2,6,-1,0,4,0,9,0,0,1,1,-1,6,1,23,5,1984,1,15,VOLKSWAGEN SCIROCCO,7,E01018127,0,1
2024320377211,2024,320377211,1,9,0,-1,-1,8,6,0,0,3,0,0,0,0,1,1,-1,-1,2,65,9,1390,1,12,VOLKSWAGEN SCIROCCO,-1,-1,0,-1
2024622400586,2024,622400586,1,9,0,18,19,7,3,0,0,8,5,0,1,11,4,1,6,6,1,50,8,1968,2,10,VOLKSWAGEN SCIROCCO,10,W01001727,0,1
2024501492525,2024,501492525,1,9,0,-1,19,3,7,-1,0,0,0,0,0,0,3,1,-1,6,1,27,6,1968,2,12,VOLKSWAGEN SCIROCCO,3,E01019052,0,1
2024201485339,2024,201485339,1,9,0,-1,19,4,4,-1,0,0,0,10,1,0,1,1,-1,6,1,-1,-1,1968,2,16,VOLKSWAGEN SCIROCCO,-1,-1,0,-1
2024131447273,2024,131447273,2,9,0,-1,19,7,3,-1,0,1,0,0,0,0,1,1,-1,6,1,31,6,1968,2,15,VOLKSWAGEN SCIROCCO,1,E01011372,0,1
2024010551014,2024,010551014,2,11,9,99,99,9,9,99,99,9,9,99,9,99,9,9,6,6,1,52,8,-1,3,1,VOLVO BE,6,E01000150,0,1
2024010547549,2024,010547549,1,11,0,9,9,1,7,0,0,8,0,0,0,0,3,1,1,1,1,32,6,-1,3,0,VOLVO BE,3,E01000128,0,2
2024991517276,2024,991517276,1,11,0,-1,4,5,1,-1,0,0,0,0,0,0,0,1,-1,1,1,51,8,-1,3,0,VOLVO BE,-1,-1,0,-1
2024351421002,2024,351421002,1,11,0,-1,15,5,1,-1,0,0,0,0,0,0,4,1,-1,1,1,36,7,-1,3,1,VOLVO BE,1,E01026619,0,5
2024991459559,2024,991459559,2,11,0,-1,19,2,6,-1,0,0,0,0,1,3,1,1,-1,1,1,59,9,-1,3,1,VOLVO BE,3,-1,0,2
2024010512007,2024,010512007,1,11,0,-1,-1,1,5,99,99,1,9,4,0,0,1,1,6,6,1,34,6,-1,3,0,VOLVO BE,8,E01021766,0,3
2024010497493,2024,010497493,1,11,0,5,5,3,7,0,0,1,0,0,0,0,0,1,1,1,1,69,10,-1,3,1,VOLVO BE,7,E01000228,0,1
2024351498696,2024,351498696,2,11,1,-1,19,7,3,-1,0,1,0,11,0,0,4,1,-1,1,1,53,8,-1,3,1,VOLVO BE,10,E01018256,0,1
2024010508975,2024,010508975,1,11,0,7,7,3,5,0,0,1,0,0,0,0,2,1,1,1,3,59,9,-1,3,1,VOLVO BE,4,E01000132,0,1
2024991468902,2024,991468902,3,11,0,-1,2,7,3,-1,0,0,0,0,0,0,2,1,-1,1,1,55,8,-1,3,1,VOLVO BE,-1,-1,0,-1
2024010536930,2024,010536930,1,11,0,4,4,5,1,0,0,0,0,0,0,0,0,1,1,1,1,57,9,-1,3,1,WRIGHTBUS STREETDECK,7,E01002260,0,1
2024010529561,2024,010529561,1,11,0,18,19,5,1,2,2,2,0,0,0,0,0,1,1,1,1,44,7,-1,3,0,WRIGHTBUS STREETDECK,2,E01004537,0,1
2024010518449,2024,010518449,1,11,0,18,19,5,1,0,0,2,0,0,0,0,1,1,1,1,1,59,9,-1,3,1,WRIGHTBUS STREETDECK,2,E01001460,0,2
2024430604985,2024,430604985,1,11,0,9,9,5,3,0,0,2,0,0,0,0,3,1,1,1,1,54,8,-1,3,0,WRIGHTBUS STREETDECK,9,E01028682,0,2
2024131473978,2024,131473978,2,11,0,-1,9,7,3,-1,0,4,0,0,0,0,0,1,-1,1,1,21,5,5132,2,6,WRIGHTBUS STREETDECK,3,E01011333,0,1
2024041518409,2024,041518409,1,11,0,-1,7,6,8,-1,0,0,0,0,0,0,4,1,-1,1,1,56,9,5132,2,6,WRIGHTBUS STREETDECK,1,E01025295,0,1
2024361465657,2024,361465657,1,11,0,-1,20,6,2,-1,2,0,0,0,0,0,4,1,-1,1,1,45,7,-1,3,1,WRIGHTBUS STREETDECK,4,E01026841,0,1
2024122400629,2024,122400629,1,11,0,4,4,6,2,2,2,0,0,0,0,0,4,1,1,1,1,55,8,-1,3,1,WRIGHTBUS STREETDECK,9,E01027619,0,3
2024010531166,2024,010531166,1,11,0,10,10,1,6,0,0,1,0,0,0,0,0,1,1,1,1,43,7,-1,3,1,WRIGHTBUS STREETDECK,5,E01000590,0,1
2024131435723,2024,131435723,2,11,0,-1,19,5,1,-1,0,8,0,0,0,0,1,1,-1,1,2,50,8,5132,2,8,WRIGHTBUS STREETDECK,5,E01035052,0,2
2024010539097,2024,010539097,1,11,0,3,3,7,3,0,0,1,0,0,0,0,2,1,1,1,1,61,9,-1,3,4,WRIGHTBUS STREETDECK,3,E01032743,0,3
2024010516559,2024,010516559,3,11,0,5,5,7,3,2,2,1,0,0,0,0,3,1,1,1,1,54,8,-1,3,1,WRIGHTBUS STREETDECK,8,E01002340,0,1
2024010517480,2024,010517480,1,11,0,5,5,1,5,0,0,2,0,0,0,0,0,1,1,1,1,45,7,-1,3,0,WRIGHTBUS STREETDECK,-1,-1,0,-1
2024010488598,2024,010488598,1,11,0,7,7,5,7,0,0,3,0,0,0,0,4,1,1,1,1,56,9,-1,3,1,WRIGHTBUS STREETDECK,5,E01001648,0,2
2024010550899,2024,010550899,1,11,0,18,19,1,5,0,0,0,0,0,0,0,0,1,1,1,1,53,8,-1,3,3,WRIGHTBUS STREETDECK,5,E01001319,0,3
2024010533521,2024,010533521,2,11,0,18,19,1,5,0,0,1,0,0,0,0,0,1,1,1,1,43,7,5132,2,5,WRIGHTBUS STREETDECK,3,E01003636,0,2
2024010551663,2024,010551663,2,11,0,99,99,9,9,99,99,9,9,99,9,99,2,9,6,6,1,-1,-1,-1,3,0,WRIGHTBUS STREETDECK,3,E01004710,0,2
2024131493147,2024,131493147,2,11,0,-1,19,1,1,-1,0,8,0,0,0,0,1,1,-1,1,2,39,7,5132,2,6,WRIGHTBUS STREETDECK,2,E01011814,0,3
2024371419038,2024,371419038,1,11,0,-1,5,3,7,-1,0,0,0,0,0,0,1,9,-1,1,1,59,9,5132,2,2,WRIGHTBUS STREETDECK,5,E01033448,0,3
2024010543834,2024,010543834,1,11,0,4,4,7,3,0,0,1,0,0,0,0,1,1,1,1,1,55,8,-1,3,1,WRIGHTBUS STREETDECK,1,E01001410,0,1
2024010518414,2024,010518414,1,11,1,4,4,5,1,0,0,0,0,0,0,0,0,1,6,6,1,46,8,-1,3,1,WRIGHTBUS STREETDECK,2,E01003246,0,1
2024010516315,2024,010516315,2,11,0,99,99,9,9,0,0,9,0,99,9,99,9,1,6,6,3,-1,-1,-1,3,1,WRIGHTBUS STREETDECK,-1,-1,0,-1
2024430517545,2024,430517545,1,11,0,5,5,2,6,0,0,0,0,0,0,0,0,1,1,1,1,36,7,-1,3,0,WRIGHTBUS STREETDECK,6,E01028528,0,1
2024141481032,2024,141481032,2,11,0,-1,19,4,8,-1,0,5,0,0,0,0,1,1,-1,1,1,60,9,5132,2,6,WRIGHTBUS STREETDECK,5,E01008099,0,1
2024131431313,2024,131431313,1,11,0,-1,4,8,4,-1,0,0,0,0,0,0,4,1,-1,1,2,24,5,5132,2,6,WRIGHTBUS STREETDECK,3,E01011806,0,4
2024122500317,2024,122500317,1,11,0,18,19,6,2,0,0,8,0,0,0,0,1,1,1,1,1,41,7,-1,3,1,WRIGHTBUS STREETDECK,9,E01013368,0,1
2024361469731,2024,361469731,2,11,0,-1,19,5,1,-1,0,2,0,0,0,0,4,1,-1,1,1,55,8,-1,3,0,WRIGHTBUS STREETDECK,9,E01026543,0,2
2024010547452,2024,010547452,1,11,0,18,19,3,7,0,0,0,0,0,0,0,0,1,1,1,1,46,8,-1,3,2,WRIGHTBUS STREETDECK,4,E01030747,0,3
2024471497513,2024,471497513,1,11,0,-1,5,3,7,-1,0,1,0,0,0,0,4,1,-1,1,1,62,9,5132,2,8,WRIGHTBUS STREETDECK,5,E01016884,0,1
2024010543582,2024,010543582,1,11,0,5,5,5,1,0,0,4,0,0,0,0,0,1,1,1,1,36,7,-1,3,0,WRIGHTBUS STREETDECK,9,E01003478,0,1
2024010535475,2024,010535475,2,11,0,99,99,9,9,99,99,0,9,99,9,99,1,9,6,6,3,-1,-1,-1,3,0,WRIGHTBUS STREETDECK,-1,-1,0,-1
2024010545247,2024,010545247,1,11,0,9,9,5,3,3,2,1,0,0,0,0,1,1,1,1,1,37,7,-1,3,1,WRIGHTBUS STREETDECK,5,E01001085,0,1
2024010537098,2024,010537098,1,11,0,5,5,3,7,0,0,1,0,0,0,0,0,1,1,1,1,63,9,-1,3,3,WRIGHTBUS STREETDECK,2,E01001318,0,3
2024061535745,2024,061535745,2,11,0,-1,19,5,8,-1,0,0,0,0,0,0,1,1,-1,1,1,59,9,5132,2,4,WRIGHTBUS STREETDECK,2,E01006218,0,4
2024010517477,2024,010517477,2,11,0,99,99,9,9,99,99,9,9,99,9,99,9,9,6,6,1,24,5,-1,3,1,WRIGHTBUS STREETDECK,4,E01001646,0,2
2024010517509,2024,010517509,1,11,0,5,5,5,1,0,0,2,0,0,0,0,0,1,1,1,1,37,7,-1,3,0,WRIGHTBUS STREETDECK,2,E01001911,0,1
2024371440775,2024,371440775,2,11,0,-1,19,7,3,-1,0,0,0,0,0,0,1,1,-1,1,1,24,5,5132,2,1,WRIGHTBUS STREETDECK,6,E01030061,0,4
2024131506586,2024,131506586,1,11,0,-1,5,7,3,-1,0,8,0,0,0,0,0,1,-1,1,1,43,7,-1,3,0,WRIGHTBUS STREETDECK,3,E01011286,0,1
2024332400071,2024,332400071,1,11,0,-1,7,8,2,-1,0,5,0,0,7,1,1,1,-1,1,2,51,8,5132,2,8,WRIGHTBUS STREETDECK,4,E01031060,0,4
2024010530305,2024,010530305,1,11,0,18,19,1,5,0,0,1,0,0,0,0,0,1,1,1,1,25,5,-1,3,1,WRIGHTBUS STREETDECK,2,E01002368,0,2
2024131491528,2024,131491528,1,11,0,-1,19,7,5,-1,0,0,0,0,0,0,1,2,-1,9,1,43,7,5132,2,2,WRIGHTBUS STREETDECK,1,E01010817,0,3
2024131414492,2024,131414492,1,11,0,-1,19,1,5,-1,2,0,0,0,0,0,4,1,-1,1,2,60,9,5132,2,6,WRIGHTBUS STREETDECK,10,E01011593,0,2
2024131516883,2024,131516883,1,11,0,-1,19,1,1,-1,0,0,0,0,0,0,1,1,-1,1,1,29,6,-1,3,0,WRIGHTBUS STREETDECK,1,E01032494,0,2
2024131456828,2024,131456828,2,11,0,-1,19,5,1,-1,0,8,0,0,0,0,3,1,-1,1,1,51,8,5132,2,8,WRIGHTBUS STREETDECK,4,E01010598,0,1
2024471462763,2024,471462763,1,11,0,-1,3,5,1,-1,2,0,0,0,0,0,0,1,-1,1,1,-1,-1,5132,2,8,WRIGHTBUS STREETDECK,7,E01016912,0,1
2024010509692,2024,010509692,1,11,0,4,4,5,1,0,0,6,0,0,0,0,0,1,1,1,1,55,8,-1,3,1,WRIGHTBUS STREETDECK,3,E01003656,0,4
2024131394867,2024,131394867,4,11,0,-1,19,1,5,-1,0,0,0,0,0,0,0,1,-1,1,2,39,7,5132,2,6,WRIGHTBUS STREETDECK,3,E01034584,0,3
2024522402037,2024,522402037,2,11,0,18,19,2,6,0,0,2,0,0,0,0,1,1,6,6,1,56,9,5132,2,9,WRIGHTBUS STREETDECK,1,E01014834,0,3
2024010508557,2024,010508557,1,11,0,18,19,5,1,0,0,2,0,0,0,0,0,1,1,1,1,61,9,-1,3,1,WRIGHTBUS STREETDECK,2,E01001971,0,1
2024010549765,2024,010549765,1,11,0,4,4,1,5,0,0,1,0,0,0,0,0,1,1,1,1,52,8,-1,3,1,WRIGHTBUS STREETDECK,3,E01003334,0,2
2024010550459,2024,010550459,1,11,0,5,5,3,7,0,0,8,0,0,0,0,0,1,1,1,1,53,8,-1,3,3,WRIGHTBUS STREETDECK,5,E01001319,0,3
2024471491419,2024,471491419,1,11,0,-1,4,3,7,-1,0,0,0,0,0,0,0,1,-1,1,1,28,6,5132,2,7,WRIGHTBUS STREETDECK,8,E01016897,0,2
2024010518278,2024,010518278,1,11,0,18,19,3,7,0,0,0,0,4,0,0,1,1,1,1,1,37,7,-1,3,2,WRIGHTBUS STREETDECK,4,E01004536,0,3
2024520402991,2024,520402991,1,11,0,18,19,2,6,0,0,8,0,0,0,0,4,1,6,6,1,61,9,5132,2,1,WRIGHTBUS STREETDECK,3,E01029117,0,4
2024061417259,2024,061417259,2,11,-1,-1,-1,-1,-1,-1,-1,0,-1,-1,-1,0,-1,9,-1,6,3,-1,-1,5132,2,4,WRIGHTBUS STREETDECK,-1,-1,0,-1
2024131495456,2024,131495456,1,11,0,-1,5,1,5,-1,0,2,0,0,0,0,0,1,-1,1,1,53,8,-1,3,0,WRIGHTBUS STREETDECK,8,E01011945,0,3
2024010526652,2024,010526652,1,11,0,5,5,1,5,0,0,1,0,0,7,0,1,2,1,1,1,21,5,-1,3,1,WRIGHTBUS STREETDECK,2,E01021288,0,4
2024010550128,2024,010550128,1,11,9,4,4,1,5,99,99,9,0,0,0,0,0,9,1,1,1,21,5,-1,3,1,WRIGHTBUS STREETDECK,2,E01000063,0,2
2024010517528,2024,010517528,1,11,0,99,99,9,9,99,99,9,9,99,9,99,0,9,1,1,1,48,8,-1,3,1,WRIGHTBUS STREETDECK,7,E01003753,0,1