collision_index,collision_year,collision_ref_no,vehicle_reference,vehicle_type,towing_and_articulation,vehicle_manoeuvre_historic,vehicle_manoeuvre,vehicle_direction_from,vehicle_direction_to,vehicle_location_restricted_lane_historic,vehicle_location_restricted_lane,junction_location,skidding_and_overturning,hit_object_in_carriageway,vehicle_leaving_carriageway,hit_object_off_carriageway,first_point_of_impact,vehicle_left_hand_drive,journey_purpose_of_driver_historic,journey_purpose_of_driver,sex_of_driver,age_of_driver,age_band_of_driver,engine_capacity_cc,propulsion_code,age_of_vehicle,generic_make_model,driver_imd_decile,lsoa_of_driver,escooter_flag,driver_distance_banding
2024010502999,2024,010502999,1,11,0,9,9,1,6,0,0,8,0,0,0,0,4,1,1,1,1,46,8,-1,3,1,WRIGHTBUS STREETDECK,3,E01003132,0,1
2024061483134,2024,061483134,1,11,0,-1,19,2,6,-1,0,0,0,0,0,0,0,1,-1,1,1,54,8,5132,2,3,WRIGHTBUS STREETDECK,1,E01006361,0,3
2024131517428,2024,131517428,2,11,0,-1,19,3,7,-1,2,0,0,0,0,0,1,1,-1,1,1,36,7,-1,3,0,WRIGHTBUS STREETDECK,3,E01010791,0,3
2024010522954,2024,010522954,1,11,0,99,99,9,9,99,99,9,9,99,9,99,9,9,1,1,1,46,8,5132,2,5,WRIGHTBUS STREETDECK,2,E01004309,0,3
2024361451020,2024,361451020,2,11,0,-1,19,7,3,-1,2,1,0,0,0,0,1,1,-1,2,1,29,6,-1,3,1,WRIGHTBUS STREETDECK,2,E01026791,0,1
2024010548866,2024,010548866,1,11,0,4,4,7,3,0,0,1,0,0,0,0,0,1,1,1,1,27,6,-1,3,1,WRIGHTBUS STREETDECK,6,E01002380,0,3
2024211529827,2024,211529827,2,11,0,-1,8,1,1,-1,0,0,0,0,0,0,4,1,-1,9,1,37,7,5132,2,2,WRIGHTBUS STREETDECK,4,E01029541,0,2
2024141417330,2024,141417330,1,11,0,-1,5,4,8,-1,0,1,0,0,0,0,0,1,-1,1,2,40,7,5132,2,9,WRIGHTBUS STREETDECK,3,E01007337,0,3
2024471454462,2024,471454462,1,11,0,-1,19,2,6,-1,0,0,0,0,0,0,3,1,-1,6,1,25,5,5132,2,9,WRIGHTBUS STREETDECK,3,E01021050,0,3
2024010533751,2024,010533751,1,11,9,99,99,9,9,99,99,9,9,99,9,99,9,1,6,6,3,-1,-1,-1,3,1,WRIGHTBUS STREETDECK,-1,-1,0,-1
2024010530913,2024,010530913,1,11,0,18,19,8,4,0,0,0,0,0,0,0,0,1,6,6,3,-1,-1,5132,2,6,WRIGHTBUS STREETDECK,-1,-1,0,-1
2024010504869,2024,010504869,1,11,0,5,5,5,1,0,0,0,0,0,0,0,0,1,1,1,2,51,8,5132,2,6,WRIGHTBUS STREETDECK,3,E01034139,0,2
2024522401723,2024,522401723,2,11,0,11,11,2,6,0,0,8,0,0,0,0,1,1,1,1,1,57,9,5132,2,8,WRIGHTBUS STREETDECK,1,E01014727,0,2
2024010536694,2024,010536694,1,11,0,5,5,3,7,0,0,1,0,0,0,0,1,1,1,1,2,58,9,-1,3,1,WRIGHTBUS STREETDECK,2,E01003497,0,2
2024010548429,2024,010548429,1,11,0,5,5,0,3,0,0,1,0,0,0,0,0,1,1,1,2,41,7,-1,3,1,WRIGHTBUS STREETDECK,2,E01001147,0,2
2024101509807,2024,101509807,1,11,0,-1,4,3,7,-1,2,0,0,0,0,0,4,1,-1,1,2,27,6,5132,2,7,WRIGHTBUS STREETDECK,2,E01008487,0,3
2024131503621,2024,131503621,1,11,0,-1,19,1,5,-1,0,8,0,0,0,0,0,1,-1,1,1,50,8,5132,2,2,WRIGHTBUS STREETDECK,1,E01010830,0,1
2024052401816,2024,052401816,1,11,0,4,4,3,7,0,0,0,0,0,0,0,1,1,1,1,1,52,8,5132,2,3,WRIGHTBUS STREETDECK,1,E01006729,0,1
2024010490346,2024,010490346,1,11,0,16,19,3,7,0,0,2,0,0,0,0,1,1,1,1,1,68,10,-1,3,1,WRIGHTBUS STREETDECK,3,E01004011,0,1
2024010541296,2024,010541296,1,11,0,99,99,9,9,0,0,0,0,0,0,0,0,1,6,6,3,-1,-1,-1,3,1,WRIGHTBUS STREETDECK,4,E01002704,0,2
2024010505217,2024,010505217,3,11,0,18,19,1,5,0,0,0,0,0,0,0,3,1,1,1,1,58,9,-1,3,1,WRIGHTBUS STREETDECK,4,E01004540,0,3
2024010540373,2024,010540373,1,11,0,18,19,5,1,0,0,0,0,0,0,0,0,1,6,6,1,54,8,-1,3,4,WRIGHTBUS STREETDECK,2,E01001249,0,3
2024131510100,2024,131510100,3,11,0,-1,19,5,1,-1,0,8,0,0,0,0,0,1,-1,1,1,52,8,5132,2,5,WRIGHTBUS STREETDECK,1,E01011735,0,2
2024010539339,2024,010539339,1,11,0,5,5,5,1,2,2,1,0,0,3,0,0,1,1,1,2,36,7,5132,2,6,WRIGHTBUS STREETDECK,-1,-1,0,-1
2024010500262,2024,010500262,1,11,0,7,7,5,7,0,0,8,0,0,0,0,0,1,1,1,3,34,6,-1,3,3,WRIGHTBUS STREETDECK,5,E01001319,0,3
2024010519581,2024,010519581,1,11,0,5,5,7,3,0,0,1,0,0,0,0,0,1,1,1,1,31,6,-1,3,1,WRIGHTBUS STREETDECK,7,E01002261,0,2
2024010512347,2024,010512347,1,11,0,3,3,5,1,0,0,1,0,0,0,0,0,1,1,1,1,59,9,-1,3,1,WRIGHTBUS STREETDECK,6,E01002319,0,1
2024471529286,2024,471529286,2,11,0,-1,19,3,7,-1,0,1,0,0,0,0,1,1,-1,1,1,44,7,5132,2,7,WRIGHTBUS STREETDECK,4,E01016882,0,2
2024471404338,2024,471404338,1,11,0,-1,19,3,7,-1,0,2,0,0,0,0,4,1,-1,1,1,29,6,5132,2,7,WRIGHTBUS STREETDECK,10,E01016930,0,1
2024010543473,2024,010543473,1,11,0,4,4,1,5,0,0,1,0,0,0,0,1,1,1,1,1,60,9,-1,3,0,WRIGHTBUS STREETDECK,4,E01002442,0,4
2024010530411,2024,010530411,1,11,0,9,9,5,2,2,2,8,0,0,0,0,0,1,1,1,1,61,9,5132,2,6,WRIGHTBUS STREETDECK,4,E01003025,0,2
2024361529378,2024,361529378,1,11,0,-1,19,1,5,-1,0,0,0,0,0,0,0,1,-1,1,1,33,6,-1,3,1,WRIGHTBUS STREETDECK,4,E01026864,0,1
2024010541994,2024,010541994,1,11,0,5,5,0,5,0,0,2,0,0,0,0,0,1,1,1,1,63,9,-1,3,1,WRIGHTBUS STREETDECK,8,E01002340,0,2
2024131528744,2024,131528744,2,11,0,-1,19,6,3,-1,2,0,0,0,0,0,0,1,-1,9,1,41,7,-1,3,0,WRIGHTBUS STREETDECK,1,E01011735,0,1
2024010531126,2024,010531126,1,11,0,18,19,3,7,0,0,8,0,0,0,0,1,1,1,1,1,56,9,-1,3,3,WRIGHTBUS STREETDECK,4,E01001243,0,1
2024122401178,2024,122401178,1,11,0,9,9,7,5,0,0,8,0,0,0,0,4,1,1,1,3,-1,-1,-1,3,1,WRIGHTBUS STREETDECK,-1,-1,0,-1
2024471435677,2024,471435677,1,11,0,-1,5,5,1,-1,2,1,0,0,0,0,0,1,-1,6,1,46,8,5132,2,7,WRIGHTBUS STREETDECK,1,E01016866,0,1
2024122401228,2024,122401228,1,11,0,18,19,6,3,0,0,8,0,0,0,0,0,1,1,1,3,-1,-1,-1,3,1,WRIGHTBUS STREETDECK,-1,-1,0,-1
2024061513725,2024,061513725,2,11,0,-1,2,4,8,-1,0,0,0,0,0,0,4,1,-1,1,1,25,5,5132,2,4,WRIGHTBUS STREETDECK,1,E01004811,0,3
2024471471703,2024,471471703,1,11,0,-1,19,7,3,-1,0,0,0,0,0,0,2,1,-1,1,1,51,8,5132,2,9,WRIGHTBUS STREETDECK,6,E01016968,0,1
2024010524482,2024,010524482,1,11,0,99,99,9,9,99,99,9,9,99,9,99,9,1,6,6,2,44,7,-1,3,1,WRIGHTBUS STREETDECK,3,E01033914,0,1
2024010546590,2024,010546590,1,11,0,18,19,1,5,0,0,1,0,0,0,0,0,1,1,1,1,19,4,5132,2,5,WRIGHTBUS STREETDECK,2,E01001850,0,1
2024131520101,2024,131520101,2,11,0,-1,2,0,0,-1,0,0,0,0,0,0,2,1,-1,2,1,48,8,5132,2,6,WRIGHTBUS STREETDECK,1,E01011621,0,2
2024471520739,2024,471520739,2,11,0,-1,20,0,0,-1,0,0,0,0,0,0,0,9,-1,6,1,23,5,5132,2,9,WRIGHTBUS STREETDECK,8,E01031707,0,3
2024430388523,2024,430388523,2,11,0,18,19,3,7,0,0,0,0,0,0,0,1,1,1,1,1,59,9,-1,3,0,WRIGHTBUS STREETDECK,9,E01028610,0,3
2024131436424,2024,131436424,1,11,0,-1,-1,-1,-1,-1,-1,0,-1,-1,-1,-1,-1,1,-1,6,3,-1,-1,5132,2,5,WRIGHTBUS STREETDECK,-1,-1,0,-1
2024371515696,2024,371515696,1,11,0,-1,5,4,2,-1,0,0,0,0,0,0,0,1,-1,6,1,64,9,5132,2,2,WRIGHTBUS STREETDECK,6,E01030198,0,2
2024131398044,2024,131398044,2,11,0,-1,19,3,7,-1,0,2,0,0,0,0,1,1,-1,1,2,60,9,5132,2,5,WRIGHTBUS STREETDECK,10,E01011593,0,2
2024131461105,2024,131461105,1,11,0,-1,2,0,0,-1,0,8,0,0,0,0,3,1,-1,1,1,58,9,5132,2,5,WRIGHTBUS STREETDECK,8,E01011459,0,2
2024010538107,2024,010538107,1,11,0,3,3,5,1,3,2,0,0,0,0,0,0,1,1,1,1,38,7,-1,3,1,WRIGHTBUS STREETDECK,4,E01003716,0,1
2024010541964,2024,010541964,2,11,0,18,19,1,5,0,0,1,0,0,0,0,1,1,1,1,1,58,9,-1,3,1,WRIGHTBUS STREETDECK,8,E01000190,0,2
2024061448517,2024,061448517,2,11,-1,-1,-1,-1,-1,-1,-1,0,-1,-1,-1,0,-1,9,-1,1,3,-1,-1,5132,2,5,WRIGHTBUS STREETDECK,-1,-1,0,-1
2024010511863,2024,010511863,1,11,0,5,5,3,7,0,0,0,0,0,0,0,0,1,1,1,1,52,8,-1,3,2,WRIGHTBUS STREETDECK,4,E01002591,0,1
2024010520277,2024,010520277,1,11,0,5,5,1,5,8,6,0,0,0,0,0,0,1,6,6,1,56,9,-1,3,1,WRIGHTBUS STREETDECK,4,E01001463,0,2
2024211531226,2024,211531226,2,3,0,-1,19,8,4,-1,0,8,0,0,0,0,1,1,-1,6,1,23,5,124,1,13,MAKE AND MODEL REDACTED,-1,-1,0,-1
2024010504206,2024,010504206,1,3,9,99,99,9,9,99,99,0,9,99,9,99,9,1,2,2,2,33,6,124,1,11,MAKE AND MODEL REDACTED,3,E01003594,0,2
2024010513653,2024,010513653,1,3,0,14,14,3,7,0,0,8,0,0,0,0,3,1,2,2,1,28,6,124,1,13,MAKE AND MODEL REDACTED,2,E01003557,0,2
2024501472457,2024,501472457,1,3,0,-1,19,1,8,-1,0,8,1,0,0,0,4,1,-1,9,1,24,5,124,1,13,MAKE AND MODEL REDACTED,1,E01015146,0,1
2024201497853,2024,201497853,2,3,0,-1,19,5,1,-1,0,1,0,0,0,0,4,1,-1,6,1,33,6,124,1,10,MAKE AND MODEL REDACTED,2,E01034931,0,1
2024471437110,2024,471437110,1,3,0,-1,19,6,2,-1,9,0,0,0,0,0,1,1,-1,6,3,-1,-1,124,1,12,MAKE AND MODEL REDACTED,-1,-1,0,-1
2024440049607,2024,440049607,1,3,0,18,19,5,1,0,0,2,1,0,0,0,1,1,2,2,1,29,6,124,1,13,MAKE AND MODEL REDACTED,2,E01034060,0,1
2024031430947,2024,031430947,1,3,0,-1,12,3,7,-1,0,0,2,11,1,0,1,1,-1,9,1,54,8,124,1,10,MAKE AND MODEL REDACTED,-1,-1,0,-1
2024361428209,2024,361428209,2,3,0,-1,5,2,6,-1,0,4,0,0,0,0,4,1,-1,2,1,26,6,124,1,11,MAKE AND MODEL REDACTED,4,E01026784,0,3
2024991399111,2024,991399111,1,5,0,-1,19,2,8,-1,0,0,1,0,0,0,4,1,-1,9,1,42,7,750,1,14,MAKE AND MODEL REDACTED,-1,-1,0,-1
2024371445207,2024,371445207,1,5,0,-1,19,3,7,-1,0,0,2,0,7,4,1,1,-1,9,1,39,7,896,1,4,MAKE AND MODEL REDACTED,7,E01030069,0,4
2024421514453,2024,421514453,1,3,0,-1,13,1,5,-1,0,1,1,10,0,0,4,1,-1,6,1,32,6,750,1,15,MAKE AND MODEL REDACTED,4,E01015927,0,1
2024010533240,2024,010533240,1,5,0,7,7,3,4,0,0,4,0,0,0,0,1,1,6,6,1,28,6,750,1,14,MAKE AND MODEL REDACTED,5,E01002744,0,3
2024471463111,2024,471463111,1,5,0,-1,3,3,7,-1,0,0,0,0,0,0,4,1,-1,9,1,24,5,750,1,15,MAKE AND MODEL REDACTED,8,E01020948,0,2
2024141524590,2024,141524590,1,5,0,-1,13,4,1,-1,0,1,0,0,0,0,1,1,-1,6,1,34,6,750,1,9,MAKE AND MODEL REDACTED,1,E01011138,0,4
2024991533779,2024,991533779,1,9,0,-1,5,7,2,-1,0,0,0,0,0,0,3,1,-1,9,1,69,10,1997,2,10,CITROEN DS5,3,-1,0,1
2024451394615,2024,451394615,2,9,0,-1,2,0,0,-1,0,0,0,0,0,0,3,1,-1,6,-1,40,7,1997,2,9,CITROEN DS5,-1,-1,0,-1
2024201431251,2024,201431251,1,9,0,-1,10,4,2,-1,0,1,0,0,0,0,2,1,-1,6,1,51,8,1560,2,10,CITROEN DS5,1,E01009746,0,3
2024201448959,2024,201448959,2,9,0,-1,5,6,4,-1,0,5,0,0,0,0,1,9,-1,6,1,42,7,1997,2,12,CITROEN DS5,5,E01010306,0,2
2024161403113,2024,161403113,1,9,0,-1,19,3,7,-1,0,0,0,7,0,0,1,1,-1,2,2,50,8,1997,2,11,CITROEN DS5,9,E01034755,0,2
2024201447285,2024,201447285,3,9,0,-1,2,0,0,-1,0,0,0,4,0,0,2,1,-1,6,-1,-1,-1,1997,2,10,CITROEN DS5,-1,-1,0,-1
202454B979624,2024,54B979624,1,9,0,18,19,5,1,0,0,0,0,0,0,0,1,1,6,6,1,30,6,1560,2,11,CITROEN DS5,9,E01015504,0,1
2024552401211,2024,552401211,1,9,0,18,19,2,6,0,0,0,0,4,0,0,1,1,6,6,2,81,11,1997,2,12,CITROEN DS5,7,E01020428,0,2
2024131526974,2024,131526974,2,9,0,-1,2,0,0,-1,0,0,0,0,0,0,2,1,-1,6,-1,-1,-1,1997,12,12,CITROEN DS5,-1,-1,0,-1
2024311418072,2024,311418072,1,9,0,-1,15,2,6,-1,0,1,0,0,0,0,3,9,-1,2,1,46,8,1997,2,12,CITROEN DS5,8,E01028118,0,2
2024991441324,2024,991441324,1,9,0,-1,19,8,5,-1,0,0,0,0,0,0,1,1,-1,9,1,56,9,1997,2,11,CITROEN DS5,5,-1,0,1
2024211422587,2024,211422587,1,9,0,-1,19,7,3,-1,0,2,0,0,0,0,3,1,-1,2,2,39,7,1997,2,11,CITROEN DS5,-1,-1,0,-1
2024131519688,2024,131519688,2,9,0,-1,19,5,1,-1,0,8,0,0,0,0,1,1,-1,9,1,78,11,1997,2,11,CITROEN DS5,10,E01032504,0,1
2024421480673,2024,421480673,1,9,0,-1,9,1,7,-1,0,8,0,0,0,0,1,1,-1,6,1,65,9,1560,2,10,CITROEN DS5,4,E01021575,0,2
2024622400177,2024,622400177,2,9,0,9,9,8,6,0,0,6,0,0,0,0,1,1,2,2,1,31,6,1997,2,12,CITROEN DS5,2,W01001803,0,1
2024161460665,2024,161460665,1,9,0,-1,19,5,1,-1,0,6,0,11,1,10,1,1,-1,9,2,31,6,1997,2,10,CITROEN DS5,6,E01013125,0,1
2024548352324,2024,548352324,1,9,0,2,2,0,0,0,0,0,0,0,0,0,3,1,6,6,1,29,6,1997,12,12,CITROEN DS5,5,E01015505,0,1
2024010521954,2024,010521954,1,9,0,18,19,5,1,0,0,8,0,0,0,0,4,1,6,6,1,36,7,1997,2,9,CITROEN DS5,6,E01003952,0,1
2024371501949,2024,371501949,2,9,0,-1,2,0,0,-1,0,8,0,0,0,0,3,1,-1,9,1,37,7,1997,2,9,CITROEN DS5,6,E01030186,0,2
2024131428659,2024,131428659,1,2,0,-1,19,7,3,-1,0,8,0,0,0,0,1,1,-1,9,1,16,4,49,1,18,MAKE AND MODEL REDACTED,2,E01011060,0,1
2024430372731,2024,430372731,1,2,0,18,19,2,6,0,0,6,0,0,0,0,1,1,6,6,1,16,4,49,1,20,MAKE AND MODEL REDACTED,4,E01035269,0,1
2024311475264,2024,311475264,2,2,0,-1,19,2,6,-1,0,8,0,0,0,0,1,1,-1,9,1,16,4,49,1,20,MAKE AND MODEL REDACTED,1,E01028320,0,1
2024549517824,2024,549517824,1,5,0,5,5,5,1,0,0,4,0,0,0,0,1,1,6,6,1,19,4,583,1,24,MAKE AND MODEL REDACTED,6,E01034548,0,1
2024311445331,2024,311445331,1,9,0,-1,19,2,6,-1,0,0,1,7,5,0,1,1,-1,6,1,39,7,1591,1,12,HYUNDAI IX20,6,E01013928,0,1
2024471451025,2024,471451025,2,9,0,-1,19,3,7,-1,0,1,1,0,0,0,4,1,-1,9,2,28,6,1396,1,10,HYUNDAI IX20,5,E01031806,0,1
2024421449006,2024,421449006,1,9,0,-1,9,4,1,-1,0,6,0,0,0,0,1,1,-1,9,2,78,11,1591,1,7,HYUNDAI IX20,4,E01021984,0,1
2024421412232,2024,421412232,1,9,0,-1,19,1,5,-1,0,0,0,0,0,0,3,1,-1,9,2,24,5,1591,1,10,HYUNDAI IX20,3,E01034354,0,1
2024211501524,2024,211501524,1,9,0,-1,19,8,4,-1,0,0,0,0,0,0,1,1,-1,6,3,20,4,1582,2,12,HYUNDAI IX20,-1,-1,0,-1
2024070941260,2024,070941260,1,9,0,-1,9,3,1,-1,0,8,0,0,0,0,1,1,-1,9,2,19,4,1591,1,5,HYUNDAI IX20,7,E01018448,0,1
2024471534748,2024,471534748,1,9,0,-1,9,7,3,-1,0,5,5,0,0,0,4,1,-1,6,2,84,11,1591,1,13,HYUNDAI IX20,5,E01031786,0,1
2024141407863,2024,141407863,1,9,0,-1,8,7,3,-1,0,0,0,0,0,0,2,1,-1,9,1,66,10,1396,1,8,HYUNDAI IX20,4,E01008161,0,3
2024471521656,2024,471521656,1,9,0,-1,19,3,7,-1,0,1,0,0,0,0,1,1,-1,9,1,88,11,1591,1,5,HYUNDAI IX20,7,E01031399,0,1
2024070126931,2024,070126931,1,9,0,12,12,7,7,0,0,0,0,0,0,0,0,1,6,6,3,-1,-1,1396,1,9,HYUNDAI IX20,4,E01005910,0,4
2024471415166,2024,471415166,1,9,0,-1,9,1,3,-1,0,2,0,0,0,0,1,9,-1,6,2,34,6,1396,2,14,HYUNDAI IX20,6,E01034816,0,1
2024520403419,2024,520403419,1,9,0,17,19,4,8,0,0,0,0,0,1,4,1,1,6,6,1,91,11,1591,1,5,HYUNDAI IX20,7,E01029147,0,2
2024131423973,2024,131423973,1,9,0,-1,19,5,1,-1,0,8,0,0,0,0,3,1,-1,9,1,60,9,1591,1,6,HYUNDAI IX20,9,E01011513,0,1
2024061490240,2024,061490240,2,9,0,-1,7,-1,-1,-1,0,0,0,99,0,0,0,1,-1,6,2,-1,-1,1591,1,10,HYUNDAI IX20,-1,-1,0,-1
2024320761073,2024,320761073,2,9,0,-1,-1,8,4,0,0,8,0,0,0,0,4,1,6,6,2,25,5,1396,1,7,HYUNDAI IX20,-1,-1,0,-1
202417M204824,2024,17M204824,1,9,0,4,4,6,2,0,0,0,0,0,0,0,2,1,6,6,2,41,7,1396,1,13,HYUNDAI IX20,9,E01012297,0,2
2024552401445,2024,552401445,1,9,0,9,9,2,1,0,0,5,0,0,0,0,1,1,6,6,2,84,11,1591,1,11,HYUNDAI IX20,7,E01020357,0,1
2024161469811,2024,161469811,1,9,0,-1,8,8,2,-1,4,8,0,0,0,0,3,1,-1,9,2,48,8,1396,1,7,HYUNDAI IX20,7,E01012818,0,1
2024141512091,2024,141512091,1,9,0,-1,9,7,4,-1,0,1,5,0,0,0,4,1,-1,6,1,57,9,1591,1,10,HYUNDAI IX20,1,E01008083,0,3
2024221527736,2024,221527736,2,9,0,-1,19,4,8,-1,0,0,0,11,0,0,1,9,-1,9,1,75,10,1396,1,11,HYUNDAI IX20,9,E01032451,0,4
2024501481085,2024,501481085,1,9,0,-1,9,6,4,-1,0,6,0,0,0,0,3,1,-1,9,2,35,6,1396,1,13,HYUNDAI IX20,7,E01033294,0,2
2024430492835,2024,430492835,1,9,0,18,19,2,6,0,0,4,1,0,0,0,1,1,6,6,1,25,5,1396,2,14,HYUNDAI IX20,2,E01015754,0,4
2024622500009,2024,622500009,2,9,0,3,3,4,8,0,0,4,0,0,0,0,3,1,6,6,1,62,9,1396,1,11,HYUNDAI IX20,10,W01001894,0,2
2024461563775,2024,461563775,2,9,0,-1,19,2,2,-1,0,1,0,0,0,0,2,1,-1,1,2,58,9,1591,1,9,HYUNDAI IX20,3,E01024392,0,1
2024991473032,2024,991473032,1,9,0,-1,9,8,5,-1,0,2,0,0,0,0,1,1,-1,6,1,39,7,1582,2,10,HYUNDAI IX20,2,-1,0,3
2024031470207,2024,031470207,1,9,0,-1,15,4,6,-1,0,0,0,0,0,0,3,1,-1,9,1,63,9,1591,1,5,HYUNDAI IX20,-1,-1,0,-1
2024547955524,2024,547955524,1,9,0,18,19,1,5,0,0,8,5,0,0,0,1,1,6,6,2,57,9,1591,1,13,HYUNDAI IX20,4,E01023077,0,4
2024041468695,2024,041468695,2,9,0,-1,19,3,7,-1,0,1,0,0,0,0,3,1,-1,1,2,51,8,1396,1,7,HYUNDAI IX20,3,E01012587,0,1
2024131527077,2024,131527077,2,9,0,-1,19,1,5,-1,0,8,0,0,0,0,1,1,-1,6,2,77,11,1591,1,10,HYUNDAI IX20,9,E01011377,0,1
2024421533768,2024,421533768,2,9,0,-1,19,7,3,-1,0,4,0,0,0,0,3,1,-1,9,2,45,7,1591,1,7,HYUNDAI IX20,3,E01021490,0,2
2024010550292,2024,010550292,2,9,0,9,9,3,2,0,0,2,0,0,0,0,1,1,1,1,1,55,8,1591,1,11,HYUNDAI IX20,4,E01033745,0,2
2024320736409,2024,320736409,3,9,0,8,8,3,4,0,0,1,0,0,0,0,0,1,6,6,2,77,11,1591,1,5,HYUNDAI IX20,4,E01026016,0,1
2024430612841,2024,430612841,1,9,0,9,9,7,5,0,0,5,0,0,0,0,1,1,2,2,1,37,7,1582,2,12,HYUNDAI IX20,9,E01017914,0,1
2024141465420,2024,141465420,1,9,0,-1,9,2,8,-1,0,1,0,0,0,0,1,1,-1,6,1,68,10,1396,1,12,HYUNDAI IX20,3,E01007449,0,1
2024141457323,2024,141457323,1,9,0,-1,19,1,5,-1,0,0,0,0,0,0,1,9,-1,6,1,65,9,1396,1,8,HYUNDAI IX20,10,E01008146,0,2
2024430265913,2024,430265913,3,9,0,16,19,2,6,0,0,8,0,0,0,0,3,1,6,6,1,56,9,1582,2,12,HYUNDAI IX20,4,E01028471,0,1
2024451409607,2024,451409607,1,9,0,-1,19,3,7,-1,0,0,0,0,0,0,1,1,-1,2,2,65,9,1591,1,9,HYUNDAI IX20,6,E01030336,0,1
2024421397340,2024,421397340,2,9,0,-1,19,3,1,-1,0,0,0,0,0,0,1,1,-1,9,2,81,11,1591,1,6,HYUNDAI IX20,6,E01021448,0,2
2024141449974,2024,141449974,1,9,0,-1,19,3,7,-1,0,8,0,0,0,0,4,1,-1,9,2,54,8,1396,1,9,HYUNDAI IX20,2,E01007326,0,1
2024041492650,2024,041492650,1,9,0,-1,19,7,7,-1,9,2,5,0,0,0,1,1,-1,9,1,70,10,1591,1,10,HYUNDAI IX20,3,E01012740,0,1
2024430355133,2024,430355133,1,9,0,9,9,5,3,0,0,5,0,0,0,0,1,1,6,6,1,43,7,1591,1,13,HYUNDAI IX20,6,E01016393,0,1
2024531442374,2024,531442374,1,9,0,-1,19,1,5,-1,0,0,0,0,0,0,1,1,-1,6,2,50,8,1591,1,12,HYUNDAI IX20,2,E01022324,0,2
2024471461723,2024,471461723,2,9,0,-1,19,3,8,-1,0,0,5,0,7,0,3,1,-1,9,2,64,9,1396,1,8,HYUNDAI IX20,2,E01021183,0,1
2024991411245,2024,991411245,1,9,0,-1,19,1,5,-1,0,0,0,0,0,0,1,1,-1,9,1,57,9,1396,1,6,HYUNDAI IX20,7,E01011645,0,5
2024010497712,2024,010497712,1,9,0,5,5,5,1,0,0,8,0,0,0,0,1,1,6,6,1,37,7,1591,1,10,HYUNDAI IX20,5,E01003740,0,2
2024111513848,2024,111513848,1,9,0,-1,19,7,3,-1,0,2,0,0,0,0,3,1,-1,6,1,30,6,1396,2,14,HYUNDAI IX20,1,E01014246,0,5
2024041515880,2024,041515880,2,9,0,-1,19,5,1,-1,0,0,0,0,0,0,1,1,-1,2,2,72,10,1396,1,8,HYUNDAI IX20,7,E01025048,0,4
2024520403212,2024,520403212,1,9,0,16,19,1,5,0,0,0,0,0,7,11,1,1,6,6,1,84,11,1591,1,8,HYUNDAI IX20,6,E01029135,0,1
2024201429945,2024,201429945,1,9,0,-1,19,1,8,-1,0,6,0,0,0,0,1,1,-1,6,2,33,6,1396,1,13,HYUNDAI IX20,2,E01009954,0,2
2024201499680,2024,201499680,2,9,0,-1,19,5,1,-1,0,4,0,0,0,0,1,1,-1,9,2,41,7,1396,1,11,HYUNDAI IX20,3,E01009884,0,2
2024430347104,2024,430347104,1,9,0,5,5,-1,-1,0,0,0,0,6,0,6,1,1,6,6,1,43,7,1591,1,10,HYUNDAI IX20,-1,-1,0,-1
2024010508032,2024,010508032,1,9,0,99,99,9,9,99,99,9,9,99,9,99,9,9,6,6,2,66,10,1396,1,11,HYUNDAI IX20,6,E01021464,0,4
2024461482869,2024,461482869,1,9,0,-1,19,6,4,-1,0,0,0,0,0,0,1,9,-1,6,2,69,10,1591,1,13,HYUNDAI IX20,7,E01024236,0,1
2024421525629,2024,421525629,2,9,0,-1,19,3,7,-1,0,8,0,0,1,0,1,1,-1,6,1,78,11,1591,1,5,HYUNDAI IX20,9,E01021479,0,2
2024461409146,2024,461409146,3,9,0,-1,2,0,0,-1,9,0,0,4,0,0,2,1,-1,6,2,49,8,1591,1,8,HYUNDAI IX20,-1,-1,0,-1
2024010531450,2024,010531450,1,9,0,18,19,8,4,0,0,0,0,0,0,0,1,1,6,6,2,20,4,1591,1,12,HYUNDAI IX20,2,E01002872,0,1
2024421397970,2024,421397970,2,9,0,-1,2,0,0,-1,0,0,0,4,1,0,2,1,-1,6,-1,-1,-1,1591,1,5,HYUNDAI IX20,-1,-1,0,-1
2024122500447,2024,122500447,1,9,0,18,19,6,2,0,0,1,0,0,0,0,1,1,6,6,1,64,9,1396,1,7,HYUNDAI IX20,5,E01027829,0,3
2024991508821,2024,991508821,2,9,0,-1,11,1,5,-1,0,1,0,0,0,0,0,1,-1,6,2,41,7,1591,1,8,HYUNDAI IX20,9,-1,0,2
2024010525879,2024,010525879,2,9,0,99,99,9,9,99,99,9,9,99,9,99,9,9,6,6,3,-1,-1,1591,1,10,HYUNDAI IX20,7,E01024433,0,2
2024552400794,2024,552400794,2,9,0,18,19,3,7,0,0,8,0,0,0,0,1,1,6,6,2,68,10,1582,2,8,HYUNDAI IX20,8,E01015297,0,1
202454A271224,2024,54A271224,1,9,0,18,19,1,5,0,0,1,0,0,0,0,1,1,6,6,1,90,11,1582,2,12,HYUNDAI IX20,7,E01032696,0,3