collision_index,collision_year,collision_ref_no,vehicle_reference,vehicle_type,towing_and_articulation,vehicle_manoeuvre_historic,vehicle_manoeuvre,vehicle_direction_from,vehicle_direction_to,vehicle_location_restricted_lane_historic,vehicle_location_restricted_lane,junction_location,skidding_and_overturning,hit_object_in_carriageway,vehicle_leaving_carriageway,hit_object_off_carriageway,first_point_of_impact,vehicle_left_hand_drive,journey_purpose_of_driver_historic,journey_purpose_of_driver,sex_of_driver,age_of_driver,age_band_of_driver,engine_capacity_cc,propulsion_code,age_of_vehicle,generic_make_model,driver_imd_decile,lsoa_of_driver,escooter_flag,driver_distance_banding
2024501538370,2024,501538370,2,9,0,-1,3,5,1,-1,0,0,0,0,0,0,2,1,-1,6,2,71,10,1591,1,5,HYUNDAI IX20,8,E01020240,0,2
2024070732533,2024,070732533,1,9,0,-1,7,3,5,-1,0,1,0,0,0,0,1,1,-1,9,2,44,7,1591,1,11,HYUNDAI IX20,3,E01003983,0,5
2024320431231,2024,320431231,1,9,0,-1,-1,2,6,0,0,0,0,0,0,0,3,1,-1,-1,2,28,6,1396,1,8,HYUNDAI IX20,2,E01026382,0,1
2024221404037,2024,221404037,1,9,0,-1,19,8,4,-1,0,0,0,0,7,4,1,1,-1,6,2,80,11,1591,1,6,HYUNDAI IX20,7,E01032126,0,4
2024231419795,2024,231419795,1,9,0,-1,5,6,2,-1,-1,0,0,0,0,0,4,9,-1,6,1,86,11,1396,1,7,HYUNDAI IX20,3,E01032254,0,1
2024421438419,2024,421438419,2,9,0,-1,3,8,4,-1,0,0,0,0,0,0,2,1,-1,9,1,76,11,1591,1,5,HYUNDAI IX20,7,E01021967,0,1
2024010540179,2024,010540179,1,9,0,18,19,7,3,0,0,1,0,0,0,0,4,1,6,6,2,39,7,1591,1,14,HYUNDAI IX20,2,E01003546,0,2
2024201531583,2024,201531583,4,9,0,-1,19,2,6,-1,0,0,1,0,0,0,0,1,-1,6,2,34,6,1396,1,9,HYUNDAI IX20,1,E01009498,0,1
2024010501780,2024,010501780,2,9,0,99,99,9,9,99,99,9,9,99,9,99,9,9,6,6,3,-1,-1,1591,1,13,HYUNDAI IX20,-1,-1,0,-1
2024122400878,2024,122400878,2,4,0,18,19,4,8,0,0,0,0,0,0,0,1,1,6,6,1,29,6,125,1,15,MAKE AND MODEL REDACTED,10,E01013351,0,3
2024340NN3522,2024,340NN3522,2,3,0,-1,19,1,5,-1,0,8,1,0,1,0,4,1,-1,9,1,18,4,125,1,11,MAKE AND MODEL REDACTED,6,E01027047,0,1
2024010534026,2024,010534026,1,9,0,2,2,0,0,0,0,0,0,0,0,0,2,1,6,6,3,-1,-1,1591,1,12,KIA CEED,-1,-1,0,-1
2024161479397,2024,161479397,1,9,0,-1,19,1,5,-1,0,8,1,0,0,0,3,1,-1,6,1,41,7,1582,2,11,KIA CEED,8,E01016584,0,5
2024052401021,2024,052401021,2,9,0,18,19,3,7,0,0,0,0,0,1,11,1,1,6,6,1,51,8,1582,2,9,KIA CEED,1,E01034834,0,1
2024440191265,2024,440191265,1,9,0,9,9,4,2,0,0,8,0,0,0,0,3,1,6,6,2,72,10,1591,1,14,KIA CEED,1,E01017120,0,1
2024311469836,2024,311469836,1,9,0,-1,19,1,5,-1,0,0,0,0,0,0,1,1,-1,6,1,61,9,1582,2,9,KIA CEED,2,E01028053,0,1
202417S309224,2024,17S309224,2,9,0,-1,19,3,7,-1,0,1,0,0,0,0,1,1,-1,6,1,49,8,998,1,4,KIA CEED,9,E01012231,0,1
2024141434653,2024,141434653,1,9,0,-1,19,2,6,-1,0,4,0,0,0,0,1,1,-1,6,2,51,8,1582,2,16,KIA CEED,6,E01007724,0,2
2024440017070,2024,440017070,2,9,0,18,19,4,8,0,0,8,0,0,0,0,1,1,6,6,2,70,10,1582,2,10,KIA CEED,2,E01017089,0,1
2024451495138,2024,451495138,2,9,0,-1,19,7,3,-1,99,0,0,0,0,0,1,1,-1,6,3,-1,-1,1582,2,14,KIA CEED,-1,-1,0,-1
2024501504164,2024,501504164,1,9,0,-1,19,7,3,-1,0,0,5,0,1,0,2,1,-1,9,1,60,9,1582,2,15,KIA CEED,4,E01018881,0,5
2024991454064,2024,991454064,1,9,0,-1,9,4,2,-1,0,5,0,0,0,0,1,1,-1,9,1,42,7,1582,2,6,KIA CEED,9,-1,0,1
2024201478499,2024,201478499,3,9,0,-1,19,3,7,-1,0,2,0,0,0,0,1,1,-1,6,2,32,6,1582,2,12,KIA CEED,2,E01010535,0,1
2024531423374,2024,531423374,1,9,0,-1,9,3,7,-1,0,8,0,0,0,0,4,1,-1,2,2,38,7,998,1,5,KIA CEED,10,E01015014,0,4
2024631424657,2024,631424657,3,9,0,-1,2,0,0,-1,9,0,0,0,0,0,4,1,-1,6,-1,-1,-1,1591,1,10,KIA CEED,-1,-1,0,-1
2024041431984,2024,041431984,1,9,0,-1,6,3,1,-1,0,0,0,0,0,0,1,1,-1,7,2,56,9,1582,2,12,KIA CEED,1,E01025139,0,1
2024320662195,2024,320662195,2,9,0,3,3,4,8,0,0,0,0,0,0,0,1,1,-1,-1,2,24,5,1582,2,6,KIA CEED,4,E01026253,0,4
2024311408637,2024,311408637,2,9,0,-1,2,5,1,-1,0,0,0,0,0,0,3,1,-1,6,3,-1,-1,998,1,5,KIA CEED,-1,-1,0,-1
2024991546403,2024,991546403,1,9,0,-1,12,1,5,-1,0,0,1,11,0,0,1,2,-1,9,2,75,10,1396,1,8,KIA CEED,6,-1,0,1
2024041399451,2024,041399451,1,9,0,-1,9,5,1,-1,0,8,0,0,0,0,1,1,-1,9,2,62,9,1582,2,8,KIA CEED,9,E01025533,0,1
2024221399998,2024,221399998,2,9,0,-1,3,4,8,-1,0,0,0,0,0,0,2,9,-1,6,1,20,4,998,1,2,KIA CEED,6,E01014088,0,1
2024211448646,2024,211448646,1,9,0,-1,19,1,1,-1,0,6,0,0,0,0,1,1,-1,9,2,59,9,1582,2,13,KIA CEED,3,E01014334,0,1
2024991491504,2024,991491504,1,9,0,-1,19,6,2,-1,0,2,0,0,0,0,1,1,-1,1,1,32,6,1582,2,12,KIA CEED,1,-1,0,3
2024070697038,2024,070697038,1,9,0,18,19,1,5,0,0,0,0,0,2,7,1,1,6,6,1,27,6,1582,2,9,KIA CEED,4,E01005562,0,4
2024991403112,2024,991403112,2,9,0,-1,19,7,3,-1,0,0,0,0,0,0,1,1,-1,2,2,52,8,1582,2,7,KIA CEED,10,-1,0,2
2024610054624,2024,610054624,4,9,0,2,2,0,0,0,0,0,0,0,0,0,2,1,6,6,2,50,8,1396,1,12,KIA CEED,5,W01001373,0,1
2024201514053,2024,201514053,1,9,0,-1,9,4,2,-1,0,3,0,0,0,0,1,1,-1,9,1,30,6,1582,2,16,KIA CEED,-1,-1,0,-1
2024111455441,2024,111455441,2,9,0,-1,19,1,5,-1,0,1,0,0,1,0,4,1,-1,9,2,67,10,1396,1,11,KIA CEED,7,E01020731,0,2
2024161472588,2024,161472588,1,9,0,-1,19,2,6,-1,0,3,0,0,3,0,3,1,-1,6,1,74,10,1591,1,9,KIA CEED,1,E01013218,0,1
2024131398369,2024,131398369,1,9,0,-1,9,1,5,-1,0,1,0,0,0,0,1,1,-1,9,-1,66,10,1582,2,6,KIA CEED,2,E01011017,0,1
2024991426482,2024,991426482,2,9,0,-1,3,5,1,-1,0,0,0,0,0,0,2,1,-1,7,2,17,4,1482,1,1,KIA CEED,2,-1,0,1
2024520402655,2024,520402655,2,9,0,18,19,5,1,0,0,8,0,0,0,0,1,1,6,6,2,38,7,1582,2,13,KIA CEED,6,E01029161,0,2
2024461521253,2024,461521253,3,9,0,-1,3,3,3,-1,0,1,0,0,0,0,3,2,-1,9,2,45,7,1591,1,12,KIA CEED,8,E01024004,0,1
2024991501440,2024,991501440,2,9,0,-1,4,1,5,-1,0,1,0,0,0,0,2,1,-1,9,1,31,6,1598,2,6,KIA CEED,5,-1,0,2
2024201448252,2024,201448252,1,9,0,-1,19,2,6,-1,0,1,0,0,0,0,3,1,-1,6,1,34,6,998,1,8,KIA CEED,7,E01009737,0,2
2024461466219,2024,461466219,2,9,0,-1,3,4,6,-1,0,0,0,0,0,0,2,9,-1,9,1,44,7,1582,2,15,KIA CEED,9,E01024057,0,1
2024052400354,2024,052400354,1,8,0,18,19,8,4,0,0,2,0,0,0,0,1,1,1,1,1,45,7,1598,2,5,KIA CEED,4,E01006641,0,2
2024302400279,2024,302400279,1,9,0,9,9,3,1,0,0,0,0,0,0,0,3,1,6,6,2,38,7,1582,2,11,KIA CEED,2,E01027954,0,3
2024010537368,2024,010537368,1,9,0,18,19,1,5,0,0,1,0,0,0,0,2,2,6,6,2,51,8,1591,1,13,KIA CEED,5,E01004418,0,1
2024461471443,2024,461471443,1,9,0,-1,5,7,3,-1,0,1,0,0,0,0,1,9,-1,6,1,23,5,1598,2,17,KIA CEED,5,E01024495,0,1
2024552401017,2024,552401017,1,9,0,1,1,8,4,0,0,6,0,0,0,0,2,1,6,6,2,38,7,1582,2,8,KIA CEED,8,E01015394,0,1
2024122400849,2024,122400849,1,9,0,9,9,2,6,0,0,6,1,0,0,0,2,1,6,6,1,77,11,1582,2,7,KIA CEED,9,E01013426,0,1
2024411509793,2024,411509793,1,9,0,-1,19,1,5,-1,0,1,0,0,0,0,1,1,-1,6,1,36,7,1582,2,8,KIA CEED,5,E01023369,0,1
2024552400183,2024,552400183,2,9,0,3,3,5,1,0,0,0,0,0,0,0,2,1,6,6,2,63,9,1582,2,6,KIA CEED,7,E01015418,0,4
2024131495926,2024,131495926,1,9,0,-1,19,1,5,-1,0,0,0,0,0,0,1,1,-1,6,3,-1,-1,1582,2,14,KIA CEED,-1,-1,0,-1
2024010495066,2024,010495066,1,9,0,99,99,9,9,99,99,9,9,99,9,99,1,9,6,6,1,-1,-1,1582,2,8,KIA CEED,-1,-1,0,-1
2024010530149,2024,010530149,1,9,9,13,13,3,7,0,0,2,0,0,0,0,9,9,6,6,1,-1,-1,1582,2,13,KIA CEED,-1,-1,0,-1
2024991505132,2024,991505132,1,9,0,-1,5,3,5,-1,0,6,0,0,0,0,2,1,-1,9,2,45,7,998,1,3,KIA CEED,2,-1,0,1
2024041421989,2024,041421989,1,9,0,-1,19,3,7,-1,0,0,0,0,0,0,2,1,-1,7,2,38,7,1582,2,11,KIA CEED,8,E01012583,0,1
2024010542338,2024,010542338,1,9,0,99,99,9,9,99,99,9,9,99,9,99,9,9,6,6,1,40,7,1591,1,11,KIA CEED,3,E01000226,0,1
2024461467650,2024,461467650,1,9,0,-1,19,6,5,-1,0,0,0,0,0,0,4,9,-1,9,2,52,8,1591,1,16,KIA CEED,5,E01032800,0,1
2024311453303,2024,311453303,2,9,0,-1,5,7,3,-1,0,0,0,0,0,0,1,1,-1,6,2,67,10,998,1,4,KIA CEED,9,E01028119,0,1
2024302401602,2024,302401602,2,9,0,4,4,5,8,0,0,1,0,0,0,0,2,1,6,6,2,33,6,1482,1,3,KIA CEED,1,E01019761,0,1
2024351493591,2024,351493591,3,9,0,-1,4,5,1,-1,0,0,0,0,0,0,2,1,-1,6,2,62,9,1582,2,8,KIA CEED,9,E01018199,0,3
2024411539064,2024,411539064,1,9,0,-1,19,5,1,-1,0,8,0,0,0,0,1,1,-1,6,1,44,7,1582,2,8,KIA CEED,6,E01000265,0,3
2024430244874,2024,430244874,2,9,0,3,3,5,1,0,0,0,0,0,0,0,2,1,6,6,2,63,9,1582,2,12,KIA CEED,5,E01028498,0,2
2024122400967,2024,122400967,3,9,0,18,19,8,4,0,0,1,0,4,0,0,1,1,6,6,1,75,10,1482,1,2,KIA CEED,5,E01020723,0,4
2024131505927,2024,131505927,1,9,0,-1,19,1,1,-1,0,5,0,0,0,0,1,1,-1,9,2,44,7,1582,2,7,KIA CEED,1,E01011375,0,1
2024991433944,2024,991433944,1,9,0,-1,19,3,8,-1,0,8,0,0,0,0,1,1,-1,9,2,39,7,998,1,4,KIA CEED,1,-1,0,1
2024610040224,2024,610040224,1,9,0,3,3,8,4,0,0,0,0,0,0,0,2,1,6,6,2,22,5,1482,1,1,KIA CEED,9,W01001340,0,1
2024052400314,2024,052400314,1,9,0,18,19,5,2,0,0,1,0,0,0,0,1,1,6,6,2,22,5,1582,2,12,KIA CEED,1,E01024875,0,4
2024451421389,2024,451421389,1,9,0,-1,19,1,5,-1,0,3,1,9,3,2,1,1,-1,9,1,51,8,1582,2,13,KIA CEED,5,E01030484,0,3
2024320390827,2024,320390827,2,9,0,3,3,2,6,0,0,0,0,0,0,0,1,1,6,6,2,40,7,1582,2,8,KIA CEED,-1,-1,0,-1
2024311436360,2024,311436360,2,9,0,-1,19,1,2,-1,0,0,0,0,0,0,1,1,-1,9,1,43,7,1582,2,12,KIA CEED,-1,-1,0,-1
2024010507710,2024,010507710,3,9,0,2,2,0,0,0,0,1,0,0,0,0,2,1,6,6,3,-1,-1,1591,1,16,KIA CEED,-1,-1,0,-1
2024440074237,2024,440074237,2,9,0,18,19,8,4,0,0,0,0,0,0,0,1,1,6,6,1,63,9,1582,2,14,KIA CEED,4,E01017125,0,2
2024522402380,2024,522402380,2,9,0,18,19,6,2,0,0,1,0,0,0,0,1,1,6,6,1,61,9,1582,2,10,KIA CEED,7,E01014900,0,1
2024401488923,2024,401488923,2,9,0,-1,-1,-1,-1,-1,-1,0,-1,-1,-1,0,2,9,-1,9,1,47,8,998,1,4,KIA CEED,10,E01007929,0,5
2024061413026,2024,061413026,1,9,0,-1,19,5,1,-1,0,1,0,0,0,0,4,1,-1,9,2,66,10,1582,2,9,KIA CEED,-1,-1,0,-1
2024461438418,2024,461438418,2,9,0,-1,2,0,0,-1,0,0,0,4,0,0,2,1,-1,6,-1,-1,-1,1482,1,0,KIA CEED,-1,-1,0,-1
2024052401179,2024,052401179,2,9,0,2,2,0,0,0,0,0,0,0,0,0,2,1,6,6,3,-1,-1,998,1,4,KIA CEED,-1,-1,0,-1
2024451528008,2024,451528008,2,9,0,-1,19,1,5,-1,0,0,0,0,0,0,1,9,-1,6,1,20,4,1582,2,7,KIA CEED,10,E01030489,0,1
2024411423066,2024,411423066,1,9,0,-1,3,1,5,-1,0,1,0,0,0,0,1,1,-1,6,1,51,8,1598,2,5,KIA CEED,7,E01023544,0,1
2024122400531,2024,122400531,2,9,0,18,19,6,2,0,0,1,0,0,0,0,1,1,2,2,1,44,7,1582,2,13,KIA CEED,10,E01013381,0,1
2024311509256,2024,311509256,2,9,0,-1,19,7,2,-1,0,0,0,0,0,0,1,1,-1,6,1,37,7,1591,1,6,KIA CEED,2,E01013499,0,3
2024991492513,2024,991492513,1,9,0,-1,5,3,1,-1,0,4,0,0,0,0,1,1,-1,1,1,42,7,1482,1,0,KIA CEED,1,-1,0,2
2024010537938,2024,010537938,1,9,0,99,99,9,9,99,99,9,9,99,9,99,9,9,6,6,3,-1,-1,1582,2,7,KIA CEED,-1,-1,0,-1
2024501409121,2024,501409121,2,9,0,-1,19,7,3,-1,0,8,0,0,0,0,1,1,-1,2,2,50,8,1582,2,17,KIA CEED,2,E01034867,0,1
2024131503075,2024,131503075,2,9,0,-1,4,1,1,-1,0,1,0,0,0,0,3,1,-1,6,1,39,7,1582,2,11,KIA CEED,1,E01011059,0,2
2024211485874,2024,211485874,1,9,0,-1,19,7,3,-1,0,0,0,0,0,0,1,1,-1,6,1,23,5,1396,1,16,KIA CEED,6,E01029814,0,1
2024991404829,2024,991404829,2,9,0,-1,19,1,5,-1,0,0,0,7,0,0,1,1,-1,2,2,64,9,1591,1,15,KIA CEED,4,-1,0,2
2024991518089,2024,991518089,1,9,0,-1,19,4,1,-1,0,0,2,0,1,0,4,1,-1,9,1,18,4,1396,1,15,KIA CEED,1,-1,0,2
2024010544211,2024,010544211,1,9,0,4,4,1,5,0,0,0,0,8,0,0,4,1,6,6,1,28,6,1598,2,5,KIA CEED,4,E01034616,0,1
2024052400317,2024,052400317,2,9,0,4,4,5,1,0,0,0,0,0,0,0,2,1,6,6,2,28,6,1396,1,11,KIA CEED,2,E01006845,0,2
2024131512604,2024,131512604,1,9,0,-1,11,5,1,-1,0,0,0,0,0,0,4,1,-1,9,1,78,11,1396,1,9,KIA CEED,8,E01011207,0,4
202454A087424,2024,54A087424,1,9,0,18,19,2,6,0,0,1,0,0,0,0,1,1,6,6,1,-1,-1,1582,2,13,KIA CEED,7,E01029162,0,4
2024320588691,2024,320588691,2,9,0,4,4,2,6,0,0,1,0,0,0,0,2,1,-1,-1,2,44,7,1582,2,6,KIA CEED,6,E01026331,0,4
2024010491621,2024,010491621,1,9,0,17,19,5,1,0,0,0,0,0,0,0,1,1,6,6,1,55,8,1580,8,4,KIA CEED,7,E01002127,0,2
2024010551775,2024,010551775,1,9,0,99,99,9,9,99,99,9,0,99,9,99,9,9,6,6,3,-1,-1,1353,1,6,KIA CEED,-1,-1,0,-1
2024991431970,2024,991431970,1,9,0,-1,10,2,8,-1,0,7,0,0,0,0,2,1,-1,6,2,31,6,1353,1,5,KIA CEED,-1,-1,0,-1
2024201496688,2024,201496688,1,9,0,-1,9,8,6,-1,0,5,0,0,0,0,1,9,-1,6,2,24,5,1582,2,6,KIA CEED,1,E01008938,0,1
2024010515230,2024,010515230,1,9,0,99,99,9,9,99,99,9,9,99,9,99,1,9,6,6,2,27,6,1591,1,14,KIA CEED,4,E01001737,0,2
2024131516455,2024,131516455,1,9,0,-1,19,3,7,-1,0,0,0,0,0,0,2,1,-1,6,2,60,9,1396,2,8,KIA CEED,4,E01010865,0,1
2024522401606,2024,522401606,1,9,0,4,4,8,4,0,0,1,0,0,0,0,2,1,6,6,1,44,7,1582,2,6,KIA CEED,10,E01014963,0,1
2024991513783,2024,991513783,1,9,0,-1,19,4,8,-1,0,0,1,0,1,7,1,1,-1,6,1,38,7,1396,1,13,KIA CEED,3,-1,0,2
2024311513233,2024,311513233,3,9,0,-1,9,8,5,-1,0,6,0,0,1,0,3,1,-1,2,2,36,7,1482,1,2,KIA CEED,3,E01033778,0,1
2024201471330,2024,201471330,1,9,0,-1,19,4,1,-1,0,8,0,0,0,0,1,1,-1,9,1,43,7,998,1,6,KIA CEED,10,E01009853,0,1
2024052401398,2024,052401398,1,9,0,18,19,3,7,0,0,2,0,0,0,0,1,1,6,6,1,48,8,998,1,5,KIA CEED,3,E01006878,0,1
2024411480566,2024,411480566,1,9,0,-1,19,3,7,-1,0,0,0,0,0,0,1,9,-1,9,2,41,7,1582,2,9,KIA CEED,5,E01023922,0,1
2024010529206,2024,010529206,1,9,0,9,9,7,6,0,0,1,0,0,0,0,1,1,6,6,1,28,6,1591,1,13,KIA CEED,8,E01000123,0,2
2024311429797,2024,311429797,2,9,0,-1,2,0,0,-1,-1,0,0,4,0,0,3,1,-1,6,-1,-1,-1,998,1,3,KIA CEED,-1,-1,0,-1
2024332400623,2024,332400623,3,9,0,-1,19,4,8,-1,0,0,0,0,0,0,2,1,-1,2,1,54,8,1482,1,0,KIA CEED,7,E01025819,0,3
2024041505410,2024,041505410,1,9,0,-1,19,1,5,-1,0,0,0,0,0,0,2,1,-1,6,-1,-1,-1,1582,2,13,KIA CEED,-1,-1,0,-1
2024141423092,2024,141423092,1,9,0,-1,5,5,1,-1,0,1,0,0,0,0,1,9,-1,9,1,47,8,1482,1,1,KIA CEED,1,E01007946,0,1
2024320675695,2024,320675695,1,9,0,-1,-1,3,7,0,0,2,0,0,0,0,1,1,6,6,2,45,7,1591,1,8,KIA CEED,-1,-1,0,-1
2024991440312,2024,991440312,1,9,0,-1,5,1,5,-1,0,0,0,0,0,0,1,1,-1,2,1,33,6,1482,1,2,KIA CEED,1,-1,0,1
2024631422247,2024,631422247,1,9,0,-1,19,8,4,-1,0,0,0,4,0,0,1,1,-1,6,1,56,9,1582,2,8,KIA CEED,6,W01000664,0,3
2024501399671,2024,501399671,3,9,0,-1,2,0,0,-1,0,0,0,0,0,0,2,9,-1,6,1,40,7,1396,1,10,KIA CEED,3,E01015069,0,1
2024541621224,2024,541621224,2,9,0,18,19,5,1,0,0,4,0,0,0,0,2,1,6,6,2,49,8,1482,1,2,KIA CEED,9,E01031931,0,3
2024440367788,2024,440367788,2,9,0,18,19,1,5,0,0,1,0,0,0,0,1,1,6,6,1,-1,-1,1582,2,11,KIA CEED,7,E01022825,0,2
2024211497495,2024,211497495,1,9,0,-1,19,8,4,-1,9,2,1,0,7,0,1,1,-1,9,1,24,5,1396,1,14,KIA CEED,7,E01029728,0,2
2024010515082,2024,010515082,1,9,0,18,19,1,5,0,0,8,0,0,0,0,3,1,6,6,2,47,8,1396,2,8,KIA CEED,-1,-1,0,-1
2024991490726,2024,991490726,1,9,0,-1,9,5,3,-1,0,4,0,0,0,0,3,1,-1,7,2,66,10,1482,1,0,KIA CEED,10,-1,0,2
2024411471129,2024,411471129,1,9,0,-1,19,3,8,-1,0,1,1,0,0,0,1,1,-1,9,1,62,9,1591,1,16,KIA CEED,3,E01023756,0,1
2024161467087,2024,161467087,1,9,0,-1,19,7,3,-1,0,1,0,0,0,0,1,1,-1,9,1,29,6,1591,1,14,KIA CEED,1,E01012845,0,1
2024440101835,2024,440101835,2,9,0,9,9,3,8,0,0,6,0,0,0,0,1,1,6,6,1,-1,-1,1582,2,14,KIA CEED,3,E01017078,0,1
2024070849713,2024,070849713,2,9,0,-1,19,3,7,-1,0,8,0,0,0,0,0,1,-1,6,2,45,7,1582,2,11,KIA CEED,8,-1,0,5
2024302500132,2024,302500132,2,9,0,-1,19,3,7,-1,0,0,0,0,1,0,1,1,-1,2,2,44,7,1353,1,6,KIA CEED,8,E01019596,0,2
2024361467437,2024,361467437,1,9,0,-1,19,8,5,-1,0,0,1,0,1,4,4,1,-1,9,1,75,10,1582,2,14,KIA CEED,8,E01026450,0,2
2024531500466,2024,531500466,1,9,0,-1,19,6,1,-1,0,8,0,0,0,0,3,1,-1,9,1,58,9,1582,2,15,KIA CEED,3,E01022132,0,1
2024201470211,2024,201470211,2,9,0,-1,2,0,0,-1,0,0,0,0,0,0,2,1,-1,9,1,37,7,1396,1,10,KIA CEED,3,E01008950,0,2
2024421416186,2024,421416186,1,9,0,-1,19,2,6,-1,0,0,0,0,0,0,1,1,-1,9,1,19,4,1591,1,15,KIA CEED,6,E01029874,0,4
2024991433514,2024,991433514,1,9,0,-1,9,1,6,-1,0,1,0,0,1,0,1,1,-1,6,1,19,4,1582,2,9,KIA CEED,7,-1,0,2
2024320668232,2024,320668232,2,9,0,-1,-1,8,4,0,0,8,0,0,0,0,1,1,-1,-1,1,22,5,1482,1,3,KIA CEED,2,E01026142,0,2
2024122500070,2024,122500070,3,9,0,10,10,1,7,0,0,1,0,0,0,0,1,1,6,6,2,30,6,1482,1,1,KIA CEED,8,E01027603,0,2
2024440133847,2024,440133847,2,9,0,18,19,7,3,0,0,0,0,0,0,0,1,1,6,6,1,60,9,1582,2,13,KIA CEED,4,E01023121,0,1
2024221504867,2024,221504867,2,9,0,-1,7,1,3,-1,0,5,0,0,1,0,4,9,-1,6,2,53,8,998,1,3,KIA CEED,10,E01032155,0,2
2024622400308,2024,622400308,2,9,0,2,2,0,0,0,0,0,0,0,0,0,3,1,6,6,3,-1,-1,1582,2,11,KIA CEED,-1,-1,0,-1
2024991436675,2024,991436675,1,9,0,-1,19,6,2,-1,0,0,0,0,0,0,1,1,-1,9,1,25,5,1591,1,10,KIA CEED,10,-1,0,1
2024471436550,2024,471436550,1,9,0,-1,9,2,8,-1,0,8,0,0,0,0,1,1,-1,2,1,33,6,1582,2,11,KIA CEED,3,E01024795,0,3
2024111500293,2024,111500293,2,9,0,-1,19,1,5,-1,0,1,1,10,7,0,4,1,-1,1,1,23,5,1582,2,16,KIA CEED,4,E01020812,0,1
2024131499166,2024,131499166,2,9,0,-1,14,8,4,-1,0,0,0,0,0,0,3,1,-1,9,2,40,7,998,1,2,KIA CEED,5,E01010857,0,2
2024302400520,2024,302400520,1,9,0,9,9,1,7,0,0,8,0,0,0,0,1,1,6,6,2,41,7,998,1,6,KIA CEED,2,E01032879,0,5
2024010538459,2024,010538459,2,9,0,99,99,9,9,99,99,9,9,99,9,99,0,9,6,6,3,-1,-1,1396,1,11,KIA CEED,3,E01034039,0,1
2024451533269,2024,451533269,1,9,0,-1,9,1,7,-1,0,6,0,0,0,0,3,1,-1,9,1,72,10,1396,1,14,KIA CEED,10,E01030355,0,1
2024552400640,2024,552400640,2,9,0,8,8,6,2,0,0,1,0,0,0,0,2,1,6,6,2,34,6,1582,2,10,KIA CEED,9,E01020416,0,2
2024371480491,2024,371480491,2,9,0,-1,2,0,0,-1,9,1,0,0,0,0,1,1,-1,9,1,22,5,1582,2,14,KIA CEED,1,E01026598,0,3
2024332400292,2024,332400292,1,9,0,-1,19,3,7,-1,0,8,0,0,0,0,2,1,-1,9,2,26,6,1482,1,1,KIA CEED,4,E01034012,0,1
2024052400423,2024,052400423,2,9,0,18,19,2,6,0,0,8,0,0,0,0,3,1,6,6,2,44,7,1591,1,11,KIA CEED,5,E01006665,0,1
2024070651731,2024,070651731,1,9,0,18,19,4,8,0,0,0,0,0,1,4,1,1,2,2,1,53,8,1582,2,6,KIA CEED,6,E01006166,0,3
2024991483229,2024,991483229,1,9,0,-1,19,8,4,-1,0,0,5,0,2,0,1,1,-1,9,1,75,10,1582,2,15,KIA CEED,7,-1,0,2
2024061478793,2024,061478793,1,9,0,-1,19,7,3,-1,0,1,0,0,0,0,1,1,-1,6,2,38,7,1582,2,11,KIA CEED,3,E01006035,0,2
2024461462945,2024,461462945,2,8,0,-1,19,1,5,-1,0,8,0,11,0,0,2,1,-1,1,1,36,7,998,1,3,KIA CEED,7,E01024780,0,3
2024451416385,2024,451416385,2,9,0,-1,19,5,1,-1,0,0,1,0,7,0,4,1,-1,2,2,27,6,1396,1,14,KIA CEED,10,E01030958,0,1
2024471422049,2024,471422049,2,9,0,-1,19,8,5,-1,0,1,0,0,0,0,1,1,-1,6,1,34,6,1591,1,9,KIA CEED,6,E01035326,0,2
2024471491152,2024,471491152,2,9,0,-1,9,6,4,-1,0,8,0,0,0,0,4,1,-1,9,1,28,6,1591,1,9,KIA CEED,4,E01031441,0,2
2024552400935,2024,552400935,2,9,0,9,9,3,1,0,0,8,0,0,0,0,4,1,2,2,2,62,9,1591,1,6,KIA CEED,6,E01033283,0,3
2024131467546,2024,131467546,1,9,0,-1,9,1,7,-1,0,8,0,0,0,0,4,1,-1,2,2,24,5,998,1,5,KIA CEED,3,E01011048,0,2
2024070476882,2024,070476882,1,8,0,5,5,5,1,0,0,0,0,0,0,0,0,1,6,6,1,24,5,1582,2,14,KIA CEED,1,E01012546,0,1
202454B775224,2024,54B775224,2,9,0,3,3,3,7,0,0,0,0,0,0,0,3,1,6,6,2,75,10,1582,2,9,KIA CEED,6,E01032037,0,1
2024161508925,2024,161508925,2,9,0,-1,5,7,1,-1,0,8,0,0,0,0,1,1,-1,6,1,44,7,1582,2,9,KIA CEED,1,E01012862,0,1
2024610044424,2024,610044424,2,9,0,14,14,1,5,0,0,1,0,0,0,0,1,1,6,6,1,-1,-1,1582,2,9,KIA CEED,1,W01001633,0,1
2024371440859,2024,371440859,1,9,0,-1,19,3,4,-1,0,0,0,0,0,0,1,1,-1,1,2,30,6,1582,2,13,KIA CEED,7,E01030143,0,1
2024010515678,2024,010515678,2,9,0,99,99,9,9,99,99,0,9,99,9,99,2,9,6,6,3,-1,-1,1591,1,15,KIA CEED,-1,-1,0,-1
2024991421517,2024,991421517,1,9,0,-1,19,2,6,-1,0,2,0,0,0,0,4,1,-1,6,1,47,8,1591,1,12,KIA CEED,4,-1,0,1