collision_index,collision_year,collision_ref_no,vehicle_reference,vehicle_type,towing_and_articulation,vehicle_manoeuvre_historic,vehicle_manoeuvre,vehicle_direction_from,vehicle_direction_to,vehicle_location_restricted_lane_historic,vehicle_location_restricted_lane,junction_location,skidding_and_overturning,hit_object_in_carriageway,vehicle_leaving_carriageway,hit_object_off_carriageway,first_point_of_impact,vehicle_left_hand_drive,journey_purpose_of_driver_historic,journey_purpose_of_driver,sex_of_driver,age_of_driver,age_band_of_driver,engine_capacity_cc,propulsion_code,age_of_vehicle,generic_make_model,driver_imd_decile,lsoa_of_driver,escooter_flag,driver_distance_banding
2024522401488,2024,522401488,2,9,0,3,3,2,6,0,0,0,0,0,0,0,1,1,6,6,1,61,9,1582,2,13,KIA CEED,4,W01001632,0,4
2024010495114,2024,010495114,1,9,0,18,19,3,7,0,0,2,0,10,0,0,3,1,6,6,1,26,6,1591,1,10,KIA CEED,6,E01003741,0,1
2024052400098,2024,052400098,2,9,0,18,19,2,8,0,0,8,0,0,0,0,2,1,1,1,2,-1,-1,1598,2,5,KIA CEED,-1,-1,0,-1
2024401410099,2024,401410099,2,9,0,-1,12,-1,-1,-1,0,3,0,0,0,0,3,9,-1,2,1,39,7,1582,2,10,KIA CEED,2,E01018144,0,3
2024010516085,2024,010516085,1,9,0,99,99,9,9,99,99,9,9,99,9,99,2,9,6,6,2,26,6,1591,1,17,KIA CEED,1,E01001838,0,1
2024010531218,2024,010531218,1,9,0,18,19,1,5,0,0,1,0,0,0,0,2,1,6,6,1,40,7,1591,1,12,KIA CEED,2,E01001767,0,1
2024041511988,2024,041511988,2,9,0,-1,19,3,7,-1,0,1,0,0,3,0,1,2,-1,9,1,76,11,1591,1,12,KIA CEED,8,E01025180,0,2
2024320439352,2024,320439352,2,9,0,9,9,8,7,0,0,5,1,0,7,9,3,1,-1,-1,2,43,7,1591,1,16,KIA CEED,2,E01026700,0,3
2024991462248,2024,991462248,1,9,0,-1,19,7,3,-1,0,0,0,0,0,0,1,1,-1,6,1,63,9,1582,2,9,KIA CEED,-1,-1,0,-1
2024010512218,2024,010512218,1,9,0,18,19,7,3,0,0,2,0,0,0,0,1,1,6,6,1,66,10,1582,2,7,KIA CEED,3,E01003299,0,3
2024361535668,2024,361535668,2,9,0,-1,19,1,5,-1,0,1,0,0,0,0,1,1,-1,9,2,67,10,1582,2,12,KIA CEED,7,E01018271,0,5
2024221398743,2024,221398743,2,9,0,-1,19,6,2,-1,0,8,0,0,0,0,1,1,-1,2,1,70,10,1591,1,10,KIA CEED,6,E01032372,0,1
2024610010324,2024,610010324,1,9,0,3,3,4,8,0,0,7,0,0,0,0,2,1,6,6,2,39,7,998,1,4,KIA CEED,1,W01001668,0,2
2024991439089,2024,991439089,3,9,0,-1,9,1,7,-1,0,1,0,0,0,0,4,1,-1,6,2,25,5,1598,8,3,KIA CEED,10,-1,0,1
2024061442250,2024,061442250,2,9,0,-1,5,3,5,-1,0,0,0,0,0,0,3,1,-1,6,1,-1,-1,1582,2,15,KIA CEED,1,E01005905,0,1
2024131394910,2024,131394910,1,9,0,-1,19,2,2,-1,0,6,0,0,0,0,1,1,-1,9,2,46,8,1598,2,5,KIA CEED,5,E01011352,0,1
2024471427504,2024,471427504,3,9,0,-1,19,4,8,-1,0,2,0,0,0,0,1,1,-1,2,2,47,8,1482,1,2,KIA CEED,7,E01031746,0,2
2024440081223,2024,440081223,1,9,0,18,19,6,2,0,0,1,0,0,0,0,2,1,6,6,2,30,6,1353,1,5,KIA CEED,4,E01016421,0,3
2024311518412,2024,311518412,2,9,0,-1,7,4,6,-1,0,1,0,0,0,0,3,1,-1,9,1,28,6,1396,2,11,KIA CEED,7,E01028080,0,2
2024622400414,2024,622400414,1,9,0,9,9,6,4,0,0,8,0,0,0,0,1,1,6,6,2,18,4,1582,2,11,KIA CEED,7,W01000779,0,1
2024991484259,2024,991484259,1,9,0,-1,2,1,6,-1,0,0,0,0,1,10,1,1,-1,1,1,68,10,998,1,4,KIA CEED,2,-1,0,1
2024221532408,2024,221532408,2,9,0,-1,19,4,1,-1,0,8,0,0,0,0,4,1,-1,6,2,19,4,1582,2,17,KIA CEED,7,E01028862,0,1
2024041487699,2024,041487699,1,9,0,-1,10,3,5,-1,0,0,0,0,3,0,1,1,-1,9,1,41,7,1396,1,16,KIA CEED,1,E01012737,0,1
2024201548384,2024,201548384,3,9,0,-1,4,4,8,-1,0,0,0,0,0,0,2,1,-1,6,-1,20,4,1580,8,4,KIA CEED,-1,-1,0,-1
2024522402702,2024,522402702,1,9,0,4,4,6,2,0,0,6,0,0,0,0,2,1,6,6,2,45,7,1598,8,3,KIA CEED,5,E01014548,0,1
2024610009724,2024,610009724,1,9,0,18,19,2,6,0,0,1,0,0,0,0,1,1,6,6,2,25,5,1582,2,7,KIA CEED,10,W01001427,0,1
2024520402609,2024,520402609,1,9,0,6,6,6,6,0,0,0,0,0,0,0,3,1,6,6,1,74,10,1591,1,17,KIA CEED,4,E01016474,0,5
2024061467636,2024,061467636,1,9,0,-1,19,7,3,-1,0,0,0,0,0,0,4,1,-1,9,1,42,7,1582,2,11,KIA CEED,8,E01006194,0,1
2024501507633,2024,501507633,1,9,0,-1,19,5,1,-1,5,0,0,0,7,11,1,1,-1,6,1,52,8,1598,8,3,KIA CEED,5,E01014059,0,5
2024430293550,2024,430293550,2,9,0,18,19,8,4,0,0,0,0,0,0,0,1,1,6,6,2,35,6,1582,2,12,KIA CEED,3,E01017906,0,1
2024340NN4062,2024,340NN4062,1,9,0,-1,12,5,1,-1,0,0,0,0,6,0,1,1,-1,6,1,51,8,1582,2,13,KIA CEED,3,E01026984,0,2
202454B271224,2024,54B271224,2,9,0,3,3,7,4,0,0,1,0,0,0,0,1,1,6,6,2,35,6,1396,2,7,KIA CEED,8,E01032689,0,3
2024501408098,2024,501408098,1,9,0,-1,19,7,8,-1,0,1,0,0,0,0,1,1,-1,6,2,35,6,1582,2,15,KIA CEED,1,E01015046,0,1
2024351404862,2024,351404862,1,9,0,-1,5,7,3,-1,0,1,0,0,0,0,1,9,-1,6,1,-1,-1,1582,2,10,KIA CEED,10,E01018260,0,1
2024201480290,2024,201480290,3,9,0,-1,19,1,5,-1,0,0,0,0,0,0,2,1,-1,6,1,47,8,1582,2,6,KIA CEED,-1,-1,0,-1
2024122400918,2024,122400918,1,9,0,18,19,6,2,0,0,1,0,0,0,0,1,1,2,2,2,32,6,1582,2,12,KIA CEED,6,E01027873,0,1
2024161488593,2024,161488593,1,9,0,-1,1,7,3,-1,0,2,0,0,0,0,2,1,-1,1,1,63,9,1598,2,5,KIA CEED,8,E01013257,0,1
2024501488070,2024,501488070,2,9,0,-1,19,3,7,-1,0,0,0,0,0,0,1,1,-1,2,2,35,6,1396,1,15,KIA CEED,4,E01020307,0,3
2024141421280,2024,141421280,3,9,0,-1,2,0,0,-1,0,1,0,0,0,0,2,1,-1,6,-1,-1,-1,1582,2,11,KIA CEED,-1,-1,0,-1
2024401510822,2024,401510822,2,9,0,-1,3,1,5,-1,0,0,0,0,0,0,2,1,-1,6,-1,24,5,998,1,5,KIA CEED,9,E01017559,0,2
2024131493652,2024,131493652,2,9,0,-1,19,5,1,-1,0,0,0,0,0,0,3,1,-1,6,1,24,5,1482,1,1,KIA CEED,-1,-1,0,-1
2024430139567,2024,430139567,2,9,0,13,13,3,7,0,0,0,0,0,0,0,4,1,1,1,2,29,6,1582,2,13,KIA CEED,6,E01028575,0,1
2024011416663,2024,011416663,2,9,0,-1,-1,7,3,-1,-1,0,0,0,0,0,2,1,-1,-1,2,46,8,1591,1,14,KIA CEED,5,E01023929,0,4
2024101536304,2024,101536304,1,9,0,-1,5,8,4,-1,0,8,0,0,0,0,1,1,-1,6,1,55,8,1582,2,14,KIA CEED,3,E01008639,0,1
2024332401031,2024,332401031,2,9,0,-1,9,8,6,-1,0,6,0,7,0,0,4,1,-1,9,1,60,9,1582,2,17,KIA CEED,1,E01013638,0,1
2024031417433,2024,031417433,1,9,0,-1,19,1,5,-1,0,0,0,0,0,0,1,1,-1,6,1,46,8,1582,2,11,KIA CEED,-1,-1,0,-1
2024991515556,2024,991515556,1,9,0,-1,9,8,6,-1,0,1,0,0,0,0,1,1,-1,9,2,87,11,1582,2,7,KIA CEED,7,-1,0,1
2024010509849,2024,010509849,2,9,0,99,99,9,9,99,99,9,9,99,9,99,1,9,6,6,3,-1,-1,1591,1,7,KIA CEED,-1,-1,0,-1
2024141503928,2024,141503928,2,9,0,-1,19,5,8,-1,0,1,0,0,0,0,1,9,-1,6,3,-1,-1,1582,2,14,KIA CEED,-1,-1,0,-1
2024122500210,2024,122500210,2,9,0,18,19,2,6,0,0,0,0,0,7,0,1,1,6,6,1,79,11,1582,2,8,KIA CEED,6,E01027790,0,3
2024340WN6482,2024,340WN6482,2,9,0,-1,19,7,3,-1,0,1,0,11,0,0,1,1,-1,2,1,35,6,1582,2,12,KIA CEED,3,E01027240,0,1
2024991490582,2024,991490582,1,9,0,-1,9,7,1,-1,0,4,0,0,0,0,1,1,-1,6,2,55,8,1582,2,10,KIA CEED,7,-1,0,2
2024231495417,2024,231495417,2,9,0,-1,4,4,8,-1,0,0,0,0,0,0,2,1,-1,6,2,33,6,1582,2,8,KIA CEED,8,E01031301,0,1
2024071075221,2024,071075221,4,9,0,-1,3,4,8,-1,0,0,0,0,0,0,2,1,-1,9,1,41,7,1396,2,10,KIA CEED,10,E01018506,0,1
2024461469612,2024,461469612,2,9,0,-1,2,0,0,-1,0,8,0,0,0,0,2,9,-1,9,2,32,6,1582,2,10,KIA CEED,2,E01024108,0,1
2024061438482,2024,061438482,1,9,0,-1,19,1,5,-1,0,1,0,0,0,0,3,1,-1,9,1,28,6,1482,1,1,KIA CEED,1,E01006334,0,1
2024501523726,2024,501523726,2,9,0,-1,19,2,6,-1,0,0,1,10,0,0,1,1,-1,9,2,65,9,1582,2,17,KIA CEED,3,E01034171,0,3
2024041492830,2024,041492830,2,9,0,-1,19,3,3,-1,0,1,0,0,0,0,1,1,-1,9,1,74,10,1582,2,13,KIA CEED,7,E01024999,0,1
2024622400071,2024,622400071,1,9,0,18,19,4,8,0,0,3,0,0,1,4,1,1,6,6,1,28,6,998,1,5,KIA CEED,4,W01001314,0,1
2024010535662,2024,010535662,3,9,0,3,3,3,7,0,0,2,0,0,0,0,3,1,1,1,1,42,7,1582,2,8,KIA CEED,3,E01002408,0,1
2024461469677,2024,461469677,1,9,0,-1,19,4,8,-1,0,6,0,0,0,0,1,9,-1,6,1,38,7,1582,2,9,KIA CEED,2,E01016041,0,1
2024320317282,2024,320317282,1,9,0,-1,-1,4,8,0,0,0,0,0,0,0,3,1,1,1,1,37,7,1482,1,0,KIA CEED,3,E01013233,0,4
2024340WN6022,2024,340WN6022,2,9,0,-1,2,0,0,-1,0,0,0,0,0,0,2,1,-1,9,2,17,4,1482,1,0,KIA CEED,5,E01027017,0,2
2024111405696,2024,111405696,1,8,0,-1,9,3,5,-1,0,8,0,0,0,0,1,1,-1,1,1,42,7,998,1,2,KIA CEED,1,E01020816,0,3
2024302400066,2024,302400066,1,9,0,17,19,2,4,0,0,8,0,0,0,0,1,1,6,6,1,64,9,1582,2,7,KIA CEED,2,E01019505,0,2
2024991481046,2024,991481046,1,9,0,-1,13,4,8,-1,0,1,0,0,0,0,2,1,-1,9,1,73,10,1591,1,8,KIA CEED,9,E01001385,0,5
2024451436011,2024,451436011,1,9,0,-1,3,8,4,-1,99,8,9,0,0,0,3,1,-1,7,2,29,6,1482,1,1,KIA CEED,7,E01030652,0,1
2024371436272,2024,371436272,1,9,0,-1,19,5,1,-1,0,1,0,0,0,0,4,1,-1,6,1,30,6,1396,1,15,KIA CEED,-1,-1,0,-1
2024010504788,2024,010504788,1,9,0,18,19,5,1,0,0,2,0,0,0,0,1,1,6,6,2,42,7,1591,1,11,KIA CEED,8,E01002367,0,1
2024211428633,2024,211428633,1,9,0,-1,1,8,4,-1,0,0,0,0,0,0,2,9,-1,6,3,25,5,998,1,8,KIA CEED,-1,-1,0,-1
2024430337103,2024,430337103,1,9,0,9,9,2,8,0,0,5,0,0,0,0,4,1,2,2,2,38,7,1591,1,10,KIA CEED,9,E01035263,0,1
2024520500220,2024,520500220,1,9,0,18,19,6,1,0,0,0,0,0,0,0,1,1,6,6,1,80,11,1396,1,16,KIA CEED,4,E01029200,0,3
2024332400023,2024,332400023,7,9,0,-1,19,1,5,-1,0,0,0,0,0,0,1,1,-1,2,1,21,5,1582,2,12,KIA CEED,5,E01027158,0,4
2024991423776,2024,991423776,2,9,0,-1,19,3,7,-1,0,1,0,0,0,0,1,1,-1,6,1,37,7,998,1,2,KIA CEED,4,-1,0,1
2024430344297,2024,430344297,2,9,0,2,2,0,0,0,0,0,0,0,1,0,3,1,6,6,3,-1,-1,1580,8,4,KIA CEED,-1,-1,0,-1
2024141435340,2024,141435340,3,9,0,-1,19,5,1,-1,0,0,0,0,0,0,2,9,-1,6,2,34,6,1482,1,1,KIA CEED,9,E01007984,0,2
2024991496762,2024,991496762,1,9,0,-1,19,6,2,-1,0,0,0,0,0,0,3,1,-1,9,2,71,10,1582,2,10,KIA CEED,4,-1,0,1
2024991482252,2024,991482252,2,9,0,-1,9,8,6,-1,0,8,0,0,0,0,1,1,-1,6,1,45,7,1582,2,8,KIA CEED,7,-1,0,4
2024610003324,2024,610003324,1,9,0,18,19,5,1,0,0,4,0,0,0,0,2,1,6,6,2,25,5,1582,2,10,KIA CEED,7,W01001407,0,2
2024201535768,2024,201535768,2,9,0,-1,19,3,7,-1,0,8,0,10,0,0,3,9,-1,9,1,-1,-1,1582,2,12,KIA CEED,-1,-1,0,-1
2024052400561,2024,052400561,1,9,0,18,19,5,1,0,0,2,0,0,0,0,1,1,1,1,1,58,9,1598,2,5,KIA CEED,1,E01006661,0,1
2024141482657,2024,141482657,1,9,0,-1,19,5,1,-1,0,0,0,0,7,4,2,1,-1,2,1,33,6,1582,2,15,KIA CEED,1,E01011080,0,4
2024531441281,2024,531441281,1,9,0,-1,13,3,7,-1,0,1,5,0,7,9,1,1,-1,1,1,49,8,1591,1,11,KIA CEED,3,E01032627,0,4
2024991398675,2024,991398675,1,9,0,-1,19,6,8,-1,0,2,0,0,1,1,3,1,-1,2,1,57,9,1482,1,1,KIA CEED,-1,-1,0,-1
2024371398891,2024,371398891,1,9,0,-1,19,3,7,-1,0,0,1,0,0,0,1,1,-1,1,2,22,5,998,1,5,KIA CEED,6,E01034574,0,1
2024451420609,2024,451420609,1,9,0,-1,19,1,5,-1,0,1,0,0,0,0,4,1,-1,6,1,59,9,1582,2,10,KIA CEED,4,E01030304,0,1
2024010519097,2024,010519097,1,9,0,7,7,1,3,0,0,8,0,0,0,0,4,1,6,6,3,-1,-1,1482,1,1,KIA CEED,-1,-1,0,-1
2024010542697,2024,010542697,2,9,0,6,6,1,1,0,0,0,0,0,0,0,1,1,1,1,1,59,9,1482,1,1,KIA CEED,2,E01001479,0,1
2024302401557,2024,302401557,2,9,0,18,19,4,8,0,0,1,0,0,0,0,4,1,6,6,1,80,11,1591,1,16,KIA CEED,10,E01013544,0,1
2024351535127,2024,351535127,1,9,0,-1,4,1,5,-1,0,1,2,0,1,0,3,1,-1,9,2,24,5,1582,2,16,KIA CEED,3,E01018090,0,3
2024311437832,2024,311437832,2,9,0,-1,3,5,1,-1,0,0,0,0,0,0,2,1,-1,7,1,18,4,1396,2,12,KIA CEED,-1,-1,0,-1
2024351531120,2024,351531120,1,9,0,-1,4,7,3,-1,0,1,0,0,0,0,4,1,-1,7,1,44,7,1582,2,9,KIA CEED,5,E01033121,0,1
2024010508538,2024,010508538,3,9,0,18,19,7,3,0,0,0,0,0,0,0,3,1,6,6,2,76,11,1396,1,14,KIA CEED,2,E01001438,0,1
202460Q181935,2024,60Q181935,1,9,0,18,19,4,8,0,0,3,0,0,0,0,4,1,6,6,1,33,6,1582,2,11,KIA CEED,-1,-1,0,-1
2024010502434,2024,010502434,1,9,0,10,10,4,1,0,0,0,0,0,0,0,3,1,6,6,1,25,5,1591,1,16,KIA CEED,8,E01030900,0,4
2024520402975,2024,520402975,1,9,0,4,4,8,4,0,0,3,0,0,0,0,2,1,6,6,2,72,10,1582,2,13,KIA CEED,4,E01035120,0,1
2024440274113,2024,440274113,1,9,0,3,3,3,7,0,0,8,0,0,0,0,2,1,2,2,1,30,6,1582,2,15,KIA CEED,-1,-1,0,-1
2024451530396,2024,451530396,2,9,0,-1,19,7,3,-1,0,1,0,0,0,0,4,1,-1,9,2,69,10,1591,1,9,KIA CEED,9,E01030761,0,4
2024211488838,2024,211488838,2,9,0,-1,5,5,1,-1,0,0,1,0,0,0,1,1,-1,9,1,32,6,1582,2,7,KIA CEED,-1,-1,0,-1
2024351469931,2024,351469931,2,9,0,-1,19,7,3,-1,0,0,1,0,1,0,3,1,-1,6,2,62,9,1598,2,5,KIA CEED,3,E01018092,0,1
2024320236028,2024,320236028,1,9,0,12,12,4,8,0,0,0,0,0,0,0,1,1,-1,-1,2,33,6,1582,2,13,KIA CEED,1,E01007003,0,5
2024052401727,2024,052401727,1,9,0,18,19,2,6,0,0,0,0,0,0,0,1,1,6,6,2,48,8,1582,2,13,KIA CEED,1,E01006711,0,1
2024031452175,2024,031452175,1,9,0,-1,19,8,4,-1,0,0,0,0,4,0,1,9,-1,9,1,68,10,1582,2,8,KIA CEED,6,E01025122,0,4
2024122400333,2024,122400333,1,9,0,18,19,1,5,0,0,0,1,0,1,0,1,1,6,6,1,58,9,1396,2,7,KIA CEED,4,E01027813,0,2
2024311426767,2024,311426767,1,9,0,-1,7,3,6,-1,0,1,0,0,0,0,3,1,-1,6,1,24,5,1482,1,2,KIA CEED,1,E01013820,0,2
2024351424536,2024,351424536,2,9,0,-1,4,7,1,-1,0,1,0,0,0,0,2,1,-1,9,1,44,7,1582,2,12,KIA CEED,7,E01018057,0,1
2024501418169,2024,501418169,1,9,0,-1,19,5,1,-1,0,1,0,0,0,0,1,1,-1,9,1,28,6,1582,2,8,KIA CEED,3,E01020293,0,1
2024201481994,2024,201481994,2,9,0,-1,2,0,0,-1,0,0,0,0,0,0,2,9,-1,6,1,39,7,1482,1,1,KIA CEED,5,E01009936,0,1
2024201441996,2024,201441996,2,9,0,-1,19,4,8,-1,0,0,0,0,0,0,1,9,-1,1,1,37,7,1582,2,6,KIA CEED,2,E01033642,0,1
2024421482855,2024,421482855,1,9,0,-1,19,1,5,-1,0,0,0,0,0,0,1,1,-1,2,1,28,6,1482,1,1,KIA CEED,2,E01024155,0,4
2024320595493,2024,320595493,1,9,0,-1,-1,4,8,0,0,0,5,0,1,9,1,1,6,6,1,50,8,1582,2,13,KIA CEED,3,E01013164,0,2
2024201518154,2024,201518154,2,9,0,-1,19,1,3,-1,0,0,0,0,0,0,3,9,-1,6,1,37,7,1582,2,6,KIA CEED,2,E01033642,0,1
2024010502785,2024,010502785,2,9,9,99,99,9,9,99,99,9,9,99,9,99,9,9,6,6,2,38,7,1582,2,8,KIA CEED,3,E01003973,0,1
2024531517861,2024,531517861,1,9,0,-1,19,1,5,-1,0,0,1,0,1,9,1,1,-1,1,2,37,7,1591,1,15,KIA CEED,1,E01034792,0,4
202454B741324,2024,54B741324,1,9,0,18,19,4,8,0,0,0,0,0,0,0,1,1,6,6,2,32,6,1582,2,11,KIA CEED,9,E01032711,0,1
2024052402827,2024,052402827,2,9,0,18,19,6,2,0,0,0,0,0,0,0,1,1,1,1,2,-1,-1,1598,2,5,KIA CEED,-1,-1,0,-1
2024461533125,2024,461533125,1,8,0,-1,19,4,1,-1,0,0,1,0,7,0,3,1,-1,9,1,23,5,1598,2,5,KIA CEED,10,E01024349,0,1
2024520401640,2024,520401640,1,9,0,5,5,4,3,0,0,0,0,0,0,0,3,1,6,6,2,48,8,1482,1,1,KIA CEED,6,E01029169,0,1
2024302400390,2024,302400390,2,9,0,4,4,3,7,0,0,1,0,0,0,0,2,1,3,7,2,33,6,1582,2,16,KIA CEED,8,W01001108,0,5
2024991519980,2024,991519980,1,9,0,-1,19,7,4,-1,0,1,0,0,0,0,1,1,-1,9,1,61,9,998,1,2,KIA CEED,-1,-1,0,-1
2024041418196,2024,041418196,1,9,0,-1,9,7,1,-1,0,6,0,0,0,0,1,1,-1,1,1,64,9,1582,2,6,KIA CEED,5,E01024958,0,1
2024471524238,2024,471524238,1,9,0,-1,9,6,5,-1,0,1,0,0,0,0,1,1,-1,7,2,43,7,1353,1,5,KIA CEED,5,E01031611,0,3
2024201529277,2024,201529277,1,9,0,-1,9,-1,-1,-1,0,0,0,0,0,0,3,1,-1,6,1,45,7,1582,2,6,KIA CEED,2,E01009146,0,2
2024351400392,2024,351400392,2,9,0,-1,3,8,4,-1,0,0,0,0,0,0,2,9,-1,2,1,26,6,1582,2,13,KIA CEED,3,E01034568,0,3
2024111419644,2024,111419644,2,9,0,-1,19,4,8,-1,0,0,0,0,0,0,1,1,-1,6,2,36,7,1582,2,13,KIA CEED,3,E01020811,0,1
2024061434964,2024,061434964,1,9,0,-1,19,5,7,-1,0,8,0,0,0,0,1,1,-1,6,2,41,7,1591,1,17,KIA CEED,-1,-1,0,-1
2024070420476,2024,070420476,1,9,0,18,19,8,3,0,0,8,0,0,0,0,4,1,6,6,1,84,11,1353,1,5,KIA CEED,3,E01018747,0,1
2024991527997,2024,991527997,2,9,0,-1,9,2,8,-1,0,1,0,0,0,0,1,1,-1,6,1,34,6,1582,2,14,KIA CEED,2,-1,0,1
2024010507480,2024,010507480,2,9,0,2,2,0,0,0,0,0,0,0,0,0,2,1,6,6,3,-1,-1,1591,1,11,KIA CEED,-1,-1,0,-1
2024302400762,2024,302400762,2,9,0,9,9,3,1,0,0,8,0,0,0,0,0,1,3,7,2,46,8,998,1,4,KIA CEED,10,E01019708,0,1
2024231505528,2024,231505528,1,9,0,-1,19,4,8,-1,0,6,0,0,0,0,1,1,-1,9,1,57,9,1582,2,15,KIA CEED,2,E01009632,0,3
2024361447806,2024,361447806,2,9,0,-1,5,7,3,-1,0,4,0,0,0,0,2,1,-1,9,2,67,10,1591,1,10,KIA CEED,8,E01026473,0,1
2024010520788,2024,010520788,1,9,9,99,99,9,9,99,99,9,9,99,9,99,9,9,6,6,3,-1,-1,1396,1,14,KIA CEED,-1,-1,0,-1
2024141430616,2024,141430616,1,9,0,-1,19,5,1,-1,0,1,0,0,7,0,1,1,-1,2,1,22,5,1582,2,9,KIA CEED,8,E01007612,0,2
2024440182606,2024,440182606,1,9,0,17,19,2,7,0,0,0,0,0,0,0,1,1,6,6,1,35,6,1582,2,14,KIA CEED,-1,-1,0,-1
2024122400563,2024,122400563,1,9,0,18,19,3,7,0,0,1,0,0,1,0,1,1,6,6,1,36,7,1482,1,3,KIA CEED,7,E01013396,0,2
2024430216650,2024,430216650,1,9,0,18,19,4,8,0,0,1,0,0,0,0,1,1,6,6,1,69,10,1591,1,16,KIA CEED,6,E01023848,0,2
2024211502089,2024,211502089,1,9,0,-1,5,6,2,-1,5,1,0,0,0,0,1,1,-1,9,1,38,7,1582,2,16,KIA CEED,1,E01014217,0,1
2024332400150,2024,332400150,1,9,0,-1,19,8,4,-1,0,2,0,0,0,0,1,1,-1,6,2,33,6,1582,2,11,KIA CEED,10,E01025772,0,1
2024471401394,2024,471401394,1,9,0,-1,3,8,-1,-1,0,0,0,0,0,0,1,9,-1,6,1,44,7,1591,1,14,KIA CEED,3,E01016879,0,1
2024991507024,2024,991507024,1,8,0,-1,9,1,7,-1,0,1,0,0,0,0,4,1,-1,1,1,62,9,1582,2,7,KIA CEED,2,-1,0,1
2024061482410,2024,061482410,3,9,0,-1,2,0,0,-1,0,0,0,0,0,0,2,1,-1,6,-1,-1,-1,1582,2,10,KIA CEED,-1,-1,0,-1
2024320188300,2024,320188300,4,9,0,2,2,0,0,0,0,0,0,0,0,0,1,1,6,6,3,-1,-1,1582,2,14,KIA CEED,-1,-1,0,-1
2024010545233,2024,010545233,1,9,0,99,99,9,9,99,99,9,9,99,9,99,2,9,2,2,2,32,6,1482,1,0,KIA CEED,2,E01002615,0,2
2024320078888,2024,320078888,3,9,0,2,2,0,0,0,0,0,0,0,0,0,1,1,6,6,3,-1,-1,1598,2,5,KIA CEED,-1,-1,0,-1
2024421486238,2024,421486238,1,9,0,-1,5,4,2,-1,0,0,0,0,0,0,1,1,-1,9,2,78,11,1591,1,14,KIA CEED,9,E01022061,0,1
2024070929750,2024,070929750,1,9,0,-1,19,1,5,-1,0,1,0,0,0,0,1,1,-1,9,2,56,9,1482,1,2,KIA CEED,4,E01018512,0,2
2024320537384,2024,320537384,3,9,0,8,8,8,4,0,0,1,0,0,0,0,1,1,-1,-1,1,40,7,1591,1,12,KIA CEED,10,E01026324,0,1
2024351505055,2024,351505055,1,9,0,-1,19,2,6,-1,0,1,0,0,7,0,1,1,-1,6,1,38,7,1582,2,10,KIA CEED,1,E01018108,0,1
2024122401220,2024,122401220,3,9,0,18,19,1,5,0,0,0,0,0,0,0,1,1,6,6,1,57,9,1582,2,6,KIA CEED,9,E01027794,0,3
2024361463578,2024,361463578,3,9,0,-1,19,2,8,-1,0,0,0,0,0,0,1,1,-1,9,2,28,6,1582,2,11,KIA CEED,9,E01035145,0,1
2024031493966,2024,031493966,1,9,0,-1,19,7,3,-1,0,0,0,0,0,0,1,1,-1,2,1,49,8,1582,2,9,KIA CEED,1,E01004879,0,4
2024401544249,2024,401544249,2,9,0,-1,4,8,4,-1,0,0,0,0,0,0,2,1,-1,6,2,41,7,1396,1,9,KIA CEED,6,E01016753,0,3
2024991468729,2024,991468729,2,9,0,-1,7,8,2,-1,0,0,0,0,0,0,3,1,-1,1,2,45,7,1482,1,0,KIA CEED,6,-1,0,2
2024311401660,2024,311401660,1,9,0,-1,9,4,5,-1,0,4,0,0,0,0,3,1,-1,9,1,38,7,1591,1,11,KIA CEED,2,E01013834,0,1
2024311513122,2024,311513122,1,9,0,-1,15,5,1,-1,0,0,0,0,1,0,1,1,-1,6,2,35,6,1582,2,14,KIA CEED,-1,-1,0,-1
2024440271109,2024,440271109,2,9,0,9,9,4,2,0,0,6,0,0,0,0,1,1,6,6,2,-1,-1,1591,1,7,KIA CEED,-1,-1,0,-1
2024061495919,2024,061495919,4,9,0,-1,5,6,2,-1,0,0,0,0,0,0,2,1,-1,9,1,55,8,1582,2,8,KIA CEED,1,E01005756,0,1
2024010510220,2024,010510220,1,9,9,99,99,9,9,99,99,9,9,99,9,99,9,9,6,6,1,30,6,1591,1,15,KIA CEED,2,E01001196,0,1
2024531500445,2024,531500445,1,9,0,-1,19,2,4,-1,0,8,0,0,0,0,1,1,-1,2,1,35,6,1582,2,11,KIA CEED,3,E01022159,0,1
2024631464526,2024,631464526,1,9,0,-1,19,4,8,-1,0,0,0,0,0,0,1,1,-1,6,1,37,7,1582,2,14,KIA CEED,2,W01000729,0,1
2024061403411,2024,061403411,2,9,0,-1,12,1,5,-1,0,0,0,0,0,0,3,1,-1,1,1,33,6,1582,2,8,KIA CEED,-1,-1,0,-1
2024622400458,2024,622400458,1,9,0,18,19,2,6,0,0,4,0,0,0,0,0,1,6,6,3,-1,-1,1582,2,17,KIA CEED,-1,-1,0,-1
2024471488504,2024,471488504,2,9,0,-1,7,1,3,-1,0,1,0,0,0,0,4,1,-1,6,1,62,9,1582,2,14,KIA CEED,7,E01017004,0,1
2024332401071,2024,332401071,1,9,0,-1,19,5,1,-1,0,8,0,0,0,0,4,1,-1,9,1,78,11,1482,1,0,KIA CEED,7,E01025664,0,1