collision_index,collision_year,collision_ref_no,vehicle_reference,vehicle_type,towing_and_articulation,vehicle_manoeuvre_historic,vehicle_manoeuvre,vehicle_direction_from,vehicle_direction_to,vehicle_location_restricted_lane_historic,vehicle_location_restricted_lane,junction_location,skidding_and_overturning,hit_object_in_carriageway,vehicle_leaving_carriageway,hit_object_off_carriageway,first_point_of_impact,vehicle_left_hand_drive,journey_purpose_of_driver_historic,journey_purpose_of_driver,sex_of_driver,age_of_driver,age_band_of_driver,engine_capacity_cc,propulsion_code,age_of_vehicle,generic_make_model,driver_imd_decile,lsoa_of_driver,escooter_flag,driver_distance_banding
2024141400712,2024,141400712,1,9,0,-1,19,4,8,-1,0,0,0,0,0,0,2,1,-1,9,1,20,4,1598,2,5,KIA CEED,2,E01007855,0,1
2024010515250,2024,010515250,2,9,0,18,19,6,2,0,0,0,0,0,0,0,1,1,6,6,1,70,10,1591,1,9,KIA CEED,-1,-1,0,-1
2024031497985,2024,031497985,1,9,0,-1,9,7,3,-1,0,8,0,0,0,0,4,1,-1,7,2,38,7,1353,1,6,KIA CEED,10,E01019368,0,1
2024991459577,2024,991459577,2,9,0,-1,19,7,3,-1,0,0,5,0,0,0,4,1,-1,1,2,64,9,1482,1,0,KIA CEED,6,-1,0,2
2024320134903,2024,320134903,1,9,0,-1,-1,4,8,0,0,4,0,0,0,0,1,1,-1,-1,2,55,8,1582,2,11,KIA CEED,6,E01026159,0,2
2024361542332,2024,361542332,1,9,0,-1,19,8,4,-1,0,0,0,0,0,0,1,1,-1,9,2,94,11,1582,2,10,KIA CEED,7,E01026421,0,2
2024351471096,2024,351471096,1,9,0,-1,4,1,8,-1,0,1,0,0,0,0,3,1,-1,9,1,91,11,1591,1,12,KIA CEED,10,E01022075,0,3
2024141511377,2024,141511377,1,9,0,-1,19,4,8,-1,0,8,0,0,0,0,2,1,-1,9,1,46,8,1582,2,14,KIA CEED,2,E01007525,0,1
2024070566282,2024,070566282,1,9,0,18,19,2,6,0,0,0,0,0,0,0,1,1,1,1,2,48,8,998,1,2,KIA CEED,3,E01018401,0,3
2024211432712,2024,211432712,1,9,0,-1,19,4,8,-1,0,1,0,0,0,0,1,1,-1,6,1,25,5,1582,2,10,KIA CEED,2,E01014322,0,3
2024520402862,2024,520402862,1,9,0,18,19,1,5,0,0,0,0,4,0,0,4,1,6,6,1,67,10,1482,1,1,KIA CEED,3,E01032635,0,1
2024631477481,2024,631477481,1,9,0,-1,19,3,7,-1,0,8,0,0,0,0,4,1,-1,9,1,61,9,1582,2,11,KIA CEED,3,W01000688,0,1
2024131534944,2024,131534944,2,9,0,-1,19,7,1,-1,0,1,0,0,0,0,1,1,-1,6,2,44,7,1582,2,10,KIA CEED,6,E01010588,0,1
2024031442309,2024,031442309,1,8,0,-1,9,5,6,-1,0,8,0,0,0,0,4,1,-1,1,1,-1,-1,1482,1,0,KIA CEED,-1,-1,0,-1
2024351502467,2024,351502467,5,9,0,-1,19,3,7,-1,0,0,0,0,0,0,1,1,-1,6,-1,-1,-1,1482,1,0,KIA CEED,-1,-1,0,-1
2024991477099,2024,991477099,1,9,0,-1,19,6,3,-1,0,0,0,0,0,0,1,1,-1,6,1,54,8,1582,2,12,KIA CEED,-1,-1,0,-1
2024041481133,2024,041481133,2,9,0,-1,19,8,4,-1,0,8,0,0,0,0,4,1,-1,6,2,20,4,1396,1,15,KIA CEED,2,E01006307,0,3
2024361447784,2024,361447784,2,9,0,-1,3,8,4,-1,0,0,0,0,0,0,2,1,-1,6,1,55,8,1582,2,14,KIA CEED,8,E01018137,0,4
2024131432842,2024,131432842,3,9,0,-1,19,5,1,-1,0,0,0,0,0,0,0,1,-1,9,1,44,7,1582,2,8,KIA CEED,10,E01013059,0,4
2024041424228,2024,041424228,1,9,0,-1,19,5,1,-1,0,1,0,0,0,0,1,9,-1,6,3,-1,-1,1582,2,16,KIA CEED,-1,-1,0,-1
2024991425286,2024,991425286,2,9,0,-1,19,3,7,-1,0,0,1,4,1,7,1,1,-1,6,1,43,7,1582,2,13,KIA CEED,-1,-1,0,-1
2024131453937,2024,131453937,1,9,0,-1,6,8,6,-1,0,0,0,0,0,0,1,1,-1,6,2,43,7,1591,1,14,KIA CEED,1,E01010821,0,1
2024631419977,2024,631419977,1,9,0,-1,1,7,3,-1,9,1,0,0,0,0,2,1,-1,6,2,33,6,1582,2,11,KIA CEED,5,W01000546,0,1
2024052401247,2024,052401247,1,9,0,18,19,5,1,0,0,0,0,0,0,0,1,1,6,6,1,31,6,1591,1,11,KIA CEED,1,E01006632,0,2
2024041425094,2024,041425094,1,9,0,-1,19,5,1,-1,0,8,0,0,0,0,1,1,-1,6,1,41,7,1582,2,10,KIA CEED,1,E01034335,0,1
2024522403400,2024,522403400,1,9,0,9,9,4,1,0,0,5,0,0,0,0,4,1,6,6,1,45,7,1598,2,4,KIA CEED,4,E01014958,0,2
2024440529007,2024,440529007,1,9,0,18,19,7,3,0,0,0,0,0,0,0,3,1,6,6,1,-1,-1,1396,2,11,KIA CEED,-1,-1,0,-1
2024131490981,2024,131490981,2,9,0,-1,19,4,8,-1,0,1,0,0,0,0,1,1,-1,6,2,63,9,998,1,5,KIA CEED,4,E01007329,0,1
2024031440941,2024,031440941,1,9,0,-1,19,6,2,-1,0,0,0,0,0,0,1,1,-1,9,2,57,9,1582,2,6,KIA CEED,3,E01019210,0,1
2024421518056,2024,421518056,1,9,0,-1,4,5,1,-1,0,0,0,0,0,0,1,1,-1,6,1,-1,-1,1591,1,10,KIA CEED,-1,-1,0,-1
2024451485679,2024,451485679,2,9,0,-1,5,3,7,-1,0,1,0,99,0,0,1,1,-1,6,1,32,6,1582,2,12,KIA CEED,-1,-1,0,-1
202417S309624,2024,17S309624,1,9,0,-1,7,6,1,-1,0,4,0,0,0,0,1,1,-1,6,1,-1,-1,1582,2,12,KIA CEED,-1,-1,0,-1
2024070982147,2024,070982147,1,9,0,-1,19,1,5,-1,0,2,0,0,0,0,1,-1,-1,6,1,53,8,1396,2,7,KIA CEED,2,E01029763,0,2
2024061433225,2024,061433225,1,9,0,-1,19,1,5,-1,0,1,0,0,0,0,2,1,-1,6,1,49,8,1582,2,13,KIA CEED,1,E01005376,0,1
2024340NN0732,2024,340NN0732,1,9,0,-1,14,1,5,-1,0,0,0,4,0,0,4,1,-1,9,1,85,11,1582,2,11,KIA CEED,4,E01027091,0,1
2024131428664,2024,131428664,1,9,0,-1,19,5,1,-1,0,1,0,0,0,0,1,1,-1,9,2,47,8,1582,2,12,KIA CEED,4,E01011545,0,2
2024221462134,2024,221462134,2,9,0,-1,19,1,4,-1,0,4,0,0,0,0,1,9,-1,6,3,47,8,1582,2,16,KIA CEED,-1,-1,0,-1
2024991426217,2024,991426217,2,9,0,-1,19,2,6,-1,0,1,0,0,0,0,1,1,-1,6,1,48,8,1582,2,8,KIA CEED,-1,-1,0,-1
202460Q188034,2024,60Q188034,1,8,0,5,5,3,7,0,0,0,0,0,0,0,4,1,6,6,1,-1,-1,1598,8,3,KIA CEED,-1,-1,0,-1
2024311441245,2024,311441245,1,9,0,-1,6,8,1,-1,0,1,0,0,0,0,3,1,-1,6,2,63,9,1582,2,10,KIA CEED,3,E01028166,0,1
2024101524002,2024,101524002,1,9,0,-1,10,3,8,-1,0,5,0,0,0,0,3,1,-1,9,2,46,8,1482,1,1,KIA CEED,1,E01027422,0,1
2024991428084,2024,991428084,2,9,0,-1,19,2,6,-1,0,4,0,0,0,0,2,1,-1,9,2,42,7,998,1,7,KIA CEED,7,-1,0,3
2024010563901,2024,010563901,2,9,9,99,99,9,9,99,99,9,9,99,9,99,9,9,6,6,3,-1,-1,1353,1,5,KIA CEED,-1,-1,0,-1
2024421455350,2024,421455350,1,9,0,-1,5,1,1,-1,0,6,0,0,0,0,1,1,-1,9,2,33,6,1582,2,6,KIA CEED,-1,-1,0,-1
2024440514435,2024,440514435,2,9,0,4,4,2,6,0,0,1,0,0,0,0,2,1,6,6,1,52,8,1582,2,17,KIA CEED,4,E01031980,0,4
2024211517969,2024,211517969,1,9,0,-1,5,7,3,-1,9,0,0,0,0,0,2,1,-1,1,2,56,9,1582,2,9,KIA CEED,9,E01029799,0,2
2024501493067,2024,501493067,3,9,0,-1,19,5,1,-1,0,1,0,0,0,0,1,1,-1,6,1,52,8,998,1,3,KIA CEED,6,E01020187,0,3
2024041418605,2024,041418605,2,9,0,-1,10,5,6,-1,0,7,0,0,0,0,3,1,-1,7,2,38,7,1582,2,6,KIA CEED,10,E01024970,0,2
2024052400547,2024,052400547,2,9,0,4,4,3,7,0,0,0,0,0,0,0,2,1,6,6,1,54,8,1582,2,11,KIA CEED,6,E01007299,0,1
202454B162024,2024,54B162024,2,9,0,18,19,1,5,0,0,1,0,0,0,0,1,1,6,6,2,47,8,1582,2,14,KIA CEED,8,E01034535,0,1
2024332400882,2024,332400882,1,9,0,-1,19,3,7,-1,0,0,0,0,7,0,1,1,-1,2,1,56,9,1396,1,17,KIA CEED,8,E01025913,0,2
202417M119024,2024,17M119024,2,9,0,-1,19,7,3,-1,0,0,0,0,0,0,1,1,-1,2,1,-1,-1,1582,2,13,KIA CEED,-1,-1,0,-1
2024231427472,2024,231427472,3,9,0,-1,19,8,4,-1,0,8,1,1,0,0,1,1,-1,1,1,56,9,1482,1,2,KIA CEED,4,E01031060,0,2
2024101443557,2024,101443557,2,9,0,-1,10,5,2,-1,0,8,0,0,0,0,2,1,-1,2,1,38,7,1582,2,7,KIA CEED,5,E01020695,0,4
2024041445267,2024,041445267,5,9,0,-1,4,3,7,-1,0,0,0,0,0,0,2,1,-1,6,2,65,9,1396,2,8,KIA CEED,1,E01025045,0,2
2024211407833,2024,211407833,2,9,0,-1,19,2,7,-1,0,8,0,0,0,0,4,9,-1,9,1,46,8,1482,1,1,KIA CEED,5,E01034103,0,1
2024320327372,2024,320327372,1,9,0,-1,-1,8,4,0,0,4,0,0,0,0,1,1,6,6,2,65,9,1582,2,9,KIA CEED,10,E01025680,0,4
2024161458616,2024,161458616,1,9,0,-1,1,8,4,-1,0,0,0,0,0,0,2,1,-1,7,2,63,9,1396,1,10,KIA CEED,8,E01013011,0,1
2024052402129,2024,052402129,1,9,0,18,19,2,6,0,0,0,0,0,7,0,1,1,6,6,1,27,6,998,1,4,KIA CEED,2,E01006329,0,4
2024631405146,2024,631405146,2,9,0,-1,19,2,7,-1,0,0,0,0,0,0,3,1,-1,1,1,64,9,1582,2,8,KIA CEED,3,W01001923,0,4
2024201492900,2024,201492900,2,9,0,-1,7,2,4,-1,0,4,0,0,0,0,3,1,-1,6,1,29,6,1598,2,5,KIA CEED,1,E01006760,0,5
2024111449241,2024,111449241,1,9,0,-1,19,7,3,-1,0,8,0,0,0,0,1,1,-1,6,2,28,6,1582,2,15,KIA CEED,5,E01012363,0,1
2024461485643,2024,461485643,2,9,0,-1,3,1,4,-1,0,0,0,0,0,0,2,1,-1,6,2,33,6,1396,1,12,KIA CEED,10,E01000793,0,3
2024010547221,2024,010547221,1,3,0,18,19,5,1,0,0,8,0,0,0,0,1,1,1,1,1,25,5,125,1,6,MAKE AND MODEL REDACTED,10,E01003457,0,1
2024471490984,2024,471490984,2,3,0,-1,19,7,3,-1,0,8,0,0,0,0,0,1,-1,2,1,41,7,125,1,2,MAKE AND MODEL REDACTED,1,E01020992,0,1
2024141496710,2024,141496710,1,3,0,-1,19,1,1,-1,0,8,0,0,0,0,1,1,-1,1,1,54,8,125,1,6,MAKE AND MODEL REDACTED,3,E01007799,0,3
2024010554060,2024,010554060,1,3,0,99,99,9,9,99,99,9,9,99,9,99,9,1,2,2,1,22,5,125,1,3,MAKE AND MODEL REDACTED,5,E01023331,0,3
2024501454558,2024,501454558,1,3,0,-1,19,6,2,-1,0,1,5,0,0,0,1,1,-1,6,1,36,7,125,1,7,MAKE AND MODEL REDACTED,-1,-1,0,-1
2024010542354,2024,010542354,1,3,0,18,19,4,8,0,0,1,0,0,0,0,1,1,6,6,1,25,5,125,1,4,MAKE AND MODEL REDACTED,10,E01030386,0,1
2024451439425,2024,451439425,2,3,0,-1,19,7,3,-1,0,0,0,0,0,0,4,1,-1,9,1,33,6,125,1,5,MAKE AND MODEL REDACTED,6,E01004178,0,2
2024501511543,2024,501511543,1,3,0,-1,19,1,5,-1,0,1,0,4,1,10,1,1,-1,9,2,30,6,125,1,3,MAKE AND MODEL REDACTED,3,E01015235,0,1
2024211458556,2024,211458556,1,3,0,-1,19,8,5,-1,0,3,2,0,0,0,0,1,-1,9,2,17,4,125,1,3,MAKE AND MODEL REDACTED,4,E01029811,0,1
2024010542697,2024,010542697,1,3,0,18,19,1,5,0,0,0,0,0,0,0,1,1,1,1,1,25,5,125,1,8,PIAGGIO MEDLEY,8,E01001392,0,2
2024010504566,2024,010504566,1,3,0,18,19,1,5,0,0,1,2,0,0,0,1,1,6,6,1,37,7,125,1,5,PIAGGIO MEDLEY,-1,-1,0,-1
2024010551854,2024,010551854,1,3,0,3,3,5,1,0,0,1,0,0,0,0,1,1,6,6,1,30,6,125,1,2,PIAGGIO MEDLEY,4,E01000915,0,1
2024010501362,2024,010501362,1,3,0,7,7,3,5,0,0,8,0,0,0,0,4,1,2,2,1,58,9,125,1,3,PIAGGIO MEDLEY,7,E01000898,0,1
2024501455931,2024,501455931,1,3,0,-1,5,7,6,-1,0,6,2,0,0,0,4,1,-1,9,1,21,5,125,1,4,PIAGGIO MEDLEY,6,E01034634,0,1
2024010545267,2024,010545267,1,3,0,18,19,7,3,0,0,1,5,0,0,0,1,1,1,1,1,35,6,125,1,6,PIAGGIO MEDLEY,8,E01002658,0,3
2024471439424,2024,471439424,1,3,0,-1,19,1,5,-1,0,0,0,0,0,0,0,1,-1,1,1,34,6,125,1,2,PIAGGIO MEDLEY,7,E01016913,0,1
2024010533499,2024,010533499,3,3,0,18,19,5,1,0,0,1,0,0,0,0,1,1,6,6,1,26,6,125,1,5,PIAGGIO MEDLEY,-1,-1,0,-1
2024010512187,2024,010512187,2,3,0,18,19,1,5,0,0,1,0,0,0,0,3,1,2,2,2,59,9,125,1,3,PIAGGIO MEDLEY,2,E01002069,0,2
2024010505054,2024,010505054,1,3,0,99,99,9,9,99,99,9,9,99,9,99,9,1,6,6,1,29,6,125,1,1,PIAGGIO MEDLEY,4,E01004328,0,2
2024010512985,2024,010512985,1,3,0,99,99,9,9,99,99,9,9,99,9,99,9,1,6,6,1,37,7,125,1,1,PIAGGIO MEDLEY,2,E01001147,0,1
2024440009823,2024,440009823,1,4,0,5,5,1,5,0,0,1,1,0,0,0,4,1,1,1,1,25,5,125,1,1,PIAGGIO MEDLEY,3,E01023157,0,1
2024010535466,2024,010535466,1,3,0,18,19,7,3,0,0,1,5,0,0,0,0,1,6,6,2,30,6,125,1,5,PIAGGIO MEDLEY,3,E01001705,0,3
2024131479004,2024,131479004,1,3,0,-1,19,5,1,-1,0,0,0,0,0,0,1,1,-1,9,1,17,4,125,1,0,PIAGGIO MEDLEY,2,E01007435,0,2
2024010515799,2024,010515799,2,3,9,99,99,9,9,99,99,9,9,99,9,99,1,1,1,1,1,40,7,125,1,4,PIAGGIO MEDLEY,7,E01000492,0,1
2024161426338,2024,161426338,3,9,0,-1,2,0,0,-1,0,0,0,0,0,0,2,1,-1,6,-1,-1,-1,1994,1,14,SUBARU IMPREZA,-1,-1,0,-1
2024340WN6862,2024,340WN6862,1,9,0,-1,19,2,6,-1,0,0,0,0,2,6,3,1,-1,9,2,93,11,1600,1,7,SUBARU IMPREZA,9,E01028537,0,4
2024440006849,2024,440006849,1,9,0,18,19,7,3,0,0,1,0,0,0,0,1,1,6,6,1,44,7,1994,1,22,SUBARU IMPREZA,2,E01023055,0,1
202460Q053306,2024,60Q053306,1,9,0,16,19,7,3,0,0,0,1,10,1,10,1,1,2,2,1,44,7,2457,1,18,SUBARU IMPREZA,-1,-1,0,-1
2024320114769,2024,320114769,1,9,0,-1,-1,6,2,0,0,8,0,0,0,0,1,1,-1,-1,1,54,8,1994,1,22,SUBARU IMPREZA,5,E01026279,0,1
2024548755324,2024,548755324,1,9,0,9,9,6,4,0,0,6,0,0,0,0,3,1,1,1,1,37,7,1994,1,21,SUBARU IMPREZA,3,E01031963,0,1
2024010533382,2024,010533382,2,9,0,99,99,9,9,99,99,9,9,99,9,99,4,9,2,2,1,30,6,1994,1,19,SUBARU IMPREZA,8,E01021332,0,3
2024201514942,2024,201514942,1,9,0,-1,19,7,3,-1,0,0,1,0,7,0,1,1,-1,9,1,19,4,1994,1,19,SUBARU IMPREZA,2,E01010560,0,1
2024451421255,2024,451421255,3,9,0,-1,2,0,0,-1,-1,0,0,0,0,0,2,1,-1,6,-1,-1,-1,2457,1,14,SUBARU IMPREZA,-1,-1,0,-1
2024520402385,2024,520402385,1,9,0,18,19,2,6,0,0,0,0,0,0,0,1,1,6,6,1,27,6,1994,1,23,SUBARU IMPREZA,3,W01001474,0,4
2024543684324,2024,543684324,1,9,0,16,19,5,1,0,0,0,1,0,0,0,1,1,6,6,1,23,5,1994,1,23,SUBARU IMPREZA,5,E01031845,0,1
2024522403182,2024,522403182,1,9,0,9,9,3,1,0,0,6,0,0,0,0,2,1,6,6,1,46,8,2500,1,14,SUBARU IMPREZA,9,E01014933,0,1
2024991492961,2024,991492961,1,9,0,-1,4,8,4,-1,0,8,0,0,0,0,2,1,-1,9,1,71,10,1994,1,19,SUBARU IMPREZA,8,-1,0,1
2024231505460,2024,231505460,2,9,0,-1,19,1,3,-1,0,3,0,0,0,0,1,9,-1,6,1,24,5,1498,1,13,SUBARU IMPREZA,6,E01026986,0,4
2024221450100,2024,221450100,1,9,0,-1,19,8,2,-1,0,8,0,0,7,4,1,1,-1,9,1,23,5,1990,1,22,SUBARU IMPREZA,7,E01014012,0,1
2024430029837,2024,430029837,1,9,0,18,19,5,1,0,0,4,5,9,0,11,1,1,6,6,1,33,6,1994,1,21,SUBARU IMPREZA,2,E01028450,0,1
2024991495463,2024,991495463,1,9,0,-1,19,1,5,-1,0,2,5,7,0,0,1,1,-1,9,1,88,11,1600,1,8,SUBARU IMPREZA,6,-1,0,3
2024631534077,2024,631534077,1,9,0,-1,19,1,5,-1,0,0,2,0,2,10,1,1,-1,6,1,40,7,2457,1,17,SUBARU IMPREZA,7,W01000548,0,1
2024461428159,2024,461428159,1,9,0,-1,19,1,6,-1,0,0,0,0,0,0,1,1,-1,6,1,37,7,1994,1,23,SUBARU IMPREZA,6,E01024079,0,1
2024161423065,2024,161423065,3,9,0,-1,3,5,1,-1,0,8,0,0,0,0,1,1,-1,1,2,33,6,1994,1,17,SUBARU IMPREZA,7,E01013289,0,1
2024361426741,2024,361426741,1,9,0,-1,19,7,3,-1,0,0,0,0,0,0,1,9,-1,9,1,51,8,1600,1,10,SUBARU IMPREZA,9,-1,0,5
2024340NN3572,2024,340NN3572,1,9,0,-1,9,3,1,-1,0,1,5,0,0,0,1,1,-1,9,1,31,6,1498,1,15,SUBARU IMPREZA,2,E01027105,0,1
2024320717734,2024,320717734,3,9,0,4,4,2,6,0,0,1,0,0,0,0,2,1,-1,-1,1,26,6,2457,1,17,SUBARU IMPREZA,-1,-1,0,-1
2024031421254,2024,031421254,1,9,0,-1,19,1,5,-1,0,0,1,0,2,11,3,9,-1,9,1,31,6,1994,1,22,SUBARU IMPREZA,1,E01019193,0,1
2024552400048,2024,552400048,1,9,0,7,7,4,6,0,0,6,0,0,0,0,1,1,6,6,1,36,7,1996,1,21,SUBARU IMPREZA,8,E01015447,0,1
2024531470911,2024,531470911,2,9,0,-1,19,8,4,-1,0,8,0,0,0,0,3,1,-1,9,2,41,7,1994,1,19,SUBARU IMPREZA,6,E01022216,0,3
2024440383618,2024,440383618,1,9,0,18,19,3,7,0,0,2,0,0,1,8,1,1,2,2,1,24,5,1994,1,19,SUBARU IMPREZA,10,E01022467,0,1
2024131456501,2024,131456501,2,9,0,-1,19,5,5,-1,0,1,0,0,1,0,1,1,-1,6,2,39,7,1994,1,22,SUBARU IMPREZA,5,E01011818,0,4
2024451413059,2024,451413059,1,9,0,-1,19,5,1,-1,0,0,0,0,0,0,4,1,-1,2,1,31,6,2457,1,18,SUBARU IMPREZA,5,E01030569,0,1
2024531438944,2024,531438944,2,9,0,-1,19,3,1,-1,0,1,0,0,0,0,1,1,-1,9,1,64,9,2457,1,15,SUBARU IMPREZA,6,E01022236,0,1
2024552400646,2024,552400646,2,9,0,3,3,2,6,0,0,1,0,0,0,0,2,1,2,2,1,19,4,1994,1,22,SUBARU IMPREZA,3,E01020574,0,4
2024041452637,2024,041452637,1,9,0,-1,5,5,5,-1,0,0,0,0,0,0,1,1,-1,9,1,35,6,2000,1,29,SUBARU IMPREZA,6,E01025514,0,1
2024471476676,2024,471476676,1,9,0,-1,19,4,8,-1,0,0,1,0,7,4,2,1,-1,9,1,28,6,1994,1,22,SUBARU IMPREZA,9,E01022846,0,4
2024010499039,2024,010499039,2,9,9,18,19,9,9,99,99,1,9,99,9,99,1,9,6,6,3,-1,-1,1994,1,21,SUBARU IMPREZA,-1,-1,0,-1
2024041411348,2024,041411348,1,9,0,-1,19,5,1,-1,0,0,0,0,0,0,3,1,-1,9,2,33,6,2457,1,18,SUBARU IMPREZA,6,E01010909,0,4
2024531464893,2024,531464893,1,9,0,-1,19,1,5,-1,0,0,1,0,7,11,4,1,-1,9,1,26,6,1994,1,22,SUBARU IMPREZA,9,E01022394,0,1
2024461483690,2024,461483690,1,9,0,-1,5,5,3,-1,0,2,0,0,0,0,3,1,-1,9,2,76,11,1994,1,23,SUBARU IMPREZA,7,E01032620,0,1
2024141432647,2024,141432647,3,19,0,-1,19,2,6,-1,0,0,0,0,0,0,2,1,-1,1,1,28,6,1968,2,2,VOLKSWAGEN CADDY,7,E01007483,0,4
2024302401633,2024,302401633,1,19,0,17,19,3,8,0,0,2,0,0,0,0,4,1,6,6,3,83,11,1896,2,19,VOLKSWAGEN CADDY,9,E01019602,0,2
2024231494921,2024,231494921,3,19,0,-1,4,6,2,-1,0,0,0,0,0,0,2,9,-1,6,1,26,6,1896,2,15,VOLKSWAGEN CADDY,6,E01009446,0,4
2024451493570,2024,451493570,1,19,0,-1,4,3,5,-1,0,4,0,0,0,0,4,1,-1,2,1,55,8,1968,2,4,VOLKSWAGEN CADDY,9,E01030313,0,3
2024552401441,2024,552401441,1,19,0,6,6,6,6,0,0,0,0,0,0,0,3,1,2,2,1,24,5,1968,2,6,VOLKSWAGEN CADDY,3,E01017906,0,5
2024461433435,2024,461433435,2,9,0,-1,3,1,5,-1,0,0,0,0,0,0,2,9,-1,9,2,39,7,1598,2,9,VOLKSWAGEN CADDY,1,E01016161,0,2
2024631526524,2024,631526524,1,19,0,-1,9,1,7,-1,0,6,0,0,0,0,3,1,-1,6,1,61,9,1896,2,15,VOLKSWAGEN CADDY,5,W01000461,0,1
2024471505761,2024,471505761,2,9,0,-1,15,4,8,-1,0,1,0,0,0,0,0,9,-1,6,1,36,7,-1,-1,-1,VOLKSWAGEN CADDY,4,E01031522,0,2
2024631428149,2024,631428149,1,19,0,-1,19,8,4,-1,-1,5,5,0,7,0,1,1,-1,6,1,67,10,1598,2,9,VOLKSWAGEN CADDY,7,W01000484,0,1
202454D347824,2024,54D347824,1,19,0,18,19,4,8,0,0,1,0,0,0,0,1,1,1,1,1,38,7,1598,2,10,VOLKSWAGEN CADDY,6,E01023183,0,4
2024552400313,2024,552400313,1,19,0,18,19,7,3,0,0,0,0,12,0,0,1,1,1,1,1,49,8,1896,2,16,VOLKSWAGEN CADDY,7,E01020514,0,3
2024421427209,2024,421427209,1,19,0,-1,19,7,3,-1,0,0,0,0,0,0,1,1,-1,1,1,49,8,1896,2,15,VOLKSWAGEN CADDY,3,E01015843,0,1
2024531524443,2024,531524443,2,19,0,-1,19,5,1,-1,0,1,1,0,7,11,1,1,-1,1,1,33,6,1598,2,12,VOLKSWAGEN CADDY,10,E01032940,0,4
2024501449402,2024,501449402,1,19,0,-1,19,3,1,-1,0,1,0,0,0,0,4,9,-1,2,2,36,7,1598,2,13,VOLKSWAGEN CADDY,4,E01018987,0,2
2024552400010,2024,552400010,1,19,0,18,19,8,4,0,0,0,1,0,2,4,1,1,6,6,1,54,8,1896,2,16,VOLKSWAGEN CADDY,2,E01015290,0,4
2024311472852,2024,311472852,1,19,0,-1,19,1,1,-1,0,0,0,0,0,0,3,1,-1,1,1,20,4,1968,2,1,VOLKSWAGEN CADDY,10,E01028137,0,1
2024631442077,2024,631442077,1,19,0,-1,5,2,6,-1,0,6,0,0,0,0,1,1,-1,2,1,46,8,1968,2,14,VOLKSWAGEN CADDY,4,W01000535,0,3
2024440502011,2024,440502011,2,19,0,18,19,1,5,0,0,1,0,0,0,0,1,1,1,1,1,33,6,1598,2,11,VOLKSWAGEN CADDY,9,E01022978,0,4
2024501516897,2024,501516897,2,19,0,-1,7,4,6,-1,4,5,9,0,0,0,4,1,-1,6,1,27,6,1598,2,13,VOLKSWAGEN CADDY,5,E01015070,0,1
2024440093780,2024,440093780,3,19,0,18,19,3,7,0,0,0,0,0,0,0,1,1,2,2,1,36,7,1968,2,15,VOLKSWAGEN CADDY,7,E01031543,0,3
2024320576464,2024,320576464,2,19,0,-1,-1,8,4,0,0,0,0,4,0,0,1,1,-1,-1,1,35,6,1598,2,11,VOLKSWAGEN CADDY,7,E01026330,0,1
2024440029842,2024,440029842,1,19,0,18,19,3,7,0,0,8,0,0,0,0,3,1,6,6,1,43,7,1968,2,14,VOLKSWAGEN CADDY,5,E01023010,0,3
2024461504460,2024,461504460,2,19,0,-1,4,4,8,-1,0,0,1,0,0,0,3,9,-1,1,1,20,4,1968,2,1,VOLKSWAGEN CADDY,7,E01016103,0,2
2024361518582,2024,361518582,1,19,0,-1,19,8,4,-1,0,0,0,4,0,0,1,1,-1,1,1,47,8,1598,2,13,VOLKSWAGEN CADDY,6,E01026615,0,1
2024371411169,2024,371411169,1,19,0,-1,5,-1,-1,-1,0,4,0,0,0,0,1,1,-1,6,1,30,6,1598,2,13,VOLKSWAGEN CADDY,6,E01030081,0,1
2024231437822,2024,231437822,1,19,0,-1,9,4,2,-1,0,8,0,0,0,0,1,9,-1,9,1,23,5,1598,2,10,VOLKSWAGEN CADDY,3,E01031176,0,1
2024010539172,2024,010539172,1,19,0,1,1,1,5,0,0,2,0,0,0,0,2,1,1,1,1,47,8,1197,1,6,VOLKSWAGEN CADDY,8,E01001541,0,2
2024101530025,2024,101530025,1,8,0,-1,19,5,1,-1,0,0,0,0,0,0,4,1,-1,1,1,71,10,1896,2,15,VOLKSWAGEN CADDY,4,E01008494,0,1
2024471454574,2024,471454574,1,9,0,-1,1,5,3,-1,9,0,0,0,0,0,2,1,-1,9,1,57,9,-1,-1,-1,VOLKSWAGEN CADDY,3,E01016909,0,1
2024201506336,2024,201506336,1,19,0,-1,19,4,8,-1,0,0,0,0,0,0,1,1,-1,6,1,37,7,1598,2,9,VOLKSWAGEN CADDY,5,E01031027,0,2
2024631430248,2024,631430248,1,19,0,-1,19,8,4,-1,0,8,1,0,3,11,1,1,-1,9,1,24,5,1968,2,16,VOLKSWAGEN CADDY,1,W01000631,0,1
2024471432281,2024,471432281,2,19,0,-1,19,1,5,-1,0,0,0,0,7,0,3,1,-1,1,1,62,9,1968,2,18,VOLKSWAGEN CADDY,7,E01030864,0,3
2024061490153,2024,061490153,2,19,0,-1,7,1,3,-1,4,8,0,0,0,0,4,1,-1,6,1,-1,-1,1598,2,12,VOLKSWAGEN CADDY,-1,-1,0,-1