collision_index,collision_year,collision_ref_no,vehicle_reference,vehicle_type,towing_and_articulation,vehicle_manoeuvre_historic,vehicle_manoeuvre,vehicle_direction_from,vehicle_direction_to,vehicle_location_restricted_lane_historic,vehicle_location_restricted_lane,junction_location,skidding_and_overturning,hit_object_in_carriageway,vehicle_leaving_carriageway,hit_object_off_carriageway,first_point_of_impact,vehicle_left_hand_drive,journey_purpose_of_driver_historic,journey_purpose_of_driver,sex_of_driver,age_of_driver,age_band_of_driver,engine_capacity_cc,propulsion_code,age_of_vehicle,generic_make_model,driver_imd_decile,lsoa_of_driver,escooter_flag,driver_distance_banding
2024991511073,2024,991511073,1,19,0,-1,19,4,8,-1,0,0,0,0,2,0,3,1,-1,1,1,46,8,1968,2,0,VOLKSWAGEN CADDY,4,E01010746,0,5
2024622400578,2024,622400578,1,19,0,18,19,2,6,0,0,0,0,0,0,0,1,1,6,6,1,22,5,1598,2,13,VOLKSWAGEN CADDY,9,W01001190,0,2
2024440090783,2024,440090783,5,19,0,4,4,2,6,0,0,0,0,0,0,0,2,1,2,2,1,32,6,1598,2,9,VOLKSWAGEN CADDY,4,E01022657,0,3
2024302400479,2024,302400479,1,19,0,16,19,1,4,0,0,0,0,4,0,0,1,1,6,6,3,-1,-1,1598,2,12,VOLKSWAGEN CADDY,5,E01019456,0,3
2024411473690,2024,411473690,1,19,0,-1,19,1,5,-1,0,0,0,0,0,0,1,1,-1,1,1,35,6,1598,2,9,VOLKSWAGEN CADDY,8,E01023315,0,1
2024991433033,2024,991433033,1,19,0,-1,19,4,8,-1,0,0,0,0,0,0,1,1,-1,1,1,62,9,1968,2,5,VOLKSWAGEN CADDY,-1,-1,0,-1
2024031454945,2024,031454945,2,9,0,-1,4,2,5,-1,0,0,0,0,0,0,2,9,-1,1,1,31,6,1498,1,1,VOLKSWAGEN CADDY,1,E01025136,0,4
2024520402677,2024,520402677,1,9,0,18,19,3,7,0,0,0,5,0,0,0,1,1,6,6,1,17,4,-1,-1,-1,VOLKSWAGEN CADDY,2,E01029105,0,4
2024052400069,2024,052400069,1,19,0,16,19,1,5,0,0,0,0,0,0,0,3,1,6,6,1,77,11,1598,2,8,VOLKSWAGEN CADDY,1,E01034401,0,3
2024471445686,2024,471445686,1,19,0,-1,3,5,1,-1,0,1,0,0,0,0,2,1,-1,6,1,55,8,1968,2,14,VOLKSWAGEN CADDY,9,E01016924,0,1
2024471526116,2024,471526116,1,19,0,-1,19,3,7,-1,0,0,0,0,7,1,1,1,-1,6,1,29,6,1968,2,2,VOLKSWAGEN CADDY,9,E01016959,0,2
2024451521335,2024,451521335,3,19,0,-1,2,0,0,-1,0,0,0,0,0,0,3,1,-1,6,3,-1,-1,1968,2,7,VOLKSWAGEN CADDY,-1,-1,0,-1
2024421491930,2024,421491930,1,19,0,-1,5,8,4,-1,0,4,0,0,0,0,1,1,-1,6,1,34,6,1896,2,16,VOLKSWAGEN CADDY,6,E01021715,0,1
2024520002936,2024,520002936,1,19,0,2,2,0,0,0,0,1,0,0,0,0,1,1,6,6,1,29,6,1968,2,7,VOLKSWAGEN CADDY,6,-1,0,5
2024631497426,2024,631497426,1,19,0,-1,19,2,5,-1,0,8,1,0,1,10,4,1,-1,9,1,17,4,1896,2,16,VOLKSWAGEN CADDY,4,W01000685,0,2
2024302400924,2024,302400924,1,19,0,5,5,4,8,0,0,4,0,0,0,0,1,1,1,1,1,32,6,1598,2,13,VOLKSWAGEN CADDY,6,E01027997,0,4
2024131517363,2024,131517363,1,19,0,-1,19,7,3,-1,0,1,0,11,0,0,1,1,-1,6,1,38,7,1598,2,11,VOLKSWAGEN CADDY,1,E01010843,0,2
2024041446586,2024,041446586,3,9,0,-1,10,2,4,-1,0,6,0,0,1,0,1,1,-1,7,1,45,7,1598,2,10,VOLKSWAGEN CADDY,7,E01006182,0,4
2024010518162,2024,010518162,1,19,0,18,19,3,7,0,0,2,0,0,0,0,1,1,1,1,1,41,7,1395,1,5,VOLKSWAGEN CADDY,4,E01000402,0,3
2024471427263,2024,471427263,1,19,0,-1,19,1,5,-1,0,1,0,0,0,0,1,1,-1,6,1,71,10,1968,2,16,VOLKSWAGEN CADDY,6,E01021206,0,1
2024631509612,2024,631509612,3,19,0,-1,19,6,2,-1,0,0,0,0,0,0,0,1,-1,9,2,29,6,1598,2,10,VOLKSWAGEN CADDY,6,E01025167,0,5
2024161448209,2024,161448209,2,8,0,-1,19,1,5,-1,0,0,0,0,0,0,4,1,-1,1,2,33,6,1598,2,10,VOLKSWAGEN CADDY,1,E01012865,0,1
2024340WN0052,2024,340WN0052,3,19,0,-1,3,8,4,-1,0,1,0,0,0,0,0,1,-1,6,1,54,8,1968,2,13,VOLKSWAGEN CADDY,9,E01027006,0,1
2024211405703,2024,211405703,2,19,0,-1,9,6,3,-1,0,0,0,0,0,0,1,9,-1,9,1,34,6,1598,2,12,VOLKSWAGEN CADDY,7,E01034672,0,4
2024201409187,2024,201409187,1,19,0,-1,19,6,2,-1,0,0,0,11,0,0,1,1,-1,6,1,49,8,1968,2,20,VOLKSWAGEN CADDY,1,E01010102,0,1
2024411474654,2024,411474654,2,19,0,-1,3,3,7,-1,0,0,0,0,0,0,2,1,-1,6,1,23,5,1395,1,5,VOLKSWAGEN CADDY,6,E01023305,0,3
2024211457459,2024,211457459,1,19,0,-1,3,6,5,-1,0,1,0,0,0,0,1,1,-1,6,1,30,6,1197,1,5,VOLKSWAGEN CADDY,3,E01029538,0,2
2024031440998,2024,031440998,1,9,0,-1,19,4,1,-1,9,0,0,0,1,99,1,1,-1,2,1,26,6,-1,-1,-1,VOLKSWAGEN CADDY,4,E01019364,0,1
2024520402528,2024,520402528,2,9,0,18,19,2,6,0,0,8,0,0,0,0,1,1,6,6,1,51,8,1598,2,9,VOLKSWAGEN CADDY,3,E01029248,0,3
2024501484882,2024,501484882,1,19,0,-1,4,5,1,-1,0,1,0,0,0,0,2,1,-1,2,1,27,6,1598,2,13,VOLKSWAGEN CADDY,4,E01015071,0,1
2024070796383,2024,070796383,1,19,0,-1,5,2,6,-1,0,6,0,0,0,0,3,1,-1,1,1,48,8,1968,2,0,VOLKSWAGEN CADDY,7,E01018449,0,4
2024101530044,2024,101530044,2,19,-1,-1,4,1,5,-1,0,0,0,0,0,0,2,9,-1,2,1,60,9,1598,2,12,VOLKSWAGEN CADDY,4,E01008554,0,1
2024552400382,2024,552400382,2,9,0,3,3,4,8,0,0,0,0,0,0,0,2,1,6,6,2,70,10,1598,2,10,VOLKSWAGEN CADDY,9,E01020446,0,1
2024461465650,2024,461465650,1,19,0,-1,19,5,7,-1,0,0,1,0,0,0,4,9,-1,6,3,-1,-1,1598,2,13,VOLKSWAGEN CADDY,-1,-1,0,-1
2024451449223,2024,451449223,1,19,0,-1,19,2,6,-1,0,0,0,0,0,0,2,1,-1,9,1,29,6,1598,2,10,VOLKSWAGEN CADDY,10,E01031615,0,3
202460Q034666,2024,60Q034666,1,19,4,18,19,5,1,0,0,6,0,0,7,0,3,1,1,1,1,42,7,1598,2,12,VOLKSWAGEN CADDY,-1,-1,0,-1
2024332400307,2024,332400307,1,8,0,-1,3,5,1,-1,0,1,0,0,0,0,2,1,-1,1,1,-1,-1,1598,2,9,VOLKSWAGEN CADDY,-1,-1,0,-1
2024010501138,2024,010501138,2,19,0,3,3,6,2,0,0,1,0,0,0,0,2,1,1,1,1,31,6,1968,2,6,VOLKSWAGEN CADDY,3,E01026740,0,5
2024041513375,2024,041513375,8,19,0,-1,19,1,5,-1,0,0,0,0,0,0,1,1,-1,6,2,43,7,1598,2,13,VOLKSWAGEN CADDY,3,E01006839,0,4
2024440202248,2024,440202248,1,19,0,18,19,6,2,0,0,0,0,0,0,0,1,1,6,6,2,44,7,1896,2,21,VOLKSWAGEN CADDY,5,E01017221,0,1
2024520403237,2024,520403237,2,19,0,1,1,6,2,0,0,0,0,0,0,0,2,1,6,6,3,-1,-1,1598,2,11,VOLKSWAGEN CADDY,-1,-1,0,-1
2024070259154,2024,070259154,1,19,0,18,19,5,1,0,0,0,0,0,4,6,3,1,6,6,1,20,4,1598,2,9,VOLKSWAGEN CADDY,4,E01029820,0,4
2024031507152,2024,031507152,1,19,0,-1,5,3,6,-1,0,6,0,0,0,0,3,1,-1,1,1,27,6,1968,2,14,VOLKSWAGEN CADDY,5,E01019394,0,1
2024421532825,2024,421532825,2,19,0,-1,10,3,1,-1,0,5,0,0,0,0,1,1,-1,2,1,51,8,1968,2,17,VOLKSWAGEN CADDY,5,E01021922,0,2
2024991413097,2024,991413097,1,19,0,-1,13,2,6,-1,0,8,0,0,0,0,3,1,-1,9,1,36,7,1598,2,14,VOLKSWAGEN CADDY,6,-1,0,4
2024501410332,2024,501410332,2,19,0,-1,19,3,7,-1,0,1,1,0,7,10,1,1,-1,6,1,70,10,1598,2,12,VOLKSWAGEN CADDY,5,E01020068,0,1
2024421410462,2024,421410462,2,19,0,-1,19,3,7,-1,0,7,0,0,0,0,2,1,-1,6,1,-1,-1,1968,2,2,VOLKSWAGEN CADDY,-1,-1,0,-1
2024501431314,2024,501431314,1,19,0,-1,19,1,5,-1,0,0,5,11,0,0,1,1,-1,9,1,18,4,1598,2,11,VOLKSWAGEN CADDY,4,E01018908,0,2
2024320677552,2024,320677552,1,8,0,-1,-1,6,2,0,0,1,0,0,0,0,1,1,6,6,1,53,8,1598,2,10,VOLKSWAGEN CADDY,3,E01026017,0,3
2024501456921,2024,501456921,1,9,0,-1,9,8,6,-1,0,8,0,0,0,0,4,1,-1,9,1,59,9,-1,-1,-1,VOLKSWAGEN CADDY,4,E01018863,0,1
2024302401597,2024,302401597,2,19,0,18,19,4,8,0,0,0,0,0,0,0,1,1,6,6,1,26,6,1968,2,0,VOLKSWAGEN CADDY,1,E01005136,0,4
2024231460052,2024,231460052,2,19,0,-1,19,1,5,-1,0,0,0,0,0,0,4,9,-1,1,1,59,9,1896,2,18,VOLKSWAGEN CADDY,9,E01009665,0,2
2024131524875,2024,131524875,1,19,0,-1,19,1,5,-1,0,1,0,0,1,0,4,1,-1,2,2,51,8,1968,2,14,VOLKSWAGEN CADDY,7,E01011193,0,2
2024061408868,2024,061408868,1,19,-1,-1,-1,-1,-1,-1,-1,0,-1,-1,-1,0,-1,9,-1,9,1,49,8,1968,2,7,VOLKSWAGEN CADDY,1,E01005432,0,1
2024010498990,2024,010498990,6,19,0,18,19,5,1,0,0,0,0,0,0,0,2,1,6,6,1,26,6,1896,2,18,VOLKSWAGEN CADDY,3,E01016952,0,4
2024340NN2612,2024,340NN2612,1,19,0,-1,19,5,3,-1,0,8,0,0,7,0,4,1,-1,6,1,22,5,1598,2,11,VOLKSWAGEN CADDY,10,E01035410,0,2
2024351567930,2024,351567930,3,19,0,-1,5,5,3,-1,0,4,0,0,0,0,1,1,-1,1,1,59,9,1968,2,7,VOLKSWAGEN CADDY,9,E01018038,0,4
2024471522418,2024,471522418,1,19,0,-1,5,7,4,-1,0,8,0,0,0,0,1,1,-1,9,1,21,5,1598,2,11,VOLKSWAGEN CADDY,1,E01016942,0,1
2024122500147,2024,122500147,1,19,0,18,19,6,2,0,0,0,0,0,0,0,3,1,6,6,1,21,5,1968,2,0,VOLKSWAGEN CADDY,3,E01013143,0,4
2024461526927,2024,461526927,1,19,0,-1,19,8,4,-1,0,2,0,4,0,0,4,1,-1,2,1,37,7,1968,2,4,VOLKSWAGEN CADDY,3,E01016154,0,4
2024622400782,2024,622400782,2,19,0,4,4,8,4,0,0,1,0,0,0,0,2,1,6,6,2,28,6,1896,2,17,VOLKSWAGEN CADDY,5,W01001131,0,1
2024010509026,2024,010509026,1,19,0,3,3,5,1,0,0,1,0,0,0,0,2,1,2,2,1,30,6,1968,2,5,VOLKSWAGEN CADDY,10,E01023456,0,4
2024332400269,2024,332400269,3,19,0,-1,19,8,4,-1,0,8,0,0,1,0,1,1,-1,9,1,64,9,1896,2,15,VOLKSWAGEN CADDY,10,E01025734,0,2
2024351409334,2024,351409334,1,9,0,-1,13,6,2,-1,0,8,0,0,0,0,4,2,-1,6,1,48,8,1598,2,9,VOLKSWAGEN CADDY,5,E01017961,0,1
2024991421330,2024,991421330,2,8,0,-1,19,5,8,-1,0,0,0,0,0,0,1,1,-1,9,1,71,10,1598,2,13,VOLKSWAGEN CADDY,-1,-1,0,-1
2024031413413,2024,031413413,1,19,0,-1,1,6,2,-1,0,8,0,0,0,0,3,1,-1,6,1,-1,-1,1968,2,2,VOLKSWAGEN CADDY,-1,-1,0,-1
2024201458867,2024,201458867,1,19,0,-1,9,8,5,-1,0,5,0,0,0,0,1,9,-1,6,1,21,5,1598,2,10,VOLKSWAGEN CADDY,2,E01009254,0,2
2024161527449,2024,161527449,1,19,0,-1,19,2,6,-1,0,0,0,4,0,0,1,1,-1,1,1,55,8,1598,2,12,VOLKSWAGEN CADDY,6,E01012810,0,2
2024010512202,2024,010512202,3,9,0,2,2,0,0,0,0,2,0,0,0,0,2,1,6,6,3,-1,-1,1598,2,9,VOLKSWAGEN CADDY,-1,-1,0,-1
2024231447100,2024,231447100,1,20,0,-1,19,4,1,-1,0,0,0,0,0,0,1,1,-1,6,2,57,9,-1,-1,-1,VOLKSWAGEN TRANSPORTER,4,E01031102,0,1
2024501522950,2024,501522950,1,9,0,-1,11,3,7,-1,0,0,0,-1,0,0,-1,1,-1,6,3,-1,-1,1968,2,5,VOLKSWAGEN TRANSPORTER,-1,-1,0,-1
2024340WN2332,2024,340WN2332,2,19,0,-1,19,4,8,-1,0,1,0,0,0,0,1,1,-1,6,1,58,9,1968,2,8,VOLKSWAGEN TRANSPORTER,7,E01018057,0,4
2024991403853,2024,991403853,1,19,0,-1,4,3,7,-1,0,0,0,0,0,0,2,1,-1,6,1,36,7,1968,2,6,VOLKSWAGEN TRANSPORTER,1,-1,0,4
2024031464980,2024,031464980,1,19,0,-1,19,2,6,-1,0,0,0,0,0,0,1,1,-1,1,1,29,6,1968,2,2,VOLKSWAGEN TRANSPORTER,-1,-1,0,-1
2024010508086,2024,010508086,1,19,9,99,99,9,9,99,99,1,9,0,0,0,1,9,1,1,1,31,6,1968,2,3,VOLKSWAGEN TRANSPORTER,2,E01002003,0,1
2024320716005,2024,320716005,1,19,0,9,9,8,6,0,0,6,0,0,0,0,1,1,1,1,1,32,6,1968,2,1,VOLKSWAGEN TRANSPORTER,2,E01007417,0,4
2024501403097,2024,501403097,1,19,0,-1,19,6,3,-1,0,0,0,0,0,0,3,1,-1,9,2,66,10,1968,2,10,VOLKSWAGEN TRANSPORTER,6,E01020025,0,4
2024471420033,2024,471420033,1,19,0,-1,19,7,3,-1,0,0,0,4,0,0,1,1,-1,6,2,39,7,1968,2,4,VOLKSWAGEN TRANSPORTER,7,E01025270,0,5
2024461497457,2024,461497457,2,9,0,-1,9,0,1,-1,0,0,0,0,0,0,4,2,-1,6,2,62,9,1968,2,10,VOLKSWAGEN TRANSPORTER,5,E01024198,0,1
2024991449956,2024,991449956,1,19,0,-1,7,4,6,-1,0,6,0,0,0,0,3,1,-1,2,1,26,6,1968,2,5,VOLKSWAGEN TRANSPORTER,9,-1,0,1
2024131486146,2024,131486146,1,19,0,-1,19,1,5,-1,0,8,0,0,0,0,1,1,-1,6,1,58,9,2461,2,21,VOLKSWAGEN TRANSPORTER,2,E01032923,0,2
2024552401084,2024,552401084,2,19,0,2,2,0,0,0,0,0,0,0,0,0,3,1,6,6,3,-1,-1,1968,2,6,VOLKSWAGEN TRANSPORTER,-1,-1,0,-1
2024211526138,2024,211526138,2,10,0,-1,9,4,2,-1,0,6,0,0,0,0,3,1,-1,2,1,22,5,-1,-1,-1,VOLKSWAGEN TRANSPORTER,5,E01029528,0,2
2024991416887,2024,991416887,2,19,0,-1,19,1,5,-1,0,0,0,0,0,0,1,1,-1,1,1,31,6,1968,2,3,VOLKSWAGEN TRANSPORTER,4,-1,0,4
2024440335644,2024,440335644,1,19,0,18,19,6,2,0,0,8,0,0,0,0,1,1,2,2,1,49,8,1968,2,10,VOLKSWAGEN TRANSPORTER,6,E01031614,0,4
2024010524431,2024,010524431,4,19,0,18,19,5,1,0,0,0,0,0,0,0,1,1,1,1,1,35,6,1968,2,4,VOLKSWAGEN TRANSPORTER,5,E01003494,0,2
2024421440455,2024,421440455,2,19,0,-1,2,0,0,-1,0,0,0,4,0,0,1,1,-1,6,-1,-1,-1,1896,2,30,VOLKSWAGEN TRANSPORTER,-1,-1,0,-1
2024451414366,2024,451414366,3,19,0,-1,1,1,3,-1,99,7,0,0,0,0,0,1,-1,6,3,30,6,-1,-1,-1,VOLKSWAGEN TRANSPORTER,-1,-1,0,-1
2024101501406,2024,101501406,1,19,0,-1,1,4,8,-1,0,0,0,0,0,0,2,1,-1,6,1,51,8,1968,2,13,VOLKSWAGEN TRANSPORTER,6,E01020782,0,2
2024361428809,2024,361428809,1,19,0,-1,19,5,1,-1,0,0,0,0,1,0,1,1,-1,9,1,37,7,2461,2,21,VOLKSWAGEN TRANSPORTER,3,E01034768,0,4
2024544046324,2024,544046324,1,19,0,5,5,1,5,0,0,1,0,0,0,0,1,1,6,6,1,57,9,1968,2,3,VOLKSWAGEN TRANSPORTER,6,E01032117,0,1
2024010547084,2024,010547084,2,19,0,3,3,7,3,0,0,0,0,4,0,0,2,1,6,6,1,61,9,1968,2,8,VOLKSWAGEN TRANSPORTER,9,E01000773,0,1
2024010507966,2024,010507966,2,19,3,7,7,6,8,0,0,1,0,0,0,0,4,1,1,1,1,63,9,1968,2,6,VOLKSWAGEN TRANSPORTER,3,E01033914,0,2
2024421510661,2024,421510661,2,19,0,-1,19,5,1,-1,0,0,0,11,0,0,3,1,-1,6,1,50,8,1968,2,6,VOLKSWAGEN TRANSPORTER,6,E01001494,0,4
2024631476825,2024,631476825,2,19,0,-1,19,-1,-1,-1,0,0,0,0,0,0,3,1,-1,6,1,40,7,2461,2,24,VOLKSWAGEN TRANSPORTER,3,W01000213,0,5
2024440220219,2024,440220219,2,19,0,18,19,6,2,0,0,0,0,0,0,0,1,1,6,6,1,40,7,2461,2,22,VOLKSWAGEN TRANSPORTER,7,E01017285,0,3
2024522402997,2024,522402997,3,19,0,16,19,3,6,0,0,0,0,1,0,0,1,1,6,6,1,53,8,1968,2,14,VOLKSWAGEN TRANSPORTER,6,E01032519,0,1
2024461493973,2024,461493973,1,19,0,-1,19,3,1,-1,0,0,5,0,0,0,1,1,-1,1,1,39,7,1968,2,2,VOLKSWAGEN TRANSPORTER,3,E01016021,0,4
2024010521829,2024,010521829,2,19,0,99,99,9,9,99,99,9,9,99,9,99,9,9,6,6,3,-1,-1,1968,2,0,VOLKSWAGEN TRANSPORTER,9,E01028634,0,4
2024461471757,2024,461471757,1,19,0,-1,3,5,1,-1,0,2,0,0,0,0,3,1,-1,9,1,35,6,1968,2,11,VOLKSWAGEN TRANSPORTER,5,E01016156,0,4
2024471509981,2024,471509981,1,19,0,-1,1,0,0,-1,0,0,0,0,0,0,2,9,-1,6,2,53,8,1896,2,19,VOLKSWAGEN TRANSPORTER,6,E01021034,0,3
2024231417296,2024,231417296,1,19,0,-1,7,3,5,-1,0,6,0,0,0,0,1,1,-1,9,1,45,7,1968,2,8,VOLKSWAGEN TRANSPORTER,3,E01031264,0,1
2024041494992,2024,041494992,2,19,0,-1,2,0,0,-1,0,0,0,0,0,0,4,1,-1,6,-1,-1,-1,1968,2,2,VOLKSWAGEN TRANSPORTER,-1,-1,0,-1
2024101432871,2024,101432871,1,19,0,-1,19,3,7,-1,0,8,0,0,0,0,1,9,-1,9,1,70,10,1968,2,7,VOLKSWAGEN TRANSPORTER,9,E01008275,0,1
2024122400464,2024,122400464,3,19,0,18,19,4,8,0,0,1,0,0,0,0,1,1,6,6,1,27,6,1968,2,1,VOLKSWAGEN TRANSPORTER,7,E01027858,0,3
2024461459552,2024,461459552,1,19,0,-1,19,1,2,-1,0,0,0,0,0,0,3,1,-1,2,1,44,7,1968,2,3,VOLKSWAGEN TRANSPORTER,7,E01024691,0,1
2024631432522,2024,631432522,1,19,0,-1,12,5,1,-1,0,0,0,0,1,10,3,1,-1,9,1,35,6,1968,2,1,VOLKSWAGEN TRANSPORTER,2,W01001443,0,4
2024031441363,2024,031441363,2,19,0,-1,19,5,1,-1,0,0,0,0,0,0,3,1,-1,9,1,43,7,1968,2,6,VOLKSWAGEN TRANSPORTER,8,E01027586,0,4
2024211513685,2024,211513685,2,19,0,-1,19,3,7,-1,0,1,5,0,0,0,1,1,-1,9,1,42,7,-1,-1,-1,VOLKSWAGEN TRANSPORTER,3,-1,0,5
2024520003139,2024,520003139,2,19,0,17,19,-1,-1,0,0,0,0,0,0,0,1,1,6,6,1,34,6,1968,2,14,VOLKSWAGEN TRANSPORTER,4,E01014448,0,1
2024161485964,2024,161485964,2,19,0,-1,19,3,7,-1,0,1,0,0,0,0,2,1,-1,6,3,-1,-1,1968,2,14,VOLKSWAGEN TRANSPORTER,-1,-1,0,-1
2024471447920,2024,471447920,2,19,0,-1,19,1,5,-1,0,1,1,0,7,4,1,1,-1,9,1,46,8,1896,2,18,VOLKSWAGEN TRANSPORTER,3,E01024493,0,5
2024010535416,2024,010535416,1,9,0,3,3,5,1,0,0,7,0,0,0,0,0,1,6,6,1,51,8,1968,2,4,VOLKSWAGEN TRANSPORTER,10,E01021746,0,2
2024071075470,2024,071075470,1,19,0,-1,6,9,9,-1,0,0,0,0,0,0,9,1,-1,-1,2,-1,-1,1968,2,1,VOLKSWAGEN TRANSPORTER,-1,-1,0,-1
2024501438899,2024,501438899,2,9,0,-1,3,4,8,-1,0,0,0,0,0,0,2,2,-1,6,2,42,7,1968,2,6,VOLKSWAGEN TRANSPORTER,4,E01018968,0,3
2024131511314,2024,131511314,1,19,0,-1,3,3,7,-1,0,0,0,0,0,0,4,1,-1,6,3,-1,-1,1968,2,8,VOLKSWAGEN TRANSPORTER,-1,-1,0,-1
2024552400646,2024,552400646,1,19,0,3,3,2,6,0,0,4,0,0,0,0,1,1,6,6,1,49,8,2460,2,17,VOLKSWAGEN TRANSPORTER,9,E01020532,0,4
2024332400593,2024,332400593,4,19,0,-1,19,1,5,-1,0,0,0,0,0,0,3,1,-1,9,1,55,8,2460,2,14,VOLKSWAGEN TRANSPORTER,10,E01026004,0,1
2024231462693,2024,231462693,2,19,0,-1,19,6,2,-1,0,8,1,0,0,0,1,9,-1,6,1,50,8,1968,2,4,VOLKSWAGEN TRANSPORTER,8,E01026653,0,5
2024010501506,2024,010501506,3,19,0,2,2,0,0,0,0,1,0,0,0,0,2,1,6,6,3,-1,-1,1968,2,1,VOLKSWAGEN TRANSPORTER,-1,-1,0,-1
2024451417491,2024,451417491,3,19,0,-1,2,0,0,-1,0,1,0,0,0,0,1,1,-1,6,-1,-1,-1,1968,2,9,VOLKSWAGEN TRANSPORTER,-1,-1,0,-1
2024101497565,2024,101497565,2,19,0,-1,2,1,5,-1,0,1,0,0,0,0,2,1,-1,9,2,64,9,1968,2,2,VOLKSWAGEN TRANSPORTER,5,E01031606,0,5
2024101486221,2024,101486221,2,19,0,-1,19,4,8,-1,0,1,0,0,0,0,1,9,-1,6,1,-1,-1,1968,2,12,VOLKSWAGEN TRANSPORTER,7,E01008845,0,1
2024010518744,2024,010518744,2,19,0,99,99,9,9,99,99,9,9,99,9,99,9,9,1,1,1,35,6,1968,2,6,VOLKSWAGEN TRANSPORTER,3,E01002708,0,2
2024501532110,2024,501532110,2,19,0,-1,3,1,5,-1,0,0,0,0,0,0,1,1,-1,6,1,20,4,1968,2,14,VOLKSWAGEN TRANSPORTER,8,E01020120,0,1
2024631461975,2024,631461975,2,90,0,-1,19,4,8,-1,0,0,5,0,1,9,3,1,-1,9,2,59,9,1968,2,12,VOLKSWAGEN TRANSPORTER,8,E01028923,0,4
2024201464872,2024,201464872,2,9,0,-1,2,0,0,-1,0,1,0,0,0,0,2,1,-1,6,-1,-1,-1,1968,2,14,VOLKSWAGEN TRANSPORTER,-1,-1,0,-1
2024520402892,2024,520402892,2,19,0,18,19,3,8,0,0,1,0,0,7,11,3,1,6,6,1,28,6,-1,-1,-1,VOLKSWAGEN TRANSPORTER,6,E01029021,0,3
2024052401649,2024,052401649,2,19,0,9,9,6,2,0,0,1,0,0,0,0,4,1,6,6,1,59,9,2459,1,29,VOLKSWAGEN TRANSPORTER,6,E01007248,0,1
2024041488840,2024,041488840,2,19,0,-1,4,3,1,-1,0,1,0,0,0,0,2,1,-1,2,1,33,6,1968,2,0,VOLKSWAGEN TRANSPORTER,1,E01005427,0,4
2024010550297,2024,010550297,1,19,0,4,4,4,8,0,0,0,0,0,0,0,2,1,6,6,1,58,9,1968,2,5,VOLKSWAGEN TRANSPORTER,6,E01000623,0,2
2024340NN2642,2024,340NN2642,1,9,0,-1,19,7,1,-1,0,0,0,0,0,0,1,1,-1,9,1,69,10,1968,2,4,VOLKSWAGEN TRANSPORTER,6,E01027039,0,3
2024010555147,2024,010555147,2,19,0,99,99,9,9,99,99,9,9,99,9,99,2,9,6,6,3,37,7,-1,3,4,VOLKSWAGEN TRANSPORTER,4,E01004656,0,1
2024010514236,2024,010514236,1,19,9,99,99,9,9,99,99,9,9,99,9,99,9,9,6,6,3,46,8,1968,2,5,VOLKSWAGEN TRANSPORTER,2,E01003540,0,3
2024361495183,2024,361495183,2,19,0,-1,19,8,4,-1,0,0,0,0,1,10,1,1,-1,1,1,37,7,1968,2,1,VOLKSWAGEN TRANSPORTER,1,E01026690,0,3
2024471485904,2024,471485904,2,9,0,-1,19,6,2,-1,0,0,0,0,0,0,1,1,-1,1,1,45,7,1968,2,5,VOLKSWAGEN TRANSPORTER,4,E01020915,0,3
2024461523360,2024,461523360,1,20,0,-1,9,3,1,-1,0,6,0,0,0,0,1,1,-1,1,1,40,7,-1,-1,-1,VOLKSWAGEN TRANSPORTER,7,E01024094,0,3
2024501515936,2024,501515936,1,19,0,-1,2,2,6,-1,99,0,0,0,0,0,1,1,-1,6,1,76,11,1896,2,17,VOLKSWAGEN TRANSPORTER,2,E01015168,0,1
2024501485788,2024,501485788,2,19,0,-1,19,7,3,-1,0,0,0,0,0,0,3,1,-1,6,1,30,6,1968,2,10,VOLKSWAGEN TRANSPORTER,5,E01019019,0,1
2024501419435,2024,501419435,1,19,0,-1,19,8,2,-1,0,1,0,0,0,0,1,9,-1,6,1,70,10,1968,2,8,VOLKSWAGEN TRANSPORTER,6,E01018985,0,1
2024451434584,2024,451434584,2,19,0,-1,19,5,1,-1,0,1,0,0,0,0,1,1,-1,9,1,50,8,1968,2,13,VOLKSWAGEN TRANSPORTER,5,E01030658,0,1
2024340WN2412,2024,340WN2412,1,8,0,-1,19,7,3,-1,0,2,0,0,0,0,1,1,-1,1,1,57,9,1968,2,8,VOLKSWAGEN TRANSPORTER,8,E01027174,0,2
2024221450104,2024,221450104,2,19,0,-1,19,4,8,-1,0,8,0,0,0,0,3,1,-1,6,1,58,9,1968,2,7,VOLKSWAGEN TRANSPORTER,5,E01014099,0,2
2024131457223,2024,131457223,2,19,0,-1,19,3,7,-1,0,1,0,0,0,0,1,1,-1,1,1,61,9,1968,2,8,VOLKSWAGEN TRANSPORTER,4,E01011044,0,1
2024131457772,2024,131457772,3,19,0,-1,19,1,5,-1,0,1,0,0,0,0,3,1,-1,6,2,42,7,1968,2,9,VOLKSWAGEN TRANSPORTER,8,E01010698,0,1
2024141545199,2024,141545199,2,19,0,-1,19,7,5,-1,0,1,0,0,0,0,1,1,-1,6,3,-1,-1,1968,2,6,VOLKSWAGEN TRANSPORTER,-1,-1,0,-1
2024231433479,2024,231433479,1,19,0,-1,5,3,1,-1,0,6,0,0,0,0,0,9,-1,6,1,37,7,1968,2,4,VOLKSWAGEN TRANSPORTER,4,E01031276,0,2
2024221515085,2024,221515085,2,19,0,-1,19,2,6,-1,0,0,0,0,0,0,2,9,-1,6,1,42,7,1968,2,0,VOLKSWAGEN TRANSPORTER,2,E01033886,0,3