collision_index,collision_year,collision_ref_no,vehicle_reference,vehicle_type,towing_and_articulation,vehicle_manoeuvre_historic,vehicle_manoeuvre,vehicle_direction_from,vehicle_direction_to,vehicle_location_restricted_lane_historic,vehicle_location_restricted_lane,junction_location,skidding_and_overturning,hit_object_in_carriageway,vehicle_leaving_carriageway,hit_object_off_carriageway,first_point_of_impact,vehicle_left_hand_drive,journey_purpose_of_driver_historic,journey_purpose_of_driver,sex_of_driver,age_of_driver,age_band_of_driver,engine_capacity_cc,propulsion_code,age_of_vehicle,generic_make_model,driver_imd_decile,lsoa_of_driver,escooter_flag,driver_distance_banding
2024531509904,2024,531509904,1,19,0,-1,12,3,7,-1,0,7,0,0,0,0,3,9,-1,6,3,-1,-1,1968,2,10,VOLKSWAGEN TRANSPORTER,-1,-1,0,-1
2024061458343,2024,061458343,1,19,0,-1,9,4,1,-1,0,5,0,0,0,0,3,1,-1,1,1,60,9,1968,2,5,VOLKSWAGEN TRANSPORTER,5,E01005711,0,3
2024501421251,2024,501421251,3,19,0,-1,19,5,1,-1,0,1,0,0,0,0,2,2,-1,1,1,47,8,1968,2,7,VOLKSWAGEN TRANSPORTER,1,E01015263,0,1
2024070894097,2024,070894097,2,9,0,-1,4,1,1,-1,0,8,0,0,0,0,1,1,-1,9,1,35,6,1968,2,5,VOLKSWAGEN TRANSPORTER,5,E01018479,0,1
2024440322414,2024,440322414,1,19,0,18,19,5,1,0,0,0,0,0,7,11,1,1,6,6,1,46,8,2460,2,16,VOLKSWAGEN TRANSPORTER,9,E01022947,0,1
2024371483830,2024,371483830,2,90,0,-1,3,1,5,-1,0,0,0,0,0,0,2,1,-1,9,1,56,9,1968,2,2,VOLKSWAGEN TRANSPORTER,8,E01030121,0,3
2024501501375,2024,501501375,2,19,0,-1,19,1,5,-1,0,0,0,0,0,0,1,1,-1,9,1,47,8,1968,2,9,VOLKSWAGEN TRANSPORTER,7,E01025830,0,5
2024070246036,2024,070246036,1,19,0,18,19,4,8,0,0,1,0,0,0,0,1,1,6,6,1,43,7,1968,2,3,VOLKSWAGEN TRANSPORTER,7,E01034671,0,1
2024430482530,2024,430482530,1,19,0,18,19,7,3,0,0,1,0,0,0,0,1,1,1,1,1,46,8,1968,2,8,VOLKSWAGEN TRANSPORTER,4,E01035745,0,1
2024221510211,2024,221510211,2,19,0,-1,19,6,2,-1,0,0,0,0,0,0,1,1,-1,2,2,58,9,1968,2,2,VOLKSWAGEN TRANSPORTER,9,E01032289,0,1
2024101526314,2024,101526314,7,19,0,-1,19,5,1,-1,0,0,0,0,0,0,1,1,-1,2,1,35,6,1968,2,7,VOLKSWAGEN TRANSPORTER,5,E01008774,0,1
2024451434254,2024,451434254,2,19,0,-1,4,-1,-1,-1,0,0,0,0,0,0,2,1,-1,6,1,53,8,1968,2,5,VOLKSWAGEN TRANSPORTER,8,E01002949,0,3
2024411461175,2024,411461175,2,19,0,-1,4,6,2,-1,0,0,0,0,0,0,2,1,-1,6,1,28,6,1968,2,1,VOLKSWAGEN TRANSPORTER,5,E01023542,0,2
2024552400951,2024,552400951,1,19,0,18,19,2,6,0,0,0,0,0,0,0,1,1,6,6,1,53,8,1896,2,15,VOLKSWAGEN TRANSPORTER,9,E01016092,0,5
2024411423482,2024,411423482,3,19,0,-1,5,1,3,-1,0,8,0,0,0,0,1,1,-1,1,1,60,9,1968,2,2,VOLKSWAGEN TRANSPORTER,10,E01023966,0,2
2024501515402,2024,501515402,1,19,0,-1,19,7,3,-1,0,2,0,0,0,0,1,1,-1,9,2,43,7,1968,2,9,VOLKSWAGEN TRANSPORTER,5,E01020119,0,1
2024061521935,2024,061521935,2,19,0,-1,19,3,3,-1,0,8,0,0,0,0,1,1,-1,2,2,43,7,1968,2,6,VOLKSWAGEN TRANSPORTER,5,E01011078,0,4
2024451508591,2024,451508591,2,19,0,-1,19,1,5,-1,0,0,0,0,0,0,2,1,-1,1,1,52,8,1968,2,0,VOLKSWAGEN TRANSPORTER,9,E01022475,0,4
2024552401282,2024,552401282,3,19,0,4,4,6,2,0,0,0,0,0,0,0,2,1,6,6,1,55,8,-1,-1,-1,VOLKSWAGEN TRANSPORTER,6,E01032027,0,4
2024440231890,2024,440231890,1,19,0,18,19,2,6,0,0,0,0,0,1,2,1,1,6,6,1,42,7,1896,2,20,VOLKSWAGEN TRANSPORTER,3,E01023083,0,1
2024440014571,2024,440014571,3,19,0,18,19,7,3,0,0,8,0,0,0,0,1,1,1,1,1,47,8,1968,2,2,VOLKSWAGEN TRANSPORTER,3,E01017194,0,1
2024070536750,2024,070536750,1,10,0,18,19,3,7,0,0,0,0,0,0,1,1,1,6,6,1,38,7,-1,-1,-1,VOLKSWAGEN TRANSPORTER,6,E01012378,0,1
2024041407421,2024,041407421,1,19,0,-1,2,5,1,-1,0,0,0,0,0,0,1,1,-1,1,1,50,8,1968,2,2,VOLKSWAGEN TRANSPORTER,1,E01025584,0,4
2024440516995,2024,440516995,1,19,0,9,9,2,7,0,0,8,0,0,0,0,3,1,6,6,2,65,9,1968,2,3,VOLKSWAGEN TRANSPORTER,-1,-1,0,-1
2024451423750,2024,451423750,1,19,0,-1,4,6,2,-1,0,0,0,0,0,0,2,1,-1,9,1,36,7,1968,2,4,VOLKSWAGEN TRANSPORTER,5,E01030572,0,2
2024041400017,2024,041400017,1,19,0,-1,19,5,1,-1,0,2,0,0,0,0,1,1,-1,1,1,61,9,1968,2,9,VOLKSWAGEN TRANSPORTER,7,E01025463,0,4
2024351435586,2024,351435586,2,19,0,-1,2,0,0,-1,0,2,0,0,0,0,2,1,-1,6,2,47,8,1968,2,8,VOLKSWAGEN TRANSPORTER,-1,-1,0,-1
2024161501971,2024,161501971,1,19,-1,-1,7,6,1,-1,0,0,0,0,0,0,-1,9,-1,9,1,43,7,1968,2,10,VOLKSWAGEN TRANSPORTER,2,E01012795,0,2
2024421519293,2024,421519293,1,19,0,-1,1,-1,-1,-1,0,0,0,0,0,0,2,9,-1,6,1,46,8,1968,2,1,VOLKSWAGEN TRANSPORTER,5,E01021522,0,1
2024991484739,2024,991484739,1,8,0,-1,19,1,5,-1,0,0,0,0,0,0,1,1,-1,1,1,51,8,1968,2,4,VOLKSWAGEN TRANSPORTER,5,E01008416,0,5
2024371518515,2024,371518515,2,19,0,-1,19,5,1,-1,0,1,0,0,0,0,1,9,-1,1,1,47,8,1968,2,10,VOLKSWAGEN TRANSPORTER,8,E01029901,0,1
2024131474065,2024,131474065,2,19,0,-1,19,5,1,-1,0,0,0,0,0,0,1,1,-1,9,1,42,7,1968,2,7,VOLKSWAGEN TRANSPORTER,5,E01007687,0,4
2024622400604,2024,622400604,1,19,0,18,19,8,4,0,0,0,0,0,0,0,1,1,6,6,1,50,8,2461,2,22,VOLKSWAGEN TRANSPORTER,5,W01001131,0,1
2024010532211,2024,010532211,5,19,0,2,2,0,0,9,9,1,0,0,0,0,4,1,6,6,3,-1,-1,1968,2,7,VOLKSWAGEN TRANSPORTER,-1,-1,0,-1
2024451440436,2024,451440436,3,10,0,-1,2,6,7,-1,0,2,0,0,1,0,3,1,-1,6,-1,-1,-1,-1,-1,-1,VOLKSWAGEN TRANSPORTER,-1,-1,0,-1
2024451481069,2024,451481069,2,19,0,-1,19,3,7,-1,0,0,0,0,0,0,1,1,-1,1,1,60,9,1968,2,4,VOLKSWAGEN TRANSPORTER,10,E01022874,0,3
2024010531987,2024,010531987,3,19,0,2,2,0,0,0,0,0,0,0,0,0,0,1,6,6,3,-1,-1,1968,2,2,VOLKSWAGEN TRANSPORTER,-1,-1,0,-1
2024440324340,2024,440324340,2,19,0,13,13,2,6,0,0,8,0,0,0,0,4,1,6,6,1,-1,-1,1915,1,38,VOLKSWAGEN TRANSPORTER,-1,-1,0,-1
2024131496451,2024,131496451,3,10,0,-1,2,0,0,-1,0,8,0,0,0,0,2,1,-1,6,-1,-1,-1,-1,-1,-1,VOLKSWAGEN TRANSPORTER,-1,-1,0,-1
2024610054624,2024,610054624,3,19,0,2,2,0,0,0,0,0,0,0,0,0,3,1,6,6,2,-1,-1,1968,2,8,VOLKSWAGEN TRANSPORTER,5,W01001373,0,1
2024221507586,2024,221507586,2,19,0,-1,4,7,3,-1,0,1,0,0,0,0,2,9,-1,9,2,20,4,1896,2,17,VOLKSWAGEN TRANSPORTER,8,E01014002,0,3
2024522403173,2024,522403173,1,19,0,9,9,5,2,0,0,5,0,0,0,0,1,1,6,6,1,58,9,1896,2,19,VOLKSWAGEN TRANSPORTER,2,E01014526,0,2
2024141465002,2024,141465002,2,19,0,-1,19,1,5,-1,0,1,1,0,1,0,1,1,-1,2,1,41,7,1968,2,4,VOLKSWAGEN TRANSPORTER,1,E01007577,0,3
2024461410116,2024,461410116,1,19,0,-1,19,7,3,-1,0,0,0,0,0,0,9,9,-1,6,2,47,8,1968,2,7,VOLKSWAGEN TRANSPORTER,4,E01024387,0,3
2024991486204,2024,991486204,1,19,0,-1,9,1,7,-1,0,8,0,0,0,0,4,1,-1,1,1,43,7,1968,2,0,VOLKSWAGEN TRANSPORTER,8,-1,0,4
2024201403993,2024,201403993,3,19,0,-1,2,0,0,-1,0,0,0,0,0,0,2,1,-1,9,1,58,9,1968,2,6,VOLKSWAGEN TRANSPORTER,-1,-1,0,-1
2024320130881,2024,320130881,4,20,0,-1,-1,6,2,0,0,0,0,0,0,0,2,1,6,6,1,29,6,-1,-1,-1,VOLKSWAGEN TRANSPORTER,4,E01018083,0,4
2024501487555,2024,501487555,1,19,0,-1,19,3,7,-1,0,0,0,0,0,0,1,1,-1,1,1,25,5,1968,2,0,VOLKSWAGEN TRANSPORTER,1,E01015231,0,3
2024451405568,2024,451405568,1,90,0,-1,19,2,6,-1,5,2,0,0,0,0,4,1,-1,6,1,51,8,2461,1,22,VOLKSWAGEN TRANSPORTER,6,E01030629,0,3
2024421483678,2024,421483678,1,9,0,-1,1,6,7,-1,0,0,0,0,0,0,1,1,-1,9,2,32,6,1968,2,4,VOLKSWAGEN TRANSPORTER,7,E01023576,0,4
2024411455683,2024,411455683,2,20,4,-1,19,7,3,-1,0,0,0,0,0,0,3,1,-1,1,1,51,8,-1,-1,-1,VOLKSWAGEN TRANSPORTER,7,E01030466,0,4
2024531505142,2024,531505142,1,90,0,-1,5,5,1,-1,0,1,0,0,0,0,4,1,-1,9,1,75,10,2461,2,22,VOLKSWAGEN TRANSPORTER,3,E01003926,0,5
2024311465506,2024,311465506,1,19,0,-1,19,7,3,-1,0,0,0,0,0,0,1,1,-1,1,1,32,6,1968,2,8,VOLKSWAGEN TRANSPORTER,1,E01013331,0,4
2024520401754,2024,520401754,2,19,0,9,9,7,5,0,0,8,0,0,0,0,1,1,6,6,2,-1,-1,1968,2,3,VOLKSWAGEN TRANSPORTER,-1,-1,0,-1
2024610042724,2024,610042724,2,19,0,18,19,7,3,0,0,0,0,0,4,6,2,1,6,6,2,23,5,1896,2,17,VOLKSWAGEN TRANSPORTER,4,W01001450,0,4
2024010547653,2024,010547653,1,19,0,18,19,5,1,0,0,8,0,0,0,0,1,1,2,2,1,35,6,1968,2,4,VOLKSWAGEN TRANSPORTER,3,E01001806,0,1
2024010517241,2024,010517241,2,19,0,99,99,9,9,99,99,9,9,99,9,99,9,9,6,6,1,55,8,1968,2,4,VOLKSWAGEN TRANSPORTER,6,E01022175,0,5
2024201529102,2024,201529102,2,19,0,-1,2,0,0,-1,0,2,0,0,0,0,2,9,-1,1,1,39,7,1968,2,1,VOLKSWAGEN TRANSPORTER,7,E01025840,0,4
2024351497156,2024,351497156,1,19,0,-1,7,1,7,-1,0,8,0,0,0,0,4,1,-1,1,1,54,8,1968,2,1,VOLKSWAGEN TRANSPORTER,9,E01033045,0,4
2024522401675,2024,522401675,2,19,0,18,19,8,4,0,0,1,0,0,0,0,3,1,6,6,3,-1,-1,2460,2,19,VOLKSWAGEN TRANSPORTER,-1,-1,0,-1
2024471454443,2024,471454443,1,19,0,-1,19,8,4,-1,9,1,0,0,0,0,1,9,-1,6,1,44,7,2461,2,21,VOLKSWAGEN TRANSPORTER,6,E01031440,0,4
2024991422827,2024,991422827,3,20,0,-1,19,2,6,-1,0,0,0,0,0,0,2,1,-1,1,1,55,8,-1,-1,-1,VOLKSWAGEN TRANSPORTER,3,-1,0,4
2024430389790,2024,430389790,1,19,0,18,19,2,6,0,0,8,0,0,0,0,4,1,6,6,1,59,9,1968,2,8,VOLKSWAGEN TRANSPORTER,4,E01032731,0,3
2024211514325,2024,211514325,1,19,0,-1,19,1,5,-1,0,0,0,0,0,0,4,1,-1,9,1,49,8,1968,2,7,VOLKSWAGEN TRANSPORTER,-1,-1,0,-1
2024221512576,2024,221512576,1,19,0,-1,19,8,4,-1,0,0,0,0,0,0,4,9,-1,6,1,51,8,1968,2,1,VOLKSWAGEN TRANSPORTER,7,E01014006,0,2
2024520402857,2024,520402857,3,19,0,18,19,7,3,0,0,0,0,0,0,0,3,1,6,6,1,68,10,1896,2,17,VOLKSWAGEN TRANSPORTER,10,E01029030,0,1
2024471415548,2024,471415548,1,19,0,-1,19,3,7,-1,0,0,0,0,0,0,1,1,-1,2,1,49,8,1968,2,11,VOLKSWAGEN TRANSPORTER,5,E01031771,0,2
2024141497910,2024,141497910,2,19,0,-1,4,8,4,-1,0,1,0,0,0,0,2,1,-1,1,2,52,8,1968,2,5,VOLKSWAGEN TRANSPORTER,5,E01008024,0,2
2024131453577,2024,131453577,2,19,0,-1,19,1,5,-1,0,4,0,0,0,0,1,1,-1,2,1,46,8,1968,2,1,VOLKSWAGEN TRANSPORTER,3,E01007488,0,4
2024320271050,2024,320271050,1,19,0,-1,-1,2,6,0,0,1,0,0,0,0,1,1,1,1,1,21,5,1968,2,4,VOLKSWAGEN TRANSPORTER,8,E01026200,0,4
2024552400680,2024,552400680,1,19,0,7,7,5,8,0,0,6,0,0,0,0,3,1,6,6,1,47,8,2461,2,23,VOLKSWAGEN TRANSPORTER,7,E01020487,0,2
2024501429685,2024,501429685,2,19,0,-1,19,1,5,-1,1,1,0,0,0,0,1,1,-1,9,2,34,6,1968,2,12,VOLKSWAGEN TRANSPORTER,7,E01018983,0,1
2024010504271,2024,010504271,2,19,0,4,4,5,1,0,0,0,0,0,0,0,1,1,1,1,1,27,6,1968,2,3,VOLKSWAGEN TRANSPORTER,2,E01001447,0,2
2024131486895,2024,131486895,2,19,0,-1,15,7,5,-1,0,8,0,0,0,0,-1,1,-1,6,3,-1,-1,1968,2,5,VOLKSWAGEN TRANSPORTER,-1,-1,0,-1
2024010541972,2024,010541972,2,19,0,99,99,9,9,99,99,9,9,99,9,99,1,9,6,6,1,68,10,1968,2,9,VOLKSWAGEN TRANSPORTER,7,E01015969,0,4
2024141411730,2024,141411730,1,19,0,-1,5,1,5,-1,0,2,0,0,0,0,3,1,-1,1,1,60,9,1968,2,1,VOLKSWAGEN TRANSPORTER,10,E01011894,0,3
2024543049324,2024,543049324,2,19,0,18,19,8,4,0,0,0,2,0,1,9,3,1,6,6,1,60,9,1968,2,7,VOLKSWAGEN TRANSPORTER,8,E01015473,0,1
2024552401200,2024,552401200,1,19,0,4,4,3,7,0,0,1,0,0,0,0,1,1,6,6,1,45,7,1968,2,8,VOLKSWAGEN TRANSPORTER,4,E01034277,0,2
2024070268835,2024,070268835,2,19,0,18,19,5,1,0,0,0,0,0,0,0,1,1,6,6,1,58,9,1968,2,7,VOLKSWAGEN TRANSPORTER,6,E01010885,0,4
2024221495115,2024,221495115,2,19,0,-1,19,2,6,-1,0,0,0,0,1,0,1,1,-1,1,1,26,6,1968,2,3,VOLKSWAGEN TRANSPORTER,1,E01009401,0,4
2024201513849,2024,201513849,1,19,0,-1,19,7,3,-1,0,0,0,0,0,0,4,1,-1,6,1,40,7,1968,2,14,VOLKSWAGEN TRANSPORTER,-1,-1,0,-1
2024461480653,2024,461480653,1,9,0,-1,19,3,7,-1,0,0,0,0,0,0,1,1,-1,9,1,38,7,1968,2,7,VOLKSWAGEN TRANSPORTER,6,E01016166,0,3
2024522402904,2024,522402904,2,21,0,7,7,7,1,0,0,8,0,0,0,0,1,1,1,1,1,30,6,-1,-1,-1,VOLKSWAGEN TRANSPORTER,9,E01032106,0,4
2024440461257,2024,440461257,1,19,0,9,9,7,1,0,0,6,1,0,0,0,1,1,1,1,1,38,7,-1,-1,-1,VOLKSWAGEN TRANSPORTER,9,E01017147,0,1
2024531414995,2024,531414995,1,19,0,-1,19,2,6,-1,0,0,0,0,1,4,1,1,-1,1,1,42,7,1968,2,4,VOLKSWAGEN TRANSPORTER,10,W01001132,0,4
2024440190297,2024,440190297,2,19,0,18,19,1,5,0,0,0,0,0,0,0,1,1,6,6,1,29,6,1896,2,16,VOLKSWAGEN TRANSPORTER,5,E01030786,0,2
2024010511534,2024,010511534,2,19,0,99,99,9,9,99,99,9,9,99,9,99,9,9,6,6,3,21,5,1968,2,5,VOLKSWAGEN TRANSPORTER,5,E01001319,0,1
2024451408458,2024,451408458,3,19,0,-1,2,0,0,-1,0,0,0,0,0,0,1,1,-1,6,-1,-1,-1,1984,1,6,VOLKSWAGEN TRANSPORTER,-1,-1,0,-1
2024052400877,2024,052400877,1,19,0,4,4,4,8,0,0,8,1,0,7,1,1,1,1,1,1,-1,-1,1968,2,3,VOLKSWAGEN TRANSPORTER,6,E01033756,0,1
2024430195308,2024,430195308,2,19,0,4,4,1,5,0,0,1,0,0,0,0,2,1,6,6,1,30,6,1968,2,14,VOLKSWAGEN TRANSPORTER,6,E01028480,0,1
2024320021470,2024,320021470,2,19,0,10,10,1,7,0,0,2,0,0,0,0,2,1,1,1,1,44,7,1968,2,5,VOLKSWAGEN TRANSPORTER,5,E01026213,0,2
2024421424016,2024,421424016,2,19,0,-1,3,1,5,-1,0,0,0,0,0,0,2,1,-1,9,1,53,8,1968,2,8,VOLKSWAGEN TRANSPORTER,7,E01015955,0,1
2024430584047,2024,430584047,1,19,0,9,9,8,6,0,0,6,0,0,0,0,4,1,6,6,1,56,9,1968,2,6,VOLKSWAGEN TRANSPORTER,7,E01030651,0,4
2024451455503,2024,451455503,1,19,0,-1,19,3,7,-1,0,0,0,0,0,0,1,1,-1,2,1,26,6,1968,2,7,VOLKSWAGEN TRANSPORTER,8,E01030335,0,1
2024521434824,2024,521434824,2,19,0,-1,-1,7,3,-1,-1,0,1,0,0,0,1,1,-1,-1,1,47,8,1968,2,4,VOLKSWAGEN TRANSPORTER,7,E01020064,0,3
2024010508091,2024,010508091,2,19,0,3,3,1,5,0,0,0,0,0,0,0,3,1,6,6,1,24,5,1968,2,0,VOLKSWAGEN TRANSPORTER,6,E01001214,0,1
2024622400725,2024,622400725,2,19,0,18,19,4,8,0,0,0,0,0,0,0,1,1,6,6,1,50,8,1600,1,60,VOLKSWAGEN TRANSPORTER,3,E01024620,0,5
2024010508039,2024,010508039,1,9,0,4,4,1,5,0,0,0,0,10,0,0,1,1,2,2,1,65,9,1968,2,3,VOLKSWAGEN TRANSPORTER,9,E01003905,0,1
2024991477277,2024,991477277,2,10,0,-1,19,6,2,-1,0,0,0,0,0,0,1,1,-1,9,2,35,6,-1,-1,-1,VOLKSWAGEN TRANSPORTER,2,-1,0,4
2024161410730,2024,161410730,3,19,0,-1,19,1,5,-1,0,0,0,0,0,0,1,1,-1,6,1,24,5,1968,2,2,VOLKSWAGEN TRANSPORTER,9,E01013252,0,2
2024501455734,2024,501455734,2,19,0,-1,19,1,5,-1,0,0,0,8,0,0,3,9,-1,6,3,-1,-1,1968,2,11,VOLKSWAGEN TRANSPORTER,-1,-1,0,-1
2024531488056,2024,531488056,2,19,0,-1,4,5,1,-1,0,0,0,0,0,0,0,9,-1,1,1,54,8,1968,2,8,VOLKSWAGEN TRANSPORTER,6,E01022162,0,2
2024622400182,2024,622400182,4,19,0,18,19,5,1,0,0,1,0,0,0,0,2,1,1,1,1,41,7,1968,2,12,VOLKSWAGEN TRANSPORTER,7,W01000779,0,2
2024070246284,2024,070246284,1,19,0,9,9,1,7,0,0,2,0,0,0,0,3,1,1,1,1,27,6,1968,2,7,VOLKSWAGEN TRANSPORTER,-1,-1,0,-1
2024552401490,2024,552401490,1,19,0,7,7,2,4,0,0,5,0,0,0,0,3,1,6,6,1,50,8,-1,-1,-1,VOLKSWAGEN TRANSPORTER,7,E01015450,0,3
2024361437526,2024,361437526,2,19,0,-1,3,5,1,-1,0,0,0,0,0,0,2,1,-1,6,2,42,7,1968,2,11,VOLKSWAGEN TRANSPORTER,7,E01026881,0,1
2024010532630,2024,010532630,1,3,0,7,7,4,7,0,0,8,1,0,0,0,4,1,6,6,2,28,6,1968,2,4,VOLKSWAGEN TRANSPORTER,4,E01002589,0,1
2024991475909,2024,991475909,1,19,0,-1,4,3,7,-1,0,1,0,0,0,0,1,1,-1,6,1,59,9,1968,2,13,VOLKSWAGEN TRANSPORTER,5,-1,0,4
2024522401962,2024,522401962,1,19,0,3,3,7,3,0,0,1,0,0,0,0,2,1,6,6,1,43,7,2460,2,18,VOLKSWAGEN TRANSPORTER,4,E01014746,0,2
2024440466034,2024,440466034,2,19,0,18,19,6,2,0,0,6,0,0,0,0,1,1,6,6,1,29,6,1968,2,8,VOLKSWAGEN TRANSPORTER,4,E01017262,0,1
2024991513554,2024,991513554,3,90,0,-1,3,7,3,-1,0,0,0,0,0,0,2,1,-1,6,1,53,8,1968,2,10,VOLKSWAGEN TRANSPORTER,8,-1,0,4
2024991510096,2024,991510096,1,8,0,-1,6,1,5,-1,0,1,0,0,7,0,3,1,-1,6,1,68,10,1968,2,8,VOLKSWAGEN TRANSPORTER,7,-1,0,1
2024501505200,2024,501505200,2,19,0,-1,4,7,3,-1,0,1,0,0,0,0,2,1,-1,7,2,26,6,2461,2,22,VOLKSWAGEN TRANSPORTER,4,E01020535,0,2
2024501492793,2024,501492793,1,19,0,-1,19,6,2,-1,0,0,5,6,7,9,1,1,-1,6,1,35,6,1968,2,13,VOLKSWAGEN TRANSPORTER,5,E01018851,0,1
2024361423517,2024,361423517,1,19,0,-1,10,1,7,-1,0,8,0,0,0,0,3,1,-1,2,1,44,7,1968,2,9,VOLKSWAGEN TRANSPORTER,5,E01026724,0,1
2024070760846,2024,070760846,1,19,0,-1,19,1,8,-1,9,6,0,0,0,0,1,1,-1,9,1,59,9,1968,2,2,VOLKSWAGEN TRANSPORTER,8,E01018323,0,1
2024411518468,2024,411518468,2,19,0,-1,4,3,7,-1,0,0,0,0,0,0,2,1,-1,2,1,54,8,1968,2,3,VOLKSWAGEN TRANSPORTER,-1,-1,0,-1
2024332401228,2024,332401228,1,19,0,-1,19,8,4,-1,0,0,0,0,0,0,1,1,-1,1,1,53,8,1968,2,4,VOLKSWAGEN TRANSPORTER,4,E01003562,0,5
2024440366430,2024,440366430,1,19,0,18,19,1,5,0,0,8,0,0,1,4,1,1,6,6,1,65,9,1968,2,11,VOLKSWAGEN TRANSPORTER,9,E01031532,0,2
2024141425941,2024,141425941,2,19,0,-1,19,8,4,-1,0,8,0,0,1,0,4,1,-1,9,1,68,10,1968,2,8,VOLKSWAGEN TRANSPORTER,2,E01007559,0,1
2024421437229,2024,421437229,1,19,0,-1,1,7,3,-1,0,0,0,0,0,0,2,9,-1,6,1,37,7,-1,-1,-1,VOLKSWAGEN TRANSPORTER,5,E01021426,0,4
2024221533593,2024,221533593,1,90,0,-1,3,2,7,-1,0,0,0,0,0,0,2,1,-1,6,1,51,8,1896,2,18,VOLKSWAGEN TRANSPORTER,4,E01032454,0,2
2024201459007,2024,201459007,1,19,0,-1,1,7,3,-1,0,0,0,0,0,0,2,1,-1,6,1,32,6,1968,2,2,VOLKSWAGEN TRANSPORTER,-1,-1,0,-1
2024631472908,2024,631472908,3,19,0,-1,19,6,2,-1,0,0,0,0,0,0,1,1,-1,6,1,40,7,1968,2,4,VOLKSWAGEN TRANSPORTER,7,W01000460,0,1
202460Q066760,2024,60Q066760,1,19,0,9,9,2,5,0,0,6,0,0,0,0,1,1,6,6,1,40,7,1968,2,7,VOLKSWAGEN TRANSPORTER,-1,-1,0,-1
2024631401041,2024,631401041,2,19,0,-1,4,8,4,-1,0,0,0,0,1,10,2,1,-1,1,1,46,8,1968,2,12,VOLKSWAGEN TRANSPORTER,8,W01000555,0,4
2024421437358,2024,421437358,3,19,0,-1,19,6,2,-1,0,0,0,0,0,0,3,1,-1,1,1,56,9,2460,2,16,VOLKSWAGEN TRANSPORTER,8,E01021867,0,3
2024311500905,2024,311500905,1,19,0,-1,19,8,4,-1,0,0,0,0,0,0,1,1,-1,9,1,36,7,1968,2,0,VOLKSWAGEN TRANSPORTER,6,E01013840,0,1
2024471513176,2024,471513176,1,19,0,-1,9,5,3,-1,0,0,0,0,0,0,1,1,-1,9,1,24,5,1896,2,18,VOLKSWAGEN TRANSPORTER,4,E01031716,0,2
2024440088339,2024,440088339,2,19,0,18,19,2,6,0,0,0,0,0,0,0,1,1,6,6,1,42,7,1968,2,7,VOLKSWAGEN TRANSPORTER,4,E01022527,0,1
2024471452198,2024,471452198,2,19,0,-1,19,7,3,-1,0,0,0,0,1,4,3,1,-1,6,1,58,9,1968,2,4,VOLKSWAGEN TRANSPORTER,8,E01035342,0,3
2024522401918,2024,522401918,1,19,0,18,19,2,6,0,0,0,0,0,0,0,4,1,6,6,2,57,9,1968,2,10,VOLKSWAGEN TRANSPORTER,1,E01014663,0,1
2024501519110,2024,501519110,1,19,0,-1,19,1,5,-1,0,0,0,0,0,0,1,1,-1,6,1,26,6,1896,2,29,VOLKSWAGEN TRANSPORTER,-1,-1,0,-1
2024211506486,2024,211506486,1,19,0,-1,-1,-1,-1,-1,-1,-1,-1,-1,-1,0,-1,1,-1,6,1,34,6,1896,2,17,VOLKSWAGEN TRANSPORTER,-1,-1,0,-1
2024122401005,2024,122401005,2,20,0,4,4,5,1,0,0,1,0,0,0,0,2,1,1,1,2,24,5,-1,-1,-1,VOLKSWAGEN TRANSPORTER,6,E01012923,0,4
2024501400115,2024,501400115,2,19,0,-1,19,5,1,-1,0,8,0,0,7,0,1,1,-1,2,1,23,5,1968,2,11,VOLKSWAGEN TRANSPORTER,6,E01020335,0,2
2024351427780,2024,351427780,1,19,0,-1,10,5,3,-1,0,1,0,0,1,0,4,1,-1,6,2,28,6,1968,2,8,VOLKSWAGEN TRANSPORTER,8,E01018206,0,3
2024010542849,2024,010542849,2,19,0,18,19,3,7,0,0,0,0,0,0,0,1,1,1,1,1,47,8,1968,2,3,VOLKSWAGEN TRANSPORTER,2,E01003335,0,1
2024991406815,2024,991406815,2,19,0,-1,4,5,1,-1,0,1,0,0,0,0,2,1,-1,1,1,29,6,1968,2,3,VOLKSWAGEN TRANSPORTER,4,-1,0,3
2024991419539,2024,991419539,1,19,0,-1,19,4,8,-1,0,8,1,0,0,0,1,1,-1,1,1,38,7,1968,2,4,VOLKSWAGEN TRANSPORTER,10,-1,0,1
2024320577038,2024,320577038,3,20,0,4,4,4,8,0,0,1,0,0,0,0,1,1,1,1,1,-1,-1,-1,-1,-1,VOLKSWAGEN TRANSPORTER,-1,-1,0,-1
2024461517758,2024,461517758,2,19,0,-1,19,3,7,-1,0,1,0,0,8,0,4,1,-1,9,1,42,7,1968,2,5,VOLKSWAGEN TRANSPORTER,4,E01024087,0,3
2024340WN2962,2024,340WN2962,2,19,0,-1,2,0,0,-1,0,2,0,0,0,0,2,1,-1,6,3,-1,-1,1968,2,6,VOLKSWAGEN TRANSPORTER,-1,-1,0,-1
2024061453668,2024,061453668,2,19,0,-1,19,4,8,-1,0,0,0,0,0,0,2,9,-1,6,1,67,10,1968,2,9,VOLKSWAGEN TRANSPORTER,-1,-1,0,-1
2024070108726,2024,070108726,1,19,0,18,19,8,4,0,0,1,0,0,0,0,4,1,3,7,2,49,8,-1,-1,-1,VOLKSWAGEN TRANSPORTER,10,E01018676,0,1