collision_index,collision_year,collision_ref_no,vehicle_reference,vehicle_type,towing_and_articulation,vehicle_manoeuvre_historic,vehicle_manoeuvre,vehicle_direction_from,vehicle_direction_to,vehicle_location_restricted_lane_historic,vehicle_location_restricted_lane,junction_location,skidding_and_overturning,hit_object_in_carriageway,vehicle_leaving_carriageway,hit_object_off_carriageway,first_point_of_impact,vehicle_left_hand_drive,journey_purpose_of_driver_historic,journey_purpose_of_driver,sex_of_driver,age_of_driver,age_band_of_driver,engine_capacity_cc,propulsion_code,age_of_vehicle,generic_make_model,driver_imd_decile,lsoa_of_driver,escooter_flag,driver_distance_banding
2024211511166,2024,211511166,1,2,0,-1,19,4,8,-1,0,8,0,0,0,0,3,1,-1,9,1,16,4,48,1,2,MAKE AND MODEL REDACTED,-1,-1,0,-1
2024221436100,2024,221436100,1,2,0,-1,19,3,7,-1,0,8,0,0,0,0,1,1,-1,6,1,17,4,48,1,2,MAKE AND MODEL REDACTED,6,E01028971,0,2
2024471439230,2024,471439230,2,2,0,-1,19,5,1,-1,0,4,1,0,0,0,4,1,-1,6,1,16,4,48,1,2,MAKE AND MODEL REDACTED,7,E01031535,0,2
2024471472812,2024,471472812,1,2,0,-1,6,1,4,-1,0,8,5,0,0,0,1,1,-1,1,1,17,4,48,1,2,MAKE AND MODEL REDACTED,5,E01031834,0,1
2024332400158,2024,332400158,1,2,0,-1,19,9,9,-1,0,6,0,0,0,0,3,1,-1,9,1,16,4,48,1,1,MAKE AND MODEL REDACTED,10,E01025676,0,1
2024010498143,2024,010498143,2,4,0,18,19,7,3,1,1,1,0,0,0,0,4,1,6,6,1,58,9,244,1,17,MAKE AND MODEL REDACTED,5,E01002977,0,1
2024010532190,2024,010532190,1,4,0,18,19,5,1,2,2,2,1,0,0,0,1,1,6,6,1,53,8,278,1,12,MAKE AND MODEL REDACTED,-1,-1,0,-1
2024010518979,2024,010518979,1,4,0,18,19,5,1,0,0,5,0,0,0,0,1,1,6,6,1,18,4,124,1,11,MAKE AND MODEL REDACTED,6,E01033868,0,1
2024141413020,2024,141413020,1,3,0,-1,19,3,7,-1,0,6,1,0,0,0,1,1,-1,6,1,29,6,124,1,15,MAKE AND MODEL REDACTED,3,E01007337,0,1
2024440258361,2024,440258361,1,4,0,13,13,6,2,0,0,2,0,0,0,0,2,1,6,6,1,52,8,292,1,0,MAKE AND MODEL REDACTED,9,E01023059,0,1
2024991477761,2024,991477761,3,17,4,-1,19,8,4,-1,0,0,0,0,0,0,0,1,-1,1,1,20,4,4500,2,1,MAKE AND MODEL REDACTED,5,-1,0,4
2024361414908,2024,361414908,2,17,4,-1,19,6,2,-1,0,1,0,0,0,0,4,2,-1,1,1,22,5,3769,2,2,MAKE AND MODEL REDACTED,5,E01026739,0,3
2024052402891,2024,052402891,1,3,0,4,4,3,7,0,0,5,1,0,1,0,0,1,6,6,1,24,5,125,1,3,MAKE AND MODEL REDACTED,1,E01006612,0,3
2024131422140,2024,131422140,1,3,0,-1,19,2,6,-1,0,0,0,0,0,0,1,1,-1,6,1,18,4,125,1,2,MAKE AND MODEL REDACTED,7,E01034266,0,1
2024041509134,2024,041509134,1,9,0,-1,19,3,7,-1,0,1,0,0,0,0,4,1,-1,9,1,46,8,1560,2,10,FORD C-MAX,2,E01025481,0,1
2024131458799,2024,131458799,3,9,0,-1,2,0,0,-1,0,1,0,0,0,0,0,1,-1,6,-1,-1,-1,1499,2,7,FORD C-MAX,-1,-1,0,-1
2024440535989,2024,440535989,2,9,0,18,19,3,7,0,0,8,0,0,0,0,1,1,6,6,2,74,10,1596,1,14,FORD C-MAX,5,E01022539,0,1
2024122400578,2024,122400578,1,9,0,18,19,5,1,0,0,0,0,0,0,0,1,1,6,6,1,72,10,999,1,7,FORD C-MAX,4,E01034982,0,1
2024010515569,2024,010515569,1,9,0,18,19,3,7,0,0,8,0,0,0,0,1,1,6,6,3,-1,-1,1997,2,10,FORD C-MAX,-1,-1,0,-1
2024332400050,2024,332400050,2,9,0,-1,9,2,8,-1,0,2,0,0,0,0,1,1,-1,9,1,28,6,1596,1,14,FORD C-MAX,3,E01013774,0,1
2024041402626,2024,041402626,1,9,0,-1,7,5,3,-1,0,8,0,0,0,0,4,1,-1,9,2,37,7,1596,1,13,FORD C-MAX,1,E01012743,0,1
2024161446076,2024,161446076,2,9,0,-1,9,1,7,-1,0,1,0,0,0,0,3,9,-1,6,2,26,6,1997,2,11,FORD C-MAX,-1,-1,0,-1
2024451498140,2024,451498140,1,9,0,-1,2,3,7,-1,0,0,0,0,0,0,2,9,-1,9,2,33,6,1798,1,16,FORD C-MAX,8,E01030669,0,1
2024010539757,2024,010539757,1,9,0,2,2,0,0,9,9,2,0,4,1,0,2,1,6,6,3,-1,-1,1499,2,9,FORD C-MAX,-1,-1,0,-1
2024610005724,2024,610005724,1,9,0,18,19,1,5,0,0,0,0,0,0,0,1,1,6,6,2,42,7,1560,2,11,FORD C-MAX,7,W01001432,0,1
2024430025271,2024,430025271,2,9,0,4,4,8,4,0,0,0,0,0,0,0,2,1,2,2,1,68,10,1753,2,14,FORD C-MAX,4,E01023330,0,4
2024320474414,2024,320474414,4,9,0,10,10,6,4,0,0,5,0,0,0,0,2,1,6,6,2,58,9,1596,1,12,FORD C-MAX,9,E01013788,0,3
2024311508236,2024,311508236,2,9,0,-1,2,0,0,-1,0,2,0,0,0,0,2,1,-1,6,1,-1,-1,998,1,10,FORD C-MAX,-1,-1,0,-1
2024622400680,2024,622400680,1,9,0,9,9,1,6,0,0,1,0,0,0,0,1,1,6,6,1,68,10,1596,1,17,FORD C-MAX,3,W01001034,0,2
2024211483199,2024,211483199,1,9,0,-1,19,1,5,-1,0,0,5,0,0,0,1,1,-1,6,1,31,6,998,1,10,FORD C-MAX,-1,-1,0,-1
2024010518378,2024,010518378,1,9,0,18,19,5,1,0,0,1,0,0,0,0,1,1,6,6,2,64,9,1596,1,11,FORD C-MAX,7,E01002939,0,1
2024302401099,2024,302401099,1,9,0,5,5,6,1,0,0,6,0,0,0,0,1,1,2,2,1,57,9,999,1,6,FORD C-MAX,2,E01019556,0,2
2024440329056,2024,440329056,2,9,0,18,19,3,7,0,0,0,0,0,0,0,1,1,6,6,3,-1,-1,1499,2,7,FORD C-MAX,-1,-1,0,-1
2024440242940,2024,440242940,3,9,0,18,19,6,2,0,0,1,0,0,0,0,1,1,2,2,1,48,8,1560,2,11,FORD C-MAX,10,E01022885,0,1
2024311442537,2024,311442537,1,9,0,-1,5,8,4,-1,0,8,0,0,0,0,3,1,-1,9,2,39,7,1997,2,13,FORD C-MAX,8,E01028277,0,1
2024211441560,2024,211441560,1,9,0,-1,9,8,6,-1,0,6,0,0,0,0,1,9,-1,6,2,91,11,1499,2,7,FORD C-MAX,8,E01029794,0,1
2024451461344,2024,451461344,4,9,0,-1,3,3,7,-1,0,0,0,0,0,0,2,1,-1,9,2,40,7,1596,1,10,FORD C-MAX,10,E01030925,0,1
2024451444087,2024,451444087,1,9,0,-1,5,5,1,-1,0,5,0,0,0,0,1,1,-1,9,1,34,6,999,1,7,FORD C-MAX,3,E01030745,0,1
2024221459468,2024,221459468,1,9,0,-1,4,2,5,-1,0,0,0,0,0,0,2,1,-1,6,1,77,11,1596,1,15,FORD C-MAX,8,E01032182,0,2
2024122401239,2024,122401239,1,9,0,17,19,4,8,0,0,0,0,0,1,7,1,1,6,6,2,52,8,1499,2,8,FORD C-MAX,1,E01027874,0,1
2024351462975,2024,351462975,2,9,0,-1,-1,-1,-1,-1,-1,0,-1,-1,-1,0,1,9,-1,9,1,50,8,1560,2,12,FORD C-MAX,5,E01018062,0,1
2024031440887,2024,031440887,3,9,0,-1,19,2,4,-1,0,0,0,0,1,0,3,1,-1,9,2,58,9,1596,1,8,FORD C-MAX,-1,-1,0,-1
2024010528005,2024,010528005,2,9,9,99,99,9,9,99,99,9,9,99,9,99,9,9,6,6,3,-1,-1,1596,1,14,FORD C-MAX,-1,-1,0,-1
2024131510651,2024,131510651,1,9,0,-1,4,3,7,-1,0,0,0,0,0,0,1,1,-1,9,1,41,7,1560,2,13,FORD C-MAX,1,E01010680,0,2
2024440266265,2024,440266265,1,9,0,9,9,1,7,0,0,0,0,0,0,0,3,1,2,2,2,42,7,1560,2,15,FORD C-MAX,4,E01017235,0,1
2024451514410,2024,451514410,1,9,0,-1,19,1,3,-1,0,0,0,0,0,0,0,9,-1,6,2,33,6,1997,2,11,FORD C-MAX,7,E01030927,0,3
2024471408601,2024,471408601,1,9,0,-1,7,7,1,-1,0,6,0,0,0,0,1,1,-1,6,1,63,9,1798,1,16,FORD C-MAX,2,E01031341,0,1
2024421475627,2024,421475627,2,9,0,-1,19,5,1,-1,0,1,0,0,0,0,1,1,-1,9,1,37,7,1499,2,8,FORD C-MAX,6,E01021730,0,1
2024302400702,2024,302400702,1,9,0,9,9,6,4,0,0,8,0,0,0,0,4,2,6,6,2,37,7,1499,2,9,FORD C-MAX,7,E01028131,0,3
2024461461486,2024,461461486,1,9,0,-1,19,1,5,-1,0,1,0,0,0,0,1,1,-1,6,-1,30,6,1596,1,17,FORD C-MAX,-1,-1,0,-1
2024461447915,2024,461447915,1,9,3,-1,19,1,5,-1,0,0,0,0,0,0,1,1,-1,6,2,56,9,1798,1,16,FORD C-MAX,4,E01024492,0,2
2024351513033,2024,351513033,2,9,0,-1,19,3,7,-1,0,0,0,0,0,0,1,1,-1,6,1,33,6,999,1,5,FORD C-MAX,10,E01033117,0,1
2024991421060,2024,991421060,1,9,0,-1,19,7,3,-1,0,0,2,0,1,4,1,1,-1,2,2,57,9,1499,2,8,FORD C-MAX,9,-1,0,2
2024440340353,2024,440340353,3,9,0,4,4,5,1,0,0,0,0,0,0,0,2,1,6,6,1,48,8,1499,2,9,FORD C-MAX,9,E01017060,0,1
2024421456362,2024,421456362,1,9,0,-1,4,5,1,-1,0,4,0,0,0,0,1,1,-1,1,2,38,7,1499,2,8,FORD C-MAX,3,E01021321,0,1
2024302400890,2024,302400890,1,9,0,4,4,6,2,0,0,8,0,0,0,0,3,1,6,6,1,71,10,1596,1,7,FORD C-MAX,1,E01027966,0,2
2024371494812,2024,371494812,6,9,0,-1,19,3,7,-1,0,0,0,0,0,0,1,1,-1,9,1,42,7,1560,2,12,FORD C-MAX,10,E01030179,0,4
2024111563509,2024,111563509,2,9,0,-1,8,5,7,-1,0,2,0,0,0,0,2,1,-1,9,1,32,6,1499,2,8,FORD C-MAX,1,E01020790,0,2
2024461474568,2024,461474568,1,9,0,-1,9,1,5,-1,0,2,0,0,0,0,0,1,-1,6,2,84,11,1498,1,5,FORD C-MAX,7,E01024288,0,1
2024351450174,2024,351450174,2,9,0,-1,19,3,7,-1,0,8,0,0,0,0,1,1,-1,9,1,54,8,1499,2,8,FORD C-MAX,2,E01018144,0,1
2024361409906,2024,361409906,1,9,0,-1,-1,-1,-1,-1,-1,-1,-1,-1,-1,0,-1,1,-1,6,2,71,10,1560,2,10,FORD C-MAX,7,E01026897,0,3
2024421509063,2024,421509063,2,9,0,-1,7,5,1,-1,0,5,0,0,0,0,2,1,-1,2,1,48,8,1753,2,17,FORD C-MAX,3,E01022037,0,1
2024351442582,2024,351442582,1,9,-1,-1,-1,-1,-1,-1,-1,0,-1,-1,-1,0,-1,9,-1,9,2,36,7,1560,2,11,FORD C-MAX,5,E01029953,0,3
2024531420851,2024,531420851,2,9,0,-1,19,5,1,-1,0,1,0,0,0,0,1,1,-1,2,1,40,7,1596,1,14,FORD C-MAX,-1,-1,0,-1
2024451495382,2024,451495382,1,9,0,-1,9,4,2,-1,0,5,0,0,0,0,1,1,-1,9,1,76,11,1999,1,16,FORD C-MAX,10,E01030624,0,1
2024351516230,2024,351516230,2,9,0,-1,19,6,2,-1,0,8,0,0,0,0,1,1,-1,2,2,43,7,1999,1,16,FORD C-MAX,8,E01033427,0,2
2024540337524,2024,540337524,2,9,0,10,10,5,3,0,0,1,0,0,0,0,2,1,2,2,2,47,8,1499,2,9,FORD C-MAX,4,E01020460,0,2
2024101421562,2024,101421562,1,9,0,-1,5,5,1,-1,0,0,0,4,0,0,1,9,-1,6,3,16,4,1596,1,12,FORD C-MAX,-1,-1,0,-1
2024201522106,2024,201522106,2,9,0,-1,3,1,5,-1,0,1,0,0,0,0,2,9,-1,6,1,47,8,1999,1,15,FORD C-MAX,1,E01008935,0,1
2024471449435,2024,471449435,1,9,0,-1,5,4,1,-1,0,6,0,0,0,0,1,1,-1,6,2,37,7,1753,2,14,FORD C-MAX,5,E01021000,0,1
2024361460157,2024,361460157,3,9,0,-1,2,5,1,-1,0,1,0,0,0,0,3,1,-1,6,1,48,8,1596,1,16,FORD C-MAX,5,E01026594,0,1
2024461451111,2024,461451111,1,9,0,-1,1,7,5,-1,0,0,0,0,0,0,4,1,-1,6,2,35,6,1999,1,16,FORD C-MAX,7,E01016103,0,1
2024501508213,2024,501508213,1,9,0,-1,13,5,1,-1,0,0,0,0,5,6,1,1,-1,6,2,56,9,1499,2,7,FORD C-MAX,10,E01031874,0,5
2024411502200,2024,411502200,1,9,0,-1,5,4,6,-1,0,8,0,0,0,0,3,1,-1,6,2,66,10,1560,2,11,FORD C-MAX,10,E01023568,0,1
2024320721663,2024,320721663,2,9,0,4,4,6,2,0,0,0,0,0,0,0,2,1,-1,-1,2,53,8,1596,1,13,FORD C-MAX,10,E01026186,0,4
2024010532888,2024,010532888,1,9,0,5,5,3,7,9,9,1,0,0,0,0,1,1,2,2,2,52,8,1999,1,14,FORD C-MAX,3,E01004211,0,3
2024461488451,2024,461488451,1,9,0,-1,3,7,2,-1,0,0,0,0,0,0,1,1,-1,9,2,54,8,1596,1,9,FORD C-MAX,5,E01024161,0,1
2024340NN0132,2024,340NN0132,3,9,0,-1,19,2,6,-1,0,1,0,0,0,0,0,1,-1,9,2,55,8,1596,1,8,FORD C-MAX,6,E01026306,0,4
2024351531036,2024,351531036,2,9,0,-1,19,5,1,-1,0,0,0,0,0,0,2,1,-1,6,2,44,7,1499,2,7,FORD C-MAX,6,E01015620,0,1
2024311461673,2024,311461673,2,9,0,-1,9,1,7,-1,0,5,0,0,0,0,3,1,-1,9,1,51,8,1499,2,8,FORD C-MAX,4,E01028045,0,1
2024501495751,2024,501495751,1,9,0,-1,2,0,0,-1,-1,0,0,0,0,0,2,9,-1,7,2,42,7,1596,1,12,FORD C-MAX,6,E01020274,0,1
2024131523715,2024,131523715,2,9,0,-1,19,5,1,-1,0,1,0,0,0,0,1,1,-1,9,2,44,7,1997,2,10,FORD C-MAX,6,E01018170,0,5
2024531434959,2024,531434959,2,9,0,-1,4,1,5,-1,0,1,0,0,0,0,2,1,-1,6,2,44,7,1596,1,11,FORD C-MAX,9,E01022281,0,2
2024501400411,2024,501400411,1,9,0,-1,7,3,8,-1,0,3,0,0,0,0,1,1,-1,9,1,75,10,1798,1,16,FORD C-MAX,4,E01020138,0,4
2024211471802,2024,211471802,1,9,0,-1,9,6,3,-1,0,1,0,0,0,0,1,1,-1,6,1,61,9,1997,2,9,FORD C-MAX,6,E01014324,0,1
2024131473072,2024,131473072,1,9,0,-1,2,7,3,-1,0,0,0,0,0,0,3,1,-1,9,1,19,4,1596,1,10,FORD C-MAX,1,E01011792,0,1
2024991509719,2024,991509719,1,9,0,-1,19,5,1,-1,0,1,0,10,0,0,1,1,-1,6,3,23,5,1596,1,12,FORD C-MAX,-1,-1,0,-1
2024610049324,2024,610049324,1,9,0,18,19,8,4,0,0,0,0,0,0,0,1,1,6,6,2,38,7,1560,2,13,FORD C-MAX,7,W01002028,0,1
2024351522178,2024,351522178,2,9,-1,-1,-1,-1,-1,-1,-1,0,-1,-1,-1,0,-1,9,-1,6,1,41,7,1753,2,14,FORD C-MAX,5,E01035531,0,4
2024010523381,2024,010523381,1,9,0,9,9,7,6,0,0,5,0,0,0,0,1,1,6,6,1,68,10,1596,1,16,FORD C-MAX,2,E01003961,0,1
2024991429396,2024,991429396,2,9,0,-1,19,8,4,-1,0,0,0,0,0,0,1,1,-1,2,2,49,8,1560,2,11,FORD C-MAX,8,-1,0,1
2024430112650,2024,430112650,1,9,0,18,19,2,6,0,0,0,0,0,0,0,1,1,6,6,1,-1,-1,1499,2,8,FORD C-MAX,-1,-1,0,-1
2024421465094,2024,421465094,1,9,0,-1,9,2,8,-1,0,8,0,0,0,0,3,1,-1,6,1,41,7,1798,1,14,FORD C-MAX,6,E01022086,0,3
2024201428586,2024,201428586,2,9,0,-1,19,6,2,-1,0,8,0,0,0,0,3,1,-1,6,2,43,7,1560,2,11,FORD C-MAX,7,E01009474,0,1
2024141467044,2024,141467044,2,9,0,-1,19,1,5,-1,0,8,0,0,0,0,1,9,-1,6,1,39,7,1596,1,9,FORD C-MAX,3,E01019541,0,3
2024201437937,2024,201437937,1,9,0,-1,19,7,3,-1,0,0,1,0,1,10,3,1,-1,6,2,55,8,1560,2,11,FORD C-MAX,10,E01032135,0,2
2024010507013,2024,010507013,1,9,0,9,9,7,5,0,0,8,0,0,0,0,4,1,2,2,1,32,6,998,1,11,FORD C-MAX,-1,-1,0,-1
2024501515424,2024,501515424,2,9,0,-1,19,5,1,-1,0,8,0,0,0,0,1,1,-1,9,2,47,8,1596,1,14,FORD C-MAX,4,E01018863,0,1
2024522401316,2024,522401316,2,9,0,3,3,1,5,0,0,0,0,0,0,0,2,1,6,6,2,52,8,1596,1,12,FORD C-MAX,9,E01014396,0,2
2024141523434,2024,141523434,1,9,0,-1,9,6,3,-1,0,2,0,0,0,0,1,1,-1,9,1,48,8,1560,2,11,FORD C-MAX,2,E01007965,0,1
2024401423460,2024,401423460,1,9,-1,-1,-1,-1,-1,-1,-1,-1,-1,-1,-1,0,-1,9,-1,6,1,-1,-1,1596,1,8,FORD C-MAX,-1,-1,0,-1
2024430326116,2024,430326116,1,9,0,9,9,2,8,0,0,4,0,0,0,0,4,1,6,6,2,54,8,1596,1,10,FORD C-MAX,10,E01017701,0,2
2024501495338,2024,501495338,2,9,0,-1,19,1,5,-1,0,0,0,0,0,0,1,1,-1,6,2,27,6,1753,2,16,FORD C-MAX,6,E01020187,0,2
2024221415515,2024,221415515,2,9,0,-1,19,2,6,-1,0,8,0,0,0,0,1,9,-1,6,1,68,10,1997,2,12,FORD C-MAX,5,E01035067,0,1
2024461485890,2024,461485890,1,9,0,-1,19,1,5,-1,0,0,5,4,0,0,1,1,-1,6,1,52,8,1596,1,15,FORD C-MAX,-1,-1,0,-1
2024010533504,2024,010533504,2,9,0,18,19,7,3,0,0,0,0,0,0,0,1,1,6,6,2,60,9,1999,1,14,FORD C-MAX,4,E01021031,0,4
2024201490997,2024,201490997,1,9,0,-1,11,4,6,-1,0,8,0,0,0,0,4,1,-1,2,2,46,8,1999,1,16,FORD C-MAX,3,E01009655,0,1
2024131398498,2024,131398498,1,9,0,-1,9,7,5,-1,0,8,0,0,0,0,1,1,-1,6,1,76,11,1596,1,8,FORD C-MAX,2,E01011538,0,1
2024031468971,2024,031468971,1,9,0,-1,19,7,3,-1,0,0,0,0,1,0,3,9,-1,6,1,43,7,1997,2,16,FORD C-MAX,-1,-1,0,-1
2024010505506,2024,010505506,1,9,0,18,19,1,5,0,0,2,0,0,0,0,2,1,2,2,1,47,8,1499,2,8,FORD C-MAX,4,E01016115,0,4
2024031395409,2024,031395409,2,9,0,-1,19,3,7,-1,0,8,0,0,0,0,1,9,-1,9,1,79,11,1596,1,14,FORD C-MAX,2,-1,0,4
2024161468917,2024,161468917,1,9,0,-1,7,3,5,-1,0,0,0,0,0,0,4,1,-1,9,2,60,9,1997,2,13,FORD C-MAX,7,E01012792,0,1
2024440180684,2024,440180684,1,9,0,9,9,1,7,0,0,6,0,0,0,0,1,1,6,6,2,51,8,1798,1,17,FORD C-MAX,2,E01022913,0,1
2024201411389,2024,201411389,1,9,0,-1,19,8,2,-1,0,0,0,0,0,0,3,1,-1,6,1,72,10,1997,2,10,FORD C-MAX,6,E01009108,0,3
2024211435687,2024,211435687,1,9,0,-1,19,7,3,-1,0,1,0,0,0,0,1,1,-1,6,1,68,10,1560,2,11,FORD C-MAX,-1,-1,0,-1
2024061408758,2024,061408758,1,9,0,-1,7,5,7,-1,0,1,0,0,0,0,1,9,-1,6,3,-1,-1,1596,1,12,FORD C-MAX,-1,-1,0,-1
2024052400200,2024,052400200,2,9,0,9,9,7,3,0,0,1,0,0,0,0,3,1,1,1,1,59,9,1499,2,8,FORD C-MAX,8,E01006822,0,1
2024010538871,2024,010538871,2,9,0,16,19,6,8,0,0,1,0,0,0,0,3,1,6,6,2,41,7,1499,2,9,FORD C-MAX,4,E01015996,0,2
2024440510622,2024,440510622,2,9,0,7,7,6,4,0,0,0,0,0,0,0,0,1,6,6,3,-1,-1,1596,1,12,FORD C-MAX,-1,-1,0,-1
2024421512644,2024,421512644,1,9,0,-1,5,3,7,-1,0,0,0,0,0,0,1,9,-1,6,2,80,11,1560,2,9,FORD C-MAX,8,E01021708,0,1
2024461505086,2024,461505086,1,9,0,-1,19,3,7,-1,0,1,0,0,0,0,1,1,-1,9,2,30,6,1499,2,7,FORD C-MAX,5,E01024342,0,1
2024421459255,2024,421459255,2,9,0,-1,19,1,5,-1,0,0,0,0,0,0,3,1,-1,9,2,30,6,1753,2,14,FORD C-MAX,5,E01021991,0,2
2024451508512,2024,451508512,1,9,0,-1,19,3,5,-1,0,1,0,10,2,11,1,1,-1,1,2,45,7,1999,1,15,FORD C-MAX,7,E01001084,0,4
2024471521486,2024,471521486,1,9,0,-1,19,1,5,-1,0,4,0,0,0,0,1,1,-1,7,2,46,8,1596,1,14,FORD C-MAX,9,E01031590,0,1
2024211477640,2024,211477640,3,9,0,-1,10,3,7,-1,0,0,0,0,0,0,1,1,-1,6,1,47,8,1596,1,8,FORD C-MAX,-1,-1,0,-1
2024141424672,2024,141424672,2,9,0,-1,19,1,5,-1,0,1,0,0,0,0,1,1,-1,9,1,40,7,1560,2,17,FORD C-MAX,1,E01008011,0,1
2024471505617,2024,471505617,1,9,0,-1,19,3,7,-1,4,1,0,0,0,0,4,1,-1,6,2,71,10,1999,1,16,FORD C-MAX,1,E01016942,0,1
2024520403226,2024,520403226,1,9,0,18,19,1,5,0,0,0,0,0,0,0,1,1,6,6,2,80,11,1997,2,13,FORD C-MAX,2,E01029099,0,2
2024010516704,2024,010516704,1,9,0,99,99,9,9,99,99,9,9,99,9,99,9,9,2,2,1,24,5,1596,1,13,FORD C-MAX,8,E01002534,0,1
2024631422593,2024,631422593,1,9,0,-1,19,7,3,-1,0,0,0,0,1,1,1,1,-1,6,2,35,6,1997,2,13,FORD C-MAX,3,W01000657,0,1
2024052401580,2024,052401580,1,8,0,5,5,8,5,0,0,0,0,0,0,0,4,1,1,1,1,-1,-1,1560,2,10,FORD C-MAX,5,E01012542,0,4
2024161470169,2024,161470169,1,9,0,-1,4,2,6,-1,0,1,0,0,0,0,4,1,-1,9,2,43,7,1499,2,8,FORD C-MAX,5,E01012995,0,1
2024440252828,2024,440252828,2,9,0,18,19,1,5,0,0,1,0,0,0,0,1,1,6,6,1,48,8,1560,2,10,FORD C-MAX,10,E01022837,0,1
2024201448082,2024,201448082,2,9,0,-1,2,0,0,-1,0,0,0,4,0,0,3,1,-1,6,-1,-1,-1,1798,1,16,FORD C-MAX,-1,-1,0,-1
2024471485248,2024,471485248,1,9,0,-1,9,1,6,-1,0,6,0,0,0,0,1,1,-1,9,2,32,6,1560,2,9,FORD C-MAX,6,E01021118,0,1
2024450512335,2024,450512335,2,9,9,99,99,9,9,99,99,9,9,99,9,99,9,1,6,6,1,46,8,1499,2,7,FORD C-MAX,7,E01003407,0,2
2024522403035,2024,522403035,1,9,0,18,19,2,6,0,0,0,0,0,0,0,3,1,6,6,2,69,10,999,1,7,FORD C-MAX,9,E01014794,0,1
2024501483906,2024,501483906,1,9,0,-1,19,1,5,-1,0,0,1,0,0,0,4,1,-1,9,1,27,6,1596,1,17,FORD C-MAX,4,E01015142,0,4
2024371494108,2024,371494108,1,9,0,-1,19,4,8,-1,0,1,0,0,0,0,1,1,-1,6,1,54,8,1560,2,14,FORD C-MAX,1,E01033129,0,1
2024070903433,2024,070903433,1,9,0,-1,3,1,2,-1,0,5,0,10,0,2,1,1,-1,6,1,60,9,1997,2,13,FORD C-MAX,9,E01012502,0,1
2024461457389,2024,461457389,1,9,0,-1,8,2,4,-1,0,0,0,0,0,0,1,9,-1,6,1,25,5,1997,2,15,FORD C-MAX,6,E01024064,0,2
2024421394876,2024,421394876,1,9,0,-1,5,3,7,-1,0,2,0,0,0,0,1,1,-1,9,2,54,8,1596,1,7,FORD C-MAX,5,E01021492,0,1
2024991508679,2024,991508679,1,9,0,-1,13,8,4,-1,0,0,1,0,0,0,1,1,-1,6,1,18,4,1596,1,17,FORD C-MAX,-1,-1,0,-1
2024471529005,2024,471529005,2,9,0,-1,3,3,7,-1,0,0,0,0,0,0,3,1,-1,9,1,50,8,1560,2,13,FORD C-MAX,7,E01031417,0,2
2024131528725,2024,131528725,1,9,0,-1,19,1,5,-1,0,1,0,0,0,0,-1,1,-1,6,3,-1,-1,1596,1,16,FORD C-MAX,-1,-1,0,-1
2024991481926,2024,991481926,1,9,0,-1,19,1,5,-1,0,8,0,0,0,0,1,1,-1,2,2,43,7,998,1,11,FORD C-MAX,-1,-1,0,-1
2024421440330,2024,421440330,1,9,0,-1,14,5,1,-1,0,0,0,11,0,0,4,1,-1,7,2,30,6,1596,1,7,FORD C-MAX,7,E01021372,0,1
2024141492811,2024,141492811,1,9,0,-1,5,8,4,-1,0,0,1,0,8,0,3,1,-1,2,1,41,7,1753,2,17,FORD C-MAX,4,E01007637,0,1
2024131513142,2024,131513142,2,9,0,-1,19,2,4,-1,0,1,0,0,0,0,1,1,-1,9,2,62,9,1596,1,15,FORD C-MAX,1,E01011735,0,2
2024332400704,2024,332400704,3,9,0,-1,2,0,0,-1,0,0,0,0,0,0,3,1,-1,6,3,-1,-1,1560,2,11,FORD C-MAX,-1,-1,0,-1
2024041435661,2024,041435661,1,9,0,-1,19,3,7,-1,0,1,0,0,0,0,1,1,-1,6,1,75,10,1997,2,13,FORD C-MAX,6,E01025367,0,1
2024201457509,2024,201457509,2,9,0,-1,19,5,7,-1,0,1,0,0,0,0,3,9,-1,6,2,34,6,999,1,6,FORD C-MAX,2,E01008942,0,1
2024501533344,2024,501533344,1,9,0,-1,19,1,5,-1,0,0,5,0,2,10,3,1,-1,9,1,26,6,1596,1,16,FORD C-MAX,4,E01020303,0,4
2024501514048,2024,501514048,1,9,0,-1,3,1,6,-1,0,0,0,0,0,0,2,1,-1,9,1,71,10,1999,1,15,FORD C-MAX,5,E01018849,0,1
2024311452752,2024,311452752,1,9,0,-1,19,7,3,-1,0,0,0,0,7,4,1,1,-1,7,1,34,6,1560,2,13,FORD C-MAX,-1,-1,0,-1
2024552400067,2024,552400067,1,9,0,18,19,2,6,0,0,8,0,0,0,0,1,1,2,2,2,32,6,1596,1,17,FORD C-MAX,6,E01015410,0,1
2024991501131,2024,991501131,2,9,0,-1,9,7,3,-1,0,3,0,0,0,0,1,1,-1,2,1,58,9,1560,2,11,FORD C-MAX,2,-1,0,1
2024161453715,2024,161453715,2,9,0,-1,7,6,8,-1,0,1,0,0,0,0,4,9,-1,6,2,-1,-1,1997,2,11,FORD C-MAX,4,E01012964,0,1
2024471524605,2024,471524605,1,9,0,-1,5,4,8,-1,0,4,0,0,0,0,1,1,-1,9,1,43,7,1560,2,15,FORD C-MAX,7,E01023257,0,4
2024371443582,2024,371443582,3,9,0,-1,2,0,0,-1,0,0,0,0,0,0,1,1,-1,6,1,56,9,1596,1,15,FORD C-MAX,4,E01030022,0,1