collision_index,collision_year,collision_ref_no,vehicle_reference,vehicle_type,towing_and_articulation,vehicle_manoeuvre_historic,vehicle_manoeuvre,vehicle_direction_from,vehicle_direction_to,vehicle_location_restricted_lane_historic,vehicle_location_restricted_lane,junction_location,skidding_and_overturning,hit_object_in_carriageway,vehicle_leaving_carriageway,hit_object_off_carriageway,first_point_of_impact,vehicle_left_hand_drive,journey_purpose_of_driver_historic,journey_purpose_of_driver,sex_of_driver,age_of_driver,age_band_of_driver,engine_capacity_cc,propulsion_code,age_of_vehicle,generic_make_model,driver_imd_decile,lsoa_of_driver,escooter_flag,driver_distance_banding
2024411406772,2024,411406772,2,9,0,-1,3,5,6,-1,0,3,0,0,0,0,2,1,-1,6,2,37,7,1499,2,8,FORD C-MAX,5,E01023575,0,3
2024302400804,2024,302400804,2,9,0,18,19,6,2,0,0,8,0,0,0,0,1,1,6,6,3,-1,-1,1596,1,14,FORD C-MAX,5,E01019456,0,4
2024010540240,2024,010540240,1,9,0,99,99,9,9,99,99,9,9,99,9,99,9,9,6,6,2,32,6,1596,1,13,FORD C-MAX,5,E01000337,0,1
2024320414000,2024,320414000,1,9,0,5,5,8,4,0,0,0,0,4,7,0,1,1,-1,-1,2,84,11,1596,1,7,FORD C-MAX,6,E01026399,0,3
2024010515318,2024,010515318,1,9,0,18,19,1,5,0,0,0,0,0,0,0,2,1,2,2,1,24,5,1596,1,13,FORD C-MAX,6,E01002170,0,2
2024311491933,2024,311491933,2,9,0,-1,5,3,7,-1,0,6,0,0,0,0,3,1,-1,2,2,33,6,998,1,11,FORD C-MAX,5,E01028162,0,1
2024311425243,2024,311425243,1,9,0,-1,1,2,6,-1,0,1,0,0,0,0,1,9,-1,6,3,-1,-1,1997,2,13,FORD C-MAX,10,E01028414,0,2
2024221470682,2024,221470682,2,9,0,-1,4,5,1,-1,0,2,0,0,0,0,1,9,-1,9,2,44,7,1560,2,10,FORD C-MAX,7,E01028939,0,1
2024010535685,2024,010535685,1,9,0,3,3,3,7,0,0,1,0,0,0,0,1,1,6,6,1,36,7,1997,2,8,FORD C-MAX,2,E01035664,0,1
2024332400488,2024,332400488,1,9,0,-1,9,7,5,-1,0,6,0,0,0,0,3,1,-1,2,1,44,7,1596,1,12,FORD C-MAX,3,E01013532,0,4
2024041426508,2024,041426508,2,9,0,-1,19,5,1,-1,0,0,0,0,0,0,1,1,-1,9,2,45,7,1499,2,8,FORD C-MAX,8,E01012472,0,4
2024221407056,2024,221407056,1,9,0,-1,19,7,3,-1,0,0,0,0,0,0,1,9,-1,7,1,30,6,1997,2,12,FORD C-MAX,5,E01014158,0,1
2024221504473,2024,221504473,2,9,0,-1,3,1,5,-1,0,1,0,0,0,0,2,1,-1,2,1,48,8,1560,2,12,FORD C-MAX,5,E01008959,0,2
2024361418022,2024,361418022,2,9,0,-1,9,6,4,-1,0,8,0,0,0,0,4,1,-1,6,2,62,9,1596,1,14,FORD C-MAX,6,E01026947,0,3
2024340WN2542,2024,340WN2542,2,9,0,-1,19,5,1,-1,0,1,0,0,0,0,4,1,-1,7,1,39,7,1997,2,17,FORD C-MAX,9,E01035406,0,1
2024320134021,2024,320134021,2,9,0,9,9,6,5,0,0,5,0,0,0,0,3,1,1,1,2,36,7,1560,2,9,FORD C-MAX,5,E01026018,0,1
2024010536798,2024,010536798,2,9,0,99,99,9,9,99,99,9,9,99,9,99,1,9,6,6,3,45,7,998,1,11,FORD C-MAX,4,E01001934,0,1
2024421507103,2024,421507103,3,9,0,-1,4,4,8,-1,0,0,0,0,0,0,2,1,-1,9,1,76,11,999,1,5,FORD C-MAX,10,E01021622,0,3
2024371447029,2024,371447029,1,9,0,-1,19,7,3,-1,0,0,1,0,0,0,3,1,-1,9,2,53,8,1596,1,14,FORD C-MAX,1,E01021968,0,4
2024471397029,2024,471397029,1,9,0,-1,19,6,2,-1,0,1,0,0,0,0,1,1,-1,9,2,79,11,1798,1,16,FORD C-MAX,7,E01031616,0,1
2024451396137,2024,451396137,2,9,0,-1,19,3,7,-1,0,0,0,7,1,1,2,1,-1,9,1,45,7,1798,1,16,FORD C-MAX,3,E01024742,0,4
2024131506593,2024,131506593,1,9,0,-1,19,7,3,-1,0,0,0,0,0,0,1,1,-1,9,1,67,10,1560,2,11,FORD C-MAX,1,E01028066,0,4
2024010522351,2024,010522351,1,9,0,18,19,7,3,0,0,0,5,4,0,0,1,1,2,2,1,22,5,1499,2,8,FORD C-MAX,4,E01021437,0,2
2024471473686,2024,471473686,1,9,0,-1,19,2,6,-1,0,1,0,4,0,0,1,1,-1,9,2,71,10,1596,1,11,FORD C-MAX,8,E01031357,0,1
2024501399011,2024,501399011,1,9,0,-1,19,7,3,-1,0,1,0,0,3,11,1,1,-1,6,2,42,7,1560,2,10,FORD C-MAX,-1,-1,0,-1
2024471471796,2024,471471796,1,9,0,-1,1,3,7,-1,0,0,0,0,0,0,2,1,-1,9,1,78,11,1798,1,16,FORD C-MAX,9,E01021124,0,1
2024471394742,2024,471394742,2,9,0,-1,19,1,5,-1,0,0,0,0,0,0,1,1,-1,6,1,77,11,1999,1,14,FORD C-MAX,2,E01016918,0,1
2024501514242,2024,501514242,2,9,0,-1,9,5,3,-1,0,1,0,0,0,0,1,1,-1,9,1,50,8,1997,2,14,FORD C-MAX,3,E01034171,0,1
2024540165424,2024,540165424,4,9,0,3,3,5,1,0,0,0,0,0,0,0,2,1,6,6,2,71,10,1596,1,8,FORD C-MAX,8,E01031861,0,1
2024421489620,2024,421489620,1,9,0,-1,9,5,3,-1,0,1,0,0,0,0,1,1,-1,6,1,-1,-1,998,1,11,FORD C-MAX,-1,-1,0,-1
2024311523921,2024,311523921,1,9,0,-1,19,2,8,-1,0,8,0,0,0,0,1,1,-1,6,1,-1,-1,1560,2,14,FORD C-MAX,-1,-1,0,-1
2024221514702,2024,221514702,1,9,0,-1,13,6,2,-1,0,0,0,0,0,0,4,9,-1,6,1,68,10,1997,2,11,FORD C-MAX,2,E01032161,0,1
2024471484367,2024,471484367,1,9,0,-1,19,5,1,-1,0,8,0,0,0,0,1,1,-1,6,2,57,9,1798,1,16,FORD C-MAX,9,E01031829,0,4
2024302401417,2024,302401417,1,9,0,9,9,4,2,0,0,2,0,0,0,0,1,1,6,6,2,42,7,999,1,7,FORD C-MAX,2,E01013512,0,1
2024211429884,2024,211429884,1,9,0,-1,19,6,2,-1,0,0,0,0,0,0,1,9,-1,6,1,-1,-1,1753,2,14,FORD C-MAX,-1,-1,0,-1
2024351519725,2024,351519725,2,9,0,-1,19,1,5,-1,0,0,0,0,0,0,4,1,-1,6,2,63,9,1499,2,7,FORD C-MAX,6,E01026306,0,2
2024052402176,2024,052402176,2,9,0,2,2,0,0,0,0,1,0,0,0,0,1,1,6,6,3,-1,-1,1753,2,16,FORD C-MAX,-1,-1,0,-1
2024351477711,2024,351477711,2,9,0,-1,19,4,8,-1,0,0,0,0,0,0,2,1,-1,2,1,48,8,1596,1,16,FORD C-MAX,5,E01018016,0,1
2024061450997,2024,061450997,1,9,0,-1,19,-1,-1,-1,0,1,0,0,0,0,2,1,-1,9,1,80,11,1753,2,16,FORD C-MAX,2,E01005829,0,1
2024161496090,2024,161496090,1,9,0,-1,7,5,7,-1,0,4,0,0,0,0,4,1,-1,1,1,52,8,1499,2,7,FORD C-MAX,6,E01012912,0,1
2024201440281,2024,201440281,1,9,0,-1,15,2,6,-1,0,0,0,0,0,0,1,9,-1,6,1,33,6,1596,1,11,FORD C-MAX,4,E01009244,0,1
2024471483876,2024,471483876,1,9,0,-1,19,1,5,-1,0,0,0,7,1,1,1,1,-1,2,1,39,7,1560,2,10,FORD C-MAX,10,E01035337,0,2
2024371504742,2024,371504742,2,9,0,-1,9,3,8,-1,0,0,0,0,0,0,1,1,-1,2,1,54,8,1499,2,8,FORD C-MAX,8,E01030043,0,1
2024161514935,2024,161514935,1,9,0,-1,2,0,0,-1,0,0,0,0,0,0,2,1,-1,6,-1,-1,-1,1560,2,12,FORD C-MAX,-1,-1,0,-1
2024122400902,2024,122400902,1,9,0,5,5,6,8,0,0,6,0,0,0,0,3,1,6,6,1,90,11,1560,2,12,FORD C-MAX,6,E01027701,0,1
2024141529718,2024,141529718,2,9,0,-1,5,2,6,-1,0,6,0,0,0,0,3,1,-1,9,1,67,10,1499,2,9,FORD C-MAX,5,E01007562,0,2
2024430610552,2024,430610552,1,9,0,10,10,8,5,0,0,1,0,0,0,0,2,1,6,6,2,65,9,1499,2,7,FORD C-MAX,10,E01016282,0,1
2024141493699,2024,141493699,2,9,0,-1,13,1,3,-1,0,0,0,0,0,0,1,1,-1,1,1,54,8,1560,2,9,FORD C-MAX,8,E01007678,0,4
2024461478749,2024,461478749,1,9,0,-1,-1,-1,-1,-1,-1,0,-1,-1,-1,0,-1,9,-1,9,1,69,10,998,1,9,FORD C-MAX,1,E01024308,0,1
2024041505197,2024,041505197,3,9,0,-1,19,5,1,-1,0,4,0,0,0,0,2,1,-1,9,1,28,6,1560,2,10,FORD C-MAX,8,E01025498,0,3
2024302401463,2024,302401463,1,9,0,9,9,7,5,0,0,8,0,0,0,0,1,1,6,6,1,40,7,1997,2,13,FORD C-MAX,9,E01019590,0,3
2024201401727,2024,201401727,1,9,0,-1,2,0,0,-1,0,0,0,0,0,0,3,1,-1,6,2,31,6,1560,2,9,FORD C-MAX,3,E01009970,0,1
2024520402720,2024,520402720,2,9,0,3,3,5,1,0,0,1,0,0,0,0,2,1,6,6,2,77,11,1596,1,9,FORD C-MAX,6,E01032632,0,1
2024411420653,2024,411420653,2,9,0,-1,19,3,7,-1,0,0,0,0,0,0,2,1,-1,6,1,67,10,1560,2,9,FORD C-MAX,5,E01021562,0,4
2024320757646,2024,320757646,1,9,0,13,13,2,6,0,0,0,0,0,1,10,1,1,6,6,1,19,4,1499,2,8,FORD C-MAX,1,E01026112,0,1
2024211515737,2024,211515737,2,9,0,-1,19,6,2,-1,0,0,0,0,0,0,1,1,-1,6,1,33,6,1596,1,16,FORD C-MAX,-1,-1,0,-1
2024302401661,2024,302401661,1,9,0,-1,19,1,5,-1,0,0,0,0,0,0,1,1,-1,9,2,82,11,1997,2,12,FORD C-MAX,10,E01013463,0,1
2024141482348,2024,141482348,2,9,0,-1,2,0,0,-1,0,1,0,0,0,0,2,2,-1,6,-1,-1,-1,1560,2,13,FORD C-MAX,-1,-1,0,-1
2024010546854,2024,010546854,1,9,0,1,1,7,3,0,0,6,0,0,0,0,2,1,3,7,2,38,7,1596,1,9,FORD C-MAX,2,E01000064,0,1
2024161497725,2024,161497725,2,9,0,-1,19,2,6,-1,0,1,0,0,0,0,4,1,-1,1,1,35,6,1560,2,10,FORD C-MAX,1,E01012918,0,2
2024471463000,2024,471463000,1,9,0,-1,3,7,3,-1,0,1,0,99,0,0,2,1,-1,9,1,36,7,1753,2,16,FORD C-MAX,1,E01016915,0,1
2024332400947,2024,332400947,1,9,0,-1,19,8,4,-1,0,2,0,0,0,0,1,1,-1,9,2,41,7,1596,1,8,FORD C-MAX,9,E01025955,0,1
2024430239027,2024,430239027,2,9,0,18,19,1,5,0,0,0,1,10,0,0,1,1,6,6,2,36,7,1596,1,13,FORD C-MAX,9,E01028754,0,1
2024461402582,2024,461402582,3,9,0,-1,3,4,8,-1,0,0,0,0,0,0,2,1,-1,9,2,55,8,1596,1,13,FORD C-MAX,5,E01024595,0,1
2024122400184,2024,122400184,1,9,0,18,19,1,5,0,0,0,0,0,0,0,1,1,6,6,1,84,11,1560,2,13,FORD C-MAX,7,E01027743,0,1
2024161445847,2024,161445847,1,9,0,-1,19,1,5,-1,0,4,0,0,0,0,1,1,-1,6,2,68,10,999,1,8,FORD C-MAX,10,E01013060,0,4
2024401488046,2024,401488046,2,9,0,-1,10,1,5,-1,0,0,0,0,0,0,3,1,-1,6,1,63,9,1999,1,16,FORD C-MAX,5,E01017586,0,1
2024421445767,2024,421445767,2,9,0,-1,19,3,7,-1,0,0,0,0,0,0,1,1,-1,9,1,48,8,1560,2,13,FORD C-MAX,6,E01021810,0,1
2024201411781,2024,201411781,2,9,0,-1,2,5,1,-1,-1,0,0,0,0,0,2,1,-1,6,1,49,8,1596,1,9,FORD C-MAX,1,E01010033,0,3
2024161415380,2024,161415380,3,9,0,-1,19,7,3,-1,0,1,0,0,0,0,0,9,-1,6,3,-1,-1,1560,2,9,FORD C-MAX,-1,-1,0,-1
2024332400958,2024,332400958,1,9,0,-1,19,5,1,-1,0,2,1,0,0,0,1,1,-1,9,1,72,10,1499,2,8,FORD C-MAX,6,E01025752,0,1
2024622400582,2024,622400582,1,9,0,16,19,7,3,0,0,0,0,0,0,0,1,1,6,6,2,67,10,999,1,8,FORD C-MAX,8,W01001109,0,2
2024471437397,2024,471437397,4,9,0,-1,2,0,0,-1,0,0,0,0,0,0,3,1,-1,6,-1,-1,-1,999,1,8,FORD C-MAX,-1,-1,0,-1
2024471406630,2024,471406630,2,9,0,-1,19,7,3,-1,0,8,0,0,0,0,4,1,-1,9,1,69,10,999,1,9,FORD C-MAX,7,E01030872,0,3
2024010542219,2024,010542219,1,9,0,99,99,9,9,99,99,9,9,99,9,99,9,9,6,6,3,-1,-1,998,1,11,FORD C-MAX,-1,-1,0,-1
2024010515101,2024,010515101,5,9,0,13,13,6,2,0,0,1,0,0,0,0,1,1,6,6,3,-1,-1,1560,2,9,FORD C-MAX,-1,-1,0,-1
2024061476609,2024,061476609,1,9,0,-1,19,1,5,-1,0,0,0,0,0,0,1,1,-1,9,1,51,8,1997,2,10,FORD C-MAX,1,E01005089,0,3
2024421533047,2024,421533047,1,9,0,-1,19,1,5,-1,0,0,0,0,0,0,1,9,-1,6,1,-1,-1,1596,1,16,FORD C-MAX,-1,-1,0,-1
2024401421812,2024,401421812,2,9,0,-1,4,5,1,-1,0,1,0,0,0,0,2,9,-1,6,1,36,7,1560,2,11,FORD C-MAX,7,E01034424,0,1
2024010547134,2024,010547134,2,9,0,99,99,9,9,99,99,9,9,99,9,99,1,9,6,6,3,-1,-1,1596,1,7,FORD C-MAX,-1,-1,0,-1
2024622500121,2024,622500121,1,9,0,7,7,6,8,0,0,2,0,0,0,0,4,1,3,7,2,45,7,1596,1,12,FORD C-MAX,8,W01001752,0,1
2024461402769,2024,461402769,2,9,0,-1,19,3,7,-1,0,1,0,0,0,0,4,9,-1,6,2,31,6,1596,1,13,FORD C-MAX,2,E01016018,0,1
2024991420808,2024,991420808,1,9,0,-1,9,3,1,-1,0,2,0,0,0,0,1,1,-1,6,1,39,7,1560,2,10,FORD C-MAX,10,-1,0,1
2024540377624,2024,540377624,1,9,0,9,9,8,6,0,0,1,0,0,0,0,1,1,6,6,1,46,8,1999,1,15,FORD C-MAX,5,E01014678,0,4
2024340WN1322,2024,340WN1322,2,9,0,-1,19,7,3,-1,0,8,0,0,0,0,4,1,-1,6,1,44,7,1596,1,8,FORD C-MAX,4,E01027245,0,1
2024201428739,2024,201428739,3,9,0,-1,2,0,0,-1,0,8,0,0,0,0,3,1,-1,1,1,50,8,1596,1,9,FORD C-MAX,2,E01010028,0,1
2024991414854,2024,991414854,1,9,0,-1,19,5,1,-1,0,1,0,0,0,0,1,1,-1,9,2,34,6,1560,2,12,FORD C-MAX,7,-1,0,2
2024061514723,2024,061514723,1,9,0,-1,19,4,8,-1,0,0,0,0,0,0,1,1,-1,6,2,-1,-1,1560,2,12,FORD C-MAX,8,E01006071,0,1
2024440374159,2024,440374159,1,9,0,18,19,2,6,0,0,0,0,0,0,0,3,1,6,6,1,44,7,1560,2,9,FORD C-MAX,8,E01017056,0,1
2024302401623,2024,302401623,1,9,0,18,19,4,8,0,0,1,0,0,0,0,1,1,6,6,1,54,8,1596,1,13,FORD C-MAX,10,E01019641,0,1
2024451524300,2024,451524300,2,9,0,-1,19,5,1,-1,0,0,1,0,4,0,1,1,-1,9,1,64,9,1798,1,16,FORD C-MAX,-1,-1,0,-1
2024540871924,2024,540871924,1,9,0,18,19,4,8,0,0,8,0,0,0,0,1,1,6,6,1,59,9,1560,2,13,FORD C-MAX,4,E01015511,0,1
2024131501039,2024,131501039,2,9,0,-1,3,7,3,-1,0,0,0,0,0,0,3,1,-1,9,2,87,11,999,1,6,FORD C-MAX,4,E01011287,0,1
2024041488106,2024,041488106,1,9,0,-1,12,3,7,-1,0,0,1,0,0,0,1,1,-1,6,2,35,6,1798,1,17,FORD C-MAX,1,E01010271,0,5
2024052400669,2024,052400669,3,9,0,4,4,3,7,0,0,1,0,0,0,0,2,1,6,6,1,51,8,1560,2,10,FORD C-MAX,1,E01006480,0,2
2024010497739,2024,010497739,1,9,0,18,19,7,3,0,0,0,0,0,0,0,1,1,6,6,2,85,11,999,1,7,FORD C-MAX,10,E01024424,0,3
2024531478629,2024,531478629,2,9,0,-1,7,5,7,-1,0,4,0,0,0,0,1,1,-1,9,1,48,8,1499,2,8,FORD C-MAX,7,E01022373,0,1
2024440359594,2024,440359594,2,9,0,18,19,3,7,0,0,4,0,0,0,0,1,1,6,6,1,34,6,1753,2,15,FORD C-MAX,2,E01017116,0,1
2024010542446,2024,010542446,1,9,0,18,19,1,5,0,0,0,0,0,0,0,1,1,6,6,1,75,10,1596,1,13,FORD C-MAX,3,E01000435,0,1
2024991467407,2024,991467407,2,9,0,-1,19,5,1,-1,0,6,0,0,0,0,4,1,-1,2,1,28,6,1596,1,13,FORD C-MAX,2,-1,0,2
2024421494057,2024,421494057,1,9,0,-1,19,2,5,-1,0,8,0,0,0,0,1,1,-1,2,2,57,9,999,1,7,FORD C-MAX,10,E01024153,0,2
2024041425611,2024,041425611,2,9,0,-1,19,5,1,-1,0,0,0,0,0,0,1,1,-1,9,1,70,10,1560,2,9,FORD C-MAX,5,E01025235,0,1
2024141542941,2024,141542941,2,9,0,-1,7,4,7,-1,0,1,0,0,0,0,1,9,-1,6,3,-1,-1,1596,1,16,FORD C-MAX,-1,-1,0,-1
2024461490809,2024,461490809,1,9,0,-1,19,3,1,-1,0,0,2,11,2,4,1,1,-1,9,2,45,7,1999,1,15,FORD C-MAX,1,E01034996,0,2
2024131487400,2024,131487400,1,9,0,-1,19,1,5,-1,0,0,0,0,0,0,1,1,-1,2,1,39,7,1997,2,11,FORD C-MAX,8,E01011653,0,1
2024471394521,2024,471394521,1,9,0,-1,19,6,2,-1,0,1,0,0,0,0,1,1,-1,6,3,-1,-1,1596,1,16,FORD C-MAX,-1,-1,0,-1
2024421400113,2024,421400113,1,9,0,-1,19,6,3,-1,0,0,0,0,0,0,1,1,-1,6,1,43,7,1560,2,12,FORD C-MAX,9,E01021692,0,4
2024041416696,2024,041416696,1,9,0,-1,9,7,3,-1,0,1,0,0,0,0,1,1,-1,7,2,44,7,1560,2,16,FORD C-MAX,4,E01025544,0,1
2024451525287,2024,451525287,1,9,0,-1,5,1,3,-1,0,6,0,0,0,0,1,1,-1,1,1,37,7,1798,1,17,FORD C-MAX,9,E01030712,0,1
2024141515896,2024,141515896,1,9,0,-1,19,6,3,-1,0,0,0,0,0,0,1,1,-1,9,2,26,6,1560,2,11,FORD C-MAX,1,E01007708,0,1
2024201458468,2024,201458468,2,9,0,-1,19,8,4,-1,0,0,0,0,0,0,1,1,-1,9,2,38,7,998,1,10,FORD C-MAX,4,E01009227,0,1
2024320209471,2024,320209471,1,9,0,9,9,2,8,0,0,6,0,0,0,0,4,1,-1,-1,2,81,11,1499,2,8,FORD C-MAX,8,E01028411,0,2
2024361548374,2024,361548374,1,9,0,-1,19,2,6,-1,0,0,0,0,0,0,1,1,-1,9,1,36,7,1753,2,14,FORD C-MAX,10,E01026506,0,2
2024161522336,2024,161522336,1,9,0,-1,9,5,1,-1,0,6,0,0,0,0,3,1,-1,1,1,48,8,1560,2,9,FORD C-MAX,1,E01012855,0,1
2024161444900,2024,161444900,1,9,0,-1,6,5,1,-1,0,0,0,0,0,0,1,1,-1,6,1,76,11,998,1,11,FORD C-MAX,6,E01012766,0,1
2024141461318,2024,141461318,1,9,0,-1,19,5,1,-1,0,0,5,0,7,0,3,1,-1,9,2,79,11,1499,2,7,FORD C-MAX,4,E01007625,0,1
2024141470574,2024,141470574,1,9,0,-1,19,7,3,-1,0,0,0,0,7,11,1,1,-1,9,1,84,11,1560,2,11,FORD C-MAX,7,E01019814,0,4
2024061468776,2024,061468776,1,9,0,-1,19,7,4,-1,0,4,0,0,0,0,3,1,-1,2,2,52,8,1596,1,15,FORD C-MAX,3,E01005916,0,1
2024070740155,2024,070740155,2,8,0,-1,4,3,7,-1,0,4,0,0,0,0,2,1,-1,1,1,57,9,999,1,5,FORD C-MAX,1,E01012444,0,1
2024461415943,2024,461415943,1,9,0,-1,19,5,1,-1,0,0,0,0,0,0,1,1,-1,2,1,39,7,1596,1,15,FORD C-MAX,6,E01000376,0,1
2024141469970,2024,141469970,1,9,0,-1,-1,1,5,-1,-1,0,0,0,0,0,1,1,-1,-1,1,48,8,1499,2,7,FORD C-MAX,9,E01027665,0,4
2024041511079,2024,041511079,1,9,0,-1,19,5,1,-1,0,0,0,0,0,0,1,1,-1,9,1,72,10,1798,1,14,FORD C-MAX,6,E01025164,0,4
2024052400305,2024,052400305,2,9,0,18,19,4,8,0,0,0,0,0,0,0,1,1,6,6,2,39,7,1499,2,7,FORD C-MAX,2,E01006710,0,1
2024131496899,2024,131496899,2,9,0,-1,2,3,3,-1,0,8,0,0,0,0,0,1,-1,6,-1,-1,-1,1560,2,14,FORD C-MAX,-1,-1,0,-1
2024610033624,2024,610033624,2,9,3,9,9,8,6,0,0,1,0,0,0,0,2,1,6,6,1,61,9,1560,2,13,FORD C-MAX,5,E01014675,0,4
2024201469186,2024,201469186,1,9,0,-1,5,2,6,-1,0,8,0,0,0,0,1,9,-1,6,3,-1,-1,1997,2,12,FORD C-MAX,-1,-1,0,-1
2024340WN1492,2024,340WN1492,1,9,0,-1,9,5,1,-1,0,5,0,0,0,0,4,1,-1,6,3,-1,-1,1997,2,11,FORD C-MAX,-1,-1,0,-1
2024631414795,2024,631414795,1,9,0,-1,7,1,3,-1,0,6,0,0,1,10,4,1,-1,9,2,67,10,1560,2,12,FORD C-MAX,9,W01000444,0,1
2024141498200,2024,141498200,2,9,0,-1,15,4,1,-1,0,1,0,0,0,0,3,9,-1,6,3,-1,-1,1997,2,12,FORD C-MAX,-1,-1,0,-1
2024061506051,2024,061506051,1,9,0,-1,8,-1,-1,-1,0,4,0,0,0,0,2,1,-1,9,1,49,8,1560,2,12,FORD C-MAX,8,E01004835,0,1
2024141492235,2024,141492235,1,9,0,-1,19,2,6,-1,0,1,0,0,0,0,3,1,-1,9,1,83,11,1499,2,8,FORD C-MAX,5,E01007653,0,1
2024141442266,2024,141442266,2,9,0,-1,19,4,8,-1,0,0,0,0,0,0,2,1,-1,9,1,29,6,999,1,9,FORD C-MAX,3,E01007345,0,1
2024010529706,2024,010529706,2,9,0,4,4,5,1,0,0,0,0,0,0,0,4,1,6,6,2,54,8,1596,1,12,FORD C-MAX,2,E01003245,0,1
2024201438761,2024,201438761,2,9,0,-1,9,3,8,-1,0,6,0,0,0,0,4,1,-1,7,2,41,7,1560,2,10,FORD C-MAX,9,E01010384,0,1
2024010535457,2024,010535457,1,9,0,11,11,3,7,0,0,0,1,0,0,0,1,1,6,6,1,50,8,1997,2,11,FORD C-MAX,-1,-1,0,-1
2024991477975,2024,991477975,2,9,0,-1,19,3,7,-1,0,8,0,0,0,0,3,1,-1,6,1,41,7,1596,1,16,FORD C-MAX,2,-1,0,1
2024361463901,2024,361463901,1,8,0,-1,4,-1,-1,-1,0,0,0,0,0,0,1,1,-1,6,1,-1,-1,1499,2,8,FORD C-MAX,7,E01026778,0,4
2024010513879,2024,010513879,2,9,0,18,19,7,3,0,0,1,0,0,0,0,2,1,6,6,1,39,7,1596,1,10,FORD C-MAX,3,E01000640,0,2
2024061415063,2024,061415063,2,9,0,-1,2,0,0,-1,9,0,0,0,0,0,1,1,-1,9,1,37,7,1560,2,12,FORD C-MAX,1,E01005112,0,1
2024552400424,2024,552400424,2,9,0,4,4,6,2,0,0,0,0,0,0,0,2,1,2,2,2,32,6,1997,2,11,FORD C-MAX,10,E01020426,0,2
2024010522945,2024,010522945,2,9,0,4,4,6,2,0,0,1,0,0,0,0,1,1,6,6,1,41,7,1596,1,12,FORD C-MAX,8,E01001044,0,3
2024211510545,2024,211510545,1,9,0,-1,19,7,7,-1,0,0,0,0,0,0,2,1,-1,6,1,43,7,1560,2,9,FORD C-MAX,4,E01014288,0,1
2024340NN2952,2024,340NN2952,2,9,0,-1,19,3,7,-1,0,8,0,0,0,0,1,1,-1,1,1,69,10,1596,1,12,FORD C-MAX,2,E01027128,0,1
2024501397720,2024,501397720,1,9,0,-1,19,7,8,-1,0,0,0,0,1,10,4,1,-1,9,1,86,11,1798,1,17,FORD C-MAX,3,E01020502,0,4
2024440459285,2024,440459285,2,9,0,5,5,7,5,0,0,6,0,0,0,0,4,1,6,6,3,-1,-1,1596,1,9,FORD C-MAX,-1,-1,0,-1
2024201508804,2024,201508804,2,9,0,-1,19,7,3,-1,0,8,0,0,0,0,4,1,-1,9,1,28,6,1499,2,7,FORD C-MAX,2,E01010242,0,1
2024061479754,2024,061479754,1,9,0,-1,7,-1,-1,-1,0,0,0,0,0,0,1,1,-1,6,1,-1,-1,1997,2,10,FORD C-MAX,-1,-1,0,-1
2024061399475,2024,061399475,1,9,-1,-1,-1,-1,-1,-1,-1,0,-1,-1,-1,0,-1,9,-1,6,1,-1,-1,998,1,10,FORD C-MAX,-1,-1,0,-1
2024531428944,2024,531428944,2,9,0,-1,19,5,1,-1,0,0,0,0,0,0,1,1,-1,9,1,51,8,1560,2,11,FORD C-MAX,9,E01022283,0,1
2024440295555,2024,440295555,1,9,0,18,19,2,6,0,0,0,0,0,0,0,1,1,6,6,1,46,8,1753,2,16,FORD C-MAX,5,E01017279,0,3
2024122500124,2024,122500124,2,9,0,17,19,1,5,0,0,0,0,0,0,0,4,1,2,2,1,56,9,1560,2,15,FORD C-MAX,5,E01027793,0,1
2024161427007,2024,161427007,2,9,0,-1,19,7,3,-1,0,0,0,0,0,0,1,1,-1,9,1,36,7,1560,2,12,FORD C-MAX,1,E01012805,0,3
2024122400195,2024,122400195,2,9,0,18,19,5,1,0,0,0,0,0,1,9,1,1,6,6,2,76,11,1596,1,16,FORD C-MAX,5,E01027594,0,1
2024451478519,2024,451478519,2,9,0,-1,4,7,3,-1,0,0,0,0,0,0,1,1,-1,9,1,65,9,999,1,7,FORD C-MAX,4,E01030750,0,2
2024131458799,2024,131458799,2,9,0,-1,9,4,2,-1,0,8,0,0,0,0,1,1,-1,9,2,73,10,1560,2,9,FORD C-MAX,6,E01011835,0,1
2024010519315,2024,010519315,1,9,0,18,19,3,7,0,0,0,5,4,0,0,1,1,6,6,2,29,6,1499,2,8,FORD C-MAX,2,E01004615,0,1
2024010519026,2024,010519026,1,9,0,4,4,5,1,0,0,0,0,0,0,0,4,1,6,6,1,49,8,1999,1,15,FORD C-MAX,6,E01033311,0,4
2024401452069,2024,401452069,1,9,0,-1,19,2,6,-1,0,2,0,0,0,0,3,1,-1,9,2,66,10,999,1,8,FORD C-MAX,4,E01015752,0,1
2024371475180,2024,371475180,1,9,0,-1,19,1,5,-1,0,8,0,0,7,0,1,1,-1,9,1,41,7,1999,1,16,FORD C-MAX,7,E01030083,0,3
2024131413344,2024,131413344,2,9,0,-1,19,1,5,-1,0,1,0,0,0,0,4,1,-1,6,1,44,7,1997,2,12,FORD C-MAX,1,E01011671,0,1