collision_index,collision_year,collision_ref_no,vehicle_reference,vehicle_type,towing_and_articulation,vehicle_manoeuvre_historic,vehicle_manoeuvre,vehicle_direction_from,vehicle_direction_to,vehicle_location_restricted_lane_historic,vehicle_location_restricted_lane,junction_location,skidding_and_overturning,hit_object_in_carriageway,vehicle_leaving_carriageway,hit_object_off_carriageway,first_point_of_impact,vehicle_left_hand_drive,journey_purpose_of_driver_historic,journey_purpose_of_driver,sex_of_driver,age_of_driver,age_band_of_driver,engine_capacity_cc,propulsion_code,age_of_vehicle,generic_make_model,driver_imd_decile,lsoa_of_driver,escooter_flag,driver_distance_banding
2024221472968,2024,221472968,1,9,0,-1,19,5,1,-1,0,6,0,10,3,10,1,1,-1,6,1,54,8,1999,2,8,LAND ROVER RANGE ROVER EVOQUE,3,E01032251,0,1
2024010534888,2024,010534888,1,9,0,18,19,3,7,0,0,2,0,0,0,0,1,1,6,6,3,-1,-1,1999,2,8,LAND ROVER RANGE ROVER EVOQUE,-1,-1,0,-1
2024010541102,2024,010541102,2,9,0,99,99,9,9,99,99,9,9,99,9,99,9,9,6,6,2,57,9,1999,1,13,LAND ROVER RANGE ROVER EVOQUE,8,E01002890,0,1
2024461425480,2024,461425480,1,9,0,-1,14,7,3,-1,0,1,0,0,0,0,1,1,-1,2,1,37,7,2179,2,13,LAND ROVER RANGE ROVER EVOQUE,6,E01034997,0,1
2024031448588,2024,031448588,1,9,0,-1,19,7,3,-1,0,4,0,0,0,0,1,1,-1,6,1,60,9,1999,2,4,LAND ROVER RANGE ROVER EVOQUE,4,E01019233,0,2
2024070125710,2024,070125710,3,9,0,18,19,1,5,0,0,0,0,0,0,0,2,1,6,6,2,42,7,1998,2,2,LAND ROVER RANGE ROVER EVOQUE,-1,-1,0,-1
2024052402174,2024,052402174,1,9,0,18,19,7,3,0,0,8,0,0,0,0,4,1,6,6,2,46,8,1999,2,5,LAND ROVER RANGE ROVER EVOQUE,1,E01006739,0,1
2024991445355,2024,991445355,2,9,0,-1,19,1,4,-1,0,0,0,0,0,0,1,2,-1,9,1,61,9,1999,2,6,LAND ROVER RANGE ROVER EVOQUE,10,-1,0,5
2024201501084,2024,201501084,1,9,0,-1,19,8,4,-1,0,1,0,0,0,0,1,9,-1,6,2,60,9,1999,2,6,LAND ROVER RANGE ROVER EVOQUE,1,E01010478,0,1
2024010515555,2024,010515555,1,9,0,99,99,9,9,99,99,9,9,99,9,99,9,9,2,2,2,42,7,1999,2,9,LAND ROVER RANGE ROVER EVOQUE,5,E01001895,0,1
2024622400472,2024,622400472,2,9,0,4,4,4,8,0,0,0,0,0,0,0,2,1,6,6,1,65,9,1999,2,7,LAND ROVER RANGE ROVER EVOQUE,7,W01000474,0,4
2024411417067,2024,411417067,1,9,0,-1,9,6,4,-1,0,3,0,0,0,0,1,1,-1,6,2,55,8,1997,1,2,LAND ROVER RANGE ROVER EVOQUE,10,E01023908,0,1
2024010501184,2024,010501184,2,9,0,15,15,1,5,0,0,8,0,0,0,0,1,1,6,6,2,26,6,1999,2,8,LAND ROVER RANGE ROVER EVOQUE,7,E01034186,0,1
2024320052297,2024,320052297,2,9,0,4,4,6,2,0,0,0,0,0,0,0,2,1,6,6,2,46,8,1999,2,7,LAND ROVER RANGE ROVER EVOQUE,-1,-1,0,-1
2024010499529,2024,010499529,2,9,9,99,99,9,9,99,99,9,9,99,9,99,9,9,6,6,3,38,7,1999,2,7,LAND ROVER RANGE ROVER EVOQUE,2,E01002716,0,1
2024421407046,2024,421407046,1,9,0,-1,19,3,7,-1,0,0,0,0,0,0,4,9,-1,6,2,56,9,1999,2,4,LAND ROVER RANGE ROVER EVOQUE,7,E01002360,0,2
2024010504524,2024,010504524,1,9,0,99,99,9,9,99,99,0,9,99,9,99,2,9,2,2,1,50,8,1999,2,8,LAND ROVER RANGE ROVER EVOQUE,2,E01000027,0,3
2024320133963,2024,320133963,1,9,0,-1,-1,6,2,0,0,0,0,0,0,1,1,1,-1,-1,2,64,9,2179,2,9,LAND ROVER RANGE ROVER EVOQUE,4,E01026082,0,1
2024010523820,2024,010523820,2,9,0,99,99,9,9,99,99,9,9,99,9,99,9,9,6,6,3,-1,-1,1999,2,7,LAND ROVER RANGE ROVER EVOQUE,2,E01003351,0,2
2024201504559,2024,201504559,2,9,0,-1,19,8,4,-1,0,0,0,0,0,0,1,1,-1,9,1,38,7,1999,2,8,LAND ROVER RANGE ROVER EVOQUE,-1,-1,0,-1
2024430223802,2024,430223802,2,9,0,9,9,2,8,0,0,6,0,0,0,0,1,1,6,6,2,33,6,1998,2,3,LAND ROVER RANGE ROVER EVOQUE,10,E01017935,0,1
2024610021624,2024,610021624,1,9,0,8,8,8,4,0,0,1,0,0,0,0,2,1,6,6,1,38,7,2179,2,9,LAND ROVER RANGE ROVER EVOQUE,10,W01001194,0,4
2024231577605,2024,231577605,2,9,0,-1,3,5,1,-1,0,0,0,0,0,0,2,9,-1,6,1,53,8,1999,2,7,LAND ROVER RANGE ROVER EVOQUE,8,E01031310,0,1
2024531491127,2024,531491127,1,9,0,-1,19,4,8,-1,0,0,0,0,0,0,1,1,-1,2,1,45,7,2179,2,11,LAND ROVER RANGE ROVER EVOQUE,9,E01022434,0,3
2024201505066,2024,201505066,1,9,0,-1,5,7,3,-1,0,8,0,0,0,0,1,1,-1,6,1,48,8,1999,2,5,LAND ROVER RANGE ROVER EVOQUE,1,E01009131,0,3
2024471424119,2024,471424119,2,9,0,-1,19,2,5,-1,0,0,0,0,0,0,1,1,-1,9,2,55,8,1999,2,5,LAND ROVER RANGE ROVER EVOQUE,9,E01031685,0,2
2024010514605,2024,010514605,1,9,0,99,99,9,9,99,99,9,9,99,9,99,2,9,6,6,1,35,6,1999,2,8,LAND ROVER RANGE ROVER EVOQUE,4,E01033942,0,3
2024332400070,2024,332400070,1,9,0,-1,19,5,1,-1,0,2,0,0,0,0,4,1,-1,6,2,55,8,1999,2,5,LAND ROVER RANGE ROVER EVOQUE,8,E01025685,0,1
2024430055987,2024,430055987,1,9,0,13,13,2,6,0,0,1,0,0,0,0,1,1,6,6,1,45,7,1999,2,6,LAND ROVER RANGE ROVER EVOQUE,-1,-1,0,-1
2024461429369,2024,461429369,4,9,0,-1,4,5,1,-1,0,0,0,0,0,0,2,1,-1,9,1,74,10,1999,2,4,LAND ROVER RANGE ROVER EVOQUE,9,E01016176,0,4
2024010519418,2024,010519418,1,9,0,18,19,3,7,0,0,8,0,0,0,0,1,1,6,6,2,37,7,1999,1,12,LAND ROVER RANGE ROVER EVOQUE,9,E01001475,0,1
2024471517060,2024,471517060,1,9,0,-1,19,8,4,-1,0,0,0,0,0,0,1,1,-1,9,2,38,7,2179,2,10,LAND ROVER RANGE ROVER EVOQUE,10,E01016984,0,1
2024302401138,2024,302401138,2,9,0,17,19,5,3,0,0,0,0,0,1,4,1,1,6,6,2,58,9,1999,2,9,LAND ROVER RANGE ROVER EVOQUE,8,E01029441,0,1
2024461418736,2024,461418736,2,9,0,-1,2,0,0,-1,0,0,0,0,0,0,1,1,-1,6,-1,-1,-1,1999,2,4,LAND ROVER RANGE ROVER EVOQUE,-1,-1,0,-1
2024461480693,2024,461480693,1,9,0,-1,19,5,1,-1,0,0,0,0,7,7,1,1,-1,9,1,27,6,1999,2,4,LAND ROVER RANGE ROVER EVOQUE,5,E01003718,0,3
2024371405744,2024,371405744,1,9,0,-1,19,3,7,-1,0,0,5,0,7,0,1,1,-1,9,2,24,5,1999,2,8,LAND ROVER RANGE ROVER EVOQUE,1,E01021968,0,4
2024430404597,2024,430404597,1,9,0,18,19,2,6,0,0,0,0,0,1,0,1,1,6,6,2,50,8,1998,2,3,LAND ROVER RANGE ROVER EVOQUE,-1,-1,0,-1
2024547961824,2024,547961824,1,9,0,4,4,1,5,0,0,1,0,0,0,0,1,1,6,6,1,35,6,2179,2,13,LAND ROVER RANGE ROVER EVOQUE,5,E01015571,0,3
2024010537043,2024,010537043,1,9,0,1,1,7,3,0,0,1,0,0,0,0,2,1,6,6,2,35,6,1999,2,5,LAND ROVER RANGE ROVER EVOQUE,4,E01001909,0,1
2024302400693,2024,302400693,2,9,0,18,19,8,4,0,0,0,0,0,0,0,3,1,2,2,2,36,7,1998,2,2,LAND ROVER RANGE ROVER EVOQUE,8,E01019834,0,2
2024010526014,2024,010526014,1,9,0,9,9,5,3,0,0,6,0,0,0,0,4,1,2,2,1,34,6,1498,8,3,LAND ROVER RANGE ROVER EVOQUE,4,E01003554,0,1
2024320652759,2024,320652759,2,9,0,-1,-1,8,4,0,0,1,0,0,6,0,1,1,-1,-1,2,51,8,1998,2,3,LAND ROVER RANGE ROVER EVOQUE,7,E01027033,0,4
2024010511027,2024,010511027,2,9,0,18,19,5,1,0,0,6,0,0,0,0,1,1,3,7,2,42,7,1999,2,8,LAND ROVER RANGE ROVER EVOQUE,2,E01000033,0,1
2024451472199,2024,451472199,3,9,0,-1,2,0,0,-1,0,1,0,0,0,0,3,1,-1,6,-1,-1,-1,1999,2,8,LAND ROVER RANGE ROVER EVOQUE,-1,-1,0,-1
2024131492905,2024,131492905,2,9,0,-1,9,7,3,-1,0,1,0,0,0,0,2,1,-1,6,2,49,8,1999,2,8,LAND ROVER RANGE ROVER EVOQUE,4,E01010795,0,1
2024131406990,2024,131406990,2,9,0,-1,8,5,8,-1,0,0,0,0,0,0,2,1,-1,2,2,46,8,1999,2,8,LAND ROVER RANGE ROVER EVOQUE,7,E01005330,0,4
2024471481909,2024,471481909,1,9,0,-1,19,3,7,-1,0,0,0,0,0,0,1,1,-1,9,2,75,10,2179,2,9,LAND ROVER RANGE ROVER EVOQUE,6,E01031508,0,1
2024520403263,2024,520403263,2,9,0,18,19,7,3,0,0,8,0,0,0,0,3,1,6,6,2,33,6,2179,2,9,LAND ROVER RANGE ROVER EVOQUE,6,E01029059,0,1
2024070686085,2024,070686085,1,9,0,-1,-1,7,2,0,0,4,0,0,0,0,1,1,6,6,2,40,7,1999,2,7,LAND ROVER RANGE ROVER EVOQUE,2,E01018523,0,1
2024010538471,2024,010538471,1,9,0,-1,-1,1,5,0,0,1,0,0,0,0,4,1,6,6,2,75,10,1997,1,0,LAND ROVER RANGE ROVER EVOQUE,7,E01035713,0,1
2024332401237,2024,332401237,3,9,0,-1,2,0,0,-1,0,0,0,0,0,0,4,1,-1,6,3,-1,-1,1998,2,3,LAND ROVER RANGE ROVER EVOQUE,-1,-1,0,-1
2024522402711,2024,522402711,1,9,0,13,13,4,8,0,0,0,0,0,0,0,4,1,6,6,1,32,6,2179,2,12,LAND ROVER RANGE ROVER EVOQUE,3,E01014674,0,1
2024461425571,2024,461425571,2,9,0,-1,19,7,3,-1,0,1,0,0,0,0,2,9,-1,6,2,51,8,1997,1,5,LAND ROVER RANGE ROVER EVOQUE,8,E01016121,0,3
2024131458842,2024,131458842,1,9,0,-1,9,2,1,-1,0,8,0,0,0,0,4,1,-1,6,2,47,8,2179,2,10,LAND ROVER RANGE ROVER EVOQUE,1,E01011134,0,1
2024070878126,2024,070878126,2,9,0,-1,9,5,3,-1,0,6,1,0,-1,11,1,1,-1,9,2,52,8,1999,2,5,LAND ROVER RANGE ROVER EVOQUE,5,E01034677,0,1
2024131509060,2024,131509060,1,9,0,-1,19,1,4,-1,0,8,0,0,0,0,-1,1,-1,6,3,-1,-1,1999,2,7,LAND ROVER RANGE ROVER EVOQUE,-1,-1,0,-1
2024471521923,2024,471521923,1,9,0,-1,19,1,5,-1,0,8,0,0,0,0,3,2,-1,9,2,72,10,1999,2,6,LAND ROVER RANGE ROVER EVOQUE,10,E01031690,0,1
2024332400601,2024,332400601,2,9,0,-1,9,3,1,-1,0,6,0,0,0,0,0,1,-1,6,1,68,10,1999,2,7,LAND ROVER RANGE ROVER EVOQUE,8,E01025684,0,1
2024451395509,2024,451395509,2,9,0,-1,19,2,6,-1,0,0,0,0,1,0,3,1,-1,9,2,60,9,2179,2,10,LAND ROVER RANGE ROVER EVOQUE,10,E01030604,0,1
2024010513976,2024,010513976,2,9,0,7,7,9,9,99,99,9,9,99,9,99,1,9,6,6,3,-1,-1,1999,2,6,LAND ROVER RANGE ROVER EVOQUE,-1,-1,0,-1
2024991488349,2024,991488349,1,9,0,-1,5,8,4,-1,0,6,0,0,0,0,4,1,-1,2,1,30,6,2179,2,9,LAND ROVER RANGE ROVER EVOQUE,-1,-1,0,-1
2024052401357,2024,052401357,1,9,0,7,7,3,7,0,0,8,0,0,0,0,4,1,6,6,2,52,8,1999,2,4,LAND ROVER RANGE ROVER EVOQUE,6,E01007076,0,1
2024010532170,2024,010532170,3,9,0,4,4,1,5,0,0,0,0,0,0,0,1,1,6,6,1,24,5,1498,8,3,LAND ROVER RANGE ROVER EVOQUE,9,W01001773,0,5
2024161409300,2024,161409300,2,9,0,-1,9,5,3,-1,0,6,0,0,0,0,1,9,-1,6,1,-1,-1,1999,2,7,LAND ROVER RANGE ROVER EVOQUE,-1,-1,0,-1
2024302400988,2024,302400988,2,9,0,4,4,1,5,0,0,0,0,0,0,0,1,1,6,6,1,52,8,1999,2,8,LAND ROVER RANGE ROVER EVOQUE,9,E01019446,0,1
2024010515101,2024,010515101,4,9,0,18,19,6,2,0,0,1,0,4,0,0,2,1,6,6,1,32,6,1999,2,5,LAND ROVER RANGE ROVER EVOQUE,7,E01034593,0,2
2024010507643,2024,010507643,2,9,0,18,19,9,9,99,99,9,9,99,9,99,1,9,6,6,3,-1,-1,1997,1,2,LAND ROVER RANGE ROVER EVOQUE,6,E01001652,0,1
2024332400291,2024,332400291,1,9,0,-1,4,6,2,-1,0,0,0,0,0,0,2,1,-1,6,1,27,6,1999,2,9,LAND ROVER RANGE ROVER EVOQUE,-1,-1,0,-1
2024010541902,2024,010541902,1,9,0,5,5,1,5,0,0,1,0,0,0,0,3,1,3,7,2,33,6,1997,1,5,LAND ROVER RANGE ROVER EVOQUE,4,E01001501,0,1
2024221397226,2024,221397226,1,9,0,-1,19,8,4,-1,0,0,0,0,0,0,3,1,-1,6,1,54,8,1999,2,4,LAND ROVER RANGE ROVER EVOQUE,5,E01014059,0,1
2024211482459,2024,211482459,2,9,0,-1,2,0,0,-1,0,0,0,0,0,0,1,1,-1,6,2,31,6,1498,8,3,LAND ROVER RANGE ROVER EVOQUE,6,E01029467,0,4
2024552400750,2024,552400750,2,9,0,18,19,5,1,0,0,8,0,0,7,1,4,1,6,6,2,42,7,1498,8,1,LAND ROVER RANGE ROVER EVOQUE,4,E01033241,0,1
2024531474280,2024,531474280,1,9,0,-1,19,6,2,-1,0,0,0,0,0,0,1,9,-1,6,2,58,9,2179,2,9,LAND ROVER RANGE ROVER EVOQUE,7,E01022230,0,2
2024421503906,2024,421503906,1,9,0,-1,5,5,8,-1,0,1,0,0,0,0,1,1,-1,6,2,36,7,2179,2,9,LAND ROVER RANGE ROVER EVOQUE,9,E01021824,0,3
2024010518915,2024,010518915,1,9,0,18,19,5,1,0,0,5,0,0,0,0,1,1,6,6,2,41,7,1999,2,7,LAND ROVER RANGE ROVER EVOQUE,2,E01002075,0,1
2024631440834,2024,631440834,2,9,0,-1,4,2,6,-1,0,0,0,0,0,0,2,1,-1,9,1,62,9,1999,2,5,LAND ROVER RANGE ROVER EVOQUE,5,E01014018,0,4
2024010523194,2024,010523194,2,9,0,9,9,1,6,0,0,1,0,0,0,0,1,1,6,6,2,54,8,1999,2,7,LAND ROVER RANGE ROVER EVOQUE,4,E01018077,0,5
2024311535205,2024,311535205,2,9,0,-1,3,6,6,-1,0,0,0,0,0,0,2,1,-1,9,1,50,8,1498,8,1,LAND ROVER RANGE ROVER EVOQUE,-1,-1,0,-1
2024302400886,2024,302400886,2,9,0,4,4,4,8,0,0,0,2,0,7,0,1,1,3,7,2,39,7,1999,2,5,LAND ROVER RANGE ROVER EVOQUE,8,E01019854,0,1
2024302401140,2024,302401140,1,9,0,18,19,6,2,0,0,2,0,0,0,0,3,1,6,6,1,44,7,2179,2,9,LAND ROVER RANGE ROVER EVOQUE,2,E01019662,0,1
2024141489199,2024,141489199,2,9,0,-1,7,7,1,-1,0,2,0,0,0,0,3,1,-1,6,1,63,9,1997,1,3,LAND ROVER RANGE ROVER EVOQUE,8,E01011857,0,2
2024010519160,2024,010519160,2,9,0,2,2,0,0,0,0,1,0,0,0,0,2,1,6,6,3,-1,-1,1999,2,5,LAND ROVER RANGE ROVER EVOQUE,-1,-1,0,-1
2024471491093,2024,471491093,2,9,0,-1,19,5,1,-1,0,1,0,0,0,0,1,9,-1,6,2,79,11,1999,2,7,LAND ROVER RANGE ROVER EVOQUE,5,E01021109,0,3
2024211523566,2024,211523566,2,9,0,-1,4,4,2,-1,0,0,0,0,0,0,2,1,-1,6,2,35,6,2179,2,10,LAND ROVER RANGE ROVER EVOQUE,-1,-1,0,-1
2024052401750,2024,052401750,1,9,0,18,19,5,1,0,0,0,0,0,0,0,1,1,6,6,1,47,8,1999,2,7,LAND ROVER RANGE ROVER EVOQUE,2,E01006832,0,1
2024991410392,2024,991410392,2,9,0,-1,19,4,8,-1,0,0,0,0,0,0,2,1,-1,9,1,26,6,1999,2,5,LAND ROVER RANGE ROVER EVOQUE,10,-1,0,4
2024320630087,2024,320630087,1,9,0,-1,-1,8,4,0,0,0,5,0,7,8,1,1,6,6,2,53,8,1999,2,6,LAND ROVER RANGE ROVER EVOQUE,-1,-1,0,-1
2024010507039,2024,010507039,1,9,0,18,19,5,1,0,0,8,0,0,0,0,1,1,6,6,1,73,10,1498,8,0,LAND ROVER RANGE ROVER EVOQUE,9,E01003809,0,1
2024141521568,2024,141521568,2,9,0,-1,5,2,3,-1,0,6,5,0,0,0,1,1,-1,2,2,62,9,2179,2,10,LAND ROVER RANGE ROVER EVOQUE,1,E01008054,0,1
2024141513792,2024,141513792,2,9,0,-1,19,1,5,-1,0,0,0,0,0,0,3,9,-1,6,1,63,9,2179,2,11,LAND ROVER RANGE ROVER EVOQUE,6,E01007630,0,2
2024052400247,2024,052400247,2,9,0,18,19,4,8,0,0,8,0,0,1,0,1,1,6,6,1,29,6,1997,1,4,LAND ROVER RANGE ROVER EVOQUE,1,E01007009,0,1
2024061516475,2024,061516475,1,9,0,-1,19,-1,-1,-1,99,0,0,99,0,0,3,1,-1,9,2,42,7,2179,2,11,LAND ROVER RANGE ROVER EVOQUE,4,E01005436,0,1
2024430194440,2024,430194440,1,9,0,18,19,4,8,0,0,0,5,0,1,4,1,1,2,2,1,40,7,1999,2,4,LAND ROVER RANGE ROVER EVOQUE,10,E01025896,0,5
2024161456556,2024,161456556,1,9,0,-1,19,5,1,-1,0,0,0,0,0,0,2,1,-1,9,2,47,8,1999,2,7,LAND ROVER RANGE ROVER EVOQUE,9,E01026061,0,1
2024421520732,2024,421520732,2,9,0,-1,19,3,7,-1,0,3,0,0,0,0,1,1,-1,6,2,40,7,1999,2,6,LAND ROVER RANGE ROVER EVOQUE,8,E01015965,0,2
2024131497806,2024,131497806,4,9,0,-1,19,3,6,-1,0,0,0,0,0,0,2,1,-1,6,1,33,6,1999,2,7,LAND ROVER RANGE ROVER EVOQUE,2,E01011814,0,1
2024211518329,2024,211518329,1,9,0,-1,19,8,5,-1,0,0,0,4,0,0,1,1,-1,9,2,47,8,1998,2,3,LAND ROVER RANGE ROVER EVOQUE,-1,-1,0,-1
2024451466630,2024,451466630,2,9,0,-1,19,5,1,-1,0,1,0,0,0,0,2,1,-1,9,1,48,8,2179,2,10,LAND ROVER RANGE ROVER EVOQUE,5,E01030579,0,1
2024041414847,2024,041414847,2,9,0,-1,2,5,1,-1,9,0,0,0,2,0,1,1,-1,6,-1,-1,-1,1999,2,5,LAND ROVER RANGE ROVER EVOQUE,-1,-1,0,-1
2024311480547,2024,311480547,2,9,0,-1,2,1,5,-1,0,0,0,4,0,0,2,1,-1,6,2,42,7,2179,2,11,LAND ROVER RANGE ROVER EVOQUE,10,E01018652,0,4
2024451459549,2024,451459549,1,9,0,-1,19,1,3,-1,0,0,0,0,0,0,4,1,-1,9,2,34,6,2179,2,11,LAND ROVER RANGE ROVER EVOQUE,6,E01030649,0,1
2024546917424,2024,546917424,1,9,0,18,19,4,8,0,0,0,1,0,0,0,3,1,6,6,1,58,9,2179,2,10,LAND ROVER RANGE ROVER EVOQUE,9,E01032035,0,1
2024041440529,2024,041440529,2,9,0,-1,19,-1,-1,-1,0,0,0,0,0,0,-1,1,-1,9,1,72,10,1999,2,8,LAND ROVER RANGE ROVER EVOQUE,4,E01012604,0,1
2024211426917,2024,211426917,3,9,0,-1,19,1,5,-1,0,0,0,0,0,0,1,9,-1,6,-1,-1,-1,2179,2,12,LAND ROVER RANGE ROVER EVOQUE,-1,-1,0,-1
2024010490571,2024,010490571,2,9,0,99,99,9,9,99,99,9,9,99,9,99,1,9,6,6,3,46,8,1999,2,8,LAND ROVER RANGE ROVER EVOQUE,8,E01030571,0,4
2024461460688,2024,461460688,1,9,0,-1,19,3,3,-1,0,0,2,0,0,0,1,9,-1,9,2,69,10,2179,2,12,LAND ROVER RANGE ROVER EVOQUE,5,E01024201,0,2
2024010497669,2024,010497669,1,9,0,9,9,7,5,0,0,8,0,0,0,0,3,1,6,6,2,27,6,1999,2,8,LAND ROVER RANGE ROVER EVOQUE,7,E01000135,0,1
2024320755443,2024,320755443,1,9,0,-1,-1,2,6,9,9,0,5,10,1,2,1,1,-1,-1,1,53,8,1498,8,0,LAND ROVER RANGE ROVER EVOQUE,9,E01034695,0,4
2024430219856,2024,430219856,1,9,0,5,5,5,1,0,0,0,0,0,0,0,1,1,6,6,2,21,5,1999,2,8,LAND ROVER RANGE ROVER EVOQUE,-1,-1,0,-1
2024340NN2742,2024,340NN2742,1,9,0,-1,19,5,1,-1,0,8,0,0,0,0,0,1,-1,6,1,60,9,2179,2,12,LAND ROVER RANGE ROVER EVOQUE,3,E01027038,0,2
2024101506800,2024,101506800,2,9,0,-1,7,1,1,-1,0,4,0,0,0,0,1,1,-1,6,2,49,8,1999,2,8,LAND ROVER RANGE ROVER EVOQUE,2,E01008752,0,1
2024061533889,2024,061533889,1,9,0,-1,19,5,1,-1,0,0,0,0,0,0,1,1,-1,6,3,-1,-1,1999,2,8,LAND ROVER RANGE ROVER EVOQUE,-1,-1,0,-1
2024070162140,2024,070162140,3,9,0,3,3,7,3,0,0,1,0,0,0,0,2,1,6,6,2,25,5,1999,2,5,LAND ROVER RANGE ROVER EVOQUE,10,E01033375,0,2
2024461484112,2024,461484112,1,9,0,-1,19,3,7,-1,0,8,0,0,0,0,4,9,-1,6,2,33,6,1999,1,10,LAND ROVER RANGE ROVER EVOQUE,8,E01002826,0,4
2024471494370,2024,471494370,2,9,0,-1,19,6,2,-1,0,0,0,0,0,0,1,1,-1,9,2,58,9,1998,2,3,LAND ROVER RANGE ROVER EVOQUE,10,E01031675,0,2
2024361496410,2024,361496410,3,9,0,-1,19,6,2,-1,0,0,0,0,0,0,2,1,-1,2,2,52,8,1999,2,8,LAND ROVER RANGE ROVER EVOQUE,5,E01026783,0,3
2024010547280,2024,010547280,1,9,0,6,6,3,3,0,0,0,0,0,0,0,0,1,2,2,2,61,9,1999,2,6,LAND ROVER RANGE ROVER EVOQUE,5,E01000038,0,1
2024451458945,2024,451458945,1,9,0,-1,19,1,5,-1,0,0,0,0,0,0,1,1,-1,9,2,60,9,1999,2,5,LAND ROVER RANGE ROVER EVOQUE,10,E01030379,0,1
2024061422739,2024,061422739,1,9,0,-1,19,3,7,-1,99,1,9,0,1,99,4,1,-1,6,3,-1,-1,1999,2,7,LAND ROVER RANGE ROVER EVOQUE,-1,-1,0,-1
2024401466718,2024,401466718,1,9,0,-1,8,1,4,-1,0,0,0,0,0,0,4,1,-1,6,2,58,9,1999,2,6,LAND ROVER RANGE ROVER EVOQUE,7,E01015770,0,1
2024131475226,2024,131475226,1,9,0,-1,19,5,1,-1,0,8,0,0,1,1,1,1,-1,9,2,48,8,2179,2,10,LAND ROVER RANGE ROVER EVOQUE,1,E01011663,0,1
2024161421399,2024,161421399,1,9,0,-1,9,3,1,-1,0,1,0,0,0,0,0,1,-1,9,2,31,6,1999,2,8,LAND ROVER RANGE ROVER EVOQUE,-1,-1,0,-1
2024440546936,2024,440546936,2,9,0,5,5,2,6,0,0,2,0,0,0,0,3,1,6,6,1,74,10,1999,2,9,LAND ROVER RANGE ROVER EVOQUE,7,E01023159,0,3
2024161427741,2024,161427741,4,9,0,-1,19,6,2,-1,0,1,1,0,0,0,1,1,-1,6,2,30,6,2179,2,13,LAND ROVER RANGE ROVER EVOQUE,5,E01012803,0,2
2024061452794,2024,061452794,2,9,0,-1,7,7,3,-1,0,0,0,0,0,0,2,1,-1,9,2,53,8,1999,2,4,LAND ROVER RANGE ROVER EVOQUE,7,E01005005,0,1
2024231421021,2024,231421021,1,9,0,-1,19,8,6,-1,0,8,0,0,0,0,3,1,-1,6,2,38,7,1999,2,5,LAND ROVER RANGE ROVER EVOQUE,7,E01032588,0,1
2024070659264,2024,070659264,3,9,0,18,19,1,5,0,0,0,5,0,0,0,4,2,6,6,2,27,6,1999,2,7,LAND ROVER RANGE ROVER EVOQUE,2,E01005160,0,4
2024010515106,2024,010515106,1,9,0,3,3,7,3,0,0,1,0,0,0,0,2,1,6,6,2,28,6,1999,2,4,LAND ROVER RANGE ROVER EVOQUE,2,E01001633,0,2
2024531521851,2024,531521851,3,9,0,-1,2,0,0,-1,0,0,0,0,0,0,3,1,-1,6,-1,-1,-1,1999,2,8,LAND ROVER RANGE ROVER EVOQUE,-1,-1,0,-1
2024101476364,2024,101476364,2,9,0,-1,19,8,4,-1,0,0,0,0,0,0,3,1,-1,9,1,31,6,1999,2,5,LAND ROVER RANGE ROVER EVOQUE,6,E01008179,0,1
2024010521266,2024,010521266,3,9,0,2,2,0,0,0,0,2,0,0,0,0,1,1,6,6,3,-1,-1,1498,8,2,LAND ROVER RANGE ROVER EVOQUE,-1,-1,0,-1
2024041496779,2024,041496779,3,9,0,-1,4,3,7,-1,0,0,0,0,0,0,1,1,-1,9,1,51,8,1997,1,4,LAND ROVER RANGE ROVER EVOQUE,9,E01000349,0,5
2024010542998,2024,010542998,1,9,0,99,99,9,9,99,99,9,9,99,9,99,2,9,6,6,2,36,7,1999,2,5,LAND ROVER RANGE ROVER EVOQUE,2,E01002755,0,1
2024430376571,2024,430376571,1,9,0,18,19,3,7,0,0,0,0,0,0,0,1,1,6,6,2,37,7,1999,2,5,LAND ROVER RANGE ROVER EVOQUE,10,E01017847,0,2
2024411519287,2024,411519287,1,9,0,-1,7,6,1,-1,0,3,0,0,0,0,4,1,-1,6,1,28,6,2179,2,9,LAND ROVER RANGE ROVER EVOQUE,8,E01032112,0,5
2024041424316,2024,041424316,1,9,0,-1,19,8,4,-1,0,0,5,0,0,0,1,1,-1,9,2,28,6,1999,2,8,LAND ROVER RANGE ROVER EVOQUE,8,E01004780,0,1
2024421432466,2024,421432466,2,9,0,-1,4,2,6,-1,0,0,0,0,0,0,2,9,-1,9,2,29,6,2179,2,9,LAND ROVER RANGE ROVER EVOQUE,10,E01021614,0,2
2024131467887,2024,131467887,1,9,0,-1,19,3,7,-1,0,0,0,0,0,0,1,1,-1,9,2,32,6,1999,2,6,LAND ROVER RANGE ROVER EVOQUE,5,E01011818,0,2