collision_index,collision_year,collision_ref_no,vehicle_reference,vehicle_type,towing_and_articulation,vehicle_manoeuvre_historic,vehicle_manoeuvre,vehicle_direction_from,vehicle_direction_to,vehicle_location_restricted_lane_historic,vehicle_location_restricted_lane,junction_location,skidding_and_overturning,hit_object_in_carriageway,vehicle_leaving_carriageway,hit_object_off_carriageway,first_point_of_impact,vehicle_left_hand_drive,journey_purpose_of_driver_historic,journey_purpose_of_driver,sex_of_driver,age_of_driver,age_band_of_driver,engine_capacity_cc,propulsion_code,age_of_vehicle,generic_make_model,driver_imd_decile,lsoa_of_driver,escooter_flag,driver_distance_banding
2024010548052,2024,010548052,1,9,0,99,99,9,9,99,99,9,9,99,9,99,9,9,6,6,3,-1,-1,3311,8,19,LEXUS RX 400,5,E01000996,0,1
2024141472382,2024,141472382,2,9,0,-1,4,8,4,-1,0,0,0,0,0,0,1,1,-1,9,1,38,7,3311,8,18,LEXUS RX 400,7,E01007553,0,2
2024010516263,2024,010516263,2,9,0,2,2,0,0,0,0,1,0,0,0,0,3,1,6,6,3,-1,-1,3311,8,16,LEXUS RX 400,-1,-1,0,-1
2024010489738,2024,010489738,3,9,0,18,19,5,1,0,0,1,0,0,0,0,1,1,6,6,3,-1,-1,3311,8,16,LEXUS RX 400,-1,-1,0,-1
2024421506220,2024,421506220,1,9,0,-1,19,3,7,-1,0,8,0,0,0,0,1,1,-1,1,1,49,8,3311,8,19,LEXUS RX 400,2,E01015879,0,1
2024421419107,2024,421419107,4,9,0,-1,4,1,5,-1,0,0,0,0,0,0,2,1,-1,2,1,58,9,3311,8,16,LEXUS RX 400,4,E01001090,0,4
2024421494283,2024,421494283,2,9,0,-1,19,1,6,-1,0,0,0,0,0,0,2,1,-1,6,1,32,6,3311,8,16,LEXUS RX 400,3,E01033923,0,4
2024201509192,2024,201509192,2,9,0,-1,13,7,3,-1,0,0,0,0,0,0,2,1,-1,6,1,42,7,3311,8,18,LEXUS RX 400,3,E01009140,0,1
2024501405976,2024,501405976,1,9,0,-1,20,4,1,-1,9,1,0,0,0,0,1,1,-1,6,1,42,7,3311,8,16,LEXUS RX 400,-1,-1,0,-1
2024010543995,2024,010543995,1,9,0,9,9,5,3,0,0,8,1,0,0,0,1,1,6,6,1,41,7,3311,8,16,LEXUS RX 400,5,E01000070,0,1
2024401398425,2024,401398425,1,9,0,-1,19,3,7,-1,0,8,0,0,0,0,1,9,-1,6,3,-1,-1,3311,8,18,LEXUS RX 400,-1,-1,0,-1
2024010512584,2024,010512584,2,9,0,99,99,9,9,99,99,9,9,99,9,99,1,9,6,6,3,53,8,3311,8,17,LEXUS RX 400,4,E01000613,0,2
2024010506326,2024,010506326,1,9,0,9,9,5,2,0,0,6,0,0,0,0,4,1,6,6,1,68,10,3311,8,18,LEXUS RX 400,-1,-1,0,-1
2024461506758,2024,461506758,1,9,0,-1,19,3,7,-1,0,1,0,0,0,0,4,9,-1,6,1,67,10,3311,8,16,LEXUS RX 400,8,E01024053,0,1
2024010519227,2024,010519227,1,9,0,18,19,5,1,0,0,8,0,0,0,0,1,1,6,6,2,34,6,3311,8,19,LEXUS RX 400,4,E01001647,0,2
2024201399487,2024,201399487,2,9,0,-1,19,2,6,-1,0,0,0,0,0,0,1,9,-1,6,2,61,9,3311,8,16,LEXUS RX 400,4,E01009030,0,1
2024010510657,2024,010510657,3,9,0,18,19,2,6,0,0,3,0,0,0,0,2,1,6,6,1,28,6,3311,8,17,LEXUS RX 400,-1,-1,0,-1
2024501420892,2024,501420892,1,9,0,-1,5,1,7,-1,0,5,0,0,1,11,1,1,-1,9,2,77,11,3311,8,17,LEXUS RX 400,2,E01020277,0,1
2024010522987,2024,010522987,1,9,0,5,5,1,5,0,0,1,0,0,0,0,1,1,6,6,1,25,5,3311,8,15,LEXUS RX 400,4,E01002057,0,1
2024010540984,2024,010540984,2,9,0,2,2,0,0,0,0,0,0,0,0,0,1,1,6,6,3,-1,-1,3311,8,17,LEXUS RX 400,-1,-1,0,-1
2024010550225,2024,010550225,1,9,0,99,99,9,9,99,99,9,9,99,9,99,1,9,6,6,1,74,10,3311,8,15,LEXUS RX 400,9,E01002271,0,1
2024010508749,2024,010508749,1,9,0,99,99,9,9,99,99,9,9,99,9,99,2,9,6,6,1,36,7,3311,8,18,LEXUS RX 400,4,E01000736,0,3
2024010546595,2024,010546595,2,9,0,99,99,9,9,99,99,9,9,99,9,99,9,9,6,6,1,48,8,3311,8,17,LEXUS RX 400,3,E01004033,0,1
2024010501611,2024,010501611,1,9,0,4,4,3,7,0,0,1,0,0,0,0,2,1,2,2,1,34,6,3311,8,15,LEXUS RX 400,2,E01004241,0,2
2024131483799,2024,131483799,2,3,0,-1,19,7,3,-1,0,8,1,0,0,0,4,1,-1,6,1,41,7,125,1,2,MAKE AND MODEL REDACTED,9,E01011567,0,1
2024361498364,2024,361498364,2,3,0,-1,7,4,1,-1,0,3,2,0,0,0,2,1,-1,1,2,24,5,125,1,3,MAKE AND MODEL REDACTED,1,E01026699,0,1
2024320693017,2024,320693017,1,3,0,-1,-1,7,2,0,0,2,2,0,0,0,0,1,-1,-1,1,31,6,125,1,2,MAKE AND MODEL REDACTED,1,E01026384,0,2
2024501493616,2024,501493616,2,5,0,-1,19,5,1,-1,0,0,2,0,0,0,3,1,-1,6,1,65,9,648,1,2,ROYAL ENFIELD INTERCEPTOR,6,E01020256,0,2
2024010533156,2024,010533156,2,5,0,18,19,7,3,0,0,1,0,0,0,0,1,1,6,6,1,32,6,648,1,3,ROYAL ENFIELD INTERCEPTOR,10,E01000771,0,1
2024332400997,2024,332400997,1,5,0,-1,13,4,8,-1,0,0,0,0,0,0,1,1,-1,6,1,42,7,650,1,4,ROYAL ENFIELD INTERCEPTOR,5,E01025662,0,1
2024010517620,2024,010517620,1,5,0,99,99,9,9,99,99,9,9,99,9,99,9,1,1,1,1,36,7,650,1,4,ROYAL ENFIELD INTERCEPTOR,7,E01016509,0,4
2024221427551,2024,221427551,2,5,0,-1,19,2,6,-1,0,0,0,0,1,9,1,1,-1,6,1,56,9,650,1,5,ROYAL ENFIELD INTERCEPTOR,5,E01031171,0,5
2024122400955,2024,122400955,1,5,0,18,19,1,5,0,0,0,0,0,1,9,1,1,6,6,1,61,9,650,1,5,ROYAL ENFIELD INTERCEPTOR,9,E01012180,0,4
2024320510813,2024,320510813,1,5,0,-1,-1,2,6,0,0,0,2,0,0,0,1,1,6,6,1,49,8,650,1,5,ROYAL ENFIELD INTERCEPTOR,3,E01027987,0,4
2024401535929,2024,401535929,2,5,0,-1,19,-1,-1,-1,0,-1,2,0,0,0,-1,1,-1,6,1,29,6,650,1,5,ROYAL ENFIELD INTERCEPTOR,10,E01017438,0,1
2024010548305,2024,010548305,1,5,0,99,99,9,9,99,99,9,9,99,9,99,2,1,1,1,1,31,6,650,1,5,ROYAL ENFIELD INTERCEPTOR,5,E01016013,0,3
2024351504287,2024,351504287,2,5,0,-1,19,7,3,-1,0,0,0,0,0,0,1,1,-1,6,1,61,9,865,1,4,ROYAL ENFIELD INTERCEPTOR,8,E01018197,0,1
2024211474360,2024,211474360,1,5,0,-1,19,5,1,-1,0,1,0,0,0,0,1,1,-1,6,1,64,9,648,1,1,ROYAL ENFIELD INTERCEPTOR,5,E01014308,0,1
2024991493534,2024,991493534,1,5,0,-1,19,8,4,-1,0,0,0,0,0,0,1,1,-1,6,1,55,8,648,1,2,ROYAL ENFIELD INTERCEPTOR,4,-1,0,4
2024461476874,2024,461476874,1,5,0,-1,19,7,3,-1,0,0,0,0,0,0,1,1,-1,6,1,50,8,650,1,5,ROYAL ENFIELD INTERCEPTOR,8,E01016082,0,2
2024131413695,2024,131413695,2,4,0,-1,19,2,1,-1,0,8,0,0,0,0,4,1,-1,6,1,57,9,648,1,2,ROYAL ENFIELD INTERCEPTOR,4,E01010637,0,1
2024461488170,2024,461488170,1,5,0,-1,14,3,7,-1,0,2,0,0,0,0,1,1,-1,2,1,46,8,650,1,4,ROYAL ENFIELD INTERCEPTOR,8,E01000985,0,3
2024451435719,2024,451435719,2,5,0,-1,19,7,3,-1,-1,1,0,0,0,0,4,1,-1,2,1,23,5,650,1,5,ROYAL ENFIELD INTERCEPTOR,9,E01030413,0,1
2024552401316,2024,552401316,2,9,0,8,8,8,3,0,0,4,0,0,0,0,2,2,6,6,1,56,9,1985,1,34,MAKE AND MODEL REDACTED,4,E01020460,0,2
2024411470731,2024,411470731,1,9,0,-1,-1,-1,-1,-1,-1,0,-1,-1,-1,0,1,9,-1,6,2,42,7,1968,2,7,SEAT ALHAMBRA,4,E01023914,0,1
2024351465286,2024,351465286,1,9,0,-1,5,1,4,-1,0,0,0,0,0,0,1,1,-1,6,2,50,8,1968,2,8,SEAT ALHAMBRA,10,E01018295,0,1
202417M117224,2024,17M117224,1,9,0,-1,19,4,8,-1,0,8,0,0,0,0,3,1,-1,2,1,35,6,1968,2,5,SEAT ALHAMBRA,-1,-1,0,-1
2024010489300,2024,010489300,2,9,0,18,19,1,5,0,0,2,0,0,0,0,4,1,1,1,1,51,8,1968,2,8,SEAT ALHAMBRA,-1,-1,0,-1
2024991506786,2024,991506786,1,9,0,-1,1,5,1,-1,9,6,0,4,0,0,4,1,-1,6,-1,40,7,1968,2,7,SEAT ALHAMBRA,4,-1,0,1
2024421428274,2024,421428274,1,9,0,-1,7,8,2,-1,0,0,0,0,0,0,1,1,-1,6,2,45,7,1968,2,5,SEAT ALHAMBRA,6,E01021689,0,4
2024201438352,2024,201438352,2,8,0,-1,3,7,3,-1,0,0,0,0,0,0,2,1,-1,1,1,54,8,1968,2,8,SEAT ALHAMBRA,2,E01009942,0,1
2024141441404,2024,141441404,5,9,0,-1,2,0,0,-1,0,0,0,0,0,0,3,1,-1,6,-1,-1,-1,1968,2,8,SEAT ALHAMBRA,-1,-1,0,-1
2024161443065,2024,161443065,1,8,0,-1,4,3,7,-1,0,1,0,0,0,0,1,9,-1,1,3,-1,-1,1968,2,7,SEAT ALHAMBRA,-1,-1,0,-1
2024131444602,2024,131444602,1,9,0,-1,-1,-1,-1,-1,-1,8,-1,-1,-1,0,-1,1,-1,6,3,-1,-1,1968,2,7,SEAT ALHAMBRA,4,E01011263,0,3
2024440113807,2024,440113807,1,8,0,5,5,1,5,0,0,1,0,0,0,0,1,1,1,1,1,34,6,1968,2,5,SEAT ALHAMBRA,5,E01017030,0,1
2024522401256,2024,522401256,2,8,0,18,19,5,1,0,0,6,0,0,0,0,1,1,6,6,3,-1,-1,1968,2,7,SEAT ALHAMBRA,-1,-1,0,-1
2024161454021,2024,161454021,1,9,0,-1,10,6,5,-1,0,1,0,0,0,0,1,1,-1,7,2,61,9,1984,1,17,SEAT ALHAMBRA,1,E01013140,0,1
2024411541312,2024,411541312,1,9,0,-1,3,2,6,-1,0,0,0,0,0,0,2,1,-1,9,2,30,6,1968,2,12,SEAT ALHAMBRA,8,E01023834,0,1
2024201494095,2024,201494095,1,9,0,-1,19,8,5,-1,9,0,1,0,1,5,1,1,-1,9,1,20,4,1984,2,17,SEAT ALHAMBRA,-1,-1,0,-1
2024451398233,2024,451398233,2,9,0,-1,19,1,5,-1,0,0,0,0,0,0,1,9,-1,6,1,40,7,1968,2,7,SEAT ALHAMBRA,7,E01030994,0,1
2024010518033,2024,010518033,1,9,0,9,9,5,3,0,0,8,0,0,0,0,4,1,1,1,1,48,8,1968,2,9,SEAT ALHAMBRA,6,E01001245,0,2
2024010542204,2024,010542204,1,9,0,5,5,7,3,0,0,2,0,0,0,0,3,1,1,1,1,48,8,1968,2,6,SEAT ALHAMBRA,3,E01003439,0,1
2024041476646,2024,041476646,2,9,0,-1,19,5,1,-1,0,0,0,0,0,0,2,1,-1,9,1,34,6,1968,2,8,SEAT ALHAMBRA,2,E01012677,0,4
2024010486959,2024,010486959,1,9,0,18,19,3,7,0,0,8,0,0,0,0,3,1,1,1,1,39,7,1968,2,6,SEAT ALHAMBRA,5,E01035712,0,2
2024522401978,2024,522401978,1,8,0,18,19,4,8,0,0,6,0,0,0,0,4,1,6,6,1,28,6,1968,2,4,SEAT ALHAMBRA,1,E01033366,0,1
2024010530200,2024,010530200,1,8,0,99,99,9,9,99,99,9,9,99,9,99,2,9,1,1,1,48,8,1968,2,7,SEAT ALHAMBRA,6,E01003386,0,3
2024131527342,2024,131527342,2,8,0,-1,19,3,7,-1,0,8,0,0,0,0,4,1,-1,1,1,50,8,1968,2,8,SEAT ALHAMBRA,1,E01010811,0,3
2024351415418,2024,351415418,3,9,0,-1,19,3,6,-1,0,5,0,0,0,0,2,1,-1,6,1,44,7,1968,2,9,SEAT ALHAMBRA,2,E01015633,0,2
2024201445051,2024,201445051,2,9,0,-1,9,-1,-1,-1,0,5,-1,-1,-1,0,-1,9,-1,1,1,34,6,1968,2,6,SEAT ALHAMBRA,1,E01033643,0,2
202417L208124,2024,17L208124,1,9,0,-1,19,2,6,-1,0,8,0,0,0,0,4,1,-1,6,1,43,7,1968,2,10,SEAT ALHAMBRA,9,E01012179,0,2
2024430130890,2024,430130890,1,8,0,18,19,7,3,0,0,0,0,0,0,0,1,1,1,1,1,50,8,1968,2,5,SEAT ALHAMBRA,6,E01016838,0,1
2024010506815,2024,010506815,1,9,9,4,4,7,3,0,0,2,0,0,0,0,1,9,6,6,2,56,9,1968,2,6,SEAT ALHAMBRA,10,E01000763,0,1
2024010536920,2024,010536920,1,9,0,3,3,2,6,0,0,4,1,0,0,0,2,1,1,1,1,51,8,1968,2,5,SEAT ALHAMBRA,4,E01000035,0,1
2024010543604,2024,010543604,2,9,0,99,99,9,9,99,99,0,9,99,9,99,2,9,6,6,3,-1,-1,1968,2,9,SEAT ALHAMBRA,8,E01002896,0,1
2024010535631,2024,010535631,1,9,0,5,5,1,5,0,0,6,0,0,0,0,0,1,1,1,1,59,9,1968,2,8,SEAT ALHAMBRA,5,E01001859,0,1
2024540148324,2024,540148324,1,9,0,17,19,4,8,0,0,0,0,0,0,0,2,1,6,6,1,53,8,1968,2,4,SEAT ALHAMBRA,2,E01017186,0,3
2024061411042,2024,061411042,2,9,0,-1,19,6,6,-1,0,0,0,0,0,0,3,1,-1,9,1,37,7,1968,2,12,SEAT ALHAMBRA,4,E01005299,0,3
2024411429186,2024,411429186,1,9,0,-1,9,5,2,-1,0,4,0,0,0,0,1,1,-1,1,1,36,7,1968,2,8,SEAT ALHAMBRA,5,E01015712,0,3
2024501523474,2024,501523474,1,9,0,-1,12,3,7,-1,0,0,0,0,0,0,3,1,-1,9,1,55,8,1968,2,16,SEAT ALHAMBRA,6,E01018807,0,3
2024010534963,2024,010534963,1,9,0,3,3,1,5,0,0,0,0,0,0,0,2,1,6,6,1,44,7,1968,2,9,SEAT ALHAMBRA,5,E01031584,0,4
2024622400610,2024,622400610,2,9,0,18,19,2,6,0,0,0,0,0,0,0,3,1,6,6,1,43,7,1968,2,7,SEAT ALHAMBRA,2,W01001023,0,2
2024201518010,2024,201518010,1,9,0,-1,4,2,6,-1,0,8,0,0,0,0,1,1,-1,6,3,-1,-1,1968,2,17,SEAT ALHAMBRA,-1,-1,0,-1
2024010551489,2024,010551489,1,9,0,5,5,3,7,0,0,1,0,0,0,0,4,1,1,1,1,55,8,1968,2,7,SEAT ALHAMBRA,3,E01004528,0,2
2024010517323,2024,010517323,1,9,0,7,7,7,2,0,0,5,0,0,0,0,4,1,2,2,1,59,9,1968,2,5,SEAT ALHAMBRA,6,E01001803,0,1
2024201506610,2024,201506610,2,9,0,-1,5,8,4,-1,0,0,0,0,0,0,1,1,-1,6,1,41,7,1968,2,7,SEAT ALHAMBRA,2,E01009265,0,1
2024010497453,2024,010497453,1,9,0,4,4,7,3,0,0,1,0,0,0,0,1,1,1,1,1,52,8,1968,2,7,SEAT ALHAMBRA,-1,-1,0,-1
2024201495040,2024,201495040,1,9,0,-1,19,5,1,-1,0,8,0,0,0,0,1,1,-1,6,1,49,8,1968,2,12,SEAT ALHAMBRA,1,E01008899,0,1
2024010516286,2024,010516286,1,9,0,4,4,5,1,0,0,1,0,0,0,0,0,1,2,2,1,60,9,1968,2,7,SEAT ALHAMBRA,4,E01032772,0,1
2024010503826,2024,010503826,1,8,0,9,9,7,5,0,0,8,0,0,0,0,1,2,1,1,1,46,8,1968,2,9,SEAT ALHAMBRA,5,E01023900,0,4
2024440188807,2024,440188807,1,8,0,18,19,8,4,0,0,8,0,0,0,0,1,1,1,1,1,34,6,1968,2,5,SEAT ALHAMBRA,5,E01017030,0,1
2024351405253,2024,351405253,1,9,0,-1,19,1,5,-1,0,0,0,0,0,0,1,1,-1,6,1,39,7,1968,2,9,SEAT ALHAMBRA,2,E01015604,0,1
2024991424422,2024,991424422,2,9,0,-1,19,1,5,-1,0,0,1,0,0,0,1,1,-1,6,2,37,7,1968,2,6,SEAT ALHAMBRA,5,-1,0,1
2024320652002,2024,320652002,1,8,0,-1,-1,4,8,0,0,0,0,0,1,0,1,1,6,6,1,39,7,1968,2,7,SEAT ALHAMBRA,2,E01008449,0,5
2024122500068,2024,122500068,2,9,0,8,8,4,8,0,0,6,0,0,0,0,2,1,2,2,1,62,9,1968,2,11,SEAT ALHAMBRA,10,E01013358,0,1
2024010528342,2024,010528342,1,8,0,99,99,9,9,99,99,9,9,99,9,99,2,9,1,1,1,53,8,1968,2,5,SEAT ALHAMBRA,7,E01016491,0,1
2024351498041,2024,351498041,1,9,0,-1,-1,-1,-1,-1,-1,0,-1,-1,-1,0,-1,9,-1,6,2,51,8,1968,2,11,SEAT ALHAMBRA,7,E01017969,0,2
2024201458948,2024,201458948,1,8,0,-1,19,2,6,-1,0,0,0,0,0,0,1,1,-1,1,1,44,7,1968,2,7,SEAT ALHAMBRA,1,E01009360,0,1
2024010549968,2024,010549968,1,9,0,4,4,7,3,0,0,1,0,0,0,0,1,1,6,6,1,31,6,1968,2,8,SEAT ALHAMBRA,3,E01004226,0,1
2024552400867,2024,552400867,1,9,0,7,7,5,8,0,0,6,0,0,0,0,1,1,6,6,1,73,10,1968,2,4,SEAT ALHAMBRA,4,E01015339,0,2
2024501417314,2024,501417314,1,9,0,-1,19,8,4,-1,0,0,0,0,0,0,1,1,-1,2,1,29,6,1968,2,10,SEAT ALHAMBRA,9,E01015197,0,4
2024622400649,2024,622400649,1,9,0,18,19,2,5,0,0,1,0,4,0,0,3,1,6,6,1,61,9,1968,2,9,SEAT ALHAMBRA,2,W01001141,0,1
2024010505933,2024,010505933,2,9,0,9,9,7,4,0,0,2,0,0,1,0,4,1,6,6,1,37,7,1968,2,6,SEAT ALHAMBRA,4,E01034287,0,2
2024311515023,2024,311515023,1,9,0,-1,19,2,2,-1,0,0,0,0,0,0,1,1,-1,9,2,63,9,1968,2,4,SEAT ALHAMBRA,6,E01031193,0,5
2024201500509,2024,201500509,1,9,0,-1,5,2,4,-1,0,0,0,0,0,0,0,1,-1,2,1,32,6,1968,2,7,SEAT ALHAMBRA,-1,-1,0,-1
2024991437171,2024,991437171,2,8,0,-1,19,4,8,-1,0,1,0,0,0,0,2,1,-1,9,1,68,10,1968,2,7,SEAT ALHAMBRA,2,-1,0,1
2024010542269,2024,010542269,2,9,0,9,9,3,8,0,0,3,9,0,0,0,4,1,2,2,1,54,8,1968,2,7,SEAT ALHAMBRA,2,E01001554,0,3
2024041427624,2024,041427624,1,9,0,-1,9,7,1,-1,0,5,0,0,0,0,4,1,-1,1,1,37,7,1968,2,8,SEAT ALHAMBRA,2,E01025275,0,1
2024522500023,2024,522500023,2,8,0,6,6,5,5,0,0,0,0,0,0,0,3,1,1,1,3,-1,-1,1968,2,7,SEAT ALHAMBRA,-1,-1,0,-1
2024201493205,2024,201493205,2,9,0,-1,5,6,2,-1,0,0,0,0,0,0,1,1,-1,6,2,40,7,1968,2,7,SEAT ALHAMBRA,5,E01009519,0,1
2024122400964,2024,122400964,1,9,0,5,5,6,2,0,0,1,0,0,0,0,1,1,6,6,1,42,7,1968,2,6,SEAT ALHAMBRA,10,E01010771,0,4
2024010545894,2024,010545894,2,8,0,99,99,9,9,99,99,0,9,99,9,99,9,9,6,6,3,-1,-1,1968,2,7,SEAT ALHAMBRA,4,E01016474,0,4
2024471451346,2024,471451346,2,9,0,-1,19,5,1,-1,0,0,0,0,0,0,4,1,-1,2,1,62,9,1968,2,7,SEAT ALHAMBRA,7,E01031417,0,4
2024471474323,2024,471474323,2,9,0,-1,2,0,0,-1,0,0,1,0,0,0,4,1,-1,6,-1,-1,-1,1968,2,5,SEAT ALHAMBRA,-1,-1,0,-1
2024010514791,2024,010514791,1,8,0,18,19,5,1,0,0,8,0,0,0,0,1,1,1,1,1,51,8,1968,2,7,SEAT ALHAMBRA,-1,-1,0,-1
2024010501059,2024,010501059,2,9,0,99,99,9,9,99,99,9,9,99,9,99,9,9,6,6,3,-1,-1,1968,2,7,SEAT ALHAMBRA,-1,-1,0,-1
2024010524472,2024,010524472,2,9,0,18,19,3,7,0,0,2,0,0,0,0,1,1,1,1,1,53,8,1968,2,8,SEAT ALHAMBRA,6,E01001964,0,2
202454B846424,2024,54B846424,5,9,0,18,19,3,7,0,0,0,0,0,0,0,0,1,6,6,2,65,9,1968,2,8,SEAT ALHAMBRA,7,E01015576,0,4
2024501422334,2024,501422334,1,9,0,-1,3,1,5,-1,0,1,0,0,0,0,1,9,-1,6,1,-1,-1,1968,2,13,SEAT ALHAMBRA,-1,-1,0,-1
2024991450529,2024,991450529,2,8,0,-1,10,1,7,-1,0,0,0,0,0,0,1,1,-1,1,1,28,6,1968,2,5,SEAT ALHAMBRA,-1,-1,0,-1
2024010525287,2024,010525287,1,9,0,18,19,7,3,0,0,2,0,0,0,0,3,1,1,1,1,42,7,1968,2,7,SEAT ALHAMBRA,1,E01011677,0,5
2024010519462,2024,010519462,2,9,9,99,99,9,9,99,99,9,9,99,9,99,9,9,6,6,3,43,7,1968,2,7,SEAT ALHAMBRA,3,E01003587,0,3
2024010506051,2024,010506051,1,9,0,99,99,9,9,0,0,1,0,0,0,0,2,1,6,6,3,-1,-1,1968,2,6,SEAT ALHAMBRA,-1,-1,0,-1
2024201457419,2024,201457419,2,9,0,-1,9,4,2,-1,0,5,1,10,1,1,3,2,-1,6,2,60,9,1968,2,9,SEAT ALHAMBRA,6,E01010079,0,1
2024461399637,2024,461399637,1,8,0,-1,12,1,4,-1,0,8,0,0,0,0,3,1,-1,1,1,52,8,1968,2,8,SEAT ALHAMBRA,6,E01034999,0,1
2024010507640,2024,010507640,1,9,0,99,99,9,9,99,99,9,9,99,9,99,2,9,6,6,1,39,7,1968,2,6,SEAT ALHAMBRA,2,E01003432,0,1
2024361516429,2024,361516429,1,9,0,-1,4,3,7,-1,0,0,0,0,0,0,1,1,-1,9,1,59,9,1968,2,6,SEAT ALHAMBRA,-1,-1,0,-1
2024401443690,2024,401443690,1,9,0,-1,19,1,8,-1,0,4,0,0,0,0,1,1,-1,1,1,43,7,1968,2,9,SEAT ALHAMBRA,4,E01017536,0,1
2024351515130,2024,351515130,1,9,-1,-1,-1,-1,-1,-1,-1,-1,-1,-1,-1,0,-1,9,-1,6,2,-1,-1,1968,2,12,SEAT ALHAMBRA,3,E01015619,0,1
2024522402584,2024,522402584,1,9,0,4,4,8,4,0,0,0,0,0,0,0,0,1,6,6,3,-1,-1,1968,2,10,SEAT ALHAMBRA,-1,-1,0,-1
2024010510211,2024,010510211,1,8,0,99,99,9,9,99,99,9,9,99,9,99,2,9,6,6,3,-1,-1,1968,2,7,SEAT ALHAMBRA,-1,-1,0,-1
2024031529887,2024,031529887,2,9,0,-1,19,1,6,-1,0,8,0,0,0,0,2,1,-1,9,2,47,8,1968,2,7,SEAT ALHAMBRA,8,E01019185,0,1
2024411498684,2024,411498684,2,9,0,-1,4,4,8,-1,0,0,0,0,0,0,0,1,-1,6,1,49,8,1968,2,6,SEAT ALHAMBRA,6,E01023413,0,2
2024052402120,2024,052402120,1,9,0,9,9,5,3,0,0,6,0,0,0,0,1,1,6,6,1,38,7,1968,2,12,SEAT ALHAMBRA,1,E01034401,0,1
2024010517783,2024,010517783,1,9,0,18,19,1,5,0,0,1,0,0,0,0,3,1,6,6,1,30,6,1968,2,7,SEAT ALHAMBRA,1,E01001798,0,1
2024010522473,2024,010522473,1,9,0,99,99,9,9,99,99,0,9,99,9,99,9,9,6,6,3,-1,-1,1984,1,17,SEAT ALHAMBRA,-1,-1,0,-1
2024010537558,2024,010537558,1,9,0,18,19,5,1,0,0,0,0,0,0,0,2,1,6,6,1,58,9,1968,2,4,SEAT ALHAMBRA,3,E01004436,0,1
2024010520209,2024,010520209,1,8,0,18,19,5,1,0,0,8,0,0,0,0,2,1,6,6,1,50,8,1968,2,7,SEAT ALHAMBRA,3,E01004203,0,3
2024421493745,2024,421493745,1,9,0,-1,14,1,5,-1,0,0,0,0,0,0,3,9,-1,6,3,-1,-1,1968,2,12,SEAT ALHAMBRA,-1,-1,0,-1
2024010524188,2024,010524188,2,9,0,18,19,5,1,0,0,1,0,0,0,0,2,1,1,1,1,47,8,1968,2,6,SEAT ALHAMBRA,7,E01033912,0,4
2024522402380,2024,522402380,3,9,0,3,3,6,2,0,0,1,0,0,0,0,2,1,6,6,3,-1,-1,1968,2,9,SEAT ALHAMBRA,-1,-1,0,-1
2024201466121,2024,201466121,1,9,0,-1,6,7,3,-1,0,0,0,0,0,0,1,9,-1,1,1,45,7,1968,2,8,SEAT ALHAMBRA,2,E01010016,0,1
2024010536986,2024,010536986,1,9,0,10,10,3,1,0,0,1,0,0,0,0,1,1,6,6,3,-1,-1,1968,2,9,SEAT ALHAMBRA,6,E01030717,0,4
2024522401445,2024,522401445,2,9,0,4,4,6,2,0,0,1,0,0,0,0,2,1,6,6,1,41,7,1968,2,7,SEAT ALHAMBRA,1,E01014654,0,1
2024430622488,2024,430622488,2,8,0,12,12,8,4,0,0,1,0,0,0,0,1,1,6,6,1,52,8,1968,2,9,SEAT ALHAMBRA,5,E01016476,0,2
2024201456939,2024,201456939,1,9,0,-1,7,5,8,-1,0,4,0,0,0,0,1,1,-1,9,1,49,8,1968,2,7,SEAT ALHAMBRA,1,E01009342,0,1
2024351537155,2024,351537155,1,9,0,-1,9,5,3,-1,0,0,0,0,0,0,1,1,-1,1,1,26,6,1984,2,15,SEAT ALHAMBRA,5,E01033121,0,1
2024122500041,2024,122500041,2,9,0,10,10,1,3,0,0,1,0,0,0,0,1,1,6,6,1,46,8,1968,2,7,SEAT ALHAMBRA,9,E01013341,0,1
2024451455502,2024,451455502,1,9,0,-1,5,5,2,-1,0,8,0,0,1,1,2,1,-1,1,1,31,6,1968,2,7,SEAT ALHAMBRA,3,E01002585,0,2
2024451440436,2024,451440436,1,9,0,-1,19,3,7,-1,0,1,0,0,0,0,4,1,-1,1,1,44,7,1968,2,8,SEAT ALHAMBRA,4,E01002594,0,4
2024361416988,2024,361416988,1,9,0,-1,7,1,3,-1,0,6,0,0,0,0,1,1,-1,9,2,68,10,1968,2,7,SEAT ALHAMBRA,5,E01034776,0,1
2024010492968,2024,010492968,1,8,9,99,99,9,9,99,99,0,9,99,9,99,9,1,6,6,3,-1,-1,1968,2,5,SEAT ALHAMBRA,-1,-1,0,-1
2024552401336,2024,552401336,1,9,0,9,9,4,1,0,0,8,0,0,0,0,1,1,6,6,2,60,9,1968,2,5,SEAT ALHAMBRA,10,E01023038,0,4
2024501520513,2024,501520513,2,9,0,-1,19,5,1,-1,0,1,0,0,0,0,1,1,-1,6,3,-1,-1,1968,2,17,SEAT ALHAMBRA,-1,-1,0,-1
2024461482869,2024,461482869,2,9,0,-1,3,6,2,-1,0,0,0,0,0,0,2,9,-1,6,2,42,7,1968,2,11,SEAT ALHAMBRA,5,E01024207,0,3
2024010508150,2024,010508150,1,8,0,18,19,5,1,0,0,1,0,0,0,0,2,1,6,6,1,57,9,1968,2,7,SEAT ALHAMBRA,-1,-1,0,-1
2024371405836,2024,371405836,2,8,0,-1,3,-1,-1,-1,0,1,0,0,0,0,2,9,-1,1,1,54,8,1968,2,4,SEAT ALHAMBRA,4,E01029962,0,1