collision_index,collision_year,collision_ref_no,vehicle_reference,vehicle_type,towing_and_articulation,vehicle_manoeuvre_historic,vehicle_manoeuvre,vehicle_direction_from,vehicle_direction_to,vehicle_location_restricted_lane_historic,vehicle_location_restricted_lane,junction_location,skidding_and_overturning,hit_object_in_carriageway,vehicle_leaving_carriageway,hit_object_off_carriageway,first_point_of_impact,vehicle_left_hand_drive,journey_purpose_of_driver_historic,journey_purpose_of_driver,sex_of_driver,age_of_driver,age_band_of_driver,engine_capacity_cc,propulsion_code,age_of_vehicle,generic_make_model,driver_imd_decile,lsoa_of_driver,escooter_flag,driver_distance_banding
2024361422874,2024,361422874,1,9,0,-1,2,0,0,-1,0,0,0,0,0,0,3,1,-1,9,1,35,6,1968,2,12,SEAT ALHAMBRA,1,E01026626,0,1
2024471508846,2024,471508846,2,9,0,-1,19,8,4,-1,0,8,0,0,0,0,1,1,-1,2,2,43,7,1968,2,7,SEAT ALHAMBRA,8,E01016929,0,1
2024201492085,2024,201492085,1,9,0,-1,19,6,2,-1,0,2,0,0,0,0,1,1,-1,6,1,-1,-1,1968,2,7,SEAT ALHAMBRA,-1,-1,0,-1
2024141476109,2024,141476109,5,9,0,-1,2,0,0,-1,0,0,0,0,0,0,1,1,-1,6,-1,-1,-1,1968,2,10,SEAT ALHAMBRA,-1,-1,0,-1
2024141437585,2024,141437585,1,9,0,-1,19,3,7,-1,0,0,0,0,0,0,1,1,-1,7,1,48,8,1984,2,16,SEAT ALHAMBRA,1,E01007913,0,1
2024201411142,2024,201411142,2,8,0,-1,9,4,2,-1,0,5,0,0,0,0,3,9,-1,1,1,49,8,1968,2,7,SEAT ALHAMBRA,1,E01033891,0,3
2024010508519,2024,010508519,2,9,9,99,99,9,9,99,99,0,9,99,9,99,9,9,6,6,3,55,8,1968,2,6,SEAT ALHAMBRA,6,E01000218,0,1
2024131521814,2024,131521814,1,8,0,-1,19,7,3,-1,0,0,0,0,0,0,1,1,-1,6,1,40,7,1968,2,8,SEAT ALHAMBRA,-1,-1,0,-1
2024122400761,2024,122400761,1,9,0,18,19,1,5,0,0,0,0,0,0,0,1,1,6,6,2,67,10,1968,2,13,SEAT ALHAMBRA,9,E01011698,0,1
2024461514260,2024,461514260,3,8,0,-1,19,5,1,-1,0,0,0,0,0,0,3,1,-1,1,2,57,9,1968,2,5,SEAT ALHAMBRA,5,E01024786,0,1
2024552401165,2024,552401165,2,9,0,9,9,7,5,0,0,5,0,0,0,0,3,1,3,7,2,41,7,1968,2,6,SEAT ALHAMBRA,10,E01020381,0,1
2024471467367,2024,471467367,4,9,0,-1,2,7,3,-1,0,0,0,0,0,0,1,1,-1,6,-1,-1,-1,1968,2,4,SEAT ALHAMBRA,-1,-1,0,-1
2024010510777,2024,010510777,1,9,9,99,99,9,9,99,99,9,9,99,9,99,9,9,6,6,1,51,8,1968,2,9,SEAT ALHAMBRA,6,E01000150,0,3
2024010508960,2024,010508960,1,2,0,15,15,5,1,0,0,1,0,0,0,0,3,1,6,6,1,28,6,-1,3,1,MAKE AND MODEL REDACTED,-1,-1,0,-1
202454C733024,2024,54C733024,2,3,0,9,9,6,4,0,0,2,0,0,0,0,2,1,2,2,1,49,8,124,1,8,MAKE AND MODEL REDACTED,8,E01034536,0,2
2024320424809,2024,320424809,2,4,0,-1,-1,1,5,0,0,0,5,0,0,0,3,1,-1,-1,1,34,6,124,1,8,MAKE AND MODEL REDACTED,4,E01026057,0,1
2024161451756,2024,161451756,2,3,0,-1,19,7,3,-1,0,1,0,0,0,0,1,1,-1,9,1,28,6,124,1,6,SUZUKI GSXR,4,E01012986,0,3
2024451534672,2024,451534672,1,5,0,-1,19,6,2,-1,0,0,1,5,0,0,1,1,-1,6,1,25,5,599,1,22,SUZUKI GSXR,9,E01030795,0,1
2024991439450,2024,991439450,3,5,0,-1,19,8,4,-1,0,0,0,0,7,0,1,1,-1,6,1,50,8,998,1,17,SUZUKI GSXR,-1,-1,0,-1
2024320493835,2024,320493835,1,3,0,13,13,8,4,0,0,1,5,0,0,0,1,1,-1,-1,1,23,5,124,1,1,SUZUKI GSXR,2,E01026382,0,4
2024991458216,2024,991458216,1,5,0,-1,19,8,5,-1,0,0,0,0,0,0,1,1,-1,9,1,30,6,749,1,17,SUZUKI GSXR,-1,-1,0,-1
2024320450473,2024,320450473,1,5,0,-1,-1,4,7,0,0,0,5,0,7,10,1,1,6,6,1,39,7,1000,1,5,SUZUKI GSXR,-1,-1,0,-1
2024540163624,2024,540163624,1,5,0,18,19,4,8,0,0,1,0,0,0,0,1,1,2,2,1,42,7,749,1,24,SUZUKI GSXR,7,E01031974,0,2
2024010548934,2024,010548934,1,5,0,18,19,4,8,2,2,1,0,0,0,0,1,1,6,6,1,40,7,998,1,16,SUZUKI GSXR,2,E01003961,0,1
2024461457392,2024,461457392,2,5,0,-1,19,3,7,-1,0,8,5,0,0,0,0,1,-1,6,1,28,6,599,1,17,SUZUKI GSXR,5,E01003213,0,4
2024031456058,2024,031456058,1,5,0,-1,19,7,3,-1,0,0,0,0,0,0,3,1,-1,9,1,39,7,-1,-1,-1,SUZUKI GSXR,6,E01011071,0,5
2024430284014,2024,430284014,1,5,0,4,4,-1,-1,0,0,1,1,0,0,0,0,1,6,6,1,62,9,599,1,22,SUZUKI GSXR,10,E01016816,0,2
2024471470449,2024,471470449,1,3,0,-1,19,3,7,-1,0,1,1,0,0,0,4,1,-1,9,2,23,5,124,1,7,SUZUKI GSXR,5,E01016855,0,1
2024302400814,2024,302400814,2,5,0,3,3,5,1,0,0,1,0,0,0,0,2,1,6,6,1,58,9,1000,1,7,SUZUKI GSXR,-1,-1,0,-1
2024010516816,2024,010516816,2,5,0,18,19,3,7,0,0,8,0,0,1,10,3,1,6,6,1,49,8,999,1,9,SUZUKI GSXR,9,E01004593,0,2
2024340WN4222,2024,340WN4222,1,5,0,-1,19,6,2,-1,0,0,0,0,0,0,1,1,-1,9,1,43,7,749,1,17,SUZUKI GSXR,7,E01028856,0,4
202460Q099672,2024,60Q099672,3,3,0,10,10,7,3,0,0,1,0,0,0,0,2,1,6,6,2,38,7,124,1,1,SUZUKI GSXR,-1,-1,0,-1
2024421522833,2024,421522833,2,5,0,-1,19,7,3,-1,0,1,1,0,0,0,3,1,-1,9,1,34,6,599,1,21,SUZUKI GSXR,4,E01021984,0,1
202454B926424,2024,54B926424,1,4,0,18,19,4,8,0,0,1,0,0,0,0,1,1,2,2,1,17,4,124,1,0,SUZUKI GSXR,7,E01032100,0,2
2024421444496,2024,421444496,1,5,0,-1,19,2,6,-1,0,1,2,0,0,0,1,1,-1,9,1,30,6,988,1,21,SUZUKI GSXR,5,E01003724,0,1
2024552400299,2024,552400299,1,5,0,7,7,1,3,0,0,3,0,0,0,0,1,1,6,6,1,19,4,988,1,21,SUZUKI GSXR,10,E01023209,0,4
202460Q160335,2024,60Q160335,1,5,0,14,14,1,5,0,0,1,1,0,0,0,1,1,6,6,1,18,4,599,1,7,SUZUKI GSXR,-1,-1,0,-1
2024421461958,2024,421461958,4,5,0,-1,2,7,7,-1,9,1,0,0,0,0,4,1,-1,6,-1,-1,-1,599,1,22,SUZUKI GSXR,-1,-1,0,-1
2024440003623,2024,440003623,1,3,0,18,19,2,6,0,0,2,0,0,0,0,1,1,6,6,2,19,4,125,1,6,SUZUKI GSXR,3,E01017242,0,1
2024430288199,2024,430288199,2,5,0,18,19,1,5,0,0,2,1,0,0,0,1,1,6,6,1,49,8,600,1,25,SUZUKI GSXR,2,E01016806,0,2
2024141458796,2024,141458796,1,3,0,-1,19,2,6,-1,0,8,0,0,0,0,1,1,-1,6,1,26,6,124,1,6,SUZUKI GSXR,1,E01012952,0,4
2024221463032,2024,221463032,2,3,0,-1,19,2,6,-1,0,8,0,0,0,0,1,1,-1,7,1,17,4,124,1,2,SUZUKI GSXR,4,E01014206,0,1
2024221450641,2024,221450641,1,5,0,-1,5,7,5,-1,0,8,0,0,0,0,1,1,-1,9,1,48,8,1000,1,6,SUZUKI GSXR,6,E01032460,0,3
2024010530309,2024,010530309,2,3,0,13,13,7,3,0,0,0,0,0,0,0,1,1,2,2,1,29,6,125,1,4,SUZUKI GSXR,8,E01023884,0,3
2024070555120,2024,070555120,2,3,0,18,19,7,1,0,0,8,0,0,0,0,4,1,2,2,1,17,4,124,1,1,SUZUKI GSXR,3,E01018552,0,1
2024361433326,2024,361433326,2,5,0,-1,19,3,7,-1,0,0,0,0,0,0,1,1,-1,6,1,26,6,600,1,27,SUZUKI GSXR,3,E01034767,0,1
2024421467499,2024,421467499,3,3,0,-1,19,1,3,-1,0,0,0,0,0,0,3,1,-1,9,1,18,4,124,1,0,SUZUKI GSXR,9,E01021564,0,3
2024320183302,2024,320183302,1,4,0,13,13,2,6,0,0,1,0,0,0,0,1,1,6,6,1,17,4,124,1,4,SUZUKI GSXR,-1,-1,0,-1
2024031467391,2024,031467391,1,5,0,-1,19,4,8,-1,9,0,2,10,1,0,1,1,-1,6,1,35,6,988,1,18,SUZUKI GSXR,1,E01019113,0,1
2024411401561,2024,411401561,1,5,0,-1,7,5,1,-1,0,0,0,0,0,0,4,1,-1,2,2,63,9,999,1,18,SUZUKI GSXR,7,E01023961,0,2
2024440343487,2024,440343487,1,5,0,13,13,6,2,0,0,0,0,0,5,6,1,1,6,6,1,19,4,749,1,17,SUZUKI GSXR,4,E01000722,0,4
2024501485139,2024,501485139,2,5,0,-1,19,5,1,-1,0,0,0,0,1,0,3,1,-1,6,1,31,6,599,1,18,SUZUKI GSXR,2,E01018999,0,2
2024991461709,2024,991461709,1,5,0,-1,19,8,4,-1,0,0,0,0,0,0,0,1,-1,9,1,50,8,750,1,7,SUZUKI GSXR,3,-1,0,3
2024522402913,2024,522402913,1,4,0,18,19,2,6,0,0,8,0,0,0,0,1,1,6,6,1,18,4,124,1,2,SUZUKI GSXR,3,E01014609,0,2
2024501405729,2024,501405729,1,3,0,-1,9,4,8,-1,0,8,0,0,0,0,4,1,-1,6,1,23,5,125,1,5,SUZUKI GSXR,3,E01029186,0,4
2024430615747,2024,430615747,2,3,0,13,13,1,5,0,0,1,0,7,0,0,1,1,6,6,1,17,4,124,1,2,SUZUKI GSXR,9,E01028794,0,4
202460Q088203,2024,60Q088203,1,5,0,17,19,1,5,0,0,1,1,10,1,10,4,1,6,6,1,48,8,599,1,21,SUZUKI GSXR,-1,-1,0,-1
2024461414337,2024,461414337,2,3,0,-1,3,3,7,-1,0,0,0,0,0,0,2,1,-1,9,1,26,6,125,1,6,SUZUKI GSXR,7,E01000748,0,2
2024361528746,2024,361528746,1,3,0,-1,19,5,1,-1,0,0,0,0,0,0,1,1,-1,2,1,18,4,124,1,2,SUZUKI GSXR,2,E01030248,0,3
2024332400789,2024,332400789,2,5,0,-1,19,1,5,-1,0,8,0,0,0,0,1,1,-1,9,1,54,8,999,1,12,SUZUKI GSXR,3,E01031081,0,4
2024010519658,2024,010519658,1,3,0,4,4,7,3,0,0,0,2,0,0,0,1,1,6,6,2,22,5,124,1,2,SUZUKI GSXR,10,E01030541,0,3
2024122400420,2024,122400420,2,3,0,18,19,5,1,0,0,1,0,0,0,0,1,1,6,6,1,19,4,125,1,6,SUZUKI GSXR,10,E01013452,0,2
2024411542358,2024,411542358,1,5,0,-1,10,4,2,-1,0,1,0,0,0,0,4,1,-1,6,1,32,6,998,1,16,SUZUKI GSXR,2,E01001196,0,3
2024211493160,2024,211493160,1,3,0,-1,19,1,5,-1,0,1,0,0,0,0,1,1,-1,6,2,35,6,124,1,1,SUZUKI GSXR,-1,-1,0,-1
2024361415355,2024,361415355,1,3,0,-1,19,2,6,-1,0,1,2,0,0,0,1,1,-1,9,1,24,5,124,1,1,SUZUKI GSXR,3,E01026775,0,2
2024552401364,2024,552401364,2,2,0,18,19,2,6,0,0,8,0,0,0,0,4,1,2,2,1,18,4,124,1,0,SUZUKI GSXR,9,E01020391,0,2
2024101492257,2024,101492257,1,5,0,-1,19,1,5,-1,0,1,0,0,7,0,1,1,-1,9,1,78,11,1000,1,7,SUZUKI GSXR,-1,-1,0,-1
2024430561075,2024,430561075,2,4,0,18,19,1,5,0,0,8,0,0,0,0,1,1,6,6,1,23,5,125,1,4,SUZUKI GSXR,3,E01016454,0,1
2024552400214,2024,552400214,1,5,0,18,19,6,2,0,0,0,1,0,1,0,0,1,6,6,1,30,6,599,1,13,SUZUKI GSXR,4,E01015420,0,3
2024461444784,2024,461444784,2,5,0,-1,14,5,1,-1,0,1,5,0,0,0,1,1,-1,9,1,49,8,600,1,21,SUZUKI GSXR,6,E01024847,0,1
2024430307188,2024,430307188,1,5,0,17,19,7,4,0,0,0,0,0,1,0,3,1,6,6,1,36,7,599,1,16,SUZUKI GSXR,2,E01028518,0,4
202454A242624,2024,54A242624,2,5,0,18,19,5,1,0,0,1,0,0,1,0,1,1,6,6,1,57,9,988,1,21,SUZUKI GSXR,10,E01032055,0,4
2024311394906,2024,311394906,2,5,0,-1,19,2,6,-1,0,0,0,0,0,0,1,1,-1,6,1,47,8,988,1,21,SUZUKI GSXR,5,E01028164,0,1
2024010536690,2024,010536690,2,5,0,99,99,9,9,99,99,9,9,99,9,99,1,1,6,6,1,36,7,749,1,15,SUZUKI GSXR,4,E01004331,0,1
2024320308595,2024,320308595,1,5,0,99,99,3,7,0,0,0,1,10,0,0,0,1,-1,-1,1,38,7,750,1,9,SUZUKI GSXR,4,E01015630,0,4
2024211422527,2024,211422527,1,5,0,-1,19,7,3,-1,0,0,1,0,4,0,4,1,-1,6,1,49,8,999,1,7,SUZUKI GSXR,3,E01034058,0,3
2024010541308,2024,010541308,1,5,0,18,19,5,1,0,0,1,0,0,0,0,0,1,6,6,1,31,6,749,1,15,SUZUKI GSXR,-1,-1,0,-1
2024501427903,2024,501427903,1,3,0,-1,19,8,4,-1,0,0,1,0,0,0,1,1,-1,6,2,23,5,124,1,1,SUZUKI GSXR,2,E01018797,0,2
2024302401027,2024,302401027,2,5,0,18,19,1,5,0,0,0,0,0,0,0,1,1,6,6,1,57,9,750,1,9,SUZUKI GSXR,9,E01008023,0,3
2024471526408,2024,471526408,1,5,0,-1,5,3,1,-1,0,2,0,0,0,0,4,1,-1,1,1,41,7,599,1,20,SUZUKI GSXR,7,E01031379,0,1
2024440193308,2024,440193308,1,3,0,18,19,6,2,0,0,1,0,0,3,11,1,1,2,2,2,51,8,125,1,5,SUZUKI GSXR,-1,-1,0,-1
2024201444455,2024,201444455,1,5,0,-1,13,4,8,-1,0,0,5,0,0,0,1,1,-1,9,1,42,7,750,1,9,SUZUKI GSXR,2,E01009930,0,2
2024311454264,2024,311454264,4,5,0,-1,19,6,2,-1,0,0,0,0,0,0,1,1,-1,6,1,37,7,749,1,15,SUZUKI GSXR,7,E01025937,0,4
2024411412364,2024,411412364,1,3,0,-1,11,1,4,-1,0,0,0,0,0,0,3,1,-1,6,1,18,4,125,1,5,SUZUKI GSXR,9,E01023507,0,1
2024201437330,2024,201437330,2,5,0,-1,14,6,2,-1,0,8,1,0,0,0,1,1,-1,6,1,28,6,599,1,15,SUZUKI GSXR,8,E01009919,0,3
2024340WN4622,2024,340WN4622,1,5,0,-1,19,7,3,-1,0,8,1,0,1,11,1,1,-1,6,1,34,6,750,1,8,SUZUKI GSXR,4,E01035429,0,3
2024161485964,2024,161485964,1,3,0,-1,19,3,7,-1,0,1,0,0,0,0,1,1,-1,9,1,18,4,124,1,1,SUZUKI GSXR,5,E01012829,0,1
2024440242113,2024,440242113,1,5,0,16,19,8,3,0,0,0,1,0,7,4,1,1,6,6,1,24,5,988,1,20,SUZUKI GSXR,5,E01022543,0,3
2024471450488,2024,471450488,1,3,0,-1,19,5,2,-1,-1,0,0,0,1,1,1,1,-1,9,1,18,4,125,1,5,SUZUKI GSXR,10,E01031754,0,3
2024320517276,2024,320517276,1,5,0,13,13,4,8,0,0,1,5,0,0,0,2,1,6,6,2,30,6,749,1,16,SUZUKI GSXR,2,E01026030,0,1
2024231431447,2024,231431447,2,5,0,-1,19,5,1,-1,0,1,0,0,0,0,1,1,-1,6,1,39,7,998,1,16,SUZUKI GSXR,3,E01031109,0,2
2024010542824,2024,010542824,2,3,0,18,19,3,7,0,0,1,0,0,0,0,1,1,2,2,1,21,5,124,1,6,SUZUKI GSXR,10,E01030500,0,4
2024631403348,2024,631403348,1,5,0,-1,19,7,3,-1,0,8,0,0,0,0,1,1,-1,6,1,24,5,599,1,26,SUZUKI GSXR,2,W01000588,0,1
2024991450756,2024,991450756,1,5,0,-1,9,7,5,-1,0,0,1,0,1,11,1,1,-1,6,1,34,6,749,1,16,SUZUKI GSXR,4,-1,0,1
2024010528176,2024,010528176,1,5,0,18,19,7,3,0,0,0,2,10,0,0,3,1,6,6,1,43,7,599,1,16,SUZUKI GSXR,-1,-1,0,-1
2024361488312,2024,361488312,2,5,0,-1,13,6,1,-1,0,0,1,0,7,0,3,1,-1,2,1,34,6,599,1,14,SUZUKI GSXR,8,E01026551,0,2
2024451523268,2024,451523268,1,5,0,-1,19,7,3,-1,0,1,0,0,0,0,3,1,-1,2,1,46,8,998,1,17,SUZUKI GSXR,9,E01030539,0,2
2024351432667,2024,351432667,1,3,0,-1,19,5,1,-1,0,0,0,0,1,4,4,1,-1,6,1,24,5,124,1,4,SUZUKI GSXR,6,E01018052,0,2
2024010515113,2024,010515113,2,3,0,18,19,4,8,0,0,0,0,0,1,0,1,1,6,6,1,27,6,125,1,4,SUZUKI GSXR,-1,-1,0,-1
2024010545373,2024,010545373,1,5,0,14,14,5,1,0,0,2,0,0,0,0,3,1,6,6,1,51,8,749,1,17,SUZUKI GSXR,1,E01002280,0,1
2024010521244,2024,010521244,1,5,0,13,13,1,5,0,0,1,0,0,0,0,4,1,6,6,1,37,7,1000,1,5,SUZUKI GSXR,6,E01002668,0,1
2024320276797,2024,320276797,1,5,0,-1,-1,4,8,0,0,1,2,0,1,0,3,1,6,6,1,35,6,600,1,25,SUZUKI GSXR,1,E01026157,0,3
2024131470878,2024,131470878,3,5,0,-1,19,1,1,-1,0,8,2,0,0,0,1,1,-1,6,1,54,8,1000,1,5,SUZUKI GSXR,8,E01011522,0,3
2024471485495,2024,471485495,2,5,0,-1,19,6,2,-1,0,1,0,0,0,0,1,1,-1,2,1,40,7,999,1,18,SUZUKI GSXR,5,E01020967,0,1
2024221454509,2024,221454509,1,5,0,-1,19,8,4,-1,0,0,1,0,0,0,1,1,-1,6,1,37,7,599,1,19,SUZUKI GSXR,2,E01014042,0,3
2024631430023,2024,631430023,1,4,0,-1,19,6,3,-1,0,8,0,0,0,0,2,1,-1,6,1,18,4,124,1,1,SUZUKI GSXR,4,W01000603,0,2
2024461442203,2024,461442203,1,5,0,-1,19,4,8,-1,0,0,0,0,0,0,1,1,-1,2,2,32,6,599,1,9,SUZUKI GSXR,7,E01024721,0,1
2024320519549,2024,320519549,2,4,0,-1,-1,8,4,0,0,0,0,0,7,0,3,1,1,1,1,18,4,124,1,2,SUZUKI GSXR,6,E01026399,0,2
2024461430528,2024,461430528,1,3,0,-1,19,2,6,-1,0,1,0,0,0,0,1,1,-1,2,1,29,6,749,1,17,SUZUKI GSXR,7,E01024712,0,1
2024161463288,2024,161463288,1,3,0,-1,19,3,7,-1,0,0,0,0,0,0,1,1,-1,2,2,28,6,124,1,1,SUZUKI GSXR,2,E01013259,0,2
2024421532557,2024,421532557,2,5,0,-1,19,8,5,-1,0,4,5,0,0,0,1,1,-1,6,1,44,7,599,1,26,SUZUKI GSXR,1,E01015842,0,2
2024421466538,2024,421466538,1,5,0,-1,19,6,2,-1,0,0,2,0,0,0,1,1,-1,2,2,37,7,599,1,9,SUZUKI GSXR,2,E01021316,0,2
2024421521785,2024,421521785,1,5,0,-1,4,7,3,-1,0,0,0,0,0,0,1,1,-1,6,1,46,8,749,1,14,SUZUKI GSXR,10,E01016538,0,4
2024122400667,2024,122400667,1,4,0,18,19,3,7,0,0,0,1,0,0,0,1,1,6,6,2,17,4,124,1,4,SUZUKI GSXR,5,E01027773,0,1
2024451481626,2024,451481626,2,5,0,-1,7,4,8,-1,0,0,2,0,1,0,3,1,-1,9,1,59,9,999,1,19,SUZUKI GSXR,8,E01030528,0,3
2024440373816,2024,440373816,1,4,0,18,19,5,1,0,0,8,0,0,0,0,2,1,6,6,1,55,8,999,1,19,SUZUKI GSXR,4,E01023019,0,2
2024471433871,2024,471433871,2,3,0,-1,19,6,2,-1,0,0,2,0,7,10,3,1,-1,9,1,20,4,124,1,7,SUZUKI GSXR,1,E01016942,0,4
2024010510455,2024,010510455,2,5,0,18,19,1,5,0,0,1,0,0,0,0,1,1,6,6,1,28,6,599,1,23,SUZUKI GSXR,3,E01001109,0,1
2024361503771,2024,361503771,1,3,0,-1,19,5,1,-1,0,0,0,0,0,0,1,1,-1,2,1,18,4,124,1,2,SUZUKI GSXR,2,E01030248,0,3
2024302400381,2024,302400381,1,4,0,17,19,5,2,0,0,0,1,0,0,0,2,1,6,6,1,33,6,749,1,19,SUZUKI GSXR,5,E01019623,0,1
2024461526042,2024,461526042,1,5,0,-1,19,6,2,-1,0,8,1,0,4,0,4,1,-1,1,1,33,6,988,1,21,SUZUKI GSXR,4,E01024029,0,1
2024320619281,2024,320619281,2,3,0,-1,-1,2,6,0,0,1,2,0,0,0,4,1,-1,-1,1,35,6,124,1,1,SUZUKI GSXR,2,E01026165,0,1
2024371459258,2024,371459258,1,5,0,-1,19,2,6,-1,0,0,0,0,0,0,1,1,-1,6,1,25,5,999,1,17,SUZUKI GSXR,5,E01033448,0,3
2024461423477,2024,461423477,1,3,0,-1,19,1,5,-1,0,0,0,0,0,0,1,1,-1,9,1,18,4,124,1,1,SUZUKI GSXR,10,E01024631,0,3
2024010530550,2024,010530550,1,3,0,18,19,5,1,0,0,1,0,0,0,0,0,1,6,6,1,37,7,125,1,4,SUZUKI GSXR,5,E01004414,0,2
2024010525209,2024,010525209,1,5,0,7,7,5,8,0,0,1,1,0,0,0,0,1,6,6,1,46,8,599,1,14,SUZUKI GSXR,7,E01000438,0,4
2024991459090,2024,991459090,1,5,0,-1,19,6,3,-1,0,8,0,0,1,1,1,1,-1,6,1,54,8,999,1,18,SUZUKI GSXR,1,E01035622,0,5
2024552400706,2024,552400706,1,2,0,16,19,2,5,0,0,8,0,0,7,0,1,1,2,2,1,19,4,600,1,27,SUZUKI GSXR,10,E01020407,0,2
2024101459538,2024,101459538,2,5,0,-1,19,5,1,-1,0,0,1,0,7,0,1,1,-1,9,1,59,9,999,1,17,SUZUKI GSXR,2,E01008819,0,1
2024351432197,2024,351432197,1,3,0,-1,14,7,3,-1,0,1,1,0,0,0,4,1,-1,6,1,24,5,124,1,1,SUZUKI GSXR,1,E01015663,0,1
2024461462503,2024,461462503,1,5,0,-1,4,7,6,-1,0,0,0,0,0,0,1,1,-1,2,1,53,8,600,1,25,SUZUKI GSXR,7,E01024569,0,1
2024340WN9122,2024,340WN9122,1,5,0,-1,19,7,3,-1,0,8,5,0,3,4,1,1,-1,6,1,43,7,988,1,21,SUZUKI GSXR,6,E01027234,0,1
2024461496435,2024,461496435,1,5,0,-1,15,3,7,-1,0,0,0,0,0,0,3,1,-1,6,1,49,8,999,1,18,SUZUKI GSXR,-1,-1,0,-1
2024010540836,2024,010540836,1,5,0,14,14,1,5,0,0,8,0,0,0,0,1,1,6,6,1,32,6,998,1,16,SUZUKI GSXR,8,E01021621,0,4
2024501500028,2024,501500028,2,5,0,-1,19,3,7,-1,0,0,0,0,0,0,0,1,-1,6,1,38,7,599,1,19,SUZUKI GSXR,3,E01020155,0,3
2024010512062,2024,010512062,2,5,0,18,19,3,7,0,0,0,0,0,0,0,1,1,6,6,1,28,6,750,1,8,SUZUKI GSXR,-1,-1,0,-1
2024531447542,2024,531447542,1,3,0,-1,12,5,1,-1,0,0,0,0,0,0,1,1,-1,9,1,18,4,124,1,1,SUZUKI GSXR,9,E01022363,0,3
2024411490166,2024,411490166,1,3,0,-1,19,3,1,-1,0,1,0,0,0,0,1,1,-1,9,1,19,4,125,1,5,SUZUKI GSXR,10,E01023476,0,1
2024552401021,2024,552401021,1,4,0,13,13,3,7,0,0,8,0,0,0,0,1,1,6,6,1,26,6,599,1,18,SUZUKI GSXR,8,E01015333,0,1
2024430169056,2024,430169056,2,5,0,13,13,2,6,0,0,8,0,0,0,0,1,1,6,6,1,25,5,599,1,21,SUZUKI GSXR,5,E01016580,0,1
2024332400383,2024,332400383,1,3,0,-1,19,2,5,-1,0,8,1,10,0,0,4,1,-1,6,1,38,7,599,1,18,SUZUKI GSXR,3,E01013681,0,1
2024070342167,2024,070342167,3,3,0,17,19,7,3,0,0,0,2,1,0,0,1,1,6,6,1,17,4,125,1,6,SUZUKI GSXR,1,E01018476,0,1
2024061473021,2024,061473021,2,3,0,-1,19,3,7,-1,0,0,0,0,0,0,4,1,-1,1,1,36,7,125,1,4,SUZUKI GSXR,1,E01032912,0,1
2024552401080,2024,552401080,2,5,0,18,19,8,4,0,0,8,0,0,0,0,0,1,2,2,1,45,7,1000,1,17,SUZUKI GSXR,5,E01015274,0,3
2024461477971,2024,461477971,1,5,0,-1,19,4,8,-1,0,0,5,0,0,0,2,1,-1,6,1,27,6,749,1,19,SUZUKI GSXR,3,E01024641,0,1
2024122400849,2024,122400849,2,5,0,18,19,8,4,0,0,8,0,0,0,0,1,1,6,6,1,53,8,749,1,24,SUZUKI GSXR,2,E01013444,0,1
2024461507201,2024,461507201,1,4,0,-1,19,7,3,-1,0,0,0,0,0,0,1,1,-1,6,1,38,7,749,1,21,SUZUKI GSXR,6,E01024378,0,4
2024440084170,2024,440084170,2,5,0,14,14,4,8,0,0,0,0,0,0,0,1,1,1,1,1,19,4,600,1,27,SUZUKI GSXR,8,E01022762,0,1
2024131485454,2024,131485454,2,5,0,-1,19,1,5,-1,0,0,0,0,0,0,1,1,-1,9,1,36,7,998,1,16,SUZUKI GSXR,1,E01011358,0,1
2024501471414,2024,501471414,1,3,0,-1,19,5,8,-1,0,4,1,0,0,0,4,1,-1,9,2,19,4,125,1,6,SUZUKI GSXR,6,E01015132,0,1
2024311461673,2024,311461673,1,5,0,-1,19,1,5,-1,0,1,0,0,0,0,1,1,-1,6,1,51,8,600,1,27,SUZUKI GSXR,-1,-1,0,-1
2024141458375,2024,141458375,1,5,0,-1,19,3,7,-1,0,0,0,0,0,0,1,1,-1,6,1,64,9,749,1,14,SUZUKI GSXR,2,E01005260,0,4
2024461449201,2024,461449201,1,5,0,-1,11,5,1,-1,0,8,0,0,0,0,1,1,-1,6,1,40,7,749,1,16,SUZUKI GSXR,8,E01016105,0,1
2024311395163,2024,311395163,2,3,0,-1,19,3,5,-1,0,0,0,0,1,0,3,1,-1,9,1,56,9,124,1,2,SUZUKI GSXR,2,E01028233,0,1
2024161454066,2024,161454066,1,5,0,-1,19,5,1,-1,0,0,0,0,1,0,1,1,-1,9,1,45,7,988,1,22,SUZUKI GSXR,1,E01012852,0,2
2024421469883,2024,421469883,1,5,0,-1,5,7,5,-1,4,1,0,0,0,0,3,1,-1,2,1,43,7,999,1,10,SUZUKI GSXR,9,E01015857,0,1
2024461520752,2024,461520752,1,5,0,-1,19,4,8,-1,0,1,0,0,0,0,1,1,-1,6,1,33,6,749,1,15,SUZUKI GSXR,5,E01024201,0,1
2024461438635,2024,461438635,2,5,0,-1,19,1,5,-1,0,1,0,0,0,0,3,1,-1,6,1,-1,-1,749,1,17,SUZUKI GSXR,8,E01015823,0,4
2024311430103,2024,311430103,1,5,0,-1,9,2,7,-1,0,8,2,0,0,0,3,1,-1,9,1,36,7,599,1,18,SUZUKI GSXR,-1,-1,0,-1
2024361476844,2024,361476844,1,5,0,-1,19,1,5,-1,0,0,0,0,0,0,1,1,-1,9,1,28,6,599,1,23,SUZUKI GSXR,2,E01026607,0,3
2024631467687,2024,631467687,2,5,0,-1,19,4,8,-1,0,8,1,0,7,10,1,1,-1,6,1,29,6,599,1,15,SUZUKI GSXR,5,W01000566,0,3