collision_index,collision_year,collision_ref_no,vehicle_reference,vehicle_type,towing_and_articulation,vehicle_manoeuvre_historic,vehicle_manoeuvre,vehicle_direction_from,vehicle_direction_to,vehicle_location_restricted_lane_historic,vehicle_location_restricted_lane,junction_location,skidding_and_overturning,hit_object_in_carriageway,vehicle_leaving_carriageway,hit_object_off_carriageway,first_point_of_impact,vehicle_left_hand_drive,journey_purpose_of_driver_historic,journey_purpose_of_driver,sex_of_driver,age_of_driver,age_band_of_driver,engine_capacity_cc,propulsion_code,age_of_vehicle,generic_make_model,driver_imd_decile,lsoa_of_driver,escooter_flag,driver_distance_banding
2024411500901,2024,411500901,2,9,0,-1,19,3,7,-1,0,1,0,0,1,0,3,1,-1,9,2,53,8,1339,1,11,HONDA JAZZ,9,E01035592,0,1
2024010547255,2024,010547255,1,9,0,18,19,2,6,0,0,2,0,4,0,0,1,1,2,2,2,31,6,1339,1,14,HONDA JAZZ,-1,-1,0,-1
2024010527821,2024,010527821,1,9,0,99,99,9,9,99,99,9,9,99,9,99,1,9,6,6,3,-1,-1,1339,1,16,HONDA JAZZ,-1,-1,0,-1
2024061526307,2024,061526307,1,9,0,-1,2,0,0,-1,99,0,0,0,0,0,2,1,-1,7,2,35,6,1339,1,18,HONDA JAZZ,2,E01005224,0,1
2024440225169,2024,440225169,1,9,0,18,19,2,6,0,0,1,0,0,0,0,1,1,6,6,2,60,9,1339,8,9,HONDA JAZZ,-1,-1,0,-1
2024302401319,2024,302401319,1,9,0,18,19,6,2,0,0,1,0,0,0,0,1,1,6,6,1,19,4,1339,1,17,HONDA JAZZ,2,E01013473,0,1
2024311478382,2024,311478382,1,9,-1,-1,-1,-1,-1,-1,-1,0,-1,-1,-1,0,-1,9,-1,6,1,39,7,1318,1,8,HONDA JAZZ,-1,-1,0,-1
2024141500341,2024,141500341,4,9,0,-1,-1,-1,-1,-1,-1,-1,-1,-1,-1,0,-1,9,-1,6,3,-1,-1,1339,1,15,HONDA JAZZ,-1,-1,0,-1
2024201493680,2024,201493680,2,9,0,-1,19,5,1,-1,0,8,1,0,0,0,1,1,-1,9,1,51,8,1339,1,15,HONDA JAZZ,2,E01010038,0,1
2024141497451,2024,141497451,3,9,0,-1,2,0,0,-1,0,2,0,0,0,0,3,1,-1,6,-1,-1,-1,1339,1,14,HONDA JAZZ,-1,-1,0,-1
2024471459454,2024,471459454,1,9,0,-1,19,7,3,-1,9,8,0,4,3,0,1,1,-1,9,1,90,11,1318,1,4,HONDA JAZZ,9,E01021156,0,1
2024430136913,2024,430136913,2,9,0,3,3,7,3,0,0,8,0,0,0,0,2,1,6,6,1,23,5,1339,1,18,HONDA JAZZ,8,E01028808,0,1
2024520402299,2024,520402299,2,9,0,18,19,1,5,0,0,2,0,0,0,0,1,1,6,6,1,47,8,1339,1,16,HONDA JAZZ,1,E01029100,0,1
2024991522725,2024,991522725,1,9,0,-1,9,1,7,-1,0,6,0,0,0,0,1,1,-1,2,2,61,9,1339,1,12,HONDA JAZZ,2,-1,0,1
2024311506563,2024,311506563,1,9,0,-1,10,5,5,-1,0,1,0,0,0,0,0,1,-1,6,2,32,6,1339,1,21,HONDA JAZZ,1,E01028311,0,1
2024010516837,2024,010516837,3,9,0,2,2,0,0,0,0,1,0,10,0,0,2,1,6,6,3,-1,-1,1339,1,11,HONDA JAZZ,-1,-1,0,-1
2024131469711,2024,131469711,1,9,0,-1,19,8,4,-1,0,8,0,0,0,0,1,1,-1,9,2,76,11,1339,1,19,HONDA JAZZ,7,E01011418,0,1
2024010544268,2024,010544268,3,9,0,4,4,7,3,0,0,0,0,0,0,0,2,1,6,6,1,34,6,1339,1,14,HONDA JAZZ,4,E01016003,0,3
2024430482633,2024,430482633,1,9,0,18,19,2,6,0,0,0,0,0,0,0,4,1,6,6,2,-1,-1,1198,1,11,HONDA JAZZ,-1,-1,0,-1
2024131438322,2024,131438322,1,9,0,-1,9,7,5,-1,0,0,0,0,0,0,1,1,-1,9,1,85,11,1198,1,11,HONDA JAZZ,6,E01010909,0,1
2024991431835,2024,991431835,1,9,0,-1,19,8,4,-1,0,8,0,0,0,0,1,1,-1,9,1,89,11,1339,1,10,HONDA JAZZ,4,-1,0,1
2024311458622,2024,311458622,1,9,0,-1,19,5,1,-1,0,1,0,0,0,0,1,1,-1,9,1,25,5,1339,1,18,HONDA JAZZ,9,E01013979,0,1
2024061523587,2024,061523587,2,9,0,-1,19,1,5,-1,0,8,0,0,0,0,3,1,-1,9,2,49,8,1246,1,16,HONDA JAZZ,1,E01005579,0,1
2024401444064,2024,401444064,1,9,0,-1,19,5,5,-1,0,1,0,0,0,0,1,1,-1,1,1,28,6,1339,1,17,HONDA JAZZ,1,E01017466,0,1
2024052401689,2024,052401689,1,9,0,18,19,2,6,0,0,0,5,0,0,0,1,1,1,1,2,39,7,1339,1,21,HONDA JAZZ,3,E01018548,0,1
202460Q032527,2024,60Q032527,1,9,0,18,19,3,7,0,0,0,0,0,0,0,4,1,6,6,1,87,11,1318,1,6,HONDA JAZZ,-1,-1,0,-1
2024010520627,2024,010520627,2,9,0,18,19,3,7,0,0,0,0,4,0,0,1,1,6,6,2,72,10,1318,1,8,HONDA JAZZ,9,E01001121,0,2
2024201501621,2024,201501621,2,9,0,-1,5,2,6,-1,0,0,0,0,0,0,1,9,-1,6,1,61,9,1339,1,15,HONDA JAZZ,1,E01009204,0,1
2024010509141,2024,010509141,2,9,0,18,19,5,1,0,0,0,1,0,1,0,1,1,6,6,1,31,6,1339,1,11,HONDA JAZZ,-1,-1,0,-1
2024411436942,2024,411436942,1,9,0,-1,-1,-1,-1,-1,-1,0,-1,-1,-1,0,-1,9,-1,7,2,54,8,1339,1,16,HONDA JAZZ,6,E01023570,0,1
2024231526530,2024,231526530,1,9,0,-1,5,7,3,-1,0,4,0,0,0,0,1,9,-1,1,1,22,5,1339,1,11,HONDA JAZZ,10,E01023355,0,4
2024520403337,2024,520403337,1,9,0,4,4,3,6,0,0,8,0,0,0,0,9,1,6,6,2,54,8,1339,1,19,HONDA JAZZ,6,E01032631,0,1
2024501500087,2024,501500087,1,9,0,-1,9,7,5,-1,0,6,0,0,0,0,3,1,-1,9,1,77,11,1318,1,6,HONDA JAZZ,4,E01015177,0,2
2024361457137,2024,361457137,1,9,0,-1,9,8,5,-1,0,8,0,0,0,0,3,1,-1,1,1,32,6,1339,1,13,HONDA JAZZ,9,E01026503,0,3
2024052400890,2024,052400890,3,9,0,2,2,0,0,0,0,0,0,0,0,0,2,1,6,6,3,-1,-1,1198,1,14,HONDA JAZZ,-1,-1,0,-1
2024231397659,2024,231397659,2,9,0,-1,4,6,2,-1,0,0,0,0,0,0,2,1,-1,6,1,34,6,1339,1,18,HONDA JAZZ,7,E01031297,0,1
2024440126354,2024,440126354,2,9,0,18,19,5,1,0,0,4,0,0,0,0,1,1,6,6,1,39,7,1339,1,18,HONDA JAZZ,6,E01032884,0,2
2024141537109,2024,141537109,4,9,0,-1,4,3,7,-1,0,1,0,0,0,0,1,1,-1,9,1,-1,-1,1339,1,10,HONDA JAZZ,2,E01007642,0,2
2024361433328,2024,361433328,1,9,0,-1,5,7,1,-1,0,0,0,0,0,0,1,1,-1,2,2,40,7,1339,1,13,HONDA JAZZ,4,E01026468,0,1
2024201513279,2024,201513279,1,9,0,-1,19,3,7,-1,0,8,0,0,0,0,1,1,-1,6,-1,-1,-1,1339,1,17,HONDA JAZZ,-1,-1,0,-1
2024311405915,2024,311405915,1,9,0,-1,9,4,2,-1,0,6,0,0,3,4,1,1,-1,9,2,82,11,1339,1,18,HONDA JAZZ,5,E01019689,0,1
2024351423155,2024,351423155,3,9,0,-1,2,0,0,-1,0,0,0,0,0,0,0,1,-1,6,-1,-1,-1,1339,8,12,HONDA JAZZ,-1,-1,0,-1
2024010517904,2024,010517904,2,9,0,18,19,1,5,0,0,8,0,0,0,0,4,1,6,6,1,43,7,1339,1,17,HONDA JAZZ,2,E01003501,0,1
2024430068163,2024,430068163,2,9,0,5,5,4,8,0,0,0,0,0,0,0,4,1,6,6,1,28,6,1339,1,19,HONDA JAZZ,-1,-1,0,-1
2024471436492,2024,471436492,1,9,0,-1,5,3,7,-1,0,2,0,0,1,4,4,1,-1,9,1,18,4,1339,1,16,HONDA JAZZ,6,E01031408,0,3
2024471426270,2024,471426270,1,9,0,-1,19,3,7,-1,0,0,0,0,2,7,1,1,-1,9,1,82,11,1498,8,4,HONDA JAZZ,7,E01022628,0,4
2024411471255,2024,411471255,1,9,0,-1,19,3,7,-1,0,8,5,10,0,0,1,1,-1,6,2,83,11,1318,1,7,HONDA JAZZ,8,E01033029,0,1
2024131497874,2024,131497874,2,9,0,-1,19,3,3,-1,0,8,0,0,0,0,4,1,-1,2,2,28,6,1318,1,8,HONDA JAZZ,3,E01011585,0,2
2024991444541,2024,991444541,1,9,0,-1,19,3,7,-1,0,0,0,0,0,0,1,1,-1,9,2,38,7,1339,1,14,HONDA JAZZ,-1,-1,0,-1
2024440407850,2024,440407850,2,9,0,18,19,6,2,0,0,1,0,0,0,0,1,1,6,6,1,19,4,1339,1,12,HONDA JAZZ,5,E01032883,0,1
2024332401078,2024,332401078,2,9,0,-1,2,0,0,-1,0,0,0,0,0,0,4,1,-1,6,3,-1,-1,1339,1,17,HONDA JAZZ,-1,-1,0,-1
2024010527955,2024,010527955,1,9,0,99,99,9,9,0,0,9,0,99,0,0,9,1,6,6,2,23,5,1339,1,10,HONDA JAZZ,4,E01002411,0,1
2024531428944,2024,531428944,1,9,0,-1,5,1,5,-1,0,0,0,0,0,0,3,1,-1,9,1,56,9,1339,1,21,HONDA JAZZ,-1,-1,0,-1
2024201519653,2024,201519653,2,9,0,-1,19,4,8,-1,0,1,0,0,0,0,1,1,-1,6,1,25,5,1339,1,19,HONDA JAZZ,2,E01009795,0,3
2024401477609,2024,401477609,2,9,0,-1,8,1,3,-1,0,6,0,0,0,0,2,1,-1,6,1,75,10,1339,1,14,HONDA JAZZ,1,E01017471,0,1
2024131499758,2024,131499758,1,9,0,-1,19,3,7,-1,0,4,0,0,0,0,3,1,-1,2,2,39,7,1318,1,5,HONDA JAZZ,2,E01010804,0,1
2024010517384,2024,010517384,1,9,0,18,19,1,5,0,0,1,0,0,0,0,1,1,6,6,1,44,7,1339,1,19,HONDA JAZZ,6,E01002138,0,1
2024161396594,2024,161396594,2,9,0,-1,9,6,4,-1,0,1,0,0,0,0,1,1,-1,6,2,70,10,1318,1,5,HONDA JAZZ,3,E01012901,0,1
2024031485850,2024,031485850,2,9,5,-1,19,6,6,-1,0,0,0,0,0,0,0,2,-1,6,1,87,11,1318,1,7,HONDA JAZZ,-1,-1,0,-1
2024501397386,2024,501397386,1,9,0,-1,4,3,8,-1,0,0,0,0,0,0,3,1,-1,9,2,71,10,1339,1,17,HONDA JAZZ,5,E01020278,0,1
2024010538871,2024,010538871,1,9,0,17,19,8,6,0,0,1,1,0,0,0,4,1,6,6,1,49,8,1339,1,17,HONDA JAZZ,2,E01004223,0,3
2024221473783,2024,221473783,1,9,0,-1,19,3,7,-1,0,0,0,0,0,0,4,9,-1,6,2,60,9,1339,1,9,HONDA JAZZ,5,E01028927,0,1
2024131463930,2024,131463930,1,9,0,-1,5,2,4,-1,0,8,0,0,1,0,3,1,-1,9,2,57,9,1339,1,11,HONDA JAZZ,2,E01011943,0,1
2024471405204,2024,471405204,4,9,0,-1,2,3,7,-1,-1,0,0,0,0,0,2,1,-1,6,-1,-1,-1,1339,1,17,HONDA JAZZ,-1,-1,0,-1
2024471445183,2024,471445183,1,9,0,-1,9,1,5,-1,0,8,0,0,0,0,1,1,-1,9,2,41,7,1318,1,6,HONDA JAZZ,7,E01015486,0,5
2024131492543,2024,131492543,2,9,0,-1,19,1,5,-1,0,8,0,0,0,0,1,1,-1,9,2,55,8,1318,1,7,HONDA JAZZ,6,E01011802,0,1
2024371400577,2024,371400577,2,9,0,-1,3,4,8,-1,0,8,0,0,0,0,2,1,-1,9,2,52,8,1339,1,13,HONDA JAZZ,8,E01030047,0,1
2024622400185,2024,622400185,1,9,0,5,5,7,3,0,0,1,0,0,0,0,1,1,6,6,2,39,7,1339,1,16,HONDA JAZZ,6,W01001878,0,1
2024440199252,2024,440199252,2,9,0,3,3,4,8,0,0,1,0,0,0,0,2,1,6,6,1,77,11,1498,8,3,HONDA JAZZ,9,E01022848,0,1
2024201474832,2024,201474832,1,9,0,-1,4,7,3,-1,0,0,0,0,0,0,2,1,-1,6,1,35,6,1198,1,13,HONDA JAZZ,2,E01009994,0,3
2024520401615,2024,520401615,2,9,0,18,19,5,1,0,0,0,0,0,0,0,1,1,6,6,1,-1,-1,1339,1,18,HONDA JAZZ,7,E01029162,0,1
2024061516012,2024,061516012,1,9,0,-1,3,-1,-1,-1,99,0,0,0,0,0,1,1,-1,6,3,-1,-1,1339,1,21,HONDA JAZZ,-1,-1,0,-1
2024991418351,2024,991418351,4,9,0,-1,4,8,4,-1,0,0,0,0,0,0,2,1,-1,2,1,23,5,1198,1,11,HONDA JAZZ,-1,-1,0,-1
2024361395248,2024,361395248,2,9,0,-1,9,5,2,-1,0,5,0,0,0,0,3,1,-1,6,2,52,8,1339,1,17,HONDA JAZZ,6,E01026899,0,1
2024221506858,2024,221506858,1,9,0,-1,13,2,6,-1,0,0,0,10,1,2,4,1,-1,9,2,81,11,1498,8,3,HONDA JAZZ,5,E01028870,0,3
2024061475845,2024,061475845,1,9,0,-1,19,1,5,-1,0,1,0,0,0,0,1,9,-1,2,1,55,8,1198,1,15,HONDA JAZZ,1,E01034121,0,1
2024991524354,2024,991524354,1,9,0,-1,19,1,5,-1,0,0,0,0,0,0,1,1,-1,9,2,80,11,1498,8,4,HONDA JAZZ,7,-1,0,4
2024041498813,2024,041498813,5,9,0,-1,19,5,1,-1,0,2,0,0,0,0,2,1,-1,9,2,40,7,1339,1,15,HONDA JAZZ,2,E01025152,0,1
2024010559015,2024,010559015,2,9,0,99,99,9,9,99,99,9,9,99,9,99,2,9,6,6,3,-1,-1,1339,1,15,HONDA JAZZ,-1,-1,0,-1
2024430067740,2024,430067740,1,9,0,18,19,2,6,0,0,6,0,0,0,0,1,1,2,2,1,47,8,1339,1,19,HONDA JAZZ,6,E01016469,0,1
2024052402338,2024,052402338,2,9,0,5,5,1,5,0,0,8,0,0,0,0,1,1,6,6,1,37,7,1339,1,18,HONDA JAZZ,1,E01006778,0,1
2024332401135,2024,332401135,1,9,0,-1,4,1,5,-1,0,0,0,0,0,0,2,1,-1,6,2,44,7,1339,1,18,HONDA JAZZ,1,E01013693,0,1
2024010525293,2024,010525293,1,9,0,10,10,1,7,0,0,6,0,0,0,0,1,1,1,1,1,30,6,1498,8,1,HONDA JAZZ,3,E01000032,0,1
2024052401132,2024,052401132,3,9,0,3,3,8,4,0,0,1,0,0,0,0,2,1,6,6,2,-1,-1,1339,1,15,HONDA JAZZ,1,E01006691,0,1
2024101444728,2024,101444728,1,9,0,-1,19,5,1,-1,0,8,0,0,0,0,1,9,-1,6,2,-1,-1,1246,1,19,HONDA JAZZ,2,E01008756,0,1
2024501520111,2024,501520111,1,9,0,-1,12,7,3,-1,0,0,1,4,0,0,1,1,-1,6,2,83,11,1339,1,14,HONDA JAZZ,3,E01020286,0,2
2024302400555,2024,302400555,2,9,0,18,19,4,8,0,0,0,0,0,0,0,1,1,6,6,2,75,10,1318,1,5,HONDA JAZZ,10,E01019684,0,1
2024010504132,2024,010504132,1,9,0,4,4,1,5,0,0,2,0,0,0,0,1,1,6,6,2,83,11,1339,1,13,HONDA JAZZ,9,E01002110,0,1
2024010532845,2024,010532845,2,9,0,99,99,9,9,99,99,9,9,99,9,99,9,9,6,6,3,-1,-1,1339,1,17,HONDA JAZZ,-1,-1,0,-1
2024010537807,2024,010537807,1,9,0,18,19,7,3,0,0,0,0,4,0,0,4,1,6,6,1,43,7,1498,1,6,HONDA JAZZ,2,E01000730,0,1
2024332401230,2024,332401230,2,9,0,-1,19,4,8,-1,0,8,0,0,7,0,1,1,-1,9,2,60,9,1498,8,4,HONDA JAZZ,9,E01025671,0,2
2024351472313,2024,351472313,1,9,0,-1,15,7,5,-1,0,6,0,0,0,0,2,1,-1,9,1,86,11,1318,1,8,HONDA JAZZ,10,E01018245,0,1
2024440453889,2024,440453889,2,9,0,18,19,3,7,0,0,1,0,0,0,0,1,1,6,6,2,55,8,1198,1,15,HONDA JAZZ,7,E01022918,0,3
2024131403898,2024,131403898,1,9,0,-1,19,1,5,-1,0,6,0,0,0,0,1,1,-1,9,1,86,11,1339,1,17,HONDA JAZZ,3,E01011875,0,1
2024061521164,2024,061521164,1,9,0,-1,7,8,3,-1,9,2,0,0,1,0,1,1,-1,9,2,37,7,1330,8,11,HONDA JAZZ,8,E01004982,0,1
2024552401483,2024,552401483,1,9,0,18,19,4,8,0,0,0,0,0,0,0,2,1,2,2,2,29,6,1339,1,17,HONDA JAZZ,2,E01015290,0,1
2024440295108,2024,440295108,1,9,0,16,19,1,4,0,0,0,0,0,0,0,4,1,6,6,1,57,9,1339,1,10,HONDA JAZZ,7,E01017094,0,1
2024411456670,2024,411456670,1,9,-1,-1,-1,-1,-1,-1,-1,0,-1,-1,-1,0,1,9,-1,6,2,35,6,1339,1,18,HONDA JAZZ,10,E01023825,0,1
2024041533638,2024,041533638,2,9,0,-1,9,5,1,-1,0,1,0,0,0,0,3,1,-1,2,2,50,8,1339,1,17,HONDA JAZZ,7,E01025361,0,1
2024010529676,2024,010529676,2,9,0,18,19,4,8,0,0,8,0,0,0,0,1,1,6,6,1,39,7,1499,8,6,HONDA JAZZ,2,E01003966,0,1
2024311439743,2024,311439743,1,9,0,-1,4,1,5,-1,0,0,0,0,0,0,1,1,-1,9,1,83,11,1339,1,11,HONDA JAZZ,-1,-1,0,-1
2024010545192,2024,010545192,1,9,0,18,19,4,8,0,0,1,0,0,0,0,1,1,6,6,2,28,6,1339,1,18,HONDA JAZZ,2,E01000076,0,1
2024161400138,2024,161400138,1,9,0,-1,9,1,7,-1,0,2,0,0,0,0,1,1,-1,6,2,50,8,1339,1,10,HONDA JAZZ,5,E01012796,0,1
2024471520002,2024,471520002,1,9,0,-1,19,6,2,-1,0,1,0,0,0,0,1,1,-1,9,2,85,11,1339,1,16,HONDA JAZZ,8,E01020963,0,1
2024131491729,2024,131491729,1,9,0,-1,19,1,5,-1,0,1,0,0,0,0,2,1,-1,9,2,29,6,1339,1,17,HONDA JAZZ,1,E01011317,0,1
2024010541734,2024,010541734,1,9,0,9,9,3,8,0,0,8,0,0,0,0,1,1,6,6,1,36,7,1339,1,15,HONDA JAZZ,7,E01004516,0,1
2024061488618,2024,061488618,1,9,0,-1,4,5,1,-1,0,8,0,0,0,0,1,1,-1,6,2,43,7,1339,1,10,HONDA JAZZ,3,E01005278,0,1
2024221504787,2024,221504787,1,9,0,-1,19,2,6,-1,0,2,2,0,0,0,3,1,-1,2,1,45,7,1339,1,20,HONDA JAZZ,2,E01034332,0,4
2024010548291,2024,010548291,1,9,0,9,9,3,1,0,0,5,0,0,0,0,1,1,6,6,1,32,6,1339,1,18,HONDA JAZZ,3,E01001449,0,1
2024122401037,2024,122401037,1,9,0,18,19,5,1,0,0,1,0,0,0,0,1,1,6,6,1,86,11,1339,1,16,HONDA JAZZ,5,E01027822,0,4
2024451445215,2024,451445215,1,9,0,-1,5,2,8,-1,0,2,0,0,1,0,1,1,-1,9,1,45,7,1318,1,8,HONDA JAZZ,10,E01030837,0,1
2024302401802,2024,302401802,2,9,0,18,19,3,7,0,0,8,0,0,0,0,1,1,6,6,2,74,10,1318,1,9,HONDA JAZZ,6,E01019701,0,1
2024101526685,2024,101526685,2,9,0,-1,19,1,5,-1,0,0,0,0,0,0,2,2,-1,6,1,42,7,1339,1,14,HONDA JAZZ,1,E01008305,0,1
2024451440028,2024,451440028,1,9,0,-1,19,5,1,-1,0,2,0,0,0,0,1,1,-1,9,2,67,10,1498,8,1,HONDA JAZZ,9,E01001107,0,1
2024201483546,2024,201483546,2,9,0,-1,19,2,6,-1,0,8,0,10,7,0,4,1,-1,6,-1,-1,-1,1339,1,15,HONDA JAZZ,-1,-1,0,-1
2024440262590,2024,440262590,1,9,0,3,3,3,5,0,0,1,0,0,0,0,3,1,1,1,1,43,7,1498,1,6,HONDA JAZZ,3,E01032738,0,1
2024542571824,2024,542571824,1,9,0,5,5,7,3,0,0,6,0,0,0,0,3,1,6,6,2,84,11,1339,1,10,HONDA JAZZ,10,E01028745,0,3
2024221523459,2024,221523459,3,9,0,-1,3,7,3,-1,0,0,0,0,0,0,2,1,-1,9,2,37,7,1339,1,12,HONDA JAZZ,7,E01014385,0,4
2024131475620,2024,131475620,3,9,0,-1,19,1,1,-1,0,0,0,0,0,0,1,1,-1,9,1,30,6,1198,1,14,HONDA JAZZ,1,E01010964,0,1
2024231437694,2024,231437694,2,9,0,-1,19,4,8,-1,0,8,0,0,0,0,1,1,-1,9,1,72,10,1339,1,11,HONDA JAZZ,9,E01018119,0,5
2024430497307,2024,430497307,1,9,0,18,19,-1,-1,0,0,0,0,0,1,9,3,1,6,6,1,56,9,1339,1,20,HONDA JAZZ,2,E01016839,0,3
2024010524525,2024,010524525,1,9,0,99,99,9,9,99,99,9,9,99,9,99,1,9,6,6,2,64,9,1498,8,1,HONDA JAZZ,5,E01002626,0,1
2024332400343,2024,332400343,1,9,0,-1,13,1,5,-1,0,0,0,0,0,0,4,1,-1,6,1,49,8,1339,1,18,HONDA JAZZ,7,E01035026,0,2
2024131508243,2024,131508243,1,9,0,-1,5,3,1,-1,0,8,0,0,0,0,3,1,-1,9,1,25,5,1330,8,13,HONDA JAZZ,3,E01011489,0,1
2024371412976,2024,371412976,1,9,0,-1,19,7,3,-1,0,0,1,0,7,3,1,1,-1,9,1,83,11,1339,1,18,HONDA JAZZ,8,E01030107,0,2
2024543069924,2024,543069924,2,9,0,7,7,2,4,0,0,5,0,0,0,0,1,1,6,6,1,37,7,1339,1,20,HONDA JAZZ,9,E01032713,0,2
2024041477938,2024,041477938,2,9,0,-1,19,7,3,-1,0,8,0,0,0,0,4,1,-1,9,2,72,10,1498,8,3,HONDA JAZZ,8,E01025513,0,2
2024451523691,2024,451523691,1,9,0,-1,19,6,2,-1,0,0,0,0,0,0,1,1,-1,6,1,61,9,1339,1,13,HONDA JAZZ,5,E01000932,0,4
2024010518771,2024,010518771,1,9,0,7,7,7,8,9,9,1,0,10,2,11,1,1,6,6,2,74,10,1498,8,3,HONDA JAZZ,10,E01000357,0,1
2024010521302,2024,010521302,3,9,0,3,3,3,7,0,0,1,0,0,0,0,2,1,6,6,2,52,8,1198,1,10,HONDA JAZZ,8,E01002946,0,1
2024411445411,2024,411445411,2,9,0,-1,5,6,2,-1,0,1,0,0,0,0,2,1,-1,9,2,59,9,1339,1,11,HONDA JAZZ,5,E01023862,0,1
2024131507805,2024,131507805,2,9,0,-1,19,5,1,-1,0,8,0,0,0,0,4,1,-1,9,1,55,8,1198,1,11,HONDA JAZZ,5,E01010689,0,1
2024221500837,2024,221500837,2,9,0,-1,5,3,7,-1,0,3,0,0,0,0,3,1,-1,6,2,44,7,1339,1,14,HONDA JAZZ,5,E01032305,0,1
2024211502294,2024,211502294,3,9,0,-1,10,4,2,-1,0,1,0,0,0,0,0,1,-1,9,2,50,8,1339,1,13,HONDA JAZZ,7,E01029798,0,1
2024401522618,2024,401522618,2,9,0,-1,5,7,3,-1,0,1,0,0,0,0,2,1,-1,9,2,-1,-1,1339,1,20,HONDA JAZZ,6,E01015780,0,1
2024010528911,2024,010528911,2,9,0,99,99,9,9,99,99,9,9,99,9,99,9,9,6,6,3,-1,-1,1339,1,11,HONDA JAZZ,-1,-1,0,-1
2024201424185,2024,201424185,1,9,0,-1,19,8,6,-1,0,0,0,0,0,0,1,1,-1,6,1,-1,-1,1246,1,16,HONDA JAZZ,-1,-1,0,-1
2024631427670,2024,631427670,2,9,0,-1,19,3,8,-1,0,0,0,0,1,10,3,1,-1,9,2,69,10,1318,1,5,HONDA JAZZ,6,W01000540,0,4
2024211519429,2024,211519429,2,9,0,-1,5,1,5,-1,0,0,0,0,0,0,0,1,-1,6,1,19,4,1339,1,11,HONDA JAZZ,10,E01014352,0,2
2024101493440,2024,101493440,1,9,0,-1,9,8,6,-1,0,8,0,0,0,0,4,9,-1,6,1,32,6,1339,1,14,HONDA JAZZ,3,E01008396,0,1
2024052401544,2024,052401544,1,9,0,16,19,1,4,0,0,8,1,0,0,0,1,1,6,6,1,21,5,1339,1,18,HONDA JAZZ,2,E01014685,0,5
2024411470668,2024,411470668,1,9,0,-1,19,-1,-1,-1,0,0,0,0,0,0,4,9,-1,2,1,34,6,1339,1,18,HONDA JAZZ,8,E01023541,0,3
2024311402180,2024,311402180,2,9,0,-1,7,1,2,-1,0,3,0,0,0,0,1,1,-1,9,2,66,10,1498,8,2,HONDA JAZZ,7,E01028413,0,1
2024131499854,2024,131499854,2,9,0,-1,19,5,1,-1,0,8,0,0,0,0,2,1,-1,6,2,41,7,1339,1,15,HONDA JAZZ,1,E01011361,0,1
2024131521939,2024,131521939,1,9,0,-1,19,1,1,-1,0,0,0,0,0,0,1,2,-1,9,2,40,7,1339,1,21,HONDA JAZZ,3,E01011908,0,1
2024052400506,2024,052400506,2,9,0,18,19,7,3,0,0,8,1,0,0,0,1,1,6,6,1,80,11,1498,8,2,HONDA JAZZ,10,E01025502,0,2
2024361450981,2024,361450981,1,9,0,-1,19,7,3,-1,0,0,0,0,0,0,4,1,-1,9,1,55,8,1339,1,11,HONDA JAZZ,9,E01032999,0,4
2024010510373,2024,010510373,2,9,9,99,99,9,9,99,99,0,9,99,9,99,9,9,6,6,3,-1,-1,1339,1,16,HONDA JAZZ,-1,-1,0,-1
2024041453435,2024,041453435,1,9,0,-1,19,7,3,-1,0,8,1,0,0,0,2,1,-1,2,2,22,5,1339,1,17,HONDA JAZZ,1,E01025230,0,1
2024122400771,2024,122400771,1,9,0,18,19,6,2,0,0,4,0,0,0,0,1,1,6,6,2,48,8,1339,1,14,HONDA JAZZ,9,E01011377,0,3
2024061452215,2024,061452215,1,9,0,-1,19,-1,-1,-1,0,0,1,0,0,0,3,1,-1,9,1,35,6,1339,1,12,HONDA JAZZ,1,E01005117,0,2
2024031414184,2024,031414184,1,9,0,-1,19,1,5,-1,0,0,0,0,0,0,1,1,-1,6,1,63,9,1339,1,15,HONDA JAZZ,1,E01019165,0,1
2024201445015,2024,201445015,2,9,0,-1,2,0,0,-1,0,0,0,0,0,0,1,9,-1,9,1,39,7,1339,1,17,HONDA JAZZ,2,E01033629,0,1
2024041502255,2024,041502255,1,9,0,-1,19,1,5,-1,0,1,0,0,0,0,1,1,-1,9,1,81,11,1339,1,11,HONDA JAZZ,7,E01025333,0,2
2024010509285,2024,010509285,2,9,0,5,5,1,5,0,0,4,0,0,0,0,4,1,6,6,2,61,9,1339,1,9,HONDA JAZZ,3,E01003310,0,2
2024991426688,2024,991426688,1,9,0,-1,9,3,1,-1,0,1,0,0,0,0,3,1,-1,9,2,83,11,1339,1,12,HONDA JAZZ,5,-1,0,1
2024010507493,2024,010507493,2,9,0,99,99,9,9,99,99,9,9,99,9,99,1,9,6,6,3,-1,-1,1339,1,10,HONDA JAZZ,-1,-1,0,-1
2024351513109,2024,351513109,1,9,0,-1,3,1,7,-1,0,8,0,0,0,0,4,1,-1,6,1,59,9,1339,1,20,HONDA JAZZ,5,E01017951,0,1
2024010522301,2024,010522301,1,9,0,99,99,9,9,99,99,9,9,99,9,99,2,9,6,6,2,51,8,1318,1,6,HONDA JAZZ,5,E01016886,0,4
2024430204026,2024,430204026,3,9,0,5,5,8,4,0,0,1,0,0,0,0,1,1,6,6,2,50,8,1198,1,15,HONDA JAZZ,2,E01017707,0,1
2024430329592,2024,430329592,1,9,0,9,9,3,1,0,0,5,0,0,0,0,1,1,6,6,2,35,6,1339,1,17,HONDA JAZZ,-1,-1,0,-1