collision_index,collision_year,collision_ref_no,vehicle_reference,vehicle_type,towing_and_articulation,vehicle_manoeuvre_historic,vehicle_manoeuvre,vehicle_direction_from,vehicle_direction_to,vehicle_location_restricted_lane_historic,vehicle_location_restricted_lane,junction_location,skidding_and_overturning,hit_object_in_carriageway,vehicle_leaving_carriageway,hit_object_off_carriageway,first_point_of_impact,vehicle_left_hand_drive,journey_purpose_of_driver_historic,journey_purpose_of_driver,sex_of_driver,age_of_driver,age_band_of_driver,engine_capacity_cc,propulsion_code,age_of_vehicle,generic_make_model,driver_imd_decile,lsoa_of_driver,escooter_flag,driver_distance_banding
2024991420824,2024,991420824,2,9,0,-1,3,5,1,-1,0,0,0,0,0,0,2,1,-1,2,1,32,6,1339,1,10,HONDA JAZZ,5,E01027377,0,4
2024461406155,2024,461406155,2,9,0,-1,3,1,5,-1,0,0,0,0,0,0,2,1,-1,2,1,42,7,1339,1,16,HONDA JAZZ,7,E01024251,0,2
2024010518178,2024,010518178,1,9,0,11,11,3,7,0,0,8,0,0,0,0,4,1,6,6,1,38,7,1339,1,17,HONDA JAZZ,3,E01003569,0,3
2024131444152,2024,131444152,2,9,0,-1,19,3,7,-1,0,0,0,0,7,11,1,1,-1,9,2,76,11,1198,1,14,HONDA JAZZ,5,E01007347,0,4
2024461520638,2024,461520638,1,9,0,-1,7,3,6,-1,0,2,0,0,0,0,3,1,-1,9,1,80,11,1318,1,6,HONDA JAZZ,10,E01024470,0,1
2024311412248,2024,311412248,1,9,0,-1,19,1,5,-1,0,0,0,4,0,0,1,1,-1,9,2,66,10,1339,1,14,HONDA JAZZ,9,E01027934,0,1
2024340NN2942,2024,340NN2942,1,9,0,-1,9,8,7,-1,0,5,0,0,0,0,0,1,-1,9,1,30,6,1339,1,15,HONDA JAZZ,3,E01003490,0,5
2024411470755,2024,411470755,1,9,0,-1,19,5,1,-1,0,0,0,0,0,0,1,1,-1,6,2,-1,-1,1339,1,20,HONDA JAZZ,6,E01019701,0,5
2024421445769,2024,421445769,1,9,0,-1,19,3,7,-1,0,0,1,0,2,4,1,1,-1,2,2,48,8,1339,1,17,HONDA JAZZ,6,E01021597,0,4
2024010501094,2024,010501094,2,9,0,99,99,9,9,99,99,9,9,99,9,99,1,9,6,6,2,66,10,1498,8,3,HONDA JAZZ,5,E01001319,0,1
2024522402702,2024,522402702,2,9,0,18,19,6,2,0,0,5,0,0,0,0,1,1,6,6,3,-1,-1,1198,1,14,HONDA JAZZ,-1,-1,0,-1
2024061574446,2024,061574446,1,9,0,-1,5,3,7,-1,0,2,0,0,0,0,1,1,-1,9,1,40,7,1198,1,13,HONDA JAZZ,2,E01005450,0,1
2024622400254,2024,622400254,2,9,0,18,19,8,4,0,0,8,0,0,0,0,1,1,6,6,1,18,4,1339,1,14,HONDA JAZZ,4,W01000747,0,1
2024451503306,2024,451503306,1,9,0,-1,5,3,7,-1,0,8,0,0,0,0,1,1,-1,9,1,35,6,1339,1,17,HONDA JAZZ,8,E01034606,0,3
2024361455113,2024,361455113,1,9,0,-1,9,1,5,-1,0,8,0,0,0,0,1,1,-1,6,1,33,6,1339,1,17,HONDA JAZZ,8,E01026912,0,1
2024552401173,2024,552401173,1,9,0,18,19,8,4,0,0,8,0,8,0,0,1,1,6,6,1,31,6,1339,1,13,HONDA JAZZ,10,E01023270,0,5
2024141528051,2024,141528051,1,9,0,-1,15,7,3,-1,0,0,5,4,7,10,1,1,-1,9,1,84,11,1498,8,1,HONDA JAZZ,5,E01007953,0,1
2024010544066,2024,010544066,2,9,0,99,99,9,9,99,99,9,9,99,9,99,9,9,6,6,3,-1,-1,1498,8,1,HONDA JAZZ,-1,-1,0,-1
2024201433010,2024,201433010,2,9,0,-1,3,4,8,-1,0,8,0,0,0,0,2,1,-1,6,2,45,7,1339,1,9,HONDA JAZZ,1,E01009363,0,1
2024311415908,2024,311415908,1,9,0,-1,1,8,8,-1,0,0,0,0,0,0,1,1,-1,9,2,86,11,1339,1,12,HONDA JAZZ,7,E01028270,0,1
2024631520636,2024,631520636,2,9,0,-1,4,7,3,-1,0,0,0,0,0,0,2,1,-1,9,2,64,9,1318,1,7,HONDA JAZZ,7,W01000447,0,3
2024010514033,2024,010514033,2,9,0,9,9,3,8,0,0,1,0,0,0,0,3,1,6,6,2,57,9,1339,1,16,HONDA JAZZ,5,E01000468,0,1
2024221538197,2024,221538197,3,9,0,-1,19,5,1,-1,0,1,0,0,0,0,3,1,-1,6,1,40,7,1339,1,19,HONDA JAZZ,1,E01032252,0,1
2024522401254,2024,522401254,2,9,0,7,7,6,8,0,0,5,0,0,0,0,4,1,6,6,3,-1,-1,1339,1,17,HONDA JAZZ,-1,-1,0,-1
2024010524758,2024,010524758,1,9,0,5,5,3,7,0,0,2,0,0,0,0,1,1,6,6,1,31,6,1339,1,18,HONDA JAZZ,3,E01003575,0,1
2024461401498,2024,461401498,1,9,0,-1,19,8,5,-1,0,0,0,0,0,0,1,1,-1,2,1,48,8,1339,1,19,HONDA JAZZ,3,E01016042,0,2
2024221424676,2024,221424676,2,9,0,-1,19,5,1,-1,0,8,0,0,0,0,1,1,-1,6,1,84,11,1339,1,16,HONDA JAZZ,5,E01010552,0,3
2024201490973,2024,201490973,1,9,0,-1,5,1,7,-1,0,5,0,0,0,0,1,1,-1,6,1,29,6,1330,8,12,HONDA JAZZ,1,E01008962,0,2
2024111445487,2024,111445487,1,9,0,-1,7,3,6,-1,0,0,0,0,0,0,1,1,-1,6,1,47,8,1198,1,12,HONDA JAZZ,1,E01008223,0,1
2024471412612,2024,471412612,1,9,0,-1,5,1,5,-1,0,0,0,0,0,0,1,1,-1,9,2,81,11,1339,1,10,HONDA JAZZ,10,E01031775,0,1
2024101459998,2024,101459998,1,9,0,-1,19,6,2,-1,0,0,0,0,0,0,1,1,-1,9,2,82,11,1318,1,5,HONDA JAZZ,9,E01008200,0,2
2024031418067,2024,031418067,3,9,0,-1,2,0,0,-1,0,1,0,0,0,0,3,1,-1,6,2,24,5,1339,1,19,HONDA JAZZ,-1,-1,0,-1
2024440399130,2024,440399130,2,9,0,3,3,2,6,0,0,0,0,0,0,0,2,1,6,6,2,25,5,1339,1,13,HONDA JAZZ,4,E01017128,0,2
2024501505200,2024,501505200,1,9,0,-1,19,7,3,-1,0,1,0,0,0,0,1,1,-1,9,1,82,11,1339,1,15,HONDA JAZZ,4,E01020496,0,3
2024351452080,2024,351452080,2,9,0,-1,19,3,6,-1,0,0,0,0,1,0,4,1,-1,9,2,69,10,1198,1,12,HONDA JAZZ,6,E01015688,0,2
2024131420334,2024,131420334,2,9,0,-1,9,1,7,-1,0,8,0,0,0,0,1,1,-1,6,2,49,8,1198,1,10,HONDA JAZZ,1,E01011663,0,1
2024332400790,2024,332400790,1,9,0,-1,19,4,8,-1,0,0,0,0,7,4,1,1,-1,9,1,74,10,1318,1,8,HONDA JAZZ,7,E01025963,0,3
2024010517383,2024,010517383,2,9,0,18,19,1,5,0,0,2,0,0,1,4,4,1,6,6,1,36,7,1198,1,11,HONDA JAZZ,5,E01002232,0,1
2024010526869,2024,010526869,2,9,0,99,99,9,9,99,99,9,9,99,9,99,9,9,6,6,3,-1,-1,1339,1,18,HONDA JAZZ,-1,-1,0,-1
2024552400805,2024,552400805,1,9,0,5,5,2,6,0,0,6,0,0,0,0,1,1,6,6,2,49,8,1318,1,8,HONDA JAZZ,7,E01015424,0,1
2024332400385,2024,332400385,2,9,0,-1,1,9,9,-1,0,8,0,0,0,0,2,1,-1,1,3,-1,-1,1339,1,19,HONDA JAZZ,-1,-1,0,-1
2024451506926,2024,451506926,1,9,0,-1,9,1,5,-1,0,3,0,9,0,0,4,1,-1,9,2,81,11,1339,8,12,HONDA JAZZ,9,E01030646,0,1
2024471492139,2024,471492139,1,9,0,-1,7,6,1,-1,0,5,0,99,0,0,4,1,-1,6,2,20,4,1339,1,20,HONDA JAZZ,4,E01020914,0,3
2024461404153,2024,461404153,1,9,0,-1,9,3,8,-1,0,2,0,0,0,0,1,9,-1,2,2,32,6,1318,1,9,HONDA JAZZ,9,E01024299,0,3
2024221530563,2024,221530563,1,9,0,-1,4,2,6,-1,0,2,0,0,0,0,1,1,-1,9,2,50,8,1318,1,7,HONDA JAZZ,5,E01032411,0,1
2024520500115,2024,520500115,1,9,0,18,19,8,2,0,0,8,0,0,0,0,3,1,6,6,1,74,10,1498,8,1,HONDA JAZZ,5,E01029165,0,4
2024010543915,2024,010543915,2,9,0,4,4,1,5,0,0,0,0,0,0,0,3,1,6,6,1,68,10,1318,1,5,HONDA JAZZ,3,E01003237,0,1
2024440550370,2024,440550370,1,9,0,9,9,1,7,0,0,6,0,0,0,0,1,1,6,6,1,-1,-1,1339,1,15,HONDA JAZZ,3,E01022908,0,3
2024461473063,2024,461473063,1,9,0,-1,7,7,3,-1,0,2,0,0,0,0,4,1,-1,9,2,83,11,1339,1,17,HONDA JAZZ,1,E01024666,0,1
2024311398808,2024,311398808,2,9,0,-1,19,3,7,-1,0,0,0,0,0,0,3,1,-1,6,2,68,10,1339,1,18,HONDA JAZZ,1,E01028281,0,2
2024161519226,2024,161519226,1,9,0,-1,9,1,8,-1,0,2,0,0,0,0,1,1,-1,9,2,80,11,1339,1,11,HONDA JAZZ,4,E01012830,0,1
2024451403237,2024,451403237,1,9,0,-1,5,5,1,-1,0,4,0,0,0,0,1,1,-1,9,2,80,11,1339,1,15,HONDA JAZZ,10,E01030454,0,1
2024010510753,2024,010510753,2,9,0,99,99,9,9,99,99,9,9,99,9,99,9,9,6,6,3,-1,-1,1498,8,1,HONDA JAZZ,-1,-1,0,-1
2024340NN3772,2024,340NN3772,2,9,0,-1,10,5,3,-1,0,1,0,0,0,0,2,1,-1,6,2,57,9,1318,1,6,HONDA JAZZ,5,E01026985,0,1
2024371463679,2024,371463679,1,9,0,-1,12,1,4,-1,0,0,0,0,0,0,3,1,-1,6,2,47,8,1318,1,8,HONDA JAZZ,4,E01029960,0,1
2024201421627,2024,201421627,1,9,0,-1,19,2,6,-1,0,1,0,0,0,0,4,1,-1,6,2,-1,-1,1318,1,8,HONDA JAZZ,-1,-1,0,-1
2024547623424,2024,547623424,2,9,0,3,3,5,1,0,0,1,0,0,0,0,2,1,6,6,1,45,7,1318,1,5,HONDA JAZZ,1,E01015507,0,1
2024320006691,2024,320006691,2,9,0,-1,-1,6,2,0,0,8,0,0,0,0,4,1,6,6,2,61,9,1339,1,12,HONDA JAZZ,-1,-1,0,-1
2024071030592,2024,071030592,1,9,0,-1,19,6,2,-1,0,0,0,0,0,0,1,1,-1,6,2,64,9,1339,1,13,HONDA JAZZ,10,E01018392,0,1
2024061434614,2024,061434614,2,9,0,-1,3,7,3,-1,0,1,0,0,0,0,2,9,-1,6,1,37,7,1198,1,15,HONDA JAZZ,1,E01034233,0,1
2024451517202,2024,451517202,1,9,0,-1,19,3,7,-1,0,0,0,0,1,0,1,1,-1,9,1,31,6,1339,1,18,HONDA JAZZ,5,E01017600,0,4
2024010538773,2024,010538773,2,9,0,18,19,3,7,0,0,1,0,0,0,0,4,1,6,6,2,56,9,1339,1,19,HONDA JAZZ,7,E01000572,0,1
2024501494061,2024,501494061,2,9,0,-1,19,1,5,-1,0,1,0,0,0,0,1,1,-1,2,1,33,6,1246,1,18,HONDA JAZZ,4,E01018861,0,1
2024520401503,2024,520401503,1,9,0,13,13,7,3,0,0,8,5,0,1,11,1,1,2,2,1,32,6,1339,1,17,HONDA JAZZ,7,W01001492,0,4
2024141413340,2024,141413340,3,9,0,-1,19,3,7,-1,0,0,0,0,0,0,1,1,-1,6,2,80,11,1339,1,16,HONDA JAZZ,5,E01007681,0,1
2024201480594,2024,201480594,1,9,0,-1,2,0,0,-1,0,0,0,0,0,0,3,1,-1,6,3,-1,-1,1339,1,16,HONDA JAZZ,-1,-1,0,-1
2024531401857,2024,531401857,1,9,0,-1,19,1,5,-1,0,0,1,0,0,0,1,1,-1,9,2,34,6,1339,1,18,HONDA JAZZ,7,E01022248,0,1
2024501396524,2024,501396524,3,9,0,-1,2,0,0,-1,0,1,0,0,0,0,2,9,-1,6,2,31,6,1339,1,16,HONDA JAZZ,2,E01015171,0,1
2024101410849,2024,101410849,2,9,0,-1,9,1,5,-1,0,5,0,0,0,0,1,1,-1,9,1,71,10,1498,8,3,HONDA JAZZ,8,E01008234,0,1
2024340WN3122,2024,340WN3122,1,9,0,-1,5,3,6,-1,0,4,0,0,0,0,3,1,-1,9,1,86,11,1318,1,5,HONDA JAZZ,10,E01027283,0,1
2024340NN1862,2024,340NN1862,1,9,0,-1,11,1,7,-1,0,3,0,0,0,2,3,1,-1,9,1,26,6,1339,1,20,HONDA JAZZ,7,E01032963,0,1
2024010517126,2024,010517126,1,9,0,99,99,9,9,99,99,9,9,99,9,99,1,9,6,6,3,-1,-1,1339,1,18,HONDA JAZZ,-1,-1,0,-1
2024010505424,2024,010505424,2,9,0,99,99,9,9,99,99,9,9,99,9,99,9,9,6,6,3,-1,-1,1498,8,4,HONDA JAZZ,-1,-1,0,-1
2024320623489,2024,320623489,1,9,0,4,4,4,8,0,0,1,0,0,1,1,1,1,-1,-1,1,24,5,1339,8,13,HONDA JAZZ,8,E01026141,0,3
2024440508858,2024,440508858,1,9,0,18,19,1,5,0,0,0,0,0,0,0,1,1,6,6,1,-1,-1,1198,1,11,HONDA JAZZ,-1,-1,0,-1
2024552401347,2024,552401347,1,9,0,12,12,7,3,0,0,5,0,0,7,1,3,1,6,6,1,85,11,1198,1,15,HONDA JAZZ,4,E01015465,0,1
2024421440928,2024,421440928,1,9,0,-1,7,3,5,-1,0,8,0,0,0,0,1,1,-1,6,1,86,11,1339,1,14,HONDA JAZZ,9,E01021693,0,1
2024471418260,2024,471418260,1,9,0,-1,8,1,5,-1,0,1,0,0,0,0,1,1,-1,9,2,49,8,1339,1,19,HONDA JAZZ,5,E01031392,0,1
2024421439984,2024,421439984,1,9,0,-1,9,5,2,-1,0,8,5,0,0,0,3,1,-1,9,1,78,11,1498,8,2,HONDA JAZZ,4,E01021720,0,1
2024101521120,2024,101521120,1,9,0,-1,19,3,7,-1,9,0,5,4,1,0,3,1,-1,6,2,81,11,1339,1,11,HONDA JAZZ,10,E01008563,0,1
2024070527773,2024,070527773,2,9,0,2,2,3,7,0,0,2,0,0,0,0,1,1,2,2,2,-1,-1,1198,1,15,HONDA JAZZ,9,E01018518,0,1
2024010528386,2024,010528386,2,9,0,99,99,9,9,99,99,9,9,99,9,99,9,9,6,6,3,34,6,1330,8,11,HONDA JAZZ,-1,-1,0,-1
202460Q080248,2024,60Q080248,1,9,0,5,5,5,1,0,0,0,0,0,0,0,0,1,6,6,2,78,11,1339,1,10,HONDA JAZZ,-1,-1,0,-1
2024201456493,2024,201456493,2,9,0,-1,4,1,5,-1,0,0,0,0,0,0,2,1,-1,6,2,45,7,1339,1,15,HONDA JAZZ,1,E01034916,0,1
2024131526912,2024,131526912,1,9,0,-1,8,5,1,-1,0,1,0,0,0,0,2,1,-1,1,1,50,8,1339,1,17,HONDA JAZZ,1,E01010966,0,2
2024401466229,2024,401466229,4,9,0,-1,19,3,7,-1,0,1,0,0,0,0,1,1,-1,6,1,25,5,1198,1,15,HONDA JAZZ,10,E01017553,0,2
2024461465112,2024,461465112,1,9,0,-1,19,6,2,-1,0,0,2,10,0,0,4,1,-1,2,1,24,5,1339,1,16,HONDA JAZZ,6,E01024361,0,3
2024041426964,2024,041426964,1,9,0,-1,5,1,5,-1,0,0,0,0,0,0,0,1,-1,6,1,18,4,1339,1,17,HONDA JAZZ,1,E01025189,0,1
2024451482397,2024,451482397,1,9,0,-1,19,2,6,-1,0,0,0,0,0,0,1,1,-1,1,1,25,5,1339,1,20,HONDA JAZZ,9,E01030485,0,3
2024131480205,2024,131480205,1,9,0,-1,6,5,5,-1,0,5,0,0,0,0,1,1,-1,6,2,75,10,1498,8,3,HONDA JAZZ,5,E01011390,0,1
2024552400267,2024,552400267,2,9,0,18,19,4,8,0,0,8,0,0,0,0,1,1,6,6,1,52,8,1339,1,16,HONDA JAZZ,4,E01020438,0,3
2024010503730,2024,010503730,1,9,0,7,7,5,7,0,0,8,0,0,0,0,1,1,6,6,2,50,8,1339,1,10,HONDA JAZZ,4,E01002098,0,1
2024430019123,2024,430019123,1,9,0,1,1,6,2,0,0,0,0,0,0,10,2,1,6,6,2,86,11,1339,1,15,HONDA JAZZ,10,E01016639,0,1
2024430597432,2024,430597432,1,9,0,9,9,4,2,0,0,5,0,0,0,0,4,1,6,6,1,67,10,1339,1,20,HONDA JAZZ,5,E01016434,0,1
2024471486009,2024,471486009,2,9,0,-1,12,5,1,-1,0,1,0,0,0,0,3,1,-1,6,1,17,4,1339,1,18,HONDA JAZZ,7,E01021105,0,1
2024552500081,2024,552500081,2,9,0,3,3,2,6,0,0,0,0,0,0,0,2,1,6,6,2,59,9,1498,8,4,HONDA JAZZ,5,E01020529,0,2
2024520500110,2024,520500110,1,9,0,18,19,5,1,0,0,0,0,0,0,0,4,1,6,6,1,79,11,1198,1,10,HONDA JAZZ,8,E01029201,0,1
2024041419574,2024,041419574,1,9,0,-1,19,4,8,-1,0,0,0,0,0,0,4,1,-1,9,2,64,9,1318,1,4,HONDA JAZZ,4,E01025057,0,1
2024061452344,2024,061452344,1,9,0,-1,-1,-1,-1,-1,0,0,0,0,0,0,1,2,-1,6,1,19,4,1339,1,15,HONDA JAZZ,3,E01006145,0,2
2024991486546,2024,991486546,2,9,0,-1,9,7,3,-1,0,1,0,0,0,0,3,1,-1,9,2,44,7,1198,1,15,HONDA JAZZ,8,-1,0,2
2024061452700,2024,061452700,2,9,0,-1,19,5,1,-1,0,1,0,0,0,0,1,1,-1,6,2,44,7,1339,1,19,HONDA JAZZ,1,E01005166,0,1
2024361518565,2024,361518565,1,9,0,-1,19,3,7,-1,0,1,0,0,7,11,4,1,-1,9,2,75,10,1498,8,2,HONDA JAZZ,4,E01026744,0,1
2024010517993,2024,010517993,1,9,0,18,19,7,3,0,0,0,0,0,0,0,0,1,6,6,2,54,8,1339,8,12,HONDA JAZZ,3,E01033944,0,1
2024531476213,2024,531476213,2,9,0,-1,19,1,5,-1,0,0,1,0,0,0,3,1,-1,9,2,28,6,1339,1,12,HONDA JAZZ,8,E01018224,0,5
2024991431162,2024,991431162,1,9,0,-1,9,5,3,-1,0,6,0,0,0,0,3,1,-1,6,1,47,8,1339,1,14,HONDA JAZZ,7,-1,0,1
2024131494428,2024,131494428,1,9,0,-1,19,1,5,-1,0,0,5,0,0,0,1,1,-1,9,1,83,11,1498,8,4,HONDA JAZZ,7,E01011072,0,1
2024501511994,2024,501511994,1,9,0,-1,19,2,6,-1,0,0,0,0,0,0,1,1,-1,9,2,71,10,1339,1,10,HONDA JAZZ,4,E01018958,0,1
2024451521770,2024,451521770,2,9,0,-1,6,3,3,-1,0,0,0,0,0,0,3,1,-1,9,1,44,7,1339,1,11,HONDA JAZZ,9,E01030388,0,1
2024201482871,2024,201482871,1,9,0,-1,7,2,5,-1,0,3,0,0,0,0,1,9,-1,9,1,33,6,1246,1,17,HONDA JAZZ,2,E01010071,0,3
2024401406826,2024,401406826,1,9,0,-1,19,2,6,-1,0,8,0,0,0,0,3,1,-1,6,1,52,8,1339,1,20,HONDA JAZZ,2,E01015716,0,1
2024552401276,2024,552401276,1,9,0,18,19,3,7,0,0,4,0,0,0,0,1,1,6,6,2,84,11,1318,1,6,HONDA JAZZ,7,E01015348,0,1
2024010525515,2024,010525515,2,9,0,99,99,9,9,99,99,9,9,99,9,99,9,9,6,6,3,-1,-1,1198,1,14,HONDA JAZZ,-1,-1,0,-1
2024041412664,2024,041412664,2,9,0,-1,19,5,1,-1,0,0,0,0,0,0,2,1,-1,9,1,85,11,1498,8,3,HONDA JAZZ,3,E01024884,0,3
2024631453595,2024,631453595,1,9,0,-1,19,5,8,-1,0,0,0,0,8,1,1,1,-1,9,2,66,10,1318,1,8,HONDA JAZZ,3,W01000695,0,5
2024430214335,2024,430214335,1,9,0,9,9,7,5,0,0,5,0,10,1,0,4,1,1,1,2,64,9,1498,8,2,HONDA JAZZ,10,E01016630,0,2
2024631478628,2024,631478628,2,9,0,-1,2,0,0,-1,0,0,0,0,0,0,2,1,-1,6,-1,-1,-1,1339,1,20,HONDA JAZZ,-1,-1,0,-1
2024010513927,2024,010513927,1,9,0,5,5,7,3,9,9,0,0,0,2,11,1,1,6,6,1,48,8,1339,1,16,HONDA JAZZ,-1,-1,0,-1
2024542514024,2024,542514024,1,9,0,18,19,6,2,0,0,0,0,0,0,0,1,1,6,6,2,89,11,1339,1,9,HONDA JAZZ,5,E01032022,0,2
2024041478610,2024,041478610,1,9,0,-1,19,1,5,-1,0,0,5,1,0,0,3,1,-1,6,1,35,6,1339,1,18,HONDA JAZZ,7,E01025155,0,2
2024440077744,2024,440077744,1,9,0,16,19,5,8,0,0,8,0,0,0,0,1,1,6,6,3,-1,-1,1318,1,8,HONDA JAZZ,-1,-1,0,-1
2024122400416,2024,122400416,1,9,0,18,19,1,5,0,0,0,0,0,0,0,1,1,6,6,2,88,11,1339,1,10,HONDA JAZZ,10,E01027662,0,1
2024471403331,2024,471403331,1,9,0,-1,19,3,7,-1,0,0,0,0,0,0,1,1,-1,7,2,47,8,1339,1,16,HONDA JAZZ,1,E01016895,0,1
2024991409783,2024,991409783,2,9,0,-1,19,4,8,-1,0,8,0,0,0,0,3,1,-1,9,2,78,11,1498,8,3,HONDA JAZZ,8,-1,0,1
2024421489857,2024,421489857,1,9,0,-1,19,3,7,-1,0,0,0,0,0,0,4,1,-1,6,1,-1,-1,1318,1,5,HONDA JAZZ,-1,-1,0,-1
2024070167171,2024,070167171,2,9,0,18,19,7,3,0,0,3,0,0,0,0,1,1,6,6,2,-1,-1,1339,1,13,HONDA JAZZ,-1,-1,0,-1
2024141454451,2024,141454451,1,9,0,-1,19,6,2,-1,0,1,0,4,1,0,1,1,-1,6,1,84,11,1339,1,13,HONDA JAZZ,3,E01007976,0,1
2024201413509,2024,201413509,2,9,0,-1,19,8,4,-1,0,8,0,0,0,0,1,9,-1,6,1,48,8,1339,1,18,HONDA JAZZ,1,E01005320,0,5
2024471464329,2024,471464329,2,9,0,-1,19,1,6,-1,0,1,0,0,0,0,1,1,-1,9,2,64,9,1339,1,17,HONDA JAZZ,4,E01016951,0,1
2024451486080,2024,451486080,1,9,0,-1,7,3,5,-1,0,8,5,0,1,1,1,1,-1,9,1,13,3,1339,1,18,HONDA JAZZ,10,E01030344,0,1
2024221485476,2024,221485476,1,9,0,-1,5,7,3,-1,0,2,0,0,0,0,1,1,-1,6,1,83,11,1339,1,14,HONDA JAZZ,6,E01014051,0,4
2024070916130,2024,070916130,1,9,0,-1,19,5,1,-1,0,6,0,0,0,0,3,1,-1,9,2,79,11,1318,1,8,HONDA JAZZ,9,E01018684,0,1
2024421439343,2024,421439343,1,9,0,-1,19,2,6,-1,0,1,0,0,0,0,1,1,-1,1,1,32,6,1339,1,18,HONDA JAZZ,-1,-1,0,-1
2024131440011,2024,131440011,1,9,0,-1,9,1,7,-1,0,8,0,0,0,0,1,1,-1,9,1,33,6,1339,1,17,HONDA JAZZ,8,E01011884,0,1
2024010497647,2024,010497647,1,9,0,18,19,5,1,0,0,4,0,0,2,3,3,1,6,6,1,40,7,1339,1,21,HONDA JAZZ,5,E01001173,0,1
202460Q143800,2024,60Q143800,2,9,0,18,19,4,8,0,0,1,1,0,0,0,3,1,6,6,2,85,11,1318,1,7,HONDA JAZZ,-1,-1,0,-1
2024010507384,2024,010507384,2,9,0,99,99,9,9,99,99,9,9,99,9,99,9,9,6,6,3,-1,-1,1339,1,18,HONDA JAZZ,-1,-1,0,-1
2024451489192,2024,451489192,1,9,0,-1,19,6,2,-1,0,0,0,0,0,0,1,1,-1,9,2,26,6,1498,8,2,HONDA JAZZ,7,E01023902,0,4
2024430229565,2024,430229565,1,9,0,2,2,8,4,0,0,6,0,0,1,11,4,1,6,6,1,86,11,1339,8,13,HONDA JAZZ,10,E01016612,0,1
2024552400592,2024,552400592,1,9,0,9,9,7,5,0,0,6,0,0,0,0,4,1,6,6,1,93,11,1339,1,16,HONDA JAZZ,10,E01015455,0,1
2024010512415,2024,010512415,2,9,0,99,99,9,9,99,99,9,9,99,9,99,1,9,6,6,3,-1,-1,1339,1,18,HONDA JAZZ,-1,-1,0,-1
2024010511639,2024,010511639,2,9,0,99,99,9,9,99,99,9,9,99,9,99,9,9,6,6,2,81,11,1318,1,7,HONDA JAZZ,9,E01003909,0,1
2024010527549,2024,010527549,1,9,0,99,99,9,9,99,99,9,9,99,9,99,2,9,6,6,1,56,9,1339,1,20,HONDA JAZZ,8,E01004075,0,1
2024552400515,2024,552400515,1,9,0,18,19,5,1,0,0,0,0,0,0,0,1,1,6,6,2,80,11,1498,1,6,HONDA JAZZ,5,E01020490,0,3
2024501435373,2024,501435373,1,9,0,-1,7,1,4,-1,0,6,0,0,0,0,3,1,-1,6,2,66,10,1318,1,8,HONDA JAZZ,4,E01018913,0,1
2024131429360,2024,131429360,3,9,0,-1,2,0,0,-1,0,2,0,0,0,0,1,1,-1,6,-1,-1,-1,1318,1,7,HONDA JAZZ,-1,-1,0,-1
202460Q111159,2024,60Q111159,2,9,0,17,19,3,7,0,0,0,0,0,0,0,1,1,6,6,1,44,7,1339,8,10,HONDA JAZZ,-1,-1,0,-1
2024471396076,2024,471396076,1,9,0,-1,2,4,8,-1,0,1,0,0,0,0,2,1,-1,2,1,79,11,1339,1,15,HONDA JAZZ,6,E01020986,0,1
2024471509524,2024,471509524,1,9,0,-1,19,8,4,-1,0,0,0,0,0,0,1,1,-1,9,2,73,10,1498,8,3,HONDA JAZZ,3,E01031483,0,1
2024332400575,2024,332400575,2,9,0,-1,19,4,8,-1,0,0,0,0,1,0,2,1,-1,9,2,34,6,1339,1,15,HONDA JAZZ,8,E01025719,0,1
2024501432025,2024,501432025,1,9,0,-1,5,3,7,-1,0,2,0,0,0,0,4,1,-1,9,2,64,9,1339,1,16,HONDA JAZZ,9,E01019993,0,1
2024011505622,2024,011505622,2,9,0,-1,-1,7,3,-1,-1,8,0,0,0,0,4,1,-1,-1,1,36,7,1339,1,19,HONDA JAZZ,7,E01030630,0,3
2024451514486,2024,451514486,2,9,0,-1,15,5,1,-1,0,0,0,0,0,0,4,1,-1,9,2,80,11,1339,1,20,HONDA JAZZ,10,E01030307,0,1
2024501414224,2024,501414224,1,9,0,-1,19,1,5,-1,0,1,0,0,0,0,1,9,-1,6,1,79,11,1339,1,19,HONDA JAZZ,1,E01015044,0,1
2024531521851,2024,531521851,1,9,0,-1,6,3,7,-1,0,0,0,0,1,0,1,1,-1,9,2,81,11,1339,1,10,HONDA JAZZ,8,E01022166,0,1
2024351405584,2024,351405584,2,9,0,-1,12,3,7,-1,0,0,0,0,0,0,2,1,-1,6,1,64,9,1339,1,18,HONDA JAZZ,9,E01017998,0,1
2024041447930,2024,041447930,2,9,0,-1,4,5,1,-1,0,1,0,0,1,0,3,1,-1,9,1,72,10,1339,1,19,HONDA JAZZ,6,E01025014,0,1
2024340WN6492,2024,340WN6492,1,9,0,-1,19,5,1,-1,0,0,1,0,1,9,1,1,-1,2,2,49,8,1339,1,17,HONDA JAZZ,5,E01031144,0,2
2024141440102,2024,141440102,1,9,0,-1,19,1,5,-1,0,2,0,0,1,4,1,1,-1,9,1,41,7,1339,1,19,HONDA JAZZ,1,E01007941,0,1
2024501402726,2024,501402726,1,9,0,-1,19,7,4,-1,0,0,1,0,1,4,1,1,-1,1,2,20,4,1339,1,21,HONDA JAZZ,7,E01020251,0,3
2024131448392,2024,131448392,1,9,0,-1,19,6,2,-1,0,8,0,0,0,0,1,1,-1,6,2,41,7,1339,1,18,HONDA JAZZ,2,E01011281,0,1