collision_index,collision_year,collision_ref_no,vehicle_reference,vehicle_type,towing_and_articulation,vehicle_manoeuvre_historic,vehicle_manoeuvre,vehicle_direction_from,vehicle_direction_to,vehicle_location_restricted_lane_historic,vehicle_location_restricted_lane,junction_location,skidding_and_overturning,hit_object_in_carriageway,vehicle_leaving_carriageway,hit_object_off_carriageway,first_point_of_impact,vehicle_left_hand_drive,journey_purpose_of_driver_historic,journey_purpose_of_driver,sex_of_driver,age_of_driver,age_band_of_driver,engine_capacity_cc,propulsion_code,age_of_vehicle,generic_make_model,driver_imd_decile,lsoa_of_driver,escooter_flag,driver_distance_banding
2024010495476,2024,010495476,1,9,0,3,3,7,3,0,0,1,0,4,0,0,1,1,6,6,2,61,9,1318,1,5,HONDA JAZZ,4,E01004571,0,1
2024520402724,2024,520402724,2,9,0,16,19,2,4,0,0,0,1,0,7,10,1,1,6,6,2,36,7,1339,1,15,HONDA JAZZ,7,E01032078,0,3
2024461475569,2024,461475569,1,9,0,-1,7,5,1,-1,0,8,0,0,0,0,0,1,-1,9,2,32,6,1339,1,16,HONDA JAZZ,6,E01024084,0,1
2024010547884,2024,010547884,1,9,0,99,99,9,9,99,99,9,9,99,9,99,2,9,6,6,1,30,6,1318,1,7,HONDA JAZZ,8,E01000269,0,2
2024302500176,2024,302500176,1,9,0,-1,9,7,5,-1,0,0,0,0,0,0,1,1,-1,9,2,88,11,1339,1,18,HONDA JAZZ,3,E01028258,0,2
2024320628533,2024,320628533,2,9,0,-1,-1,8,4,0,0,8,0,0,0,0,4,1,6,6,1,36,7,1339,1,18,HONDA JAZZ,1,E01026010,0,1
2024010511572,2024,010511572,2,9,0,99,99,9,9,99,99,6,9,99,9,99,1,9,6,6,2,46,8,1498,8,3,HONDA JAZZ,5,E01002785,0,1
2024622400194,2024,622400194,1,9,0,18,19,2,6,0,0,0,0,0,0,0,0,1,6,6,2,82,11,1339,1,14,HONDA JAZZ,6,W01001836,0,1
2024320450564,2024,320450564,2,9,0,9,9,6,4,0,0,5,0,0,0,0,3,1,-1,-1,2,50,8,1339,1,12,HONDA JAZZ,1,E01026115,0,1
2024320053924,2024,320053924,1,9,0,-1,-1,8,4,0,0,1,1,0,1,4,4,1,1,1,1,49,8,1339,1,17,HONDA JAZZ,8,E01026291,0,4
2024201483073,2024,201483073,1,9,0,-1,19,4,8,-1,0,0,0,0,0,0,4,9,-1,6,3,24,5,1198,1,12,HONDA JAZZ,-1,-1,0,-1
2024061395305,2024,061395305,1,9,0,-1,9,3,8,-1,0,0,0,0,0,0,1,1,-1,1,1,70,10,1339,1,16,HONDA JAZZ,4,E01004776,0,1
2024211449494,2024,211449494,2,9,0,-1,19,2,6,-1,0,0,0,0,0,0,1,1,-1,9,2,68,10,1339,1,11,HONDA JAZZ,6,E01029796,0,2
2024471453548,2024,471453548,1,9,0,-1,5,3,7,-1,0,6,0,0,0,0,3,1,-1,6,2,79,11,1339,1,15,HONDA JAZZ,2,E01024533,0,4
2024041475071,2024,041475071,2,9,0,-1,2,0,0,-1,0,1,0,0,0,0,3,1,-1,6,-1,-1,-1,1339,1,16,HONDA JAZZ,-1,-1,0,-1
2024010515550,2024,010515550,1,9,0,5,5,5,1,0,0,0,0,0,1,11,1,1,6,6,2,80,11,1339,1,13,HONDA JAZZ,9,E01030539,0,3
2024371531600,2024,371531600,1,9,0,-1,9,-1,-1,-1,0,0,0,0,0,0,4,1,-1,6,2,80,11,1339,1,9,HONDA JAZZ,8,E01030015,0,1
2024201477816,2024,201477816,1,9,0,-1,1,1,5,-1,9,0,0,0,0,0,2,1,-1,6,1,49,8,1198,1,15,HONDA JAZZ,2,E01015726,0,5
202454F053324,2024,54F053324,2,9,0,18,19,6,2,0,0,0,0,12,0,0,1,1,6,6,2,53,8,1339,1,11,HONDA JAZZ,8,E01034525,0,1
2024010511936,2024,010511936,1,9,0,5,5,6,2,0,0,1,0,0,0,0,1,1,2,2,2,32,6,1339,1,20,HONDA JAZZ,4,E01001329,0,1
2024010513071,2024,010513071,1,9,0,99,99,9,9,99,99,9,9,99,9,99,2,9,6,6,1,35,6,1339,1,11,HONDA JAZZ,5,E01004016,0,1
2024010516767,2024,010516767,1,9,0,99,99,9,9,99,99,9,9,99,9,99,2,9,6,6,1,30,6,1318,1,7,HONDA JAZZ,6,E01033494,0,1
2024401433531,2024,401433531,3,9,0,-1,3,6,2,-1,0,0,0,7,2,0,2,1,-1,6,2,30,6,1339,1,12,HONDA JAZZ,2,E01017492,0,1
2024070409460,2024,070409460,2,9,0,18,19,5,1,0,0,8,0,0,0,0,1,1,6,6,2,63,9,1318,1,7,HONDA JAZZ,9,E01006331,0,2
2024211523856,2024,211523856,1,9,0,-1,19,8,4,-1,5,0,0,0,0,0,1,1,-1,9,1,33,6,1339,1,15,HONDA JAZZ,-1,-1,0,-1
2024201460583,2024,201460583,1,9,0,-1,5,5,2,-1,0,4,0,7,0,0,4,1,-1,6,1,63,9,1339,1,18,HONDA JAZZ,1,E01009195,0,1
2024332400437,2024,332400437,1,9,0,-1,19,0,0,-1,0,0,0,0,0,0,1,1,-1,6,1,26,6,1339,1,20,HONDA JAZZ,3,E01013744,0,1
2024231462907,2024,231462907,1,9,0,-1,19,2,6,-1,0,8,0,0,7,10,1,1,-1,6,1,77,11,1339,1,11,HONDA JAZZ,3,E01031321,0,2
2024122400756,2024,122400756,1,9,0,18,19,5,1,0,0,1,0,0,0,0,1,1,6,6,1,73,10,1498,8,2,HONDA JAZZ,10,E01013060,0,2
2024221518532,2024,221518532,1,9,0,-1,5,6,4,-1,0,4,0,0,0,0,1,9,-1,6,2,58,9,1339,1,9,HONDA JAZZ,7,E01028938,0,1
2024520403209,2024,520403209,1,9,0,18,19,4,8,0,0,8,0,0,0,0,1,1,6,6,1,62,9,1498,8,3,HONDA JAZZ,7,E01029063,0,2
2024430064886,2024,430064886,1,9,0,18,19,2,6,0,0,6,0,0,0,0,4,1,1,1,2,35,6,1339,1,13,HONDA JAZZ,6,E01028697,0,4
2024010546817,2024,010546817,1,9,0,3,3,7,3,0,0,1,0,0,0,0,1,1,6,6,1,25,5,1339,1,14,HONDA JAZZ,2,E01004001,0,1
2024520002607,2024,520002607,2,9,0,18,19,7,3,0,0,8,0,0,0,0,1,1,6,6,2,46,8,1339,1,17,HONDA JAZZ,10,E01014411,0,1
2024010502364,2024,010502364,5,9,0,2,2,0,0,0,0,0,0,0,0,0,0,1,6,6,3,-1,-1,1318,1,7,HONDA JAZZ,-1,-1,0,-1
2024471531850,2024,471531850,4,9,0,-1,19,1,5,-1,0,0,0,0,0,0,3,1,-1,6,2,57,9,1339,1,15,HONDA JAZZ,5,E01031403,0,1
2024041499885,2024,041499885,2,9,0,-1,4,5,1,-1,0,0,0,0,0,0,2,1,-1,9,2,62,9,1198,1,10,HONDA JAZZ,8,E01025088,0,1
2024440351203,2024,440351203,2,9,0,18,19,2,6,0,0,0,0,0,0,0,0,1,6,6,1,37,7,1198,1,11,HONDA JAZZ,10,E01012301,0,5
2024041445267,2024,041445267,3,9,0,-1,4,3,7,-1,0,0,0,0,1,0,2,1,-1,9,2,32,6,1198,1,14,HONDA JAZZ,2,E01025037,0,2
2024401447198,2024,401447198,2,9,0,-1,2,0,0,-1,0,1,0,0,0,0,4,1,-1,9,1,-1,-1,1339,1,16,HONDA JAZZ,-1,-1,0,-1
2024201454312,2024,201454312,1,9,0,-1,10,5,3,-1,0,8,0,10,3,0,4,1,-1,9,2,52,8,1339,1,18,HONDA JAZZ,1,E01010102,0,1
2024010500426,2024,010500426,2,9,0,4,4,7,3,0,0,0,0,0,0,0,2,1,6,6,1,65,9,1339,1,17,HONDA JAZZ,4,E01000610,0,1
2024141481032,2024,141481032,1,9,0,-1,19,2,6,-1,0,5,0,0,0,0,4,1,-1,9,2,42,7,1498,8,3,HONDA JAZZ,2,E01008072,0,1
2024141456193,2024,141456193,1,9,0,-1,10,6,4,-1,0,1,0,0,0,0,2,1,-1,6,1,52,8,1318,1,6,HONDA JAZZ,1,E01008061,0,2
2024451458142,2024,451458142,2,9,0,-1,99,6,2,-1,0,0,9,0,0,0,4,1,-1,6,1,63,9,1318,1,9,HONDA JAZZ,3,E01031856,0,4
2024501474802,2024,501474802,2,9,0,-1,19,1,7,-1,0,0,0,0,0,0,1,1,-1,9,1,62,9,1318,1,4,HONDA JAZZ,4,E01010866,0,5
2024451424079,2024,451424079,1,9,0,-1,19,7,3,-1,0,1,5,0,0,0,4,1,-1,9,2,53,8,1339,1,10,HONDA JAZZ,7,E01030562,0,1
2024010507705,2024,010507705,2,9,0,99,99,9,9,99,99,9,9,99,9,99,9,9,6,6,3,-1,-1,1339,8,13,HONDA JAZZ,-1,-1,0,-1
2024501439158,2024,501439158,1,9,0,-1,7,6,2,-1,0,5,0,0,0,0,4,1,-1,1,1,74,10,1339,1,21,HONDA JAZZ,8,E01020266,0,1
2024991473704,2024,991473704,1,9,0,-1,9,1,6,-1,0,5,0,0,0,0,3,1,-1,9,2,62,9,1318,1,9,HONDA JAZZ,10,-1,0,1
2024201551785,2024,201551785,1,9,0,-1,19,6,2,-1,0,0,1,0,0,0,1,1,-1,9,2,85,11,1318,1,7,HONDA JAZZ,-1,-1,0,-1
2024010518436,2024,010518436,2,9,0,18,19,5,1,0,0,0,0,0,0,0,0,1,6,6,2,63,9,1339,1,17,HONDA JAZZ,2,E01001426,0,3
2024471399128,2024,471399128,2,9,0,-1,19,5,1,-1,0,8,0,0,0,0,1,1,-1,9,1,84,11,1318,1,5,HONDA JAZZ,6,E01031378,0,2
2024010541275,2024,010541275,1,9,0,18,19,3,7,0,0,0,2,0,1,0,1,1,2,2,1,42,7,1339,1,18,HONDA JAZZ,2,E01003761,0,1
2024451420422,2024,451420422,1,9,0,-1,19,1,5,-1,0,0,0,0,0,0,1,9,-1,6,1,40,7,1339,1,20,HONDA JAZZ,8,E01030803,0,1
2024010525815,2024,010525815,2,9,0,11,11,9,9,99,99,5,9,99,9,99,9,9,6,6,2,78,11,1339,1,15,HONDA JAZZ,8,E01001913,0,1
2024201472912,2024,201472912,1,9,0,-1,19,6,2,-1,0,8,0,0,0,0,1,1,-1,6,1,37,7,1339,1,19,HONDA JAZZ,3,E01009661,0,1
2024430292407,2024,430292407,2,9,0,17,19,1,6,0,0,0,0,0,0,0,1,1,6,6,1,61,9,1198,1,15,HONDA JAZZ,7,E01002438,0,1
2024201466573,2024,201466573,2,9,0,-1,19,8,4,-1,0,0,0,0,0,0,3,1,-1,9,1,34,6,1339,1,18,HONDA JAZZ,1,E01009382,0,2
2024531470413,2024,531470413,2,9,0,-1,19,5,1,-1,0,8,0,0,0,0,1,1,-1,9,1,47,8,1318,1,9,HONDA JAZZ,6,E01022187,0,2
2024010550288,2024,010550288,2,9,0,18,19,5,1,0,0,8,0,0,0,0,1,1,2,2,1,51,8,1339,1,14,HONDA JAZZ,2,E01002100,0,1
2024131449077,2024,131449077,1,9,0,-1,5,6,2,-1,0,2,0,0,0,0,4,1,-1,9,2,73,10,1339,1,12,HONDA JAZZ,7,E01033016,0,1
2024531508101,2024,531508101,1,9,0,-1,19,1,5,-1,0,0,0,0,1,0,4,1,-1,9,1,85,11,1198,1,14,HONDA JAZZ,5,E01022218,0,1
2024461471052,2024,461471052,2,9,0,-1,7,1,5,-1,0,0,0,0,0,0,4,9,-1,6,1,70,10,1498,8,3,HONDA JAZZ,9,E01024365,0,4
2024471493927,2024,471493927,1,9,0,-1,5,1,5,-1,0,0,0,0,0,0,4,9,-1,6,2,74,10,1339,1,10,HONDA JAZZ,7,E01031462,0,1
2024622400374,2024,622400374,1,9,0,18,19,6,2,0,0,1,0,0,1,11,1,1,6,6,1,89,11,1498,8,3,HONDA JAZZ,6,W01001184,0,1
2024061509639,2024,061509639,1,9,0,-1,9,5,2,-1,0,6,0,0,0,0,3,1,-1,6,2,20,4,1339,1,14,HONDA JAZZ,10,E01007430,0,4
2024421517436,2024,421517436,1,9,0,-1,19,2,6,-1,0,8,0,0,0,0,1,1,-1,9,1,89,11,1339,1,19,HONDA JAZZ,4,E01035655,0,4
2024010528846,2024,010528846,2,9,0,99,99,9,9,99,99,0,9,99,9,99,9,9,6,6,3,43,7,1339,1,18,HONDA JAZZ,3,E01003726,0,3
2024501470625,2024,501470625,1,9,0,-1,19,2,6,-1,0,0,0,0,0,0,1,1,-1,6,2,20,4,1339,1,19,HONDA JAZZ,8,E01015114,0,2
2024991411103,2024,991411103,1,9,0,-1,19,7,3,-1,0,2,0,0,0,0,1,1,-1,6,1,26,6,1318,1,8,HONDA JAZZ,3,-1,0,1
2024401477313,2024,401477313,2,9,0,-1,5,2,8,-1,0,8,0,0,0,0,1,1,-1,9,2,34,6,1198,1,11,HONDA JAZZ,2,E01017537,0,1
2024552400728,2024,552400728,1,9,0,7,7,6,1,0,0,8,0,0,0,0,1,1,6,6,2,66,10,1318,1,7,HONDA JAZZ,9,E01015432,0,2
2024010520445,2024,010520445,1,9,0,18,19,7,3,0,0,2,1,10,0,0,1,1,6,6,1,35,6,1198,1,12,HONDA JAZZ,3,E01000335,0,1
2024201451814,2024,201451814,2,9,0,-1,10,6,4,-1,0,1,0,0,0,0,4,1,-1,9,2,34,6,1198,1,14,HONDA JAZZ,1,E01008940,0,2
2024320717734,2024,320717734,1,9,0,-1,-1,2,6,0,0,1,0,0,0,0,1,1,-1,-1,1,76,11,1318,1,9,HONDA JAZZ,-1,-1,0,-1
2024061457557,2024,061457557,3,9,0,-1,19,7,3,-1,0,1,0,0,0,0,3,1,-1,9,2,70,10,1498,8,4,HONDA JAZZ,9,E01004789,0,1
2024471432572,2024,471432572,2,9,0,-1,11,8,4,-1,0,0,0,0,0,0,4,9,-1,6,1,65,9,1339,1,10,HONDA JAZZ,7,E01015368,0,4
2024411408911,2024,411408911,2,9,0,-1,19,8,4,-1,0,0,0,0,1,0,1,1,-1,2,2,42,7,1339,1,19,HONDA JAZZ,7,E01015803,0,4
2024061528237,2024,061528237,2,9,0,-1,9,-1,-1,-1,0,5,0,0,0,0,1,1,-1,6,2,-1,-1,1339,1,22,HONDA JAZZ,-1,-1,0,-1
2024471464617,2024,471464617,2,9,0,-1,4,2,6,-1,0,2,0,0,0,0,2,1,-1,9,2,40,7,1339,1,13,HONDA JAZZ,9,E01021161,0,2
2024201506043,2024,201506043,1,9,0,-1,5,5,1,-1,0,6,0,0,0,0,1,1,-1,6,1,49,8,1198,1,14,HONDA JAZZ,2,E01033629,0,1
2024411541142,2024,411541142,1,9,0,-1,19,1,5,-1,0,0,0,0,0,0,1,1,-1,6,1,35,6,1318,1,5,HONDA JAZZ,5,E01002395,0,4
2024201421079,2024,201421079,2,9,0,-1,19,3,7,-1,0,8,0,0,0,0,1,9,-1,9,1,92,11,1318,1,7,HONDA JAZZ,-1,-1,0,-1
2024302400086,2024,302400086,2,9,0,17,19,4,1,0,0,8,0,0,0,0,1,1,6,6,2,33,6,1318,1,6,HONDA JAZZ,9,E01019602,0,3
2024461478942,2024,461478942,1,9,0,-1,19,5,1,-1,0,0,1,0,7,0,1,1,-1,9,2,63,9,1339,1,9,HONDA JAZZ,4,E01004617,0,4
2024451462440,2024,451462440,1,9,0,-1,19,3,1,-1,0,1,0,0,0,0,2,1,-1,9,2,86,11,1318,1,8,HONDA JAZZ,10,E01030372,0,1
2024010506547,2024,010506547,1,9,0,18,19,3,7,0,0,4,0,0,0,0,1,1,6,6,1,77,11,1339,1,20,HONDA JAZZ,10,E01004157,0,1
2024010534497,2024,010534497,2,9,0,14,14,5,1,0,0,8,0,0,0,0,1,1,6,6,1,35,6,1339,1,16,HONDA JAZZ,3,E01035681,0,3
2024010548862,2024,010548862,1,9,0,99,99,9,9,99,99,0,9,99,9,99,1,1,6,6,3,-1,-1,1330,8,13,HONDA JAZZ,-1,-1,0,-1
2024332400286,2024,332400286,1,9,0,-1,7,1,3,-1,0,6,0,0,7,0,3,1,-1,1,1,96,11,1339,1,11,HONDA JAZZ,10,E01025902,0,3
2024010549027,2024,010549027,1,9,0,9,9,5,3,0,0,2,0,0,0,0,1,1,1,1,2,53,8,1339,1,11,HONDA JAZZ,10,E01003473,0,1
2024421517965,2024,421517965,2,9,0,-1,3,8,4,-1,0,2,0,0,0,0,2,1,-1,9,2,43,7,1318,1,7,HONDA JAZZ,3,E01004402,0,4
2024010544170,2024,010544170,1,9,0,18,19,6,2,0,0,0,0,0,0,0,4,1,6,6,1,37,7,1339,1,19,HONDA JAZZ,5,E01032783,0,2
2024161507216,2024,161507216,1,9,0,-1,19,3,7,-1,0,1,0,0,0,0,1,1,-1,6,1,43,7,1246,1,19,HONDA JAZZ,1,E01013281,0,1
202454C944024,2024,54C944024,1,9,0,18,19,3,7,0,0,0,0,0,0,0,1,1,6,6,2,77,11,1339,1,9,HONDA JAZZ,5,E01034619,0,4
2024451441541,2024,451441541,1,9,0,-1,19,3,7,-1,0,1,5,4,0,0,4,1,-1,9,2,84,11,1339,1,13,HONDA JAZZ,10,E01030348,0,1
2024061457305,2024,061457305,2,9,0,-1,10,5,2,-1,0,1,0,0,0,0,2,1,-1,9,2,40,7,1339,1,18,HONDA JAZZ,-1,-1,0,-1
2024311493369,2024,311493369,1,9,0,-1,4,5,1,-1,0,0,0,0,0,0,0,1,-1,7,1,40,7,1339,1,19,HONDA JAZZ,-1,-1,0,-1
2024131439616,2024,131439616,1,9,0,-1,7,2,3,-1,0,8,0,0,0,0,2,1,-1,9,1,74,10,1498,8,2,HONDA JAZZ,5,E01011731,0,2
2024451459864,2024,451459864,1,9,0,-1,9,8,2,-1,0,8,0,0,0,0,1,2,-1,7,2,45,7,1339,1,14,HONDA JAZZ,9,E01030340,0,1
2024201482826,2024,201482826,1,9,0,-1,19,3,7,-1,0,4,0,0,0,0,1,1,-1,9,1,40,7,1339,1,18,HONDA JAZZ,2,E01010309,0,1
2024421483494,2024,421483494,1,9,0,-1,19,7,3,-1,9,0,1,0,1,2,1,1,-1,9,2,85,11,1339,1,11,HONDA JAZZ,10,E01021960,0,1
2024131515790,2024,131515790,1,9,0,-1,19,3,7,-1,0,6,0,0,0,0,1,1,-1,6,3,-1,-1,1339,1,17,HONDA JAZZ,-1,-1,0,-1
2024061464977,2024,061464977,1,9,0,-1,19,5,5,-1,0,0,0,0,0,0,0,1,-1,2,1,63,9,1246,1,16,HONDA JAZZ,4,E01005126,0,1
2024543395024,2024,543395024,13,9,0,18,19,4,8,0,0,0,1,0,1,0,1,1,6,6,1,57,9,1198,1,15,HONDA JAZZ,8,E01014040,0,4
2024201487707,2024,201487707,1,9,0,-1,7,3,6,-1,0,0,0,0,0,0,1,9,-1,6,3,23,5,1339,1,19,HONDA JAZZ,4,E01010304,0,3
2024351538911,2024,351538911,1,9,0,-1,19,2,6,-1,0,1,0,0,0,0,1,1,-1,1,1,33,6,1318,1,6,HONDA JAZZ,6,E01018049,0,1
2024010544715,2024,010544715,1,9,0,18,19,5,1,0,0,8,0,0,0,0,1,1,6,6,1,32,6,1330,8,11,HONDA JAZZ,5,E01024179,0,3
2024141428044,2024,141428044,1,9,0,-1,19,3,8,-1,0,4,0,0,0,0,2,9,-1,6,3,-1,-1,1318,1,8,HONDA JAZZ,-1,-1,0,-1
2024010547444,2024,010547444,2,9,0,99,99,9,9,99,99,0,9,99,9,99,1,9,6,6,3,47,8,1318,1,6,HONDA JAZZ,4,E01001167,0,1
2024522403276,2024,522403276,2,9,0,9,9,8,5,0,0,6,0,0,0,0,1,1,6,6,1,-1,-1,1318,1,8,HONDA JAZZ,-1,-1,0,-1
2024552400393,2024,552400393,1,9,0,15,15,8,4,0,0,8,0,0,0,0,1,1,6,6,1,72,10,1318,1,6,HONDA JAZZ,8,E01015298,0,1
2024451527382,2024,451527382,2,9,0,-1,19,3,7,-1,0,0,0,0,0,0,1,1,-1,9,1,64,9,1498,8,4,HONDA JAZZ,7,E01030466,0,2
2024141515816,2024,141515816,2,9,0,-1,3,4,7,-1,0,0,0,0,0,0,2,1,-1,9,2,72,10,1339,1,11,HONDA JAZZ,2,E01026378,0,3
2024411427480,2024,411427480,1,9,0,-1,19,1,5,-1,0,0,0,0,0,0,4,1,-1,6,1,60,9,1339,1,13,HONDA JAZZ,10,E01023448,0,1
2024430357961,2024,430357961,2,9,0,2,2,0,0,0,0,0,0,0,0,0,1,1,6,6,3,77,11,1318,1,4,HONDA JAZZ,-1,-1,0,-1
2024010512922,2024,010512922,2,9,9,99,99,9,9,99,99,9,9,99,9,99,9,9,6,6,1,-1,-1,1339,1,15,HONDA JAZZ,-1,-1,0,-1
2024461483171,2024,461483171,1,9,0,-1,9,5,7,-1,0,0,0,0,0,0,1,1,-1,2,1,25,5,1339,1,17,HONDA JAZZ,3,E01024777,0,2
2024141447322,2024,141447322,1,9,0,-1,19,1,5,-1,0,0,0,0,0,0,1,1,-1,9,1,71,10,1498,1,6,HONDA JAZZ,2,E01007633,0,1
2024302500175,2024,302500175,2,9,0,-1,19,1,5,-1,0,0,0,0,0,0,1,1,-1,6,3,-1,-1,1339,1,19,HONDA JAZZ,5,E01019456,0,3
2024501445047,2024,501445047,1,9,0,-1,19,6,5,-1,0,0,0,0,1,11,1,1,-1,9,2,76,11,1318,1,5,HONDA JAZZ,10,E01020024,0,2
2024010513244,2024,010513244,2,9,0,99,99,9,9,99,99,9,9,99,9,99,1,9,6,6,3,-1,-1,1318,1,7,HONDA JAZZ,-1,-1,0,-1
2024041470282,2024,041470282,1,9,0,-1,9,8,5,-1,0,0,0,0,0,0,1,1,-1,9,1,20,4,1339,1,19,HONDA JAZZ,-1,-1,0,-1
2024501436680,2024,501436680,1,9,0,-1,19,3,7,-1,0,0,0,0,0,0,1,1,-1,6,1,51,8,1339,1,13,HONDA JAZZ,2,E01019034,0,3
2024371436302,2024,371436302,2,9,0,-1,19,1,5,-1,0,3,0,0,0,0,4,1,-1,6,2,58,9,1198,1,12,HONDA JAZZ,3,E01026632,0,2
2024052400390,2024,052400390,2,9,0,18,19,5,1,0,0,8,0,0,0,0,3,1,2,2,2,47,8,1246,1,19,HONDA JAZZ,1,E01006450,0,1
2024520401745,2024,520401745,2,9,0,9,9,1,7,0,0,6,0,0,0,0,1,1,6,6,1,17,4,1339,1,17,HONDA JAZZ,8,E01029126,0,1
2024440274113,2024,440274113,2,9,0,3,3,3,7,0,0,8,0,0,0,0,2,1,2,2,1,34,6,1339,1,16,HONDA JAZZ,1,E01017038,0,2
2024122401046,2024,122401046,1,9,0,4,4,3,7,0,0,0,0,0,0,0,1,1,6,6,1,92,11,1339,1,12,HONDA JAZZ,9,E01027792,0,3
2024201445456,2024,201445456,1,9,0,-1,19,4,8,-1,0,0,0,0,0,0,3,1,-1,6,1,29,6,1498,8,0,HONDA JAZZ,7,E01032146,0,1
2024010528711,2024,010528711,2,9,0,3,3,1,5,0,0,1,0,0,0,0,2,1,6,6,1,42,7,1498,8,2,HONDA JAZZ,6,E01004002,0,1
2024061470697,2024,061470697,2,9,0,-1,19,2,3,-1,0,6,0,0,0,0,2,1,-1,9,1,49,8,1339,1,17,HONDA JAZZ,-1,-1,0,-1
2024161501118,2024,161501118,2,9,0,-1,5,7,3,-1,0,4,0,0,0,0,1,9,-1,6,2,80,11,1339,1,18,HONDA JAZZ,1,E01012856,0,1
2024991446651,2024,991446651,1,9,0,-1,5,4,8,-1,0,5,0,4,0,0,3,1,-1,9,2,79,11,1318,1,9,HONDA JAZZ,2,-1,0,2
2024411408857,2024,411408857,2,9,0,-1,4,1,5,-1,0,0,0,0,0,0,2,1,-1,9,1,68,10,1498,8,2,HONDA JAZZ,10,E01030839,0,4
2024421506111,2024,421506111,2,9,0,-1,19,6,2,-1,0,0,0,0,0,0,2,1,-1,9,1,80,11,1339,1,10,HONDA JAZZ,6,E01021398,0,1
2024471504778,2024,471504778,1,9,0,-1,19,2,6,-1,0,0,0,0,0,0,1,1,-1,6,2,82,11,1339,1,12,HONDA JAZZ,7,E01031382,0,2
2024201494361,2024,201494361,1,9,0,-1,19,5,1,-1,0,0,0,0,0,0,3,1,-1,9,2,76,11,1198,1,14,HONDA JAZZ,3,E01009184,0,1
2024471408151,2024,471408151,2,9,0,-1,19,6,2,-1,0,0,0,0,1,0,3,1,-1,9,2,72,10,1339,1,10,HONDA JAZZ,3,E01031482,0,2
2024052402052,2024,052402052,1,9,0,7,7,1,3,0,0,1,0,0,0,0,3,1,2,2,1,64,9,1339,1,21,HONDA JAZZ,2,E01007178,0,1
2024421422259,2024,421422259,2,9,0,-1,19,7,3,-1,0,4,0,0,0,0,2,1,-1,6,1,43,7,1318,1,8,HONDA JAZZ,9,E01021280,0,1
2024411543331,2024,411543331,1,9,0,-1,19,3,7,-1,0,0,1,10,7,11,1,1,-1,6,1,87,11,1339,1,11,HONDA JAZZ,8,E01023569,0,1
2024501502821,2024,501502821,1,9,0,-1,19,5,1,-1,0,0,2,0,0,0,1,1,-1,1,2,37,7,1339,1,21,HONDA JAZZ,4,E01019916,0,3
2024201512184,2024,201512184,1,9,0,-1,19,2,6,-1,0,0,0,0,0,0,2,9,-1,9,3,-1,-1,1339,1,20,HONDA JAZZ,-1,-1,0,-1
2024471395329,2024,471395329,3,9,0,-1,2,0,0,-1,0,0,1,0,0,0,2,1,-1,6,-1,-1,-1,1339,1,17,HONDA JAZZ,-1,-1,0,-1
2024471499235,2024,471499235,1,9,0,-1,19,1,5,-1,0,0,0,0,0,0,1,1,-1,6,1,44,7,1339,1,19,HONDA JAZZ,6,E01021022,0,1
2024451420888,2024,451420888,2,9,0,-1,19,1,5,-1,0,0,0,0,1,11,3,1,-1,2,2,27,6,1339,1,15,HONDA JAZZ,7,E01031503,0,3
2024010518161,2024,010518161,2,9,0,9,9,5,2,0,0,8,0,0,0,0,1,1,1,1,2,61,9,1339,1,13,HONDA JAZZ,2,E01003190,0,1
2024340WN4382,2024,340WN4382,1,9,0,-1,19,1,5,-1,0,3,0,0,0,0,3,1,-1,6,1,25,5,1339,1,21,HONDA JAZZ,1,E01027153,0,1
2024221525460,2024,221525460,1,9,0,-1,9,2,8,-1,0,5,0,0,0,0,4,1,-1,9,1,90,11,1339,1,17,HONDA JAZZ,7,E01029006,0,1
2024201443466,2024,201443466,1,9,0,-1,19,6,2,-1,9,2,0,10,1,11,4,1,-1,7,2,29,6,1339,1,16,HONDA JAZZ,4,E01032529,0,1
2024501499725,2024,501499725,3,9,0,-1,19,1,5,-1,0,0,1,0,0,0,1,1,-1,9,1,87,11,1498,8,4,HONDA JAZZ,6,E01032000,0,5
2024421506220,2024,421506220,2,9,0,-1,9,5,2,-1,0,6,0,0,0,0,3,1,-1,9,2,41,7,1330,8,13,HONDA JAZZ,10,E01015885,0,1
2024010532911,2024,010532911,1,9,0,18,19,1,5,0,0,2,0,7,1,10,1,1,6,6,1,68,10,1339,1,12,HONDA JAZZ,2,E01004239,0,1
2024010532086,2024,010532086,1,9,0,5,5,3,7,0,0,2,0,0,7,0,3,1,6,6,2,81,11,1339,1,14,HONDA JAZZ,10,E01023840,0,1
2024451528762,2024,451528762,3,9,0,-1,4,7,3,-1,0,1,0,0,0,0,1,1,-1,9,1,68,10,1498,8,1,HONDA JAZZ,5,E01030557,0,3
2024010510848,2024,010510848,1,9,0,18,19,1,5,0,0,0,0,0,0,0,1,1,6,6,2,36,7,1330,1,16,HONDA JAZZ,3,E01003768,0,1
2024041521310,2024,041521310,1,9,0,-1,4,3,3,-1,0,0,5,11,0,0,1,1,-1,9,1,80,11,1339,1,9,HONDA JAZZ,4,E01025393,0,1
2024201508534,2024,201508534,2,9,0,-1,7,8,4,-1,0,0,0,0,0,0,4,1,-1,9,1,38,7,1339,1,20,HONDA JAZZ,1,E01009033,0,1