collision_index,collision_year,collision_ref_no,vehicle_reference,vehicle_type,towing_and_articulation,vehicle_manoeuvre_historic,vehicle_manoeuvre,vehicle_direction_from,vehicle_direction_to,vehicle_location_restricted_lane_historic,vehicle_location_restricted_lane,junction_location,skidding_and_overturning,hit_object_in_carriageway,vehicle_leaving_carriageway,hit_object_off_carriageway,first_point_of_impact,vehicle_left_hand_drive,journey_purpose_of_driver_historic,journey_purpose_of_driver,sex_of_driver,age_of_driver,age_band_of_driver,engine_capacity_cc,propulsion_code,age_of_vehicle,generic_make_model,driver_imd_decile,lsoa_of_driver,escooter_flag,driver_distance_banding
202454C923024,2024,54C923024,1,9,0,9,9,2,8,0,0,1,0,0,0,0,1,1,6,6,2,25,5,1339,1,21,HONDA JAZZ,9,E01031988,0,1
2024371475123,2024,371475123,1,9,0,-1,19,5,1,-1,0,0,0,0,0,0,1,1,-1,9,2,81,11,1318,1,7,HONDA JAZZ,8,E01004748,0,5
2024201456104,2024,201456104,2,9,0,-1,19,6,2,-1,0,1,0,0,0,0,1,9,-1,6,1,86,11,1318,1,5,HONDA JAZZ,5,E01008965,0,1
2024411414093,2024,411414093,1,9,0,-1,19,1,5,-1,0,1,0,0,0,0,3,1,-1,6,2,51,8,1339,1,13,HONDA JAZZ,10,E01023966,0,1
2024052400971,2024,052400971,1,9,0,18,19,4,8,0,0,8,0,0,0,0,1,1,2,2,1,45,7,1339,1,17,HONDA JAZZ,1,E01006691,0,1
2024010487492,2024,010487492,1,9,0,10,10,2,7,0,0,8,0,0,0,0,2,1,2,2,1,41,7,1339,1,19,HONDA JAZZ,2,E01002793,0,1
2024471405204,2024,471405204,3,9,0,-1,2,0,0,-1,-1,0,0,0,0,0,2,1,-1,6,-1,-1,-1,1339,1,14,HONDA JAZZ,-1,-1,0,-1
2024122401235,2024,122401235,1,9,0,7,7,1,5,0,0,1,0,0,0,0,1,1,6,6,1,49,8,1318,1,5,HONDA JAZZ,10,E01013420,0,1
2024440371099,2024,440371099,1,9,0,17,19,2,6,0,0,0,0,0,1,11,1,1,2,2,1,19,4,1318,1,7,HONDA JAZZ,3,E01017315,0,1
2024501485059,2024,501485059,1,9,0,-1,19,7,3,-1,0,0,1,0,0,0,1,1,-1,6,1,19,4,1339,1,18,HONDA JAZZ,2,E01018854,0,2
2024471467863,2024,471467863,2,9,0,-1,19,3,8,-1,0,0,0,0,0,0,3,1,-1,9,1,74,10,1498,8,4,HONDA JAZZ,5,E01031392,0,1
2024440032065,2024,440032065,1,9,0,18,19,6,2,0,0,0,0,0,0,0,1,1,2,2,2,22,5,1339,1,14,HONDA JAZZ,5,E01017127,0,4
2024010501077,2024,010501077,1,9,0,9,9,8,7,9,9,8,0,0,7,11,1,1,6,6,2,78,11,1339,1,12,HONDA JAZZ,3,E01000137,0,1
2024622400282,2024,622400282,1,9,0,9,9,6,4,0,0,8,0,0,0,0,1,1,6,6,2,34,6,1339,1,19,HONDA JAZZ,1,W01001955,0,2
2024010528627,2024,010528627,2,9,0,18,19,2,6,0,0,0,0,4,0,0,1,1,6,6,2,60,9,1339,1,12,HONDA JAZZ,8,E01000317,0,2
2024131416291,2024,131416291,1,9,0,-1,19,1,5,-1,0,0,0,0,0,0,3,1,-1,9,1,29,6,1339,1,15,HONDA JAZZ,9,E01011554,0,1
2024471528667,2024,471528667,1,9,0,-1,19,8,2,-1,0,4,0,0,0,0,1,1,-1,6,2,86,11,1339,1,12,HONDA JAZZ,10,E01031644,0,1
2024546137024,2024,546137024,1,9,0,9,9,3,1,0,0,1,0,0,0,0,1,1,6,6,1,52,8,1339,1,14,HONDA JAZZ,9,E01033848,0,1
2024531475380,2024,531475380,2,9,0,-1,19,3,7,-1,0,4,0,0,0,0,4,1,-1,9,2,43,7,1339,1,18,HONDA JAZZ,10,E01022130,0,1
2024991479880,2024,991479880,2,9,0,-1,19,8,5,-1,0,4,0,0,0,0,1,1,-1,9,2,68,10,1318,1,9,HONDA JAZZ,3,-1,0,1
2024430491423,2024,430491423,2,9,0,18,19,4,8,0,0,0,0,0,0,0,1,1,6,6,1,60,9,1498,8,3,HONDA JAZZ,-1,-1,0,-1
2024010543858,2024,010543858,1,9,0,5,5,1,5,0,0,8,0,4,0,0,1,1,6,6,2,-1,-1,1339,1,15,HONDA JAZZ,-1,-1,0,-1
2024332400498,2024,332400498,1,9,0,-1,3,1,5,-1,0,1,0,0,0,0,2,1,-1,9,2,59,9,1339,1,17,HONDA JAZZ,1,E01013725,0,1
2024122400040,2024,122400040,1,9,0,5,5,3,7,0,0,8,0,0,0,0,1,1,6,6,2,-1,-1,1339,1,16,HONDA JAZZ,7,E01013419,0,1
2024010530404,2024,010530404,1,9,0,1,1,7,3,0,0,0,0,0,0,0,0,1,6,6,2,45,7,1339,1,13,HONDA JAZZ,-1,-1,0,-1
2024010545020,2024,010545020,2,9,0,3,3,7,3,0,0,8,0,0,0,0,1,1,3,7,2,46,8,1339,1,9,HONDA JAZZ,-1,-1,0,-1
2024061503231,2024,061503231,2,9,0,-1,19,1,1,-1,0,1,0,0,0,0,3,1,-1,9,1,31,6,1246,1,16,HONDA JAZZ,2,E01005950,0,1
2024201493125,2024,201493125,1,9,0,-1,7,7,3,-1,0,0,0,0,0,0,1,1,-1,9,1,27,6,1246,1,17,HONDA JAZZ,-1,-1,0,-1
2024552400610,2024,552400610,1,9,0,9,9,6,3,0,0,6,0,0,0,0,4,1,6,6,2,78,11,1339,1,21,HONDA JAZZ,4,E01029179,0,2
2024010488489,2024,010488489,1,9,0,18,19,7,3,0,0,8,0,0,0,0,1,1,2,2,2,44,7,1339,1,17,HONDA JAZZ,2,E01000065,0,1
2024440125673,2024,440125673,3,9,0,4,4,6,2,0,0,0,0,0,0,0,0,1,6,6,2,60,9,1339,1,11,HONDA JAZZ,7,E01023071,0,2
2024052402668,2024,052402668,2,9,0,17,19,4,8,0,0,0,1,0,0,0,1,1,6,6,1,62,9,1198,1,16,HONDA JAZZ,1,E01006729,0,1
2024411514778,2024,411514778,1,9,0,-1,19,8,4,-1,0,2,0,0,0,0,1,1,-1,6,2,68,10,1339,1,17,HONDA JAZZ,5,E01023830,0,1
2024010529315,2024,010529315,4,9,0,2,2,0,0,0,0,1,0,0,0,0,1,1,6,6,3,-1,-1,1339,1,17,HONDA JAZZ,-1,-1,0,-1
2024461417502,2024,461417502,1,9,0,-1,19,1,1,-1,0,2,0,4,0,0,4,1,-1,9,2,90,11,1339,1,10,HONDA JAZZ,10,E01024464,0,1
2024622400390,2024,622400390,1,9,0,9,9,2,8,0,0,8,0,0,0,0,1,1,6,6,1,38,7,1339,1,15,HONDA JAZZ,1,W01001694,0,1
2024411396656,2024,411396656,1,9,0,-1,19,-1,-1,-1,0,4,0,0,0,0,1,9,-1,6,2,-1,-1,1318,1,6,HONDA JAZZ,-1,-1,0,-1
2024010539271,2024,010539271,1,9,0,99,99,9,9,99,99,9,9,99,9,99,9,9,6,6,2,46,8,1339,1,18,HONDA JAZZ,5,E01030751,0,1
2024361500044,2024,361500044,1,9,0,-1,19,3,1,-1,0,0,0,0,0,0,3,1,-1,6,2,58,9,1339,1,15,HONDA JAZZ,8,E01026480,0,2
2024520402686,2024,520402686,2,9,0,9,9,5,3,0,0,6,0,0,0,0,3,1,6,6,2,82,11,1498,8,3,HONDA JAZZ,7,E01029155,0,2
2024010508609,2024,010508609,1,9,9,99,99,9,9,99,99,0,9,99,9,99,2,9,6,6,1,24,5,1339,1,14,HONDA JAZZ,2,E01000083,0,1
2024122401072,2024,122401072,1,9,0,17,19,1,5,0,0,0,1,0,7,11,1,1,2,2,1,36,7,1339,1,19,HONDA JAZZ,7,E01012818,0,4
2024471483491,2024,471483491,1,9,0,-1,9,1,5,-1,0,6,0,0,0,0,1,1,-1,1,1,23,5,1339,1,17,HONDA JAZZ,8,E01021214,0,4
2024371528180,2024,371528180,1,9,0,-1,19,8,2,-1,0,0,0,0,0,0,4,9,-1,6,3,-1,-1,1339,1,16,HONDA JAZZ,-1,-1,0,-1
2024010499667,2024,010499667,2,9,0,99,99,9,9,99,99,9,9,99,9,99,1,9,6,6,3,-1,-1,1330,8,13,HONDA JAZZ,-1,-1,0,-1
2024332400943,2024,332400943,2,9,0,-1,19,1,5,-1,0,0,0,0,0,0,1,1,-1,6,1,44,7,1339,1,12,HONDA JAZZ,5,E01013608,0,1
2024010516010,2024,010516010,2,9,0,18,19,1,5,0,0,0,0,0,0,0,1,1,2,2,1,31,6,1246,1,16,HONDA JAZZ,2,E01000483,0,1
2024070973952,2024,070973952,2,9,0,-1,19,1,5,-1,0,8,0,0,0,0,1,1,-1,9,2,73,10,1498,8,2,HONDA JAZZ,10,E01018377,0,2
2024361469822,2024,361469822,1,9,0,-1,9,5,3,-1,0,8,0,0,0,0,1,1,-1,6,1,50,8,1339,1,15,HONDA JAZZ,8,E01026932,0,1
2024522402703,2024,522402703,2,9,0,18,19,1,5,0,0,8,0,0,0,0,1,1,6,6,1,37,7,1339,1,15,HONDA JAZZ,1,E01032518,0,1
2024421531517,2024,421531517,2,9,0,-1,19,7,3,-1,0,4,0,0,0,0,1,1,-1,9,1,28,6,1246,1,17,HONDA JAZZ,3,E01021864,0,1
2024522402547,2024,522402547,1,9,0,18,19,4,8,0,0,8,0,0,1,0,2,1,6,6,2,34,6,1339,1,17,HONDA JAZZ,10,E01015014,0,1
2024010547683,2024,010547683,1,9,0,18,19,5,1,0,0,1,0,0,0,0,3,1,6,6,1,79,11,1246,1,18,HONDA JAZZ,9,E01002462,0,1
2024451468405,2024,451468405,1,9,0,-1,19,6,2,-1,0,8,2,0,0,0,1,1,-1,9,2,62,9,1498,8,1,HONDA JAZZ,8,E01030867,0,4
2024101429604,2024,101429604,1,9,0,-1,6,7,3,-1,0,1,0,0,0,0,3,1,-1,9,1,91,11,1498,8,0,HONDA JAZZ,5,E01008758,0,1
2024211517703,2024,211517703,1,9,0,-1,5,2,4,-1,0,1,0,0,0,0,4,1,-1,6,2,45,7,1339,1,18,HONDA JAZZ,-1,-1,0,-1
2024401449439,2024,401449439,1,9,0,-1,1,5,1,-1,0,0,0,0,0,0,2,1,-1,6,1,42,7,1339,1,16,HONDA JAZZ,8,E01034415,0,1
2024451433190,2024,451433190,2,9,0,-1,19,1,5,-1,0,0,0,0,0,0,3,1,-1,1,2,28,6,1498,8,4,HONDA JAZZ,8,E01014131,0,5
2024451469582,2024,451469582,2,9,9,-1,7,7,1,-1,0,1,0,0,0,0,1,1,-1,6,2,31,6,1339,1,16,HONDA JAZZ,-1,-1,0,-1
2024440404153,2024,440404153,1,9,0,18,19,5,1,0,0,0,0,4,0,0,1,1,6,6,2,80,11,1339,1,12,HONDA JAZZ,5,E01022835,0,1
2024622400143,2024,622400143,1,9,0,5,5,8,4,0,0,0,0,0,0,0,1,1,6,6,1,28,6,1339,1,15,HONDA JAZZ,3,W01001870,0,1
2024010519312,2024,010519312,1,9,0,18,19,8,4,0,0,7,0,0,0,0,1,1,6,6,1,-1,-1,1339,1,19,HONDA JAZZ,-1,-1,0,-1
2024451480952,2024,451480952,3,9,0,-1,19,1,4,-1,0,0,0,0,0,0,1,1,-1,6,2,22,5,1339,1,19,HONDA JAZZ,7,E01030527,0,1
2024451459913,2024,451459913,2,9,0,-1,19,1,5,-1,0,8,0,0,7,4,4,1,-1,6,2,88,11,1339,1,11,HONDA JAZZ,6,E01030895,0,1
2024461526546,2024,461526546,1,9,0,-1,19,3,6,-1,0,0,0,0,0,0,3,9,-1,6,1,27,6,1339,1,12,HONDA JAZZ,10,E01024441,0,1
2024010500834,2024,010500834,1,9,0,99,99,9,9,99,99,9,9,99,9,99,9,9,6,6,2,28,6,1198,1,14,HONDA JAZZ,2,E01003604,0,1
2024461418644,2024,461418644,2,9,0,-1,2,0,0,-1,0,0,0,0,0,0,2,9,-1,6,-1,-1,-1,1339,1,21,HONDA JAZZ,-1,-1,0,-1
2024501434590,2024,501434590,1,9,0,-1,9,6,4,-1,0,1,1,0,1,0,1,1,-1,9,2,60,9,1339,1,10,HONDA JAZZ,-1,-1,0,-1
2024201464446,2024,201464446,1,9,0,-1,10,4,3,-1,0,8,0,0,0,0,3,1,-1,9,1,51,8,1339,1,10,HONDA JAZZ,5,E01009211,0,2
2024461433876,2024,461433876,1,9,0,-1,19,7,3,-1,0,1,0,0,0,0,3,1,-1,6,1,82,11,1498,8,2,HONDA JAZZ,7,E01024794,0,1
2024440052540,2024,440052540,2,9,0,9,9,3,8,0,0,6,0,0,0,0,3,1,6,6,1,83,11,1198,1,11,HONDA JAZZ,6,E01022764,0,1
2024010542812,2024,010542812,2,9,0,18,19,7,3,0,0,8,0,0,0,0,1,1,2,2,2,31,6,1198,1,13,HONDA JAZZ,4,E01001727,0,1
2024401538508,2024,401538508,1,9,0,-1,-1,-1,-1,-1,-1,0,-1,-1,-1,0,1,1,-1,6,1,-1,-1,1339,1,20,HONDA JAZZ,-1,-1,0,-1
2024161503021,2024,161503021,1,9,0,-1,19,5,1,-1,0,1,0,0,1,1,1,1,-1,6,1,81,11,1318,1,5,HONDA JAZZ,4,E01007637,0,2
2024461427930,2024,461427930,2,9,0,-1,19,3,7,-1,0,1,0,0,0,0,4,1,-1,6,2,81,11,1339,1,20,HONDA JAZZ,7,E01024121,0,2
2024440479969,2024,440479969,2,9,0,3,3,6,2,0,0,1,0,0,0,0,2,1,2,2,1,67,10,1318,1,5,HONDA JAZZ,4,E01002593,0,4
2024221519534,2024,221519534,1,9,0,-1,5,1,5,-1,0,0,0,0,0,0,3,1,-1,9,2,40,7,1339,1,16,HONDA JAZZ,8,E01032290,0,1
2024430407204,2024,430407204,1,9,0,18,19,4,8,0,0,0,0,0,0,0,1,1,6,6,1,43,7,1339,1,18,HONDA JAZZ,6,E01028796,0,4
2024430170629,2024,430170629,1,9,0,17,19,1,6,0,0,0,1,0,1,9,1,1,6,6,2,21,5,1339,1,19,HONDA JAZZ,-1,-1,0,-1
2024440561675,2024,440561675,1,9,0,18,19,2,6,0,0,0,0,0,0,0,4,1,6,6,2,50,8,1339,1,10,HONDA JAZZ,7,E01017329,0,1
2024430118133,2024,430118133,1,9,0,9,9,1,7,0,0,8,0,0,0,0,1,1,6,6,1,61,9,1318,1,5,HONDA JAZZ,5,E01016359,0,1
2024041397414,2024,041397414,2,9,0,-1,9,7,3,-1,0,4,0,0,0,0,3,1,-1,9,2,23,5,1339,1,19,HONDA JAZZ,1,E01025296,0,1
2024010507281,2024,010507281,1,9,0,99,99,9,9,99,99,9,9,99,9,99,9,9,6,6,1,30,6,1339,1,18,HONDA JAZZ,5,E01002167,0,1
2024221397314,2024,221397314,1,9,0,-1,1,3,7,-1,9,6,0,0,0,0,2,1,-1,6,1,80,11,1498,8,3,HONDA JAZZ,9,E01014083,0,1
2024010542879,2024,010542879,1,9,0,9,9,2,7,0,0,6,0,0,0,0,1,2,6,6,1,66,10,1318,1,8,HONDA JAZZ,8,E01002273,0,1
2024311399855,2024,311399855,1,9,0,-1,19,3,8,-1,0,8,0,7,1,11,1,1,-1,6,1,42,7,1339,1,17,HONDA JAZZ,7,E01028203,0,1
2024991483251,2024,991483251,2,9,0,-1,19,3,7,-1,0,1,0,0,0,0,1,1,-1,6,1,41,7,1339,1,16,HONDA JAZZ,2,-1,0,2
2024010530521,2024,010530521,1,9,0,18,19,3,7,0,0,2,0,0,0,0,3,1,6,6,1,28,6,1339,1,15,HONDA JAZZ,4,E01032566,0,1
2024201520683,2024,201520683,1,9,0,-1,4,-1,-1,-1,0,1,0,0,0,0,4,9,-1,6,1,29,6,1246,1,17,HONDA JAZZ,2,E01009744,0,1
2024320554082,2024,320554082,1,9,0,-1,-1,6,8,0,0,8,0,0,7,9,3,1,-1,-1,2,84,11,1339,1,20,HONDA JAZZ,3,E01019552,0,4
2024544460724,2024,544460724,1,9,0,18,19,2,6,0,0,0,0,0,0,0,1,1,6,6,1,77,11,1318,1,5,HONDA JAZZ,10,E01032055,0,1
2024131401011,2024,131401011,1,9,0,-1,19,6,2,-1,0,0,0,0,0,0,2,1,-1,6,1,38,7,1339,8,10,HONDA JAZZ,3,E01010652,0,1
2024332400244,2024,332400244,1,9,0,-1,19,3,7,-1,0,6,0,0,0,0,1,1,-1,9,2,54,8,1198,1,15,HONDA JAZZ,6,E01025759,0,2
2024131408668,2024,131408668,1,9,0,-1,19,5,1,-1,0,0,0,0,5,0,1,1,-1,9,2,59,9,1339,1,17,HONDA JAZZ,7,E01013412,0,4
2024471423028,2024,471423028,3,9,0,-1,19,8,4,-1,0,1,0,0,0,0,1,1,-1,9,2,88,11,1339,1,16,HONDA JAZZ,9,E01031413,0,2
2024991449115,2024,991449115,2,9,0,-1,11,6,3,-1,0,8,0,0,0,0,4,1,-1,9,2,60,9,1498,8,4,HONDA JAZZ,10,-1,0,2
2024411491032,2024,411491032,1,9,0,-1,7,2,6,-1,0,3,0,0,7,1,3,1,-1,9,2,80,11,1318,1,6,HONDA JAZZ,9,E01023352,0,2
2024361429851,2024,361429851,1,9,0,-1,19,1,2,-1,0,0,0,0,0,0,1,1,-1,2,2,25,5,1339,1,20,HONDA JAZZ,-1,-1,0,-1
2024010518586,2024,010518586,3,9,0,2,2,0,0,0,0,2,0,0,0,0,4,1,6,6,3,-1,-1,1339,1,19,HONDA JAZZ,-1,-1,0,-1
2024010529963,2024,010529963,1,9,0,99,99,9,9,99,99,9,9,99,9,99,9,9,6,6,3,-1,-1,1318,1,5,HONDA JAZZ,-1,-1,0,-1
2024552400403,2024,552400403,1,9,0,18,19,2,6,0,0,8,0,0,0,0,1,1,6,6,2,66,10,1198,1,12,HONDA JAZZ,1,E01020582,0,1
2024440492607,2024,440492607,2,9,0,18,19,3,7,0,0,8,0,0,0,0,1,1,2,2,2,53,8,1339,1,15,HONDA JAZZ,10,E01022853,0,1
2024041525586,2024,041525586,1,9,0,-1,19,3,7,-1,0,0,1,7,6,0,3,1,-1,6,2,74,10,1318,1,6,HONDA JAZZ,3,E01025065,0,3
2024610048424,2024,610048424,1,9,0,18,19,8,4,0,0,0,1,0,0,0,1,1,2,2,1,37,7,1339,1,20,HONDA JAZZ,3,W01001539,0,1
2024440400368,2024,440400368,1,9,0,17,19,4,1,0,0,0,5,0,0,0,0,1,6,6,1,26,6,1339,1,21,HONDA JAZZ,3,E01017318,0,2
2024052400115,2024,052400115,1,9,0,18,19,7,3,0,0,0,0,0,0,0,1,1,6,6,2,78,11,1318,1,8,HONDA JAZZ,7,E01007241,0,1
2024421473727,2024,421473727,1,9,0,-1,19,8,4,-1,0,0,0,0,0,0,3,9,-1,9,1,78,11,1318,1,5,HONDA JAZZ,10,E01021746,0,2
2024501423210,2024,501423210,1,9,0,-1,19,1,5,-1,0,0,0,0,0,0,1,1,-1,9,2,81,11,1318,1,9,HONDA JAZZ,7,E01032628,0,1
2024010511231,2024,010511231,1,9,0,99,99,9,9,0,0,9,9,0,0,0,1,9,6,6,1,23,5,1339,1,16,HONDA JAZZ,3,E01002413,0,1
2024010542330,2024,010542330,2,9,0,99,99,9,9,99,99,9,9,99,9,99,1,9,6,6,3,-1,-1,1339,1,9,HONDA JAZZ,8,E01001455,0,1
2024991436068,2024,991436068,1,9,0,-1,19,1,5,-1,0,0,2,0,0,0,1,1,-1,9,1,82,11,1318,1,6,HONDA JAZZ,8,-1,0,1
2024311453125,2024,311453125,3,9,0,-1,19,7,3,-1,0,0,0,0,0,0,2,1,-1,6,1,77,11,1498,1,5,HONDA JAZZ,-1,-1,0,-1
2024430621656,2024,430621656,2,9,0,5,5,1,5,8,6,2,0,0,0,0,1,1,1,1,2,62,9,1339,1,17,HONDA JAZZ,6,E01016280,0,1
2024451537944,2024,451537944,2,9,0,-1,99,1,3,-1,0,1,0,0,0,0,1,1,-1,6,2,30,6,1339,1,15,HONDA JAZZ,4,E01030364,0,1
2024522402271,2024,522402271,2,9,0,18,19,3,7,0,0,0,0,0,0,0,1,1,6,6,1,32,6,1339,1,17,HONDA JAZZ,9,E01014933,0,2
2024440334989,2024,440334989,1,9,0,18,19,5,1,0,0,8,0,0,0,0,1,1,1,1,2,29,6,1339,1,19,HONDA JAZZ,5,E01017136,0,3
2024542594424,2024,542594424,3,9,0,3,3,3,1,0,0,1,0,0,0,0,1,1,2,2,2,26,6,1339,1,15,HONDA JAZZ,1,E01015538,0,2
2024221461779,2024,221461779,1,9,0,-1,19,3,7,-1,0,0,1,0,1,4,3,1,-1,6,1,33,6,1339,1,18,HONDA JAZZ,2,E01010449,0,3
2024010540616,2024,010540616,2,9,9,99,99,9,9,99,99,9,9,99,9,99,1,9,6,6,3,-1,-1,1339,1,13,HONDA JAZZ,-1,-1,0,-1
2024211441396,2024,211441396,1,9,0,-1,19,5,1,-1,0,3,0,0,0,0,1,1,-1,6,2,40,7,1198,1,14,HONDA JAZZ,4,E01029578,0,1
2024211431764,2024,211431764,2,9,0,-1,19,5,1,-1,0,1,0,0,0,0,1,1,-1,9,1,56,9,1339,1,21,HONDA JAZZ,5,E01029382,0,1
2024411414462,2024,411414462,1,9,0,-1,1,-1,-1,-1,0,-1,0,0,0,0,2,9,-1,6,2,-1,-1,1339,1,12,HONDA JAZZ,9,E01023713,0,1
2024552401263,2024,552401263,2,9,0,18,19,6,2,0,0,0,0,0,0,0,3,1,6,6,2,29,6,1339,1,17,HONDA JAZZ,6,E01034282,0,1
2024401532230,2024,401532230,2,9,0,-1,19,2,6,-1,0,0,5,0,0,0,1,1,-1,6,2,24,5,1339,1,19,HONDA JAZZ,4,E01023395,0,4
2024440130959,2024,440130959,2,9,0,5,5,8,4,0,0,1,0,0,0,0,1,1,6,6,2,-1,-1,1339,1,10,HONDA JAZZ,-1,-1,0,-1
2024622400337,2024,622400337,2,9,0,18,19,6,2,0,0,1,0,0,0,0,4,1,6,6,2,77,11,1339,1,17,HONDA JAZZ,9,W01001006,0,1
2024552400837,2024,552400837,4,9,0,2,2,0,0,0,0,0,0,0,0,0,3,1,6,6,3,-1,-1,1339,1,20,HONDA JAZZ,-1,-1,0,-1
2024461461750,2024,461461750,2,9,0,-1,19,5,1,-1,0,8,0,0,0,0,4,1,-1,6,2,39,7,1318,1,9,HONDA JAZZ,4,E01035314,0,1
2024552400406,2024,552400406,1,9,0,1,1,4,8,0,0,0,0,0,0,0,2,1,6,6,1,79,11,1318,1,7,HONDA JAZZ,5,E01015421,0,1
2024041426998,2024,041426998,1,9,0,-1,19,1,5,-1,0,0,2,0,0,0,1,1,-1,1,1,44,7,1339,1,15,HONDA JAZZ,3,E01012668,0,2
2024010531697,2024,010531697,1,9,0,99,99,9,9,99,99,9,9,99,9,99,2,9,6,6,2,46,8,1339,1,13,HONDA JAZZ,5,E01000792,0,1
2024440074813,2024,440074813,1,9,0,5,5,5,1,0,0,2,0,0,1,11,1,1,6,6,2,87,11,1339,1,15,HONDA JAZZ,7,E01020357,0,1
2024552401140,2024,552401140,1,9,0,9,9,3,1,0,0,6,0,0,3,11,1,1,6,6,2,84,11,1498,8,3,HONDA JAZZ,10,E01022981,0,1
2024430326587,2024,430326587,1,9,0,18,19,3,7,0,0,8,0,0,0,0,1,1,2,2,2,47,8,1339,1,9,HONDA JAZZ,10,E01016687,0,1
202417S413724,2024,17S413724,1,9,0,-1,19,4,8,-1,0,0,1,0,0,0,1,1,-1,9,1,47,8,1339,1,13,HONDA JAZZ,5,E01011465,0,4
2024522500324,2024,522500324,1,9,0,13,13,5,1,0,0,0,0,0,0,0,4,1,6,6,1,88,11,1339,1,14,HONDA JAZZ,7,E01014936,0,2
2024010512103,2024,010512103,1,9,0,18,19,3,7,0,0,3,0,0,0,0,2,1,6,6,1,50,8,1339,1,17,HONDA JAZZ,3,E01002018,0,2
2024161438099,2024,161438099,2,9,0,-1,10,3,7,-1,0,6,0,0,0,0,4,1,-1,6,2,62,9,1318,1,8,HONDA JAZZ,-1,-1,0,-1
2024522401685,2024,522401685,2,9,0,18,19,8,4,0,0,1,0,0,0,0,1,1,6,6,2,59,9,1498,8,4,HONDA JAZZ,10,E01014620,0,1
2024101406569,2024,101406569,1,9,0,-1,19,3,7,-1,0,8,0,0,0,0,1,2,-1,9,2,57,9,1339,8,13,HONDA JAZZ,4,E01027374,0,4
2024061394898,2024,061394898,2,9,0,-1,19,2,6,-1,0,0,0,0,0,0,3,1,-1,6,2,47,8,1246,1,16,HONDA JAZZ,3,E01006171,0,1
2024351400392,2024,351400392,4,9,0,-1,2,0,0,-1,0,0,0,0,0,0,3,9,-1,6,-1,-1,-1,1339,1,22,HONDA JAZZ,-1,-1,0,-1
2024122400815,2024,122400815,2,9,0,17,19,1,5,0,0,0,0,0,1,7,1,1,6,6,2,86,11,1318,1,8,HONDA JAZZ,10,E01025341,0,4
2024531502487,2024,531502487,1,9,0,-1,15,4,6,-1,0,0,0,0,1,0,3,1,-1,9,1,30,6,1339,1,16,HONDA JAZZ,8,E01022209,0,1
2024131554722,2024,131554722,1,9,0,-1,5,7,1,-1,0,6,0,0,0,0,1,1,-1,6,1,48,8,1339,1,20,HONDA JAZZ,2,E01011485,0,1
2024010500074,2024,010500074,2,9,0,99,99,9,9,99,99,9,9,99,9,99,9,9,6,6,3,-1,-1,1198,1,14,HONDA JAZZ,5,E01002785,0,1
2024451483724,2024,451483724,1,9,0,-1,9,1,5,-1,0,0,0,0,0,0,1,1,-1,9,2,75,10,1498,8,2,HONDA JAZZ,10,E01030417,0,2
2024501488186,2024,501488186,1,9,0,-1,19,1,5,-1,0,0,5,0,8,0,3,1,-1,9,1,19,4,1339,1,19,HONDA JAZZ,6,E01019945,0,2
2024101415750,2024,101415750,2,9,0,-1,19,7,3,-1,0,0,0,0,0,0,1,1,-1,6,1,64,9,1498,8,3,HONDA JAZZ,4,E01008306,0,2
2024471397164,2024,471397164,1,9,0,-1,19,6,2,-1,0,1,0,0,0,0,1,9,-1,6,2,70,10,1498,8,1,HONDA JAZZ,6,E01021032,0,3
2024231404272,2024,231404272,1,9,0,-1,4,1,5,-1,0,5,0,0,3,11,1,1,-1,6,2,77,11,1498,8,2,HONDA JAZZ,8,E01031192,0,1
2024991490226,2024,991490226,1,9,0,-1,19,8,4,-1,0,0,0,11,1,10,1,1,-1,6,1,52,8,1339,1,16,HONDA JAZZ,6,-1,0,2
2024101482197,2024,101482197,2,9,0,-1,7,5,8,-1,0,8,0,0,0,0,2,1,-1,9,1,50,8,1198,1,16,HONDA JAZZ,1,E01035618,0,1
2024010530020,2024,010530020,2,9,0,3,3,1,5,0,0,1,0,0,0,0,1,1,6,6,1,66,10,1339,1,13,HONDA JAZZ,3,E01034201,0,1
2024201431625,2024,201431625,2,9,0,-1,3,8,4,-1,0,1,0,0,0,0,2,1,-1,9,2,36,7,1246,1,17,HONDA JAZZ,1,E01009024,0,2
2024451434294,2024,451434294,1,9,0,-1,19,5,1,-1,-1,0,0,0,0,0,1,1,-1,9,2,39,7,1339,1,17,HONDA JAZZ,6,E01030957,0,1
2024010538083,2024,010538083,1,9,0,1,1,5,1,0,0,2,0,0,0,0,4,2,6,6,2,79,11,1498,8,3,HONDA JAZZ,8,E01004102,0,1
2024101527252,2024,101527252,1,9,0,-1,19,5,1,-1,0,1,0,0,0,0,1,1,-1,1,1,62,9,1339,1,14,HONDA JAZZ,2,E01008705,0,1
2024201452894,2024,201452894,1,9,0,-1,19,8,5,-1,0,0,1,10,7,3,1,9,-1,6,1,59,9,1339,1,10,HONDA JAZZ,2,E01010090,0,1
2024141531444,2024,141531444,1,9,0,-1,19,3,7,-1,0,1,0,0,0,0,1,1,-1,9,1,57,9,1339,1,10,HONDA JAZZ,9,E01007442,0,1
2024552401302,2024,552401302,1,9,0,18,19,2,6,0,0,0,0,0,0,0,1,1,6,6,1,57,9,1339,1,21,HONDA JAZZ,5,E01020353,0,1