collision_index,collision_year,collision_ref_no,vehicle_reference,vehicle_type,towing_and_articulation,vehicle_manoeuvre_historic,vehicle_manoeuvre,vehicle_direction_from,vehicle_direction_to,vehicle_location_restricted_lane_historic,vehicle_location_restricted_lane,junction_location,skidding_and_overturning,hit_object_in_carriageway,vehicle_leaving_carriageway,hit_object_off_carriageway,first_point_of_impact,vehicle_left_hand_drive,journey_purpose_of_driver_historic,journey_purpose_of_driver,sex_of_driver,age_of_driver,age_band_of_driver,engine_capacity_cc,propulsion_code,age_of_vehicle,generic_make_model,driver_imd_decile,lsoa_of_driver,escooter_flag,driver_distance_banding
2024010542186,2024,010542186,1,9,0,18,19,8,4,2,2,1,0,0,0,0,1,1,6,6,1,63,9,1998,8,9,MITSUBISHI OUTLANDER,5,E01000606,0,1
2024010497640,2024,010497640,2,9,0,18,19,5,1,0,0,1,0,0,0,0,1,1,1,1,1,45,7,2360,8,3,MITSUBISHI OUTLANDER,9,E01030605,0,3
2024031448636,2024,031448636,1,9,0,-1,19,2,6,-1,0,0,1,0,1,0,4,1,-1,6,1,47,8,2268,2,10,MITSUBISHI OUTLANDER,-1,-1,0,-1
2024421422411,2024,421422411,2,9,0,-1,4,7,3,-1,0,7,0,0,0,0,2,9,-1,6,1,39,7,1998,8,8,MITSUBISHI OUTLANDER,3,E01023573,0,4
2024501506258,2024,501506258,1,9,0,-1,19,6,2,-1,0,0,0,0,0,0,1,1,-1,9,2,34,6,2268,2,9,MITSUBISHI OUTLANDER,4,E01015265,0,1
2024211512815,2024,211512815,2,9,0,-1,19,1,6,-1,0,0,0,0,0,0,2,1,-1,6,1,62,9,2268,2,11,MITSUBISHI OUTLANDER,1,E01014361,0,2
2024501415367,2024,501415367,2,9,0,-1,9,5,2,-1,0,6,0,0,0,0,1,1,-1,9,2,41,7,2268,2,11,MITSUBISHI OUTLANDER,5,E01018768,0,3
2024010520313,2024,010520313,3,8,0,99,99,9,9,99,99,9,9,99,9,99,2,9,1,1,1,52,8,2360,8,6,MITSUBISHI OUTLANDER,8,E01033612,0,4
2024010542430,2024,010542430,1,9,0,1,1,1,6,0,0,1,0,4,0,0,2,1,1,1,2,44,7,1998,8,8,MITSUBISHI OUTLANDER,3,E01001856,0,2
2024010517647,2024,010517647,2,8,0,18,19,7,3,0,0,0,0,0,0,0,1,1,1,1,1,50,8,1998,8,6,MITSUBISHI OUTLANDER,-1,-1,0,-1
2024010497723,2024,010497723,2,9,0,99,99,9,9,99,99,9,9,99,9,99,1,9,6,6,3,-1,-1,2360,8,6,MITSUBISHI OUTLANDER,-1,-1,0,-1
2024131470050,2024,131470050,2,9,0,-1,5,1,1,-1,0,6,0,0,0,0,0,1,-1,6,1,39,7,1998,8,9,MITSUBISHI OUTLANDER,4,E01010656,0,1
2024471437628,2024,471437628,1,9,0,-1,5,2,5,-1,0,4,0,0,0,0,3,1,-1,9,2,51,8,2268,2,11,MITSUBISHI OUTLANDER,6,E01035331,0,1
2024010500999,2024,010500999,2,9,0,10,10,4,2,0,0,1,0,0,0,0,2,1,1,1,1,72,10,1998,8,7,MITSUBISHI OUTLANDER,6,E01001563,0,1
2024451408183,2024,451408183,1,9,0,-1,19,5,1,-1,0,1,0,0,0,0,1,1,-1,9,2,45,7,2268,2,8,MITSUBISHI OUTLANDER,9,E01030646,0,2
2024340NN0992,2024,340NN0992,1,9,0,-1,19,5,1,-1,0,2,0,0,0,0,1,1,-1,6,1,-1,-1,2360,8,5,MITSUBISHI OUTLANDER,-1,-1,0,-1
2024010522902,2024,010522902,1,9,0,2,2,0,0,6,6,0,0,0,0,0,3,1,6,6,3,-1,-1,1998,8,7,MITSUBISHI OUTLANDER,-1,-1,0,-1
2024991471450,2024,991471450,2,9,0,-1,19,4,8,-1,0,1,0,0,0,0,1,1,-1,9,2,44,7,2268,2,7,MITSUBISHI OUTLANDER,7,-1,0,2
2024201461070,2024,201461070,2,9,0,-1,5,1,7,-1,0,1,0,0,0,0,3,1,-1,6,1,40,7,1998,8,8,MITSUBISHI OUTLANDER,2,E01010128,0,3
2024061506400,2024,061506400,2,9,0,-1,19,1,6,-1,0,1,0,0,0,0,1,1,-1,6,1,48,8,1998,8,8,MITSUBISHI OUTLANDER,1,E01004830,0,2
2024101523911,2024,101523911,1,9,0,-1,19,1,5,-1,0,1,0,0,0,0,1,1,-1,9,2,41,7,2360,8,5,MITSUBISHI OUTLANDER,7,E01008691,0,1
2024010522465,2024,010522465,2,9,0,11,11,3,7,0,0,1,0,0,0,0,4,1,6,6,1,29,6,1998,8,10,MITSUBISHI OUTLANDER,6,E01001271,0,2
2024010508887,2024,010508887,1,9,0,99,99,9,9,99,99,9,9,99,9,99,1,1,6,6,3,-1,-1,1998,8,7,MITSUBISHI OUTLANDER,-1,-1,0,-1
2024401526242,2024,401526242,3,9,0,-1,4,5,1,-1,0,0,0,0,0,0,2,1,-1,6,1,47,8,2360,8,6,MITSUBISHI OUTLANDER,3,E01000735,0,4
2024161435600,2024,161435600,2,9,0,-1,19,7,3,-1,0,0,0,0,0,0,1,9,-1,6,1,-1,-1,1998,8,9,MITSUBISHI OUTLANDER,3,E01012936,0,4
2024010494586,2024,010494586,1,9,0,99,99,9,9,99,99,5,9,99,9,99,1,9,6,6,3,-1,-1,1998,8,8,MITSUBISHI OUTLANDER,-1,-1,0,-1
2024991436568,2024,991436568,1,9,0,-1,2,0,0,-1,0,0,0,0,0,0,3,1,-1,6,-1,-1,-1,2360,8,3,MITSUBISHI OUTLANDER,-1,-1,0,-1
2024471444204,2024,471444204,1,9,0,-1,19,7,3,-1,0,0,0,0,0,0,3,1,-1,9,1,76,11,2360,8,5,MITSUBISHI OUTLANDER,6,E01021104,0,1
2024010517638,2024,010517638,3,9,0,18,19,3,7,0,0,0,0,0,0,0,4,1,6,6,1,35,6,1998,8,7,MITSUBISHI OUTLANDER,4,E01004415,0,1
2024622400095,2024,622400095,2,9,0,10,10,4,2,0,0,1,0,0,1,0,1,1,6,6,1,45,7,2268,2,8,MITSUBISHI OUTLANDER,4,W01001149,0,1
2024010525965,2024,010525965,2,9,0,3,3,7,3,0,0,1,0,0,0,0,2,1,1,1,1,30,6,1998,8,6,MITSUBISHI OUTLANDER,3,E01004319,0,2
2024010518042,2024,010518042,1,9,0,18,19,1,5,0,0,8,0,0,0,0,0,1,6,6,1,43,7,2360,8,4,MITSUBISHI OUTLANDER,-1,-1,0,-1
2024131524036,2024,131524036,2,9,0,-1,19,5,1,-1,0,0,0,0,0,0,2,1,-1,9,1,24,5,2268,2,11,MITSUBISHI OUTLANDER,7,E01013075,0,4
2024010551289,2024,010551289,1,9,0,16,19,1,5,0,0,8,0,0,0,0,2,1,6,6,1,68,10,2360,8,3,MITSUBISHI OUTLANDER,9,E01030545,0,4
2024010547609,2024,010547609,1,9,0,99,99,9,9,99,99,9,9,99,9,99,9,1,6,6,3,55,8,2360,8,4,MITSUBISHI OUTLANDER,8,E01002579,0,1
2024351434420,2024,351434420,2,9,0,-1,10,3,7,-1,0,0,0,0,0,0,2,9,-1,2,1,35,6,1998,8,7,MITSUBISHI OUTLANDER,6,E01018297,0,2
2024010548239,2024,010548239,2,9,9,99,99,9,9,99,99,9,9,99,9,99,9,9,6,6,3,-1,-1,1998,8,8,MITSUBISHI OUTLANDER,-1,-1,0,-1
2024340WN5902,2024,340WN5902,1,9,0,-1,9,7,5,-1,0,6,0,0,0,0,1,1,-1,9,2,53,8,1998,8,9,MITSUBISHI OUTLANDER,8,E01027160,0,1
2024471437982,2024,471437982,1,9,0,-1,10,8,6,-1,0,5,0,0,0,0,2,2,-1,9,2,53,8,1998,8,9,MITSUBISHI OUTLANDER,8,E01031726,0,4
2024010527289,2024,010527289,1,9,0,7,7,7,1,0,0,8,0,4,0,0,1,1,6,6,1,24,5,1998,8,7,MITSUBISHI OUTLANDER,-1,-1,0,-1
2024010529133,2024,010529133,2,9,0,5,5,3,7,0,0,8,0,0,0,0,4,1,6,6,1,43,7,1998,8,9,MITSUBISHI OUTLANDER,5,E01004522,0,2
2024052400155,2024,052400155,2,9,0,18,19,7,3,0,0,1,0,0,1,0,1,1,2,2,1,49,8,1968,2,16,MITSUBISHI OUTLANDER,5,E01007159,0,1
2024991521583,2024,991521583,2,9,0,-1,5,8,4,-1,0,0,0,0,0,0,1,1,-1,2,1,52,8,2268,2,5,MITSUBISHI OUTLANDER,6,-1,0,2
2024122400554,2024,122400554,2,9,0,2,2,0,0,0,0,0,0,0,0,0,1,1,6,6,3,-1,-1,1998,8,7,MITSUBISHI OUTLANDER,-1,-1,0,-1
2024010505895,2024,010505895,1,9,0,7,7,1,4,0,0,1,0,0,0,0,1,1,6,6,1,25,5,2360,8,5,MITSUBISHI OUTLANDER,7,E01000273,0,3
2024501501983,2024,501501983,2,9,0,-1,2,0,0,-1,0,2,0,4,0,0,4,1,-1,6,1,45,7,1998,8,8,MITSUBISHI OUTLANDER,6,E01015201,0,1
2024010522615,2024,010522615,1,8,0,99,99,9,9,99,99,9,9,99,9,99,9,9,1,1,1,42,7,1998,8,6,MITSUBISHI OUTLANDER,6,E01003787,0,1
2024010546662,2024,010546662,2,9,0,18,19,5,1,0,0,0,0,0,0,0,1,1,6,6,3,-1,-1,1998,8,7,MITSUBISHI OUTLANDER,-1,-1,0,-1
2024010545240,2024,010545240,1,9,0,17,19,5,1,0,0,1,0,0,0,0,1,1,6,6,3,-1,-1,2378,1,19,MITSUBISHI OUTLANDER,-1,-1,0,-1
2024010523749,2024,010523749,1,9,0,6,6,5,5,1,1,1,0,0,0,0,4,1,6,6,1,49,8,1998,8,6,MITSUBISHI OUTLANDER,4,E01003133,0,1
2024421452834,2024,421452834,2,8,0,-1,19,8,4,-1,0,0,0,0,0,0,4,9,-1,1,1,31,6,1998,8,8,MITSUBISHI OUTLANDER,5,E01033787,0,4
2024041532482,2024,041532482,2,9,0,-1,10,5,3,-1,0,1,0,0,0,0,3,1,-1,9,2,44,7,1998,8,9,MITSUBISHI OUTLANDER,2,E01025284,0,1
2024010503576,2024,010503576,1,8,9,99,99,9,9,99,99,9,9,99,9,99,9,9,6,6,3,-1,-1,1998,8,7,MITSUBISHI OUTLANDER,-1,-1,0,-1
2024010545981,2024,010545981,1,9,0,18,19,5,1,0,0,8,0,4,0,0,1,1,6,6,1,23,5,2360,8,5,MITSUBISHI OUTLANDER,-1,-1,0,-1
2024010504048,2024,010504048,1,9,0,9,9,3,1,0,0,6,0,0,0,0,3,1,6,6,1,45,7,1998,8,9,MITSUBISHI OUTLANDER,8,E01004111,0,2
2024440425388,2024,440425388,1,9,0,18,19,6,4,0,0,2,0,0,0,0,1,1,2,2,1,44,7,1998,8,10,MITSUBISHI OUTLANDER,4,E01017162,0,1
2024332400811,2024,332400811,1,9,0,-1,19,4,8,-1,0,8,0,0,0,0,4,1,-1,6,1,-1,-1,2360,8,6,MITSUBISHI OUTLANDER,-1,-1,0,-1
2024010517854,2024,010517854,1,9,9,99,99,9,9,99,99,9,9,99,9,99,9,9,6,6,1,57,9,1998,1,4,MITSUBISHI OUTLANDER,5,E01002660,0,2
2024351457238,2024,351457238,2,9,0,-1,4,6,2,-1,0,1,0,0,0,0,2,1,-1,6,1,60,9,2268,2,13,MITSUBISHI OUTLANDER,10,E01014937,0,5
2024010514222,2024,010514222,1,9,0,2,2,0,0,0,0,1,0,8,0,0,3,1,6,6,3,-1,-1,2360,8,4,MITSUBISHI OUTLANDER,-1,-1,0,-1
2024501532586,2024,501532586,1,9,0,-1,3,1,5,-1,0,0,5,0,1,11,4,1,-1,9,1,49,8,2268,2,6,MITSUBISHI OUTLANDER,5,E01020002,0,1
2024541056824,2024,541056824,3,9,0,7,7,1,3,0,0,6,0,0,0,0,2,1,2,2,2,54,8,2268,2,10,MITSUBISHI OUTLANDER,10,E01032080,0,1
2024010525631,2024,010525631,2,9,0,99,99,9,9,99,99,9,9,99,9,99,0,9,6,6,3,-1,-1,2268,2,8,MITSUBISHI OUTLANDER,2,E01000063,0,1
2024010544391,2024,010544391,2,9,0,99,99,9,9,99,99,9,9,99,9,99,1,9,6,6,3,-1,-1,1998,8,8,MITSUBISHI OUTLANDER,-1,-1,0,-1
202454D408724,2024,54D408724,2,9,0,4,4,6,2,0,0,1,0,0,0,0,2,1,6,6,2,57,9,1998,8,7,MITSUBISHI OUTLANDER,9,E01031858,0,3
2024010510313,2024,010510313,1,9,0,7,7,7,1,0,0,1,0,0,0,0,3,1,3,7,2,47,8,1998,8,6,MITSUBISHI OUTLANDER,6,E01001597,0,1
2024141444315,2024,141444315,1,9,0,-1,19,4,8,-1,9,0,0,0,1,10,1,1,-1,9,2,82,11,2360,8,6,MITSUBISHI OUTLANDER,8,E01007918,0,1
2024461513241,2024,461513241,1,9,0,-1,19,7,6,-1,0,0,0,0,0,0,1,1,-1,6,1,68,10,2360,8,3,MITSUBISHI OUTLANDER,8,E01024261,0,2
2024010540227,2024,010540227,3,9,0,18,19,1,5,0,0,0,0,0,0,0,2,1,6,6,1,48,8,1998,8,7,MITSUBISHI OUTLANDER,6,E01002319,0,1
2024471440508,2024,471440508,2,9,0,-1,9,8,6,-1,0,0,0,0,0,0,3,1,-1,9,1,62,9,2268,2,13,MITSUBISHI OUTLANDER,5,E01034300,0,2
2024471481497,2024,471481497,1,9,0,-1,19,5,1,-1,0,0,0,0,0,0,1,1,-1,1,2,25,5,1998,8,8,MITSUBISHI OUTLANDER,10,E01030627,0,3
2024010506185,2024,010506185,1,9,0,99,99,9,9,99,99,0,9,99,9,99,2,9,6,6,1,44,7,1998,8,6,MITSUBISHI OUTLANDER,3,E01000041,0,1
2024010532418,2024,010532418,1,9,0,99,99,9,9,99,99,9,9,99,9,99,9,9,6,6,2,41,7,1998,8,10,MITSUBISHI OUTLANDER,3,E01033150,0,1
2024010491080,2024,010491080,1,8,0,99,99,9,9,99,99,9,9,99,9,99,1,9,6,6,3,51,8,1998,8,8,MITSUBISHI OUTLANDER,4,E01000944,0,1
2024010526650,2024,010526650,1,9,0,99,99,9,9,99,99,9,9,99,9,99,2,9,6,6,2,35,6,1998,1,5,MITSUBISHI OUTLANDER,6,E01003771,0,1
2024141439250,2024,141439250,2,9,0,-1,13,3,7,-1,0,0,0,0,0,0,1,1,-1,6,1,36,7,1968,2,17,MITSUBISHI OUTLANDER,2,E01007391,0,1
2024010499710,2024,010499710,2,9,0,99,99,9,9,99,99,9,9,99,9,99,9,9,6,6,1,46,8,2360,8,4,MITSUBISHI OUTLANDER,4,E01004536,0,2
2024041474692,2024,041474692,2,9,0,-1,19,7,3,-1,0,1,0,0,0,0,4,1,-1,2,1,39,7,1998,1,5,MITSUBISHI OUTLANDER,1,E01012735,0,1
2024010551630,2024,010551630,2,9,0,18,19,1,5,0,0,2,0,0,0,0,2,1,6,6,1,27,6,1998,8,10,MITSUBISHI OUTLANDER,5,E01003142,0,1
2024522401522,2024,522401522,2,9,0,18,19,1,5,0,0,0,1,0,0,0,1,1,6,6,2,24,5,1998,8,8,MITSUBISHI OUTLANDER,6,E01014986,0,1
2024010507658,2024,010507658,1,9,0,12,12,4,8,0,0,3,0,0,0,0,3,1,6,6,1,66,10,1998,8,8,MITSUBISHI OUTLANDER,3,E01004189,0,1
2024522401450,2024,522401450,1,9,0,4,4,2,6,0,0,0,0,0,0,0,2,1,6,6,2,38,7,2268,2,11,MITSUBISHI OUTLANDER,7,E01022345,0,4
2024010542994,2024,010542994,1,8,0,99,99,9,9,99,99,0,9,99,9,99,2,9,1,1,1,46,8,1998,8,8,MITSUBISHI OUTLANDER,4,E01003767,0,2
2024531453562,2024,531453562,2,9,0,-1,19,2,6,-1,0,3,0,0,0,0,4,1,-1,9,1,60,9,1968,2,17,MITSUBISHI OUTLANDER,5,E01022270,0,4
2024520401560,2024,520401560,1,9,0,18,19,1,5,0,0,0,0,0,0,0,1,1,6,6,1,67,10,2360,8,5,MITSUBISHI OUTLANDER,10,E01031927,0,4
2024131455528,2024,131455528,2,9,0,-1,2,0,0,-1,9,0,0,4,0,0,4,1,-1,6,-1,-1,-1,1998,8,10,MITSUBISHI OUTLANDER,-1,-1,0,-1
2024451477134,2024,451477134,2,9,0,-1,11,5,1,-1,0,0,0,0,0,0,1,1,-1,9,1,42,7,1998,8,8,MITSUBISHI OUTLANDER,6,E01031557,0,3
2024421500999,2024,421500999,2,9,0,-1,-1,-1,-1,-1,-1,0,-1,-1,-1,0,-1,9,-1,6,2,46,8,1998,1,5,MITSUBISHI OUTLANDER,7,E01023492,0,1
2024010506578,2024,010506578,2,9,0,2,2,0,0,0,0,1,0,0,0,0,2,1,6,6,3,-1,-1,1998,8,6,MITSUBISHI OUTLANDER,-1,-1,0,-1
2024451517570,2024,451517570,2,9,0,-1,5,1,5,-1,0,8,0,0,0,0,1,1,-1,9,2,54,8,1998,8,9,MITSUBISHI OUTLANDER,10,E01030863,0,1
2024010521381,2024,010521381,3,9,0,18,19,7,3,0,0,1,0,4,0,0,1,1,6,6,1,72,10,2360,1,16,MITSUBISHI OUTLANDER,4,E01001636,0,1
2024010537161,2024,010537161,2,9,0,99,99,9,9,99,99,6,9,99,9,99,9,9,6,6,3,-1,-1,1998,8,8,MITSUBISHI OUTLANDER,-1,-1,0,-1
2024440167846,2024,440167846,1,9,0,1,1,7,3,0,0,1,0,0,0,0,2,1,6,6,1,-1,-1,1998,8,7,MITSUBISHI OUTLANDER,-1,-1,0,-1
2024421488999,2024,421488999,1,9,0,-1,9,1,7,-1,0,1,0,0,0,0,3,1,-1,6,1,44,7,1998,1,4,MITSUBISHI OUTLANDER,2,E01015897,0,1
2024501484111,2024,501484111,2,9,0,-1,19,1,5,-1,0,0,0,0,0,0,1,1,-1,6,1,55,8,2268,2,9,MITSUBISHI OUTLANDER,6,E01013007,0,5
2024111400426,2024,111400426,2,9,0,-1,19,1,5,-1,0,0,0,0,0,0,2,1,-1,9,2,46,8,1998,8,10,MITSUBISHI OUTLANDER,4,E01020826,0,1
2024451437695,2024,451437695,2,9,0,-1,2,0,0,-1,0,0,0,0,0,0,2,1,-1,6,-1,-1,-1,2268,2,9,MITSUBISHI OUTLANDER,-1,-1,0,-1
2024010505078,2024,010505078,2,9,0,11,11,6,2,0,0,1,0,0,0,0,1,1,6,6,3,-1,-1,1998,8,9,MITSUBISHI OUTLANDER,-1,-1,0,-1
2024411521000,2024,411521000,1,9,0,-1,9,3,5,-1,0,6,0,0,0,0,3,1,-1,6,1,39,7,1998,8,9,MITSUBISHI OUTLANDER,3,E01000016,0,4
2024131483666,2024,131483666,3,9,0,-1,19,5,1,-1,0,1,0,0,0,0,1,1,-1,6,2,47,8,1998,8,9,MITSUBISHI OUTLANDER,4,E01010633,0,1
2024010543021,2024,010543021,1,9,0,99,99,9,9,99,99,0,9,99,9,99,2,9,6,6,1,28,6,1998,8,9,MITSUBISHI OUTLANDER,3,E01004189,0,1
2024010550751,2024,010550751,1,9,0,-1,-1,5,1,0,0,1,0,0,0,0,1,1,6,6,1,44,7,2360,8,3,MITSUBISHI OUTLANDER,3,E01021764,0,4
2024440118878,2024,440118878,1,9,0,4,4,1,5,0,0,1,0,0,0,0,2,1,2,2,1,58,9,1968,2,15,MITSUBISHI OUTLANDER,2,E01017253,0,1
2024010551371,2024,010551371,2,9,9,18,19,5,1,99,99,9,9,0,9,0,1,9,6,6,1,52,8,1998,8,7,MITSUBISHI OUTLANDER,3,E01000331,0,4
2024010523040,2024,010523040,3,9,0,4,4,7,3,0,0,0,0,1,0,0,1,1,1,1,1,28,6,2360,8,4,MITSUBISHI OUTLANDER,4,E01001898,0,1
2024010511752,2024,010511752,2,9,0,99,99,9,9,99,99,9,9,99,9,99,9,9,6,6,3,-1,-1,1998,8,6,MITSUBISHI OUTLANDER,-1,-1,0,-1
2024010536265,2024,010536265,2,9,0,5,5,7,3,0,0,1,0,0,0,0,4,1,1,1,1,37,7,1998,8,8,MITSUBISHI OUTLANDER,3,E01002697,0,2
2024141489785,2024,141489785,1,9,0,-1,9,6,4,-1,0,6,0,0,0,0,1,1,-1,9,2,27,6,2268,2,9,MITSUBISHI OUTLANDER,2,E01007789,0,1
2024010543112,2024,010543112,2,8,0,18,19,3,7,0,0,0,0,0,0,0,1,2,1,1,1,49,8,2360,8,3,MITSUBISHI OUTLANDER,4,E01003603,0,1
2024991443819,2024,991443819,2,9,0,-1,19,6,2,-1,0,1,0,0,0,0,4,1,-1,6,1,47,8,2360,8,6,MITSUBISHI OUTLANDER,10,-1,0,3
2024010533200,2024,010533200,2,9,0,4,4,1,5,0,0,8,0,0,0,0,2,2,2,2,1,50,8,1998,8,8,MITSUBISHI OUTLANDER,-1,-1,0,-1
2024101422440,2024,101422440,2,9,0,-1,2,5,1,-1,0,0,0,0,0,0,1,1,-1,6,1,27,6,1968,2,14,MITSUBISHI OUTLANDER,1,E01008223,0,1
202460Q069158,2024,60Q069158,2,9,0,17,19,3,6,0,0,0,0,0,0,0,1,1,6,6,1,54,8,2268,2,11,MITSUBISHI OUTLANDER,-1,-1,0,-1
2024010538736,2024,010538736,2,9,9,99,99,9,9,99,99,9,9,99,9,99,9,9,6,6,3,-1,-1,1998,8,8,MITSUBISHI OUTLANDER,-1,-1,0,-1
2024010502748,2024,010502748,1,9,0,18,19,9,9,99,99,0,9,99,9,99,4,9,6,6,1,26,6,1998,1,4,MITSUBISHI OUTLANDER,7,E01000657,0,2
2024010535662,2024,010535662,1,9,0,9,9,7,4,0,0,1,0,0,0,0,1,1,6,6,1,34,6,2360,8,5,MITSUBISHI OUTLANDER,-1,-1,0,-1
2024041408502,2024,041408502,2,9,0,-1,19,5,1,-1,0,0,0,0,0,0,1,1,-1,6,2,53,8,1998,8,9,MITSUBISHI OUTLANDER,6,-1,0,5
2024430594256,2024,430594256,2,9,0,18,19,1,5,0,0,0,0,0,0,0,1,1,6,6,3,-1,-1,2360,8,6,MITSUBISHI OUTLANDER,-1,-1,0,-1
2024401461226,2024,401461226,3,9,0,-1,2,0,0,-1,0,0,0,0,0,0,2,1,-1,6,-1,-1,-1,1998,8,10,MITSUBISHI OUTLANDER,-1,-1,0,-1
2024010529301,2024,010529301,2,9,0,99,99,9,9,99,99,9,9,99,9,99,9,9,6,6,3,-1,-1,1998,8,7,MITSUBISHI OUTLANDER,-1,-1,0,-1
2024010525631,2024,010525631,1,9,0,99,99,9,9,99,99,9,9,99,9,99,9,9,6,6,2,53,8,1998,1,5,MITSUBISHI OUTLANDER,5,E01002330,0,1
2024010546667,2024,010546667,2,8,0,99,99,9,9,99,99,9,9,99,9,99,1,9,6,6,3,42,7,1998,8,9,MITSUBISHI OUTLANDER,9,E01003777,0,3
2024421470242,2024,421470242,1,9,0,-1,9,1,5,-1,0,8,0,0,0,0,1,1,-1,9,1,41,7,1998,8,6,MITSUBISHI OUTLANDER,3,E01021864,0,2
2024141536027,2024,141536027,1,9,0,-1,7,1,3,-1,0,1,0,0,0,0,1,1,-1,9,1,85,11,1998,8,7,MITSUBISHI OUTLANDER,3,E01034752,0,5
2024461411569,2024,461411569,1,9,0,-1,11,4,8,-1,0,0,0,0,0,0,2,9,-1,6,1,79,11,2360,8,5,MITSUBISHI OUTLANDER,8,E01014423,0,5
2024991434396,2024,991434396,1,9,0,-1,19,1,5,-1,0,0,0,0,0,0,2,1,-1,9,2,36,7,1998,1,5,MITSUBISHI OUTLANDER,5,-1,0,4
2024461400530,2024,461400530,1,9,0,-1,19,3,7,-1,0,0,0,0,0,0,1,1,-1,9,1,85,11,2360,8,5,MITSUBISHI OUTLANDER,8,E01024063,0,2
2024451519191,2024,451519191,1,9,0,-1,5,1,5,-1,-1,0,0,0,0,0,3,9,-1,2,1,36,7,2268,2,12,MITSUBISHI OUTLANDER,8,E01030951,0,2
2024131418136,2024,131418136,2,9,0,-1,7,1,3,-1,0,6,0,0,0,0,1,1,-1,6,2,38,7,1998,8,8,MITSUBISHI OUTLANDER,4,E01010978,0,2
2024041496486,2024,041496486,1,9,0,-1,19,5,1,-1,0,8,0,0,0,0,1,1,-1,9,1,51,8,2268,2,11,MITSUBISHI OUTLANDER,5,E01012635,0,1
2024010498020,2024,010498020,1,8,0,99,99,9,9,99,99,0,9,99,9,99,2,1,6,6,3,-1,-1,1998,8,10,MITSUBISHI OUTLANDER,-1,-1,0,-1
2024010500285,2024,010500285,1,9,0,7,7,3,5,0,0,8,0,0,0,0,4,1,6,6,1,53,8,1998,8,8,MITSUBISHI OUTLANDER,1,E01033873,0,1
2024421452330,2024,421452330,2,9,0,-1,9,7,3,-1,0,5,0,0,0,0,3,1,-1,9,1,53,8,1998,8,9,MITSUBISHI OUTLANDER,6,E01021491,0,1
2024201481071,2024,201481071,1,9,0,-1,7,8,1,-1,0,6,0,0,0,0,1,1,-1,6,1,-1,-1,1998,1,5,MITSUBISHI OUTLANDER,3,E01004400,0,5
2024010514970,2024,010514970,2,8,0,18,19,5,1,0,0,0,0,0,0,0,1,1,6,6,1,44,7,2360,8,5,MITSUBISHI OUTLANDER,2,E01001437,0,1
2024161502338,2024,161502338,3,9,0,-1,4,2,6,-1,0,0,0,0,0,0,2,1,-1,9,2,41,7,1998,8,10,MITSUBISHI OUTLANDER,9,E01012988,0,1
2024201521375,2024,201521375,1,9,0,-1,19,1,5,-1,0,1,0,0,0,0,1,1,-1,9,1,47,8,1998,8,9,MITSUBISHI OUTLANDER,2,E01009263,0,1
2024010509951,2024,010509951,1,9,0,99,99,9,9,99,99,9,9,99,9,99,1,9,6,6,2,36,7,1998,1,6,MITSUBISHI OUTLANDER,4,E01001183,0,1
2024451412100,2024,451412100,2,9,0,-1,19,2,4,-1,0,4,0,0,0,0,1,1,-1,9,2,43,7,1998,8,8,MITSUBISHI OUTLANDER,2,E01034293,0,1
2024010548822,2024,010548822,1,9,0,18,19,7,3,0,0,1,0,11,0,0,1,1,1,1,1,46,8,1998,8,7,MITSUBISHI OUTLANDER,8,E01001919,0,1
2024010545504,2024,010545504,2,9,0,99,99,9,9,99,99,9,9,99,9,99,1,9,6,6,3,-1,-1,2360,8,5,MITSUBISHI OUTLANDER,-1,-1,0,-1
2024010511577,2024,010511577,1,9,0,10,10,7,5,0,0,6,0,0,0,0,4,1,1,1,1,50,8,1998,8,8,MITSUBISHI OUTLANDER,4,E01003769,0,1
2024122401237,2024,122401237,2,9,0,5,5,1,5,0,0,1,0,0,0,0,1,1,2,2,2,55,8,2268,2,9,MITSUBISHI OUTLANDER,7,E01027888,0,2
2024531509929,2024,531509929,1,9,0,-1,5,3,7,-1,0,6,0,0,0,0,1,1,-1,9,2,42,7,2360,8,3,MITSUBISHI OUTLANDER,9,E01022453,0,3
2024211525425,2024,211525425,1,9,0,-1,2,1,5,-1,0,0,0,0,0,0,3,1,-1,6,2,39,7,2268,2,8,MITSUBISHI OUTLANDER,4,E01029552,0,2
2024010542303,2024,010542303,2,9,0,9,9,4,2,0,0,6,0,0,7,0,3,1,6,6,1,53,8,1998,8,8,MITSUBISHI OUTLANDER,6,E01002984,0,1
2024070651709,2024,070651709,1,9,0,18,19,5,1,0,0,1,0,0,0,0,1,1,6,6,1,-1,-1,1998,8,8,MITSUBISHI OUTLANDER,-1,-1,0,-1
2024451498658,2024,451498658,6,9,0,-1,19,5,1,-1,0,0,0,0,0,0,2,1,-1,6,1,52,8,1998,8,9,MITSUBISHI OUTLANDER,7,E01026392,0,5
2024131447914,2024,131447914,1,9,0,-1,8,4,8,-1,0,0,0,0,1,0,3,1,-1,9,2,32,6,2179,2,14,MITSUBISHI OUTLANDER,6,E01011500,0,1