collision_index,collision_year,collision_ref_no,vehicle_reference,vehicle_type,towing_and_articulation,vehicle_manoeuvre_historic,vehicle_manoeuvre,vehicle_direction_from,vehicle_direction_to,vehicle_location_restricted_lane_historic,vehicle_location_restricted_lane,junction_location,skidding_and_overturning,hit_object_in_carriageway,vehicle_leaving_carriageway,hit_object_off_carriageway,first_point_of_impact,vehicle_left_hand_drive,journey_purpose_of_driver_historic,journey_purpose_of_driver,sex_of_driver,age_of_driver,age_band_of_driver,engine_capacity_cc,propulsion_code,age_of_vehicle,generic_make_model,driver_imd_decile,lsoa_of_driver,escooter_flag,driver_distance_banding
2024501452661,2024,501452661,2,9,0,-1,19,7,3,-1,0,0,0,0,0,0,2,1,-1,9,2,46,8,1968,2,19,AUDI A3,3,E01018893,0,3
2024461528490,2024,461528490,2,9,0,-1,19,5,1,-1,0,0,0,0,0,0,3,1,-1,6,1,18,4,1595,1,15,AUDI A3,5,E01024243,0,1
2024131441634,2024,131441634,1,9,0,-1,19,1,1,-1,0,8,0,0,0,0,3,1,-1,6,1,35,6,1968,2,13,AUDI A3,2,E01010796,0,1
2024421467259,2024,421467259,1,9,0,-1,1,1,8,-1,0,0,0,0,0,0,2,1,-1,9,2,64,9,1968,2,7,AUDI A3,6,E01023462,0,3
2024010504748,2024,010504748,1,9,0,18,19,7,3,1,1,4,0,11,0,0,1,1,2,2,1,31,6,1984,1,20,AUDI A3,4,E01004628,0,1
2024440387486,2024,440387486,1,9,0,18,19,4,8,0,0,0,0,0,0,0,3,1,6,6,1,18,4,1595,1,15,AUDI A3,10,E01023231,0,1
2024131503064,2024,131503064,1,9,0,-1,-1,-1,-1,-1,-1,8,-1,-1,-1,0,-1,1,-1,6,3,-1,-1,1968,2,9,AUDI A3,-1,-1,0,-1
2024101478223,2024,101478223,1,9,0,-1,19,6,2,-1,0,1,0,0,0,0,1,1,-1,6,2,51,8,1968,2,12,AUDI A3,-1,-1,0,-1
2024991475849,2024,991475849,2,9,0,-1,2,0,0,-1,0,1,0,0,0,0,3,1,-1,6,-1,-1,-1,1498,1,3,AUDI A3,-1,-1,0,-1
2024201530484,2024,201530484,2,9,0,-1,19,1,5,-1,0,0,1,0,0,0,2,1,-1,9,2,23,5,1595,1,16,AUDI A3,1,E01009338,0,2
2024610036724,2024,610036724,1,9,0,18,19,-1,-1,0,0,2,5,0,0,0,1,1,6,6,1,53,8,1968,2,16,AUDI A3,2,W01001334,0,2
2024131424030,2024,131424030,2,9,0,-1,2,0,0,-1,0,0,0,0,0,0,2,1,-1,6,-1,-1,-1,1598,2,12,AUDI A3,-1,-1,0,-1
2024031415068,2024,031415068,1,9,0,-1,19,7,3,-1,0,0,0,0,0,0,1,1,-1,1,1,23,5,1968,2,20,AUDI A3,-1,-1,0,-1
2024061419474,2024,061419474,1,9,0,-1,4,2,6,-1,0,0,0,0,0,0,1,9,-1,6,2,22,5,1197,1,12,AUDI A3,1,E01004811,0,2
2024131501855,2024,131501855,1,9,0,-1,9,5,3,-1,0,8,0,0,0,0,1,1,-1,6,1,31,6,1968,2,13,AUDI A3,5,E01010668,0,1
2024111437160,2024,111437160,1,9,0,-1,4,7,3,-1,0,0,1,0,1,11,1,1,-1,6,1,48,8,1968,2,10,AUDI A3,3,E01020621,0,2
2024010532861,2024,010532861,1,9,0,9,9,4,2,0,0,1,0,0,0,0,3,1,6,6,2,77,11,1390,1,16,AUDI A3,-1,-1,0,-1
2024421520679,2024,421520679,1,9,0,-1,19,2,6,-1,0,0,0,0,0,0,1,1,-1,2,1,29,6,999,1,8,AUDI A3,4,E01001478,0,3
2024440444072,2024,440444072,2,9,0,18,19,6,2,0,0,0,0,0,0,0,1,1,6,6,1,48,8,1395,8,1,AUDI A3,9,E01032859,0,3
2024371461346,2024,371461346,1,9,0,-1,19,1,5,-1,0,0,0,0,0,0,3,1,-1,2,1,29,6,1968,2,17,AUDI A3,-1,-1,0,-1
2024141467654,2024,141467654,2,9,0,-1,19,7,3,-1,0,1,0,0,0,0,3,1,-1,9,1,31,6,1896,2,15,AUDI A3,4,E01008150,0,1
2024141426873,2024,141426873,2,9,0,-1,19,8,4,-1,0,0,0,0,0,0,1,1,-1,6,1,27,6,1968,2,16,AUDI A3,1,E01008119,0,1
2024531420558,2024,531420558,1,9,0,-1,5,8,4,-1,0,4,0,0,0,0,1,1,-1,6,1,22,5,1968,2,15,AUDI A3,2,E01022322,0,1
2024340WN6962,2024,340WN6962,2,9,0,-1,19,5,1,-1,0,0,0,0,0,0,3,1,-1,6,1,18,4,1598,2,9,AUDI A3,3,E01027227,0,1
2024371489342,2024,371489342,1,9,0,-1,19,1,4,-1,0,0,0,0,0,0,1,1,-1,6,1,18,4,1395,1,10,AUDI A3,6,E01018049,0,3
2024991425642,2024,991425642,1,9,0,-1,19,3,7,-1,0,0,1,0,4,6,3,1,-1,2,1,18,4,999,1,4,AUDI A3,9,-1,0,5
2024201456030,2024,201456030,1,9,0,-1,19,8,4,-1,0,2,0,10,1,0,1,9,-1,6,1,34,6,999,1,1,AUDI A3,5,E01008925,0,2
2024631474435,2024,631474435,2,9,0,-1,19,7,3,-1,0,8,0,0,0,0,4,1,-1,9,1,21,5,1968,2,6,AUDI A3,4,W01000535,0,2
2024501491492,2024,501491492,1,9,0,-1,19,6,2,-1,0,0,0,0,0,0,1,1,-1,6,1,48,8,1984,1,20,AUDI A3,5,E01019031,0,3
2024131450316,2024,131450316,2,9,0,-1,19,3,7,-1,0,0,0,0,0,0,2,1,-1,6,2,40,7,1968,2,16,AUDI A3,5,E01010754,0,2
2024010542370,2024,010542370,1,9,0,18,19,1,5,0,0,1,0,0,0,0,1,1,6,6,2,22,5,999,1,5,AUDI A3,2,E01001559,0,1
2024041509285,2024,041509285,1,9,0,-1,5,4,3,-1,9,3,0,0,0,0,1,1,-1,6,-1,-1,-1,1968,2,9,AUDI A3,-1,-1,0,-1
2024461494280,2024,461494280,1,9,0,-1,9,5,2,-1,0,1,0,0,0,0,4,1,-1,6,2,36,7,1968,2,10,AUDI A3,7,E01024691,0,1
2024430494094,2024,430494094,2,9,0,18,19,2,6,0,0,8,0,0,0,0,1,1,2,2,1,35,6,1968,2,4,AUDI A3,2,E01028435,0,4
2024041527231,2024,041527231,3,9,0,-1,19,7,3,-1,0,8,0,0,0,0,1,1,-1,6,1,24,5,1498,1,3,AUDI A3,1,E01024886,0,4
2024061470133,2024,061470133,2,9,0,-1,19,7,3,-1,0,2,0,0,0,0,2,1,-1,9,2,36,7,1598,2,8,AUDI A3,3,E01005374,0,2
2024351427077,2024,351427077,2,9,-1,-1,-1,-1,-1,-1,-1,-1,-1,-1,-1,0,-1,9,-1,7,2,25,5,1598,2,6,AUDI A3,7,E01018085,0,2
2024631438148,2024,631438148,3,9,0,-1,19,7,3,-1,0,0,0,0,0,0,1,1,-1,9,2,78,11,1968,2,12,AUDI A3,6,W01000674,0,3
2024549445424,2024,549445424,3,9,0,10,10,2,6,0,0,1,0,0,0,0,2,1,6,6,2,51,8,1598,2,10,AUDI A3,7,E01031850,0,1
2024061437683,2024,061437683,2,9,0,-1,2,0,0,-1,0,0,0,0,0,0,4,1,-1,6,-1,-1,-1,1598,2,10,AUDI A3,-1,-1,0,-1
2024010545103,2024,010545103,1,9,3,18,19,8,4,0,0,1,0,7,0,0,1,1,6,6,1,28,6,1395,1,10,AUDI A3,2,E01001130,0,3
2024041484314,2024,041484314,4,9,0,-1,19,6,8,-1,0,0,0,0,0,0,4,1,-1,9,2,64,9,1968,2,12,AUDI A3,3,E01012632,0,1
2024010523411,2024,010523411,1,9,0,9,9,3,1,0,0,1,0,0,0,0,1,1,6,6,1,27,6,999,1,1,AUDI A3,2,E01003184,0,2
2024131491369,2024,131491369,1,9,0,-1,9,3,5,-1,0,8,0,0,0,0,1,1,-1,9,2,25,5,1598,2,9,AUDI A3,7,E01011637,0,1
2024471422200,2024,471422200,1,9,0,-1,9,2,8,-1,0,6,1,0,0,0,3,1,-1,9,2,65,9,1968,2,17,AUDI A3,6,E01021148,0,3
2024010536323,2024,010536323,2,9,0,7,7,3,6,0,0,5,0,0,0,0,4,1,6,6,3,-1,-1,1598,2,8,AUDI A3,-1,-1,0,-1
2024061493268,2024,061493268,2,9,0,-1,3,2,5,-1,0,0,0,0,0,0,2,1,-1,6,1,52,8,1598,2,9,AUDI A3,1,E01005093,0,1
2024320587980,2024,320587980,1,9,0,9,9,7,5,0,0,5,0,0,0,0,1,1,-1,-1,2,52,8,1595,1,17,AUDI A3,-1,-1,0,-1
2024552401139,2024,552401139,1,9,0,18,19,2,6,0,0,0,0,0,0,0,1,1,6,6,1,44,7,1968,2,14,AUDI A3,-1,-1,0,-1
2024010536248,2024,010536248,2,9,0,5,5,3,7,0,0,2,0,0,0,0,4,1,6,6,1,35,6,1498,1,0,AUDI A3,10,E01023483,0,4
2024320378212,2024,320378212,3,9,0,4,4,6,2,0,0,0,0,0,0,0,2,1,-1,-1,2,44,7,1968,2,10,AUDI A3,8,E01026368,0,1
2024430368756,2024,430368756,2,9,0,18,19,3,7,0,0,8,0,0,0,0,1,1,6,6,2,88,11,1798,1,14,AUDI A3,-1,-1,0,-1
2024622400347,2024,622400347,2,9,0,18,19,2,6,0,0,1,0,0,0,0,1,1,6,6,1,35,6,1968,2,14,AUDI A3,1,W01000934,0,2
2024010515957,2024,010515957,2,9,0,9,9,6,4,0,0,8,0,0,0,0,1,1,6,6,3,24,5,1598,2,10,AUDI A3,2,E01002067,0,4
2024010497427,2024,010497427,5,9,0,4,4,3,7,0,0,8,0,0,0,0,2,1,6,6,2,62,9,1968,2,6,AUDI A3,5,E01002621,0,2
2024311464287,2024,311464287,1,9,0,-1,3,2,6,-1,0,0,0,0,0,0,1,1,-1,1,1,28,6,1968,2,13,AUDI A3,9,E01013981,0,1
2024311434606,2024,311434606,1,9,0,-1,14,8,4,-1,0,0,0,0,0,0,1,1,-1,1,2,35,6,1968,2,16,AUDI A3,1,E01027952,0,1
2024430227079,2024,430227079,2,9,0,18,19,1,5,0,0,1,0,0,0,0,1,1,6,6,1,17,4,1498,1,0,AUDI A3,8,E01028640,0,1
202454B846424,2024,54B846424,2,9,0,18,19,3,7,0,0,0,0,0,4,6,2,1,6,6,1,28,6,1390,1,13,AUDI A3,10,E01016384,0,4
2024010516579,2024,010516579,2,9,0,99,99,9,9,99,99,0,9,99,9,99,9,9,6,6,1,41,7,1498,1,1,AUDI A3,6,E01003255,0,1
2024371508689,2024,371508689,2,9,0,-1,2,0,0,-1,9,0,0,0,0,0,2,1,-1,6,-1,-1,-1,1968,2,16,AUDI A3,-1,-1,0,-1
2024991413342,2024,991413342,1,9,0,-1,7,6,1,-1,0,6,0,0,0,0,3,1,-1,6,1,27,6,999,1,6,AUDI A3,9,-1,0,1
2024541864424,2024,541864424,1,8,0,18,19,7,3,0,0,4,0,0,0,0,1,1,6,6,1,38,7,1968,2,9,AUDI A3,8,E01015565,0,1
2024131420430,2024,131420430,1,9,0,-1,19,3,7,-1,0,0,0,0,0,0,1,1,-1,6,-1,-1,-1,1896,2,18,AUDI A3,-1,-1,0,-1
2024201522205,2024,201522205,1,9,0,-1,19,1,2,-1,0,0,0,0,0,0,3,9,-1,6,1,37,7,1395,8,3,AUDI A3,3,E01003151,0,5
2024071073219,2024,071073219,2,9,0,-1,19,5,1,-1,0,0,0,0,2,4,1,1,-1,9,1,54,8,1395,8,2,AUDI A3,-1,-1,0,-1
2024401461226,2024,401461226,4,9,0,-1,2,0,0,-1,0,0,0,0,0,0,2,1,-1,6,-1,-1,-1,1968,2,11,AUDI A3,-1,-1,0,-1
2024421406414,2024,421406414,2,9,0,-1,7,-1,-1,-1,0,0,0,0,0,0,4,1,-1,6,2,29,6,999,1,3,AUDI A3,6,E01021722,0,1
2024161459355,2024,161459355,1,9,0,-1,3,6,2,-1,0,0,0,0,0,0,2,1,-1,9,2,24,5,1498,1,0,AUDI A3,8,E01013304,0,2
2024131417439,2024,131417439,1,9,0,-1,19,5,1,-1,0,0,0,0,0,0,1,1,-1,1,1,23,5,1968,2,13,AUDI A3,3,E01010601,0,1
2024440108997,2024,440108997,2,9,0,17,19,3,8,0,0,0,0,0,0,0,1,1,6,6,1,24,5,1968,2,13,AUDI A3,6,E01032734,0,4
2024122400568,2024,122400568,1,9,0,9,9,1,7,0,0,8,0,0,0,0,3,1,6,6,1,34,6,1498,1,2,AUDI A3,7,E01027587,0,2
2024461475432,2024,461475432,1,9,0,-1,5,6,4,-1,0,1,0,0,0,0,1,1,-1,6,1,25,5,1968,2,18,AUDI A3,-1,-1,0,-1
2024440432763,2024,440432763,2,9,0,18,19,3,7,0,0,2,0,0,0,0,1,1,6,6,1,-1,-1,1598,2,5,AUDI A3,-1,-1,0,-1
2024131503075,2024,131503075,1,9,0,-1,-1,-1,-1,-1,-1,-1,-1,-1,-1,-1,-1,1,-1,6,3,-1,-1,1598,2,7,AUDI A3,-1,-1,0,-1
2024631491266,2024,631491266,1,9,0,-1,19,7,3,-1,0,0,2,0,1,9,1,1,-1,6,1,42,7,1598,2,13,AUDI A3,8,W01000554,0,1
2024031451769,2024,031451769,1,9,0,-1,9,1,7,-1,0,8,0,0,0,0,1,1,-1,6,1,19,4,1598,2,7,AUDI A3,-1,-1,0,-1
2024122400579,2024,122400579,1,9,0,18,19,6,2,0,0,0,2,7,0,0,1,1,1,1,2,24,5,999,1,4,AUDI A3,5,E01035052,0,4
2024052400830,2024,052400830,1,9,0,5,5,2,6,0,0,0,0,0,0,0,1,1,2,2,1,36,7,1968,2,10,AUDI A3,1,E01006632,0,3
2024141451372,2024,141451372,1,9,0,-1,19,7,3,-1,0,0,0,0,0,0,1,9,-1,6,1,24,5,1896,2,15,AUDI A3,1,E01007718,0,1
2024440345502,2024,440345502,2,9,0,18,19,0,0,0,0,0,0,0,0,0,1,1,6,6,3,-1,-1,1968,2,2,AUDI A3,-1,-1,0,-1
2024501496476,2024,501496476,1,9,0,-1,5,7,3,-1,0,2,0,0,1,1,1,1,-1,9,2,21,5,1598,2,11,AUDI A3,6,E01019060,0,1
2024461431951,2024,461431951,2,9,0,-1,7,1,7,-1,0,2,0,0,0,0,1,1,-1,2,2,24,5,1598,2,9,AUDI A3,7,E01024553,0,2
2024010522790,2024,010522790,2,9,0,99,99,9,9,99,99,9,9,99,9,99,1,9,6,6,3,-1,-1,1395,1,11,AUDI A3,-1,-1,0,-1
2024010535398,2024,010535398,1,9,0,18,19,2,6,0,0,2,0,0,0,0,1,2,6,6,1,30,6,1498,1,0,AUDI A3,3,E01002105,0,2
2024201407263,2024,201407263,1,9,0,-1,19,4,8,-1,0,8,0,0,0,0,3,9,-1,6,3,-1,-1,1498,1,1,AUDI A3,-1,-1,0,-1
2024471443448,2024,471443448,1,9,0,-1,9,2,8,-1,0,1,0,0,0,0,3,1,-1,9,2,79,11,1395,1,9,AUDI A3,7,E01021142,0,1
2024302401173,2024,302401173,2,9,0,9,9,8,5,0,0,8,0,0,0,0,1,1,6,6,1,44,7,1968,2,11,AUDI A3,6,E01019620,0,3
2024052401490,2024,052401490,3,9,0,18,19,3,7,0,0,0,0,0,0,0,2,1,6,6,1,41,7,1968,2,15,AUDI A3,1,E01024875,0,4
2024421485545,2024,421485545,2,9,0,-1,7,8,2,-1,0,1,0,0,0,0,2,1,-1,9,2,39,7,1498,1,0,AUDI A3,8,E01002209,0,4
2024361513316,2024,361513316,1,9,0,-1,19,-1,-1,-1,0,0,0,0,0,0,-1,1,-1,6,1,54,8,1968,2,17,AUDI A3,5,E01026768,0,2
2024991439386,2024,991439386,3,9,0,-1,3,1,1,-1,0,1,0,0,0,0,1,1,-1,9,1,47,8,1598,2,10,AUDI A3,2,-1,0,4
2024430627058,2024,430627058,2,9,0,17,19,7,3,0,0,0,0,0,0,0,0,1,6,6,2,-1,-1,1598,2,11,AUDI A3,9,E01035750,0,1
2024302400560,2024,302400560,1,9,0,8,8,6,8,0,0,1,0,0,0,0,4,2,6,6,2,20,4,999,1,5,AUDI A3,1,E01013590,0,1
2024041508936,2024,041508936,1,9,0,-1,19,7,3,-1,0,2,0,0,0,0,3,1,-1,9,1,63,9,1498,1,2,AUDI A3,8,E01034079,0,4
2024991542415,2024,991542415,2,9,0,-1,7,2,4,-1,0,1,0,0,0,0,1,1,-1,6,2,25,5,1968,2,3,AUDI A3,3,-1,0,1
2024141472633,2024,141472633,1,9,0,-1,19,7,2,-1,0,1,0,0,0,0,1,1,-1,6,1,36,7,1968,2,9,AUDI A3,1,E01007949,0,1
2024320275284,2024,320275284,2,9,0,3,3,4,8,0,0,1,0,0,0,0,1,1,-1,-1,1,61,9,1395,1,8,AUDI A3,9,E01026354,0,1
2024622400604,2024,622400604,2,9,0,17,19,4,8,0,0,0,0,0,0,0,1,1,6,6,3,-1,-1,1968,1,18,AUDI A3,-1,-1,0,-1
2024010502464,2024,010502464,2,9,0,2,2,0,0,0,0,0,0,0,0,0,3,1,6,6,3,-1,-1,1395,8,2,AUDI A3,-1,-1,0,-1
2024131533319,2024,131533319,2,9,0,-1,15,3,7,-1,0,2,0,0,0,0,3,1,-1,6,3,-1,-1,1498,1,4,AUDI A3,-1,-1,0,-1
2024221510436,2024,221510436,1,9,0,-1,5,2,7,-1,0,6,0,0,0,0,1,1,-1,6,1,23,5,1598,2,9,AUDI A3,10,E01029662,0,2
2024101427800,2024,101427800,1,9,0,-1,19,1,5,-1,0,0,0,0,0,0,-1,9,-1,6,1,-1,-1,1896,2,18,AUDI A3,-1,-1,0,-1
2024201480290,2024,201480290,1,9,0,-1,19,1,5,-1,0,0,0,0,0,0,1,1,-1,6,2,35,6,1968,2,13,AUDI A3,2,E01009123,0,1
2024131478037,2024,131478037,1,9,0,-1,19,5,1,-1,0,8,1,0,1,11,1,1,-1,6,-1,-1,-1,1896,2,16,AUDI A3,-1,-1,0,-1
2024461501603,2024,461501603,2,9,0,-1,99,1,5,-1,0,0,0,0,0,0,1,9,-1,6,3,-1,-1,1968,2,9,AUDI A3,-1,-1,0,-1
2024070592372,2024,070592372,2,9,0,2,2,0,0,0,0,0,1,10,1,2,3,1,6,6,1,25,5,999,1,7,AUDI A3,2,E01034056,0,4
2024522401311,2024,522401311,3,9,0,18,19,7,3,0,0,2,0,0,0,0,3,1,6,6,1,50,8,1197,1,9,AUDI A3,10,E01014874,0,3
2024201463568,2024,201463568,1,9,0,-1,5,1,5,-1,0,3,0,0,0,0,2,1,-1,9,2,27,6,1395,1,9,AUDI A3,2,E01010265,0,3
2024041529340,2024,041529340,1,9,0,-1,9,6,2,-1,0,4,0,0,0,0,1,1,-1,9,1,26,6,1968,2,10,AUDI A3,1,E01025083,0,2
2024041414072,2024,041414072,2,9,0,-1,5,3,1,-1,0,1,0,0,0,0,3,1,-1,2,1,29,6,1395,8,3,AUDI A3,3,E01012632,0,1
2024411402766,2024,411402766,1,9,-1,-1,-1,-1,-1,-1,-1,-1,-1,-1,-1,0,-1,9,-1,6,2,39,7,1598,2,8,AUDI A3,-1,-1,0,-1
2024991520212,2024,991520212,2,9,0,-1,7,3,7,-1,0,0,0,0,0,0,4,1,-1,9,2,26,6,1968,2,18,AUDI A3,-1,-1,0,-1
2024010543816,2024,010543816,1,9,0,18,19,1,5,0,0,8,0,0,0,0,4,1,6,6,2,31,6,1968,2,4,AUDI A3,9,E01000412,0,1
2024211458368,2024,211458368,1,9,0,-1,7,5,8,-1,0,8,0,0,0,0,1,1,-1,6,3,17,4,1595,1,14,AUDI A3,2,E01029448,0,1
2024231527339,2024,231527339,2,9,0,-1,9,8,6,-1,0,6,0,0,0,0,1,9,-1,6,1,31,6,1968,2,16,AUDI A3,4,E01031052,0,1
2024010521338,2024,010521338,2,9,0,99,99,9,9,99,99,9,9,99,9,99,1,9,6,6,2,54,8,1395,8,9,AUDI A3,5,E01003941,0,2
202460Q066918,2024,60Q066918,1,9,0,18,19,5,1,0,0,1,0,0,0,0,1,1,6,6,1,35,6,1498,1,6,AUDI A3,-1,-1,0,-1
2024430208027,2024,430208027,1,9,0,18,19,6,2,0,0,0,0,0,0,0,1,1,6,6,1,21,5,1595,1,14,AUDI A3,4,E01016455,0,1
2024340WN4542,2024,340WN4542,2,9,0,-1,10,1,5,-1,0,8,0,0,0,0,2,1,-1,6,2,53,8,999,1,3,AUDI A3,6,E01027005,0,2
2024320165749,2024,320165749,1,9,0,-1,-1,8,4,0,0,8,0,0,0,0,4,1,-1,-1,2,59,9,1395,1,8,AUDI A3,6,E01026210,0,4
2024401423107,2024,401423107,2,9,0,-1,3,1,5,-1,0,1,0,0,0,0,2,1,-1,6,2,41,7,1984,1,19,AUDI A3,1,E01017477,0,1
2024531430698,2024,531430698,2,9,0,-1,3,1,5,-1,0,0,0,0,0,0,2,1,-1,6,2,20,4,1968,2,18,AUDI A3,4,E01022241,0,4
2024421515525,2024,421515525,2,9,0,-1,19,2,6,-1,0,0,0,0,0,0,4,1,-1,9,1,21,5,1498,1,1,AUDI A3,10,E01031640,0,4
2024141407978,2024,141407978,1,9,0,-1,3,1,5,-1,0,0,0,0,0,0,2,9,-1,6,2,56,9,999,1,3,AUDI A3,3,E01007720,0,1
2024010512317,2024,010512317,1,9,0,18,19,1,5,0,0,4,0,0,0,0,3,1,6,6,1,69,10,1498,1,0,AUDI A3,-1,-1,0,-1
2024010528030,2024,010528030,3,9,0,3,3,5,1,0,0,0,0,0,0,0,1,1,6,6,2,30,6,1598,2,9,AUDI A3,2,E01001696,0,2
2024131534961,2024,131534961,2,9,0,-1,19,5,1,-1,0,8,0,0,0,0,1,2,-1,6,1,23,5,1598,2,8,AUDI A3,1,E01010742,0,1
2024010503818,2024,010503818,2,9,0,18,19,8,4,0,0,1,0,0,0,0,1,1,6,6,2,-1,-1,1395,1,9,AUDI A3,10,E01030797,0,4
2024991406115,2024,991406115,2,9,0,-1,3,3,7,-1,0,1,0,0,0,0,1,1,-1,9,2,54,8,1498,1,0,AUDI A3,-1,-1,0,-1
2024461518190,2024,461518190,1,9,0,-1,19,3,7,-1,0,8,0,0,0,0,3,9,-1,6,1,21,5,1968,2,12,AUDI A3,6,E01024411,0,3
2024010516759,2024,010516759,1,9,0,99,99,9,9,99,99,9,9,99,9,99,2,9,6,6,1,33,6,1498,1,4,AUDI A3,8,E01001039,0,1
2024991514736,2024,991514736,3,9,0,-1,2,3,3,-1,0,0,0,0,0,0,2,1,-1,9,1,31,6,1968,2,11,AUDI A3,8,-1,0,3
2024052402152,2024,052402152,1,9,0,9,9,4,2,0,0,1,0,0,0,0,1,1,6,6,2,32,6,1968,2,11,AUDI A3,1,E01006673,0,1
2024041531239,2024,041531239,2,9,0,-1,19,6,6,-1,0,0,0,0,4,0,4,1,-1,9,1,43,7,1968,2,16,AUDI A3,7,E01012582,0,1
2024552401392,2024,552401392,2,9,0,18,19,8,4,0,0,0,1,0,1,4,3,1,6,6,2,52,8,1395,1,8,AUDI A3,10,E01020386,0,4
2024501530513,2024,501530513,1,9,0,-1,19,5,1,-1,0,1,5,0,0,0,1,1,-1,6,2,24,5,1598,2,12,AUDI A3,6,E01018957,0,1
2024430457365,2024,430457365,3,9,0,3,3,6,2,0,0,8,0,0,0,0,2,1,6,6,2,42,7,1595,2,14,AUDI A3,6,E01028451,0,1
2024231484093,2024,231484093,2,9,0,-1,12,4,8,-1,0,0,0,0,0,0,2,1,-1,6,1,32,6,1598,2,9,AUDI A3,1,E01025188,0,5
2024631410250,2024,631410250,1,9,0,-1,19,1,5,-1,0,8,1,0,1,4,1,1,-1,2,2,26,6,1896,2,15,AUDI A3,9,W01000759,0,3
2024622400677,2024,622400677,1,9,0,16,19,4,8,0,0,0,1,0,0,0,1,1,1,1,1,25,5,1498,1,4,AUDI A3,8,E01020190,0,5
2024411479598,2024,411479598,1,9,0,-1,19,2,5,-1,0,2,2,10,0,0,1,1,-1,6,1,24,5,1395,8,0,AUDI A3,7,E01023576,0,2
2024061432489,2024,061432489,2,9,0,-1,9,-1,-1,-1,0,8,0,0,0,0,4,1,-1,6,2,-1,-1,1896,2,17,AUDI A3,-1,-1,0,-1
2024351519250,2024,351519250,1,9,0,-1,4,4,8,-1,0,1,0,0,0,0,1,1,-1,6,1,21,5,1598,2,10,AUDI A3,1,E01015616,0,1
2024010530675,2024,010530675,1,9,0,3,3,5,1,0,0,6,0,0,0,0,1,1,1,1,1,49,8,1984,1,15,AUDI A3,6,E01000220,0,1
2024531421307,2024,531421307,2,9,0,-1,19,5,1,-1,0,0,0,0,0,0,2,1,-1,9,1,52,8,1896,2,17,AUDI A3,6,E01014054,0,4
2024010512350,2024,010512350,1,9,0,17,19,5,1,0,0,8,0,0,0,0,1,1,6,6,2,28,6,1798,1,17,AUDI A3,4,E01001463,0,1
2024531469868,2024,531469868,2,9,0,-1,4,3,7,-1,0,0,0,0,0,0,2,2,-1,2,1,31,6,1896,2,15,AUDI A3,3,E01022286,0,1
2024131491730,2024,131491730,2,9,0,-1,19,8,4,-1,0,0,0,0,4,0,3,1,-1,2,1,43,7,1498,1,2,AUDI A3,5,E01011877,0,1
2024631499092,2024,631499092,2,9,0,-1,19,6,2,-1,0,8,1,0,0,0,1,1,-1,1,2,23,5,1968,2,17,AUDI A3,8,W01000534,0,4
2024131402576,2024,131402576,2,9,0,-1,9,1,7,-1,0,3,0,0,0,0,4,1,-1,6,2,25,5,1598,2,13,AUDI A3,8,E01034587,0,1
2024010545187,2024,010545187,2,9,0,18,19,7,3,0,0,8,0,0,0,0,3,1,6,6,2,25,5,1598,2,7,AUDI A3,-1,-1,0,-1
2024010522620,2024,010522620,1,9,0,99,99,9,9,99,99,9,9,99,9,99,1,9,6,6,1,27,6,1395,1,10,AUDI A3,7,E01017800,0,4
2024041530724,2024,041530724,2,9,0,-1,19,5,1,-1,0,0,0,7,0,0,3,1,-1,6,-1,-1,-1,1968,2,8,AUDI A3,-1,-1,0,-1
2024061505149,2024,061505149,1,9,0,-1,19,1,5,-1,0,0,0,0,7,0,4,1,-1,2,1,24,5,1395,1,8,AUDI A3,6,E01005901,0,2
2024991402303,2024,991402303,1,9,0,-1,19,1,6,-1,0,0,0,0,0,0,1,1,-1,9,1,69,10,1498,1,5,AUDI A3,4,-1,0,4
2024131463980,2024,131463980,1,9,0,-1,11,1,5,-1,0,8,0,0,0,0,1,1,-1,6,3,-1,-1,1968,2,14,AUDI A3,1,E01011029,0,1
2024522500009,2024,522500009,1,9,0,18,19,2,6,0,0,0,0,0,0,0,1,1,6,6,2,37,7,1968,2,12,AUDI A3,7,E01022376,0,4
2024061475624,2024,061475624,1,9,0,-1,9,-1,-1,-1,99,0,0,0,0,0,3,1,-1,9,2,35,6,1968,2,13,AUDI A3,4,E01006228,0,1
2024320487080,2024,320487080,2,9,0,4,4,3,7,0,0,0,0,0,0,0,2,1,-1,-1,1,28,6,1598,2,5,AUDI A3,2,E01026170,0,2
2024010524230,2024,010524230,4,9,0,3,3,7,3,0,0,2,0,0,0,0,1,1,6,6,1,38,7,1968,2,10,AUDI A3,3,E01031556,0,4
2024010529781,2024,010529781,1,9,0,18,19,1,5,0,0,1,0,0,0,0,1,1,6,6,1,23,5,1395,1,9,AUDI A3,3,E01001980,0,2
2024221447714,2024,221447714,4,9,0,-1,4,1,5,-1,0,0,0,0,0,0,2,9,-1,2,2,25,5,1598,2,11,AUDI A3,4,E01028984,0,4
2024141413733,2024,141413733,3,9,0,-1,19,3,7,-1,0,0,0,0,0,0,2,1,-1,9,1,53,8,1498,1,1,AUDI A3,9,E01028047,0,3
2024041514614,2024,041514614,1,9,0,-1,7,5,6,-1,1,0,1,0,1,10,3,1,-1,9,1,21,5,1598,2,6,AUDI A3,4,E01012701,0,1
2024531487247,2024,531487247,2,9,0,-1,19,3,7,-1,0,0,0,0,0,0,1,1,-1,9,2,47,8,1498,1,2,AUDI A3,8,E01022182,0,2