collision_index,collision_year,collision_ref_no,vehicle_reference,vehicle_type,towing_and_articulation,vehicle_manoeuvre_historic,vehicle_manoeuvre,vehicle_direction_from,vehicle_direction_to,vehicle_location_restricted_lane_historic,vehicle_location_restricted_lane,junction_location,skidding_and_overturning,hit_object_in_carriageway,vehicle_leaving_carriageway,hit_object_off_carriageway,first_point_of_impact,vehicle_left_hand_drive,journey_purpose_of_driver_historic,journey_purpose_of_driver,sex_of_driver,age_of_driver,age_band_of_driver,engine_capacity_cc,propulsion_code,age_of_vehicle,generic_make_model,driver_imd_decile,lsoa_of_driver,escooter_flag,driver_distance_banding
2024052402888,2024,052402888,1,9,0,18,19,5,1,0,0,1,0,0,0,0,1,1,6,6,2,35,6,1498,1,1,AUDI A3,2,E01034833,0,1
2024430242711,2024,430242711,2,9,0,18,19,2,5,0,0,8,0,0,0,0,3,1,6,6,1,28,6,1595,1,16,AUDI A3,-1,-1,0,-1
2024010544864,2024,010544864,1,9,0,6,6,1,1,0,0,0,0,0,0,0,3,2,6,6,1,42,7,1498,1,2,AUDI A3,7,E01000843,0,1
2024631467146,2024,631467146,2,9,0,-1,19,1,5,-1,0,8,1,0,0,0,1,1,-1,9,1,18,4,1968,2,9,AUDI A3,9,W01000580,0,2
2024461505870,2024,461505870,2,9,0,-1,19,7,1,-1,0,8,0,0,0,0,1,1,-1,9,1,58,9,1968,2,13,AUDI A3,8,E01024209,0,4
2024531464239,2024,531464239,1,9,0,-1,7,5,1,-1,0,2,0,0,0,0,1,1,-1,6,2,62,9,1598,2,12,AUDI A3,5,E01022266,0,1
2024461396116,2024,461396116,2,9,0,-1,12,7,3,-1,0,0,0,0,0,0,3,1,-1,6,1,19,4,999,1,1,AUDI A3,2,E01029971,0,4
2024211486905,2024,211486905,1,9,0,-1,19,7,3,-1,0,0,0,0,7,9,3,1,-1,9,1,37,7,1968,2,17,AUDI A3,7,E01029533,0,1
2024010543746,2024,010543746,2,9,0,5,5,5,1,0,0,8,0,0,0,0,1,1,6,6,1,27,6,1395,1,11,AUDI A3,5,E01035487,0,1
2024320019868,2024,320019868,2,9,0,18,19,4,8,0,0,8,0,0,0,0,1,1,6,6,1,28,6,1595,1,16,AUDI A3,4,E01026178,0,3
2024061514883,2024,061514883,2,9,0,-1,19,3,7,-1,0,0,0,0,0,0,1,9,-1,6,3,-1,-1,1968,2,13,AUDI A3,-1,-1,0,-1
2024131456537,2024,131456537,2,9,0,-1,19,1,5,-1,0,8,0,0,0,0,1,1,-1,6,1,21,5,1395,8,8,AUDI A3,1,E01010838,0,1
2024101490871,2024,101490871,1,9,-1,-1,19,7,3,-1,0,-1,0,0,0,0,1,9,-1,7,2,-1,-1,1498,1,3,AUDI A3,-1,-1,0,-1
2024522402970,2024,522402970,2,9,0,18,19,6,2,0,0,0,0,8,0,0,4,1,6,6,3,-1,-1,1395,8,3,AUDI A3,-1,-1,0,-1
2024401492796,2024,401492796,2,9,0,-1,3,5,1,-1,0,0,0,0,0,0,2,1,-1,6,1,30,6,1498,1,6,AUDI A3,10,E01017392,0,2
2024631495976,2024,631495976,1,9,0,-1,13,1,5,-1,0,0,0,0,1,9,1,1,-1,9,1,27,6,1968,2,16,AUDI A3,2,E01028906,0,3
2024991500567,2024,991500567,1,9,0,-1,19,3,7,-1,0,8,0,0,7,1,4,1,-1,9,2,69,10,1798,1,9,AUDI A3,7,-1,0,2
2024302401469,2024,302401469,1,9,0,16,19,8,2,0,0,3,0,0,7,0,2,1,6,6,2,21,5,1498,1,5,AUDI A3,2,E01013497,0,1
2024361479781,2024,361479781,3,9,0,-1,19,6,2,-1,0,0,0,0,0,0,3,1,-1,9,1,25,5,1968,2,5,AUDI A3,1,E01033436,0,1
2024302400520,2024,302400520,2,9,0,18,19,3,7,0,0,8,0,0,1,0,3,1,6,6,1,25,5,1395,1,9,AUDI A3,8,E01019537,0,1
2024201433502,2024,201433502,2,9,0,-1,19,3,7,-1,0,8,0,0,0,0,1,1,-1,6,1,44,7,1395,1,11,AUDI A3,1,E01009374,0,1
2024552400371,2024,552400371,1,9,0,18,19,6,2,0,0,8,0,0,0,0,1,1,6,6,1,24,5,1968,1,18,AUDI A3,7,E01015348,0,1
2024311430344,2024,311430344,1,9,0,-1,14,1,2,-1,0,0,0,0,0,0,0,1,-1,6,2,45,7,1968,2,8,AUDI A3,2,E01028279,0,1
2024522402855,2024,522402855,1,9,0,3,3,8,4,0,0,1,0,0,0,0,2,1,6,6,1,39,7,1595,1,18,AUDI A3,7,E01014722,0,1
2024041418903,2024,041418903,1,9,0,-1,19,1,5,-1,0,0,0,0,0,0,1,1,-1,9,1,20,4,1395,1,8,AUDI A3,1,E01024877,0,1
2024131472921,2024,131472921,2,9,0,-1,9,7,5,-1,0,0,1,0,0,0,1,1,-1,9,1,22,5,1968,2,12,AUDI A3,1,E01010745,0,1
2024010551057,2024,010551057,1,9,0,1,1,1,5,0,0,1,0,4,0,0,2,1,6,6,2,55,8,1798,1,12,AUDI A3,3,E01003352,0,1
2024401527815,2024,401527815,2,9,0,-1,19,3,7,-1,0,1,0,0,0,0,3,1,-1,6,2,46,8,999,1,7,AUDI A3,4,E01015784,0,1
2024131472673,2024,131472673,1,9,0,-1,19,1,5,-1,0,0,0,4,0,0,1,1,-1,6,-1,-1,-1,1598,2,14,AUDI A3,-1,-1,0,-1
2024131505615,2024,131505615,2,9,0,-1,9,6,2,-1,0,1,0,0,0,0,4,1,-1,9,1,47,8,1984,1,4,AUDI A3,7,E01011112,0,1
2024311441294,2024,311441294,1,9,0,-1,19,4,8,-1,0,0,0,0,1,9,1,1,-1,6,1,30,6,1968,2,17,AUDI A3,-1,-1,0,-1
2024010546412,2024,010546412,2,9,0,99,99,9,9,99,99,9,9,99,9,99,1,9,6,6,3,50,8,1498,1,6,AUDI A3,8,E01002174,0,1
2024411495765,2024,411495765,2,9,0,-1,19,3,7,-1,0,1,0,0,0,0,1,1,-1,6,3,-1,-1,1984,1,19,AUDI A3,-1,-1,0,-1
2024041433977,2024,041433977,1,9,0,-1,5,7,3,-1,0,6,0,0,0,0,1,1,-1,9,2,60,9,1390,1,13,AUDI A3,1,E01012748,0,1
2024622400617,2024,622400617,1,9,0,18,19,6,2,0,0,0,0,4,0,0,1,1,6,6,1,77,11,1968,2,8,AUDI A3,10,W01000879,0,1
2024461437917,2024,461437917,1,9,0,-1,11,5,1,-1,0,0,0,0,0,0,4,9,-1,6,3,20,4,1984,1,16,AUDI A3,-1,-1,0,-1
2024351475948,2024,351475948,1,9,0,-1,19,4,1,-1,0,0,1,0,1,10,1,1,-1,6,1,23,5,1896,2,15,AUDI A3,2,E01015612,0,4
2024041414031,2024,041414031,2,9,0,-1,4,3,7,-1,0,0,0,0,0,0,2,1,-1,6,1,22,5,1395,1,10,AUDI A3,7,E01025029,0,1
2024010533033,2024,010533033,2,9,0,99,99,9,9,99,99,9,9,99,9,99,9,9,6,6,3,-1,-1,1595,1,16,AUDI A3,-1,-1,0,-1
2024371500670,2024,371500670,2,9,0,-1,4,2,6,-1,0,0,0,0,0,0,2,1,-1,2,2,34,6,1598,2,9,AUDI A3,3,E01030255,0,4
2024320223866,2024,320223866,2,9,0,3,3,2,6,0,0,1,0,0,0,0,2,1,6,6,2,36,7,999,1,6,AUDI A3,4,E01026121,0,3
2024010509964,2024,010509964,1,9,0,18,19,5,1,0,0,2,0,0,0,0,1,1,6,6,2,28,6,999,1,3,AUDI A3,7,E01000843,0,1
2024010517930,2024,010517930,1,9,0,18,19,5,1,0,0,0,0,4,0,0,4,1,6,6,2,27,6,999,1,5,AUDI A3,6,E01002433,0,1
2024010524630,2024,010524630,2,9,9,99,99,9,9,99,99,9,9,99,9,99,9,9,6,6,3,-1,-1,1598,2,7,AUDI A3,-1,-1,0,-1
2024340WN3612,2024,340WN3612,1,9,0,-1,19,3,7,-1,0,0,0,0,1,0,0,1,-1,6,1,42,7,1595,1,18,AUDI A3,3,E01027312,0,2
2024501497059,2024,501497059,1,9,0,-1,7,8,2,-1,0,6,0,0,0,0,1,1,-1,9,2,45,7,1598,2,11,AUDI A3,9,E01020316,0,1
2024010502370,2024,010502370,2,9,0,99,99,9,9,99,99,9,9,99,9,99,1,9,6,6,3,-1,-1,1968,2,18,AUDI A3,-1,-1,0,-1
2024340WN4092,2024,340WN4092,1,9,0,-1,19,5,1,-1,0,0,0,0,0,0,1,1,-1,6,1,59,9,1968,2,4,AUDI A3,2,E01008145,0,5
2024010517295,2024,010517295,2,9,0,13,13,1,5,0,0,1,0,0,0,0,1,1,6,6,1,20,4,1598,2,8,AUDI A3,6,E01035698,0,1
2024201453390,2024,201453390,3,9,0,-1,2,0,0,-1,0,0,0,0,0,0,4,1,-1,6,-1,-1,-1,1598,2,11,AUDI A3,-1,-1,0,-1
2024411512296,2024,411512296,2,9,0,-1,19,7,3,-1,0,0,0,0,0,0,1,1,-1,6,2,51,8,1395,1,10,AUDI A3,9,E01023352,0,1
2024549530624,2024,549530624,2,9,0,18,19,6,2,0,0,0,0,0,1,9,1,1,6,6,2,23,5,1598,2,11,AUDI A3,5,E01031947,0,2
2024430216218,2024,430216218,2,9,0,4,4,1,5,0,0,0,0,0,0,0,4,1,6,6,1,33,6,1395,1,7,AUDI A3,3,E01016452,0,1
2024231522113,2024,231522113,1,9,0,-1,9,2,8,-1,0,8,0,0,0,0,1,1,-1,7,1,42,7,1395,8,1,AUDI A3,9,E01031304,0,1
2024201520227,2024,201520227,2,9,0,-1,2,0,0,-1,0,2,0,0,0,0,1,1,-1,6,1,28,6,1984,1,17,AUDI A3,-1,-1,0,-1
2024401498714,2024,401498714,1,9,0,-1,5,0,4,-1,0,0,0,4,0,0,1,1,-1,6,-1,-1,-1,1598,2,12,AUDI A3,-1,-1,0,-1
2024061419396,2024,061419396,2,9,0,-1,10,3,1,-1,0,1,0,0,0,0,4,1,-1,2,2,48,8,1968,2,13,AUDI A3,2,E01005982,0,3
202454F293024,2024,54F293024,1,9,0,18,19,5,1,0,0,0,0,0,0,0,1,1,6,6,1,25,5,999,1,2,AUDI A3,6,E01031884,0,2
2024010528842,2024,010528842,2,9,0,99,99,9,9,99,99,4,9,99,9,99,1,9,6,6,3,-1,-1,1498,1,5,AUDI A3,-1,-1,0,-1
2024122400332,2024,122400332,1,9,0,17,19,3,1,0,0,0,2,0,2,4,1,1,6,6,1,20,4,1498,1,5,AUDI A3,9,E01013077,0,4
2024361500298,2024,361500298,1,9,0,-1,19,5,1,-1,0,0,0,0,7,3,1,1,-1,9,2,32,6,1395,1,10,AUDI A3,5,E01026430,0,4
2024430584652,2024,430584652,1,9,0,18,19,5,1,0,0,0,0,0,7,3,3,1,6,6,2,61,9,1968,2,12,AUDI A3,10,E01023092,0,2
2024010509639,2024,010509639,2,9,0,9,9,5,3,0,0,1,0,0,0,0,2,1,6,6,2,35,6,1197,1,12,AUDI A3,4,E01001353,0,1
2024461523365,2024,461523365,2,9,0,-1,19,3,3,-1,0,2,0,0,0,0,4,1,-1,2,1,21,5,999,1,2,AUDI A3,4,E01024593,0,2
2024991531692,2024,991531692,2,9,0,-1,19,6,2,-1,0,1,0,0,0,0,1,1,-1,2,1,56,9,1498,1,3,AUDI A3,9,-1,0,1
2024552400065,2024,552400065,2,9,0,3,3,8,4,0,0,1,0,0,0,0,2,1,6,6,2,54,8,1395,1,11,AUDI A3,6,E01015355,0,2
2024421491002,2024,421491002,2,9,0,-1,10,1,3,-1,0,1,0,0,0,0,2,1,-1,6,2,45,7,1395,1,8,AUDI A3,5,E01021976,0,1
2024421474552,2024,421474552,1,9,0,-1,19,6,2,-1,0,0,5,0,7,0,1,1,-1,9,1,21,5,1395,1,9,AUDI A3,7,E01021540,0,2
2024351526629,2024,351526629,1,9,0,-1,19,1,5,-1,0,1,0,0,0,0,1,1,-1,9,1,33,6,1595,1,19,AUDI A3,2,E01018063,0,1
2024430259009,2024,430259009,1,9,0,13,13,8,4,0,0,0,1,0,0,0,1,1,6,6,1,19,4,1968,2,13,AUDI A3,5,E01017913,0,1
2024471503264,2024,471503264,1,9,0,-1,19,7,3,-1,0,0,0,0,1,10,1,1,-1,2,1,31,6,1968,2,14,AUDI A3,5,E01020916,0,2
2024451410864,2024,451410864,1,9,0,-1,19,6,2,-1,0,0,5,0,1,2,1,1,-1,9,1,19,4,999,1,3,AUDI A3,8,E01030904,0,1
2024010502853,2024,010502853,1,9,0,99,99,9,9,99,99,9,9,99,9,99,9,9,6,6,3,-1,-1,1598,2,8,AUDI A3,-1,-1,0,-1
2024552400609,2024,552400609,1,9,0,18,19,2,6,0,0,0,0,0,0,0,1,1,6,6,1,50,8,1968,2,11,AUDI A3,1,E01020554,0,2
2024061493727,2024,061493727,1,9,0,-1,5,7,5,-1,0,8,-1,-1,0,0,1,9,-1,9,1,-1,-1,1896,2,15,AUDI A3,-1,-1,0,-1
2024010539725,2024,010539725,1,9,0,9,9,1,7,0,0,8,0,0,0,0,1,1,6,6,1,26,6,1395,1,10,AUDI A3,4,E01035484,0,2
2024430556151,2024,430556151,2,8,0,4,4,1,5,0,0,0,0,0,0,0,1,1,6,6,1,46,8,1968,2,12,AUDI A3,5,E01017856,0,2
2024041441899,2024,041441899,1,9,0,-1,19,-1,-1,-1,0,1,0,0,0,0,-1,9,-1,9,1,33,6,1968,2,15,AUDI A3,3,E01025111,0,1
2024361401700,2024,361401700,2,9,0,-1,15,5,3,-1,9,0,0,0,0,0,2,1,-1,1,1,21,5,1498,1,1,AUDI A3,8,E01026450,0,4
2024010532574,2024,010532574,1,9,0,4,4,1,5,0,0,7,0,0,0,0,1,1,6,6,2,25,5,1380,1,13,AUDI A3,-1,-1,0,-1
2024010532057,2024,010532057,2,9,0,2,2,0,0,0,0,8,1,4,1,0,2,1,6,6,3,-1,-1,1498,1,3,AUDI A3,-1,-1,0,-1
2024451428440,2024,451428440,2,9,0,-1,19,3,7,-1,0,1,0,0,0,0,1,1,-1,9,1,49,8,1395,8,2,AUDI A3,5,E01034081,0,4
2024461439178,2024,461439178,1,9,0,-1,19,5,1,-1,0,2,0,0,0,0,1,1,-1,6,1,60,9,1968,2,8,AUDI A3,8,E01024744,0,2
2024501420459,2024,501420459,1,9,0,-1,19,1,5,-1,0,1,0,0,7,0,3,1,-1,9,2,42,7,1968,2,18,AUDI A3,4,E01018908,0,1
2024201505233,2024,201505233,1,9,0,-1,19,1,5,-1,0,8,5,0,0,0,3,1,-1,2,1,26,6,1380,1,12,AUDI A3,-1,-1,0,-1
2024543989324,2024,543989324,1,9,0,18,19,7,3,0,0,2,0,0,0,0,1,1,6,6,1,33,6,1968,2,4,AUDI A3,2,W01001764,0,5
2024211475389,2024,211475389,1,9,0,-1,19,5,1,-1,0,0,0,0,0,0,2,1,-1,6,-1,-1,-1,1968,2,10,AUDI A3,-1,-1,0,-1
2024201468232,2024,201468232,1,9,0,-1,19,6,2,-1,0,1,0,0,0,0,1,1,-1,6,1,-1,-1,1968,2,12,AUDI A3,-1,-1,0,-1
2024010519272,2024,010519272,2,9,0,7,7,3,5,0,0,1,0,0,0,0,3,1,6,6,1,22,5,999,1,0,AUDI A3,3,E01001830,0,1
2024471449652,2024,471449652,1,9,0,-1,9,7,3,-1,0,5,0,0,7,0,4,1,-1,9,2,66,10,1498,1,1,AUDI A3,7,E01021184,0,2
2024141394916,2024,141394916,2,9,0,-1,9,7,6,-1,0,0,0,0,0,0,3,9,-1,6,1,71,10,1498,1,1,AUDI A3,5,E01008045,0,1
2024010518788,2024,010518788,2,9,0,18,19,7,3,0,0,6,0,0,0,0,1,1,6,6,1,32,6,1984,1,18,AUDI A3,-1,-1,0,-1
202454B830024,2024,54B830024,1,9,0,18,19,2,6,0,0,0,0,0,0,0,1,1,6,6,1,81,11,1968,2,14,AUDI A3,5,E01032010,0,1
2024131456504,2024,131456504,2,9,0,-1,19,1,5,-1,0,1,0,0,0,0,4,1,-1,9,1,41,7,1598,2,10,AUDI A3,6,E01035048,0,3
2024401539669,2024,401539669,1,9,0,-1,19,3,7,-1,0,0,0,0,0,0,1,1,-1,6,1,26,6,1498,1,1,AUDI A3,3,E01017580,0,3
2024131427613,2024,131427613,2,9,0,-1,9,1,2,-1,0,2,0,0,0,0,4,1,-1,6,2,35,6,1968,2,12,AUDI A3,1,E01010941,0,1
2024010513142,2024,010513142,1,9,0,99,99,9,9,99,99,9,9,99,9,99,2,9,6,6,1,41,7,1598,2,9,AUDI A3,1,E01009173,0,5
2024010521857,2024,010521857,2,9,0,99,99,9,9,99,99,9,9,99,9,99,1,9,6,6,3,-1,-1,1390,1,14,AUDI A3,-1,-1,0,-1
2024010547234,2024,010547234,1,9,0,2,2,0,0,0,0,2,0,0,1,0,3,1,6,6,3,-1,-1,1595,1,19,AUDI A3,-1,-1,0,-1
2024101522578,2024,101522578,1,9,0,-1,19,7,3,-1,0,0,0,0,1,0,1,1,-1,9,1,74,10,1498,1,4,AUDI A3,-1,-1,0,-1
2024332400024,2024,332400024,2,9,0,-1,3,8,4,-1,0,0,0,0,0,0,2,1,-1,2,2,38,7,1968,2,8,AUDI A3,4,E01031067,0,2
202460Q125681,2024,60Q125681,2,9,0,18,19,7,3,0,0,1,0,0,1,0,3,1,6,6,2,20,4,1968,2,16,AUDI A3,-1,-1,0,-1
2024541420724,2024,541420724,2,9,0,18,19,6,2,0,0,8,0,0,0,0,4,1,1,1,1,38,7,1598,2,13,AUDI A3,8,E01032688,0,3
2024010540536,2024,010540536,2,9,0,18,19,3,7,0,0,8,0,0,0,0,3,1,6,6,1,21,5,1498,1,3,AUDI A3,4,E01003603,0,1
2024131442620,2024,131442620,2,9,0,-1,19,7,3,-1,0,0,0,0,0,0,4,1,-1,6,1,39,7,1395,1,7,AUDI A3,1,E01010832,0,1
2024131453410,2024,131453410,3,9,0,-1,3,1,5,-1,0,1,0,0,0,0,2,1,-1,6,1,21,5,1968,2,13,AUDI A3,2,E01011856,0,1
2024052401381,2024,052401381,1,9,0,18,19,7,3,0,0,1,0,0,0,0,1,1,6,6,1,22,5,1598,2,7,AUDI A3,-1,-1,0,-1
2024311521682,2024,311521682,2,9,0,-1,19,2,6,-1,0,8,0,0,0,0,4,1,-1,6,2,47,8,1595,2,15,AUDI A3,-1,-1,0,-1
2024201450074,2024,201450074,3,9,0,-1,2,0,0,-1,0,0,0,0,0,0,2,1,-1,6,-1,-1,-1,1984,1,19,AUDI A3,-1,-1,0,-1
2024131485961,2024,131485961,1,9,0,-1,19,1,5,-1,0,8,0,0,0,0,1,1,-1,6,1,22,5,1798,1,14,AUDI A3,1,E01010676,0,1
2024421461337,2024,421461337,2,9,0,-1,19,5,1,-1,0,0,0,0,0,0,2,1,-1,2,1,23,5,1498,1,7,AUDI A3,10,E01028381,0,5
2024041513270,2024,041513270,1,9,0,-1,-1,-1,-1,-1,-1,8,-1,-1,-1,0,1,1,-1,6,1,19,4,1968,2,16,AUDI A3,2,E01025072,0,1
2024201492431,2024,201492431,2,9,0,-1,19,6,2,-1,0,8,0,0,0,0,1,1,-1,6,1,24,5,1968,2,8,AUDI A3,1,E01009485,0,1
2024010534952,2024,010534952,1,9,0,8,8,3,5,0,0,1,0,0,0,0,0,1,6,6,2,31,6,1395,1,10,AUDI A3,4,E01001061,0,1
2024010519480,2024,010519480,4,9,0,2,2,0,0,0,0,2,0,4,0,0,2,1,6,6,3,-1,-1,1395,8,0,AUDI A3,-1,-1,0,-1
2024320741041,2024,320741041,1,9,0,13,13,2,6,0,0,1,1,0,7,10,1,1,-1,-1,1,34,6,1968,2,14,AUDI A3,-1,-1,0,-1
2024231524818,2024,231524818,2,9,0,-1,2,0,0,-1,9,0,0,0,0,0,3,9,-1,6,1,45,7,1968,2,9,AUDI A3,4,E01031087,0,1
2024010549557,2024,010549557,1,9,0,99,99,9,9,99,99,9,9,99,9,99,9,9,6,6,1,38,7,999,1,5,AUDI A3,2,E01002074,0,1
2024101539696,2024,101539696,1,9,0,-1,9,6,4,-1,0,4,0,0,0,0,1,1,-1,6,1,59,9,1896,2,15,AUDI A3,1,E01008400,0,1
2024201502611,2024,201502611,1,9,0,-1,5,2,2,-1,0,8,0,0,0,0,4,1,-1,6,1,19,4,1598,2,10,AUDI A3,8,E01009823,0,1
2024531421679,2024,531421679,2,9,0,-1,3,5,1,-1,0,8,0,0,0,0,2,1,-1,9,1,44,7,1968,2,20,AUDI A3,8,E01022402,0,1
2024221534968,2024,221534968,1,9,0,-1,9,4,2,-1,0,6,0,0,0,0,4,1,-1,2,1,63,9,1595,1,16,AUDI A3,4,E01028968,0,1
2024302401381,2024,302401381,2,9,0,18,19,5,1,0,0,8,0,0,7,11,1,1,6,6,2,49,8,1498,1,0,AUDI A3,3,E01019503,0,1
2024461526488,2024,461526488,2,9,0,-1,4,3,6,-1,0,1,0,0,1,0,2,1,-1,9,1,45,7,1598,2,12,AUDI A3,5,E01024238,0,4
2024201473335,2024,201473335,1,9,0,-1,19,7,3,-1,0,0,0,0,0,0,1,1,-1,6,2,-1,-1,1968,2,7,AUDI A3,9,E01023748,0,5
2024201482241,2024,201482241,1,9,0,-1,19,6,2,-1,0,0,0,0,0,0,1,9,-1,6,3,-1,-1,1968,2,4,AUDI A3,-1,-1,0,-1
2024141530522,2024,141530522,1,9,0,-1,9,3,8,-1,0,6,0,0,0,0,3,1,-1,2,1,36,7,999,1,7,AUDI A3,2,E01008112,0,1
2024010526578,2024,010526578,1,9,0,2,2,0,0,0,0,1,0,0,0,0,2,1,6,6,3,-1,-1,1595,1,19,AUDI A3,-1,-1,0,-1
2024041440268,2024,041440268,2,9,0,-1,2,0,0,-1,1,1,0,0,0,0,4,1,-1,9,2,38,7,1896,2,16,AUDI A3,1,E01025423,0,1
2024201432120,2024,201432120,1,9,0,-1,19,2,6,-1,0,8,0,0,0,0,1,9,-1,6,3,-1,-1,1598,2,7,AUDI A3,-1,-1,0,-1
2024201527088,2024,201527088,2,9,0,-1,19,3,7,-1,0,2,0,0,0,0,1,1,-1,9,1,61,9,1968,2,9,AUDI A3,3,E01009120,0,4
2024201428667,2024,201428667,2,9,0,-1,19,2,6,-1,0,0,0,0,0,0,1,9,-1,6,2,25,5,1968,2,15,AUDI A3,1,E01009762,0,1
2024461457810,2024,461457810,2,9,0,-1,7,7,3,-1,0,0,0,0,0,0,3,9,-1,9,1,53,8,1395,1,10,AUDI A3,10,E01024474,0,1
2024010515337,2024,010515337,2,9,0,9,9,9,9,99,99,9,9,99,9,99,1,9,6,6,3,-1,-1,999,1,1,AUDI A3,5,E01000699,0,2
2024010512184,2024,010512184,2,9,0,18,19,1,5,0,0,0,5,4,0,0,1,1,6,6,2,39,7,1498,1,7,AUDI A3,3,E01000167,0,1
2024131395274,2024,131395274,2,9,0,-1,19,2,6,-1,0,1,0,0,0,0,0,1,-1,9,2,22,5,1598,2,12,AUDI A3,1,E01011660,0,1
2024041502653,2024,041502653,2,9,0,-1,19,5,1,-1,0,0,0,0,0,0,4,1,-1,2,1,26,6,999,1,2,AUDI A3,4,E01025314,0,3
2024131499750,2024,131499750,1,9,0,-1,19,7,3,-1,0,0,1,0,0,0,1,1,-1,6,1,17,4,1896,2,15,AUDI A3,2,E01011002,0,1
2024320292604,2024,320292604,1,9,0,9,9,4,2,0,0,6,0,0,0,0,3,1,-1,-1,2,49,8,1395,1,9,AUDI A3,8,E01026035,0,1
2024010531983,2024,010531983,1,9,0,99,99,9,9,99,99,9,9,99,9,99,1,9,6,6,3,-1,-1,1498,1,0,AUDI A3,2,E01003500,0,1
2024461465509,2024,461465509,3,9,0,-1,2,0,0,-1,0,0,0,0,0,0,2,1,-1,9,2,42,7,1498,1,6,AUDI A3,9,E01024829,0,1
2024231509975,2024,231509975,2,9,0,-1,19,8,4,-1,0,0,0,0,0,0,2,9,-1,2,2,57,9,1598,2,8,AUDI A3,8,E01029416,0,4
2024041409668,2024,041409668,1,9,0,-1,19,3,7,-1,0,1,0,0,0,0,1,1,-1,9,2,34,6,1498,1,2,AUDI A3,2,E01024881,0,1
2024010522937,2024,010522937,1,9,0,-1,-1,1,5,0,0,0,0,0,0,0,1,2,6,6,1,23,5,1498,1,5,AUDI A3,3,E01001177,0,4
2024010511021,2024,010511021,2,9,0,99,99,9,9,99,99,9,9,99,9,99,9,9,6,6,2,48,8,1598,2,10,AUDI A3,3,E01003431,0,1
2024010509732,2024,010509732,2,9,0,13,13,1,5,0,0,8,0,0,0,0,4,1,6,6,1,22,5,1595,1,14,AUDI A3,6,E01003398,0,2
2024461505409,2024,461505409,2,9,0,-1,10,8,4,-1,0,1,0,0,0,0,2,1,-1,9,2,42,7,1968,2,13,AUDI A3,9,E01032821,0,1
2024122401109,2024,122401109,1,9,0,9,9,4,8,0,0,8,0,0,3,0,1,1,6,6,2,18,4,1968,2,1,AUDI A3,9,E01011301,0,4
2024991511771,2024,991511771,1,9,0,-1,19,5,1,-1,0,1,0,0,0,0,1,1,-1,9,1,46,8,1968,2,12,AUDI A3,3,-1,0,2
2024031503223,2024,031503223,2,9,-1,-1,5,5,5,-1,0,3,0,0,0,0,4,9,-1,6,1,19,4,1968,1,18,AUDI A3,5,E01019388,0,2
2024201505934,2024,201505934,1,9,0,-1,7,8,2,-1,4,5,0,0,0,0,4,1,-1,6,1,35,6,1968,2,6,AUDI A3,-1,-1,0,-1
2024131426888,2024,131426888,2,9,0,-1,-1,-1,-1,-1,-1,8,-1,-1,-1,0,-1,1,-1,6,3,-1,-1,1968,2,9,AUDI A3,-1,-1,0,-1
2024010534395,2024,010534395,2,9,9,18,19,7,3,99,99,9,9,99,9,99,9,9,6,6,1,-1,-1,1395,1,8,AUDI A3,-1,-1,0,-1
2024211486179,2024,211486179,3,9,0,-1,10,7,5,-1,0,2,0,0,0,0,0,1,-1,6,1,31,6,1598,2,14,AUDI A3,-1,-1,0,-1
2024471456209,2024,471456209,2,9,0,-1,5,6,5,-1,0,4,0,0,1,0,1,1,-1,9,1,63,9,1968,2,8,AUDI A3,6,E01031396,0,1
2024351539299,2024,351539299,1,9,0,-1,19,3,7,-1,0,0,0,0,0,0,1,1,-1,6,1,26,6,1598,2,5,AUDI A3,3,E01017975,0,1
2024061472580,2024,061472580,1,9,0,-1,19,7,3,-1,0,0,0,0,0,0,1,1,-1,6,2,21,5,1968,2,4,AUDI A3,4,E01033685,0,1
2024320167957,2024,320167957,1,9,0,-1,-1,4,8,0,0,0,0,0,0,0,1,1,-1,-1,2,41,7,1968,2,18,AUDI A3,4,E01026245,0,1
2024522401126,2024,522401126,1,9,0,3,3,3,7,0,0,0,0,0,0,0,2,1,6,6,2,40,7,1984,1,17,AUDI A3,6,E01014846,0,1
2024311483496,2024,311483496,2,9,0,-1,5,6,3,-1,0,1,0,0,0,0,2,1,-1,6,1,21,5,1968,2,10,AUDI A3,-1,-1,0,-1
2024201480665,2024,201480665,1,9,0,-1,7,7,8,-1,0,2,0,0,0,0,1,1,-1,6,1,24,5,1968,2,14,AUDI A3,2,E01010420,0,1
2024070788611,2024,070788611,1,9,0,-1,19,5,1,-1,0,0,0,0,1,3,1,1,-1,6,1,26,6,1968,2,17,AUDI A3,9,E01018696,0,2
2024501535499,2024,501535499,1,9,0,-1,19,7,3,-1,0,1,0,11,0,0,1,1,-1,6,1,41,7,1968,2,16,AUDI A3,3,E01020286,0,3
2024061505651,2024,061505651,1,9,0,-1,19,5,1,-1,0,0,0,0,0,0,4,1,-1,9,1,30,6,1595,2,14,AUDI A3,3,E01006272,0,1
2024010506110,2024,010506110,1,9,0,18,19,1,5,0,0,0,0,4,1,11,1,1,6,6,1,22,5,1598,2,12,AUDI A3,5,E01004412,0,1
2024311528404,2024,311528404,2,9,0,-1,14,4,8,-1,0,0,0,0,0,0,1,1,-1,6,2,22,5,1595,1,15,AUDI A3,4,E01013890,0,1