collision_index,collision_year,collision_ref_no,vehicle_reference,vehicle_type,towing_and_articulation,vehicle_manoeuvre_historic,vehicle_manoeuvre,vehicle_direction_from,vehicle_direction_to,vehicle_location_restricted_lane_historic,vehicle_location_restricted_lane,junction_location,skidding_and_overturning,hit_object_in_carriageway,vehicle_leaving_carriageway,hit_object_off_carriageway,first_point_of_impact,vehicle_left_hand_drive,journey_purpose_of_driver_historic,journey_purpose_of_driver,sex_of_driver,age_of_driver,age_band_of_driver,engine_capacity_cc,propulsion_code,age_of_vehicle,generic_make_model,driver_imd_decile,lsoa_of_driver,escooter_flag,driver_distance_banding
2024061409818,2024,061409818,1,9,-1,-1,-1,-1,-1,-1,-1,-1,-1,-1,-1,0,1,9,-1,6,3,-1,-1,1968,2,12,AUDI A3,-1,-1,0,-1
2024122400405,2024,122400405,1,9,0,4,4,1,5,0,0,1,0,0,0,0,1,1,6,6,2,27,6,1968,2,11,AUDI A3,9,E01013430,0,1
2024010537307,2024,010537307,1,9,0,99,99,9,9,99,99,9,9,99,9,99,9,9,2,2,2,61,9,1595,1,19,AUDI A3,4,E01001171,0,1
2024471459635,2024,471459635,1,9,0,-1,5,4,8,-1,0,4,0,0,0,0,1,1,-1,9,2,44,7,1968,2,12,AUDI A3,1,E01020923,0,2
2024131511104,2024,131511104,3,9,0,-1,2,0,0,-1,0,2,0,0,0,0,2,1,-1,6,-1,-1,-1,1968,2,13,AUDI A3,-1,-1,0,-1
2024622400448,2024,622400448,1,9,0,18,19,4,7,0,0,0,0,4,0,0,1,1,6,6,2,34,6,1968,2,12,AUDI A3,1,W01001883,0,1
2024430218261,2024,430218261,1,9,0,9,9,5,3,0,0,5,0,0,0,0,1,1,2,2,1,25,5,1968,2,9,AUDI A3,10,E01028572,0,2
2024440454533,2024,440454533,1,9,0,16,19,8,3,0,0,1,1,0,1,4,3,1,6,6,1,47,8,999,1,6,AUDI A3,6,E01023042,0,1
2024430197942,2024,430197942,3,9,0,3,3,2,6,0,0,0,0,0,0,0,2,1,2,2,1,30,6,1798,1,16,AUDI A3,6,E01016530,0,4
2024010492543,2024,010492543,2,9,0,99,99,9,9,99,99,9,9,99,9,99,9,9,6,6,3,-1,-1,1498,1,6,AUDI A3,4,E01003406,0,1
2024131461774,2024,131461774,1,9,0,-1,12,8,4,-1,0,0,0,0,0,0,1,1,-1,6,1,21,5,1968,2,16,AUDI A3,1,E01011130,0,1
2024440126250,2024,440126250,1,9,0,9,9,1,7,0,0,5,0,0,0,0,1,1,6,6,1,47,8,1896,2,15,AUDI A3,7,E01023184,0,3
2024010520158,2024,010520158,1,9,0,99,99,9,9,99,99,0,9,99,9,99,2,9,2,2,2,42,7,1395,8,9,AUDI A3,8,E01002239,0,1
2024041459611,2024,041459611,3,9,0,-1,19,1,5,-1,0,0,0,0,0,0,2,9,-1,6,2,30,6,999,1,3,AUDI A3,2,E01032608,0,4
2024010525170,2024,010525170,2,9,0,2,2,0,0,0,0,0,0,0,0,0,4,1,6,6,3,-1,-1,999,1,3,AUDI A3,-1,-1,0,-1
2024522402972,2024,522402972,2,9,0,16,19,6,8,0,0,2,0,0,0,0,3,1,6,6,1,36,7,1598,2,7,AUDI A3,3,E01014501,0,1
2024201471463,2024,201471463,2,9,0,-1,4,5,1,-1,0,0,0,7,0,0,2,1,-1,6,2,44,7,1968,2,10,AUDI A3,3,E01029635,0,2
2024501509166,2024,501509166,2,9,0,-1,9,7,3,-1,0,0,0,0,0,0,4,1,-1,9,1,28,6,1598,2,8,AUDI A3,7,E01020202,0,3
2024122401293,2024,122401293,2,9,0,3,3,3,7,0,0,1,0,0,0,0,2,1,6,6,2,62,9,1395,1,10,AUDI A3,8,E01034960,0,2
2024320733874,2024,320733874,1,9,0,-1,-1,2,6,0,0,8,0,0,0,0,1,1,1,1,1,41,7,1896,2,18,AUDI A3,5,E01034691,0,2
2024471402267,2024,471402267,1,9,0,-1,2,0,0,-1,0,0,0,99,0,0,4,1,-1,9,1,31,6,1598,2,8,AUDI A3,3,E01031444,0,1
2024161513207,2024,161513207,1,9,0,-1,19,1,5,-1,0,0,0,0,1,7,1,1,-1,9,2,27,6,1968,2,11,AUDI A3,5,E01013287,0,2
2024131462381,2024,131462381,1,9,0,-1,19,7,3,-1,0,1,0,0,0,0,1,1,-1,9,1,28,6,1598,2,9,AUDI A3,3,E01010834,0,3
2024622400878,2024,622400878,2,9,0,18,19,2,6,0,0,1,0,0,0,0,1,1,1,1,2,37,7,1395,8,1,AUDI A3,7,W01001953,0,1
2024332400997,2024,332400997,2,9,0,-1,19,8,4,-1,0,0,0,0,0,0,1,1,-1,9,2,29,6,1395,1,8,AUDI A3,10,E01025661,0,1
2024031399651,2024,031399651,1,9,0,-1,19,7,7,-1,0,0,0,0,0,0,1,1,-1,9,1,50,8,1395,8,8,AUDI A3,-1,-1,0,-1
2024361418588,2024,361418588,1,9,0,-1,9,8,5,-1,0,0,0,0,7,4,1,1,-1,6,2,32,6,1968,2,12,AUDI A3,8,E01026772,0,4
2024520402697,2024,520402697,4,9,0,2,2,0,0,0,0,1,0,0,0,0,2,1,6,6,3,-1,-1,1598,2,5,AUDI A3,-1,-1,0,-1
2024430621398,2024,430621398,2,9,0,11,11,7,3,0,0,0,0,0,0,0,1,1,6,6,2,60,9,1395,1,8,AUDI A3,-1,-1,0,-1
2024041418790,2024,041418790,1,9,0,-1,19,7,3,-1,0,0,0,0,0,0,1,1,-1,6,2,36,7,1896,2,16,AUDI A3,2,E01025503,0,1
2024141452111,2024,141452111,2,9,0,-1,19,1,5,-1,0,1,0,0,0,0,1,2,-1,9,1,64,9,1968,2,9,AUDI A3,2,E01007348,0,1
2024501461407,2024,501461407,1,9,0,-1,19,7,3,-1,0,2,1,7,0,0,1,1,-1,9,2,54,8,1598,2,9,AUDI A3,10,E01015160,0,1
2024041430196,2024,041430196,1,9,0,-1,19,1,5,-1,0,2,0,0,0,0,1,1,-1,9,2,36,7,1968,2,7,AUDI A3,4,E01025431,0,1
2024010510657,2024,010510657,4,9,0,1,1,6,1,0,0,3,0,0,8,7,1,1,6,6,1,23,5,3189,1,18,AUDI A3,6,E01021473,0,2
2024430518805,2024,430518805,2,9,0,18,19,5,1,0,0,1,0,0,0,0,1,1,6,6,1,30,6,1968,2,16,AUDI A3,9,E01028433,0,1
2024131541899,2024,131541899,1,9,0,-1,19,1,5,-1,0,0,5,0,0,0,1,1,-1,9,2,24,5,1498,1,3,AUDI A3,7,E01013026,0,4
2024010530503,2024,010530503,3,9,9,3,3,3,7,0,0,1,9,99,9,99,9,9,6,6,1,64,9,1498,1,3,AUDI A3,10,E01024752,0,3
2024302400225,2024,302400225,2,9,0,18,19,4,8,0,0,1,0,0,1,10,1,1,6,6,1,49,8,999,1,2,AUDI A3,3,E01013455,0,1
2024520403378,2024,520403378,2,9,0,18,19,6,2,0,0,3,0,0,4,6,4,1,6,6,1,42,7,4330,1,11,AUDI A3,6,E01029240,0,2
2024111553106,2024,111553106,1,9,0,-1,9,2,1,-1,0,8,0,0,0,0,1,1,-1,6,1,30,6,1968,2,17,AUDI A3,1,E01020902,0,3
2024041489807,2024,041489807,1,9,0,-1,19,3,7,-1,0,1,2,0,0,0,1,1,-1,6,1,18,4,999,1,6,AUDI A3,2,E01025291,0,1
2024010532878,2024,010532878,1,9,0,99,99,9,9,99,99,9,9,99,9,99,2,9,1,1,1,31,6,1968,2,2,AUDI A3,6,E01004637,0,1
2024311463974,2024,311463974,1,9,0,-1,19,4,8,-1,0,0,0,0,0,0,1,1,-1,9,1,19,4,1598,2,12,AUDI A3,-1,-1,0,-1
2024461449209,2024,461449209,1,9,0,-1,19,7,3,-1,0,0,0,0,0,0,1,9,-1,6,3,-1,-1,1395,1,8,AUDI A3,-1,-1,0,-1
2024211514068,2024,211514068,1,9,0,-1,9,8,6,-1,0,1,0,0,0,0,4,1,-1,6,1,19,4,1968,2,12,AUDI A3,3,E01029408,0,1
2024052402402,2024,052402402,2,9,0,18,19,1,5,0,0,8,0,0,0,0,1,1,2,2,2,22,5,1395,1,9,AUDI A3,4,E01006997,0,1
2024361510415,2024,361510415,1,9,0,-1,19,1,5,-1,0,0,0,0,0,0,3,1,-1,6,1,37,7,1798,1,16,AUDI A3,5,E01026727,0,4
2024010495486,2024,010495486,2,9,0,99,99,9,9,99,99,9,9,99,9,99,1,9,6,6,3,-1,-1,1395,1,11,AUDI A3,-1,-1,0,-1
2024141475898,2024,141475898,3,9,0,-1,2,0,0,-1,0,0,0,0,0,0,3,1,-1,6,-1,-1,-1,1598,2,9,AUDI A3,-1,-1,0,-1
2024061441878,2024,061441878,1,9,0,-1,19,-1,-1,-1,0,1,0,0,0,0,3,1,-1,9,2,44,7,1395,1,10,AUDI A3,8,E01005416,0,1
2024010524161,2024,010524161,2,9,0,99,99,9,9,99,99,0,9,99,9,99,9,9,6,6,3,-1,-1,1968,2,16,AUDI A3,6,E01030550,0,2
2024211519677,2024,211519677,1,9,0,-1,19,7,3,-1,0,0,1,0,7,0,3,1,-1,6,1,42,7,1395,8,0,AUDI A3,8,E01029579,0,3
2024061512150,2024,061512150,2,9,0,-1,3,6,2,-1,0,0,0,0,0,0,2,1,-1,2,1,26,6,1598,2,6,AUDI A3,2,E01006066,0,1
2024451491233,2024,451491233,2,9,0,-1,19,3,7,-1,0,8,0,0,0,0,4,1,-1,9,2,45,7,1598,2,8,AUDI A3,6,E01030464,0,1
2024332400661,2024,332400661,1,9,0,-1,9,7,5,-1,0,5,0,0,0,0,2,1,-1,2,1,34,6,1390,1,12,AUDI A3,4,E01013711,0,1
202454B745424,2024,54B745424,2,9,0,4,4,5,1,0,0,1,0,0,0,0,2,1,1,1,1,33,6,1896,2,14,AUDI A3,7,E01032002,0,1
202460Q158413,2024,60Q158413,1,9,0,16,19,7,3,0,0,0,0,0,7,4,1,1,6,6,1,20,4,1968,2,13,AUDI A3,-1,-1,0,-1
2024131499657,2024,131499657,1,9,0,-1,4,7,3,-1,0,0,0,0,0,0,4,1,-1,9,1,22,5,1598,2,11,AUDI A3,1,E01011363,0,1
2024430366940,2024,430366940,2,9,0,18,19,4,8,0,0,4,0,0,0,0,1,1,6,6,2,68,10,1896,2,17,AUDI A3,2,E01004721,0,4
2024320211602,2024,320211602,1,9,0,9,9,8,6,0,0,6,0,0,0,0,4,1,-1,-1,2,44,7,1498,1,6,AUDI A3,9,E01026293,0,1
2024451452643,2024,451452643,2,9,0,-1,19,7,3,-1,0,0,0,0,1,7,2,1,-1,2,1,52,8,1968,2,13,AUDI A3,3,E01034354,0,4
2024141420458,2024,141420458,1,9,0,-1,19,7,3,-1,0,2,1,0,0,0,1,1,-1,9,1,32,6,1598,2,13,AUDI A3,3,E01007781,0,1
2024461469677,2024,461469677,2,9,0,-1,19,5,1,-1,0,8,0,0,0,0,3,9,-1,6,1,29,6,1598,2,13,AUDI A3,9,E01024376,0,3
2024201448637,2024,201448637,1,9,0,-1,19,5,1,-1,0,1,0,0,0,0,1,9,-1,6,1,24,5,1598,2,7,AUDI A3,1,E01014260,0,4
2024201491835,2024,201491835,2,9,0,-1,3,6,2,-1,0,0,0,0,0,0,2,1,-1,6,1,27,6,1395,1,10,AUDI A3,7,E01010345,0,1
2024201499804,2024,201499804,5,9,0,-1,2,0,0,-1,0,0,0,0,0,0,3,1,-1,2,1,42,7,1968,2,13,AUDI A3,2,E01008894,0,1
2024201470420,2024,201470420,1,9,0,-1,19,8,4,-1,0,8,0,0,0,0,1,1,-1,6,2,28,6,1598,2,9,AUDI A3,-1,-1,0,-1
2024991436790,2024,991436790,1,9,0,-1,19,5,2,-1,0,0,0,0,2,0,1,2,-1,9,1,19,4,999,1,3,AUDI A3,-1,-1,0,-1
2024041412988,2024,041412988,2,9,0,-1,19,5,1,-1,0,0,1,0,0,0,1,1,-1,1,1,37,7,1896,2,15,AUDI A3,1,E01025224,0,1
2024231477724,2024,231477724,2,9,0,-1,19,6,3,-1,0,8,0,0,0,0,2,1,-1,1,1,53,8,1598,2,8,AUDI A3,1,E01031090,0,1
2024622400047,2024,622400047,1,9,0,18,19,2,6,0,0,0,1,0,0,0,1,1,6,6,1,33,6,1968,2,16,AUDI A3,9,W01001844,0,2
2024311408675,2024,311408675,1,9,0,-1,9,5,1,-1,1,1,0,0,0,0,2,1,-1,9,1,30,6,1595,1,15,AUDI A3,3,E01013971,0,1
2024141435781,2024,141435781,4,9,0,-1,19,6,3,-1,0,0,0,0,0,0,4,1,-1,2,1,21,5,1498,1,2,AUDI A3,6,E01007620,0,1
2024141488941,2024,141488941,1,9,0,-1,19,2,6,-1,0,1,0,0,0,0,1,1,-1,9,1,24,5,1968,2,15,AUDI A3,1,E01007809,0,1
2024421442076,2024,421442076,1,9,0,-1,9,4,1,-1,0,8,0,0,0,0,4,1,-1,2,1,29,6,1598,2,10,AUDI A3,10,E01021958,0,4
2024041413978,2024,041413978,1,9,0,-1,19,1,5,-1,0,0,1,0,1,11,1,1,-1,9,1,27,6,1968,2,12,AUDI A3,5,E01025325,0,1
2024161508925,2024,161508925,1,9,0,-1,19,3,1,-1,0,8,0,0,0,0,1,1,-1,6,1,52,8,1968,2,18,AUDI A3,1,E01012892,0,1
2024231491035,2024,231491035,2,9,0,-1,19,1,3,-1,0,8,0,0,0,0,0,1,-1,9,-1,28,6,1968,2,14,AUDI A3,10,E01031134,0,4
2024221498292,2024,221498292,2,9,0,-1,19,8,3,-1,0,0,0,0,0,0,1,9,-1,2,1,65,9,1968,2,12,AUDI A3,9,E01014022,0,2
2024010532270,2024,010532270,2,9,0,4,4,1,5,0,0,4,0,0,0,0,0,1,6,6,1,36,7,1798,1,10,AUDI A3,5,E01002613,0,2
2024041431558,2024,041431558,2,9,0,-1,19,1,5,-1,0,8,0,0,1,0,4,1,-1,6,1,39,7,1598,2,9,AUDI A3,1,E01012681,0,1
2024010516548,2024,010516548,2,9,0,18,19,6,2,0,0,1,0,0,0,0,4,1,6,6,1,40,7,1968,2,18,AUDI A3,2,E01003253,0,2
2024031424478,2024,031424478,1,9,0,-1,19,5,1,-1,0,0,0,0,0,0,1,1,-1,2,1,24,5,1598,2,8,AUDI A3,1,E01019095,0,4
2024010515087,2024,010515087,2,9,0,99,99,9,9,99,99,9,9,99,9,99,0,9,6,6,3,-1,-1,1968,2,16,AUDI A3,-1,-1,0,-1
2024201485842,2024,201485842,1,9,0,-1,5,8,4,-1,0,8,0,0,0,0,1,1,-1,9,2,21,5,1798,1,9,AUDI A3,-1,-1,0,-1
2024010522301,2024,010522301,2,9,0,99,99,9,9,99,99,9,9,99,9,99,1,9,6,6,3,-1,-1,1595,1,19,AUDI A3,-1,-1,0,-1
2024501494079,2024,501494079,2,9,0,-1,19,5,1,-1,0,1,0,0,0,0,3,1,-1,6,2,37,7,1968,2,12,AUDI A3,3,E01018925,0,2
2024221441615,2024,221441615,2,9,0,-1,4,4,8,-1,0,8,0,0,0,0,2,1,-1,6,1,29,6,999,1,6,AUDI A3,3,E01033620,0,4
2024131414297,2024,131414297,1,9,0,-1,19,7,3,-1,0,8,0,0,0,0,1,1,-1,6,3,-1,-1,1498,1,0,AUDI A3,-1,-1,0,-1
2024471477651,2024,471477651,4,9,0,-1,3,5,1,-1,0,0,0,0,0,0,2,1,-1,9,1,71,10,1395,1,8,AUDI A3,10,E01031615,0,2
2024531393655,2024,531393655,2,9,0,-1,19,2,6,-1,0,0,0,0,0,0,3,1,-1,9,2,45,7,1968,2,10,AUDI A3,6,E01022235,0,1
2024991451426,2024,991451426,2,9,0,-1,5,5,3,-1,0,8,0,0,0,0,2,1,-1,9,1,46,8,1598,2,10,AUDI A3,9,-1,0,1
2024520401961,2024,520401961,1,9,0,18,19,6,1,0,0,8,0,0,0,0,3,1,6,6,1,43,7,1968,2,9,AUDI A3,6,E01029317,0,1
2024201461347,2024,201461347,1,9,0,-1,19,6,8,-1,0,8,0,0,0,0,3,1,-1,6,1,35,6,1395,1,9,AUDI A3,3,E01009086,0,1
2024161434673,2024,161434673,1,9,0,-1,19,1,5,-1,0,1,0,0,0,0,4,9,-1,6,1,-1,-1,1968,2,1,AUDI A3,-1,-1,0,-1
2024522402209,2024,522402209,2,9,0,9,9,3,1,0,0,8,0,0,0,0,3,1,6,6,1,35,6,1984,1,18,AUDI A3,8,E01014826,0,2
2024131505339,2024,131505339,2,9,0,-1,19,1,5,-1,0,0,0,0,0,0,1,1,-1,9,2,32,6,1598,2,13,AUDI A3,2,E01011016,0,1
2024991503240,2024,991503240,2,9,0,-1,19,5,1,-1,0,1,0,0,0,0,1,1,-1,9,2,35,6,1395,1,9,AUDI A3,4,-1,0,1
2024522402681,2024,522402681,1,9,0,18,19,5,1,0,0,0,0,0,1,3,4,1,6,6,1,48,8,1395,1,7,AUDI A3,10,E01014903,0,1
2024201439726,2024,201439726,2,9,0,-1,9,1,2,-1,0,0,1,0,0,0,2,1,-1,9,2,31,6,1395,1,10,AUDI A3,1,E01008966,0,1
2024411489551,2024,411489551,2,9,0,-1,-1,-1,-1,-1,-1,-1,-1,-1,-1,0,2,9,-1,2,2,29,6,1197,1,8,AUDI A3,4,E01021853,0,2
2024010532277,2024,010532277,1,9,0,18,19,5,1,0,0,0,0,0,0,0,1,1,6,6,2,31,6,1595,1,13,AUDI A3,9,E01017470,0,4
2024302401767,2024,302401767,1,9,0,-1,13,5,1,-1,0,1,0,0,7,10,4,1,-1,9,1,17,4,999,1,6,AUDI A3,4,E01032613,0,1
2024991478645,2024,991478645,1,9,0,-1,19,4,7,-1,0,0,1,10,7,0,2,1,-1,6,1,28,6,1781,1,24,AUDI A3,1,-1,0,2
2024161516199,2024,161516199,1,9,9,-1,7,7,3,-1,0,1,9,99,0,0,9,9,-1,6,2,-1,-1,1595,2,15,AUDI A3,-1,-1,0,-1
2024421465603,2024,421465603,1,9,0,-1,13,4,8,-1,0,0,0,0,0,0,1,9,-1,6,1,34,6,1595,1,18,AUDI A3,7,E01034093,0,3
2024311438757,2024,311438757,1,9,0,-1,19,3,7,-1,0,1,0,0,0,0,1,1,-1,9,1,19,4,1968,2,13,AUDI A3,8,E01028264,0,1
2024211414720,2024,211414720,2,9,0,-1,7,4,6,-1,0,2,0,0,0,0,1,1,-1,6,1,19,4,1598,2,12,AUDI A3,2,E01029448,0,1
2024201465741,2024,201465741,2,9,0,-1,19,4,8,-1,0,4,0,0,0,0,2,9,-1,9,1,56,9,1968,2,10,AUDI A3,5,E01010069,0,1
2024461477140,2024,461477140,1,9,0,-1,1,1,5,-1,0,0,0,0,0,0,1,9,-1,6,1,79,11,1968,2,13,AUDI A3,10,E01024820,0,1
2024440258541,2024,440258541,1,9,0,3,3,8,4,0,0,0,0,0,0,0,2,1,2,2,1,36,7,1390,1,15,AUDI A3,3,E01017193,0,1
2024451452714,2024,451452714,3,9,0,-1,19,1,5,-1,0,2,0,0,0,0,4,2,-1,2,1,36,7,1968,2,8,AUDI A3,9,E01022846,0,3
2024421489510,2024,421489510,1,9,0,-1,19,3,7,-1,0,8,0,0,1,0,1,1,-1,2,1,17,4,999,1,7,AUDI A3,8,E01021793,0,1
2024131416289,2024,131416289,1,9,0,-1,19,4,8,-1,0,4,0,0,0,0,2,1,-1,9,1,22,5,1498,1,4,AUDI A3,4,E01010866,0,1
2024522401156,2024,522401156,3,9,0,13,13,8,4,0,0,2,0,0,0,0,0,1,6,6,3,-1,-1,1968,2,18,AUDI A3,-1,-1,0,-1
2024451420343,2024,451420343,2,9,0,-1,9,1,3,-1,0,8,0,0,0,0,4,1,-1,9,2,41,7,1598,2,12,AUDI A3,6,E01034290,0,1
2024332400136,2024,332400136,1,8,0,-1,19,6,2,-1,0,0,0,0,0,0,1,1,-1,6,1,-1,-1,1395,1,8,AUDI A3,-1,-1,0,-1
2024440032065,2024,440032065,4,9,0,4,4,6,2,0,0,0,0,0,0,0,2,1,2,2,1,35,6,1896,2,16,AUDI A3,2,E01022915,0,3
2024320294865,2024,320294865,3,9,0,-1,-1,8,4,0,0,2,0,0,0,0,2,1,1,1,1,23,5,1498,1,6,AUDI A3,6,E01026380,0,1
2024461419078,2024,461419078,1,9,0,-1,19,1,5,-1,0,0,0,0,0,0,1,1,-1,9,1,26,6,1595,1,17,AUDI A3,-1,-1,0,-1
2024332401188,2024,332401188,2,9,0,-1,2,0,0,-1,0,2,0,0,0,0,2,1,-1,6,3,-1,-1,1498,1,7,AUDI A3,-1,-1,0,-1
2024610023624,2024,610023624,2,9,0,18,19,8,4,0,0,4,0,0,0,0,1,1,1,1,1,32,6,1395,1,11,AUDI A3,4,W01001438,0,4
2024471438712,2024,471438712,1,9,0,-1,1,5,1,-1,0,2,0,0,0,0,2,9,-1,6,2,28,6,1798,1,12,AUDI A3,7,E01031349,0,1
2024010517724,2024,010517724,1,9,0,18,19,6,2,0,0,1,0,0,0,0,1,1,6,6,1,32,6,1498,1,6,AUDI A3,3,E01003357,0,1
2024010498970,2024,010498970,1,9,0,9,9,7,5,0,0,6,0,0,0,0,3,1,6,6,1,77,11,1968,2,10,AUDI A3,9,E01024724,0,4
2024131478278,2024,131478278,2,9,0,-1,9,4,7,-1,0,8,0,0,0,0,1,1,-1,6,1,38,7,1968,2,17,AUDI A3,3,E01011125,0,1
202454D548124,2024,54D548124,1,9,0,18,19,2,6,0,0,3,0,0,1,4,3,1,6,6,2,43,7,1598,2,12,AUDI A3,7,E01028728,0,4
2024061530208,2024,061530208,2,9,0,-1,19,2,6,-1,0,0,0,0,0,0,1,1,-1,9,1,27,6,1896,2,14,AUDI A3,1,E01025528,0,4
2024010511971,2024,010511971,1,9,0,7,7,5,7,0,0,8,1,0,7,0,4,1,6,6,1,18,4,999,1,0,AUDI A3,3,E01034219,0,1
2024471497859,2024,471497859,2,9,0,-1,2,0,0,-1,-1,2,0,4,0,0,2,1,-1,7,2,28,6,1968,2,15,AUDI A3,5,E01021047,0,1
2024010539750,2024,010539750,2,9,0,99,99,9,9,99,99,9,9,99,9,99,9,9,6,6,3,-1,-1,1498,1,0,AUDI A3,-1,-1,0,-1
2024010541079,2024,010541079,1,9,0,99,99,9,9,99,99,6,9,99,9,99,9,9,6,6,3,-1,-1,1197,1,14,AUDI A3,-1,-1,0,-1
2024430323243,2024,430323243,2,9,0,18,19,4,8,0,0,0,0,0,0,0,2,1,6,6,2,-1,-1,1595,1,15,AUDI A3,6,E01031234,0,4
2024371499610,2024,371499610,2,9,0,-1,19,2,6,-1,0,0,1,0,0,0,1,1,-1,1,1,32,6,1498,1,3,AUDI A3,3,E01016505,0,5
2024122401156,2024,122401156,1,9,0,7,7,5,7,0,0,5,0,0,0,0,1,1,6,6,1,48,8,1968,2,15,AUDI A3,6,E01027790,0,4
2024201433758,2024,201433758,1,9,0,-1,1,5,1,-1,0,0,0,4,0,0,2,1,-1,6,1,30,6,999,1,1,AUDI A3,-1,-1,0,-1
2024201456814,2024,201456814,1,9,0,-1,12,2,6,-1,0,3,0,0,0,0,1,9,-1,6,2,25,5,999,1,6,AUDI A3,1,E01009382,0,3
2024991513394,2024,991513394,1,9,0,-1,19,8,4,-1,0,0,0,0,0,0,1,1,-1,2,1,60,9,999,1,4,AUDI A3,-1,-1,0,-1
2024440176691,2024,440176691,1,9,0,18,19,4,8,0,0,0,0,0,1,11,1,1,6,6,1,27,6,1395,1,11,AUDI A3,9,E01022757,0,1
2024371503890,2024,371503890,2,9,0,-1,4,1,5,-1,0,0,0,0,0,0,2,1,-1,6,2,67,10,1595,1,20,AUDI A3,7,E01030007,0,3
2024231490366,2024,231490366,1,9,0,-1,19,4,8,-1,0,0,0,0,1,0,1,1,-1,6,1,31,6,1395,8,2,AUDI A3,5,E01009616,0,4
2024010543870,2024,010543870,2,9,0,-1,-1,1,5,0,0,1,0,0,0,0,0,1,6,6,3,-1,-1,1389,1,11,AUDI A3,-1,-1,0,-1
2024041515338,2024,041515338,2,9,0,-1,2,0,0,-1,0,1,0,4,0,0,1,1,-1,6,-1,-1,-1,1968,2,16,AUDI A3,-1,-1,0,-1
2024010501353,2024,010501353,1,9,0,1,1,8,4,0,0,0,0,0,0,0,0,1,6,6,3,-1,-1,1968,2,19,AUDI A3,-1,-1,0,-1
2024548010724,2024,548010724,3,9,0,5,5,1,5,0,0,2,0,0,0,0,1,1,6,6,1,23,5,1395,8,6,AUDI A3,-1,-1,0,-1
2024430312760,2024,430312760,1,9,0,16,19,4,7,0,0,0,1,0,2,10,1,1,6,6,3,-1,-1,1968,2,20,AUDI A3,-1,-1,0,-1
2024161537930,2024,161537930,2,9,0,-1,2,0,0,-1,0,1,0,0,0,0,3,1,-1,6,1,47,8,1968,2,12,AUDI A3,-1,-1,0,-1
2024010522114,2024,010522114,1,9,0,2,2,0,0,99,99,9,9,99,9,99,9,9,6,6,3,-1,-1,999,1,1,AUDI A3,-1,-1,0,-1
2024141511015,2024,141511015,1,9,0,-1,2,0,0,-1,0,0,0,0,0,0,3,1,-1,6,1,43,7,1598,2,9,AUDI A3,2,E01008112,0,2
2024421518184,2024,421518184,1,9,-1,-1,19,-1,-1,-1,0,0,0,0,0,0,-1,9,-1,6,3,-1,-1,1395,1,10,AUDI A3,-1,-1,0,-1
2024101433699,2024,101433699,1,9,0,-1,9,4,1,-1,0,2,0,0,0,0,3,1,-1,9,1,20,4,1380,1,13,AUDI A3,-1,-1,0,-1
2024340WN3072,2024,340WN3072,1,9,0,-1,9,5,1,-1,0,5,0,0,0,0,4,1,-1,6,3,-1,-1,1595,1,18,AUDI A3,-1,-1,0,-1
2024161508482,2024,161508482,1,9,0,-1,19,7,3,-1,2,1,0,0,0,0,3,1,-1,2,1,33,6,1968,2,15,AUDI A3,1,E01012850,0,1
2024631406951,2024,631406951,2,9,0,-1,9,8,6,-1,0,6,0,0,0,0,2,1,-1,9,2,33,6,1598,2,12,AUDI A3,7,W01000731,0,1
2024131411696,2024,131411696,2,9,0,-1,19,5,1,-1,0,8,0,0,0,0,4,1,-1,6,1,25,5,1896,2,16,AUDI A3,3,E01010703,0,1
2024010525950,2024,010525950,2,9,0,2,2,0,0,0,0,2,0,0,0,0,2,1,6,6,3,-1,-1,1395,8,0,AUDI A3,-1,-1,0,-1
2024201456042,2024,201456042,1,9,0,-1,14,-1,-1,-1,0,8,0,0,7,0,1,9,-1,6,3,-1,-1,1968,2,14,AUDI A3,-1,-1,0,-1
2024211472033,2024,211472033,2,9,0,-1,7,6,3,-1,0,6,0,0,1,0,1,1,-1,9,1,20,4,1968,2,18,AUDI A3,-1,-1,0,-1
2024131499967,2024,131499967,2,9,0,-1,2,0,0,-1,0,8,0,0,0,0,3,1,-1,6,-1,-1,-1,1498,1,3,AUDI A3,-1,-1,0,-1
2024010504776,2024,010504776,2,9,0,9,9,7,5,0,0,1,0,0,0,0,1,1,6,6,1,38,7,1984,1,21,AUDI A3,3,E01003979,0,1
2024141510990,2024,141510990,2,9,0,-1,2,0,0,-1,0,1,0,0,2,0,3,1,-1,6,-1,-1,-1,1390,1,14,AUDI A3,-1,-1,0,-1
2024520402986,2024,520402986,1,9,0,18,19,7,3,0,0,8,0,0,0,0,1,1,6,6,1,46,8,1395,1,10,AUDI A3,9,E01029263,0,1
2024311431280,2024,311431280,1,9,0,-1,19,3,7,-1,0,1,0,0,0,0,1,1,-1,9,2,33,6,1395,1,11,AUDI A3,3,E01033397,0,1
2024010499215,2024,010499215,3,9,0,3,3,3,7,1,1,1,0,0,0,0,2,2,6,6,1,48,8,1598,2,10,AUDI A3,4,E01003485,0,1
2024201474240,2024,201474240,1,9,0,-1,19,4,8,-1,0,2,0,0,0,0,1,1,-1,6,-1,-1,-1,1968,2,17,AUDI A3,-1,-1,0,-1
2024111529539,2024,111529539,4,9,0,-1,19,1,5,-1,0,0,0,0,0,0,1,1,-1,2,1,40,7,1595,1,14,AUDI A3,-1,-1,0,-1
2024471444258,2024,471444258,1,9,0,-1,19,1,5,-1,0,0,5,0,8,4,1,1,-1,9,1,77,11,1968,2,11,AUDI A3,8,E01030723,0,4