collision_index,collision_year,collision_ref_no,vehicle_reference,vehicle_type,towing_and_articulation,vehicle_manoeuvre_historic,vehicle_manoeuvre,vehicle_direction_from,vehicle_direction_to,vehicle_location_restricted_lane_historic,vehicle_location_restricted_lane,junction_location,skidding_and_overturning,hit_object_in_carriageway,vehicle_leaving_carriageway,hit_object_off_carriageway,first_point_of_impact,vehicle_left_hand_drive,journey_purpose_of_driver_historic,journey_purpose_of_driver,sex_of_driver,age_of_driver,age_band_of_driver,engine_capacity_cc,propulsion_code,age_of_vehicle,generic_make_model,driver_imd_decile,lsoa_of_driver,escooter_flag,driver_distance_banding
2024201501484,2024,201501484,2,9,0,-1,19,4,8,-1,0,0,0,0,0,0,3,9,-1,9,1,26,6,1598,2,11,AUDI A3,2,E01008999,0,2
2024540719924,2024,540719924,1,9,0,18,19,7,3,0,0,0,0,0,2,4,1,1,6,6,2,33,6,999,1,7,AUDI A3,9,E01015535,0,1
2024421410837,2024,421410837,1,9,0,-1,19,2,5,-1,0,1,0,0,0,0,1,1,-1,6,2,36,7,1968,2,12,AUDI A3,5,E01021753,0,1
2024991470520,2024,991470520,1,9,0,-1,19,1,5,-1,0,8,0,0,0,0,1,1,-1,6,1,45,7,999,1,5,AUDI A3,5,-1,0,2
2024041461300,2024,041461300,2,9,0,-1,2,1,5,-1,0,0,0,0,1,0,3,1,-1,6,-1,-1,-1,1595,1,17,AUDI A3,-1,-1,0,-1
202460Q089558,2024,60Q089558,4,9,0,18,19,1,5,0,0,0,0,0,0,0,0,1,6,6,1,54,8,1968,2,17,AUDI A3,-1,-1,0,-1
2024010499086,2024,010499086,2,9,9,99,99,9,9,0,0,9,9,0,0,0,9,9,6,6,3,57,9,1595,1,17,AUDI A3,4,E01003441,0,1
2024430357961,2024,430357961,3,9,0,2,2,0,0,0,0,0,0,0,0,0,2,1,6,6,3,78,11,1395,1,9,AUDI A3,-1,-1,0,-1
2024201467638,2024,201467638,1,9,0,-1,19,6,2,-1,0,0,5,4,0,0,1,9,-1,6,1,-1,-1,999,1,1,AUDI A3,-1,-1,0,-1
202454E732624,2024,54E732624,2,9,0,4,4,5,1,0,0,0,0,0,0,0,2,1,6,6,2,40,7,1498,1,7,AUDI A3,5,E01031982,0,3
2024351466996,2024,351466996,2,9,0,-1,19,1,5,-1,0,0,0,0,0,0,4,1,-1,6,1,20,4,1390,1,14,AUDI A3,10,E01013804,0,3
2024131516972,2024,131516972,1,9,0,-1,9,3,5,-1,0,0,0,0,0,0,1,1,-1,9,2,22,5,1598,2,14,AUDI A3,1,E01010653,0,1
2024010501764,2024,010501764,1,9,0,99,99,9,9,99,99,9,9,99,9,99,9,9,6,6,1,29,6,3189,1,19,AUDI A3,3,E01004305,0,1
2024201496881,2024,201496881,1,9,0,-1,2,0,0,-1,0,0,0,0,0,0,2,1,-1,2,1,34,6,1598,2,13,AUDI A3,-1,-1,0,-1
2024010518415,2024,010518415,1,9,0,9,9,8,6,0,0,6,0,0,0,0,0,1,6,6,2,54,8,1395,1,10,AUDI A3,6,E01000803,0,1
2024052401666,2024,052401666,1,9,0,9,9,7,5,0,0,6,0,0,0,0,3,1,6,6,1,28,6,1598,2,9,AUDI A3,8,E01006936,0,1
2024010529569,2024,010529569,2,9,0,99,99,9,9,0,0,9,0,0,9,99,0,9,6,6,1,-1,-1,1595,1,15,AUDI A3,5,E01001500,0,1
2024631464111,2024,631464111,1,9,0,-1,19,4,8,-1,0,0,0,0,2,10,1,1,-1,2,1,24,5,1984,1,16,AUDI A3,7,W01000579,0,1
2024041477137,2024,041477137,1,9,0,-1,19,7,3,-1,0,0,1,0,1,5,1,1,-1,2,1,38,7,1798,1,15,AUDI A3,9,E01025240,0,1
2024061410021,2024,061410021,2,9,0,-1,19,2,6,-1,0,1,0,0,0,0,4,1,-1,6,2,27,6,1598,2,10,AUDI A3,1,E01005353,0,1
2024430290358,2024,430290358,2,9,0,10,10,6,3,0,0,1,0,0,0,0,2,1,6,6,2,57,9,1968,2,15,AUDI A3,7,E01028431,0,1
2024501491548,2024,501491548,1,9,0,-1,19,1,5,-1,9,0,0,0,7,0,1,1,-1,9,1,58,9,1498,1,3,AUDI A3,6,E01015225,0,1
2024131439221,2024,131439221,1,9,0,-1,6,5,1,-1,0,0,0,0,0,0,1,1,-1,6,-1,-1,-1,1968,2,14,AUDI A3,-1,-1,0,-1
2024501468678,2024,501468678,1,9,0,-1,19,3,5,-1,0,8,1,0,7,0,3,9,-1,9,1,30,6,1968,2,12,AUDI A3,3,E01018766,0,4
2024340NN0072,2024,340NN0072,2,9,0,-1,19,6,2,-1,0,8,0,0,0,0,4,1,-1,9,2,26,6,1598,2,8,AUDI A3,8,E01027070,0,1
2024041525484,2024,041525484,1,9,0,-1,2,7,3,-1,0,0,0,4,0,0,1,1,-1,2,1,20,4,999,1,4,AUDI A3,6,E01025419,0,1
2024371472452,2024,371472452,2,9,0,-1,4,5,1,-1,0,1,0,0,0,0,2,1,-1,9,1,63,9,1984,1,13,AUDI A3,6,E01030273,0,1
2024201433966,2024,201433966,2,9,0,-1,2,0,0,-1,0,0,0,4,0,0,2,9,-1,9,1,34,6,1896,2,16,AUDI A3,3,E01034682,0,5
2024131473545,2024,131473545,1,9,0,-1,7,5,1,-1,0,8,0,0,0,0,1,2,-1,6,1,19,4,1598,2,12,AUDI A3,2,E01011485,0,1
2024991403073,2024,991403073,1,9,0,-1,7,3,6,-1,0,6,0,0,1,0,1,1,-1,9,1,37,7,1984,1,18,AUDI A3,2,-1,0,3
2024061493399,2024,061493399,1,9,0,-1,7,1,2,-1,0,1,0,0,0,0,4,1,-1,6,2,50,8,1598,2,11,AUDI A3,3,E01005013,0,1
2024041430920,2024,041430920,2,9,0,-1,9,6,2,-1,0,1,0,0,0,0,2,1,-1,9,2,28,6,1968,2,8,AUDI A3,7,E01025096,0,1
2024201465184,2024,201465184,2,9,0,-1,19,5,1,-1,0,8,0,0,0,0,3,1,-1,6,1,43,7,1598,2,13,AUDI A3,1,E01010288,0,3
2024302400661,2024,302400661,1,9,0,10,10,1,7,0,0,1,0,0,0,0,2,1,6,6,1,31,6,1498,1,0,AUDI A3,10,E01013527,0,1
2024440144242,2024,440144242,1,9,0,4,4,6,2,0,0,2,0,0,0,0,1,1,6,6,2,51,8,1395,8,0,AUDI A3,-1,-1,0,-1
2024440535353,2024,440535353,2,9,0,18,19,6,2,0,0,0,0,0,0,0,3,1,6,6,1,58,9,1498,1,3,AUDI A3,4,E01023088,0,2
2024010551038,2024,010551038,1,9,0,18,19,1,5,9,9,0,0,0,1,11,1,1,6,6,1,29,6,1498,1,4,AUDI A3,-1,-1,0,-1
2024010511846,2024,010511846,1,9,0,18,19,7,3,0,0,8,0,7,3,10,1,1,6,6,1,29,6,999,1,1,AUDI A3,3,E01001008,0,4
2024201471817,2024,201471817,2,9,0,-1,12,4,8,-1,0,8,0,0,0,0,2,9,-1,6,2,58,9,1968,2,10,AUDI A3,2,E01009317,0,1
2024161439708,2024,161439708,1,9,0,-1,19,1,5,-1,0,0,0,0,0,0,1,1,-1,9,2,32,6,1968,2,9,AUDI A3,5,E01007640,0,4
2024201427580,2024,201427580,1,9,0,-1,5,5,1,-1,0,4,0,0,0,0,3,9,-1,9,1,20,4,999,1,3,AUDI A3,7,E01032401,0,4
2024061417057,2024,061417057,2,9,0,-1,19,4,8,-1,0,0,0,0,0,0,2,9,-1,6,2,28,6,999,1,2,AUDI A3,7,E01005452,0,1
2024201463915,2024,201463915,2,9,0,-1,9,3,1,-1,0,6,0,0,0,0,1,1,-1,9,2,28,6,1598,2,11,AUDI A3,9,E01009826,0,2
2024131503100,2024,131503100,2,9,0,-1,5,6,2,-1,0,8,0,0,0,0,0,1,-1,9,2,33,6,1968,2,8,AUDI A3,4,E01010708,0,1
2024631500521,2024,631500521,1,9,0,-1,19,2,6,-1,0,0,1,0,1,7,1,1,-1,6,1,36,7,1968,2,12,AUDI A3,4,W01000516,0,4
2024201394856,2024,201394856,1,9,0,-1,19,4,2,-1,0,4,0,0,0,0,3,1,-1,6,3,-1,-1,1968,2,18,AUDI A3,4,E01009188,0,1
2024461499981,2024,461499981,1,9,0,-1,19,2,2,-1,0,1,5,10,8,4,1,1,-1,6,3,-1,-1,1896,2,15,AUDI A3,-1,-1,0,-1
2024141480414,2024,141480414,1,9,0,-1,7,4,6,-1,0,2,0,0,0,0,1,1,-1,9,1,25,5,1896,2,15,AUDI A3,8,E01007523,0,1
2024010524518,2024,010524518,2,9,0,7,7,5,6,0,0,8,0,0,0,0,1,1,6,6,2,41,7,1595,1,18,AUDI A3,7,E01001093,0,1
2024471488306,2024,471488306,1,9,0,-1,19,5,1,-1,0,0,0,0,0,0,1,1,-1,9,1,32,6,1968,2,17,AUDI A3,6,E01035335,0,1
2024421421911,2024,421421911,4,9,0,-1,19,7,3,-1,0,0,0,0,0,0,1,1,-1,9,2,48,8,1598,2,7,AUDI A3,3,E01034355,0,3
202407Q002101,2024,07Q002101,2,9,0,18,19,6,2,0,0,0,1,0,0,0,4,1,2,2,2,37,7,1498,1,5,AUDI A3,-1,-1,0,-1
2024010543959,2024,010543959,1,9,0,99,99,9,9,99,99,9,9,99,9,99,9,9,6,6,1,51,8,1798,1,10,AUDI A3,9,E01000181,0,1
2024471507760,2024,471507760,1,9,0,-1,4,3,7,-1,0,2,1,0,7,4,1,1,-1,9,1,20,4,1968,1,18,AUDI A3,3,E01031492,0,2
2024622400023,2024,622400023,1,9,0,8,8,4,6,0,0,5,0,0,0,0,3,1,6,6,2,26,6,1968,2,10,AUDI A3,3,W01002021,0,1
2024201519644,2024,201519644,1,9,0,-1,19,1,5,-1,0,0,1,0,0,0,1,1,-1,2,1,39,7,1598,2,9,AUDI A3,1,E01008898,0,1
2024430279608,2024,430279608,2,9,0,3,3,1,5,0,0,8,0,0,0,0,2,1,6,6,1,23,5,1896,2,15,AUDI A3,9,E01028634,0,1
2024471407717,2024,471407717,2,9,0,-1,19,3,7,-1,0,2,0,0,0,0,0,1,-1,6,2,28,6,1595,1,16,AUDI A3,6,E01035322,0,1
2024421466201,2024,421466201,2,9,0,-1,9,1,8,-1,0,0,0,0,0,0,1,1,-1,9,2,36,7,1968,2,18,AUDI A3,9,E01021943,0,1
2024440352087,2024,440352087,1,9,0,18,19,5,1,0,0,8,0,0,0,0,4,1,2,2,1,39,7,1896,2,15,AUDI A3,4,E01012713,0,5
2024320072936,2024,320072936,2,9,0,-1,-1,8,3,0,0,0,0,0,0,0,1,1,6,6,2,23,5,1498,1,6,AUDI A3,4,E01013534,0,4
2024061490797,2024,061490797,1,9,0,-1,3,-1,-1,-1,99,0,0,0,0,0,2,1,-1,9,2,31,6,1968,2,9,AUDI A3,3,E01006003,0,1
2024430366159,2024,430366159,2,9,0,18,19,8,4,0,0,4,0,0,0,0,0,1,6,6,2,27,6,1395,8,0,AUDI A3,6,E01016218,0,1
2024361397119,2024,361397119,2,9,0,-1,2,0,0,-1,0,0,0,0,0,0,3,2,-1,2,2,60,9,1968,2,17,AUDI A3,5,E01026776,0,3
2024421466226,2024,421466226,1,9,0,-1,1,5,1,-1,0,6,0,0,0,0,2,9,-1,6,3,-1,-1,1595,1,20,AUDI A3,-1,-1,0,-1
2024361510154,2024,361510154,1,9,0,-1,4,6,3,-1,0,0,2,10,0,0,3,1,-1,9,1,30,6,1968,2,11,AUDI A3,7,E01026436,0,3
2024131508628,2024,131508628,1,9,0,-1,9,5,7,-1,1,2,0,0,0,0,1,1,-1,9,1,23,5,1968,2,10,AUDI A3,5,E01011446,0,3
2024991496860,2024,991496860,2,9,0,-1,2,3,6,-1,0,2,0,0,0,0,2,1,-1,9,1,60,9,1968,2,8,AUDI A3,9,-1,0,2
2024010516998,2024,010516998,2,9,0,18,19,5,1,0,0,1,0,0,0,0,3,1,6,6,1,21,5,1984,1,8,AUDI A3,2,E01033148,0,1
2024430163703,2024,430163703,1,9,0,18,19,6,2,0,0,2,0,0,0,0,1,1,6,6,1,32,6,1595,1,20,AUDI A3,-1,-1,0,-1
2024311480137,2024,311480137,1,9,0,-1,5,3,7,-1,0,1,0,0,0,0,1,1,-1,6,2,34,6,1968,2,15,AUDI A3,2,E01028113,0,2
2024430602267,2024,430602267,2,9,0,1,1,7,3,9,9,9,0,0,0,0,2,1,6,6,1,-1,-1,1968,2,20,AUDI A3,-1,-1,0,-1
2024320604282,2024,320604282,1,9,0,-1,-1,4,8,0,0,1,5,4,0,0,1,1,6,6,2,21,5,1968,2,10,AUDI A3,10,E01034703,0,1
2024161422390,2024,161422390,2,9,0,-1,19,7,3,-1,0,0,0,0,0,0,3,1,-1,6,2,54,8,1498,1,6,AUDI A3,7,E01027673,0,4
2024461440487,2024,461440487,1,9,0,-1,9,3,7,-1,0,0,0,0,0,0,3,1,-1,6,3,30,6,1968,2,18,AUDI A3,-1,-1,0,-1
2024631456949,2024,631456949,1,9,0,-1,19,5,1,-1,0,0,0,0,0,0,1,1,-1,9,1,36,7,1968,2,12,AUDI A3,-1,-1,0,-1
2024010509765,2024,010509765,1,9,0,18,19,5,1,0,0,1,0,7,0,0,1,1,6,6,2,23,5,999,1,3,AUDI A3,5,E01001686,0,1
2024451404431,2024,451404431,2,9,0,-1,19,5,1,-1,0,0,0,0,0,0,1,9,-1,6,2,30,6,1498,1,4,AUDI A3,10,E01030777,0,1
2024501408927,2024,501408927,2,9,0,-1,3,1,5,-1,0,1,0,0,0,0,2,9,-1,6,1,23,5,1968,2,9,AUDI A3,6,E01018935,0,1
2024010545882,2024,010545882,1,9,0,9,9,1,6,0,0,6,0,0,0,0,1,1,6,6,2,59,9,999,1,7,AUDI A3,6,E01001803,0,1
2024010525525,2024,010525525,1,9,9,99,99,9,9,99,99,9,9,99,9,99,9,9,6,6,3,-1,-1,999,1,1,AUDI A3,-1,-1,0,-1
2024430237755,2024,430237755,1,9,0,17,19,7,3,0,0,2,2,0,1,4,1,1,6,6,1,24,5,1968,2,9,AUDI A3,7,E01016409,0,2
2024543265924,2024,543265924,2,9,0,18,19,2,6,0,0,1,0,0,0,0,1,1,6,6,1,22,5,1968,2,17,AUDI A3,1,E01015542,0,1
2024332401215,2024,332401215,1,9,0,-1,19,1,3,-1,0,0,2,10,1,11,1,1,-1,9,1,26,6,1968,2,19,AUDI A3,7,E01025898,0,2
2024010534366,2024,010534366,2,9,9,99,99,9,9,99,99,9,9,99,9,99,9,9,6,6,3,-1,-1,1395,1,9,AUDI A3,-1,-1,0,-1
2024010533812,2024,010533812,2,9,0,1,1,9,9,99,99,0,9,99,9,99,2,9,6,6,3,-1,-1,1395,1,10,AUDI A3,-1,-1,0,-1
2024451461344,2024,451461344,5,9,0,-1,3,3,7,-1,0,0,0,0,1,0,2,1,-1,9,2,35,6,1380,1,12,AUDI A3,8,E01030877,0,2
2024010517759,2024,010517759,1,9,0,18,19,7,3,0,0,0,0,0,0,0,1,1,6,6,2,35,6,1968,2,8,AUDI A3,4,E01002650,0,1
2024351450145,2024,351450145,1,9,-1,-1,-1,-1,-1,-1,-1,0,-1,-1,-1,0,-1,9,-1,6,1,25,5,1896,2,17,AUDI A3,1,E01012195,0,5
2024411538148,2024,411538148,3,9,0,-1,3,3,1,-1,0,2,0,0,0,0,2,1,-1,6,1,49,8,1968,2,13,AUDI A3,9,E01022081,0,3
2024010548870,2024,010548870,1,9,0,7,7,5,7,0,0,1,0,0,0,0,4,1,6,6,1,44,7,1498,1,4,AUDI A3,2,E01001673,0,1
2024411457093,2024,411457093,1,9,0,-1,10,1,5,-1,0,8,0,0,0,0,1,1,-1,6,2,33,6,1798,1,13,AUDI A3,10,E01023607,0,3
2024401435497,2024,401435497,2,9,0,-1,4,4,8,-1,0,0,0,0,0,0,0,9,-1,2,2,25,5,1498,1,3,AUDI A3,7,E01017423,0,1
2024471432011,2024,471432011,1,9,0,-1,19,7,3,-1,0,0,0,0,0,0,1,1,-1,9,1,21,5,1390,1,17,AUDI A3,2,E01021012,0,1
2024211456260,2024,211456260,1,9,0,-1,4,3,6,-1,0,1,0,0,0,0,1,1,-1,9,1,17,4,1395,1,12,AUDI A3,-1,-1,0,-1
2024052400786,2024,052400786,2,9,0,18,19,3,7,0,0,8,0,0,2,11,1,1,2,2,1,19,4,1968,2,14,AUDI A3,1,E01006728,0,2
2024302400961,2024,302400961,3,9,0,18,19,3,7,0,0,0,0,0,0,0,1,1,6,6,2,37,7,1598,2,10,AUDI A3,2,E01013499,0,2
2024401477294,2024,401477294,2,9,0,-1,3,1,5,-1,0,0,0,0,0,0,2,9,-1,2,2,59,9,1968,2,13,AUDI A3,2,E01015749,0,1
2024421523813,2024,421523813,2,9,0,-1,19,5,1,-1,0,0,0,0,0,0,3,1,-1,9,2,50,8,1395,1,11,AUDI A3,8,E01021407,0,3
2024010511964,2024,010511964,1,9,0,7,7,5,7,0,0,8,0,0,0,0,4,1,6,6,1,53,8,1498,1,6,AUDI A3,3,E01001823,0,1
2024401512971,2024,401512971,1,9,0,-1,19,5,1,-1,0,0,0,0,0,0,1,9,-1,6,1,43,7,1395,8,9,AUDI A3,10,E01016551,0,4
2024061416858,2024,061416858,1,9,0,-1,5,1,6,-1,0,0,0,0,0,0,1,1,-1,2,1,31,6,1598,2,9,AUDI A3,7,E01005373,0,1
2024461448857,2024,461448857,2,9,0,-1,5,-1,-1,-1,0,0,0,0,0,0,2,9,-1,6,1,26,6,1598,2,12,AUDI A3,5,E01024086,0,4
2024122400830,2024,122400830,1,9,0,16,19,4,8,0,0,0,1,0,0,0,1,1,2,2,1,22,5,1595,2,14,AUDI A3,2,E01010728,0,1
2024471497963,2024,471497963,2,9,0,-1,19,7,3,-1,0,1,0,0,0,0,1,1,-1,9,2,63,9,1968,2,15,AUDI A3,8,E01031420,0,3
2024631469039,2024,631469039,2,9,0,-1,9,4,2,-1,0,5,0,0,7,11,3,1,-1,9,2,39,7,1968,2,8,AUDI A3,8,W01000527,0,2
2024061400202,2024,061400202,2,9,0,-1,19,8,4,-1,0,0,0,0,0,0,2,1,-1,1,2,40,7,1968,2,11,AUDI A3,1,E01005639,0,3
2024471457208,2024,471457208,1,9,0,-1,9,5,1,-1,0,0,0,0,0,0,4,1,-1,9,2,85,11,1390,1,14,AUDI A3,10,E01031695,0,1
2024201454597,2024,201454597,1,9,0,-1,19,8,4,-1,0,0,0,0,0,0,1,9,-1,6,1,22,5,1968,1,19,AUDI A3,-1,-1,0,-1
2024332400305,2024,332400305,1,9,0,-1,10,4,2,-1,0,1,0,0,0,0,2,1,-1,2,2,26,6,1498,1,3,AUDI A3,10,E01025773,0,2
2024361417519,2024,361417519,1,9,0,-1,19,7,3,-1,0,8,0,0,0,0,1,1,-1,6,2,31,6,1968,2,10,AUDI A3,5,E01030281,0,3
2024311449657,2024,311449657,2,9,0,-1,8,2,3,-1,0,1,0,0,0,0,1,1,-1,6,1,21,5,1395,1,10,AUDI A3,-1,-1,0,-1
2024201411389,2024,201411389,2,9,0,-1,19,2,8,-1,0,0,0,10,7,0,3,1,-1,6,1,50,8,1598,2,9,AUDI A3,1,E01009892,0,1
2024101398475,2024,101398475,2,9,0,-1,4,5,5,-1,0,0,2,4,0,0,4,1,-1,2,1,33,6,1968,2,18,AUDI A3,-1,-1,0,-1
2024421417146,2024,421417146,1,9,0,-1,9,1,7,-1,0,8,0,0,0,0,1,1,-1,2,1,21,5,1896,2,22,AUDI A3,9,E01021257,0,3
2024131433681,2024,131433681,1,9,0,-1,-1,-1,-1,-1,-1,8,-1,-1,-1,0,-1,1,-1,6,3,-1,-1,1968,2,14,AUDI A3,-1,-1,0,-1
2024471507797,2024,471507797,2,9,0,-1,4,3,7,-1,0,1,0,0,0,0,2,1,-1,9,1,33,6,1395,1,8,AUDI A3,3,E01031409,0,1
2024440242280,2024,440242280,2,9,0,18,19,2,6,0,0,1,0,0,0,0,4,1,6,6,2,36,7,1968,2,17,AUDI A3,9,E01022643,0,1
202417S200324,2024,17S200324,2,9,0,18,19,6,2,0,0,0,0,0,0,0,1,1,6,6,1,28,6,1968,2,15,AUDI A3,-1,-1,0,-1
2024332401104,2024,332401104,1,9,0,-1,19,3,7,-1,0,0,5,0,7,11,1,1,-1,6,1,23,5,1197,1,9,AUDI A3,7,E01025826,0,1
2024461429592,2024,461429592,2,9,0,-1,3,6,2,-1,0,8,0,0,0,0,2,9,-1,6,2,35,6,1595,2,14,AUDI A3,9,E01024112,0,1
2024101502413,2024,101502413,1,9,0,-1,4,5,8,-1,0,0,0,0,0,0,1,1,-1,9,1,22,5,1968,2,19,AUDI A3,3,E01027462,0,1
2024421474327,2024,421474327,1,9,0,-1,19,7,3,-1,0,0,0,0,0,0,1,1,-1,6,3,-1,-1,1595,1,16,AUDI A3,-1,-1,0,-1
2024122401009,2024,122401009,2,9,0,18,19,4,8,0,0,0,0,0,0,0,1,1,6,6,1,20,4,1595,1,17,AUDI A3,9,E01027588,0,2
2024122500117,2024,122500117,2,9,0,4,4,6,1,0,0,1,0,0,0,0,2,1,6,6,1,30,6,1498,1,2,AUDI A3,7,E01013412,0,1
2024311531143,2024,311531143,1,9,0,-1,19,3,7,-1,0,0,0,0,0,0,1,1,-1,9,1,37,7,1968,2,12,AUDI A3,-1,-1,0,-1
2024010525318,2024,010525318,1,9,0,18,19,1,5,0,0,4,0,0,0,0,4,1,6,6,1,26,6,999,1,0,AUDI A3,-1,-1,0,-1
2024401534295,2024,401534295,1,9,0,-1,19,5,1,-1,0,0,0,0,0,0,1,1,-1,2,2,52,8,1968,2,10,AUDI A3,5,E01034429,0,2
2024622400388,2024,622400388,1,9,0,18,19,8,4,0,0,3,5,0,0,0,4,1,6,6,1,34,6,1896,2,15,AUDI A3,9,W01001029,0,4
2024461498671,2024,461498671,1,9,0,-1,19,5,1,-1,0,1,0,0,0,0,1,1,-1,6,1,51,8,1498,1,5,AUDI A3,10,E01033025,0,5
2024010520576,2024,010520576,1,9,0,99,99,9,9,99,99,9,9,99,9,99,2,9,2,2,1,31,6,1395,1,10,AUDI A3,5,E01001708,0,2
2024201441569,2024,201441569,2,9,0,-1,3,7,3,-1,0,0,0,0,0,0,4,1,-1,6,2,28,6,1395,1,8,AUDI A3,3,E01009084,0,1
2024010547168,2024,010547168,1,9,0,9,9,1,6,0,0,2,0,0,0,0,4,1,6,6,2,26,6,1395,1,11,AUDI A3,3,E01003269,0,3
2024041494032,2024,041494032,1,9,0,-1,6,7,3,-1,0,1,0,0,0,0,4,1,-1,7,2,42,7,1395,1,15,AUDI A3,4,E01005494,0,1
2024430065438,2024,430065438,1,9,0,11,11,8,4,0,0,0,0,0,0,0,4,1,6,6,1,27,6,1498,1,4,AUDI A3,5,E01033836,0,3
2024061400982,2024,061400982,2,9,0,-1,19,3,7,-1,0,8,0,0,0,0,1,1,-1,9,2,33,6,1595,2,14,AUDI A3,6,E01011074,0,3
2024430510766,2024,430510766,2,9,0,18,19,7,3,0,0,0,0,0,0,0,1,1,6,6,2,-1,-1,1498,1,5,AUDI A3,-1,-1,0,-1
2024430021603,2024,430021603,1,9,0,18,19,6,2,0,0,0,0,0,0,0,1,1,6,6,2,56,9,999,1,7,AUDI A3,8,E01028720,0,2
2024141521609,2024,141521609,2,9,0,-1,19,1,5,-1,0,0,0,0,0,0,2,1,-1,9,1,23,5,999,1,6,AUDI A3,5,E01034253,0,1
202417S404124,2024,17S404124,1,9,0,18,19,5,1,0,0,0,0,0,0,0,1,1,1,1,2,53,8,999,1,7,AUDI A3,4,E01012218,0,1
202454A372424,2024,54A372424,1,9,0,18,19,3,7,0,0,0,0,0,0,0,1,1,1,1,1,45,7,999,1,1,AUDI A3,7,E01032098,0,1
2024522401260,2024,522401260,3,9,0,3,3,5,1,0,0,0,0,0,0,0,2,1,6,6,2,34,6,1395,1,7,AUDI A3,10,E01014880,0,1
2024010513900,2024,010513900,1,9,9,99,99,9,9,99,99,9,9,99,9,99,9,9,6,6,3,-1,-1,1595,1,14,AUDI A3,-1,-1,0,-1
2024010527421,2024,010527421,1,9,0,99,99,9,9,99,99,9,9,99,9,99,2,9,6,6,2,37,7,999,1,3,AUDI A3,3,E01001186,0,2
2024041507795,2024,041507795,1,9,0,-1,9,7,4,-1,0,0,0,0,0,0,1,1,-1,9,2,26,6,1498,1,5,AUDI A3,8,E01025012,0,2
2024131482673,2024,131482673,2,9,0,-1,19,1,5,-1,0,8,0,0,0,0,4,1,-1,9,1,28,6,1968,2,12,AUDI A3,2,E01011253,0,1
2024052400334,2024,052400334,2,9,0,18,19,5,1,0,0,0,0,0,0,0,2,1,6,6,2,35,6,1968,2,1,AUDI A3,1,E01006567,0,2
2024522401209,2024,522401209,2,9,0,18,19,2,6,0,0,0,0,4,0,0,1,1,6,6,1,24,5,1395,8,6,AUDI A3,9,E01014993,0,1
2024010508082,2024,010508082,1,9,0,99,99,9,9,99,99,9,9,99,9,99,2,9,6,6,2,22,5,1390,1,16,AUDI A3,4,E01000488,0,2
2024440502971,2024,440502971,1,9,0,14,14,7,3,0,0,8,0,0,0,0,1,1,6,6,2,56,9,1968,2,17,AUDI A3,3,E01034713,0,1
2024311526710,2024,311526710,1,9,0,-1,19,3,8,-1,0,1,0,0,2,0,4,1,-1,6,1,20,4,1896,2,17,AUDI A3,-1,-1,0,-1
2024520401988,2024,520401988,1,9,0,18,19,2,6,0,0,0,1,0,1,7,1,1,6,6,2,28,6,1598,2,13,AUDI A3,9,E01029273,0,1
2024010539529,2024,010539529,1,9,9,99,99,9,9,99,99,9,9,99,9,99,9,1,2,2,2,28,6,1380,1,14,AUDI A3,3,E01003723,0,2
2024461456535,2024,461456535,2,9,0,-1,19,1,6,-1,0,6,0,0,0,0,2,1,-1,6,1,18,4,999,1,0,AUDI A3,4,E01024640,0,1
2024461426046,2024,461426046,2,9,0,-1,9,7,5,-1,0,8,0,0,0,0,4,1,-1,9,1,18,4,999,1,3,AUDI A3,3,E01024608,0,1
2024231523141,2024,231523141,2,9,0,-1,19,7,3,-1,0,8,0,0,0,0,1,1,-1,9,1,71,10,1968,2,12,AUDI A3,10,E01031202,0,1
2024340WN4332,2024,340WN4332,1,9,0,-1,15,3,7,-1,0,0,1,0,7,6,3,1,-1,9,1,31,6,1968,2,20,AUDI A3,6,E01027326,0,4
2024302500270,2024,302500270,2,9,0,-1,9,6,4,-1,0,8,0,0,0,0,2,1,-1,9,2,59,9,1498,1,4,AUDI A3,10,E01019610,0,2
2024440393478,2024,440393478,1,9,0,9,9,2,8,0,0,3,0,0,0,0,2,1,6,6,2,49,8,1197,1,12,AUDI A3,6,E01017200,0,1
2024471406534,2024,471406534,1,9,0,-1,19,7,3,-1,0,0,0,4,0,0,1,1,-1,6,1,56,9,1395,8,3,AUDI A3,1,E01016942,0,1
2024531507210,2024,531507210,1,9,0,-1,19,3,7,-1,0,1,0,0,0,0,1,1,-1,9,1,50,8,1896,2,16,AUDI A3,8,E01034781,0,3
2024440324524,2024,440324524,2,9,0,18,19,8,4,0,0,8,0,0,0,0,1,1,6,6,1,79,11,1968,2,18,AUDI A3,9,E01032877,0,1
2024440399130,2024,440399130,1,9,0,18,19,2,6,0,0,0,0,0,0,0,1,1,6,6,1,87,11,1798,1,11,AUDI A3,8,E01022703,0,4
2024131502909,2024,131502909,1,9,0,-1,19,7,4,-1,0,0,0,0,0,0,2,1,-1,9,2,24,5,1968,2,16,AUDI A3,4,E01011263,0,1
2024131438837,2024,131438837,1,9,0,-1,19,3,7,-1,0,0,0,0,1,4,1,1,-1,7,2,33,6,1968,2,14,AUDI A3,2,E01010619,0,1
2024411567945,2024,411567945,1,9,0,-1,19,3,7,-1,0,0,0,0,0,0,1,1,-1,6,1,20,4,999,1,4,AUDI A3,3,E01023865,0,1