collision_index,collision_year,collision_ref_no,vehicle_reference,vehicle_type,towing_and_articulation,vehicle_manoeuvre_historic,vehicle_manoeuvre,vehicle_direction_from,vehicle_direction_to,vehicle_location_restricted_lane_historic,vehicle_location_restricted_lane,junction_location,skidding_and_overturning,hit_object_in_carriageway,vehicle_leaving_carriageway,hit_object_off_carriageway,first_point_of_impact,vehicle_left_hand_drive,journey_purpose_of_driver_historic,journey_purpose_of_driver,sex_of_driver,age_of_driver,age_band_of_driver,engine_capacity_cc,propulsion_code,age_of_vehicle,generic_make_model,driver_imd_decile,lsoa_of_driver,escooter_flag,driver_distance_banding
2024320401144,2024,320401144,1,9,0,11,11,2,6,0,0,0,0,0,1,0,4,1,6,6,1,49,8,1968,2,4,AUDI A3,6,E01026100,0,3
2024411455207,2024,411455207,1,9,0,-1,19,6,2,-1,0,1,0,0,0,0,1,1,-1,6,2,66,10,1598,2,10,AUDI A3,9,E01017558,0,4
2024010523045,2024,010523045,2,9,0,18,19,3,7,0,0,1,0,0,0,0,1,1,6,6,2,30,6,1798,1,12,AUDI A3,5,E01003662,0,1
2024231479118,2024,231479118,2,9,0,-1,4,1,5,-1,0,1,0,0,0,0,2,9,-1,6,1,29,6,1598,2,11,AUDI A3,4,E01025988,0,4
2024010510466,2024,010510466,1,9,0,18,19,5,1,0,0,0,0,4,1,0,1,1,6,6,1,29,6,999,1,0,AUDI A3,6,E01000587,0,3
2024010516688,2024,010516688,2,9,0,18,19,5,1,0,0,1,0,0,0,0,1,1,6,6,1,89,11,1395,1,8,AUDI A3,9,E01004559,0,1
2024991533326,2024,991533326,2,9,0,-1,9,2,6,-1,0,0,0,0,0,0,2,1,-1,9,2,29,6,1896,2,16,AUDI A3,4,-1,0,2
2024231452029,2024,231452029,1,9,0,-1,19,2,6,-1,0,0,2,0,1,9,1,1,-1,9,1,42,7,1968,2,14,AUDI A3,8,E01031280,0,1
2024010521061,2024,010521061,2,9,0,9,9,5,4,0,0,5,0,0,0,0,4,1,6,6,1,31,6,1595,1,20,AUDI A3,8,E01004170,0,3
2024461482064,2024,461482064,2,9,0,-1,19,7,3,-1,0,0,1,0,2,0,3,9,-1,6,1,51,8,1395,8,3,AUDI A3,10,E01028534,0,5
2024201534784,2024,201534784,1,9,0,-1,7,1,4,-1,0,0,0,0,1,0,0,1,-1,6,1,25,5,1968,2,8,AUDI A3,-1,-1,0,-1
2024401482117,2024,401482117,2,9,0,-1,19,-1,-1,-1,0,8,0,0,0,0,3,1,-1,9,1,38,7,1595,1,12,AUDI A3,2,E01015735,0,1
2024141474962,2024,141474962,1,9,0,-1,19,1,5,-1,0,0,1,0,7,11,1,1,-1,9,1,23,5,1968,2,13,AUDI A3,4,E01007460,0,2
2024201447141,2024,201447141,1,9,0,-1,4,7,3,-1,0,8,0,0,0,0,2,1,-1,9,2,48,8,1395,1,9,AUDI A3,2,E01034932,0,1
2024461515350,2024,461515350,2,9,0,-1,2,0,0,-1,9,0,0,0,0,0,1,2,-1,6,2,53,8,999,1,6,AUDI A3,7,E01024558,0,1
2024311528130,2024,311528130,1,9,0,-1,19,3,7,-1,0,0,0,0,0,0,1,1,-1,6,1,-1,-1,1968,2,17,AUDI A3,-1,-1,0,-1
2024361398545,2024,361398545,1,9,0,-1,19,3,7,-1,0,0,0,0,0,0,1,1,-1,6,1,48,8,1896,2,16,AUDI A3,4,E01026695,0,4
2024131477567,2024,131477567,1,9,0,-1,19,1,1,-1,0,0,2,0,1,11,1,1,-1,9,1,18,4,1395,8,10,AUDI A3,2,E01005400,0,3
2024522403243,2024,522403243,2,9,0,1,1,6,2,0,0,8,0,0,0,0,2,1,6,6,3,-1,-1,999,1,0,AUDI A3,-1,-1,0,-1
2024545305824,2024,545305824,2,9,0,4,4,3,7,0,0,0,0,0,0,0,2,1,6,6,1,26,6,1595,2,14,AUDI A3,6,E01032030,0,3
2024131416416,2024,131416416,1,9,0,-1,19,3,7,-1,0,1,0,0,0,0,0,1,-1,6,1,46,8,1968,2,8,AUDI A3,3,E01011606,0,1
2024361459313,2024,361459313,1,9,0,-1,19,7,3,-1,0,8,0,0,0,0,4,1,-1,6,1,38,7,1595,2,14,AUDI A3,4,E01026846,0,1
2024061480905,2024,061480905,1,9,0,-1,5,5,1,-1,0,0,0,0,0,0,0,1,-1,6,2,31,6,1968,2,18,AUDI A3,2,E01005280,0,1
2024010536372,2024,010536372,1,9,0,5,5,5,1,0,0,2,0,0,0,0,1,1,6,6,2,32,6,1395,8,0,AUDI A3,9,E01016634,0,4
2024010504611,2024,010504611,2,9,0,99,99,9,9,99,99,9,9,99,9,99,9,9,6,6,3,49,8,999,1,5,AUDI A3,4,E01004760,0,1
2024010524218,2024,010524218,2,9,0,99,99,9,9,99,99,9,9,99,9,99,2,9,6,6,3,-1,-1,1595,1,18,AUDI A3,3,E01000385,0,4
2024131436685,2024,131436685,1,9,0,-1,19,7,5,-1,0,1,0,0,0,0,1,1,-1,9,1,51,8,1968,2,14,AUDI A3,2,E01010752,0,1
2024451519472,2024,451519472,2,9,0,-1,5,2,6,-1,0,0,0,0,0,0,3,1,-1,9,1,17,4,1598,2,12,AUDI A3,10,E01030682,0,1
2024010500504,2024,010500504,2,9,0,2,2,0,0,0,0,2,0,0,0,0,4,1,6,6,3,-1,-1,999,1,0,AUDI A3,-1,-1,0,-1
2024010518127,2024,010518127,1,9,0,99,99,9,9,99,99,0,9,99,9,99,2,9,6,6,2,26,6,1395,8,0,AUDI A3,7,E01004275,0,2
2024332400807,2024,332400807,3,9,0,-1,19,1,5,-1,0,0,1,0,7,9,3,1,-1,6,1,43,7,1968,1,18,AUDI A3,10,E01025648,0,1
2024211493721,2024,211493721,2,9,0,-1,19,8,3,-1,0,0,0,0,0,0,3,1,-1,2,1,36,7,1968,2,6,AUDI A3,4,E01006189,0,4
2024201470097,2024,201470097,1,9,0,-1,19,7,5,-1,0,1,0,0,0,0,1,9,-1,6,2,45,7,1595,1,19,AUDI A3,1,E01009124,0,1
2024131461094,2024,131461094,1,9,0,-1,19,3,5,-1,0,6,0,0,0,0,1,1,-1,6,3,-1,-1,1896,2,17,AUDI A3,-1,-1,0,-1
2024471459453,2024,471459453,1,9,0,-1,5,2,8,-1,0,6,0,0,0,0,1,1,-1,6,3,-1,-1,1896,2,17,AUDI A3,-1,-1,0,-1
2024371504463,2024,371504463,2,9,0,-1,2,0,0,-1,0,0,0,0,0,0,1,1,-1,6,-1,-1,-1,1968,2,14,AUDI A3,-1,-1,0,-1
2024522401465,2024,522401465,2,9,0,5,5,7,3,0,0,8,0,0,0,0,3,1,6,6,2,32,6,1498,1,2,AUDI A3,7,E01035217,0,2
2024041499878,2024,041499878,2,9,0,-1,9,3,7,-1,0,1,0,0,0,0,1,1,-1,1,1,35,6,1498,1,6,AUDI A3,4,E01006399,0,4
2024471478302,2024,471478302,1,9,0,-1,19,1,5,-1,0,0,0,0,2,2,4,1,-1,6,1,25,5,1498,1,6,AUDI A3,5,E01004232,0,4
2024101536177,2024,101536177,1,9,0,-1,9,6,1,-1,0,8,0,0,0,0,4,1,-1,6,1,40,7,1498,1,5,AUDI A3,10,E01027460,0,1
2024461492168,2024,461492168,2,9,0,-1,19,7,3,-1,0,0,1,0,0,0,1,1,-1,9,2,57,9,1984,1,6,AUDI A3,4,E01024586,0,1
2024221476374,2024,221476374,1,9,0,-1,13,8,5,-1,0,0,0,0,0,0,1,1,-1,6,1,25,5,1968,2,14,AUDI A3,1,E01032424,0,3
2024371517647,2024,371517647,1,9,0,-1,7,2,5,-1,0,0,0,0,0,0,4,1,-1,9,2,46,8,1598,2,13,AUDI A3,6,E01033126,0,1
2024010501919,2024,010501919,1,9,0,18,19,3,7,0,0,2,5,4,0,0,1,1,6,6,1,30,6,1968,2,19,AUDI A3,3,E01000055,0,1
2024361419752,2024,361419752,1,9,0,-1,19,7,3,-1,0,4,0,0,0,0,1,1,-1,9,1,54,8,1598,2,8,AUDI A3,5,E01026443,0,4
2024552401188,2024,552401188,1,9,0,1,1,6,2,0,0,0,0,0,0,0,2,1,6,6,2,56,9,1395,1,9,AUDI A3,10,E01016552,0,5
2024471413803,2024,471413803,1,9,0,-1,19,4,8,-1,0,0,0,0,0,0,1,9,-1,6,1,31,6,1896,2,16,AUDI A3,7,E01024809,0,3
2024141442878,2024,141442878,1,9,0,-1,19,3,7,-1,0,1,0,0,0,0,1,1,-1,2,2,35,6,1968,2,2,AUDI A3,9,E01007926,0,2
2024031447303,2024,031447303,2,9,0,-1,11,5,1,-1,0,0,0,0,0,0,4,1,-1,9,1,86,11,1498,1,7,AUDI A3,9,-1,0,5
2024201477133,2024,201477133,2,9,0,-1,19,4,8,-1,0,8,0,0,0,0,4,1,-1,1,1,25,5,1395,8,3,AUDI A3,5,E01031088,0,1
2024161496921,2024,161496921,2,9,0,-1,2,0,0,-1,0,2,0,0,0,0,1,1,-1,6,-1,-1,-1,1968,2,11,AUDI A3,-1,-1,0,-1
2024622400181,2024,622400181,4,9,0,3,3,2,6,0,0,0,0,0,0,0,2,1,6,6,1,52,8,1598,2,12,AUDI A3,9,W01001090,0,1
2024010521226,2024,010521226,1,9,0,9,9,3,1,0,0,8,0,0,0,0,3,1,6,6,2,36,7,1595,1,16,AUDI A3,4,E01001373,0,1
2024131396929,2024,131396929,1,9,0,-1,9,1,2,-1,0,2,0,0,0,0,3,1,-1,2,1,22,5,1390,1,13,AUDI A3,5,E01011356,0,1
2024421460564,2024,421460564,1,9,0,-1,6,1,5,-1,0,8,0,0,0,0,1,1,-1,6,1,59,9,1498,1,0,AUDI A3,3,E01003723,0,1
2024010528216,2024,010528216,1,9,0,99,99,9,9,99,99,0,9,99,9,99,2,9,6,6,1,51,8,1798,1,14,AUDI A3,9,E01002355,0,2
2024501418694,2024,501418694,1,9,0,-1,19,5,1,-1,0,0,0,0,0,0,4,9,-1,6,2,-1,-1,1968,2,17,AUDI A3,-1,-1,0,-1
2024131525801,2024,131525801,1,9,0,-1,9,2,6,-1,0,8,0,0,0,0,1,1,-1,6,-1,-1,-1,1968,2,18,AUDI A3,-1,-1,0,-1
2024141441692,2024,141441692,1,9,0,-1,19,7,3,-1,0,8,0,0,0,0,1,1,-1,6,-1,-1,-1,1896,2,16,AUDI A3,-1,-1,0,-1
2024440336460,2024,440336460,2,9,0,9,9,5,3,0,0,6,0,0,0,0,3,1,2,2,2,33,6,1896,2,17,AUDI A3,8,E01023048,0,2
2024430599569,2024,430599569,1,9,0,18,19,1,5,0,0,2,0,7,0,1,1,1,6,6,1,81,11,1197,1,12,AUDI A3,9,E01035760,0,3
2024501467572,2024,501467572,2,9,0,-1,2,0,0,-1,0,2,0,0,0,0,0,1,-1,6,-1,-1,-1,1984,1,17,AUDI A3,-1,-1,0,-1
2024041410568,2024,041410568,1,9,0,-1,9,1,5,-1,0,0,0,4,0,0,1,1,-1,6,1,-1,-1,1968,2,15,AUDI A3,-1,-1,0,-1
2024201482902,2024,201482902,2,9,0,-1,3,2,6,-1,0,1,0,0,0,0,2,9,-1,2,1,58,9,1598,2,13,AUDI A3,-1,-1,0,-1
2024041477083,2024,041477083,1,9,0,-1,7,7,1,-1,0,8,0,0,0,0,1,2,-1,6,3,-1,-1,1968,2,15,AUDI A3,-1,-1,0,-1
2024451456291,2024,451456291,1,9,0,-1,7,2,6,-1,0,0,1,0,7,7,3,1,-1,9,1,19,4,1390,1,12,AUDI A3,10,E01030773,0,1
2024201468706,2024,201468706,1,9,0,-1,19,1,5,-1,0,1,0,0,0,0,1,2,-1,6,3,30,6,1395,1,9,AUDI A3,-1,-1,0,-1
2024411466367,2024,411466367,1,9,0,-1,19,3,7,-1,0,1,0,0,0,0,1,1,-1,6,1,37,7,1984,1,14,AUDI A3,10,E01023550,0,1
2024201454882,2024,201454882,1,9,0,-1,19,6,2,-1,0,1,0,0,0,0,1,1,-1,6,1,27,6,1598,2,10,AUDI A3,1,E01009269,0,1
2024131397460,2024,131397460,1,9,0,-1,19,3,7,-1,0,0,0,0,0,0,1,1,-1,9,2,28,6,1598,2,11,AUDI A3,5,E01010788,0,1
2024161501231,2024,161501231,1,9,0,-1,19,5,3,-1,0,0,0,0,0,0,1,1,-1,6,2,55,8,1968,2,7,AUDI A3,5,E01012824,0,1
2024401519903,2024,401519903,1,9,0,-1,9,5,3,-1,0,8,0,0,0,0,1,1,-1,2,1,48,8,1896,2,22,AUDI A3,4,E01015792,0,1
2024332400599,2024,332400599,1,9,0,-1,19,1,3,-1,0,0,0,0,0,0,1,1,-1,2,1,35,6,1968,2,17,AUDI A3,9,E01025981,0,2
2024131436775,2024,131436775,1,9,0,-1,19,1,3,-1,0,1,0,0,6,0,1,1,-1,6,1,58,9,1595,2,14,AUDI A3,6,E01010957,0,1
2024340WN4802,2024,340WN4802,2,9,0,-1,19,5,1,-1,0,0,0,0,1,0,2,1,-1,2,1,31,6,1968,2,17,AUDI A3,5,E01035423,0,2
2024332401259,2024,332401259,2,9,0,-1,19,7,3,-1,0,0,0,0,0,0,1,1,-1,9,2,37,7,1896,2,16,AUDI A3,4,E01013663,0,1
2024010526483,2024,010526483,1,9,0,15,15,5,1,0,0,8,0,0,0,0,2,1,6,6,3,-1,-1,999,1,1,AUDI A3,-1,-1,0,-1
2024131408401,2024,131408401,2,9,0,-1,2,7,3,-1,0,0,0,0,0,0,1,1,-1,6,-1,-1,-1,1968,2,13,AUDI A3,-1,-1,0,-1
2024320461422,2024,320461422,2,9,0,-1,-1,6,2,0,0,8,0,0,0,0,1,1,-1,-1,1,37,7,1968,2,18,AUDI A3,8,E01026222,0,4
2024221398098,2024,221398098,2,9,0,-1,19,4,8,-1,0,0,0,0,1,0,1,1,-1,6,1,34,6,1498,1,6,AUDI A3,8,E01032320,0,2
2024201528790,2024,201528790,2,9,0,-1,19,2,6,-1,0,8,0,0,0,0,1,1,-1,9,1,30,6,1498,1,4,AUDI A3,-1,-1,0,-1
2024211516308,2024,211516308,1,9,0,-1,5,8,4,-1,0,1,0,0,0,0,4,1,-1,6,1,35,6,1598,2,11,AUDI A3,2,E01014340,0,4
2024010543015,2024,010543015,2,9,9,99,99,9,9,99,99,9,9,99,9,99,9,9,6,6,3,-1,-1,1395,1,10,AUDI A3,-1,-1,0,-1
2024520402614,2024,520402614,2,9,0,18,19,5,1,0,0,0,0,0,0,0,9,1,6,6,3,-1,-1,1498,1,6,AUDI A3,-1,-1,0,-1
2024010516154,2024,010516154,1,9,0,18,19,1,5,0,0,4,0,0,0,0,1,1,2,2,2,51,8,1395,1,8,AUDI A3,3,E01001436,0,1
2024010505028,2024,010505028,2,9,0,99,99,9,9,99,99,9,9,99,9,99,9,9,6,6,3,-1,-1,999,1,2,AUDI A3,8,E01017692,0,4
2024061473368,2024,061473368,1,9,0,-1,2,-1,-1,-1,0,1,0,0,0,0,2,1,-1,9,2,25,5,1598,2,11,AUDI A3,3,E01005761,0,1
2024201526906,2024,201526906,1,9,0,-1,19,6,2,-1,0,0,0,0,0,0,1,1,-1,6,1,28,6,1968,2,13,AUDI A3,3,E01009087,0,1
2024211484021,2024,211484021,1,9,0,-1,19,5,1,-1,0,0,0,0,0,0,1,1,-1,6,1,24,5,1968,2,18,AUDI A3,-1,-1,0,-1
2024041488119,2024,041488119,3,9,0,-1,2,8,4,-1,0,1,0,0,0,0,1,1,-1,6,-1,-1,-1,1595,2,14,AUDI A3,-1,-1,0,-1
2024010525034,2024,010525034,1,9,0,99,99,9,9,99,99,9,9,99,9,99,9,9,6,6,1,-1,-1,1595,1,19,AUDI A3,7,E01017826,0,3
2024201416760,2024,201416760,1,9,0,-1,7,3,5,-1,0,5,0,0,0,0,3,1,-1,6,1,39,7,1968,2,10,AUDI A3,4,E01008885,0,1
2024041436666,2024,041436666,3,9,0,-1,2,5,1,-1,9,0,0,0,0,0,1,1,-1,9,2,37,7,1598,2,8,AUDI A3,9,E01025451,0,2
2024552400689,2024,552400689,1,9,0,18,19,8,4,9,9,0,0,0,1,4,1,1,6,6,2,39,7,1968,2,19,AUDI A3,9,E01020367,0,1
2024451433424,2024,451433424,2,9,0,-1,9,0,2,-1,0,6,0,0,0,0,1,1,-1,7,1,36,7,1984,1,13,AUDI A3,10,E01030603,0,1
2024991508870,2024,991508870,1,9,0,-1,19,5,1,-1,0,1,0,0,0,0,3,1,-1,9,2,37,7,1896,2,17,AUDI A3,1,-1,0,1
2024221536438,2024,221536438,1,9,0,-1,19,3,8,-1,0,2,0,6,1,10,1,1,-1,6,1,41,7,1968,2,14,AUDI A3,6,E01032360,0,2
2024061485578,2024,061485578,1,9,0,-1,7,6,4,-1,0,0,0,10,1,2,1,1,-1,6,2,45,7,1968,2,1,AUDI A3,1,E01005099,0,1
2024430144328,2024,430144328,1,9,0,17,19,6,3,0,0,0,1,0,1,4,1,1,6,6,1,33,6,1595,1,15,AUDI A3,8,E01022558,0,2
2024122500173,2024,122500173,1,9,0,9,9,5,3,0,0,1,0,0,0,0,1,1,6,6,1,38,7,1968,2,8,AUDI A3,6,E01034984,0,1
2024430169367,2024,430169367,1,9,0,12,12,7,3,0,0,1,0,0,0,0,2,1,6,6,2,40,7,1395,1,10,AUDI A3,-1,-1,0,-1
2024201440675,2024,201440675,1,9,0,-1,9,8,7,-1,0,5,0,0,0,0,1,9,-1,6,1,58,9,1968,2,18,AUDI A3,5,E01010554,0,1
2024131527363,2024,131527363,2,9,0,-1,19,1,5,-1,0,1,1,0,0,0,4,1,-1,6,1,55,8,1968,2,12,AUDI A3,3,E01017220,0,5
2024401487905,2024,401487905,2,9,0,-1,19,5,1,-1,0,1,0,0,0,0,1,1,-1,6,1,37,7,1598,2,13,AUDI A3,3,E01015702,0,3
2024451414692,2024,451414692,2,9,0,-1,19,5,1,-1,0,0,1,0,1,11,1,1,-1,2,1,34,6,1968,1,17,AUDI A3,7,E01030628,0,1
2024101442111,2024,101442111,2,9,0,-1,19,4,8,-1,0,0,0,0,0,0,2,1,-1,6,2,30,6,1968,2,17,AUDI A3,1,E01008415,0,2
2024461533056,2024,461533056,1,9,0,-1,19,3,7,-1,0,1,0,0,0,0,1,1,-1,2,1,25,5,1595,1,16,AUDI A3,5,E01024704,0,4
2024991463732,2024,991463732,2,9,0,-1,5,7,5,-1,0,8,0,0,7,0,1,1,-1,9,1,53,8,1598,2,7,AUDI A3,8,-1,0,1
2024320294865,2024,320294865,2,9,0,-1,-1,8,4,0,0,2,0,0,0,0,2,1,1,1,1,41,7,1395,8,2,AUDI A3,8,E01007524,0,4
2024461489951,2024,461489951,1,9,0,-1,-1,-1,-1,-1,-1,0,-1,-1,-1,0,-1,9,-1,9,1,-1,-1,1968,2,17,AUDI A3,2,E01024257,0,4
2024211443719,2024,211443719,2,9,0,-1,19,2,2,-1,0,0,0,0,0,0,1,1,-1,2,2,42,7,1395,1,9,AUDI A3,8,E01029794,0,2
2024451440293,2024,451440293,1,9,0,-1,4,1,3,-1,0,0,0,0,1,0,2,9,-1,6,1,30,6,1984,1,18,AUDI A3,10,E01030878,0,2
2024320401261,2024,320401261,3,9,0,9,9,2,8,0,0,5,0,0,0,0,2,1,6,6,1,50,8,1968,2,14,AUDI A3,3,E01026060,0,2
2024451451395,2024,451451395,1,9,0,-1,19,1,5,-1,0,1,0,0,0,0,1,1,-1,6,3,54,8,1798,1,15,AUDI A3,3,E01030711,0,1
2024131507479,2024,131507479,2,9,0,-1,19,6,6,-1,0,1,0,0,0,0,1,1,-1,1,2,26,6,1498,1,6,AUDI A3,4,E01011876,0,1
2024531409615,2024,531409615,3,9,0,-1,19,3,7,-1,0,0,0,0,0,0,1,9,-1,6,1,38,7,1968,2,7,AUDI A3,8,E01022356,0,3
2024201464692,2024,201464692,1,9,0,-1,19,6,2,-1,0,1,0,0,0,0,1,1,-1,6,-1,-1,-1,1395,1,10,AUDI A3,-1,-1,0,-1
2024340WN6232,2024,340WN6232,2,9,0,-1,10,1,5,-1,0,8,0,0,0,0,2,1,-1,6,1,37,7,1498,1,6,AUDI A3,10,E01027283,0,1
2024061443612,2024,061443612,1,9,0,-1,19,-1,-1,-1,0,0,0,0,1,0,1,1,-1,6,2,-1,-1,1968,2,9,AUDI A3,6,E01025562,0,4
2024131395396,2024,131395396,1,9,0,-1,-1,-1,-1,-1,-1,-1,-1,-1,-1,0,-1,1,-1,6,3,-1,-1,1968,2,12,AUDI A3,-1,-1,0,-1
2024010493182,2024,010493182,1,9,0,18,19,1,5,2,2,0,1,4,0,0,2,1,6,6,1,42,7,1498,1,6,AUDI A3,4,E01001886,0,2
2024991484740,2024,991484740,2,9,0,-1,19,3,7,-1,0,8,0,0,1,0,1,1,-1,9,2,31,6,1896,2,16,AUDI A3,7,-1,0,1
2024311407728,2024,311407728,1,9,0,-1,19,4,5,-1,0,0,0,0,0,0,1,1,-1,6,2,50,8,1968,2,12,AUDI A3,1,E01013861,0,1
2024461407029,2024,461407029,1,9,0,-1,19,1,5,-1,0,1,0,0,0,0,1,1,-1,6,2,27,6,999,1,1,AUDI A3,3,E01024291,0,1
2024311410028,2024,311410028,1,9,0,-1,19,2,6,-1,0,1,0,0,0,0,1,1,-1,6,1,41,7,1968,2,12,AUDI A3,1,E01013821,0,3
2024061437610,2024,061437610,1,9,0,-1,9,5,2,-1,0,8,0,0,0,0,3,1,-1,9,1,32,6,1968,2,16,AUDI A3,1,E01005380,0,1
2024211470234,2024,211470234,1,9,0,-1,19,5,1,-1,0,4,0,0,0,0,1,1,-1,6,3,30,6,1395,8,9,AUDI A3,-1,-1,0,-1
2024991501329,2024,991501329,1,9,0,-1,9,3,7,-1,0,0,0,0,0,0,1,2,-1,2,2,37,7,999,1,2,AUDI A3,-1,-1,0,-1
2024041515262,2024,041515262,2,9,0,-1,4,5,1,-1,0,1,0,0,0,0,2,1,-1,9,2,46,8,1968,2,16,AUDI A3,2,E01006924,0,2
2024131444186,2024,131444186,3,9,0,-1,19,5,1,-1,0,0,0,0,0,0,1,1,-1,9,1,47,8,1968,2,9,AUDI A3,1,E01012271,0,4
2024201511515,2024,201511515,2,9,0,-1,19,6,2,-1,0,0,0,0,0,0,1,1,-1,6,1,53,8,1968,2,12,AUDI A3,1,E01010410,0,1
2024461450864,2024,461450864,1,9,0,-1,5,6,2,-1,0,1,0,0,0,0,1,1,-1,6,1,31,6,1968,2,20,AUDI A3,8,E01035013,0,1
2024211407342,2024,211407342,1,9,0,-1,6,6,6,-1,0,1,0,0,0,0,1,9,-1,1,1,30,6,1598,2,8,AUDI A3,2,E01014359,0,3
202460Q043365,2024,60Q043365,1,9,0,18,19,2,8,0,0,0,1,4,0,0,1,1,2,2,1,36,7,1395,8,2,AUDI A3,-1,-1,0,-1
2024421520944,2024,421520944,1,9,0,-1,19,3,6,-1,0,2,1,0,7,0,1,1,-1,2,1,28,6,1395,8,1,AUDI A3,9,E01022081,0,3
2024211542263,2024,211542263,1,9,0,-1,19,7,3,-1,0,0,0,0,0,0,3,1,-1,6,2,-1,-1,1498,1,1,AUDI A3,-1,-1,0,-1
2024340WN4112,2024,340WN4112,2,9,0,-1,8,2,7,-1,0,8,0,0,0,0,1,1,-1,9,1,26,6,1498,1,0,AUDI A3,3,E01027227,0,1
2024131418652,2024,131418652,1,9,0,-1,19,3,7,-1,0,0,1,0,0,0,1,1,-1,6,1,37,7,1968,2,2,AUDI A3,8,E01010790,0,4
2024101448226,2024,101448226,1,9,0,-1,19,5,1,-1,0,0,0,0,0,0,1,1,-1,9,1,30,6,1968,2,12,AUDI A3,4,E01035129,0,5
2024221449786,2024,221449786,1,9,0,-1,19,4,8,-1,0,4,0,0,0,0,1,1,-1,6,1,27,6,1968,2,10,AUDI A3,7,E01032401,0,3
2024041472718,2024,041472718,1,9,0,-1,5,2,6,-1,0,0,0,0,0,0,3,1,-1,9,1,38,7,1395,8,0,AUDI A3,8,E01006299,0,4
2024061401811,2024,061401811,1,9,0,-1,9,1,5,-1,0,5,0,0,0,0,3,9,-1,6,1,51,8,1598,2,9,AUDI A3,2,E01005889,0,1
2024311412025,2024,311412025,1,9,0,-1,19,1,5,-1,0,0,0,0,7,0,1,1,-1,2,1,54,8,1598,2,5,AUDI A3,-1,-1,0,-1
2024430463726,2024,430463726,1,9,0,9,9,2,1,0,0,5,0,0,0,0,1,1,6,6,2,67,10,1968,2,9,AUDI A3,7,E01016578,0,1
2024131436258,2024,131436258,2,9,0,-1,19,6,1,-1,0,0,0,0,0,0,1,1,-1,9,1,35,6,1595,1,19,AUDI A3,8,E01011945,0,1
2024440166693,2024,440166693,1,9,0,13,13,8,4,0,0,0,0,0,0,0,1,1,6,6,1,21,5,1968,2,13,AUDI A3,4,E01022834,0,4
2024010531336,2024,010531336,4,9,0,2,2,0,0,0,0,0,0,0,0,0,3,1,6,6,3,-1,-1,1498,1,4,AUDI A3,-1,-1,0,-1
2024131465135,2024,131465135,2,9,0,-1,19,1,5,-1,0,4,0,0,0,0,1,1,-1,2,2,21,5,1968,2,11,AUDI A3,1,E01010822,0,3
2024991469079,2024,991469079,1,9,0,-1,9,3,5,-1,9,5,1,4,1,2,1,1,-1,2,1,28,6,1968,2,14,AUDI A3,1,-1,0,1
2024201464339,2024,201464339,3,9,0,-1,2,0,0,-1,0,0,0,0,0,0,2,1,-1,6,-1,-1,-1,1498,1,6,AUDI A3,-1,-1,0,-1
2024991506284,2024,991506284,1,9,0,-1,9,6,8,-1,0,8,0,0,0,0,1,1,-1,6,2,57,9,1968,2,15,AUDI A3,7,-1,0,1
2024471527808,2024,471527808,1,9,0,-1,19,6,2,-1,0,2,0,11,7,4,1,1,-1,9,1,24,5,1968,2,15,AUDI A3,9,E01021158,0,1
2024101431844,2024,101431844,2,9,0,-1,19,5,1,-1,0,0,0,0,0,0,4,1,-1,9,1,20,4,999,1,0,AUDI A3,1,E01008836,0,2
2024031535381,2024,031535381,1,9,0,-1,1,1,5,-1,-1,0,0,0,0,0,2,1,-1,6,2,65,9,1395,1,9,AUDI A3,-1,-1,0,-1
2024052401764,2024,052401764,2,9,0,18,19,1,5,0,0,1,0,0,0,0,1,1,6,6,1,42,7,1598,2,11,AUDI A3,2,E01006477,0,1
2024070767011,2024,070767011,2,9,0,-1,19,5,1,-1,0,1,0,0,0,0,1,1,-1,1,1,40,7,1968,2,16,AUDI A3,7,E01032401,0,5
2024070228858,2024,070228858,1,9,0,9,9,4,8,0,0,1,0,0,0,0,2,1,6,6,2,52,8,1968,2,13,AUDI A3,8,E01018328,0,1
2024320305579,2024,320305579,2,9,0,-1,-1,8,5,0,0,2,0,0,0,0,4,1,-1,-1,1,50,8,1896,2,16,AUDI A3,1,E01026010,0,1
2024430590039,2024,430590039,1,9,0,9,9,8,6,0,0,1,0,0,0,0,3,1,2,2,2,25,5,1968,2,13,AUDI A3,10,E01028464,0,3
2024201448324,2024,201448324,1,9,0,-1,19,1,4,-1,9,0,2,0,1,1,1,9,-1,2,2,24,5,1498,1,0,AUDI A3,9,E01009433,0,2
2024471432684,2024,471432684,1,9,0,-1,19,6,2,-1,0,0,0,0,0,0,1,1,-1,1,2,33,6,1798,1,15,AUDI A3,4,E01021224,0,2
2024401545181,2024,401545181,1,9,0,-1,14,3,7,-1,0,0,0,0,7,0,1,1,-1,6,1,40,7,1498,1,6,AUDI A3,4,E01017512,0,3
2024991481923,2024,991481923,1,9,0,-1,20,6,2,-1,0,1,0,0,1,0,1,1,-1,9,1,70,10,1498,1,0,AUDI A3,10,-1,0,1
2024440443375,2024,440443375,1,9,0,18,19,5,1,0,0,0,0,0,0,0,1,1,6,6,1,21,5,1968,2,10,AUDI A3,5,E01023285,0,1
2024520402630,2024,520402630,2,9,0,18,19,5,8,0,0,0,0,0,0,0,1,1,6,6,1,21,5,1598,2,10,AUDI A3,3,E01029170,0,3
2024451508160,2024,451508160,1,9,0,-1,4,5,1,-1,0,0,0,0,0,0,2,1,-1,2,2,23,5,1598,2,10,AUDI A3,8,E01031393,0,4