collision_index,collision_year,collision_ref_no,vehicle_reference,vehicle_type,towing_and_articulation,vehicle_manoeuvre_historic,vehicle_manoeuvre,vehicle_direction_from,vehicle_direction_to,vehicle_location_restricted_lane_historic,vehicle_location_restricted_lane,junction_location,skidding_and_overturning,hit_object_in_carriageway,vehicle_leaving_carriageway,hit_object_off_carriageway,first_point_of_impact,vehicle_left_hand_drive,journey_purpose_of_driver_historic,journey_purpose_of_driver,sex_of_driver,age_of_driver,age_band_of_driver,engine_capacity_cc,propulsion_code,age_of_vehicle,generic_make_model,driver_imd_decile,lsoa_of_driver,escooter_flag,driver_distance_banding
2024131467346,2024,131467346,2,9,0,-1,2,1,5,-1,0,8,0,0,0,0,2,1,-1,6,-1,-1,-1,1968,2,8,AUDI A3,-1,-1,0,-1
2024161462371,2024,161462371,1,9,0,-1,19,3,7,-1,0,1,0,0,0,0,1,1,-1,6,1,24,5,1968,2,11,AUDI A3,9,E01013316,0,1
2024501445336,2024,501445336,1,9,0,-1,19,5,1,-1,0,0,0,0,2,11,1,1,-1,9,1,18,4,1390,1,14,AUDI A3,9,E01015033,0,2
2024010497004,2024,010497004,2,9,0,6,6,3,3,0,0,8,0,0,0,0,3,1,6,6,3,-1,-1,1197,1,10,AUDI A3,-1,-1,0,-1
2024010541893,2024,010541893,2,9,0,18,19,3,7,0,0,8,0,0,0,0,3,1,6,6,2,31,6,1498,1,6,AUDI A3,7,E01002351,0,3
2024201440715,2024,201440715,1,9,0,-1,19,7,4,-1,0,1,0,0,0,0,4,1,-1,2,1,43,7,1968,2,10,AUDI A3,3,E01009176,0,1
2024440186544,2024,440186544,2,9,0,18,19,2,6,0,0,1,0,0,1,2,1,1,6,6,1,29,6,1896,2,15,AUDI A3,4,E01017206,0,1
2024141415932,2024,141415932,1,9,0,-1,19,6,1,-1,0,4,0,0,0,0,1,1,-1,9,2,31,6,1968,2,11,AUDI A3,1,E01008061,0,1
2024010506948,2024,010506948,1,9,0,9,9,3,1,0,0,6,0,0,0,0,4,1,6,6,1,22,5,1197,1,13,AUDI A3,-1,-1,0,-1
2024010512061,2024,010512061,1,9,0,9,9,7,5,0,0,8,0,0,0,0,1,1,6,6,3,-1,-1,1598,2,10,AUDI A3,-1,-1,0,-1
2024061493225,2024,061493225,1,9,0,-1,19,4,8,-1,0,4,0,0,1,0,1,1,-1,9,1,26,6,1598,2,5,AUDI A3,1,E01033676,0,2
2024201468706,2024,201468706,2,9,0,-1,19,1,5,-1,0,2,0,0,0,0,2,1,-1,6,3,-1,-1,1598,2,10,AUDI A3,-1,-1,0,-1
2024320474414,2024,320474414,3,9,0,3,3,6,2,0,0,1,0,0,0,0,2,1,6,6,2,51,8,1598,2,11,AUDI A3,9,E01026304,0,2
2024031439512,2024,031439512,1,9,0,-1,9,2,7,-1,0,1,0,0,0,0,1,1,-1,9,2,21,5,1395,1,9,AUDI A3,6,E01019130,0,1
2024471477037,2024,471477037,1,9,0,-1,5,7,2,-1,0,4,0,0,0,0,1,1,-1,9,2,30,6,999,1,7,AUDI A3,8,E01031701,0,3
2024201516750,2024,201516750,1,9,0,-1,5,8,4,-1,0,0,0,0,0,0,3,1,-1,6,1,25,5,1598,2,8,AUDI A3,-1,-1,0,-1
2024231397603,2024,231397603,3,9,0,-1,19,5,1,-1,0,0,0,10,0,0,1,9,-1,6,1,37,7,1595,2,14,AUDI A3,10,E01031259,0,1
2024221449447,2024,221449447,2,9,0,-1,19,4,8,-1,0,0,0,0,0,0,1,9,-1,9,2,23,5,1896,2,16,AUDI A3,7,E01027262,0,4
2024631476251,2024,631476251,1,9,0,-1,19,8,4,-1,0,8,0,0,0,0,3,1,-1,2,1,22,5,1498,1,6,AUDI A3,8,W01000573,0,3
2024010537555,2024,010537555,2,9,0,99,99,9,9,99,99,9,9,99,9,99,9,9,6,6,1,21,5,999,1,0,AUDI A3,4,E01003090,0,1
2024440171724,2024,440171724,1,9,0,18,19,6,2,0,0,1,0,4,0,0,1,1,6,6,2,30,6,1197,1,13,AUDI A3,4,E01017258,0,1
2024201551785,2024,201551785,3,9,0,-1,2,0,0,-1,0,0,0,0,0,0,1,1,-1,9,1,42,7,1498,1,1,AUDI A3,10,E01009426,0,2
2024061472456,2024,061472456,1,9,0,-1,5,5,1,-1,0,1,0,0,0,0,1,1,-1,6,1,68,10,1395,1,9,AUDI A3,2,E01005652,0,1
2024552400205,2024,552400205,1,9,0,5,5,8,3,0,0,6,0,0,0,0,1,1,6,6,2,80,11,1598,2,11,AUDI A3,5,E01020452,0,4
2024991499159,2024,991499159,1,9,0,-1,19,7,3,-1,0,0,1,0,1,0,1,1,-1,9,2,72,10,1968,2,8,AUDI A3,7,-1,0,3
2024547724824,2024,547724824,1,9,0,5,5,7,3,0,0,1,1,0,0,0,1,1,1,1,1,58,9,1896,2,17,AUDI A3,8,E01034530,0,3
2024546093024,2024,546093024,1,9,0,9,9,5,3,0,0,5,0,0,0,0,4,1,6,6,1,23,5,1598,2,5,AUDI A3,9,E01015566,0,2
2024101399665,2024,101399665,3,9,0,-1,19,7,3,-1,0,1,0,0,0,0,2,1,-1,1,1,23,5,1395,8,2,AUDI A3,2,E01008487,0,3
2024010509649,2024,010509649,1,9,3,4,4,1,5,0,0,1,0,0,0,0,4,2,2,2,1,26,6,1395,1,8,AUDI A3,1,E01002034,0,1
2024440513877,2024,440513877,1,9,0,17,19,3,7,0,0,8,1,0,1,4,0,1,6,6,2,29,6,999,1,1,AUDI A3,8,E01016339,0,3
2024540320624,2024,540320624,2,9,0,2,2,0,0,0,0,0,0,0,0,0,3,1,6,6,2,42,7,1968,2,11,AUDI A3,9,E01032102,0,1
2024332400338,2024,332400338,1,9,0,-1,3,2,6,-1,0,1,0,0,0,0,2,1,-1,6,1,27,6,1968,2,11,AUDI A3,7,E01009613,0,4
2024451441633,2024,451441633,2,9,0,-1,4,6,2,-1,0,1,0,0,0,0,2,1,-1,9,1,39,7,1968,1,18,AUDI A3,7,E01030972,0,2
2024041490788,2024,041490788,1,9,0,-1,19,5,3,-1,0,0,0,0,0,0,1,1,-1,9,1,80,11,1598,2,10,AUDI A3,8,E01025551,0,1
2024131398307,2024,131398307,1,9,0,-1,2,1,1,-1,0,0,0,0,0,0,3,1,-1,1,1,54,8,1896,2,15,AUDI A3,2,E01011681,0,1
2024991405002,2024,991405002,3,9,0,-1,2,0,0,-1,9,0,0,0,0,0,3,1,-1,6,-1,-1,-1,1498,1,3,AUDI A3,-1,-1,0,-1
2024201398556,2024,201398556,1,9,0,-1,19,1,5,-1,0,0,0,0,0,0,1,9,-1,6,1,-1,-1,1498,1,4,AUDI A3,-1,-1,0,-1
2024471502922,2024,471502922,1,9,0,-1,19,2,7,-1,0,0,0,0,6,0,1,1,-1,9,1,44,7,1498,1,3,AUDI A3,3,E01021092,0,3
2024501468480,2024,501468480,1,9,0,-1,1,8,6,-1,0,1,0,0,0,0,2,1,-1,6,3,69,10,1984,1,7,AUDI A3,7,E01018879,0,1
2024211450779,2024,211450779,2,9,0,-1,19,5,1,-1,9,1,1,7,1,0,4,1,-1,9,1,21,5,1968,2,4,AUDI A3,-1,-1,0,-1
2024421467716,2024,421467716,1,9,0,-1,19,1,5,-1,0,0,0,0,7,0,1,1,-1,6,2,18,4,1968,2,16,AUDI A3,6,E01021362,0,1
2024041441630,2024,041441630,2,9,0,-1,4,1,5,-1,0,0,0,0,0,0,2,1,-1,1,1,34,6,1968,2,17,AUDI A3,1,E01025248,0,4
2024141408360,2024,141408360,1,9,0,-1,9,5,3,-1,0,8,0,0,0,0,4,1,-1,9,1,23,5,1968,2,11,AUDI A3,1,E01007948,0,1
2024010505219,2024,010505219,1,9,9,99,99,9,9,99,99,9,9,99,9,99,9,9,6,6,1,20,4,999,1,2,AUDI A3,3,E01004322,0,1
2024052402653,2024,052402653,1,9,0,18,19,3,7,0,0,0,2,0,1,0,1,1,2,2,1,18,4,1968,2,8,AUDI A3,5,E01006490,0,3
2024061502662,2024,061502662,2,9,0,-1,19,7,7,-1,0,1,0,0,0,0,4,1,-1,6,2,39,7,1598,2,9,AUDI A3,2,E01034110,0,1
2024320209130,2024,320209130,2,9,0,-1,-1,8,4,0,0,8,0,0,0,0,1,1,-1,-1,1,55,8,1598,2,8,AUDI A3,3,E01026041,0,3
2024501411825,2024,501411825,2,9,0,-1,19,8,4,-1,0,8,0,0,0,0,1,1,-1,6,3,-1,-1,1896,2,18,AUDI A3,-1,-1,0,-1
2024440309450,2024,440309450,2,9,0,9,9,3,1,0,0,1,0,0,0,0,3,1,6,6,1,42,7,1598,2,5,AUDI A3,10,E01022856,0,1
2024141409595,2024,141409595,1,9,0,-1,7,1,4,-1,0,1,1,10,0,0,1,1,-1,9,1,29,6,1968,2,10,AUDI A3,2,E01007942,0,1
2024010515743,2024,010515743,1,9,0,99,99,9,9,99,99,9,9,99,9,99,1,9,6,6,3,-1,-1,999,1,1,AUDI A3,4,E01003841,0,1
2024111551210,2024,111551210,2,9,0,-1,19,4,1,-1,0,1,0,0,0,0,4,1,-1,9,2,83,11,1968,2,8,AUDI A3,2,E01020743,0,2
2024991396306,2024,991396306,2,9,0,-1,5,5,1,-1,0,0,0,0,0,0,2,1,-1,9,2,31,6,1968,2,11,AUDI A3,1,-1,0,1
2024101508898,2024,101508898,2,9,0,-1,9,7,5,-1,0,8,0,0,0,0,1,1,-1,9,1,24,5,1896,2,16,AUDI A3,5,E01008362,0,1
2024461476365,2024,461476365,1,9,0,-1,19,3,7,-1,0,0,0,0,0,0,4,9,-1,2,1,21,5,1498,1,4,AUDI A3,4,E01024134,0,1
2024010535817,2024,010535817,2,9,0,18,19,5,1,0,0,1,0,0,1,0,1,1,6,6,3,-1,-1,1595,1,18,AUDI A3,-1,-1,0,-1
2024122500057,2024,122500057,2,9,0,18,19,7,3,0,0,0,0,0,0,0,4,1,2,2,2,36,7,1498,1,7,AUDI A3,6,E01034965,0,1
2024131450894,2024,131450894,2,9,0,-1,19,1,5,-1,0,0,0,0,0,0,3,1,-1,1,1,30,6,1968,2,12,AUDI A3,10,E01010648,0,3
2024311463825,2024,311463825,1,9,0,-1,12,6,4,-1,0,0,0,0,0,0,1,1,-1,1,1,30,6,1598,2,8,AUDI A3,4,E01019522,0,1
2024061530968,2024,061530968,1,9,0,-1,7,1,7,-1,0,1,0,0,0,0,4,1,-1,9,1,57,9,1968,2,17,AUDI A3,1,E01005009,0,3
2024522401830,2024,522401830,2,9,0,18,19,2,6,0,0,2,0,0,0,0,4,1,6,6,1,29,6,1968,2,3,AUDI A3,5,E01033350,0,4
2024010545356,2024,010545356,3,9,0,3,3,1,5,0,0,0,0,0,0,0,2,1,6,6,2,25,5,1498,1,0,AUDI A3,8,E01003677,0,1
2024421480402,2024,421480402,1,9,0,-1,19,5,1,-1,0,0,0,0,0,0,1,1,-1,9,2,20,4,1598,2,10,AUDI A3,10,E01035557,0,4
2024041405050,2024,041405050,2,9,0,-1,19,3,7,-1,0,1,0,0,0,0,1,1,-1,9,2,30,6,1968,2,17,AUDI A3,1,E01012596,0,1
2024461406835,2024,461406835,2,9,0,-1,19,3,5,-1,0,0,0,0,0,0,0,1,-1,1,1,41,7,1395,8,0,AUDI A3,3,E01032810,0,4
2024320750454,2024,320750454,1,9,0,-1,-1,2,6,0,0,0,0,0,0,0,1,1,-1,-1,2,58,9,1984,1,6,AUDI A3,8,E01026394,0,1
2024010542564,2024,010542564,1,9,0,4,4,1,5,0,0,1,1,0,0,0,1,1,6,6,3,23,5,999,1,0,AUDI A3,-1,-1,0,-1
2024231524944,2024,231524944,1,9,0,-1,9,3,1,-1,0,6,0,0,1,7,1,9,-1,6,3,25,5,1968,2,10,AUDI A3,-1,-1,0,-1
2024440340754,2024,440340754,1,9,0,13,13,6,2,0,0,0,1,0,8,4,1,1,6,6,1,52,8,1968,2,19,AUDI A3,4,E01022576,0,3
2024141526675,2024,141526675,1,9,0,-1,9,8,6,-1,0,1,0,0,0,0,2,1,-1,9,2,39,7,1498,1,7,AUDI A3,6,E01007404,0,1
2024471426600,2024,471426600,1,9,0,-1,19,6,6,-1,0,0,1,0,8,4,3,1,-1,9,1,27,6,1968,2,20,AUDI A3,9,E01031727,0,1
2024131511020,2024,131511020,1,9,0,-1,9,3,7,-1,0,2,0,0,0,0,1,1,-1,9,2,40,7,999,1,1,AUDI A3,1,E01011255,0,1
2024411409704,2024,411409704,1,9,0,-1,9,1,7,-1,0,0,0,0,0,0,3,1,-1,1,1,50,8,1595,1,16,AUDI A3,7,E01001537,0,3
2024522402842,2024,522402842,2,9,0,2,2,0,0,0,0,0,0,0,0,0,1,1,6,6,3,-1,-1,1595,1,17,AUDI A3,-1,-1,0,-1
2024430232121,2024,430232121,1,9,0,9,9,6,4,0,0,6,0,0,0,0,1,1,1,1,1,24,5,1598,2,9,AUDI A3,10,E01017930,0,3
2024520402228,2024,520402228,2,9,0,18,19,5,1,0,0,0,0,0,0,0,1,1,6,6,1,74,10,1798,1,10,AUDI A3,10,E01014850,0,4
2024552400532,2024,552400532,1,9,0,15,15,7,4,0,0,8,0,0,0,0,3,1,6,6,1,33,6,1598,2,7,AUDI A3,8,E01020504,0,1
2024111484701,2024,111484701,1,9,0,-1,19,7,3,-1,0,1,2,0,1,4,1,1,-1,6,2,39,7,1595,2,14,AUDI A3,1,E01008800,0,3
2024501461891,2024,501461891,2,9,0,-1,19,8,4,-1,0,1,0,0,0,0,1,1,-1,9,1,20,4,1598,2,11,AUDI A3,5,E01018757,0,4
2024010546445,2024,010546445,2,9,0,-1,-1,7,3,0,0,8,0,0,0,0,3,1,6,6,2,29,6,1395,1,8,AUDI A3,-1,-1,0,-1
2024041443104,2024,041443104,1,9,0,-1,7,5,1,-1,0,1,0,0,0,0,1,1,-1,1,1,51,8,1968,2,8,AUDI A3,1,E01025070,0,1
2024471473256,2024,471473256,2,9,0,-1,19,6,2,-1,0,0,0,0,0,0,2,9,-1,6,1,22,5,1896,2,15,AUDI A3,4,E01029342,0,5
2024501424750,2024,501424750,4,9,0,-1,2,0,0,-1,0,0,0,0,0,0,2,1,-1,6,-1,-1,-1,1498,1,5,AUDI A3,-1,-1,0,-1
2024211528128,2024,211528128,2,9,0,-1,2,2,4,-1,0,1,0,0,0,0,1,1,-1,9,1,36,7,1598,2,10,AUDI A3,-1,-1,0,-1
2024520401526,2024,520401526,2,9,0,18,19,2,6,0,0,0,0,0,0,0,3,1,6,6,2,30,6,1390,1,16,AUDI A3,9,E01029263,0,1
2024471430153,2024,471430153,1,9,0,-1,19,4,8,-1,0,2,0,0,0,0,1,9,-1,6,3,-1,-1,1968,2,17,AUDI A3,-1,-1,0,-1
2024411412774,2024,411412774,2,9,0,-1,9,3,1,-1,0,6,0,0,0,0,3,1,-1,6,1,25,5,1798,1,14,AUDI A3,10,E01020401,0,5
2024010500196,2024,010500196,2,9,0,99,99,9,9,99,99,9,9,99,9,99,9,9,6,6,3,-1,-1,1395,1,10,AUDI A3,-1,-1,0,-1
2024041517511,2024,041517511,1,9,0,-1,9,3,7,-1,0,2,0,0,0,0,1,9,-1,6,1,65,9,1498,1,0,AUDI A3,2,E01012590,0,1
2024311526887,2024,311526887,3,9,0,-1,19,7,3,-1,0,1,0,0,0,0,1,1,-1,6,1,39,7,1896,2,15,AUDI A3,3,E01028248,0,1
2024111444189,2024,111444189,1,9,0,-1,11,3,7,-1,0,0,0,0,0,0,4,1,-1,6,2,52,8,1968,2,13,AUDI A3,6,E01012366,0,1
2024010516002,2024,010516002,1,9,0,7,7,8,2,5,5,5,0,0,0,0,1,1,6,6,1,18,4,999,1,1,AUDI A3,5,E01001247,0,3
2024041405019,2024,041405019,2,9,0,-1,4,5,1,-1,0,1,0,0,0,0,2,1,-1,6,1,31,6,999,1,1,AUDI A3,1,E01012671,0,1
2024201514512,2024,201514512,1,9,0,-1,19,4,8,-1,0,0,0,0,0,0,1,1,-1,6,2,29,6,1968,2,16,AUDI A3,4,E01009879,0,1
2024141475375,2024,141475375,2,9,0,-1,19,1,5,-1,0,0,0,0,0,0,1,1,-1,9,1,69,10,1598,2,12,AUDI A3,3,E01035506,0,4
2024131470105,2024,131470105,2,9,0,-1,19,7,3,-1,0,0,0,0,0,0,3,1,-1,9,1,53,8,1595,1,15,AUDI A3,4,E01006846,0,4
2024471495049,2024,471495049,2,9,0,-1,2,0,0,-1,0,1,0,0,0,0,2,9,-1,6,-1,-1,-1,1968,2,16,AUDI A3,-1,-1,0,-1
2024361483155,2024,361483155,1,9,0,-1,19,1,1,-1,0,3,0,0,0,0,1,1,-1,9,1,23,5,1395,1,11,AUDI A3,10,E01032139,0,5
2024010499312,2024,010499312,1,9,0,7,7,1,3,0,0,3,0,0,0,0,1,1,2,2,1,22,5,1595,1,19,AUDI A3,7,E01003419,0,1
2024041496779,2024,041496779,2,9,0,-1,19,1,5,-1,0,0,0,0,0,0,1,1,-1,2,1,26,6,1968,2,16,AUDI A3,7,E01024999,0,2
2024011467581,2024,011467581,2,9,0,-1,-1,1,3,-1,-1,0,0,0,0,0,2,9,-1,-1,1,33,6,1395,1,8,AUDI A3,-1,-1,0,-1
2024501515448,2024,501515448,1,9,0,-1,19,2,6,-1,0,0,5,0,2,10,4,1,-1,9,2,37,7,1896,2,16,AUDI A3,4,E01034849,0,1
2024501499704,2024,501499704,2,9,0,-1,19,5,2,-1,0,2,0,10,0,0,3,1,-1,9,1,23,5,1968,2,16,AUDI A3,2,E01018857,0,2
2024031449812,2024,031449812,2,9,0,-1,9,5,2,-1,0,6,0,0,0,0,1,1,-1,6,1,20,4,1968,2,13,AUDI A3,-1,-1,0,-1
2024440546251,2024,440546251,2,9,0,5,5,1,5,0,0,6,0,0,0,0,1,1,2,2,1,43,7,1896,2,15,AUDI A3,1,E01027431,0,5
2024061464268,2024,061464268,2,9,0,-1,19,2,6,-1,0,0,0,0,0,0,1,1,-1,9,1,74,10,1968,2,14,AUDI A3,8,E01011205,0,4
2024010517047,2024,010517047,2,9,0,99,99,9,9,99,99,9,9,99,9,99,9,9,6,6,3,-1,-1,1498,1,1,AUDI A3,-1,-1,0,-1
2024201504058,2024,201504058,1,9,0,-1,19,5,1,-1,0,7,0,0,0,0,1,9,-1,6,1,25,5,1598,2,9,AUDI A3,-1,-1,0,-1
2024211501356,2024,211501356,1,9,0,-1,4,3,5,-1,0,0,0,0,0,0,2,1,-1,6,1,25,5,1598,2,13,AUDI A3,3,E01029850,0,1
2024010544532,2024,010544532,1,9,0,99,99,9,9,99,99,9,9,99,9,99,2,9,6,6,1,56,9,1390,1,14,AUDI A3,7,E01002060,0,1
2024201470309,2024,201470309,1,9,0,-1,19,4,8,-1,0,0,0,0,0,0,1,1,-1,6,1,32,6,1395,1,9,AUDI A3,-1,-1,0,-1
2024010513936,2024,010513936,1,9,0,18,19,1,5,0,0,3,0,10,0,0,1,1,6,6,1,28,6,1598,2,5,AUDI A3,2,E01003489,0,4
2024131430964,2024,131430964,1,9,0,-1,19,1,5,-1,0,1,0,0,0,0,4,1,-1,6,1,35,6,1968,2,14,AUDI A3,1,E01010811,0,1
2024451524250,2024,451524250,2,9,0,-1,19,7,3,-1,0,1,0,0,0,0,3,1,-1,2,2,42,7,1968,2,11,AUDI A3,3,E01024795,0,3
2024131464255,2024,131464255,1,9,0,-1,19,5,1,-1,0,8,0,0,0,0,1,1,-1,9,2,21,5,1598,2,4,AUDI A3,1,E01010838,0,1
2024461530097,2024,461530097,3,9,0,-1,2,0,0,-1,0,1,0,0,0,0,1,1,-1,6,-1,-1,-1,1595,1,17,AUDI A3,-1,-1,0,-1
2024401521534,2024,401521534,2,9,-1,-1,-1,-1,-1,-1,-1,-1,-1,-1,-1,0,-1,9,-1,9,2,30,6,1968,2,8,AUDI A3,7,E01015694,0,1
2024471422608,2024,471422608,3,9,0,-1,2,0,0,-1,0,1,0,0,0,0,4,1,-1,6,-1,-1,-1,3189,1,19,AUDI A3,-1,-1,0,-1
2024010529077,2024,010529077,1,9,0,99,99,9,9,99,99,9,9,99,9,99,1,9,6,6,3,-1,-1,1968,2,18,AUDI A3,-1,-1,0,-1
2024311519524,2024,311519524,1,9,0,-1,5,6,2,-1,9,0,0,0,0,0,1,1,-1,9,2,26,6,1395,1,8,AUDI A3,3,E01028166,0,1
2024991506058,2024,991506058,2,9,0,-1,19,2,6,-1,0,0,0,0,0,0,1,1,-1,9,2,50,8,1595,1,20,AUDI A3,-1,-1,0,-1
2024010487806,2024,010487806,2,9,0,18,19,8,4,0,0,0,0,0,0,0,1,1,6,6,1,33,6,1984,1,18,AUDI A3,2,E01003918,0,1
2024211431731,2024,211431731,2,9,0,-1,19,5,1,-1,0,0,0,0,0,0,4,1,-1,6,2,41,7,1395,8,3,AUDI A3,4,E01029535,0,1
2024201530226,2024,201530226,1,9,0,-1,13,4,5,-1,0,1,1,0,0,0,3,1,-1,6,2,44,7,1968,2,16,AUDI A3,1,E01009488,0,1
2024031532500,2024,031532500,2,9,0,-1,19,3,7,-1,0,1,0,0,0,0,2,1,-1,6,2,53,8,1968,2,13,AUDI A3,3,E01019187,0,3
2024311423781,2024,311423781,1,9,0,-1,19,3,7,-1,0,0,0,0,0,0,1,1,-1,9,1,28,6,1598,2,10,AUDI A3,4,E01027996,0,1
2024231399264,2024,231399264,3,9,0,-1,19,7,4,-1,0,1,0,0,0,0,1,9,-1,6,2,60,9,1395,1,10,AUDI A3,9,E01032231,0,2
2024471457867,2024,471457867,1,9,0,-1,19,7,3,-1,0,0,0,0,0,0,1,1,-1,2,1,34,6,1395,1,7,AUDI A3,9,E01031356,0,1
2024131454805,2024,131454805,1,9,0,-1,19,2,6,-1,9,8,0,0,0,0,1,1,-1,6,2,-1,-1,1498,1,0,AUDI A3,-1,-1,0,-1
2024340WN3692,2024,340WN3692,2,9,0,-1,19,5,1,-1,0,0,0,0,0,0,1,1,-1,9,2,44,7,1598,2,10,AUDI A3,1,E01027200,0,2
2024201489306,2024,201489306,2,9,0,-1,19,8,4,-1,0,0,0,0,0,0,1,1,-1,6,1,20,4,1395,1,12,AUDI A3,-1,-1,0,-1
2024231403718,2024,231403718,1,9,0,-1,9,8,5,-1,0,6,0,0,0,0,4,9,-1,6,3,34,6,1968,2,12,AUDI A3,-1,-1,0,-1
2024461521504,2024,461521504,1,9,0,-1,5,2,5,-1,0,6,0,0,0,0,4,1,-1,7,2,34,6,1968,2,9,AUDI A3,1,E01016023,0,1
2024471439359,2024,471439359,2,9,0,-1,19,1,5,-1,0,0,0,0,0,0,1,1,-1,9,1,27,6,1968,2,17,AUDI A3,9,E01035352,0,2
2024461494411,2024,461494411,1,9,0,-1,19,1,1,-1,0,0,0,0,0,0,4,1,-1,6,1,32,6,1968,2,10,AUDI A3,1,E01016111,0,1
2024041502661,2024,041502661,1,9,0,-1,7,2,6,-1,0,6,0,-1,0,0,1,1,-1,9,2,32,6,1968,2,5,AUDI A3,8,E01025323,0,2
2024991508654,2024,991508654,1,9,0,-1,7,3,6,-1,0,6,0,0,0,0,1,1,-1,9,1,81,11,1498,1,1,AUDI A3,9,-1,0,3
2024430250027,2024,430250027,2,9,0,18,19,4,8,0,0,8,0,0,0,0,1,1,6,6,1,-1,-1,1968,2,18,AUDI A3,-1,-1,0,-1
202454B540924,2024,54B540924,1,9,0,13,13,5,1,0,0,0,5,0,4,1,1,1,6,6,1,20,4,1598,2,12,AUDI A3,10,E01023021,0,3
2024201452491,2024,201452491,1,9,0,-1,19,4,8,-1,0,0,0,0,0,0,1,9,-1,9,1,25,5,1598,2,10,AUDI A3,4,E01009240,0,3
2024361483936,2024,361483936,2,9,0,-1,9,-1,-1,-1,0,1,0,0,0,0,3,1,-1,6,2,77,11,1395,1,9,AUDI A3,5,E01026737,0,4
2024201481418,2024,201481418,1,9,0,-1,5,5,1,-1,0,8,0,4,7,0,3,1,-1,6,1,30,6,1968,2,11,AUDI A3,1,E01010463,0,1
2024122400179,2024,122400179,1,9,0,18,19,7,3,0,0,0,0,0,0,0,1,1,6,6,1,29,6,1968,2,14,AUDI A3,1,E01027819,0,4
2024221454807,2024,221454807,2,9,0,-1,19,3,7,-1,0,8,0,0,0,0,1,9,-1,6,3,18,4,1798,1,13,AUDI A3,-1,-1,0,-1
2024421503716,2024,421503716,2,9,0,-1,7,7,3,-1,0,3,0,0,0,0,1,1,-1,9,2,27,6,1498,1,4,AUDI A3,2,E01015840,0,1
2024221409917,2024,221409917,1,9,0,-1,19,8,4,-1,0,0,0,6,0,0,1,9,-1,6,1,48,8,1968,2,16,AUDI A3,8,W01001583,0,4
2024340WN5102,2024,340WN5102,2,9,0,-1,19,5,1,-1,0,1,0,0,0,0,1,1,-1,9,2,36,7,1968,2,16,AUDI A3,3,E01027228,0,1
2024411537140,2024,411537140,1,9,0,-1,19,1,4,-1,0,0,0,0,0,0,4,1,-1,6,2,85,11,1395,1,10,AUDI A3,2,E01023640,0,1
2024501505972,2024,501505972,1,9,0,-1,19,5,1,-1,0,0,5,4,0,0,1,1,-1,6,2,36,7,1896,2,22,AUDI A3,9,E01020092,0,1
2024010525627,2024,010525627,1,9,0,18,19,1,5,99,99,0,9,99,9,99,9,1,6,6,2,30,6,999,1,1,AUDI A3,3,E01004669,0,3
2024302400678,2024,302400678,1,9,0,5,5,6,2,0,0,0,0,0,0,0,3,1,6,6,1,33,6,1968,2,7,AUDI A3,8,E01013546,0,1
2024501418668,2024,501418668,2,9,0,-1,19,1,5,-1,0,0,0,0,0,0,4,9,-1,6,1,69,10,1968,2,13,AUDI A3,7,E01019960,0,3
202460Q170102,2024,60Q170102,1,9,0,16,19,2,6,0,0,0,0,0,0,0,1,1,6,6,2,42,7,1968,2,13,AUDI A3,-1,-1,0,-1
2024221471672,2024,221471672,1,9,0,-1,19,3,6,-1,0,0,5,0,7,0,1,1,-1,9,1,41,7,1968,2,16,AUDI A3,4,E01025252,0,5
2024531509697,2024,531509697,1,9,0,-1,9,5,7,-1,0,8,0,0,0,0,1,1,-1,9,1,21,5,1968,2,14,AUDI A3,2,E01014610,0,4
2024471415437,2024,471415437,2,9,0,-1,19,7,3,-1,0,0,0,0,1,0,1,1,-1,9,1,29,6,1395,8,2,AUDI A3,9,E01030590,0,4
2024201470484,2024,201470484,1,9,0,-1,19,8,4,-1,9,0,0,7,2,6,4,1,-1,6,2,25,5,1498,1,5,AUDI A3,1,E01009048,0,1
2024211516434,2024,211516434,2,9,0,-1,19,8,1,-1,0,1,2,11,0,0,1,1,-1,6,1,47,8,1968,1,17,AUDI A3,5,E01014365,0,2
2024010530644,2024,010530644,1,9,0,18,19,9,9,99,99,1,9,99,9,99,1,9,6,6,1,21,5,1395,8,8,AUDI A3,3,E01034615,0,4
2024421524585,2024,421524585,1,9,0,-1,19,7,3,-1,0,0,1,0,0,0,1,1,-1,9,1,37,7,999,1,1,AUDI A3,6,E01003223,0,4
2024461477494,2024,461477494,1,9,0,-1,5,1,5,-1,-1,6,0,0,0,0,1,1,-1,2,1,30,6,999,1,3,AUDI A3,7,E01024405,0,1
2024201547595,2024,201547595,1,9,0,-1,19,7,3,-1,0,2,0,10,0,0,1,9,-1,6,1,22,5,999,1,1,AUDI A3,4,E01009241,0,1
2024061434559,2024,061434559,2,9,0,-1,19,6,2,-1,0,1,0,0,0,0,2,1,-1,9,2,35,6,1598,2,9,AUDI A3,1,E01005225,0,2
2024010539939,2024,010539939,1,9,0,16,19,5,1,0,0,1,0,0,0,0,1,1,6,6,1,27,6,1968,2,10,AUDI A3,8,E01023884,0,3
2024211491242,2024,211491242,2,9,0,-1,9,5,7,-1,0,1,0,0,0,0,3,1,-1,9,1,40,7,1968,2,18,AUDI A3,-1,-1,0,-1
202460Q018477,2024,60Q018477,1,9,0,18,19,3,7,0,0,0,0,12,0,0,1,1,6,6,1,35,6,1968,2,21,AUDI A3,-1,-1,0,-1