collision_index,collision_year,collision_ref_no,vehicle_reference,vehicle_type,towing_and_articulation,vehicle_manoeuvre_historic,vehicle_manoeuvre,vehicle_direction_from,vehicle_direction_to,vehicle_location_restricted_lane_historic,vehicle_location_restricted_lane,junction_location,skidding_and_overturning,hit_object_in_carriageway,vehicle_leaving_carriageway,hit_object_off_carriageway,first_point_of_impact,vehicle_left_hand_drive,journey_purpose_of_driver_historic,journey_purpose_of_driver,sex_of_driver,age_of_driver,age_band_of_driver,engine_capacity_cc,propulsion_code,age_of_vehicle,generic_make_model,driver_imd_decile,lsoa_of_driver,escooter_flag,driver_distance_banding
2024461472197,2024,461472197,1,9,0,-1,19,1,5,-1,0,0,0,0,2,0,1,1,-1,9,1,29,6,1498,1,3,AUDI A3,5,E01024319,0,1
2024161497227,2024,161497227,1,9,0,-1,19,1,5,-1,0,4,1,11,4,2,1,1,-1,6,1,21,5,1968,2,17,AUDI A3,9,E01012956,0,1
2024010503562,2024,010503562,2,9,0,99,99,9,9,99,99,9,9,99,9,99,9,9,6,6,3,-1,-1,1595,1,15,AUDI A3,-1,-1,0,-1
2024411409097,2024,411409097,3,9,0,-1,19,5,1,-1,0,0,0,0,1,0,1,9,-1,2,1,46,8,1390,1,16,AUDI A3,10,E01018256,0,4
2024461517464,2024,461517464,2,9,0,-1,19,8,4,-1,0,0,0,0,0,0,1,1,-1,6,1,59,9,1395,1,12,AUDI A3,1,E01024580,0,2
2024461412957,2024,461412957,1,9,0,-1,19,1,5,-1,0,0,5,0,0,0,1,1,-1,1,1,38,7,1984,1,15,AUDI A3,8,E01024255,0,4
2024221473800,2024,221473800,1,9,0,-1,19,8,4,-1,0,3,0,0,1,2,1,9,-1,6,1,41,7,1968,2,1,AUDI A3,3,E01019437,0,4
2024141488662,2024,141488662,1,9,0,-1,19,1,5,-1,0,1,0,11,8,2,1,1,-1,9,1,20,4,1598,2,13,AUDI A3,1,E01008122,0,1
2024430268927,2024,430268927,2,9,0,18,19,5,1,0,0,3,0,0,0,0,1,1,6,6,1,35,6,1595,1,12,AUDI A3,8,E01034448,0,1
2024522401135,2024,522401135,1,9,0,16,19,1,3,0,0,2,0,7,8,11,1,1,6,6,1,22,5,1968,2,13,AUDI A3,6,E01035213,0,1
2024430480025,2024,430480025,2,9,0,18,19,1,5,0,0,0,0,0,0,0,1,1,6,6,1,18,4,1395,1,10,AUDI A3,3,E01002493,0,4
2024010543602,2024,010543602,3,9,0,2,2,0,0,0,0,8,0,4,1,0,2,1,6,6,3,-1,-1,999,1,3,AUDI A3,-1,-1,0,-1
2024520500008,2024,520500008,2,9,0,7,7,4,6,0,0,8,0,0,0,0,2,1,6,6,3,-1,-1,1595,2,14,AUDI A3,-1,-1,0,-1
2024131399869,2024,131399869,1,9,0,-1,19,5,5,-1,0,8,0,0,0,0,1,1,-1,2,2,24,5,1968,2,11,AUDI A3,2,E01011754,0,2
2024010539661,2024,010539661,3,9,0,2,2,0,0,0,0,1,0,0,0,0,2,1,6,6,3,-1,-1,1498,1,3,AUDI A3,-1,-1,0,-1
2024461478789,2024,461478789,1,9,0,-1,19,8,4,-1,0,0,0,0,0,0,1,9,-1,6,2,37,7,1498,1,5,AUDI A3,10,E01024446,0,1
2024401489849,2024,401489849,2,9,-1,-1,-1,-1,-1,-1,-1,6,-1,-1,-1,0,-1,9,-1,6,3,-1,-1,1968,2,14,AUDI A3,-1,-1,0,-1
2024201485663,2024,201485663,1,9,0,-1,19,8,4,-1,0,6,0,0,0,0,4,9,-1,9,1,24,5,1595,1,18,AUDI A3,2,E01009346,0,1
2024131523017,2024,131523017,1,9,0,-1,19,6,6,-1,9,8,0,10,7,11,1,1,-1,6,1,20,4,999,1,1,AUDI A3,-1,-1,0,-1
2024211450039,2024,211450039,2,9,0,-1,19,5,1,-1,0,0,1,7,0,0,3,1,-1,9,1,50,8,1968,2,12,AUDI A3,1,E01034053,0,1
2024010511939,2024,010511939,2,9,0,15,15,5,1,0,0,0,1,0,0,0,1,1,6,6,3,-1,-1,1798,1,16,AUDI A3,-1,-1,0,-1
2024010492757,2024,010492757,1,9,0,5,5,3,7,0,0,1,0,0,0,0,4,1,6,6,1,43,7,1498,1,1,AUDI A3,6,E01001498,0,1
2024010532042,2024,010532042,1,9,0,18,19,3,7,0,0,8,0,0,0,0,3,1,6,6,1,56,9,1598,2,8,AUDI A3,1,E01004245,0,1
2024041521106,2024,041521106,1,9,0,-1,19,2,6,-1,0,1,1,0,7,1,1,1,-1,9,2,22,5,999,1,2,AUDI A3,8,E01012583,0,1
2024231444024,2024,231444024,2,9,0,-1,2,0,0,-1,0,8,0,0,0,0,4,1,-1,6,2,36,7,1968,2,12,AUDI A3,9,E01031328,0,1
2024421402530,2024,421402530,1,9,0,-1,1,7,2,-1,9,0,0,0,0,0,2,1,-1,9,2,84,11,1798,1,15,AUDI A3,10,E01021569,0,2
2024631431360,2024,631431360,1,9,0,-1,12,8,4,-1,0,1,0,0,0,0,1,1,-1,9,1,36,7,1896,2,18,AUDI A3,4,W01000542,0,4
2024010546660,2024,010546660,1,9,0,5,5,3,7,0,0,6,0,0,0,0,1,1,6,6,1,33,6,1395,1,10,AUDI A3,-1,-1,0,-1
2024010521606,2024,010521606,1,9,0,18,19,2,6,7,6,0,0,0,0,0,1,1,6,6,2,37,7,1498,1,2,AUDI A3,8,E01016545,0,3
2024101475691,2024,101475691,2,9,0,-1,6,5,1,-1,9,0,0,0,0,0,3,1,-1,6,1,32,6,1896,2,17,AUDI A3,1,E01008415,0,1
2024131421987,2024,131421987,1,9,0,-1,9,5,1,-1,0,7,0,0,0,0,1,1,-1,6,2,27,6,1968,2,11,AUDI A3,4,E01011801,0,1
2024010547885,2024,010547885,1,9,0,99,99,9,9,99,99,9,9,99,9,99,2,9,6,6,2,25,5,1896,2,17,AUDI A3,7,E01002678,0,2
2024451511650,2024,451511650,1,9,0,-1,19,7,3,-1,0,1,0,0,0,0,4,1,-1,9,1,61,9,1395,1,11,AUDI A3,8,E01030567,0,1
2024411495448,2024,411495448,2,9,0,-1,3,-1,-1,-1,0,0,0,0,0,0,2,1,-1,9,2,56,9,1984,1,7,AUDI A3,10,E01023664,0,2
2024311467275,2024,311467275,1,9,0,-1,9,8,4,-1,0,0,0,0,0,0,1,1,-1,9,2,33,6,1896,2,16,AUDI A3,2,E01028269,0,1
2024010542857,2024,010542857,1,9,0,4,4,7,3,0,0,0,0,0,0,0,0,1,6,6,1,82,11,1896,2,22,AUDI A3,6,E01024435,0,3
2024421498420,2024,421498420,1,9,0,-1,19,3,7,-1,-1,0,0,0,0,0,1,1,-1,9,1,22,5,1595,2,14,AUDI A3,9,E01035172,0,1
2024401489605,2024,401489605,2,9,0,-1,19,5,1,-1,0,1,0,0,0,0,0,1,-1,7,1,31,6,1896,2,15,AUDI A3,2,E01015772,0,1
2024122500082,2024,122500082,2,9,0,18,19,2,6,0,0,1,0,0,0,0,1,1,6,6,1,17,4,1968,2,1,AUDI A3,8,E01027924,0,3
2024010535058,2024,010535058,2,9,0,16,19,7,3,0,0,0,0,0,0,0,3,1,6,6,2,23,5,1498,1,3,AUDI A3,8,E01000227,0,2
2024461466149,2024,461466149,2,9,0,-1,19,6,2,-1,0,1,0,0,0,0,1,1,-1,2,2,39,7,1798,1,13,AUDI A3,3,E01024669,0,4
2024010529579,2024,010529579,1,9,0,99,99,9,9,99,99,0,9,99,9,99,9,9,6,6,3,-1,-1,1595,1,15,AUDI A3,-1,-1,0,-1
2024451480628,2024,451480628,1,9,0,-1,19,7,3,-1,0,2,1,0,0,0,1,9,-1,2,1,51,8,1968,2,12,AUDI A3,10,E01023114,0,3
2024451511105,2024,451511105,3,9,0,-1,19,3,7,-1,0,0,0,0,0,0,1,1,-1,6,2,38,7,1595,1,14,AUDI A3,8,E01030683,0,1
2024401438702,2024,401438702,2,9,-1,-1,-1,-1,-1,-1,-1,0,-1,-1,-1,0,-1,9,-1,2,2,29,6,1968,2,9,AUDI A3,4,E01017476,0,1
2024070908449,2024,070908449,2,9,0,-1,9,1,7,-1,0,1,0,0,0,0,2,1,-1,6,1,30,6,1598,2,13,AUDI A3,3,E01018487,0,1
2024010534859,2024,010534859,1,9,0,9,9,7,5,0,0,8,0,0,0,0,4,1,6,6,1,32,6,1498,1,3,AUDI A3,4,E01003257,0,1
2024471409924,2024,471409924,2,9,0,-1,6,3,7,-1,0,8,0,0,7,0,3,1,-1,9,2,43,7,1968,2,11,AUDI A3,10,E01031666,0,1
2024131438021,2024,131438021,2,9,0,-1,19,3,7,-1,0,8,0,0,0,0,4,1,-1,9,2,39,7,1598,2,9,AUDI A3,2,E01010728,0,1
2024221469557,2024,221469557,2,9,0,-1,19,2,6,-1,0,0,0,0,0,0,3,9,-1,6,2,69,10,1498,1,7,AUDI A3,3,E01034330,0,1
2024520402723,2024,520402723,1,9,0,18,19,3,7,0,0,0,1,0,1,7,1,1,6,6,1,26,6,1595,1,13,AUDI A3,6,E01029228,0,1
2024101470336,2024,101470336,1,9,0,-1,19,5,8,-1,0,8,0,0,0,0,1,1,-1,9,2,62,9,1968,2,0,AUDI A3,5,E01008535,0,4
2024471518325,2024,471518325,1,9,0,-1,19,4,7,-1,0,0,0,0,0,0,1,1,-1,1,2,43,7,1968,2,9,AUDI A3,3,E01031609,0,1
2024010542578,2024,010542578,2,9,0,3,3,7,3,0,0,1,0,0,0,0,2,1,6,6,2,31,6,1598,2,6,AUDI A3,3,E01001365,0,1
2024010500061,2024,010500061,3,9,0,18,19,7,3,0,0,1,0,0,0,0,1,1,6,6,2,42,7,1395,1,10,AUDI A3,4,E01003549,0,1
2024061511534,2024,061511534,3,9,0,-1,15,6,6,-1,0,0,0,0,0,0,0,1,-1,9,1,31,6,1968,2,10,AUDI A3,-1,-1,0,-1
2024340NN4452,2024,340NN4452,1,9,0,-1,19,7,3,-1,0,0,2,0,1,7,3,1,-1,1,1,45,7,1896,2,21,AUDI A3,2,E01027248,0,3
2024211456473,2024,211456473,2,9,0,-1,6,1,1,-1,0,1,1,0,0,0,4,1,-1,6,1,27,6,999,1,2,AUDI A3,3,E01009596,0,4
2024141448294,2024,141448294,1,9,0,-1,19,8,4,-1,0,0,0,4,0,0,1,1,-1,9,1,25,5,1498,1,3,AUDI A3,8,E01007380,0,3
2024141453056,2024,141453056,1,9,0,-1,19,7,3,-1,0,0,0,0,0,0,1,1,-1,9,1,36,7,1968,2,12,AUDI A3,4,E01007353,0,1
2024221427343,2024,221427343,2,9,0,-1,14,3,7,-1,0,0,0,0,0,0,1,1,-1,9,2,20,4,1498,1,2,AUDI A3,9,E01014022,0,2
2024351452098,2024,351452098,1,9,0,-1,5,8,4,-1,0,0,0,0,0,0,4,1,-1,6,1,25,5,1395,1,8,AUDI A3,6,E01026257,0,3
2024332400242,2024,332400242,1,9,0,-1,13,5,1,-1,0,0,0,0,0,0,1,1,-1,9,1,46,8,1598,2,6,AUDI A3,8,E01013808,0,1
2024131450496,2024,131450496,1,9,0,-1,19,1,1,-1,0,0,0,10,7,6,1,1,-1,2,1,42,7,1598,2,10,AUDI A3,1,E01011003,0,1
2024131488601,2024,131488601,1,9,0,-1,19,4,8,-1,0,1,0,0,1,0,1,1,-1,6,-1,-1,-1,1598,2,11,AUDI A3,-1,-1,0,-1
2024010543237,2024,010543237,1,9,0,18,19,1,5,0,0,1,0,0,3,0,1,1,2,2,1,22,5,1498,1,7,AUDI A3,2,E01001775,0,1
2024991461964,2024,991461964,1,9,0,-1,19,7,3,-1,0,0,0,0,7,11,1,1,-1,6,1,26,6,1395,1,9,AUDI A3,3,-1,0,4
2024549349524,2024,549349524,2,9,0,18,19,6,2,0,0,1,0,0,0,0,4,1,6,6,1,35,6,1798,1,10,AUDI A3,8,E01032701,0,1
2024332400305,2024,332400305,3,9,0,-1,19,4,8,-1,0,1,0,0,0,0,1,1,-1,2,2,43,7,1395,8,6,AUDI A3,6,E01025659,0,3
2024010498846,2024,010498846,1,9,0,9,9,1,7,0,0,5,0,0,0,0,1,1,6,6,3,39,7,1498,1,0,AUDI A3,-1,-1,0,-1
2024010530890,2024,010530890,1,9,0,4,4,5,1,0,0,0,0,0,0,0,2,1,6,6,1,25,5,1395,1,7,AUDI A3,2,E01001485,0,1
2024501531551,2024,501531551,5,9,0,-1,2,0,0,-1,0,0,0,4,0,0,1,1,-1,6,-1,-1,-1,1968,2,18,AUDI A3,-1,-1,0,-1
2024201456156,2024,201456156,1,9,0,-1,19,7,3,-1,0,0,0,0,0,0,1,9,-1,6,3,-1,-1,999,1,6,AUDI A3,-1,-1,0,-1
2024201470328,2024,201470328,1,9,0,-1,19,2,6,-1,0,0,0,0,0,0,1,1,-1,6,2,30,6,1968,2,15,AUDI A3,-1,-1,0,-1
2024010498099,2024,010498099,2,9,9,99,99,9,9,99,99,9,9,99,9,99,9,9,6,6,3,-1,-1,1395,1,9,AUDI A3,-1,-1,0,-1
2024411488873,2024,411488873,2,9,0,-1,19,1,5,-1,0,1,0,0,0,0,1,1,-1,2,2,48,8,1395,1,8,AUDI A3,10,E01023482,0,3
2024131534236,2024,131534236,2,9,0,-1,9,7,5,-1,0,6,0,0,0,0,1,1,-1,9,1,23,5,1968,2,14,AUDI A3,2,E01010799,0,1
2024371397881,2024,371397881,2,9,0,-1,10,7,5,-1,0,1,0,0,0,0,3,1,-1,9,1,40,7,1968,2,14,AUDI A3,6,E01030220,0,2
2024141398117,2024,141398117,1,9,0,-1,19,5,1,-1,0,2,0,10,3,3,1,1,-1,9,1,29,6,1968,2,7,AUDI A3,1,E01034842,0,1
2024010517878,2024,010517878,2,9,0,99,99,9,9,99,99,0,9,99,9,99,2,9,6,6,3,27,6,1598,2,8,AUDI A3,3,E01003125,0,1
2024481507980,2024,481507980,1,9,0,-1,19,1,5,-1,0,0,0,0,0,0,1,1,-1,6,1,23,5,1197,1,10,AUDI A3,-1,-1,0,-1
2024461475345,2024,461475345,1,9,0,-1,4,8,4,-1,0,0,0,0,0,0,1,1,-1,1,2,23,5,1498,1,0,AUDI A3,3,E01020973,0,4
2024610003924,2024,610003924,1,9,0,18,19,7,3,0,0,0,0,0,0,0,1,1,6,6,1,48,8,1598,2,12,AUDI A3,9,W01000465,0,4
2024520402184,2024,520402184,1,9,0,9,9,7,4,0,0,8,0,0,0,0,3,1,6,6,1,18,4,1968,2,19,AUDI A3,4,E01029200,0,1
2024052500397,2024,052500397,1,9,0,18,19,5,1,0,0,0,0,0,0,0,1,1,6,6,2,30,6,1395,8,0,AUDI A3,1,E01007292,0,1
2024371466283,2024,371466283,1,9,0,-1,7,5,7,-1,9,2,0,0,7,0,1,1,-1,9,2,35,6,1968,2,16,AUDI A3,5,E01030226,0,1
2024430266268,2024,430266268,1,9,0,9,9,5,2,0,0,6,0,0,0,0,1,1,6,6,2,-1,-1,1968,2,18,AUDI A3,-1,-1,0,-1
2024131525955,2024,131525955,2,9,0,-1,4,6,2,-1,0,0,0,0,0,0,2,1,-1,9,2,45,7,1498,1,0,AUDI A3,1,E01011917,0,3
2024531402095,2024,531402095,2,9,0,-1,19,7,3,-1,0,0,0,0,0,0,4,1,-1,9,2,18,4,1968,2,18,AUDI A3,6,E01022249,0,3
2024010510472,2024,010510472,1,9,0,18,19,3,7,0,0,8,0,0,0,0,4,1,6,6,1,20,4,1498,1,7,AUDI A3,3,E01004645,0,2
2024361496410,2024,361496410,2,9,0,-1,19,6,2,-1,0,0,0,0,0,0,2,1,-1,9,1,77,11,1896,2,15,AUDI A3,8,E01026542,0,2
2024141422866,2024,141422866,2,9,0,-1,19,6,3,-1,0,0,0,0,0,0,1,1,-1,9,1,34,6,1968,2,9,AUDI A3,6,E01007455,0,1
2024201400352,2024,201400352,1,9,0,-1,19,6,2,-1,0,4,0,0,0,0,1,1,-1,6,2,26,6,1798,1,16,AUDI A3,-1,-1,0,-1
2024010514043,2024,010514043,2,9,9,99,99,9,9,99,99,9,9,99,9,99,1,9,6,6,3,-1,-1,1498,1,6,AUDI A3,-1,-1,0,-1
2024302400530,2024,302400530,1,9,0,18,19,8,4,0,0,0,0,0,0,0,1,1,1,1,2,26,6,1498,1,3,AUDI A3,4,E01027960,0,2
2024041431001,2024,041431001,1,9,0,-1,19,5,1,-1,0,0,1,0,0,0,1,1,-1,9,1,64,9,1968,2,8,AUDI A3,7,E01025089,0,4
2024361439064,2024,361439064,2,9,0,-1,2,0,0,-1,0,2,0,0,0,0,2,1,-1,6,3,-1,-1,1598,2,8,AUDI A3,-1,-1,0,-1
2024041478617,2024,041478617,2,9,0,-1,19,1,5,-1,0,0,2,0,0,0,2,1,-1,6,1,75,10,1968,2,13,AUDI A3,2,E01025124,0,3
2024010524294,2024,010524294,3,9,0,18,19,1,5,0,0,0,0,0,0,0,1,1,6,6,1,22,5,1498,1,5,AUDI A3,10,E01026198,0,5
2024131523479,2024,131523479,1,9,0,-1,19,7,3,-1,0,1,0,0,0,0,1,1,-1,6,-1,-1,-1,1798,1,13,AUDI A3,-1,-1,0,-1
2024010542427,2024,010542427,1,9,0,6,6,3,3,0,0,2,0,0,0,0,3,1,6,6,1,20,4,1595,1,17,AUDI A3,5,E01003495,0,1
2024041503638,2024,041503638,1,9,0,-1,19,8,4,-1,0,0,2,0,7,11,1,1,-1,9,1,18,4,999,1,0,AUDI A3,3,E01010794,0,3
2024010513314,2024,010513314,2,9,0,13,13,9,9,99,99,0,9,99,9,99,9,9,6,6,3,-1,-1,999,1,3,AUDI A3,5,E01004631,0,2
2024061503413,2024,061503413,2,9,0,-1,9,-1,-1,-1,0,8,0,0,0,0,1,1,-1,6,1,-1,-1,1598,2,10,AUDI A3,3,E01005872,0,1
2024010498970,2024,010498970,2,9,0,18,19,5,1,0,0,1,0,0,0,0,1,1,6,6,1,28,6,1395,1,9,AUDI A3,9,E01000804,0,1
2024302401398,2024,302401398,1,9,0,16,19,5,8,0,0,0,0,0,0,0,1,1,6,6,1,18,4,1968,2,20,AUDI A3,6,E01031211,0,5
2024061504923,2024,061504923,2,9,-1,-1,19,5,7,-1,0,8,0,0,0,0,4,9,-1,9,2,20,4,999,1,1,AUDI A3,3,E01033072,0,4
2024010530491,2024,010530491,2,9,9,99,99,9,9,99,99,1,9,99,9,99,9,9,6,6,3,-1,-1,999,1,1,AUDI A3,-1,-1,0,-1
202417M201624,2024,17M201624,1,9,0,3,3,8,4,0,0,1,0,0,0,0,2,1,6,6,2,35,6,1498,1,3,AUDI A3,1,E01012016,0,1
2024302401579,2024,302401579,2,9,0,18,19,4,8,0,0,0,0,0,0,0,1,1,6,6,1,28,6,1968,2,9,AUDI A3,5,E01019865,0,4
2024131433176,2024,131433176,2,9,0,-1,19,7,3,-1,0,0,0,0,0,0,1,1,-1,9,2,37,7,1968,2,9,AUDI A3,5,E01011095,0,1
2024161436741,2024,161436741,2,9,0,-1,19,3,7,-1,0,2,0,0,7,0,1,1,-1,6,1,49,8,1968,2,18,AUDI A3,2,E01026376,0,3
2024430046990,2024,430046990,2,9,0,18,19,2,6,0,0,8,0,0,0,0,1,1,6,6,2,41,7,1498,1,4,AUDI A3,8,E01033519,0,1
2024371528060,2024,371528060,4,9,0,-1,4,3,7,-1,0,0,0,0,0,0,2,1,-1,6,1,23,5,1395,8,2,AUDI A3,2,E01021700,0,4
2024411471110,2024,411471110,1,9,0,-1,3,3,7,-1,0,4,0,0,0,0,2,1,-1,6,1,44,7,1390,1,12,AUDI A3,7,E01023923,0,1
2024122401122,2024,122401122,1,9,0,9,9,4,2,0,0,6,0,0,0,0,1,1,6,6,1,26,6,1498,1,0,AUDI A3,7,E01013412,0,1
2024471421192,2024,471421192,1,9,0,-1,19,3,7,-1,0,0,0,0,0,0,1,1,-1,9,1,43,7,1598,2,14,AUDI A3,9,E01031463,0,1
2024311425243,2024,311425243,2,9,0,-1,2,2,7,-1,0,1,0,0,0,0,2,1,-1,6,2,68,10,1598,2,10,AUDI A3,4,E01013903,0,1
2024141398060,2024,141398060,1,9,0,-1,19,1,3,-1,0,8,0,0,0,0,2,1,-1,9,2,46,8,1896,2,15,AUDI A3,7,E01032924,0,1
2024070033124,2024,070033124,5,9,0,18,19,7,3,0,0,1,0,1,0,0,1,1,6,6,1,73,10,1498,1,5,AUDI A3,10,E01018562,0,2
2024010519300,2024,010519300,2,9,0,99,99,9,9,99,99,9,9,99,9,99,2,9,6,6,3,-1,-1,1968,2,8,AUDI A3,-1,-1,0,-1
2024201517285,2024,201517285,2,9,0,-1,19,2,6,-1,0,8,1,0,0,0,1,1,-1,9,2,26,6,1498,1,6,AUDI A3,-1,-1,0,-1
2024010533734,2024,010533734,1,9,0,5,5,1,5,0,0,2,0,0,0,0,4,1,2,2,2,26,6,1595,1,16,AUDI A3,3,E01001367,0,1
2024371566652,2024,371566652,1,9,0,-1,19,3,7,-1,0,0,0,0,0,0,1,1,-1,2,1,43,7,1390,1,15,AUDI A3,6,E01033126,0,1
2024061421661,2024,061421661,2,9,0,-1,19,1,5,-1,0,1,0,0,0,0,1,1,-1,9,1,24,5,1968,2,16,AUDI A3,1,E01005945,0,1
2024351541159,2024,351541159,2,9,0,-1,19,1,5,-1,0,0,0,0,0,0,2,1,-1,6,1,38,7,1968,2,17,AUDI A3,9,E01024757,0,5
2024451414624,2024,451414624,1,9,0,-1,12,7,3,-1,-1,0,0,0,0,0,1,1,-1,9,2,26,6,1595,1,18,AUDI A3,9,E01030568,0,2
2024061533585,2024,061533585,2,9,0,-1,2,0,0,-1,9,2,0,0,1,11,2,1,-1,6,1,30,6,1968,2,11,AUDI A3,-1,-1,0,-1
2024332400736,2024,332400736,1,9,0,-1,19,9,9,-1,0,0,0,0,0,0,3,1,-1,2,2,46,8,1395,8,7,AUDI A3,4,E01013696,0,1
2024320697153,2024,320697153,1,9,0,-1,-1,2,6,0,0,4,0,0,0,0,1,1,6,6,1,29,6,1968,1,19,AUDI A3,8,E01026372,0,3
2024010526350,2024,010526350,1,9,0,18,19,5,1,0,0,1,0,0,8,1,1,1,6,6,2,-1,-1,1395,1,9,AUDI A3,-1,-1,0,-1
2024031518902,2024,031518902,1,9,0,-1,19,3,7,-1,0,0,0,0,0,0,4,1,-1,6,2,41,7,1598,2,10,AUDI A3,4,E01019098,0,1
2024201501626,2024,201501626,2,9,0,-1,8,7,1,-1,0,1,0,0,0,0,4,9,-1,6,2,50,8,1598,2,11,AUDI A3,2,E01010268,0,3
2024549127224,2024,549127224,2,9,0,3,3,8,4,0,0,1,0,0,0,0,2,1,6,6,1,33,6,1598,2,12,AUDI A3,1,E01015546,0,1
2024201471786,2024,201471786,1,9,0,-1,19,2,6,-1,0,8,0,0,0,0,1,9,-1,6,1,61,9,1968,2,10,AUDI A3,1,E01009079,0,1
2024111555610,2024,111555610,1,9,0,-1,9,3,1,-1,0,1,0,0,0,0,1,1,-1,9,1,35,6,1896,2,17,AUDI A3,-1,-1,0,-1
2024161441275,2024,161441275,2,9,0,-1,10,4,6,-1,0,6,0,0,0,0,4,1,-1,9,1,79,11,1595,1,24,AUDI A3,8,E01013065,0,1
2024421435777,2024,421435777,1,9,0,-1,19,7,3,-1,0,0,0,0,0,0,1,1,-1,9,1,52,8,1498,1,2,AUDI A3,4,E01021374,0,1
2024141457876,2024,141457876,1,9,0,-1,3,3,8,-1,0,0,0,0,0,0,2,1,-1,9,1,24,5,1498,1,0,AUDI A3,4,E01007699,0,1
2024052402200,2024,052402200,2,9,0,4,4,7,3,0,0,1,0,0,0,0,3,1,6,6,2,54,8,1598,2,8,AUDI A3,4,E01006833,0,1
2024991506667,2024,991506667,1,9,0,-1,19,2,6,-1,0,0,0,0,1,4,1,1,-1,2,1,34,6,999,1,6,AUDI A3,2,-1,0,1
2024131456501,2024,131456501,3,9,0,-1,19,5,5,-1,0,1,1,0,0,0,1,1,-1,6,1,30,6,1968,2,19,AUDI A3,3,E01007357,0,4
2024010508896,2024,010508896,2,9,0,99,99,9,9,99,99,2,9,99,9,99,9,9,6,6,3,-1,-1,1390,1,12,AUDI A3,8,E01016679,0,4
2024991397735,2024,991397735,1,9,0,-1,19,7,3,-1,0,6,0,4,1,0,1,1,-1,6,1,20,4,999,1,1,AUDI A3,1,-1,0,1
2024010515883,2024,010515883,1,9,0,18,19,7,3,0,0,8,0,0,0,0,4,1,6,6,2,22,5,999,1,1,AUDI A3,3,E01004719,0,1
2024010501113,2024,010501113,1,9,0,9,9,3,1,0,0,8,0,0,0,0,1,1,6,6,1,24,5,1968,2,10,AUDI A3,-1,-1,0,-1
2024531466164,2024,531466164,2,9,0,-1,19,4,8,-1,0,0,1,0,0,0,1,9,-1,6,2,61,9,3189,1,17,AUDI A3,5,E01034805,0,1
2024131494642,2024,131494642,1,9,0,-1,19,1,5,-1,0,8,0,0,1,0,1,2,-1,9,2,36,7,1968,2,10,AUDI A3,5,E01010729,0,1
2024201426855,2024,201426855,2,9,0,-1,7,6,7,-1,0,3,0,0,0,0,1,1,-1,9,2,24,5,1498,1,6,AUDI A3,3,E01009508,0,1
2024440431395,2024,440431395,2,9,0,17,19,3,5,0,0,4,0,0,0,0,2,1,2,2,1,30,6,1598,2,8,AUDI A3,4,E01022527,0,1
2024361407501,2024,361407501,1,9,0,-1,19,6,4,-1,0,8,0,0,0,0,1,1,-1,6,2,22,5,1968,2,17,AUDI A3,6,E01033036,0,1
2024991453528,2024,991453528,1,9,0,-1,19,2,6,-1,0,0,0,0,0,0,1,1,-1,6,1,22,5,1968,2,3,AUDI A3,3,-1,0,3
2024991482008,2024,991482008,1,9,0,-1,19,7,3,-1,0,0,0,0,0,0,1,1,-1,6,1,19,4,999,1,5,AUDI A3,10,-1,0,3
2024542167524,2024,542167524,3,9,0,4,4,8,4,0,0,3,0,0,0,0,2,1,6,6,1,39,7,1598,2,8,AUDI A3,9,E01033848,0,1
2024531525117,2024,531525117,1,9,0,-1,9,7,5,-1,0,5,0,0,0,0,1,1,-1,9,2,40,7,1388,1,11,AUDI A3,6,E01022287,0,1
2024052401598,2024,052401598,2,9,0,3,3,7,3,0,0,4,0,0,0,0,2,1,6,6,1,23,5,999,1,0,AUDI A3,1,E01006778,0,3
2024471516124,2024,471516124,1,9,0,-1,11,2,6,-1,0,0,0,0,0,0,1,1,-1,2,2,32,6,1968,2,14,AUDI A3,9,E01016985,0,3
2024231500282,2024,231500282,1,9,0,-1,7,6,2,-1,0,8,0,0,0,0,3,1,-1,6,1,41,7,1968,2,13,AUDI A3,9,E01009457,0,2
2024501495850,2024,501495850,1,9,0,-1,5,2,6,-1,0,0,0,0,0,0,3,1,-1,9,2,24,5,1968,2,12,AUDI A3,2,E01019995,0,1
2024471474477,2024,471474477,1,9,0,-1,19,5,1,-1,0,0,0,0,1,0,3,1,-1,6,2,27,6,1595,1,26,AUDI A3,4,E01031552,0,1
2024361445766,2024,361445766,1,9,0,-1,19,1,5,-1,0,0,0,11,0,0,1,1,-1,2,1,56,9,1395,8,3,AUDI A3,5,E01026726,0,2
2024501430435,2024,501430435,1,9,0,-1,19,7,3,-1,0,0,0,0,0,0,1,1,-1,6,1,84,11,1968,2,20,AUDI A3,5,E01018972,0,1
2024061436763,2024,061436763,1,9,0,-1,19,8,4,-1,0,0,0,0,0,0,0,1,-1,9,1,33,6,1598,2,10,AUDI A3,1,E01005314,0,1
2024401456801,2024,401456801,2,9,0,-1,3,2,7,-1,0,0,0,0,0,0,1,1,-1,9,2,56,9,1598,2,7,AUDI A3,5,E01015763,0,1
2024010547255,2024,010547255,2,9,0,2,2,0,0,0,0,2,0,4,0,0,2,1,6,6,3,-1,-1,1968,1,18,AUDI A3,-1,-1,0,-1
2024351518121,2024,351518121,1,9,-1,-1,-1,-1,-1,-1,-1,0,-1,-1,-1,0,-1,9,-1,6,1,-1,-1,1896,2,16,AUDI A3,6,E01015691,0,1