collision_index,collision_year,collision_ref_no,vehicle_reference,vehicle_type,towing_and_articulation,vehicle_manoeuvre_historic,vehicle_manoeuvre,vehicle_direction_from,vehicle_direction_to,vehicle_location_restricted_lane_historic,vehicle_location_restricted_lane,junction_location,skidding_and_overturning,hit_object_in_carriageway,vehicle_leaving_carriageway,hit_object_off_carriageway,first_point_of_impact,vehicle_left_hand_drive,journey_purpose_of_driver_historic,journey_purpose_of_driver,sex_of_driver,age_of_driver,age_band_of_driver,engine_capacity_cc,propulsion_code,age_of_vehicle,generic_make_model,driver_imd_decile,lsoa_of_driver,escooter_flag,driver_distance_banding
2024451496099,2024,451496099,2,9,0,-1,19,2,6,-1,0,0,0,0,0,0,1,1,-1,2,1,57,9,1984,1,20,AUDI A3,8,E01030835,0,1
2024531480652,2024,531480652,1,9,0,-1,19,3,7,-1,0,6,0,0,1,0,1,1,-1,6,1,30,6,1984,1,18,AUDI A3,10,E01022406,0,1
2024471505596,2024,471505596,1,3,0,-1,19,8,4,-1,0,0,0,0,0,0,1,1,-1,9,1,18,4,125,1,5,MAKE AND MODEL REDACTED,5,E01021121,0,4
2024531436789,2024,531436789,2,3,0,-1,19,6,2,-1,0,1,5,0,7,0,3,1,-1,6,1,17,4,125,1,3,MAKE AND MODEL REDACTED,2,E01022131,0,2
2024522500040,2024,522500040,1,9,0,7,7,6,8,0,0,5,0,0,0,0,4,1,6,6,1,65,9,1499,2,8,MAKE AND MODEL REDACTED,8,E01014511,0,1
2024430437665,2024,430437665,1,9,0,18,19,1,5,0,0,0,0,0,0,0,1,1,6,6,2,74,10,1499,2,5,MAKE AND MODEL REDACTED,8,E01034751,0,3
2024351452791,2024,351452791,1,9,0,-1,19,6,2,-1,0,0,0,0,1,4,1,1,-1,9,2,59,9,1499,2,4,MAKE AND MODEL REDACTED,7,E01018223,0,1
2024540496624,2024,540496624,2,9,0,18,19,5,1,0,0,0,0,0,0,0,3,1,6,6,1,57,9,1499,2,6,MAKE AND MODEL REDACTED,8,E01015549,0,1
2024101448021,2024,101448021,1,8,0,-1,19,1,5,-1,0,0,0,0,0,0,4,9,-1,1,1,58,9,1499,2,7,MAKE AND MODEL REDACTED,8,E01008323,0,1
202454D009724,2024,54D009724,1,8,0,5,5,2,6,0,0,5,0,0,0,0,3,1,1,1,1,55,8,1499,2,6,MAKE AND MODEL REDACTED,5,E01015475,0,1
2024302400552,2024,302400552,1,3,0,5,5,6,2,0,0,1,1,0,0,0,1,1,6,6,1,25,5,125,1,12,MAKE AND MODEL REDACTED,-1,-1,0,-1
2024622400607,2024,622400607,1,4,0,18,19,8,4,0,0,0,0,0,0,0,1,1,6,6,1,21,5,125,1,12,MAKE AND MODEL REDACTED,7,W01000888,0,1
2024010528255,2024,010528255,2,9,0,99,99,9,9,99,99,9,9,99,9,99,9,9,6,6,1,43,7,4196,1,15,JAGUAR XK SERIES,5,E01003842,0,1
2024440451466,2024,440451466,1,9,0,18,19,6,2,0,0,0,0,0,1,7,1,1,6,6,1,30,6,3996,1,22,JAGUAR XK SERIES,6,E01022802,0,1
2024522401524,2024,522401524,1,9,0,18,19,2,6,0,0,0,0,0,1,3,1,1,6,6,1,59,9,5000,1,15,JAGUAR XK SERIES,7,E01014890,0,1
2024111446118,2024,111446118,2,9,0,-1,19,1,5,-1,0,0,0,0,0,0,1,1,-1,6,1,65,9,4196,1,15,JAGUAR XK SERIES,8,E01008783,0,2
2024010550002,2024,010550002,2,9,0,99,99,9,9,99,99,9,9,99,9,99,9,9,6,6,3,-1,-1,4196,1,21,JAGUAR XK SERIES,3,E01032581,0,1
2024451402321,2024,451402321,2,9,0,-1,2,0,0,-1,0,1,0,0,0,0,4,1,-1,6,-1,-1,-1,5000,1,14,JAGUAR XK SERIES,-1,-1,0,-1
2024010549452,2024,010549452,2,9,0,99,99,9,9,99,99,9,9,99,9,99,1,9,6,6,3,-1,-1,4196,1,20,JAGUAR XK SERIES,-1,-1,0,-1
2024201459581,2024,201459581,1,9,0,-1,19,4,8,-1,0,0,0,4,0,0,2,1,-1,6,1,35,6,4196,1,20,JAGUAR XK SERIES,3,E01008957,0,1
2024221512568,2024,221512568,1,9,0,-1,19,4,8,-1,0,8,0,0,0,0,1,1,-1,6,1,71,10,4196,1,18,JAGUAR XK SERIES,5,E01014060,0,2
2024052402827,2024,052402827,1,9,0,18,19,2,6,0,0,0,0,0,0,0,1,1,6,6,1,37,7,5000,1,14,JAGUAR XK SERIES,1,E01006540,0,1
2024122400639,2024,122400639,2,9,0,18,19,7,3,0,0,0,0,0,0,0,3,1,6,6,1,80,11,5000,1,12,JAGUAR XK SERIES,8,E01027563,0,3
2024631455458,2024,631455458,1,9,0,-1,12,2,6,-1,0,0,0,0,7,7,1,1,-1,9,1,27,6,5000,1,12,JAGUAR XK SERIES,4,W01000603,0,4
2024122401226,2024,122401226,2,9,0,17,19,7,3,0,0,0,0,0,0,0,1,1,6,6,1,58,9,5000,1,14,JAGUAR XK SERIES,-1,-1,0,-1
2024520400558,2024,520400558,2,9,0,10,10,1,7,0,0,1,0,0,0,0,1,1,6,6,3,-1,-1,4196,1,17,JAGUAR XK SERIES,-1,-1,0,-1
2024141467589,2024,141467589,1,9,0,-1,19,6,2,-1,0,1,0,0,0,0,1,1,-1,9,1,37,7,4196,1,17,JAGUAR XK SERIES,9,E01019779,0,2
2024461450891,2024,461450891,2,9,0,-1,19,3,7,-1,0,0,0,0,0,0,1,9,-1,9,1,74,10,4196,1,18,JAGUAR XK SERIES,8,E01028689,0,5
2024440188336,2024,440188336,1,3,0,4,4,8,4,0,0,1,1,0,0,0,3,1,2,2,1,49,8,125,1,4,MAKE AND MODEL REDACTED,6,E01022802,0,1
2024201458694,2024,201458694,2,2,0,-1,5,6,2,-1,0,8,0,0,0,0,3,1,-1,2,1,28,6,125,1,3,MAKE AND MODEL REDACTED,6,E01010174,0,2
2024131399991,2024,131399991,2,3,0,-1,9,3,7,-1,0,1,0,0,0,0,2,1,-1,6,2,52,8,125,1,6,MAKE AND MODEL REDACTED,5,E01011480,0,1
2024161405276,2024,161405276,1,3,0,-1,5,3,7,-1,0,0,0,0,0,0,4,1,-1,9,1,52,8,125,1,6,MAKE AND MODEL REDACTED,7,E01013150,0,1
2024552400063,2024,552400063,1,3,0,18,19,4,8,0,0,8,1,0,0,0,0,1,2,2,2,28,6,125,1,4,MAKE AND MODEL REDACTED,6,E01020510,0,1
2024451450057,2024,451450057,1,2,0,-1,4,5,1,-1,0,0,1,0,0,0,1,1,-1,9,1,17,4,50,1,8,MAKE AND MODEL REDACTED,7,E01030660,0,1
2024552400486,2024,552400486,1,3,0,18,19,7,3,0,0,0,1,0,0,0,1,1,6,6,1,26,6,125,1,7,MAKE AND MODEL REDACTED,3,E01020393,0,3
2024501444789,2024,501444789,2,21,0,-1,2,0,0,-1,-1,0,0,0,0,0,2,1,-1,2,1,63,9,5880,2,29,MAKE AND MODEL REDACTED,5,E01018904,0,4
202460Q005155,2024,60Q005155,2,4,0,18,19,7,3,0,0,1,0,0,0,0,1,1,6,6,1,21,5,125,1,35,MAKE AND MODEL REDACTED,-1,-1,0,-1
2024361504066,2024,361504066,2,5,0,-1,19,1,5,-1,0,8,0,0,0,0,1,1,-1,6,1,60,9,1151,1,16,MAKE AND MODEL REDACTED,-1,-1,0,-1
2024361507514,2024,361507514,1,5,0,-1,19,2,6,-1,0,1,0,0,1,0,1,1,-1,6,1,62,9,1151,1,13,MAKE AND MODEL REDACTED,3,E01026786,0,2
2024440241872,2024,440241872,1,5,0,18,19,2,6,0,0,0,0,7,0,0,4,1,6,6,1,67,10,744,1,9,MAKE AND MODEL REDACTED,9,E01030306,0,4
2024531453204,2024,531453204,1,5,0,-1,19,7,3,-1,0,8,1,0,0,0,2,1,-1,9,1,66,10,744,1,11,MAKE AND MODEL REDACTED,7,E01022414,0,3
2024501521383,2024,501521383,1,2,0,-1,19,3,7,-1,0,0,2,0,0,0,1,1,-1,9,1,16,4,49,1,19,MAKE AND MODEL REDACTED,4,E01020032,0,1
2024010523896,2024,010523896,1,3,0,3,3,3,7,0,0,1,0,0,0,0,2,1,6,6,1,51,8,124,1,8,MAKE AND MODEL REDACTED,2,E01000096,0,2
2024010514212,2024,010514212,1,3,0,18,19,2,6,0,0,1,0,0,0,0,1,1,6,6,3,-1,-1,124,1,8,MAKE AND MODEL REDACTED,-1,-1,0,-1
2024201477782,2024,201477782,1,4,0,-1,13,7,3,-1,0,8,0,0,0,0,1,1,-1,6,1,37,7,399,1,16,MAKE AND MODEL REDACTED,1,E01009114,0,3
2024451435691,2024,451435691,2,3,0,-1,5,1,5,-1,0,0,0,0,0,0,0,1,-1,2,1,53,8,124,1,10,MAKE AND MODEL REDACTED,4,E01030983,0,1
2024361496732,2024,361496732,1,21,1,-1,4,3,7,-1,0,0,0,4,0,0,1,1,-1,1,1,60,9,-1,2,9,SCANIA MODEL MISSING,5,E01026940,0,4
2024351417975,2024,351417975,1,21,0,-1,19,7,7,-1,0,0,0,0,0,0,1,1,-1,1,1,49,8,12742,2,2,SCANIA MODEL MISSING,4,E01015614,0,4
2024371491321,2024,371491321,1,21,1,-1,-1,-1,-1,-1,-1,0,-1,-1,-1,0,1,9,-1,1,1,64,9,12740,2,9,SCANIA MODEL MISSING,7,E01030101,0,4
2024421494785,2024,421494785,1,21,0,-1,19,5,1,-1,0,0,0,0,0,0,0,1,-1,6,3,-1,-1,12740,2,9,SCANIA MODEL MISSING,-1,-1,0,-1
2024201430170,2024,201430170,2,11,0,-1,19,4,8,-1,0,0,0,0,0,0,2,1,-1,1,3,-1,-1,9000,2,15,SCANIA MODEL MISSING,-1,-1,0,-1
2024061436106,2024,061436106,1,21,1,-1,19,3,7,-1,0,6,0,0,0,0,1,1,-1,1,1,48,8,12740,2,9,SCANIA MODEL MISSING,-1,-1,0,-1
2024411512616,2024,411512616,1,21,0,-1,-1,-1,-1,-1,-1,-1,-1,-1,-1,0,-1,9,-1,1,1,39,7,12742,2,1,SCANIA MODEL MISSING,5,E01023792,0,3
2024371495732,2024,371495732,1,21,0,-1,4,1,5,-1,0,0,0,0,0,0,3,1,-1,1,1,64,9,12740,2,10,SCANIA MODEL MISSING,7,E01030051,0,3
2024991444358,2024,991444358,1,21,0,-1,19,4,8,-1,0,0,1,0,7,0,1,1,-1,1,1,32,6,11705,2,12,SCANIA MODEL MISSING,5,-1,0,3
2024501491632,2024,501491632,1,21,0,-1,19,8,4,-1,0,8,2,0,8,6,3,1,-1,1,1,50,8,11705,2,20,SCANIA MODEL MISSING,3,E01015161,0,1
2024531519551,2024,531519551,1,21,0,-1,19,8,4,-1,0,0,0,0,1,9,1,1,-1,1,1,60,9,9290,2,6,SCANIA MODEL MISSING,7,E01022198,0,1
2024461469123,2024,461469123,1,21,5,-1,19,3,7,-1,0,0,0,0,0,0,1,9,-1,6,1,48,8,9290,2,3,SCANIA MODEL MISSING,4,E01021451,0,4
2024010543637,2024,010543637,2,11,0,99,99,9,9,99,99,9,9,99,9,99,9,9,6,6,1,45,7,9000,2,14,SCANIA MODEL MISSING,4,E01003117,0,2
2024421500684,2024,421500684,1,21,0,-1,19,2,6,-1,0,0,0,0,0,0,1,1,-1,1,1,26,6,12742,2,2,SCANIA MODEL MISSING,8,E01021582,0,3
2024101530423,2024,101530423,1,20,1,-1,12,7,4,-1,0,0,0,0,0,0,3,1,-1,6,1,-1,-1,-1,-1,-1,SCANIA MODEL MISSING,7,E01027760,0,4
2024311460439,2024,311460439,1,21,1,-1,4,3,7,-1,0,0,0,0,0,0,1,1,-1,1,1,40,7,12742,2,6,SCANIA MODEL MISSING,1,E01034398,0,5
2024320317282,2024,320317282,2,21,0,-1,-1,8,4,0,0,0,0,0,0,0,3,1,1,1,1,28,6,12740,2,9,SCANIA MODEL MISSING,8,E01034699,0,3
2024610042824,2024,610042824,1,21,0,18,19,7,3,0,0,0,0,0,0,0,1,1,1,1,1,73,10,8970,2,18,SCANIA MODEL MISSING,4,W01001523,0,2
2024371410685,2024,371410685,1,21,1,-1,19,3,7,-1,0,0,0,0,0,0,3,1,-1,1,1,38,7,12740,2,6,SCANIA MODEL MISSING,1,E01030279,0,4
2024991421775,2024,991421775,2,21,0,-1,19,3,7,-1,0,0,0,0,0,0,1,1,-1,1,1,29,6,12742,2,2,SCANIA MODEL MISSING,-1,-1,0,-1
2024201526376,2024,201526376,2,21,0,-1,11,1,5,-1,0,0,0,0,0,0,1,1,-1,1,1,58,9,12742,2,1,SCANIA MODEL MISSING,5,E01019132,0,5
2024991475308,2024,991475308,3,20,0,-1,19,2,6,-1,0,0,0,0,0,0,3,1,-1,1,1,38,7,9290,2,8,SCANIA MODEL MISSING,6,-1,0,3
2024421530887,2024,421530887,3,21,1,-1,19,4,8,-1,0,0,0,0,0,0,2,1,-1,1,1,57,9,12742,2,2,SCANIA MODEL MISSING,10,E01027037,0,4
2024421517772,2024,421517772,1,21,0,-1,19,7,3,-1,0,0,1,0,0,0,1,1,-1,1,1,36,7,12742,2,2,SCANIA MODEL MISSING,10,E01021896,0,4
2024991482398,2024,991482398,1,21,0,-1,19,5,1,-1,0,1,1,0,0,0,1,1,-1,1,1,60,9,15607,2,17,SCANIA MODEL MISSING,-1,-1,0,-1
2024991415092,2024,991415092,2,21,0,-1,19,3,7,-1,0,1,0,0,2,0,4,1,-1,1,1,66,10,9290,2,9,SCANIA MODEL MISSING,5,-1,0,5
2024421481931,2024,421481931,1,21,1,-1,19,3,7,-1,0,0,0,0,0,0,1,1,-1,1,1,34,6,12742,2,4,SCANIA MODEL MISSING,2,E01031066,0,5
2024031459060,2024,031459060,2,21,4,-1,19,5,1,-1,0,0,0,0,0,0,2,1,-1,1,1,38,7,12740,2,8,SCANIA MODEL MISSING,2,-1,0,5
2024622400158,2024,622400158,1,21,0,18,19,4,8,0,0,0,0,0,0,0,1,1,1,1,1,35,6,12742,2,4,SCANIA MODEL MISSING,4,W01001278,0,3
2024320192356,2024,320192356,2,21,0,-1,-1,3,7,0,0,8,0,0,0,0,1,1,1,1,1,57,9,12742,2,5,SCANIA MODEL MISSING,5,E01026276,0,3
2024471456649,2024,471456649,2,20,0,-1,4,8,4,-1,0,0,0,0,0,0,2,1,-1,1,1,32,6,-1,-1,-1,SCANIA MODEL MISSING,-1,-1,0,-1
2024631432358,2024,631432358,2,21,4,-1,19,3,7,-1,0,8,1,0,0,0,1,1,-1,1,1,53,8,12740,2,10,SCANIA MODEL MISSING,7,W01000578,0,3
2024320466607,2024,320466607,1,21,1,4,4,1,5,0,0,0,0,0,0,0,1,1,1,1,1,30,6,12740,2,7,SCANIA MODEL MISSING,2,E01026378,0,4
2024010491217,2024,010491217,2,21,0,18,19,8,4,0,0,0,0,0,0,0,1,1,6,6,3,-1,-1,9290,2,1,SCANIA MODEL MISSING,-1,-1,0,-1
2024401488991,2024,401488991,2,21,0,-1,19,7,3,-1,0,0,0,0,0,0,2,1,-1,1,1,54,8,9290,2,9,SCANIA MODEL MISSING,-1,-1,0,-1
2024041485598,2024,041485598,3,90,0,-1,19,1,5,-1,0,0,0,0,0,0,0,1,-1,6,-1,-1,-1,-1,-1,-1,SCANIA MODEL MISSING,-1,-1,0,-1
2024440301910,2024,440301910,2,21,0,18,19,1,5,0,0,4,0,0,0,0,1,1,1,1,1,-1,-1,9290,2,6,SCANIA MODEL MISSING,-1,-1,0,-1
2024041447238,2024,041447238,1,21,0,-1,19,5,1,-1,0,3,0,0,0,0,1,1,-1,6,1,-1,-1,12740,2,8,SCANIA MODEL MISSING,-1,-1,0,-1
2024401510822,2024,401510822,4,20,0,-1,3,1,5,-1,0,0,0,0,0,0,2,1,-1,1,-1,45,7,-1,-1,-1,SCANIA MODEL MISSING,7,E01027323,0,4
2024340WN0302,2024,340WN0302,1,21,0,-1,19,2,6,-1,0,0,0,0,0,0,1,1,-1,1,1,56,9,12742,2,5,SCANIA MODEL MISSING,6,E01034304,0,5
2024440491822,2024,440491822,1,11,0,5,5,8,4,0,0,1,0,0,0,0,1,1,1,1,1,33,6,9000,2,16,SCANIA MODEL MISSING,9,E01035440,0,3
2024461421769,2024,461421769,1,21,0,-1,19,6,1,-1,0,1,0,0,0,0,1,9,-1,1,1,26,6,12742,2,7,SCANIA MODEL MISSING,6,E01016124,0,3
2024141439478,2024,141439478,2,90,0,-1,19,3,7,-1,0,2,0,0,0,0,4,1,-1,1,1,67,10,-1,-1,-1,SCANIA MODEL MISSING,1,E01011497,0,4
2024161515892,2024,161515892,1,20,1,-1,19,1,5,-1,0,0,0,0,0,0,1,1,-1,1,1,62,9,-1,-1,-1,SCANIA MODEL MISSING,7,E01011119,0,4
2024031503099,2024,031503099,2,21,1,-1,19,5,1,-1,0,0,0,0,0,0,2,1,-1,1,1,48,8,12742,2,2,SCANIA MODEL MISSING,6,-1,0,5
2024547459424,2024,547459424,1,11,0,4,4,5,1,0,0,0,0,0,0,0,4,1,1,1,1,26,6,9000,2,15,SCANIA MODEL MISSING,6,E01034550,0,1
2024501508213,2024,501508213,2,21,0,-1,19,5,1,-1,0,0,0,0,0,0,2,1,-1,1,1,48,8,9290,2,9,SCANIA MODEL MISSING,1,E01029293,0,4
2024041461448,2024,041461448,1,21,5,-1,19,3,7,-1,0,0,0,0,0,0,0,1,-1,1,1,75,10,12740,2,9,SCANIA MODEL MISSING,7,E01025496,0,3
2024991509664,2024,991509664,3,21,0,-1,19,1,5,-1,0,0,0,0,0,0,3,1,-1,1,1,40,7,16400,2,10,SCANIA MODEL MISSING,-1,-1,0,-1
2024991451992,2024,991451992,1,21,1,-1,19,8,4,-1,0,0,0,0,0,0,3,1,-1,1,1,57,9,12742,2,6,SCANIA MODEL MISSING,7,-1,0,5
2024010496184,2024,010496184,2,21,9,99,99,9,9,99,99,9,9,99,9,99,9,1,6,6,3,-1,-1,12742,2,4,SCANIA MODEL MISSING,-1,-1,0,-1
2024471427740,2024,471427740,3,21,0,-1,19,5,1,-1,0,1,0,0,1,0,0,1,-1,1,1,59,9,8970,2,16,SCANIA MODEL MISSING,5,E01031373,0,1
2024052400878,2024,052400878,2,20,1,18,19,3,7,0,0,1,0,0,0,0,1,1,1,1,1,50,8,-1,-1,-1,SCANIA MODEL MISSING,1,-1,0,5
2024522401379,2024,522401379,1,11,0,18,19,1,5,0,0,0,0,0,0,0,4,1,1,1,3,-1,-1,9300,5,4,SCANIA MODEL MISSING,-1,-1,0,-1
2024311437600,2024,311437600,1,11,0,-1,19,5,1,-1,2,0,0,0,0,0,0,9,-1,1,2,58,9,9300,5,2,SCANIA MODEL MISSING,9,E01019659,0,2
2024440434417,2024,440434417,3,21,0,18,19,1,5,0,0,1,0,0,0,0,1,1,1,1,1,37,7,12742,2,0,SCANIA MODEL MISSING,3,E01016014,0,5
2024311537712,2024,311537712,6,21,1,-1,19,4,8,-1,0,0,0,4,0,0,1,2,-1,1,1,58,9,12740,2,7,SCANIA MODEL MISSING,4,E01021706,0,5
2024010520132,2024,010520132,2,90,0,18,19,7,3,0,0,0,0,0,0,0,4,1,1,1,1,42,7,-1,-1,-1,SCANIA MODEL MISSING,8,E01023486,0,3
2024161467471,2024,161467471,2,21,0,-1,19,7,3,-1,0,0,0,0,0,0,2,1,-1,1,1,43,7,16353,2,5,SCANIA MODEL MISSING,1,E01012786,0,4
2024211410469,2024,211410469,3,21,1,-1,19,6,2,-1,0,0,0,0,0,0,1,9,-1,1,1,49,8,12740,2,7,SCANIA MODEL MISSING,2,E01009989,0,4
2024361548221,2024,361548221,2,21,0,-1,2,0,0,-1,0,0,0,0,0,0,2,1,-1,1,1,57,9,12740,2,9,SCANIA MODEL MISSING,6,E01026760,0,4
2024221482467,2024,221482467,2,21,0,-1,19,6,2,-1,0,8,0,0,0,0,1,1,-1,1,1,59,9,9290,2,8,SCANIA MODEL MISSING,7,E01028998,0,3
2024221470107,2024,221470107,1,11,0,-1,19,5,1,-1,0,0,0,0,0,0,4,1,-1,1,1,37,7,18000,2,3,SCANIA MODEL MISSING,-1,-1,0,-1
202460Q089558,2024,60Q089558,2,21,1,18,19,5,1,0,0,0,1,0,7,0,1,1,1,1,2,75,10,12742,2,1,SCANIA MODEL MISSING,-1,-1,0,-1
2024031485628,2024,031485628,2,21,1,-1,2,7,7,-1,0,0,0,0,0,0,3,1,-1,1,1,50,8,16353,2,2,SCANIA MODEL MISSING,9,-1,0,4
2024991515297,2024,991515297,2,21,1,-1,19,3,7,-1,0,1,0,0,0,0,1,1,-1,1,1,57,9,12742,2,3,SCANIA MODEL MISSING,9,-1,0,4
2024471440503,2024,471440503,2,21,0,-1,19,8,4,-1,0,0,0,0,0,0,3,1,-1,1,1,64,9,12742,2,4,SCANIA MODEL MISSING,5,E01034556,0,4
202460Q032184,2024,60Q032184,1,21,2,9,9,5,3,0,0,8,0,0,0,0,4,1,1,1,1,40,7,12742,2,5,SCANIA MODEL MISSING,-1,-1,0,-1
2024430452381,2024,430452381,3,21,0,18,19,8,4,0,0,0,0,0,0,0,3,1,1,1,1,68,10,12740,2,7,SCANIA MODEL MISSING,6,E01029161,0,5
2024141394226,2024,141394226,2,21,0,-1,19,5,1,-1,0,0,0,0,0,0,1,1,-1,1,1,46,8,12740,2,10,SCANIA MODEL MISSING,3,E01007777,0,1
2024311513987,2024,311513987,1,11,0,-1,19,5,1,-1,0,1,0,0,0,0,0,9,-1,1,1,52,8,9300,5,5,SCANIA MODEL MISSING,3,E01033400,0,1
2024320283239,2024,320283239,1,21,0,10,10,7,5,0,0,8,0,0,0,0,2,1,1,1,1,70,10,12740,2,7,SCANIA MODEL MISSING,-1,-1,0,-1
2024311412392,2024,311412392,1,11,0,-1,19,2,6,-1,0,0,0,0,0,0,0,9,-1,1,1,61,9,9000,2,10,SCANIA MODEL MISSING,9,E01028206,0,2
2024451405212,2024,451405212,2,21,1,-1,19,1,5,-1,0,0,0,0,0,0,4,1,-1,1,1,31,6,12740,2,9,SCANIA MODEL MISSING,4,E01016474,0,2
2024211513130,2024,211513130,2,21,0,-1,11,5,1,-1,0,0,0,0,0,0,4,1,-1,1,1,64,9,12740,2,9,SCANIA MODEL MISSING,5,E01004888,0,5
2024101521213,2024,101521213,1,21,1,-1,19,8,4,-1,0,0,1,0,0,0,1,1,-1,1,1,48,8,12740,2,9,SCANIA MODEL MISSING,5,-1,0,5
2024461408251,2024,461408251,1,21,1,-1,9,7,3,-1,0,1,0,0,-1,0,-1,1,-1,1,1,62,9,12740,2,10,SCANIA MODEL MISSING,8,E01015960,0,1
2024201502688,2024,201502688,1,21,0,-1,19,3,7,-1,0,0,0,0,0,0,1,1,-1,1,1,34,6,12742,2,3,SCANIA MODEL MISSING,2,E01009966,0,4
2024451534150,2024,451534150,1,21,1,-1,3,5,1,-1,0,0,0,0,0,0,1,1,-1,1,1,25,5,12742,2,6,SCANIA MODEL MISSING,9,E01034719,0,4
2024631443424,2024,631443424,1,21,4,-1,19,4,7,-1,0,1,0,0,0,0,3,1,-1,2,1,47,8,12740,2,11,SCANIA MODEL MISSING,7,W01000083,0,4
2024302401453,2024,302401453,1,21,0,4,4,1,5,0,0,0,0,0,0,0,2,1,1,1,1,34,6,12742,2,1,SCANIA MODEL MISSING,1,E01009985,0,4
2024320165969,2024,320165969,1,21,0,7,7,2,4,0,0,5,0,0,0,0,3,1,6,6,1,-1,-1,12740,2,7,SCANIA MODEL MISSING,-1,-1,0,-1
2024340WN1942,2024,340WN1942,3,21,0,-1,4,7,3,-1,0,0,0,0,0,0,2,1,-1,1,1,39,7,12742,2,1,SCANIA MODEL MISSING,3,E01029549,0,4
2024991396177,2024,991396177,1,11,0,-1,5,8,4,-1,0,4,0,0,0,0,1,1,-1,1,1,30,6,13000,2,5,SCANIA MODEL MISSING,3,-1,0,4
2024430252716,2024,430252716,1,20,0,11,11,8,4,0,0,0,0,0,0,0,4,1,1,1,1,35,6,-1,-1,-1,SCANIA MODEL MISSING,6,E01015925,0,4
2024522500425,2024,522500425,2,11,0,12,12,7,3,0,0,0,0,0,0,0,3,1,1,1,3,-1,-1,9300,5,4,SCANIA MODEL MISSING,-1,-1,0,-1
2024201539232,2024,201539232,1,21,1,-1,13,5,1,-1,0,8,0,0,0,0,4,9,-1,6,1,-1,-1,12740,2,8,SCANIA MODEL MISSING,-1,-1,0,-1
2024440550310,2024,440550310,1,21,0,18,19,4,8,0,0,0,0,0,0,0,1,1,1,1,1,37,7,7700,2,5,SCANIA MODEL MISSING,9,E01033380,0,2
2024101399720,2024,101399720,2,11,0,-1,4,3,7,-1,0,0,0,0,0,0,1,1,-1,1,1,44,7,9000,5,10,SCANIA MODEL MISSING,9,E01008620,0,1
2024070615736,2024,070615736,2,20,0,17,19,5,1,0,0,2,0,0,1,0,1,1,1,1,1,35,6,12740,2,7,SCANIA MODEL MISSING,8,E01029704,0,4
2024311433890,2024,311433890,1,11,0,-1,5,6,2,-1,0,0,0,0,0,0,0,1,-1,1,1,-1,-1,9000,5,7,SCANIA MODEL MISSING,1,E01013920,0,1
2024010534396,2024,010534396,2,21,1,18,19,5,1,0,0,2,0,0,0,0,2,1,1,1,1,36,7,12742,2,5,SCANIA MODEL MISSING,5,E01016013,0,3
2024231444976,2024,231444976,5,21,1,-1,4,4,8,-1,0,1,0,0,0,0,0,9,-1,6,-1,45,7,12742,2,5,SCANIA MODEL MISSING,-1,-1,0,-1
2024340WN1152,2024,340WN1152,3,20,0,-1,2,0,0,-1,0,0,0,0,0,0,2,1,-1,6,3,-1,-1,9300,2,2,SCANIA MODEL MISSING,-1,-1,0,-1
2024311437826,2024,311437826,1,11,0,-1,5,5,1,-1,0,0,0,0,0,0,0,9,-1,1,1,55,8,9000,5,6,SCANIA MODEL MISSING,-1,-1,0,-1
2024411474201,2024,411474201,1,21,0,-1,19,1,5,-1,0,4,0,0,0,0,1,1,-1,1,1,63,9,12742,2,5,SCANIA MODEL MISSING,4,E01000287,0,4
2024010498512,2024,010498512,2,21,1,11,11,5,1,0,0,0,0,0,0,0,4,1,1,1,1,35,6,12742,2,1,SCANIA MODEL MISSING,5,E01029324,0,5
2024552400707,2024,552400707,2,11,0,2,2,0,0,0,0,0,0,0,0,0,0,1,1,1,1,43,7,9000,2,16,SCANIA MODEL MISSING,2,E01015379,0,1
2024430256745,2024,430256745,2,21,0,18,19,2,6,0,0,0,0,0,0,0,0,1,1,1,1,61,9,12742,2,1,SCANIA MODEL MISSING,8,E01014896,0,4
2024991419742,2024,991419742,2,21,0,-1,2,0,0,-1,0,0,0,2,0,0,2,1,-1,1,2,26,6,12742,2,5,SCANIA MODEL MISSING,-1,-1,0,-1
2024010536558,2024,010536558,2,20,0,-1,-1,5,1,0,0,0,0,0,0,0,1,1,6,6,1,30,6,12742,2,3,SCANIA MODEL MISSING,5,E01033462,0,4
2024311521745,2024,311521745,1,11,0,-1,19,4,8,-1,0,0,0,0,0,0,0,1,-1,1,1,-1,-1,9000,5,7,SCANIA MODEL MISSING,-1,-1,0,-1