collision_index,collision_year,collision_ref_no,vehicle_reference,vehicle_type,towing_and_articulation,vehicle_manoeuvre_historic,vehicle_manoeuvre,vehicle_direction_from,vehicle_direction_to,vehicle_location_restricted_lane_historic,vehicle_location_restricted_lane,junction_location,skidding_and_overturning,hit_object_in_carriageway,vehicle_leaving_carriageway,hit_object_off_carriageway,first_point_of_impact,vehicle_left_hand_drive,journey_purpose_of_driver_historic,journey_purpose_of_driver,sex_of_driver,age_of_driver,age_band_of_driver,engine_capacity_cc,propulsion_code,age_of_vehicle,generic_make_model,driver_imd_decile,lsoa_of_driver,escooter_flag,driver_distance_banding
2024351429548,2024,351429548,1,21,1,-1,19,3,7,-1,0,0,5,0,1,11,1,1,-1,1,1,56,9,12742,2,5,SCANIA MODEL MISSING,4,E01015630,0,4
2024010517638,2024,010517638,1,21,1,4,4,3,7,0,0,0,1,0,0,0,1,1,1,1,1,38,7,12742,2,3,SCANIA MODEL MISSING,2,E01004980,0,5
2024010531938,2024,010531938,1,11,0,4,4,3,7,2,2,0,0,0,0,0,1,1,1,1,1,35,6,9000,2,16,SCANIA MODEL MISSING,3,E01035674,0,2
2024231427229,2024,231427229,2,21,1,-1,19,6,2,-1,0,0,0,0,0,0,1,9,-1,6,1,51,8,12742,2,1,SCANIA MODEL MISSING,5,E01010118,0,2
2024211576036,2024,211576036,3,11,1,-1,19,3,7,-1,0,0,3,0,0,0,1,1,-1,1,1,27,6,9291,2,0,SCANIA MODEL MISSING,-1,-1,0,-1
2024991465619,2024,991465619,1,21,0,-1,19,2,6,-1,0,1,0,0,0,0,1,1,-1,1,1,55,8,12740,2,8,SCANIA MODEL MISSING,1,-1,0,2
2024070605110,2024,070605110,1,21,0,4,4,2,7,0,0,1,0,1,0,0,1,1,1,1,1,61,9,12742,2,6,SCANIA MODEL MISSING,1,E01007210,0,4
2024631481357,2024,631481357,3,21,0,-1,19,8,4,-1,0,0,0,0,0,0,1,1,-1,1,1,63,9,12740,2,11,SCANIA MODEL MISSING,6,W01000627,0,4
2024010534136,2024,010534136,1,21,1,10,10,5,3,0,0,1,0,0,0,0,1,1,1,1,1,34,6,7700,2,1,SCANIA MODEL MISSING,10,E01035350,0,4
2024221414739,2024,221414739,4,21,0,-1,19,2,6,-1,0,0,0,0,0,0,0,1,-1,1,1,52,8,12742,2,4,SCANIA MODEL MISSING,9,E01019312,0,5
2024141448884,2024,141448884,1,21,0,-1,4,5,1,-1,0,0,0,0,0,0,2,1,-1,1,1,55,8,12742,2,5,SCANIA MODEL MISSING,5,E01028002,0,3
2024211511192,2024,211511192,2,21,1,-1,11,4,8,-1,0,0,0,0,0,0,4,1,-1,1,1,65,9,12742,2,3,SCANIA MODEL MISSING,-1,-1,0,-1
2024351516755,2024,351516755,2,21,1,-1,4,5,1,-1,0,0,0,0,0,0,2,1,-1,1,1,56,9,12742,2,5,SCANIA MODEL MISSING,9,E01018204,0,4
2024351518232,2024,351518232,1,11,0,-1,-1,-1,-1,-1,-1,0,0,0,0,0,-1,1,-1,6,1,18,4,9400,2,19,SCANIA MODEL MISSING,6,E01018195,0,4
2024221507018,2024,221507018,1,21,1,-1,11,3,7,-1,0,0,0,0,0,0,4,1,-1,1,2,22,5,12740,2,7,SCANIA MODEL MISSING,5,W01001383,0,5
2024320265992,2024,320265992,1,21,0,-1,-1,6,2,0,0,0,0,0,0,0,1,1,1,1,1,51,8,16353,2,4,SCANIA MODEL MISSING,3,E01031117,0,5
2024421400992,2024,421400992,3,21,1,-1,19,1,5,-1,0,0,0,0,0,0,1,1,-1,1,1,51,8,12740,2,7,SCANIA MODEL MISSING,7,E01021430,0,4
2024320185218,2024,320185218,2,21,0,-1,-1,3,7,0,0,0,0,0,0,0,3,1,1,1,1,50,8,12742,2,6,SCANIA MODEL MISSING,4,E01026019,0,3
2024052400080,2024,052400080,1,21,0,18,19,4,8,0,0,1,0,0,0,0,1,1,1,1,1,-1,-1,12742,2,3,SCANIA MODEL MISSING,-1,-1,0,-1
2024361412542,2024,361412542,2,21,0,-1,8,1,6,-1,0,1,0,0,0,0,2,1,-1,1,1,55,8,-1,-1,-1,SCANIA MODEL MISSING,5,E01018016,0,4
202460Q092488,2024,60Q092488,2,21,1,18,19,7,3,0,0,1,5,9,0,0,1,1,6,6,1,34,6,12742,2,4,SCANIA MODEL MISSING,-1,-1,0,-1
2024161465493,2024,161465493,2,21,0,-1,19,2,6,-1,0,0,0,0,5,0,1,1,-1,1,1,64,9,12742,2,1,SCANIA MODEL MISSING,2,E01012417,0,5
2024430155929,2024,430155929,1,21,1,5,5,2,6,0,0,0,0,0,0,0,2,1,1,1,1,23,5,12742,2,1,SCANIA MODEL MISSING,8,E01029675,0,5
2024041409630,2024,041409630,1,21,0,-1,19,5,1,-1,0,0,0,0,1,0,1,1,-1,1,1,35,6,9290,2,5,SCANIA MODEL MISSING,2,E01012689,0,4
2024061434488,2024,061434488,2,11,0,-1,19,4,7,-1,0,1,0,0,0,0,1,1,-1,1,1,45,7,9000,2,15,SCANIA MODEL MISSING,1,E01006109,0,1
2024131422533,2024,131422533,1,21,0,-1,7,1,3,-1,0,1,0,0,0,0,4,1,-1,1,1,64,9,12740,2,9,SCANIA MODEL MISSING,4,E01012319,0,4
2024520401971,2024,520401971,1,21,0,18,19,4,8,0,0,8,0,0,0,0,1,1,6,6,1,44,7,12742,2,1,SCANIA MODEL MISSING,2,E01029311,0,4
2024031477759,2024,031477759,3,21,4,-1,19,7,1,-1,0,2,0,0,0,0,3,1,-1,6,1,40,7,12742,2,1,SCANIA MODEL MISSING,-1,-1,0,-1
2024320130881,2024,320130881,2,21,0,-1,-1,6,2,0,0,0,1,0,7,9,3,1,1,1,1,40,7,-1,-1,-1,SCANIA MODEL MISSING,-1,-1,0,-1
2024131512742,2024,131512742,1,21,0,-1,19,3,7,-1,0,8,0,0,0,0,1,1,-1,1,1,25,5,12742,2,5,SCANIA MODEL MISSING,3,E01010595,0,3
2024501423706,2024,501423706,2,21,0,-1,19,3,7,-1,0,4,1,9,3,0,1,2,-1,1,1,35,6,9290,2,7,SCANIA MODEL MISSING,3,E01018989,0,4
2024311403028,2024,311403028,1,11,0,-1,4,1,5,-1,0,0,0,0,0,0,0,1,-1,1,1,43,7,9000,5,7,SCANIA MODEL MISSING,3,E01028153,0,3
2024631434923,2024,631434923,2,21,0,-1,12,6,2,-1,0,0,0,0,7,7,1,1,-1,1,1,36,7,12742,2,3,SCANIA MODEL MISSING,9,E01018474,0,4
2024461449493,2024,461449493,2,21,1,-1,19,5,3,-1,0,0,0,0,0,0,2,9,-1,1,1,37,7,12740,2,10,SCANIA MODEL MISSING,7,E01015946,0,4
2024010537220,2024,010537220,1,21,0,7,7,6,8,0,0,5,0,0,0,0,4,1,1,1,1,50,8,12742,2,5,SCANIA MODEL MISSING,3,E01015922,0,4
2024320078331,2024,320078331,1,21,1,-1,-1,4,8,0,0,1,1,0,7,0,1,1,1,1,1,42,7,12740,2,11,SCANIA MODEL MISSING,-1,-1,0,-1
2024401479023,2024,401479023,1,21,1,-1,19,5,1,-1,0,0,0,0,0,0,1,1,-1,1,1,45,7,12742,2,3,SCANIA MODEL MISSING,6,E01031130,0,4
2024991462146,2024,991462146,1,21,1,-1,19,2,6,-1,0,0,0,0,0,0,1,1,-1,1,1,53,8,12742,2,4,SCANIA MODEL MISSING,8,-1,0,4
2024010545070,2024,010545070,5,21,4,4,4,5,1,0,0,0,0,0,0,0,3,1,1,1,1,35,6,12742,2,5,SCANIA MODEL MISSING,9,E01002516,0,4
2024991412078,2024,991412078,1,21,1,-1,19,4,8,-1,0,0,0,0,7,0,1,1,-1,1,1,61,9,12742,2,5,SCANIA MODEL MISSING,2,E01007849,0,5
2024421479412,2024,421479412,1,21,1,-1,19,7,3,-1,0,0,0,0,7,0,1,1,-1,1,1,41,7,12740,2,8,SCANIA MODEL MISSING,-1,-1,0,-1
2024520403404,2024,520403404,3,21,0,18,19,8,4,0,0,0,5,0,7,9,1,1,6,6,1,57,9,12742,2,4,SCANIA MODEL MISSING,6,E01014813,0,4
2024311415806,2024,311415806,1,20,0,-1,19,3,7,-1,0,0,0,0,0,0,1,1,-1,1,1,34,6,12742,2,2,SCANIA MODEL MISSING,2,E01028027,0,3
2024010522227,2024,010522227,1,21,0,7,7,5,8,0,0,1,0,0,0,0,1,1,1,1,1,47,8,12742,2,5,SCANIA MODEL MISSING,6,E01017385,0,4
2024122400232,2024,122400232,1,21,1,18,19,7,3,0,0,0,0,0,0,0,1,1,1,1,1,31,6,16400,2,8,SCANIA MODEL MISSING,9,-1,0,5
2024501437108,2024,501437108,1,21,1,-1,19,7,3,-1,0,0,5,0,1,0,1,1,-1,1,1,24,5,12742,2,6,SCANIA MODEL MISSING,5,E01020278,0,4
2024361450311,2024,361450311,2,21,4,-1,2,3,7,-1,0,0,0,4,0,0,2,1,-1,1,1,42,7,12740,2,8,SCANIA MODEL MISSING,7,E01018276,0,4
2024320358471,2024,320358471,3,21,1,-1,-1,4,8,0,0,0,0,0,0,0,3,1,1,1,1,60,9,12740,2,7,SCANIA MODEL MISSING,1,E01026069,0,3
2024461447341,2024,461447341,2,21,1,-1,4,3,7,-1,0,0,0,0,0,0,1,1,-1,2,1,44,7,12742,2,1,SCANIA MODEL MISSING,4,E01022048,0,4
2024211520922,2024,211520922,2,20,0,-1,19,2,3,-1,0,3,0,0,0,0,3,1,-1,6,1,48,8,-1,-1,-1,SCANIA MODEL MISSING,3,E01000335,0,5
2024161434873,2024,161434873,1,20,0,-1,5,4,8,-1,0,2,0,0,0,0,3,1,-1,1,1,39,7,-1,-1,-1,SCANIA MODEL MISSING,9,-1,0,5
2024461408867,2024,461408867,1,11,0,-1,-1,-1,-1,-1,0,0,0,0,0,0,0,9,-1,1,1,-1,-1,9000,2,15,SCANIA MODEL MISSING,4,E01024222,0,1
2024461407835,2024,461407835,2,21,4,-1,2,0,0,-1,-1,0,0,0,0,0,2,1,-1,1,1,50,8,12740,2,11,SCANIA MODEL MISSING,1,E01015932,0,4
2024332400386,2024,332400386,1,21,0,-1,12,7,3,-1,0,0,0,0,7,4,1,1,-1,1,1,55,8,12742,2,1,SCANIA MODEL MISSING,5,E01025625,0,1
2024052400928,2024,052400928,1,21,1,9,9,5,3,0,0,4,0,0,0,0,4,1,1,1,1,75,10,15607,2,11,SCANIA MODEL MISSING,7,E01019133,0,5
2024411515214,2024,411515214,2,21,1,-1,2,0,0,-1,-1,0,0,0,0,0,2,1,-1,1,1,43,7,12742,2,2,SCANIA MODEL MISSING,-1,-1,0,-1
2024991452584,2024,991452584,1,11,0,-1,19,7,3,-1,0,0,0,0,0,0,1,1,-1,1,1,52,8,9000,2,10,SCANIA MODEL MISSING,5,-1,0,2
2024311491392,2024,311491392,1,11,0,-1,20,1,5,-1,0,0,0,0,0,0,0,1,-1,1,2,48,8,9300,5,5,SCANIA MODEL MISSING,-1,-1,0,-1
2024371487426,2024,371487426,2,21,1,-1,19,7,3,-1,0,0,0,0,0,0,2,1,-1,1,1,68,10,9290,5,2,SCANIA MODEL MISSING,7,E01016763,0,4
2024161416932,2024,161416932,1,21,0,-1,19,1,5,-1,0,0,0,0,1,4,1,1,-1,1,1,62,9,16353,2,6,SCANIA MODEL MISSING,6,E01012922,0,4
2024552401144,2024,552401144,2,21,1,18,19,8,4,0,0,1,0,0,0,0,1,1,1,1,2,26,6,12740,2,11,SCANIA MODEL MISSING,8,E01029256,0,4
2024430312543,2024,430312543,2,21,1,18,19,6,2,0,0,0,0,0,0,0,0,1,1,1,1,43,7,9290,2,1,SCANIA MODEL MISSING,8,E01033029,0,4
2024340NN2912,2024,340NN2912,2,21,0,-1,3,1,5,-1,0,1,0,0,0,0,2,1,-1,1,1,53,8,12742,2,3,SCANIA MODEL MISSING,3,E01027056,0,4
2024211529807,2024,211529807,1,90,1,-1,19,4,8,-1,0,0,0,0,0,0,3,1,-1,1,1,55,8,-1,-1,-1,SCANIA MODEL MISSING,5,E01011770,0,5
2024531460241,2024,531460241,2,21,0,-1,19,5,1,-1,0,0,0,0,0,0,3,1,-1,1,1,53,8,12742,2,7,SCANIA MODEL MISSING,3,W01000652,0,5
2024461523178,2024,461523178,1,90,0,-1,4,2,6,-1,0,1,0,0,0,0,1,1,-1,1,1,65,9,-1,-1,-1,SCANIA MODEL MISSING,1,E01024597,0,4
2024131454555,2024,131454555,2,21,0,-1,19,1,5,-1,0,0,0,0,0,0,3,1,-1,1,1,52,8,16353,2,2,SCANIA MODEL MISSING,5,-1,0,5
2024991446248,2024,991446248,1,21,1,-1,19,4,8,-1,0,1,0,0,0,0,3,1,-1,1,1,22,5,16400,2,6,SCANIA MODEL MISSING,7,-1,0,4
202417S302424,2024,17S302424,1,21,0,9,9,6,4,0,0,8,0,0,0,0,3,1,1,1,1,53,8,-1,-1,-1,SCANIA MODEL MISSING,-1,-1,0,-1
2024311497135,2024,311497135,2,21,1,-1,19,8,4,-1,0,0,0,0,0,0,2,1,-1,1,1,47,8,12742,2,7,SCANIA MODEL MISSING,3,E01033092,0,5
2024991467491,2024,991467491,1,11,0,-1,19,5,1,-1,0,0,0,0,0,0,1,1,-1,1,1,55,8,9000,2,12,SCANIA MODEL MISSING,2,-1,0,4
2024311418416,2024,311418416,1,11,0,-1,5,3,7,-1,2,8,0,0,0,0,0,1,-1,1,1,47,8,9300,5,2,SCANIA MODEL MISSING,1,E01013920,0,1
2024161415212,2024,161415212,2,21,0,-1,19,4,8,-1,0,0,0,0,0,0,2,1,-1,1,1,44,7,12740,2,8,SCANIA MODEL MISSING,5,E01020617,0,5
2024440078406,2024,440078406,1,21,0,18,19,6,2,0,0,1,0,0,0,0,1,1,1,1,1,63,9,9290,2,0,SCANIA MODEL MISSING,8,E01023030,0,3
2024141395064,2024,141395064,1,11,0,-1,19,1,5,-1,0,0,0,0,0,0,0,1,-1,1,1,63,9,9000,2,12,SCANIA MODEL MISSING,3,E01007340,0,1
2024430279383,2024,430279383,2,11,0,9,9,4,2,0,0,5,0,0,0,0,3,1,1,1,1,49,8,9000,5,10,SCANIA MODEL MISSING,-1,-1,0,-1
2024161498391,2024,161498391,1,21,1,-1,19,4,8,-1,0,0,0,0,1,1,1,1,-1,2,1,30,6,12740,2,8,SCANIA MODEL MISSING,1,E01012858,0,4
2024451422858,2024,451422858,2,21,1,-1,19,5,1,-1,0,0,0,0,0,0,2,1,-1,1,1,30,6,12742,2,5,SCANIA MODEL MISSING,3,E01034682,0,5
2024311470879,2024,311470879,1,11,0,-1,19,7,3,-1,0,0,0,0,0,0,0,1,-1,1,2,45,7,9000,5,7,SCANIA MODEL MISSING,1,E01013920,0,1
2024340NN2982,2024,340NN2982,1,21,0,-1,9,5,3,-1,0,4,0,0,0,0,4,1,-1,1,1,47,8,12742,2,4,SCANIA MODEL MISSING,3,E01026270,0,4
2024320249477,2024,320249477,2,21,0,-1,-1,6,2,0,0,0,0,0,1,0,3,1,1,1,1,37,7,12740,2,8,SCANIA MODEL MISSING,8,E01026314,0,4
202454F030424,2024,54F030424,1,21,1,18,19,3,7,0,0,0,0,0,1,9,1,1,1,1,1,55,8,12742,2,0,SCANIA MODEL MISSING,2,E01022899,0,4
2024991495876,2024,991495876,2,21,0,-1,19,8,4,-1,0,1,0,0,0,0,1,1,-1,1,1,47,8,-1,-1,-1,SCANIA MODEL MISSING,2,-1,0,3
2024201516236,2024,201516236,4,21,1,-1,19,4,8,-1,0,0,1,0,0,0,4,1,-1,1,1,40,7,12740,2,9,SCANIA MODEL MISSING,1,E01016007,0,5
2024052400468,2024,052400468,2,11,0,2,2,0,0,0,0,0,0,0,0,0,2,1,1,1,1,58,9,9000,2,14,SCANIA MODEL MISSING,2,E01006439,0,2
2024522402035,2024,522402035,1,21,1,18,19,6,2,0,0,8,0,0,0,0,1,1,6,6,1,55,8,12742,2,1,SCANIA MODEL MISSING,10,E01014761,0,3
2024440023057,2024,440023057,2,11,0,18,19,2,6,2,2,1,0,0,0,0,1,1,1,1,1,41,7,9000,2,16,SCANIA MODEL MISSING,5,E01017209,0,1
2024430362699,2024,430362699,1,21,0,4,4,8,4,0,0,1,0,0,0,0,1,1,1,1,1,55,8,12742,2,6,SCANIA MODEL MISSING,7,E01016317,0,3
2024461500933,2024,461500933,2,21,1,-1,19,3,7,-1,0,1,0,0,0,0,4,1,-1,2,1,36,7,12742,2,5,SCANIA MODEL MISSING,1,E01002037,0,4
2024332400622,2024,332400622,2,21,0,-1,3,3,7,-1,0,8,0,0,0,0,4,1,-1,1,1,25,5,12742,2,3,SCANIA MODEL MISSING,3,E01013531,0,3
2024211486761,2024,211486761,2,21,0,-1,2,7,3,-1,-1,0,0,0,0,0,3,1,-1,9,1,56,9,9290,2,8,SCANIA MODEL MISSING,5,E01013733,0,4
2024211576036,2024,211576036,4,21,1,-1,19,3,7,-1,0,0,3,0,0,0,1,1,-1,1,1,30,6,12742,2,3,SCANIA MODEL MISSING,-1,-1,0,-1
2024041513375,2024,041513375,9,21,1,-1,19,1,5,-1,0,0,0,0,0,0,3,1,-1,1,1,30,6,12742,2,1,SCANIA MODEL MISSING,4,E01019233,0,5
2024311520458,2024,311520458,2,11,0,-1,5,4,1,-1,0,0,0,10,0,0,4,1,-1,1,2,30,6,9000,5,6,SCANIA MODEL MISSING,1,E01013920,0,1
2024201449698,2024,201449698,1,11,0,-1,19,8,4,-1,0,8,0,0,0,0,1,9,-1,6,1,45,7,9000,2,14,SCANIA MODEL MISSING,2,E01010051,0,2
2024311428448,2024,311428448,1,11,0,-1,19,4,2,-1,0,0,0,0,0,0,0,9,-1,1,1,58,9,9000,5,6,SCANIA MODEL MISSING,1,E01013954,0,2
2024340NN4312,2024,340NN4312,1,21,1,-1,11,9,9,-1,0,3,0,0,0,0,1,1,-1,6,3,-1,-1,12742,2,6,SCANIA MODEL MISSING,-1,-1,0,-1
2024101484984,2024,101484984,1,11,0,-1,5,2,6,-1,0,0,0,0,0,0,0,1,-1,1,1,46,8,9000,5,10,SCANIA MODEL MISSING,4,E01008675,0,1
2024461461746,2024,461461746,1,11,0,-1,19,7,3,-1,0,0,0,0,0,0,1,1,-1,1,1,61,9,9000,2,15,SCANIA MODEL MISSING,5,E01024198,0,2
2024311443251,2024,311443251,1,11,0,-1,19,5,1,-1,0,0,0,0,0,0,0,9,-1,1,1,52,8,9000,2,10,SCANIA MODEL MISSING,-1,-1,0,-1
2024430334265,2024,430334265,2,11,0,18,19,1,5,0,0,0,0,0,0,0,3,1,1,1,1,30,6,9000,5,11,SCANIA MODEL MISSING,8,E01028623,0,4
2024231454598,2024,231454598,2,21,1,-1,19,5,1,-1,0,0,0,0,0,0,4,1,-1,1,1,28,6,12742,2,2,SCANIA MODEL MISSING,7,E01009424,0,2
2024311478383,2024,311478383,1,11,0,-1,4,3,7,-1,0,0,0,0,0,0,0,1,-1,1,1,55,8,9300,5,5,SCANIA MODEL MISSING,2,E01013854,0,1
2024201461665,2024,201461665,1,21,0,-1,11,3,7,-1,0,0,0,0,0,0,1,9,-1,6,1,58,9,16353,2,2,SCANIA MODEL MISSING,6,E01028835,0,4
2024070534764,2024,070534764,1,21,0,18,19,1,5,0,0,0,0,0,7,11,1,1,1,1,1,-1,-1,12740,2,9,SCANIA MODEL MISSING,7,E01029582,0,4
2024421528218,2024,421528218,1,90,-1,-1,99,-1,-1,-1,99,9,9,99,9,99,1,9,-1,8,2,47,8,9290,2,2,SCANIA MODEL MISSING,9,E01021825,0,3
2024340NN9082,2024,340NN9082,2,21,0,-1,19,5,1,-1,0,1,0,0,0,0,1,1,-1,1,1,63,9,12740,2,6,SCANIA MODEL MISSING,9,E01027052,0,3
2024101434742,2024,101434742,3,21,0,-1,3,1,5,-1,0,1,0,0,0,0,2,1,-1,1,1,54,8,12742,2,3,SCANIA MODEL MISSING,4,E01008715,0,3
2024631411669,2024,631411669,1,21,4,-1,19,2,6,-1,0,2,0,0,0,0,0,1,-1,6,3,-1,-1,12740,2,11,SCANIA MODEL MISSING,7,W01000572,0,3
2024311416211,2024,311416211,1,11,0,-1,4,1,6,-1,0,0,0,0,0,0,0,9,-1,1,3,-1,-1,9300,5,2,SCANIA MODEL MISSING,-1,-1,0,-1
2024501516873,2024,501516873,1,21,5,-1,19,2,6,-1,0,0,2,0,2,10,3,1,-1,1,1,54,8,9290,2,7,SCANIA MODEL MISSING,4,E01034157,0,3
2024041489689,2024,041489689,1,21,0,-1,19,1,5,-1,0,0,2,7,6,6,1,1,-1,1,1,39,7,15607,2,18,SCANIA MODEL MISSING,2,E01025152,0,4
2024451465571,2024,451465571,2,21,0,-1,19,5,1,-1,0,0,0,0,0,0,3,1,-1,2,1,45,7,12740,2,10,SCANIA MODEL MISSING,9,E01002516,0,3
2024440244740,2024,440244740,2,21,0,4,4,6,8,0,0,8,0,0,0,0,1,1,1,1,1,46,8,12742,2,1,SCANIA MODEL MISSING,-1,-1,0,-1
2024311473530,2024,311473530,1,11,0,-1,4,6,2,-1,0,0,0,0,0,0,0,1,-1,1,1,62,9,9300,5,5,SCANIA MODEL MISSING,1,E01013920,0,1
2024991509201,2024,991509201,2,11,0,-1,19,4,7,-1,2,1,0,0,0,0,1,1,-1,1,1,27,6,9000,2,12,SCANIA MODEL MISSING,-1,-1,0,-1
2024461449226,2024,461449226,1,21,0,-1,13,5,1,-1,0,0,0,0,0,0,0,9,-1,1,3,-1,-1,12740,2,10,SCANIA MODEL MISSING,-1,-1,0,-1
2024010545649,2024,010545649,1,21,1,18,19,3,7,0,0,2,0,0,0,0,4,1,6,6,1,44,7,12742,2,6,SCANIA MODEL MISSING,7,-1,0,5
202460Q091398,2024,60Q091398,1,21,1,9,9,1,5,0,0,8,0,0,0,0,3,1,1,1,1,29,6,12742,2,2,SCANIA MODEL MISSING,-1,-1,0,-1
2024351489942,2024,351489942,2,21,-1,-1,19,3,7,-1,0,0,0,0,0,0,4,1,-1,1,1,56,9,9290,2,7,SCANIA MODEL MISSING,4,E01025843,0,5
2024122400666,2024,122400666,2,21,1,18,19,5,1,0,0,0,0,0,0,0,1,1,1,1,1,34,6,9290,2,2,SCANIA MODEL MISSING,2,E01011809,0,4
2024311476116,2024,311476116,1,21,0,-1,4,3,7,-1,0,0,1,0,0,0,1,1,-1,1,1,43,7,12740,2,9,SCANIA MODEL MISSING,7,E01013669,0,4
2024070808854,2024,070808854,2,11,0,-1,19,1,5,-1,0,0,0,0,0,0,2,1,-1,1,1,81,11,9000,2,18,SCANIA MODEL MISSING,1,E01005826,0,4
2024471432572,2024,471432572,1,21,0,-1,19,8,4,-1,0,0,0,0,0,0,3,1,-1,1,1,32,6,-1,-1,-1,SCANIA MODEL MISSING,5,E01033838,0,4
2024320236872,2024,320236872,2,21,0,-1,-1,5,1,0,0,8,1,0,7,0,3,1,1,1,1,58,9,12742,2,5,SCANIA MODEL MISSING,-1,-1,0,-1
2024401480381,2024,401480381,1,21,0,-1,4,8,4,-1,0,0,0,0,0,0,2,1,-1,1,1,28,6,12740,2,8,SCANIA MODEL MISSING,5,E01013582,0,5
2024231480469,2024,231480469,2,21,1,-1,19,1,5,-1,0,8,0,0,0,0,4,1,-1,1,1,46,8,12742,2,3,SCANIA MODEL MISSING,4,E01032415,0,2
2024061521628,2024,061521628,1,21,-1,-1,1,1,5,-1,0,1,0,0,0,0,2,9,-1,6,3,-1,-1,12742,2,0,SCANIA MODEL MISSING,-1,-1,0,-1
2024522403078,2024,522403078,2,11,0,13,13,2,6,0,0,8,0,0,0,0,4,1,1,1,1,76,11,9300,5,4,SCANIA MODEL MISSING,7,E01014945,0,2
2024411472324,2024,411472324,2,21,0,-1,19,7,3,-1,0,1,0,0,0,0,2,1,-1,1,1,42,7,16353,2,3,SCANIA MODEL MISSING,3,W01001497,0,5
2024221498256,2024,221498256,1,21,0,-1,19,1,5,-1,0,0,0,0,0,0,1,1,-1,1,1,66,10,12742,2,3,SCANIA MODEL MISSING,1,E01014201,0,4
2024311454809,2024,311454809,1,11,0,-1,7,6,1,-1,0,2,0,0,0,0,0,1,-1,1,1,42,7,9300,5,5,SCANIA MODEL MISSING,1,E01013920,0,1
2024421482855,2024,421482855,2,21,1,-1,19,1,5,-1,0,0,0,0,0,0,2,1,-1,1,1,33,6,12740,2,8,SCANIA MODEL MISSING,7,E01018065,0,4
2024520401928,2024,520401928,1,11,0,15,15,3,7,0,0,0,0,0,0,0,4,1,6,6,1,28,6,9000,2,7,SCANIA MODEL MISSING,4,E01035129,0,3
2024211493683,2024,211493683,2,21,1,-1,19,3,7,-1,0,8,0,0,0,0,4,1,-1,1,1,65,9,12742,2,1,SCANIA MODEL MISSING,4,E01027376,0,5
2024520402626,2024,520402626,2,21,0,9,9,5,1,0,0,8,0,0,0,0,4,1,6,6,1,27,6,12742,2,0,SCANIA MODEL MISSING,9,E01029205,0,2
202417S215224,2024,17S215224,2,21,1,-1,11,4,8,-1,0,0,0,0,0,0,4,1,-1,1,1,-1,-1,12740,2,8,SCANIA MODEL MISSING,-1,-1,0,-1
2024361516834,2024,361516834,1,21,1,-1,19,1,5,-1,0,0,0,0,0,0,2,1,-1,1,1,37,7,12740,2,8,SCANIA MODEL MISSING,7,E01017431,0,5
2024471480681,2024,471480681,2,90,0,-1,19,4,6,-1,0,3,0,0,3,0,4,1,-1,1,1,57,9,-1,-1,-1,SCANIA MODEL MISSING,5,E01026276,0,5
2024320228207,2024,320228207,2,21,0,-1,-1,8,4,0,0,0,0,0,0,0,3,1,1,1,1,32,6,12740,2,9,SCANIA MODEL MISSING,4,E01026230,0,3
2024401525972,2024,401525972,1,21,-1,-1,-1,-1,-1,-1,-1,-1,-1,-1,-1,0,-1,9,-1,6,3,-1,-1,12740,2,9,SCANIA MODEL MISSING,-1,-1,0,-1
2024311402067,2024,311402067,1,11,0,-1,7,4,6,-1,0,6,0,0,0,0,1,1,-1,1,3,38,7,9000,5,7,SCANIA MODEL MISSING,-1,-1,0,-1
2024520403021,2024,520403021,1,21,1,18,19,7,3,0,0,8,0,0,0,0,1,1,6,6,1,23,5,12742,2,6,SCANIA MODEL MISSING,4,E01028904,0,5
2024991469571,2024,991469571,1,11,0,-1,9,4,1,-1,0,8,0,0,0,0,2,1,-1,1,1,52,8,13000,2,7,SCANIA MODEL MISSING,9,-1,0,2
2024631457875,2024,631457875,1,21,4,-1,19,-1,-1,-1,0,0,0,0,0,0,1,1,-1,1,1,-1,-1,12742,2,1,SCANIA MODEL MISSING,4,W01000617,0,4
2024371484489,2024,371484489,2,21,0,-1,19,8,2,-1,0,8,0,0,0,0,1,1,-1,1,1,20,4,15607,2,11,SCANIA MODEL MISSING,7,-1,0,5
2024371516801,2024,371516801,2,21,0,-1,19,5,1,-1,0,1,0,0,1,0,1,1,-1,1,1,57,9,12742,2,5,SCANIA MODEL MISSING,5,E01026279,0,4