collision_index,collision_year,collision_ref_no,vehicle_reference,vehicle_type,towing_and_articulation,vehicle_manoeuvre_historic,vehicle_manoeuvre,vehicle_direction_from,vehicle_direction_to,vehicle_location_restricted_lane_historic,vehicle_location_restricted_lane,junction_location,skidding_and_overturning,hit_object_in_carriageway,vehicle_leaving_carriageway,hit_object_off_carriageway,first_point_of_impact,vehicle_left_hand_drive,journey_purpose_of_driver_historic,journey_purpose_of_driver,sex_of_driver,age_of_driver,age_band_of_driver,engine_capacity_cc,propulsion_code,age_of_vehicle,generic_make_model,driver_imd_decile,lsoa_of_driver,escooter_flag,driver_distance_banding
2024302401347,2024,302401347,1,11,0,4,4,6,2,0,0,8,0,0,0,0,0,1,6,6,1,23,5,9000,2,14,SCANIA MODEL MISSING,3,E01019541,0,2
2024211468993,2024,211468993,2,21,0,-1,19,1,5,-1,0,1,0,0,0,0,1,1,-1,9,1,32,6,12740,2,9,SCANIA MODEL MISSING,3,E01010396,0,3
2024461485083,2024,461485083,1,19,0,-1,19,4,7,-1,0,0,0,0,0,0,1,1,-1,1,1,50,8,12742,2,2,SCANIA MODEL MISSING,1,E01034943,0,5
202417L204424,2024,17L204424,2,21,1,-1,19,2,6,-1,0,8,0,0,0,0,1,1,-1,1,1,40,7,16353,2,4,SCANIA MODEL MISSING,-1,-1,0,-1
2024211549659,2024,211549659,2,21,0,-1,7,2,6,-1,0,0,0,0,0,0,4,2,-1,1,1,62,9,12742,2,1,SCANIA MODEL MISSING,-1,-1,0,-1
2024552401407,2024,552401407,1,21,0,18,19,8,4,0,0,0,0,0,1,3,1,1,1,1,1,56,9,12742,2,2,SCANIA MODEL MISSING,6,E01015373,0,1
202417S210724,2024,17S210724,1,21,1,-1,9,8,6,-1,0,8,0,0,0,0,1,1,-1,1,1,58,9,12742,2,6,SCANIA MODEL MISSING,2,E01020797,0,4
2024161486357,2024,161486357,2,20,0,-1,19,7,3,-1,0,0,0,0,0,0,2,1,-1,1,1,56,9,12742,2,5,SCANIA MODEL MISSING,1,E01007597,0,4
2024041532282,2024,041532282,1,21,0,-1,19,5,1,-1,0,0,0,0,0,0,1,1,-1,1,1,29,6,12740,2,10,SCANIA MODEL MISSING,7,E01025463,0,1
2024122400443,2024,122400443,2,21,1,18,19,1,5,0,0,0,0,0,0,0,4,1,1,1,1,33,6,12740,2,10,SCANIA MODEL MISSING,2,E01012353,0,4
2024320352120,2024,320352120,2,11,0,-1,-1,4,8,0,0,8,0,0,0,0,3,1,1,1,1,60,9,9000,2,17,SCANIA MODEL MISSING,1,E01026168,0,4
2024320180333,2024,320180333,2,21,1,-1,-1,5,1,0,0,0,0,0,0,0,3,1,1,1,1,51,8,12742,2,6,SCANIA MODEL MISSING,5,E01013271,0,4
2024041460080,2024,041460080,2,90,0,-1,19,5,1,-1,0,0,0,0,0,0,2,1,-1,1,1,40,7,-1,-1,-1,SCANIA MODEL MISSING,3,E01018487,0,4
2024010500314,2024,010500314,2,11,9,99,99,9,9,99,99,9,9,99,9,99,9,9,6,6,1,39,7,9000,2,14,SCANIA MODEL MISSING,4,E01000947,0,1
2024991515420,2024,991515420,1,90,0,-1,15,2,6,-1,0,8,0,0,0,0,1,1,-1,8,1,34,6,9290,2,5,SCANIA MODEL MISSING,8,-1,0,3
2024161525011,2024,161525011,2,21,0,-1,19,7,3,-1,0,0,1,0,0,0,1,1,-1,1,1,41,7,12742,2,5,SCANIA MODEL MISSING,7,E01013124,0,3
2024161434383,2024,161434383,2,21,0,-1,19,1,5,-1,0,1,0,0,1,4,1,1,-1,1,1,25,5,12742,2,4,SCANIA MODEL MISSING,6,E01013119,0,4
2024320056925,2024,320056925,1,21,0,-1,-1,7,3,0,0,0,5,0,1,0,1,1,1,1,1,35,6,12740,2,8,SCANIA MODEL MISSING,2,E01011002,0,5
2024070497357,2024,070497357,5,21,1,4,4,5,1,0,0,0,0,0,0,0,2,1,1,1,1,44,7,12742,2,2,SCANIA MODEL MISSING,4,E01024930,0,4
2024010541276,2024,010541276,1,21,1,7,7,6,1,0,0,1,0,0,0,0,4,1,1,1,1,42,7,12742,2,0,SCANIA MODEL MISSING,10,E01022874,0,4
2024311431257,2024,311431257,2,11,0,-1,12,5,1,-1,0,0,0,0,0,0,0,1,-1,1,1,35,6,9300,5,2,SCANIA MODEL MISSING,2,E01028186,0,1
2024411408896,2024,411408896,1,21,1,-1,4,1,5,-1,0,0,0,0,0,0,1,1,-1,1,1,49,8,12742,2,1,SCANIA MODEL MISSING,6,E01016753,0,4
2024070876278,2024,070876278,1,21,1,-1,19,4,8,-1,0,1,0,0,0,0,1,1,-1,6,1,-1,-1,12742,2,1,SCANIA MODEL MISSING,-1,-1,0,-1
2024351512668,2024,351512668,2,11,0,-1,4,1,5,-1,0,1,0,0,0,0,2,1,-1,1,2,55,8,9000,2,14,SCANIA MODEL MISSING,2,E01026277,0,3
2024010498720,2024,010498720,2,21,1,4,4,7,3,0,0,1,1,0,0,0,1,1,1,1,1,51,8,12742,2,5,SCANIA MODEL MISSING,8,E01032994,0,5
2024010544861,2024,010544861,1,19,0,9,9,6,4,0,0,5,0,0,0,0,1,1,1,1,1,50,8,9290,2,4,SCANIA MODEL MISSING,7,E01000517,0,3
2024471405440,2024,471405440,1,11,0,-1,9,3,1,-1,0,8,0,0,0,0,0,1,-1,1,1,63,9,9000,2,7,SCANIA MODEL MISSING,4,E01021011,0,2
2024430132609,2024,430132609,2,21,0,2,2,0,0,0,0,0,0,0,0,0,2,1,6,6,1,30,6,16400,2,7,SCANIA MODEL MISSING,3,E01010324,0,5
2024471494894,2024,471494894,1,21,0,-1,19,1,5,-1,0,1,0,0,0,0,1,1,-1,1,1,40,7,12742,2,2,SCANIA MODEL MISSING,2,E01026381,0,5
2024320733523,2024,320733523,3,21,0,-1,-1,3,7,0,0,1,0,0,0,0,1,1,1,1,1,46,8,12740,2,8,SCANIA MODEL MISSING,-1,-1,0,-1
2024010500446,2024,010500446,2,11,9,18,19,2,6,99,99,9,9,99,9,99,9,9,6,6,3,-1,-1,9000,2,12,SCANIA MODEL MISSING,-1,-1,0,-1
2024991470260,2024,991470260,1,11,0,-1,4,5,1,-1,0,1,0,0,0,0,4,1,-1,1,1,20,4,9000,2,11,SCANIA MODEL MISSING,-1,-1,0,-1
2024531401564,2024,531401564,3,21,0,-1,8,7,3,-1,0,6,0,0,0,0,1,1,-1,1,1,54,8,9290,2,7,SCANIA MODEL MISSING,-1,-1,0,-1
2024351462656,2024,351462656,2,21,1,-1,2,0,0,-1,0,0,0,0,0,0,2,1,-1,1,2,42,7,12742,2,7,SCANIA MODEL MISSING,3,E01009661,0,4
2024520403068,2024,520403068,1,21,0,3,3,2,6,0,0,0,0,0,0,0,2,1,6,6,1,33,6,9290,2,5,SCANIA MODEL MISSING,3,E01029062,0,3
2024311499552,2024,311499552,1,11,0,-1,5,7,3,-1,0,1,0,0,0,0,4,9,-1,1,1,-1,-1,9000,2,10,SCANIA MODEL MISSING,-1,-1,0,-1
2024501504164,2024,501504164,2,21,1,-1,19,7,3,-1,0,0,0,1,0,0,1,1,-1,1,1,50,8,12742,2,5,SCANIA MODEL MISSING,4,E01032013,0,5
2024031445811,2024,031445811,1,21,0,-1,19,7,3,-1,0,0,0,0,7,4,1,9,-1,1,1,26,6,12742,2,4,SCANIA MODEL MISSING,8,E01019086,0,4
2024991414183,2024,991414183,2,21,0,-1,2,7,4,-1,0,8,0,0,0,0,3,1,-1,1,1,35,6,12740,2,7,SCANIA MODEL MISSING,-1,-1,0,-1
2024311460855,2024,311460855,1,11,0,-1,19,4,2,-1,0,3,0,0,0,0,0,1,-1,1,1,73,10,9300,5,5,SCANIA MODEL MISSING,-1,-1,0,-1
2024531410915,2024,531410915,2,11,0,-1,5,4,8,-1,0,1,0,0,0,0,0,1,-1,1,1,26,6,9000,2,11,SCANIA MODEL MISSING,1,E01022147,0,3
2024211477034,2024,211477034,1,21,2,-1,7,8,4,-1,0,0,5,10,7,0,1,1,-1,1,1,60,9,16353,2,3,SCANIA MODEL MISSING,9,E01019416,0,4
2024991461501,2024,991461501,1,21,0,-1,5,1,5,-1,0,6,0,0,0,0,4,1,-1,1,1,32,6,9290,2,2,SCANIA MODEL MISSING,5,-1,0,4
2024371507553,2024,371507553,1,21,0,-1,1,7,3,-1,0,0,0,0,0,0,2,1,-1,1,1,29,6,12742,2,6,SCANIA MODEL MISSING,2,E01026975,0,5
2024622400315,2024,622400315,1,21,0,18,19,2,7,0,0,4,0,0,0,0,4,1,1,1,1,56,9,12742,2,1,SCANIA MODEL MISSING,2,W01001166,0,3
2024231485267,2024,231485267,1,21,1,-1,2,0,0,-1,-1,0,0,0,0,0,4,9,-1,6,1,62,9,12740,2,7,SCANIA MODEL MISSING,7,E01014037,0,4
2024141474794,2024,141474794,2,21,0,-1,19,3,7,-1,0,1,0,0,0,0,1,1,-1,6,1,-1,-1,12740,2,6,SCANIA MODEL MISSING,-1,-1,0,-1
2024311444266,2024,311444266,1,11,0,-1,19,7,3,-1,0,0,0,0,0,0,0,9,-1,1,1,30,6,9000,2,9,SCANIA MODEL MISSING,1,E01013920,0,2
2024430057203,2024,430057203,2,21,0,18,19,1,5,0,0,0,0,0,0,0,1,1,1,1,1,49,8,12742,2,7,SCANIA MODEL MISSING,8,E01024344,0,5
2024471437561,2024,471437561,1,11,0,-1,19,-1,-1,-1,2,9,0,0,0,0,1,1,-1,9,1,59,9,9000,2,15,SCANIA MODEL MISSING,6,E01031574,0,1
2024161437997,2024,161437997,1,21,0,-1,19,2,6,-1,0,1,1,0,0,0,3,1,-1,1,1,34,6,12740,2,11,SCANIA MODEL MISSING,3,E01011304,0,4
2024052402165,2024,052402165,2,21,1,18,19,6,2,0,0,8,0,0,0,0,4,1,1,1,1,34,6,12742,2,1,SCANIA MODEL MISSING,5,E01005832,0,4
2024161460044,2024,161460044,1,21,0,-1,11,1,5,-1,0,0,0,0,0,0,4,1,-1,1,1,58,9,12740,2,7,SCANIA MODEL MISSING,1,E01035464,0,3
2024010533957,2024,010533957,2,21,9,18,19,1,5,99,99,9,9,99,9,99,9,9,6,6,1,41,7,12742,2,3,SCANIA MODEL MISSING,9,E01028860,0,5
2024371434659,2024,371434659,1,21,1,-1,19,5,1,-1,0,4,5,0,3,4,1,1,-1,1,1,59,9,12742,2,5,SCANIA MODEL MISSING,8,E01015965,0,4
2024211475214,2024,211475214,1,21,1,-1,19,3,7,-1,0,0,0,0,0,0,1,1,-1,1,1,71,10,12740,2,10,SCANIA MODEL MISSING,4,E01029797,0,2
2024201484047,2024,201484047,1,11,0,-1,19,1,5,-1,0,0,0,4,0,0,4,9,-1,1,1,-1,-1,9000,2,14,SCANIA MODEL MISSING,-1,-1,0,-1
2024520401686,2024,520401686,1,21,1,18,19,3,7,0,0,0,0,0,0,0,1,1,6,6,1,54,8,12742,2,1,SCANIA MODEL MISSING,6,E01035213,0,4
2024610030824,2024,610030824,2,21,0,18,19,3,7,0,0,0,0,0,0,0,1,1,1,1,1,-1,-1,12742,2,4,SCANIA MODEL MISSING,-1,-1,0,-1
2024522402003,2024,522402003,2,21,0,18,19,8,4,0,0,1,0,0,0,0,3,1,6,6,1,64,9,12740,2,6,SCANIA MODEL MISSING,1,E01014583,0,3
2024421423256,2024,421423256,1,21,1,-1,19,5,1,-1,0,0,1,0,7,4,1,1,-1,1,1,43,7,12742,2,2,SCANIA MODEL MISSING,2,E01035162,0,2
2024010531955,2024,010531955,1,21,0,9,9,5,2,0,0,6,0,0,1,0,4,1,1,1,1,49,8,12742,2,5,SCANIA MODEL MISSING,5,E01002305,0,3
2024991515865,2024,991515865,1,21,0,-1,19,5,1,-1,0,0,1,0,2,4,4,1,-1,1,1,48,8,16353,2,5,SCANIA MODEL MISSING,2,E01019230,0,4
2024010510325,2024,010510325,2,21,0,18,19,7,3,0,0,0,0,0,0,0,0,1,1,1,1,67,10,12742,2,2,SCANIA MODEL MISSING,5,E01023529,0,4
2024221474483,2024,221474483,2,21,1,-1,19,4,8,-1,0,0,0,10,0,0,3,1,-1,1,1,24,5,11705,2,17,SCANIA MODEL MISSING,8,E01028829,0,2
2024371445681,2024,371445681,3,21,1,-1,19,2,6,-1,0,2,0,0,0,0,1,1,-1,1,1,42,7,12742,2,1,SCANIA MODEL MISSING,6,E01015019,0,5
2024421460507,2024,421460507,1,21,1,-1,9,3,8,-1,0,3,5,0,0,0,4,1,-1,1,1,30,6,16353,2,1,SCANIA MODEL MISSING,5,-1,0,5
2024070392412,2024,070392412,2,21,1,12,12,8,5,0,0,1,0,0,0,0,1,1,1,1,1,41,7,12742,2,5,SCANIA MODEL MISSING,2,E01025480,0,4
2024471527752,2024,471527752,2,11,0,-1,19,4,8,-1,0,1,0,0,0,0,1,1,-1,1,1,40,7,9000,2,13,SCANIA MODEL MISSING,2,E01020910,0,4
2024371472485,2024,371472485,1,21,1,-1,19,7,4,-1,0,0,0,0,0,0,3,1,-1,1,1,58,9,12742,2,2,SCANIA MODEL MISSING,4,E01018083,0,4
2024531513391,2024,531513391,1,21,0,-1,11,7,3,-1,0,3,0,0,0,0,4,1,-1,1,1,62,9,9290,2,9,SCANIA MODEL MISSING,1,E01014833,0,4
2024440099963,2024,440099963,2,20,0,17,19,5,2,0,0,8,0,0,0,0,3,1,6,6,3,-1,-1,12742,2,3,SCANIA MODEL MISSING,-1,-1,0,-1
2024141566810,2024,141566810,1,21,0,-1,15,4,8,-1,0,0,0,0,0,0,1,1,-1,1,1,33,6,12740,2,7,SCANIA MODEL MISSING,2,E01007448,0,2
2024520500051,2024,520500051,2,21,1,18,19,1,5,0,0,1,0,0,0,0,2,1,1,1,1,63,9,16000,2,8,SCANIA MODEL MISSING,8,E01035118,0,1
2024041482701,2024,041482701,1,11,0,-1,5,-1,-1,-1,0,0,0,0,0,0,-1,9,-1,6,3,-1,-1,9000,2,9,SCANIA MODEL MISSING,4,E01012710,0,1
2024302400213,2024,302400213,2,21,0,4,4,4,8,0,0,0,1,0,0,0,1,1,1,1,1,62,9,12742,2,2,SCANIA MODEL MISSING,2,E01019565,0,4
2024211428734,2024,211428734,1,21,1,-1,19,4,7,-1,0,0,0,0,4,6,1,1,-1,1,1,30,6,12742,2,5,SCANIA MODEL MISSING,6,E01025746,0,4
2024131489497,2024,131489497,2,20,0,-1,19,3,8,-1,0,0,0,0,0,0,3,1,-1,6,1,45,7,-1,-1,-1,SCANIA MODEL MISSING,4,E01006013,0,4
2024070605110,2024,070605110,3,21,0,3,3,0,0,0,0,1,0,1,0,0,2,1,1,1,1,57,9,12742,2,4,SCANIA MODEL MISSING,2,E01033887,0,5
2024991534015,2024,991534015,1,21,0,-1,11,7,3,-1,0,0,0,0,0,0,4,1,-1,6,3,22,5,12742,2,3,SCANIA MODEL MISSING,3,-1,0,4
2024311508191,2024,311508191,1,11,0,-1,19,3,7,-1,0,4,0,0,0,0,0,1,-1,1,1,54,8,9300,5,5,SCANIA MODEL MISSING,-1,-1,0,-1
2024631498163,2024,631498163,2,21,0,-1,9,3,5,-1,0,5,0,0,0,0,3,1,-1,2,1,65,9,9290,2,9,SCANIA MODEL MISSING,1,W01001301,0,4
2024501513682,2024,501513682,1,11,0,-1,19,5,7,-1,0,0,0,11,0,0,4,1,-1,7,1,41,7,9000,2,11,SCANIA MODEL MISSING,4,E01020129,0,3
2024471469817,2024,471469817,1,90,0,-1,11,5,3,-1,0,3,0,0,0,0,3,1,-1,1,1,48,8,-1,-1,-1,SCANIA MODEL MISSING,9,E01024299,0,4
2024440176823,2024,440176823,2,20,0,18,19,6,2,0,0,0,0,0,0,0,1,1,1,1,1,-1,-1,-1,-1,-1,SCANIA MODEL MISSING,5,E01016242,0,4
2024010506627,2024,010506627,1,20,0,99,99,9,9,0,0,0,0,99,9,99,9,9,6,6,1,27,6,12740,2,6,SCANIA MODEL MISSING,7,E01021381,0,4
2024311467848,2024,311467848,2,21,0,-1,19,8,4,-1,0,0,0,0,0,0,3,1,-1,1,1,58,9,12742,2,6,SCANIA MODEL MISSING,5,E01028129,0,3
2024051430709,2024,051430709,1,21,1,-1,13,8,4,-1,0,0,0,0,0,0,1,1,-1,1,1,30,6,12742,2,3,SCANIA MODEL MISSING,1,E01006446,0,3
2024631515482,2024,631515482,2,21,4,-1,19,7,3,-1,0,0,0,0,0,0,0,1,-1,1,1,38,7,12742,2,3,SCANIA MODEL MISSING,7,W01000735,0,4
2024320377026,2024,320377026,2,21,0,-1,-1,2,6,0,0,0,0,0,0,0,3,1,1,1,1,47,8,12742,2,5,SCANIA MODEL MISSING,4,E01026032,0,3
2024122400758,2024,122400758,2,21,1,18,19,1,5,0,0,0,0,0,0,0,3,1,1,1,1,63,9,9290,2,5,SCANIA MODEL MISSING,5,E01027711,0,3
2024340WN2382,2024,340WN2382,1,21,0,-1,19,5,1,-1,0,1,0,0,0,0,1,1,-1,9,1,39,7,12740,2,10,SCANIA MODEL MISSING,8,E01034448,0,3
2024010535058,2024,010535058,1,21,1,11,11,7,3,0,0,0,0,0,0,0,4,1,1,1,1,55,8,12742,2,4,SCANIA MODEL MISSING,4,E01029857,0,5
2024351528633,2024,351528633,3,21,1,-1,4,4,8,-1,0,0,0,0,0,0,2,1,-1,6,1,54,8,12742,2,5,SCANIA MODEL MISSING,7,E01011051,0,5
2024991441058,2024,991441058,1,21,1,-1,19,4,8,-1,0,1,0,0,0,0,1,9,-1,1,1,49,8,12742,2,1,SCANIA MODEL MISSING,6,-1,0,4
2024451397377,2024,451397377,2,21,1,-1,9,7,3,-1,0,0,0,0,0,0,2,9,-1,6,1,59,9,12740,2,8,SCANIA MODEL MISSING,4,E01032094,0,5
2024161398594,2024,161398594,2,21,0,-1,2,0,0,-1,0,0,0,0,0,0,2,1,-1,1,1,31,6,12742,2,0,SCANIA MODEL MISSING,-1,-1,0,-1
2024010549793,2024,010549793,1,90,0,4,4,7,3,0,0,2,0,0,0,0,1,1,1,1,1,37,7,-1,-1,-1,SCANIA MODEL MISSING,8,E01002348,0,2
2024461460473,2024,461460473,1,11,0,-1,19,7,3,-1,0,0,9,0,1,0,4,9,-1,1,1,57,9,9000,2,15,SCANIA MODEL MISSING,4,E01003658,0,4
2024041449981,2024,041449981,2,21,0,-1,3,3,7,-1,0,0,0,0,0,0,2,1,-1,1,1,58,9,12742,2,0,SCANIA MODEL MISSING,3,E01025577,0,4
2024122400395,2024,122400395,2,21,1,18,19,7,3,0,0,0,1,0,0,0,1,1,6,6,1,57,9,12742,2,1,SCANIA MODEL MISSING,8,E01027783,0,4
2024311418761,2024,311418761,1,11,0,-1,4,4,8,-1,0,0,0,0,0,0,0,1,-1,1,2,61,9,9000,5,7,SCANIA MODEL MISSING,-1,-1,0,-1
2024547432624,2024,547432624,2,3,0,18,19,1,5,0,0,1,0,0,0,0,1,1,6,6,1,16,4,50,1,3,MAKE AND MODEL REDACTED,6,E01032697,0,1
2024430146295,2024,430146295,2,2,0,18,19,3,7,0,0,8,0,0,0,0,1,1,2,2,1,16,4,50,1,3,MAKE AND MODEL REDACTED,4,E01028605,0,1
2024201411402,2024,201411402,2,9,0,-1,5,5,1,-1,0,0,0,0,0,0,1,1,-1,1,1,40,7,1598,2,6,MAKE AND MODEL REDACTED,2,E01009955,0,2
2024340WN1982,2024,340WN1982,2,9,0,-1,19,5,1,-1,0,1,0,0,0,0,1,1,-1,9,1,74,10,1896,2,15,MAKE AND MODEL REDACTED,2,E01032978,0,1
2024520500233,2024,520500233,1,9,0,18,19,5,2,0,0,0,0,4,2,11,4,1,6,6,1,31,6,1781,1,19,MAKE AND MODEL REDACTED,7,E01029018,0,1
2024161510431,2024,161510431,1,8,0,-1,4,7,3,-1,0,2,0,0,0,0,4,1,-1,1,1,36,7,1422,2,7,MAKE AND MODEL REDACTED,7,E01013333,0,1
2024010510850,2024,010510850,1,9,0,4,4,5,1,0,0,1,0,0,0,0,4,1,6,6,1,26,6,1399,2,7,MAKE AND MODEL REDACTED,10,E01021805,0,4
2024411490464,2024,411490464,1,9,0,-1,13,3,7,-1,0,0,0,0,0,0,3,9,-1,6,1,47,8,1397,1,23,MAKE AND MODEL REDACTED,6,E01023564,0,3
2024451409171,2024,451409171,1,5,0,-1,19,7,3,-1,9,0,0,10,0,0,1,1,-1,9,1,15,3,656,1,17,SUZUKI GSF 650,3,E01030362,0,1
2024631485808,2024,631485808,1,5,0,-1,19,5,2,-1,0,0,1,0,1,10,1,1,-1,6,1,48,8,656,1,13,SUZUKI GSF 650,9,W01000786,0,4
2024161407638,2024,161407638,2,5,0,-1,19,5,7,-1,0,6,0,0,0,0,1,1,-1,6,1,20,4,656,1,16,SUZUKI GSF 650,-1,-1,0,-1
2024451450565,2024,451450565,1,5,0,-1,19,3,7,-1,0,1,0,0,0,0,1,1,-1,2,1,27,6,656,1,16,SUZUKI GSF 650,7,E01030300,0,1
2024631423331,2024,631423331,2,5,0,-1,19,7,3,-1,0,8,0,0,7,10,1,1,-1,9,1,73,10,656,1,17,SUZUKI GSF 650,5,W01000719,0,4
2024010544558,2024,010544558,1,5,0,99,99,9,9,99,99,9,9,99,9,99,1,1,3,7,1,34,6,656,1,15,SUZUKI GSF 650,3,E01004167,0,1
2024010529480,2024,010529480,2,4,0,15,15,1,5,0,0,1,0,0,1,10,1,1,6,6,1,21,5,656,1,18,SUZUKI GSF 650,2,E01024135,0,2
2024440186757,2024,440186757,1,5,0,13,13,2,6,0,0,8,0,0,0,0,4,1,6,6,1,21,5,656,1,19,SUZUKI GSF 650,6,E01017214,0,1
2024211530592,2024,211530592,1,5,0,-1,15,8,4,-1,0,1,0,0,0,0,1,1,-1,6,1,55,8,656,1,17,SUZUKI GSF 650,7,E01029680,0,1
2024430273641,2024,430273641,2,5,0,18,19,3,7,0,0,8,0,0,0,0,1,1,6,6,1,39,7,656,1,17,SUZUKI GSF 650,10,E01028629,0,2
2024361522795,2024,361522795,1,5,0,-1,5,3,7,-1,0,3,0,0,0,0,4,1,-1,2,1,44,7,656,1,17,SUZUKI GSF 650,4,E01030285,0,3
2024991451225,2024,991451225,1,5,0,-1,19,4,2,-1,-1,0,0,0,1,0,1,1,-1,9,1,44,7,656,1,19,SUZUKI GSF 650,1,E01008603,0,5
2024461455261,2024,461455261,2,3,0,-1,19,7,5,-1,0,8,2,0,0,0,4,1,-1,9,1,38,7,656,1,17,SUZUKI GSF 650,3,E01024310,0,1
2024501492440,2024,501492440,1,5,0,-1,19,4,8,-1,0,0,2,0,7,10,1,1,-1,6,1,26,6,656,1,19,SUZUKI GSF 650,3,E01020010,0,4
2024430539579,2024,430539579,1,5,0,18,19,4,8,0,0,0,0,0,0,0,1,1,6,6,1,44,7,656,1,15,SUZUKI GSF 650,9,E01017635,0,1
2024010510757,2024,010510757,2,5,0,18,19,3,7,0,0,2,0,0,0,0,1,1,6,6,1,26,6,656,1,16,SUZUKI GSF 650,4,E01001768,0,1
2024010523445,2024,010523445,2,5,0,18,19,1,5,0,0,8,5,0,0,0,3,1,6,6,1,46,8,656,1,14,SUZUKI GSF 650,3,E01021764,0,1
2024451507718,2024,451507718,1,5,0,-1,19,7,3,-1,0,1,0,0,0,0,1,1,-1,1,1,21,5,656,1,19,SUZUKI GSF 650,8,E01030979,0,3
2024010550575,2024,010550575,1,5,0,99,99,9,9,2,2,9,9,99,9,99,9,1,6,6,1,20,4,656,1,16,SUZUKI GSF 650,4,E01003389,0,1
2024010536454,2024,010536454,2,5,0,18,19,5,1,0,0,1,0,0,0,0,1,1,6,6,1,42,7,656,1,18,SUZUKI GSF 650,4,E01002057,0,1
2024451423755,2024,451423755,1,5,0,-1,5,7,4,-1,0,4,5,0,0,0,2,1,-1,2,1,46,8,656,1,17,SUZUKI GSF 650,6,E01031673,0,4
2024052400815,2024,052400815,2,5,0,18,19,5,1,0,0,8,0,0,0,0,1,1,6,6,1,41,7,656,1,17,SUZUKI GSF 650,2,E01006492,0,2
2024440180684,2024,440180684,2,5,0,13,13,3,7,0,0,1,0,0,0,0,3,1,6,6,1,73,10,656,1,17,SUZUKI GSF 650,4,E01022804,0,3
2024991430576,2024,991430576,1,5,0,-1,19,6,2,-1,9,1,0,0,2,0,4,1,-1,9,1,25,5,656,1,19,SUZUKI GSF 650,10,-1,0,3
2024010524718,2024,010524718,1,5,0,18,19,7,3,0,0,2,0,0,0,0,3,1,6,6,1,53,8,656,1,15,SUZUKI GSF 650,-1,-1,0,-1
2024531481692,2024,531481692,1,5,0,-1,19,3,7,-1,0,1,5,0,0,0,1,1,-1,9,1,52,8,656,1,15,SUZUKI GSF 650,5,E01022231,0,4
2024131438056,2024,131438056,1,9,0,-1,2,0,0,-1,0,1,0,0,0,0,1,1,-1,6,-1,-1,-1,2982,2,16,TOYOTA LANDCRUISER,-1,-1,0,-1
2024520401856,2024,520401856,1,9,0,18,19,7,3,0,0,0,0,0,1,0,1,1,6,6,1,63,9,4164,2,23,TOYOTA LANDCRUISER,5,E01029066,0,2
2024520500111,2024,520500111,2,9,0,18,19,5,1,0,0,1,0,0,0,0,1,1,6,6,1,78,11,2982,2,14,TOYOTA LANDCRUISER,7,E01032015,0,4
2024461506425,2024,461506425,2,9,0,-1,4,2,6,-1,0,1,0,0,0,0,4,9,-1,6,2,26,6,2755,2,8,TOYOTA LANDCRUISER,5,E01016127,0,1
2024991424330,2024,991424330,3,9,0,-1,19,2,6,-1,0,0,0,0,0,0,2,1,-1,6,1,30,6,4163,2,28,TOYOTA LANDCRUISER,6,-1,0,5
2024010538157,2024,010538157,2,9,0,9,9,7,5,0,0,3,0,0,0,0,1,1,3,7,2,53,8,2755,2,6,TOYOTA LANDCRUISER,5,E01002667,0,1
2024401486777,2024,401486777,1,9,0,-1,-1,-1,-1,-1,-1,0,-1,-1,-1,0,-1,9,-1,6,3,-1,-1,2982,2,19,TOYOTA LANDCRUISER,-1,-1,0,-1
2024010533260,2024,010533260,2,9,0,99,99,9,9,99,99,9,9,99,9,99,9,9,6,6,2,45,7,2755,2,8,TOYOTA LANDCRUISER,6,E01001641,0,1
2024010525106,2024,010525106,2,9,0,5,5,3,7,0,0,1,0,0,0,0,1,1,6,6,1,40,7,4164,2,20,TOYOTA LANDCRUISER,2,E01004424,0,3
2024311453023,2024,311453023,2,9,0,-1,19,4,8,-1,0,8,0,0,0,0,1,9,-1,6,3,35,6,4461,2,9,TOYOTA LANDCRUISER,-1,-1,0,-1
2024031420844,2024,031420844,3,9,0,-1,19,7,4,-1,0,0,0,0,0,0,2,1,-1,6,1,47,8,2755,2,8,TOYOTA LANDCRUISER,5,E01019259,0,3
2024161467543,2024,161467543,2,9,0,-1,19,7,3,-1,0,1,0,0,0,0,1,1,-1,6,1,53,8,2982,2,23,TOYOTA LANDCRUISER,10,E01013068,0,1