collision_index,collision_year,collision_ref_no,vehicle_reference,vehicle_type,towing_and_articulation,vehicle_manoeuvre_historic,vehicle_manoeuvre,vehicle_direction_from,vehicle_direction_to,vehicle_location_restricted_lane_historic,vehicle_location_restricted_lane,junction_location,skidding_and_overturning,hit_object_in_carriageway,vehicle_leaving_carriageway,hit_object_off_carriageway,first_point_of_impact,vehicle_left_hand_drive,journey_purpose_of_driver_historic,journey_purpose_of_driver,sex_of_driver,age_of_driver,age_band_of_driver,engine_capacity_cc,propulsion_code,age_of_vehicle,generic_make_model,driver_imd_decile,lsoa_of_driver,escooter_flag,driver_distance_banding
2024430344283,2024,430344283,1,9,0,1,1,7,3,9,9,0,0,0,0,0,2,2,6,6,2,-1,-1,3000,2,24,TOYOTA LANDCRUISER,-1,-1,0,-1
2024440054960,2024,440054960,2,9,0,18,19,2,6,0,0,6,0,0,0,0,1,1,6,6,1,57,9,2982,2,10,TOYOTA LANDCRUISER,9,E01022950,0,1
2024211474000,2024,211474000,1,9,0,-1,9,7,4,-1,0,1,0,0,0,0,4,1,-1,9,1,75,10,2982,2,14,TOYOTA LANDCRUISER,8,E01029723,0,1
2024991462285,2024,991462285,3,9,0,-1,2,0,0,-1,0,0,0,0,0,0,2,9,-1,6,-1,-1,-1,2982,2,22,TOYOTA LANDCRUISER,-1,-1,0,-1
2024311503152,2024,311503152,2,9,0,-1,19,8,5,-1,0,1,0,0,0,0,3,1,-1,6,1,38,7,2982,2,18,TOYOTA LANDCRUISER,-1,-1,0,-1
2024991470983,2024,991470983,4,9,4,-1,2,0,0,-1,0,8,0,0,0,0,2,1,-1,1,1,40,7,2982,2,19,TOYOTA LANDCRUISER,7,-1,0,1
2024401517691,2024,401517691,3,9,0,-1,2,0,0,-1,0,2,0,0,0,0,2,1,-1,6,-1,-1,-1,2755,2,2,TOYOTA LANDCRUISER,-1,-1,0,-1
2024320419581,2024,320419581,1,9,0,13,13,5,1,0,0,0,0,0,0,0,3,1,-1,-1,1,35,6,4164,2,24,TOYOTA LANDCRUISER,-1,-1,0,-1
2024501471866,2024,501471866,1,9,0,-1,19,4,8,-1,0,0,2,0,1,10,1,1,-1,9,1,66,10,2982,2,27,TOYOTA LANDCRUISER,8,E01001680,0,5
2024141407970,2024,141407970,2,9,0,-1,19,4,8,-1,0,6,0,0,0,0,1,9,-1,6,3,-1,-1,2982,2,27,TOYOTA LANDCRUISER,-1,-1,0,-1
2024461413256,2024,461413256,1,9,0,-1,19,8,4,-1,0,0,0,0,0,0,1,1,-1,2,2,51,8,4164,2,25,TOYOTA LANDCRUISER,6,E01023988,0,3
2024041452458,2024,041452458,1,9,0,-1,19,3,7,-1,0,4,0,0,0,0,1,1,-1,1,1,61,9,2982,2,17,TOYOTA LANDCRUISER,9,E01005022,0,1
2024471427365,2024,471427365,1,9,0,-1,9,5,3,-1,0,1,0,0,0,0,1,1,-1,9,1,59,9,2982,2,25,TOYOTA LANDCRUISER,1,E01021019,0,1
2024471491523,2024,471491523,3,9,0,-1,19,6,2,-1,0,0,0,0,0,0,2,1,-1,9,1,35,6,4164,2,33,TOYOTA LANDCRUISER,6,E01031359,0,4
2024440261955,2024,440261955,2,9,0,18,19,3,7,0,0,0,0,0,0,0,3,1,6,6,1,44,7,2755,2,2,TOYOTA LANDCRUISER,8,E01023280,0,1
2024471436800,2024,471436800,1,9,0,-1,19,5,1,-1,0,0,0,0,0,0,1,1,-1,6,1,60,9,4164,2,19,TOYOTA LANDCRUISER,6,E01031697,0,2
2024440260562,2024,440260562,1,9,0,16,19,6,1,0,0,0,0,0,0,0,1,1,6,6,1,23,5,2982,2,20,TOYOTA LANDCRUISER,3,E01030914,0,3
2024461493778,2024,461493778,1,9,0,-1,19,1,5,-1,0,1,0,0,0,0,1,9,-1,6,2,-1,-1,2755,2,1,TOYOTA LANDCRUISER,-1,-1,0,-1
2024302401674,2024,302401674,1,9,4,18,19,7,3,0,0,0,5,0,1,0,1,1,1,1,1,46,8,4461,2,13,TOYOTA LANDCRUISER,5,E01019613,0,3
2024522401802,2024,522401802,2,9,4,13,13,2,6,0,0,0,0,0,0,0,4,1,1,1,1,-1,-1,2982,2,21,TOYOTA LANDCRUISER,-1,-1,0,-1
2024052402150,2024,052402150,2,9,0,18,19,1,5,0,0,0,0,0,0,0,1,1,6,6,1,61,9,2982,2,20,TOYOTA LANDCRUISER,5,E01006971,0,1
2024401486383,2024,401486383,1,9,0,-1,19,7,3,-1,0,0,0,0,0,0,1,1,-1,9,1,32,6,2967,2,15,MAKE AND MODEL REDACTED,4,E01015728,0,1
2024544588324,2024,544588324,1,9,0,18,19,7,3,0,0,0,0,0,7,0,1,1,6,6,1,37,7,4921,2,19,MAKE AND MODEL REDACTED,9,E01032703,0,2
2024201430996,2024,201430996,1,9,0,-1,9,6,4,-1,0,6,0,0,0,0,1,9,-1,6,-1,-1,-1,3189,1,18,MAKE AND MODEL REDACTED,-1,-1,0,-1
2024052400852,2024,052400852,1,9,0,18,19,1,5,0,0,8,0,0,0,0,1,1,6,6,2,39,7,2400,2,12,VOLVO XC90,2,E01006451,0,2
2024451394130,2024,451394130,2,9,0,-1,2,0,0,-1,0,0,0,0,0,0,3,1,-1,1,1,60,9,1969,8,2,VOLVO XC90,8,E01016169,0,4
2024411495192,2024,411495192,2,9,0,-1,2,0,0,-1,0,2,0,0,0,0,2,1,-1,6,2,52,8,1969,2,8,VOLVO XC90,10,E01023608,0,1
2024361412439,2024,361412439,1,9,0,-1,19,0,0,-1,0,0,0,0,0,0,1,1,-1,2,1,32,6,2400,2,15,VOLVO XC90,6,E01026771,0,3
2024552400206,2024,552400206,1,9,0,9,9,4,2,0,0,6,0,0,0,0,1,1,1,1,1,33,6,1969,8,3,VOLVO XC90,9,E01020391,0,3
2024201484025,2024,201484025,2,9,0,-1,15,1,1,-1,0,0,0,0,0,0,2,1,-1,1,1,38,7,1969,8,2,VOLVO XC90,-1,-1,0,-1
2024461396392,2024,461396392,2,9,0,-1,2,0,0,-1,0,0,0,0,0,0,2,9,-1,6,1,42,7,2401,2,20,VOLVO XC90,2,E01024170,0,1
2024501456098,2024,501456098,3,9,0,-1,19,8,4,-1,0,2,0,0,0,0,3,1,-1,9,1,64,9,2401,2,19,VOLVO XC90,6,E01020327,0,1
2024361400525,2024,361400525,1,9,0,-1,19,7,3,-1,9,0,0,0,1,0,1,1,-1,6,1,31,6,2401,2,17,VOLVO XC90,4,E01026695,0,4
2024451525055,2024,451525055,2,9,0,-1,19,5,1,-1,0,3,0,0,0,0,1,1,-1,2,1,51,8,1969,8,3,VOLVO XC90,10,E01030443,0,2
2024461530569,2024,461530569,1,9,0,-1,9,1,7,-1,0,2,0,0,0,0,1,9,-1,6,2,38,7,2401,2,17,VOLVO XC90,10,E01024329,0,1
2024481503960,2024,481503960,1,9,0,-1,19,7,3,-1,0,1,0,0,0,0,1,1,-1,1,1,25,5,1969,1,5,VOLVO XC90,-1,-1,0,-1
2024161533171,2024,161533171,2,9,0,-1,19,5,1,-1,0,0,0,0,0,0,1,1,-1,1,1,35,6,1969,8,2,VOLVO XC90,8,E01012962,0,1
2024332401084,2024,332401084,2,9,0,-1,2,0,0,-1,0,1,0,0,0,0,1,1,-1,6,1,40,7,2400,2,14,VOLVO XC90,5,E01013623,0,1
2024010507842,2024,010507842,4,9,0,18,19,7,3,0,0,8,0,0,0,0,1,1,1,1,1,36,7,1969,8,2,VOLVO XC90,4,E01002444,0,1
2024549778324,2024,549778324,4,9,0,17,19,4,8,0,0,0,0,0,0,0,1,1,6,6,1,51,8,1969,8,7,VOLVO XC90,4,E01001586,0,5
2024041527535,2024,041527535,2,9,0,-1,19,7,3,-1,0,0,0,0,0,0,0,1,-1,1,1,45,7,1969,8,2,VOLVO XC90,8,E01025453,0,4
2024221428674,2024,221428674,2,9,0,-1,19,6,2,-1,0,4,0,0,0,0,1,1,-1,2,1,34,6,1969,12,4,VOLVO XC90,3,E01032321,0,1
2024010514421,2024,010514421,1,9,0,18,19,5,1,0,0,2,0,0,0,0,1,1,1,1,2,47,8,1969,8,1,VOLVO XC90,4,E01003969,0,1
2024010514977,2024,010514977,3,9,0,18,19,3,7,0,0,0,0,0,0,0,0,1,1,1,1,34,6,1969,8,2,VOLVO XC90,-1,-1,0,-1
2024340NN0992,2024,340NN0992,3,9,0,-1,14,1,5,-1,0,2,0,0,0,0,0,1,-1,1,1,-1,-1,1969,8,1,VOLVO XC90,7,E01027162,0,3
2024070337388,2024,070337388,1,9,0,12,12,3,7,0,0,0,0,0,7,11,1,1,6,6,1,41,7,1969,8,4,VOLVO XC90,4,E01018437,0,2
2024141448190,2024,141448190,2,9,0,-1,19,4,7,-1,0,0,0,0,0,0,1,1,-1,6,-1,-1,-1,2401,2,18,VOLVO XC90,-1,-1,0,-1
2024451403494,2024,451403494,1,9,4,-1,19,1,5,-1,0,0,0,0,0,0,3,1,-1,9,2,58,9,2400,2,13,VOLVO XC90,9,E01030595,0,3
2024010522520,2024,010522520,2,9,0,18,19,3,7,0,0,0,0,0,0,0,0,1,1,1,1,30,6,1969,8,2,VOLVO XC90,-1,-1,0,-1
2024461418845,2024,461418845,1,9,0,-1,19,2,6,-1,0,0,0,0,0,0,3,1,-1,1,2,25,5,1969,8,3,VOLVO XC90,8,E01024053,0,1
2024440178927,2024,440178927,3,9,0,8,8,8,4,0,0,1,0,0,0,0,3,1,3,7,2,44,7,1969,2,9,VOLVO XC90,6,E01017354,0,2
2024440521123,2024,440521123,1,9,0,5,5,8,4,0,0,1,0,0,0,0,1,1,6,6,1,59,9,1969,8,0,VOLVO XC90,8,E01022591,0,2
2024461480730,2024,461480730,3,9,0,-1,19,3,7,-1,0,0,0,0,0,0,0,1,-1,6,1,-1,-1,1969,8,2,VOLVO XC90,-1,-1,0,-1
2024622400131,2024,622400131,2,9,0,17,19,6,2,0,0,1,0,0,0,0,1,1,6,6,1,35,6,2400,2,10,VOLVO XC90,3,W01001996,0,1
2024320462881,2024,320462881,6,9,0,-1,-1,2,6,0,0,1,0,0,0,0,0,1,-1,-1,1,34,6,1969,8,1,VOLVO XC90,9,E01028415,0,4
2024430549115,2024,430549115,2,9,0,9,9,6,4,0,0,8,0,0,0,0,4,1,6,6,1,75,10,2401,2,15,VOLVO XC90,-1,-1,0,-1
2024421472222,2024,421472222,2,9,0,-1,19,1,5,-1,0,0,0,0,0,0,1,1,-1,8,1,39,7,1969,8,4,VOLVO XC90,7,E01021544,0,4
202454D770524,2024,54D770524,1,9,0,18,19,4,8,0,0,0,0,0,0,0,1,1,3,7,2,46,8,1969,12,3,VOLVO XC90,10,E01015471,0,1
2024461404666,2024,461404666,5,9,0,-1,19,1,5,-1,0,2,0,0,0,0,0,9,-1,1,2,-1,-1,1968,8,2,VOLVO XC90,2,E01024717,0,4
2024421428545,2024,421428545,1,9,0,-1,13,6,2,-1,0,1,1,7,1,0,1,1,-1,8,1,30,6,1969,8,1,VOLVO XC90,7,E01021544,0,3
2024010506966,2024,010506966,3,9,0,18,19,5,1,0,0,1,0,0,0,0,0,1,1,1,1,44,7,1969,8,2,VOLVO XC90,4,E01002030,0,1
2024401445519,2024,401445519,3,9,0,-1,19,5,1,-1,0,8,0,0,0,0,0,1,-1,1,1,49,8,1969,8,3,VOLVO XC90,9,E01015811,0,3
2024371411590,2024,371411590,1,9,0,-1,1,7,3,-1,0,0,0,0,0,0,2,1,-1,9,2,39,7,2401,2,20,VOLVO XC90,6,E01034565,0,1
2024421398125,2024,421398125,3,9,0,-1,3,3,1,-1,0,1,0,0,0,0,0,1,-1,1,1,30,6,1969,8,4,VOLVO XC90,7,E01021544,0,1
2024010528954,2024,010528954,3,9,0,4,4,1,5,0,0,0,0,0,0,0,1,1,6,6,1,43,7,1969,8,1,VOLVO XC90,-1,-1,0,-1
2024471523506,2024,471523506,1,9,0,-1,19,7,2,-1,0,0,2,0,6,6,1,1,-1,6,1,38,7,2922,7,20,VOLVO XC90,3,E01031459,0,3
2024471452945,2024,471452945,2,9,0,-1,19,5,1,-1,0,0,0,0,0,0,3,1,-1,9,2,33,6,1969,1,4,VOLVO XC90,6,E01035332,0,2
2024430559480,2024,430559480,2,9,0,9,9,8,6,0,0,5,0,0,0,0,2,1,6,6,2,54,8,1969,2,6,VOLVO XC90,8,E01034751,0,1
2024111449241,2024,111449241,2,9,0,-1,19,7,3,-1,0,8,0,0,0,0,2,1,-1,1,1,-1,-1,1969,8,2,VOLVO XC90,-1,-1,0,-1
2024010505611,2024,010505611,2,9,0,99,99,9,9,99,99,9,9,99,9,99,1,9,6,6,3,-1,-1,1969,8,4,VOLVO XC90,-1,-1,0,-1
2024991458406,2024,991458406,2,9,0,-1,19,1,5,-1,0,0,0,0,0,0,1,1,-1,6,2,81,11,1969,12,2,VOLVO XC90,-1,-1,0,-1
2024610030024,2024,610030024,1,9,0,18,19,4,8,0,0,0,0,0,1,0,1,1,1,1,2,-1,-1,1969,8,2,VOLVO XC90,8,W01001505,0,2
2024451503224,2024,451503224,2,9,0,-1,15,1,5,-1,0,1,0,0,0,0,3,1,-1,9,1,45,7,2400,2,14,VOLVO XC90,8,E01030979,0,1
2024311411785,2024,311411785,2,9,0,-1,9,7,5,-1,0,8,0,0,0,0,1,1,-1,2,1,50,8,1969,8,7,VOLVO XC90,-1,-1,0,-1
2024991479741,2024,991479741,1,9,0,-1,19,6,1,-1,0,1,0,0,0,0,4,1,-1,6,1,50,8,2401,2,20,VOLVO XC90,2,-1,0,1
2024101421562,2024,101421562,3,9,0,-1,3,1,5,-1,0,0,0,0,0,0,0,1,-1,1,1,40,7,1969,8,3,VOLVO XC90,-1,-1,0,-1
2024430089964,2024,430089964,3,9,0,4,4,4,8,0,0,0,0,0,0,0,1,1,3,7,2,52,8,1969,8,1,VOLVO XC90,6,E01004577,0,4
2024010519356,2024,010519356,1,9,0,99,99,9,9,99,99,0,9,99,9,99,2,9,6,6,1,43,7,1969,-1,2,VOLVO XC90,10,E01000448,0,1
2024041431001,2024,041431001,5,9,0,-1,19,1,5,-1,0,0,0,0,0,0,2,1,-1,9,2,42,7,2401,2,15,VOLVO XC90,3,E01006587,0,4
2024332400252,2024,332400252,2,9,0,-1,19,5,1,-1,0,0,0,0,0,0,1,1,-1,2,1,57,9,2400,2,10,VOLVO XC90,9,E01025640,0,1
2024471418232,2024,471418232,1,9,0,-1,19,1,5,-1,0,8,0,0,0,0,1,2,-1,6,1,69,10,2400,2,14,VOLVO XC90,3,E01031453,0,1
2024991457255,2024,991457255,1,9,0,-1,4,3,7,-1,0,8,0,0,0,0,0,1,-1,9,1,54,8,1969,12,0,VOLVO XC90,-1,-1,0,-1
2024991416654,2024,991416654,2,9,0,-1,19,4,8,-1,0,0,0,0,0,0,0,1,-1,1,1,36,7,1969,2,5,VOLVO XC90,1,-1,0,2
2024461524518,2024,461524518,3,9,0,-1,19,8,4,-1,0,1,0,0,0,0,0,1,-1,1,1,42,7,1969,8,0,VOLVO XC90,-1,-1,0,-1
2024451537996,2024,451537996,1,9,0,-1,9,5,1,-1,0,1,0,0,0,0,3,1,-1,9,1,55,8,2400,2,12,VOLVO XC90,7,E01030794,0,3
2024010504584,2024,010504584,2,9,0,99,99,9,9,99,99,9,9,99,9,99,9,9,6,6,3,-1,-1,1969,2,8,VOLVO XC90,-1,-1,0,-1
2024161497918,2024,161497918,1,9,0,-1,19,2,6,-1,0,0,0,0,0,0,1,1,-1,6,3,-1,-1,2400,2,14,VOLVO XC90,-1,-1,0,-1
2024411459698,2024,411459698,3,9,0,-1,19,3,7,-1,0,0,0,0,0,0,1,1,-1,6,1,40,7,1969,12,2,VOLVO XC90,4,E01029892,0,4
2024010508742,2024,010508742,4,9,0,18,19,5,1,0,0,0,0,0,0,0,4,1,1,1,1,-1,-1,1969,8,2,VOLVO XC90,5,E01003666,0,4
2024461475476,2024,461475476,2,9,0,-1,10,6,2,-1,0,8,0,0,0,0,1,1,-1,9,2,43,7,1969,2,7,VOLVO XC90,8,E01024043,0,1
2024361434363,2024,361434363,2,9,0,-1,19,3,8,-1,0,0,0,0,0,0,1,1,-1,6,2,41,7,1969,8,1,VOLVO XC90,8,E01026461,0,3
202417M301324,2024,17M301324,2,9,0,18,19,8,4,0,0,0,0,0,0,0,1,1,2,2,2,49,8,2401,2,18,VOLVO XC90,-1,-1,0,-1
2024430426577,2024,430426577,2,9,0,13,13,2,6,0,0,8,0,0,0,0,1,1,1,1,1,30,6,1969,8,2,VOLVO XC90,-1,-1,0,-1
2024631401400,2024,631401400,1,9,0,-1,9,6,4,-1,0,5,0,0,0,0,1,1,-1,9,1,42,7,1969,2,6,VOLVO XC90,2,W01000480,0,1
202460Q078628,2024,60Q078628,2,9,0,3,3,8,4,0,0,0,0,0,0,0,1,1,6,6,2,46,8,1969,8,6,VOLVO XC90,-1,-1,0,-1
2024451474839,2024,451474839,1,9,0,-1,5,7,3,-1,0,0,0,0,0,0,0,1,-1,1,1,41,7,1969,8,2,VOLVO XC90,10,E01030435,0,3
2024010521699,2024,010521699,1,9,0,7,7,7,2,0,0,8,0,0,0,0,4,1,6,6,2,52,8,1969,2,8,VOLVO XC90,8,E01001657,0,2
2024471489148,2024,471489148,3,9,0,-1,19,3,7,-1,0,8,0,0,0,0,0,1,-1,1,1,37,7,1969,12,2,VOLVO XC90,6,E01021034,0,3
2024010498560,2024,010498560,2,9,0,3,3,3,7,0,0,8,0,0,0,0,1,1,3,7,2,37,7,1969,2,6,VOLVO XC90,-1,-1,0,-1
2024471412584,2024,471412584,1,9,0,-1,5,5,1,-1,-1,0,0,0,0,0,1,1,-1,9,1,37,7,1969,8,2,VOLVO XC90,9,E01031769,0,1
202454B494724,2024,54B494724,2,9,0,1,1,6,4,0,0,6,0,0,0,0,2,1,6,6,2,27,6,1969,8,0,VOLVO XC90,6,E01034547,0,4
2024010497986,2024,010497986,2,9,9,99,99,9,9,99,99,6,9,99,9,99,9,9,6,6,1,58,9,1969,8,4,VOLVO XC90,4,E01001286,0,3
2024010538420,2024,010538420,2,9,0,18,19,7,3,0,0,0,0,0,0,0,1,1,6,6,1,23,5,1969,8,2,VOLVO XC90,-1,-1,0,-1
2024542578824,2024,542578824,1,9,0,9,9,4,2,9,9,1,0,0,0,0,1,1,6,6,3,52,8,2401,2,17,VOLVO XC90,-1,-1,0,-1
2024421463013,2024,421463013,1,9,0,-1,19,1,5,-1,0,0,0,0,0,0,1,1,-1,9,2,44,7,1969,8,1,VOLVO XC90,5,E01015859,0,1
2024010502616,2024,010502616,1,9,0,18,19,2,6,0,0,2,0,0,0,0,1,1,1,1,1,34,6,1969,8,2,VOLVO XC90,-1,-1,0,-1
2024411513282,2024,411513282,1,9,0,-1,19,8,4,-1,0,8,0,0,0,0,3,1,-1,1,2,58,9,2401,2,19,VOLVO XC90,10,E01023675,0,3
2024631487364,2024,631487364,1,9,0,-1,19,1,5,-1,0,0,0,0,0,0,1,1,-1,9,2,34,6,2400,2,15,VOLVO XC90,5,W01000427,0,3
2024201451309,2024,201451309,1,9,0,-1,19,5,1,-1,0,1,0,0,0,0,1,1,-1,9,2,50,8,2400,2,14,VOLVO XC90,3,E01010523,0,1
2024320225260,2024,320225260,2,9,0,-1,-1,8,4,0,0,8,0,0,0,0,4,1,-1,-1,1,33,6,2400,2,13,VOLVO XC90,4,E01026190,0,2
2024070973640,2024,070973640,1,9,0,-1,5,8,4,-1,0,4,0,0,0,0,4,1,-1,6,2,-1,-1,1969,2,4,VOLVO XC90,-1,-1,0,-1
2024401456579,2024,401456579,2,9,0,-1,19,5,1,-1,0,6,0,0,1,0,3,1,-1,1,1,29,6,1969,8,3,VOLVO XC90,3,E01017514,0,4
2024141401022,2024,141401022,2,9,0,-1,2,0,0,-1,9,0,0,0,0,0,1,1,-1,6,-1,-1,-1,2401,2,18,VOLVO XC90,-1,-1,0,-1
2024991452162,2024,991452162,1,9,0,-1,13,3,7,-1,0,0,0,0,0,0,4,1,-1,9,1,34,6,2401,2,19,VOLVO XC90,5,-1,0,4
202417L204724,2024,17L204724,2,9,0,-1,4,2,6,-1,0,2,0,0,0,0,2,1,-1,2,1,33,6,1969,8,2,VOLVO XC90,8,E01033480,0,3
2024411544251,2024,411544251,3,9,0,-1,19,1,5,-1,0,8,0,0,0,0,0,1,-1,8,1,28,6,1969,8,0,VOLVO XC90,-1,-1,0,-1
2024531515798,2024,531515798,2,9,0,-1,19,1,5,-1,0,1,0,0,7,4,1,1,-1,9,2,40,7,1969,2,6,VOLVO XC90,7,E01022449,0,1
2024010503506,2024,010503506,3,9,0,18,19,3,7,0,0,7,0,0,0,0,0,1,6,6,1,37,7,1969,8,2,VOLVO XC90,5,E01003666,0,3
2024501449985,2024,501449985,1,9,0,-1,19,4,8,-1,0,0,1,0,1,9,4,1,-1,1,1,41,7,1969,8,3,VOLVO XC90,7,E01020298,0,4
2024010519943,2024,010519943,1,9,0,18,19,7,3,0,0,2,0,0,0,0,4,1,6,6,2,57,9,1969,8,3,VOLVO XC90,6,E01002910,0,1
2024061517514,2024,061517514,4,9,0,-1,3,2,6,-1,0,1,0,0,0,0,3,1,-1,9,1,67,10,1969,2,6,VOLVO XC90,6,E01004925,0,1
2024010539370,2024,010539370,2,9,0,18,19,5,1,0,0,0,0,0,0,0,1,1,1,1,1,34,6,1969,8,2,VOLVO XC90,5,E01003666,0,2
2024332400490,2024,332400490,1,9,0,-1,19,2,6,-1,0,2,5,0,6,11,1,1,-1,6,1,-1,-1,1969,8,2,VOLVO XC90,6,E01025627,0,1
2024320440259,2024,320440259,1,9,0,-1,-1,2,6,0,0,0,1,10,1,11,1,1,-1,-1,1,20,4,2401,2,20,VOLVO XC90,9,E01026321,0,2
2024631435686,2024,631435686,2,9,0,-1,19,3,7,-1,0,8,0,0,0,0,1,1,-1,6,1,63,9,2400,2,13,VOLVO XC90,8,E01017465,0,5
2024010523574,2024,010523574,2,9,0,2,2,0,0,0,0,1,0,0,0,0,2,1,6,6,3,-1,-1,1969,8,1,VOLVO XC90,-1,-1,0,-1
2024141500286,2024,141500286,1,9,0,-1,9,6,4,-1,0,5,0,0,0,0,2,2,-1,9,1,28,6,1969,8,1,VOLVO XC90,1,E01007662,0,4
2024430295044,2024,430295044,1,9,0,9,9,8,6,0,0,6,0,0,0,0,1,1,6,6,1,33,6,1969,2,6,VOLVO XC90,8,E01017750,0,1
2024451483741,2024,451483741,1,9,0,-1,3,5,1,-1,0,0,0,0,0,0,2,1,-1,9,2,58,9,2400,2,15,VOLVO XC90,9,E01030477,0,2
2024501528022,2024,501528022,1,9,0,-1,7,4,8,-1,0,2,0,0,0,0,1,1,-1,1,1,53,8,1969,8,2,VOLVO XC90,8,E01015036,0,1
2024010551462,2024,010551462,2,9,0,18,19,7,3,0,0,1,0,0,0,0,1,1,1,1,1,35,6,1969,8,2,VOLVO XC90,2,E01004255,0,2
2024461398372,2024,461398372,1,9,0,-1,7,2,4,-1,0,0,0,0,0,0,1,9,-1,6,1,68,10,2400,2,12,VOLVO XC90,8,E01024015,0,2
2024061458187,2024,061458187,2,9,0,-1,19,5,1,-1,0,8,0,0,0,0,0,1,-1,1,1,29,6,1969,8,1,VOLVO XC90,4,E01004986,0,2
2024991416468,2024,991416468,2,9,0,-1,3,1,5,-1,0,0,0,0,0,0,2,1,-1,9,1,48,8,1969,2,5,VOLVO XC90,8,-1,0,4
2024991432788,2024,991432788,2,9,0,-1,19,5,5,-1,0,1,0,0,0,0,0,1,-1,1,1,32,6,1969,8,2,VOLVO XC90,10,-1,0,2
2024430616140,2024,430616140,2,9,0,18,19,6,2,0,0,0,0,0,0,0,1,1,6,6,2,45,7,2400,2,14,VOLVO XC90,7,E01028800,0,1
2024501495849,2024,501495849,1,9,0,-1,9,2,6,-1,0,5,0,0,0,0,1,1,-1,7,1,55,8,2400,2,17,VOLVO XC90,6,E01020056,0,1
2024520500329,2024,520500329,1,9,0,2,2,0,0,0,0,8,0,0,0,0,2,1,6,6,3,-1,-1,2401,2,16,VOLVO XC90,7,E01029056,0,1
2024010537050,2024,010537050,1,9,0,2,2,0,0,0,0,2,0,4,0,0,2,1,6,6,3,-1,-1,1969,8,7,VOLVO XC90,-1,-1,0,-1
2024371475123,2024,371475123,2,9,0,-1,19,1,5,-1,0,0,0,0,0,0,1,1,-1,9,1,70,10,1969,8,1,VOLVO XC90,6,E01030218,0,4
2024610005924,2024,610005924,1,9,0,9,9,4,2,0,0,5,0,0,0,0,3,1,6,6,1,34,6,2401,2,17,VOLVO XC90,2,W01001642,0,1
2024010545386,2024,010545386,1,9,0,18,19,3,7,0,0,2,0,0,0,0,0,1,6,6,1,26,6,1969,2,5,VOLVO XC90,4,E01004331,0,2
2024010514720,2024,010514720,2,9,0,18,19,1,5,0,0,0,0,0,0,0,0,1,1,1,1,41,7,1969,8,2,VOLVO XC90,4,E01000472,0,3
2024010501885,2024,010501885,2,9,0,9,9,1,6,0,0,5,0,0,0,0,0,2,6,6,2,40,7,1969,2,5,VOLVO XC90,10,E01002951,0,1
2024061427687,2024,061427687,4,9,0,-1,19,8,8,-1,0,1,0,0,0,0,0,1,-1,9,1,32,6,1969,8,2,VOLVO XC90,-1,-1,0,-1
2024061471354,2024,061471354,6,9,0,-1,7,2,4,-1,0,1,0,0,0,0,0,1,-1,1,1,52,8,1969,8,1,VOLVO XC90,4,E01005730,0,3
2024401505004,2024,401505004,1,9,0,-1,19,1,5,-1,0,0,0,0,0,0,1,1,-1,9,2,51,8,1969,2,6,VOLVO XC90,2,E01017523,0,1
2024471416027,2024,471416027,25,9,0,-1,19,7,3,-1,0,0,0,1,0,0,4,1,-1,9,1,80,11,1969,8,8,VOLVO XC90,7,E01030832,0,4
2024010516188,2024,010516188,1,9,0,9,9,3,1,0,0,8,0,0,0,0,1,1,6,6,1,52,8,1969,8,7,VOLVO XC90,6,E01001869,0,1
2024201525445,2024,201525445,1,9,0,-1,19,3,7,-1,0,0,0,0,0,0,1,9,-1,6,1,74,10,2400,2,13,VOLVO XC90,-1,-1,0,-1
2024430426577,2024,430426577,1,9,0,9,9,2,8,0,0,5,0,0,0,0,3,1,1,1,1,30,6,1969,8,1,VOLVO XC90,-1,-1,0,-1
2024052400570,2024,052400570,2,9,0,4,4,2,6,0,0,1,0,0,0,0,2,1,6,6,1,29,6,2401,2,16,VOLVO XC90,1,E01006692,0,1
2024221461954,2024,221461954,5,9,0,-1,19,6,2,-1,0,0,0,0,0,0,0,9,-1,8,1,37,7,1969,8,0,VOLVO XC90,6,E01034797,0,4
2024421491756,2024,421491756,1,9,0,-1,9,5,3,-1,0,0,0,0,0,0,1,1,-1,9,2,43,7,1969,-1,3,VOLVO XC90,7,E01035173,0,1
2024430445985,2024,430445985,1,9,0,1,1,7,3,0,0,1,0,0,0,0,2,1,6,6,1,-1,-1,1969,2,6,VOLVO XC90,10,E01016561,0,1
2024211425711,2024,211425711,1,9,0,-1,19,7,3,-1,0,6,0,0,0,0,3,9,-1,1,1,28,6,1969,12,2,VOLVO XC90,7,E01014157,0,4
2024010536903,2024,010536903,5,9,0,18,19,1,5,0,0,0,0,0,0,0,0,1,1,1,1,24,5,1969,8,2,VOLVO XC90,-1,-1,0,-1
2024010550810,2024,010550810,2,9,0,99,99,9,9,99,99,9,9,99,9,99,2,9,6,6,1,-1,-1,1969,2,8,VOLVO XC90,-1,-1,0,-1
2024010504368,2024,010504368,1,9,0,3,3,5,1,0,0,1,0,0,0,0,1,1,2,2,1,33,6,1969,12,3,VOLVO XC90,4,E01003216,0,1
2024471483109,2024,471483109,1,9,0,-1,9,7,5,-1,0,1,0,0,0,0,2,1,-1,9,2,49,8,2401,2,18,VOLVO XC90,9,E01023376,0,4
2024070351019,2024,070351019,2,9,0,18,19,6,2,0,0,0,0,0,0,0,1,1,3,7,1,52,8,2401,2,21,VOLVO XC90,1,E01018317,0,2