collision_index,collision_year,collision_ref_no,vehicle_reference,vehicle_type,towing_and_articulation,vehicle_manoeuvre_historic,vehicle_manoeuvre,vehicle_direction_from,vehicle_direction_to,vehicle_location_restricted_lane_historic,vehicle_location_restricted_lane,junction_location,skidding_and_overturning,hit_object_in_carriageway,vehicle_leaving_carriageway,hit_object_off_carriageway,first_point_of_impact,vehicle_left_hand_drive,journey_purpose_of_driver_historic,journey_purpose_of_driver,sex_of_driver,age_of_driver,age_band_of_driver,engine_capacity_cc,propulsion_code,age_of_vehicle,generic_make_model,driver_imd_decile,lsoa_of_driver,escooter_flag,driver_distance_banding
2024430448638,2024,430448638,1,9,0,18,19,5,1,0,0,2,0,0,0,0,4,1,1,1,1,41,7,1969,8,4,VOLVO XC90,10,E01028596,0,1
2024010504022,2024,010504022,1,9,0,18,19,5,1,0,0,6,0,0,0,0,1,1,6,6,1,58,9,1969,8,2,VOLVO XC90,6,E01001951,0,1
2024361446327,2024,361446327,1,9,0,-1,5,2,8,-1,0,0,0,0,7,0,3,1,-1,9,2,27,6,2400,2,15,VOLVO XC90,6,E01026424,0,1
2024311395316,2024,311395316,2,9,0,-1,19,5,1,-1,0,0,0,0,0,0,1,1,-1,1,1,-1,-1,1969,8,1,VOLVO XC90,-1,-1,0,-1
2024101401873,2024,101401873,2,9,0,-1,6,7,3,-1,0,8,0,0,0,0,1,1,-1,1,2,43,7,1969,8,2,VOLVO XC90,-1,-1,0,-1
2024010519485,2024,010519485,1,9,0,16,19,1,5,0,0,1,0,0,0,0,0,1,1,1,1,41,7,1969,8,2,VOLVO XC90,7,E01032767,0,2
2024311455624,2024,311455624,1,9,0,-1,19,5,1,-1,0,0,0,0,0,0,1,1,-1,6,1,48,8,1969,8,3,VOLVO XC90,1,E01013958,0,1
2024010529474,2024,010529474,1,9,0,99,99,9,9,99,99,9,9,99,9,99,9,9,6,6,3,-1,-1,2400,2,14,VOLVO XC90,-1,-1,0,-1
2024451474839,2024,451474839,2,9,0,-1,19,7,3,-1,0,0,0,0,0,0,0,1,-1,9,1,39,7,1969,12,2,VOLVO XC90,10,E01030435,0,3
2024991465238,2024,991465238,2,9,0,-1,9,3,8,-1,0,1,0,0,0,0,3,1,-1,6,1,61,9,1969,8,0,VOLVO XC90,-1,-1,0,-1
2024471412833,2024,471412833,1,9,0,-1,1,5,1,-1,0,0,0,0,0,0,2,1,-1,6,1,66,10,2401,2,21,VOLVO XC90,8,E01017010,0,1
2024231462226,2024,231462226,2,9,0,-1,19,2,5,-1,0,0,0,0,0,0,1,1,-1,9,1,51,8,1969,2,5,VOLVO XC90,10,E01022706,0,5
2024552400508,2024,552400508,1,9,0,18,19,6,2,0,0,0,5,0,1,10,4,1,6,6,1,58,9,2400,2,15,VOLVO XC90,-1,-1,0,-1
2024440061599,2024,440061599,1,9,0,18,19,8,4,0,0,0,0,0,4,6,3,1,1,1,1,52,8,1969,8,3,VOLVO XC90,9,E01022702,0,1
2024221538197,2024,221538197,1,9,0,-1,19,1,5,-1,0,2,0,0,0,0,1,1,-1,9,1,33,6,1969,2,7,VOLVO XC90,6,E01032237,0,1
2024991484044,2024,991484044,2,9,0,-1,2,0,0,-1,0,0,0,0,0,0,3,1,-1,6,-1,-1,-1,1969,8,2,VOLVO XC90,-1,-1,0,-1
2024141497118,2024,141497118,1,9,0,-1,5,5,2,-1,0,0,0,0,0,0,1,1,-1,6,2,41,7,1969,8,1,VOLVO XC90,9,E01007864,0,1
2024471452363,2024,471452363,1,9,0,-1,9,3,8,-1,0,6,0,0,0,0,3,1,-1,9,1,45,7,1969,8,3,VOLVO XC90,9,E01031391,0,2
2024421463677,2024,421463677,2,9,0,-1,9,7,5,-1,0,6,0,0,0,0,3,1,-1,9,1,44,7,1969,8,6,VOLVO XC90,5,E01021769,0,1
2024141530075,2024,141530075,1,9,0,-1,14,3,7,-1,0,8,0,0,0,0,1,9,-1,6,1,35,6,2400,2,15,VOLVO XC90,2,E01007636,0,1
2024231425694,2024,231425694,3,9,0,-1,15,6,2,-1,0,0,0,0,0,0,1,1,-1,1,1,48,8,1969,8,2,VOLVO XC90,9,E01031284,0,2
2024010514697,2024,010514697,2,9,0,18,19,5,1,0,0,1,0,0,0,0,1,1,6,6,1,54,8,1969,2,7,VOLVO XC90,8,E01000563,0,1
2024520402905,2024,520402905,1,9,0,18,19,6,2,0,0,8,0,0,0,0,1,1,6,6,1,54,8,2400,2,14,VOLVO XC90,4,E01014448,0,1
2024991428015,2024,991428015,2,9,0,-1,19,5,8,-1,0,0,0,0,0,0,1,1,-1,9,2,39,7,1969,12,4,VOLVO XC90,5,-1,0,2
2024471469929,2024,471469929,2,9,0,-1,19,5,1,-1,0,0,0,0,1,0,3,1,-1,9,2,34,6,1969,8,2,VOLVO XC90,8,E01031667,0,1
2024552400636,2024,552400636,1,9,0,5,5,4,8,0,0,0,0,0,0,0,3,1,6,6,1,78,11,2400,2,10,VOLVO XC90,-1,-1,0,-1
2024440021802,2024,440021802,1,9,0,18,19,8,4,0,0,0,0,0,0,0,2,1,2,2,2,29,6,1969,8,1,VOLVO XC90,4,E01031859,0,4
2024131490980,2024,131490980,1,9,0,-1,19,8,4,-1,0,8,0,0,0,0,1,1,-1,6,2,41,7,1969,8,3,VOLVO XC90,10,E01011458,0,1
2024311395316,2024,311395316,3,9,0,-1,19,1,5,-1,0,0,0,0,1,0,3,1,-1,1,1,-1,-1,1969,8,2,VOLVO XC90,-1,-1,0,-1
2024041424345,2024,041424345,3,9,0,-1,4,5,1,-1,0,0,0,0,0,0,2,1,-1,9,1,36,7,1969,2,9,VOLVO XC90,2,E01006710,0,4
2024430029359,2024,430029359,1,9,0,18,19,1,5,0,0,8,0,0,0,0,4,1,6,6,1,54,8,2401,2,20,VOLVO XC90,6,E01028484,0,2
202460Q094944,2024,60Q094944,1,9,0,18,19,1,4,0,0,0,0,0,0,0,1,1,6,6,1,40,7,1969,8,1,VOLVO XC90,-1,-1,0,-1
2024010537013,2024,010537013,2,9,9,6,6,5,5,0,0,9,9,0,0,0,2,9,6,6,1,36,7,1969,1,4,VOLVO XC90,1,E01004870,0,5
2024070125710,2024,070125710,4,9,0,18,19,1,5,0,0,0,0,0,0,0,2,1,6,6,1,42,7,1969,8,1,VOLVO XC90,-1,-1,0,-1
2024340WN3722,2024,340WN3722,2,9,0,-1,2,0,0,-1,0,0,0,0,0,0,2,1,-1,6,3,-1,-1,1969,8,1,VOLVO XC90,-1,-1,0,-1
2024461484386,2024,461484386,2,9,4,-1,19,1,3,-1,0,1,0,0,0,0,1,1,-1,6,1,60,9,2400,2,11,VOLVO XC90,9,E01016172,0,1
2024991488049,2024,991488049,1,9,0,-1,9,1,7,-1,0,6,0,0,0,0,1,1,-1,9,2,43,7,2401,2,19,VOLVO XC90,5,-1,0,2
2024141397775,2024,141397775,3,9,0,-1,4,3,7,-1,0,0,0,0,0,0,2,1,-1,6,1,42,7,2400,2,15,VOLVO XC90,5,E01016158,0,5
2024010507612,2024,010507612,1,9,0,9,9,7,4,0,0,1,0,0,0,0,3,1,6,6,1,47,8,1969,8,1,VOLVO XC90,4,E01001972,0,1
2024010536668,2024,010536668,1,9,0,5,5,1,5,0,0,6,0,0,0,0,3,1,6,6,2,40,7,1969,8,0,VOLVO XC90,5,E01002024,0,1
2024061454750,2024,061454750,2,9,0,-1,19,5,5,-1,0,0,0,0,0,0,0,1,-1,1,1,34,6,1969,12,4,VOLVO XC90,1,E01034113,0,1
2024401427547,2024,401427547,2,9,0,-1,19,8,4,-1,0,1,0,0,0,0,4,1,-1,1,1,29,6,1969,8,3,VOLVO XC90,-1,-1,0,-1
2024431532941,2024,431532941,1,9,0,-1,-1,5,5,-1,-1,0,0,0,0,0,1,1,-1,-1,1,75,10,1969,2,7,VOLVO XC90,10,E01030791,0,1
2024131457444,2024,131457444,2,9,0,-1,9,7,5,-1,0,5,0,0,0,0,1,1,-1,2,1,45,7,1969,8,1,VOLVO XC90,4,E01011876,0,1
2024061532476,2024,061532476,2,9,0,-1,4,1,8,-1,0,0,0,0,0,0,4,1,-1,8,1,40,7,1969,8,1,VOLVO XC90,-1,-1,0,-1
2024101493235,2024,101493235,1,9,0,-1,5,6,2,-1,0,2,0,0,0,0,3,1,-1,6,1,78,11,1969,8,7,VOLVO XC90,6,-1,0,4
2024052401593,2024,052401593,3,9,0,2,2,0,0,0,0,0,0,0,0,0,3,1,6,6,3,-1,-1,2400,2,11,VOLVO XC90,-1,-1,0,-1
2024991408683,2024,991408683,1,9,0,-1,9,4,1,-1,0,5,0,0,3,0,1,1,-1,8,1,44,7,1969,8,2,VOLVO XC90,-1,-1,0,-1
2024201418111,2024,201418111,2,9,0,-1,19,8,3,-1,0,0,0,0,0,0,0,9,-1,1,1,-1,-1,1969,8,3,VOLVO XC90,-1,-1,0,-1
2024340WN5552,2024,340WN5552,2,9,0,-1,-1,5,1,-1,0,1,0,0,0,0,0,1,-1,1,1,-1,-1,1969,8,2,VOLVO XC90,7,E01027162,0,1
2024471457404,2024,471457404,1,9,0,-1,19,7,3,-1,0,0,5,4,0,0,1,1,-1,9,1,42,7,2401,2,18,VOLVO XC90,5,E01016988,0,1
2024122500167,2024,122500167,1,9,0,18,19,8,4,0,0,0,0,0,0,0,1,1,6,6,1,53,8,2401,2,17,VOLVO XC90,7,E01027760,0,1
2024010501251,2024,010501251,2,9,0,4,4,1,5,0,0,1,0,0,0,0,2,1,6,6,1,45,7,1969,8,1,VOLVO XC90,7,E01003643,0,1
2024101533582,2024,101533582,1,9,0,-1,19,5,1,-1,0,8,0,0,0,0,1,1,-1,6,1,45,7,1969,8,4,VOLVO XC90,10,E01008418,0,1
2024501498598,2024,501498598,2,9,0,-1,4,3,7,-1,0,0,0,0,0,0,2,1,-1,1,1,40,7,1969,8,2,VOLVO XC90,4,E01018877,0,5
2024010510565,2024,010510565,2,9,9,99,99,9,9,99,99,9,9,99,9,99,9,9,6,6,3,-1,-1,1969,2,6,VOLVO XC90,-1,-1,0,-1
2024010529349,2024,010529349,2,9,0,18,19,5,1,0,0,1,0,0,0,0,0,1,1,1,1,36,7,1969,8,2,VOLVO XC90,7,E01032767,0,2
2024461471595,2024,461471595,2,9,0,-1,19,6,2,-1,0,0,0,0,0,0,0,1,-1,8,1,43,7,1969,8,3,VOLVO XC90,-1,-1,0,-1
2024461418764,2024,461418764,2,9,0,-1,19,8,4,-1,0,0,0,0,0,0,1,1,-1,8,1,36,7,1969,8,1,VOLVO XC90,2,E01024717,0,4
2024010499289,2024,010499289,1,9,0,9,9,6,3,0,0,5,5,0,3,0,1,1,3,7,2,46,8,1969,12,4,VOLVO XC90,-1,-1,0,-1
2024340WN3552,2024,340WN3552,2,9,0,-1,19,1,5,-1,0,8,0,0,1,0,1,1,-1,9,2,47,8,1969,12,1,VOLVO XC90,8,E01027004,0,2
2024331481447,2024,331481447,2,9,0,-1,-1,5,1,-1,-1,0,0,0,0,0,2,1,-1,-1,1,41,7,1969,8,2,VOLVO XC90,-1,-1,0,-1
2024052401732,2024,052401732,1,9,0,9,9,3,7,0,0,6,0,0,0,0,1,1,6,6,3,-1,-1,1969,8,0,VOLVO XC90,-1,-1,0,-1
2024991466880,2024,991466880,2,9,0,-1,19,5,1,-1,0,0,0,0,0,0,1,1,-1,6,-1,-1,-1,1969,8,3,VOLVO XC90,-1,-1,0,-1
2024361528746,2024,361528746,3,9,0,-1,19,1,5,-1,0,0,0,0,0,0,0,1,-1,6,2,53,8,1969,8,1,VOLVO XC90,10,E01035149,0,4
2024131412417,2024,131412417,2,9,0,-1,3,5,1,-1,0,4,0,0,0,0,0,1,-1,9,1,56,9,1969,8,4,VOLVO XC90,9,E01010954,0,2
2024010523755,2024,010523755,2,9,0,99,99,9,9,99,99,9,9,99,9,99,1,9,6,6,1,37,7,1969,12,3,VOLVO XC90,2,E01003558,0,1
2024010491353,2024,010491353,2,9,0,18,19,5,1,0,0,2,0,0,0,0,1,1,6,6,1,36,7,2400,2,9,VOLVO XC90,7,E01003139,0,1
2024111492764,2024,111492764,1,9,0,-1,19,3,7,-1,0,0,0,0,0,0,3,1,-1,2,1,67,10,1969,8,0,VOLVO XC90,7,E01020655,0,2
2024471476950,2024,471476950,2,9,0,-1,19,5,1,-1,0,0,0,0,1,4,2,1,-1,6,2,49,8,1969,2,5,VOLVO XC90,7,E01034722,0,3
2024031502383,2024,031502383,1,9,0,-1,9,2,6,-1,0,0,0,0,1,0,1,1,-1,9,1,35,6,1969,8,0,VOLVO XC90,-1,-1,0,-1
2024461485890,2024,461485890,2,9,0,-1,2,0,0,-1,0,0,0,0,0,0,0,1,-1,6,-1,-1,-1,1969,8,1,VOLVO XC90,-1,-1,0,-1
2024451455651,2024,451455651,1,9,0,-1,19,1,5,-1,0,0,0,0,0,0,1,1,-1,6,1,35,6,1969,2,9,VOLVO XC90,6,E01002639,0,3
2024351443956,2024,351443956,2,9,0,-1,19,7,3,-1,0,1,0,0,7,1,1,1,-1,9,1,37,7,1969,2,7,VOLVO XC90,10,E01018301,0,1
2024430559188,2024,430559188,2,9,0,4,4,7,3,0,0,0,0,0,0,0,4,1,1,1,1,29,6,1969,8,2,VOLVO XC90,-1,-1,0,-1
2024122500161,2024,122500161,2,9,4,17,19,7,4,0,0,0,0,0,0,0,3,1,6,6,1,58,9,2400,2,13,VOLVO XC90,9,E01013368,0,4
2024010506962,2024,010506962,1,9,5,18,19,1,5,0,0,0,0,0,0,0,4,1,6,6,1,46,8,1969,8,2,VOLVO XC90,8,E01001994,0,1
2024440450340,2024,440450340,1,9,0,9,9,7,5,0,0,6,0,0,0,0,3,1,6,6,1,31,6,1969,2,8,VOLVO XC90,9,E01022557,0,1
2024340WN3672,2024,340WN3672,3,9,0,-1,19,5,1,-1,0,1,0,0,0,0,0,1,-1,9,1,54,8,1969,8,0,VOLVO XC90,10,E01035405,0,1
2024461399129,2024,461399129,2,9,0,-1,19,8,3,-1,0,1,0,0,0,0,1,9,-1,6,1,25,5,2401,2,18,VOLVO XC90,5,E01024787,0,1
2024461526366,2024,461526366,1,9,0,-1,5,5,4,-1,0,0,0,10,0,0,1,1,-1,9,2,37,7,1969,8,1,VOLVO XC90,7,E01016089,0,2
2024122400253,2024,122400253,2,9,0,2,2,0,0,0,0,2,0,0,0,0,2,1,6,6,2,47,8,2400,2,10,VOLVO XC90,9,E01027652,0,1
2024131475226,2024,131475226,4,9,0,-1,19,5,1,-1,0,1,0,0,0,0,0,1,-1,1,1,48,8,1969,8,1,VOLVO XC90,6,E01011885,0,3
2024411441205,2024,411441205,2,9,0,-1,19,3,7,-1,0,8,0,0,0,0,1,1,-1,6,2,54,8,1969,2,6,VOLVO XC90,10,E01023372,0,1
2024010539370,2024,010539370,4,9,0,18,19,5,1,0,0,0,0,0,0,0,1,1,1,1,1,39,7,1969,8,2,VOLVO XC90,5,E01003666,0,2
2024010498585,2024,010498585,1,9,0,9,9,5,3,0,0,8,0,0,0,0,4,1,3,7,2,51,8,2400,2,15,VOLVO XC90,8,E01004479,0,1
2024221495379,2024,221495379,1,9,0,-1,1,5,1,-1,0,8,0,0,0,0,2,1,-1,1,1,30,6,1969,12,2,VOLVO XC90,3,E01014010,0,1
2024201532343,2024,201532343,1,9,0,-1,7,7,1,-1,0,2,0,0,0,0,3,1,-1,9,1,43,7,1969,2,6,VOLVO XC90,7,E01009471,0,1
2024451474839,2024,451474839,3,9,0,-1,19,7,3,-1,0,0,0,0,0,0,0,1,-1,1,1,53,8,1969,8,2,VOLVO XC90,-1,-1,0,-1
2024332400991,2024,332400991,1,9,0,-1,19,6,2,-1,0,1,0,0,0,0,1,1,-1,1,1,36,7,1969,8,2,VOLVO XC90,-1,-1,0,-1
2024101426986,2024,101426986,3,9,0,-1,19,3,7,-1,0,1,0,0,0,0,0,1,-1,1,1,20,4,1969,8,3,VOLVO XC90,7,E01008283,0,2
2024401425365,2024,401425365,2,9,0,-1,19,1,4,-1,0,2,0,0,1,0,1,1,-1,6,1,-1,-1,1969,8,3,VOLVO XC90,-1,-1,0,-1
2024041523424,2024,041523424,1,9,0,-1,19,6,2,-1,0,0,0,0,0,0,1,1,-1,6,2,38,7,2400,2,14,VOLVO XC90,7,E01025079,0,1
2024421402643,2024,421402643,1,9,0,-1,2,8,5,-1,0,1,0,0,0,0,1,1,-1,9,1,63,9,2401,2,19,VOLVO XC90,7,E01016028,0,3
2024131525428,2024,131525428,2,9,0,-1,2,0,0,-1,9,0,0,0,0,0,4,1,-1,6,3,-1,-1,1969,2,9,VOLVO XC90,-1,-1,0,-1
2024010520331,2024,010520331,1,9,0,9,9,1,7,0,0,5,0,0,0,0,4,1,6,6,2,38,7,1969,2,5,VOLVO XC90,5,E01001984,0,1
2024522402173,2024,522402173,2,9,0,4,4,3,7,0,0,1,0,0,0,0,0,1,1,1,1,-1,-1,1969,8,2,VOLVO XC90,4,E01035114,0,4
2024131455338,2024,131455338,1,9,0,-1,11,7,7,-1,-1,0,1,0,2,7,4,1,-1,6,1,46,8,2400,2,12,VOLVO XC90,8,E01013305,0,5
2024010523410,2024,010523410,1,9,0,4,4,1,5,0,0,8,0,0,1,0,3,1,1,1,1,33,6,1969,8,2,VOLVO XC90,3,E01003221,0,1
2024461486995,2024,461486995,1,9,0,-1,4,3,7,-1,0,1,0,0,0,0,1,1,-1,6,2,39,7,2400,2,13,VOLVO XC90,3,E01024239,0,1
2024451511098,2024,451511098,3,9,0,-1,19,3,7,-1,0,0,0,0,1,0,1,1,-1,6,1,52,8,2400,2,11,VOLVO XC90,10,E01016253,0,2
2024221414993,2024,221414993,3,9,0,-1,19,1,5,-1,0,4,0,0,0,0,0,1,-1,1,1,35,6,1969,8,2,VOLVO XC90,3,E01032157,0,1
2024131459171,2024,131459171,4,9,0,-1,19,3,7,-1,0,0,0,0,0,0,0,1,-1,1,1,30,6,1969,8,1,VOLVO XC90,6,E01011885,0,3
2024311527427,2024,311527427,2,9,0,-1,15,5,1,-1,0,0,0,0,7,2,4,1,-1,8,1,35,6,1969,8,2,VOLVO XC90,-1,-1,0,-1
2024061530994,2024,061530994,2,9,0,-1,5,7,3,-1,0,5,0,0,0,0,0,1,-1,1,1,52,8,1969,8,3,VOLVO XC90,-1,-1,0,-1
2024501455497,2024,501455497,2,9,0,-1,10,5,1,-1,0,8,0,0,0,0,2,1,-1,9,1,36,7,2400,2,14,VOLVO XC90,6,E01020143,0,1
2024461446290,2024,461446290,2,9,0,-1,19,3,7,-1,0,2,0,0,7,0,3,1,-1,1,1,40,7,1969,8,1,VOLVO XC90,-1,-1,0,-1
2024991538775,2024,991538775,2,9,0,-1,19,8,5,-1,0,1,0,0,0,0,1,1,-1,6,1,76,11,2400,2,13,VOLVO XC90,5,-1,0,2
2024471408073,2024,471408073,1,9,0,-1,-1,-1,-1,-1,-1,-1,-1,-1,-1,0,-1,1,-1,9,2,49,8,1969,2,4,VOLVO XC90,6,E01031697,0,2
2024471454310,2024,471454310,2,9,0,-1,19,4,1,-1,0,0,0,0,0,0,3,1,-1,6,2,30,6,2401,2,20,VOLVO XC90,8,E01021233,0,3
2024061403411,2024,061403411,3,9,0,-1,2,0,0,-1,0,0,0,0,0,0,3,1,-1,1,1,27,6,1969,8,2,VOLVO XC90,-1,-1,0,-1
2024332400417,2024,332400417,2,9,0,-1,19,4,8,-1,0,8,0,0,0,0,1,1,-1,2,1,40,7,1969,2,8,VOLVO XC90,8,E01025630,0,1
2024631397360,2024,631397360,2,9,0,-1,4,8,4,-1,0,0,0,0,0,0,2,1,-1,9,2,35,6,2401,2,15,VOLVO XC90,5,W01000537,0,4
2024531439717,2024,531439717,2,9,0,-1,19,2,6,-1,0,0,0,0,0,0,0,1,-1,1,1,45,7,1969,8,1,VOLVO XC90,6,E01034797,0,4
2024070028378,2024,070028378,2,9,0,18,19,3,7,0,0,1,0,0,0,0,1,1,6,6,2,60,9,2400,2,14,VOLVO XC90,-1,-1,0,-1
2024401491122,2024,401491122,2,9,0,-1,9,6,4,-1,0,6,0,0,0,0,3,1,-1,6,2,74,10,1969,1,7,VOLVO XC90,4,E01000497,0,4
2024552401147,2024,552401147,1,9,0,9,9,5,2,0,0,5,0,0,0,0,4,1,6,6,1,71,10,1969,8,0,VOLVO XC90,9,E01016540,0,5
2024311432365,2024,311432365,1,9,0,-1,1,1,5,-1,0,1,0,0,0,0,2,2,-1,1,1,43,7,1969,8,1,VOLVO XC90,5,E01028189,0,2
2024010519988,2024,010519988,1,9,0,18,19,7,3,0,0,1,0,0,0,0,1,1,6,6,1,-1,-1,1969,8,3,VOLVO XC90,-1,-1,0,-1
2024201519302,2024,201519302,1,9,0,-1,9,1,7,-1,0,5,0,0,0,0,1,1,-1,6,1,-1,-1,2401,2,19,VOLVO XC90,-1,-1,0,-1
2024111508856,2024,111508856,3,9,0,-1,19,7,3,-1,0,0,0,0,0,0,1,1,-1,1,1,32,6,1969,8,0,VOLVO XC90,-1,-1,0,-1
2024421483113,2024,421483113,2,9,0,-1,4,6,2,-1,0,0,0,0,0,0,2,1,-1,1,1,27,6,1969,8,3,VOLVO XC90,8,E01021537,0,2
2024544289224,2024,544289224,2,9,0,18,19,1,5,0,0,1,0,0,0,0,2,1,6,6,2,49,8,1969,2,5,VOLVO XC90,7,E01031868,0,1
2024201435932,2024,201435932,2,9,0,-1,19,4,8,-1,0,8,0,0,0,0,1,1,-1,6,1,42,7,1969,12,2,VOLVO XC90,9,E01009543,0,2
2024991466631,2024,991466631,2,9,0,-1,19,6,2,-1,0,0,0,0,1,0,1,1,-1,9,1,51,8,1969,8,3,VOLVO XC90,10,-1,0,2
2024010542741,2024,010542741,1,9,0,9,9,3,1,0,0,2,0,0,0,0,1,1,1,1,1,52,8,1969,8,6,VOLVO XC90,3,E01002028,0,1
2024031516581,2024,031516581,2,9,0,-1,4,2,2,-1,0,0,0,0,0,0,2,1,-1,9,2,38,7,2401,2,20,VOLVO XC90,-1,-1,0,-1
2024041455626,2024,041455626,6,9,0,-1,19,3,7,-1,0,0,0,0,0,0,2,1,-1,1,1,49,8,1969,8,2,VOLVO XC90,1,E01025290,0,2
2024430294399,2024,430294399,1,9,0,9,9,7,4,0,0,4,0,0,3,7,1,1,6,6,1,25,5,2401,2,15,VOLVO XC90,-1,-1,0,-1
2024010543804,2024,010543804,1,9,0,99,99,9,9,99,99,9,9,99,9,99,9,9,6,6,2,44,7,1969,2,4,VOLVO XC90,10,E01004095,0,1
2024010487919,2024,010487919,2,9,0,18,19,4,8,0,0,6,0,0,0,0,0,1,6,6,1,33,6,1969,8,2,VOLVO XC90,-1,-1,0,-1
2024101459237,2024,101459237,2,9,0,-1,5,5,1,-1,0,0,0,0,0,0,4,1,-1,6,2,42,7,1969,8,2,VOLVO XC90,10,E01027469,0,2
2024131402596,2024,131402596,2,9,0,-1,2,0,0,-1,0,0,0,0,0,0,4,1,-1,6,2,29,6,2400,2,14,VOLVO XC90,1,E01011725,0,1
2024361408158,2024,361408158,1,9,0,-1,19,7,3,-1,0,0,5,0,2,11,1,1,-1,7,1,56,9,2400,2,15,VOLVO XC90,3,E01026763,0,1
2024371509464,2024,371509464,1,9,0,-1,19,3,7,-1,0,1,0,0,0,0,1,1,-1,6,1,60,9,2400,2,14,VOLVO XC90,2,E01030024,0,1
2024552400714,2024,552400714,2,9,0,2,2,0,0,0,0,0,0,0,0,0,3,1,6,6,3,-1,-1,2401,2,20,VOLVO XC90,-1,-1,0,-1
2024041417580,2024,041417580,2,9,0,-1,19,7,3,-1,0,0,0,0,0,0,1,1,-1,6,1,67,10,2401,2,19,VOLVO XC90,7,E01025199,0,2
2024010515206,2024,010515206,1,9,0,18,19,1,5,0,0,2,0,0,0,0,1,1,1,1,1,31,6,1969,8,2,VOLVO XC90,5,E01003123,0,3
2024991520437,2024,991520437,1,9,0,-1,19,5,8,-1,0,0,0,0,0,0,1,1,-1,6,2,42,7,1969,12,2,VOLVO XC90,-1,-1,0,-1
2024070230812,2024,070230812,1,9,0,4,4,5,1,0,0,1,0,0,0,0,1,1,6,6,2,42,7,1969,2,9,VOLVO XC90,8,E01018691,0,1
2024522401650,2024,522401650,2,9,0,3,3,6,2,0,0,1,0,0,0,0,2,1,6,6,1,44,7,2400,2,15,VOLVO XC90,3,E01014566,0,2
2024201421111,2024,201421111,1,9,0,-1,19,7,3,-1,0,0,0,0,0,0,1,1,-1,1,1,34,6,1969,8,2,VOLVO XC90,4,E01031105,0,3
2024461410449,2024,461410449,2,9,0,-1,19,2,6,-1,0,3,0,0,1,0,3,1,-1,1,1,44,7,1969,8,2,VOLVO XC90,2,E01024717,0,3
2024430072301,2024,430072301,2,9,0,3,3,1,5,0,0,0,0,0,0,0,2,1,6,6,1,48,8,1969,8,2,VOLVO XC90,10,E01017938,0,4
2024471453935,2024,471453935,1,9,0,-1,19,7,3,-1,0,0,0,0,0,0,0,1,-1,9,1,52,8,1969,8,2,VOLVO XC90,7,E01035525,0,5
2024440377899,2024,440377899,1,9,0,18,19,3,1,0,0,0,0,0,0,0,2,1,6,6,2,33,6,2401,2,15,VOLVO XC90,7,E01031543,0,3
2024122400874,2024,122400874,2,9,0,3,3,2,6,0,0,0,0,0,0,0,3,1,6,6,1,57,9,1969,8,0,VOLVO XC90,10,E01034977,0,1
2024201534933,2024,201534933,1,9,0,-1,19,3,7,-1,0,0,0,0,0,0,4,1,-1,6,1,52,8,1969,2,5,VOLVO XC90,2,E01025291,0,5
2024010499457,2024,010499457,2,9,0,18,19,7,3,0,0,1,0,0,0,0,0,1,6,6,1,28,6,1969,8,2,VOLVO XC90,5,E01003666,0,2
2024302400865,2024,302400865,2,9,0,17,19,3,1,0,0,1,0,0,0,0,3,1,6,6,2,38,7,2400,2,14,VOLVO XC90,1,E01019488,0,1
2024361435009,2024,361435009,1,9,0,-1,19,1,5,-1,0,8,0,0,1,4,1,1,-1,6,1,29,6,2401,2,19,VOLVO XC90,5,E01026487,0,1
2024010499648,2024,010499648,1,9,0,18,19,3,7,0,0,4,0,0,3,0,1,1,2,2,1,33,6,1969,1,5,VOLVO XC90,5,E01002501,0,2
2024320155943,2024,320155943,2,9,0,-1,-1,4,2,0,0,8,5,0,7,0,4,1,-1,-1,1,55,8,2401,2,18,VOLVO XC90,4,E01026032,0,3
2024061519944,2024,061519944,3,9,0,-1,19,3,7,-1,0,0,0,0,0,0,2,1,-1,1,1,29,6,1969,8,1,VOLVO XC90,-1,-1,0,-1
2024471415998,2024,471415998,2,9,0,-1,19,7,3,-1,0,8,0,0,0,0,1,1,-1,9,2,47,8,2401,2,17,VOLVO XC90,9,E01016992,0,1
2024010545534,2024,010545534,2,9,9,99,99,9,9,99,99,9,9,99,9,99,9,9,6,6,3,-1,-1,1969,8,8,VOLVO XC90,-1,-1,0,-1
2024010543170,2024,010543170,2,9,9,99,99,9,9,0,0,9,0,0,0,0,3,9,6,6,3,-1,-1,1969,8,5,VOLVO XC90,-1,-1,0,-1
2024031452380,2024,031452380,2,9,0,-1,19,3,7,-1,0,1,0,0,0,0,4,1,-1,1,1,37,7,1969,8,1,VOLVO XC90,5,E01019220,0,1
2024010527147,2024,010527147,2,9,9,18,19,9,9,0,0,1,9,99,9,99,9,9,6,6,2,39,7,1969,1,6,VOLVO XC90,5,E01003640,0,2
2024991491080,2024,991491080,2,9,0,-1,19,1,5,-1,9,2,1,0,0,0,1,1,-1,6,2,54,8,1969,8,3,VOLVO XC90,-1,-1,0,-1
2024101464383,2024,101464383,1,9,0,-1,4,7,3,-1,-1,0,0,0,0,0,1,1,-1,9,1,22,5,1969,1,6,VOLVO XC90,1,E01008838,0,1
2024010518939,2024,010518939,2,9,0,-1,-1,5,1,0,0,1,0,0,0,0,1,1,1,1,1,45,7,1969,8,2,VOLVO XC90,3,E01003221,0,1
2024010498341,2024,010498341,3,9,0,18,19,1,5,0,0,4,0,10,3,11,1,1,6,6,1,44,7,1969,8,4,VOLVO XC90,5,E01002481,0,1