collision_index,collision_year,collision_ref_no,vehicle_reference,vehicle_type,towing_and_articulation,vehicle_manoeuvre_historic,vehicle_manoeuvre,vehicle_direction_from,vehicle_direction_to,vehicle_location_restricted_lane_historic,vehicle_location_restricted_lane,junction_location,skidding_and_overturning,hit_object_in_carriageway,vehicle_leaving_carriageway,hit_object_off_carriageway,first_point_of_impact,vehicle_left_hand_drive,journey_purpose_of_driver_historic,journey_purpose_of_driver,sex_of_driver,age_of_driver,age_band_of_driver,engine_capacity_cc,propulsion_code,age_of_vehicle,generic_make_model,driver_imd_decile,lsoa_of_driver,escooter_flag,driver_distance_banding
2024070834514,2024,070834514,2,19,0,-1,19,3,7,-1,0,0,0,0,0,0,3,1,-1,1,1,52,8,2143,2,3,MERCEDES SPRINTER,3,E01035604,0,5
2024340WN9152,2024,340WN9152,2,19,0,-1,19,5,1,-1,0,0,0,0,0,0,1,1,-1,9,1,38,7,2143,2,6,MERCEDES SPRINTER,6,E01027232,0,2
2024010493919,2024,010493919,1,10,0,9,9,3,8,0,0,1,0,0,0,0,3,1,6,6,1,-1,-1,2143,2,7,MERCEDES SPRINTER,4,E01001804,0,1
2024991524163,2024,991524163,1,19,0,-1,4,6,2,-1,0,0,0,0,0,0,1,1,-1,1,1,25,5,1950,2,0,MERCEDES SPRINTER,1,E01013885,0,5
2024131425437,2024,131425437,1,19,0,-1,19,7,3,-1,0,0,0,0,0,0,0,1,-1,1,1,51,8,-1,-1,-1,MERCEDES SPRINTER,3,E01011717,0,1
2024461477586,2024,461477586,2,19,0,-1,3,1,5,-1,0,0,0,0,0,0,3,9,-1,1,1,31,6,2143,2,10,MERCEDES SPRINTER,6,E01008250,0,5
2024010525620,2024,010525620,1,19,0,3,3,9,9,99,99,9,9,99,9,99,2,9,2,2,1,42,7,2143,2,5,MERCEDES SPRINTER,6,E01001258,0,2
2024522402368,2024,522402368,2,19,0,1,1,8,4,0,0,1,0,0,0,0,2,1,6,6,3,-1,-1,2143,2,9,MERCEDES SPRINTER,-1,-1,0,-1
2024111401928,2024,111401928,1,19,0,-1,19,1,5,-1,0,1,0,0,0,0,1,9,-1,6,1,30,6,2143,2,6,MERCEDES SPRINTER,5,E01020695,0,3
2024552400275,2024,552400275,1,19,0,9,9,5,2,0,0,6,0,0,0,0,3,1,1,1,1,37,7,2143,2,13,MERCEDES SPRINTER,3,E01017270,0,4
202417H105324,2024,17H105324,2,19,0,-1,9,8,6,-1,0,8,0,0,0,0,3,1,-1,1,1,56,9,2143,2,12,MERCEDES SPRINTER,-1,-1,0,-1
2024101461686,2024,101461686,1,19,0,-1,19,5,1,-1,0,0,0,0,0,0,1,1,-1,1,1,47,8,2143,2,5,MERCEDES SPRINTER,1,E01020873,0,4
2024320444997,2024,320444997,1,20,0,9,9,8,6,0,0,5,0,0,7,0,4,1,1,1,1,43,7,1950,2,2,MERCEDES SPRINTER,2,E01026142,0,4
2024451423692,2024,451423692,2,19,0,-1,19,1,5,-1,0,0,0,0,0,0,1,1,-1,1,1,54,8,2143,2,6,MERCEDES SPRINTER,10,E01030831,0,2
2024122500214,2024,122500214,1,19,0,1,1,6,2,5,5,0,0,0,0,0,2,1,1,1,1,57,9,2143,2,6,MERCEDES SPRINTER,8,E01027635,0,2
2024161495752,2024,161495752,1,19,0,-1,9,4,2,-1,0,6,0,0,0,0,1,1,-1,1,1,51,8,1950,2,2,MERCEDES SPRINTER,1,E01013229,0,1
2024371421563,2024,371421563,2,19,0,-1,19,5,1,-1,0,8,0,0,7,0,1,9,-1,1,1,39,7,1950,2,3,MERCEDES SPRINTER,1,E01026597,0,4
2024010544204,2024,010544204,1,19,0,9,9,5,3,0,0,5,0,0,7,0,1,1,1,1,1,30,6,-1,3,2,MERCEDES SPRINTER,4,E01035253,0,4
2024201501600,2024,201501600,1,19,0,-1,5,1,2,-1,0,0,0,4,0,0,1,1,-1,6,1,-1,-1,2148,2,17,MERCEDES SPRINTER,4,E01009882,0,2
2024610001424,2024,610001424,1,19,0,18,19,2,6,0,0,0,0,0,0,0,2,1,1,1,1,29,6,1950,2,1,MERCEDES SPRINTER,-1,-1,0,-1
2024010511817,2024,010511817,2,19,0,99,99,9,9,99,99,9,9,99,9,99,1,9,6,6,3,-1,-1,2143,2,6,MERCEDES SPRINTER,3,E01000128,0,3
2024052400666,2024,052400666,3,19,0,10,10,5,1,0,0,1,0,0,0,0,2,1,6,6,1,31,6,2143,2,10,MERCEDES SPRINTER,2,E01006522,0,1
2024332400042,2024,332400042,2,19,0,-1,7,5,7,-1,0,6,0,0,0,0,4,1,-1,6,1,-1,-1,2143,2,10,MERCEDES SPRINTER,-1,-1,0,-1
2024010508427,2024,010508427,2,19,0,3,3,5,1,0,0,1,1,0,0,0,1,1,6,6,1,38,7,2143,2,5,MERCEDES SPRINTER,-1,-1,0,-1
2024421487777,2024,421487777,3,19,0,-1,19,6,2,-1,0,0,0,0,0,0,2,1,-1,6,1,30,6,2143,2,5,MERCEDES SPRINTER,-1,-1,0,-1
2024211426484,2024,211426484,1,19,0,-1,9,1,4,-1,0,1,0,0,0,0,1,1,-1,1,1,64,9,2143,2,4,MERCEDES SPRINTER,5,E01028943,0,4
2024010514779,2024,010514779,1,19,0,3,3,4,8,0,0,1,0,0,0,0,2,1,1,1,2,23,5,1950,2,2,MERCEDES SPRINTER,10,E01021517,0,4
2024401404468,2024,401404468,2,20,0,-1,19,4,2,-1,0,0,1,0,0,0,1,1,-1,2,1,31,6,-1,-1,-1,MERCEDES SPRINTER,6,E01027132,0,4
2024131404643,2024,131404643,1,19,0,-1,19,7,3,-1,0,0,0,0,0,0,3,1,-1,1,1,42,7,2143,2,2,MERCEDES SPRINTER,2,E01011220,0,2
2024211511617,2024,211511617,2,19,0,-1,19,1,5,-1,0,0,0,0,0,0,2,1,-1,6,1,23,5,1950,2,3,MERCEDES SPRINTER,2,E01018478,0,4
2024201425528,2024,201425528,1,19,0,-1,9,3,8,-1,0,5,0,0,0,0,1,1,-1,6,1,58,9,-1,-1,-1,MERCEDES SPRINTER,1,E01010464,0,3
2024361479802,2024,361479802,1,19,0,-1,3,3,7,-1,0,1,0,0,0,0,1,1,-1,1,1,38,7,2143,2,4,MERCEDES SPRINTER,6,E01026797,0,4
2024430610431,2024,430610431,2,19,0,18,19,3,7,0,0,8,0,0,0,0,4,1,2,2,1,40,7,2143,2,4,MERCEDES SPRINTER,3,E01017654,0,3
2024622400180,2024,622400180,1,10,0,4,4,6,2,0,0,1,0,0,0,0,2,1,6,6,1,66,10,2143,2,10,MERCEDES SPRINTER,5,W01001051,0,1
2024010516660,2024,010516660,2,19,9,99,99,9,9,99,99,9,9,99,9,99,9,9,6,6,3,-1,-1,2143,2,4,MERCEDES SPRINTER,-1,-1,0,-1
2024430013337,2024,430013337,1,19,0,14,14,3,7,0,0,0,0,0,0,0,1,1,6,6,1,44,7,2143,2,6,MERCEDES SPRINTER,3,E01015761,0,4
2024461404182,2024,461404182,2,19,0,-1,2,0,0,-1,0,0,0,0,0,0,3,9,-1,6,1,35,6,2143,2,5,MERCEDES SPRINTER,4,E01000402,0,3
2024461471174,2024,461471174,2,19,0,-1,3,1,5,-1,0,0,0,0,0,0,2,9,-1,1,1,31,6,1950,2,2,MERCEDES SPRINTER,1,E01024610,0,4
2024061449410,2024,061449410,1,20,0,-1,19,6,2,-1,0,1,0,0,0,0,2,1,-1,1,1,31,6,1950,2,3,MERCEDES SPRINTER,1,E01033669,0,2
2024440083472,2024,440083472,2,90,0,18,19,4,8,0,0,8,0,0,0,0,3,1,1,1,1,59,9,2987,2,13,MERCEDES SPRINTER,7,E01016340,0,4
2024061458892,2024,061458892,1,20,0,-1,19,6,1,-1,0,1,0,0,0,0,4,1,-1,1,1,35,6,-1,-1,-1,MERCEDES SPRINTER,1,E01034113,0,2
2024010488547,2024,010488547,2,19,0,4,4,1,5,0,0,1,0,0,0,0,2,1,1,1,1,39,7,2143,2,9,MERCEDES SPRINTER,2,E01000627,0,2
2024522401207,2024,522401207,2,19,0,18,19,2,6,0,0,0,0,0,0,0,1,1,1,1,1,50,8,2143,2,8,MERCEDES SPRINTER,6,E01019933,0,4
2024010499907,2024,010499907,1,19,0,18,19,3,7,0,0,1,0,0,0,0,1,1,1,1,1,21,5,2143,2,4,MERCEDES SPRINTER,6,E01004347,0,1
2024010504838,2024,010504838,2,19,0,5,5,1,5,0,0,8,0,0,0,0,1,1,2,2,1,45,7,2143,2,5,MERCEDES SPRINTER,2,E01003783,0,1
2024061422638,2024,061422638,2,19,0,-1,9,7,4,-1,0,1,0,0,0,0,2,1,-1,1,1,61,9,2143,2,4,MERCEDES SPRINTER,-1,-1,0,-1
2024010551206,2024,010551206,1,19,0,18,19,7,3,0,0,0,1,0,0,0,0,1,2,2,1,45,7,1950,2,1,MERCEDES SPRINTER,4,E01001165,0,4
2024061396353,2024,061396353,1,19,4,-1,19,3,7,-1,0,0,0,0,0,0,1,1,-1,1,1,49,8,1950,2,3,MERCEDES SPRINTER,2,E01034108,0,4
2024501454976,2024,501454976,2,20,0,-1,19,3,7,-1,0,1,0,0,0,0,2,1,-1,1,1,56,9,1950,2,2,MERCEDES SPRINTER,6,E01020006,0,2
2024531503278,2024,531503278,1,19,0,-1,9,1,5,-1,0,8,0,0,0,0,1,1,-1,1,1,26,6,-1,3,3,MERCEDES SPRINTER,6,E01022410,0,1
2024111491128,2024,111491128,3,19,0,-1,19,1,5,-1,0,0,0,0,0,0,1,1,-1,1,1,28,6,2143,2,5,MERCEDES SPRINTER,3,E01020799,0,3
2024201467387,2024,201467387,2,19,0,-1,19,5,1,-1,0,8,0,0,0,0,3,9,-1,6,1,39,7,2148,2,17,MERCEDES SPRINTER,2,E01009953,0,3
2024461531263,2024,461531263,1,19,0,-1,5,2,6,-1,0,5,0,0,0,0,1,1,-1,6,1,72,10,2148,2,17,MERCEDES SPRINTER,7,E01024490,0,3
2024430361362,2024,430361362,2,19,0,3,3,1,5,0,0,0,0,0,0,0,2,1,1,1,1,52,8,2143,2,5,MERCEDES SPRINTER,4,E01000634,0,4
2024622400394,2024,622400394,1,19,0,18,19,1,5,0,0,0,0,0,0,0,1,1,6,6,1,22,5,2143,2,5,MERCEDES SPRINTER,6,W01001580,0,4
2024010550490,2024,010550490,1,19,0,7,7,5,7,0,0,8,0,0,0,0,4,1,1,1,1,38,7,2143,2,6,MERCEDES SPRINTER,3,E01001489,0,3
2024371510468,2024,371510468,2,19,0,-1,19,8,4,-1,0,8,0,0,0,0,4,1,-1,9,2,77,11,2143,2,12,MERCEDES SPRINTER,6,E01026872,0,4
2024440516628,2024,440516628,2,19,0,18,19,3,7,0,0,0,0,0,0,0,4,1,1,1,1,61,9,2143,2,12,MERCEDES SPRINTER,-1,-1,0,-1
2024221441872,2024,221441872,2,19,0,-1,19,6,4,-1,0,0,0,0,0,0,3,1,-1,6,1,24,5,2143,2,5,MERCEDES SPRINTER,4,E01009824,0,4
2024481561247,2024,481561247,1,19,0,-1,19,3,7,-1,0,0,0,0,0,0,4,1,-1,1,1,46,8,2143,2,6,MERCEDES SPRINTER,-1,-1,0,-1
2024361408243,2024,361408243,2,19,0,-1,2,8,3,-1,-1,2,0,4,0,0,2,9,-1,6,-1,-1,-1,2143,2,4,MERCEDES SPRINTER,-1,-1,0,-1
2024631512220,2024,631512220,2,20,0,-1,19,2,6,-1,0,0,0,0,0,0,1,1,-1,2,1,44,7,-1,-1,-1,MERCEDES SPRINTER,5,W01000528,0,2
2024010508382,2024,010508382,1,19,0,18,19,3,7,0,0,2,0,0,0,0,4,1,1,1,1,41,7,2143,2,5,MERCEDES SPRINTER,4,E01023864,0,4
2024371504838,2024,371504838,1,19,0,-1,19,3,7,-1,0,1,0,0,0,0,1,1,-1,1,1,62,9,2143,2,3,MERCEDES SPRINTER,9,E01030033,0,4
2024161398594,2024,161398594,1,19,4,-1,19,1,5,-1,0,0,0,4,0,0,1,1,-1,6,1,27,6,2148,2,17,MERCEDES SPRINTER,3,E01028056,0,4
2024552400642,2024,552400642,2,19,0,4,4,6,2,0,0,0,0,0,0,0,1,1,1,1,1,57,9,2143,2,11,MERCEDES SPRINTER,9,E01020409,0,3
2024141405622,2024,141405622,2,19,0,-1,4,1,5,-1,0,0,0,0,0,0,1,1,-1,1,1,37,7,2143,2,12,MERCEDES SPRINTER,2,E01010046,0,5
2024501405570,2024,501405570,1,19,0,-1,19,8,4,-1,0,0,0,0,7,11,3,9,-1,6,1,56,9,2143,2,10,MERCEDES SPRINTER,9,E01019939,0,3
2024010535286,2024,010535286,2,11,0,4,4,7,3,0,0,0,0,0,0,0,1,1,6,6,1,38,7,2143,2,10,MERCEDES SPRINTER,4,E01003555,0,1
2024361548119,2024,361548119,2,19,0,-1,19,7,3,-1,0,8,0,0,0,0,3,1,-1,1,1,21,5,2143,2,9,MERCEDES SPRINTER,4,E01026733,0,4
2024010548203,2024,010548203,1,19,0,99,99,9,9,99,99,9,9,99,9,99,1,9,6,6,3,-1,-1,2143,2,3,MERCEDES SPRINTER,-1,-1,0,-1
2024302400386,2024,302400386,2,19,0,18,19,5,1,0,0,1,1,0,0,0,2,1,1,1,1,24,5,1950,2,3,MERCEDES SPRINTER,4,E01019822,0,1
2024311434601,2024,311434601,1,19,0,-1,2,0,0,-1,0,0,5,0,1,0,2,1,-1,6,-1,-1,-1,-1,-1,-1,MERCEDES SPRINTER,-1,-1,0,-1
2024531397725,2024,531397725,1,19,0,-1,9,7,5,-1,0,6,0,0,0,0,4,1,-1,1,1,37,7,2143,2,6,MERCEDES SPRINTER,1,E01022147,0,3
2024201399955,2024,201399955,1,19,0,-1,7,4,6,-1,0,6,0,0,0,0,1,9,-1,6,1,29,6,2143,2,4,MERCEDES SPRINTER,5,E01008975,0,2
2024070478232,2024,070478232,1,19,0,5,5,8,3,7,6,0,0,2,0,0,1,1,1,1,1,-1,-1,2143,2,3,MERCEDES SPRINTER,7,E01033016,0,5
2024010503026,2024,010503026,2,90,0,18,19,1,5,0,0,8,0,0,0,0,3,1,6,6,1,39,7,2987,2,3,MERCEDES SPRINTER,2,E01001729,0,1
2024010535693,2024,010535693,2,19,0,99,99,9,9,99,99,0,9,99,9,99,2,9,6,6,3,-1,-1,1950,2,3,MERCEDES SPRINTER,-1,-1,0,-1
2024010507039,2024,010507039,2,19,0,5,5,1,5,0,0,8,1,0,0,0,1,1,6,6,1,19,4,-1,3,4,MERCEDES SPRINTER,2,E01033000,0,2
2024201483963,2024,201483963,1,19,0,-1,1,2,6,-1,0,6,0,4,0,0,2,1,-1,6,1,30,6,2143,2,9,MERCEDES SPRINTER,-1,-1,0,-1
2024421421966,2024,421421966,2,19,0,-1,3,-1,-1,-1,0,3,0,0,0,0,2,1,-1,1,1,51,8,2143,2,11,MERCEDES SPRINTER,7,E01021457,0,3
2024010544756,2024,010544756,2,19,0,99,99,9,9,0,0,0,9,99,9,99,1,9,6,6,3,-1,-1,1950,2,3,MERCEDES SPRINTER,6,E01023545,0,2
2024991415117,2024,991415117,1,19,0,-1,19,8,4,-1,0,0,0,0,0,0,1,1,-1,1,1,33,6,2143,2,6,MERCEDES SPRINTER,3,-1,0,3
2024161416668,2024,161416668,2,10,0,-1,7,3,4,-1,0,2,0,0,0,0,1,9,-1,1,1,60,9,2143,2,6,MERCEDES SPRINTER,-1,-1,0,-1
2024010511918,2024,010511918,3,19,0,18,19,3,7,0,0,1,0,0,0,0,0,1,6,6,1,60,9,2148,2,18,MERCEDES SPRINTER,2,E01000744,0,2
2024411425790,2024,411425790,2,19,0,-1,19,8,4,-1,0,4,0,0,0,0,1,1,-1,6,1,-1,-1,2143,2,12,MERCEDES SPRINTER,-1,-1,0,-1
2024010511885,2024,010511885,2,19,0,5,5,7,3,0,0,0,0,0,0,0,3,1,1,1,1,38,7,2143,2,5,MERCEDES SPRINTER,6,E01024346,0,4
2024522402625,2024,522402625,1,19,0,17,19,8,4,0,0,8,0,11,0,0,3,1,6,6,1,28,6,1950,2,1,MERCEDES SPRINTER,1,E01009222,0,5
2024231486435,2024,231486435,1,19,0,-1,9,7,4,-1,0,5,0,0,0,0,1,1,-1,1,1,53,8,2148,2,16,MERCEDES SPRINTER,1,E01034935,0,3
2024631489312,2024,631489312,1,19,0,-1,19,7,3,-1,0,0,1,0,1,10,1,1,-1,6,1,31,6,2143,2,6,MERCEDES SPRINTER,2,E01009265,0,5
2024622400862,2024,622400862,1,19,0,9,9,4,2,0,0,8,0,0,0,0,1,1,1,1,1,61,9,1950,2,2,MERCEDES SPRINTER,4,W01001962,0,1
2024010489847,2024,010489847,2,90,9,99,99,9,9,99,99,9,9,99,9,99,9,9,6,6,3,-1,-1,2987,2,7,MERCEDES SPRINTER,-1,-1,0,-1
2024211403552,2024,211403552,2,19,0,-1,19,8,4,-1,0,0,0,0,0,0,1,9,-1,6,1,70,10,2143,2,5,MERCEDES SPRINTER,5,E01031016,0,4
2024991502725,2024,991502725,1,19,0,-1,19,8,4,-1,0,6,0,0,0,0,1,1,-1,1,1,53,8,2143,2,3,MERCEDES SPRINTER,4,-1,0,4
2024351425661,2024,351425661,1,19,0,-1,4,7,3,-1,0,1,0,0,0,0,4,9,-1,6,3,62,9,2143,2,7,MERCEDES SPRINTER,3,E01003689,0,5
2024010535461,2024,010535461,2,20,0,18,19,1,5,0,0,0,0,0,0,0,2,1,1,1,1,56,9,-1,-1,-1,MERCEDES SPRINTER,6,E01023388,0,4
2024141473203,2024,141473203,3,19,0,-1,2,0,0,-1,0,2,0,0,0,0,4,1,-1,6,-1,-1,-1,2143,2,4,MERCEDES SPRINTER,-1,-1,0,-1
2024430003970,2024,430003970,1,19,0,18,19,8,4,0,0,0,0,0,7,4,1,1,1,1,1,43,7,2143,2,5,MERCEDES SPRINTER,9,E01028724,0,3
2024451512914,2024,451512914,2,19,0,-1,9,7,5,-1,0,3,0,0,0,0,4,1,-1,1,1,33,6,2143,2,4,MERCEDES SPRINTER,7,E01030465,0,4
2024340WN2302,2024,340WN2302,1,19,0,-1,9,8,4,-1,0,6,0,0,0,0,1,1,-1,1,1,40,7,2143,2,4,MERCEDES SPRINTER,4,E01009035,0,4
2024461487855,2024,461487855,2,19,0,-1,19,3,7,-1,0,0,0,0,0,0,1,9,-1,1,1,38,7,1950,2,1,MERCEDES SPRINTER,3,E01024166,0,1
2024010526577,2024,010526577,1,19,0,9,9,4,1,0,0,8,0,0,0,0,3,1,6,6,1,19,4,2143,2,4,MERCEDES SPRINTER,3,E01002404,0,2
2024122401162,2024,122401162,1,10,0,18,19,1,5,0,0,0,0,0,0,0,2,1,6,6,1,68,10,2143,2,11,MERCEDES SPRINTER,5,E01011108,0,4
2024401435007,2024,401435007,1,20,0,-1,19,4,8,-1,0,0,0,0,0,0,1,1,-1,6,1,60,9,-1,-1,-1,MERCEDES SPRINTER,-1,-1,0,-1
2024340WN0952,2024,340WN0952,2,19,0,-1,4,4,8,-1,0,0,0,0,0,0,2,1,-1,1,1,32,6,2143,2,2,MERCEDES SPRINTER,1,E01009297,0,4
2024211480725,2024,211480725,2,19,0,-1,9,2,1,-1,0,1,0,0,0,0,4,1,-1,1,1,37,7,2143,2,2,MERCEDES SPRINTER,4,E01029646,0,1
2024501529866,2024,501529866,1,19,0,-1,9,6,3,-1,0,8,0,0,0,0,1,1,-1,1,1,52,8,1950,2,1,MERCEDES SPRINTER,10,E01020004,0,4
2024461439293,2024,461439293,2,19,0,-1,19,7,3,-1,0,0,0,0,0,0,3,1,-1,1,1,20,4,1950,2,2,MERCEDES SPRINTER,3,E01024552,0,3
2024141507881,2024,141507881,3,19,0,-1,19,1,5,-1,0,0,0,0,0,0,4,1,-1,1,1,40,7,2143,2,5,MERCEDES SPRINTER,4,E01011031,0,4
2024010547017,2024,010547017,1,19,0,9,9,1,6,0,0,1,0,0,0,0,3,1,1,1,1,21,5,2143,2,4,MERCEDES SPRINTER,4,E01004342,0,2
2024201463327,2024,201463327,1,19,0,-1,19,5,1,-1,0,8,0,0,0,0,2,9,-1,1,1,30,6,2143,2,6,MERCEDES SPRINTER,5,E01009432,0,3
2024320760170,2024,320760170,1,19,0,-1,-1,4,8,0,0,1,0,0,0,0,1,1,6,6,1,58,9,2143,2,6,MERCEDES SPRINTER,9,E01026223,0,4
2024501476888,2024,501476888,2,19,0,-1,19,7,3,-1,0,8,0,0,0,0,1,1,-1,1,1,44,7,2143,2,8,MERCEDES SPRINTER,1,E01015155,0,1
2024010507280,2024,010507280,1,19,0,9,9,1,6,0,0,1,0,0,0,0,1,1,2,2,1,37,7,1950,2,4,MERCEDES SPRINTER,3,E01000503,0,2
2024461416221,2024,461416221,1,19,0,-1,19,3,6,-1,0,6,0,0,0,0,4,1,-1,1,1,23,5,2143,2,4,MERCEDES SPRINTER,9,E01000409,0,4
2024161512394,2024,161512394,1,19,0,-1,10,7,3,-1,0,0,0,0,0,0,2,1,-1,1,1,36,7,2143,2,4,MERCEDES SPRINTER,1,E01012877,0,2
2024522500011,2024,522500011,2,19,0,1,1,8,4,0,0,1,0,0,0,0,2,1,6,6,1,25,5,2151,2,24,MERCEDES SPRINTER,2,E01017011,0,5
2024070800919,2024,070800919,1,19,0,-1,12,8,8,-1,0,8,5,0,0,0,3,1,-1,1,1,37,7,-1,-1,-1,MERCEDES SPRINTER,2,E01007448,0,5
2024471519315,2024,471519315,2,19,0,-1,10,5,2,-1,0,1,0,0,0,0,0,1,-1,6,1,53,8,2143,2,6,MERCEDES SPRINTER,1,E01009489,0,5
2024411543355,2024,411543355,1,19,0,-1,9,5,3,-1,0,1,0,0,0,0,1,1,-1,6,-1,26,6,2143,2,5,MERCEDES SPRINTER,5,E01015753,0,4
2024010541956,2024,010541956,2,19,9,99,99,9,9,99,99,6,9,99,9,99,9,9,6,6,3,-1,-1,1950,2,1,MERCEDES SPRINTER,-1,-1,0,-1
2024061409980,2024,061409980,2,10,0,-1,19,2,6,-1,0,0,0,0,0,0,1,1,-1,7,1,62,9,2143,2,7,MERCEDES SPRINTER,3,E01005535,0,2
2024010502384,2024,010502384,2,20,0,9,9,5,3,0,0,2,0,0,0,0,3,1,6,6,1,27,6,2143,2,3,MERCEDES SPRINTER,4,E01003268,0,1
2024501457769,2024,501457769,4,19,0,-1,4,5,1,-1,0,0,0,0,0,0,2,1,-1,1,1,24,5,1950,2,0,MERCEDES SPRINTER,5,E01020230,0,3
2024461456446,2024,461456446,1,19,0,-1,19,2,4,-1,0,0,0,0,0,0,0,1,-1,6,1,22,5,2143,2,4,MERCEDES SPRINTER,8,E01032819,0,2
2024991405218,2024,991405218,4,19,0,-1,19,7,3,-1,0,1,0,0,0,0,3,1,-1,6,1,41,7,2143,2,8,MERCEDES SPRINTER,1,-1,0,1
2024991420757,2024,991420757,3,19,0,-1,19,3,7,-1,0,0,0,0,0,0,2,1,-1,1,1,53,8,2143,2,12,MERCEDES SPRINTER,9,-1,0,4
2024461485418,2024,461485418,2,19,0,-1,9,4,6,-1,0,0,0,0,0,0,3,2,-1,6,1,44,7,2143,2,5,MERCEDES SPRINTER,7,E01016089,0,3
2024461505446,2024,461505446,1,20,0,-1,5,6,8,-1,0,6,0,0,0,0,4,9,-1,1,1,48,8,2143,2,3,MERCEDES SPRINTER,1,E01035317,0,2
2024311525071,2024,311525071,1,10,0,-1,4,1,5,-1,0,0,0,0,0,0,1,1,-1,1,1,62,9,-1,-1,-1,MERCEDES SPRINTER,1,E01013959,0,1
2024010544213,2024,010544213,1,20,0,7,7,1,3,0,0,1,0,0,0,0,1,1,6,6,1,61,9,-1,-1,-1,MERCEDES SPRINTER,3,E01000129,0,3
2024201530392,2024,201530392,3,19,0,-1,10,3,1,-1,0,0,0,0,0,0,3,1,-1,9,1,33,6,2143,2,7,MERCEDES SPRINTER,1,E01009355,0,1
2024522402396,2024,522402396,2,19,0,18,19,6,3,0,0,8,0,0,0,0,1,1,6,6,2,24,5,-1,-1,-1,MERCEDES SPRINTER,4,E01014961,0,3
2024010523482,2024,010523482,1,19,0,99,99,9,9,99,99,9,9,99,9,99,9,9,6,6,3,-1,-1,2143,2,7,MERCEDES SPRINTER,3,E01004295,0,2
2024122400319,2024,122400319,2,19,0,7,7,7,3,0,0,1,0,0,0,0,4,1,1,1,2,45,7,2143,2,12,MERCEDES SPRINTER,2,E01027827,0,3
2024501409625,2024,501409625,3,19,0,-1,19,1,5,-1,0,0,0,0,0,0,1,1,-1,6,1,58,9,2143,2,4,MERCEDES SPRINTER,8,E01019915,0,1
2024501529455,2024,501529455,1,19,0,-1,19,7,3,-1,0,0,0,5,0,0,1,1,-1,1,1,43,7,1950,2,0,MERCEDES SPRINTER,5,E01015215,0,2
2024061457860,2024,061457860,1,19,4,-1,2,-1,-1,-1,99,0,0,0,0,0,2,1,-1,6,3,-1,-1,1950,2,3,MERCEDES SPRINTER,-1,-1,0,-1
2024221489475,2024,221489475,1,19,0,-1,1,3,7,-1,9,5,0,0,0,0,2,9,-1,6,1,63,9,2143,2,10,MERCEDES SPRINTER,9,E01032297,0,1
2024052400656,2024,052400656,1,19,0,1,1,1,5,0,0,0,0,0,0,0,2,1,1,1,1,29,6,2143,2,11,MERCEDES SPRINTER,1,E01006759,0,2
2024031400628,2024,031400628,2,20,0,-1,10,5,1,-1,0,1,0,0,0,0,3,1,-1,1,1,38,7,-1,-1,-1,MERCEDES SPRINTER,3,-1,0,5
2024622400742,2024,622400742,1,19,0,9,9,7,1,0,0,6,0,0,0,0,3,1,1,1,1,43,7,2143,2,4,MERCEDES SPRINTER,1,W01001144,0,3
2024471515915,2024,471515915,1,19,0,-1,1,7,3,-1,0,0,0,0,0,0,2,1,-1,1,1,32,6,1950,2,0,MERCEDES SPRINTER,2,E01031790,0,4
2024430246859,2024,430246859,1,19,0,9,9,2,8,0,0,6,0,0,0,0,0,1,1,1,1,32,6,1950,2,1,MERCEDES SPRINTER,9,E01028469,0,1
2024010551293,2024,010551293,2,19,0,4,4,5,1,0,0,2,0,0,1,0,0,1,6,6,1,40,7,2987,2,5,MERCEDES SPRINTER,2,E01003092,0,1
2024552401218,2024,552401218,1,19,0,18,19,2,6,0,0,0,2,0,1,10,1,1,2,2,1,42,7,2143,2,12,MERCEDES SPRINTER,3,E01022680,0,4
2024440219965,2024,440219965,1,19,0,9,9,4,2,0,0,6,0,0,0,0,1,1,1,1,1,36,7,1950,2,0,MERCEDES SPRINTER,7,E01030466,0,2
2024991510927,2024,991510927,2,19,0,-1,2,0,0,-1,0,0,0,0,0,0,3,1,-1,6,-1,-1,-1,2143,2,6,MERCEDES SPRINTER,-1,-1,0,-1
202460Q177611,2024,60Q177611,2,19,0,18,19,4,2,0,0,4,0,0,0,0,1,1,6,6,1,32,6,2143,2,8,MERCEDES SPRINTER,-1,-1,0,-1
2024430621517,2024,430621517,1,19,0,9,9,1,7,0,0,2,0,0,0,0,1,1,1,1,1,50,8,1950,2,2,MERCEDES SPRINTER,9,E01016258,0,4
2024010511707,2024,010511707,1,19,0,4,4,1,5,0,0,1,0,0,0,0,2,1,1,1,1,24,5,2143,2,5,MERCEDES SPRINTER,2,E01021314,0,4
2024361479232,2024,361479232,1,19,0,-1,19,1,5,-1,0,8,0,0,0,0,1,1,-1,1,1,47,8,-1,3,4,MERCEDES SPRINTER,9,E01035145,0,2