collision_index,collision_year,collision_ref_no,vehicle_reference,vehicle_type,towing_and_articulation,vehicle_manoeuvre_historic,vehicle_manoeuvre,vehicle_direction_from,vehicle_direction_to,vehicle_location_restricted_lane_historic,vehicle_location_restricted_lane,junction_location,skidding_and_overturning,hit_object_in_carriageway,vehicle_leaving_carriageway,hit_object_off_carriageway,first_point_of_impact,vehicle_left_hand_drive,journey_purpose_of_driver_historic,journey_purpose_of_driver,sex_of_driver,age_of_driver,age_band_of_driver,engine_capacity_cc,propulsion_code,age_of_vehicle,generic_make_model,driver_imd_decile,lsoa_of_driver,escooter_flag,driver_distance_banding
2024440515281,2024,440515281,1,19,0,18,19,1,5,0,0,8,0,0,0,0,4,1,1,1,1,48,8,1950,2,0,MERCEDES SPRINTER,7,E01028496,0,4
2024471461343,2024,471461343,3,19,0,-1,2,0,0,-1,0,2,0,0,0,0,0,2,-1,1,1,45,7,2143,2,9,MERCEDES SPRINTER,9,E01032821,0,4
2024461455378,2024,461455378,2,19,0,-1,19,5,1,-1,0,1,0,0,0,0,1,1,-1,1,1,47,8,2143,2,5,MERCEDES SPRINTER,2,E01024192,0,3
2024631524712,2024,631524712,1,19,4,-1,5,8,4,-1,0,6,0,0,0,0,1,1,-1,1,1,38,7,2143,2,4,MERCEDES SPRINTER,7,W01000634,0,4
2024231437711,2024,231437711,1,10,0,-1,9,8,6,-1,0,5,0,0,0,0,1,1,-1,1,1,52,8,2143,2,6,MERCEDES SPRINTER,2,E01016810,0,4
2024201424602,2024,201424602,2,19,0,-1,3,4,8,-1,0,0,0,0,0,0,2,1,-1,1,1,44,7,2143,2,12,MERCEDES SPRINTER,1,E01009062,0,1
2024471454254,2024,471454254,2,20,0,-1,19,7,3,-1,0,0,0,0,0,0,1,1,-1,1,1,24,5,-1,-1,-1,MERCEDES SPRINTER,5,E01021008,0,2
2024371463745,2024,371463745,3,19,0,-1,19,6,2,-1,0,8,0,0,0,0,1,1,-1,1,1,30,6,1950,2,2,MERCEDES SPRINTER,6,E01026486,0,4
2024471503698,2024,471503698,4,19,0,-1,4,1,5,-1,0,0,0,0,0,0,2,1,-1,1,1,40,7,2143,2,8,MERCEDES SPRINTER,10,E01031641,0,4
2024552401174,2024,552401174,1,19,0,9,9,2,8,0,0,0,0,0,0,0,1,1,1,1,1,20,4,2143,2,4,MERCEDES SPRINTER,4,E01034278,0,1
2024211423798,2024,211423798,1,19,0,-1,11,8,4,-1,0,0,0,0,0,0,4,1,-1,1,1,27,6,2143,2,4,MERCEDES SPRINTER,-1,-1,0,-1
2024010533648,2024,010533648,1,19,0,18,19,5,1,0,0,8,0,0,0,0,3,1,1,1,1,23,5,2143,2,3,MERCEDES SPRINTER,3,E01001360,0,2
2024031509423,2024,031509423,1,19,4,-1,2,0,0,-1,0,0,0,0,0,0,1,1,-1,1,1,24,5,1950,2,2,MERCEDES SPRINTER,8,E01019169,0,4
2024421498290,2024,421498290,1,19,0,-1,19,8,4,-1,0,0,0,0,0,0,4,1,-1,6,1,52,8,2143,2,3,MERCEDES SPRINTER,4,E01023646,0,4
2024520001563,2024,520001563,2,11,0,18,19,7,3,0,0,8,0,0,0,0,1,1,1,1,1,77,11,2143,2,13,MERCEDES SPRINTER,4,E01029025,0,3
2024430581289,2024,430581289,2,19,0,18,19,2,6,0,0,0,0,0,0,0,1,1,6,6,1,30,6,2143,2,10,MERCEDES SPRINTER,-1,-1,0,-1
2024522402294,2024,522402294,1,19,0,18,19,5,1,0,0,0,0,0,0,0,2,1,6,6,1,34,6,2148,2,16,MERCEDES SPRINTER,1,E01026152,0,5
2024101520672,2024,101520672,1,19,-1,-1,19,2,6,-1,0,0,1,0,0,0,1,9,-1,1,1,-1,-1,1950,2,2,MERCEDES SPRINTER,-1,-1,0,-1
2024010512304,2024,010512304,1,19,0,1,1,2,6,0,0,0,0,0,0,0,2,1,1,1,1,33,6,1950,2,1,MERCEDES SPRINTER,4,E01000312,0,1
2024141405064,2024,141405064,2,19,0,-1,2,0,0,-1,0,0,0,0,0,0,3,1,-1,1,1,38,7,2143,2,3,MERCEDES SPRINTER,3,E01007479,0,2
2024531423374,2024,531423374,2,19,0,-1,19,5,1,-1,0,8,0,0,0,0,1,1,-1,1,1,50,8,1950,2,3,MERCEDES SPRINTER,7,E01014783,0,4
2024461404962,2024,461404962,1,19,0,-1,4,5,6,-1,0,0,0,0,0,0,1,1,-1,1,1,22,5,2143,2,7,MERCEDES SPRINTER,9,E01016081,0,1
2024411443585,2024,411443585,2,19,0,-1,5,4,8,-1,0,8,0,0,0,0,4,1,-1,1,1,47,8,1950,2,2,MERCEDES SPRINTER,2,E01015773,0,4
2024471474477,2024,471474477,2,90,0,-1,11,5,1,-1,0,0,0,0,0,0,4,9,-1,1,1,-1,-1,2987,2,3,MERCEDES SPRINTER,-1,-1,0,-1
2024332401084,2024,332401084,1,20,0,-1,2,0,0,-1,0,2,0,0,0,0,2,1,-1,6,1,22,5,2143,2,4,MERCEDES SPRINTER,6,E01009450,0,4
2024010545580,2024,010545580,1,19,0,99,99,9,9,99,99,9,9,99,9,99,1,1,6,6,3,-1,-1,2143,2,7,MERCEDES SPRINTER,-1,-1,0,-1
2024371476960,2024,371476960,1,19,0,-1,1,8,4,-1,0,0,0,0,0,0,2,1,-1,1,1,57,9,1950,2,2,MERCEDES SPRINTER,5,E01034767,0,3
2024520401680,2024,520401680,1,19,0,18,19,8,2,0,0,8,0,0,0,0,3,1,6,6,1,38,7,1950,2,3,MERCEDES SPRINTER,5,E01025762,0,5
2024471444909,2024,471444909,1,90,0,-1,19,7,4,-1,0,8,0,0,0,0,1,1,-1,1,1,22,5,2987,2,11,MERCEDES SPRINTER,3,E01021065,0,3
2024010510700,2024,010510700,2,19,0,99,99,9,9,99,99,9,9,99,9,99,1,9,6,6,3,-1,-1,-1,3,4,MERCEDES SPRINTER,-1,-1,0,-1
2024430087742,2024,430087742,1,21,0,13,13,6,2,0,0,0,0,0,0,0,0,1,6,6,1,-1,-1,-1,-1,-1,MERCEDES SPRINTER,-1,-1,0,-1
2024061506373,2024,061506373,1,19,0,-1,9,1,7,-1,0,8,0,0,0,0,1,1,-1,1,1,46,8,2143,2,5,MERCEDES SPRINTER,8,E01006330,0,3
2024010528340,2024,010528340,2,19,0,4,4,3,7,0,0,8,0,0,0,0,0,1,6,6,1,30,6,2143,2,4,MERCEDES SPRINTER,3,E01002649,0,2
2024070225213,2024,070225213,1,19,0,18,19,3,7,0,0,1,0,10,3,0,1,1,1,1,1,33,6,2143,2,5,MERCEDES SPRINTER,9,E01014258,0,3
2024010553773,2024,010553773,2,19,0,99,99,9,9,99,99,9,9,99,9,99,2,9,6,6,3,-1,-1,2143,2,6,MERCEDES SPRINTER,-1,-1,0,-1
2024320018238,2024,320018238,2,19,0,4,4,4,8,0,0,0,0,0,0,0,2,1,-1,-1,1,20,4,1950,2,1,MERCEDES SPRINTER,9,E01012954,0,4
2024320534988,2024,320534988,1,10,0,7,7,3,5,0,0,6,0,0,0,0,4,1,1,1,1,62,9,2143,2,3,MERCEDES SPRINTER,1,E01026150,0,1
2024010551091,2024,010551091,2,90,0,9,9,5,3,0,0,1,0,0,0,0,4,1,1,1,2,36,7,2987,2,9,MERCEDES SPRINTER,10,E01023908,0,3
2024401548594,2024,401548594,2,19,0,-1,19,5,1,-1,0,1,0,0,0,0,1,1,-1,1,1,55,8,1950,2,1,MERCEDES SPRINTER,1,E01017466,0,3
2024451452739,2024,451452739,2,19,0,-1,2,0,0,-1,0,0,0,0,0,0,2,1,-1,9,1,28,6,2143,2,11,MERCEDES SPRINTER,3,E01023107,0,1
2024552400716,2024,552400716,1,19,4,14,14,4,8,0,0,0,0,0,0,0,4,1,2,2,1,39,7,1950,2,3,MERCEDES SPRINTER,4,E01002311,0,5
2024201470319,2024,201470319,1,20,0,-1,1,2,6,-1,0,0,0,0,0,0,2,9,-1,6,1,45,7,2143,2,7,MERCEDES SPRINTER,-1,-1,0,-1
2024552400378,2024,552400378,2,90,0,18,19,4,8,0,0,2,0,0,0,0,1,1,1,1,2,23,5,2987,2,9,MERCEDES SPRINTER,9,E01015445,0,2
2024010537018,2024,010537018,1,20,0,9,9,7,5,0,0,6,0,0,0,0,1,1,1,1,1,40,7,-1,-1,-1,MERCEDES SPRINTER,8,E01030479,0,4
2024131482402,2024,131482402,2,19,0,-1,4,7,3,-1,0,1,0,0,0,0,0,1,-1,9,1,58,9,2143,2,10,MERCEDES SPRINTER,2,E01011814,0,1
2024211498905,2024,211498905,2,19,0,-1,19,5,1,-1,0,0,0,0,0,0,1,1,-1,1,1,57,9,1950,2,3,MERCEDES SPRINTER,-1,-1,0,-1
2024471442665,2024,471442665,1,19,0,-1,2,0,0,-1,0,0,0,0,0,0,2,1,-1,1,1,-1,-1,1950,2,2,MERCEDES SPRINTER,2,E01020911,0,4
2024010502670,2024,010502670,1,19,0,16,19,5,7,0,0,8,0,0,7,1,1,1,6,6,1,41,7,2143,2,14,MERCEDES SPRINTER,5,E01004523,0,1
2024010539091,2024,010539091,1,19,0,18,19,3,7,0,0,4,0,0,0,0,1,1,6,6,1,51,8,2143,2,14,MERCEDES SPRINTER,4,E01000406,0,1
2024141436418,2024,141436418,1,19,0,-1,2,1,5,-1,-1,0,0,0,0,0,2,1,-1,9,1,35,6,2143,2,4,MERCEDES SPRINTER,4,E01007746,0,1
2024531493963,2024,531493963,2,19,0,-1,19,2,5,-1,0,0,0,0,1,0,1,1,-1,1,2,29,6,1950,2,0,MERCEDES SPRINTER,3,E01031856,0,4
2024522402079,2024,522402079,2,19,0,18,19,2,6,0,0,0,5,0,0,0,2,1,6,6,1,45,7,2143,2,4,MERCEDES SPRINTER,2,E01001551,0,5
2024430574124,2024,430574124,1,19,0,9,9,6,3,0,0,5,0,0,0,0,4,1,6,6,1,30,6,2143,2,10,MERCEDES SPRINTER,7,E01023131,0,3
2024451463595,2024,451463595,2,19,0,-1,1,3,7,-1,0,0,0,0,0,0,2,1,-1,6,1,30,6,1950,2,3,MERCEDES SPRINTER,-1,-1,0,-1
2024010516580,2024,010516580,2,19,0,99,99,9,9,99,99,9,9,99,9,99,9,9,6,6,1,28,6,2143,2,5,MERCEDES SPRINTER,5,E01018213,0,5
2024501477500,2024,501477500,1,19,0,-1,19,2,6,-1,0,0,0,0,0,0,4,1,-1,6,3,-1,-1,2143,2,10,MERCEDES SPRINTER,-1,-1,0,-1
2024991453858,2024,991453858,2,90,0,-1,2,0,0,-1,0,0,0,0,0,0,0,1,-1,6,-1,-1,-1,1950,2,2,MERCEDES SPRINTER,-1,-1,0,-1
2024351423135,2024,351423135,1,19,0,-1,19,3,7,-1,0,0,0,0,0,0,1,1,-1,6,1,36,7,2148,2,16,MERCEDES SPRINTER,1,E01015603,0,1
2024010524276,2024,010524276,2,19,0,99,99,9,9,99,99,0,9,99,9,99,9,9,6,6,1,40,7,2143,2,5,MERCEDES SPRINTER,3,E01003580,0,3
2024440293273,2024,440293273,1,20,0,4,4,2,4,0,0,1,0,0,0,0,1,1,1,1,3,-1,-1,-1,-1,-1,MERCEDES SPRINTER,-1,-1,0,-1
2024411465250,2024,411465250,1,19,0,-1,4,2,6,-1,0,1,0,0,0,0,2,1,-1,1,2,46,8,2143,2,8,MERCEDES SPRINTER,6,E01002161,0,3
2024332401136,2024,332401136,3,19,0,-1,19,1,5,-1,0,0,0,0,0,0,1,1,-1,1,1,19,4,2143,2,7,MERCEDES SPRINTER,6,E01013766,0,1
2024520001912,2024,520001912,1,19,0,18,19,5,2,0,0,8,0,0,0,0,1,1,6,6,1,61,9,2143,2,7,MERCEDES SPRINTER,7,E01014446,0,1
2024231490536,2024,231490536,1,19,0,-1,1,2,2,-1,0,1,0,0,0,0,2,9,-1,6,1,35,6,2143,2,10,MERCEDES SPRINTER,-1,-1,0,-1
2024991534459,2024,991534459,1,19,0,-1,19,3,7,-1,0,1,0,0,0,0,1,1,-1,1,1,39,7,1950,2,3,MERCEDES SPRINTER,9,-1,0,3
2024201488546,2024,201488546,2,19,0,-1,10,2,8,-1,0,8,0,0,0,0,1,1,-1,2,1,25,5,2143,2,5,MERCEDES SPRINTER,-1,-1,0,-1
2024070900799,2024,070900799,3,19,0,-1,2,0,0,-1,0,0,0,0,0,0,2,1,-1,6,3,-1,-1,2143,2,7,MERCEDES SPRINTER,-1,-1,0,-1
2024631535754,2024,631535754,1,19,0,-1,19,6,1,-1,0,8,0,0,3,11,1,1,-1,1,1,22,5,1950,2,1,MERCEDES SPRINTER,1,E01009567,0,5
2024552400362,2024,552400362,2,90,0,18,19,6,2,0,0,0,0,0,0,0,1,1,1,1,1,60,9,2987,2,9,MERCEDES SPRINTER,5,E01020389,0,3
2024061525678,2024,061525678,2,19,0,-1,19,5,5,-1,0,1,2,0,3,2,1,1,-1,2,1,32,6,2143,2,8,MERCEDES SPRINTER,2,E01005431,0,1
2024131486521,2024,131486521,2,19,0,-1,4,1,5,-1,0,0,0,0,0,0,2,1,-1,1,1,39,7,1950,2,3,MERCEDES SPRINTER,4,E01011008,0,3
2024531487437,2024,531487437,2,19,0,-1,9,5,1,-1,0,0,0,0,0,0,3,1,-1,6,1,33,6,1950,2,1,MERCEDES SPRINTER,1,E01014834,0,4
2024010542701,2024,010542701,2,19,0,2,2,0,0,0,0,0,0,0,0,0,2,1,6,6,3,-1,-1,2148,2,15,MERCEDES SPRINTER,-1,-1,0,-1
2024311541645,2024,311541645,2,19,0,-1,19,5,1,-1,0,1,0,0,0,0,1,1,-1,1,1,22,5,2143,2,4,MERCEDES SPRINTER,-1,-1,0,-1
2024991400703,2024,991400703,1,19,0,-1,9,1,5,-1,0,1,0,0,0,0,1,1,-1,1,1,43,7,1950,2,1,MERCEDES SPRINTER,5,-1,0,1
2024471466295,2024,471466295,2,19,0,-1,9,2,6,-1,0,0,0,0,0,0,3,1,-1,1,1,46,8,2143,2,5,MERCEDES SPRINTER,9,E01001020,0,4
2024010503771,2024,010503771,1,20,0,99,99,9,9,99,99,9,9,99,9,99,2,9,6,6,3,-1,-1,1950,2,3,MERCEDES SPRINTER,-1,-1,0,-1
2024010515685,2024,010515685,2,19,0,2,2,0,0,0,0,0,0,0,0,0,0,1,6,6,3,-1,-1,-1,3,4,MERCEDES SPRINTER,-1,-1,0,-1
2024131483691,2024,131483691,1,19,0,-1,19,1,5,-1,0,0,0,0,0,0,4,1,-1,1,1,55,8,2143,2,11,MERCEDES SPRINTER,2,E01011017,0,1
2024531479884,2024,531479884,2,19,0,-1,19,1,5,-1,0,0,5,0,0,0,1,1,-1,1,1,44,7,2143,2,5,MERCEDES SPRINTER,2,W01000914,0,4
2024010534385,2024,010534385,1,19,0,5,5,1,5,9,9,6,0,0,0,0,1,1,1,1,1,54,8,2143,2,6,MERCEDES SPRINTER,8,E01004053,0,3
2024421525062,2024,421525062,2,20,0,-1,19,2,2,-1,0,0,0,0,0,0,1,1,-1,1,1,55,8,-1,-1,-1,MERCEDES SPRINTER,8,E01000389,0,4
2024471526222,2024,471526222,1,19,0,-1,9,6,2,-1,0,1,0,0,0,0,1,1,-1,1,1,21,5,1950,2,0,MERCEDES SPRINTER,4,E01021177,0,4
2024320063494,2024,320063494,1,10,0,7,7,6,8,0,0,5,0,0,0,0,1,1,-1,-1,1,59,9,2143,2,3,MERCEDES SPRINTER,10,E01026206,0,2
2024070563285,2024,070563285,1,19,0,16,19,5,2,0,0,8,0,0,0,0,1,1,6,6,1,53,8,2148,2,16,MERCEDES SPRINTER,2,E01012425,0,1
2024471487339,2024,471487339,2,19,0,-1,12,8,4,-1,0,1,0,0,0,0,1,1,-1,6,1,21,5,2143,2,5,MERCEDES SPRINTER,10,E01031672,0,4
2024010516094,2024,010516094,1,19,0,9,9,5,2,0,0,8,0,0,0,0,1,1,1,1,1,26,6,2143,2,6,MERCEDES SPRINTER,-1,-1,0,-1
2024440137756,2024,440137756,1,90,0,9,9,8,6,0,0,6,0,0,0,0,3,1,1,1,1,59,9,2987,2,6,MERCEDES SPRINTER,10,E01032097,0,4
2024991490227,2024,991490227,1,19,0,-1,19,7,4,-1,0,0,2,0,7,0,1,1,-1,1,1,27,6,1950,2,3,MERCEDES SPRINTER,5,-1,0,4
2024548176324,2024,548176324,2,19,0,3,3,5,1,0,0,0,0,0,0,0,2,1,1,1,1,45,7,2143,2,5,MERCEDES SPRINTER,1,E01007124,0,5
2024010534280,2024,010534280,1,19,0,3,3,3,7,0,0,1,0,0,0,0,0,1,1,1,1,51,8,2143,2,4,MERCEDES SPRINTER,1,E01003318,0,1
2024141450232,2024,141450232,3,19,0,-1,3,3,7,-1,0,1,0,0,0,0,1,1,-1,1,1,21,5,1950,2,1,MERCEDES SPRINTER,4,E01007489,0,3
2024010514842,2024,010514842,1,19,0,1,1,8,4,9,9,8,0,0,0,0,2,1,1,1,1,26,6,1950,2,4,MERCEDES SPRINTER,4,E01003688,0,1
2024211525657,2024,211525657,3,20,0,-1,19,6,6,-1,0,0,0,0,0,0,1,1,-1,1,1,25,5,-1,-1,-1,MERCEDES SPRINTER,1,E01009840,0,3
2024010538198,2024,010538198,1,20,0,99,99,9,9,99,99,9,9,99,9,99,2,9,6,6,1,29,6,-1,-1,-1,MERCEDES SPRINTER,5,E01000494,0,1
2024371504886,2024,371504886,1,19,0,-1,19,6,2,-1,0,0,0,0,0,0,1,1,-1,1,1,60,9,1950,2,2,MERCEDES SPRINTER,9,E01026513,0,3
2024161426568,2024,161426568,1,9,0,-1,15,4,2,-1,0,2,0,0,0,0,2,1,-1,6,1,72,10,2143,2,4,MERCEDES SPRINTER,3,E01013134,0,1
2024440091771,2024,440091771,2,19,0,9,9,6,4,0,0,5,0,0,0,0,3,1,6,6,3,-1,-1,1950,2,3,MERCEDES SPRINTER,-1,-1,0,-1
2024010526012,2024,010526012,1,19,0,99,99,9,9,99,99,9,9,99,9,99,9,9,6,6,3,55,8,2987,2,4,MERCEDES SPRINTER,2,-1,0,5
2024361442956,2024,361442956,2,19,0,-1,2,0,0,-1,0,1,0,0,0,0,4,1,-1,6,-1,-1,-1,2148,2,18,MERCEDES SPRINTER,-1,-1,0,-1
2024010501295,2024,010501295,2,19,0,18,19,3,7,0,0,7,0,1,3,0,1,1,6,6,1,59,9,2143,2,8,MERCEDES SPRINTER,2,E01000077,0,2
202454E173424,2024,54E173424,2,19,0,18,19,4,8,0,0,0,0,0,0,0,3,1,6,6,1,36,7,2143,2,3,MERCEDES SPRINTER,-1,-1,0,-1
2024010515659,2024,010515659,2,19,0,18,19,3,7,0,0,0,1,0,0,0,1,1,6,6,1,30,6,2151,2,22,MERCEDES SPRINTER,6,E01000069,0,3
2024010532596,2024,010532596,1,19,0,9,9,1,7,0,0,5,0,0,0,0,1,1,1,1,1,41,7,2143,2,5,MERCEDES SPRINTER,5,E01033708,0,1
2024122401168,2024,122401168,1,19,0,5,5,5,7,0,0,8,0,0,0,0,1,1,1,1,1,32,6,2143,2,4,MERCEDES SPRINTER,7,E01027756,0,4
2024010509029,2024,010509029,2,19,0,99,99,9,9,99,99,9,9,99,9,99,9,9,6,6,3,-1,-1,-1,3,4,MERCEDES SPRINTER,-1,-1,0,-1
2024161467471,2024,161467471,4,19,0,-1,19,7,3,-1,0,0,0,0,0,0,2,1,-1,1,1,68,10,2143,2,12,MERCEDES SPRINTER,9,E01013110,0,4
2024231490645,2024,231490645,1,19,0,-1,19,4,8,-1,0,0,0,0,0,0,1,1,-1,1,1,37,7,2143,2,5,MERCEDES SPRINTER,8,E01028443,0,3
2024010516969,2024,010516969,1,19,0,18,19,3,7,0,0,0,0,0,0,0,0,1,1,1,1,39,7,2143,2,5,MERCEDES SPRINTER,2,E01003940,0,1
2024101409633,2024,101409633,1,20,0,-1,9,6,8,-1,0,2,0,0,0,0,1,1,-1,1,1,55,8,2143,2,3,MERCEDES SPRINTER,6,-1,0,4
2024302400919,2024,302400919,1,19,0,18,19,5,8,0,0,2,0,0,0,0,4,1,1,1,1,44,7,2143,2,4,MERCEDES SPRINTER,2,E01019666,0,4
2024131400440,2024,131400440,1,20,0,-1,19,2,6,-1,0,0,0,0,0,0,1,1,-1,1,1,21,5,-1,-1,-1,MERCEDES SPRINTER,10,E01011461,0,1
2024520402751,2024,520402751,2,19,0,5,5,1,5,0,0,8,0,0,0,0,1,1,6,6,1,60,9,1950,2,0,MERCEDES SPRINTER,4,E01029152,0,4
2024041506692,2024,041506692,1,19,0,-1,1,7,5,-1,0,1,0,0,0,0,3,1,-1,1,1,55,8,2143,2,3,MERCEDES SPRINTER,1,E01025041,0,3
202454B855324,2024,54B855324,1,19,0,18,19,3,7,0,0,1,0,0,0,0,1,1,1,1,1,39,7,2143,2,6,MERCEDES SPRINTER,8,E01022652,0,4
2024991478649,2024,991478649,1,19,0,-1,19,6,2,-1,0,0,0,0,0,0,1,1,-1,1,1,53,8,1950,2,2,MERCEDES SPRINTER,9,-1,0,4
2024131412672,2024,131412672,2,19,0,-1,2,0,0,-1,9,0,0,0,0,0,3,1,-1,6,-1,-1,-1,2143,2,8,MERCEDES SPRINTER,-1,-1,0,-1
2024010532947,2024,010532947,2,19,0,9,9,3,2,0,0,5,0,0,0,0,1,1,1,1,1,59,9,2143,2,5,MERCEDES SPRINTER,6,E01001266,0,2
2024010509114,2024,010509114,1,19,0,99,99,9,9,99,99,0,9,99,9,99,2,9,1,1,1,52,8,1950,2,1,MERCEDES SPRINTER,4,E01002233,0,4
2024440362227,2024,440362227,2,19,0,2,2,0,0,0,0,0,0,0,0,0,2,1,6,6,1,-1,-1,1950,2,2,MERCEDES SPRINTER,-1,-1,0,-1
2024161456759,2024,161456759,1,19,0,-1,19,2,6,-1,0,0,0,0,0,0,4,9,-1,1,3,-1,-1,2143,2,2,MERCEDES SPRINTER,-1,-1,0,-1
2024231515287,2024,231515287,3,19,0,-1,19,2,6,-1,0,8,0,0,0,0,0,1,-1,6,1,57,9,1950,2,2,MERCEDES SPRINTER,2,E01034932,0,4
2024440192977,2024,440192977,2,19,0,3,3,8,4,0,0,1,0,0,0,0,2,1,1,1,1,35,6,1950,2,1,MERCEDES SPRINTER,-1,-1,0,-1
2024161528343,2024,161528343,1,19,0,-1,19,2,6,-1,0,1,0,0,0,0,1,1,-1,1,1,52,8,1950,2,3,MERCEDES SPRINTER,1,E01013219,0,2
2024070416818,2024,070416818,1,19,0,4,4,7,3,0,0,0,0,0,0,0,4,1,1,1,1,-1,-1,1950,2,1,MERCEDES SPRINTER,4,E01025200,0,4
2024991525599,2024,991525599,1,19,0,-1,20,5,1,-1,0,0,0,4,0,0,1,1,-1,1,1,26,6,1950,2,0,MERCEDES SPRINTER,1,-1,0,2
2024101516444,2024,101516444,3,19,0,-1,19,1,5,-1,0,0,0,0,0,0,1,1,-1,1,1,34,6,1950,2,2,MERCEDES SPRINTER,1,E01008652,0,2
2024010511301,2024,010511301,1,19,0,18,19,5,1,0,0,8,0,0,0,0,1,1,1,1,1,43,7,2143,2,5,MERCEDES SPRINTER,4,E01002168,0,4
2024010502485,2024,010502485,2,19,0,99,99,9,9,99,99,9,9,99,9,99,1,9,6,6,3,-1,-1,1950,2,4,MERCEDES SPRINTER,7,E01004162,0,2
2024070252221,2024,070252221,1,19,0,17,19,3,7,0,0,0,5,0,1,9,1,1,1,1,1,37,7,1950,2,4,MERCEDES SPRINTER,4,E01029817,0,4
2024221428451,2024,221428451,1,19,0,-1,19,4,8,-1,0,0,0,0,0,0,1,9,-1,2,1,52,8,1950,2,3,MERCEDES SPRINTER,3,E01014155,0,4
2024010534491,2024,010534491,1,19,0,2,2,0,0,0,0,0,0,0,0,0,2,1,6,6,3,-1,-1,2143,2,4,MERCEDES SPRINTER,-1,-1,0,-1
2024411411907,2024,411411907,1,19,-1,-1,7,3,5,-1,0,4,0,0,0,0,1,1,-1,6,1,28,6,2143,2,6,MERCEDES SPRINTER,2,E01002099,0,4
2024031433982,2024,031433982,1,19,0,-1,19,7,4,-1,0,0,0,0,3,0,1,9,-1,1,1,42,7,2143,2,8,MERCEDES SPRINTER,-1,-1,0,-1
2024320475161,2024,320475161,2,19,0,4,4,6,2,0,0,0,0,0,0,0,2,1,1,1,1,59,9,1950,2,2,MERCEDES SPRINTER,9,E01005418,0,5
2024421504885,2024,421504885,1,19,0,-1,9,5,3,-1,0,1,0,0,0,0,1,1,-1,1,1,40,7,1950,2,2,MERCEDES SPRINTER,5,E01023546,0,4
2024461415895,2024,461415895,1,19,0,-1,19,4,8,-1,0,0,0,0,0,0,1,2,-1,1,1,39,7,2143,2,9,MERCEDES SPRINTER,9,E01024253,0,4
2024471399573,2024,471399573,1,19,0,-1,19,2,6,-1,0,0,1,0,0,0,1,1,-1,1,1,46,8,2143,2,12,MERCEDES SPRINTER,1,E01031427,0,1
2024031401862,2024,031401862,1,20,0,-1,19,5,1,-1,0,0,2,7,1,0,1,1,-1,2,1,63,9,-1,-1,-1,MERCEDES SPRINTER,4,E01005877,0,5
2024991482456,2024,991482456,1,19,0,-1,9,6,4,-1,0,6,0,0,0,0,3,1,-1,1,1,67,10,2143,2,4,MERCEDES SPRINTER,5,-1,0,4
2024010527861,2024,010527861,1,19,0,99,99,9,9,0,0,0,9,99,9,99,9,9,1,1,1,45,7,1950,2,2,MERCEDES SPRINTER,5,W01001551,0,5
2024340NN3882,2024,340NN3882,1,19,0,-1,19,3,7,-1,0,0,0,0,1,1,1,1,-1,6,1,21,5,1950,2,3,MERCEDES SPRINTER,2,E01013721,0,4
2024201456361,2024,201456361,1,19,0,-1,19,5,1,-1,0,0,0,0,0,0,1,1,-1,6,1,33,6,1950,2,1,MERCEDES SPRINTER,6,E01010012,0,1
2024231403491,2024,231403491,1,19,0,-1,19,5,1,-1,0,6,5,0,0,0,4,9,-1,1,1,22,5,1950,2,2,MERCEDES SPRINTER,9,E01032297,0,4
2024421405934,2024,421405934,1,19,0,-1,19,1,5,-1,0,0,5,11,7,0,1,1,-1,1,1,29,6,1950,2,2,MERCEDES SPRINTER,5,E01021868,0,4
2024141458986,2024,141458986,1,19,0,-1,12,1,1,-1,0,0,0,0,0,0,3,1,-1,6,3,-1,-1,1950,2,2,MERCEDES SPRINTER,-1,-1,0,-1
2024520402556,2024,520402556,1,19,0,1,1,0,0,9,9,2,0,0,0,0,2,1,6,6,3,-1,-1,1950,2,3,MERCEDES SPRINTER,-1,-1,0,-1
2024501483099,2024,501483099,1,19,0,-1,9,8,6,-1,0,1,0,0,0,0,1,1,-1,1,1,24,5,2143,2,4,MERCEDES SPRINTER,1,E01018870,0,3
2024371414331,2024,371414331,2,19,0,-1,19,8,4,-1,0,1,0,0,0,0,1,1,-1,2,1,24,5,2143,2,9,MERCEDES SPRINTER,3,E01029916,0,4
2024221427532,2024,221427532,1,19,0,-1,9,3,1,-1,0,6,0,0,0,0,3,1,-1,1,1,25,5,2143,2,8,MERCEDES SPRINTER,1,E01013621,0,5
2024061442057,2024,061442057,1,19,0,-1,19,1,5,-1,0,0,0,0,0,0,1,2,-1,1,1,29,6,2143,2,10,MERCEDES SPRINTER,2,E01005999,0,3
2024351472364,2024,351472364,1,20,0,-1,19,3,7,-1,0,2,0,0,0,0,1,1,-1,6,1,60,9,2143,2,5,MERCEDES SPRINTER,3,E01018147,0,2