collision_index,collision_year,collision_ref_no,vehicle_reference,vehicle_type,towing_and_articulation,vehicle_manoeuvre_historic,vehicle_manoeuvre,vehicle_direction_from,vehicle_direction_to,vehicle_location_restricted_lane_historic,vehicle_location_restricted_lane,junction_location,skidding_and_overturning,hit_object_in_carriageway,vehicle_leaving_carriageway,hit_object_off_carriageway,first_point_of_impact,vehicle_left_hand_drive,journey_purpose_of_driver_historic,journey_purpose_of_driver,sex_of_driver,age_of_driver,age_band_of_driver,engine_capacity_cc,propulsion_code,age_of_vehicle,generic_make_model,driver_imd_decile,lsoa_of_driver,escooter_flag,driver_distance_banding
2024201440161,2024,201440161,1,19,0,-1,19,1,8,-1,0,0,0,0,0,0,1,1,-1,6,1,56,9,1995,2,10,VAUXHALL VIVARO,1,E01009153,0,1
2024052401056,2024,052401056,1,19,0,1,1,3,7,0,0,0,0,0,0,0,1,1,6,6,1,-1,-1,1995,2,11,VAUXHALL VIVARO,-1,-1,0,-1
2024991420635,2024,991420635,2,19,0,-1,19,8,4,-1,0,0,0,0,0,0,1,1,-1,1,1,63,9,-1,3,1,VAUXHALL VIVARO,5,-1,0,4
2024201477782,2024,201477782,2,19,0,-1,9,5,3,-1,0,6,0,0,0,0,3,1,-1,6,1,47,8,1499,2,3,VAUXHALL VIVARO,2,E01009516,0,2
2024991468913,2024,991468913,1,19,0,-1,20,7,3,-1,0,0,0,0,0,0,3,1,-1,9,2,48,8,1499,2,2,VAUXHALL VIVARO,5,E01021133,0,5
2024471406953,2024,471406953,1,19,0,-1,11,6,2,-1,0,0,0,0,0,0,1,1,-1,1,1,29,6,1499,2,3,VAUXHALL VIVARO,4,E01016882,0,1
2024451531887,2024,451531887,1,19,0,-1,19,4,8,-1,0,0,0,0,0,0,1,1,-1,1,1,41,7,1499,2,1,VAUXHALL VIVARO,4,E01004571,0,3
2024010491405,2024,010491405,1,19,0,5,5,3,7,0,0,8,0,0,0,0,4,1,1,1,2,47,8,1598,2,8,VAUXHALL VIVARO,-1,-1,0,-1
2024320698913,2024,320698913,2,19,0,-1,-1,4,1,0,0,0,0,0,0,0,1,1,-1,-1,1,39,7,1598,2,9,VAUXHALL VIVARO,1,E01012867,0,4
2024010519450,2024,010519450,2,19,0,99,99,9,9,99,99,5,9,99,9,99,9,9,6,6,3,-1,-1,1598,2,5,VAUXHALL VIVARO,-1,-1,0,-1
2024010550274,2024,010550274,1,19,5,15,15,7,3,0,0,2,0,0,0,0,1,1,2,2,1,44,7,1499,2,3,VAUXHALL VIVARO,3,E01003726,0,1
2024421506399,2024,421506399,2,19,0,-1,4,1,5,-1,0,0,0,0,0,0,2,1,-1,6,1,31,6,1995,2,12,VAUXHALL VIVARO,6,E01021647,0,1
2024522403449,2024,522403449,1,19,0,16,19,5,1,0,0,3,0,0,0,0,1,1,6,6,1,24,5,1870,2,21,VAUXHALL VIVARO,10,E01033336,0,1
2024440364475,2024,440364475,1,19,0,2,2,0,0,0,0,0,0,0,0,0,2,1,6,6,1,39,7,1870,2,21,VAUXHALL VIVARO,9,E01031879,0,4
2024332401000,2024,332401000,2,19,0,-1,19,6,2,-1,0,1,0,0,0,0,1,1,-1,6,1,48,8,1995,2,12,VAUXHALL VIVARO,3,E01025900,0,1
2024010553236,2024,010553236,2,19,0,99,99,9,9,99,99,9,9,99,9,99,2,9,6,6,3,-1,-1,1995,2,15,VAUXHALL VIVARO,2,E01003175,0,2
2024991498697,2024,991498697,2,19,0,-1,9,4,1,-1,0,8,0,0,0,0,2,1,-1,9,2,54,8,1499,2,2,VAUXHALL VIVARO,1,-1,0,4
2024061407066,2024,061407066,1,19,0,-1,7,7,1,-1,0,8,0,0,0,0,4,1,-1,6,3,-1,-1,1598,2,9,VAUXHALL VIVARO,-1,-1,0,-1
2024991439073,2024,991439073,2,19,0,-1,4,7,3,-1,0,1,0,0,0,0,1,1,-1,2,1,48,8,1997,2,5,VAUXHALL VIVARO,8,-1,0,1
2024320548968,2024,320548968,1,19,0,9,9,4,2,0,0,5,0,0,1,10,1,1,6,6,1,35,6,1870,2,21,VAUXHALL VIVARO,3,E01016804,0,5
2024311485410,2024,311485410,1,19,0,-1,5,1,5,-1,0,0,0,0,0,0,0,1,-1,1,1,40,7,1995,2,12,VAUXHALL VIVARO,1,E01007495,0,4
2024161528053,2024,161528053,1,19,0,-1,19,6,2,-1,0,0,0,4,0,0,1,1,-1,6,1,57,9,1598,2,6,VAUXHALL VIVARO,8,E01013273,0,3
2024421524549,2024,421524549,1,19,0,-1,19,-1,-1,-1,0,0,9,0,0,0,1,1,-1,6,1,-1,-1,1499,2,5,VAUXHALL VIVARO,-1,-1,0,-1
2024201499804,2024,201499804,4,19,0,-1,4,4,8,-1,0,0,0,0,0,0,4,9,-1,1,1,27,6,1997,2,4,VAUXHALL VIVARO,-1,-1,0,-1
2024010533847,2024,010533847,2,19,0,2,2,0,0,0,0,0,0,0,0,0,4,1,6,6,3,-1,-1,-1,3,2,VAUXHALL VIVARO,-1,-1,0,-1
2024161496327,2024,161496327,1,19,0,-1,19,3,7,-1,0,0,0,0,1,0,0,1,-1,6,1,43,7,1870,2,18,VAUXHALL VIVARO,1,E01013083,0,2
2024430316453,2024,430316453,1,19,0,18,19,4,8,0,0,1,0,0,0,0,1,1,1,1,1,-1,-1,1598,2,7,VAUXHALL VIVARO,-1,-1,0,-1
2024351445155,2024,351445155,2,19,0,-1,3,7,3,-1,0,2,0,0,0,0,2,1,-1,1,1,69,10,1870,2,18,VAUXHALL VIVARO,7,E01018223,0,2
2024010536645,2024,010536645,1,19,0,9,9,5,3,0,0,6,0,0,0,0,1,1,6,6,1,52,8,1598,2,6,VAUXHALL VIVARO,8,E01021209,0,4
2024010518177,2024,010518177,2,19,0,13,13,9,9,99,99,0,9,99,9,99,9,9,6,6,3,-1,-1,1598,2,7,VAUXHALL VIVARO,-1,-1,0,-1
2024010520631,2024,010520631,1,19,0,18,19,4,8,0,0,1,0,0,0,0,1,1,1,1,1,43,7,1997,2,2,VAUXHALL VIVARO,8,E01016748,0,4
2024101468705,2024,101468705,2,20,0,-1,2,1,7,-1,0,1,0,0,0,0,1,1,-1,1,1,35,6,-1,-1,-1,VAUXHALL VIVARO,3,E01027550,0,4
2024471447541,2024,471447541,1,19,0,-1,9,3,1,-1,0,6,0,0,0,0,1,1,-1,9,1,26,6,1995,2,13,VAUXHALL VIVARO,4,E01031443,0,1
2024631406983,2024,631406983,2,19,0,-1,4,8,4,-1,0,1,0,0,0,0,2,1,-1,2,1,35,6,1995,2,12,VAUXHALL VIVARO,8,E01028930,0,4
2024302400289,2024,302400289,1,19,0,4,4,6,2,0,0,0,0,0,0,0,2,1,1,1,1,36,7,1598,2,9,VAUXHALL VIVARO,8,E01013575,0,2
2024461398760,2024,461398760,1,19,0,-1,12,3,1,-1,0,8,0,0,0,0,0,9,-1,6,1,-1,-1,1997,2,1,VAUXHALL VIVARO,7,E01024712,0,1
2024332400452,2024,332400452,1,19,0,-1,19,8,4,-1,0,8,0,0,0,0,1,1,-1,6,3,-1,-1,1995,2,12,VAUXHALL VIVARO,-1,-1,0,-1
2024320087246,2024,320087246,1,19,0,2,2,0,0,0,0,0,0,0,0,0,3,1,1,1,1,41,7,1499,2,1,VAUXHALL VIVARO,1,E01013296,0,4
2024010527981,2024,010527981,2,19,0,99,99,9,9,99,99,0,9,99,9,99,2,9,6,6,3,58,9,1997,2,1,VAUXHALL VIVARO,3,E01004044,0,1
2024010549872,2024,010549872,2,19,0,18,19,7,3,0,0,1,0,0,0,0,4,1,2,2,1,41,7,1598,2,6,VAUXHALL VIVARO,2,E01003049,0,2
2024622400101,2024,622400101,2,19,0,18,19,4,8,0,0,0,0,0,0,0,2,1,6,6,1,29,6,1997,2,3,VAUXHALL VIVARO,10,W01000785,0,3
2024010542267,2024,010542267,2,19,0,99,99,9,9,99,99,9,9,99,9,99,2,9,6,6,3,-1,-1,1499,2,3,VAUXHALL VIVARO,2,E01004615,0,2
2024471489792,2024,471489792,1,19,0,-1,9,1,7,-1,0,0,0,0,0,0,2,1,-1,9,1,49,8,1598,2,9,VAUXHALL VIVARO,7,E01021201,0,1
2024041411466,2024,041411466,3,19,0,-1,19,1,5,-1,0,0,0,0,0,0,2,1,-1,6,1,-1,-1,1499,2,2,VAUXHALL VIVARO,-1,-1,0,-1
2024010516301,2024,010516301,1,19,0,7,7,5,7,0,0,5,0,0,0,0,1,1,6,6,1,58,9,1499,2,2,VAUXHALL VIVARO,1,E01002732,0,2
2024351516299,2024,351516299,2,19,-1,-1,-1,-1,-1,-1,-1,0,-1,-1,-1,0,-1,9,-1,6,1,54,8,1995,2,13,VAUXHALL VIVARO,6,E01035103,0,4
2024631399173,2024,631399173,1,19,0,-1,5,4,1,-1,0,6,0,0,1,10,3,1,-1,1,2,39,7,1499,2,4,VAUXHALL VIVARO,1,W01001955,0,4
2024430076857,2024,430076857,2,19,0,1,1,5,1,0,0,0,0,0,0,0,2,1,6,6,1,-1,-1,1995,2,13,VAUXHALL VIVARO,-1,-1,0,-1
2024302401197,2024,302401197,1,19,0,4,4,8,2,0,0,0,1,0,0,0,1,1,2,2,1,50,8,1995,2,11,VAUXHALL VIVARO,1,E01019761,0,2
2024302401672,2024,302401672,1,19,0,-1,19,5,8,-1,0,8,0,0,0,0,0,1,-1,6,3,-1,-1,1870,2,17,VAUXHALL VIVARO,5,E01019456,0,3
202454D425424,2024,54D425424,1,19,0,4,4,2,6,0,0,0,0,0,0,0,1,1,6,6,1,59,9,1995,2,11,VAUXHALL VIVARO,8,E01015584,0,1
2024631497259,2024,631497259,1,19,0,-1,19,2,6,-1,0,0,0,10,2,2,1,1,-1,9,1,40,7,1997,2,0,VAUXHALL VIVARO,7,W01000651,0,3
2024351481708,2024,351481708,1,19,-1,-1,-1,-1,-1,-1,-1,-1,-1,-1,-1,0,-1,9,-1,6,3,-1,-1,1870,2,18,VAUXHALL VIVARO,-1,-1,0,-1
2024401496117,2024,401496117,2,19,-1,-1,-1,-1,-1,-1,-1,-1,-1,-1,-1,0,3,9,-1,9,1,34,6,1997,2,0,VAUXHALL VIVARO,4,E01015785,0,1
2024231437518,2024,231437518,2,19,0,-1,19,8,4,-1,0,8,0,0,0,0,3,1,-1,2,1,53,8,1598,2,5,VAUXHALL VIVARO,9,E01031150,0,1
2024371412754,2024,371412754,2,19,0,-1,19,4,8,-1,0,8,0,0,0,0,1,1,-1,1,1,25,5,1499,2,5,VAUXHALL VIVARO,2,E01033125,0,4
2024010550642,2024,010550642,1,9,0,-1,-1,3,7,0,0,2,0,0,0,0,4,1,6,6,1,47,8,1598,2,8,VAUXHALL VIVARO,3,E01000403,0,1
2024221510436,2024,221510436,2,19,0,-1,19,1,5,-1,0,8,0,0,0,0,1,1,-1,6,1,38,7,1499,2,2,VAUXHALL VIVARO,10,E01028845,0,2
2024010547748,2024,010547748,1,19,0,18,19,7,3,0,0,4,0,0,0,0,4,1,2,2,1,62,9,1997,2,2,VAUXHALL VIVARO,3,E01000099,0,1
2024211428372,2024,211428372,3,19,0,-1,19,8,4,-1,0,0,0,0,0,0,2,9,-1,6,1,37,7,1499,2,5,VAUXHALL VIVARO,9,E01023511,0,5
2024361492771,2024,361492771,2,19,0,-1,19,5,1,-1,0,0,0,4,0,0,2,1,-1,1,2,37,7,1995,2,17,VAUXHALL VIVARO,9,E01010171,0,5
2024211415389,2024,211415389,2,19,0,-1,19,7,3,-1,0,0,0,0,0,0,1,9,-1,1,1,20,4,1598,2,8,VAUXHALL VIVARO,2,E01014342,0,2
2024440279455,2024,440279455,1,19,0,18,19,1,5,0,0,6,0,0,0,0,1,1,1,1,1,43,7,1995,2,11,VAUXHALL VIVARO,9,E01022595,0,2
2024421409862,2024,421409862,1,10,0,-1,19,-1,-1,-1,0,0,0,0,0,0,4,1,-1,6,1,-1,-1,-1,-1,-1,VAUXHALL VIVARO,-1,-1,0,-1
2024351410549,2024,351410549,1,19,0,-1,19,5,1,-1,0,0,1,0,1,0,1,1,-1,6,1,45,7,1499,2,5,VAUXHALL VIVARO,-1,-1,0,-1
2024451472269,2024,451472269,2,19,0,-1,9,7,8,-1,0,2,0,0,0,0,4,1,-1,6,3,30,6,1598,2,7,VAUXHALL VIVARO,-1,-1,0,-1
2024320422298,2024,320422298,1,19,0,-1,-1,3,7,0,0,0,0,0,7,9,3,1,6,6,1,49,8,1499,2,1,VAUXHALL VIVARO,-1,-1,0,-1
2024010535083,2024,010535083,1,19,0,99,99,9,9,99,99,0,9,99,9,99,9,9,1,1,1,39,7,1499,2,1,VAUXHALL VIVARO,8,E01021180,0,4
2024361493803,2024,361493803,2,19,0,-1,19,4,8,-1,0,1,0,0,0,0,4,1,-1,1,1,35,6,-1,3,1,VAUXHALL VIVARO,7,E01029875,0,4
2024501501359,2024,501501359,1,19,0,-1,5,4,1,-1,0,6,0,0,0,0,1,1,-1,2,1,49,8,1598,2,9,VAUXHALL VIVARO,5,E01020055,0,1
2024101443783,2024,101443783,1,19,0,-1,19,5,1,-1,0,1,0,0,0,0,1,1,-1,1,1,43,7,1499,2,3,VAUXHALL VIVARO,-1,-1,0,-1
2024131510797,2024,131510797,1,19,0,-1,9,5,1,-1,0,1,0,0,0,0,1,1,-1,1,1,42,7,-1,3,1,VAUXHALL VIVARO,9,E01011221,0,2
2024141441307,2024,141441307,2,19,0,-1,19,1,5,-1,0,0,0,0,0,0,1,9,-1,6,1,61,9,1995,2,16,VAUXHALL VIVARO,2,E01007405,0,1
2024061530805,2024,061530805,1,19,0,-1,19,1,5,-1,0,2,0,0,0,0,4,9,-1,6,3,-1,-1,1598,2,7,VAUXHALL VIVARO,-1,-1,0,-1
2024010536775,2024,010536775,2,19,0,99,99,9,9,99,99,0,9,99,9,99,1,9,6,6,3,26,6,1995,2,14,VAUXHALL VIVARO,9,E01000230,0,1
2024161496327,2024,161496327,3,19,0,-1,19,7,3,-1,0,0,0,0,0,0,0,1,-1,6,1,22,5,1598,2,9,VAUXHALL VIVARO,7,E01013101,0,3
2024010522057,2024,010522057,1,19,0,9,9,5,2,0,0,5,0,0,0,0,3,1,1,1,1,38,7,1598,2,6,VAUXHALL VIVARO,3,E01002396,0,2
2024461403373,2024,461403373,2,19,0,-1,19,1,5,-1,0,1,0,0,0,0,1,1,-1,9,1,30,6,1598,2,5,VAUXHALL VIVARO,3,E01024715,0,4
2024520402638,2024,520402638,1,9,0,3,3,5,1,0,0,1,0,0,0,0,2,1,6,6,2,44,7,1598,2,7,VAUXHALL VIVARO,5,E01029257,0,3
2024010518688,2024,010518688,2,19,0,99,99,9,9,99,99,1,9,99,9,99,9,9,6,6,3,-1,-1,1598,2,6,VAUXHALL VIVARO,-1,-1,0,-1
2024161526766,2024,161526766,1,19,0,-1,19,5,1,-1,0,0,0,0,0,0,1,1,-1,6,1,28,6,1499,2,1,VAUXHALL VIVARO,7,E01012792,0,1
2024311456990,2024,311456990,2,19,0,-1,19,6,2,-1,0,0,0,0,0,0,1,1,-1,1,1,30,6,-1,3,2,VAUXHALL VIVARO,8,E01032053,0,5
2024311495292,2024,311495292,1,19,0,-1,2,0,0,-1,9,0,0,0,0,0,1,1,-1,6,-1,-1,-1,1870,2,21,VAUXHALL VIVARO,-1,-1,0,-1
2024231429051,2024,231429051,2,19,0,-1,11,8,4,-1,0,0,0,0,0,0,4,1,-1,1,1,50,8,1995,2,17,VAUXHALL VIVARO,3,E01009538,0,1
2024131467540,2024,131467540,1,19,0,-1,19,5,1,-1,0,0,0,0,0,0,1,1,-1,1,1,50,8,1499,2,0,VAUXHALL VIVARO,1,E01034500,0,5
2024201526491,2024,201526491,1,19,0,-1,5,2,2,-1,0,1,0,0,0,0,1,1,-1,1,1,34,6,1499,2,1,VAUXHALL VIVARO,1,E01010414,0,3
2024340WN6432,2024,340WN6432,2,19,0,-1,2,0,0,-1,0,0,0,0,0,0,2,1,-1,1,1,35,6,1995,2,17,VAUXHALL VIVARO,5,E01027215,0,1
2024221429144,2024,221429144,1,10,0,-1,4,1,5,-1,0,8,0,0,0,0,2,1,-1,1,2,43,7,1995,2,15,VAUXHALL VIVARO,6,E01032417,0,2
2024122500001,2024,122500001,1,19,0,18,19,8,4,0,0,1,0,0,0,0,4,1,2,2,3,68,10,1598,2,10,VAUXHALL VIVARO,9,E01027619,0,2
2024531502792,2024,531502792,2,19,0,-1,19,7,3,-1,0,0,1,0,0,0,1,1,-1,7,1,33,6,1995,2,16,VAUXHALL VIVARO,4,E01022450,0,1
2024991502834,2024,991502834,1,19,0,-1,19,7,4,-1,0,0,0,0,0,0,4,1,-1,1,1,29,6,1499,2,3,VAUXHALL VIVARO,-1,-1,0,-1
2024311487430,2024,311487430,2,19,0,-1,9,1,7,-1,0,1,0,0,0,0,1,1,-1,1,1,50,8,1598,2,6,VAUXHALL VIVARO,3,E01013944,0,1
2024531487012,2024,531487012,2,19,0,-1,2,0,0,-1,0,0,0,0,0,0,3,1,-1,6,-1,-1,-1,1995,2,13,VAUXHALL VIVARO,-1,-1,0,-1
2024471469512,2024,471469512,3,19,0,-1,19,7,3,-1,0,0,0,0,0,0,2,1,-1,2,1,48,8,1598,2,9,VAUXHALL VIVARO,8,E01031416,0,2
2024471428427,2024,471428427,1,19,0,-1,19,6,2,-1,0,0,0,7,0,0,1,1,-1,6,1,39,7,1499,2,4,VAUXHALL VIVARO,3,E01016975,0,2
2024332400272,2024,332400272,2,8,0,-1,2,0,0,-1,0,0,0,0,0,0,3,1,-1,6,3,-1,-1,1598,2,8,VAUXHALL VIVARO,-1,-1,0,-1
2024501492679,2024,501492679,2,19,0,-1,19,6,2,-1,0,0,0,0,0,0,2,1,-1,1,1,43,7,-1,3,3,VAUXHALL VIVARO,7,E01015165,0,4
2024991407908,2024,991407908,2,19,0,-1,3,6,2,-1,0,1,0,0,0,0,2,1,-1,1,1,30,6,1499,2,3,VAUXHALL VIVARO,5,-1,0,3
2024131485514,2024,131485514,1,19,0,-1,19,3,7,-1,0,8,0,7,0,0,1,1,-1,2,1,60,9,1997,2,3,VAUXHALL VIVARO,7,E01015969,0,5
2024371498505,2024,371498505,1,19,0,-1,-1,-1,-1,-1,-1,0,-1,-1,-1,0,-1,1,-1,6,1,24,5,1598,2,8,VAUXHALL VIVARO,5,E01030053,0,4
2024545286824,2024,545286824,1,19,0,9,9,1,7,0,0,6,0,0,0,0,1,1,1,1,1,33,6,1499,2,1,VAUXHALL VIVARO,5,E01031916,0,3
202454D331624,2024,54D331624,2,19,0,18,19,3,7,0,0,1,0,4,0,0,3,1,1,1,1,42,7,1598,2,9,VAUXHALL VIVARO,8,E01032088,0,2
2024332400236,2024,332400236,1,19,0,-1,19,5,1,-1,0,8,0,0,0,0,1,1,-1,6,1,20,4,1870,2,19,VAUXHALL VIVARO,-1,-1,0,-1
2024052401827,2024,052401827,3,19,0,18,19,5,1,0,0,0,0,0,0,0,1,1,2,2,1,35,6,1598,2,9,VAUXHALL VIVARO,1,E01006659,0,2
2024311409014,2024,311409014,2,19,0,-1,19,3,6,-1,0,0,1,0,0,0,1,1,-1,1,1,29,6,1870,2,18,VAUXHALL VIVARO,3,E01028339,0,1
2024991410380,2024,991410380,1,19,0,-1,10,3,5,-1,0,0,0,0,0,0,2,1,-1,1,1,33,6,1598,2,6,VAUXHALL VIVARO,5,-1,0,1
2024131517470,2024,131517470,1,19,0,-1,19,4,8,-1,0,1,5,0,1,2,3,1,-1,9,1,42,7,1499,2,2,VAUXHALL VIVARO,1,E01010831,0,3
2024201456094,2024,201456094,1,19,0,-1,14,5,1,-1,0,0,0,0,0,0,4,9,-1,6,1,-1,-1,1598,2,9,VAUXHALL VIVARO,1,E01009993,0,3
2024440138642,2024,440138642,1,19,0,18,19,4,8,0,0,0,0,0,0,0,1,1,6,6,1,21,5,1870,2,19,VAUXHALL VIVARO,8,E01023232,0,1
2024501440288,2024,501440288,4,19,0,-1,2,0,0,-1,0,2,0,4,0,0,1,1,-1,6,-1,-1,-1,1870,2,19,VAUXHALL VIVARO,-1,-1,0,-1
2024631482031,2024,631482031,2,19,0,-1,2,0,0,-1,-1,8,1,0,8,11,2,1,-1,1,1,29,6,1598,2,7,VAUXHALL VIVARO,7,W01000506,0,3
2024010535283,2024,010535283,2,19,0,99,99,9,9,99,99,9,9,99,9,99,9,9,6,6,3,-1,-1,1499,2,0,VAUXHALL VIVARO,-1,-1,0,-1
2024430460226,2024,430460226,1,19,0,18,19,3,7,0,0,0,0,0,0,0,1,1,1,1,1,40,7,1499,2,2,VAUXHALL VIVARO,8,E01027281,0,2
2024461514969,2024,461514969,1,19,0,-1,5,1,3,-1,0,1,0,0,0,0,3,9,-1,6,3,-1,-1,1995,2,13,VAUXHALL VIVARO,-1,-1,0,-1
2024201530150,2024,201530150,2,19,0,-1,5,4,1,-1,0,8,0,0,0,0,1,1,-1,6,1,52,8,1995,2,15,VAUXHALL VIVARO,2,E01009006,0,1
2024471425754,2024,471425754,2,19,0,-1,19,5,1,-1,0,1,0,0,0,0,1,1,-1,6,1,-1,-1,1598,2,10,VAUXHALL VIVARO,5,E01031523,0,2
2024041403353,2024,041403353,1,9,0,-1,19,5,1,-1,0,8,0,0,0,0,3,1,-1,1,1,39,7,1995,2,11,VAUXHALL VIVARO,4,E01012703,0,1
2024991461785,2024,991461785,2,19,0,-1,19,1,4,-1,0,4,0,0,0,0,1,1,-1,1,2,32,6,1997,2,1,VAUXHALL VIVARO,-1,-1,0,-1
2024451514420,2024,451514420,2,19,9,-1,99,7,3,-1,0,1,0,99,0,0,1,1,-1,6,1,45,7,1598,2,8,VAUXHALL VIVARO,-1,-1,0,-1
2024991411318,2024,991411318,3,19,0,-1,2,0,0,-1,0,0,0,4,0,0,1,1,-1,6,-1,-1,-1,1598,2,6,VAUXHALL VIVARO,-1,-1,0,-1
2024471397165,2024,471397165,2,19,0,-1,19,6,2,-1,0,0,0,12,1,1,2,1,-1,1,1,44,7,1499,2,1,VAUXHALL VIVARO,4,E01020957,0,4
2024211477431,2024,211477431,2,19,0,-1,8,1,5,-1,0,0,0,0,0,0,3,1,-1,6,1,20,4,1499,2,2,VAUXHALL VIVARO,3,E01029434,0,3
2024991479213,2024,991479213,2,19,0,-1,9,5,3,-1,0,0,0,0,0,0,3,1,-1,1,1,20,4,1499,2,5,VAUXHALL VIVARO,1,-1,0,3
2024302400705,2024,302400705,1,19,0,18,19,5,1,0,0,1,0,0,0,0,1,1,6,6,1,44,7,1499,2,1,VAUXHALL VIVARO,4,E01013555,0,1
2024461408667,2024,461408667,1,19,0,-1,19,6,2,-1,0,0,0,0,0,0,1,9,-1,1,1,40,7,1499,2,2,VAUXHALL VIVARO,7,E01024732,0,1
2024451415976,2024,451415976,1,19,0,-1,19,1,3,-1,0,0,0,0,0,0,3,1,-1,1,2,42,7,1598,2,10,VAUXHALL VIVARO,10,E01031720,0,3
2024101457862,2024,101457862,2,19,0,-1,3,5,8,-1,0,1,0,0,0,0,1,1,-1,9,1,38,7,1499,2,2,VAUXHALL VIVARO,5,E01008535,0,1
2024320206446,2024,320206446,1,19,0,-1,-1,6,2,0,0,0,0,0,0,0,4,1,6,6,3,-1,-1,1995,2,10,VAUXHALL VIVARO,-1,-1,0,-1
2024231465186,2024,231465186,1,19,0,-1,1,1,5,-1,0,0,0,0,0,0,0,9,-1,6,1,49,8,1598,2,6,VAUXHALL VIVARO,1,E01008998,0,4
2024430480810,2024,430480810,3,19,0,18,19,8,4,0,0,1,0,0,0,0,1,1,6,6,2,32,6,1995,2,14,VAUXHALL VIVARO,9,E01022183,0,4
2024340WN0992,2024,340WN0992,1,19,0,-1,19,5,1,-1,0,4,0,0,0,0,3,1,-1,9,1,60,9,1598,2,6,VAUXHALL VIVARO,9,E01027254,0,1
2024631413796,2024,631413796,1,19,0,-1,19,5,1,-1,0,0,1,0,1,11,1,1,-1,1,1,23,5,1499,2,3,VAUXHALL VIVARO,5,W01000697,0,3
202460Q012397,2024,60Q012397,1,19,0,7,7,3,5,0,0,3,0,0,0,0,1,1,2,2,1,59,9,1870,2,20,VAUXHALL VIVARO,-1,-1,0,-1
2024340WN4342,2024,340WN4342,2,19,0,-1,9,5,3,-1,0,5,0,0,1,0,3,1,-1,1,1,50,8,1499,2,3,VAUXHALL VIVARO,6,E01017547,0,4
2024010544820,2024,010544820,2,19,0,99,99,9,9,0,0,1,0,0,0,0,1,1,6,6,1,23,5,1997,2,0,VAUXHALL VIVARO,3,E01000222,0,3
2024010488547,2024,010488547,1,19,0,4,4,1,5,0,0,1,0,0,0,0,2,1,1,1,1,39,7,1499,2,1,VAUXHALL VIVARO,1,E01009410,0,5
2024520402087,2024,520402087,2,19,0,2,2,0,0,0,0,0,0,0,0,0,2,1,6,6,3,-1,-1,1995,2,13,VAUXHALL VIVARO,-1,-1,0,-1
2024501425332,2024,501425332,2,19,0,-1,3,6,2,-1,0,0,0,0,0,0,2,9,-1,6,1,65,9,1995,2,11,VAUXHALL VIVARO,8,E01034863,0,1
2024622400277,2024,622400277,2,19,0,18,19,1,5,0,0,1,0,0,0,0,1,1,6,6,3,-1,-1,1870,2,19,VAUXHALL VIVARO,-1,-1,0,-1
2024401466767,2024,401466767,2,19,0,-1,4,5,1,-1,0,0,0,0,0,0,2,1,-1,6,1,62,9,1997,2,4,VAUXHALL VIVARO,7,E01018185,0,3
2024041469880,2024,041469880,1,19,0,-1,4,5,1,-1,0,0,0,0,0,0,1,1,-1,1,1,44,7,1499,2,2,VAUXHALL VIVARO,2,E01006309,0,3
2024010517596,2024,010517596,1,19,0,7,7,5,8,0,0,2,0,0,0,0,1,1,1,1,1,21,5,-1,3,2,VAUXHALL VIVARO,2,E01004272,0,2
2024311399673,2024,311399673,1,19,0,-1,19,1,5,-1,0,0,0,0,0,0,1,1,-1,2,1,36,7,1598,2,6,VAUXHALL VIVARO,7,E01019642,0,3
2024631451150,2024,631451150,1,19,0,-1,19,1,5,-1,0,0,0,0,7,4,1,1,-1,6,1,44,7,1997,2,4,VAUXHALL VIVARO,5,W01000650,0,4
2024131499843,2024,131499843,3,19,0,-1,12,1,1,-1,0,0,0,0,0,0,1,1,-1,6,1,53,8,1997,2,4,VAUXHALL VIVARO,1,E01011361,0,1
2024320489283,2024,320489283,2,19,0,-1,-1,8,4,0,0,0,0,0,0,0,3,1,-1,-1,1,39,7,1598,2,9,VAUXHALL VIVARO,3,E01028064,0,4
2024622400687,2024,622400687,2,19,0,18,19,7,4,0,0,0,0,0,0,0,1,1,2,2,1,25,5,1598,2,7,VAUXHALL VIVARO,6,E01017437,0,5
2024531536676,2024,531536676,1,19,0,-1,19,1,5,-1,0,0,0,0,0,0,1,1,-1,6,1,37,7,1598,2,6,VAUXHALL VIVARO,1,E01022291,0,1
2024522500114,2024,522500114,5,19,0,3,3,7,3,0,0,0,0,0,0,0,3,1,6,6,1,22,5,1499,2,4,VAUXHALL VIVARO,8,E01014854,0,3
2024991414555,2024,991414555,1,19,0,-1,19,8,4,-1,0,0,1,0,0,0,1,1,-1,1,1,38,7,1598,2,7,VAUXHALL VIVARO,7,-1,0,1
2024211419336,2024,211419336,2,19,0,-1,19,5,1,-1,0,0,0,0,0,0,2,1,-1,9,1,41,7,1598,2,9,VAUXHALL VIVARO,-1,-1,0,-1
2024401471212,2024,401471212,2,19,0,-1,19,4,8,-1,0,0,0,0,0,0,3,1,-1,1,1,35,6,1499,2,2,VAUXHALL VIVARO,9,E01033809,0,4
2024471541323,2024,471541323,2,19,0,-1,19,5,1,-1,0,1,0,0,0,0,1,1,-1,1,1,56,9,1995,2,11,VAUXHALL VIVARO,4,E01031546,0,2
2024311525790,2024,311525790,4,19,0,-1,2,0,0,-1,9,0,0,4,0,0,1,1,-1,6,-1,-1,-1,1995,2,13,VAUXHALL VIVARO,-1,-1,0,-1