collision_index,collision_year,collision_ref_no,vehicle_reference,vehicle_type,towing_and_articulation,vehicle_manoeuvre_historic,vehicle_manoeuvre,vehicle_direction_from,vehicle_direction_to,vehicle_location_restricted_lane_historic,vehicle_location_restricted_lane,junction_location,skidding_and_overturning,hit_object_in_carriageway,vehicle_leaving_carriageway,hit_object_off_carriageway,first_point_of_impact,vehicle_left_hand_drive,journey_purpose_of_driver_historic,journey_purpose_of_driver,sex_of_driver,age_of_driver,age_band_of_driver,engine_capacity_cc,propulsion_code,age_of_vehicle,generic_make_model,driver_imd_decile,lsoa_of_driver,escooter_flag,driver_distance_banding
2024010505492,2024,010505492,1,9,0,4,4,7,3,0,0,1,0,0,0,0,3,1,2,2,2,43,7,1396,1,22,HONDA CIVIC,7,E01002222,0,2
2024440327888,2024,440327888,1,9,0,3,3,6,2,0,0,1,0,0,0,0,2,1,6,6,1,35,6,2204,2,16,HONDA CIVIC,4,E01023077,0,2
2024070653781,2024,070653781,2,9,0,5,5,8,4,0,0,8,0,0,0,0,4,1,6,6,1,81,11,1668,1,22,HONDA CIVIC,3,E01012714,0,4
2024471471505,2024,471471505,1,9,0,-1,9,5,7,-1,0,1,0,0,7,0,1,1,-1,6,1,45,7,2204,2,17,HONDA CIVIC,3,E01031559,0,3
2024010500062,2024,010500062,2,9,0,99,99,9,9,99,99,9,9,99,9,99,1,9,6,6,3,40,7,1799,1,16,HONDA CIVIC,3,E01024291,0,4
2024361437990,2024,361437990,3,9,0,-1,7,1,3,-1,0,2,0,0,0,0,3,1,-1,9,2,46,8,1799,1,18,HONDA CIVIC,6,E01026449,0,4
2024991512747,2024,991512747,2,9,0,-1,19,7,3,-1,0,2,0,0,0,0,4,1,-1,9,2,68,10,1798,1,12,HONDA CIVIC,8,-1,0,3
2024522402777,2024,522402777,1,9,0,12,12,3,7,0,0,8,0,0,1,7,3,1,6,6,1,50,8,1799,1,17,HONDA CIVIC,1,E01032518,0,3
2024221466013,2024,221466013,1,9,0,-1,9,5,3,-1,0,6,0,0,0,0,3,1,-1,6,1,52,8,1590,1,20,HONDA CIVIC,1,E01032225,0,1
2024340NN2922,2024,340NN2922,1,9,0,-1,19,1,5,-1,0,0,0,0,0,0,1,1,-1,9,1,21,5,1799,1,15,HONDA CIVIC,9,E01027020,0,1
2024141557274,2024,141557274,2,9,0,-1,5,4,8,-1,0,0,0,0,0,0,2,1,-1,6,1,-1,-1,2204,2,17,HONDA CIVIC,1,E01007737,0,1
2024501422373,2024,501422373,2,9,0,-1,19,1,5,-1,0,1,0,0,0,0,1,1,-1,9,1,43,7,2204,2,17,HONDA CIVIC,3,E01015167,0,1
2024141514803,2024,141514803,1,9,0,-1,3,7,3,-1,0,0,0,0,0,0,2,1,-1,9,1,39,7,1799,1,18,HONDA CIVIC,2,E01028259,0,4
2024991525192,2024,991525192,2,9,0,-1,19,1,5,-1,0,0,0,0,0,0,1,1,-1,2,2,65,9,1597,2,8,HONDA CIVIC,7,-1,0,1
2024010538982,2024,010538982,2,9,0,18,19,7,3,0,0,0,0,0,0,0,1,1,6,6,1,33,6,1368,7,17,HONDA CIVIC,-1,-1,0,-1
2024010531881,2024,010531881,1,9,0,18,19,5,1,0,0,1,0,0,1,11,1,1,1,1,1,55,8,1799,1,16,HONDA CIVIC,-1,-1,0,-1
2024201489255,2024,201489255,1,9,0,-1,19,8,4,-1,0,0,0,0,0,0,1,1,-1,6,1,35,6,1498,1,6,HONDA CIVIC,1,E01008916,0,4
2024211437529,2024,211437529,1,9,0,-1,7,1,3,-1,9,8,0,0,0,0,4,1,-1,9,1,71,10,1498,1,7,HONDA CIVIC,1,E01010374,0,2
2024221462644,2024,221462644,1,9,0,-1,19,3,7,-1,0,3,0,0,0,0,1,1,-1,6,1,24,5,2204,2,15,HONDA CIVIC,3,E01034329,0,1
2024991414032,2024,991414032,1,9,0,-1,19,3,7,-1,0,0,1,10,1,11,1,1,-1,2,1,45,7,1996,1,5,HONDA CIVIC,7,-1,0,3
2024332401171,2024,332401171,1,9,0,-1,5,7,3,-1,0,0,0,0,1,0,4,1,-1,2,1,54,8,2204,2,17,HONDA CIVIC,-1,-1,0,-1
2024522402585,2024,522402585,1,9,0,18,19,4,8,0,0,0,0,0,0,0,4,1,6,6,1,33,6,1590,1,19,HONDA CIVIC,1,E01014726,0,2
2024991534668,2024,991534668,2,9,0,-1,9,8,6,-1,0,8,0,0,0,0,3,1,-1,9,1,32,6,1339,8,14,HONDA CIVIC,5,-1,0,2
2024010544724,2024,010544724,2,9,0,99,99,9,9,99,99,9,9,99,9,99,1,9,6,6,3,-1,-1,1339,1,18,HONDA CIVIC,2,E01001263,0,1
2024010533972,2024,010533972,1,9,0,12,12,3,7,0,0,0,0,0,0,0,4,1,6,6,1,23,5,988,1,5,HONDA CIVIC,9,E01023148,0,4
2024522500174,2024,522500174,2,9,0,18,19,2,6,0,0,4,0,0,0,0,1,1,6,6,1,26,6,1998,1,16,HONDA CIVIC,4,E01014488,0,1
2024131432929,2024,131432929,2,9,0,-1,19,3,7,-1,0,0,0,0,0,0,2,1,-1,2,2,44,7,1798,1,9,HONDA CIVIC,10,E01011576,0,2
2024461521869,2024,461521869,2,9,0,-1,19,7,3,-1,0,0,0,0,0,0,1,1,-1,1,2,23,5,988,1,6,HONDA CIVIC,3,E01024668,0,3
2024052402533,2024,052402533,2,9,0,18,19,3,7,0,0,0,0,0,0,0,2,1,6,6,1,41,7,1799,1,16,HONDA CIVIC,1,E01006432,0,1
2024161524979,2024,161524979,1,9,0,-1,19,5,1,-1,0,8,0,0,0,0,1,1,-1,2,1,24,5,988,1,3,HONDA CIVIC,5,E01013106,0,1
2024622400527,2024,622400527,1,9,0,18,19,1,5,0,0,4,0,0,0,0,1,1,2,2,1,27,6,1498,1,7,HONDA CIVIC,9,W01001944,0,2
2024430567263,2024,430567263,2,9,0,18,19,6,2,0,0,0,0,0,0,0,2,1,6,6,1,22,5,1799,1,16,HONDA CIVIC,-1,-1,0,-1
2024332400218,2024,332400218,1,9,0,-1,19,2,7,-1,0,0,0,0,0,0,1,1,-1,6,2,40,7,1799,1,18,HONDA CIVIC,7,E01034034,0,5
2024531468383,2024,531468383,1,9,0,-1,19,7,3,-1,0,1,0,0,0,0,1,1,-1,6,3,-1,-1,1396,1,19,HONDA CIVIC,-1,-1,0,-1
2024320332137,2024,320332137,1,9,0,10,10,2,8,0,0,6,0,0,0,0,3,1,-1,-1,2,39,7,2204,2,17,HONDA CIVIC,6,E01026220,0,1
2024461517798,2024,461517798,2,9,0,-1,9,7,5,-1,0,1,0,0,0,0,3,9,-1,9,1,48,8,2199,2,12,HONDA CIVIC,3,E01016022,0,1
2024351517742,2024,351517742,1,9,0,-1,19,1,5,-1,0,1,5,0,1,9,1,1,-1,9,1,63,9,1798,1,9,HONDA CIVIC,2,E01026478,0,4
2024421442379,2024,421442379,1,9,0,-1,6,2,2,-1,0,6,0,0,0,0,1,1,-1,6,1,36,7,1590,1,22,HONDA CIVIC,3,E01021888,0,1
2024401402611,2024,401402611,1,9,0,-1,19,5,1,-1,0,0,0,0,7,0,1,9,-1,6,1,47,8,2204,2,18,HONDA CIVIC,2,E01017523,0,2
2024351468634,2024,351468634,4,9,0,-1,2,5,1,-1,0,0,0,0,0,0,1,1,-1,6,-1,-1,-1,2204,2,16,HONDA CIVIC,-1,-1,0,-1
2024531513538,2024,531513538,1,9,0,-1,9,1,5,-1,0,8,0,0,0,0,3,1,-1,9,1,76,11,1993,8,1,HONDA CIVIC,7,E01022391,0,3
2024522401470,2024,522401470,1,9,0,11,11,5,6,0,0,3,0,0,0,0,2,1,6,6,2,30,6,1998,1,13,HONDA CIVIC,8,E01014826,0,1
2024131423986,2024,131423986,2,9,0,-1,7,1,2,-1,0,1,0,0,0,0,1,1,-1,6,2,50,8,1597,2,9,HONDA CIVIC,10,E01011845,0,1
2024451491670,2024,451491670,1,9,0,-1,3,8,4,-1,0,1,0,0,0,0,2,1,-1,2,2,30,6,988,1,6,HONDA CIVIC,6,E01021164,0,4
2024340NN2492,2024,340NN2492,1,9,0,-1,19,3,7,-1,0,0,0,0,0,0,1,1,-1,9,1,66,10,2204,2,18,HONDA CIVIC,3,E01035411,0,1
2024340NN4712,2024,340NN4712,1,9,0,-1,7,1,5,-1,0,1,1,0,0,0,1,1,-1,6,1,-1,-1,2204,2,17,HONDA CIVIC,-1,-1,0,-1
2024061503619,2024,061503619,2,9,0,-1,3,-1,-1,-1,99,1,0,0,0,0,1,1,-1,6,1,-1,-1,1590,1,23,HONDA CIVIC,-1,-1,0,-1
2024461424200,2024,461424200,2,9,0,-1,19,1,5,-1,0,0,0,0,0,0,1,1,-1,9,1,29,6,1339,1,16,HONDA CIVIC,3,E01016164,0,4
2024552400596,2024,552400596,1,9,0,9,9,2,8,0,0,8,0,0,0,0,4,1,6,6,1,30,6,1799,1,18,HONDA CIVIC,7,E01020361,0,1
2024991468494,2024,991468494,2,9,0,-1,19,7,3,-1,0,0,0,0,0,0,3,1,-1,6,2,26,6,988,1,7,HONDA CIVIC,6,-1,0,1
2024340NN1182,2024,340NN1182,1,9,0,-1,5,6,2,-1,0,4,0,0,0,0,3,1,-1,2,1,26,6,1996,1,5,HONDA CIVIC,8,E01027066,0,1
2024471413010,2024,471413010,1,9,0,-1,19,5,1,-1,0,1,0,0,0,0,1,1,-1,2,1,39,7,1597,2,11,HONDA CIVIC,3,E01024795,0,4
2024311450491,2024,311450491,2,9,0,-1,19,7,3,-1,0,0,0,0,7,0,1,1,-1,9,1,31,6,1799,1,14,HONDA CIVIC,9,E01028367,0,1
2024522401863,2024,522401863,2,9,0,9,9,5,3,0,0,6,0,0,0,0,1,1,6,6,2,23,5,1998,1,17,HONDA CIVIC,5,E01033339,0,1
2024010534448,2024,010534448,2,8,0,99,99,9,9,99,99,9,9,99,9,99,1,9,6,6,3,-1,-1,1799,1,16,HONDA CIVIC,-1,-1,0,-1
2024622400249,2024,622400249,2,9,0,10,10,8,3,0,0,4,0,0,0,0,2,1,2,2,2,42,7,1798,1,11,HONDA CIVIC,10,W01000785,0,1
2024201436462,2024,201436462,1,9,0,-1,19,1,5,-1,0,0,0,0,0,0,1,1,-1,6,1,55,8,1339,1,14,HONDA CIVIC,1,E01009335,0,1
2024041403283,2024,041403283,2,9,0,-1,19,5,1,-1,0,0,1,0,0,0,2,1,-1,9,1,63,9,988,1,7,HONDA CIVIC,9,E01025240,0,3
2024010546076,2024,010546076,2,9,0,99,99,9,9,99,99,9,9,99,9,99,9,9,6,6,3,-1,-1,1590,1,22,HONDA CIVIC,-1,-1,0,-1
2024061527549,2024,061527549,1,9,0,-1,19,6,2,-1,0,1,0,0,0,0,1,9,-1,6,1,-1,-1,1799,1,12,HONDA CIVIC,-1,-1,0,-1
2024010508661,2024,010508661,2,9,0,2,2,0,0,9,9,1,0,0,0,0,2,1,6,6,3,-1,-1,1339,8,15,HONDA CIVIC,-1,-1,0,-1
2024520500387,2024,520500387,1,9,0,18,19,4,8,0,0,0,0,0,0,0,1,1,6,6,1,43,7,2204,2,14,HONDA CIVIC,10,E01020242,0,4
2024340NN4192,2024,340NN4192,2,9,0,-1,6,5,5,-1,0,0,0,0,0,0,3,1,-1,2,1,48,8,2204,2,17,HONDA CIVIC,5,E01027061,0,1
2024520402083,2024,520402083,1,9,0,18,19,6,2,0,0,8,0,0,3,0,1,1,6,6,1,86,11,1590,1,19,HONDA CIVIC,7,E01029078,0,1
2024440517336,2024,440517336,3,9,0,18,19,1,5,0,0,0,0,0,0,0,2,1,6,6,1,34,6,1597,2,5,HONDA CIVIC,5,E01016390,0,4
2024131522952,2024,131522952,2,9,0,-1,5,1,5,-1,0,8,0,0,0,0,3,1,-1,6,1,76,11,1590,1,19,HONDA CIVIC,1,E01010813,0,1
2024461463413,2024,461463413,1,9,0,-1,4,3,7,-1,0,0,0,0,0,0,1,9,-1,6,3,-1,-1,1799,1,18,HONDA CIVIC,-1,-1,0,-1
2024430454835,2024,430454835,2,9,0,18,19,1,5,0,0,0,0,0,0,0,4,1,6,6,2,40,7,1396,1,22,HONDA CIVIC,6,E01032734,0,2
2024041461748,2024,041461748,1,9,0,-1,19,7,3,-1,0,1,1,0,1,0,1,1,-1,9,1,34,6,1998,1,17,HONDA CIVIC,4,E01024927,0,2
2024520500137,2024,520500137,1,9,0,18,19,5,1,0,0,0,0,0,0,0,1,1,6,6,1,31,6,1799,1,15,HONDA CIVIC,5,E01029123,0,1
2024501415372,2024,501415372,1,9,0,-1,9,7,3,-1,0,8,0,0,0,0,4,9,-1,9,1,64,9,1798,1,9,HONDA CIVIC,8,E01015251,0,1
2024371447570,2024,371447570,1,9,0,-1,19,6,2,-1,0,1,0,0,0,0,4,1,-1,6,2,53,8,1590,1,19,HONDA CIVIC,8,E01034566,0,4
2024031462023,2024,031462023,2,9,0,-1,19,2,6,-1,0,0,0,0,0,0,1,1,-1,6,1,73,10,988,1,5,HONDA CIVIC,-1,-1,0,-1
2024520001423,2024,520001423,2,9,0,18,19,6,2,0,0,8,0,0,0,0,4,1,6,6,2,42,7,1799,1,15,HONDA CIVIC,6,E01014439,0,1
2024010507090,2024,010507090,2,9,0,99,99,9,9,99,99,9,9,99,9,99,1,9,6,6,1,35,6,1339,1,11,HONDA CIVIC,-1,-1,0,-1
202417S103524,2024,17S103524,3,9,0,18,19,8,4,0,0,1,0,0,0,0,1,1,6,6,1,71,10,988,1,4,HONDA CIVIC,6,E01020888,0,4
2024991481046,2024,991481046,2,9,0,-1,13,4,8,-1,0,1,2,0,7,9,4,1,-1,2,1,28,6,2204,2,17,HONDA CIVIC,1,-1,0,4
2024101424594,2024,101424594,2,9,0,-1,4,1,5,-1,0,1,0,0,0,0,3,1,-1,6,1,60,9,1597,2,9,HONDA CIVIC,2,E01027391,0,1
2024201410551,2024,201410551,2,9,0,-1,3,4,8,-1,0,1,0,0,0,0,2,9,-1,6,1,34,6,1498,1,6,HONDA CIVIC,-1,-1,0,-1
2024461493176,2024,461493176,3,9,0,-1,2,0,0,-1,9,0,0,0,0,0,1,1,-1,9,1,59,9,1339,1,9,HONDA CIVIC,5,E01024220,0,1
2024211443800,2024,211443800,5,9,0,-1,19,8,3,-1,0,0,0,0,0,0,2,1,-1,6,1,70,10,1993,8,1,HONDA CIVIC,-1,-1,0,-1
2024351424378,2024,351424378,1,9,-1,-1,-1,-1,-1,-1,-1,0,-1,-1,-1,0,-1,9,-1,6,1,45,7,2204,2,17,HONDA CIVIC,2,E01015608,0,1
2024371489365,2024,371489365,1,9,0,-1,19,8,4,-1,0,0,0,0,0,0,1,1,-1,9,1,46,8,1799,1,14,HONDA CIVIC,1,E01026603,0,3
2024131408539,2024,131408539,2,9,0,-1,19,5,1,-1,0,0,0,0,0,0,2,1,-1,1,1,30,6,988,1,6,HONDA CIVIC,8,E01011297,0,1
2024430322915,2024,430322915,1,9,0,5,5,5,1,0,0,0,0,0,0,0,1,1,6,6,1,81,11,1339,1,10,HONDA CIVIC,4,E01017790,0,1
2024520401571,2024,520401571,2,9,0,18,19,8,4,0,0,8,0,0,0,0,1,1,6,6,1,42,7,1798,1,8,HONDA CIVIC,8,E01035119,0,2
2024430237447,2024,430237447,1,9,0,9,9,8,6,0,0,6,0,0,0,0,1,1,6,6,1,52,8,1798,1,7,HONDA CIVIC,5,E01016488,0,1
2024471406299,2024,471406299,2,9,0,-1,19,7,3,-1,0,0,0,0,0,0,2,1,-1,2,2,39,7,988,1,4,HONDA CIVIC,4,E01033329,0,2
2024440499893,2024,440499893,1,9,0,9,9,1,7,0,0,1,0,0,0,0,1,1,6,6,1,51,8,1590,1,20,HONDA CIVIC,7,E01022627,0,3
2024201477695,2024,201477695,1,9,0,-1,4,8,4,-1,0,1,0,0,0,0,1,1,-1,6,2,30,6,988,1,6,HONDA CIVIC,4,E01009871,0,1
2024471529332,2024,471529332,1,9,0,-1,19,2,6,-1,0,1,0,0,0,0,4,9,-1,6,2,47,8,1799,1,14,HONDA CIVIC,10,E01031758,0,1
2024440534980,2024,440534980,1,9,0,7,7,3,1,0,0,6,0,0,0,0,1,1,2,2,1,29,6,1998,1,15,HONDA CIVIC,7,E01022690,0,2
2024201468117,2024,201468117,1,9,0,-1,19,2,6,-1,0,2,0,0,0,0,1,1,-1,2,1,40,7,988,1,4,HONDA CIVIC,6,E01029647,0,4
2024471393991,2024,471393991,2,9,0,-1,4,5,1,-1,0,0,0,0,0,0,2,1,-1,9,1,28,6,1798,1,12,HONDA CIVIC,5,E01034299,0,3
2024101461321,2024,101461321,2,9,0,-1,19,3,7,-1,0,0,0,0,0,0,2,1,-1,9,2,79,11,1798,1,10,HONDA CIVIC,7,E01027514,0,1
2024421440477,2024,421440477,2,9,0,-1,10,3,1,-1,0,1,0,0,0,0,4,1,-1,6,1,41,7,1798,1,9,HONDA CIVIC,10,E01021480,0,1
2024320224122,2024,320224122,2,9,0,9,9,4,2,0,0,5,1,0,1,0,3,1,6,6,1,82,11,1798,1,9,HONDA CIVIC,8,E01026258,0,4
2024302400230,2024,302400230,1,9,0,7,7,4,7,0,0,5,0,0,0,0,1,1,2,2,1,33,6,2204,2,18,HONDA CIVIC,6,E01019674,0,1
2024340WN4992,2024,340WN4992,1,9,0,-1,13,1,5,-1,0,0,0,0,1,9,3,2,-1,9,1,33,6,1799,1,18,HONDA CIVIC,6,E01027029,0,3
2024549310824,2024,549310824,2,9,0,9,9,6,4,0,0,8,0,0,0,0,4,1,6,6,1,40,7,1998,1,15,HONDA CIVIC,3,E01015527,0,1
2024501491211,2024,501491211,1,9,0,-1,13,1,5,-1,0,0,0,10,0,0,3,1,-1,6,1,40,7,1396,1,23,HONDA CIVIC,7,E01020258,0,1
2024401406359,2024,401406359,1,9,0,-1,10,1,7,-1,0,1,1,0,0,0,3,1,-1,6,1,54,8,988,1,6,HONDA CIVIC,6,E01017457,0,3
2024131506280,2024,131506280,1,9,0,-1,7,1,5,-1,0,6,0,0,0,0,1,1,-1,6,3,-1,-1,1396,1,21,HONDA CIVIC,-1,-1,0,-1
2024061456809,2024,061456809,1,9,0,-1,99,-1,-1,-1,99,9,9,99,0,0,1,1,-1,9,1,40,7,1590,1,22,HONDA CIVIC,4,E01005895,0,1
2024540520324,2024,540520324,1,9,0,18,19,5,2,0,0,0,5,6,1,1,1,1,6,6,1,52,8,1798,1,7,HONDA CIVIC,7,E01032628,0,4
2024141432941,2024,141432941,1,9,0,-1,19,7,3,-1,0,8,0,0,0,0,1,1,-1,6,2,40,7,1396,1,21,HONDA CIVIC,2,E01008063,0,1
2024010509984,2024,010509984,1,9,0,1,1,1,5,0,0,2,0,0,0,0,4,1,6,6,1,44,7,1498,1,6,HONDA CIVIC,6,E01002616,0,1
2024440016182,2024,440016182,1,9,0,18,19,6,2,0,0,1,0,0,0,0,1,1,6,6,2,32,6,1339,1,11,HONDA CIVIC,10,E01023238,0,1
2024010513929,2024,010513929,2,9,0,18,19,3,7,0,0,1,0,0,0,0,1,1,6,6,1,40,7,1396,1,19,HONDA CIVIC,4,E01003555,0,3
2024471452127,2024,471452127,1,9,0,-1,9,7,3,-1,0,0,0,0,0,0,1,1,-1,1,1,50,8,1597,2,4,HONDA CIVIC,10,E01035351,0,2
2024440440204,2024,440440204,1,9,0,9,9,8,5,0,0,4,0,0,0,0,1,1,1,1,2,38,7,1799,1,18,HONDA CIVIC,4,E01017135,0,1
2024010536127,2024,010536127,1,9,0,7,7,3,5,0,0,0,0,0,0,0,1,1,6,6,1,82,11,1396,1,20,HONDA CIVIC,8,E01000540,0,1
2024031398490,2024,031398490,1,9,0,-1,1,1,6,-1,9,0,0,0,0,0,2,1,-1,6,1,80,11,1597,2,11,HONDA CIVIC,-1,-1,0,-1
2024122401145,2024,122401145,1,9,0,16,19,1,4,0,0,0,0,0,8,10,1,1,6,6,2,80,11,1798,1,10,HONDA CIVIC,7,E01027622,0,1
2024010507328,2024,010507328,1,9,0,18,19,8,4,0,0,1,0,0,7,2,1,1,6,6,1,50,8,1799,1,14,HONDA CIVIC,10,E01004095,0,3
2024101521448,2024,101521448,2,9,0,-1,3,8,4,-1,0,0,0,0,0,0,2,9,-1,6,2,27,6,1799,1,13,HONDA CIVIC,8,E01034516,0,3
2024991529452,2024,991529452,1,9,0,-1,19,4,1,-1,0,0,5,0,0,0,1,1,-1,9,1,20,4,1998,1,22,HONDA CIVIC,9,-1,0,2
2024141512091,2024,141512091,2,9,0,-1,19,3,7,-1,0,1,0,0,1,4,1,1,-1,6,1,26,6,1799,1,17,HONDA CIVIC,-1,-1,0,-1
2024161433237,2024,161433237,1,9,0,-1,19,8,4,-1,0,0,0,0,0,0,1,1,-1,6,1,40,7,1798,1,9,HONDA CIVIC,5,E01033414,0,1
2024201496878,2024,201496878,2,9,0,-1,19,5,1,-1,0,2,0,7,0,0,1,1,-1,9,1,33,6,1590,1,20,HONDA CIVIC,2,E01010449,0,1
2024041489652,2024,041489652,1,9,0,-1,9,3,7,-1,0,0,0,0,0,0,4,1,-1,2,2,53,8,1799,1,16,HONDA CIVIC,8,E01025549,0,1
2024440275424,2024,440275424,2,9,0,2,2,0,0,0,0,0,0,0,0,0,2,1,6,6,3,-1,-1,1799,1,16,HONDA CIVIC,-1,-1,0,-1
2024631478624,2024,631478624,2,9,0,-1,19,7,3,-1,0,0,0,0,0,0,1,1,-1,2,1,62,9,1597,2,11,HONDA CIVIC,5,W01000537,0,4
2024010527464,2024,010527464,2,9,0,6,6,1,1,0,0,0,0,0,0,0,1,1,6,6,1,55,8,1798,1,12,HONDA CIVIC,6,E01030052,0,5
2024440539544,2024,440539544,2,9,0,5,5,6,2,0,0,8,0,0,0,0,1,1,2,2,1,61,9,2204,2,15,HONDA CIVIC,5,E01022678,0,1
2024131445335,2024,131445335,1,9,0,-1,5,5,1,-1,0,2,0,0,0,0,4,1,-1,1,1,42,7,1798,7,9,HONDA CIVIC,6,E01011441,0,1
2024010512793,2024,010512793,2,9,0,99,99,9,9,99,99,9,9,99,9,99,9,9,6,6,1,53,8,1799,1,18,HONDA CIVIC,2,E01004248,0,3
2024052400049,2024,052400049,3,9,0,4,4,7,3,0,0,0,0,0,0,0,2,1,6,6,1,29,6,988,1,7,HONDA CIVIC,2,E01006751,0,2
2024010542810,2024,010542810,1,9,0,18,19,2,6,0,0,1,0,0,0,0,1,1,1,1,1,33,6,1595,1,17,HONDA CIVIC,4,E01001233,0,1
2024131432346,2024,131432346,1,9,0,-1,9,1,1,-1,0,8,0,0,0,0,1,1,-1,9,1,22,5,1339,8,17,HONDA CIVIC,3,E01033900,0,1
2024371442099,2024,371442099,1,9,0,-1,19,2,6,-1,0,0,0,0,0,0,1,1,-1,9,1,51,8,2204,2,16,HONDA CIVIC,4,E01030285,0,1
2024211473291,2024,211473291,1,9,0,-1,19,7,3,-1,0,0,0,0,0,0,1,1,-1,6,2,35,6,1498,1,7,HONDA CIVIC,-1,-1,0,-1
2024052401406,2024,052401406,1,9,0,9,9,7,5,0,0,8,0,0,0,0,3,1,6,6,1,-1,-1,1396,1,25,HONDA CIVIC,2,E01006449,0,1
2024531459163,2024,531459163,1,9,0,-1,5,5,1,-1,0,6,0,0,0,0,1,9,-1,6,1,26,6,2204,2,18,HONDA CIVIC,8,E01022356,0,1
2024131430354,2024,131430354,1,9,0,-1,19,4,8,-1,0,0,0,4,0,0,1,1,-1,2,2,36,7,1799,1,15,HONDA CIVIC,10,E01011132,0,1
202460Q070357,2024,60Q070357,2,9,0,18,19,7,3,0,0,0,1,0,1,0,2,1,6,6,1,30,6,1396,1,26,HONDA CIVIC,-1,-1,0,-1
2024052402758,2024,052402758,1,9,0,16,19,4,8,0,0,0,0,0,7,2,1,1,2,2,1,53,8,1339,1,11,HONDA CIVIC,8,E01007148,0,1
2024131439900,2024,131439900,1,9,0,-1,19,1,5,-1,0,0,0,0,0,0,1,1,-1,9,1,93,11,1798,1,9,HONDA CIVIC,10,E01011173,0,2
2024340WN7162,2024,340WN7162,2,9,0,-1,4,7,3,-1,0,2,0,0,0,0,2,1,-1,6,1,60,9,2204,2,18,HONDA CIVIC,1,E01027239,0,2
2024320708231,2024,320708231,1,9,0,-1,-1,6,2,0,0,0,1,0,7,4,1,1,-1,-1,2,25,5,1686,2,19,HONDA CIVIC,6,E01026255,0,1
2024531520744,2024,531520744,1,9,0,-1,19,3,7,-1,0,2,0,0,1,9,1,1,-1,9,1,33,6,1799,1,18,HONDA CIVIC,10,E01028740,0,4
2024991504118,2024,991504118,1,9,0,-1,19,7,3,-1,0,0,0,0,1,0,1,1,-1,6,1,22,5,1590,1,20,HONDA CIVIC,3,-1,0,2
2024141483206,2024,141483206,1,9,0,-1,19,5,1,-1,0,1,0,0,0,0,3,9,-1,6,2,29,6,1597,2,6,HONDA CIVIC,5,E01007682,0,1
2024522500286,2024,522500286,2,9,0,18,19,6,2,0,0,6,0,0,0,0,1,1,6,6,1,49,8,1590,1,20,HONDA CIVIC,10,E01014967,0,2
2024461462590,2024,461462590,1,9,0,-1,12,4,3,-1,0,1,0,0,0,0,1,9,-1,6,1,21,5,1590,1,22,HONDA CIVIC,4,E01016143,0,2
2024430613765,2024,430613765,1,9,0,13,13,6,2,0,0,8,0,0,0,0,1,1,6,6,1,55,8,1799,1,18,HONDA CIVIC,4,E01016481,0,2
2024421436993,2024,421436993,1,9,0,-1,9,1,5,-1,0,1,0,0,0,0,1,1,-1,6,1,72,10,1339,1,7,HONDA CIVIC,8,E01029901,0,1
2024430343744,2024,430343744,2,9,0,18,19,2,6,0,0,8,0,0,0,0,3,1,6,6,2,42,7,2204,2,15,HONDA CIVIC,4,E01017723,0,1
2024201427050,2024,201427050,2,9,0,-1,5,4,8,-1,0,3,0,0,0,0,3,9,-1,6,1,43,7,1339,1,15,HONDA CIVIC,1,E01009733,0,2
2024201476091,2024,201476091,1,9,0,-1,19,8,4,-1,0,1,0,0,0,0,1,9,-1,6,3,-1,-1,2204,2,16,HONDA CIVIC,-1,-1,0,-1
2024430557504,2024,430557504,1,9,0,8,8,4,7,0,0,4,0,0,0,0,3,1,6,6,1,26,6,988,1,5,HONDA CIVIC,10,E01032956,0,1
2024010541469,2024,010541469,1,9,0,8,8,1,2,0,0,7,0,0,0,0,3,1,6,6,1,46,8,1799,1,13,HONDA CIVIC,4,E01000114,0,1
2024332401057,2024,332401057,1,9,0,-1,19,6,2,-1,0,8,0,0,1,1,1,1,-1,9,1,38,7,1396,1,20,HONDA CIVIC,9,E01025768,0,1
2024231410727,2024,231410727,1,9,0,-1,19,4,8,-1,0,0,0,0,0,0,1,1,-1,6,1,81,11,1498,1,4,HONDA CIVIC,8,E01025808,0,1
2024361485540,2024,361485540,2,9,0,-1,19,5,4,-1,0,1,1,0,0,0,1,1,-1,9,1,37,7,1998,1,20,HONDA CIVIC,5,E01026877,0,2
2024522403281,2024,522403281,1,9,0,18,19,7,3,0,0,2,0,0,0,0,4,1,6,6,2,54,8,1798,1,7,HONDA CIVIC,10,E01014903,0,1
2024411430817,2024,411430817,2,9,0,-1,19,1,5,-1,0,0,0,0,7,0,1,1,-1,6,-1,26,6,1799,1,16,HONDA CIVIC,5,E01021848,0,3
2024320746842,2024,320746842,1,9,0,-1,-1,2,6,0,0,0,0,0,7,0,1,1,-1,-1,1,25,5,1498,1,5,HONDA CIVIC,5,E01026076,0,1
2024471519629,2024,471519629,2,9,0,-1,19,5,1,-1,0,1,0,0,0,0,1,1,-1,9,1,39,7,1799,1,17,HONDA CIVIC,4,E01003372,0,4
2024061400294,2024,061400294,4,9,0,-1,19,8,4,-1,0,0,0,0,0,0,1,1,-1,9,1,46,8,2199,2,12,HONDA CIVIC,1,E01004818,0,1