collision_index,collision_year,collision_ref_no,vehicle_reference,vehicle_type,towing_and_articulation,vehicle_manoeuvre_historic,vehicle_manoeuvre,vehicle_direction_from,vehicle_direction_to,vehicle_location_restricted_lane_historic,vehicle_location_restricted_lane,junction_location,skidding_and_overturning,hit_object_in_carriageway,vehicle_leaving_carriageway,hit_object_off_carriageway,first_point_of_impact,vehicle_left_hand_drive,journey_purpose_of_driver_historic,journey_purpose_of_driver,sex_of_driver,age_of_driver,age_band_of_driver,engine_capacity_cc,propulsion_code,age_of_vehicle,generic_make_model,driver_imd_decile,lsoa_of_driver,escooter_flag,driver_distance_banding
2024201504259,2024,201504259,2,9,0,-1,19,4,8,-1,0,6,0,10,1,0,4,1,-1,2,1,26,6,1339,8,17,HONDA CIVIC,5,E01009267,0,1
2024131444309,2024,131444309,1,9,0,-1,19,3,7,-1,0,8,0,0,0,0,1,1,-1,6,1,27,6,1597,2,11,HONDA CIVIC,2,E01010929,0,1
2024061448166,2024,061448166,1,9,0,-1,19,-1,-1,-1,0,1,0,0,0,0,1,1,-1,9,1,61,9,1339,1,14,HONDA CIVIC,9,E01005802,0,1
2024010547339,2024,010547339,2,9,0,99,99,9,9,99,99,9,9,99,9,99,9,9,6,6,3,-1,-1,1799,1,18,HONDA CIVIC,-1,-1,0,-1
2024411498493,2024,411498493,1,9,-1,-1,-1,-1,-1,-1,-1,-1,-1,-1,-1,0,-1,9,-1,6,1,74,10,1590,1,19,HONDA CIVIC,10,E01023878,0,1
2024131431205,2024,131431205,1,9,0,-1,-1,-1,-1,-1,-1,8,-1,-1,-1,0,-1,1,-1,6,3,-1,-1,1600,1,32,HONDA CIVIC,-1,-1,0,-1
2024141421280,2024,141421280,4,9,0,-1,2,0,0,-1,0,1,0,0,0,0,2,1,-1,6,-1,-1,-1,988,1,4,HONDA CIVIC,-1,-1,0,-1
2024041492451,2024,041492451,1,9,0,-1,7,5,1,-1,0,4,0,0,0,0,1,1,-1,9,1,38,7,1799,1,16,HONDA CIVIC,9,E01025319,0,1
2024552400091,2024,552400091,1,9,0,18,19,2,6,0,0,0,5,0,7,10,1,1,6,6,2,55,8,1597,2,9,HONDA CIVIC,5,E01020469,0,2
2024991514575,2024,991514575,2,9,0,-1,19,1,5,-1,0,0,0,0,0,0,1,1,-1,9,2,80,11,988,1,4,HONDA CIVIC,2,-1,0,3
2024010514853,2024,010514853,1,9,0,99,99,9,9,99,99,9,9,99,9,99,1,1,6,6,3,43,7,1597,2,8,HONDA CIVIC,6,E01001415,0,1
2024991450187,2024,991450187,2,9,0,-1,3,3,7,-1,0,1,0,0,0,0,2,1,-1,6,1,54,8,1597,2,8,HONDA CIVIC,6,-1,0,3
2024610049224,2024,610049224,1,9,0,18,19,3,7,0,0,0,2,0,1,9,1,1,6,6,1,19,4,1590,1,21,HONDA CIVIC,3,W01001474,0,2
2024201414468,2024,201414468,1,9,0,-1,19,3,6,-1,0,8,0,0,0,0,1,9,-1,2,2,51,8,1396,1,20,HONDA CIVIC,4,E01009231,0,1
2024010546965,2024,010546965,2,9,0,99,99,9,9,99,99,0,9,99,9,99,2,9,1,1,1,25,5,1498,1,4,HONDA CIVIC,2,E01024135,0,4
2024122401183,2024,122401183,1,9,0,16,19,5,8,0,0,1,0,0,0,0,1,1,6,6,1,22,5,1498,1,7,HONDA CIVIC,6,E01027559,0,3
2024010546682,2024,010546682,2,9,0,7,7,3,6,0,0,1,0,0,0,0,4,1,6,6,1,28,6,1339,8,17,HONDA CIVIC,2,E01000017,0,3
2024010516879,2024,010516879,2,9,0,99,99,9,9,99,99,9,9,99,9,99,1,9,6,6,1,-1,-1,1998,1,16,HONDA CIVIC,2,E01001654,0,2
2024122401256,2024,122401256,2,9,0,18,19,7,3,0,0,1,0,0,0,0,1,1,6,6,2,76,11,1339,1,15,HONDA CIVIC,9,E01013344,0,4
2024440405016,2024,440405016,1,9,0,18,19,2,6,0,0,0,0,0,0,0,1,1,6,6,1,35,6,1799,1,17,HONDA CIVIC,5,E01022832,0,1
2024552401307,2024,552401307,2,9,0,9,9,3,1,0,0,6,0,0,0,0,3,1,6,6,1,19,4,1799,1,13,HONDA CIVIC,9,E01015395,0,2
2024320689100,2024,320689100,1,9,0,-1,-1,2,6,0,0,0,1,0,7,4,1,1,-1,-1,1,32,6,1339,8,17,HONDA CIVIC,-1,-1,0,-1
2024010512116,2024,010512116,1,9,0,4,4,5,1,0,0,0,0,0,0,0,4,1,6,6,1,37,7,1597,2,8,HONDA CIVIC,5,E01004221,0,1
2024010527880,2024,010527880,1,9,0,18,19,3,7,0,0,2,0,0,0,0,3,1,6,6,1,65,9,1799,1,18,HONDA CIVIC,2,E01002830,0,1
2024010503583,2024,010503583,1,9,0,99,99,9,9,99,99,0,9,99,9,99,1,9,2,2,1,32,6,1339,8,15,HONDA CIVIC,8,E01004175,0,3
2024201484457,2024,201484457,1,9,0,-1,10,5,2,-1,0,1,0,0,0,0,1,9,-1,9,1,58,9,1339,1,10,HONDA CIVIC,1,E01010148,0,1
2024471428427,2024,471428427,5,9,0,-1,3,6,2,-1,0,0,0,0,0,0,3,9,-1,6,1,54,8,1799,1,16,HONDA CIVIC,8,E01031780,0,3
2024351438787,2024,351438787,2,9,-1,-1,-1,-1,-1,-1,-1,-1,-1,-1,-1,0,-1,9,-1,6,2,66,10,1597,2,5,HONDA CIVIC,6,E01018036,0,3
2024332400003,2024,332400003,1,9,0,-1,19,5,1,-1,0,6,0,0,0,0,1,1,-1,9,1,23,5,1797,1,27,HONDA CIVIC,4,E01013758,0,1
2024351452914,2024,351452914,1,9,0,-1,12,1,5,-1,0,0,0,0,0,0,2,1,-1,2,2,55,8,1339,1,18,HONDA CIVIC,7,E01018192,0,2
2024451486144,2024,451486144,1,9,0,-1,3,1,5,-1,0,0,0,0,0,0,2,1,-1,2,1,46,8,1590,1,19,HONDA CIVIC,4,E01030481,0,1
2024010510825,2024,010510825,1,9,0,99,99,9,9,99,99,9,9,99,9,99,2,9,6,6,1,30,6,1799,1,16,HONDA CIVIC,2,E01001848,0,2
2024101464157,2024,101464157,2,8,0,-1,19,4,8,-1,0,0,0,0,0,0,3,1,-1,6,1,43,7,1799,1,16,HONDA CIVIC,7,E01008518,0,1
202454E190124,2024,54E190124,2,9,0,17,19,8,6,0,0,1,0,0,0,0,4,1,2,2,1,42,7,2204,2,17,HONDA CIVIC,2,E01015537,0,3
2024430294993,2024,430294993,1,9,0,9,9,5,3,0,0,8,0,0,0,0,4,1,6,6,2,66,10,988,1,6,HONDA CIVIC,6,E01016753,0,2
2024201443523,2024,201443523,5,9,0,-1,19,6,2,-1,0,1,0,0,0,0,4,1,-1,6,1,41,7,1799,1,15,HONDA CIVIC,1,E01009607,0,4
2024471407784,2024,471407784,1,9,0,-1,10,8,5,-1,0,5,0,0,0,0,1,1,-1,9,2,66,10,1798,1,11,HONDA CIVIC,6,E01031750,0,1
2024302400306,2024,302400306,1,9,0,18,19,5,1,0,0,1,0,0,0,0,4,1,6,6,1,49,8,1998,1,16,HONDA CIVIC,1,E01008084,0,1
2024161398278,2024,161398278,2,9,0,-1,19,4,8,-1,0,0,0,0,0,0,1,1,-1,9,1,52,8,2204,2,18,HONDA CIVIC,10,E01013059,0,2
2024311469614,2024,311469614,1,9,0,-1,6,3,7,-1,0,0,0,0,0,0,3,1,-1,1,2,57,9,988,1,3,HONDA CIVIC,10,E01028361,0,1
2024401471945,2024,401471945,1,9,0,-1,7,7,1,-1,0,1,0,0,0,0,1,1,-1,6,1,28,6,1590,1,26,HONDA CIVIC,2,E01015698,0,1
2024371429789,2024,371429789,1,9,0,-1,7,2,4,-1,0,4,0,0,0,0,3,1,-1,6,1,30,6,2204,2,15,HONDA CIVIC,3,E01030114,0,1
2024010538977,2024,010538977,1,9,9,99,99,9,9,99,99,9,9,99,9,99,9,9,6,6,1,64,9,1590,1,21,HONDA CIVIC,9,E01002960,0,1
2024041426526,2024,041426526,4,9,0,-1,5,7,3,-1,0,1,0,0,0,0,2,1,-1,9,1,36,7,1799,1,18,HONDA CIVIC,1,E01025036,0,2
2024522401831,2024,522401831,1,9,0,2,2,0,0,0,0,0,0,0,0,0,2,1,6,6,3,-1,-1,1396,1,22,HONDA CIVIC,-1,-1,0,-1
2024440423682,2024,440423682,1,9,0,18,19,7,3,0,0,0,0,0,0,0,1,1,6,6,3,-1,-1,1799,1,16,HONDA CIVIC,-1,-1,0,-1
2024131524501,2024,131524501,1,9,0,-1,19,7,3,-1,0,0,0,0,0,0,4,1,-1,7,1,38,7,1597,2,11,HONDA CIVIC,8,E01011207,0,1
2024371523207,2024,371523207,2,9,0,-1,4,3,7,-1,0,1,0,0,0,0,3,1,-1,9,2,76,11,1686,2,20,HONDA CIVIC,10,E01030104,0,1
2024010502214,2024,010502214,1,9,0,99,99,9,9,99,99,9,9,99,9,99,2,9,6,6,1,57,9,1799,1,17,HONDA CIVIC,4,E01001165,0,1
2024201469940,2024,201469940,2,9,0,-1,19,6,4,-1,0,5,0,0,0,0,1,1,-1,6,2,27,6,1597,2,8,HONDA CIVIC,1,E01009308,0,1
2024411519728,2024,411519728,1,9,0,-1,19,7,3,-1,0,2,0,0,1,0,1,1,-1,9,1,41,7,1339,1,13,HONDA CIVIC,6,E01023334,0,4
2024010533172,2024,010533172,1,9,0,99,99,9,9,99,99,9,9,99,9,99,9,9,6,6,2,47,8,1339,8,14,HONDA CIVIC,8,E01004119,0,3
2024302401386,2024,302401386,2,9,0,13,13,3,7,0,0,8,0,0,0,0,1,1,6,6,1,78,11,1799,1,14,HONDA CIVIC,8,E01031323,0,5
2024201530754,2024,201530754,1,9,0,-1,9,1,7,-1,0,5,0,0,0,0,4,1,-1,6,1,74,10,1590,1,19,HONDA CIVIC,5,E01032589,0,1
2024421452865,2024,421452865,1,9,0,-1,10,5,2,-1,0,8,0,0,0,0,3,1,-1,2,2,45,7,1799,1,16,HONDA CIVIC,9,E01021734,0,3
2024501504749,2024,501504749,1,9,0,-1,5,4,8,-1,0,1,0,0,0,0,3,1,-1,6,1,27,6,1597,2,10,HONDA CIVIC,8,E01019010,0,2
2024361449376,2024,361449376,2,9,0,-1,19,7,3,-1,0,1,0,0,0,0,3,1,-1,6,1,75,10,1498,1,7,HONDA CIVIC,10,E01026393,0,4
2024991512725,2024,991512725,3,9,0,-1,4,6,1,-1,0,1,0,4,0,0,2,1,-1,9,2,66,10,1799,1,14,HONDA CIVIC,-1,-1,0,-1
2024340WN1162,2024,340WN1162,2,9,0,-1,19,3,7,-1,0,0,0,0,0,0,2,1,-1,6,1,52,8,1597,2,10,HONDA CIVIC,9,E01027201,0,1
2024122400574,2024,122400574,1,9,0,18,19,3,7,0,0,0,2,0,7,10,1,1,6,6,1,24,5,1590,1,19,HONDA CIVIC,3,E01027629,0,1
2024501483393,2024,501483393,3,9,0,-1,2,0,0,-1,0,0,0,0,0,0,3,1,-1,6,-1,-1,-1,2204,2,18,HONDA CIVIC,-1,-1,0,-1
2024031431284,2024,031431284,2,9,0,-1,19,7,3,-1,0,0,0,0,7,11,3,1,-1,9,1,43,7,1799,1,17,HONDA CIVIC,3,E01003594,0,5
2024101465992,2024,101465992,3,9,0,-1,2,0,0,-1,9,0,0,0,0,0,4,1,-1,6,1,74,10,1686,2,19,HONDA CIVIC,7,E01008765,0,1
2024311463565,2024,311463565,1,9,0,-1,19,6,3,-1,0,4,0,0,0,0,1,1,-1,6,1,35,6,1799,1,17,HONDA CIVIC,-1,-1,0,-1
2024552400464,2024,552400464,2,9,0,18,19,7,3,0,0,0,0,0,0,0,1,1,6,6,2,41,7,1597,2,11,HONDA CIVIC,7,E01020475,0,1
2024131515260,2024,131515260,1,9,0,-1,19,5,1,-1,0,6,1,0,0,0,4,1,-1,9,1,37,7,1590,1,19,HONDA CIVIC,4,E01011644,0,1
2024991407355,2024,991407355,2,9,0,-1,19,2,6,-1,0,8,0,0,0,0,4,1,-1,6,1,50,8,988,1,5,HONDA CIVIC,3,-1,0,1
2024311508190,2024,311508190,1,9,0,-1,15,3,7,-1,0,1,0,0,0,0,1,1,-1,6,3,26,6,1597,2,10,HONDA CIVIC,6,E01013875,0,1
2024010537442,2024,010537442,2,9,0,18,19,5,1,0,0,1,0,4,0,0,1,1,6,6,2,76,11,1798,1,10,HONDA CIVIC,3,E01003193,0,1
2024311427906,2024,311427906,1,9,0,-1,19,3,7,-1,0,0,0,0,0,0,1,1,-1,6,1,45,7,1799,1,18,HONDA CIVIC,5,E01028022,0,1
2024010544866,2024,010544866,1,9,0,9,9,3,1,0,0,5,0,0,0,0,1,1,2,2,1,55,8,1396,1,23,HONDA CIVIC,7,E01001228,0,1
2024430523672,2024,430523672,2,9,0,18,19,8,4,0,0,8,0,0,0,0,3,1,6,6,2,42,7,2204,2,14,HONDA CIVIC,9,E01016531,0,1
2024201436605,2024,201436605,2,9,0,-1,19,6,2,-1,0,4,0,0,0,0,2,2,-1,6,1,36,7,1396,1,24,HONDA CIVIC,1,E01009889,0,1
2024552400620,2024,552400620,2,9,0,4,4,6,2,0,0,0,0,0,0,0,2,1,6,6,2,32,6,1799,1,18,HONDA CIVIC,5,E01029231,0,4
2024131520447,2024,131520447,1,9,0,-1,-1,-1,-1,-1,-1,6,-1,-1,-1,-1,-1,1,-1,2,1,47,8,2199,2,12,HONDA CIVIC,1,E01010667,0,2
2024041426998,2024,041426998,2,9,0,-1,9,1,5,-1,0,0,0,0,0,0,2,1,-1,9,1,45,7,1339,1,14,HONDA CIVIC,5,E01025025,0,1
2024991447925,2024,991447925,1,9,0,-1,9,7,3,-1,0,6,0,0,0,0,1,1,-1,6,2,43,7,1498,1,7,HONDA CIVIC,-1,-1,0,-1
2024061439432,2024,061439432,1,9,0,-1,9,5,2,-1,0,6,0,0,0,0,1,1,-1,1,1,44,7,1590,1,19,HONDA CIVIC,1,E01005665,0,1
2024041526593,2024,041526593,1,9,0,-1,19,-1,-1,-1,0,0,0,0,0,0,-1,9,-1,6,3,-1,-1,1799,1,19,HONDA CIVIC,-1,-1,0,-1
2024010500883,2024,010500883,1,9,0,10,10,1,6,0,0,1,0,0,0,0,1,1,2,2,2,46,8,1799,1,13,HONDA CIVIC,9,E01004554,0,1
2024430407204,2024,430407204,3,9,0,4,4,4,8,0,0,0,0,0,0,0,1,1,6,6,1,-1,-1,1798,1,8,HONDA CIVIC,-1,-1,0,-1
2024461417444,2024,461417444,1,9,0,-1,5,7,3,-1,0,8,0,0,0,0,3,9,-1,2,1,24,5,1799,1,16,HONDA CIVIC,3,E01016043,0,1
2024161457346,2024,161457346,2,9,0,-1,2,0,0,-1,0,1,0,0,0,0,2,1,-1,6,-1,-1,-1,2199,2,12,HONDA CIVIC,-1,-1,0,-1
2024461517638,2024,461517638,3,9,0,-1,8,5,1,-1,0,0,0,0,0,0,3,9,-1,2,1,43,7,1339,1,11,HONDA CIVIC,9,E01033611,0,1
2024610002424,2024,610002424,1,9,0,18,19,1,5,0,0,0,0,0,0,0,3,1,1,1,2,57,9,1597,2,6,HONDA CIVIC,3,W01001362,0,3
2024101421297,2024,101421297,1,9,0,-1,19,8,4,-1,0,2,0,0,0,0,1,1,-1,6,1,61,9,1597,2,8,HONDA CIVIC,8,E01008553,0,1
2024320722922,2024,320722922,1,9,0,-1,-1,4,8,0,0,1,0,0,0,0,1,1,-1,-1,1,29,6,1590,1,19,HONDA CIVIC,6,E01026264,0,1
2024991407865,2024,991407865,1,9,0,-1,19,1,5,-1,0,0,1,0,0,0,1,1,-1,6,1,34,6,1396,1,25,HONDA CIVIC,-1,-1,0,-1
2024461456596,2024,461456596,2,9,0,-1,19,7,3,-1,0,0,0,0,0,0,2,9,-1,6,2,57,9,1799,1,14,HONDA CIVIC,4,E01021892,0,4
2024221458789,2024,221458789,1,9,0,-1,1,5,3,-1,0,6,0,0,0,0,2,1,-1,6,2,33,6,2204,2,17,HONDA CIVIC,3,E01032194,0,1
2024010544367,2024,010544367,2,9,0,99,99,9,9,99,99,9,9,99,9,99,9,9,6,6,3,-1,-1,1799,1,17,HONDA CIVIC,-1,-1,0,-1
2024161479437,2024,161479437,2,9,0,-1,19,5,1,-1,0,0,0,0,0,0,3,1,-1,6,2,68,10,1668,1,22,HONDA CIVIC,5,E01013274,0,1
2024010535553,2024,010535553,1,9,0,99,99,9,9,99,99,9,9,99,9,99,9,9,6,6,3,-1,-1,1597,2,6,HONDA CIVIC,-1,-1,0,-1
2024411516424,2024,411516424,2,9,0,-1,19,6,2,-1,0,0,0,0,0,0,1,1,-1,6,2,44,7,1396,1,20,HONDA CIVIC,3,E01000127,0,2
2024010498618,2024,010498618,2,9,0,99,99,9,9,99,99,9,9,99,9,99,9,9,6,6,3,-1,-1,1339,1,14,HONDA CIVIC,-1,-1,0,-1
2024122400453,2024,122400453,2,9,0,9,9,3,1,0,0,1,0,0,0,0,4,1,3,7,1,53,8,1799,1,15,HONDA CIVIC,6,E01027873,0,1
2024131486996,2024,131486996,4,9,0,-1,19,5,1,-1,0,0,0,0,0,0,2,1,-1,6,1,41,7,1996,1,8,HONDA CIVIC,8,E01011945,0,4
2024010515363,2024,010515363,2,9,0,3,3,1,5,0,0,1,0,0,0,0,2,1,6,6,2,77,11,1590,1,19,HONDA CIVIC,9,E01002978,0,3
2024010544432,2024,010544432,1,9,0,2,2,0,0,0,0,0,0,4,0,0,2,1,6,6,3,-1,-1,1996,1,3,HONDA CIVIC,-1,-1,0,-1
2024010535264,2024,010535264,1,9,4,99,99,9,9,99,99,9,9,99,9,99,9,9,6,6,2,67,10,1396,1,19,HONDA CIVIC,2,E01003991,0,1
2024411451138,2024,411451138,1,9,-1,-1,19,2,6,-1,0,4,0,0,0,0,1,1,-1,6,1,22,5,988,1,6,HONDA CIVIC,5,E01023936,0,1
2024201553265,2024,201553265,3,9,0,-1,5,0,0,-1,0,1,0,0,0,0,1,9,-1,6,-1,-1,-1,1339,1,12,HONDA CIVIC,-1,-1,0,-1
2024522401293,2024,522401293,1,9,0,3,3,2,6,0,0,1,0,0,0,0,2,1,6,6,1,32,6,1339,1,14,HONDA CIVIC,10,E01014988,0,2
2024340WN1892,2024,340WN1892,2,9,0,-1,19,2,6,-1,0,1,0,0,0,0,1,1,-1,9,1,45,7,1798,1,8,HONDA CIVIC,3,E01027175,0,1
2024010546150,2024,010546150,1,9,0,16,19,5,1,0,0,0,0,0,0,0,3,1,6,6,1,24,5,1339,1,13,HONDA CIVIC,3,E01032730,0,4
2024320579756,2024,320579756,1,9,0,9,9,4,3,0,0,5,0,0,0,0,3,1,6,6,1,38,7,1799,1,15,HONDA CIVIC,4,E01026016,0,2
2024052400728,2024,052400728,3,9,0,2,2,0,0,0,0,1,0,0,0,0,1,1,6,6,3,-1,-1,1597,2,11,HONDA CIVIC,-1,-1,0,-1
2024041434930,2024,041434930,1,9,0,-1,9,7,3,-1,0,1,0,0,0,0,1,1,-1,9,1,41,7,1799,1,16,HONDA CIVIC,1,E01012683,0,1
2024141445790,2024,141445790,1,9,0,-1,7,7,3,-1,0,1,0,0,0,0,4,1,-1,2,1,39,7,1597,2,9,HONDA CIVIC,4,E01007762,0,1
2024010529570,2024,010529570,1,9,0,9,9,2,1,0,0,6,0,0,0,0,4,2,6,6,1,34,6,1498,1,4,HONDA CIVIC,7,E01030429,0,4
2024440279875,2024,440279875,1,9,0,18,19,2,6,0,0,1,0,0,0,0,1,1,6,6,1,33,6,1597,2,11,HONDA CIVIC,5,E01017204,0,2
2024010539854,2024,010539854,2,9,0,9,9,1,7,0,0,1,5,0,0,0,1,1,6,6,1,21,5,1590,1,23,HONDA CIVIC,5,E01002186,0,1
2024501408543,2024,501408543,2,9,0,-1,19,3,7,-1,0,0,0,0,1,0,1,1,-1,6,1,48,8,1339,1,15,HONDA CIVIC,8,E01015097,0,3
2024201484065,2024,201484065,2,9,0,-1,3,3,7,-1,0,1,0,0,0,0,1,1,-1,6,1,-1,-1,1799,1,17,HONDA CIVIC,-1,-1,0,-1
2024351510414,2024,351510414,1,9,0,-1,19,3,7,-1,0,0,2,0,1,0,1,1,-1,6,1,30,6,1597,2,4,HONDA CIVIC,7,E01015598,0,2
2024221456397,2024,221456397,2,9,0,-1,19,4,8,-1,0,0,0,0,0,0,1,1,-1,9,2,55,8,2199,2,11,HONDA CIVIC,6,E01028842,0,1
2024131503588,2024,131503588,2,9,0,-1,19,1,1,-1,0,8,0,0,0,0,2,1,-1,9,2,42,7,2204,2,17,HONDA CIVIC,7,E01010760,0,2
2024231508347,2024,231508347,1,9,0,-1,19,1,5,-1,0,4,0,0,0,0,3,9,-1,6,1,28,6,1799,1,18,HONDA CIVIC,-1,-1,0,-1
2024361406502,2024,361406502,1,9,0,-1,19,3,7,-1,0,0,0,0,0,0,1,1,-1,9,1,39,7,1799,1,18,HONDA CIVIC,2,E01026662,0,1
2024991443470,2024,991443470,2,9,0,-1,19,1,5,-1,0,1,0,0,0,0,1,1,-1,9,1,19,4,1590,1,21,HONDA CIVIC,8,-1,0,2
2024122400116,2024,122400116,1,9,0,18,19,3,7,0,0,0,0,0,0,0,1,1,6,6,1,83,11,1590,1,19,HONDA CIVIC,-1,-1,0,-1
2024522401842,2024,522401842,2,9,0,18,19,1,5,0,0,4,0,0,0,0,1,1,6,6,3,-1,-1,2204,2,18,HONDA CIVIC,-1,-1,0,-1
2024231516659,2024,231516659,1,9,0,-1,19,2,6,-1,0,0,0,0,0,0,4,1,-1,1,1,42,7,1799,1,13,HONDA CIVIC,2,E01033642,0,3
2024201472844,2024,201472844,2,9,0,-1,19,5,1,-1,0,4,0,0,0,0,1,1,-1,1,2,41,7,1339,1,14,HONDA CIVIC,1,E01009002,0,1
2024010527575,2024,010527575,1,9,0,4,4,3,7,0,0,1,0,0,0,0,2,1,6,6,1,30,6,1799,1,15,HONDA CIVIC,6,E01035699,0,1
2024141451243,2024,141451243,2,9,0,-1,19,2,6,-1,0,4,0,0,0,0,1,1,-1,6,1,30,6,1799,1,14,HONDA CIVIC,1,E01007406,0,1
2024440167204,2024,440167204,1,9,0,18,19,1,5,0,0,8,0,0,0,0,1,1,1,1,1,56,9,1799,1,16,HONDA CIVIC,4,E01017013,0,1
2024010550391,2024,010550391,1,9,0,5,5,1,5,0,0,1,0,0,0,0,1,1,6,6,1,84,11,1339,8,14,HONDA CIVIC,3,E01003631,0,1
2024010506836,2024,010506836,1,9,0,18,19,3,7,0,0,8,0,0,0,0,4,1,3,7,2,48,8,1798,1,7,HONDA CIVIC,6,E01002692,0,1
2024201422615,2024,201422615,2,9,0,-1,2,0,0,-1,0,0,0,4,0,0,3,1,-1,6,1,49,8,1339,1,13,HONDA CIVIC,-1,-1,0,-1
2024351525003,2024,351525003,1,9,0,-1,9,8,6,-1,0,4,0,0,0,0,3,1,-1,6,2,41,7,2204,2,16,HONDA CIVIC,8,E01018236,0,1
2024411530782,2024,411530782,4,9,0,-1,2,0,0,-1,0,2,0,0,0,0,1,1,-1,6,-1,-1,-1,1799,1,15,HONDA CIVIC,-1,-1,0,-1
2024440543688,2024,440543688,2,9,0,18,19,7,3,0,0,8,0,0,0,0,4,1,6,6,1,32,6,1339,1,16,HONDA CIVIC,10,E01022837,0,1
2024211396150,2024,211396150,3,9,0,-1,3,1,5,-1,0,0,0,0,0,0,2,9,-1,9,2,64,9,1339,1,15,HONDA CIVIC,9,E01009814,0,1
2024201425317,2024,201425317,1,9,0,-1,19,4,8,-1,0,6,0,10,2,4,1,9,-1,6,1,22,5,1799,1,18,HONDA CIVIC,1,E01009350,0,1
2024131473031,2024,131473031,2,9,0,-1,19,5,1,-1,0,0,0,0,0,0,1,1,-1,9,1,40,7,2204,2,15,HONDA CIVIC,4,E01011772,0,2
2024052402086,2024,052402086,1,9,0,18,19,7,3,0,0,8,0,0,0,0,4,1,1,1,1,41,7,1798,1,7,HONDA CIVIC,3,E01006459,0,1
2024061426500,2024,061426500,1,9,0,-1,19,3,7,-1,0,8,9,0,0,0,4,1,-1,9,1,54,8,1396,1,19,HONDA CIVIC,2,E01005326,0,1
2024161441883,2024,161441883,1,9,0,-1,19,7,3,-1,0,0,0,0,0,0,1,1,-1,9,1,21,5,1339,1,13,HONDA CIVIC,7,E01013021,0,4
2024161483932,2024,161483932,2,9,0,-1,19,5,1,-1,0,1,0,0,0,0,1,1,-1,6,1,74,10,1597,2,10,HONDA CIVIC,8,E01012959,0,1
2024141518558,2024,141518558,1,9,0,-1,19,3,7,-1,0,1,0,0,0,0,1,1,-1,9,2,42,7,1798,1,11,HONDA CIVIC,4,E01007382,0,1
2024010549047,2024,010549047,1,9,0,99,99,9,9,99,99,9,9,99,9,99,2,9,6,6,2,46,8,1798,1,10,HONDA CIVIC,8,E01017802,0,4
2024201545326,2024,201545326,2,9,0,-1,19,2,6,-1,0,0,0,0,0,0,3,9,-1,6,1,25,5,1597,2,4,HONDA CIVIC,3,E01009221,0,2
2024201436193,2024,201436193,1,9,0,-1,9,6,4,-1,0,5,0,0,0,0,1,1,-1,6,3,-1,-1,1799,1,18,HONDA CIVIC,-1,-1,0,-1
2024522403216,2024,522403216,1,9,0,9,9,5,3,0,0,6,0,0,0,0,1,1,6,6,2,66,10,1590,1,20,HONDA CIVIC,10,E01014885,0,1
2024131503209,2024,131503209,2,9,0,-1,19,7,3,-1,0,0,0,0,0,0,3,1,-1,9,1,29,6,1590,1,19,HONDA CIVIC,1,E01011107,0,1
2024221536280,2024,221536280,1,9,0,-1,19,5,1,-1,0,1,0,0,0,0,1,9,-1,6,1,55,8,1798,1,9,HONDA CIVIC,6,E01014078,0,1
2024201491550,2024,201491550,2,8,0,-1,5,8,2,-1,0,8,1,0,0,0,3,1,-1,1,1,24,5,1798,1,8,HONDA CIVIC,4,E01009234,0,3
2024061488407,2024,061488407,2,9,0,-1,19,7,3,-1,0,0,0,0,0,0,1,1,-1,6,1,29,6,2204,2,16,HONDA CIVIC,4,E01006113,0,2
2024451517529,2024,451517529,1,9,0,-1,19,6,2,-1,0,1,0,0,0,0,1,1,-1,2,1,23,5,1799,1,18,HONDA CIVIC,2,E01034730,0,1
2024221513868,2024,221513868,1,9,0,-1,19,7,4,-1,0,0,0,0,0,0,3,1,-1,6,1,33,6,1590,1,22,HONDA CIVIC,2,E01028983,0,1
2024010551678,2024,010551678,1,5,0,18,19,3,7,0,0,8,1,4,1,0,1,1,6,6,1,26,6,745,1,8,HONDA NC750,-1,-1,0,-1
2024231531540,2024,231531540,1,5,0,-1,19,1,6,-1,0,0,1,0,1,4,1,1,-1,6,1,68,10,745,1,5,HONDA NC750,10,E01032361,0,4
2024010495835,2024,010495835,1,5,0,18,19,7,3,0,0,8,0,0,0,0,1,1,2,2,1,61,9,745,1,6,HONDA NC750,3,E01001468,0,1
2024461453334,2024,461453334,2,5,0,-1,19,7,3,-1,0,3,0,0,0,0,3,1,-1,9,1,-1,-1,745,1,0,HONDA NC750,4,E01024702,0,1
2024010523061,2024,010523061,2,5,0,13,13,5,1,0,0,1,0,0,0,0,4,1,6,6,1,28,6,745,1,9,HONDA NC750,-1,-1,0,-1
2024451487371,2024,451487371,1,5,0,-1,19,1,7,-1,0,1,1,0,0,0,1,1,-1,2,1,46,8,745,1,8,HONDA NC750,9,E01030693,0,1
2024010520764,2024,010520764,2,5,0,14,14,5,1,0,0,0,0,0,0,0,1,1,6,6,1,32,6,745,1,1,HONDA NC750,3,E01003993,0,2
2024010544399,2024,010544399,1,5,0,15,15,1,5,0,0,1,0,0,0,0,3,1,6,6,1,23,5,745,1,8,HONDA NC750,-1,-1,0,-1
2024411531252,2024,411531252,3,5,0,-1,19,5,1,-1,0,8,0,0,0,0,3,1,-1,6,1,25,5,745,1,9,HONDA NC750,7,E01023886,0,1