collision_index,collision_year,collision_ref_no,vehicle_reference,vehicle_type,towing_and_articulation,vehicle_manoeuvre_historic,vehicle_manoeuvre,vehicle_direction_from,vehicle_direction_to,vehicle_location_restricted_lane_historic,vehicle_location_restricted_lane,junction_location,skidding_and_overturning,hit_object_in_carriageway,vehicle_leaving_carriageway,hit_object_off_carriageway,first_point_of_impact,vehicle_left_hand_drive,journey_purpose_of_driver_historic,journey_purpose_of_driver,sex_of_driver,age_of_driver,age_band_of_driver,engine_capacity_cc,propulsion_code,age_of_vehicle,generic_make_model,driver_imd_decile,lsoa_of_driver,escooter_flag,driver_distance_banding
2024010502242,2024,010502242,1,5,0,5,5,5,1,0,0,6,0,4,0,0,4,1,6,6,1,45,7,745,1,9,HONDA NC750,-1,-1,0,-1
2024411471100,2024,411471100,1,5,0,-1,19,1,5,-1,0,4,0,0,0,0,1,1,-1,6,2,62,9,745,1,6,HONDA NC750,6,E01023506,0,4
2024461484475,2024,461484475,2,3,0,-1,10,4,3,-1,0,1,1,0,0,0,2,1,-1,6,1,46,8,745,1,6,HONDA NC750,5,E01023978,0,4
2024361460982,2024,361460982,1,5,0,-1,19,8,4,-1,0,0,1,0,0,0,0,1,-1,9,1,26,6,745,1,5,HONDA NC750,3,E01026631,0,1
2024010516884,2024,010516884,2,5,0,15,15,5,1,0,0,1,0,0,0,0,4,1,1,1,1,66,10,745,1,6,HONDA NC750,3,E01000867,0,1
2024440013020,2024,440013020,1,5,0,17,19,8,4,0,0,0,1,0,0,0,3,1,2,2,1,61,9,745,1,3,HONDA NC750,9,E01023227,0,3
2024010499882,2024,010499882,1,5,0,99,99,9,9,99,99,9,9,99,9,99,9,1,6,6,1,38,7,745,1,1,HONDA NC750,4,E01000507,0,1
2024122400989,2024,122400989,1,5,0,18,19,7,3,0,0,0,0,10,1,0,4,1,6,6,1,72,10,745,1,5,HONDA NC750,5,E01027676,0,4
2024161397030,2024,161397030,2,5,0,-1,19,3,7,-1,0,8,0,0,0,0,1,1,-1,9,1,79,11,745,1,5,HONDA NC750,7,E01012939,0,3
2024440202878,2024,440202878,2,5,0,18,19,6,2,0,0,1,0,0,0,0,1,1,2,2,1,62,9,745,1,4,HONDA NC750,4,E01017068,0,1
2024471445094,2024,471445094,1,5,0,-1,6,7,7,-1,0,1,1,4,0,0,1,1,-1,9,1,55,8,745,1,5,HONDA NC750,8,E01016936,0,1
2024010500430,2024,010500430,1,3,0,99,99,9,9,99,99,1,9,99,9,99,9,1,6,6,3,35,6,745,1,8,HONDA NC750,2,E01033926,0,3
2024010539817,2024,010539817,1,3,0,18,19,9,9,99,99,1,9,99,9,99,1,1,1,1,3,36,7,745,1,4,HONDA NC750,7,E01000572,0,2
2024010491364,2024,010491364,1,5,0,5,5,5,1,0,0,0,0,10,1,5,1,1,6,6,1,25,5,745,1,8,HONDA NC750,4,E01004416,0,1
2024520500028,2024,520500028,1,5,0,18,19,6,2,0,0,0,0,12,0,0,1,1,6,6,2,68,10,745,1,6,HONDA NC750,4,E01029327,0,2
2024010501227,2024,010501227,1,5,0,18,19,4,8,0,0,1,0,0,0,0,1,1,6,6,1,53,8,745,1,7,HONDA NC750,6,E01023327,0,4
2024421526052,2024,421526052,1,5,0,-1,15,1,5,-1,0,0,2,0,0,0,1,1,-1,2,1,48,8,745,1,3,HONDA NC750,10,E01023444,0,4
2024371487170,2024,371487170,1,5,0,-1,19,5,1,-1,0,3,0,0,0,0,1,1,-1,9,1,75,10,745,1,1,HONDA NC750,9,E01030191,0,1
2024010539120,2024,010539120,2,5,0,15,15,7,3,0,0,8,0,0,1,3,1,1,6,6,1,18,4,745,1,6,HONDA NC750,5,E01004056,0,1
2024010519608,2024,010519608,1,5,0,99,99,9,9,99,99,9,9,99,9,99,9,1,6,6,1,54,8,745,1,10,HONDA NC750,7,E01002538,0,1
2024010539447,2024,010539447,1,5,0,99,99,9,9,99,99,9,9,99,9,99,1,1,1,1,1,37,7,745,1,8,HONDA NC750,7,E01023576,0,3
2024451443403,2024,451443403,1,5,0,-1,19,5,1,-1,0,0,0,0,0,0,2,1,-1,1,1,33,6,745,1,6,HONDA NC750,10,E01030437,0,3
2024010546871,2024,010546871,3,5,0,4,4,4,8,0,0,0,0,0,0,0,2,1,1,1,1,45,7,745,1,3,HONDA NC750,5,E01016013,0,2
2024010530197,2024,010530197,1,5,0,18,19,1,5,0,0,0,0,0,0,0,4,1,6,6,1,50,8,745,1,7,HONDA NC750,4,E01003412,0,2
2024010523880,2024,010523880,1,5,0,14,14,1,5,0,0,1,0,0,0,0,1,1,2,2,1,66,10,745,1,8,HONDA NC750,2,E01000098,0,4
2024991481459,2024,991481459,2,5,0,-1,10,3,5,-1,0,2,0,0,0,0,2,1,-1,9,2,54,8,745,1,2,HONDA NC750,8,-1,0,4
2024451454101,2024,451454101,2,5,0,-1,19,6,2,-1,0,0,5,0,0,0,1,1,-1,9,1,33,6,745,1,9,HONDA NC750,3,E01003120,0,4
2024122400262,2024,122400262,1,5,0,9,9,3,1,0,0,8,1,0,0,0,3,1,6,6,1,58,9,745,1,11,HONDA NC750,6,E01027636,0,4
2024522402740,2024,522402740,1,5,0,18,19,4,8,0,0,8,0,0,0,0,1,1,6,6,1,68,10,745,1,4,HONDA NC750,6,E01014989,0,1
2024520002091,2024,520002091,2,5,0,18,19,1,5,0,0,0,0,0,0,0,1,1,6,6,1,66,10,745,1,5,HONDA NC750,3,E01009701,0,5
2024010505769,2024,010505769,1,5,0,15,15,7,3,0,0,0,0,0,7,0,1,1,6,6,1,30,6,745,1,6,HONDA NC750,-1,-1,0,-1
2024430304120,2024,430304120,1,5,0,13,13,8,4,0,0,0,0,0,0,0,4,1,6,6,1,54,8,745,1,1,HONDA NC750,9,E01016531,0,1
2024010507723,2024,010507723,1,5,0,99,99,9,9,99,99,9,9,99,9,99,1,1,6,6,3,-1,-1,745,1,3,HONDA NC750,-1,-1,0,-1
2024161424825,2024,161424825,1,3,0,-1,3,3,7,-1,0,1,0,0,0,0,2,1,-1,6,1,70,10,745,1,2,HONDA NC750,10,E01013108,0,1
2024010518415,2024,010518415,2,2,0,13,13,4,8,0,0,8,0,0,0,0,1,1,6,6,1,27,6,745,1,9,HONDA NC750,4,E01028532,0,4
2024010528338,2024,010528338,2,5,0,18,19,9,9,99,99,9,9,99,9,99,9,1,6,6,3,-1,-1,745,1,9,HONDA NC750,4,E01004628,0,1
2024552401053,2024,552401053,2,4,0,18,19,7,3,0,0,8,0,0,0,0,1,1,6,6,1,66,10,745,1,3,HONDA NC750,8,E01020349,0,1
2024201508452,2024,201508452,2,5,0,-1,19,1,5,-1,0,8,0,0,0,0,3,1,-1,6,1,67,10,745,1,6,HONDA NC750,5,E01009713,0,1
2024451505104,2024,451505104,1,5,0,-1,13,2,6,-1,0,0,5,0,0,0,1,1,-1,1,1,60,9,745,1,5,HONDA NC750,9,E01003838,0,2
2024991497387,2024,991497387,3,5,0,-1,19,7,3,-1,0,1,2,0,0,0,1,1,-1,9,1,68,10,745,1,8,HONDA NC750,8,-1,0,4
2024010541141,2024,010541141,1,5,0,99,99,9,9,99,99,9,9,99,9,99,2,1,1,1,1,33,6,745,1,1,HONDA NC750,4,E01003448,0,4
202417L101724,2024,17L101724,2,5,0,9,9,6,4,0,0,8,0,0,0,0,4,1,6,6,1,79,11,745,1,4,HONDA NC750,2,E01012031,0,4
2024101529473,2024,101529473,1,5,0,-1,2,0,0,-1,0,0,0,0,0,0,1,1,-1,1,1,55,8,745,1,4,HONDA NC750,2,E01008185,0,1
2024010497956,2024,010497956,1,3,0,15,15,1,5,0,0,1,2,0,0,0,3,1,2,2,1,39,7,745,1,6,HONDA NC750,3,E01021291,0,3
2024010523420,2024,010523420,1,5,0,18,19,5,1,0,0,4,1,10,0,0,1,1,6,6,1,22,5,745,1,5,HONDA NC750,-1,-1,0,-1
2024010546153,2024,010546153,1,5,0,9,9,3,2,0,0,1,0,4,0,0,1,1,6,6,1,21,5,745,1,10,HONDA NC750,8,E01001062,0,1
2024501450454,2024,501450454,1,5,0,-1,19,8,4,-1,0,8,5,0,7,0,1,1,-1,9,1,67,10,745,1,0,HONDA NC750,4,E01018881,0,4
2024010534197,2024,010534197,2,5,0,3,3,5,1,0,0,1,0,0,0,0,0,1,1,1,1,64,9,745,1,4,HONDA NC750,5,E01023827,0,4
2024010530989,2024,010530989,2,4,9,99,99,9,9,99,99,9,9,99,9,99,1,1,6,6,3,-1,-1,745,1,3,HONDA NC750,-1,-1,0,-1
2024010507032,2024,010507032,2,5,9,18,19,3,7,0,0,1,9,99,9,99,9,1,6,6,3,-1,-1,745,1,9,HONDA NC750,-1,-1,0,-1
2024440362632,2024,440362632,1,5,0,18,19,2,6,0,0,0,0,0,0,0,1,1,6,6,1,49,8,745,1,2,HONDA NC750,7,E01022992,0,4
2024991444286,2024,991444286,1,5,0,-1,19,2,7,-1,0,0,0,0,0,0,3,1,-1,2,1,56,9,745,1,7,HONDA NC750,7,-1,0,4
202460Q128119,2024,60Q128119,2,4,0,14,14,3,7,0,0,1,0,0,8,11,4,1,6,6,1,57,9,745,1,9,HONDA NC750,-1,-1,0,-1
2024010536396,2024,010536396,1,5,0,99,99,9,9,99,99,9,9,99,9,99,9,1,1,1,1,28,6,745,1,6,HONDA NC750,2,E01002067,0,3
2024010549988,2024,010549988,1,5,0,18,19,1,5,0,0,0,0,0,0,0,1,1,1,1,1,46,8,745,1,5,HONDA NC750,7,E01030651,0,4
2024451460178,2024,451460178,1,5,0,-1,13,5,1,-1,0,0,0,0,0,0,3,1,-1,9,1,51,8,745,1,7,HONDA NC750,4,E01000742,0,3
2024010535275,2024,010535275,1,5,0,18,19,6,2,0,0,1,2,0,0,0,1,1,2,2,1,47,8,745,1,4,HONDA NC750,-1,-1,0,-1
2024010501975,2024,010501975,1,5,0,18,19,3,7,0,0,1,0,0,0,0,1,1,6,6,2,60,9,745,1,4,HONDA NC750,2,E01015931,0,2
2024221526642,2024,221526642,1,5,0,-1,19,8,4,-1,0,0,1,0,0,0,4,1,-1,1,1,70,10,745,1,1,HONDA NC750,4,W01000456,0,4
2024010528691,2024,010528691,1,5,0,18,19,3,7,0,0,2,0,0,0,0,4,1,1,1,1,44,7,745,1,10,HONDA NC750,8,E01002291,0,4
2024052402227,2024,052402227,1,5,0,18,19,5,1,0,0,0,0,0,0,0,1,1,1,1,1,67,10,745,1,0,HONDA NC750,7,E01025499,0,2
2024471458783,2024,471458783,2,5,0,-1,19,7,7,-1,0,0,0,0,0,0,3,1,-1,6,1,61,9,745,1,3,HONDA NC750,5,E01023978,0,4
2024010548878,2024,010548878,1,4,0,18,19,3,7,0,0,1,1,0,0,0,1,1,2,2,1,32,6,745,1,4,HONDA NC750,9,E01003861,0,1
2024141469403,2024,141469403,2,5,0,-1,9,2,8,-1,0,8,0,0,0,0,4,1,-1,1,1,62,9,745,1,7,HONDA NC750,6,E01007598,0,2
2024010527799,2024,010527799,2,5,0,18,19,1,5,0,0,3,0,0,0,0,1,1,6,6,1,45,7,745,1,6,HONDA NC750,-1,-1,0,-1
2024010531929,2024,010531929,2,5,0,99,99,9,9,99,99,9,9,99,9,99,9,1,2,2,1,46,8,745,1,10,HONDA NC750,10,E01000249,0,3
2024631498163,2024,631498163,1,5,0,-1,13,7,3,-1,0,8,0,0,0,0,1,1,-1,2,1,28,6,745,1,1,HONDA NC750,7,W01000585,0,2
2024471452127,2024,471452127,2,5,0,-1,13,7,3,-1,0,0,1,0,7,0,1,1,-1,9,1,59,9,745,1,6,HONDA NC750,10,E01031755,0,2
2024471427392,2024,471427392,3,9,0,-1,19,5,1,-1,0,0,0,0,0,0,2,1,-1,1,1,61,9,1685,2,10,HYUNDAI IX35,5,E01016886,0,2
2024440405082,2024,440405082,2,9,0,4,4,4,8,0,0,0,0,0,0,0,1,1,6,6,3,-1,-1,1995,2,10,HYUNDAI IX35,-1,-1,0,-1
2024340WN2962,2024,340WN2962,1,9,0,-1,19,4,8,-1,0,2,5,4,7,0,1,1,-1,9,1,89,11,1995,2,9,HYUNDAI IX35,8,E01027279,0,1
2024461454083,2024,461454083,1,9,0,-1,19,5,1,-1,0,0,2,0,2,4,4,1,-1,9,1,26,6,1685,2,11,HYUNDAI IX35,4,E01024565,0,1
2024320597183,2024,320597183,3,9,0,-1,-1,6,3,0,0,1,0,0,0,0,1,1,-1,-1,1,29,6,1685,2,11,HYUNDAI IX35,3,E01013143,0,3
2024141518732,2024,141518732,1,9,0,-1,19,5,1,-1,0,0,0,0,0,0,2,1,-1,2,1,42,7,1685,2,12,HYUNDAI IX35,1,E01007539,0,1
2024010511112,2024,010511112,2,9,0,9,9,7,5,0,0,8,0,0,0,0,1,1,6,6,2,35,6,1591,1,9,HYUNDAI IX35,-1,-1,0,-1
2024622500056,2024,622500056,2,9,0,18,19,3,7,0,0,8,0,0,0,0,1,1,1,1,1,77,11,1685,2,9,HYUNDAI IX35,6,W01001306,0,1
2024131403128,2024,131403128,2,9,0,-1,5,7,3,-1,0,1,0,0,0,0,1,1,-1,1,2,54,8,1685,2,12,HYUNDAI IX35,1,E01010755,0,2
2024461503293,2024,461503293,1,9,0,-1,19,-1,-1,-1,-1,0,-1,-1,-1,0,4,9,-1,6,1,52,8,1995,2,14,HYUNDAI IX35,8,E01024024,0,3
2024211530600,2024,211530600,2,9,0,-1,19,3,7,-1,0,0,0,0,0,0,1,1,-1,6,2,61,9,1685,2,9,HYUNDAI IX35,-1,-1,0,-1
2024201531942,2024,201531942,2,9,0,-1,4,8,4,-1,0,0,0,0,0,0,2,1,-1,2,1,33,6,1591,1,9,HYUNDAI IX35,-1,-1,0,-1
2024010503752,2024,010503752,1,9,0,12,12,3,7,0,0,5,0,0,0,0,3,1,6,6,2,42,7,1591,1,11,HYUNDAI IX35,3,E01003241,0,1
2024052401357,2024,052401357,2,9,0,18,19,1,5,0,0,8,0,0,0,0,1,1,2,2,1,35,6,1685,2,9,HYUNDAI IX35,4,E01007109,0,2
2024311487932,2024,311487932,1,9,0,-1,5,5,3,-1,0,6,0,0,0,0,1,9,-1,6,1,67,10,1685,2,12,HYUNDAI IX35,8,E01028277,0,1
202417S208624,2024,17S208624,1,9,0,-1,19,4,8,-1,0,1,0,0,7,4,1,1,-1,2,1,31,6,1591,1,9,HYUNDAI IX35,1,E01012198,0,1
2024201443177,2024,201443177,1,9,0,-1,3,7,3,-1,0,0,0,0,0,0,1,1,-1,6,2,36,7,1685,2,12,HYUNDAI IX35,2,E01010261,0,3
2024546601124,2024,546601124,1,9,0,18,19,2,6,0,0,8,0,0,0,0,1,1,2,2,2,42,7,1995,2,14,HYUNDAI IX35,7,E01015490,0,1
2024471441848,2024,471441848,2,9,0,-1,5,6,2,-1,0,0,0,0,0,0,1,1,-1,6,1,-1,-1,1591,1,9,HYUNDAI IX35,3,E01024264,0,4
2024010534279,2024,010534279,1,9,0,16,19,1,5,0,0,1,0,0,0,0,1,1,6,6,1,24,5,1591,1,11,HYUNDAI IX35,-1,-1,0,-1
2024101533597,2024,101533597,1,9,0,-1,1,8,4,-1,0,8,0,0,0,0,2,9,-1,6,1,39,7,1685,2,10,HYUNDAI IX35,-1,-1,0,-1
2024471485875,2024,471485875,3,9,0,-1,19,4,8,-1,0,1,0,0,0,0,3,1,-1,9,2,51,8,1685,2,10,HYUNDAI IX35,8,E01016870,0,1
2024041484314,2024,041484314,1,9,0,-1,2,0,0,-1,0,0,0,4,0,0,1,1,-1,9,2,68,10,1995,2,12,HYUNDAI IX35,2,E01012576,0,1
2024991426137,2024,991426137,1,9,0,-1,19,7,4,-1,0,0,0,0,0,0,4,1,-1,1,1,37,7,1685,2,11,HYUNDAI IX35,7,-1,0,1
2024351479124,2024,351479124,2,9,0,-1,4,8,3,-1,0,0,0,0,0,0,1,1,-1,9,2,42,7,1591,1,9,HYUNDAI IX35,8,E01018221,0,1
2024340WN5382,2024,340WN5382,3,9,0,-1,19,7,3,-1,0,1,0,0,0,0,1,1,-1,6,1,57,9,1685,2,10,HYUNDAI IX35,7,E01027277,0,3
2024991486246,2024,991486246,1,9,0,-1,4,7,3,-1,0,1,0,0,0,0,1,1,-1,6,2,38,7,1685,2,10,HYUNDAI IX35,2,-1,0,1
2024201455905,2024,201455905,1,9,0,-1,19,7,3,-1,0,1,0,0,0,0,1,9,-1,6,1,68,10,1685,2,11,HYUNDAI IX35,1,E01009117,0,1
202417S109024,2024,17S109024,1,9,0,-1,19,3,7,-1,0,1,0,0,0,0,1,1,-1,6,1,63,9,1685,2,9,HYUNDAI IX35,4,E01012192,0,1
2024221454742,2024,221454742,2,9,0,-1,19,7,3,-1,0,0,0,0,0,0,1,1,-1,6,1,26,6,1685,2,10,HYUNDAI IX35,3,E01014145,0,3
2024340WN0722,2024,340WN0722,1,9,0,-1,19,1,5,-1,0,0,0,0,0,0,4,1,-1,9,1,22,5,1591,1,12,HYUNDAI IX35,1,E01027231,0,1
2024320294865,2024,320294865,1,9,0,-1,-1,4,8,0,0,2,0,0,0,0,1,1,1,1,1,28,6,1685,2,13,HYUNDAI IX35,2,E01026379,0,1
2024461535934,2024,461535934,2,9,0,-1,2,0,0,-1,0,0,0,0,0,0,4,9,-1,6,3,-1,-1,1685,2,9,HYUNDAI IX35,-1,-1,0,-1
2024401553339,2024,401553339,2,9,0,-1,19,1,5,-1,0,8,5,0,0,0,1,1,-1,6,1,42,7,1685,2,9,HYUNDAI IX35,4,E01017538,0,1
2024552401227,2024,552401227,1,9,0,18,19,1,5,0,0,4,0,0,0,0,3,1,6,6,2,71,10,1685,2,11,HYUNDAI IX35,7,E01020361,0,1
202454A322424,2024,54A322424,3,9,0,4,4,8,4,0,0,0,0,0,0,0,2,1,6,6,1,38,7,1685,2,10,HYUNDAI IX35,6,E01031942,0,2
2024531404586,2024,531404586,2,9,0,-1,19,5,1,-1,0,0,1,0,1,0,2,1,-1,9,2,47,8,1685,2,10,HYUNDAI IX35,9,E01011278,0,5
2024552401369,2024,552401369,1,9,0,9,9,3,8,0,0,6,0,0,0,0,3,1,2,2,2,43,7,1685,2,10,HYUNDAI IX35,10,E01015459,0,1
2024070685941,2024,070685941,2,9,0,4,4,3,7,0,0,1,0,0,0,0,1,1,6,6,2,70,10,1685,2,11,HYUNDAI IX35,6,E01007225,0,4
2024052402462,2024,052402462,1,9,0,5,5,8,4,0,0,1,0,0,0,0,1,1,6,6,1,46,8,1591,1,10,HYUNDAI IX35,1,E01006767,0,1
2024052401616,2024,052401616,1,9,0,18,19,3,7,0,0,3,0,0,0,0,1,1,6,6,2,45,7,1685,2,9,HYUNDAI IX35,1,E01006850,0,1
2024371459689,2024,371459689,3,9,0,-1,2,0,0,-1,0,2,0,0,0,0,2,1,-1,6,-1,-1,-1,1591,1,9,HYUNDAI IX35,-1,-1,0,-1
2024340WN3712,2024,340WN3712,2,9,0,-1,19,5,1,-1,0,0,0,0,0,0,3,1,-1,1,1,36,7,1685,2,12,HYUNDAI IX35,7,E01035395,0,4
2024440148369,2024,440148369,1,9,0,9,9,6,1,0,0,4,0,0,0,0,1,1,6,6,2,59,9,1685,2,11,HYUNDAI IX35,1,E01017331,0,1
2024471440919,2024,471440919,1,9,0,-1,19,7,7,-1,0,0,0,0,0,0,1,1,-1,2,2,28,6,1995,2,14,HYUNDAI IX35,3,E01031598,0,2
2024421477424,2024,421477424,2,9,0,-1,19,1,5,-1,0,8,2,0,1,0,1,1,-1,9,1,67,10,1685,2,11,HYUNDAI IX35,10,E01021611,0,1
2024991434892,2024,991434892,2,9,0,-1,2,8,4,-1,0,0,0,0,0,0,4,1,-1,6,2,39,7,1685,2,10,HYUNDAI IX35,8,-1,0,2
2024302401029,2024,302401029,1,9,0,9,9,1,8,0,0,2,0,0,0,0,3,1,6,6,1,-1,-1,1591,1,9,HYUNDAI IX35,7,E01019405,0,3
2024221472318,2024,221472318,1,9,0,-1,19,5,1,-1,0,0,0,0,0,0,4,1,-1,6,2,72,10,1591,1,11,HYUNDAI IX35,6,E01014135,0,1
2024471519893,2024,471519893,1,9,0,-1,19,8,4,-1,0,4,0,0,0,0,1,1,-1,9,2,54,8,1995,2,11,HYUNDAI IX35,9,E01016985,0,1
2024371521210,2024,371521210,2,9,0,-1,19,5,1,-1,0,1,0,0,0,0,3,1,-1,6,1,44,7,1685,2,14,HYUNDAI IX35,5,E01026891,0,4
2024141421491,2024,141421491,1,9,0,-1,19,5,1,-1,0,1,0,0,0,0,1,1,-1,6,1,34,6,1685,2,11,HYUNDAI IX35,4,E01007398,0,1
2024440047311,2024,440047311,1,9,0,9,9,3,1,0,0,8,0,0,0,0,3,1,6,6,2,65,9,1995,2,9,HYUNDAI IX35,-1,-1,0,-1
2024221447998,2024,221447998,1,9,0,-1,19,2,7,-1,0,8,0,0,0,0,4,1,-1,6,2,46,8,1685,2,10,HYUNDAI IX35,3,E01014010,0,4
2024541036224,2024,541036224,1,9,0,18,19,5,1,0,0,4,0,0,0,0,1,1,6,6,1,40,7,1685,2,11,HYUNDAI IX35,4,E01015492,0,1
2024211431018,2024,211431018,2,9,0,-1,12,2,6,-1,0,0,0,0,1,11,2,9,-1,6,2,42,7,1685,2,10,HYUNDAI IX35,7,E01029721,0,1
2024430032169,2024,430032169,1,9,0,18,19,5,1,0,0,1,0,0,1,4,1,1,6,6,1,33,6,1685,2,12,HYUNDAI IX35,6,E01028586,0,1
2024421515928,2024,421515928,1,9,0,-1,19,1,5,-1,0,8,0,0,0,0,4,1,-1,9,2,37,7,1685,2,12,HYUNDAI IX35,6,E01021714,0,1
2024522403061,2024,522403061,1,9,0,9,9,3,1,0,0,5,0,0,0,0,1,1,6,6,2,39,7,1591,1,9,HYUNDAI IX35,5,E01033339,0,1
202454D521124,2024,54D521124,1,9,0,18,19,5,1,0,0,4,0,0,0,0,1,1,6,6,2,45,7,1685,2,9,HYUNDAI IX35,4,E01022200,0,3
2024440552616,2024,440552616,2,9,0,3,3,1,5,0,0,2,0,0,0,0,4,1,6,6,1,38,7,1685,2,10,HYUNDAI IX35,2,E01022833,0,2
2024131582997,2024,131582997,2,9,0,-1,19,2,6,-1,0,1,0,0,0,0,1,1,-1,6,1,49,8,1995,2,10,HYUNDAI IX35,2,E01011223,0,1
2024552400581,2024,552400581,1,9,0,9,9,3,1,0,0,5,0,0,0,0,0,1,6,6,2,62,9,1591,1,12,HYUNDAI IX35,5,E01015461,0,1
2024622400773,2024,622400773,4,9,0,2,2,0,0,0,0,1,0,0,0,0,1,1,6,6,3,-1,-1,1591,1,10,HYUNDAI IX35,-1,-1,0,-1
2024061522155,2024,061522155,2,9,0,-1,19,1,1,-1,99,0,0,0,0,0,1,1,-1,6,3,30,6,1685,2,10,HYUNDAI IX35,-1,-1,0,-1
2024520001346,2024,520001346,1,9,0,5,5,3,7,0,0,8,0,0,0,0,1,1,6,6,1,84,11,1591,1,11,HYUNDAI IX35,10,E01014380,0,1
2024201528924,2024,201528924,1,9,0,-1,4,4,8,-1,0,0,0,0,0,0,2,1,-1,9,2,38,7,1685,2,10,HYUNDAI IX35,7,E01029660,0,3
2024531439152,2024,531439152,2,9,0,-1,3,7,3,-1,0,2,0,0,0,0,2,1,-1,9,1,40,7,1995,2,14,HYUNDAI IX35,10,E01032940,0,2
2024141493344,2024,141493344,1,9,0,-1,19,6,2,-1,0,0,0,0,0,0,1,1,-1,6,2,33,6,1685,2,12,HYUNDAI IX35,1,E01007597,0,1
2024161433276,2024,161433276,2,9,0,-1,19,7,3,-1,0,8,5,0,7,0,4,1,-1,9,1,29,6,1685,2,11,HYUNDAI IX35,3,E01012943,0,1
2024211521870,2024,211521870,2,9,0,-1,19,2,6,-1,0,1,0,0,0,0,1,1,-1,6,2,59,9,1685,2,9,HYUNDAI IX35,8,E01029618,0,1
2024311415966,2024,311415966,1,9,0,-1,19,5,1,-1,0,0,1,0,0,0,1,1,-1,9,1,38,7,1685,2,10,HYUNDAI IX35,10,E01028222,0,2
2024122500074,2024,122500074,2,9,0,5,5,1,5,0,0,6,0,0,0,0,1,1,6,6,2,51,8,1591,1,12,HYUNDAI IX35,8,E01013018,0,4
2024451467104,2024,451467104,3,9,0,-1,9,5,7,-1,0,1,0,0,0,0,3,1,-1,9,1,71,10,1995,2,9,HYUNDAI IX35,7,E01023131,0,2
2024471402899,2024,471402899,1,9,0,-1,7,5,8,-1,0,0,0,0,0,0,4,1,-1,6,2,60,9,1685,2,11,HYUNDAI IX35,9,E01031723,0,1
2024041448466,2024,041448466,2,9,0,-1,13,5,1,-1,0,3,0,0,1,0,4,1,-1,9,1,56,9,1995,2,11,HYUNDAI IX35,6,E01034340,0,2
2024421513612,2024,421513612,3,9,0,-1,3,7,3,-1,0,0,0,0,0,0,4,1,-1,9,1,67,10,1995,2,10,HYUNDAI IX35,5,E01021815,0,1
2024991499851,2024,991499851,1,9,0,-1,19,7,3,-1,0,0,1,0,1,0,3,1,-1,1,2,39,7,1591,1,9,HYUNDAI IX35,8,-1,0,2
2024061407760,2024,061407760,1,9,0,-1,19,7,3,-1,0,0,0,0,0,0,4,1,-1,6,1,46,8,1685,2,12,HYUNDAI IX35,8,E01006024,0,1
2024430443184,2024,430443184,1,9,0,17,19,8,4,0,0,0,0,0,1,2,1,1,6,6,1,42,7,1685,2,9,HYUNDAI IX35,8,E01028506,0,2
2024141534727,2024,141534727,2,9,0,-1,5,1,5,-1,0,0,0,0,0,0,3,1,-1,2,2,53,8,1685,2,9,HYUNDAI IX35,1,E01007370,0,1
2024631443424,2024,631443424,2,9,0,-1,5,1,4,-1,0,6,0,0,0,0,1,1,-1,1,1,55,8,1995,2,12,HYUNDAI IX35,7,W01000470,0,1
2024061464989,2024,061464989,1,9,0,-1,4,-1,-1,-1,0,0,0,0,0,0,1,1,-1,9,2,44,7,1685,2,9,HYUNDAI IX35,2,E01005829,0,1
2024161438156,2024,161438156,2,9,0,-1,19,8,4,-1,0,0,0,0,0,0,2,9,-1,6,2,-1,-1,1685,2,10,HYUNDAI IX35,-1,-1,0,-1
2024221480545,2024,221480545,1,9,0,-1,4,1,5,-1,0,0,0,0,0,0,2,1,-1,9,1,78,11,1995,2,10,HYUNDAI IX35,8,E01031125,0,4
2024991401199,2024,991401199,2,9,0,-1,19,1,5,-1,0,0,0,0,0,0,4,1,-1,9,2,26,6,1591,1,10,HYUNDAI IX35,2,-1,0,3
2024141405381,2024,141405381,1,9,0,-1,9,5,3,-1,0,1,1,0,0,0,1,1,-1,2,2,45,7,1995,2,9,HYUNDAI IX35,1,E01007856,0,1
2024131409066,2024,131409066,2,9,0,-1,19,2,6,-1,0,8,0,0,0,0,2,1,-1,6,1,51,8,1685,2,10,HYUNDAI IX35,8,-1,0,5
2024401541943,2024,401541943,4,9,0,-1,4,4,8,-1,0,0,0,0,0,0,2,1,-1,6,1,27,6,1685,2,12,HYUNDAI IX35,4,E01015804,0,1
2024351521944,2024,351521944,1,9,0,-1,19,5,2,-1,0,0,0,0,0,0,1,1,-1,9,2,37,7,1685,2,12,HYUNDAI IX35,5,E01018212,0,1
2024552401193,2024,552401193,2,9,0,18,19,8,4,0,0,0,0,0,0,0,2,1,6,6,2,36,7,1685,2,11,HYUNDAI IX35,4,E01015276,0,2
2024522402309,2024,522402309,1,9,0,2,2,0,0,0,0,0,0,0,0,0,3,1,6,6,2,38,7,1685,2,10,HYUNDAI IX35,2,E01014492,0,1