collision_index,collision_year,collision_ref_no,vehicle_reference,vehicle_type,towing_and_articulation,vehicle_manoeuvre_historic,vehicle_manoeuvre,vehicle_direction_from,vehicle_direction_to,vehicle_location_restricted_lane_historic,vehicle_location_restricted_lane,junction_location,skidding_and_overturning,hit_object_in_carriageway,vehicle_leaving_carriageway,hit_object_off_carriageway,first_point_of_impact,vehicle_left_hand_drive,journey_purpose_of_driver_historic,journey_purpose_of_driver,sex_of_driver,age_of_driver,age_band_of_driver,engine_capacity_cc,propulsion_code,age_of_vehicle,generic_make_model,driver_imd_decile,lsoa_of_driver,escooter_flag,driver_distance_banding
2024041488825,2024,041488825,1,9,0,-1,19,3,7,-1,0,0,0,0,0,0,1,9,-1,6,1,35,6,1685,2,10,HYUNDAI IX35,4,E01025261,0,1
2024320752672,2024,320752672,2,9,0,-1,-1,5,1,0,0,8,0,0,0,0,1,1,-1,-1,1,30,6,1995,2,13,HYUNDAI IX35,6,E01026264,0,1
2024451498828,2024,451498828,2,9,0,-1,19,6,2,-1,0,1,0,0,0,0,3,1,-1,2,2,28,6,1685,2,10,HYUNDAI IX35,-1,-1,0,-1
2024411455365,2024,411455365,1,9,0,-1,19,8,4,-1,0,0,0,0,0,0,4,1,-1,6,1,43,7,1591,1,10,HYUNDAI IX35,7,E01023856,0,1
2024501435286,2024,501435286,1,9,0,-1,9,1,6,-1,0,6,0,0,0,0,1,9,-1,6,2,57,9,1995,2,9,HYUNDAI IX35,2,E01018911,0,1
2024131510452,2024,131510452,2,9,0,-1,19,7,3,-1,0,8,0,0,0,0,1,1,-1,9,2,48,8,1685,2,11,HYUNDAI IX35,1,E01011293,0,1
2024991537526,2024,991537526,1,9,0,-1,5,7,4,-1,0,6,0,0,0,0,1,9,-1,9,2,34,6,1685,2,11,HYUNDAI IX35,1,-1,0,1
2024552400994,2024,552400994,2,9,0,18,19,3,7,0,0,0,0,0,0,0,2,1,6,6,1,86,11,1685,2,10,HYUNDAI IX35,10,E01015452,0,1
2024552400344,2024,552400344,1,9,0,9,9,2,1,0,0,5,0,0,0,0,4,1,6,6,1,37,7,1685,2,13,HYUNDAI IX35,1,E01034276,0,1
2024302400347,2024,302400347,1,9,0,18,19,4,8,0,0,0,0,0,0,0,3,1,6,6,2,44,7,1685,2,12,HYUNDAI IX35,5,E01019813,0,1
2024201447199,2024,201447199,1,9,0,-1,19,8,4,-1,0,8,0,0,0,0,1,1,-1,7,2,35,6,1685,2,9,HYUNDAI IX35,2,E01010508,0,1
2024311463026,2024,311463026,2,9,0,-1,4,4,4,-1,0,8,0,0,0,0,1,1,-1,6,1,44,7,1685,2,12,HYUNDAI IX35,1,E01013878,0,1
2024401431777,2024,401431777,1,9,0,-1,9,1,5,-1,-1,0,0,0,0,0,3,1,-1,6,1,24,5,1995,2,12,HYUNDAI IX35,8,E01017670,0,2
2024471432955,2024,471432955,2,9,0,-1,10,3,7,-1,0,1,0,0,0,0,2,1,-1,2,2,35,6,1995,2,14,HYUNDAI IX35,1,E01021135,0,2
2024141416728,2024,141416728,1,9,0,-1,10,1,6,-1,0,1,0,0,0,0,2,1,-1,9,2,29,6,1995,2,13,HYUNDAI IX35,2,E01007773,0,1
2024131436795,2024,131436795,1,9,0,-1,12,7,3,-1,0,8,0,0,0,0,3,1,-1,9,1,35,6,1685,2,11,HYUNDAI IX35,1,E01010782,0,1
2024070635365,2024,070635365,1,9,0,18,19,1,5,0,0,0,0,0,0,0,1,1,6,6,1,76,11,1685,2,9,HYUNDAI IX35,6,E01018679,0,1
2024991408726,2024,991408726,2,9,0,-1,19,3,7,-1,0,0,1,0,0,0,1,1,-1,6,1,37,7,1685,2,11,HYUNDAI IX35,6,-1,0,1
2024221505815,2024,221505815,1,9,0,-1,19,8,3,-1,0,0,0,10,7,1,1,1,-1,9,1,20,4,1995,2,13,HYUNDAI IX35,6,E01032200,0,1
2024302401421,2024,302401421,1,9,0,5,5,6,2,0,0,8,0,0,0,0,1,1,6,6,3,-1,-1,1995,2,11,HYUNDAI IX35,5,E01019456,0,3
2024311457624,2024,311457624,1,9,0,-1,19,2,6,-1,0,2,0,0,0,0,1,1,-1,2,1,37,7,1995,2,13,HYUNDAI IX35,8,E01028172,0,1
2024041488116,2024,041488116,1,9,0,-1,9,6,4,-1,0,8,0,0,0,0,4,1,-1,6,2,32,6,1591,1,10,HYUNDAI IX35,1,E01025139,0,1
2024052402268,2024,052402268,3,9,0,18,19,7,3,0,0,8,0,0,0,0,1,1,6,6,1,58,9,1685,2,12,HYUNDAI IX35,1,E01006676,0,1
2024351525859,2024,351525859,1,9,0,-1,19,2,6,-1,0,0,2,0,1,0,0,1,-1,6,2,47,8,1591,1,9,HYUNDAI IX35,2,E01018068,0,1
2024501494710,2024,501494710,1,9,0,-1,19,7,3,-1,0,0,0,0,0,0,1,1,-1,6,2,48,8,1685,2,10,HYUNDAI IX35,1,E01015023,0,1
2024010523833,2024,010523833,2,9,0,99,99,9,9,99,99,0,9,99,9,99,3,9,6,6,3,-1,-1,1591,1,10,HYUNDAI IX35,-1,-1,0,-1
2024440071435,2024,440071435,1,9,0,18,19,6,2,0,0,0,1,0,1,4,3,1,2,2,1,36,7,1591,1,10,HYUNDAI IX35,5,E01032844,0,3
2024201492433,2024,201492433,1,9,0,-1,19,5,1,-1,0,0,0,0,0,0,1,1,-1,6,-1,-1,-1,1685,2,11,HYUNDAI IX35,-1,-1,0,-1
2024991413442,2024,991413442,1,9,0,-1,7,5,7,-1,0,0,0,12,0,0,1,1,-1,6,2,65,9,1995,2,13,HYUNDAI IX35,-1,-1,0,-1
2024161448323,2024,161448323,1,9,0,-1,19,8,4,-1,0,1,0,0,0,0,4,1,-1,6,2,31,6,1995,2,14,HYUNDAI IX35,10,E01013088,0,3
2024471468994,2024,471468994,2,9,0,-1,19,6,2,-1,0,0,0,0,0,0,1,1,-1,9,2,32,6,1995,2,10,HYUNDAI IX35,4,E01020921,0,1
2024340WN6542,2024,340WN6542,1,9,0,-1,14,7,3,-1,0,1,0,4,0,0,1,1,-1,6,2,36,7,1995,2,10,HYUNDAI IX35,10,E01027298,0,1
2024430063389,2024,430063389,1,9,0,9,9,5,3,0,0,8,0,0,0,0,0,1,6,6,1,28,6,1685,2,11,HYUNDAI IX35,4,E01014904,0,4
2024430173639,2024,430173639,1,9,0,5,5,1,5,2,2,0,0,0,0,0,3,1,6,6,2,45,7,1995,2,10,HYUNDAI IX35,-1,-1,0,-1
2024041451263,2024,041451263,1,9,0,-1,9,3,1,-1,0,8,0,0,0,0,3,1,-1,9,2,79,11,1995,2,13,HYUNDAI IX35,8,E01025550,0,1
2024351420977,2024,351420977,1,9,0,-1,19,4,8,-1,0,0,5,0,2,0,1,1,-1,6,1,18,4,1591,1,11,HYUNDAI IX35,1,E01015607,0,2
2024161501894,2024,161501894,3,9,0,-1,2,0,0,-1,0,1,0,0,0,0,2,9,-1,6,-1,-1,-1,1591,1,12,HYUNDAI IX35,-1,-1,0,-1
2024041480169,2024,041480169,1,9,0,-1,19,7,3,-1,0,0,0,0,0,0,1,1,-1,9,1,49,8,1591,1,11,HYUNDAI IX35,1,E01012672,0,1
202460Q070581,2024,60Q070581,2,9,0,18,19,3,7,0,0,1,0,0,0,0,1,1,6,6,2,38,7,1995,2,11,HYUNDAI IX35,-1,-1,0,-1
2024041576429,2024,041576429,1,9,0,-1,19,5,1,-1,0,0,0,0,0,0,1,1,-1,6,1,62,9,1685,2,10,HYUNDAI IX35,8,E01025453,0,2
2024131418929,2024,131418929,1,9,0,-1,19,5,1,-1,0,8,0,0,0,0,1,1,-1,9,1,45,7,1685,2,9,HYUNDAI IX35,7,E01011684,0,1
2024622400280,2024,622400280,3,9,0,2,2,0,0,0,0,0,0,0,0,0,1,1,6,6,3,-1,-1,1685,2,11,HYUNDAI IX35,-1,-1,0,-1
2024010537735,2024,010537735,1,9,0,99,99,9,9,99,99,9,9,99,9,99,1,9,6,6,3,-1,-1,1591,1,11,HYUNDAI IX35,1,E01026666,0,5
2024501520352,2024,501520352,1,9,0,-1,5,1,5,-1,0,1,0,0,0,0,4,1,-1,9,1,40,7,1685,2,9,HYUNDAI IX35,5,E01020077,0,1
2024991520292,2024,991520292,1,9,0,-1,4,4,8,-1,0,1,0,0,0,0,1,1,-1,9,2,72,10,1685,2,13,HYUNDAI IX35,8,-1,0,1
2024141398032,2024,141398032,1,9,0,-1,19,4,8,-1,0,0,0,0,0,0,1,9,-1,6,1,40,7,1685,2,9,HYUNDAI IX35,1,E01008157,0,1
2024320151577,2024,320151577,2,9,0,2,2,0,0,0,0,0,0,0,1,0,2,1,6,6,2,33,6,1685,2,12,HYUNDAI IX35,1,E01026383,0,4
2024131434113,2024,131434113,2,9,0,-1,19,8,4,-1,0,0,0,0,0,0,2,1,-1,9,1,59,9,1685,2,12,HYUNDAI IX35,7,E01011588,0,1
2024010518936,2024,010518936,1,9,0,5,5,3,7,0,0,0,0,0,0,0,1,1,1,1,1,40,7,1482,1,0,MAKE AND MODEL REDACTED,3,E01034140,0,3
2024201477420,2024,201477420,2,9,0,-1,5,4,8,-1,0,6,0,0,0,0,1,1,-1,6,1,53,8,1482,1,0,MAKE AND MODEL REDACTED,8,E01024235,0,5
2024371536155,2024,371536155,3,9,0,-1,4,3,7,-1,0,0,1,0,0,0,1,1,-1,2,1,61,9,1482,1,1,MAKE AND MODEL REDACTED,8,E01030043,0,2
2024440489336,2024,440489336,1,9,0,16,19,5,1,0,0,4,0,9,3,10,1,1,6,6,1,55,8,1482,1,0,MAKE AND MODEL REDACTED,4,E01022711,0,4
2024501398070,2024,501398070,2,9,0,-1,19,7,3,-1,0,0,2,0,8,0,1,9,-1,9,2,39,7,1951,2,18,LAND ROVER FREELANDER,4,E01018951,0,3
2024161445689,2024,161445689,2,9,0,-1,2,0,0,-1,0,1,0,4,0,0,2,1,-1,6,-1,-1,-1,2179,2,16,LAND ROVER FREELANDER,-1,-1,0,-1
2024231465436,2024,231465436,1,9,0,-1,19,2,6,-1,0,0,1,0,0,0,1,1,-1,2,1,32,6,2179,2,16,LAND ROVER FREELANDER,3,E01009650,0,2
2024320168723,2024,320168723,1,9,0,-1,-1,2,6,0,0,4,5,0,0,0,2,2,-1,-1,2,58,9,2179,2,12,LAND ROVER FREELANDER,10,E01010169,0,5
2024440038595,2024,440038595,2,9,0,2,2,0,0,0,0,0,0,0,0,0,4,1,6,6,1,-1,-1,2179,2,11,LAND ROVER FREELANDER,-1,-1,0,-1
2024371411483,2024,371411483,2,9,0,-1,19,1,5,-1,0,0,0,0,0,0,3,1,-1,1,1,26,6,2179,2,14,LAND ROVER FREELANDER,6,E01029907,0,2
2024520403016,2024,520403016,1,9,0,18,19,1,5,0,0,8,0,0,0,0,4,1,6,6,1,58,9,1951,2,20,LAND ROVER FREELANDER,3,E01032635,0,1
2024141400408,2024,141400408,2,9,0,-1,19,8,4,-1,0,1,0,0,0,0,1,1,-1,9,2,36,7,3192,1,18,LAND ROVER FREELANDER,2,E01007849,0,1
2024461470786,2024,461470786,1,9,4,-1,7,2,4,-1,0,2,0,0,0,0,3,1,-1,9,1,85,11,2179,2,17,LAND ROVER FREELANDER,6,E01024432,0,1
2024131414697,2024,131414697,1,9,0,-1,9,7,1,-1,0,5,0,0,0,0,1,1,-1,9,1,79,11,2179,2,16,LAND ROVER FREELANDER,1,E01011540,0,1
2024031476594,2024,031476594,1,9,0,-1,12,3,7,-1,0,0,0,0,0,0,1,1,-1,9,1,83,11,1951,2,21,LAND ROVER FREELANDER,5,E01019306,0,1
2024991433245,2024,991433245,1,9,0,-1,19,7,4,-1,0,0,0,0,0,0,1,1,-1,9,2,30,6,2179,2,17,LAND ROVER FREELANDER,1,-1,0,1
2024520403253,2024,520403253,2,9,0,18,19,6,2,0,0,0,0,0,0,0,2,1,6,6,2,34,6,2179,2,15,LAND ROVER FREELANDER,2,E01029131,0,1
2024361469822,2024,361469822,2,9,0,-1,19,7,3,-1,0,8,0,0,0,0,3,1,-1,6,1,43,7,2179,2,11,LAND ROVER FREELANDER,3,E01026465,0,4
2024101504598,2024,101504598,1,9,0,-1,9,8,4,-1,0,1,0,0,0,0,1,1,-1,9,1,77,11,2179,2,11,LAND ROVER FREELANDER,1,E01008735,0,1
2024501505972,2024,501505972,2,9,0,-1,2,0,0,-1,0,0,0,0,0,0,2,1,-1,6,-1,-1,-1,1951,2,19,LAND ROVER FREELANDER,-1,-1,0,-1
2024302401610,2024,302401610,2,9,0,18,19,8,4,0,0,1,0,0,1,11,1,1,6,6,1,58,9,2179,2,13,LAND ROVER FREELANDER,8,E01008035,0,1
2024501487391,2024,501487391,2,9,0,-1,19,7,3,-1,0,8,5,0,2,4,1,1,-1,6,1,64,9,2179,2,15,LAND ROVER FREELANDER,4,E01034852,0,1
2024991517328,2024,991517328,2,9,0,-1,2,0,0,-1,0,0,0,0,0,0,1,1,-1,6,-1,-1,-1,2179,2,18,LAND ROVER FREELANDER,-1,-1,0,-1
2024430336064,2024,430336064,2,9,0,18,19,3,7,0,0,1,0,0,1,0,1,1,6,6,3,-1,-1,2179,2,16,LAND ROVER FREELANDER,-1,-1,0,-1
2024221414463,2024,221414463,2,9,0,-1,4,7,3,-1,0,0,0,0,0,0,1,9,-1,2,1,68,10,2179,2,17,LAND ROVER FREELANDER,5,E01014060,0,1
2024531489753,2024,531489753,2,9,0,-1,4,6,2,-1,0,0,0,0,0,0,2,1,-1,9,1,72,10,2179,2,13,LAND ROVER FREELANDER,6,E01022186,0,1
2024543648024,2024,543648024,3,9,0,18,19,7,3,0,0,0,0,0,0,0,2,1,6,6,2,33,6,1951,2,18,LAND ROVER FREELANDER,10,E01032097,0,4
2024501435757,2024,501435757,2,9,0,-1,19,3,7,-1,0,0,0,0,0,0,1,1,-1,9,2,59,9,2179,2,17,LAND ROVER FREELANDER,5,E01019947,0,3
2024546328124,2024,546328124,1,9,0,4,4,1,5,0,0,1,0,0,0,0,1,1,6,6,1,19,4,1951,2,20,LAND ROVER FREELANDER,6,E01032076,0,4
2024401475088,2024,401475088,1,9,0,-1,19,-1,-1,-1,0,0,0,0,0,0,1,1,-1,6,3,-1,-1,2179,2,15,LAND ROVER FREELANDER,-1,-1,0,-1
2024552400356,2024,552400356,1,9,0,13,13,4,8,0,0,0,0,0,0,0,4,1,6,6,1,52,8,1951,2,22,LAND ROVER FREELANDER,1,E01015288,0,2
2024131421605,2024,131421605,1,9,0,-1,-1,-1,-1,-1,-1,0,-1,-1,-1,0,-1,1,-1,6,3,-1,-1,1951,2,18,LAND ROVER FREELANDER,-1,-1,0,-1
2024461456710,2024,461456710,1,9,0,-1,19,7,2,-1,0,0,0,0,2,7,1,9,-1,6,2,26,6,2179,2,15,LAND ROVER FREELANDER,3,E01032830,0,3
2024052402836,2024,052402836,1,9,0,9,9,5,3,0,0,5,0,0,0,0,1,1,6,6,1,-1,-1,2179,2,16,LAND ROVER FREELANDER,1,E01006552,0,1
2024440136840,2024,440136840,1,9,0,18,19,8,4,0,0,0,5,0,0,0,1,1,6,6,1,28,6,2179,2,17,LAND ROVER FREELANDER,7,E01018269,0,5
2024141575258,2024,141575258,2,9,0,-1,19,7,3,-1,0,0,0,0,0,0,2,1,-1,6,1,77,11,2179,2,14,LAND ROVER FREELANDER,7,E01007659,0,2
2024520401862,2024,520401862,2,9,0,18,19,2,7,0,0,0,0,0,0,0,4,1,6,6,1,45,7,2179,2,15,LAND ROVER FREELANDER,2,E01029236,0,3
2024010546508,2024,010546508,1,9,0,1,1,3,7,0,0,8,0,0,0,0,4,1,6,6,1,54,8,1796,1,19,LAND ROVER FREELANDER,3,E01000043,0,1
2024131463180,2024,131463180,1,9,0,-1,19,7,3,-1,0,8,0,0,0,0,1,1,-1,6,1,36,7,2179,2,12,LAND ROVER FREELANDER,5,E01011147,0,1
2024631411700,2024,631411700,1,9,0,-1,19,3,8,-1,0,0,5,0,7,10,1,1,-1,2,1,22,5,1951,2,22,LAND ROVER FREELANDER,5,W01000559,0,2
2024522500227,2024,522500227,1,9,0,18,19,6,2,0,0,0,0,0,0,0,1,1,6,6,1,73,10,2179,2,14,LAND ROVER FREELANDER,2,E01010776,0,5
2024041411671,2024,041411671,1,9,0,-1,9,1,5,-1,0,1,0,0,0,0,4,1,-1,1,2,30,6,2179,2,15,LAND ROVER FREELANDER,7,E01025317,0,2
2024440082652,2024,440082652,1,9,0,18,19,2,6,0,0,0,2,0,2,4,1,1,6,6,1,37,7,2179,2,16,LAND ROVER FREELANDER,7,E01023235,0,1
2024061505313,2024,061505313,1,9,0,-1,8,3,5,-1,0,1,0,0,0,0,4,1,-1,9,1,50,8,2179,2,14,LAND ROVER FREELANDER,-1,-1,0,-1
2024302401716,2024,302401716,2,9,0,-1,19,5,8,-1,0,8,0,0,0,0,1,1,-1,6,2,53,8,2179,2,16,LAND ROVER FREELANDER,5,E01019480,0,1
2024061450410,2024,061450410,2,9,0,-1,14,-1,-1,-1,4,1,0,1,0,0,4,1,-1,6,2,46,8,2179,2,14,LAND ROVER FREELANDER,1,E01005245,0,1
2024221424800,2024,221424800,1,9,0,-1,19,4,8,-1,0,0,0,0,0,0,4,9,-1,6,1,76,11,1795,1,24,LAND ROVER FREELANDER,4,E01029003,0,4
2024010518603,2024,010518603,2,9,0,99,99,9,9,99,99,9,9,99,9,99,1,9,6,6,3,-1,-1,3200,1,17,LAND ROVER FREELANDER,5,E01001230,0,1
2024440543688,2024,440543688,1,9,0,9,9,1,6,0,0,8,0,0,0,0,3,1,6,6,1,71,10,2179,2,14,LAND ROVER FREELANDER,9,E01022828,0,1
2024061456961,2024,061456961,1,9,0,-1,5,7,3,-1,9,0,0,0,0,0,1,1,-1,6,2,61,9,2179,2,13,LAND ROVER FREELANDER,8,E01006161,0,3
2024440027574,2024,440027574,2,9,0,18,19,3,7,0,0,0,0,0,0,0,1,1,2,2,1,54,8,1951,2,19,LAND ROVER FREELANDER,10,E01023239,0,1
2024440026814,2024,440026814,1,9,0,16,19,8,2,0,0,0,0,0,0,0,3,1,6,6,1,37,7,2179,2,14,LAND ROVER FREELANDER,-1,-1,0,-1
202454C986624,2024,54C986624,1,9,0,18,19,2,6,0,0,0,0,0,0,0,1,1,6,6,1,40,7,1796,1,20,LAND ROVER FREELANDER,3,E01002278,0,5
2024041533638,2024,041533638,1,9,0,-1,13,5,1,-1,0,1,0,0,0,0,1,1,-1,7,1,40,7,2179,2,14,LAND ROVER FREELANDER,3,E01025356,0,1
2024631433891,2024,631433891,1,9,0,-1,12,5,8,-1,0,0,0,0,0,0,1,1,-1,9,1,70,10,1951,2,19,LAND ROVER FREELANDER,6,W01000471,0,4
2024201470301,2024,201470301,3,9,0,-1,2,0,0,-1,0,0,0,0,0,0,2,1,-1,6,2,57,9,1951,2,19,LAND ROVER FREELANDER,2,E01009933,0,1
2024440475684,2024,440475684,2,9,0,4,4,7,3,0,0,8,0,0,0,0,2,1,6,6,1,33,6,2179,2,13,LAND ROVER FREELANDER,-1,-1,0,-1
2024461402975,2024,461402975,2,9,0,-1,4,3,7,-1,0,1,0,0,0,0,2,1,-1,6,2,70,10,2179,2,16,LAND ROVER FREELANDER,7,E01016094,0,1
2024131442390,2024,131442390,1,9,0,-1,19,1,5,-1,0,8,0,0,0,0,3,1,-1,6,2,37,7,2179,2,17,LAND ROVER FREELANDER,8,E01011200,0,1
2024421449800,2024,421449800,1,9,0,-1,10,7,5,-1,0,0,0,0,0,0,4,1,-1,6,2,-1,-1,2179,2,17,LAND ROVER FREELANDER,-1,-1,0,-1
2024471496542,2024,471496542,1,9,0,-1,7,8,3,-1,0,6,0,0,0,0,3,1,-1,9,1,37,7,2179,2,16,LAND ROVER FREELANDER,2,E01031451,0,1
2024010537847,2024,010537847,1,9,0,14,14,7,3,0,0,0,0,0,0,0,1,1,6,6,3,-1,-1,2179,2,16,LAND ROVER FREELANDER,-1,-1,0,-1
2024010505723,2024,010505723,2,9,0,1,1,4,6,0,0,1,0,99,0,0,9,1,6,6,3,-1,-1,3192,1,18,LAND ROVER FREELANDER,-1,-1,0,-1
2024371494158,2024,371494158,2,9,0,-1,19,-1,-1,-1,0,8,0,0,0,0,4,2,-1,2,1,43,7,2179,2,11,LAND ROVER FREELANDER,10,E01030104,0,1
2024211544464,2024,211544464,1,9,0,-1,8,2,5,-1,0,5,5,0,0,0,1,1,-1,9,1,77,11,2179,2,14,LAND ROVER FREELANDER,-1,-1,0,-1
2024201421485,2024,201421485,2,9,0,-1,3,1,5,-1,0,0,0,0,0,0,0,1,-1,2,2,80,11,2179,2,11,LAND ROVER FREELANDER,5,E01010513,0,2
2024052402529,2024,052402529,3,9,0,9,9,7,5,0,0,8,0,0,0,0,4,1,6,6,1,27,6,2179,2,16,LAND ROVER FREELANDER,1,E01006632,0,1
2024231437819,2024,231437819,2,9,0,-1,7,3,6,-1,0,3,1,0,0,0,4,1,-1,9,1,21,5,1951,2,20,LAND ROVER FREELANDER,7,E01031206,0,3
2024122401066,2024,122401066,1,9,0,5,5,5,1,0,0,8,0,0,0,0,3,1,6,6,2,60,9,2179,2,11,LAND ROVER FREELANDER,7,E01027593,0,4
2024351469664,2024,351469664,1,9,0,-1,19,3,1,-1,0,0,0,0,0,0,2,1,-1,6,2,73,10,2179,2,11,LAND ROVER FREELANDER,7,E01015628,0,1
202460Q139980,2024,60Q139980,1,9,0,18,19,1,5,0,0,1,0,0,0,0,1,1,6,6,1,46,8,1951,2,20,LAND ROVER FREELANDER,-1,-1,0,-1
2024371404155,2024,371404155,1,9,0,-1,19,1,6,-1,0,0,0,0,0,0,4,1,-1,6,1,74,10,2179,2,12,LAND ROVER FREELANDER,4,E01030236,0,1
2024302401684,2024,302401684,2,9,0,-1,19,1,5,-1,0,0,0,0,0,0,1,1,-1,6,2,42,7,2179,2,17,LAND ROVER FREELANDER,10,E01019635,0,1
2024161480364,2024,161480364,2,9,0,-1,1,3,5,-1,0,0,0,0,0,0,2,9,-1,6,1,65,9,2179,2,10,LAND ROVER FREELANDER,8,E01013265,0,1
2024471441439,2024,471441439,1,9,0,-1,19,4,8,-1,0,1,0,0,0,0,1,9,-1,6,1,20,4,1951,2,19,LAND ROVER FREELANDER,3,E01020941,0,3
2024340WN2322,2024,340WN2322,2,9,0,-1,19,1,5,-1,0,1,0,0,0,0,4,1,-1,9,1,39,7,2179,2,11,LAND ROVER FREELANDER,6,E01019935,0,5
2024361418658,2024,361418658,2,9,0,-1,20,5,5,-1,0,0,0,0,0,0,3,1,-1,6,2,51,8,2179,2,10,LAND ROVER FREELANDER,6,E01026899,0,1
2024631438826,2024,631438826,1,9,0,-1,19,7,3,-1,0,0,2,0,2,10,1,1,-1,9,1,61,9,1951,2,23,LAND ROVER FREELANDER,4,W01000589,0,1
2024501413533,2024,501413533,2,9,0,-1,4,3,7,-1,0,0,0,0,0,0,2,9,-1,9,1,35,6,2179,2,10,LAND ROVER FREELANDER,3,E01015032,0,1
2024041400792,2024,041400792,1,9,0,-1,13,1,5,-1,0,1,0,0,0,0,1,1,-1,6,1,26,6,2179,2,12,LAND ROVER FREELANDER,1,E01006871,0,4
2024061420891,2024,061420891,1,9,4,-1,19,5,1,-1,0,1,0,0,0,0,3,1,-1,9,1,34,6,1951,2,18,LAND ROVER FREELANDER,3,E01006370,0,2
2024430613657,2024,430613657,1,9,0,18,19,4,8,0,0,2,0,0,0,0,4,1,6,6,2,70,10,2179,2,15,LAND ROVER FREELANDER,9,E01017752,0,1
2024430219139,2024,430219139,1,9,0,5,5,1,5,0,0,0,0,0,0,0,3,1,6,6,1,59,9,2179,2,17,LAND ROVER FREELANDER,8,E01028765,0,1
2024552500082,2024,552500082,1,9,0,18,19,8,4,0,0,0,0,0,0,0,1,1,6,6,1,46,8,2179,2,12,LAND ROVER FREELANDER,8,E01015314,0,1
2024548880524,2024,548880524,3,9,3,18,19,8,4,0,0,0,0,0,0,0,1,1,6,6,2,44,7,2179,2,13,LAND ROVER FREELANDER,4,E01032104,0,4
2024131408618,2024,131408618,2,9,0,-1,19,3,7,-1,0,8,0,0,0,0,0,1,-1,9,1,38,7,1951,2,19,LAND ROVER FREELANDER,1,E01011122,0,1
2024141462452,2024,141462452,1,9,0,-1,9,8,4,-1,0,6,0,0,3,0,1,1,-1,6,1,29,6,2179,2,13,LAND ROVER FREELANDER,1,E01007851,0,1
2024211487527,2024,211487527,1,9,0,-1,3,1,1,-1,0,0,1,0,0,0,1,1,-1,6,1,31,6,2179,2,12,LAND ROVER FREELANDER,5,E01029367,0,1
2024461427779,2024,461427779,2,9,0,-1,4,6,2,-1,0,0,0,0,0,0,2,9,-1,9,1,68,10,1951,2,18,LAND ROVER FREELANDER,8,E01016148,0,1
2024211412599,2024,211412599,1,9,0,-1,19,1,5,-1,0,0,1,0,1,0,1,1,-1,6,2,53,8,2179,2,16,LAND ROVER FREELANDER,5,E01029670,0,3
2024501471825,2024,501471825,1,9,0,-1,19,7,3,-1,0,0,2,0,0,0,2,1,-1,9,2,32,6,1951,2,18,LAND ROVER FREELANDER,3,E01020294,0,2
2024302400568,2024,302400568,2,9,0,18,19,3,7,0,0,8,0,0,0,0,1,1,6,6,1,75,10,2179,2,14,LAND ROVER FREELANDER,3,E01019484,0,1
2024221425382,2024,221425382,2,9,0,-1,4,8,3,-1,0,1,0,0,0,0,2,1,-1,6,1,60,9,2179,2,15,LAND ROVER FREELANDER,5,E01028999,0,1
2024070495705,2024,070495705,1,9,0,5,5,3,7,0,0,6,0,0,0,0,3,1,6,6,1,77,11,2179,2,12,LAND ROVER FREELANDER,8,E01018721,0,1
2024302401663,2024,302401663,2,9,0,2,2,0,0,0,0,1,0,0,0,0,1,1,1,1,2,62,9,1796,1,21,LAND ROVER FREELANDER,7,E01019634,0,4
2024430314027,2024,430314027,1,9,0,5,5,4,8,0,0,1,0,10,2,11,1,1,6,6,2,79,11,2179,2,15,LAND ROVER FREELANDER,9,E01028537,0,2
2024320210416,2024,320210416,1,9,0,-1,-1,1,5,0,0,0,0,0,0,0,1,1,6,6,1,26,6,1951,2,20,LAND ROVER FREELANDER,-1,-1,0,-1
2024041469947,2024,041469947,2,9,0,-1,19,5,1,-1,0,0,0,0,0,0,2,1,-1,9,2,29,6,2179,2,13,LAND ROVER FREELANDER,8,E01025347,0,4
2024131452055,2024,131452055,1,9,0,-1,4,1,5,-1,0,8,0,0,0,0,2,1,-1,9,2,58,9,2179,2,12,LAND ROVER FREELANDER,7,E01010590,0,3
2024131424987,2024,131424987,1,9,0,-1,19,3,7,-1,0,0,0,0,0,0,1,1,-1,6,3,-1,-1,2179,2,17,LAND ROVER FREELANDER,-1,-1,0,-1
2024221420705,2024,221420705,1,9,0,-1,12,8,5,-1,0,8,0,0,0,0,3,1,-1,6,1,70,10,2179,2,11,LAND ROVER FREELANDER,5,E01035068,0,1
2024302400388,2024,302400388,2,9,0,7,7,8,1,0,0,8,0,0,0,0,3,1,6,6,1,89,11,2179,2,13,LAND ROVER FREELANDER,7,E01019405,0,1