collision_index,collision_year,collision_ref_no,vehicle_reference,vehicle_type,towing_and_articulation,vehicle_manoeuvre_historic,vehicle_manoeuvre,vehicle_direction_from,vehicle_direction_to,vehicle_location_restricted_lane_historic,vehicle_location_restricted_lane,junction_location,skidding_and_overturning,hit_object_in_carriageway,vehicle_leaving_carriageway,hit_object_off_carriageway,first_point_of_impact,vehicle_left_hand_drive,journey_purpose_of_driver_historic,journey_purpose_of_driver,sex_of_driver,age_of_driver,age_band_of_driver,engine_capacity_cc,propulsion_code,age_of_vehicle,generic_make_model,driver_imd_decile,lsoa_of_driver,escooter_flag,driver_distance_banding
2024010506338,2024,010506338,1,11,0,4,4,3,7,0,0,2,0,0,0,0,1,1,1,1,1,57,9,4500,2,8,WRIGHTBUS NB4L,2,E01001815,0,2
2024010498796,2024,010498796,1,11,0,18,19,6,2,0,0,1,0,0,0,0,0,1,1,1,1,24,5,4500,2,9,WRIGHTBUS NB4L,2,E01000025,0,2
2024010504098,2024,010504098,1,11,0,18,19,3,7,0,0,1,0,0,0,0,0,1,1,1,2,41,7,4500,2,9,WRIGHTBUS NB4L,3,E01000867,0,1
2024010506321,2024,010506321,1,11,0,5,5,3,7,0,0,1,0,0,0,0,0,1,1,1,2,37,7,4500,2,8,WRIGHTBUS NB4L,4,E01030709,0,3
2024010526520,2024,010526520,1,11,0,15,15,7,3,2,2,1,0,0,0,0,1,1,1,1,1,59,9,4500,2,8,WRIGHTBUS NB4L,2,E01002760,0,2
2024010544522,2024,010544522,1,11,0,18,19,7,3,0,0,1,0,0,0,0,4,1,1,1,1,52,8,4461,2,11,WRIGHTBUS NB4L,4,E01003043,0,1
2024010513515,2024,010513515,1,11,0,17,19,1,5,2,2,2,0,0,0,0,0,1,1,1,1,25,5,4461,2,10,WRIGHTBUS NB4L,3,E01001825,0,1
2024010498571,2024,010498571,1,11,0,18,19,1,5,0,0,0,0,0,0,0,4,1,1,1,1,53,8,4500,2,8,WRIGHTBUS NB4L,5,E01033740,0,3
2024010530192,2024,010530192,1,11,0,18,19,5,1,0,0,1,0,0,0,0,0,1,1,1,1,59,9,4500,2,8,WRIGHTBUS NB4L,2,E01001710,0,3
2024010548695,2024,010548695,1,11,0,5,5,0,5,0,0,0,0,0,0,0,2,1,1,1,1,67,10,4500,2,7,WRIGHTBUS NB4L,8,E01004500,0,2
2024010534725,2024,010534725,1,11,0,18,19,3,7,0,0,2,0,0,0,0,4,1,1,1,1,47,8,4500,2,9,WRIGHTBUS NB4L,6,E01004369,0,3
2024010507738,2024,010507738,1,11,0,2,2,0,0,2,2,1,0,0,0,0,3,1,6,6,3,-1,-1,4500,2,9,WRIGHTBUS NB4L,-1,-1,0,-1
2024010519542,2024,010519542,1,11,0,4,4,1,5,0,0,1,0,0,0,0,0,1,1,1,1,37,7,4500,2,8,WRIGHTBUS NB4L,3,E01003920,0,3
2024010504740,2024,010504740,1,11,0,18,19,5,1,0,0,2,0,0,0,0,1,1,1,1,1,41,7,4500,2,9,WRIGHTBUS NB4L,4,E01004373,0,1
2024010550331,2024,010550331,1,11,0,5,5,5,1,0,0,1,0,0,0,0,0,1,1,1,2,61,9,4461,2,10,WRIGHTBUS NB4L,4,E01003096,0,2
2024010549122,2024,010549122,1,11,0,5,5,3,7,2,2,1,0,0,0,0,4,1,1,1,1,68,10,4500,2,9,WRIGHTBUS NB4L,2,E01001971,0,2
2024010548701,2024,010548701,1,11,0,5,5,7,3,2,2,1,0,0,0,0,1,1,1,1,1,36,7,4500,2,9,WRIGHTBUS NB4L,2,E01003590,0,3
2024010490271,2024,010490271,1,11,0,18,19,5,1,2,2,8,0,0,0,0,1,1,1,1,1,23,5,4500,2,8,WRIGHTBUS NB4L,5,E01000251,0,3
2024010504587,2024,010504587,1,11,0,18,19,7,3,2,2,2,0,0,0,0,0,1,1,1,1,57,9,4461,2,10,WRIGHTBUS NB4L,1,E01002089,0,1
2024010543615,2024,010543615,1,11,0,18,19,1,5,0,0,1,0,0,0,0,0,2,1,1,1,57,9,4461,2,11,WRIGHTBUS NB4L,2,E01003966,0,1
2024010521045,2024,010521045,2,11,0,2,2,0,0,2,2,0,0,0,0,0,0,1,6,6,3,-1,-1,4461,2,10,WRIGHTBUS NB4L,-1,-1,0,-1
2024010503037,2024,010503037,1,11,0,18,19,6,2,2,2,1,0,0,0,0,1,1,1,1,1,51,8,4500,2,7,WRIGHTBUS NB4L,9,E01002322,0,2
2024010518812,2024,010518812,1,11,0,4,4,6,2,0,0,1,0,0,0,0,0,2,1,1,1,22,5,4500,2,9,WRIGHTBUS NB4L,4,E01004356,0,2
2024010498807,2024,010498807,1,11,0,4,4,1,5,0,0,1,0,0,0,0,0,1,1,1,2,32,6,4461,2,10,WRIGHTBUS NB4L,3,E01032786,0,3
2024010488248,2024,010488248,2,11,9,99,99,9,9,99,99,0,9,99,9,99,9,9,6,6,3,-1,-1,4461,2,11,WRIGHTBUS NB4L,-1,-1,0,-1
2024010540381,2024,010540381,1,11,0,5,5,1,5,1,1,1,0,0,0,0,0,1,1,1,1,32,6,4500,2,8,WRIGHTBUS NB4L,4,E01004258,0,1
2024010509669,2024,010509669,1,11,0,4,4,2,6,0,0,1,0,0,0,0,0,1,6,6,1,30,6,4461,2,11,WRIGHTBUS NB4L,6,E01003359,0,2
2024010538015,2024,010538015,1,11,0,5,5,0,1,0,0,0,0,0,0,0,0,1,1,1,1,56,9,4500,2,9,WRIGHTBUS NB4L,2,E01000550,0,1
2024010511795,2024,010511795,1,11,0,5,5,3,7,2,2,1,0,0,0,0,0,1,1,1,2,39,7,4461,2,10,WRIGHTBUS NB4L,3,E01001825,0,1
2024010511781,2024,010511781,2,11,0,9,9,1,7,0,0,8,0,0,0,0,3,1,1,1,1,44,7,4461,2,10,WRIGHTBUS NB4L,-1,-1,0,-1
2024010540671,2024,010540671,1,11,0,4,4,5,1,2,2,0,0,0,0,0,0,1,6,6,1,62,9,4500,2,7,WRIGHTBUS NB4L,5,E01003375,0,3
2024010510319,2024,010510319,1,11,0,5,5,5,1,0,0,1,0,0,0,0,1,1,1,1,1,61,9,4500,2,9,WRIGHTBUS NB4L,1,E01002081,0,1
2024010529146,2024,010529146,1,11,0,5,5,3,7,2,2,2,0,0,0,0,4,1,1,1,1,19,4,4500,2,9,WRIGHTBUS NB4L,3,E01004448,0,2
2024010524243,2024,010524243,2,11,0,18,19,3,7,0,0,1,0,0,0,0,3,1,1,1,1,23,5,4500,2,8,WRIGHTBUS NB4L,5,E01002660,0,1
2024010510766,2024,010510766,1,11,0,5,5,0,5,0,0,1,0,0,0,0,0,1,6,6,1,54,8,4500,2,9,WRIGHTBUS NB4L,3,E01003154,0,3
2024010493091,2024,010493091,1,11,0,5,5,7,3,0,0,1,0,0,0,0,0,1,1,1,1,21,5,4500,2,9,WRIGHTBUS NB4L,4,E01003788,0,2
2024010544555,2024,010544555,1,11,0,5,5,1,5,0,0,2,0,0,0,0,0,1,1,1,2,60,9,4500,2,8,WRIGHTBUS NB4L,3,E01001789,0,1
2024010520354,2024,010520354,1,11,0,5,5,3,7,0,0,0,0,4,7,11,1,2,1,1,1,61,9,4500,2,7,WRIGHTBUS NB4L,3,E01000007,0,4
2024010524724,2024,010524724,1,11,0,18,19,7,3,0,0,9,0,0,0,0,0,1,1,1,1,41,7,4500,2,7,WRIGHTBUS NB4L,3,E01003137,0,2
2024010525458,2024,010525458,1,11,0,2,2,0,0,0,0,1,0,0,0,0,2,1,6,6,3,-1,-1,4500,2,9,WRIGHTBUS NB4L,-1,-1,0,-1
2024010498033,2024,010498033,1,11,0,9,9,5,2,9,9,8,0,11,1,10,1,1,1,1,1,48,8,4461,2,10,WRIGHTBUS NB4L,5,E01003495,0,3
2024010539827,2024,010539827,1,11,0,18,19,7,3,0,0,8,0,0,0,0,4,1,1,1,1,39,7,4500,2,9,WRIGHTBUS NB4L,2,E01004014,0,1
2024010523000,2024,010523000,2,11,0,2,2,0,0,0,0,0,0,0,0,0,2,1,6,6,1,35,6,4500,2,10,WRIGHTBUS NB4L,-1,-1,0,-1
2024010540024,2024,010540024,1,11,0,18,19,5,1,0,0,1,0,0,0,0,0,1,1,1,1,33,6,4500,2,9,WRIGHTBUS NB4L,1,E01001847,0,2
2024010551291,2024,010551291,1,11,0,18,19,3,7,0,0,1,0,0,0,0,1,1,1,1,1,39,7,4461,2,11,WRIGHTBUS NB4L,2,E01002100,0,3
2024010525563,2024,010525563,2,11,0,4,4,6,2,0,0,0,0,0,0,0,0,1,1,1,1,58,9,4500,2,10,WRIGHTBUS NB4L,5,E01004377,0,2
2024010515309,2024,010515309,3,11,0,99,99,9,9,99,99,0,9,99,9,99,2,1,6,6,2,32,6,4461,2,11,WRIGHTBUS NB4L,2,E01003330,0,2
2024010532433,2024,010532433,1,11,0,18,19,5,1,2,2,1,0,0,0,0,0,1,1,1,1,19,4,4461,2,10,WRIGHTBUS NB4L,3,E01004467,0,2
2024010532344,2024,010532344,1,11,0,4,4,5,1,0,0,1,0,0,0,0,0,1,1,1,1,44,7,4500,2,9,WRIGHTBUS NB4L,2,E01000030,0,1
2024010527722,2024,010527722,1,11,0,18,19,2,6,2,2,1,0,0,0,0,0,1,1,1,1,50,8,4500,2,9,WRIGHTBUS NB4L,4,E01004373,0,2
2024010506986,2024,010506986,1,11,0,18,19,3,7,2,2,2,0,0,0,0,0,1,1,1,1,41,7,4500,2,8,WRIGHTBUS NB4L,2,E01003592,0,2
2024010534671,2024,010534671,1,11,0,18,19,3,7,0,0,1,0,0,1,0,0,1,1,1,1,25,5,4500,2,10,WRIGHTBUS NB4L,3,E01001814,0,2
2024010548126,2024,010548126,1,11,0,18,19,5,1,2,2,1,0,0,0,0,2,1,6,6,1,55,8,4500,2,9,WRIGHTBUS NB4L,6,E01003435,0,2
2024010497804,2024,010497804,1,11,1,5,5,0,3,0,0,0,0,0,0,0,4,1,1,1,1,43,7,4500,2,8,WRIGHTBUS NB4L,2,E01001560,0,1
2024010516715,2024,010516715,1,11,0,4,4,7,3,0,0,2,0,0,0,0,0,1,1,1,1,32,6,4500,2,8,WRIGHTBUS NB4L,3,E01003977,0,2
2024010537038,2024,010537038,1,11,0,4,4,2,6,2,2,1,0,0,0,0,0,1,6,6,2,40,7,4500,2,9,WRIGHTBUS NB4L,2,E01034476,0,2
2024010534718,2024,010534718,1,11,0,5,5,0,3,2,2,0,0,0,0,0,0,1,1,1,1,24,5,4500,2,9,WRIGHTBUS NB4L,4,E01002098,0,1
2024010551323,2024,010551323,2,11,0,18,19,1,5,99,99,9,0,4,9,99,3,1,6,6,3,-1,-1,4500,2,8,WRIGHTBUS NB4L,-1,-1,0,-1
2024010512310,2024,010512310,1,11,0,4,4,7,3,0,0,8,0,0,0,0,0,1,1,1,1,26,6,4500,2,8,WRIGHTBUS NB4L,2,E01003336,0,1
2024010536259,2024,010536259,1,11,0,18,19,7,3,0,0,1,0,0,0,0,0,1,1,1,1,37,7,4461,2,11,WRIGHTBUS NB4L,2,E01001857,0,1
2024010532496,2024,010532496,1,11,0,18,19,7,3,0,0,8,0,0,0,0,1,1,1,1,1,54,8,4500,2,8,WRIGHTBUS NB4L,-1,-1,0,-1
2024010534687,2024,010534687,2,11,0,4,4,1,5,0,0,0,0,0,0,0,0,1,1,1,2,59,9,4500,2,10,WRIGHTBUS NB4L,2,E01003735,0,3
2024010518416,2024,010518416,1,11,0,5,5,7,3,2,2,2,0,0,0,0,0,1,1,1,1,60,9,4461,2,10,WRIGHTBUS NB4L,2,E01032575,0,2
2024010498953,2024,010498953,1,11,0,18,19,7,3,0,0,1,0,0,0,0,0,1,1,1,1,19,4,4461,2,10,WRIGHTBUS NB4L,4,E01003603,0,2
2024010547341,2024,010547341,1,11,0,18,19,5,1,0,0,1,0,0,0,0,3,1,1,1,1,52,8,4500,2,8,WRIGHTBUS NB4L,2,E01003633,0,2
2024010515655,2024,010515655,3,11,0,4,4,4,8,0,0,0,0,0,0,0,3,1,1,1,1,68,10,4461,2,10,WRIGHTBUS NB4L,6,E01001408,0,1
2024010541776,2024,010541776,1,11,0,4,4,1,5,0,0,1,0,0,0,0,0,1,1,1,1,35,6,4500,2,9,WRIGHTBUS NB4L,2,E01003601,0,2
2024010519856,2024,010519856,1,11,0,4,4,8,4,99,99,9,9,99,9,99,9,1,1,1,3,44,7,4461,2,11,WRIGHTBUS NB4L,6,E01001652,0,3
2024010527053,2024,010527053,1,11,0,18,19,7,3,0,0,2,0,0,0,0,0,1,1,1,1,38,7,4461,2,10,WRIGHTBUS NB4L,2,E01016004,0,3
2024010537329,2024,010537329,1,11,0,-1,-1,5,1,2,2,4,0,0,0,0,1,1,6,6,1,61,9,4500,2,7,WRIGHTBUS NB4L,7,E01001160,0,2
2024010545640,2024,010545640,1,11,0,9,9,6,4,2,2,2,0,0,0,0,0,1,1,1,1,58,9,4500,2,8,WRIGHTBUS NB4L,8,E01004586,0,3
2024010548827,2024,010548827,1,11,0,99,99,9,9,0,0,0,0,0,0,0,9,9,6,6,3,-1,-1,4500,2,9,WRIGHTBUS NB4L,-1,-1,0,-1
2024010512201,2024,010512201,1,11,0,18,19,5,1,0,0,1,0,0,7,0,1,1,1,1,1,43,7,4416,2,10,WRIGHTBUS NB4L,3,E01001981,0,3
2024061423355,2024,061423355,2,9,0,-1,19,-1,-1,-1,0,0,0,0,0,0,1,1,-1,6,3,-1,-1,3956,2,7,AUDI SQ7,-1,-1,0,-1
2024531452473,2024,531452473,2,9,0,-1,9,2,6,-1,0,1,0,0,0,0,2,1,-1,6,2,33,6,3956,2,7,AUDI SQ7,8,E01022463,0,1
2024010508924,2024,010508924,2,9,0,2,2,0,0,9,9,0,0,4,0,0,2,1,6,6,3,-1,-1,3996,1,1,AUDI SQ7,-1,-1,0,-1
2024991518301,2024,991518301,2,9,0,-1,4,4,7,-1,0,1,0,0,0,0,1,1,-1,6,1,37,7,3956,2,7,AUDI SQ7,1,-1,0,1
2024010546592,2024,010546592,2,9,0,99,99,9,9,99,99,9,9,99,9,99,1,9,6,6,3,-1,-1,3996,1,2,AUDI SQ7,-1,-1,0,-1
2024471423345,2024,471423345,2,9,0,-1,19,4,8,-1,0,0,0,0,0,0,2,1,-1,1,2,49,8,3956,2,7,AUDI SQ7,9,E01031769,0,2
2024501455781,2024,501455781,2,9,0,-1,9,6,4,-1,0,4,0,0,0,0,1,1,-1,9,1,36,7,3996,1,1,AUDI SQ7,1,E01015048,0,1
2024010515496,2024,010515496,2,9,0,2,2,0,0,0,0,2,0,0,0,0,4,1,6,6,3,-1,-1,3956,2,5,AUDI SQ7,-1,-1,0,-1
2024522401167,2024,522401167,2,9,0,9,9,7,4,0,0,6,0,0,0,0,1,1,6,6,3,-1,-1,3956,2,7,AUDI SQ7,-1,-1,0,-1
2024302400873,2024,302400873,2,9,0,10,10,1,7,0,0,1,0,0,0,0,2,1,6,6,2,34,6,3956,2,7,AUDI SQ7,5,E01019873,0,1
2024552400126,2024,552400126,1,3,0,7,7,7,1,0,0,8,1,0,0,0,0,1,6,6,1,20,4,125,1,1,MAKE AND MODEL REDACTED,5,E01020452,0,1
2024201482885,2024,201482885,2,2,0,-1,3,1,5,-1,0,6,0,0,0,0,2,1,-1,1,1,19,4,125,1,3,MAKE AND MODEL REDACTED,1,E01009748,0,1
2024622400245,2024,622400245,2,3,0,18,19,6,2,0,0,1,0,0,0,0,0,1,2,2,1,56,9,125,1,1,MAKE AND MODEL REDACTED,6,W01000986,0,1
2024332400152,2024,332400152,2,4,0,-1,19,1,5,-1,0,8,0,0,0,0,1,1,-1,2,1,21,5,125,1,1,MAKE AND MODEL REDACTED,7,E01013642,0,1
2024552400651,2024,552400651,1,3,0,18,19,8,4,0,0,0,0,0,0,0,1,1,2,2,1,20,4,125,1,1,MAKE AND MODEL REDACTED,4,E01020444,0,2
2024211488606,2024,211488606,1,9,0,-1,7,0,0,-1,0,0,0,0,1,0,1,1,-1,9,2,48,8,2000,2,3,MAKE AND MODEL REDACTED,1,E01010485,0,3
2024351432222,2024,351432222,6,9,0,-1,4,5,1,-1,0,0,0,0,0,0,2,1,-1,6,1,55,8,1560,2,6,MAKE AND MODEL REDACTED,7,E01030083,0,5
2024010499215,2024,010499215,2,9,0,3,3,3,7,0,0,1,0,0,0,0,2,1,1,1,1,39,7,1500,2,6,MAKE AND MODEL REDACTED,2,E01000020,0,2
2024122400474,2024,122400474,2,9,0,2,2,0,0,0,0,0,0,0,0,0,2,1,1,1,3,-1,-1,1560,2,8,MAKE AND MODEL REDACTED,-1,-1,0,-1
2024401507369,2024,401507369,1,9,-1,-1,-1,-1,-1,-1,-1,0,-1,-1,-1,0,-1,9,-1,6,3,-1,-1,1500,2,6,MAKE AND MODEL REDACTED,-1,-1,0,-1
2024471508929,2024,471508929,2,9,0,-1,2,0,0,-1,0,0,0,0,3,0,3,1,-1,6,-1,-1,-1,1997,2,1,MAKE AND MODEL REDACTED,-1,-1,0,-1
202417M105424,2024,17M105424,1,9,0,-1,19,1,5,-1,0,8,0,0,0,0,3,1,-1,9,2,25,5,-1,3,4,MAKE AND MODEL REDACTED,2,E01012051,0,1
2024221433256,2024,221433256,1,5,0,-1,19,7,3,-1,0,0,0,10,1,0,1,1,-1,6,1,52,8,618,1,21,MAKE AND MODEL REDACTED,-1,-1,0,-1
2024332400120,2024,332400120,2,9,0,-1,9,6,5,-1,0,5,0,0,0,0,1,1,-1,9,1,75,10,2544,1,24,MAKE AND MODEL REDACTED,8,E01025681,0,1
2024010543038,2024,010543038,2,9,0,99,99,9,9,99,99,9,9,99,9,99,9,9,1,1,2,28,6,-1,3,0,FORD MODEL MISSING,5,E01024181,0,3
2024440209837,2024,440209837,1,9,0,3,3,4,8,0,0,1,0,0,0,0,1,1,6,6,1,41,7,1596,1,23,FORD MODEL MISSING,4,E01017297,0,1
2024471442641,2024,471442641,2,9,0,-1,19,2,6,-1,0,1,0,0,0,0,1,2,-1,6,1,42,7,5800,1,55,FORD MODEL MISSING,4,E01020957,0,1
2024501477393,2024,501477393,1,9,0,-1,1,2,6,-1,0,0,0,0,0,0,2,1,-1,6,1,67,10,1242,1,25,FORD MODEL MISSING,8,W01001554,0,5
2024440433071,2024,440433071,1,9,0,10,10,1,7,0,0,1,0,0,0,0,2,1,6,6,2,35,6,1388,1,18,FORD MODEL MISSING,8,E01023089,0,2
2024211518438,2024,211518438,3,9,0,-1,2,7,4,-1,0,0,1,4,0,0,2,1,-1,1,1,34,6,1560,2,14,FORD MODEL MISSING,-1,-1,0,-1
2024061484862,2024,061484862,3,19,0,-1,19,1,5,-1,0,0,0,0,0,0,1,1,-1,2,1,22,5,2400,2,21,FORD MODEL MISSING,8,E01006122,0,1
2024610045524,2024,610045524,1,19,0,18,19,5,1,0,0,2,1,0,3,11,1,1,1,1,1,31,6,2396,2,20,FORD MODEL MISSING,7,W01001354,0,1
2024201492425,2024,201492425,2,9,0,-1,14,1,4,-1,0,0,5,4,0,0,4,1,-1,9,2,25,5,1242,1,14,FORD MODEL MISSING,3,E01010290,0,1
2024522401720,2024,522401720,2,9,0,18,19,4,8,0,0,0,0,0,0,0,3,1,6,6,1,54,8,4995,1,54,FORD MODEL MISSING,6,E01015019,0,1
2024340WN2122,2024,340WN2122,1,9,0,-1,5,5,2,-1,0,0,0,0,0,11,1,1,-1,6,2,37,7,1596,1,21,FORD MODEL MISSING,2,E01027226,0,1
2024311410855,2024,311410855,1,9,0,-1,5,3,7,-1,0,0,0,7,0,0,1,2,-1,6,1,29,6,4600,1,21,FORD MODEL MISSING,2,E01019403,0,2
2024471413493,2024,471413493,1,9,0,-1,7,1,3,-1,0,2,0,0,0,0,2,1,-1,9,2,20,4,1399,2,15,FORD MODEL MISSING,9,E01016888,0,1
2024231513440,2024,231513440,1,90,0,-1,4,6,2,-1,0,1,1,0,0,0,1,9,-1,9,1,62,9,2200,2,16,FORD MODEL MISSING,7,E01013098,0,5
2024440145638,2024,440145638,1,9,0,18,19,5,1,0,0,2,0,0,0,0,3,1,6,6,1,68,10,4000,1,18,FORD MODEL MISSING,9,E01022763,0,1
2024552401287,2024,552401287,2,9,0,18,19,2,6,0,0,0,0,0,0,0,1,1,4,7,3,-1,-1,1753,2,20,FORD MODEL MISSING,-1,-1,0,-1
2024302401226,2024,302401226,2,9,0,18,19,5,1,0,0,0,0,0,0,0,1,1,6,6,1,72,10,1598,2,13,FORD MODEL MISSING,3,E01019508,0,4
2024501532021,2024,501532021,1,9,0,-1,7,7,3,-1,0,1,0,0,0,0,1,1,-1,9,1,35,6,1596,1,16,FORD MODEL MISSING,1,E01015044,0,2
2024302500230,2024,302500230,1,19,0,-1,19,6,2,-1,0,8,1,0,1,4,1,1,-1,6,1,33,6,-1,-1,-1,FORD MODEL MISSING,8,E01007858,0,2
2024520002852,2024,520002852,1,9,0,18,19,7,3,0,0,0,0,0,1,2,1,1,6,6,2,38,7,1388,1,20,FORD MODEL MISSING,7,E01014420,0,1
2024101401579,2024,101401579,1,9,0,-1,19,7,3,-1,9,0,0,0,0,0,4,1,-1,6,1,83,11,1596,1,19,FORD MODEL MISSING,4,E01027382,0,1
2024501506636,2024,501506636,1,17,0,-1,19,7,3,-1,0,0,5,0,0,0,4,1,-1,1,1,81,11,-1,2,43,FORD MODEL MISSING,5,E01020147,0,1
2024522402960,2024,522402960,1,8,0,18,19,5,1,0,0,0,0,0,0,0,1,1,6,6,1,66,10,1499,2,8,FORD MODEL MISSING,8,E01014723,0,1
2024471507388,2024,471507388,1,9,0,-1,19,1,5,-1,0,0,0,0,0,0,1,1,-1,1,1,25,5,1995,2,3,FORD MODEL MISSING,7,E01021146,0,4
2024010509625,2024,010509625,2,9,0,99,99,9,9,99,99,9,9,99,9,99,9,9,6,6,3,-1,-1,1596,1,23,FORD MODEL MISSING,-1,-1,0,-1
2024221398479,2024,221398479,2,17,0,-1,19,2,6,-1,0,8,0,0,0,0,3,9,-1,1,1,54,8,-1,2,39,FORD MODEL MISSING,5,E01032212,0,1
2024461529505,2024,461529505,1,19,0,-1,19,1,5,-1,0,0,0,0,0,0,1,2,-1,9,1,74,10,-1,-1,-1,FORD MODEL MISSING,7,W01000473,0,5
2024041443497,2024,041443497,2,9,0,-1,19,3,7,-1,0,1,0,0,0,0,1,1,-1,6,2,51,8,2500,2,27,FORD MODEL MISSING,4,E01025556,0,1
2024141505642,2024,141505642,2,19,0,-1,5,3,2,-1,0,6,0,0,0,0,1,1,-1,6,-1,-1,-1,2402,2,19,FORD MODEL MISSING,-1,-1,0,-1
2024010540260,2024,010540260,3,9,0,2,2,0,0,0,0,0,0,0,0,0,2,1,6,6,3,-1,-1,1753,2,15,FORD MODEL MISSING,-1,-1,0,-1
2024451452193,2024,451452193,1,19,0,-1,19,1,5,-1,0,1,0,0,0,0,1,1,-1,9,1,21,5,2402,2,17,FORD MODEL MISSING,4,E01030740,0,1
2024311428771,2024,311428771,2,9,0,-1,19,5,1,-1,0,1,0,0,0,0,1,1,-1,6,2,37,7,1560,2,17,FORD MODEL MISSING,-1,-1,0,-1
2024010549527,2024,010549527,2,19,0,7,7,3,5,0,0,8,0,0,0,0,4,1,1,1,1,29,6,1995,2,2,FORD MODEL MISSING,6,E01003770,0,3
2024440129851,2024,440129851,1,9,0,18,19,6,2,0,0,0,5,10,1,4,4,1,6,6,1,24,5,1399,2,17,FORD MODEL MISSING,10,E01022863,0,2
2024451447971,2024,451447971,2,9,0,-1,2,2,6,-1,0,0,0,0,0,0,3,1,-1,1,1,24,5,1995,2,4,FORD MODEL MISSING,6,E01030737,0,3
2024471468972,2024,471468972,2,5,0,-1,5,3,7,-1,0,0,0,0,0,0,1,1,-1,9,1,72,10,1520,1,34,MAKE AND MODEL REDACTED,9,E01031612,0,3
2024131428171,2024,131428171,1,5,0,-1,5,1,5,-1,0,2,0,0,0,0,2,1,-1,9,1,57,9,755,1,1,MAKE AND MODEL REDACTED,7,E01010641,0,3
2024031493051,2024,031493051,1,3,0,-1,19,5,1,-1,0,0,0,0,0,0,1,1,-1,6,1,35,6,755,1,0,MAKE AND MODEL REDACTED,-1,-1,0,-1
2024010537179,2024,010537179,1,5,0,99,99,9,9,99,99,9,9,99,9,99,1,1,6,6,1,36,7,755,1,1,MAKE AND MODEL REDACTED,10,E01024151,0,3
2024430477907,2024,430477907,2,5,0,18,19,4,8,0,0,8,0,0,0,0,1,1,6,6,1,40,7,755,1,1,MAKE AND MODEL REDACTED,7,E01017919,0,3
2024201523771,2024,201523771,1,4,0,-1,19,3,7,-1,0,0,0,7,0,0,1,1,-1,6,1,21,5,350,1,5,MAKE AND MODEL REDACTED,-1,-1,0,-1
2024320746132,2024,320746132,1,3,0,-1,-1,8,4,0,0,2,0,0,1,9,1,1,-1,-1,1,22,5,124,1,8,MAKE AND MODEL REDACTED,4,E01026250,0,2
2024371442425,2024,371442425,1,3,0,-1,19,3,7,-1,0,0,5,0,0,0,3,1,-1,6,1,33,6,124,1,9,MAKE AND MODEL REDACTED,10,E01033050,0,3
2024320086751,2024,320086751,1,3,0,4,4,6,2,0,0,1,0,0,0,0,1,1,-1,-1,1,21,5,124,1,16,MAKE AND MODEL REDACTED,6,E01026021,0,2
2024340WN4702,2024,340WN4702,1,3,0,-1,19,7,3,-1,0,3,1,0,0,0,4,1,-1,6,1,19,4,124,1,17,MAKE AND MODEL REDACTED,2,E01027340,0,3
2024552400734,2024,552400734,2,3,0,7,7,8,1,0,0,5,0,0,0,0,3,1,6,6,2,32,6,124,1,6,MAKE AND MODEL REDACTED,7,E01015368,0,1
2024440534392,2024,440534392,2,9,0,18,19,5,1,0,0,1,0,0,0,0,1,1,6,6,1,52,8,998,1,0,MAKE AND MODEL REDACTED,3,E01017349,0,3
2024070891050,2024,070891050,2,9,0,-1,19,5,1,-1,0,1,0,0,0,0,3,1,-1,9,1,45,7,1998,2,0,MAKE AND MODEL REDACTED,7,E01012434,0,2
2024070982240,2024,070982240,2,9,0,-1,9,6,3,-1,0,1,0,0,0,0,3,1,-1,6,1,65,9,1998,2,0,MAKE AND MODEL REDACTED,8,E01018458,0,1
2024031403007,2024,031403007,1,9,0,-1,19,7,3,-1,0,0,0,0,0,0,1,1,-1,6,1,89,11,2997,2,0,MAKE AND MODEL REDACTED,-1,-1,0,-1
2024041529519,2024,041529519,2,5,0,-1,19,7,3,-1,0,1,0,0,1,0,1,1,-1,9,1,53,8,1043,1,5,MAKE AND MODEL REDACTED,4,E01025200,0,2
2024371421117,2024,371421117,2,5,0,-1,19,7,3,-1,0,1,1,0,0,0,1,1,-1,6,1,48,8,1043,1,5,MAKE AND MODEL REDACTED,7,E01030040,0,2
2024101535014,2024,101535014,2,5,-1,-1,-1,3,7,-1,-1,-1,-1,-1,-1,0,-1,1,-1,6,1,53,8,1043,1,5,MAKE AND MODEL REDACTED,3,E01008631,0,1
2024461511467,2024,461511467,1,5,0,-1,13,7,3,-1,0,0,1,10,0,0,1,1,-1,6,1,34,6,693,1,0,MAKE AND MODEL REDACTED,5,E01024163,0,4
2024461423021,2024,461423021,3,9,0,-1,3,4,6,-1,0,8,0,0,0,0,2,1,-1,9,1,34,6,4293,1,18,MAKE AND MODEL REDACTED,6,E01035281,0,1
2024411496180,2024,411496180,2,17,0,-1,4,3,7,-1,0,0,0,0,0,0,2,1,-1,1,1,46,8,898,2,3,MAKE AND MODEL REDACTED,6,E01023462,0,1