collision_index,collision_year,collision_ref_no,vehicle_reference,vehicle_type,towing_and_articulation,vehicle_manoeuvre_historic,vehicle_manoeuvre,vehicle_direction_from,vehicle_direction_to,vehicle_location_restricted_lane_historic,vehicle_location_restricted_lane,junction_location,skidding_and_overturning,hit_object_in_carriageway,vehicle_leaving_carriageway,hit_object_off_carriageway,first_point_of_impact,vehicle_left_hand_drive,journey_purpose_of_driver_historic,journey_purpose_of_driver,sex_of_driver,age_of_driver,age_band_of_driver,engine_capacity_cc,propulsion_code,age_of_vehicle,generic_make_model,driver_imd_decile,lsoa_of_driver,escooter_flag,driver_distance_banding
2024041426294,2024,041426294,1,17,0,-1,19,3,7,-1,0,0,5,0,7,0,1,1,-1,9,1,18,4,898,2,1,MAKE AND MODEL REDACTED,7,E01024868,0,1
2024070732926,2024,070732926,1,90,0,-1,9,2,4,-1,0,6,0,0,0,0,1,1,-1,1,1,33,6,-1,3,47,MAKE AND MODEL REDACTED,3,E01018646,0,1
2024440262978,2024,440262978,2,4,0,18,19,5,1,0,0,1,0,0,0,0,1,1,6,6,1,64,9,398,1,22,MAKE AND MODEL REDACTED,7,E01023013,0,1
2024010517112,2024,010517112,1,9,0,99,99,9,9,99,99,9,9,99,9,99,1,9,6,6,3,46,8,-1,3,6,TESLA MODEL S,6,E01001088,0,1
2024320153462,2024,320153462,1,9,0,9,9,8,6,0,0,5,0,0,0,0,4,1,-1,-1,1,63,9,-1,3,4,TESLA MODEL S,-1,-1,0,-1
2024010535695,2024,010535695,2,9,0,99,99,9,9,99,99,9,9,99,9,99,1,9,6,6,3,-1,-1,-1,3,8,TESLA MODEL S,9,E01003873,0,1
2024131543335,2024,131543335,1,9,0,-1,9,5,5,-1,0,2,0,0,0,0,3,1,-1,6,1,80,11,-1,3,4,TESLA MODEL S,8,E01011204,0,1
2024010534789,2024,010534789,3,8,0,18,19,1,5,0,0,0,0,0,0,0,2,1,1,1,1,45,7,-1,-1,-1,TESLA MODEL S,5,E01004661,0,1
2024010507873,2024,010507873,1,9,0,99,99,9,9,99,99,9,9,99,9,99,2,9,1,1,1,62,9,-1,3,7,TESLA MODEL S,3,E01001215,0,2
2024010540626,2024,010540626,1,9,0,99,99,9,9,99,99,9,0,0,0,0,9,9,6,6,2,63,9,-1,3,5,TESLA MODEL S,4,E01002014,0,1
2024010511277,2024,010511277,1,9,0,99,99,9,9,99,99,9,9,99,9,99,1,9,6,6,1,47,8,-1,3,10,TESLA MODEL S,2,E01003051,0,1
2024430583360,2024,430583360,1,9,0,18,19,3,8,0,0,0,0,0,0,0,1,1,6,6,2,40,7,-1,3,9,TESLA MODEL S,6,E01028796,0,3
2024991409095,2024,991409095,1,9,0,-1,19,3,7,-1,0,0,1,0,0,0,3,1,-1,6,1,53,8,-1,3,7,TESLA MODEL S,5,-1,0,3
2024010525209,2024,010525209,2,9,0,17,19,1,6,0,0,1,0,0,0,0,0,1,6,6,3,-1,-1,-1,3,5,TESLA MODEL S,-1,-1,0,-1
2024340WN4712,2024,340WN4712,2,9,0,-1,2,0,0,-1,0,0,0,0,0,0,2,1,-1,6,3,-1,-1,-1,3,7,TESLA MODEL S,-1,-1,0,-1
2024552401471,2024,552401471,1,9,0,17,19,5,2,0,0,0,1,0,0,0,1,1,6,6,1,28,6,-1,3,9,TESLA MODEL S,3,E01015449,0,1
2024010505281,2024,010505281,4,9,0,2,2,0,0,0,0,0,0,0,0,0,3,1,6,6,3,-1,-1,-1,3,4,TESLA MODEL S,-1,-1,0,-1
2024111481019,2024,111481019,2,9,0,-1,19,5,1,-1,0,3,0,0,0,0,4,1,-1,9,2,56,9,-1,3,6,TESLA MODEL S,7,E01027633,0,4
2024010525837,2024,010525837,2,9,0,8,8,1,3,0,0,6,0,0,0,0,3,1,6,6,1,64,9,-1,3,6,TESLA MODEL S,6,E01002654,0,1
2024421429711,2024,421429711,1,9,0,-1,9,3,2,-1,0,6,0,0,0,0,3,1,-1,2,2,50,8,-1,3,8,TESLA MODEL S,5,E01021263,0,2
2024421498642,2024,421498642,2,9,0,-1,7,5,7,-1,0,1,0,0,0,0,4,1,-1,6,1,37,7,-1,3,4,TESLA MODEL S,4,E01021706,0,1
2024010522636,2024,010522636,1,8,3,2,2,0,0,0,0,1,0,4,0,0,2,1,6,6,3,-1,-1,-1,-1,-1,TESLA MODEL S,-1,-1,0,-1
2024010524154,2024,010524154,2,9,0,99,99,9,9,99,99,9,9,99,9,99,1,9,6,6,3,53,8,-1,3,5,TESLA MODEL S,6,E01001295,0,1
2024340WN3322,2024,340WN3322,1,9,0,-1,19,5,1,-1,0,0,0,4,1,0,1,1,-1,9,1,33,6,-1,3,9,TESLA MODEL S,5,E01011096,0,5
2024221454404,2024,221454404,2,9,0,-1,19,7,2,-1,0,0,0,0,0,0,1,1,-1,6,1,58,9,-1,3,5,TESLA MODEL S,5,E01028864,0,1
2024451448212,2024,451448212,4,9,0,-1,19,5,1,-1,0,0,0,0,0,0,0,9,-1,6,1,23,5,-1,3,5,TESLA MODEL S,-1,-1,0,-1
2024010530310,2024,010530310,2,9,0,18,19,8,4,0,0,1,0,0,0,0,3,1,6,6,1,52,8,-1,3,4,TESLA MODEL S,2,E01000951,0,1
2024101465481,2024,101465481,1,9,0,-1,10,7,1,-1,0,0,0,0,0,0,2,1,-1,9,2,72,10,-1,3,6,TESLA MODEL S,9,E01020708,0,3
2024302400826,2024,302400826,1,9,0,12,12,3,7,0,0,8,1,0,4,6,1,1,6,6,2,35,6,-1,3,7,TESLA MODEL S,2,E01029447,0,3
2024010511804,2024,010511804,2,9,0,6,6,1,1,0,0,1,0,0,0,0,1,1,6,6,1,37,7,-1,3,6,TESLA MODEL S,6,E01032780,0,2
2024131430086,2024,131430086,2,9,0,-1,19,1,2,-1,0,1,0,0,0,0,1,1,-1,6,2,38,7,-1,3,5,TESLA MODEL S,8,E01010790,0,2
2024010517797,2024,010517797,3,9,0,-1,-1,3,7,0,0,1,0,0,0,0,3,1,1,1,1,44,7,-1,3,7,TESLA MODEL S,5,E01000745,0,2
2024545161224,2024,545161224,1,9,0,18,19,3,7,0,0,0,1,0,5,6,3,1,6,6,1,41,7,-1,3,8,TESLA MODEL S,6,E01016477,0,4
2024552401082,2024,552401082,1,9,0,5,5,3,2,0,0,2,0,0,0,0,3,1,6,6,2,45,7,-1,3,9,TESLA MODEL S,5,E01015331,0,1
2024361528373,2024,361528373,1,9,-1,-1,-1,1,5,-1,-1,0,-1,-1,-1,0,-1,9,-1,6,1,-1,-1,-1,3,9,TESLA MODEL S,6,E01026446,0,2
2024320401261,2024,320401261,1,9,0,4,4,2,6,0,0,1,0,0,0,0,1,1,-1,-1,1,59,9,1796,1,14,VAUXHALL INSIGNIA,6,E01026331,0,4
2024501415086,2024,501415086,2,8,0,-1,19,1,5,-1,0,8,0,0,0,0,4,9,-1,1,2,27,6,1598,2,6,VAUXHALL INSIGNIA,4,E01015142,0,1
2024010541002,2024,010541002,1,9,0,18,19,3,7,0,0,1,0,0,0,0,1,1,6,6,1,48,8,1490,1,5,VAUXHALL INSIGNIA,2,E01004248,0,1
2024320204616,2024,320204616,2,9,0,4,4,4,8,0,0,1,0,0,0,0,2,1,6,6,1,23,5,1796,1,11,VAUXHALL INSIGNIA,1,E01026114,0,1
2024531523472,2024,531523472,1,9,0,-1,19,3,7,-1,0,1,0,0,0,0,1,1,-1,2,1,56,9,1956,2,9,VAUXHALL INSIGNIA,6,E01034794,0,3
2024622400460,2024,622400460,1,9,0,18,19,4,8,0,0,0,0,0,0,0,1,1,6,6,1,28,6,1956,2,12,VAUXHALL INSIGNIA,4,E01010008,0,5
2024111463977,2024,111463977,3,9,0,-1,3,1,5,-1,0,0,0,0,0,0,2,1,-1,9,1,52,8,1598,2,8,VAUXHALL INSIGNIA,-1,-1,0,-1
2024332401203,2024,332401203,1,9,0,-1,19,1,5,-1,0,0,0,0,0,0,1,1,-1,9,1,29,6,1956,2,13,VAUXHALL INSIGNIA,2,E01013781,0,2
2024201553265,2024,201553265,2,9,0,-1,19,1,5,-1,0,8,0,0,0,0,1,9,-1,6,1,24,5,1796,1,13,VAUXHALL INSIGNIA,1,E01009051,0,1
2024070663378,2024,070663378,2,9,0,18,19,7,3,0,0,8,0,10,0,0,3,1,6,6,1,56,9,1956,2,9,VAUXHALL INSIGNIA,1,E01012407,0,1
2024361423271,2024,361423271,1,9,0,-1,19,1,5,-1,0,1,0,0,7,11,1,1,-1,9,1,26,6,1956,2,11,VAUXHALL INSIGNIA,1,E01018103,0,2
2024201406152,2024,201406152,1,9,0,-1,19,8,4,-1,0,4,0,0,0,0,1,9,-1,6,1,-1,-1,1796,1,15,VAUXHALL INSIGNIA,-1,-1,0,-1
2024061424767,2024,061424767,1,9,0,-1,19,3,7,-1,0,8,0,0,0,0,1,1,-1,2,-1,31,6,1956,2,11,VAUXHALL INSIGNIA,3,E01006341,0,1
2024471470977,2024,471470977,1,9,0,-1,19,7,3,-1,0,0,0,0,0,0,4,1,-1,9,1,55,8,1956,2,12,VAUXHALL INSIGNIA,7,E01031438,0,1
2024371404856,2024,371404856,2,9,0,-1,19,7,3,-1,0,1,0,0,0,0,1,1,-1,1,1,60,9,1956,2,9,VAUXHALL INSIGNIA,2,E01030248,0,1
2024201512823,2024,201512823,2,9,0,-1,2,3,7,-1,0,0,0,0,0,0,0,1,-1,1,1,33,6,1598,2,6,VAUXHALL INSIGNIA,3,E01008950,0,2
2024211448032,2024,211448032,1,9,0,-1,19,2,6,-1,0,0,0,10,0,0,1,1,-1,6,1,36,7,1956,2,11,VAUXHALL INSIGNIA,1,E01014287,0,3
2024522403305,2024,522403305,1,9,0,18,19,7,3,0,0,2,0,0,1,10,1,1,6,6,2,33,6,1598,2,8,VAUXHALL INSIGNIA,2,E01014626,0,1
2024122400455,2024,122400455,1,9,0,18,19,7,3,0,0,0,0,0,7,11,1,1,6,6,1,82,11,1956,2,10,VAUXHALL INSIGNIA,7,E01027756,0,1
2024311535205,2024,311535205,1,9,0,-1,19,3,6,-1,0,0,1,0,0,0,1,1,-1,6,1,44,7,1956,2,9,VAUXHALL INSIGNIA,-1,-1,0,-1
2024991426614,2024,991426614,1,9,0,-1,19,7,3,-1,0,3,0,0,0,0,1,1,-1,9,1,45,7,1598,2,8,VAUXHALL INSIGNIA,-1,-1,0,-1
2024522403077,2024,522403077,2,9,0,9,9,8,5,0,0,8,0,0,0,0,4,1,6,6,1,37,7,1490,1,6,VAUXHALL INSIGNIA,4,E01014527,0,1
2024361517863,2024,361517863,2,9,0,-1,10,5,1,-1,0,8,0,0,0,0,2,1,-1,9,2,31,6,1956,2,9,VAUXHALL INSIGNIA,6,E01026627,0,4
2024101495617,2024,101495617,2,9,0,-1,19,3,7,-1,0,8,0,0,0,0,3,9,-1,2,1,43,7,1490,1,5,VAUXHALL INSIGNIA,2,E01008645,0,2
2024122400418,2024,122400418,1,9,0,3,3,7,3,0,0,0,0,0,0,0,1,1,6,6,1,38,7,1956,2,12,VAUXHALL INSIGNIA,9,E01027887,0,2
2024332400163,2024,332400163,1,9,0,-1,19,6,2,-1,0,0,0,0,0,0,2,1,-1,2,1,50,8,1956,2,12,VAUXHALL INSIGNIA,8,E01007858,0,4
2024411450258,2024,411450258,1,9,0,-1,19,2,6,-1,0,1,0,0,0,0,1,1,-1,1,2,56,9,1598,2,8,VAUXHALL INSIGNIA,6,E01023598,0,1
2024411402848,2024,411402848,1,9,0,-1,5,3,7,-1,0,4,0,0,0,0,1,1,-1,6,2,71,10,1796,1,15,VAUXHALL INSIGNIA,6,E01023633,0,1
2024302401662,2024,302401662,1,9,0,9,9,5,2,0,0,8,0,0,0,0,3,1,6,6,1,63,9,1956,2,13,VAUXHALL INSIGNIA,3,E01013532,0,1
2024545170324,2024,545170324,3,9,0,2,2,0,0,0,0,0,0,0,0,0,3,1,6,6,1,-1,-1,1956,2,9,VAUXHALL INSIGNIA,-1,-1,0,-1
2024161501231,2024,161501231,2,9,0,-1,19,3,5,-1,0,0,0,0,0,0,1,1,-1,6,1,35,6,1956,2,10,VAUXHALL INSIGNIA,2,E01012821,0,1
2024430118451,2024,430118451,1,9,0,18,19,7,3,0,0,4,0,0,3,1,1,1,6,6,1,37,7,1956,2,11,VAUXHALL INSIGNIA,10,E01035405,0,4
2024411462581,2024,411462581,1,9,0,-1,19,5,1,-1,0,2,0,0,0,0,1,1,-1,6,2,32,6,1956,2,13,VAUXHALL INSIGNIA,6,E01023752,0,1
2024520403253,2024,520403253,1,9,0,18,19,6,2,0,0,0,0,0,0,0,1,1,6,6,1,21,5,1956,2,11,VAUXHALL INSIGNIA,1,E01014593,0,4
2024421520679,2024,421520679,2,9,0,-1,19,2,6,-1,0,0,2,0,0,0,2,1,-1,6,1,39,7,1956,2,6,VAUXHALL INSIGNIA,4,E01026841,0,5
2024320714298,2024,320714298,1,9,0,9,9,2,8,0,0,5,0,0,0,0,1,1,-1,-1,1,42,7,1956,2,12,VAUXHALL INSIGNIA,3,E01026041,0,1
2024201398973,2024,201398973,1,9,0,-1,19,4,8,-1,0,0,0,4,0,0,1,9,-1,6,1,20,4,1598,2,7,VAUXHALL INSIGNIA,10,E01009807,0,3
2024401519867,2024,401519867,1,9,0,-1,19,3,7,-1,0,0,0,0,0,0,1,1,-1,6,1,43,7,1956,2,9,VAUXHALL INSIGNIA,4,E01033497,0,3
2024340WN1462,2024,340WN1462,2,9,0,-1,19,2,6,-1,0,1,0,0,0,0,4,1,-1,1,1,43,7,1956,2,10,VAUXHALL INSIGNIA,9,E01027018,0,3
2024161416746,2024,161416746,1,8,0,-1,1,5,1,-1,0,0,0,0,0,0,1,9,-1,1,1,-1,-1,1956,2,9,VAUXHALL INSIGNIA,-1,-1,0,-1
2024531459702,2024,531459702,1,9,0,-1,19,6,2,-1,0,0,0,0,0,0,1,1,-1,6,1,35,6,1956,2,13,VAUXHALL INSIGNIA,5,E01022102,0,3
2024421519528,2024,421519528,3,9,0,-1,19,8,5,-1,0,0,0,0,0,0,2,1,-1,9,1,64,9,1956,2,8,VAUXHALL INSIGNIA,7,E01026904,0,4
2024320312126,2024,320312126,1,9,0,-1,-1,4,8,9,9,0,0,0,0,0,1,1,6,6,1,32,6,1956,2,14,VAUXHALL INSIGNIA,2,E01026175,0,1
2024340NN0902,2024,340NN0902,2,9,0,-1,19,2,6,-1,0,8,0,0,7,1,3,1,-1,6,1,70,10,1956,2,15,VAUXHALL INSIGNIA,-1,-1,0,-1
2024211515895,2024,211515895,2,9,0,-1,9,2,8,-1,0,1,0,0,0,0,1,1,-1,2,1,32,6,1956,2,13,VAUXHALL INSIGNIA,-1,-1,0,-1
2024401438676,2024,401438676,2,9,-1,-1,4,5,1,-1,0,4,0,0,0,0,4,9,-1,9,1,36,7,1956,2,13,VAUXHALL INSIGNIA,8,E01017488,0,1
2024320441657,2024,320441657,1,9,0,9,9,4,2,0,0,6,0,0,0,0,3,1,-1,-1,1,41,7,1598,2,6,VAUXHALL INSIGNIA,-1,-1,0,-1
2024451439672,2024,451439672,3,9,0,-1,3,6,2,-1,0,4,0,0,0,0,2,1,-1,9,2,50,8,1796,1,14,VAUXHALL INSIGNIA,9,E01030334,0,3
2024061498003,2024,061498003,2,9,-1,-1,19,1,5,-1,0,1,0,4,0,0,1,9,-1,6,1,30,6,1956,2,13,VAUXHALL INSIGNIA,-1,-1,0,-1
2024552400555,2024,552400555,4,9,0,2,2,0,0,0,0,0,0,0,0,0,2,1,6,6,3,-1,-1,1956,2,9,VAUXHALL INSIGNIA,-1,-1,0,-1
2024481569973,2024,481569973,1,9,0,-1,19,7,3,-1,0,2,0,0,0,0,1,1,-1,9,1,26,6,1598,2,6,VAUXHALL INSIGNIA,-1,-1,0,-1
2024332400578,2024,332400578,2,9,0,-1,19,7,3,-1,0,0,0,0,0,0,3,1,-1,6,1,-1,-1,1956,2,15,VAUXHALL INSIGNIA,-1,-1,0,-1
2024471401858,2024,471401858,1,9,0,-1,7,1,3,-1,0,0,0,0,0,0,3,1,-1,9,1,41,7,1956,2,9,VAUXHALL INSIGNIA,6,E01034822,0,3
2024531469633,2024,531469633,1,9,0,-1,9,7,3,-1,0,8,0,0,0,0,4,1,-1,9,1,69,10,1956,2,7,VAUXHALL INSIGNIA,2,E01022164,0,1
2024231434371,2024,231434371,2,9,0,-1,19,2,6,-1,0,8,0,0,0,0,1,1,-1,9,1,29,6,1956,2,10,VAUXHALL INSIGNIA,1,E01035017,0,1
2024520401822,2024,520401822,1,9,0,18,19,1,5,0,0,8,0,0,0,0,3,1,6,6,2,49,8,1956,2,7,VAUXHALL INSIGNIA,10,E01029308,0,2
2024421471918,2024,421471918,1,9,0,-1,5,4,8,-1,0,2,0,0,0,0,3,1,-1,6,3,-1,-1,1956,2,12,VAUXHALL INSIGNIA,-1,-1,0,-1
2024131474681,2024,131474681,2,9,0,-1,2,0,0,-1,0,8,0,0,0,0,1,1,-1,6,-1,-1,-1,1598,2,9,VAUXHALL INSIGNIA,-1,-1,0,-1
2024471406020,2024,471406020,1,9,0,-1,9,5,1,-1,0,4,0,0,0,0,2,1,-1,9,2,36,7,1956,2,10,VAUXHALL INSIGNIA,4,E01031785,0,1
2024111480202,2024,111480202,3,9,0,-1,2,0,0,-1,-1,8,0,0,0,0,1,1,-1,6,-1,-1,-1,1956,2,13,VAUXHALL INSIGNIA,-1,-1,0,-1
2024631451091,2024,631451091,2,9,0,-1,19,3,7,-1,0,0,0,0,1,10,1,1,-1,6,2,32,6,1956,2,12,VAUXHALL INSIGNIA,4,W01000603,0,2
2024161452156,2024,161452156,1,9,0,-1,7,4,6,-1,0,2,0,0,0,0,1,1,-1,7,2,52,8,1956,2,11,VAUXHALL INSIGNIA,1,E01013196,0,1
2024161442353,2024,161442353,1,9,0,-1,19,2,6,-1,0,0,0,0,1,0,1,1,-1,9,1,70,10,1956,2,10,VAUXHALL INSIGNIA,6,E01026399,0,4
2024371445968,2024,371445968,2,9,0,-1,19,3,8,-1,0,0,0,0,0,0,3,1,-1,9,1,37,7,1598,2,8,VAUXHALL INSIGNIA,6,E01030059,0,1
2024131526331,2024,131526331,1,9,0,-1,9,5,1,-1,0,0,0,0,0,0,3,1,-1,9,1,38,7,1956,2,13,VAUXHALL INSIGNIA,1,E01011803,0,1
2024440121590,2024,440121590,1,9,0,9,9,8,6,0,0,6,0,0,0,0,4,1,6,6,1,39,7,1956,2,11,VAUXHALL INSIGNIA,3,E01017099,0,1
2024440098144,2024,440098144,1,9,0,9,9,7,5,0,0,0,0,0,0,0,3,1,6,6,1,78,11,1956,2,9,VAUXHALL INSIGNIA,9,E01022950,0,1
2024141535743,2024,141535743,2,9,0,-1,9,1,8,-1,0,1,0,0,0,0,1,1,-1,6,-1,-1,-1,1956,2,9,VAUXHALL INSIGNIA,-1,-1,0,-1
2024101447166,2024,101447166,2,9,0,-1,3,7,3,-1,0,0,0,0,0,0,2,1,-1,6,1,65,9,1796,1,11,VAUXHALL INSIGNIA,7,E01008505,0,1
2024991478264,2024,991478264,2,9,0,-1,2,0,0,-1,0,0,0,0,0,0,1,1,-1,6,-1,-1,-1,1796,1,12,VAUXHALL INSIGNIA,-1,-1,0,-1
2024111403129,2024,111403129,1,9,0,-1,19,5,8,-1,0,3,0,0,0,0,1,1,-1,6,1,58,9,1956,2,9,VAUXHALL INSIGNIA,5,E01020706,0,3
2024131507695,2024,131507695,2,9,0,-1,7,1,5,-1,0,3,0,0,0,0,1,1,-1,9,1,60,9,1956,2,11,VAUXHALL INSIGNIA,2,E01011043,0,1
2024201510074,2024,201510074,3,9,0,-1,19,2,6,-1,0,0,0,0,0,0,2,1,-1,6,-1,-1,-1,1956,2,10,VAUXHALL INSIGNIA,-1,-1,0,-1
2024371480177,2024,371480177,1,9,0,-1,5,5,2,-1,0,4,0,0,0,0,1,9,-1,2,1,47,8,1956,2,11,VAUXHALL INSIGNIA,10,E01030183,0,3
2024010507357,2024,010507357,5,9,0,3,3,3,7,0,0,1,0,0,0,0,1,1,6,6,1,58,9,1956,2,6,VAUXHALL INSIGNIA,6,E01003772,0,1
2024201411064,2024,201411064,1,9,0,-1,19,1,5,-1,0,0,0,0,0,0,1,1,-1,6,1,64,9,1956,2,11,VAUXHALL INSIGNIA,6,-1,0,5
2024371509901,2024,371509901,1,9,0,-1,19,4,8,-1,0,0,0,0,0,0,1,1,-1,6,1,53,8,1598,2,7,VAUXHALL INSIGNIA,8,E01029885,0,3
2024461513183,2024,461513183,2,9,0,-1,4,4,3,-1,0,0,0,0,0,0,2,1,-1,9,1,32,6,1998,1,14,VAUXHALL INSIGNIA,2,E01016117,0,3
2024211487527,2024,211487527,2,9,0,-1,3,1,1,-1,0,0,0,0,0,0,2,1,-1,6,2,65,9,1956,2,9,VAUXHALL INSIGNIA,4,E01029373,0,2
2024010558952,2024,010558952,2,9,0,99,99,9,9,99,99,0,9,99,9,99,0,9,6,6,3,-1,-1,1598,2,8,VAUXHALL INSIGNIA,-1,-1,0,-1
2024141469631,2024,141469631,2,9,0,-1,19,4,8,-1,0,1,0,0,0,0,1,9,-1,6,2,45,7,1796,1,9,VAUXHALL INSIGNIA,4,E01007780,0,1
2024061398398,2024,061398398,1,9,0,-1,19,5,1,-1,0,1,0,0,0,0,3,9,-1,6,3,-1,-1,1956,2,8,VAUXHALL INSIGNIA,-1,-1,0,-1
2024010516478,2024,010516478,1,9,0,99,99,9,9,99,99,9,9,99,9,99,1,9,6,6,3,-1,-1,1796,1,14,VAUXHALL INSIGNIA,2,E01000603,0,1
2024311478391,2024,311478391,2,9,0,-1,-1,-1,-1,-1,-1,-1,-1,-1,-1,0,-1,1,-1,6,1,30,6,1956,2,14,VAUXHALL INSIGNIA,-1,-1,0,-1
2024311524635,2024,311524635,1,9,0,-1,5,7,3,-1,0,1,0,0,0,0,1,1,-1,1,1,42,7,1496,2,3,VAUXHALL INSIGNIA,-1,-1,0,-1
2024201406302,2024,201406302,1,9,0,-1,7,8,3,-1,0,1,0,0,0,0,1,1,-1,2,1,41,7,1796,1,14,VAUXHALL INSIGNIA,1,E01009400,0,1
2024451414834,2024,451414834,1,9,0,-1,19,1,5,-1,0,1,0,0,0,0,1,1,-1,6,1,30,6,1490,1,5,VAUXHALL INSIGNIA,7,E01030621,0,1
2024122400360,2024,122400360,2,9,0,18,19,3,7,0,0,0,0,0,0,0,2,1,6,6,1,39,7,1598,2,8,VAUXHALL INSIGNIA,3,E01013549,0,5
2024991439049,2024,991439049,1,9,0,-1,19,5,1,-1,0,0,0,0,0,0,4,1,-1,9,1,48,8,1956,2,12,VAUXHALL INSIGNIA,2,-1,0,1
2024201485663,2024,201485663,2,9,0,-1,19,2,6,-1,0,8,0,0,0,0,1,9,-1,9,1,20,4,1598,2,8,VAUXHALL INSIGNIA,2,E01029346,0,4
2024302400268,2024,302400268,1,9,0,18,19,8,4,0,0,2,0,0,0,0,1,1,6,6,1,33,6,1956,2,10,VAUXHALL INSIGNIA,1,E01013480,0,1
2024070319503,2024,070319503,2,9,0,4,4,6,2,0,0,1,0,0,0,0,2,1,6,6,1,82,11,1796,1,11,VAUXHALL INSIGNIA,8,E01018591,0,1
2024471513165,2024,471513165,2,9,0,-1,2,0,0,-1,0,0,0,0,1,10,1,1,-1,6,-1,-1,-1,1598,2,5,VAUXHALL INSIGNIA,-1,-1,0,-1
2024401503354,2024,401503354,2,9,0,-1,2,0,0,-1,0,0,0,0,0,0,3,1,-1,6,-1,-1,-1,1956,2,10,VAUXHALL INSIGNIA,-1,-1,0,-1
2024311467272,2024,311467272,1,9,0,-1,19,8,4,-1,0,1,0,0,0,0,2,1,-1,6,1,-1,-1,1956,2,11,VAUXHALL INSIGNIA,5,E01013831,0,2
2024501493067,2024,501493067,1,9,0,-1,4,5,1,-1,0,1,0,0,0,0,2,1,-1,6,2,38,7,1956,2,13,VAUXHALL INSIGNIA,7,E01020338,0,1
2024201475635,2024,201475635,1,9,0,-1,4,4,8,-1,0,1,1,0,0,0,1,9,-1,1,1,-1,-1,1598,2,6,VAUXHALL INSIGNIA,2,E01009509,0,1
2024141529970,2024,141529970,2,9,0,-1,19,1,5,-1,0,0,0,0,0,0,3,9,-1,6,1,24,5,1956,2,7,VAUXHALL INSIGNIA,6,E01007452,0,3
2024421492373,2024,421492373,1,9,0,-1,-1,-1,-1,-1,-1,0,-1,-1,-1,0,-1,9,-1,6,1,-1,-1,1796,1,11,VAUXHALL INSIGNIA,-1,-1,0,-1
2024320709318,2024,320709318,1,9,0,-1,-1,4,8,0,0,0,0,0,1,0,1,1,-1,-1,1,34,6,1956,2,13,VAUXHALL INSIGNIA,7,E01007911,0,4
2024041447248,2024,041447248,3,9,0,-1,4,1,7,-1,0,1,0,0,0,0,2,1,-1,1,1,44,7,1956,2,12,VAUXHALL INSIGNIA,1,E01025606,0,2
2024451445096,2024,451445096,1,9,0,-1,9,1,1,-1,99,4,0,0,0,0,4,1,-1,2,1,50,8,1956,2,8,VAUXHALL INSIGNIA,6,E01030738,0,2
2024991495939,2024,991495939,1,9,0,-1,19,4,8,-1,0,0,0,0,0,0,1,1,-1,9,1,58,9,1956,2,8,VAUXHALL INSIGNIA,4,-1,0,2
2024991410591,2024,991410591,2,9,0,-1,13,8,5,-1,0,0,2,0,7,9,1,1,-1,6,1,51,8,1956,2,13,VAUXHALL INSIGNIA,7,E01003753,0,5
2024440088014,2024,440088014,1,9,0,18,19,2,6,0,0,0,1,0,1,4,1,1,6,6,1,36,7,1956,2,12,VAUXHALL INSIGNIA,5,E01017028,0,4
2024991508288,2024,991508288,1,9,0,-1,19,6,2,-1,0,1,0,0,0,0,1,1,-1,9,2,63,9,1490,1,7,VAUXHALL INSIGNIA,6,-1,0,1
2024131461625,2024,131461625,1,9,0,-1,1,1,5,-1,0,8,0,0,0,0,2,1,-1,9,1,76,11,1956,2,14,VAUXHALL INSIGNIA,2,E01011594,0,1
2024361410970,2024,361410970,1,9,0,-1,19,5,4,-1,0,1,1,0,3,0,1,9,-1,6,1,68,10,1796,1,13,VAUXHALL INSIGNIA,3,E01026684,0,1
2024401539364,2024,401539364,2,8,0,-1,4,3,7,-1,0,0,0,0,0,0,2,1,-1,1,1,53,8,1598,2,6,VAUXHALL INSIGNIA,8,E01034415,0,3
2024520402669,2024,520402669,2,9,0,2,2,0,0,0,0,8,0,0,0,0,3,1,6,6,3,-1,-1,1956,2,11,VAUXHALL INSIGNIA,-1,-1,0,-1
2024371537223,2024,371537223,1,9,0,-1,19,1,3,-1,0,1,0,0,0,0,4,1,-1,6,2,60,9,1956,2,14,VAUXHALL INSIGNIA,4,E01029960,0,1
2024221459367,2024,221459367,1,9,0,-1,13,4,8,-1,0,0,0,0,5,6,4,1,-1,6,1,37,7,1956,2,10,VAUXHALL INSIGNIA,1,E01010464,0,4
2024201520923,2024,201520923,1,9,0,-1,19,7,5,-1,0,0,1,10,1,4,4,1,-1,6,1,40,7,1956,2,14,VAUXHALL INSIGNIA,1,E01010443,0,1
2024340WN1122,2024,340WN1122,2,9,0,-1,19,6,2,-1,0,0,0,0,0,0,4,1,-1,2,1,51,8,1956,2,15,VAUXHALL INSIGNIA,7,E01033860,0,4
2024141426471,2024,141426471,2,9,0,-1,9,7,5,-1,0,1,0,0,0,0,1,1,-1,2,1,51,8,1956,2,11,VAUXHALL INSIGNIA,5,E01007518,0,3
2024320277662,2024,320277662,3,9,0,4,4,5,1,0,0,2,0,0,0,0,2,1,6,6,2,41,7,1956,2,12,VAUXHALL INSIGNIA,-1,-1,0,-1
2024401423110,2024,401423110,1,9,0,-1,19,7,2,-1,0,6,0,0,0,0,4,1,-1,6,1,-1,-1,1956,2,14,VAUXHALL INSIGNIA,-1,-1,0,-1
2024111409323,2024,111409323,1,9,0,-1,7,6,1,-1,0,1,0,0,0,0,1,9,-1,6,2,39,7,1956,2,9,VAUXHALL INSIGNIA,1,E01020724,0,1