collision_index,collision_year,collision_ref_no,vehicle_reference,vehicle_type,towing_and_articulation,vehicle_manoeuvre_historic,vehicle_manoeuvre,vehicle_direction_from,vehicle_direction_to,vehicle_location_restricted_lane_historic,vehicle_location_restricted_lane,junction_location,skidding_and_overturning,hit_object_in_carriageway,vehicle_leaving_carriageway,hit_object_off_carriageway,first_point_of_impact,vehicle_left_hand_drive,journey_purpose_of_driver_historic,journey_purpose_of_driver,sex_of_driver,age_of_driver,age_band_of_driver,engine_capacity_cc,propulsion_code,age_of_vehicle,generic_make_model,driver_imd_decile,lsoa_of_driver,escooter_flag,driver_distance_banding
2024991500778,2024,991500778,3,9,0,-1,19,6,2,-1,0,0,0,0,0,0,1,1,-1,9,1,74,10,1956,2,7,VAUXHALL INSIGNIA,8,-1,0,2
2024201416379,2024,201416379,3,9,0,-1,3,5,5,-1,0,1,0,0,0,0,3,1,-1,1,1,37,7,1956,2,12,VAUXHALL INSIGNIA,9,E01029619,0,1
202454D993824,2024,54D993824,2,9,0,18,19,5,1,0,0,0,0,0,0,0,1,1,6,6,2,44,7,1956,2,9,VAUXHALL INSIGNIA,8,E01015481,0,1
2024430551006,2024,430551006,2,9,0,18,19,7,3,0,0,0,0,0,0,0,-1,1,6,6,1,63,9,1956,2,11,VAUXHALL INSIGNIA,7,E01016775,0,2
2024351506819,2024,351506819,1,9,0,-1,19,5,7,-1,0,1,1,0,1,0,3,1,-1,6,1,30,6,1956,2,12,VAUXHALL INSIGNIA,10,E01030308,0,5
2024501447853,2024,501447853,2,9,0,-1,19,3,7,-1,0,1,0,0,0,0,3,1,-1,9,1,70,10,1956,2,10,VAUXHALL INSIGNIA,3,E01019047,0,1
2024430124054,2024,430124054,2,9,0,3,3,2,6,0,0,0,0,0,0,0,2,1,6,6,1,53,8,1598,2,9,VAUXHALL INSIGNIA,9,E01028650,0,3
2024010538997,2024,010538997,3,9,0,2,2,0,0,0,0,2,0,0,0,0,1,1,6,6,3,-1,-1,1796,1,15,VAUXHALL INSIGNIA,-1,-1,0,-1
2024451450903,2024,451450903,1,9,0,-1,12,7,3,-1,0,0,0,0,0,0,1,1,-1,9,1,32,6,1796,1,10,VAUXHALL INSIGNIA,6,E01002602,0,3
2024201418814,2024,201418814,1,9,0,-1,19,3,7,-1,0,0,0,0,0,0,1,1,-1,6,1,63,9,1956,2,9,VAUXHALL INSIGNIA,3,E01010085,0,2
2024302400948,2024,302400948,1,9,0,9,9,8,6,0,0,8,0,0,0,0,1,1,3,7,1,40,7,1956,2,9,VAUXHALL INSIGNIA,1,E01013568,0,1
2024631431225,2024,631431225,1,9,0,-1,19,3,6,-1,0,0,0,0,7,4,1,2,-1,6,1,32,6,1956,2,9,VAUXHALL INSIGNIA,6,W01000679,0,1
2024201442307,2024,201442307,2,9,0,-1,19,6,2,-1,0,8,0,0,0,0,2,1,-1,6,1,62,9,1956,2,11,VAUXHALL INSIGNIA,5,E01032172,0,1
2024522402035,2024,522402035,2,9,0,7,7,7,2,0,0,6,0,0,0,0,3,1,6,6,1,37,7,1796,1,12,VAUXHALL INSIGNIA,1,E01014595,0,1
2024141526834,2024,141526834,1,9,0,-1,-1,7,3,-1,-1,0,1,0,0,0,1,2,-1,-1,1,41,7,1956,2,10,VAUXHALL INSIGNIA,4,E01029594,0,4
2024610046224,2024,610046224,2,9,0,9,9,5,3,0,0,8,0,0,0,0,4,1,6,6,1,34,6,1956,2,11,VAUXHALL INSIGNIA,2,W01001465,0,1
2024340NN3002,2024,340NN3002,1,9,0,-1,19,8,4,-1,0,0,0,0,0,0,1,1,-1,6,2,29,6,1796,1,10,VAUXHALL INSIGNIA,9,E01017950,0,4
2024411463886,2024,411463886,2,9,0,-1,1,3,5,-1,0,8,0,0,7,0,2,1,-1,6,-1,-1,-1,1956,2,12,VAUXHALL INSIGNIA,-1,-1,0,-1
2024501484814,2024,501484814,1,8,0,-1,19,1,5,-1,0,0,0,0,0,0,1,1,-1,2,1,49,8,1956,2,6,VAUXHALL INSIGNIA,3,E01019914,0,1
2024070178978,2024,070178978,1,9,0,9,9,5,3,0,0,1,0,0,0,0,4,1,6,6,1,27,6,1598,2,8,VAUXHALL INSIGNIA,4,E01012394,0,1
2024991400658,2024,991400658,2,9,0,-1,4,1,5,-1,0,2,0,0,0,0,2,1,-1,9,1,54,8,1598,2,8,VAUXHALL INSIGNIA,5,-1,0,2
2024501514224,2024,501514224,1,8,0,-1,4,4,8,-1,0,8,0,0,0,0,2,9,-1,6,1,50,8,1598,2,8,VAUXHALL INSIGNIA,1,E01015030,0,2
2024070081284,2024,070081284,2,9,0,10,10,5,1,0,0,1,0,0,0,0,2,1,2,2,2,33,6,1956,2,12,VAUXHALL INSIGNIA,3,E01018454,0,2
2024201542300,2024,201542300,1,9,0,-1,19,3,7,-1,0,1,0,0,0,0,4,9,-1,2,1,50,8,1956,2,12,VAUXHALL INSIGNIA,2,E01010287,0,1
2024401406839,2024,401406839,1,9,0,-1,19,-1,-1,-1,0,4,0,0,0,0,-1,9,-1,6,1,46,8,1956,2,15,VAUXHALL INSIGNIA,2,E01017490,0,4
2024461509921,2024,461509921,1,9,0,-1,9,7,5,-1,0,6,0,0,0,0,3,1,-1,1,2,34,6,1956,2,8,VAUXHALL INSIGNIA,4,E01034985,0,1
2024320713317,2024,320713317,1,9,0,13,13,3,7,0,0,0,0,10,0,0,2,1,-1,-1,1,32,6,1956,2,13,VAUXHALL INSIGNIA,-1,-1,0,-1
2024421444901,2024,421444901,2,9,0,-1,19,3,7,-1,0,0,0,0,0,0,2,9,-1,6,1,42,7,1956,2,14,VAUXHALL INSIGNIA,3,E01021598,0,1
2024471489715,2024,471489715,1,9,0,-1,19,2,7,-1,0,4,0,0,0,0,2,1,-1,6,1,67,10,1598,2,8,VAUXHALL INSIGNIA,9,E01030602,0,3
2024231481445,2024,231481445,2,9,0,-1,5,8,5,-1,-1,0,0,0,0,0,0,1,-1,6,2,34,6,1956,2,10,VAUXHALL INSIGNIA,6,E01031084,0,1
2024041439697,2024,041439697,2,9,0,-1,19,7,3,-1,0,0,0,0,0,0,3,1,-1,6,3,-1,-1,1956,2,9,VAUXHALL INSIGNIA,-1,-1,0,-1
2024440019251,2024,440019251,2,9,0,2,2,0,0,6,6,0,0,0,0,0,3,1,6,6,3,-1,-1,1956,2,9,VAUXHALL INSIGNIA,-1,-1,0,-1
2024211400083,2024,211400083,1,9,0,-1,-1,-1,-1,-1,-1,-1,-1,-1,-1,0,-1,1,-1,6,1,63,9,1956,2,14,VAUXHALL INSIGNIA,8,E01029788,0,4
2024010512068,2024,010512068,2,9,0,8,8,2,4,0,0,1,0,0,0,0,1,1,2,2,1,39,7,1598,2,8,VAUXHALL INSIGNIA,-1,-1,0,-1
2024061512409,2024,061512409,2,9,0,-1,19,3,7,-1,0,8,0,0,0,0,1,2,-1,9,1,35,6,1956,2,9,VAUXHALL INSIGNIA,5,E01006268,0,1
2024131448325,2024,131448325,2,9,0,-1,19,5,1,-1,0,0,1,0,0,0,2,1,-1,9,1,54,8,1956,2,13,VAUXHALL INSIGNIA,6,E01011551,0,1
2024991452323,2024,991452323,1,9,0,-1,19,5,1,-1,0,1,0,4,0,0,3,1,-1,6,1,22,5,1956,2,14,VAUXHALL INSIGNIA,2,-1,0,1
2024371433755,2024,371433755,1,9,0,-1,19,2,6,-1,0,0,0,0,0,0,1,1,-1,6,1,69,10,1490,1,7,VAUXHALL INSIGNIA,6,E01030063,0,2
2024311493689,2024,311493689,2,9,0,-1,2,0,0,-1,0,0,0,0,0,0,1,1,-1,6,-1,-1,-1,1598,2,6,VAUXHALL INSIGNIA,-1,-1,0,-1
2024211491869,2024,211491869,2,9,0,-1,9,6,4,-1,0,3,0,0,0,0,1,2,-1,6,2,30,6,1956,2,12,VAUXHALL INSIGNIA,-1,-1,0,-1
2024141534885,2024,141534885,2,9,0,-1,2,0,0,-1,0,2,0,0,0,0,1,1,-1,6,-1,-1,-1,1956,2,9,VAUXHALL INSIGNIA,-1,-1,0,-1
2024041449881,2024,041449881,2,9,0,-1,19,7,3,-1,0,0,0,0,0,0,2,1,-1,1,1,57,9,1956,2,9,VAUXHALL INSIGNIA,1,E01025185,0,3
2024451395424,2024,451395424,1,9,0,-1,12,4,8,-1,0,0,0,0,0,0,1,1,-1,1,1,58,9,1956,2,9,VAUXHALL INSIGNIA,2,E01016480,0,4
2024211529319,2024,211529319,1,9,0,-1,9,4,2,-1,0,5,0,0,0,0,1,2,-1,9,2,57,9,1490,1,5,VAUXHALL INSIGNIA,7,E01014303,0,1
2024401534031,2024,401534031,1,9,-1,-1,19,-1,-1,-1,0,0,0,0,0,0,1,9,-1,2,1,37,7,1956,2,15,VAUXHALL INSIGNIA,5,E01015793,0,1
2024546961224,2024,546961224,1,9,0,18,19,1,5,0,0,0,0,0,0,0,1,1,2,2,1,43,7,1956,2,9,VAUXHALL INSIGNIA,9,E01033158,0,3
2024211503773,2024,211503773,1,9,0,-1,5,5,1,-1,0,0,0,0,0,0,1,1,-1,2,1,35,6,1956,2,10,VAUXHALL INSIGNIA,3,E01029409,0,1
2024421401166,2024,421401166,2,9,0,-1,9,3,5,-1,0,0,0,0,0,0,1,9,-1,6,1,65,9,1796,1,12,VAUXHALL INSIGNIA,6,E01021597,0,1
2024161403357,2024,161403357,2,9,0,-1,14,5,1,-1,0,1,0,0,0,0,1,1,-1,9,1,20,4,1956,2,10,VAUXHALL INSIGNIA,7,E01013289,0,1
2024631477509,2024,631477509,1,9,0,-1,19,2,5,-1,0,1,0,0,0,0,1,1,-1,9,2,21,5,1956,2,13,VAUXHALL INSIGNIA,8,W01001937,0,2
2024401465386,2024,401465386,2,9,0,-1,4,2,6,-1,0,0,0,0,0,0,1,1,-1,2,1,60,9,1956,2,9,VAUXHALL INSIGNIA,5,E01017475,0,1
202417M119324,2024,17M119324,2,9,0,-1,19,4,8,-1,0,8,0,0,0,0,1,1,-1,9,1,17,4,1598,2,6,VAUXHALL INSIGNIA,6,E01012151,0,1
2024141485902,2024,141485902,2,9,0,-1,19,3,7,-1,0,1,0,0,0,0,4,1,-1,9,1,53,8,1956,2,11,VAUXHALL INSIGNIA,1,E01008015,0,1
2024440343171,2024,440343171,1,9,0,18,19,4,8,0,0,0,0,0,0,0,1,1,6,6,1,43,7,1956,2,11,VAUXHALL INSIGNIA,10,E01023047,0,2
2024320271050,2024,320271050,2,9,0,10,10,2,8,0,0,1,0,0,0,0,2,1,-1,-1,1,57,9,1956,2,10,VAUXHALL INSIGNIA,-1,-1,0,-1
2024101499370,2024,101499370,1,9,0,-1,5,3,7,-1,0,6,0,0,0,0,3,1,-1,1,2,35,6,1956,2,7,VAUXHALL INSIGNIA,4,E01027485,0,4
2024101438234,2024,101438234,1,8,0,-1,19,3,7,-1,0,8,0,0,0,0,1,1,-1,1,1,49,8,1956,2,9,VAUXHALL INSIGNIA,3,E01008462,0,1
2024531416030,2024,531416030,2,9,0,-1,19,1,5,-1,0,8,0,0,1,10,1,1,-1,9,1,21,5,1956,2,14,VAUXHALL INSIGNIA,1,E01022346,0,1
2024401476472,2024,401476472,2,9,0,-1,3,3,7,-1,0,0,0,7,0,0,3,1,-1,9,1,22,5,1598,2,6,VAUXHALL INSIGNIA,3,E01015765,0,1
202460Q164195,2024,60Q164195,2,9,0,4,4,6,2,0,0,0,0,0,0,0,2,1,6,6,1,48,8,1956,2,8,VAUXHALL INSIGNIA,-1,-1,0,-1
2024361453702,2024,361453702,2,9,0,-1,19,7,3,-1,0,8,0,0,0,0,3,1,-1,2,1,72,10,1956,2,13,VAUXHALL INSIGNIA,6,E01026886,0,2
2024320119276,2024,320119276,2,8,0,-1,-1,1,5,0,0,0,0,0,0,0,1,1,1,1,1,63,9,1956,2,13,VAUXHALL INSIGNIA,2,E01026049,0,3
2024201435755,2024,201435755,2,9,0,-1,19,8,1,-1,0,8,0,0,0,0,1,1,-1,9,1,34,6,1956,2,11,VAUXHALL INSIGNIA,1,E01009013,0,1
2024010538234,2024,010538234,2,8,0,99,99,9,9,99,99,0,9,99,9,99,1,9,6,6,1,37,7,1598,2,8,VAUXHALL INSIGNIA,3,E01016011,0,4
2024351540704,2024,351540704,1,9,0,-1,9,3,1,-1,0,8,0,0,0,0,1,1,-1,6,1,47,8,1956,2,9,VAUXHALL INSIGNIA,1,E01026666,0,4
2024471438025,2024,471438025,1,9,0,-1,19,1,6,-1,0,1,5,4,0,0,1,1,-1,9,2,41,7,1598,2,7,VAUXHALL INSIGNIA,8,E01027348,0,5
2024631429219,2024,631429219,2,9,0,-1,19,6,2,-1,0,0,0,0,1,7,3,1,-1,9,1,62,9,1956,2,9,VAUXHALL INSIGNIA,5,E01010351,0,5
2024332400884,2024,332400884,2,9,0,-1,19,6,2,-1,0,1,0,0,0,0,1,1,-1,6,3,-1,-1,1956,2,13,VAUXHALL INSIGNIA,-1,-1,0,-1
2024201457555,2024,201457555,1,9,0,-1,19,1,4,-1,0,8,0,0,0,0,1,9,-1,6,2,26,6,1956,2,9,VAUXHALL INSIGNIA,5,E01008982,0,3
2024161403356,2024,161403356,1,9,0,-1,19,6,2,-1,0,8,0,0,0,0,4,1,-1,9,1,28,6,1956,2,14,VAUXHALL INSIGNIA,7,E01012815,0,1
2024340WN1912,2024,340WN1912,4,9,0,-1,2,0,0,-1,0,2,0,0,0,0,2,1,-1,6,3,-1,-1,1796,1,15,VAUXHALL INSIGNIA,-1,-1,0,-1
2024610037724,2024,610037724,1,9,0,3,3,3,7,0,0,4,0,0,0,0,2,1,1,1,1,33,6,1956,2,14,VAUXHALL INSIGNIA,1,W01001469,0,3
2024010517477,2024,010517477,1,9,0,99,99,9,9,99,99,9,9,99,9,99,9,9,6,6,1,29,6,1796,1,14,VAUXHALL INSIGNIA,5,E01000745,0,1
2024010546261,2024,010546261,1,9,0,99,99,9,9,99,99,9,9,99,9,99,9,9,6,6,3,-1,-1,1956,2,8,VAUXHALL INSIGNIA,3,E01004402,0,2
2024543893324,2024,543893324,1,9,0,18,19,7,3,0,0,0,0,0,0,0,1,1,6,6,1,25,5,1956,2,11,VAUXHALL INSIGNIA,2,W01001073,0,5
2024131408327,2024,131408327,1,9,0,-1,9,5,1,-1,0,5,0,0,0,0,3,1,-1,9,1,82,11,1956,2,13,VAUXHALL INSIGNIA,7,E01011511,0,1
2024430623226,2024,430623226,1,9,0,8,8,6,8,0,0,1,0,0,0,0,2,1,6,6,1,27,6,1796,1,11,VAUXHALL INSIGNIA,4,E01035253,0,1
2024201491722,2024,201491722,1,9,0,-1,19,4,8,-1,0,3,0,0,0,0,3,1,-1,6,1,53,8,1956,2,13,VAUXHALL INSIGNIA,4,E01012664,0,5
2024461532630,2024,461532630,1,9,0,-1,-1,-1,-1,-1,0,0,-1,-1,-1,0,1,9,-1,6,1,46,8,1956,2,10,VAUXHALL INSIGNIA,3,E01024493,0,1
2024411490953,2024,411490953,1,9,0,-1,19,2,6,-1,0,1,0,0,0,0,4,1,-1,6,1,27,6,1956,2,9,VAUXHALL INSIGNIA,7,E01023923,0,1
2024101490896,2024,101490896,2,9,-1,-1,3,3,7,-1,0,0,0,0,0,0,2,9,-1,6,1,29,6,1956,2,13,VAUXHALL INSIGNIA,1,E01008302,0,1
2024332400322,2024,332400322,1,9,0,-1,19,2,6,-1,0,8,0,0,0,0,1,1,-1,6,1,75,10,1796,1,11,VAUXHALL INSIGNIA,6,E01025874,0,2
2024111503881,2024,111503881,2,9,0,-1,2,0,0,-1,0,0,0,0,0,0,2,1,-1,9,1,39,7,1956,2,14,VAUXHALL INSIGNIA,8,E01008278,0,4
2024991481688,2024,991481688,1,9,0,-1,9,8,7,-1,0,1,0,0,0,0,1,1,-1,6,1,23,5,1956,2,11,VAUXHALL INSIGNIA,8,-1,0,2
2024122400204,2024,122400204,1,9,0,18,19,5,1,0,0,4,0,0,0,0,1,1,6,6,1,72,10,1956,2,10,VAUXHALL INSIGNIA,6,E01027849,0,1
2024302400269,2024,302400269,2,9,0,18,19,5,1,0,0,1,0,0,0,0,3,1,6,6,2,31,6,1956,2,14,VAUXHALL INSIGNIA,2,E01033392,0,1
2024221471575,2024,221471575,1,9,0,-1,14,7,3,-1,0,0,0,0,0,0,4,1,-1,9,1,20,4,1956,2,12,VAUXHALL INSIGNIA,1,E01014115,0,2
202417M103724,2024,17M103724,1,9,0,6,6,2,2,0,0,8,0,0,0,0,3,1,6,6,1,65,9,1956,2,9,VAUXHALL INSIGNIA,1,E01012040,0,1
2024451496229,2024,451496229,1,9,0,-1,12,7,3,-1,0,0,0,0,0,0,0,1,-1,9,1,59,9,1956,2,9,VAUXHALL INSIGNIA,10,E01010170,0,5
2024461411832,2024,461411832,1,9,0,-1,19,5,1,-1,0,0,0,0,0,0,1,9,-1,6,1,30,6,1956,2,10,VAUXHALL INSIGNIA,7,E01032739,0,4
2024522401216,2024,522401216,1,9,0,18,19,7,3,0,0,4,0,0,0,0,1,1,6,6,1,53,8,1956,2,10,VAUXHALL INSIGNIA,1,E01014844,0,1
2024440466034,2024,440466034,1,9,0,18,19,8,4,0,0,8,0,0,0,0,3,1,6,6,2,44,7,1956,2,12,VAUXHALL INSIGNIA,9,E01022689,0,1
2024070650507,2024,070650507,2,9,0,18,19,5,1,0,0,8,1,0,1,11,1,1,2,2,1,51,8,1956,2,10,VAUXHALL INSIGNIA,2,E01034669,0,3
2024211400795,2024,211400795,1,9,0,-1,9,5,6,-1,0,8,0,0,0,0,1,1,-1,2,1,23,5,1598,2,8,VAUXHALL INSIGNIA,10,E01029757,0,1
2024430610315,2024,430610315,4,9,0,18,19,4,8,0,0,0,0,0,0,0,2,1,6,6,1,-1,-1,1956,2,14,VAUXHALL INSIGNIA,6,E01015780,0,4
2024211542202,2024,211542202,1,8,0,-1,19,4,8,-1,0,1,0,0,0,0,1,1,-1,1,1,34,6,1956,2,8,VAUXHALL INSIGNIA,5,E01010267,0,3
2024231427229,2024,231427229,1,9,0,-1,19,6,2,-1,0,0,0,0,0,0,1,1,-1,6,1,48,8,1598,2,9,VAUXHALL INSIGNIA,2,E01010258,0,4
2024451524028,2024,451524028,1,9,0,-1,19,1,5,-1,0,1,0,0,0,0,1,1,-1,1,1,50,8,1956,2,8,VAUXHALL INSIGNIA,6,E01030738,0,3
2024622400266,2024,622400266,2,9,0,18,19,4,8,0,0,0,0,0,0,0,1,1,6,6,1,36,7,1956,2,11,VAUXHALL INSIGNIA,4,W01001278,0,1
2024991425138,2024,991425138,2,9,0,-1,19,4,8,-1,0,0,0,0,0,0,2,1,-1,2,1,45,7,1956,2,5,VAUXHALL INSIGNIA,1,-1,0,2
2024010516215,2024,010516215,3,9,0,18,19,7,3,0,0,1,0,0,0,0,1,1,6,6,1,64,9,1490,1,6,VAUXHALL INSIGNIA,3,E01000195,0,1
2024501463129,2024,501463129,2,9,0,-1,1,-1,-1,-1,0,0,0,0,0,0,2,1,-1,6,3,-1,-1,1956,2,9,VAUXHALL INSIGNIA,-1,-1,0,-1
2024501420590,2024,501420590,1,9,0,-1,19,2,6,-1,0,0,0,0,0,0,1,9,-1,6,1,59,9,1956,2,9,VAUXHALL INSIGNIA,9,E01020186,0,1
2024411538462,2024,411538462,2,8,0,-1,4,5,1,-1,0,0,0,0,0,0,3,1,-1,1,1,63,9,1956,2,8,VAUXHALL INSIGNIA,6,E01023359,0,3
2024201429408,2024,201429408,1,9,0,-1,19,6,2,-1,0,0,0,0,0,0,1,9,-1,6,1,35,6,1956,2,11,VAUXHALL INSIGNIA,6,E01009776,0,1
2024201532611,2024,201532611,11,9,0,-1,2,0,0,-1,0,8,0,0,0,0,3,1,-1,6,-1,-1,-1,1956,2,7,VAUXHALL INSIGNIA,-1,-1,0,-1
2024041525484,2024,041525484,2,9,0,-1,2,7,3,-1,0,0,0,0,0,0,2,1,-1,6,-1,-1,-1,1956,2,9,VAUXHALL INSIGNIA,-1,-1,0,-1
2024531405651,2024,531405651,1,9,0,-1,19,1,5,-1,0,8,0,0,0,0,1,1,-1,9,1,52,8,1796,1,13,VAUXHALL INSIGNIA,8,E01034810,0,2
2024522401287,2024,522401287,1,9,0,9,9,7,5,0,0,8,0,0,0,0,1,1,6,6,2,41,7,1956,2,13,VAUXHALL INSIGNIA,1,E01014726,0,1
2024211461788,2024,211461788,2,9,0,-1,2,0,0,-1,0,0,0,0,0,0,2,1,-1,6,-1,-1,-1,1956,2,13,VAUXHALL INSIGNIA,-1,-1,0,-1
2024340WN0422,2024,340WN0422,2,9,0,-1,3,2,6,-1,0,6,0,0,0,0,3,1,-1,6,1,65,9,1796,1,15,VAUXHALL INSIGNIA,10,E01027295,0,2
2024340WN3112,2024,340WN3112,2,9,0,-1,19,3,7,-1,0,1,0,0,0,0,1,1,-1,9,1,70,10,1956,2,14,VAUXHALL INSIGNIA,2,E01027178,0,1
2024471464137,2024,471464137,1,9,0,-1,19,1,5,-1,0,1,1,10,7,4,1,9,-1,6,3,-1,-1,1956,2,13,VAUXHALL INSIGNIA,-1,-1,0,-1
2024371484878,2024,371484878,1,9,0,-1,5,5,7,-1,0,8,0,0,0,0,1,1,-1,9,1,36,7,1490,1,5,VAUXHALL INSIGNIA,5,E01029922,0,1
2024201451440,2024,201451440,2,9,0,-1,5,8,7,-1,0,0,0,0,0,0,4,1,-1,9,1,32,6,1490,1,6,VAUXHALL INSIGNIA,3,E01009120,0,3
2024010512301,2024,010512301,1,9,0,13,13,3,7,0,0,1,0,0,0,0,1,1,6,6,1,34,6,1598,2,6,VAUXHALL INSIGNIA,3,E01000103,0,3
2024101445467,2024,101445467,2,8,0,-1,3,3,7,-1,0,0,0,0,0,0,2,1,-1,1,1,35,6,1956,2,8,VAUXHALL INSIGNIA,1,E01008665,0,1
2024131410330,2024,131410330,2,9,0,-1,2,0,0,-1,0,0,0,4,0,0,2,1,-1,6,-1,-1,-1,1956,2,11,VAUXHALL INSIGNIA,-1,-1,0,-1
2024231577605,2024,231577605,1,9,0,-1,19,5,1,-1,0,0,0,0,0,0,1,9,-1,6,1,24,5,1956,2,15,VAUXHALL INSIGNIA,-1,-1,0,-1
2024440329647,2024,440329647,2,9,0,3,3,2,6,0,0,0,0,0,0,0,2,1,6,6,1,60,9,1956,2,10,VAUXHALL INSIGNIA,4,E01022781,0,2
2024161475496,2024,161475496,1,9,0,-1,19,7,3,-1,0,1,0,10,1,0,4,1,-1,6,1,61,9,1490,1,6,VAUXHALL INSIGNIA,7,E01013101,0,1
2024311479682,2024,311479682,1,9,0,-1,19,1,5,-1,9,0,0,0,7,0,1,1,-1,6,1,36,7,1956,2,12,VAUXHALL INSIGNIA,2,E01028269,0,3
2024320311166,2024,320311166,1,9,0,-1,-1,6,2,0,0,0,5,0,1,3,1,1,6,6,1,25,5,1956,2,14,VAUXHALL INSIGNIA,-1,-1,0,-1
2024531479809,2024,531479809,2,9,0,-1,2,0,0,-1,9,0,0,0,0,0,2,1,-1,6,-1,-1,-1,1956,2,11,VAUXHALL INSIGNIA,-1,-1,0,-1
2024471521812,2024,471521812,2,9,0,-1,19,3,7,-1,0,0,0,0,0,0,1,1,-1,6,1,43,7,1956,2,10,VAUXHALL INSIGNIA,8,E01021233,0,2
2024440559071,2024,440559071,1,9,0,1,1,1,5,0,0,0,0,0,0,0,2,1,6,6,1,30,6,1956,2,14,VAUXHALL INSIGNIA,6,E01017256,0,2
2024161469647,2024,161469647,1,9,0,-1,1,3,4,-1,9,0,0,0,0,0,2,9,-1,6,1,-1,-1,1956,2,11,VAUXHALL INSIGNIA,9,E01013217,0,1
2024131405367,2024,131405367,1,9,0,-1,19,1,1,-1,0,0,0,0,0,0,4,1,-1,9,1,78,11,1490,1,6,VAUXHALL INSIGNIA,9,E01011381,0,1
2024211454464,2024,211454464,2,9,0,-1,19,1,5,-1,0,4,0,0,0,0,1,1,-1,6,1,40,7,1956,2,13,VAUXHALL INSIGNIA,7,E01029379,0,1
2024201489376,2024,201489376,1,8,0,-1,15,1,5,-1,0,0,0,0,0,0,1,9,-1,6,1,-1,-1,1956,2,9,VAUXHALL INSIGNIA,9,E01009665,0,1
2024211511566,2024,211511566,1,9,0,-1,9,4,1,-1,0,5,0,0,0,0,1,1,-1,9,1,43,7,1956,2,11,VAUXHALL INSIGNIA,3,E01029408,0,1
2024421441368,2024,421441368,1,9,0,-1,19,7,3,-1,0,7,0,0,0,0,1,1,-1,2,1,35,6,1956,2,9,VAUXHALL INSIGNIA,3,E01021307,0,1
2024071062619,2024,071062619,2,9,0,-1,19,5,1,-1,0,1,0,0,0,0,4,1,-1,6,1,40,7,1598,2,6,VAUXHALL INSIGNIA,1,E01012526,0,4
2024161461091,2024,161461091,1,9,0,-1,19,5,1,-1,0,0,0,0,0,0,1,1,-1,9,1,26,6,1956,2,10,VAUXHALL INSIGNIA,1,E01013141,0,4
2024471509231,2024,471509231,1,9,0,-1,19,6,1,-1,0,8,0,0,0,0,4,1,-1,6,3,-1,-1,1956,2,13,VAUXHALL INSIGNIA,-1,-1,0,-1
2024461408228,2024,461408228,2,9,0,-1,19,1,5,-1,0,8,0,0,0,0,1,1,-1,9,1,42,7,1956,2,9,VAUXHALL INSIGNIA,4,E01024673,0,2
2024552400159,2024,552400159,2,9,0,2,2,0,0,0,0,0,0,0,0,0,2,1,6,6,3,-1,-1,1956,2,14,VAUXHALL INSIGNIA,-1,-1,0,-1
2024161531405,2024,161531405,1,9,0,-1,19,3,7,-1,0,0,0,0,0,0,1,1,-1,9,1,36,7,1956,2,14,VAUXHALL INSIGNIA,9,E01013252,0,2
2024161447906,2024,161447906,1,9,0,-1,19,3,7,-1,0,8,0,0,1,10,3,1,-1,6,1,47,8,1956,2,11,VAUXHALL INSIGNIA,3,E01013207,0,1
2024201501342,2024,201501342,1,9,0,-1,7,4,5,-1,0,5,0,0,0,0,1,1,-1,6,1,40,7,1598,2,9,VAUXHALL INSIGNIA,2,E01009407,0,1
2024031434958,2024,031434958,1,9,0,-1,1,5,7,-1,0,0,0,0,0,0,2,1,-1,6,1,53,8,1598,2,9,VAUXHALL INSIGNIA,2,E01019206,0,1
2024991442643,2024,991442643,1,9,0,-1,19,3,7,-1,0,2,0,0,0,0,1,1,-1,9,1,32,6,1956,2,13,VAUXHALL INSIGNIA,5,-1,0,2
2024522401983,2024,522401983,2,9,0,18,19,4,8,0,0,0,0,0,0,0,1,1,6,6,1,24,5,1998,1,15,VAUXHALL INSIGNIA,4,E01014519,0,2
2024041459166,2024,041459166,1,9,0,-1,5,5,1,-1,0,8,0,0,7,10,1,1,-1,9,1,39,7,1956,2,9,VAUXHALL INSIGNIA,5,E01004983,0,4
2024071016346,2024,071016346,1,9,0,-1,9,5,3,-1,0,2,0,0,0,0,1,1,-1,6,2,-1,-1,1956,2,8,VAUXHALL INSIGNIA,1,E01007295,0,2
2024451457354,2024,451457354,4,9,0,-1,4,7,3,-1,0,0,0,0,0,0,2,1,-1,6,1,45,7,1956,2,7,VAUXHALL INSIGNIA,9,E01022564,0,4
2024010516569,2024,010516569,2,9,0,18,19,7,3,0,0,4,0,0,0,0,1,1,6,6,1,40,7,1598,2,7,VAUXHALL INSIGNIA,3,E01000405,0,1
2024991454612,2024,991454612,4,9,0,-1,2,0,0,-1,0,2,0,4,0,0,3,9,-1,6,-1,-1,-1,1956,2,12,VAUXHALL INSIGNIA,-1,-1,0,-1
2024041484756,2024,041484756,1,9,0,-1,19,3,7,-1,0,0,-1,-1,0,0,-1,9,-1,6,3,-1,-1,1956,2,14,VAUXHALL INSIGNIA,-1,-1,0,-1
2024361514045,2024,361514045,1,9,0,-1,9,3,7,-1,0,0,0,0,0,0,3,1,-1,6,1,43,7,1598,2,6,VAUXHALL INSIGNIA,-1,-1,0,-1
202460Q102728,2024,60Q102728,2,9,0,18,19,5,1,0,0,0,0,0,0,0,3,1,6,6,1,76,11,1956,2,9,VAUXHALL INSIGNIA,-1,-1,0,-1
2024041471257,2024,041471257,1,9,0,-1,4,5,1,-1,4,1,0,0,0,0,4,1,-1,9,2,40,7,1956,2,9,VAUXHALL INSIGNIA,4,E01025100,0,1