collision_index,collision_year,collision_ref_no,vehicle_reference,vehicle_type,towing_and_articulation,vehicle_manoeuvre_historic,vehicle_manoeuvre,vehicle_direction_from,vehicle_direction_to,vehicle_location_restricted_lane_historic,vehicle_location_restricted_lane,junction_location,skidding_and_overturning,hit_object_in_carriageway,vehicle_leaving_carriageway,hit_object_off_carriageway,first_point_of_impact,vehicle_left_hand_drive,journey_purpose_of_driver_historic,journey_purpose_of_driver,sex_of_driver,age_of_driver,age_band_of_driver,engine_capacity_cc,propulsion_code,age_of_vehicle,generic_make_model,driver_imd_decile,lsoa_of_driver,escooter_flag,driver_distance_banding
2024010507673,2024,010507673,1,9,0,18,19,1,5,0,0,8,0,4,0,0,4,2,6,6,1,24,5,1796,1,13,VAUXHALL INSIGNIA,-1,-1,0,-1
2024201406433,2024,201406433,2,9,0,-1,9,1,7,-1,0,5,0,10,7,0,3,9,-1,9,1,30,6,1956,2,15,VAUXHALL INSIGNIA,3,E01029387,0,4
2024401439812,2024,401439812,4,9,0,-1,2,0,0,-1,0,2,0,4,0,0,2,1,-1,6,-1,-1,-1,1956,2,12,VAUXHALL INSIGNIA,-1,-1,0,-1
2024201525952,2024,201525952,1,9,0,-1,9,4,2,-1,0,8,0,0,0,0,1,1,-1,6,1,59,9,1956,2,10,VAUXHALL INSIGNIA,2,E01027331,0,4
2024311486316,2024,311486316,1,9,0,-1,19,2,6,-1,0,2,0,0,1,10,1,1,-1,6,1,36,7,1796,1,10,VAUXHALL INSIGNIA,4,E01028380,0,2
2024340NN1352,2024,340NN1352,1,9,0,-1,9,3,7,-1,0,5,0,0,0,0,1,1,-1,9,2,28,6,1956,2,9,VAUXHALL INSIGNIA,2,E01027128,0,1
2024122400283,2024,122400283,2,9,0,18,19,2,6,0,0,0,0,0,0,0,1,1,6,6,1,49,8,1956,2,6,VAUXHALL INSIGNIA,9,E01034755,0,4
2024461532677,2024,461532677,1,9,0,-1,10,-1,-1,-1,-1,6,0,0,0,0,1,9,-1,6,2,28,6,1490,1,5,VAUXHALL INSIGNIA,3,E01024399,0,1
2024522401340,2024,522401340,5,9,0,3,3,8,4,0,0,0,0,0,0,0,2,1,6,6,1,38,7,1598,2,6,VAUXHALL INSIGNIA,7,W01002029,0,4
2024320514340,2024,320514340,1,9,0,-1,-1,4,8,0,0,0,1,0,0,1,2,1,6,6,1,29,6,1796,1,15,VAUXHALL INSIGNIA,-1,-1,0,-1
2024401395837,2024,401395837,1,9,0,-1,7,-1,-1,-1,0,1,0,0,0,0,1,9,-1,2,1,29,6,1956,2,11,VAUXHALL INSIGNIA,8,E01017488,0,1
2024010547983,2024,010547983,2,9,0,18,19,7,3,0,0,1,0,0,0,0,1,1,6,6,1,27,6,1956,2,9,VAUXHALL INSIGNIA,1,E01012068,0,5
2024531530519,2024,531530519,2,9,0,-1,19,2,6,-1,0,2,0,0,0,0,1,1,-1,9,1,64,9,1956,2,10,VAUXHALL INSIGNIA,6,E01034798,0,2
2024351459413,2024,351459413,1,9,-1,-1,-1,-1,-1,-1,-1,-1,-1,-1,-1,0,-1,9,-1,6,1,-1,-1,1956,2,15,VAUXHALL INSIGNIA,2,E01017946,0,4
2024041478524,2024,041478524,2,9,0,-1,19,5,1,-1,0,0,0,0,0,0,4,2,-1,9,2,41,7,1956,2,11,VAUXHALL INSIGNIA,7,E01024993,0,1
2024131400717,2024,131400717,2,9,0,-1,4,1,5,-1,0,8,0,0,0,0,2,1,-1,6,1,43,7,1956,2,10,VAUXHALL INSIGNIA,1,E01025183,0,4
2024141539806,2024,141539806,1,9,0,-1,19,8,4,-1,0,2,1,0,1,11,1,1,-1,9,2,35,6,1796,1,15,VAUXHALL INSIGNIA,1,E01007508,0,1
2024461489444,2024,461489444,3,9,0,-1,4,5,1,-1,0,0,0,0,0,0,2,1,-1,6,1,36,7,1956,2,9,VAUXHALL INSIGNIA,3,E01024715,0,1
2024361529686,2024,361529686,1,9,0,-1,19,5,1,-1,0,8,0,0,0,0,1,1,-1,6,1,21,5,1956,2,11,VAUXHALL INSIGNIA,3,E01026694,0,2
2024101524391,2024,101524391,1,9,0,-1,19,1,5,-1,0,8,0,0,0,0,1,1,-1,6,1,63,9,1956,2,10,VAUXHALL INSIGNIA,3,E01008510,0,2
2024061487042,2024,061487042,1,9,0,-1,11,5,1,-1,0,0,1,0,1,0,4,9,-1,9,1,-1,-1,1598,2,6,VAUXHALL INSIGNIA,-1,-1,0,-1
2024320280185,2024,320280185,1,9,0,-1,-1,4,5,0,0,1,0,0,0,0,1,1,-1,-1,1,30,6,1956,2,13,VAUXHALL INSIGNIA,10,E01026187,0,1
2024411482918,2024,411482918,1,8,0,-1,19,5,1,-1,0,0,0,0,0,0,0,9,-1,1,1,43,7,1598,2,6,VAUXHALL INSIGNIA,2,E01015787,0,3
2024471497178,2024,471497178,1,9,0,-1,19,7,3,-1,0,0,0,0,1,11,3,1,-1,9,1,54,8,1598,2,8,VAUXHALL INSIGNIA,4,E01031433,0,4
2024101420340,2024,101420340,1,8,0,-1,19,3,7,-1,0,4,0,0,0,0,1,1,-1,1,1,-1,-1,1598,2,7,VAUXHALL INSIGNIA,9,E01027538,0,3
2024101491990,2024,101491990,1,9,0,-1,19,8,4,-1,0,4,0,0,0,0,1,2,-1,6,2,64,9,1956,2,11,VAUXHALL INSIGNIA,3,E01033205,0,1
2024351440724,2024,351440724,1,9,0,-1,19,1,5,-1,0,0,0,0,0,0,1,1,-1,1,1,53,8,1956,2,14,VAUXHALL INSIGNIA,2,E01015610,0,4
2024471520666,2024,471520666,2,9,0,-1,3,2,6,-1,0,0,0,0,0,0,2,1,-1,9,1,40,7,1956,2,12,VAUXHALL INSIGNIA,5,E01031355,0,2
2024332400601,2024,332400601,3,9,0,-1,3,1,5,-1,0,8,0,0,0,0,1,1,-1,6,1,63,9,1956,2,10,VAUXHALL INSIGNIA,3,E01027191,0,4
2024501413021,2024,501413021,1,9,0,-1,19,7,3,-1,1,1,0,0,0,0,3,9,-1,6,1,38,7,1956,2,8,VAUXHALL INSIGNIA,2,E01020039,0,1
2024201444369,2024,201444369,2,9,0,-1,19,4,8,-1,0,8,0,0,0,0,1,1,-1,6,1,30,6,1956,2,13,VAUXHALL INSIGNIA,-1,-1,0,-1
2024340WN5182,2024,340WN5182,2,9,0,-1,19,5,1,-1,0,1,0,0,0,0,1,1,-1,2,1,29,6,1956,2,10,VAUXHALL INSIGNIA,10,E01027283,0,1
2024201400906,2024,201400906,1,9,0,-1,19,2,6,-1,0,1,1,0,0,0,4,1,-1,6,3,-1,-1,1956,2,12,VAUXHALL INSIGNIA,-1,-1,0,-1
2024201534858,2024,201534858,2,9,0,-1,15,3,7,-1,0,0,0,4,0,0,1,1,-1,6,1,23,5,1956,2,9,VAUXHALL INSIGNIA,2,E01010264,0,1
2024201494978,2024,201494978,1,9,0,-1,9,2,6,-1,0,6,0,0,0,0,1,1,-1,6,-1,-1,-1,1796,1,9,VAUXHALL INSIGNIA,-1,-1,0,-1
2024351420116,2024,351420116,1,9,-1,-1,-1,-1,-1,-1,-1,-1,-1,-1,-1,0,-1,9,-1,6,3,-1,-1,1956,2,11,VAUXHALL INSIGNIA,-1,-1,0,-1
2024311398419,2024,311398419,2,9,0,-1,19,1,5,-1,0,8,1,4,0,0,1,1,-1,1,1,44,7,1598,2,8,VAUXHALL INSIGNIA,-1,-1,0,-1
2024041414241,2024,041414241,2,9,0,-1,19,8,5,-1,0,1,0,0,0,0,2,1,-1,9,2,59,9,1956,2,12,VAUXHALL INSIGNIA,1,E01025527,0,1
2024061425671,2024,061425671,1,9,0,-1,19,1,1,-1,0,0,0,0,0,0,1,2,-1,6,3,30,6,1956,2,13,VAUXHALL INSIGNIA,-1,-1,0,-1
2024131472207,2024,131472207,1,9,0,-1,19,6,2,-1,0,0,0,0,0,0,1,1,-1,6,1,46,8,1956,2,10,VAUXHALL INSIGNIA,1,E01011423,0,1
2024031495043,2024,031495043,1,9,0,-1,19,3,7,-1,0,0,0,0,0,0,1,1,-1,6,1,33,6,1956,2,12,VAUXHALL INSIGNIA,3,E01027512,0,3
2024552400156,2024,552400156,1,9,0,18,19,8,4,0,0,0,0,0,0,0,1,1,6,6,1,62,9,1956,2,9,VAUXHALL INSIGNIA,5,E01015427,0,1
2024201518607,2024,201518607,1,9,0,-1,9,4,5,-1,0,1,0,0,0,0,1,9,-1,6,1,23,5,1956,2,13,VAUXHALL INSIGNIA,2,E01009937,0,1
2024131486271,2024,131486271,1,9,0,-1,9,7,5,-1,0,8,0,0,0,0,1,1,-1,6,1,-1,-1,1956,2,12,VAUXHALL INSIGNIA,-1,-1,0,-1
2024340NN2722,2024,340NN2722,1,9,0,-1,19,3,7,-1,0,0,0,0,0,0,1,1,-1,2,2,55,8,1956,2,11,VAUXHALL INSIGNIA,10,E01032982,0,3
2024440380665,2024,440380665,1,9,0,18,19,7,3,0,0,0,0,0,0,0,1,1,1,1,1,27,6,1490,1,6,VAUXHALL INSIGNIA,5,E01022520,0,3
2024161508482,2024,161508482,2,9,0,-1,7,7,1,-1,0,5,0,0,0,0,1,1,-1,6,3,-1,-1,1956,2,9,VAUXHALL INSIGNIA,-1,-1,0,-1
2024440195337,2024,440195337,1,9,0,18,19,3,7,0,0,0,0,0,0,0,1,1,6,6,1,31,6,1956,2,12,VAUXHALL INSIGNIA,10,E01022921,0,1
2024991442276,2024,991442276,1,9,0,-1,9,7,5,-1,0,7,0,0,0,0,1,1,-1,9,2,47,8,1956,2,9,VAUXHALL INSIGNIA,3,-1,0,1
2024010496490,2024,010496490,2,9,0,18,19,5,1,0,0,1,0,0,0,0,1,1,6,6,1,54,8,1796,1,13,VAUXHALL INSIGNIA,3,E01000103,0,2
2024401435564,2024,401435564,1,9,0,-1,5,7,3,-1,0,8,0,0,0,0,4,1,-1,6,1,24,5,1598,2,8,VAUXHALL INSIGNIA,10,E01023610,0,3
2024052402247,2024,052402247,1,9,0,5,5,6,2,0,0,8,0,0,0,0,4,1,6,6,1,40,7,1956,2,12,VAUXHALL INSIGNIA,1,E01006661,0,1
2024141394832,2024,141394832,2,9,0,-1,7,3,5,-1,0,0,0,0,0,0,4,9,-1,6,1,32,6,1956,2,9,VAUXHALL INSIGNIA,1,E01007677,0,1
2024101502784,2024,101502784,1,9,0,-1,19,7,2,-1,0,0,0,0,0,0,1,1,-1,6,1,50,8,1598,2,8,VAUXHALL INSIGNIA,7,E01020655,0,3
2024201442137,2024,201442137,1,9,0,-1,19,8,4,-1,0,2,0,0,0,0,1,1,-1,1,1,25,5,1598,2,5,VAUXHALL INSIGNIA,4,E01034744,0,1
2024131478956,2024,131478956,1,9,0,-1,9,1,2,-1,0,5,0,0,7,0,1,1,-1,2,2,52,8,1796,1,10,VAUXHALL INSIGNIA,1,E01011084,0,3
2024131474063,2024,131474063,2,9,0,-1,5,1,5,-1,0,0,0,0,0,0,3,1,-1,9,2,25,5,1956,2,9,VAUXHALL INSIGNIA,4,E01010795,0,2
2024552400967,2024,552400967,1,9,0,18,19,4,8,0,0,1,0,0,0,0,1,1,6,6,1,63,9,1796,1,15,VAUXHALL INSIGNIA,6,E01015353,0,1
2024440006180,2024,440006180,1,9,0,9,9,1,6,0,0,5,0,0,0,0,1,1,6,6,1,44,7,1956,2,9,VAUXHALL INSIGNIA,7,E01017086,0,1
2024231456716,2024,231456716,2,9,0,-1,19,1,6,-1,0,0,0,0,1,0,1,1,-1,9,1,57,9,1956,2,10,VAUXHALL INSIGNIA,7,E01009562,0,2
2024041534325,2024,041534325,1,9,0,-1,9,5,2,-1,0,6,0,0,0,0,3,1,-1,9,1,31,6,1956,2,14,VAUXHALL INSIGNIA,1,E01012736,0,1
2024421480271,2024,421480271,1,9,0,-1,19,3,8,-1,0,4,0,0,0,0,3,1,-1,6,2,29,6,1956,2,12,VAUXHALL INSIGNIA,2,E01035164,0,1
2024131515959,2024,131515959,1,9,0,-1,19,4,8,-1,0,8,0,0,0,0,1,1,-1,6,-1,-1,-1,1956,2,13,VAUXHALL INSIGNIA,-1,-1,0,-1
2024471496407,2024,471496407,1,9,0,-1,9,5,3,-1,0,5,0,0,0,0,1,1,-1,1,1,36,7,1956,2,6,VAUXHALL INSIGNIA,1,E01020912,0,2
2024201459951,2024,201459951,1,9,0,-1,19,8,4,-1,0,8,0,0,0,0,3,1,-1,6,1,28,6,1956,2,7,VAUXHALL INSIGNIA,2,E01010419,0,1
2024320039279,2024,320039279,3,9,0,2,2,0,0,0,0,0,0,0,0,0,2,1,6,6,1,35,6,1956,2,10,VAUXHALL INSIGNIA,1,E01030018,0,5
2024351452961,2024,351452961,1,9,0,-1,19,8,5,-1,0,0,0,0,0,0,1,1,-1,9,2,30,6,1956,2,14,VAUXHALL INSIGNIA,10,E01018305,0,1
2024522403125,2024,522403125,1,9,0,12,12,6,2,0,0,0,0,0,0,0,2,1,6,6,1,42,7,1956,2,8,VAUXHALL INSIGNIA,1,E01014595,0,1
2024201457737,2024,201457737,5,9,0,-1,2,0,0,-1,0,2,0,0,0,0,1,9,-1,6,1,-1,-1,1956,2,8,VAUXHALL INSIGNIA,2,E01009409,0,1
2024440461352,2024,440461352,1,9,0,5,5,5,1,0,0,0,0,0,0,0,1,1,1,1,1,48,8,1956,2,5,VAUXHALL INSIGNIA,1,E01017040,0,1
2024320719638,2024,320719638,1,9,0,-1,-1,4,8,0,0,4,0,0,0,0,1,1,-1,-1,1,51,8,1364,1,8,VAUXHALL INSIGNIA,4,E01026025,0,1
2024101486196,2024,101486196,2,9,0,-1,3,5,1,-1,0,0,0,0,0,0,1,1,-1,6,2,44,7,1598,2,9,VAUXHALL INSIGNIA,1,E01008297,0,1
2024010528825,2024,010528825,1,9,0,9,9,8,6,0,0,5,0,0,0,0,4,1,6,6,1,84,11,1796,1,11,VAUXHALL INSIGNIA,-1,-1,0,-1
2024010517113,2024,010517113,3,9,0,2,2,0,0,0,0,2,0,0,0,0,3,1,6,6,3,-1,-1,1490,1,7,VAUXHALL INSIGNIA,-1,-1,0,-1
2024546401324,2024,546401324,3,9,0,18,19,7,3,0,0,2,0,0,0,0,2,1,6,6,2,45,7,1956,2,15,VAUXHALL INSIGNIA,10,E01031934,0,1
2024340WN3082,2024,340WN3082,2,9,0,-1,3,7,3,-1,0,1,0,0,0,0,2,1,-1,2,1,32,6,1956,2,9,VAUXHALL INSIGNIA,6,E01035422,0,1
2024061434494,2024,061434494,1,9,0,-1,19,5,1,-1,0,0,5,4,0,0,4,1,-1,1,1,61,9,1956,2,8,VAUXHALL INSIGNIA,5,E01005002,0,1
2024320475161,2024,320475161,1,9,0,-1,-1,6,2,0,0,0,1,0,0,0,1,1,6,6,1,-1,-1,1796,1,13,VAUXHALL INSIGNIA,-1,-1,0,-1
2024070837655,2024,070837655,1,9,0,-1,9,3,1,-1,0,5,0,0,0,0,4,1,-1,6,1,35,6,1956,2,9,VAUXHALL INSIGNIA,-1,-1,0,-1
2024311461565,2024,311461565,2,9,0,-1,19,7,3,-1,0,0,0,0,0,0,4,9,-1,6,1,28,6,1956,2,9,VAUXHALL INSIGNIA,2,E01028067,0,1
2024520401939,2024,520401939,1,9,0,18,19,6,2,0,0,0,0,0,0,0,1,1,6,6,2,32,6,1956,2,13,VAUXHALL INSIGNIA,6,E01032631,0,1
2024340NN3012,2024,340NN3012,2,9,0,-1,19,3,7,-1,0,0,0,0,0,0,4,1,-1,2,1,19,4,1796,1,13,VAUXHALL INSIGNIA,3,E01027330,0,1
2024421509563,2024,421509563,2,9,0,-1,19,5,2,-1,0,0,0,0,0,0,2,1,-1,6,1,73,10,1956,2,13,VAUXHALL INSIGNIA,9,E01015913,0,1
2024201418111,2024,201418111,1,9,0,-1,19,8,4,-1,0,0,0,0,0,0,1,9,-1,6,3,-1,-1,1956,2,14,VAUXHALL INSIGNIA,-1,-1,0,-1
2024010520088,2024,010520088,2,9,0,99,99,9,9,99,99,0,9,99,9,99,9,9,6,6,3,-1,-1,1364,1,7,VAUXHALL INSIGNIA,-1,-1,0,-1
202460Q143800,2024,60Q143800,1,9,0,9,9,8,6,0,0,1,1,0,0,0,1,1,6,6,2,49,8,1956,2,10,VAUXHALL INSIGNIA,-1,-1,0,-1
2024101483865,2024,101483865,1,9,0,-1,5,8,4,-1,0,8,0,0,0,0,3,1,-1,6,1,28,6,1956,2,11,VAUXHALL INSIGNIA,8,E01008843,0,1
2024201449011,2024,201449011,1,9,0,-1,19,1,4,-1,0,2,0,0,0,0,2,1,-1,6,2,32,6,1956,2,9,VAUXHALL INSIGNIA,7,E01009976,0,1
2024131439968,2024,131439968,1,9,0,-1,19,3,7,-1,0,1,0,0,0,0,3,1,-1,9,1,84,11,1598,2,9,VAUXHALL INSIGNIA,4,E01010921,0,1
2024010513775,2024,010513775,1,9,0,4,4,8,4,0,0,2,0,0,0,0,3,1,1,1,1,25,5,1598,2,7,VAUXHALL INSIGNIA,8,E01032776,0,1
2024332400891,2024,332400891,3,9,0,-1,5,4,8,-1,0,1,0,0,0,0,1,1,-1,2,1,26,6,1956,2,6,VAUXHALL INSIGNIA,8,E01015645,0,4
2024401432509,2024,401432509,2,9,0,-1,19,1,5,-1,0,0,0,0,1,0,1,1,-1,1,1,65,9,1956,2,12,VAUXHALL INSIGNIA,5,E01027059,0,3
2024010533143,2024,010533143,2,9,0,99,99,9,9,99,99,9,9,99,9,99,1,9,6,6,3,-1,-1,1490,1,7,VAUXHALL INSIGNIA,9,E01002575,0,1
2024201427385,2024,201427385,2,9,0,-1,5,2,6,-1,0,6,0,0,0,0,1,9,-1,9,2,44,7,1598,2,8,VAUXHALL INSIGNIA,4,E01010026,0,2
2024201452054,2024,201452054,3,9,0,-1,2,0,0,-1,0,0,0,0,0,0,2,9,-1,6,1,-1,-1,1956,2,15,VAUXHALL INSIGNIA,-1,-1,0,-1
2024302400392,2024,302400392,1,9,0,4,4,8,4,0,0,0,0,0,0,0,1,1,6,6,1,25,5,1956,2,14,VAUXHALL INSIGNIA,2,E01019549,0,1
2024471482842,2024,471482842,1,9,0,-1,19,2,6,-1,0,0,0,0,1,0,1,1,-1,6,1,35,6,1956,2,9,VAUXHALL INSIGNIA,8,E01021150,0,3
2024010498528,2024,010498528,3,9,0,9,9,1,6,0,0,8,0,0,0,0,1,1,6,6,1,16,4,1490,1,7,VAUXHALL INSIGNIA,4,E01002591,0,1
2024041455626,2024,041455626,1,9,0,-1,19,3,7,-1,0,0,0,0,1,0,2,1,-1,2,1,49,8,1956,2,12,VAUXHALL INSIGNIA,1,E01024882,0,4
2024531468652,2024,531468652,1,9,0,-1,19,4,2,-1,0,8,0,0,0,0,1,9,-1,6,3,-1,-1,1956,2,12,VAUXHALL INSIGNIA,-1,-1,0,-1
2024531405081,2024,531405081,1,9,0,-1,9,5,3,-1,0,8,0,0,0,0,4,1,-1,2,1,63,9,1956,2,12,VAUXHALL INSIGNIA,8,E01022300,0,1
2024131401426,2024,131401426,3,9,0,-1,19,7,3,-1,0,0,0,4,0,0,1,1,-1,9,1,21,5,1956,2,11,VAUXHALL INSIGNIA,1,E01011423,0,3
2024421506324,2024,421506324,1,9,0,-1,5,3,7,-1,0,6,0,0,1,0,1,1,-1,2,1,36,7,1956,2,11,VAUXHALL INSIGNIA,9,E01021395,0,4
2024111523635,2024,111523635,1,9,0,-1,9,1,7,-1,0,1,0,0,0,0,4,1,-1,6,1,21,5,1956,2,15,VAUXHALL INSIGNIA,10,E01012339,0,1
2024430012878,2024,430012878,1,9,0,18,19,8,4,0,0,6,0,9,0,0,1,2,6,6,1,51,8,1956,2,9,VAUXHALL INSIGNIA,7,E01017646,0,3
2024451503558,2024,451503558,1,9,0,-1,19,2,6,-1,0,0,0,0,0,0,2,1,-1,9,1,66,10,1796,1,7,VAUXHALL INSIGNIA,2,E01016136,0,4
2024440326067,2024,440326067,3,9,0,18,19,3,7,0,0,1,0,0,0,0,3,1,6,6,1,50,8,1598,2,8,VAUXHALL INSIGNIA,4,E01023154,0,1
2024122500449,2024,122500449,1,9,0,7,7,1,3,0,0,2,0,0,0,0,3,1,6,6,2,63,9,1956,2,12,VAUXHALL INSIGNIA,7,E01027727,0,1
2024231475053,2024,231475053,1,9,0,-1,7,6,1,-1,0,4,0,0,0,0,1,9,-1,6,1,45,7,1956,2,13,VAUXHALL INSIGNIA,-1,-1,0,-1
2024131418634,2024,131418634,3,9,0,-1,19,1,1,-1,0,0,0,0,0,0,1,1,-1,9,1,25,5,1956,2,9,VAUXHALL INSIGNIA,1,E01010928,0,4
2024061517191,2024,061517191,3,9,0,-1,19,7,3,-1,0,1,0,0,0,0,2,9,-1,6,1,-1,-1,1364,1,8,VAUXHALL INSIGNIA,-1,-1,0,-1
2024540069827,2024,540069827,1,9,0,18,19,3,7,0,0,0,0,0,0,0,1,1,1,1,1,47,8,1956,2,10,VAUXHALL INSIGNIA,1,E01015573,0,1
2024010520032,2024,010520032,2,9,0,99,99,9,9,99,99,9,9,99,9,99,1,9,6,6,3,24,5,1796,1,11,VAUXHALL INSIGNIA,3,E01003286,0,1
2024546062324,2024,546062324,2,9,0,2,2,0,0,0,0,1,0,0,0,0,1,1,6,6,1,-1,-1,1796,1,15,VAUXHALL INSIGNIA,-1,-1,0,-1
2024052402456,2024,052402456,1,9,0,11,11,7,3,0,0,0,0,0,0,0,4,1,6,6,1,33,6,1956,2,10,VAUXHALL INSIGNIA,1,E01006446,0,3
2024141423205,2024,141423205,3,9,0,-1,19,5,1,-1,0,0,0,0,0,0,1,1,-1,1,1,46,8,1956,2,14,VAUXHALL INSIGNIA,4,E01007331,0,2
2024991523454,2024,991523454,2,9,0,-1,19,8,4,-1,0,8,0,0,0,0,1,1,-1,9,1,50,8,1956,2,12,VAUXHALL INSIGNIA,4,-1,0,4
2024471451326,2024,471451326,1,9,0,-1,5,6,4,-1,0,4,0,0,0,0,1,1,-1,9,2,36,7,1796,1,12,VAUXHALL INSIGNIA,10,E01035360,0,1
2024371481401,2024,371481401,1,9,0,-1,19,1,5,-1,0,1,0,0,0,0,1,1,-1,9,1,36,7,1956,2,11,VAUXHALL INSIGNIA,10,E01018014,0,4
2024211452954,2024,211452954,2,9,0,-1,3,7,1,-1,0,0,0,0,0,0,2,1,-1,2,1,39,7,1490,1,6,VAUXHALL INSIGNIA,-1,-1,0,-1
2024371510637,2024,371510637,1,9,0,-1,19,5,6,-1,0,0,5,0,0,0,1,1,-1,6,2,23,5,1956,2,9,VAUXHALL INSIGNIA,6,E01030097,0,1
2024231529258,2024,231529258,1,9,0,-1,5,4,8,-1,0,8,1,10,0,0,1,9,-1,6,3,23,5,1956,2,13,VAUXHALL INSIGNIA,-1,-1,0,-1
2024161425907,2024,161425907,1,9,0,-1,19,3,7,-1,0,1,0,0,0,0,-1,1,-1,6,3,-1,-1,1956,2,13,VAUXHALL INSIGNIA,-1,-1,0,-1
2024201443820,2024,201443820,2,9,0,-1,9,2,6,-1,0,6,0,10,2,11,3,9,-1,6,1,37,7,1796,1,10,VAUXHALL INSIGNIA,2,E01010409,0,1
2024991497543,2024,991497543,2,11,0,-1,19,2,6,-1,0,0,0,0,1,7,1,1,-1,1,1,42,7,10837,2,5,MAKE AND MODEL REDACTED,4,W01001650,0,5
2024141451695,2024,141451695,1,9,0,-1,19,8,3,-1,0,0,0,0,0,0,3,1,-1,1,1,34,6,4395,1,5,BMW M5,4,E01007398,0,2
2024031420844,2024,031420844,2,9,0,-1,13,8,4,-1,0,0,1,10,0,0,4,1,-1,2,1,55,8,4395,1,1,BMW M5,3,E01019272,0,2
2024552400555,2024,552400555,1,9,0,18,19,1,5,0,0,0,0,4,0,0,1,1,6,6,1,43,7,4395,1,1,BMW M5,6,E01015366,0,1
2024041491094,2024,041491094,2,9,0,-1,19,5,1,-1,0,0,0,0,7,4,1,1,-1,6,2,19,4,4395,1,5,BMW M5,10,E01025441,0,1
2024010498784,2024,010498784,1,9,0,13,13,3,7,0,0,0,0,0,0,0,1,1,6,6,1,27,6,4395,1,8,BMW M5,9,E01021786,0,3
2024221535060,2024,221535060,1,9,0,-1,19,6,4,-1,0,2,1,10,1,11,1,1,-1,1,1,26,6,4395,1,5,BMW M5,9,E01032218,0,4
2024421461977,2024,421461977,1,9,0,-1,13,5,1,-1,0,0,2,0,1,4,1,1,-1,9,1,54,8,4395,1,11,BMW M5,4,E01021905,0,1
2024411493976,2024,411493976,1,9,0,-1,19,5,1,-1,0,0,1,0,0,0,1,1,-1,6,3,-1,-1,4999,1,17,BMW M5,-1,-1,0,-1
2024421529878,2024,421529878,3,9,0,-1,19,7,3,-1,0,0,0,0,0,0,1,1,-1,9,1,29,6,4395,1,4,BMW M5,7,E01021334,0,1
2024451444199,2024,451444199,2,9,0,-1,19,4,8,-1,0,0,0,0,0,0,1,1,-1,1,1,32,6,4395,1,5,BMW M5,5,E01000242,0,4
2024320285721,2024,320285721,1,9,0,13,13,8,4,0,0,0,1,0,1,0,1,1,-1,-1,1,27,6,4395,1,5,BMW M5,9,E01002190,0,5
2024061426929,2024,061426929,3,9,0,-1,19,1,5,-1,0,0,1,4,1,0,1,1,-1,6,1,37,7,4395,1,5,BMW M5,-1,-1,0,-1
2024430478977,2024,430478977,2,9,0,17,19,7,3,0,0,1,0,0,0,0,4,1,6,6,1,47,8,4395,1,11,BMW M5,10,E01027121,0,4
202454D642924,2024,54D642924,1,9,0,18,19,2,7,0,0,3,1,0,0,0,1,1,6,6,1,56,9,4395,1,5,BMW M5,4,E01031980,0,1
2024070142616,2024,070142616,1,9,0,13,13,5,1,0,0,0,0,0,5,7,4,1,6,6,1,-1,-1,4395,1,12,BMW M5,-1,-1,0,-1
2024371445606,2024,371445606,1,9,0,-1,19,7,3,-1,0,0,0,0,0,0,3,1,-1,6,1,65,9,4395,1,12,BMW M5,6,E01029873,0,4
2024471531704,2024,471531704,1,9,0,-1,19,3,6,-1,0,0,0,0,0,0,1,9,-1,6,1,22,5,1598,1,10,MAKE AND MODEL REDACTED,8,E01035361,0,1
2024161514516,2024,161514516,1,9,0,-1,5,7,1,-1,0,6,0,0,0,0,3,1,-1,9,2,39,7,1686,2,11,MAKE AND MODEL REDACTED,7,E01026251,0,4
2024340NN4082,2024,340NN4082,3,9,0,-1,4,3,7,-1,0,8,0,0,0,0,1,1,-1,2,1,44,7,1686,2,11,MAKE AND MODEL REDACTED,8,E01027097,0,3
2024541085724,2024,541085724,1,9,0,5,5,5,1,0,0,6,0,0,0,0,1,1,6,6,1,39,7,1598,1,10,MAKE AND MODEL REDACTED,4,E01015511,0,1
2024010523338,2024,010523338,3,3,0,13,13,3,7,0,0,2,0,0,0,0,3,1,6,6,1,25,5,-1,-1,-1,MAKE AND MODEL REDACTED,2,E01002368,0,2
2024332400868,2024,332400868,2,5,0,-1,19,4,7,-1,0,8,1,0,0,0,1,1,-1,6,1,39,7,900,1,20,MAKE AND MODEL REDACTED,9,E01025893,0,1
2024122400914,2024,122400914,1,17,4,9,9,6,1,0,0,5,0,0,0,0,3,1,1,1,1,17,4,-1,2,16,MAKE AND MODEL REDACTED,5,E01027798,0,2
2024520002226,2024,520002226,2,5,0,18,19,2,6,0,0,0,0,0,0,0,3,1,6,6,1,59,9,937,1,1,DUCATI SUPERSPORT,7,E01014446,0,2
2024548788324,2024,548788324,1,5,0,18,19,8,4,0,0,1,0,0,0,0,1,1,6,6,1,67,10,937,1,1,DUCATI SUPERSPORT,5,E01032066,0,3
2024302401293,2024,302401293,2,4,0,5,5,1,5,0,0,4,0,0,0,0,1,1,6,6,3,-1,-1,937,1,7,DUCATI SUPERSPORT,5,E01019456,0,3
2024141482806,2024,141482806,2,5,0,-1,13,2,6,-1,0,0,0,0,0,0,1,1,-1,9,1,44,7,937,1,5,DUCATI SUPERSPORT,7,E01025937,0,4
2024010523320,2024,010523320,1,5,0,13,13,1,5,0,0,0,0,0,0,0,1,1,6,6,1,33,6,937,1,3,DUCATI SUPERSPORT,8,E01000320,0,3