collision_index,collision_year,collision_ref_no,vehicle_reference,vehicle_type,towing_and_articulation,vehicle_manoeuvre_historic,vehicle_manoeuvre,vehicle_direction_from,vehicle_direction_to,vehicle_location_restricted_lane_historic,vehicle_location_restricted_lane,junction_location,skidding_and_overturning,hit_object_in_carriageway,vehicle_leaving_carriageway,hit_object_off_carriageway,first_point_of_impact,vehicle_left_hand_drive,journey_purpose_of_driver_historic,journey_purpose_of_driver,sex_of_driver,age_of_driver,age_band_of_driver,engine_capacity_cc,propulsion_code,age_of_vehicle,generic_make_model,driver_imd_decile,lsoa_of_driver,escooter_flag,driver_distance_banding
2024430375281,2024,430375281,1,3,0,9,9,4,2,0,0,6,0,0,0,0,1,1,2,2,1,45,7,125,1,2,HONDA SH 125,10,E01017890,0,2
2024010526937,2024,010526937,1,3,9,18,19,9,9,99,99,0,9,99,9,99,9,1,1,1,1,32,6,125,1,4,HONDA SH 125,6,E01000265,0,3
2024010512354,2024,010512354,1,3,0,18,19,5,1,0,0,1,0,0,7,0,4,1,1,1,1,31,6,125,1,0,HONDA SH 125,-1,-1,0,-1
2024010511944,2024,010511944,1,3,0,3,3,3,7,0,0,0,0,0,0,0,1,1,6,6,1,22,5,125,1,1,HONDA SH 125,6,E01000238,0,1
2024411422702,2024,411422702,2,3,0,-1,19,1,5,-1,99,2,0,0,9,0,9,1,-1,1,1,20,4,125,1,1,HONDA SH 125,4,E01023864,0,1
2024010509240,2024,010509240,1,3,0,99,99,9,9,99,99,9,9,99,9,99,9,1,1,1,1,24,5,125,1,2,HONDA SH 125,9,E01003794,0,2
2024010522626,2024,010522626,2,3,0,99,99,9,9,99,99,9,9,99,9,99,9,1,1,1,3,30,6,125,1,2,HONDA SH 125,3,E01001999,0,3
2024010516037,2024,010516037,2,3,0,18,19,1,5,0,0,8,0,0,0,0,1,1,6,6,1,25,5,125,1,10,HONDA SH 125,5,E01002621,0,1
2024471405919,2024,471405919,1,3,0,-1,19,6,2,-1,2,1,0,99,0,0,1,1,-1,1,1,36,7,125,1,5,HONDA SH 125,3,E01016873,0,1
2024010506109,2024,010506109,2,3,0,9,9,1,6,0,0,1,0,0,0,0,1,1,1,1,1,25,5,125,1,3,HONDA SH 125,7,E01004134,0,2
2024451441633,2024,451441633,1,3,0,-1,19,7,3,-1,0,1,0,0,0,0,2,1,-1,1,1,44,7,125,1,4,HONDA SH 125,8,E01030449,0,2
2024010546076,2024,010546076,1,3,0,99,99,9,9,99,99,9,9,99,9,99,9,1,6,6,1,19,4,125,1,2,HONDA SH 125,2,E01004539,0,3
2024010511703,2024,010511703,1,3,0,99,99,9,9,99,99,9,9,99,9,99,9,1,1,1,3,45,7,125,1,2,HONDA SH 125,2,E01004272,0,3
2024501454883,2024,501454883,2,3,0,-1,13,5,1,-1,0,2,5,0,0,0,1,1,-1,1,1,34,6,125,1,12,HONDA SH 125,5,E01019994,0,1
2024010497415,2024,010497415,1,3,0,99,99,9,9,99,99,9,9,99,9,99,9,1,6,6,1,23,5,125,1,3,HONDA SH 125,5,E01000505,0,1
2024010509823,2024,010509823,2,3,0,18,19,7,3,0,0,0,0,0,0,0,1,1,1,1,2,40,7,125,1,6,HONDA SH 125,3,E01001620,0,1
2024451466711,2024,451466711,1,3,0,-1,99,-1,-1,-1,99,1,9,99,0,0,9,1,-1,2,1,25,5,125,1,5,HONDA SH 125,8,E01030703,0,2
2024010540566,2024,010540566,1,4,0,18,19,3,7,0,0,2,0,0,0,0,2,1,1,1,1,27,6,125,1,6,HONDA SH 125,3,E01001116,0,4
2024311533358,2024,311533358,1,2,0,-1,9,8,5,-1,0,8,0,0,0,0,1,1,-1,6,1,25,5,125,1,3,HONDA SH 125,-1,-1,0,-1
2024010509543,2024,010509543,1,3,0,99,99,9,9,99,99,9,9,99,9,99,1,1,1,1,1,34,6,125,1,2,HONDA SH 125,4,E01003530,0,1
2024010513313,2024,010513313,1,3,9,99,99,9,9,99,99,9,9,99,9,99,9,1,1,1,1,27,6,125,1,4,HONDA SH 125,3,E01000642,0,2
2024471487225,2024,471487225,1,3,0,-1,15,6,2,-1,0,1,0,0,0,0,4,1,-1,6,1,55,8,125,1,0,HONDA SH 125,7,E01031349,0,1
2024010505352,2024,010505352,1,3,0,99,99,9,9,99,99,9,9,99,9,99,9,1,1,1,1,26,6,125,1,3,HONDA SH 125,4,E01000571,0,2
2024010502892,2024,010502892,1,3,0,99,99,9,9,99,99,0,9,99,9,99,9,1,6,6,2,22,5,125,1,3,HONDA SH 125,5,E01002000,0,1
2024010536560,2024,010536560,1,3,0,99,99,9,9,99,99,9,9,99,9,99,1,1,1,1,1,22,5,125,1,2,HONDA SH 125,5,E01003721,0,2
2024552401205,2024,552401205,2,3,0,18,19,8,4,0,0,8,0,0,0,0,1,1,6,6,1,50,8,125,1,0,HONDA SH 125,4,E01033241,0,1
2024480551958,2024,480551958,1,3,0,99,99,9,9,99,99,9,9,99,9,99,2,1,1,1,1,24,5,125,1,10,HONDA SH 125,3,E01034200,0,2
2024010522417,2024,010522417,1,3,0,99,99,9,9,99,99,9,9,99,9,99,2,1,1,1,1,33,6,125,1,4,HONDA SH 125,5,E01003784,0,3
2024010513586,2024,010513586,1,3,0,18,19,1,5,0,0,8,0,0,0,0,1,1,6,6,1,41,7,125,1,6,HONDA SH 125,-1,-1,0,-1
2024010509748,2024,010509748,1,3,0,5,5,7,3,0,0,0,0,0,0,0,1,1,6,6,1,27,6,125,1,2,HONDA SH 125,3,E01000556,0,2
2024411401218,2024,411401218,1,4,0,-1,19,2,6,-1,0,0,0,0,0,0,1,1,-1,6,1,22,5,125,1,2,HONDA SH 125,3,E01001980,0,4
2024010502570,2024,010502570,1,3,0,9,9,7,5,0,0,6,0,0,0,0,1,1,1,1,1,26,6,125,1,4,HONDA SH 125,7,E01000993,0,2
2024010516146,2024,010516146,2,3,0,99,99,9,9,99,99,9,9,99,9,99,1,1,2,2,1,27,6,125,1,4,HONDA SH 125,2,E01002076,0,1
2024010504189,2024,010504189,1,3,0,99,99,9,9,99,99,9,9,99,9,99,9,1,1,1,3,24,5,125,1,2,HONDA SH 125,2,E01001432,0,2
2024010547177,2024,010547177,2,3,0,4,4,1,5,0,0,3,0,0,0,0,2,1,1,1,1,41,7,125,1,10,HONDA SH 125,2,E01003501,0,1
2024010540972,2024,010540972,1,3,0,14,14,1,5,0,0,0,0,0,0,0,1,1,2,2,1,18,4,125,1,4,HONDA SH 125,3,E01004060,0,1
2024010506452,2024,010506452,1,4,0,99,99,9,9,99,99,2,9,99,9,99,9,1,1,1,3,29,6,125,1,1,HONDA SH 125,4,E01004039,0,1
2024010523153,2024,010523153,1,3,0,99,99,9,9,99,99,9,9,99,9,99,9,1,1,1,1,30,6,125,1,4,HONDA SH 125,4,E01002315,0,2
2024010498057,2024,010498057,1,3,0,18,19,1,5,0,0,8,0,0,0,0,1,1,6,6,1,21,5,125,1,8,HONDA SH 125,4,E01003165,0,1
2024440433128,2024,440433128,2,3,0,3,3,1,5,0,0,4,0,0,0,0,2,1,1,1,1,34,6,125,1,2,HONDA SH 125,1,E01017274,0,2
2024010516630,2024,010516630,1,3,0,99,99,9,9,99,99,9,9,99,9,99,1,1,1,1,1,32,6,125,1,1,HONDA SH 125,3,E01002056,0,3
2024010492419,2024,010492419,1,3,0,99,99,9,9,99,99,9,9,99,9,99,1,1,1,1,1,41,7,125,1,5,HONDA SH 125,3,E01003521,0,1
2024471397499,2024,471397499,1,3,0,-1,19,6,2,-1,0,1,0,0,0,0,1,1,-1,9,1,29,6,125,1,2,HONDA SH 125,1,E01016895,0,1
2024010504703,2024,010504703,1,3,0,99,99,9,9,99,99,9,9,99,9,99,2,1,1,1,1,25,5,125,1,7,HONDA SH 125,3,E01034591,0,2
2024010501063,2024,010501063,1,3,0,18,19,5,1,0,0,8,0,0,0,0,1,1,6,6,1,22,5,125,1,4,HONDA SH 125,4,E01000644,0,1
2024010526387,2024,010526387,2,3,0,99,99,9,9,99,99,9,9,99,9,99,9,1,6,6,3,-1,-1,125,1,2,HONDA SH 125,-1,-1,0,-1
2024010504691,2024,010504691,1,3,0,13,13,3,7,0,0,1,0,0,0,0,2,1,1,1,1,52,8,125,1,1,HONDA SH 125,4,E01000257,0,1
2024010515113,2024,010515113,1,3,0,7,7,6,8,0,0,0,0,0,1,0,2,1,1,1,1,27,6,125,1,2,HONDA SH 125,-1,-1,0,-1
2024010536408,2024,010536408,1,3,0,99,99,9,9,99,99,9,9,99,9,99,9,1,1,1,1,21,5,125,1,4,HONDA SH 125,7,E01000993,0,3
2024010506161,2024,010506161,3,2,0,13,13,5,1,0,0,1,5,0,7,0,1,1,6,6,3,-1,-1,125,1,4,HONDA SH 125,-1,-1,0,-1
2024461475951,2024,461475951,2,3,0,-1,19,1,5,-1,0,0,0,0,0,0,1,1,-1,6,1,32,6,125,1,13,HONDA SH 125,4,E01024279,0,1
2024010527557,2024,010527557,2,4,0,18,19,5,1,0,0,5,1,0,0,0,1,1,6,6,1,41,7,125,1,4,HONDA SH 125,2,E01001250,0,1
2024010508929,2024,010508929,1,3,0,99,99,9,9,99,99,9,9,99,9,99,9,1,6,6,1,35,6,125,1,1,HONDA SH 125,2,E01003300,0,3
2024451398006,2024,451398006,1,3,0,-1,19,1,1,-1,0,0,0,0,0,0,1,1,-1,2,2,31,6,125,1,4,HONDA SH 125,10,E01016575,0,1
2024031460561,2024,031460561,1,3,0,-1,19,5,1,-1,0,0,0,0,1,0,1,1,-1,9,1,48,8,125,1,0,HONDA SH 125,3,E01019171,0,1
2024101486826,2024,101486826,1,4,0,-1,19,5,1,-1,0,0,0,0,0,0,4,1,-1,6,3,-1,-1,125,1,10,HONDA SH 125,-1,-1,0,-1
2024010537159,2024,010537159,1,3,0,18,19,9,9,99,99,9,9,99,9,99,9,1,6,6,1,28,6,125,1,1,HONDA SH 125,2,E01004524,0,2
2024010542195,2024,010542195,1,3,0,18,19,3,7,0,0,1,0,0,0,0,4,1,6,6,1,36,7,125,1,12,HONDA SH 125,3,E01002605,0,2
2024421503200,2024,421503200,2,3,0,-1,3,8,4,-1,0,1,0,0,0,0,2,1,-1,1,1,58,9,125,1,2,HONDA SH 125,5,E01002361,0,3
2024010546273,2024,010546273,1,3,0,15,15,7,3,4,4,1,0,0,0,0,1,1,1,1,1,39,7,125,1,2,HONDA SH 125,7,E01003434,0,2
2024010539496,2024,010539496,1,3,0,18,19,7,3,0,0,5,0,0,0,0,1,1,6,6,1,45,7,125,1,0,HONDA SH 125,2,E01001250,0,1
2024010528643,2024,010528643,1,3,0,3,3,5,1,0,0,3,0,0,0,0,1,1,6,6,1,60,9,125,1,7,HONDA SH 125,2,E01002852,0,1
2024010540060,2024,010540060,1,3,0,18,19,5,1,6,6,1,0,0,0,0,1,1,6,6,1,31,6,125,1,1,HONDA SH 125,-1,-1,0,-1
2024010529685,2024,010529685,1,3,0,99,99,9,9,99,99,9,9,99,9,99,9,1,1,1,1,26,6,125,1,3,HONDA SH 125,3,E01003079,0,2
2024010512510,2024,010512510,1,3,9,18,19,9,9,99,99,0,9,99,9,99,1,1,1,1,1,22,5,125,1,2,HONDA SH 125,3,E01003185,0,2
2024010532413,2024,010532413,1,3,0,99,99,9,9,99,99,9,9,99,9,99,9,1,1,1,3,33,6,125,1,5,HONDA SH 125,2,E01002076,0,2
2024010500704,2024,010500704,1,3,0,99,99,9,9,99,99,9,9,99,9,99,9,1,1,1,3,23,5,125,1,1,HONDA SH 125,6,E01001997,0,3
2024010522714,2024,010522714,2,3,0,18,19,3,7,0,0,0,2,0,0,0,1,1,6,6,1,42,7,125,1,8,HONDA SH 125,4,E01003518,0,1
2024201540769,2024,201540769,2,3,0,-1,13,7,3,-1,0,8,0,0,0,0,4,1,-1,6,1,20,4,125,1,7,HONDA SH 125,3,E01008933,0,1
2024010516763,2024,010516763,1,3,0,7,7,7,8,0,0,6,0,0,0,0,3,1,6,6,1,55,8,125,1,4,HONDA SH 125,-1,-1,0,-1
2024010499780,2024,010499780,1,3,0,99,99,9,9,99,99,9,9,99,9,99,9,1,1,1,1,36,7,125,1,5,HONDA SH 125,3,E01000578,0,2
2024411452425,2024,411452425,2,3,0,-1,-1,-1,-1,-1,-1,-1,-1,-1,-1,0,4,1,-1,2,1,28,6,125,1,2,HONDA SH 125,7,E01033023,0,1
2024010498444,2024,010498444,1,3,0,99,99,9,9,99,99,9,9,99,9,99,9,1,6,6,1,35,6,125,1,7,HONDA SH 125,6,E01003312,0,3
2024010549534,2024,010549534,1,3,0,3,3,9,9,99,99,9,9,99,9,99,9,1,6,6,3,39,7,125,1,7,HONDA SH 125,3,E01004240,0,2
2024010522684,2024,010522684,1,3,0,18,19,3,7,0,0,1,0,0,0,0,2,1,2,2,1,38,7,125,1,10,HONDA SH 125,-1,-1,0,-1
2024010504177,2024,010504177,1,3,0,99,99,9,9,99,99,1,9,99,9,99,9,1,1,1,3,38,7,125,1,0,HONDA SH 125,2,E01000525,0,1
2024430227364,2024,430227364,1,3,0,18,19,7,3,0,0,8,0,0,0,0,4,1,1,1,1,36,7,125,1,1,HONDA SH 125,5,E01016406,0,1
2024010506888,2024,010506888,1,3,0,99,99,9,9,99,99,0,9,99,9,99,9,1,1,1,3,30,6,125,1,2,HONDA SH 125,4,E01004124,0,2
2024010542068,2024,010542068,1,3,0,99,99,9,9,99,99,9,9,99,9,99,9,1,2,2,1,42,7,125,1,4,HONDA SH 125,7,E01000822,0,1
2024451478266,2024,451478266,1,3,0,-1,19,7,3,-1,0,1,5,0,0,0,1,1,-1,1,1,32,6,125,1,4,HONDA SH 125,4,E01003376,0,3
2024010522414,2024,010522414,1,3,0,99,99,9,9,99,99,9,9,99,9,99,1,1,1,1,3,25,5,125,1,2,HONDA SH 125,8,E01000413,0,4
2024010501995,2024,010501995,1,3,0,99,99,9,9,99,99,9,9,99,9,99,9,1,1,1,1,55,8,125,1,4,HONDA SH 125,9,E01015982,0,3
2024010529974,2024,010529974,1,3,0,99,99,9,9,99,99,9,9,99,9,99,9,1,1,1,1,42,7,125,1,0,HONDA SH 125,5,E01001658,0,2
2024010540608,2024,010540608,1,3,0,99,99,9,9,99,99,9,9,99,9,99,9,1,2,2,1,34,6,125,1,0,HONDA SH 125,5,E01003259,0,2
2024010510063,2024,010510063,1,3,0,6,6,3,8,0,0,0,5,0,0,0,2,1,6,6,1,19,4,125,1,4,HONDA SH 125,3,E01001943,0,2
2024010514189,2024,010514189,1,3,0,18,19,9,9,99,99,0,9,99,9,99,9,1,1,1,1,22,5,125,1,4,HONDA SH 125,4,E01000644,0,1
2024010500429,2024,010500429,2,3,0,18,19,7,3,0,0,8,1,0,1,0,3,1,1,1,1,29,6,125,1,6,HONDA SH 125,5,E01002237,0,1
2024430219856,2024,430219856,2,3,0,18,19,1,5,0,0,0,0,0,0,0,1,1,1,1,1,22,5,125,1,5,HONDA SH 125,4,E01016516,0,2
2024010533455,2024,010533455,2,3,0,18,19,1,5,0,0,0,0,0,0,0,1,1,6,6,1,32,6,125,1,0,HONDA SH 125,5,E01003342,0,1
2024010506332,2024,010506332,1,3,0,99,99,9,9,99,99,9,9,99,9,99,9,1,1,1,1,25,5,125,1,5,HONDA SH 125,10,E01016575,0,2
2024471484697,2024,471484697,1,3,0,-1,19,3,7,-1,0,0,0,4,0,0,1,1,-1,9,1,17,4,125,1,0,HONDA SH 125,7,E01031603,0,1
2024010512039,2024,010512039,2,3,0,9,9,7,5,0,0,8,5,0,0,0,1,1,1,1,2,28,6,125,1,0,HONDA SH 125,5,E01004612,0,1
2024010517478,2024,010517478,2,3,0,99,99,9,9,99,99,9,9,99,9,99,9,1,1,1,1,31,6,125,1,9,HONDA SH 125,3,E01001492,0,1
2024010534472,2024,010534472,1,3,0,18,19,1,5,0,0,0,0,0,0,0,3,1,6,6,1,42,7,125,1,2,HONDA SH 125,7,E01003064,0,2
2024010517047,2024,010517047,1,3,0,99,99,9,9,99,99,9,9,99,9,99,9,1,2,2,1,37,7,125,1,1,HONDA SH 125,2,E01001487,0,4
2024010547902,2024,010547902,1,3,0,99,99,9,9,99,99,9,9,99,9,99,9,1,2,2,1,35,6,125,1,0,HONDA SH 125,6,E01004517,0,2
2024010530213,2024,010530213,1,3,0,18,19,9,9,99,99,0,9,8,9,99,9,1,1,1,3,29,6,125,1,2,HONDA SH 125,6,E01002138,0,3
2024010498227,2024,010498227,1,3,0,99,99,9,9,99,99,9,9,99,9,99,9,1,1,1,3,24,5,125,1,3,HONDA SH 125,2,E01001559,0,2
2024010516686,2024,010516686,1,3,0,99,99,9,9,99,99,9,9,99,9,99,1,1,1,1,1,32,6,125,1,3,HONDA SH 125,3,E01003924,0,3
2024201487870,2024,201487870,3,3,0,-1,13,1,2,-1,0,1,2,0,0,0,1,1,-1,9,1,17,4,125,1,13,HONDA SH 125,-1,-1,0,-1
2024010510128,2024,010510128,1,3,0,99,99,9,9,99,99,9,9,99,9,99,1,1,2,2,1,38,7,125,1,7,HONDA SH 125,4,E01001047,0,2
2024010505198,2024,010505198,1,3,0,18,19,4,8,0,0,8,0,0,0,0,1,1,6,6,1,22,5,125,1,8,HONDA SH 125,5,E01002361,0,1
2024011507926,2024,011507926,1,3,0,-1,19,5,1,-1,0,0,0,0,0,0,1,1,-1,6,1,34,6,125,1,5,HONDA SH 125,-1,-1,0,-1
2024471533831,2024,471533831,1,3,0,-1,19,6,2,-1,0,1,0,0,0,0,1,1,-1,6,1,45,7,125,1,0,HONDA SH 125,7,E01016862,0,1
2024010518972,2024,010518972,1,3,0,99,99,9,9,99,99,9,9,99,9,99,0,1,6,6,1,-1,-1,125,1,1,HONDA SH 125,3,E01003154,0,2
2024010506006,2024,010506006,1,4,9,99,99,9,9,99,99,9,9,99,9,99,1,1,6,6,1,32,6,125,1,3,HONDA SH 125,8,E01002495,0,1
2024010544987,2024,010544987,2,3,0,18,19,1,5,0,0,1,0,0,0,0,4,1,6,6,1,26,6,125,1,3,HONDA SH 125,6,E01003949,0,1
2024010540938,2024,010540938,2,2,0,18,19,7,3,0,0,0,0,0,0,0,1,1,6,6,1,36,7,125,1,6,HONDA SH 125,5,E01000037,0,1
2024010542992,2024,010542992,2,3,0,99,99,9,9,0,0,9,0,99,9,99,9,1,6,6,3,-1,-1,125,1,6,HONDA SH 125,-1,-1,0,-1
2024010506201,2024,010506201,1,3,0,99,99,9,9,99,99,9,9,99,9,99,2,1,1,1,1,39,7,125,1,8,HONDA SH 125,4,E01003565,0,1
2024010523356,2024,010523356,1,3,9,99,99,9,9,0,0,9,9,0,9,99,9,1,1,1,1,31,6,125,1,0,HONDA SH 125,6,E01004616,0,1
2024010543414,2024,010543414,1,3,0,99,99,9,9,99,99,9,9,99,9,99,9,1,1,1,1,48,8,125,1,0,HONDA SH 125,7,E01023576,0,2
2024010540824,2024,010540824,1,3,0,99,99,9,9,99,99,9,9,99,9,99,9,1,6,6,1,30,6,125,1,5,HONDA SH 125,3,E01001981,0,1
2024010547600,2024,010547600,1,3,0,18,19,5,1,0,0,0,0,0,0,0,1,1,6,6,1,21,5,125,1,2,HONDA SH 125,7,E01004496,0,1
2024451524346,2024,451524346,1,3,0,-1,99,6,8,-1,99,8,9,99,0,0,2,1,-1,1,1,24,5,125,1,0,HONDA SH 125,4,E01030503,0,3
2024461438178,2024,461438178,2,3,0,-1,3,1,5,-1,0,1,5,0,0,0,1,1,-1,1,1,62,9,125,1,1,HONDA SH 125,5,E01024164,0,1
2024010525141,2024,010525141,2,3,0,11,11,7,3,0,0,0,1,0,1,0,2,1,6,6,1,38,7,125,1,11,HONDA SH 125,4,E01003534,0,1
2024010535396,2024,010535396,2,3,0,18,19,5,1,2,2,1,0,0,0,0,4,1,2,2,2,20,4,125,1,3,HONDA SH 125,2,E01004535,0,1
2024010521129,2024,010521129,2,3,0,4,4,7,3,0,0,1,0,0,0,0,4,1,6,6,1,28,6,125,1,2,HONDA SH 125,-1,-1,0,-1
2024552400451,2024,552400451,1,3,0,18,19,4,8,9,9,0,1,10,1,2,4,1,6,6,1,16,4,125,1,10,HONDA SH 125,5,E01015393,0,1
2024010498612,2024,010498612,1,3,9,99,99,9,9,99,99,9,9,99,9,99,9,1,1,1,1,21,5,125,1,3,HONDA SH 125,3,E01000481,0,1
2024430352275,2024,430352275,2,3,0,4,4,4,8,0,0,0,0,0,0,0,4,1,2,2,1,37,7,125,1,3,HONDA SH 125,9,E01028491,0,2
2024010507174,2024,010507174,2,3,0,9,9,1,6,0,0,6,0,0,0,0,1,1,6,6,1,26,6,125,1,2,HONDA SH 125,4,E01004568,0,2
2024010511827,2024,010511827,2,3,0,99,99,9,9,99,99,9,9,99,9,99,1,1,6,6,1,29,6,125,1,7,HONDA SH 125,4,E01002313,0,2
2024010521981,2024,010521981,1,3,0,99,99,9,9,99,99,0,9,99,9,99,1,1,6,6,1,22,5,125,1,1,HONDA SH 125,5,E01001524,0,4
2024010506660,2024,010506660,1,4,0,18,19,1,5,0,0,1,0,8,0,0,1,1,1,1,1,53,8,125,1,3,HONDA SH 125,5,E01000586,0,1
2024010533105,2024,010533105,1,3,0,99,99,9,9,99,99,9,9,99,9,99,1,1,1,1,3,37,7,125,1,2,HONDA SH 125,2,E01001152,0,3
2024010495616,2024,010495616,3,3,0,-1,-1,5,1,0,0,1,1,4,0,0,1,1,6,6,1,40,7,125,1,4,HONDA SH 125,7,E01034035,0,1
2024010523160,2024,010523160,1,3,0,99,99,9,9,99,99,9,9,99,9,99,1,1,1,1,3,27,6,125,1,1,HONDA SH 125,5,E01003095,0,1
2024010514528,2024,010514528,1,3,0,99,99,9,9,99,99,2,9,99,9,99,9,1,1,1,1,37,7,125,1,3,HONDA SH 125,4,E01001005,0,1
2024010512678,2024,010512678,1,3,0,99,99,9,9,99,99,9,9,99,9,99,1,1,6,6,1,19,4,125,1,2,HONDA SH 125,7,E01004483,0,2
2024430454703,2024,430454703,1,3,0,3,3,6,2,0,0,1,0,0,0,0,1,1,1,1,1,37,7,125,1,1,HONDA SH 125,4,E01016436,0,3
2024010505402,2024,010505402,1,3,0,18,19,3,7,0,0,0,0,0,0,0,1,1,6,6,1,45,7,125,1,13,HONDA SH 125,5,E01033787,0,2
2024010490515,2024,010490515,1,3,0,99,99,9,9,99,99,9,9,99,9,99,9,1,1,1,1,39,7,125,1,3,HONDA SH 125,2,E01003197,0,2
2024010520987,2024,010520987,1,3,0,5,5,1,5,0,0,1,0,0,1,0,1,1,1,1,1,37,7,125,1,10,HONDA SH 125,-1,-1,0,-1
2024010530383,2024,010530383,1,3,0,18,19,7,3,0,0,1,0,0,0,0,4,1,6,6,1,29,6,125,1,2,HONDA SH 125,4,E01034370,0,3
2024010526869,2024,010526869,1,3,0,99,99,9,9,99,99,9,9,99,9,99,9,1,1,1,1,42,7,125,1,0,HONDA SH 125,5,E01001658,0,3
2024010527937,2024,010527937,2,3,0,18,19,9,9,99,99,9,9,99,9,99,1,1,1,1,1,25,5,125,1,11,HONDA SH 125,3,E01002102,0,3
2024010544912,2024,010544912,1,3,0,11,11,3,7,9,9,0,5,10,6,0,1,1,6,6,1,20,4,125,1,3,HONDA SH 125,5,E01024122,0,4
2024010507037,2024,010507037,1,3,0,99,99,9,9,99,99,9,9,99,9,99,9,1,2,2,3,36,7,125,1,1,HONDA SH 125,6,E01000803,0,3
2024010490848,2024,010490848,1,3,0,99,99,9,9,99,99,1,9,99,9,99,9,1,1,1,3,27,6,125,1,6,HONDA SH 125,3,E01000578,0,2
2024010548653,2024,010548653,1,3,0,18,19,1,5,0,0,8,1,4,0,0,1,1,6,6,1,28,6,125,1,5,HONDA SH 125,6,E01000825,0,1
2024010546484,2024,010546484,1,3,9,99,99,9,9,99,99,0,9,99,9,99,9,1,6,6,1,36,7,125,1,1,HONDA SH 125,2,E01000052,0,3
2024010545530,2024,010545530,1,3,0,18,19,5,1,0,0,1,0,0,0,0,1,1,6,6,1,33,6,125,1,2,HONDA SH 125,2,E01004541,0,1
2024010506533,2024,010506533,1,3,0,99,99,9,9,99,99,0,9,99,9,99,9,1,2,2,1,32,6,125,1,0,HONDA SH 125,5,E01001524,0,4
2024010542179,2024,010542179,1,3,0,18,19,7,3,0,0,1,0,0,0,0,4,1,6,6,1,52,8,125,1,5,HONDA SH 125,-1,-1,0,-1
2024481569328,2024,481569328,2,3,0,-1,13,3,7,-1,0,0,0,0,0,0,1,1,-1,1,1,30,6,125,1,4,HONDA SH 125,-1,-1,0,-1
2024411463137,2024,411463137,2,3,0,-1,-1,-1,-1,-1,-1,-1,-1,-1,-1,0,-1,1,-1,1,1,30,6,125,1,4,HONDA SH 125,4,E01000611,0,3
2024010508408,2024,010508408,1,3,0,99,99,9,9,99,99,9,9,99,9,99,1,1,6,6,1,30,6,125,1,3,HONDA SH 125,-1,-1,0,-1
2024010498256,2024,010498256,1,3,0,99,99,9,9,99,99,1,9,99,9,99,9,1,6,6,3,20,4,125,1,6,HONDA SH 125,2,E01001439,0,3
2024010487004,2024,010487004,1,3,0,18,19,5,1,0,0,1,0,0,0,0,1,1,1,1,1,55,8,125,1,1,HONDA SH 125,5,E01004631,0,2
2024010509966,2024,010509966,1,3,0,18,19,7,3,0,0,1,0,0,0,0,0,1,6,6,1,42,7,125,1,8,HONDA SH 125,4,E01003518,0,3
2024010529351,2024,010529351,2,3,9,18,19,1,5,99,99,9,9,99,9,99,9,1,6,6,1,-1,-1,125,1,1,HONDA SH 125,-1,-1,0,-1
2024471494546,2024,471494546,1,3,0,-1,19,6,2,-1,0,1,1,0,0,0,1,1,-1,1,1,31,6,125,1,3,HONDA SH 125,4,E01034225,0,4
2024010510503,2024,010510503,1,3,0,99,99,9,9,99,99,9,9,99,9,99,9,1,1,1,1,29,6,125,1,1,HONDA SH 125,3,E01003126,0,3
2024471445110,2024,471445110,1,3,0,-1,19,3,7,-1,0,1,0,0,0,0,1,1,-1,6,1,30,6,125,1,3,HONDA SH 125,4,E01016860,0,1
2024010498098,2024,010498098,1,3,0,99,99,9,9,99,99,9,9,99,9,99,1,1,1,1,2,34,6,125,1,3,HONDA SH 125,2,E01001437,0,1
2024010512704,2024,010512704,1,3,0,99,99,9,9,99,99,9,9,99,9,99,9,1,1,1,1,27,6,125,1,2,HONDA SH 125,4,E01001609,0,1
2024010531702,2024,010531702,1,3,0,99,99,9,9,99,99,0,9,99,9,99,9,1,6,6,3,-1,-1,125,1,2,HONDA SH 125,-1,-1,0,-1