collision_index,collision_year,collision_ref_no,vehicle_reference,vehicle_type,towing_and_articulation,vehicle_manoeuvre_historic,vehicle_manoeuvre,vehicle_direction_from,vehicle_direction_to,vehicle_location_restricted_lane_historic,vehicle_location_restricted_lane,junction_location,skidding_and_overturning,hit_object_in_carriageway,vehicle_leaving_carriageway,hit_object_off_carriageway,first_point_of_impact,vehicle_left_hand_drive,journey_purpose_of_driver_historic,journey_purpose_of_driver,sex_of_driver,age_of_driver,age_band_of_driver,engine_capacity_cc,propulsion_code,age_of_vehicle,generic_make_model,driver_imd_decile,lsoa_of_driver,escooter_flag,driver_distance_banding
2024010541031,2024,010541031,2,19,0,7,7,7,1,0,0,6,0,0,0,0,4,1,6,6,3,-1,-1,-1,3,4,NISSAN NV200,-1,-1,0,-1
2024991447422,2024,991447422,2,9,0,-1,3,2,6,-1,0,1,0,0,0,0,2,1,-1,1,1,37,7,-1,-1,-1,NISSAN NV200,4,-1,0,2
2024041469987,2024,041469987,2,9,0,-1,19,1,5,-1,0,8,0,0,0,0,3,1,-1,1,1,46,8,-1,3,5,NISSAN NV200,1,E01012738,0,1
2024991413838,2024,991413838,1,19,0,-1,3,7,3,-1,0,0,0,0,0,0,2,1,-1,1,1,40,7,1461,2,11,NISSAN NV200,1,-1,0,4
2024501440419,2024,501440419,1,19,0,-1,19,6,2,-1,0,0,0,4,0,0,1,1,-1,6,1,52,8,1461,2,13,NISSAN NV200,3,E01020212,0,2
2024010522425,2024,010522425,2,19,0,18,19,3,7,0,0,1,0,0,0,0,1,1,1,1,1,64,9,-1,3,5,NISSAN NV200,8,E01002157,0,4
2024041402325,2024,041402325,1,19,0,-1,9,4,8,-1,0,0,0,0,0,0,1,1,-1,1,1,41,7,-1,3,4,NISSAN NV200,1,E01025298,0,1
2024302400212,2024,302400212,1,19,0,18,19,4,8,0,0,0,0,0,0,0,3,1,6,6,1,69,10,1461,2,10,NISSAN NV200,-1,-1,0,-1
2024010532255,2024,010532255,1,19,0,-1,-1,1,6,0,0,1,0,0,0,0,1,1,6,6,1,-1,-1,-1,3,4,NISSAN NV200,4,E01023560,0,4
2024471507619,2024,471507619,2,19,0,-1,9,3,1,-1,0,6,1,0,3,0,3,1,-1,7,2,61,9,-1,-1,-1,NISSAN NV200,8,E01021035,0,1
2024010498882,2024,010498882,1,8,0,4,4,5,1,0,0,0,0,0,1,0,0,1,1,1,1,59,9,-1,3,2,NISSAN NV200,2,E01000014,0,1
2024302400490,2024,302400490,2,19,0,17,19,6,2,0,0,8,0,0,0,0,1,1,2,2,2,57,9,1461,2,12,NISSAN NV200,8,E01019872,0,2
2024010511511,2024,010511511,1,19,0,5,5,3,7,0,0,1,0,0,0,0,1,1,6,6,1,34,6,1461,2,5,NISSAN NV200,2,E01004055,0,1
2024401439964,2024,401439964,2,9,-1,-1,-1,-1,-1,-1,-1,-1,-1,-1,-1,0,2,9,-1,9,2,55,8,-1,-1,-1,NISSAN NV200,3,E01015788,0,1
2024101533589,2024,101533589,1,20,-1,-1,-1,6,-1,-1,0,0,0,0,0,0,3,9,-1,6,1,-1,-1,-1,-1,-1,NISSAN NV200,-1,-1,0,-1
2024552400094,2024,552400094,1,19,0,16,19,2,5,0,0,4,0,0,0,0,1,1,1,1,1,62,9,-1,3,4,NISSAN NV200,8,E01015453,0,2
2024201553679,2024,201553679,2,9,0,-1,2,0,0,-1,0,0,0,0,0,0,4,9,-1,6,-1,-1,-1,-1,-1,-1,NISSAN NV200,-1,-1,0,-1
2024311495122,2024,311495122,1,19,0,-1,5,5,1,-1,5,6,0,0,0,0,1,1,-1,2,1,22,5,1461,2,8,NISSAN NV200,-1,-1,0,-1
2024161426209,2024,161426209,1,9,0,-1,9,5,1,-1,0,0,0,0,0,0,1,1,-1,9,1,26,6,-1,-1,-1,NISSAN NV200,1,E01012837,0,2
2024201517203,2024,201517203,1,19,0,-1,5,2,6,-1,9,6,0,0,0,0,1,1,-1,1,2,-1,-1,-1,3,4,NISSAN NV200,3,E01009977,0,1
2024302400881,2024,302400881,1,19,0,18,19,1,5,0,0,0,0,0,0,0,4,1,6,6,1,70,10,1461,2,9,NISSAN NV200,6,E01028108,0,2
2024101420471,2024,101420471,2,19,0,-1,19,1,5,-1,0,0,0,4,0,0,1,1,-1,6,1,26,6,1461,2,7,NISSAN NV200,2,E01020615,0,4
2024010546927,2024,010546927,1,19,0,2,2,0,0,0,0,8,0,0,0,0,2,1,6,6,3,-1,-1,-1,3,5,NISSAN NV200,-1,-1,0,-1
2024522500069,2024,522500069,2,19,0,1,1,7,3,0,0,2,0,0,0,0,2,1,6,6,3,-1,-1,1461,2,5,NISSAN NV200,-1,-1,0,-1
2024440002270,2024,440002270,1,19,0,9,9,1,7,0,0,8,0,0,0,0,1,1,6,6,1,59,9,1461,2,8,NISSAN NV200,5,E01017310,0,1
2024440274523,2024,440274523,1,3,0,18,19,4,8,0,0,0,0,0,0,0,3,1,6,6,1,17,4,124,1,13,PIAGGIO FLY,2,E01017322,0,2
2024010530160,2024,010530160,2,2,0,15,15,7,3,0,0,8,0,0,1,0,4,1,6,6,1,28,6,124,1,12,PIAGGIO FLY,4,E01001376,0,1
2024471496323,2024,471496323,2,2,0,-1,9,1,7,-1,0,3,0,0,0,0,4,1,-1,6,1,16,4,49,1,12,PIAGGIO FLY,2,E01031779,0,1
2024010530481,2024,010530481,2,2,0,5,5,1,5,0,0,0,0,0,0,0,2,1,6,6,1,44,7,49,1,10,PIAGGIO FLY,3,E01004384,0,3
2024010516431,2024,010516431,1,2,0,18,19,6,2,0,0,1,0,0,0,0,0,1,6,6,1,29,6,49,1,11,PIAGGIO FLY,2,E01001719,0,2
2024440005303,2024,440005303,2,3,0,18,19,4,8,0,0,1,0,0,0,0,1,1,6,6,1,56,9,-1,-1,-1,PIAGGIO FLY,2,E01017345,0,1
2024141478621,2024,141478621,1,3,0,-1,19,7,3,-1,0,0,0,0,0,0,1,1,-1,6,1,21,5,124,1,11,PIAGGIO FLY,4,E01007850,0,2
2024131482449,2024,131482449,2,2,0,-1,19,1,5,-1,0,8,0,0,0,0,1,1,-1,6,1,36,7,124,1,10,PIAGGIO FLY,1,E01011283,0,1
2024010505165,2024,010505165,1,3,0,99,99,9,9,99,99,9,9,99,9,99,1,1,6,6,1,22,5,124,1,7,PIAGGIO FLY,4,E01002808,0,2
2024010504321,2024,010504321,2,3,0,17,19,2,6,0,0,8,0,0,0,0,3,1,4,7,1,17,4,124,1,15,PIAGGIO FLY,2,E01003236,0,1
2024411502053,2024,411502053,1,3,0,-1,3,7,3,-1,0,1,0,0,0,0,1,1,-1,1,1,23,5,124,1,14,PIAGGIO FLY,5,E01023399,0,3
2024430516378,2024,430516378,1,2,0,18,19,7,3,0,0,3,0,0,0,0,1,1,6,6,2,20,4,124,1,19,PIAGGIO FLY,5,E01017645,0,3
2024320494185,2024,320494185,2,4,0,9,9,2,6,0,0,0,5,0,0,0,1,1,6,6,1,29,6,-1,-1,-1,PIAGGIO FLY,9,E01026292,0,1
2024332400681,2024,332400681,1,2,0,-1,19,9,9,-1,0,0,0,0,0,0,3,1,-1,2,1,47,8,50,1,8,PIAGGIO FLY,4,E01034016,0,1
2024471492191,2024,471492191,2,11,0,-1,19,3,7,-1,0,1,0,0,0,0,1,1,-1,1,1,63,9,6700,1,7,MAKE AND MODEL REDACTED,8,E01021225,0,2
2024010516490,2024,010516490,2,9,0,18,19,3,7,0,0,1,0,0,0,0,1,1,6,6,1,34,6,1490,8,10,MAKE AND MODEL REDACTED,-1,-1,0,-1
2024061443922,2024,061443922,1,9,0,-1,9,7,5,-1,0,0,0,0,0,0,0,9,-1,6,3,-1,-1,1497,8,11,MAKE AND MODEL REDACTED,-1,-1,0,-1
2024061525224,2024,061525224,1,9,0,-1,19,7,3,-1,0,8,5,0,0,0,4,1,-1,6,1,29,6,1490,8,11,MAKE AND MODEL REDACTED,-1,-1,0,-1
2024421405970,2024,421405970,1,9,0,-1,19,6,2,-1,0,1,0,0,0,0,1,1,-1,9,1,76,11,2360,1,15,TOYOTA ESTIMA,4,E01022011,0,2
2024010538572,2024,010538572,1,9,0,9,9,1,6,0,0,3,0,0,0,0,4,1,6,6,1,46,8,2364,8,8,TOYOTA ESTIMA,2,E01001460,0,3
2024010498256,2024,010498256,2,9,0,99,99,9,9,99,99,6,9,99,9,99,9,9,6,6,3,-1,-1,2362,1,12,TOYOTA ESTIMA,-1,-1,0,-1
2024201525237,2024,201525237,1,8,0,-1,19,8,3,-1,0,8,0,0,0,0,3,1,-1,1,1,38,7,2400,8,11,TOYOTA ESTIMA,1,E01009102,0,2
2024201522177,2024,201522177,1,9,0,-1,19,7,3,-1,9,0,0,0,0,0,1,1,-1,6,3,-1,-1,2362,1,11,TOYOTA ESTIMA,-1,-1,0,-1
2024451417453,2024,451417453,1,9,0,-1,19,7,5,-1,0,0,0,0,0,0,1,1,-1,9,1,42,7,2362,1,16,TOYOTA ESTIMA,3,E01003015,0,4
2024010500328,2024,010500328,2,9,0,99,99,9,9,99,99,6,9,99,9,99,9,9,6,6,3,-1,-1,2362,1,14,TOYOTA ESTIMA,-1,-1,0,-1
2024010545676,2024,010545676,1,9,0,5,5,0,5,0,0,0,0,0,0,0,1,1,3,7,1,55,8,2360,8,12,TOYOTA ESTIMA,6,E01000575,0,1
2024010509240,2024,010509240,2,9,0,99,99,9,9,99,99,9,9,99,9,99,9,9,6,6,3,-1,-1,2360,8,15,TOYOTA ESTIMA,-1,-1,0,-1
2024201535619,2024,201535619,1,9,0,-1,9,1,7,-1,0,6,0,0,0,0,3,9,-1,6,3,50,8,2362,1,16,TOYOTA ESTIMA,-1,-1,0,-1
2024010544711,2024,010544711,2,9,0,2,2,0,0,9,9,1,0,0,0,0,1,1,6,6,3,-1,-1,2362,1,13,TOYOTA ESTIMA,-1,-1,0,-1
2024010510362,2024,010510362,2,9,0,99,99,9,9,99,99,9,9,99,9,99,9,9,6,6,3,-1,-1,2360,8,13,TOYOTA ESTIMA,-1,-1,0,-1
2024010517738,2024,010517738,1,9,0,17,19,1,5,0,0,0,0,0,0,0,1,1,6,6,1,40,7,2362,8,10,TOYOTA ESTIMA,7,E01004635,0,3
2024302400737,2024,302400737,3,9,0,3,3,6,2,0,0,0,0,0,0,0,2,1,3,7,2,42,7,2362,8,9,TOYOTA ESTIMA,1,E01013573,0,2
2024070436268,2024,070436268,1,9,0,1,1,4,7,0,0,0,0,0,0,0,2,1,6,6,1,-1,-1,1998,1,24,MAKE AND MODEL REDACTED,10,E01018663,0,1
2024471452268,2024,471452268,1,2,0,-1,19,3,7,-1,0,0,5,0,0,0,4,1,-1,9,1,16,4,49,1,5,MAKE AND MODEL REDACTED,3,E01031361,0,1
2024552401096,2024,552401096,1,2,0,18,19,4,8,0,0,6,0,0,3,0,4,1,6,6,1,16,4,49,1,5,MAKE AND MODEL REDACTED,6,E01034374,0,2
2024010518454,2024,010518454,2,2,0,15,15,6,2,0,0,0,1,0,0,0,3,1,6,6,1,16,4,49,1,6,MAKE AND MODEL REDACTED,5,E01001656,0,1
2024010516188,2024,010516188,2,9,0,14,14,1,5,0,0,1,0,0,0,0,1,1,6,6,1,38,7,292,1,3,MAKE AND MODEL REDACTED,-1,-1,0,-1
2024421412187,2024,421412187,2,4,0,-1,19,5,1,-1,0,0,5,11,1,6,2,1,-1,6,1,46,8,-1,-1,-1,MAKE AND MODEL REDACTED,9,E01021335,0,4
2024122400517,2024,122400517,1,5,0,18,19,3,7,0,0,0,0,11,1,0,0,1,6,6,1,48,8,689,1,6,YAMAHA TRACER,1,E01012879,0,4
2024041439960,2024,041439960,2,5,0,-1,19,5,1,-1,0,8,0,0,0,0,4,1,-1,9,1,30,6,890,1,1,YAMAHA TRACER,4,E01005724,0,4
2024302400380,2024,302400380,2,5,0,13,13,5,1,0,0,0,0,0,7,0,1,1,6,6,1,38,7,689,1,3,YAMAHA TRACER,9,E01011177,0,3
2024010506609,2024,010506609,1,4,0,18,19,1,5,0,0,1,1,0,0,0,1,1,2,2,1,22,5,689,1,2,YAMAHA TRACER,2,E01003175,0,2
2024010543347,2024,010543347,1,3,0,99,99,9,9,99,99,9,9,99,9,99,1,1,1,1,1,24,5,689,1,8,YAMAHA TRACER,2,E01003509,0,3
2024052400275,2024,052400275,2,3,0,4,4,3,7,0,0,1,0,0,0,0,2,1,6,6,1,48,8,890,1,3,YAMAHA TRACER,2,E01006565,0,1
2024221450191,2024,221450191,2,5,0,-1,19,7,3,-1,0,8,0,0,0,0,1,1,-1,9,2,48,8,689,1,4,YAMAHA TRACER,7,E01028889,0,4
2024552400446,2024,552400446,1,5,0,18,19,3,7,0,0,0,0,0,0,0,1,1,6,6,2,59,9,890,1,3,YAMAHA TRACER,5,E01015380,0,4
2024010546945,2024,010546945,1,5,0,18,19,1,5,0,0,1,0,0,0,0,1,1,6,6,1,20,4,689,1,0,YAMAHA TRACER,9,E01000715,0,1
2024201414276,2024,201414276,2,5,0,-1,5,1,6,-1,0,4,0,0,0,0,2,1,-1,6,1,33,6,890,1,2,YAMAHA TRACER,3,E01010094,0,2
2024061530270,2024,061530270,2,5,0,-1,19,7,3,-1,0,0,5,0,0,0,1,1,-1,6,1,22,5,890,1,2,YAMAHA TRACER,2,E01004881,0,1
2024471433332,2024,471433332,1,5,0,-1,19,3,8,-1,0,8,1,0,0,0,3,1,-1,6,2,47,8,689,1,7,YAMAHA TRACER,9,E01031793,0,2
2024010548592,2024,010548592,1,5,0,18,19,1,5,0,0,8,0,0,0,0,2,1,6,6,1,28,6,689,1,7,YAMAHA TRACER,3,E01001700,0,1
2024010517659,2024,010517659,1,5,0,12,12,7,3,0,0,0,0,0,0,0,1,1,1,1,1,59,9,847,1,3,YAMAHA TRACER,5,E01035663,0,4
2024302401578,2024,302401578,2,5,0,16,19,5,8,0,0,0,0,0,0,0,1,1,6,6,1,-1,-1,689,1,4,YAMAHA TRACER,6,E01025929,0,4
2024010537913,2024,010537913,1,5,0,99,99,9,9,99,99,9,9,99,9,99,9,1,1,1,3,26,6,689,1,5,YAMAHA TRACER,1,E01000524,0,3
2024421525842,2024,421525842,2,5,0,-1,7,7,1,-1,-1,3,0,0,0,0,1,1,-1,1,1,46,8,689,1,3,YAMAHA TRACER,2,E01021327,0,1
2024141434921,2024,141434921,2,5,0,-1,14,1,5,-1,0,1,0,0,0,0,4,1,-1,6,1,63,9,847,1,6,YAMAHA TRACER,9,E01019589,0,3
2024010502833,2024,010502833,1,5,0,99,99,9,9,99,99,9,9,99,9,99,1,1,6,6,1,40,7,689,1,3,YAMAHA TRACER,2,E01001505,0,2
2024010520100,2024,010520100,1,3,0,3,3,9,9,99,99,9,9,99,9,99,2,1,1,1,1,26,6,890,1,2,YAMAHA TRACER,6,E01002659,0,1
2024041467658,2024,041467658,2,5,0,-1,10,7,3,-1,0,5,0,11,0,0,3,1,-1,9,1,66,10,847,1,3,YAMAHA TRACER,2,E01013238,0,5
2024522500043,2024,522500043,2,5,0,11,11,6,2,0,0,8,0,0,0,0,4,1,6,6,1,45,7,890,1,2,YAMAHA TRACER,8,W01001559,0,4
2024031472494,2024,031472494,1,4,0,-1,19,5,8,-1,0,1,0,0,0,0,1,1,-1,6,1,70,10,689,1,5,YAMAHA TRACER,9,E01019190,0,2
2024010506818,2024,010506818,2,5,0,18,19,9,9,99,99,9,9,99,9,99,9,1,6,6,1,27,6,689,1,6,YAMAHA TRACER,3,E01003097,0,1
2024061436983,2024,061436983,2,5,0,-1,19,4,1,-1,0,1,1,0,0,0,1,1,-1,6,2,54,8,689,1,1,YAMAHA TRACER,8,E01006281,0,3
2024010525624,2024,010525624,2,5,0,18,19,5,1,0,0,0,0,0,0,0,2,1,6,6,1,33,6,890,1,0,YAMAHA TRACER,3,E01000495,0,2
2024520402151,2024,520402151,1,5,0,7,7,3,5,0,0,8,1,0,0,0,4,1,6,6,1,34,6,689,1,1,YAMAHA TRACER,8,E01035362,0,5
2024161408662,2024,161408662,1,4,0,-1,13,2,2,-1,0,0,2,0,7,0,1,1,-1,9,1,48,8,890,1,2,YAMAHA TRACER,7,E01013247,0,1
2024991462468,2024,991462468,1,5,0,-1,19,4,8,-1,0,0,2,0,0,0,1,1,-1,6,1,28,6,890,1,1,YAMAHA TRACER,4,-1,0,3
2024141489671,2024,141489671,2,5,0,-1,9,4,1,-1,0,8,0,0,0,0,3,1,-1,9,1,69,10,847,1,4,YAMAHA TRACER,1,E01007885,0,1
2024010519450,2024,010519450,1,5,0,99,99,9,9,2,2,1,9,99,9,99,9,1,6,6,1,27,6,689,1,7,YAMAHA TRACER,5,E01000398,0,2
2024320492827,2024,320492827,2,5,0,-1,-1,8,4,0,0,1,5,10,0,0,2,1,-1,-1,1,59,9,890,1,3,YAMAHA TRACER,4,E01019495,0,4
2024010548358,2024,010548358,1,5,0,18,19,4,8,0,0,8,1,0,1,10,1,1,6,6,1,24,5,689,1,2,YAMAHA TRACER,-1,-1,0,-1
2024302401298,2024,302401298,1,5,0,13,13,4,8,0,0,1,0,0,0,0,1,1,6,6,1,24,5,689,1,5,YAMAHA TRACER,2,E01021049,0,5
2024411500513,2024,411500513,2,5,0,-1,19,-1,-1,-1,0,0,0,0,3,0,1,1,-1,9,1,24,5,890,1,1,YAMAHA TRACER,7,E01023856,0,1
2024201472394,2024,201472394,2,5,0,-1,19,2,6,-1,0,0,2,0,0,0,3,1,-1,2,1,34,6,890,1,0,YAMAHA TRACER,4,E01029857,0,4
2024622400240,2024,622400240,1,5,0,13,13,3,7,0,0,0,0,0,7,4,1,1,6,6,1,51,8,890,1,1,YAMAHA TRACER,10,W01001919,0,3
2024371547359,2024,371547359,2,5,0,-1,19,5,1,-1,0,1,0,0,0,0,1,1,-1,6,1,80,11,689,1,3,YAMAHA TRACER,3,E01033123,0,1
2024361452355,2024,361452355,1,5,0,-1,13,3,6,-1,0,8,5,0,0,0,3,1,-1,6,1,72,10,847,1,5,YAMAHA TRACER,6,E01026549,0,3
2024010532031,2024,010532031,2,5,0,14,14,5,1,0,0,0,5,0,0,0,1,1,6,6,1,29,6,689,1,2,YAMAHA TRACER,4,E01003803,0,1
2024010527375,2024,010527375,1,5,0,99,99,9,9,99,99,9,9,99,9,99,2,1,6,6,1,41,7,689,1,6,YAMAHA TRACER,4,E01003406,0,1
2024010529274,2024,010529274,1,5,0,99,99,9,9,99,99,9,9,99,9,99,9,1,1,1,1,31,6,890,1,1,YAMAHA TRACER,3,E01001448,0,3
2024411524863,2024,411524863,2,5,0,-1,19,1,5,-1,0,1,0,0,0,0,1,1,-1,6,1,57,9,890,1,2,YAMAHA TRACER,10,E01023657,0,2
2024622400163,2024,622400163,1,4,0,18,19,3,6,0,0,0,0,0,0,0,1,1,1,1,1,50,8,890,1,1,YAMAHA TRACER,4,W01001009,0,4
2024122400915,2024,122400915,3,5,0,18,19,6,2,0,0,0,0,0,0,0,2,1,6,6,1,36,7,847,1,6,YAMAHA TRACER,6,E01013383,0,4
2024041444491,2024,041444491,2,5,0,-1,19,3,7,-1,0,1,0,0,0,0,1,1,-1,6,1,55,8,689,1,1,YAMAHA TRACER,7,E01004896,0,4
2024211508062,2024,211508062,2,5,-1,-1,-1,-1,-1,-1,-1,-1,-1,-1,-1,0,-1,1,-1,2,1,56,9,689,1,8,YAMAHA TRACER,2,E01029717,0,3
2024201491858,2024,201491858,2,5,0,-1,19,3,7,-1,0,0,0,0,0,0,3,1,-1,2,1,60,9,890,1,0,YAMAHA TRACER,10,E01009426,0,2
2024010525582,2024,010525582,1,9,0,99,99,9,9,99,99,9,9,99,9,99,1,9,6,6,1,34,6,2993,2,6,BMW X6,2,E01002075,0,3
2024010505776,2024,010505776,1,9,0,99,99,9,9,99,99,9,9,99,9,99,9,9,6,6,3,65,9,2993,2,9,BMW X6,2,E01001773,0,1
2024201535222,2024,201535222,1,9,0,-1,15,7,8,-1,0,0,0,0,0,0,1,1,-1,6,1,40,7,2993,2,8,BMW X6,1,E01010375,0,1
2024010500945,2024,010500945,1,9,0,99,99,9,9,99,99,0,9,99,9,99,2,9,6,6,1,25,5,2998,8,0,BMW X6,10,E01021751,0,2
2024010525789,2024,010525789,3,9,0,18,19,3,7,0,0,1,0,0,0,0,4,1,6,6,1,37,7,2993,2,7,BMW X6,4,E01003534,0,2
2024141455888,2024,141455888,2,9,0,-1,2,5,5,-1,9,0,0,0,0,0,3,1,-1,6,-1,-1,-1,2993,2,6,BMW X6,-1,-1,0,-1
2024631407338,2024,631407338,1,9,4,-1,13,6,2,-1,0,0,4,0,8,10,4,1,-1,6,1,58,9,4395,1,6,BMW X6,9,W01002001,0,4
2024010542946,2024,010542946,2,9,0,3,3,4,8,0,0,0,0,0,0,0,2,1,6,6,2,39,7,2993,2,6,BMW X6,8,E01000669,0,1
2024010531186,2024,010531186,1,9,0,99,99,9,9,99,99,9,9,99,9,99,1,9,1,1,1,33,6,2993,2,6,BMW X6,5,E01035736,0,4
2024421481973,2024,421481973,1,9,0,-1,19,5,8,-1,9,0,0,0,7,10,1,1,-1,6,1,66,10,2993,2,9,BMW X6,1,E01015880,0,1
2024340NN2862,2024,340NN2862,2,9,0,-1,3,5,1,-1,0,1,0,0,0,0,2,1,-1,6,1,58,9,2993,2,10,BMW X6,9,E01032965,0,1
2024010550339,2024,010550339,2,9,0,18,19,7,3,0,0,1,0,0,0,0,4,1,6,6,2,35,6,2993,2,9,BMW X6,3,E01000059,0,1
2024101405077,2024,101405077,2,9,0,-1,19,3,7,-1,0,1,0,0,7,0,1,1,-1,6,1,56,9,4400,1,15,BMW X6,-1,-1,0,-1
2024010537303,2024,010537303,1,9,0,18,19,3,7,0,0,2,0,0,0,0,3,1,6,6,1,29,6,2993,2,11,BMW X6,2,E01034487,0,3
2024320589207,2024,320589207,1,9,0,-1,-1,4,8,0,0,0,0,0,0,0,3,1,6,6,1,61,9,2993,2,13,BMW X6,8,E01026053,0,1
2024340WN6522,2024,340WN6522,3,9,0,-1,5,1,5,-1,0,1,0,0,0,0,2,1,-1,9,2,35,6,2993,2,7,BMW X6,4,E01027245,0,1
2024010541017,2024,010541017,1,9,0,99,99,9,9,99,99,9,9,99,9,99,3,9,2,2,2,38,7,2993,2,9,BMW X6,2,E01033587,0,1
2024311404070,2024,311404070,1,9,0,-1,5,6,4,-1,0,6,0,0,0,0,3,1,-1,2,2,45,7,2993,2,8,BMW X6,8,E01028146,0,1
2024010524784,2024,010524784,4,9,0,18,19,4,8,0,0,1,0,0,0,0,1,1,6,6,1,-1,-1,2993,2,4,BMW X6,-1,-1,0,-1
2024010519388,2024,010519388,2,9,0,18,19,1,5,0,0,1,0,0,0,0,1,1,6,6,1,25,5,2993,2,6,BMW X6,2,E01001426,0,1
2024010541434,2024,010541434,1,9,0,9,9,3,1,0,0,8,0,0,0,0,1,1,6,6,3,-1,-1,2993,2,5,BMW X6,-1,-1,0,-1
2024552400524,2024,552400524,1,9,0,17,19,3,8,0,0,6,1,10,7,1,1,1,6,6,1,52,8,2993,2,13,BMW X6,9,E01015322,0,1
2024401521704,2024,401521704,2,9,-1,-1,-1,-1,-1,-1,-1,0,-1,-1,-1,0,2,9,-1,2,2,38,7,2993,2,10,BMW X6,8,E01033514,0,3
2024010520356,2024,010520356,3,9,0,18,19,7,3,0,0,2,0,0,0,0,1,1,6,6,1,33,6,2993,2,8,BMW X6,3,E01003533,0,1
2024010503518,2024,010503518,2,9,0,4,4,5,1,0,0,0,0,0,0,0,2,1,6,6,1,24,5,2993,2,12,BMW X6,4,E01020129,0,5
2024471406978,2024,471406978,2,9,0,-1,19,6,2,-1,0,0,0,0,0,0,2,1,-1,6,1,56,9,2993,2,6,BMW X6,7,E01002360,0,4
2024332400547,2024,332400547,2,9,0,-1,2,0,0,-1,0,2,0,0,0,0,1,1,-1,6,3,-1,-1,2993,2,13,BMW X6,-1,-1,0,-1
2024010528859,2024,010528859,2,9,0,99,99,9,9,99,99,9,9,99,9,99,4,9,6,6,3,-1,-1,2993,2,8,BMW X6,-1,-1,0,-1
2024061506946,2024,061506946,2,9,0,-1,19,3,7,-1,0,1,0,0,0,0,1,1,-1,6,-1,-1,-1,2993,2,10,BMW X6,-1,-1,0,-1
2024052402135,2024,052402135,1,9,0,18,19,3,7,0,0,8,2,0,1,11,1,1,6,6,1,38,7,2993,2,5,BMW X6,6,E01033748,0,3
2024311421477,2024,311421477,1,9,0,-1,4,2,6,-1,9,0,0,0,0,0,1,1,-1,6,1,68,10,2993,2,13,BMW X6,6,E01013978,0,1
2024070851713,2024,070851713,1,9,0,-1,5,6,7,-1,9,4,0,0,0,0,1,1,-1,6,1,38,7,2993,2,7,BMW X6,2,E01018478,0,1
2024430220757,2024,430220757,1,9,0,7,7,7,1,0,0,5,0,0,0,0,1,1,6,6,1,35,6,2993,2,12,BMW X6,7,E01016613,0,1
2024010504862,2024,010504862,2,9,9,99,99,9,9,99,99,9,9,99,9,99,9,9,6,6,3,-1,-1,2993,12,2,BMW X6,-1,-1,0,-1
2024332401080,2024,332401080,1,9,0,-1,19,8,4,-1,0,0,0,0,0,0,1,1,-1,1,1,30,6,2993,2,7,BMW X6,10,E01016583,0,5
2024351567910,2024,351567910,2,9,0,-1,4,5,1,-1,0,0,0,0,4,6,2,1,-1,2,1,34,6,2993,2,12,BMW X6,2,E01026957,0,4
2024320755443,2024,320755443,4,9,0,2,2,0,0,9,9,0,0,0,0,0,1,1,6,6,3,-1,-1,2993,12,0,BMW X6,-1,-1,0,-1
2024061411691,2024,061411691,4,9,0,-1,3,7,2,-1,0,1,0,0,0,0,2,1,-1,6,1,40,7,2993,2,10,BMW X6,3,E01006335,0,1
2024471417015,2024,471417015,2,9,0,-1,19,2,4,-1,0,0,0,0,0,0,2,1,-1,6,2,47,8,2993,-1,2,BMW X6,6,E01021118,0,3
2024101487671,2024,101487671,2,9,0,-1,19,5,1,-1,9,0,0,0,1,0,1,1,-1,6,2,30,6,2993,2,15,BMW X6,2,E01027530,0,1
2024041465531,2024,041465531,1,9,0,-1,6,7,3,-1,0,0,0,0,0,0,3,1,-1,9,1,48,8,2993,2,11,BMW X6,5,E01006971,0,3
2024101505035,2024,101505035,1,9,0,-1,15,3,7,-1,0,1,0,0,0,0,1,1,-1,2,1,56,9,2993,2,8,BMW X6,6,E01020608,0,4
2024061434614,2024,061434614,1,9,0,-1,19,7,3,-1,0,1,0,0,0,0,1,9,-1,6,3,-1,-1,2993,2,9,BMW X6,-1,-1,0,-1
2024401468276,2024,401468276,1,9,0,-1,2,0,0,-1,0,0,0,0,0,0,1,1,-1,6,1,47,8,2993,2,6,BMW X6,3,E01017580,0,1
2024320339195,2024,320339195,1,9,0,-1,-1,4,8,0,0,0,2,0,1,6,1,1,-1,-1,1,58,9,2993,2,6,BMW X6,7,E01011995,0,5
2024010504375,2024,010504375,2,9,0,99,99,9,9,99,99,0,9,99,9,99,1,9,6,6,3,-1,-1,2998,1,4,BMW X6,10,E01002146,0,1
2024141506141,2024,141506141,1,9,0,-1,19,7,3,-1,0,0,2,0,1,9,4,1,-1,9,2,33,6,2993,2,15,BMW X6,7,E01007658,0,1
2024461404614,2024,461404614,2,9,0,-1,19,3,7,-1,0,0,0,0,0,0,2,9,-1,2,1,39,7,2998,8,1,BMW X6,2,E01023975,0,1
2024010515814,2024,010515814,2,9,0,5,5,3,7,0,0,6,0,0,0,0,1,1,6,6,1,44,7,2998,1,4,BMW X6,9,E01002451,0,1