collision_index,collision_year,collision_ref_no,vehicle_reference,vehicle_type,towing_and_articulation,vehicle_manoeuvre_historic,vehicle_manoeuvre,vehicle_direction_from,vehicle_direction_to,vehicle_location_restricted_lane_historic,vehicle_location_restricted_lane,junction_location,skidding_and_overturning,hit_object_in_carriageway,vehicle_leaving_carriageway,hit_object_off_carriageway,first_point_of_impact,vehicle_left_hand_drive,journey_purpose_of_driver_historic,journey_purpose_of_driver,sex_of_driver,age_of_driver,age_band_of_driver,engine_capacity_cc,propulsion_code,age_of_vehicle,generic_make_model,driver_imd_decile,lsoa_of_driver,escooter_flag,driver_distance_banding
2024031491526,2024,031491526,3,9,0,-1,19,5,1,-1,0,0,0,11,0,0,1,1,-1,9,1,63,9,1997,2,11,FORD MONDEO,4,-1,0,5
2024430333466,2024,430333466,1,9,0,18,19,6,2,0,0,1,0,0,4,0,3,1,6,6,1,43,7,1997,2,10,FORD MONDEO,4,E01028546,0,3
2024991491362,2024,991491362,1,9,0,-1,19,1,5,-1,0,1,0,0,0,0,3,1,-1,6,1,73,10,1560,2,13,FORD MONDEO,5,-1,0,1
2024041404507,2024,041404507,2,9,0,-1,19,5,1,-1,0,0,0,0,0,0,3,1,-1,9,1,77,11,1997,2,16,FORD MONDEO,1,E01012749,0,4
2024052402504,2024,052402504,1,9,0,18,19,3,7,0,0,0,1,7,0,0,1,1,6,6,2,45,7,1753,2,14,FORD MONDEO,3,E01006890,0,2
2024461439228,2024,461439228,1,9,0,-1,4,1,1,-1,0,0,0,0,0,0,1,1,-1,9,1,43,7,1798,1,20,FORD MONDEO,7,E01035306,0,1
2024421527494,2024,421527494,1,9,0,-1,14,-1,-1,-1,0,0,0,0,0,0,3,1,-1,6,1,77,11,2261,1,16,FORD MONDEO,8,E01021514,0,1
2024461403147,2024,461403147,2,9,0,-1,19,5,1,-1,0,8,0,0,0,0,1,1,-1,2,1,36,7,1798,1,20,FORD MONDEO,1,E01034996,0,2
2024161440632,2024,161440632,2,8,9,-1,19,4,8,-1,0,1,9,0,9,0,9,9,-1,6,3,-1,-1,1997,2,10,FORD MONDEO,-1,-1,0,-1
2024461417023,2024,461417023,1,9,0,-1,19,5,1,-1,0,3,0,0,0,0,3,1,-1,1,1,29,6,1995,2,5,FORD MONDEO,2,E01024717,0,2
2024471461479,2024,471461479,2,9,0,-1,19,1,5,-1,0,0,0,0,1,0,2,1,-1,9,1,45,7,1997,2,15,FORD MONDEO,5,E01031604,0,1
2024010506723,2024,010506723,2,9,0,99,99,9,9,99,99,9,9,99,9,99,1,9,6,6,3,-1,-1,1499,2,8,FORD MONDEO,-1,-1,0,-1
2024141408511,2024,141408511,1,9,0,-1,3,3,7,-1,0,1,0,0,0,0,2,1,-1,6,1,72,10,1997,2,15,FORD MONDEO,3,E01007479,0,1
2024501434143,2024,501434143,3,9,0,-1,19,1,5,-1,0,1,0,0,0,0,1,1,-1,9,1,63,9,1997,2,11,FORD MONDEO,7,E01020178,0,3
2024231476497,2024,231476497,2,9,0,-1,4,2,6,-1,0,8,0,0,0,0,2,1,-1,9,1,29,6,1999,1,15,FORD MONDEO,3,E01031176,0,1
2024131425646,2024,131425646,2,9,0,-1,19,5,1,-1,0,0,0,0,0,0,2,1,-1,9,1,72,10,1997,2,11,FORD MONDEO,1,E01011038,0,4
2024221510894,2024,221510894,1,9,0,-1,9,6,3,-1,0,5,0,0,0,0,4,9,-1,2,1,62,9,1997,2,13,FORD MONDEO,1,E01032318,0,3
2024122500145,2024,122500145,3,9,0,18,19,6,2,0,0,2,0,1,0,0,1,1,6,6,1,57,9,2198,2,18,FORD MONDEO,3,E01013410,0,2
2024052402425,2024,052402425,1,9,0,18,19,5,1,0,0,0,0,0,0,0,1,1,1,1,1,62,9,1499,2,8,FORD MONDEO,1,E01006700,0,1
2024320571500,2024,320571500,1,9,0,7,7,8,2,0,0,6,0,0,0,0,3,1,-1,-1,1,54,8,1997,2,11,FORD MONDEO,2,E01013965,0,4
2024201494315,2024,201494315,1,9,0,-1,19,2,6,-1,0,8,0,0,0,0,1,1,-1,6,1,28,6,1997,2,9,FORD MONDEO,1,E01009345,0,2
2024471435247,2024,471435247,1,9,0,-1,6,1,5,-1,0,1,0,0,0,0,1,1,-1,6,2,43,7,1997,2,15,FORD MONDEO,1,E01020992,0,1
2024141453337,2024,141453337,2,9,0,-1,19,7,3,-1,0,0,0,0,0,0,3,1,-1,9,2,30,6,1997,2,9,FORD MONDEO,2,E01007843,0,1
2024320589080,2024,320589080,1,9,0,13,13,5,1,0,0,8,0,0,0,0,4,1,6,6,3,-1,-1,2179,2,16,FORD MONDEO,-1,-1,0,-1
2024010546699,2024,010546699,2,9,0,9,9,7,4,0,0,1,0,0,0,0,2,1,6,6,1,45,7,2521,1,17,FORD MONDEO,8,E01003421,0,2
2024411443606,2024,411443606,1,9,-1,-1,-1,-1,-1,-1,-1,-1,-1,-1,-1,0,-1,9,-1,6,1,64,9,1997,2,6,FORD MONDEO,5,E01021865,0,2
2024201456179,2024,201456179,2,9,-1,-1,-1,-1,-1,-1,-1,0,-1,-1,-1,0,-1,9,-1,6,3,-1,-1,1997,2,15,FORD MONDEO,-1,-1,0,-1
2024311395195,2024,311395195,1,8,0,-1,19,8,5,-1,0,2,0,0,0,0,3,1,-1,1,1,33,6,1997,2,11,FORD MONDEO,1,E01027930,0,4
202417S105324,2024,17S105324,2,9,0,-1,19,8,4,-1,0,8,0,0,0,0,1,1,-1,9,1,45,7,1997,2,10,FORD MONDEO,-1,-1,0,-1
2024161495118,2024,161495118,1,9,0,-1,9,5,3,-1,0,6,0,0,0,0,3,9,-1,6,1,26,6,1997,2,16,FORD MONDEO,1,E01013165,0,1
2024221443640,2024,221443640,1,9,0,-1,19,5,1,-1,0,8,0,0,0,0,1,9,-1,6,1,54,8,1997,2,15,FORD MONDEO,1,E01009214,0,1
2024340NN0512,2024,340NN0512,2,9,0,-1,4,2,6,-1,0,0,0,0,0,0,2,1,-1,2,1,41,7,1499,2,8,FORD MONDEO,2,E01026957,0,2
2024101480017,2024,101480017,1,9,0,-1,19,3,7,-1,0,4,0,0,0,0,1,1,-1,6,1,56,9,1997,2,11,FORD MONDEO,2,E01033716,0,1
2024131535079,2024,131535079,1,9,0,-1,5,3,3,-1,0,0,0,0,0,0,1,1,-1,6,3,-1,-1,1753,2,14,FORD MONDEO,-1,-1,0,-1
2024361525196,2024,361525196,2,9,0,-1,19,7,3,-1,0,1,0,0,0,0,2,1,-1,6,1,45,7,1997,2,12,FORD MONDEO,7,E01026883,0,1
2024010498990,2024,010498990,3,9,0,18,19,1,5,0,0,0,0,0,0,0,4,1,6,6,1,31,6,1498,1,6,FORD MONDEO,-1,-1,0,-1
2024430127259,2024,430127259,1,9,0,18,19,6,2,0,0,0,0,0,0,0,1,1,6,6,1,68,10,1560,2,12,FORD MONDEO,9,E01016272,0,1
2024061394923,2024,061394923,1,9,0,-1,9,3,7,-1,0,1,0,0,0,0,1,1,-1,6,1,63,9,1560,2,11,FORD MONDEO,1,E01005905,0,1
2024451524444,2024,451524444,1,9,0,-1,7,5,1,-1,0,0,1,0,0,0,4,1,-1,1,1,42,7,1997,2,17,FORD MONDEO,8,E01030534,0,1
2024041441591,2024,041441591,1,9,0,-1,19,5,1,-1,0,0,0,0,0,0,4,1,-1,6,1,49,8,1997,2,7,FORD MONDEO,2,E01025366,0,1
2024010510274,2024,010510274,2,9,0,18,19,5,1,0,0,1,0,0,7,0,3,1,6,6,1,63,9,1596,1,16,FORD MONDEO,6,E01003167,0,3
2024311526338,2024,311526338,2,9,0,-1,2,0,0,-1,-1,0,0,0,0,0,1,1,-1,6,-1,-1,-1,1997,2,15,FORD MONDEO,-1,-1,0,-1
2024991519002,2024,991519002,2,9,0,-1,19,1,5,-1,0,0,0,0,0,0,2,1,-1,1,2,57,9,1997,2,8,FORD MONDEO,-1,-1,0,-1
2024041411466,2024,041411466,2,9,0,-1,19,1,5,-1,0,0,0,0,0,0,2,1,-1,2,1,30,6,1997,2,13,FORD MONDEO,1,E01024882,0,3
2024041411356,2024,041411356,2,9,0,-1,19,3,7,-1,0,1,0,0,0,0,1,1,-1,9,1,66,10,1498,1,8,FORD MONDEO,9,E01024964,0,2
2024201467459,2024,201467459,1,9,0,-1,19,2,6,-1,0,3,0,10,1,10,1,1,-1,6,1,38,7,1997,2,7,FORD MONDEO,-1,-1,0,-1
2024411580857,2024,411580857,1,9,0,-1,19,5,1,-1,0,0,0,0,0,0,1,1,-1,1,1,28,6,1997,2,16,FORD MONDEO,5,E01034420,0,4
2024501429840,2024,501429840,2,9,0,-1,19,7,3,-1,0,0,1,0,2,10,1,1,-1,9,1,42,7,1997,2,16,FORD MONDEO,6,E01032661,0,5
2024451494922,2024,451494922,2,9,0,-1,5,3,5,-1,0,6,0,0,0,0,1,1,-1,6,1,48,8,1998,2,17,FORD MONDEO,8,E01035013,0,3
2024010507831,2024,010507831,1,9,0,99,99,9,9,99,99,9,9,99,9,99,2,9,6,6,1,38,7,1997,2,8,FORD MONDEO,2,E01001687,0,2
2024010527417,2024,010527417,1,9,0,9,9,5,2,0,0,5,0,0,0,0,2,1,2,2,1,26,6,1997,2,6,FORD MONDEO,3,E01002768,0,3
2024440193568,2024,440193568,1,9,0,18,19,7,3,0,0,0,0,0,0,0,3,1,3,7,1,32,6,1753,2,14,FORD MONDEO,3,E01017242,0,2
2024052400313,2024,052400313,1,9,0,9,9,1,7,0,0,8,0,0,0,0,1,1,6,6,3,-1,-1,1997,2,11,FORD MONDEO,-1,-1,0,-1
2024161411143,2024,161411143,1,9,0,-1,19,5,1,-1,0,0,1,0,7,11,1,1,-1,9,1,18,4,1998,2,17,FORD MONDEO,6,E01012923,0,1
2024401495268,2024,401495268,1,9,-1,-1,-1,-1,-1,-1,-1,-1,-1,-1,-1,0,-1,9,-1,6,1,-1,-1,1997,2,14,FORD MONDEO,-1,-1,0,-1
2024311480580,2024,311480580,1,9,0,-1,5,1,1,-1,0,6,0,0,0,0,1,1,-1,2,2,39,7,1499,2,8,FORD MONDEO,-1,-1,0,-1
2024041528449,2024,041528449,1,9,0,-1,9,1,5,-1,0,5,0,0,0,0,1,2,-1,9,1,61,9,1997,2,16,FORD MONDEO,4,E01006261,0,3
2024201510165,2024,201510165,1,9,4,-1,15,3,6,-1,0,0,1,0,0,0,1,1,-1,9,1,37,7,1997,2,15,FORD MONDEO,3,E01009242,0,1
2024440291150,2024,440291150,2,9,0,7,7,8,2,0,0,6,0,0,0,0,1,1,6,6,1,46,8,1997,2,7,FORD MONDEO,5,E01022548,0,1
2024340NN3122,2024,340NN3122,2,9,0,-1,3,5,1,-1,0,0,0,0,0,0,2,1,-1,9,1,41,7,1997,2,14,FORD MONDEO,9,E01016800,0,3
2024461465647,2024,461465647,2,9,0,-1,19,5,1,-1,0,0,0,0,0,0,4,9,-1,6,1,38,7,1999,1,14,FORD MONDEO,4,E01024566,0,2
2024101535855,2024,101535855,2,8,0,-1,19,1,5,-1,0,0,0,0,0,0,1,1,-1,1,1,32,6,1997,2,6,FORD MONDEO,2,E01033716,0,1
2024361528043,2024,361528043,1,9,0,-1,19,2,6,-1,0,0,0,0,1,0,0,1,-1,6,2,38,7,1997,2,11,FORD MONDEO,6,E01030097,0,1
2024141400505,2024,141400505,2,9,0,-1,19,5,1,-1,0,8,0,0,0,0,1,1,-1,9,2,50,8,1499,2,8,FORD MONDEO,7,E01007616,0,1
2024471527989,2024,471527989,1,9,0,-1,19,8,4,-1,0,8,0,0,0,0,4,1,-1,9,2,65,9,1997,2,14,FORD MONDEO,10,E01031678,0,2
2024052400261,2024,052400261,1,9,0,9,9,2,1,0,0,8,0,0,0,0,4,1,6,6,1,64,9,1997,2,14,FORD MONDEO,6,E01007265,0,1
2024052402647,2024,052402647,2,9,0,18,19,3,7,0,0,1,0,0,0,0,1,1,6,6,1,80,11,1596,1,13,FORD MONDEO,9,E01006857,0,2
2024361485618,2024,361485618,1,9,0,-1,1,8,6,-1,0,0,0,0,0,0,1,2,-1,9,1,37,7,1997,2,8,FORD MONDEO,3,E01026740,0,3
2024311417781,2024,311417781,2,9,0,-1,19,1,5,-1,0,2,0,0,0,0,1,9,-1,6,1,39,7,1560,2,11,FORD MONDEO,-1,-1,0,-1
2024141473203,2024,141473203,1,9,0,-1,19,5,1,-1,0,1,0,0,0,0,1,1,-1,9,2,33,6,1997,2,16,FORD MONDEO,1,E01008082,0,1
2024501475361,2024,501475361,1,9,0,-1,5,5,1,-1,0,0,0,4,0,0,2,1,-1,6,1,93,11,1997,2,8,FORD MONDEO,3,E01019985,0,1
2024302401742,2024,302401742,1,9,0,-1,19,1,5,-1,0,8,0,0,0,0,4,1,-1,1,1,27,6,1997,2,6,FORD MONDEO,6,E01019608,0,4
2024201451895,2024,201451895,4,9,0,-1,2,0,0,-1,0,2,0,0,0,0,1,9,-1,6,-1,-1,-1,1499,2,9,FORD MONDEO,-1,-1,0,-1
2024201495275,2024,201495275,1,9,0,-1,19,1,2,-1,0,0,0,0,0,0,1,1,-1,9,1,38,7,1997,2,9,FORD MONDEO,2,E01009941,0,1
2024201473183,2024,201473183,1,9,0,-1,19,6,2,-1,0,0,0,0,0,0,1,1,-1,6,-1,-1,-1,1998,2,19,FORD MONDEO,-1,-1,0,-1
202460Q097173,2024,60Q097173,1,9,0,10,10,8,6,0,0,1,0,0,0,0,1,1,6,6,3,-1,-1,1995,2,5,FORD MONDEO,-1,-1,0,-1
2024421453356,2024,421453356,2,9,0,-1,4,8,4,-1,0,0,0,0,1,0,2,1,-1,9,2,50,8,1997,2,9,FORD MONDEO,5,E01018304,0,4
2024340WN2042,2024,340WN2042,2,9,0,-1,19,2,6,-1,0,1,0,0,0,0,1,1,-1,1,1,51,8,1997,2,7,FORD MONDEO,5,E01027145,0,3
2024010525235,2024,010525235,2,9,0,99,99,9,9,99,99,9,9,99,9,99,1,9,6,6,1,45,7,1997,2,6,FORD MONDEO,3,E01035661,0,1
2024461535707,2024,461535707,2,9,0,-1,19,6,2,-1,0,1,0,0,0,0,0,1,-1,1,1,30,6,1995,2,4,FORD MONDEO,6,E01034997,0,3
2024991545385,2024,991545385,2,9,0,-1,7,1,4,-1,0,1,0,0,0,0,4,1,-1,1,1,28,6,1499,2,8,FORD MONDEO,7,-1,0,1
2024311455941,2024,311455941,2,9,0,-1,19,5,1,-1,0,0,0,0,0,0,1,1,-1,6,1,36,7,1997,2,9,FORD MONDEO,3,E01028338,0,2
2024161454573,2024,161454573,1,9,0,-1,19,4,8,-1,0,1,0,0,0,0,1,1,-1,1,1,41,7,1997,2,5,FORD MONDEO,8,E01012962,0,4
2024451414538,2024,451414538,1,9,0,-1,19,1,5,-1,0,1,0,0,0,0,1,1,-1,2,2,37,7,1997,2,9,FORD MONDEO,5,E01034037,0,4
2024471469163,2024,471469163,2,9,0,-1,7,6,5,-1,0,5,0,0,0,0,4,9,-1,6,2,34,6,1997,2,8,FORD MONDEO,10,E01031741,0,1
2024351462137,2024,351462137,1,9,0,-1,9,2,8,-1,0,6,0,0,0,0,3,1,-1,6,1,80,11,1999,1,19,FORD MONDEO,5,E01018142,0,1
2024522500414,2024,522500414,1,9,0,7,7,6,1,0,0,5,0,0,0,0,1,1,6,6,1,25,5,1997,2,13,FORD MONDEO,7,E01035218,0,2
2024548471024,2024,548471024,2,9,0,2,2,0,0,0,0,0,0,0,0,0,3,1,6,6,1,-1,-1,1997,2,9,FORD MONDEO,-1,-1,0,-1
2024421423679,2024,421423679,1,9,0,-1,7,4,7,-1,0,2,0,0,0,0,1,1,-1,9,1,86,11,1753,2,14,FORD MONDEO,7,E01021695,0,2
2024041551937,2024,041551937,1,9,0,-1,19,1,5,-1,0,0,1,0,5,6,1,1,-1,9,1,38,7,2198,2,18,FORD MONDEO,3,E01019150,0,4
2024631460061,2024,631460061,3,9,0,-1,19,7,4,-1,0,2,0,0,1,0,1,1,-1,9,1,66,10,1997,2,14,FORD MONDEO,1,E01010421,0,4
2024531421679,2024,531421679,1,9,0,-1,19,5,1,-1,0,1,0,0,0,0,1,1,-1,6,1,49,8,1997,2,9,FORD MONDEO,8,E01022411,0,1
2024061464636,2024,061464636,2,9,0,-1,19,5,1,-1,0,1,0,0,0,0,4,1,-1,9,1,45,7,1499,2,8,FORD MONDEO,6,E01004973,0,1
2024041426490,2024,041426490,1,9,0,-1,19,6,2,-1,0,8,0,0,0,0,1,1,-1,2,1,41,7,1997,2,10,FORD MONDEO,9,E01025256,0,1
2024141511950,2024,141511950,3,9,0,-1,5,4,8,-1,0,0,0,0,0,0,2,1,-1,9,1,60,9,1997,2,10,FORD MONDEO,1,E01007522,0,4
2024101395273,2024,101395273,2,9,0,-1,2,7,3,-1,0,0,0,0,0,0,0,1,-1,6,2,49,8,1560,2,12,FORD MONDEO,-1,-1,0,-1
2024332400112,2024,332400112,1,9,0,-1,19,1,4,-1,0,8,0,0,0,0,1,1,-1,6,2,38,7,1997,2,8,FORD MONDEO,2,E01019842,0,2
2024320041943,2024,320041943,2,9,0,-1,-1,2,6,0,0,0,0,4,0,0,1,1,-1,-1,1,81,11,1997,2,13,FORD MONDEO,9,E01026269,0,3
2024320056118,2024,320056118,1,9,0,6,6,3,3,0,0,0,0,0,0,0,1,1,-1,-1,1,38,7,2179,2,13,FORD MONDEO,9,E01026293,0,4
2024061485841,2024,061485841,1,9,0,-1,7,7,3,-1,0,0,0,7,0,0,1,1,-1,9,1,55,8,1997,2,5,FORD MONDEO,-1,-1,0,-1
2024501528867,2024,501528867,2,9,0,-1,19,1,5,-1,0,0,1,0,0,0,1,2,-1,6,-1,-1,-1,1997,2,14,FORD MONDEO,-1,-1,0,-1
2024430585238,2024,430585238,1,9,0,18,19,8,4,0,0,2,0,0,0,0,1,1,6,6,1,-1,-1,1999,1,17,FORD MONDEO,-1,-1,0,-1
2024501440966,2024,501440966,1,8,0,-1,5,2,3,-1,0,0,0,0,0,0,0,1,-1,1,1,76,11,1997,2,8,FORD MONDEO,1,E01015152,0,1
2024501513232,2024,501513232,1,9,0,-1,3,3,7,-1,0,0,0,0,0,0,2,2,-1,6,1,32,6,1997,2,11,FORD MONDEO,9,E01015140,0,2
2024501467679,2024,501467679,2,9,0,-1,11,7,3,-1,0,0,0,0,0,0,2,1,-1,6,1,46,8,2179,2,11,FORD MONDEO,4,E01015031,0,2
2024311426276,2024,311426276,4,9,0,-1,2,0,0,-1,0,0,0,0,0,0,2,1,-1,9,2,42,7,1997,2,9,FORD MONDEO,6,E01028125,0,1
2024430277641,2024,430277641,1,9,0,18,19,1,5,0,0,4,0,0,0,0,1,1,6,6,1,55,8,1499,2,7,FORD MONDEO,8,E01022951,0,4
2024311524044,2024,311524044,1,9,0,-1,19,6,2,-1,0,0,0,0,0,0,4,1,-1,9,1,42,7,1997,2,10,FORD MONDEO,7,E01026340,0,4
2024070547935,2024,070547935,1,9,0,18,19,6,2,0,0,1,0,0,0,0,1,1,6,6,1,-1,-1,1997,2,14,FORD MONDEO,10,E01018468,0,2
2024131508958,2024,131508958,1,9,0,-1,19,3,7,-1,0,8,0,0,0,0,1,1,-1,6,2,61,9,1997,2,12,FORD MONDEO,5,E01010651,0,1
2024440562744,2024,440562744,2,9,0,18,19,3,7,0,0,0,0,0,0,0,3,1,6,6,2,35,6,1997,2,12,FORD MONDEO,3,E01017099,0,1
2024041501878,2024,041501878,1,9,0,-1,19,7,3,-1,0,0,0,4,1,0,3,1,-1,9,2,37,7,1560,2,11,FORD MONDEO,9,E01024980,0,3
2024131436252,2024,131436252,1,9,0,-1,19,4,8,-1,0,0,1,0,7,0,-1,1,-1,6,1,23,5,2198,2,17,FORD MONDEO,6,E01011068,0,1
2024991458584,2024,991458584,1,9,0,-1,19,6,1,-1,0,1,0,4,1,0,1,1,-1,9,1,30,6,1997,2,12,FORD MONDEO,7,E01007084,0,5
2024461406125,2024,461406125,1,9,0,-1,10,1,3,-1,0,2,0,0,0,0,1,1,-1,9,2,33,6,1596,1,17,FORD MONDEO,10,E01024153,0,3
2024421478536,2024,421478536,1,8,0,-1,19,3,7,-1,0,8,0,0,0,0,1,9,-1,1,1,51,8,1999,8,4,FORD MONDEO,3,E01021279,0,1
2024544163624,2024,544163624,2,9,0,18,19,7,3,0,0,0,0,0,0,0,2,1,6,6,1,67,10,1999,1,17,FORD MONDEO,8,E01030813,0,5
2024471458675,2024,471458675,1,9,0,-1,19,3,7,-1,0,1,0,0,0,0,1,1,-1,9,1,25,5,1997,2,11,FORD MONDEO,2,E01031451,0,1
2024421449183,2024,421449183,2,9,0,-1,2,3,7,-1,0,0,1,0,0,0,2,1,-1,1,2,25,5,1997,2,6,FORD MONDEO,-1,-1,0,-1
2024141409059,2024,141409059,1,9,0,-1,2,0,0,-1,0,1,0,0,0,0,4,9,-1,6,3,-1,-1,1999,8,5,FORD MONDEO,-1,-1,0,-1
2024471452196,2024,471452196,1,9,0,-1,19,7,3,-1,0,8,0,0,1,2,1,1,-1,9,1,38,7,1753,2,17,FORD MONDEO,3,E01031444,0,4
2024061418528,2024,061418528,1,9,0,-1,1,6,2,-1,0,0,0,0,0,0,2,9,-1,6,1,41,7,1997,2,17,FORD MONDEO,1,E01005941,0,1
2024451539909,2024,451539909,1,9,0,-1,19,7,3,-1,0,0,0,0,0,0,1,1,-1,9,1,68,10,1999,8,5,FORD MONDEO,8,E01035358,0,1
2024501484035,2024,501484035,1,9,0,-1,19,7,3,-1,0,2,0,0,0,0,3,1,-1,9,1,44,7,1997,2,6,FORD MONDEO,9,E01028426,0,5
2024010506642,2024,010506642,2,9,0,18,19,5,1,99,99,9,9,99,9,99,1,1,6,6,3,-1,-1,1997,2,10,FORD MONDEO,-1,-1,0,-1
2024052401319,2024,052401319,2,9,0,18,19,4,8,0,0,8,0,0,0,0,3,1,1,1,1,56,9,1997,2,6,FORD MONDEO,2,E01006786,0,2
2024501423815,2024,501423815,2,9,0,-1,2,0,0,-1,0,1,0,0,0,0,4,1,-1,6,-1,-1,-1,1999,1,20,FORD MONDEO,-1,-1,0,-1
2024320461901,2024,320461901,1,9,0,-1,-1,6,2,0,0,0,0,0,0,0,1,1,-1,-1,1,45,7,1997,2,15,FORD MONDEO,6,E01031130,0,5
2024201529993,2024,201529993,1,9,0,-1,19,1,5,-1,0,0,0,0,0,0,1,9,-1,6,3,20,4,1753,2,15,FORD MONDEO,-1,-1,0,-1
2024231465306,2024,231465306,1,9,0,-1,19,5,8,-1,0,8,0,0,0,0,0,9,-1,6,3,30,6,1997,2,14,FORD MONDEO,-1,-1,0,-1
2024451540900,2024,451540900,1,9,0,-1,7,5,1,-1,0,5,0,0,1,0,4,1,-1,2,1,72,10,1997,2,8,FORD MONDEO,10,E01030695,0,1
2024522401983,2024,522401983,1,9,0,4,4,4,8,0,0,0,0,0,0,0,2,1,6,6,1,67,10,1997,2,13,FORD MONDEO,2,E01014643,0,1
2024141536027,2024,141536027,2,9,0,-1,19,1,1,-1,0,1,0,0,0,0,1,1,-1,9,1,34,6,1998,2,19,FORD MONDEO,4,E01007757,0,1
2024440080685,2024,440080685,1,9,0,18,19,4,8,0,0,1,1,0,7,4,3,1,6,6,1,29,6,1798,1,20,FORD MONDEO,3,E01022840,0,1
2024531502615,2024,531502615,2,9,0,-1,2,1,5,-1,0,0,0,0,0,0,4,1,-1,6,1,43,7,1995,2,5,FORD MONDEO,3,E01022294,0,1
2024471517523,2024,471517523,2,9,0,-1,9,1,6,-1,0,6,0,0,0,0,1,1,-1,6,1,28,6,1997,2,8,FORD MONDEO,5,E01016974,0,2
2024141528051,2024,141528051,3,9,0,-1,2,0,0,-1,0,0,0,0,0,0,1,1,-1,6,-1,-1,-1,1997,2,7,FORD MONDEO,-1,-1,0,-1
2024430577449,2024,430577449,1,9,0,9,9,3,1,0,0,6,0,0,0,0,3,1,6,6,2,51,8,1560,2,10,FORD MONDEO,8,E01016190,0,2
2024201408057,2024,201408057,2,9,0,-1,9,5,3,-1,0,5,0,0,0,0,4,9,-1,9,1,80,11,1999,1,13,FORD MONDEO,7,E01010345,0,4
2024221496202,2024,221496202,2,9,0,-1,13,5,1,-1,0,0,0,0,0,0,4,9,-1,9,1,60,9,1997,2,14,FORD MONDEO,2,E01032453,0,3
2024361479589,2024,361479589,2,9,0,-1,19,5,7,-1,0,8,0,0,0,0,1,1,-1,9,1,40,7,1997,2,12,FORD MONDEO,1,E01026867,0,1
2024421496807,2024,421496807,3,9,0,-1,19,2,6,-1,0,0,0,0,0,0,0,1,-1,1,1,30,6,1995,2,3,FORD MONDEO,7,E01021544,0,4
2024201407071,2024,201407071,1,9,0,-1,1,2,6,-1,9,0,0,0,0,0,2,9,-1,9,2,88,11,1976,1,14,FORD MONDEO,5,E01009939,0,1
2024131519109,2024,131519109,2,9,0,-1,19,7,3,-1,0,8,0,0,0,0,4,1,-1,6,1,32,6,1997,2,14,FORD MONDEO,3,E01011920,0,2
2024070594401,2024,070594401,1,9,0,18,19,6,2,0,0,1,0,0,0,0,1,1,6,6,1,-1,-1,1999,1,16,FORD MONDEO,-1,-1,0,-1
2024231506478,2024,231506478,1,9,0,-1,4,4,8,-1,0,0,0,0,0,0,2,1,-1,9,1,78,11,1998,2,17,FORD MONDEO,8,E01029458,0,4
2024031416655,2024,031416655,1,9,0,-1,19,5,3,-1,0,0,2,0,1,0,1,1,-1,7,1,45,7,1999,1,18,FORD MONDEO,-1,-1,0,-1
2024501414192,2024,501414192,1,9,0,-1,1,0,5,-1,0,0,0,11,0,0,2,9,-1,1,1,63,9,1997,2,9,FORD MONDEO,7,E01033294,0,1
2024351510755,2024,351510755,2,9,0,-1,19,7,3,-1,0,0,0,1,0,0,1,1,-1,6,1,64,9,1997,2,9,FORD MONDEO,9,E01018133,0,4
2024141487382,2024,141487382,3,9,0,-1,5,8,4,-1,0,1,0,0,0,0,3,1,-1,6,1,60,9,1997,2,11,FORD MONDEO,5,E01007518,0,2
2024451433664,2024,451433664,2,9,0,-1,19,8,4,-1,0,1,0,0,0,0,1,1,-1,9,1,53,8,1997,2,16,FORD MONDEO,9,E01030602,0,3
2024010519115,2024,010519115,2,9,0,99,99,9,9,99,99,9,9,99,9,99,1,9,6,6,3,-1,-1,1976,1,14,FORD MONDEO,6,E01001040,0,1
2024052401739,2024,052401739,1,8,0,6,6,1,1,0,0,1,0,0,0,0,1,1,1,1,1,54,8,1997,2,8,FORD MONDEO,5,E01006942,0,1
2024332400815,2024,332400815,1,9,0,-1,19,4,8,-1,0,0,1,0,1,10,1,1,-1,9,2,63,9,1798,1,19,FORD MONDEO,7,E01025952,0,1
2024101478849,2024,101478849,1,9,0,-1,19,1,5,-1,0,0,0,0,0,0,1,1,-1,1,1,25,5,1999,8,6,FORD MONDEO,9,E01020817,0,4
2024010526535,2024,010526535,2,9,0,18,19,7,3,0,0,0,0,0,0,0,0,1,1,1,1,36,7,1999,8,2,FORD MONDEO,-1,-1,0,-1
2024440512820,2024,440512820,3,9,0,2,2,0,0,0,0,1,0,0,0,0,3,1,6,6,1,63,9,2198,2,17,FORD MONDEO,-1,-1,0,-1
2024461456550,2024,461456550,2,9,0,-1,10,7,3,-1,0,0,0,0,0,0,2,9,-1,9,1,28,6,1997,2,13,FORD MONDEO,4,E01016116,0,1
2024010498436,2024,010498436,1,9,0,4,4,5,1,0,0,0,0,0,0,0,3,1,6,6,1,23,5,1498,1,8,FORD MONDEO,-1,-1,0,-1
2024010521076,2024,010521076,2,9,0,6,6,3,3,0,0,1,0,0,0,0,0,1,1,1,1,26,6,1498,1,6,FORD MONDEO,-1,-1,0,-1