collision_index,collision_year,collision_ref_no,vehicle_reference,vehicle_type,towing_and_articulation,vehicle_manoeuvre_historic,vehicle_manoeuvre,vehicle_direction_from,vehicle_direction_to,vehicle_location_restricted_lane_historic,vehicle_location_restricted_lane,junction_location,skidding_and_overturning,hit_object_in_carriageway,vehicle_leaving_carriageway,hit_object_off_carriageway,first_point_of_impact,vehicle_left_hand_drive,journey_purpose_of_driver_historic,journey_purpose_of_driver,sex_of_driver,age_of_driver,age_band_of_driver,engine_capacity_cc,propulsion_code,age_of_vehicle,generic_make_model,driver_imd_decile,lsoa_of_driver,escooter_flag,driver_distance_banding
2024041529515,2024,041529515,2,9,0,-1,7,8,4,-1,0,1,0,0,0,0,1,1,-1,2,1,31,6,1596,1,13,FORD MONDEO,1,E01034336,0,1
2024010495235,2024,010495235,1,9,0,9,9,1,7,0,0,5,0,0,0,0,4,1,2,2,1,58,9,1997,2,15,FORD MONDEO,6,E01035706,0,1
2024522403157,2024,522403157,1,9,0,18,19,4,8,0,0,8,0,0,0,0,3,1,6,6,1,57,9,1997,2,14,FORD MONDEO,7,E01014598,0,2
2024461512940,2024,461512940,4,9,0,-1,3,1,5,-1,0,0,0,0,0,0,2,2,-1,6,2,41,7,1753,2,13,FORD MONDEO,5,E01016158,0,1
2024351518689,2024,351518689,2,9,0,-1,9,5,4,-1,0,2,0,0,0,0,3,1,-1,6,1,64,9,1753,2,16,FORD MONDEO,4,E01015622,0,1
2024371470803,2024,371470803,2,9,0,-1,4,1,5,-1,0,0,0,0,0,0,2,1,-1,6,1,54,8,1997,2,12,FORD MONDEO,10,E01030292,0,1
2024361495520,2024,361495520,2,9,0,-1,4,1,5,-1,0,1,1,0,0,0,2,1,-1,6,1,72,10,1997,2,13,FORD MONDEO,3,E01026621,0,1
2024161462364,2024,161462364,3,9,0,-1,4,1,5,-1,0,1,0,0,0,0,0,1,-1,9,1,41,7,1997,2,9,FORD MONDEO,8,E01026671,0,5
2024520401951,2024,520401951,1,9,0,18,19,1,5,0,0,8,0,0,0,0,1,1,6,6,1,68,10,1997,2,8,FORD MONDEO,-1,-1,0,-1
2024052402226,2024,052402226,1,9,0,9,9,6,4,0,0,6,0,0,0,0,1,1,1,1,1,-1,-1,1499,2,7,FORD MONDEO,1,E01007008,0,2
2024540165424,2024,540165424,3,9,0,3,3,5,1,0,0,0,0,0,0,0,2,1,6,6,1,63,9,1499,2,6,FORD MONDEO,8,E01031843,0,3
2024411518673,2024,411518673,1,9,0,-1,19,5,1,-1,0,1,0,0,0,0,4,1,-1,6,1,26,6,-1,3,9,FORD MONDEO,9,E01023837,0,3
2024101491320,2024,101491320,2,9,0,-1,3,5,1,-1,0,1,0,0,0,0,2,9,-1,2,2,42,7,1997,2,12,FORD MONDEO,3,E01008636,0,2
2024549826924,2024,549826924,1,9,0,18,19,2,6,0,0,0,0,0,0,0,1,1,6,6,1,-1,-1,1999,1,16,FORD MONDEO,-1,-1,0,-1
2024070213940,2024,070213940,2,9,0,16,19,7,3,0,0,8,0,0,0,0,2,1,6,6,1,53,8,1753,2,14,FORD MONDEO,3,E01018715,0,2
2024010515608,2024,010515608,1,9,0,9,9,3,1,0,0,8,0,0,0,0,4,1,3,7,1,32,6,1999,1,14,FORD MONDEO,2,E01003191,0,1
2024211479391,2024,211479391,1,9,0,-1,3,2,5,-1,0,0,0,0,0,0,2,1,-1,6,1,54,8,1997,2,12,FORD MONDEO,3,E01029408,0,1
2024101483753,2024,101483753,1,9,0,-1,19,2,6,-1,0,0,0,0,0,0,1,1,-1,9,1,66,10,1753,2,14,FORD MONDEO,10,E01008422,0,1
2024451510070,2024,451510070,1,9,0,-1,19,8,6,-1,0,0,0,0,0,0,4,1,-1,9,2,82,11,2198,2,19,FORD MONDEO,7,E01030850,0,1
2024131525965,2024,131525965,2,9,0,-1,4,7,3,-1,0,0,0,0,0,0,4,1,-1,6,1,30,6,2179,2,13,FORD MONDEO,1,E01011366,0,1
2024340WN1342,2024,340WN1342,2,9,0,-1,19,4,8,-1,0,2,0,10,0,0,3,1,-1,9,1,25,5,1997,2,17,FORD MONDEO,2,E01027151,0,1
2024991471758,2024,991471758,1,9,0,-1,9,8,7,-1,0,6,0,0,0,0,1,1,-1,9,1,79,11,1995,2,4,FORD MONDEO,-1,-1,0,-1
2024471463285,2024,471463285,2,9,0,-1,15,6,2,-1,0,1,0,4,0,0,3,1,-1,9,1,50,8,1999,1,16,FORD MONDEO,2,E01031783,0,1
2024991483435,2024,991483435,2,9,0,-1,19,5,1,-1,0,0,0,0,0,0,1,1,-1,6,1,65,9,1560,2,9,FORD MONDEO,4,-1,0,3
2024010542859,2024,010542859,1,9,0,99,99,9,9,99,99,9,9,99,9,99,2,9,2,2,1,47,8,-1,3,8,FORD MONDEO,9,E01001532,0,3
2024461407212,2024,461407212,2,9,0,-1,4,8,2,-1,0,0,0,0,0,0,2,1,-1,9,1,68,10,1596,1,17,FORD MONDEO,6,E01024234,0,4
2024552401406,2024,552401406,2,9,0,7,7,2,5,0,0,5,0,0,0,0,2,1,6,6,1,32,6,1560,2,10,FORD MONDEO,6,E01016890,0,5
2024522402914,2024,522402914,1,9,0,7,7,4,6,0,0,8,0,0,0,0,2,1,6,6,1,42,7,1997,2,10,FORD MONDEO,6,E01014813,0,1
2024010531563,2024,010531563,1,9,0,18,19,7,3,0,0,2,0,4,0,0,1,1,6,6,1,80,11,1999,1,18,FORD MONDEO,8,E01000413,0,1
2024041421488,2024,041421488,1,9,0,-1,19,7,3,-1,0,0,0,0,0,0,1,1,-1,9,1,67,10,1997,2,6,FORD MONDEO,8,E01027558,0,2
2024501529498,2024,501529498,1,9,0,-1,19,6,2,-1,0,0,0,0,1,11,1,1,-1,6,3,-1,-1,1997,2,9,FORD MONDEO,-1,-1,0,-1
2024471400948,2024,471400948,3,9,0,-1,3,5,1,-1,0,1,0,0,0,0,0,1,-1,9,1,77,11,1997,2,8,FORD MONDEO,8,E01014705,0,5
2024440224936,2024,440224936,1,9,0,18,19,1,5,0,0,0,0,0,0,0,1,1,6,6,1,49,8,1498,1,6,FORD MONDEO,8,E01022622,0,3
2024041530416,2024,041530416,1,9,0,-1,19,3,5,-1,9,0,0,0,1,11,1,1,-1,6,1,48,8,1798,1,18,FORD MONDEO,4,E01012700,0,1
2024141497774,2024,141497774,1,9,0,-1,19,1,5,-1,0,1,0,0,7,1,1,1,-1,2,1,36,7,1997,2,16,FORD MONDEO,-1,-1,0,-1
2024311420622,2024,311420622,2,9,0,-1,3,6,2,-1,0,1,0,0,0,0,2,1,-1,2,1,35,6,1560,2,12,FORD MONDEO,-1,-1,0,-1
2024421450971,2024,421450971,1,9,0,-1,19,7,3,-1,0,8,0,10,8,0,4,1,-1,9,1,59,9,1753,2,15,FORD MONDEO,7,E01021882,0,2
2024451418176,2024,451418176,2,9,0,-1,19,7,3,-1,0,0,0,0,0,0,2,1,-1,9,1,43,7,1997,2,15,FORD MONDEO,2,E01022934,0,4
2024041448116,2024,041448116,2,9,0,-1,19,2,1,-1,0,1,0,0,1,0,3,1,-1,6,2,31,6,1997,2,8,FORD MONDEO,4,E01004961,0,2
2024201441123,2024,201441123,1,9,0,-1,19,3,7,-1,0,8,0,0,0,0,1,9,-1,9,1,67,10,1997,2,15,FORD MONDEO,3,E01010422,0,1
2024041414847,2024,041414847,3,9,0,-1,19,5,1,-1,0,0,0,0,0,0,0,1,-1,1,1,51,8,2179,2,15,FORD MONDEO,1,E01025579,0,2
202417H107024,2024,17H107024,1,9,0,-1,19,2,6,-1,0,0,0,0,1,9,4,1,-1,9,1,21,5,1997,2,12,FORD MONDEO,1,E01011953,0,1
2024131428262,2024,131428262,1,9,0,-1,19,3,7,-1,0,0,0,0,0,0,1,1,-1,6,3,-1,-1,1997,2,11,FORD MONDEO,-1,-1,0,-1
2024461529431,2024,461529431,2,9,0,-1,2,4,3,-1,0,0,0,0,0,0,3,1,-1,9,1,62,9,1997,2,17,FORD MONDEO,1,E01024658,0,1
2024411559728,2024,411559728,2,9,0,-1,-1,-1,-1,-1,-1,0,-1,-1,-1,0,-1,1,-1,6,1,64,9,1999,8,3,FORD MONDEO,6,E01023761,0,4
2024101489867,2024,101489867,2,9,0,-1,19,5,1,-1,0,1,0,0,0,0,3,1,-1,7,2,29,6,1997,2,7,FORD MONDEO,-1,-1,0,-1
2024052401512,2024,052401512,2,8,0,18,19,7,3,0,0,8,0,0,7,11,1,1,1,1,1,59,9,1499,2,7,FORD MONDEO,6,E01007246,0,1
2024461514948,2024,461514948,2,9,0,-1,19,4,8,-1,0,8,0,0,0,0,3,1,-1,2,1,27,6,1997,2,5,FORD MONDEO,1,E01024612,0,1
2024451431755,2024,451431755,1,9,0,-1,9,1,5,-1,0,0,0,0,0,0,1,1,-1,6,3,-1,-1,1997,2,15,FORD MONDEO,-1,-1,0,-1
2024552401020,2024,552401020,1,9,0,18,19,7,3,0,0,0,2,0,2,11,4,1,6,6,1,20,4,1997,2,12,FORD MONDEO,5,E01020562,0,3
2024010527277,2024,010527277,2,9,0,99,99,9,9,99,99,9,9,99,9,99,1,9,6,6,1,42,7,1999,1,17,FORD MONDEO,3,E01003302,0,1
2024361407764,2024,361407764,2,9,0,-1,4,7,3,-1,0,0,0,0,0,0,2,1,-1,6,1,45,7,2198,2,17,FORD MONDEO,6,E01026424,0,3
2024631486865,2024,631486865,2,9,0,-1,3,4,7,-1,0,0,0,0,0,0,2,1,-1,6,1,38,7,1997,2,10,FORD MONDEO,3,W01000703,0,4
2024052400182,2024,052400182,1,8,0,6,6,1,1,0,0,0,0,0,0,0,1,1,1,1,1,50,8,1560,2,10,FORD MONDEO,7,E01007084,0,1
2024101394514,2024,101394514,2,9,0,-1,9,3,7,-1,0,1,0,0,0,0,1,1,-1,6,1,57,9,1997,2,10,FORD MONDEO,-1,-1,0,-1
2024161514089,2024,161514089,1,9,0,-1,19,8,4,-1,0,0,0,0,0,0,1,1,-1,9,1,76,11,1997,2,7,FORD MONDEO,8,E01012791,0,1
2024351463558,2024,351463558,1,9,0,-1,4,4,8,-1,0,1,0,0,0,0,1,1,-1,1,1,39,7,1997,2,9,FORD MONDEO,2,E01018143,0,1
2024542753424,2024,542753424,1,9,0,9,9,7,2,0,0,4,0,0,0,0,1,1,1,1,1,37,7,1997,2,10,FORD MONDEO,7,E01015550,0,1
2024141406637,2024,141406637,1,9,0,-1,11,2,6,-1,0,3,0,0,0,0,1,1,-1,2,1,60,9,1997,2,14,FORD MONDEO,5,E01007330,0,2
2024440522671,2024,440522671,1,9,0,1,1,4,7,0,0,0,0,0,0,0,0,1,6,6,1,42,7,1998,2,22,FORD MONDEO,3,E01017337,0,3
2024471417663,2024,471417663,2,9,0,-1,19,1,5,-1,0,1,0,0,0,0,1,1,-1,2,1,77,11,1999,1,19,FORD MONDEO,7,E01031539,0,2
2024351473892,2024,351473892,2,9,0,-1,19,1,6,-1,0,8,0,0,0,0,4,1,-1,1,1,69,10,1997,2,9,FORD MONDEO,3,E01017971,0,4
2024010548742,2024,010548742,1,9,0,4,4,3,7,0,0,2,0,0,0,0,2,1,2,2,1,38,7,1997,2,8,FORD MONDEO,2,E01002074,0,1
2024231492845,2024,231492845,2,9,0,-1,2,0,0,-1,0,0,0,0,1,7,2,1,-1,6,1,80,11,1999,1,16,FORD MONDEO,8,E01031210,0,3
2024430367638,2024,430367638,2,9,0,3,3,5,7,0,0,2,0,0,0,0,3,1,6,6,1,22,5,2967,1,20,FORD MONDEO,9,E01028778,0,4
2024351401587,2024,351401587,2,9,-1,-1,3,7,3,-1,0,0,0,0,0,0,3,1,-1,9,1,47,8,2179,2,15,FORD MONDEO,2,E01035539,0,1
2024131506494,2024,131506494,1,9,0,-1,-1,-1,-1,-1,-1,0,-1,-1,-1,-1,-1,1,-1,2,1,39,7,1998,2,18,FORD MONDEO,1,E01011750,0,1
2024201466380,2024,201466380,2,9,0,-1,5,2,6,-1,0,8,0,0,0,0,4,9,-1,9,1,41,7,1499,2,9,FORD MONDEO,1,E01009718,0,1
2024010498215,2024,010498215,2,9,0,99,99,9,9,99,99,9,9,99,9,99,9,9,6,6,3,-1,-1,1999,8,8,FORD MONDEO,-1,-1,0,-1
2024320496041,2024,320496041,1,9,0,-1,-1,4,8,0,0,8,0,0,0,0,1,1,6,6,1,45,7,1995,2,5,FORD MONDEO,10,E01026294,0,1
2024340WN5542,2024,340WN5542,5,9,0,-1,19,7,3,-1,0,0,0,0,0,0,0,1,-1,1,1,42,7,1997,2,6,FORD MONDEO,7,E01027162,0,2
2024622400100,2024,622400100,2,9,0,18,19,8,4,0,0,0,0,0,0,0,1,1,6,6,1,23,5,2198,2,18,FORD MONDEO,6,W01000803,0,1
2024231502129,2024,231502129,1,9,0,-1,9,2,4,-1,0,6,0,0,2,4,4,1,-1,6,1,85,11,1997,2,13,FORD MONDEO,7,E01031140,0,2
2024440049877,2024,440049877,1,9,0,14,14,4,8,0,0,1,0,0,0,0,1,1,6,6,3,-1,-1,2261,1,15,FORD MONDEO,-1,-1,0,-1
2024131399230,2024,131399230,2,9,0,-1,19,3,7,-1,0,0,0,0,0,0,0,1,-1,1,1,39,7,1997,2,7,FORD MONDEO,6,E01011885,0,2
2024631475261,2024,631475261,1,9,0,-1,12,5,1,-1,0,0,0,0,0,0,3,1,-1,9,2,45,7,1997,2,15,FORD MONDEO,6,E01027947,0,5
2024221451839,2024,221451839,2,9,0,-1,19,3,7,-1,0,0,0,0,0,0,1,9,-1,6,1,45,7,1997,2,8,FORD MONDEO,10,E01014182,0,1
2024052400991,2024,052400991,2,8,0,1,1,8,4,0,0,1,0,0,0,0,4,1,1,1,1,54,8,1997,2,10,FORD MONDEO,1,E01006585,0,1
2024451442429,2024,451442429,1,9,0,-1,19,3,1,-1,0,0,0,0,0,0,1,9,-1,6,1,69,10,1997,2,17,FORD MONDEO,9,E01030947,0,3
2024351538870,2024,351538870,2,9,0,-1,5,2,5,-1,0,0,0,0,0,0,4,1,-1,9,1,64,9,1997,2,12,FORD MONDEO,6,E01035546,0,1
2024552401221,2024,552401221,2,9,0,18,19,1,5,0,0,0,0,0,0,0,3,1,6,6,1,63,9,1997,2,12,FORD MONDEO,5,E01020530,0,1
2024371530457,2024,371530457,2,9,0,-1,9,-1,-1,-1,0,8,0,0,0,0,3,1,-1,2,1,50,8,1997,2,15,FORD MONDEO,4,E01026468,0,3
2024340NN0072,2024,340NN0072,1,9,0,-1,5,8,4,-1,0,6,0,0,0,0,1,1,-1,6,1,32,6,1997,2,16,FORD MONDEO,6,E01027073,0,1
2024201436721,2024,201436721,3,9,0,-1,19,1,5,-1,0,0,0,0,0,0,2,1,-1,1,1,42,7,1997,2,12,FORD MONDEO,1,E01010291,0,2
2024411403975,2024,411403975,2,9,0,-1,19,1,5,-1,0,0,1,0,0,0,1,1,-1,2,2,63,9,1560,2,12,FORD MONDEO,6,E01023663,0,3
2024311496541,2024,311496541,2,9,-1,-1,3,5,1,-1,0,0,0,0,0,0,2,9,-1,2,2,24,5,1753,2,15,FORD MONDEO,8,E01028116,0,2
2024311405135,2024,311405135,1,8,0,-1,19,1,5,-1,0,1,0,0,0,0,1,1,-1,1,1,35,6,1997,2,11,FORD MONDEO,1,E01028276,0,3
2024471456457,2024,471456457,1,9,0,-1,19,7,3,-1,0,0,0,0,0,0,1,1,-1,9,2,41,7,2198,2,17,FORD MONDEO,3,E01016881,0,4
2024340NN3442,2024,340NN3442,1,8,0,-1,19,8,4,-1,0,0,0,0,0,0,4,1,-1,1,1,59,9,1997,2,10,FORD MONDEO,3,E01027038,0,2
2024201436309,2024,201436309,1,9,0,-1,9,1,7,-1,0,6,0,0,0,0,1,1,-1,6,1,25,5,1753,2,15,FORD MONDEO,5,E01010418,0,3
2024211516963,2024,211516963,3,9,0,-1,2,4,3,-1,0,0,0,0,0,0,2,1,-1,6,1,30,6,1997,2,10,FORD MONDEO,1,E01029427,0,1
2024501457304,2024,501457304,2,9,0,-1,19,3,7,-1,0,1,0,0,0,0,1,1,-1,6,1,31,6,1997,2,16,FORD MONDEO,5,E01015070,0,1
2024461402752,2024,461402752,3,9,0,-1,19,4,8,-1,0,1,0,0,0,0,0,9,-1,8,1,35,6,1995,2,4,FORD MONDEO,-1,-1,0,-1
2024061452679,2024,061452679,1,9,0,-1,2,8,8,-1,0,0,0,0,0,0,2,9,-1,6,1,29,6,1997,2,15,FORD MONDEO,7,E01012554,0,3
2024991535147,2024,991535147,1,9,0,-1,5,3,7,-1,0,0,1,0,0,0,2,1,-1,6,3,41,7,1997,2,11,FORD MONDEO,-1,-1,0,-1
2024201460852,2024,201460852,1,9,0,-1,19,6,2,-1,0,1,1,0,0,0,1,1,-1,6,3,30,6,1999,1,19,FORD MONDEO,-1,-1,0,-1
2024070540057,2024,070540057,2,9,0,10,10,7,3,0,0,1,0,0,0,0,1,1,6,6,1,20,4,1997,2,10,FORD MONDEO,10,E01018385,0,2
2024041506867,2024,041506867,1,9,0,-1,19,5,1,-1,0,4,0,0,0,0,1,1,-1,9,1,35,6,1997,2,16,FORD MONDEO,2,E01025075,0,1
2024461432662,2024,461432662,2,9,0,-1,19,4,8,-1,0,8,0,0,0,0,4,9,-1,9,1,55,8,1997,2,14,FORD MONDEO,5,E01021097,0,4
2024430082455,2024,430082455,2,9,0,6,6,2,2,0,0,0,0,0,0,0,3,1,2,2,1,59,9,1997,2,14,FORD MONDEO,9,E01028459,0,1
2024141525080,2024,141525080,1,9,0,-1,19,1,7,-1,0,4,0,0,0,0,1,1,-1,2,1,48,8,1999,1,13,FORD MONDEO,5,E01007366,0,2
2024141517084,2024,141517084,2,9,0,-1,2,0,0,-1,0,0,0,0,0,0,4,1,-1,6,-1,-1,-1,1997,2,16,FORD MONDEO,-1,-1,0,-1
2024201440236,2024,201440236,1,9,0,-1,19,8,4,-1,0,8,0,0,0,0,1,1,-1,6,3,-1,-1,1997,2,13,FORD MONDEO,-1,-1,0,-1
2024161394484,2024,161394484,2,9,0,-1,19,5,1,-1,0,0,0,0,1,0,1,1,-1,9,2,42,7,1997,2,15,FORD MONDEO,9,E01034760,0,3
2024371529818,2024,371529818,1,9,0,-1,5,4,2,-1,0,2,0,0,0,0,1,1,-1,2,1,54,8,2179,2,10,FORD MONDEO,7,E01030207,0,1
2024141471753,2024,141471753,2,9,0,-1,19,3,7,-1,0,0,0,0,0,0,1,1,-1,9,1,72,10,1997,2,9,FORD MONDEO,3,E01007374,0,1
2024320530139,2024,320530139,1,9,0,9,9,2,8,0,0,2,0,0,0,0,1,1,-1,-1,1,84,11,1997,2,8,FORD MONDEO,2,E01026113,0,3
2024440147453,2024,440147453,1,9,0,18,19,2,6,0,0,0,0,0,0,0,1,1,2,2,2,38,7,1997,2,7,FORD MONDEO,6,E01023179,0,1
2024010539818,2024,010539818,2,9,0,99,99,9,9,99,99,9,9,99,9,99,1,9,6,6,1,46,8,1798,1,18,FORD MONDEO,7,E01035027,0,5
2024371516819,2024,371516819,2,9,0,-1,19,3,7,-1,0,1,0,0,0,0,1,1,-1,6,2,34,6,1997,2,11,FORD MONDEO,6,E01030090,0,4
2024531509904,2024,531509904,2,9,0,-1,12,3,7,-1,0,7,0,0,0,0,4,1,-1,9,2,38,7,1560,2,12,FORD MONDEO,7,E01022252,0,4
2024131412417,2024,131412417,1,9,0,-1,-1,-1,-1,-1,-1,-1,-1,-1,-1,-1,1,1,-1,6,3,-1,-1,1998,2,23,FORD MONDEO,-1,-1,0,-1
2024071066249,2024,071066249,2,9,0,-1,19,5,5,-1,0,1,0,0,0,0,3,1,-1,2,1,55,8,1997,2,9,FORD MONDEO,4,E01007212,0,3
2024221413018,2024,221413018,2,8,0,-1,9,1,7,-1,0,6,0,0,0,0,3,1,-1,1,2,26,6,1997,2,10,FORD MONDEO,2,E01032303,0,1
2024010504399,2024,010504399,1,9,0,18,19,1,5,0,0,0,0,0,0,0,0,1,1,1,1,36,7,1999,8,2,FORD MONDEO,3,E01001830,0,1
2024332400759,2024,332400759,3,9,0,-1,3,1,5,-1,0,0,0,0,0,0,2,1,-1,9,1,-1,-1,1997,2,15,FORD MONDEO,7,E01012581,0,5
2024141420761,2024,141420761,2,9,0,-1,19,6,2,-1,0,0,0,0,0,0,1,1,-1,9,1,49,8,1753,2,16,FORD MONDEO,8,E01034242,0,2
2024991521646,2024,991521646,1,9,0,-1,9,1,7,-1,0,2,0,0,0,0,3,1,-1,9,1,73,10,1997,2,14,FORD MONDEO,1,-1,0,1
2024471407851,2024,471407851,1,9,0,-1,1,4,8,-1,0,2,0,0,0,0,2,1,-1,6,1,32,6,1999,1,19,FORD MONDEO,2,E01020922,0,1
2024622500002,2024,622500002,3,9,0,2,2,0,0,0,0,0,0,0,0,0,1,1,6,6,3,-1,-1,1560,2,8,FORD MONDEO,-1,-1,0,-1
2024471397408,2024,471397408,1,9,0,-1,19,8,4,-1,0,0,0,0,0,0,0,9,-1,6,3,-1,-1,1997,2,14,FORD MONDEO,-1,-1,0,-1
2024131458082,2024,131458082,2,9,0,-1,19,6,2,-1,0,2,0,0,3,0,2,1,-1,1,2,35,6,1560,2,12,FORD MONDEO,2,E01011918,0,1
2024421485780,2024,421485780,1,9,0,-1,19,7,3,-1,0,0,0,0,0,0,1,1,-1,9,1,39,7,1999,1,15,FORD MONDEO,10,E01023502,0,4
2024522401519,2024,522401519,1,9,0,1,1,8,4,0,0,2,0,0,0,0,2,1,6,6,1,57,9,2179,2,13,FORD MONDEO,5,E01014915,0,1
2024531464006,2024,531464006,1,9,0,-1,4,7,3,-1,0,0,0,0,0,0,1,1,-1,6,2,37,7,1997,2,16,FORD MONDEO,10,E01022439,0,3
2024340NN4172,2024,340NN4172,1,9,0,-1,19,1,5,-1,0,0,1,0,0,0,1,1,-1,6,1,41,7,2179,2,14,FORD MONDEO,9,E01027167,0,4
2024302401489,2024,302401489,1,9,0,7,7,5,6,0,0,8,0,0,0,0,1,1,6,6,3,-1,-1,1997,2,16,FORD MONDEO,5,E01019456,0,3
2024161421770,2024,161421770,1,9,0,-1,19,5,1,-1,0,1,0,0,0,0,4,1,-1,9,1,22,5,1998,2,18,FORD MONDEO,4,E01027376,0,5
2024141531463,2024,141531463,1,9,0,-1,19,1,5,-1,0,2,0,0,0,0,1,1,-1,6,1,56,9,1997,2,8,FORD MONDEO,8,E01007888,0,1
2024471486143,2024,471486143,2,9,0,-1,19,8,4,-1,0,0,0,0,0,0,-1,9,-1,6,3,-1,-1,1997,2,15,FORD MONDEO,-1,-1,0,-1
2024302401294,2024,302401294,1,9,0,18,19,5,1,0,0,0,0,0,0,0,2,1,6,6,1,41,7,1560,2,9,FORD MONDEO,3,E01013471,0,4
2024111455231,2024,111455231,2,8,0,-1,10,8,6,-1,0,1,0,0,0,0,2,1,-1,1,1,60,9,1560,2,10,FORD MONDEO,4,E01034489,0,4
2024122401083,2024,122401083,2,9,0,9,9,1,7,0,0,2,0,0,0,0,1,1,1,1,1,30,6,1997,2,6,FORD MONDEO,6,E01027790,0,4
2024461473513,2024,461473513,1,9,0,-1,19,6,4,-1,0,1,0,0,3,1,1,1,-1,9,1,20,4,1999,1,13,FORD MONDEO,4,E01024387,0,1
2024201573067,2024,201573067,1,9,0,-1,6,8,4,-1,0,0,0,0,0,0,1,9,-1,1,1,39,7,1997,2,7,FORD MONDEO,3,E01010327,0,2
2024122400088,2024,122400088,2,8,0,18,19,5,1,0,0,2,0,0,0,0,1,1,1,1,1,63,9,1499,2,7,FORD MONDEO,4,E01027866,0,1
2024122400980,2024,122400980,1,9,0,5,5,8,6,0,0,6,0,0,0,0,1,1,6,6,2,63,9,1995,2,4,FORD MONDEO,3,E01013385,0,1
2024031442256,2024,031442256,1,9,0,-1,19,5,1,-1,0,8,0,0,0,0,1,9,-1,9,1,43,7,1997,2,10,FORD MONDEO,5,E01019090,0,1
2024041459229,2024,041459229,2,9,0,-1,4,3,7,-1,0,0,0,0,0,0,2,1,-1,9,1,39,7,1997,2,6,FORD MONDEO,10,E01025016,0,4
2024991503240,2024,991503240,1,8,0,-1,19,7,3,-1,0,1,0,0,0,0,3,1,-1,1,1,59,9,1997,2,6,FORD MONDEO,4,-1,0,1
2024351410613,2024,351410613,2,9,0,-1,4,4,8,-1,0,0,0,0,0,0,2,1,-1,6,1,63,9,1997,2,13,FORD MONDEO,5,E01018096,0,1
2024031420463,2024,031420463,1,9,0,-1,19,7,3,-1,0,0,1,0,4,0,3,1,-1,9,1,47,8,1997,2,8,FORD MONDEO,-1,-1,0,-1
2024332400144,2024,332400144,2,9,0,-1,19,5,1,-1,0,6,0,0,0,0,1,1,-1,9,1,64,9,1560,2,11,FORD MONDEO,5,E01011586,0,5
2024211489378,2024,211489378,2,9,0,-1,3,4,8,-1,0,4,0,0,0,0,1,1,-1,1,2,46,8,1995,2,3,FORD MONDEO,8,E01019839,0,4
2024122500444,2024,122500444,1,9,0,9,9,5,3,0,0,8,0,0,0,0,3,1,2,2,1,45,7,1999,1,13,FORD MONDEO,8,E01013055,0,3
2024461491018,2024,461491018,3,9,0,-1,19,1,5,-1,0,0,1,0,0,0,1,1,-1,6,1,45,7,1997,2,16,FORD MONDEO,4,E01024702,0,3
2024161486132,2024,161486132,2,9,0,-1,19,3,5,-1,0,1,0,0,0,0,1,1,-1,6,1,69,10,1997,2,15,FORD MONDEO,-1,-1,0,-1
2024320356252,2024,320356252,2,9,0,-1,-1,6,2,0,0,0,0,0,1,0,3,1,-1,-1,1,31,6,2261,1,16,FORD MONDEO,4,E01026081,0,3
2024522402348,2024,522402348,2,9,0,9,9,1,7,5,5,5,0,0,0,0,1,1,6,6,1,52,8,1997,2,9,FORD MONDEO,1,E01014597,0,1
2024361475583,2024,361475583,2,9,0,-1,2,0,0,-1,-1,0,0,0,1,0,2,1,-1,6,-1,-1,-1,1997,2,13,FORD MONDEO,-1,-1,0,-1
2024401454329,2024,401454329,1,9,0,-1,5,1,3,-1,0,8,0,0,0,0,1,9,-1,6,1,80,11,1997,2,15,FORD MONDEO,10,E01017483,0,1
2024031505942,2024,031505942,2,8,0,-1,19,5,1,-1,0,1,0,0,0,0,1,1,-1,1,2,36,7,1997,2,15,FORD MONDEO,2,E01019173,0,1
2024161450984,2024,161450984,2,9,0,-1,19,7,1,-1,0,2,0,0,0,0,4,2,-1,9,1,67,10,1997,2,16,FORD MONDEO,6,E01012982,0,1
2024991425196,2024,991425196,1,9,0,-1,19,7,3,-1,0,0,1,0,0,0,1,1,-1,2,1,23,5,1997,2,17,FORD MONDEO,5,-1,0,4
2024201510454,2024,201510454,2,9,0,-1,19,6,2,-1,0,0,0,0,0,0,4,1,-1,9,1,37,7,1798,1,18,FORD MONDEO,8,E01009456,0,1
2024302401046,2024,302401046,1,9,0,17,19,3,8,0,0,0,0,0,7,9,1,1,6,6,2,51,8,1999,8,5,FORD MONDEO,3,E01033388,0,3
2024547891324,2024,547891324,3,9,0,18,19,2,6,0,0,1,0,0,0,0,1,1,6,6,1,42,7,1997,2,9,FORD MONDEO,9,E01031946,0,1
2024122500169,2024,122500169,1,8,0,18,19,7,3,0,0,4,0,0,0,0,0,1,1,1,1,29,6,1997,2,7,FORD MONDEO,2,E01027812,0,1
2024010499549,2024,010499549,1,9,0,99,99,9,9,0,0,0,9,99,9,99,2,9,6,6,2,61,9,1997,2,14,FORD MONDEO,8,E01023312,0,1