collision_index,collision_year,collision_ref_no,vehicle_reference,vehicle_type,towing_and_articulation,vehicle_manoeuvre_historic,vehicle_manoeuvre,vehicle_direction_from,vehicle_direction_to,vehicle_location_restricted_lane_historic,vehicle_location_restricted_lane,junction_location,skidding_and_overturning,hit_object_in_carriageway,vehicle_leaving_carriageway,hit_object_off_carriageway,first_point_of_impact,vehicle_left_hand_drive,journey_purpose_of_driver_historic,journey_purpose_of_driver,sex_of_driver,age_of_driver,age_band_of_driver,engine_capacity_cc,propulsion_code,age_of_vehicle,generic_make_model,driver_imd_decile,lsoa_of_driver,escooter_flag,driver_distance_banding
2024010498880,2024,010498880,1,9,0,18,19,5,1,0,0,0,0,0,0,0,1,1,6,6,3,24,5,1997,2,9,FORD MONDEO,-1,-1,0,-1
2024451526894,2024,451526894,1,9,0,-1,9,3,2,-1,0,6,0,0,0,0,3,1,-1,6,1,33,6,1997,2,15,FORD MONDEO,9,E01030942,0,2
2024991430657,2024,991430657,1,9,0,-1,5,1,5,-1,0,3,0,4,0,0,1,1,-1,6,1,27,6,1997,2,13,FORD MONDEO,5,-1,0,1
2024501408763,2024,501408763,1,9,0,-1,19,2,6,-1,0,0,0,0,0,0,1,9,-1,6,1,72,10,2198,2,18,FORD MONDEO,4,E01018892,0,1
2024421447848,2024,421447848,1,9,0,-1,6,8,4,-1,0,0,0,0,0,0,3,1,-1,9,1,58,9,1997,2,14,FORD MONDEO,8,E01021389,0,2
2024070069597,2024,070069597,1,9,0,2,2,2,2,0,0,1,0,0,0,0,2,1,6,6,1,34,6,1997,2,10,FORD MONDEO,2,E01012391,0,1
2024991431977,2024,991431977,3,9,0,-1,2,3,2,-1,0,0,0,0,0,0,2,1,-1,6,-1,-1,-1,2179,2,15,FORD MONDEO,-1,-1,0,-1
2024430559188,2024,430559188,3,9,0,4,4,7,3,0,0,0,0,0,0,0,3,1,1,1,1,29,6,1995,2,4,FORD MONDEO,-1,-1,0,-1
2024421405066,2024,421405066,1,9,0,-1,19,1,5,-1,0,0,0,0,0,0,4,1,-1,1,1,37,7,1997,2,7,FORD MONDEO,-1,-1,0,-1
2024111536632,2024,111536632,1,9,0,-1,19,7,3,-1,0,0,1,0,0,0,1,9,-1,6,3,30,6,1998,2,19,FORD MONDEO,-1,-1,0,-1
2024351539218,2024,351539218,2,9,0,-1,5,1,5,-1,0,8,0,0,0,0,2,1,-1,6,1,74,10,1798,1,21,FORD MONDEO,3,E01018073,0,1
2024501444385,2024,501444385,1,9,0,-1,-1,-1,-1,-1,0,-1,0,0,0,0,-1,9,-1,6,3,-1,-1,2179,2,15,FORD MONDEO,-1,-1,0,-1
2024070131911,2024,070131911,3,9,0,18,19,5,1,0,0,0,0,0,0,0,1,1,6,6,1,50,8,1753,2,16,FORD MONDEO,6,E01018570,0,1
2024440023739,2024,440023739,1,9,0,1,1,5,1,0,0,0,0,0,0,0,2,1,6,6,1,31,6,1997,2,12,FORD MONDEO,9,E01022950,0,1
2024131405517,2024,131405517,1,9,0,-1,9,3,1,-1,0,0,0,0,0,0,1,1,-1,2,1,59,9,1997,2,14,FORD MONDEO,5,E01010888,0,2
2024052400816,2024,052400816,2,9,0,4,4,4,2,0,0,0,0,0,0,0,2,1,6,6,1,44,7,1997,2,8,FORD MONDEO,8,E01006827,0,2
2024052402735,2024,052402735,2,9,0,18,19,8,4,0,0,1,0,0,0,0,1,1,6,6,1,59,9,1499,2,7,FORD MONDEO,1,E01006447,0,1
2024010531517,2024,010531517,1,9,0,99,99,9,9,99,99,9,9,99,9,99,2,9,6,6,1,47,8,1498,1,9,FORD MONDEO,8,E01003679,0,1
2024101506800,2024,101506800,1,9,0,-1,7,6,6,-1,0,8,1,10,0,0,4,1,-1,6,1,26,6,1997,2,16,FORD MONDEO,1,E01008867,0,2
2024991438412,2024,991438412,2,9,0,-1,19,6,2,-1,0,0,0,0,4,0,1,1,-1,9,1,54,8,1997,2,15,FORD MONDEO,2,-1,0,3
2024052401284,2024,052401284,3,9,0,18,19,3,7,0,0,0,0,0,0,0,1,1,1,1,1,53,8,1997,2,6,FORD MONDEO,8,E01006827,0,2
2024101518336,2024,101518336,2,9,0,-1,9,3,1,-1,0,5,0,0,0,0,3,1,-1,9,1,43,7,1997,2,6,FORD MONDEO,1,E01008300,0,1
2024351547127,2024,351547127,1,9,0,-1,19,5,1,-1,0,0,0,0,0,0,2,1,-1,6,1,48,8,1997,2,6,FORD MONDEO,2,E01015608,0,2
2024141424730,2024,141424730,1,9,0,-1,9,6,2,-1,0,8,0,0,0,0,3,1,-1,1,1,50,8,1997,2,10,FORD MONDEO,1,E01007338,0,1
2024041461082,2024,041461082,1,9,0,-1,1,-1,-1,-1,0,1,0,0,0,0,-1,9,-1,6,3,25,5,1997,2,15,FORD MONDEO,-1,-1,0,-1
2024340NN2442,2024,340NN2442,2,9,0,-1,5,5,1,-1,0,1,0,0,0,0,2,1,-1,9,1,45,7,1499,2,9,FORD MONDEO,3,E01026967,0,2
2024440482390,2024,440482390,2,9,0,4,4,3,7,0,0,1,0,0,0,0,1,1,2,2,1,49,8,1560,2,12,FORD MONDEO,5,E01031860,0,2
2024041449655,2024,041449655,1,9,0,-1,9,5,1,-1,0,5,0,0,7,0,3,1,-1,1,1,34,6,1997,2,7,FORD MONDEO,1,E01024987,0,2
2024052402687,2024,052402687,1,9,0,18,19,1,5,0,0,1,0,0,0,0,4,1,6,6,1,65,9,1997,2,12,FORD MONDEO,4,E01007157,0,1
2024421529457,2024,421529457,2,9,0,-1,19,4,8,-1,0,0,0,0,0,0,1,1,-1,9,1,41,7,1998,2,18,FORD MONDEO,2,E01021391,0,2
2024201521522,2024,201521522,1,9,0,-1,19,4,8,-1,0,0,0,0,0,0,1,9,-1,9,2,64,9,1499,2,7,FORD MONDEO,1,E01009753,0,1
2024052401103,2024,052401103,2,8,0,4,4,3,7,0,0,3,0,0,0,0,2,1,1,1,1,57,9,1997,2,7,FORD MONDEO,5,E01006670,0,2
2024991409543,2024,991409543,1,9,0,-1,9,1,7,-1,0,2,0,0,0,0,1,9,-1,6,1,60,9,1499,2,8,FORD MONDEO,2,-1,0,4
2024141499351,2024,141499351,2,9,0,-1,9,6,4,-1,0,1,0,0,0,0,3,1,-1,1,1,69,10,1596,1,13,FORD MONDEO,1,E01007327,0,1
2024361500899,2024,361500899,2,9,0,-1,15,4,8,-1,0,1,1,0,1,0,1,1,-1,1,1,18,4,2198,2,18,FORD MONDEO,6,E01033036,0,2
2024471442742,2024,471442742,2,9,0,-1,2,0,0,-1,-1,0,0,0,0,0,3,1,-1,6,-1,-1,-1,1997,2,12,FORD MONDEO,-1,-1,0,-1
2024461449163,2024,461449163,1,9,0,-1,19,7,5,-1,0,0,0,0,7,4,1,1,-1,6,1,47,8,1798,1,20,FORD MONDEO,5,E01024512,0,3
2024552400941,2024,552400941,1,9,0,5,5,2,6,0,0,0,0,0,0,0,0,1,2,2,3,-1,-1,1997,2,10,FORD MONDEO,-1,-1,0,-1
2024101444843,2024,101444843,1,9,0,-1,19,8,4,-1,0,4,0,0,0,0,1,1,-1,6,1,23,5,1560,2,12,FORD MONDEO,1,E01027426,0,1
2024141526956,2024,141526956,2,9,0,-1,19,8,4,-1,0,0,0,0,0,0,1,1,-1,6,1,45,7,1753,2,15,FORD MONDEO,1,E01011869,0,3
2024061469560,2024,061469560,1,9,0,-1,19,4,8,-1,0,0,0,0,0,0,1,9,-1,6,1,-1,-1,1560,2,11,FORD MONDEO,-1,-1,0,-1
2024221405243,2024,221405243,2,9,0,-1,19,5,1,-1,0,0,0,0,0,0,1,1,-1,2,1,37,7,1997,2,12,FORD MONDEO,6,E01032216,0,1
2024545170324,2024,545170324,2,9,0,2,2,0,0,0,0,0,0,0,0,0,2,1,6,6,1,-1,-1,1498,1,6,FORD MONDEO,-1,-1,0,-1
2024052401418,2024,052401418,1,9,0,9,9,1,7,0,0,8,0,0,0,0,4,1,6,6,1,52,8,1560,2,10,FORD MONDEO,2,E01006523,0,1
2024131471846,2024,131471846,1,9,0,-1,9,7,3,-1,0,8,0,2,0,0,3,1,-1,6,1,19,4,1997,2,15,FORD MONDEO,5,E01011390,0,1
2024440279834,2024,440279834,2,9,0,7,7,4,7,0,0,6,0,0,0,0,3,1,6,6,1,53,8,1997,2,15,FORD MONDEO,2,E01032750,0,4
2024311522969,2024,311522969,1,9,0,-1,19,2,6,-1,0,0,0,0,0,0,2,1,-1,9,1,32,6,1997,2,11,FORD MONDEO,-1,-1,0,-1
2024031493561,2024,031493561,1,9,0,-1,19,7,3,-1,0,8,0,0,7,0,1,1,-1,6,1,68,10,1976,1,14,FORD MONDEO,8,E01019352,0,2
2024430220823,2024,430220823,1,9,0,18,19,5,1,0,0,0,5,0,2,4,1,1,6,6,1,22,5,2179,2,16,FORD MONDEO,9,E01028723,0,3
2024471416366,2024,471416366,1,9,0,-1,19,5,1,-1,0,4,1,9,1,1,1,9,-1,6,1,70,10,1997,2,8,FORD MONDEO,5,E01031771,0,1
2024440270405,2024,440270405,3,9,0,18,19,2,6,0,0,1,0,0,0,0,1,1,2,2,1,35,6,1798,1,20,FORD MONDEO,6,E01035326,0,3
2024991439251,2024,991439251,1,9,0,-1,19,7,2,-1,0,0,1,4,0,0,4,1,-1,9,1,29,6,1999,8,5,FORD MONDEO,-1,-1,0,-1
2024061517623,2024,061517623,5,9,0,-1,19,1,5,-1,0,0,0,0,0,0,1,1,-1,2,1,55,8,1995,2,5,FORD MONDEO,10,E01025259,0,4
2024201485996,2024,201485996,1,9,0,-1,9,1,5,-1,0,8,0,0,0,0,1,1,-1,6,1,46,8,1997,2,17,FORD MONDEO,2,E01010529,0,1
2024461433086,2024,461433086,3,9,0,-1,2,0,0,-1,0,2,1,4,0,0,3,9,-1,6,-1,-1,-1,1997,2,13,FORD MONDEO,-1,-1,0,-1
2024161523451,2024,161523451,2,9,0,-1,19,3,7,-1,0,1,0,0,0,0,3,1,-1,2,1,30,6,1999,1,14,FORD MONDEO,9,E01033297,0,1
2024010536163,2024,010536163,1,9,0,18,19,3,7,0,0,0,0,0,0,0,1,1,6,6,1,62,9,1999,1,21,FORD MONDEO,-1,-1,0,-1
2024221418827,2024,221418827,1,9,0,-1,19,2,6,-1,0,0,1,0,7,4,3,1,-1,6,1,16,4,1998,2,21,FORD MONDEO,6,E01032360,0,2
2024421498445,2024,421498445,1,9,0,-1,1,-1,-1,-1,0,0,0,0,0,0,2,1,-1,6,1,-1,-1,1997,2,13,FORD MONDEO,-1,-1,0,-1
2024131476781,2024,131476781,1,9,0,-1,9,7,5,-1,0,7,0,0,1,0,4,1,-1,2,1,56,9,1560,2,11,FORD MONDEO,1,E01010824,0,3
2024052401310,2024,052401310,1,8,0,13,13,8,4,0,0,1,0,0,0,0,2,1,1,1,1,-1,-1,1997,2,9,FORD MONDEO,-1,-1,0,-1
2024311409541,2024,311409541,1,9,0,-1,1,3,7,-1,0,0,0,4,0,0,2,1,-1,6,1,78,11,1798,1,20,FORD MONDEO,1,E01013821,0,1
2024052401090,2024,052401090,2,9,0,18,19,8,4,0,0,8,1,0,0,0,1,1,6,6,1,52,8,1997,2,15,FORD MONDEO,1,E01034396,0,1
2024542244324,2024,542244324,2,9,0,18,19,1,5,0,0,0,0,0,0,0,2,1,6,6,1,41,7,1997,2,10,FORD MONDEO,8,E01034751,0,4
2024061507200,2024,061507200,2,9,0,-1,2,6,4,-1,0,0,0,0,0,0,2,9,-1,6,-1,-1,-1,1997,2,11,FORD MONDEO,-1,-1,0,-1
2024211468128,2024,211468128,1,9,0,-1,7,8,1,-1,0,1,0,0,0,0,1,1,-1,6,1,34,6,1997,2,8,FORD MONDEO,5,E01029750,0,4
2024421479791,2024,421479791,3,9,0,-1,2,3,3,-1,9,2,0,0,0,0,2,1,-1,6,-1,-1,-1,1997,2,14,FORD MONDEO,-1,-1,0,-1
2024101459343,2024,101459343,1,9,0,-1,9,8,6,-1,0,8,0,0,0,0,3,1,-1,6,1,41,7,1997,2,14,FORD MONDEO,1,E01008484,0,1
2024461520484,2024,461520484,1,9,0,-1,19,7,3,-1,9,0,1,0,1,10,1,1,-1,2,1,44,7,1997,2,12,FORD MONDEO,4,E01024287,0,2
2024201533178,2024,201533178,3,9,0,-1,2,7,6,-1,9,0,0,0,0,0,1,1,-1,6,1,46,8,1999,1,22,FORD MONDEO,-1,-1,0,-1
2024041410240,2024,041410240,2,9,0,-1,19,7,3,-1,0,1,0,11,4,2,3,1,-1,2,2,25,5,1999,8,3,FORD MONDEO,1,E01034397,0,4
2024471409622,2024,471409622,2,9,0,-1,19,2,5,-1,0,0,0,0,1,0,1,1,-1,6,1,44,7,1997,2,10,FORD MONDEO,3,E01031360,0,1
2024461432852,2024,461432852,2,9,0,-1,19,8,4,-1,0,0,0,0,0,0,0,1,-1,1,1,32,6,1995,2,4,FORD MONDEO,3,E01024608,0,1
2024351432236,2024,351432236,2,9,0,-1,19,3,7,-1,0,0,0,0,0,0,2,1,-1,2,1,27,6,1997,2,15,FORD MONDEO,10,E01018175,0,4
2024991443857,2024,991443857,2,9,0,-1,10,4,2,-1,0,8,0,0,0,0,4,1,-1,9,2,44,7,1997,2,11,FORD MONDEO,4,-1,0,3
2024421408402,2024,421408402,2,9,0,-1,3,6,2,-1,0,1,0,0,0,0,2,1,-1,9,2,48,8,1997,2,7,FORD MONDEO,9,E01021727,0,1
2024302401146,2024,302401146,2,9,0,18,19,6,2,0,0,8,0,0,0,0,1,1,2,2,1,44,7,1997,2,10,FORD MONDEO,5,E01013530,0,1
2024451486189,2024,451486189,2,8,0,-1,3,5,1,-1,0,0,0,0,0,0,-1,1,-1,6,3,40,7,1499,2,8,FORD MONDEO,-1,-1,0,-1
2024010499840,2024,010499840,2,9,0,18,19,5,1,0,0,0,0,0,0,0,0,1,6,6,1,40,7,1995,2,3,FORD MONDEO,-1,-1,0,-1
202460Q161608,2024,60Q161608,2,9,0,18,19,5,1,0,0,0,0,0,0,0,2,1,6,6,2,40,7,2198,2,18,FORD MONDEO,-1,-1,0,-1
2024131405571,2024,131405571,2,9,0,-1,2,1,1,-1,0,0,0,0,0,0,2,1,-1,1,1,57,9,1995,2,5,FORD MONDEO,7,E01007493,0,4
2024311409523,2024,311409523,1,9,0,-1,19,5,1,-1,0,0,0,0,1,0,1,1,-1,1,1,30,6,1997,2,10,FORD MONDEO,3,E01029408,0,4
2024141434492,2024,141434492,2,9,0,-1,19,1,5,-1,0,0,0,0,0,0,2,1,-1,9,1,67,10,1997,2,12,FORD MONDEO,1,E01007325,0,1
2024052400634,2024,052400634,2,9,0,18,19,5,1,0,0,8,0,0,0,0,1,1,2,2,1,46,8,1499,2,9,FORD MONDEO,1,E01006618,0,1
2024101460059,2024,101460059,1,9,0,-1,4,8,4,-1,0,0,0,0,0,0,4,1,-1,1,1,51,8,1997,2,7,FORD MONDEO,3,E01008694,0,2
2024501426848,2024,501426848,1,9,0,-1,19,5,1,-1,0,1,0,0,0,0,1,1,-1,6,1,50,8,2198,2,18,FORD MONDEO,7,E01018983,0,2
2024320268677,2024,320268677,2,9,0,-1,-1,4,8,6,6,0,0,0,0,0,4,1,-1,-1,2,42,7,1997,2,13,FORD MONDEO,4,E01018095,0,3
2024010499224,2024,010499224,2,9,0,99,99,9,9,99,99,9,9,99,9,99,1,9,6,6,3,22,5,1999,1,15,FORD MONDEO,-1,-1,0,-1
2024351559719,2024,351559719,2,9,0,-1,3,0,0,-1,0,1,0,0,0,0,2,1,-1,6,1,51,8,1998,2,18,FORD MONDEO,1,E01015658,0,1
2024221489521,2024,221489521,1,9,0,-1,19,4,7,-1,0,0,0,0,0,0,1,9,-1,6,1,58,9,1997,2,14,FORD MONDEO,7,E01009116,0,4
2024161397840,2024,161397840,2,9,0,-1,19,3,7,-1,0,4,0,0,0,0,2,1,-1,6,2,34,6,1997,2,10,FORD MONDEO,4,E01013334,0,1
2024101507803,2024,101507803,1,8,0,-1,9,1,5,-1,0,5,0,0,0,0,1,1,-1,1,1,41,7,1499,2,8,FORD MONDEO,1,E01008331,0,1
2024440045533,2024,440045533,1,9,0,9,9,4,8,0,0,5,0,0,0,0,0,1,6,6,1,25,5,1753,2,15,FORD MONDEO,3,E01017194,0,1
2024430198401,2024,430198401,1,9,0,9,9,8,6,0,0,1,0,0,0,0,1,1,6,6,2,39,7,1753,2,15,FORD MONDEO,8,E01016713,0,1
2024061525710,2024,061525710,1,9,0,-1,9,1,6,-1,0,6,0,0,0,0,1,1,-1,9,1,40,7,2179,2,13,FORD MONDEO,1,E01005689,0,1
2024320069309,2024,320069309,2,9,0,-1,-1,3,7,0,0,0,0,0,0,0,2,1,6,6,1,45,7,1796,1,24,FORD MONDEO,9,E01034698,0,4
2024061439360,2024,061439360,1,9,0,-1,19,1,5,-1,0,8,0,0,0,0,1,1,-1,9,1,40,7,1753,2,15,FORD MONDEO,3,E01006325,0,1
2024052500006,2024,052500006,1,8,0,13,13,3,7,0,0,1,0,0,0,0,1,1,1,1,1,29,6,1997,2,8,FORD MONDEO,2,E01007026,0,2
2024421481193,2024,421481193,2,9,0,-1,19,5,1,-1,0,0,0,0,0,0,1,1,-1,2,1,41,7,1498,1,8,FORD MONDEO,4,E01021775,0,3
2024141473717,2024,141473717,1,9,0,-1,19,5,1,-1,0,0,5,0,7,3,4,9,-1,6,1,19,4,2179,2,13,FORD MONDEO,3,E01007528,0,1
2024421419042,2024,421419042,1,9,0,-1,19,1,5,-1,0,0,0,0,0,0,1,1,-1,9,2,75,10,2521,1,16,FORD MONDEO,7,E01015827,0,1
2024340WN2762,2024,340WN2762,2,9,0,-1,1,0,0,-1,0,0,0,0,0,0,2,1,-1,6,3,-1,-1,1997,2,11,FORD MONDEO,-1,-1,0,-1
2024010511910,2024,010511910,4,9,0,18,19,7,3,0,0,8,0,0,0,0,0,1,1,1,1,26,6,1498,1,6,FORD MONDEO,7,E01003456,0,2
2024221489540,2024,221489540,2,9,0,-1,19,6,2,-1,0,8,0,0,0,0,4,1,-1,6,1,-1,-1,1753,2,15,FORD MONDEO,8,E01032938,0,2
2024501469936,2024,501469936,1,9,0,-1,19,4,8,-1,0,0,1,0,0,0,1,1,-1,9,1,24,5,1999,1,19,FORD MONDEO,3,E01019975,0,1
2024311429334,2024,311429334,3,9,0,-1,4,3,8,-1,0,0,0,0,0,0,1,1,-1,2,1,46,8,1997,2,9,FORD MONDEO,4,E01027996,0,1
2024201451269,2024,201451269,1,9,0,-1,19,6,2,-1,0,0,0,0,0,0,0,1,-1,6,1,-1,-1,1997,2,16,FORD MONDEO,9,E01002478,0,5
2024061409809,2024,061409809,1,9,0,-1,4,1,1,-1,0,0,0,0,0,0,0,2,-1,9,1,55,8,1999,8,4,FORD MONDEO,1,E01006213,0,1
2024221476391,2024,221476391,4,9,0,-1,2,0,0,-1,0,2,0,0,0,0,1,9,-1,6,2,52,8,1997,2,14,FORD MONDEO,3,E01032423,0,1
2024421493661,2024,421493661,2,9,0,-1,9,3,1,-1,0,3,0,0,0,0,4,1,-1,2,1,57,9,1995,2,4,FORD MONDEO,5,E01021263,0,1
2024501542793,2024,501542793,1,9,0,-1,9,5,3,-1,0,8,0,0,7,11,1,1,-1,6,1,22,5,2967,1,20,FORD MONDEO,5,E01018921,0,2
2024010536295,2024,010536295,1,9,0,99,99,9,9,99,99,9,9,99,9,99,2,9,6,6,1,40,7,1999,1,17,FORD MONDEO,6,E01003345,0,1
2024010520389,2024,010520389,3,9,0,4,4,7,3,0,0,3,0,0,0,0,2,1,6,6,1,59,9,1498,1,5,FORD MONDEO,6,E01004614,0,2
2024430277252,2024,430277252,2,9,0,-1,-1,2,6,0,0,0,0,0,0,0,0,1,6,6,1,45,7,1999,1,17,FORD MONDEO,-1,-1,0,-1
2024211517489,2024,211517489,2,9,0,-1,9,1,5,-1,0,1,0,0,0,0,1,1,-1,6,1,40,7,1999,1,17,FORD MONDEO,-1,-1,0,-1
2024052400910,2024,052400910,1,9,0,9,9,5,3,0,0,8,0,0,0,0,1,1,1,1,1,70,10,1997,2,10,FORD MONDEO,4,E01007001,0,1
2024161535907,2024,161535907,2,9,0,-1,19,8,4,-1,0,0,0,0,0,0,1,9,-1,6,1,-1,-1,1997,2,10,FORD MONDEO,3,E01012784,0,4
2024141520748,2024,141520748,1,9,0,-1,5,5,1,-1,0,0,0,0,0,0,1,1,-1,9,1,19,4,1753,2,13,FORD MONDEO,3,E01007528,0,4
2024041482018,2024,041482018,2,9,0,-1,19,1,5,-1,0,1,1,0,0,0,3,1,-1,9,1,34,6,2198,2,19,FORD MONDEO,6,E01025541,0,1
2024201495465,2024,201495465,3,9,0,-1,19,4,2,-1,0,0,0,0,0,0,4,1,-1,6,1,59,9,1999,1,16,FORD MONDEO,3,E01008988,0,2
2024440016148,2024,440016148,2,9,0,18,19,8,4,0,0,1,0,0,0,0,1,1,6,6,3,-1,-1,1798,1,20,FORD MONDEO,-1,-1,0,-1
2024440023162,2024,440023162,2,9,0,3,3,5,1,0,0,1,0,0,0,0,2,1,6,6,1,72,10,1998,2,18,FORD MONDEO,7,E01015450,0,4
2024440137686,2024,440137686,2,9,0,18,19,7,3,0,0,0,0,0,0,0,1,1,6,6,1,57,9,1997,2,17,FORD MONDEO,6,E01022715,0,1
2024302401636,2024,302401636,1,9,0,18,19,5,1,0,0,0,0,0,0,0,1,1,2,2,1,60,9,1596,1,17,FORD MONDEO,9,E01019683,0,4
2024401525243,2024,401525243,1,9,0,-1,19,5,1,-1,0,0,0,0,0,0,1,1,-1,9,1,36,7,1997,2,9,FORD MONDEO,2,E01015754,0,1
2024552400514,2024,552400514,3,9,0,2,2,0,0,6,6,0,0,0,0,0,3,1,6,6,3,-1,-1,1798,1,18,FORD MONDEO,-1,-1,0,-1
2024991506154,2024,991506154,2,8,0,-1,9,5,7,-1,0,2,0,0,0,0,4,1,-1,1,1,63,9,1499,2,7,FORD MONDEO,-1,-1,0,-1
2024101455818,2024,101455818,1,9,0,-1,5,4,8,-1,0,0,0,0,0,0,2,1,-1,9,1,31,6,1997,2,13,FORD MONDEO,2,E01008338,0,2
2024231456598,2024,231456598,1,9,0,-1,19,3,7,-1,0,8,0,0,0,0,3,9,-1,6,1,67,10,1997,2,13,FORD MONDEO,6,E01031085,0,1
2024311525751,2024,311525751,1,9,0,-1,19,7,3,-1,0,0,1,0,0,0,1,1,-1,6,1,30,6,1997,2,14,FORD MONDEO,1,E01026173,0,4
2024440211389,2024,440211389,2,9,0,18,19,5,1,0,0,1,0,0,0,0,1,1,6,6,2,45,7,2179,2,10,FORD MONDEO,6,E01022962,0,2
2024061417363,2024,061417363,3,9,0,-1,19,3,7,-1,0,1,0,0,0,0,0,1,-1,1,1,22,5,1498,1,5,FORD MONDEO,-1,-1,0,-1
2024440556914,2024,440556914,2,9,0,18,19,7,3,0,0,1,0,0,0,0,4,1,6,6,2,39,7,1997,2,10,FORD MONDEO,3,E01022807,0,2
2024544541024,2024,544541024,2,9,0,18,19,5,1,0,0,8,0,0,0,0,3,1,6,6,2,27,6,1753,2,16,FORD MONDEO,-1,-1,0,-1
2024520403286,2024,520403286,1,9,0,1,1,3,1,0,0,8,0,0,0,0,2,1,6,6,1,32,6,1997,2,9,FORD MONDEO,5,E01035121,0,1
2024141396476,2024,141396476,1,9,0,-1,19,2,1,-1,0,0,0,0,0,0,4,1,-1,1,1,30,6,1997,2,8,FORD MONDEO,6,E01007565,0,1
2024010543978,2024,010543978,2,9,0,5,5,7,3,0,0,8,0,0,0,0,4,1,6,6,3,-1,-1,1997,2,15,FORD MONDEO,-1,-1,0,-1
2024522403111,2024,522403111,2,9,0,18,19,3,6,0,0,0,0,0,0,0,0,1,6,6,1,-1,-1,1997,2,5,FORD MONDEO,10,E01014793,0,2
2024131400825,2024,131400825,3,9,0,-1,19,3,7,-1,0,8,0,0,0,0,1,1,-1,9,2,32,6,1753,2,14,FORD MONDEO,1,E01011657,0,2
2024471465040,2024,471465040,1,9,0,-1,19,7,4,-1,0,2,0,0,7,0,1,1,-1,9,1,27,6,1997,2,14,FORD MONDEO,4,E01031716,0,1
2024351538911,2024,351538911,2,9,0,-1,4,4,8,-1,0,5,0,0,0,0,2,1,-1,9,1,49,8,1995,2,5,FORD MONDEO,5,E01029953,0,3
2024451488260,2024,451488260,2,9,0,-1,6,3,7,-1,0,0,0,0,0,0,3,1,-1,1,1,71,10,1498,1,8,FORD MONDEO,4,E01023106,0,2
2024430433645,2024,430433645,1,9,0,17,19,1,6,0,0,2,0,10,1,2,1,1,6,6,1,81,11,1798,1,19,FORD MONDEO,10,E01016429,0,1
2024201477341,2024,201477341,2,9,0,-1,19,2,6,-1,0,2,0,0,0,0,1,9,-1,6,1,48,8,1997,2,9,FORD MONDEO,1,E01009051,0,3
2024211473915,2024,211473915,2,9,0,-1,5,3,7,-1,0,2,0,0,0,0,4,1,-1,9,2,65,9,1560,2,13,FORD MONDEO,2,E01029356,0,1
2024201466695,2024,201466695,1,9,0,-1,9,4,2,-1,0,5,0,0,0,0,4,1,-1,9,1,32,6,1560,2,13,FORD MONDEO,1,E01010142,0,2
2024052402710,2024,052402710,2,9,0,18,19,1,5,0,0,1,0,0,0,0,3,1,1,1,1,55,8,1499,2,7,FORD MONDEO,1,E01007269,0,1
2024141476640,2024,141476640,1,9,0,-1,9,7,3,-1,0,0,0,0,0,0,1,1,-1,9,1,79,11,1596,1,16,FORD MONDEO,1,E01007732,0,2
2024161499944,2024,161499944,1,9,0,-1,9,3,1,-1,0,0,0,0,0,0,1,1,-1,2,2,40,7,1997,2,8,FORD MONDEO,10,E01012926,0,3
2024201433557,2024,201433557,2,9,0,-1,19,1,5,-1,0,1,0,0,0,0,4,1,-1,6,1,44,7,1997,2,11,FORD MONDEO,3,E01009655,0,1
2024531437342,2024,531437342,2,9,0,-1,9,5,3,-1,0,0,0,0,0,0,2,1,-1,1,1,32,6,1999,1,16,FORD MONDEO,7,E01022407,0,1
2024421486724,2024,421486724,2,9,0,-1,6,7,7,-1,0,8,0,0,0,0,1,1,-1,9,1,85,11,1997,2,6,FORD MONDEO,9,E01015815,0,1
2024501456297,2024,501456297,1,9,0,-1,19,6,2,-1,0,0,0,0,0,0,1,1,-1,6,1,21,5,1997,2,17,FORD MONDEO,2,E01018949,0,4
2024421403015,2024,421403015,1,9,0,-1,4,2,6,-1,0,0,0,0,1,4,1,1,-1,6,1,77,11,1498,1,8,FORD MONDEO,10,E01021438,0,2
2024141439944,2024,141439944,1,9,0,-1,5,1,5,-1,0,3,0,7,6,7,1,1,-1,9,2,74,10,1999,1,14,FORD MONDEO,7,E01007552,0,2
2024201461962,2024,201461962,2,9,0,-1,9,2,8,-1,0,6,0,0,0,0,1,1,-1,6,1,60,9,1997,2,9,FORD MONDEO,4,E01009218,0,1
2024440189125,2024,440189125,1,9,0,18,19,7,3,9,9,6,0,0,0,0,1,1,6,6,3,22,5,1997,2,9,FORD MONDEO,4,E01017073,0,1
2024461506358,2024,461506358,1,9,0,-1,3,1,6,-1,0,4,0,0,0,0,1,1,-1,6,1,57,9,1998,2,20,FORD MONDEO,2,E01024534,0,4
2024311521720,2024,311521720,1,9,0,-1,7,8,3,-1,0,2,0,0,0,0,1,1,-1,6,1,62,9,1999,8,5,FORD MONDEO,-1,-1,0,-1
2024461500344,2024,461500344,1,8,0,-1,13,6,1,-1,0,0,0,0,0,0,1,1,-1,1,1,74,10,1995,2,4,FORD MONDEO,7,E01032811,0,1
2024052402043,2024,052402043,1,9,0,9,9,1,5,0,0,1,0,0,0,0,4,1,6,6,1,33,6,1997,2,17,FORD MONDEO,1,E01007122,0,1