collision_index,collision_year,collision_ref_no,vehicle_reference,vehicle_type,towing_and_articulation,vehicle_manoeuvre_historic,vehicle_manoeuvre,vehicle_direction_from,vehicle_direction_to,vehicle_location_restricted_lane_historic,vehicle_location_restricted_lane,junction_location,skidding_and_overturning,hit_object_in_carriageway,vehicle_leaving_carriageway,hit_object_off_carriageway,first_point_of_impact,vehicle_left_hand_drive,journey_purpose_of_driver_historic,journey_purpose_of_driver,sex_of_driver,age_of_driver,age_band_of_driver,engine_capacity_cc,propulsion_code,age_of_vehicle,generic_make_model,driver_imd_decile,lsoa_of_driver,escooter_flag,driver_distance_banding
2024451474523,2024,451474523,1,3,0,-1,19,3,7,-1,0,2,0,0,0,0,1,1,-1,2,1,26,6,124,1,27,PIAGGIO TYPHOON,7,E01030300,0,2
2024161534900,2024,161534900,2,2,0,-1,19,1,5,-1,0,1,2,0,0,0,1,1,-1,9,1,16,4,49,1,6,PIAGGIO TYPHOON,1,E01012790,0,1
2024010498241,2024,010498241,1,2,0,99,99,9,9,99,99,9,9,99,9,99,9,1,6,6,1,16,4,49,1,14,PIAGGIO TYPHOON,4,E01003406,0,2
2024552400703,2024,552400703,1,2,0,18,19,8,4,0,0,0,1,0,0,0,0,1,6,6,2,17,4,49,1,13,PIAGGIO TYPHOON,5,E01015375,0,1
2024131490717,2024,131490717,2,2,0,-1,14,3,7,-1,0,0,0,0,0,0,4,1,-1,2,1,17,4,49,1,8,PIAGGIO TYPHOON,7,E01011556,0,1
2024131504262,2024,131504262,1,3,0,-1,19,3,7,-1,0,4,1,0,0,0,0,1,-1,2,1,57,9,-1,-1,-1,PIAGGIO TYPHOON,3,E01011824,0,1
2024061530994,2024,061530994,1,4,0,-1,5,8,8,-1,9,1,1,0,0,0,0,1,-1,6,1,17,4,124,1,12,PIAGGIO TYPHOON,1,E01005563,0,3
2024302400670,2024,302400670,2,3,0,18,19,5,1,0,0,1,1,0,0,0,1,1,2,2,1,19,4,124,1,11,PIAGGIO TYPHOON,3,E01013471,0,1
2024231467997,2024,231467997,2,3,0,-1,6,5,5,-1,0,0,0,0,0,0,0,1,-1,9,1,17,4,124,1,13,PIAGGIO TYPHOON,6,E01031085,0,1
2024371528324,2024,371528324,1,9,0,-1,19,5,1,-1,0,0,0,9,1,0,1,1,-1,9,1,55,8,1461,2,7,RENAULT CAPTUR,5,E01030252,0,1
2024622400572,2024,622400572,2,9,0,18,19,4,8,0,0,0,0,0,0,0,2,1,6,6,1,48,8,1598,8,1,RENAULT CAPTUR,8,W01001108,0,3
2024131399230,2024,131399230,4,9,0,-1,2,0,0,-1,0,0,0,0,0,0,2,1,-1,6,-1,-1,-1,1461,2,10,RENAULT CAPTUR,-1,-1,0,-1
2024451479892,2024,451479892,2,9,0,-1,19,1,5,-1,0,4,0,0,0,0,1,2,-1,6,1,37,7,1461,2,9,RENAULT CAPTUR,5,E01030946,0,1
2024101453468,2024,101453468,2,9,0,-1,2,0,0,-1,0,0,0,0,0,0,2,1,-1,6,3,-1,-1,898,1,5,RENAULT CAPTUR,-1,-1,0,-1
2024501500350,2024,501500350,1,9,0,-1,19,7,1,-1,0,2,0,10,0,0,1,1,-1,9,1,44,7,1461,2,11,RENAULT CAPTUR,4,E01018844,0,1
2024101499214,2024,101499214,2,9,0,-1,19,2,7,-1,0,2,0,0,2,11,1,1,-1,9,1,74,10,1461,2,8,RENAULT CAPTUR,-1,-1,0,-1
2024201498756,2024,201498756,2,9,0,-1,19,5,1,-1,0,0,0,0,0,0,2,1,-1,9,1,38,7,1461,2,10,RENAULT CAPTUR,2,E01009955,0,1
2024340WN2752,2024,340WN2752,1,9,0,-1,7,7,2,-1,0,6,0,0,0,0,1,1,-1,9,1,82,11,1197,1,10,RENAULT CAPTUR,9,E01027267,0,1
2024111515111,2024,111515111,2,9,0,-1,2,1,2,-1,0,8,0,0,0,0,4,1,-1,2,2,38,7,1461,2,8,RENAULT CAPTUR,9,E01012346,0,1
2024440302222,2024,440302222,3,9,0,2,2,3,7,0,0,0,0,0,0,0,2,1,6,6,3,-1,-1,898,1,8,RENAULT CAPTUR,-1,-1,0,-1
2024991395957,2024,991395957,1,9,0,-1,4,4,8,-1,0,1,0,0,0,0,1,1,-1,2,2,55,8,1461,2,10,RENAULT CAPTUR,6,-1,0,4
2024471428427,2024,471428427,2,9,0,-1,3,6,2,-1,0,0,0,0,0,0,2,1,-1,6,2,35,6,898,1,10,RENAULT CAPTUR,3,E01016975,0,2
2024991419139,2024,991419139,3,9,0,-1,2,0,0,-1,0,0,0,0,0,0,2,1,-1,6,-1,-1,-1,1461,2,6,RENAULT CAPTUR,-1,-1,0,-1
2024061409744,2024,061409744,2,9,0,-1,-1,-1,-1,-1,-1,-1,-1,-1,-1,0,1,1,-1,6,2,60,9,1461,2,8,RENAULT CAPTUR,4,E01006332,0,2
2024052400490,2024,052400490,2,9,0,18,19,8,4,0,0,1,0,0,0,0,1,1,6,6,1,-1,-1,1598,8,1,RENAULT CAPTUR,-1,-1,0,-1
2024161412135,2024,161412135,3,9,0,-1,3,4,8,-1,0,0,0,0,0,0,2,1,-1,6,1,76,11,898,1,6,RENAULT CAPTUR,7,E01026080,0,3
2024071042345,2024,071042345,1,9,0,-1,19,1,5,-1,0,0,0,0,0,0,1,1,-1,1,1,38,7,1461,2,8,RENAULT CAPTUR,2,E01018714,0,1
2024201444650,2024,201444650,1,9,0,-1,19,1,1,-1,0,1,0,0,0,0,1,1,-1,9,2,52,8,898,1,7,RENAULT CAPTUR,1,E01010272,0,1
2024231531193,2024,231531193,1,9,0,-1,19,8,4,-1,0,6,0,0,0,0,1,1,-1,6,2,67,10,1333,1,2,RENAULT CAPTUR,8,E01009697,0,4
2024010518637,2024,010518637,1,9,0,18,19,5,1,0,0,8,0,0,0,0,1,1,6,6,2,35,6,1461,2,8,RENAULT CAPTUR,8,E01000679,0,1
2024631504697,2024,631504697,1,9,0,-1,19,6,2,-1,0,8,0,0,0,0,1,1,-1,6,1,26,6,1461,2,10,RENAULT CAPTUR,9,W01000493,0,2
2024131503618,2024,131503618,1,9,0,-1,6,6,6,-1,0,2,0,0,0,0,3,1,-1,6,1,62,9,1461,2,7,RENAULT CAPTUR,2,E01011759,0,2
2024010524768,2024,010524768,1,9,0,18,19,5,1,0,0,1,0,4,0,0,1,1,6,6,1,91,11,898,1,8,RENAULT CAPTUR,-1,-1,0,-1
2024201526610,2024,201526610,1,9,0,-1,19,6,2,-1,0,0,0,0,0,0,1,1,-1,6,1,38,7,1598,8,0,RENAULT CAPTUR,2,E01010481,0,1
2024122400443,2024,122400443,1,9,0,18,19,1,5,0,0,0,0,0,1,0,3,1,6,6,1,72,10,898,1,6,RENAULT CAPTUR,6,E01011408,0,4
2024141463503,2024,141463503,1,9,0,-1,19,3,7,-1,0,1,0,0,0,0,1,1,-1,9,2,77,11,1598,8,1,RENAULT CAPTUR,1,E01007509,0,1
2024010543154,2024,010543154,1,9,0,18,19,3,7,0,0,4,0,0,0,0,1,1,6,6,2,64,9,1461,2,8,RENAULT CAPTUR,3,E01001690,0,1
2024991461996,2024,991461996,2,9,0,-1,4,3,6,-1,0,0,0,0,0,0,2,1,-1,9,1,40,7,1598,8,0,RENAULT CAPTUR,-1,-1,0,-1
2024211536426,2024,211536426,2,9,0,-1,5,7,3,-1,0,0,1,0,0,0,3,1,-1,6,1,44,7,1461,2,10,RENAULT CAPTUR,2,E01010287,0,1
202417L110024,2024,17L110024,2,9,0,-1,14,4,8,-1,0,0,0,0,0,0,1,1,-1,9,2,53,8,1461,2,6,RENAULT CAPTUR,2,E01012136,0,1
2024041395193,2024,041395193,1,9,0,-1,19,1,5,-1,0,0,0,0,0,0,1,1,-1,1,1,60,9,1461,2,8,RENAULT CAPTUR,4,E01012725,0,3
2024010495163,2024,010495163,1,9,0,10,10,5,2,0,0,0,0,0,0,0,3,1,2,2,2,48,8,898,1,8,RENAULT CAPTUR,7,E01004216,0,1
2024430317755,2024,430317755,1,9,0,18,19,2,5,0,0,0,0,0,0,0,3,1,6,6,1,41,7,1461,2,8,RENAULT CAPTUR,7,E01028429,0,2
2024122400810,2024,122400810,1,9,0,18,19,4,8,0,0,1,0,0,0,0,1,1,6,6,1,74,10,898,1,4,RENAULT CAPTUR,5,E01027842,0,1
2024010498326,2024,010498326,2,9,0,18,19,5,1,0,0,0,5,4,0,0,1,1,6,6,1,50,8,1598,8,1,RENAULT CAPTUR,2,E01000739,0,1
2024010505547,2024,010505547,2,9,0,2,2,0,0,0,0,2,0,0,0,0,2,1,6,6,2,-1,-1,898,1,5,RENAULT CAPTUR,-1,-1,0,-1
2024141505147,2024,141505147,1,9,0,-1,14,2,6,-1,0,0,0,0,0,0,1,1,-1,9,2,24,5,898,1,11,RENAULT CAPTUR,8,E01008038,0,3
2024461532074,2024,461532074,1,9,0,-1,11,8,2,-1,0,0,1,0,0,0,4,1,-1,9,2,67,10,1197,1,7,RENAULT CAPTUR,8,E01027329,0,5
2024610003124,2024,610003124,2,9,0,14,14,4,8,0,0,0,0,0,0,0,1,1,6,6,2,55,8,1461,2,5,RENAULT CAPTUR,3,W01001460,0,1
2024421469018,2024,421469018,1,9,0,-1,19,7,3,-1,0,8,0,0,1,2,1,1,-1,6,1,66,10,1461,2,9,RENAULT CAPTUR,7,E01022088,0,4
2024131442369,2024,131442369,2,9,0,-1,19,8,4,-1,0,0,0,0,0,0,1,1,-1,9,1,70,10,1598,8,1,RENAULT CAPTUR,7,E01011265,0,2
2024201501757,2024,201501757,2,9,0,-1,2,0,0,-1,0,1,0,0,0,0,2,1,-1,6,1,38,7,1461,2,7,RENAULT CAPTUR,-1,-1,0,-1
2024471425759,2024,471425759,1,9,0,-1,19,1,5,-1,0,0,0,0,0,0,1,1,-1,6,1,49,8,1598,8,1,RENAULT CAPTUR,7,E01021033,0,2
2024010547086,2024,010547086,1,9,0,99,99,9,9,99,99,0,9,99,9,99,9,9,6,6,2,40,7,1461,2,8,RENAULT CAPTUR,10,E01030345,0,2
2024622400606,2024,622400606,2,9,0,5,5,2,6,0,0,8,0,0,0,0,1,1,6,6,2,34,6,1333,1,5,RENAULT CAPTUR,10,W01001948,0,3
2024320533278,2024,320533278,1,9,0,-1,-1,2,7,0,0,0,0,0,0,0,3,1,-1,-1,1,44,7,1598,8,0,RENAULT CAPTUR,1,E01009094,0,4
2024122401213,2024,122401213,2,9,0,18,19,6,2,0,0,8,2,0,0,0,4,1,2,2,1,33,6,999,1,0,RENAULT CAPTUR,-1,-1,0,-1
2024401404440,2024,401404440,2,9,0,-1,19,5,1,-1,0,1,0,0,0,0,1,1,-1,6,2,31,6,898,1,9,RENAULT CAPTUR,8,E01015707,0,2
2024421400289,2024,421400289,2,9,0,-1,2,0,0,-1,0,0,0,0,0,0,2,1,-1,6,3,-1,-1,1461,2,6,RENAULT CAPTUR,-1,-1,0,-1
2024131461090,2024,131461090,1,9,0,-1,5,5,1,-1,0,1,0,0,0,0,2,1,-1,9,1,34,6,1461,2,8,RENAULT CAPTUR,2,E01010804,0,1
2024361418658,2024,361418658,3,9,0,-1,2,5,1,-1,0,0,0,0,0,0,2,1,-1,6,-1,-1,-1,1461,2,7,RENAULT CAPTUR,-1,-1,0,-1
2024461476520,2024,461476520,1,9,0,-1,5,4,8,-1,0,1,0,0,0,0,1,2,-1,9,1,71,10,1598,8,0,RENAULT CAPTUR,5,E01024619,0,4
2024161481123,2024,161481123,1,9,0,-1,19,1,5,-1,0,8,0,0,0,0,1,1,-1,6,1,85,11,1461,2,10,RENAULT CAPTUR,1,E01012858,0,1
2024320207255,2024,320207255,1,9,0,-1,-1,6,2,0,0,1,0,0,0,0,1,1,-1,-1,2,72,10,1333,1,2,RENAULT CAPTUR,7,E01026297,0,1
2024061498166,2024,061498166,1,9,0,-1,19,5,1,-1,0,8,0,0,0,0,1,1,-1,6,1,44,7,1461,2,9,RENAULT CAPTUR,10,E01006082,0,2
2024221421844,2024,221421844,3,9,0,-1,19,4,8,-1,0,0,0,0,0,0,2,1,-1,9,1,50,8,898,1,9,RENAULT CAPTUR,1,E01009141,0,3
2024131530183,2024,131530183,2,9,0,-1,19,1,5,-1,0,1,0,0,0,0,1,1,-1,9,1,53,8,1461,2,6,RENAULT CAPTUR,1,E01010755,0,1
2024522500105,2024,522500105,1,9,0,18,19,3,7,0,0,8,0,0,0,0,3,1,6,6,1,52,8,1333,1,3,RENAULT CAPTUR,7,E01014744,0,1
2024451434091,2024,451434091,1,9,0,-1,2,0,0,-1,0,1,0,0,0,0,0,9,-1,6,2,49,8,898,1,5,RENAULT CAPTUR,9,E01035356,0,1
2024101422166,2024,101422166,2,9,0,-1,4,7,3,-1,0,0,0,0,0,0,0,1,-1,6,2,50,8,1461,2,9,RENAULT CAPTUR,2,E01027443,0,4
2024101527749,2024,101527749,2,9,0,-1,19,5,2,-1,0,8,0,0,0,0,4,1,-1,6,2,65,9,898,1,9,RENAULT CAPTUR,2,E01008825,0,1
2024101446546,2024,101446546,2,9,0,-1,3,7,3,-1,0,4,0,0,0,0,2,9,-1,6,2,44,7,1461,2,10,RENAULT CAPTUR,9,E01027463,0,2
2024501478300,2024,501478300,1,9,0,-1,19,3,7,-1,0,0,0,4,0,0,1,1,-1,9,1,77,11,1461,2,6,RENAULT CAPTUR,5,E01018757,0,1
2024221427399,2024,221427399,2,9,0,-1,19,3,7,-1,0,1,0,0,0,0,1,9,-1,6,2,35,6,1461,2,11,RENAULT CAPTUR,4,E01028958,0,1
2024440305079,2024,440305079,1,9,0,9,9,7,5,0,0,8,0,0,0,0,3,1,6,6,2,45,7,1461,2,8,RENAULT CAPTUR,9,E01022743,0,1
2024351511206,2024,351511206,1,9,0,-1,7,-1,-1,-1,0,0,0,0,0,0,3,9,-1,6,2,75,10,1461,2,7,RENAULT CAPTUR,3,E01018090,0,2
2024161487387,2024,161487387,1,9,0,-1,19,3,7,-1,0,2,0,0,0,0,1,1,-1,9,2,62,9,999,1,1,RENAULT CAPTUR,5,E01013107,0,1
2024010500951,2024,010500951,1,9,0,9,9,5,3,0,0,5,0,0,0,0,3,1,6,6,2,59,9,898,1,5,RENAULT CAPTUR,2,E01003535,0,1
2024631507006,2024,631507006,1,9,0,-1,19,2,5,-1,0,0,0,0,0,0,1,1,-1,9,2,29,6,1461,2,9,RENAULT CAPTUR,6,W01002002,0,1
2024451501797,2024,451501797,2,9,0,-1,2,0,0,-1,9,0,0,0,0,0,1,1,-1,6,-1,-1,-1,898,1,9,RENAULT CAPTUR,-1,-1,0,-1
2024440010020,2024,440010020,2,9,0,18,19,1,5,0,0,0,0,0,0,0,1,1,6,6,1,22,5,898,1,9,RENAULT CAPTUR,4,E01017187,0,1
2024501432705,2024,501432705,2,9,0,-1,19,1,5,-1,0,0,0,0,0,0,1,2,-1,9,1,88,11,1461,2,9,RENAULT CAPTUR,3,E01020502,0,4
2024361457192,2024,361457192,2,9,0,-1,8,3,7,-1,0,1,0,0,0,0,2,1,-1,2,1,24,5,1461,2,10,RENAULT CAPTUR,5,E01026279,0,3
2024501436007,2024,501436007,1,9,0,-1,19,4,6,-1,0,4,0,0,0,0,1,1,-1,1,2,36,7,1461,2,10,RENAULT CAPTUR,4,E01019922,0,1
2024141507784,2024,141507784,1,9,0,-1,19,3,7,-1,0,0,0,0,0,0,4,1,-1,9,1,32,6,1461,2,9,RENAULT CAPTUR,4,E01008115,0,1
2024101512131,2024,101512131,1,9,0,-1,19,4,8,-1,0,1,0,0,0,0,1,1,-1,6,2,71,10,1461,2,7,RENAULT CAPTUR,5,E01027368,0,1
2024161419030,2024,161419030,2,9,0,-1,19,7,3,-1,0,0,0,0,0,0,1,1,-1,9,1,34,6,999,1,2,RENAULT CAPTUR,3,E01012901,0,1
2024991499193,2024,991499193,2,9,0,-1,19,4,8,-1,0,0,2,0,1,0,4,1,-1,6,1,82,11,1461,2,4,RENAULT CAPTUR,4,-1,0,1
2024221471851,2024,221471851,1,9,0,-1,19,8,3,-1,0,4,0,0,1,0,3,1,-1,9,2,76,11,1461,2,7,RENAULT CAPTUR,8,E01013988,0,1
2024070700359,2024,070700359,1,9,0,17,19,6,2,0,0,2,0,0,1,10,1,1,6,6,2,61,9,1598,8,1,RENAULT CAPTUR,5,E01018426,0,1
2024451450312,2024,451450312,1,9,0,-1,7,5,5,-1,0,0,1,0,0,0,3,1,-1,9,1,50,8,1461,2,7,RENAULT CAPTUR,9,E01030605,0,2
2024070213048,2024,070213048,2,9,0,4,4,8,4,0,0,0,0,0,0,0,0,1,6,6,1,66,10,1461,2,8,RENAULT CAPTUR,10,E01018468,0,2
2024991459559,2024,991459559,1,9,0,-1,19,6,2,-1,0,0,0,0,0,0,1,1,-1,2,2,60,9,898,1,9,RENAULT CAPTUR,5,-1,0,1
2024070709574,2024,070709574,1,9,0,-1,19,1,5,-1,0,0,5,0,0,0,4,1,-1,9,1,59,9,999,1,2,RENAULT CAPTUR,1,E01012533,0,1
2024501403388,2024,501403388,2,9,0,-1,19,4,8,-1,0,8,0,0,0,0,3,1,-1,9,1,32,6,1461,2,11,RENAULT CAPTUR,5,E01015215,0,1
2024548045924,2024,548045924,1,9,0,18,19,1,5,0,0,0,0,0,0,0,1,1,6,6,2,36,7,898,1,11,RENAULT CAPTUR,7,E01015585,0,1
2024161462266,2024,161462266,1,9,0,-1,19,1,3,-1,0,8,0,0,0,0,2,9,-1,6,1,34,6,1598,8,1,RENAULT CAPTUR,3,E01012963,0,2
2024070503849,2024,070503849,1,9,0,5,5,8,4,0,0,1,0,0,0,0,1,1,2,2,1,72,10,898,1,6,RENAULT CAPTUR,5,E01018313,0,1
2024501529409,2024,501529409,1,9,0,-1,19,1,5,-1,0,0,5,0,0,0,1,1,-1,9,2,69,10,1333,1,5,RENAULT CAPTUR,4,E01028879,0,5
2024201414912,2024,201414912,3,9,0,-1,2,0,0,-1,0,0,0,4,1,0,3,9,-1,9,1,54,8,1461,2,6,RENAULT CAPTUR,1,E01009406,0,1
2024361416811,2024,361416811,1,9,0,-1,19,5,1,-1,0,0,0,0,0,0,1,1,-1,9,1,29,6,999,1,4,RENAULT CAPTUR,7,E01026434,0,4
2024421456271,2024,421456271,1,9,0,-1,19,3,7,-1,0,0,0,0,0,0,4,1,-1,9,2,63,9,1333,1,5,RENAULT CAPTUR,6,E01021464,0,1
2024061484333,2024,061484333,1,9,0,-1,2,2,2,-1,9,2,0,10,0,0,1,1,-1,9,2,80,11,1598,8,2,RENAULT CAPTUR,5,E01006129,0,1
2024201480140,2024,201480140,1,9,0,-1,4,6,2,-1,0,1,0,0,0,0,4,1,-1,2,2,51,8,898,1,5,RENAULT CAPTUR,1,E01010527,0,1
2024631536616,2024,631536616,1,9,0,-1,19,2,6,-1,0,0,1,0,4,6,4,1,-1,9,2,26,6,1461,2,8,RENAULT CAPTUR,7,W01000682,0,3
2024541208024,2024,541208024,2,9,0,18,19,7,3,0,0,0,1,0,0,0,1,1,6,6,1,45,7,1461,2,11,RENAULT CAPTUR,2,E01034315,0,5
2024440434921,2024,440434921,1,9,0,18,19,7,3,0,0,7,0,0,0,0,2,1,6,6,1,57,9,1197,1,8,RENAULT CAPTUR,9,E01022782,0,4
2024161444685,2024,161444685,1,9,0,-1,19,8,4,-1,0,3,0,0,0,0,1,1,-1,6,2,29,6,1461,2,8,RENAULT CAPTUR,7,E01013234,0,4
2024411528660,2024,411528660,1,9,0,-1,19,7,3,-1,0,1,0,0,0,0,1,1,-1,9,2,78,11,1598,8,2,RENAULT CAPTUR,10,E01023824,0,1
2024122400433,2024,122400433,2,9,0,18,19,5,1,0,0,1,0,0,0,0,1,1,6,6,1,31,6,999,1,1,RENAULT CAPTUR,9,E01027737,0,1
2024010515338,2024,010515338,1,9,0,10,10,2,8,0,0,0,0,0,0,0,0,1,6,6,1,27,6,1598,8,1,RENAULT CAPTUR,6,E01034291,0,1
2024351477711,2024,351477711,1,9,0,-1,5,4,8,-1,0,0,0,0,0,0,1,1,-1,2,2,38,7,1461,2,9,RENAULT CAPTUR,6,E01018051,0,1
2024010507521,2024,010507521,1,9,0,16,19,5,1,9,9,8,0,7,7,10,1,1,6,6,1,67,10,1333,1,5,RENAULT CAPTUR,7,E01002265,0,1
2024311457927,2024,311457927,1,9,0,-1,1,5,1,-1,9,2,0,0,0,0,2,1,-1,6,2,62,9,1598,8,1,RENAULT CAPTUR,-1,-1,0,-1
2024501511807,2024,501511807,1,9,0,-1,19,2,6,-1,0,0,5,0,2,11,4,1,-1,6,2,23,5,1461,2,9,RENAULT CAPTUR,7,E01020043,0,2
2024340NN4752,2024,340NN4752,2,9,0,-1,19,7,3,-1,0,0,0,0,2,0,3,1,-1,9,1,54,8,1461,2,9,RENAULT CAPTUR,-1,-1,0,-1
2024302400381,2024,302400381,3,9,0,2,2,0,0,0,0,0,0,0,0,0,3,1,6,6,3,-1,-1,898,1,11,RENAULT CAPTUR,-1,-1,0,-1
2024211401570,2024,211401570,1,9,0,-1,19,4,8,-1,0,4,0,0,0,0,1,1,-1,6,2,40,7,999,1,3,RENAULT CAPTUR,6,E01014215,0,2
2024070295352,2024,070295352,1,9,0,3,3,4,8,0,0,1,0,0,0,0,1,1,6,6,2,33,6,999,1,4,RENAULT CAPTUR,3,E01018347,0,1
2024061532221,2024,061532221,1,9,0,-1,19,-1,-1,-1,0,0,0,0,0,0,4,1,-1,6,2,42,7,898,1,5,RENAULT CAPTUR,10,E01006395,0,1
2024520403354,2024,520403354,2,9,0,17,19,5,6,0,0,8,0,0,0,0,1,1,6,6,1,60,9,1598,8,0,RENAULT CAPTUR,4,E01029038,0,3
2024052400109,2024,052400109,1,9,0,9,9,5,3,0,0,8,0,0,0,0,1,1,6,6,1,52,8,1598,8,0,RENAULT CAPTUR,9,E01007172,0,1
2024201452220,2024,201452220,2,9,0,-1,19,1,5,-1,0,0,0,0,0,0,1,9,-1,9,2,39,7,898,1,11,RENAULT CAPTUR,2,E01009966,0,1
2024161423200,2024,161423200,1,9,0,-1,13,3,7,-1,0,0,0,0,0,0,3,1,-1,6,1,79,11,1461,2,9,RENAULT CAPTUR,1,E01011863,0,4
2024010502197,2024,010502197,2,9,0,18,19,7,3,0,0,8,0,0,0,0,3,1,6,6,2,71,10,1333,1,5,RENAULT CAPTUR,8,E01002178,0,1
2024052402251,2024,052402251,2,9,0,5,5,7,3,0,0,0,0,0,0,0,3,1,6,6,2,26,6,1461,2,10,RENAULT CAPTUR,9,W01000388,0,4
2024461430647,2024,461430647,1,9,0,-1,19,1,3,-1,0,0,0,0,0,0,1,1,-1,9,2,51,8,898,1,5,RENAULT CAPTUR,-1,-1,0,-1
2024161481110,2024,161481110,2,9,0,-1,9,2,8,-1,0,8,0,0,0,0,3,1,-1,9,2,44,7,898,1,10,RENAULT CAPTUR,8,E01013033,0,3
2024231401098,2024,231401098,1,9,0,-1,19,5,1,-1,0,0,0,0,0,0,1,1,-1,6,2,40,7,898,1,5,RENAULT CAPTUR,5,E01031190,0,2
2024141402308,2024,141402308,1,9,0,-1,19,7,3,-1,0,0,0,0,0,0,1,1,-1,9,1,78,11,1197,1,7,RENAULT CAPTUR,3,E01007817,0,1
2024010507816,2024,010507816,1,9,0,9,9,5,3,0,0,5,0,0,0,0,1,1,6,6,1,83,11,898,1,9,RENAULT CAPTUR,8,E01001543,0,1
2024101486236,2024,101486236,1,9,0,-1,19,1,5,-1,0,0,0,0,0,0,4,1,-1,9,2,34,6,1461,2,9,RENAULT CAPTUR,1,E01008606,0,1
2024351501920,2024,351501920,1,9,0,-1,19,1,5,-1,0,1,0,0,0,0,4,1,-1,2,2,79,11,898,1,9,RENAULT CAPTUR,7,E01018023,0,1
2024340NN2282,2024,340NN2282,1,9,0,-1,19,3,7,-1,0,5,0,0,0,0,4,1,-1,2,2,48,8,1333,1,5,RENAULT CAPTUR,3,E01027314,0,1
2024540792824,2024,540792824,1,9,0,18,19,3,7,0,0,0,0,10,7,4,1,1,6,6,1,71,10,898,1,10,RENAULT CAPTUR,9,E01031883,0,3
2024543280724,2024,543280724,2,9,0,4,4,3,7,0,0,1,0,0,0,0,2,1,6,6,2,38,7,1461,2,9,RENAULT CAPTUR,4,E01015502,0,1
2024451474479,2024,451474479,1,9,0,-1,19,1,5,-1,0,8,1,0,0,0,1,1,-1,1,1,49,8,1461,2,8,RENAULT CAPTUR,3,E01030578,0,1
2024991469440,2024,991469440,2,9,0,-1,19,5,1,-1,0,1,0,0,0,0,1,1,-1,9,1,79,11,1598,8,1,RENAULT CAPTUR,1,-1,0,1
2024302401093,2024,302401093,2,9,0,5,5,6,2,0,0,8,0,0,0,0,1,1,6,6,2,69,10,1461,2,8,RENAULT CAPTUR,-1,-1,0,-1
2024501451366,2024,501451366,1,9,0,-1,19,2,6,-1,0,0,5,0,2,0,1,1,-1,9,2,21,5,1461,2,8,RENAULT CAPTUR,6,W01001587,0,5
2024131523700,2024,131523700,1,9,0,-1,4,1,5,-1,0,1,0,0,0,0,1,1,-1,9,2,38,7,1461,2,9,RENAULT CAPTUR,-1,-1,0,-1
2024141511377,2024,141511377,2,9,0,-1,19,4,8,-1,0,1,0,0,2,0,1,1,-1,9,2,68,10,898,1,5,RENAULT CAPTUR,2,E01007546,0,2
2024052401415,2024,052401415,2,9,0,2,2,0,0,0,0,1,0,0,0,0,0,1,6,6,2,63,9,1333,1,4,RENAULT CAPTUR,6,E01007194,0,1
2024631462434,2024,631462434,1,9,0,-1,19,5,1,-1,0,0,0,0,0,0,4,1,-1,2,2,63,9,898,1,6,RENAULT CAPTUR,9,W01000549,0,4
2024440201227,2024,440201227,2,9,0,18,19,4,8,0,0,0,0,0,0,0,2,1,2,2,2,26,6,898,1,10,RENAULT CAPTUR,10,E01030460,0,4
2024311426052,2024,311426052,2,9,0,-1,4,7,3,-1,0,4,0,0,0,0,2,2,-1,6,2,33,6,1461,2,9,RENAULT CAPTUR,-1,-1,0,-1
2024471513654,2024,471513654,2,9,0,-1,19,5,1,-1,0,0,0,0,0,0,3,1,-1,1,1,38,7,898,1,7,RENAULT CAPTUR,10,E01021067,0,3
2024320087663,2024,320087663,1,9,0,9,9,8,6,0,0,8,0,0,0,0,1,1,-1,-1,1,70,10,1461,2,9,RENAULT CAPTUR,9,E01026355,0,2
2024061515610,2024,061515610,1,9,0,-1,1,1,2,-1,0,0,0,0,0,0,2,2,-1,1,1,30,6,1598,8,1,RENAULT CAPTUR,-1,-1,0,-1
2024010551594,2024,010551594,1,9,0,8,8,6,8,0,0,1,0,0,0,0,0,1,6,6,1,73,10,1333,1,4,RENAULT CAPTUR,7,E01002127,0,1
2024411490643,2024,411490643,2,9,0,-1,19,1,5,-1,0,0,0,0,0,0,2,1,-1,6,1,25,5,1598,8,0,RENAULT CAPTUR,2,E01001249,0,3
2024141444854,2024,141444854,1,9,0,-1,12,1,5,-1,0,8,0,0,0,0,3,2,-1,9,2,64,9,1461,2,11,RENAULT CAPTUR,1,E01007719,0,1
2024501513203,2024,501513203,1,9,0,-1,9,8,4,-1,0,6,0,0,0,0,4,1,-1,9,1,70,10,1461,2,9,RENAULT CAPTUR,4,E01018844,0,2
2024221516476,2024,221516476,1,9,0,-1,19,8,3,-1,0,0,0,0,0,0,3,1,-1,9,1,78,11,898,1,9,RENAULT CAPTUR,9,E01010183,0,1
2024131513281,2024,131513281,6,9,0,-1,2,5,5,-1,0,1,0,0,0,0,2,1,-1,6,-1,-1,-1,898,1,7,RENAULT CAPTUR,-1,-1,0,-1
2024010531259,2024,010531259,1,9,0,9,9,3,1,0,0,8,0,0,0,0,3,1,2,2,2,36,7,898,1,5,RENAULT CAPTUR,2,E01001076,0,3