collision_index,collision_year,collision_ref_no,vehicle_reference,vehicle_type,towing_and_articulation,vehicle_manoeuvre_historic,vehicle_manoeuvre,vehicle_direction_from,vehicle_direction_to,vehicle_location_restricted_lane_historic,vehicle_location_restricted_lane,junction_location,skidding_and_overturning,hit_object_in_carriageway,vehicle_leaving_carriageway,hit_object_off_carriageway,first_point_of_impact,vehicle_left_hand_drive,journey_purpose_of_driver_historic,journey_purpose_of_driver,sex_of_driver,age_of_driver,age_band_of_driver,engine_capacity_cc,propulsion_code,age_of_vehicle,generic_make_model,driver_imd_decile,lsoa_of_driver,escooter_flag,driver_distance_banding
2024052400944,2024,052400944,2,9,0,18,19,4,8,0,0,8,0,0,0,0,3,1,6,6,2,32,6,898,1,6,RENAULT CAPTUR,7,E01006589,0,1
2024061441140,2024,061441140,1,9,0,-1,20,5,0,-1,0,0,0,4,0,0,3,1,-1,9,2,59,9,1598,8,1,RENAULT CAPTUR,1,E01005721,0,1
2024631467956,2024,631467956,2,9,0,-1,10,7,5,-1,0,8,0,0,0,0,2,1,-1,9,2,37,7,1598,8,0,RENAULT CAPTUR,9,W01000665,0,1
2024991461533,2024,991461533,1,9,0,-1,19,1,5,-1,0,0,0,0,0,0,3,1,-1,9,1,79,11,898,1,10,RENAULT CAPTUR,-1,-1,0,-1
2024010516334,2024,010516334,1,9,0,18,19,5,1,0,0,0,0,0,0,0,1,1,6,6,3,-1,-1,1461,2,8,RENAULT CAPTUR,-1,-1,0,-1
2024161426802,2024,161426802,1,9,0,-1,19,7,3,-1,0,0,0,0,0,0,1,1,-1,9,1,36,7,1461,2,9,RENAULT CAPTUR,7,E01013307,0,1
2024052400465,2024,052400465,2,9,0,9,9,8,6,0,0,1,0,0,0,0,4,1,2,2,2,27,6,1461,2,7,RENAULT CAPTUR,1,E01018519,0,3
2024161496517,2024,161496517,1,9,0,-1,10,1,7,-1,0,6,0,0,0,0,4,1,-1,9,1,25,5,999,1,2,RENAULT CAPTUR,2,E01012872,0,2
2024991529707,2024,991529707,2,9,0,-1,19,4,7,-1,0,1,0,0,7,11,1,1,-1,6,2,60,9,1197,1,6,RENAULT CAPTUR,-1,-1,0,-1
2024052402664,2024,052402664,1,9,0,18,19,8,4,0,0,1,0,0,0,0,1,1,6,6,3,-1,-1,898,1,8,RENAULT CAPTUR,-1,-1,0,-1
2024070956233,2024,070956233,1,9,0,-1,19,3,7,-1,0,0,0,0,0,0,1,1,-1,9,1,-1,-1,898,1,5,RENAULT CAPTUR,-1,-1,0,-1
2024010538158,2024,010538158,1,9,0,99,99,9,9,99,99,9,9,99,9,99,2,9,2,2,2,28,6,1461,2,8,RENAULT CAPTUR,2,E01033937,0,1
2024401420596,2024,401420596,1,9,0,-1,5,1,3,-1,0,4,0,0,0,0,4,9,-1,9,2,35,6,898,1,6,RENAULT CAPTUR,7,E01015709,0,1
202454B619624,2024,54B619624,1,9,0,18,19,1,5,0,0,0,0,0,0,0,1,1,6,6,2,49,8,999,1,0,RENAULT CAPTUR,3,E01032118,0,1
2024101444723,2024,101444723,1,9,0,-1,4,8,4,-1,0,0,1,0,0,0,3,1,-1,9,2,69,10,1461,2,9,RENAULT CAPTUR,7,-1,0,3
2024141516795,2024,141516795,2,9,0,-1,4,8,4,-1,0,0,0,4,0,0,2,1,-1,2,2,37,7,1197,1,7,RENAULT CAPTUR,9,E01019787,0,2
2024471459128,2024,471459128,2,9,0,-1,19,4,1,-1,0,2,0,0,0,0,3,1,-1,9,1,38,7,1461,2,8,RENAULT CAPTUR,5,E01020968,0,2
2024052401956,2024,052401956,1,9,0,18,19,2,6,0,0,0,0,0,0,0,1,1,2,2,2,43,7,898,1,6,RENAULT CAPTUR,5,E01006527,0,1
2024401529007,2024,401529007,1,9,0,-1,5,1,5,-1,0,0,0,0,0,0,0,1,-1,9,2,46,8,1461,2,7,RENAULT CAPTUR,5,E01015793,0,1
2024471496437,2024,471496437,1,9,0,-1,9,2,7,-1,0,1,0,0,0,0,1,1,-1,7,2,56,9,1461,2,7,RENAULT CAPTUR,4,E01031569,0,4
2024111487347,2024,111487347,1,9,0,-1,11,4,8,-1,0,0,2,0,1,0,4,1,-1,2,1,59,9,1461,2,9,RENAULT CAPTUR,5,E01020848,0,1
2024501428698,2024,501428698,1,9,0,-1,7,6,8,-1,0,0,0,0,0,0,1,1,-1,6,1,49,8,1461,2,11,RENAULT CAPTUR,8,E01015098,0,1
2024131400796,2024,131400796,1,9,0,-1,9,1,2,-1,0,1,0,0,0,0,1,1,-1,9,2,74,10,1461,2,6,RENAULT CAPTUR,3,E01010825,0,4
2024101446165,2024,101446165,1,9,0,-1,19,7,3,-1,9,0,0,0,0,0,4,1,-1,6,2,53,8,1461,2,7,RENAULT CAPTUR,4,E01008513,0,1
2024991416449,2024,991416449,1,9,0,-1,9,4,8,-1,0,6,0,0,0,0,1,1,-1,1,2,42,7,1461,2,8,RENAULT CAPTUR,7,-1,0,2
2024501488208,2024,501488208,2,9,0,-1,3,4,8,-1,0,4,0,0,0,0,3,1,-1,9,2,82,11,1333,1,5,RENAULT CAPTUR,4,E01018891,0,3
2024471518096,2024,471518096,2,9,0,-1,19,3,7,-1,0,0,0,0,0,0,1,1,-1,7,1,83,11,1197,1,7,RENAULT CAPTUR,6,E01021145,0,1
2024010523725,2024,010523725,1,9,0,8,8,7,2,0,0,1,0,0,0,0,1,1,6,6,1,64,9,1598,8,0,RENAULT CAPTUR,9,E01000708,0,3
2024141432367,2024,141432367,1,9,0,-1,19,5,1,-1,0,0,0,0,0,0,1,1,-1,9,1,62,9,999,1,0,RENAULT CAPTUR,1,E01007406,0,2
2024070653781,2024,070653781,1,9,0,5,5,2,6,0,0,6,0,0,2,0,1,1,6,6,2,63,9,1333,1,5,RENAULT CAPTUR,9,E01018581,0,2
2024221534897,2024,221534897,2,9,0,-1,19,4,8,-1,0,4,0,0,0,0,3,1,-1,6,2,34,6,999,1,1,RENAULT CAPTUR,1,E01009081,0,3
2024461429562,2024,461429562,4,9,0,-1,3,7,3,-1,0,0,0,0,0,0,4,2,-1,6,1,53,8,1461,2,8,RENAULT CAPTUR,7,E01016028,0,2
2024061482410,2024,061482410,1,9,0,-1,9,4,1,-1,0,0,0,0,0,0,1,1,-1,9,2,85,11,1461,2,6,RENAULT CAPTUR,-1,-1,0,-1
2024161469746,2024,161469746,1,9,0,-1,1,1,5,-1,0,1,0,0,0,0,2,9,-1,6,1,-1,-1,1461,2,5,RENAULT CAPTUR,-1,-1,0,-1
2024161410619,2024,161410619,1,9,0,-1,19,2,6,-1,0,0,0,0,0,0,1,9,-1,6,2,26,6,1333,1,4,RENAULT CAPTUR,5,E01013132,0,1
2024010545902,2024,010545902,2,9,0,99,99,9,9,99,99,9,9,99,9,99,2,9,6,6,1,-1,-1,1333,1,2,RENAULT CAPTUR,3,E01003237,0,1
2024061491174,2024,061491174,2,9,0,-1,5,-1,-1,-1,0,0,1,0,0,0,1,1,-1,6,2,-1,-1,1461,2,10,RENAULT CAPTUR,4,E01005871,0,1
2024010524459,2024,010524459,2,9,0,99,99,9,9,99,99,9,9,99,9,99,1,9,6,6,2,32,6,898,1,9,RENAULT CAPTUR,2,E01001560,0,1
2024211473442,2024,211473442,1,9,0,-1,5,1,8,-1,0,5,0,0,0,0,1,1,-1,9,2,60,9,999,1,1,RENAULT CAPTUR,1,E01014213,0,2
2024631460621,2024,631460621,2,9,0,-1,4,3,7,-1,0,0,0,0,0,0,2,1,-1,9,2,27,6,1461,2,10,RENAULT CAPTUR,6,W01000517,0,4
2024070360213,2024,070360213,2,9,0,18,19,4,7,0,0,0,0,0,0,0,2,1,6,6,1,-1,-1,1333,1,5,RENAULT CAPTUR,7,E01012475,0,1
2024552400479,2024,552400479,2,9,0,18,19,8,4,0,0,8,0,0,0,0,3,1,6,6,1,63,9,898,1,6,RENAULT CAPTUR,8,E01030900,0,5
2024552401179,2024,552401179,2,9,0,17,19,6,4,0,0,8,0,0,0,0,1,1,6,6,2,33,6,898,1,7,RENAULT CAPTUR,4,E01015382,0,1
2024471460038,2024,471460038,3,9,0,-1,7,3,5,-1,0,1,0,0,0,0,2,1,-1,9,2,63,9,1333,1,5,RENAULT CAPTUR,9,E01031590,0,1
2024161516917,2024,161516917,1,9,0,-1,9,3,1,-1,0,8,0,0,0,0,1,1,-1,2,1,34,6,898,1,6,RENAULT CAPTUR,1,E01012857,0,1
2024501492525,2024,501492525,2,9,0,-1,19,7,3,-1,0,0,0,0,0,0,3,1,-1,6,2,27,6,1333,1,4,RENAULT CAPTUR,4,E01019054,0,1
2024101448693,2024,101448693,2,9,0,-1,19,3,7,-1,0,1,0,0,0,0,3,1,-1,6,2,38,7,1461,2,8,RENAULT CAPTUR,-1,-1,0,-1
2024101414560,2024,101414560,1,9,0,-1,5,7,3,-1,0,6,0,0,0,0,3,1,-1,2,2,45,7,898,1,5,RENAULT CAPTUR,3,E01008462,0,1
2024131516401,2024,131516401,1,9,0,-1,19,7,3,-1,0,1,0,11,1,1,4,1,-1,2,2,55,8,999,1,3,RENAULT CAPTUR,3,E01011783,0,1
2024991512818,2024,991512818,1,9,0,-1,19,8,4,-1,0,0,0,0,0,0,1,1,-1,2,2,41,7,898,1,8,RENAULT CAPTUR,9,-1,0,3
2024141415947,2024,141415947,3,9,0,-1,19,5,1,-1,0,0,0,0,0,0,4,1,-1,6,-1,-1,-1,1461,2,8,RENAULT CAPTUR,-1,-1,0,-1
2024010513702,2024,010513702,3,9,0,2,2,0,0,0,0,1,0,4,0,0,2,1,6,6,3,-1,-1,1197,1,8,RENAULT CAPTUR,-1,-1,0,-1
2024440320366,2024,440320366,1,9,0,18,19,8,4,0,0,0,2,0,7,4,1,1,6,6,1,43,7,1461,2,9,RENAULT CAPTUR,8,E01021040,0,5
2024010499780,2024,010499780,2,9,0,99,99,9,9,99,99,9,9,99,9,99,9,9,6,6,3,-1,-1,1197,1,10,RENAULT CAPTUR,-1,-1,0,-1
2024421526711,2024,421526711,1,9,0,-1,19,8,3,-1,0,3,0,0,0,0,1,1,-1,9,2,65,9,1598,8,0,RENAULT CAPTUR,3,E01021641,0,1
2024221527367,2024,221527367,2,9,0,-1,4,4,8,-1,0,1,0,0,0,0,1,1,-1,6,1,60,9,1598,8,0,RENAULT CAPTUR,3,E01009119,0,2
2024631411289,2024,631411289,1,9,0,-1,5,5,1,-1,0,6,0,0,0,0,3,1,-1,9,1,62,9,1598,8,1,RENAULT CAPTUR,1,W01001924,0,1
2024031442561,2024,031442561,1,9,0,-1,19,7,7,-1,0,0,0,0,0,0,4,1,-1,6,1,85,11,1461,2,10,RENAULT CAPTUR,-1,-1,0,-1
2024991477413,2024,991477413,1,9,0,-1,19,5,1,-1,0,1,0,0,0,0,1,1,-1,2,1,47,8,1461,2,6,RENAULT CAPTUR,9,-1,0,2
2024430459990,2024,430459990,4,9,0,3,3,6,2,0,0,1,0,0,0,0,2,1,6,6,1,43,7,898,1,5,RENAULT CAPTUR,10,E01016270,0,1
2024351534065,2024,351534065,1,9,0,-1,19,5,1,-1,0,0,0,4,0,0,4,1,-1,9,1,40,7,898,1,8,RENAULT CAPTUR,9,E01015648,0,2
2024421494873,2024,421494873,2,9,0,-1,19,3,7,-1,0,0,0,0,0,0,0,1,-1,9,1,74,10,898,1,4,RENAULT CAPTUR,4,E01022022,0,1
2024991497249,2024,991497249,1,9,0,-1,4,3,7,-1,0,0,0,0,0,0,2,1,-1,9,2,37,7,999,1,4,RENAULT CAPTUR,4,-1,0,1
2024221443023,2024,221443023,1,9,0,-1,19,2,6,-1,0,2,0,0,4,6,1,1,-1,6,2,79,11,898,1,7,RENAULT CAPTUR,4,W01001405,0,4
2024622400496,2024,622400496,1,9,0,18,19,3,7,0,0,1,1,0,0,0,1,1,2,2,1,56,9,1461,2,6,RENAULT CAPTUR,1,W01001785,0,2
2024320166255,2024,320166255,1,9,0,-1,-1,3,7,0,0,0,0,0,0,0,1,1,-1,-1,2,44,7,898,1,9,RENAULT CAPTUR,4,E01026318,0,3
2024061462383,2024,061462383,2,9,0,-1,19,-1,-1,-1,0,0,0,0,0,0,1,1,-1,6,2,-1,-1,898,1,6,RENAULT CAPTUR,-1,-1,0,-1
2024461464375,2024,461464375,2,9,0,-1,19,3,7,-1,0,0,0,0,0,0,2,1,-1,6,1,37,7,1461,2,10,RENAULT CAPTUR,10,E01030604,0,4
2024221479039,2024,221479039,1,9,0,-1,9,7,4,-1,0,6,0,0,0,0,3,1,-1,9,1,71,10,1461,2,9,RENAULT CAPTUR,6,E01014119,0,2
2024041463209,2024,041463209,2,9,0,-1,19,8,4,-1,0,0,1,0,0,0,1,1,-1,9,2,24,5,1598,8,3,RENAULT CAPTUR,4,E01006887,0,3
2024052400811,2024,052400811,1,9,0,5,5,8,2,0,0,6,0,0,0,0,1,1,2,2,2,30,6,1461,2,7,RENAULT CAPTUR,2,E01006765,0,1
2024141400787,2024,141400787,1,9,0,-1,5,3,7,-1,0,1,0,0,0,0,1,1,-1,1,1,44,7,1333,1,3,RENAULT CAPTUR,2,E01007680,0,2
2024041531448,2024,041531448,2,9,0,-1,19,5,1,-1,0,1,0,0,0,0,1,1,-1,9,1,80,11,898,1,8,RENAULT CAPTUR,9,E01025461,0,1
2024141400397,2024,141400397,1,9,0,-1,19,4,8,-1,0,0,0,4,0,0,4,1,-1,9,2,69,10,1461,2,6,RENAULT CAPTUR,1,E01007508,0,1
2024622500046,2024,622500046,1,9,0,18,19,5,2,0,0,3,0,0,0,0,1,1,6,6,3,-1,-1,1461,2,10,RENAULT CAPTUR,-1,-1,0,-1
2024101482887,2024,101482887,1,9,0,-1,9,5,3,-1,0,6,0,0,0,0,1,1,-1,6,1,47,8,1461,2,8,RENAULT CAPTUR,-1,-1,0,-1
2024451517415,2024,451517415,1,9,0,-1,19,2,6,-1,0,0,0,0,0,0,1,1,-1,9,1,78,11,1197,1,6,RENAULT CAPTUR,10,E01030366,0,1
2024010544463,2024,010544463,2,9,0,10,10,1,7,0,0,8,0,0,0,0,3,1,6,6,2,44,7,898,1,9,RENAULT CAPTUR,3,E01003911,0,1
2024131457352,2024,131457352,2,9,0,-1,19,5,5,-1,0,1,0,0,0,0,1,1,-1,9,1,70,10,1598,8,0,RENAULT CAPTUR,6,E01011308,0,2
2024052401345,2024,052401345,1,9,0,18,19,6,2,0,0,3,0,0,0,0,4,1,6,6,1,39,7,1461,2,9,RENAULT CAPTUR,1,E01006757,0,3
2024010543914,2024,010543914,1,9,0,99,99,9,9,99,99,9,9,99,9,99,1,1,6,6,3,35,6,898,1,9,RENAULT CAPTUR,4,E01001137,0,2
2024320459435,2024,320459435,1,9,0,-1,-1,6,2,0,0,8,1,0,3,0,4,1,-1,-1,1,27,6,1461,2,10,RENAULT CAPTUR,1,E01028066,0,4
2024361445137,2024,361445137,2,9,0,-1,19,1,5,-1,0,0,0,0,0,0,2,1,-1,9,2,47,8,898,1,6,RENAULT CAPTUR,6,E01029876,0,4
2024340WN3452,2024,340WN3452,2,9,0,-1,19,3,7,-1,0,0,0,0,0,0,2,1,-1,9,1,53,8,999,1,0,RENAULT CAPTUR,3,E01026843,0,5
2024010500345,2024,010500345,2,9,0,99,99,9,9,99,99,9,9,99,9,99,9,9,6,6,3,70,10,1333,1,5,RENAULT CAPTUR,4,E01001153,0,1
2024430267031,2024,430267031,1,9,0,9,9,7,5,0,0,0,0,0,0,0,1,1,6,6,1,43,7,1461,2,9,RENAULT CAPTUR,10,E01028591,0,1
2024161396662,2024,161396662,1,9,0,-1,19,5,1,-1,0,4,0,0,0,0,1,1,-1,9,2,33,6,1461,2,6,RENAULT CAPTUR,10,E01013108,0,1
2024631438148,2024,631438148,2,9,0,-1,19,3,7,-1,0,0,0,0,8,10,1,1,-1,6,2,27,6,898,1,8,RENAULT CAPTUR,8,W01000573,0,2
2024131529972,2024,131529972,2,9,0,-1,2,0,0,-1,0,0,0,0,0,0,2,1,-1,6,-1,-1,-1,1461,2,9,RENAULT CAPTUR,-1,-1,0,-1
2024061492165,2024,061492165,2,9,0,-1,12,-1,-1,-1,0,0,9,0,0,0,3,1,-1,6,1,-1,-1,1598,8,2,RENAULT CAPTUR,3,E01005015,0,4
2024520001205,2024,520001205,3,9,0,18,19,5,1,0,0,0,0,0,0,0,1,1,6,6,2,24,5,898,1,8,RENAULT CAPTUR,1,E01014594,0,2
2024010511384,2024,010511384,2,9,0,99,99,9,9,99,99,9,9,99,9,99,9,9,6,6,3,-1,-1,1598,8,0,RENAULT CAPTUR,-1,-1,0,-1
2024131416329,2024,131416329,1,9,0,-1,19,7,3,-1,0,1,0,0,0,0,1,1,-1,9,1,83,11,1598,8,1,RENAULT CAPTUR,2,E01011079,0,1
2024451499667,2024,451499667,1,9,0,-1,19,1,5,-1,0,0,0,0,0,0,1,1,-1,6,2,71,10,1197,1,8,RENAULT CAPTUR,7,E01030851,0,1
2024411543323,2024,411543323,1,9,-1,-1,-1,-1,-1,-1,-1,0,-1,-1,-1,0,-1,9,-1,6,3,-1,-1,898,1,6,RENAULT CAPTUR,-1,-1,0,-1
2024451512709,2024,451512709,3,9,0,-1,19,5,1,-1,0,0,0,0,0,0,1,1,-1,2,2,32,6,1461,2,10,RENAULT CAPTUR,1,E01016885,0,4
2024010545911,2024,010545911,1,9,0,99,99,9,9,99,99,9,9,99,9,99,2,9,6,6,2,37,7,1461,2,7,RENAULT CAPTUR,3,E01034608,0,2
2024221397392,2024,221397392,1,9,0,-1,14,1,5,-1,0,0,2,4,0,0,1,1,-1,9,1,22,5,1197,1,7,RENAULT CAPTUR,8,E01014036,0,2
2024071015703,2024,071015703,1,9,0,-1,9,8,4,-1,0,1,0,0,0,0,1,1,-1,6,2,78,11,1461,2,8,RENAULT CAPTUR,6,E01018654,0,1
2024161433217,2024,161433217,2,9,0,-1,19,8,4,-1,0,8,0,0,0,0,1,1,-1,9,2,61,9,1461,2,11,RENAULT CAPTUR,1,E01007491,0,4
2024430613923,2024,430613923,1,9,0,9,9,7,5,0,0,5,0,0,0,0,1,1,6,6,2,70,10,1197,1,7,RENAULT CAPTUR,10,E01028816,0,1
2024010503215,2024,010503215,2,9,0,99,99,9,9,99,99,9,9,99,9,99,3,9,6,6,3,-1,-1,1333,1,4,RENAULT CAPTUR,-1,-1,0,-1
2024111539686,2024,111539686,2,9,0,-1,10,2,6,-1,0,0,0,0,0,0,2,1,-1,6,1,67,10,1333,1,3,RENAULT CAPTUR,8,E01020756,0,1
2024451462464,2024,451462464,1,9,0,-1,19,8,4,-1,0,1,0,11,0,0,1,1,-1,6,1,14,3,1461,2,7,RENAULT CAPTUR,4,E01030747,0,2
2024111426045,2024,111426045,2,9,0,-1,19,6,2,-1,0,0,0,0,0,0,1,1,-1,6,2,35,6,1461,2,8,RENAULT CAPTUR,4,E01020887,0,2
2024552400801,2024,552400801,2,9,0,9,9,3,1,0,0,5,0,0,0,0,3,1,6,6,2,56,9,898,1,7,RENAULT CAPTUR,1,E01015281,0,1
2024520403384,2024,520403384,3,9,0,4,4,7,3,0,0,0,0,0,0,0,2,1,6,6,2,49,8,999,1,2,RENAULT CAPTUR,9,E01029159,0,1
2024991496092,2024,991496092,1,9,0,-1,19,7,4,-1,9,0,0,7,3,0,1,1,-1,6,1,35,6,1598,8,1,RENAULT CAPTUR,-1,-1,0,-1
2024052401655,2024,052401655,2,9,0,2,2,0,0,0,0,0,0,0,9,0,1,1,6,6,1,71,10,1598,8,1,RENAULT CAPTUR,6,E01007286,0,2
2024010537214,2024,010537214,1,9,0,18,19,7,3,0,0,1,0,0,0,0,1,1,6,6,2,92,11,1197,1,7,RENAULT CAPTUR,7,E01002381,0,1
2024311409378,2024,311409378,1,9,0,-1,9,7,5,-1,9,5,0,0,0,0,4,1,-1,6,1,76,11,1598,8,1,RENAULT CAPTUR,8,E01028262,0,1
2024440150180,2024,440150180,2,9,0,18,19,3,7,0,0,1,0,0,0,0,1,1,6,6,1,89,11,898,1,10,RENAULT CAPTUR,6,E01033239,0,1
2024131520265,2024,131520265,1,9,0,-1,19,6,2,-1,9,1,0,0,7,11,1,1,-1,6,1,34,6,1461,2,8,RENAULT CAPTUR,2,E01010804,0,1
2024101401090,2024,101401090,1,9,0,-1,19,3,7,-1,0,8,0,0,0,0,3,1,-1,6,1,76,11,898,1,8,RENAULT CAPTUR,7,E01008781,0,1
2024041475298,2024,041475298,1,9,0,-1,19,2,6,-1,0,8,5,0,7,1,1,1,-1,9,1,22,5,898,1,6,RENAULT CAPTUR,3,E01012644,0,1
2024061524742,2024,061524742,1,9,-1,-1,-1,-1,-1,-1,-1,-1,-1,-1,-1,0,-1,9,-1,6,3,-1,-1,1461,2,4,RENAULT CAPTUR,-1,-1,0,-1
2024010530073,2024,010530073,1,9,0,99,99,9,9,99,99,9,9,99,9,99,1,9,6,6,1,-1,-1,1461,2,9,RENAULT CAPTUR,4,E01000976,0,1
2024041532482,2024,041532482,1,9,0,-1,1,3,7,-1,0,2,0,0,0,0,2,1,-1,9,2,34,6,1461,2,8,RENAULT CAPTUR,8,E01034338,0,2
2024141434250,2024,141434250,1,9,0,-1,9,1,5,-1,0,0,0,0,0,0,1,1,-1,2,2,36,7,1461,2,9,RENAULT CAPTUR,1,E01007634,0,1
2024340NN3712,2024,340NN3712,1,9,0,-1,19,7,3,-1,0,8,5,0,0,0,4,1,-1,9,1,70,10,1333,1,3,RENAULT CAPTUR,8,E01027097,0,1
2024031491188,2024,031491188,1,9,0,-1,19,7,3,-1,0,0,0,0,0,0,2,1,-1,9,2,64,9,1598,8,1,RENAULT CAPTUR,1,E01008385,0,4
2024361410077,2024,361410077,1,9,0,-1,5,7,2,-1,0,0,0,0,0,0,1,1,-1,1,1,60,9,1461,2,8,RENAULT CAPTUR,10,E01026915,0,1
2024131582997,2024,131582997,1,9,0,-1,19,6,2,-1,0,1,0,0,0,0,1,1,-1,6,2,35,6,1461,2,8,RENAULT CAPTUR,7,E01011188,0,2
2024052400555,2024,052400555,1,9,0,18,19,4,8,0,0,0,0,0,0,0,1,1,3,7,2,32,6,1598,8,1,RENAULT CAPTUR,1,E01006919,0,1
2024522500012,2024,522500012,1,9,0,18,19,1,5,0,0,2,0,0,0,0,4,1,6,6,1,34,6,898,1,9,RENAULT CAPTUR,1,E01014536,0,2
2024461460053,2024,461460053,2,9,0,-1,19,7,3,-1,0,0,0,0,5,6,4,1,-1,9,1,49,8,1598,8,1,RENAULT CAPTUR,4,E01000406,0,2
2024122400852,2024,122400852,3,9,0,4,4,5,1,0,0,0,0,0,0,0,2,1,6,6,3,37,7,1461,2,8,RENAULT CAPTUR,9,E01012073,0,4
2024991513129,2024,991513129,1,9,0,-1,19,7,3,-1,0,8,0,0,0,0,4,1,-1,6,3,-1,-1,1333,1,5,RENAULT CAPTUR,-1,-1,0,-1
2024311525400,2024,311525400,2,9,0,-1,19,5,1,-1,0,0,0,11,0,0,1,1,-1,9,1,78,11,1461,2,7,RENAULT CAPTUR,2,E01026049,0,4
2024211509550,2024,211509550,2,9,0,-1,19,3,7,-1,0,1,0,0,0,0,3,1,-1,9,1,65,9,1461,2,6,RENAULT CAPTUR,9,E01029779,0,2
2024161496806,2024,161496806,1,9,0,-1,19,1,5,-1,0,0,0,0,0,0,4,1,-1,9,2,62,9,898,1,6,RENAULT CAPTUR,9,E01013193,0,1
2024221399827,2024,221399827,1,9,0,-1,19,1,6,-1,0,0,0,0,0,0,1,1,-1,1,2,30,6,1461,2,10,RENAULT CAPTUR,6,E01032480,0,2
2024320581307,2024,320581307,1,9,0,-1,-1,8,4,0,0,1,0,0,0,0,1,1,-1,-1,2,79,11,1461,2,9,RENAULT CAPTUR,4,E01026071,0,3
2024401479272,2024,401479272,1,9,0,-1,19,3,7,-1,0,1,1,4,1,0,1,1,-1,6,1,-1,-1,1461,2,6,RENAULT CAPTUR,-1,-1,0,-1
2024610042624,2024,610042624,1,9,0,9,9,2,8,0,0,8,0,0,0,0,1,1,6,6,1,82,11,1598,8,0,RENAULT CAPTUR,2,W01001483,0,1
2024052401747,2024,052401747,1,9,0,1,1,3,7,0,0,0,0,0,0,0,2,1,6,6,2,49,8,1598,8,1,RENAULT CAPTUR,1,E01006432,0,1
2024141550219,2024,141550219,1,9,0,-1,19,1,6,-1,0,0,0,0,0,0,0,9,-1,6,1,-1,-1,1461,2,3,RENAULT CAPTUR,-1,-1,0,-1
2024052401109,2024,052401109,1,9,0,9,9,6,4,0,0,8,0,0,0,0,1,1,6,6,2,37,7,1461,2,8,RENAULT CAPTUR,3,E01034841,0,1
2024302400361,2024,302400361,1,9,0,9,9,2,8,0,0,8,0,0,0,0,3,1,2,2,2,55,8,898,1,6,RENAULT CAPTUR,6,E01019815,0,1
2024141428057,2024,141428057,2,9,0,-1,2,0,0,-1,0,0,0,0,0,0,2,1,-1,6,-1,-1,-1,1461,2,7,RENAULT CAPTUR,-1,-1,0,-1
2024161411896,2024,161411896,1,9,0,-1,19,5,1,-1,0,0,0,0,0,0,2,9,-1,1,1,33,6,1461,2,9,RENAULT CAPTUR,3,E01026123,0,4
2024201527970,2024,201527970,1,9,0,-1,9,7,4,-1,0,8,1,0,0,0,4,1,-1,9,1,56,9,898,1,9,RENAULT CAPTUR,1,E01009844,0,1
2024122401103,2024,122401103,1,9,0,18,19,7,3,0,0,6,0,0,7,0,1,1,6,6,2,57,9,1333,1,3,RENAULT CAPTUR,5,E01027796,0,4
2024131504025,2024,131504025,2,9,0,-1,9,3,7,-1,0,2,0,0,0,0,1,1,-1,1,2,41,7,1333,1,4,RENAULT CAPTUR,3,E01011761,0,3
2024501533079,2024,501533079,2,9,0,-1,19,7,3,-1,0,1,0,0,7,0,4,1,-1,2,2,42,7,898,1,9,RENAULT CAPTUR,3,E01015159,0,2
2024991513136,2024,991513136,1,9,0,-1,19,6,1,-1,0,3,0,0,0,0,1,1,-1,9,1,66,10,898,1,6,RENAULT CAPTUR,7,-1,0,1
2024461417198,2024,461417198,2,9,0,-1,9,5,1,-1,0,0,0,0,0,0,2,9,-1,9,2,24,5,1461,2,9,RENAULT CAPTUR,2,E01024398,0,1
2024501473154,2024,501473154,2,9,0,-1,19,5,1,-1,0,0,1,0,0,0,1,1,-1,9,2,29,6,1461,2,8,RENAULT CAPTUR,5,E01020342,0,3
2024311468313,2024,311468313,1,9,0,-1,5,6,2,-1,0,4,0,0,0,0,3,1,-1,6,2,34,6,1598,8,0,RENAULT CAPTUR,4,E01027933,0,2
2024141505211,2024,141505211,1,9,0,-1,9,5,3,-1,0,8,0,0,0,0,1,1,-1,9,1,33,6,1461,2,7,RENAULT CAPTUR,6,E01013253,0,4
2024501463176,2024,501463176,1,9,0,-1,19,3,7,-1,0,0,5,0,0,0,3,1,-1,9,2,83,11,1333,1,3,RENAULT CAPTUR,3,E01020294,0,4
2024471433637,2024,471433637,2,9,0,-1,19,8,4,-1,0,1,0,0,0,0,3,1,-1,6,2,59,9,1333,1,4,RENAULT CAPTUR,6,E01031660,0,1
2024440219417,2024,440219417,2,9,0,18,19,3,7,0,0,8,0,0,0,0,3,1,6,6,1,82,11,1461,2,8,RENAULT CAPTUR,9,E01019951,0,5
2024052401714,2024,052401714,2,9,0,18,19,2,6,0,0,0,0,0,0,0,2,1,6,6,1,30,6,1461,2,9,RENAULT CAPTUR,2,E01006765,0,1
2024101395578,2024,101395578,1,9,0,-1,9,2,7,-1,0,2,0,0,0,0,1,9,-1,6,1,40,7,1333,1,5,RENAULT CAPTUR,1,E01008837,0,1
2024010535643,2024,010535643,2,9,0,99,99,9,9,99,99,9,9,99,9,99,1,9,6,6,3,-1,-1,1333,1,3,RENAULT CAPTUR,-1,-1,0,-1
2024544163624,2024,544163624,1,9,0,18,19,7,3,0,0,0,0,0,0,0,1,1,6,6,1,39,7,1333,1,2,RENAULT CAPTUR,6,E01019902,0,4