collision_index,collision_year,collision_ref_no,vehicle_reference,vehicle_type,towing_and_articulation,vehicle_manoeuvre_historic,vehicle_manoeuvre,vehicle_direction_from,vehicle_direction_to,vehicle_location_restricted_lane_historic,vehicle_location_restricted_lane,junction_location,skidding_and_overturning,hit_object_in_carriageway,vehicle_leaving_carriageway,hit_object_off_carriageway,first_point_of_impact,vehicle_left_hand_drive,journey_purpose_of_driver_historic,journey_purpose_of_driver,sex_of_driver,age_of_driver,age_band_of_driver,engine_capacity_cc,propulsion_code,age_of_vehicle,generic_make_model,driver_imd_decile,lsoa_of_driver,escooter_flag,driver_distance_banding
2024421408353,2024,421408353,2,9,0,-1,2,0,0,-1,0,0,0,0,0,0,1,1,-1,6,-1,-1,-1,1798,8,6,TOYOTA C-HR,-1,-1,0,-1
2024141503380,2024,141503380,1,9,0,-1,19,6,2,-1,0,0,0,0,0,0,3,1,-1,9,1,63,9,1987,8,2,TOYOTA C-HR,7,E01007399,0,1
2024010529570,2024,010529570,2,9,0,18,19,7,3,0,0,1,0,0,0,0,3,1,6,6,2,36,7,1798,8,7,TOYOTA C-HR,7,E01003407,0,1
2024010524424,2024,010524424,2,9,0,18,19,1,5,0,0,1,0,0,0,0,1,1,2,2,1,34,6,1798,8,0,TOYOTA C-HR,2,E01002831,0,1
2024101398940,2024,101398940,2,9,0,-1,5,5,1,-1,0,8,0,0,0,0,1,1,-1,2,2,66,10,1798,8,3,TOYOTA C-HR,3,E01008247,0,2
2024522500142,2024,522500142,2,9,0,18,19,1,5,0,0,0,0,0,0,0,2,1,6,6,2,38,7,1798,8,1,TOYOTA C-HR,7,E01035218,0,1
2024010501155,2024,010501155,1,9,0,99,99,9,9,99,99,9,9,99,9,99,9,9,1,1,1,34,6,1987,8,4,TOYOTA C-HR,10,E01003889,0,2
2024201456929,2024,201456929,1,9,0,-1,19,4,8,-1,0,0,0,4,0,0,4,2,-1,9,2,21,5,1197,1,6,TOYOTA C-HR,2,E01010474,0,1
2024010501718,2024,010501718,1,9,0,9,9,5,3,0,0,6,0,0,0,0,1,1,6,6,3,-1,-1,1798,8,3,TOYOTA C-HR,-1,-1,0,-1
2024302400961,2024,302400961,1,9,0,18,19,3,7,0,0,0,0,0,0,0,2,1,2,2,1,74,10,1197,1,5,TOYOTA C-HR,10,E01028084,0,2
2024010528083,2024,010528083,3,9,0,18,19,4,8,0,0,8,0,0,0,0,2,2,6,6,1,53,8,1798,8,6,TOYOTA C-HR,4,E01000312,0,1
2024010519485,2024,010519485,2,9,0,17,19,1,5,9,9,1,5,0,1,4,1,1,6,6,1,24,5,1798,8,5,TOYOTA C-HR,-1,-1,0,-1
2024010503920,2024,010503920,2,9,0,99,99,9,9,99,99,9,9,99,9,99,9,9,6,6,3,-1,-1,1197,1,7,TOYOTA C-HR,-1,-1,0,-1
2024101519286,2024,101519286,1,9,0,-1,19,2,6,-1,0,8,0,0,0,0,1,1,-1,6,2,-1,-1,1798,8,3,TOYOTA C-HR,4,E01033553,0,3
2024070849945,2024,070849945,3,9,0,-1,19,1,1,-1,0,0,0,0,0,0,2,1,-1,6,2,47,8,1987,8,1,TOYOTA C-HR,10,E01018503,0,1
2024010499088,2024,010499088,2,9,0,99,99,9,9,99,99,9,9,99,9,99,9,9,6,6,3,-1,-1,1798,8,7,TOYOTA C-HR,-1,-1,0,-1
2024622400335,2024,622400335,2,9,0,9,9,3,8,0,0,7,0,0,0,0,2,1,6,6,1,62,9,1798,8,0,TOYOTA C-HR,3,W01001317,0,4
2024010541453,2024,010541453,1,9,3,99,99,9,9,99,99,9,9,99,9,99,9,9,6,6,3,-1,-1,1798,8,6,TOYOTA C-HR,9,E01017582,0,4
2024010500446,2024,010500446,1,9,0,99,99,9,9,99,99,9,9,99,9,99,2,9,6,6,2,51,8,1987,8,4,TOYOTA C-HR,3,E01001650,0,3
2024411394644,2024,411394644,1,8,0,-1,6,-1,-1,-1,0,0,0,0,0,0,1,9,-1,6,1,56,9,1798,8,6,TOYOTA C-HR,10,E01033190,0,2
2024201525451,2024,201525451,3,9,0,-1,7,2,4,-1,0,0,0,0,0,0,0,1,-1,9,2,62,9,1798,8,6,TOYOTA C-HR,6,E01009523,0,1
2024141403273,2024,141403273,1,9,0,-1,5,4,7,-1,0,6,0,0,0,0,3,1,-1,9,1,41,7,1798,8,5,TOYOTA C-HR,2,E01007968,0,2
2024010545343,2024,010545343,1,9,0,11,11,5,1,0,0,1,0,0,0,0,4,1,6,6,1,43,7,1798,8,5,TOYOTA C-HR,-1,-1,0,-1
2024451528642,2024,451528642,1,9,0,-1,3,-1,-1,-1,0,3,9,0,0,0,2,1,-1,2,2,34,6,1798,8,5,TOYOTA C-HR,10,E01030604,0,1
2024302400385,2024,302400385,1,9,0,16,19,2,5,0,0,0,1,0,0,0,3,1,6,6,1,61,9,1798,8,3,TOYOTA C-HR,5,E01013530,0,2
2024311481970,2024,311481970,2,9,0,-1,9,3,1,-1,0,8,0,0,0,0,1,1,-1,9,2,46,8,1197,1,6,TOYOTA C-HR,5,E01028162,0,1
2024052400796,2024,052400796,2,9,0,11,11,8,4,0,0,0,0,0,0,0,4,1,6,6,2,28,6,1798,8,3,TOYOTA C-HR,3,E01014942,0,5
2024461401298,2024,461401298,2,9,0,-1,2,0,0,-1,0,0,0,0,0,0,2,9,-1,6,1,37,7,1798,8,1,TOYOTA C-HR,9,E01028115,0,5
2024010531351,2024,010531351,1,9,0,7,7,3,5,0,0,2,0,0,0,0,1,1,6,6,2,32,6,1798,8,6,TOYOTA C-HR,-1,-1,0,-1
2024201411028,2024,201411028,1,9,0,-1,19,7,4,-1,0,8,0,0,0,0,1,1,-1,6,1,24,5,1798,8,4,TOYOTA C-HR,4,E01009863,0,1
2024052400928,2024,052400928,2,9,0,18,19,5,1,0,0,4,0,0,0,0,3,1,6,6,2,60,9,1798,8,3,TOYOTA C-HR,2,E01006953,0,1
2024201424917,2024,201424917,2,9,0,-1,19,7,3,-1,0,8,5,7,0,0,1,9,-1,6,2,47,8,1798,8,4,TOYOTA C-HR,1,E01008913,0,1
2024010535327,2024,010535327,1,9,0,2,2,0,0,0,0,1,0,0,0,0,3,1,6,6,3,-1,-1,1798,8,6,TOYOTA C-HR,-1,-1,0,-1
2024010515870,2024,010515870,2,9,0,6,6,3,3,99,99,9,9,99,9,99,2,1,6,6,3,32,6,1798,8,4,TOYOTA C-HR,4,E01035686,0,3
2024010531848,2024,010531848,1,9,0,2,2,1,5,0,0,2,0,0,0,0,3,1,3,7,2,59,9,1197,1,6,TOYOTA C-HR,6,E01000847,0,1
2024461501326,2024,461501326,1,9,0,-1,19,6,2,-1,0,0,0,0,7,0,1,1,-1,2,1,44,7,1798,8,6,TOYOTA C-HR,5,E01024164,0,4
2024320058666,2024,320058666,2,9,0,2,2,0,0,0,0,2,0,0,0,0,4,1,-1,-1,2,38,7,1197,1,7,TOYOTA C-HR,6,E01026199,0,3
2024141456167,2024,141456167,1,9,0,-1,19,5,1,-1,0,1,0,0,1,11,2,1,-1,9,2,46,8,1798,8,1,TOYOTA C-HR,6,E01008087,0,1
2024010521441,2024,010521441,2,9,0,18,19,3,7,0,0,0,0,0,0,0,2,1,6,6,1,28,6,1798,8,3,TOYOTA C-HR,3,E01034207,0,1
2024471503698,2024,471503698,3,9,0,-1,4,1,5,-1,0,0,0,0,0,0,2,1,-1,1,1,40,7,1798,8,3,TOYOTA C-HR,4,E01031552,0,2
2024010527576,2024,010527576,1,9,0,18,19,1,5,0,0,0,0,0,0,0,1,1,6,6,1,75,10,1798,8,5,TOYOTA C-HR,5,E01001681,0,1
2024010493852,2024,010493852,2,9,0,18,19,7,3,0,0,0,0,0,0,0,1,1,6,6,1,51,8,1798,8,4,TOYOTA C-HR,6,E01000430,0,2
2024010543090,2024,010543090,1,9,0,18,19,5,1,0,0,8,0,11,0,0,1,1,6,6,1,41,7,1798,8,5,TOYOTA C-HR,8,E01002132,0,1
2024131485851,2024,131485851,1,9,0,-1,1,1,1,-1,9,6,0,0,0,0,2,1,-1,6,2,52,8,1798,8,6,TOYOTA C-HR,4,E01010656,0,1
2024141458063,2024,141458063,2,9,0,-1,19,5,1,-1,0,2,0,0,0,0,0,9,-1,6,2,30,6,1798,8,5,TOYOTA C-HR,1,E01005350,0,4
2024461414330,2024,461414330,1,9,0,-1,19,3,7,-1,0,0,0,0,0,0,1,1,-1,6,1,43,7,1798,8,6,TOYOTA C-HR,-1,-1,0,-1
2024010549973,2024,010549973,1,9,0,18,19,7,3,0,0,5,0,0,0,0,0,1,1,1,1,36,7,1798,8,7,TOYOTA C-HR,2,E01024305,0,4
2024010510777,2024,010510777,2,9,9,99,99,9,9,99,99,9,9,99,9,99,9,9,6,6,3,-1,-1,1798,8,5,TOYOTA C-HR,-1,-1,0,-1
2024991421246,2024,991421246,1,9,0,-1,19,8,4,-1,0,5,0,4,0,0,1,1,-1,9,2,69,10,1798,8,1,TOYOTA C-HR,7,-1,0,1
2024011513158,2024,011513158,2,9,0,-1,5,2,6,-1,0,4,0,0,0,0,1,1,-1,9,1,51,8,1798,8,7,TOYOTA C-HR,9,E01015857,0,4
2024061499580,2024,061499580,2,8,0,-1,5,-1,-1,-1,0,1,0,0,0,0,3,1,-1,6,3,-1,-1,1798,8,4,TOYOTA C-HR,-1,-1,0,-1
2024061492007,2024,061492007,2,8,0,-1,10,-1,-1,-1,0,8,0,0,0,0,3,1,-1,6,1,-1,-1,1798,8,7,TOYOTA C-HR,-1,-1,0,-1
2024421492484,2024,421492484,2,9,0,-1,4,1,5,-1,0,0,0,0,0,0,2,1,-1,6,2,31,6,1798,8,5,TOYOTA C-HR,6,E01015950,0,2
2024141405705,2024,141405705,1,9,0,-1,19,3,8,-1,0,1,0,0,0,0,1,9,-1,6,2,53,8,1798,8,3,TOYOTA C-HR,4,E01007699,0,2
2024340NN0572,2024,340NN0572,2,9,0,-1,19,6,2,-1,0,8,0,0,0,0,3,1,-1,2,2,27,6,1798,8,6,TOYOTA C-HR,7,E01035396,0,3
2024471511756,2024,471511756,1,9,0,-1,19,3,7,-1,0,0,0,0,1,0,3,1,-1,9,1,91,11,1798,8,1,TOYOTA C-HR,9,E01021175,0,1
2024201472173,2024,201472173,3,9,0,-1,19,4,8,-1,0,0,0,0,0,0,1,9,-1,6,2,58,9,1798,8,4,TOYOTA C-HR,8,E01009736,0,2
2024461396429,2024,461396429,3,9,0,-1,19,5,1,-1,0,0,0,0,0,0,2,9,-1,6,1,24,5,1798,8,7,TOYOTA C-HR,4,E01024002,0,1
2024211496434,2024,211496434,1,9,0,-1,19,7,3,-1,0,0,0,0,1,7,1,1,-1,9,1,22,5,1197,1,5,TOYOTA C-HR,4,E01029598,0,1
2024122400557,2024,122400557,1,9,0,18,19,6,2,0,0,0,0,12,0,0,1,1,6,6,1,32,6,1798,8,0,TOYOTA C-HR,6,E01027784,0,4
2024061502974,2024,061502974,1,9,0,-1,99,-1,-1,-1,99,9,9,99,9,99,1,1,-1,6,2,31,6,1798,8,7,TOYOTA C-HR,-1,-1,0,-1
2024141501711,2024,141501711,3,9,0,-1,10,0,0,-1,0,1,0,0,0,0,2,1,-1,6,2,32,6,1798,8,2,TOYOTA C-HR,6,E01007516,0,1
2024010511051,2024,010511051,2,9,9,99,99,9,9,99,99,9,9,99,9,99,9,9,6,6,3,-1,-1,1798,8,1,TOYOTA C-HR,-1,-1,0,-1
2024141493105,2024,141493105,1,9,0,-1,19,6,2,-1,0,8,0,0,0,0,1,1,-1,1,1,56,9,1798,8,5,TOYOTA C-HR,1,E01034842,0,1
2024211534575,2024,211534575,2,9,0,-1,3,4,4,-1,0,1,0,0,0,0,0,1,-1,9,2,46,8,1798,8,3,TOYOTA C-HR,1,E01034054,0,1
2024010511392,2024,010511392,1,9,0,99,99,9,9,99,99,9,9,99,9,99,2,9,2,2,1,22,5,1197,1,7,TOYOTA C-HR,2,E01003932,0,2
2024440329604,2024,440329604,2,9,0,18,19,3,7,0,0,8,0,0,0,0,1,1,6,6,1,83,11,1798,8,7,TOYOTA C-HR,4,E01017068,0,1
2024010490056,2024,010490056,1,9,0,18,19,5,1,0,0,0,0,0,0,0,1,1,6,6,1,21,5,1798,8,3,TOYOTA C-HR,4,E01001243,0,1
2024522401307,2024,522401307,2,9,0,18,19,7,3,0,0,0,0,0,0,0,3,1,6,6,2,68,10,1798,8,2,TOYOTA C-HR,1,E01014831,0,1
2024991456774,2024,991456774,1,9,0,-1,19,2,5,-1,0,0,0,0,0,0,3,1,-1,9,1,78,11,1987,8,0,TOYOTA C-HR,4,-1,0,4
2024052401341,2024,052401341,1,8,0,1,1,4,8,0,0,0,0,0,0,0,2,1,1,1,1,46,8,1798,8,3,TOYOTA C-HR,1,E01033767,0,2
2024401444092,2024,401444092,1,9,-1,-1,-1,-1,-1,-1,-1,0,-1,-1,-1,0,-1,9,-1,6,1,43,7,1798,8,2,TOYOTA C-HR,5,E01034429,0,1
2024302400688,2024,302400688,2,9,0,18,19,6,4,0,0,0,0,0,0,0,3,1,2,2,2,41,7,1798,8,7,TOYOTA C-HR,9,E01028120,0,2
2024010527991,2024,010527991,1,9,0,11,11,1,5,0,0,0,0,0,0,0,3,1,1,1,2,33,6,1197,1,5,TOYOTA C-HR,5,E01003084,0,1
2024361462937,2024,361462937,2,9,0,-1,19,1,5,-1,0,0,0,0,0,0,1,1,-1,1,1,42,7,1798,8,1,TOYOTA C-HR,-1,-1,0,-1
2024461462925,2024,461462925,1,9,0,-1,6,1,5,-1,0,0,0,0,0,0,1,9,-1,6,1,-1,-1,1798,8,6,TOYOTA C-HR,4,E01016163,0,3
2024010533255,2024,010533255,3,9,0,2,2,0,0,0,0,1,0,4,0,0,4,1,6,6,3,-1,-1,1798,8,1,TOYOTA C-HR,-1,-1,0,-1
2024131426561,2024,131426561,1,9,0,-1,4,6,2,-1,0,1,0,0,0,0,1,1,-1,6,1,44,7,1798,8,2,TOYOTA C-HR,3,E01011328,0,1
2024302401551,2024,302401551,1,9,0,9,9,5,4,0,0,1,0,0,0,0,1,1,6,6,1,38,7,1798,8,4,TOYOTA C-HR,6,E01019654,0,1
2024010527415,2024,010527415,3,9,0,2,2,0,0,0,0,0,0,0,0,0,0,1,6,6,3,-1,-1,1197,1,5,TOYOTA C-HR,-1,-1,0,-1
2024141406224,2024,141406224,1,9,0,-1,9,4,2,-1,0,6,0,0,0,0,1,1,-1,1,1,44,7,1798,8,5,TOYOTA C-HR,1,E01007904,0,1
2024061414467,2024,061414467,2,9,-1,-1,-1,-1,-1,-1,-1,0,-1,-1,-1,0,-1,9,-1,6,2,31,6,1798,8,2,TOYOTA C-HR,5,E01005268,0,1
2024501517814,2024,501517814,1,9,0,-1,19,3,7,-1,0,0,0,0,0,0,1,1,-1,2,1,31,6,1798,8,0,TOYOTA C-HR,1,E01015196,0,1
2024461514649,2024,461514649,1,9,0,-1,9,7,5,-1,0,2,0,0,0,0,1,9,-1,6,1,-1,-1,1798,8,7,TOYOTA C-HR,6,E01024530,0,2
2024440020531,2024,440020531,2,9,0,14,14,2,6,0,0,0,0,0,0,0,1,1,6,6,2,-1,-1,1798,8,2,TOYOTA C-HR,-1,-1,0,-1
2024010515145,2024,010515145,1,9,0,9,9,8,5,0,0,8,0,0,0,0,3,1,1,1,1,42,7,1798,8,7,TOYOTA C-HR,4,E01004462,0,2
2024430581673,2024,430581673,1,9,0,2,2,0,0,0,0,0,0,0,0,0,3,1,6,6,1,42,7,1798,8,6,TOYOTA C-HR,8,E01016703,0,2
2024010530093,2024,010530093,3,9,0,2,2,0,0,0,0,2,0,0,0,0,1,1,6,6,3,-1,-1,1798,8,7,TOYOTA C-HR,-1,-1,0,-1
2024061496299,2024,061496299,1,9,0,-1,19,7,3,-1,0,0,0,0,0,0,1,1,-1,9,1,77,11,1798,8,2,TOYOTA C-HR,1,E01005370,0,1
2024543057524,2024,543057524,1,9,0,7,7,8,2,9,9,6,0,0,0,0,1,1,1,1,2,52,8,1987,8,1,TOYOTA C-HR,6,E01032692,0,3
2024201443038,2024,201443038,2,9,0,-1,9,4,2,-1,0,6,0,0,0,0,1,1,-1,6,2,39,7,1798,8,3,TOYOTA C-HR,-1,-1,0,-1
2024461494236,2024,461494236,1,9,0,-1,9,5,2,-1,0,6,0,0,0,0,3,1,-1,6,2,56,9,1798,8,3,TOYOTA C-HR,8,E01016175,0,2
2024471534447,2024,471534447,1,9,0,-1,4,2,7,-1,0,0,0,0,0,0,4,9,-1,6,1,74,10,1798,8,4,TOYOTA C-HR,9,E01021191,0,1
2024522401089,2024,522401089,1,9,0,9,9,1,7,0,0,5,0,0,0,0,4,1,6,6,2,41,7,1798,8,4,TOYOTA C-HR,1,E01033356,0,1
2024332401210,2024,332401210,2,9,0,-1,19,7,3,-1,0,1,0,0,0,0,1,1,-1,6,3,-1,-1,1798,8,6,TOYOTA C-HR,-1,-1,0,-1
2024351454731,2024,351454731,1,9,0,-1,4,7,3,-1,0,4,0,0,0,0,1,9,-1,6,2,28,6,1798,8,4,TOYOTA C-HR,1,E01015600,0,1
2024131512407,2024,131512407,1,9,0,-1,19,1,5,-1,0,0,5,11,0,0,1,1,-1,9,1,51,8,1798,8,4,TOYOTA C-HR,1,E01007411,0,2
2024461513486,2024,461513486,1,9,0,-1,19,3,7,-1,0,0,0,0,0,0,1,9,-1,1,2,31,6,1798,8,7,TOYOTA C-HR,7,E01024350,0,2
2024010537727,2024,010537727,1,8,0,9,9,1,7,0,0,8,0,0,0,0,0,1,1,1,2,56,9,1197,1,7,TOYOTA C-HR,3,E01001629,0,2
2024461497168,2024,461497168,1,9,0,-1,4,5,1,-1,0,0,0,0,0,0,1,1,-1,9,2,36,7,1798,8,5,TOYOTA C-HR,4,E01001023,0,4
2024041455040,2024,041455040,2,9,0,-1,4,7,3,-1,0,1,0,0,0,0,2,1,-1,9,2,31,6,1798,8,5,TOYOTA C-HR,2,E01025268,0,3
2024351507960,2024,351507960,1,9,0,-1,19,8,4,-1,0,1,0,0,0,0,1,1,-1,9,2,30,6,1798,8,6,TOYOTA C-HR,3,E01014327,0,5
2024501491416,2024,501491416,2,9,0,-1,19,6,2,-1,0,1,0,0,0,0,1,1,-1,6,2,52,8,1798,8,7,TOYOTA C-HR,9,E01029310,0,3
2024131400788,2024,131400788,1,9,0,-1,19,5,5,-1,0,8,0,0,0,0,3,1,-1,9,2,51,8,1798,8,6,TOYOTA C-HR,6,E01010644,0,4
2024552401089,2024,552401089,2,9,0,17,19,8,6,0,0,0,0,0,0,0,3,1,6,6,1,46,8,1798,8,3,TOYOTA C-HR,10,E01000793,0,5
2024421457186,2024,421457186,1,9,0,-1,5,5,3,-1,0,6,0,0,0,0,1,1,-1,6,1,-1,-1,1798,8,5,TOYOTA C-HR,-1,-1,0,-1
2024041408686,2024,041408686,2,9,0,-1,19,3,7,-1,0,1,0,0,0,0,4,1,-1,9,2,56,9,1798,8,5,TOYOTA C-HR,8,E01012583,0,1
2024010493512,2024,010493512,2,9,0,9,9,1,7,0,0,6,0,0,0,0,1,2,6,6,1,29,6,1798,8,5,TOYOTA C-HR,2,E01000052,0,3
2024161485778,2024,161485778,1,9,0,-1,19,3,3,-1,9,0,0,0,0,0,1,1,-1,9,2,67,10,1798,8,1,TOYOTA C-HR,3,E01034752,0,1
2024010511580,2024,010511580,3,9,0,3,3,3,7,0,0,1,0,7,0,0,1,1,6,6,2,53,8,1798,8,7,TOYOTA C-HR,5,E01021790,0,2
2024501527236,2024,501527236,2,9,0,-1,19,4,8,-1,0,1,0,0,0,0,4,1,-1,9,1,57,9,1197,1,7,TOYOTA C-HR,3,E01020297,0,1
2024201443115,2024,201443115,1,9,0,-1,13,4,8,-1,0,8,0,0,0,0,1,1,-1,6,1,20,4,1797,8,6,TOYOTA C-HR,-1,-1,0,-1
2024401451982,2024,401451982,2,9,-1,-1,-1,-1,-1,-1,-1,0,-1,-1,-1,0,-1,9,-1,1,1,34,6,1798,8,4,TOYOTA C-HR,5,E01015753,0,1
2024010538392,2024,010538392,1,9,0,9,9,7,5,0,0,1,0,0,0,0,1,1,6,6,2,40,7,1798,8,1,TOYOTA C-HR,9,E01002155,0,4
2024010533624,2024,010533624,2,9,9,99,99,9,9,99,99,9,9,99,9,99,9,1,6,6,1,-1,-1,1798,8,3,TOYOTA C-HR,-1,-1,0,-1
2024061548583,2024,061548583,1,9,0,-1,9,1,1,-1,0,8,0,7,0,0,1,1,-1,9,1,30,6,1798,8,5,TOYOTA C-HR,2,E01005238,0,1
2024332400510,2024,332400510,2,9,0,-1,19,5,1,-1,0,8,0,0,0,0,1,1,-1,6,2,43,7,1798,8,2,TOYOTA C-HR,4,E01013747,0,1
2024010518888,2024,010518888,1,9,0,7,7,7,2,0,0,8,0,0,0,0,4,1,1,1,1,51,8,1798,8,6,TOYOTA C-HR,2,E01003489,0,2
2024161515732,2024,161515732,1,9,0,-1,9,1,6,-1,0,1,0,0,0,0,1,1,-1,1,3,28,6,1798,8,0,TOYOTA C-HR,4,E01012820,0,1
2024010522224,2024,010522224,1,9,0,5,5,1,5,0,0,8,0,0,0,0,1,1,6,6,3,-1,-1,1798,8,3,TOYOTA C-HR,-1,-1,0,-1
2024231505378,2024,231505378,1,9,0,-1,5,8,4,-1,0,6,0,0,0,0,1,1,-1,6,1,40,7,1798,8,5,TOYOTA C-HR,3,E01031238,0,1
2024211493844,2024,211493844,1,9,0,-1,3,5,1,-1,0,4,0,0,0,0,1,1,-1,6,2,59,9,1798,8,3,TOYOTA C-HR,-1,-1,0,-1
2024421483459,2024,421483459,2,9,0,-1,3,3,7,-1,0,1,0,0,0,0,2,1,-1,9,1,66,10,1798,8,0,TOYOTA C-HR,3,E01002243,0,4
2024010520050,2024,010520050,1,9,0,3,3,5,1,0,0,1,0,0,0,0,2,1,6,6,2,47,8,1798,8,4,TOYOTA C-HR,4,E01001518,0,1
2024010535242,2024,010535242,3,9,0,4,4,1,5,0,0,1,0,0,0,0,2,1,2,2,1,39,7,1798,8,5,TOYOTA C-HR,5,E01002613,0,1
2024070919419,2024,070919419,3,9,0,-1,19,4,8,-1,0,0,0,0,0,0,1,1,-1,2,2,66,10,1798,8,1,TOYOTA C-HR,3,E01018731,0,1
2024451429710,2024,451429710,2,9,0,-1,19,5,1,-1,0,3,0,0,0,0,1,1,-1,9,2,36,7,1798,8,6,TOYOTA C-HR,5,E01030311,0,1
2024141454528,2024,141454528,2,9,0,-1,19,4,8,-1,0,1,0,0,0,0,4,1,-1,9,1,73,10,1987,8,0,TOYOTA C-HR,1,E01007794,0,1
2024061527062,2024,061527062,1,9,0,-1,2,-1,-1,-1,99,0,0,0,3,0,2,1,-1,6,1,25,5,1798,8,4,TOYOTA C-HR,7,E01005847,0,3
2024991444657,2024,991444657,2,9,0,-1,19,3,8,-1,0,0,0,0,0,0,1,1,-1,9,1,50,8,1798,8,4,TOYOTA C-HR,-1,-1,0,-1
2024010542249,2024,010542249,2,9,0,18,19,9,9,99,99,9,9,99,9,99,1,9,6,6,1,36,7,1798,8,6,TOYOTA C-HR,5,E01004564,0,1
2024991534683,2024,991534683,2,9,0,-1,5,6,3,-1,0,0,0,0,0,0,0,1,-1,2,1,38,7,1798,8,3,TOYOTA C-HR,7,-1,0,2
2024131425437,2024,131425437,2,9,0,-1,19,5,1,-1,0,0,0,0,0,0,2,1,-1,9,2,40,7,1798,8,2,TOYOTA C-HR,5,E01011390,0,2
2024320219278,2024,320219278,1,9,0,-1,-1,2,6,0,0,1,0,0,0,0,1,1,6,6,2,28,6,1798,8,3,TOYOTA C-HR,-1,-1,0,-1
2024401507140,2024,401507140,1,9,0,-1,4,4,8,-1,0,0,1,10,0,0,2,1,-1,6,2,41,7,1798,8,3,TOYOTA C-HR,4,E01015804,0,1
2024340NN4482,2024,340NN4482,1,9,0,-1,5,7,5,-1,0,4,0,0,0,0,1,1,-1,6,2,39,7,1197,1,6,TOYOTA C-HR,9,E01027116,0,1
2024010524784,2024,010524784,3,9,0,3,3,4,8,0,0,1,0,0,0,0,2,1,6,6,1,40,7,1798,8,2,TOYOTA C-HR,1,E01033649,0,5
2024401476045,2024,401476045,1,9,0,-1,19,5,1,-1,0,0,0,0,2,0,1,1,-1,6,2,76,11,1798,8,5,TOYOTA C-HR,5,E01015775,0,1
2024010504372,2024,010504372,1,9,0,9,9,4,1,0,0,2,0,0,0,0,0,1,6,6,1,43,7,1798,8,6,TOYOTA C-HR,3,E01003544,0,3
2024340WN4812,2024,340WN4812,2,9,0,-1,4,7,3,-1,0,0,0,0,0,0,2,1,-1,9,1,42,7,1798,8,5,TOYOTA C-HR,1,E01027231,0,1
2024010499346,2024,010499346,1,9,0,99,99,9,9,99,99,9,9,99,9,99,2,9,6,6,2,31,6,1798,8,5,TOYOTA C-HR,4,E01004408,0,1
2024010515363,2024,010515363,1,9,0,3,3,1,5,0,0,1,1,4,0,0,2,1,6,6,2,41,7,1798,8,5,TOYOTA C-HR,6,E01002662,0,1
2024471504888,2024,471504888,2,9,0,-1,19,7,3,-1,0,0,0,0,0,0,4,9,-1,6,1,44,7,1798,8,2,TOYOTA C-HR,4,E01031608,0,1
2024061505812,2024,061505812,1,9,0,-1,9,7,1,-1,0,0,0,2,0,0,1,1,-1,9,1,80,11,1798,8,3,TOYOTA C-HR,-1,-1,0,-1
2024141525171,2024,141525171,1,9,0,-1,19,7,3,-1,0,1,0,0,0,0,1,1,-1,1,1,40,7,1798,8,4,TOYOTA C-HR,1,E01007874,0,2
2024501410834,2024,501410834,1,9,0,-1,19,1,6,-1,0,1,1,0,0,0,4,1,-1,1,2,27,6,1798,8,1,TOYOTA C-HR,2,E01015171,0,1
2024991452235,2024,991452235,1,9,0,-1,5,5,8,-1,0,1,0,0,0,0,3,1,-1,6,1,74,10,1798,8,4,TOYOTA C-HR,-1,-1,0,-1
2024010518527,2024,010518527,1,9,0,18,19,2,6,0,0,1,1,7,0,0,3,1,6,6,1,30,6,1798,8,6,TOYOTA C-HR,-1,-1,0,-1
2024010524291,2024,010524291,1,9,0,18,19,1,5,0,0,0,0,0,0,0,1,1,2,2,1,46,8,1798,8,4,TOYOTA C-HR,6,E01000369,0,3
2024340WN5302,2024,340WN5302,1,9,0,-1,7,7,5,-1,0,6,0,0,0,0,1,1,-1,2,1,46,8,1798,8,6,TOYOTA C-HR,5,E01027158,0,1
2024041505231,2024,041505231,1,9,0,-1,19,4,8,-1,0,4,0,0,0,0,1,1,-1,9,1,20,4,1798,8,2,TOYOTA C-HR,5,E01025098,0,2
2024201441996,2024,201441996,3,9,0,-1,2,0,0,-1,-1,0,0,0,0,0,2,9,-1,9,2,60,9,1798,8,7,TOYOTA C-HR,3,E01010137,0,1
2024010532099,2024,010532099,2,9,0,9,9,5,3,0,0,5,0,0,0,0,3,1,6,6,2,22,5,1798,8,1,TOYOTA C-HR,3,E01000133,0,1
2024010526365,2024,010526365,2,9,0,11,11,9,9,99,99,5,9,99,9,99,9,9,6,6,1,25,5,1798,8,5,TOYOTA C-HR,1,E01015736,0,4
2024201525636,2024,201525636,2,8,0,-1,2,0,0,-1,0,0,0,0,0,0,3,1,-1,1,1,61,9,1798,8,4,TOYOTA C-HR,1,E01010462,0,1
2024991397463,2024,991397463,1,9,0,-1,19,7,4,-1,0,4,0,0,0,0,3,1,-1,9,1,79,11,1798,8,3,TOYOTA C-HR,2,-1,0,1
2024010496548,2024,010496548,1,9,0,14,14,2,6,0,0,8,0,0,0,0,1,1,1,1,2,43,7,1798,8,3,TOYOTA C-HR,7,E01021578,0,4
2024131510095,2024,131510095,1,9,0,-1,-1,-1,-1,-1,-1,-1,-1,-1,-1,-1,-1,1,-1,6,3,-1,-1,1798,8,3,TOYOTA C-HR,-1,-1,0,-1
2024340NN4682,2024,340NN4682,2,8,0,-1,9,5,3,-1,0,8,0,0,0,0,3,1,-1,1,1,21,5,1798,8,7,TOYOTA C-HR,2,E01027226,0,2
2024061477174,2024,061477174,1,9,0,-1,19,5,1,-1,0,8,0,0,0,0,4,1,-1,6,3,-1,-1,1798,8,4,TOYOTA C-HR,-1,-1,0,-1
2024010498989,2024,010498989,3,9,0,18,19,5,1,0,0,8,1,0,0,0,0,1,6,6,1,24,5,1798,8,7,TOYOTA C-HR,2,E01001693,0,3