collision_index,collision_year,collision_ref_no,vehicle_reference,vehicle_type,towing_and_articulation,vehicle_manoeuvre_historic,vehicle_manoeuvre,vehicle_direction_from,vehicle_direction_to,vehicle_location_restricted_lane_historic,vehicle_location_restricted_lane,junction_location,skidding_and_overturning,hit_object_in_carriageway,vehicle_leaving_carriageway,hit_object_off_carriageway,first_point_of_impact,vehicle_left_hand_drive,journey_purpose_of_driver_historic,journey_purpose_of_driver,sex_of_driver,age_of_driver,age_band_of_driver,engine_capacity_cc,propulsion_code,age_of_vehicle,generic_make_model,driver_imd_decile,lsoa_of_driver,escooter_flag,driver_distance_banding
2024010547856,2024,010547856,1,9,0,99,99,9,9,99,99,9,9,99,9,99,9,9,6,6,3,-1,-1,1798,8,3,TOYOTA C-HR,8,E01001039,0,1
2024010538846,2024,010538846,1,9,0,18,19,6,2,0,0,0,5,4,0,0,1,1,6,6,2,34,6,1798,8,5,TOYOTA C-HR,-1,-1,0,-1
2024131431016,2024,131431016,1,9,0,-1,5,7,3,-1,0,0,0,0,0,0,1,1,-1,9,1,76,11,1798,8,3,TOYOTA C-HR,5,E01010991,0,1
2024010541916,2024,010541916,1,9,0,18,19,5,1,0,0,1,0,0,0,0,1,1,6,6,2,55,8,1987,8,1,TOYOTA C-HR,2,E01000721,0,1
2024471538839,2024,471538839,1,9,0,-1,19,7,3,-1,0,0,0,0,0,0,1,1,-1,6,2,54,8,1798,8,7,TOYOTA C-HR,2,E01031454,0,1
202460Q129263,2024,60Q129263,2,9,0,4,4,3,7,0,0,4,0,0,0,0,2,1,6,6,1,40,7,1798,8,0,TOYOTA C-HR,-1,-1,0,-1
2024010522055,2024,010522055,1,9,0,18,19,3,7,0,0,1,0,0,0,0,1,1,6,6,2,46,8,1798,8,5,TOYOTA C-HR,6,E01003394,0,1
2024041423208,2024,041423208,2,9,0,-1,19,3,7,-1,0,1,0,0,0,0,3,1,-1,7,1,38,7,1798,8,4,TOYOTA C-HR,1,E01025084,0,1
2024411515133,2024,411515133,1,9,0,-1,19,2,5,-1,0,8,0,10,0,0,1,1,-1,6,1,47,8,1798,8,5,TOYOTA C-HR,3,E01001516,0,3
2024461443369,2024,461443369,2,9,0,-1,19,7,3,-1,0,0,0,0,0,0,4,1,-1,6,2,24,5,1197,1,5,TOYOTA C-HR,7,E01024573,0,3
2024122500244,2024,122500244,1,9,0,3,3,5,1,0,0,0,0,0,0,0,4,1,3,7,3,-1,-1,1798,8,3,TOYOTA C-HR,-1,-1,0,-1
2024421512186,2024,421512186,1,9,0,-1,10,5,1,-1,0,1,0,0,7,0,4,1,-1,2,2,63,9,1798,8,2,TOYOTA C-HR,-1,-1,0,-1
2024221481788,2024,221481788,1,9,0,-1,19,2,6,-1,0,0,0,0,0,0,1,1,-1,6,1,75,10,1798,8,4,TOYOTA C-HR,7,E01028862,0,3
202454A316324,2024,54A316324,2,9,0,18,19,6,2,0,0,0,0,0,7,11,3,1,6,6,2,63,9,1798,8,2,TOYOTA C-HR,10,E01031948,0,2
2024041482383,2024,041482383,1,9,0,-1,19,7,3,-1,0,1,0,0,0,0,1,1,-1,9,2,23,5,1798,8,4,TOYOTA C-HR,4,E01025190,0,1
2024411463759,2024,411463759,1,9,0,-1,-1,-1,-1,-1,-1,0,-1,-1,-1,0,1,9,-1,6,2,-1,-1,1798,8,6,TOYOTA C-HR,2,E01033699,0,4
2024010507555,2024,010507555,1,9,0,4,4,5,1,0,0,2,0,0,0,0,2,1,6,6,1,44,7,1798,8,4,TOYOTA C-HR,8,E01033028,0,4
2024201517228,2024,201517228,1,8,0,-1,9,1,7,-1,0,8,0,0,0,0,4,1,-1,2,1,37,7,1798,8,3,TOYOTA C-HR,1,E01009412,0,1
2024131529270,2024,131529270,2,9,0,-1,7,3,7,-1,0,1,0,0,0,0,1,1,-1,6,2,34,6,1197,1,7,TOYOTA C-HR,2,E01011220,0,2
2024311436355,2024,311436355,1,9,0,-1,3,8,4,-1,0,0,0,0,0,0,2,1,-1,1,2,56,9,1798,8,1,TOYOTA C-HR,2,E01017165,0,5
2024061454052,2024,061454052,1,8,0,-1,9,5,3,-1,0,8,0,0,0,0,4,1,-1,1,2,54,8,1798,8,1,TOYOTA C-HR,8,E01006889,0,3
2024451421553,2024,451421553,3,9,0,-1,2,0,0,-1,0,0,0,0,0,0,3,1,-1,6,-1,-1,-1,1798,8,7,TOYOTA C-HR,-1,-1,0,-1
2024010527055,2024,010527055,1,9,0,18,19,6,2,0,0,1,0,0,0,0,1,1,6,6,2,45,7,1798,8,3,TOYOTA C-HR,7,E01001269,0,1
2024311451853,2024,311451853,2,9,0,-1,3,1,2,-1,0,1,0,0,0,0,2,1,-1,6,2,54,8,1798,8,5,TOYOTA C-HR,6,E01025912,0,4
2024501534880,2024,501534880,1,9,0,-1,9,3,5,-1,0,8,0,0,0,0,4,1,-1,9,1,75,10,1798,8,7,TOYOTA C-HR,10,E01015131,0,1
2024361495094,2024,361495094,2,9,0,-1,3,3,1,-1,0,8,0,0,0,0,3,1,-1,9,1,62,9,1798,8,3,TOYOTA C-HR,7,E01026655,0,3
2024471447920,2024,471447920,1,9,0,-1,9,3,1,-1,0,6,1,0,7,0,3,1,-1,2,2,19,4,1798,8,1,TOYOTA C-HR,5,E01031687,0,1
2024010506071,2024,010506071,1,9,0,5,5,0,1,0,0,5,0,0,0,0,0,1,6,6,1,46,8,1798,8,5,TOYOTA C-HR,2,E01001130,0,2
2024141501941,2024,141501941,1,9,0,-1,7,2,5,-1,0,2,0,0,0,0,1,1,-1,2,2,55,8,1798,8,5,TOYOTA C-HR,10,E01007826,0,1
2024201458957,2024,201458957,1,9,0,-1,5,1,1,-1,9,5,0,0,0,0,2,1,-1,7,2,41,7,1798,8,2,TOYOTA C-HR,-1,-1,0,-1
2024991475776,2024,991475776,1,9,0,-1,19,6,2,-1,0,2,0,0,0,0,3,9,-1,6,1,32,6,1798,8,2,TOYOTA C-HR,-1,-1,0,-1
2024010503018,2024,010503018,1,9,0,5,5,1,5,0,0,1,0,0,0,0,1,1,6,6,1,81,11,1798,8,3,TOYOTA C-HR,3,E01033100,0,1
2024010521108,2024,010521108,1,9,0,99,99,9,9,99,99,9,9,99,9,99,9,9,6,6,2,67,10,1798,8,4,TOYOTA C-HR,2,E01035585,0,3
2024010510134,2024,010510134,1,9,0,5,5,7,3,9,9,0,0,0,0,0,2,1,2,2,1,43,7,1197,1,7,TOYOTA C-HR,2,E01001130,0,3
2024332400385,2024,332400385,1,9,0,-1,9,5,3,-1,0,5,0,0,0,0,4,1,-1,6,1,48,8,1798,8,6,TOYOTA C-HR,1,E01013748,0,1
2024440176568,2024,440176568,1,9,0,9,9,1,7,0,0,8,0,0,0,0,1,1,1,1,1,60,9,1798,8,6,TOYOTA C-HR,8,E01023232,0,2
2024461504480,2024,461504480,2,9,0,-1,4,8,5,-1,-1,0,0,0,0,0,2,9,-1,2,2,54,8,1798,8,2,TOYOTA C-HR,8,E01024175,0,2
2024991495335,2024,991495335,2,8,0,-1,2,1,4,-1,0,1,0,0,0,0,2,1,-1,6,1,39,7,1798,8,7,TOYOTA C-HR,9,-1,0,1
2024052401113,2024,052401113,2,9,0,2,2,0,0,0,0,1,0,0,0,0,3,1,6,6,3,-1,-1,1197,1,5,TOYOTA C-HR,-1,-1,0,-1
2024052400541,2024,052400541,1,9,0,18,19,1,5,0,0,8,0,0,0,0,1,1,2,2,1,38,7,1798,8,3,TOYOTA C-HR,4,E01004923,0,4
2024401479272,2024,401479272,3,9,0,-1,2,0,0,-1,0,1,0,0,0,0,4,1,-1,6,-1,-1,-1,1987,8,4,TOYOTA C-HR,-1,-1,0,-1
2024522500184,2024,522500184,2,9,0,18,19,2,6,0,0,2,0,0,0,0,2,1,6,6,1,24,5,1798,8,0,TOYOTA C-HR,10,E01020386,0,4
2024471428912,2024,471428912,1,9,0,-1,19,3,7,-1,0,0,0,0,1,11,1,1,-1,2,2,53,8,1798,8,6,TOYOTA C-HR,5,E01021117,0,2
2024451405592,2024,451405592,2,9,0,-1,19,5,1,-1,0,8,0,0,0,0,1,1,-1,2,1,52,8,1987,8,1,TOYOTA C-HR,10,E01031689,0,4
2024010521409,2024,010521409,1,9,0,18,19,1,5,0,0,8,0,0,1,11,1,1,6,6,1,-1,-1,1798,8,7,TOYOTA C-HR,-1,-1,0,-1
2024401406740,2024,401406740,2,9,0,-1,2,0,0,-1,0,0,0,0,0,0,2,1,-1,6,1,45,7,1798,8,3,TOYOTA C-HR,2,E01015754,0,1
2024061494531,2024,061494531,2,8,0,-1,3,-1,-1,-1,5,0,0,8,0,0,2,2,-1,6,3,-1,-1,1798,8,6,TOYOTA C-HR,-1,-1,0,-1
2024131513972,2024,131513972,2,9,0,-1,10,2,6,-1,0,1,0,0,0,0,2,1,-1,6,2,39,7,1798,8,5,TOYOTA C-HR,1,E01011899,0,1
2024131487310,2024,131487310,2,9,0,-1,4,1,5,-1,0,8,0,0,0,0,2,1,-1,9,1,42,7,1798,8,6,TOYOTA C-HR,1,E01010607,0,2
2024351493591,2024,351493591,4,9,0,-1,4,5,1,-1,0,0,0,0,0,0,4,1,-1,6,1,55,8,1798,8,4,TOYOTA C-HR,8,E01018164,0,3
2024622400820,2024,622400820,1,9,0,9,9,3,1,0,0,1,0,0,0,0,1,1,6,6,1,40,7,1798,8,4,TOYOTA C-HR,1,W01001856,0,4
2024131455131,2024,131455131,1,9,0,-1,19,5,1,-1,0,0,0,0,0,0,1,1,-1,2,2,60,9,1987,8,3,TOYOTA C-HR,9,E01010681,0,1
2024010549820,2024,010549820,1,9,0,4,4,1,5,0,0,1,0,0,0,0,1,1,6,6,1,47,8,1798,8,6,TOYOTA C-HR,5,E01004439,0,1
2024010503773,2024,010503773,2,9,0,18,19,7,3,0,0,3,0,0,0,0,1,1,6,6,3,-1,-1,1197,1,7,TOYOTA C-HR,-1,-1,0,-1
2024340WN1612,2024,340WN1612,1,9,0,-1,19,7,3,-1,0,0,0,0,0,0,4,1,-1,6,1,30,6,1798,8,3,TOYOTA C-HR,6,E01027182,0,1
2024010498990,2024,010498990,2,9,0,18,19,5,1,0,0,0,0,0,0,0,4,1,6,6,3,-1,-1,1798,8,6,TOYOTA C-HR,-1,-1,0,-1
2024461451396,2024,461451396,2,9,0,-1,3,3,7,-1,0,0,0,0,0,0,2,1,-1,6,2,52,8,1798,8,3,TOYOTA C-HR,9,E01024814,0,3
2024010525403,2024,010525403,1,9,0,99,99,9,9,99,99,9,9,99,9,99,1,9,6,6,2,-1,-1,1798,8,0,TOYOTA C-HR,6,E01004652,0,2
2024471529461,2024,471529461,2,9,0,-1,10,5,1,-1,0,5,0,0,0,0,2,1,-1,9,1,59,9,1798,8,3,TOYOTA C-HR,8,E01031664,0,1
2024411455263,2024,411455263,2,9,0,-1,19,1,5,-1,0,8,0,0,3,0,4,1,-1,2,2,55,8,1798,8,0,TOYOTA C-HR,5,E01015714,0,3
2024101509067,2024,101509067,3,9,-1,-1,3,6,2,-1,0,0,0,0,0,0,2,9,-1,6,1,50,8,1798,8,3,TOYOTA C-HR,1,E01020727,0,2
2024041455943,2024,041455943,1,9,0,-1,19,1,5,-1,0,0,0,0,0,0,1,1,-1,7,1,72,10,1798,8,3,TOYOTA C-HR,-1,-1,0,-1
2024461441449,2024,461441449,1,9,0,-1,7,3,7,-1,0,6,0,0,0,0,1,1,-1,7,1,33,6,1798,8,5,TOYOTA C-HR,1,E01016019,0,1
2024231411504,2024,231411504,2,9,0,-1,19,7,3,-1,0,8,0,0,0,0,1,9,-1,9,1,82,11,1798,8,5,TOYOTA C-HR,2,E01031097,0,1
2024421527193,2024,421527193,2,9,0,-1,19,3,7,-1,0,4,0,0,0,0,1,1,-1,6,1,69,10,1798,8,0,TOYOTA C-HR,6,E01023491,0,1
2024531463385,2024,531463385,1,9,0,-1,19,1,5,-1,0,0,0,0,0,0,4,1,-1,9,2,51,8,1798,8,7,TOYOTA C-HR,8,E01034802,0,1
2024010501561,2024,010501561,1,9,0,5,5,0,1,0,0,0,0,0,0,0,4,1,6,6,1,53,8,1798,8,1,TOYOTA C-HR,5,E01000260,0,1
2024031481217,2024,031481217,2,9,0,-1,19,1,5,-1,0,1,1,0,1,9,1,1,-1,9,1,73,10,1798,8,5,TOYOTA C-HR,9,E01019303,0,1
2024201494847,2024,201494847,2,9,0,-1,3,4,4,-1,0,0,0,0,0,0,2,1,-1,6,1,42,7,1798,8,0,TOYOTA C-HR,8,E01016703,0,5
2024061468955,2024,061468955,1,9,0,-1,3,-1,-1,-1,0,4,0,0,0,0,2,1,-1,9,2,58,9,1798,8,3,TOYOTA C-HR,7,E01004904,0,1
2024010504177,2024,010504177,2,9,9,99,99,9,9,99,99,6,9,99,9,99,9,9,6,6,3,-1,-1,1798,8,1,TOYOTA C-HR,-1,-1,0,-1
2024052400149,2024,052400149,2,9,0,18,19,6,8,0,0,1,0,0,0,0,1,1,6,6,2,53,8,1798,8,4,TOYOTA C-HR,1,E01006648,0,1
2024451427320,2024,451427320,1,9,0,-1,12,3,7,-1,0,7,0,0,0,0,1,1,-1,9,1,77,11,1987,8,4,TOYOTA C-HR,10,E01024453,0,3
2024010504274,2024,010504274,1,9,0,2,2,9,9,99,99,9,9,99,0,0,4,9,6,6,2,49,8,1798,8,3,TOYOTA C-HR,2,E01003046,0,1
2024061413775,2024,061413775,2,9,0,-1,19,1,5,-1,0,0,0,0,0,0,2,1,-1,6,2,47,8,1798,8,3,TOYOTA C-HR,5,E01004833,0,2
2024201461191,2024,201461191,2,9,0,-1,19,7,3,-1,0,0,0,0,0,0,3,1,-1,2,2,53,8,1798,8,1,TOYOTA C-HR,1,E01009983,0,2
2024010501088,2024,010501088,1,9,0,99,99,9,9,99,99,9,9,99,9,99,9,1,6,6,3,-1,-1,1798,8,4,TOYOTA C-HR,-1,-1,0,-1
2024471465069,2024,471465069,2,9,0,-1,7,4,6,-1,0,2,0,0,0,0,1,1,-1,9,1,76,11,1798,8,0,TOYOTA C-HR,7,E01021165,0,1
2024421433907,2024,421433907,1,9,0,-1,19,5,1,-1,0,0,2,0,0,0,3,1,-1,6,2,35,6,1798,8,5,TOYOTA C-HR,5,E01000467,0,3
2024311517593,2024,311517593,1,9,0,-1,19,1,5,-1,0,0,0,0,0,0,1,1,-1,6,1,19,4,1987,8,0,TOYOTA C-HR,-1,-1,0,-1
2024010518646,2024,010518646,1,9,9,99,99,9,9,99,99,9,5,99,0,0,9,9,6,6,3,-1,-1,1798,8,7,TOYOTA C-HR,-1,-1,0,-1
2024302400436,2024,302400436,1,9,0,4,4,6,2,0,0,0,0,0,0,0,2,1,6,6,1,57,9,1197,1,5,TOYOTA C-HR,4,E01012802,0,5
2024061465321,2024,061465321,1,8,0,-1,3,5,7,-1,0,0,0,0,0,0,2,1,-1,1,1,48,8,1798,8,5,TOYOTA C-HR,7,E01005033,0,1
2024201456607,2024,201456607,2,9,0,-1,2,0,0,-1,0,0,0,0,0,0,0,9,-1,9,1,45,7,1798,8,1,TOYOTA C-HR,1,E01034748,0,1
2024471432379,2024,471432379,1,9,0,-1,-1,-1,-1,-1,-1,0,-1,-1,-1,0,-1,1,-1,7,2,47,8,1798,8,5,TOYOTA C-HR,6,E01031705,0,1
2024010520285,2024,010520285,2,9,0,9,9,2,8,0,0,2,0,0,0,0,1,1,6,6,2,51,8,1798,8,6,TOYOTA C-HR,3,E01003237,0,1
2024122500086,2024,122500086,1,9,0,5,5,8,6,0,0,8,0,0,0,0,3,1,2,2,1,31,6,1798,8,5,TOYOTA C-HR,8,E01013024,0,4
2024061416175,2024,061416175,1,9,0,-1,19,2,6,-1,0,0,1,10,7,0,1,1,-1,6,1,70,10,1798,8,6,TOYOTA C-HR,5,E01024917,0,2
2024461488004,2024,461488004,1,9,0,-1,19,1,3,-1,0,0,1,7,3,0,1,1,-1,2,1,52,8,1798,8,5,TOYOTA C-HR,4,E01031552,0,4
2024131434279,2024,131434279,1,9,0,-1,7,8,4,-1,0,0,0,0,0,0,4,1,-1,2,2,43,7,1798,8,6,TOYOTA C-HR,2,E01011781,0,3
2024061421661,2024,061421661,1,9,5,-1,9,3,1,-1,0,1,0,0,0,0,3,1,-1,9,1,57,9,1798,8,4,TOYOTA C-HR,3,E01005437,0,1
2024542680724,2024,542680724,2,9,0,18,19,5,1,0,0,3,0,0,0,0,4,1,2,2,1,49,8,1798,8,6,TOYOTA C-HR,4,E01015511,0,1
2024052400112,2024,052400112,2,9,0,9,9,7,3,0,0,6,0,0,0,0,3,1,6,6,3,-1,-1,1364,1,17,VAUXHALL TIGRA,-1,-1,0,-1
2024471459389,2024,471459389,1,9,0,-1,19,7,3,-1,0,1,2,0,7,9,1,1,-1,9,1,20,4,1364,1,18,VAUXHALL TIGRA,5,E01034302,0,2
2024010497324,2024,010497324,1,9,0,18,19,7,3,0,0,0,0,0,0,0,1,1,6,6,1,-1,-1,1364,1,16,VAUXHALL TIGRA,-1,-1,0,-1
2024010527256,2024,010527256,3,9,0,99,99,9,9,99,99,9,9,99,9,99,9,9,6,6,3,-1,-1,1364,1,17,VAUXHALL TIGRA,-1,-1,0,-1
2024161440692,2024,161440692,1,9,0,-1,14,5,1,-1,0,2,0,0,0,0,1,1,-1,6,2,48,8,1796,1,16,VAUXHALL TIGRA,5,E01012829,0,1
2024461403657,2024,461403657,1,9,0,-1,19,7,3,-1,0,0,0,0,0,0,1,9,-1,6,2,-1,-1,1796,1,16,VAUXHALL TIGRA,-1,-1,0,-1
2024421414672,2024,421414672,1,9,0,-1,19,3,7,-1,0,1,0,0,0,0,1,9,-1,6,2,-1,-1,1796,1,16,VAUXHALL TIGRA,-1,-1,0,-1
2024122401063,2024,122401063,1,9,0,5,5,3,8,0,0,4,0,0,1,0,1,1,2,2,2,57,9,1364,1,16,VAUXHALL TIGRA,1,E01012096,0,3
2024461523832,2024,461523832,1,9,0,-1,14,8,3,-1,0,8,0,0,7,0,1,1,-1,6,1,35,6,1364,1,18,VAUXHALL TIGRA,-1,-1,0,-1
2024411541256,2024,411541256,3,9,0,-1,2,0,0,-1,0,1,0,0,0,0,4,1,-1,6,-1,-1,-1,1364,1,16,VAUXHALL TIGRA,-1,-1,0,-1
2024411526654,2024,411526654,2,9,0,-1,-1,-1,-1,-1,-1,8,-1,-1,-1,0,4,1,-1,6,1,54,8,1364,1,18,VAUXHALL TIGRA,2,E01035570,0,1
2024052400158,2024,052400158,1,9,0,9,9,7,4,0,0,1,0,0,0,0,1,1,6,6,1,53,8,1364,1,16,VAUXHALL TIGRA,-1,-1,0,-1
2024041400070,2024,041400070,1,9,0,-1,19,3,1,-1,0,1,0,0,0,0,4,1,-1,9,1,22,5,1364,1,17,VAUXHALL TIGRA,4,E01025093,0,1
2024440257184,2024,440257184,1,9,0,18,19,4,8,0,0,2,0,0,0,0,1,1,2,2,2,32,6,1364,1,18,VAUXHALL TIGRA,-1,-1,0,-1
2024010519339,2024,010519339,1,9,9,18,19,5,1,99,99,9,9,99,9,99,9,9,6,6,2,62,9,1364,1,15,VAUXHALL TIGRA,5,E01003375,0,1
2024211451784,2024,211451784,1,9,0,-1,19,1,5,-1,0,0,1,0,7,0,4,1,-1,9,2,83,11,1364,1,20,VAUXHALL TIGRA,-1,-1,0,-1
2024440489315,2024,440489315,1,9,0,16,19,5,1,0,0,0,5,0,7,1,3,1,6,6,2,58,9,1364,1,16,VAUXHALL TIGRA,7,E01023235,0,3
2024231459296,2024,231459296,1,9,0,-1,19,6,8,-1,0,8,5,10,7,4,1,1,-1,9,1,19,4,1796,1,20,VAUXHALL TIGRA,2,E01009409,0,3
2024010541099,2024,010541099,3,9,0,18,19,7,3,0,0,0,0,0,0,0,2,1,2,2,1,56,9,-1,3,0,MAKE AND MODEL REDACTED,6,E01024152,0,1
2024201447199,2024,201447199,2,9,0,-1,5,2,6,-1,0,6,0,0,0,0,4,1,-1,9,1,40,7,-1,3,0,MAKE AND MODEL REDACTED,-1,-1,0,-1
2024052402187,2024,052402187,1,9,0,9,9,4,2,0,0,8,0,0,1,0,4,1,6,6,2,47,8,1198,3,0,MAKE AND MODEL REDACTED,1,E01007139,0,2
2024131396888,2024,131396888,1,9,0,-1,19,3,7,-1,0,8,0,0,0,0,1,1,-1,6,1,56,9,2316,1,37,MAKE AND MODEL REDACTED,9,E01005410,0,2
202454D500124,2024,54D500124,1,9,0,15,15,2,6,0,0,0,0,0,6,2,2,1,6,6,1,54,8,1742,1,7,MAKE AND MODEL REDACTED,7,E01032708,0,1
2024421468456,2024,421468456,1,2,0,-1,19,2,6,-1,0,0,0,0,0,0,1,1,-1,9,1,16,4,49,1,6,MAKE AND MODEL REDACTED,2,E01021969,0,1
2024991512408,2024,991512408,1,9,0,-1,7,5,7,-1,0,1,0,0,0,0,0,1,-1,6,2,-1,-1,1499,2,5,MAKE AND MODEL REDACTED,-1,-1,0,-1
2024351482301,2024,351482301,3,9,0,-1,19,1,5,-1,0,0,0,0,0,0,1,1,-1,9,2,44,7,1499,2,6,MAKE AND MODEL REDACTED,5,E01028369,0,4
2024501437596,2024,501437596,1,9,0,-1,9,8,4,-1,0,2,0,0,0,0,1,1,-1,9,1,48,8,1598,1,5,MAKE AND MODEL REDACTED,4,E01019057,0,1
2024501538863,2024,501538863,1,9,0,-1,9,7,4,-1,0,1,0,0,0,0,1,9,-1,6,1,73,10,1997,2,6,MAKE AND MODEL REDACTED,3,E01015172,0,1
2024311452783,2024,311452783,1,9,0,-1,5,0,2,-1,0,0,1,0,0,0,3,1,-1,6,1,39,7,1499,2,0,MAKE AND MODEL REDACTED,9,E01028376,0,1
2024061497028,2024,061497028,3,9,0,-1,5,1,5,-1,0,1,0,0,0,0,1,1,-1,9,1,36,7,1499,2,6,MAKE AND MODEL REDACTED,2,E01005538,0,1
2024141459627,2024,141459627,2,9,0,-1,19,1,1,-1,0,8,2,10,5,6,4,1,-1,6,1,31,6,1598,1,5,MAKE AND MODEL REDACTED,2,E01007759,0,3
202460Q078960,2024,60Q078960,1,9,0,17,19,3,7,0,0,0,0,0,7,11,1,1,2,2,1,43,7,1997,2,5,MAKE AND MODEL REDACTED,-1,-1,0,-1
2024302401670,2024,302401670,1,9,0,-1,19,2,6,-1,0,0,0,0,0,0,1,1,-1,9,3,73,10,1368,1,18,MAKE AND MODEL REDACTED,6,E01013541,0,1
2024061469950,2024,061469950,1,9,0,-1,19,3,7,-1,0,0,1,0,1,7,3,1,-1,6,1,40,7,1910,2,18,MAKE AND MODEL REDACTED,1,E01014354,0,4
2024501437476,2024,501437476,1,8,0,-1,19,2,6,-1,0,4,0,0,0,0,1,1,-1,9,1,51,8,1995,2,7,FORD TOURNEO,4,E01018929,0,1
2024070012121,2024,070012121,2,8,0,2,2,0,0,0,0,0,0,0,0,0,3,1,6,6,3,-1,-1,1995,2,4,FORD TOURNEO,-1,-1,0,-1
2024052401729,2024,052401729,1,8,0,18,19,4,8,0,0,0,0,0,0,0,1,1,1,1,1,53,8,1995,2,2,FORD TOURNEO,9,E01007078,0,2
2024622400086,2024,622400086,2,9,0,18,19,7,3,0,0,8,0,0,0,0,1,1,6,6,1,47,8,2198,2,11,FORD TOURNEO,7,W01001028,0,4
2024320669830,2024,320669830,1,9,0,-1,-1,2,6,0,0,2,0,0,0,0,1,1,-1,-1,1,52,8,1995,2,4,FORD TOURNEO,2,E01015604,0,4
2024052400218,2024,052400218,2,9,0,17,19,2,6,0,0,1,0,0,0,0,2,1,6,6,2,57,9,1995,2,4,FORD TOURNEO,1,E01006847,0,3
2024201466627,2024,201466627,1,9,0,-1,19,7,3,-1,0,2,0,0,0,0,4,1,-1,9,1,50,8,1995,2,2,FORD TOURNEO,1,E01009107,0,1
2024201456108,2024,201456108,2,8,0,-1,19,7,3,-1,0,8,0,0,0,0,4,1,-1,1,1,55,8,1995,2,7,FORD TOURNEO,1,E01034935,0,1
2024991422827,2024,991422827,2,9,0,-1,19,2,6,-1,0,0,0,0,0,0,2,1,-1,6,1,52,8,1499,2,8,FORD TOURNEO,5,-1,0,3
2024010546263,2024,010546263,5,9,0,18,19,4,8,0,0,0,0,0,0,0,3,1,1,1,1,27,6,1995,2,1,FORD TOURNEO,6,E01024700,0,5
2024522401498,2024,522401498,3,9,0,2,2,0,0,0,0,2,0,0,0,0,1,1,6,6,3,-1,-1,1499,2,6,FORD TOURNEO,-1,-1,0,-1
2024552401289,2024,552401289,2,10,0,10,10,8,4,0,0,6,0,0,0,0,2,1,6,6,1,62,9,2198,2,10,FORD TOURNEO,6,E01020439,0,3
2024041467334,2024,041467334,2,9,0,-1,19,5,1,-1,0,0,0,0,0,0,1,1,-1,9,1,32,6,1995,2,8,FORD TOURNEO,1,E01025118,0,1
2024471478614,2024,471478614,2,9,0,-1,19,7,3,-1,0,0,0,0,0,0,1,1,-1,1,1,49,8,1995,2,4,FORD TOURNEO,3,E01003179,0,4
2024471421532,2024,471421532,1,9,0,-1,3,7,3,-1,0,0,0,0,0,0,2,1,-1,2,1,52,8,1499,2,7,FORD TOURNEO,4,E01016860,0,1
2024031533765,2024,031533765,1,8,0,-1,9,4,1,-1,0,6,5,0,0,0,4,1,-1,1,1,48,8,1995,2,1,FORD TOURNEO,7,E01019382,0,1
2024201505660,2024,201505660,2,9,0,-1,9,5,3,-1,0,8,0,0,0,0,1,1,-1,9,1,50,8,1995,2,6,FORD TOURNEO,7,E01009652,0,2
2024031514379,2024,031514379,1,10,0,-1,19,1,5,-1,0,0,5,0,7,2,1,9,-1,6,1,48,8,-1,-1,-1,FORD TOURNEO,-1,-1,0,-1
2024131458753,2024,131458753,1,9,0,-1,9,3,7,-1,0,8,0,0,0,0,1,1,-1,9,1,89,11,1499,2,5,FORD TOURNEO,3,E01010998,0,1
2024531459702,2024,531459702,2,9,0,-1,19,6,2,-1,0,0,2,0,1,4,2,1,-1,1,1,51,8,1995,2,7,FORD TOURNEO,2,E01007348,0,5
2024522401162,2024,522401162,1,8,0,18,19,2,6,2,2,1,0,0,0,0,1,1,6,6,1,53,8,1499,2,3,FORD TOURNEO,3,E01014569,0,1
2024421506735,2024,421506735,1,8,0,-1,9,1,7,-1,0,4,0,0,0,0,1,1,-1,1,1,-1,-1,1995,2,8,FORD TOURNEO,-1,-1,0,-1
2024052400382,2024,052400382,1,10,0,18,19,5,1,0,0,0,0,0,0,0,1,1,1,1,1,29,6,-1,-1,-1,FORD TOURNEO,2,-1,0,4
2024461401225,2024,461401225,2,9,0,-1,19,3,7,-1,0,1,0,0,0,0,1,9,-1,9,1,42,7,1995,2,2,FORD TOURNEO,6,E01032619,0,2
2024411470810,2024,411470810,1,19,0,-1,19,3,7,-1,0,8,0,0,0,0,4,1,-1,6,1,20,4,1753,2,15,FORD TOURNEO,-1,-1,0,-1
2024131422038,2024,131422038,2,9,0,-1,5,3,5,-1,0,1,0,0,3,0,4,1,-1,2,2,27,6,1499,2,7,FORD TOURNEO,7,E01011072,0,1
2024991418635,2024,991418635,1,9,0,-1,4,4,2,-1,0,1,0,0,7,0,2,1,-1,9,2,46,8,1560,2,9,FORD TOURNEO,8,-1,0,1
2024131438667,2024,131438667,1,9,0,-1,19,3,7,-1,0,2,0,0,0,0,4,1,-1,9,1,36,7,2198,2,10,FORD TOURNEO,1,E01011662,0,2
2024061532086,2024,061532086,1,9,0,-1,19,7,1,-1,0,0,0,0,0,0,1,2,-1,6,1,69,10,1499,2,2,FORD TOURNEO,2,E01005111,0,1
2024501453974,2024,501453974,1,9,0,-1,19,4,8,-1,0,0,0,0,0,0,1,1,-1,9,1,39,7,1995,2,1,FORD TOURNEO,4,E01015173,0,1
2024991464253,2024,991464253,1,8,0,-1,19,7,3,-1,0,0,0,0,0,0,1,1,-1,9,2,55,8,1995,12,2,FORD TOURNEO,7,-1,0,1
2024531438059,2024,531438059,2,9,0,-1,19,5,1,-1,0,0,1,0,0,0,1,1,-1,2,1,44,7,1499,2,5,FORD TOURNEO,4,E01022421,0,1