collision_index,collision_year,collision_ref_no,vehicle_reference,vehicle_type,towing_and_articulation,vehicle_manoeuvre_historic,vehicle_manoeuvre,vehicle_direction_from,vehicle_direction_to,vehicle_location_restricted_lane_historic,vehicle_location_restricted_lane,junction_location,skidding_and_overturning,hit_object_in_carriageway,vehicle_leaving_carriageway,hit_object_off_carriageway,first_point_of_impact,vehicle_left_hand_drive,journey_purpose_of_driver_historic,journey_purpose_of_driver,sex_of_driver,age_of_driver,age_band_of_driver,engine_capacity_cc,propulsion_code,age_of_vehicle,generic_make_model,driver_imd_decile,lsoa_of_driver,escooter_flag,driver_distance_banding
2024461431693,2024,461431693,2,9,0,-1,3,1,1,-1,0,0,0,0,0,0,2,9,-1,2,1,69,10,1499,2,8,FORD TOURNEO,3,E01016037,0,3
2024471528048,2024,471528048,2,9,0,-1,19,1,5,-1,0,4,0,0,0,0,1,1,-1,7,1,49,8,1560,2,9,FORD TOURNEO,2,E01034826,0,1
2024361455137,2024,361455137,1,9,0,-1,19,3,7,-1,0,6,0,0,0,0,3,9,-1,6,1,39,7,2198,2,11,FORD TOURNEO,-1,-1,0,-1
202460Q129380,2024,60Q129380,1,9,0,18,19,3,7,0,0,0,0,0,0,0,0,1,1,1,1,33,6,1995,2,6,FORD TOURNEO,-1,-1,0,-1
2024320009223,2024,320009223,1,9,0,-1,-1,4,8,0,0,8,0,0,0,0,1,1,6,6,2,59,9,1499,2,3,FORD TOURNEO,4,E01026105,0,3
2024622400122,2024,622400122,2,9,0,4,4,5,1,0,0,0,0,0,0,0,2,1,6,6,2,37,7,1995,2,5,FORD TOURNEO,5,W01001724,0,1
2024320752921,2024,320752921,1,9,0,-1,-1,4,8,0,0,1,0,0,1,0,1,1,6,6,1,79,11,998,1,5,FORD TOURNEO,2,E01026113,0,4
2024421486072,2024,421486072,2,9,0,-1,9,7,3,-1,0,0,0,0,0,0,3,1,-1,6,1,32,6,1995,2,1,FORD TOURNEO,3,E01021300,0,1
2024461514260,2024,461514260,2,8,0,-1,19,5,1,-1,0,0,0,0,0,0,3,1,-1,1,1,65,9,1995,2,5,FORD TOURNEO,4,E01024162,0,3
2024221430712,2024,221430712,2,9,0,-1,9,2,8,-1,0,5,0,0,0,0,2,9,-1,6,2,63,9,1499,2,4,FORD TOURNEO,4,E01009186,0,3
2024070716922,2024,070716922,2,9,0,-1,19,5,1,-1,0,7,0,0,0,0,2,1,-1,1,1,45,7,1995,2,2,FORD TOURNEO,4,E01007112,0,3
2024122400314,2024,122400314,1,8,0,5,5,1,3,0,0,4,0,0,0,0,3,1,1,1,1,-1,-1,1499,2,6,FORD TOURNEO,3,E01027862,0,1
2024461402162,2024,461402162,1,9,0,-1,19,7,3,-1,0,8,0,0,0,0,4,1,-1,1,1,39,7,1499,2,3,FORD TOURNEO,8,E01032819,0,3
2024311403368,2024,311403368,1,9,0,-1,19,3,7,-1,0,2,0,0,0,0,1,1,-1,9,1,78,11,998,1,5,FORD TOURNEO,1,E01013865,0,1
2024010518792,2024,010518792,1,9,0,16,19,1,5,0,0,1,0,0,1,11,1,1,1,1,1,64,9,1995,2,7,FORD TOURNEO,-1,-1,0,-1
2024010550744,2024,010550744,1,8,0,18,19,2,6,0,0,0,0,0,0,0,2,1,1,1,1,51,8,1499,2,8,FORD TOURNEO,3,E01003636,0,3
2024430201454,2024,430201454,1,8,0,6,6,1,1,0,0,0,0,0,0,0,4,1,1,1,1,51,8,1995,2,3,FORD TOURNEO,8,E01016759,0,3
2024161502941,2024,161502941,7,9,0,-1,2,0,0,-1,0,8,0,0,0,0,0,1,-1,6,-1,-1,-1,1995,2,6,FORD TOURNEO,-1,-1,0,-1
2024041430921,2024,041430921,2,9,0,-1,19,5,1,-1,0,1,0,0,0,0,2,1,-1,6,1,45,7,1499,2,6,FORD TOURNEO,5,E01025325,0,3
2024471535729,2024,471535729,1,9,0,-1,5,5,1,-1,0,0,0,0,0,0,3,1,-1,9,1,66,10,1499,2,4,FORD TOURNEO,7,E01021110,0,1
2024041444872,2024,041444872,1,9,0,-1,19,7,3,-1,0,1,0,0,0,0,1,1,-1,2,2,27,6,998,1,5,FORD TOURNEO,1,E01025445,0,2
2024010506131,2024,010506131,1,10,0,18,19,5,1,0,0,0,0,0,0,0,1,1,6,6,2,24,5,-1,-1,-1,FORD TOURNEO,3,E01004012,0,2
2024421465462,2024,421465462,2,9,0,-1,3,7,2,-1,0,0,0,0,0,0,2,1,-1,1,2,41,7,1499,2,6,FORD TOURNEO,8,E01021881,0,1
2024010516285,2024,010516285,2,10,0,18,19,1,5,0,0,1,0,0,0,0,3,1,1,1,1,51,8,-1,-1,-1,FORD TOURNEO,2,E01000729,0,4
2024070898507,2024,070898507,3,9,0,-1,4,2,6,-1,0,1,0,0,0,0,2,1,-1,6,2,51,8,1499,2,4,FORD TOURNEO,10,E01018690,0,3
2024131430045,2024,131430045,2,9,0,-1,2,3,7,-1,-1,0,0,0,0,0,3,1,-1,6,3,-1,-1,1995,2,2,FORD TOURNEO,-1,-1,0,-1
2024991500838,2024,991500838,1,8,0,-1,19,4,8,-1,0,0,0,0,0,0,1,1,-1,1,1,64,9,1995,2,6,FORD TOURNEO,-1,-1,0,-1
2024451486151,2024,451486151,2,9,0,-1,19,5,1,-1,0,0,0,0,0,0,2,1,-1,9,1,47,8,1995,2,2,FORD TOURNEO,3,E01003523,0,4
2024361403585,2024,361403585,1,9,0,-1,19,3,7,-1,0,0,0,0,1,1,1,1,-1,9,2,76,11,1499,2,4,FORD TOURNEO,8,E01026432,0,1
2024361496412,2024,361496412,1,9,0,-1,9,6,3,-1,0,8,0,0,0,0,1,1,-1,6,2,33,6,2198,2,9,FORD TOURNEO,9,E01026509,0,2
2024421523487,2024,421523487,1,9,0,-1,15,4,8,-1,0,0,0,0,0,0,1,1,-1,1,1,43,7,1995,2,2,FORD TOURNEO,6,E01021683,0,1
2024351420346,2024,351420346,1,9,0,-1,4,7,3,-1,0,0,1,0,0,0,1,1,-1,2,1,53,8,1560,2,9,FORD TOURNEO,2,E01035539,0,3
2024221482886,2024,221482886,2,10,0,-1,9,5,3,-1,0,5,0,0,0,0,3,9,-1,6,1,35,6,-1,-1,-1,FORD TOURNEO,6,E01014088,0,1
2024311428478,2024,311428478,2,8,0,-1,19,5,1,-1,0,1,0,0,0,0,1,1,-1,1,1,65,9,1995,2,6,FORD TOURNEO,7,E01028374,0,2
2024991505112,2024,991505112,2,10,0,-1,19,7,3,-1,0,0,5,0,1,0,4,1,-1,1,1,36,7,-1,-1,-1,FORD TOURNEO,10,-1,0,5
2024111518313,2024,111518313,1,8,0,-1,20,3,7,-1,0,0,0,0,0,0,1,1,-1,1,1,67,10,1995,2,6,FORD TOURNEO,-1,-1,0,-1
2024070929673,2024,070929673,1,9,0,-1,4,1,5,-1,0,0,0,0,0,0,0,1,-1,9,1,43,7,1995,2,4,FORD TOURNEO,-1,-1,0,-1
2024430343744,2024,430343744,1,8,0,9,9,6,3,0,0,5,0,0,0,0,1,1,1,1,1,76,11,1995,2,7,FORD TOURNEO,7,E01017668,0,1
2024361449360,2024,361449360,1,8,0,-1,19,5,1,-1,0,2,0,0,0,0,3,1,-1,1,1,74,10,1995,2,5,FORD TOURNEO,3,E01026614,0,2
2024052402722,2024,052402722,1,8,0,10,10,2,8,0,0,1,0,0,0,0,1,1,1,1,1,37,7,1995,2,8,FORD TOURNEO,2,E01007300,0,1
2024010520245,2024,010520245,1,9,0,2,2,0,0,0,0,5,0,8,1,0,4,1,6,6,3,-1,-1,1995,2,5,FORD TOURNEO,-1,-1,0,-1
2024552500135,2024,552500135,1,10,0,5,5,5,1,0,0,8,0,0,0,0,1,1,2,2,1,30,6,-1,-1,-1,FORD TOURNEO,7,E01015370,0,1
2024361439763,2024,361439763,2,9,0,-1,19,1,5,-1,0,8,0,0,0,0,3,1,-1,1,1,44,7,1995,2,5,FORD TOURNEO,3,E01026853,0,3
2024010510758,2024,010510758,2,10,0,6,6,3,3,0,0,0,0,0,0,0,3,1,1,1,1,54,8,-1,-1,-1,FORD TOURNEO,3,E01001806,0,3
2024421468719,2024,421468719,1,9,-1,-1,2,-1,-1,-1,0,1,0,0,0,0,3,9,-1,6,3,-1,-1,1499,2,5,FORD TOURNEO,-1,-1,0,-1
2024501393622,2024,501393622,1,8,0,-1,19,5,1,-1,0,0,1,0,0,0,1,1,-1,6,1,61,9,2198,2,8,FORD TOURNEO,6,E01018985,0,1
2024010534755,2024,010534755,1,9,0,8,8,3,4,0,0,2,0,0,0,0,1,1,6,6,1,55,8,1995,2,6,FORD TOURNEO,9,E01002458,0,1
2024010518378,2024,010518378,2,9,0,18,19,5,1,0,0,1,0,0,0,0,2,1,1,1,1,39,7,1995,2,2,FORD TOURNEO,7,E01003456,0,2
2024371517686,2024,371517686,1,9,0,-1,19,6,2,-1,0,0,0,0,1,0,1,1,-1,6,1,67,10,1995,2,1,FORD TOURNEO,2,E01030274,0,1
2024211450016,2024,211450016,2,9,0,-1,19,7,3,-1,0,2,0,0,0,0,4,1,-1,1,1,35,6,1499,2,5,FORD TOURNEO,10,E01029757,0,1
2024010522328,2024,010522328,1,9,0,18,19,3,7,0,0,1,0,4,0,0,1,1,6,6,2,47,8,1499,2,5,FORD TOURNEO,3,E01015924,0,1
2024131439221,2024,131439221,2,10,0,-1,19,5,1,-1,0,0,0,0,0,0,4,1,-1,1,1,44,7,-1,-1,-1,FORD TOURNEO,2,E01011232,0,1
2024201497236,2024,201497236,3,8,0,-1,13,8,4,-1,0,0,0,0,0,0,4,1,-1,1,1,46,8,1995,2,6,FORD TOURNEO,2,E01009837,0,1
2024101479697,2024,101479697,2,8,0,-1,19,5,1,-1,0,0,0,0,0,0,2,1,-1,1,1,55,8,2198,2,10,FORD TOURNEO,4,E01020826,0,4
2024522500228,2024,522500228,2,9,0,12,12,8,4,0,0,1,0,0,0,0,3,1,6,6,1,45,7,1499,2,3,FORD TOURNEO,4,E01014622,0,1
2024221476034,2024,221476034,2,9,0,-1,19,5,1,-1,0,8,0,0,0,0,2,9,-1,9,1,52,8,1995,2,1,FORD TOURNEO,10,E01014181,0,4
2024461442238,2024,461442238,1,9,0,-1,19,7,4,-1,0,1,0,0,0,0,1,1,-1,6,2,43,7,1995,2,1,FORD TOURNEO,1,E01024661,0,1
2024351534007,2024,351534007,1,9,0,-1,19,5,1,-1,0,0,0,0,0,0,2,1,-1,6,1,42,7,1499,2,2,FORD TOURNEO,6,E01017963,0,3
2024010530654,2024,010530654,2,9,0,18,19,1,5,0,0,8,0,0,0,0,4,1,1,1,2,40,7,1995,2,2,FORD TOURNEO,2,E01001821,0,1
2024010548475,2024,010548475,2,9,0,18,19,3,7,0,0,1,0,0,0,0,0,1,6,6,1,38,7,1995,2,2,FORD TOURNEO,2,E01001944,0,4
2024501460931,2024,501460931,2,9,0,-1,19,2,6,-1,0,1,0,0,0,0,1,1,-1,6,1,35,6,2198,2,10,FORD TOURNEO,5,E01020278,0,2
2024041457579,2024,041457579,1,10,0,-1,9,7,5,-1,0,0,0,0,0,0,1,1,-1,6,1,31,6,-1,-1,-1,FORD TOURNEO,1,E01024875,0,4
2024332401194,2024,332401194,2,9,0,-1,19,5,1,-1,0,0,0,0,0,0,2,1,-1,9,2,49,8,1995,2,3,FORD TOURNEO,9,E01025893,0,1
2024991431192,2024,991431192,1,8,0,-1,19,7,3,-1,0,1,0,0,7,1,1,1,-1,1,1,63,9,1995,12,4,FORD TOURNEO,7,-1,0,1
2024221421301,2024,221421301,1,10,0,-1,19,5,1,-1,0,0,0,0,0,0,1,9,-1,1,2,23,5,-1,-1,-1,FORD TOURNEO,5,E01015587,0,4
2024221448842,2024,221448842,1,9,0,-1,9,3,1,-1,0,5,0,0,0,0,4,9,-1,6,1,60,9,1499,2,4,FORD TOURNEO,4,E01014024,0,1
2024545101024,2024,545101024,1,9,0,16,19,6,2,0,0,3,0,0,1,11,1,1,6,6,2,54,8,1995,2,4,FORD TOURNEO,1,E01015508,0,1
2024141515445,2024,141515445,2,9,0,-1,19,1,5,-1,0,0,0,0,0,0,1,1,-1,9,2,50,8,1995,2,2,FORD TOURNEO,2,E01007895,0,1
2024461500974,2024,461500974,2,9,0,-1,19,6,3,-1,0,8,0,0,0,0,1,9,-1,1,1,53,8,1995,2,1,FORD TOURNEO,8,E01032819,0,3
2024522401730,2024,522401730,2,8,0,18,19,7,3,0,0,2,0,0,0,0,3,1,1,1,1,47,8,1499,2,6,FORD TOURNEO,2,E01014575,0,1
2024010508345,2024,010508345,2,9,0,99,99,9,9,99,99,5,9,99,9,99,1,9,6,6,3,-1,-1,1995,2,7,FORD TOURNEO,-1,-1,0,-1
2024010527696,2024,010527696,2,9,0,99,99,9,9,99,99,9,9,99,9,99,1,9,6,6,3,36,7,1499,2,2,FORD TOURNEO,3,E01023105,0,4
2024031514601,2024,031514601,2,8,0,-1,19,6,2,-1,0,2,0,0,0,0,3,1,-1,9,2,37,7,1995,2,4,FORD TOURNEO,3,E01019271,0,1
2024041432042,2024,041432042,1,10,0,-1,19,5,1,-1,0,0,1,0,0,0,1,1,-1,1,2,30,6,-1,-1,-1,FORD TOURNEO,1,E01006000,0,4
202460Q061619,2024,60Q061619,2,10,0,18,19,3,7,0,0,0,0,0,0,0,1,1,1,1,2,33,6,-1,-1,-1,FORD TOURNEO,-1,-1,0,-1
2024440037418,2024,440037418,1,10,0,17,19,4,1,0,0,0,0,0,0,0,1,1,1,1,1,42,7,-1,-1,-1,FORD TOURNEO,2,E01017117,0,1
2024501402367,2024,501402367,2,9,0,-1,3,1,5,-1,0,1,0,4,0,0,2,1,-1,1,1,57,9,2198,2,9,FORD TOURNEO,8,E01020003,0,3
2024041407013,2024,041407013,1,9,0,-1,19,1,5,-1,0,1,0,0,0,0,1,1,-1,6,1,38,7,1995,2,1,FORD TOURNEO,1,E01005165,0,4
2024440305079,2024,440305079,2,9,0,18,19,3,7,0,0,8,0,0,0,0,1,1,6,6,2,72,10,1560,2,9,FORD TOURNEO,9,E01022783,0,1
2024430298524,2024,430298524,1,8,0,18,19,7,3,0,0,1,0,0,0,0,1,1,1,1,1,54,8,1499,2,5,FORD TOURNEO,8,E01016337,0,1
2024991422997,2024,991422997,1,8,0,-1,5,6,6,-1,0,0,0,0,0,0,2,1,-1,1,1,63,9,2198,2,9,FORD TOURNEO,-1,-1,0,-1
2024991470399,2024,991470399,3,10,0,-1,19,5,1,-1,0,0,0,0,0,0,1,1,-1,6,1,49,8,-1,-1,-1,FORD TOURNEO,8,E01023034,0,5
2024010548825,2024,010548825,2,9,0,99,99,9,9,99,99,9,9,99,9,99,1,9,6,6,3,-1,-1,1580,8,0,MAKE AND MODEL REDACTED,-1,-1,0,-1
2024231524792,2024,231524792,1,9,0,-1,19,5,1,-1,0,0,0,0,0,0,1,1,-1,9,1,51,8,1598,1,0,MAKE AND MODEL REDACTED,7,E01031253,0,4
2024501472237,2024,501472237,1,9,0,-1,19,8,4,-1,0,1,0,11,0,0,1,1,-1,9,2,56,9,1999,2,6,JAGUAR F-PACE,1,E01005113,0,5
2024421466760,2024,421466760,1,9,0,-1,19,3,7,-1,0,2,0,0,0,0,1,9,-1,6,3,-1,-1,1998,2,1,JAGUAR F-PACE,-1,-1,0,-1
2024991401648,2024,991401648,2,9,0,-1,19,1,5,-1,0,2,0,0,0,0,2,2,-1,9,1,58,9,1999,2,5,JAGUAR F-PACE,10,-1,0,5
2024010513919,2024,010513919,1,9,0,11,11,3,7,0,0,2,0,0,0,0,4,1,6,6,1,41,7,1999,2,5,JAGUAR F-PACE,5,E01004641,0,1
2024041460619,2024,041460619,2,9,0,-1,19,1,5,-1,0,0,5,0,0,0,3,1,-1,9,1,50,8,1998,2,3,JAGUAR F-PACE,8,E01029805,0,4
2024351473739,2024,351473739,2,9,0,-1,19,5,1,-1,0,8,0,0,0,0,1,1,-1,9,1,53,8,1997,1,5,JAGUAR F-PACE,9,E01018012,0,1
2024440016564,2024,440016564,2,9,0,9,9,4,2,0,0,6,0,0,0,0,1,1,6,6,1,72,10,1999,2,4,JAGUAR F-PACE,10,E01022972,0,1
2024440420604,2024,440420604,1,9,0,18,19,7,3,0,0,0,0,0,0,0,1,1,6,6,2,43,7,1999,2,7,JAGUAR F-PACE,9,E01022796,0,4
2024430061910,2024,430061910,2,9,0,18,19,8,4,0,0,0,0,0,0,0,3,1,6,6,1,46,8,1998,2,3,JAGUAR F-PACE,6,E01022858,0,1
2024461490789,2024,461490789,3,9,0,-1,19,7,3,-1,0,0,0,0,0,0,2,1,-1,9,1,36,7,1999,2,6,JAGUAR F-PACE,3,E01002403,0,4
2024010514604,2024,010514604,2,9,9,99,99,9,9,0,0,4,9,99,9,99,1,9,6,6,3,40,7,1999,2,8,JAGUAR F-PACE,-1,-1,0,-1
2024471523504,2024,471523504,3,9,0,-1,2,0,0,-1,0,0,0,0,0,0,2,1,-1,6,-1,-1,-1,1997,1,5,JAGUAR F-PACE,-1,-1,0,-1
2024221521978,2024,221521978,1,9,0,-1,19,1,5,-1,0,0,2,10,1,1,1,1,-1,6,1,67,10,1997,8,2,JAGUAR F-PACE,10,E01031820,0,5
2024311488013,2024,311488013,1,9,0,-1,19,3,7,-1,0,0,0,0,0,0,4,1,-1,9,1,46,8,1997,8,2,JAGUAR F-PACE,5,E01028161,0,1
2024430437007,2024,430437007,2,9,0,18,19,8,4,0,0,0,0,0,0,0,2,1,6,6,2,44,7,1999,2,8,JAGUAR F-PACE,6,E01016704,0,1
2024101415376,2024,101415376,1,9,0,-1,19,3,6,-1,0,1,0,0,0,0,1,1,-1,6,1,39,7,1999,2,8,JAGUAR F-PACE,8,E01004585,0,5
2024010510148,2024,010510148,3,9,0,2,2,0,0,6,6,0,0,0,0,0,0,1,6,6,3,-1,-1,1997,8,3,JAGUAR F-PACE,-1,-1,0,-1
2024122400947,2024,122400947,1,9,0,18,19,6,1,0,0,8,0,0,3,1,1,1,6,6,1,87,11,1999,2,4,JAGUAR F-PACE,10,E01027698,0,1
2024201466278,2024,201466278,1,9,0,-1,3,5,1,-1,0,1,0,0,0,0,2,9,-1,6,2,68,10,1999,2,8,JAGUAR F-PACE,8,E01010222,0,1
2024010540763,2024,010540763,2,9,0,9,9,1,7,0,0,8,0,0,0,0,4,1,6,6,1,47,8,1999,2,8,JAGUAR F-PACE,-1,-1,0,-1
2024201446237,2024,201446237,9,9,0,-1,1,4,8,-1,0,2,0,0,0,0,2,9,-1,6,2,53,8,1998,2,3,JAGUAR F-PACE,9,E01032177,0,1
2024201464700,2024,201464700,1,9,0,-1,19,8,4,-1,0,0,0,0,0,0,4,1,-1,6,1,25,5,1999,2,7,JAGUAR F-PACE,3,E01009553,0,1
2024631434016,2024,631434016,1,9,0,-1,5,2,6,-1,0,6,0,0,0,0,1,1,-1,6,3,-1,-1,1999,2,4,JAGUAR F-PACE,-1,-1,0,-1
2024231410495,2024,231410495,2,9,0,-1,19,6,2,-1,0,0,0,0,0,0,1,9,-1,2,2,46,8,1998,2,1,JAGUAR F-PACE,8,E01031205,0,1
2024430322006,2024,430322006,1,9,0,18,19,7,4,0,0,0,0,0,0,0,1,1,6,6,1,39,7,1997,8,1,JAGUAR F-PACE,6,E01001869,0,4
2024411540094,2024,411540094,1,9,0,-1,7,2,4,-1,0,5,0,11,0,0,1,1,-1,2,2,24,5,1999,2,5,JAGUAR F-PACE,9,E01023378,0,1
2024351449961,2024,351449961,2,9,-1,-1,-1,-1,-1,-1,-1,0,-1,-1,-1,0,-1,9,-1,6,1,-1,-1,1999,2,4,JAGUAR F-PACE,10,E01033114,0,2
2024430113238,2024,430113238,1,9,0,9,9,6,4,0,0,6,0,0,0,0,1,1,6,6,2,74,10,1998,2,3,JAGUAR F-PACE,9,E01028797,0,1
2024351495357,2024,351495357,2,9,0,-1,5,3,6,-1,0,4,0,0,0,0,1,1,-1,9,1,71,10,1999,2,6,JAGUAR F-PACE,10,E01017995,0,1
2024201521581,2024,201521581,1,9,0,-1,19,4,6,-1,0,1,0,0,0,0,1,1,-1,6,3,-1,-1,1997,8,0,JAGUAR F-PACE,-1,-1,0,-1
2024991401434,2024,991401434,1,9,0,-1,19,7,3,-1,0,0,1,0,7,7,1,1,-1,6,2,61,9,1998,2,1,JAGUAR F-PACE,8,-1,0,4
2024201533128,2024,201533128,1,9,0,-1,19,8,4,-1,0,0,0,4,0,0,1,1,-1,6,1,38,7,1999,2,6,JAGUAR F-PACE,-1,-1,0,-1
2024451496749,2024,451496749,2,9,0,-1,3,5,1,-1,0,0,0,0,0,0,2,1,-1,9,2,57,9,1997,8,2,JAGUAR F-PACE,6,E01030649,0,2
2024041521046,2024,041521046,1,9,0,-1,10,8,6,-1,0,6,0,0,0,0,3,1,-1,9,1,78,11,1999,2,4,JAGUAR F-PACE,8,E01025204,0,1
2024131457783,2024,131457783,1,9,0,-1,19,3,7,-1,0,4,0,0,0,0,1,1,-1,9,1,66,10,1999,2,4,JAGUAR F-PACE,7,E01022071,0,5
2024501483089,2024,501483089,1,9,0,-1,19,8,4,-1,0,0,1,0,0,0,1,1,-1,6,1,77,11,1999,2,6,JAGUAR F-PACE,10,E01019905,0,1
2024401539869,2024,401539869,2,9,0,-1,3,7,1,-1,0,1,0,0,0,0,2,1,-1,6,2,35,6,1999,2,8,JAGUAR F-PACE,6,E01035421,0,4
2024471417697,2024,471417697,4,9,0,-1,2,0,0,-1,0,0,0,0,0,0,1,1,-1,6,-1,-1,-1,1999,2,5,JAGUAR F-PACE,-1,-1,0,-1
2024461444269,2024,461444269,1,9,0,-1,19,3,6,-1,0,0,0,0,0,0,2,9,-1,9,2,45,7,1997,1,5,JAGUAR F-PACE,3,E01016155,0,1
2024231524968,2024,231524968,2,9,0,-1,2,0,0,-1,0,2,0,0,0,0,1,1,-1,9,1,32,6,1999,2,7,JAGUAR F-PACE,10,E01031228,0,1
2024471483794,2024,471483794,1,9,0,-1,19,1,5,-1,0,8,0,0,0,0,3,1,-1,9,2,41,7,1998,2,3,JAGUAR F-PACE,10,E01000809,0,4
2024991482340,2024,991482340,1,9,0,-1,19,1,5,-1,0,0,5,0,1,11,1,2,-1,9,1,66,10,2993,2,7,JAGUAR F-PACE,7,E01008734,0,5
2024231438125,2024,231438125,1,9,0,-1,19,8,4,-1,0,1,0,0,0,0,1,9,-1,9,2,35,6,1997,8,1,JAGUAR F-PACE,-1,-1,0,-1
2024131433700,2024,131433700,1,9,0,-1,19,2,6,-1,0,8,5,0,8,1,4,1,-1,9,1,32,6,1998,2,2,JAGUAR F-PACE,7,E01011193,0,3
2024010510487,2024,010510487,1,9,0,18,19,1,5,5,5,1,0,0,0,0,1,1,6,6,1,23,5,1999,2,7,JAGUAR F-PACE,4,E01003215,0,1
2024131399950,2024,131399950,2,9,0,-1,3,5,1,-1,0,0,0,0,0,0,2,1,-1,7,2,49,8,5000,1,5,JAGUAR F-PACE,6,E01011861,0,1
2024010539383,2024,010539383,1,9,0,9,9,5,2,0,0,1,0,0,0,0,1,1,6,6,1,69,10,1998,2,0,JAGUAR F-PACE,4,E01023387,0,4
2024231442723,2024,231442723,2,9,0,-1,19,8,4,-1,0,0,0,0,0,0,4,1,-1,6,1,51,8,1998,2,1,JAGUAR F-PACE,10,E01031201,0,2
2024131478381,2024,131478381,1,9,0,-1,19,3,2,-1,0,0,5,11,1,1,1,1,-1,9,1,32,6,1998,2,1,JAGUAR F-PACE,5,E01027649,0,3
2024340WN4862,2024,340WN4862,1,9,0,-1,9,1,7,-1,0,1,0,0,0,0,1,1,-1,6,2,57,9,1998,2,0,JAGUAR F-PACE,10,E01027295,0,3
2024010531275,2024,010531275,1,9,0,18,19,7,3,5,5,8,0,10,1,11,4,1,6,6,2,30,6,1997,1,2,JAGUAR F-PACE,10,E01001101,0,1
2024010503953,2024,010503953,2,9,0,18,19,5,1,0,0,1,0,0,0,0,1,1,6,6,1,51,8,1999,2,4,JAGUAR F-PACE,9,E01016595,0,3
2024010504759,2024,010504759,1,9,0,18,19,4,8,0,0,4,0,0,0,0,4,1,2,2,2,51,8,1999,2,8,JAGUAR F-PACE,2,E01002561,0,4
2024991480724,2024,991480724,1,9,0,-1,19,3,7,-1,0,0,1,0,0,0,1,1,-1,9,2,31,6,1999,2,3,JAGUAR F-PACE,3,-1,0,2
2024401423550,2024,401423550,1,9,0,-1,3,5,1,-1,0,0,0,0,0,0,3,1,-1,2,2,48,8,1999,2,7,JAGUAR F-PACE,7,E01017427,0,4
2024010512809,2024,010512809,2,9,9,99,99,9,9,0,0,9,9,99,9,99,9,9,6,6,3,39,7,1999,2,8,JAGUAR F-PACE,2,E01000422,0,1
2024461459030,2024,461459030,1,9,0,-1,9,2,3,-1,0,4,0,0,0,0,1,1,-1,9,2,37,7,1998,2,3,JAGUAR F-PACE,5,E01002652,0,4
2024471473197,2024,471473197,2,9,0,-1,7,5,7,-1,0,6,0,0,0,0,1,1,-1,9,1,66,10,1999,2,4,JAGUAR F-PACE,7,E01035328,0,3
2024010500269,2024,010500269,1,9,0,9,9,7,5,0,0,6,0,0,0,0,3,1,6,6,1,55,8,1999,2,7,JAGUAR F-PACE,8,E01000913,0,1
2024440374171,2024,440374171,1,9,0,18,19,7,2,0,0,1,0,0,0,0,1,1,6,6,1,22,5,1999,2,8,JAGUAR F-PACE,10,E01023220,0,1
2024991418226,2024,991418226,1,9,0,-1,19,7,4,-1,0,0,0,0,0,0,1,1,-1,9,2,62,9,1998,2,3,JAGUAR F-PACE,3,-1,0,2
2024552400412,2024,552400412,1,9,0,18,19,4,8,0,0,8,0,0,0,0,1,1,6,6,3,-1,-1,2993,2,7,JAGUAR F-PACE,-1,-1,0,-1
2024070562954,2024,070562954,2,9,0,3,3,6,2,0,0,1,0,0,0,0,2,1,2,2,1,-1,-1,1998,2,1,JAGUAR F-PACE,-1,-1,0,-1
2024010506415,2024,010506415,1,9,0,3,3,3,7,0,0,1,0,0,0,0,1,1,6,6,2,29,6,1999,2,6,JAGUAR F-PACE,3,E01003605,0,1
2024010519191,2024,010519191,1,9,0,18,19,1,5,0,0,0,5,4,0,0,1,1,6,6,1,26,6,1997,1,3,JAGUAR F-PACE,4,E01003543,0,2
2024010510181,2024,010510181,2,9,0,99,99,9,9,99,99,9,9,99,9,99,1,9,6,6,3,-1,-1,1998,2,1,JAGUAR F-PACE,-1,-1,0,-1
2024471507682,2024,471507682,1,9,0,-1,4,3,7,-1,-1,0,0,0,0,0,4,1,-1,6,1,71,10,2993,2,4,JAGUAR F-PACE,6,E01031557,0,1
2024371498702,2024,371498702,1,9,0,-1,19,4,8,-1,0,6,0,0,0,0,1,1,-1,6,2,66,10,1999,2,5,JAGUAR F-PACE,6,E01030151,0,1
2024361482723,2024,361482723,2,9,-1,-1,-1,6,2,-1,-1,-1,-1,-1,-1,-1,-1,9,-1,6,1,58,9,2993,2,7,JAGUAR F-PACE,6,E01026424,0,2
2024552400575,2024,552400575,2,9,0,3,3,6,2,0,0,1,0,0,0,0,2,1,6,6,2,63,9,1999,2,6,JAGUAR F-PACE,9,E01020423,0,3
202454C635224,2024,54C635224,1,9,0,18,19,3,7,0,0,0,0,0,0,0,1,1,6,6,1,46,8,1999,2,6,JAGUAR F-PACE,10,E01031702,0,5
2024440075432,2024,440075432,2,9,0,3,3,8,4,0,0,0,0,0,0,0,2,1,2,2,1,48,8,1997,1,7,JAGUAR F-PACE,9,E01022757,0,1
2024991451286,2024,991451286,1,9,0,-1,9,8,6,-1,0,6,0,0,0,0,3,1,-1,9,1,59,9,1999,2,8,JAGUAR F-PACE,9,E01018585,0,5
2024991439121,2024,991439121,3,9,0,-1,19,3,7,-1,0,0,0,0,0,0,1,1,-1,9,1,62,9,2993,2,5,JAGUAR F-PACE,10,-1,0,4