collision_index,collision_year,collision_ref_no,vehicle_reference,vehicle_type,towing_and_articulation,vehicle_manoeuvre_historic,vehicle_manoeuvre,vehicle_direction_from,vehicle_direction_to,vehicle_location_restricted_lane_historic,vehicle_location_restricted_lane,junction_location,skidding_and_overturning,hit_object_in_carriageway,vehicle_leaving_carriageway,hit_object_off_carriageway,first_point_of_impact,vehicle_left_hand_drive,journey_purpose_of_driver_historic,journey_purpose_of_driver,sex_of_driver,age_of_driver,age_band_of_driver,engine_capacity_cc,propulsion_code,age_of_vehicle,generic_make_model,driver_imd_decile,lsoa_of_driver,escooter_flag,driver_distance_banding
2024010503456,2024,010503456,1,9,0,4,4,7,3,0,0,5,0,0,0,0,3,1,1,1,1,53,8,2143,2,6,MERCEDES V CLASS,2,E01009448,0,5
2024201414743,2024,201414743,1,8,0,-1,19,7,3,-1,0,8,0,0,0,0,1,9,-1,1,1,47,8,2143,2,7,MERCEDES V CLASS,1,E01033894,0,1
2024471395595,2024,471395595,1,9,0,-1,9,7,5,-1,0,8,0,0,0,0,1,1,-1,9,1,57,9,2143,2,7,MERCEDES V CLASS,3,E01034831,0,3
2024991467901,2024,991467901,1,10,0,-1,19,3,7,-1,0,0,0,0,2,0,4,1,-1,1,1,59,9,-1,-1,-1,MERCEDES V CLASS,2,-1,0,3
2024010530854,2024,010530854,1,8,0,99,99,9,9,99,99,9,9,99,9,99,2,9,1,1,1,55,8,1950,2,5,MERCEDES V CLASS,3,E01000498,0,2
2024010541971,2024,010541971,2,8,0,4,4,5,1,0,0,1,0,0,0,0,4,1,2,2,1,53,8,2143,2,6,MERCEDES V CLASS,2,E01027229,0,4
2024211490208,2024,211490208,1,9,0,-1,3,2,4,-1,0,0,0,0,0,0,2,1,-1,9,1,27,6,2143,2,6,MERCEDES V CLASS,8,E01029703,0,1
2024221500963,2024,221500963,1,9,0,-1,9,5,3,-1,0,6,0,0,0,0,3,1,-1,2,1,60,9,2143,2,6,MERCEDES V CLASS,8,E01014203,0,2
2024131448325,2024,131448325,4,10,0,-1,19,5,1,-1,0,0,0,0,0,0,1,1,-1,9,1,72,10,-1,-1,-1,MERCEDES V CLASS,3,E01011920,0,2
2024061411121,2024,061411121,2,9,0,-1,19,4,1,-1,0,8,0,0,0,0,4,1,-1,9,1,42,7,1950,2,0,MERCEDES V CLASS,6,E01006143,0,1
2024010514342,2024,010514342,3,9,0,2,2,0,0,0,0,1,0,0,0,0,3,1,6,6,3,-1,-1,2143,2,7,MERCEDES V CLASS,-1,-1,0,-1
2024451419121,2024,451419121,2,9,0,-1,19,1,5,-1,0,0,0,0,0,0,1,1,-1,1,1,57,9,2143,2,6,MERCEDES V CLASS,7,E01031564,0,3
2024010527345,2024,010527345,2,8,0,4,4,1,5,9,9,1,0,0,0,0,2,1,1,1,1,47,8,1950,2,0,MERCEDES V CLASS,4,E01002593,0,3
2024010544130,2024,010544130,2,9,0,99,99,9,9,99,99,9,9,99,9,99,9,9,6,6,1,50,8,2143,2,9,MERCEDES V CLASS,8,E01004712,0,3
2024311417682,2024,311417682,2,9,5,-1,2,2,6,-1,0,0,0,0,0,0,1,1,-1,6,1,58,9,2143,2,5,MERCEDES V CLASS,3,E01024497,0,5
2024010549633,2024,010549633,1,10,0,99,99,9,9,99,99,9,9,99,9,99,1,9,6,6,1,60,9,-1,-1,-1,MERCEDES V CLASS,2,E01000508,0,1
2024461490069,2024,461490069,1,9,0,-1,19,1,5,-1,0,0,0,0,0,0,1,1,-1,6,2,39,7,1950,2,5,MERCEDES V CLASS,2,E01024664,0,1
2024010546402,2024,010546402,1,9,0,9,9,8,7,0,0,3,0,0,0,0,4,1,1,1,1,24,5,1950,2,0,MERCEDES V CLASS,4,E01003722,0,2
2024010491405,2024,010491405,2,10,0,5,5,5,1,0,0,8,0,0,0,0,1,1,1,1,1,47,8,-1,-1,-1,MERCEDES V CLASS,9,W01000943,0,5
2024010548251,2024,010548251,1,8,0,4,4,1,5,0,0,1,0,0,0,0,3,1,1,1,1,44,7,2143,2,8,MERCEDES V CLASS,6,E01001207,0,2
2024010535390,2024,010535390,1,9,0,8,8,5,7,0,0,1,0,0,1,0,4,1,1,1,1,37,7,2143,2,7,MERCEDES V CLASS,7,E01008991,0,5
2024451463149,2024,451463149,1,9,0,-1,19,8,4,-1,0,0,0,0,0,0,1,1,-1,2,1,45,7,2143,2,7,MERCEDES V CLASS,6,E01030826,0,1
2024010533778,2024,010533778,3,9,0,2,2,0,0,0,0,1,0,0,0,0,0,1,6,6,3,-1,-1,2143,2,7,MERCEDES V CLASS,-1,-1,0,-1
2024052402765,2024,052402765,2,8,0,18,19,3,7,0,0,1,1,0,0,0,1,1,1,1,1,36,7,2143,2,7,MERCEDES V CLASS,1,E01006679,0,1
2024010539989,2024,010539989,1,10,0,99,99,9,9,99,99,9,9,99,9,99,9,9,6,6,3,-1,-1,-1,-1,-1,MERCEDES V CLASS,4,E01000639,0,1
2024471416027,2024,471416027,17,10,0,-1,19,7,3,-1,0,0,5,0,1,0,1,1,-1,6,1,39,7,-1,-1,-1,MERCEDES V CLASS,4,E01034617,0,4
2024010505784,2024,010505784,1,9,0,4,4,1,5,0,0,7,0,0,0,0,1,1,1,1,1,52,8,2143,2,6,MERCEDES V CLASS,7,E01002171,0,1
2024471430893,2024,471430893,1,9,0,-1,19,2,6,-1,0,0,0,0,0,0,1,1,-1,9,1,80,11,1098,1,-1,MAKE AND MODEL REDACTED,7,E01031626,0,2
2024211504929,2024,211504929,2,9,0,-1,9,8,6,-1,0,8,0,0,7,10,3,1,-1,9,2,58,9,998,1,-1,MAKE AND MODEL REDACTED,3,E01029404,0,3
2024052401199,2024,052401199,2,4,0,18,19,5,1,0,0,0,0,0,0,0,1,1,1,1,1,56,9,124,1,6,MAKE AND MODEL REDACTED,2,E01006977,0,1
2024552401474,2024,552401474,1,3,0,13,13,4,8,0,0,8,0,0,0,0,1,1,6,6,1,23,5,124,1,10,MAKE AND MODEL REDACTED,-1,-1,0,-1
2024421441572,2024,421441572,1,3,0,-1,15,3,8,-1,0,0,2,0,0,0,1,1,-1,9,1,20,4,124,1,3,MAKE AND MODEL REDACTED,4,E01021639,0,1
2024552400496,2024,552400496,3,9,0,18,19,8,4,0,0,0,0,0,0,0,3,1,2,2,2,63,9,-1,-1,-1,MAKE AND MODEL REDACTED,8,E01020474,0,2
2024221409917,2024,221409917,2,19,0,-1,19,4,8,-1,0,0,0,6,0,0,1,9,-1,6,1,55,8,1896,2,22,MAKE AND MODEL REDACTED,4,E01014044,0,4
2024041425902,2024,041425902,1,3,0,-1,19,7,3,-1,0,0,2,2,0,0,1,1,-1,9,1,51,8,125,1,15,MAKE AND MODEL REDACTED,3,E01025054,0,2
2024010522509,2024,010522509,2,3,0,18,19,5,1,0,0,8,1,0,7,0,4,1,6,6,1,17,4,124,1,12,MAKE AND MODEL REDACTED,2,E01001145,0,1
2024421444745,2024,421444745,1,5,0,-1,13,5,1,-1,0,0,0,0,7,0,3,1,-1,9,1,29,6,1037,1,2,SUZUKI DL 1050,6,E01021348,0,4
2024411398441,2024,411398441,2,5,0,-1,4,8,4,-1,0,0,0,0,0,0,1,1,-1,9,1,31,6,1037,1,4,SUZUKI DL 1050,7,E01017423,0,4
2024471490597,2024,471490597,2,5,0,-1,3,7,3,-1,0,0,0,0,0,0,1,1,-1,9,1,58,9,1037,1,4,SUZUKI DL 1050,6,E01021188,0,1
2024430288905,2024,430288905,1,5,0,18,19,4,8,0,0,8,0,0,0,0,1,1,6,6,1,56,9,1037,1,4,SUZUKI DL 1050,6,E01017878,0,4
2024531408722,2024,531408722,2,5,0,-1,19,8,4,-1,0,8,0,0,0,0,1,1,-1,9,1,67,10,1037,1,2,SUZUKI DL 1050,7,E01034807,0,1
202460Q061388,2024,60Q061388,2,5,0,13,13,2,6,0,0,0,2,0,0,0,1,1,6,6,1,49,8,1037,1,3,SUZUKI DL 1050,-1,-1,0,-1
2024501420164,2024,501420164,2,5,0,-1,5,6,2,-1,0,3,5,0,0,0,4,1,-1,6,1,59,9,1037,1,1,SUZUKI DL 1050,7,E01018827,0,4
2024111457269,2024,111457269,1,5,0,-1,19,4,1,-1,0,0,2,0,2,2,1,1,-1,9,1,66,10,1037,1,3,SUZUKI DL 1050,6,E01020794,0,2
2024471494712,2024,471494712,2,5,0,-1,19,1,5,-1,0,8,0,0,0,0,4,1,-1,9,1,56,9,1037,1,4,SUZUKI DL 1050,8,E01020954,0,1
2024501420053,2024,501420053,2,5,0,-1,19,1,5,-1,0,0,0,0,0,0,3,1,-1,2,1,51,8,1037,1,2,SUZUKI DL 1050,4,E01015265,0,4
2024991445751,2024,991445751,1,5,0,-1,4,2,6,-1,0,0,0,4,1,0,1,1,-1,9,1,66,10,1037,1,1,SUZUKI DL 1050,10,E01025944,0,5
2024501529322,2024,501529322,2,3,0,-1,19,6,2,-1,0,1,1,0,0,0,1,1,-1,6,1,20,4,124,1,24,MAKE AND MODEL REDACTED,3,E01015212,0,1
2024440513601,2024,440513601,1,3,0,13,13,2,6,0,0,1,0,0,0,0,1,1,2,2,1,20,4,124,1,14,MAKE AND MODEL REDACTED,6,E01022716,0,1
2024122500459,2024,122500459,1,5,0,18,19,5,1,0,0,8,1,0,0,0,1,1,6,6,1,29,6,900,1,7,TRIUMPH BONNEVILLE,10,E01013427,0,1
2024501522896,2024,501522896,2,5,0,-1,19,6,2,-1,0,1,0,0,0,0,1,1,-1,6,1,57,9,1200,1,6,TRIUMPH BONNEVILLE,8,E01015098,0,1
2024302400361,2024,302400361,2,5,0,18,19,8,4,0,0,8,0,0,0,0,1,1,6,6,1,56,9,1200,1,2,TRIUMPH BONNEVILLE,4,E01019491,0,1
2024991418783,2024,991418783,1,5,0,-1,19,8,3,-1,0,0,0,0,7,0,4,1,-1,9,1,55,8,1200,1,0,TRIUMPH BONNEVILLE,3,-1,0,4
2024501500625,2024,501500625,1,5,0,-1,19,6,1,-1,0,0,1,0,1,9,1,1,-1,9,1,74,10,1200,1,1,TRIUMPH BONNEVILLE,5,E01034642,0,2
2024010525463,2024,010525463,1,5,0,99,99,9,9,99,99,9,9,99,9,99,9,1,6,6,1,36,7,1200,1,6,TRIUMPH BONNEVILLE,7,E01003013,0,2
2024501492021,2024,501492021,1,5,0,-1,9,3,1,-1,0,3,0,0,0,0,4,1,-1,9,1,64,9,865,1,12,TRIUMPH BONNEVILLE,3,E01015270,0,1
2024471460672,2024,471460672,1,5,0,-1,12,6,2,-1,0,0,5,10,0,0,1,1,-1,9,1,18,4,865,1,17,TRIUMPH BONNEVILLE,4,E01021177,0,4
2024522401496,2024,522401496,1,5,0,18,19,2,6,0,0,8,0,0,0,0,4,1,6,6,1,67,10,1200,1,1,TRIUMPH BONNEVILLE,6,E01014447,0,2
2024440404373,2024,440404373,1,4,0,18,19,1,4,0,0,8,0,0,0,0,3,1,6,6,1,67,10,865,1,12,TRIUMPH BONNEVILLE,10,E01022675,0,3
202460Q044027,2024,60Q044027,2,5,0,5,5,4,8,0,0,3,2,10,0,0,1,1,6,6,1,69,10,865,1,11,TRIUMPH BONNEVILLE,-1,-1,0,-1
2024991459472,2024,991459472,1,5,0,-1,19,5,8,-1,0,0,0,0,0,0,1,1,-1,9,1,50,8,1200,1,7,TRIUMPH BONNEVILLE,4,E01020041,0,5
2024361428721,2024,361428721,2,3,0,-1,19,2,7,-1,0,0,0,0,0,0,4,1,-1,9,1,61,9,1200,1,6,TRIUMPH BONNEVILLE,2,E01035542,0,4
2024501429687,2024,501429687,2,5,0,-1,19,8,4,-1,0,1,1,0,0,0,3,1,-1,1,1,66,10,790,1,21,TRIUMPH BONNEVILLE,4,E01015142,0,1
2024991493173,2024,991493173,1,5,0,-1,19,6,2,-1,0,0,0,0,1,0,1,1,-1,6,1,51,8,1200,1,0,TRIUMPH BONNEVILLE,7,-1,0,5
2024010549787,2024,010549787,2,5,0,16,19,6,8,0,0,0,0,11,0,0,1,1,2,2,1,40,7,865,1,10,TRIUMPH BONNEVILLE,6,E01002670,0,1
2024141463812,2024,141463812,1,5,-1,-1,19,7,4,-1,0,0,5,0,1,0,1,1,-1,6,1,62,9,865,1,15,TRIUMPH BONNEVILLE,2,E01019498,0,3
2024371524747,2024,371524747,2,5,0,-1,19,4,8,-1,0,1,0,0,0,0,1,1,-1,1,1,53,8,865,1,11,TRIUMPH BONNEVILLE,6,E01033049,0,1
2024522401820,2024,522401820,1,5,0,18,19,1,5,0,0,0,0,0,0,0,1,1,6,6,1,59,9,1200,1,7,TRIUMPH BONNEVILLE,2,E01014659,0,1
2024131410822,2024,131410822,3,5,0,-1,10,6,4,-1,0,1,0,0,0,0,1,1,-1,6,1,67,10,1200,1,5,TRIUMPH BONNEVILLE,1,E01011163,0,1
2024122400887,2024,122400887,2,5,0,7,7,8,2,0,0,1,0,0,0,0,3,1,6,6,2,56,9,900,1,7,TRIUMPH BONNEVILLE,-1,-1,0,-1
2024221483258,2024,221483258,1,5,0,-1,19,4,8,-1,0,0,0,0,1,9,3,1,-1,9,2,57,9,1200,1,7,TRIUMPH BONNEVILLE,9,E01032341,0,4
2024010511170,2024,010511170,2,5,0,18,19,1,5,0,0,1,0,0,0,0,1,1,6,6,1,36,7,1200,1,7,TRIUMPH BONNEVILLE,-1,-1,0,-1
2024031409413,2024,031409413,1,4,0,-1,19,4,8,-1,0,0,1,0,0,0,2,1,-1,6,1,31,6,1200,1,6,TRIUMPH BONNEVILLE,-1,-1,0,-1
2024501457560,2024,501457560,1,5,0,-1,19,5,1,-1,0,1,1,0,0,0,3,1,-1,9,1,67,10,865,1,8,TRIUMPH BONNEVILLE,5,E01018923,0,1
2024010548118,2024,010548118,1,5,0,99,99,9,9,99,99,9,9,99,9,99,9,1,2,2,1,58,9,1200,1,4,TRIUMPH BONNEVILLE,7,E01030722,0,4
2024041408391,2024,041408391,1,5,0,-1,14,7,3,-1,0,0,5,0,0,0,1,1,-1,9,1,70,10,865,1,8,TRIUMPH BONNEVILLE,5,E01025573,0,4
202454A037724,2024,54A037724,1,5,0,16,19,1,4,0,0,0,0,0,7,9,1,1,6,6,1,68,10,790,1,23,TRIUMPH BONNEVILLE,7,E01015588,0,3
2024471439562,2024,471439562,3,5,0,-1,19,5,1,-1,0,0,2,0,0,0,1,1,-1,9,1,57,9,865,1,12,TRIUMPH BONNEVILLE,1,E01021020,0,3
2024471436706,2024,471436706,2,5,0,-1,19,1,5,-1,0,0,0,0,0,0,1,1,-1,9,1,55,8,900,1,6,TRIUMPH BONNEVILLE,9,E01035354,0,1
2024991425926,2024,991425926,2,5,0,-1,19,5,1,-1,0,1,0,0,0,0,1,1,-1,9,1,54,8,900,1,0,TRIUMPH BONNEVILLE,10,-1,0,1
2024430369265,2024,430369265,2,4,0,13,13,1,5,0,0,8,0,0,0,0,1,1,6,6,1,46,8,1200,1,5,TRIUMPH BONNEVILLE,6,E01016536,0,3
2024501528167,2024,501528167,1,5,0,-1,19,7,3,-1,0,0,0,0,7,10,1,1,-1,2,1,64,9,1200,1,7,TRIUMPH BONNEVILLE,5,E01034167,0,1
2024122400376,2024,122400376,1,5,0,18,19,3,7,0,0,0,0,0,1,0,1,1,6,6,1,60,9,900,1,3,TRIUMPH BONNEVILLE,6,E01025123,0,4
2024471438155,2024,471438155,1,5,0,-1,10,4,2,-1,0,0,0,0,0,0,2,1,-1,1,1,62,9,865,1,16,TRIUMPH BONNEVILLE,7,E01021033,0,3
2024501514550,2024,501514550,2,5,0,-1,19,6,2,-1,0,8,5,0,0,0,1,1,-1,6,1,33,6,865,1,8,TRIUMPH BONNEVILLE,4,E01018856,0,3
2024501452514,2024,501452514,2,5,0,-1,19,3,7,-1,0,0,0,0,0,0,2,1,-1,1,1,33,6,790,1,20,TRIUMPH BONNEVILLE,6,E01018853,0,1
2024141507417,2024,141507417,2,5,0,-1,19,1,5,-1,0,8,0,0,1,0,1,1,-1,6,1,70,10,865,1,7,TRIUMPH BONNEVILLE,1,E01007941,0,2
2024332400209,2024,332400209,1,3,0,-1,19,6,3,-1,0,8,0,0,0,0,3,1,-1,9,2,59,9,865,1,10,TRIUMPH BONNEVILLE,7,E01025748,0,1
2024010519396,2024,010519396,2,5,0,14,14,7,3,0,0,1,0,0,0,0,1,1,2,2,2,31,6,1200,1,6,TRIUMPH BONNEVILLE,4,E01001321,0,2
2024141486128,2024,141486128,1,5,0,-1,5,1,5,-1,0,4,5,0,0,0,3,1,-1,9,1,77,11,865,1,15,TRIUMPH BONNEVILLE,5,E01008000,0,1
2024440452064,2024,440452064,1,5,0,9,9,5,3,0,0,6,0,0,0,0,3,1,6,6,1,42,7,1200,1,5,TRIUMPH BONNEVILLE,1,E01017031,0,1
2024041490275,2024,041490275,1,5,0,-1,4,8,4,-1,0,0,2,0,0,0,3,1,-1,9,1,66,10,865,1,10,TRIUMPH BONNEVILLE,2,E01025075,0,1
2024361476977,2024,361476977,1,5,0,-1,19,5,5,-1,0,0,1,12,1,0,1,1,-1,9,1,71,10,1200,1,6,TRIUMPH BONNEVILLE,5,E01030188,0,4
2024302401213,2024,302401213,2,5,0,18,19,4,8,0,0,8,1,0,0,0,1,1,6,6,1,27,6,1200,1,2,TRIUMPH BONNEVILLE,7,E01019607,0,1
2024461471649,2024,461471649,1,5,0,-1,19,2,6,-1,0,1,2,0,0,0,4,1,-1,9,1,63,9,865,1,13,TRIUMPH BONNEVILLE,4,W01001980,0,5
2024031450904,2024,031450904,1,5,0,-1,19,3,7,-1,0,1,1,0,0,0,1,1,-1,9,1,29,6,865,1,11,TRIUMPH BONNEVILLE,5,E01019325,0,4
2024221488456,2024,221488456,1,5,0,-1,19,8,4,-1,0,0,1,0,0,0,4,1,-1,9,1,61,9,900,1,0,TRIUMPH BONNEVILLE,2,E01032239,0,4
2024991498697,2024,991498697,1,5,0,-1,19,8,4,-1,0,1,0,0,0,0,1,1,-1,9,1,70,10,900,1,6,TRIUMPH BONNEVILLE,8,-1,0,4
2024332400759,2024,332400759,1,5,0,-1,3,1,5,-1,0,1,0,0,0,0,2,1,-1,9,1,59,9,865,1,13,TRIUMPH BONNEVILLE,9,E01025758,0,1
2024010541923,2024,010541923,1,5,0,99,99,9,9,99,99,9,9,99,9,99,1,1,2,2,1,41,7,1200,1,2,TRIUMPH BONNEVILLE,4,E01016074,0,4
2024141436187,2024,141436187,1,5,0,-1,11,4,8,-1,0,1,0,0,0,0,1,1,-1,6,1,46,8,865,1,15,TRIUMPH BONNEVILLE,8,E01011181,0,2
2024451474227,2024,451474227,1,5,0,-1,19,4,8,-1,0,6,5,0,1,0,0,1,-1,6,1,82,11,865,1,12,TRIUMPH BONNEVILLE,8,E01030529,0,1
2024552401138,2024,552401138,1,5,0,13,13,5,1,0,0,8,0,0,0,0,1,1,2,2,1,59,9,865,1,9,TRIUMPH BONNEVILLE,7,E01015376,0,1
2024461396116,2024,461396116,1,5,0,-1,13,7,3,-1,0,0,1,0,0,0,1,1,-1,6,1,38,7,865,1,9,TRIUMPH BONNEVILLE,4,E01035305,0,4
2024461411771,2024,461411771,2,5,0,-1,19,8,4,-1,0,8,5,0,0,0,3,1,-1,9,1,49,8,865,1,14,TRIUMPH BONNEVILLE,7,E01024407,0,2
2024552401065,2024,552401065,2,5,0,18,19,2,6,0,0,8,0,0,0,0,1,1,6,6,1,32,6,865,1,12,TRIUMPH BONNEVILLE,6,E01015460,0,1
2024052400318,2024,052400318,2,5,0,18,19,8,4,0,0,8,0,0,0,0,3,1,6,6,1,22,5,900,1,8,TRIUMPH BONNEVILLE,3,E01006533,0,1
2024421523711,2024,421523711,1,5,0,-1,13,4,8,-1,0,1,0,0,0,0,4,1,-1,9,1,59,9,900,1,2,TRIUMPH BONNEVILLE,2,E01021699,0,1
2024421486726,2024,421486726,2,5,0,-1,19,3,7,-1,0,0,0,0,0,0,4,1,-1,6,1,58,9,1200,1,3,TRIUMPH BONNEVILLE,3,E01015868,0,2
2024332400956,2024,332400956,1,5,0,-1,19,1,5,-1,0,1,1,0,0,0,3,1,-1,9,1,69,10,1200,1,4,TRIUMPH BONNEVILLE,10,E01025737,0,1
2024010529334,2024,010529334,1,5,0,18,19,5,1,2,2,1,0,0,0,0,1,1,2,2,1,48,8,1200,1,5,TRIUMPH BONNEVILLE,8,E01032563,0,1
2024010538120,2024,010538120,2,3,0,13,13,1,5,9,9,0,0,0,0,0,4,1,2,2,1,35,6,865,1,9,TRIUMPH BONNEVILLE,10,E01003887,0,1
2024141458057,2024,141458057,2,5,0,-1,13,2,5,-1,0,1,0,0,0,0,1,1,-1,9,1,19,4,900,1,8,TRIUMPH BONNEVILLE,1,E01007592,0,1
202460Q108770,2024,60Q108770,2,5,0,15,15,3,7,0,0,1,2,0,0,0,1,1,1,1,1,31,6,900,1,5,TRIUMPH BONNEVILLE,-1,-1,0,-1
2024010534547,2024,010534547,2,5,0,10,10,3,1,0,0,1,0,0,7,11,4,1,2,2,1,60,9,900,1,8,TRIUMPH BONNEVILLE,8,E01000669,0,1
2024361430438,2024,361430438,2,5,0,-1,19,2,5,-1,0,0,2,0,0,0,0,1,-1,2,1,37,7,865,1,13,TRIUMPH BONNEVILLE,3,E01026740,0,2
2024501440927,2024,501440927,2,5,0,-1,9,3,1,-1,0,3,0,0,0,0,1,1,-1,9,1,53,8,1200,1,1,TRIUMPH BONNEVILLE,2,E01020277,0,1
2024122401061,2024,122401061,1,5,0,18,19,2,6,0,0,0,1,0,0,0,0,1,1,1,1,69,10,865,1,12,TRIUMPH BONNEVILLE,3,E01013915,0,5
2024440125673,2024,440125673,2,4,0,13,13,6,2,0,0,0,0,0,0,0,1,1,6,6,1,74,10,1200,1,1,TRIUMPH BONNEVILLE,6,E01020354,0,2
2024471420329,2024,471420329,2,5,0,-1,19,4,8,-1,0,2,0,0,0,0,1,1,-1,2,2,38,7,900,1,4,MAKE AND MODEL REDACTED,6,E01016890,0,3
2024010492505,2024,010492505,2,5,0,5,5,1,5,0,0,1,0,0,0,0,1,1,6,6,1,20,4,900,1,7,MAKE AND MODEL REDACTED,7,E01003232,0,1
2024440210987,2024,440210987,1,5,0,18,19,2,6,0,0,0,0,0,0,0,1,1,6,6,1,54,8,900,1,5,MAKE AND MODEL REDACTED,6,E01023023,0,2
2024010538032,2024,010538032,1,5,0,5,5,5,1,0,0,1,0,0,0,0,1,1,2,2,1,59,9,900,1,2,MAKE AND MODEL REDACTED,6,E01001408,0,1
2024201495191,2024,201495191,1,5,0,-1,19,5,1,-1,0,8,0,0,0,0,3,1,-1,2,1,47,8,900,1,5,MAKE AND MODEL REDACTED,5,E01009451,0,1
2024010501184,2024,010501184,1,5,0,10,10,1,7,0,0,1,0,0,0,0,2,1,6,6,1,38,7,900,1,6,MAKE AND MODEL REDACTED,5,E01000469,0,1
2024061531611,2024,061531611,2,5,0,-1,19,5,1,-1,0,0,1,0,0,0,4,1,-1,1,1,67,10,900,1,5,MAKE AND MODEL REDACTED,3,E01005026,0,1
2024010536062,2024,010536062,1,4,0,13,13,7,3,0,0,0,0,0,0,0,4,1,6,6,1,63,9,900,1,7,MAKE AND MODEL REDACTED,3,E01003829,0,1
2024122400827,2024,122400827,1,5,0,14,14,7,3,0,0,8,1,10,0,0,1,1,6,6,1,53,8,1634,1,16,MAKE AND MODEL REDACTED,9,E01010692,0,3
2024991422550,2024,991422550,1,3,0,-1,19,1,5,-1,0,0,1,0,8,0,4,1,-1,9,1,28,6,123,1,16,MAKE AND MODEL REDACTED,1,-1,0,2
2024211438440,2024,211438440,3,9,0,-1,19,6,2,-1,0,0,0,0,0,0,3,1,-1,2,2,54,8,1968,2,8,AUDI Q3,7,E01014315,0,1
2024221535834,2024,221535834,1,9,0,-1,9,4,2,-1,0,5,0,0,0,0,1,9,-1,6,1,29,6,1968,2,11,AUDI Q3,1,E01014165,0,1
2024010505858,2024,010505858,1,9,0,5,5,0,3,0,0,8,0,0,0,0,1,1,6,6,1,25,5,1498,1,5,AUDI Q3,3,E01003580,0,1
2024471521379,2024,471521379,2,9,0,-1,20,3,7,-1,0,0,0,0,0,0,3,1,-1,9,2,40,7,1968,2,9,AUDI Q3,7,E01031379,0,1
2024010509499,2024,010509499,1,9,0,18,19,1,5,0,0,0,0,0,0,0,2,1,6,6,1,43,7,1395,1,6,AUDI Q3,5,E01003645,0,1
2024041419291,2024,041419291,1,9,0,-1,19,3,7,-1,0,6,0,0,0,0,1,1,-1,9,1,62,9,1984,1,5,AUDI Q3,7,E01025040,0,1
2024010526929,2024,010526929,2,9,0,99,99,9,9,99,99,9,0,99,0,0,9,9,6,6,3,-1,-1,1395,1,8,AUDI Q3,8,E01001127,0,1
2024061467553,2024,061467553,1,9,0,-1,4,-1,-1,-1,0,1,0,0,0,0,4,1,-1,9,2,35,6,1968,2,11,AUDI Q3,1,E01005370,0,1
2024061494326,2024,061494326,1,9,0,-1,19,3,7,-1,0,0,0,0,0,0,1,1,-1,9,1,51,8,1498,1,0,AUDI Q3,-1,-1,0,-1
2024371494812,2024,371494812,2,9,0,-1,4,3,7,-1,0,0,0,4,0,0,2,1,-1,9,1,36,7,1498,1,0,AUDI Q3,9,E01018034,0,4
2024302400737,2024,302400737,1,9,0,4,4,6,2,0,0,0,0,0,0,0,1,1,2,2,2,32,6,1968,2,10,AUDI Q3,9,E01019850,0,2
2024061479481,2024,061479481,1,9,0,-1,19,1,4,-1,0,0,0,0,0,0,-1,1,-1,6,1,72,10,1968,2,9,AUDI Q3,6,E01006146,0,1
2024122401306,2024,122401306,3,9,0,4,4,7,3,0,0,0,0,0,0,0,1,1,6,6,1,79,11,1395,1,6,AUDI Q3,8,E01027656,0,1
2024991543644,2024,991543644,1,9,0,-1,19,5,2,-1,0,0,0,0,0,0,1,1,-1,6,2,40,7,1395,8,1,AUDI Q3,9,-1,0,1
2024010516215,2024,010516215,4,9,0,18,19,7,3,0,0,1,0,0,0,0,1,1,6,6,1,54,8,1968,2,4,AUDI Q3,2,E01010146,0,5
2024421401242,2024,421401242,2,9,0,-1,3,-1,-1,-1,0,1,0,0,0,0,2,9,-1,6,1,54,8,1968,2,10,AUDI Q3,1,E01015880,0,1
2024302401252,2024,302401252,1,9,0,10,10,4,2,0,0,8,0,0,0,0,2,1,6,6,2,39,7,1395,1,7,AUDI Q3,9,E01019659,0,1
2024991499686,2024,991499686,1,9,0,-1,19,4,8,-1,0,1,0,0,0,0,4,1,-1,2,2,45,7,1498,1,0,AUDI Q3,4,-1,0,1
2024122400787,2024,122400787,1,9,0,18,19,1,5,0,0,0,0,0,0,0,4,1,6,6,2,59,9,1968,2,9,AUDI Q3,9,E01027588,0,3
2024461443407,2024,461443407,1,9,0,-1,7,1,5,-1,0,3,5,0,0,0,1,1,-1,2,2,47,8,1968,2,12,AUDI Q3,2,E01016159,0,1
2024010547178,2024,010547178,1,9,0,99,99,9,9,99,99,9,9,99,9,99,1,9,6,6,3,-1,-1,1968,2,9,AUDI Q3,8,E01000569,0,1
2024010541151,2024,010541151,1,9,0,99,99,9,9,99,99,9,9,99,9,99,2,9,2,2,1,61,9,1395,1,8,AUDI Q3,3,E01001311,0,1
2024131410330,2024,131410330,4,9,0,-1,19,-1,-1,-1,0,0,0,4,-1,0,-1,1,-1,9,1,32,6,1968,2,8,AUDI Q3,8,E01028032,0,4
2024061498614,2024,061498614,2,9,0,-1,19,8,4,-1,0,2,0,0,0,0,1,1,-1,9,2,44,7,1498,1,2,AUDI Q3,8,E01005011,0,1