collision_index,collision_year,collision_ref_no,vehicle_reference,vehicle_type,towing_and_articulation,vehicle_manoeuvre_historic,vehicle_manoeuvre,vehicle_direction_from,vehicle_direction_to,vehicle_location_restricted_lane_historic,vehicle_location_restricted_lane,junction_location,skidding_and_overturning,hit_object_in_carriageway,vehicle_leaving_carriageway,hit_object_off_carriageway,first_point_of_impact,vehicle_left_hand_drive,journey_purpose_of_driver_historic,journey_purpose_of_driver,sex_of_driver,age_of_driver,age_band_of_driver,engine_capacity_cc,propulsion_code,age_of_vehicle,generic_make_model,driver_imd_decile,lsoa_of_driver,escooter_flag,driver_distance_banding
2024531514606,2024,531514606,1,9,0,-1,19,2,6,-1,0,0,0,0,1,0,1,1,-1,9,1,29,6,1968,2,11,AUDI Q3,8,E01022255,0,2
2024421527385,2024,421527385,2,9,0,-1,19,5,1,-1,0,1,0,0,0,0,1,1,-1,6,1,31,6,1395,1,7,AUDI Q3,8,E01002272,0,4
2024361507338,2024,361507338,2,9,0,-1,19,-1,-1,-1,0,8,0,0,0,0,4,1,-1,9,2,29,6,1968,2,10,AUDI Q3,9,E01035146,0,3
2024622400641,2024,622400641,1,9,0,18,19,2,6,0,0,1,5,7,0,0,1,1,6,6,3,-1,-1,1498,1,0,AUDI Q3,-1,-1,0,-1
2024461396116,2024,461396116,3,9,0,-1,19,7,3,-1,0,0,0,0,0,0,2,1,-1,6,2,29,6,1498,1,4,AUDI Q3,3,E01001698,0,3
2024131455927,2024,131455927,3,9,0,-1,2,1,1,-1,-1,1,0,0,0,0,2,1,-1,6,-1,-1,-1,1984,1,11,AUDI Q3,-1,-1,0,-1
2024131408116,2024,131408116,3,9,0,-1,19,7,7,-1,0,0,1,0,0,0,1,1,-1,6,2,29,6,1968,2,10,AUDI Q3,8,E01027504,0,5
2024231481754,2024,231481754,2,9,0,-1,19,5,1,-1,0,8,0,0,1,0,3,1,-1,6,1,52,8,1498,1,4,AUDI Q3,6,E01031017,0,1
2024471449431,2024,471449431,3,9,0,-1,2,0,0,-1,0,0,1,0,7,0,3,1,-1,6,-1,-1,-1,1984,1,11,AUDI Q3,-1,-1,0,-1
2024010500610,2024,010500610,1,9,0,99,99,9,9,99,99,9,9,99,9,99,1,9,6,6,2,69,10,1498,1,2,AUDI Q3,6,E01001520,0,1
2024131406990,2024,131406990,1,9,0,-1,4,5,8,-1,0,0,0,0,0,0,1,1,-1,6,-1,-1,-1,1968,2,10,AUDI Q3,-1,-1,0,-1
2024122400611,2024,122400611,2,9,0,18,19,2,6,0,0,8,0,0,0,0,1,1,6,6,1,55,8,1968,2,7,AUDI Q3,8,E01011584,0,2
2024231437416,2024,231437416,1,9,0,-1,19,3,8,-1,0,0,0,0,1,11,1,1,-1,9,1,38,7,1498,1,4,AUDI Q3,9,E01031278,0,2
2024010526692,2024,010526692,4,9,0,2,2,0,0,0,0,2,0,0,0,0,3,1,6,6,3,-1,-1,1968,2,6,AUDI Q3,-1,-1,0,-1
2024061441646,2024,061441646,1,9,0,-1,1,3,2,-1,0,0,0,0,0,0,3,1,-1,9,2,31,6,1968,2,2,AUDI Q3,7,E01005644,0,2
2024471508813,2024,471508813,1,9,0,-1,2,0,0,-1,0,0,0,0,0,0,-1,9,-1,6,3,-1,-1,1498,1,3,AUDI Q3,-1,-1,0,-1
2024211439141,2024,211439141,1,9,0,-1,19,8,3,-1,0,0,0,0,0,0,1,1,-1,9,1,23,5,1968,2,8,AUDI Q3,9,E01029854,0,1
2024201422181,2024,201422181,1,9,0,-1,2,0,0,-1,0,1,0,0,0,0,1,2,-1,9,1,33,6,1968,2,11,AUDI Q3,1,E01009200,0,1
2024201506148,2024,201506148,1,9,0,-1,19,6,2,-1,0,0,0,0,0,0,1,1,-1,9,1,19,4,1395,1,6,AUDI Q3,-1,-1,0,-1
2024440034388,2024,440034388,2,9,0,9,9,7,5,0,0,1,0,0,0,0,3,1,2,2,2,49,8,1968,2,7,AUDI Q3,10,E01022691,0,2
2024061425044,2024,061425044,3,9,0,-1,19,1,5,-1,0,0,0,0,0,0,1,1,-1,2,2,34,6,1968,2,7,AUDI Q3,4,E01004782,0,3
2024520401610,2024,520401610,1,9,0,18,19,8,4,0,0,0,0,0,0,0,4,1,6,6,2,61,9,1968,2,6,AUDI Q3,8,E01029274,0,1
2024522402449,2024,522402449,2,9,0,18,19,5,1,0,0,0,0,0,0,0,1,1,6,6,3,-1,-1,1984,1,11,AUDI Q3,-1,-1,0,-1
2024430268646,2024,430268646,2,9,0,13,13,5,1,0,0,8,0,0,0,0,4,1,6,6,2,37,7,1968,2,8,AUDI Q3,7,E01033961,0,4
2024430517454,2024,430517454,2,9,0,18,19,8,4,0,0,8,0,0,0,0,4,1,6,6,1,77,11,1395,8,3,AUDI Q3,-1,-1,0,-1
2024440471930,2024,440471930,2,9,0,9,9,4,2,0,0,8,0,0,0,0,3,1,6,6,3,-1,-1,1968,2,1,AUDI Q3,-1,-1,0,-1
2024332400572,2024,332400572,1,9,0,-1,19,7,3,-1,0,6,0,0,7,11,1,1,-1,6,1,55,8,1395,1,6,AUDI Q3,5,E01002119,0,5
2024451529284,2024,451529284,2,9,0,-1,19,1,5,-1,1,8,2,0,0,0,1,1,-1,6,2,41,7,1395,1,7,AUDI Q3,9,E01030781,0,1
2024141532077,2024,141532077,1,9,0,-1,19,5,1,-1,0,0,0,0,0,0,1,9,-1,2,1,20,4,1968,2,12,AUDI Q3,3,E01007676,0,3
2024411519895,2024,411519895,2,9,0,-1,3,3,7,-1,0,1,0,0,0,0,2,1,-1,6,2,47,8,1968,2,8,AUDI Q3,9,E01023823,0,1
2024010542650,2024,010542650,2,9,0,9,9,8,6,0,0,6,0,0,0,0,0,1,6,6,2,44,7,1395,1,7,AUDI Q3,7,E01002173,0,1
2024451490359,2024,451490359,1,9,0,-1,7,5,1,-1,0,1,0,0,0,0,1,9,-1,2,2,55,8,1984,1,5,AUDI Q3,4,E01030710,0,1
2024340WN6762,2024,340WN6762,2,9,0,-1,3,3,7,-1,0,0,0,0,0,0,2,1,-1,2,2,54,8,1395,8,2,AUDI Q3,6,E01035422,0,1
2024401452877,2024,401452877,2,9,0,-1,3,1,5,-1,0,4,0,0,0,0,2,1,-1,6,1,28,6,1968,2,1,AUDI Q3,10,E01027037,0,3
2024052402004,2024,052402004,2,9,0,18,19,7,3,0,0,0,0,0,0,0,1,1,6,6,2,43,7,1395,1,6,AUDI Q3,1,E01006694,0,1
2024461469465,2024,461469465,1,9,0,-1,11,6,2,-1,0,0,0,0,0,0,0,1,-1,9,2,52,8,1984,1,1,AUDI Q3,7,E01020511,0,5
2024440049971,2024,440049971,1,9,0,18,19,4,8,0,0,8,0,0,0,0,4,1,6,6,2,48,8,1968,2,9,AUDI Q3,9,E01022947,0,3
2024201469469,2024,201469469,2,9,0,-1,7,7,2,-1,0,6,0,0,0,0,4,1,-1,6,2,46,8,1968,2,9,AUDI Q3,2,E01008881,0,1
2024061481089,2024,061481089,1,9,0,-1,10,-1,-1,-1,0,1,0,0,0,0,1,1,-1,9,2,38,7,1498,1,2,AUDI Q3,2,E01006112,0,1
2024131406160,2024,131406160,1,9,0,-1,9,5,1,-1,0,6,0,0,0,0,1,1,-1,9,2,65,9,1498,1,4,AUDI Q3,10,E01011458,0,1
2024010537779,2024,010537779,2,9,9,99,99,9,9,99,99,0,9,99,9,99,9,9,6,6,3,-1,-1,1395,1,7,AUDI Q3,-1,-1,0,-1
2024061509080,2024,061509080,1,9,0,-1,19,3,7,-1,0,8,0,0,0,0,1,1,-1,9,1,66,10,1395,1,8,AUDI Q3,-1,-1,0,-1
202417M115624,2024,17M115624,2,9,0,-1,4,5,1,-1,0,0,0,0,0,0,2,1,-1,9,1,75,10,1498,1,2,AUDI Q3,10,E01012301,0,2
2024061522461,2024,061522461,1,9,0,-1,19,7,3,-1,0,2,0,0,0,0,1,1,-1,2,2,45,7,1498,1,0,AUDI Q3,10,E01006096,0,1
2024440195395,2024,440195395,1,9,0,18,19,2,6,0,0,0,0,0,0,0,1,1,2,2,2,26,6,1968,2,7,AUDI Q3,7,E01023282,0,1
2024131535195,2024,131535195,1,9,0,-1,9,7,3,-1,0,0,0,0,0,0,3,1,-1,9,1,25,5,1984,1,0,AUDI Q3,10,E01007430,0,3
202417S404124,2024,17S404124,2,9,0,18,19,1,5,0,0,0,0,0,0,0,1,1,1,1,1,68,10,1984,1,1,AUDI Q3,10,E01012298,0,1
2024311434915,2024,311434915,1,9,0,-1,19,1,5,-1,0,0,5,0,2,0,4,1,-1,2,2,80,11,1395,1,6,AUDI Q3,-1,-1,0,-1
2024461513241,2024,461513241,3,9,0,-1,19,7,3,-1,0,0,0,0,0,0,2,1,-1,6,1,66,10,1968,2,0,AUDI Q3,3,E01016070,0,3
2024041556245,2024,041556245,1,9,0,-1,19,7,3,-1,0,0,0,0,0,0,1,1,-1,6,1,62,9,1968,2,8,AUDI Q3,9,E01025303,0,4
2024451498806,2024,451498806,1,9,0,-1,3,7,3,-1,0,1,0,0,0,0,2,1,-1,9,1,34,6,1498,1,4,AUDI Q3,10,E01032624,0,1
2024622400736,2024,622400736,2,9,0,18,19,8,4,0,0,8,0,0,0,0,1,1,6,6,2,34,6,1968,2,6,AUDI Q3,1,W01000884,0,4
2024010534204,2024,010534204,1,9,0,9,9,5,2,0,0,8,0,0,0,0,2,1,6,6,2,35,6,1395,1,7,AUDI Q3,2,E01003187,0,1
2024361478600,2024,361478600,2,9,0,-1,2,0,0,-1,0,1,0,0,0,0,3,1,-1,6,3,-1,-1,1395,8,1,AUDI Q3,-1,-1,0,-1
2024991510572,2024,991510572,1,9,0,-1,19,5,1,-1,0,0,0,0,0,0,3,1,-1,9,2,32,6,1968,2,12,AUDI Q3,7,-1,0,1
2024411495251,2024,411495251,1,9,0,-1,19,1,5,-1,0,8,0,0,0,0,2,1,-1,6,2,44,7,1968,2,1,AUDI Q3,9,E01035592,0,3
2024522402217,2024,522402217,2,9,0,18,19,3,7,0,0,2,0,0,0,0,1,1,6,6,2,37,7,1395,1,8,AUDI Q3,2,E01014575,0,1
2024201457504,2024,201457504,2,9,0,-1,19,2,6,-1,0,8,0,0,0,0,1,9,-1,9,2,41,7,1968,2,4,AUDI Q3,1,E01009511,0,1
2024041416769,2024,041416769,3,9,0,-1,3,1,5,-1,0,1,0,0,0,0,2,1,-1,6,2,44,7,1395,1,6,AUDI Q3,7,E01025028,0,1
2024351464825,2024,351464825,1,9,-1,-1,-1,-1,-1,-1,-1,0,-1,-1,-1,0,-1,9,-1,6,2,39,7,1395,1,9,AUDI Q3,7,E01018223,0,1
2024131436382,2024,131436382,3,9,0,-1,19,7,3,-1,0,0,0,0,0,0,2,1,-1,2,1,56,9,1968,2,6,AUDI Q3,1,E01005564,0,3
2024201533650,2024,201533650,2,9,0,-1,3,1,1,-1,0,0,0,0,0,0,2,9,-1,6,1,35,6,1968,2,11,AUDI Q3,1,E01010239,0,1
2024411495577,2024,411495577,2,9,0,-1,19,1,5,-1,0,0,0,0,0,0,3,1,-1,6,2,69,10,1968,2,10,AUDI Q3,9,E01023597,0,1
2024411456787,2024,411456787,2,9,0,-1,4,8,4,-1,0,0,0,0,0,0,2,9,-1,9,2,26,6,1968,2,9,AUDI Q3,9,E01033821,0,4
2024411448925,2024,411448925,1,9,0,-1,9,7,5,-1,0,8,0,0,0,0,3,1,-1,9,2,48,8,1968,2,12,AUDI Q3,6,E01023601,0,1
2024010540223,2024,010540223,1,9,0,99,99,9,9,99,99,9,9,99,9,99,2,9,6,6,2,35,6,1984,1,0,AUDI Q3,8,E01017910,0,4
2024061457322,2024,061457322,1,9,0,-1,9,1,7,-1,0,6,0,0,0,0,1,1,-1,9,2,53,8,1968,2,10,AUDI Q3,2,E01006310,0,1
2024052400397,2024,052400397,2,9,0,3,3,4,8,0,0,0,0,0,0,0,2,1,6,6,1,46,8,1395,8,2,AUDI Q3,10,E01004901,0,3
2024221503540,2024,221503540,1,9,0,-1,2,0,0,-1,0,0,0,4,0,0,4,1,-1,9,2,75,10,1395,1,7,AUDI Q3,10,E01028953,0,1
2024031487344,2024,031487344,2,9,0,-1,3,1,5,-1,0,1,0,0,0,0,2,1,-1,9,2,55,8,1498,1,4,AUDI Q3,4,E01019359,0,1
2024010549520,2024,010549520,2,9,0,3,3,3,7,0,0,1,0,0,0,0,2,1,3,7,1,35,6,1984,1,5,AUDI Q3,-1,-1,0,-1
2024320113289,2024,320113289,2,9,0,-1,-1,8,4,0,0,0,0,0,1,0,3,1,6,6,1,41,7,1498,1,3,AUDI Q3,7,E01012235,0,5
2024332400369,2024,332400369,3,9,0,-1,9,6,4,-1,0,6,0,0,0,0,1,1,-1,9,1,42,7,1968,2,10,AUDI Q3,4,E01009620,0,4
2024122401108,2024,122401108,4,9,0,18,19,8,4,0,0,0,0,0,0,0,0,1,6,6,2,60,9,1498,1,0,AUDI Q3,10,E01012926,0,4
2024622400448,2024,622400448,2,9,0,2,2,0,0,0,0,0,0,0,0,0,2,1,6,6,3,-1,-1,1968,2,9,AUDI Q3,-1,-1,0,-1
2024991477132,2024,991477132,4,9,0,-1,4,3,7,-1,0,0,0,0,0,0,2,1,-1,2,2,53,8,1968,2,9,AUDI Q3,6,-1,0,3
2024010541773,2024,010541773,2,9,9,99,99,9,9,99,99,9,9,99,9,99,1,9,6,6,3,-1,-1,1395,1,9,AUDI Q3,-1,-1,0,-1
2024131444362,2024,131444362,1,9,0,-1,19,1,5,-1,0,0,0,0,0,0,1,1,-1,6,1,52,8,1984,1,5,AUDI Q3,3,E01011875,0,1
2024122400526,2024,122400526,3,9,0,2,2,0,0,0,0,2,0,0,0,0,2,1,6,6,3,-1,-1,1984,1,10,AUDI Q3,-1,-1,0,-1
2024461489815,2024,461489815,3,9,0,-1,19,1,5,-1,0,0,0,11,0,0,1,1,-1,9,1,76,11,1968,2,11,AUDI Q3,5,E01024786,0,2
2024471531045,2024,471531045,2,9,0,-1,15,5,8,-1,0,2,0,0,0,0,2,1,-1,6,1,32,6,1498,1,0,AUDI Q3,10,E01031804,0,4
2024122500429,2024,122500429,1,9,0,7,7,7,1,0,0,6,0,0,0,0,3,1,6,6,2,72,10,1395,1,7,AUDI Q3,8,E01027695,0,1
2024010538842,2024,010538842,2,9,0,18,19,2,6,0,0,0,0,0,0,0,1,1,6,6,2,28,6,1498,1,5,AUDI Q3,3,E01004004,0,1
202417M119224,2024,17M119224,2,9,0,-1,19,7,3,-1,0,8,0,0,0,0,4,1,-1,9,1,24,5,1395,1,6,AUDI Q3,4,E01012105,0,3
202417S305224,2024,17S305224,2,9,0,-1,19,3,7,-1,0,1,0,0,0,0,1,1,-1,9,1,-1,-1,1968,2,10,AUDI Q3,-1,-1,0,-1
2024522403207,2024,522403207,2,9,0,18,19,8,4,0,0,4,0,0,0,0,1,1,6,6,2,35,6,1498,1,5,AUDI Q3,9,E01014552,0,1
2024440490092,2024,440490092,1,9,0,18,19,5,1,0,0,0,0,0,0,0,4,1,6,6,1,61,9,1968,2,10,AUDI Q3,1,E01016368,0,4
2024201490340,2024,201490340,2,9,0,-1,19,5,1,-1,0,3,0,0,0,0,4,1,-1,6,2,31,6,1968,2,10,AUDI Q3,6,E01010035,0,2
2024401529324,2024,401529324,1,9,0,-1,19,4,8,-1,0,0,0,0,0,0,1,1,-1,6,2,19,4,1498,1,2,AUDI Q3,6,E01002142,0,4
2024421420264,2024,421420264,3,9,0,-1,19,7,2,-1,0,0,0,0,0,0,3,1,-1,9,2,48,8,1498,1,1,AUDI Q3,9,E01021675,0,4
2024501495862,2024,501495862,2,9,0,-1,4,3,7,-1,0,8,0,0,0,0,2,1,-1,6,1,29,6,1968,2,8,AUDI Q3,7,E01020178,0,2
2024010506904,2024,010506904,2,9,0,9,9,7,5,0,0,1,0,0,0,0,3,1,2,2,2,60,9,1395,1,8,AUDI Q3,5,E01001077,0,2
2024010518341,2024,010518341,1,9,0,99,99,9,9,99,99,9,9,99,9,99,2,9,6,6,2,35,6,1395,1,6,AUDI Q3,5,E01001500,0,2
2024501490213,2024,501490213,1,9,0,-1,19,1,5,-1,0,0,0,0,0,0,4,1,-1,6,1,30,6,1968,2,8,AUDI Q3,4,E01034850,0,1
2024131406709,2024,131406709,2,9,0,-1,3,1,5,-1,0,0,0,0,1,0,2,1,-1,2,2,47,8,1968,2,11,AUDI Q3,2,E01010940,0,2
2024320100767,2024,320100767,1,9,0,9,9,8,6,0,0,5,0,0,7,0,0,1,-1,-1,2,49,8,1395,1,7,AUDI Q3,3,E01022649,0,5
2024101462930,2024,101462930,1,9,0,-1,19,7,3,-1,0,1,0,0,0,0,1,9,-1,6,2,66,10,1968,2,7,AUDI Q3,3,E01008842,0,1
2024010505435,2024,010505435,1,9,0,99,99,9,9,99,99,6,9,99,9,99,9,9,6,6,2,30,6,1498,1,5,AUDI Q3,4,E01003129,0,1
2024471527860,2024,471527860,1,9,0,-1,19,3,5,-1,0,1,0,0,0,0,1,1,-1,6,1,79,11,1984,1,8,AUDI Q3,9,E01021124,0,3
2024221399342,2024,221399342,1,9,0,-1,7,6,8,-1,0,5,0,0,0,0,1,9,-1,6,1,66,10,1395,8,2,AUDI Q3,10,E01033062,0,1
2024440110748,2024,440110748,2,9,0,18,19,1,5,0,0,1,0,0,0,0,1,1,6,6,1,46,8,1498,1,1,AUDI Q3,9,E01022794,0,1
2024371487023,2024,371487023,1,9,0,-1,9,5,2,-1,0,1,0,0,0,0,3,1,-1,9,2,21,5,1968,2,11,AUDI Q3,6,E01030059,0,3
2024311528573,2024,311528573,1,9,0,-1,5,6,2,-1,0,1,0,0,0,0,4,1,-1,9,2,77,11,1984,1,4,AUDI Q3,7,E01028416,0,1
2024340WN5192,2024,340WN5192,1,9,0,-1,9,1,7,-1,0,5,0,0,0,0,4,1,-1,2,2,60,9,1498,1,4,AUDI Q3,7,E01027353,0,2
2024201438761,2024,201438761,1,9,0,-1,19,5,1,-1,0,8,0,10,0,0,3,1,-1,7,2,35,6,1984,1,4,AUDI Q3,9,E01010390,0,1
2024010548612,2024,010548612,2,9,0,18,19,7,3,0,0,1,0,0,0,0,1,1,6,6,2,44,7,1395,1,7,AUDI Q3,-1,-1,0,-1
2024340NN3072,2024,340NN3072,1,9,0,-1,9,1,7,-1,0,1,0,0,0,0,1,1,-1,7,2,31,6,1968,2,10,AUDI Q3,6,E01027051,0,2
2024010515699,2024,010515699,2,9,0,99,99,9,9,99,99,9,9,99,9,99,3,9,6,6,3,-1,-1,1968,2,8,AUDI Q3,-1,-1,0,-1
2024010497733,2024,010497733,2,9,0,99,99,9,9,99,99,9,9,99,9,99,9,9,6,6,3,32,6,1395,8,3,AUDI Q3,4,E01003372,0,1
2024461486245,2024,461486245,5,9,-1,-1,-1,-1,-1,-1,-1,0,-1,-1,-1,0,-1,9,-1,6,3,-1,-1,1498,1,2,AUDI Q3,-1,-1,0,-1
202460Q124274,2024,60Q124274,1,9,0,18,19,5,8,0,0,4,5,10,1,7,1,1,6,6,2,29,6,1968,2,10,AUDI Q3,-1,-1,0,-1
2024451474969,2024,451474969,1,9,0,-1,19,7,3,-1,0,0,5,0,0,0,1,1,-1,6,1,80,11,1984,1,2,AUDI Q3,10,E01030382,0,1
2024010548545,2024,010548545,1,9,0,6,6,1,1,0,0,0,0,0,0,0,3,1,3,7,2,25,5,1984,1,11,AUDI Q3,5,E01004644,0,1
2024440549632,2024,440549632,2,9,0,2,2,0,0,0,0,0,0,0,1,1,3,1,6,6,3,-1,-1,1968,2,8,AUDI Q3,-1,-1,0,-1
2024320617752,2024,320617752,2,9,0,3,3,4,8,0,0,1,0,0,0,0,2,1,-1,-1,2,56,9,1968,2,1,AUDI Q3,-1,-1,0,-1
2024430577685,2024,430577685,2,9,0,18,19,5,1,0,0,0,0,0,0,0,1,1,6,6,2,18,4,1498,1,0,AUDI Q3,9,W01001913,0,5
2024991434509,2024,991434509,1,9,0,-1,19,7,3,-1,0,0,1,0,0,0,4,1,-1,9,2,45,7,1395,1,8,AUDI Q3,5,-1,0,3
2024332400412,2024,332400412,2,9,0,-1,4,5,1,-1,0,1,0,0,0,0,2,1,-1,9,1,51,8,1968,2,5,AUDI Q3,9,E01031143,0,4
2024061482603,2024,061482603,1,9,0,-1,19,4,8,-1,0,8,0,0,0,0,1,9,-1,6,3,-1,-1,1968,2,10,AUDI Q3,-1,-1,0,-1
2024041406547,2024,041406547,2,9,0,-1,19,7,3,-1,0,0,0,0,0,0,4,1,-1,9,2,37,7,1968,2,7,AUDI Q3,9,E01025545,0,1
2024141432975,2024,141432975,1,9,0,-1,19,4,8,-1,0,0,0,0,0,0,2,1,-1,6,2,41,7,1968,2,8,AUDI Q3,8,E01007381,0,2
2024131438992,2024,131438992,1,9,0,-1,19,3,7,-1,0,8,0,0,0,0,1,1,-1,6,3,-1,-1,1968,2,12,AUDI Q3,-1,-1,0,-1
2024231442635,2024,231442635,2,9,0,-1,19,5,1,-1,0,0,1,0,0,0,1,9,-1,6,2,30,6,1395,1,6,AUDI Q3,2,E01032241,0,1
2024340NN2602,2024,340NN2602,4,9,0,-1,19,7,3,-1,0,0,0,0,0,0,2,1,-1,2,1,57,9,1498,1,3,AUDI Q3,7,E01018056,0,4
2024010511183,2024,010511183,3,9,0,11,11,1,5,0,0,1,0,0,0,0,4,1,6,6,1,34,6,1395,1,7,AUDI Q3,10,E01021545,0,4
2024451482520,2024,451482520,1,9,0,-1,9,1,5,-1,0,8,0,0,0,0,1,1,-1,9,1,36,7,1984,1,9,AUDI Q3,10,E01030627,0,1
2024211505577,2024,211505577,1,9,0,-1,5,4,8,-1,0,0,0,0,0,0,1,9,-1,6,1,-1,-1,1968,2,10,AUDI Q3,8,E01034098,0,1
2024010532426,2024,010532426,1,9,0,18,19,7,3,0,0,8,0,0,0,0,1,1,1,1,1,60,9,1498,1,0,AUDI Q3,-1,-1,0,-1
2024010535258,2024,010535258,2,9,9,99,99,9,9,99,99,9,9,99,9,99,9,9,6,6,3,-1,-1,1498,1,1,AUDI Q3,4,E01003136,0,2
2024320189701,2024,320189701,1,9,0,-1,-1,2,6,0,0,8,0,0,0,0,1,1,6,6,3,-1,-1,1968,2,12,AUDI Q3,-1,-1,0,-1
2024231484067,2024,231484067,1,9,0,-1,19,3,7,-1,0,0,0,0,0,0,1,1,-1,6,1,61,9,1968,2,11,AUDI Q3,8,E01031210,0,1
2024401482585,2024,401482585,1,9,0,-1,19,2,6,-1,0,4,0,0,0,0,1,9,-1,6,3,-1,-1,1968,2,10,AUDI Q3,-1,-1,0,-1
2024031405310,2024,031405310,1,9,0,-1,9,5,1,-1,0,6,0,10,1,0,4,9,-1,6,1,40,7,1968,2,11,AUDI Q3,-1,-1,0,-1
202454C911724,2024,54C911724,1,9,0,18,19,5,1,0,0,0,0,0,0,0,1,1,6,6,1,38,7,1968,2,8,AUDI Q3,9,E01031995,0,1
2024010529200,2024,010529200,2,9,9,99,99,9,9,99,99,9,9,99,9,99,9,9,6,6,3,-1,-1,1984,1,11,AUDI Q3,-1,-1,0,-1
2024332401230,2024,332401230,1,9,0,-1,19,6,2,-1,0,6,1,0,1,0,3,1,-1,9,1,25,5,1968,2,7,AUDI Q3,4,E01025931,0,2
2024440213481,2024,440213481,2,9,0,18,19,6,2,0,0,0,0,0,0,0,2,1,6,6,2,29,6,1968,2,5,AUDI Q3,9,E01030893,0,3
2024010533746,2024,010533746,1,9,0,99,99,9,9,99,99,0,9,99,9,99,2,9,6,6,2,32,6,1395,1,6,AUDI Q3,5,E01001168,0,1
2024141474215,2024,141474215,2,9,0,-1,19,1,5,-1,0,0,0,0,0,0,1,1,-1,6,1,-1,-1,1968,2,12,AUDI Q3,9,E01028115,0,4
2024010499018,2024,010499018,3,9,0,99,99,9,9,0,0,9,0,99,9,99,2,1,6,6,2,43,7,1968,2,6,AUDI Q3,3,E01001445,0,2
2024401427373,2024,401427373,1,9,-1,-1,-1,-1,-1,-1,-1,-1,-1,-1,-1,0,-1,9,-1,6,3,-1,-1,1395,1,9,AUDI Q3,-1,-1,0,-1
2024031531406,2024,031531406,1,9,0,-1,19,1,5,-1,0,2,0,0,0,0,1,1,-1,6,2,49,8,1968,2,8,AUDI Q3,4,E01019389,0,3
2024131448728,2024,131448728,1,9,0,-1,19,1,1,-1,0,1,0,0,0,0,1,1,-1,9,1,74,10,1968,2,10,AUDI Q3,2,E01010815,0,1
2024122401010,2024,122401010,1,9,0,9,9,8,6,0,0,6,0,0,0,0,1,1,6,6,2,62,9,1498,1,0,AUDI Q3,10,E01013355,0,1
2024010542019,2024,010542019,1,9,0,9,9,5,3,0,0,8,0,0,0,0,1,1,2,2,2,31,6,1984,1,2,AUDI Q3,9,E01004490,0,1
2024010517052,2024,010517052,2,9,0,18,19,1,5,0,0,1,1,0,0,0,1,1,6,6,1,49,8,1984,1,8,AUDI Q3,4,E01000035,0,1
2024311402665,2024,311402665,1,9,0,-1,5,3,1,-1,0,0,0,0,0,0,3,1,-1,6,2,43,7,1968,2,12,AUDI Q3,2,E01013854,0,1
2024221418763,2024,221418763,1,9,0,-1,13,7,3,-1,0,8,0,0,7,11,1,1,-1,6,1,55,8,1395,8,3,AUDI Q3,5,E01032198,0,1
2024471417024,2024,471417024,1,9,0,-1,12,3,7,-1,0,0,0,0,0,0,2,1,-1,6,2,59,9,1395,1,7,AUDI Q3,5,E01016858,0,2
2024991457998,2024,991457998,1,9,0,-1,19,2,6,-1,0,1,0,0,0,0,1,1,-1,6,1,46,8,1968,2,4,AUDI Q3,10,-1,0,1
2024430422310,2024,430422310,1,9,0,18,19,8,4,0,0,0,0,0,0,0,3,1,1,1,1,42,7,1968,2,11,AUDI Q3,8,E01028478,0,4
2024010547693,2024,010547693,2,9,0,99,99,9,9,99,99,9,9,99,9,99,1,9,6,6,2,71,10,1498,1,1,AUDI Q3,8,E01004727,0,1
2024201527681,2024,201527681,1,9,0,-1,19,2,6,-1,0,1,0,4,0,0,4,9,-1,6,2,63,9,1968,2,11,AUDI Q3,-1,-1,0,-1
2024552401424,2024,552401424,3,9,0,2,2,0,0,0,0,0,0,4,0,0,1,1,6,6,3,-1,-1,1968,2,8,AUDI Q3,-1,-1,0,-1
2024010523130,2024,010523130,1,9,0,17,19,2,6,0,0,3,0,0,0,0,1,1,3,7,1,61,9,1395,1,7,AUDI Q3,4,E01000113,0,1
2024340WN6932,2024,340WN6932,3,9,0,-1,2,0,0,-1,0,0,0,0,0,0,1,1,-1,6,3,-1,-1,1968,2,12,AUDI Q3,-1,-1,0,-1
2024041482476,2024,041482476,3,9,0,-1,2,3,7,-1,0,0,0,0,0,0,2,1,-1,6,-1,-1,-1,1968,2,10,AUDI Q3,-1,-1,0,-1
2024101426552,2024,101426552,2,9,0,-1,9,3,7,-1,0,1,0,0,0,0,1,1,-1,6,1,40,7,1968,2,9,AUDI Q3,2,E01008307,0,1
2024010516847,2024,010516847,1,9,0,18,19,4,8,0,0,1,5,4,7,0,1,1,6,6,1,25,5,1395,1,9,AUDI Q3,2,E01033938,0,1
2024201452181,2024,201452181,1,9,0,-1,5,6,2,-1,0,0,0,0,0,0,1,9,-1,6,3,-1,-1,1395,1,6,AUDI Q3,-1,-1,0,-1
2024010548543,2024,010548543,1,9,0,99,99,9,9,99,99,9,9,99,9,99,4,9,6,6,2,48,8,1498,1,2,AUDI Q3,2,E01002392,0,2
2024010519030,2024,010519030,1,9,0,4,4,5,1,0,0,0,0,0,0,0,2,1,6,6,1,63,9,1395,1,6,AUDI Q3,2,E01032513,0,1
2024010547704,2024,010547704,1,9,0,5,5,5,1,0,0,2,0,10,1,11,3,1,6,6,1,84,11,1984,1,4,AUDI Q3,8,E01000204,0,2
2024461394965,2024,461394965,1,9,0,-1,13,4,1,-1,0,0,0,0,0,0,3,9,-1,6,1,37,7,1968,2,6,AUDI Q3,6,E01032656,0,1
2024010533499,2024,010533499,1,9,0,3,3,5,1,0,0,1,0,0,0,0,2,1,6,6,2,61,9,1984,1,10,AUDI Q3,10,E01021246,0,4
2024211422204,2024,211422204,1,9,0,-1,19,1,5,-1,0,0,0,0,7,4,1,9,-1,2,2,40,7,1968,2,12,AUDI Q3,6,E01029708,0,1