collision_index,collision_year,collision_ref_no,vehicle_reference,vehicle_type,towing_and_articulation,vehicle_manoeuvre_historic,vehicle_manoeuvre,vehicle_direction_from,vehicle_direction_to,vehicle_location_restricted_lane_historic,vehicle_location_restricted_lane,junction_location,skidding_and_overturning,hit_object_in_carriageway,vehicle_leaving_carriageway,hit_object_off_carriageway,first_point_of_impact,vehicle_left_hand_drive,journey_purpose_of_driver_historic,journey_purpose_of_driver,sex_of_driver,age_of_driver,age_band_of_driver,engine_capacity_cc,propulsion_code,age_of_vehicle,generic_make_model,driver_imd_decile,lsoa_of_driver,escooter_flag,driver_distance_banding
2024041404504,2024,041404504,1,9,0,-1,19,3,7,-1,0,1,0,0,0,0,1,9,-1,6,1,16,4,1395,1,7,AUDI Q3,1,E01012724,0,1
2024010538027,2024,010538027,1,9,0,99,99,9,9,99,99,9,9,99,9,99,1,9,2,2,2,38,7,1395,1,8,AUDI Q3,2,E01002508,0,1
2024471482597,2024,471482597,1,9,0,-1,19,1,5,-1,0,0,5,4,0,0,3,1,-1,6,1,80,11,1395,1,8,AUDI Q3,10,E01016982,0,1
2024332400717,2024,332400717,3,9,0,-1,19,3,7,-1,0,0,0,0,0,0,1,1,-1,6,2,45,7,1968,2,8,AUDI Q3,9,E01025980,0,1
2024471517379,2024,471517379,1,9,0,-1,19,3,7,-1,0,0,5,0,1,9,1,1,-1,9,2,28,6,1968,2,9,AUDI Q3,10,E01031684,0,1
2024052402268,2024,052402268,1,9,0,18,19,5,1,0,0,8,0,0,0,0,1,1,6,6,2,29,6,1498,1,2,AUDI Q3,7,E01007077,0,3
2024461400668,2024,461400668,2,9,0,-1,19,6,2,-1,0,0,0,0,2,11,3,1,-1,6,2,65,9,1395,1,6,AUDI Q3,3,E01000405,0,2
2024010511183,2024,010511183,1,9,0,2,2,0,0,0,0,1,0,0,0,0,2,1,6,6,3,-1,-1,1498,1,4,AUDI Q3,-1,-1,0,-1
2024010523449,2024,010523449,2,9,9,99,99,9,9,99,99,9,9,99,9,99,9,9,6,6,1,33,6,1498,1,5,AUDI Q3,2,E01002087,0,3
2024440510932,2024,440510932,1,9,0,18,19,6,2,0,0,1,5,7,0,0,1,1,6,6,1,77,11,1968,2,11,AUDI Q3,10,E01023172,0,2
2024070416159,2024,070416159,1,9,0,4,4,2,5,0,0,1,0,0,0,0,1,1,2,2,1,32,6,1395,1,7,AUDI Q3,9,E01006117,0,4
2024131518992,2024,131518992,2,9,0,-1,2,0,0,-1,0,0,0,0,0,0,2,1,-1,6,-1,-1,-1,1395,1,8,AUDI Q3,-1,-1,0,-1
2024010514251,2024,010514251,1,9,0,99,99,9,9,99,99,0,9,99,9,99,9,9,6,6,2,-1,-1,1395,1,6,AUDI Q3,10,E01003380,0,2
2024361435263,2024,361435263,2,9,0,-1,19,5,1,-1,0,2,0,0,0,0,1,1,-1,9,2,73,10,1984,1,4,AUDI Q3,6,E01026462,0,1
2024451427119,2024,451427119,1,9,0,-1,4,7,3,-1,0,2,0,0,0,0,1,9,-1,6,2,22,5,1968,2,5,AUDI Q3,2,E01011018,0,5
2024311531418,2024,311531418,1,9,0,-1,5,3,8,-1,0,2,0,0,0,0,1,1,-1,9,2,39,7,1968,2,7,AUDI Q3,8,E01027973,0,1
2024311451579,2024,311451579,1,9,0,-1,19,7,3,-1,0,0,0,10,1,0,3,1,-1,1,1,36,7,1395,8,2,AUDI Q3,7,E01027647,0,5
2024552400594,2024,552400594,2,9,0,18,19,5,1,0,0,8,0,0,0,0,4,1,6,6,2,42,7,1968,2,9,AUDI Q3,7,E01015428,0,1
202417H104124,2024,17H104124,1,9,0,-1,19,3,7,-1,0,0,0,0,0,0,1,1,-1,9,2,52,8,1498,1,3,AUDI Q3,8,E01011997,0,1
2024211498577,2024,211498577,1,9,0,-1,19,5,1,-1,0,1,0,0,0,0,4,1,-1,6,2,34,6,1968,2,10,AUDI Q3,8,E01029624,0,1
2024161520531,2024,161520531,2,9,0,-1,19,5,1,-1,0,8,0,0,0,0,1,1,-1,6,2,-1,-1,1968,2,10,AUDI Q3,9,E01013121,0,1
2024430471585,2024,430471585,1,9,0,17,19,1,6,0,0,8,0,0,0,0,2,1,2,2,2,32,6,1498,1,5,AUDI Q3,7,E01033964,0,3
2024411423542,2024,411423542,2,9,0,-1,2,0,0,-1,0,2,0,0,0,0,1,1,-1,6,-1,-1,-1,1498,1,4,AUDI Q3,-1,-1,0,-1
2024461501184,2024,461501184,1,9,0,-1,5,7,3,-1,0,0,0,0,0,0,1,1,-1,1,2,29,6,1968,2,8,AUDI Q3,1,E01016161,0,1
2024201470355,2024,201470355,2,9,0,-1,7,5,7,-1,0,3,0,0,0,0,4,2,-1,6,2,30,6,1968,2,11,AUDI Q3,-1,-1,0,-1
2024101456054,2024,101456054,2,9,0,-1,4,8,4,-1,0,0,0,0,0,0,2,1,-1,6,2,33,6,1968,2,12,AUDI Q3,4,E01008277,0,1
2024461483058,2024,461483058,1,9,0,-1,19,2,3,-1,0,0,0,0,0,0,1,1,-1,9,1,35,6,1968,2,9,AUDI Q3,4,E01024032,0,1
2024131495987,2024,131495987,2,9,0,-1,2,0,0,-1,9,0,0,0,0,0,1,1,-1,6,-1,-1,-1,1968,2,11,AUDI Q3,-1,-1,0,-1
2024320166195,2024,320166195,1,9,0,-1,-1,2,6,0,0,1,0,0,0,0,1,1,-1,-1,2,21,5,1968,2,12,AUDI Q3,2,E01026116,0,1
2024421424177,2024,421424177,3,9,0,-1,19,4,8,-1,0,0,0,0,0,0,3,1,-1,9,1,54,8,1968,2,10,AUDI Q3,1,E01015880,0,1
2024201514158,2024,201514158,1,9,0,-1,4,3,7,-1,0,1,0,0,0,0,1,9,-1,6,3,-1,-1,1395,1,10,AUDI Q3,-1,-1,0,-1
2024332400223,2024,332400223,1,9,0,-1,11,2,6,-1,0,3,0,0,0,0,3,1,-1,9,1,41,7,1498,1,2,AUDI Q3,8,E01025861,0,3
2024010531910,2024,010531910,1,9,0,99,99,9,9,99,99,9,9,99,9,99,9,9,2,2,2,31,6,1968,2,8,AUDI Q3,3,E01024396,0,4
2024440364897,2024,440364897,2,9,0,18,19,3,7,0,0,0,0,0,0,0,1,1,6,6,3,-1,-1,1968,2,7,AUDI Q3,-1,-1,0,-1
2024010519175,2024,010519175,3,9,0,3,3,1,5,0,0,1,0,0,0,0,0,1,6,6,1,23,5,1395,1,8,AUDI Q3,7,E01003754,0,1
2024311394054,2024,311394054,1,9,0,-1,4,6,2,-1,0,0,0,0,0,0,2,1,-1,2,1,58,9,1968,2,6,AUDI Q3,10,E01028222,0,3
2024010507357,2024,010507357,3,9,0,18,19,7,3,0,0,1,0,0,0,0,3,1,6,6,2,55,8,1498,1,3,AUDI Q3,-1,-1,0,-1
2024010548934,2024,010548934,2,9,0,8,8,5,8,0,0,1,0,0,3,0,1,1,6,6,2,28,6,1498,1,1,AUDI Q3,-1,-1,0,-1
2024052402727,2024,052402727,1,9,0,5,5,7,3,0,0,1,0,0,0,0,1,1,6,6,1,70,10,1498,1,2,AUDI Q3,6,E01007076,0,1
2024101450840,2024,101450840,3,9,0,-1,3,1,5,-1,0,0,0,0,0,0,2,1,-1,6,1,69,10,1498,1,0,AUDI Q3,3,E01033205,0,3
2024520402372,2024,520402372,2,9,0,1,1,5,1,0,0,0,0,0,0,0,2,1,6,6,3,-1,-1,1395,1,7,AUDI Q3,-1,-1,0,-1
2024201500258,2024,201500258,1,9,0,-1,9,5,1,-1,0,5,0,0,0,0,1,1,-1,6,1,33,6,1968,2,11,AUDI Q3,-1,-1,0,-1
2024520001617,2024,520001617,1,9,0,2,2,0,0,0,0,0,0,0,1,0,3,1,3,7,2,34,6,1395,1,6,AUDI Q3,8,E01035208,0,1
2024221443049,2024,221443049,1,9,0,-1,19,5,1,-1,0,4,0,0,0,0,1,9,-1,6,1,26,6,1395,8,1,AUDI Q3,5,E01035075,0,1
2024211513743,2024,211513743,1,9,0,-1,7,6,1,-1,0,8,0,0,0,0,4,1,-1,1,1,75,10,1968,2,7,AUDI Q3,9,E01029636,0,3
2024340NN1482,2024,340NN1482,1,9,0,-1,13,3,7,-1,0,0,0,0,0,0,1,1,-1,9,1,39,7,1395,1,10,AUDI Q3,6,E01035553,0,3
2024411524644,2024,411524644,3,9,0,-1,19,7,3,-1,0,0,0,0,0,0,2,1,-1,6,1,45,7,1498,1,4,AUDI Q3,9,E01023726,0,1
2024010526744,2024,010526744,1,9,0,3,3,5,1,0,0,8,0,0,1,0,3,1,6,6,2,36,7,1968,2,1,AUDI Q3,6,E01002327,0,1
2024430358134,2024,430358134,1,9,0,4,4,1,5,0,0,0,0,0,0,0,1,1,6,6,3,21,5,1968,2,11,AUDI Q3,6,E01017851,0,2
2024991433586,2024,991433586,1,9,0,-1,9,7,5,-1,0,0,0,0,0,0,1,1,-1,2,2,39,7,1968,2,9,AUDI Q3,2,-1,0,4
2024010530266,2024,010530266,1,9,0,4,4,5,1,9,9,0,0,0,7,1,1,1,6,6,2,62,9,1984,1,12,AUDI Q3,3,E01003121,0,1
2024161498347,2024,161498347,1,9,0,-1,19,2,6,-1,0,6,0,0,0,0,3,1,-1,9,2,36,7,1498,1,5,AUDI Q3,8,E01013154,0,1
2024610002724,2024,610002724,1,9,0,4,4,8,4,0,0,0,0,0,0,0,1,1,1,1,2,36,7,1968,2,7,AUDI Q3,2,W01001660,0,2
2024320583816,2024,320583816,1,9,0,-1,-1,4,1,0,0,8,0,0,0,0,1,1,6,6,3,-1,-1,1968,2,8,AUDI Q3,-1,-1,0,-1
2024201519291,2024,201519291,1,9,0,-1,19,2,6,-1,0,0,0,0,0,0,1,9,-1,7,2,38,7,1968,2,9,AUDI Q3,6,E01009931,0,1
2024131480360,2024,131480360,1,9,0,-1,19,4,8,-1,9,8,1,10,0,0,1,1,-1,9,2,50,8,1968,2,10,AUDI Q3,2,E01010799,0,1
2024552400390,2024,552400390,2,9,0,3,3,8,4,0,0,0,0,0,0,0,2,1,2,2,2,30,6,1968,2,10,AUDI Q3,7,E01029246,0,4
2024010523956,2024,010523956,2,9,0,5,5,6,2,0,0,1,0,0,0,0,1,1,6,6,3,-1,-1,1498,1,4,AUDI Q3,-1,-1,0,-1
2024501441557,2024,501441557,1,9,0,-1,19,3,7,-1,0,0,0,0,0,0,3,1,-1,9,2,41,7,1968,2,12,AUDI Q3,5,E01035131,0,3
2024010491995,2024,010491995,2,9,0,1,1,9,9,99,99,0,9,99,9,99,2,9,6,6,1,46,8,1395,1,8,AUDI Q3,9,E01002537,0,1
2024471520666,2024,471520666,1,9,0,-1,19,2,6,-1,0,0,0,0,0,0,1,1,-1,9,2,45,7,1968,2,12,AUDI Q3,7,E01021033,0,3
2024311557523,2024,311557523,2,9,0,-1,5,8,5,-1,0,8,0,0,0,0,4,1,-1,9,1,38,7,1395,8,1,AUDI Q3,-1,-1,0,-1
2024052400346,2024,052400346,2,9,0,18,19,4,8,0,0,8,0,0,0,0,1,1,6,6,1,27,6,1498,1,5,AUDI Q3,1,E01006632,0,1
2024430221420,2024,430221420,2,9,0,17,19,7,3,0,0,0,0,0,1,0,1,1,6,6,2,54,8,1968,2,9,AUDI Q3,8,E01034781,0,4
2024361455512,2024,361455512,1,9,0,-1,7,7,1,-1,0,3,0,0,1,0,1,9,-1,6,1,20,4,1395,1,9,AUDI Q3,5,E01026891,0,1
2024010531604,2024,010531604,1,9,0,9,9,3,1,0,0,5,0,0,0,0,4,1,6,6,1,30,6,1498,1,4,AUDI Q3,2,E01002029,0,2
2024161396046,2024,161396046,1,9,0,-1,19,6,2,-1,0,0,0,4,0,0,1,1,-1,6,1,83,11,1984,1,9,AUDI Q3,6,E01012982,0,1
2024471474095,2024,471474095,1,9,0,-1,19,5,1,-1,0,3,0,0,0,0,4,9,-1,6,2,63,9,1968,2,5,AUDI Q3,8,E01031397,0,2
2024010489039,2024,010489039,2,9,0,18,19,7,3,0,0,1,0,0,0,0,1,1,6,6,1,40,7,1395,1,6,AUDI Q3,2,E01004324,0,1
2024461445418,2024,461445418,2,9,0,-1,4,5,1,-1,0,0,0,0,0,0,4,9,-1,6,2,39,7,1498,1,3,AUDI Q3,1,E01024610,0,1
2024052401269,2024,052401269,2,9,0,4,4,6,2,0,0,1,0,0,0,0,2,1,6,6,2,34,6,1498,1,3,AUDI Q3,6,E01006596,0,1
2024991496463,2024,991496463,1,9,0,-1,19,8,4,-1,0,0,5,0,1,11,4,1,-1,9,1,82,11,1968,2,9,AUDI Q3,-1,-1,0,-1
2024411502311,2024,411502311,1,9,0,-1,11,1,5,-1,0,0,0,0,0,0,1,9,-1,6,1,20,4,1498,1,4,AUDI Q3,-1,-1,0,-1
2024461447533,2024,461447533,1,9,0,-1,7,1,5,-1,0,3,0,0,1,0,4,9,-1,1,-1,31,6,1498,1,1,AUDI Q3,-1,-1,0,-1
2024421474154,2024,421474154,1,9,0,-1,5,5,8,-1,0,4,0,0,0,0,1,1,-1,9,2,62,9,1498,1,1,AUDI Q3,9,E01015982,0,1
2024461499911,2024,461499911,2,9,0,-1,3,7,3,-1,0,0,0,0,0,0,2,1,-1,9,2,28,6,1498,1,0,AUDI Q3,6,E01024172,0,1
2024010547948,2024,010547948,1,9,0,99,99,9,9,99,99,9,9,99,9,99,2,9,6,6,2,46,8,1984,1,6,AUDI Q3,7,E01000437,0,1
2024461512562,2024,461512562,2,9,0,-1,3,7,3,-1,0,4,0,0,0,0,2,9,-1,9,2,45,7,1395,1,6,AUDI Q3,4,E01035318,0,4
2024010544851,2024,010544851,1,9,0,99,99,9,9,99,99,9,9,99,9,99,1,9,6,6,2,63,9,1984,1,5,AUDI Q3,9,E01002019,0,1
2024161448228,2024,161448228,2,9,0,-1,19,5,1,-1,0,1,0,0,0,0,1,1,-1,6,1,59,9,1395,8,0,AUDI Q3,5,E01013236,0,1
2024111488930,2024,111488930,1,9,0,-1,19,2,6,-1,0,1,0,0,0,0,1,1,-1,2,2,40,7,1968,2,8,AUDI Q3,8,E01020680,0,1
2024622500088,2024,622500088,3,9,0,2,2,0,0,0,0,0,0,0,0,0,2,1,6,6,3,-1,-1,1498,1,5,AUDI Q3,-1,-1,0,-1
2024451461145,2024,451461145,1,9,0,-1,2,1,1,-1,99,0,0,8,0,0,4,9,-1,9,2,32,6,1498,1,5,AUDI Q3,6,E01030678,0,1
2024461456976,2024,461456976,2,9,0,-1,3,1,4,-1,0,0,0,0,0,0,2,9,-1,6,1,59,9,1968,2,8,AUDI Q3,6,E01024367,0,1
2024430484922,2024,430484922,1,9,0,9,9,6,4,0,0,6,0,0,0,0,4,1,6,6,1,-1,-1,1498,1,0,AUDI Q3,-1,-1,0,-1
2024070794993,2024,070794993,2,9,0,-1,10,4,8,-1,0,1,0,0,0,0,2,1,-1,6,1,41,7,1968,2,7,AUDI Q3,10,E01018602,0,2
2024010509105,2024,010509105,1,9,0,9,9,7,4,0,0,8,0,0,0,0,4,1,6,6,1,25,5,1395,1,9,AUDI Q3,3,E01000737,0,3
2024201438589,2024,201438589,1,9,0,-1,9,8,6,-1,0,8,0,0,0,0,1,9,-1,6,2,64,9,1968,2,10,AUDI Q3,9,E01009430,0,1
2024531492807,2024,531492807,3,9,0,-1,19,3,7,-1,0,1,0,0,0,0,1,1,-1,2,2,54,8,1968,2,8,AUDI Q3,7,E01034522,0,4
2024552400707,2024,552400707,1,9,0,14,14,8,4,0,0,0,0,0,0,0,1,1,6,6,2,39,7,1395,1,9,AUDI Q3,10,E01020380,0,2
2024610007924,2024,610007924,1,9,0,18,19,8,4,0,0,2,0,0,0,0,1,1,6,6,2,33,6,1498,1,0,AUDI Q3,3,W01001145,0,2
2024041400950,2024,041400950,1,9,0,-1,19,5,1,-1,0,1,1,0,0,0,1,1,-1,9,2,20,4,1968,2,8,AUDI Q3,1,E01025227,0,1
2024131534184,2024,131534184,2,9,0,-1,19,1,5,-1,0,0,0,0,0,0,1,1,-1,6,1,40,7,1968,2,9,AUDI Q3,8,E01027160,0,5
2024421461958,2024,421461958,2,9,0,-1,19,7,3,-1,0,8,0,4,0,0,3,1,-1,6,2,56,9,1968,2,1,AUDI Q3,5,E01001751,0,4
2024421519821,2024,421519821,2,9,0,-1,19,2,6,-1,0,0,0,0,0,0,2,1,-1,6,2,47,8,1498,1,0,AUDI Q3,6,E01021810,0,1
2024111406770,2024,111406770,1,9,0,-1,19,1,5,-1,0,2,0,0,0,0,1,1,-1,2,1,30,6,1968,2,7,AUDI Q3,8,E01012309,0,1
2024070949939,2024,070949939,2,9,0,-1,4,5,1,-1,0,0,0,0,0,0,2,1,-1,9,2,50,8,1968,2,3,AUDI Q3,2,E01010019,0,4
2024141541841,2024,141541841,1,9,0,-1,4,1,5,-1,0,0,0,0,0,0,2,1,-1,9,1,34,6,1498,1,2,AUDI Q3,4,E01007460,0,1
2024141488700,2024,141488700,1,9,0,-1,19,4,8,-1,0,1,0,0,0,0,4,1,-1,9,2,62,9,1968,2,9,AUDI Q3,4,E01007537,0,1
2024061528565,2024,061528565,2,9,0,-1,4,4,6,-1,0,1,0,0,0,0,1,9,-1,6,1,43,7,1498,1,4,AUDI Q3,3,E01005116,0,2
2024631401933,2024,631401933,1,9,0,-1,19,1,4,-1,0,0,0,11,0,0,1,1,-1,2,2,33,6,1968,2,11,AUDI Q3,6,W01000477,0,1
2024631438408,2024,631438408,2,9,0,-1,19,5,3,-1,0,0,0,0,0,0,1,1,-1,9,2,22,5,1968,2,4,AUDI Q3,5,W01000452,0,1
2024430358134,2024,430358134,3,9,0,4,4,1,5,0,0,0,0,0,0,0,2,1,6,6,3,40,7,1968,2,11,AUDI Q3,3,E01005294,0,5
2024052402405,2024,052402405,1,9,0,18,19,7,3,0,0,1,0,0,0,0,1,1,6,6,2,53,8,1395,1,7,AUDI Q3,6,E01007247,0,1
2024010535206,2024,010535206,1,9,0,99,99,9,9,99,99,9,9,99,9,99,1,9,6,6,1,43,7,1395,1,6,AUDI Q3,3,E01003251,0,1
2024991492513,2024,991492513,2,9,0,-1,7,1,7,-1,0,3,0,0,0,0,4,1,-1,1,1,33,6,1968,2,9,AUDI Q3,8,-1,0,4
2024631434558,2024,631434558,2,9,0,-1,4,5,1,-1,0,0,0,0,0,0,2,1,-1,2,2,52,8,1968,2,11,AUDI Q3,5,W01000582,0,1
2024302401630,2024,302401630,1,9,0,5,5,7,4,9,9,0,0,0,1,4,1,1,6,6,2,73,10,1984,1,0,AUDI Q3,10,E01019686,0,1
2024522403081,2024,522403081,2,9,0,18,19,6,2,0,0,0,0,0,0,0,1,1,6,6,3,-1,-1,1968,2,8,AUDI Q3,-1,-1,0,-1
2024610046324,2024,610046324,2,9,0,18,19,6,2,0,0,1,0,0,0,0,1,1,6,6,2,33,6,1968,2,7,AUDI Q3,4,W01001558,0,4
2024501523337,2024,501523337,1,9,0,-1,5,3,7,-1,0,4,0,99,0,0,3,1,-1,6,1,43,7,1984,1,10,AUDI Q3,4,E01015059,0,1
2024411518162,2024,411518162,1,9,0,-1,5,3,1,-1,0,2,0,0,0,0,1,1,-1,2,1,65,9,1968,2,10,AUDI Q3,2,E01010309,0,5
2024131519661,2024,131519661,1,9,0,-1,19,3,7,-1,0,0,1,0,0,0,1,1,-1,2,2,37,7,1968,2,11,AUDI Q3,3,E01010599,0,1
2024461401050,2024,461401050,1,9,0,-1,19,7,3,-1,0,0,1,0,1,0,1,9,-1,6,1,53,8,1984,1,7,AUDI Q3,6,E01000726,0,3
2024451499867,2024,451499867,1,9,0,-1,5,3,7,-1,0,1,0,0,0,0,1,2,-1,9,1,40,7,1968,2,11,AUDI Q3,9,E01017759,0,4
2024122400228,2024,122400228,1,9,0,9,9,5,1,0,0,6,0,0,0,0,1,1,6,6,1,79,11,1968,2,7,AUDI Q3,10,E01013070,0,4
2024440260055,2024,440260055,3,9,0,4,4,7,3,0,0,0,0,0,0,0,1,1,6,6,2,32,6,1968,2,8,AUDI Q3,9,E01035441,0,3
2024101525283,2024,101525283,1,9,0,-1,4,7,3,-1,0,1,0,0,0,0,1,1,-1,6,2,31,6,1395,1,7,AUDI Q3,6,E01027484,0,1
2024010503122,2024,010503122,2,9,0,99,99,9,9,99,99,9,9,99,9,99,1,9,6,6,3,-1,-1,1984,1,10,AUDI Q3,4,E01034027,0,2
2024101437701,2024,101437701,2,9,0,-1,19,-1,-1,-1,0,-1,0,0,0,0,-1,1,-1,6,1,43,7,1968,2,10,AUDI Q3,1,E01008666,0,2
2024421421409,2024,421421409,2,9,0,-1,19,6,4,-1,0,0,0,0,0,0,3,1,-1,9,1,37,7,1498,1,4,AUDI Q3,2,E01021771,0,2
2024201398176,2024,201398176,3,9,0,-1,3,3,7,-1,0,0,0,0,0,0,2,1,-1,6,1,60,9,1968,2,11,AUDI Q3,-1,-1,0,-1
2024101458663,2024,101458663,1,9,0,-1,19,1,5,-1,0,1,0,0,0,0,1,9,-1,6,1,43,7,1968,2,10,AUDI Q3,-1,-1,0,-1
2024451411366,2024,451411366,1,9,0,-1,13,7,3,-1,0,0,1,0,7,4,1,1,-1,6,1,31,6,1968,2,8,AUDI Q3,6,E01030515,0,2
2024411430304,2024,411430304,2,9,0,-1,19,5,1,-1,0,1,0,0,0,0,3,1,-1,9,2,68,10,1984,1,9,AUDI Q3,7,E01002187,0,2
2024131411517,2024,131411517,2,9,0,-1,5,5,1,-1,0,8,0,1,0,0,4,1,-1,9,2,37,7,1395,1,7,AUDI Q3,6,E01011651,0,1
2024320448305,2024,320448305,2,9,0,-1,-1,2,6,0,0,0,0,0,0,0,1,1,-1,-1,2,22,5,1968,2,12,AUDI Q3,2,E01026116,0,1
2024161418914,2024,161418914,1,9,0,-1,19,6,2,-1,0,0,5,0,1,0,1,1,-1,2,1,47,8,1984,1,9,AUDI Q3,1,E01012952,0,4
2024451432847,2024,451432847,2,9,0,-1,19,7,3,-1,0,0,0,0,1,0,1,1,-1,9,2,69,10,1968,2,3,AUDI Q3,5,E01030814,0,1
2024010502705,2024,010502705,2,9,0,18,19,3,7,0,0,0,0,0,0,0,1,1,6,6,1,39,7,1984,1,9,AUDI Q3,5,E01002352,0,3
2024311456688,2024,311456688,2,9,0,-1,19,4,2,-1,0,0,0,0,0,0,1,1,-1,6,1,-1,-1,1968,2,9,AUDI Q3,-1,-1,0,-1
2024010532814,2024,010532814,2,9,0,18,19,3,7,0,0,0,9,0,0,0,1,1,6,6,3,-1,-1,1968,2,12,AUDI Q3,-1,-1,0,-1
2024041420474,2024,041420474,1,9,0,-1,19,7,3,-1,0,0,0,0,0,0,1,1,-1,6,1,21,5,1395,1,6,AUDI Q3,7,E01025326,0,1
2024101491289,2024,101491289,2,9,0,-1,4,6,2,-1,0,0,0,0,0,0,2,9,-1,6,1,42,7,1395,1,9,AUDI Q3,8,E01035627,0,1
2024320298572,2024,320298572,1,9,0,1,1,2,6,0,0,0,0,4,0,0,2,1,-1,-1,1,52,8,1968,2,8,AUDI Q3,8,E01026035,0,1
2024991495535,2024,991495535,2,9,0,-1,19,4,6,-1,0,0,0,0,0,0,2,1,-1,6,1,47,8,1498,1,0,AUDI Q3,10,-1,0,4
2024451441539,2024,451441539,2,9,0,-1,4,1,5,-1,0,0,0,0,0,0,1,1,-1,9,2,53,8,1968,2,4,AUDI Q3,10,E01030839,0,1
2024131501855,2024,131501855,2,9,0,-1,2,0,0,-1,0,8,0,0,0,0,1,1,-1,6,-1,-1,-1,1968,2,10,AUDI Q3,-1,-1,0,-1
2024430311476,2024,430311476,2,9,0,9,9,7,4,0,0,6,0,0,0,0,2,1,6,6,3,-1,-1,1968,2,11,AUDI Q3,-1,-1,0,-1
2024010516250,2024,010516250,2,9,0,9,9,5,3,0,0,1,0,0,0,0,1,1,6,6,2,32,6,1395,1,10,AUDI Q3,4,E01030747,0,2
2024351442553,2024,351442553,2,9,-1,-1,-1,-1,-1,-1,-1,0,-1,-1,-1,0,2,9,-1,9,2,32,6,1968,2,6,AUDI Q3,2,E01015615,0,1
2024010500018,2024,010500018,1,9,0,9,9,7,5,0,0,8,0,7,1,6,1,1,6,6,1,28,6,1498,1,1,AUDI Q3,3,E01004283,0,1
2024201437802,2024,201437802,2,9,0,-1,19,4,6,-1,0,5,0,0,0,0,4,1,-1,9,1,28,6,1498,1,5,AUDI Q3,-1,-1,0,-1
2024122400657,2024,122400657,1,9,0,7,7,5,7,0,0,5,0,0,0,0,1,1,6,6,2,39,7,1968,2,11,AUDI Q3,7,E01027593,0,1
2024010501054,2024,010501054,1,9,0,14,14,1,5,0,0,1,0,10,0,0,1,1,2,2,1,29,6,1968,2,1,AUDI Q3,2,E01035585,0,1
2024451478999,2024,451478999,1,9,0,-1,19,1,5,-1,0,2,0,0,1,11,1,1,-1,6,1,23,5,1395,8,0,AUDI Q3,10,E01030691,0,1
2024010551791,2024,010551791,1,9,0,9,9,1,7,0,0,5,0,0,0,0,1,1,6,6,1,28,6,1984,1,3,AUDI Q3,2,E01003065,0,1
2024010520995,2024,010520995,1,9,0,18,19,1,5,0,0,5,0,0,0,0,3,1,6,6,2,37,7,1968,2,8,AUDI Q3,3,E01000133,0,1
2024141478443,2024,141478443,1,9,0,-1,19,7,3,-1,0,2,0,0,0,0,4,1,-1,9,1,53,8,1498,1,3,AUDI Q3,4,E01007393,0,1
2024421475680,2024,421475680,1,9,0,-1,9,3,5,-1,0,6,0,0,0,0,1,1,-1,9,2,37,7,1395,8,2,AUDI Q3,7,E01015848,0,1
2024991418653,2024,991418653,1,9,0,-1,19,7,3,-1,0,0,5,0,0,0,1,1,-1,6,1,31,6,1968,2,11,AUDI Q3,5,-1,0,2
202417M307324,2024,17M307324,1,9,0,-1,19,1,5,-1,0,1,0,0,0,0,1,1,-1,9,1,80,11,1968,2,6,AUDI Q3,-1,-1,0,-1
2024991481506,2024,991481506,1,9,0,-1,5,2,6,-1,0,1,0,0,0,0,1,1,-1,9,2,43,7,1968,2,10,AUDI Q3,10,-1,0,1
2024141452292,2024,141452292,1,9,0,-1,19,1,5,-1,0,1,0,0,0,0,1,1,-1,2,2,22,5,1968,2,7,AUDI Q3,6,E01008111,0,1
2024401537216,2024,401537216,2,9,0,-1,19,3,7,-1,0,0,1,0,0,0,1,1,-1,6,2,29,6,1498,1,3,AUDI Q3,8,E01033814,0,4
2024010508765,2024,010508765,2,9,0,18,19,1,5,0,0,1,0,0,0,0,1,1,6,6,3,-1,-1,1498,1,3,AUDI Q3,-1,-1,0,-1
2024411429622,2024,411429622,3,9,0,-1,19,5,1,-1,0,0,0,0,0,0,4,1,-1,6,1,42,7,1984,1,12,AUDI Q3,6,E01002142,0,3
2024302400311,2024,302400311,2,9,0,4,4,4,8,0,0,8,0,0,0,0,2,1,6,6,1,43,7,1498,1,3,AUDI Q3,-1,-1,0,-1
2024421498980,2024,421498980,1,9,0,-1,19,6,2,-1,0,0,0,0,7,0,1,1,-1,6,1,40,7,1968,2,8,AUDI Q3,6,E01021768,0,1
2024111475977,2024,111475977,1,9,0,-1,19,2,6,-1,0,0,0,0,0,0,1,1,-1,6,3,30,6,1968,1,11,AUDI Q3,-1,-1,0,-1
2024211418174,2024,211418174,1,9,0,-1,-1,1,4,-1,-1,0,-1,0,-1,0,3,9,-1,6,1,50,8,1968,2,9,AUDI Q3,5,E01029852,0,1
2024211532471,2024,211532471,2,9,0,-1,9,3,7,-1,0,0,0,0,1,0,1,1,-1,2,1,40,7,1498,1,3,AUDI Q3,2,E01033125,0,5
2024311533041,2024,311533041,2,9,0,-1,19,6,2,-1,0,8,0,0,0,0,4,1,-1,1,1,29,6,1498,1,4,AUDI Q3,1,E01033411,0,3
2024461409181,2024,461409181,1,9,0,-1,19,7,3,-1,0,0,0,0,0,0,1,9,-1,6,2,37,7,1395,1,7,AUDI Q3,2,E01024646,0,1
2024549826924,2024,549826924,3,9,0,3,3,2,6,0,0,0,0,0,0,0,3,1,6,6,1,60,9,1498,1,4,AUDI Q3,9,E01032706,0,1
2024371517721,2024,371517721,2,9,0,-1,19,5,1,-1,0,8,0,0,0,0,3,1,-1,9,2,56,9,1968,2,12,AUDI Q3,5,E01030259,0,2
2024070621419,2024,070621419,2,9,0,17,19,2,6,0,0,1,0,0,0,0,3,1,6,6,2,49,8,1984,1,5,AUDI Q3,6,E01005694,0,4