collision_index,collision_year,collision_ref_no,vehicle_reference,vehicle_type,towing_and_articulation,vehicle_manoeuvre_historic,vehicle_manoeuvre,vehicle_direction_from,vehicle_direction_to,vehicle_location_restricted_lane_historic,vehicle_location_restricted_lane,junction_location,skidding_and_overturning,hit_object_in_carriageway,vehicle_leaving_carriageway,hit_object_off_carriageway,first_point_of_impact,vehicle_left_hand_drive,journey_purpose_of_driver_historic,journey_purpose_of_driver,sex_of_driver,age_of_driver,age_band_of_driver,engine_capacity_cc,propulsion_code,age_of_vehicle,generic_make_model,driver_imd_decile,lsoa_of_driver,escooter_flag,driver_distance_banding
2024440075668,2024,440075668,2,9,0,18,19,7,3,0,0,0,0,0,0,0,3,1,6,6,2,62,9,1968,2,8,AUDI Q3,7,E01016307,0,1
2024010521002,2024,010521002,2,9,0,99,99,9,9,99,99,9,9,99,9,99,9,9,6,6,2,38,7,1984,1,12,AUDI Q3,-1,-1,0,-1
2024010529783,2024,010529783,1,5,0,18,19,8,4,0,0,1,0,0,1,0,1,1,6,6,1,23,5,500,1,2,MAKE AND MODEL REDACTED,8,E01004168,0,1
2024501403602,2024,501403602,2,9,0,-1,19,5,1,-1,0,0,0,0,1,4,3,9,-1,6,1,61,9,796,1,20,MAKE AND MODEL REDACTED,2,E01015055,0,4
2024631495546,2024,631495546,1,9,0,-1,19,3,7,-1,0,0,5,10,1,10,2,1,-1,6,1,55,8,796,1,25,MAKE AND MODEL REDACTED,3,W01000965,0,1
2024552400438,2024,552400438,3,9,0,18,19,8,4,0,0,0,0,0,0,0,1,1,6,6,2,21,5,995,1,20,MAKE AND MODEL REDACTED,7,E01020479,0,3
2024501432392,2024,501432392,1,5,0,-1,19,8,4,-1,0,0,2,0,1,0,1,1,-1,9,1,53,8,1690,1,8,MAKE AND MODEL REDACTED,3,E01018991,0,1
2024201511114,2024,201511114,3,5,0,-1,9,6,4,-1,0,5,0,0,0,0,1,1,-1,6,1,59,9,1550,1,19,MAKE AND MODEL REDACTED,4,E01009169,0,2
2024421456017,2024,421456017,1,5,0,-1,19,7,3,-1,0,0,0,0,0,0,1,1,-1,6,1,71,10,975,1,1,MAKE AND MODEL REDACTED,4,E01034371,0,1
2024111499308,2024,111499308,2,5,0,-1,19,4,7,-1,0,0,0,0,1,0,1,1,-1,6,1,57,9,1745,1,0,MAKE AND MODEL REDACTED,4,E01020900,0,3
2024231494839,2024,231494839,2,5,0,-1,19,7,3,-1,0,8,1,0,0,0,1,1,-1,9,1,49,8,1745,1,1,MAKE AND MODEL REDACTED,8,E01009707,0,1
2024471534287,2024,471534287,2,9,0,-1,2,0,0,-1,0,0,0,0,0,0,3,1,-1,6,-1,-1,-1,2685,2,20,JEEP GRAND CHEROKEE,-1,-1,0,-1
2024070175542,2024,070175542,2,9,0,18,19,7,3,0,0,0,0,0,0,0,3,1,6,6,1,37,7,2987,2,10,JEEP GRAND CHEROKEE,1,E01012367,0,1
2024141504712,2024,141504712,1,9,0,-1,19,5,1,-1,0,2,0,0,0,0,1,1,-1,9,2,36,7,2985,2,19,JEEP GRAND CHEROKEE,2,E01007772,0,1
2024552401457,2024,552401457,2,9,0,4,4,3,7,0,0,0,0,0,0,0,2,1,6,6,2,58,9,5654,1,18,JEEP GRAND CHEROKEE,6,E01020405,0,1
2024440014571,2024,440014571,2,9,0,18,19,7,3,0,0,8,0,0,0,0,3,1,2,2,2,43,7,2987,2,11,JEEP GRAND CHEROKEE,1,E01017207,0,1
2024461480589,2024,461480589,1,9,0,-1,2,0,0,-1,0,2,0,0,0,0,1,1,-1,6,2,30,6,2987,2,7,JEEP GRAND CHEROKEE,4,E01024296,0,1
2024421423669,2024,421423669,2,9,0,-1,3,4,8,-1,0,1,0,0,0,0,3,1,-1,6,1,68,10,2987,2,12,JEEP GRAND CHEROKEE,8,E01021513,0,1
2024231476132,2024,231476132,1,9,0,-1,9,6,4,-1,0,6,0,0,0,0,1,9,-1,6,2,60,9,2987,2,10,JEEP GRAND CHEROKEE,9,E01022183,0,3
2024461420038,2024,461420038,1,9,0,-1,19,8,8,-1,0,0,0,0,0,0,4,9,-1,6,-1,-1,-1,4701,1,22,JEEP GRAND CHEROKEE,-1,-1,0,-1
2024351461170,2024,351461170,1,9,0,-1,19,3,7,-1,0,0,1,0,1,9,1,1,-1,6,1,70,10,2685,2,20,JEEP GRAND CHEROKEE,3,E01018087,0,3
2024610023424,2024,610023424,2,9,0,18,19,7,3,0,0,1,0,0,0,0,1,1,6,6,2,63,9,2987,2,12,JEEP GRAND CHEROKEE,5,E01032198,0,4
2024501421566,2024,501421566,1,9,0,-1,19,5,1,-1,0,0,1,0,2,11,0,1,-1,9,2,32,6,2987,2,13,JEEP GRAND CHEROKEE,6,E01018906,0,1
2024302401282,2024,302401282,2,9,0,18,19,4,8,0,0,0,0,0,0,0,1,1,2,2,1,27,6,2985,2,19,JEEP GRAND CHEROKEE,7,E01025969,0,3
2024471485691,2024,471485691,2,9,0,-1,19,8,4,-1,0,0,0,0,0,0,4,1,-1,9,1,31,6,2985,2,18,JEEP GRAND CHEROKEE,9,E01021235,0,1
2024411498145,2024,411498145,2,9,0,-1,2,0,0,-1,0,0,0,0,0,0,2,1,-1,2,2,55,8,2987,2,13,JEEP GRAND CHEROKEE,9,E01023969,0,1
2024531409064,2024,531409064,2,9,0,-1,19,3,7,-1,0,0,0,0,1,0,3,1,-1,9,2,39,7,2987,2,4,JEEP GRAND CHEROKEE,9,E01022434,0,1
2024361461880,2024,361461880,1,9,0,-1,9,1,8,-1,0,1,0,0,0,0,1,1,-1,9,1,66,10,2985,2,18,JEEP GRAND CHEROKEE,6,E01026496,0,3
2024010510004,2024,010510004,1,9,0,18,19,1,5,0,0,1,0,0,0,0,1,1,6,6,1,46,8,2987,2,8,JEEP GRAND CHEROKEE,6,E01004178,0,1
2024101398053,2024,101398053,2,9,0,-1,19,1,5,-1,0,2,0,0,0,0,1,1,-1,6,1,66,10,2987,2,10,JEEP GRAND CHEROKEE,4,E01027433,0,1
2024332400694,2024,332400694,1,3,0,-1,13,3,7,-1,0,8,0,0,0,0,1,1,-1,9,1,18,4,125,1,18,MAKE AND MODEL REDACTED,9,E01025877,0,1
2024991452812,2024,991452812,1,3,0,-1,19,7,3,-1,0,0,1,0,1,0,1,1,-1,9,1,17,4,124,1,8,LEXMOTO VENOM 125,2,-1,0,1
2024461489815,2024,461489815,1,3,0,-1,19,5,1,-1,0,0,0,0,0,0,1,1,-1,9,2,19,4,124,1,7,LEXMOTO VENOM 125,4,E01024776,0,1
2024361409508,2024,361409508,2,3,0,-1,14,7,3,-1,0,1,5,0,0,0,1,1,-1,2,1,18,4,124,1,4,LEXMOTO VENOM 125,7,E01026456,0,4
2024430488349,2024,430488349,1,3,0,17,19,6,4,0,0,0,0,10,1,2,4,1,6,6,1,22,5,124,1,9,LEXMOTO VENOM 125,-1,-1,0,-1
2024320726341,2024,320726341,2,3,0,-1,-1,6,4,0,0,8,0,0,0,0,1,1,6,6,1,19,4,124,1,4,LEXMOTO VENOM 125,10,E01026184,0,3
2024501456686,2024,501456686,2,4,0,-1,4,3,7,-1,0,1,0,0,0,0,1,1,-1,6,1,20,4,124,1,8,LEXMOTO VENOM 125,4,E01029238,0,5
2024302400574,2024,302400574,1,2,0,9,9,8,6,0,0,8,0,0,0,0,4,1,6,6,1,17,4,124,1,8,LEXMOTO VENOM 125,4,E01029472,0,1
2024052400236,2024,052400236,2,3,0,18,19,5,1,0,0,1,0,0,0,0,1,1,6,6,1,37,7,124,1,8,LEXMOTO VENOM 125,4,E01006628,0,2
2024211529261,2024,211529261,1,4,0,-1,19,7,1,-1,0,4,2,0,0,0,3,1,-1,2,1,30,6,124,1,9,LEXMOTO VENOM 125,1,E01014256,0,3
2024440467847,2024,440467847,1,3,0,18,19,7,3,0,0,1,0,0,0,0,1,1,6,6,1,19,4,124,1,8,LEXMOTO VENOM 125,1,E01017036,0,1
2024522401376,2024,522401376,1,4,0,18,19,2,6,0,0,3,0,10,1,11,1,1,6,6,2,18,4,124,1,8,LEXMOTO VENOM 125,8,E01014896,0,1
2024111435918,2024,111435918,1,2,0,-1,19,1,5,-1,0,1,0,0,0,0,1,1,-1,6,1,20,4,124,1,6,LEXMOTO VENOM 125,2,E01020694,0,2
2024461466204,2024,461466204,2,3,0,-1,19,7,3,-1,0,0,2,0,0,0,2,1,-1,2,1,17,4,124,1,7,LEXMOTO VENOM 125,2,E01024306,0,1
2024531464074,2024,531464074,2,3,0,-1,19,7,3,-1,0,1,2,0,0,0,2,1,-1,6,1,29,6,124,1,6,LEXMOTO VENOM 125,6,E01022260,0,1
2024302401204,2024,302401204,2,3,0,18,19,2,6,0,0,8,0,0,0,0,1,1,6,6,1,22,5,124,1,6,LEXMOTO VENOM 125,1,E01034257,0,1
2024041488368,2024,041488368,2,3,0,-1,19,3,7,-1,0,1,0,0,0,0,1,1,-1,6,1,26,6,124,1,9,LEXMOTO VENOM 125,1,E01024900,0,1
2024552400067,2024,552400067,2,3,0,18,19,8,4,0,0,8,0,0,0,0,4,1,2,2,1,36,7,124,1,7,LEXMOTO VENOM 125,1,E01015307,0,1
2024010505465,2024,010505465,1,4,0,18,19,1,5,0,0,1,1,0,0,0,4,1,6,6,1,19,4,124,1,5,LEXMOTO VENOM 125,2,E01032565,0,1
2024471425759,2024,471425759,2,3,0,-1,19,1,5,-1,0,0,5,0,0,0,3,1,-1,6,1,19,4,124,1,8,LEXMOTO VENOM 125,4,E01021051,0,1
2024531545559,2024,531545559,1,3,0,-1,4,7,3,-1,0,0,0,0,0,0,1,1,-1,6,1,19,4,124,1,6,LEXMOTO VENOM 125,4,E01022241,0,2
2024010516951,2024,010516951,2,3,0,15,15,3,7,4,4,0,2,4,0,0,3,1,6,6,1,45,7,124,1,8,LEXMOTO VENOM 125,-1,-1,0,-1
2024552401011,2024,552401011,2,3,0,14,14,5,1,0,0,0,0,0,0,0,1,1,6,6,1,40,7,124,1,5,LEXMOTO VENOM 125,8,E01023049,0,4
2024531494782,2024,531494782,1,9,0,-1,19,1,5,-1,0,1,0,0,0,0,1,1,-1,9,1,84,11,2487,8,0,MAKE AND MODEL REDACTED,8,E01022463,0,2
2024010494505,2024,010494505,2,9,0,99,99,9,9,99,99,9,9,99,9,99,1,1,6,6,3,-1,-1,3456,1,18,MAKE AND MODEL REDACTED,-1,-1,0,-1
2024302401310,2024,302401310,1,9,0,4,4,4,7,0,0,2,0,0,0,0,2,1,6,6,1,69,10,2487,8,0,MAKE AND MODEL REDACTED,8,E01005508,0,4
2024052400493,2024,052400493,2,9,0,18,19,1,5,0,0,1,0,0,0,0,4,1,1,1,1,62,9,2487,8,1,MAKE AND MODEL REDACTED,7,E01006689,0,2
2024010505506,2024,010505506,2,9,0,18,19,1,5,0,0,2,0,0,0,0,2,1,6,6,1,60,9,3456,1,17,MAKE AND MODEL REDACTED,4,E01024162,0,3
2024122400745,2024,122400745,1,9,0,18,19,3,7,0,0,0,0,0,1,11,1,1,6,6,1,50,8,3456,7,16,MAKE AND MODEL REDACTED,9,E01035024,0,5
2024010533862,2024,010533862,1,9,0,18,19,7,3,0,0,4,0,0,0,0,1,1,6,6,1,32,6,2487,8,1,MAKE AND MODEL REDACTED,4,E01002411,0,1
2024010509988,2024,010509988,2,9,3,17,19,1,5,0,0,6,0,0,0,0,1,2,6,6,1,79,11,3456,1,17,MAKE AND MODEL REDACTED,-1,-1,0,-1
2024201462136,2024,201462136,1,9,0,-1,19,8,4,-1,0,0,0,0,0,0,4,1,-1,6,-1,-1,-1,1968,2,17,MAKE AND MODEL REDACTED,-1,-1,0,-1
2024010490600,2024,010490600,2,9,0,9,9,7,5,0,0,8,0,0,0,0,1,1,6,6,1,29,6,2378,1,20,MAKE AND MODEL REDACTED,4,E01000113,0,1
2024531512174,2024,531512174,3,9,0,-1,3,5,1,-1,0,0,0,0,0,0,2,1,-1,2,1,64,9,1968,2,17,MAKE AND MODEL REDACTED,6,E01022216,0,2
2024201488232,2024,201488232,1,9,0,-1,5,5,1,-1,0,6,0,0,0,0,3,1,-1,9,1,42,7,1968,2,17,MAKE AND MODEL REDACTED,1,E01034935,0,1
2024451509185,2024,451509185,2,9,0,-1,19,7,3,-1,0,0,0,0,0,0,1,1,-1,9,1,43,7,1968,2,18,MAKE AND MODEL REDACTED,10,E01030476,0,1
2024010514370,2024,010514370,1,9,0,6,6,5,5,0,0,1,0,0,1,0,1,1,3,7,2,37,7,2378,1,18,MAKE AND MODEL REDACTED,5,E01033490,0,1
2024010544591,2024,010544591,1,23,0,99,99,9,9,99,99,9,9,99,9,99,9,1,6,6,1,39,7,-1,3,3,NIU NQI,3,E01003922,0,1
2024010546443,2024,010546443,2,2,0,18,19,2,6,0,0,1,0,0,0,0,1,1,1,1,1,25,5,-1,3,2,NIU NQI,3,E01001298,0,3
2024141442098,2024,141442098,2,23,0,-1,9,5,3,-1,0,2,0,0,0,0,1,1,-1,9,2,40,7,-1,3,3,NIU NQI,4,E01007842,0,1
2024010493877,2024,010493877,1,2,0,15,15,6,2,0,0,1,0,0,0,0,1,1,1,1,1,32,6,-1,3,3,NIU NQI,7,E01000139,0,1
2024430418120,2024,430418120,1,2,0,18,19,8,4,0,0,1,0,0,0,0,2,1,1,1,1,33,6,-1,3,1,NIU NQI,1,E01016394,0,1
2024010526794,2024,010526794,2,23,0,18,19,5,1,0,0,1,0,0,0,0,1,1,1,1,1,21,5,-1,3,2,NIU NQI,5,E01001085,0,1
2024010507346,2024,010507346,1,3,0,18,19,6,2,0,0,0,0,0,0,0,1,1,1,1,1,20,4,-1,3,2,NIU NQI,6,E01002111,0,2
2024010522867,2024,010522867,1,3,0,18,19,7,3,0,0,0,0,0,0,0,1,1,1,1,1,21,5,-1,3,2,NIU NQI,5,E01001389,0,1
2024471505135,2024,471505135,2,90,0,-1,19,1,5,-1,0,1,0,0,0,0,3,1,-1,2,1,34,6,-1,3,4,NIU NQI,10,E01031822,0,1
2024010538739,2024,010538739,1,3,0,-1,-1,8,4,0,0,1,0,0,0,0,1,1,6,6,1,23,5,-1,3,2,NIU NQI,-1,-1,0,-1
2024010511251,2024,010511251,2,3,0,14,14,7,3,0,0,2,0,0,0,0,1,1,2,2,1,29,6,-1,-1,-1,NIU NQI,6,E01000631,0,1
2024010532097,2024,010532097,1,23,0,99,99,9,9,99,99,9,9,99,9,99,1,1,1,1,1,51,8,-1,3,3,NIU NQI,4,E01003485,0,3
2024010529234,2024,010529234,2,3,0,18,19,7,3,0,0,0,5,0,0,0,1,1,1,1,1,22,5,-1,3,4,NIU NQI,8,E01000574,0,1
2024010549262,2024,010549262,1,3,0,18,19,6,2,0,0,0,0,0,0,0,1,1,1,1,1,21,5,-1,3,4,NIU NQI,-1,-1,0,-1
2024111448623,2024,111448623,4,9,0,-1,19,7,3,-1,0,0,0,0,0,0,0,1,-1,1,1,30,6,1560,2,6,PEUGEOT 308,-1,-1,0,-1
2024991447277,2024,991447277,1,9,0,-1,19,2,6,-1,0,4,0,0,0,0,4,1,-1,8,1,33,6,1500,2,3,PEUGEOT 308,2,-1,0,1
2024302400752,2024,302400752,1,9,0,18,19,5,1,0,0,0,1,0,1,4,4,1,6,6,1,24,5,1598,1,6,PEUGEOT 308,10,E01019425,0,1
2024201503533,2024,201503533,2,9,0,-1,2,0,0,-1,9,0,0,0,0,0,4,1,-1,1,1,49,8,1499,2,2,PEUGEOT 308,1,E01009542,0,1
2024522401865,2024,522401865,1,9,0,18,19,7,4,0,0,8,0,0,0,0,4,1,6,6,1,60,9,1560,2,10,PEUGEOT 308,9,E01014796,0,1
2024430431161,2024,430431161,1,9,0,18,19,8,4,0,0,8,0,0,0,0,1,1,1,1,1,-1,-1,1499,2,0,PEUGEOT 308,-1,-1,0,-1
2024201453145,2024,201453145,2,9,0,-1,19,8,4,-1,0,0,0,0,0,0,3,1,-1,1,1,37,7,1500,2,3,PEUGEOT 308,7,E01009976,0,1
2024471529005,2024,471529005,4,9,0,-1,19,3,7,-1,0,0,0,0,0,0,2,1,-1,9,1,39,7,1200,1,5,PEUGEOT 308,8,E01021740,0,5
2024131425035,2024,131425035,2,9,0,-1,19,5,5,-1,0,8,0,0,0,0,0,1,-1,1,1,29,6,1500,2,2,PEUGEOT 308,1,E01011130,0,1
2024010513800,2024,010513800,2,9,9,99,99,9,9,99,99,9,9,99,9,99,9,9,6,6,3,-1,-1,1598,1,16,PEUGEOT 308,-1,-1,0,-1
2024201448302,2024,201448302,2,9,0,-1,2,0,0,-1,0,0,0,0,0,0,2,9,-1,6,1,36,7,1560,2,13,PEUGEOT 308,1,E01009889,0,1
2024010510307,2024,010510307,1,9,0,5,5,5,1,0,0,2,0,11,0,0,1,1,2,2,1,33,6,1598,1,15,PEUGEOT 308,3,E01034484,0,1
2024440294215,2024,440294215,2,9,0,4,4,1,5,0,0,0,0,0,0,0,2,1,6,6,1,53,8,1397,1,14,PEUGEOT 308,6,E01022669,0,1
2024430555215,2024,430555215,2,9,0,18,19,1,5,0,0,0,0,0,0,0,4,1,6,6,1,23,5,1560,2,10,PEUGEOT 308,8,E01028547,0,1
2024531530265,2024,531530265,2,9,0,-1,6,5,1,-1,0,0,0,0,0,0,3,1,-1,1,1,29,6,1500,2,3,PEUGEOT 308,10,E01034328,0,4
2024122400812,2024,122400812,1,9,0,9,9,3,1,0,0,8,0,0,0,0,1,1,6,6,1,32,6,1560,2,14,PEUGEOT 308,4,E01027843,0,1
2024351399280,2024,351399280,3,9,0,-1,19,1,5,-1,0,1,0,9,0,0,1,9,-1,6,1,44,7,1199,1,1,PEUGEOT 308,8,E01015682,0,2
2024991404579,2024,991404579,1,9,0,-1,13,7,3,-1,0,1,1,0,7,0,1,1,-1,8,2,33,6,1560,2,9,PEUGEOT 308,1,-1,0,1
2024610005324,2024,610005324,1,9,0,3,3,5,1,0,0,4,0,0,3,4,1,1,6,6,1,44,7,1560,2,8,PEUGEOT 308,8,W01001966,0,3
2024320198696,2024,320198696,1,9,0,-1,-1,4,8,0,0,2,0,0,0,0,1,1,-1,-1,2,55,8,1560,2,11,PEUGEOT 308,10,E01034703,0,2
2024501514308,2024,501514308,2,9,0,-1,19,5,1,-1,0,8,1,0,0,0,3,1,-1,9,2,48,8,1560,2,15,PEUGEOT 308,3,E01015167,0,1
2024101577291,2024,101577291,1,9,0,-1,5,1,1,-1,0,1,0,0,0,0,1,1,-1,1,2,24,5,1200,1,4,PEUGEOT 308,2,E01008298,0,2
2024111503236,2024,111503236,2,9,0,-1,19,4,1,-1,0,0,0,0,0,0,1,1,-1,6,1,35,6,1560,2,8,PEUGEOT 308,3,E01008809,0,4
202454D168724,2024,54D168724,1,9,0,9,9,2,8,0,0,6,0,0,0,0,1,1,6,6,1,82,11,1560,2,11,PEUGEOT 308,9,E01032102,0,1
2024061449400,2024,061449400,1,9,0,-1,6,1,5,-1,0,0,0,0,0,0,3,1,-1,1,2,30,6,1200,1,6,PEUGEOT 308,1,E01005638,0,3
2024141448113,2024,141448113,2,9,0,-1,13,1,5,-1,0,1,0,0,0,0,1,9,-1,1,1,29,6,1500,2,2,PEUGEOT 308,3,E01007761,0,1
2024371547359,2024,371547359,1,9,0,-1,19,7,4,-1,0,1,0,0,0,0,4,1,-1,1,1,27,6,1499,2,1,PEUGEOT 308,2,E01030031,0,1
2024201517435,2024,201517435,2,9,0,-1,13,3,7,-1,0,1,0,0,0,0,1,1,-1,8,1,40,7,1499,2,1,PEUGEOT 308,9,E01010192,0,2
2024411517717,2024,411517717,2,9,0,-1,2,0,0,-1,9,0,0,0,0,0,1,1,-1,1,1,27,6,1500,2,2,PEUGEOT 308,-1,-1,0,-1
2024201442137,2024,201442137,2,9,0,-1,19,8,4,-1,0,2,0,0,0,0,2,1,-1,1,1,45,7,1499,2,1,PEUGEOT 308,4,E01034744,0,1
2024320455280,2024,320455280,3,9,0,-1,-1,8,4,0,0,0,0,0,0,0,0,1,-1,-1,1,45,7,1499,2,0,PEUGEOT 308,-1,-1,0,-1
202417M104124,2024,17M104124,1,9,0,18,19,6,7,0,0,2,0,0,0,0,1,1,6,6,1,-1,-1,1560,2,9,PEUGEOT 308,-1,-1,0,-1
2024141499431,2024,141499431,1,9,0,-1,19,3,3,-1,0,0,0,0,0,0,1,1,-1,9,2,43,7,1498,2,4,PEUGEOT 308,4,E01007587,0,2
2024161511527,2024,161511527,1,9,0,-1,7,1,8,-1,0,8,0,0,0,0,4,1,-1,2,1,46,8,1560,2,8,PEUGEOT 308,3,E01013231,0,1
2024131447273,2024,131447273,3,9,0,-1,4,5,1,-1,0,1,0,0,0,0,1,1,-1,6,-1,-1,-1,1498,2,3,PEUGEOT 308,-1,-1,0,-1
2024231398428,2024,231398428,2,9,0,-1,2,0,0,-1,0,1,0,0,1,0,2,9,-1,2,1,63,9,1598,1,13,PEUGEOT 308,4,E01009625,0,1
2024061462835,2024,061462835,2,9,0,-1,19,1,5,-1,0,0,0,0,0,0,1,1,-1,1,1,29,6,1200,1,3,PEUGEOT 308,-1,-1,0,-1
2024411465991,2024,411465991,1,9,0,-1,19,3,7,-1,0,1,0,0,0,0,1,1,-1,6,2,62,9,1560,2,11,PEUGEOT 308,6,E01023952,0,1
2024401466324,2024,401466324,1,9,0,-1,15,1,5,-1,0,0,0,0,0,0,0,1,-1,1,1,23,5,1499,2,1,PEUGEOT 308,-1,-1,0,-1
2024302401774,2024,302401774,1,9,0,-1,19,7,3,-1,0,1,0,0,0,0,1,1,-1,6,2,41,7,1598,1,15,PEUGEOT 308,8,E01019722,0,1
2024010524709,2024,010524709,2,9,0,18,19,1,5,0,0,0,0,0,0,0,3,1,6,6,1,48,8,1200,1,8,PEUGEOT 308,4,E01004453,0,3
2024411473339,2024,411473339,2,9,0,-1,4,5,2,-1,0,0,0,0,0,0,0,1,-1,1,2,23,5,1500,2,3,PEUGEOT 308,-1,-1,0,-1
2024010502242,2024,010502242,2,9,0,5,5,5,1,0,0,5,0,0,0,0,1,1,6,6,1,37,7,1200,1,6,PEUGEOT 308,4,E01000915,0,2
2024332400129,2024,332400129,1,9,0,-1,3,5,1,-1,0,0,0,0,0,0,2,1,-1,2,1,54,8,1199,1,2,PEUGEOT 308,9,E01019447,0,4
2024421479840,2024,421479840,2,9,0,-1,2,0,0,-1,0,0,0,4,0,0,3,1,-1,6,-1,-1,-1,1997,2,12,PEUGEOT 308,-1,-1,0,-1
2024552400144,2024,552400144,1,9,0,1,1,8,4,0,0,0,0,0,0,0,2,1,3,7,2,53,8,1997,2,13,PEUGEOT 308,10,E01023243,0,4
2024311426950,2024,311426950,2,9,0,-1,9,5,3,-1,0,6,0,0,0,0,3,1,-1,6,1,59,9,1200,1,5,PEUGEOT 308,4,E01028130,0,1
2024332400642,2024,332400642,1,9,0,-1,19,7,3,-1,0,8,0,0,0,0,1,1,-1,6,1,30,6,1560,2,10,PEUGEOT 308,6,E01035103,0,2
2024531510272,2024,531510272,3,9,0,-1,2,0,0,-1,0,0,0,0,0,0,1,1,-1,7,2,28,6,1200,1,8,PEUGEOT 308,9,E01034814,0,1
2024421418547,2024,421418547,1,9,0,-1,3,1,5,-1,0,1,0,0,0,0,0,1,-1,1,1,26,6,1500,2,2,PEUGEOT 308,1,E01021998,0,1
2024991487346,2024,991487346,1,9,0,-1,9,5,2,-1,0,6,0,0,0,0,1,1,-1,1,1,23,5,1498,2,4,PEUGEOT 308,7,-1,0,1
2024471473227,2024,471473227,1,9,0,-1,19,7,3,-1,0,0,0,0,0,0,3,1,-1,9,1,43,7,1560,2,13,PEUGEOT 308,3,E01031562,0,1
2024131521324,2024,131521324,2,9,0,-1,19,7,3,-1,0,8,0,0,0,0,1,1,-1,2,1,28,6,1200,1,6,PEUGEOT 308,1,E01011429,0,1
2024131534905,2024,131534905,4,9,0,-1,19,6,2,-1,0,1,0,0,0,0,0,1,-1,1,1,29,6,1499,2,1,PEUGEOT 308,1,E01011366,0,2
2024061527966,2024,061527966,1,9,0,-1,5,5,1,-1,0,8,0,0,0,0,1,1,-1,1,1,23,5,1199,1,1,PEUGEOT 308,1,E01005484,0,1
2024421478175,2024,421478175,1,9,0,-1,1,1,5,-1,0,0,0,0,0,0,2,1,-1,1,1,27,6,1500,2,3,PEUGEOT 308,1,E01034095,0,1
2024061403601,2024,061403601,4,9,0,-1,19,1,5,-1,0,0,0,0,0,0,0,1,-1,8,1,36,7,1200,1,3,PEUGEOT 308,1,E01004927,0,1
2024501399041,2024,501399041,1,9,0,-1,19,3,6,-1,0,8,0,0,0,0,1,1,-1,2,2,41,7,1560,2,10,PEUGEOT 308,5,E01034847,0,1
2024421465566,2024,421465566,2,9,0,-1,5,1,5,-1,9,0,0,0,0,0,1,1,-1,1,1,22,5,1499,2,0,PEUGEOT 308,-1,-1,0,-1
2024461420872,2024,461420872,8,9,0,-1,19,3,7,-1,0,0,0,0,0,0,0,1,-1,8,1,30,6,1500,2,3,PEUGEOT 308,9,E01024044,0,1
2024361437730,2024,361437730,1,9,0,-1,19,5,1,-1,0,0,0,4,0,0,1,1,-1,6,1,80,11,1560,2,14,PEUGEOT 308,5,E01026729,0,1
2024361455913,2024,361455913,2,9,0,-1,4,5,1,-1,0,0,0,0,0,0,2,1,-1,6,2,31,6,1997,2,14,PEUGEOT 308,6,E01026533,0,1
2024010550975,2024,010550975,1,9,0,18,19,7,3,0,0,0,0,0,0,0,3,2,6,6,1,25,5,1200,1,6,PEUGEOT 308,7,E01002981,0,1
2024061524700,2024,061524700,1,9,0,-1,19,7,4,-1,0,1,0,0,0,0,1,1,-1,1,2,38,7,1560,2,12,PEUGEOT 308,2,E01005392,0,1
2024211405645,2024,211405645,2,9,0,-1,19,8,3,-1,9,0,0,0,0,0,1,9,-1,6,1,36,7,1598,1,16,PEUGEOT 308,5,E01029852,0,1
2024052401141,2024,052401141,1,9,0,18,19,5,1,0,0,1,0,0,0,0,1,1,6,6,1,46,8,1560,2,9,PEUGEOT 308,5,E01006268,0,2
2024451513676,2024,451513676,2,9,0,-1,9,3,1,-1,0,8,0,0,0,0,1,1,-1,9,1,27,6,1598,1,13,PEUGEOT 308,10,E01030375,0,1
2024131502372,2024,131502372,1,9,0,-1,19,1,5,-1,0,0,5,0,0,0,1,1,-1,1,1,27,6,1560,2,10,PEUGEOT 308,3,E01011323,0,4
2024991409373,2024,991409373,3,9,0,-1,3,2,6,-1,0,0,0,0,0,0,2,1,-1,9,1,56,9,1560,2,9,PEUGEOT 308,2,-1,0,1
2024201478257,2024,201478257,4,9,0,-1,19,8,6,-1,0,8,0,0,0,0,0,9,-1,1,1,52,8,1499,2,1,PEUGEOT 308,-1,-1,0,-1
2024631509961,2024,631509961,2,9,0,-1,9,4,1,-1,0,5,0,0,0,0,3,1,-1,9,2,53,8,1200,1,8,PEUGEOT 308,6,W01000598,0,2
2024501475361,2024,501475361,3,9,0,-1,2,0,0,-1,0,0,0,0,0,0,1,1,-1,6,-1,-1,-1,1560,2,9,PEUGEOT 308,-1,-1,0,-1
2024501477041,2024,501477041,1,9,0,-1,4,3,7,-1,0,1,0,0,0,0,4,1,-1,6,2,45,7,1560,2,13,PEUGEOT 308,5,E01018885,0,1
2024461416061,2024,461416061,1,9,0,-1,13,4,8,-1,0,0,0,0,7,0,1,1,-1,8,1,29,6,1500,2,3,PEUGEOT 308,-1,-1,0,-1
2024010543924,2024,010543924,2,9,0,18,19,7,3,0,0,1,0,0,0,0,4,1,6,6,1,35,6,1200,1,9,PEUGEOT 308,4,E01015993,0,3