collision_index,collision_year,collision_ref_no,vehicle_reference,vehicle_type,towing_and_articulation,vehicle_manoeuvre_historic,vehicle_manoeuvre,vehicle_direction_from,vehicle_direction_to,vehicle_location_restricted_lane_historic,vehicle_location_restricted_lane,junction_location,skidding_and_overturning,hit_object_in_carriageway,vehicle_leaving_carriageway,hit_object_off_carriageway,first_point_of_impact,vehicle_left_hand_drive,journey_purpose_of_driver_historic,journey_purpose_of_driver,sex_of_driver,age_of_driver,age_band_of_driver,engine_capacity_cc,propulsion_code,age_of_vehicle,generic_make_model,driver_imd_decile,lsoa_of_driver,escooter_flag,driver_distance_banding
2024461438929,2024,461438929,2,9,0,-1,19,1,2,-1,0,8,0,0,0,0,1,1,-1,2,2,22,5,1500,2,6,PEUGEOT 308,8,E01016101,0,1
2024302401762,2024,302401762,1,9,0,-1,19,7,3,-1,0,8,0,0,0,0,1,1,-1,8,2,-1,-1,1498,2,5,PEUGEOT 308,5,E01033387,0,1
2024141454012,2024,141454012,1,9,0,-1,19,1,1,-1,0,1,0,0,0,0,3,1,-1,1,2,22,5,1560,2,8,PEUGEOT 308,5,E01008139,0,3
2024101533285,2024,101533285,1,9,0,-1,7,2,4,-1,0,8,0,0,0,0,1,1,-1,6,2,61,9,1598,1,12,PEUGEOT 308,4,E01008711,0,1
2024991407966,2024,991407966,2,9,0,-1,5,8,4,-1,0,0,0,0,0,0,2,2,-1,2,1,21,5,1598,1,5,PEUGEOT 308,6,-1,0,3
2024010501327,2024,010501327,2,9,0,99,99,9,9,99,99,6,9,99,9,99,9,9,6,6,3,-1,-1,1598,1,13,PEUGEOT 308,-1,-1,0,-1
2024552401087,2024,552401087,3,8,0,18,19,8,4,0,0,0,0,0,0,0,1,1,2,2,1,40,7,1200,1,5,PEUGEOT 308,6,E01029178,0,4
2024361460041,2024,361460041,1,9,0,-1,19,1,5,-1,0,8,1,0,0,0,4,1,-1,9,1,83,11,1200,1,9,PEUGEOT 308,10,E01026815,0,3
2024361536289,2024,361536289,1,9,0,-1,13,6,2,-1,0,8,0,0,7,11,1,1,-1,8,1,25,5,1500,2,3,PEUGEOT 308,3,E01026426,0,1
2024101449034,2024,101449034,1,9,0,-1,19,5,1,-1,0,0,0,0,0,0,1,1,-1,1,2,-1,-1,1200,1,3,PEUGEOT 308,1,E01034514,0,1
2024421411985,2024,421411985,1,9,0,-1,19,6,1,-1,0,4,0,0,3,10,1,1,-1,2,1,37,7,1598,1,14,PEUGEOT 308,10,E01021673,0,1
2024302400548,2024,302400548,1,9,0,9,9,3,1,0,0,6,0,0,0,0,3,1,6,6,2,43,7,1598,1,15,PEUGEOT 308,2,E01019777,0,1
2024440198443,2024,440198443,1,9,0,13,13,6,2,0,0,1,0,0,7,4,1,1,6,6,1,37,7,1500,2,5,PEUGEOT 308,5,E01023285,0,3
2024010513856,2024,010513856,1,9,0,1,1,5,1,0,0,1,0,0,0,0,2,2,6,6,1,58,9,1598,1,15,PEUGEOT 308,7,E01003396,0,1
2024631518429,2024,631518429,3,9,0,-1,2,0,0,-1,0,0,0,0,0,0,2,1,-1,6,-1,-1,-1,1560,2,10,PEUGEOT 308,-1,-1,0,-1
2024461399762,2024,461399762,1,9,0,-1,9,2,6,-1,0,1,0,0,0,0,1,9,-1,6,1,22,5,1200,1,6,PEUGEOT 308,6,E01023977,0,1
2024411448925,2024,411448925,2,9,0,-1,19,7,3,-1,0,1,0,0,0,0,4,1,-1,1,1,31,6,1500,2,3,PEUGEOT 308,5,E01023755,0,2
2024411499537,2024,411499537,2,9,0,-1,19,4,8,-1,0,2,0,0,0,0,1,1,-1,9,1,28,6,1499,2,1,PEUGEOT 308,9,E01035597,0,3
2024451471854,2024,451471854,1,9,0,-1,19,7,3,-1,0,0,0,0,0,0,1,1,-1,6,1,27,6,1560,2,14,PEUGEOT 308,7,E01027010,0,5
2024131470943,2024,131470943,1,9,0,-1,9,4,8,-1,0,2,0,0,0,0,1,1,-1,1,1,50,8,1560,2,6,PEUGEOT 308,1,E01011366,0,1
2024451410879,2024,451410879,2,9,0,-1,9,1,3,-1,1,8,0,0,0,0,1,1,-1,1,1,23,5,1499,2,1,PEUGEOT 308,2,E01003128,0,3
2024010538661,2024,010538661,1,9,0,18,19,5,1,0,0,1,0,0,0,0,1,1,6,6,2,56,9,1598,1,14,PEUGEOT 308,4,E01000464,0,1
202417M106624,2024,17M106624,2,9,0,-1,9,6,4,-1,0,8,0,0,0,0,1,1,-1,1,1,-1,-1,1500,2,2,PEUGEOT 308,-1,-1,0,-1
2024161498780,2024,161498780,5,9,0,-1,19,4,8,-1,0,0,0,0,0,0,0,1,-1,1,2,-1,-1,1500,2,2,PEUGEOT 308,1,E01013221,0,2
2024031459060,2024,031459060,1,9,0,-1,19,5,1,-1,0,0,0,0,0,0,1,1,-1,9,1,49,8,1560,2,8,PEUGEOT 308,2,-1,0,5
2024610023924,2024,610023924,1,9,0,9,9,8,5,0,0,8,0,0,0,0,4,1,6,6,1,58,9,1560,2,15,PEUGEOT 308,3,W01001388,0,2
2024010506600,2024,010506600,2,9,9,99,99,9,9,99,99,9,9,0,0,0,1,9,6,6,1,53,8,1200,1,9,PEUGEOT 308,-1,-1,0,-1
2024461498182,2024,461498182,1,9,0,-1,10,3,5,-1,0,1,0,0,0,0,1,1,-1,9,1,63,9,1500,2,5,PEUGEOT 308,4,E01024665,0,1
2024052402010,2024,052402010,2,9,0,18,19,6,1,0,0,8,0,0,0,0,2,1,6,6,2,57,9,1199,1,0,PEUGEOT 308,4,E01006997,0,1
2024201530640,2024,201530640,1,9,0,-1,19,4,8,-1,0,4,0,0,0,0,1,1,-1,6,3,40,7,1560,2,12,PEUGEOT 308,-1,-1,0,-1
2024501483461,2024,501483461,2,9,0,-1,19,1,5,-1,0,0,0,0,0,0,3,1,-1,9,1,31,6,1200,1,5,PEUGEOT 308,1,E01015058,0,1
2024061429650,2024,061429650,2,9,0,-1,2,0,0,-1,0,1,1,0,0,0,2,1,-1,6,2,50,8,1200,1,7,PEUGEOT 308,-1,-1,0,-1
2024111518076,2024,111518076,1,9,0,-1,19,4,6,-1,0,0,0,0,0,0,1,1,-1,6,1,30,6,1560,2,17,PEUGEOT 308,3,E01034509,0,1
2024451425186,2024,451425186,1,9,0,-1,19,3,7,-1,0,0,0,0,0,0,1,1,-1,2,1,28,6,1598,1,17,PEUGEOT 308,9,E01030696,0,1
2024131427725,2024,131427725,2,9,0,-1,19,1,5,-1,0,0,0,0,0,0,1,1,-1,1,1,29,6,1498,2,4,PEUGEOT 308,6,E01011396,0,3
2024201482246,2024,201482246,1,9,0,-1,19,5,8,-1,0,6,0,0,0,0,0,1,-1,1,1,54,8,1499,2,1,PEUGEOT 308,-1,-1,0,-1
2024622400799,2024,622400799,1,9,0,4,4,7,3,0,0,0,0,0,0,0,1,1,6,6,1,26,6,1997,2,7,PEUGEOT 308,6,W01000671,0,4
2024991459577,2024,991459577,4,9,0,-1,3,7,3,-1,0,0,0,0,0,0,4,9,-1,6,1,39,7,1598,8,1,PEUGEOT 308,-1,-1,0,-1
2024010533292,2024,010533292,2,9,0,99,99,9,9,99,99,9,9,99,9,99,1,9,6,6,3,-1,-1,1598,1,15,PEUGEOT 308,-1,-1,0,-1
2024141461103,2024,141461103,2,9,0,-1,1,1,5,-1,9,0,0,0,0,0,1,1,-1,1,1,53,8,1500,2,2,PEUGEOT 308,2,E01007336,0,1
2024501494008,2024,501494008,1,9,0,-1,19,2,6,-1,0,0,0,0,0,0,1,1,-1,2,2,19,4,1598,1,12,PEUGEOT 308,3,E01015228,0,1
2024552400155,2024,552400155,2,9,0,4,4,1,5,0,0,0,0,0,0,0,3,1,1,1,1,33,6,1199,1,1,PEUGEOT 308,6,E01034282,0,1
2024520402302,2024,520402302,1,9,0,4,4,2,6,0,0,0,0,0,0,0,1,1,6,6,1,32,6,1598,1,6,PEUGEOT 308,10,E01032055,0,4
2024302401624,2024,302401624,1,9,0,9,9,4,2,0,0,8,0,0,0,0,3,1,6,6,1,41,7,1560,2,16,PEUGEOT 308,4,E01019516,0,1
2024451522965,2024,451522965,2,9,0,-1,9,7,5,-1,0,6,0,0,0,0,1,1,-1,6,1,47,8,1560,2,13,PEUGEOT 308,7,E01030429,0,1
2024111450102,2024,111450102,2,9,0,-1,19,1,1,-1,0,0,5,0,0,0,2,1,-1,9,2,26,6,1560,2,11,PEUGEOT 308,-1,-1,0,-1
2024411538987,2024,411538987,1,9,0,-1,19,4,8,-1,0,1,0,0,0,0,0,1,-1,1,1,34,6,1499,2,1,PEUGEOT 308,9,E01017576,0,4
2024161480770,2024,161480770,2,9,0,-1,5,7,3,-1,0,0,0,0,0,0,2,1,-1,9,1,34,6,1560,2,9,PEUGEOT 308,-1,-1,0,-1
2024041444144,2024,041444144,2,9,0,-1,19,5,1,-1,0,0,0,0,0,0,4,1,-1,6,2,41,7,1499,2,2,PEUGEOT 308,6,E01025027,0,1
2024122400278,2024,122400278,1,9,0,13,13,8,4,0,0,1,0,0,7,10,1,1,1,1,1,21,5,1498,2,5,PEUGEOT 308,8,E01011555,0,4
2024461479136,2024,461479136,1,9,0,-1,19,5,1,-1,0,0,0,0,0,0,1,9,-1,6,1,86,11,1560,2,11,PEUGEOT 308,8,E01024762,0,3
2024522401520,2024,522401520,2,9,0,18,19,7,3,0,0,8,0,0,0,0,1,1,6,6,1,44,7,1200,1,9,PEUGEOT 308,5,E01032516,0,3
2024131463697,2024,131463697,1,9,0,-1,9,3,1,-1,0,1,0,0,0,0,4,1,-1,9,1,20,4,1200,1,6,PEUGEOT 308,2,E01010779,0,2
2024361463197,2024,361463197,1,9,0,-1,19,7,3,-1,0,1,0,0,0,0,4,1,-1,8,1,28,6,1499,2,1,PEUGEOT 308,4,E01026747,0,3
2024141456072,2024,141456072,2,9,0,-1,9,7,5,-1,0,1,0,0,0,0,3,1,-1,9,1,54,8,1560,2,9,PEUGEOT 308,7,E01007818,0,2
2024311512785,2024,311512785,1,9,0,-1,9,6,2,-1,0,0,0,0,7,0,1,1,-1,2,1,-1,-1,1500,2,6,PEUGEOT 308,7,E01034464,0,5
2024311462476,2024,311462476,2,9,0,-1,20,6,5,-1,9,0,0,0,0,0,1,1,-1,6,2,65,9,1200,1,4,PEUGEOT 308,1,E01013833,0,1
2024430204026,2024,430204026,1,9,0,9,9,6,8,0,0,5,0,0,0,0,0,1,1,1,1,30,6,1499,1,1,PEUGEOT 308,9,E01017637,0,1
2024991413578,2024,991413578,1,9,0,-1,19,1,5,-1,0,0,0,12,0,0,1,1,-1,1,1,48,8,1560,2,6,PEUGEOT 308,4,-1,0,4
2024401449344,2024,401449344,2,9,0,-1,19,5,7,-1,0,0,0,0,0,0,1,1,-1,1,2,46,8,1499,2,1,PEUGEOT 308,2,E01033804,0,1
2024161462624,2024,161462624,2,9,0,-1,19,3,7,-1,0,0,0,0,0,0,0,1,-1,1,1,36,7,1500,2,2,PEUGEOT 308,8,E01012962,0,4
2024101396161,2024,101396161,3,9,0,-1,4,7,3,-1,0,1,0,0,0,0,3,1,-1,6,1,54,8,1560,2,10,PEUGEOT 308,2,E01008341,0,1
2024461525727,2024,461525727,1,9,0,-1,5,1,2,-1,0,2,0,0,0,0,1,1,-1,1,2,23,5,1500,2,3,PEUGEOT 308,5,E01035292,0,1
2024461398568,2024,461398568,1,9,0,-1,19,1,5,-1,0,0,0,0,0,0,1,9,-1,6,1,57,9,1560,2,16,PEUGEOT 308,8,E01024351,0,1
2024010546628,2024,010546628,2,9,0,99,99,9,9,99,99,0,9,99,9,99,1,9,6,6,2,-1,-1,1200,1,9,PEUGEOT 308,3,E01004169,0,2
2024461485442,2024,461485442,1,9,0,-1,15,3,7,-1,0,0,0,0,0,0,1,1,-1,6,1,66,10,1598,1,14,PEUGEOT 308,2,E01024246,0,1
2024351445855,2024,351445855,2,9,0,-1,19,4,7,-1,0,3,0,0,0,0,1,1,-1,1,2,36,7,1500,2,3,PEUGEOT 308,8,E01015689,0,1
2024991404937,2024,991404937,1,9,0,-1,19,8,4,-1,0,0,1,0,0,0,1,1,-1,2,1,29,6,1200,1,6,PEUGEOT 308,5,-1,0,1
2024991439800,2024,991439800,2,9,0,-1,10,1,7,-1,0,1,0,0,1,11,3,1,-1,1,1,34,6,1499,2,1,PEUGEOT 308,4,-1,0,1
2024141505640,2024,141505640,1,9,0,-1,19,1,5,-1,0,2,0,0,0,0,1,1,-1,2,2,58,9,1199,1,1,PEUGEOT 308,5,E01007505,0,1
2024461439261,2024,461439261,3,9,0,-1,2,0,0,-1,0,0,0,0,0,0,1,1,-1,6,1,39,7,1560,2,14,PEUGEOT 308,5,E01024207,0,1
2024201531583,2024,201531583,1,9,0,-1,19,2,6,-1,0,0,1,0,0,0,2,1,-1,6,2,40,7,1560,2,9,PEUGEOT 308,6,E01009207,0,1
2024201479780,2024,201479780,1,9,0,-1,19,2,6,-1,0,1,0,0,0,0,0,9,-1,6,1,31,6,1499,2,1,PEUGEOT 308,1,E01009746,0,1
2024131534789,2024,131534789,2,9,0,-1,19,3,7,-1,0,1,0,0,0,0,0,1,-1,1,1,25,5,1500,2,2,PEUGEOT 308,1,E01011130,0,1
2024320130881,2024,320130881,1,9,0,13,13,2,6,0,0,0,1,0,1,9,1,1,6,6,1,36,7,1560,2,7,PEUGEOT 308,9,E01034698,0,3
2024041532442,2024,041532442,1,9,0,-1,19,1,5,-1,0,0,0,0,0,0,1,1,-1,6,1,77,11,1560,2,15,PEUGEOT 308,-1,-1,0,-1
2024041521167,2024,041521167,1,9,0,-1,19,5,1,-1,0,0,0,0,0,0,1,1,-1,9,2,78,11,1560,2,11,PEUGEOT 308,4,E01012701,0,1
2024221441149,2024,221441149,2,9,0,-1,2,0,0,-1,0,0,0,0,0,0,2,9,-1,6,-1,45,7,1200,1,7,PEUGEOT 308,-1,-1,0,-1
2024131467077,2024,131467077,1,9,0,-1,13,7,3,-1,0,0,1,0,0,0,1,1,-1,6,3,18,4,1997,2,8,PEUGEOT 308,-1,-1,0,-1
2024141432414,2024,141432414,1,9,0,-1,13,1,5,-1,0,1,0,0,7,2,1,2,-1,1,1,28,6,1499,2,1,PEUGEOT 308,4,E01007746,0,2
2024201532611,2024,201532611,1,9,0,-1,4,4,8,-1,0,8,0,0,0,0,1,1,-1,1,2,29,6,1499,2,1,PEUGEOT 308,3,E01031064,0,2
2024371434627,2024,371434627,2,9,0,-1,10,4,7,-1,0,1,0,0,0,0,2,1,-1,1,2,35,6,1397,1,12,PEUGEOT 308,9,E01026537,0,4
2024991471259,2024,991471259,3,9,0,-1,19,7,2,-1,0,0,0,0,0,0,0,1,-1,8,2,33,6,1500,2,3,PEUGEOT 308,8,-1,0,4
2024131469435,2024,131469435,1,9,0,-1,12,1,7,-1,0,2,0,0,0,0,4,1,-1,1,1,46,8,1500,2,5,PEUGEOT 308,1,E01011001,0,1
2024991425542,2024,991425542,3,9,0,-1,19,7,3,-1,0,0,0,0,0,0,1,1,-1,9,1,23,5,1560,2,8,PEUGEOT 308,4,-1,0,4
2024421498477,2024,421498477,2,9,0,-1,5,-1,-1,-1,9,0,0,0,0,0,1,1,-1,2,2,47,8,1560,2,16,PEUGEOT 308,7,E01021966,0,1
2024061396973,2024,061396973,3,9,0,-1,19,1,1,-1,0,1,0,0,0,0,0,1,-1,8,1,24,5,1200,1,3,PEUGEOT 308,1,E01005202,0,1
2024070057385,2024,070057385,3,9,0,18,19,3,7,0,0,0,0,0,0,0,1,1,6,6,2,38,7,1560,2,16,PEUGEOT 308,2,E01006428,0,1
2024440454466,2024,440454466,2,9,0,18,19,6,2,0,0,8,0,0,0,0,1,1,6,6,2,35,6,1199,1,0,PEUGEOT 308,5,E01017159,0,1
2024501400342,2024,501400342,2,9,0,-1,19,3,7,-1,0,8,0,0,0,0,4,1,-1,6,1,78,11,1200,1,10,PEUGEOT 308,5,E01015070,0,1
2024201521576,2024,201521576,1,9,0,-1,19,5,1,-1,0,0,0,0,0,0,3,9,-1,9,1,-1,-1,1499,2,1,PEUGEOT 308,-1,-1,0,-1
2024070829758,2024,070829758,1,9,0,-1,5,5,6,-1,0,8,0,0,0,0,1,1,-1,9,2,33,6,1560,2,8,PEUGEOT 308,2,E01012535,0,1
2024461518442,2024,461518442,1,9,0,-1,11,1,3,-1,0,0,1,0,0,0,3,1,-1,6,2,47,8,1200,1,8,PEUGEOT 308,6,E01016080,0,1
2024471456395,2024,471456395,2,9,0,-1,19,2,6,-1,0,0,1,0,0,0,1,1,-1,9,1,22,5,1200,1,10,PEUGEOT 308,10,E01031695,0,3
2024461517464,2024,461517464,1,9,0,-1,13,4,8,-1,0,0,0,0,0,0,1,1,-1,6,1,38,7,1560,2,15,PEUGEOT 308,6,E01024589,0,1
2024531529442,2024,531529442,2,9,0,-1,19,7,3,-1,0,1,0,0,0,0,1,1,-1,6,1,64,9,1560,2,12,PEUGEOT 308,8,E01022275,0,1
2024991493913,2024,991493913,1,9,0,-1,7,7,1,-1,0,1,0,0,0,0,3,2,-1,6,2,62,9,1200,1,8,PEUGEOT 308,3,-1,0,2
2024461518008,2024,461518008,1,9,0,-1,19,5,4,-1,0,0,1,0,8,0,3,1,-1,9,1,19,4,1397,1,16,PEUGEOT 308,6,E01024173,0,1
2024221442524,2024,221442524,1,9,0,-1,6,2,2,-1,0,1,0,0,0,0,3,1,-1,6,1,60,9,1200,1,6,PEUGEOT 308,2,E01010479,0,4
2024111465662,2024,111465662,2,9,0,-1,19,7,3,-1,0,0,0,0,0,0,2,1,-1,6,2,56,9,1560,2,12,PEUGEOT 308,10,E01012347,0,1
2024430445976,2024,430445976,2,9,0,18,19,4,8,0,0,0,2,0,0,0,1,1,6,6,2,67,10,1199,1,2,PEUGEOT 308,10,E01016194,0,1
2024531422254,2024,531422254,1,9,0,-1,5,3,7,-1,0,1,0,0,0,0,1,1,-1,9,2,44,7,1200,1,7,PEUGEOT 308,8,E01022356,0,4
2024141459211,2024,141459211,1,9,0,-1,19,8,5,-1,0,0,0,0,1,11,1,1,-1,9,1,20,4,1560,2,9,PEUGEOT 308,2,E01008112,0,2
2024201477921,2024,201477921,2,9,0,-1,19,4,8,-1,0,8,0,0,0,0,3,9,-1,1,2,29,6,1500,2,3,PEUGEOT 308,9,E01010171,0,2
2024231404147,2024,231404147,1,9,0,-1,19,2,5,-1,0,8,0,0,0,0,1,1,-1,6,2,56,9,1997,2,8,PEUGEOT 308,3,E01031177,0,1
2024052401885,2024,052401885,1,9,0,18,19,8,4,0,0,8,2,0,7,11,1,1,1,1,2,-1,-1,1560,2,6,PEUGEOT 308,-1,-1,0,-1
2024141455961,2024,141455961,1,9,0,-1,19,5,1,-1,0,0,1,0,0,0,1,1,-1,1,1,41,7,1560,2,11,PEUGEOT 308,2,E01007514,0,2
2024461488514,2024,461488514,1,9,0,-1,19,5,2,-1,0,0,1,0,1,6,1,1,-1,1,1,32,6,1500,2,2,PEUGEOT 308,1,E01035316,0,4
2024211396109,2024,211396109,1,9,0,-1,1,7,3,-1,0,0,0,0,0,0,2,1,-1,1,1,22,5,1500,2,3,PEUGEOT 308,5,E01029627,0,2
2024131472643,2024,131472643,2,9,0,-1,2,0,0,-1,0,8,0,0,0,0,2,1,-1,6,-1,-1,-1,1560,2,9,PEUGEOT 308,-1,-1,0,-1
2024991475877,2024,991475877,1,9,0,-1,19,4,8,-1,0,5,0,0,0,0,3,1,-1,6,2,36,7,1560,2,12,PEUGEOT 308,1,-1,0,4
2024991439441,2024,991439441,2,9,0,-1,19,3,7,-1,0,8,0,0,0,0,4,1,-1,6,2,31,6,1199,1,1,PEUGEOT 308,1,-1,0,4
2024122400737,2024,122400737,1,9,0,18,19,1,5,0,0,2,0,0,7,11,1,1,6,6,1,80,11,1200,1,4,PEUGEOT 308,8,E01027677,0,1
2024221499023,2024,221499023,2,9,0,-1,19,1,5,-1,0,8,0,0,0,0,1,1,-1,9,1,86,11,1200,1,7,PEUGEOT 308,2,E01014151,0,3
2024302500215,2024,302500215,1,9,0,-1,19,3,7,-1,0,8,0,0,0,0,3,1,-1,1,1,-1,-1,1499,2,1,PEUGEOT 308,5,E01033387,0,1
2024070656895,2024,070656895,1,9,0,18,19,3,7,9,9,2,0,0,3,11,1,1,6,6,1,46,8,1598,1,6,PEUGEOT 308,4,E01018512,0,2
2024531409514,2024,531409514,1,9,0,-1,19,5,1,-1,0,4,0,0,0,0,1,1,-1,9,2,59,9,1560,2,15,PEUGEOT 308,5,E01022361,0,1
2024221430787,2024,221430787,2,9,0,-1,2,0,0,-1,0,0,0,0,0,0,4,9,-1,6,1,59,9,1560,2,12,PEUGEOT 308,7,E01010209,0,3
2024461441237,2024,461441237,1,9,0,-1,19,1,5,-1,0,0,0,0,0,0,4,1,-1,1,-1,27,6,1500,2,3,PEUGEOT 308,5,E01016130,0,1
2024201483976,2024,201483976,2,9,0,-1,2,1,5,-1,0,2,0,0,0,0,1,1,-1,8,1,28,6,1500,2,3,PEUGEOT 308,1,E01010292,0,1
2024201484049,2024,201484049,1,9,0,-1,3,4,8,-1,0,0,0,0,0,0,1,1,-1,9,2,31,6,1200,1,7,PEUGEOT 308,1,E01009507,0,1
2024471468981,2024,471468981,2,9,0,-1,7,5,7,-1,0,5,0,0,0,0,4,1,-1,6,2,42,7,1500,2,6,PEUGEOT 308,5,E01031806,0,3
2024031478547,2024,031478547,1,9,0,-1,19,1,5,-1,9,0,0,0,0,0,1,1,-1,9,1,84,11,1560,2,12,PEUGEOT 308,6,E01019335,0,2
2024201486647,2024,201486647,1,9,0,-1,19,2,8,-1,0,8,0,0,0,0,1,9,-1,6,1,24,5,1560,2,10,PEUGEOT 308,1,E01009051,0,2
2024122401043,2024,122401043,1,9,0,9,9,2,7,0,0,8,0,0,0,0,1,1,6,6,1,51,8,1560,2,11,PEUGEOT 308,9,E01013123,0,4
2024201442971,2024,201442971,3,9,0,-1,19,6,6,-1,0,1,0,0,0,0,0,1,-1,1,1,33,6,1499,2,1,PEUGEOT 308,2,E01034313,0,1
2024471448759,2024,471448759,1,9,0,-1,6,1,5,-1,0,0,0,0,0,0,4,1,-1,9,2,40,7,1560,2,8,PEUGEOT 308,7,E01031493,0,1
2024201413503,2024,201413503,2,9,0,-1,19,3,7,-1,0,8,0,4,1,10,1,9,-1,1,1,30,6,1500,2,3,PEUGEOT 308,2,E01009509,0,2
2024201469240,2024,201469240,1,9,0,-1,2,0,0,-1,0,1,0,0,0,0,2,9,-1,7,1,-1,-1,1560,2,16,PEUGEOT 308,-1,-1,0,-1
2024201505318,2024,201505318,1,9,0,-1,19,2,6,-1,0,8,0,0,0,0,4,9,-1,2,1,-1,-1,1500,2,3,PEUGEOT 308,-1,-1,0,-1
2024052402373,2024,052402373,1,9,0,18,19,1,5,0,0,1,0,0,0,0,4,1,6,6,1,-1,-1,1500,2,4,PEUGEOT 308,-1,-1,0,-1
2024461428383,2024,461428383,2,9,0,-1,19,4,4,-1,0,0,0,7,0,0,2,1,-1,6,2,32,6,1997,2,9,PEUGEOT 308,7,E01016087,0,1
2024201494095,2024,201494095,2,9,0,-1,19,8,5,-1,0,0,0,0,0,0,0,1,-1,9,1,33,6,1499,2,1,PEUGEOT 308,1,E01010292,0,1
2024430121223,2024,430121223,1,9,0,13,13,1,5,0,0,8,0,0,0,0,1,1,1,1,1,36,7,1499,2,1,PEUGEOT 308,10,E01016648,0,2
2024041479748,2024,041479748,2,9,0,-1,4,1,5,-1,0,0,0,0,0,0,2,1,-1,1,1,22,5,1500,2,4,PEUGEOT 308,3,E01006904,0,3
2024501539298,2024,501539298,2,9,0,-1,13,4,8,-1,0,8,1,0,0,0,1,1,-1,6,1,73,10,1200,1,9,PEUGEOT 308,3,E01031975,0,5
2024141401515,2024,141401515,2,9,0,-1,2,0,0,-1,0,0,0,0,0,0,1,1,-1,1,1,27,6,1498,2,3,PEUGEOT 308,1,E01007578,0,3
2024991443849,2024,991443849,1,9,0,-1,19,3,7,-1,0,0,0,0,2,10,1,1,-1,9,2,19,4,1598,1,14,PEUGEOT 308,-1,-1,0,-1
2024221467746,2024,221467746,1,9,0,-1,9,6,3,-1,4,5,0,0,0,0,4,9,-1,6,2,22,5,1997,2,15,PEUGEOT 308,7,E01014037,0,3
2024311534357,2024,311534357,1,9,0,-1,19,5,1,-1,0,0,0,0,0,0,1,1,-1,6,-1,24,5,1560,2,12,PEUGEOT 308,-1,-1,0,-1
2024332400400,2024,332400400,2,9,0,-1,19,5,1,-1,0,8,1,0,1,4,1,1,-1,6,2,44,7,1560,2,12,PEUGEOT 308,10,E01025708,0,1
2024430248791,2024,430248791,1,9,0,18,19,2,6,0,0,1,0,0,0,0,1,1,6,6,1,-1,-1,1560,2,13,PEUGEOT 308,3,E01017906,0,2
2024991441821,2024,991441821,1,9,0,-1,9,8,6,-1,0,8,0,0,0,0,3,1,-1,8,2,23,5,1500,2,3,PEUGEOT 308,-1,-1,0,-1
2024201467033,2024,201467033,1,9,0,-1,19,3,7,-1,0,0,5,10,0,0,1,9,-1,6,1,36,7,1598,1,9,PEUGEOT 308,2,E01010264,0,1
2024052402167,2024,052402167,1,9,0,18,19,6,2,0,0,0,0,0,0,0,3,1,2,2,1,23,5,1199,1,0,PEUGEOT 308,9,E01007034,0,1
2024211431680,2024,211431680,2,9,0,-1,4,1,5,-1,0,0,0,0,0,0,2,1,-1,9,2,73,10,1560,2,14,PEUGEOT 308,-1,-1,0,-1
2024320609178,2024,320609178,1,9,0,-1,-1,4,8,0,0,0,0,0,7,4,1,1,-1,-1,1,24,5,1560,2,12,PEUGEOT 308,3,E01026775,0,5
2024131524595,2024,131524595,1,9,0,-1,19,7,3,-1,0,8,0,0,0,0,1,1,-1,1,1,26,6,1499,2,1,PEUGEOT 308,7,E01034268,0,4
2024221529175,2024,221529175,1,9,0,-1,19,6,2,-1,0,0,1,0,1,7,1,9,-1,6,2,41,7,1200,1,8,PEUGEOT 308,10,E01034328,0,3
2024211435068,2024,211435068,2,8,0,-1,19,3,7,-1,0,0,0,0,0,0,1,1,-1,1,1,63,9,1500,2,3,PEUGEOT 308,-1,-1,0,-1
2024991508087,2024,991508087,2,9,0,-1,19,1,5,-1,0,1,0,0,0,0,1,1,-1,1,1,35,6,1498,2,4,PEUGEOT 308,8,-1,0,1
2024351472330,2024,351472330,3,9,0,-1,2,0,0,-1,0,0,0,0,0,0,0,1,-1,1,2,22,5,1499,2,1,PEUGEOT 308,6,E01034437,0,3
2024211468491,2024,211468491,1,9,0,-1,19,4,8,-1,0,0,0,0,0,0,1,1,-1,6,2,47,8,1397,1,16,PEUGEOT 308,-1,-1,0,-1
2024221464954,2024,221464954,2,9,0,-1,19,6,2,-1,0,8,0,0,0,0,4,9,-1,6,2,22,5,1560,2,15,PEUGEOT 308,3,E01032236,0,1
2024031445302,2024,031445302,1,9,0,-1,9,6,3,-1,0,5,0,0,0,0,4,9,-1,9,1,32,6,1560,2,11,PEUGEOT 308,4,E01006537,0,5
2024471400105,2024,471400105,1,9,0,-1,19,5,1,-1,9,1,0,0,0,0,1,1,-1,9,1,45,7,1560,2,16,PEUGEOT 308,4,E01020966,0,1
2024231431110,2024,231431110,2,9,0,-1,4,8,4,-1,0,1,0,0,0,0,2,1,-1,6,1,30,6,1397,1,15,PEUGEOT 308,2,E01009566,0,2
202417H108224,2024,17H108224,2,9,0,-1,9,5,3,-1,0,8,0,0,0,0,1,1,-1,7,2,-1,-1,1997,2,16,PEUGEOT 308,-1,-1,0,-1
2024320590524,2024,320590524,2,9,0,9,9,6,4,0,0,5,0,0,0,0,3,1,6,6,1,24,5,1560,2,10,PEUGEOT 308,-1,-1,0,-1
2024351545133,2024,351545133,3,9,0,-1,19,7,3,-1,0,0,0,0,0,0,1,1,-1,8,1,25,5,1499,2,1,PEUGEOT 308,-1,-1,0,-1
2024061442250,2024,061442250,1,9,0,-1,19,0,7,-1,0,0,0,0,0,0,4,1,-1,2,1,45,7,1560,2,15,PEUGEOT 308,8,E01019755,0,2