collision_index,collision_year,collision_ref_no,vehicle_reference,vehicle_type,towing_and_articulation,vehicle_manoeuvre_historic,vehicle_manoeuvre,vehicle_direction_from,vehicle_direction_to,vehicle_location_restricted_lane_historic,vehicle_location_restricted_lane,junction_location,skidding_and_overturning,hit_object_in_carriageway,vehicle_leaving_carriageway,hit_object_off_carriageway,first_point_of_impact,vehicle_left_hand_drive,journey_purpose_of_driver_historic,journey_purpose_of_driver,sex_of_driver,age_of_driver,age_band_of_driver,engine_capacity_cc,propulsion_code,age_of_vehicle,generic_make_model,driver_imd_decile,lsoa_of_driver,escooter_flag,driver_distance_banding
2024101407474,2024,101407474,2,9,0,-1,19,1,5,-1,0,8,0,0,0,0,2,1,-1,6,2,30,6,1500,2,5,PEUGEOT 308,3,E01008463,0,2
2024991414230,2024,991414230,2,9,0,-1,7,2,6,-1,0,1,0,0,0,0,0,1,-1,1,1,38,7,1499,2,1,PEUGEOT 308,10,-1,0,1
2024061441309,2024,061441309,3,9,0,-1,19,7,3,-1,0,2,0,0,0,0,0,1,-1,1,1,32,6,1200,1,4,PEUGEOT 308,3,E01006035,0,2
2024421487783,2024,421487783,1,9,0,-1,20,5,1,-1,0,0,0,0,3,0,1,1,-1,9,2,82,11,1500,2,4,PEUGEOT 308,8,E01021385,0,1
2024131506280,2024,131506280,3,9,0,-1,19,1,5,-1,0,6,0,0,0,0,0,1,-1,1,1,35,6,1498,2,3,PEUGEOT 308,7,E01010876,0,3
2024161415457,2024,161415457,5,9,0,-1,2,0,0,-1,0,0,0,0,0,0,2,1,-1,6,-1,-1,-1,1200,1,6,PEUGEOT 308,-1,-1,0,-1
2024340WN1252,2024,340WN1252,1,9,0,-1,4,1,5,-1,0,0,0,0,1,0,3,1,-1,6,1,-1,-1,1560,2,11,PEUGEOT 308,-1,-1,0,-1
2024311428432,2024,311428432,1,9,0,-1,19,1,4,-1,0,6,0,0,0,0,1,1,-1,9,2,56,9,1560,2,8,PEUGEOT 308,5,E01028333,0,1
2024302400903,2024,302400903,1,9,0,7,7,5,7,0,0,8,0,0,0,0,3,1,6,6,1,28,6,1560,2,8,PEUGEOT 308,4,E01019822,0,2
2024411445946,2024,411445946,2,9,0,-1,19,5,1,-1,0,0,0,0,0,0,3,1,-1,1,1,-1,-1,1500,2,3,PEUGEOT 308,7,E01015719,0,3
2024041469987,2024,041469987,4,9,0,-1,19,3,7,-1,0,8,0,0,0,0,0,1,-1,1,2,34,6,1499,2,1,PEUGEOT 308,9,E01025545,0,2
2024131502288,2024,131502288,2,9,0,-1,19,1,5,-1,0,0,0,0,0,0,1,1,-1,2,1,25,5,1560,2,9,PEUGEOT 308,5,E01032499,0,2
2024061478779,2024,061478779,1,9,0,-1,7,3,7,-1,0,3,0,0,0,0,3,1,-1,9,1,56,9,1560,2,16,PEUGEOT 308,1,E01006356,0,2
2024101534816,2024,101534816,1,9,0,-1,19,8,4,-1,0,0,0,0,0,0,1,1,-1,6,1,-1,-1,1560,2,10,PEUGEOT 308,10,E01027468,0,2
2024501493616,2024,501493616,1,9,0,-1,11,5,1,-1,0,0,0,0,0,0,4,1,-1,9,1,53,8,1560,2,13,PEUGEOT 308,-1,-1,0,-1
2024131417889,2024,131417889,1,9,0,-1,19,5,2,-1,0,1,0,0,0,0,4,1,-1,1,2,32,6,1499,2,1,PEUGEOT 308,1,E01011366,0,1
2024471435682,2024,471435682,1,9,0,-1,5,3,7,-1,0,6,0,0,7,11,1,1,-1,6,2,61,9,1997,2,9,PEUGEOT 308,4,E01034029,0,4
202460Q122477,2024,60Q122477,2,9,0,18,19,6,2,0,0,0,0,0,0,0,1,1,6,6,2,23,5,1199,1,0,PEUGEOT 308,-1,-1,0,-1
2024461396123,2024,461396123,1,9,0,-1,19,3,7,-1,0,1,0,0,0,0,0,1,-1,8,1,43,7,1500,2,2,PEUGEOT 308,10,E01024823,0,4
2024471510069,2024,471510069,1,9,0,-1,5,7,3,-1,0,2,0,0,0,0,2,1,-1,9,2,71,10,1200,1,9,PEUGEOT 308,1,E01031429,0,1
2024201512744,2024,201512744,2,9,0,-1,19,5,1,-1,0,0,0,0,0,0,2,1,-1,6,1,28,6,1499,2,1,PEUGEOT 308,-1,-1,0,-1
2024548789324,2024,548789324,1,9,0,9,9,5,3,0,0,1,0,4,0,0,1,1,6,6,2,86,11,1200,1,5,PEUGEOT 308,8,E01034535,0,1
2024061471620,2024,061471620,2,9,0,-1,9,1,7,-1,0,0,0,0,0,0,4,1,-1,6,1,-1,-1,1560,2,15,PEUGEOT 308,-1,-1,0,-1
2024070488532,2024,070488532,2,9,0,18,19,6,2,0,0,0,0,0,0,0,3,1,6,6,1,30,6,1560,2,14,PEUGEOT 308,1,E01012445,0,1
2024231464810,2024,231464810,3,9,0,-1,19,2,7,-1,0,8,0,0,0,0,0,1,-1,1,1,33,6,1499,2,1,PEUGEOT 308,9,E01031183,0,3
2024010507299,2024,010507299,1,9,0,99,99,9,9,99,99,9,9,99,9,99,9,9,6,6,1,62,9,1598,1,10,PEUGEOT 308,2,E01002151,0,1
2024440022410,2024,440022410,2,9,0,4,4,6,2,0,0,0,0,0,0,0,1,1,6,6,2,22,5,1560,2,10,PEUGEOT 308,10,E01022588,0,1
2024332400457,2024,332400457,1,9,0,-1,2,0,0,-1,0,0,0,0,0,0,4,1,-1,1,1,55,8,1560,2,9,PEUGEOT 308,10,E01025615,0,2
2024131431308,2024,131431308,1,9,0,-1,9,5,1,-1,0,0,0,0,0,0,1,1,-1,1,1,46,8,1560,2,11,PEUGEOT 308,7,E01011938,0,1
2024302401698,2024,302401698,1,9,0,9,9,2,8,0,0,8,0,0,0,0,3,1,1,1,1,-1,-1,1498,2,4,PEUGEOT 308,1,E01013472,0,1
2024201535906,2024,201535906,1,9,0,-1,5,1,1,-1,0,1,0,4,0,0,1,1,-1,6,1,30,6,1560,2,12,PEUGEOT 308,-1,-1,0,-1
2024111420703,2024,111420703,1,9,0,-1,19,6,2,-1,0,1,0,0,3,0,1,1,-1,6,1,30,6,1499,2,1,PEUGEOT 308,-1,-1,0,-1
2024131428126,2024,131428126,2,9,0,-1,19,8,4,-1,0,1,0,0,0,0,1,1,-1,6,-1,-1,-1,1500,2,5,PEUGEOT 308,-1,-1,0,-1
2024552500039,2024,552500039,2,9,0,18,19,8,4,0,0,8,0,0,0,0,1,1,1,1,1,33,6,1199,1,1,PEUGEOT 308,8,E01020491,0,3
2024421508624,2024,421508624,3,9,0,-1,19,7,3,-1,0,4,0,0,0,0,0,1,-1,1,1,28,6,1500,2,3,PEUGEOT 308,5,E01033459,0,1
2024111481384,2024,111481384,2,8,0,-1,5,1,6,-1,0,0,0,0,0,0,2,1,-1,1,1,41,7,1560,2,7,PEUGEOT 308,9,E01020666,0,3
2024161430538,2024,161430538,1,9,0,-1,19,1,5,-1,0,1,0,0,7,0,1,1,-1,6,1,83,11,1200,1,5,PEUGEOT 308,10,E01034758,0,1
2024221484996,2024,221484996,1,9,0,-1,7,6,8,-1,0,6,0,0,0,0,2,9,-1,9,2,63,9,1560,2,7,PEUGEOT 308,-1,-1,0,-1
2024631441745,2024,631441745,1,9,0,-1,19,5,1,-1,0,0,0,0,0,0,1,1,-1,6,1,21,5,1598,1,14,PEUGEOT 308,3,W01000586,0,1
2024041433560,2024,041433560,1,9,0,-1,9,6,2,-1,0,5,0,0,0,0,1,1,-1,9,1,33,6,1560,2,15,PEUGEOT 308,2,E01025245,0,1
2024011569308,2024,011569308,1,9,0,-1,6,1,1,-1,0,0,0,0,0,0,2,1,-1,9,1,19,4,1200,1,8,PEUGEOT 308,-1,-1,0,-1
2024141430616,2024,141430616,2,9,0,-1,5,7,1,-1,0,6,0,0,0,0,3,1,-1,9,2,53,8,1560,2,16,PEUGEOT 308,3,E01007591,0,1
2024440203555,2024,440203555,1,9,0,9,9,7,5,0,0,8,0,0,0,0,4,1,6,6,1,46,8,1560,2,11,PEUGEOT 308,5,E01015274,0,4
2024471468319,2024,471468319,3,9,0,-1,2,0,0,-1,0,0,0,0,0,0,2,1,-1,6,-1,-1,-1,1560,2,16,PEUGEOT 308,-1,-1,0,-1
2024461517643,2024,461517643,1,9,0,-1,5,3,5,-1,0,2,0,0,0,0,4,9,-1,6,2,46,8,1560,2,11,PEUGEOT 308,5,E01024796,0,1
2024041489300,2024,041489300,1,9,0,-1,1,-1,-1,-1,0,1,0,0,0,0,2,9,-1,9,1,36,7,1560,2,9,PEUGEOT 308,3,E01025234,0,1
2024361481486,2024,361481486,1,9,0,-1,3,7,3,-1,0,0,0,0,0,0,1,1,-1,6,2,39,7,1200,1,6,PEUGEOT 308,7,E01026545,0,1
2024131479953,2024,131479953,1,9,0,-1,19,3,7,-1,0,1,0,0,0,0,4,1,-1,1,2,31,6,1498,2,4,PEUGEOT 308,3,E01007676,0,4
2024501525737,2024,501525737,1,9,0,-1,12,7,3,-1,0,0,0,0,0,0,1,1,-1,9,2,30,6,1560,2,12,PEUGEOT 308,5,E01018839,0,3
2024010497856,2024,010497856,2,9,0,99,99,9,9,99,99,9,9,99,9,99,9,9,6,6,3,-1,-1,1200,1,8,PEUGEOT 308,-1,-1,0,-1
2024622400878,2024,622400878,1,9,0,9,9,6,4,0,0,8,0,0,0,0,4,1,6,6,2,25,5,1200,1,5,PEUGEOT 308,10,W01001089,0,3
2024552400335,2024,552400335,2,3,0,18,19,7,3,0,0,8,0,0,0,0,4,1,6,6,1,31,6,123,1,16,MAKE AND MODEL REDACTED,7,E01015376,0,1
2024440313237,2024,440313237,1,3,0,17,19,8,5,0,0,1,0,0,0,0,3,1,6,6,1,50,8,123,1,17,MAKE AND MODEL REDACTED,5,E01017321,0,2
2024471461870,2024,471461870,2,3,0,-1,19,6,2,-1,0,1,1,0,0,0,1,1,-1,9,1,74,10,124,1,20,MAKE AND MODEL REDACTED,4,E01031426,0,3
2024440385602,2024,440385602,1,3,0,4,4,1,5,0,0,0,0,0,0,0,1,1,6,6,1,67,10,124,1,21,MAKE AND MODEL REDACTED,2,E01017108,0,1
2024320489231,2024,320489231,2,3,0,-1,-1,8,4,0,0,8,0,0,0,0,1,1,-1,-1,1,57,9,123,1,18,MAKE AND MODEL REDACTED,2,E01026116,0,1
2024131407328,2024,131407328,1,3,0,-1,19,1,2,-1,0,8,0,0,0,0,0,1,-1,6,1,53,8,124,1,21,MAKE AND MODEL REDACTED,7,E01011714,0,1
2024122400419,2024,122400419,1,3,0,18,19,5,1,0,0,0,0,0,0,0,0,1,6,6,2,54,8,125,1,22,MAKE AND MODEL REDACTED,7,E01007135,0,5
2024131487956,2024,131487956,1,3,0,-1,19,5,1,-1,0,0,0,0,1,2,4,1,-1,9,1,59,9,123,1,18,MAKE AND MODEL REDACTED,1,E01011345,0,3
2024421453488,2024,421453488,1,3,0,-1,19,7,2,-1,0,0,0,0,0,0,3,1,-1,9,1,58,9,123,1,18,MAKE AND MODEL REDACTED,4,E01021847,0,3
2024320711278,2024,320711278,2,9,0,-1,-1,2,6,0,0,0,0,0,0,0,2,1,6,6,1,55,8,1997,1,25,MAKE AND MODEL REDACTED,3,E01026183,0,1
2024501477281,2024,501477281,2,9,0,-1,13,2,6,-1,0,0,0,0,0,0,4,1,-1,9,1,33,6,1998,1,27,MAKE AND MODEL REDACTED,3,E01018869,0,2
2024361432956,2024,361432956,1,9,0,-1,19,5,1,-1,0,1,0,0,0,0,1,1,-1,6,1,83,11,1997,1,25,MAKE AND MODEL REDACTED,4,E01026789,0,2
2024332400877,2024,332400877,1,9,0,-1,19,7,3,-1,0,2,0,0,0,0,1,1,-1,9,1,58,9,2457,1,18,SUBARU FORESTER,4,E01013696,0,1
2024010528339,2024,010528339,1,9,0,9,9,2,1,0,0,6,0,0,0,0,1,1,6,6,1,27,6,1994,1,21,SUBARU FORESTER,2,E01001758,0,1
2024231499104,2024,231499104,1,9,0,-1,19,4,1,-1,0,0,1,0,1,11,2,1,-1,6,1,21,5,2457,1,19,SUBARU FORESTER,6,E01031187,0,2
2024041436381,2024,041436381,1,9,0,-1,19,1,1,-1,9,1,0,11,7,0,1,1,-1,9,2,54,8,1995,1,5,SUBARU FORESTER,1,E01025186,0,1
2024122401273,2024,122401273,2,9,0,1,1,8,4,0,0,0,0,0,0,0,2,1,6,6,1,62,9,1995,8,3,SUBARU FORESTER,9,E01027567,0,1
2024461427357,2024,461427357,1,9,0,-1,19,6,5,-1,0,0,0,0,0,0,1,9,-1,9,1,27,6,2457,1,18,SUBARU FORESTER,2,E01024305,0,1
2024141452843,2024,141452843,2,9,0,-1,9,7,3,-1,0,0,0,0,0,0,1,1,-1,6,3,-1,-1,2457,1,16,SUBARU FORESTER,-1,-1,0,-1
2024471445596,2024,471445596,1,9,0,-1,5,8,2,-1,0,8,0,0,0,0,3,1,-1,9,2,85,11,2457,1,17,SUBARU FORESTER,6,E01021149,0,1
2024451459738,2024,451459738,2,9,0,-1,19,3,7,-1,0,1,0,0,0,0,1,1,-1,9,1,79,11,1995,1,6,SUBARU FORESTER,5,E01030812,0,1
2024461529958,2024,461529958,2,9,0,-1,19,5,5,-1,0,0,0,0,0,0,1,1,-1,6,1,62,9,1994,1,14,SUBARU FORESTER,4,E01024200,0,1
2024520002665,2024,520002665,1,9,0,18,19,7,3,0,0,0,0,0,0,0,1,1,6,6,1,81,11,1994,1,18,SUBARU FORESTER,7,E01029056,0,3
2024101484011,2024,101484011,1,9,0,-1,9,5,1,-1,0,1,0,0,0,0,0,9,-1,6,3,-1,-1,1994,1,18,SUBARU FORESTER,-1,-1,0,-1
2024131535722,2024,131535722,1,9,0,-1,19,1,5,-1,0,0,0,0,0,0,1,1,-1,6,1,34,6,1994,1,21,SUBARU FORESTER,4,E01011858,0,1
2024471524080,2024,471524080,2,9,0,-1,19,8,5,-1,0,1,0,0,0,0,3,1,-1,9,1,76,11,1995,8,5,SUBARU FORESTER,8,E01031698,0,1
2024520402027,2024,520402027,1,9,0,9,9,4,2,0,0,6,0,0,0,0,3,1,6,6,2,79,11,1995,1,8,SUBARU FORESTER,8,E01028715,0,5
2024131416046,2024,131416046,1,9,0,-1,2,1,5,-1,0,0,0,0,0,0,1,1,-1,6,1,34,6,1994,1,20,SUBARU FORESTER,7,E01011755,0,1
2024141442976,2024,141442976,1,9,0,-1,19,8,5,-1,0,0,5,4,0,0,3,1,-1,9,1,39,7,1998,2,8,SUBARU FORESTER,1,E01007708,0,1
2024991512832,2024,991512832,1,9,0,-1,19,5,1,-1,0,0,0,0,0,0,3,1,-1,9,1,50,8,1998,2,13,SUBARU FORESTER,5,-1,0,1
2024320336674,2024,320336674,1,9,0,-1,-1,6,2,0,0,0,0,0,1,0,3,2,-1,-1,1,75,10,1994,1,21,SUBARU FORESTER,8,E01026363,0,1
2024371413705,2024,371413705,1,9,0,-1,19,1,5,-1,0,0,2,0,1,0,4,1,-1,6,2,33,6,1995,8,1,SUBARU FORESTER,1,E01030261,0,3
2024131458982,2024,131458982,2,9,0,-1,9,7,5,-1,0,0,0,0,0,0,3,1,-1,2,2,48,8,1998,2,13,SUBARU FORESTER,1,E01010731,0,1
2024211448592,2024,211448592,2,9,0,-1,5,1,5,-1,0,1,0,0,0,0,1,1,-1,6,1,50,8,1994,1,15,SUBARU FORESTER,-1,-1,0,-1
2024201455236,2024,201455236,2,9,0,-1,19,6,2,-1,0,8,0,0,0,0,1,9,-1,6,2,45,7,1998,1,19,SUBARU FORESTER,1,E01009404,0,1
2024411474788,2024,411474788,2,9,0,-1,19,4,8,-1,0,8,0,0,0,0,1,1,-1,6,1,55,8,2457,7,17,SUBARU FORESTER,8,E01023625,0,1
2024461401096,2024,461401096,13,9,0,-1,19,5,1,-1,0,0,1,0,0,0,2,9,-1,9,1,53,8,1998,1,10,SUBARU FORESTER,4,E01024042,0,4
2024101416755,2024,101416755,1,9,0,-1,9,7,3,-1,0,1,0,0,0,0,1,1,-1,6,1,72,10,1995,1,5,SUBARU FORESTER,7,E01027473,0,3
2024101482120,2024,101482120,2,9,0,-1,9,3,8,-1,0,2,0,0,0,0,3,1,-1,9,2,40,7,1998,2,9,SUBARU FORESTER,9,E01027463,0,1
202417L109124,2024,17L109124,1,9,0,-1,19,2,6,-1,0,1,0,0,0,0,1,1,-1,9,1,79,11,1995,1,10,SUBARU FORESTER,5,E01012164,0,1
2024631473996,2024,631473996,2,9,0,-1,19,7,4,-1,0,1,0,0,0,0,3,1,-1,9,2,72,10,1995,8,1,SUBARU FORESTER,-1,-1,0,-1
2024501501800,2024,501501800,1,9,0,-1,9,8,5,-1,-1,1,1,0,0,0,1,2,-1,9,1,36,7,1994,1,18,SUBARU FORESTER,3,E01019076,0,4
2024201478276,2024,201478276,1,9,0,-1,19,5,1,-1,0,4,0,0,0,0,2,1,-1,9,1,36,7,1995,8,3,SUBARU FORESTER,3,E01009105,0,1
2024461438194,2024,461438194,1,9,0,-1,19,7,3,-1,0,0,0,0,0,0,1,9,-1,6,2,52,8,1998,1,11,SUBARU FORESTER,4,E01016157,0,1
2024351567918,2024,351567918,2,9,0,-1,4,5,1,-1,0,0,0,0,0,0,2,1,-1,6,1,39,7,1995,8,1,SUBARU FORESTER,8,E01018054,0,1
2024221518267,2024,221518267,2,9,0,-1,19,7,3,-1,0,3,1,0,0,0,3,9,-1,6,1,25,5,1998,2,13,SUBARU FORESTER,4,E01028841,0,3
2024631500822,2024,631500822,2,9,0,-1,19,7,3,-1,0,0,0,0,0,0,1,1,-1,2,2,63,9,1994,1,16,SUBARU FORESTER,7,W01000428,0,1
2024531488519,2024,531488519,1,9,0,-1,19,4,6,-1,0,2,0,0,0,0,1,1,-1,9,1,81,11,1994,1,13,SUBARU FORESTER,3,E01022364,0,3
2024010503241,2024,010503241,2,9,0,99,99,9,9,99,99,9,9,99,9,99,9,9,6,6,3,-1,-1,1998,1,10,SUBARU FORESTER,-1,-1,0,-1
2024520500031,2024,520500031,2,9,0,17,19,1,5,0,0,0,0,0,0,0,1,1,6,6,3,-1,-1,1994,1,20,SUBARU FORESTER,-1,-1,0,-1
2024461456238,2024,461456238,2,9,0,-1,19,7,3,-1,0,0,0,0,0,0,3,1,-1,9,1,30,6,1994,1,24,SUBARU FORESTER,2,E01023975,0,1
2024302400800,2024,302400800,1,9,0,18,19,3,7,9,9,0,0,0,0,0,1,1,6,6,1,79,11,1995,1,12,SUBARU FORESTER,4,E01013525,0,2
2024010523414,2024,010523414,2,9,0,5,5,1,5,0,0,1,0,0,0,0,1,1,6,6,1,21,5,2457,1,17,SUBARU FORESTER,7,E01016216,0,4
2024471472122,2024,471472122,3,9,0,-1,4,6,2,-1,0,0,0,0,0,0,2,1,-1,6,3,-1,-1,1994,1,21,SUBARU FORESTER,-1,-1,0,-1
2024461495924,2024,461495924,1,9,0,-1,19,2,6,-1,0,0,0,0,0,0,1,1,-1,9,1,77,11,1998,2,8,SUBARU FORESTER,4,E01024200,0,1
2024010532687,2024,010532687,1,9,0,18,19,5,1,0,0,0,0,0,0,0,1,1,2,2,1,52,8,1995,8,3,SUBARU FORESTER,5,E01004419,0,1
2024311525553,2024,311525553,2,9,0,-1,9,5,2,-1,0,5,0,0,0,0,3,1,-1,9,1,55,8,1995,1,8,SUBARU FORESTER,9,E01025886,0,1
2024461421138,2024,461421138,2,9,0,-1,19,1,5,-1,0,0,0,0,0,0,3,1,-1,1,1,48,8,1998,2,8,SUBARU XV,5,E01024628,0,1
2024421406205,2024,421406205,3,9,0,-1,19,1,5,-1,0,0,0,0,0,0,2,1,-1,6,1,40,7,1600,1,11,SUBARU XV,7,E01011998,0,5
2024131505250,2024,131505250,3,9,0,-1,2,0,0,-1,0,8,0,0,0,0,4,1,-1,6,-1,-1,-1,1998,2,12,SUBARU XV,-1,-1,0,-1
2024010549484,2024,010549484,2,9,0,99,99,9,9,99,99,4,9,99,9,99,9,9,6,6,3,-1,-1,1600,1,6,SUBARU XV,-1,-1,0,-1
2024991468913,2024,991468913,2,9,0,-1,13,7,3,-1,0,0,0,0,3,0,1,1,-1,9,2,45,7,1995,1,10,SUBARU XV,6,-1,0,3
2024141462241,2024,141462241,1,9,0,-1,7,1,3,-1,0,0,0,0,0,0,1,1,-1,9,2,67,10,1995,1,8,SUBARU XV,10,E01007957,0,1
2024041452194,2024,041452194,1,9,0,-1,19,5,1,-1,0,0,0,0,1,4,1,1,-1,9,1,37,7,1995,1,6,SUBARU XV,6,-1,0,5
2024991455742,2024,991455742,2,9,0,-1,19,4,8,-1,0,0,0,0,0,0,1,1,-1,6,2,40,7,1998,2,12,SUBARU XV,7,-1,0,2
2024991492599,2024,991492599,1,9,0,-1,19,5,3,-1,0,0,0,0,3,11,1,1,-1,6,1,80,11,1998,2,8,SUBARU XV,5,-1,0,1
2024201520529,2024,201520529,1,9,0,-1,9,4,1,-1,0,2,0,0,0,0,1,1,-1,9,1,76,11,1995,1,6,SUBARU XV,6,E01009878,0,1
2024430368669,2024,430368669,1,9,0,9,9,6,4,0,0,5,0,0,0,0,1,1,6,6,1,30,6,1995,1,12,SUBARU XV,10,E01028670,0,3
2024122500209,2024,122500209,2,9,0,5,5,3,1,0,0,2,0,0,0,0,3,1,6,6,1,71,10,1995,1,7,SUBARU XV,9,E01011011,0,4
2024231482718,2024,231482718,3,9,0,-1,4,3,8,-1,0,0,0,0,0,0,1,1,-1,9,1,64,9,1995,1,6,SUBARU XV,6,E01031193,0,1
2024052400235,2024,052400235,2,11,0,18,19,3,7,0,0,0,0,0,0,0,4,1,1,1,1,55,8,6700,2,12,VDL MODEL MISSING,3,E01006719,0,3
2024052401860,2024,052401860,1,11,0,18,19,7,4,0,0,1,0,0,0,0,1,1,1,1,1,-1,-1,6700,2,15,VDL MODEL MISSING,-1,-1,0,-1
202417S112524,2024,17S112524,2,11,0,-1,19,4,8,-1,0,1,0,0,0,0,1,1,-1,1,1,53,8,6700,2,14,VDL MODEL MISSING,1,E01012112,0,3
2024052402604,2024,052402604,2,11,0,3,3,6,2,0,0,0,0,0,0,0,2,1,1,1,1,38,7,6700,2,15,VDL MODEL MISSING,5,E01012440,0,4
202417L205324,2024,17L205324,1,11,0,-1,19,4,8,-1,0,0,0,0,0,0,4,1,-1,1,1,25,5,6700,2,13,VDL MODEL MISSING,2,E01011952,0,3
2024071043403,2024,071043403,1,11,0,-1,19,5,1,-1,0,8,0,0,0,0,1,1,-1,1,1,54,8,6700,2,14,VDL MODEL MISSING,6,E01018336,0,3
2024101426664,2024,101426664,2,11,0,-1,19,5,1,-1,0,1,0,0,0,0,0,1,-1,1,1,56,9,6700,2,13,VDL MODEL MISSING,5,E01027517,0,1
2024122500156,2024,122500156,1,11,0,17,19,8,4,0,0,0,0,0,0,0,4,1,1,1,1,-1,-1,6700,2,13,VDL MODEL MISSING,1,E01012107,0,4
202417S113424,2024,17S113424,2,11,0,-1,19,7,4,-1,0,8,0,0,0,0,3,1,-1,1,1,44,7,6700,2,13,VDL MODEL MISSING,-1,-1,0,-1
2024411487998,2024,411487998,2,11,-1,-1,-1,-1,-1,-1,-1,0,-1,-1,-1,0,-1,9,-1,1,1,60,9,6700,2,13,VDL MODEL MISSING,5,E01035569,0,3
2024111515721,2024,111515721,1,11,0,-1,7,1,7,-1,0,0,0,0,0,0,1,1,-1,1,1,53,8,6700,2,12,VDL MODEL MISSING,2,E01020751,0,4
202417M211424,2024,17M211424,1,11,0,-1,19,4,8,-1,0,1,0,0,0,0,1,1,-1,1,1,59,9,6700,2,14,VDL MODEL MISSING,-1,-1,0,-1
202417S114624,2024,17S114624,1,11,0,-1,19,8,4,-1,0,2,0,0,0,0,1,1,-1,1,2,55,8,6700,2,14,VDL MODEL MISSING,3,E01012282,0,2
2024440509435,2024,440509435,2,11,0,3,3,6,2,0,0,0,0,0,0,0,2,1,1,1,3,-1,-1,10837,2,10,VDL MODEL MISSING,-1,-1,0,-1
2024411559488,2024,411559488,2,11,0,-1,-1,-1,-1,-1,-1,0,-1,-1,-1,0,-1,1,-1,6,1,54,8,6700,2,13,VDL MODEL MISSING,7,E01023776,0,1
2024401526085,2024,401526085,1,11,0,-1,5,3,8,-1,0,0,0,0,0,0,1,1,-1,1,1,30,6,6700,2,13,VDL MODEL MISSING,4,E01023781,0,3
2024552400815,2024,552400815,1,19,0,18,19,6,2,0,0,0,0,0,0,0,1,1,1,1,1,30,6,1968,2,9,MAKE AND MODEL REDACTED,7,E01020429,0,4
2024351412301,2024,351412301,2,19,0,-1,19,2,6,-1,0,0,0,0,0,0,1,1,-1,1,1,45,7,2967,2,5,MAKE AND MODEL REDACTED,2,E01027942,0,5
2024371441015,2024,371441015,1,19,0,-1,19,3,7,-1,0,0,0,0,0,0,-1,9,-1,9,1,53,8,2993,2,1,MAKE AND MODEL REDACTED,7,E01030207,0,1
202454E856224,2024,54E856224,3,19,0,3,3,8,4,0,0,0,0,0,0,0,2,1,2,2,2,38,7,1968,2,11,MAKE AND MODEL REDACTED,9,E01034557,0,1
2024161517968,2024,161517968,1,19,0,-1,19,7,3,-1,0,0,0,0,0,0,1,1,-1,2,1,36,7,1996,2,0,MAKE AND MODEL REDACTED,10,E01013113,0,4
2024070996988,2024,070996988,3,20,0,-1,3,1,5,-1,0,0,0,0,0,0,2,1,-1,6,2,30,6,-1,-1,-1,MAKE AND MODEL REDACTED,8,W01000223,0,4
2024522402504,2024,522402504,2,19,0,5,5,8,3,0,0,1,0,4,0,0,1,1,6,6,1,33,6,1996,2,1,MAKE AND MODEL REDACTED,4,E01014519,0,1
2024070434331,2024,070434331,2,19,0,18,19,8,4,0,0,1,0,0,0,0,2,1,1,1,1,31,6,2967,2,6,MAKE AND MODEL REDACTED,2,E01018730,0,2
2024520402412,2024,520402412,1,90,0,18,19,2,7,0,0,2,2,10,0,0,4,1,6,6,1,20,4,650,1,4,MAKE AND MODEL REDACTED,5,E01029121,0,1
2024070356922,2024,070356922,1,9,0,17,19,1,5,0,0,0,2,11,0,11,4,1,6,6,1,24,5,2148,2,22,MAKE AND MODEL REDACTED,3,E01005316,0,3
2024010500522,2024,010500522,2,9,0,99,99,9,9,99,99,0,9,99,9,99,1,9,6,6,3,-1,-1,2429,1,18,MAKE AND MODEL REDACTED,-1,-1,0,-1
2024371502425,2024,371502425,1,9,-1,-1,-1,-1,-1,-1,-1,-1,-1,-1,-1,0,-1,9,-1,6,1,68,10,1996,1,22,MAKE AND MODEL REDACTED,7,E01029898,0,1
2024010514230,2024,010514230,4,9,0,3,3,1,5,0,0,1,0,0,0,0,2,1,6,6,2,64,9,2429,1,18,MAKE AND MODEL REDACTED,1,E01004199,0,1
2024131501916,2024,131501916,1,19,0,-1,7,4,8,-1,0,0,0,0,0,0,1,1,-1,1,1,38,7,2198,2,9,CITROEN MODEL MISSING,1,E01010722,0,3
2024471416561,2024,471416561,1,19,0,-1,4,7,3,-1,9,1,0,0,0,0,1,2,-1,2,1,67,10,1975,1,57,CITROEN MODEL MISSING,6,E01016953,0,1
2024501438919,2024,501438919,2,9,0,-1,19,7,3,-1,0,1,0,0,0,0,4,1,-1,9,1,22,5,1499,2,4,CITROEN MODEL MISSING,6,E01015123,0,1
2024201490050,2024,201490050,1,9,0,-1,9,5,2,-1,0,5,0,0,0,0,1,1,-1,6,1,24,5,1560,2,10,CITROEN MODEL MISSING,-1,-1,0,-1
2024201519313,2024,201519313,2,9,0,-1,19,5,1,-1,0,8,0,0,0,0,3,9,-1,1,1,63,9,1560,2,8,CITROEN MODEL MISSING,2,E01008984,0,1