collision_index,collision_year,collision_ref_no,vehicle_reference,vehicle_type,towing_and_articulation,vehicle_manoeuvre_historic,vehicle_manoeuvre,vehicle_direction_from,vehicle_direction_to,vehicle_location_restricted_lane_historic,vehicle_location_restricted_lane,junction_location,skidding_and_overturning,hit_object_in_carriageway,vehicle_leaving_carriageway,hit_object_off_carriageway,first_point_of_impact,vehicle_left_hand_drive,journey_purpose_of_driver_historic,journey_purpose_of_driver,sex_of_driver,age_of_driver,age_band_of_driver,engine_capacity_cc,propulsion_code,age_of_vehicle,generic_make_model,driver_imd_decile,lsoa_of_driver,escooter_flag,driver_distance_banding
2024141513588,2024,141513588,2,9,0,-1,19,3,7,-1,0,0,0,0,0,0,1,1,-1,6,2,42,7,1461,2,9,NISSAN QASHQAI,1,E01008123,0,1
2024161423385,2024,161423385,1,9,0,-1,19,7,3,-1,0,8,0,0,0,0,1,1,-1,9,1,30,6,1197,1,8,NISSAN QASHQAI,7,E01012993,0,1
2024010533173,2024,010533173,2,9,0,2,2,0,0,9,9,0,0,10,1,0,2,1,6,6,3,-1,-1,1332,8,2,NISSAN QASHQAI,-1,-1,0,-1
2024351507960,2024,351507960,2,9,0,-1,3,8,4,-1,0,1,0,0,0,0,2,1,-1,9,2,30,6,1332,1,6,NISSAN QASHQAI,9,E01035597,0,4
2024010508417,2024,010508417,2,9,0,99,99,9,9,99,99,9,9,99,9,99,9,9,6,6,2,47,8,1598,1,14,NISSAN QASHQAI,5,E01003276,0,1
2024201502879,2024,201502879,1,9,0,-1,5,5,3,-1,0,8,0,0,0,0,1,1,-1,9,2,45,7,1598,2,9,NISSAN QASHQAI,2,E01009014,0,2
2024340WN1082,2024,340WN1082,1,9,0,-1,19,2,6,-1,0,2,0,0,0,0,1,1,-1,6,1,46,8,1197,1,8,NISSAN QASHQAI,10,E01027015,0,1
202417S300124,2024,17S300124,1,9,0,7,7,2,4,0,0,8,0,0,0,0,1,1,6,6,1,72,10,1598,1,11,NISSAN QASHQAI,7,E01012024,0,1
202460Q107440,2024,60Q107440,2,9,0,3,3,3,7,0,0,0,0,0,0,0,2,1,1,1,2,51,8,1598,1,11,NISSAN QASHQAI,-1,-1,0,-1
2024461402772,2024,461402772,1,9,0,-1,7,1,3,-1,0,0,0,0,2,1,4,9,-1,1,1,48,8,1997,1,16,NISSAN QASHQAI,6,E01035278,0,1
2024010504745,2024,010504745,1,9,0,5,5,7,3,0,0,1,0,0,0,0,2,1,6,6,1,66,10,1332,1,3,NISSAN QASHQAI,2,E01001773,0,1
2024131487400,2024,131487400,2,9,0,-1,19,1,5,-1,0,0,0,0,0,0,2,1,-1,2,1,29,6,1461,2,7,NISSAN QASHQAI,2,E01011321,0,2
2024131421552,2024,131421552,1,9,0,-1,19,5,1,-1,0,3,0,0,0,0,1,1,-1,9,1,55,8,1332,8,2,NISSAN QASHQAI,3,E01010856,0,2
2024111457791,2024,111457791,2,9,0,-1,19,5,1,-1,0,8,5,7,1,0,3,1,-1,1,1,39,7,1461,2,14,NISSAN QASHQAI,2,E01020599,0,3
2024221410037,2024,221410037,1,9,0,-1,13,7,3,-1,0,8,0,0,0,0,3,1,-1,6,2,66,10,1332,8,2,NISSAN QASHQAI,5,E01010351,0,4
2024041516218,2024,041516218,2,9,0,-1,19,7,3,-1,0,1,0,0,0,0,2,1,-1,9,1,46,8,1198,1,10,NISSAN QASHQAI,9,E01025552,0,2
2024440423868,2024,440423868,1,9,0,18,19,1,5,0,0,8,0,0,0,0,1,1,6,6,1,47,8,1461,2,15,NISSAN QASHQAI,8,E01022639,0,1
2024211403991,2024,211403991,1,9,0,-1,11,6,2,-1,0,0,1,0,0,0,2,1,-1,9,1,27,6,1461,2,5,NISSAN QASHQAI,5,E01003495,0,5
2024221440130,2024,221440130,2,9,0,-1,19,3,7,-1,0,8,1,0,1,11,1,1,-1,6,1,60,9,1598,2,12,NISSAN QASHQAI,8,E01032223,0,2
2024991421130,2024,991421130,2,9,0,-1,19,3,8,-1,0,5,2,10,7,0,4,1,-1,6,2,65,9,1598,1,11,NISSAN QASHQAI,8,-1,0,2
2024421411096,2024,421411096,1,9,0,-1,19,5,1,-1,0,0,0,0,0,0,1,1,-1,9,1,38,7,1332,8,1,NISSAN QASHQAI,7,E01035167,0,4
2024421436139,2024,421436139,2,9,0,-1,2,0,0,-1,0,2,0,0,0,0,4,1,-1,6,-1,-1,-1,1332,8,1,NISSAN QASHQAI,-1,-1,0,-1
2024010520602,2024,010520602,2,9,0,99,99,9,9,99,99,0,9,99,9,99,9,9,6,6,3,-1,-1,1197,1,7,NISSAN QASHQAI,6,E01034595,0,1
2024421518275,2024,421518275,1,9,0,-1,5,6,1,-1,0,0,0,0,0,0,1,1,-1,6,2,-1,-1,1332,8,1,NISSAN QASHQAI,-1,-1,0,-1
2024991408515,2024,991408515,3,9,0,-1,19,6,2,-1,0,0,0,0,0,0,1,1,-1,9,1,29,6,1197,1,8,NISSAN QASHQAI,2,-1,0,1
2024010510781,2024,010510781,1,9,0,18,19,7,3,0,0,3,0,0,0,0,4,1,6,6,1,45,7,1598,1,13,NISSAN QASHQAI,2,E01003514,0,1
2024351564084,2024,351564084,2,9,0,-1,19,1,5,-1,0,6,5,0,0,0,3,1,-1,6,1,35,6,1598,1,12,NISSAN QASHQAI,8,E01017983,0,2
2024501495009,2024,501495009,1,9,0,-1,5,1,5,-1,0,0,0,0,0,0,2,1,-1,6,1,38,7,1198,1,9,NISSAN QASHQAI,6,E01020231,0,1
2024131407903,2024,131407903,1,9,0,-1,19,4,8,-1,0,0,0,0,0,0,1,1,-1,2,2,66,10,1461,2,12,NISSAN QASHQAI,3,E01011597,0,2
2024471492915,2024,471492915,2,9,0,-1,19,8,4,-1,0,0,0,0,0,0,4,1,-1,6,1,37,7,1461,2,12,NISSAN QASHQAI,2,E01020910,0,1
2024052401868,2024,052401868,1,9,0,18,19,1,5,0,0,0,0,0,0,0,3,1,6,6,2,40,7,1995,2,13,NISSAN QASHQAI,2,E01007181,0,1
2024311409648,2024,311409648,1,9,0,-1,19,5,1,-1,0,1,0,0,0,0,1,1,-1,6,2,34,6,1598,1,11,NISSAN QASHQAI,-1,-1,0,-1
2024520000245,2024,520000245,1,9,0,4,4,3,7,0,0,1,0,0,0,0,2,1,6,6,1,43,7,1461,2,14,NISSAN QASHQAI,4,E01014401,0,1
2024041460576,2024,041460576,2,9,0,-1,9,8,4,-1,0,0,0,0,0,0,4,1,-1,9,2,27,6,1332,1,4,NISSAN QASHQAI,8,E01024862,0,3
2024351516814,2024,351516814,1,9,0,-1,4,1,4,-1,0,0,0,0,0,0,1,1,-1,2,1,57,9,1598,2,10,NISSAN QASHQAI,2,E01035538,0,3
2024440293927,2024,440293927,1,9,0,9,9,1,7,0,0,8,0,0,0,0,3,1,6,6,2,44,7,1197,1,8,NISSAN QASHQAI,4,E01017110,0,1
2024501484764,2024,501484764,1,9,0,-1,19,6,2,-1,0,0,0,0,0,0,4,1,-1,9,1,53,8,1197,1,6,NISSAN QASHQAI,2,E01004469,0,5
2024131519996,2024,131519996,1,9,0,-1,19,1,3,-1,0,1,1,0,0,0,1,1,-1,7,2,29,6,1332,8,0,NISSAN QASHQAI,5,E01010934,0,1
2024302400510,2024,302400510,2,9,0,9,9,6,4,0,0,8,0,0,0,0,0,1,6,6,1,27,6,1598,2,7,NISSAN QASHQAI,3,E01029804,0,3
2024471419374,2024,471419374,1,9,0,-1,12,7,8,-1,0,1,1,0,0,0,1,1,-1,7,2,44,7,1332,8,1,NISSAN QASHQAI,4,E01031569,0,1
2024010551304,2024,010551304,3,9,0,3,3,1,5,0,0,8,0,0,0,0,2,1,1,1,1,65,9,1497,8,1,NISSAN QASHQAI,10,E01003811,0,1
2024440268713,2024,440268713,1,9,0,5,5,5,1,0,0,6,0,0,0,0,1,1,6,6,1,52,8,1994,2,15,NISSAN QASHQAI,3,E01017133,0,1
2024440378637,2024,440378637,2,9,0,18,19,0,0,0,0,0,0,0,0,0,4,1,6,6,3,-1,-1,1461,2,9,NISSAN QASHQAI,-1,-1,0,-1
2024201407296,2024,201407296,1,9,0,-1,19,2,6,-1,0,8,0,0,0,0,1,1,-1,6,1,-1,-1,1461,2,9,NISSAN QASHQAI,-1,-1,0,-1
2024522401804,2024,522401804,1,9,0,18,19,3,7,0,0,0,0,0,0,0,1,1,6,6,2,73,10,1497,8,1,NISSAN QASHQAI,4,E01015007,0,1
2024010517686,2024,010517686,1,9,0,5,5,7,3,0,0,8,0,0,0,0,1,1,6,6,1,32,6,1598,1,15,NISSAN QASHQAI,6,E01000159,0,2
2024461561756,2024,461561756,1,9,0,-1,19,3,7,-1,0,0,0,0,0,0,1,9,-1,6,1,-1,-1,1497,8,2,NISSAN QASHQAI,-1,-1,0,-1
2024010515101,2024,010515101,3,9,0,2,2,0,0,6,6,1,0,0,0,0,4,1,6,6,3,-1,-1,1618,1,6,NISSAN QASHQAI,-1,-1,0,-1
2024010491151,2024,010491151,3,9,0,2,2,0,0,0,0,2,0,0,0,0,1,1,6,6,3,-1,-1,1997,1,17,NISSAN QASHQAI,-1,-1,0,-1
2024421504839,2024,421504839,2,9,0,-1,11,2,6,-1,0,8,0,0,0,0,4,1,-1,2,2,33,6,1332,8,3,NISSAN QASHQAI,8,E01021830,0,3
2024231470771,2024,231470771,1,9,0,-1,19,2,6,-1,0,0,1,0,0,0,1,9,-1,9,1,36,7,1461,2,7,NISSAN QASHQAI,8,E01031324,0,2
2024622500063,2024,622500063,2,9,0,2,2,0,0,0,0,2,0,0,0,0,1,1,6,6,3,-1,-1,1994,2,16,NISSAN QASHQAI,-1,-1,0,-1
2024131477027,2024,131477027,1,9,0,-1,-1,-1,-1,-1,-1,0,-1,-1,-1,-1,-1,1,-1,6,3,-1,-1,1332,1,5,NISSAN QASHQAI,-1,-1,0,-1
2024211440448,2024,211440448,1,9,0,-1,4,3,4,-1,0,1,0,0,0,0,1,1,-1,9,2,30,6,1461,2,6,NISSAN QASHQAI,-1,-1,0,-1
2024010522383,2024,010522383,2,9,0,18,19,7,3,0,0,1,1,0,1,11,4,1,2,2,1,50,8,1332,8,2,NISSAN QASHQAI,4,E01003722,0,1
2024461530576,2024,461530576,1,9,0,-1,19,1,5,-1,0,0,0,0,0,0,1,9,-1,6,2,49,8,1598,1,11,NISSAN QASHQAI,5,E01016127,0,1
2024201472542,2024,201472542,1,9,0,-1,7,7,1,-1,0,0,0,0,0,0,4,1,-1,9,2,25,5,1461,2,7,NISSAN QASHQAI,4,E01009497,0,1
2024131397951,2024,131397951,1,9,0,-1,4,6,2,-1,0,0,0,0,0,0,2,1,-1,9,2,28,6,1332,1,5,NISSAN QASHQAI,5,E01011026,0,1
2024411515613,2024,411515613,1,9,0,-1,19,3,7,-1,0,0,0,7,0,0,1,1,-1,6,1,56,9,1461,2,9,NISSAN QASHQAI,4,E01023401,0,3
2024522402593,2024,522402593,1,9,0,3,3,1,5,0,0,1,0,0,0,0,2,1,6,6,1,59,9,1598,2,8,NISSAN QASHQAI,7,E01014803,0,1
2024991500622,2024,991500622,1,9,0,-1,19,1,5,-1,0,0,5,0,1,11,1,1,-1,6,1,73,10,1197,1,7,NISSAN QASHQAI,4,E01034776,0,5
2024010508329,2024,010508329,1,9,0,99,99,9,9,99,99,5,9,99,9,99,9,9,6,6,2,61,9,1497,8,1,NISSAN QASHQAI,2,E01003947,0,1
2024552401172,2024,552401172,2,9,0,18,19,3,7,0,0,8,0,0,0,0,1,1,6,6,1,42,7,1598,1,11,NISSAN QASHQAI,6,E01020493,0,2
2024411518450,2024,411518450,2,9,0,-1,4,1,5,-1,0,0,0,0,0,0,2,1,-1,1,1,40,7,1598,2,11,NISSAN QASHQAI,5,E01015739,0,2
2024101502795,2024,101502795,2,9,0,-1,3,7,3,-1,0,1,0,0,0,0,2,1,-1,9,2,37,7,1461,2,13,NISSAN QASHQAI,6,E01027466,0,1
2024061493168,2024,061493168,2,9,0,-1,19,3,7,-1,0,8,0,0,0,0,3,1,-1,9,1,56,9,1198,1,10,NISSAN QASHQAI,5,E01005301,0,1
202417M104724,2024,17M104724,1,9,0,18,19,7,3,0,0,1,0,0,0,0,1,1,6,6,1,31,6,1461,2,8,NISSAN QASHQAI,5,E01012110,0,2
2024161463272,2024,161463272,1,9,0,-1,19,3,7,-1,0,1,0,0,0,0,4,1,-1,9,2,46,8,1598,2,7,NISSAN QASHQAI,8,E01013256,0,1
2024010542187,2024,010542187,1,9,0,5,5,3,7,0,0,1,0,0,0,0,3,1,3,7,2,34,6,1598,1,12,NISSAN QASHQAI,1,E01002037,0,1
2024631505693,2024,631505693,2,9,0,-1,19,2,6,-1,0,0,0,0,0,0,3,1,-1,9,1,50,8,1461,2,9,NISSAN QASHQAI,4,E01032445,0,4
2024461403068,2024,461403068,3,9,0,-1,5,1,5,-1,0,6,0,0,0,0,3,1,-1,9,2,38,7,1197,1,6,NISSAN QASHQAI,4,E01016168,0,1
2024010535913,2024,010535913,1,9,0,3,3,1,5,0,0,8,0,0,0,0,4,1,6,6,2,38,7,1198,1,9,NISSAN QASHQAI,3,E01002550,0,3
2024010548590,2024,010548590,1,9,0,5,5,1,5,0,0,3,0,0,0,0,2,1,3,7,2,40,7,1197,1,8,NISSAN QASHQAI,2,E01002227,0,1
2024552401410,2024,552401410,2,9,0,18,19,2,6,0,0,0,0,0,0,0,3,1,6,6,2,45,7,1332,8,3,NISSAN QASHQAI,9,E01019958,0,4
2024461499715,2024,461499715,1,9,0,-1,19,5,1,-1,0,0,0,4,1,0,1,1,-1,9,2,58,9,1332,8,2,NISSAN QASHQAI,3,E01024559,0,1
2024302401622,2024,302401622,1,9,0,3,3,6,2,0,0,0,0,0,0,0,3,1,1,1,2,47,8,1461,2,15,NISSAN QASHQAI,4,E01027996,0,2
2024522403255,2024,522403255,2,9,0,9,9,6,5,0,0,6,0,0,0,0,3,1,6,6,1,45,7,1198,1,9,NISSAN QASHQAI,5,E01014861,0,2
2024010500360,2024,010500360,2,9,0,99,99,9,9,99,99,9,9,99,9,99,9,9,6,6,3,-1,-1,1332,8,1,NISSAN QASHQAI,-1,-1,0,-1
2024471483670,2024,471483670,2,9,0,-1,19,3,7,-1,0,0,0,4,0,0,1,1,-1,9,1,60,9,1332,8,3,NISSAN QASHQAI,9,E01017003,0,4
2024010520627,2024,010520627,6,9,0,2,2,0,0,0,0,0,0,4,0,0,1,1,6,6,3,-1,-1,1598,1,11,NISSAN QASHQAI,-1,-1,0,-1
2024991481119,2024,991481119,1,9,0,-1,19,6,2,-1,0,0,0,0,8,11,3,1,-1,9,1,57,9,1332,8,2,NISSAN QASHQAI,8,-1,0,4
2024991541114,2024,991541114,2,9,0,-1,5,8,4,-1,0,8,0,0,0,0,1,1,-1,9,2,50,8,1332,8,2,NISSAN QASHQAI,8,-1,0,1
2024061401697,2024,061401697,1,9,-1,-1,-1,-1,-1,-1,-1,0,-1,-1,-1,0,-1,1,-1,6,3,-1,-1,1461,2,12,NISSAN QASHQAI,-1,-1,0,-1
2024610054124,2024,610054124,1,9,0,7,7,1,3,0,0,3,0,0,1,0,3,1,6,6,2,49,8,1461,2,9,NISSAN QASHQAI,2,W01001532,0,1
2024010501194,2024,010501194,1,9,0,8,8,1,3,0,0,1,0,0,0,0,1,1,3,7,2,32,6,1198,1,10,NISSAN QASHQAI,4,E01000571,0,1
2024131508996,2024,131508996,2,9,0,-1,19,1,5,-1,0,1,1,0,0,0,1,1,-1,6,-1,-1,-1,1598,1,11,NISSAN QASHQAI,-1,-1,0,-1
2024010522176,2024,010522176,1,9,0,18,19,3,7,0,0,1,0,0,0,0,1,1,3,7,2,42,7,1197,1,8,NISSAN QASHQAI,9,E01000412,0,1
2024501453282,2024,501453282,2,9,0,-1,19,1,5,-1,0,1,0,0,0,0,1,1,-1,7,2,37,7,1461,2,5,NISSAN QASHQAI,10,E01020167,0,1
2024421437358,2024,421437358,2,9,0,-1,4,2,6,-1,0,0,0,0,0,0,2,1,-1,9,2,28,6,1332,1,5,NISSAN QASHQAI,10,E01022085,0,1
2024010500999,2024,010500999,1,9,0,18,19,8,4,0,0,1,5,0,1,0,3,1,2,2,1,62,9,1197,1,7,NISSAN QASHQAI,3,E01002064,0,2
2024010515959,2024,010515959,2,9,0,99,99,9,9,99,99,9,9,99,9,99,9,9,6,6,3,-1,-1,1332,8,2,NISSAN QASHQAI,6,E01003218,0,1
2024010517626,2024,010517626,1,9,0,7,7,5,7,2,2,5,0,0,0,0,1,1,6,6,2,62,9,1197,1,8,NISSAN QASHQAI,2,E01003075,0,1
2024010498612,2024,010498612,2,9,9,99,99,9,9,99,99,9,9,99,9,99,9,9,6,6,3,-1,-1,1197,1,8,NISSAN QASHQAI,-1,-1,0,-1
2024041488599,2024,041488599,2,9,0,-1,19,1,5,-1,0,0,0,0,0,0,2,1,-1,9,1,42,7,1497,8,0,NISSAN QASHQAI,1,E01007327,0,4
2024501398151,2024,501398151,1,9,0,-1,19,1,5,-1,0,0,0,0,0,0,1,9,-1,6,1,41,7,1461,2,10,NISSAN QASHQAI,4,E01020323,0,3
2024522401162,2024,522401162,2,9,0,7,7,8,2,0,0,5,0,0,0,0,1,1,6,6,2,24,5,1197,1,6,NISSAN QASHQAI,3,E01014572,0,1
2024201453171,2024,201453171,2,9,0,-1,3,1,5,-1,0,1,0,0,0,0,2,1,-1,9,1,59,9,1461,2,12,NISSAN QASHQAI,-1,-1,0,-1
2024131441662,2024,131441662,2,9,0,-1,2,0,0,-1,0,8,0,0,0,0,2,1,-1,6,-1,-1,-1,1332,1,3,NISSAN QASHQAI,-1,-1,0,-1
2024201406805,2024,201406805,2,9,0,-1,19,6,2,-1,0,0,0,0,0,0,2,1,-1,6,1,40,7,1598,2,12,NISSAN QASHQAI,-1,-1,0,-1
2024061459126,2024,061459126,1,9,0,-1,5,1,5,-1,0,1,0,0,0,0,1,1,-1,9,2,39,7,1598,2,11,NISSAN QASHQAI,5,E01005993,0,2
2024421496857,2024,421496857,2,9,0,-1,2,0,0,-1,0,0,0,0,0,0,0,1,-1,6,-1,-1,-1,1461,2,15,NISSAN QASHQAI,-1,-1,0,-1
2024991448436,2024,991448436,2,9,0,-1,19,2,6,-1,0,0,0,0,0,0,1,1,-1,9,2,62,9,1332,8,2,NISSAN QASHQAI,9,-1,0,1
2024461511168,2024,461511168,1,9,0,-1,19,4,8,-1,0,0,1,1,0,0,1,1,-1,6,2,45,7,1197,1,8,NISSAN QASHQAI,1,E01021271,0,4
2024131505670,2024,131505670,2,9,0,-1,19,8,7,-1,0,0,0,0,0,0,3,1,-1,9,2,41,7,1461,2,8,NISSAN QASHQAI,1,E01011756,0,1
2024201501818,2024,201501818,1,9,0,-1,9,4,2,-1,0,5,0,0,0,0,1,9,-1,6,3,-1,-1,1497,8,0,NISSAN QASHQAI,9,E01016544,0,5
2024351509927,2024,351509927,1,9,0,-1,-1,-1,-1,-1,-1,-1,-1,-1,-1,0,-1,1,-1,6,1,-1,-1,1461,2,5,NISSAN QASHQAI,-1,-1,0,-1
2024052402827,2024,052402827,3,9,0,2,2,0,0,0,0,0,0,0,0,0,3,1,6,6,3,-1,-1,1332,8,0,NISSAN QASHQAI,-1,-1,0,-1
2024991490772,2024,991490772,2,9,0,-1,9,6,4,-1,0,8,0,0,0,0,3,1,-1,9,2,41,7,1598,2,11,NISSAN QASHQAI,5,-1,0,1
2024622500011,2024,622500011,2,9,0,11,11,8,4,0,0,0,0,0,0,0,2,1,6,6,1,64,9,1197,1,7,NISSAN QASHQAI,9,W01002024,0,1
2024010515968,2024,010515968,2,9,0,11,11,7,3,0,0,1,0,0,0,0,4,1,6,6,1,74,10,1197,1,6,NISSAN QASHQAI,-1,-1,0,-1
2024101508274,2024,101508274,1,9,0,-1,5,3,7,-1,9,0,0,0,1,0,1,1,-1,9,1,80,11,1332,1,5,NISSAN QASHQAI,9,E01027509,0,3
2024311510542,2024,311510542,2,9,0,-1,19,4,8,-1,0,0,0,0,0,0,3,1,-1,6,1,27,6,1461,2,12,NISSAN QASHQAI,-1,-1,0,-1
2024451403136,2024,451403136,1,9,0,-1,19,7,3,-1,0,0,0,0,5,6,1,1,-1,9,2,33,6,1598,1,16,NISSAN QASHQAI,10,E01030352,0,1
2024430330764,2024,430330764,1,9,0,18,19,2,6,0,0,8,5,0,0,0,4,1,6,6,1,31,6,1332,8,2,NISSAN QASHQAI,10,E01017751,0,3
2024991525569,2024,991525569,1,9,0,-1,19,5,1,-1,0,0,0,0,0,0,4,1,-1,9,1,53,8,1461,2,10,NISSAN QASHQAI,3,-1,0,1
2024010535384,2024,010535384,2,9,0,5,5,7,3,0,0,2,0,0,0,0,1,1,6,6,1,-1,-1,1598,1,12,NISSAN QASHQAI,3,E01000502,0,3
2024991499293,2024,991499293,1,9,0,-1,9,3,1,-1,0,8,0,0,3,0,1,1,-1,9,1,44,7,1461,2,9,NISSAN QASHQAI,7,-1,0,3
2024302400889,2024,302400889,1,9,0,14,14,8,4,0,0,0,0,0,0,0,1,1,3,7,2,42,7,1332,1,4,NISSAN QASHQAI,1,E01019808,0,1
2024141445285,2024,141445285,1,9,0,-1,3,8,4,-1,0,1,0,0,0,0,2,1,-1,9,1,48,8,1332,8,0,NISSAN QASHQAI,1,E01007949,0,1
2024531484230,2024,531484230,2,9,0,-1,19,6,2,-1,0,1,0,0,0,0,1,1,-1,1,1,36,7,1332,8,0,NISSAN QASHQAI,3,E01031914,0,4
2024131534961,2024,131534961,1,9,0,-1,19,1,5,-1,0,1,0,0,0,0,1,2,-1,6,1,46,8,1461,2,7,NISSAN QASHQAI,3,E01010669,0,2
2024010510327,2024,010510327,1,9,0,18,19,8,4,0,0,8,0,0,0,0,3,1,6,6,2,30,6,1997,1,12,NISSAN QASHQAI,9,E01004116,0,1
2024041439027,2024,041439027,1,9,0,-1,7,1,3,-1,0,0,0,0,0,0,1,1,-1,2,1,60,9,1197,1,7,NISSAN QASHQAI,8,E01034349,0,3
2024440318229,2024,440318229,1,9,0,9,9,3,1,0,0,2,0,0,0,0,1,1,6,6,1,77,11,1598,1,16,NISSAN QASHQAI,10,E01022720,0,1
2024501525697,2024,501525697,2,9,0,-1,19,4,8,-1,0,0,5,0,2,10,3,1,-1,2,2,43,7,1198,1,10,NISSAN QASHQAI,4,E01015175,0,3
2024221452468,2024,221452468,2,9,0,-1,3,3,7,-1,0,1,0,0,0,0,2,9,-1,6,1,30,6,1461,2,10,NISSAN QASHQAI,6,E01028874,0,4
2024041442277,2024,041442277,2,9,0,-1,19,3,7,-1,0,0,0,0,0,0,2,1,-1,6,1,51,8,1598,2,10,NISSAN QASHQAI,2,E01025072,0,1
2024311508690,2024,311508690,1,9,0,-1,19,5,8,-1,0,1,0,0,0,0,1,1,-1,2,1,33,6,1598,2,10,NISSAN QASHQAI,1,E01027939,0,1
2024351570068,2024,351570068,1,9,0,-1,19,1,5,-1,0,0,5,0,7,0,1,1,-1,6,2,65,9,1497,8,0,NISSAN QASHQAI,10,E01006367,0,5
2024501396842,2024,501396842,1,9,0,-1,19,7,3,-1,0,8,0,0,0,0,1,1,-1,6,2,44,7,1198,1,9,NISSAN QASHQAI,6,E01020161,0,3
2024010521636,2024,010521636,2,9,0,18,19,5,1,0,0,0,0,0,0,0,1,1,6,6,2,39,7,1598,1,14,NISSAN QASHQAI,3,E01023343,0,3
2024010499818,2024,010499818,2,9,0,5,5,6,2,0,0,2,0,0,0,0,1,1,6,6,2,54,8,1598,1,11,NISSAN QASHQAI,7,E01034593,0,1
2024201504931,2024,201504931,1,9,0,-1,19,1,5,-1,0,0,0,10,7,3,3,1,-1,6,2,67,10,1598,2,12,NISSAN QASHQAI,3,E01010396,0,1
2024440137686,2024,440137686,1,9,0,3,3,7,3,0,0,0,0,0,0,0,2,1,6,6,2,48,8,1461,2,11,NISSAN QASHQAI,1,E01017163,0,1
2024031479727,2024,031479727,1,9,0,-1,5,1,7,-1,0,8,0,0,0,0,2,1,-1,9,2,51,8,1497,8,1,NISSAN QASHQAI,-1,-1,0,-1
2024070493113,2024,070493113,2,9,0,18,19,2,6,0,0,8,0,0,0,0,1,1,6,6,1,42,7,1461,2,9,NISSAN QASHQAI,2,E01018364,0,1
2024451436556,2024,451436556,1,9,0,-1,19,3,7,-1,0,4,0,9,7,1,1,1,-1,6,1,66,10,1332,8,1,NISSAN QASHQAI,4,E01030364,0,1
2024010537536,2024,010537536,1,9,0,18,19,3,7,0,0,1,0,0,0,0,1,1,6,6,1,38,7,1598,1,14,NISSAN QASHQAI,5,E01000006,0,1
2024131475457,2024,131475457,1,9,0,-1,9,6,4,-1,0,8,0,0,0,0,1,1,-1,9,2,73,10,1197,1,9,NISSAN QASHQAI,6,E01010932,0,2
2024451448464,2024,451448464,1,9,0,-1,19,1,3,-1,0,0,0,0,0,0,1,9,-1,6,1,74,10,1332,1,4,NISSAN QASHQAI,4,E01030709,0,1
2024340WN2912,2024,340WN2912,3,9,0,-1,4,1,5,-1,0,1,0,0,0,0,2,1,-1,6,2,-1,-1,1598,1,15,NISSAN QASHQAI,-1,-1,0,-1
2024501490744,2024,501490744,2,9,0,-1,19,2,6,-1,0,0,0,0,0,0,1,1,-1,9,1,31,6,1461,2,11,NISSAN QASHQAI,2,E01015234,0,1
2024991520526,2024,991520526,2,9,0,-1,19,1,5,-1,0,0,0,0,0,0,2,1,-1,9,2,45,7,1461,2,9,NISSAN QASHQAI,3,-1,0,3
202417L203824,2024,17L203824,1,9,0,-1,3,5,1,-1,0,0,0,0,0,0,2,1,-1,2,2,39,7,1461,2,8,NISSAN QASHQAI,-1,-1,0,-1
2024061469513,2024,061469513,3,9,0,-1,3,4,8,-1,0,0,0,0,0,0,2,1,-1,6,1,30,6,1598,1,13,NISSAN QASHQAI,3,E01033680,0,1
2024541981624,2024,541981624,1,9,0,18,19,3,7,0,0,0,0,0,0,0,1,1,1,1,2,50,8,1997,1,17,NISSAN QASHQAI,-1,-1,0,-1
2024041453228,2024,041453228,2,9,0,-1,19,7,3,-1,0,8,0,0,7,0,1,1,-1,2,1,61,9,1618,1,6,NISSAN QASHQAI,1,E01025287,0,2
2024010519100,2024,010519100,1,9,0,99,99,9,9,99,99,9,9,99,9,99,1,9,6,6,3,-1,-1,1332,8,2,NISSAN QASHQAI,7,E01002827,0,1
2024991477483,2024,991477483,1,9,0,-1,4,1,5,-1,0,0,0,0,0,0,4,1,-1,9,2,43,7,1461,2,8,NISSAN QASHQAI,10,-1,0,1
2024471497223,2024,471497223,3,9,0,-1,2,0,0,-1,0,0,0,0,0,0,4,1,-1,6,-1,-1,-1,1461,2,9,NISSAN QASHQAI,-1,-1,0,-1
2024430439088,2024,430439088,1,9,0,9,9,2,8,0,0,5,0,0,0,0,4,1,6,6,1,56,9,1598,2,8,NISSAN QASHQAI,8,E01033971,0,2
2024041510157,2024,041510157,3,9,0,-1,19,1,1,-1,0,0,0,0,0,0,2,1,-1,2,2,65,9,1332,8,1,NISSAN QASHQAI,9,E01025553,0,3
2024041436421,2024,041436421,1,9,0,-1,19,3,7,-1,0,0,0,0,6,0,3,1,-1,9,2,54,8,1332,1,4,NISSAN QASHQAI,1,E01025590,0,2
2024131431308,2024,131431308,3,9,0,-1,19,5,1,-1,0,0,0,0,0,0,1,1,-1,9,1,51,8,1461,2,9,NISSAN QASHQAI,9,E01027791,0,4
2024440096525,2024,440096525,1,9,0,9,9,2,8,0,0,6,0,0,0,0,3,1,2,2,2,31,6,1598,1,12,NISSAN QASHQAI,9,E01022950,0,2
2024010509510,2024,010509510,2,9,0,99,99,9,9,99,99,9,9,99,9,99,9,9,6,6,3,-1,-1,1598,1,17,NISSAN QASHQAI,2,E01016009,0,3