collision_index,collision_year,collision_ref_no,vehicle_reference,vehicle_type,towing_and_articulation,vehicle_manoeuvre_historic,vehicle_manoeuvre,vehicle_direction_from,vehicle_direction_to,vehicle_location_restricted_lane_historic,vehicle_location_restricted_lane,junction_location,skidding_and_overturning,hit_object_in_carriageway,vehicle_leaving_carriageway,hit_object_off_carriageway,first_point_of_impact,vehicle_left_hand_drive,journey_purpose_of_driver_historic,journey_purpose_of_driver,sex_of_driver,age_of_driver,age_band_of_driver,engine_capacity_cc,propulsion_code,age_of_vehicle,generic_make_model,driver_imd_decile,lsoa_of_driver,escooter_flag,driver_distance_banding
2024231451958,2024,231451958,5,9,0,-1,2,0,0,-1,0,0,0,0,0,0,3,9,-1,6,2,37,7,1461,2,13,NISSAN QASHQAI,3,E01031073,0,1
2024061523946,2024,061523946,1,9,0,-1,19,3,7,-1,0,0,0,0,0,0,1,1,-1,9,1,86,11,1332,1,3,NISSAN QASHQAI,-1,-1,0,-1
2024010534395,2024,010534395,1,9,9,3,3,7,3,99,99,9,9,99,9,99,9,9,6,6,2,61,9,1198,1,10,NISSAN QASHQAI,4,E01003102,0,1
2024010525275,2024,010525275,3,9,0,18,19,7,3,0,0,8,0,0,0,0,1,1,6,6,1,30,6,1461,2,5,NISSAN QASHQAI,4,E01001674,0,2
2024111517736,2024,111517736,1,9,0,-1,14,3,7,-1,0,1,0,0,0,0,1,1,-1,9,1,79,11,1461,2,10,NISSAN QASHQAI,6,E01020632,0,1
2024552400899,2024,552400899,1,9,3,18,19,6,2,0,0,0,1,0,0,0,0,1,6,6,1,72,10,1749,2,4,NISSAN QASHQAI,9,E01025870,0,5
2024451404943,2024,451404943,1,9,0,-1,2,0,0,-1,0,0,0,0,0,0,2,1,-1,6,-1,-1,-1,1598,2,11,NISSAN QASHQAI,-1,-1,0,-1
202454A560424,2024,54A560424,1,9,0,5,5,4,8,0,0,6,0,0,0,0,4,1,6,6,2,35,6,1598,1,11,NISSAN QASHQAI,6,E01032037,0,3
2024061503150,2024,061503150,2,9,0,-1,19,5,8,-1,0,1,0,0,0,0,2,1,-1,9,2,35,6,1332,1,5,NISSAN QASHQAI,3,E01006159,0,1
2024991499883,2024,991499883,2,9,0,-1,4,3,7,-1,0,0,0,0,0,0,1,1,-1,1,1,48,8,1197,1,8,NISSAN QASHQAI,5,-1,0,1
2024061531978,2024,061531978,1,9,0,-1,10,5,2,-1,0,1,0,0,0,0,3,1,-1,2,2,50,8,1598,2,9,NISSAN QASHQAI,-1,-1,0,-1
2024520403052,2024,520403052,1,9,0,16,19,1,5,0,0,0,5,0,0,0,1,1,6,6,1,43,7,1598,1,13,NISSAN QASHQAI,9,E01014765,0,4
2024471416254,2024,471416254,2,9,0,-1,2,0,0,-1,0,1,0,0,0,0,4,1,-1,6,-1,-1,-1,1197,1,9,NISSAN QASHQAI,-1,-1,0,-1
2024231474588,2024,231474588,1,9,0,-1,19,5,8,-1,0,6,0,0,0,0,4,1,-1,9,1,73,10,1461,2,5,NISSAN QASHQAI,9,E01025948,0,3
2024311503203,2024,311503203,1,9,0,-1,19,5,1,-1,0,2,0,0,0,0,1,1,-1,9,1,52,8,1461,2,9,NISSAN QASHQAI,-1,-1,0,-1
2024122500148,2024,122500148,1,9,0,7,7,3,5,4,4,8,0,0,0,0,1,1,2,2,1,47,8,1461,2,11,NISSAN QASHQAI,2,E01013444,0,1
2024461506392,2024,461506392,2,9,0,-1,3,3,7,-1,0,1,0,0,0,0,2,9,-1,6,2,30,6,1598,1,11,NISSAN QASHQAI,3,E01024291,0,1
2024991411345,2024,991411345,1,9,0,-1,19,5,1,-1,0,1,0,0,0,0,1,1,-1,9,1,53,8,1994,2,14,NISSAN QASHQAI,-1,-1,0,-1
2024430563495,2024,430563495,2,9,0,18,19,7,3,0,0,8,0,0,1,11,4,1,6,6,2,54,8,1332,8,1,NISSAN QASHQAI,9,E01028444,0,2
2024311420694,2024,311420694,2,9,0,-1,10,2,6,-1,0,0,0,0,0,0,2,1,-1,6,2,33,6,1332,1,4,NISSAN QASHQAI,7,E01028240,0,1
2024131471346,2024,131471346,1,9,0,-1,12,7,5,-1,0,1,0,0,7,0,1,1,-1,6,2,63,9,1332,8,2,NISSAN QASHQAI,6,E01011551,0,2
2024070709574,2024,070709574,2,9,0,-1,2,0,0,-1,9,0,0,0,0,4,3,1,-1,9,1,45,7,1461,2,8,NISSAN QASHQAI,2,E01012522,0,1
2024161526766,2024,161526766,3,9,0,-1,4,5,1,-1,0,0,0,0,0,0,2,1,-1,6,2,34,6,1598,1,13,NISSAN QASHQAI,1,E01012874,0,1
2024421467727,2024,421467727,1,9,0,-1,5,4,1,-1,0,0,0,0,0,0,1,1,-1,9,2,66,10,1198,1,10,NISSAN QASHQAI,4,E01021905,0,3
2024010536538,2024,010536538,2,9,0,12,12,6,2,0,0,0,0,0,0,0,1,1,2,2,2,52,8,1497,8,2,NISSAN QASHQAI,1,E01003517,0,3
2024320393007,2024,320393007,2,9,0,9,9,6,5,0,0,5,0,0,0,0,4,1,-1,-1,2,32,6,1461,2,11,NISSAN QASHQAI,9,E01026334,0,1
2024101553548,2024,101553548,2,9,0,-1,19,1,5,-1,0,0,0,0,0,0,2,1,-1,9,2,24,5,1332,8,1,NISSAN QASHQAI,9,E01008863,0,3
2024201452696,2024,201452696,3,9,0,-1,19,8,4,-1,0,3,0,0,0,0,2,1,-1,6,2,54,8,1461,2,6,NISSAN QASHQAI,4,E01009861,0,3
2024131533470,2024,131533470,2,9,0,-1,9,5,1,-1,0,1,0,0,0,0,1,1,-1,6,2,46,8,1461,2,5,NISSAN QASHQAI,2,E01033899,0,2
2024111423215,2024,111423215,2,9,0,-1,4,5,1,-1,0,0,0,0,0,0,2,1,-1,6,1,43,7,1618,1,8,NISSAN QASHQAI,4,E01020832,0,1
2024221534384,2024,221534384,1,9,0,-1,13,3,7,-1,0,8,0,10,7,11,1,9,-1,6,1,30,6,1197,1,9,NISSAN QASHQAI,-1,-1,0,-1
2024461405964,2024,461405964,1,9,0,-1,5,3,7,-1,0,0,0,0,0,0,1,1,-1,1,2,38,7,1461,2,9,NISSAN QASHQAI,1,E01024621,0,1
2024371469352,2024,371469352,2,9,0,-1,19,4,2,-1,0,0,0,0,0,0,1,1,-1,6,2,72,10,1332,8,2,NISSAN QASHQAI,5,E01030130,0,2
2024461509311,2024,461509311,1,9,0,-1,19,5,1,-1,0,0,0,0,0,0,3,9,-1,6,3,-1,-1,1332,8,1,NISSAN QASHQAI,5,E01000330,0,1
2024991408515,2024,991408515,1,9,0,-1,1,2,6,-1,0,0,2,0,0,0,2,1,-1,9,1,52,8,1332,1,3,NISSAN QASHQAI,8,-1,0,1
2024501408471,2024,501408471,2,9,0,-1,4,7,3,-1,0,1,0,0,0,0,2,1,-1,9,2,63,9,1332,8,1,NISSAN QASHQAI,5,E01020177,0,3
2024440034525,2024,440034525,2,9,0,18,19,5,1,0,0,1,0,0,0,0,1,1,6,6,2,58,9,1332,8,2,NISSAN QASHQAI,2,E01017340,0,1
2024010517478,2024,010517478,1,9,0,99,99,9,9,99,99,9,9,99,9,99,9,9,6,6,3,-1,-1,1198,1,9,NISSAN QASHQAI,-1,-1,0,-1
2024010522925,2024,010522925,4,9,0,2,2,0,0,0,0,1,0,4,0,0,1,1,6,6,3,-1,-1,1997,1,11,NISSAN QASHQAI,-1,-1,0,-1
2024010509259,2024,010509259,3,9,0,3,3,1,5,0,0,1,0,0,0,0,3,1,2,2,1,48,8,1997,1,14,NISSAN QASHQAI,6,E01003772,0,1
2024440225061,2024,440225061,1,9,0,18,19,6,2,0,0,0,0,0,0,0,1,1,6,6,1,77,11,1461,2,11,NISSAN QASHQAI,-1,-1,0,-1
2024552401045,2024,552401045,2,9,0,3,3,1,5,0,0,8,0,0,0,0,2,1,6,6,1,33,6,1332,8,1,NISSAN QASHQAI,4,E01015343,0,1
2024371537209,2024,371537209,1,9,0,-1,19,7,3,-1,0,0,0,0,0,0,0,1,-1,6,1,34,6,1598,2,12,NISSAN QASHQAI,1,E01030277,0,1
2024361538952,2024,361538952,2,9,0,-1,19,3,1,-1,0,8,0,0,0,0,4,1,-1,2,2,61,9,1461,2,14,NISSAN QASHQAI,9,E01026513,0,2
2024010498034,2024,010498034,2,9,0,99,99,9,9,99,99,9,9,99,9,99,9,9,6,6,3,-1,-1,1598,1,11,NISSAN QASHQAI,-1,-1,0,-1
2024501459223,2024,501459223,1,9,0,-1,5,8,6,-1,0,6,0,0,0,0,1,1,-1,9,1,48,8,1461,2,5,NISSAN QASHQAI,5,E01019073,0,1
2024161465698,2024,161465698,1,9,0,-1,19,8,4,-1,0,0,0,0,0,0,4,9,-1,6,2,35,6,1332,1,5,NISSAN QASHQAI,5,E01012796,0,1
2024451458423,2024,451458423,1,9,0,-1,2,0,0,-1,0,1,0,0,0,0,4,9,-1,6,3,-1,-1,1598,1,17,NISSAN QASHQAI,-1,-1,0,-1
2024111429070,2024,111429070,2,9,0,-1,19,8,4,-1,0,1,0,0,0,0,0,1,-1,6,2,48,8,1332,8,2,NISSAN QASHQAI,7,E01033482,0,1
2024041427179,2024,041427179,1,9,0,-1,19,7,3,-1,0,2,0,0,0,0,3,1,-1,9,1,37,7,1461,2,10,NISSAN QASHQAI,1,E01025070,0,1
2024122400740,2024,122400740,2,9,0,2,2,0,0,0,0,0,0,0,0,0,4,1,6,6,2,34,6,1461,2,6,NISSAN QASHQAI,4,E01027866,0,1
2024201449760,2024,201449760,2,9,0,-1,3,2,6,-1,0,1,0,0,0,0,2,1,-1,6,2,38,7,1332,8,2,NISSAN QASHQAI,-1,-1,0,-1
2024141477833,2024,141477833,2,9,0,-1,19,5,1,-1,0,0,0,0,0,0,2,1,-1,9,2,49,8,1461,2,8,NISSAN QASHQAI,3,E01007639,0,3
2024451415236,2024,451415236,2,9,0,-1,19,6,2,-1,0,0,5,0,0,0,1,1,-1,2,1,39,7,1332,1,4,NISSAN QASHQAI,8,E01030474,0,2
2024421528433,2024,421528433,3,9,0,-1,4,8,4,-1,0,0,0,0,0,0,2,1,-1,9,2,56,9,1461,2,6,NISSAN QASHQAI,9,E01021937,0,1
2024361526289,2024,361526289,1,9,0,-1,5,7,3,-1,0,0,0,0,0,0,1,1,-1,6,1,45,7,1497,8,1,NISSAN QASHQAI,8,E01026913,0,2
2024111535617,2024,111535617,1,9,0,-1,19,8,4,-1,0,0,0,0,0,0,0,9,-1,6,3,30,6,1461,2,7,NISSAN QASHQAI,-1,-1,0,-1
2024421416186,2024,421416186,2,9,0,-1,19,2,6,-1,0,0,0,0,0,0,2,1,-1,9,1,33,6,1332,1,3,NISSAN QASHQAI,2,E01022055,0,4
2024141487727,2024,141487727,1,9,0,-1,4,1,5,-1,0,1,0,0,0,0,1,1,-1,6,1,44,7,1461,2,12,NISSAN QASHQAI,1,E01007760,0,1
2024501439663,2024,501439663,1,9,0,-1,19,8,4,-1,0,0,5,6,0,0,1,1,-1,9,1,61,9,1332,1,4,NISSAN QASHQAI,6,E01019945,0,4
2024440073695,2024,440073695,2,9,0,17,19,1,6,0,0,0,0,0,0,0,1,1,6,6,2,72,10,1461,2,10,NISSAN QASHQAI,2,E01017363,0,2
2024010503394,2024,010503394,2,9,9,99,99,9,9,99,99,9,9,99,9,99,9,9,6,6,3,-1,-1,1197,1,6,NISSAN QASHQAI,-1,-1,0,-1
2024052400596,2024,052400596,2,9,0,16,19,5,1,0,0,1,0,0,0,0,1,1,3,7,2,45,7,1461,2,12,NISSAN QASHQAI,6,E01006884,0,1
2024522403091,2024,522403091,2,9,0,18,19,6,2,0,0,8,0,0,0,0,1,1,6,6,1,-1,-1,1598,1,15,NISSAN QASHQAI,7,E01014505,0,1
2024010547996,2024,010547996,1,9,0,9,9,1,7,0,0,2,0,0,0,0,1,1,6,6,1,44,7,1197,1,8,NISSAN QASHQAI,3,E01002043,0,1
2024461514976,2024,461514976,2,9,0,-1,19,8,6,-1,0,1,0,0,0,0,1,1,-1,7,2,36,7,1461,2,14,NISSAN QASHQAI,2,E01024534,0,2
2024101495652,2024,101495652,1,9,0,-1,19,6,2,-1,0,1,0,0,0,0,-1,9,-1,6,2,29,6,1461,2,10,NISSAN QASHQAI,-1,-1,0,-1
2024041470312,2024,041470312,1,9,0,-1,19,6,2,-1,0,1,5,0,1,0,4,1,-1,9,1,26,6,1997,1,14,NISSAN QASHQAI,3,E01014571,0,5
2024010522480,2024,010522480,1,9,0,13,13,5,1,0,0,1,0,0,0,0,4,1,6,6,1,33,6,1332,1,4,NISSAN QASHQAI,2,E01002029,0,1
2024010505950,2024,010505950,1,9,0,5,5,3,7,0,0,8,0,0,0,0,1,1,6,6,2,43,7,1497,8,0,NISSAN QASHQAI,3,E01004467,0,1
2024622400098,2024,622400098,2,9,0,9,9,6,4,0,0,8,2,0,0,0,4,1,2,2,1,44,7,1598,2,10,NISSAN QASHQAI,2,W01000659,0,3
2024531452351,2024,531452351,2,9,0,-1,19,5,1,-1,0,0,5,0,0,0,1,1,-1,9,2,51,8,1198,1,10,NISSAN QASHQAI,9,E01022381,0,2
2024111524528,2024,111524528,2,9,0,-1,19,5,1,-1,0,0,0,0,0,0,1,1,-1,6,2,49,8,1461,2,5,NISSAN QASHQAI,8,E01008843,0,3
2024010515491,2024,010515491,2,9,0,18,19,7,3,0,0,1,0,0,0,0,1,1,6,6,1,38,7,1197,1,6,NISSAN QASHQAI,3,E01003631,0,1
2024302401614,2024,302401614,1,9,0,5,5,1,3,0,0,8,0,0,0,0,1,1,6,6,1,38,7,1995,2,12,NISSAN QASHQAI,1,E01019796,0,1
2024101537282,2024,101537282,2,9,-1,-1,-1,7,2,-1,-1,0,-1,-1,-1,0,-1,9,-1,6,1,-1,-1,1197,1,7,NISSAN QASHQAI,1,E01035619,0,1
2024411415458,2024,411415458,1,9,0,-1,19,4,8,-1,0,1,0,0,0,0,1,1,-1,9,2,37,7,1461,2,14,NISSAN QASHQAI,2,E01033804,0,2
2024010548907,2024,010548907,1,9,0,5,5,3,7,2,2,6,0,0,0,0,3,1,6,6,1,34,6,1997,1,17,NISSAN QASHQAI,2,E01002073,0,3
2024461475690,2024,461475690,1,9,0,-1,5,7,3,-1,-1,0,0,0,7,0,1,1,-1,6,1,40,7,1997,1,17,NISSAN QASHQAI,2,E01016160,0,4
2024010546475,2024,010546475,2,9,0,4,4,1,5,0,0,1,0,0,0,0,2,2,6,6,1,56,9,1598,1,16,NISSAN QASHQAI,5,E01001146,0,1
2024141470573,2024,141470573,1,9,0,-1,19,2,8,-1,0,0,0,0,1,2,1,1,-1,9,1,19,4,1598,2,11,NISSAN QASHQAI,2,E01007881,0,1
2024471405637,2024,471405637,2,9,0,-1,19,2,6,-1,0,1,0,0,0,0,1,1,-1,7,2,37,7,1461,2,12,NISSAN QASHQAI,1,E01020972,0,1
2024371427848,2024,371427848,1,9,0,-1,19,7,3,-1,0,0,0,0,0,0,1,1,-1,9,2,25,5,1461,2,13,NISSAN QASHQAI,3,E01030114,0,1
2024010522913,2024,010522913,1,9,0,2,2,0,0,0,0,0,0,0,0,0,3,1,6,6,3,-1,-1,1598,1,15,NISSAN QASHQAI,-1,-1,0,-1
2024010538023,2024,010538023,1,9,0,9,9,1,6,0,0,1,0,0,0,0,1,1,6,6,2,43,7,1997,1,14,NISSAN QASHQAI,3,E01000404,0,2
2024201553284,2024,201553284,1,9,0,-1,19,5,1,-1,0,1,0,0,0,0,1,9,-1,6,1,47,8,1598,2,9,NISSAN QASHQAI,3,E01009411,0,1
2024161482961,2024,161482961,1,9,0,-1,9,1,5,-1,0,0,1,0,0,0,4,1,-1,1,1,42,7,1994,2,16,NISSAN QASHQAI,1,E01012948,0,3
2024010532182,2024,010532182,1,9,0,7,7,8,2,0,0,1,0,0,0,0,1,1,2,2,1,35,6,1598,1,12,NISSAN QASHQAI,2,E01021270,0,4
2024401449423,2024,401449423,1,9,-1,-1,-1,-1,-1,-1,-1,0,-1,-1,-1,0,-1,9,-1,1,2,37,7,1461,2,8,NISSAN QASHQAI,8,E01017583,0,2
2024041515470,2024,041515470,1,9,0,-1,19,1,1,-1,0,1,0,0,0,0,1,1,-1,9,2,51,8,1332,1,3,NISSAN QASHQAI,2,E01025072,0,1
2024311469057,2024,311469057,1,9,0,-1,19,3,7,-1,0,0,2,0,2,4,4,1,-1,2,1,32,6,1461,2,8,NISSAN QASHQAI,3,E01019508,0,2
2024421492158,2024,421492158,1,9,0,-1,19,3,7,-1,0,8,0,0,0,0,1,1,-1,9,2,35,6,1598,2,9,NISSAN QASHQAI,2,E01027241,0,4
2024302400979,2024,302400979,2,9,0,18,19,6,2,0,0,8,0,0,1,1,3,1,3,7,1,55,8,1461,2,10,NISSAN QASHQAI,3,E01028232,0,3
2024421451804,2024,421451804,1,9,5,-1,19,1,5,-1,0,0,0,0,1,0,3,9,-1,6,2,30,6,1198,1,9,NISSAN QASHQAI,7,E01034094,0,1
2024332400925,2024,332400925,1,9,0,-1,5,7,3,-1,0,4,0,0,0,0,3,1,-1,9,2,70,10,1461,2,10,NISSAN QASHQAI,8,E01013799,0,1
2024052400464,2024,052400464,2,9,0,18,19,2,6,0,0,8,0,0,0,0,1,1,6,6,3,-1,-1,1598,1,14,NISSAN QASHQAI,-1,-1,0,-1
2024131417867,2024,131417867,2,9,0,-1,2,0,0,-1,9,1,0,0,0,0,4,1,-1,6,-1,-1,-1,1198,1,9,NISSAN QASHQAI,-1,-1,0,-1
2024302401416,2024,302401416,1,9,0,7,7,1,4,0,0,8,0,0,0,0,2,1,6,6,2,74,10,1461,2,7,NISSAN QASHQAI,8,E01019834,0,1
2024201437700,2024,201437700,1,9,0,-1,7,6,8,-1,0,6,0,0,0,0,1,9,-1,6,1,29,6,1332,8,1,NISSAN QASHQAI,1,E01009376,0,2
2024201448441,2024,201448441,1,9,0,-1,5,1,7,-1,0,0,0,0,0,0,1,1,-1,6,1,30,6,1461,2,8,NISSAN QASHQAI,-1,-1,0,-1
2024041496415,2024,041496415,2,9,0,-1,19,7,3,-1,0,8,0,0,0,0,4,1,-1,2,2,27,6,1461,2,8,NISSAN QASHQAI,7,E01025568,0,1
2024411439857,2024,411439857,1,9,0,-1,11,7,3,-1,0,0,0,0,0,0,1,1,-1,6,1,29,6,1332,8,2,NISSAN QASHQAI,7,E01003644,0,4
2024340NN4072,2024,340NN4072,2,9,0,-1,7,8,4,-1,0,4,0,0,0,0,3,1,-1,2,1,41,7,1461,2,10,NISSAN QASHQAI,4,E01026956,0,1
2024070314559,2024,070314559,1,9,0,18,19,8,4,0,0,0,0,0,0,0,1,1,1,1,2,62,9,1198,1,10,NISSAN QASHQAI,6,E01018654,0,2
2024052400588,2024,052400588,2,9,0,18,19,3,7,0,0,1,0,0,0,0,2,1,6,6,1,64,9,1497,8,1,NISSAN QASHQAI,7,E01007098,0,1
2024201423327,2024,201423327,2,9,0,-1,2,0,0,-1,0,0,0,10,1,0,2,1,-1,6,-1,-1,-1,1997,1,16,NISSAN QASHQAI,-1,-1,0,-1
2024361485540,2024,361485540,1,9,0,-1,9,5,4,-1,0,1,0,0,0,0,1,1,-1,9,1,35,6,1461,2,9,NISSAN QASHQAI,7,E01026420,0,2
2024451437071,2024,451437071,1,9,0,-1,9,3,1,-1,0,6,0,0,0,0,1,1,-1,2,2,31,6,1598,2,8,NISSAN QASHQAI,9,E01030846,0,1
2024421522930,2024,421522930,1,9,0,-1,19,1,5,-1,0,0,0,0,0,0,1,1,-1,9,1,55,8,1461,2,13,NISSAN QASHQAI,1,E01015842,0,1
2024031422175,2024,031422175,1,9,0,-1,9,1,1,-1,0,6,0,0,0,0,1,1,-1,6,1,72,10,1332,1,5,NISSAN QASHQAI,4,E01006897,0,5
2024041482811,2024,041482811,3,9,0,-1,19,7,3,-1,0,2,0,0,0,0,3,1,-1,9,1,36,7,1461,2,14,NISSAN QASHQAI,1,E01012578,0,1
2024201444112,2024,201444112,2,9,0,-1,2,0,0,-1,9,2,0,0,0,0,1,9,-1,9,1,56,9,1461,2,14,NISSAN QASHQAI,3,E01009967,0,2
2024311427084,2024,311427084,1,9,0,-1,19,7,7,-1,0,0,0,0,0,0,1,1,-1,6,1,33,6,1598,2,11,NISSAN QASHQAI,1,E01011780,0,4
2024010509268,2024,010509268,1,9,0,9,9,7,4,0,0,1,0,0,0,0,0,1,6,6,2,38,7,1332,1,3,NISSAN QASHQAI,7,E01003395,0,1
2024131448155,2024,131448155,3,9,0,-1,19,1,5,-1,0,0,0,0,0,0,0,1,-1,9,2,28,6,1197,1,6,NISSAN QASHQAI,8,E01010861,0,2
2024111471910,2024,111471910,2,9,0,-1,9,7,5,-1,0,8,0,0,0,0,4,1,-1,6,2,34,6,1332,8,1,NISSAN QASHQAI,2,E01020639,0,2
2024221453796,2024,221453796,2,9,0,-1,7,3,6,-1,0,3,0,0,0,0,1,9,-1,9,2,35,6,1461,2,5,NISSAN QASHQAI,4,E01028984,0,1
2024141501843,2024,141501843,2,9,0,-1,5,8,4,-1,0,6,0,0,0,0,1,1,-1,9,1,60,9,1461,2,9,NISSAN QASHQAI,6,E01007649,0,1
2024461405728,2024,461405728,1,9,0,-1,9,8,5,-1,0,2,0,0,0,0,1,1,-1,6,2,28,6,1461,2,9,NISSAN QASHQAI,6,E01016134,0,1
2024031424478,2024,031424478,3,9,0,-1,10,5,1,-1,0,0,0,0,0,0,2,1,-1,9,2,57,9,1461,2,5,NISSAN QASHQAI,10,E01019241,0,1
2024231404195,2024,231404195,1,9,0,-1,19,3,7,-1,0,0,0,0,0,0,1,9,-1,2,1,44,7,1332,1,4,NISSAN QASHQAI,2,E01031065,0,1
2024131497581,2024,131497581,1,9,0,-1,19,5,1,-1,0,8,0,0,0,0,1,1,-1,9,1,27,6,1598,1,16,NISSAN QASHQAI,5,E01034647,0,4
2024340NN2582,2024,340NN2582,2,9,0,-1,19,5,1,-1,0,1,0,0,0,0,1,1,-1,6,1,35,6,1598,2,10,NISSAN QASHQAI,9,E01027108,0,3
2024061531646,2024,061531646,1,9,0,-1,7,5,7,-1,0,8,0,0,0,0,1,1,-1,6,2,48,8,1598,1,15,NISSAN QASHQAI,1,E01005226,0,1
2024332400252,2024,332400252,1,9,0,-1,19,1,5,-1,0,0,0,0,0,0,1,1,-1,1,1,29,6,1461,2,8,NISSAN QASHQAI,8,E01025873,0,1
2024101498662,2024,101498662,2,9,0,-1,19,6,2,-1,0,0,0,0,0,0,4,1,-1,2,2,38,7,1461,2,8,NISSAN QASHQAI,3,E01032483,0,1
2024161398951,2024,161398951,3,9,0,-1,19,8,3,-1,0,1,0,0,0,0,1,1,-1,2,2,45,7,1461,2,10,NISSAN QASHQAI,9,E01007601,0,4
2024501442820,2024,501442820,2,9,0,-1,5,2,6,-1,0,0,0,0,0,0,0,1,-1,9,2,38,7,1197,1,7,NISSAN QASHQAI,3,E01029339,0,5
2024371432287,2024,371432287,2,9,0,-1,19,2,6,-1,0,0,1,0,0,0,1,1,-1,9,2,29,6,1497,8,1,NISSAN QASHQAI,7,E01030228,0,1
2024061405181,2024,061405181,1,9,0,-1,10,1,3,-1,0,1,0,0,0,0,3,1,-1,1,1,47,8,1461,2,7,NISSAN QASHQAI,1,E01005189,0,1
2024501481979,2024,501481979,1,9,0,-1,19,1,4,-1,0,0,0,0,0,0,3,1,-1,6,1,59,9,1461,2,14,NISSAN QASHQAI,2,E01018949,0,1
2024471523277,2024,471523277,2,9,0,-1,19,1,5,-1,0,0,1,0,0,0,1,1,-1,6,2,44,7,1332,8,3,NISSAN QASHQAI,4,E01020947,0,3
2024201444112,2024,201444112,1,9,0,-1,19,1,6,-1,0,2,5,0,0,0,3,9,-1,9,2,44,7,1461,2,15,NISSAN QASHQAI,3,E01009938,0,1
2024101401171,2024,101401171,2,9,0,-1,8,6,2,-1,0,1,0,0,0,0,2,1,-1,9,1,48,8,1461,2,9,NISSAN QASHQAI,7,E01008320,0,2
2024552500144,2024,552500144,4,9,0,18,19,4,8,0,0,0,0,0,0,0,0,1,6,6,2,29,6,1461,2,13,NISSAN QASHQAI,9,E01020457,0,1
2024161428966,2024,161428966,1,9,0,-1,19,4,8,-1,0,8,0,0,0,0,1,1,-1,9,2,32,6,1461,2,13,NISSAN QASHQAI,4,E01012799,0,1
2024010508848,2024,010508848,2,9,0,16,19,3,7,0,0,2,0,0,0,0,1,1,6,6,1,64,9,1332,8,2,NISSAN QASHQAI,4,E01003695,0,1
2024501492896,2024,501492896,2,9,0,-1,4,6,2,-1,0,0,0,0,0,0,2,1,-1,6,2,45,7,1994,2,15,NISSAN QASHQAI,2,E01019990,0,1
2024161475885,2024,161475885,1,9,0,-1,19,4,8,-1,0,1,0,0,1,11,4,1,-1,6,1,63,9,1461,2,14,NISSAN QASHQAI,3,E01013272,0,2
2024520402403,2024,520402403,1,9,0,10,10,5,3,0,0,5,0,0,0,0,3,1,6,6,1,41,7,1332,1,5,NISSAN QASHQAI,2,E01029105,0,1
2024201510165,2024,201510165,2,9,4,-1,19,6,3,-1,0,0,0,0,0,0,2,1,-1,9,1,33,6,1197,1,7,NISSAN QASHQAI,9,E01029375,0,3
2024052401687,2024,052401687,1,9,0,5,5,7,3,0,0,1,0,0,0,0,1,1,6,6,1,32,6,1197,1,7,NISSAN QASHQAI,1,E01006480,0,1
2024351458316,2024,351458316,4,9,0,-1,3,8,4,-1,0,0,0,0,0,0,2,1,-1,6,1,31,6,1598,2,9,NISSAN QASHQAI,5,E01018079,0,3
2024501397246,2024,501397246,2,9,0,-1,2,5,5,-1,0,0,0,0,0,0,4,1,-1,7,2,27,6,1461,2,9,NISSAN QASHQAI,3,E01015041,0,1
2024141527042,2024,141527042,3,9,0,-1,8,7,1,-1,0,1,0,0,0,0,1,1,-1,9,1,32,6,1598,1,11,NISSAN QASHQAI,7,E01007754,0,1
2024161426810,2024,161426810,2,9,0,-1,5,3,7,-1,0,0,0,0,0,0,4,1,-1,9,2,56,9,1598,1,16,NISSAN QASHQAI,1,E01013229,0,1
2024131532961,2024,131532961,1,9,0,-1,7,1,7,-1,0,2,0,4,0,0,3,1,-1,6,1,25,5,1461,2,15,NISSAN QASHQAI,1,E01011360,0,1
2024231517975,2024,231517975,1,9,0,-1,19,5,1,-1,0,0,0,0,0,0,1,1,-1,6,2,38,7,1332,8,1,NISSAN QASHQAI,8,E01034974,0,5
2024201527158,2024,201527158,1,9,0,-1,19,6,2,-1,0,0,0,11,0,0,4,1,-1,2,1,55,8,1332,8,1,NISSAN QASHQAI,1,E01034920,0,1
2024061436212,2024,061436212,1,9,0,-1,19,7,1,-1,0,1,0,0,0,0,0,2,-1,6,2,60,9,1197,1,8,NISSAN QASHQAI,6,E01006216,0,1
2024302500087,2024,302500087,2,9,0,-1,5,5,1,-1,0,8,0,0,0,0,3,1,-1,2,1,41,7,1332,8,1,NISSAN QASHQAI,2,E01028112,0,3
2024010542611,2024,010542611,1,9,0,18,19,3,7,0,0,5,0,0,0,0,1,1,6,6,1,25,5,1332,8,2,NISSAN QASHQAI,6,E01000486,0,1
2024010525863,2024,010525863,1,9,0,99,99,9,9,99,99,9,9,99,9,99,3,9,6,6,1,37,7,1332,1,4,NISSAN QASHQAI,6,E01004381,0,1
2024141470860,2024,141470860,1,9,0,-1,19,1,5,-1,0,0,0,0,0,0,4,1,-1,9,1,50,8,1461,2,12,NISSAN QASHQAI,1,E01008009,0,2
2024631452269,2024,631452269,2,9,0,-1,2,0,0,-1,0,2,0,0,0,0,1,1,-1,9,1,36,7,1461,2,9,NISSAN QASHQAI,9,W01000432,0,1
2024131468807,2024,131468807,2,9,0,-1,19,3,7,-1,0,1,0,0,0,0,3,1,-1,9,1,61,9,1598,1,16,NISSAN QASHQAI,3,E01011717,0,1