collision_index,collision_year,collision_ref_no,vehicle_reference,vehicle_type,towing_and_articulation,vehicle_manoeuvre_historic,vehicle_manoeuvre,vehicle_direction_from,vehicle_direction_to,vehicle_location_restricted_lane_historic,vehicle_location_restricted_lane,junction_location,skidding_and_overturning,hit_object_in_carriageway,vehicle_leaving_carriageway,hit_object_off_carriageway,first_point_of_impact,vehicle_left_hand_drive,journey_purpose_of_driver_historic,journey_purpose_of_driver,sex_of_driver,age_of_driver,age_band_of_driver,engine_capacity_cc,propulsion_code,age_of_vehicle,generic_make_model,driver_imd_decile,lsoa_of_driver,escooter_flag,driver_distance_banding
2024010538260,2024,010538260,1,9,0,18,19,7,3,0,0,0,0,0,0,0,1,1,6,6,1,53,8,1198,1,10,NISSAN QASHQAI,6,E01002523,0,1
2024340WN0802,2024,340WN0802,1,9,0,-1,19,6,8,-1,0,1,0,0,0,0,3,1,-1,6,2,42,7,1332,8,1,NISSAN QASHQAI,1,E01027153,0,1
2024211494583,2024,211494583,1,9,0,-1,19,4,1,-1,9,0,0,0,0,0,4,1,-1,9,1,86,11,1197,1,8,NISSAN QASHQAI,6,E01029778,0,1
2024201470166,2024,201470166,2,9,0,-1,19,3,8,-1,0,6,0,0,0,0,1,9,-1,6,2,39,7,1197,1,9,NISSAN QASHQAI,2,E01010039,0,1
2024430021083,2024,430021083,1,9,0,18,19,8,4,0,0,0,0,0,0,0,1,1,6,6,2,39,7,1461,2,15,NISSAN QASHQAI,6,W01000471,0,5
2024351479645,2024,351479645,2,9,0,-1,9,3,1,-1,0,5,0,0,0,0,4,1,-1,6,2,42,7,1995,2,13,NISSAN QASHQAI,7,E01018286,0,1
2024131432842,2024,131432842,2,9,0,-1,19,5,1,-1,0,0,0,0,0,0,2,1,-1,2,2,32,6,1461,2,7,NISSAN QASHQAI,10,E01013405,0,4
2024201436309,2024,201436309,2,9,0,-1,19,3,7,-1,0,8,0,0,0,0,3,1,-1,2,2,54,8,1332,8,2,NISSAN QASHQAI,1,E01009350,0,1
2024440252454,2024,440252454,1,9,0,18,19,8,4,0,0,0,0,12,0,0,1,1,6,6,2,45,7,1332,1,5,NISSAN QASHQAI,2,E01022904,0,1
2024131508575,2024,131508575,1,9,0,-1,19,1,5,-1,0,1,0,0,0,0,1,1,-1,9,1,25,5,1995,2,13,NISSAN QASHQAI,1,E01010674,0,1
2024552401469,2024,552401469,2,9,0,18,19,2,6,0,0,0,5,0,0,0,1,1,6,6,1,38,7,1332,8,2,NISSAN QASHQAI,5,E01020389,0,2
2024141460577,2024,141460577,1,9,0,-1,19,1,5,-1,0,4,0,0,0,0,3,1,-1,1,1,59,9,1461,2,14,NISSAN QASHQAI,1,E01007736,0,1
2024070635205,2024,070635205,1,9,0,5,5,8,4,0,0,6,0,0,0,0,1,1,6,6,1,69,10,1461,2,11,NISSAN QASHQAI,3,E01018378,0,1
2024101421649,2024,101421649,1,9,0,-1,7,5,7,-1,0,8,0,0,0,0,4,1,-1,6,3,40,7,1461,2,12,NISSAN QASHQAI,-1,-1,0,-1
2024131498661,2024,131498661,1,9,0,-1,5,7,3,-1,0,2,0,0,1,0,3,1,-1,2,2,41,7,1461,2,11,NISSAN QASHQAI,1,E01010832,0,1
2024131452197,2024,131452197,1,9,0,-1,9,5,3,-1,9,0,0,0,0,0,4,1,-1,9,1,79,11,1461,2,15,NISSAN QASHQAI,10,E01011932,0,1
2024501428996,2024,501428996,2,9,0,-1,19,3,7,-1,0,1,0,0,0,0,3,1,-1,7,2,23,5,1461,2,14,NISSAN QASHQAI,5,E01015070,0,1
2024421525924,2024,421525924,1,9,0,-1,5,1,6,-1,0,6,0,0,0,0,1,1,-1,6,2,43,7,1197,1,8,NISSAN QASHQAI,6,E01021355,0,2
2024361503243,2024,361503243,1,9,0,-1,19,7,3,-1,0,0,0,0,1,11,1,1,-1,9,1,21,5,1994,2,15,NISSAN QASHQAI,4,E01026794,0,2
2024351478718,2024,351478718,1,9,0,-1,19,5,2,-1,0,0,0,0,0,0,1,1,-1,9,1,57,9,1598,1,11,NISSAN QASHQAI,9,E01035534,0,1
2024010505339,2024,010505339,2,9,9,99,99,9,9,99,99,0,9,99,9,99,9,9,6,6,1,48,8,1598,1,11,NISSAN QASHQAI,4,E01003626,0,1
2024471457141,2024,471457141,2,9,0,-1,19,4,8,-1,0,8,0,0,0,0,4,1,-1,2,2,29,6,1332,8,2,NISSAN QASHQAI,2,E01020925,0,1
2024430550738,2024,430550738,1,9,0,5,5,5,1,0,0,2,0,0,0,0,3,1,1,1,1,61,9,1332,8,0,NISSAN QASHQAI,7,E01028548,0,3
2024311471717,2024,311471717,1,9,0,-1,19,2,6,-1,0,0,0,0,0,0,1,1,-1,6,2,41,7,1332,1,5,NISSAN QASHQAI,-1,-1,0,-1
2024471418802,2024,471418802,2,9,0,-1,4,5,1,-1,0,0,0,0,0,0,2,1,-1,9,1,41,7,1332,8,0,NISSAN QASHQAI,10,E01031768,0,1
2024320121456,2024,320121456,2,9,0,-1,-1,4,1,0,0,8,0,0,0,0,4,1,-1,-1,2,39,7,1461,2,10,NISSAN QASHQAI,6,E01026260,0,1
202417S105524,2024,17S105524,1,9,0,-1,10,8,5,-1,0,1,0,0,0,0,4,1,-1,9,1,54,8,1497,8,1,NISSAN QASHQAI,8,E01012227,0,2
2024211515894,2024,211515894,2,9,0,-1,19,1,1,-1,0,2,0,0,0,0,4,1,-1,6,1,52,8,1461,2,14,NISSAN QASHQAI,1,E01014212,0,1
2024041446575,2024,041446575,1,9,0,-1,19,3,7,-1,0,0,2,0,1,4,4,2,-1,9,1,43,7,1461,2,8,NISSAN QASHQAI,1,E01025188,0,1
2024010535494,2024,010535494,1,9,0,18,19,1,5,0,0,2,0,0,0,0,1,1,3,7,2,36,7,1332,1,5,NISSAN QASHQAI,4,E01004038,0,1
2024231522113,2024,231522113,2,9,0,-1,9,6,4,-1,0,3,0,0,0,0,4,1,-1,2,1,41,7,1197,1,7,NISSAN QASHQAI,1,E01034747,0,2
2024471500568,2024,471500568,1,9,0,-1,19,3,7,-1,0,0,0,0,0,0,4,1,-1,1,1,54,8,1461,2,10,NISSAN QASHQAI,1,E01016880,0,1
2024461491268,2024,461491268,2,9,0,-1,19,7,3,-1,0,0,0,0,0,0,3,1,-1,6,1,57,9,1332,1,4,NISSAN QASHQAI,2,E01024686,0,1
2024041449499,2024,041449499,2,9,0,-1,4,1,5,-1,0,0,0,0,0,0,2,1,-1,2,1,47,8,1461,2,9,NISSAN QASHQAI,1,E01025218,0,2
2024461470415,2024,461470415,1,9,0,-1,19,1,5,-1,0,0,0,0,0,0,4,1,-1,6,1,56,9,1497,8,1,NISSAN QASHQAI,4,E01024673,0,1
2024111414154,2024,111414154,1,9,0,-1,7,6,8,-1,0,1,0,0,0,0,3,1,-1,6,1,69,10,1497,8,1,NISSAN QASHQAI,3,E01020677,0,3
2024401455671,2024,401455671,1,9,0,-1,19,2,6,-1,0,2,5,0,0,0,1,1,-1,6,1,27,6,1332,8,1,NISSAN QASHQAI,3,E01000577,0,4
2024351445049,2024,351445049,1,9,0,-1,19,1,3,-1,0,3,0,0,0,0,2,1,-1,6,2,32,6,1332,1,5,NISSAN QASHQAI,2,E01035538,0,1
2024201421926,2024,201421926,1,9,0,-1,7,7,8,-1,0,5,0,0,0,0,1,1,-1,6,1,50,8,1598,2,9,NISSAN QASHQAI,-1,-1,0,-1
2024010502653,2024,010502653,2,9,0,99,99,9,9,99,99,9,9,99,9,99,1,9,6,6,3,21,5,1598,2,8,NISSAN QASHQAI,3,E01000485,0,1
2024461505904,2024,461505904,2,9,0,-1,10,0,0,-1,0,1,0,0,0,0,2,1,-1,9,2,54,8,1332,8,2,NISSAN QASHQAI,4,E01024042,0,1
2024141405378,2024,141405378,1,9,0,-1,4,3,7,-1,0,0,0,0,0,0,2,1,-1,9,1,30,6,1332,8,3,NISSAN QASHQAI,4,E01007536,0,2
2024501468711,2024,501468711,2,9,0,-1,4,-1,-1,-1,0,0,0,0,0,0,4,1,-1,9,2,33,6,1461,2,6,NISSAN QASHQAI,6,E01015244,0,2
2024401432507,2024,401432507,2,9,0,-1,2,0,0,-1,0,0,0,0,0,0,1,1,-1,6,2,26,6,1461,2,6,NISSAN QASHQAI,7,E01017420,0,3
2024440475684,2024,440475684,1,9,0,4,4,7,3,0,0,8,0,0,0,0,1,1,6,6,1,65,9,1461,2,12,NISSAN QASHQAI,8,E01028578,0,5
2024501450541,2024,501450541,1,9,0,-1,19,7,3,-1,0,2,0,0,0,0,1,1,-1,6,1,62,9,1198,1,10,NISSAN QASHQAI,1,E01015266,0,1
2024361469357,2024,361469357,1,9,0,-1,19,5,1,-1,0,4,1,0,3,0,4,1,-1,6,1,80,11,1332,8,2,NISSAN QASHQAI,4,E01026841,0,4
2024311428478,2024,311428478,3,9,0,-1,19,5,1,-1,0,1,0,0,0,0,1,1,-1,6,2,35,6,1197,1,8,NISSAN QASHQAI,10,E01028091,0,1
2024991453165,2024,991453165,1,9,0,-1,5,1,5,-1,0,4,0,0,0,0,1,1,-1,9,1,52,8,1497,8,1,NISSAN QASHQAI,4,-1,0,1
2024361514901,2024,361514901,1,9,0,-1,19,3,6,-1,0,1,0,4,0,0,1,1,-1,9,1,81,11,1461,2,9,NISSAN QASHQAI,7,E01026746,0,1
2024010544055,2024,010544055,2,9,0,9,9,7,4,0,0,1,1,0,7,10,1,1,6,6,1,23,5,1598,2,8,NISSAN QASHQAI,2,E01035682,0,1
2024221460413,2024,221460413,2,9,0,-1,19,8,4,-1,0,8,0,0,0,0,1,1,-1,2,2,27,6,1461,2,11,NISSAN QASHQAI,2,E01028962,0,1
2024161435697,2024,161435697,2,9,0,-1,19,8,4,-1,0,0,0,0,0,0,1,1,-1,6,1,48,8,1332,1,5,NISSAN QASHQAI,4,E01012756,0,1
2024401419445,2024,401419445,1,9,0,-1,19,4,8,-1,0,0,0,4,0,0,1,1,-1,6,1,-1,-1,1197,1,7,NISSAN QASHQAI,-1,-1,0,-1
2024320348337,2024,320348337,1,9,0,-1,-1,8,4,0,0,0,0,0,0,0,1,1,-1,-1,2,58,9,1332,1,3,NISSAN QASHQAI,4,E01026190,0,2
2024451486958,2024,451486958,1,9,0,-1,3,7,3,-1,0,0,0,0,0,0,2,1,-1,2,1,42,7,1598,1,14,NISSAN QASHQAI,8,E01030859,0,2
2024061419954,2024,061419954,1,8,0,-1,9,3,1,-1,1,5,0,0,0,0,3,1,-1,6,1,51,8,1461,2,6,NISSAN QASHQAI,2,E01005200,0,2
2024201479888,2024,201479888,1,9,0,-1,19,7,3,-1,0,0,0,0,0,0,1,1,-1,6,1,52,8,1332,8,3,NISSAN QASHQAI,1,E01009501,0,3
2024430477417,2024,430477417,1,9,0,18,19,8,4,0,0,0,0,0,0,0,1,1,6,6,3,-1,-1,1332,1,5,NISSAN QASHQAI,-1,-1,0,-1
2024041421220,2024,041421220,1,9,0,-1,19,3,7,-1,0,2,0,0,0,0,1,1,-1,9,1,20,4,1598,1,13,NISSAN QASHQAI,2,E01012689,0,1
2024471457368,2024,471457368,2,9,0,-1,7,6,2,-1,0,0,0,0,0,0,2,1,-1,9,1,73,10,1461,2,14,NISSAN QASHQAI,2,E01016911,0,1
2024131503588,2024,131503588,1,9,0,-1,-1,-1,-1,-1,-1,8,-1,-1,-1,0,-1,1,-1,6,3,-1,-1,1598,2,7,NISSAN QASHQAI,-1,-1,0,-1
2024552401139,2024,552401139,2,9,0,3,3,2,6,0,0,0,0,0,0,0,2,1,6,6,1,45,7,1598,1,11,NISSAN QASHQAI,7,E01015354,0,1
2024010530973,2024,010530973,5,9,0,18,19,1,5,0,0,0,0,0,0,0,0,1,6,6,1,67,10,1332,8,1,NISSAN QASHQAI,3,E01003315,0,4
2024421456805,2024,421456805,1,9,0,-1,19,8,4,-1,0,0,2,0,8,4,1,1,-1,6,2,26,6,1598,2,7,NISSAN QASHQAI,6,E01021981,0,1
2024010534417,2024,010534417,2,9,0,3,3,2,6,0,0,1,0,0,0,0,4,1,6,6,2,65,9,1332,1,5,NISSAN QASHQAI,-1,-1,0,-1
2024101418942,2024,101418942,1,9,0,-1,19,1,5,-1,0,0,0,0,0,0,4,9,-1,6,2,86,11,1598,2,12,NISSAN QASHQAI,8,E01008843,0,1
2024010546096,2024,010546096,2,9,0,4,4,1,5,0,0,1,0,0,0,0,2,1,6,6,2,37,7,1598,1,12,NISSAN QASHQAI,4,E01002650,0,1
2024141513195,2024,141513195,2,9,0,-1,2,2,6,-1,0,0,0,0,0,0,3,1,-1,6,1,39,7,1332,1,3,NISSAN QASHQAI,5,E01002611,0,5
2024991516579,2024,991516579,2,9,0,-1,19,7,2,-1,0,2,0,0,0,0,4,1,-1,6,2,58,9,1198,1,10,NISSAN QASHQAI,10,-1,0,1
2024461452631,2024,461452631,1,9,0,-1,19,6,2,-1,0,0,5,0,0,0,1,1,-1,2,1,31,6,1461,2,15,NISSAN QASHQAI,4,E01024190,0,1
2024371411459,2024,371411459,2,9,0,-1,19,1,7,-1,0,1,0,0,0,0,3,1,-1,9,1,50,8,1461,2,10,NISSAN QASHQAI,2,E01030023,0,2
2024211514069,2024,211514069,2,9,0,-1,2,0,0,-1,0,0,0,0,0,0,1,1,-1,6,2,-1,-1,1461,2,7,NISSAN QASHQAI,9,E01019841,0,2
2024411488898,2024,411488898,2,9,0,-1,2,0,0,-1,0,1,0,0,0,0,3,1,-1,6,1,60,9,1332,1,4,NISSAN QASHQAI,10,E01023468,0,1
2024141500606,2024,141500606,2,9,0,-1,19,2,6,-1,0,8,0,0,0,0,1,1,-1,9,2,56,9,1497,8,0,NISSAN QASHQAI,8,E01007379,0,3
2024010530680,2024,010530680,1,9,0,3,3,3,7,0,0,1,0,0,0,0,2,1,6,6,1,51,8,1598,1,12,NISSAN QASHQAI,2,E01001911,0,1
202460Q137867,2024,60Q137867,1,9,0,9,9,6,3,0,0,5,0,0,0,0,4,1,6,6,1,30,6,1461,2,14,NISSAN QASHQAI,-1,-1,0,-1
2024101507898,2024,101507898,2,9,0,-1,2,5,3,-1,-1,0,0,0,0,0,2,1,-1,9,2,36,7,1332,1,5,NISSAN QASHQAI,4,E01008402,0,1
2024010521336,2024,010521336,3,9,0,2,2,0,0,0,0,0,0,0,0,0,1,1,6,6,3,-1,-1,1598,1,12,NISSAN QASHQAI,-1,-1,0,-1
2024501417816,2024,501417816,1,9,0,-1,19,4,8,-1,0,0,0,0,0,0,1,1,-1,6,1,78,11,1332,8,1,NISSAN QASHQAI,3,E01020297,0,1
2024010538587,2024,010538587,1,9,0,16,19,1,5,0,0,8,0,0,0,0,1,1,6,6,2,45,7,1197,1,8,NISSAN QASHQAI,2,E01001257,0,1
2024631471974,2024,631471974,2,9,0,-1,19,3,8,-1,0,0,0,0,1,10,1,1,-1,6,2,42,7,1332,8,2,NISSAN QASHQAI,7,W01000450,0,4
2024101515830,2024,101515830,1,9,0,-1,19,1,5,-1,0,0,0,0,0,0,3,1,-1,9,2,70,10,1497,8,0,NISSAN QASHQAI,10,E01027401,0,1
2024161397852,2024,161397852,1,9,0,-1,7,7,1,-1,0,0,0,0,0,0,1,1,-1,2,1,37,7,1461,2,12,NISSAN QASHQAI,3,E01012997,0,1
2024471416027,2024,471416027,1,9,0,-1,19,7,3,-1,0,0,1,0,0,0,2,1,-1,6,1,52,8,1332,8,2,NISSAN QASHQAI,9,E01035344,0,3
2024211483764,2024,211483764,2,9,0,-1,7,1,4,-1,0,3,0,0,0,0,1,1,-1,6,1,40,7,1332,1,5,NISSAN QASHQAI,3,E01028224,0,4
2024041453237,2024,041453237,2,9,0,-1,10,6,2,-1,0,5,0,0,0,0,2,1,-1,1,2,42,7,1461,2,5,NISSAN QASHQAI,8,E01012613,0,1
2024332401207,2024,332401207,2,9,0,-1,19,4,8,-1,0,2,0,0,0,0,1,1,-1,6,1,53,8,1461,2,5,NISSAN QASHQAI,9,E01025693,0,1
2024451399509,2024,451399509,1,9,0,-1,19,1,5,-1,0,1,0,0,0,0,4,1,-1,2,2,43,7,1198,1,10,NISSAN QASHQAI,10,E01030366,0,1
2024991439720,2024,991439720,1,9,0,-1,19,8,4,-1,0,0,0,0,0,0,1,1,-1,9,1,71,10,1332,8,2,NISSAN QASHQAI,-1,-1,0,-1
2024361406037,2024,361406037,1,9,0,-1,19,1,7,-1,0,8,0,0,0,0,1,1,-1,6,1,34,6,1461,2,8,NISSAN QASHQAI,1,E01026626,0,1
2024371474042,2024,371474042,2,9,0,-1,19,4,8,-1,0,1,0,0,0,0,3,1,-1,6,2,28,6,1197,1,7,NISSAN QASHQAI,10,E01030084,0,1
2024070697152,2024,070697152,3,9,0,3,3,5,1,0,0,2,0,0,0,0,2,1,6,6,2,41,7,1332,1,4,NISSAN QASHQAI,10,E01018632,0,1
2024010539502,2024,010539502,1,9,0,18,19,1,5,0,0,1,0,6,0,0,1,1,6,6,1,35,6,1332,8,1,NISSAN QASHQAI,3,E01004000,0,1
2024991451748,2024,991451748,3,9,0,-1,19,8,4,-1,0,0,0,6,0,0,2,1,-1,9,1,39,7,1332,8,0,NISSAN QASHQAI,-1,-1,0,-1
2024501492985,2024,501492985,2,9,0,-1,9,3,1,-1,0,6,0,0,0,0,3,1,-1,9,2,77,11,1332,1,4,NISSAN QASHQAI,8,E01015128,0,1
2024522402131,2024,522402131,2,9,0,9,9,4,2,0,0,8,0,0,0,0,4,1,6,6,2,30,6,1332,8,2,NISSAN QASHQAI,8,E01032672,0,3
2024221501938,2024,221501938,1,9,0,-1,5,6,2,-1,0,4,0,0,0,0,1,1,-1,9,1,79,11,1332,1,5,NISSAN QASHQAI,9,E01028947,0,1
2024010526685,2024,010526685,1,9,0,99,99,9,9,99,99,9,9,99,9,99,2,9,6,6,2,54,8,1598,1,12,NISSAN QASHQAI,4,E01002016,0,2
2024131415962,2024,131415962,1,9,0,-1,19,7,3,-1,0,1,0,0,0,0,3,1,-1,6,1,47,8,1461,2,13,NISSAN QASHQAI,1,E01010824,0,1
2024052402582,2024,052402582,4,9,0,2,2,0,0,0,0,1,0,0,0,0,1,1,6,6,3,-1,-1,1461,2,10,NISSAN QASHQAI,-1,-1,0,-1
2024991534790,2024,991534790,2,9,0,-1,10,6,2,-1,0,1,0,0,0,0,2,1,-1,9,1,71,10,1461,2,8,NISSAN QASHQAI,7,-1,0,1
2024141435504,2024,141435504,2,9,0,-1,9,3,1,-1,0,8,0,0,0,0,2,1,-1,6,3,-1,-1,1598,2,8,NISSAN QASHQAI,-1,-1,0,-1
2024430379016,2024,430379016,2,9,0,18,19,5,1,0,0,2,0,0,0,0,1,1,6,6,2,63,9,1598,2,7,NISSAN QASHQAI,-1,-1,0,-1
2024010545642,2024,010545642,2,9,0,3,3,7,3,0,0,1,0,0,0,0,1,1,6,6,1,39,7,1332,8,3,NISSAN QASHQAI,7,E01003644,0,1
2024421455548,2024,421455548,1,9,0,-1,19,7,3,-1,0,0,0,0,0,0,1,1,-1,9,2,31,6,1461,2,9,NISSAN QASHQAI,9,E01021610,0,4
2024991434990,2024,991434990,2,9,0,-1,19,5,2,-1,0,0,5,0,0,0,4,2,-1,6,2,58,9,1332,8,2,NISSAN QASHQAI,-1,-1,0,-1
2024461401096,2024,461401096,7,9,0,-1,19,5,1,-1,0,0,1,0,0,0,1,9,-1,9,2,57,9,1332,1,5,NISSAN QASHQAI,5,E01033727,0,4
2024010502709,2024,010502709,1,9,0,9,9,3,1,0,0,1,0,0,0,0,1,1,2,2,1,29,6,1197,1,8,NISSAN QASHQAI,5,E01000454,0,3
202460Q072030,2024,60Q072030,1,9,0,14,14,3,7,0,0,0,5,0,1,4,1,1,6,6,1,40,7,1461,2,11,NISSAN QASHQAI,-1,-1,0,-1
2024141511731,2024,141511731,2,9,0,-1,19,3,7,-1,0,1,0,0,0,0,1,9,-1,6,2,38,7,1461,2,12,NISSAN QASHQAI,9,E01027897,0,4
2024010504094,2024,010504094,1,9,0,18,19,7,3,0,0,3,0,0,0,0,1,1,6,6,2,31,6,1197,1,7,NISSAN QASHQAI,4,E01033745,0,1
2024991420356,2024,991420356,1,9,0,-1,9,1,7,-1,0,1,0,0,1,0,1,1,-1,9,1,52,8,1332,8,2,NISSAN QASHQAI,-1,-1,0,-1
2024131402835,2024,131402835,1,9,0,-1,9,2,6,-1,4,6,0,0,0,0,1,1,-1,2,2,30,6,1598,2,6,NISSAN QASHQAI,5,E01011480,0,1
2024131401004,2024,131401004,1,9,0,-1,19,1,5,-1,0,0,0,0,0,0,1,1,-1,9,1,68,10,1332,1,5,NISSAN QASHQAI,9,E01010687,0,2
2024631478719,2024,631478719,2,9,0,-1,2,0,0,-1,0,0,0,0,0,0,4,1,-1,6,-1,-1,-1,1461,2,8,NISSAN QASHQAI,-1,-1,0,-1
2024401415688,2024,401415688,1,9,0,-1,19,5,1,-1,0,0,0,0,0,0,1,1,-1,6,2,61,9,1332,1,5,NISSAN QASHQAI,8,E01019714,0,5
2024430029712,2024,430029712,1,9,0,18,19,2,6,0,0,4,2,0,3,4,1,1,6,6,1,24,5,1497,8,1,NISSAN QASHQAI,1,E01027199,0,4
2024061407749,2024,061407749,1,9,0,-1,9,4,3,-1,0,6,0,0,0,0,1,1,-1,9,2,30,6,1461,2,11,NISSAN QASHQAI,2,E01004959,0,3
2024161488156,2024,161488156,2,9,0,-1,2,0,0,-1,0,0,0,0,0,0,3,1,-1,9,2,28,6,1461,2,17,NISSAN QASHQAI,2,E01026379,0,3
2024332401093,2024,332401093,1,9,0,-1,19,4,8,-1,0,0,0,0,0,0,1,1,-1,6,2,36,7,1461,2,5,NISSAN QASHQAI,5,E01025655,0,1
2024461463136,2024,461463136,1,9,0,-1,9,6,2,-1,0,1,0,0,0,0,4,1,-1,6,2,40,7,1461,2,14,NISSAN QASHQAI,6,E01024790,0,1
2024010536862,2024,010536862,2,9,0,2,2,0,0,0,0,9,0,99,0,0,9,1,6,6,3,-1,-1,1332,8,3,NISSAN QASHQAI,-1,-1,0,-1
2024631478719,2024,631478719,3,9,0,-1,2,0,0,-1,0,0,0,0,0,0,2,1,-1,6,-1,-1,-1,1461,2,11,NISSAN QASHQAI,-1,-1,0,-1
2024071089609,2024,071089609,2,9,0,-1,19,3,7,-1,0,8,0,0,0,0,1,1,-1,6,2,69,10,1461,2,11,NISSAN QASHQAI,1,E01012533,0,1
2024401523179,2024,401523179,2,9,0,-1,19,3,6,-1,0,0,0,0,0,0,1,1,-1,6,2,61,9,1332,8,1,NISSAN QASHQAI,10,E01017397,0,1
2024010514009,2024,010514009,2,9,9,99,99,9,9,99,99,9,9,99,9,99,9,9,6,6,3,-1,-1,1598,1,11,NISSAN QASHQAI,-1,-1,0,-1
2024461455584,2024,461455584,1,9,0,-1,7,5,7,-1,0,8,0,0,0,0,1,1,-1,2,2,38,7,1461,2,13,NISSAN QASHQAI,2,E01024263,0,1
2024221498256,2024,221498256,2,9,0,-1,19,1,5,-1,0,0,0,0,5,6,2,1,-1,6,1,57,9,1197,1,8,NISSAN QASHQAI,7,E01010373,0,4
2024221518267,2024,221518267,1,9,0,-1,19,3,7,-1,0,1,0,0,0,0,3,9,-1,6,2,44,7,1197,1,6,NISSAN QASHQAI,6,E01029667,0,2
2024041506977,2024,041506977,2,9,0,-1,19,5,1,-1,0,2,0,0,0,0,1,1,-1,7,2,42,7,1197,1,7,NISSAN QASHQAI,3,E01025065,0,1
2024421518425,2024,421518425,2,9,0,-1,2,0,0,-1,0,0,0,4,7,0,1,1,-1,6,-1,-1,-1,1461,2,15,NISSAN QASHQAI,-1,-1,0,-1
2024421409316,2024,421409316,1,9,0,-1,8,3,7,-1,0,4,0,0,0,0,3,1,-1,6,2,-1,-1,1461,2,10,NISSAN QASHQAI,9,E01015858,0,1
2024461407882,2024,461407882,2,9,0,-1,19,1,5,-1,0,1,0,0,1,0,3,1,-1,1,2,62,9,1197,1,8,NISSAN QASHQAI,4,E01024364,0,2
2024631504697,2024,631504697,2,9,0,-1,5,8,4,-1,0,6,0,0,0,0,3,1,-1,6,1,33,6,1461,2,14,NISSAN QASHQAI,4,W01001311,0,3
2024041451063,2024,041451063,2,9,0,-1,19,1,5,-1,0,0,0,0,0,0,4,1,-1,1,2,36,7,1461,2,7,NISSAN QASHQAI,4,E01025288,0,1
2024010536728,2024,010536728,1,9,0,9,9,1,7,0,0,8,0,0,0,0,0,1,2,2,2,61,9,1197,1,7,NISSAN QASHQAI,9,E01024186,0,1
2024010525350,2024,010525350,2,9,9,99,99,9,9,99,99,9,9,99,9,99,9,9,6,6,3,-1,-1,1461,2,5,NISSAN QASHQAI,-1,-1,0,-1
2024461451090,2024,461451090,1,9,0,-1,-1,-1,-1,-1,0,6,0,0,0,0,1,9,-1,6,1,37,7,1598,1,16,NISSAN QASHQAI,2,E01024840,0,1
2024070957180,2024,070957180,2,9,0,-1,3,1,5,-1,0,0,0,0,0,0,2,1,-1,6,2,30,6,1332,8,1,NISSAN QASHQAI,8,E01018677,0,1
2024461468689,2024,461468689,2,9,0,-1,19,2,4,-1,0,1,0,0,0,0,1,9,-1,1,2,54,8,1598,1,13,NISSAN QASHQAI,8,E01024708,0,1
2024991457994,2024,991457994,2,9,0,-1,3,7,3,-1,0,4,0,0,0,0,2,1,-1,9,2,32,6,1461,2,10,NISSAN QASHQAI,2,-1,0,3
2024041405167,2024,041405167,2,9,0,-1,3,5,1,-1,0,2,0,0,0,0,2,1,-1,2,2,36,7,1197,1,8,NISSAN QASHQAI,9,E01025299,0,1
2024411437109,2024,411437109,2,9,0,-1,3,2,6,-1,0,1,0,0,0,0,4,1,-1,1,1,69,10,1332,8,1,NISSAN QASHQAI,9,E01023968,0,3
2024461413119,2024,461413119,2,9,0,-1,7,1,4,-1,0,8,0,0,0,0,1,9,-1,6,2,40,7,1461,2,8,NISSAN QASHQAI,5,E01030843,0,2
2024010520382,2024,010520382,1,9,0,4,4,1,5,0,0,1,0,0,0,0,2,1,6,6,2,59,9,1198,1,9,NISSAN QASHQAI,-1,-1,0,-1
2024552400733,2024,552400733,1,9,0,9,9,4,2,0,0,6,0,0,0,0,1,1,6,6,3,-1,-1,1598,2,11,NISSAN QASHQAI,-1,-1,0,-1
2024122400408,2024,122400408,2,9,0,17,19,3,1,0,0,2,0,0,0,0,4,1,6,6,2,44,7,1332,8,1,NISSAN QASHQAI,9,E01027782,0,2
2024101415650,2024,101415650,1,9,0,-1,19,5,8,-1,0,1,0,0,0,0,3,1,-1,6,2,48,8,1332,1,5,NISSAN QASHQAI,1,E01008652,0,1
2024361502731,2024,361502731,1,9,0,-1,9,5,2,-1,0,1,0,0,0,0,1,1,-1,6,2,26,6,1198,1,10,NISSAN QASHQAI,1,E01026597,0,1
2024010552516,2024,010552516,1,9,0,18,19,5,1,9,9,0,0,0,7,11,1,1,6,6,2,56,9,1332,1,4,NISSAN QASHQAI,3,E01002375,0,2
2024010528438,2024,010528438,1,9,0,9,9,7,5,0,0,5,0,0,0,0,1,1,6,6,2,45,7,1598,2,7,NISSAN QASHQAI,10,E01030638,0,4
2024041503840,2024,041503840,1,9,0,-1,5,1,5,-1,0,2,0,0,0,0,1,1,-1,7,2,41,7,1461,2,6,NISSAN QASHQAI,7,E01025576,0,1
2024552400250,2024,552400250,2,9,0,3,3,4,8,0,0,0,0,0,0,0,2,1,6,6,2,52,8,1197,1,9,NISSAN QASHQAI,8,E01020388,0,1
2024440186211,2024,440186211,3,9,0,2,2,0,0,0,0,0,0,4,0,0,1,1,6,6,3,-1,-1,1461,2,13,NISSAN QASHQAI,-1,-1,0,-1
2024052400283,2024,052400283,2,9,0,9,9,2,1,0,0,5,0,0,0,0,4,1,2,2,1,74,10,1461,2,9,NISSAN QASHQAI,8,E01007067,0,1