collision_index,collision_year,collision_ref_no,vehicle_reference,vehicle_type,towing_and_articulation,vehicle_manoeuvre_historic,vehicle_manoeuvre,vehicle_direction_from,vehicle_direction_to,vehicle_location_restricted_lane_historic,vehicle_location_restricted_lane,junction_location,skidding_and_overturning,hit_object_in_carriageway,vehicle_leaving_carriageway,hit_object_off_carriageway,first_point_of_impact,vehicle_left_hand_drive,journey_purpose_of_driver_historic,journey_purpose_of_driver,sex_of_driver,age_of_driver,age_band_of_driver,engine_capacity_cc,propulsion_code,age_of_vehicle,generic_make_model,driver_imd_decile,lsoa_of_driver,escooter_flag,driver_distance_banding
2024371509488,2024,371509488,2,9,0,-1,4,3,7,-1,0,1,0,0,0,0,2,1,-1,9,2,44,7,1497,8,1,NISSAN QASHQAI,3,E01026426,0,4
2024010511224,2024,010511224,2,9,0,99,99,9,9,99,99,9,9,99,9,99,9,9,6,6,3,36,7,1997,1,17,NISSAN QASHQAI,3,E01000640,0,1
2024401399354,2024,401399354,1,9,0,-1,19,1,5,-1,0,0,0,0,0,0,1,9,-1,6,1,72,10,1461,2,15,NISSAN QASHQAI,8,E01033820,0,1
2024341409940,2024,341409940,2,9,0,-1,19,5,1,-1,0,8,0,0,0,0,3,1,-1,6,1,22,5,1461,2,14,NISSAN QASHQAI,3,E01009596,0,4
2024991462471,2024,991462471,1,9,0,-1,7,2,5,-1,0,2,0,0,0,0,3,1,-1,9,2,59,9,1332,8,1,NISSAN QASHQAI,-1,-1,0,-1
2024411515213,2024,411515213,1,9,-1,-1,-1,-1,-1,-1,-1,-1,-1,-1,-1,0,-1,9,-1,6,2,35,6,1197,1,7,NISSAN QASHQAI,5,E01023542,0,2
2024070682970,2024,070682970,1,9,0,18,19,3,7,0,0,0,0,0,0,0,4,1,6,6,2,54,8,1461,2,13,NISSAN QASHQAI,6,E01018722,0,1
2024111486946,2024,111486946,1,9,0,-1,19,8,3,-1,0,4,5,10,3,0,1,1,-1,6,2,56,9,1598,1,11,NISSAN QASHQAI,6,E01020714,0,1
2024010549183,2024,010549183,1,9,0,-1,-1,5,1,0,0,0,0,0,0,0,1,1,6,6,1,44,7,1332,1,4,NISSAN QASHQAI,6,E01004181,0,1
2024421411734,2024,421411734,3,9,0,-1,3,1,5,-1,0,8,0,0,0,0,2,1,-1,6,1,59,9,1461,2,5,NISSAN QASHQAI,8,E01021867,0,1
2024041483951,2024,041483951,1,9,0,-1,9,5,7,-1,0,2,0,0,0,0,1,1,-1,9,2,45,7,1461,2,8,NISSAN QASHQAI,3,E01025071,0,1
2024010515363,2024,010515363,3,9,0,3,3,1,5,0,0,1,0,4,0,0,1,1,6,6,1,60,9,1598,1,15,NISSAN QASHQAI,6,E01030700,0,2
2024451451147,2024,451451147,1,9,0,-1,4,5,1,-1,0,0,0,0,0,0,2,1,-1,2,1,52,8,1197,1,9,NISSAN QASHQAI,10,E01031735,0,1
2024440224369,2024,440224369,1,9,0,2,2,0,0,0,0,0,0,0,0,0,3,1,6,6,2,34,6,1461,2,12,NISSAN QASHQAI,7,E01017026,0,1
2024430296285,2024,430296285,2,9,0,4,4,8,4,0,0,1,0,0,0,0,1,1,2,2,2,42,7,1197,1,7,NISSAN QASHQAI,4,E01017667,0,1
2024351537260,2024,351537260,2,9,0,-1,3,7,3,-1,0,0,0,0,0,0,2,1,-1,6,2,66,10,1497,8,1,NISSAN QASHQAI,6,E01003663,0,4
2024010508738,2024,010508738,2,9,0,18,19,6,2,0,0,2,0,0,0,0,4,1,6,6,3,-1,-1,1197,1,8,NISSAN QASHQAI,-1,-1,0,-1
2024041435875,2024,041435875,3,9,0,-1,19,5,1,-1,0,1,0,0,0,0,2,9,-1,6,2,36,7,1598,1,16,NISSAN QASHQAI,2,E01025237,0,1
2024131487764,2024,131487764,2,9,0,-1,19,8,4,-1,0,0,0,0,0,0,1,1,-1,9,1,24,5,1461,2,14,NISSAN QASHQAI,4,E01011201,0,2
2024201456472,2024,201456472,1,9,0,-1,7,2,4,-1,0,6,0,10,1,0,3,1,-1,6,1,49,8,1461,2,9,NISSAN QASHQAI,7,E01034937,0,1
2024041514336,2024,041514336,1,9,0,-1,19,1,5,-1,0,0,5,0,1,0,4,1,-1,9,1,72,10,1461,2,10,NISSAN QASHQAI,5,E01004934,0,3
2024320252122,2024,320252122,1,9,0,7,7,6,8,0,0,6,0,0,0,0,1,1,-1,-1,1,42,7,1497,8,0,NISSAN QASHQAI,1,E01007327,0,5
2024302400707,2024,302400707,2,9,0,17,19,8,5,0,0,0,0,0,7,10,1,1,6,6,2,40,7,1461,2,11,NISSAN QASHQAI,10,E01028137,0,4
2024531513938,2024,531513938,1,9,0,-1,9,1,5,-1,0,8,0,0,0,0,1,2,-1,9,2,75,10,1598,2,9,NISSAN QASHQAI,10,E01022170,0,2
2024332400357,2024,332400357,1,9,0,-1,1,3,7,-1,0,6,0,0,0,0,2,1,-1,6,2,42,7,1461,2,15,NISSAN QASHQAI,8,E01025684,0,1
2024552401374,2024,552401374,1,9,0,18,19,8,6,0,0,8,0,0,0,0,1,1,2,2,2,49,8,1461,2,9,NISSAN QASHQAI,6,E01020434,0,3
2024010544710,2024,010544710,2,9,0,99,99,9,9,99,99,9,9,99,9,99,9,9,6,6,3,68,10,1598,1,13,NISSAN QASHQAI,5,E01003329,0,2
2024201527789,2024,201527789,2,9,0,-1,7,4,7,-1,0,0,0,0,0,0,1,1,-1,6,3,30,6,1332,8,0,NISSAN QASHQAI,-1,-1,0,-1
2024421448803,2024,421448803,1,9,0,-1,15,1,5,-1,0,0,0,0,0,0,3,1,-1,1,1,34,6,1332,8,2,NISSAN QASHQAI,3,E01029968,0,3
2024471441916,2024,471441916,2,9,0,-1,3,5,1,-1,0,1,0,0,0,0,2,1,-1,9,2,49,8,1461,2,11,NISSAN QASHQAI,5,E01016977,0,4
2024401482654,2024,401482654,3,9,0,-1,19,2,6,-1,0,0,0,0,1,0,1,1,-1,6,2,33,6,1461,2,8,NISSAN QASHQAI,7,E01024185,0,4
2024101433357,2024,101433357,2,9,0,-1,8,7,5,-1,0,1,0,0,0,0,3,1,-1,6,2,37,7,1461,2,7,NISSAN QASHQAI,2,E01008460,0,1
2024421528578,2024,421528578,1,9,0,-1,19,1,5,-1,0,1,0,0,0,0,4,1,-1,6,1,-1,-1,1461,2,9,NISSAN QASHQAI,-1,-1,0,-1
2024041468511,2024,041468511,1,9,0,-1,5,8,4,-1,9,6,0,0,0,0,3,9,-1,6,2,75,10,1994,2,14,NISSAN QASHQAI,6,E01025608,0,3
2024211420165,2024,211420165,1,9,0,-1,19,7,3,-1,0,0,0,0,0,0,4,1,-1,6,1,78,11,1461,2,12,NISSAN QASHQAI,-1,-1,0,-1
2024401471157,2024,401471157,1,9,0,-1,19,-1,-1,-1,0,0,0,0,0,0,3,9,-1,6,3,-1,-1,1461,2,14,NISSAN QASHQAI,-1,-1,0,-1
2024340WN6322,2024,340WN6322,2,9,0,-1,19,3,7,-1,0,0,0,0,0,0,1,1,-1,9,2,29,6,1598,2,11,NISSAN QASHQAI,9,E01020416,0,5
2024340WN1652,2024,340WN1652,1,9,0,-1,9,3,1,-1,0,6,0,0,0,0,4,1,-1,6,1,29,6,1197,1,8,NISSAN QASHQAI,1,E01027153,0,1
2024070434264,2024,070434264,1,9,0,18,19,2,6,0,0,2,0,0,0,0,1,1,6,6,2,-1,-1,1197,1,6,NISSAN QASHQAI,-1,-1,0,-1
2024471490224,2024,471490224,2,9,0,-1,9,7,3,-1,0,2,0,0,0,0,1,1,-1,9,2,39,7,1332,8,0,NISSAN QASHQAI,6,E01031359,0,1
2024311512973,2024,311512973,2,9,0,-1,7,5,1,-1,0,0,0,0,0,0,1,1,-1,9,2,26,6,1461,2,14,NISSAN QASHQAI,4,E01028249,0,1
2024010539184,2024,010539184,1,9,0,9,9,1,8,2,2,2,0,0,0,0,0,1,2,2,1,39,7,1598,2,7,NISSAN QASHQAI,6,E01000555,0,1
2024461487001,2024,461487001,1,9,0,-1,19,8,3,-1,0,0,5,0,0,0,4,1,-1,6,2,55,8,1332,8,0,NISSAN QASHQAI,7,E01024798,0,4
2024440015281,2024,440015281,2,9,0,2,2,0,0,0,0,0,0,0,0,0,3,1,3,7,1,49,8,1332,8,1,NISSAN QASHQAI,6,E01017300,0,2
2024161507596,2024,161507596,2,9,0,-1,8,2,5,-1,0,2,0,0,0,0,1,1,-1,6,2,-1,-1,1332,1,3,NISSAN QASHQAI,3,E01013071,0,1
2024471486957,2024,471486957,1,9,0,-1,19,1,5,-1,0,1,0,0,0,0,3,1,-1,6,1,38,7,1618,1,10,NISSAN QASHQAI,4,E01016948,0,1
2024122401097,2024,122401097,1,9,0,9,9,6,2,0,0,1,0,0,0,0,1,1,6,6,2,35,6,1461,2,13,NISSAN QASHQAI,8,E01027771,0,1
2024440341829,2024,440341829,1,9,0,7,7,2,4,0,0,5,0,0,0,0,4,1,6,6,2,36,7,1995,2,13,NISSAN QASHQAI,2,E01022970,0,1
2024991499315,2024,991499315,2,9,0,-1,19,7,3,-1,0,0,0,0,0,0,3,1,-1,6,1,53,8,1461,2,7,NISSAN QASHQAI,5,-1,0,1
2024361411431,2024,361411431,1,9,0,-1,9,4,1,-1,0,8,0,0,0,0,3,1,-1,2,1,37,7,1598,2,10,NISSAN QASHQAI,2,E01026829,0,1
2024010518029,2024,010518029,1,9,0,99,99,9,9,99,99,9,9,99,9,99,9,9,6,6,2,62,9,1332,8,0,NISSAN QASHQAI,6,E01001086,0,1
2024041473069,2024,041473069,2,9,0,-1,2,0,0,-1,9,0,0,0,0,0,1,1,-1,6,-1,-1,-1,1598,1,11,NISSAN QASHQAI,-1,-1,0,-1
2024320487118,2024,320487118,1,9,0,13,13,8,4,0,0,1,0,0,0,0,1,1,-1,-1,1,35,6,1332,8,2,NISSAN QASHQAI,3,E01026059,0,2
2024131493181,2024,131493181,1,9,0,-1,-1,-1,-1,-1,-1,8,-1,-1,-1,0,-1,1,-1,9,1,76,11,1598,1,12,NISSAN QASHQAI,2,E01032608,0,1
2024141469181,2024,141469181,3,9,0,-1,3,7,3,-1,0,0,0,0,0,0,2,9,-1,6,1,39,7,1994,2,15,NISSAN QASHQAI,5,E01007390,0,4
2024070790370,2024,070790370,1,9,0,-1,19,1,2,-1,0,6,0,0,0,0,1,9,-1,6,2,43,7,1461,2,6,NISSAN QASHQAI,2,E01033300,0,1
2024332400981,2024,332400981,1,9,0,-1,5,3,7,-1,0,4,0,0,0,0,3,1,-1,9,1,57,9,1497,8,1,NISSAN QASHQAI,7,E01025626,0,2
2024522403244,2024,522403244,1,9,0,3,3,6,2,0,0,1,0,0,0,0,2,1,6,6,2,43,7,1598,1,11,NISSAN QASHQAI,9,E01014908,0,1
2024010499109,2024,010499109,2,9,0,99,99,9,9,99,99,0,9,99,9,99,9,9,6,6,1,-1,-1,1997,1,14,NISSAN QASHQAI,-1,-1,0,-1
2024501423762,2024,501423762,2,9,0,-1,9,7,3,-1,0,4,0,0,0,0,1,1,-1,6,1,34,6,1461,2,6,NISSAN QASHQAI,5,E01034168,0,1
2024231462277,2024,231462277,1,9,0,-1,19,7,3,-1,0,8,0,0,0,0,1,1,-1,9,1,17,4,1598,1,12,NISSAN QASHQAI,6,E01031049,0,2
2024131536399,2024,131536399,1,9,0,-1,19,1,1,-1,0,0,0,0,0,0,1,1,-1,9,2,33,6,1332,8,1,NISSAN QASHQAI,2,E01010894,0,1
2024131417391,2024,131417391,1,9,0,-1,9,7,3,-1,0,8,0,0,0,0,3,1,-1,7,2,43,7,1461,2,8,NISSAN QASHQAI,5,E01011009,0,1
2024141475724,2024,141475724,3,9,0,-1,3,5,1,-1,0,8,0,0,0,0,4,1,-1,9,2,32,6,1332,1,3,NISSAN QASHQAI,3,E01026131,0,4
2024211427719,2024,211427719,2,9,0,-1,19,8,2,-1,0,1,0,0,1,0,1,9,-1,6,2,34,6,1618,1,9,NISSAN QASHQAI,5,E01009895,0,3
2024471489333,2024,471489333,4,9,0,-1,4,4,8,-1,0,0,0,0,0,0,1,1,-1,9,2,57,9,1598,2,9,NISSAN QASHQAI,2,E01016911,0,2
2024010541971,2024,010541971,1,9,0,7,7,3,5,0,0,1,0,0,0,0,1,1,6,6,1,68,10,1598,1,17,NISSAN QASHQAI,3,E01000089,0,4
2024542747224,2024,542747224,2,9,0,3,3,3,7,0,0,0,0,0,0,0,2,1,6,6,1,41,7,1332,8,1,NISSAN QASHQAI,8,E01015111,0,5
2024361467015,2024,361467015,1,9,0,-1,19,7,3,-1,0,0,2,0,0,0,1,1,-1,6,1,77,11,1332,1,5,NISSAN QASHQAI,6,E01026612,0,3
2024122400312,2024,122400312,1,9,0,9,9,5,3,9,9,5,0,0,0,0,1,1,6,6,1,41,7,1197,1,6,NISSAN QASHQAI,7,E01013406,0,1
2024010520685,2024,010520685,1,9,0,99,99,9,9,99,99,9,9,99,9,99,2,9,2,2,2,36,7,1598,1,15,NISSAN QASHQAI,4,E01000741,0,2
2024131436531,2024,131436531,2,9,0,-1,12,5,1,-1,0,0,0,0,0,0,3,1,-1,2,1,45,7,1461,2,14,NISSAN QASHQAI,1,E01011729,0,2
2024131426693,2024,131426693,2,9,0,-1,19,5,1,-1,0,8,0,0,0,0,3,1,-1,9,1,41,7,1332,8,1,NISSAN QASHQAI,1,E01011474,0,1
2024440004394,2024,440004394,1,9,0,9,9,4,2,0,0,6,0,0,0,0,3,1,2,2,1,63,9,1598,1,14,NISSAN QASHQAI,8,E01022710,0,2
2024201502369,2024,201502369,3,9,0,-1,2,0,0,-1,0,8,0,0,0,0,2,9,-1,1,1,37,7,1461,2,15,NISSAN QASHQAI,3,E01010094,0,1
2024131472229,2024,131472229,2,9,0,-1,19,8,4,-1,0,0,0,0,0,0,4,1,-1,9,1,44,7,1332,8,0,NISSAN QASHQAI,1,E01010719,0,1
2024041395516,2024,041395516,2,9,0,-1,19,7,3,-1,0,2,0,0,0,0,1,1,-1,1,1,35,6,1598,2,11,NISSAN QASHQAI,1,E01025042,0,2
2024471426876,2024,471426876,1,9,0,-1,19,2,6,-1,0,2,0,0,0,0,1,1,-1,6,2,26,6,1598,2,12,NISSAN QASHQAI,8,E01021225,0,3
2024421492891,2024,421492891,2,9,0,-1,4,1,5,-1,0,0,0,0,0,0,0,1,-1,2,2,31,6,1332,8,3,NISSAN QASHQAI,6,E01021722,0,4
2024061457188,2024,061457188,6,9,0,-1,8,3,5,-1,0,0,0,0,0,0,3,1,-1,6,2,25,5,1598,1,11,NISSAN QASHQAI,6,E01005041,0,2
2024122400821,2024,122400821,1,9,0,18,19,3,5,0,0,0,0,0,0,0,1,1,1,1,2,38,7,1461,2,10,NISSAN QASHQAI,8,E01027896,0,3
2024061477838,2024,061477838,2,9,0,-1,-1,-1,-1,-1,-1,0,-1,-1,-1,0,-1,1,-1,6,2,39,7,1618,1,8,NISSAN QASHQAI,-1,-1,0,-1
2024471475702,2024,471475702,2,9,0,-1,19,8,4,-1,0,0,0,0,0,0,1,1,-1,2,1,58,9,1598,1,11,NISSAN QASHQAI,1,E01020992,0,1
2024471463861,2024,471463861,1,9,0,-1,19,5,1,-1,0,6,0,0,0,0,3,1,-1,6,1,32,6,1461,2,11,NISSAN QASHQAI,7,E01034829,0,1
2024070259500,2024,070259500,1,9,0,12,12,8,4,0,0,7,0,0,0,0,0,1,6,6,3,-1,-1,1461,2,9,NISSAN QASHQAI,-1,-1,0,-1
2024552400860,2024,552400860,1,9,0,3,3,6,2,0,0,1,0,0,0,0,2,1,6,6,1,78,11,1332,8,1,NISSAN QASHQAI,8,E01015356,0,4
2024440071112,2024,440071112,2,9,0,18,19,5,1,0,0,8,0,0,0,0,3,1,6,6,1,29,6,1332,1,3,NISSAN QASHQAI,3,E01031372,0,4
202417M118024,2024,17M118024,1,9,0,-1,7,7,8,-1,0,8,0,0,0,0,1,1,-1,2,2,39,7,1461,2,7,NISSAN QASHQAI,7,E01012008,0,1
2024522401609,2024,522401609,2,9,0,18,19,6,2,0,0,1,0,0,0,0,1,1,6,6,3,-1,-1,1197,1,7,NISSAN QASHQAI,-1,-1,0,-1
2024061533931,2024,061533931,1,9,0,-1,19,-1,-1,-1,0,3,1,0,1,3,3,1,-1,6,2,38,7,1598,1,17,NISSAN QASHQAI,2,E01005008,0,2
2024320496680,2024,320496680,2,9,0,-1,-1,3,7,0,0,8,0,0,0,0,1,1,-1,-1,1,70,10,1598,1,13,NISSAN QASHQAI,9,E01026223,0,1
2024131464973,2024,131464973,1,9,0,-1,19,5,1,-1,0,1,0,0,7,0,1,1,-1,9,2,50,8,1598,1,16,NISSAN QASHQAI,1,E01011080,0,4
2024010551270,2024,010551270,1,9,0,9,9,2,8,0,0,8,0,0,0,0,1,1,6,6,1,37,7,1598,1,15,NISSAN QASHQAI,5,E01023929,0,4
2024010527910,2024,010527910,2,9,0,9,9,1,6,0,0,8,0,0,0,0,1,1,6,6,2,37,7,1332,1,6,NISSAN QASHQAI,2,E01003330,0,1
2024161533171,2024,161533171,5,9,0,-1,2,0,0,-1,0,0,0,0,0,0,1,1,-1,6,3,-1,-1,1197,1,6,NISSAN QASHQAI,-1,-1,0,-1
2024320593066,2024,320593066,3,9,0,4,4,5,1,0,0,0,0,1,0,0,1,1,-1,-1,1,76,11,1497,8,0,NISSAN QASHQAI,1,E01019231,0,5
2024141508817,2024,141508817,2,9,0,-1,19,5,1,-1,0,1,0,0,0,0,1,1,-1,9,1,30,6,1332,1,5,NISSAN QASHQAI,3,E01007907,0,1
2024201437843,2024,201437843,3,9,0,-1,19,2,6,-1,0,0,0,7,4,7,1,9,-1,1,1,43,7,1461,2,8,NISSAN QASHQAI,8,E01019374,0,5
2024451438923,2024,451438923,2,9,0,-1,19,1,3,-1,0,0,0,0,0,0,4,1,-1,6,3,30,6,1197,1,6,NISSAN QASHQAI,-1,-1,0,-1
2024010513559,2024,010513559,1,9,0,18,19,7,3,0,0,1,0,0,0,0,4,1,1,1,2,66,10,1332,1,3,NISSAN QASHQAI,-1,-1,0,-1
2024010528259,2024,010528259,2,9,9,99,99,9,9,99,99,9,9,99,9,99,9,9,6,6,3,-1,-1,1598,1,15,NISSAN QASHQAI,-1,-1,0,-1
2024231515115,2024,231515115,2,9,0,-1,3,5,1,-1,0,8,0,0,0,0,1,1,-1,9,1,73,10,1332,8,0,NISSAN QASHQAI,1,E01034748,0,3
2024061443142,2024,061443142,1,9,0,-1,19,6,2,-1,0,0,0,0,1,0,1,1,-1,6,1,77,11,1497,8,1,NISSAN QASHQAI,1,E01006025,0,1
2024201522179,2024,201522179,2,9,0,-1,12,2,6,-1,0,8,0,0,0,0,1,1,-1,2,2,68,10,1332,8,2,NISSAN QASHQAI,1,E01010235,0,1
2024161412535,2024,161412535,2,9,0,-1,19,5,1,-1,0,0,0,0,0,0,3,1,-1,6,1,32,6,1598,2,9,NISSAN QASHQAI,8,E01035470,0,1
2024161484733,2024,161484733,1,9,0,-1,5,3,7,-1,0,8,5,0,0,0,3,1,-1,6,2,25,5,1461,2,17,NISSAN QASHQAI,1,E01013311,0,1
2024471413664,2024,471413664,1,9,0,-1,4,2,6,-1,0,0,0,0,0,0,1,1,-1,1,1,38,7,1598,1,14,NISSAN QASHQAI,5,E01034299,0,2
2024991467500,2024,991467500,2,9,0,-1,19,6,2,-1,0,1,0,0,0,0,4,1,-1,6,1,33,6,1461,2,11,NISSAN QASHQAI,7,-1,0,3
2024131436383,2024,131436383,1,9,0,-1,19,3,7,-1,0,1,0,0,0,0,1,1,-1,9,2,44,7,1598,1,11,NISSAN QASHQAI,8,E01011694,0,1
2024141507641,2024,141507641,1,9,0,-1,1,3,3,-1,0,0,0,0,0,0,2,1,-1,9,1,62,9,1461,2,5,NISSAN QASHQAI,1,E01007886,0,1
2024351421015,2024,351421015,2,9,0,-1,19,1,5,-1,0,0,0,0,0,0,2,1,-1,6,1,25,5,1332,1,3,NISSAN QASHQAI,10,E01015909,0,5
2024070898507,2024,070898507,2,9,0,-1,4,2,6,-1,0,1,0,0,0,0,2,1,-1,6,2,64,9,1598,1,12,NISSAN QASHQAI,10,E01018690,0,2
2024522402758,2024,522402758,2,9,0,18,19,4,8,0,0,0,0,0,0,0,1,1,6,6,2,-1,-1,1461,2,15,NISSAN QASHQAI,6,E01023570,0,5
2024552401267,2024,552401267,2,9,0,2,2,0,0,0,0,0,0,0,0,0,2,1,6,6,3,-1,-1,1461,2,11,NISSAN QASHQAI,-1,-1,0,-1
2024471397312,2024,471397312,2,9,0,-1,19,2,6,-1,0,1,0,0,1,10,1,1,-1,9,2,17,4,1332,8,2,NISSAN QASHQAI,9,E01031563,0,1
2024471513959,2024,471513959,1,9,0,-1,19,3,7,-1,0,1,0,0,0,0,4,1,-1,2,2,44,7,1497,8,1,NISSAN QASHQAI,2,E01031450,0,4
2024361416173,2024,361416173,1,9,0,-1,19,5,1,-1,0,0,5,0,0,0,1,9,-1,9,1,36,7,1461,2,12,NISSAN QASHQAI,4,E01026523,0,1
2024010505138,2024,010505138,2,9,0,99,99,9,9,99,99,6,9,99,9,99,9,9,6,6,3,-1,-1,1598,1,12,NISSAN QASHQAI,-1,-1,0,-1
2024010547787,2024,010547787,3,9,0,2,2,0,0,9,9,0,0,0,0,0,3,1,6,6,3,-1,-1,1198,1,10,NISSAN QASHQAI,-1,-1,0,-1
2024201457084,2024,201457084,2,9,0,-1,19,8,4,-1,0,5,0,0,0,0,3,1,-1,9,1,43,7,1197,1,7,NISSAN QASHQAI,7,E01010228,0,2
2024061468534,2024,061468534,1,9,0,-1,13,1,5,-1,0,0,1,10,7,11,1,1,-1,9,1,26,6,1461,2,13,NISSAN QASHQAI,1,E01005124,0,1
2024361433967,2024,361433967,2,9,0,-1,2,0,0,-1,0,1,0,0,0,0,2,1,-1,6,1,34,6,1197,1,6,NISSAN QASHQAI,1,E01026848,0,1
2024351428006,2024,351428006,1,9,0,-1,5,5,4,-1,0,6,0,0,0,0,-1,1,-1,9,1,46,8,1461,2,15,NISSAN QASHQAI,4,E01015613,0,2
2024061457205,2024,061457205,1,9,0,-1,2,-1,-1,-1,0,0,9,4,0,0,2,1,-1,9,2,29,6,1332,8,1,NISSAN QASHQAI,3,E01005495,0,1
2024061496909,2024,061496909,2,9,0,-1,19,4,8,-1,0,1,0,0,0,0,1,1,-1,2,1,41,7,1461,2,9,NISSAN QASHQAI,7,E01005367,0,1
2024010524797,2024,010524797,3,9,0,2,2,0,0,0,0,0,0,0,7,1,1,1,6,6,3,-1,-1,1332,8,1,NISSAN QASHQAI,-1,-1,0,-1
2024101397878,2024,101397878,2,9,0,-1,2,0,0,-1,0,0,0,0,0,0,1,1,-1,6,-1,-1,-1,1197,1,7,NISSAN QASHQAI,-1,-1,0,-1
2024461455972,2024,461455972,2,9,0,-1,19,1,5,-1,0,0,0,0,0,0,0,1,-1,9,1,39,7,1461,2,13,NISSAN QASHQAI,6,E01024267,0,3
2024052401364,2024,052401364,2,9,0,18,19,3,7,0,0,0,0,0,0,0,1,1,6,6,2,32,6,1332,1,5,NISSAN QASHQAI,1,E01006493,0,1
2024991511470,2024,991511470,1,9,0,-1,19,6,2,-1,0,1,0,0,0,0,4,1,-1,9,1,38,7,1461,2,9,NISSAN QASHQAI,1,-1,0,1
2024201504414,2024,201504414,1,9,0,-1,19,2,6,-1,0,0,0,0,0,0,1,9,-1,9,2,26,6,1997,1,15,NISSAN QASHQAI,3,E01010048,0,1
2024161441627,2024,161441627,1,9,0,-1,19,5,1,-1,0,1,0,0,0,0,1,1,-1,6,2,51,8,1598,2,7,NISSAN QASHQAI,9,E01012919,0,2
2024041481173,2024,041481173,1,9,0,-1,9,1,6,-1,0,0,0,0,0,0,1,1,-1,6,1,26,6,1461,2,11,NISSAN QASHQAI,1,E01025295,0,1
2024010535112,2024,010535112,1,9,0,9,9,6,4,0,0,5,0,0,0,0,1,1,2,2,1,50,8,1197,1,7,NISSAN QASHQAI,8,E01033569,0,3
2024041460217,2024,041460217,1,9,0,-1,13,8,2,-1,0,1,0,0,1,0,1,1,-1,9,1,52,8,1997,1,16,NISSAN QASHQAI,1,E01025382,0,2
2024231532389,2024,231532389,1,9,0,-1,19,4,7,-1,0,0,0,0,7,4,1,1,-1,9,2,68,10,1997,1,16,NISSAN QASHQAI,3,E01032536,0,2
2024010516511,2024,010516511,1,9,0,99,99,9,9,99,99,9,9,99,9,99,9,9,6,6,1,76,11,1461,2,5,NISSAN QASHQAI,2,E01000433,0,1
2024211526281,2024,211526281,2,9,0,-1,19,1,5,-1,0,0,0,0,0,0,1,1,-1,6,2,84,11,1197,1,7,NISSAN QASHQAI,-1,-1,0,-1
2024010503357,2024,010503357,1,9,0,9,9,5,3,0,0,6,0,0,0,0,1,1,6,6,1,25,5,1997,1,15,NISSAN QASHQAI,3,E01001116,0,1
2024471420490,2024,471420490,1,9,0,-1,6,3,3,-1,0,8,0,0,0,0,4,1,-1,6,1,55,8,1332,8,1,NISSAN QASHQAI,2,E01027248,0,5
2024010537502,2024,010537502,1,9,0,9,9,3,1,0,0,8,0,0,0,0,3,1,1,1,1,44,7,1997,1,17,NISSAN QASHQAI,2,E01032564,0,1
2024622400586,2024,622400586,2,9,0,9,9,1,7,0,0,6,0,0,0,0,2,1,6,6,1,45,7,1332,8,1,NISSAN QASHQAI,9,W01001729,0,1
2024041422563,2024,041422563,1,9,0,-1,5,7,3,-1,0,2,0,0,0,0,1,1,-1,7,1,70,10,1198,1,10,NISSAN QASHQAI,1,E01012684,0,1
2024010536289,2024,010536289,3,9,0,2,2,0,0,9,9,1,0,4,0,0,1,1,6,6,3,-1,-1,1332,8,0,NISSAN QASHQAI,-1,-1,0,-1
2024471412250,2024,471412250,1,9,0,-1,19,8,4,-1,0,0,5,5,7,0,1,1,-1,6,1,26,6,1461,2,5,NISSAN QASHQAI,9,E01031384,0,1
2024332400982,2024,332400982,1,9,0,-1,9,1,7,-1,0,5,0,0,0,0,4,1,-1,6,1,75,10,1332,1,4,NISSAN QASHQAI,10,E01025737,0,1
2024010514247,2024,010514247,2,9,0,99,99,9,9,99,99,9,9,99,9,99,9,9,6,6,3,-1,-1,1197,1,6,NISSAN QASHQAI,-1,-1,0,-1
2024131462203,2024,131462203,1,9,0,-1,9,1,7,-1,0,0,0,0,0,0,2,1,-1,9,2,61,9,1197,1,7,NISSAN QASHQAI,8,E01027556,0,2
2024101415705,2024,101415705,1,9,0,-1,9,3,1,-1,0,8,0,0,0,0,0,1,-1,6,2,-1,-1,1332,8,1,NISSAN QASHQAI,-1,-1,0,-1
2024501484808,2024,501484808,1,9,0,-1,19,7,3,-1,0,6,0,0,0,0,2,1,-1,9,1,42,7,1598,1,13,NISSAN QASHQAI,2,E01029109,0,5
2024421412130,2024,421412130,1,9,0,-1,19,4,8,-1,0,1,0,0,0,0,4,1,-1,9,2,29,6,1461,2,8,NISSAN QASHQAI,2,E01022039,0,4
2024201470333,2024,201470333,1,9,0,-1,7,5,1,-1,0,6,0,0,0,0,1,9,-1,9,2,57,9,1461,2,15,NISSAN QASHQAI,1,E01010471,0,1
2024440127820,2024,440127820,1,9,0,18,19,6,2,0,0,0,0,0,6,0,1,1,6,6,1,89,11,1997,1,14,NISSAN QASHQAI,6,E01022911,0,3
2024101408732,2024,101408732,2,9,0,-1,8,3,5,-1,0,6,0,0,0,0,4,9,-1,9,2,62,9,1461,2,8,NISSAN QASHQAI,6,E01008434,0,1
2024430205895,2024,430205895,2,9,0,18,19,7,3,0,0,8,0,0,0,0,1,1,6,6,2,35,6,1332,8,3,NISSAN QASHQAI,8,E01016319,0,1