collision_index,collision_year,collision_ref_no,vehicle_reference,vehicle_type,towing_and_articulation,vehicle_manoeuvre_historic,vehicle_manoeuvre,vehicle_direction_from,vehicle_direction_to,vehicle_location_restricted_lane_historic,vehicle_location_restricted_lane,junction_location,skidding_and_overturning,hit_object_in_carriageway,vehicle_leaving_carriageway,hit_object_off_carriageway,first_point_of_impact,vehicle_left_hand_drive,journey_purpose_of_driver_historic,journey_purpose_of_driver,sex_of_driver,age_of_driver,age_band_of_driver,engine_capacity_cc,propulsion_code,age_of_vehicle,generic_make_model,driver_imd_decile,lsoa_of_driver,escooter_flag,driver_distance_banding
2024010508757,2024,010508757,1,9,0,13,13,1,5,0,0,1,0,0,0,0,2,1,6,6,3,-1,-1,1497,8,2,NISSAN QASHQAI,-1,-1,0,-1
2024010538654,2024,010538654,2,9,9,99,99,9,9,99,99,9,9,99,9,99,9,9,6,6,1,60,9,1997,1,16,NISSAN QASHQAI,9,E01004587,0,1
2024332401164,2024,332401164,2,9,0,-1,19,6,2,-1,0,8,0,0,0,0,1,1,-1,6,1,77,11,1461,2,6,NISSAN QASHQAI,10,E01028389,0,2
2024010536111,2024,010536111,1,9,0,7,7,5,7,0,0,5,0,10,1,10,1,1,6,6,1,47,8,1598,1,12,NISSAN QASHQAI,8,E01002534,0,1
2024440533284,2024,440533284,1,9,0,18,19,3,7,0,0,1,0,0,0,0,4,1,6,6,2,60,9,1997,1,14,NISSAN QASHQAI,4,E01017312,0,3
2024351508366,2024,351508366,1,9,0,-1,19,7,3,-1,0,0,0,0,0,0,2,1,-1,6,1,43,7,1197,1,8,NISSAN QASHQAI,1,E01015596,0,2
2024010503183,2024,010503183,2,9,0,99,99,9,9,99,99,9,9,99,9,99,1,9,6,6,3,-1,-1,1997,1,11,NISSAN QASHQAI,2,E01000106,0,4
2024471509982,2024,471509982,2,9,0,-1,19,5,1,-1,0,0,0,0,0,0,3,1,-1,6,1,60,9,1332,1,5,NISSAN QASHQAI,5,E01032836,0,1
2024161519181,2024,161519181,1,9,0,-1,9,1,7,-1,0,4,0,0,0,0,1,9,-1,9,1,41,7,1598,1,17,NISSAN QASHQAI,6,E01013290,0,1
2024430048616,2024,430048616,2,9,0,3,3,6,2,0,0,1,0,0,0,0,2,1,6,6,2,37,7,1598,2,9,NISSAN QASHQAI,6,E01016737,0,1
2024161528556,2024,161528556,1,9,0,-1,19,3,7,-1,0,4,0,0,0,0,1,1,-1,6,2,78,11,1461,2,6,NISSAN QASHQAI,6,E01013276,0,2
2024542126524,2024,542126524,1,9,0,18,19,7,3,0,0,0,0,0,0,0,1,1,6,6,2,36,7,1461,2,16,NISSAN QASHQAI,1,E01015541,0,1
2024440502955,2024,440502955,1,9,0,3,3,1,5,0,0,0,0,4,0,0,3,1,6,6,1,27,6,1332,8,3,NISSAN QASHQAI,9,E01022862,0,1
2024201487528,2024,201487528,2,9,0,-1,19,6,2,-1,0,0,0,0,0,0,2,9,-1,9,2,33,6,1995,2,13,NISSAN QASHQAI,1,E01008998,0,1
2024201475942,2024,201475942,3,9,0,-1,2,0,0,-1,0,7,0,0,0,0,1,1,-1,6,-1,-1,-1,1461,2,8,NISSAN QASHQAI,-1,-1,0,-1
2024461511160,2024,461511160,2,9,0,-1,5,3,7,-1,0,4,0,0,0,0,2,9,-1,6,2,33,6,1598,2,7,NISSAN QASHQAI,6,E01024812,0,2
2024421526031,2024,421526031,3,9,0,-1,19,6,1,-1,0,1,0,0,0,0,1,1,-1,2,1,67,10,1332,8,2,NISSAN QASHQAI,3,E01001436,0,1
2024552400572,2024,552400572,1,9,0,18,19,6,2,0,0,0,0,0,7,9,1,1,6,6,1,71,10,1598,2,13,NISSAN QASHQAI,7,E01020570,0,2
2024311491356,2024,311491356,2,9,0,-1,19,2,3,-1,0,5,0,0,0,0,1,1,-1,6,1,23,5,1461,2,11,NISSAN QASHQAI,6,E01028175,0,3
2024131397014,2024,131397014,1,9,0,-1,19,5,5,-1,9,8,0,0,0,0,3,1,-1,1,1,50,8,1197,1,8,NISSAN QASHQAI,3,E01010704,0,2
2024221431775,2024,221431775,1,9,0,-1,19,8,4,-1,0,0,5,0,0,0,3,9,-1,6,1,31,6,1332,8,0,NISSAN QASHQAI,4,E01008885,0,4
2024010510828,2024,010510828,2,9,0,99,99,9,9,99,99,0,9,99,9,99,0,9,6,6,3,-1,-1,1332,8,2,NISSAN QASHQAI,-1,-1,0,-1
2024061439086,2024,061439086,2,9,0,-1,19,-1,-1,-1,0,1,0,0,0,0,1,1,-1,6,3,-1,-1,1598,1,10,NISSAN QASHQAI,-1,-1,0,-1
2024061479796,2024,061479796,2,9,0,-1,14,1,5,-1,0,0,0,0,1,0,1,1,-1,6,2,40,7,1332,8,2,NISSAN QASHQAI,1,E01005239,0,1
2024201397986,2024,201397986,2,9,0,-1,19,4,8,-1,0,0,0,0,0,0,2,1,-1,2,2,51,8,1598,1,11,NISSAN QASHQAI,-1,-1,0,-1
2024440271647,2024,440271647,1,9,0,4,4,3,7,0,0,1,0,0,0,0,3,1,6,6,1,37,7,1461,2,10,NISSAN QASHQAI,4,E01015275,0,4
2024041418006,2024,041418006,1,9,0,-1,7,7,5,-1,0,3,0,0,0,0,1,1,-1,9,2,43,7,1461,2,9,NISSAN QASHQAI,1,E01012655,0,1
2024302400967,2024,302400967,1,9,0,17,19,6,1,0,0,0,0,0,0,0,1,1,6,6,1,38,7,1332,1,4,NISSAN QASHQAI,4,E01019730,0,3
2024451523642,2024,451523642,2,9,0,-1,19,3,7,-1,0,0,0,0,0,0,2,1,-1,9,1,62,9,1461,2,6,NISSAN QASHQAI,9,E01020419,0,4
2024461493632,2024,461493632,1,9,0,-1,9,3,8,-1,0,6,0,0,7,0,1,1,-1,9,2,30,6,1997,1,11,NISSAN QASHQAI,8,E01032825,0,2
2024451419708,2024,451419708,2,9,0,-1,19,1,5,-1,0,0,0,0,0,0,2,1,-1,2,1,29,6,1332,8,2,NISSAN QASHQAI,10,E01023694,0,4
2024531462539,2024,531462539,1,9,0,-1,19,6,2,-1,0,0,0,0,0,0,1,1,-1,2,1,30,6,1497,8,1,NISSAN QASHQAI,4,E01022200,0,3
2024010525546,2024,010525546,1,9,0,18,19,1,5,0,0,1,0,0,7,9,1,1,2,2,1,36,7,1598,1,15,NISSAN QASHQAI,8,E01002291,0,1
2024201455740,2024,201455740,1,9,0,-1,19,5,1,-1,0,0,0,0,0,0,1,1,-1,6,1,-1,-1,1332,1,5,NISSAN QASHQAI,-1,-1,0,-1
2024440262873,2024,440262873,1,9,0,18,19,8,4,0,0,2,5,4,0,0,1,1,3,7,1,33,6,1332,8,2,NISSAN QASHQAI,5,E01022842,0,1
2024461464748,2024,461464748,2,9,0,-1,19,7,3,-1,0,0,0,0,0,0,1,2,-1,9,1,61,9,1332,1,5,NISSAN QASHQAI,4,E01024587,0,1
2024451520286,2024,451520286,1,9,0,-1,19,5,1,-1,0,0,5,0,0,0,1,1,-1,6,2,31,6,1598,1,12,NISSAN QASHQAI,7,E01031545,0,3
2024010533720,2024,010533720,2,9,0,5,5,5,1,0,0,1,0,0,1,0,4,1,2,2,1,53,8,1598,1,12,NISSAN QASHQAI,3,E01001712,0,1
2024401486383,2024,401486383,3,9,0,-1,3,7,3,-1,0,0,0,0,0,0,2,1,-1,6,1,39,7,1461,2,7,NISSAN QASHQAI,3,E01015761,0,1
2024421499957,2024,421499957,1,9,0,-1,13,3,7,-1,0,0,2,0,7,0,3,1,-1,6,1,43,7,1461,2,8,NISSAN QASHQAI,6,E01023506,0,4
2024201418949,2024,201418949,1,9,0,-1,19,1,5,-1,0,0,0,0,0,0,3,1,-1,6,1,73,10,1497,8,2,NISSAN QASHQAI,8,E01010255,0,1
2024302401507,2024,302401507,1,9,0,9,9,7,5,0,0,8,0,0,0,0,1,1,1,1,2,46,8,1598,1,12,NISSAN QASHQAI,5,E01019740,0,1
2024010540654,2024,010540654,2,9,0,18,19,2,6,0,0,1,0,0,0,0,1,1,6,6,1,62,9,1332,1,4,NISSAN QASHQAI,5,E01004391,0,1
2024320355576,2024,320355576,1,9,0,-1,-1,4,8,0,0,2,0,0,0,0,1,1,6,6,1,76,11,1497,8,1,NISSAN QASHQAI,10,E01034702,0,1
2024461455586,2024,461455586,1,9,0,-1,3,4,3,-1,0,1,0,0,0,0,1,9,-1,6,1,50,8,1598,1,15,NISSAN QASHQAI,2,E01024305,0,1
2024332400046,2024,332400046,1,9,0,-1,19,3,7,-1,0,1,1,0,0,0,1,1,-1,1,2,41,7,1461,2,8,NISSAN QASHQAI,1,E01013725,0,1
2024201430588,2024,201430588,1,9,0,-1,19,8,2,-1,0,8,0,0,0,0,3,1,-1,9,1,43,7,1197,1,6,NISSAN QASHQAI,2,E01008936,0,1
2024010531889,2024,010531889,2,9,9,99,99,9,9,99,99,9,9,99,9,99,9,9,6,6,3,-1,-1,1598,1,12,NISSAN QASHQAI,-1,-1,0,-1
2024041534095,2024,041534095,1,9,0,-1,5,7,3,-1,0,0,0,0,0,0,0,2,-1,9,1,44,7,1995,2,13,NISSAN QASHQAI,9,E01025569,0,1
2024311532179,2024,311532179,1,9,0,-1,7,2,1,-1,0,2,0,0,1,1,1,1,-1,9,2,74,10,1618,1,9,NISSAN QASHQAI,-1,-1,0,-1
2024101437385,2024,101437385,1,9,0,-1,19,3,7,-1,0,0,0,0,0,0,4,1,-1,6,2,32,6,1461,2,7,NISSAN QASHQAI,-1,-1,0,-1
2024544511524,2024,544511524,3,9,0,18,19,4,8,0,0,0,0,0,0,0,1,1,6,6,1,42,7,1598,2,10,NISSAN QASHQAI,9,E01033848,0,3
2024451494643,2024,451494643,2,9,0,-1,19,3,7,-1,0,0,0,0,0,0,2,1,-1,9,1,58,9,1598,1,13,NISSAN QASHQAI,5,E01000468,0,4
2024041509729,2024,041509729,2,9,0,-1,15,7,3,-1,0,0,0,0,0,0,4,1,-1,9,1,42,7,1461,2,14,NISSAN QASHQAI,1,E01012680,0,1
2024991479378,2024,991479378,1,9,5,-1,9,6,4,-1,0,8,0,0,0,0,1,1,-1,1,1,37,7,1332,8,1,NISSAN QASHQAI,4,-1,0,4
2024332400004,2024,332400004,1,9,0,-1,19,6,2,-1,0,1,0,0,0,0,1,1,-1,9,1,55,8,1332,8,1,NISSAN QASHQAI,3,E01013776,0,1
2024320594722,2024,320594722,1,9,0,4,4,6,8,0,0,1,0,0,0,0,1,1,-1,-1,2,40,7,1461,2,10,NISSAN QASHQAI,7,E01032989,0,3
2024430512338,2024,430512338,1,9,0,18,19,8,4,0,0,0,0,0,0,0,1,1,6,6,1,43,7,1461,2,8,NISSAN QASHQAI,-1,-1,0,-1
2024201470595,2024,201470595,1,9,0,-1,19,7,3,-1,0,1,0,0,0,0,1,1,-1,6,3,-1,-1,1197,1,9,NISSAN QASHQAI,-1,-1,0,-1
2024411539477,2024,411539477,2,9,0,-1,19,5,1,-1,0,8,0,0,0,0,3,9,-1,6,2,28,6,1598,2,7,NISSAN QASHQAI,5,E01023350,0,3
2024201556281,2024,201556281,2,9,0,-1,5,1,5,-1,0,1,0,0,0,0,3,9,-1,6,2,40,7,1461,2,7,NISSAN QASHQAI,1,E01009517,0,2
2024010526754,2024,010526754,2,9,0,99,99,9,9,99,99,9,9,99,9,99,1,9,6,6,3,-1,-1,1598,2,7,NISSAN QASHQAI,-1,-1,0,-1
2024440438254,2024,440438254,1,9,0,18,19,4,8,0,0,0,0,0,0,0,4,1,6,6,2,41,7,1598,1,11,NISSAN QASHQAI,6,E01022858,0,2
2024302401114,2024,302401114,1,9,0,4,4,5,1,0,0,1,0,0,0,0,1,1,6,6,2,28,6,1994,2,16,NISSAN QASHQAI,3,E01019530,0,1
2024211494264,2024,211494264,1,9,0,-1,19,1,5,-1,0,2,0,0,0,0,4,1,-1,6,1,45,7,1332,8,1,NISSAN QASHQAI,-1,-1,0,-1
2024471437602,2024,471437602,1,9,0,-1,19,5,1,-1,0,0,0,0,1,4,1,1,-1,9,1,45,7,1995,2,13,NISSAN QASHQAI,10,E01031650,0,1
2024141457012,2024,141457012,1,9,0,-1,19,7,3,-1,0,0,0,0,0,0,1,1,-1,1,2,49,8,1598,1,11,NISSAN QASHQAI,3,E01007788,0,1
2024471519786,2024,471519786,1,9,0,-1,19,5,1,-1,0,0,1,0,1,9,4,1,-1,6,2,37,7,1461,2,10,NISSAN QASHQAI,5,E01034300,0,2
2024201513090,2024,201513090,1,9,0,-1,19,2,3,-1,0,8,0,0,0,0,1,9,-1,1,1,34,6,1995,2,13,NISSAN QASHQAI,6,E01009278,0,1
2024010501495,2024,010501495,1,9,0,9,9,1,7,0,0,1,0,0,0,0,1,1,6,6,1,30,6,1197,1,9,NISSAN QASHQAI,5,E01034480,0,1
2024430491233,2024,430491233,2,9,0,18,19,5,1,0,0,4,0,0,0,0,2,1,6,6,2,44,7,1332,8,0,NISSAN QASHQAI,10,E01035756,0,1
2024471448277,2024,471448277,1,9,0,-1,6,3,7,-1,0,1,0,0,0,0,3,1,-1,1,1,37,7,1598,2,8,NISSAN QASHQAI,1,E01016900,0,1
2024471513435,2024,471513435,1,9,0,-1,19,1,5,-1,0,2,0,0,0,0,1,1,-1,2,2,33,6,1598,1,12,NISSAN QASHQAI,8,E01031815,0,1
2024451513448,2024,451513448,1,9,0,-1,19,7,3,-1,0,0,0,0,0,0,1,1,-1,2,2,46,8,1332,1,5,NISSAN QASHQAI,10,E01030624,0,4
2024471480934,2024,471480934,2,9,0,-1,2,0,0,-1,0,0,0,0,0,0,2,1,-1,6,-1,-1,-1,1332,1,5,NISSAN QASHQAI,-1,-1,0,-1
2024991473813,2024,991473813,4,9,0,-1,2,0,0,-1,0,2,0,0,0,0,2,1,-1,6,-1,-1,-1,1332,8,1,NISSAN QASHQAI,-1,-1,0,-1
2024061478358,2024,061478358,1,9,0,-1,19,3,7,-1,0,1,0,0,0,0,4,1,-1,9,1,83,11,1332,8,2,NISSAN QASHQAI,6,E01006227,0,4
2024991456007,2024,991456007,1,8,0,-1,19,4,8,-1,0,0,5,7,0,0,1,1,-1,1,1,46,8,1332,8,3,NISSAN QASHQAI,2,-1,0,4
2024010526874,2024,010526874,2,9,0,99,99,9,9,99,99,9,9,99,9,99,9,9,6,6,1,30,6,1197,1,8,NISSAN QASHQAI,3,E01002105,0,1
2024010546507,2024,010546507,3,9,0,18,19,3,7,0,0,0,0,0,0,0,3,1,6,6,1,27,6,1332,8,0,NISSAN QASHQAI,9,E01017695,0,4
2024421412186,2024,421412186,3,9,0,-1,19,3,6,-1,0,8,0,0,0,0,1,1,-1,9,1,54,8,1332,1,5,NISSAN QASHQAI,4,E01022028,0,2
2024131404315,2024,131404315,1,9,0,-1,-1,-1,-1,-1,-1,-1,-1,-1,-1,0,-1,1,-1,6,3,-1,-1,1598,2,12,NISSAN QASHQAI,-1,-1,0,-1
2024101445568,2024,101445568,1,9,0,-1,12,6,2,-1,0,8,0,0,0,0,3,1,-1,6,1,60,9,1461,2,11,NISSAN QASHQAI,3,E01008208,0,1
2024141420432,2024,141420432,2,9,0,-1,19,8,4,-1,0,8,1,0,1,11,3,1,-1,6,1,59,9,1461,2,8,NISSAN QASHQAI,10,E01008126,0,1
2024010521533,2024,010521533,2,9,0,5,5,9,9,99,99,1,9,99,9,99,1,9,6,6,3,-1,-1,1598,1,11,NISSAN QASHQAI,2,E01000052,0,1
2024440258094,2024,440258094,3,9,0,18,19,5,1,0,0,8,0,0,0,0,4,1,6,6,2,42,7,1598,2,7,NISSAN QASHQAI,3,E01017149,0,1
2024201518769,2024,201518769,2,9,0,-1,4,1,5,-1,0,0,0,0,0,0,2,1,-1,9,1,63,9,1332,8,0,NISSAN QASHQAI,10,E01019393,0,5
2024010510294,2024,010510294,1,9,0,5,5,3,7,0,0,1,0,0,0,0,1,1,6,6,1,23,5,1198,1,9,NISSAN QASHQAI,3,E01001368,0,1
2024547724824,2024,547724824,2,9,0,18,19,5,1,0,0,1,1,0,0,0,1,1,1,1,2,45,7,1618,1,8,NISSAN QASHQAI,6,E01031848,0,1
2024451466317,2024,451466317,2,9,0,-1,9,7,4,-1,0,0,0,0,0,0,1,1,-1,1,2,37,7,1197,1,7,NISSAN QASHQAI,10,E01030958,0,2
2024552401549,2024,552401549,2,9,0,18,19,5,1,0,0,8,0,0,0,0,1,1,6,6,1,38,7,1332,8,3,NISSAN QASHQAI,6,E01016994,0,5
2024010547241,2024,010547241,1,9,0,1,1,7,3,0,0,6,0,0,0,0,2,1,6,6,1,67,10,1461,2,7,NISSAN QASHQAI,-1,-1,0,-1
2024031469856,2024,031469856,1,9,0,-1,4,7,3,-1,0,0,0,0,0,0,0,1,-1,6,2,36,7,1461,2,12,NISSAN QASHQAI,-1,-1,0,-1
2024010508083,2024,010508083,1,9,0,18,19,5,1,0,0,0,0,0,0,0,1,1,3,7,2,39,7,1598,1,11,NISSAN QASHQAI,4,E01000402,0,1
2024311533242,2024,311533242,1,9,0,-1,19,5,1,-1,0,0,0,0,0,0,1,1,-1,9,1,42,7,1598,1,12,NISSAN QASHQAI,-1,-1,0,-1
2024010509780,2024,010509780,2,9,0,12,12,3,7,0,0,6,1,0,0,0,0,1,6,6,2,44,7,1598,1,14,NISSAN QASHQAI,5,E01002143,0,2
2024991521847,2024,991521847,2,9,0,-1,19,4,8,-1,0,0,0,0,0,0,2,1,-1,9,1,48,8,1332,8,2,NISSAN QASHQAI,7,-1,0,2
2024010519115,2024,010519115,1,9,0,99,99,9,9,99,99,9,9,99,9,99,9,9,6,6,1,46,8,1598,1,13,NISSAN QASHQAI,4,E01003409,0,2
2024010537596,2024,010537596,1,9,0,5,5,5,1,0,0,0,0,0,0,0,3,1,6,6,2,46,8,1332,8,3,NISSAN QASHQAI,3,E01035681,0,2
2024421462501,2024,421462501,2,9,0,-1,19,-1,-1,-1,0,0,0,0,0,0,1,1,-1,9,1,35,6,1197,1,6,NISSAN QASHQAI,2,E01015875,0,1
2024052402509,2024,052402509,3,9,0,3,3,2,6,0,0,0,0,0,0,0,2,1,2,2,1,73,10,1332,8,1,NISSAN QASHQAI,9,E01006828,0,1
2024052400367,2024,052400367,1,9,0,9,9,5,3,0,0,8,0,0,0,0,1,1,6,6,1,52,8,1461,2,14,NISSAN QASHQAI,2,E01033751,0,1
2024371483708,2024,371483708,2,9,0,-1,19,2,6,-1,0,0,0,0,0,0,1,1,-1,6,2,50,8,1598,1,17,NISSAN QASHQAI,2,E01015938,0,4
202417H102924,2024,17H102924,1,9,0,-1,7,1,3,-1,0,2,0,0,0,0,1,1,-1,9,2,22,5,1598,1,16,NISSAN QASHQAI,5,E01034508,0,4
2024371456651,2024,371456651,1,9,0,-1,19,4,2,-1,0,0,2,0,1,1,1,1,-1,6,1,27,6,1461,2,17,NISSAN QASHQAI,9,E01034559,0,2
2024061491893,2024,061491893,1,9,0,-1,9,4,1,-1,0,8,0,0,0,0,1,1,-1,9,2,40,7,1598,1,14,NISSAN QASHQAI,1,E01005142,0,1
2024351492911,2024,351492911,2,9,0,-1,-1,-1,-1,-1,-1,-1,-1,-1,-1,0,2,9,-1,9,1,35,6,1461,2,11,NISSAN QASHQAI,1,E01015658,0,1
2024010536058,2024,010536058,1,9,0,4,4,3,7,0,0,2,0,0,0,0,1,2,6,6,2,45,7,1598,1,11,NISSAN QASHQAI,4,E01001683,0,1
2024201504487,2024,201504487,1,9,0,-1,5,2,6,-1,0,8,0,0,0,0,1,9,-1,9,2,31,6,1461,2,14,NISSAN QASHQAI,10,E01010181,0,2
2024421494057,2024,421494057,3,9,0,-1,19,2,5,-1,0,8,0,0,0,0,2,1,-1,6,1,30,6,1997,1,14,NISSAN QASHQAI,-1,-1,0,-1
2024010503841,2024,010503841,2,9,0,99,99,9,9,99,99,0,9,99,9,99,9,9,6,6,3,-1,-1,1497,8,1,NISSAN QASHQAI,-1,-1,0,-1
2024010518508,2024,010518508,2,9,0,7,7,9,9,99,99,5,9,99,9,99,9,9,6,6,3,56,9,1598,1,15,NISSAN QASHQAI,5,E01003076,0,1
2024201453404,2024,201453404,2,9,0,-1,19,2,6,-1,0,0,0,0,0,0,3,1,-1,1,2,55,8,1997,1,17,NISSAN QASHQAI,4,E01009030,0,1
2024041409649,2024,041409649,2,9,0,-1,9,3,7,-1,0,8,0,0,0,0,2,1,-1,9,2,21,5,1461,2,9,NISSAN QASHQAI,1,E01024907,0,1
2024111519356,2024,111519356,1,9,0,-1,19,8,4,-1,0,3,0,0,0,0,1,1,-1,6,1,56,9,1461,2,10,NISSAN QASHQAI,6,E01008750,0,2
2024122400280,2024,122400280,1,9,0,18,19,5,1,0,0,0,5,0,7,11,3,1,6,6,1,74,10,1497,8,2,NISSAN QASHQAI,7,E01027667,0,1
2024461440428,2024,461440428,2,9,0,-1,14,5,3,-1,0,6,0,0,0,0,3,9,-1,2,2,36,7,1461,2,8,NISSAN QASHQAI,1,E01024193,0,1
2024622500023,2024,622500023,2,9,0,16,19,8,5,0,0,0,0,0,0,0,4,1,6,6,2,31,6,1197,1,7,NISSAN QASHQAI,2,W01001138,0,3
2024201457739,2024,201457739,4,9,0,-1,19,6,8,-1,0,2,0,0,0,0,2,1,-1,6,2,58,9,1461,2,6,NISSAN QASHQAI,4,E01010556,0,1
2024320751165,2024,320751165,3,9,0,-1,-1,6,2,0,0,0,2,0,1,0,1,1,6,6,2,47,8,1461,2,12,NISSAN QASHQAI,8,E01026065,0,3
2024302401727,2024,302401727,2,9,0,-1,19,4,8,-1,0,8,0,0,0,0,3,1,-1,9,2,53,8,1598,1,12,NISSAN QASHQAI,8,E01034255,0,2
2024010535281,2024,010535281,2,9,0,99,99,9,9,99,99,9,9,99,9,99,1,9,6,6,3,-1,-1,1598,1,12,NISSAN QASHQAI,-1,-1,0,-1
2024622400238,2024,622400238,1,9,0,18,19,8,4,0,0,0,1,0,1,4,1,1,6,6,1,29,6,1332,8,2,NISSAN QASHQAI,1,W01000742,0,2
2024320642844,2024,320642844,2,9,0,-1,-1,4,8,0,0,8,2,0,2,0,3,1,6,6,2,41,7,1461,2,5,NISSAN QASHQAI,1,E01026375,0,3
2024332400716,2024,332400716,1,9,0,-1,9,1,7,-1,0,5,0,0,7,4,1,1,-1,9,1,24,5,1598,2,9,NISSAN QASHQAI,10,E01025680,0,1
2024061489194,2024,061489194,2,9,0,-1,3,6,1,-1,0,0,0,0,0,0,2,1,-1,9,1,68,10,1332,1,4,NISSAN QASHQAI,3,E01006282,0,1
2024131436795,2024,131436795,2,9,0,-1,19,7,3,-1,0,8,0,0,0,0,4,1,-1,6,2,35,6,1598,2,12,NISSAN QASHQAI,3,E01010571,0,1
2024010525069,2024,010525069,1,9,0,18,19,3,7,0,0,0,0,7,0,0,4,1,2,2,2,39,7,1332,1,5,NISSAN QASHQAI,9,E01001614,0,3
2024201526171,2024,201526171,1,9,0,-1,19,5,6,-1,0,0,0,0,0,0,1,1,-1,6,2,34,6,1461,2,10,NISSAN QASHQAI,1,E01009363,0,1
2024041412569,2024,041412569,2,9,0,-1,9,1,7,-1,0,0,0,0,0,0,4,1,-1,9,2,32,6,1197,1,7,NISSAN QASHQAI,4,E01025572,0,1
2024061469113,2024,061469113,1,9,0,-1,19,1,1,-1,0,0,0,0,0,0,1,2,-1,1,3,30,6,1197,1,8,NISSAN QASHQAI,-1,-1,0,-1
2024320293126,2024,320293126,2,9,0,-1,-1,8,4,0,0,8,0,0,0,0,1,1,-1,-1,2,35,6,1198,1,9,NISSAN QASHQAI,3,E01026123,0,4
2024201516887,2024,201516887,1,9,0,-1,5,5,1,-1,0,1,0,0,0,0,1,9,-1,6,2,48,8,1332,8,1,NISSAN QASHQAI,8,E01009464,0,2
2024010548543,2024,010548543,2,9,0,99,99,9,9,99,99,9,0,99,9,99,9,1,6,6,3,-1,-1,1997,1,11,NISSAN QASHQAI,-1,-1,0,-1
2024211457711,2024,211457711,1,9,0,-1,2,0,0,-1,0,0,0,0,0,0,4,1,-1,9,2,35,6,1598,2,8,NISSAN QASHQAI,-1,-1,0,-1
2024421454469,2024,421454469,1,9,0,-1,9,3,1,-1,0,0,0,0,0,0,1,1,-1,6,2,34,6,1332,1,4,NISSAN QASHQAI,2,E01015976,0,1
2024421522760,2024,421522760,1,9,0,-1,4,5,1,-1,0,4,0,0,0,0,1,9,-1,6,1,62,9,1461,2,5,NISSAN QASHQAI,9,E01021349,0,1
202454D954824,2024,54D954824,2,9,0,5,5,8,5,0,0,1,0,0,0,0,1,1,1,1,2,45,7,1461,2,5,NISSAN QASHQAI,3,E01015491,0,1
2024430571305,2024,430571305,1,9,0,3,3,1,5,0,0,0,0,0,0,0,2,1,6,6,2,50,8,1332,8,2,NISSAN QASHQAI,4,E01016448,0,1
2024471448334,2024,471448334,2,9,0,-1,19,8,3,-1,0,1,0,0,0,0,3,9,-1,6,2,49,8,1497,8,1,NISSAN QASHQAI,5,E01031577,0,1
2024440254071,2024,440254071,2,9,0,13,13,4,8,0,0,0,0,0,0,0,0,1,6,6,3,-1,-1,1598,2,12,NISSAN QASHQAI,-1,-1,0,-1
2024010548897,2024,010548897,2,9,0,4,4,1,5,0,0,0,0,0,0,0,1,1,6,6,2,26,6,1997,1,15,NISSAN QASHQAI,-1,-1,0,-1
2024010533347,2024,010533347,1,9,0,7,7,2,4,0,0,6,0,0,0,0,3,1,6,6,2,36,7,1332,1,5,NISSAN QASHQAI,-1,-1,0,-1
2024991471402,2024,991471402,1,9,0,-1,19,8,4,-1,0,2,0,0,1,0,1,1,-1,9,1,27,6,1461,2,7,NISSAN QASHQAI,6,E01035724,0,5
2024631424087,2024,631424087,2,9,0,-1,4,2,6,-1,0,0,0,0,1,10,2,1,-1,9,1,40,7,1461,2,11,NISSAN QASHQAI,5,W01000427,0,4
2024461459979,2024,461459979,4,9,0,-1,3,8,4,-1,0,0,0,0,0,0,3,2,-1,6,1,74,10,1332,1,5,NISSAN QASHQAI,-1,-1,0,-1
2024201514442,2024,201514442,1,9,0,-1,19,6,2,-1,0,8,0,0,3,0,1,1,-1,6,2,-1,-1,1197,1,7,NISSAN QASHQAI,1,E01008935,0,1
2024010515710,2024,010515710,2,9,9,13,13,7,3,99,99,0,9,99,9,99,1,9,6,6,3,35,6,1197,1,8,NISSAN QASHQAI,4,E01003548,0,1
2024340WN5432,2024,340WN5432,2,9,0,-1,19,1,5,-1,0,0,1,0,5,6,4,1,-1,6,1,53,8,1497,8,0,NISSAN QASHQAI,1,E01005569,0,5
2024122400502,2024,122400502,1,9,0,5,5,3,7,0,0,8,0,0,0,0,1,1,1,1,2,39,7,1461,2,13,NISSAN QASHQAI,7,E01013345,0,1
2024440144116,2024,440144116,1,9,0,18,19,5,1,0,0,1,0,0,0,0,4,1,6,6,2,31,6,1197,1,6,NISSAN QASHQAI,3,E01017295,0,1
2024010512188,2024,010512188,4,9,0,2,2,0,0,0,0,1,0,4,0,0,3,1,6,6,3,-1,-1,1997,1,12,NISSAN QASHQAI,-1,-1,0,-1
2024010494898,2024,010494898,1,9,0,1,1,3,7,0,0,1,0,0,0,0,2,1,6,6,1,59,9,1598,1,12,NISSAN QASHQAI,2,E01002151,0,1
2024522500150,2024,522500150,2,9,0,11,11,6,4,0,0,8,0,0,0,0,1,1,6,6,3,-1,-1,1197,1,9,NISSAN QASHQAI,-1,-1,0,-1
2024430491423,2024,430491423,1,9,0,18,19,8,4,0,0,0,0,0,1,4,1,1,6,6,2,72,10,1497,8,1,NISSAN QASHQAI,10,E01016343,0,1
2024430194708,2024,430194708,1,9,0,18,19,1,5,0,0,0,1,0,0,0,1,1,6,6,1,50,8,1598,1,13,NISSAN QASHQAI,7,E01022163,0,4