collision_index,collision_year,collision_ref_no,vehicle_reference,vehicle_type,towing_and_articulation,vehicle_manoeuvre_historic,vehicle_manoeuvre,vehicle_direction_from,vehicle_direction_to,vehicle_location_restricted_lane_historic,vehicle_location_restricted_lane,junction_location,skidding_and_overturning,hit_object_in_carriageway,vehicle_leaving_carriageway,hit_object_off_carriageway,first_point_of_impact,vehicle_left_hand_drive,journey_purpose_of_driver_historic,journey_purpose_of_driver,sex_of_driver,age_of_driver,age_band_of_driver,engine_capacity_cc,propulsion_code,age_of_vehicle,generic_make_model,driver_imd_decile,lsoa_of_driver,escooter_flag,driver_distance_banding
2024010549827,2024,010549827,1,9,0,18,19,3,7,9,9,5,0,10,3,10,1,1,6,6,1,31,6,1497,8,0,NISSAN QASHQAI,1,E01002093,0,1
2024010548931,2024,010548931,5,9,0,2,2,0,0,0,0,1,0,0,0,0,3,1,6,6,3,-1,-1,1197,1,6,NISSAN QASHQAI,-1,-1,0,-1
2024161399822,2024,161399822,1,9,0,-1,4,2,1,-1,0,4,0,0,0,0,2,9,-1,7,2,34,6,1461,2,6,NISSAN QASHQAI,4,E01013079,0,1
2024041536124,2024,041536124,2,9,0,-1,19,5,1,-1,0,2,0,0,0,0,3,1,-1,9,2,58,9,1461,2,8,NISSAN QASHQAI,2,E01025037,0,2
2024351455298,2024,351455298,1,9,0,-1,19,5,1,-1,0,8,0,4,3,10,1,1,-1,1,2,52,8,1332,1,5,NISSAN QASHQAI,6,E01018190,0,1
2024052400579,2024,052400579,1,9,0,5,5,6,2,0,0,1,0,0,0,0,1,1,1,1,1,-1,-1,1598,1,15,NISSAN QASHQAI,-1,-1,0,-1
2024052402676,2024,052402676,1,9,0,18,19,7,3,0,0,0,0,0,0,0,1,1,6,6,2,45,7,1598,1,15,NISSAN QASHQAI,1,E01007227,0,1
2024211405885,2024,211405885,2,9,0,-1,19,6,2,-1,0,0,0,0,0,0,2,1,-1,9,2,44,7,1461,2,11,NISSAN QASHQAI,9,E01014265,0,1
2024311510104,2024,311510104,2,9,0,-1,4,3,7,-1,0,1,0,0,0,0,2,1,-1,6,1,36,7,1332,1,4,NISSAN QASHQAI,-1,-1,0,-1
2024141490243,2024,141490243,1,9,0,-1,19,1,5,-1,0,0,0,0,0,0,1,9,-1,9,1,43,7,1197,1,8,NISSAN QASHQAI,3,E01007903,0,1
2024451461373,2024,451461373,2,9,0,-1,9,1,5,-1,0,8,0,0,0,0,1,1,-1,6,2,25,5,1997,1,12,NISSAN QASHQAI,-1,-1,0,-1
2024101433520,2024,101433520,2,9,0,-1,8,2,4,-1,0,6,0,0,0,0,1,1,-1,6,1,62,9,1461,2,6,NISSAN QASHQAI,1,E01008457,0,2
2024101429620,2024,101429620,2,9,0,-1,19,7,3,-1,0,1,0,0,0,0,1,1,-1,6,2,30,6,1332,1,3,NISSAN QASHQAI,-1,-1,0,-1
2024430445286,2024,430445286,2,9,0,18,19,5,1,0,0,0,0,0,0,0,1,1,6,6,1,85,11,1332,1,4,NISSAN QASHQAI,9,E01032231,0,4
2024041466232,2024,041466232,2,9,0,-1,19,7,3,-1,0,0,0,0,0,0,1,1,-1,6,2,26,6,1461,2,13,NISSAN QASHQAI,1,E01012748,0,1
2024010494652,2024,010494652,1,9,0,18,19,1,5,0,0,0,0,0,0,0,4,1,6,6,1,48,8,1598,1,16,NISSAN QASHQAI,4,E01016453,0,4
2024161430811,2024,161430811,1,9,0,-1,9,8,4,-1,0,8,0,0,0,0,1,9,-1,9,2,76,11,1997,1,15,NISSAN QASHQAI,1,E01013201,0,1
2024201481363,2024,201481363,2,9,0,-1,4,6,2,-1,0,8,0,0,0,0,4,1,-1,9,1,48,8,1198,1,9,NISSAN QASHQAI,9,E01010332,0,1
2024430413284,2024,430413284,1,9,0,9,9,2,8,0,0,6,0,0,0,0,3,1,6,6,1,31,6,1332,8,1,NISSAN QASHQAI,-1,-1,0,-1
2024061503486,2024,061503486,1,9,0,-1,19,1,5,-1,0,2,1,0,0,0,1,1,-1,9,1,27,6,1332,1,4,NISSAN QASHQAI,4,E01006110,0,2
2024311450029,2024,311450029,1,9,0,-1,19,4,8,-1,0,2,0,0,0,0,2,1,-1,9,1,65,9,1598,2,11,NISSAN QASHQAI,2,E01028110,0,1
2024031499950,2024,031499950,2,9,0,-1,19,4,8,-1,0,0,1,0,0,0,3,1,-1,9,1,34,6,1461,2,7,NISSAN QASHQAI,3,E01025697,0,5
2024361463415,2024,361463415,2,9,0,-1,4,3,7,-1,0,0,0,0,0,0,2,1,-1,6,2,55,8,1332,8,3,NISSAN QASHQAI,4,E01026794,0,2
2024010511900,2024,010511900,1,9,0,18,19,3,7,0,0,8,0,0,0,0,1,1,6,6,1,50,8,1598,1,13,NISSAN QASHQAI,5,E01001348,0,2
2024361482022,2024,361482022,1,9,0,-1,9,7,5,-1,0,5,0,0,1,9,4,1,-1,2,1,26,6,1598,2,11,NISSAN QASHQAI,2,E01026753,0,2
2024041425589,2024,041425589,2,9,0,-1,9,5,3,-1,0,0,0,0,0,0,4,1,-1,9,1,25,5,1332,8,2,NISSAN QASHQAI,6,E01025541,0,1
2024131522310,2024,131522310,1,9,0,-1,19,1,5,-1,0,0,0,0,1,0,0,1,-1,6,1,86,11,1332,8,1,NISSAN QASHQAI,3,E01005518,0,2
2024991466105,2024,991466105,1,9,0,-1,19,5,1,-1,0,8,1,0,0,0,1,1,-1,6,1,56,9,1598,1,15,NISSAN QASHQAI,1,-1,0,1
2024221457848,2024,221457848,2,9,0,-1,19,7,3,-1,0,0,0,0,0,0,3,9,-1,6,2,64,9,1461,2,17,NISSAN QASHQAI,6,E01028850,0,3
2024544824624,2024,544824624,2,9,0,18,19,7,5,0,0,1,1,0,0,0,1,1,1,1,1,37,7,1198,1,10,NISSAN QASHQAI,8,E01015549,0,1
2024451447414,2024,451447414,2,9,0,-1,19,5,1,-1,0,1,0,0,0,0,1,1,-1,9,2,34,6,1197,1,9,NISSAN QASHQAI,7,E01030755,0,4
2024221412110,2024,221412110,1,9,0,-1,19,6,3,-1,0,8,0,0,0,0,1,1,-1,6,2,29,6,1461,2,6,NISSAN QASHQAI,6,E01014023,0,1
2024531473593,2024,531473593,1,9,0,-1,19,6,2,-1,0,0,0,0,7,4,1,9,-1,6,1,35,6,1461,2,8,NISSAN QASHQAI,10,E01022426,0,1
2024010525481,2024,010525481,2,9,0,99,99,9,9,99,99,9,9,99,9,99,9,9,6,6,3,-1,-1,1618,1,8,NISSAN QASHQAI,-1,-1,0,-1
2024501424186,2024,501424186,1,9,0,-1,19,1,7,-1,0,1,0,0,0,0,1,1,-1,6,2,74,10,1332,1,3,NISSAN QASHQAI,3,E01015096,0,2
2024061525187,2024,061525187,1,9,0,-1,19,-1,-1,-1,9,0,9,10,1,0,3,1,-1,2,2,52,8,1461,2,9,NISSAN QASHQAI,3,E01005332,0,3
2024010532418,2024,010532418,2,9,0,99,99,9,9,99,99,9,9,99,9,99,9,9,6,6,3,-1,-1,1497,8,2,NISSAN QASHQAI,-1,-1,0,-1
2024351452515,2024,351452515,1,9,0,-1,4,5,1,-1,0,0,0,0,0,0,1,1,-1,6,2,55,8,1332,1,5,NISSAN QASHQAI,3,E01017515,0,4
2024471434115,2024,471434115,1,9,0,-1,19,2,6,-1,0,1,1,0,0,0,1,1,-1,2,1,57,9,1461,2,13,NISSAN QASHQAI,6,E01021145,0,3
2024010543501,2024,010543501,1,9,0,9,9,3,1,0,0,5,0,0,0,0,1,1,2,2,2,39,7,1997,1,15,NISSAN QASHQAI,7,E01021140,0,4
2024531394844,2024,531394844,1,9,0,-1,2,0,0,-1,0,0,0,0,0,0,3,1,-1,7,1,46,8,1461,2,15,NISSAN QASHQAI,1,E01022319,0,1
2024302401001,2024,302401001,2,9,0,4,4,2,6,0,0,0,0,0,0,0,2,1,3,7,2,36,7,1497,8,2,NISSAN QASHQAI,4,E01019844,0,1
2024231496523,2024,231496523,2,9,0,-1,19,4,8,-1,0,1,0,0,0,0,1,1,-1,9,1,62,9,1461,2,14,NISSAN QASHQAI,9,E01031143,0,4
2024451455329,2024,451455329,2,9,0,-1,19,1,5,-1,0,1,1,7,1,0,1,1,-1,9,2,42,7,1197,1,6,NISSAN QASHQAI,5,E01030974,0,3
2024101485918,2024,101485918,1,9,0,-1,19,1,5,-1,0,0,0,0,0,0,2,1,-1,6,1,50,8,1461,2,11,NISSAN QASHQAI,7,E01008518,0,1
2024061405390,2024,061405390,2,9,0,-1,19,5,1,-1,0,0,0,0,0,0,2,1,-1,6,1,26,6,1461,2,9,NISSAN QASHQAI,7,E01025362,0,3
2024440101739,2024,440101739,2,9,0,18,19,4,8,0,0,1,0,0,0,0,1,1,6,6,3,-1,-1,1461,2,14,NISSAN QASHQAI,-1,-1,0,-1
2024101468591,2024,101468591,2,9,0,-1,3,8,4,-1,0,0,0,0,0,0,1,1,-1,6,2,36,7,1461,2,14,NISSAN QASHQAI,1,E01008450,0,1
2024010528276,2024,010528276,1,9,0,18,19,7,3,0,0,8,0,0,0,0,3,1,6,6,1,49,8,1997,1,15,NISSAN QASHQAI,2,E01000087,0,1
2024201457295,2024,201457295,1,9,0,-1,12,3,5,-1,9,1,0,10,0,0,1,9,-1,6,2,32,6,1332,8,2,NISSAN QASHQAI,2,E01009487,0,2
2024010529010,2024,010529010,2,9,0,99,99,9,9,99,99,9,9,99,9,99,9,9,6,6,3,-1,-1,1461,2,5,NISSAN QASHQAI,-1,-1,0,-1
2024320600017,2024,320600017,1,9,0,-1,-1,4,8,0,0,1,0,0,0,0,1,1,6,6,1,36,7,1995,2,13,NISSAN QASHQAI,9,E01026321,0,1
2024430458923,2024,430458923,2,9,0,9,9,2,8,0,0,5,0,0,0,0,1,1,6,6,2,30,6,1994,2,14,NISSAN QASHQAI,-1,-1,0,-1
2024552400111,2024,552400111,2,9,0,18,19,8,4,0,0,8,0,0,0,0,3,1,6,6,2,41,7,1461,2,14,NISSAN QASHQAI,10,E01020407,0,1
2024471448759,2024,471448759,2,9,0,-1,19,1,5,-1,0,0,0,0,0,0,1,1,-1,9,1,43,7,1461,2,14,NISSAN QASHQAI,3,E01031453,0,2
2024131408639,2024,131408639,2,9,0,-1,5,5,3,-1,0,6,0,0,0,0,4,1,-1,6,1,44,7,1332,8,0,NISSAN QASHQAI,2,E01010815,0,1
2024332400273,2024,332400273,1,9,0,-1,19,4,8,-1,0,0,0,0,0,0,4,1,-1,6,1,22,5,1995,2,13,NISSAN QASHQAI,-1,-1,0,-1
2024221427471,2024,221427471,3,9,0,-1,19,5,1,-1,0,0,0,0,0,0,3,9,-1,6,1,42,7,1598,1,12,NISSAN QASHQAI,5,E01031933,0,4
2024041535625,2024,041535625,1,9,0,-1,19,1,5,-1,0,0,0,0,0,0,3,1,-1,9,2,54,8,1461,2,10,NISSAN QASHQAI,4,E01025170,0,1
2024101480777,2024,101480777,2,9,0,-1,19,5,1,-1,0,8,0,0,1,0,3,1,-1,6,1,42,7,1598,1,16,NISSAN QASHQAI,3,E01008831,0,1
2024010517545,2024,010517545,1,9,0,17,19,7,3,0,0,8,0,0,0,0,1,1,6,6,3,-1,-1,1461,2,10,NISSAN QASHQAI,-1,-1,0,-1
2024201480304,2024,201480304,1,9,4,-1,12,3,7,-1,0,0,0,7,0,0,1,1,-1,2,1,37,7,1461,2,14,NISSAN QASHQAI,1,E01010363,0,1
2024461532763,2024,461532763,1,9,0,-1,19,7,3,-1,0,8,0,0,0,0,1,9,-1,6,1,46,8,1332,8,1,NISSAN QASHQAI,10,E01032827,0,1
2024351476530,2024,351476530,2,9,0,-1,19,5,1,-1,0,0,0,0,0,0,1,1,-1,9,1,68,10,1332,1,5,NISSAN QASHQAI,3,E01016038,0,5
2024440339093,2024,440339093,1,9,0,7,7,6,2,0,0,5,0,0,0,0,1,1,6,6,1,78,11,1461,2,13,NISSAN QASHQAI,8,E01022721,0,3
2024010534281,2024,010534281,1,9,0,7,7,1,3,0,0,5,0,0,0,0,1,2,6,6,1,59,9,1997,1,17,NISSAN QASHQAI,5,E01001404,0,1
2024061510140,2024,061510140,1,9,0,-1,19,-1,-1,-1,99,0,9,99,7,99,3,1,-1,9,1,41,7,1461,2,7,NISSAN QASHQAI,2,E01005262,0,1
2024201530404,2024,201530404,2,9,0,-1,9,7,5,-1,0,5,0,0,0,0,2,1,-1,2,2,38,7,1197,1,7,NISSAN QASHQAI,6,E01029667,0,2
2024991415899,2024,991415899,1,9,0,-1,19,8,4,-1,0,8,0,0,0,0,4,1,-1,6,2,36,7,1332,8,2,NISSAN QASHQAI,4,-1,0,1
2024421417518,2024,421417518,2,9,0,-1,9,5,2,-1,0,8,0,0,0,0,4,9,-1,9,1,64,9,1332,1,4,NISSAN QASHQAI,4,E01021777,0,1
2024131498536,2024,131498536,2,9,0,-1,19,1,5,-1,0,1,0,0,0,0,4,1,-1,2,1,42,7,1461,2,10,NISSAN QASHQAI,8,E01011584,0,3
2024031426469,2024,031426469,1,9,0,-1,4,7,3,-1,0,1,0,0,0,0,2,1,-1,9,1,51,8,1461,2,6,NISSAN QASHQAI,-1,-1,0,-1
2024010528542,2024,010528542,2,9,0,18,19,1,5,0,0,8,0,10,0,0,1,1,2,2,1,65,9,1598,1,14,NISSAN QASHQAI,7,E01002423,0,1
2024340WN5572,2024,340WN5572,2,9,0,-1,19,6,2,-1,0,0,0,0,0,0,2,1,-1,9,2,59,9,1332,8,1,NISSAN QASHQAI,6,E01027237,0,1
2024320645326,2024,320645326,2,9,0,4,4,2,6,0,0,0,0,0,0,0,2,1,-1,-1,2,30,6,1332,8,0,NISSAN QASHQAI,1,E01026173,0,1
2024031522540,2024,031522540,2,9,0,-1,19,7,3,-1,0,0,0,0,0,0,1,1,-1,6,2,44,7,1197,1,7,NISSAN QASHQAI,4,E01019389,0,1
2024010530190,2024,010530190,2,9,0,4,4,7,3,9,9,1,0,0,0,0,1,1,6,6,1,24,5,1197,1,6,NISSAN QASHQAI,4,E01001090,0,1
2024010550902,2024,010550902,2,9,0,99,99,9,9,99,99,9,9,99,9,99,9,9,6,6,3,-1,-1,1618,1,9,NISSAN QASHQAI,5,E01000632,0,1
2024340WN5812,2024,340WN5812,1,9,0,-1,19,4,1,-1,0,8,0,0,0,0,1,1,-1,6,2,-1,-1,1332,1,5,NISSAN QASHQAI,-1,-1,0,-1
2024010496442,2024,010496442,1,9,0,99,99,9,9,99,99,9,9,99,9,99,3,9,6,6,1,51,8,1598,1,11,NISSAN QASHQAI,8,E01001392,0,1
2024010515156,2024,010515156,5,9,0,2,2,0,0,0,0,1,0,0,0,0,0,1,6,6,3,-1,-1,1332,8,1,NISSAN QASHQAI,-1,-1,0,-1
2024211483764,2024,211483764,1,9,0,-1,6,4,4,-1,0,4,0,0,3,0,1,1,-1,6,2,59,9,1332,1,5,NISSAN QASHQAI,10,E01029589,0,3
2024131477601,2024,131477601,1,9,0,-1,9,7,1,-1,0,1,0,0,0,0,3,1,-1,2,1,39,7,1995,2,14,NISSAN QASHQAI,1,E01005581,0,4
2024471534274,2024,471534274,2,9,0,-1,19,3,7,-1,0,0,0,0,0,0,3,1,-1,6,2,31,6,1332,8,1,NISSAN QASHQAI,4,E01033329,0,1
2024010520116,2024,010520116,1,9,0,9,9,1,8,0,0,8,0,0,0,0,0,1,6,6,1,45,7,1997,1,16,NISSAN QASHQAI,6,E01001572,0,1
2024041529109,2024,041529109,2,9,0,-1,19,5,1,-1,0,1,5,0,0,0,3,1,-1,1,1,56,9,1332,8,0,NISSAN QASHQAI,4,E01012664,0,1
2024520402401,2024,520402401,1,9,0,18,19,1,5,0,0,0,0,0,0,0,2,1,6,6,1,42,7,1461,2,12,NISSAN QASHQAI,4,E01029152,0,4
2024010505465,2024,010505465,3,9,0,18,19,5,1,0,0,1,0,0,0,0,1,1,6,6,1,71,10,1497,8,0,NISSAN QASHQAI,3,E01001169,0,2
2024201447178,2024,201447178,1,9,0,-1,19,8,4,-1,0,6,0,0,0,0,1,9,-1,6,1,-1,-1,1598,1,13,NISSAN QASHQAI,-1,-1,0,-1
2024320190711,2024,320190711,1,9,0,-1,-1,8,4,0,0,2,0,0,0,0,1,1,6,6,2,57,9,1332,1,5,NISSAN QASHQAI,7,E01026340,0,1
2024052402731,2024,052402731,2,9,0,18,19,4,1,0,0,8,0,0,0,0,4,1,6,6,2,60,9,1497,8,1,NISSAN QASHQAI,10,E01006991,0,2
2024010522823,2024,010522823,1,9,0,18,19,5,1,0,0,1,0,0,0,0,1,1,6,6,1,31,6,1598,1,16,NISSAN QASHQAI,4,E01023574,0,4
2024201434678,2024,201434678,3,9,0,-1,19,7,3,-1,0,0,0,0,0,0,1,9,-1,6,1,32,6,1598,2,11,NISSAN QASHQAI,10,E01022181,0,4
2024440186612,2024,440186612,1,9,0,9,9,6,4,0,0,1,0,0,0,0,1,1,6,6,2,53,8,1598,1,12,NISSAN QASHQAI,3,E01022959,0,1
2024131438021,2024,131438021,1,9,0,-1,19,5,1,-1,0,8,0,0,0,0,1,1,-1,9,1,52,8,1461,2,10,NISSAN QASHQAI,8,E01027694,0,4
2024421410979,2024,421410979,1,9,0,-1,19,2,6,-1,0,1,2,0,1,4,1,1,-1,6,1,31,6,1598,1,11,NISSAN QASHQAI,6,E01034728,0,5
2024221476158,2024,221476158,1,9,0,-1,19,6,1,-1,0,4,0,0,0,0,1,9,-1,6,1,57,9,1461,2,12,NISSAN QASHQAI,1,E01014120,0,1
2024552400078,2024,552400078,1,9,0,18,19,8,4,0,0,0,0,0,0,0,1,1,2,2,2,26,6,1461,2,17,NISSAN QASHQAI,10,E01020383,0,3
2024201508327,2024,201508327,1,9,0,-1,9,2,4,-1,0,5,0,0,0,0,1,1,-1,6,1,59,9,1332,1,6,NISSAN QASHQAI,6,E01032590,0,1
2024320330349,2024,320330349,1,9,0,-1,-1,6,2,0,0,0,0,4,1,0,1,1,-1,-1,1,48,8,1461,2,8,NISSAN QASHQAI,5,E01026232,0,1
2024522403363,2024,522403363,1,9,0,3,3,3,7,0,0,1,0,0,0,0,2,1,6,6,1,64,9,1598,2,7,NISSAN QASHQAI,9,E01031909,0,4
2024361462088,2024,361462088,3,9,0,-1,10,3,8,-1,0,0,0,0,0,0,1,1,-1,6,1,45,7,1461,2,11,NISSAN QASHQAI,2,E01026700,0,1
2024991482859,2024,991482859,1,9,0,-1,19,4,8,-1,0,4,1,9,3,0,1,1,-1,9,1,31,6,1461,2,16,NISSAN QASHQAI,3,-1,0,4
2024991417890,2024,991417890,1,9,0,-1,19,5,1,-1,0,0,0,0,0,0,1,1,-1,9,2,46,8,1461,2,13,NISSAN QASHQAI,7,-1,0,4
2024421416307,2024,421416307,1,9,0,-1,19,3,7,-1,0,0,0,0,0,0,1,1,-1,9,1,74,10,1598,1,13,NISSAN QASHQAI,3,E01015923,0,4
2024010501775,2024,010501775,1,9,0,5,5,5,1,0,0,0,0,7,0,0,3,1,3,7,2,50,8,1497,8,1,NISSAN QASHQAI,4,E01032784,0,1
2024010546219,2024,010546219,2,9,0,99,99,9,9,99,99,9,9,99,9,99,9,9,6,6,3,35,6,1598,1,13,NISSAN QASHQAI,7,E01003270,0,3
2024451437553,2024,451437553,1,9,0,-1,4,1,5,-1,0,0,0,0,0,0,2,1,-1,9,2,35,6,1461,2,6,NISSAN QASHQAI,8,E01030390,0,1
2024141505018,2024,141505018,1,9,0,-1,8,4,6,-1,0,1,0,0,0,0,4,1,-1,9,2,37,7,1461,2,8,NISSAN QASHQAI,3,E01007451,0,1
2024061403714,2024,061403714,1,9,0,-1,9,4,1,-1,0,5,0,0,0,0,1,1,-1,6,2,38,7,1461,2,13,NISSAN QASHQAI,-1,-1,0,-1
2024052401354,2024,052401354,1,9,0,9,9,1,7,0,0,1,0,0,0,0,3,1,3,7,2,32,6,1598,1,15,NISSAN QASHQAI,1,E01007055,0,1
2024010498999,2024,010498999,2,9,0,3,3,7,3,0,0,1,0,0,0,0,2,2,2,2,1,50,8,1332,8,2,NISSAN QASHQAI,4,-1,0,5
2024010546854,2024,010546854,2,9,0,18,19,1,5,0,0,1,0,0,0,0,3,1,3,7,1,40,7,1997,1,12,NISSAN QASHQAI,2,E01000064,0,1
2024302400348,2024,302400348,1,9,0,18,19,4,1,0,0,2,0,0,0,0,4,1,2,2,2,64,9,1332,8,2,NISSAN QASHQAI,-1,-1,0,-1
2024411487526,2024,411487526,1,9,-1,-1,-1,-1,-1,-1,-1,-1,-1,-1,-1,0,3,9,-1,6,2,-1,-1,1598,2,9,NISSAN QASHQAI,9,E01023748,0,2
2024361410610,2024,361410610,2,9,0,-1,5,6,2,-1,0,8,0,0,0,0,1,1,-1,6,2,35,6,1461,2,6,NISSAN QASHQAI,8,E01026938,0,3
2024631510019,2024,631510019,2,9,0,-1,3,4,7,-1,0,8,0,0,0,0,2,1,-1,6,2,36,7,1461,2,7,NISSAN QASHQAI,7,W01000595,0,2
2024320210416,2024,320210416,2,9,0,-1,-1,1,5,0,0,0,0,0,0,0,2,1,-1,-1,1,34,6,1332,8,0,NISSAN QASHQAI,3,E01034681,0,1
2024010499297,2024,010499297,2,9,0,99,99,9,9,99,99,9,9,99,9,99,1,9,6,6,1,34,6,1332,1,3,NISSAN QASHQAI,2,E01002090,0,1
2024520402984,2024,520402984,2,9,0,18,19,8,4,0,0,8,0,0,0,0,1,1,6,6,2,37,7,1461,2,13,NISSAN QASHQAI,5,E01029259,0,1
2024041446764,2024,041446764,1,9,0,-1,5,1,5,-1,0,1,0,0,0,0,1,1,-1,9,1,47,8,1332,8,1,NISSAN QASHQAI,6,E01025383,0,3
2024010541437,2024,010541437,1,9,0,18,19,1,5,0,0,8,0,0,0,0,1,1,6,6,3,-1,-1,1461,2,6,NISSAN QASHQAI,6,E01024436,0,4
2024131417490,2024,131417490,3,9,0,-1,2,0,0,-1,0,0,0,4,0,0,2,1,-1,6,-1,-1,-1,1461,2,7,NISSAN QASHQAI,-1,-1,0,-1
2024552401003,2024,552401003,1,9,0,9,9,5,2,9,9,6,0,0,0,0,4,1,6,6,1,76,11,1497,8,1,NISSAN QASHQAI,10,E01015396,0,1
2024131417847,2024,131417847,1,9,0,-1,4,3,7,-1,0,1,0,0,0,0,1,1,-1,2,2,30,6,1332,1,3,NISSAN QASHQAI,-1,-1,0,-1
2024471469041,2024,471469041,1,9,0,-1,19,4,8,-1,0,2,0,0,0,0,4,1,-1,1,1,42,7,1598,2,12,NISSAN QASHQAI,6,E01021118,0,3
2024451480602,2024,451480602,1,9,0,-1,14,1,5,-1,0,0,2,0,1,6,1,1,-1,1,1,22,5,1332,8,1,NISSAN QASHQAI,7,E01031837,0,4
2024991401434,2024,991401434,3,9,0,-1,19,3,7,-1,0,0,0,0,0,0,3,1,-1,9,2,41,7,1332,8,2,NISSAN QASHQAI,3,-1,0,4
2024041515625,2024,041515625,2,9,0,-1,7,3,6,-1,0,1,0,0,0,0,4,1,-1,6,1,29,6,1461,2,15,NISSAN QASHQAI,4,E01025170,0,1
2024543244324,2024,543244324,1,9,0,18,19,5,1,0,0,5,1,0,7,2,1,1,6,6,2,43,7,1461,2,15,NISSAN QASHQAI,7,E01033841,0,1
2024332400602,2024,332400602,2,9,0,-1,19,1,5,-1,0,8,0,0,0,0,1,1,-1,6,2,29,6,1461,2,14,NISSAN QASHQAI,7,E01025751,0,3
2024031458526,2024,031458526,1,9,0,-1,5,8,5,-1,0,6,0,0,0,0,1,1,-1,6,2,36,7,1332,8,3,NISSAN QASHQAI,-1,-1,0,-1
2024471491452,2024,471491452,1,9,0,-1,9,8,3,-1,0,6,0,0,0,0,3,1,-1,9,1,82,11,1197,1,8,NISSAN QASHQAI,9,E01020942,0,1
2024302401654,2024,302401654,2,9,0,-1,19,2,7,-1,0,8,0,0,0,0,3,1,-1,9,1,42,7,1332,1,5,NISSAN QASHQAI,5,E01019873,0,2
2024411422629,2024,411422629,1,9,-1,-1,-1,2,6,-1,-1,-1,-1,-1,-1,0,-1,1,-1,6,1,26,6,1497,8,1,NISSAN QASHQAI,10,E01023673,0,1
2024061485411,2024,061485411,2,9,0,-1,5,-1,-1,-1,0,0,0,0,0,0,1,1,-1,6,1,-1,-1,1461,2,8,NISSAN QASHQAI,-1,-1,0,-1
2024991404595,2024,991404595,2,9,0,-1,7,6,1,-1,0,2,0,0,0,0,2,1,-1,6,1,47,8,1461,2,6,NISSAN QASHQAI,7,-1,0,4
2024041536358,2024,041536358,1,9,0,-1,9,1,6,-1,0,8,0,0,0,0,1,1,-1,9,1,47,8,1461,2,12,NISSAN QASHQAI,3,E01012685,0,1
2024451422296,2024,451422296,2,9,0,-1,19,1,3,-1,0,8,0,0,0,0,4,1,-1,6,2,40,7,1332,1,5,NISSAN QASHQAI,-1,-1,0,-1
2024010541674,2024,010541674,1,9,0,18,19,7,3,0,0,0,0,0,0,0,1,1,6,6,1,38,7,1497,8,1,NISSAN QASHQAI,2,E01000533,0,1
2024461484350,2024,461484350,1,9,0,-1,19,6,2,-1,9,0,0,0,3,0,1,1,-1,9,2,27,6,1332,8,2,NISSAN QASHQAI,-1,-1,0,-1
2024010530005,2024,010530005,3,9,0,99,99,9,9,99,99,9,9,99,9,99,2,9,6,6,3,64,9,1997,1,17,NISSAN QASHQAI,7,E01002423,0,1
2024010521968,2024,010521968,2,9,0,7,7,3,6,0,0,6,0,0,0,0,3,1,6,6,2,39,7,1598,1,11,NISSAN QASHQAI,7,E01003199,0,1
2024440543990,2024,440543990,1,9,0,18,19,5,1,0,0,0,5,0,1,9,0,1,6,6,1,85,11,1598,2,10,NISSAN QASHQAI,9,E01034719,0,1
2024221406435,2024,221406435,2,9,0,-1,3,5,1,-1,0,1,0,0,0,0,2,9,-1,6,2,32,6,1198,1,10,NISSAN QASHQAI,8,E01032184,0,2
2024440221034,2024,440221034,2,9,0,18,19,8,4,0,0,8,0,0,0,0,4,1,6,6,2,33,6,1461,2,6,NISSAN QASHQAI,4,E01022479,0,1
2024361483155,2024,361483155,2,9,0,-1,5,1,6,-1,0,2,0,0,0,0,3,1,-1,9,2,29,6,1332,1,5,NISSAN QASHQAI,1,E01013480,0,5
2024101468001,2024,101468001,2,9,0,-1,-1,3,1,-1,-1,0,-1,-1,-1,0,-1,1,-1,6,1,46,8,1598,2,9,NISSAN QASHQAI,-1,-1,0,-1
2024320261076,2024,320261076,1,9,0,-1,-1,2,6,0,0,0,0,0,7,0,1,1,-1,-1,2,28,6,1197,1,6,NISSAN QASHQAI,6,E01026380,0,2
2024061486618,2024,061486618,1,9,0,-1,8,5,1,-1,0,6,0,0,0,0,1,1,-1,9,1,27,6,1598,1,11,NISSAN QASHQAI,-1,-1,0,-1
2024440466812,2024,440466812,1,9,0,5,5,0,7,0,0,0,0,0,0,0,3,1,6,6,1,28,6,1198,1,10,NISSAN QASHQAI,7,E01032746,0,1
2024010514977,2024,010514977,4,8,0,2,2,0,0,0,0,0,0,0,0,0,1,1,6,6,3,-1,-1,1198,1,10,NISSAN QASHQAI,-1,-1,0,-1
2024010512195,2024,010512195,1,9,0,3,3,1,5,0,0,4,0,0,0,0,2,1,6,6,1,39,7,1461,2,7,NISSAN QASHQAI,6,E01015620,0,5
2024061557617,2024,061557617,2,9,0,-1,19,6,1,-1,0,0,0,0,0,0,3,1,-1,6,2,38,7,1332,1,4,NISSAN QASHQAI,7,E01007098,0,3
2024131396073,2024,131396073,2,9,0,-1,4,7,7,-1,0,4,0,0,7,10,4,1,-1,9,2,32,6,1461,2,7,NISSAN QASHQAI,2,E01011343,0,1
2024131495199,2024,131495199,1,9,0,-1,7,1,1,-1,0,6,0,0,0,0,1,1,-1,6,2,41,7,1197,1,8,NISSAN QASHQAI,2,E01033031,0,1