collision_index,collision_year,collision_ref_no,vehicle_reference,vehicle_type,towing_and_articulation,vehicle_manoeuvre_historic,vehicle_manoeuvre,vehicle_direction_from,vehicle_direction_to,vehicle_location_restricted_lane_historic,vehicle_location_restricted_lane,junction_location,skidding_and_overturning,hit_object_in_carriageway,vehicle_leaving_carriageway,hit_object_off_carriageway,first_point_of_impact,vehicle_left_hand_drive,journey_purpose_of_driver_historic,journey_purpose_of_driver,sex_of_driver,age_of_driver,age_band_of_driver,engine_capacity_cc,propulsion_code,age_of_vehicle,generic_make_model,driver_imd_decile,lsoa_of_driver,escooter_flag,driver_distance_banding
2024010518476,2024,010518476,2,9,0,18,19,5,1,0,0,8,0,0,0,0,1,1,6,6,2,69,10,1332,8,2,NISSAN QASHQAI,5,E01000468,0,1
2024991438201,2024,991438201,1,9,0,-1,19,4,7,-1,0,8,0,0,0,0,1,1,-1,9,1,88,11,1332,8,3,NISSAN QASHQAI,7,-1,0,3
2024010545903,2024,010545903,1,9,0,18,19,5,1,0,0,0,0,0,0,0,1,1,1,1,2,51,8,1497,8,1,NISSAN QASHQAI,-1,-1,0,-1
2024371406904,2024,371406904,1,9,0,-1,19,5,1,-1,0,0,0,0,0,0,1,1,-1,2,2,29,6,1461,2,7,NISSAN QASHQAI,3,E01029996,0,3
2024010504862,2024,010504862,1,9,9,99,99,9,9,99,99,9,9,99,9,99,9,9,6,6,2,44,7,1461,2,7,NISSAN QASHQAI,6,E01014781,0,5
2024320717900,2024,320717900,2,9,0,9,9,6,3,0,0,5,0,0,0,0,1,1,-1,-1,1,58,9,1461,2,6,NISSAN QASHQAI,9,E01026182,0,3
2024010502528,2024,010502528,2,9,0,7,7,5,7,0,0,3,0,0,0,0,1,1,6,6,2,24,5,1598,1,14,NISSAN QASHQAI,5,E01000110,0,1
2024131416327,2024,131416327,1,9,0,-1,19,1,1,-1,0,0,5,7,1,1,1,1,-1,6,1,50,8,1598,2,11,NISSAN QASHQAI,1,E01011133,0,3
2024631442869,2024,631442869,2,9,0,-1,19,1,5,-1,0,0,0,0,0,0,3,1,-1,1,2,34,6,1461,2,5,NISSAN QASHQAI,9,W01000444,0,2
2024201527386,2024,201527386,1,9,0,-1,19,8,4,-1,0,0,0,0,0,0,1,9,-1,6,3,-1,-1,1197,1,8,NISSAN QASHQAI,-1,-1,0,-1
2024010525979,2024,010525979,1,9,0,18,19,1,5,0,0,4,0,10,0,0,1,1,6,6,2,39,7,1461,2,8,NISSAN QASHQAI,4,E01000464,0,1
2024141533152,2024,141533152,2,9,0,-1,19,2,6,-1,0,0,0,0,0,0,2,1,-1,9,1,74,10,1332,1,4,NISSAN QASHQAI,8,E01032585,0,3
2024052402573,2024,052402573,1,9,0,18,19,6,2,0,0,0,0,0,0,0,4,1,3,7,1,40,7,1598,2,10,NISSAN QASHQAI,1,E01006556,0,1
2024061532324,2024,061532324,1,9,0,-1,3,-1,-1,-1,0,0,0,0,0,0,2,1,-1,6,1,37,7,1461,2,8,NISSAN QASHQAI,3,E01006855,0,4
2024201425362,2024,201425362,1,9,0,-1,5,4,4,-1,0,1,0,0,0,0,1,1,-1,6,2,35,6,1197,1,8,NISSAN QASHQAI,-1,-1,0,-1
2024421477424,2024,421477424,1,9,0,-1,5,3,5,-1,0,1,0,0,0,0,3,1,-1,9,1,51,8,1332,8,2,NISSAN QASHQAI,8,E01022072,0,4
2024461504963,2024,461504963,2,9,0,-1,19,3,7,-1,0,0,0,0,0,0,4,9,-1,9,1,56,9,1461,2,15,NISSAN QASHQAI,2,E01024534,0,1
2024141529925,2024,141529925,2,9,0,-1,19,3,7,-1,0,4,0,0,0,0,1,1,-1,6,3,-1,-1,1461,2,10,NISSAN QASHQAI,-1,-1,0,-1
2024031394877,2024,031394877,1,9,0,-1,19,6,2,-1,0,0,1,11,2,2,1,1,-1,9,2,67,10,1461,2,10,NISSAN QASHQAI,8,E01019378,0,1
2024371458524,2024,371458524,1,9,0,-1,19,7,3,-1,0,0,1,0,7,11,1,1,-1,9,2,40,7,1461,2,10,NISSAN QASHQAI,9,E01030122,0,2
2024141464128,2024,141464128,1,9,0,-1,19,2,6,-1,0,1,0,0,0,0,1,1,-1,6,2,40,7,1197,1,6,NISSAN QASHQAI,8,E01007898,0,2
2024010520423,2024,010520423,2,9,0,6,6,7,7,0,0,0,0,0,7,10,2,1,6,6,1,64,9,1598,1,16,NISSAN QASHQAI,5,E01002212,0,1
2024010492348,2024,010492348,2,9,0,3,3,5,1,0,0,0,0,0,0,0,1,1,2,2,2,37,7,1461,2,5,NISSAN QASHQAI,4,E01000722,0,2
2024061451917,2024,061451917,2,9,0,-1,19,7,3,-1,0,1,0,0,0,0,1,1,-1,6,2,70,10,1598,2,10,NISSAN QASHQAI,1,E01033669,0,1
2024041395641,2024,041395641,2,9,0,-1,19,5,1,-1,0,0,0,0,0,0,4,1,-1,9,1,62,9,1332,1,3,NISSAN QASHQAI,9,E01007034,0,4
2024052400764,2024,052400764,2,9,0,18,19,1,5,0,0,1,0,0,0,0,1,1,6,6,2,34,6,1995,2,11,NISSAN QASHQAI,1,E01006645,0,1
2024430245848,2024,430245848,2,9,0,18,19,6,2,0,0,0,0,0,0,0,1,1,6,6,1,-1,-1,1461,2,11,NISSAN QASHQAI,-1,-1,0,-1
2024231410218,2024,231410218,1,9,0,-1,5,1,5,-1,0,6,0,0,0,0,4,9,-1,6,1,56,9,1994,2,14,NISSAN QASHQAI,7,E01031334,0,1
2024501505939,2024,501505939,3,9,0,-1,2,0,0,-1,0,0,0,0,0,0,1,1,-1,6,-1,-1,-1,1332,1,5,NISSAN QASHQAI,-1,-1,0,-1
2024131451824,2024,131451824,1,9,0,-1,-1,-1,-1,-1,-1,0,-1,-1,-1,-1,-1,1,-1,6,2,32,6,1497,8,1,NISSAN QASHQAI,3,E01010597,0,1
2024430540222,2024,430540222,2,9,0,18,19,3,7,0,0,1,0,0,0,0,1,1,6,6,3,-1,-1,1461,2,13,NISSAN QASHQAI,-1,-1,0,-1
2024361431592,2024,361431592,1,9,0,-1,9,1,8,-1,0,0,0,0,0,0,3,1,-1,9,1,25,5,1461,2,13,NISSAN QASHQAI,2,E01026829,0,1
202417S413724,2024,17S413724,3,9,0,-1,19,8,4,-1,0,0,0,0,1,0,1,1,-1,9,2,49,8,1461,2,9,NISSAN QASHQAI,10,E01012303,0,1
2024041422154,2024,041422154,1,9,0,-1,13,8,4,-1,0,0,0,0,0,0,1,1,-1,6,1,76,11,1332,8,2,NISSAN QASHQAI,8,E01027568,0,4
2024461445016,2024,461445016,1,9,0,-1,5,3,7,-1,0,2,0,0,0,0,1,9,-1,6,2,35,6,1197,1,6,NISSAN QASHQAI,4,E01016151,0,1
202460Q087704,2024,60Q087704,1,9,0,10,10,1,5,0,0,1,0,0,1,0,1,1,6,6,2,34,6,1598,1,14,NISSAN QASHQAI,-1,-1,0,-1
2024991535763,2024,991535763,2,9,0,-1,19,6,6,-1,0,0,0,11,0,0,1,1,-1,9,2,42,7,1332,1,3,NISSAN QASHQAI,8,-1,0,4
2024201469445,2024,201469445,1,9,0,-1,5,8,4,-1,0,6,0,0,0,0,1,1,-1,6,1,43,7,1997,1,16,NISSAN QASHQAI,1,E01008913,0,1
2024201414743,2024,201414743,2,9,0,-1,7,7,1,-1,0,1,0,0,0,0,2,9,-1,9,1,21,5,1332,8,1,NISSAN QASHQAI,1,E01010401,0,2
2024522402822,2024,522402822,1,9,0,10,10,3,1,0,0,1,0,0,0,0,2,1,6,6,2,35,6,1197,1,9,NISSAN QASHQAI,10,E01014876,0,1
2024430383068,2024,430383068,2,9,0,4,4,3,7,0,0,0,0,0,0,0,2,1,6,6,1,43,7,1197,1,7,NISSAN QASHQAI,9,E01032947,0,2
2024161540848,2024,161540848,1,9,0,-1,5,5,1,-1,0,2,0,0,0,0,1,1,-1,7,2,41,7,1332,1,3,NISSAN QASHQAI,4,E01012964,0,1
2024332400686,2024,332400686,1,9,0,-1,19,4,1,-1,0,0,5,0,1,0,4,1,-1,6,1,86,11,1197,1,6,NISSAN QASHQAI,10,E01025787,0,2
2024320607693,2024,320607693,2,9,0,3,3,6,2,0,0,1,0,0,1,0,2,1,-1,-1,2,29,6,1461,2,9,NISSAN QASHQAI,8,E01026065,0,4
2024010532859,2024,010532859,2,9,9,99,99,9,9,0,0,9,0,99,9,99,9,9,6,6,3,-1,-1,1197,1,9,NISSAN QASHQAI,2,E01003159,0,1
2024010550593,2024,010550593,1,9,0,18,19,4,8,0,0,1,0,0,0,0,3,1,1,1,1,48,8,1332,8,2,NISSAN QASHQAI,8,E01004111,0,2
2024361480671,2024,361480671,1,9,0,-1,19,1,5,-1,0,0,0,4,0,0,1,1,-1,9,1,67,10,1461,2,15,NISSAN QASHQAI,4,E01026888,0,2
2024161458117,2024,161458117,2,9,0,-1,7,1,4,-1,0,1,0,0,0,0,4,1,-1,7,2,35,6,1461,2,13,NISSAN QASHQAI,6,E01012765,0,1
2024061458941,2024,061458941,1,9,0,-1,19,6,2,-1,0,0,1,0,1,0,1,1,-1,6,1,72,10,1332,1,4,NISSAN QASHQAI,-1,-1,0,-1
2024122401131,2024,122401131,1,9,0,7,7,3,5,0,0,6,0,0,0,0,1,1,6,6,2,-1,-1,1497,8,2,NISSAN QASHQAI,-1,-1,0,-1
2024430480101,2024,430480101,1,9,0,18,19,7,3,0,0,0,0,0,0,0,1,1,2,2,1,34,6,1197,1,9,NISSAN QASHQAI,2,E01015528,0,3
2024131525756,2024,131525756,1,9,0,-1,4,1,5,-1,0,0,0,0,0,0,2,1,-1,2,1,28,6,1332,8,2,NISSAN QASHQAI,1,E01011292,0,1
2024101520615,2024,101520615,2,9,0,-1,19,4,8,-1,0,0,0,0,1,11,1,1,-1,6,1,85,11,1461,2,9,NISSAN QASHQAI,6,E01027447,0,1
2024531427355,2024,531427355,1,9,0,-1,19,1,5,-1,0,1,0,0,0,0,1,1,-1,6,1,25,5,1461,2,10,NISSAN QASHQAI,5,W01001551,0,4
2024061509893,2024,061509893,4,9,0,-1,19,1,5,-1,0,1,0,0,0,0,1,1,-1,6,-1,-1,-1,1497,8,1,NISSAN QASHQAI,-1,-1,0,-1
2024131475620,2024,131475620,4,9,0,-1,4,1,1,-1,0,0,0,0,0,0,3,1,-1,9,2,55,8,1461,2,12,NISSAN QASHQAI,1,E01010995,0,1
2024461400148,2024,461400148,1,9,0,-1,3,2,6,-1,0,0,0,0,0,0,1,1,-1,1,1,38,7,1461,2,17,NISSAN QASHQAI,8,E01032816,0,1
2024461416951,2024,461416951,1,9,0,-1,9,4,5,-1,0,5,0,0,0,0,1,1,-1,7,2,41,7,1197,1,8,NISSAN QASHQAI,2,E01024306,0,1
2024371496584,2024,371496584,1,9,0,-1,5,7,5,-1,0,2,0,0,0,0,1,1,-1,6,2,32,6,1198,1,9,NISSAN QASHQAI,9,E01030173,0,1
2024991439699,2024,991439699,1,9,0,-1,9,6,2,-1,0,8,0,0,0,0,4,1,-1,9,1,27,6,1332,8,2,NISSAN QASHQAI,-1,-1,0,-1
2024991482013,2024,991482013,1,9,0,-1,13,4,5,-1,0,1,0,0,1,0,1,1,-1,2,2,35,6,1197,1,6,NISSAN QASHQAI,3,-1,0,2
2024471399674,2024,471399674,2,9,0,-1,19,7,3,-1,0,1,0,0,0,0,1,1,-1,7,1,78,11,1598,1,15,NISSAN QASHQAI,5,E01031818,0,1
2024471451346,2024,471451346,1,9,0,-1,19,5,1,-1,0,0,0,0,0,0,2,1,-1,9,1,43,7,1198,1,10,NISSAN QASHQAI,5,E01020968,0,4
2024010541144,2024,010541144,2,9,0,5,5,8,4,0,0,8,0,0,0,0,1,1,6,6,1,23,5,1598,1,12,NISSAN QASHQAI,-1,-1,0,-1
2024010516798,2024,010516798,1,9,0,18,19,3,7,0,0,0,0,0,0,0,3,1,6,6,1,44,7,1618,1,9,NISSAN QASHQAI,-1,-1,0,-1
2024311474814,2024,311474814,1,9,0,-1,9,7,5,-1,0,0,0,0,0,0,1,1,-1,9,1,41,7,1198,1,9,NISSAN QASHQAI,1,E01013824,0,1
2024010504294,2024,010504294,2,9,0,18,19,3,7,0,0,8,0,0,0,0,1,1,6,6,1,76,11,1332,1,5,NISSAN QASHQAI,6,E01002674,0,2
2024411430695,2024,411430695,2,9,0,-1,19,8,4,-1,0,0,0,0,0,0,1,1,-1,9,2,43,7,1461,2,11,NISSAN QASHQAI,6,E01023564,0,1
2024061481158,2024,061481158,1,9,0,-1,4,3,7,-1,0,3,0,0,0,0,2,1,-1,9,2,40,7,1598,1,11,NISSAN QASHQAI,1,E01005753,0,1
2024411495567,2024,411495567,2,9,0,-1,2,0,0,-1,0,1,0,0,0,0,1,1,-1,6,-1,-1,-1,1461,2,9,NISSAN QASHQAI,-1,-1,0,-1
2024010517151,2024,010517151,2,9,0,9,9,1,7,0,0,8,0,0,0,0,1,1,6,6,2,37,7,1997,1,16,NISSAN QASHQAI,2,E01003509,0,1
2024351428006,2024,351428006,2,9,0,-1,19,4,1,-1,0,1,0,0,0,0,4,1,-1,9,2,26,6,1461,2,7,NISSAN QASHQAI,5,E01018213,0,2
2024010522281,2024,010522281,1,9,0,7,7,8,1,0,0,5,0,0,0,0,4,1,6,6,2,51,8,1598,1,13,NISSAN QASHQAI,5,E01003034,0,1
202417S304824,2024,17S304824,1,9,0,-1,4,5,1,-1,0,0,0,0,0,0,2,1,-1,9,2,59,9,1332,8,0,NISSAN QASHQAI,3,E01032544,0,2
2024161431236,2024,161431236,2,9,0,-1,2,0,0,-1,0,0,0,0,0,0,1,1,-1,6,-1,-1,-1,1332,8,2,NISSAN QASHQAI,-1,-1,0,-1
2024101517651,2024,101517651,2,9,0,-1,3,6,2,-1,0,0,1,0,0,0,2,1,-1,6,2,33,6,1461,2,6,NISSAN QASHQAI,5,E01008686,0,2
2024461427337,2024,461427337,1,9,0,-1,9,8,6,-1,0,8,0,0,0,0,3,1,-1,9,1,83,11,1197,1,7,NISSAN QASHQAI,10,E01024751,0,1
2024010497911,2024,010497911,2,9,0,99,99,9,9,99,99,9,9,99,9,99,4,9,6,6,2,-1,-1,1497,8,1,NISSAN QASHQAI,3,E01002638,0,1
2024461439580,2024,461439580,1,9,0,-1,10,8,2,-1,0,8,0,0,0,0,2,1,-1,6,1,52,8,1598,1,11,NISSAN QASHQAI,-1,-1,0,-1
2024010540821,2024,010540821,1,9,0,99,99,9,9,99,99,9,9,99,9,99,2,9,6,6,1,42,7,1598,1,16,NISSAN QASHQAI,7,E01002160,0,1
2024201427652,2024,201427652,2,9,0,-1,7,7,2,-1,0,3,0,0,0,0,4,1,-1,9,2,49,8,1332,1,5,NISSAN QASHQAI,-1,-1,0,-1
2024421471929,2024,421471929,2,9,0,-1,19,7,3,-1,0,0,0,0,0,0,2,1,-1,6,1,39,7,1997,1,15,NISSAN QASHQAI,8,E01034089,0,3
2024010518836,2024,010518836,1,9,0,18,19,7,3,0,0,0,0,0,0,0,1,1,2,2,2,45,7,1332,1,3,NISSAN QASHQAI,2,E01003511,0,1
2024201421710,2024,201421710,2,9,0,-1,19,8,4,-1,0,0,0,0,0,0,3,9,-1,7,2,26,6,1598,1,14,NISSAN QASHQAI,2,E01010417,0,1
2024552400835,2024,552400835,1,9,0,12,12,2,7,0,0,6,0,0,0,0,1,1,6,6,1,60,9,1461,2,11,NISSAN QASHQAI,4,E01020572,0,3
2024221479571,2024,221479571,1,9,0,-1,19,6,2,-1,0,0,2,0,2,0,1,9,-1,9,1,27,6,1461,2,14,NISSAN QASHQAI,-1,-1,0,-1
2024131452222,2024,131452222,2,9,0,-1,19,1,1,-1,0,8,0,0,0,0,1,1,-1,6,1,54,8,1598,2,10,NISSAN QASHQAI,4,E01010898,0,3
2024052400721,2024,052400721,1,9,0,18,19,6,2,0,0,8,5,0,0,0,1,1,6,6,1,43,7,1332,8,1,NISSAN QASHQAI,2,E01007088,0,2
2024340WN3682,2024,340WN3682,2,9,0,-1,19,2,6,-1,0,1,0,0,0,0,2,1,-1,1,2,45,7,1598,2,10,NISSAN QASHQAI,9,E01027021,0,1
2024361454667,2024,361454667,2,9,0,-1,19,7,3,-1,0,0,0,0,0,0,3,1,-1,6,2,62,9,1332,8,1,NISSAN QASHQAI,3,E01026614,0,1
2024061478529,2024,061478529,2,9,0,-1,19,3,7,-1,0,0,0,0,0,0,1,1,-1,9,2,32,6,1461,2,7,NISSAN QASHQAI,8,E01006243,0,1
2024461509316,2024,461509316,4,9,0,-1,19,3,7,-1,0,0,0,0,0,0,2,1,-1,9,2,47,8,1998,1,13,NISSAN QASHQAI,-1,-1,0,-1
2024501408892,2024,501408892,1,9,0,-1,19,3,7,-1,0,1,0,0,0,0,4,9,-1,6,1,85,11,1461,2,12,NISSAN QASHQAI,5,E01018960,0,1
2024010514767,2024,010514767,1,9,0,18,19,3,7,0,0,2,1,10,0,0,1,1,6,6,2,55,8,1461,2,8,NISSAN QASHQAI,1,E01021317,0,4
2024041505666,2024,041505666,1,9,0,-1,19,1,5,-1,0,6,0,0,0,0,4,1,-1,9,1,47,8,1598,1,13,NISSAN QASHQAI,2,E01005337,0,4
2024010510604,2024,010510604,1,9,0,18,19,8,4,0,0,1,0,0,0,0,1,1,2,2,1,31,6,1598,2,6,NISSAN QASHQAI,8,E01004080,0,1
2024010545588,2024,010545588,2,9,0,99,99,9,9,99,99,9,9,99,9,99,1,9,6,6,3,75,10,1598,1,14,NISSAN QASHQAI,4,E01003249,0,1
2024131533244,2024,131533244,2,9,0,-1,19,1,1,-1,0,1,0,0,0,0,2,1,-1,6,1,22,5,1461,2,12,NISSAN QASHQAI,2,E01011250,0,1
2024041403613,2024,041403613,2,9,0,-1,19,3,7,-1,0,1,0,0,0,0,1,1,-1,6,2,44,7,1461,2,14,NISSAN QASHQAI,1,E01012625,0,1
2024221463511,2024,221463511,2,9,0,-1,19,8,4,-1,0,0,1,10,1,0,3,9,-1,6,1,81,11,1598,2,7,NISSAN QASHQAI,9,E01028837,0,1
2024010507283,2024,010507283,1,9,0,18,19,5,1,0,0,0,0,0,0,0,1,1,6,6,2,23,5,1332,1,5,NISSAN QASHQAI,2,E01004014,0,3
2024141547801,2024,141547801,1,9,0,-1,3,3,7,-1,0,8,0,0,0,0,2,1,-1,9,1,54,8,1461,2,10,NISSAN QASHQAI,2,E01019567,0,3
2024461499715,2024,461499715,3,9,0,-1,2,0,0,-1,0,0,0,0,0,0,2,1,-1,6,-1,-1,-1,1198,1,10,NISSAN QASHQAI,-1,-1,0,-1
2024421521088,2024,421521088,1,9,0,-1,4,1,5,-1,0,1,0,0,0,0,1,1,-1,2,1,37,7,1197,1,6,NISSAN QASHQAI,8,E01021916,0,4
2024302401483,2024,302401483,2,9,0,18,19,2,6,0,0,0,0,0,0,0,1,1,2,2,2,35,6,1461,2,8,NISSAN QASHQAI,5,E01019440,0,1
2024131457317,2024,131457317,1,9,0,-1,19,7,3,-1,0,0,0,0,1,6,3,1,-1,6,1,30,6,1598,1,15,NISSAN QASHQAI,1,E01010734,0,1
2024010510791,2024,010510791,2,9,0,99,99,9,9,99,99,9,9,99,9,99,1,9,6,6,2,43,7,1197,1,9,NISSAN QASHQAI,7,E01034577,0,1
2024501487657,2024,501487657,1,9,0,-1,19,5,1,-1,0,0,0,0,0,0,1,9,-1,6,2,33,6,1198,1,9,NISSAN QASHQAI,2,E01015262,0,1
2024461450294,2024,461450294,1,9,0,-1,5,8,2,-1,0,4,0,0,0,0,0,9,-1,6,2,68,10,1197,1,9,NISSAN QASHQAI,10,E01024471,0,3
2024010502443,2024,010502443,4,9,0,18,19,7,3,0,0,6,0,0,0,0,1,1,6,6,2,23,5,1332,8,2,NISSAN QASHQAI,2,E01000098,0,1
2024991474652,2024,991474652,2,9,0,-1,19,7,3,-1,0,0,0,0,0,0,1,1,-1,6,1,56,9,1461,2,7,NISSAN QASHQAI,5,-1,0,1
2024010541552,2024,010541552,2,9,0,18,19,7,3,0,0,8,0,0,0,0,1,1,6,6,2,47,8,1997,1,12,NISSAN QASHQAI,-1,-1,0,-1
2024451445499,2024,451445499,1,9,0,-1,11,1,5,-1,0,3,0,0,0,0,4,1,-1,2,2,38,7,1598,2,7,NISSAN QASHQAI,5,E01030667,0,2
2024010510098,2024,010510098,2,9,0,99,99,9,9,99,99,9,9,99,9,99,9,9,6,6,3,-1,-1,1197,1,9,NISSAN QASHQAI,-1,-1,0,-1
2024122400514,2024,122400514,1,9,0,17,19,3,7,0,0,0,0,0,0,0,1,1,6,6,1,76,11,1598,1,13,NISSAN QASHQAI,9,E01027792,0,1
2024361520157,2024,361520157,2,9,0,-1,10,3,1,-1,0,2,0,0,0,0,2,1,-1,6,1,32,6,1461,2,17,NISSAN QASHQAI,6,E01026755,0,1
2024411427191,2024,411427191,1,9,0,-1,4,5,1,-1,0,1,0,0,0,0,1,1,-1,6,1,45,7,1332,8,2,NISSAN QASHQAI,7,E01017376,0,1
2024421416472,2024,421416472,1,9,0,-1,5,5,7,-1,0,4,0,0,0,0,1,1,-1,9,2,40,7,1598,1,14,NISSAN QASHQAI,4,E01015926,0,1
2024161479224,2024,161479224,2,9,0,-1,2,0,0,-1,-1,0,0,0,0,0,0,9,-1,6,1,31,6,1461,2,12,NISSAN QASHQAI,-1,-1,0,-1
2024332400445,2024,332400445,1,9,0,-1,19,8,4,-1,0,8,0,0,0,0,3,1,-1,1,1,29,6,1497,8,1,NISSAN QASHQAI,4,E01013758,0,1
2024401451530,2024,401451530,2,9,0,-1,5,6,3,-1,0,1,0,0,0,0,1,1,-1,6,1,79,11,1461,2,15,NISSAN QASHQAI,4,E01015755,0,1
2024421433192,2024,421433192,2,9,0,-1,9,4,1,-1,0,8,0,0,0,0,1,1,-1,9,2,42,7,1598,1,14,NISSAN QASHQAI,8,E01021405,0,1
2024340NN2062,2024,340NN2062,1,9,0,-1,19,3,7,-1,0,0,1,7,5,6,1,1,-1,2,1,36,7,1461,2,10,NISSAN QASHQAI,5,E01027113,0,3
2024361439330,2024,361439330,2,9,0,-1,19,5,1,-1,0,1,0,0,0,0,2,1,-1,9,2,42,7,1598,2,10,NISSAN QASHQAI,5,E01026505,0,4
2024111509779,2024,111509779,2,9,0,-1,19,5,1,-1,0,8,0,0,0,0,3,1,-1,6,2,62,9,1332,8,1,NISSAN QASHQAI,3,E01012306,0,1
2024010533637,2024,010533637,1,9,9,99,99,9,9,0,0,9,9,99,9,99,9,1,6,6,1,27,6,1461,2,11,NISSAN QASHQAI,4,E01024132,0,4
2024061493268,2024,061493268,1,9,0,-1,19,2,5,-1,0,0,0,0,0,0,1,1,-1,6,2,-1,-1,1598,1,12,NISSAN QASHQAI,-1,-1,0,-1
2024010546342,2024,010546342,1,9,0,7,7,2,5,0,0,1,0,0,0,0,1,1,6,6,2,37,7,1332,1,4,NISSAN QASHQAI,2,E01004721,0,1
2024461413543,2024,461413543,3,9,0,-1,2,0,0,-1,0,0,0,0,0,0,2,1,-1,6,-1,-1,-1,1461,2,12,NISSAN QASHQAI,-1,-1,0,-1
2024010547578,2024,010547578,1,9,0,10,10,7,5,0,0,6,0,0,0,0,1,1,6,6,1,26,6,1197,1,8,NISSAN QASHQAI,3,E01004041,0,1
2024471472079,2024,471472079,1,9,0,-1,19,5,1,-1,0,0,0,0,0,0,1,1,-1,9,2,37,7,1332,1,6,NISSAN QASHQAI,7,E01035329,0,1
2024010515797,2024,010515797,2,9,0,16,19,4,8,0,0,8,0,0,0,0,1,1,6,6,1,72,10,1197,1,8,NISSAN QASHQAI,9,E01004171,0,1
2024531458960,2024,531458960,2,9,0,-1,19,7,3,-1,0,8,0,0,0,0,4,1,-1,6,1,46,8,1332,8,3,NISSAN QASHQAI,2,E01022332,0,1
2024141457977,2024,141457977,1,9,0,-1,10,6,4,-1,0,1,0,0,0,0,1,1,-1,9,1,33,6,1598,1,15,NISSAN QASHQAI,2,E01007333,0,2
2024471457689,2024,471457689,1,9,0,-1,19,6,2,-1,0,0,5,0,1,0,4,1,-1,9,1,72,10,1197,1,9,NISSAN QASHQAI,10,E01001019,0,4
2024302400588,2024,302400588,1,9,0,9,9,1,6,0,0,8,0,0,0,0,1,1,6,6,1,60,9,1461,2,7,NISSAN QASHQAI,6,E01013505,0,1
2024131439578,2024,131439578,2,9,0,-1,3,0,0,-1,0,0,0,0,0,0,2,1,-1,6,2,43,7,1197,1,7,NISSAN QASHQAI,8,E01011873,0,3
2024522401345,2024,522401345,1,9,0,5,5,3,7,0,0,0,0,0,7,11,1,1,6,6,2,47,8,1198,1,10,NISSAN QASHQAI,7,E01014839,0,1
2024522401341,2024,522401341,2,9,0,6,6,5,3,0,0,6,0,0,0,0,1,1,6,6,2,83,11,1598,1,11,NISSAN QASHQAI,9,E01014748,0,1
2024041478780,2024,041478780,1,9,0,-1,19,5,1,-1,0,0,0,0,1,2,1,1,-1,2,2,50,8,1461,2,14,NISSAN QASHQAI,3,E01025379,0,1
2024461526927,2024,461526927,4,9,0,-1,5,4,8,-1,0,1,0,0,0,0,3,1,-1,6,2,36,7,1332,1,4,NISSAN QASHQAI,5,E01024531,0,4
2024471507747,2024,471507747,2,9,0,-1,2,0,0,-1,0,0,0,0,0,0,3,1,-1,6,-1,-1,-1,1332,8,1,NISSAN QASHQAI,-1,-1,0,-1
2024501460762,2024,501460762,2,9,0,-1,19,7,3,-1,0,0,0,0,0,0,1,1,-1,9,2,41,7,1994,2,15,NISSAN QASHQAI,5,E01019938,0,1
2024161432359,2024,161432359,1,9,0,-1,11,7,3,-1,0,8,0,0,0,0,4,1,-1,1,1,58,9,1332,1,3,NISSAN QASHQAI,5,E01035095,0,5
2024010499395,2024,010499395,1,9,0,18,19,7,3,0,0,2,0,0,0,0,4,1,6,6,1,39,7,1332,8,2,NISSAN QASHQAI,4,E01004378,0,1
2024430387258,2024,430387258,2,9,0,10,10,4,1,0,0,5,0,0,0,0,3,1,1,1,2,26,6,1598,2,13,NISSAN QASHQAI,10,E01017866,0,3
2024552400503,2024,552400503,1,9,0,18,19,7,3,0,0,8,0,0,0,0,3,1,6,6,2,55,8,1461,2,9,NISSAN QASHQAI,5,E01014466,0,4
2024461479240,2024,461479240,2,9,0,-1,4,7,3,-1,0,1,0,0,0,0,2,1,-1,9,1,33,6,1598,2,12,NISSAN QASHQAI,4,E01024681,0,1
2024010505432,2024,010505432,1,9,0,99,99,9,9,99,99,9,9,99,9,99,2,9,6,6,2,39,7,1598,2,6,NISSAN QASHQAI,4,E01002486,0,1
2024351452470,2024,351452470,2,9,-1,-1,-1,-1,-1,-1,-1,-1,-1,-1,-1,0,1,9,-1,9,2,42,7,1332,8,3,NISSAN QASHQAI,5,E01002001,0,4
2024610049024,2024,610049024,3,9,0,2,2,0,0,0,0,0,0,0,0,0,4,1,6,6,3,-1,-1,1461,2,5,NISSAN QASHQAI,-1,-1,0,-1
2024340NN3142,2024,340NN3142,2,9,0,-1,19,5,1,-1,0,2,0,0,0,0,4,1,-1,6,2,51,8,1461,2,9,NISSAN QASHQAI,-1,-1,0,-1
2024101496397,2024,101496397,2,9,0,-1,19,7,3,-1,0,0,0,0,0,0,3,1,-1,9,1,84,11,1197,1,8,NISSAN QASHQAI,8,E01008199,0,3
2024430616140,2024,430616140,1,9,0,18,19,2,6,0,0,0,0,0,0,0,1,1,6,6,1,42,7,1332,1,5,NISSAN QASHQAI,10,E01028709,0,2
2024010509353,2024,010509353,1,9,0,8,8,4,5,0,0,1,0,0,0,0,1,1,3,7,2,25,5,1997,1,15,NISSAN QASHQAI,-1,-1,0,-1
2024421456698,2024,421456698,1,9,0,-1,19,5,1,-1,0,0,5,4,0,0,1,1,-1,9,1,88,11,1997,1,17,NISSAN QASHQAI,5,E01021854,0,1