collision_index,collision_year,collision_ref_no,vehicle_reference,vehicle_type,towing_and_articulation,vehicle_manoeuvre_historic,vehicle_manoeuvre,vehicle_direction_from,vehicle_direction_to,vehicle_location_restricted_lane_historic,vehicle_location_restricted_lane,junction_location,skidding_and_overturning,hit_object_in_carriageway,vehicle_leaving_carriageway,hit_object_off_carriageway,first_point_of_impact,vehicle_left_hand_drive,journey_purpose_of_driver_historic,journey_purpose_of_driver,sex_of_driver,age_of_driver,age_band_of_driver,engine_capacity_cc,propulsion_code,age_of_vehicle,generic_make_model,driver_imd_decile,lsoa_of_driver,escooter_flag,driver_distance_banding
2024201449721,2024,201449721,2,9,0,-1,19,4,8,-1,0,8,1,0,0,0,1,1,-1,9,2,41,7,1197,1,8,NISSAN QASHQAI,2,E01005200,0,5
2024461485269,2024,461485269,2,9,0,-1,14,2,4,-1,0,3,1,0,0,0,3,9,-1,6,1,43,7,1997,1,12,NISSAN QASHQAI,3,E01024176,0,1
202460Q156276,2024,60Q156276,2,9,0,18,19,4,8,0,0,0,0,0,0,0,3,1,6,6,2,32,6,1461,2,13,NISSAN QASHQAI,-1,-1,0,-1
2024340WN3892,2024,340WN3892,2,9,0,-1,2,0,0,-1,0,0,0,0,0,0,2,1,-1,9,2,42,7,1197,1,7,NISSAN QASHQAI,7,E01027323,0,3
2024401408811,2024,401408811,1,9,0,-1,19,-1,-1,-1,0,0,0,0,0,0,3,9,-1,6,1,68,10,1598,1,13,NISSAN QASHQAI,4,E01015810,0,1
2024211472558,2024,211472558,1,9,0,-1,5,4,8,-1,0,1,0,0,0,0,1,9,-1,6,1,78,11,1461,2,5,NISSAN QASHQAI,2,E01014262,0,1
2024451498344,2024,451498344,2,9,0,-1,5,2,6,-1,0,0,0,0,0,0,2,1,-1,6,2,34,6,1598,2,8,NISSAN QASHQAI,10,E01034725,0,2
2024371546842,2024,371546842,2,9,0,-1,19,6,2,-1,0,0,0,0,0,0,2,1,-1,9,1,72,10,1332,1,4,NISSAN QASHQAI,8,E01030269,0,2
2024010501025,2024,010501025,2,9,9,99,99,9,9,99,99,9,9,99,9,99,9,9,6,6,1,55,8,1598,1,15,NISSAN QASHQAI,7,E01002918,0,1
2024031459527,2024,031459527,1,9,0,-1,-1,-1,-1,-1,-1,-1,-1,-1,-1,0,3,9,-1,2,1,37,7,1461,2,11,NISSAN QASHQAI,-1,-1,0,-1
2024010513036,2024,010513036,2,9,0,99,99,9,9,99,99,9,9,99,9,99,1,9,6,6,3,-1,-1,1598,1,11,NISSAN QASHQAI,-1,-1,0,-1
2024440468338,2024,440468338,2,9,0,18,19,4,8,0,0,8,0,0,0,0,1,1,2,2,2,62,9,1461,2,7,NISSAN QASHQAI,-1,-1,0,-1
2024131431054,2024,131431054,1,9,0,-1,7,7,1,-1,0,5,0,0,0,0,1,1,-1,6,2,64,9,1332,8,2,NISSAN QASHQAI,5,E01011384,0,2
2024421465272,2024,421465272,2,9,0,-1,3,4,8,-1,0,0,0,0,0,0,3,1,-1,9,2,55,8,1598,1,15,NISSAN QASHQAI,2,E01002277,0,3
2024201535914,2024,201535914,1,9,0,-1,-1,5,1,-1,-1,8,0,0,7,11,1,1,-1,-1,1,41,7,1461,2,15,NISSAN QASHQAI,1,E01008931,0,2
2024451487739,2024,451487739,1,9,0,-1,3,1,5,-1,0,0,0,0,0,0,2,1,-1,9,2,36,7,1598,2,6,NISSAN QASHQAI,10,E01030926,0,4
2024131440020,2024,131440020,1,9,0,-1,19,8,4,-1,0,0,0,0,0,0,0,1,-1,6,3,-1,-1,1461,2,7,NISSAN QASHQAI,-1,-1,0,-1
2024501413892,2024,501413892,1,9,0,-1,7,1,4,-1,0,8,0,0,0,0,9,9,-1,6,1,53,8,1461,2,12,NISSAN QASHQAI,1,E01015086,0,1
2024161455868,2024,161455868,1,9,0,-1,19,8,4,-1,0,0,1,0,0,0,1,1,-1,6,2,28,6,1598,1,15,NISSAN QASHQAI,1,E01013196,0,4
2024302400739,2024,302400739,1,9,0,4,4,7,3,0,0,0,0,0,0,0,1,1,6,6,1,66,10,1598,1,11,NISSAN QASHQAI,6,E01019815,0,1
2024010517661,2024,010517661,1,9,0,18,19,5,1,0,0,1,0,0,0,0,4,1,6,6,1,55,8,1198,1,9,NISSAN QASHQAI,4,E01000565,0,3
2024010494553,2024,010494553,1,9,0,9,9,5,3,0,0,8,0,0,3,0,4,1,6,6,1,48,8,1598,1,15,NISSAN QASHQAI,2,E01003243,0,2
2024461450273,2024,461450273,1,9,0,-1,10,3,5,-1,0,8,0,0,0,0,1,1,-1,9,2,53,8,1332,1,4,NISSAN QASHQAI,8,E01016126,0,1
2024010505251,2024,010505251,2,9,0,99,99,9,9,99,99,0,9,99,9,99,1,9,6,6,3,45,7,1598,1,15,NISSAN QASHQAI,5,E01004016,0,3
2024411417113,2024,411417113,2,9,-1,-1,-1,-1,-1,-1,-1,0,-1,-1,-1,0,-1,9,-1,6,1,44,7,1332,8,3,NISSAN QASHQAI,9,E01035573,0,2
2024221476494,2024,221476494,2,9,0,-1,9,8,6,-1,0,6,0,0,0,0,1,9,-1,2,2,27,6,1197,1,7,NISSAN QASHQAI,5,E01028960,0,2
2024361404243,2024,361404243,1,9,0,-1,19,5,1,-1,0,0,0,0,0,0,1,1,-1,6,1,55,8,1497,8,1,NISSAN QASHQAI,9,E01026582,0,1
2024141519969,2024,141519969,2,9,0,-1,5,7,3,-1,0,0,0,0,0,0,1,1,-1,9,2,84,11,1598,1,11,NISSAN QASHQAI,7,E01007439,0,1
2024552400609,2024,552400609,3,9,0,3,3,2,6,0,0,0,0,0,0,0,2,1,6,6,1,41,7,1598,1,13,NISSAN QASHQAI,4,E01014786,0,4
2024461417822,2024,461417822,2,9,0,-1,19,1,5,-1,0,6,0,0,0,0,1,1,-1,6,2,46,8,1197,1,7,NISSAN QASHQAI,7,E01024726,0,1
2024061493824,2024,061493824,2,9,0,-1,10,4,2,-1,0,1,0,0,1,0,2,1,-1,6,2,40,7,1332,8,0,NISSAN QASHQAI,1,E01005612,0,1
2024010528152,2024,010528152,2,9,0,99,99,9,9,99,99,9,9,99,9,99,9,9,6,6,2,45,7,1332,1,4,NISSAN QASHQAI,9,E01001072,0,2
2024010539196,2024,010539196,1,9,0,9,9,5,3,0,0,6,0,0,0,0,1,1,6,6,1,48,8,1197,1,8,NISSAN QASHQAI,2,E01004001,0,2
2024061454288,2024,061454288,1,9,0,-1,19,8,4,-1,0,0,0,0,0,0,1,1,-1,9,2,24,5,1461,2,15,NISSAN QASHQAI,3,E01005469,0,1
2024131493565,2024,131493565,2,9,0,-1,7,1,1,-1,0,0,0,0,0,0,1,1,-1,1,2,39,7,1598,1,12,NISSAN QASHQAI,3,E01010662,0,1
2024471490255,2024,471490255,1,9,0,-1,19,5,4,-1,0,8,5,11,1,3,1,1,-1,9,2,38,7,1461,2,15,NISSAN QASHQAI,6,E01021236,0,4
2024041444654,2024,041444654,2,9,0,-1,7,3,7,-1,0,6,0,0,0,0,1,1,-1,2,1,43,7,1197,1,6,NISSAN QASHQAI,5,E01025573,0,1
2024031500096,2024,031500096,1,9,0,-1,6,1,5,-1,0,0,0,0,0,0,3,1,-1,9,2,55,8,1197,1,7,NISSAN QASHQAI,7,E01007310,0,5
2024061482864,2024,061482864,1,9,0,-1,1,5,1,-1,0,0,0,0,0,0,1,9,-1,6,2,-1,-1,1332,8,1,NISSAN QASHQAI,1,E01006050,0,2
2024631477878,2024,631477878,2,9,0,-1,19,4,1,-1,0,0,0,0,0,0,1,1,-1,9,1,33,6,1461,2,9,NISSAN QASHQAI,9,W01000465,0,3
2024451407974,2024,451407974,2,9,0,-1,12,1,5,-1,0,0,0,0,1,0,1,1,-1,2,2,57,9,1997,1,12,NISSAN QASHQAI,4,E01031610,0,4
2024371472485,2024,371472485,2,9,0,-1,19,7,4,-1,0,0,0,0,0,0,4,1,-1,9,1,68,10,1332,1,5,NISSAN QASHQAI,10,E01017373,0,4
2024461438813,2024,461438813,2,9,0,-1,19,5,1,-1,0,8,0,0,0,0,3,9,-1,6,1,49,8,1598,1,11,NISSAN QASHQAI,6,E01035278,0,1
2024131501103,2024,131501103,1,9,0,-1,-1,-1,-1,-1,-1,-1,-1,-1,-1,-1,-1,1,-1,6,3,-1,-1,1598,2,10,NISSAN QASHQAI,-1,-1,0,-1
2024361484317,2024,361484317,2,9,0,-1,9,8,5,-1,0,5,0,0,0,0,1,1,-1,9,2,32,6,1461,2,6,NISSAN QASHQAI,9,E01035145,0,2
2024545633824,2024,545633824,1,9,0,18,19,2,6,0,0,1,0,0,0,0,1,1,6,6,2,31,6,1332,8,2,NISSAN QASHQAI,9,E01032695,0,1
2024471449269,2024,471449269,4,9,0,-1,20,3,3,-1,0,0,0,0,0,0,0,1,-1,2,2,45,7,1598,2,10,NISSAN QASHQAI,1,E01031429,0,3
2024041516110,2024,041516110,3,9,0,-1,9,3,7,-1,0,5,0,0,0,0,3,1,-1,9,2,32,6,1461,2,7,NISSAN QASHQAI,9,E01025211,0,1
2024041464312,2024,041464312,1,9,0,-1,9,4,8,-1,0,1,0,0,0,0,3,1,-1,1,2,54,8,1461,2,13,NISSAN QASHQAI,9,E01025532,0,3
2024622500021,2024,622500021,1,9,0,9,9,4,2,0,0,8,0,0,0,0,1,1,6,6,2,40,7,1461,2,17,NISSAN QASHQAI,4,W01001748,0,1
2024201435143,2024,201435143,2,9,0,-1,2,0,0,-1,0,0,0,10,1,2,4,9,-1,6,2,47,8,1332,8,2,NISSAN QASHQAI,1,E01009326,0,1
2024041518372,2024,041518372,2,9,0,-1,19,1,5,-1,0,8,0,0,0,0,4,1,-1,1,1,56,9,1332,8,1,NISSAN QASHQAI,4,E01024936,0,1
2024010518319,2024,010518319,2,9,0,5,5,1,5,0,0,1,0,0,0,0,0,1,2,2,2,51,8,1598,1,12,NISSAN QASHQAI,3,E01001629,0,1
2024401528729,2024,401528729,2,9,0,-1,3,8,3,-1,0,6,0,0,0,0,2,1,-1,2,2,32,6,1598,2,9,NISSAN QASHQAI,10,E01017625,0,1
2024010494163,2024,010494163,1,9,0,9,9,2,8,0,0,1,0,0,0,0,1,1,6,6,1,-1,-1,1598,1,11,NISSAN QASHQAI,-1,-1,0,-1
2024552400292,2024,552400292,1,9,0,18,19,8,4,0,0,0,0,0,0,0,3,1,3,7,2,30,6,1598,2,8,NISSAN QASHQAI,7,E01015428,0,1
2024411469165,2024,411469165,1,9,0,-1,19,2,6,-1,0,1,0,0,0,0,3,1,-1,7,2,34,6,1598,1,13,NISSAN QASHQAI,5,E01023635,0,1
2024061404186,2024,061404186,1,9,-1,-1,-1,-1,-1,-1,-1,0,-1,-1,-1,0,-1,9,-1,6,2,-1,-1,1598,1,12,NISSAN QASHQAI,-1,-1,0,-1
2024451394241,2024,451394241,1,9,0,-1,19,1,5,-1,0,0,0,11,0,0,1,9,-1,6,2,74,10,1598,1,11,NISSAN QASHQAI,10,E01030353,0,1
2024122400875,2024,122400875,3,9,0,4,4,1,5,0,0,0,0,0,0,0,2,1,6,6,2,81,11,1461,2,5,NISSAN QASHQAI,7,E01013074,0,3
2024010522083,2024,010522083,1,9,0,18,19,5,1,0,0,0,0,0,1,11,3,1,3,7,2,49,8,1997,1,15,NISSAN QASHQAI,5,E01003842,0,1
2024010539136,2024,010539136,1,9,0,99,99,9,9,99,99,9,9,99,9,99,9,9,6,6,2,34,6,1197,1,7,NISSAN QASHQAI,5,E01024383,0,4
202454D332824,2024,54D332824,1,9,0,18,19,1,5,0,0,0,0,0,0,0,1,1,1,1,1,37,7,1598,1,16,NISSAN QASHQAI,4,E01032013,0,1
2024161472045,2024,161472045,3,9,0,-1,2,0,0,-1,0,1,0,0,0,0,2,1,-1,6,-1,-1,-1,1598,2,7,NISSAN QASHQAI,-1,-1,0,-1
2024461461154,2024,461461154,1,9,0,-1,19,3,5,-1,0,1,0,0,0,0,1,9,-1,6,1,51,8,1598,1,11,NISSAN QASHQAI,5,E01024202,0,3
2024070460690,2024,070460690,2,9,0,18,19,6,2,0,0,8,0,0,0,0,2,1,6,6,2,47,8,1332,1,4,NISSAN QASHQAI,4,E01012454,0,1
2024201494379,2024,201494379,2,9,0,-1,2,0,0,-1,0,0,0,0,0,0,2,1,-1,6,1,53,8,1332,8,1,NISSAN QASHQAI,1,E01009329,0,1
2024461506174,2024,461506174,2,9,0,-1,5,7,3,-1,0,0,0,0,0,0,4,1,-1,9,2,44,7,1198,1,9,NISSAN QASHQAI,5,E01035292,0,1
2024471524301,2024,471524301,1,9,0,-1,5,5,1,-1,0,1,0,0,0,0,1,1,-1,9,2,70,10,1332,1,4,NISSAN QASHQAI,8,E01031422,0,1
2024451472632,2024,451472632,1,9,0,-1,19,4,5,-1,99,0,0,0,0,0,1,1,-1,9,2,54,8,1598,1,13,NISSAN QASHQAI,4,E01030640,0,1
202454B651924,2024,54B651924,1,9,0,14,14,4,8,0,0,0,0,0,0,0,4,1,6,6,2,39,7,1197,1,6,NISSAN QASHQAI,8,E01032049,0,1
2024430535788,2024,430535788,2,9,0,3,3,4,8,0,0,8,0,0,0,0,2,1,1,1,3,38,7,1461,2,8,NISSAN QASHQAI,5,E01028604,0,4
2024552401314,2024,552401314,2,9,0,3,3,6,2,0,0,4,0,0,0,0,2,1,6,6,2,77,11,1598,2,9,NISSAN QASHQAI,10,E01020407,0,2
2024010546079,2024,010546079,2,9,9,99,99,9,9,99,99,9,9,99,9,99,1,9,6,6,3,-1,-1,1198,1,10,NISSAN QASHQAI,-1,-1,0,-1
2024201450616,2024,201450616,1,9,0,-1,5,6,2,-1,0,6,0,0,0,0,4,1,-1,2,1,35,6,1598,2,6,NISSAN QASHQAI,-1,-1,0,-1
2024991505449,2024,991505449,1,9,0,-1,19,1,5,-1,0,0,5,0,2,4,1,1,-1,9,1,70,10,1332,1,5,NISSAN QASHQAI,7,E01014864,0,5
2024440262873,2024,440262873,2,9,0,2,2,0,0,0,0,2,0,0,0,0,2,1,6,6,1,52,8,1497,8,1,NISSAN QASHQAI,-1,-1,0,-1
2024430396389,2024,430396389,2,9,0,3,3,2,6,0,0,1,0,0,0,0,2,1,6,6,1,55,8,1332,8,2,NISSAN QASHQAI,4,E01016724,0,1
2024610037424,2024,610037424,1,9,0,9,9,4,2,0,0,1,0,0,0,0,1,1,6,6,2,37,7,1197,1,9,NISSAN QASHQAI,10,W01001948,0,2
2024061443583,2024,061443583,1,9,0,-1,-1,-1,-1,-1,-1,-1,-1,-1,-1,0,-1,1,-1,6,3,-1,-1,1461,2,13,NISSAN QASHQAI,-1,-1,0,-1
2024461404619,2024,461404619,2,9,0,-1,4,5,1,-1,0,1,0,0,0,0,4,9,-1,6,2,42,7,1461,2,14,NISSAN QASHQAI,6,E01024716,0,1
2024010527488,2024,010527488,1,9,0,3,3,3,7,0,0,0,0,0,0,0,2,1,6,6,1,46,8,1461,2,8,NISSAN QASHQAI,4,W01001424,0,5
2024371506318,2024,371506318,1,9,0,-1,19,1,5,-1,0,2,0,0,0,0,1,1,-1,1,1,39,7,1994,2,17,NISSAN QASHQAI,5,E01030272,0,1
2024501509836,2024,501509836,1,9,0,-1,19,5,1,-1,0,0,0,4,0,0,1,1,-1,7,2,46,8,1461,2,7,NISSAN QASHQAI,5,E01020115,0,3
2024311396543,2024,311396543,1,9,0,-1,19,1,5,-1,0,8,0,0,0,0,1,1,-1,2,1,43,7,1461,2,8,NISSAN QASHQAI,7,E01013953,0,1
2024622400162,2024,622400162,1,9,0,18,19,4,8,0,0,5,0,10,3,0,1,1,6,6,1,32,6,1332,8,1,NISSAN QASHQAI,8,W01001981,0,4
2024471398277,2024,471398277,1,9,0,-1,19,5,1,-1,0,0,0,0,1,9,0,1,-1,2,2,45,7,1332,1,5,NISSAN QASHQAI,6,E01035324,0,2
2024421454961,2024,421454961,1,9,0,-1,19,6,1,-1,0,0,0,0,7,9,3,1,-1,9,2,70,10,1461,2,6,NISSAN QASHQAI,8,E01020300,0,5
2024010522996,2024,010522996,1,9,0,99,99,9,9,99,99,9,9,99,9,99,2,9,6,6,2,38,7,1197,1,7,NISSAN QASHQAI,3,E01001801,0,1
2024010505770,2024,010505770,1,9,0,5,5,0,1,0,0,0,0,0,0,0,1,1,6,6,1,88,11,1332,8,3,NISSAN QASHQAI,8,E01002949,0,2
2024440550138,2024,440550138,1,9,0,5,5,6,2,0,0,1,0,0,0,0,4,1,6,6,1,69,10,1197,1,7,NISSAN QASHQAI,9,E01022978,0,2
2024440237524,2024,440237524,1,9,0,18,19,6,2,0,0,0,0,0,0,0,1,1,6,6,2,42,7,1598,1,16,NISSAN QASHQAI,1,E01022968,0,1
2024010498230,2024,010498230,1,9,9,18,19,1,5,0,0,9,0,0,9,0,1,9,6,6,2,61,9,1197,1,9,NISSAN QASHQAI,2,E01000508,0,1
2024041497797,2024,041497797,3,9,0,-1,19,1,5,-1,0,1,0,0,0,0,4,1,-1,1,2,60,9,1997,1,16,NISSAN QASHQAI,7,E01025004,0,1
202417S103524,2024,17S103524,2,9,0,4,4,8,4,0,0,1,0,0,0,0,2,1,2,2,2,49,8,1461,2,6,NISSAN QASHQAI,10,E01035204,0,3
2024361427059,2024,361427059,4,9,0,-1,4,3,7,-1,0,0,0,0,0,0,2,1,-1,6,1,76,11,1598,2,8,NISSAN QASHQAI,7,E01010356,0,5
2024401488953,2024,401488953,1,9,0,-1,19,2,2,-1,0,0,0,0,0,0,1,1,-1,9,2,21,5,1461,2,10,NISSAN QASHQAI,2,E01027242,0,4
2024201516410,2024,201516410,2,9,0,-1,19,1,5,-1,0,0,0,0,0,0,1,1,-1,6,2,46,8,1598,2,7,NISSAN QASHQAI,2,E01009090,0,1
2024311423032,2024,311423032,1,9,0,-1,7,3,8,-1,0,1,0,0,1,0,4,1,-1,1,2,45,7,1332,8,2,NISSAN QASHQAI,9,E01033776,0,1
2024421501001,2024,421501001,1,9,0,-1,19,4,8,-1,0,0,0,0,0,0,1,9,-1,6,2,51,8,1197,1,8,NISSAN QASHQAI,3,E01002370,0,1
2024351431726,2024,351431726,2,9,0,-1,3,6,2,-1,0,0,0,0,0,0,2,1,-1,6,2,51,8,1461,2,11,NISSAN QASHQAI,5,E01015617,0,2
2024401472074,2024,401472074,2,9,0,-1,4,-1,-1,-1,0,4,1,0,0,0,3,9,-1,9,2,55,8,1598,2,11,NISSAN QASHQAI,4,E01015784,0,1
2024201436919,2024,201436919,2,9,0,-1,3,6,2,-1,0,0,0,0,0,0,2,1,-1,6,1,44,7,1197,1,8,NISSAN QASHQAI,6,E01010232,0,1
2024010492452,2024,010492452,1,9,0,9,9,1,6,0,0,5,0,0,0,0,4,1,6,6,2,60,9,1332,8,1,NISSAN QASHQAI,10,E01030447,0,4
2024401531534,2024,401531534,1,9,0,-1,19,5,1,-1,0,0,0,0,0,0,1,1,-1,6,1,50,8,1997,2,15,NISSAN QASHQAI,7,E01015803,0,1
2024401406826,2024,401406826,2,9,0,-1,5,8,4,-1,0,8,0,0,0,0,1,1,-1,6,2,45,7,1461,2,14,NISSAN QASHQAI,2,E01015749,0,1
2024361483208,2024,361483208,1,9,0,-1,19,7,3,-1,0,1,1,11,0,0,-1,1,-1,9,1,37,7,1994,2,16,NISSAN QASHQAI,-1,-1,0,-1
2024332400648,2024,332400648,1,9,0,-1,9,8,6,-1,0,6,0,0,0,0,4,1,-1,9,1,46,8,1332,8,1,NISSAN QASHQAI,6,E01013680,0,1
2024471490966,2024,471490966,2,9,0,-1,5,7,3,-1,0,1,0,0,0,0,1,1,-1,6,2,60,9,1997,1,16,NISSAN QASHQAI,7,E01016912,0,1
2024320480208,2024,320480208,1,9,0,-1,-1,8,2,0,0,0,5,0,7,0,4,1,-1,-1,1,49,8,1332,8,1,NISSAN QASHQAI,-1,-1,0,-1
2024201523349,2024,201523349,1,9,0,-1,19,3,5,-1,0,0,0,0,0,0,1,1,-1,6,-1,-1,-1,1598,2,10,NISSAN QASHQAI,-1,-1,0,-1
2024201506599,2024,201506599,2,9,0,-1,5,2,6,-1,0,4,0,0,0,0,1,1,-1,2,2,35,6,1197,1,8,NISSAN QASHQAI,1,E01009157,0,1
2024052402773,2024,052402773,1,9,0,4,4,8,4,0,0,0,0,0,0,0,4,1,6,6,3,-1,-1,1461,2,9,NISSAN QASHQAI,-1,-1,0,-1
2024041496892,2024,041496892,2,9,0,-1,19,7,3,-1,0,8,0,0,0,0,1,1,-1,2,2,34,6,1461,2,9,NISSAN QASHQAI,9,E01025281,0,1
2024052400334,2024,052400334,4,9,0,18,19,5,1,0,0,0,0,0,0,0,2,1,6,6,1,32,6,1332,8,2,NISSAN QASHQAI,1,E01006679,0,3
2024351525919,2024,351525919,5,9,0,-1,19,1,5,-1,0,0,0,0,0,0,0,1,-1,6,-1,-1,-1,1332,8,0,NISSAN QASHQAI,-1,-1,0,-1
2024361456372,2024,361456372,2,9,0,-1,19,1,5,-1,0,0,0,0,0,0,1,1,-1,2,1,54,8,1461,2,10,NISSAN QASHQAI,7,E01026427,0,4
2024430293178,2024,430293178,2,9,0,18,19,7,3,0,0,1,0,0,0,0,1,1,6,6,1,-1,-1,1461,2,15,NISSAN QASHQAI,-1,-1,0,-1
2024111428918,2024,111428918,1,9,0,-1,19,8,4,-1,0,0,0,0,0,0,3,1,-1,9,1,38,7,1461,2,8,NISSAN QASHQAI,6,E01020822,0,1
2024501514349,2024,501514349,2,9,0,-1,9,4,2,-1,0,4,0,0,0,0,4,1,-1,9,1,47,8,1598,2,9,NISSAN QASHQAI,2,E01015074,0,1
2024371442511,2024,371442511,2,9,0,-1,2,0,0,-1,0,2,0,0,0,0,2,1,-1,6,-1,-1,-1,1461,2,14,NISSAN QASHQAI,-1,-1,0,-1
2024141515816,2024,141515816,1,9,0,-1,3,4,7,-1,0,0,0,0,0,0,2,1,-1,9,1,35,6,1461,2,14,NISSAN QASHQAI,3,E01033769,0,3
2024320549036,2024,320549036,1,9,0,-1,-1,1,5,0,0,1,0,0,0,0,1,1,-1,-1,1,29,6,1461,2,16,NISSAN QASHQAI,6,E01026199,0,3
2024430358248,2024,430358248,2,9,0,6,6,5,5,0,0,8,0,0,0,0,1,1,6,6,2,-1,-1,1197,1,9,NISSAN QASHQAI,-1,-1,0,-1
2024371520895,2024,371520895,1,9,0,-1,19,3,7,-1,0,0,1,0,1,0,3,1,-1,9,1,55,8,1461,2,11,NISSAN QASHQAI,6,E01026887,0,4
2024401463809,2024,401463809,2,9,0,-1,19,5,1,-1,0,1,0,0,7,0,1,1,-1,6,1,53,8,1461,2,9,NISSAN QASHQAI,6,E01018187,0,4
2024131423710,2024,131423710,1,9,0,-1,7,1,5,-1,0,8,0,0,0,0,3,1,-1,9,2,53,8,1497,8,1,NISSAN QASHQAI,3,E01027444,0,5
2024520403085,2024,520403085,1,9,0,7,7,4,7,0,0,5,0,0,0,0,4,1,6,6,1,74,10,1461,2,9,NISSAN QASHQAI,6,E01029214,0,4
2024010517092,2024,010517092,1,9,0,17,19,7,3,0,0,0,1,0,0,0,3,2,6,6,2,38,7,1197,1,6,NISSAN QASHQAI,3,E01001372,0,1
2024010505322,2024,010505322,2,9,0,99,99,9,9,99,99,9,9,99,9,99,1,9,6,6,2,48,8,1598,1,15,NISSAN QASHQAI,5,E01003941,0,1
2024161535694,2024,161535694,2,9,0,-1,19,5,1,-1,0,1,0,0,0,0,2,1,-1,6,2,33,6,1461,2,6,NISSAN QASHQAI,1,E01012862,0,1
2024332400575,2024,332400575,1,9,0,-1,12,4,8,-1,0,0,0,0,0,0,1,1,-1,6,2,45,7,1332,8,2,NISSAN QASHQAI,6,E01033386,0,2
2024411452456,2024,411452456,2,9,0,-1,9,3,1,-1,0,8,0,0,0,0,3,1,-1,6,1,83,11,1461,2,12,NISSAN QASHQAI,4,E01023296,0,1
2024351468217,2024,351468217,1,9,0,-1,19,3,7,-1,0,6,0,0,0,0,1,1,-1,6,2,-1,-1,1461,2,7,NISSAN QASHQAI,-1,-1,0,-1
2024311496959,2024,311496959,1,9,0,-1,19,1,5,-1,0,8,0,0,0,0,1,9,-1,6,1,34,6,1497,8,1,NISSAN QASHQAI,-1,-1,0,-1
2024010545985,2024,010545985,1,9,0,99,99,9,9,99,99,9,9,99,9,99,9,9,6,6,3,-1,-1,1461,2,8,NISSAN QASHQAI,-1,-1,0,-1
2024010504945,2024,010504945,1,9,0,99,99,9,9,99,99,9,9,99,9,99,9,9,6,6,1,44,7,1197,1,9,NISSAN QASHQAI,3,E01000046,0,1
2024430589382,2024,430589382,1,9,0,18,19,1,5,0,0,8,0,0,0,0,1,1,6,6,1,26,6,1598,1,11,NISSAN QASHQAI,3,E01004123,0,4
2024201463357,2024,201463357,2,9,0,-1,2,0,0,-1,0,0,0,0,0,0,2,9,-1,6,-1,-1,-1,1598,1,12,NISSAN QASHQAI,-1,-1,0,-1
2024010521174,2024,010521174,1,9,0,99,99,9,9,99,99,0,9,99,9,99,2,9,2,2,1,44,7,1598,1,17,NISSAN QASHQAI,2,E01001603,0,2
2024061442060,2024,061442060,1,9,-1,-1,-1,-1,-1,-1,0,0,0,0,0,0,-1,9,-1,6,3,-1,-1,1461,2,13,NISSAN QASHQAI,-1,-1,0,-1
2024361412439,2024,361412439,2,9,0,-1,19,5,1,-1,0,0,0,0,0,0,1,1,-1,2,2,63,9,1598,2,9,NISSAN QASHQAI,4,E01026522,0,1
2024041499663,2024,041499663,3,9,0,-1,2,0,0,-1,0,0,0,0,0,0,2,1,-1,6,-1,-1,-1,1197,1,7,NISSAN QASHQAI,-1,-1,0,-1
2024631410251,2024,631410251,1,9,0,-1,19,7,4,-1,0,0,1,0,1,4,3,1,-1,6,2,35,6,1461,2,14,NISSAN QASHQAI,6,W01000477,0,1
2024440125792,2024,440125792,1,9,0,18,19,1,5,0,0,0,0,0,0,0,1,1,6,6,1,79,11,1197,1,7,NISSAN QASHQAI,6,E01022941,0,1
2024501526213,2024,501526213,2,9,0,-1,19,1,5,-1,0,0,0,0,0,0,3,1,-1,6,1,36,7,1461,2,10,NISSAN QASHQAI,9,E01019911,0,2
2024610045624,2024,610045624,2,9,0,18,19,1,6,0,0,8,0,0,0,0,4,1,2,2,1,27,6,1598,1,12,NISSAN QASHQAI,10,W01001842,0,4
202460Q128690,2024,60Q128690,1,9,0,9,9,6,3,0,0,6,0,0,0,0,3,1,6,6,1,63,9,1461,2,7,NISSAN QASHQAI,-1,-1,0,-1
2024622400721,2024,622400721,1,9,0,18,19,2,6,0,0,0,0,0,0,0,3,1,3,7,2,46,8,1461,2,14,NISSAN QASHQAI,1,W01001961,0,1
2024501470935,2024,501470935,1,9,0,-1,5,7,3,-1,0,6,0,0,0,0,1,1,-1,6,1,86,11,1332,1,4,NISSAN QASHQAI,9,W01000609,0,5
2024041476183,2024,041476183,1,9,0,-1,1,5,1,-1,0,1,0,0,0,0,2,1,-1,6,3,-1,-1,1461,2,5,NISSAN QASHQAI,-1,-1,0,-1
202417H104424,2024,17H104424,2,9,0,-1,19,2,6,-1,0,8,0,0,0,0,1,1,-1,2,2,27,6,1461,2,11,NISSAN QASHQAI,-1,-1,0,-1
2024010511228,2024,010511228,1,9,0,16,19,7,3,0,0,4,0,0,0,0,4,1,6,6,1,40,7,1461,2,8,NISSAN QASHQAI,-1,-1,0,-1
2024471483148,2024,471483148,2,9,0,-1,10,7,3,-1,0,0,0,0,0,0,2,1,-1,6,1,23,5,1461,2,11,NISSAN QASHQAI,5,E01031771,0,3
2024010515230,2024,010515230,2,9,9,99,99,9,9,99,99,9,9,99,9,99,9,9,6,6,3,-1,-1,1997,1,15,NISSAN QASHQAI,-1,-1,0,-1