collision_index,collision_year,collision_ref_no,vehicle_reference,vehicle_type,towing_and_articulation,vehicle_manoeuvre_historic,vehicle_manoeuvre,vehicle_direction_from,vehicle_direction_to,vehicle_location_restricted_lane_historic,vehicle_location_restricted_lane,junction_location,skidding_and_overturning,hit_object_in_carriageway,vehicle_leaving_carriageway,hit_object_off_carriageway,first_point_of_impact,vehicle_left_hand_drive,journey_purpose_of_driver_historic,journey_purpose_of_driver,sex_of_driver,age_of_driver,age_band_of_driver,engine_capacity_cc,propulsion_code,age_of_vehicle,generic_make_model,driver_imd_decile,lsoa_of_driver,escooter_flag,driver_distance_banding
2024501451778,2024,501451778,1,9,0,-1,4,7,3,-1,0,1,0,0,0,0,1,1,-1,2,1,47,8,1598,1,15,NISSAN QASHQAI,3,E01031914,0,5
2024501522808,2024,501522808,1,9,0,-1,7,6,8,-1,0,8,0,0,0,0,1,1,-1,6,2,38,7,1332,8,1,NISSAN QASHQAI,7,E01020105,0,2
2024010540340,2024,010540340,2,9,0,99,99,9,9,99,99,8,0,99,9,0,9,1,6,6,3,-1,-1,1197,1,8,NISSAN QASHQAI,-1,-1,0,-1
2024131454953,2024,131454953,1,9,0,-1,9,5,1,-1,0,0,0,0,0,0,4,1,-1,6,3,-1,-1,1461,2,13,NISSAN QASHQAI,-1,-1,0,-1
2024041475071,2024,041475071,1,9,0,-1,19,8,4,-1,0,8,0,4,0,0,1,1,-1,1,1,52,8,1332,1,4,NISSAN QASHQAI,3,E01025065,0,1
2024010529607,2024,010529607,2,9,0,18,19,3,7,0,0,0,0,0,0,0,1,1,6,6,1,42,7,1461,2,8,NISSAN QASHQAI,3,E01003574,0,1
2024010546840,2024,010546840,1,9,0,18,19,1,5,0,0,1,1,0,0,0,1,1,6,6,1,35,6,1461,2,5,NISSAN QASHQAI,9,E01002256,0,1
2024122401110,2024,122401110,2,9,0,18,19,2,6,0,0,1,0,0,0,0,1,1,6,6,2,42,7,1598,1,11,NISSAN QASHQAI,7,E01013346,0,2
2024351539080,2024,351539080,1,9,0,-1,19,5,1,-1,0,0,1,0,1,0,4,1,-1,6,2,46,8,1461,2,13,NISSAN QASHQAI,1,E01015600,0,2
2024211485125,2024,211485125,1,9,0,-1,19,2,6,-1,0,0,0,0,1,0,1,1,-1,9,1,76,11,1598,2,7,NISSAN QASHQAI,-1,-1,0,-1
2024010521692,2024,010521692,2,9,0,18,19,3,7,0,0,1,0,0,0,0,1,1,2,2,1,40,7,1598,1,11,NISSAN QASHQAI,3,E01003240,0,1
2024332401067,2024,332401067,1,9,0,-1,19,7,3,-1,0,8,0,0,0,0,1,1,-1,6,2,46,8,1197,1,6,NISSAN QASHQAI,9,E01031158,0,4
2024061499572,2024,061499572,2,9,0,-1,7,1,3,-1,0,0,0,0,7,0,3,1,-1,6,2,76,11,1332,8,2,NISSAN QASHQAI,1,E01005502,0,1
2024010540924,2024,010540924,1,9,0,99,99,9,9,99,99,0,9,99,9,99,2,9,2,2,2,-1,-1,1197,1,8,NISSAN QASHQAI,10,E01003835,0,1
2024010521416,2024,010521416,1,9,0,9,9,5,3,0,0,1,0,0,0,0,3,1,6,6,3,-1,-1,1332,8,1,NISSAN QASHQAI,-1,-1,0,-1
2024302400826,2024,302400826,3,9,0,18,19,3,7,0,0,8,0,0,1,0,1,1,6,6,1,60,9,1598,1,11,NISSAN QASHQAI,5,E01005876,0,4
2024311440253,2024,311440253,1,9,0,-1,5,7,3,-1,0,0,0,0,0,0,1,1,-1,6,2,25,5,1332,1,5,NISSAN QASHQAI,4,E01028343,0,1
2024010508009,2024,010508009,1,9,0,9,9,3,8,0,0,2,0,0,0,0,1,1,6,6,2,38,7,1598,1,13,NISSAN QASHQAI,2,E01001357,0,1
2024010546685,2024,010546685,1,9,0,10,10,5,3,0,0,8,0,0,0,0,1,1,6,6,1,48,8,1997,1,16,NISSAN QASHQAI,3,E01004126,0,1
2024351440596,2024,351440596,1,9,-1,-1,-1,-1,-1,-1,-1,0,-1,-1,-1,0,-1,9,-1,6,2,72,10,1332,1,4,NISSAN QASHQAI,7,E01018011,0,1
2024010541270,2024,010541270,2,9,0,99,99,9,9,99,99,9,9,99,9,99,9,9,6,6,1,45,7,1997,1,14,NISSAN QASHQAI,2,E01001147,0,1
2024522401789,2024,522401789,2,9,0,3,3,3,7,0,0,0,0,0,0,0,2,1,6,6,1,64,9,1461,2,12,NISSAN QASHQAI,9,E01014933,0,2
2024010535411,2024,010535411,1,9,0,99,99,9,9,99,99,9,9,99,9,99,9,9,6,6,1,60,9,1332,8,1,NISSAN QASHQAI,4,E01003937,0,1
2024411541256,2024,411541256,2,9,0,-1,19,4,8,-1,0,1,0,0,0,0,1,1,-1,6,1,40,7,1332,1,4,NISSAN QASHQAI,9,E01023706,0,1
2024231498708,2024,231498708,1,9,0,-1,19,2,6,-1,0,1,0,0,0,0,1,9,-1,6,1,43,7,1461,2,6,NISSAN QASHQAI,5,E01031249,0,3
2024111454157,2024,111454157,1,9,0,-1,19,5,1,-1,0,2,0,0,0,0,1,1,-1,6,1,30,6,1461,2,14,NISSAN QASHQAI,2,E01012291,0,3
2024010518989,2024,010518989,1,9,0,18,19,5,1,0,0,0,0,0,1,0,3,1,6,6,3,23,5,1332,1,4,NISSAN QASHQAI,5,E01035663,0,1
2024411499341,2024,411499341,2,9,0,-1,4,7,3,-1,0,1,0,0,0,0,2,1,-1,9,1,25,5,1332,8,1,NISSAN QASHQAI,8,E01023872,0,1
2024552400372,2024,552400372,1,9,0,18,19,3,7,0,0,8,0,0,0,0,3,1,6,6,1,36,7,1197,1,6,NISSAN QASHQAI,10,E01020383,0,2
2024302400052,2024,302400052,1,9,0,11,11,8,4,0,0,0,0,0,0,0,3,1,6,6,1,25,5,1461,2,7,NISSAN QASHQAI,10,E01019848,0,3
202454D609624,2024,54D609624,1,9,0,18,19,2,6,0,0,0,0,0,1,10,1,1,2,2,2,27,6,1598,2,11,NISSAN QASHQAI,4,E01032104,0,4
2024302401353,2024,302401353,1,9,0,18,19,4,8,0,0,0,0,0,0,0,1,1,6,6,1,40,7,1332,1,5,NISSAN QASHQAI,9,E01019790,0,1
2024211401972,2024,211401972,2,9,0,-1,5,3,7,-1,0,1,-1,0,0,0,1,1,-1,6,2,44,7,1332,1,5,NISSAN QASHQAI,5,E01029352,0,1
2024010532923,2024,010532923,1,9,0,7,7,1,4,0,0,6,0,0,0,0,4,1,6,6,1,40,7,1197,1,6,NISSAN QASHQAI,8,E01024024,0,4
2024421503882,2024,421503882,1,9,0,-1,7,5,7,-1,0,3,0,0,0,0,1,1,-1,6,2,66,10,1598,2,8,NISSAN QASHQAI,9,E01021787,0,1
2024411406723,2024,411406723,1,9,0,-1,19,5,1,-1,0,0,0,0,0,0,1,1,-1,6,1,53,8,1197,1,6,NISSAN QASHQAI,5,E01023722,0,1
2024351421916,2024,351421916,1,9,0,-1,19,4,8,-1,0,1,1,0,0,0,0,1,-1,6,1,50,8,1598,1,14,NISSAN QASHQAI,10,E01018234,0,2
2024010503149,2024,010503149,2,9,0,11,11,1,5,0,0,8,0,0,0,0,2,1,6,6,1,35,6,1598,1,13,NISSAN QASHQAI,5,E01016460,0,3
2024302400375,2024,302400375,3,9,0,18,19,4,8,0,0,0,0,0,0,0,1,1,6,6,1,53,8,1197,1,7,NISSAN QASHQAI,6,E01019598,0,2
2024351441141,2024,351441141,1,9,0,-1,5,3,7,-1,0,0,0,0,0,0,3,1,-1,6,2,43,7,1332,8,2,NISSAN QASHQAI,8,E01018137,0,2
2024010511847,2024,010511847,3,9,0,2,2,0,0,0,0,1,0,0,0,0,0,1,6,6,3,-1,-1,1197,1,7,NISSAN QASHQAI,-1,-1,0,-1
2024332401127,2024,332401127,1,9,0,-1,9,5,3,-1,0,6,5,0,0,0,4,1,-1,9,1,44,7,1461,2,8,NISSAN QASHQAI,9,E01025998,0,1
2024201515064,2024,201515064,2,9,0,-1,3,6,2,-1,0,2,0,0,0,0,2,9,-1,1,2,33,6,1461,2,7,NISSAN QASHQAI,8,E01025685,0,4
2024340WN1372,2024,340WN1372,2,9,0,-1,3,5,1,-1,0,1,0,0,0,0,2,1,-1,6,2,30,6,1332,1,3,NISSAN QASHQAI,7,E01026991,0,1
2024211518564,2024,211518564,1,9,0,-1,13,3,7,-1,0,0,1,0,7,0,4,1,-1,1,1,23,5,1332,8,0,NISSAN QASHQAI,8,E01029378,0,2
2024471400417,2024,471400417,1,9,0,-1,19,3,7,-1,0,8,5,0,0,0,3,1,-1,9,2,31,6,1461,2,17,NISSAN QASHQAI,2,E01021179,0,3
2024461407835,2024,461407835,1,9,0,-1,19,6,2,-1,-1,0,0,0,0,0,1,9,-1,9,1,28,6,1332,8,2,NISSAN QASHQAI,2,E01016159,0,2
2024622400454,2024,622400454,1,9,0,18,19,6,2,0,0,0,0,0,0,0,1,1,6,6,3,-1,-1,1461,2,14,NISSAN QASHQAI,-1,-1,0,-1
2024161510002,2024,161510002,3,9,0,-1,2,0,0,-1,0,0,0,0,0,0,2,9,-1,6,-1,-1,-1,1197,1,7,NISSAN QASHQAI,-1,-1,0,-1
2024461464136,2024,461464136,2,9,0,-1,19,7,3,-1,0,0,0,0,0,0,1,1,-1,6,2,62,9,1461,2,5,NISSAN QASHQAI,4,E01024481,0,1
2024071015172,2024,071015172,2,9,0,-1,19,8,8,-1,0,0,0,0,0,0,2,1,-1,6,2,38,7,1598,1,13,NISSAN QASHQAI,4,E01012454,0,1
2024010513647,2024,010513647,4,9,0,18,19,7,3,0,0,0,0,0,0,0,0,1,6,6,3,24,5,1332,8,2,NISSAN QASHQAI,-1,-1,0,-1
2024211514056,2024,211514056,1,9,0,-1,19,5,7,-1,0,0,0,0,0,0,1,1,-1,6,1,43,7,1332,1,5,NISSAN QASHQAI,1,E01014246,0,1
2024010527012,2024,010527012,1,9,0,9,9,1,7,0,0,1,9,0,0,0,1,9,6,6,3,-1,-1,1332,1,5,NISSAN QASHQAI,4,E01004201,0,3
2024010517357,2024,010517357,1,9,0,18,19,7,3,0,0,1,0,0,0,0,1,1,6,6,1,28,6,1332,8,1,NISSAN QASHQAI,4,E01004128,0,1
2024041395208,2024,041395208,1,9,0,-1,19,7,3,-1,0,6,0,0,0,0,1,1,-1,9,2,55,8,1332,8,1,NISSAN QASHQAI,3,E01025429,0,2
2024010544120,2024,010544120,1,9,0,99,99,9,9,99,99,9,9,99,9,99,9,9,6,6,2,34,6,1197,1,8,NISSAN QASHQAI,5,E01001099,0,1
2024010507265,2024,010507265,2,9,0,99,99,9,9,99,99,9,9,99,9,99,9,9,6,6,3,-1,-1,1598,1,15,NISSAN QASHQAI,-1,-1,0,-1
2024440165406,2024,440165406,1,9,0,7,7,3,5,0,0,5,0,0,0,0,4,1,6,6,2,35,6,1461,2,13,NISSAN QASHQAI,2,E01032878,0,1
2024201533368,2024,201533368,2,9,0,-1,10,5,2,-1,0,1,0,0,0,0,3,1,-1,6,2,36,7,1598,1,11,NISSAN QASHQAI,-1,-1,0,-1
2024131499906,2024,131499906,2,9,0,-1,2,1,5,-1,0,0,0,0,0,0,4,1,-1,6,2,44,7,1197,1,9,NISSAN QASHQAI,7,E01011512,0,3
2024430502207,2024,430502207,1,9,0,18,19,3,7,0,0,2,0,0,0,0,1,1,6,6,2,62,9,1997,1,11,NISSAN QASHQAI,4,E01016361,0,1
2024440126806,2024,440126806,1,9,0,15,15,3,7,0,0,0,0,0,0,0,3,1,6,6,1,38,7,1332,8,2,NISSAN QASHQAI,10,E01020380,0,4
2024010522171,2024,010522171,1,9,0,5,5,0,1,0,0,6,0,0,0,0,1,1,2,2,1,62,9,1598,1,12,NISSAN QASHQAI,5,E01034480,0,1
2024991478022,2024,991478022,2,9,0,-1,19,3,7,-1,0,0,1,0,0,0,1,1,-1,9,2,41,7,1332,8,2,NISSAN QASHQAI,9,-1,0,4
2024421454159,2024,421454159,2,9,0,-1,19,7,3,-1,0,8,0,0,1,0,4,1,-1,9,2,48,8,1332,8,1,NISSAN QASHQAI,3,E01021291,0,2
2024471507712,2024,471507712,1,9,0,-1,19,5,1,-1,0,0,0,0,0,0,1,1,-1,1,1,23,5,1332,8,0,NISSAN QASHQAI,8,E01024077,0,5
2024101401479,2024,101401479,1,9,0,-1,11,4,8,-1,0,0,0,0,0,0,0,9,-1,6,2,45,7,1332,1,3,NISSAN QASHQAI,2,E01008405,0,2
2024302401705,2024,302401705,1,9,0,-1,19,5,1,-1,0,0,0,0,0,0,3,1,-1,6,1,60,9,1497,8,0,NISSAN QASHQAI,9,E01019853,0,1
2024010525610,2024,010525610,3,9,0,3,3,3,7,0,0,1,0,0,0,0,0,1,2,2,1,50,8,1197,1,7,NISSAN QASHQAI,3,E01001703,0,1
2024141434119,2024,141434119,1,9,0,-1,12,5,1,-1,0,0,0,0,0,0,3,1,-1,2,2,46,8,1598,2,11,NISSAN QASHQAI,2,E01008014,0,1
2024201482769,2024,201482769,2,9,0,-1,19,5,1,-1,0,8,0,0,0,0,1,1,-1,9,1,50,8,1461,2,15,NISSAN QASHQAI,-1,-1,0,-1
2024010509535,2024,010509535,1,9,0,6,6,1,1,0,0,0,0,0,0,0,3,1,6,6,1,49,8,1618,1,9,NISSAN QASHQAI,2,E01001955,0,1
2024010521625,2024,010521625,1,9,0,18,19,5,1,0,0,0,5,4,2,10,4,1,6,6,1,42,7,1197,1,8,NISSAN QASHQAI,3,E01004123,0,1
2024131469960,2024,131469960,2,9,0,-1,19,2,6,-1,0,3,5,0,0,0,3,1,-1,9,2,34,6,1197,1,8,NISSAN QASHQAI,9,E01011397,0,1
2024520001646,2024,520001646,2,9,0,18,19,2,6,0,0,0,0,0,0,0,1,1,6,6,2,-1,-1,1598,2,9,NISSAN QASHQAI,4,E01032087,0,3
2024501432322,2024,501432322,1,9,0,-1,5,2,4,-1,0,1,0,0,0,0,1,9,-1,6,2,43,7,1332,8,1,NISSAN QASHQAI,1,E01015046,0,1
2024531455917,2024,531455917,2,9,0,-1,19,1,1,-1,0,1,0,0,0,0,1,1,-1,9,1,46,8,1461,2,8,NISSAN QASHQAI,9,E01022104,0,1
2024361416656,2024,361416656,1,9,0,-1,9,1,6,-1,0,8,0,0,0,0,1,9,-1,9,1,79,11,1332,1,6,NISSAN QASHQAI,6,E01026462,0,2
2024543881024,2024,543881024,1,9,0,17,19,6,2,0,0,1,0,0,0,0,1,1,6,6,2,48,8,1461,2,11,NISSAN QASHQAI,5,E01015555,0,1
2024401508454,2024,401508454,1,9,0,-1,19,-1,-1,-1,0,6,0,0,0,0,9,9,-1,6,2,42,7,1461,2,9,NISSAN QASHQAI,4,E01015784,0,1
2024421528884,2024,421528884,2,9,0,-1,9,5,1,-1,0,1,1,0,0,0,1,1,-1,9,2,41,7,1598,1,13,NISSAN QASHQAI,9,E01021259,0,2
2024101449040,2024,101449040,1,9,0,-1,5,7,3,-1,0,1,0,0,0,0,-1,1,-1,9,1,77,11,1598,1,11,NISSAN QASHQAI,4,E01008711,0,1
2024471504888,2024,471504888,1,9,0,-1,19,7,3,-1,0,0,0,0,0,0,1,9,-1,6,1,67,10,1598,1,14,NISSAN QASHQAI,5,E01031577,0,1
2024501454885,2024,501454885,1,9,0,-1,4,1,5,-1,0,4,0,0,0,0,2,1,-1,9,1,79,11,1332,8,2,NISSAN QASHQAI,4,E01020140,0,1
2024201491840,2024,201491840,3,9,0,-1,19,1,5,-1,0,0,0,0,0,0,2,1,-1,6,1,55,8,1332,8,0,NISSAN QASHQAI,3,E01010458,0,4
2024320476217,2024,320476217,2,9,0,-1,-1,2,6,0,0,0,0,0,0,0,1,1,-1,-1,1,23,5,1461,2,11,NISSAN QASHQAI,6,E01028175,0,4
2024461428622,2024,461428622,1,9,0,-1,19,4,1,-1,0,1,0,0,0,0,3,1,-1,1,1,22,5,1332,1,4,NISSAN QASHQAI,-1,-1,0,-1
2024430362699,2024,430362699,3,9,0,4,4,8,4,0,0,1,0,0,0,0,2,1,6,6,2,55,8,1461,2,7,NISSAN QASHQAI,6,E01023855,0,4
2024010516451,2024,010516451,1,9,0,4,4,3,7,0,0,0,0,0,0,0,2,2,1,1,2,33,6,1497,8,1,NISSAN QASHQAI,-1,-1,0,-1
2024991412580,2024,991412580,1,9,0,-1,19,8,4,-1,0,0,0,0,0,0,1,1,-1,2,2,61,9,1461,2,9,NISSAN QASHQAI,6,-1,0,1
2024131510473,2024,131510473,2,9,0,-1,19,6,2,-1,0,0,0,0,0,0,3,1,-1,2,2,32,6,1461,2,9,NISSAN QASHQAI,5,E01033695,0,2
2024010499080,2024,010499080,2,9,0,99,99,9,9,99,99,9,9,99,9,99,9,9,6,6,3,-1,-1,1332,1,5,NISSAN QASHQAI,-1,-1,0,-1
2024430377586,2024,430377586,2,9,0,18,19,1,5,0,0,0,0,0,7,0,1,1,6,6,1,61,9,1598,1,16,NISSAN QASHQAI,8,E01017817,0,4
2024421424797,2024,421424797,2,9,0,-1,19,7,3,-1,0,4,0,0,0,0,2,1,-1,6,2,33,6,1197,1,7,NISSAN QASHQAI,9,E01015941,0,1
2024320667231,2024,320667231,1,9,0,7,7,2,4,0,0,6,0,0,0,0,1,1,-1,-1,1,33,6,1198,1,9,NISSAN QASHQAI,4,E01026227,0,1
2024201396225,2024,201396225,1,9,0,-1,7,2,8,-1,0,5,0,0,0,0,1,9,-1,6,1,-1,-1,1332,1,5,NISSAN QASHQAI,-1,-1,0,-1
2024010550366,2024,010550366,2,9,0,99,99,9,9,99,99,9,9,99,9,99,1,9,2,2,2,51,8,1197,1,7,NISSAN QASHQAI,7,E01000981,0,1
2024010533124,2024,010533124,1,9,0,18,19,7,3,0,0,2,0,0,0,0,1,1,6,6,2,52,8,1332,8,0,NISSAN QASHQAI,3,E01034217,0,1
2024440543635,2024,440543635,1,9,0,18,19,6,2,0,0,1,0,0,0,0,1,1,6,6,2,27,6,1332,1,4,NISSAN QASHQAI,4,E01031980,0,3
2024311409541,2024,311409541,2,9,0,-1,2,0,0,-1,0,0,0,0,0,0,1,1,-1,6,3,-1,-1,1461,2,14,NISSAN QASHQAI,-1,-1,0,-1
2024461431214,2024,461431214,1,9,0,-1,4,6,2,-1,0,0,1,0,1,0,1,1,-1,6,1,42,7,1332,8,3,NISSAN QASHQAI,4,E01016074,0,4
2024010512193,2024,010512193,1,9,0,18,19,5,1,0,0,4,5,9,0,0,1,1,2,2,1,55,8,1497,8,1,NISSAN QASHQAI,4,E01002309,0,2
2024010531107,2024,010531107,1,9,0,9,9,5,3,0,0,6,0,0,0,0,1,1,2,2,1,54,8,1497,8,1,NISSAN QASHQAI,4,E01001002,0,1
2024231468169,2024,231468169,2,9,0,-1,4,4,8,-1,0,1,0,0,0,0,0,9,-1,6,2,52,8,1598,1,11,NISSAN QASHQAI,9,E01035024,0,1
2024010520443,2024,010520443,1,9,0,18,19,6,2,0,0,1,0,0,0,0,2,1,6,6,1,59,9,1598,1,17,NISSAN QASHQAI,3,E01002605,0,3
2024010543939,2024,010543939,1,9,0,99,99,9,9,99,99,9,9,99,9,99,9,9,6,6,1,49,8,1461,2,8,NISSAN QASHQAI,3,E01031609,0,4
2024430284197,2024,430284197,2,9,0,3,3,5,1,0,0,1,0,0,0,0,2,1,6,6,2,43,7,1198,1,10,NISSAN QASHQAI,4,E01016765,0,2
2024010521665,2024,010521665,2,9,0,9,9,1,6,0,0,1,0,0,0,0,3,1,6,6,1,76,11,1197,1,8,NISSAN QASHQAI,3,E01002045,0,1
2024411471492,2024,411471492,2,9,0,-1,19,5,1,-1,0,1,0,0,0,0,1,1,-1,9,1,45,7,1461,2,6,NISSAN QASHQAI,6,E01023624,0,1
2024052402847,2024,052402847,1,9,0,9,9,6,5,0,0,8,0,0,0,0,4,1,6,6,2,44,7,1461,2,12,NISSAN QASHQAI,1,E01032508,0,1
2024041434825,2024,041434825,2,9,0,-1,9,3,1,-1,0,4,0,0,0,0,1,1,-1,6,1,75,10,1332,1,5,NISSAN QASHQAI,6,E01025066,0,1
2024010529113,2024,010529113,1,9,0,99,99,9,9,99,99,9,9,99,9,99,9,9,6,6,1,40,7,1198,1,9,NISSAN QASHQAI,8,E01000784,0,4
2024471466555,2024,471466555,2,9,0,-1,5,1,5,-1,4,0,0,0,0,0,1,1,-1,6,1,50,8,1497,8,0,NISSAN QASHQAI,7,E01015977,0,4
2024302400442,2024,302400442,2,9,0,18,19,1,5,0,0,0,0,0,0,0,1,1,1,1,1,22,5,1461,2,8,NISSAN QASHQAI,5,E01019669,0,1
2024010541146,2024,010541146,1,9,0,99,99,9,9,99,99,0,9,99,9,99,2,9,2,2,2,61,9,1332,8,3,NISSAN QASHQAI,8,E01002340,0,1
2024010504964,2024,010504964,1,9,0,5,5,3,7,0,0,4,0,0,0,0,1,1,6,6,1,34,6,1197,1,7,NISSAN QASHQAI,2,E01001196,0,2
2024501430356,2024,501430356,1,9,0,-1,19,7,3,-1,0,0,0,0,0,0,1,9,-1,6,2,28,6,1598,1,15,NISSAN QASHQAI,3,E01019070,0,3
2024201547790,2024,201547790,2,9,0,-1,9,2,8,-1,0,6,0,0,0,0,1,9,-1,2,1,43,7,1197,1,6,NISSAN QASHQAI,10,E01032145,0,2
2024302500281,2024,302500281,1,9,0,-1,19,5,8,-1,0,0,2,0,1,10,4,1,-1,2,2,46,8,1461,2,9,NISSAN QASHQAI,2,E01019579,0,1
2024501501728,2024,501501728,3,9,0,-1,19,6,2,-1,0,0,0,0,0,0,3,1,-1,9,1,60,9,1618,1,6,NISSAN QASHQAI,5,E01033289,0,3
2024061438202,2024,061438202,2,9,0,-1,10,4,2,-1,0,1,0,0,0,0,2,1,-1,9,2,29,6,1332,1,4,NISSAN QASHQAI,10,E01004951,0,3
2024430343783,2024,430343783,1,9,0,18,19,8,4,0,0,1,0,0,0,0,2,1,6,6,2,47,8,1461,2,5,NISSAN QASHQAI,-1,-1,0,-1
2024070988515,2024,070988515,1,9,0,-1,13,5,1,-1,0,8,1,0,0,0,4,1,-1,9,1,67,10,1497,8,1,NISSAN QASHQAI,1,E01018519,0,1
2024010509031,2024,010509031,1,9,0,16,19,2,6,0,0,1,0,0,0,0,1,1,6,6,2,26,6,1332,8,0,NISSAN QASHQAI,5,E01001974,0,1
2024451459751,2024,451459751,1,9,0,-1,3,3,7,-1,0,1,0,0,0,0,3,1,-1,9,2,32,6,1598,1,17,NISSAN QASHQAI,4,E01030609,0,1
2024361429040,2024,361429040,1,9,0,-1,19,4,8,-1,0,0,0,0,7,4,1,1,-1,9,1,72,10,1598,1,13,NISSAN QASHQAI,5,E01026729,0,1
2024501478485,2024,501478485,2,9,0,-1,2,0,0,-1,0,0,0,0,0,0,3,1,-1,6,2,33,6,1461,2,13,NISSAN QASHQAI,2,E01020111,0,1
2024311533432,2024,311533432,1,9,0,-1,19,5,1,-1,0,0,5,0,0,0,1,1,-1,6,2,40,7,1461,2,14,NISSAN QASHQAI,-1,-1,0,-1
2024010549606,2024,010549606,2,9,0,99,99,9,9,99,99,9,9,99,9,99,9,9,6,6,3,-1,-1,1598,1,10,NISSAN QASHQAI,3,E01000992,0,3
2024010492920,2024,010492920,1,9,5,18,19,5,1,0,0,2,0,0,0,0,2,1,6,6,1,71,10,1461,2,5,NISSAN QASHQAI,-1,-1,0,-1
2024201484685,2024,201484685,2,9,0,-1,19,8,4,-1,0,0,0,0,0,0,1,1,-1,6,1,31,6,1461,2,8,NISSAN QASHQAI,1,E01009364,0,1
2024991525709,2024,991525709,3,9,0,-1,19,3,7,-1,0,0,0,0,0,0,1,1,-1,6,1,59,9,1332,8,2,NISSAN QASHQAI,5,-1,0,1
2024320269388,2024,320269388,2,9,0,9,9,1,2,0,0,5,0,0,0,0,3,1,-1,-1,2,37,7,1994,2,15,NISSAN QASHQAI,2,E01026050,0,2
2024522403012,2024,522403012,2,9,0,17,19,7,4,0,0,8,0,0,0,0,4,1,6,6,1,79,11,1197,1,7,NISSAN QASHQAI,9,E01014871,0,1
2024061408217,2024,061408217,2,9,0,-1,19,8,3,-1,0,2,0,0,0,0,1,1,-1,6,1,61,9,1497,8,0,NISSAN QASHQAI,6,E01005863,0,1
2024101419829,2024,101419829,2,9,0,-1,19,5,1,-1,0,8,0,0,0,0,4,1,-1,9,1,64,9,1461,2,9,NISSAN QASHQAI,2,E01008692,0,1
2024991396377,2024,991396377,2,9,0,-1,19,4,8,-1,0,0,0,0,0,0,3,1,-1,2,1,66,10,1197,1,6,NISSAN QASHQAI,1,-1,0,2
2024332400552,2024,332400552,2,9,0,-1,19,4,8,-1,0,8,0,0,1,2,1,1,-1,9,2,64,9,1461,2,10,NISSAN QASHQAI,4,E01025742,0,2
2024201532611,2024,201532611,4,9,0,-1,2,0,0,-1,0,8,0,0,0,0,3,1,-1,6,-1,-1,-1,1461,2,9,NISSAN QASHQAI,-1,-1,0,-1
2024010536336,2024,010536336,1,9,0,9,9,7,5,0,0,8,0,0,0,0,1,1,3,7,2,41,7,1598,1,11,NISSAN QASHQAI,2,E01003313,0,1
2024052400789,2024,052400789,1,9,0,18,19,8,4,0,0,1,0,0,0,0,4,1,6,6,2,42,7,1497,8,1,NISSAN QASHQAI,1,E01006440,0,1
2024501514242,2024,501514242,1,9,0,-1,9,5,3,-1,0,1,0,0,0,0,2,1,-1,9,2,42,7,1461,2,14,NISSAN QASHQAI,8,E01020156,0,1
2024010548108,2024,010548108,1,9,0,99,99,9,9,99,99,9,9,99,9,99,9,9,6,6,1,57,9,1618,1,6,NISSAN QASHQAI,2,E01001128,0,2
2024401457246,2024,401457246,2,9,0,-1,4,6,2,-1,0,0,0,0,0,0,2,1,-1,2,2,45,7,1461,2,15,NISSAN QASHQAI,6,E01017508,0,1
2024010504030,2024,010504030,1,9,0,9,9,1,7,0,0,6,0,0,0,0,1,1,2,2,2,45,7,1332,1,3,NISSAN QASHQAI,3,E01035495,0,2
2024131455616,2024,131455616,2,9,0,-1,19,3,7,-1,0,0,1,0,7,0,4,1,-1,6,2,63,9,1497,8,0,NISSAN QASHQAI,4,E01006058,0,2
2024010546256,2024,010546256,2,9,0,99,99,9,9,99,99,0,9,99,9,99,1,9,6,6,3,-1,-1,1598,1,12,NISSAN QASHQAI,-1,-1,0,-1
2024070635955,2024,070635955,2,9,0,18,19,8,4,9,9,2,5,10,1,10,4,1,6,6,1,66,10,1332,8,3,NISSAN QASHQAI,8,E01006684,0,4
2024201453476,2024,201453476,2,9,0,-1,19,5,1,-1,0,6,0,0,0,0,3,1,-1,9,1,53,8,1598,1,16,NISSAN QASHQAI,1,E01034935,0,1
2024061520501,2024,061520501,2,9,0,-1,19,6,2,-1,0,8,0,0,0,0,3,1,-1,9,2,30,6,1461,2,7,NISSAN QASHQAI,1,E01006241,0,1
2024141535689,2024,141535689,1,9,0,-1,19,7,3,-1,0,1,0,0,0,0,1,1,-1,9,1,55,8,1461,2,5,NISSAN QASHQAI,2,E01007906,0,1
2024531529191,2024,531529191,2,9,0,-1,19,5,1,-1,0,8,0,0,0,0,4,1,-1,9,2,66,10,1197,1,7,NISSAN QASHQAI,9,E01022432,0,1
2024010506185,2024,010506185,2,9,0,99,99,9,9,99,99,0,9,99,9,99,1,9,6,6,3,-1,-1,1332,1,3,NISSAN QASHQAI,-1,-1,0,-1
2024451470477,2024,451470477,2,9,0,-1,19,8,4,-1,0,0,0,0,0,0,2,1,-1,9,1,24,5,1497,8,0,NISSAN QASHQAI,5,E01024383,0,4