collision_index,collision_year,collision_ref_no,vehicle_reference,vehicle_type,towing_and_articulation,vehicle_manoeuvre_historic,vehicle_manoeuvre,vehicle_direction_from,vehicle_direction_to,vehicle_location_restricted_lane_historic,vehicle_location_restricted_lane,junction_location,skidding_and_overturning,hit_object_in_carriageway,vehicle_leaving_carriageway,hit_object_off_carriageway,first_point_of_impact,vehicle_left_hand_drive,journey_purpose_of_driver_historic,journey_purpose_of_driver,sex_of_driver,age_of_driver,age_band_of_driver,engine_capacity_cc,propulsion_code,age_of_vehicle,generic_make_model,driver_imd_decile,lsoa_of_driver,escooter_flag,driver_distance_banding
2024311502452,2024,311502452,1,9,0,-1,4,6,2,-1,0,8,0,0,0,0,1,1,-1,6,1,55,8,1461,2,14,NISSAN QASHQAI,-1,-1,0,-1
2024131516398,2024,131516398,1,9,0,-1,19,5,1,-1,0,8,0,0,0,0,4,1,-1,6,2,78,11,1461,2,12,NISSAN QASHQAI,8,E01011767,0,1
2024211505426,2024,211505426,2,2,0,-1,19,7,3,-1,0,1,0,0,0,0,1,1,-1,6,1,16,4,49,1,0,MAKE AND MODEL REDACTED,-1,-1,0,-1
2024421482142,2024,421482142,2,5,0,-1,3,1,5,-1,0,4,0,0,0,0,2,1,-1,9,1,61,9,349,1,0,MAKE AND MODEL REDACTED,3,E01000032,0,3
2024361439136,2024,361439136,2,4,0,-1,8,1,3,-1,0,6,0,0,0,0,2,1,-1,9,1,64,9,349,1,1,MAKE AND MODEL REDACTED,6,E01026773,0,4
2024361502804,2024,361502804,1,4,0,-1,19,7,3,-1,0,0,0,0,1,0,1,1,-1,9,1,77,11,349,1,0,MAKE AND MODEL REDACTED,1,E01026622,0,2
2024361494118,2024,361494118,2,4,0,-1,14,-1,-1,-1,0,1,0,0,0,0,3,1,-1,2,1,49,8,349,1,2,MAKE AND MODEL REDACTED,4,E01026474,0,1
2024041427273,2024,041427273,1,4,0,-1,19,3,7,-1,0,0,0,0,0,0,1,1,-1,9,1,82,11,249,1,27,MAKE AND MODEL REDACTED,9,E01025484,0,3
2024361427500,2024,361427500,1,3,0,-1,4,4,8,-1,0,0,1,0,0,0,0,1,-1,1,2,27,6,125,1,3,SYM FIDDLE,5,E01026442,0,1
2024440070441,2024,440070441,1,2,0,4,4,8,4,0,0,1,1,0,0,0,4,1,6,6,2,16,4,49,1,1,SYM FIDDLE,8,E01020352,0,3
2024332400906,2024,332400906,1,3,0,-1,19,3,7,-1,0,6,1,0,0,0,1,1,-1,1,1,34,6,125,1,13,SYM FIDDLE,8,E01032599,0,1
2024421495105,2024,421495105,2,3,0,-1,-1,-1,-1,-1,-1,-1,-1,-1,-1,0,-1,1,-1,2,1,24,5,125,1,2,SYM FIDDLE,10,E01034084,0,1
2024461467825,2024,461467825,1,3,0,-1,19,7,3,-1,0,1,0,0,9,0,1,1,-1,6,3,-1,-1,125,1,3,SYM FIDDLE,-1,-1,0,-1
2024031529887,2024,031529887,1,3,0,-1,19,1,1,-1,1,8,0,0,0,0,1,1,-1,9,1,64,9,125,1,3,SYM FIDDLE,6,E01019180,0,1
2024052400748,2024,052400748,2,2,0,18,19,5,1,0,0,2,0,0,0,0,3,1,2,2,1,27,6,125,1,1,SYM FIDDLE,1,E01006692,0,2
2024131400734,2024,131400734,1,3,0,-1,4,8,4,-1,0,1,0,0,0,0,1,1,-1,2,1,20,4,125,1,10,SYM FIDDLE,2,E01032492,0,1
2024501491303,2024,501491303,1,3,0,-1,19,5,1,-1,99,0,9,99,7,99,3,1,-1,2,1,17,4,125,1,3,SYM FIDDLE,2,E01018854,0,2
2024461517695,2024,461517695,1,3,0,-1,4,1,3,-1,0,8,5,0,0,0,0,1,-1,6,2,20,4,125,1,2,SYM FIDDLE,5,E01024588,0,1
2024501489764,2024,501489764,1,3,0,-1,7,5,1,-1,0,3,1,0,0,0,3,1,-1,9,1,19,4,125,1,10,SYM FIDDLE,7,E01018789,0,2
2024101480816,2024,101480816,1,3,0,-1,4,7,3,-1,0,1,0,0,0,0,3,1,-1,9,1,69,10,125,1,3,SYM FIDDLE,8,E01008235,0,1
2024440484326,2024,440484326,1,3,0,18,19,1,5,0,0,1,1,0,0,0,4,1,1,1,1,36,7,125,1,3,SYM FIDDLE,-1,-1,0,-1
2024440375005,2024,440375005,1,3,0,18,19,6,2,0,0,8,0,0,0,0,4,1,6,6,1,18,4,125,1,10,SYM FIDDLE,2,E01017116,0,2
2024461442966,2024,461442966,2,4,0,-1,9,5,2,-1,0,8,0,0,0,0,4,1,-1,6,2,58,9,125,1,6,SYM FIDDLE,4,E01024776,0,1
2024371455843,2024,371455843,2,3,0,-1,19,1,5,-1,0,1,0,0,0,0,1,1,-1,6,1,28,6,125,1,7,SYM FIDDLE,5,E01030053,0,1
2024122400313,2024,122400313,1,3,0,18,19,1,5,0,0,0,0,0,1,9,0,1,6,6,1,27,6,125,1,11,SYM FIDDLE,7,E01013022,0,2
2024122400535,2024,122400535,1,5,0,18,19,6,2,0,0,1,0,0,0,0,1,1,6,6,1,54,8,1050,1,17,TRIUMPH SPEED TRIPLE,10,E01013355,0,4
2024361538565,2024,361538565,1,5,0,-1,19,7,3,-1,0,1,0,0,0,0,1,1,-1,9,1,62,9,1050,1,14,TRIUMPH SPEED TRIPLE,10,E01035149,0,3
2024991448772,2024,991448772,2,5,0,-1,19,2,6,-1,0,1,0,0,1,9,1,1,-1,9,1,39,7,1050,1,14,TRIUMPH SPEED TRIPLE,4,-1,0,1
2024061450507,2024,061450507,1,5,0,-1,19,3,1,-1,0,1,0,0,0,0,1,1,-1,9,1,49,8,1050,1,8,TRIUMPH SPEED TRIPLE,8,E01019748,0,2
2024122500193,2024,122500193,2,4,0,4,4,5,1,0,0,0,0,0,0,0,4,1,6,6,1,39,7,1160,1,1,TRIUMPH SPEED TRIPLE,10,E01013436,0,1
2024010550581,2024,010550581,2,5,0,18,19,5,1,0,0,1,5,0,0,0,1,1,6,6,1,53,8,1050,1,7,TRIUMPH SPEED TRIPLE,-1,-1,0,-1
2024430109193,2024,430109193,1,5,0,18,19,5,1,0,0,0,0,0,0,0,3,1,2,2,1,44,7,1050,1,14,TRIUMPH SPEED TRIPLE,7,E01033853,0,1
2024320492970,2024,320492970,1,5,0,-1,-1,6,4,0,0,8,1,0,1,9,1,1,-1,-1,1,55,8,1050,1,6,TRIUMPH SPEED TRIPLE,3,E01026248,0,4
2024411524226,2024,411524226,2,5,0,-1,19,2,6,-1,0,2,0,0,0,0,4,1,-1,6,1,62,9,1160,1,1,TRIUMPH SPEED TRIPLE,10,E01023693,0,1
2024432406215,2024,432406215,2,4,0,18,19,-1,-1,0,0,3,-1,0,0,0,0,1,6,6,1,36,7,955,1,20,TRIUMPH SPEED TRIPLE,4,E01016772,0,1
2024461457749,2024,461457749,1,5,0,-1,19,5,1,-1,0,0,2,0,0,0,1,1,-1,6,1,40,7,1050,1,14,TRIUMPH SPEED TRIPLE,2,E01016136,0,3
2024161471763,2024,161471763,1,5,0,-1,19,2,6,-1,0,1,0,0,0,0,1,1,-1,2,1,62,9,1050,1,15,TRIUMPH SPEED TRIPLE,7,E01013185,0,3
2024010518238,2024,010518238,1,5,0,99,99,9,9,0,0,0,9,99,9,99,1,1,6,6,1,35,6,1050,1,12,TRIUMPH SPEED TRIPLE,2,E01033146,0,4
2024122401219,2024,122401219,1,5,0,17,19,7,3,0,0,0,0,0,0,0,4,1,6,6,1,65,9,1050,1,13,TRIUMPH SPEED TRIPLE,3,E01012119,0,4
2024361500100,2024,361500100,2,5,0,-1,19,5,1,-1,0,1,1,0,0,0,1,1,-1,6,1,65,9,1160,1,0,TRIUMPH SPEED TRIPLE,6,E01034771,0,2
2024320326035,2024,320326035,1,5,0,-1,-1,2,6,0,0,1,2,0,1,4,1,1,6,6,1,64,9,1050,1,19,TRIUMPH SPEED TRIPLE,-1,-1,0,-1
2024552400772,2024,552400772,1,5,0,18,19,3,7,0,0,0,1,0,0,0,0,1,6,6,1,34,6,1050,1,17,TRIUMPH SPEED TRIPLE,7,E01020475,0,1
2024122400393,2024,122400393,1,5,0,18,19,1,5,0,0,0,1,0,0,0,1,1,6,6,1,60,9,955,1,21,TRIUMPH SPEED TRIPLE,8,E01013348,0,1
2024231431092,2024,231431092,2,5,0,-1,3,8,4,-1,0,1,1,0,0,0,2,1,-1,6,1,41,7,1160,1,1,TRIUMPH SPEED TRIPLE,6,E01009523,0,3
2024041451380,2024,041451380,1,5,0,-1,19,3,7,-1,0,0,0,0,7,0,1,1,-1,6,1,48,8,1050,1,19,TRIUMPH SPEED TRIPLE,3,W01000199,0,4
2024351427577,2024,351427577,2,5,0,-1,13,3,7,-1,0,1,0,0,7,0,1,1,-1,6,1,38,7,1160,1,1,TRIUMPH SPEED TRIPLE,7,E01018065,0,3
2024101511983,2024,101511983,1,5,0,-1,4,7,3,-1,0,0,0,0,0,0,3,1,-1,9,1,51,8,1050,1,5,TRIUMPH SPEED TRIPLE,2,E01020689,0,4
2024631458802,2024,631458802,1,5,0,-1,19,1,5,-1,0,0,1,12,0,0,1,1,-1,9,1,35,6,1160,1,3,TRIUMPH SPEED TRIPLE,3,W01001004,0,4
2024052402529,2024,052402529,1,5,0,18,19,3,7,0,0,8,0,0,0,0,1,1,6,6,1,27,6,1050,1,19,TRIUMPH SPEED TRIPLE,1,E01006478,0,2
2024461464753,2024,461464753,2,5,0,-1,19,2,6,-1,0,1,0,0,0,0,1,1,-1,1,1,28,6,1050,1,15,TRIUMPH SPEED TRIPLE,7,E01024798,0,1
2024440266283,2024,440266283,2,5,0,13,13,8,4,0,0,1,0,0,0,0,1,1,6,6,1,57,9,1050,1,11,TRIUMPH SPEED TRIPLE,7,E01017316,0,3
2024221437548,2024,221437548,1,5,0,-1,19,3,7,-1,0,1,0,0,0,0,1,1,-1,9,1,52,8,1050,1,10,TRIUMPH SPEED TRIPLE,3,E01009772,0,3
2024122400298,2024,122400298,1,5,0,9,9,7,3,0,0,2,0,0,0,0,0,1,6,6,1,32,6,1050,1,13,TRIUMPH SPEED TRIPLE,1,E01032543,0,4
2024201517228,2024,201517228,2,5,0,-1,19,5,1,-1,0,8,0,0,0,0,1,1,-1,6,1,47,8,1050,1,3,TRIUMPH SPEED TRIPLE,8,E01019872,0,4
2024461470057,2024,461470057,2,5,0,-1,19,3,7,-1,0,1,5,0,0,0,1,1,-1,9,1,58,9,1050,1,6,TRIUMPH SPEED TRIPLE,5,E01024110,0,2
2024461448638,2024,461448638,2,5,0,-1,5,5,2,-1,0,3,0,0,0,0,2,1,-1,6,1,45,7,1050,1,13,TRIUMPH SPEED TRIPLE,3,E01034139,0,4
2024010547803,2024,010547803,2,5,0,18,19,1,5,0,0,1,0,0,0,0,1,1,6,6,1,47,8,1050,1,4,TRIUMPH SPEED TRIPLE,7,E01001598,0,2
2024501440063,2024,501440063,2,5,0,-1,19,1,5,-1,0,0,0,0,0,0,1,1,-1,2,1,25,5,1050,1,14,TRIUMPH SPEED TRIPLE,6,E01015200,0,2
2024461520967,2024,461520967,2,5,0,-1,19,5,1,-1,0,0,0,11,0,0,1,1,-1,6,1,24,5,1050,1,16,TRIUMPH SPEED TRIPLE,3,E01024384,0,2
2024531404887,2024,531404887,2,5,0,-1,19,6,2,-1,0,1,0,0,2,0,1,1,-1,2,1,40,7,1050,1,12,TRIUMPH SPEED TRIPLE,4,E01022326,0,1
2024302401137,2024,302401137,2,5,0,18,19,1,5,0,0,8,0,0,0,0,1,1,6,6,1,56,9,1160,1,1,TRIUMPH SPEED TRIPLE,6,E01019585,0,3
2024461449673,2024,461449673,2,5,0,-1,19,1,3,-1,0,0,0,0,0,0,1,1,-1,2,1,47,8,1050,1,13,TRIUMPH SPEED TRIPLE,8,E01024434,0,1
2024430219181,2024,430219181,1,5,0,16,19,5,8,0,0,0,1,0,0,0,0,1,6,6,1,36,7,1050,1,14,TRIUMPH SPEED TRIPLE,10,E01032956,0,4
2024122400642,2024,122400642,2,5,0,18,19,8,4,0,0,8,1,0,7,0,4,1,6,6,1,71,10,1050,1,4,TRIUMPH SPEED TRIPLE,8,W01002038,0,5
2024361452001,2024,361452001,2,5,0,-1,4,7,3,-1,0,0,0,0,0,0,2,1,-1,9,1,57,9,955,1,25,TRIUMPH SPEED TRIPLE,5,E01026419,0,2
2024461423807,2024,461423807,1,5,0,-1,19,6,5,-1,0,1,0,0,1,0,1,1,-1,6,1,27,6,1050,1,8,TRIUMPH SPEED TRIPLE,8,E01024542,0,4
2024010537852,2024,010537852,1,5,0,-1,-1,5,1,0,0,1,0,0,0,0,1,1,2,2,1,41,7,1050,1,8,TRIUMPH SPEED TRIPLE,-1,-1,0,-1
2024161470145,2024,161470145,1,5,0,-1,19,3,7,-1,0,0,0,0,0,0,1,1,-1,9,1,64,9,1050,1,15,TRIUMPH SPEED TRIPLE,8,E01011848,0,4
2024161453699,2024,161453699,1,5,0,-1,19,1,5,-1,0,0,2,0,7,0,1,1,-1,2,1,43,7,1050,1,6,TRIUMPH SPEED TRIPLE,10,E01013111,0,2
2024501452263,2024,501452263,1,5,0,-1,19,8,6,-1,0,0,1,0,0,0,1,1,-1,9,1,37,7,1160,1,2,TRIUMPH SPEED TRIPLE,8,E01016549,0,5
2024010533419,2024,010533419,1,3,0,12,12,5,1,0,0,1,0,0,0,0,1,1,6,6,1,26,6,1050,1,15,TRIUMPH SPEED TRIPLE,2,E01001263,0,2
2024302400769,2024,302400769,1,5,0,18,19,6,2,0,0,8,0,0,0,0,1,1,6,6,1,33,6,1160,1,3,TRIUMPH SPEED TRIPLE,1,E01005252,0,4
202417M113324,2024,17M113324,1,9,0,-1,7,5,7,-1,0,2,0,0,0,0,2,1,-1,6,1,45,7,1229,1,15,VAUXHALL CORSA,4,E01012052,0,1
2024430181290,2024,430181290,1,9,0,14,14,6,2,0,0,0,0,0,0,0,1,1,6,6,2,46,8,1398,1,10,VAUXHALL CORSA,8,E01033514,0,4
2024010541359,2024,010541359,1,9,0,18,19,1,5,0,0,8,0,0,0,0,1,1,6,6,2,38,7,1229,1,11,VAUXHALL CORSA,4,E01001435,0,1
2024501514342,2024,501514342,1,9,0,-1,19,7,3,-1,0,0,0,0,0,0,4,1,-1,7,2,51,8,1398,1,8,VAUXHALL CORSA,6,E01018917,0,1
2024531508024,2024,531508024,1,9,0,-1,19,3,7,-1,0,0,5,0,2,0,1,1,-1,2,2,20,4,998,1,13,VAUXHALL CORSA,8,E01015498,0,4
2024211466597,2024,211466597,1,9,0,-1,19,8,4,-1,0,0,1,0,0,0,1,1,-1,9,1,24,5,1229,1,14,VAUXHALL CORSA,4,E01029567,0,2
2024401435121,2024,401435121,2,8,0,-1,10,5,3,-1,0,1,0,0,0,0,3,1,-1,6,2,27,6,1398,1,12,VAUXHALL CORSA,8,E01017488,0,1
2024430452814,2024,430452814,2,9,0,3,3,8,4,0,0,0,0,0,0,0,2,1,6,6,2,25,5,1398,1,8,VAUXHALL CORSA,4,E01029134,0,5
2024340WN6392,2024,340WN6392,1,9,0,-1,9,5,3,-1,0,8,0,0,0,0,1,1,-1,6,3,-1,-1,1229,1,13,VAUXHALL CORSA,-1,-1,0,-1
2024161442867,2024,161442867,1,9,0,-1,19,5,1,-1,0,3,0,0,0,0,1,1,-1,6,2,31,6,1229,1,14,VAUXHALL CORSA,1,E01012892,0,1
2024111393690,2024,111393690,1,9,0,-1,19,7,3,-1,9,2,0,0,0,0,1,1,-1,9,1,18,4,1398,1,12,VAUXHALL CORSA,5,E01033161,0,1
2024471452743,2024,471452743,1,9,0,-1,19,5,1,-1,0,1,0,0,1,1,1,1,-1,9,1,19,4,1229,1,17,VAUXHALL CORSA,2,E01031555,0,1
2024231479059,2024,231479059,2,9,0,-1,9,2,8,-1,0,5,0,0,0,0,3,1,-1,9,2,19,4,1229,1,16,VAUXHALL CORSA,3,E01009621,0,2
2024221457869,2024,221457869,1,9,0,-1,19,8,5,-1,0,0,5,0,1,0,4,1,-1,9,1,18,4,1364,1,15,VAUXHALL CORSA,2,E01028962,0,1
2024201523549,2024,201523549,1,9,0,-1,7,1,5,-1,0,1,0,0,0,0,1,1,-1,6,2,30,6,1248,2,8,VAUXHALL CORSA,-1,-1,0,-1
2024440071112,2024,440071112,1,9,0,9,9,1,7,0,0,8,0,0,0,0,1,1,6,6,1,18,4,1229,1,17,VAUXHALL CORSA,5,E01017043,0,1
2024041441934,2024,041441934,2,9,0,-1,19,3,7,-1,0,0,0,0,0,0,3,1,-1,9,1,17,4,1398,1,10,VAUXHALL CORSA,4,E01025035,0,2
2024430359968,2024,430359968,1,9,0,9,9,6,4,0,0,8,0,0,0,0,4,1,6,6,2,80,11,1398,1,11,VAUXHALL CORSA,4,E01021831,0,4
2024421535742,2024,421535742,2,9,0,-1,9,1,7,-1,0,8,0,0,0,0,3,1,-1,9,2,25,5,1398,1,12,VAUXHALL CORSA,2,E01021354,0,1
2024522401161,2024,522401161,1,9,0,18,19,4,8,9,9,0,0,10,7,2,1,1,6,6,1,51,8,1398,1,6,VAUXHALL CORSA,9,E01014899,0,1
2024461529079,2024,461529079,2,9,0,-1,-1,-1,-1,-1,-1,-1,-1,-1,-1,0,-1,9,-1,6,2,-1,-1,1398,1,7,VAUXHALL CORSA,3,E01004041,0,4
2024010507876,2024,010507876,2,9,0,99,99,9,9,99,99,0,9,99,9,99,9,9,6,6,1,52,8,1398,1,8,VAUXHALL CORSA,8,E01000269,0,2
2024461450752,2024,461450752,2,9,0,-1,9,1,7,-1,0,8,0,0,0,0,3,1,-1,9,1,37,7,1229,1,13,VAUXHALL CORSA,6,E01004021,0,4
2024351482330,2024,351482330,1,9,0,-1,19,5,1,-1,0,1,0,0,0,0,3,1,-1,6,1,62,9,1199,1,20,VAUXHALL CORSA,6,E01018169,0,1
2024991420431,2024,991420431,2,9,0,-1,7,2,8,-1,0,6,0,0,0,0,1,1,-1,6,1,30,6,1229,1,11,VAUXHALL CORSA,4,-1,0,2
2024201407579,2024,201407579,2,9,-1,-1,3,5,1,-1,0,1,0,0,0,0,1,9,-1,9,2,40,7,1229,1,15,VAUXHALL CORSA,2,E01010449,0,1
2024351421912,2024,351421912,1,9,0,-1,19,1,7,-1,0,2,0,0,0,0,1,1,-1,9,1,45,7,1398,1,13,VAUXHALL CORSA,2,E01015656,0,2
2024070045666,2024,070045666,1,9,0,2,2,4,8,9,9,0,0,0,1,11,2,1,6,6,2,33,6,1248,2,14,VAUXHALL CORSA,3,E01018710,0,1
2024451422251,2024,451422251,1,9,0,-1,7,3,7,-1,0,8,1,0,4,0,4,1,-1,1,2,50,8,1229,1,19,VAUXHALL CORSA,5,E01016494,0,4
2024061529300,2024,061529300,1,9,0,-1,7,-1,-1,-1,0,3,0,0,0,0,1,1,-1,6,1,23,5,1398,1,6,VAUXHALL CORSA,7,E01005530,0,1
2024010532437,2024,010532437,1,9,0,7,7,2,4,0,0,4,0,0,0,0,1,1,6,6,1,34,6,1364,1,8,VAUXHALL CORSA,4,E01002650,0,1
2024351499545,2024,351499545,1,9,0,-1,19,5,1,-1,0,0,0,0,1,4,1,1,-1,9,2,19,4,998,1,11,VAUXHALL CORSA,5,E01017951,0,3
2024101401105,2024,101401105,2,9,0,-1,4,3,3,-1,0,0,0,0,0,0,0,1,-1,2,2,35,6,1398,1,10,VAUXHALL CORSA,1,E01008712,0,2
2024071084505,2024,071084505,1,9,0,-1,19,1,5,-1,0,2,1,0,3,4,1,1,-1,9,1,20,4,1199,1,4,VAUXHALL CORSA,3,E01018464,0,2
2024471451194,2024,471451194,2,9,0,-1,3,1,5,-1,0,1,0,0,0,0,2,1,-1,6,2,44,7,1398,1,5,VAUXHALL CORSA,7,E01032831,0,1
2024131515097,2024,131515097,2,9,0,-1,9,7,5,-1,0,8,0,0,0,0,1,1,-1,7,1,30,6,1398,1,14,VAUXHALL CORSA,5,E01010939,0,1
2024340NN0522,2024,340NN0522,2,9,0,-1,19,2,6,-1,0,8,1,0,0,0,4,1,-1,1,2,24,5,1199,1,24,VAUXHALL CORSA,8,E01015805,0,4
2024211451364,2024,211451364,1,9,0,-1,9,1,5,-1,0,3,1,10,1,9,4,1,-1,9,2,30,6,1229,1,17,VAUXHALL CORSA,3,E01029408,0,3
2024622400330,2024,622400330,1,9,0,1,1,4,8,0,0,0,0,4,0,0,2,1,6,6,2,79,11,1398,1,7,VAUXHALL CORSA,2,W01000960,0,1
2024622400608,2024,622400608,1,9,0,18,19,8,4,0,0,0,0,0,0,0,1,1,6,6,1,20,4,1199,1,2,VAUXHALL CORSA,1,W01001202,0,2
2024361484143,2024,361484143,1,9,0,-1,9,3,1,-1,0,1,0,0,0,0,1,1,-1,9,2,82,11,1229,1,13,VAUXHALL CORSA,7,E01026436,0,3
2024440039226,2024,440039226,2,9,0,4,4,8,4,0,0,1,0,0,0,0,2,1,6,6,1,21,5,1229,1,9,VAUXHALL CORSA,-1,-1,0,-1
2024201396736,2024,201396736,1,9,0,-1,19,8,2,-1,0,4,0,0,0,0,1,1,-1,6,1,47,8,1229,1,8,VAUXHALL CORSA,3,E01008945,0,1
2024451442311,2024,451442311,1,9,0,-1,19,6,8,-1,0,0,0,0,0,0,1,1,-1,2,1,28,6,1398,1,12,VAUXHALL CORSA,6,E01030957,0,2
2024991431987,2024,991431987,1,9,0,-1,19,5,2,-1,0,6,0,0,0,0,1,1,-1,6,2,21,5,1229,1,14,VAUXHALL CORSA,1,-1,0,1
2024520403187,2024,520403187,1,9,0,18,19,6,2,0,0,1,5,10,7,10,1,1,6,6,1,26,6,1598,1,15,VAUXHALL CORSA,4,E01035130,0,1
2024131477769,2024,131477769,2,9,0,-1,10,6,5,-1,0,0,0,0,0,0,1,1,-1,6,1,51,8,1389,1,19,VAUXHALL CORSA,5,E01035047,0,1
2024461501934,2024,461501934,1,9,0,-1,19,1,5,-1,0,0,0,0,0,0,1,9,-1,9,2,27,6,-1,3,3,VAUXHALL CORSA,8,E01024105,0,2
2024231480389,2024,231480389,2,9,0,-1,19,6,2,-1,0,0,0,0,0,0,1,1,-1,9,2,27,6,1248,2,14,VAUXHALL CORSA,8,E01011210,0,5
2024201455643,2024,201455643,2,9,0,-1,19,2,6,-1,0,3,0,0,0,0,3,1,-1,6,1,35,6,1229,1,11,VAUXHALL CORSA,-1,-1,0,-1
2024542435724,2024,542435724,1,9,0,5,5,8,4,0,0,4,0,0,0,0,1,1,2,2,1,63,9,1199,1,5,VAUXHALL CORSA,10,E01032700,0,1
2024161438948,2024,161438948,1,9,0,-1,19,7,3,-1,0,0,1,0,0,0,1,1,-1,9,2,34,6,1398,1,10,VAUXHALL CORSA,1,E01012858,0,1
2024201497575,2024,201497575,1,9,0,-1,5,4,7,-1,0,5,0,0,0,0,1,1,-1,9,2,78,11,1229,1,13,VAUXHALL CORSA,-1,-1,0,-1
2024201479568,2024,201479568,1,9,0,-1,19,4,8,-1,0,0,0,0,0,0,3,9,-1,1,2,32,6,1398,1,5,VAUXHALL CORSA,-1,-1,0,-1
2024161473833,2024,161473833,1,9,0,-1,13,3,7,-1,0,1,1,0,7,4,1,9,-1,6,1,31,6,1199,1,0,VAUXHALL CORSA,-1,-1,0,-1
2024201456113,2024,201456113,1,9,0,-1,19,8,4,-1,0,3,0,0,0,0,1,9,-1,6,2,36,7,1229,1,10,VAUXHALL CORSA,2,E01010476,0,1
2024401472270,2024,401472270,1,9,0,-1,4,2,1,-1,0,4,0,0,0,0,1,1,-1,6,1,30,6,1398,1,14,VAUXHALL CORSA,2,E01015735,0,1
2024161403357,2024,161403357,1,9,0,-1,19,1,5,-1,0,2,0,0,0,0,1,1,-1,9,2,47,8,973,1,21,VAUXHALL CORSA,-1,-1,0,-1
2024401408746,2024,401408746,2,9,-1,-1,-1,-1,-1,-1,-1,-1,-1,-1,-1,0,4,9,-1,9,1,33,6,1398,1,9,VAUXHALL CORSA,5,E01015768,0,1
2024131499916,2024,131499916,2,9,0,-1,19,7,3,-1,0,2,0,0,0,0,3,1,-1,9,2,54,8,1199,1,1,VAUXHALL CORSA,6,E01011505,0,1
2024340WN2012,2024,340WN2012,2,9,0,-1,19,1,5,-1,0,8,0,0,0,0,2,1,-1,9,1,28,6,1248,2,14,VAUXHALL CORSA,-1,-1,0,-1
2024041503225,2024,041503225,1,9,0,-1,9,5,1,-1,0,2,0,0,0,0,1,1,-1,9,1,22,5,998,1,10,VAUXHALL CORSA,9,E01024918,0,4
2024991492125,2024,991492125,2,9,0,-1,19,3,7,-1,0,0,0,0,0,0,2,1,-1,1,1,62,9,1229,1,13,VAUXHALL CORSA,1,-1,0,2
2024302400570,2024,302400570,1,9,0,14,14,7,3,0,0,0,0,0,0,0,1,1,6,6,2,37,7,1229,1,14,VAUXHALL CORSA,1,E01019444,0,1
2024052401216,2024,052401216,1,9,0,16,19,3,7,0,0,0,0,0,0,0,1,1,6,6,3,-1,-1,1398,1,13,VAUXHALL CORSA,-1,-1,0,-1
2024332400660,2024,332400660,1,9,0,-1,9,5,3,-1,0,5,0,0,0,0,4,1,-1,9,2,42,7,1364,1,15,VAUXHALL CORSA,1,E01013600,0,1
2024991433234,2024,991433234,2,9,0,-1,7,2,5,-1,0,3,0,0,0,0,3,1,-1,9,1,19,4,1248,2,7,VAUXHALL CORSA,1,-1,0,3
2024332400245,2024,332400245,1,9,0,-1,4,5,1,-1,0,0,0,0,0,0,2,1,-1,9,2,49,8,1199,1,2,VAUXHALL CORSA,9,E01025908,0,1
2024131489480,2024,131489480,1,9,0,-1,19,4,8,-1,0,1,0,0,0,0,1,1,-1,9,1,26,6,1398,1,6,VAUXHALL CORSA,9,E01011572,0,3
2024010538351,2024,010538351,2,9,0,18,19,3,7,0,0,0,0,4,0,0,1,1,6,6,1,23,5,1398,1,6,VAUXHALL CORSA,2,E01003576,0,1
2024311514317,2024,311514317,1,9,0,-1,9,4,1,-1,0,6,0,0,0,0,1,1,-1,2,2,26,6,1398,1,5,VAUXHALL CORSA,1,E01013880,0,2
2024101401171,2024,101401171,1,9,0,-1,19,6,2,-1,0,1,0,0,0,0,1,1,-1,6,1,23,5,998,1,12,VAUXHALL CORSA,-1,-1,0,-1
2024041430552,2024,041430552,1,9,0,-1,5,5,1,-1,0,0,0,0,0,0,1,1,-1,1,1,29,6,1398,1,14,VAUXHALL CORSA,6,E01025421,0,1
2024531510975,2024,531510975,2,9,0,-1,19,2,6,-1,0,1,0,0,0,0,1,1,-1,9,1,27,6,1199,1,2,VAUXHALL CORSA,10,E01033336,0,4
2024221519973,2024,221519973,1,9,0,-1,9,3,1,-1,0,5,2,0,2,9,1,1,-1,6,1,18,4,999,1,9,VAUXHALL CORSA,5,E01032198,0,1
2024501496938,2024,501496938,1,9,0,-1,19,7,3,-1,2,0,0,0,0,0,1,1,-1,2,1,18,4,1229,1,16,VAUXHALL CORSA,6,E01020187,0,1
2024010500454,2024,010500454,1,9,0,18,19,1,5,0,0,1,2,4,0,0,1,1,6,6,1,44,7,1199,1,2,VAUXHALL CORSA,-1,-1,0,-1
2024991527910,2024,991527910,2,9,0,-1,3,6,2,-1,0,4,0,0,0,0,2,1,-1,1,2,38,7,1199,1,1,VAUXHALL CORSA,-1,-1,0,-1
2024131514245,2024,131514245,1,9,0,-1,9,7,3,-1,0,4,0,0,0,0,3,1,-1,9,2,62,9,1398,1,5,VAUXHALL CORSA,1,E01010650,0,1
2024122400581,2024,122400581,1,9,0,18,19,3,7,0,0,6,0,0,0,0,4,1,6,6,1,45,7,1398,1,7,VAUXHALL CORSA,6,E01006146,0,4
2024141475307,2024,141475307,1,9,0,-1,19,6,3,-1,0,1,5,10,1,2,1,1,-1,6,2,27,6,1199,1,4,VAUXHALL CORSA,6,E01007908,0,1
2024201481522,2024,201481522,2,9,0,-1,9,4,2,-1,0,6,0,0,0,0,3,1,-1,1,2,26,6,1199,1,3,VAUXHALL CORSA,2,E01009874,0,1