collision_index,collision_year,collision_ref_no,vehicle_reference,vehicle_type,towing_and_articulation,vehicle_manoeuvre_historic,vehicle_manoeuvre,vehicle_direction_from,vehicle_direction_to,vehicle_location_restricted_lane_historic,vehicle_location_restricted_lane,junction_location,skidding_and_overturning,hit_object_in_carriageway,vehicle_leaving_carriageway,hit_object_off_carriageway,first_point_of_impact,vehicle_left_hand_drive,journey_purpose_of_driver_historic,journey_purpose_of_driver,sex_of_driver,age_of_driver,age_band_of_driver,engine_capacity_cc,propulsion_code,age_of_vehicle,generic_make_model,driver_imd_decile,lsoa_of_driver,escooter_flag,driver_distance_banding
2024411538605,2024,411538605,1,9,0,-1,7,3,6,-1,0,6,0,0,0,0,1,1,-1,9,2,25,5,1398,1,8,VAUXHALL CORSA,9,E01022063,0,4
2024221439991,2024,221439991,3,9,0,-1,19,6,2,-1,0,1,0,4,0,0,4,9,-1,6,1,31,6,1199,1,4,VAUXHALL CORSA,6,E01032216,0,4
2024111468029,2024,111468029,1,9,0,-1,13,6,3,-1,0,1,0,0,0,0,1,1,-1,6,2,20,4,1199,1,4,VAUXHALL CORSA,6,E01020778,0,1
2024991487417,2024,991487417,1,9,0,-1,3,5,1,-1,0,1,0,0,0,0,2,1,-1,9,2,51,8,-1,-1,-1,VAUXHALL CORSA,2,-1,0,1
2024201451229,2024,201451229,2,9,0,-1,4,4,8,-1,0,0,0,0,0,0,2,1,-1,6,1,55,8,1199,1,4,VAUXHALL CORSA,-1,-1,0,-1
2024540173424,2024,540173424,1,9,0,18,19,4,8,0,0,0,0,0,1,4,3,1,6,6,1,62,9,1229,1,13,VAUXHALL CORSA,5,E01031908,0,3
2024371423444,2024,371423444,1,9,0,-1,5,2,6,-1,0,4,0,0,0,0,3,9,-1,2,2,45,7,1398,1,7,VAUXHALL CORSA,7,E01030051,0,3
2024131463596,2024,131463596,1,9,0,-1,19,7,3,-1,0,0,0,0,0,0,1,1,-1,6,3,-1,-1,1229,1,10,VAUXHALL CORSA,-1,-1,0,-1
202460Q015507,2024,60Q015507,1,9,0,5,5,4,8,0,0,2,0,0,0,0,1,1,6,6,1,66,10,999,1,9,VAUXHALL CORSA,-1,-1,0,-1
2024991450772,2024,991450772,2,9,0,-1,19,6,2,-1,0,1,0,0,0,0,1,1,-1,9,1,68,10,1229,1,10,VAUXHALL CORSA,7,-1,0,1
2024201521681,2024,201521681,1,9,0,-1,19,1,5,-1,0,1,0,0,0,0,4,1,-1,2,2,57,9,1398,1,10,VAUXHALL CORSA,4,E01010254,0,2
2024131472818,2024,131472818,2,9,0,-1,19,5,1,-1,0,8,0,0,0,0,1,1,-1,2,1,57,9,1398,1,7,VAUXHALL CORSA,1,E01010938,0,1
2024440164674,2024,440164674,1,9,0,5,5,5,1,0,0,1,0,0,0,0,1,1,6,6,2,26,6,1398,1,7,VAUXHALL CORSA,2,E01017109,0,1
2024471433715,2024,471433715,1,9,0,-1,19,1,5,-1,0,2,0,0,0,0,1,9,-1,6,1,17,4,1229,1,10,VAUXHALL CORSA,9,E01031721,0,4
2024991500189,2024,991500189,1,9,0,-1,19,3,3,-1,0,1,0,0,0,0,1,1,-1,6,3,20,4,1229,1,15,VAUXHALL CORSA,-1,-1,0,-1
2024061436243,2024,061436243,1,9,0,-1,9,6,7,-1,0,8,0,0,0,0,4,1,-1,9,2,52,8,1398,1,12,VAUXHALL CORSA,1,E01006361,0,1
2024052402809,2024,052402809,1,9,0,18,19,8,4,0,0,0,0,0,0,0,4,1,6,6,1,39,7,1199,1,4,VAUXHALL CORSA,3,E01006619,0,1
2024451498658,2024,451498658,2,9,0,-1,19,6,2,-1,0,0,0,0,0,0,2,1,-1,2,2,42,7,1229,1,10,VAUXHALL CORSA,8,E01030803,0,3
2024622400628,2024,622400628,1,9,0,9,9,5,4,0,0,5,0,0,0,0,4,1,6,6,1,17,4,1229,1,10,VAUXHALL CORSA,10,W01001918,0,1
2024010533212,2024,010533212,2,9,0,18,19,7,3,0,0,1,0,0,0,0,0,1,6,6,2,41,7,1398,1,9,VAUXHALL CORSA,2,E01001695,0,1
2024010499887,2024,010499887,2,9,0,99,99,9,9,99,99,6,9,99,9,99,9,9,6,6,1,28,6,1398,1,10,VAUXHALL CORSA,2,E01032579,0,1
2024302401448,2024,302401448,2,9,0,17,19,3,1,0,0,8,0,0,0,0,1,1,1,1,2,34,6,1398,1,10,VAUXHALL CORSA,1,E01019488,0,1
2024211518221,2024,211518221,2,9,0,-1,19,1,8,-1,0,0,1,0,0,0,1,1,-1,6,1,45,7,1248,2,13,VAUXHALL CORSA,8,E01029688,0,1
2024371443631,2024,371443631,1,9,0,-1,1,3,7,-1,0,0,0,0,0,0,2,1,-1,9,2,63,9,1398,1,6,VAUXHALL CORSA,9,E01033450,0,1
2024361418324,2024,361418324,2,9,0,-1,4,1,5,-1,0,0,0,0,0,0,2,1,-1,6,2,39,7,998,1,17,VAUXHALL CORSA,-1,-1,0,-1
2024201450606,2024,201450606,2,9,0,-1,9,5,2,-1,0,5,0,0,0,0,3,1,-1,1,1,48,8,1229,1,16,VAUXHALL CORSA,4,E01009159,0,1
2024471480888,2024,471480888,2,9,0,-1,19,5,1,-1,0,0,0,0,0,0,1,1,-1,2,1,30,6,1248,2,15,VAUXHALL CORSA,10,E01031759,0,2
2024631421584,2024,631421584,2,9,0,-1,19,4,8,-1,0,0,0,0,0,0,1,1,-1,9,2,36,7,1229,1,13,VAUXHALL CORSA,5,W01000687,0,1
2024311485794,2024,311485794,2,9,0,-1,9,5,1,-1,0,1,0,0,0,0,3,1,-1,6,1,27,6,1398,1,9,VAUXHALL CORSA,1,E01013948,0,1
2024411423094,2024,411423094,1,9,0,-1,19,1,6,-1,0,5,0,0,0,0,4,2,-1,6,2,77,11,998,1,11,VAUXHALL CORSA,5,E01015753,0,3
2024161405349,2024,161405349,1,9,0,-1,19,2,6,-1,0,0,0,0,0,0,3,1,-1,9,1,64,9,1398,1,5,VAUXHALL CORSA,1,E01034236,0,4
2024522402423,2024,522402423,1,9,0,4,4,5,1,0,0,1,0,0,0,0,9,1,6,6,1,23,5,1398,1,11,VAUXHALL CORSA,10,E01015016,0,1
2024471520900,2024,471520900,1,9,0,-1,19,8,4,-1,0,0,0,0,0,0,1,1,-1,9,1,50,8,-1,3,0,VAUXHALL CORSA,7,E01031564,0,1
2024201533169,2024,201533169,1,9,0,-1,9,8,3,-1,0,1,0,0,0,0,1,1,-1,6,2,38,7,1398,1,9,VAUXHALL CORSA,3,E01010458,0,1
2024131400682,2024,131400682,1,9,0,-1,19,5,1,-1,0,0,0,0,0,0,1,1,-1,9,2,23,5,1398,1,6,VAUXHALL CORSA,7,E01015745,0,5
2024461473152,2024,461473152,4,9,0,-1,3,6,2,-1,0,0,0,0,0,0,2,1,-1,9,1,19,4,1229,1,19,VAUXHALL CORSA,10,E01024748,0,4
2024451499577,2024,451499577,2,9,0,-1,4,1,5,-1,0,0,0,0,0,0,2,1,-1,6,1,44,7,1229,1,18,VAUXHALL CORSA,4,E01031569,0,3
2024201425815,2024,201425815,1,9,0,-1,19,2,4,-1,0,1,0,0,0,0,1,1,-1,6,1,59,9,1398,1,10,VAUXHALL CORSA,-1,-1,0,-1
2024302400651,2024,302400651,1,9,0,9,9,4,6,0,0,1,0,0,0,0,1,1,6,6,1,22,5,1398,1,5,VAUXHALL CORSA,2,E01013453,0,1
2024201470559,2024,201470559,1,9,0,-1,4,2,5,-1,0,1,0,0,1,0,1,1,-1,6,1,22,5,1229,1,16,VAUXHALL CORSA,2,E01009481,0,1
2024461442455,2024,461442455,2,9,0,-1,19,1,3,-1,0,1,0,0,0,0,1,9,-1,6,1,18,4,1248,2,12,VAUXHALL CORSA,1,E01024612,0,1
2024411504895,2024,411504895,1,9,0,-1,19,1,1,-1,0,0,1,0,1,0,1,1,-1,2,1,30,6,1398,1,6,VAUXHALL CORSA,8,E01023541,0,2
2024471416027,2024,471416027,14,9,0,-1,19,7,3,-1,0,0,1,0,0,0,2,1,-1,6,2,59,9,1398,1,7,VAUXHALL CORSA,3,E01023951,0,4
2024131463792,2024,131463792,1,9,0,-1,19,1,5,-1,0,8,0,0,0,0,1,1,-1,1,2,20,4,1389,1,22,VAUXHALL CORSA,4,E01011876,0,1
2024122400524,2024,122400524,1,9,0,16,19,7,3,0,0,0,2,0,1,7,1,1,6,6,1,29,6,1199,1,21,VAUXHALL CORSA,2,E01007642,0,4
2024320529538,2024,320529538,2,9,0,-1,-1,2,6,0,0,0,0,0,0,0,1,1,-1,-1,2,20,4,1229,1,13,VAUXHALL CORSA,6,E01026257,0,2
2024302400765,2024,302400765,1,9,0,5,5,7,1,0,0,8,0,0,0,0,1,1,6,6,1,83,11,1229,1,17,VAUXHALL CORSA,5,E01009008,0,4
2024141398067,2024,141398067,1,9,0,-1,19,7,4,-1,0,2,0,0,0,0,1,1,-1,9,2,29,6,999,1,8,VAUXHALL CORSA,3,E01008095,0,1
2024351472314,2024,351472314,1,9,0,-1,5,1,5,-1,0,1,0,0,0,0,4,1,-1,6,2,24,5,1364,1,9,VAUXHALL CORSA,5,E01018067,0,2
2024111505326,2024,111505326,1,9,0,-1,19,2,6,-1,0,0,0,0,1,4,4,1,-1,9,1,84,11,1199,1,3,VAUXHALL CORSA,2,E01020705,0,2
2024311482627,2024,311482627,1,9,0,-1,19,2,6,-1,0,1,0,0,0,0,1,1,-1,9,1,21,5,1398,1,5,VAUXHALL CORSA,5,E01013889,0,4
2024411445083,2024,411445083,1,9,0,-1,4,5,1,-1,0,0,0,0,1,0,1,1,-1,6,2,30,6,1229,1,15,VAUXHALL CORSA,6,E01023409,0,3
2024520402199,2024,520402199,2,9,0,18,19,5,8,0,0,8,0,0,0,0,1,1,6,6,1,17,4,1229,1,19,VAUXHALL CORSA,10,E01029168,0,3
2024451496805,2024,451496805,3,9,0,-1,19,4,8,-1,0,0,0,4,0,0,1,1,-1,7,1,18,4,1364,1,17,VAUXHALL CORSA,9,E01030893,0,3
2024451399823,2024,451399823,2,9,0,-1,9,1,1,-1,0,3,0,0,1,0,1,1,-1,2,2,61,9,1398,1,7,VAUXHALL CORSA,5,E01030531,0,3
2024991497015,2024,991497015,1,9,0,-1,19,6,2,-1,0,1,0,0,0,0,1,1,-1,6,2,37,7,1398,1,8,VAUXHALL CORSA,-1,-1,0,-1
2024451447415,2024,451447415,1,9,0,-1,19,4,8,-1,0,0,0,0,0,0,1,1,-1,9,2,18,4,1229,1,13,VAUXHALL CORSA,10,E01030804,0,1
2024201472912,2024,201472912,2,9,0,-1,19,6,2,-1,0,8,0,0,0,0,1,1,-1,6,1,24,5,1398,1,8,VAUXHALL CORSA,-1,-1,0,-1
2024061511047,2024,061511047,2,9,0,-1,3,6,2,-1,0,0,0,0,0,0,2,1,-1,6,2,22,5,1199,1,4,VAUXHALL CORSA,1,E01006567,0,4
2024471444244,2024,471444244,1,9,0,-1,19,2,6,-1,0,0,0,0,0,0,1,1,-1,6,2,21,5,1229,1,14,VAUXHALL CORSA,8,E01023253,0,4
2024141446777,2024,141446777,1,9,0,-1,19,4,8,-1,0,8,0,0,0,0,1,1,-1,9,1,55,8,1229,1,12,VAUXHALL CORSA,2,E01008112,0,1
2024311471474,2024,311471474,1,9,0,-1,15,8,4,-1,0,1,0,0,0,0,4,1,-1,6,2,25,5,1364,1,16,VAUXHALL CORSA,-1,-1,0,-1
2024430269736,2024,430269736,2,9,0,18,19,6,2,0,0,4,0,0,0,0,2,1,6,6,2,39,7,1389,1,19,VAUXHALL CORSA,10,E01016552,0,2
2024461416370,2024,461416370,1,9,0,-1,19,7,3,-1,0,0,5,10,0,0,4,1,-1,9,1,20,4,1229,1,10,VAUXHALL CORSA,9,E01000396,0,3
2024522402808,2024,522402808,1,9,0,18,19,4,8,0,0,8,0,0,0,0,1,1,6,6,2,25,5,1199,1,23,VAUXHALL CORSA,-1,-1,0,-1
2024221535316,2024,221535316,2,9,0,-1,19,8,4,-1,0,8,0,10,1,11,1,1,-1,6,1,30,6,1229,1,12,VAUXHALL CORSA,9,E01032316,0,3
2024501443235,2024,501443235,1,9,0,-1,19,6,2,-1,0,1,0,0,0,0,1,9,-1,6,2,27,6,1398,1,11,VAUXHALL CORSA,3,E01015218,0,1
2024131410303,2024,131410303,1,9,0,-1,-1,7,3,-1,-1,-1,-1,-1,-1,-1,-1,1,-1,6,3,-1,-1,998,1,12,VAUXHALL CORSA,-1,-1,0,-1
2024991437335,2024,991437335,2,9,0,-1,19,1,5,-1,0,1,0,0,0,0,4,1,-1,2,2,20,4,1229,1,14,VAUXHALL CORSA,2,-1,0,1
2024501440810,2024,501440810,2,9,0,-1,4,2,6,-1,0,1,0,0,0,0,2,1,-1,6,2,24,5,1364,1,17,VAUXHALL CORSA,9,E01033235,0,2
2024461496624,2024,461496624,2,9,0,-1,19,7,3,-1,0,1,0,0,0,0,3,9,-1,6,2,33,6,1229,1,9,VAUXHALL CORSA,2,E01016068,0,1
2024302401245,2024,302401245,2,9,0,17,19,1,6,0,0,8,0,0,0,0,4,1,6,6,1,32,6,1398,1,9,VAUXHALL CORSA,2,E01019877,0,1
2024401409011,2024,401409011,1,9,0,-1,19,1,5,-1,0,1,0,0,0,0,1,1,-1,6,1,-1,-1,1199,1,4,VAUXHALL CORSA,-1,-1,0,-1
2024461520430,2024,461520430,3,9,0,-1,19,7,3,-1,0,0,0,0,0,0,3,1,-1,6,2,62,9,1398,1,14,VAUXHALL CORSA,9,E01016073,0,4
2024010498406,2024,010498406,1,9,0,99,99,9,9,99,99,9,9,99,9,99,1,9,6,6,1,78,11,1229,1,13,VAUXHALL CORSA,3,E01003656,0,1
2024361486099,2024,361486099,2,9,0,-1,19,4,8,-1,0,0,1,0,1,0,1,1,-1,6,2,29,6,999,1,8,VAUXHALL CORSA,8,E01026840,0,2
2024231456704,2024,231456704,1,9,0,-1,19,5,1,-1,0,0,0,0,0,0,1,9,-1,9,1,23,5,1229,1,18,VAUXHALL CORSA,6,E01002984,0,5
2024361450988,2024,361450988,1,9,0,-1,19,5,1,-1,0,0,0,0,0,0,1,1,-1,9,1,17,4,1248,2,15,VAUXHALL CORSA,4,E01026638,0,4
2024411455325,2024,411455325,2,9,0,-1,3,3,7,-1,0,0,0,0,0,0,2,9,-1,2,1,33,6,1364,1,16,VAUXHALL CORSA,6,E01023801,0,1
2024031496937,2024,031496937,1,9,0,-1,19,4,6,-1,0,1,0,0,7,6,3,1,-1,2,1,20,4,1248,2,16,VAUXHALL CORSA,9,E01019191,0,2
2024302400390,2024,302400390,3,9,0,4,4,3,7,0,0,1,0,0,0,0,2,1,6,6,1,19,4,1364,1,16,VAUXHALL CORSA,10,E01032614,0,1
202460Q187385,2024,60Q187385,2,9,0,4,4,3,7,0,0,0,0,0,0,0,1,1,2,2,1,36,7,1398,1,8,VAUXHALL CORSA,-1,-1,0,-1
2024501496137,2024,501496137,1,9,0,-1,19,2,6,-1,0,0,1,0,5,6,1,1,-1,2,2,30,6,1229,1,11,VAUXHALL CORSA,1,E01018995,0,4
2024061478740,2024,061478740,1,9,0,-1,19,-1,-1,-1,0,1,0,0,0,0,4,1,-1,9,2,30,6,1199,1,4,VAUXHALL CORSA,2,E01005663,0,2
2024010506449,2024,010506449,1,9,0,99,99,9,9,99,99,9,9,99,9,99,9,9,2,2,2,21,5,1199,1,4,VAUXHALL CORSA,6,E01002964,0,1
2024141530180,2024,141530180,1,9,0,-1,9,5,7,-1,0,5,0,0,0,0,3,1,-1,6,2,21,5,1199,1,3,VAUXHALL CORSA,9,E01032926,0,1
2024141502675,2024,141502675,1,9,0,-1,9,1,7,-1,0,5,0,0,0,0,3,1,-1,9,2,19,4,1398,1,14,VAUXHALL CORSA,6,E01007829,0,1
2024010521020,2024,010521020,1,9,0,99,99,9,9,99,99,9,9,99,9,99,2,9,6,6,2,27,6,1398,1,14,VAUXHALL CORSA,3,E01003570,0,1
2024221454693,2024,221454693,3,9,0,-1,4,6,2,-1,0,0,0,0,0,0,2,1,-1,6,2,56,9,1398,1,7,VAUXHALL CORSA,8,E01018677,0,5
2024461445737,2024,461445737,2,9,0,-1,19,1,5,-1,0,0,1,0,0,0,1,1,-1,6,2,18,4,1229,1,14,VAUXHALL CORSA,7,E01024564,0,1
2024302401787,2024,302401787,1,9,0,-1,9,8,5,-1,0,8,0,0,0,0,1,1,-1,6,1,40,7,1229,1,16,VAUXHALL CORSA,8,E01013594,0,2
2024201467379,2024,201467379,1,9,0,-1,19,6,2,-1,0,0,0,0,0,0,1,1,-1,6,1,41,7,1248,2,17,VAUXHALL CORSA,2,E01009391,0,1
2024471450818,2024,471450818,1,9,0,-1,7,7,2,-1,0,0,2,7,7,4,1,1,-1,6,-1,-1,-1,1398,1,5,VAUXHALL CORSA,-1,-1,0,-1
2024991527824,2024,991527824,1,9,0,-1,19,4,8,-1,0,0,2,0,1,0,1,1,-1,9,1,21,5,1199,1,1,VAUXHALL CORSA,-1,-1,0,-1
2024201456103,2024,201456103,1,9,0,-1,7,5,7,-1,0,6,0,0,0,0,3,1,-1,6,1,45,7,998,1,13,VAUXHALL CORSA,-1,-1,0,-1
2024131463699,2024,131463699,4,9,0,-1,4,7,3,-1,0,0,0,0,0,0,3,1,-1,6,2,56,9,1398,1,12,VAUXHALL CORSA,6,E01011042,0,1
2024501428524,2024,501428524,1,9,0,-1,4,7,3,-1,0,0,0,0,0,0,1,2,-1,9,1,53,8,1398,1,10,VAUXHALL CORSA,5,E01014335,0,5
2024201534782,2024,201534782,1,9,0,-1,19,1,5,-1,0,2,0,0,0,0,1,1,-1,6,2,70,10,999,1,9,VAUXHALL CORSA,2,E01010097,0,2
2024622400805,2024,622400805,1,9,0,9,9,4,2,0,0,8,0,0,0,0,1,1,3,7,2,37,7,1229,1,14,VAUXHALL CORSA,8,W01001752,0,1
2024421420856,2024,421420856,1,9,0,-1,19,6,2,-1,0,0,0,0,0,0,1,1,-1,2,1,44,7,1229,1,12,VAUXHALL CORSA,10,E01021447,0,1
2024371414331,2024,371414331,1,9,0,-1,9,6,3,-1,0,1,0,0,0,0,1,1,-1,2,2,19,4,1229,1,12,VAUXHALL CORSA,5,E01029928,0,1
2024461457760,2024,461457760,4,9,0,-1,19,5,1,-1,0,1,0,0,0,0,1,1,-1,1,1,36,7,-1,-1,-1,VAUXHALL CORSA,7,E01024380,0,1
2024471462019,2024,471462019,3,9,0,-1,19,5,1,-1,0,2,0,0,0,0,1,1,-1,9,1,22,5,1398,1,5,VAUXHALL CORSA,3,E01024795,0,4
2024991456520,2024,991456520,1,9,0,-1,5,5,2,-1,0,6,0,0,0,0,1,1,-1,9,2,39,7,1199,1,1,VAUXHALL CORSA,2,-1,0,1
2024041478067,2024,041478067,2,9,0,-1,19,3,7,-1,0,4,0,0,0,0,3,1,-1,9,1,65,9,1199,1,1,VAUXHALL CORSA,2,E01012728,0,2
2024070138430,2024,070138430,3,9,0,18,19,6,2,0,0,0,0,0,0,0,1,1,6,6,1,47,8,973,1,22,VAUXHALL CORSA,8,E01029819,0,4
2024451432420,2024,451432420,1,9,0,-1,19,1,1,-1,0,0,5,0,0,0,4,1,-1,9,1,33,6,1398,1,7,VAUXHALL CORSA,6,E01002653,0,3
2024441452076,2024,441452076,2,9,0,-1,19,5,1,-1,0,1,0,0,0,0,2,1,-1,6,1,29,6,1199,1,4,VAUXHALL CORSA,7,E01030429,0,2
2024061425044,2024,061425044,2,9,0,-1,19,5,1,-1,0,0,0,0,0,0,2,1,-1,2,1,26,6,1199,1,4,VAUXHALL CORSA,3,E01004889,0,3
2024221401937,2024,221401937,1,9,0,-1,19,7,3,-1,0,0,2,0,1,4,1,1,-1,6,1,31,6,1229,1,16,VAUXHALL CORSA,2,E01009266,0,4
2024010547189,2024,010547189,1,9,0,18,19,7,3,0,0,0,0,0,0,0,1,1,6,6,1,44,7,1389,1,18,VAUXHALL CORSA,-1,-1,0,-1
2024461488871,2024,461488871,1,9,0,-1,19,7,3,-1,0,1,0,0,0,0,1,1,-1,9,2,18,4,1389,1,20,VAUXHALL CORSA,-1,-1,0,-1
2024451402943,2024,451402943,1,9,0,-1,19,1,5,-1,0,6,0,0,0,0,1,1,-1,2,2,22,5,1364,1,16,VAUXHALL CORSA,7,E01030414,0,1
2024201398177,2024,201398177,2,9,0,-1,3,4,8,-1,0,1,0,0,0,0,2,1,-1,9,2,48,8,1248,2,11,VAUXHALL CORSA,1,E01009345,0,1
2024552400394,2024,552400394,2,9,0,18,19,2,6,0,0,8,0,0,0,0,1,1,6,6,2,21,5,998,1,10,VAUXHALL CORSA,6,E01033288,0,1
2024101472036,2024,101472036,2,9,0,-1,19,1,5,-1,0,1,0,0,0,0,2,1,-1,9,1,68,10,1398,1,5,VAUXHALL CORSA,2,E01008776,0,1
2024471507797,2024,471507797,1,9,0,-1,19,3,7,-1,0,1,0,0,0,0,1,1,-1,9,1,17,4,1229,1,10,VAUXHALL CORSA,8,E01031840,0,2
2024991461905,2024,991461905,1,9,0,-1,19,7,4,-1,0,0,2,0,1,11,1,1,-1,9,2,19,4,1362,1,12,VAUXHALL CORSA,4,-1,0,2
2024471513939,2024,471513939,1,9,0,-1,9,7,5,-1,0,0,0,0,0,0,4,1,-1,2,1,30,6,-1,-1,-1,VAUXHALL CORSA,10,E01031689,0,4
2024311431538,2024,311431538,1,9,0,-1,19,7,3,-1,0,0,0,0,0,0,3,1,-1,6,1,20,4,1229,1,17,VAUXHALL CORSA,1,E01028065,0,1
2024401425259,2024,401425259,2,9,0,-1,19,6,2,-1,0,1,1,0,0,0,1,1,-1,6,2,26,6,1398,1,8,VAUXHALL CORSA,3,E01015757,0,1
2024010511903,2024,010511903,1,9,0,18,19,5,1,0,0,0,0,0,0,0,1,1,3,7,2,36,7,1229,1,13,VAUXHALL CORSA,-1,-1,0,-1
2024361497132,2024,361497132,2,9,0,-1,19,1,5,-1,0,1,0,0,0,0,4,1,-1,9,1,54,8,1364,1,17,VAUXHALL CORSA,1,E01026598,0,1
2024320118649,2024,320118649,2,9,0,-1,-1,1,5,0,0,1,0,0,1,0,1,1,6,6,1,-1,-1,1199,1,1,VAUXHALL CORSA,2,E01013129,0,4
2024161426515,2024,161426515,3,9,0,-1,2,0,0,-1,0,0,0,0,0,0,4,1,-1,6,-1,-1,-1,1398,1,9,VAUXHALL CORSA,-1,-1,0,-1
2024991409605,2024,991409605,2,9,0,-1,9,4,2,-1,0,1,0,0,8,0,1,1,-1,2,1,57,9,1248,2,12,VAUXHALL CORSA,3,-1,0,3
2024471535559,2024,471535559,2,9,0,-1,19,1,5,-1,0,1,0,0,0,0,1,1,-1,6,2,18,4,1229,1,16,VAUXHALL CORSA,8,E01021181,0,1
2024991461637,2024,991461637,2,9,0,-1,19,6,2,-1,0,1,0,0,0,0,1,1,-1,9,1,19,4,1229,1,16,VAUXHALL CORSA,2,-1,0,5
2024052401266,2024,052401266,1,9,0,9,9,2,8,0,0,8,0,0,0,0,4,1,6,6,2,25,5,1199,1,1,VAUXHALL CORSA,1,E01006546,0,1
2024991419426,2024,991419426,2,9,0,-1,19,7,3,-1,0,0,0,0,0,0,1,1,-1,6,1,60,9,1199,1,2,VAUXHALL CORSA,7,-1,0,2
2024451396355,2024,451396355,2,9,0,-1,19,5,5,-1,0,2,0,0,1,5,3,1,-1,2,1,28,6,1248,2,12,VAUXHALL CORSA,8,E01030574,0,1
2024440539330,2024,440539330,1,9,0,18,19,7,3,0,0,0,0,4,0,0,1,1,6,6,1,70,10,1199,1,1,VAUXHALL CORSA,5,E01017127,0,1
2024211517004,2024,211517004,3,9,0,-1,19,2,6,-1,0,0,0,0,0,0,1,1,-1,6,1,71,10,1398,1,6,VAUXHALL CORSA,3,E01029360,0,2
2024041410568,2024,041410568,4,9,0,-1,19,2,4,-1,0,0,0,0,0,0,4,1,-1,2,2,35,6,1398,1,8,VAUXHALL CORSA,1,E01025067,0,1
2024461495400,2024,461495400,1,9,0,-1,19,5,1,-1,0,0,5,0,0,0,1,1,-1,2,1,48,8,1229,1,14,VAUXHALL CORSA,5,E01024095,0,4
2024161448170,2024,161448170,2,9,0,-1,6,5,5,-1,0,0,0,0,0,0,1,1,-1,6,2,45,7,1229,1,14,VAUXHALL CORSA,10,E01013063,0,3
2024221434553,2024,221434553,1,9,0,-1,19,6,2,-1,0,8,0,10,1,2,1,1,-1,6,2,21,5,1398,1,8,VAUXHALL CORSA,6,E01034323,0,2
2024161426019,2024,161426019,3,9,0,-1,4,5,1,-1,0,0,0,0,0,0,1,1,-1,6,2,18,4,1229,1,9,VAUXHALL CORSA,10,E01034758,0,1
2024622400566,2024,622400566,1,9,0,18,19,2,6,0,0,0,5,0,1,0,4,1,6,6,1,17,4,1364,1,19,VAUXHALL CORSA,6,W01000916,0,4
2024332400659,2024,332400659,1,9,0,-1,5,7,3,-1,0,4,0,0,0,0,1,1,-1,9,2,19,4,1398,1,5,VAUXHALL CORSA,3,E01013772,0,1
2024311526265,2024,311526265,2,9,0,-1,3,3,7,-1,0,0,0,0,0,0,1,2,-1,6,3,-1,-1,1398,1,13,VAUXHALL CORSA,-1,-1,0,-1
2024131520865,2024,131520865,2,9,0,-1,19,3,7,-1,0,8,0,0,0,0,4,1,-1,9,1,32,6,1398,1,12,VAUXHALL CORSA,5,E01011902,0,1
2024031425561,2024,031425561,2,9,0,-1,19,7,3,-1,0,1,0,0,0,0,1,1,-1,9,1,70,10,1398,1,13,VAUXHALL CORSA,-1,-1,0,-1
2024201491327,2024,201491327,1,9,0,-1,19,7,3,-1,0,8,0,0,0,0,1,1,-1,6,2,44,7,1398,1,14,VAUXHALL CORSA,1,E01034926,0,1
2024340NN4522,2024,340NN4522,1,9,0,-1,9,1,6,-1,0,4,0,0,0,0,1,1,-1,6,2,47,8,1398,1,5,VAUXHALL CORSA,6,E01027045,0,3
2024010489966,2024,010489966,2,9,0,18,19,5,1,0,0,1,1,0,0,0,1,1,6,6,1,28,6,1398,1,5,VAUXHALL CORSA,3,E01001440,0,1
2024052402655,2024,052402655,1,9,0,9,9,3,1,0,0,8,0,0,0,0,1,1,6,6,1,64,9,1229,1,10,VAUXHALL CORSA,10,E01006943,0,4
2024122400759,2024,122400759,1,9,0,4,4,6,2,0,0,0,0,0,0,0,1,1,6,6,2,45,7,1199,1,3,VAUXHALL CORSA,7,E01027661,0,1
2024010544593,2024,010544593,2,9,0,99,99,9,9,99,99,9,9,99,9,99,1,9,6,6,3,25,5,1398,1,8,VAUXHALL CORSA,7,E01003414,0,1
2024010545381,2024,010545381,1,9,0,9,9,1,7,0,0,6,0,0,0,0,1,1,6,6,1,26,6,1199,1,3,VAUXHALL CORSA,6,E01007684,0,5
2024010532629,2024,010532629,1,9,0,99,99,9,9,99,99,9,9,99,9,99,9,9,6,6,2,29,6,1229,1,12,VAUXHALL CORSA,2,E01001631,0,1
2024041426974,2024,041426974,1,9,0,-1,7,1,5,-1,0,4,0,0,0,0,1,1,-1,9,1,33,6,1248,2,12,VAUXHALL CORSA,1,E01025217,0,1
2024131510045,2024,131510045,3,9,0,-1,19,7,3,-1,0,1,0,0,0,0,1,1,-1,9,2,35,6,1199,1,21,VAUXHALL CORSA,1,E01010811,0,2
2024401414650,2024,401414650,1,9,0,-1,2,0,0,-1,0,1,0,0,0,0,2,1,-1,6,2,34,6,1364,1,16,VAUXHALL CORSA,4,E01015711,0,1
2024622400816,2024,622400816,1,9,0,16,19,8,4,0,0,0,1,0,2,4,1,1,6,6,1,19,4,1199,1,20,VAUXHALL CORSA,3,W01001145,0,3
2024010512107,2024,010512107,1,9,0,4,4,5,1,0,0,1,0,0,0,0,3,1,2,2,2,64,9,1398,1,11,VAUXHALL CORSA,3,E01033935,0,1