collision_index,collision_year,collision_ref_no,vehicle_reference,vehicle_type,towing_and_articulation,vehicle_manoeuvre_historic,vehicle_manoeuvre,vehicle_direction_from,vehicle_direction_to,vehicle_location_restricted_lane_historic,vehicle_location_restricted_lane,junction_location,skidding_and_overturning,hit_object_in_carriageway,vehicle_leaving_carriageway,hit_object_off_carriageway,first_point_of_impact,vehicle_left_hand_drive,journey_purpose_of_driver_historic,journey_purpose_of_driver,sex_of_driver,age_of_driver,age_band_of_driver,engine_capacity_cc,propulsion_code,age_of_vehicle,generic_make_model,driver_imd_decile,lsoa_of_driver,escooter_flag,driver_distance_banding
2024421460963,2024,421460963,1,9,0,-1,9,7,5,-1,0,0,0,0,0,0,1,1,-1,9,2,32,6,1398,1,5,VAUXHALL CORSA,10,E01023448,0,3
2024522401406,2024,522401406,1,9,0,18,19,1,5,0,0,8,0,0,0,0,1,1,6,6,2,31,6,1199,1,2,VAUXHALL CORSA,5,E01020055,0,4
2024311405364,2024,311405364,1,9,0,-1,7,6,2,-1,0,1,0,0,0,0,3,1,-1,6,2,81,11,1229,1,16,VAUXHALL CORSA,6,E01028273,0,1
2024221441615,2024,221441615,3,9,0,-1,19,8,4,-1,0,8,0,0,0,0,1,1,-1,6,2,42,7,1398,1,7,VAUXHALL CORSA,9,E01028929,0,4
2024161434324,2024,161434324,2,9,0,-1,19,5,1,-1,0,8,0,0,0,0,1,1,-1,2,2,31,6,-1,-1,-1,VAUXHALL CORSA,3,E01028210,0,4
2024010542314,2024,010542314,1,9,0,7,7,3,5,0,0,2,0,0,0,0,3,1,2,2,2,63,9,1364,1,16,VAUXHALL CORSA,4,E01002279,0,1
2024010535200,2024,010535200,2,9,0,99,99,9,9,99,99,9,9,99,9,99,4,9,6,6,3,-1,-1,1229,1,10,VAUXHALL CORSA,5,E01003276,0,3
2024231482061,2024,231482061,1,9,0,-1,9,8,6,-1,0,5,0,0,0,0,1,9,-1,2,1,27,6,998,1,14,VAUXHALL CORSA,4,E01025849,0,1
2024041410175,2024,041410175,1,9,0,-1,19,1,5,-1,0,4,0,0,0,0,2,1,-1,9,2,75,10,1398,1,14,VAUXHALL CORSA,1,E01025579,0,1
2024430530733,2024,430530733,2,9,0,18,19,1,5,0,0,8,0,0,0,0,3,1,6,6,1,22,5,1229,1,11,VAUXHALL CORSA,10,E01016387,0,1
2024522401825,2024,522401825,2,9,0,18,19,8,4,0,0,6,0,0,0,0,4,1,6,6,2,53,8,1248,2,12,VAUXHALL CORSA,8,E01014957,0,2
2024010521705,2024,010521705,2,9,0,99,99,9,9,99,99,9,9,99,9,99,1,9,6,6,3,-1,-1,1199,1,2,VAUXHALL CORSA,2,E01004570,0,1
2024991419610,2024,991419610,1,9,0,-1,19,7,3,-1,0,8,0,0,0,0,3,1,-1,6,2,36,7,1229,1,14,VAUXHALL CORSA,1,-1,0,1
2024131402718,2024,131402718,1,9,0,-1,19,1,5,-1,0,1,0,0,0,0,1,1,-1,2,1,28,6,1229,1,16,VAUXHALL CORSA,3,E01011776,0,1
2024991427086,2024,991427086,1,9,0,-1,19,6,2,-1,0,0,1,0,8,0,1,1,-1,6,2,26,6,1229,1,12,VAUXHALL CORSA,5,-1,0,3
202417H103124,2024,17H103124,2,9,0,-1,19,6,2,-1,0,8,0,0,0,0,1,1,-1,9,1,87,11,1398,1,12,VAUXHALL CORSA,7,E01011995,0,1
2024131488427,2024,131488427,2,9,0,-1,-1,-1,-1,-1,-1,0,-1,-1,-1,-1,-1,1,-1,6,2,24,5,1398,1,8,VAUXHALL CORSA,-1,-1,0,-1
2024161398414,2024,161398414,1,9,0,-1,9,1,7,-1,0,4,0,0,0,0,1,9,-1,9,2,27,6,1398,1,7,VAUXHALL CORSA,1,E01012906,0,2
2024211415016,2024,211415016,3,9,0,-1,7,1,4,-1,0,1,0,0,0,0,0,1,-1,6,2,-1,-1,1199,1,4,VAUXHALL CORSA,8,E01029805,0,1
2024311415338,2024,311415338,1,9,0,-1,19,3,7,-1,0,0,0,0,7,0,1,1,-1,1,2,38,7,1398,1,6,VAUXHALL CORSA,8,E01028035,0,1
2024991400170,2024,991400170,1,9,0,-1,19,2,6,-1,0,0,0,0,0,0,1,1,-1,6,1,64,9,1199,1,2,VAUXHALL CORSA,2,-1,0,2
2024131494453,2024,131494453,2,9,0,-1,9,7,1,-1,0,3,0,0,0,0,3,1,-1,6,2,26,6,1229,1,11,VAUXHALL CORSA,7,E01011592,0,2
2024430396784,2024,430396784,1,9,0,18,19,-1,-1,0,0,0,0,10,7,4,1,1,6,6,2,28,6,1248,2,14,VAUXHALL CORSA,7,E01028800,0,1
2024041493760,2024,041493760,2,9,0,-1,5,7,3,-1,0,2,0,0,0,0,4,1,-1,9,1,35,6,1229,1,13,VAUXHALL CORSA,1,E01025570,0,1
2024522401731,2024,522401731,1,9,0,18,19,2,6,0,0,0,0,0,0,0,1,1,6,6,1,19,4,1398,1,13,VAUXHALL CORSA,2,E01033348,0,1
2024991498437,2024,991498437,1,9,0,-1,19,7,3,-1,0,0,5,0,1,0,1,1,-1,9,2,18,4,1686,2,12,VAUXHALL CORSA,3,-1,0,3
2024131525470,2024,131525470,1,9,0,-1,-1,-1,-1,-1,-1,0,-1,-1,-1,-1,-1,1,-1,6,3,-1,-1,1398,1,9,VAUXHALL CORSA,-1,-1,0,-1
2024501493178,2024,501493178,1,9,0,-1,3,2,8,-1,0,1,0,0,0,0,2,1,-1,7,1,60,9,1229,1,14,VAUXHALL CORSA,4,E01018815,0,3
2024411432545,2024,411432545,1,9,0,-1,11,1,5,-1,0,1,0,0,0,0,4,1,-1,6,1,18,4,1229,1,18,VAUXHALL CORSA,-1,-1,0,-1
2024340WN1552,2024,340WN1552,2,9,0,-1,19,6,2,-1,0,2,0,0,0,0,1,1,-1,6,2,56,9,1199,1,1,VAUXHALL CORSA,4,E01027007,0,2
2024010531412,2024,010531412,2,9,0,99,99,9,9,99,99,9,9,99,9,99,9,9,6,6,3,-1,-1,1229,1,17,VAUXHALL CORSA,7,E01001160,0,1
2024201464705,2024,201464705,2,9,0,-1,3,1,5,-1,0,0,0,0,0,0,2,1,-1,6,1,19,4,1229,1,19,VAUXHALL CORSA,1,E01009889,0,1
2024401399909,2024,401399909,2,9,0,-1,19,1,5,-1,0,0,0,0,0,0,4,1,-1,9,1,34,6,1398,1,7,VAUXHALL CORSA,8,E01015799,0,2
2024041448357,2024,041448357,2,9,0,-1,19,1,5,-1,0,0,0,0,0,0,1,1,-1,9,2,28,6,1199,1,4,VAUXHALL CORSA,8,E01025074,0,4
2024340WN4122,2024,340WN4122,1,9,0,-1,19,7,3,-1,0,0,0,0,0,0,1,1,-1,9,1,28,6,1229,1,13,VAUXHALL CORSA,2,E01027248,0,1
2024522402145,2024,522402145,1,9,0,18,19,8,4,0,0,8,0,0,0,0,1,1,6,6,1,17,4,1229,1,13,VAUXHALL CORSA,10,E01014849,0,2
2024451421995,2024,451421995,2,9,0,-1,9,3,5,-1,0,1,0,0,0,0,1,9,-1,6,3,50,8,1398,1,14,VAUXHALL CORSA,-1,-1,0,-1
2024991456352,2024,991456352,2,9,0,-1,19,4,8,-1,0,0,0,0,1,0,2,1,-1,6,2,18,4,1398,1,8,VAUXHALL CORSA,-1,-1,0,-1
2024010526929,2024,010526929,3,9,9,99,99,9,9,99,99,9,9,99,9,99,9,9,6,6,3,-1,-1,1229,1,13,VAUXHALL CORSA,7,E01000986,0,2
2024061529059,2024,061529059,1,9,0,-1,9,3,1,-1,0,1,0,0,0,0,4,1,-1,6,1,35,6,1229,1,12,VAUXHALL CORSA,5,E01006201,0,1
2024332401208,2024,332401208,1,9,0,-1,19,5,2,-1,0,6,0,0,0,0,1,1,-1,9,1,25,5,1248,2,16,VAUXHALL CORSA,3,E01013762,0,1
2024010537370,2024,010537370,2,9,0,18,19,5,1,0,0,8,0,0,0,0,0,1,6,6,3,-1,-1,1199,1,22,VAUXHALL CORSA,-1,-1,0,-1
2024440239218,2024,440239218,2,9,0,18,19,4,8,0,0,2,0,0,0,0,1,1,6,6,2,22,5,998,1,11,VAUXHALL CORSA,6,E01034062,0,1
2024041468874,2024,041468874,1,9,0,-1,19,3,7,-1,0,1,0,0,0,0,4,1,-1,9,2,18,4,998,1,10,VAUXHALL CORSA,7,E01012602,0,1
2024221519227,2024,221519227,1,9,0,-1,19,8,4,-1,0,4,0,0,0,0,1,9,-1,6,2,62,9,1398,1,12,VAUXHALL CORSA,-1,-1,0,-1
2024010524984,2024,010524984,2,9,0,5,5,5,1,0,0,0,0,0,0,0,3,1,6,6,1,47,8,1364,1,15,VAUXHALL CORSA,-1,-1,0,-1
2024070790861,2024,070790861,3,9,0,-1,2,0,0,-1,-1,1,0,0,0,0,0,1,-1,6,2,-1,-1,1248,2,9,VAUXHALL CORSA,-1,-1,0,-1
2024421479918,2024,421479918,2,9,0,-1,3,3,7,-1,0,0,0,0,0,0,2,1,-1,2,2,45,7,1199,1,4,VAUXHALL CORSA,4,E01022018,0,3
2024010521589,2024,010521589,2,9,0,18,19,3,7,0,0,8,0,0,0,0,1,1,6,6,2,39,7,1398,1,5,VAUXHALL CORSA,9,E01016543,0,4
2024991517905,2024,991517905,2,9,0,-1,10,1,3,-1,0,1,0,0,0,0,2,1,-1,9,2,38,7,1248,2,10,VAUXHALL CORSA,4,-1,0,1
2024041455626,2024,041455626,7,9,0,-1,19,3,7,-1,0,0,0,0,0,0,2,1,-1,2,2,25,5,1199,1,4,VAUXHALL CORSA,7,E01006947,0,4
2024991425393,2024,991425393,1,9,0,-1,19,7,3,-1,0,2,5,0,0,0,1,1,-1,9,2,71,10,1364,1,15,VAUXHALL CORSA,7,-1,0,1
2024471405610,2024,471405610,2,9,0,-1,3,3,7,-1,0,1,0,0,0,0,2,1,-1,9,2,50,8,1364,1,16,VAUXHALL CORSA,3,E01021092,0,1
2024131400989,2024,131400989,2,9,0,-1,19,6,2,-1,0,0,0,0,0,0,2,1,-1,9,2,22,5,1199,1,4,VAUXHALL CORSA,8,E01011459,0,3
2024161501894,2024,161501894,5,9,0,-1,2,0,0,-1,0,1,0,0,0,0,2,9,-1,6,-1,-1,-1,1398,1,5,VAUXHALL CORSA,-1,-1,0,-1
2024542461024,2024,542461024,1,9,0,5,5,2,6,0,0,1,0,0,0,0,1,1,6,6,2,82,11,1248,2,13,VAUXHALL CORSA,9,E01015523,0,3
2024320546166,2024,320546166,1,9,0,-1,-1,8,4,0,0,4,0,0,0,0,1,1,6,6,1,19,4,1229,1,11,VAUXHALL CORSA,-1,-1,0,-1
2024531524431,2024,531524431,2,9,0,-1,19,6,4,-1,0,0,0,0,0,0,3,1,-1,9,1,21,5,1398,1,12,VAUXHALL CORSA,6,E01022229,0,1
2024111440206,2024,111440206,1,9,0,-1,19,6,4,-1,0,1,0,0,0,0,1,1,-1,6,1,24,5,1398,1,8,VAUXHALL CORSA,9,E01008194,0,2
2024351443098,2024,351443098,2,9,0,-1,8,-1,-1,-1,0,1,0,0,0,0,2,9,-1,2,2,27,6,1199,1,21,VAUXHALL CORSA,6,E01018035,0,1
2024101398131,2024,101398131,2,9,0,-1,5,5,1,-1,0,0,0,0,0,0,2,9,-1,6,2,60,9,1398,1,5,VAUXHALL CORSA,8,E01027549,0,1
2024531498061,2024,531498061,2,9,0,-1,11,6,2,-1,0,0,0,0,0,0,4,9,-1,9,2,28,6,1398,1,5,VAUXHALL CORSA,6,E01034797,0,2
2024141454451,2024,141454451,2,9,0,-1,2,0,0,-1,2,2,0,0,0,0,2,1,-1,6,-1,-1,-1,1229,1,9,VAUXHALL CORSA,-1,-1,0,-1
2024332400583,2024,332400583,2,9,0,-1,9,2,8,-1,0,5,0,0,0,0,4,1,-1,9,1,29,6,1398,1,11,VAUXHALL CORSA,6,E01013785,0,3
2024122400710,2024,122400710,1,9,0,17,19,1,6,0,0,0,0,0,0,0,1,1,6,6,2,37,7,1248,2,16,VAUXHALL CORSA,9,E01027687,0,2
2024622400378,2024,622400378,1,9,0,18,19,5,1,0,0,0,0,0,0,0,1,1,6,6,1,29,6,1398,1,9,VAUXHALL CORSA,1,W01001203,0,1
2024101481169,2024,101481169,2,9,0,-1,19,3,7,-1,0,8,0,7,7,10,3,1,-1,9,1,36,7,1248,2,13,VAUXHALL CORSA,5,E01033715,0,1
2024520402849,2024,520402849,2,9,0,18,19,3,7,0,0,1,0,0,0,0,1,1,6,6,3,-1,-1,1229,1,13,VAUXHALL CORSA,-1,-1,0,-1
2024340NN1902,2024,340NN1902,2,9,0,-1,19,1,5,-1,0,2,0,0,0,0,4,1,-1,6,2,27,6,1398,1,10,VAUXHALL CORSA,2,E01027341,0,1
2024052401610,2024,052401610,2,9,0,4,4,5,1,0,0,3,0,0,0,0,2,1,6,6,1,68,10,1229,1,12,VAUXHALL CORSA,1,E01012407,0,2
2024522500039,2024,522500039,3,9,0,18,19,6,2,0,0,0,0,0,0,0,1,1,6,6,2,25,5,1364,1,15,VAUXHALL CORSA,6,E01015002,0,3
2024231481704,2024,231481704,1,9,0,-1,19,4,8,-1,0,0,2,0,7,9,4,9,-1,9,1,19,4,1398,1,7,VAUXHALL CORSA,6,E01031194,0,1
202417L307024,2024,17L307024,2,9,0,-1,3,1,5,-1,0,1,0,0,0,0,2,1,-1,9,1,18,4,998,1,11,VAUXHALL CORSA,2,E01012165,0,2
2024361444335,2024,361444335,1,9,0,-1,6,1,6,-1,0,0,0,0,0,0,1,1,-1,6,2,71,10,1229,1,10,VAUXHALL CORSA,3,E01033038,0,2
2024041421613,2024,041421613,1,9,0,-1,19,5,1,-1,0,6,1,0,1,10,3,1,-1,1,1,19,4,1229,1,14,VAUXHALL CORSA,7,E01010246,0,5
2024451430638,2024,451430638,1,9,0,-1,19,5,1,-1,0,0,0,0,0,0,1,1,-1,9,2,51,8,1398,1,5,VAUXHALL CORSA,8,E01030844,0,1
2024302400835,2024,302400835,2,9,0,18,19,2,6,0,0,0,0,0,0,0,1,1,2,2,2,30,6,1398,1,8,VAUXHALL CORSA,4,E01008142,0,3
2024052401107,2024,052401107,2,9,0,18,19,7,3,0,0,1,0,0,0,0,3,1,6,6,2,71,10,1199,1,2,VAUXHALL CORSA,8,E01007298,0,1
2024211522989,2024,211522989,1,9,0,-1,5,1,5,-1,0,0,0,0,0,0,3,1,-1,9,2,44,7,1398,1,7,VAUXHALL CORSA,-1,-1,0,-1
2024052401925,2024,052401925,2,9,0,18,19,1,5,0,0,8,0,0,0,0,4,1,6,6,2,33,6,1398,1,8,VAUXHALL CORSA,4,E01007314,0,1
2024201509529,2024,201509529,1,9,0,-1,5,2,5,-1,0,8,0,0,0,0,1,1,-1,6,2,22,5,1398,1,9,VAUXHALL CORSA,4,E01009248,0,1
2024430414370,2024,430414370,2,9,0,9,9,5,3,0,0,8,0,0,0,0,3,1,6,6,2,72,10,1398,1,11,VAUXHALL CORSA,10,E01035753,0,1
2024552400667,2024,552400667,1,9,0,9,9,5,4,0,0,6,0,0,3,11,3,1,6,6,2,65,9,1398,1,14,VAUXHALL CORSA,5,E01020443,0,1
2024010502431,2024,010502431,2,9,0,18,19,1,5,0,0,4,0,4,0,0,1,1,6,6,3,-1,-1,1199,1,2,VAUXHALL CORSA,-1,-1,0,-1
2024071045238,2024,071045238,2,9,0,-1,19,3,7,-1,0,0,0,0,0,0,1,1,-1,6,2,52,8,1398,1,5,VAUXHALL CORSA,9,E01018420,0,1
2024010501704,2024,010501704,2,9,0,18,19,3,7,0,0,8,0,0,0,0,1,1,6,6,1,28,6,-1,-1,-1,VAUXHALL CORSA,3,E01002400,0,1
2024221472219,2024,221472219,1,9,0,-1,19,6,2,-1,0,0,0,0,0,0,1,1,-1,6,1,22,5,1229,1,13,VAUXHALL CORSA,5,E01032188,0,1
2024471433224,2024,471433224,1,9,0,-1,19,4,8,-1,0,0,0,0,0,0,4,1,-1,9,1,24,5,1398,1,9,VAUXHALL CORSA,4,E01020981,0,1
2024131462664,2024,131462664,1,9,0,-1,19,1,5,-1,0,8,0,0,0,0,4,1,-1,9,1,20,4,1364,1,17,VAUXHALL CORSA,7,E01019802,0,4
2024031468983,2024,031468983,1,9,0,-1,19,1,5,-1,0,1,0,0,0,0,2,1,-1,6,1,70,10,1398,1,11,VAUXHALL CORSA,-1,-1,0,-1
2024161420725,2024,161420725,1,9,0,-1,19,4,8,-1,0,8,0,0,0,0,1,1,-1,7,2,51,8,1229,1,10,VAUXHALL CORSA,1,E01012894,0,1
2024991498132,2024,991498132,2,9,0,-1,19,5,1,-1,0,1,0,0,0,0,1,1,-1,9,2,56,9,1199,1,1,VAUXHALL CORSA,8,-1,0,4
2024501497097,2024,501497097,1,9,0,-1,19,8,4,-1,0,0,0,4,0,0,1,1,-1,6,2,33,6,1229,1,9,VAUXHALL CORSA,10,E01019963,0,1
2024211420452,2024,211420452,2,9,0,-1,19,7,2,-1,0,0,0,0,1,0,1,1,-1,6,2,30,6,1398,1,9,VAUXHALL CORSA,-1,-1,0,-1
2024471511670,2024,471511670,1,9,0,-1,19,5,1,-1,0,1,0,0,0,0,1,1,-1,6,2,31,6,1364,1,9,VAUXHALL CORSA,8,E01016928,0,1
2024010503578,2024,010503578,2,9,0,99,99,9,9,99,99,0,9,99,9,99,9,9,6,6,3,-1,-1,998,1,11,VAUXHALL CORSA,-1,-1,0,-1
2024041515022,2024,041515022,1,9,0,-1,19,2,4,-1,0,0,0,4,0,0,1,1,-1,9,1,22,5,1229,1,9,VAUXHALL CORSA,2,E01025390,0,1
2024221481360,2024,221481360,2,9,0,-1,19,4,7,-1,0,1,0,0,0,0,3,1,-1,6,1,46,8,1398,1,5,VAUXHALL CORSA,6,W01001906,0,3
2024451532489,2024,451532489,1,9,0,-1,5,3,1,-1,0,6,0,0,0,0,3,1,-1,9,2,50,8,1364,1,16,VAUXHALL CORSA,7,E01030850,0,2
2024361404528,2024,361404528,2,9,0,-1,10,6,3,-1,0,1,0,0,0,0,2,1,-1,6,2,18,4,998,1,19,VAUXHALL CORSA,4,E01026780,0,1
2024010505986,2024,010505986,1,9,0,99,99,9,9,99,99,9,9,99,9,99,3,9,6,6,2,58,9,1229,1,16,VAUXHALL CORSA,3,E01001368,0,1
2024461444623,2024,461444623,1,9,0,-1,19,5,1,-1,0,0,5,4,7,0,4,1,-1,6,2,18,4,1229,1,10,VAUXHALL CORSA,-1,-1,0,-1
2024201483056,2024,201483056,2,9,0,-1,19,1,5,-1,0,0,0,0,0,0,3,1,-1,9,2,32,6,1199,1,4,VAUXHALL CORSA,6,E01010394,0,3
2024622400850,2024,622400850,2,9,0,17,19,6,2,0,0,0,0,0,0,0,1,1,6,6,2,75,10,1398,1,5,VAUXHALL CORSA,7,W01001246,0,4
2024141521609,2024,141521609,1,9,0,-1,19,1,5,-1,0,0,0,0,0,0,1,1,-1,9,2,37,7,1362,1,12,VAUXHALL CORSA,10,E01007826,0,3
2024161412298,2024,161412298,1,9,0,-1,19,6,2,-1,0,1,0,0,0,0,1,1,-1,6,2,30,6,1398,1,6,VAUXHALL CORSA,1,E01012876,0,1
2024070572109,2024,070572109,1,9,0,5,5,2,6,0,0,4,0,0,0,0,1,1,6,6,1,-1,-1,998,1,14,VAUXHALL CORSA,7,E01018711,0,2
2024440143787,2024,440143787,2,9,0,2,2,0,0,0,0,0,0,0,0,0,2,1,6,6,1,-1,-1,1229,1,14,VAUXHALL CORSA,10,E01032850,0,4
2024052400569,2024,052400569,1,9,0,18,19,4,8,0,0,8,0,0,0,0,1,1,2,2,1,22,5,1229,1,17,VAUXHALL CORSA,1,E01012455,0,4
2024320323210,2024,320323210,3,9,0,-1,-1,2,7,0,0,0,0,0,0,0,0,-1,1,1,2,80,11,1229,1,11,VAUXHALL CORSA,-1,-1,0,-1
2024991482577,2024,991482577,1,9,0,-1,3,5,1,-1,0,1,1,0,0,0,1,1,-1,6,1,23,5,1229,1,12,VAUXHALL CORSA,9,-1,0,1
2024131421614,2024,131421614,1,9,0,-1,19,3,7,-1,0,0,0,0,0,0,0,1,-1,6,1,31,6,1229,1,16,VAUXHALL CORSA,4,E01000929,0,5
2024041439027,2024,041439027,2,9,0,-1,7,1,3,-1,0,0,0,0,0,0,2,1,-1,2,1,25,5,1398,1,8,VAUXHALL CORSA,7,E01025326,0,3
2024371460449,2024,371460449,1,9,0,-1,5,8,6,-1,0,1,0,0,0,0,1,1,-1,9,2,17,4,1398,1,10,VAUXHALL CORSA,9,E01033316,0,3
2024010486958,2024,010486958,1,9,0,13,13,5,1,0,0,0,0,0,0,0,1,1,6,6,1,22,5,1229,1,16,VAUXHALL CORSA,2,E01001673,0,1
2024061414632,2024,061414632,1,9,-1,-1,-1,-1,-1,-1,-1,0,-1,-1,-1,0,-1,9,-1,6,3,-1,-1,1686,2,17,VAUXHALL CORSA,-1,-1,0,-1
2024010509142,2024,010509142,1,9,0,18,19,1,5,0,0,1,0,0,0,0,3,1,6,6,2,38,7,1398,1,5,VAUXHALL CORSA,2,E01001181,0,2
2024430258918,2024,430258918,2,9,0,18,19,6,2,0,0,0,0,0,0,0,1,1,6,6,1,-1,-1,1398,1,6,VAUXHALL CORSA,-1,-1,0,-1
2024451532571,2024,451532571,2,9,0,-1,11,3,7,-1,0,0,0,0,0,0,1,1,-1,2,2,22,5,1229,1,10,VAUXHALL CORSA,7,E01024726,0,4
2024461412606,2024,461412606,1,9,0,-1,15,1,1,-1,0,1,0,0,0,0,3,1,-1,6,2,55,8,973,1,22,VAUXHALL CORSA,3,E01024482,0,1
2024131534184,2024,131534184,1,9,0,-1,-1,-1,-1,-1,-1,0,-1,-1,-1,-1,-1,1,-1,6,3,-1,-1,1199,1,20,VAUXHALL CORSA,-1,-1,0,-1
2024101502375,2024,101502375,1,9,0,-1,19,4,1,-1,0,8,0,0,0,0,1,1,-1,9,1,35,6,1199,1,3,VAUXHALL CORSA,8,E01008287,0,2
2024340NN4132,2024,340NN4132,1,9,0,-1,9,7,5,-1,0,0,0,0,0,0,1,1,-1,2,2,43,7,1398,1,9,VAUXHALL CORSA,7,E01032963,0,2
2024520402756,2024,520402756,1,9,0,5,5,2,1,0,0,6,0,0,0,0,1,1,6,6,1,23,5,1598,1,14,VAUXHALL CORSA,2,E01014799,0,4
2024421424012,2024,421424012,1,9,0,-1,19,7,1,-1,0,0,0,0,0,0,1,1,-1,9,2,19,4,1248,2,18,VAUXHALL CORSA,6,E01021571,0,1
2024351445192,2024,351445192,2,9,0,-1,5,4,8,-1,0,1,0,0,0,0,2,1,-1,7,2,34,6,1248,2,6,VAUXHALL CORSA,5,E01033180,0,2
2024421474889,2024,421474889,2,9,0,-1,2,0,0,-1,0,0,0,0,0,0,2,1,-1,6,-1,-1,-1,1229,1,14,VAUXHALL CORSA,-1,-1,0,-1
2024541892624,2024,541892624,1,9,0,18,19,4,8,0,0,0,1,0,8,11,1,1,6,6,1,21,5,1398,1,9,VAUXHALL CORSA,6,E01032519,0,4
2024531464965,2024,531464965,1,9,0,-1,19,3,7,-1,0,1,0,0,0,0,1,1,-1,2,2,42,7,1199,1,5,VAUXHALL CORSA,9,E01022396,0,3
202454E270324,2024,54E270324,1,9,0,18,19,6,2,0,0,0,5,0,4,6,1,1,6,6,2,27,6,1398,1,8,VAUXHALL CORSA,5,E01020046,0,4
2024440471539,2024,440471539,2,9,0,5,5,7,3,0,0,4,0,0,0,0,1,1,6,6,1,18,4,1229,1,15,VAUXHALL CORSA,10,E01032850,0,1
2024351547792,2024,351547792,1,9,0,-1,19,6,2,-1,0,0,1,0,0,0,1,1,-1,6,2,28,6,1364,1,18,VAUXHALL CORSA,3,E01030115,0,1
2024631406612,2024,631406612,1,9,0,-1,19,4,8,-1,0,0,1,0,2,10,1,1,-1,9,2,30,6,1229,1,18,VAUXHALL CORSA,2,W01000483,0,2
2024522402139,2024,522402139,2,9,0,17,19,1,7,0,0,8,0,0,0,0,1,1,6,6,1,26,6,1229,1,18,VAUXHALL CORSA,8,E01014373,0,2
2024041521891,2024,041521891,3,9,0,-1,19,1,5,-1,0,0,0,0,0,0,2,1,-1,2,2,55,8,1248,2,9,VAUXHALL CORSA,4,E01025459,0,3
2024471403108,2024,471403108,2,9,0,-1,2,0,0,-1,0,0,0,0,0,0,3,1,-1,6,-1,-1,-1,1229,1,12,VAUXHALL CORSA,-1,-1,0,-1
2024161456808,2024,161456808,1,9,0,-1,9,3,1,-1,0,8,0,0,2,0,4,1,-1,9,1,18,4,998,1,11,VAUXHALL CORSA,10,E01013275,0,1
2024131456245,2024,131456245,1,9,0,-1,7,3,3,-1,0,6,0,0,0,0,1,1,-1,9,2,28,6,1199,1,4,VAUXHALL CORSA,5,E01010970,0,1
2024141429798,2024,141429798,2,9,0,-1,7,8,4,-1,0,6,0,0,0,0,1,1,-1,9,1,19,4,1398,1,14,VAUXHALL CORSA,1,E01007874,0,1
2024451524250,2024,451524250,1,9,0,-1,19,5,1,-1,0,1,0,0,0,0,1,1,-1,9,2,90,11,1398,1,12,VAUXHALL CORSA,8,E01030822,0,1
2024201540664,2024,201540664,2,9,0,-1,5,7,4,-1,0,2,0,0,0,0,4,1,-1,9,2,57,9,1398,1,8,VAUXHALL CORSA,-1,-1,0,-1
2024451535670,2024,451535670,1,9,0,-1,19,3,7,-1,0,1,0,0,1,0,1,1,-1,9,2,21,5,1229,1,15,VAUXHALL CORSA,6,E01004086,0,2
2024351484497,2024,351484497,2,9,0,-1,19,5,1,-1,0,0,0,0,0,0,1,1,-1,9,2,46,8,1398,1,13,VAUXHALL CORSA,8,E01015646,0,1
2024531500686,2024,531500686,1,9,0,-1,19,8,4,-1,0,1,0,0,0,0,1,1,-1,9,2,26,6,1229,1,15,VAUXHALL CORSA,8,E01022423,0,2
2024221484834,2024,221484834,2,9,0,-1,3,5,1,-1,0,0,0,0,0,0,2,1,-1,2,2,20,4,1229,1,18,VAUXHALL CORSA,5,E01014041,0,3
2024010540598,2024,010540598,2,9,0,9,9,7,5,0,0,8,0,0,0,0,4,1,6,6,2,46,8,1199,1,4,VAUXHALL CORSA,4,E01002796,0,2
2024522401325,2024,522401325,1,9,0,9,9,6,4,0,0,6,0,0,0,0,4,1,6,6,2,29,6,1199,1,1,VAUXHALL CORSA,3,E01014612,0,1
2024031461927,2024,031461927,1,9,0,-1,19,3,7,-1,0,0,1,11,0,0,1,9,-1,6,2,24,5,1199,1,2,VAUXHALL CORSA,2,E01006107,0,5
2024461467124,2024,461467124,2,9,0,-1,19,2,6,-1,0,8,1,0,7,0,1,1,-1,9,1,42,7,1398,1,12,VAUXHALL CORSA,2,E01016064,0,1
2024201520395,2024,201520395,2,9,0,-1,7,8,3,-1,0,5,0,0,0,0,1,1,-1,6,1,34,6,1398,1,9,VAUXHALL CORSA,9,E01010547,0,1
2024421517264,2024,421517264,1,9,0,-1,19,8,5,-1,0,0,5,0,3,0,1,1,-1,9,1,17,4,1229,1,13,VAUXHALL CORSA,2,E01021327,0,2
2024231467755,2024,231467755,1,9,0,-1,9,7,5,-1,0,6,0,0,0,0,3,1,-1,9,1,25,5,1229,1,15,VAUXHALL CORSA,3,E01031115,0,2
2024101489700,2024,101489700,1,9,0,-1,14,1,5,-1,0,0,1,0,2,0,4,1,-1,2,1,52,8,1248,2,16,VAUXHALL CORSA,1,E01008436,0,1
2024131522416,2024,131522416,1,9,0,-1,19,1,1,-1,0,1,0,0,0,0,1,1,-1,2,1,25,5,998,1,16,VAUXHALL CORSA,1,E01010650,0,3
2024991483721,2024,991483721,2,9,0,-1,19,4,8,-1,0,0,0,0,0,0,3,1,-1,9,2,30,6,1199,1,4,VAUXHALL CORSA,3,-1,0,2
2024430283034,2024,430283034,2,9,0,18,19,7,3,0,0,0,0,0,0,0,1,1,6,6,2,-1,-1,1229,1,12,VAUXHALL CORSA,-1,-1,0,-1