collision_index,collision_year,collision_ref_no,vehicle_reference,vehicle_type,towing_and_articulation,vehicle_manoeuvre_historic,vehicle_manoeuvre,vehicle_direction_from,vehicle_direction_to,vehicle_location_restricted_lane_historic,vehicle_location_restricted_lane,junction_location,skidding_and_overturning,hit_object_in_carriageway,vehicle_leaving_carriageway,hit_object_off_carriageway,first_point_of_impact,vehicle_left_hand_drive,journey_purpose_of_driver_historic,journey_purpose_of_driver,sex_of_driver,age_of_driver,age_band_of_driver,engine_capacity_cc,propulsion_code,age_of_vehicle,generic_make_model,driver_imd_decile,lsoa_of_driver,escooter_flag,driver_distance_banding
2024421503200,2024,421503200,1,9,0,-1,4,8,4,-1,0,1,0,0,0,0,1,1,-1,6,3,22,5,1229,1,15,VAUXHALL CORSA,9,E01033614,0,1
2024201448765,2024,201448765,1,9,4,-1,19,5,1,-1,0,0,2,10,1,1,4,1,-1,6,1,20,4,1248,2,16,VAUXHALL CORSA,2,E01010344,0,1
2024320245764,2024,320245764,1,9,0,-1,-1,2,6,0,0,0,1,4,0,0,1,1,-1,-1,1,20,4,1229,1,11,VAUXHALL CORSA,7,E01025958,0,5
2024221464438,2024,221464438,1,9,0,-1,19,1,6,-1,0,0,0,0,1,3,1,1,-1,9,1,44,7,1398,1,6,VAUXHALL CORSA,2,E01032435,0,3
2024501398007,2024,501398007,1,9,0,-1,5,3,6,-1,0,2,0,10,7,10,1,1,-1,9,2,80,11,1229,1,13,VAUXHALL CORSA,4,E01018982,0,1
2024010545509,2024,010545509,1,9,0,6,6,3,3,6,6,1,0,0,0,0,1,1,6,6,2,25,5,1229,1,9,VAUXHALL CORSA,2,E01032579,0,2
2024522402238,2024,522402238,1,9,0,15,15,7,3,0,0,1,0,0,0,0,3,1,6,6,1,19,4,998,1,10,VAUXHALL CORSA,-1,-1,0,-1
2024211441396,2024,211441396,2,9,0,-1,19,5,1,-1,0,3,0,0,0,0,1,1,-1,6,1,18,4,1364,1,15,VAUXHALL CORSA,3,E01014282,0,1
2024302400416,2024,302400416,2,9,0,2,2,0,0,0,0,0,0,0,0,0,3,1,6,6,2,41,7,1229,1,15,VAUXHALL CORSA,2,E01027986,0,3
2024311426767,2024,311426767,2,9,0,-1,19,2,6,-1,0,8,0,0,0,0,1,1,-1,6,2,71,10,1398,1,10,VAUXHALL CORSA,3,E01028166,0,1
2024101427646,2024,101427646,1,9,0,-1,9,8,2,-1,0,5,0,0,0,0,1,1,-1,6,1,32,6,1248,2,12,VAUXHALL CORSA,3,E01008202,0,1
2024531427494,2024,531427494,1,9,0,-1,7,4,8,-1,0,6,0,10,6,0,2,1,-1,6,1,66,10,1598,1,6,VAUXHALL CORSA,10,E01022193,0,1
2024371406292,2024,371406292,1,9,0,-1,10,2,4,-1,0,2,0,0,0,0,3,1,-1,6,1,39,7,1248,2,12,VAUXHALL CORSA,2,E01030289,0,1
2024010529988,2024,010529988,1,9,0,18,19,5,1,0,0,1,0,0,0,0,1,1,6,6,2,20,4,1199,1,1,VAUXHALL CORSA,2,E01033148,0,1
2024052400488,2024,052400488,1,9,0,5,5,6,2,0,0,1,0,0,0,0,3,1,6,6,1,19,4,1398,1,12,VAUXHALL CORSA,5,E01025509,0,2
2024010547230,2024,010547230,1,9,0,99,99,9,9,99,99,9,9,99,9,99,9,9,6,6,2,64,9,1398,1,8,VAUXHALL CORSA,6,E01002692,0,1
2024010535823,2024,010535823,2,9,0,99,99,9,9,99,99,9,9,99,9,99,2,9,6,6,2,25,5,1229,1,9,VAUXHALL CORSA,4,E01003042,0,2
2024361397346,2024,361397346,1,9,0,-1,9,7,5,-1,0,0,0,0,0,0,3,1,-1,2,2,51,8,1229,1,10,VAUXHALL CORSA,5,E01026728,0,4
2024221529721,2024,221529721,2,9,0,-1,19,7,3,-1,0,8,0,0,0,0,1,1,-1,6,1,71,10,1398,1,8,VAUXHALL CORSA,9,E01028935,0,1
2024371476075,2024,371476075,1,9,0,-1,19,3,7,-1,0,1,0,0,0,0,4,1,-1,9,2,56,9,1398,1,7,VAUXHALL CORSA,1,E01033130,0,1
2024161501894,2024,161501894,1,9,0,-1,19,6,2,-1,0,1,1,4,5,0,4,9,-1,6,1,18,4,1229,1,17,VAUXHALL CORSA,10,E01013117,0,1
2024544434824,2024,544434824,2,9,0,18,19,7,3,0,0,8,0,0,0,0,1,1,6,6,1,36,7,1229,1,10,VAUXHALL CORSA,7,E01015513,0,1
2024451523500,2024,451523500,1,9,0,-1,19,2,2,-1,0,1,5,4,1,0,1,1,-1,9,2,52,8,1229,1,16,VAUXHALL CORSA,3,E01030362,0,1
2024401529198,2024,401529198,2,9,0,-1,19,5,1,-1,0,8,0,0,0,0,1,1,-1,1,2,33,6,1229,1,10,VAUXHALL CORSA,2,E01015738,0,4
2024440023492,2024,440023492,1,9,0,17,19,1,6,0,0,1,0,0,0,0,1,1,6,6,1,21,5,1364,1,18,VAUXHALL CORSA,1,E01017466,0,5
2024211494729,2024,211494729,1,9,0,-1,8,3,8,-1,0,6,0,0,0,0,3,1,-1,6,2,74,10,-1,3,2,VAUXHALL CORSA,9,E01029712,0,2
2024610019524,2024,610019524,2,9,0,18,19,3,7,0,0,0,0,0,0,0,2,1,6,6,1,33,6,1398,1,9,VAUXHALL CORSA,6,W01001680,0,1
2024010532789,2024,010532789,1,9,0,99,99,9,9,99,99,9,9,99,9,99,2,9,1,1,2,34,6,1398,1,8,VAUXHALL CORSA,4,E01002313,0,1
2024201459221,2024,201459221,1,9,0,-1,19,8,4,-1,0,1,0,0,0,0,1,9,-1,6,1,28,6,1398,1,8,VAUXHALL CORSA,1,E01034913,0,1
2024070134548,2024,070134548,1,9,0,18,19,5,1,0,0,0,0,0,0,0,0,1,2,2,2,17,4,1199,1,2,VAUXHALL CORSA,-1,-1,0,-1
2024430085144,2024,430085144,1,9,0,17,19,3,8,0,0,0,5,0,1,11,4,1,6,6,1,56,9,1364,1,17,VAUXHALL CORSA,-1,-1,0,-1
2024401544310,2024,401544310,2,9,0,-1,19,6,1,-1,0,0,5,0,1,0,1,1,-1,2,2,63,9,1229,1,15,VAUXHALL CORSA,9,E01017558,0,1
2024501520582,2024,501520582,1,9,0,-1,6,2,6,-1,0,0,0,0,0,0,3,1,-1,1,1,35,6,1389,1,20,VAUXHALL CORSA,5,E01020030,0,1
2024010520598,2024,010520598,2,9,0,99,99,9,9,99,99,9,9,99,9,99,1,9,6,6,3,-1,-1,1248,2,8,VAUXHALL CORSA,3,E01001983,0,1
2024010549980,2024,010549980,2,9,0,9,9,7,4,0,0,5,0,0,0,0,1,1,6,6,2,34,6,1229,1,13,VAUXHALL CORSA,8,E01001123,0,2
2024430388586,2024,430388586,2,9,0,17,19,8,5,0,0,8,0,0,0,0,1,1,6,6,1,62,9,1199,1,4,VAUXHALL CORSA,9,E01023217,0,4
2024332400466,2024,332400466,2,9,0,-1,7,8,2,-1,0,6,0,0,0,0,1,1,-1,6,1,-1,-1,1229,1,15,VAUXHALL CORSA,-1,-1,0,-1
2024411427090,2024,411427090,2,9,0,-1,2,0,0,-1,0,0,0,0,0,0,2,1,-1,6,-1,-1,-1,1398,1,13,VAUXHALL CORSA,-1,-1,0,-1
2024231460406,2024,231460406,1,9,0,-1,19,8,5,-1,0,0,0,0,1,10,1,1,-1,9,1,35,6,1398,1,12,VAUXHALL CORSA,6,E01035021,0,3
2024101511921,2024,101511921,1,9,0,-1,19,5,1,-1,0,2,0,0,0,0,1,9,-1,6,3,40,7,1199,1,1,VAUXHALL CORSA,-1,-1,0,-1
2024440202878,2024,440202878,1,9,0,5,5,7,3,0,0,6,0,0,0,0,3,1,6,6,1,52,8,1398,1,8,VAUXHALL CORSA,4,E01017020,0,1
2024070280050,2024,070280050,2,9,0,18,19,1,5,0,0,8,0,0,0,0,3,1,6,6,1,32,6,998,1,10,VAUXHALL CORSA,4,E01012510,0,1
2024371454173,2024,371454173,1,9,0,-1,19,4,8,-1,0,0,0,0,0,0,1,1,-1,2,1,33,6,1398,1,10,VAUXHALL CORSA,3,E01033046,0,1
2024201488112,2024,201488112,1,9,0,-1,19,2,6,-1,0,0,5,4,0,0,1,1,-1,6,1,54,8,1398,1,6,VAUXHALL CORSA,-1,-1,0,-1
2024010522759,2024,010522759,1,9,0,15,15,1,5,0,0,1,0,0,0,0,3,1,6,6,2,59,9,998,1,17,VAUXHALL CORSA,3,E01000222,0,1
2024010531365,2024,010531365,1,9,0,99,99,9,9,99,99,9,9,99,9,99,9,9,6,6,2,24,5,998,1,15,VAUXHALL CORSA,3,E01004240,0,1
2024430563449,2024,430563449,1,9,-1,-1,-1,1,5,0,0,1,0,0,0,0,2,-1,6,6,1,46,8,1398,1,14,VAUXHALL CORSA,4,E01016716,0,1
2024131516463,2024,131516463,2,9,0,-1,19,2,1,-1,0,0,0,0,0,0,3,1,-1,6,2,19,4,1248,2,11,VAUXHALL CORSA,10,E01011411,0,1
2024010540646,2024,010540646,1,9,0,99,99,9,9,99,99,0,9,99,9,99,1,9,6,6,1,23,5,1229,1,12,VAUXHALL CORSA,4,E01004406,0,2
2024221513960,2024,221513960,1,9,0,-1,19,2,6,-1,0,0,1,0,1,9,1,2,-1,2,2,19,4,1229,1,11,VAUXHALL CORSA,-1,-1,0,-1
2024552400992,2024,552400992,1,9,0,13,13,5,1,0,0,8,0,0,0,0,4,1,2,2,2,27,6,1364,1,17,VAUXHALL CORSA,3,E01020393,0,1
2024461506315,2024,461506315,1,9,0,-1,19,1,5,-1,0,4,0,0,0,0,1,9,-1,6,1,20,4,1199,1,0,VAUXHALL CORSA,2,E01024066,0,3
2024302401050,2024,302401050,1,9,0,18,19,7,3,0,0,0,2,0,0,0,1,1,6,6,2,35,6,1229,1,17,VAUXHALL CORSA,3,E01019687,0,1
202454F128424,2024,54F128424,1,9,0,18,19,4,8,0,0,0,0,0,0,0,1,1,6,6,2,59,9,1229,1,15,VAUXHALL CORSA,1,E01015573,0,1
2024101431252,2024,101431252,1,9,0,-1,4,7,3,-1,0,1,0,0,3,0,1,1,-1,6,1,20,4,1199,1,1,VAUXHALL CORSA,2,E01027530,0,3
202460Q144868,2024,60Q144868,2,9,0,3,3,3,7,0,0,7,0,0,0,0,2,1,2,2,2,34,6,1248,2,19,VAUXHALL CORSA,-1,-1,0,-1
2024522500010,2024,522500010,1,9,0,18,19,2,6,0,0,0,0,0,0,0,1,1,6,6,2,28,6,1248,2,8,VAUXHALL CORSA,9,W01001639,0,4
2024430205979,2024,430205979,2,9,0,18,19,1,5,0,0,8,0,0,0,0,1,1,6,6,1,-1,-1,1398,1,6,VAUXHALL CORSA,4,E01016395,0,1
2024010550725,2024,010550725,1,9,0,18,19,1,5,0,0,0,5,0,0,0,1,1,2,2,1,24,5,998,1,11,VAUXHALL CORSA,3,E01004576,0,3
2024311542577,2024,311542577,1,9,0,-1,19,3,7,-1,0,0,0,0,1,0,1,1,-1,9,1,39,7,1398,1,9,VAUXHALL CORSA,-1,-1,0,-1
2024371516245,2024,371516245,1,9,0,-1,19,8,4,-1,0,1,0,0,0,0,1,1,-1,7,2,24,5,1199,1,3,VAUXHALL CORSA,8,E01030060,0,1
2024061487389,2024,061487389,1,9,0,-1,9,6,4,-1,0,6,1,0,0,0,1,1,-1,6,1,25,5,1364,1,16,VAUXHALL CORSA,3,E01005149,0,1
2024451529917,2024,451529917,4,9,0,-1,4,5,1,-1,0,0,0,0,0,0,1,1,-1,9,2,42,7,1398,1,6,VAUXHALL CORSA,10,E01023093,0,3
2024522402417,2024,522402417,1,9,0,9,9,8,6,0,0,6,0,0,0,0,1,1,6,6,1,54,8,1229,1,14,VAUXHALL CORSA,4,E01014991,0,2
2024311455837,2024,311455837,1,9,0,-1,5,1,5,-1,0,4,0,0,0,0,1,1,-1,6,2,31,6,1398,1,5,VAUXHALL CORSA,10,E01028412,0,3
202460Q114182,2024,60Q114182,2,9,0,18,19,3,7,0,0,0,0,0,0,0,2,1,6,6,2,68,10,998,1,13,VAUXHALL CORSA,-1,-1,0,-1
2024991497387,2024,991497387,2,9,0,-1,19,3,7,-1,0,1,1,0,0,0,1,1,-1,9,2,31,6,1398,1,6,VAUXHALL CORSA,5,-1,0,2
2024340NN3622,2024,340NN3622,1,9,0,-1,9,3,1,-1,0,8,1,0,0,0,1,1,-1,2,1,29,6,1398,1,7,VAUXHALL CORSA,3,E01027060,0,2
2024111501589,2024,111501589,1,9,0,-1,9,6,4,-1,0,0,0,0,0,0,1,1,-1,6,2,46,8,1229,1,15,VAUXHALL CORSA,2,E01020686,0,2
2024141408697,2024,141408697,1,9,0,-1,19,1,5,-1,0,1,0,0,0,0,4,1,-1,9,1,19,4,1229,1,11,VAUXHALL CORSA,5,E01019782,0,3
2024010524135,2024,010524135,2,9,0,3,3,1,5,0,0,1,0,0,0,0,2,1,6,6,1,68,10,1229,1,19,VAUXHALL CORSA,4,E01004421,0,1
2024231460755,2024,231460755,2,9,0,-1,19,1,5,-1,0,8,0,0,0,0,1,9,-1,2,2,50,8,998,1,10,VAUXHALL CORSA,4,E01031032,0,1
2024041458581,2024,041458581,2,9,0,-1,19,3,7,-1,0,3,0,0,0,0,1,1,-1,2,1,34,6,1398,1,10,VAUXHALL CORSA,4,E01025427,0,1
2024411455189,2024,411455189,2,9,-1,-1,19,-1,-1,-1,0,0,0,0,1,0,-1,1,-1,9,2,24,5,1229,1,11,VAUXHALL CORSA,2,E01015726,0,2
2024451534998,2024,451534998,1,9,0,-1,5,3,7,-1,0,2,0,0,0,0,1,1,-1,9,2,75,10,1398,1,8,VAUXHALL CORSA,7,E01002931,0,2
2024052402206,2024,052402206,2,9,0,18,19,2,6,0,0,8,0,10,1,0,3,1,6,6,2,78,11,1398,1,7,VAUXHALL CORSA,7,E01006579,0,1
2024501471571,2024,501471571,1,9,0,-1,19,1,5,-1,0,0,0,0,0,0,1,1,-1,9,2,57,9,1199,1,1,VAUXHALL CORSA,6,E01015244,0,2
2024010535592,2024,010535592,1,9,0,6,6,1,1,0,0,0,0,0,0,0,0,1,6,6,2,28,6,1199,1,2,VAUXHALL CORSA,7,E01023335,0,4
2024440196278,2024,440196278,2,9,0,18,19,6,2,0,0,0,0,0,0,0,1,1,6,6,1,63,9,1229,1,10,VAUXHALL CORSA,10,E01016664,0,3
2024131502878,2024,131502878,1,9,0,-1,-1,3,7,-1,-1,8,-1,-1,-1,0,-1,1,-1,6,3,-1,-1,1199,1,3,VAUXHALL CORSA,-1,-1,0,-1
2024440267037,2024,440267037,1,9,0,4,4,8,4,0,0,0,0,0,0,0,2,1,6,6,2,39,7,1229,1,10,VAUXHALL CORSA,3,E01034714,0,2
2024991497501,2024,991497501,2,9,0,-1,19,2,7,-1,0,0,0,0,0,0,1,1,-1,6,2,38,7,1199,1,4,VAUXHALL CORSA,-1,-1,0,-1
2024451465571,2024,451465571,1,9,0,-1,4,5,1,-1,0,0,0,0,0,0,4,1,-1,2,2,23,5,1398,1,7,VAUXHALL CORSA,7,E01009550,0,5
2024520402621,2024,520402621,1,9,0,18,19,7,3,0,0,8,0,0,1,4,1,1,6,6,1,18,4,1229,1,13,VAUXHALL CORSA,8,E01014394,0,1
2024451494116,2024,451494116,1,9,0,-1,19,5,1,-1,0,0,0,4,0,0,1,1,-1,9,2,77,11,1364,1,17,VAUXHALL CORSA,3,E01030608,0,1
2024411509432,2024,411509432,2,9,0,-1,19,6,2,-1,0,0,0,0,4,6,1,1,-1,9,2,36,7,1364,1,18,VAUXHALL CORSA,8,E01023590,0,3
2024622400620,2024,622400620,1,9,0,18,19,2,6,0,0,0,0,0,0,0,1,1,6,6,2,36,7,-1,3,1,VAUXHALL CORSA,2,W01000865,0,1
2024131467121,2024,131467121,3,9,0,-1,2,0,0,-1,0,2,0,0,0,0,2,1,-1,6,2,37,7,1398,1,7,VAUXHALL CORSA,-1,-1,0,-1
2024451533840,2024,451533840,1,9,0,-1,19,1,5,-1,0,0,1,0,1,4,4,1,-1,6,1,19,4,1229,1,11,VAUXHALL CORSA,8,E01022871,0,2
2024221495887,2024,221495887,1,9,0,-1,13,3,7,-1,0,8,0,0,7,4,4,1,-1,9,1,47,8,1229,1,13,VAUXHALL CORSA,5,E01031242,0,2
2024131413562,2024,131413562,1,9,0,-1,9,1,5,-1,0,1,0,0,0,0,1,1,-1,9,1,60,9,1398,1,6,VAUXHALL CORSA,2,E01011014,0,1
2024010547844,2024,010547844,1,9,0,99,99,9,9,99,99,9,9,99,9,99,1,9,6,6,1,21,5,1398,1,12,VAUXHALL CORSA,6,E01002523,0,1
2024991485210,2024,991485210,2,9,0,-1,2,3,7,-1,0,0,0,0,0,0,2,1,-1,2,2,23,5,1199,1,3,VAUXHALL CORSA,8,-1,0,2
2024531417389,2024,531417389,2,9,0,-1,4,2,6,-1,0,1,0,0,0,0,2,1,-1,9,2,25,5,1199,1,4,VAUXHALL CORSA,9,E01022340,0,1
2024131409707,2024,131409707,2,9,0,-1,19,1,1,-1,0,0,0,0,0,0,3,1,-1,2,1,30,6,1364,1,17,VAUXHALL CORSA,1,E01011094,0,1
2024161412601,2024,161412601,1,9,0,-1,19,1,5,-1,0,0,0,4,0,0,1,1,-1,9,2,62,9,1364,1,15,VAUXHALL CORSA,1,E01012781,0,1
2024430417191,2024,430417191,1,9,0,18,19,4,8,0,0,0,0,0,0,0,1,1,6,6,1,38,7,1364,1,16,VAUXHALL CORSA,1,E01006607,0,5
2024421451950,2024,421451950,1,9,0,-1,19,2,6,-1,0,1,0,0,0,0,2,1,-1,6,1,72,10,1199,1,2,VAUXHALL CORSA,9,E01021825,0,1
2024101447909,2024,101447909,1,9,0,-1,19,3,7,-1,0,0,0,0,7,0,1,1,-1,9,1,18,4,1398,1,11,VAUXHALL CORSA,4,E01027445,0,4
2024010501321,2024,010501321,2,9,0,99,99,9,9,99,99,9,9,99,9,99,1,9,6,6,3,-1,-1,1199,1,4,VAUXHALL CORSA,-1,-1,0,-1
2024430323783,2024,430323783,1,9,0,17,19,3,7,0,0,0,2,0,7,4,1,1,6,6,1,-1,-1,1248,2,15,VAUXHALL CORSA,5,E01028635,0,1
2024010511224,2024,010511224,1,9,0,99,99,9,9,99,99,9,9,99,9,99,9,9,2,2,1,27,6,1199,1,1,VAUXHALL CORSA,5,E01033917,0,3
2024461439431,2024,461439431,1,9,0,-1,19,6,2,-1,0,6,2,0,0,0,1,9,-1,6,1,18,4,1199,1,3,VAUXHALL CORSA,-1,-1,0,-1
2024320472133,2024,320472133,3,9,0,2,2,0,0,0,0,0,0,0,0,0,3,2,6,6,2,38,7,1199,1,4,VAUXHALL CORSA,3,E01026183,0,1
2024010533056,2024,010533056,2,9,9,99,99,9,9,99,99,9,9,99,9,99,9,9,6,6,1,22,5,1229,1,11,VAUXHALL CORSA,2,E01023844,0,2
2024041398687,2024,041398687,2,9,0,-1,19,5,1,-1,0,8,1,0,7,0,4,1,-1,9,2,18,4,1229,1,10,VAUXHALL CORSA,6,E01025555,0,3
2024131405670,2024,131405670,1,9,0,-1,9,1,3,-1,0,6,0,0,0,0,3,1,-1,6,2,41,7,1398,1,11,VAUXHALL CORSA,3,E01035042,0,1
202460Q189260,2024,60Q189260,1,9,0,18,19,6,4,0,0,6,0,0,0,0,1,1,6,6,1,84,11,1199,1,4,VAUXHALL CORSA,-1,-1,0,-1
2024332400473,2024,332400473,2,9,0,-1,19,4,1,-1,0,8,0,0,0,0,1,1,-1,9,2,79,11,1364,1,17,VAUXHALL CORSA,6,E01025874,0,1
2024010510035,2024,010510035,2,9,0,99,99,9,9,99,99,9,9,99,9,99,1,9,6,6,1,17,4,1229,1,15,VAUXHALL CORSA,7,E01000764,0,2
2024201432002,2024,201432002,1,9,0,-1,19,1,5,-1,0,1,0,0,0,0,3,1,-1,6,1,45,7,1229,1,17,VAUXHALL CORSA,1,E01009155,0,1
2024101439522,2024,101439522,1,9,0,-1,19,5,1,-1,0,1,5,0,0,0,4,1,-1,9,1,37,7,1199,1,1,VAUXHALL CORSA,1,E01034514,0,1
2024201400912,2024,201400912,1,9,0,-1,11,4,8,-1,0,8,0,0,0,0,1,1,-1,6,1,-1,-1,1598,1,10,VAUXHALL CORSA,-1,-1,0,-1
2024010544596,2024,010544596,2,9,0,99,99,9,9,99,99,9,9,99,9,99,1,1,6,6,3,-1,-1,1229,1,9,VAUXHALL CORSA,-1,-1,0,-1
2024101497565,2024,101497565,1,9,0,-1,9,2,5,-1,0,2,0,0,0,0,1,1,-1,9,1,29,6,1199,1,1,VAUXHALL CORSA,3,E01008202,0,1
2024010507256,2024,010507256,1,9,0,3,3,3,7,0,0,1,0,0,0,0,4,1,6,6,2,18,4,1398,1,7,VAUXHALL CORSA,5,E01002440,0,3
2024052401897,2024,052401897,2,9,0,3,3,2,6,0,0,0,0,0,0,0,2,1,6,6,1,48,8,1199,1,2,VAUXHALL CORSA,10,E01018407,0,4
2024101537282,2024,101537282,3,9,-1,-1,-1,7,2,-1,-1,0,-1,-1,-1,0,-1,9,-1,6,3,-1,-1,1199,1,3,VAUXHALL CORSA,7,E01008465,0,2
2024211493910,2024,211493910,1,9,0,-1,1,0,0,-1,0,0,0,0,0,0,0,1,-1,2,2,55,8,1229,1,10,VAUXHALL CORSA,2,E01014281,0,1
2024549425024,2024,549425024,2,9,0,9,9,5,1,0,0,1,0,0,0,0,2,1,6,6,2,66,10,1398,1,13,VAUXHALL CORSA,4,E01032014,0,2
2024430332918,2024,430332918,1,9,0,18,19,4,8,0,0,8,0,0,7,1,1,1,1,1,1,45,7,1229,1,16,VAUXHALL CORSA,9,E01016181,0,2
2024070139839,2024,070139839,1,9,0,6,6,8,4,0,0,1,0,0,0,0,3,1,6,6,1,21,5,1229,1,15,VAUXHALL CORSA,10,E01007190,0,1
2024332400434,2024,332400434,3,9,0,-1,8,3,5,-1,0,1,0,0,0,0,1,1,-1,6,1,21,5,1229,1,16,VAUXHALL CORSA,9,E01025619,0,1
2024201473784,2024,201473784,2,9,0,-1,3,2,6,-1,0,2,0,0,0,0,2,1,-1,6,1,34,6,1229,1,17,VAUXHALL CORSA,1,E01034307,0,1
2024061538082,2024,061538082,1,9,0,-1,1,8,4,-1,0,2,0,0,0,0,2,9,-1,6,3,-1,-1,1248,2,17,VAUXHALL CORSA,-1,-1,0,-1
2024052402440,2024,052402440,2,9,0,18,19,8,4,0,0,0,0,0,0,0,2,1,1,1,2,-1,-1,1199,1,1,VAUXHALL CORSA,-1,-1,0,-1
2024141400165,2024,141400165,1,9,0,-1,9,2,8,-1,0,1,0,0,0,0,3,1,-1,1,2,60,9,1248,2,12,VAUXHALL CORSA,-1,-1,0,-1
2024430238581,2024,430238581,1,9,0,18,19,3,7,0,0,6,0,0,0,0,3,1,1,1,1,54,8,1398,1,8,VAUXHALL CORSA,9,E01031841,0,2
2024052401536,2024,052401536,1,9,0,17,19,6,4,0,0,0,0,0,0,0,1,1,6,6,2,25,5,1229,1,15,VAUXHALL CORSA,4,E01006502,0,1
2024010528050,2024,010528050,1,9,0,4,4,3,7,0,0,8,0,0,0,0,0,1,1,1,1,24,5,1229,1,10,VAUXHALL CORSA,5,E01002492,0,1
2024440368631,2024,440368631,3,9,0,4,4,5,1,0,0,1,0,0,0,0,2,1,6,6,1,24,5,1229,1,9,VAUXHALL CORSA,9,E01022950,0,2
2024010507136,2024,010507136,1,9,0,99,99,9,9,99,99,0,9,99,9,99,2,9,6,6,2,26,6,1398,1,14,VAUXHALL CORSA,3,E01002027,0,2
2024461534049,2024,461534049,1,9,0,-1,19,6,6,-1,0,8,5,0,2,0,4,1,-1,9,1,18,4,1398,1,13,VAUXHALL CORSA,7,E01024465,0,2
2024101403199,2024,101403199,2,9,0,-1,19,1,5,-1,0,3,0,0,0,0,4,1,-1,6,2,23,5,1229,1,9,VAUXHALL CORSA,3,E01027531,0,1
2024010527267,2024,010527267,3,9,0,18,19,3,7,0,0,1,0,0,0,0,1,1,6,6,1,19,4,1229,1,12,VAUXHALL CORSA,8,E01003676,0,2
2024552401142,2024,552401142,1,9,0,9,9,5,3,0,0,6,0,0,0,0,1,1,6,6,2,18,4,1229,1,12,VAUXHALL CORSA,7,E01023057,0,2
2024131485725,2024,131485725,1,9,0,-1,7,1,3,-1,4,0,0,0,0,0,4,1,-1,9,2,59,9,-1,3,2,VAUXHALL CORSA,5,E01011728,0,1
2024231477718,2024,231477718,1,9,0,-1,19,8,4,-1,0,0,0,0,1,2,1,1,-1,1,2,26,6,1364,1,6,VAUXHALL CORSA,10,E01025832,0,1
2024131484665,2024,131484665,1,9,0,-1,19,7,3,-1,0,2,0,0,0,0,4,1,-1,6,2,51,8,1199,1,4,VAUXHALL CORSA,4,E01010708,0,3
2024440440242,2024,440440242,1,9,0,18,19,5,1,0,0,1,0,0,0,0,1,1,6,6,2,45,7,1398,1,8,VAUXHALL CORSA,6,E01022736,0,1
2024061526025,2024,061526025,1,9,0,-1,19,6,2,-1,0,0,0,0,0,0,1,9,-1,6,3,-1,-1,1229,1,13,VAUXHALL CORSA,-1,-1,0,-1
2024522402773,2024,522402773,2,9,0,9,9,1,7,0,0,6,0,0,0,0,3,1,6,6,2,19,4,1229,1,12,VAUXHALL CORSA,10,E01015021,0,1
2024161520471,2024,161520471,1,9,0,-1,4,1,5,-1,0,2,0,0,0,0,1,1,-1,6,2,-1,-1,1229,1,17,VAUXHALL CORSA,-1,-1,0,-1
2024231521181,2024,231521181,1,9,0,-1,8,3,5,-1,9,6,0,0,0,0,3,1,-1,9,2,18,4,1364,1,17,VAUXHALL CORSA,10,E01031110,0,1
2024622500010,2024,622500010,1,9,0,18,19,4,8,0,0,8,0,0,0,0,1,1,6,6,1,19,4,1229,1,14,VAUXHALL CORSA,3,W01001767,0,1
202460Q090928,2024,60Q090928,1,9,0,10,10,4,1,0,0,6,0,0,0,0,4,1,2,2,1,18,4,1362,1,10,VAUXHALL CORSA,-1,-1,0,-1
2024211535691,2024,211535691,3,9,0,-1,19,3,7,-1,0,0,0,0,0,0,1,1,-1,6,2,33,6,1248,2,18,VAUXHALL CORSA,1,E01014316,0,1
2024461507063,2024,461507063,1,9,0,-1,19,5,1,-1,0,0,1,0,0,0,1,1,-1,9,2,20,4,1229,1,14,VAUXHALL CORSA,7,E01024158,0,1
2024211488781,2024,211488781,2,9,0,-1,19,1,5,-1,0,0,0,0,0,0,1,1,-1,6,1,62,9,1398,1,6,VAUXHALL CORSA,-1,-1,0,-1
2024440418678,2024,440418678,2,9,0,18,19,3,1,0,0,4,0,0,0,0,3,1,6,6,2,58,9,1398,1,6,VAUXHALL CORSA,7,E01031535,0,2
2024531462372,2024,531462372,2,9,0,-1,5,2,6,-1,0,1,0,0,0,0,2,1,-1,2,2,55,8,1229,1,19,VAUXHALL CORSA,5,E01022327,0,1
2024411479140,2024,411479140,1,9,0,-1,4,1,5,-1,0,4,0,10,3,4,1,1,-1,6,1,19,4,998,1,10,VAUXHALL CORSA,5,E01023681,0,1
2024302400906,2024,302400906,2,9,0,10,10,8,4,0,0,8,0,0,0,0,2,1,6,6,2,44,7,1229,1,12,VAUXHALL CORSA,1,E01013584,0,1
2024471480934,2024,471480934,1,9,0,-1,19,1,5,-1,0,0,0,4,0,0,1,1,-1,9,1,27,6,1398,1,7,VAUXHALL CORSA,6,E01031673,0,1
2024401412342,2024,401412342,2,9,0,-1,19,7,3,-1,0,0,0,0,0,0,1,1,-1,6,2,21,5,1398,1,8,VAUXHALL CORSA,7,E01015764,0,1