collision_index,collision_year,collision_ref_no,vehicle_reference,vehicle_type,towing_and_articulation,vehicle_manoeuvre_historic,vehicle_manoeuvre,vehicle_direction_from,vehicle_direction_to,vehicle_location_restricted_lane_historic,vehicle_location_restricted_lane,junction_location,skidding_and_overturning,hit_object_in_carriageway,vehicle_leaving_carriageway,hit_object_off_carriageway,first_point_of_impact,vehicle_left_hand_drive,journey_purpose_of_driver_historic,journey_purpose_of_driver,sex_of_driver,age_of_driver,age_band_of_driver,engine_capacity_cc,propulsion_code,age_of_vehicle,generic_make_model,driver_imd_decile,lsoa_of_driver,escooter_flag,driver_distance_banding
2024361507338,2024,361507338,1,9,0,-1,19,-1,-1,-1,0,8,0,0,0,0,3,1,-1,6,2,24,5,1398,1,7,VAUXHALL CORSA,5,E01030286,0,4
2024010551120,2024,010551120,2,9,0,18,19,7,3,9,9,0,1,0,7,2,4,1,6,6,1,26,6,1199,1,1,VAUXHALL CORSA,-1,-1,0,-1
2024061450953,2024,061450953,4,9,0,-1,2,1,1,-1,0,0,0,0,0,0,1,1,-1,6,-1,18,4,1229,1,11,VAUXHALL CORSA,-1,-1,0,-1
2024991414314,2024,991414314,1,9,0,-1,19,3,7,-1,0,0,0,0,0,0,1,1,-1,9,1,76,11,1398,1,6,VAUXHALL CORSA,8,-1,0,1
2024401486294,2024,401486294,2,9,0,-1,2,3,7,-1,0,1,0,0,0,0,2,1,-1,9,2,37,7,1398,1,13,VAUXHALL CORSA,2,E01015758,0,1
2024302401518,2024,302401518,1,9,0,17,19,3,8,0,0,2,1,0,0,0,1,1,6,6,2,18,4,1229,1,14,VAUXHALL CORSA,7,E01019832,0,1
2024061411256,2024,061411256,1,9,0,-1,9,7,5,-1,0,8,0,0,0,0,3,1,-1,2,1,35,6,1248,2,12,VAUXHALL CORSA,2,E01005323,0,3
2024010547962,2024,010547962,4,9,0,18,19,3,7,0,0,1,0,0,0,0,1,1,6,6,2,19,4,1199,1,4,VAUXHALL CORSA,5,E01003654,0,2
2024531434647,2024,531434647,2,9,0,-1,4,3,7,-1,0,0,0,0,0,0,2,1,-1,1,2,26,6,1229,1,11,VAUXHALL CORSA,10,E01022465,0,3
2024131530398,2024,131530398,3,9,0,-1,19,7,3,-1,0,0,0,0,0,0,2,1,-1,9,2,49,8,1398,1,8,VAUXHALL CORSA,9,E01013788,0,5
2024201517680,2024,201517680,1,9,0,-1,19,1,5,-1,0,0,0,4,0,0,1,1,-1,6,1,-1,-1,998,1,14,VAUXHALL CORSA,-1,-1,0,-1
2024461416234,2024,461416234,2,9,0,-1,19,3,7,-1,0,0,1,0,0,0,1,1,-1,2,1,31,6,1398,1,14,VAUXHALL CORSA,8,E01000411,0,3
2024311461498,2024,311461498,1,9,0,-1,19,1,5,-1,0,0,2,0,8,0,1,1,-1,9,1,17,4,1229,1,13,VAUXHALL CORSA,2,E01028271,0,3
2024320651258,2024,320651258,1,9,0,9,9,8,6,0,0,2,0,0,0,0,4,1,-1,-1,2,37,7,1229,1,14,VAUXHALL CORSA,2,E01026030,0,1
2024451458945,2024,451458945,2,9,0,-1,4,6,6,-1,0,0,0,0,3,0,2,1,-1,9,2,24,5,1229,1,14,VAUXHALL CORSA,8,E01004149,0,1
2024131509945,2024,131509945,2,9,0,-1,19,3,7,-1,0,0,0,0,0,0,4,1,-1,6,1,21,5,1229,1,13,VAUXHALL CORSA,8,E01034588,0,2
2024201502747,2024,201502747,2,9,0,-1,19,8,4,-1,0,0,2,0,0,0,2,1,-1,6,1,30,6,1229,1,12,VAUXHALL CORSA,2,E01009095,0,3
2024031397927,2024,031397927,1,9,0,-1,19,5,1,-1,0,1,0,0,0,0,1,1,-1,6,1,22,5,1199,1,3,VAUXHALL CORSA,-1,-1,0,-1
2024320097335,2024,320097335,1,9,0,9,9,2,7,0,0,5,0,0,0,0,1,1,-1,-1,2,60,9,1229,1,14,VAUXHALL CORSA,4,E01026140,0,4
2024131461735,2024,131461735,1,9,0,-1,19,1,5,-1,0,0,1,0,7,3,4,1,-1,6,-1,-1,-1,1248,2,11,VAUXHALL CORSA,-1,-1,0,-1
2024010549028,2024,010549028,1,9,0,14,14,5,1,2,2,6,0,4,0,0,1,1,1,1,1,47,8,1229,1,15,VAUXHALL CORSA,3,E01003097,0,1
2024302400818,2024,302400818,2,9,0,18,19,8,4,0,0,8,0,0,0,0,3,1,6,6,2,18,4,1229,1,17,VAUXHALL CORSA,1,E01013651,0,4
2024401440685,2024,401440685,4,9,0,-1,19,8,4,-1,0,0,0,0,0,0,1,1,-1,6,2,29,6,1398,1,8,VAUXHALL CORSA,4,E01017506,0,1
2024211443973,2024,211443973,1,9,0,-1,19,1,5,-1,0,0,5,0,0,0,1,1,-1,6,1,19,4,998,1,10,VAUXHALL CORSA,7,E01010537,0,4
2024471512989,2024,471512989,1,9,0,-1,19,6,2,-1,0,1,0,0,0,0,1,1,-1,9,2,24,5,1398,1,6,VAUXHALL CORSA,6,E01035325,0,1
2024471528888,2024,471528888,2,9,0,-1,19,2,6,-1,0,1,0,0,0,0,1,1,-1,9,2,77,11,1229,1,12,VAUXHALL CORSA,7,E01031618,0,1
2024440315196,2024,440315196,1,9,0,18,19,5,1,-1,-1,0,0,0,0,0,1,1,6,6,1,26,6,1229,1,16,VAUXHALL CORSA,5,E01020916,0,5
2024610029124,2024,610029124,3,9,0,8,8,3,7,0,0,1,0,0,1,0,1,1,6,6,1,54,8,1229,1,15,VAUXHALL CORSA,7,W01001380,0,1
2024631487024,2024,631487024,3,9,0,-1,19,7,3,-1,0,0,0,0,0,0,1,1,-1,9,1,52,8,-1,-1,-1,VAUXHALL CORSA,2,W01000588,0,3
2024622400224,2024,622400224,1,9,0,7,7,6,1,0,0,2,0,0,0,0,1,1,6,6,1,25,5,1199,1,4,VAUXHALL CORSA,3,W01001167,0,1
2024501520352,2024,501520352,2,9,0,-1,19,2,6,-1,0,1,0,0,0,0,1,1,-1,9,2,20,4,1398,1,6,VAUXHALL CORSA,7,E01020047,0,3
2024991437591,2024,991437591,2,9,0,-1,19,8,5,-1,0,8,0,0,0,0,3,1,-1,1,2,35,6,1398,1,8,VAUXHALL CORSA,8,-1,0,3
2024531482473,2024,531482473,1,9,0,-1,19,5,1,-1,0,0,2,0,1,0,1,1,-1,2,1,17,4,998,1,14,VAUXHALL CORSA,7,E01013999,0,4
2024010525883,2024,010525883,1,9,5,5,5,5,1,0,0,3,0,0,0,0,1,1,2,2,2,46,8,1199,1,1,VAUXHALL CORSA,9,E01021927,0,4
2024440128543,2024,440128543,2,9,0,5,5,2,6,0,0,6,0,0,0,0,1,1,6,6,2,39,7,1199,1,1,VAUXHALL CORSA,4,E01022936,0,1
2024010544270,2024,010544270,2,9,0,18,19,5,1,0,0,8,0,0,0,0,1,2,6,6,1,18,4,1398,1,8,VAUXHALL CORSA,5,E01000418,0,3
2024461494772,2024,461494772,2,9,0,-1,9,3,8,-1,0,3,5,10,0,0,4,1,-1,1,2,50,8,1229,1,11,VAUXHALL CORSA,3,E01016154,0,1
2024041521222,2024,041521222,3,9,0,-1,8,4,6,-1,0,8,0,0,0,0,1,1,-1,9,1,61,9,1199,1,4,VAUXHALL CORSA,1,E01012574,0,1
2024101463466,2024,101463466,2,9,0,-1,19,3,7,-1,0,1,0,0,0,0,3,1,-1,6,2,19,4,1248,2,15,VAUXHALL CORSA,2,E01008253,0,1
2024161496759,2024,161496759,1,9,0,-1,3,5,1,-1,0,1,0,0,0,0,2,1,-1,9,1,22,5,1229,1,18,VAUXHALL CORSA,1,E01012787,0,1
2024161412663,2024,161412663,1,9,0,-1,19,3,8,-1,0,0,0,0,1,4,1,1,-1,9,1,27,6,1229,1,13,VAUXHALL CORSA,10,E01012967,0,1
2024631428761,2024,631428761,2,9,0,-1,19,8,4,-1,0,0,0,0,0,0,1,1,-1,9,2,18,4,1364,1,9,VAUXHALL CORSA,5,W01000452,0,1
2024211471842,2024,211471842,2,9,0,-1,9,7,3,-1,0,2,1,0,0,0,1,1,-1,9,2,18,4,1229,1,11,VAUXHALL CORSA,-1,-1,0,-1
2024041517616,2024,041517616,1,9,0,-1,5,7,5,-1,0,1,0,0,0,0,3,1,-1,2,1,65,9,1199,1,4,VAUXHALL CORSA,2,E01025173,0,1
202417S111424,2024,17S111424,1,9,0,-1,8,8,4,-1,0,1,0,0,0,0,2,1,-1,9,2,27,6,1398,1,5,VAUXHALL CORSA,1,E01012195,0,1
2024411493959,2024,411493959,1,9,0,-1,4,5,1,-1,0,0,0,0,0,0,1,1,-1,6,2,-1,-1,1598,1,10,VAUXHALL CORSA,-1,-1,0,-1
2024161467138,2024,161467138,2,9,0,-1,19,7,3,-1,0,1,0,0,7,0,1,1,-1,2,1,39,7,1199,1,21,VAUXHALL CORSA,1,E01013196,0,1
2024131480670,2024,131480670,2,9,0,-1,19,1,5,-1,0,0,0,0,0,0,1,1,-1,6,1,24,5,1364,1,15,VAUXHALL CORSA,3,E01034584,0,1
2024461528417,2024,461528417,2,9,0,-1,19,5,1,-1,0,0,0,0,0,0,4,1,-1,1,1,47,8,1248,2,6,VAUXHALL CORSA,6,E01034997,0,4
2024991428460,2024,991428460,2,9,0,-1,19,1,5,-1,0,0,0,0,0,0,2,1,-1,9,2,26,6,1199,1,3,VAUXHALL CORSA,5,-1,0,3
2024471399936,2024,471399936,2,9,0,-1,4,2,6,-1,0,8,0,0,0,0,2,2,-1,1,1,40,7,-1,3,1,VAUXHALL CORSA,4,E01020951,0,1
2024440470000,2024,440470000,1,9,0,18,19,5,1,0,0,1,0,0,0,0,1,1,6,6,1,47,8,1229,1,10,VAUXHALL CORSA,-1,-1,0,-1
2024221457752,2024,221457752,2,9,0,-1,9,3,1,-1,0,6,0,0,0,0,1,1,-1,6,2,19,4,1398,1,13,VAUXHALL CORSA,10,E01032300,0,2
2024451419070,2024,451419070,1,9,0,-1,19,1,4,-1,99,0,9,99,9,99,4,1,-1,6,1,19,4,1398,1,13,VAUXHALL CORSA,10,E01022847,0,2
2024061475193,2024,061475193,2,9,0,-1,19,8,4,-1,0,8,0,0,0,0,1,2,-1,6,1,20,4,1229,1,17,VAUXHALL CORSA,4,E01006026,0,1
2024201451309,2024,201451309,2,9,0,-1,19,5,1,-1,0,1,0,0,0,0,2,1,-1,9,2,23,5,1199,1,0,VAUXHALL CORSA,2,E01010529,0,1
2024622400237,2024,622400237,1,9,0,18,19,8,4,0,0,0,0,0,0,0,1,1,6,6,1,83,11,998,1,10,VAUXHALL CORSA,1,W01000935,0,1
2024031476621,2024,031476621,1,9,0,-1,19,1,5,-1,0,0,0,0,1,0,3,1,-1,9,2,33,6,1229,1,16,VAUXHALL CORSA,-1,-1,0,-1
2024141521567,2024,141521567,2,9,0,-1,19,2,6,-1,0,1,0,0,0,0,1,1,-1,2,1,21,5,1398,1,8,VAUXHALL CORSA,3,E01008125,0,2
2024440106433,2024,440106433,3,9,0,4,4,6,2,0,0,0,0,0,0,0,2,1,6,6,2,74,10,1398,1,5,VAUXHALL CORSA,10,E01023092,0,1
2024421425915,2024,421425915,2,9,0,-1,19,4,8,-1,0,1,0,0,0,0,1,1,-1,2,1,32,6,1398,1,5,VAUXHALL CORSA,7,E01021510,0,3
2024440097299,2024,440097299,2,9,0,4,4,1,5,0,0,0,0,0,0,0,2,1,6,6,1,30,6,1398,1,10,VAUXHALL CORSA,10,E01022709,0,2
2024332401253,2024,332401253,2,9,0,-1,2,0,0,-1,0,0,0,0,0,0,3,1,-1,6,3,-1,-1,1398,1,9,VAUXHALL CORSA,-1,-1,0,-1
2024070900799,2024,070900799,1,9,0,-1,19,7,3,-1,0,0,0,4,0,0,1,1,-1,2,1,42,7,1398,1,9,VAUXHALL CORSA,1,E01012533,0,2
2024401466763,2024,401466763,2,9,0,-1,4,4,7,-1,0,4,0,0,0,0,2,1,-1,9,2,40,7,1398,1,6,VAUXHALL CORSA,2,E01017472,0,1
2024070732926,2024,070732926,2,9,0,-1,19,8,4,-1,0,1,0,0,0,0,1,1,-1,9,1,19,4,1229,1,18,VAUXHALL CORSA,4,E01018618,0,1
2024061412237,2024,061412237,2,9,0,-1,9,7,5,-1,0,8,0,0,0,0,1,1,-1,9,1,44,7,-1,-1,-1,VAUXHALL CORSA,1,E01033984,0,1
2024061516041,2024,061516041,1,9,0,-1,20,2,6,-1,9,1,0,0,1,0,1,1,-1,2,2,56,9,1199,1,3,VAUXHALL CORSA,7,E01006172,0,2
2024010500738,2024,010500738,2,9,0,99,99,9,9,99,99,9,9,99,9,99,9,9,6,6,3,-1,-1,1229,1,14,VAUXHALL CORSA,-1,-1,0,-1
2024010502178,2024,010502178,2,9,0,99,99,9,9,99,99,0,9,99,9,99,1,9,6,6,3,41,7,998,1,18,VAUXHALL CORSA,7,E01004107,0,1
2024440286353,2024,440286353,2,9,0,18,19,6,2,0,0,8,0,0,0,0,4,1,6,6,2,71,10,1398,1,13,VAUXHALL CORSA,10,E01022740,0,1
2024520000576,2024,520000576,1,9,0,18,19,7,3,0,0,0,0,10,1,11,4,1,6,6,1,21,5,1229,1,15,VAUXHALL CORSA,5,E01014438,0,2
2024401486383,2024,401486383,2,9,0,-1,3,7,3,-1,0,0,0,0,0,0,2,1,-1,9,2,51,8,1229,1,16,VAUXHALL CORSA,2,E01015760,0,1
2024111457802,2024,111457802,2,9,0,-1,19,1,5,-1,0,0,0,0,0,0,3,1,-1,6,1,18,4,1229,1,15,VAUXHALL CORSA,4,E01020889,0,1
2024361517863,2024,361517863,3,9,0,-1,19,7,3,-1,0,1,0,0,0,0,1,1,-1,9,1,25,5,1364,1,17,VAUXHALL CORSA,2,E01026828,0,3
202417M102324,2024,17M102324,1,9,0,6,6,5,1,0,0,1,0,0,0,0,3,1,6,6,2,23,5,1229,1,15,VAUXHALL CORSA,2,E01012081,0,1
2024161489603,2024,161489603,1,9,0,-1,19,2,6,-1,99,0,0,0,0,0,1,1,-1,9,2,24,5,1199,1,1,VAUXHALL CORSA,1,E01013206,0,1
2024201509401,2024,201509401,3,9,0,-1,2,0,0,-1,0,0,0,0,0,0,4,2,-1,6,-1,-1,-1,1398,1,8,VAUXHALL CORSA,-1,-1,0,-1
2024010550703,2024,010550703,2,9,0,9,9,8,6,0,0,8,0,0,0,0,1,1,6,6,1,22,5,1199,1,4,VAUXHALL CORSA,5,E01023350,0,4
2024471420541,2024,471420541,1,9,0,-1,3,7,3,-1,0,4,0,0,0,0,1,1,-1,2,2,39,7,1398,1,14,VAUXHALL CORSA,10,E01021023,0,1
2024221445887,2024,221445887,2,9,0,-1,19,6,2,-1,0,4,0,0,0,0,1,9,-1,6,1,74,10,-1,-1,-1,VAUXHALL CORSA,9,E01031184,0,2
2024061396973,2024,061396973,2,9,0,-1,19,1,1,-1,0,8,0,0,0,0,1,1,-1,6,1,20,4,1229,1,9,VAUXHALL CORSA,1,E01005123,0,2
2024411475096,2024,411475096,2,9,0,-1,3,8,4,-1,0,0,0,0,0,0,2,1,-1,6,1,64,9,1229,1,18,VAUXHALL CORSA,4,E01023560,0,1
2024371469701,2024,371469701,1,9,0,-1,9,6,4,-1,0,6,0,0,0,0,1,1,-1,2,2,58,9,1248,2,16,VAUXHALL CORSA,2,E01030031,0,1
2024461521092,2024,461521092,1,9,0,-1,19,3,7,-1,0,0,0,0,0,0,1,9,-1,6,2,70,10,1398,1,7,VAUXHALL CORSA,9,E01024415,0,1
2024320596547,2024,320596547,2,9,0,-1,-1,6,2,0,0,8,0,0,0,0,4,1,-1,-1,1,25,5,1199,1,3,VAUXHALL CORSA,3,E01026207,0,3
2024351495176,2024,351495176,1,9,0,-1,6,1,7,-1,0,0,0,0,0,0,2,1,-1,9,2,20,4,1229,1,10,VAUXHALL CORSA,8,E01018117,0,4
2024421398063,2024,421398063,1,9,0,-1,19,4,2,-1,0,0,0,0,7,0,1,1,-1,9,2,20,4,998,1,10,VAUXHALL CORSA,9,E01029872,0,2
2024461434566,2024,461434566,1,9,0,-1,9,1,6,-1,0,1,0,0,0,0,1,1,-1,9,1,20,4,998,1,12,VAUXHALL CORSA,3,E01024239,0,4
2024991468594,2024,991468594,1,9,0,-1,19,8,4,-1,0,1,0,0,0,0,1,1,-1,6,2,18,4,1398,1,6,VAUXHALL CORSA,-1,-1,0,-1
2024221473484,2024,221473484,1,9,0,-1,19,6,2,-1,0,8,0,0,0,0,4,1,-1,6,2,43,7,1398,1,13,VAUXHALL CORSA,5,E01028944,0,1
2024070060828,2024,070060828,2,9,0,18,19,4,8,0,0,8,0,0,0,0,1,1,6,6,1,33,6,1229,1,16,VAUXHALL CORSA,9,E01012556,0,1
2024201531355,2024,201531355,1,9,0,-1,19,4,8,-1,0,0,0,0,0,0,1,1,-1,6,2,78,11,1398,1,6,VAUXHALL CORSA,10,E01010169,0,2
2024361481475,2024,361481475,1,9,-1,-1,19,1,6,-1,0,1,0,0,0,0,1,9,-1,6,3,-1,-1,1398,1,9,VAUXHALL CORSA,-1,-1,0,-1
2024430353517,2024,430353517,1,9,0,18,19,2,6,0,0,0,2,0,1,1,4,1,6,6,1,20,4,1229,1,13,VAUXHALL CORSA,9,E01017649,0,3
2024201448809,2024,201448809,1,9,0,-1,-1,8,4,-1,-1,0,1,0,0,0,1,1,-1,-1,1,38,7,1398,1,13,VAUXHALL CORSA,3,E01010068,0,3
2024201518659,2024,201518659,1,9,0,-1,19,5,3,-1,0,1,0,0,0,0,1,1,-1,6,1,25,5,1398,1,10,VAUXHALL CORSA,2,E01010091,0,1
2024010507595,2024,010507595,2,9,0,99,99,9,9,99,99,9,9,99,9,99,3,9,6,6,3,-1,-1,1199,1,1,VAUXHALL CORSA,-1,-1,0,-1
2024546258624,2024,546258624,2,9,0,2,2,0,0,-1,-1,2,0,0,0,0,1,1,6,6,3,-1,-1,1598,1,17,VAUXHALL CORSA,-1,-1,0,-1
2024161530660,2024,161530660,1,9,0,-1,19,1,5,-1,0,1,0,0,0,0,4,9,-1,2,2,-1,-1,1398,1,5,VAUXHALL CORSA,3,E01012832,0,2
2024430065053,2024,430065053,2,9,0,9,9,4,2,0,0,8,0,0,0,0,4,1,6,6,2,22,5,1398,1,6,VAUXHALL CORSA,2,E01016848,0,1
2024501437486,2024,501437486,1,9,0,-1,19,3,7,-1,0,1,1,4,0,0,1,1,-1,2,1,58,9,1398,1,8,VAUXHALL CORSA,-1,-1,0,-1
2024302401527,2024,302401527,1,9,0,9,9,4,2,0,0,6,0,0,0,0,1,1,6,6,2,29,6,1229,1,10,VAUXHALL CORSA,1,E01019650,0,1
2024610032424,2024,610032424,1,9,0,16,19,4,7,0,0,0,5,0,0,0,1,1,6,6,1,17,4,1229,1,15,VAUXHALL CORSA,3,W01001302,0,2
2024371397580,2024,371397580,2,9,0,-1,4,7,3,-1,0,0,0,0,0,0,3,1,-1,2,2,30,6,1199,1,4,VAUXHALL CORSA,8,E01029909,0,1
2024332400160,2024,332400160,1,9,0,-1,19,8,3,-1,0,0,1,0,1,0,1,1,-1,6,2,41,7,1229,1,14,VAUXHALL CORSA,9,E01013559,0,4
2024052402084,2024,052402084,3,9,0,2,2,0,0,0,0,0,0,0,0,0,4,1,6,6,3,-1,-1,1199,1,1,VAUXHALL CORSA,-1,-1,0,-1
2024131442051,2024,131442051,1,9,0,-1,19,5,1,-1,0,8,0,0,0,0,3,1,-1,2,2,17,4,1199,1,4,VAUXHALL CORSA,8,E01011414,0,1
2024351395845,2024,351395845,1,9,0,-1,19,1,5,-1,0,8,0,0,0,0,1,9,-1,6,1,46,8,1598,1,15,VAUXHALL CORSA,2,E01015677,0,1
2024052400595,2024,052400595,2,9,0,5,5,1,5,0,0,1,0,0,0,0,1,1,6,6,1,-1,-1,1229,1,15,VAUXHALL CORSA,1,E01006483,0,1
2024311423952,2024,311423952,2,9,0,-1,9,3,1,-1,0,1,0,0,0,0,1,1,-1,9,2,24,5,1229,1,10,VAUXHALL CORSA,-1,-1,0,-1
2024471417003,2024,471417003,4,9,0,-1,19,1,5,-1,0,1,0,0,0,0,0,1,-1,6,-1,-1,-1,1229,1,19,VAUXHALL CORSA,-1,-1,0,-1
2024411515223,2024,411515223,2,9,0,-1,4,7,3,-1,0,0,0,0,0,0,4,1,-1,6,2,26,6,1199,1,0,VAUXHALL CORSA,10,E01023512,0,1
2024052401625,2024,052401625,1,9,0,18,19,3,7,0,0,1,2,10,1,2,1,1,6,6,1,25,5,1248,2,11,VAUXHALL CORSA,1,E01012422,0,1
2024461474316,2024,461474316,1,9,0,-1,19,3,7,-1,0,1,0,0,0,0,1,9,-1,6,3,-1,-1,-1,-1,-1,VAUXHALL CORSA,-1,-1,0,-1
2024041419760,2024,041419760,1,9,0,-1,19,3,7,-1,0,1,0,0,0,0,1,1,-1,9,1,54,8,1364,1,16,VAUXHALL CORSA,1,E01025186,0,1
2024201501489,2024,201501489,4,9,0,-1,3,7,3,-1,0,1,0,0,0,0,2,9,-1,1,1,32,6,1398,1,5,VAUXHALL CORSA,-1,-1,0,-1
2024320609073,2024,320609073,1,9,0,-1,-1,5,8,0,0,0,0,0,1,4,4,1,6,6,1,33,6,998,1,10,VAUXHALL CORSA,-1,-1,0,-1
2024461517565,2024,461517565,1,9,0,-1,2,0,0,-1,0,2,0,0,0,0,3,1,-1,6,1,27,6,1398,1,5,VAUXHALL CORSA,4,E01024694,0,1
2024451432753,2024,451432753,1,9,0,-1,1,5,1,-1,0,0,0,0,0,0,2,1,-1,9,2,67,10,1398,1,9,VAUXHALL CORSA,9,E01030809,0,2
2024061438906,2024,061438906,1,9,0,-1,19,-1,-1,-1,0,9,1,0,0,0,3,1,-1,9,2,27,6,1199,1,2,VAUXHALL CORSA,1,E01006350,0,1
2024231459340,2024,231459340,2,9,0,-1,19,2,5,-1,0,0,1,0,0,0,3,1,-1,6,1,17,4,1398,1,9,VAUXHALL CORSA,8,E01031323,0,1
2024631441424,2024,631441424,2,9,0,-1,2,0,0,-1,0,0,0,0,1,11,1,1,-1,6,-1,-1,-1,1398,1,7,VAUXHALL CORSA,-1,-1,0,-1
2024201467638,2024,201467638,2,9,0,-1,2,0,0,-1,0,0,0,0,0,0,1,9,-1,6,-1,-1,-1,1398,1,12,VAUXHALL CORSA,-1,-1,0,-1
2024531480948,2024,531480948,2,9,0,-1,19,5,1,-1,0,0,0,0,0,0,2,1,-1,9,1,20,4,998,1,12,VAUXHALL CORSA,2,E01029843,0,4
2024231407232,2024,231407232,2,9,0,-1,19,4,8,-1,0,0,1,0,1,0,1,9,-1,2,2,33,6,1199,1,4,VAUXHALL CORSA,3,E01031006,0,1
2024302400628,2024,302400628,1,9,0,18,19,6,2,0,0,0,0,0,1,4,1,1,6,6,1,23,5,1229,1,17,VAUXHALL CORSA,6,E01008105,0,4
2024471485835,2024,471485835,1,9,0,-1,19,8,4,-1,0,1,5,0,1,0,1,1,-1,6,1,21,5,1229,1,12,VAUXHALL CORSA,6,E01003936,0,4
2024141437495,2024,141437495,2,9,0,-1,19,7,3,-1,0,1,0,0,0,0,4,1,-1,6,2,44,7,1248,2,15,VAUXHALL CORSA,2,E01007395,0,1
2024010528858,2024,010528858,2,9,0,4,4,2,6,0,0,0,0,0,0,0,2,1,6,6,1,77,11,-1,3,3,VAUXHALL CORSA,6,E01003085,0,2
2024010529968,2024,010529968,1,9,0,4,4,1,5,0,0,1,0,0,0,0,1,1,2,2,2,52,8,1199,1,3,VAUXHALL CORSA,-1,-1,0,-1
2024302401585,2024,302401585,1,9,0,17,19,7,3,0,0,0,0,0,0,0,1,1,2,2,1,18,4,1229,1,14,VAUXHALL CORSA,9,E01019602,0,1
2024501498187,2024,501498187,1,9,0,-1,19,3,7,-1,0,0,0,0,0,0,1,1,-1,6,2,42,7,1398,1,8,VAUXHALL CORSA,7,E01018816,0,3
2024440497726,2024,440497726,1,9,0,18,19,2,6,0,0,0,5,0,1,4,4,1,2,2,1,37,7,1398,1,10,VAUXHALL CORSA,10,E01030436,0,4
2024231447659,2024,231447659,1,9,0,-1,7,8,3,-1,0,6,0,0,0,0,1,1,-1,6,1,17,4,998,1,10,VAUXHALL CORSA,1,E01031090,0,3
2024070997091,2024,070997091,2,9,0,-1,12,1,1,-1,0,0,5,0,4,6,2,1,-1,9,2,51,8,1199,1,3,VAUXHALL CORSA,1,E01006735,0,4
2024010502998,2024,010502998,1,9,0,1,1,1,5,9,9,1,0,0,0,0,2,1,6,6,2,64,9,1199,1,3,VAUXHALL CORSA,5,E01035583,0,2
2024522401949,2024,522401949,2,9,0,2,2,0,0,0,0,0,0,0,0,0,1,1,6,6,3,-1,-1,1199,1,2,VAUXHALL CORSA,-1,-1,0,-1
2024991472919,2024,991472919,1,9,0,-1,5,1,6,-1,0,6,0,0,0,0,1,1,-1,9,1,61,9,1398,1,11,VAUXHALL CORSA,-1,-1,0,-1
2024201520983,2024,201520983,2,9,0,-1,19,4,8,-1,0,0,0,0,0,0,2,1,-1,6,2,-1,-1,1199,1,1,VAUXHALL CORSA,-1,-1,0,-1
2024010497596,2024,010497596,2,9,0,7,7,1,3,0,0,1,0,0,0,0,2,1,6,6,2,20,4,1229,1,17,VAUXHALL CORSA,4,E01003441,0,2
2024161467138,2024,161467138,1,9,0,-1,9,3,1,-1,0,1,0,0,7,0,1,1,-1,6,-1,-1,-1,1364,1,15,VAUXHALL CORSA,-1,-1,0,-1
2024010517924,2024,010517924,2,9,0,18,19,1,5,0,0,1,0,0,0,0,1,1,6,6,2,32,6,-1,3,3,VAUXHALL CORSA,2,E01033327,0,2
2024631486889,2024,631486889,2,9,0,-1,9,5,3,-1,0,0,0,0,0,0,1,1,-1,9,2,18,4,1398,1,7,VAUXHALL CORSA,7,W01000470,0,2
2024211520517,2024,211520517,2,9,0,-1,19,1,5,-1,0,1,0,0,0,0,1,1,-1,9,2,24,5,1398,1,5,VAUXHALL CORSA,2,E01008919,0,4
2024531496259,2024,531496259,1,9,0,-1,5,1,5,-1,0,4,0,0,0,0,1,1,-1,6,2,35,6,1248,2,10,VAUXHALL CORSA,3,E01022286,0,1
2024122400786,2024,122400786,1,9,0,18,19,5,8,0,0,0,1,0,0,0,1,1,6,6,1,27,6,1398,1,10,VAUXHALL CORSA,1,E01010666,0,4
2024161415320,2024,161415320,2,9,0,-1,19,1,5,-1,0,2,0,0,0,0,1,9,-1,6,1,30,6,1364,1,15,VAUXHALL CORSA,7,E01013013,0,1
2024461533748,2024,461533748,2,9,0,-1,8,1,7,-1,0,1,0,0,0,0,1,1,-1,6,1,37,7,1199,1,1,VAUXHALL CORSA,5,E01035283,0,1
2024010525826,2024,010525826,2,9,0,9,9,7,5,0,0,1,0,0,0,0,1,1,6,6,2,67,10,1199,1,1,VAUXHALL CORSA,2,E01000781,0,1
2024501464257,2024,501464257,1,9,0,-1,9,3,1,-1,9,0,0,0,0,0,1,1,-1,9,1,44,7,-1,-1,-1,VAUXHALL CORSA,3,E01015166,0,1
2024461445554,2024,461445554,1,9,0,-1,19,4,8,-1,0,4,0,0,0,0,1,1,-1,6,2,52,8,1229,1,18,VAUXHALL CORSA,8,E01024045,0,1
2024131416280,2024,131416280,1,9,0,-1,7,3,7,-1,0,2,0,0,0,0,1,1,-1,2,2,46,8,1199,1,2,VAUXHALL CORSA,7,E01011410,0,1
2024471523240,2024,471523240,6,9,0,-1,2,0,0,-1,0,0,0,0,0,0,2,1,-1,6,-1,-1,-1,1199,1,0,VAUXHALL CORSA,-1,-1,0,-1
2024991421567,2024,991421567,2,9,0,-1,19,3,7,-1,0,1,0,0,0,0,1,1,-1,9,2,59,9,1199,1,3,VAUXHALL CORSA,2,-1,0,1
2024351405584,2024,351405584,3,9,0,-1,12,3,7,-1,0,0,0,0,0,0,2,1,-1,2,2,42,7,1199,1,3,VAUXHALL CORSA,10,E01017995,0,2