collision_index,collision_year,collision_ref_no,vehicle_reference,vehicle_type,towing_and_articulation,vehicle_manoeuvre_historic,vehicle_manoeuvre,vehicle_direction_from,vehicle_direction_to,vehicle_location_restricted_lane_historic,vehicle_location_restricted_lane,junction_location,skidding_and_overturning,hit_object_in_carriageway,vehicle_leaving_carriageway,hit_object_off_carriageway,first_point_of_impact,vehicle_left_hand_drive,journey_purpose_of_driver_historic,journey_purpose_of_driver,sex_of_driver,age_of_driver,age_band_of_driver,engine_capacity_cc,propulsion_code,age_of_vehicle,generic_make_model,driver_imd_decile,lsoa_of_driver,escooter_flag,driver_distance_banding
2024610025424,2024,610025424,2,9,0,18,19,5,1,0,0,4,0,0,0,0,2,1,6,6,2,40,7,1229,1,12,VAUXHALL CORSA,1,W01001386,0,2
2024430387831,2024,430387831,2,9,0,4,4,6,2,0,0,1,0,0,0,0,2,1,2,2,2,67,10,1229,1,12,VAUXHALL CORSA,6,E01016469,0,1
2024010523213,2024,010523213,3,9,0,2,2,0,0,0,0,0,0,0,0,0,0,1,6,6,3,-1,-1,1199,1,2,VAUXHALL CORSA,-1,-1,0,-1
2024302400389,2024,302400389,2,9,0,2,2,0,0,0,0,0,0,0,0,0,2,1,6,6,2,32,6,1398,1,5,VAUXHALL CORSA,6,E01019585,0,1
2024311493210,2024,311493210,1,9,0,-1,19,3,3,-1,0,1,0,0,0,0,1,1,-1,6,1,20,4,1229,1,10,VAUXHALL CORSA,-1,-1,0,-1
2024041534100,2024,041534100,1,9,0,-1,19,7,3,-1,0,0,0,0,0,0,1,1,-1,9,1,37,7,1398,1,9,VAUXHALL CORSA,9,E01025165,0,1
2024440331227,2024,440331227,1,9,0,12,12,7,3,0,0,0,0,0,0,0,1,1,6,6,2,19,4,1199,1,4,VAUXHALL CORSA,4,E01022603,0,4
2024041439380,2024,041439380,1,9,0,-1,19,7,3,-1,0,0,0,0,0,0,2,1,-1,9,1,36,7,1199,1,1,VAUXHALL CORSA,1,E01012733,0,1
2024201530818,2024,201530818,2,9,0,-1,2,0,0,-1,0,0,0,0,0,0,1,1,-1,6,2,37,7,1389,1,18,VAUXHALL CORSA,7,E01009870,0,1
2024302401720,2024,302401720,2,9,0,18,19,7,4,0,0,0,0,0,0,0,4,1,6,6,1,28,6,1229,1,15,VAUXHALL CORSA,-1,-1,0,-1
2024522402261,2024,522402261,1,9,0,18,19,2,6,0,0,3,0,0,0,0,1,1,6,6,3,-1,-1,1398,1,5,VAUXHALL CORSA,-1,-1,0,-1
2024461439735,2024,461439735,1,9,0,-1,19,2,4,-1,0,0,0,4,0,0,4,1,-1,2,2,64,9,1199,1,4,VAUXHALL CORSA,7,E01032737,0,1
2024531455811,2024,531455811,2,9,0,-1,19,3,7,-1,0,1,0,0,0,0,4,1,-1,9,1,17,4,1398,1,13,VAUXHALL CORSA,10,E01022203,0,3
2024141519580,2024,141519580,1,9,0,-1,19,5,7,-1,0,1,0,0,3,0,3,2,-1,9,2,24,5,999,1,6,VAUXHALL CORSA,3,E01007747,0,3
2024522401696,2024,522401696,2,9,0,11,11,6,2,0,0,1,0,0,0,0,4,1,6,6,2,-1,-1,1199,1,1,VAUXHALL CORSA,-1,-1,0,-1
2024546319624,2024,546319624,1,9,0,18,19,6,2,0,0,0,0,0,0,0,1,1,6,6,1,85,11,1364,1,16,VAUXHALL CORSA,7,E01015524,0,4
2024041490732,2024,041490732,2,9,0,-1,7,1,5,-1,0,3,0,0,0,0,4,1,-1,9,2,29,6,1199,1,4,VAUXHALL CORSA,3,E01012390,0,4
2024302401404,2024,302401404,1,9,0,6,6,5,5,0,0,6,0,0,0,0,1,1,6,6,1,52,8,1248,2,12,VAUXHALL CORSA,8,E01019533,0,1
2024052400692,2024,052400692,2,9,0,3,3,5,1,0,0,0,0,0,0,0,2,1,6,6,2,25,5,1199,1,2,VAUXHALL CORSA,1,E01007087,0,1
2024122400091,2024,122400091,1,9,0,18,19,5,1,0,0,0,1,0,0,0,1,1,2,2,1,22,5,998,1,17,VAUXHALL CORSA,9,E01013430,0,1
2024211514367,2024,211514367,2,9,0,-1,5,5,1,-1,0,0,0,0,0,0,1,1,-1,6,1,67,10,998,1,12,VAUXHALL CORSA,9,E01029551,0,2
2024302500146,2024,302500146,1,9,0,-1,7,5,7,-1,0,8,0,0,0,0,3,1,-1,1,2,24,5,998,1,12,VAUXHALL CORSA,7,E01013490,0,1
2024041455048,2024,041455048,1,9,0,-1,7,5,1,-1,0,6,0,0,0,0,4,1,-1,9,1,71,10,1398,1,11,VAUXHALL CORSA,1,E01012743,0,1
2024122401187,2024,122401187,2,9,0,7,7,7,1,0,0,1,0,0,0,0,1,1,6,6,1,22,5,1248,2,12,VAUXHALL CORSA,10,E01034984,0,2
2024122500066,2024,122500066,2,9,0,3,3,4,8,0,0,4,0,0,0,0,2,1,6,6,2,41,7,1398,1,6,VAUXHALL CORSA,3,E01027629,0,1
2024610039424,2024,610039424,1,9,0,18,19,4,8,0,0,0,1,0,7,11,1,1,6,6,2,22,5,1364,1,14,VAUXHALL CORSA,2,W01001546,0,2
2024201507912,2024,201507912,1,9,0,-1,3,2,2,-1,0,4,0,0,0,0,2,1,-1,9,1,52,8,1248,2,14,VAUXHALL CORSA,1,E01010316,0,1
2024340NN0702,2024,340NN0702,1,9,0,-1,19,8,4,-1,0,1,0,0,0,0,1,1,-1,6,1,20,4,1398,1,10,VAUXHALL CORSA,2,E01027072,0,1
2024061524643,2024,061524643,2,9,0,-1,19,4,4,-1,0,0,0,0,0,0,4,1,-1,6,1,82,11,1398,1,5,VAUXHALL CORSA,6,E01006304,0,1
2024010529893,2024,010529893,1,9,0,-1,-1,7,3,0,0,8,0,0,0,0,1,1,6,6,1,17,4,1229,1,8,VAUXHALL CORSA,6,E01002422,0,1
2024041469516,2024,041469516,2,9,0,-1,9,7,3,-1,0,0,0,0,0,0,1,1,-1,9,2,32,6,1199,1,2,VAUXHALL CORSA,2,E01012732,0,1
2024010502281,2024,010502281,1,9,0,18,19,5,1,0,0,1,0,0,0,0,1,1,6,6,1,74,10,1229,1,14,VAUXHALL CORSA,6,E01002630,0,1
2024401497995,2024,401497995,2,9,-1,-1,-1,-1,-1,-1,-1,0,-1,-1,-1,0,2,9,-1,9,2,59,9,1398,1,12,VAUXHALL CORSA,9,E01017624,0,2
2024440543427,2024,440543427,3,9,0,3,3,3,7,0,0,2,0,0,0,0,2,1,6,6,2,-1,-1,1398,1,9,VAUXHALL CORSA,-1,-1,0,-1
2024070982793,2024,070982793,1,9,0,-1,5,4,8,-1,0,2,0,0,0,0,1,1,-1,6,1,51,8,1398,1,7,VAUXHALL CORSA,2,E01012370,0,1
2024371466057,2024,371466057,1,9,0,-1,19,8,1,-1,0,1,2,0,1,0,4,1,-1,6,1,76,11,1398,1,7,VAUXHALL CORSA,9,E01018280,0,4
2024461513793,2024,461513793,1,9,0,-1,11,6,1,-1,0,0,0,0,0,0,1,1,-1,9,1,50,8,1199,1,0,VAUXHALL CORSA,-1,-1,0,-1
2024070827406,2024,070827406,2,9,0,-1,19,2,6,-1,0,8,0,0,0,0,1,1,-1,2,2,24,5,1199,1,2,VAUXHALL CORSA,10,E01007188,0,3
2024111516846,2024,111516846,1,9,0,-1,19,5,1,-1,0,0,1,10,0,0,1,1,-1,6,1,38,7,1398,1,9,VAUXHALL CORSA,6,E01020685,0,1
2024520402825,2024,520402825,1,9,0,9,9,2,8,0,0,6,0,0,1,0,1,1,6,6,1,43,7,1398,1,9,VAUXHALL CORSA,5,E01032090,0,4
2024010517389,2024,010517389,2,9,0,9,9,3,1,0,0,1,0,0,0,0,1,1,6,6,1,36,7,1229,1,16,VAUXHALL CORSA,3,E01003708,0,1
2024311443257,2024,311443257,2,9,0,-1,19,4,8,-1,0,0,0,0,0,0,-1,1,-1,6,1,19,4,973,1,22,VAUXHALL CORSA,2,E01013835,0,2
2024421528165,2024,421528165,2,9,0,-1,4,-1,-1,-1,0,0,0,0,0,0,2,1,-1,6,1,25,5,1364,1,17,VAUXHALL CORSA,6,E01026449,0,4
2024471413798,2024,471413798,1,9,0,-1,19,8,4,-1,-1,0,5,0,1,0,4,1,-1,6,1,18,4,1229,1,18,VAUXHALL CORSA,6,E01021193,0,1
2024010508488,2024,010508488,4,9,0,2,2,0,0,0,0,2,0,0,4,7,2,1,6,6,3,-1,-1,1364,1,9,VAUXHALL CORSA,-1,-1,0,-1
2024131523447,2024,131523447,4,9,0,-1,2,0,0,-1,-1,0,0,0,0,0,1,1,-1,6,-1,-1,-1,1398,1,5,VAUXHALL CORSA,-1,-1,0,-1
2024371510930,2024,371510930,1,9,0,-1,19,4,1,-1,0,2,0,4,0,0,1,1,-1,2,1,18,4,1229,1,16,VAUXHALL CORSA,8,E01029957,0,3
2024991406926,2024,991406926,2,9,0,-1,7,1,3,-1,0,6,0,0,0,0,3,1,-1,9,2,62,9,1199,1,2,VAUXHALL CORSA,-1,-1,0,-1
2024061417948,2024,061417948,2,9,0,-1,19,1,1,-1,0,1,0,0,0,0,1,2,-1,6,1,30,6,1398,1,14,VAUXHALL CORSA,1,E01005213,0,3
2024461427481,2024,461427481,1,9,0,-1,5,5,1,-1,0,1,0,0,0,0,3,9,-1,6,1,27,6,1398,1,8,VAUXHALL CORSA,2,E01023975,0,1
2024201491991,2024,201491991,2,9,0,-1,13,3,5,-1,0,0,0,0,0,0,4,1,-1,6,1,44,7,998,1,10,VAUXHALL CORSA,4,E01009175,0,2
2024991435484,2024,991435484,2,9,0,-1,2,0,0,-1,0,0,0,0,0,0,3,1,-1,9,1,43,7,998,1,11,VAUXHALL CORSA,6,-1,0,1
2024440079619,2024,440079619,2,9,0,5,5,8,4,0,0,6,0,0,0,0,1,1,6,6,2,84,11,1229,1,12,VAUXHALL CORSA,9,E01022699,0,1
202454B024824,2024,54B024824,2,9,0,18,19,4,8,0,0,1,0,0,1,4,4,1,6,6,2,45,7,1398,1,12,VAUXHALL CORSA,2,E01015539,0,2
2024111421221,2024,111421221,1,9,0,-1,9,4,2,-1,0,5,0,0,0,0,4,1,-1,6,2,18,4,1248,2,9,VAUXHALL CORSA,7,E01020659,0,3
202460Q107238,2024,60Q107238,1,9,0,17,19,7,3,0,0,0,0,0,1,10,1,1,6,6,1,40,7,1248,2,15,VAUXHALL CORSA,-1,-1,0,-1
2024010529379,2024,010529379,1,9,9,99,99,9,9,99,99,9,9,99,9,99,1,9,6,6,3,-1,-1,1229,1,16,VAUXHALL CORSA,-1,-1,0,-1
2024991438442,2024,991438442,1,9,0,-1,19,2,7,-1,0,1,5,0,0,0,1,1,-1,6,1,40,7,1199,1,3,VAUXHALL CORSA,-1,-1,0,-1
2024052400372,2024,052400372,1,9,0,18,19,3,7,0,0,0,0,0,0,0,4,1,6,6,2,49,8,1398,1,8,VAUXHALL CORSA,3,E01007169,0,2
2024131416442,2024,131416442,1,9,0,-1,19,5,1,-1,0,1,0,0,0,0,1,1,-1,6,3,-1,-1,1199,1,1,VAUXHALL CORSA,-1,-1,0,-1
2024231535138,2024,231535138,1,9,0,-1,14,6,2,-1,0,0,0,4,7,11,4,1,-1,9,1,20,4,1229,1,16,VAUXHALL CORSA,10,E01031287,0,1
2024320726341,2024,320726341,1,9,0,-1,-1,8,4,0,0,8,0,0,0,0,3,1,-1,-1,1,20,4,1229,1,10,VAUXHALL CORSA,5,E01028317,0,1
2024991477727,2024,991477727,2,9,0,-1,19,7,3,-1,0,1,0,0,0,0,4,1,-1,6,1,27,6,1499,2,3,VAUXHALL CORSA,4,-1,0,3
2024501444686,2024,501444686,1,9,0,-1,19,2,6,-1,0,1,0,0,0,0,1,1,-1,6,2,23,5,1398,1,9,VAUXHALL CORSA,6,E01020256,0,3
2024010533551,2024,010533551,1,9,0,18,19,3,7,0,0,2,0,10,0,0,1,1,6,6,1,18,4,1364,1,8,VAUXHALL CORSA,9,E01000344,0,1
2024430530733,2024,430530733,1,9,0,18,19,6,2,0,0,6,5,0,0,0,1,1,6,6,1,28,6,1229,1,15,VAUXHALL CORSA,4,E01016474,0,4
2024111444577,2024,111444577,2,9,0,-1,9,8,6,-1,0,4,0,0,0,0,4,1,-1,9,1,18,4,1248,2,14,VAUXHALL CORSA,2,E01020797,0,3
2024010498828,2024,010498828,1,9,0,7,7,5,8,0,0,5,0,0,0,0,4,1,6,6,1,33,6,1199,1,1,VAUXHALL CORSA,4,E01026523,0,5
2024461399537,2024,461399537,1,9,0,-1,19,5,1,-1,0,0,5,4,0,0,2,9,-1,6,1,34,6,1364,1,17,VAUXHALL CORSA,6,E01024022,0,2
2024501531533,2024,501531533,1,9,0,-1,19,1,5,-1,9,0,0,0,7,0,1,1,-1,6,2,17,4,1229,1,14,VAUXHALL CORSA,-1,-1,0,-1
2024340NN1102,2024,340NN1102,1,9,0,-1,19,4,8,-1,0,0,0,4,0,0,1,1,-1,6,2,39,7,1199,1,1,VAUXHALL CORSA,3,E01026958,0,1
2024302400497,2024,302400497,2,9,0,18,19,8,3,0,0,1,0,0,0,0,1,1,6,6,2,18,4,1229,1,17,VAUXHALL CORSA,2,E01013538,0,1
2024111484126,2024,111484126,2,9,0,-1,19,1,5,-1,0,1,0,0,0,0,4,1,-1,6,2,65,9,1199,1,1,VAUXHALL CORSA,4,E01020620,0,1
2024131486013,2024,131486013,1,9,0,-1,19,6,2,-1,0,8,1,0,1,11,4,1,-1,9,1,19,4,1598,1,15,VAUXHALL CORSA,2,E01011781,0,1
2024101445623,2024,101445623,2,9,0,-1,2,0,0,-1,9,0,0,0,0,0,2,1,-1,6,1,-1,-1,1229,1,9,VAUXHALL CORSA,2,E01008699,0,1
2024141485811,2024,141485811,2,9,0,-1,5,5,1,-1,0,6,0,0,0,0,1,1,-1,6,2,-1,-1,1229,1,18,VAUXHALL CORSA,-1,-1,0,-1
2024520403215,2024,520403215,1,9,0,18,19,8,4,0,0,0,5,0,1,10,1,1,6,6,1,26,6,1229,1,11,VAUXHALL CORSA,6,E01020434,0,3
2024161511395,2024,161511395,2,9,0,-1,3,1,5,-1,0,0,0,0,0,0,3,1,-1,9,2,33,6,1398,1,8,VAUXHALL CORSA,10,E01013066,0,1
2024991531469,2024,991531469,2,9,0,-1,4,5,1,-1,0,0,1,0,0,0,1,1,-1,9,1,19,4,1229,1,11,VAUXHALL CORSA,6,-1,0,1
2024471463518,2024,471463518,1,9,0,-1,19,1,5,-1,0,0,5,0,2,0,0,1,-1,9,2,34,6,1248,2,12,VAUXHALL CORSA,4,E01019217,0,5
2024161399883,2024,161399883,1,9,0,-1,19,1,5,-1,0,0,0,0,0,0,3,9,-1,9,2,21,5,1364,1,9,VAUXHALL CORSA,10,E01013064,0,1
2024421517725,2024,421517725,2,9,0,-1,-1,-1,-1,-1,-1,0,-1,-1,-1,0,-1,9,-1,6,1,30,6,1199,1,3,VAUXHALL CORSA,8,E01021627,0,1
2024010519699,2024,010519699,1,9,0,10,10,5,3,0,0,1,0,0,0,0,2,1,6,6,1,46,8,1364,1,16,VAUXHALL CORSA,3,E01001833,0,1
2024041435320,2024,041435320,2,9,0,-1,19,5,1,-1,0,0,0,0,0,0,1,1,-1,1,1,30,6,1229,1,17,VAUXHALL CORSA,5,E01025320,0,2
202460Q066866,2024,60Q066866,1,9,0,9,9,6,2,0,0,6,0,0,0,0,1,1,6,6,1,32,6,1389,1,19,VAUXHALL CORSA,-1,-1,0,-1
2024010520354,2024,010520354,2,9,0,18,19,7,3,0,0,0,0,4,0,0,4,1,6,6,2,35,6,1364,1,15,VAUXHALL CORSA,4,E01003216,0,2
2024440359790,2024,440359790,2,9,0,18,19,1,5,0,0,1,0,0,0,0,1,1,6,6,1,56,9,1398,1,5,VAUXHALL CORSA,10,E01022895,0,1
2024161409503,2024,161409503,1,9,0,-1,19,7,3,-1,0,8,1,0,7,1,4,1,-1,9,1,17,4,1398,1,11,VAUXHALL CORSA,6,E01013325,0,1
2024991482421,2024,991482421,1,9,0,-1,19,5,7,-1,0,0,1,0,7,9,4,1,-1,9,2,24,5,1398,1,5,VAUXHALL CORSA,7,-1,0,1
2024101509800,2024,101509800,1,9,0,-1,19,6,2,-1,0,0,0,0,0,0,1,1,-1,6,1,-1,-1,1229,1,16,VAUXHALL CORSA,-1,-1,0,-1
2024541928224,2024,541928224,1,9,0,9,9,8,4,0,0,6,0,0,7,0,1,1,6,6,2,19,4,1199,1,20,VAUXHALL CORSA,1,E01015575,0,2
2024461420729,2024,461420729,2,9,0,-1,19,3,7,-1,0,8,0,0,0,0,1,9,-1,6,2,18,4,1229,1,16,VAUXHALL CORSA,2,E01024534,0,1
2024440163487,2024,440163487,1,9,0,18,19,6,2,0,0,0,2,4,0,0,1,1,6,6,1,20,4,1229,1,9,VAUXHALL CORSA,1,E01017037,0,1
2024161451752,2024,161451752,1,9,0,-1,19,2,6,-1,0,0,0,0,0,0,2,1,-1,6,1,79,11,1199,1,4,VAUXHALL CORSA,6,E01012810,0,1
2024361489802,2024,361489802,1,9,0,-1,19,7,3,-1,0,0,0,0,0,0,1,1,-1,6,2,80,11,1398,1,10,VAUXHALL CORSA,5,E01026985,0,5
2024501456363,2024,501456363,1,9,0,-1,19,3,7,-1,0,1,0,0,0,0,1,1,-1,9,2,26,6,1398,1,8,VAUXHALL CORSA,4,E01018778,0,1
2024201407579,2024,201407579,3,9,-1,-1,3,5,1,-1,0,1,0,0,0,0,1,9,-1,9,2,60,9,1229,1,14,VAUXHALL CORSA,2,E01010449,0,1
2024451401265,2024,451401265,2,9,0,-1,19,5,1,-1,0,8,0,0,0,0,1,1,-1,9,1,66,10,1364,1,15,VAUXHALL CORSA,6,E01030833,0,3
2024361514000,2024,361514000,2,9,0,-1,19,8,7,-1,0,2,0,0,0,0,1,1,-1,6,2,28,6,1364,1,17,VAUXHALL CORSA,5,E01026419,0,2
2024461481166,2024,461481166,1,9,0,-1,19,5,5,-1,0,6,0,0,7,0,1,2,-1,2,1,19,4,1248,2,17,VAUXHALL CORSA,4,E01016116,0,1
2024340NN2982,2024,340NN2982,2,9,0,-1,7,5,7,-1,0,4,0,0,0,0,3,1,-1,9,1,25,5,1199,1,3,VAUXHALL CORSA,10,E01017462,0,3
2024141401146,2024,141401146,1,9,0,-1,9,1,7,-1,0,8,0,0,0,0,4,1,-1,7,2,37,7,1398,1,5,VAUXHALL CORSA,2,E01007465,0,1
2024061434332,2024,061434332,2,9,0,-1,19,3,7,-1,0,1,0,0,0,0,1,1,-1,6,2,26,6,1229,1,10,VAUXHALL CORSA,1,E01005610,0,1
2024430217293,2024,430217293,2,9,0,9,9,7,5,0,0,8,0,0,0,0,3,1,6,6,2,34,6,1398,1,13,VAUXHALL CORSA,9,E01034457,0,2
2024031430062,2024,031430062,2,9,0,-1,2,3,4,-1,0,1,0,0,0,0,1,1,-1,6,2,34,6,1398,1,9,VAUXHALL CORSA,-1,-1,0,-1
2024010520752,2024,010520752,2,9,0,99,99,9,9,99,99,9,9,99,9,99,9,9,6,6,3,-1,-1,1364,1,15,VAUXHALL CORSA,-1,-1,0,-1
2024131483610,2024,131483610,1,9,0,-1,9,1,2,-1,0,2,0,0,0,0,1,1,-1,9,1,18,4,1364,1,15,VAUXHALL CORSA,4,E01011287,0,1
2024231521931,2024,231521931,2,9,0,-1,19,5,1,-1,0,0,0,0,0,0,9,9,-1,6,1,89,11,1398,1,8,VAUXHALL CORSA,8,E01031323,0,1
2024201425858,2024,201425858,1,9,0,-1,19,8,4,-1,0,2,0,0,0,0,1,9,-1,6,3,-1,-1,1398,1,8,VAUXHALL CORSA,-1,-1,0,-1
202417S206024,2024,17S206024,2,9,0,-1,19,4,1,-1,0,0,0,0,0,0,1,1,-1,9,1,17,4,1199,1,1,VAUXHALL CORSA,9,E01020786,0,4
2024991413491,2024,991413491,1,9,0,-1,19,3,7,-1,0,0,0,0,0,0,1,1,-1,9,1,19,4,999,1,7,VAUXHALL CORSA,6,-1,0,3
2024101499306,2024,101499306,1,9,0,-1,5,2,2,-1,9,8,0,0,0,0,1,1,-1,1,2,31,6,1229,1,11,VAUXHALL CORSA,1,E01008165,0,2
2024201482434,2024,201482434,1,9,0,-1,19,4,8,-1,0,8,0,0,0,0,1,1,-1,9,1,44,7,1398,1,14,VAUXHALL CORSA,1,E01009476,0,1
2024061403481,2024,061403481,3,9,0,-1,2,0,0,-1,9,0,0,4,0,0,1,1,-1,6,-1,-1,-1,1398,1,8,VAUXHALL CORSA,-1,-1,0,-1
2024161423707,2024,161423707,2,9,0,-1,7,7,3,-1,0,1,0,0,0,0,1,1,-1,6,1,19,4,1598,1,15,VAUXHALL CORSA,7,E01013041,0,3
2024302401480,2024,302401480,1,9,0,18,19,8,4,0,0,0,0,0,0,0,3,1,2,2,2,44,7,1199,1,23,VAUXHALL CORSA,10,E01019684,0,2
2024520003188,2024,520003188,1,9,0,9,9,3,1,0,0,8,0,0,0,0,1,1,6,6,2,67,10,1398,1,6,VAUXHALL CORSA,7,E01014945,0,2
2024101407221,2024,101407221,1,9,0,-1,19,6,5,-1,0,0,0,0,0,0,1,1,-1,6,2,31,6,1398,1,6,VAUXHALL CORSA,7,E01008249,0,1
2024201427545,2024,201427545,1,9,0,-1,7,8,2,-1,0,5,0,0,0,0,1,9,-1,6,1,29,6,1398,1,7,VAUXHALL CORSA,1,E01009371,0,1
2024361527909,2024,361527909,2,9,0,-1,10,7,5,-1,0,8,0,0,0,0,2,1,-1,6,2,24,5,1398,1,5,VAUXHALL CORSA,8,E01026653,0,4
2024070607164,2024,070607164,1,9,0,18,19,5,1,0,0,0,2,0,8,4,1,1,6,6,2,17,4,998,1,15,VAUXHALL CORSA,7,E01018371,0,1
2024111513760,2024,111513760,1,9,0,-1,19,2,6,-1,0,2,1,0,0,0,1,1,-1,6,1,30,6,998,1,10,VAUXHALL CORSA,-1,-1,0,-1
2024231427229,2024,231427229,3,9,0,-1,19,6,2,-1,0,0,0,0,0,0,1,1,-1,6,2,43,7,1398,1,12,VAUXHALL CORSA,5,E01033559,0,3
2024061428121,2024,061428121,1,9,0,-1,19,1,5,-1,0,8,0,0,0,0,1,1,-1,6,2,24,5,1199,1,4,VAUXHALL CORSA,1,E01005243,0,1
2024411405221,2024,411405221,4,9,0,-1,19,1,5,-1,0,0,0,0,0,0,1,1,-1,9,2,42,7,1199,1,1,VAUXHALL CORSA,10,E01033189,0,4
2024010514604,2024,010514604,1,9,9,99,99,9,9,0,0,4,9,99,9,99,2,9,6,6,2,24,5,1229,1,15,VAUXHALL CORSA,10,E01024445,0,1
2024522401440,2024,522401440,1,9,0,9,9,5,3,0,0,6,0,0,0,0,1,1,6,6,2,35,6,-1,3,4,VAUXHALL CORSA,1,E01014727,0,2
2024101447383,2024,101447383,1,9,0,-1,19,3,7,-1,0,0,2,10,8,0,2,1,-1,9,1,19,4,1229,1,12,VAUXHALL CORSA,2,E01034501,0,4
2024131503699,2024,131503699,2,9,0,-1,9,7,5,-1,0,6,0,0,0,0,3,1,-1,6,-1,-1,-1,1398,1,6,VAUXHALL CORSA,-1,-1,0,-1
2024161537930,2024,161537930,1,9,0,-1,14,3,7,-1,0,1,0,4,0,0,4,1,-1,9,2,19,4,1229,1,14,VAUXHALL CORSA,3,E01013319,0,3
2024061435488,2024,061435488,1,9,0,-1,19,8,4,-1,0,1,0,0,1,0,1,1,-1,9,1,44,7,1199,1,2,VAUXHALL CORSA,3,E01004939,0,2
2024052400764,2024,052400764,1,9,0,9,9,5,3,0,0,5,0,0,1,1,4,1,6,6,1,85,11,1398,1,9,VAUXHALL CORSA,3,E01006719,0,1
2024522401219,2024,522401219,1,9,0,9,9,2,1,0,0,5,0,0,0,0,4,1,6,6,2,43,7,1364,1,17,VAUXHALL CORSA,4,E01014570,0,1
2024991504706,2024,991504706,1,9,0,-1,19,5,1,-1,9,0,1,0,7,11,1,1,-1,6,2,21,5,1229,1,11,VAUXHALL CORSA,6,-1,0,3
2024211456445,2024,211456445,1,9,0,-1,19,2,6,-1,0,1,0,0,0,0,1,1,-1,6,1,33,6,1248,2,13,VAUXHALL CORSA,4,E01014268,0,1
2024411412296,2024,411412296,1,9,0,-1,19,1,5,-1,0,8,0,10,0,0,4,1,-1,9,1,17,4,1398,1,9,VAUXHALL CORSA,10,E01023482,0,1
2024070505499,2024,070505499,1,9,0,10,10,6,2,0,0,1,0,0,0,0,3,1,6,6,1,18,4,1229,1,11,VAUXHALL CORSA,9,E01012374,0,1
2024010544044,2024,010544044,1,9,0,18,19,1,5,0,0,1,0,0,0,0,1,1,6,6,1,21,5,1229,1,13,VAUXHALL CORSA,7,E01001452,0,1
2024421417627,2024,421417627,1,9,0,-1,9,5,3,-1,0,0,0,0,0,0,4,1,-1,9,2,29,6,1364,1,17,VAUXHALL CORSA,4,E01022041,0,1
2024501526772,2024,501526772,2,9,0,-1,3,7,3,-1,0,0,0,0,0,0,2,1,-1,9,1,18,4,1398,1,9,VAUXHALL CORSA,8,E01015134,0,1
2024451467104,2024,451467104,2,9,0,-1,19,7,3,-1,0,1,0,0,0,0,1,1,-1,2,1,25,5,1398,1,5,VAUXHALL CORSA,8,E01030785,0,1
2024461495844,2024,461495844,1,9,0,-1,5,7,5,-1,0,5,0,0,3,0,1,1,-1,6,1,43,7,1364,1,6,VAUXHALL CORSA,8,E01024209,0,2
2024201443765,2024,201443765,1,9,0,-1,2,0,0,-1,0,0,0,0,0,0,1,1,-1,6,2,22,5,1229,1,14,VAUXHALL CORSA,1,E01009061,0,1
2024010525761,2024,010525761,1,9,0,99,99,9,9,99,99,9,9,99,9,99,2,9,6,6,2,31,6,1199,1,3,VAUXHALL CORSA,5,E01001185,0,1
2024351503472,2024,351503472,1,9,0,-1,19,4,8,-1,0,0,5,5,7,0,3,1,-1,9,2,27,6,1398,1,12,VAUXHALL CORSA,10,E01018040,0,2
2024340WN4762,2024,340WN4762,1,9,0,-1,9,7,5,-1,0,8,0,0,0,0,4,1,-1,6,2,56,9,1389,1,18,VAUXHALL CORSA,2,E01027243,0,1
2024161417986,2024,161417986,2,9,0,-1,7,7,2,-1,0,8,0,0,0,0,1,9,-1,6,1,33,6,1398,1,7,VAUXHALL CORSA,1,E01012790,0,1
2024451395637,2024,451395637,1,9,0,-1,9,7,1,-1,0,8,0,0,0,0,4,1,-1,9,1,34,6,1229,1,10,VAUXHALL CORSA,-1,-1,0,-1
2024991416847,2024,991416847,2,9,0,-1,19,1,5,-1,0,0,1,0,1,0,1,1,-1,6,1,77,11,1199,1,0,VAUXHALL CORSA,9,E01012063,0,5
2024111425484,2024,111425484,2,9,0,-1,19,1,5,-1,0,0,0,0,0,0,2,1,-1,1,2,24,5,1229,1,12,VAUXHALL CORSA,10,E01020603,0,2
2024010531303,2024,010531303,1,9,0,10,10,3,8,0,0,2,0,0,0,0,1,1,2,2,2,32,6,1229,1,16,VAUXHALL CORSA,1,E01000061,0,1
2024010546836,2024,010546836,1,9,0,18,19,3,7,0,0,8,1,0,0,0,1,1,6,6,1,58,9,1364,1,16,VAUXHALL CORSA,3,E01035659,0,1
2024161404837,2024,161404837,1,9,0,-1,10,7,5,-1,0,1,0,0,0,0,2,9,-1,6,2,25,5,1398,1,13,VAUXHALL CORSA,4,E01013314,0,1
2024041447520,2024,041447520,1,9,0,-1,19,5,3,-1,0,0,0,0,0,0,1,1,-1,9,1,18,4,1398,1,14,VAUXHALL CORSA,8,E01034347,0,1
2024320621221,2024,320621221,1,9,0,-1,-1,4,8,0,0,1,0,0,0,0,4,1,-1,-1,1,30,6,1398,1,6,VAUXHALL CORSA,4,E01013255,0,4
2024122500129,2024,122500129,1,9,0,18,19,3,7,0,0,4,0,0,0,0,1,1,6,6,2,26,6,1229,1,16,VAUXHALL CORSA,4,E01027803,0,2