collision_index,collision_year,collision_ref_no,vehicle_reference,vehicle_type,towing_and_articulation,vehicle_manoeuvre_historic,vehicle_manoeuvre,vehicle_direction_from,vehicle_direction_to,vehicle_location_restricted_lane_historic,vehicle_location_restricted_lane,junction_location,skidding_and_overturning,hit_object_in_carriageway,vehicle_leaving_carriageway,hit_object_off_carriageway,first_point_of_impact,vehicle_left_hand_drive,journey_purpose_of_driver_historic,journey_purpose_of_driver,sex_of_driver,age_of_driver,age_band_of_driver,engine_capacity_cc,propulsion_code,age_of_vehicle,generic_make_model,driver_imd_decile,lsoa_of_driver,escooter_flag,driver_distance_banding
2024481561418,2024,481561418,2,9,0,-1,19,1,5,-1,0,1,0,0,0,0,1,1,-1,9,2,32,6,1398,1,9,VAUXHALL CORSA,-1,-1,0,-1
2024311432376,2024,311432376,2,9,0,-1,19,7,3,-1,0,0,1,0,0,0,1,1,-1,9,2,20,4,1199,1,22,VAUXHALL CORSA,4,E01025962,0,3
2024340WN6842,2024,340WN6842,3,9,0,-1,19,5,1,-1,0,0,0,0,0,0,0,1,-1,6,1,40,7,1199,1,2,VAUXHALL CORSA,9,E01017470,0,4
202417S103024,2024,17S103024,3,9,0,18,19,5,1,0,0,1,0,0,0,0,1,1,6,6,1,38,7,-1,3,4,VAUXHALL CORSA,4,E01035201,0,1
2024471529371,2024,471529371,2,9,0,-1,19,8,4,-1,0,1,0,0,8,4,1,1,-1,2,1,21,5,1229,1,14,VAUXHALL CORSA,10,E01021234,0,3
2024010539429,2024,010539429,1,9,0,18,19,1,5,0,0,1,0,0,0,0,3,1,6,6,2,48,8,1199,1,1,VAUXHALL CORSA,9,E01001018,0,1
2024461476002,2024,461476002,1,9,0,-1,11,6,2,-1,0,0,0,0,0,0,4,1,-1,9,2,23,5,1199,1,4,VAUXHALL CORSA,1,E01001410,0,4
2024991412422,2024,991412422,3,9,0,-1,2,0,0,-1,0,0,0,0,0,0,2,1,-1,6,-1,-1,-1,1398,1,13,VAUXHALL CORSA,-1,-1,0,-1
2024552400848,2024,552400848,1,9,0,18,19,6,2,0,0,0,1,0,0,0,1,1,6,6,2,49,8,1398,1,14,VAUXHALL CORSA,7,E01020515,0,1
2024161514902,2024,161514902,1,9,0,-1,19,1,5,-1,0,0,0,0,8,3,1,1,-1,9,1,73,10,1398,1,5,VAUXHALL CORSA,3,E01012860,0,1
202460Q102059,2024,60Q102059,1,9,0,18,19,7,3,0,0,1,0,4,0,0,1,1,6,6,2,81,11,1199,1,2,VAUXHALL CORSA,-1,-1,0,-1
2024010513957,2024,010513957,1,9,0,9,9,5,3,0,0,6,0,0,0,0,1,1,6,6,2,46,8,1364,1,16,VAUXHALL CORSA,7,E01003800,0,1
2024010537231,2024,010537231,2,9,0,99,99,9,9,99,99,9,9,99,9,99,9,9,6,6,3,-1,-1,1229,1,12,VAUXHALL CORSA,-1,-1,0,-1
2024131431499,2024,131431499,2,9,0,-1,2,0,0,-1,0,2,0,0,0,0,1,1,-1,6,-1,-1,-1,1398,1,6,VAUXHALL CORSA,-1,-1,0,-1
2024351540802,2024,351540802,2,9,0,-1,19,4,8,-1,0,0,0,0,0,0,1,1,-1,2,1,23,5,1229,1,14,VAUXHALL CORSA,-1,-1,0,-1
2024070245331,2024,070245331,1,9,0,7,7,2,4,0,0,0,5,0,0,9,0,1,4,7,1,18,4,1248,2,15,VAUXHALL CORSA,9,E01018494,0,2
2024622400134,2024,622400134,1,9,0,17,19,4,8,0,0,0,0,0,1,4,1,1,6,6,1,20,4,1248,2,15,VAUXHALL CORSA,1,W01001266,0,3
2024461458275,2024,461458275,1,9,0,-1,10,4,3,-1,0,1,0,0,0,0,1,9,-1,6,1,17,4,1199,1,2,VAUXHALL CORSA,10,E01024461,0,2
2024052400255,2024,052400255,2,9,0,3,3,1,5,0,0,1,0,0,0,0,2,1,6,6,2,41,7,1229,1,10,VAUXHALL CORSA,2,E01006786,0,1
2024101491769,2024,101491769,2,9,0,-1,9,4,8,-1,0,5,0,0,7,0,3,1,-1,6,1,67,10,1229,1,11,VAUXHALL CORSA,3,E01008219,0,1
2024010511288,2024,010511288,2,9,0,9,9,1,6,0,0,3,1,0,0,0,3,1,6,6,2,26,6,1398,1,10,VAUXHALL CORSA,1,E01011283,0,5
2024522500151,2024,522500151,2,9,0,18,19,2,6,0,0,0,0,0,0,0,1,1,6,6,1,-1,-1,1398,1,14,VAUXHALL CORSA,-1,-1,0,-1
2024471496597,2024,471496597,1,9,0,-1,9,5,3,-1,0,6,0,0,0,0,3,1,-1,1,2,21,5,1199,1,3,VAUXHALL CORSA,5,E01021211,0,3
2024522402305,2024,522402305,2,9,0,18,19,4,8,0,0,1,0,0,0,0,1,1,6,6,2,20,4,1199,1,20,VAUXHALL CORSA,10,E01015563,0,4
2024010522404,2024,010522404,1,9,0,99,99,9,9,0,0,9,0,0,0,0,9,9,6,6,2,32,6,1398,1,9,VAUXHALL CORSA,-1,-1,0,-1
2024501471780,2024,501471780,2,9,0,-1,9,2,6,-1,0,6,0,0,0,0,3,1,-1,6,1,37,7,998,1,19,VAUXHALL CORSA,3,E01015209,0,1
2024631444179,2024,631444179,3,9,0,-1,19,2,6,-1,0,0,0,0,0,0,1,1,-1,6,1,55,8,1398,1,8,VAUXHALL CORSA,5,E01035068,0,4
2024041498435,2024,041498435,1,9,0,-1,4,5,1,-1,0,0,1,0,1,9,3,1,-1,9,1,22,5,998,1,10,VAUXHALL CORSA,1,E01025389,0,2
2024622400861,2024,622400861,1,9,0,18,19,2,6,0,0,0,0,0,0,0,1,1,6,6,1,36,7,1398,1,9,VAUXHALL CORSA,10,W01001072,0,2
2024052401939,2024,052401939,2,9,0,9,9,5,3,0,0,1,0,0,0,0,1,1,6,6,2,32,6,1229,1,12,VAUXHALL CORSA,1,E01012650,0,4
2024010501881,2024,010501881,2,9,0,99,99,9,9,99,99,0,9,99,9,99,1,9,6,6,3,-1,-1,1364,1,16,VAUXHALL CORSA,-1,-1,0,-1
2024461507570,2024,461507570,1,9,0,-1,19,5,1,-1,0,0,5,0,1,0,1,1,-1,9,1,32,6,1364,1,17,VAUXHALL CORSA,7,E01024137,0,3
2024501417320,2024,501417320,1,9,0,-1,4,5,1,-1,0,1,0,0,0,0,1,1,-1,6,2,64,9,1398,1,6,VAUXHALL CORSA,5,E01020305,0,3
2024421409109,2024,421409109,1,9,0,-1,14,5,1,-1,0,0,0,0,7,0,3,1,-1,9,1,18,4,1229,1,11,VAUXHALL CORSA,1,E01002037,0,3
2024211522687,2024,211522687,2,9,0,-1,19,1,5,-1,0,0,0,0,0,0,4,1,-1,6,2,30,6,1229,1,9,VAUXHALL CORSA,8,E01029577,0,2
2024070550392,2024,070550392,1,9,0,4,4,1,4,0,0,1,0,0,0,0,2,1,6,6,1,22,5,1229,1,9,VAUXHALL CORSA,5,E01018706,0,4
2024041418236,2024,041418236,1,9,0,-1,19,1,5,-1,0,0,0,0,0,0,4,9,-1,9,2,87,11,998,1,12,VAUXHALL CORSA,10,E01024963,0,1
2024070963447,2024,070963447,1,9,0,-1,7,3,7,-1,0,1,0,0,0,0,0,1,-1,2,1,24,5,1229,1,13,VAUXHALL CORSA,2,E01034670,0,1
2024061448412,2024,061448412,5,9,0,-1,2,0,0,-1,9,0,0,0,0,0,3,1,-1,6,-1,-1,-1,1398,1,5,VAUXHALL CORSA,-1,-1,0,-1
2024631448987,2024,631448987,1,9,0,-1,19,4,8,-1,0,0,0,0,0,0,1,1,-1,6,1,-1,-1,1199,1,4,VAUXHALL CORSA,-1,-1,0,-1
2024211416527,2024,211416527,1,9,0,-1,9,7,4,-1,0,6,0,0,0,0,1,9,-1,6,2,77,11,1398,1,8,VAUXHALL CORSA,2,E01032437,0,2
2024371516801,2024,371516801,1,9,0,-1,19,1,5,-1,0,2,5,0,0,0,1,1,-1,6,2,36,7,1364,1,16,VAUXHALL CORSA,2,E01026477,0,2
2024041431007,2024,041431007,1,9,0,-1,19,1,5,-1,0,1,1,0,7,11,2,1,-1,9,1,82,11,-1,3,2,VAUXHALL CORSA,5,E01025031,0,4
2024451526263,2024,451526263,2,9,0,-1,7,4,6,-1,0,1,0,0,0,0,4,1,-1,2,1,25,5,1229,1,13,VAUXHALL CORSA,10,E01030810,0,3
2024101406290,2024,101406290,1,9,0,-1,19,2,6,-1,0,6,0,0,0,0,1,9,-1,6,1,89,11,1398,1,9,VAUXHALL CORSA,-1,-1,0,-1
2024471479587,2024,471479587,1,9,0,-1,9,6,2,-1,0,1,0,0,0,0,1,1,-1,9,1,20,4,1398,1,8,VAUXHALL CORSA,8,E01030836,0,4
2024041436199,2024,041436199,1,9,0,-1,4,1,5,-1,0,4,0,0,0,0,1,1,-1,2,1,19,4,1229,1,14,VAUXHALL CORSA,3,E01025460,0,1
2024061458370,2024,061458370,2,9,-1,-1,-1,-1,-1,-1,-1,-1,-1,-1,-1,0,1,9,-1,6,3,-1,-1,1398,1,12,VAUXHALL CORSA,-1,-1,0,-1
2024411495585,2024,411495585,2,9,0,-1,19,5,1,-1,0,1,0,0,0,0,1,1,-1,6,2,30,6,1229,1,16,VAUXHALL CORSA,7,E01023605,0,1
2024371539066,2024,371539066,1,9,0,-1,19,7,3,-1,0,1,0,0,0,0,1,1,-1,2,1,20,4,-1,-1,-1,VAUXHALL CORSA,1,E01029986,0,4
2024430012263,2024,430012263,2,9,0,18,19,2,6,0,0,2,0,0,0,0,1,1,6,6,2,81,11,1229,1,9,VAUXHALL CORSA,10,E01016628,0,1
2024311525332,2024,311525332,3,9,0,-1,19,1,5,-1,0,0,0,0,0,0,2,1,-1,9,1,17,4,1229,1,12,VAUXHALL CORSA,-1,-1,0,-1
2024041450764,2024,041450764,2,9,0,-1,4,3,7,-1,0,0,0,0,0,0,2,1,-1,9,2,29,6,1398,1,9,VAUXHALL CORSA,3,E01025234,0,1
2024010548778,2024,010548778,2,9,0,10,10,7,5,0,0,6,0,0,0,0,3,1,2,2,2,23,5,1229,1,14,VAUXHALL CORSA,4,E01016003,0,3
2024201471906,2024,201471906,1,9,0,-1,19,7,3,-1,0,1,1,0,0,0,1,1,-1,1,1,33,6,1248,2,10,VAUXHALL CORSA,2,E01010429,0,1
2024991436544,2024,991436544,1,9,0,-1,19,7,3,-1,0,0,0,0,0,0,1,1,-1,9,1,17,4,1229,1,10,VAUXHALL CORSA,-1,-1,0,-1
2024991521397,2024,991521397,1,9,0,-1,19,3,7,-1,0,0,1,0,0,0,1,1,-1,6,1,21,5,1199,1,1,VAUXHALL CORSA,2,-1,0,1
2024520402473,2024,520402473,2,9,0,18,19,3,7,0,0,0,0,0,0,0,1,1,6,6,2,30,6,1229,1,11,VAUXHALL CORSA,9,E01019930,0,3
2024131423840,2024,131423840,1,9,0,-1,19,3,7,-1,0,0,0,0,0,0,1,1,-1,6,1,78,11,1199,1,1,VAUXHALL CORSA,-1,-1,0,-1
2024991409138,2024,991409138,2,9,0,-1,19,5,1,-1,0,0,0,0,1,0,1,1,-1,6,2,29,6,1398,1,5,VAUXHALL CORSA,8,-1,0,3
2024101516799,2024,101516799,1,9,-1,-1,19,2,6,-1,0,8,0,0,0,0,1,9,-1,6,2,41,7,1199,1,2,VAUXHALL CORSA,1,E01008702,0,1
2024071057382,2024,071057382,1,9,0,-1,9,3,1,-1,0,6,0,0,0,0,1,1,-1,2,2,22,5,1199,1,3,VAUXHALL CORSA,3,E01018398,0,1
2024461520125,2024,461520125,1,9,0,-1,19,5,1,-1,0,0,0,0,0,0,1,1,-1,1,2,54,8,1229,1,11,VAUXHALL CORSA,5,E01024122,0,1
2024440236393,2024,440236393,1,9,0,18,19,2,6,0,0,1,0,0,0,0,1,1,6,6,1,27,6,1199,1,1,VAUXHALL CORSA,4,E01017020,0,1
2024461539656,2024,461539656,2,9,0,-1,9,3,1,-1,0,6,0,0,0,0,2,2,-1,2,2,35,6,1229,1,17,VAUXHALL CORSA,9,E01024773,0,1
2024010501046,2024,010501046,1,9,0,7,7,7,1,0,0,6,0,0,0,0,1,1,6,6,3,-1,-1,1398,1,8,VAUXHALL CORSA,-1,-1,0,-1
2024522401506,2024,522401506,2,9,0,9,9,2,7,0,0,6,0,0,0,0,1,1,6,6,1,60,9,1398,1,6,VAUXHALL CORSA,1,E01014647,0,1
2024440058900,2024,440058900,2,9,0,18,19,6,2,0,0,0,0,0,0,0,1,1,1,1,1,32,6,1398,1,8,VAUXHALL CORSA,10,E01022497,0,3
2024991466880,2024,991466880,1,9,0,-1,11,8,4,-1,0,0,2,0,1,0,2,1,-1,9,1,27,6,1248,2,14,VAUXHALL CORSA,-1,-1,0,-1
2024471534369,2024,471534369,2,9,0,-1,12,3,7,-1,0,0,0,0,0,0,3,1,-1,6,1,20,4,1199,1,5,VAUXHALL CORSA,3,E01020996,0,4
2024461398907,2024,461398907,2,9,0,-1,19,3,7,-1,0,8,0,0,0,0,3,9,-1,6,2,18,4,1229,1,10,VAUXHALL CORSA,1,E01024616,0,1
2024010512378,2024,010512378,1,9,0,18,19,1,5,0,0,0,0,0,0,0,2,1,6,6,1,21,5,1229,1,13,VAUXHALL CORSA,1,E01002089,0,1
2024010507454,2024,010507454,1,9,0,9,9,3,1,0,0,1,0,0,0,0,1,1,6,6,2,21,5,1229,1,15,VAUXHALL CORSA,2,E01001745,0,1
2024131426718,2024,131426718,1,9,0,-1,-1,-1,-1,-1,-1,-1,-1,-1,-1,-1,-1,1,-1,6,3,-1,-1,1229,1,20,VAUXHALL CORSA,-1,-1,0,-1
2024461441269,2024,461441269,1,9,0,-1,6,5,1,-1,0,0,0,0,0,0,3,1,-1,9,1,64,9,1229,1,16,VAUXHALL CORSA,1,E01003290,0,4
2024371510468,2024,371510468,1,9,0,-1,19,6,2,-1,0,8,0,0,0,0,1,1,-1,9,2,78,11,1398,1,7,VAUXHALL CORSA,5,E01030138,0,2
2024501443547,2024,501443547,2,9,0,-1,19,5,1,-1,0,0,0,0,0,0,3,9,-1,6,2,19,4,1229,1,12,VAUXHALL CORSA,10,E01015160,0,1
2024122401009,2024,122401009,1,9,0,18,19,8,4,0,0,0,1,0,7,9,1,1,6,6,1,43,7,1398,1,7,VAUXHALL CORSA,4,E01012144,0,4
2024340NN0432,2024,340NN0432,1,9,0,-1,7,1,3,-1,0,6,0,0,0,0,1,1,-1,9,2,20,4,1229,1,16,VAUXHALL CORSA,7,E01027129,0,1
2024631484991,2024,631484991,1,9,0,-1,19,4,3,-1,0,0,0,0,0,0,1,1,-1,1,1,18,4,1229,1,17,VAUXHALL CORSA,8,W01002013,0,1
2024161457275,2024,161457275,1,9,0,-1,19,8,3,-1,0,0,0,0,0,0,1,1,-1,9,1,65,9,1199,1,1,VAUXHALL CORSA,4,E01013183,0,1
2024522402024,2024,522402024,2,19,0,18,19,5,1,0,0,8,0,0,0,0,1,1,6,6,3,-1,-1,1248,2,17,VAUXHALL CORSA,-1,-1,0,-1
2024461561786,2024,461561786,1,9,0,-1,12,5,1,-1,0,0,0,0,0,0,3,9,-1,6,1,23,5,1229,1,17,VAUXHALL CORSA,3,E01032562,0,3
2024141436637,2024,141436637,1,9,0,-1,19,5,1,-1,0,0,1,10,1,2,1,1,-1,9,1,19,4,1398,1,8,VAUXHALL CORSA,9,E01008141,0,1
2024141422525,2024,141422525,1,9,0,-1,5,7,6,-1,0,6,0,0,0,0,1,1,-1,9,2,22,5,1199,1,4,VAUXHALL CORSA,3,E01007346,0,1
2024401438338,2024,401438338,2,9,0,-1,19,6,2,-1,0,1,0,0,0,0,1,1,-1,6,2,27,6,1398,1,6,VAUXHALL CORSA,9,E01017463,0,1
2024010541659,2024,010541659,1,9,9,18,19,8,4,99,99,9,9,99,9,99,1,9,6,6,2,25,5,1398,1,5,VAUXHALL CORSA,2,E01033926,0,1
2024061403302,2024,061403302,1,9,0,-1,9,1,5,-1,0,5,0,0,0,0,1,1,-1,2,1,24,5,1364,1,15,VAUXHALL CORSA,1,E01034121,0,1
2024161493228,2024,161493228,1,9,0,-1,19,2,6,-1,0,0,0,0,0,0,1,1,-1,6,2,41,7,1229,1,12,VAUXHALL CORSA,6,E01013095,0,1
2024211503415,2024,211503415,1,9,0,-1,19,5,1,-1,0,2,0,0,0,0,1,1,-1,6,1,24,5,1229,1,18,VAUXHALL CORSA,5,E01029637,0,1
2024440096003,2024,440096003,1,9,0,9,9,6,4,0,0,8,0,0,0,0,4,1,2,2,1,20,4,1229,1,18,VAUXHALL CORSA,6,E01017256,0,1
2024461432544,2024,461432544,1,9,0,-1,19,4,8,-1,0,8,0,0,0,0,3,9,-1,6,2,27,6,1398,1,9,VAUXHALL CORSA,7,E01035304,0,1
2024122400304,2024,122400304,1,9,0,18,19,1,5,0,0,1,0,0,1,4,1,1,6,6,1,23,5,1199,1,1,VAUXHALL CORSA,1,E01011510,0,4
2024411490156,2024,411490156,1,9,0,-1,19,1,5,-1,0,8,0,0,0,0,1,1,-1,9,1,21,5,1199,1,4,VAUXHALL CORSA,6,E01023306,0,1
2024052401018,2024,052401018,1,9,0,18,19,1,5,0,0,1,0,0,0,0,4,1,6,6,1,17,4,1398,1,13,VAUXHALL CORSA,1,E01006981,0,3
2024052400541,2024,052400541,2,9,0,18,19,7,3,0,0,1,0,0,0,0,4,1,6,6,2,76,11,1364,1,17,VAUXHALL CORSA,2,E01006718,0,1
2024522401464,2024,522401464,1,9,0,4,4,2,6,0,0,1,0,0,0,0,1,1,6,6,1,34,6,1229,1,12,VAUXHALL CORSA,1,E01014583,0,2
2024552401484,2024,552401484,2,9,0,9,9,7,4,0,0,8,0,0,0,0,4,1,6,6,1,56,9,1248,2,12,VAUXHALL CORSA,2,E01015341,0,1
2024031497251,2024,031497251,2,9,0,-1,3,3,7,-1,0,1,0,0,0,0,2,1,-1,6,2,24,5,1199,1,4,VAUXHALL CORSA,7,E01019203,0,1
2024101495902,2024,101495902,1,9,0,-1,19,1,5,-1,0,0,0,0,0,0,1,1,-1,9,1,78,11,1398,1,7,VAUXHALL CORSA,7,E01008529,0,2
2024622400532,2024,622400532,1,9,0,9,9,2,8,0,0,3,0,0,0,0,4,1,6,6,1,31,6,1229,1,14,VAUXHALL CORSA,4,W01000968,0,1
2024411485062,2024,411485062,1,9,0,-1,-1,-1,-1,-1,-1,0,-1,-1,-1,0,1,9,-1,6,1,21,5,1598,1,15,VAUXHALL CORSA,7,E01023886,0,3
2024211516754,2024,211516754,112,9,0,-1,5,1,5,-1,0,0,0,0,4,6,1,1,-1,6,1,37,7,1398,1,12,VAUXHALL CORSA,-1,-1,0,-1
2024311505527,2024,311505527,3,9,0,-1,2,0,0,-1,9,0,1,0,7,0,4,1,-1,6,2,26,6,1248,2,10,VAUXHALL CORSA,10,E01028404,0,3
2024411396054,2024,411396054,1,9,0,-1,9,1,7,-1,0,8,0,0,0,0,3,1,-1,6,1,19,4,1229,1,13,VAUXHALL CORSA,3,E01023650,0,1
2024101406073,2024,101406073,1,9,0,-1,19,1,6,-1,0,8,0,0,0,0,3,1,-1,9,2,38,7,1199,1,4,VAUXHALL CORSA,7,E01027473,0,2
2024991444286,2024,991444286,3,9,0,-1,19,3,7,-1,0,0,0,0,0,0,3,1,-1,2,1,20,4,1398,1,6,VAUXHALL CORSA,8,-1,0,2
2024041455884,2024,041455884,2,9,0,-1,2,0,0,-1,9,0,0,0,0,0,1,1,-1,6,-1,-1,-1,1229,1,10,VAUXHALL CORSA,-1,-1,0,-1
2024991493174,2024,991493174,1,9,0,-1,4,6,8,-1,0,8,0,0,0,0,1,1,-1,9,2,60,9,1229,1,10,VAUXHALL CORSA,1,-1,0,1
2024010527121,2024,010527121,2,9,0,99,99,9,9,99,99,9,9,99,9,99,2,9,6,6,3,-1,-1,-1,3,2,VAUXHALL CORSA,-1,-1,0,-1
2024461427689,2024,461427689,2,9,0,-1,19,7,3,-1,0,8,0,0,0,0,4,1,-1,2,2,40,7,1398,1,5,VAUXHALL CORSA,4,E01016157,0,1
2024991466444,2024,991466444,1,9,0,-1,3,3,7,-1,0,0,0,0,0,0,1,1,-1,6,2,25,5,998,1,13,VAUXHALL CORSA,7,-1,0,4
2024332400027,2024,332400027,1,9,0,-1,19,6,2,-1,0,0,2,0,2,9,1,1,-1,9,1,18,4,1229,1,11,VAUXHALL CORSA,10,E01028390,0,2
2024201411986,2024,201411986,4,9,0,-1,2,0,0,-1,0,0,0,0,0,0,3,1,-1,6,-1,-1,-1,1229,1,11,VAUXHALL CORSA,-1,-1,0,-1
2024991486643,2024,991486643,2,9,0,-1,4,6,2,-1,9,0,0,11,1,5,1,1,-1,9,2,39,7,1229,1,12,VAUXHALL CORSA,7,-1,0,1
2024440552006,2024,440552006,1,9,0,18,19,6,2,0,0,0,0,12,0,0,1,1,6,6,2,25,5,1199,1,2,VAUXHALL CORSA,2,E01017168,0,2
2024111468542,2024,111468542,2,9,0,-1,19,6,4,-1,0,8,0,0,0,0,1,1,-1,9,1,29,6,1229,1,15,VAUXHALL CORSA,6,E01020822,0,1
2024221424003,2024,221424003,1,9,0,-1,19,4,1,-1,0,0,5,0,7,4,1,1,-1,2,1,18,4,1229,1,14,VAUXHALL CORSA,4,E01022161,0,3
2024101414932,2024,101414932,2,9,0,-1,19,3,7,-1,0,0,0,0,0,0,4,1,-1,6,2,40,7,1199,1,1,VAUXHALL CORSA,8,-1,0,5
2024010550699,2024,010550699,2,9,0,99,99,9,9,99,99,9,9,99,9,99,1,9,6,6,2,74,10,1199,1,2,VAUXHALL CORSA,10,E01031747,0,4
2024161427352,2024,161427352,1,9,0,-1,19,5,3,-1,0,3,0,10,2,2,1,1,-1,9,2,19,4,998,1,10,VAUXHALL CORSA,8,E01013151,0,3
2024311512930,2024,311512930,2,9,0,-1,3,5,1,-1,0,0,0,0,0,0,2,1,-1,6,1,31,6,1229,1,9,VAUXHALL CORSA,7,E01028086,0,1
2024211533325,2024,211533325,1,9,0,-1,9,7,3,-1,0,6,0,0,0,0,1,1,-1,9,2,52,8,1398,1,10,VAUXHALL CORSA,2,E01014293,0,1
2024411495125,2024,411495125,2,9,0,-1,19,2,7,-1,0,8,1,0,0,0,1,1,-1,2,2,21,5,1229,1,16,VAUXHALL CORSA,6,E01023472,0,1
2024221522556,2024,221522556,2,9,0,-1,19,6,2,-1,0,1,0,0,0,0,1,1,-1,6,2,20,4,1199,1,19,VAUXHALL CORSA,7,E01028998,0,3
2024401482622,2024,401482622,1,9,0,-1,19,1,5,-1,0,0,5,0,0,0,4,1,-1,9,1,18,4,1229,1,10,VAUXHALL CORSA,8,E01015797,0,1
2024991448097,2024,991448097,1,9,0,-1,19,8,4,-1,0,1,0,0,0,0,4,1,-1,9,1,35,6,1199,1,1,VAUXHALL CORSA,-1,-1,0,-1
2024201523619,2024,201523619,1,9,0,-1,4,1,1,-1,0,0,0,0,0,0,1,1,-1,2,1,18,4,1229,1,11,VAUXHALL CORSA,3,E01010491,0,2
2024332400058,2024,332400058,1,9,0,-1,9,3,1,-1,0,5,0,0,2,11,1,1,-1,9,2,24,5,1364,1,18,VAUXHALL CORSA,7,E01025618,0,1
2024201571523,2024,201571523,1,9,0,-1,19,1,4,-1,0,0,2,10,7,11,1,1,-1,9,2,29,6,1364,1,17,VAUXHALL CORSA,3,E01009910,0,1
2024351428175,2024,351428175,3,9,0,-1,2,0,0,-1,9,0,0,0,0,0,1,1,-1,6,-1,-1,-1,1398,1,9,VAUXHALL CORSA,-1,-1,0,-1
2024461484360,2024,461484360,2,9,0,-1,4,1,5,-1,0,0,0,0,0,0,2,1,-1,6,2,18,4,1389,1,19,VAUXHALL CORSA,1,E01024649,0,4
2024101509354,2024,101509354,1,9,0,-1,19,1,5,-1,0,8,0,0,0,0,1,1,-1,1,1,49,8,-1,3,3,VAUXHALL CORSA,4,E01008483,0,2
2024501474448,2024,501474448,2,9,0,-1,19,5,1,-1,0,4,0,0,0,0,1,1,-1,6,2,72,10,1199,1,2,VAUXHALL CORSA,4,E01020053,0,3
2024471487890,2024,471487890,3,9,0,-1,3,5,1,-1,0,1,0,0,0,0,3,1,-1,6,2,51,8,1499,2,4,VAUXHALL CORSA,2,E01031790,0,1
2024501437545,2024,501437545,1,9,0,-1,19,2,5,-1,0,0,0,0,0,0,1,1,-1,9,2,46,8,1398,1,6,VAUXHALL CORSA,4,E01019071,0,3
2024221409452,2024,221409452,2,9,0,-1,10,5,3,-1,0,8,0,0,0,0,2,9,-1,2,2,27,6,1398,1,9,VAUXHALL CORSA,8,E01032338,0,1
2024070177807,2024,070177807,2,9,0,18,19,7,3,0,0,8,0,0,0,0,4,1,6,6,1,39,7,1398,1,8,VAUXHALL CORSA,9,E01018344,0,1
2024041408691,2024,041408691,1,9,0,-1,19,3,7,-1,0,8,5,9,0,0,1,1,-1,9,2,40,7,1229,1,10,VAUXHALL CORSA,1,E01025224,0,1
2024061532912,2024,061532912,2,9,0,-1,19,5,1,-1,0,1,0,0,0,0,1,1,-1,9,2,54,8,1398,1,8,VAUXHALL CORSA,2,E01005605,0,1
2024371478710,2024,371478710,1,9,0,-1,19,3,7,-1,0,0,0,0,0,0,1,1,-1,9,1,30,6,1229,1,12,VAUXHALL CORSA,2,E01027105,0,5
2024211523928,2024,211523928,4,9,0,-1,2,3,3,-1,0,1,0,4,0,0,2,1,-1,6,1,-1,-1,1229,1,12,VAUXHALL CORSA,-1,-1,0,-1
2024041484291,2024,041484291,1,9,0,-1,19,7,3,-1,0,0,2,0,1,9,1,1,-1,9,2,33,6,1398,1,12,VAUXHALL CORSA,1,E01007006,0,3
2024371483604,2024,371483604,2,9,0,-1,9,-1,-1,-1,0,0,0,0,0,0,1,1,-1,9,2,59,9,1398,1,9,VAUXHALL CORSA,4,E01029940,0,1
2024471479705,2024,471479705,1,9,0,-1,9,7,5,-1,0,6,0,0,0,0,3,1,-1,2,2,51,8,1229,1,16,VAUXHALL CORSA,7,E01021033,0,1
2024411539420,2024,411539420,2,9,0,-1,3,3,7,-1,0,0,0,0,0,0,2,1,-1,9,2,33,6,1398,1,8,VAUXHALL CORSA,5,E01023400,0,1
2024340WN6702,2024,340WN6702,2,9,0,-1,3,7,3,-1,0,0,0,0,0,0,2,1,-1,9,2,20,4,1398,1,10,VAUXHALL CORSA,7,E01027010,0,1
2024010527616,2024,010527616,2,9,0,18,19,7,3,0,0,1,0,0,0,0,1,1,6,6,1,33,6,1398,1,7,VAUXHALL CORSA,5,E01003156,0,1
2024471457307,2024,471457307,1,9,0,-1,19,7,3,-1,0,1,0,0,0,0,1,1,-1,6,1,40,7,1229,1,19,VAUXHALL CORSA,5,E01031530,0,2
2024201433669,2024,201433669,1,9,0,-1,13,8,4,-1,0,8,1,0,0,0,1,1,-1,6,2,22,5,1398,1,6,VAUXHALL CORSA,2,E01010312,0,3
2024991433169,2024,991433169,2,9,0,-1,19,4,8,-1,0,1,0,0,0,0,1,1,-1,7,2,27,6,1398,1,5,VAUXHALL CORSA,9,-1,0,1
2024622400801,2024,622400801,1,9,0,18,19,6,2,0,0,0,0,7,0,0,4,1,6,6,1,17,4,1229,1,13,VAUXHALL CORSA,7,W01001372,0,2
2024070081284,2024,070081284,3,9,0,10,10,5,1,0,0,1,0,0,0,0,2,1,2,2,2,28,6,1229,1,14,VAUXHALL CORSA,5,E01018479,0,1
2024552400951,2024,552400951,2,9,0,18,19,6,2,0,0,0,0,0,0,0,1,1,6,6,2,26,6,1398,1,10,VAUXHALL CORSA,7,E01020480,0,1
2024430357908,2024,430357908,1,9,0,13,13,6,2,0,0,0,0,0,0,0,1,1,6,6,1,20,4,1229,1,14,VAUXHALL CORSA,5,E01017856,0,1
2024041412621,2024,041412621,1,9,0,-1,19,4,8,-1,0,8,0,0,0,0,4,1,-1,2,1,42,7,-1,3,2,VAUXHALL CORSA,6,E01025329,0,1