collision_index,collision_year,collision_ref_no,vehicle_reference,vehicle_type,towing_and_articulation,vehicle_manoeuvre_historic,vehicle_manoeuvre,vehicle_direction_from,vehicle_direction_to,vehicle_location_restricted_lane_historic,vehicle_location_restricted_lane,junction_location,skidding_and_overturning,hit_object_in_carriageway,vehicle_leaving_carriageway,hit_object_off_carriageway,first_point_of_impact,vehicle_left_hand_drive,journey_purpose_of_driver_historic,journey_purpose_of_driver,sex_of_driver,age_of_driver,age_band_of_driver,engine_capacity_cc,propulsion_code,age_of_vehicle,generic_make_model,driver_imd_decile,lsoa_of_driver,escooter_flag,driver_distance_banding
2024131491379,2024,131491379,1,9,0,-1,9,6,2,-1,0,8,0,0,0,0,3,1,-1,6,3,-1,-1,1199,1,2,VAUXHALL CORSA,-1,-1,0,-1
2024991407802,2024,991407802,1,9,0,-1,19,3,7,-1,0,0,0,0,0,0,4,1,-1,9,1,22,5,1229,1,9,VAUXHALL CORSA,3,-1,0,1
2024131522971,2024,131522971,2,9,0,-1,5,5,1,-1,0,5,0,0,0,0,0,1,-1,6,2,37,7,998,1,15,VAUXHALL CORSA,7,E01011687,0,1
2024501484001,2024,501484001,1,9,0,-1,3,5,1,-1,0,1,0,0,0,0,2,1,-1,9,2,29,6,1364,1,17,VAUXHALL CORSA,5,E01020340,0,4
2024010493575,2024,010493575,1,9,0,9,9,5,3,0,0,1,0,0,0,0,3,1,2,2,1,23,5,999,1,8,VAUXHALL CORSA,2,E01001330,0,1
2024201454030,2024,201454030,2,9,0,-1,19,5,1,-1,0,1,0,0,0,0,4,1,-1,9,2,42,7,1398,1,14,VAUXHALL CORSA,1,E01010271,0,1
2024311533063,2024,311533063,1,9,0,-1,19,5,1,-1,0,2,0,0,0,0,4,1,-1,6,1,62,9,1199,1,2,VAUXHALL CORSA,1,E01013883,0,1
2024010501073,2024,010501073,3,9,0,18,19,5,1,0,0,1,0,0,0,0,1,1,3,7,2,31,6,1199,1,4,VAUXHALL CORSA,4,E01000124,0,1
2024991433660,2024,991433660,1,9,0,-1,19,3,7,-1,0,0,0,0,0,0,1,1,-1,9,2,81,11,1398,1,10,VAUXHALL CORSA,7,-1,0,1
2024991487407,2024,991487407,1,9,0,-1,19,3,7,-1,0,8,0,0,0,0,1,1,-1,9,1,47,8,1598,1,12,VAUXHALL CORSA,5,-1,0,1
2024052401103,2024,052401103,1,9,0,18,19,3,7,0,0,4,0,0,0,0,1,1,6,6,1,-1,-1,1229,1,11,VAUXHALL CORSA,3,E01006959,0,1
2024211536409,2024,211536409,2,9,0,-1,2,5,5,-1,0,0,0,0,0,0,4,1,-1,9,2,57,9,1248,2,16,VAUXHALL CORSA,3,E01029808,0,1
2024161528390,2024,161528390,2,9,0,-1,5,8,3,-1,0,6,0,0,0,0,1,1,-1,6,1,-1,-1,1248,2,16,VAUXHALL CORSA,-1,-1,0,-1
2024010503518,2024,010503518,1,9,0,4,4,5,1,0,0,0,0,0,0,0,1,1,6,6,2,19,4,1398,1,12,VAUXHALL CORSA,3,E01001445,0,2
2024311499200,2024,311499200,1,9,0,-1,19,5,1,-1,0,0,0,0,0,0,1,9,-1,6,2,73,10,1199,1,0,VAUXHALL CORSA,-1,-1,0,-1
2024451474317,2024,451474317,1,9,0,-1,9,5,7,-1,0,8,0,0,0,0,1,1,-1,9,1,40,7,1199,1,1,VAUXHALL CORSA,-1,-1,0,-1
2024101434287,2024,101434287,2,9,0,-1,3,4,6,-1,0,8,0,0,0,0,2,1,-1,6,1,34,6,1248,2,14,VAUXHALL CORSA,2,E01020793,0,4
2024061530535,2024,061530535,1,9,0,-1,9,5,3,-1,0,1,0,0,0,0,1,1,-1,6,2,27,6,1398,1,8,VAUXHALL CORSA,-1,-1,0,-1
2024010516628,2024,010516628,1,9,0,7,7,1,3,0,0,3,0,0,0,0,1,1,2,2,1,23,5,1229,1,10,VAUXHALL CORSA,6,E01001419,0,2
2024440274613,2024,440274613,1,9,0,4,4,2,6,0,0,0,0,0,0,0,2,1,6,6,2,21,5,1229,1,13,VAUXHALL CORSA,4,E01025572,0,5
2024161438522,2024,161438522,1,9,0,-1,19,7,3,-1,0,2,0,0,0,0,1,1,-1,6,1,20,4,1229,1,12,VAUXHALL CORSA,7,E01013094,0,1
2024440058900,2024,440058900,1,9,0,4,4,6,2,0,0,0,0,0,1,9,2,1,6,6,2,20,4,1398,1,8,VAUXHALL CORSA,8,E01032841,0,3
2024201433901,2024,201433901,3,9,0,-1,9,1,6,-1,0,5,0,0,0,0,4,9,-1,9,1,18,4,1398,1,12,VAUXHALL CORSA,2,E01009887,0,1
2024440553402,2024,440553402,1,9,0,18,19,7,3,0,0,0,0,0,0,0,1,1,6,6,2,48,8,1229,1,11,VAUXHALL CORSA,1,E01022843,0,1
2024401541137,2024,401541137,1,9,0,-1,5,8,4,-1,0,6,0,0,0,0,3,1,-1,6,1,32,6,1199,1,0,VAUXHALL CORSA,-1,-1,0,-1
2024052400529,2024,052400529,1,9,0,18,19,1,5,0,0,0,0,0,0,0,1,1,6,6,2,-1,-1,-1,3,1,VAUXHALL CORSA,2,E01006522,0,1
2024471425151,2024,471425151,2,9,0,-1,4,5,1,-1,0,1,0,0,0,0,2,1,-1,9,1,46,8,1199,1,1,VAUXHALL CORSA,-1,-1,0,-1
2024501502618,2024,501502618,2,9,0,-1,19,3,7,-1,0,1,0,0,0,0,1,1,-1,1,1,29,6,1398,1,9,VAUXHALL CORSA,4,E01019916,0,1
2024461415772,2024,461415772,1,9,0,-1,9,-1,-1,-1,0,8,0,0,0,0,1,9,-1,9,1,24,5,998,1,13,VAUXHALL CORSA,5,E01032808,0,1
2024131507763,2024,131507763,1,9,0,-1,9,5,3,-1,0,6,0,0,0,0,1,1,-1,9,1,31,6,1229,1,12,VAUXHALL CORSA,6,E01010915,0,2
2024141483762,2024,141483762,2,9,0,-1,19,3,7,-1,0,1,0,0,0,0,4,1,-1,6,1,53,8,1229,1,14,VAUXHALL CORSA,1,E01007718,0,1
2024211503658,2024,211503658,2,9,0,-1,19,7,3,-1,0,0,1,0,7,0,3,1,-1,6,1,71,10,1199,1,4,VAUXHALL CORSA,4,E01010303,0,2
2024361507319,2024,361507319,1,9,0,-1,4,7,3,-1,0,0,1,0,0,0,1,1,-1,1,2,53,8,1398,1,8,VAUXHALL CORSA,5,E01026464,0,3
2024010542632,2024,010542632,2,9,0,18,19,7,3,0,0,0,0,0,0,0,2,1,6,6,2,21,5,1229,1,15,VAUXHALL CORSA,2,E01024585,0,4
2024010514697,2024,010514697,1,9,0,7,7,5,7,0,0,1,0,0,0,0,3,1,6,6,1,19,4,1364,1,6,VAUXHALL CORSA,8,E01001307,0,1
2024991471420,2024,991471420,1,9,0,-1,9,1,7,-1,0,5,1,0,7,11,1,1,-1,9,1,19,4,1229,1,17,VAUXHALL CORSA,6,-1,0,1
2024211475782,2024,211475782,2,9,0,-1,10,2,8,-1,0,1,0,0,0,0,2,9,-1,6,2,59,9,1199,1,23,VAUXHALL CORSA,2,E01029447,0,1
2024522500104,2024,522500104,1,9,0,18,19,7,3,0,0,0,0,0,0,0,1,1,6,6,1,70,10,1199,1,4,VAUXHALL CORSA,8,E01014896,0,2
2024201426058,2024,201426058,1,9,0,-1,14,2,6,-1,0,0,0,4,0,0,1,9,-1,6,3,-1,-1,1229,1,9,VAUXHALL CORSA,-1,-1,0,-1
2024311395482,2024,311395482,1,9,0,-1,7,5,1,-1,0,7,1,0,1,0,1,1,-1,2,1,25,5,1389,1,20,VAUXHALL CORSA,1,E01032558,0,4
2024052402437,2024,052402437,1,9,0,7,7,7,1,0,0,6,0,0,0,0,1,1,1,1,3,-1,-1,1389,1,20,VAUXHALL CORSA,-1,-1,0,-1
2024471477918,2024,471477918,2,9,0,-1,19,8,4,-1,0,0,1,0,5,6,1,1,-1,6,2,37,7,1364,1,17,VAUXHALL CORSA,2,E01021183,0,4
2024010515797,2024,010515797,1,9,0,5,5,2,6,0,0,8,0,0,0,0,4,1,6,6,1,20,4,1398,1,8,VAUXHALL CORSA,8,E01004119,0,1
2024552401339,2024,552401339,1,9,0,9,9,2,8,4,4,5,0,0,0,0,4,1,6,6,2,70,10,1398,1,9,VAUXHALL CORSA,5,E01015317,0,1
2024141432178,2024,141432178,2,9,0,-1,3,8,4,-1,0,1,0,0,0,0,2,9,-1,6,2,34,6,1398,1,13,VAUXHALL CORSA,4,E01007810,0,1
2024201444232,2024,201444232,1,9,0,-1,19,7,4,-1,0,0,0,0,0,0,1,1,-1,9,1,22,5,1364,1,15,VAUXHALL CORSA,3,E01010085,0,2
2024010497768,2024,010497768,1,9,0,13,13,5,1,0,0,0,1,0,0,0,4,1,6,6,3,-1,-1,-1,3,2,VAUXHALL CORSA,-1,-1,0,-1
2024411428280,2024,411428280,1,9,0,-1,19,2,6,-1,0,3,0,0,0,0,4,1,-1,9,1,32,6,1229,1,12,VAUXHALL CORSA,8,E01033026,0,3
2024451459621,2024,451459621,2,9,0,-1,19,7,3,-1,0,0,0,0,0,0,3,1,-1,9,2,18,4,1229,1,12,VAUXHALL CORSA,-1,-1,0,-1
2024631480531,2024,631480531,1,9,0,-1,5,1,5,-1,0,6,0,0,0,0,3,1,-1,9,1,58,9,1199,1,1,VAUXHALL CORSA,7,W01000473,0,1
2024991536066,2024,991536066,2,9,0,-1,19,3,7,-1,0,0,0,0,0,0,1,1,-1,6,1,64,9,-1,-1,-1,VAUXHALL CORSA,7,-1,0,3
2024332401076,2024,332401076,2,9,0,-1,19,1,5,-1,0,8,0,0,0,0,1,1,-1,6,2,55,8,1364,1,17,VAUXHALL CORSA,1,E01013688,0,1
2024052402438,2024,052402438,1,9,0,7,7,8,2,0,0,6,0,0,0,0,3,1,6,6,2,43,7,1398,1,8,VAUXHALL CORSA,1,E01007089,0,2
2024122401207,2024,122401207,1,9,0,18,19,1,5,0,0,0,1,0,0,0,1,1,6,6,2,19,4,1398,1,11,VAUXHALL CORSA,3,E01012026,0,3
2024201506195,2024,201506195,1,9,0,-1,4,2,6,-1,0,0,0,11,0,0,1,9,-1,6,1,17,4,1362,1,10,VAUXHALL CORSA,1,E01009412,0,1
2024101403244,2024,101403244,1,9,0,-1,19,5,1,-1,0,0,0,0,0,0,1,1,-1,6,1,23,5,1398,1,8,VAUXHALL CORSA,5,E01027553,0,4
2024361490351,2024,361490351,2,9,0,-1,19,1,2,-1,0,8,0,0,0,0,3,1,-1,9,2,52,8,1229,1,17,VAUXHALL CORSA,4,E01026677,0,1
2024501437596,2024,501437596,2,9,0,-1,19,4,2,-1,0,2,0,0,0,0,1,1,-1,2,2,20,4,1364,1,15,VAUXHALL CORSA,3,E01018761,0,3
2024991575086,2024,991575086,2,9,0,-1,2,3,7,-1,0,2,0,0,0,0,1,1,-1,6,2,63,9,1229,1,11,VAUXHALL CORSA,7,-1,0,1
2024440110213,2024,440110213,1,9,0,9,9,1,7,0,0,8,0,0,0,0,4,1,6,6,1,18,4,1229,1,11,VAUXHALL CORSA,10,E01034712,0,2
2024131394450,2024,131394450,3,9,0,-1,19,5,1,-1,0,0,0,0,0,0,2,1,-1,6,1,25,5,1398,1,8,VAUXHALL CORSA,1,E01010610,0,1
2024543395024,2024,543395024,16,9,0,18,19,4,8,0,0,0,1,0,1,0,1,1,6,6,2,21,5,1229,1,11,VAUXHALL CORSA,9,E01031939,0,4
2024501474014,2024,501474014,1,9,0,-1,5,6,2,-1,0,0,0,0,0,0,1,1,-1,6,1,32,6,1398,1,8,VAUXHALL CORSA,3,E01015249,0,1
2024101493353,2024,101493353,2,9,0,-1,9,2,7,-1,0,8,0,0,0,0,4,9,-1,9,1,23,5,1398,1,12,VAUXHALL CORSA,2,E01027423,0,1
2024991523460,2024,991523460,2,9,0,-1,9,7,5,-1,0,0,0,0,0,0,1,1,-1,9,2,24,5,1199,1,0,VAUXHALL CORSA,3,-1,0,1
2024141517043,2024,141517043,1,9,0,-1,19,7,3,-1,0,0,0,0,0,0,1,1,-1,9,1,18,4,1364,1,17,VAUXHALL CORSA,6,E01007570,0,3
2024161512327,2024,161512327,1,9,0,-1,2,0,0,-1,0,0,1,0,1,0,2,1,-1,6,1,49,8,1398,1,7,VAUXHALL CORSA,1,E01013204,0,1
2024302400947,2024,302400947,1,9,0,17,19,1,7,0,0,0,0,0,0,0,1,1,6,6,1,51,8,1229,1,13,VAUXHALL CORSA,8,E01019454,0,1
2024361425686,2024,361425686,3,9,0,-1,10,5,2,-1,0,1,0,0,0,0,2,1,-1,2,1,63,9,1364,1,14,VAUXHALL CORSA,5,E01026790,0,1
2024421420973,2024,421420973,2,9,0,-1,2,0,0,-1,0,0,0,0,1,0,2,1,-1,2,1,24,5,1398,1,10,VAUXHALL CORSA,8,E01021528,0,2
2024061487850,2024,061487850,1,9,0,-1,4,2,2,-1,0,4,0,0,0,0,1,1,-1,2,2,61,9,1199,1,1,VAUXHALL CORSA,3,E01005997,0,1
2024501495597,2024,501495597,2,9,0,-1,19,8,4,-1,0,0,0,0,0,0,1,1,-1,6,2,59,9,1248,2,8,VAUXHALL CORSA,3,E01018761,0,2
2024131408689,2024,131408689,1,9,0,-1,5,1,5,-1,0,0,0,0,0,0,3,1,-1,9,2,43,7,1248,2,10,VAUXHALL CORSA,4,E01010637,0,1
202417M111624,2024,17M111624,2,9,0,-1,19,7,3,-1,0,0,0,0,0,0,1,1,-1,2,2,46,8,1229,1,13,VAUXHALL CORSA,3,E01012277,0,2
2024010519429,2024,010519429,1,9,0,99,99,9,9,99,99,0,9,99,9,99,9,9,6,6,3,34,6,1398,1,8,VAUXHALL CORSA,5,E01003654,0,1
2024320188300,2024,320188300,3,9,0,2,2,0,0,0,0,0,0,0,1,0,2,1,6,6,3,-1,-1,1229,1,18,VAUXHALL CORSA,-1,-1,0,-1
2024401482539,2024,401482539,2,9,0,-1,-1,-1,-1,-1,-1,0,-1,-1,-1,0,2,9,-1,9,1,77,11,1398,1,12,VAUXHALL CORSA,2,E01015787,0,1
2024161527513,2024,161527513,1,9,0,-1,9,7,5,-1,2,2,0,0,0,0,3,1,-1,9,1,40,7,1389,1,19,VAUXHALL CORSA,1,E01012855,0,1
2024302401351,2024,302401351,2,9,0,18,19,7,3,0,0,0,0,0,0,0,1,1,1,1,3,38,7,1389,1,20,VAUXHALL CORSA,5,E01019417,0,3
2024031526876,2024,031526876,2,9,0,-1,19,2,6,-1,0,0,0,0,0,0,1,1,-1,2,1,29,6,1398,1,13,VAUXHALL CORSA,-1,-1,0,-1
2024141453985,2024,141453985,2,9,0,-1,7,5,8,-1,0,3,0,0,1,0,1,2,-1,6,2,51,8,1199,1,3,VAUXHALL CORSA,5,E01034253,0,1
2024421441948,2024,421441948,2,9,0,-1,19,3,1,-1,0,4,0,0,0,0,4,1,-1,6,1,40,7,1199,1,1,VAUXHALL CORSA,10,E01023454,0,3
2024010534846,2024,010534846,3,9,0,18,19,3,7,0,0,1,0,0,0,0,1,1,6,6,3,-1,-1,1229,1,10,VAUXHALL CORSA,-1,-1,0,-1
2024061484779,2024,061484779,2,9,0,-1,5,5,1,-1,0,1,0,0,0,0,1,1,-1,9,2,21,5,1229,1,9,VAUXHALL CORSA,4,E01005816,0,1
2024320184436,2024,320184436,1,9,0,-1,-1,8,4,0,0,0,1,0,7,0,1,1,-1,-1,1,38,7,1229,1,12,VAUXHALL CORSA,4,E01006012,0,5
2024501484088,2024,501484088,1,9,0,-1,9,3,7,-1,0,1,0,0,0,0,4,1,-1,9,1,37,7,-1,-1,-1,VAUXHALL CORSA,6,E01018753,0,3
2024471532539,2024,471532539,2,9,0,-1,5,3,7,-1,0,3,0,0,0,0,2,1,-1,1,1,23,5,1398,1,7,VAUXHALL CORSA,8,E01016929,0,1
2024061461150,2024,061461150,1,9,0,-1,-1,-1,-1,-1,-1,0,-1,-1,-1,0,-1,1,-1,6,3,-1,-1,1229,1,11,VAUXHALL CORSA,-1,-1,0,-1
2024201510548,2024,201510548,1,9,0,-1,5,7,1,-1,9,0,0,0,0,0,4,1,-1,1,2,20,4,1199,1,4,VAUXHALL CORSA,1,E01010266,0,3
2024991408260,2024,991408260,1,9,0,-1,19,2,6,-1,0,0,2,0,7,11,1,1,-1,9,2,20,4,1499,2,3,VAUXHALL CORSA,6,-1,0,4
2024430403744,2024,430403744,3,9,0,18,19,8,4,0,0,0,0,0,0,0,3,1,1,1,1,34,6,1199,1,1,VAUXHALL CORSA,-1,-1,0,-1
2024201439430,2024,201439430,2,9,0,-1,15,7,8,-1,0,8,0,0,0,0,1,1,-1,2,1,21,5,1229,1,13,VAUXHALL CORSA,3,E01010005,0,1
2024622400742,2024,622400742,2,9,0,18,19,4,8,0,0,1,1,0,0,0,1,1,2,2,2,19,4,1398,1,5,VAUXHALL CORSA,3,W01001232,0,3
2024201482280,2024,201482280,1,9,0,-1,19,3,7,-1,0,1,0,0,0,0,4,9,-1,6,1,49,8,998,1,14,VAUXHALL CORSA,1,E01010404,0,3
2024221490833,2024,221490833,1,9,0,-1,19,2,6,-1,0,0,2,0,7,0,1,1,-1,9,1,21,5,1229,1,11,VAUXHALL CORSA,4,E01014015,0,1
2024010511335,2024,010511335,1,9,0,7,7,5,8,0,0,1,0,0,0,0,4,1,6,6,1,27,6,1199,1,2,VAUXHALL CORSA,3,E01035498,0,1
2024221396230,2024,221396230,1,9,0,-1,19,1,5,-1,0,0,0,0,0,0,1,9,-1,6,1,32,6,998,1,12,VAUXHALL CORSA,6,E01032407,0,2
2024101486782,2024,101486782,2,9,0,-1,19,2,6,-1,0,0,0,11,0,0,1,2,-1,9,1,66,10,1499,2,4,VAUXHALL CORSA,7,E01020145,0,5
2024991431805,2024,991431805,1,9,0,-1,19,3,6,-1,0,0,0,0,0,0,1,1,-1,2,1,26,6,1199,1,1,VAUXHALL CORSA,9,-1,0,1
2024070610099,2024,070610099,2,9,0,4,4,4,8,0,0,0,0,0,0,0,4,1,6,6,2,39,7,1229,1,10,VAUXHALL CORSA,4,E01012405,0,1
2024010500999,2024,010500999,3,9,0,10,10,4,2,0,0,1,1,0,0,0,0,1,3,7,2,39,7,1398,1,13,VAUXHALL CORSA,5,E01000170,0,1
2024991484028,2024,991484028,1,9,0,-1,19,2,6,-1,0,2,2,0,1,9,4,2,-1,9,2,19,4,1229,1,11,VAUXHALL CORSA,3,-1,0,1
2024631415206,2024,631415206,2,9,0,-1,3,1,4,-1,0,1,0,0,0,0,2,2,-1,9,2,20,4,1248,2,11,VAUXHALL CORSA,9,W01000710,0,2
2024340WN1262,2024,340WN1262,1,9,0,-1,19,8,4,-1,0,0,0,0,0,0,1,1,-1,1,1,19,4,973,1,21,VAUXHALL CORSA,4,E01027007,0,2
2024201413500,2024,201413500,2,9,0,-1,1,2,6,-1,0,0,0,0,0,0,3,9,-1,6,1,18,4,1248,2,11,VAUXHALL CORSA,4,E01009729,0,1
2024201490479,2024,201490479,1,9,0,-1,3,0,0,-1,0,2,0,0,0,0,2,1,-1,1,2,25,5,1199,1,2,VAUXHALL CORSA,2,E01009239,0,1
2024451536436,2024,451536436,3,9,0,-1,2,0,0,-1,0,0,0,0,0,0,3,1,-1,6,-1,-1,-1,1199,1,3,VAUXHALL CORSA,-1,-1,0,-1
2024461413456,2024,461413456,2,9,0,-1,19,5,2,-1,0,1,0,0,0,0,1,1,-1,6,2,61,9,1398,1,10,VAUXHALL CORSA,8,E01024409,0,1
2024302401257,2024,302401257,1,9,0,18,19,6,2,0,0,1,0,0,0,0,1,1,6,6,2,52,8,1199,1,1,VAUXHALL CORSA,8,E01019854,0,1
2024201483240,2024,201483240,1,9,0,-1,19,1,5,-1,0,0,0,0,0,0,2,1,-1,6,2,26,6,1364,1,14,VAUXHALL CORSA,2,E01010019,0,2
2024991542415,2024,991542415,1,9,0,-1,19,6,2,-1,0,8,0,0,0,0,1,1,-1,6,1,71,10,1199,1,3,VAUXHALL CORSA,8,-1,0,1
2024991499671,2024,991499671,1,9,0,-1,11,1,5,-1,0,0,0,0,2,7,1,1,-1,2,1,18,4,1398,1,7,VAUXHALL CORSA,9,-1,0,3
2024320036579,2024,320036579,1,9,0,-1,-1,2,6,0,0,2,0,0,0,0,1,1,-1,-1,2,19,4,1248,2,12,VAUXHALL CORSA,9,E01026197,0,2
2024991527007,2024,991527007,1,9,0,-1,5,7,3,-1,0,0,0,0,0,0,4,1,-1,6,1,88,11,1229,1,11,VAUXHALL CORSA,9,-1,0,1
2024010513389,2024,010513389,2,9,0,99,99,9,9,99,99,9,9,99,9,99,9,9,6,6,3,-1,-1,1398,1,5,VAUXHALL CORSA,-1,-1,0,-1
2024451512130,2024,451512130,1,9,0,-1,5,5,1,-1,0,0,0,0,0,0,2,1,-1,1,2,28,6,999,1,9,VAUXHALL CORSA,7,E01030851,0,4
2024070941260,2024,070941260,2,9,0,-1,3,7,3,-1,0,8,0,0,0,0,1,1,-1,9,2,17,4,1398,1,7,VAUXHALL CORSA,9,E01018386,0,2
2024231541897,2024,231541897,1,9,0,-1,7,7,1,-1,0,5,0,0,0,0,4,1,-1,9,1,17,4,1398,1,9,VAUXHALL CORSA,10,E01009704,0,3
2024991539384,2024,991539384,2,9,0,-1,19,5,1,-1,0,4,0,0,0,0,1,1,-1,6,1,19,4,1199,1,5,VAUXHALL CORSA,1,-1,0,1
202454D733224,2024,54D733224,2,9,0,18,19,8,4,0,0,1,0,10,1,0,4,1,6,6,2,48,8,1229,1,12,VAUXHALL CORSA,8,E01032709,0,2
2024311505527,2024,311505527,4,9,0,-1,2,0,0,-1,0,0,1,0,0,0,4,1,-1,6,2,-1,-1,1229,1,12,VAUXHALL CORSA,6,E01014267,0,4
2024991496353,2024,991496353,1,9,0,-1,7,4,7,-1,0,3,0,0,1,4,3,1,-1,9,1,24,5,1229,1,12,VAUXHALL CORSA,2,-1,0,1
2024471395239,2024,471395239,1,9,0,-1,7,3,4,-1,0,5,0,0,0,0,1,1,-1,2,1,20,4,998,1,16,VAUXHALL CORSA,9,E01031458,0,2
2024161506576,2024,161506576,2,9,0,-1,4,4,8,-1,0,1,0,0,0,0,1,1,-1,1,2,30,6,1364,1,15,VAUXHALL CORSA,3,E01012913,0,2
2024461411771,2024,461411771,1,9,0,-1,9,4,2,-1,0,8,0,0,0,0,1,1,-1,6,1,25,5,-1,3,3,VAUXHALL CORSA,5,E01024345,0,1
2024010533729,2024,010533729,2,9,0,7,7,9,9,99,99,9,9,99,9,99,4,9,6,6,3,-1,-1,-1,3,3,VAUXHALL CORSA,-1,-1,0,-1
2024161493519,2024,161493519,1,9,0,-1,5,3,7,-1,0,6,0,0,0,0,1,1,-1,2,2,28,6,1398,1,8,VAUXHALL CORSA,9,E01035475,0,2
2024010518056,2024,010518056,1,9,9,99,99,9,9,99,99,9,9,99,9,99,2,9,2,2,1,27,6,1398,1,8,VAUXHALL CORSA,2,E01001773,0,3
2024010502188,2024,010502188,3,9,0,2,2,0,0,0,0,0,0,0,0,0,1,1,6,6,3,-1,-1,1398,1,8,VAUXHALL CORSA,-1,-1,0,-1
2024010551143,2024,010551143,1,9,0,99,99,9,9,99,99,9,9,99,9,99,2,9,2,2,2,56,9,1199,1,2,VAUXHALL CORSA,2,E01001427,0,1
2024440384142,2024,440384142,1,9,0,18,19,7,3,0,0,6,0,0,3,1,1,1,6,6,3,-1,-1,1199,1,3,VAUXHALL CORSA,-1,-1,0,-1
2024631485527,2024,631485527,1,9,0,-1,19,1,5,-1,0,0,2,0,1,4,1,1,-1,9,1,17,4,1229,1,12,VAUXHALL CORSA,5,W01001925,0,1
2024010518539,2024,010518539,1,9,0,18,19,3,7,0,0,0,0,0,0,0,1,1,6,6,1,24,5,-1,3,2,VAUXHALL CORSA,4,E01034185,0,2
2024231529529,2024,231529529,1,9,0,-1,19,8,4,-1,0,0,0,0,0,0,1,1,-1,6,1,18,4,1199,1,1,VAUXHALL CORSA,9,E01031269,0,3
2024052402879,2024,052402879,1,9,0,18,19,3,7,0,0,8,0,0,0,0,4,1,6,6,1,33,6,1398,1,7,VAUXHALL CORSA,1,E01007291,0,2
2024451455930,2024,451455930,1,9,0,-1,19,5,1,-1,0,0,0,0,0,0,3,1,-1,9,2,22,5,1229,1,13,VAUXHALL CORSA,4,E01030337,0,2
2024201444575,2024,201444575,1,9,0,-1,19,3,7,-1,0,1,0,0,0,0,2,9,-1,6,2,68,10,998,1,11,VAUXHALL CORSA,-1,-1,0,-1
2024430429877,2024,430429877,1,9,0,9,9,3,1,0,0,4,0,0,0,0,1,1,2,2,2,31,6,998,1,12,VAUXHALL CORSA,2,E01016451,0,1
2024991417242,2024,991417242,2,9,0,-1,9,5,3,-1,0,6,0,0,0,0,3,1,-1,1,1,23,5,1229,1,11,VAUXHALL CORSA,-1,-1,0,-1
2024131506439,2024,131506439,1,9,0,-1,19,3,7,-1,0,0,0,0,0,0,1,1,-1,6,2,57,9,1199,1,1,VAUXHALL CORSA,1,E01011616,0,1
2024522401097,2024,522401097,1,9,0,18,19,7,3,0,0,0,0,0,7,10,3,1,6,6,1,34,6,998,1,12,VAUXHALL CORSA,1,E01014583,0,2
2024991456244,2024,991456244,1,9,0,-1,19,4,1,-1,0,4,1,0,1,2,4,1,-1,9,1,20,4,1229,1,17,VAUXHALL CORSA,3,-1,0,3
2024351463864,2024,351463864,2,9,0,-1,6,1,5,-1,0,0,0,0,0,0,4,1,-1,6,1,19,4,1229,1,9,VAUXHALL CORSA,9,E01015635,0,1
2024610007524,2024,610007524,2,9,0,17,19,1,6,0,0,0,0,0,0,0,1,1,2,2,1,37,7,1229,1,10,VAUXHALL CORSA,1,W01001457,0,3
2024991420690,2024,991420690,2,9,0,-1,19,7,3,-1,0,8,0,0,0,0,3,1,-1,9,2,40,7,1229,1,12,VAUXHALL CORSA,-1,-1,0,-1
2024622400050,2024,622400050,2,9,0,5,5,6,2,0,0,1,0,0,0,0,1,1,1,1,1,21,5,1229,1,12,VAUXHALL CORSA,2,W01000745,0,4
2024552400827,2024,552400827,2,9,0,3,3,2,6,0,0,2,0,0,0,0,2,1,6,6,2,40,7,1398,1,11,VAUXHALL CORSA,2,E01015362,0,1
2024361428731,2024,361428731,1,9,0,-1,19,1,1,-1,0,0,2,0,0,0,1,1,-1,6,1,74,10,1199,1,21,VAUXHALL CORSA,4,E01026759,0,2
2024010547783,2024,010547783,1,9,0,18,19,5,1,0,0,0,0,0,0,0,1,1,6,6,2,28,6,1364,1,15,VAUXHALL CORSA,3,E01000143,0,1
2024991509400,2024,991509400,1,9,0,-1,5,7,5,-1,0,8,1,0,0,0,3,1,-1,9,1,18,4,1229,1,18,VAUXHALL CORSA,7,-1,0,2
2024141495942,2024,141495942,1,9,0,-1,7,5,8,-1,0,8,0,0,0,0,1,1,-1,9,2,41,7,1398,1,6,VAUXHALL CORSA,3,E01007368,0,1
2024471470010,2024,471470010,1,9,0,-1,19,6,2,-1,0,0,0,0,0,0,1,1,-1,6,1,55,8,1248,2,13,VAUXHALL CORSA,4,E01031573,0,1
2024401504018,2024,401504018,2,9,0,-1,19,6,2,-1,0,8,0,0,0,0,1,1,-1,1,1,28,6,998,1,16,VAUXHALL CORSA,4,E01015776,0,1
2024211516927,2024,211516927,2,9,0,-1,19,5,5,-1,0,0,0,0,0,0,3,1,-1,6,2,24,5,999,1,8,VAUXHALL CORSA,4,E01032897,0,1
2024401424527,2024,401424527,1,9,0,-1,19,5,1,-1,0,0,0,0,0,0,4,9,-1,7,2,26,6,1199,1,4,VAUXHALL CORSA,10,E01017373,0,1
2024061517544,2024,061517544,1,9,0,-1,19,4,7,-1,0,8,0,0,0,0,1,1,-1,6,-1,-1,-1,1398,1,14,VAUXHALL CORSA,-1,-1,0,-1
2024201533113,2024,201533113,1,9,0,-1,19,7,3,-1,0,2,0,0,0,0,1,1,-1,2,1,33,6,1398,1,5,VAUXHALL CORSA,1,E01010076,0,1