collision_index,collision_year,collision_ref_no,vehicle_reference,vehicle_type,towing_and_articulation,vehicle_manoeuvre_historic,vehicle_manoeuvre,vehicle_direction_from,vehicle_direction_to,vehicle_location_restricted_lane_historic,vehicle_location_restricted_lane,junction_location,skidding_and_overturning,hit_object_in_carriageway,vehicle_leaving_carriageway,hit_object_off_carriageway,first_point_of_impact,vehicle_left_hand_drive,journey_purpose_of_driver_historic,journey_purpose_of_driver,sex_of_driver,age_of_driver,age_band_of_driver,engine_capacity_cc,propulsion_code,age_of_vehicle,generic_make_model,driver_imd_decile,lsoa_of_driver,escooter_flag,driver_distance_banding
2024221452453,2024,221452453,1,9,0,-1,9,7,4,-1,0,6,0,0,0,0,1,1,-1,7,2,18,4,1229,1,17,VAUXHALL CORSA,5,E01015205,0,5
2024991532010,2024,991532010,1,9,0,-1,19,1,5,-1,0,2,0,0,0,0,4,1,-1,6,2,56,9,1199,1,1,VAUXHALL CORSA,-1,-1,0,-1
2024991445805,2024,991445805,2,9,0,-1,19,5,8,-1,0,0,0,0,0,0,1,1,-1,9,1,50,8,1229,1,15,VAUXHALL CORSA,-1,-1,0,-1
2024302500241,2024,302500241,1,9,0,-1,19,5,3,-1,0,0,1,0,1,11,1,1,-1,6,2,42,7,1364,1,17,VAUXHALL CORSA,2,E01019563,0,2
2024411414160,2024,411414160,2,9,0,-1,19,5,1,-1,0,0,0,0,1,4,4,1,-1,1,1,28,6,1229,1,11,VAUXHALL CORSA,8,E01033026,0,1
2024131430088,2024,131430088,1,9,0,-1,5,7,5,-1,0,6,0,0,0,0,3,1,-1,9,1,73,10,1398,1,6,VAUXHALL CORSA,6,E01010690,0,1
2024471526612,2024,471526612,1,9,0,-1,19,7,3,-1,0,0,0,0,0,0,1,1,-1,2,1,44,7,1398,1,8,VAUXHALL CORSA,8,E01031474,0,1
2024141497869,2024,141497869,2,9,0,-1,9,7,4,-1,0,8,0,0,0,0,1,1,-1,2,2,17,4,1229,1,9,VAUXHALL CORSA,2,E01007435,0,1
2024631528328,2024,631528328,1,9,0,-1,19,1,5,-1,0,0,5,0,7,11,1,1,-1,9,2,33,6,1229,1,13,VAUXHALL CORSA,3,W01001902,0,3
2024131516043,2024,131516043,1,9,0,-1,5,5,1,-1,0,3,0,0,0,0,1,1,-1,6,1,79,11,1229,1,12,VAUXHALL CORSA,3,E01010599,0,1
2024131491446,2024,131491446,1,9,0,-1,15,1,5,-1,0,0,0,0,0,0,1,1,-1,6,3,-1,-1,1229,1,17,VAUXHALL CORSA,-1,-1,0,-1
2024631468129,2024,631468129,1,9,0,-1,19,6,3,-1,0,0,5,0,2,10,3,1,-1,2,1,17,4,1229,1,15,VAUXHALL CORSA,4,W01000536,0,2
2024320125834,2024,320125834,2,9,0,-1,-1,4,8,0,0,0,0,0,0,0,4,1,-1,-1,1,24,5,1248,2,18,VAUXHALL CORSA,10,E01023520,0,5
2024371494812,2024,371494812,4,9,0,-1,4,3,7,-1,0,0,0,4,0,0,2,1,-1,9,1,17,4,998,1,12,VAUXHALL CORSA,8,E01030086,0,1
2024430522395,2024,430522395,1,9,0,18,19,5,1,0,0,0,0,0,0,0,1,1,1,1,1,34,6,-1,-1,-1,VAUXHALL CORSA,1,E01022147,0,4
2024461463501,2024,461463501,2,9,0,-1,4,3,7,-1,0,0,0,0,0,0,1,9,-1,6,1,34,6,1364,1,16,VAUXHALL CORSA,1,E01024278,0,1
2024501406787,2024,501406787,1,9,0,-1,19,1,5,-1,0,1,0,0,0,0,1,9,-1,6,2,61,9,1398,1,7,VAUXHALL CORSA,2,E01015073,0,1
2024010523976,2024,010523976,1,9,0,18,19,5,1,0,0,1,0,0,7,0,4,1,6,6,3,-1,-1,-1,3,3,VAUXHALL CORSA,-1,-1,0,-1
2024991511848,2024,991511848,1,9,0,-1,19,6,2,-1,0,0,0,0,0,0,1,1,-1,9,2,58,9,1199,1,2,VAUXHALL CORSA,2,-1,0,1
2024430153368,2024,430153368,1,9,0,18,19,5,1,0,0,1,0,0,1,2,2,1,6,6,2,60,9,1229,1,10,VAUXHALL CORSA,7,E01016509,0,1
2024122401193,2024,122401193,1,9,0,18,19,7,1,0,0,1,0,0,0,0,1,1,1,1,1,18,4,-1,3,0,VAUXHALL CORSA,8,E01027836,0,2
2024031521840,2024,031521840,1,9,0,-1,19,3,7,-1,0,0,0,0,1,0,1,2,-1,2,1,20,4,1248,2,7,VAUXHALL CORSA,4,E01019389,0,1
2024991512854,2024,991512854,1,9,0,-1,4,2,6,-1,0,1,0,11,0,0,1,1,-1,1,1,58,9,-1,-1,-1,VAUXHALL CORSA,3,-1,0,4
2024501453182,2024,501453182,1,9,0,-1,5,7,5,-1,0,4,0,0,0,0,1,1,-1,9,1,54,8,-1,3,2,VAUXHALL CORSA,2,E01018897,0,1
2024991514002,2024,991514002,1,9,0,-1,19,3,7,-1,0,0,0,0,0,0,1,2,-1,6,1,40,7,1199,1,1,VAUXHALL CORSA,2,-1,0,1
2024231416690,2024,231416690,1,9,0,-1,19,4,8,-1,0,0,2,0,1,9,1,9,-1,6,2,42,7,1248,2,13,VAUXHALL CORSA,1,E01034747,0,3
2024131500035,2024,131500035,1,9,0,-1,19,1,5,-1,0,0,1,10,3,0,1,1,-1,9,2,35,6,1229,1,13,VAUXHALL CORSA,3,E01011670,0,3
2024522401465,2024,522401465,1,9,0,9,9,5,3,0,0,6,0,0,7,11,1,1,6,6,2,23,5,1398,1,10,VAUXHALL CORSA,6,E01015004,0,1
2024522402954,2024,522402954,1,9,0,18,19,4,8,0,0,4,0,0,0,0,1,1,6,6,1,18,4,1229,1,13,VAUXHALL CORSA,10,E01014964,0,1
2024461430623,2024,461430623,2,9,0,-1,19,1,5,-1,0,1,1,0,0,0,3,1,-1,9,1,61,9,1364,1,17,VAUXHALL CORSA,5,E01024039,0,1
2024061442209,2024,061442209,1,9,0,-1,7,1,5,-1,0,1,1,0,0,0,1,1,-1,6,2,20,4,1229,1,16,VAUXHALL CORSA,2,E01005917,0,1
2024231415360,2024,231415360,1,9,0,-1,19,1,5,-1,0,0,0,0,1,11,1,1,-1,6,2,54,8,1364,1,16,VAUXHALL CORSA,7,E01004491,0,5
2024101402227,2024,101402227,2,9,0,-1,4,5,1,-1,0,0,0,0,0,0,2,1,-1,9,1,23,5,1398,1,7,VAUXHALL CORSA,1,E01008305,0,1
2024161401953,2024,161401953,1,9,0,-1,19,5,1,-1,0,8,0,0,0,0,1,2,-1,6,2,40,7,1229,1,9,VAUXHALL CORSA,1,E01013138,0,1
2024471533149,2024,471533149,1,9,0,-1,1,3,7,-1,0,1,0,0,0,0,2,9,-1,6,3,-1,-1,1398,1,6,VAUXHALL CORSA,-1,-1,0,-1
2024311454602,2024,311454602,2,9,0,-1,4,3,3,-1,0,0,0,0,0,0,2,9,-1,6,2,24,5,1229,1,13,VAUXHALL CORSA,5,E01013931,0,1
2024211518699,2024,211518699,1,9,0,-1,19,5,3,-1,0,0,2,0,2,4,3,1,-1,6,2,23,5,1229,1,14,VAUXHALL CORSA,-1,-1,0,-1
2024141485753,2024,141485753,1,9,0,-1,9,8,6,-1,0,8,0,0,0,0,3,1,-1,9,2,19,4,1398,1,14,VAUXHALL CORSA,5,E01007583,0,1
2024061460567,2024,061460567,1,9,0,-1,3,-1,-1,-1,0,1,0,0,0,0,2,1,-1,9,1,24,5,1229,1,12,VAUXHALL CORSA,1,E01032915,0,1
2024501513680,2024,501513680,2,9,0,-1,2,1,5,-1,0,8,0,4,0,0,2,1,-1,9,2,36,7,1229,1,11,VAUXHALL CORSA,4,E01015024,0,1
2024111412727,2024,111412727,1,9,0,-1,19,4,8,-1,0,8,0,0,0,0,4,1,-1,6,2,61,9,1229,1,11,VAUXHALL CORSA,3,E01020662,0,3
2024161430926,2024,161430926,1,9,0,-1,19,5,1,-1,0,2,5,0,1,2,1,9,-1,6,1,19,4,998,1,15,VAUXHALL CORSA,8,E01013170,0,1
2024501408670,2024,501408670,1,9,0,-1,19,2,6,-1,0,0,0,0,0,0,1,9,-1,6,2,60,9,1364,1,15,VAUXHALL CORSA,6,E01020232,0,1
2024302401406,2024,302401406,1,9,0,13,13,7,3,0,0,0,1,0,1,4,1,1,6,6,1,35,6,1248,2,16,VAUXHALL CORSA,4,E01019742,0,2
2024461447545,2024,461447545,2,9,0,-1,3,4,3,-1,0,1,0,0,4,0,2,9,-1,1,2,57,9,1229,1,11,VAUXHALL CORSA,4,E01021498,0,4
2024111536746,2024,111536746,1,9,0,-1,19,1,5,-1,0,4,0,0,0,0,1,1,-1,6,1,30,6,1248,2,7,VAUXHALL CORSA,3,E01020881,0,1
2024131448257,2024,131448257,1,9,0,-1,19,7,3,-1,0,0,1,0,2,7,4,1,-1,9,1,19,4,1229,1,13,VAUXHALL CORSA,7,E01013020,0,4
2024161427741,2024,161427741,3,9,0,-1,19,6,2,-1,0,1,1,0,0,0,1,1,-1,6,1,20,4,1229,1,12,VAUXHALL CORSA,1,E01012918,0,2
2024041503410,2024,041503410,1,9,0,-1,19,3,7,-1,0,0,0,0,0,0,1,1,-1,2,2,18,4,1229,1,13,VAUXHALL CORSA,7,E01024874,0,3
2024522401933,2024,522401933,2,9,0,18,19,8,4,0,0,0,0,0,0,0,1,1,6,6,1,78,11,1199,1,2,VAUXHALL CORSA,7,E01014945,0,3
2024070910189,2024,070910189,1,9,0,-1,19,7,3,-1,0,0,2,0,1,11,4,1,-1,6,1,22,5,1229,1,9,VAUXHALL CORSA,7,E01035370,0,1
2024010528602,2024,010528602,2,9,0,99,99,9,9,99,99,9,9,99,9,99,9,9,6,6,3,-1,-1,998,1,16,VAUXHALL CORSA,-1,-1,0,-1
2024461535716,2024,461535716,2,9,0,-1,19,1,5,-1,0,2,0,0,0,0,4,1,-1,9,1,18,4,1229,1,12,VAUXHALL CORSA,8,E01024343,0,1
2024311413934,2024,311413934,1,9,0,-1,19,2,6,-1,0,0,0,0,7,0,1,1,-1,2,2,21,5,1229,1,9,VAUXHALL CORSA,3,E01028025,0,1
2024201482533,2024,201482533,1,9,0,-1,19,8,4,-1,0,6,0,10,2,0,1,9,-1,6,1,24,5,1389,1,20,VAUXHALL CORSA,1,E01008937,0,3
2024461493022,2024,461493022,2,9,0,-1,19,5,1,-1,0,4,0,0,0,0,2,1,-1,9,1,34,6,1248,2,10,VAUXHALL CORSA,4,E01024373,0,2
2024461523996,2024,461523996,2,9,0,-1,19,7,3,-1,0,1,0,0,0,0,1,1,-1,9,1,42,7,1229,1,13,VAUXHALL CORSA,8,E01024221,0,3
2024010504594,2024,010504594,1,9,0,9,9,5,3,0,0,5,0,0,7,0,3,1,6,6,2,26,6,1398,1,9,VAUXHALL CORSA,3,E01004169,0,1
2024461443928,2024,461443928,1,9,0,-1,19,7,3,-1,0,1,0,0,0,0,4,9,-1,6,3,-1,-1,1199,1,4,VAUXHALL CORSA,-1,-1,0,-1
2024201513492,2024,201513492,2,9,0,-1,3,1,5,-1,0,0,0,0,0,0,2,9,-1,2,2,26,6,1199,1,3,VAUXHALL CORSA,9,E01009416,0,3
2024201524959,2024,201524959,1,9,0,-1,7,8,2,-1,0,5,0,0,0,0,4,1,-1,9,1,39,7,1398,1,5,VAUXHALL CORSA,1,E01010275,0,1
2024471466200,2024,471466200,1,9,0,-1,5,1,5,-1,0,0,0,0,0,0,1,1,-1,9,2,81,11,1229,1,11,VAUXHALL CORSA,9,E01021156,0,1
2024201511727,2024,201511727,2,9,0,-1,11,1,5,-1,0,1,0,0,0,0,2,1,-1,9,1,28,6,1796,1,18,VAUXHALL CORSA,3,E01009864,0,1
2024031432665,2024,031432665,1,9,0,-1,19,8,3,-1,0,1,0,0,0,0,1,1,-1,6,1,34,6,1199,1,1,VAUXHALL CORSA,1,E01019113,0,1
2024332401118,2024,332401118,1,9,0,-1,9,3,1,-1,0,6,0,0,0,0,1,1,-1,2,2,45,7,1364,1,15,VAUXHALL CORSA,4,E01013715,0,1
2024520001371,2024,520001371,2,9,0,18,19,1,5,0,0,0,0,0,0,0,1,1,6,6,1,28,6,1229,1,9,VAUXHALL CORSA,3,E01014461,0,2
2024201489397,2024,201489397,2,9,0,-1,19,6,2,-1,0,0,0,0,0,0,3,1,-1,9,2,43,7,1229,1,13,VAUXHALL CORSA,2,E01010479,0,1
2024991439860,2024,991439860,1,9,0,-1,19,2,6,-1,9,1,0,0,7,11,1,1,-1,6,2,26,6,1248,2,12,VAUXHALL CORSA,1,-1,0,1
2024332400236,2024,332400236,2,9,0,-1,9,7,5,-1,0,6,0,0,1,0,1,1,-1,6,1,25,5,1229,1,16,VAUXHALL CORSA,-1,-1,0,-1
2024122500049,2024,122500049,2,9,0,18,19,3,7,0,0,1,0,0,0,0,1,1,6,6,2,66,10,1229,1,18,VAUXHALL CORSA,5,E01027802,0,1
2024411512219,2024,411512219,1,9,0,-1,-1,-1,-1,-1,-1,0,-1,-1,-1,0,1,1,-1,9,1,49,8,1398,1,8,VAUXHALL CORSA,6,E01001345,0,3
2024540675124,2024,540675124,1,9,0,18,19,5,1,0,0,0,2,0,0,0,1,1,2,2,2,19,4,1248,2,11,VAUXHALL CORSA,5,E01031990,0,1
2024552400799,2024,552400799,1,9,0,18,19,6,2,0,0,0,0,0,0,0,1,1,2,2,1,21,5,998,1,10,VAUXHALL CORSA,5,E01015274,0,2
2024302400433,2024,302400433,1,9,0,18,19,6,2,0,0,2,2,0,1,9,2,1,6,6,1,28,6,1398,1,11,VAUXHALL CORSA,3,E01019506,0,1
2024201500571,2024,201500571,1,9,0,-1,3,4,8,-1,0,0,0,0,0,0,2,1,-1,6,1,47,8,1398,1,8,VAUXHALL CORSA,2,E01010103,0,1
2024991459422,2024,991459422,3,9,0,-1,10,6,3,-1,0,0,0,0,0,0,2,1,-1,6,2,47,8,1398,1,7,VAUXHALL CORSA,3,-1,0,1
2024461414357,2024,461414357,1,9,0,-1,9,7,5,-1,0,8,0,0,0,0,1,1,-1,9,1,19,4,1229,1,17,VAUXHALL CORSA,3,E01024570,0,2
2024340NN2122,2024,340NN2122,1,9,0,-1,7,1,5,-1,0,5,0,0,0,0,3,1,-1,6,3,-1,-1,1199,1,4,VAUXHALL CORSA,-1,-1,0,-1
2024221531643,2024,221531643,2,9,0,-1,19,1,5,-1,0,8,0,0,0,0,1,1,-1,1,2,22,5,1398,1,7,VAUXHALL CORSA,8,E01032439,0,1
2024010542104,2024,010542104,1,9,0,18,19,7,3,0,0,0,2,10,2,7,1,1,6,6,2,20,4,998,1,12,VAUXHALL CORSA,-1,-1,0,-1
2024131535250,2024,131535250,1,9,0,-1,19,1,5,-1,0,0,0,0,0,0,1,1,-1,6,1,44,7,1229,1,10,VAUXHALL CORSA,3,E01011314,0,1
2024302400596,2024,302400596,2,9,0,9,9,4,2,0,0,8,0,0,0,0,3,1,6,6,3,-1,-1,1199,1,4,VAUXHALL CORSA,5,E01019456,0,4
2024010519282,2024,010519282,1,9,0,99,99,9,9,99,99,9,9,99,9,99,9,9,6,6,2,30,6,1229,1,14,VAUXHALL CORSA,1,E01015736,0,4
2024622400087,2024,622400087,2,9,0,18,19,2,6,0,0,8,0,0,0,0,1,1,6,6,1,19,4,1398,1,10,VAUXHALL CORSA,4,W01001285,0,2
2024371515583,2024,371515583,2,9,0,-1,19,3,7,-1,0,8,0,0,0,0,1,1,-1,9,2,19,4,1229,1,17,VAUXHALL CORSA,10,E01033444,0,1
2024421419802,2024,421419802,2,9,0,-1,19,3,7,-1,0,0,0,0,0,0,1,1,-1,9,2,23,5,1229,1,14,VAUXHALL CORSA,3,E01021370,0,3
2024041433432,2024,041433432,2,9,0,-1,3,1,5,-1,0,0,0,0,0,0,2,1,-1,2,2,29,6,1229,1,14,VAUXHALL CORSA,1,E01012724,0,1
2024041492231,2024,041492231,2,9,0,-1,19,1,3,-1,0,1,0,0,1,7,1,1,-1,6,2,17,4,1229,1,9,VAUXHALL CORSA,8,E01025516,0,1
2024549878224,2024,549878224,1,9,0,9,9,3,8,0,0,6,0,0,0,0,1,1,6,6,1,25,5,1398,1,5,VAUXHALL CORSA,7,E01034540,0,1
2024031447234,2024,031447234,2,9,0,-1,19,7,3,-1,0,1,0,0,0,0,1,1,-1,6,2,17,4,1229,1,9,VAUXHALL CORSA,5,E01019094,0,1
2024231440272,2024,231440272,2,9,0,-1,3,3,7,-1,0,1,0,0,0,0,2,9,-1,6,2,50,8,1229,1,9,VAUXHALL CORSA,4,E01015622,0,5
2024131511095,2024,131511095,2,9,0,-1,19,3,7,-1,0,8,0,0,0,0,3,1,-1,9,2,83,11,1398,1,5,VAUXHALL CORSA,8,E01011219,0,4
2024061463230,2024,061463230,2,9,0,-1,5,-1,-1,-1,0,0,0,0,0,0,1,1,-1,6,1,25,5,1248,2,15,VAUXHALL CORSA,-1,-1,0,-1
2024421503402,2024,421503402,1,9,0,-1,9,5,4,-1,0,0,0,0,0,0,1,1,-1,6,2,80,11,1364,1,15,VAUXHALL CORSA,6,E01015818,0,1
2024201501771,2024,201501771,1,9,0,-1,9,4,2,-1,0,5,0,10,0,0,1,1,-1,6,2,25,5,1199,1,21,VAUXHALL CORSA,4,E01009226,0,2
2024421423348,2024,421423348,2,9,0,-1,10,6,2,-1,0,8,0,0,0,0,2,1,-1,6,2,29,6,1229,1,11,VAUXHALL CORSA,2,E01015820,0,1
2024211460636,2024,211460636,2,9,0,-1,19,8,4,-1,0,1,0,0,0,0,4,1,-1,9,1,55,8,1199,1,1,VAUXHALL CORSA,5,E01029756,0,1
2024440122811,2024,440122811,1,9,0,18,19,2,6,0,0,8,0,0,0,0,1,1,6,6,1,94,11,998,1,14,VAUXHALL CORSA,5,E01030433,0,1
2024052402883,2024,052402883,3,9,0,9,9,5,3,0,0,8,0,0,0,0,3,1,6,6,1,20,4,1398,1,14,VAUXHALL CORSA,1,E01006696,0,1
2024010538986,2024,010538986,1,9,0,7,7,3,6,0,0,6,0,0,0,0,1,1,6,6,2,20,4,1199,1,4,VAUXHALL CORSA,5,E01000534,0,1
2024991434154,2024,991434154,2,9,0,-1,2,0,0,-1,0,0,0,0,2,11,1,1,-1,6,-1,-1,-1,1398,1,12,VAUXHALL CORSA,-1,-1,0,-1
2024520401954,2024,520401954,2,9,0,5,5,3,7,0,0,8,0,0,0,0,3,1,6,6,1,54,8,1248,2,9,VAUXHALL CORSA,6,E01032117,0,1
2024201476764,2024,201476764,1,9,9,-1,19,6,2,-1,0,0,0,0,0,0,9,9,-1,6,3,-1,-1,1199,1,2,VAUXHALL CORSA,-1,-1,0,-1
2024131532514,2024,131532514,2,9,0,-1,2,0,0,-1,-1,0,0,0,0,0,1,1,-1,9,2,50,8,1199,1,4,VAUXHALL CORSA,7,E01011383,0,3
2024201488475,2024,201488475,3,9,0,-1,2,0,0,-1,0,0,0,4,0,0,1,1,-1,6,-1,-1,-1,1229,1,10,VAUXHALL CORSA,-1,-1,0,-1
2024320544852,2024,320544852,1,9,0,7,7,1,2,0,0,6,0,0,0,0,3,1,6,6,1,43,7,1398,1,9,VAUXHALL CORSA,9,E01034698,0,3
2024451411025,2024,451411025,2,9,0,-1,9,4,8,-1,0,6,0,0,0,0,1,9,-1,6,1,-1,-1,1398,1,7,VAUXHALL CORSA,-1,-1,0,-1
2024461406053,2024,461406053,1,9,0,-1,19,5,1,-1,0,0,0,10,0,0,1,1,-1,2,1,18,4,1364,1,14,VAUXHALL CORSA,3,E01024695,0,1
2024552400585,2024,552400585,3,9,0,3,3,2,6,0,0,1,0,0,0,0,2,1,6,6,2,25,5,1248,2,15,VAUXHALL CORSA,7,E01015413,0,2
2024430389148,2024,430389148,2,9,0,18,19,4,8,0,0,8,0,0,0,0,4,1,6,6,2,67,10,1229,1,17,VAUXHALL CORSA,5,E01017913,0,1
2024052402360,2024,052402360,1,9,0,18,19,3,4,0,0,1,0,0,0,0,1,1,6,6,3,-1,-1,1199,1,0,VAUXHALL CORSA,-1,-1,0,-1
2024041466590,2024,041466590,1,9,0,-1,5,2,6,-1,0,4,0,0,0,0,1,1,-1,6,2,46,8,1398,1,7,VAUXHALL CORSA,7,E01025597,0,1
202454A716024,2024,54A716024,1,9,0,9,9,1,5,0,0,1,0,0,0,0,3,1,6,6,2,37,7,1229,1,14,VAUXHALL CORSA,5,E01032090,0,1
2024070131331,2024,070131331,1,9,0,5,5,2,5,0,0,8,0,0,0,0,1,1,6,6,1,75,10,1229,1,12,VAUXHALL CORSA,8,E01018697,0,1
2024421477419,2024,421477419,2,9,0,-1,9,3,1,-1,0,0,1,0,7,0,2,1,-1,9,1,70,10,1229,1,10,VAUXHALL CORSA,7,E01021510,0,2
2024131458475,2024,131458475,2,9,0,-1,4,3,7,-1,0,0,0,0,0,0,2,1,-1,2,2,47,8,1199,1,0,VAUXHALL CORSA,1,E01011472,0,2
2024221454807,2024,221454807,1,9,0,-1,19,7,3,-1,0,8,0,0,0,0,1,1,-1,6,1,57,9,1199,1,3,VAUXHALL CORSA,6,E01014184,0,2
2024061422277,2024,061422277,1,9,0,-1,-1,-1,-1,-1,-1,0,-1,-1,-1,0,-1,1,-1,6,1,-1,-1,1199,1,4,VAUXHALL CORSA,5,E01006247,0,1
2024991455326,2024,991455326,1,9,0,-1,9,3,1,-1,0,1,0,0,0,0,1,1,-1,9,1,38,7,1229,1,12,VAUXHALL CORSA,8,-1,0,4
2024361492546,2024,361492546,2,9,0,-1,19,5,1,-1,0,1,0,0,0,0,4,1,-1,9,2,22,5,1229,1,11,VAUXHALL CORSA,1,E01026641,0,1
2024010547768,2024,010547768,2,9,0,99,99,9,9,99,99,9,9,99,9,99,1,9,6,6,3,-1,-1,-1,-1,-1,VAUXHALL CORSA,-1,-1,0,-1
2024401535929,2024,401535929,1,9,0,-1,-1,-1,-1,-1,0,-1,0,0,0,0,1,1,-1,2,2,36,7,1199,1,2,VAUXHALL CORSA,6,E01015766,0,3
2024401509349,2024,401509349,1,9,0,-1,19,2,6,-1,0,3,0,0,0,0,1,1,-1,6,1,65,9,1229,1,16,VAUXHALL CORSA,5,E01015782,0,1
2024340WN6042,2024,340WN6042,2,9,0,-1,19,7,3,-1,0,0,0,0,0,0,1,1,-1,9,1,27,6,-1,-1,-1,VAUXHALL CORSA,7,E01027282,0,4
2024351452789,2024,351452789,1,9,0,-1,19,3,6,-1,0,0,0,0,7,0,4,1,-1,6,1,19,4,998,1,11,VAUXHALL CORSA,3,E01015624,0,2
2024430213617,2024,430213617,2,9,0,3,3,8,4,0,0,1,0,0,0,0,2,1,6,6,2,44,7,1229,1,11,VAUXHALL CORSA,10,E01028465,0,1
2024211479208,2024,211479208,2,9,0,-1,13,3,7,-1,0,0,0,0,0,0,4,1,-1,6,1,17,4,998,1,14,VAUXHALL CORSA,3,E01029568,0,1
2024161434537,2024,161434537,1,9,0,-1,9,3,5,-1,0,6,0,0,0,0,1,1,-1,9,1,31,6,1248,2,11,VAUXHALL CORSA,1,E01012903,0,1
2024610026024,2024,610026024,1,9,0,16,19,3,6,0,0,0,1,0,7,9,1,1,6,6,1,17,4,1229,1,11,VAUXHALL CORSA,9,W01001573,0,3
2024440175353,2024,440175353,1,9,0,18,19,2,6,0,0,0,1,0,0,0,1,1,6,6,1,18,4,1229,1,13,VAUXHALL CORSA,8,E01016255,0,4
2024430181694,2024,430181694,2,9,0,11,11,2,6,0,0,8,0,0,0,0,1,1,6,6,3,-1,-1,1229,1,15,VAUXHALL CORSA,-1,-1,0,-1
2024131481575,2024,131481575,1,9,0,-1,19,7,3,-1,0,2,0,0,0,0,3,1,-1,9,2,37,7,1229,1,9,VAUXHALL CORSA,1,E01011339,0,1
2024501501728,2024,501501728,2,9,0,-1,19,2,6,-1,0,0,0,0,0,0,3,1,-1,9,1,28,6,1229,1,13,VAUXHALL CORSA,4,E01018942,0,2
2024440354855,2024,440354855,1,9,0,18,19,1,5,0,0,0,0,0,0,0,2,1,6,6,1,22,5,1398,1,13,VAUXHALL CORSA,5,E01022548,0,1
2024041484329,2024,041484329,2,9,0,-1,19,3,7,-1,0,0,0,0,0,0,3,1,-1,9,2,22,5,1229,1,14,VAUXHALL CORSA,3,E01025213,0,1
2024461413073,2024,461413073,1,9,0,-1,19,4,2,-1,0,0,0,0,0,0,1,1,-1,9,1,39,7,973,1,21,VAUXHALL CORSA,9,E01024365,0,1
2024010521118,2024,010521118,2,9,0,18,19,3,7,0,0,0,0,0,0,0,1,1,6,6,2,37,7,1398,1,6,VAUXHALL CORSA,8,E01000774,0,1
2024991498859,2024,991498859,1,9,0,-1,19,5,1,-1,0,0,0,0,0,0,1,1,-1,6,2,27,6,1398,1,8,VAUXHALL CORSA,9,-1,0,1
2024010507477,2024,010507477,1,9,0,18,19,3,7,0,0,0,0,0,0,0,1,1,6,6,1,40,7,999,1,9,VAUXHALL CORSA,5,E01021497,0,4
2024451434270,2024,451434270,1,9,0,-1,99,1,1,-1,99,8,9,99,9,99,3,1,-1,6,2,40,7,1398,1,6,VAUXHALL CORSA,-1,-1,0,-1
2024371477868,2024,371477868,1,9,0,-1,19,2,5,-1,0,0,0,0,7,1,3,1,-1,9,1,47,8,1229,1,17,VAUXHALL CORSA,5,E01021417,0,4
2024471492311,2024,471492311,1,9,0,-1,19,7,3,-1,0,0,0,4,0,0,1,1,-1,2,1,36,7,1229,1,16,VAUXHALL CORSA,8,E01021150,0,1
2024211510497,2024,211510497,2,9,0,-1,19,7,3,-1,0,0,0,0,0,0,1,1,-1,9,2,19,4,1229,1,11,VAUXHALL CORSA,8,E01029794,0,1
2024311497504,2024,311497504,1,9,0,-1,19,5,1,-1,0,0,0,0,1,0,1,1,-1,1,1,24,5,1248,2,13,VAUXHALL CORSA,-1,-1,0,-1
2024440524825,2024,440524825,2,9,0,18,19,3,7,0,0,1,0,0,0,0,1,1,6,6,2,20,4,998,1,15,VAUXHALL CORSA,2,E01017165,0,2
2024401535880,2024,401535880,1,9,0,-1,4,5,1,-1,0,0,0,0,0,0,2,1,-1,6,1,38,7,1398,1,12,VAUXHALL CORSA,3,E01015730,0,1
2024471418228,2024,471418228,1,9,0,-1,9,1,7,-1,0,8,0,0,0,0,4,2,-1,9,2,75,10,1398,1,8,VAUXHALL CORSA,10,E01031649,0,1
2024302500124,2024,302500124,2,9,0,-1,19,1,5,-1,0,8,0,0,0,0,1,1,-1,9,1,17,4,1199,1,4,VAUXHALL CORSA,2,E01019487,0,1
2024161394073,2024,161394073,1,9,0,-1,19,5,1,-1,0,0,0,0,0,0,3,1,-1,6,2,70,10,1229,1,9,VAUXHALL CORSA,5,E01013030,0,1
2024010507187,2024,010507187,1,9,0,18,19,1,5,0,0,1,0,0,0,0,1,1,1,1,1,42,7,1229,1,8,VAUXHALL CORSA,8,E01000710,0,2
2024141444597,2024,141444597,2,9,0,-1,2,0,0,-1,0,0,0,0,0,0,2,1,-1,6,-1,-1,-1,1364,1,16,VAUXHALL CORSA,-1,-1,0,-1
2024451490814,2024,451490814,1,9,0,-1,9,1,5,-1,0,2,2,0,2,4,0,1,-1,9,2,21,5,1398,1,5,VAUXHALL CORSA,10,E01030874,0,1
2024070572497,2024,070572497,1,9,0,18,19,7,3,0,0,0,2,0,2,1,1,1,6,6,1,29,6,1364,1,15,VAUXHALL CORSA,1,E01032915,0,4
2024141474961,2024,141474961,2,9,0,-1,2,0,0,-1,9,0,0,0,0,0,1,1,-1,6,-1,-1,-1,1248,2,16,VAUXHALL CORSA,-1,-1,0,-1
2024991443745,2024,991443745,1,9,0,-1,19,3,7,-1,0,4,0,0,0,0,1,1,-1,6,2,44,7,1398,1,7,VAUXHALL CORSA,-1,-1,0,-1