collision_index,collision_year,collision_ref_no,vehicle_reference,vehicle_type,towing_and_articulation,vehicle_manoeuvre_historic,vehicle_manoeuvre,vehicle_direction_from,vehicle_direction_to,vehicle_location_restricted_lane_historic,vehicle_location_restricted_lane,junction_location,skidding_and_overturning,hit_object_in_carriageway,vehicle_leaving_carriageway,hit_object_off_carriageway,first_point_of_impact,vehicle_left_hand_drive,journey_purpose_of_driver_historic,journey_purpose_of_driver,sex_of_driver,age_of_driver,age_band_of_driver,engine_capacity_cc,propulsion_code,age_of_vehicle,generic_make_model,driver_imd_decile,lsoa_of_driver,escooter_flag,driver_distance_banding
2024311424286,2024,311424286,1,9,0,-1,19,2,6,-1,0,2,1,0,2,0,1,1,-1,9,1,21,5,1229,1,15,VAUXHALL CORSA,3,E01013863,0,1
2024461496010,2024,461496010,2,9,0,-1,19,7,7,-1,0,0,0,0,0,0,4,1,-1,9,1,20,4,1199,1,1,VAUXHALL CORSA,3,E01016021,0,4
2024461501827,2024,461501827,2,9,0,-1,19,5,1,-1,0,1,0,0,0,0,1,1,-1,9,1,53,8,1229,1,13,VAUXHALL CORSA,3,E01024570,0,2
2024421515788,2024,421515788,1,9,0,-1,19,4,8,-1,0,0,0,0,0,0,1,1,-1,9,2,17,4,1199,1,1,VAUXHALL CORSA,4,E01021741,0,1
2024161489258,2024,161489258,1,9,0,-1,4,1,5,-1,0,1,0,0,0,0,2,1,-1,2,2,28,6,1398,1,8,VAUXHALL CORSA,3,E01013135,0,1
2024041529320,2024,041529320,1,9,0,-1,11,7,3,-1,0,0,0,0,0,0,1,1,-1,9,2,23,5,1199,1,2,VAUXHALL CORSA,8,E01025175,0,1
2024010550577,2024,010550577,2,9,0,9,9,1,7,0,0,6,0,0,0,0,1,2,6,6,1,27,6,1398,1,9,VAUXHALL CORSA,2,E01002099,0,1
2024411457489,2024,411457489,2,9,-1,-1,4,-1,-1,-1,0,3,0,0,0,0,2,9,-1,9,1,24,5,1229,1,16,VAUXHALL CORSA,7,E01023771,0,1
2024421518425,2024,421518425,1,9,0,-1,19,7,3,-1,0,0,0,4,0,0,1,1,-1,9,1,56,9,1229,1,19,VAUXHALL CORSA,2,E01015897,0,1
2024161511354,2024,161511354,2,9,0,-1,19,3,7,-1,0,8,0,0,0,0,4,9,-1,6,2,19,4,1229,1,16,VAUXHALL CORSA,1,E01012892,0,1
2024201500891,2024,201500891,1,9,0,-1,1,2,6,-1,0,2,0,0,0,0,2,1,-1,6,2,41,7,1248,2,14,VAUXHALL CORSA,1,E01009073,0,1
2024061522948,2024,061522948,1,9,0,-1,3,-1,-1,-1,0,8,0,0,0,0,2,1,-1,2,2,34,6,1248,2,11,VAUXHALL CORSA,5,E01005750,0,1
2024991523386,2024,991523386,1,9,0,-1,5,1,6,-1,0,0,0,0,0,0,3,1,-1,9,1,26,6,1398,1,6,VAUXHALL CORSA,5,-1,0,1
2024461426899,2024,461426899,1,9,0,-1,19,8,2,-1,0,1,0,0,0,0,1,1,-1,9,2,22,5,1398,1,6,VAUXHALL CORSA,7,E01016119,0,1
2024161397637,2024,161397637,1,9,0,-1,3,3,7,-1,0,1,0,0,0,0,3,9,-1,9,1,53,8,1364,1,6,VAUXHALL CORSA,10,E01012978,0,4
2024451408491,2024,451408491,2,9,0,-1,19,1,5,-1,0,0,0,10,0,0,3,1,-1,9,1,18,4,1229,1,16,VAUXHALL CORSA,8,E01030384,0,1
2024131403170,2024,131403170,2,9,0,-1,5,8,4,-1,9,0,0,0,0,0,1,1,-1,2,1,23,5,998,1,11,VAUXHALL CORSA,3,E01011225,0,1
2024501403515,2024,501403515,1,9,0,-1,5,5,1,-1,0,6,0,0,0,0,1,1,-1,9,1,74,10,1398,1,5,VAUXHALL CORSA,3,E01020285,0,1
2024320603015,2024,320603015,1,9,0,-1,-1,2,6,0,0,0,0,0,1,2,1,1,-1,-1,1,26,6,1398,1,11,VAUXHALL CORSA,6,E01026316,0,1
2024991437689,2024,991437689,1,9,0,-1,9,5,3,-1,0,1,0,0,1,0,3,1,-1,2,1,26,6,1398,1,8,VAUXHALL CORSA,7,-1,0,3
2024141426230,2024,141426230,4,9,0,-1,19,7,7,-1,0,0,0,0,0,0,1,1,-1,6,2,-1,-1,1199,1,2,VAUXHALL CORSA,-1,-1,0,-1
2024201482807,2024,201482807,2,9,0,-1,19,2,6,-1,0,8,0,10,1,11,1,9,-1,6,2,27,6,1199,1,1,VAUXHALL CORSA,1,E01009607,0,1
2024440001449,2024,440001449,1,9,0,9,9,2,8,0,0,6,0,0,0,0,3,1,6,6,2,19,4,1398,1,6,VAUXHALL CORSA,9,E01022774,0,2
2024361509013,2024,361509013,1,9,0,-1,19,7,2,-1,9,8,0,0,7,0,1,1,-1,9,1,30,6,1398,1,7,VAUXHALL CORSA,6,E01019477,0,5
2024221449786,2024,221449786,2,9,0,-1,19,6,2,-1,0,4,0,0,0,0,1,1,-1,9,2,18,4,1229,1,10,VAUXHALL CORSA,3,E01032461,0,1
2024131521738,2024,131521738,2,9,0,-1,7,8,2,-1,0,6,0,0,0,0,1,1,-1,7,2,48,8,1248,2,13,VAUXHALL CORSA,5,E01010640,0,1
2024010500335,2024,010500335,2,9,9,99,99,9,9,99,99,9,9,99,9,99,9,9,6,6,3,-1,-1,1398,1,12,VAUXHALL CORSA,-1,-1,0,-1
2024340NN1902,2024,340NN1902,1,9,0,-1,5,1,5,-1,0,6,0,0,0,0,3,1,-1,6,2,44,7,1398,1,5,VAUXHALL CORSA,1,E01027334,0,1
2024451459127,2024,451459127,2,9,0,-1,4,7,3,-1,0,0,0,0,0,0,2,1,-1,6,1,42,7,1199,1,1,VAUXHALL CORSA,2,E01001710,0,4
2024061468137,2024,061468137,1,9,0,-1,4,7,3,-1,0,0,0,0,0,0,2,1,-1,9,1,45,7,1398,1,14,VAUXHALL CORSA,2,E01006323,0,4
2024201404214,2024,201404214,1,9,0,-1,9,3,1,-1,0,0,0,0,0,0,1,1,-1,7,2,41,7,1398,1,8,VAUXHALL CORSA,3,E01009655,0,1
2024522403440,2024,522403440,2,9,0,16,19,2,5,0,0,0,0,0,0,0,1,1,6,6,1,19,4,1229,1,18,VAUXHALL CORSA,8,E01014863,0,1
2024302400727,2024,302400727,2,9,0,18,19,5,1,0,0,8,0,0,0,0,3,1,6,6,1,21,5,1229,1,16,VAUXHALL CORSA,1,E01019561,0,2
2024320755564,2024,320755564,2,9,0,-1,-1,6,2,0,0,1,0,0,0,0,3,1,6,6,2,21,5,-1,-1,-1,VAUXHALL CORSA,9,E01026293,0,3
2024361491672,2024,361491672,2,9,0,-1,19,5,1,-1,0,8,0,0,0,0,4,1,-1,9,2,19,4,1398,1,8,VAUXHALL CORSA,5,E01033042,0,1
2024010534220,2024,010534220,2,9,0,9,9,8,2,99,99,9,9,99,9,99,9,9,6,6,2,32,6,1199,1,3,VAUXHALL CORSA,5,E01004612,0,1
2024351538841,2024,351538841,1,9,0,-1,3,1,6,-1,0,0,0,0,0,0,2,1,-1,2,1,19,4,1229,1,10,VAUXHALL CORSA,2,E01018075,0,3
2024221401723,2024,221401723,1,9,0,-1,19,8,3,-1,0,0,2,10,0,0,1,9,-1,2,1,26,6,1229,1,14,VAUXHALL CORSA,7,E01028889,0,1
2024401541254,2024,401541254,1,9,0,-1,19,8,2,-1,0,1,1,0,0,0,1,1,-1,6,1,21,5,1398,1,14,VAUXHALL CORSA,2,E01015749,0,2
2024440060357,2024,440060357,1,9,0,18,19,6,2,0,0,0,0,0,1,4,4,1,6,6,1,36,7,1199,1,3,VAUXHALL CORSA,4,E01023251,0,3
2024231457075,2024,231457075,1,9,0,-1,19,8,4,-1,0,0,0,0,0,0,1,9,-1,6,1,24,5,1229,1,16,VAUXHALL CORSA,2,E01009239,0,3
202460Q062138,2024,60Q062138,1,9,0,5,5,5,1,0,0,1,0,0,0,0,1,1,6,6,1,25,5,1598,1,12,VAUXHALL CORSA,-1,-1,0,-1
2024991459519,2024,991459519,2,9,0,-1,19,1,5,-1,0,1,5,0,0,0,1,1,-1,9,2,21,5,1248,2,17,VAUXHALL CORSA,2,-1,0,3
2024061461248,2024,061461248,2,9,0,-1,19,-1,-1,-1,0,0,0,0,0,0,3,1,-1,6,3,-1,-1,1398,1,6,VAUXHALL CORSA,-1,-1,0,-1
2024010504675,2024,010504675,2,9,0,99,99,9,9,99,99,0,9,99,9,99,1,9,6,6,3,-1,-1,1398,1,9,VAUXHALL CORSA,-1,-1,0,-1
2024010513143,2024,010513143,2,9,9,99,99,9,9,99,99,9,9,99,9,99,9,9,6,6,3,-1,-1,1229,1,10,VAUXHALL CORSA,-1,-1,0,-1
2024430387258,2024,430387258,1,9,0,13,13,4,8,0,0,8,1,0,7,11,1,1,6,6,2,21,5,1398,1,14,VAUXHALL CORSA,4,E01016517,0,2
2024131507885,2024,131507885,1,9,0,-1,19,3,7,-1,0,0,0,0,0,0,1,1,-1,2,2,28,6,1398,1,9,VAUXHALL CORSA,5,E01010945,0,1
2024211533917,2024,211533917,1,9,0,-1,4,3,7,-1,0,0,0,0,0,0,1,1,-1,9,2,85,11,1229,1,18,VAUXHALL CORSA,6,E01029395,0,1
2024531466512,2024,531466512,1,9,0,-1,5,1,5,-1,0,6,0,0,0,0,3,1,-1,6,1,80,11,1199,1,2,VAUXHALL CORSA,8,E01022255,0,4
2024440064982,2024,440064982,1,9,0,18,19,6,2,0,0,1,0,0,0,0,1,1,6,6,2,78,11,1199,1,4,VAUXHALL CORSA,9,E01022982,0,1
2024010503998,2024,010503998,1,9,0,18,19,5,1,0,0,0,0,4,0,0,1,1,6,6,1,42,7,1229,1,10,VAUXHALL CORSA,7,E01000334,0,1
2024010548063,2024,010548063,1,9,0,18,19,5,1,0,0,2,0,0,0,0,1,1,1,1,2,31,6,1398,1,6,VAUXHALL CORSA,6,E01035280,0,4
2024010537407,2024,010537407,2,9,0,13,13,9,9,0,0,5,0,0,0,0,1,1,6,6,3,43,7,1398,1,11,VAUXHALL CORSA,2,E01034488,0,1
202417M212324,2024,17M212324,2,9,0,-1,9,2,8,-1,0,8,0,0,0,0,1,1,-1,6,1,-1,-1,1398,1,5,VAUXHALL CORSA,-1,-1,0,-1
2024010551703,2024,010551703,2,9,0,5,5,5,1,0,0,2,0,0,0,0,1,2,1,1,2,59,9,1398,1,13,VAUXHALL CORSA,2,E01000744,0,2
2024010539428,2024,010539428,1,9,0,2,2,0,0,0,0,0,0,0,0,0,2,1,6,6,3,-1,-1,1398,1,8,VAUXHALL CORSA,-1,-1,0,-1
2024010519341,2024,010519341,1,9,0,99,99,9,9,99,99,9,9,99,9,99,9,9,1,1,1,46,8,1199,1,4,VAUXHALL CORSA,9,E01002516,0,1
2024052400546,2024,052400546,2,9,0,18,19,8,4,0,0,1,0,0,0,0,1,1,2,2,1,41,7,1229,1,13,VAUXHALL CORSA,3,E01007058,0,1
2024371480063,2024,371480063,2,9,0,-1,19,3,7,-1,0,1,0,0,0,0,1,1,-1,1,2,-1,-1,1398,1,5,VAUXHALL CORSA,1,E01030247,0,3
2024010533414,2024,010533414,2,9,0,99,99,9,9,99,99,9,9,99,9,99,9,9,6,6,3,-1,-1,1229,1,10,VAUXHALL CORSA,-1,-1,0,-1
2024361537518,2024,361537518,2,9,0,-1,2,0,0,-1,0,0,0,0,0,0,2,1,-1,9,2,26,6,1364,1,15,VAUXHALL CORSA,6,E01033039,0,1
2024351531668,2024,351531668,1,9,0,-1,-1,-1,-1,-1,-1,0,-1,-1,-1,0,1,1,-1,6,1,-1,-1,973,1,23,VAUXHALL CORSA,-1,-1,0,-1
2024501418664,2024,501418664,1,9,0,-1,19,8,4,-1,0,0,1,0,2,3,4,1,-1,2,1,33,6,1229,1,10,VAUXHALL CORSA,5,E01020050,0,1
2024451509186,2024,451509186,2,9,0,-1,4,5,1,-1,0,0,0,0,0,0,1,1,-1,6,1,29,6,1229,1,9,VAUXHALL CORSA,9,E01030784,0,2
2024141511644,2024,141511644,4,9,0,-1,2,1,1,-1,9,0,0,0,0,0,4,1,-1,6,-1,-1,-1,1229,1,15,VAUXHALL CORSA,-1,-1,0,-1
2024451444216,2024,451444216,1,9,0,-1,19,6,2,-1,0,0,0,0,1,0,1,1,-1,9,1,40,7,1398,1,7,VAUXHALL CORSA,10,E01022851,0,4
2024311521514,2024,311521514,2,9,0,-1,5,1,5,-1,0,8,0,0,0,0,2,1,-1,6,1,25,5,998,1,14,VAUXHALL CORSA,-1,-1,0,-1
2024010545843,2024,010545843,2,9,0,18,19,7,3,0,0,1,0,0,0,0,1,1,6,6,1,35,6,1398,1,8,VAUXHALL CORSA,5,E01024335,0,4
2024461530192,2024,461530192,2,9,0,-1,19,2,6,-1,0,1,0,0,7,10,1,1,-1,9,1,41,7,998,1,10,VAUXHALL CORSA,5,E01024025,0,3
2024010501773,2024,010501773,2,9,0,99,99,9,9,99,99,9,9,99,9,99,9,9,6,6,3,-1,-1,1229,1,19,VAUXHALL CORSA,-1,-1,0,-1
2024061474040,2024,061474040,2,9,0,-1,4,2,6,-1,0,1,0,0,0,0,2,1,-1,2,2,63,9,1364,1,16,VAUXHALL CORSA,1,E01005098,0,1
2024101439508,2024,101439508,1,9,0,-1,19,8,5,-1,0,0,2,0,0,0,1,1,-1,9,1,21,5,1229,1,17,VAUXHALL CORSA,6,E01027479,0,1
2024141395475,2024,141395475,1,9,0,-1,19,7,3,-1,0,0,0,0,0,0,4,1,-1,9,2,36,7,1199,1,20,VAUXHALL CORSA,1,E01011906,0,4
2024221405023,2024,221405023,1,9,0,-1,19,4,8,-1,0,0,0,0,7,4,1,1,-1,9,1,27,6,1229,1,10,VAUXHALL CORSA,6,E01014088,0,3
2024991408404,2024,991408404,1,9,0,-1,19,4,8,-1,0,0,5,10,1,10,1,1,-1,6,2,40,7,1229,1,10,VAUXHALL CORSA,-1,-1,0,-1
2024421533681,2024,421533681,2,9,0,-1,19,-1,-1,-1,0,3,9,99,1,0,4,1,-1,6,2,18,4,1199,1,4,VAUXHALL CORSA,7,E01015969,0,1
2024401488000,2024,401488000,1,9,0,-1,5,3,7,-1,0,4,0,0,0,0,1,1,-1,1,2,62,9,1398,1,8,VAUXHALL CORSA,9,E01017463,0,1
2024461448654,2024,461448654,1,9,0,-1,4,2,3,-1,0,0,0,0,0,0,1,1,-1,9,1,30,6,1229,1,16,VAUXHALL CORSA,4,E01016141,0,1
2024440132499,2024,440132499,2,9,0,17,19,8,5,0,0,1,0,0,0,0,1,1,1,1,1,18,4,1398,1,13,VAUXHALL CORSA,10,E01022750,0,3
2024061419620,2024,061419620,3,9,0,-1,2,0,0,-1,0,0,0,0,0,0,1,1,-1,6,-1,-1,-1,1229,1,18,VAUXHALL CORSA,-1,-1,0,-1
2024361520148,2024,361520148,2,9,0,-1,19,7,3,-1,0,0,0,0,7,0,1,1,-1,6,2,25,5,1229,1,18,VAUXHALL CORSA,9,E01023509,0,4
2024371487170,2024,371487170,2,9,0,-1,19,4,1,-1,0,8,0,0,7,0,4,1,-1,9,1,81,11,1199,1,2,VAUXHALL CORSA,4,E01030208,0,4
2024451483004,2024,451483004,1,9,0,-1,19,7,3,-1,0,0,2,0,7,0,1,1,-1,2,1,22,5,1229,1,12,VAUXHALL CORSA,6,E01030458,0,2
2024211535597,2024,211535597,1,9,0,-1,2,0,0,-1,0,4,0,0,0,0,4,1,-1,2,1,67,10,1229,1,17,VAUXHALL CORSA,9,E01029546,0,2
2024141423796,2024,141423796,1,9,0,-1,19,5,1,-1,0,0,0,0,0,0,3,1,-1,6,2,30,6,1199,1,2,VAUXHALL CORSA,9,E01030661,0,5
2024501442420,2024,501442420,1,9,0,-1,9,4,2,-1,0,8,1,0,0,0,1,1,-1,7,2,22,5,1199,1,0,VAUXHALL CORSA,3,E01015041,0,1
2024061474492,2024,061474492,2,9,0,-1,2,0,0,-1,0,0,0,0,0,0,4,1,-1,6,-1,-1,-1,-1,3,0,VAUXHALL CORSA,-1,-1,0,-1
2024991554098,2024,991554098,1,9,0,-1,19,7,3,-1,9,0,0,11,0,0,1,1,-1,6,2,19,4,1229,1,10,VAUXHALL CORSA,1,-1,0,4
2024440453988,2024,440453988,1,9,0,18,19,1,5,0,0,4,0,0,0,0,1,1,6,6,2,18,4,998,1,10,VAUXHALL CORSA,10,E01022892,0,1
2024201466408,2024,201466408,1,9,0,-1,19,4,8,-1,0,0,0,0,0,0,1,1,-1,9,2,86,11,1398,1,13,VAUXHALL CORSA,3,E01010323,0,1
2024070827030,2024,070827030,1,9,0,-1,7,5,1,-1,0,0,0,0,0,0,1,1,-1,2,1,19,4,1229,1,12,VAUXHALL CORSA,5,E01018460,0,2
2024351526674,2024,351526674,1,9,0,-1,19,4,8,-1,0,0,0,0,0,0,3,1,-1,6,1,51,8,1199,1,2,VAUXHALL CORSA,9,E01032611,0,1
2024541797224,2024,541797224,3,9,0,3,3,4,8,0,0,3,0,0,0,0,2,1,6,6,2,31,6,1199,1,2,VAUXHALL CORSA,5,E01015532,0,1
2024361423106,2024,361423106,2,9,0,-1,19,1,5,-1,0,0,0,0,1,0,3,9,-1,6,1,67,10,1364,1,17,VAUXHALL CORSA,1,E01033131,0,4
2024061479887,2024,061479887,2,9,0,-1,10,1,7,-1,0,1,0,0,0,0,0,1,-1,1,1,59,9,1398,1,5,VAUXHALL CORSA,9,E01006094,0,1
2024531499412,2024,531499412,3,9,0,-1,19,1,5,-1,0,0,0,0,0,0,1,9,-1,6,1,19,4,1229,1,14,VAUXHALL CORSA,10,E01022168,0,2
2024010507330,2024,010507330,2,9,0,99,99,9,9,99,99,9,9,99,9,99,1,9,6,6,3,18,4,1362,1,10,VAUXHALL CORSA,7,E01001075,0,1
2024451471854,2024,451471854,2,9,0,-1,4,7,3,-1,0,0,0,0,0,0,2,1,-1,9,1,38,7,1199,1,1,VAUXHALL CORSA,8,E01000341,0,4
2024201473183,2024,201473183,2,9,0,-1,19,6,2,-1,0,0,0,0,0,0,2,1,-1,6,1,42,7,1686,2,14,VAUXHALL CORSA,4,E01009249,0,1
2024111414898,2024,111414898,4,9,0,-1,3,2,6,-1,0,0,0,0,0,0,2,1,-1,6,2,57,9,1398,1,9,VAUXHALL CORSA,-1,-1,0,-1
2024101519839,2024,101519839,1,9,0,-1,19,1,5,-1,0,0,0,0,0,0,1,1,-1,9,2,47,8,1229,1,13,VAUXHALL CORSA,10,E01008466,0,2
2024201514512,2024,201514512,2,9,0,-1,4,4,8,-1,0,0,0,0,0,0,2,1,-1,9,1,28,6,1398,1,14,VAUXHALL CORSA,10,E01009808,0,2
2024430310549,2024,430310549,2,9,0,18,19,1,5,0,0,7,0,0,0,0,1,1,1,1,2,58,9,1248,2,7,VAUXHALL CORSA,4,E01016453,0,4
2024041405416,2024,041405416,2,9,0,-1,19,7,3,-1,0,0,0,0,0,0,1,1,-1,6,1,48,8,1229,1,15,VAUXHALL CORSA,1,E01025117,0,1
2024471540463,2024,471540463,1,9,0,-1,19,7,3,-1,0,1,0,0,0,0,1,1,-1,9,2,20,4,1364,1,16,VAUXHALL CORSA,6,E01024790,0,4
2024451420582,2024,451420582,1,9,0,-1,19,7,3,-1,0,0,0,0,0,0,1,1,-1,2,1,22,5,1229,1,13,VAUXHALL CORSA,9,E01030666,0,3
2024440546597,2024,440546597,1,9,0,4,4,2,6,0,0,1,0,0,0,0,1,1,6,6,2,62,9,1229,1,9,VAUXHALL CORSA,4,E01022805,0,1
2024311397991,2024,311397991,1,9,0,-1,19,1,5,-1,0,2,0,10,7,2,1,1,-1,9,1,50,8,1398,1,9,VAUXHALL CORSA,2,E01013893,0,1
2024361444006,2024,361444006,2,9,0,-1,19,3,7,-1,0,0,0,0,0,0,1,1,-1,9,1,47,8,1199,1,2,VAUXHALL CORSA,1,E01026599,0,1
2024201423848,2024,201423848,1,9,0,-1,3,5,1,-1,0,0,0,0,0,0,2,9,-1,9,2,63,9,1229,1,19,VAUXHALL CORSA,6,E01008956,0,1
2024411450261,2024,411450261,1,9,0,-1,19,3,5,-1,0,0,0,0,0,0,1,1,-1,1,1,36,7,1248,2,14,VAUXHALL CORSA,2,E01018144,0,4
2024622400587,2024,622400587,1,9,0,5,5,4,1,0,0,6,0,0,0,0,3,1,6,6,2,22,5,1199,1,5,VAUXHALL CORSA,3,W01000922,0,3
2024010512064,2024,010512064,1,9,0,9,9,1,6,0,0,0,0,0,0,0,4,1,6,6,2,47,8,1229,1,15,VAUXHALL CORSA,4,E01003389,0,1
2024440296513,2024,440296513,1,9,0,18,19,6,2,0,0,8,0,0,0,0,1,1,2,2,1,32,6,1229,1,16,VAUXHALL CORSA,1,E01017207,0,1
2024131432326,2024,131432326,1,9,0,-1,19,2,2,-1,0,8,0,0,0,0,1,1,-1,2,2,28,6,1364,1,16,VAUXHALL CORSA,3,E01010600,0,1
2024501510158,2024,501510158,2,9,0,-1,19,8,5,-1,0,0,5,0,2,10,3,1,-1,9,1,22,5,1248,2,17,VAUXHALL CORSA,6,E01020326,0,2
2024471481590,2024,471481590,2,9,0,-1,4,2,6,-1,0,1,0,0,0,0,2,1,-1,9,2,42,7,1398,1,10,VAUXHALL CORSA,7,E01031665,0,1
2024070832404,2024,070832404,1,9,0,-1,13,3,7,-1,0,0,0,0,0,0,3,1,-1,9,1,20,4,1398,1,5,VAUXHALL CORSA,10,E01007190,0,4
2024440021854,2024,440021854,3,9,0,4,4,7,4,0,0,0,0,0,0,0,2,1,6,6,3,-1,-1,1199,1,3,VAUXHALL CORSA,-1,-1,0,-1
2024201520219,2024,201520219,1,9,0,-1,19,4,8,-1,0,8,0,0,0,0,4,1,-1,9,1,23,5,1199,1,0,VAUXHALL CORSA,4,E01008891,0,2
2024401509948,2024,401509948,2,9,0,-1,19,5,1,-1,0,0,0,0,0,0,4,1,-1,6,2,22,5,1229,1,9,VAUXHALL CORSA,4,E01015751,0,1
2024332401083,2024,332401083,1,9,0,-1,3,3,7,-1,0,0,0,0,0,0,2,1,-1,2,1,55,8,1199,1,3,VAUXHALL CORSA,8,E01019845,0,4
2024010511847,2024,010511847,1,9,0,18,19,7,3,0,0,5,0,4,7,4,1,2,6,6,2,30,6,1398,1,6,VAUXHALL CORSA,5,E01001677,0,3
2024302401062,2024,302401062,1,9,0,17,19,8,4,0,0,8,0,0,0,0,1,1,1,1,2,-1,-1,1248,2,11,VAUXHALL CORSA,5,E01019456,0,3
2024991487329,2024,991487329,1,9,0,-1,9,7,4,-1,0,8,0,0,0,0,4,1,-1,2,1,61,9,1398,1,7,VAUXHALL CORSA,1,-1,0,1
2024332400216,2024,332400216,2,9,0,-1,19,5,1,-1,0,8,0,0,0,0,1,1,-1,6,2,18,4,1229,1,17,VAUXHALL CORSA,8,E01025622,0,1
2024311498077,2024,311498077,1,9,0,-1,19,1,5,-1,0,0,0,0,0,0,1,1,-1,2,1,35,6,-1,-1,-1,VAUXHALL CORSA,2,E01013813,0,4
2024041395690,2024,041395690,1,9,0,-1,9,3,7,-1,0,6,0,0,0,0,3,1,-1,9,1,59,9,1389,1,20,VAUXHALL CORSA,3,E01025379,0,1
2024041515462,2024,041515462,2,9,0,-1,19,5,1,-1,0,8,0,0,0,0,4,1,-1,1,2,61,9,1229,1,10,VAUXHALL CORSA,5,E01012599,0,1
2024131534853,2024,131534853,2,9,0,-1,2,0,0,-1,0,0,0,0,0,0,0,1,-1,6,3,-1,-1,1398,1,6,VAUXHALL CORSA,-1,-1,0,-1
2024201489114,2024,201489114,2,9,0,-1,9,7,5,-1,0,5,0,0,0,0,1,1,-1,6,2,22,5,1248,2,7,VAUXHALL CORSA,-1,-1,0,-1
2024052401206,2024,052401206,1,9,0,18,19,5,1,0,0,4,0,0,0,0,3,1,6,6,1,27,6,1199,1,3,VAUXHALL CORSA,2,E01006309,0,2
2024231479078,2024,231479078,2,9,0,-1,12,8,4,-1,0,0,2,0,1,9,4,9,-1,9,2,22,5,1229,1,11,VAUXHALL CORSA,6,E01009189,0,4
2024141480183,2024,141480183,3,9,0,-1,2,0,0,-1,0,0,0,0,0,0,2,1,-1,6,-1,-1,-1,1398,1,12,VAUXHALL CORSA,-1,-1,0,-1
2024991491248,2024,991491248,2,9,0,-1,5,3,7,-1,0,0,0,0,0,0,3,1,-1,6,1,57,9,1229,1,11,VAUXHALL CORSA,1,-1,0,1
202417L207924,2024,17L207924,1,9,0,-1,8,8,2,-1,0,1,0,0,0,0,2,1,-1,7,1,24,5,1199,1,1,VAUXHALL CORSA,2,E01012081,0,1
2024522402653,2024,522402653,1,9,0,18,19,1,5,0,0,8,5,0,0,0,1,1,6,6,1,71,10,1199,1,0,VAUXHALL CORSA,6,E01019798,0,5
2024451496091,2024,451496091,1,9,0,-1,-1,-1,-1,-1,0,0,0,0,0,0,-1,1,-1,6,1,52,8,1229,1,14,VAUXHALL CORSA,8,E01030521,0,3
2024461456234,2024,461456234,4,9,0,-1,3,8,8,-1,0,0,0,0,0,0,2,1,-1,6,1,44,7,1229,1,14,VAUXHALL CORSA,5,E01009689,0,5
2024440540085,2024,440540085,1,9,0,4,4,4,8,0,0,4,0,0,0,0,2,1,6,6,1,21,5,1398,1,8,VAUXHALL CORSA,8,E01023048,0,1
2024010505847,2024,010505847,2,9,0,99,99,9,9,99,99,9,9,99,9,99,3,9,6,6,3,-1,-1,1199,1,21,VAUXHALL CORSA,-1,-1,0,-1
2024430391903,2024,430391903,6,9,0,18,19,5,1,0,0,0,5,0,0,0,1,1,6,6,2,88,11,1229,1,9,VAUXHALL CORSA,-1,-1,0,-1
2024061510808,2024,061510808,1,9,0,-1,19,2,6,-1,0,8,0,0,0,0,1,1,-1,2,2,21,5,1398,1,12,VAUXHALL CORSA,2,E01034000,0,1
2024311478549,2024,311478549,1,9,0,-1,19,7,3,-1,0,0,0,11,1,0,1,1,-1,1,1,23,5,1398,1,9,VAUXHALL CORSA,6,E01028108,0,2
2024421441264,2024,421441264,2,9,0,-1,4,7,3,-1,0,1,0,0,0,0,1,2,-1,6,1,70,10,1364,1,16,VAUXHALL CORSA,1,E01021970,0,1
2024111481510,2024,111481510,1,9,0,-1,5,2,4,-1,0,0,0,0,0,0,4,1,-1,6,2,37,7,1229,1,13,VAUXHALL CORSA,-1,-1,0,-1
2024221494725,2024,221494725,1,9,0,-1,4,7,3,-1,0,8,0,0,0,0,2,9,-1,6,1,80,11,1364,1,17,VAUXHALL CORSA,9,E01032316,0,1
2024471408651,2024,471408651,1,9,0,-1,19,3,8,-1,0,0,1,0,7,11,1,1,-1,1,1,39,7,1229,1,18,VAUXHALL CORSA,7,E01021220,0,1
2024161438799,2024,161438799,2,9,0,-1,19,3,7,-1,0,0,0,0,0,0,1,9,-1,9,2,32,6,1229,1,16,VAUXHALL CORSA,-1,-1,0,-1
2024461405800,2024,461405800,1,9,0,-1,19,7,3,-1,0,0,0,12,0,0,1,1,-1,6,1,61,9,1248,2,11,VAUXHALL CORSA,6,E01024064,0,4
2024461442465,2024,461442465,1,9,-1,-1,19,4,8,-1,0,0,0,0,0,0,1,9,-1,6,3,-1,-1,1398,1,8,VAUXHALL CORSA,-1,-1,0,-1
2024522402331,2024,522402331,2,9,0,5,5,5,1,0,0,4,0,0,0,0,4,1,6,6,3,-1,-1,1398,1,8,VAUXHALL CORSA,-1,-1,0,-1
2024010499254,2024,010499254,2,9,0,99,99,9,9,99,99,9,9,99,9,99,9,9,6,6,1,50,8,1398,1,6,VAUXHALL CORSA,9,E01000261,0,2
2024430252087,2024,430252087,2,9,0,4,4,7,3,0,0,0,0,0,0,0,2,1,6,6,1,70,10,-1,3,0,VAUXHALL CORSA,9,E01016286,0,3
2024221439936,2024,221439936,2,9,0,-1,19,1,5,-1,0,8,0,0,0,0,1,1,-1,2,2,20,4,1248,2,13,VAUXHALL CORSA,6,E01014095,0,3