collision_index,collision_year,collision_ref_no,vehicle_reference,vehicle_type,towing_and_articulation,vehicle_manoeuvre_historic,vehicle_manoeuvre,vehicle_direction_from,vehicle_direction_to,vehicle_location_restricted_lane_historic,vehicle_location_restricted_lane,junction_location,skidding_and_overturning,hit_object_in_carriageway,vehicle_leaving_carriageway,hit_object_off_carriageway,first_point_of_impact,vehicle_left_hand_drive,journey_purpose_of_driver_historic,journey_purpose_of_driver,sex_of_driver,age_of_driver,age_band_of_driver,engine_capacity_cc,propulsion_code,age_of_vehicle,generic_make_model,driver_imd_decile,lsoa_of_driver,escooter_flag,driver_distance_banding
2024991413663,2024,991413663,1,9,0,-1,19,4,8,-1,0,8,0,0,0,0,1,1,-1,9,2,38,7,999,1,0,VOLKSWAGEN T-CROSS,8,-1,0,1
202454A425024,2024,54A425024,2,9,0,9,9,6,3,0,0,1,0,0,0,0,3,1,6,6,2,59,9,999,1,5,VOLKSWAGEN T-CROSS,9,E01031888,0,1
2024451486873,2024,451486873,2,9,0,-1,19,5,1,-1,0,0,0,0,0,0,2,1,-1,2,2,29,6,999,1,1,VOLKSWAGEN T-CROSS,10,E01031737,0,1
2024070943649,2024,070943649,1,9,0,-1,19,5,1,-1,9,0,0,0,1,2,1,1,-1,6,1,87,11,1498,1,4,VOLKSWAGEN T-CROSS,10,E01018695,0,2
2024471519893,2024,471519893,2,9,0,-1,19,8,4,-1,0,4,0,0,0,0,2,1,-1,2,1,53,8,999,1,4,VOLKSWAGEN T-CROSS,5,E01016974,0,1
2024430191225,2024,430191225,1,9,0,8,8,4,6,0,0,1,0,0,0,0,2,1,6,6,2,55,8,999,1,2,VOLKSWAGEN T-CROSS,10,E01016208,0,1
2024131485554,2024,131485554,2,9,0,-1,19,3,7,-1,0,8,0,0,0,0,1,1,-1,6,2,24,5,999,1,1,VOLKSWAGEN T-CROSS,3,E01010584,0,1
2024440426976,2024,440426976,1,9,0,1,1,4,4,0,0,0,0,0,0,0,4,1,2,2,1,49,8,999,1,2,VOLKSWAGEN T-CROSS,5,E01023104,0,1
2024201529650,2024,201529650,2,9,0,-1,3,1,1,-1,0,1,0,0,0,0,4,9,-1,9,2,60,9,999,1,5,VOLKSWAGEN T-CROSS,10,E01010550,0,1
2024211542263,2024,211542263,2,9,0,-1,5,5,6,-1,0,0,0,0,0,0,1,1,-1,6,1,36,7,999,1,3,VOLKSWAGEN T-CROSS,-1,-1,0,-1
2024311422492,2024,311422492,1,9,0,-1,19,5,1,-1,0,1,0,4,0,0,1,1,-1,9,1,74,10,999,1,1,VOLKSWAGEN T-CROSS,5,E01027998,0,1
2024201483812,2024,201483812,1,9,0,-1,19,3,7,-1,0,8,0,10,1,11,1,1,-1,6,1,20,4,999,1,1,VOLKSWAGEN T-CROSS,1,E01009492,0,1
2024061501348,2024,061501348,2,9,0,-1,19,1,5,-1,0,1,0,0,0,0,3,1,-1,1,2,53,8,999,1,4,VOLKSWAGEN T-CROSS,-1,-1,0,-1
2024531467179,2024,531467179,2,9,0,-1,19,3,7,-1,0,8,0,0,0,0,4,1,-1,9,2,22,5,999,1,5,VOLKSWAGEN T-CROSS,6,E01022154,0,1
2024010539671,2024,010539671,1,9,0,99,99,9,9,99,99,9,9,99,9,99,2,9,6,6,2,38,7,999,1,1,VOLKSWAGEN T-CROSS,3,E01003975,0,1
2024070527013,2024,070527013,2,9,0,18,19,5,1,0,0,1,0,0,0,0,3,1,6,6,1,79,11,999,1,1,VOLKSWAGEN T-CROSS,9,E01018403,0,1
2024451483078,2024,451483078,4,9,0,-1,9,3,7,-1,0,5,0,0,0,0,2,9,-1,6,2,56,9,999,1,0,VOLKSWAGEN T-CROSS,6,E01004163,0,2
2024471528977,2024,471528977,1,9,0,-1,4,3,7,-1,0,0,0,0,0,0,2,1,-1,9,1,79,11,999,1,1,VOLKSWAGEN T-CROSS,8,E01031629,0,2
2024311412307,2024,311412307,2,9,0,-1,9,4,2,-1,0,5,0,0,0,0,4,1,-1,2,2,31,6,999,1,1,VOLKSWAGEN T-CROSS,2,E01028234,0,1
2024101465402,2024,101465402,2,9,0,-1,5,3,7,-1,0,0,0,0,0,0,1,1,-1,9,2,20,4,999,1,0,VOLKSWAGEN T-CROSS,-1,-1,0,-1
2024461485830,2024,461485830,1,9,0,-1,1,5,1,-1,0,8,0,0,0,0,2,1,-1,9,2,57,9,999,1,5,VOLKSWAGEN T-CROSS,7,E01024650,0,1
2024201456006,2024,201456006,2,9,0,-1,19,5,1,-1,0,8,0,0,0,0,1,1,-1,6,2,65,9,999,1,1,VOLKSWAGEN T-CROSS,10,E01010181,0,1
2024061415391,2024,061415391,1,9,0,-1,7,3,5,-1,0,1,0,0,0,0,4,1,-1,6,2,60,9,999,1,4,VOLKSWAGEN T-CROSS,4,E01005751,0,1
2024071046476,2024,071046476,2,9,0,-1,20,7,3,-1,0,7,0,0,0,0,2,1,-1,2,1,45,7,999,1,1,VOLKSWAGEN T-CROSS,4,W01000293,0,4
2024010525941,2024,010525941,2,9,0,18,19,7,3,0,0,3,0,0,0,0,3,1,6,6,1,35,6,999,1,2,VOLKSWAGEN T-CROSS,2,E01004222,0,1
2024010495346,2024,010495346,3,9,0,18,19,1,5,0,0,1,0,0,0,0,2,1,6,6,1,76,11,999,1,3,VOLKSWAGEN T-CROSS,5,E01001074,0,2
2024531451391,2024,531451391,2,9,0,-1,19,2,6,-1,0,8,0,0,0,0,1,1,-1,9,1,66,10,999,1,5,VOLKSWAGEN T-CROSS,4,E01022149,0,2
2024221510695,2024,221510695,2,9,0,-1,19,8,5,-1,0,8,0,0,0,0,4,9,-1,6,2,56,9,999,1,2,VOLKSWAGEN T-CROSS,10,E01010190,0,2
2024061452588,2024,061452588,1,9,0,-1,1,2,6,-1,0,0,0,0,0,0,2,1,-1,6,2,51,8,999,1,1,VOLKSWAGEN T-CROSS,9,E01005806,0,2
2024451428733,2024,451428733,5,9,0,-1,2,3,7,-1,0,1,0,0,0,0,2,1,-1,6,-1,-1,-1,1498,1,1,VOLKSWAGEN T-CROSS,-1,-1,0,-1
2024421446385,2024,421446385,1,9,0,-1,9,1,7,-1,0,1,0,0,0,0,1,1,-1,9,2,38,7,999,1,4,VOLKSWAGEN T-CROSS,7,E01015955,0,1
2024131451342,2024,131451342,1,9,0,-1,19,7,3,-1,0,8,0,0,0,0,1,1,-1,6,3,-1,-1,999,1,1,VOLKSWAGEN T-CROSS,-1,-1,0,-1
2024122400687,2024,122400687,1,9,0,18,19,3,7,0,0,1,0,0,0,0,1,1,6,6,2,22,5,999,1,4,VOLKSWAGEN T-CROSS,9,E01027583,0,1
2024401403810,2024,401403810,2,9,0,-1,3,7,3,-1,0,1,0,0,0,0,2,9,-1,2,1,57,9,999,1,1,VOLKSWAGEN T-CROSS,9,E01017398,0,3
2024061427363,2024,061427363,2,9,0,-1,19,1,1,-1,0,1,0,0,0,0,1,2,-1,6,1,70,10,999,1,4,VOLKSWAGEN T-CROSS,9,E01004968,0,1
2024201489306,2024,201489306,1,9,0,-1,19,4,8,-1,0,0,0,0,0,0,1,1,-1,6,1,78,11,1498,1,3,VOLKSWAGEN T-CROSS,-1,-1,0,-1
2024520402475,2024,520402475,3,9,0,18,19,7,3,0,0,0,0,0,0,0,1,1,6,6,2,30,6,999,1,4,VOLKSWAGEN T-CROSS,5,E01029259,0,2
2024211412592,2024,211412592,1,9,0,-1,19,5,1,-1,0,0,1,0,0,0,1,1,-1,1,1,20,4,999,1,4,VOLKSWAGEN T-CROSS,3,E01013513,0,4
2024010548552,2024,010548552,2,9,0,18,19,5,1,0,0,1,0,0,0,0,4,1,6,6,1,76,11,999,1,1,VOLKSWAGEN T-CROSS,-1,-1,0,-1
2024311470262,2024,311470262,1,9,0,-1,19,3,7,-1,0,8,0,0,0,0,1,1,-1,6,2,60,9,999,1,3,VOLKSWAGEN T-CROSS,-1,-1,0,-1
2024131453268,2024,131453268,3,9,0,-1,19,7,3,-1,0,0,0,0,0,0,2,1,-1,6,1,73,10,999,1,5,VOLKSWAGEN T-CROSS,7,E01034961,0,4
2024332400133,2024,332400133,2,9,0,-1,3,3,7,-1,0,1,0,0,0,0,2,1,-1,9,2,45,7,999,1,0,VOLKSWAGEN T-CROSS,7,E01025937,0,3
2024411524733,2024,411524733,1,9,-1,-1,-1,-1,-1,-1,-1,-1,-1,-1,-1,0,-1,9,-1,6,2,56,9,999,1,2,VOLKSWAGEN T-CROSS,7,E01023579,0,1
2024211403618,2024,211403618,1,9,0,-1,15,3,4,-1,0,3,0,0,0,0,1,1,-1,6,1,17,4,999,1,5,VOLKSWAGEN T-CROSS,1,E01010473,0,3
2024201462091,2024,201462091,2,9,0,-1,3,3,7,-1,0,0,0,0,0,0,2,9,-1,2,1,26,6,999,1,5,VOLKSWAGEN T-CROSS,1,E01010054,0,1
2024461498089,2024,461498089,2,9,0,-1,4,3,7,-1,0,0,0,0,0,0,2,9,-1,2,2,22,5,999,1,1,VOLKSWAGEN T-CROSS,5,E01024164,0,1
2024361453932,2024,361453932,2,9,0,-1,19,5,1,-1,0,0,0,0,0,0,1,1,-1,9,1,40,7,999,1,5,VOLKSWAGEN T-CROSS,2,E01026711,0,1
2024451478976,2024,451478976,1,9,0,-1,3,1,5,-1,0,0,0,0,0,0,2,9,-1,6,2,59,9,1498,1,4,VOLKSWAGEN T-CROSS,-1,-1,0,-1
2024332400585,2024,332400585,2,9,0,-1,19,6,2,-1,0,0,0,0,0,0,2,1,-1,6,2,-1,-1,1498,1,0,VOLKSWAGEN T-CROSS,-1,-1,0,-1
2024552400551,2024,552400551,2,9,0,18,19,4,8,0,0,0,0,0,0,0,1,1,6,6,2,35,6,999,1,4,VOLKSWAGEN T-CROSS,6,E01020437,0,4
2024991426120,2024,991426120,2,9,0,-1,19,4,1,-1,0,0,0,0,1,0,1,1,-1,9,1,33,6,999,1,5,VOLKSWAGEN T-CROSS,1,-1,0,4
2024041513264,2024,041513264,2,9,0,-1,5,3,7,-1,0,2,0,0,0,0,1,1,-1,9,1,18,4,999,1,0,VOLKSWAGEN T-CROSS,5,E01012645,0,1
2024041526739,2024,041526739,1,9,0,-1,5,1,5,-1,0,4,0,0,0,0,1,1,-1,1,1,39,7,999,1,3,VOLKSWAGEN T-CROSS,3,E01005079,0,4
2024302401009,2024,302401009,1,9,0,16,19,1,4,0,0,0,0,0,0,0,1,1,6,6,2,35,6,999,1,0,VOLKSWAGEN T-CROSS,8,E01019875,0,1
2024101528715,2024,101528715,2,9,-1,-1,12,5,1,-1,0,0,0,0,0,0,-1,9,-1,6,2,30,6,999,1,5,VOLKSWAGEN T-CROSS,4,E01033077,0,1
2024451526715,2024,451526715,1,9,0,-1,1,1,3,-1,0,2,0,0,0,0,2,1,-1,6,3,40,7,999,1,3,VOLKSWAGEN T-CROSS,-1,-1,0,-1
2024231535821,2024,231535821,2,9,0,-1,7,2,6,-1,0,3,0,0,0,0,4,1,-1,9,2,23,5,999,1,1,VOLKSWAGEN T-CROSS,8,E01031217,0,2
2024131403036,2024,131403036,2,9,0,-1,19,1,5,-1,0,0,0,0,0,0,3,1,-1,9,2,83,11,999,1,3,VOLKSWAGEN T-CROSS,4,E01034957,0,4
2024201502870,2024,201502870,1,9,0,-1,19,3,7,-1,0,0,0,0,0,0,1,1,-1,6,2,26,6,999,1,0,VOLKSWAGEN T-CROSS,7,E01009693,0,1
2024421466382,2024,421466382,2,9,0,-1,9,6,4,-1,0,8,0,0,0,0,4,1,-1,9,2,81,11,999,1,4,VOLKSWAGEN T-CROSS,7,E01021338,0,1
2024361399200,2024,361399200,1,9,0,-1,19,3,1,-1,0,1,1,0,0,0,3,1,-1,2,2,53,8,999,1,1,VOLKSWAGEN T-CROSS,9,E01034358,0,5
2024552400621,2024,552400621,1,9,0,18,19,7,3,5,5,6,0,0,0,0,4,1,6,6,2,41,7,999,1,1,VOLKSWAGEN T-CROSS,5,E01020534,0,2
2024201488360,2024,201488360,1,9,0,-1,9,4,2,-1,0,6,0,0,0,0,1,1,-1,6,1,16,4,999,1,0,VOLKSWAGEN T-CROSS,-1,-1,0,-1
2024411412330,2024,411412330,1,9,0,-1,19,5,1,-1,0,0,0,0,0,0,1,1,-1,9,2,58,9,999,1,2,VOLKSWAGEN T-CROSS,6,E01023472,0,1
2024540762624,2024,540762624,1,9,0,18,19,6,2,0,0,0,0,0,0,0,1,1,6,6,1,27,6,999,1,2,VOLKSWAGEN T-CROSS,7,E01015524,0,2
2024421520210,2024,421520210,1,9,0,-1,7,1,4,-1,0,5,0,0,0,0,1,1,-1,9,1,24,5,999,1,5,VOLKSWAGEN T-CROSS,4,E01004454,0,3
2024332401148,2024,332401148,1,9,0,-1,19,5,1,-1,0,8,0,0,0,0,4,1,-1,2,2,36,7,999,1,2,VOLKSWAGEN T-CROSS,3,E01015667,0,4
2024131455369,2024,131455369,1,9,0,-1,19,3,7,-1,0,0,0,0,7,0,1,1,-1,9,2,43,7,999,1,0,VOLKSWAGEN T-CROSS,1,E01006064,0,3
2024430315656,2024,430315656,3,9,0,18,19,2,6,0,0,0,0,0,0,0,2,1,2,2,1,44,7,999,1,5,VOLKSWAGEN T-CROSS,10,E01032610,0,2
2024010501549,2024,010501549,2,9,0,5,5,7,3,0,0,8,0,0,0,0,1,1,6,6,1,32,6,999,1,5,VOLKSWAGEN T-CROSS,3,E01016038,0,4
2024052402335,2024,052402335,2,9,0,18,19,4,8,0,0,0,0,0,0,0,4,1,6,6,2,40,7,999,1,0,VOLKSWAGEN T-CROSS,9,E01025406,0,4
2024991471875,2024,991471875,1,9,0,-1,19,6,1,-1,0,1,0,11,0,0,1,2,-1,6,2,64,9,999,1,1,VOLKSWAGEN T-CROSS,6,-1,0,1
2024351548092,2024,351548092,2,9,0,-1,19,3,7,-1,0,0,0,0,0,0,1,1,-1,6,1,78,11,999,1,0,VOLKSWAGEN T-CROSS,9,E01030072,0,4
2024361412431,2024,361412431,2,9,0,-1,-1,-1,-1,-1,0,0,0,0,0,0,2,1,-1,9,2,28,6,999,1,2,VOLKSWAGEN T-CROSS,9,E01026509,0,1
2024141531468,2024,141531468,1,9,0,-1,7,1,3,-1,0,5,0,0,0,0,2,1,-1,7,1,60,9,1598,2,4,VOLKSWAGEN T-CROSS,6,E01007833,0,1
2024010504762,2024,010504762,2,9,0,99,99,9,9,99,99,9,9,99,9,99,9,9,6,6,3,-1,-1,999,1,3,VOLKSWAGEN T-CROSS,-1,-1,0,-1
2024451484440,2024,451484440,2,9,0,-1,2,0,0,-1,0,0,0,0,0,0,1,1,-1,6,-1,-1,-1,999,1,1,VOLKSWAGEN T-CROSS,-1,-1,0,-1
2024340NN3042,2024,340NN3042,2,9,0,-1,19,5,1,-1,0,1,1,0,0,0,1,1,-1,6,2,38,7,999,1,4,VOLKSWAGEN T-CROSS,10,E01027121,0,1
2024131418793,2024,131418793,1,9,0,-1,6,1,5,-1,0,1,5,4,0,0,3,1,-1,9,1,73,10,999,1,3,VOLKSWAGEN T-CROSS,1,E01011472,0,1
2024101496538,2024,101496538,1,9,0,-1,19,5,1,-1,0,0,0,0,0,0,4,1,-1,9,2,60,9,999,1,3,VOLKSWAGEN T-CROSS,-1,-1,0,-1
2024991505557,2024,991505557,1,9,0,-1,4,1,1,-1,0,0,0,0,0,0,4,1,-1,9,2,61,9,999,1,3,VOLKSWAGEN T-CROSS,5,-1,0,1
2024411466490,2024,411466490,2,9,0,-1,3,1,5,-1,0,0,0,0,0,0,2,1,-1,1,2,33,6,999,1,2,VOLKSWAGEN T-CROSS,5,E01023638,0,2
2024041444638,2024,041444638,1,9,0,-1,19,3,7,-1,0,0,2,0,1,7,1,1,-1,9,1,33,6,1598,2,4,VOLKSWAGEN T-CROSS,1,E01005147,0,4
2024010517092,2024,010517092,2,9,0,16,19,3,7,0,0,0,0,0,0,0,1,1,2,2,1,27,6,999,1,0,VOLKSWAGEN T-CROSS,6,E01002625,0,1
2024070909053,2024,070909053,1,9,0,-1,19,7,3,-1,0,1,0,0,0,0,2,1,-1,6,1,79,11,999,1,1,VOLKSWAGEN T-CROSS,8,E01012532,0,1
2024122400551,2024,122400551,2,9,0,9,9,7,5,0,0,5,0,0,0,0,3,1,6,6,2,30,6,999,1,1,VOLKSWAGEN T-CROSS,6,E01027734,0,1
2024411503937,2024,411503937,1,9,0,-1,9,3,7,-1,0,0,0,0,0,0,1,1,-1,6,1,39,7,999,1,3,VOLKSWAGEN T-CROSS,4,E01023781,0,1
2024622400388,2024,622400388,2,9,0,18,19,8,4,0,0,4,0,0,0,0,1,1,6,6,2,58,9,999,1,2,VOLKSWAGEN T-CROSS,10,W01001777,0,1
2024991394765,2024,991394765,1,9,0,-1,19,1,5,-1,0,0,0,0,0,0,1,1,-1,9,2,54,8,1598,2,5,VOLKSWAGEN T-CROSS,4,-1,0,4
2024010521966,2024,010521966,1,9,0,18,19,5,1,0,0,0,0,0,0,0,1,1,6,6,3,38,7,999,1,4,VOLKSWAGEN T-CROSS,4,E01030743,0,2
2024010520636,2024,010520636,2,9,0,2,2,9,9,99,99,9,9,99,9,99,9,9,6,6,3,-1,-1,999,1,2,VOLKSWAGEN T-CROSS,2,E01009407,0,5
2024010554779,2024,010554779,1,9,0,99,99,9,9,99,99,9,9,99,9,99,2,9,6,6,1,29,6,999,1,2,VOLKSWAGEN T-CROSS,4,E01003788,0,1
2024421525953,2024,421525953,1,9,-1,-1,19,-1,-1,-1,0,0,-1,-1,-1,0,1,9,-1,6,2,-1,-1,999,1,4,VOLKSWAGEN T-CROSS,-1,-1,0,-1
2024201439352,2024,201439352,1,9,0,-1,19,8,3,-1,0,8,0,0,0,0,4,9,-1,9,2,32,6,999,1,1,VOLKSWAGEN T-CROSS,2,E01010004,0,2
2024440493287,2024,440493287,1,9,0,18,19,8,4,0,0,0,0,0,0,0,4,1,2,2,2,73,10,999,1,3,VOLKSWAGEN T-CROSS,8,E01023069,0,1
2024010554055,2024,010554055,2,9,9,99,99,9,9,99,99,9,9,99,9,99,9,9,6,6,3,-1,-1,999,1,1,VOLKSWAGEN T-CROSS,-1,-1,0,-1
2024161469202,2024,161469202,1,9,0,-1,19,5,1,-1,0,1,0,0,0,0,-1,9,-1,6,1,32,6,999,1,3,VOLKSWAGEN T-CROSS,8,E01035469,0,2
2024041467562,2024,041467562,2,9,0,-1,2,1,5,-1,0,2,0,0,0,0,3,1,-1,9,2,24,5,1598,2,4,VOLKSWAGEN T-CROSS,7,E01025106,0,4
2024010536792,2024,010536792,1,9,0,4,4,1,5,0,0,0,0,0,0,0,2,1,6,6,1,29,6,1498,1,0,VOLKSWAGEN T-CROSS,7,E01024316,0,4
2024501468690,2024,501468690,2,9,0,-1,2,0,0,-1,0,2,0,0,0,0,4,9,-1,6,-1,-1,-1,999,1,1,VOLKSWAGEN T-CROSS,-1,-1,0,-1
2024991449607,2024,991449607,1,9,0,-1,19,3,7,-1,0,0,0,0,0,0,3,1,-1,9,1,74,10,999,1,1,VOLKSWAGEN T-CROSS,-1,-1,0,-1
2024421437644,2024,421437644,1,17,0,-1,9,1,6,-1,2,1,0,0,0,0,4,1,-1,1,1,61,9,2900,2,5,MAKE AND MODEL REDACTED,4,E01033930,0,4
2024010530530,2024,010530530,1,3,0,99,99,9,9,99,99,9,9,99,9,99,2,1,1,1,1,28,6,125,1,1,MAKE AND MODEL REDACTED,3,E01000553,0,1
2024361469478,2024,361469478,2,3,0,-1,7,7,5,-1,0,0,0,0,0,0,4,1,-1,1,2,36,7,125,1,0,MAKE AND MODEL REDACTED,2,E01026844,0,1
2024010500133,2024,010500133,1,3,0,18,19,5,1,0,0,1,0,0,0,0,1,1,6,6,1,22,5,125,1,1,MAKE AND MODEL REDACTED,3,E01004725,0,1
2024501492050,2024,501492050,2,2,0,-1,19,3,5,-1,0,8,0,0,0,0,3,1,-1,9,2,19,4,124,1,16,YAMAHA YBR,4,E01018782,0,1
2024311468507,2024,311468507,1,3,0,-1,19,2,5,-1,0,1,1,0,7,9,4,1,-1,6,1,18,4,124,1,16,YAMAHA YBR,2,E01028008,0,1
2024010546566,2024,010546566,2,3,0,9,9,5,4,0,0,8,0,0,0,0,1,1,6,6,1,24,5,124,1,16,YAMAHA YBR,4,E01002973,0,2
202460Q172340,2024,60Q172340,1,3,0,18,19,5,1,0,0,0,1,0,0,0,1,1,2,2,1,22,5,124,1,13,YAMAHA YBR,-1,-1,0,-1
2024440356136,2024,440356136,2,3,0,18,19,7,3,0,0,1,0,0,0,0,1,1,6,6,1,18,4,124,1,13,YAMAHA YBR,6,E01016301,0,1
2024122500212,2024,122500212,1,3,0,18,19,4,7,0,0,4,1,0,0,0,0,1,2,2,1,19,4,125,1,8,YAMAHA YBR,5,E01027796,0,2
2024421443342,2024,421443342,2,3,0,-1,19,7,3,-1,0,1,5,0,0,0,1,1,-1,7,1,18,4,124,1,15,YAMAHA YBR,2,E01021316,0,1
2024622400563,2024,622400563,1,3,0,5,5,8,2,0,0,4,0,0,0,0,2,1,6,6,1,22,5,124,1,16,YAMAHA YBR,10,W01001072,0,1
2024010492905,2024,010492905,2,3,9,99,99,9,9,99,99,9,9,99,9,99,9,1,6,6,3,37,7,124,1,14,YAMAHA YBR,4,E01001879,0,1
2024010519969,2024,010519969,1,3,0,99,99,9,9,99,99,9,9,99,9,99,1,1,6,6,1,31,6,124,1,17,YAMAHA YBR,5,E01004644,0,1
2024231471017,2024,231471017,1,3,0,-1,19,3,8,-1,0,0,1,0,0,0,1,1,-1,9,2,18,4,124,1,11,YAMAHA YBR,2,E01031075,0,1
2024371436988,2024,371436988,1,3,0,-1,19,1,5,-1,0,0,0,0,0,0,1,1,-1,6,1,17,4,125,1,8,YAMAHA YBR,1,E01033131,0,1
2024201451587,2024,201451587,2,3,0,-1,11,7,1,-1,0,0,0,0,0,0,3,1,-1,2,1,19,4,124,1,15,YAMAHA YBR,3,E01009750,0,1
2024041511567,2024,041511567,2,3,0,-1,14,1,5,-1,0,0,0,0,0,0,4,1,-1,9,1,50,8,124,1,13,YAMAHA YBR,2,E01012630,0,1
2024340NN3512,2024,340NN3512,1,3,0,-1,19,7,3,-1,0,1,1,0,0,0,1,1,-1,9,1,21,5,124,1,11,YAMAHA YBR,5,E01027123,0,2
2024991432999,2024,991432999,2,3,0,-1,19,6,2,-1,0,1,2,0,0,0,0,1,-1,9,1,17,4,124,1,17,YAMAHA YBR,2,-1,0,2
2024122401015,2024,122401015,1,3,0,18,19,8,4,0,0,0,0,12,0,0,1,1,1,1,1,44,7,125,1,7,YAMAHA YBR,7,E01027877,0,2
2024302400536,2024,302400536,1,3,0,13,13,7,3,0,0,0,0,0,0,0,1,1,6,6,1,21,5,125,1,8,YAMAHA YBR,5,E01028002,0,3
2024991510620,2024,991510620,2,3,0,-1,19,3,7,-1,0,8,0,0,0,0,1,1,-1,9,1,21,5,125,1,8,YAMAHA YBR,5,-1,0,3
2024371438157,2024,371438157,1,4,0,-1,19,3,6,-1,0,2,0,0,0,0,1,1,-1,9,1,27,6,124,1,11,YAMAHA YBR,7,E01029902,0,2
2024371536140,2024,371536140,2,3,0,-1,19,7,3,-1,0,8,0,0,0,0,1,1,-1,9,1,25,5,124,1,16,YAMAHA YBR,8,E01030098,0,2
202460Q129482,2024,60Q129482,2,3,0,18,19,7,3,0,0,1,2,0,0,0,1,1,6,6,1,18,4,124,1,12,YAMAHA YBR,-1,-1,0,-1
2024461428760,2024,461428760,1,4,0,-1,19,6,2,-1,0,1,0,0,0,0,1,1,-1,9,1,18,4,124,1,18,YAMAHA YBR,3,E01035313,0,1
202460Q091993,2024,60Q091993,1,4,0,18,19,3,7,9,9,0,0,0,0,0,1,1,6,6,3,-1,-1,124,1,10,YAMAHA YBR,-1,-1,0,-1
2024010525126,2024,010525126,2,3,0,18,19,3,7,0,0,2,1,0,0,0,1,1,6,6,1,27,6,124,1,14,YAMAHA YBR,4,E01024481,0,1
2024041471622,2024,041471622,1,3,0,-1,19,4,8,-1,0,8,0,0,0,0,-1,1,-1,6,1,17,4,124,1,12,YAMAHA YBR,1,E01025136,0,1
2024361414540,2024,361414540,1,3,0,-1,19,7,1,-1,0,1,0,0,0,0,0,1,-1,9,1,34,6,125,1,8,YAMAHA YBR,1,E01026793,0,1
2024421433732,2024,421433732,2,4,0,-1,13,7,3,-1,0,0,5,0,0,0,4,1,-1,2,1,29,6,124,1,13,YAMAHA YBR,8,E01033052,0,2
2024451447999,2024,451447999,1,3,0,-1,19,3,7,-1,0,0,0,0,0,0,1,1,-1,2,1,33,6,124,1,15,YAMAHA YBR,10,E01030776,0,2
2024010516562,2024,010516562,2,3,0,18,19,3,7,0,0,0,0,0,0,0,1,1,6,6,1,25,5,124,1,12,YAMAHA YBR,4,E01032772,0,1
2024061403302,2024,061403302,2,3,0,-1,19,5,1,-1,0,1,0,0,0,0,1,1,-1,9,1,-1,-1,125,1,10,YAMAHA YBR,10,E01019756,0,2
2024211502812,2024,211502812,2,3,0,-1,19,5,1,-1,0,1,5,0,0,0,1,1,-1,6,1,23,5,125,1,9,YAMAHA YBR,5,E01034103,0,1
2024501460800,2024,501460800,1,3,0,-1,13,7,3,-1,0,8,0,0,0,0,1,1,-1,6,1,23,5,124,1,11,YAMAHA YBR,4,E01018942,0,1
2024522402477,2024,522402477,2,4,0,18,19,8,4,0,0,8,0,0,0,0,1,1,6,6,1,30,6,124,1,11,YAMAHA YBR,6,E01014914,0,2
2024311495576,2024,311495576,1,3,0,-1,19,2,6,-1,0,1,0,0,0,0,1,1,-1,2,1,18,4,124,1,12,YAMAHA YBR,2,E01028259,0,2
2024340NN0302,2024,340NN0302,2,3,0,-1,19,2,6,-1,0,8,5,0,0,0,1,1,-1,2,1,17,4,124,1,14,YAMAHA YBR,1,E01027310,0,1
2024522401751,2024,522401751,2,3,0,18,19,1,5,0,0,8,0,0,0,0,1,1,6,6,1,18,4,124,1,13,YAMAHA YBR,4,E01014991,0,1
2024131501428,2024,131501428,2,3,0,-1,19,4,8,-1,0,2,0,0,0,0,1,1,-1,6,1,22,5,124,1,18,YAMAHA YBR,4,E01011463,0,1
2024440460619,2024,440460619,1,3,0,18,19,3,7,0,0,2,0,10,0,0,1,1,6,6,2,48,8,124,1,11,YAMAHA YBR,1,E01017250,0,2
2024311424854,2024,311424854,1,3,0,-1,19,6,2,-1,0,8,0,0,0,0,1,1,-1,6,1,21,5,124,1,18,YAMAHA YBR,5,E01028362,0,1
2024161462624,2024,161462624,1,3,0,-1,19,3,7,-1,0,0,1,7,0,0,1,1,-1,6,1,28,6,125,1,10,YAMAHA YBR,2,E01013002,0,1
2024361483522,2024,361483522,1,3,0,-1,19,6,7,-1,0,0,1,0,0,0,3,1,-1,2,2,26,6,124,1,14,YAMAHA YBR,4,E01026925,0,3
2024440241820,2024,440241820,2,3,0,18,19,8,4,0,0,1,0,0,0,0,1,1,6,6,1,32,6,125,1,9,YAMAHA YBR,3,E01023018,0,1
2024201456560,2024,201456560,1,4,0,-1,19,6,5,-1,0,2,2,0,0,0,2,1,-1,9,1,18,4,125,1,9,YAMAHA YBR,1,E01033888,0,1
2024501443785,2024,501443785,1,3,0,-1,14,5,1,-1,0,1,0,0,0,0,4,1,-1,2,1,18,4,124,1,11,YAMAHA YBR,3,E01019000,0,1
2024361410928,2024,361410928,2,3,0,-1,19,-1,-1,-1,0,0,1,0,1,0,3,1,-1,9,1,17,4,125,1,8,YAMAHA YBR,3,E01026631,0,4
2024010529677,2024,010529677,1,3,0,99,99,9,9,99,99,9,9,99,9,99,9,1,6,6,1,19,4,125,1,9,YAMAHA YBR,2,E01000508,0,3
2024501475904,2024,501475904,2,4,0,-1,4,5,1,-1,0,1,1,0,0,0,1,1,-1,6,1,17,4,125,1,8,YAMAHA YBR,4,E01019980,0,3
2024010510279,2024,010510279,1,3,0,16,19,6,2,0,0,0,1,10,7,11,1,1,6,6,1,22,5,124,1,13,YAMAHA YBR,5,E01002607,0,1
2024031464976,2024,031464976,2,3,0,-1,19,1,5,-1,0,1,0,0,0,0,1,1,-1,6,1,17,4,125,1,8,YAMAHA YBR,4,E01019098,0,3