collision_index,collision_year,collision_ref_no,vehicle_reference,vehicle_type,towing_and_articulation,vehicle_manoeuvre_historic,vehicle_manoeuvre,vehicle_direction_from,vehicle_direction_to,vehicle_location_restricted_lane_historic,vehicle_location_restricted_lane,junction_location,skidding_and_overturning,hit_object_in_carriageway,vehicle_leaving_carriageway,hit_object_off_carriageway,first_point_of_impact,vehicle_left_hand_drive,journey_purpose_of_driver_historic,journey_purpose_of_driver,sex_of_driver,age_of_driver,age_band_of_driver,engine_capacity_cc,propulsion_code,age_of_vehicle,generic_make_model,driver_imd_decile,lsoa_of_driver,escooter_flag,driver_distance_banding
2024141513792,2024,141513792,1,3,0,-1,13,1,5,-1,0,0,5,0,0,0,1,1,-1,6,1,33,6,124,1,15,YAMAHA YBR,1,E01007472,0,1
2024010513617,2024,010513617,1,3,0,18,19,7,3,0,0,0,0,0,0,0,1,1,2,2,1,47,8,125,1,9,YAMAHA YBR,-1,-1,0,-1
2024311417291,2024,311417291,1,3,0,-1,5,1,5,-1,0,8,0,0,0,0,1,1,-1,6,1,21,5,124,1,13,YAMAHA YBR,5,E01028189,0,2
2024531491517,2024,531491517,1,3,0,-1,7,2,4,-1,0,6,0,0,0,0,3,1,-1,9,1,17,4,124,1,13,YAMAHA YBR,9,E01022213,0,3
2024320520284,2024,320520284,2,3,0,-1,-1,2,6,0,0,8,0,0,0,0,1,1,-1,-1,1,18,4,125,1,7,YAMAHA YBR,5,E01026243,0,1
2024320119462,2024,320119462,2,3,0,-1,-1,6,4,0,0,4,0,0,0,0,3,1,-1,-1,1,25,5,124,1,11,YAMAHA YBR,9,E01026346,0,1
2024471453547,2024,471453547,2,3,0,-1,19,6,2,-1,0,1,0,0,0,0,1,1,-1,2,1,22,5,124,1,15,YAMAHA YBR,1,E01020983,0,3
2024361514117,2024,361514117,2,3,0,-1,19,8,4,-1,0,1,2,0,0,0,1,1,-1,6,1,19,4,124,1,14,YAMAHA YBR,8,E01026578,0,2
2024501482840,2024,501482840,1,3,0,-1,19,5,1,-1,9,8,1,0,0,0,1,1,-1,6,1,17,4,124,1,17,YAMAHA YBR,1,E01015146,0,2
2024501422290,2024,501422290,1,3,0,-1,13,3,7,-1,0,1,0,0,0,0,4,1,-1,6,1,30,6,124,1,13,YAMAHA YBR,4,E01018919,0,1
2024471487464,2024,471487464,1,3,0,-1,19,3,7,-1,0,0,0,0,0,0,1,1,-1,2,1,40,7,124,1,17,YAMAHA YBR,8,E01034820,0,2
2024540688424,2024,540688424,1,3,0,18,19,2,6,0,0,1,0,4,0,0,1,1,6,6,1,64,9,124,1,13,YAMAHA YBR,3,E01032118,0,1
2024052401736,2024,052401736,2,3,0,18,19,5,1,0,0,0,0,0,0,0,1,1,6,6,1,64,9,125,1,9,YAMAHA YBR,8,E01007095,0,1
2024201489314,2024,201489314,1,4,0,-1,19,8,4,-1,0,0,2,7,4,0,1,1,-1,2,1,56,9,124,1,14,YAMAHA YBR,3,E01009221,0,2
202454E794724,2024,54E794724,1,3,0,17,19,7,3,0,0,0,1,0,0,0,0,1,2,2,1,29,6,124,1,10,YAMAHA YBR,4,E01033908,0,4
2024211522989,2024,211522989,2,3,0,-1,19,5,1,-1,0,0,0,0,0,0,1,1,-1,9,1,17,4,124,1,12,YAMAHA YBR,-1,-1,0,-1
2024070660148,2024,070660148,1,3,0,16,19,5,1,0,0,0,0,0,0,0,1,1,6,6,1,37,7,124,1,11,YAMAHA YBR,3,E01018637,0,2
2024010532353,2024,010532353,2,3,0,18,19,5,1,0,0,1,0,0,0,0,1,1,6,6,1,30,6,124,1,11,YAMAHA YBR,6,E01024425,0,3
2024501566334,2024,501566334,1,3,0,-1,19,5,5,-1,0,6,0,0,0,0,4,1,-1,2,1,19,4,124,1,17,YAMAHA YBR,3,E01019076,0,2
2024161439865,2024,161439865,2,3,0,-1,3,6,1,-1,0,1,0,0,0,0,3,1,-1,6,1,19,4,124,1,13,YAMAHA YBR,-1,-1,0,-1
2024320551257,2024,320551257,1,3,0,-1,-1,6,2,0,0,8,2,0,1,0,1,1,-1,-1,1,18,4,124,1,17,YAMAHA YBR,2,E01026108,0,3
2024471436247,2024,471436247,1,3,0,-1,19,7,3,-1,0,8,1,0,0,0,3,1,-1,2,1,19,4,124,1,11,YAMAHA YBR,6,E01030586,0,2
2024440046619,2024,440046619,1,3,0,3,3,5,1,0,0,1,0,0,0,0,2,1,6,6,1,45,7,124,1,17,YAMAHA YBR,4,E01017081,0,1
2024141482823,2024,141482823,2,3,0,-1,19,4,1,-1,0,3,0,0,1,0,1,1,-1,6,1,40,7,124,1,16,YAMAHA YBR,1,E01007491,0,3
2024010491062,2024,010491062,1,3,0,18,19,7,3,0,0,1,2,0,0,0,0,1,6,6,1,56,9,124,1,15,YAMAHA YBR,7,E01002974,0,2
2024440074815,2024,440074815,1,3,0,18,19,2,6,0,0,2,0,0,0,0,1,1,6,6,1,32,6,125,1,9,YAMAHA YBR,3,E01023018,0,3
2024471514361,2024,471514361,1,3,0,-1,19,4,8,-1,0,8,0,0,0,0,1,1,-1,2,1,36,7,124,1,12,YAMAHA YBR,5,E01020916,0,1
2024041488453,2024,041488453,1,3,0,-1,19,1,5,-1,0,0,2,0,1,0,1,1,-1,9,1,19,4,124,1,13,YAMAHA YBR,8,E01024944,0,4
2024501445768,2024,501445768,1,3,0,-1,9,6,5,-1,9,1,1,11,0,0,1,1,-1,6,1,19,4,125,1,9,YAMAHA YBR,4,E01019932,0,4
2024340NN3622,2024,340NN3622,2,3,0,-1,4,3,1,-1,0,8,5,0,0,0,2,1,-1,2,1,48,8,124,1,15,YAMAHA YBR,9,E01027053,0,3
2024311480178,2024,311480178,1,3,0,-1,7,4,6,-1,0,6,0,0,0,0,1,1,-1,6,1,76,11,124,1,13,YAMAHA YBR,7,E01033410,0,1
2024211484017,2024,211484017,1,3,0,-1,15,7,4,-1,9,1,0,10,7,6,1,1,-1,9,1,18,4,124,1,13,YAMAHA YBR,7,E01029379,0,4
2024421421692,2024,421421692,2,3,0,-1,19,3,7,-1,0,1,5,0,0,0,4,1,-1,9,1,65,9,124,1,13,YAMAHA YBR,6,E01021308,0,1
2024440185281,2024,440185281,1,3,0,14,14,8,4,0,0,1,0,0,0,0,4,1,6,6,2,22,5,124,1,13,YAMAHA YBR,4,E01017022,0,1
2024552401159,2024,552401159,1,3,0,9,9,6,4,0,0,5,0,0,0,0,4,1,6,6,1,51,8,124,1,17,YAMAHA YBR,7,E01020514,0,1
2024052401263,2024,052401263,1,3,0,18,19,1,5,0,0,1,0,0,0,0,1,1,6,6,1,19,4,124,1,13,YAMAHA YBR,1,E01007055,0,1
2024231486712,2024,231486712,1,3,0,-1,19,8,4,-1,0,8,0,0,0,0,4,1,-1,1,1,19,4,124,1,14,YAMAHA YBR,3,E01031165,0,1
2024010519642,2024,010519642,2,3,0,99,99,9,9,99,99,9,9,99,9,99,9,1,2,2,1,20,4,124,1,14,YAMAHA YBR,6,E01001201,0,2
2024340WN4312,2024,340WN4312,1,3,0,-1,7,7,2,-1,0,4,1,0,1,0,4,1,-1,9,1,17,4,125,1,9,YAMAHA YBR,3,E01027175,0,1
202460Q016948,2024,60Q016948,2,4,0,7,7,5,7,0,0,1,0,0,0,0,2,1,6,6,2,37,7,124,1,15,YAMAHA YBR,-1,-1,0,-1
2024041513645,2024,041513645,2,3,0,-1,19,5,1,-1,0,1,0,0,0,0,1,1,-1,2,1,32,6,125,1,9,YAMAHA YBR,2,E01025245,0,1
2024471515589,2024,471515589,2,3,0,-1,19,6,2,-1,0,1,1,0,0,0,0,1,-1,6,1,27,6,124,1,12,YAMAHA YBR,3,E01016954,0,4
2024411396798,2024,411396798,2,3,0,-1,13,-1,-1,-1,0,1,0,0,0,0,1,1,-1,6,1,17,4,123,1,17,YAMAHA YBR,5,E01023331,0,1
2024430215059,2024,430215059,2,3,0,18,19,8,4,0,0,1,0,0,0,0,1,1,6,6,1,31,6,124,1,12,YAMAHA YBR,10,E01017862,0,1
2024311416226,2024,311416226,1,3,0,-1,5,5,1,-1,0,1,5,0,0,0,3,1,-1,9,1,25,5,125,1,9,YAMAHA YBR,2,E01019523,0,3
2024451475659,2024,451475659,1,3,0,-1,19,8,4,-1,0,0,0,0,0,0,1,1,-1,2,1,26,6,124,1,12,YAMAHA YBR,2,E01001151,0,3
2024010494819,2024,010494819,1,3,0,99,99,9,9,0,0,0,0,0,0,0,1,1,6,6,1,-1,-1,125,1,9,YAMAHA YBR,2,E01002561,0,2
2024622400199,2024,622400199,1,3,0,18,19,6,2,0,0,0,1,0,0,0,1,1,6,6,1,29,6,124,1,11,YAMAHA YBR,1,W01000962,0,1
2024221483469,2024,221483469,1,3,0,-1,19,7,3,-1,0,0,0,0,0,0,1,1,-1,2,1,17,4,124,1,18,YAMAHA YBR,4,E01014024,0,1
2024371525726,2024,371525726,1,4,0,-1,19,5,1,-1,0,0,1,0,0,0,0,1,-1,6,1,36,7,125,1,8,YAMAHA YBR,4,E01029918,0,1
2024461420460,2024,461420460,1,3,0,-1,19,5,1,-1,0,0,0,0,0,0,1,1,-1,6,1,20,4,124,1,16,YAMAHA YBR,3,E01024777,0,2
2024471529005,2024,471529005,1,3,0,-1,19,3,7,-1,0,0,5,0,0,0,4,1,-1,9,2,19,4,125,1,8,YAMAHA YBR,5,E01022845,0,4
2024501431052,2024,501431052,1,3,0,-1,19,2,6,-1,0,0,5,0,2,1,4,1,-1,9,1,17,4,124,1,12,YAMAHA YBR,4,E01020198,0,1
2024122400675,2024,122400675,2,3,0,18,19,7,5,0,0,1,0,0,0,0,1,1,6,6,1,19,4,125,1,9,YAMAHA YBR,7,E01027681,0,3
2024070519149,2024,070519149,1,4,0,18,19,1,5,0,0,1,1,0,0,0,1,1,6,6,1,23,5,124,1,12,YAMAHA YBR,9,E01018419,0,1
2024320708744,2024,320708744,1,3,0,-1,-1,4,8,0,0,0,2,0,0,0,1,1,6,6,1,32,6,125,1,9,YAMAHA YBR,8,E01026188,0,1
2024440509612,2024,440509612,2,3,0,18,19,1,5,0,0,0,0,0,0,0,0,1,6,6,1,28,6,124,1,11,YAMAHA YBR,2,E01022820,0,2
2024201449461,2024,201449461,1,3,0,-1,19,1,6,-1,0,0,0,0,4,4,1,1,-1,9,1,17,4,125,1,9,YAMAHA YBR,4,E01009218,0,1
2024320557963,2024,320557963,2,3,0,-1,-1,4,8,0,0,1,0,0,1,4,2,1,-1,-1,1,17,4,124,1,13,YAMAHA YBR,-1,-1,0,-1
2024031527393,2024,031527393,1,4,0,-1,19,7,4,-1,0,1,1,0,0,0,3,1,-1,2,1,46,8,124,1,13,YAMAHA YBR,6,E01019384,0,1
2024471480007,2024,471480007,2,3,0,-1,19,7,3,-1,0,1,0,0,0,0,4,1,-1,2,1,31,6,124,1,19,YAMAHA YBR,6,E01031445,0,1
2024351457238,2024,351457238,1,3,0,-1,4,6,2,-1,0,1,0,0,0,0,1,1,-1,6,1,58,9,125,1,9,YAMAHA YBR,5,E01026712,0,4
2024010516722,2024,010516722,1,3,0,18,19,5,1,0,0,1,0,0,0,0,4,1,6,6,1,44,7,125,1,8,YAMAHA YBR,6,E01003173,0,1
2024471402260,2024,471402260,2,3,0,-1,19,1,5,-1,0,1,0,0,0,0,1,1,-1,2,1,29,6,124,1,10,YAMAHA YBR,2,E01021016,0,1
2024010528056,2024,010528056,2,3,0,18,19,4,8,0,0,8,0,0,1,0,1,1,2,2,1,26,6,124,1,15,YAMAHA YBR,-1,-1,0,-1
2024440302408,2024,440302408,1,3,0,18,19,3,7,0,0,0,0,12,0,0,1,1,2,2,1,60,9,124,1,15,YAMAHA YBR,8,E01017286,0,1
2024401527539,2024,401527539,1,3,0,-1,19,1,5,-1,0,0,2,0,0,0,0,1,-1,6,2,22,5,125,1,8,YAMAHA YBR,8,E01017441,0,4
2024411471079,2024,411471079,2,3,0,-1,13,6,2,-1,0,8,0,0,0,0,1,1,-1,6,1,25,5,125,1,8,YAMAHA YBR,2,E01023750,0,2
2024320641029,2024,320641029,2,3,0,4,4,6,2,0,0,1,5,0,0,0,2,1,-1,-1,2,22,5,125,1,7,YAMAHA YBR,5,E01026276,0,3
2024101492291,2024,101492291,2,4,0,-1,4,2,6,-1,0,1,0,0,0,0,4,1,-1,2,1,28,6,125,1,8,YAMAHA YBR,8,E01027508,0,1
2024501509035,2024,501509035,2,3,0,-1,19,2,6,-1,0,1,0,0,0,0,1,1,-1,9,1,23,5,124,1,13,YAMAHA YBR,4,E01018844,0,3
2024471440109,2024,471440109,2,3,0,-1,19,4,8,-1,0,0,0,0,1,0,3,1,-1,6,1,26,6,124,1,13,YAMAHA YBR,4,E01031434,0,1
2024461512830,2024,461512830,1,3,0,-1,19,7,8,-1,0,6,1,0,0,0,1,1,-1,9,1,22,5,124,1,18,YAMAHA YBR,3,E01024248,0,2
2024440514811,2024,440514811,2,3,0,18,19,3,7,0,0,1,0,0,0,0,1,1,6,6,1,18,4,124,1,12,YAMAHA YBR,3,E01023058,0,1
2024552400895,2024,552400895,1,3,0,3,3,2,6,0,0,8,0,0,0,0,0,1,6,6,2,23,5,124,1,13,YAMAHA YBR,5,E01015317,0,1
2024440092091,2024,440092091,1,3,0,4,4,2,6,0,0,0,0,0,0,0,4,1,2,2,1,49,8,124,1,13,YAMAHA YBR,10,E01022714,0,1
2024361535494,2024,361535494,2,3,0,-1,19,2,5,-1,0,0,0,0,0,0,1,1,-1,9,2,22,5,124,1,9,YAMAHA YBR,1,E01026869,0,4
2024461441217,2024,461441217,1,3,0,-1,4,1,3,-1,0,0,0,0,0,0,0,1,-1,1,1,25,5,125,1,8,YAMAHA YBR,10,E01024426,0,1
2024451498845,2024,451498845,2,3,0,-1,13,1,5,-1,0,0,0,0,0,0,1,1,-1,6,1,28,6,124,1,12,YAMAHA YBR,10,E01035359,0,3
2024041418006,2024,041418006,2,3,0,-1,19,5,1,-1,0,3,0,0,0,0,3,1,-1,9,1,19,4,124,1,14,YAMAHA YBR,4,E01012604,0,1
2024520403018,2024,520403018,1,4,0,18,19,8,4,0,0,0,0,0,0,0,1,1,6,6,1,18,4,124,1,11,YAMAHA YBR,1,E01014638,0,4
2024430452887,2024,430452887,1,3,0,18,19,7,3,0,0,0,0,0,0,0,1,1,2,2,1,19,4,124,1,14,YAMAHA YBR,6,E01017839,0,1
2024010514887,2024,010514887,1,3,0,18,19,1,5,0,0,8,0,0,0,0,1,1,2,2,1,40,7,124,1,12,YAMAHA YBR,3,E01002550,0,1
2024010516808,2024,010516808,2,2,0,13,13,1,5,0,0,1,0,0,0,0,3,1,1,1,1,19,4,124,1,18,YAMAHA YBR,10,E01030323,0,2
2024302400518,2024,302400518,1,3,0,14,14,8,4,0,0,0,0,0,0,0,1,1,6,6,1,43,7,125,1,9,YAMAHA YBR,8,E01019630,0,1
2024010538157,2024,010538157,1,3,0,13,13,1,5,0,0,3,1,0,7,7,1,1,2,2,1,19,4,124,1,18,YAMAHA YBR,10,E01030323,0,2
2024451442434,2024,451442434,2,3,0,-1,19,3,7,-1,0,8,1,10,1,10,1,1,-1,9,1,55,8,124,1,13,YAMAHA YBR,6,E01030684,0,1
2024531495529,2024,531495529,2,3,0,-1,19,3,7,-1,0,0,0,0,0,0,0,1,-1,6,2,32,6,124,1,11,YAMAHA YBR,7,E01030621,0,5
2024461536796,2024,461536796,2,3,0,-1,4,1,5,-1,0,0,0,0,0,0,2,1,-1,9,1,59,9,124,1,12,YAMAHA YBR,2,E01024517,0,1
2024371501694,2024,371501694,1,3,0,-1,19,7,3,-1,0,1,1,0,0,0,4,1,-1,1,1,53,8,124,1,17,YAMAHA YBR,6,E01033043,0,1
2024061454052,2024,061454052,2,3,0,-1,19,1,5,-1,0,8,0,0,0,0,1,1,-1,2,2,32,6,124,1,11,YAMAHA YBR,1,E01006877,0,2
2024141456495,2024,141456495,1,3,0,-1,19,6,2,-1,0,0,5,0,0,0,1,1,-1,9,1,20,4,124,1,18,YAMAHA YBR,1,E01007369,0,2
2024501443456,2024,501443456,2,3,0,-1,19,1,5,-1,0,8,5,0,0,0,3,1,-1,6,1,45,7,124,1,11,YAMAHA YBR,1,E01020103,0,1
2024501530264,2024,501530264,1,3,0,-1,19,4,8,-1,0,0,1,0,0,0,0,1,-1,9,1,17,4,125,1,9,YAMAHA YBR,6,E01020187,0,3
2024141496581,2024,141496581,1,3,0,-1,19,6,2,-1,0,1,1,0,0,0,4,1,-1,2,1,23,5,125,1,9,YAMAHA YBR,9,E01008048,0,2
2024371440790,2024,371440790,1,3,0,-1,5,3,1,-1,0,1,0,0,0,0,3,1,-1,6,2,44,7,124,1,16,YAMAHA YBR,5,E01033446,0,2
2024071019765,2024,071019765,2,3,0,-1,19,5,1,-1,0,8,0,0,7,0,1,1,-1,2,1,18,4,124,1,14,YAMAHA YBR,4,E01018618,0,1
2024010497856,2024,010497856,1,3,0,99,99,9,9,99,99,9,9,99,9,99,9,1,2,2,1,47,8,125,1,9,YAMAHA YBR,2,E01004256,0,3
2024471398987,2024,471398987,1,3,0,-1,7,7,1,-1,0,1,1,0,0,0,3,1,-1,6,2,47,8,124,1,14,YAMAHA YBR,8,E01016956,0,2
2024101490201,2024,101490201,2,3,0,-1,19,6,8,-1,0,8,1,0,0,0,0,1,-1,9,1,18,4,125,1,10,YAMAHA YBR,-1,-1,0,-1
2024440444200,2024,440444200,1,3,0,7,7,3,5,0,0,8,0,0,0,0,4,1,6,6,1,28,6,124,1,11,YAMAHA YBR,2,E01022820,0,3
2024141496320,2024,141496320,1,3,0,-1,19,2,6,-1,0,1,0,0,0,0,1,1,-1,9,1,23,5,124,1,12,YAMAHA YBR,1,E01007738,0,3
2024161474093,2024,161474093,4,3,0,-1,19,4,8,-1,0,1,0,0,0,0,0,1,-1,6,1,36,7,124,1,14,YAMAHA YBR,1,E01013220,0,1
2024010513871,2024,010513871,2,4,0,18,19,3,7,0,0,0,0,8,0,0,3,1,2,2,1,38,7,124,1,11,YAMAHA YBR,5,E01003662,0,1
2024501441057,2024,501441057,1,3,0,-1,5,6,2,-1,0,8,5,0,0,0,1,1,-1,6,1,17,4,124,1,15,YAMAHA YBR,4,E01018919,0,4
2024221476521,2024,221476521,1,3,0,-1,13,8,4,-1,0,8,0,0,0,0,4,1,-1,6,1,24,5,124,1,14,YAMAHA YBR,5,E01028832,0,4
2024430558978,2024,430558978,1,9,0,18,19,6,2,0,0,0,0,0,0,0,1,1,6,6,1,42,7,2480,1,1,AUDI RSQ3,8,E01004506,0,4
2024451399238,2024,451399238,3,9,0,-1,19,1,1,-1,0,2,0,0,0,0,1,1,-1,6,1,27,6,2480,1,9,AUDI RSQ3,9,E01030731,0,1
2024201521576,2024,201521576,3,9,0,-1,1,5,1,-1,0,0,0,0,0,0,3,9,-1,9,3,-1,-1,2480,1,9,AUDI RSQ3,-1,-1,0,-1
2024161491581,2024,161491581,2,9,0,-1,12,1,5,-1,0,0,0,0,0,0,2,1,-1,6,1,31,6,2480,1,0,AUDI RSQ3,3,E01011546,0,4
2024010501497,2024,010501497,1,9,0,18,19,3,7,0,0,0,1,0,0,0,1,1,6,6,1,48,8,2480,1,2,AUDI RSQ3,6,E01004361,0,2
2024131475906,2024,131475906,1,9,0,-1,-1,-1,-1,-1,-1,8,-1,-1,-1,0,-1,1,-1,6,1,24,5,2480,1,3,AUDI RSQ3,1,E01010674,0,1
2024010536911,2024,010536911,1,9,0,17,19,7,3,0,0,1,0,0,0,0,1,1,6,6,1,22,5,2480,1,10,AUDI RSQ3,6,E01000623,0,1
2024010501523,2024,010501523,2,9,0,18,19,7,3,0,0,0,0,4,0,0,1,1,6,6,2,29,6,2480,1,2,AUDI RSQ3,2,E01000018,0,2
2024010502935,2024,010502935,3,9,0,18,19,4,8,0,0,1,0,0,0,0,3,1,6,6,2,27,6,2480,1,3,AUDI RSQ3,3,E01000499,0,1
2024101449349,2024,101449349,1,9,0,-1,7,7,1,-1,0,1,0,0,0,0,1,1,-1,6,1,55,8,2480,1,8,AUDI RSQ3,10,E01027494,0,4
2024010542152,2024,010542152,1,9,0,2,2,0,0,0,0,0,0,8,0,0,4,1,6,6,3,-1,-1,2480,1,1,AUDI RSQ3,-1,-1,0,-1
2024421420973,2024,421420973,1,9,0,-1,19,7,3,-1,0,0,2,4,0,0,1,1,-1,6,1,59,9,2480,1,1,AUDI RSQ3,10,E01015910,0,3
2024010526244,2024,010526244,2,9,0,2,2,0,0,9,9,0,0,0,0,0,2,1,6,6,3,-1,-1,2480,1,1,AUDI RSQ3,-1,-1,0,-1
2024061408753,2024,061408753,1,9,0,-1,19,1,5,-1,0,1,0,0,0,0,1,1,-1,6,1,-1,-1,2480,1,3,AUDI RSQ3,-1,-1,0,-1
2024061523356,2024,061523356,2,9,0,-1,12,-1,-1,-1,0,4,0,99,0,0,1,1,-1,6,3,-1,-1,2480,1,4,AUDI RSQ3,-1,-1,0,-1
2024991411641,2024,991411641,1,9,0,-1,5,8,6,-1,0,6,0,0,0,0,3,1,-1,9,1,63,9,2480,1,1,AUDI RSQ3,10,-1,0,2
2024332400062,2024,332400062,1,9,0,-1,19,1,5,-1,0,1,0,0,0,0,1,1,-1,9,1,68,10,2765,2,29,MAKE AND MODEL REDACTED,3,E01013690,0,1
2024221480775,2024,221480775,2,9,0,-1,9,6,4,-1,0,5,0,0,0,0,3,1,-1,1,1,19,4,2765,2,25,MAKE AND MODEL REDACTED,5,E01014099,0,1
2024031455418,2024,031455418,3,9,0,-1,2,0,0,-1,0,0,0,0,0,0,2,1,-1,6,-1,-1,-1,2765,2,26,MAKE AND MODEL REDACTED,-1,-1,0,-1
2024461428984,2024,461428984,1,5,0,-1,15,6,1,-1,0,2,1,0,0,0,1,1,-1,9,1,35,6,849,1,14,MAKE AND MODEL REDACTED,4,E01035319,0,4
2024041442302,2024,041442302,1,5,0,-1,19,5,1,-1,0,0,0,12,0,0,1,1,-1,6,1,55,8,849,1,16,MAKE AND MODEL REDACTED,7,E01025559,0,1
2024041450040,2024,041450040,2,5,0,-1,4,7,3,-1,0,1,1,0,0,0,1,1,-1,2,1,48,8,849,1,14,MAKE AND MODEL REDACTED,3,E01012726,0,1
2024122400464,2024,122400464,2,19,0,9,9,4,2,0,0,5,0,0,0,0,2,1,1,1,1,57,9,2287,2,11,FIAT DUCATO,3,E01002045,0,5
2024010523487,2024,010523487,1,19,0,99,99,9,9,99,99,9,9,99,9,99,9,9,6,6,3,-1,-1,2287,2,5,FIAT DUCATO,2,E01001056,0,3
2024461421346,2024,461421346,2,19,0,-1,3,7,3,-1,0,0,0,0,0,0,2,1,-1,1,1,58,9,2287,2,5,FIAT DUCATO,3,E01024493,0,4
2024471525458,2024,471525458,2,90,0,-1,9,7,5,-1,0,0,0,0,0,0,1,1,-1,6,1,57,9,2287,2,3,FIAT DUCATO,5,E01021113,0,3
2024010532160,2024,010532160,2,11,0,2,2,0,0,0,0,1,0,0,0,0,2,1,6,6,3,-1,-1,2200,2,1,FIAT DUCATO,-1,-1,0,-1
2024991477886,2024,991477886,2,90,0,-1,19,8,4,-1,0,0,0,0,0,0,1,1,-1,9,1,62,9,2287,2,10,FIAT DUCATO,3,E01020591,0,5
2024552401070,2024,552401070,1,19,0,18,19,4,8,0,0,0,0,0,0,0,1,1,6,6,1,51,8,2287,2,12,FIAT DUCATO,10,E01015455,0,4
2024411496971,2024,411496971,1,19,-1,-1,3,5,1,-1,0,0,0,0,0,0,-1,9,-1,1,1,51,8,2287,2,4,FIAT DUCATO,7,E01023328,0,3
2024471468429,2024,471468429,1,10,0,-1,19,8,4,-1,0,0,0,0,0,0,4,1,-1,1,1,71,10,2287,2,10,FIAT DUCATO,3,E01033328,0,1
2024010514155,2024,010514155,1,19,0,99,99,9,9,99,99,0,9,99,9,99,2,9,1,1,1,26,6,-1,-1,-1,FIAT DUCATO,2,E01001820,0,2
2024201413535,2024,201413535,1,19,0,-1,5,7,3,-1,0,1,0,0,0,0,2,9,-1,1,2,49,8,2287,2,13,FIAT DUCATO,2,E01010268,0,2
2024131452591,2024,131452591,2,19,0,-1,19,5,1,-1,0,1,0,0,0,0,0,1,-1,9,1,36,7,-1,-1,-1,FIAT DUCATO,2,E01015938,0,5
2024131470834,2024,131470834,1,19,0,-1,19,7,3,-1,0,0,0,0,0,0,1,1,-1,9,1,69,10,2287,2,14,FIAT DUCATO,3,E01011915,0,1
2024311509570,2024,311509570,1,19,0,-1,4,7,3,-1,0,2,0,0,0,0,1,9,-1,6,1,43,7,2198,2,17,FIAT DUCATO,2,E01013847,0,1
2024461478050,2024,461478050,1,90,0,-1,13,5,1,-1,0,0,5,0,0,0,4,1,-1,9,2,69,10,2287,2,3,FIAT DUCATO,7,E01024602,0,3
2024131397304,2024,131397304,1,90,0,-1,19,5,1,-1,0,8,1,0,0,0,1,1,-1,1,2,31,6,2287,2,5,FIAT DUCATO,6,E01011402,0,3
2024201527233,2024,201527233,1,90,0,-1,19,5,1,-1,0,8,0,0,0,0,3,1,-1,8,1,33,6,2287,2,3,FIAT DUCATO,4,E01029867,0,3
2024221410931,2024,221410931,2,90,0,-1,13,4,8,-1,0,8,0,0,7,9,1,1,-1,1,1,29,6,2287,2,6,FIAT DUCATO,7,E01035028,0,4
2024041492712,2024,041492712,1,90,0,-1,19,6,2,-1,0,1,0,0,0,0,3,1,-1,1,2,33,6,2287,2,6,FIAT DUCATO,9,E01024997,0,2
2024451408805,2024,451408805,2,19,0,-1,19,1,5,-1,0,0,0,0,0,0,1,1,-1,6,1,30,6,1956,2,7,FIAT DUCATO,-1,-1,0,-1
2024471496250,2024,471496250,1,19,0,-1,19,6,2,-1,0,0,0,0,1,0,1,1,-1,1,1,24,5,2200,2,1,FIAT DUCATO,3,E01017195,0,4
2024351413257,2024,351413257,1,90,0,-1,19,4,8,-1,0,0,0,0,0,0,1,1,-1,1,2,38,7,2287,2,5,FIAT DUCATO,3,E01018081,0,4
2024061518741,2024,061518741,1,19,5,-1,19,5,1,-1,0,0,0,0,0,0,1,1,-1,2,1,62,9,2287,2,8,FIAT DUCATO,6,E01005365,0,2
2024401476491,2024,401476491,1,90,0,-1,19,1,5,-1,0,8,0,0,0,0,1,1,-1,1,1,29,6,2287,2,3,FIAT DUCATO,6,E01020437,0,5
2024141426009,2024,141426009,1,90,0,-1,7,6,1,-1,0,0,0,0,0,0,2,9,-1,6,1,50,8,2999,2,8,FIAT DUCATO,1,E01008013,0,1
2024371436272,2024,371436272,2,19,0,-1,19,1,5,-1,0,1,0,0,0,0,1,1,-1,8,1,35,6,-1,-1,-1,FIAT DUCATO,5,E01018016,0,4
2024141459492,2024,141459492,1,90,0,-1,19,4,8,-1,0,2,0,0,0,0,3,1,-1,1,1,50,8,2287,2,5,FIAT DUCATO,-1,-1,0,-1
2024471466295,2024,471466295,1,90,0,-1,13,2,6,-1,0,0,0,0,7,4,1,1,-1,1,1,27,6,2287,2,5,FIAT DUCATO,10,E01028695,0,4
2024421440833,2024,421440833,2,19,0,-1,9,6,4,-1,0,8,0,0,0,0,3,1,-1,1,1,42,7,1956,2,7,FIAT DUCATO,9,E01033142,0,4
2024421419086,2024,421419086,1,19,0,-1,9,1,7,-1,0,1,0,0,0,0,3,9,-1,1,1,23,5,2287,2,6,FIAT DUCATO,10,E01021896,0,4
2024361467548,2024,361467548,2,90,0,-1,19,3,7,-1,0,0,0,0,0,0,1,1,-1,1,1,27,6,2287,2,5,FIAT DUCATO,8,E01035153,0,4
2024061483929,2024,061483929,2,90,0,-1,19,5,1,-1,0,2,0,0,0,0,1,1,-1,1,1,22,5,2184,2,2,FIAT DUCATO,5,E01005876,0,3