collision_index,collision_year,collision_ref_no,vehicle_reference,vehicle_type,towing_and_articulation,vehicle_manoeuvre_historic,vehicle_manoeuvre,vehicle_direction_from,vehicle_direction_to,vehicle_location_restricted_lane_historic,vehicle_location_restricted_lane,junction_location,skidding_and_overturning,hit_object_in_carriageway,vehicle_leaving_carriageway,hit_object_off_carriageway,first_point_of_impact,vehicle_left_hand_drive,journey_purpose_of_driver_historic,journey_purpose_of_driver,sex_of_driver,age_of_driver,age_band_of_driver,engine_capacity_cc,propulsion_code,age_of_vehicle,generic_make_model,driver_imd_decile,lsoa_of_driver,escooter_flag,driver_distance_banding
2024221465138,2024,221465138,2,90,0,-1,19,2,7,-1,0,0,0,0,0,0,1,1,-1,6,3,65,9,2500,2,26,FIAT DUCATO,-1,-1,0,-1
2024451419467,2024,451419467,1,90,0,-1,19,6,2,-1,0,0,0,0,1,4,3,2,-1,9,1,48,8,1997,2,18,FIAT DUCATO,7,E01030864,0,2
2024991442492,2024,991442492,1,19,0,-1,6,2,6,-1,0,0,0,0,0,0,3,1,-1,1,1,35,6,2200,2,2,FIAT DUCATO,6,-1,0,2
2024351420649,2024,351420649,2,90,-1,-1,-1,-1,-1,-1,-1,-1,-1,-1,-1,0,-1,9,-1,1,2,29,6,2287,2,4,FIAT DUCATO,5,E01021843,0,4
2024361521444,2024,361521444,1,19,0,-1,19,1,5,-1,0,0,0,0,0,0,-1,1,-1,6,1,-1,-1,2287,2,9,FIAT DUCATO,6,E01029930,0,2
2024361474283,2024,361474283,2,90,0,-1,4,5,1,-1,0,0,0,0,0,0,2,1,-1,1,2,31,6,2287,2,3,FIAT DUCATO,7,E01026536,0,4
2024361491736,2024,361491736,2,19,0,-1,3,1,5,-1,0,2,0,0,0,0,2,1,-1,1,1,50,8,2287,2,7,FIAT DUCATO,10,E01035149,0,4
2024361495259,2024,361495259,3,90,0,-1,13,6,2,-1,0,0,0,0,0,0,0,1,-1,1,1,54,8,2287,2,3,FIAT DUCATO,-1,-1,0,-1
2024361418841,2024,361418841,1,90,0,-1,19,8,4,-1,0,1,0,0,0,0,4,9,-1,8,2,33,6,2287,2,4,FIAT DUCATO,3,E01026426,0,3
2024622400451,2024,622400451,1,19,0,18,19,8,4,0,0,0,0,0,0,0,1,1,2,2,1,28,6,-1,-1,-1,FIAT DUCATO,3,W01000681,0,3
2024061502378,2024,061502378,2,90,0,-1,19,2,6,-1,0,8,0,0,0,0,1,1,-1,8,1,21,5,2184,2,1,FIAT DUCATO,9,E01004806,0,3
2024421452623,2024,421452623,3,90,0,-1,19,8,3,-1,0,4,0,0,0,0,0,1,-1,1,1,46,8,2287,2,3,FIAT DUCATO,5,E01021954,0,1
2024430295068,2024,430295068,2,90,0,18,19,1,5,0,0,8,0,0,0,0,1,1,1,1,1,50,8,2287,2,4,FIAT DUCATO,8,E01028463,0,3
2024131503631,2024,131503631,3,19,0,-1,19,1,1,-1,0,0,0,0,0,0,1,1,-1,1,1,45,7,2287,2,3,FIAT DUCATO,1,E01011540,0,1
2024031397213,2024,031397213,2,90,0,-1,19,2,2,-1,0,0,0,0,0,0,1,1,-1,1,2,25,5,2287,2,5,FIAT DUCATO,9,E01019334,0,4
2024141399445,2024,141399445,1,19,0,-1,7,5,3,-1,0,0,0,0,0,0,1,9,-1,6,3,67,10,2287,2,13,FIAT DUCATO,-1,-1,0,-1
2024052400770,2024,052400770,3,19,0,13,13,5,1,0,0,0,0,0,0,0,4,1,6,6,1,41,7,2287,2,7,FIAT DUCATO,6,E01018356,0,4
2024161435914,2024,161435914,1,90,0,-1,9,7,5,-1,0,6,0,0,0,0,4,1,-1,6,2,21,5,2287,2,5,FIAT DUCATO,8,E01013011,0,1
2024531474585,2024,531474585,1,90,0,-1,19,7,3,-1,0,0,0,0,0,0,1,1,-1,6,1,81,11,2287,2,6,FIAT DUCATO,6,E01022263,0,4
2024371470068,2024,371470068,2,90,0,-1,-1,-1,-1,-1,-1,0,-1,-1,-1,0,-1,9,-1,1,1,22,5,2287,2,5,FIAT DUCATO,-1,-1,0,-1
2024141435646,2024,141435646,1,19,0,-1,19,1,6,-1,0,0,0,0,0,0,1,1,-1,1,1,51,8,2287,2,9,FIAT DUCATO,1,E01007542,0,3
2024131449231,2024,131449231,1,90,0,-1,5,5,1,-1,0,1,0,0,0,0,4,1,-1,1,2,62,9,2999,2,8,FIAT DUCATO,6,E01011551,0,2
2024421445962,2024,421445962,2,19,0,-1,3,7,3,-1,0,0,0,0,0,0,3,1,-1,6,1,30,6,2287,2,8,FIAT DUCATO,7,E01021718,0,3
2024361510415,2024,361510415,2,19,0,-1,19,5,1,-1,0,0,0,0,0,0,3,1,-1,8,1,55,8,-1,-1,-1,FIAT DUCATO,8,E01026653,0,1
2024311450540,2024,311450540,1,90,0,-1,19,3,7,-1,0,8,0,0,0,0,1,1,-1,8,1,31,6,2287,2,4,FIAT DUCATO,-1,-1,0,-1
2024991486413,2024,991486413,1,19,0,-1,19,3,7,-1,0,8,0,0,0,0,1,1,-1,1,1,25,5,2287,2,3,FIAT DUCATO,4,-1,0,4
2024010543178,2024,010543178,2,19,0,99,99,9,9,99,99,9,9,99,9,99,1,9,6,6,3,-1,-1,2287,2,3,FIAT DUCATO,5,E01024225,0,5
2024122500162,2024,122500162,1,19,0,18,19,4,8,0,0,0,0,0,0,0,4,1,1,1,1,52,8,2287,2,3,FIAT DUCATO,3,E01008833,0,5
2024131413003,2024,131413003,1,90,0,-1,19,7,3,-1,0,8,0,0,0,0,1,1,-1,1,1,24,5,2999,2,7,FIAT DUCATO,1,E01010731,0,1
2024461511424,2024,461511424,1,19,0,-1,19,5,1,-1,0,0,0,0,0,0,1,1,-1,1,1,54,8,2287,2,4,FIAT DUCATO,2,E01024246,0,4
2024332400852,2024,332400852,1,90,0,-1,19,1,5,-1,0,8,0,0,0,0,1,1,-1,1,2,25,5,2200,2,2,FIAT DUCATO,6,E01025821,0,3
2024320316484,2024,320316484,2,19,0,-1,-1,2,8,0,0,0,5,0,1,9,1,1,1,1,2,37,7,2287,2,8,FIAT DUCATO,9,E01026225,0,4
2024211461457,2024,211461457,2,19,0,-1,5,3,7,-1,0,0,0,0,1,0,2,1,-1,2,1,51,8,2287,2,5,FIAT DUCATO,-1,-1,0,-1
2024421411151,2024,421411151,1,19,0,-1,19,5,1,-1,0,0,0,0,0,0,3,1,-1,1,1,49,8,-1,-1,-1,FIAT DUCATO,9,E01001098,0,4
2024430394928,2024,430394928,1,19,0,18,19,2,6,0,0,8,0,0,0,0,1,1,1,1,2,30,6,-1,-1,-1,FIAT DUCATO,3,E01035242,0,3
2024010517346,2024,010517346,1,19,0,7,7,5,7,0,0,1,0,0,0,0,4,1,1,1,1,38,7,2287,2,2,FIAT DUCATO,5,E01017440,0,4
2024311441478,2024,311441478,2,19,0,-1,1,8,2,-1,-1,6,0,0,0,0,2,1,-1,6,1,48,8,2287,2,5,FIAT DUCATO,2,E01028186,0,1
2024201417362,2024,201417362,1,19,0,-1,9,8,6,-1,0,5,0,0,0,0,4,9,-1,2,1,28,6,1997,2,18,FIAT DUCATO,1,E01009360,0,2
2024361396226,2024,361396226,1,19,0,-1,19,6,2,-1,0,0,1,0,0,0,1,9,-1,2,1,41,7,2200,2,1,FIAT DUCATO,7,E01026490,0,4
2024211453036,2024,211453036,2,90,0,-1,10,8,6,-1,0,1,2,0,7,0,2,2,-1,1,2,39,7,2287,2,3,FIAT DUCATO,-1,-1,0,-1
2024440126579,2024,440126579,1,19,0,12,12,6,2,0,0,7,0,0,0,0,1,1,1,1,1,57,9,2287,2,3,FIAT DUCATO,-1,-1,0,-1
2024351457532,2024,351457532,1,90,0,-1,19,6,2,-1,0,1,0,0,0,0,1,1,-1,1,2,22,5,2287,2,4,FIAT DUCATO,7,E01018065,0,4
2024471491455,2024,471491455,1,90,0,-1,1,4,8,-1,0,0,0,0,0,0,2,1,-1,1,2,34,6,2287,2,3,FIAT DUCATO,5,E01031832,0,3
2024351432197,2024,351432197,2,90,0,-1,4,7,3,-1,0,1,0,0,0,0,0,1,-1,1,2,57,9,2287,2,4,FIAT DUCATO,-1,-1,0,-1
2024320741776,2024,320741776,2,19,0,2,2,0,0,0,0,0,0,0,0,0,2,2,6,6,1,63,9,2287,2,15,FIAT DUCATO,8,E01026200,0,2
2024332400765,2024,332400765,3,19,0,-1,19,5,1,-1,0,1,0,0,0,0,1,1,-1,1,1,30,6,2287,2,3,FIAT DUCATO,7,E01026208,0,4
2024061427861,2024,061427861,1,19,0,-1,19,7,4,-1,0,0,0,0,0,0,1,1,-1,1,1,68,10,2200,2,2,FIAT DUCATO,8,E01005571,0,3
2024430410835,2024,430410835,1,19,0,18,19,5,1,0,0,0,0,0,0,0,4,1,2,2,1,41,7,2198,2,17,FIAT DUCATO,1,W01001364,0,5
2024991458899,2024,991458899,3,90,0,-1,2,0,0,-1,0,1,0,0,0,0,2,1,-1,6,-1,-1,-1,2286,2,21,FIAT DUCATO,-1,-1,0,-1
2024161434796,2024,161434796,1,19,0,-1,19,4,8,-1,0,0,0,0,0,0,-1,1,-1,2,1,53,8,2287,2,3,FIAT DUCATO,9,E01029714,0,5
2024340NN3692,2024,340NN3692,2,19,0,-1,15,6,2,-1,0,0,0,0,0,0,0,1,-1,8,2,41,7,-1,-1,-1,FIAT DUCATO,9,E01027345,0,4
2024461413779,2024,461413779,1,10,0,-1,5,6,2,-1,0,0,0,0,0,0,0,1,-1,1,1,28,6,2287,2,9,FIAT DUCATO,6,E01024518,0,4
2024131426814,2024,131426814,2,19,0,-1,2,0,0,-1,0,0,0,0,0,0,3,1,-1,6,-1,-1,-1,2198,2,12,FIAT DUCATO,-1,-1,0,-1
2024302400329,2024,302400329,2,19,0,3,3,1,5,0,0,8,0,0,0,0,2,1,6,6,1,64,9,1997,2,19,FIAT DUCATO,4,E01019499,0,1
2024201399340,2024,201399340,3,19,0,-1,4,8,4,-1,0,0,0,0,0,0,3,1,-1,6,1,51,8,2200,2,1,FIAT DUCATO,3,E01010085,0,4
2024501436604,2024,501436604,1,19,0,-1,19,7,3,-1,0,0,0,0,1,11,1,1,-1,9,1,59,9,-1,-1,-1,FIAT DUCATO,6,E01017508,0,5
2024991400288,2024,991400288,2,19,0,-1,2,0,0,-1,0,8,0,0,0,0,2,1,-1,1,1,38,7,2287,2,4,FIAT DUCATO,4,-1,0,4
2024371490005,2024,371490005,2,19,0,-1,19,5,1,-1,0,0,0,0,0,0,1,1,-1,1,1,45,7,2287,2,9,FIAT DUCATO,8,E01029909,0,1
2024501452445,2024,501452445,2,90,0,-1,19,3,7,-1,0,0,0,0,0,0,1,9,-1,8,2,24,5,2287,2,7,FIAT DUCATO,4,E01018877,0,2
2024302401148,2024,302401148,2,19,0,7,7,5,8,0,0,8,0,0,0,0,3,2,6,6,1,23,5,2287,2,12,FIAT DUCATO,6,E01025657,0,4
2024421489569,2024,421489569,1,19,0,-1,14,1,5,-1,0,0,0,0,0,0,3,1,-1,1,2,-1,-1,-1,-1,-1,FIAT DUCATO,-1,-1,0,-1
2024520401157,2024,520401157,1,90,0,18,19,2,6,0,0,8,0,0,0,0,3,1,6,6,1,47,8,2287,2,3,FIAT DUCATO,6,E01029285,0,3
2024440101722,2024,440101722,2,90,0,9,9,6,4,0,0,8,5,0,0,0,3,1,1,1,2,30,6,2287,2,3,FIAT DUCATO,9,E01032849,0,2
2024351453907,2024,351453907,1,19,0,-1,9,3,1,-1,0,1,0,0,0,0,1,1,-1,1,1,26,6,2287,2,8,FIAT DUCATO,3,E01026982,0,4
2024311521244,2024,311521244,3,19,0,-1,19,1,5,-1,0,0,1,1,0,0,1,1,-1,1,1,59,9,2287,2,12,FIAT DUCATO,6,E01032902,0,4
2024131410245,2024,131410245,2,19,0,-1,2,5,1,-1,0,8,0,0,0,0,2,2,-1,1,1,47,8,2287,2,8,FIAT DUCATO,2,E01011043,0,2
2024361502739,2024,361502739,1,90,0,-1,19,8,4,-1,2,0,0,0,0,0,4,1,-1,1,1,42,7,2287,2,3,FIAT DUCATO,9,E01026550,0,1
2024221516190,2024,221516190,1,90,0,-1,7,7,1,-1,0,6,0,0,0,0,1,9,-1,6,1,50,8,1997,2,19,FIAT DUCATO,6,E01014089,0,1
2024430561962,2024,430561962,1,19,0,18,19,1,5,0,0,0,0,0,0,0,1,1,1,1,1,66,10,2287,2,8,FIAT DUCATO,2,E01017239,0,4
2024320323210,2024,320323210,2,19,0,13,13,2,7,0,0,0,0,0,0,0,3,-1,-1,-1,2,46,8,-1,-1,-1,FIAT DUCATO,-1,-1,0,-1
2024332400330,2024,332400330,2,90,0,-1,19,3,7,-1,0,6,0,0,0,0,3,1,-1,8,2,21,5,2200,2,2,FIAT DUCATO,10,E01029678,0,4
2024141426266,2024,141426266,1,90,0,-1,19,1,5,-1,0,8,0,0,0,0,3,1,-1,1,1,22,5,2999,2,7,FIAT DUCATO,10,E01011190,0,3
2024471514073,2024,471514073,2,90,0,-1,15,4,8,-1,0,0,0,0,0,0,4,1,-1,1,2,26,6,2287,2,4,FIAT DUCATO,9,E01021124,0,4
2024201443321,2024,201443321,1,90,0,-1,19,8,4,-1,0,0,0,0,0,0,4,1,-1,8,1,40,7,2287,2,3,FIAT DUCATO,8,E01009908,0,2
2024061518054,2024,061518054,1,19,0,-1,19,5,1,-1,9,0,0,0,1,11,1,1,-1,1,1,64,9,2287,2,11,FIAT DUCATO,4,E01006049,0,4
2024201480585,2024,201480585,3,19,0,-1,2,5,4,-1,0,2,0,4,0,0,1,1,-1,6,-1,-1,-1,2287,2,3,FIAT DUCATO,-1,-1,0,-1
2024361479373,2024,361479373,1,90,0,-1,19,7,3,-1,0,8,0,0,0,0,1,1,-1,8,1,61,9,2287,2,3,FIAT DUCATO,5,E01026728,0,3
2024461440377,2024,461440377,1,10,0,-1,19,5,1,-1,0,0,0,0,0,0,1,1,-1,1,1,67,10,2287,2,10,FIAT DUCATO,5,E01024357,0,1
2024141495563,2024,141495563,1,19,0,-1,19,1,5,-1,0,0,0,0,0,0,1,1,-1,1,1,61,9,2287,2,5,FIAT DUCATO,8,E01007485,0,2
2024361511472,2024,361511472,2,90,0,-1,2,0,0,-1,0,8,0,0,0,0,1,1,-1,1,2,25,5,2287,2,5,FIAT DUCATO,9,E01026875,0,3
2024471403080,2024,471403080,1,90,0,-1,14,1,5,-1,0,8,0,0,0,0,1,1,-1,1,2,25,5,2287,2,3,FIAT DUCATO,8,E01030825,0,4
2024122400809,2024,122400809,1,19,0,13,13,5,1,0,0,0,0,0,0,0,3,1,1,1,1,47,8,-1,-1,-1,FIAT DUCATO,9,E01013344,0,1
2024201523579,2024,201523579,1,19,0,-1,19,3,7,-1,0,0,0,0,0,0,1,1,-1,6,1,34,6,2287,2,4,FIAT DUCATO,1,E01009359,0,2
2024461410695,2024,461410695,3,90,0,-1,19,7,3,-1,0,0,0,0,0,0,1,1,-1,1,2,22,5,2287,2,3,FIAT DUCATO,4,E01024087,0,2
2024991444344,2024,991444344,2,90,0,-1,19,2,6,-1,0,0,0,0,0,0,3,1,-1,9,1,66,10,2287,2,5,FIAT DUCATO,9,-1,0,2
2024131431399,2024,131431399,2,90,0,-1,19,3,7,-1,0,0,0,0,0,0,3,2,-1,1,2,44,7,2287,2,5,FIAT DUCATO,7,E01013419,0,4
2024411516694,2024,411516694,1,20,0,-1,5,2,6,-1,0,0,0,0,0,0,1,1,-1,1,1,34,6,2287,2,3,FIAT DUCATO,7,E01023932,0,1
2024010509440,2024,010509440,3,20,0,18,19,6,2,0,0,1,0,0,0,0,2,1,1,1,1,36,7,2287,2,6,FIAT DUCATO,5,E01002236,0,1
2024440381573,2024,440381573,2,90,0,11,11,2,6,0,0,3,0,0,0,0,4,1,6,6,3,-1,-1,2999,2,14,FIAT DUCATO,-1,-1,0,-1
2024010530442,2024,010530442,2,19,0,7,7,4,5,0,0,1,0,0,0,0,0,1,6,6,3,-1,-1,2287,2,4,FIAT DUCATO,-1,-1,0,-1
2024631483587,2024,631483587,2,19,0,-1,2,0,0,-1,0,0,0,0,0,0,1,1,-1,6,-1,-1,-1,2200,2,1,FIAT DUCATO,-1,-1,0,-1
2024430123000,2024,430123000,1,90,0,18,19,7,3,0,0,8,1,0,0,0,1,1,1,1,1,24,5,2287,2,4,FIAT DUCATO,5,E01035736,0,4
2024451425885,2024,451425885,3,19,0,-1,12,5,5,-1,0,0,0,0,0,0,0,1,-1,6,-1,-1,-1,2200,2,2,FIAT DUCATO,-1,-1,0,-1
2024430596536,2024,430596536,2,19,0,14,14,8,4,0,0,8,0,0,0,0,4,1,1,1,1,28,6,-1,-1,-1,FIAT DUCATO,10,E01028764,0,4
2024411442245,2024,411442245,2,90,0,-1,5,3,6,-1,0,8,0,0,0,0,1,1,-1,1,2,29,6,2287,2,5,FIAT DUCATO,7,E01023435,0,3
2024131526761,2024,131526761,1,10,0,-1,19,2,4,-1,0,8,0,0,0,0,1,1,-1,9,1,58,9,-1,-1,-1,FIAT DUCATO,1,E01011695,0,1
2024471402964,2024,471402964,2,20,0,-1,2,0,0,-1,0,0,0,0,0,0,2,1,-1,6,-1,-1,-1,2287,2,6,FIAT DUCATO,-1,-1,0,-1
2024161460559,2024,161460559,1,19,0,-1,13,7,3,-1,0,1,0,0,0,0,4,1,-1,1,2,35,6,-1,-1,-1,FIAT DUCATO,6,E01013105,0,2
2024461430498,2024,461430498,1,90,0,-1,9,5,3,-1,0,1,0,0,0,0,3,9,-1,6,1,84,11,2287,2,16,FIAT DUCATO,5,E01024728,0,1
2024332400152,2024,332400152,1,19,0,-1,6,5,5,-1,0,8,0,0,0,0,4,1,-1,2,1,48,8,2287,2,3,FIAT DUCATO,7,E01025977,0,2
2024451497208,2024,451497208,5,90,0,-1,2,0,0,-1,0,0,0,0,0,0,2,1,-1,6,-1,-1,-1,2286,2,19,FIAT DUCATO,-1,-1,0,-1
2024131451248,2024,131451248,1,90,0,-1,9,1,2,-1,0,1,0,0,0,0,3,1,-1,1,1,51,8,2287,2,5,FIAT DUCATO,9,E01011874,0,1
2024211480012,2024,211480012,3,19,0,-1,3,4,8,-1,0,0,0,0,0,0,2,1,-1,1,1,-1,-1,2800,2,18,FIAT DUCATO,1,E01013637,0,4
2024440338418,2024,440338418,2,90,0,13,13,6,2,0,0,0,0,0,7,4,4,1,1,1,1,49,8,2287,2,7,FIAT DUCATO,3,E01017225,0,3
2024201496130,2024,201496130,1,90,0,-1,19,7,3,-1,0,8,0,0,0,0,1,1,-1,8,2,-1,-1,2287,2,3,FIAT DUCATO,-1,-1,0,-1
2024991398266,2024,991398266,1,19,0,-1,7,5,1,-1,9,0,0,0,0,0,4,1,-1,9,1,65,9,-1,-1,-1,FIAT DUCATO,9,-1,0,1
2024501420509,2024,501420509,2,90,0,-1,19,2,5,-1,0,1,0,0,0,0,1,1,-1,1,1,39,7,2200,2,1,FIAT DUCATO,6,E01020160,0,3
202460Q089516,2024,60Q089516,1,20,0,1,1,5,1,0,0,0,0,0,0,0,2,1,6,6,1,59,9,2287,2,4,FIAT DUCATO,-1,-1,0,-1
2024351440351,2024,351440351,1,19,0,-1,-1,-1,-1,-1,-1,0,-1,-1,-1,0,-1,9,-1,6,1,58,9,2287,2,9,FIAT DUCATO,5,E01026283,0,4
2024201508841,2024,201508841,1,90,0,-1,19,5,1,-1,0,8,0,0,0,0,4,1,-1,8,1,24,5,2287,2,3,FIAT DUCATO,-1,-1,0,-1
2024221469356,2024,221469356,2,19,0,-1,19,1,5,-1,0,1,0,0,0,0,1,2,-1,1,1,68,10,2287,2,4,FIAT DUCATO,5,E01010118,0,4
2024361435678,2024,361435678,2,90,0,-1,4,7,3,-1,0,1,0,0,0,0,2,1,-1,1,2,30,6,2287,2,5,FIAT DUCATO,9,E01026550,0,3
2024531504640,2024,531504640,2,90,0,-1,9,3,7,-1,0,8,0,0,0,0,4,1,-1,9,2,45,7,2287,2,15,FIAT DUCATO,6,E01024861,0,5
202460Q066327,2024,60Q066327,2,10,0,18,19,5,1,0,0,1,1,0,6,0,1,1,6,6,1,40,7,-1,-1,-1,FIAT DUCATO,-1,-1,0,-1
2024471530595,2024,471530595,2,19,0,-1,19,1,5,-1,0,0,0,0,0,0,1,1,-1,6,1,41,7,2287,2,7,FIAT DUCATO,8,E01021174,0,2
2024061406798,2024,061406798,1,19,-1,-1,5,-1,-1,-1,0,0,0,0,0,0,1,9,-1,6,3,-1,-1,2287,2,12,FIAT DUCATO,-1,-1,0,-1
2024361436470,2024,361436470,2,19,0,-1,19,1,5,-1,0,1,0,0,0,0,4,1,-1,1,1,34,6,-1,-1,-1,FIAT DUCATO,6,E01026549,0,2
2024340WN9122,2024,340WN9122,2,90,0,-1,10,5,3,-1,0,8,0,0,0,0,4,1,-1,1,2,37,7,2200,2,2,FIAT DUCATO,9,E01027294,0,2
2024010502251,2024,010502251,2,19,0,3,3,5,1,0,0,8,0,0,0,0,2,1,6,6,1,30,6,1995,2,1,FORD TRANSIT CUSTOM,-1,-1,0,-1
2024010526805,2024,010526805,2,19,0,18,19,8,4,0,0,0,0,4,0,0,1,1,1,1,1,67,10,1995,2,3,FORD TRANSIT CUSTOM,6,E01001419,0,1
2024501462165,2024,501462165,4,19,0,-1,19,3,7,-1,0,0,0,0,0,0,1,1,-1,1,1,36,7,1995,2,7,FORD TRANSIT CUSTOM,2,E01029311,0,4
2024122401101,2024,122401101,1,19,0,16,19,3,7,0,0,1,1,11,1,3,1,1,1,1,1,42,7,2198,2,10,FORD TRANSIT CUSTOM,5,E01027796,0,1
202417L405824,2024,17L405824,1,19,0,-1,3,4,8,-1,0,0,0,0,0,0,2,1,-1,1,1,60,9,1995,2,5,FORD TRANSIT CUSTOM,4,E01012118,0,2
2024221507611,2024,221507611,2,19,0,-1,4,5,1,-1,0,1,0,0,0,0,1,1,-1,6,1,41,7,1995,2,1,FORD TRANSIT CUSTOM,4,E01014154,0,4
2024501409971,2024,501409971,2,19,0,-1,19,4,8,-1,0,0,1,0,4,6,2,1,-1,1,1,58,9,1995,2,2,FORD TRANSIT CUSTOM,6,E01015139,0,4
2024010535134,2024,010535134,2,19,0,18,19,4,8,0,0,1,0,0,0,0,3,1,2,2,1,41,7,1995,2,1,FORD TRANSIT CUSTOM,3,E01001629,0,2
2024311474772,2024,311474772,1,19,0,-1,19,5,1,-1,0,0,2,11,4,4,1,1,-1,2,1,26,6,1995,2,7,FORD TRANSIT CUSTOM,3,E01028339,0,3
2024361483145,2024,361483145,1,19,0,-1,4,7,3,-1,0,0,0,0,0,0,1,1,-1,1,1,29,6,2198,2,11,FORD TRANSIT CUSTOM,1,E01026690,0,3
2024010546519,2024,010546519,1,19,0,16,19,3,7,0,0,8,0,0,0,0,1,1,6,6,1,61,9,1995,2,6,FORD TRANSIT CUSTOM,4,E01004280,0,2
2024411445093,2024,411445093,2,19,0,-1,19,7,3,-1,0,0,0,0,0,0,4,1,-1,1,2,37,7,1995,2,3,FORD TRANSIT CUSTOM,10,E01023381,0,3
2024991528044,2024,991528044,1,19,0,-1,19,7,3,-1,0,1,0,0,0,0,1,1,-1,1,1,38,7,1996,2,0,FORD TRANSIT CUSTOM,1,E01012113,0,5
2024010510197,2024,010510197,1,19,0,18,19,1,5,0,0,1,0,0,0,0,1,1,3,7,1,43,7,1995,2,3,FORD TRANSIT CUSTOM,4,E01004331,0,1
2024211518016,2024,211518016,2,19,0,-1,19,3,7,-1,0,1,1,10,0,0,1,1,-1,6,1,31,6,2198,2,9,FORD TRANSIT CUSTOM,-1,-1,0,-1
202417S200824,2024,17S200824,2,19,0,18,19,5,1,0,0,0,0,0,0,0,1,1,6,6,1,30,6,2198,2,9,FORD TRANSIT CUSTOM,8,E01033480,0,1
2024061437809,2024,061437809,1,19,0,-1,3,6,8,-1,0,1,0,0,0,0,0,9,-1,9,2,-1,-1,1995,2,7,FORD TRANSIT CUSTOM,-1,-1,0,-1
2024430566400,2024,430566400,1,19,0,18,19,4,8,0,0,0,0,0,0,0,2,1,6,6,1,40,7,1995,2,2,FORD TRANSIT CUSTOM,-1,-1,0,-1
2024061454779,2024,061454779,2,19,0,-1,15,1,1,-1,99,0,1,0,0,0,1,1,-1,6,1,-1,-1,1995,2,3,FORD TRANSIT CUSTOM,-1,-1,0,-1
2024461534466,2024,461534466,2,19,0,-1,19,1,5,-1,0,0,0,0,0,0,2,1,-1,1,1,36,7,1995,2,1,FORD TRANSIT CUSTOM,8,E01024439,0,1
2024610025724,2024,610025724,1,19,0,18,19,3,7,0,0,0,0,0,0,0,3,1,1,1,1,43,7,1995,2,1,FORD TRANSIT CUSTOM,4,W01001665,0,3
2024440120605,2024,440120605,1,19,0,12,12,8,4,0,0,1,1,0,4,6,3,1,1,1,1,50,8,2198,2,10,FORD TRANSIT CUSTOM,2,E01017182,0,2
2024552400932,2024,552400932,2,19,0,9,9,6,4,0,0,8,0,0,0,0,4,1,2,2,1,36,7,1995,2,1,FORD TRANSIT CUSTOM,2,E01015341,0,2
2024451402315,2024,451402315,3,19,0,-1,19,2,6,-1,0,0,0,0,0,0,1,1,-1,1,1,27,6,1995,2,7,FORD TRANSIT CUSTOM,5,E01030677,0,1
2024991411736,2024,991411736,1,19,0,-1,19,2,6,-1,0,1,0,0,0,0,1,2,-1,2,1,55,8,1995,2,2,FORD TRANSIT CUSTOM,1,-1,0,1
2024440011965,2024,440011965,1,19,0,18,19,1,5,0,0,1,0,0,0,0,1,1,1,1,1,37,7,1995,2,4,FORD TRANSIT CUSTOM,4,E01017192,0,4
2024461510692,2024,461510692,1,19,5,-1,19,5,1,-1,0,0,0,0,0,0,0,9,-1,1,1,-1,-1,1995,2,1,FORD TRANSIT CUSTOM,-1,-1,0,-1
2024421482861,2024,421482861,2,19,0,-1,19,3,7,-1,0,0,0,0,0,0,4,1,-1,6,1,33,6,2198,2,8,FORD TRANSIT CUSTOM,7,E01034094,0,3
2024221440350,2024,221440350,1,19,0,-1,19,6,1,-1,0,0,0,0,0,0,1,2,-1,1,1,55,8,1995,2,8,FORD TRANSIT CUSTOM,1,E01032318,0,1
2024010554117,2024,010554117,1,19,0,99,99,9,9,99,99,9,9,99,9,99,2,9,6,6,3,46,8,1995,-1,1,FORD TRANSIT CUSTOM,3,E01035496,0,1
2024010548045,2024,010548045,1,19,0,99,99,9,9,99,99,9,9,99,9,99,1,9,6,6,1,27,6,1996,2,0,FORD TRANSIT CUSTOM,4,E01002490,0,1
2024440292954,2024,440292954,2,19,0,18,19,1,5,0,0,0,0,0,0,0,4,1,1,1,3,-1,-1,1995,2,4,FORD TRANSIT CUSTOM,-1,-1,0,-1
2024361417892,2024,361417892,2,19,0,-1,13,4,8,-1,0,0,0,0,0,0,1,1,-1,1,2,38,7,2198,2,10,FORD TRANSIT CUSTOM,1,E01033436,0,2
2024991432714,2024,991432714,1,19,0,-1,7,3,7,-1,9,2,0,0,1,0,2,1,-1,6,3,45,7,2198,2,11,FORD TRANSIT CUSTOM,-1,-1,0,-1
2024041465023,2024,041465023,3,19,0,-1,19,5,1,-1,0,1,0,0,0,0,3,1,-1,1,1,31,6,1995,2,1,FORD TRANSIT CUSTOM,2,E01025244,0,2
2024461533323,2024,461533323,2,19,0,-1,4,5,1,-1,0,0,0,0,0,0,2,1,-1,2,1,36,7,1995,2,3,FORD TRANSIT CUSTOM,8,E01024772,0,1
2024131495244,2024,131495244,3,19,0,-1,19,8,5,-1,0,0,0,0,0,0,4,1,-1,6,1,-1,-1,1995,2,7,FORD TRANSIT CUSTOM,-1,-1,0,-1
2024351452904,2024,351452904,2,19,0,-1,3,4,8,-1,0,1,0,0,0,0,2,1,-1,2,1,71,10,1995,2,6,FORD TRANSIT CUSTOM,1,E01015658,0,1