collision_index,collision_year,collision_ref_no,vehicle_reference,vehicle_type,towing_and_articulation,vehicle_manoeuvre_historic,vehicle_manoeuvre,vehicle_direction_from,vehicle_direction_to,vehicle_location_restricted_lane_historic,vehicle_location_restricted_lane,junction_location,skidding_and_overturning,hit_object_in_carriageway,vehicle_leaving_carriageway,hit_object_off_carriageway,first_point_of_impact,vehicle_left_hand_drive,journey_purpose_of_driver_historic,journey_purpose_of_driver,sex_of_driver,age_of_driver,age_band_of_driver,engine_capacity_cc,propulsion_code,age_of_vehicle,generic_make_model,driver_imd_decile,lsoa_of_driver,escooter_flag,driver_distance_banding
2024421447818,2024,421447818,1,19,0,-1,9,4,2,-1,0,1,0,0,0,0,1,1,-1,1,1,44,7,1995,2,5,FORD TRANSIT CUSTOM,2,E01021322,0,3
2024471425617,2024,471425617,1,19,0,-1,1,3,7,-1,0,6,0,0,0,0,2,1,-1,9,1,32,6,1995,2,4,FORD TRANSIT CUSTOM,8,E01016931,0,2
2024131417694,2024,131417694,1,19,0,-1,4,1,5,-1,0,4,0,0,0,0,1,1,-1,1,1,56,9,1995,2,2,FORD TRANSIT CUSTOM,1,E01010736,0,4
2024320536924,2024,320536924,1,19,0,-1,-1,4,8,0,0,0,0,0,7,9,1,1,-1,-1,1,37,7,1995,2,1,FORD TRANSIT CUSTOM,8,E01035176,0,5
2024421444593,2024,421444593,1,19,0,-1,19,7,3,-1,0,1,0,0,0,0,1,1,-1,6,1,45,7,1995,2,3,FORD TRANSIT CUSTOM,5,E01033459,0,1
2024041496588,2024,041496588,2,19,0,-1,19,5,1,-1,0,0,0,0,0,0,2,1,-1,1,1,40,7,1995,2,4,FORD TRANSIT CUSTOM,7,-1,0,5
2024201487065,2024,201487065,1,19,0,-1,20,5,1,-1,9,0,0,0,0,0,1,1,-1,6,3,35,6,1995,2,5,FORD TRANSIT CUSTOM,-1,-1,0,-1
2024471481400,2024,471481400,3,19,0,-1,2,5,1,-1,0,0,0,0,0,0,3,1,-1,6,-1,-1,-1,1995,2,1,FORD TRANSIT CUSTOM,-1,-1,0,-1
2024461471198,2024,461471198,2,19,0,-1,3,3,7,-1,0,0,0,0,0,0,2,9,-1,1,1,51,8,1995,2,3,FORD TRANSIT CUSTOM,10,E01024329,0,2
2024531423320,2024,531423320,1,19,0,-1,12,3,7,-1,0,0,2,0,4,6,3,1,-1,1,1,29,6,1995,2,3,FORD TRANSIT CUSTOM,5,E01022428,0,1
2024231444976,2024,231444976,4,19,0,-1,4,4,8,-1,0,1,0,0,0,0,4,9,-1,6,1,63,9,2198,2,8,FORD TRANSIT CUSTOM,10,E01031122,0,2
2024421427706,2024,421427706,1,19,0,-1,19,7,1,-1,0,0,1,7,0,0,1,9,-1,2,1,30,6,1995,2,4,FORD TRANSIT CUSTOM,6,E01035178,0,3
2024041471725,2024,041471725,1,19,0,-1,1,4,8,-1,0,0,0,0,0,0,2,1,-1,1,1,64,9,1995,2,6,FORD TRANSIT CUSTOM,7,E01012636,0,3
2024552400177,2024,552400177,2,19,0,18,19,6,2,0,0,8,0,0,0,0,1,1,1,1,1,40,7,1995,2,2,FORD TRANSIT CUSTOM,8,E01015356,0,2
2024421490870,2024,421490870,1,19,0,-1,19,5,1,-1,0,0,0,0,0,0,1,1,-1,6,1,-1,-1,1995,2,5,FORD TRANSIT CUSTOM,-1,-1,0,-1
2024041499592,2024,041499592,1,19,0,-1,15,8,4,-1,0,0,0,4,0,0,1,2,-1,1,1,31,6,1995,2,2,FORD TRANSIT CUSTOM,2,E01025247,0,3
2024010522212,2024,010522212,2,19,0,99,99,9,9,99,99,9,9,99,9,99,1,9,6,6,3,-1,-1,1995,2,2,FORD TRANSIT CUSTOM,-1,-1,0,-1
2024010502972,2024,010502972,1,19,0,18,19,7,3,0,0,1,0,0,0,0,1,1,1,1,1,24,5,1995,2,1,FORD TRANSIT CUSTOM,4,E01004259,0,1
2024461424877,2024,461424877,2,19,0,-1,9,3,7,-1,0,0,0,0,0,0,3,1,-1,1,2,59,9,1995,2,2,FORD TRANSIT CUSTOM,9,E01024765,0,3
202460Q171821,2024,60Q171821,9,19,0,18,19,8,4,0,0,0,0,0,0,0,2,1,6,6,1,-1,-1,1995,2,3,FORD TRANSIT CUSTOM,-1,-1,0,-1
2024010519801,2024,010519801,2,19,0,99,99,9,9,99,99,9,9,99,9,99,1,9,6,6,3,-1,-1,1995,2,3,FORD TRANSIT CUSTOM,10,E01002951,0,2
2024411544251,2024,411544251,1,19,0,-1,15,5,1,-1,0,8,0,0,0,0,3,1,-1,6,1,50,8,1995,2,5,FORD TRANSIT CUSTOM,-1,-1,0,-1
2024471452868,2024,471452868,3,20,0,-1,4,2,6,-1,0,0,0,0,0,0,2,1,-1,6,1,60,9,-1,-1,-1,FORD TRANSIT CUSTOM,10,E01031718,0,1
2024440541210,2024,440541210,2,19,0,18,19,3,7,0,0,0,0,0,0,0,1,1,6,6,1,-1,-1,1996,2,0,FORD TRANSIT CUSTOM,-1,-1,0,-1
2024010537916,2024,010537916,2,19,0,10,10,5,2,0,0,1,0,0,0,0,2,1,1,1,1,52,8,1995,2,6,FORD TRANSIT CUSTOM,4,E01002631,0,4
2024401490696,2024,401490696,2,19,0,-1,9,3,8,-1,0,6,0,0,0,0,4,1,-1,6,1,36,7,1995,2,7,FORD TRANSIT CUSTOM,2,E01015699,0,3
2024430101756,2024,430101756,1,19,0,13,13,4,8,0,0,0,0,0,0,0,1,1,1,1,1,35,6,1995,2,5,FORD TRANSIT CUSTOM,4,E01017042,0,4
2024010509796,2024,010509796,1,19,0,18,19,5,1,0,0,0,0,0,0,0,0,1,1,1,1,30,6,1995,2,1,FORD TRANSIT CUSTOM,9,E01003897,0,2
2024010537681,2024,010537681,2,19,0,99,99,9,9,99,99,9,9,99,9,99,9,9,6,6,3,-1,-1,1995,2,4,FORD TRANSIT CUSTOM,-1,-1,0,-1
2024320665283,2024,320665283,2,19,0,-1,-1,2,6,0,0,0,0,0,0,0,0,1,1,1,1,63,9,1995,2,1,FORD TRANSIT CUSTOM,9,E01028398,0,4
2024520402373,2024,520402373,1,19,0,7,7,1,3,0,0,8,0,0,0,0,1,1,6,6,1,48,8,2198,2,9,FORD TRANSIT CUSTOM,10,E01029172,0,1
2024070139701,2024,070139701,1,19,0,18,19,7,3,0,0,8,1,0,3,0,1,1,1,1,1,46,8,2198,2,9,FORD TRANSIT CUSTOM,2,E01004966,0,4
2024302401185,2024,302401185,1,19,0,18,19,6,1,0,0,8,0,0,0,0,3,1,1,1,1,64,9,1995,2,1,FORD TRANSIT CUSTOM,6,E01027925,0,4
2024141474368,2024,141474368,1,19,0,-1,12,3,7,-1,0,0,0,0,0,0,1,1,-1,1,1,25,5,1995,2,3,FORD TRANSIT CUSTOM,9,E01019790,0,2
2024061469588,2024,061469588,3,19,0,-1,19,3,7,-1,0,0,0,0,0,0,4,1,-1,1,1,31,6,1995,2,1,FORD TRANSIT CUSTOM,8,E01010935,0,4
2024010526377,2024,010526377,1,19,0,18,19,1,5,0,0,1,0,0,0,0,1,1,1,1,1,28,6,1995,2,6,FORD TRANSIT CUSTOM,6,E01030371,0,3
2024211394529,2024,211394529,1,19,0,-1,19,8,4,-1,0,0,1,0,0,0,1,1,-1,2,1,44,7,1995,2,8,FORD TRANSIT CUSTOM,1,E01033166,0,4
2024471397165,2024,471397165,3,19,0,-1,19,2,2,-1,1,0,0,0,0,0,1,1,-1,1,1,26,6,1995,2,5,FORD TRANSIT CUSTOM,2,E01031456,0,4
2024311533543,2024,311533543,2,19,0,-1,3,1,5,-1,0,0,0,0,0,0,1,1,-1,1,1,25,5,1995,2,1,FORD TRANSIT CUSTOM,3,E01028297,0,3
2024440379228,2024,440379228,2,19,0,9,9,6,4,0,0,6,0,0,0,0,3,1,6,6,1,-1,-1,1995,2,7,FORD TRANSIT CUSTOM,-1,-1,0,-1
2024411541888,2024,411541888,1,19,0,-1,19,5,1,-1,0,0,0,0,0,0,1,1,-1,2,1,45,7,1995,2,4,FORD TRANSIT CUSTOM,9,E01035596,0,1
2024010519867,2024,010519867,1,19,0,7,7,1,4,4,4,1,0,0,0,0,1,2,2,2,1,62,9,1995,2,5,FORD TRANSIT CUSTOM,3,E01002806,0,1
2024311437413,2024,311437413,2,19,0,-1,11,4,8,-1,0,0,0,0,0,0,4,1,-1,1,1,38,7,1995,2,5,FORD TRANSIT CUSTOM,-1,-1,0,-1
2024411411826,2024,411411826,1,19,0,-1,19,1,5,-1,0,0,0,0,0,0,1,1,-1,1,1,49,8,1995,2,4,FORD TRANSIT CUSTOM,5,E01023411,0,1
2024311405757,2024,311405757,2,19,0,-1,19,2,6,-1,0,0,0,0,0,0,1,1,-1,2,1,66,10,1995,2,5,FORD TRANSIT CUSTOM,2,E01008886,0,4
2024061404186,2024,061404186,3,19,-1,-1,-1,-1,-1,-1,-1,0,-1,-1,-1,0,-1,9,-1,2,1,32,6,1995,2,1,FORD TRANSIT CUSTOM,3,E01006020,0,1
2024041503145,2024,041503145,2,19,0,-1,2,0,0,-1,0,1,0,0,0,0,2,1,-1,6,-1,-1,-1,1995,2,6,FORD TRANSIT CUSTOM,-1,-1,0,-1
2024440024981,2024,440024981,2,19,0,18,19,8,4,0,0,1,1,0,0,0,1,1,1,1,1,39,7,2198,2,9,FORD TRANSIT CUSTOM,10,E01016262,0,3
2024430163582,2024,430163582,1,19,0,9,9,8,6,0,0,1,0,0,0,0,1,1,6,6,1,62,9,1995,2,6,FORD TRANSIT CUSTOM,9,E01028650,0,1
2024421451447,2024,421451447,3,19,0,-1,4,6,2,-1,0,0,0,0,0,0,2,1,-1,1,1,52,8,1995,2,3,FORD TRANSIT CUSTOM,9,E01016081,0,4
2024430555926,2024,430555926,1,19,0,18,19,8,4,0,0,0,0,0,0,0,1,1,6,6,1,48,8,1995,2,4,FORD TRANSIT CUSTOM,6,E01028697,0,2
2024471416516,2024,471416516,2,19,0,-1,2,5,1,-1,0,0,1,0,0,0,3,1,-1,6,1,31,6,2198,2,9,FORD TRANSIT CUSTOM,6,E01030524,0,4
2024041506493,2024,041506493,1,19,0,-1,5,6,2,-1,0,2,0,0,0,0,2,1,-1,1,1,35,6,1995,2,1,FORD TRANSIT CUSTOM,1,E01006790,0,3
2024010539144,2024,010539144,2,19,0,99,99,9,9,99,99,9,9,0,0,0,9,9,6,6,3,-1,-1,1995,2,1,FORD TRANSIT CUSTOM,-1,-1,0,-1
2024052400983,2024,052400983,1,19,0,9,9,3,1,0,0,1,0,0,0,0,1,1,2,2,1,43,7,2198,2,8,FORD TRANSIT CUSTOM,6,E01006941,0,1
2024371432221,2024,371432221,1,19,0,-1,5,6,2,-1,0,0,0,0,0,0,1,1,-1,2,1,42,7,2198,2,9,FORD TRANSIT CUSTOM,5,E01030222,0,1
2024111479159,2024,111479159,2,19,0,-1,3,6,2,-1,0,0,0,0,0,0,2,1,-1,1,1,37,7,1995,2,7,FORD TRANSIT CUSTOM,-1,-1,0,-1
2024010541164,2024,010541164,2,19,0,2,2,0,0,0,0,1,1,0,0,0,1,1,6,6,3,-1,-1,1995,2,7,FORD TRANSIT CUSTOM,-1,-1,0,-1
2024010527349,2024,010527349,2,19,0,3,3,5,1,0,0,1,0,0,0,0,2,1,6,6,1,28,6,1995,2,5,FORD TRANSIT CUSTOM,7,E01033454,0,4
2024070685927,2024,070685927,1,19,0,4,4,4,8,0,0,0,0,0,0,0,3,1,1,1,2,54,8,1995,2,3,FORD TRANSIT CUSTOM,3,E01018454,0,1
2024552400197,2024,552400197,1,19,0,18,19,2,6,0,0,0,0,0,0,0,1,1,1,1,1,27,6,1995,2,3,FORD TRANSIT CUSTOM,8,E01015422,0,1
2024010512249,2024,010512249,1,19,0,10,10,7,4,0,0,1,0,0,0,0,0,1,2,2,1,53,8,1995,2,1,FORD TRANSIT CUSTOM,-1,-1,0,-1
2024430539406,2024,430539406,2,19,0,18,19,6,2,0,0,8,0,0,0,0,1,1,2,2,1,43,7,1995,2,1,FORD TRANSIT CUSTOM,9,E01035749,0,1
2024231418040,2024,231418040,1,19,0,-1,19,1,5,-1,0,6,0,0,0,0,3,1,-1,6,1,52,8,1995,2,7,FORD TRANSIT CUSTOM,2,E01032239,0,2
2024131499713,2024,131499713,1,19,0,-1,19,3,7,-1,0,8,0,0,0,0,1,1,-1,1,1,55,8,1995,2,2,FORD TRANSIT CUSTOM,6,E01007468,0,4
2024010550093,2024,010550093,2,19,0,18,19,7,3,0,0,8,0,0,0,0,1,1,6,6,1,30,6,1995,2,4,FORD TRANSIT CUSTOM,-1,-1,0,-1
2024401509478,2024,401509478,1,19,0,-1,19,3,7,-1,0,0,0,0,0,0,1,1,-1,2,1,32,6,1995,2,7,FORD TRANSIT CUSTOM,8,E01017383,0,2
2024052402053,2024,052402053,1,19,0,5,5,5,1,0,0,0,0,0,0,0,3,1,1,1,1,28,6,1995,2,5,FORD TRANSIT CUSTOM,1,E01005653,0,4
2024010533304,2024,010533304,1,19,0,9,9,3,1,4,4,1,0,0,0,0,4,1,2,2,1,41,7,1995,2,5,FORD TRANSIT CUSTOM,2,E01002090,0,3
2024010510285,2024,010510285,2,19,0,4,4,3,7,0,0,2,0,0,0,0,1,1,1,1,1,50,8,2198,2,8,FORD TRANSIT CUSTOM,3,E01016444,0,3
2024031493454,2024,031493454,1,19,0,-1,19,8,4,-1,0,0,0,0,0,0,1,1,-1,6,1,63,9,2198,2,8,FORD TRANSIT CUSTOM,5,E01019226,0,1
2024451517729,2024,451517729,1,19,0,-1,19,5,1,-1,0,0,0,0,0,0,4,1,-1,6,3,25,5,1995,2,3,FORD TRANSIT CUSTOM,1,E01006306,0,5
2024471535789,2024,471535789,1,19,0,-1,3,3,7,-1,0,8,0,0,0,0,1,9,-1,6,1,-1,-1,1995,2,7,FORD TRANSIT CUSTOM,-1,-1,0,-1
2024631457850,2024,631457850,2,19,0,-1,19,5,8,-1,0,0,0,0,0,0,1,1,-1,6,3,-1,-1,1995,2,1,FORD TRANSIT CUSTOM,-1,-1,0,-1
2024302401332,2024,302401332,2,19,0,9,9,7,5,0,0,8,0,0,0,0,3,1,2,2,2,24,5,1995,2,5,FORD TRANSIT CUSTOM,4,E01027957,0,4
2024131463073,2024,131463073,1,19,0,-1,1,5,1,-1,0,0,0,0,0,0,2,1,-1,1,1,34,6,1995,2,1,FORD TRANSIT CUSTOM,2,E01006036,0,4
2024052400770,2024,052400770,2,19,0,4,4,5,1,0,0,0,0,0,0,0,2,1,2,2,1,30,6,2198,2,10,FORD TRANSIT CUSTOM,8,E01006409,0,2
2024141419569,2024,141419569,1,19,0,-1,19,1,5,-1,0,1,0,0,0,0,2,1,-1,6,1,38,7,1995,2,3,FORD TRANSIT CUSTOM,9,E01007610,0,1
2024421501217,2024,421501217,2,19,0,-1,19,6,2,-1,0,0,0,0,0,0,2,1,-1,2,1,31,6,1996,2,0,FORD TRANSIT CUSTOM,6,E01021705,0,4
2024010547869,2024,010547869,1,19,0,9,9,1,7,4,4,5,0,0,0,0,1,1,6,6,1,37,7,1995,2,7,FORD TRANSIT CUSTOM,3,E01034152,0,1
2024141410459,2024,141410459,1,19,0,-1,1,4,4,-1,0,0,0,0,0,0,2,9,-1,6,3,-1,-1,2198,2,10,FORD TRANSIT CUSTOM,-1,-1,0,-1
2024052402220,2024,052402220,2,19,0,18,19,3,7,0,0,0,0,0,0,0,1,1,1,1,1,63,9,1995,2,5,FORD TRANSIT CUSTOM,7,E01007080,0,4
2024010518180,2024,010518180,1,19,0,99,99,9,9,99,99,9,9,99,9,99,2,9,2,2,1,39,7,1995,2,3,FORD TRANSIT CUSTOM,5,E01002546,0,2
2024991409026,2024,991409026,1,19,0,-1,19,8,4,-1,0,0,0,0,0,0,1,1,-1,1,1,52,8,1995,2,3,FORD TRANSIT CUSTOM,6,-1,0,4
2024010536627,2024,010536627,1,19,0,6,6,1,1,0,0,1,0,0,0,0,3,1,1,1,1,43,7,1995,2,4,FORD TRANSIT CUSTOM,10,E01000811,0,3
2024501484479,2024,501484479,3,19,0,-1,2,0,0,-1,-1,0,0,0,0,0,3,9,-1,6,-1,-1,-1,1995,2,6,FORD TRANSIT CUSTOM,-1,-1,0,-1
2024421539685,2024,421539685,2,19,-1,-1,19,-1,-1,-1,0,0,0,0,0,0,2,9,-1,6,1,49,8,1995,2,1,FORD TRANSIT CUSTOM,1,E01021317,0,2
2024302400498,2024,302400498,1,19,0,10,10,6,2,0,0,8,0,0,0,0,2,1,1,1,1,32,6,1995,2,3,FORD TRANSIT CUSTOM,2,E01007782,0,4
2024161430926,2024,161430926,2,19,0,-1,2,0,0,-1,0,2,0,0,0,0,1,9,-1,6,-1,-1,-1,1995,2,4,FORD TRANSIT CUSTOM,-1,-1,0,-1
2024440335828,2024,440335828,1,19,0,18,19,7,3,0,0,8,0,0,0,0,1,1,2,2,1,34,6,1995,2,3,FORD TRANSIT CUSTOM,2,E01017165,0,3
2024041534754,2024,041534754,1,19,0,-1,19,7,3,-1,0,0,0,0,0,0,0,1,-1,9,1,28,6,1995,2,1,FORD TRANSIT CUSTOM,4,E01033071,0,2
2024131513258,2024,131513258,1,19,0,-1,19,1,5,-1,0,0,0,0,0,0,1,1,-1,2,1,62,9,2198,2,9,FORD TRANSIT CUSTOM,5,E01010256,0,5
2024311449648,2024,311449648,1,19,0,-1,2,3,7,-1,0,0,0,4,0,0,2,1,-1,6,1,44,7,1995,2,6,FORD TRANSIT CUSTOM,-1,-1,0,-1
2024010508847,2024,010508847,1,19,0,99,99,9,9,99,99,9,9,99,9,99,3,9,1,1,1,34,6,1995,2,4,FORD TRANSIT CUSTOM,2,E01001349,0,2
2024141433423,2024,141433423,2,19,0,-1,5,1,6,-1,0,8,0,0,0,0,3,1,-1,6,1,-1,-1,1995,2,7,FORD TRANSIT CUSTOM,7,E01007831,0,1
2024131518416,2024,131518416,1,19,0,-1,9,1,5,-1,0,2,0,0,0,0,3,1,-1,1,1,29,6,1995,2,1,FORD TRANSIT CUSTOM,1,E01010830,0,1
2024031533282,2024,031533282,1,19,0,-1,19,7,3,-1,0,0,5,0,2,0,4,1,-1,1,1,50,8,2198,2,9,FORD TRANSIT CUSTOM,-1,-1,0,-1
2024010521348,2024,010521348,2,19,0,99,99,9,9,99,99,6,9,99,9,99,1,9,6,6,3,44,7,1995,2,3,FORD TRANSIT CUSTOM,1,E01033879,0,1
2024010494507,2024,010494507,1,10,0,18,19,3,7,0,0,8,0,11,0,0,4,1,1,1,1,31,6,-1,-1,-1,FORD TRANSIT CUSTOM,4,E01003937,0,1
2024991426206,2024,991426206,2,19,0,-1,7,5,7,-1,0,5,0,0,0,0,2,1,-1,1,1,51,8,1995,2,2,FORD TRANSIT CUSTOM,10,-1,0,1
2024131420438,2024,131420438,3,19,0,-1,19,5,5,-1,0,0,0,0,0,0,3,1,-1,2,1,52,8,1995,2,3,FORD TRANSIT CUSTOM,6,E01027560,0,3
2024221457826,2024,221457826,1,19,0,-1,19,1,4,-1,0,0,1,0,0,0,1,9,-1,1,1,35,6,1995,2,5,FORD TRANSIT CUSTOM,-1,-1,0,-1
2024010503838,2024,010503838,3,19,0,4,4,3,7,0,0,0,0,0,0,0,1,1,1,1,1,22,5,1995,2,2,FORD TRANSIT CUSTOM,3,E01015986,0,3
2024010530298,2024,010530298,1,19,0,7,7,3,5,0,0,5,0,0,0,0,1,1,1,1,1,59,9,1995,2,6,FORD TRANSIT CUSTOM,5,E01003449,0,1
2024371487226,2024,371487226,1,19,0,-1,19,4,8,-1,0,0,0,0,0,0,-1,9,-1,6,1,47,8,1995,2,5,FORD TRANSIT CUSTOM,6,E01026899,0,2
2024111531244,2024,111531244,1,19,0,-1,19,6,2,-1,0,0,0,0,0,0,1,1,-1,6,1,30,6,1995,2,3,FORD TRANSIT CUSTOM,-1,-1,0,-1
2024461489444,2024,461489444,1,19,0,-1,19,5,1,-1,0,0,0,0,0,0,1,1,-1,6,1,46,8,1995,2,3,FORD TRANSIT CUSTOM,4,E01024698,0,1
2024451532488,2024,451532488,2,19,0,-1,19,5,1,-1,0,0,0,0,2,0,1,1,-1,1,1,45,7,2198,2,9,FORD TRANSIT CUSTOM,5,E01024420,0,4
2024111518314,2024,111518314,1,19,0,-1,19,3,7,-1,0,0,0,0,0,0,4,1,-1,1,1,30,6,1995,2,5,FORD TRANSIT CUSTOM,2,E01020679,0,2
2024991517665,2024,991517665,1,19,0,-1,19,7,2,-1,0,0,0,0,0,0,1,1,-1,1,1,39,7,1995,2,3,FORD TRANSIT CUSTOM,2,-1,0,3
2024991527073,2024,991527073,1,19,0,-1,19,6,2,-1,0,0,0,0,0,0,1,1,-1,1,1,26,6,1995,2,6,FORD TRANSIT CUSTOM,5,-1,0,2
2024010525590,2024,010525590,1,19,0,18,19,5,1,0,0,0,0,0,0,0,1,1,2,2,1,59,9,1995,2,3,FORD TRANSIT CUSTOM,2,E01004244,0,2
2024010528934,2024,010528934,2,19,0,18,19,7,3,0,0,1,0,0,0,0,1,1,6,6,1,59,9,1996,2,0,FORD TRANSIT CUSTOM,3,E01035648,0,2
2024010494514,2024,010494514,3,19,0,3,3,1,5,0,0,1,0,0,0,0,1,1,6,6,1,49,8,1995,2,0,FORD TRANSIT CUSTOM,3,E01024307,0,4
2024471400455,2024,471400455,1,19,0,-1,19,3,7,-1,0,0,0,0,0,0,1,1,-1,9,1,32,6,1995,2,2,FORD TRANSIT CUSTOM,5,E01031373,0,2
2024010520133,2024,010520133,2,19,0,1,1,9,9,99,99,0,9,99,9,99,2,9,6,6,3,-1,-1,1995,2,7,FORD TRANSIT CUSTOM,2,E01003921,0,2
2024631487024,2024,631487024,2,19,0,-1,19,7,3,-1,0,0,0,0,7,0,1,1,-1,9,1,55,8,1995,2,5,FORD TRANSIT CUSTOM,4,W01000608,0,2
2024501506294,2024,501506294,1,19,0,-1,19,5,1,-1,0,0,5,0,8,10,3,1,-1,2,1,26,6,1995,2,2,FORD TRANSIT CUSTOM,4,E01020073,0,1
2024010535629,2024,010535629,2,19,0,18,19,5,1,0,0,0,0,0,0,0,1,1,1,1,1,36,7,1995,2,7,FORD TRANSIT CUSTOM,-1,-1,0,-1
2024010522041,2024,010522041,1,19,0,9,9,6,4,0,0,2,0,0,0,0,1,1,1,1,1,45,7,1995,2,7,FORD TRANSIT CUSTOM,6,E01024136,0,4
2024101449677,2024,101449677,2,19,0,-1,19,5,1,-1,0,8,0,0,0,0,3,1,-1,1,1,51,8,1995,2,0,FORD TRANSIT CUSTOM,5,E01008181,0,3
2024461432927,2024,461432927,1,19,-1,-1,19,4,8,-1,0,0,0,0,0,0,1,9,-1,6,1,-1,-1,1995,2,5,FORD TRANSIT CUSTOM,9,E01000804,0,4
2024010546414,2024,010546414,1,19,0,7,7,3,5,0,0,5,0,0,0,0,4,1,6,6,3,24,5,1995,2,4,FORD TRANSIT CUSTOM,-1,-1,0,-1
2024061509239,2024,061509239,5,19,0,-1,4,5,1,-1,0,0,1,1,0,0,1,1,-1,1,2,27,6,1995,2,1,FORD TRANSIT CUSTOM,-1,-1,0,-1
2024041458874,2024,041458874,1,19,0,-1,19,1,5,-1,0,8,0,0,0,0,1,1,-1,1,1,23,5,1995,2,1,FORD TRANSIT CUSTOM,2,E01025292,0,1
2024471503698,2024,471503698,1,19,0,-1,19,1,5,-1,0,0,0,0,0,0,1,1,-1,2,1,37,7,1995,2,1,FORD TRANSIT CUSTOM,3,E01003829,0,4
2024010527529,2024,010527529,4,19,0,18,19,5,1,0,0,1,0,0,0,0,0,1,1,1,1,30,6,1995,2,3,FORD TRANSIT CUSTOM,-1,-1,0,-1
2024010540067,2024,010540067,2,19,9,1,1,2,8,99,99,9,9,99,9,99,9,9,6,6,1,34,6,2198,2,9,FORD TRANSIT CUSTOM,2,E01001432,0,3
2024201459610,2024,201459610,1,19,0,-1,19,1,5,-1,0,8,0,0,0,0,1,1,-1,6,1,41,7,2198,2,10,FORD TRANSIT CUSTOM,3,E01009112,0,2
2024501442517,2024,501442517,1,19,0,-1,7,6,8,-1,0,8,0,0,0,0,4,1,-1,6,1,55,8,1995,2,4,FORD TRANSIT CUSTOM,9,E01020316,0,3
2024471406605,2024,471406605,2,19,0,-1,19,5,1,-1,0,0,0,0,0,0,1,1,-1,2,1,64,9,1995,2,4,FORD TRANSIT CUSTOM,10,E01031668,0,1
2024101400576,2024,101400576,2,19,0,-1,9,5,3,-1,0,8,0,0,0,0,1,1,-1,1,1,62,9,2198,2,8,FORD TRANSIT CUSTOM,7,E01008650,0,1
2024471442807,2024,471442807,2,19,0,-1,19,6,2,-1,0,0,0,0,1,0,3,1,-1,1,1,65,9,1995,2,4,FORD TRANSIT CUSTOM,10,E01031592,0,3
2024531525360,2024,531525360,1,19,0,-1,19,7,3,-1,0,0,0,0,4,7,1,1,-1,1,1,27,6,1995,2,5,FORD TRANSIT CUSTOM,5,E01032129,0,4
2024461470624,2024,461470624,1,19,0,-1,19,2,6,-1,0,2,0,0,0,0,1,9,-1,6,1,55,8,1995,2,5,FORD TRANSIT CUSTOM,2,E01023974,0,1
2024010538452,2024,010538452,1,19,0,18,19,3,7,0,0,0,0,0,0,0,2,1,6,6,1,35,6,1996,2,0,FORD TRANSIT CUSTOM,3,E01033150,0,2
2024161427041,2024,161427041,2,19,0,-1,19,1,7,-1,0,0,0,0,0,0,4,9,-1,6,2,40,7,2198,2,8,FORD TRANSIT CUSTOM,4,E01012804,0,1
2024522401160,2024,522401160,1,19,0,18,19,8,4,0,0,0,0,0,0,0,1,1,6,6,1,35,6,1995,2,6,FORD TRANSIT CUSTOM,10,E01033334,0,2
2024411477628,2024,411477628,1,19,0,-1,-1,-1,-1,-1,-1,-1,-1,-1,-1,0,2,9,-1,6,1,-1,-1,1995,2,5,FORD TRANSIT CUSTOM,8,E01017766,0,3
2024461508947,2024,461508947,2,19,0,-1,19,2,6,-1,0,1,1,0,0,0,1,1,-1,9,1,44,7,2198,2,9,FORD TRANSIT CUSTOM,4,E01023997,0,3
2024531434526,2024,531434526,2,19,0,-1,19,5,1,-1,0,1,5,0,7,0,1,1,-1,6,1,36,7,2198,2,10,FORD TRANSIT CUSTOM,10,E01028758,0,4
2024411468329,2024,411468329,1,19,0,-1,19,5,1,-1,0,0,0,0,0,0,1,1,-1,2,1,22,5,2198,2,10,FORD TRANSIT CUSTOM,-1,-1,0,-1
2024471508558,2024,471508558,2,19,0,-1,2,7,3,-1,-1,0,0,0,0,0,4,1,-1,6,-1,-1,-1,1996,2,0,FORD TRANSIT CUSTOM,-1,-1,0,-1
2024010529432,2024,010529432,2,19,0,18,19,5,1,0,0,8,1,0,0,0,1,1,1,1,1,34,6,1995,2,0,FORD TRANSIT CUSTOM,6,E01033784,0,1
2024501449335,2024,501449335,1,19,0,-1,19,1,5,-1,0,0,0,0,0,0,1,1,-1,1,1,42,7,1995,2,5,FORD TRANSIT CUSTOM,1,E01018933,0,2
2024141507723,2024,141507723,1,19,0,-1,19,7,3,-1,0,1,0,2,0,0,1,1,-1,2,1,29,6,1995,2,6,FORD TRANSIT CUSTOM,4,E01007816,0,1
2024302401448,2024,302401448,1,19,0,16,19,1,3,0,0,8,0,0,0,0,1,1,2,2,1,55,8,1995,2,7,FORD TRANSIT CUSTOM,3,E01007676,0,4
2024010548072,2024,010548072,2,19,9,99,99,9,9,99,99,9,9,99,9,99,9,9,6,6,3,-1,-1,1995,2,6,FORD TRANSIT CUSTOM,-1,-1,0,-1
2024061513164,2024,061513164,1,19,0,-1,19,5,1,-1,0,0,0,0,0,0,0,1,-1,2,1,57,9,1995,2,2,FORD TRANSIT CUSTOM,9,E01006017,0,2