collision_index,collision_year,collision_ref_no,vehicle_reference,vehicle_type,towing_and_articulation,vehicle_manoeuvre_historic,vehicle_manoeuvre,vehicle_direction_from,vehicle_direction_to,vehicle_location_restricted_lane_historic,vehicle_location_restricted_lane,junction_location,skidding_and_overturning,hit_object_in_carriageway,vehicle_leaving_carriageway,hit_object_off_carriageway,first_point_of_impact,vehicle_left_hand_drive,journey_purpose_of_driver_historic,journey_purpose_of_driver,sex_of_driver,age_of_driver,age_band_of_driver,engine_capacity_cc,propulsion_code,age_of_vehicle,generic_make_model,driver_imd_decile,lsoa_of_driver,escooter_flag,driver_distance_banding
2024471503904,2024,471503904,1,19,4,-1,19,4,2,-1,0,8,0,0,0,0,4,1,-1,2,1,61,9,1995,2,2,FORD TRANSIT CUSTOM,8,E01031659,0,2
202454C651624,2024,54C651624,1,19,0,18,19,4,8,0,0,1,0,0,0,0,1,1,6,6,1,28,6,1995,2,7,FORD TRANSIT CUSTOM,7,E01015567,0,1
2024501450454,2024,501450454,2,19,0,-1,9,2,8,-1,0,6,0,0,0,0,1,1,-1,1,1,47,8,1995,2,2,FORD TRANSIT CUSTOM,6,E01019030,0,3
2024332400179,2024,332400179,1,19,0,-1,3,8,4,-1,0,0,0,0,0,0,2,1,-1,2,1,36,7,1995,2,6,FORD TRANSIT CUSTOM,7,E01013709,0,1
2024010545133,2024,010545133,2,19,0,99,99,9,9,99,99,0,9,99,9,99,1,9,6,6,3,-1,-1,1995,2,5,FORD TRANSIT CUSTOM,-1,-1,0,-1
2024501529828,2024,501529828,1,19,0,-1,19,3,7,-1,0,1,0,0,0,0,2,1,-1,6,-1,-1,-1,1995,2,5,FORD TRANSIT CUSTOM,-1,-1,0,-1
2024010508106,2024,010508106,1,19,0,18,19,3,7,0,0,8,0,0,0,0,1,1,1,1,2,30,6,1995,2,6,FORD TRANSIT CUSTOM,5,E01003666,0,4
2024351486409,2024,351486409,1,19,0,-1,19,5,1,-1,0,0,1,0,0,0,1,1,-1,1,1,38,7,1995,2,5,FORD TRANSIT CUSTOM,8,E01015650,0,4
2024131520043,2024,131520043,1,19,0,-1,9,4,8,-1,0,5,0,0,0,0,1,1,-1,9,1,50,8,1995,2,7,FORD TRANSIT CUSTOM,4,E01011201,0,1
2024451402168,2024,451402168,2,19,0,-1,99,1,5,-1,0,1,0,0,0,0,1,1,-1,6,1,40,7,1995,2,5,FORD TRANSIT CUSTOM,10,E01030770,0,1
2024501453088,2024,501453088,2,19,0,-1,19,3,7,-1,0,1,0,0,0,0,4,1,-1,2,1,46,8,1995,2,3,FORD TRANSIT CUSTOM,2,E01020277,0,1
2024221414739,2024,221414739,2,19,0,-1,19,6,2,-1,0,0,0,0,0,0,1,1,-1,1,1,50,8,1995,2,3,FORD TRANSIT CUSTOM,7,E01014013,0,3
2024010509499,2024,010509499,2,19,0,18,19,1,5,0,0,0,0,0,0,0,1,1,6,6,1,34,6,1995,2,5,FORD TRANSIT CUSTOM,5,E01034481,0,1
2024411503351,2024,411503351,1,19,0,-1,5,1,3,-1,0,1,1,0,0,0,4,1,-1,2,1,36,7,1995,2,1,FORD TRANSIT CUSTOM,6,E01023915,0,1
2024631468570,2024,631468570,1,19,0,-1,19,4,2,-1,0,2,0,0,0,0,1,1,-1,6,1,32,6,1995,2,6,FORD TRANSIT CUSTOM,7,W01000595,0,3
2024430420946,2024,430420946,2,19,0,18,19,6,2,0,0,1,0,0,0,0,1,1,6,6,1,60,9,1995,2,1,FORD TRANSIT CUSTOM,-1,-1,0,-1
2024451459740,2024,451459740,2,19,0,-1,19,5,1,-1,0,0,0,0,0,0,1,1,-1,2,1,43,7,1995,2,6,FORD TRANSIT CUSTOM,4,E01030481,0,3
2024522402295,2024,522402295,2,19,0,2,2,0,0,0,0,0,0,0,0,0,3,1,6,6,3,-1,-1,2198,2,10,FORD TRANSIT CUSTOM,-1,-1,0,-1
2024991521039,2024,991521039,3,19,0,-1,5,1,7,-1,0,8,0,0,0,0,4,1,-1,1,1,18,4,1996,2,0,FORD TRANSIT CUSTOM,8,-1,0,2
2024631510765,2024,631510765,1,19,0,-1,19,2,6,-1,0,1,0,0,1,10,1,1,-1,2,1,23,5,1995,2,4,FORD TRANSIT CUSTOM,7,W01000470,0,4
2024302400772,2024,302400772,3,19,0,2,2,0,0,0,0,2,0,0,0,0,3,1,6,6,3,-1,-1,1995,2,1,FORD TRANSIT CUSTOM,-1,-1,0,-1
2024481569638,2024,481569638,1,19,0,-1,19,5,1,-1,0,8,0,0,0,0,1,1,-1,1,1,37,7,1996,2,0,FORD TRANSIT CUSTOM,-1,-1,0,-1
2024010521153,2024,010521153,1,19,0,99,99,9,9,99,99,9,9,99,9,99,2,9,2,2,2,37,7,1995,2,6,FORD TRANSIT CUSTOM,6,E01021758,0,4
2024461434004,2024,461434004,3,19,0,-1,19,6,2,-1,0,0,0,0,0,0,2,1,-1,6,1,48,8,1995,2,7,FORD TRANSIT CUSTOM,2,E01001486,0,4
2024501400084,2024,501400084,1,19,0,-1,19,2,6,-1,0,0,0,0,0,0,4,9,-1,6,1,48,8,2198,2,10,FORD TRANSIT CUSTOM,7,E01020064,0,1
2024461416638,2024,461416638,2,19,0,-1,19,4,8,-1,0,0,0,0,0,0,2,9,-1,1,1,25,5,1995,2,2,FORD TRANSIT CUSTOM,5,E01024023,0,4
2024061446162,2024,061446162,1,19,0,-1,9,4,1,-1,1,2,0,0,0,0,1,1,-1,6,1,-1,-1,1995,2,8,FORD TRANSIT CUSTOM,1,E01012455,0,4
2024131490717,2024,131490717,1,19,0,-1,-1,-1,-1,-1,-1,0,-1,-1,-1,0,-1,1,-1,7,1,41,7,1995,2,5,FORD TRANSIT CUSTOM,1,E01011354,0,1
2024991476903,2024,991476903,2,19,0,-1,19,6,2,-1,0,0,0,0,0,0,2,1,-1,1,1,53,8,1996,2,0,FORD TRANSIT CUSTOM,6,-1,0,3
2024351473681,2024,351473681,2,19,0,-1,19,2,6,-1,0,0,0,0,0,0,2,1,-1,1,1,55,8,1995,2,4,FORD TRANSIT CUSTOM,3,E01035551,0,1
2024421447011,2024,421447011,1,19,0,-1,19,5,1,-1,0,1,0,0,0,0,1,1,-1,6,1,44,7,1995,2,2,FORD TRANSIT CUSTOM,8,E01015876,0,2
2024631438034,2024,631438034,1,19,0,-1,19,2,6,-1,0,1,1,0,0,0,1,1,-1,6,1,39,7,2198,2,8,FORD TRANSIT CUSTOM,6,W01000433,0,2
2024401530694,2024,401530694,1,19,-1,-1,-1,-1,-1,-1,-1,0,-1,-1,-1,0,-1,9,-1,6,3,-1,-1,2198,2,9,FORD TRANSIT CUSTOM,-1,-1,0,-1
2024010544778,2024,010544778,1,19,0,6,6,7,7,0,0,8,0,0,0,0,1,1,2,2,1,38,7,1996,2,0,FORD TRANSIT CUSTOM,7,E01028725,0,4
2024522401531,2024,522401531,2,19,0,9,9,2,1,0,0,5,0,0,0,0,2,1,6,6,2,42,7,1995,2,7,FORD TRANSIT CUSTOM,4,E01014603,0,1
2024520002203,2024,520002203,2,19,0,18,19,7,1,0,0,4,0,0,0,0,1,1,1,1,1,-1,-1,1995,2,5,FORD TRANSIT CUSTOM,5,E01014753,0,4
2024061505187,2024,061505187,1,19,0,-1,15,-1,-1,-1,0,0,0,0,0,0,4,1,-1,2,1,36,7,1996,2,0,FORD TRANSIT CUSTOM,7,E01014289,0,4
2024451516997,2024,451516997,1,19,0,-1,4,1,5,-1,0,0,0,0,0,0,2,1,-1,1,1,46,8,2198,2,8,FORD TRANSIT CUSTOM,9,E01030412,0,2
2024122500178,2024,122500178,2,19,0,2,2,0,0,0,0,0,0,0,0,0,3,1,6,6,3,-1,-1,1996,2,0,FORD TRANSIT CUSTOM,-1,-1,0,-1
2024221506975,2024,221506975,2,19,0,-1,19,6,2,-1,0,0,5,0,1,0,1,1,-1,9,1,41,7,2198,2,8,FORD TRANSIT CUSTOM,6,E01014069,0,1
2024311456986,2024,311456986,1,19,0,-1,7,6,4,-1,4,1,0,0,0,0,4,1,-1,6,1,41,7,1995,2,6,FORD TRANSIT CUSTOM,2,E01013854,0,1
2024010518754,2024,010518754,1,19,0,7,7,7,1,0,0,5,0,0,0,0,3,1,1,1,2,58,9,1995,2,7,FORD TRANSIT CUSTOM,6,E01002998,0,3
2024991514853,2024,991514853,1,19,0,-1,8,3,5,-1,0,4,0,0,0,0,2,1,-1,6,3,30,6,1995,2,5,FORD TRANSIT CUSTOM,-1,-1,0,-1
2024552400952,2024,552400952,2,19,0,2,2,0,0,0,0,2,0,0,0,0,2,1,6,6,3,-1,-1,2198,2,11,FORD TRANSIT CUSTOM,-1,-1,0,-1
2024010526038,2024,010526038,1,19,0,14,14,5,1,0,0,1,0,0,0,0,2,1,1,1,1,21,5,1995,2,2,FORD TRANSIT CUSTOM,-1,-1,0,-1
2024041515338,2024,041515338,3,19,0,-1,2,0,0,-1,0,1,0,0,0,0,1,1,-1,6,-1,-1,-1,1995,2,3,FORD TRANSIT CUSTOM,-1,-1,0,-1
2024351460248,2024,351460248,3,19,0,-1,19,5,2,-1,0,8,0,0,0,0,1,1,-1,1,1,34,6,1995,2,6,FORD TRANSIT CUSTOM,3,E01032524,0,4
2024351504381,2024,351504381,1,19,0,-1,-1,-1,-1,-1,-1,-1,-1,-1,-1,0,1,1,-1,6,1,56,9,1995,2,4,FORD TRANSIT CUSTOM,5,E01017967,0,1
2024622400555,2024,622400555,1,19,0,9,9,5,2,0,0,1,0,0,0,0,3,1,6,6,3,-1,-1,1995,2,6,FORD TRANSIT CUSTOM,-1,-1,0,-1
2024461402249,2024,461402249,1,19,0,-1,9,8,4,-1,0,8,0,0,0,0,1,1,-1,6,1,34,6,1995,2,8,FORD TRANSIT CUSTOM,5,E01024594,0,4
2024311410506,2024,311410506,3,19,0,-1,5,8,6,-1,0,2,0,0,0,0,2,1,-1,2,1,50,8,2198,2,11,FORD TRANSIT CUSTOM,3,E01028340,0,4
2024122400962,2024,122400962,2,19,0,4,4,3,7,0,0,1,0,0,0,0,2,1,6,6,1,47,8,2198,2,9,FORD TRANSIT CUSTOM,6,E01010644,0,3
2024531454827,2024,531454827,3,19,0,-1,19,1,5,-1,0,2,0,0,0,0,2,2,-1,9,1,61,9,1995,2,7,FORD TRANSIT CUSTOM,5,E01022250,0,4
2024451404935,2024,451404935,2,19,0,-1,1,7,3,-1,0,2,0,0,0,0,2,9,-1,6,3,40,7,1995,2,8,FORD TRANSIT CUSTOM,-1,-1,0,-1
2024471418936,2024,471418936,1,19,0,-1,19,5,1,-1,0,0,0,0,0,0,4,1,-1,2,1,49,8,1995,2,7,FORD TRANSIT CUSTOM,2,E01021178,0,1
2024440329219,2024,440329219,2,19,0,18,19,0,0,0,0,0,0,0,0,0,2,1,6,6,1,55,8,1995,2,3,FORD TRANSIT CUSTOM,-1,-1,0,-1
2024340WN7222,2024,340WN7222,1,19,0,-1,19,7,3,-1,0,1,0,0,0,0,1,1,-1,6,1,-1,-1,1995,2,4,FORD TRANSIT CUSTOM,-1,-1,0,-1
2024440081022,2024,440081022,1,19,0,6,6,6,6,0,0,0,0,0,0,0,1,1,6,6,1,51,8,1995,2,7,FORD TRANSIT CUSTOM,2,E01017051,0,1
2024421501391,2024,421501391,2,19,0,-1,19,1,5,-1,0,1,0,0,0,0,1,1,-1,2,1,40,7,1995,2,3,FORD TRANSIT CUSTOM,8,E01021867,0,3
2024010499547,2024,010499547,2,19,0,99,99,9,9,99,99,0,9,99,9,99,9,9,6,6,3,-1,-1,1995,2,4,FORD TRANSIT CUSTOM,-1,-1,0,-1
2024010502909,2024,010502909,2,19,0,99,99,9,9,99,99,9,9,99,9,99,9,9,6,6,3,-1,-1,1995,2,5,FORD TRANSIT CUSTOM,-1,-1,0,-1
2024421504382,2024,421504382,1,19,0,-1,4,4,8,-1,0,0,0,0,0,0,1,1,-1,1,1,37,7,1995,2,5,FORD TRANSIT CUSTOM,-1,-1,0,-1
2024361495377,2024,361495377,1,19,0,-1,19,7,4,-1,0,8,0,0,0,0,2,1,-1,1,1,54,8,1996,2,0,FORD TRANSIT CUSTOM,9,E01026527,0,1
2024440246025,2024,440246025,2,19,0,2,2,0,0,0,0,0,0,0,0,0,2,1,6,6,1,44,7,1995,2,5,FORD TRANSIT CUSTOM,-1,-1,0,-1
2024010524913,2024,010524913,1,19,0,13,13,5,1,0,0,8,0,0,0,0,2,1,6,6,1,50,8,1995,2,3,FORD TRANSIT CUSTOM,2,E01003966,0,1
2024461531557,2024,461531557,2,19,0,-1,3,8,4,-1,0,0,0,0,0,0,2,1,-1,9,1,42,7,1996,2,0,FORD TRANSIT CUSTOM,8,E01000671,0,4
2024010521864,2024,010521864,4,19,0,18,19,5,1,0,0,8,0,0,0,0,3,1,1,1,1,29,6,1995,2,1,FORD TRANSIT CUSTOM,3,E01000044,0,4
2024631473390,2024,631473390,1,19,0,-1,19,6,2,-1,0,0,5,0,2,9,3,1,-1,1,1,43,7,1995,2,6,FORD TRANSIT CUSTOM,3,E01012369,0,4
2024141486097,2024,141486097,2,19,0,-1,19,6,2,-1,0,0,0,0,0,0,2,1,-1,1,1,44,7,1995,2,5,FORD TRANSIT CUSTOM,1,E01008009,0,4
2024991512451,2024,991512451,2,19,0,-1,5,4,8,-1,0,0,0,0,0,0,1,1,-1,1,1,27,6,2198,2,10,FORD TRANSIT CUSTOM,1,-1,0,3
2024101526314,2024,101526314,6,19,0,-1,19,5,1,-1,0,0,0,0,0,0,4,1,-1,2,1,66,10,2198,2,10,FORD TRANSIT CUSTOM,4,E01008814,0,1
2024010522639,2024,010522639,1,19,0,5,5,3,7,3,2,0,0,0,0,0,1,1,2,2,1,22,5,1995,2,7,FORD TRANSIT CUSTOM,3,E01004167,0,1
2024622400035,2024,622400035,2,19,0,2,2,0,0,0,0,0,0,0,0,0,1,1,6,6,3,-1,-1,1995,2,6,FORD TRANSIT CUSTOM,-1,-1,0,-1
2024041513375,2024,041513375,2,19,0,-1,19,1,5,-1,0,0,0,0,1,0,1,1,-1,1,1,44,7,1995,2,3,FORD TRANSIT CUSTOM,3,E01006370,0,4
2024471494900,2024,471494900,1,19,0,-1,19,7,3,-1,0,0,0,0,7,4,1,1,-1,9,1,57,9,1995,2,6,FORD TRANSIT CUSTOM,1,E01021135,0,2
2024340NN1102,2024,340NN1102,2,19,0,-1,2,0,0,-1,0,0,0,0,0,0,1,1,-1,6,3,-1,-1,1995,2,3,FORD TRANSIT CUSTOM,-1,-1,0,-1
2024010497275,2024,010497275,2,19,0,5,5,5,1,0,0,1,0,0,0,0,0,1,1,1,2,-1,-1,1995,2,1,FORD TRANSIT CUSTOM,3,E01004734,0,1
2024311416197,2024,311416197,2,19,0,-1,3,7,3,-1,0,0,0,4,0,0,2,1,-1,9,1,36,7,1995,2,5,FORD TRANSIT CUSTOM,-1,-1,0,-1
2024010525006,2024,010525006,2,19,0,99,99,9,9,99,99,5,9,0,0,0,1,9,6,6,1,-1,-1,1995,2,6,FORD TRANSIT CUSTOM,7,E01004176,0,1
2024231498993,2024,231498993,2,19,0,-1,19,4,8,-1,0,8,0,0,0,0,3,1,-1,1,1,31,6,2198,2,9,FORD TRANSIT CUSTOM,4,E01031231,0,3
2024201523959,2024,201523959,1,19,0,-1,9,5,3,-1,0,6,0,0,0,0,1,1,-1,1,3,-1,-1,1996,2,0,FORD TRANSIT CUSTOM,-1,-1,0,-1
2024311430625,2024,311430625,1,19,0,-1,19,3,7,-1,0,6,0,0,0,0,1,1,-1,1,1,55,8,1995,2,5,FORD TRANSIT CUSTOM,5,E01020119,0,5
2024010527492,2024,010527492,1,10,0,5,5,0,3,0,0,0,0,0,0,0,4,1,6,6,1,26,6,-1,-1,-1,FORD TRANSIT CUSTOM,4,E01034156,0,1
2024070500703,2024,070500703,2,19,0,18,19,2,6,0,0,0,0,0,0,0,2,1,1,1,1,27,6,2198,2,10,FORD TRANSIT CUSTOM,3,E01012460,0,3
2024501439471,2024,501439471,1,19,0,-1,19,4,8,-1,0,0,0,0,1,0,1,1,-1,9,1,29,6,1995,2,3,FORD TRANSIT CUSTOM,1,E01015044,0,4
2024052402753,2024,052402753,1,19,0,9,9,5,2,0,0,8,0,0,0,0,4,1,1,1,1,55,8,1995,2,7,FORD TRANSIT CUSTOM,2,E01006656,0,2
2024552401533,2024,552401533,1,19,0,7,7,3,5,0,0,8,0,0,0,0,1,1,2,2,1,56,9,1995,2,8,FORD TRANSIT CUSTOM,7,E01033286,0,1
2024320682726,2024,320682726,1,19,0,11,11,5,1,0,0,3,5,0,0,0,3,1,1,1,1,32,6,1995,2,4,FORD TRANSIT CUSTOM,2,E01026379,0,4
2024111532882,2024,111532882,3,19,0,-1,3,5,1,-1,0,0,0,0,0,0,0,1,-1,6,1,33,6,2488,8,0,FORD TRANSIT CUSTOM,3,E01008718,0,2
2024421480838,2024,421480838,1,19,0,-1,19,2,6,-1,0,0,0,0,0,0,1,1,-1,1,1,25,5,1995,2,8,FORD TRANSIT CUSTOM,5,E01021426,0,2
2024501426858,2024,501426858,1,19,0,-1,19,1,5,-1,0,0,2,0,1,4,4,1,-1,1,1,44,7,1995,2,1,FORD TRANSIT CUSTOM,-1,-1,0,-1
2024451478161,2024,451478161,1,19,0,-1,7,3,5,-1,0,8,0,0,0,0,1,1,-1,9,1,65,9,1995,2,6,FORD TRANSIT CUSTOM,6,E01030738,0,1
2024430336774,2024,430336774,3,19,0,18,19,3,7,0,0,0,0,0,0,0,3,1,1,1,1,30,6,1995,2,2,FORD TRANSIT CUSTOM,-1,-1,0,-1
2024461475787,2024,461475787,3,19,0,-1,4,3,7,-1,0,0,0,0,0,0,2,1,-1,1,1,53,8,2198,2,9,FORD TRANSIT CUSTOM,4,E01024698,0,4
2024421400925,2024,421400925,2,19,0,-1,19,5,2,-1,0,0,0,0,0,0,1,1,-1,1,1,69,10,1995,2,3,FORD TRANSIT CUSTOM,3,E01021811,0,1
2024481558156,2024,481558156,1,20,0,-1,7,3,5,-1,0,2,0,0,0,0,3,1,-1,1,1,40,7,-1,-1,-1,FORD TRANSIT CUSTOM,-1,-1,0,-1
2024010530885,2024,010530885,1,19,0,18,19,5,1,0,0,0,0,0,0,0,1,1,6,6,1,34,6,1996,2,0,FORD TRANSIT CUSTOM,4,E01015956,0,4
2024131400368,2024,131400368,2,19,0,-1,19,1,5,-1,0,0,0,0,0,0,1,1,-1,6,1,34,6,1995,2,1,FORD TRANSIT CUSTOM,8,E01011185,0,3
2024311482496,2024,311482496,1,19,0,-1,4,1,5,-1,0,1,0,0,0,0,2,1,-1,1,1,40,7,1995,2,7,FORD TRANSIT CUSTOM,10,E01035509,0,2
2024371481684,2024,371481684,2,19,0,-1,9,7,5,-1,0,8,0,0,0,0,2,1,-1,1,1,46,8,2198,2,9,FORD TRANSIT CUSTOM,1,E01030227,0,1
2024010514415,2024,010514415,1,19,0,18,19,5,1,0,0,0,0,0,0,0,1,1,1,1,1,68,10,1995,2,5,FORD TRANSIT CUSTOM,2,E01003346,0,2
2024361469432,2024,361469432,1,19,0,-1,19,2,6,-1,0,0,1,0,0,0,1,1,-1,1,1,25,5,1995,2,5,FORD TRANSIT CUSTOM,6,E01018042,0,4
2024070804480,2024,070804480,2,19,0,-1,4,7,3,-1,0,1,0,0,0,0,2,1,-1,2,1,21,5,2198,2,10,FORD TRANSIT CUSTOM,10,E01018633,0,1
2024430247024,2024,430247024,1,19,0,18,19,6,2,0,0,0,0,0,0,0,4,1,6,6,1,63,9,1995,2,6,FORD TRANSIT CUSTOM,9,E01028798,0,2
2024041434010,2024,041434010,1,19,0,-1,19,1,5,-1,0,0,0,0,0,0,4,1,-1,2,1,38,7,1995,2,2,FORD TRANSIT CUSTOM,5,E01025435,0,4
2024010519598,2024,010519598,2,19,0,18,19,1,5,0,0,1,0,0,0,0,0,1,1,1,1,26,6,1995,2,1,FORD TRANSIT CUSTOM,5,E01000330,0,1
2024440492442,2024,440492442,2,19,0,18,19,6,2,0,0,0,0,0,0,0,1,1,1,1,1,35,6,1995,2,3,FORD TRANSIT CUSTOM,7,E01032121,0,4
2024010509610,2024,010509610,1,19,0,18,19,7,3,0,0,1,0,0,0,0,1,1,1,1,1,34,6,1995,2,7,FORD TRANSIT CUSTOM,2,E01020751,0,5
2024401406385,2024,401406385,1,19,0,-1,4,7,3,-1,0,8,0,0,0,0,1,9,-1,9,1,19,4,1995,2,1,FORD TRANSIT CUSTOM,8,E01017387,0,2
2024501414803,2024,501414803,1,19,0,-1,9,1,7,-1,0,8,0,0,0,0,1,1,-1,1,2,36,7,1995,2,6,FORD TRANSIT CUSTOM,1,E01015151,0,2
2024010539268,2024,010539268,1,19,0,3,3,3,7,0,0,0,0,0,1,0,0,1,1,1,1,42,7,1996,2,0,FORD TRANSIT CUSTOM,4,E01001225,0,3
2024440364045,2024,440364045,1,19,0,7,7,1,7,0,0,8,0,0,0,0,1,1,6,6,1,43,7,2198,2,11,FORD TRANSIT CUSTOM,4,E01022805,0,1
2024991529998,2024,991529998,2,19,0,-1,8,5,7,-1,0,1,0,0,0,0,4,1,-1,2,1,36,7,1995,2,3,FORD TRANSIT CUSTOM,10,-1,0,1
2024440247308,2024,440247308,1,19,0,18,19,7,3,0,0,0,0,0,0,0,4,1,6,6,1,39,7,1995,2,7,FORD TRANSIT CUSTOM,5,E01023026,0,1
2024991455948,2024,991455948,2,19,0,-1,19,3,7,-1,0,1,0,0,0,0,1,1,-1,1,1,55,8,1995,2,5,FORD TRANSIT CUSTOM,1,-1,0,4
2024010487411,2024,010487411,2,19,0,18,19,5,1,0,0,8,0,0,0,0,4,2,1,1,1,24,5,1995,2,4,FORD TRANSIT CUSTOM,7,E01023347,0,4
2024041457134,2024,041457134,1,19,0,-1,9,3,1,-1,0,8,0,0,0,0,1,1,-1,6,1,33,6,2198,2,8,FORD TRANSIT CUSTOM,2,E01025220,0,1
2024471473122,2024,471473122,2,19,0,-1,10,6,2,-1,0,8,0,0,0,0,2,1,-1,6,1,48,8,1995,2,6,FORD TRANSIT CUSTOM,5,E01021089,0,1
2024522402865,2024,522402865,1,19,0,9,9,8,5,0,0,3,0,0,0,0,1,1,6,6,1,56,9,1995,2,6,FORD TRANSIT CUSTOM,10,E01014888,0,1
2024010497635,2024,010497635,1,19,0,4,4,7,3,0,0,0,0,0,0,0,0,1,1,1,1,29,6,1995,2,1,FORD TRANSIT CUSTOM,9,E01003897,0,3
2024361499674,2024,361499674,2,19,0,-1,3,5,2,-1,0,0,0,0,0,0,2,1,-1,1,1,42,7,2198,2,10,FORD TRANSIT CUSTOM,9,E01021526,0,5
2024111491407,2024,111491407,1,19,0,-1,13,3,7,-1,0,0,0,0,0,0,1,1,-1,1,1,35,6,1996,2,0,FORD TRANSIT CUSTOM,7,E01020731,0,1
2024061507900,2024,061507900,2,19,0,-1,19,6,6,-1,0,0,0,0,0,0,3,1,-1,1,1,31,6,1995,2,1,FORD TRANSIT CUSTOM,2,E01006352,0,1
2024401537548,2024,401537548,1,19,0,-1,19,1,5,-1,0,0,0,0,0,0,1,1,-1,6,1,43,7,2198,2,9,FORD TRANSIT CUSTOM,-1,-1,0,-1
2024520402324,2024,520402324,2,19,0,18,19,2,4,0,0,0,0,0,0,0,1,1,6,6,3,-1,-1,1995,2,1,FORD TRANSIT CUSTOM,-1,-1,0,-1
2024991414205,2024,991414205,1,19,0,-1,5,2,7,-1,0,8,0,0,0,0,1,1,-1,1,1,33,6,1995,2,5,FORD TRANSIT CUSTOM,3,-1,0,4
2024010502341,2024,010502341,1,19,0,9,9,1,6,0,0,6,0,0,0,0,1,1,2,2,1,49,8,1995,2,5,FORD TRANSIT CUSTOM,5,E01017902,0,4
2024471494894,2024,471494894,3,19,0,-1,4,1,5,-1,0,1,0,0,0,0,2,1,-1,1,1,60,9,1995,2,5,FORD TRANSIT CUSTOM,8,E01021088,0,3
2024991549553,2024,991549553,1,19,0,-1,8,8,5,-1,0,1,0,0,0,0,1,1,-1,1,1,42,7,1996,2,1,FORD TRANSIT CUSTOM,6,-1,0,3
2024552400257,2024,552400257,2,19,0,18,19,7,3,0,0,1,0,0,0,0,2,1,1,1,1,40,7,1995,2,1,FORD TRANSIT CUSTOM,6,E01020516,0,3
2024340WN4342,2024,340WN4342,1,19,0,-1,14,5,1,-1,0,1,0,0,0,0,1,1,-1,6,1,-1,-1,1995,2,3,FORD TRANSIT CUSTOM,-1,-1,0,-1
2024520403282,2024,520403282,2,19,9,18,19,9,9,0,0,1,0,0,0,0,1,1,6,6,3,-1,-1,1995,2,5,FORD TRANSIT CUSTOM,-1,-1,0,-1
2024371466465,2024,371466465,1,19,0,-1,19,4,8,-1,0,0,0,12,0,0,1,1,-1,1,1,62,9,1995,2,1,FORD TRANSIT CUSTOM,7,E01030038,0,1
2024440148937,2024,440148937,3,19,0,18,19,5,1,0,0,0,0,0,0,0,1,1,6,6,1,38,7,1995,2,8,FORD TRANSIT CUSTOM,1,E01022903,0,1
2024320036680,2024,320036680,2,19,0,-1,-1,2,6,0,0,0,0,0,0,0,1,1,-1,-1,1,57,9,2198,2,8,FORD TRANSIT CUSTOM,8,E01034700,0,4
2024361504396,2024,361504396,1,19,0,-1,7,6,8,-1,0,8,0,0,0,0,1,1,-1,1,1,47,8,2198,2,11,FORD TRANSIT CUSTOM,5,E01026693,0,1
2024622400153,2024,622400153,2,19,0,5,5,4,8,0,0,1,0,0,0,0,4,1,1,1,1,40,7,1995,2,4,FORD TRANSIT CUSTOM,3,W01000838,0,1
2024231441135,2024,231441135,1,19,0,-1,19,4,8,-1,0,0,0,0,0,0,1,9,-1,1,1,40,7,1995,2,2,FORD TRANSIT CUSTOM,2,E01008892,0,4
2024622400462,2024,622400462,1,19,0,18,19,8,4,0,0,1,0,0,0,0,1,1,6,6,2,21,5,1995,2,4,FORD TRANSIT CUSTOM,10,W01001196,0,1
2024421501217,2024,421501217,1,19,0,-1,19,6,2,-1,0,0,0,0,0,0,1,1,-1,6,1,38,7,1995,2,5,FORD TRANSIT CUSTOM,10,E01021251,0,2
2024991435737,2024,991435737,3,19,0,-1,3,3,7,-1,0,1,0,0,0,0,3,1,-1,6,2,35,6,1996,2,0,FORD TRANSIT CUSTOM,6,-1,0,2
2024031527937,2024,031527937,1,19,0,-1,19,8,4,-1,0,0,1,0,7,0,3,1,-1,8,2,20,4,1995,2,3,FORD TRANSIT CUSTOM,-1,-1,0,-1
2024522402102,2024,522402102,1,19,0,9,9,6,4,0,0,5,0,0,0,0,1,1,6,6,1,47,8,1995,2,7,FORD TRANSIT CUSTOM,9,E01014908,0,1
2024221469409,2024,221469409,1,19,0,-1,19,7,3,-1,0,0,5,0,1,11,4,9,-1,6,1,21,5,1995,2,6,FORD TRANSIT CUSTOM,2,E01009934,0,4
2024052401467,2024,052401467,1,19,0,6,6,7,7,0,0,0,0,0,0,0,3,1,6,6,1,64,9,1995,2,7,FORD TRANSIT CUSTOM,1,E01007005,0,1
202460Q172649,2024,60Q172649,2,20,0,2,2,0,0,0,0,0,0,0,0,0,1,1,1,1,1,25,5,-1,-1,-1,FORD TRANSIT CUSTOM,-1,-1,0,-1
2024302400612,2024,302400612,1,19,0,1,1,6,2,9,9,1,0,0,0,0,2,1,6,6,1,59,9,1995,2,3,FORD TRANSIT CUSTOM,5,E01019440,0,1
2024361504029,2024,361504029,2,19,0,-1,5,1,5,-1,0,1,0,0,0,0,1,1,-1,6,1,35,6,1995,2,7,FORD TRANSIT CUSTOM,7,E01026903,0,2
2024421521038,2024,421521038,1,19,0,-1,19,3,7,-1,0,1,0,0,0,0,4,9,-1,6,3,-1,-1,1995,2,7,FORD TRANSIT CUSTOM,-1,-1,0,-1
2024451425097,2024,451425097,2,19,0,-1,3,6,2,-1,0,0,0,0,0,0,2,1,-1,1,1,48,8,1995,2,6,FORD TRANSIT CUSTOM,2,E01001118,0,3