collision_index,collision_year,collision_ref_no,vehicle_reference,vehicle_type,towing_and_articulation,vehicle_manoeuvre_historic,vehicle_manoeuvre,vehicle_direction_from,vehicle_direction_to,vehicle_location_restricted_lane_historic,vehicle_location_restricted_lane,junction_location,skidding_and_overturning,hit_object_in_carriageway,vehicle_leaving_carriageway,hit_object_off_carriageway,first_point_of_impact,vehicle_left_hand_drive,journey_purpose_of_driver_historic,journey_purpose_of_driver,sex_of_driver,age_of_driver,age_band_of_driver,engine_capacity_cc,propulsion_code,age_of_vehicle,generic_make_model,driver_imd_decile,lsoa_of_driver,escooter_flag,driver_distance_banding
2024501401415,2024,501401415,4,19,0,-1,19,6,2,-1,0,0,0,0,0,0,3,1,-1,2,1,34,6,1995,2,5,FORD TRANSIT CUSTOM,4,E01034850,0,2
2024061489065,2024,061489065,1,19,0,-1,15,5,1,-1,0,1,1,0,7,0,1,1,-1,8,2,27,6,1995,2,5,FORD TRANSIT CUSTOM,1,E01005497,0,3
2024201517483,2024,201517483,1,19,0,-1,14,5,1,-1,0,0,0,0,0,0,1,9,-1,6,3,-1,-1,1995,2,4,FORD TRANSIT CUSTOM,-1,-1,0,-1
2024041407772,2024,041407772,1,19,0,-1,19,5,1,-1,0,1,0,0,0,0,1,1,-1,6,1,39,7,1995,2,4,FORD TRANSIT CUSTOM,1,E01005142,0,4
2024471428129,2024,471428129,3,19,0,-1,2,0,0,-1,9,0,0,0,0,0,1,1,-1,6,-1,-1,-1,1995,2,7,FORD TRANSIT CUSTOM,-1,-1,0,-1
202417M105524,2024,17M105524,2,19,0,-1,19,2,6,-1,0,1,0,0,0,0,1,1,-1,1,1,-1,-1,1995,2,4,FORD TRANSIT CUSTOM,-1,-1,0,-1
2024010544122,2024,010544122,2,19,0,99,99,9,9,99,99,9,9,99,9,99,9,9,6,6,3,-1,-1,2198,2,8,FORD TRANSIT CUSTOM,-1,-1,0,-1
2024070614883,2024,070614883,2,19,0,2,2,5,1,0,0,0,0,0,0,0,4,1,6,6,3,-1,-1,1995,2,7,FORD TRANSIT CUSTOM,-1,-1,0,-1
2024201497140,2024,201497140,1,19,0,-1,19,7,3,-1,0,8,0,0,0,0,1,1,-1,1,1,-1,-1,1995,2,3,FORD TRANSIT CUSTOM,-1,-1,0,-1
2024061423793,2024,061423793,2,19,0,-1,9,4,2,-1,0,1,0,0,0,0,3,1,-1,9,1,35,6,2198,2,8,FORD TRANSIT CUSTOM,9,E01005736,0,2
2024010516183,2024,010516183,1,19,0,18,19,1,5,0,0,0,0,0,0,0,1,1,2,2,1,43,7,1995,2,0,FORD TRANSIT CUSTOM,10,E01002257,0,3
2024451458079,2024,451458079,1,19,0,-1,6,5,1,-1,0,0,0,0,0,0,1,1,-1,1,1,45,7,1995,2,1,FORD TRANSIT CUSTOM,3,E01001999,0,4
2024361472261,2024,361472261,1,19,0,-1,9,5,1,-1,0,8,0,0,0,0,3,1,-1,1,2,54,8,1995,2,4,FORD TRANSIT CUSTOM,10,E01035144,0,1
2024010505355,2024,010505355,1,19,0,5,5,7,3,4,4,8,0,0,0,0,3,1,1,1,1,26,6,2198,2,10,FORD TRANSIT CUSTOM,10,E01021960,0,4
2024351438938,2024,351438938,1,19,4,-1,15,7,3,-1,0,0,0,0,0,0,4,1,-1,1,1,73,10,2198,2,10,FORD TRANSIT CUSTOM,5,E01018138,0,1
2024430503907,2024,430503907,2,20,0,8,8,1,3,0,0,8,0,0,0,0,4,1,1,1,1,58,9,-1,-1,-1,FORD TRANSIT CUSTOM,8,E01016711,0,1
2024211477640,2024,211477640,1,19,0,-1,19,3,6,-1,0,0,2,0,0,0,1,1,-1,6,1,57,9,2198,2,9,FORD TRANSIT CUSTOM,-1,-1,0,-1
2024010500021,2024,010500021,2,19,0,12,12,3,7,0,0,1,0,0,0,0,3,1,6,6,3,-1,-1,1995,2,4,FORD TRANSIT CUSTOM,-1,-1,0,-1
2024010509479,2024,010509479,1,19,0,18,19,3,7,0,0,1,0,0,0,0,1,1,2,2,1,37,7,1995,2,2,FORD TRANSIT CUSTOM,1,E01001798,0,1
2024302401750,2024,302401750,2,19,0,-1,19,6,2,-1,0,0,0,0,0,0,2,1,-1,6,1,71,10,1996,2,0,FORD TRANSIT CUSTOM,5,E01028189,0,4
2024061532534,2024,061532534,2,19,0,-1,19,-1,-1,-1,0,0,0,0,0,0,1,1,-1,6,3,-1,-1,2198,2,10,FORD TRANSIT CUSTOM,-1,-1,0,-1
2024052402612,2024,052402612,3,19,0,2,2,0,0,0,0,8,0,0,0,0,2,1,6,6,3,-1,-1,2198,2,10,FORD TRANSIT CUSTOM,-1,-1,0,-1
2024520001543,2024,520001543,1,19,0,5,5,8,4,0,0,7,0,0,0,0,1,1,6,6,1,62,9,1995,2,3,FORD TRANSIT CUSTOM,3,E01014948,0,4
2024421409118,2024,421409118,1,19,0,-1,9,3,5,-1,0,5,0,0,0,0,3,1,-1,9,1,28,6,1995,2,4,FORD TRANSIT CUSTOM,9,E01021926,0,1
2024461439293,2024,461439293,1,19,0,-1,19,3,7,-1,0,0,0,0,7,0,1,1,-1,2,1,26,6,1995,2,3,FORD TRANSIT CUSTOM,1,E01024597,0,2
2024070847486,2024,070847486,1,19,0,-1,19,4,8,-1,0,0,0,0,0,0,1,1,-1,1,1,54,8,1995,2,2,FORD TRANSIT CUSTOM,2,E01018364,0,1
2024361512326,2024,361512326,1,19,0,-1,19,1,4,-1,0,2,0,0,0,0,1,1,-1,2,1,26,6,1995,2,1,FORD TRANSIT CUSTOM,10,E01026927,0,1
2024010542168,2024,010542168,2,19,0,99,99,9,9,99,99,9,9,99,9,99,2,9,6,6,3,-1,-1,1996,2,0,FORD TRANSIT CUSTOM,-1,-1,0,-1
2024451515446,2024,451515446,1,19,0,-1,4,5,1,-1,0,0,0,0,0,0,1,1,-1,1,1,24,5,1995,2,6,FORD TRANSIT CUSTOM,10,E01030297,0,1
2024070187523,2024,070187523,2,19,0,4,4,1,5,0,0,0,0,0,0,0,0,1,1,1,1,33,6,1995,2,4,FORD TRANSIT CUSTOM,7,E01004775,0,3
2024451409447,2024,451409447,1,19,0,-1,19,3,7,-1,0,0,1,0,0,0,3,1,-1,9,1,24,5,2198,2,8,FORD TRANSIT CUSTOM,5,E01030459,0,3
2024010515973,2024,010515973,1,19,0,18,19,3,7,0,0,0,0,0,0,0,4,1,1,1,1,46,8,1995,2,5,FORD TRANSIT CUSTOM,6,E01004451,0,2
2024531483075,2024,531483075,3,19,0,-1,3,8,4,-1,0,0,0,0,0,0,2,1,-1,1,1,68,10,1995,2,2,FORD TRANSIT CUSTOM,6,E01022262,0,1
2024131405741,2024,131405741,1,19,0,-1,19,1,5,-1,0,8,0,0,0,0,1,1,-1,6,1,27,6,1995,2,3,FORD TRANSIT CUSTOM,1,E01010724,0,1
2024361521193,2024,361521193,2,19,0,-1,19,-1,-1,-1,0,0,0,0,0,0,2,1,-1,2,1,60,9,1995,2,5,FORD TRANSIT CUSTOM,7,E01026928,0,2
2024622400577,2024,622400577,1,19,0,18,19,6,2,0,0,4,0,0,0,0,1,1,6,6,1,49,8,1995,2,5,FORD TRANSIT CUSTOM,1,W01001955,0,2
2024010535768,2024,010535768,1,19,0,99,99,9,9,99,99,5,9,99,9,99,9,9,1,1,1,32,6,1995,2,2,FORD TRANSIT CUSTOM,3,E01015922,0,4
2024361410091,2024,361410091,1,19,0,-1,19,7,3,-1,0,0,0,0,0,0,1,1,-1,1,1,32,6,2198,2,8,FORD TRANSIT CUSTOM,6,E01026257,0,4
2024122500165,2024,122500165,1,19,0,18,19,3,7,0,0,2,0,0,0,0,1,1,3,7,1,40,7,1995,2,1,FORD TRANSIT CUSTOM,6,E01027689,0,1
2024231510881,2024,231510881,2,19,0,-1,19,6,2,-1,0,0,0,0,0,0,3,9,-1,6,1,31,6,2198,2,8,FORD TRANSIT CUSTOM,6,E01031084,0,1
2024522402811,2024,522402811,1,19,0,18,19,9,9,0,0,0,0,0,0,0,2,1,6,6,1,23,5,1995,2,5,FORD TRANSIT CUSTOM,7,E01014722,0,1
202454D908324,2024,54D908324,2,19,0,4,4,3,7,0,0,1,0,0,0,0,1,1,6,6,1,36,7,1995,2,5,FORD TRANSIT CUSTOM,1,E01032096,0,2
2024351405098,2024,351405098,2,19,-1,-1,-1,-1,-1,-1,-1,0,-1,-1,-1,0,-1,9,-1,1,1,45,7,1995,2,2,FORD TRANSIT CUSTOM,4,E01018044,0,3
2024421410457,2024,421410457,1,19,0,-1,5,3,5,-1,0,4,0,0,0,0,3,1,-1,6,1,55,8,1995,2,7,FORD TRANSIT CUSTOM,4,E01021808,0,4
2024471477651,2024,471477651,3,19,0,-1,3,5,1,-1,0,0,1,0,0,0,2,1,-1,2,1,29,6,1995,2,3,FORD TRANSIT CUSTOM,8,E01035341,0,2
2024010544524,2024,010544524,1,19,0,17,19,1,5,0,0,2,0,0,0,0,1,1,1,1,1,64,9,1995,2,3,FORD TRANSIT CUSTOM,2,E01002033,0,4
2024340WN0182,2024,340WN0182,1,19,0,-1,19,8,4,-1,0,6,0,0,0,0,3,1,-1,9,1,65,9,1995,2,3,FORD TRANSIT CUSTOM,4,E01009927,0,4
2024451416136,2024,451416136,2,19,0,-1,19,3,7,-1,0,0,0,0,0,0,1,1,-1,1,1,26,6,1995,2,8,FORD TRANSIT CUSTOM,5,E01030814,0,2
2024991403346,2024,991403346,2,19,0,-1,19,3,7,-1,0,2,0,0,0,0,1,1,-1,1,1,55,8,1995,2,2,FORD TRANSIT CUSTOM,8,-1,0,4
2024421401170,2024,421401170,1,19,0,-1,19,8,3,-1,0,0,0,0,0,0,1,1,-1,6,1,54,8,1995,2,4,FORD TRANSIT CUSTOM,5,E01018157,0,5
2024411542246,2024,411542246,2,19,0,-1,19,3,7,-1,0,0,0,0,0,0,2,1,-1,6,1,22,5,1995,2,2,FORD TRANSIT CUSTOM,6,E01021502,0,4
2024052401745,2024,052401745,1,19,0,18,19,3,7,0,0,8,0,0,0,0,3,1,6,6,2,51,8,1995,2,4,FORD TRANSIT CUSTOM,5,E01007106,0,3
2024522500570,2024,522500570,1,19,0,7,7,2,3,9,9,5,0,0,0,0,4,1,6,6,1,55,8,1995,2,1,FORD TRANSIT CUSTOM,8,E01014938,0,2
2024010519517,2024,010519517,1,19,0,99,99,9,9,99,99,9,9,99,9,99,2,9,1,1,1,25,5,1995,2,1,FORD TRANSIT CUSTOM,4,E01001624,0,3
2024070731790,2024,070731790,2,19,0,-1,19,7,1,-1,0,3,5,10,0,0,4,1,-1,9,1,22,5,1995,2,1,FORD TRANSIT CUSTOM,5,E01027608,0,5
2024421494835,2024,421494835,1,19,0,-1,19,5,1,-1,0,0,0,0,0,0,1,1,-1,1,1,57,9,1995,2,4,FORD TRANSIT CUSTOM,7,E01022020,0,3
2024010529490,2024,010529490,2,19,0,16,19,6,1,0,0,4,0,0,0,0,1,1,1,1,1,59,9,1995,2,1,FORD TRANSIT CUSTOM,2,E01003330,0,3
2024552400628,2024,552400628,1,19,0,18,19,8,4,0,0,6,0,0,3,0,1,1,1,1,1,24,5,1995,2,8,FORD TRANSIT CUSTOM,2,E01014515,0,4
2024430587043,2024,430587043,2,19,0,2,2,0,0,0,0,0,0,0,0,0,2,1,2,2,1,33,6,2198,2,8,FORD TRANSIT CUSTOM,8,E01017838,0,4
2024440414161,2024,440414161,1,19,0,18,19,5,1,0,0,2,0,0,0,0,3,1,6,6,1,30,6,1995,2,1,FORD TRANSIT CUSTOM,-1,-1,0,-1
2024010537917,2024,010537917,1,19,0,4,4,3,7,0,0,0,0,0,0,0,3,1,1,1,1,50,8,1995,2,2,FORD TRANSIT CUSTOM,-1,-1,0,-1
2024622400377,2024,622400377,2,19,0,4,4,4,8,0,0,1,0,0,0,0,1,1,1,1,1,60,9,1995,2,4,FORD TRANSIT CUSTOM,3,W01001216,0,3
2024622400606,2024,622400606,1,19,0,9,9,6,4,0,0,5,0,0,0,0,1,1,2,2,1,51,8,1995,2,6,FORD TRANSIT CUSTOM,5,W01001164,0,1
2024311512517,2024,311512517,1,19,0,-1,4,6,2,-1,0,0,0,0,0,0,2,9,-1,1,1,-1,-1,1996,2,0,FORD TRANSIT CUSTOM,-1,-1,0,-1
2024311480547,2024,311480547,1,10,0,-1,19,1,5,-1,0,0,1,4,0,0,1,1,-1,6,1,23,5,2198,2,9,FORD TRANSIT CUSTOM,3,E01026131,0,4
2024010503431,2024,010503431,3,19,0,18,19,1,5,0,0,1,0,0,0,0,1,1,1,1,1,41,7,1995,2,7,FORD TRANSIT CUSTOM,-1,-1,0,-1
2024991399467,2024,991399467,3,19,0,-1,2,8,4,-1,0,0,0,0,0,0,0,1,-1,1,1,24,5,1995,2,4,FORD TRANSIT CUSTOM,7,-1,0,4
2024141527538,2024,141527538,2,19,0,-1,2,0,0,-1,0,0,0,0,0,0,1,1,-1,6,-1,-1,-1,1995,2,5,FORD TRANSIT CUSTOM,-1,-1,0,-1
2024461442415,2024,461442415,1,19,0,-1,4,4,7,-1,0,0,0,0,0,0,0,9,-1,6,2,30,6,1995,2,3,FORD TRANSIT CUSTOM,7,E01024124,0,4
2024547863324,2024,547863324,2,19,0,18,19,1,5,0,0,1,0,0,0,0,1,1,6,6,1,52,8,1995,2,3,FORD TRANSIT CUSTOM,9,E01031955,0,1
2024451491049,2024,451491049,2,19,0,-1,-1,-1,-1,-1,-1,-1,-1,-1,-1,0,-1,1,-1,6,1,70,10,2198,2,11,FORD TRANSIT CUSTOM,6,E01030550,0,1
2024461535934,2024,461535934,4,19,-1,-1,2,0,0,-1,0,0,0,0,0,0,4,9,-1,6,3,-1,-1,1995,2,6,FORD TRANSIT CUSTOM,-1,-1,0,-1
2024461467749,2024,461467749,1,19,0,-1,19,1,5,-1,0,0,0,0,0,0,4,9,-1,6,1,30,6,1995,2,5,FORD TRANSIT CUSTOM,7,E01024798,0,1
2024546603724,2024,546603724,1,19,0,5,5,6,8,0,0,4,0,0,0,0,3,1,2,2,1,37,7,2198,2,9,FORD TRANSIT CUSTOM,4,E01031980,0,1
2024320301130,2024,320301130,1,19,0,-1,-1,6,2,0,0,2,0,0,0,0,1,1,1,1,1,54,8,1995,2,3,FORD TRANSIT CUSTOM,2,E01013129,0,4
202454C152724,2024,54C152724,2,19,0,4,4,2,6,0,0,0,1,0,0,0,2,1,1,1,2,46,8,1995,2,7,FORD TRANSIT CUSTOM,5,E01032089,0,1
2024041455639,2024,041455639,3,19,0,-1,19,3,7,-1,0,0,0,0,0,0,2,1,-1,1,1,29,6,1995,2,7,FORD TRANSIT CUSTOM,10,E01025352,0,3
2024070899819,2024,070899819,4,19,4,-1,19,7,3,-1,0,0,0,0,1,0,3,1,-1,2,1,33,6,1995,2,3,FORD TRANSIT CUSTOM,1,E01025049,0,4
2024211422203,2024,211422203,1,19,0,-1,19,4,8,-1,0,0,0,0,0,0,1,9,-1,2,1,31,6,1995,2,2,FORD TRANSIT CUSTOM,1,E01010031,0,4
2024631452269,2024,631452269,1,19,0,-1,19,6,2,-1,0,1,0,0,1,11,1,1,-1,9,1,43,7,1995,2,5,FORD TRANSIT CUSTOM,8,W01000445,0,3
2024501469246,2024,501469246,1,19,0,-1,9,6,3,-1,99,1,0,0,0,0,3,1,-1,2,1,57,9,1995,2,7,FORD TRANSIT CUSTOM,4,E01020149,0,1
2024052401684,2024,052401684,3,19,0,2,2,0,0,0,0,0,0,0,0,0,1,1,6,6,3,-1,-1,1995,2,5,FORD TRANSIT CUSTOM,-1,-1,0,-1
2024622400213,2024,622400213,1,19,0,18,19,3,7,0,0,0,0,0,0,0,1,1,1,1,1,58,9,1995,2,6,FORD TRANSIT CUSTOM,4,W01001187,0,4
2024440484058,2024,440484058,2,19,0,5,5,3,7,0,0,2,0,0,0,0,3,1,2,2,1,41,7,1995,2,3,FORD TRANSIT CUSTOM,9,E01023016,0,3
2024991471030,2024,991471030,1,19,0,-1,9,8,6,-1,0,8,0,0,0,0,4,1,-1,1,1,26,6,1995,2,2,FORD TRANSIT CUSTOM,9,-1,0,3
2024549992524,2024,549992524,2,19,0,2,2,0,0,0,0,0,0,0,0,0,1,1,6,6,1,-1,-1,2198,2,10,FORD TRANSIT CUSTOM,-1,-1,0,-1
2024371517721,2024,371517721,3,19,0,-1,2,0,0,-1,0,1,0,0,0,0,3,1,-1,1,1,46,8,1995,2,1,FORD TRANSIT CUSTOM,5,E01030275,0,1
2024311430158,2024,311430158,2,19,0,-1,4,8,4,-1,0,0,0,0,0,0,2,1,-1,6,1,50,8,1995,2,5,FORD TRANSIT CUSTOM,-1,-1,0,-1
2024471477022,2024,471477022,1,19,0,-1,19,1,5,-1,0,0,0,0,0,0,1,1,-1,2,1,36,7,1995,2,4,FORD TRANSIT CUSTOM,5,E01030862,0,3
2024010541498,2024,010541498,1,19,0,3,3,1,5,0,0,2,0,0,0,0,0,1,1,1,1,26,6,1995,2,1,FORD TRANSIT CUSTOM,7,E01002514,0,1
2024371480077,2024,371480077,2,19,0,-1,19,3,7,-1,0,8,0,0,0,0,4,1,-1,9,1,57,9,1995,2,4,FORD TRANSIT CUSTOM,6,E01029926,0,3
2024161400794,2024,161400794,2,19,0,-1,19,7,3,-1,0,1,0,0,0,0,2,1,-1,9,1,41,7,1995,2,5,FORD TRANSIT CUSTOM,5,E01026107,0,1
2024041461748,2024,041461748,4,19,0,-1,2,5,5,-1,0,2,0,0,0,0,2,1,-1,6,-1,-1,-1,1995,2,1,FORD TRANSIT CUSTOM,-1,-1,0,-1
2024371507862,2024,371507862,1,19,0,-1,19,7,3,-1,0,8,0,0,0,0,1,1,-1,6,1,61,9,2198,2,9,FORD TRANSIT CUSTOM,1,E01033131,0,1
2024440081442,2024,440081442,1,19,0,18,19,7,3,0,0,8,0,0,0,0,1,1,1,1,1,53,8,1995,2,1,FORD TRANSIT CUSTOM,5,E01020332,0,5
2024361440865,2024,361440865,2,19,0,-1,4,5,1,-1,0,0,0,0,0,0,2,1,-1,9,1,37,7,2198,2,9,FORD TRANSIT CUSTOM,2,E01026829,0,4
2024531474430,2024,531474430,2,19,0,-1,19,1,5,-1,0,1,0,0,0,0,1,1,-1,6,2,43,7,1995,2,1,FORD TRANSIT CUSTOM,1,E01015538,0,4
2024451462387,2024,451462387,3,19,0,-1,2,0,0,-1,0,0,0,0,0,0,3,1,-1,6,-1,-1,-1,2198,2,11,FORD TRANSIT CUSTOM,-1,-1,0,-1
2024421466448,2024,421466448,2,19,0,-1,19,4,8,-1,0,0,0,0,0,0,2,1,-1,9,1,67,10,1995,2,6,FORD TRANSIT CUSTOM,-1,-1,0,-1
2024221512698,2024,221512698,2,19,0,-1,4,2,6,-1,0,0,0,0,0,0,2,9,-1,6,1,53,8,1995,2,7,FORD TRANSIT CUSTOM,8,E01032410,0,1
2024421455702,2024,421455702,2,19,0,-1,19,3,7,-1,0,0,0,0,0,0,3,1,-1,1,1,53,8,1995,2,6,FORD TRANSIT CUSTOM,6,E01021683,0,1
202417M100424,2024,17M100424,1,19,0,18,19,5,1,0,0,0,0,0,0,0,1,1,1,1,1,26,6,1995,2,5,FORD TRANSIT CUSTOM,7,E01012047,0,1
2024332400789,2024,332400789,1,19,0,-1,9,3,1,-1,0,6,0,0,0,0,3,1,-1,2,1,33,6,1995,2,4,FORD TRANSIT CUSTOM,7,E01025937,0,1
2024461521866,2024,461521866,1,19,0,-1,9,1,5,-1,0,1,0,0,0,0,1,2,-1,2,1,29,6,1995,2,4,FORD TRANSIT CUSTOM,6,E01024036,0,2
2024101487127,2024,101487127,2,19,0,-1,19,1,5,-1,0,0,0,0,0,0,1,1,-1,6,3,-1,-1,1995,2,7,FORD TRANSIT CUSTOM,-1,-1,0,-1
2024991490912,2024,991490912,1,19,0,-1,19,2,6,-1,0,0,0,0,0,0,3,1,-1,6,1,44,7,2198,2,11,FORD TRANSIT CUSTOM,-1,-1,0,-1
2024010540559,2024,010540559,2,19,0,18,19,3,7,0,0,1,0,0,0,0,1,1,6,6,1,60,9,1995,2,4,FORD TRANSIT CUSTOM,7,E01001341,0,1
2024440517251,2024,440517251,2,19,0,18,19,4,8,0,0,8,0,0,0,0,1,1,2,2,1,68,10,1995,2,3,FORD TRANSIT CUSTOM,10,E01023207,0,1
2024451414368,2024,451414368,1,19,0,-1,19,6,2,-1,0,0,0,0,0,0,1,1,-1,9,1,23,5,1995,2,8,FORD TRANSIT CUSTOM,7,E01030972,0,1
2024440439347,2024,440439347,2,19,0,18,19,3,7,0,0,8,0,0,0,0,4,1,2,2,1,20,4,1995,2,4,FORD TRANSIT CUSTOM,2,E01017117,0,2
2024010513717,2024,010513717,3,19,0,18,19,5,1,0,0,0,0,0,0,0,4,1,1,1,1,32,6,1995,2,7,FORD TRANSIT CUSTOM,-1,-1,0,-1
2024010514779,2024,010514779,3,19,0,18,19,4,8,0,0,1,0,0,0,0,1,1,1,1,1,36,7,1995,2,7,FORD TRANSIT CUSTOM,7,E01021628,0,4
2024010540756,2024,010540756,1,19,0,9,9,7,4,0,0,5,0,0,0,0,1,1,2,2,1,45,7,1995,2,1,FORD TRANSIT CUSTOM,2,E01003267,0,1
2024010518275,2024,010518275,1,19,0,2,2,0,0,0,0,2,0,8,0,0,3,1,6,6,3,-1,-1,1995,2,5,FORD TRANSIT CUSTOM,-1,-1,0,-1
2024010543637,2024,010543637,1,19,0,99,99,9,9,99,99,9,9,99,9,99,9,9,2,2,1,42,7,1995,2,3,FORD TRANSIT CUSTOM,2,E01000470,0,3
2024522401898,2024,522401898,1,19,0,18,19,7,3,0,0,0,0,0,0,0,4,1,6,6,3,-1,-1,2198,2,9,FORD TRANSIT CUSTOM,-1,-1,0,-1
2024531518433,2024,531518433,1,19,0,-1,6,5,1,-1,0,8,0,0,0,0,3,9,-1,6,3,-1,-1,1995,2,5,FORD TRANSIT CUSTOM,-1,-1,0,-1
2024440196909,2024,440196909,2,19,0,18,19,4,8,0,0,0,0,0,1,10,2,1,6,6,1,33,6,1995,2,7,FORD TRANSIT CUSTOM,2,E01017244,0,2
2024451515474,2024,451515474,2,19,0,-1,19,3,7,-1,0,8,0,0,0,0,1,1,-1,2,1,63,9,1996,2,1,FORD TRANSIT CUSTOM,4,E01030503,0,4
2024320446710,2024,320446710,1,19,0,4,4,2,6,0,0,0,0,0,0,0,0,1,6,6,1,-1,-1,1995,2,4,FORD TRANSIT CUSTOM,-1,-1,0,-1
2024332400869,2024,332400869,1,19,0,-1,19,7,3,-1,0,8,0,0,0,0,4,1,-1,9,1,48,8,2198,2,8,FORD TRANSIT CUSTOM,2,E01031119,0,4
2024131403025,2024,131403025,3,19,0,-1,19,8,4,-1,0,0,0,0,0,0,2,1,-1,1,1,64,9,1995,2,7,FORD TRANSIT CUSTOM,3,E01007807,0,4
2024010548876,2024,010548876,1,19,0,18,19,7,3,0,0,0,0,0,0,0,1,1,2,2,1,41,7,1995,2,5,FORD TRANSIT CUSTOM,1,E01015932,0,3
2024471432821,2024,471432821,3,19,0,-1,12,6,2,-1,0,0,9,0,0,0,1,1,-1,6,1,-1,-1,1995,2,3,FORD TRANSIT CUSTOM,6,E01031607,0,1
2024041496395,2024,041496395,2,19,0,-1,19,6,2,-1,0,8,0,0,1,0,3,1,-1,1,1,32,6,1995,2,6,FORD TRANSIT CUSTOM,4,E01012703,0,4
2024010525866,2024,010525866,1,19,0,9,9,3,1,0,0,1,0,0,0,0,4,1,2,2,1,59,9,1995,2,2,FORD TRANSIT CUSTOM,8,E01024454,0,4
2024052400843,2024,052400843,2,19,0,2,2,0,0,0,0,0,0,0,0,0,2,1,6,6,3,-1,-1,1995,2,2,FORD TRANSIT CUSTOM,-1,-1,0,-1
2024451532571,2024,451532571,1,19,0,-1,19,3,7,-1,0,0,0,0,0,0,2,1,-1,1,1,33,6,1995,2,2,FORD TRANSIT CUSTOM,8,E01032226,0,5
2024010546369,2024,010546369,2,19,9,99,99,9,9,99,99,9,9,99,9,99,2,9,6,6,3,-1,-1,1995,2,4,FORD TRANSIT CUSTOM,-1,-1,0,-1
2024010491958,2024,010491958,2,19,0,18,19,1,5,0,0,0,0,0,0,0,1,1,6,6,1,31,6,1995,2,2,FORD TRANSIT CUSTOM,-1,-1,0,-1
2024010503199,2024,010503199,2,19,0,7,7,2,4,0,0,8,0,0,0,0,1,1,1,1,1,39,7,1995,2,7,FORD TRANSIT CUSTOM,4,E01003249,0,1
2024471427504,2024,471427504,2,19,0,-1,19,4,8,-1,0,2,0,0,1,0,3,1,-1,2,1,48,8,1996,2,0,FORD TRANSIT CUSTOM,5,E01031595,0,4
2024501427420,2024,501427420,1,19,0,-1,19,1,5,-1,0,1,0,0,0,0,1,9,-1,6,1,25,5,1995,2,1,FORD TRANSIT CUSTOM,3,E01018869,0,2
2024991436683,2024,991436683,2,19,0,-1,3,5,1,-1,0,1,0,0,0,0,2,1,-1,1,1,48,8,1995,2,7,FORD TRANSIT CUSTOM,5,E01010109,0,5
2024201533753,2024,201533753,1,19,0,-1,19,5,1,-1,0,0,0,0,0,0,1,1,-1,2,1,63,9,1995,2,3,FORD TRANSIT CUSTOM,6,E01021972,0,5
2024010529856,2024,010529856,1,19,0,18,19,7,3,0,0,0,0,0,0,0,0,1,1,1,1,52,8,1995,2,1,FORD TRANSIT CUSTOM,7,E01003456,0,1
2024010549661,2024,010549661,2,19,0,18,19,5,1,0,0,1,0,0,0,0,1,1,6,6,3,23,5,2198,2,9,FORD TRANSIT CUSTOM,-1,-1,0,-1
2024501489440,2024,501489440,2,19,0,-1,2,8,4,-1,0,0,0,4,0,0,1,1,-1,6,-1,-1,-1,1995,2,6,FORD TRANSIT CUSTOM,-1,-1,0,-1
2024221525459,2024,221525459,1,19,0,-1,19,6,2,-1,0,0,0,0,0,0,1,1,-1,6,1,53,8,1995,2,8,FORD TRANSIT CUSTOM,2,E01014185,0,1
2024421435542,2024,421435542,2,19,0,-1,19,4,8,-1,0,8,2,0,7,0,4,1,-1,2,1,36,7,1995,2,2,FORD TRANSIT CUSTOM,8,E01021885,0,4
2024010528395,2024,010528395,1,19,5,18,19,1,5,9,9,1,0,0,1,0,1,1,2,2,1,57,9,1995,2,1,FORD TRANSIT CUSTOM,4,E01015796,0,4
2024010535019,2024,010535019,1,19,0,99,99,9,9,99,99,9,9,99,9,99,1,9,6,6,1,34,6,1995,2,2,FORD TRANSIT CUSTOM,4,E01003020,0,1
2024501530701,2024,501530701,2,19,0,-1,19,1,5,-1,0,8,0,0,0,0,1,1,-1,6,1,37,7,1995,2,8,FORD TRANSIT CUSTOM,2,E01015242,0,1
2024471402210,2024,471402210,1,19,0,-1,5,2,6,-1,0,6,0,0,0,0,1,1,-1,6,1,45,7,1995,2,2,FORD TRANSIT CUSTOM,5,E01024357,0,4
2024401474786,2024,401474786,1,19,0,-1,19,7,3,-1,0,0,0,0,0,0,1,1,-1,1,1,32,6,2198,2,10,FORD TRANSIT CUSTOM,3,E01023757,0,4
2024041518834,2024,041518834,4,19,0,-1,4,5,1,-1,0,1,0,0,0,0,2,1,-1,1,2,27,6,1995,2,6,FORD TRANSIT CUSTOM,1,E01012483,0,4
202454B134124,2024,54B134124,3,19,0,18,19,1,4,0,0,0,0,0,0,0,1,1,1,1,1,36,7,1995,2,5,FORD TRANSIT CUSTOM,-1,-1,0,-1
2024991504736,2024,991504736,1,19,0,-1,9,8,6,-1,0,8,0,0,0,0,2,1,-1,1,1,36,7,1995,2,7,FORD TRANSIT CUSTOM,6,-1,0,4
2024991491080,2024,991491080,1,19,0,-1,7,8,5,-1,0,7,0,0,7,0,3,1,-1,1,1,65,9,1995,2,1,FORD TRANSIT CUSTOM,-1,-1,0,-1