collision_index,collision_year,collision_ref_no,vehicle_reference,vehicle_type,towing_and_articulation,vehicle_manoeuvre_historic,vehicle_manoeuvre,vehicle_direction_from,vehicle_direction_to,vehicle_location_restricted_lane_historic,vehicle_location_restricted_lane,junction_location,skidding_and_overturning,hit_object_in_carriageway,vehicle_leaving_carriageway,hit_object_off_carriageway,first_point_of_impact,vehicle_left_hand_drive,journey_purpose_of_driver_historic,journey_purpose_of_driver,sex_of_driver,age_of_driver,age_band_of_driver,engine_capacity_cc,propulsion_code,age_of_vehicle,generic_make_model,driver_imd_decile,lsoa_of_driver,escooter_flag,driver_distance_banding
2024302500064,2024,302500064,1,9,0,-1,19,6,2,-1,0,4,0,0,0,0,3,1,-1,6,1,42,7,1896,2,22,VOLKSWAGEN PASSAT,7,E01019642,0,1
2024471443185,2024,471443185,2,9,0,-1,5,1,5,-1,0,1,0,0,0,0,3,1,-1,6,1,56,9,1968,2,14,VOLKSWAGEN PASSAT,4,E01031599,0,1
2024351529275,2024,351529275,1,9,0,-1,7,1,5,-1,0,0,0,0,0,0,0,1,-1,9,2,53,8,1968,2,9,VOLKSWAGEN PASSAT,7,E01017969,0,1
2024461422488,2024,461422488,2,9,0,-1,19,1,5,-1,0,0,0,0,0,0,1,1,-1,9,2,76,11,1968,2,13,VOLKSWAGEN PASSAT,9,E01001107,0,4
2024041446809,2024,041446809,2,9,0,-1,19,5,1,-1,0,1,0,0,0,0,1,1,-1,2,1,43,7,1968,2,13,VOLKSWAGEN PASSAT,7,E01012614,0,1
2024430236586,2024,430236586,1,9,0,18,19,2,4,0,0,8,0,0,0,0,1,1,6,6,1,-1,-1,1968,2,1,VOLKSWAGEN PASSAT,-1,-1,0,-1
2024440546851,2024,440546851,3,9,0,18,19,3,7,0,0,1,0,0,0,0,2,1,6,6,1,62,9,1968,2,12,VOLKSWAGEN PASSAT,4,E01032745,0,1
2024041461089,2024,041461089,2,9,0,-1,19,3,7,-1,0,0,0,0,0,0,1,1,-1,9,1,29,6,1968,2,18,VOLKSWAGEN PASSAT,1,E01012698,0,1
2024221433045,2024,221433045,2,9,0,-1,3,1,5,-1,0,1,0,0,0,0,2,1,-1,6,2,34,6,1968,2,11,VOLKSWAGEN PASSAT,2,E01032474,0,1
2024061489438,2024,061489438,1,9,0,-1,19,3,7,-1,0,1,0,0,0,0,4,1,-1,6,1,61,9,1598,2,12,VOLKSWAGEN PASSAT,8,E01006130,0,1
2024231433027,2024,231433027,1,9,0,-1,13,1,4,-1,0,0,0,0,1,0,1,1,-1,6,1,21,5,3597,1,15,VOLKSWAGEN PASSAT,-1,-1,0,-1
2024201513730,2024,201513730,2,9,0,-1,3,4,8,-1,0,1,0,0,0,0,2,9,-1,9,1,39,7,1968,2,17,VOLKSWAGEN PASSAT,1,E01009400,0,1
2024501450028,2024,501450028,2,9,0,-1,19,7,3,-1,0,1,0,0,0,0,1,1,-1,9,1,68,10,1968,2,13,VOLKSWAGEN PASSAT,2,E01029131,0,5
2024430475106,2024,430475106,1,9,0,7,7,1,2,0,0,6,0,0,0,0,4,1,6,6,1,64,9,1798,1,12,VOLKSWAGEN PASSAT,10,E01028572,0,1
2024201407550,2024,201407550,2,9,0,-1,19,1,5,-1,0,8,0,0,0,0,4,9,-1,6,1,46,8,1986,2,16,VOLKSWAGEN PASSAT,3,E01010533,0,1
2024111431818,2024,111431818,2,9,0,-1,19,1,5,-1,0,4,0,0,0,0,3,1,-1,2,1,45,7,1968,2,7,VOLKSWAGEN PASSAT,6,E01020822,0,2
2024991453350,2024,991453350,3,9,0,-1,19,4,8,-1,0,8,0,0,0,0,2,1,-1,9,1,51,8,1968,2,10,VOLKSWAGEN PASSAT,8,E01008772,0,5
2024401400002,2024,401400002,1,9,0,-1,19,5,1,-1,0,0,0,0,0,0,1,9,-1,9,1,41,7,1968,2,15,VOLKSWAGEN PASSAT,3,E01017514,0,1
2024131440890,2024,131440890,1,9,0,-1,19,1,1,-1,0,8,0,0,0,0,4,1,-1,6,1,27,6,1968,2,12,VOLKSWAGEN PASSAT,1,E01010617,0,1
2024351445448,2024,351445448,1,8,-1,-1,-1,-1,-1,-1,-1,0,-1,-1,-1,0,-1,9,-1,1,1,30,6,1968,2,8,VOLKSWAGEN PASSAT,8,E01017983,0,1
2024211424020,2024,211424020,1,8,0,-1,6,4,4,-1,0,0,0,0,1,4,3,1,-1,1,1,64,9,1598,2,9,VOLKSWAGEN PASSAT,2,E01029604,0,1
2024302401732,2024,302401732,1,9,0,-1,19,4,8,-1,0,2,0,0,0,0,4,1,-1,6,2,86,11,1798,1,25,VOLKSWAGEN PASSAT,2,E01019547,0,1
2024231456639,2024,231456639,1,9,0,-1,19,7,3,-1,0,0,0,0,0,0,1,1,-1,9,1,65,9,1598,2,4,VOLKSWAGEN PASSAT,8,E01031129,0,1
2024061415671,2024,061415671,1,9,-1,-1,-1,-1,-1,-1,-1,0,-1,-1,-1,0,-1,9,-1,6,3,-1,-1,1968,2,19,VOLKSWAGEN PASSAT,-1,-1,0,-1
2024991439108,2024,991439108,1,9,0,-1,19,6,1,-1,0,1,5,0,0,0,1,1,-1,9,1,31,6,1968,2,16,VOLKSWAGEN PASSAT,7,-1,0,4
2024991491298,2024,991491298,2,9,0,-1,9,1,5,-1,0,1,0,0,0,0,2,1,-1,2,1,41,7,1598,2,8,VOLKSWAGEN PASSAT,2,-1,0,2
2024991409975,2024,991409975,3,9,0,-1,19,4,8,-1,0,0,0,0,0,0,1,1,-1,6,2,39,7,1598,2,7,VOLKSWAGEN PASSAT,10,-1,0,1
2024201412141,2024,201412141,2,9,0,-1,4,3,7,-1,0,1,0,0,0,0,2,1,-1,2,1,56,9,1968,2,5,VOLKSWAGEN PASSAT,1,E01009104,0,1
2024141443371,2024,141443371,1,9,0,-1,9,4,8,-1,0,8,0,0,0,0,1,1,-1,9,1,56,9,1968,2,6,VOLKSWAGEN PASSAT,10,E01007956,0,1
2024141498823,2024,141498823,1,9,0,-1,19,8,4,-1,0,0,0,0,0,0,3,9,-1,1,1,56,9,1968,2,6,VOLKSWAGEN PASSAT,2,E01007871,0,2
2024332400876,2024,332400876,2,9,0,-1,14,4,8,-1,0,0,0,0,0,0,1,1,-1,6,1,23,5,1896,2,17,VOLKSWAGEN PASSAT,9,E01025778,0,4
2024371454704,2024,371454704,2,9,0,-1,19,8,4,-1,0,1,0,0,0,0,4,1,-1,9,1,81,11,1968,2,18,VOLKSWAGEN PASSAT,6,E01034561,0,1
2024221507538,2024,221507538,1,9,0,-1,15,6,2,-1,0,0,0,0,0,0,4,1,-1,1,1,25,5,1968,2,12,VOLKSWAGEN PASSAT,1,E01009028,0,3
2024461521902,2024,461521902,2,8,0,-1,19,5,1,-1,0,8,0,0,0,0,1,1,-1,1,1,35,6,1598,2,9,VOLKSWAGEN PASSAT,10,E01024832,0,1
2024471437550,2024,471437550,1,9,0,-1,5,2,4,-1,0,1,0,0,0,0,3,1,-1,2,1,27,6,1968,2,8,VOLKSWAGEN PASSAT,8,E01032835,0,1
2024531431253,2024,531431253,2,9,0,-1,9,5,1,-1,0,5,0,0,0,0,3,1,-1,2,2,65,9,1968,2,17,VOLKSWAGEN PASSAT,7,E01022391,0,2
2024421409250,2024,421409250,1,9,0,-1,9,1,5,-1,0,6,0,0,0,0,3,1,-1,6,1,43,7,1968,2,7,VOLKSWAGEN PASSAT,3,E01015935,0,1
2024520001991,2024,520001991,2,9,0,4,4,4,8,0,0,0,0,0,0,0,2,1,6,6,1,64,9,1968,2,15,VOLKSWAGEN PASSAT,4,E01014448,0,2
2024131485264,2024,131485264,1,9,0,-1,4,2,6,-1,0,1,0,0,0,0,1,1,-1,2,1,44,7,1968,2,16,VOLKSWAGEN PASSAT,2,E01007414,0,4
2024201450436,2024,201450436,1,8,0,-1,19,6,2,-1,0,0,0,0,0,0,1,1,-1,6,1,63,9,1968,2,11,VOLKSWAGEN PASSAT,1,E01010140,0,1
2024302401370,2024,302401370,1,9,0,18,19,5,1,0,0,0,0,0,1,2,1,1,6,6,1,28,6,1968,2,16,VOLKSWAGEN PASSAT,1,E01013484,0,1
2024371529636,2024,371529636,2,9,0,-1,19,3,1,-1,0,0,0,0,0,0,1,1,-1,6,2,41,7,1598,2,9,VOLKSWAGEN PASSAT,5,E01030259,0,1
2024440290636,2024,440290636,2,9,0,18,19,1,5,0,0,1,0,0,0,0,1,1,6,6,2,39,7,1968,2,15,VOLKSWAGEN PASSAT,8,E01032843,0,1
2024161400849,2024,161400849,2,9,0,-1,19,4,8,-1,0,0,0,0,3,0,1,1,-1,6,2,43,7,1968,2,16,VOLKSWAGEN PASSAT,3,E01034355,0,5
2024211493572,2024,211493572,2,9,0,-1,2,0,0,-1,0,0,0,0,0,0,2,1,-1,6,-1,-1,-1,1598,2,9,VOLKSWAGEN PASSAT,-1,-1,0,-1
2024221460499,2024,221460499,4,9,0,-1,3,4,6,-1,0,0,0,0,0,0,2,1,-1,6,2,33,6,1968,2,11,VOLKSWAGEN PASSAT,4,E01014027,0,2
2024010519945,2024,010519945,6,9,0,4,4,7,3,0,0,0,0,0,0,0,0,1,6,6,1,57,9,1984,1,18,VOLKSWAGEN PASSAT,5,E01003743,0,4
2024302401044,2024,302401044,2,9,0,9,9,8,6,0,0,0,0,0,0,0,0,1,6,6,2,59,9,1968,2,5,VOLKSWAGEN PASSAT,6,E01034656,0,1
2024332400924,2024,332400924,3,9,0,-1,8,6,8,-1,0,1,0,0,0,0,3,1,-1,6,2,30,6,1968,2,14,VOLKSWAGEN PASSAT,3,E01013779,0,1
2024111435899,2024,111435899,1,9,0,-1,19,7,3,-1,0,0,0,0,0,0,1,9,-1,6,1,41,7,1968,2,16,VOLKSWAGEN PASSAT,3,E01020791,0,1
2024351444068,2024,351444068,1,9,0,-1,19,2,4,-1,0,1,0,0,0,0,1,1,-1,6,1,22,5,1968,2,13,VOLKSWAGEN PASSAT,6,E01026349,0,3
2024320277472,2024,320277472,2,9,0,-1,-1,4,8,0,0,0,0,0,0,0,1,1,-1,-1,1,80,11,1968,2,6,VOLKSWAGEN PASSAT,6,E01026047,0,4
2024421422403,2024,421422403,2,9,0,-1,2,0,0,-1,0,0,0,0,0,0,3,1,-1,6,3,-1,-1,1968,2,13,VOLKSWAGEN PASSAT,-1,-1,0,-1
2024440022410,2024,440022410,1,9,0,4,4,6,2,0,0,0,0,0,0,0,2,1,2,2,2,27,6,1598,2,9,VOLKSWAGEN PASSAT,6,E01031508,0,3
2024471403593,2024,471403593,2,9,0,-1,19,3,7,-1,0,0,0,0,0,0,2,2,-1,2,1,36,7,1968,2,17,VOLKSWAGEN PASSAT,2,E01016941,0,2
2024430017405,2024,430017405,1,9,0,18,19,1,5,0,0,8,0,0,0,0,1,1,6,6,1,-1,-1,1968,2,9,VOLKSWAGEN PASSAT,-1,-1,0,-1
2024141465075,2024,141465075,3,9,0,-1,2,0,0,-1,9,0,1,4,0,0,3,1,-1,6,1,34,6,1968,2,11,VOLKSWAGEN PASSAT,4,E01007637,0,1
2024141498681,2024,141498681,1,9,0,-1,5,5,3,-1,0,1,0,0,0,0,3,1,-1,9,1,56,9,1598,2,10,VOLKSWAGEN PASSAT,2,E01007914,0,1
2024122401056,2024,122401056,2,9,0,18,19,5,1,0,0,0,0,0,0,0,1,1,6,6,1,75,10,1598,2,9,VOLKSWAGEN PASSAT,10,E01013376,0,4
2024311533616,2024,311533616,1,9,0,-1,9,1,4,-1,0,0,0,0,0,0,4,1,-1,6,1,72,10,1968,2,8,VOLKSWAGEN PASSAT,-1,-1,0,-1
202417L111224,2024,17L111224,1,8,0,-1,12,3,7,-1,0,0,0,0,0,0,2,1,-1,1,1,53,8,1968,2,9,VOLKSWAGEN PASSAT,1,E01012093,0,2
2024430382785,2024,430382785,2,9,0,4,4,3,7,0,0,0,0,0,0,0,2,1,6,6,2,37,7,1395,8,7,VOLKSWAGEN PASSAT,-1,-1,0,-1
2024010534230,2024,010534230,2,9,0,18,19,1,5,0,0,1,0,0,0,0,1,1,6,6,1,42,7,1598,2,8,VOLKSWAGEN PASSAT,3,E01032574,0,1
2024041485389,2024,041485389,2,9,0,-1,19,3,7,-1,0,0,0,0,0,0,2,1,-1,9,1,44,7,1968,2,10,VOLKSWAGEN PASSAT,4,E01012633,0,1
2024440389383,2024,440389383,1,9,0,17,19,3,2,0,0,3,0,9,7,1,0,1,6,6,1,76,11,1968,2,12,VOLKSWAGEN PASSAT,3,E01017133,0,1
2024101466002,2024,101466002,2,9,0,-1,3,3,1,-1,0,0,0,0,0,0,2,1,-1,1,1,32,6,1498,1,2,VOLKSWAGEN PASSAT,1,E01020671,0,3
202454F376924,2024,54F376924,1,8,0,9,9,8,6,0,0,1,0,0,0,0,1,1,1,1,1,23,5,1598,2,10,VOLKSWAGEN PASSAT,5,E01015509,0,1
2024351468257,2024,351468257,2,9,0,-1,3,2,6,-1,0,1,0,0,0,0,2,1,-1,2,1,41,7,1968,2,12,VOLKSWAGEN PASSAT,2,E01035542,0,1
2024221486322,2024,221486322,2,9,0,-1,19,5,1,-1,0,0,0,0,0,0,3,1,-1,6,1,22,5,1968,2,15,VOLKSWAGEN PASSAT,9,E01014094,0,1
2024552400380,2024,552400380,1,9,0,9,9,8,5,0,0,5,0,0,0,0,4,1,6,6,1,45,7,1968,2,14,VOLKSWAGEN PASSAT,6,E01020453,0,4
202460Q051366,2024,60Q051366,2,8,0,5,5,7,3,0,0,1,0,0,0,0,1,1,1,1,1,42,7,1598,2,10,VOLKSWAGEN PASSAT,-1,-1,0,-1
2024122400788,2024,122400788,2,9,0,4,4,2,6,0,0,0,0,0,0,0,2,1,6,6,1,27,6,1968,2,12,VOLKSWAGEN PASSAT,1,E01011354,0,3
2024461456581,2024,461456581,2,9,0,-1,19,5,1,-1,0,0,0,0,0,0,3,1,-1,9,2,53,8,1896,2,21,VOLKSWAGEN PASSAT,5,E01024690,0,4
2024461449192,2024,461449192,1,9,0,-1,19,6,2,-1,0,0,0,0,0,0,4,1,-1,9,1,30,6,1896,2,17,VOLKSWAGEN PASSAT,3,E01016014,0,4
2024061486137,2024,061486137,1,8,0,-1,19,7,4,-1,0,0,0,0,0,0,1,1,-1,1,1,34,6,1598,2,8,VOLKSWAGEN PASSAT,1,E01005953,0,1
2024302401166,2024,302401166,1,9,0,2,2,1,5,0,0,8,0,0,0,0,1,1,6,6,1,72,10,1968,2,13,VOLKSWAGEN PASSAT,9,E01013596,0,1
2024211488684,2024,211488684,1,9,0,-1,3,2,7,-1,0,1,0,0,0,0,1,1,-1,6,1,-1,-1,1968,2,12,VOLKSWAGEN PASSAT,-1,-1,0,-1
2024231455182,2024,231455182,1,9,0,-1,11,6,2,-1,0,0,0,0,0,0,4,9,-1,6,1,58,9,1968,2,9,VOLKSWAGEN PASSAT,3,E01009302,0,3
2024070810511,2024,070810511,2,9,0,-1,19,1,3,-1,0,7,0,0,0,0,3,1,-1,1,1,56,9,1968,2,7,VOLKSWAGEN PASSAT,4,E01018315,0,1
2024461523891,2024,461523891,1,9,0,-1,19,5,1,-1,0,0,1,0,0,0,1,1,-1,9,1,77,11,1598,2,8,VOLKSWAGEN PASSAT,6,E01023683,0,4
2024071002802,2024,071002802,1,9,9,-1,19,7,3,-1,0,9,9,99,0,99,1,9,-1,9,1,64,9,1968,2,5,VOLKSWAGEN PASSAT,1,E01012546,0,1
2024201416422,2024,201416422,3,9,0,-1,-1,4,8,-1,-1,0,0,0,0,0,1,9,-1,-1,1,33,6,1598,2,10,VOLKSWAGEN PASSAT,6,E01009318,0,2
2024471439932,2024,471439932,2,9,0,-1,2,0,0,-1,-1,0,0,0,0,0,2,1,-1,2,1,28,6,1968,2,3,VOLKSWAGEN PASSAT,9,E01035352,0,1
2024421458900,2024,421458900,1,8,0,-1,19,7,3,-1,0,0,0,0,0,0,1,1,-1,1,1,48,8,1968,2,9,VOLKSWAGEN PASSAT,4,E01015862,0,1
2024991422984,2024,991422984,2,9,0,-1,19,1,5,-1,0,0,0,0,0,0,1,1,-1,6,1,34,6,1968,2,18,VOLKSWAGEN PASSAT,5,-1,0,1
2024041456405,2024,041456405,2,9,0,-1,19,3,7,-1,0,6,0,0,0,0,3,1,-1,2,1,38,7,1968,2,7,VOLKSWAGEN PASSAT,8,E01025241,0,1
2024010548483,2024,010548483,2,9,0,99,99,9,9,99,99,9,9,99,9,99,1,9,6,6,3,31,6,1395,8,5,VOLKSWAGEN PASSAT,6,E01027774,0,5
2024411503781,2024,411503781,2,9,0,-1,19,2,6,-1,0,0,0,0,0,0,3,1,-1,1,1,49,8,1968,2,12,VOLKSWAGEN PASSAT,6,E01023651,0,1
2024451434560,2024,451434560,2,9,0,-1,2,1,5,-1,-1,0,0,0,0,0,2,1,-1,6,-1,-1,-1,1968,2,9,VOLKSWAGEN PASSAT,-1,-1,0,-1
2024332400910,2024,332400910,1,9,0,-1,10,8,6,-1,0,8,0,0,0,0,4,1,-1,9,2,47,8,1986,2,15,VOLKSWAGEN PASSAT,8,E01013702,0,1
2024010547976,2024,010547976,3,9,0,18,19,5,1,0,0,1,0,0,0,0,1,1,6,6,1,21,5,1197,1,9,VOLKSWAGEN PASSAT,5,E01034037,0,1
2024451414038,2024,451414038,2,9,0,-1,4,1,5,-1,0,0,0,0,0,0,1,1,-1,9,1,66,10,1790,1,15,VOLKSWAGEN PASSAT,6,E01002636,0,3
2024520500051,2024,520500051,3,9,0,3,3,1,5,0,0,1,0,4,0,0,2,1,6,6,1,76,11,1896,2,21,VOLKSWAGEN PASSAT,10,E01029104,0,1
2024991471287,2024,991471287,1,9,0,-1,1,7,5,-1,0,0,0,0,0,0,2,1,-1,6,3,55,8,1968,2,12,VOLKSWAGEN PASSAT,-1,-1,0,-1
2024010532540,2024,010532540,1,8,0,99,99,9,9,99,99,0,9,99,9,99,2,9,6,6,1,32,6,1598,2,7,VOLKSWAGEN PASSAT,10,E01032298,0,5
2024622400645,2024,622400645,2,9,0,9,9,2,8,0,0,1,0,0,0,0,1,1,6,6,1,51,8,1896,2,19,VOLKSWAGEN PASSAT,3,W01001206,0,4
2024111462535,2024,111462535,1,9,0,-1,9,5,3,-1,0,6,0,0,0,0,3,1,-1,6,1,77,11,1968,2,12,VOLKSWAGEN PASSAT,7,E01020690,0,3
2024451517764,2024,451517764,1,9,0,-1,19,5,7,-1,0,4,0,0,0,0,1,1,-1,6,2,54,8,1896,2,20,VOLKSWAGEN PASSAT,10,E01030897,0,1
2024010510973,2024,010510973,2,9,0,99,99,9,9,99,99,9,9,99,9,99,1,9,6,6,3,-1,-1,1968,2,17,VOLKSWAGEN PASSAT,-1,-1,0,-1
2024131458249,2024,131458249,2,9,0,-1,8,5,7,-1,9,0,0,0,0,0,4,1,-1,9,1,57,9,1968,2,10,VOLKSWAGEN PASSAT,2,E01011681,0,1
2024320207255,2024,320207255,2,9,0,10,10,6,4,0,0,2,0,0,0,0,2,1,6,6,2,70,10,1968,2,10,VOLKSWAGEN PASSAT,-1,-1,0,-1
2024131433710,2024,131433710,1,9,0,-1,5,2,2,-1,0,2,0,0,0,0,1,1,-1,9,1,26,6,1896,2,16,VOLKSWAGEN PASSAT,2,E01011313,0,1
2024302401432,2024,302401432,3,9,0,18,19,8,4,0,0,0,0,0,0,0,1,1,6,6,3,-1,-1,1968,2,13,VOLKSWAGEN PASSAT,5,E01019456,0,3
2024231420592,2024,231420592,1,9,0,-1,19,8,4,-1,0,0,1,0,1,6,1,1,-1,9,1,32,6,1968,2,15,VOLKSWAGEN PASSAT,1,E01025493,0,5
2024211489378,2024,211489378,1,9,0,-1,5,4,8,-1,0,4,0,0,0,0,2,1,-1,1,1,54,8,1598,2,7,VOLKSWAGEN PASSAT,10,E01028354,0,4
2024302401483,2024,302401483,1,8,0,18,19,6,2,0,0,0,0,0,0,0,1,1,1,1,1,65,9,1968,2,5,VOLKSWAGEN PASSAT,1,E01013878,0,3
2024461506808,2024,461506808,2,9,0,-1,19,8,4,-1,0,8,0,0,0,0,1,1,-1,9,1,31,6,1598,2,14,VOLKSWAGEN PASSAT,7,E01024003,0,1
2024361479886,2024,361479886,1,9,0,-1,19,5,1,-1,0,0,0,4,4,0,1,1,-1,9,1,65,9,1968,2,6,VOLKSWAGEN PASSAT,10,E01026906,0,3
2024161482829,2024,161482829,1,9,0,-1,19,1,5,-1,0,0,0,0,0,0,4,1,-1,6,1,34,6,1968,2,18,VOLKSWAGEN PASSAT,7,E01013013,0,1
2024440222015,2024,440222015,2,9,0,18,19,8,4,0,0,2,0,0,0,0,1,1,6,6,1,65,9,1968,2,9,VOLKSWAGEN PASSAT,9,E01023217,0,1
2024131427339,2024,131427339,1,9,0,-1,19,3,7,-1,0,8,0,11,0,0,3,1,-1,6,1,49,8,1598,2,13,VOLKSWAGEN PASSAT,2,E01011926,0,1
2024340NN4682,2024,340NN4682,1,9,0,-1,19,5,1,-1,0,0,0,0,0,0,1,1,-1,9,1,65,9,1598,2,8,VOLKSWAGEN PASSAT,-1,-1,0,-1
2024401534295,2024,401534295,2,9,0,-1,4,5,1,-1,0,0,0,0,0,0,2,1,-1,1,1,53,8,1598,2,8,VOLKSWAGEN PASSAT,3,E01017539,0,3
2024991422572,2024,991422572,1,9,0,-1,13,3,7,-1,0,0,5,0,0,0,1,1,-1,6,1,22,5,1984,1,18,VOLKSWAGEN PASSAT,5,-1,0,2
2024351460772,2024,351460772,2,8,0,-1,19,-1,-1,-1,0,0,1,4,7,10,1,9,-1,9,1,23,5,1968,2,7,VOLKSWAGEN PASSAT,2,E01035542,0,1
2024501515001,2024,501515001,2,9,0,-1,19,7,3,-1,0,0,0,0,0,0,3,1,-1,9,2,53,8,1598,2,11,VOLKSWAGEN PASSAT,5,E01019904,0,1
2024991450048,2024,991450048,1,8,0,-1,11,3,7,-1,0,1,0,0,0,0,1,1,-1,1,1,51,8,1968,2,7,VOLKSWAGEN PASSAT,3,-1,0,1
2024461485586,2024,461485586,2,9,0,-1,2,0,0,-1,0,0,0,0,0,0,1,9,-1,6,1,41,7,1896,2,19,VOLKSWAGEN PASSAT,4,E01024623,0,1
2024010518167,2024,010518167,2,9,0,99,99,9,9,99,99,9,9,99,9,99,1,9,6,6,3,-1,-1,1968,2,4,VOLKSWAGEN PASSAT,-1,-1,0,-1
2024201444397,2024,201444397,1,9,0,-1,19,5,1,-1,0,0,0,0,0,0,4,1,-1,6,3,-1,-1,1395,8,2,VOLKSWAGEN PASSAT,-1,-1,0,-1
2024552401493,2024,552401493,2,9,0,18,19,3,7,0,0,0,0,0,1,10,1,1,6,6,2,38,7,1598,2,10,VOLKSWAGEN PASSAT,8,E01020458,0,1
2024010497450,2024,010497450,1,9,0,99,99,9,9,99,99,0,9,99,9,99,9,9,2,2,2,38,7,1968,2,13,VOLKSWAGEN PASSAT,3,E01004718,0,1
2024520402186,2024,520402186,1,9,0,18,19,2,6,0,0,0,0,0,0,0,1,1,6,6,2,70,10,1896,2,16,VOLKSWAGEN PASSAT,7,E01029166,0,1
2024440124981,2024,440124981,2,9,0,18,19,2,6,0,0,8,0,0,0,0,1,1,6,6,1,39,7,1968,2,9,VOLKSWAGEN PASSAT,1,E01017077,0,1
2024340WN6902,2024,340WN6902,1,9,0,-1,19,5,1,-1,0,0,1,0,1,4,1,1,-1,9,1,50,8,1968,2,6,VOLKSWAGEN PASSAT,1,E01027177,0,2
2024552400900,2024,552400900,1,9,0,18,19,7,3,0,0,8,5,10,3,2,4,1,6,6,1,55,8,1896,2,21,VOLKSWAGEN PASSAT,5,E01020410,0,3
2024351424460,2024,351424460,1,9,0,-1,19,5,3,-1,0,1,0,0,0,0,1,9,-1,6,1,59,9,1968,2,15,VOLKSWAGEN PASSAT,4,E01015692,0,1
2024461396122,2024,461396122,1,9,0,-1,19,5,1,-1,0,0,1,0,8,4,1,1,-1,9,1,20,4,1968,2,8,VOLKSWAGEN PASSAT,3,E01032830,0,1
2024311404806,2024,311404806,1,9,0,-1,19,4,8,-1,0,1,0,0,0,0,3,1,-1,9,1,40,7,1968,2,10,VOLKSWAGEN PASSAT,9,E01028367,0,1
2024522403030,2024,522403030,2,9,0,9,9,8,7,0,0,6,0,0,0,0,1,1,6,6,3,-1,-1,1968,2,16,VOLKSWAGEN PASSAT,-1,-1,0,-1
2024131473984,2024,131473984,1,9,0,-1,3,1,5,-1,0,8,0,0,0,0,2,1,-1,9,1,61,9,1968,2,11,VOLKSWAGEN PASSAT,4,E01010603,0,1
2024340WN6182,2024,340WN6182,1,9,0,-1,9,8,6,-1,0,2,0,0,0,0,4,1,-1,9,1,33,6,1968,2,18,VOLKSWAGEN PASSAT,3,E01027184,0,1
2024340WN3822,2024,340WN3822,3,9,0,-1,19,5,1,-1,0,0,0,0,0,0,3,1,-1,6,1,29,6,1968,2,15,VOLKSWAGEN PASSAT,3,E01026969,0,4
2024501450028,2024,501450028,1,9,0,-1,9,1,7,-1,0,8,0,0,1,0,3,1,-1,9,1,78,11,1968,2,11,VOLKSWAGEN PASSAT,6,E01022584,0,5
2024061424059,2024,061424059,1,9,0,-1,2,-1,-1,-1,99,6,0,0,0,0,2,1,-1,1,1,40,7,1968,2,5,VOLKSWAGEN PASSAT,1,E01005472,0,3
2024440007326,2024,440007326,2,8,0,9,9,5,3,0,0,8,0,0,0,0,3,1,1,1,1,51,8,1968,2,9,VOLKSWAGEN PASSAT,10,E01023112,0,2
2024131491457,2024,131491457,2,9,0,-1,13,7,3,-1,0,1,1,10,3,10,1,1,-1,6,1,62,9,1968,2,15,VOLKSWAGEN PASSAT,9,E01010953,0,1
2024122400816,2024,122400816,2,9,0,4,4,3,7,0,0,8,0,0,0,0,2,1,6,6,1,42,7,1896,2,22,VOLKSWAGEN PASSAT,8,E01013055,0,3
2024141400749,2024,141400749,1,9,0,-1,9,7,6,-1,0,6,0,0,0,0,1,1,-1,9,2,41,7,1968,2,7,VOLKSWAGEN PASSAT,4,E01007331,0,1
2024221529931,2024,221529931,1,9,0,-1,19,6,2,-1,0,8,0,0,0,0,1,1,-1,2,1,43,7,1968,2,11,VOLKSWAGEN PASSAT,8,E01013997,0,1
2024340NN1032,2024,340NN1032,2,9,0,-1,19,3,7,-1,0,0,0,0,0,0,3,1,-1,2,1,29,6,1896,2,16,VOLKSWAGEN PASSAT,2,E01027249,0,3
2024501442912,2024,501442912,1,9,0,-1,19,5,1,-1,0,1,0,0,0,0,1,1,-1,9,2,34,6,1968,2,10,VOLKSWAGEN PASSAT,4,E01020126,0,1
2024991439800,2024,991439800,1,9,0,-1,19,7,3,-1,0,1,0,0,0,0,1,1,-1,6,1,30,6,1790,1,15,VOLKSWAGEN PASSAT,2,-1,0,1
2024101418887,2024,101418887,1,9,0,-1,5,3,1,-1,0,2,0,0,0,0,3,1,-1,6,1,46,8,1968,2,11,VOLKSWAGEN PASSAT,-1,-1,0,-1
2024201462124,2024,201462124,2,9,0,-1,19,2,6,-1,0,0,0,0,0,0,2,1,-1,6,1,44,7,1968,2,11,VOLKSWAGEN PASSAT,5,E01010118,0,1
2024631451222,2024,631451222,1,9,0,-1,19,2,6,-1,0,0,0,0,1,10,1,1,-1,2,1,32,6,1896,2,20,VOLKSWAGEN PASSAT,1,W01001144,0,4
2024311421265,2024,311421265,1,9,0,-1,19,7,3,-1,9,0,0,0,7,10,1,1,-1,6,1,38,7,1968,2,17,VOLKSWAGEN PASSAT,5,E01028092,0,1
2024131521741,2024,131521741,2,9,0,-1,19,2,2,-1,0,2,0,0,0,0,1,1,-1,1,1,41,7,1968,2,9,VOLKSWAGEN PASSAT,3,E01011037,0,1
2024401455611,2024,401455611,1,9,0,-1,4,1,5,-1,0,0,0,0,0,0,1,1,-1,6,1,29,6,1968,2,12,VOLKSWAGEN PASSAT,5,E01015700,0,1
2024010505014,2024,010505014,1,9,0,18,19,7,3,0,0,3,0,0,0,0,1,1,6,6,2,47,8,1968,2,6,VOLKSWAGEN PASSAT,7,E01004138,0,1
2024010531161,2024,010531161,2,9,0,99,99,9,9,99,99,9,9,99,9,99,9,9,6,6,3,-1,-1,1798,1,13,VOLKSWAGEN PASSAT,5,E01024179,0,4