collision_index,collision_year,collision_ref_no,vehicle_reference,vehicle_type,towing_and_articulation,vehicle_manoeuvre_historic,vehicle_manoeuvre,vehicle_direction_from,vehicle_direction_to,vehicle_location_restricted_lane_historic,vehicle_location_restricted_lane,junction_location,skidding_and_overturning,hit_object_in_carriageway,vehicle_leaving_carriageway,hit_object_off_carriageway,first_point_of_impact,vehicle_left_hand_drive,journey_purpose_of_driver_historic,journey_purpose_of_driver,sex_of_driver,age_of_driver,age_band_of_driver,engine_capacity_cc,propulsion_code,age_of_vehicle,generic_make_model,driver_imd_decile,lsoa_of_driver,escooter_flag,driver_distance_banding
2024061438486,2024,061438486,2,9,0,-1,19,6,2,-1,0,1,0,4,0,0,1,1,-1,9,1,25,5,1968,2,10,VOLKSWAGEN PASSAT,1,E01005595,0,1
2024041461918,2024,041461918,2,9,0,-1,19,3,7,-1,0,1,0,0,0,0,3,1,-1,9,2,30,6,1968,2,10,VOLKSWAGEN PASSAT,1,E01025083,0,1
2024061474685,2024,061474685,1,9,0,-1,7,3,5,-1,0,8,0,0,0,0,1,9,-1,6,1,-1,-1,1968,2,7,VOLKSWAGEN PASSAT,2,E01005028,0,3
2024501429064,2024,501429064,2,9,0,-1,4,4,7,-1,0,1,1,0,0,0,3,9,-1,1,1,30,6,1968,2,11,VOLKSWAGEN PASSAT,4,E01015241,0,2
2024440207761,2024,440207761,2,9,0,18,19,7,3,0,0,1,0,0,0,0,1,1,6,6,1,35,6,1968,2,9,VOLKSWAGEN PASSAT,10,E01023096,0,2
2024311454046,2024,311454046,1,9,0,-1,7,7,3,-1,0,0,0,0,0,0,3,1,-1,6,1,33,6,1968,2,16,VOLKSWAGEN PASSAT,1,E01019509,0,3
2024141397704,2024,141397704,1,9,0,-1,19,2,6,-1,0,0,0,0,0,0,1,9,-1,1,1,40,7,1968,2,15,VOLKSWAGEN PASSAT,4,E01035076,0,5
2024131428126,2024,131428126,1,9,0,-1,4,8,4,-1,0,1,0,0,0,0,2,1,-1,9,1,42,7,1598,2,10,VOLKSWAGEN PASSAT,-1,-1,0,-1
2024201524151,2024,201524151,1,8,0,-1,19,5,6,-1,0,8,0,0,0,0,1,1,-1,1,1,32,6,1968,2,9,VOLKSWAGEN PASSAT,1,E01034934,0,1
2024451490552,2024,451490552,2,9,0,-1,2,7,3,-1,-1,0,0,0,0,0,4,1,-1,9,1,36,7,1598,2,7,VOLKSWAGEN PASSAT,9,E01030768,0,1
2024371538213,2024,371538213,1,9,0,-1,7,5,8,-1,0,1,0,0,0,0,1,1,-1,6,1,34,6,1968,2,15,VOLKSWAGEN PASSAT,4,E01029927,0,4
2024201508993,2024,201508993,2,9,0,-1,9,6,4,-1,0,6,0,0,0,0,4,1,-1,9,1,50,8,1598,2,7,VOLKSWAGEN PASSAT,4,E01009228,0,3
2024201492148,2024,201492148,1,9,0,-1,19,2,5,-1,0,6,0,0,0,0,1,9,-1,6,1,-1,-1,1968,2,16,VOLKSWAGEN PASSAT,-1,-1,0,-1
2024421468525,2024,421468525,1,9,0,-1,19,2,6,-1,0,0,0,0,0,0,1,1,-1,6,1,40,7,1395,8,7,VOLKSWAGEN PASSAT,10,E01021475,0,1
2024070815008,2024,070815008,2,9,0,-1,19,7,3,-1,0,1,0,0,0,0,1,1,-1,6,1,27,6,1395,8,1,VOLKSWAGEN PASSAT,9,E01018684,0,1
2024131505664,2024,131505664,2,9,0,-1,19,6,2,-1,0,8,0,0,0,0,3,1,-1,6,1,30,6,1968,2,14,VOLKSWAGEN PASSAT,2,E01011259,0,2
2024543682624,2024,543682624,1,9,0,16,19,4,8,0,0,1,0,0,7,4,1,1,6,6,1,19,4,1968,2,10,VOLKSWAGEN PASSAT,9,E01032702,0,2
2024421416219,2024,421416219,2,9,0,-1,19,1,5,-1,0,8,0,0,1,11,1,9,-1,9,1,41,7,1968,2,12,VOLKSWAGEN PASSAT,1,E01016007,0,1
2024201512823,2024,201512823,1,9,0,-1,19,7,3,-1,0,0,1,0,0,0,4,9,-1,6,1,29,6,1968,2,17,VOLKSWAGEN PASSAT,-1,-1,0,-1
2024061527729,2024,061527729,2,8,0,-1,19,4,8,-1,0,8,0,0,0,0,1,1,-1,1,1,31,6,1598,2,11,VOLKSWAGEN PASSAT,2,E01005163,0,1
2024131502892,2024,131502892,1,9,0,-1,-1,-1,-1,-1,-1,0,-1,-1,-1,-1,-1,1,-1,6,3,-1,-1,1968,2,13,VOLKSWAGEN PASSAT,-1,-1,0,-1
202417H106424,2024,17H106424,1,9,0,-1,9,5,3,-1,0,8,0,0,0,0,1,1,-1,9,1,39,7,1598,2,10,VOLKSWAGEN PASSAT,2,E01011949,0,1
2024231524840,2024,231524840,2,9,0,-1,19,4,8,-1,0,0,1,0,0,0,4,9,-1,6,1,37,7,1968,2,14,VOLKSWAGEN PASSAT,5,E01035423,0,4
2024141398230,2024,141398230,3,9,0,-1,19,5,1,-1,0,1,0,0,0,0,2,1,-1,6,1,66,10,1896,2,20,VOLKSWAGEN PASSAT,3,E01007415,0,1
2024201528135,2024,201528135,1,9,0,-1,19,1,5,-1,0,1,0,0,0,0,1,9,-1,1,3,-1,-1,1598,2,8,VOLKSWAGEN PASSAT,-1,-1,0,-1
2024010524832,2024,010524832,2,9,0,9,9,3,2,0,0,8,0,0,0,0,2,1,1,1,1,28,6,1498,1,1,VOLKSWAGEN PASSAT,2,E01028238,0,5
2024201448680,2024,201448680,2,9,0,-1,9,2,7,-1,0,1,0,0,0,0,3,9,-1,6,1,36,7,1598,2,8,VOLKSWAGEN PASSAT,10,E01010199,0,2
2024451456933,2024,451456933,1,9,0,-1,7,3,5,-1,0,0,0,10,0,0,3,1,-1,9,1,59,9,1999,2,17,VOLKSWAGEN PASSAT,-1,-1,0,-1
2024010534665,2024,010534665,1,9,0,18,19,1,5,0,0,2,0,0,0,0,3,1,6,6,1,25,5,1968,2,14,VOLKSWAGEN PASSAT,3,E01034039,0,1
2024131470878,2024,131470878,1,9,0,-1,-1,-1,-1,-1,-1,8,-1,-1,-1,0,-1,1,-1,6,3,-1,-1,1968,2,11,VOLKSWAGEN PASSAT,-1,-1,0,-1
2024201427783,2024,201427783,1,9,0,-1,4,6,2,-1,0,0,0,0,0,0,1,9,-1,2,1,42,7,1968,2,11,VOLKSWAGEN PASSAT,1,E01010532,0,1
2024302400251,2024,302400251,1,9,0,5,5,5,1,0,0,8,0,0,0,0,3,1,6,6,3,-1,-1,1999,2,17,VOLKSWAGEN PASSAT,5,E01019456,0,4
2024141454004,2024,141454004,1,9,0,-1,19,7,2,-1,0,0,0,0,0,0,2,1,-1,9,1,41,7,1968,2,5,VOLKSWAGEN PASSAT,1,E01007873,0,1
2024131430573,2024,131430573,2,9,0,-1,19,1,8,-1,0,1,0,0,0,0,1,1,-1,6,1,38,7,1598,2,6,VOLKSWAGEN PASSAT,9,E01011168,0,1
2024131396129,2024,131396129,4,9,0,-1,19,7,3,-1,0,0,0,0,0,0,1,1,-1,9,2,68,10,1968,2,6,VOLKSWAGEN PASSAT,8,E01013242,0,4
2024430052363,2024,430052363,1,9,0,18,19,1,5,0,0,8,0,0,0,0,1,1,2,2,2,45,7,1968,2,16,VOLKSWAGEN PASSAT,3,E01027111,0,4
2024010518813,2024,010518813,2,9,0,3,3,1,5,0,0,0,0,0,0,0,2,1,2,2,1,45,7,1798,1,13,VOLKSWAGEN PASSAT,5,E01001974,0,3
2024311394099,2024,311394099,1,9,0,-1,19,3,7,-1,0,0,0,0,0,0,1,1,-1,6,1,43,7,1968,2,10,VOLKSWAGEN PASSAT,5,E01019679,0,4
2024201448086,2024,201448086,1,9,0,-1,9,8,6,-1,0,5,0,0,0,0,1,9,-1,6,2,45,7,1598,2,10,VOLKSWAGEN PASSAT,-1,-1,0,-1
2024440204220,2024,440204220,2,9,0,7,7,5,7,0,0,6,0,0,0,0,3,1,6,6,1,72,10,1968,2,6,VOLKSWAGEN PASSAT,7,E01028521,0,5
2024211503651,2024,211503651,2,9,0,-1,19,8,3,-1,0,0,0,0,0,0,2,1,-1,9,2,28,6,1968,2,9,VOLKSWAGEN PASSAT,9,E01032177,0,4
2024320392900,2024,320392900,1,9,0,-1,-1,2,6,0,0,1,0,0,0,0,2,1,6,6,1,37,7,1598,2,11,VOLKSWAGEN PASSAT,3,E01034682,0,1
2024471400465,2024,471400465,1,9,0,-1,9,3,1,-1,0,0,0,0,0,0,1,1,-1,6,1,22,5,1598,2,11,VOLKSWAGEN PASSAT,9,E01031730,0,1
2024430381341,2024,430381341,1,9,0,9,9,8,6,0,0,5,0,0,0,0,1,1,6,6,1,78,11,1968,2,10,VOLKSWAGEN PASSAT,10,E01016259,0,1
2024361432284,2024,361432284,1,9,0,-1,19,5,5,-1,0,0,0,4,0,0,1,1,-1,6,1,35,6,1968,2,13,VOLKSWAGEN PASSAT,2,E01026425,0,1
2024231431380,2024,231431380,1,9,0,-1,7,4,6,-1,0,6,1,0,7,10,3,1,-1,2,2,69,10,1968,2,16,VOLKSWAGEN PASSAT,8,E01031197,0,2
2024440141494,2024,440141494,3,9,0,3,3,2,6,0,0,1,0,0,0,0,2,1,6,6,2,26,6,1968,2,14,VOLKSWAGEN PASSAT,8,E01023182,0,4
2024041484314,2024,041484314,5,9,0,-1,2,0,0,-1,0,0,0,0,0,0,4,1,-1,6,-1,-1,-1,1968,2,4,VOLKSWAGEN PASSAT,-1,-1,0,-1
2024231496126,2024,231496126,1,9,0,-1,9,2,8,-1,0,6,0,0,0,0,1,1,-1,9,1,24,5,1968,2,14,VOLKSWAGEN PASSAT,10,E01031157,0,2
2024010534562,2024,010534562,1,9,0,9,9,7,5,1,1,1,0,0,0,0,3,1,1,1,1,51,8,1395,8,4,VOLKSWAGEN PASSAT,8,E01004609,0,1
2024440373844,2024,440373844,2,9,0,1,1,0,6,0,0,1,0,0,0,0,2,1,6,6,1,-1,-1,1968,2,7,VOLKSWAGEN PASSAT,-1,-1,0,-1
2024340WN4282,2024,340WN4282,1,9,0,-1,19,1,5,-1,0,0,0,0,0,0,2,1,-1,2,2,30,6,1968,2,9,VOLKSWAGEN PASSAT,10,E01034655,0,4
2024131441719,2024,131441719,3,9,0,-1,19,5,1,-1,0,8,0,0,0,0,3,1,-1,1,1,70,10,1968,2,7,VOLKSWAGEN PASSAT,1,E01011080,0,2
2024010538451,2024,010538451,1,9,0,2,2,0,0,0,0,1,0,0,0,0,3,1,6,6,3,-1,-1,1968,2,7,VOLKSWAGEN PASSAT,-1,-1,0,-1
2024201423875,2024,201423875,3,9,0,-1,19,4,8,-1,0,0,0,0,0,0,2,9,-1,6,1,-1,-1,1968,2,10,VOLKSWAGEN PASSAT,-1,-1,0,-1
2024141535103,2024,141535103,2,9,0,-1,9,2,6,-1,0,1,0,0,0,0,1,1,-1,9,1,36,7,1968,2,12,VOLKSWAGEN PASSAT,1,E01007873,0,1
2024991470986,2024,991470986,1,9,0,-1,19,2,6,-1,5,0,0,0,0,0,1,1,-1,6,1,38,7,1968,2,6,VOLKSWAGEN PASSAT,3,-1,0,1
2024411451589,2024,411451589,1,9,0,-1,5,5,1,-1,0,0,0,0,0,0,1,1,-1,6,1,26,6,1968,2,15,VOLKSWAGEN PASSAT,5,E01034420,0,4
2024201467333,2024,201467333,2,9,0,-1,2,0,0,-1,0,2,0,0,0,0,2,9,-1,6,-1,-1,-1,1598,2,9,VOLKSWAGEN PASSAT,-1,-1,0,-1
2024501398164,2024,501398164,2,9,0,-1,4,4,7,-1,0,1,0,0,0,0,1,1,-1,6,1,21,5,1598,2,8,VOLKSWAGEN PASSAT,4,E01020041,0,1
202460Q173862,2024,60Q173862,1,9,0,18,19,8,4,0,0,0,0,0,0,0,1,1,2,2,1,34,6,1968,2,8,VOLKSWAGEN PASSAT,-1,-1,0,-1
2024010537741,2024,010537741,2,9,0,99,99,9,9,99,99,9,9,99,9,99,1,9,6,6,1,48,8,1968,2,7,VOLKSWAGEN PASSAT,7,E01017584,0,4
2024061530968,2024,061530968,2,9,0,-1,19,7,3,-1,0,1,0,0,0,0,1,1,-1,9,1,27,6,1968,2,7,VOLKSWAGEN PASSAT,1,E01005569,0,2
2024221447119,2024,221447119,1,9,0,-1,19,4,8,-1,0,0,5,0,8,10,1,9,-1,2,1,42,7,1968,2,8,VOLKSWAGEN PASSAT,5,E01032475,0,4
2024332401043,2024,332401043,2,9,0,-1,2,0,0,-1,0,8,0,0,7,0,2,1,-1,6,1,55,8,1968,2,8,VOLKSWAGEN PASSAT,6,E01013785,0,1
2024440087491,2024,440087491,1,9,0,18,19,5,1,0,0,0,0,0,0,0,3,1,1,1,1,65,9,1968,2,7,VOLKSWAGEN PASSAT,6,E01022584,0,3
2024411527740,2024,411527740,2,9,0,-1,9,6,2,-1,0,6,0,0,0,0,1,1,-1,9,2,52,8,2000,2,17,VOLKSWAGEN PASSAT,5,E01017412,0,4
2024411490930,2024,411490930,1,9,0,-1,19,4,8,-1,0,0,0,0,0,0,3,1,-1,2,1,42,7,1968,2,17,VOLKSWAGEN PASSAT,4,E01015722,0,2
2024501467623,2024,501467623,1,9,0,-1,9,3,7,-1,0,1,0,0,0,0,1,1,-1,9,1,64,9,1968,2,12,VOLKSWAGEN PASSAT,7,E01020205,0,3
2024471485691,2024,471485691,1,9,0,-1,19,8,4,-1,0,0,0,0,0,0,1,1,-1,1,1,49,8,1968,2,12,VOLKSWAGEN PASSAT,3,E01021060,0,3
2024440405269,2024,440405269,1,9,0,16,19,1,5,0,0,0,0,0,0,0,1,1,2,2,1,18,4,1598,2,13,VOLKSWAGEN PASSAT,10,E01032853,0,1
2024991485210,2024,991485210,1,9,0,-1,19,3,7,-1,0,0,0,4,0,0,1,1,-1,2,1,36,7,1968,2,13,VOLKSWAGEN PASSAT,3,-1,0,4
2024010507710,2024,010507710,2,9,0,2,2,0,0,0,0,1,0,4,0,0,1,1,6,6,3,-1,-1,1598,2,6,VOLKSWAGEN PASSAT,-1,-1,0,-1
2024010534428,2024,010534428,2,9,9,12,12,9,9,99,99,9,9,99,9,99,9,9,6,6,3,-1,-1,1968,2,11,VOLKSWAGEN PASSAT,-1,-1,0,-1
2024461533426,2024,461533426,2,9,0,-1,19,3,7,-1,0,0,0,0,0,0,1,1,-1,1,1,47,8,1968,2,10,VOLKSWAGEN PASSAT,1,E01024676,0,2
2024131460859,2024,131460859,1,9,0,-1,3,5,1,-1,0,1,0,0,0,0,2,1,-1,1,1,57,9,1395,8,6,VOLKSWAGEN PASSAT,3,E01010761,0,3
2024610025824,2024,610025824,1,9,0,7,7,8,2,0,0,6,0,0,1,11,1,1,6,6,1,60,9,3597,1,15,VOLKSWAGEN PASSAT,7,W01001575,0,1
2024131398048,2024,131398048,1,9,0,-1,19,7,3,-1,0,0,0,0,0,0,4,1,-1,9,2,42,7,1968,2,13,VOLKSWAGEN PASSAT,2,E01010778,0,1
2024122400447,2024,122400447,1,9,0,17,19,6,2,0,0,0,1,0,1,9,4,1,6,6,1,30,6,1968,2,16,VOLKSWAGEN PASSAT,7,E01025197,0,2
2024371516658,2024,371516658,1,9,0,-1,19,5,1,-1,0,0,1,0,0,0,3,1,-1,6,2,34,6,1968,2,15,VOLKSWAGEN PASSAT,5,E01030286,0,3
2024471434933,2024,471434933,2,9,0,-1,4,7,3,-1,0,0,0,0,0,0,2,1,-1,6,1,36,7,1968,2,9,VOLKSWAGEN PASSAT,8,E01031416,0,2
2024520401551,2024,520401551,1,9,9,18,19,3,7,0,0,1,0,0,0,0,1,9,6,6,3,-1,-1,1896,2,19,VOLKSWAGEN PASSAT,-1,-1,0,-1
2024052402468,2024,052402468,2,9,0,18,19,2,6,0,0,1,0,0,0,0,1,1,2,2,1,36,7,1968,2,10,VOLKSWAGEN PASSAT,5,E01007143,0,2
2024070128824,2024,070128824,3,9,0,18,19,7,3,0,0,0,0,0,0,0,2,1,2,2,1,32,6,1598,2,13,VOLKSWAGEN PASSAT,1,E01009274,0,5
2024520401560,2024,520401560,2,9,0,18,19,5,1,0,0,0,0,0,7,4,1,1,6,6,2,77,11,1968,2,9,VOLKSWAGEN PASSAT,8,E01031897,0,4
2024010532130,2024,010532130,1,9,0,9,9,7,5,0,0,6,0,0,0,0,1,1,6,6,1,31,6,1598,2,8,VOLKSWAGEN PASSAT,3,E01003275,0,1
2024041497010,2024,041497010,1,9,0,-1,19,3,7,-1,0,1,0,0,0,0,1,1,-1,6,1,55,8,1598,2,11,VOLKSWAGEN PASSAT,2,E01024897,0,1
202417M119224,2024,17M119224,1,9,0,-1,19,1,5,-1,0,8,0,0,0,0,1,1,-1,9,1,31,6,1968,2,10,VOLKSWAGEN PASSAT,-1,-1,0,-1
2024411523107,2024,411523107,1,9,0,-1,9,1,7,-1,0,0,0,0,0,0,4,1,-1,1,1,75,10,1968,2,5,VOLKSWAGEN PASSAT,4,E01023877,0,1
2024231471093,2024,231471093,1,9,0,-1,19,2,6,-1,0,0,0,0,0,0,1,9,-1,6,1,29,6,1968,2,14,VOLKSWAGEN PASSAT,2,E01013569,0,4
2024552401205,2024,552401205,1,9,0,9,9,1,8,0,0,6,0,0,0,0,3,1,6,6,2,34,6,1968,2,17,VOLKSWAGEN PASSAT,4,E01015275,0,1
2024201458996,2024,201458996,1,9,0,-1,4,1,5,-1,0,0,0,0,0,0,1,9,-1,6,1,23,5,1968,2,15,VOLKSWAGEN PASSAT,1,E01034309,0,1
2024141463206,2024,141463206,1,9,0,-1,19,4,8,-1,0,8,0,0,0,0,1,1,-1,2,2,36,7,1968,2,12,VOLKSWAGEN PASSAT,1,E01008103,0,3
2024010531164,2024,010531164,1,9,0,99,99,9,9,99,99,9,9,99,9,99,1,9,6,6,3,-1,-1,1968,2,12,VOLKSWAGEN PASSAT,-1,-1,0,-1
2024221488315,2024,221488315,1,9,0,-1,19,6,2,-1,0,0,1,0,1,0,1,1,-1,9,1,27,6,1968,2,16,VOLKSWAGEN PASSAT,4,E01032104,0,5
2024332400503,2024,332400503,2,9,0,-1,19,1,5,-1,0,0,0,0,0,0,1,1,-1,6,3,-1,-1,1968,2,14,VOLKSWAGEN PASSAT,-1,-1,0,-1
2024010539084,2024,010539084,1,9,0,18,19,5,1,0,0,1,0,4,0,0,1,1,6,6,2,77,11,1598,1,18,VOLKSWAGEN PASSAT,6,E01001962,0,1
2024340NN1732,2024,340NN1732,1,9,0,-1,6,3,3,-1,0,0,0,0,0,0,3,1,-1,1,1,35,6,1968,2,13,VOLKSWAGEN PASSAT,2,E01015594,0,4
2024440079254,2024,440079254,1,9,0,3,3,7,3,0,0,8,0,0,0,0,2,1,6,6,2,51,8,1968,2,11,VOLKSWAGEN PASSAT,7,E01023165,0,4
2024421529668,2024,421529668,1,9,0,-1,19,7,4,-1,0,0,0,0,0,0,1,1,-1,9,2,57,9,1968,2,7,VOLKSWAGEN PASSAT,5,E01021874,0,1
2024122500541,2024,122500541,2,9,0,18,19,4,8,0,0,0,0,0,0,0,1,1,6,6,1,62,9,1968,2,3,VOLKSWAGEN PASSAT,8,E01027568,0,4
2024371414695,2024,371414695,2,9,0,-1,19,4,8,-1,0,0,0,0,0,0,3,1,-1,2,2,59,9,1896,2,21,VOLKSWAGEN PASSAT,8,E01030046,0,1
2024010551310,2024,010551310,1,9,0,18,19,5,1,0,0,5,0,0,0,0,1,1,6,6,1,45,7,1984,1,18,VOLKSWAGEN PASSAT,6,E01024070,0,4
2024430594773,2024,430594773,1,9,0,2,2,8,4,0,0,8,5,0,1,4,2,1,6,6,1,62,9,1968,2,18,VOLKSWAGEN PASSAT,4,E01031032,0,4
2024010502935,2024,010502935,2,9,0,18,19,5,1,0,0,8,0,4,8,11,1,1,6,6,1,29,6,1968,2,18,VOLKSWAGEN PASSAT,-1,-1,0,-1
2024231506337,2024,231506337,1,9,0,-1,13,6,2,-1,0,0,0,0,0,0,1,1,-1,6,1,33,6,1968,2,14,VOLKSWAGEN PASSAT,8,E01035014,0,1
2024201442006,2024,201442006,1,9,0,-1,14,2,4,-1,0,2,0,4,0,0,1,9,-1,2,1,53,8,1968,2,6,VOLKSWAGEN PASSAT,5,E01009206,0,1
2024302400778,2024,302400778,1,9,0,9,9,7,5,0,0,8,0,0,0,0,1,1,6,6,1,22,5,1896,2,22,VOLKSWAGEN PASSAT,7,E01028107,0,3
2024101433548,2024,101433548,1,9,0,-1,19,1,5,-1,0,8,5,0,3,0,1,1,-1,6,1,33,6,1968,2,4,VOLKSWAGEN PASSAT,10,E01008550,0,1
2024070049933,2024,070049933,2,9,0,18,19,4,8,0,0,0,0,0,0,0,3,1,2,2,1,57,9,1598,2,10,VOLKSWAGEN PASSAT,9,E01006986,0,4
2024010498371,2024,010498371,2,9,0,99,99,9,9,99,99,9,9,99,9,99,9,9,6,6,3,34,6,1395,8,2,VOLKSWAGEN PASSAT,-1,-1,0,-1
2024622500010,2024,622500010,2,8,0,18,19,2,6,0,0,8,0,0,0,0,1,1,6,6,1,57,9,1598,2,10,VOLKSWAGEN PASSAT,2,W01001768,0,1
2024201502688,2024,201502688,3,9,0,-1,19,3,7,-1,0,0,0,0,0,0,2,1,-1,6,1,32,6,1968,2,5,VOLKSWAGEN PASSAT,6,E01031017,0,3
2024302400085,2024,302400085,1,9,0,18,19,6,2,0,0,0,0,0,0,0,1,1,6,6,1,46,8,1968,2,11,VOLKSWAGEN PASSAT,2,E01011851,0,4
2024201466439,2024,201466439,2,9,0,-1,19,-1,-1,-1,0,-1,0,0,0,0,1,9,-1,9,2,52,8,1968,2,13,VOLKSWAGEN PASSAT,4,E01010072,0,1
2024991426021,2024,991426021,1,8,0,-1,19,2,6,-1,0,0,0,0,0,0,1,1,-1,1,1,49,8,1598,2,8,VOLKSWAGEN PASSAT,3,-1,0,2
2024010532588,2024,010532588,2,9,0,99,99,9,9,99,99,9,9,99,9,99,9,9,6,6,3,-1,-1,1968,2,7,VOLKSWAGEN PASSAT,1,E01002038,0,1
2024320736377,2024,320736377,1,9,0,-1,-1,8,5,0,0,0,5,0,1,3,1,1,6,6,1,22,5,1968,2,10,VOLKSWAGEN PASSAT,3,E01026104,0,1
2024421531171,2024,421531171,1,9,0,-1,19,2,7,-1,0,1,0,0,0,0,1,1,-1,6,1,47,8,1968,2,13,VOLKSWAGEN PASSAT,10,E01023568,0,3
2024052400701,2024,052400701,2,9,0,5,5,6,8,0,0,0,0,0,0,0,3,1,1,1,1,26,6,1968,2,7,VOLKSWAGEN PASSAT,2,E01006520,0,1
2024430247156,2024,430247156,1,9,0,9,9,5,3,0,0,8,0,0,0,0,1,1,6,6,1,32,6,1968,2,17,VOLKSWAGEN PASSAT,6,E01016827,0,1
2024041466603,2024,041466603,1,9,0,-1,19,3,7,-1,0,1,0,0,0,0,1,1,-1,6,2,62,9,1598,2,13,VOLKSWAGEN PASSAT,3,E01012699,0,1
2024421531382,2024,421531382,2,9,0,-1,2,7,6,-1,0,1,0,0,0,0,1,1,-1,2,2,53,8,1498,1,5,VOLKSWAGEN PASSAT,5,E01021360,0,1
2024440354044,2024,440354044,1,8,0,18,19,7,3,0,0,0,0,0,0,0,3,1,1,1,1,44,7,1395,8,6,VOLKSWAGEN PASSAT,8,E01017196,0,1
2024401422824,2024,401422824,1,9,0,-1,6,7,3,-1,0,0,0,0,0,0,3,1,-1,1,1,39,7,1598,2,9,VOLKSWAGEN PASSAT,3,E01015761,0,1
2024231453832,2024,231453832,3,9,0,-1,4,1,5,-1,0,1,0,0,0,0,2,9,-1,9,1,25,5,1968,2,16,VOLKSWAGEN PASSAT,3,E01032267,0,3
2024131467121,2024,131467121,1,9,0,-1,9,3,3,-1,0,2,0,4,0,0,1,1,-1,6,-1,-1,-1,1968,2,16,VOLKSWAGEN PASSAT,-1,-1,0,-1
2024411498316,2024,411498316,1,9,0,-1,19,8,4,-1,0,1,0,0,0,0,1,1,-1,2,1,32,6,1968,2,10,VOLKSWAGEN PASSAT,4,E01023772,0,1
2024231523127,2024,231523127,1,9,0,-1,19,1,5,-1,0,8,0,0,0,0,3,1,-1,6,1,33,6,1968,2,7,VOLKSWAGEN PASSAT,9,E01010220,0,3
2024631447236,2024,631447236,3,9,0,-1,19,4,8,-1,0,0,0,0,0,0,3,1,-1,7,2,52,8,1968,2,13,VOLKSWAGEN PASSAT,6,W01000574,0,3
202454D331624,2024,54D331624,1,9,0,7,7,1,3,0,0,6,0,0,0,0,1,1,2,2,1,25,5,1999,2,17,VOLKSWAGEN PASSAT,9,E01031922,0,3
2024421510378,2024,421510378,1,9,0,-1,19,1,5,-1,0,0,0,0,0,0,1,1,-1,6,1,66,10,1984,1,5,VOLKSWAGEN PASSAT,8,E01023299,0,3
2024351460370,2024,351460370,1,9,0,-1,19,6,2,-1,0,8,0,0,0,0,1,1,-1,2,1,25,5,1968,2,11,VOLKSWAGEN PASSAT,2,E01026037,0,4
2024991429773,2024,991429773,1,8,0,-1,19,2,6,-1,0,0,0,0,0,0,1,1,-1,1,1,60,9,1968,2,7,VOLKSWAGEN PASSAT,4,-1,0,1
2024101430300,2024,101430300,2,9,0,-1,19,7,3,-1,0,8,1,0,0,0,3,1,-1,6,1,28,6,1968,2,4,VOLKSWAGEN PASSAT,9,E01008472,0,2
2024411473715,2024,411473715,1,9,0,-1,19,5,1,-1,0,0,0,0,0,0,3,1,-1,9,1,28,6,1968,2,17,VOLKSWAGEN PASSAT,7,E01023923,0,1
2024131485170,2024,131485170,2,9,0,-1,19,6,4,-1,0,0,0,0,0,0,1,1,-1,9,1,46,8,1986,2,15,VOLKSWAGEN PASSAT,-1,-1,0,-1
2024471496443,2024,471496443,2,9,0,-1,2,0,0,-1,0,0,0,0,0,0,4,1,-1,6,-1,-1,-1,1968,2,4,VOLKSWAGEN PASSAT,-1,-1,0,-1
2024461411000,2024,461411000,1,3,0,-1,19,6,3,-1,0,0,1,0,0,0,4,1,-1,1,1,25,5,124,1,11,MAKE AND MODEL REDACTED,6,E01034989,0,1
2024070624125,2024,070624125,1,3,0,18,19,5,1,0,0,8,1,0,1,2,1,1,6,6,1,18,4,124,1,11,MAKE AND MODEL REDACTED,10,E01007186,0,2
2024401501068,2024,401501068,1,3,0,-1,19,3,7,-1,0,0,2,0,1,0,0,1,-1,6,1,26,6,124,1,11,MAKE AND MODEL REDACTED,9,E01017495,0,2
2024061514559,2024,061514559,1,9,0,-1,7,3,7,-1,9,0,1,0,3,5,1,1,-1,9,1,29,6,2894,1,0,AUDI RS4,8,E01005768,0,1
2024201477952,2024,201477952,1,9,0,-1,9,7,5,-1,0,5,0,10,7,0,1,1,-1,9,1,41,7,2894,1,4,AUDI RS4,-1,-1,0,-1
2024501450059,2024,501450059,1,9,0,-1,9,8,6,-1,0,1,1,0,0,0,1,1,-1,9,1,73,10,4163,1,18,AUDI RS4,3,E01018989,0,2
2024131468691,2024,131468691,1,9,0,-1,1,4,8,-1,0,0,0,0,0,0,2,1,-1,9,1,47,8,4163,1,17,AUDI RS4,10,E01010772,0,1
2024361484143,2024,361484143,3,9,0,-1,10,1,7,-1,0,1,0,0,0,0,1,1,-1,9,1,50,8,2894,1,1,AUDI RS4,8,E01013005,0,5
2024411469209,2024,411469209,1,9,0,-1,19,3,7,-1,0,2,0,10,1,10,1,1,-1,6,1,58,9,2894,1,2,AUDI RS4,9,E01035592,0,1
2024201469469,2024,201469469,1,9,0,-1,19,6,2,-1,0,8,0,0,0,0,1,1,-1,6,1,27,6,2894,1,1,AUDI RS4,10,E01010229,0,1
2024010516830,2024,010516830,1,9,0,18,19,5,1,0,0,2,0,0,0,0,1,1,2,2,1,44,7,2894,1,3,AUDI RS4,5,E01000662,0,3
2024622400798,2024,622400798,1,9,0,18,19,8,4,0,0,0,0,0,0,0,0,1,1,1,1,24,5,2894,1,2,AUDI RS4,9,E01031222,0,5
2024141409920,2024,141409920,1,9,0,-1,11,5,1,-1,0,1,0,10,4,0,1,1,-1,6,2,32,6,2894,1,1,AUDI RS4,3,E01007969,0,2
2024061507370,2024,061507370,1,9,-1,-1,5,-1,-1,-1,0,8,0,0,0,0,-1,9,-1,6,3,-1,-1,2894,1,5,AUDI RS4,-1,-1,0,-1
2024991412422,2024,991412422,1,90,0,-1,19,6,1,-1,0,0,1,4,0,0,1,1,-1,9,1,30,6,197,1,17,MAKE AND MODEL REDACTED,1,-1,0,4