collision_index,collision_year,collision_ref_no,vehicle_reference,vehicle_type,towing_and_articulation,vehicle_manoeuvre_historic,vehicle_manoeuvre,vehicle_direction_from,vehicle_direction_to,vehicle_location_restricted_lane_historic,vehicle_location_restricted_lane,junction_location,skidding_and_overturning,hit_object_in_carriageway,vehicle_leaving_carriageway,hit_object_off_carriageway,first_point_of_impact,vehicle_left_hand_drive,journey_purpose_of_driver_historic,journey_purpose_of_driver,sex_of_driver,age_of_driver,age_band_of_driver,engine_capacity_cc,propulsion_code,age_of_vehicle,generic_make_model,driver_imd_decile,lsoa_of_driver,escooter_flag,driver_distance_banding
2024471485248,2024,471485248,2,5,0,-1,19,6,2,-1,0,1,1,0,0,0,1,1,-1,9,1,62,9,650,1,23,MAKE AND MODEL REDACTED,2,E01024214,0,4
2024231513440,2024,231513440,2,5,0,-1,3,6,2,-1,0,1,0,0,0,0,2,1,-1,9,1,83,11,652,1,14,MAKE AND MODEL REDACTED,8,E01029860,0,4
2024991394494,2024,991394494,1,5,4,-1,19,7,4,-1,0,4,0,0,0,0,1,1,-1,2,1,55,8,652,1,20,MAKE AND MODEL REDACTED,-1,-1,0,-1
202460Q195055,2024,60Q195055,2,5,0,18,19,7,3,0,0,1,0,0,0,0,1,1,6,6,1,34,6,652,1,21,MAKE AND MODEL REDACTED,-1,-1,0,-1
2024440048745,2024,440048745,2,5,0,18,19,6,2,0,0,1,0,0,0,0,1,1,6,6,1,79,11,652,1,20,MAKE AND MODEL REDACTED,8,E01016703,0,3
2024041491244,2024,041491244,1,5,0,-1,19,4,8,-1,0,0,1,0,0,0,4,1,-1,6,1,53,8,652,1,19,MAKE AND MODEL REDACTED,2,E01025390,0,1
2024340WN5352,2024,340WN5352,2,5,0,-1,19,5,1,-1,0,8,0,0,0,0,1,1,-1,6,1,32,6,652,1,22,MAKE AND MODEL REDACTED,1,E01027200,0,1
2024461500323,2024,461500323,2,5,0,-1,19,8,4,-1,0,0,0,0,0,0,1,1,-1,9,1,47,8,652,1,17,MAKE AND MODEL REDACTED,7,E01024707,0,4
2024440126806,2024,440126806,2,4,0,15,15,3,7,0,0,0,0,0,0,0,1,1,6,6,2,29,6,652,1,21,MAKE AND MODEL REDACTED,2,E01017219,0,1
2024332400939,2024,332400939,1,9,0,-1,19,5,1,-1,0,4,0,0,1,0,1,1,-1,2,2,33,6,-1,3,0,MAKE AND MODEL REDACTED,4,E01025936,0,2
2024991529464,2024,991529464,3,11,0,-1,7,8,2,-1,0,6,0,0,0,0,3,1,-1,1,1,40,7,9360,2,12,MAKE AND MODEL REDACTED,2,-1,0,4
2024131470233,2024,131470233,6,9,0,-1,2,0,0,-1,0,8,0,0,0,0,1,1,-1,6,-1,-1,-1,998,1,15,CITROEN C1,-1,-1,0,-1
2024070446092,2024,070446092,2,9,0,7,7,3,5,0,0,5,0,0,0,0,4,1,3,7,2,33,6,998,1,13,CITROEN C1,10,E01018490,0,1
2024061434922,2024,061434922,1,9,0,-1,19,5,1,-1,9,0,0,0,0,0,4,1,-1,9,2,41,7,998,1,10,CITROEN C1,3,E01006272,0,1
2024461440765,2024,461440765,1,9,0,-1,7,3,7,-1,0,5,0,0,1,0,2,9,-1,1,2,30,6,998,1,14,CITROEN C1,9,E01024802,0,1
2024302400511,2024,302400511,2,9,0,18,19,1,5,0,0,0,1,0,5,6,3,1,6,6,1,20,4,998,1,17,CITROEN C1,9,E01021223,0,5
2024411518155,2024,411518155,2,9,0,-1,19,1,5,-1,0,1,0,0,0,0,1,1,-1,1,2,42,7,998,1,9,CITROEN C1,5,E01023386,0,3
2024302400934,2024,302400934,1,9,0,18,19,6,2,0,0,0,0,0,0,0,1,1,6,6,1,18,4,998,1,13,CITROEN C1,8,E01028093,0,4
2024991395704,2024,991395704,2,9,0,-1,9,4,1,-1,0,1,0,0,0,0,3,9,-1,9,2,21,5,998,1,9,CITROEN C1,8,-1,0,2
2024430442806,2024,430442806,1,9,0,18,19,6,2,0,0,6,0,0,0,0,1,1,6,6,2,47,8,998,1,7,CITROEN C1,8,E01018298,0,5
2024131531796,2024,131531796,2,9,0,-1,9,5,1,-1,0,8,0,0,0,0,3,1,-1,6,2,65,9,998,1,12,CITROEN C1,2,E01011014,0,1
2024332400701,2024,332400701,2,9,0,-1,19,5,1,-1,0,0,0,0,0,0,3,1,-1,6,1,-1,-1,998,1,13,CITROEN C1,-1,-1,0,-1
2024522403392,2024,522403392,2,9,0,9,9,8,6,0,0,6,0,0,0,0,1,1,6,6,2,21,5,998,1,9,CITROEN C1,10,E01014850,0,1
2024471522889,2024,471522889,1,9,0,-1,19,2,6,-1,0,0,5,7,0,0,1,1,-1,9,2,81,11,998,1,3,CITROEN C1,5,E01020999,0,1
2024501425373,2024,501425373,1,9,0,-1,19,3,7,-1,0,0,1,0,0,0,1,1,-1,7,1,17,4,1398,2,18,CITROEN C1,6,E01020188,0,1
2024332400448,2024,332400448,1,9,0,-1,15,3,7,-1,0,2,0,0,0,0,1,1,-1,9,2,29,6,998,1,16,CITROEN C1,5,E01025863,0,1
2024111506184,2024,111506184,1,9,0,-1,19,3,7,-1,0,2,0,0,0,0,1,1,-1,9,1,68,10,998,1,4,CITROEN C1,-1,-1,0,-1
2024471477220,2024,471477220,1,9,0,-1,4,4,8,-1,0,4,0,0,7,0,0,1,-1,2,2,31,6,998,1,10,CITROEN C1,3,E01020927,0,3
2024421538697,2024,421538697,1,9,0,-1,19,7,3,-1,0,1,0,0,0,0,1,1,-1,6,1,63,9,998,1,13,CITROEN C1,4,E01021849,0,1
2024471430953,2024,471430953,3,9,0,-1,19,4,8,-1,9,0,0,0,0,0,4,1,-1,9,1,70,10,998,1,11,CITROEN C1,7,E01016961,0,1
2024131494448,2024,131494448,2,9,0,-1,19,5,1,-1,0,1,0,0,0,0,1,1,-1,1,1,50,8,1200,1,7,CITROEN C1,3,E01011257,0,2
2024340NN2992,2024,340NN2992,1,9,0,-1,19,5,1,-1,0,2,2,10,2,10,1,1,-1,6,1,18,4,998,1,17,CITROEN C1,5,E01026985,0,3
2024201435160,2024,201435160,2,9,0,-1,19,8,4,-1,0,8,0,0,0,0,3,1,-1,9,2,83,11,1200,1,8,CITROEN C1,4,E01010002,0,1
2024440249538,2024,440249538,1,9,0,18,19,7,3,0,0,8,0,0,0,0,1,1,6,6,2,18,4,998,1,16,CITROEN C1,6,E01017273,0,3
2024041423806,2024,041423806,2,9,0,-1,19,5,1,-1,0,0,0,0,0,0,1,1,-1,9,1,64,9,998,1,11,CITROEN C1,7,E01019382,0,4
2024131510045,2024,131510045,1,9,0,-1,19,7,3,-1,0,1,0,0,0,0,2,1,-1,2,1,40,7,998,1,13,CITROEN C1,2,E01033692,0,1
2024061469042,2024,061469042,1,9,0,-1,19,-1,-1,-1,0,2,1,11,1,11,4,1,-1,9,2,20,4,1200,1,7,CITROEN C1,9,E01005410,0,2
2024041408635,2024,041408635,1,9,0,-1,19,5,1,-1,0,0,0,0,0,0,1,1,-1,9,1,32,6,998,1,13,CITROEN C1,1,E01012743,0,1
2024302400472,2024,302400472,1,9,0,18,19,4,8,0,0,0,0,0,0,0,1,1,6,6,2,73,10,998,1,10,CITROEN C1,-1,-1,0,-1
2024041420425,2024,041420425,2,9,0,-1,3,7,3,-1,0,1,0,0,0,0,2,1,-1,9,2,28,6,998,1,8,CITROEN C1,9,E01025281,0,1
2024061443344,2024,061443344,1,9,0,-1,-1,-1,-1,-1,-1,-1,-1,-1,-1,0,-1,1,-1,6,2,73,10,998,1,11,CITROEN C1,2,E01005449,0,1
2024631413914,2024,631413914,2,9,0,-1,19,2,5,-1,0,8,0,0,0,0,1,1,-1,9,1,31,6,998,1,14,CITROEN C1,10,W01000792,0,2
2024411485391,2024,411485391,2,9,0,-1,12,1,2,-1,0,1,1,0,0,0,1,1,-1,6,1,20,4,998,1,17,CITROEN C1,9,E01023463,0,1
2024101492172,2024,101492172,2,9,0,-1,3,3,7,-1,0,1,0,0,0,0,2,1,-1,9,2,27,6,998,1,9,CITROEN C1,1,E01008223,0,1
2024451413439,2024,451413439,2,9,0,-1,19,8,4,-1,0,0,0,0,0,0,2,1,-1,1,1,45,7,998,1,14,CITROEN C1,4,E01016207,0,3
2024520002218,2024,520002218,2,9,0,18,19,7,3,0,0,0,0,0,0,0,1,1,2,2,1,19,4,998,1,15,CITROEN C1,8,E01014423,0,1
2024471497435,2024,471497435,1,9,0,-1,4,7,5,-1,0,1,0,0,0,0,3,1,-1,1,2,20,4,998,1,13,CITROEN C1,7,E01031362,0,1
2024041407421,2024,041407421,2,9,0,-1,2,0,0,-1,0,0,0,0,0,0,1,1,-1,6,-1,-1,-1,998,1,12,CITROEN C1,-1,-1,0,-1
2024061504869,2024,061504869,2,9,0,-1,20,1,5,-1,0,0,0,0,0,0,3,1,-1,6,2,23,5,998,1,11,CITROEN C1,4,E01005391,0,1
2024361410918,2024,361410918,1,9,0,-1,1,-1,-1,-1,0,0,0,0,0,0,4,1,-1,9,1,42,7,998,1,7,CITROEN C1,6,E01030052,0,2
2024991421787,2024,991421787,1,9,0,-1,9,7,5,-1,0,8,0,0,0,0,1,1,-1,2,1,46,8,998,1,9,CITROEN C1,4,-1,0,1
2024411509793,2024,411509793,2,9,0,-1,7,3,7,-1,0,8,0,0,0,0,3,1,-1,6,2,56,9,998,1,9,CITROEN C1,9,E01023352,0,1
2024031439234,2024,031439234,1,9,0,-1,19,3,7,-1,0,0,0,0,0,0,1,1,-1,9,1,20,4,998,1,12,CITROEN C1,7,E01019382,0,1
2024061422980,2024,061422980,1,9,0,-1,7,1,3,-1,0,5,0,0,0,0,4,1,-1,9,1,47,8,1200,1,8,CITROEN C1,9,E01005407,0,2
2024061510604,2024,061510604,1,9,0,-1,9,1,8,-1,0,1,0,0,0,0,1,1,-1,9,2,23,5,998,1,8,CITROEN C1,-1,-1,0,-1
2024430490865,2024,430490865,1,9,0,16,19,2,7,0,0,0,5,0,8,10,3,1,6,6,1,17,4,998,1,17,CITROEN C1,9,E01017914,0,2
2024421396703,2024,421396703,1,9,0,-1,19,1,1,-1,0,0,2,0,0,0,3,1,-1,2,1,22,5,998,1,13,CITROEN C1,5,E01021785,0,2
2024101515609,2024,101515609,2,9,0,-1,2,3,6,-1,0,1,0,0,0,0,2,1,-1,9,2,28,6,998,1,5,CITROEN C1,7,E01033481,0,4
2024471400753,2024,471400753,3,9,0,-1,19,1,5,-1,0,8,0,0,0,0,1,1,-1,9,2,62,9,998,1,15,CITROEN C1,5,E01021211,0,2
2024010515156,2024,010515156,4,9,0,2,2,0,0,0,0,1,0,0,0,0,0,1,6,6,3,-1,-1,998,1,12,CITROEN C1,-1,-1,0,-1
2024101439946,2024,101439946,1,9,0,-1,4,5,1,-1,9,0,0,0,0,0,1,1,-1,9,2,51,8,998,1,15,CITROEN C1,8,E01008799,0,3
2024201502161,2024,201502161,2,9,0,-1,19,5,1,-1,0,0,0,0,0,0,1,9,-1,6,3,-1,-1,998,1,15,CITROEN C1,-1,-1,0,-1
2024231460379,2024,231460379,1,9,0,-1,19,6,2,-1,0,0,0,0,0,0,1,9,-1,2,1,37,7,998,1,14,CITROEN C1,5,E01025863,0,3
2024440393123,2024,440393123,2,9,0,4,4,8,4,0,0,0,0,0,0,0,1,1,2,2,2,26,6,998,1,7,CITROEN C1,6,E01035456,0,1
2024501491319,2024,501491319,2,9,0,-1,19,7,3,-1,0,0,0,0,0,0,2,1,-1,6,2,19,4,998,1,13,CITROEN C1,3,E01015192,0,2
2024141422071,2024,141422071,2,9,0,-1,19,1,5,-1,0,0,0,0,0,0,1,1,-1,6,2,73,10,1200,1,8,CITROEN C1,4,E01007762,0,2
2024430430694,2024,430430694,1,9,0,18,19,8,4,0,0,0,1,0,2,7,2,1,6,6,2,33,6,998,1,15,CITROEN C1,1,E01014653,0,4
2024471483467,2024,471483467,4,9,0,-1,19,6,2,-1,0,0,0,0,0,0,1,1,-1,9,1,18,4,998,1,11,CITROEN C1,8,E01021095,0,2
2024440458164,2024,440458164,1,9,0,16,19,2,6,0,0,0,1,0,0,0,1,1,6,6,1,19,4,998,1,15,CITROEN C1,8,E01022639,0,1
2024201431869,2024,201431869,2,9,0,-1,19,6,8,-1,0,0,0,0,0,0,2,9,-1,6,1,59,9,998,1,12,CITROEN C1,5,E01010211,0,1
2024131514322,2024,131514322,1,9,0,-1,19,8,5,-1,0,2,0,0,0,0,1,1,-1,9,1,41,7,998,1,15,CITROEN C1,3,E01006114,0,4
2024421436576,2024,421436576,1,9,0,-1,9,8,3,-1,0,1,0,0,0,0,1,1,-1,6,1,66,10,998,1,13,CITROEN C1,2,E01022038,0,1
2024161444636,2024,161444636,1,9,0,-1,8,5,7,-1,0,0,0,0,0,0,1,1,-1,9,2,71,10,998,1,8,CITROEN C1,9,E01012957,0,1
2024161452934,2024,161452934,2,9,0,-1,9,5,4,-1,0,4,0,0,0,0,1,9,-1,6,2,-1,-1,998,1,13,CITROEN C1,9,E01013016,0,4
2024231512154,2024,231512154,1,9,0,-1,4,5,1,-1,0,1,0,0,0,0,1,1,-1,6,1,21,5,998,1,14,CITROEN C1,3,E01031073,0,1
2024320474659,2024,320474659,2,9,0,-1,-1,2,8,0,0,8,0,0,0,0,3,1,6,6,2,21,5,998,1,12,CITROEN C1,2,E01026110,0,2
2024010503601,2024,010503601,1,9,0,99,99,9,9,99,99,9,9,99,9,99,9,9,2,2,2,49,8,998,1,16,CITROEN C1,3,E01016014,0,2
2024461433955,2024,461433955,1,9,0,-1,19,2,6,-1,0,0,5,0,0,0,1,1,-1,6,1,90,11,998,1,18,CITROEN C1,8,E01024545,0,1
2024520500416,2024,520500416,1,9,0,18,19,3,7,0,0,0,0,0,0,0,1,1,6,6,2,80,11,998,1,11,CITROEN C1,8,E01029194,0,1
2024221507604,2024,221507604,1,9,0,-1,9,4,3,-1,0,6,0,0,0,0,3,1,-1,2,1,30,6,998,1,12,CITROEN C1,2,E01010019,0,3
2024501418367,2024,501418367,2,9,0,-1,9,3,8,-1,0,0,0,0,0,0,1,1,-1,1,2,29,6,998,1,14,CITROEN C1,3,E01015190,0,1
2024522402045,2024,522402045,2,9,0,2,2,0,0,0,0,0,0,0,0,0,1,1,6,6,3,-1,-1,998,1,13,CITROEN C1,-1,-1,0,-1
2024471521817,2024,471521817,2,9,0,-1,8,4,8,-1,0,1,0,0,0,0,2,1,-1,9,2,59,9,998,1,7,CITROEN C1,1,E01020972,0,1
2024522402493,2024,522402493,1,9,0,18,19,1,5,0,0,0,0,0,0,0,4,1,6,6,1,50,8,1200,1,8,CITROEN C1,-1,-1,0,-1
2024122500014,2024,122500014,1,9,0,18,19,6,2,0,0,0,0,0,0,0,1,1,1,1,1,30,6,998,1,18,CITROEN C1,3,E01013447,0,1
2024111479068,2024,111479068,1,9,0,-1,4,4,8,-1,0,8,0,0,0,0,3,1,-1,6,2,30,6,998,1,12,CITROEN C1,4,E01020904,0,1
2024991418036,2024,991418036,1,9,0,-1,12,1,5,-1,0,0,0,0,1,0,1,1,-1,2,2,25,5,998,1,8,CITROEN C1,2,-1,0,2
202460Q061295,2024,60Q061295,2,9,0,3,3,6,2,0,0,8,0,0,0,0,3,1,6,6,1,81,11,998,1,16,CITROEN C1,-1,-1,0,-1
2024311394906,2024,311394906,1,9,0,-1,9,6,2,-1,0,0,0,0,0,0,1,1,-1,9,2,22,5,1200,1,8,CITROEN C1,6,E01028171,0,1
2024101425075,2024,101425075,1,9,0,-1,19,5,1,-1,0,1,0,0,0,0,1,1,-1,1,2,22,5,998,1,8,CITROEN C1,4,E01008637,0,2
2024545170324,2024,545170324,5,9,0,2,2,0,0,0,0,0,0,0,0,0,3,1,6,6,1,-1,-1,998,1,17,CITROEN C1,-1,-1,0,-1
2024311464340,2024,311464340,1,9,0,-1,19,7,3,-1,0,0,1,10,7,0,4,1,-1,6,2,18,4,998,1,18,CITROEN C1,1,E01028311,0,4
2024471421059,2024,471421059,1,9,0,-1,19,7,3,-1,0,1,0,0,0,0,3,1,-1,2,2,23,5,998,1,10,CITROEN C1,6,E01016935,0,1
2024010531319,2024,010531319,1,9,0,4,4,1,5,0,0,8,0,0,0,0,1,1,3,7,2,37,7,998,1,10,CITROEN C1,3,E01001116,0,1
2024070522713,2024,070522713,1,9,0,4,4,6,1,0,0,0,0,0,0,0,1,1,6,6,2,18,4,998,1,15,CITROEN C1,2,E01018701,0,1
2024311511479,2024,311511479,1,9,0,-1,19,1,5,-1,0,2,0,0,0,0,1,1,-1,1,1,27,6,998,1,9,CITROEN C1,2,E01013845,0,1
2024461430325,2024,461430325,1,9,0,-1,1,5,1,-1,-1,0,0,0,0,0,2,9,-1,6,1,19,4,1200,1,8,CITROEN C1,10,E01023379,0,5
2024520403356,2024,520403356,2,9,0,18,19,4,8,0,0,0,0,0,0,0,1,1,6,6,2,78,11,998,1,14,CITROEN C1,6,E01029267,0,3
2024991408679,2024,991408679,1,9,0,-1,9,2,8,-1,0,7,0,0,0,0,0,1,-1,6,1,45,7,998,1,12,CITROEN C1,9,-1,0,1
2024041396517,2024,041396517,1,9,0,-1,19,7,3,-1,0,0,0,0,0,0,3,1,-1,9,2,70,10,1200,1,6,CITROEN C1,8,E01025564,0,1
2024622400624,2024,622400624,1,9,0,9,9,6,4,0,0,5,0,0,0,0,3,1,6,6,1,18,4,998,1,12,CITROEN C1,6,W01000774,0,1
2024522403411,2024,522403411,2,9,0,11,11,7,3,0,0,0,0,0,0,0,1,1,6,6,2,19,4,998,1,9,CITROEN C1,4,E01014586,0,1
2024131449156,2024,131449156,1,9,0,-1,19,6,2,-1,0,8,0,0,0,0,3,1,-1,6,3,-1,-1,998,1,16,CITROEN C1,-1,-1,0,-1
202417L101524,2024,17L101524,1,9,0,16,19,2,6,0,0,0,0,0,0,0,1,1,6,6,2,18,4,998,1,12,CITROEN C1,-1,-1,0,-1
2024371515552,2024,371515552,1,9,0,-1,19,8,3,-1,0,0,0,0,0,0,3,1,-1,2,2,24,5,998,1,7,CITROEN C1,-1,-1,0,-1
2024122400821,2024,122400821,2,9,0,18,19,3,5,0,0,0,0,0,1,4,2,1,6,6,2,30,6,998,1,8,CITROEN C1,3,E01013385,0,2
2024451420183,2024,451420183,2,9,0,-1,19,8,4,-1,0,1,0,0,0,0,2,1,-1,2,2,21,5,998,1,17,CITROEN C1,10,E01030689,0,2
2024041461451,2024,041461451,1,9,0,-1,19,7,3,-1,0,0,0,0,0,0,1,1,-1,9,2,52,8,998,1,5,CITROEN C1,4,E01024927,0,1
2024430615153,2024,430615153,2,9,0,9,9,3,1,0,0,6,0,0,0,0,4,1,6,6,2,73,10,998,1,12,CITROEN C1,3,E01016373,0,1
2024061404963,2024,061404963,2,9,0,-1,19,4,8,-1,0,8,0,0,0,0,2,1,-1,9,2,55,8,998,1,16,CITROEN C1,-1,-1,0,-1
2024320432704,2024,320432704,2,9,0,-1,-1,4,8,0,0,8,0,0,0,0,4,1,-1,-1,2,48,8,998,1,19,CITROEN C1,-1,-1,0,-1
2024131453129,2024,131453129,2,9,0,-1,15,3,7,-1,0,0,0,0,0,0,1,1,-1,9,2,28,6,998,1,17,CITROEN C1,2,E01011785,0,1
2024451513557,2024,451513557,1,9,0,-1,3,1,5,-1,0,0,0,0,0,0,1,1,-1,6,2,21,5,998,1,19,CITROEN C1,10,E01023005,0,4
2024101525920,2024,101525920,1,9,0,-1,7,7,1,-1,0,8,0,0,0,0,1,1,-1,9,2,69,10,998,1,13,CITROEN C1,6,E01008770,0,1
2024320257370,2024,320257370,1,9,0,-1,-1,7,3,0,0,8,0,0,1,0,3,1,-1,-1,1,76,11,998,1,11,CITROEN C1,10,E01026302,0,2
2024991399479,2024,991399479,1,9,0,-1,9,8,5,-1,0,8,0,0,0,0,4,1,-1,6,1,54,8,998,1,9,CITROEN C1,8,-1,0,1
2024061520103,2024,061520103,2,9,0,-1,19,4,1,-1,0,8,0,0,0,0,1,1,-1,6,2,34,6,998,1,16,CITROEN C1,6,E01006216,0,1
2024221498621,2024,221498621,1,9,0,-1,4,1,5,-1,0,1,0,0,0,0,1,9,-1,6,1,28,6,998,1,16,CITROEN C1,4,E01014016,0,3
2024520403287,2024,520403287,1,9,0,1,1,7,3,9,9,6,0,4,0,0,2,1,6,6,1,47,8,998,1,15,CITROEN C1,5,E01029051,0,1
2024061527024,2024,061527024,2,9,0,-1,19,-1,-1,-1,0,3,0,0,0,0,1,1,-1,6,2,-1,-1,998,1,7,CITROEN C1,4,E01006184,0,1
2024320335181,2024,320335181,1,9,0,-1,-1,5,2,0,0,0,2,0,1,1,1,1,-1,-1,2,23,5,998,1,17,CITROEN C1,2,E01011781,0,4
2024421396970,2024,421396970,1,9,0,-1,19,7,3,-1,0,0,0,0,1,0,2,1,-1,6,1,22,5,998,1,16,CITROEN C1,4,E01002313,0,2
2024430418121,2024,430418121,2,9,0,9,9,7,5,0,0,8,0,0,0,0,1,1,6,6,3,-1,-1,998,1,9,CITROEN C1,-1,-1,0,-1
2024471508081,2024,471508081,1,9,0,-1,20,7,3,-1,-1,0,0,0,0,0,1,2,-1,6,1,71,10,998,1,13,CITROEN C1,2,E01021037,0,1
2024991403507,2024,991403507,1,9,0,-1,19,1,5,-1,9,0,0,0,7,0,1,1,-1,9,1,59,9,998,1,12,CITROEN C1,8,-1,0,1
2024548606424,2024,548606424,1,9,0,9,9,1,3,0,0,5,0,0,0,0,4,1,2,2,2,61,9,998,1,9,CITROEN C1,10,E01031923,0,4
2024411457461,2024,411457461,1,9,0,-1,19,3,7,-1,0,0,0,0,2,4,4,1,-1,6,1,18,4,998,1,14,CITROEN C1,9,E01023316,0,2
2024052402567,2024,052402567,1,9,0,18,19,3,7,0,0,0,0,0,0,0,1,1,6,6,2,20,4,998,1,5,CITROEN C1,5,E01006557,0,1
2024421400515,2024,421400515,2,9,0,-1,19,1,5,-1,0,0,0,0,0,0,1,1,-1,2,1,51,8,998,1,2,CITROEN C1,9,E01022069,0,4
2024471401328,2024,471401328,2,9,0,-1,19,7,3,-1,0,1,0,0,0,0,0,1,-1,1,1,33,6,998,1,16,CITROEN C1,6,E01021130,0,1
2024371490382,2024,371490382,2,9,0,-1,19,4,8,-1,0,8,0,0,0,0,3,1,-1,9,2,35,6,998,1,16,CITROEN C1,7,E01029964,0,1
2024471486542,2024,471486542,1,9,0,-1,19,3,7,-1,0,0,0,0,0,0,1,1,-1,9,2,77,11,998,1,7,CITROEN C1,7,E01031423,0,1
2024531472959,2024,531472959,1,9,0,-1,19,6,3,-1,0,0,1,0,2,4,1,1,-1,9,1,18,4,998,1,16,CITROEN C1,5,E01022383,0,2
2024440134610,2024,440134610,2,9,0,18,19,4,8,0,0,8,0,0,0,0,1,1,6,6,2,32,6,998,1,13,CITROEN C1,3,E01017335,0,1
2024061506552,2024,061506552,1,9,0,-1,19,-1,-1,-1,0,1,9,0,0,0,2,1,-1,9,2,40,7,998,1,16,CITROEN C1,2,E01004798,0,2
2024522401660,2024,522401660,1,9,0,18,19,6,4,0,0,0,0,0,1,1,1,1,6,6,2,19,4,998,1,12,CITROEN C1,10,E01014775,0,1
2024430323096,2024,430323096,2,9,0,3,3,7,3,0,0,2,0,0,0,0,2,1,1,1,1,54,8,998,1,17,CITROEN C1,5,E01033522,0,2
2024361471361,2024,361471361,2,9,0,-1,19,5,1,-1,0,0,1,6,0,0,3,1,-1,2,1,28,6,998,1,15,CITROEN C1,7,E01026883,0,4
2024520001887,2024,520001887,1,9,0,9,9,-1,-1,0,0,6,0,0,0,0,1,1,6,6,1,58,9,998,1,15,CITROEN C1,10,E01014453,0,1
2024461429649,2024,461429649,1,9,0,-1,19,2,2,-1,0,5,0,0,0,0,1,9,-1,9,2,80,11,1200,1,8,CITROEN C1,5,E01024238,0,1
2024421519512,2024,421519512,3,9,0,-1,19,5,1,-1,0,0,0,0,0,0,3,1,-1,6,2,20,4,998,1,15,CITROEN C1,4,E01021309,0,1
2024552401370,2024,552401370,1,9,0,17,19,4,2,0,0,0,1,0,0,0,1,1,6,6,2,18,4,998,1,13,CITROEN C1,10,E01020413,0,1
2024041517791,2024,041517791,1,9,0,-1,2,-1,-1,-1,0,0,0,0,0,0,-1,1,-1,6,1,54,8,998,1,4,CITROEN C1,7,E01025174,0,2
2024041509507,2024,041509507,1,9,0,-1,19,5,1,-1,0,0,0,0,0,0,1,1,-1,9,2,31,6,998,1,10,CITROEN C1,9,E01025545,0,4
2024631461467,2024,631461467,1,9,0,-1,19,4,8,-1,0,1,0,0,0,0,1,1,-1,9,2,24,5,998,1,13,CITROEN C1,8,W01000494,0,4
2024131433584,2024,131433584,2,9,0,-1,19,5,1,-1,0,8,0,0,1,0,1,1,-1,6,2,39,7,998,1,16,CITROEN C1,2,E01010628,0,1
2024631476253,2024,631476253,1,9,0,-1,19,7,3,-1,0,8,0,0,0,0,4,1,-1,6,2,18,4,998,1,10,CITROEN C1,8,W01000534,0,1
2024501502185,2024,501502185,2,9,0,-1,19,7,3,-1,0,0,0,0,0,0,2,1,-1,6,2,36,7,998,1,18,CITROEN C1,7,E01019058,0,1
2024221503233,2024,221503233,1,9,0,-1,13,6,2,-1,0,0,0,0,1,0,1,1,-1,9,2,21,5,998,1,11,CITROEN C1,10,W01001954,0,4
2024991472455,2024,991472455,1,9,0,-1,19,7,3,-1,0,0,0,4,0,0,1,1,-1,2,2,23,5,998,1,12,CITROEN C1,-1,-1,0,-1
2024141416196,2024,141416196,1,9,0,-1,9,5,3,-1,0,0,0,0,0,0,1,1,-1,6,2,18,4,998,1,10,CITROEN C1,5,E01007887,0,1
2024161394454,2024,161394454,2,9,0,-1,9,1,6,-1,0,1,0,0,0,0,3,1,-1,9,1,62,9,998,1,18,CITROEN C1,-1,-1,0,-1
2024421448880,2024,421448880,1,9,0,-1,5,3,8,-1,0,8,0,0,0,0,4,9,-1,2,2,31,6,998,1,9,CITROEN C1,3,E01021565,0,2
2024320621556,2024,320621556,2,9,0,-1,-1,4,8,0,0,0,0,0,7,4,1,1,-1,-1,1,20,4,998,1,17,CITROEN C1,3,E01026183,0,1
2024320485254,2024,320485254,1,9,0,-1,-1,3,7,0,0,0,0,0,0,10,1,1,6,6,3,-1,-1,998,1,14,CITROEN C1,-1,-1,0,-1
2024332400549,2024,332400549,1,9,0,-1,9,1,6,-1,0,6,0,0,3,0,1,1,-1,9,1,17,4,998,1,16,CITROEN C1,4,E01028366,0,3
2024111435105,2024,111435105,1,9,0,-1,19,5,1,-1,0,1,0,0,0,0,4,9,-1,6,3,75,10,998,1,9,CITROEN C1,1,E01020885,0,1
2024031510615,2024,031510615,3,9,0,-1,19,5,5,-1,0,0,0,0,0,0,1,1,-1,2,2,19,4,1200,1,6,CITROEN C1,5,E01019202,0,3
2024440140180,2024,440140180,1,9,0,5,5,7,3,0,0,6,0,0,0,0,3,1,3,7,2,31,6,998,1,11,CITROEN C1,2,E01017107,0,1
2024052401800,2024,052401800,2,9,0,18,19,3,7,0,0,8,0,0,0,0,1,1,2,2,2,49,8,998,1,4,CITROEN C1,7,E01007301,0,1
2024430145404,2024,430145404,1,9,0,16,19,3,6,0,0,0,2,0,1,10,1,1,2,2,2,21,5,998,1,11,CITROEN C1,10,E01028608,0,2