collision_index,collision_year,collision_ref_no,vehicle_reference,vehicle_type,towing_and_articulation,vehicle_manoeuvre_historic,vehicle_manoeuvre,vehicle_direction_from,vehicle_direction_to,vehicle_location_restricted_lane_historic,vehicle_location_restricted_lane,junction_location,skidding_and_overturning,hit_object_in_carriageway,vehicle_leaving_carriageway,hit_object_off_carriageway,first_point_of_impact,vehicle_left_hand_drive,journey_purpose_of_driver_historic,journey_purpose_of_driver,sex_of_driver,age_of_driver,age_band_of_driver,engine_capacity_cc,propulsion_code,age_of_vehicle,generic_make_model,driver_imd_decile,lsoa_of_driver,escooter_flag,driver_distance_banding
2024991480803,2024,991480803,2,9,0,-1,3,5,1,-1,0,1,0,0,0,0,2,1,-1,2,1,28,6,998,1,9,CITROEN C1,1,-1,0,1
2024461514649,2024,461514649,2,9,0,-1,9,1,7,-1,0,2,0,0,0,0,3,9,-1,9,2,26,6,998,1,17,CITROEN C1,1,E01024507,0,1
2024041471213,2024,041471213,2,9,0,-1,19,1,5,-1,0,1,0,0,0,0,4,1,-1,6,2,76,11,998,1,10,CITROEN C1,4,E01012604,0,1
2024010498701,2024,010498701,2,9,0,9,9,1,7,0,0,8,0,0,0,0,4,1,6,6,1,17,4,998,1,15,CITROEN C1,10,E01000348,0,1
2024501398241,2024,501398241,1,9,0,-1,19,2,3,-1,0,1,0,0,0,0,1,1,-1,9,1,84,11,1200,1,8,CITROEN C1,7,E01019977,0,3
2024161498763,2024,161498763,2,9,0,-1,19,8,4,-1,0,0,0,0,0,0,1,1,-1,6,2,84,11,998,1,9,CITROEN C1,5,E01013249,0,1
2024991474310,2024,991474310,2,9,0,-1,19,6,2,-1,0,1,2,7,4,0,1,1,-1,9,1,50,8,998,1,14,CITROEN C1,10,-1,0,4
2024991532846,2024,991532846,1,9,0,-1,1,1,3,-1,9,0,0,0,0,0,0,1,-1,6,2,52,8,998,1,4,CITROEN C1,3,-1,0,1
2024991498388,2024,991498388,2,9,0,-1,2,0,0,-1,0,1,0,0,0,0,4,1,-1,6,-1,-1,-1,998,1,14,CITROEN C1,-1,-1,0,-1
2024451407673,2024,451407673,1,9,0,-1,19,5,1,-1,0,0,0,0,1,0,2,1,-1,2,2,26,6,998,1,12,CITROEN C1,9,E01030391,0,2
2024631473940,2024,631473940,2,9,0,-1,19,6,2,-1,0,8,0,0,0,0,1,1,-1,2,2,20,4,1200,1,7,CITROEN C1,8,W01000610,0,2
2024311502673,2024,311502673,1,9,0,-1,19,4,8,-1,0,0,0,0,0,0,1,1,-1,9,2,20,4,998,1,13,CITROEN C1,-1,-1,0,-1
2024401477740,2024,401477740,1,9,0,-1,19,1,5,-1,0,0,1,10,8,0,1,1,-1,6,1,18,4,998,1,6,CITROEN C1,2,E01017537,0,1
2024440025089,2024,440025089,1,9,0,17,19,2,7,0,0,0,2,0,1,9,4,1,1,1,2,22,5,998,1,13,CITROEN C1,3,E01032847,0,3
2024631448987,2024,631448987,2,9,0,-1,4,4,8,-1,0,0,0,0,0,0,2,1,-1,9,2,40,7,998,1,5,CITROEN C1,6,W01000643,0,1
2024340WN4072,2024,340WN4072,2,9,0,-1,19,3,7,-1,0,0,0,0,0,0,1,1,-1,9,1,19,4,998,1,19,CITROEN C1,3,E01027233,0,1
2024311400338,2024,311400338,2,9,0,-1,8,5,3,-1,0,1,0,0,0,0,2,1,-1,9,1,20,4,998,1,11,CITROEN C1,-1,-1,0,-1
2024991445123,2024,991445123,2,9,0,-1,19,4,8,-1,0,1,1,0,1,11,1,1,-1,6,1,18,4,1200,1,9,CITROEN C1,5,-1,0,3
2024451430184,2024,451430184,1,9,0,-1,4,1,5,-1,0,0,0,0,0,0,2,1,-1,2,2,45,7,998,1,13,CITROEN C1,6,E01030336,0,2
2024061421840,2024,061421840,1,9,0,-1,-1,-1,-1,-1,-1,0,-1,-1,-1,0,-1,1,-1,6,1,48,8,998,1,17,CITROEN C1,7,E01005846,0,1
2024131476708,2024,131476708,1,9,0,-1,19,5,1,-1,0,0,5,4,0,0,1,1,-1,9,2,23,5,998,1,16,CITROEN C1,7,E01035040,0,1
2024371459870,2024,371459870,1,9,0,-1,19,3,1,-1,9,1,0,0,1,0,1,1,-1,6,2,77,11,998,1,12,CITROEN C1,7,E01029911,0,1
2024052400263,2024,052400263,1,9,0,18,19,5,1,0,0,8,0,0,0,0,3,1,2,2,2,28,6,998,1,6,CITROEN C1,1,E01007122,0,3
2024122500174,2024,122500174,1,9,0,18,19,1,5,0,0,2,0,0,1,0,1,1,6,6,1,25,5,1200,1,7,CITROEN C1,6,E01027703,0,3
2024141403034,2024,141403034,1,9,0,-1,3,5,1,-1,0,0,0,0,0,0,2,1,-1,9,2,52,8,998,1,14,CITROEN C1,4,E01007611,0,1
2024031494623,2024,031494623,1,9,0,-1,19,5,1,-1,0,0,2,0,7,0,1,1,-1,9,2,20,4,998,1,12,CITROEN C1,1,E01032920,0,5
2024111489912,2024,111489912,2,9,0,-1,19,1,5,-1,0,8,0,0,0,0,1,1,-1,6,2,26,6,998,1,10,CITROEN C1,5,E01012317,0,1
2024371427155,2024,371427155,2,9,0,-1,19,3,7,-1,0,2,0,0,0,0,4,1,-1,6,2,21,5,998,1,14,CITROEN C1,7,E01018057,0,2
2024522402347,2024,522402347,1,9,0,17,19,4,2,9,9,0,0,0,1,7,1,1,6,6,2,68,10,998,1,15,CITROEN C1,4,E01014485,0,1
2024622400169,2024,622400169,1,9,0,9,9,4,1,0,0,5,0,0,0,0,4,1,6,6,1,26,6,998,1,7,CITROEN C1,2,W01001711,0,1
2024041398705,2024,041398705,1,9,0,-1,9,4,8,-1,0,6,0,0,0,0,3,1,-1,9,2,28,6,998,1,9,CITROEN C1,5,E01025415,0,1
2024311498121,2024,311498121,2,9,0,-1,5,5,1,-1,0,4,0,0,0,0,1,2,-1,6,1,40,7,998,1,15,CITROEN C1,1,E01017471,0,5
2024061479008,2024,061479008,1,9,0,-1,9,1,3,-1,0,8,0,0,0,0,4,1,-1,6,2,19,4,998,1,12,CITROEN C1,7,E01005869,0,1
2024101462733,2024,101462733,1,9,0,-1,5,1,1,-1,0,0,0,0,0,0,1,1,-1,9,1,-1,-1,998,1,5,CITROEN C1,6,E01020220,0,5
2024351471563,2024,351471563,1,9,0,-1,4,1,5,-1,0,0,0,0,0,0,2,1,-1,6,2,30,6,998,1,11,CITROEN C1,8,E01030060,0,5
2024401412745,2024,401412745,1,9,0,-1,7,7,3,-1,0,1,0,0,0,0,1,1,-1,6,2,18,4,998,1,7,CITROEN C1,9,E01017414,0,1
2024520001803,2024,520001803,2,9,9,18,19,9,9,0,0,3,0,0,0,0,1,9,6,6,3,-1,-1,1200,1,7,CITROEN C1,-1,-1,0,-1
2024471468663,2024,471468663,2,9,0,-1,19,5,1,-1,0,1,0,0,0,0,1,1,-1,6,1,54,8,998,1,15,CITROEN C1,1,E01020984,0,1
2024201520311,2024,201520311,2,9,0,-1,19,2,6,-1,0,1,0,0,0,0,2,9,-1,6,3,-1,-1,998,1,10,CITROEN C1,-1,-1,0,-1
2024311421677,2024,311421677,1,9,0,-1,19,6,6,-1,0,0,0,0,0,0,2,1,-1,6,-1,-1,-1,998,1,12,CITROEN C1,-1,-1,0,-1
2024430454931,2024,430454931,1,9,0,18,19,8,5,0,0,0,2,0,2,10,4,1,6,6,2,24,5,998,1,12,CITROEN C1,10,E01035239,0,3
2024451405084,2024,451405084,1,9,0,-1,4,5,1,-1,0,0,0,0,0,0,2,1,-1,9,2,21,5,998,1,16,CITROEN C1,9,E01031685,0,4
2024471511279,2024,471511279,1,9,0,-1,9,1,6,-1,0,5,0,0,0,0,1,1,-1,9,2,63,9,1200,1,8,CITROEN C1,9,E01031693,0,4
2024471455396,2024,471455396,2,9,0,-1,19,7,3,-1,0,8,0,0,0,0,4,1,-1,9,2,-1,-1,998,1,12,CITROEN C1,3,E01021017,0,3
2024041504173,2024,041504173,1,9,0,-1,13,1,5,-1,0,0,1,0,2,7,4,1,-1,9,1,20,4,998,1,16,CITROEN C1,6,E01024961,0,2
2024401471101,2024,401471101,1,9,0,-1,19,3,7,-1,0,1,0,0,0,0,1,1,-1,9,1,62,9,998,1,15,CITROEN C1,5,E01017579,0,1
2024041505197,2024,041505197,2,9,0,-1,19,5,1,-1,0,4,0,0,0,0,2,1,-1,9,2,79,11,998,1,9,CITROEN C1,10,E01025502,0,1
2024471508813,2024,471508813,2,9,0,-1,19,5,1,-1,0,0,0,0,0,0,-1,1,-1,6,2,35,6,998,1,18,CITROEN C1,3,E01016921,0,1
2024122401196,2024,122401196,2,9,0,18,19,3,1,0,0,0,0,0,0,0,3,1,6,6,2,52,8,998,1,6,CITROEN C1,10,E01013374,0,1
2024520403232,2024,520403232,2,9,0,18,19,8,4,0,0,8,0,0,7,10,4,1,6,6,2,63,9,998,1,3,CITROEN C1,8,E01032108,0,2
2024041527843,2024,041527843,1,9,0,-1,5,7,7,-1,0,4,0,0,0,0,1,1,-1,9,1,85,11,998,1,10,CITROEN C1,1,E01024857,0,4
2024522403405,2024,522403405,2,9,0,18,19,5,1,0,0,8,0,0,7,11,4,1,6,6,1,29,6,998,1,8,CITROEN C1,7,E01014839,0,1
2024302500141,2024,302500141,1,9,0,-1,19,2,5,-1,0,0,1,0,7,10,1,1,-1,6,1,19,4,998,1,8,CITROEN C1,6,E01005830,0,3
2024211536345,2024,211536345,2,9,0,-1,9,3,1,-1,0,1,0,0,0,0,3,1,-1,9,1,46,8,998,1,16,CITROEN C1,2,E01014356,0,1
2024101457426,2024,101457426,2,9,0,-1,9,2,8,-1,0,8,0,0,0,0,4,1,-1,2,2,50,8,998,1,13,CITROEN C1,2,E01027423,0,1
2024320622954,2024,320622954,2,9,0,4,4,5,1,0,0,0,0,0,0,0,2,1,-1,-1,2,21,5,1200,1,7,CITROEN C1,7,E01032989,0,3
2024010527407,2024,010527407,2,9,0,7,7,5,7,2,2,5,0,0,0,0,4,1,6,6,2,27,6,998,1,13,CITROEN C1,7,E01003287,0,1
2024201523741,2024,201523741,1,9,0,-1,19,5,1,-1,0,4,0,0,0,0,3,1,-1,6,2,26,6,998,1,16,CITROEN C1,5,E01034739,0,2
2024501454527,2024,501454527,1,9,0,-1,9,6,4,-1,0,8,0,0,0,0,4,1,-1,2,2,24,5,998,1,9,CITROEN C1,9,E01027497,0,5
2024430559078,2024,430559078,2,9,0,9,9,2,8,0,0,6,0,0,0,0,1,1,6,6,1,28,6,998,1,14,CITROEN C1,5,E01032961,0,3
2024361460118,2024,361460118,3,9,0,-1,3,7,3,-1,0,1,0,0,0,0,0,1,-1,9,2,23,5,998,1,7,CITROEN C1,7,E01026881,0,2
2024101423503,2024,101423503,1,9,0,-1,5,6,2,-1,0,8,0,0,0,0,3,1,-1,6,2,18,4,998,1,18,CITROEN C1,9,E01008238,0,1
2024520401603,2024,520401603,2,9,0,18,19,2,6,0,0,8,0,0,0,0,1,1,6,6,2,-1,-1,1199,1,10,CITROEN C1,7,E01029064,0,2
2024061505952,2024,061505952,2,9,0,-1,2,0,0,-1,0,0,1,0,1,0,1,1,-1,6,1,70,10,998,1,16,CITROEN C1,6,E01005053,0,1
2024010536579,2024,010536579,1,9,0,18,19,5,1,0,0,1,0,0,0,0,2,1,6,6,2,46,8,998,1,15,CITROEN C1,3,E01001650,0,2
2024361485627,2024,361485627,2,9,-1,-1,1,-1,-1,-1,0,0,0,0,0,0,2,9,-1,9,1,37,7,998,1,15,CITROEN C1,2,E01026630,0,1
2024302400233,2024,302400233,1,9,0,18,19,8,4,0,0,0,0,0,8,11,1,1,6,6,2,73,10,998,1,5,CITROEN C1,4,E01019526,0,3
2024332400715,2024,332400715,1,9,0,-1,19,2,6,-1,0,1,1,0,1,11,1,1,-1,6,1,34,6,998,1,11,CITROEN C1,2,E01025700,0,1
2024041438487,2024,041438487,1,9,0,-1,9,1,7,-1,0,8,0,0,0,0,4,1,-1,1,1,21,5,998,1,9,CITROEN C1,2,E01025388,0,3
2024231505403,2024,231505403,2,9,0,-1,19,8,4,-1,0,8,0,0,0,0,3,9,-1,1,2,29,6,998,1,8,CITROEN C1,10,E01028763,0,3
2024070392412,2024,070392412,1,9,0,4,4,8,5,0,0,1,0,0,0,0,2,1,2,2,1,56,9,1200,1,8,CITROEN C1,1,E01012408,0,1
2024320550344,2024,320550344,1,9,0,-1,-1,8,4,0,0,0,1,0,1,4,1,1,-1,-1,2,32,6,998,1,12,CITROEN C1,-1,-1,0,-1
2024471470507,2024,471470507,3,9,0,-1,19,2,6,-1,0,0,0,0,0,0,0,1,-1,9,2,77,11,998,1,4,CITROEN C1,6,E01021143,0,1
2024430085357,2024,430085357,1,9,0,18,19,8,4,0,0,0,1,0,4,6,1,1,6,6,2,27,6,998,1,12,CITROEN C1,7,E01017889,0,2
2024320126274,2024,320126274,1,9,0,9,9,2,8,0,0,5,0,0,0,0,1,1,6,6,1,19,4,998,1,13,CITROEN C1,10,E01026362,0,2
2024320743913,2024,320743913,1,9,0,9,9,5,3,0,0,8,0,0,0,0,3,1,-1,-1,1,17,4,998,1,17,CITROEN C1,9,E01034696,0,3
2024041399451,2024,041399451,2,9,0,-1,19,3,7,-1,0,1,0,0,1,0,4,1,-1,1,1,41,7,998,1,16,CITROEN C1,5,E01025508,0,2
2024451421537,2024,451421537,2,9,0,-1,5,7,2,-1,0,4,0,0,0,0,2,1,-1,9,2,58,9,1200,1,9,CITROEN C1,8,E01022490,0,4
2024531477668,2024,531477668,1,9,0,-1,19,7,3,-1,0,8,0,0,0,0,4,1,-1,6,3,-1,-1,998,1,13,CITROEN C1,-1,-1,0,-1
2024111484126,2024,111484126,1,9,0,-1,19,3,7,-1,0,1,0,0,0,0,1,1,-1,6,2,44,7,998,1,13,CITROEN C1,3,E01020638,0,2
2024351445121,2024,351445121,2,9,0,-1,9,4,2,-1,0,0,0,0,0,0,3,1,-1,6,2,26,6,998,1,17,CITROEN C1,9,E01018038,0,1
2024361408968,2024,361408968,1,9,0,-1,7,2,5,-1,0,5,1,0,1,0,1,1,-1,2,1,20,4,998,1,12,CITROEN C1,7,E01026524,0,2
2024311507817,2024,311507817,1,9,0,-1,19,2,6,-1,0,0,0,0,1,0,1,1,-1,2,2,22,5,998,1,12,CITROEN C1,-1,-1,0,-1
2024471436242,2024,471436242,4,9,0,-1,2,0,0,-1,0,1,0,0,0,0,3,1,-1,6,-1,-1,-1,998,1,12,CITROEN C1,-1,-1,0,-1
2024010524469,2024,010524469,1,9,0,16,19,7,1,0,0,8,0,0,0,0,1,2,6,6,1,19,4,998,1,6,CITROEN C1,9,E01001094,0,1
2024351447669,2024,351447669,1,9,0,-1,19,8,3,-1,0,8,0,7,0,0,1,1,-1,9,1,33,6,998,1,13,CITROEN C1,8,E01026519,0,4
2024631420568,2024,631420568,1,9,0,-1,19,1,5,-1,0,0,1,0,2,10,1,1,-1,9,2,19,4,998,1,14,CITROEN C1,1,W01000631,0,4
2024421479712,2024,421479712,2,9,0,-1,3,4,7,-1,0,0,0,0,0,0,2,1,-1,2,2,22,5,998,1,13,CITROEN C1,8,E01021347,0,2
2024231419695,2024,231419695,2,9,0,-1,19,4,8,-1,0,8,0,0,0,0,1,1,-1,6,2,48,8,998,1,12,CITROEN C1,8,E01031129,0,1
2024461448808,2024,461448808,1,9,0,-1,19,3,7,-1,0,8,0,0,0,0,1,1,-1,9,2,32,6,998,1,11,CITROEN C1,4,E01003484,0,3
2024501510245,2024,501510245,2,9,0,-1,3,8,3,-1,0,4,0,0,0,0,2,1,-1,2,1,38,7,998,7,17,CITROEN C1,5,E01020030,0,1
2024501432423,2024,501432423,2,9,0,-1,19,5,1,-1,0,0,0,0,0,0,1,1,-1,9,1,21,5,998,1,18,CITROEN C1,1,E01015257,0,1
2024440504852,2024,440504852,2,9,0,18,19,4,8,0,0,0,0,0,0,0,3,1,6,6,1,44,7,1200,1,9,CITROEN C1,9,E01012969,0,5
2024451427293,2024,451427293,2,9,0,-1,5,8,4,-1,0,6,0,0,0,0,1,9,-1,6,2,40,7,998,1,11,CITROEN C1,-1,-1,0,-1
2024421492532,2024,421492532,2,9,0,-1,19,5,1,-1,0,0,1,0,2,0,2,1,-1,9,2,31,6,998,1,9,CITROEN C1,3,E01003286,0,4
2024411504313,2024,411504313,2,9,0,-1,19,2,6,-1,0,0,0,0,0,0,1,1,-1,6,1,17,4,998,1,11,CITROEN C1,9,E01017702,0,1
2024451435719,2024,451435719,1,9,0,-1,9,1,5,-1,-1,1,0,0,7,0,1,1,-1,9,2,20,4,998,1,18,CITROEN C1,10,E01030395,0,1
2024501512806,2024,501512806,1,9,0,-1,19,7,3,-1,0,2,1,11,0,0,1,1,-1,2,1,17,4,998,1,14,CITROEN C1,2,E01018977,0,1
2024211532452,2024,211532452,1,9,0,-1,9,3,5,-1,0,1,0,0,0,0,1,1,-1,6,1,24,5,998,1,16,CITROEN C1,6,E01029846,0,1
2024221457722,2024,221457722,1,9,0,-1,7,1,2,-1,0,6,0,0,0,0,3,1,-1,2,2,33,6,998,1,8,CITROEN C1,2,E01034333,0,1
2024010494114,2024,010494114,1,9,0,10,10,3,1,9,9,5,0,0,0,0,1,1,1,1,2,32,6,998,1,7,CITROEN C1,6,E01003840,0,2
2024031521350,2024,031521350,1,9,0,-1,19,7,3,-1,0,0,0,0,0,0,4,1,-1,6,2,71,10,998,1,8,CITROEN C1,5,E01019201,0,1
2024041532370,2024,041532370,1,9,0,-1,19,5,1,-1,0,1,0,0,0,0,3,1,-1,9,2,54,8,998,1,4,CITROEN C1,8,E01025088,0,3
2024061450953,2024,061450953,2,9,0,-1,9,3,1,-1,0,0,0,0,0,0,3,1,-1,2,2,42,7,998,1,14,CITROEN C1,-1,-1,0,-1
2024311416552,2024,311416552,2,9,0,-1,5,2,5,-1,0,0,0,0,1,0,3,1,-1,6,2,24,5,998,1,14,CITROEN C1,5,E01028291,0,4
2024141486595,2024,141486595,2,9,0,-1,19,5,1,-1,0,1,0,0,0,0,1,1,-1,9,1,33,6,998,1,16,CITROEN C1,4,E01008068,0,1
2024161471329,2024,161471329,1,9,0,-1,4,3,7,-1,0,0,0,0,0,0,1,1,-1,6,2,19,4,998,1,17,CITROEN C1,2,E01013129,0,1
2024461436559,2024,461436559,1,9,0,-1,19,7,7,-1,0,8,0,0,0,0,1,9,-1,9,1,27,6,998,1,18,CITROEN C1,2,E01023974,0,1
2024340WN3722,2024,340WN3722,1,9,0,-1,19,8,4,-1,0,0,0,7,0,0,1,1,-1,6,1,29,6,998,1,14,CITROEN C1,5,E01027192,0,1
2024101432760,2024,101432760,1,9,0,-1,5,5,3,-1,0,8,0,0,0,0,4,2,-1,9,1,81,11,998,1,14,CITROEN C1,-1,-1,0,-1
2024131504482,2024,131504482,1,9,0,-1,19,6,2,-1,0,0,0,0,0,0,1,1,-1,1,2,21,5,1199,1,9,CITROEN C1,1,E01011426,0,1
2024430218433,2024,430218433,1,9,0,18,19,8,4,0,0,1,0,0,0,0,1,1,6,6,2,84,11,998,1,9,CITROEN C1,10,E01032610,0,1
2024361484346,2024,361484346,2,9,0,-1,19,6,1,-1,0,1,0,0,0,0,4,2,-1,6,2,21,5,998,1,16,CITROEN C1,4,E01026864,0,1
2024311516511,2024,311516511,1,9,0,-1,10,8,5,-1,0,0,0,0,0,0,1,1,-1,9,2,31,6,1200,1,8,CITROEN C1,9,E01028177,0,1
2024131448155,2024,131448155,1,9,0,-1,13,1,5,-1,0,0,0,0,0,0,1,1,-1,9,1,18,4,998,1,11,CITROEN C1,8,E01010913,0,1
2024401504390,2024,401504390,3,9,0,-1,19,-1,-1,-1,0,1,1,0,0,0,2,1,-1,2,2,32,6,998,1,13,CITROEN C1,10,E01017610,0,1
2024041471200,2024,041471200,2,9,0,-1,19,3,7,-1,0,1,0,0,0,0,1,1,-1,1,1,43,7,998,1,9,CITROEN C1,2,E01025060,0,1
2024041431558,2024,041431558,4,9,0,-1,2,7,3,-1,0,2,0,0,0,0,4,1,-1,6,-1,-1,-1,998,1,18,CITROEN C1,-1,-1,0,-1
2024991462329,2024,991462329,2,9,0,-1,19,8,4,-1,0,1,0,0,0,0,1,1,-1,9,1,50,8,998,1,17,CITROEN C1,3,-1,0,1
2024631460621,2024,631460621,4,9,0,-1,4,3,7,-1,0,0,0,0,0,0,2,1,-1,6,1,28,6,998,1,16,CITROEN C1,1,W01001280,0,4
2024010534491,2024,010534491,2,9,0,18,19,5,1,0,0,0,1,4,0,0,1,1,6,6,2,56,9,998,1,6,CITROEN C1,6,E01001277,0,1
2024501532005,2024,501532005,1,9,0,-1,19,3,7,-1,0,0,1,0,0,0,1,1,-1,2,2,67,10,998,1,12,CITROEN C1,2,E01018774,0,1
2024231545739,2024,231545739,1,9,0,-1,19,8,4,-1,0,8,0,0,0,0,1,1,-1,6,1,36,7,1398,2,15,CITROEN C1,8,E01031247,0,4
2024461399147,2024,461399147,1,9,0,-1,19,3,7,-1,0,0,0,0,0,0,1,9,-1,2,1,31,6,1200,1,6,CITROEN C1,8,E01022710,0,5
2024141405142,2024,141405142,2,9,0,-1,9,4,8,-1,9,0,0,0,0,0,4,1,-1,6,1,66,10,998,1,9,CITROEN C1,6,E01007570,0,1
2024520001269,2024,520001269,1,9,0,18,19,5,1,0,0,8,0,0,0,0,1,1,6,6,1,47,8,998,1,14,CITROEN C1,4,E01014401,0,1
2024332400649,2024,332400649,1,9,0,-1,19,8,4,-1,0,0,0,0,0,0,1,1,-1,9,2,19,4,1398,2,15,CITROEN C1,9,E01025809,0,3
2024010522850,2024,010522850,2,9,0,18,19,3,7,0,0,0,0,0,0,0,2,1,6,6,2,49,8,998,1,11,CITROEN C1,3,E01004189,0,1
2024041444404,2024,041444404,2,9,0,-1,19,5,1,-1,0,0,0,0,0,0,4,1,-1,2,2,19,4,1200,1,7,CITROEN C1,4,E01012700,0,1
2024371412350,2024,371412350,1,9,0,-1,5,5,1,-1,0,0,0,0,0,0,3,1,-1,9,2,58,9,998,1,16,CITROEN C1,5,E01030058,0,1
2024461480299,2024,461480299,2,9,0,-1,19,4,5,-1,0,1,0,0,0,0,2,9,-1,6,2,22,5,998,1,11,CITROEN C1,9,E01024104,0,3
2024010522131,2024,010522131,2,9,0,99,99,9,9,99,99,9,9,99,9,99,4,9,6,6,3,-1,-1,998,1,6,CITROEN C1,-1,-1,0,-1
2024520002632,2024,520002632,1,9,0,18,19,1,4,0,0,0,2,0,0,0,4,1,6,6,2,26,6,998,1,9,CITROEN C1,9,E01014391,0,1
2024471535110,2024,471535110,1,9,0,-1,9,8,5,-1,0,6,0,0,0,0,1,1,-1,6,2,25,5,998,1,5,CITROEN C1,5,E01021216,0,1
2024031528637,2024,031528637,1,9,0,-1,9,1,2,-1,0,8,0,0,0,0,1,1,-1,6,2,29,6,1200,1,8,CITROEN C1,1,E01019113,0,1
2024131488735,2024,131488735,1,9,0,-1,-1,-1,-1,-1,-1,-1,-1,-1,-1,0,-1,1,-1,6,3,-1,-1,998,1,8,CITROEN C1,-1,-1,0,-1
2024991502798,2024,991502798,1,9,0,-1,19,2,4,-1,0,1,1,0,7,1,1,1,-1,9,1,18,4,998,1,4,CITROEN C1,8,-1,0,2
2024070357776,2024,070357776,1,9,0,5,5,4,8,0,0,0,0,0,0,0,1,1,6,6,1,63,9,998,1,13,CITROEN C1,10,E01018322,0,1
2024311488401,2024,311488401,1,9,0,-1,5,8,4,-1,0,8,0,0,0,0,1,1,-1,9,2,52,8,998,1,11,CITROEN C1,7,E01028240,0,1
2024041408440,2024,041408440,1,9,0,-1,19,7,3,-1,0,2,0,0,0,0,1,1,-1,2,1,44,7,998,1,15,CITROEN C1,1,E01012738,0,1
2024041399405,2024,041399405,1,9,0,-1,19,5,1,-1,0,0,0,0,0,0,1,1,-1,2,2,26,6,998,1,10,CITROEN C1,7,E01024991,0,1
2024221475070,2024,221475070,2,9,0,-1,9,8,6,-1,0,5,0,0,0,0,1,1,-1,6,2,72,10,998,1,12,CITROEN C1,9,E01033243,0,1
2024221439859,2024,221439859,1,9,0,-1,9,6,4,-1,0,6,0,0,0,0,1,9,-1,6,2,43,7,998,1,13,CITROEN C1,3,E01032251,0,4
2024131437107,2024,131437107,2,9,0,-1,2,0,0,-1,0,0,0,0,0,0,4,1,-1,9,2,64,9,1200,1,7,CITROEN C1,4,E01011858,0,1
2024231481769,2024,231481769,2,9,0,-1,19,8,3,-1,0,8,0,0,0,0,1,9,-1,6,2,19,4,998,1,10,CITROEN C1,-1,-1,0,-1
2024131451998,2024,131451998,2,9,0,-1,2,1,1,-1,0,0,0,0,0,0,3,1,-1,6,1,25,5,998,1,16,CITROEN C1,3,E01011261,0,1
2024201524102,2024,201524102,3,9,0,-1,2,0,0,-1,0,0,0,0,0,0,2,1,-1,6,-1,-1,-1,998,1,15,CITROEN C1,-1,-1,0,-1
2024131408544,2024,131408544,1,9,0,-1,19,1,5,-1,0,1,0,10,8,11,3,1,-1,6,1,29,6,998,1,13,CITROEN C1,2,E01011014,0,2
2024631472440,2024,631472440,1,9,0,-1,9,1,5,-1,0,0,0,0,0,0,3,1,-1,9,2,66,10,998,1,15,CITROEN C1,1,W01001924,0,1
2024351495720,2024,351495720,1,9,0,-1,7,5,1,-1,0,6,0,0,0,0,3,1,-1,6,2,63,9,998,1,11,CITROEN C1,6,E01018047,0,1
2024122401001,2024,122401001,1,9,0,9,9,4,2,0,0,3,0,0,0,0,4,1,6,6,1,40,7,1200,1,8,CITROEN C1,8,E01034964,0,1
2024101418881,2024,101418881,2,9,0,-1,19,7,3,-1,0,0,0,0,0,0,1,1,-1,9,2,29,6,998,1,3,CITROEN C1,1,E01008610,0,1
2024111451489,2024,111451489,2,9,0,-1,19,2,6,-1,0,0,0,0,0,0,3,1,-1,6,1,43,7,998,1,11,CITROEN C1,3,E01034509,0,1
2024340WN2922,2024,340WN2922,2,9,0,-1,19,1,5,-1,0,1,0,0,0,0,1,1,-1,9,2,20,4,998,1,3,CITROEN C1,10,E01028460,0,4
2024010497050,2024,010497050,1,9,0,18,19,3,7,0,0,1,0,0,0,0,1,1,2,2,2,49,8,998,1,17,CITROEN C1,5,E01015928,0,1
2024411516694,2024,411516694,3,9,0,-1,5,2,6,-1,0,0,0,0,0,0,2,1,-1,1,-1,65,9,998,1,12,CITROEN C1,4,E01023956,0,1
2024101401133,2024,101401133,2,9,0,-1,4,1,5,-1,0,0,5,0,1,1,2,1,-1,6,1,24,5,998,1,9,CITROEN C1,5,-1,0,4
2024041481908,2024,041481908,1,9,0,-1,19,5,1,-1,0,0,0,0,0,0,1,1,-1,2,2,24,5,998,1,14,CITROEN C1,1,E01025574,0,3
2024041536160,2024,041536160,1,9,0,-1,19,3,5,-1,0,8,0,0,0,0,1,1,-1,6,1,76,11,998,1,12,CITROEN C1,9,E01025437,0,1
2024061491174,2024,061491174,1,9,0,-1,19,-1,-1,-1,0,0,1,0,0,0,3,1,-1,9,2,44,7,998,1,13,CITROEN C1,7,E01005920,0,1
2024061519690,2024,061519690,1,9,0,-1,19,3,7,-1,0,0,0,0,0,0,1,1,-1,9,1,69,10,998,1,9,CITROEN C1,3,E01004796,0,2