collision_index,collision_year,collision_ref_no,vehicle_reference,vehicle_type,towing_and_articulation,vehicle_manoeuvre_historic,vehicle_manoeuvre,vehicle_direction_from,vehicle_direction_to,vehicle_location_restricted_lane_historic,vehicle_location_restricted_lane,junction_location,skidding_and_overturning,hit_object_in_carriageway,vehicle_leaving_carriageway,hit_object_off_carriageway,first_point_of_impact,vehicle_left_hand_drive,journey_purpose_of_driver_historic,journey_purpose_of_driver,sex_of_driver,age_of_driver,age_band_of_driver,engine_capacity_cc,propulsion_code,age_of_vehicle,generic_make_model,driver_imd_decile,lsoa_of_driver,escooter_flag,driver_distance_banding
2024351542334,2024,351542334,1,9,0,-1,9,6,4,-1,0,6,0,0,1,0,3,1,-1,6,2,48,8,2199,2,8,KIA SORENTO,10,E01018288,0,2
2024471501216,2024,471501216,1,9,0,-1,9,1,7,-1,0,2,0,0,0,0,4,1,-1,9,2,38,7,2199,2,9,KIA SORENTO,4,E01021111,0,1
2024531488819,2024,531488819,3,9,0,-1,2,0,0,-1,0,0,0,0,0,0,1,1,-1,6,-1,-1,-1,2199,2,7,KIA SORENTO,-1,-1,0,-1
2024201461048,2024,201461048,3,9,0,-1,3,2,6,-1,0,8,0,0,0,0,1,1,-1,6,1,57,9,1598,8,2,KIA SORENTO,-1,-1,0,-1
2024010527818,2024,010527818,1,9,0,4,4,1,5,6,6,0,0,0,0,0,2,1,6,6,2,35,6,2199,2,9,KIA SORENTO,2,E01000508,0,1
2024451450057,2024,451450057,2,9,0,-1,19,5,1,-1,0,0,0,0,0,0,1,1,-1,9,2,36,7,2151,2,3,KIA SORENTO,6,E01030681,0,1
2024131522481,2024,131522481,1,9,0,-1,9,5,1,-1,0,6,0,0,0,0,4,1,-1,9,1,45,7,1598,8,3,KIA SORENTO,3,E01011322,0,3
2024041444964,2024,041444964,1,9,0,-1,19,2,4,-1,0,1,0,0,0,0,1,1,-1,9,2,34,6,2199,2,6,KIA SORENTO,10,E01025337,0,1
2024010499269,2024,010499269,1,9,0,99,99,9,9,99,99,9,9,99,9,99,2,9,6,6,2,38,7,1598,8,2,KIA SORENTO,6,E01000376,0,3
2024361400612,2024,361400612,1,9,0,-1,-1,-1,-1,-1,-1,0,0,0,0,0,2,9,-1,6,1,83,11,2199,2,6,KIA SORENTO,4,E01026667,0,1
2024061497514,2024,061497514,3,9,0,-1,2,0,0,-1,0,8,0,0,0,0,2,1,-1,6,-1,-1,-1,1598,8,0,KIA SORENTO,-1,-1,0,-1
2024610033524,2024,610033524,1,9,0,18,19,6,2,0,0,0,5,0,1,10,1,1,6,6,3,-1,-1,2497,2,16,KIA SORENTO,-1,-1,0,-1
2024010523854,2024,010523854,1,9,0,5,5,0,4,0,0,9,0,0,0,0,1,9,6,6,3,-1,-1,1598,8,1,KIA SORENTO,-1,-1,0,-1
2024361490594,2024,361490594,2,9,0,-1,19,2,5,-1,0,1,0,0,0,0,2,1,-1,9,2,54,8,2497,2,16,KIA SORENTO,4,E01026749,0,3
2024122401207,2024,122401207,2,9,0,18,19,5,1,0,0,0,0,0,0,0,1,1,6,6,1,82,11,2199,2,7,KIA SORENTO,7,E01027622,0,4
2024010537433,2024,010537433,2,9,0,99,99,9,9,99,99,9,9,99,9,99,1,9,6,6,3,-1,-1,1598,8,3,KIA SORENTO,8,E01000117,0,2
2024361484043,2024,361484043,1,9,0,-1,19,7,3,-1,0,0,0,0,0,0,3,1,-1,9,1,57,9,2199,2,8,KIA SORENTO,4,E01026646,0,1
2024471450103,2024,471450103,1,9,0,-1,19,5,1,-1,0,8,0,0,0,0,1,1,-1,6,1,45,7,2199,2,11,KIA SORENTO,6,E01031363,0,1
2024010538225,2024,010538225,1,9,0,18,19,3,7,0,0,0,0,0,0,0,0,1,6,6,1,54,8,1598,8,1,KIA SORENTO,3,E01000403,0,1
202417H108224,2024,17H108224,1,9,0,-1,19,3,7,-1,0,8,0,0,0,0,4,1,-1,8,2,-1,-1,2199,2,8,KIA SORENTO,-1,-1,0,-1
2024361489075,2024,361489075,2,9,0,-1,10,7,6,-1,0,0,0,0,0,0,2,1,-1,9,2,42,7,1598,8,3,KIA SORENTO,5,E01034773,0,1
2024520002485,2024,520002485,2,9,0,18,19,7,3,0,0,2,0,0,0,0,1,1,6,6,2,41,7,2497,2,16,KIA SORENTO,6,E01035205,0,3
2024471490713,2024,471490713,1,9,0,-1,19,6,2,-1,0,0,0,0,0,0,1,1,-1,9,1,72,10,1598,8,3,KIA SORENTO,6,E01035345,0,1
2024010551064,2024,010551064,3,9,0,3,3,7,3,0,0,1,0,0,0,0,2,1,6,6,2,36,7,1598,8,3,KIA SORENTO,-1,-1,0,-1
2024211528756,2024,211528756,1,9,0,-1,19,1,5,-1,0,0,0,0,0,0,3,1,-1,6,2,32,6,2151,2,1,KIA SORENTO,7,E01029806,0,1
2024401402005,2024,401402005,2,9,0,-1,19,5,1,-1,0,3,0,0,0,0,2,1,-1,6,2,44,7,2199,2,10,KIA SORENTO,5,E01015746,0,1
2024471422714,2024,471422714,1,9,0,-1,19,3,7,-1,0,1,1,0,0,0,3,1,-1,6,2,32,6,2497,2,17,KIA SORENTO,3,E01022908,0,2
2024161418648,2024,161418648,1,9,0,-1,4,4,8,-1,0,0,0,0,0,0,1,1,-1,9,1,57,9,1598,8,3,KIA SORENTO,5,E01013297,0,3
2024401486587,2024,401486587,1,9,0,-1,5,5,1,-1,0,0,0,0,0,0,1,1,-1,6,1,56,9,2151,2,1,KIA SORENTO,7,E01028005,0,5
2024231398532,2024,231398532,1,9,0,-1,19,7,3,-1,0,0,0,0,0,0,1,1,-1,2,2,34,6,2199,2,11,KIA SORENTO,6,E01031194,0,1
2024141483080,2024,141483080,1,9,0,-1,19,1,5,-1,0,8,1,0,0,0,1,1,-1,6,1,45,7,2151,2,3,KIA SORENTO,4,E01007731,0,4
2024531484216,2024,531484216,1,8,0,-1,2,1,3,-1,0,0,0,0,0,0,1,1,-1,6,1,51,8,2199,2,11,KIA SORENTO,1,E01022346,0,1
2024540854824,2024,540854824,2,9,0,2,2,0,0,0,0,0,0,0,0,0,3,1,6,6,3,-1,-1,2199,2,14,KIA SORENTO,-1,-1,0,-1
2024201510285,2024,201510285,1,9,0,-1,19,5,1,-1,0,0,0,0,0,0,1,9,-1,6,2,43,7,2199,2,14,KIA SORENTO,6,E01013785,0,4
2024010518070,2024,010518070,3,9,0,12,12,7,3,0,0,0,0,0,0,0,3,1,6,6,3,-1,-1,2199,2,6,KIA SORENTO,-1,-1,0,-1
2024440037933,2024,440037933,2,9,0,7,7,1,3,0,0,6,0,0,0,0,1,1,6,6,2,37,7,2199,2,6,KIA SORENTO,10,E01023220,0,1
2024041497286,2024,041497286,1,9,3,-1,19,3,7,-1,0,0,0,0,0,0,4,1,-1,9,1,77,11,2199,2,14,KIA SORENTO,3,E01025376,0,1
2024440205511,2024,440205511,4,9,0,18,19,3,7,0,0,1,0,0,0,0,1,1,1,1,1,22,5,2151,2,2,KIA SORENTO,6,E01031414,0,4
2024451472499,2024,451472499,1,9,0,-1,4,1,5,-1,0,0,0,0,1,0,3,1,-1,9,1,34,6,2199,2,7,KIA SORENTO,8,E01030688,0,1
2024131421259,2024,131421259,1,9,0,-1,9,3,1,-1,0,6,0,0,0,0,4,1,-1,9,2,44,7,2199,2,8,KIA SORENTO,8,E01011628,0,2
2024010534840,2024,010534840,1,9,0,2,2,0,0,0,0,1,0,4,0,0,1,2,6,6,3,-1,-1,2199,2,9,KIA SORENTO,-1,-1,0,-1
2024131491083,2024,131491083,1,9,0,-1,5,2,6,-1,0,6,0,0,0,0,1,1,-1,6,3,-1,-1,2199,2,9,KIA SORENTO,-1,-1,0,-1
2024430452640,2024,430452640,1,9,0,3,3,3,7,0,0,0,0,0,0,0,3,1,2,2,1,28,6,2199,2,8,KIA SORENTO,9,E01003876,0,3
2024471491929,2024,471491929,1,9,0,-1,19,3,7,-1,0,1,0,0,0,0,1,1,-1,9,2,27,6,2497,2,19,KIA SORENTO,9,E01031655,0,1
2024501502328,2024,501502328,1,9,0,-1,19,1,5,-1,0,2,1,0,2,11,1,1,-1,9,1,42,7,2497,2,20,KIA SORENTO,3,E01015219,0,2
2024131431475,2024,131431475,1,9,0,-1,19,1,5,-1,0,8,0,0,0,0,4,1,-1,9,1,49,8,2199,2,9,KIA SORENTO,8,E01011185,0,2
202460Q045022,2024,60Q045022,2,9,0,3,3,3,7,0,0,1,1,0,1,9,2,1,1,1,2,35,6,2199,2,14,KIA SORENTO,-1,-1,0,-1
2024440380665,2024,440380665,2,9,0,18,19,7,3,0,0,0,0,0,0,0,3,1,2,2,2,56,9,2199,2,11,KIA SORENTO,10,E01022553,0,2
2024451506347,2024,451506347,1,9,0,-1,19,1,5,-1,0,0,5,4,2,10,3,1,-1,9,1,48,8,1598,8,0,KIA SORENTO,5,E01033741,0,4
2024041489689,2024,041489689,5,9,3,-1,4,5,1,-1,0,0,0,0,0,0,1,1,-1,6,1,67,10,2199,2,4,KIA SORENTO,9,E01006319,0,1
2024401408852,2024,401408852,1,9,0,-1,19,2,1,-1,9,0,0,10,1,4,1,1,-1,6,2,36,7,2199,2,9,KIA SORENTO,4,E01015810,0,3
2024631461975,2024,631461975,1,9,0,-1,12,8,4,-1,0,0,1,0,0,0,3,1,-1,9,1,64,9,2199,2,9,KIA SORENTO,10,E01025803,0,5
2024122401167,2024,122401167,1,9,0,18,19,4,8,0,0,1,0,0,0,0,1,1,6,6,3,-1,-1,2199,2,8,KIA SORENTO,-1,-1,0,-1
2024501429308,2024,501429308,2,9,0,-1,19,8,4,-1,0,0,0,0,0,0,1,1,-1,9,1,58,9,2199,2,13,KIA SORENTO,5,E01020117,0,3
2024221519232,2024,221519232,2,9,0,-1,19,6,2,-1,0,8,0,0,1,0,3,1,-1,7,2,33,6,1598,8,4,KIA SORENTO,6,E01032263,0,1
2024041506349,2024,041506349,2,9,0,-1,19,1,5,-1,0,8,0,0,0,0,4,1,-1,1,1,24,5,2199,2,10,KIA SORENTO,2,E01025237,0,1
2024548425524,2024,548425524,1,9,0,18,19,8,4,0,0,0,0,0,0,0,1,1,6,6,2,54,8,2199,2,5,KIA SORENTO,6,E01034548,0,1
2024311528437,2024,311528437,1,9,0,-1,9,6,3,-1,0,2,0,0,0,0,1,1,-1,6,1,29,6,2497,2,17,KIA SORENTO,2,E01028044,0,1
2024320236709,2024,320236709,2,9,0,-1,-1,1,5,0,0,0,0,0,0,0,1,1,6,6,2,42,7,2199,2,7,KIA SORENTO,7,E01013322,0,2
2024471497798,2024,471497798,1,9,0,-1,19,6,2,-1,0,0,1,4,2,0,1,1,-1,7,2,39,7,2199,2,5,KIA SORENTO,8,E01021134,0,1
2024010533685,2024,010533685,2,9,0,9,9,7,4,4,4,1,0,0,0,0,3,1,1,1,1,51,8,1598,8,3,KIA SORENTO,2,E01003508,0,2
2024101526592,2024,101526592,1,9,0,-1,19,1,5,-1,0,8,0,0,0,0,4,9,-1,6,2,53,8,2199,2,7,KIA SORENTO,10,E01023694,0,5
2024451515027,2024,451515027,2,9,0,-1,2,0,0,-1,0,1,0,0,0,0,2,1,-1,6,1,42,7,2199,2,12,KIA SORENTO,6,E01030765,0,1
2024501424380,2024,501424380,1,19,0,-1,19,1,5,-1,0,1,0,0,0,0,1,9,-1,6,1,37,7,2488,2,10,NISSAN NT400,-1,-1,0,-1
2024461469105,2024,461469105,1,20,0,-1,19,6,2,-1,0,0,0,0,0,0,1,9,-1,1,1,-1,-1,2953,2,9,NISSAN NT400,8,E01024511,0,4
2024501487053,2024,501487053,2,19,0,-1,9,5,1,-1,0,1,0,0,0,0,2,1,-1,1,1,60,9,2488,2,8,NISSAN NT400,5,E01020147,0,3
2024031420213,2024,031420213,1,19,0,-1,5,3,5,-1,0,1,0,0,0,0,1,1,-1,1,1,55,8,2488,2,9,NISSAN NT400,-1,-1,0,-1
2024010544649,2024,010544649,1,19,0,99,99,9,9,99,99,9,9,99,9,99,2,9,2,2,1,52,8,2488,2,8,NISSAN NT400,8,E01001400,0,1
2024361443398,2024,361443398,1,19,0,-1,13,7,7,-1,0,1,0,0,0,0,2,1,-1,6,1,56,9,2488,2,9,NISSAN NT400,4,E01026656,0,4
2024122400527,2024,122400527,1,19,0,13,13,7,3,0,0,0,0,0,0,0,4,1,6,6,1,37,7,2953,2,7,NISSAN NT400,1,E01008090,0,4
2024991431506,2024,991431506,2,19,0,-1,19,4,8,-1,0,1,0,0,0,0,1,1,-1,1,1,57,9,2488,2,8,NISSAN NT400,5,-1,0,4
2024552401230,2024,552401230,1,19,0,5,5,3,7,0,0,0,0,0,0,0,3,1,6,6,1,65,9,2488,2,8,NISSAN NT400,3,E01015359,0,1
2024101508051,2024,101508051,1,19,0,-1,6,5,1,-1,0,0,0,0,0,0,1,1,-1,1,1,23,5,2488,2,9,NISSAN NT400,7,E01027450,0,2
2024531416350,2024,531416350,1,19,0,-1,9,5,1,-1,0,8,0,0,0,0,3,1,-1,1,1,64,9,2953,2,5,NISSAN NT400,9,E01022202,0,3
2024041507116,2024,041507116,1,19,0,-1,19,4,8,-1,0,1,0,0,1,0,1,1,-1,1,1,18,4,2488,2,9,NISSAN NT400,2,E01025268,0,2
2024010542067,2024,010542067,1,19,0,18,19,8,4,0,0,0,0,0,0,0,4,1,1,1,1,46,8,2953,2,5,NISSAN NT400,10,E01023714,0,4
2024351525919,2024,351525919,1,9,0,-1,19,1,5,-1,0,0,2,0,0,0,3,1,-1,6,1,21,5,2000,1,24,MAKE AND MODEL REDACTED,5,E01032523,0,3
2024302401479,2024,302401479,1,9,0,9,9,5,3,0,0,0,1,0,1,4,1,1,6,6,1,19,4,2000,1,22,MAKE AND MODEL REDACTED,2,E01019505,0,1
2024461398780,2024,461398780,4,9,0,-1,19,3,7,-1,0,0,0,0,0,0,1,9,-1,6,1,39,7,1618,1,7,NISSAN X-TRAIL,9,E01000421,0,2
2024471524080,2024,471524080,1,9,0,-1,7,6,8,-1,0,2,0,0,0,0,1,1,-1,9,2,27,6,1995,2,17,NISSAN X-TRAIL,10,E01031641,0,1
2024461523376,2024,461523376,2,9,0,-1,2,0,0,-1,0,0,0,0,0,0,4,1,-1,9,1,53,8,2488,1,19,NISSAN X-TRAIL,2,E01024249,0,1
2024161526900,2024,161526900,4,9,0,-1,2,0,0,-1,0,1,0,0,0,0,3,1,-1,6,-1,-1,-1,1598,2,7,NISSAN X-TRAIL,-1,-1,0,-1
2024161397861,2024,161397861,1,9,0,-1,19,2,6,-1,0,0,5,0,7,0,0,1,-1,9,2,54,8,1598,2,8,NISSAN X-TRAIL,5,E01012991,0,1
2024141508472,2024,141508472,2,9,0,-1,3,5,1,-1,0,7,0,0,0,0,0,1,-1,9,1,34,6,1497,8,0,NISSAN X-TRAIL,7,E01034252,0,1
2024421429025,2024,421429025,2,9,0,-1,4,1,5,-1,0,0,0,0,0,0,1,9,-1,6,1,41,7,1598,2,8,NISSAN X-TRAIL,8,E01021604,0,1
2024010515156,2024,010515156,2,9,0,17,19,5,1,9,9,1,0,4,0,0,1,1,6,6,3,-1,-1,1497,8,0,NISSAN X-TRAIL,-1,-1,0,-1
2024461556649,2024,461556649,2,9,0,-1,3,5,1,-1,0,0,0,0,0,0,1,9,-1,6,1,57,9,1598,2,8,NISSAN X-TRAIL,7,E01024794,0,1
2024991527225,2024,991527225,1,9,0,-1,7,4,7,-1,0,0,1,0,0,0,3,1,-1,6,2,72,10,1497,8,0,NISSAN X-TRAIL,8,-1,0,2
2024471451652,2024,471451652,1,9,0,-1,9,4,2,-1,4,5,0,0,7,0,1,1,-1,1,2,50,8,1598,2,8,NISSAN X-TRAIL,1,E01016895,0,1
2024010550174,2024,010550174,1,9,0,99,99,9,9,99,99,9,9,99,9,99,1,9,6,6,3,43,7,1497,8,1,NISSAN X-TRAIL,3,E01003581,0,1
2024221531076,2024,221531076,2,9,0,-1,4,5,8,-1,0,0,1,0,2,4,4,1,-1,2,2,30,6,1995,2,15,NISSAN X-TRAIL,5,E01034678,0,3
2024010525037,2024,010525037,1,9,0,99,99,9,9,99,99,9,9,99,9,99,9,9,6,6,2,44,7,1598,2,7,NISSAN X-TRAIL,2,E01000527,0,1
2024010531563,2024,010531563,2,9,0,2,2,0,0,0,0,1,0,0,0,0,2,1,6,6,3,-1,-1,1332,1,4,NISSAN X-TRAIL,-1,-1,0,-1
2024221481483,2024,221481483,2,9,0,-1,19,6,2,-1,0,0,0,0,0,0,1,1,-1,6,2,52,8,1497,8,0,NISSAN X-TRAIL,5,E01014056,0,1
2024552401390,2024,552401390,2,9,0,5,5,6,4,0,0,8,0,0,0,0,4,1,6,6,1,43,7,1497,8,0,NISSAN X-TRAIL,8,E01020576,0,1
2024010507021,2024,010507021,2,9,9,99,99,9,9,99,99,9,9,99,9,99,2,9,6,6,3,-1,-1,1598,2,7,NISSAN X-TRAIL,-1,-1,0,-1
2024451478528,2024,451478528,1,9,0,-1,19,3,7,-1,0,0,0,0,0,0,1,1,-1,9,1,53,8,2184,2,18,NISSAN X-TRAIL,4,E01015933,0,4
2024131534511,2024,131534511,2,9,0,-1,19,3,7,-1,0,0,0,0,0,0,4,1,-1,6,2,74,10,1497,8,0,NISSAN X-TRAIL,8,E01011254,0,1
2024440130195,2024,440130195,2,9,0,2,2,0,0,0,0,0,0,0,0,0,1,1,6,6,3,-1,-1,1598,2,7,NISSAN X-TRAIL,-1,-1,0,-1
2024131430895,2024,131430895,1,9,0,-1,9,4,3,-1,0,8,0,0,0,0,4,1,-1,9,2,45,7,1497,8,0,NISSAN X-TRAIL,6,E01010786,0,3
2024041461692,2024,041461692,2,9,0,-1,19,5,1,-1,0,0,0,0,0,0,4,1,-1,9,1,26,6,1497,8,0,NISSAN X-TRAIL,5,E01025428,0,1
2024991521463,2024,991521463,1,9,0,-1,19,4,8,-1,0,8,0,0,0,0,3,1,-1,2,1,41,7,1598,2,7,NISSAN X-TRAIL,-1,-1,0,-1
2024461433255,2024,461433255,2,9,0,-1,19,4,1,-1,0,0,0,1,7,0,4,1,-1,6,2,69,10,1995,2,14,NISSAN X-TRAIL,7,E01024490,0,1
2024201461583,2024,201461583,1,9,0,-1,5,7,4,-1,0,6,0,0,0,0,1,1,-1,1,1,58,9,1332,1,3,NISSAN X-TRAIL,5,W01001250,0,5
2024141424444,2024,141424444,1,9,0,-1,7,1,3,-1,0,3,1,0,0,0,4,1,-1,6,2,44,7,1598,2,9,NISSAN X-TRAIL,5,E01007687,0,1
2024010545582,2024,010545582,1,9,0,-1,-1,5,1,0,0,0,0,0,0,0,1,1,6,6,2,32,6,1618,1,7,NISSAN X-TRAIL,3,E01034146,0,1
2024031527469,2024,031527469,1,9,0,-1,19,5,1,-1,0,0,0,0,0,0,4,1,-1,6,3,60,9,2488,1,19,NISSAN X-TRAIL,-1,-1,0,-1
2024332400444,2024,332400444,1,9,0,-1,3,8,4,-1,0,1,0,0,0,0,2,1,-1,6,2,38,7,1618,1,9,NISSAN X-TRAIL,7,E01013712,0,1
2024991457943,2024,991457943,1,9,0,-1,8,5,7,-1,0,6,0,0,0,0,1,1,-1,9,1,46,8,1332,1,4,NISSAN X-TRAIL,10,-1,0,1
2024461500881,2024,461500881,1,9,0,-1,19,5,1,-1,0,0,0,0,0,0,1,1,-1,2,1,61,9,1998,1,20,NISSAN X-TRAIL,7,E01024458,0,2
2024010518013,2024,010518013,2,9,0,3,3,7,3,0,0,0,0,0,0,0,2,1,6,6,1,58,9,1497,8,0,NISSAN X-TRAIL,6,E01002609,0,1
2024501420864,2024,501420864,2,9,0,-1,19,1,5,-1,0,0,1,0,4,6,1,1,-1,9,1,72,10,1995,2,15,NISSAN X-TRAIL,9,E01019907,0,3
2024361512999,2024,361512999,2,9,0,-1,19,3,5,-1,0,3,0,0,0,0,3,1,-1,2,1,56,9,1598,2,8,NISSAN X-TRAIL,2,E01026592,0,2
2024440405353,2024,440405353,1,9,0,16,19,6,8,0,0,0,0,0,0,0,1,1,6,6,2,49,8,1598,2,7,NISSAN X-TRAIL,10,E01022602,0,1
2024501468867,2024,501468867,2,9,0,-1,2,0,0,-1,0,0,0,4,0,0,2,9,-1,9,1,41,7,1598,2,9,NISSAN X-TRAIL,5,E01034170,0,1
2024531465108,2024,531465108,1,9,0,-1,19,3,7,-1,0,0,0,0,7,0,1,1,-1,6,2,57,9,2184,2,19,NISSAN X-TRAIL,7,E01022445,0,3
2024131510816,2024,131510816,1,9,0,-1,19,8,4,-1,0,6,5,0,0,0,4,1,-1,9,1,40,7,1598,2,9,NISSAN X-TRAIL,6,E01035050,0,1
2024041482018,2024,041482018,1,9,0,-1,19,7,3,-1,0,1,0,0,0,0,1,1,-1,9,1,31,6,1598,2,9,NISSAN X-TRAIL,1,E01025579,0,1
2024320469703,2024,320469703,3,9,0,-1,-1,5,1,0,0,1,0,0,1,10,1,1,6,6,3,-1,-1,1995,2,17,NISSAN X-TRAIL,-1,-1,0,-1
2024471508890,2024,471508890,1,9,0,-1,20,6,3,-1,9,2,0,0,0,0,3,1,-1,9,1,76,11,1995,2,16,NISSAN X-TRAIL,4,E01031434,0,1
2024471499578,2024,471499578,1,9,0,-1,19,3,7,-1,0,0,5,0,0,0,3,1,-1,6,2,37,7,1497,8,0,NISSAN X-TRAIL,7,E01031535,0,1
2024010507701,2024,010507701,2,9,0,99,99,9,9,99,99,9,9,99,9,99,9,9,6,6,3,-1,-1,1598,2,7,NISSAN X-TRAIL,-1,-1,0,-1
2024201451578,2024,201451578,1,9,0,-1,13,1,5,-1,0,4,0,0,0,0,3,1,-1,6,1,72,10,1598,2,8,NISSAN X-TRAIL,1,E01008905,0,3
2024430614949,2024,430614949,2,9,0,18,19,3,7,0,0,8,0,0,0,0,1,1,1,1,1,55,8,1598,2,8,NISSAN X-TRAIL,-1,-1,0,-1
2024101399997,2024,101399997,2,9,-1,-1,4,5,1,-1,0,4,0,0,0,0,2,9,-1,9,2,44,7,1995,2,6,NISSAN X-TRAIL,1,E01008655,0,1
2024411516694,2024,411516694,2,9,0,-1,5,2,6,-1,0,0,0,0,7,0,2,1,-1,7,2,40,7,1618,1,7,NISSAN X-TRAIL,7,E01023942,0,1
2024010545826,2024,010545826,1,9,0,99,99,9,9,99,99,9,9,99,9,99,1,9,6,6,2,37,7,1332,1,4,NISSAN X-TRAIL,5,E01001859,0,2
2024351407468,2024,351407468,1,9,0,-1,-1,-1,-1,-1,-1,-1,-1,-1,-1,0,-1,1,-1,6,1,43,7,1618,1,6,NISSAN X-TRAIL,5,E01018163,0,1
2024161434157,2024,161434157,1,9,0,-1,19,2,6,-1,0,0,0,0,0,0,1,1,-1,9,2,70,10,1995,2,15,NISSAN X-TRAIL,1,E01007735,0,4
2024041423931,2024,041423931,1,9,0,-1,1,7,3,-1,9,6,0,0,0,0,2,1,-1,9,2,49,8,1995,2,6,NISSAN X-TRAIL,8,E01025302,0,1
2024061450402,2024,061450402,2,8,0,-1,9,-1,-1,-1,0,0,0,0,0,0,3,1,-1,6,1,-1,-1,1598,2,9,NISSAN X-TRAIL,1,E01005166,0,4
2024010544943,2024,010544943,1,8,0,99,99,9,9,99,99,0,9,99,9,99,4,9,1,1,1,45,7,1995,2,6,NISSAN X-TRAIL,3,E01002278,0,1
2024211513685,2024,211513685,1,9,0,-1,19,1,5,-1,0,6,0,0,7,0,4,1,-1,9,1,36,7,1598,2,7,NISSAN X-TRAIL,1,E01014366,0,2
2024061465047,2024,061465047,1,9,0,-1,7,3,7,-1,0,5,0,0,1,0,0,1,-1,7,2,37,7,1332,1,5,NISSAN X-TRAIL,2,E01005182,0,1
2024061403941,2024,061403941,1,9,0,-1,19,6,2,-1,0,0,0,0,0,0,0,9,-1,7,3,-1,-1,2184,2,17,NISSAN X-TRAIL,-1,-1,0,-1
2024522403432,2024,522403432,1,9,0,17,19,6,4,0,0,8,0,0,1,11,2,1,6,6,1,26,6,1749,2,4,NISSAN X-TRAIL,5,E01014573,0,1
2024311528917,2024,311528917,1,9,0,-1,19,7,3,-1,0,0,0,0,0,0,4,1,-1,9,2,46,8,1598,2,9,NISSAN X-TRAIL,10,E01027992,0,2
2024201497974,2024,201497974,2,9,0,-1,9,1,7,-1,0,8,0,0,0,0,1,1,-1,6,1,66,10,1497,8,1,NISSAN X-TRAIL,1,E01009113,0,1
2024010522109,2024,010522109,2,9,0,99,99,9,9,99,99,9,9,99,9,99,9,9,6,6,3,-1,-1,1995,2,4,NISSAN X-TRAIL,-1,-1,0,-1
2024421425666,2024,421425666,2,9,0,-1,19,-1,-1,-1,0,0,1,0,0,0,4,1,-1,9,2,34,6,1598,2,6,NISSAN X-TRAIL,2,E01021771,0,1
2024061468534,2024,061468534,5,9,0,-1,19,1,5,-1,0,0,0,0,0,0,1,1,-1,9,1,49,8,1598,2,8,NISSAN X-TRAIL,1,E01034138,0,1
2024340NN3842,2024,340NN3842,2,9,0,-1,19,3,7,-1,0,8,1,0,0,0,4,1,-1,9,1,56,9,1497,8,0,NISSAN X-TRAIL,5,E01027316,0,1
2024141448604,2024,141448604,1,9,0,-1,11,2,6,-1,0,2,0,0,0,0,3,1,-1,6,3,-1,-1,1598,2,8,NISSAN X-TRAIL,-1,-1,0,-1
2024371518109,2024,371518109,1,9,4,-1,19,6,2,-1,0,0,0,0,0,0,1,1,-1,6,1,-1,-1,2184,2,18,NISSAN X-TRAIL,6,E01029873,0,2
2024430574124,2024,430574124,2,9,0,18,19,2,6,0,0,8,0,0,0,0,1,1,6,6,2,35,6,1598,2,7,NISSAN X-TRAIL,9,E01035246,0,1
2024461517364,2024,461517364,2,9,0,-1,19,3,3,-1,0,0,0,6,0,0,1,1,-1,6,1,38,7,1598,2,8,NISSAN X-TRAIL,1,E01031558,0,4
2024101444138,2024,101444138,1,9,0,-1,10,6,4,-1,0,5,0,0,0,0,2,1,-1,6,1,62,9,1995,2,13,NISSAN X-TRAIL,7,E01008469,0,4
2024451398119,2024,451398119,3,9,0,-1,4,5,1,-1,0,1,0,0,0,0,0,1,-1,6,-1,-1,-1,1598,2,9,NISSAN X-TRAIL,-1,-1,0,-1
2024061496511,2024,061496511,2,9,0,-1,19,5,1,-1,0,1,0,0,0,0,1,9,-1,9,1,35,6,1598,2,6,NISSAN X-TRAIL,4,E01006188,0,1
2024320166255,2024,320166255,2,9,0,-1,-1,7,3,0,0,0,0,0,0,0,1,1,-1,-1,2,51,8,1749,2,5,NISSAN X-TRAIL,4,E01026227,0,1
2024010540260,2024,010540260,2,9,0,12,12,3,7,0,0,0,1,0,0,0,1,1,6,6,2,51,8,1332,1,5,NISSAN X-TRAIL,3,E01004384,0,2
2024991448607,2024,991448607,1,9,0,-1,19,5,8,-1,0,0,0,4,1,0,2,1,-1,2,1,34,6,1598,2,7,NISSAN X-TRAIL,8,-1,0,1
2024061436974,2024,061436974,1,8,-1,-1,-1,-1,-1,-1,-1,0,-1,-1,-1,0,-1,9,-1,6,3,-1,-1,1598,2,8,NISSAN X-TRAIL,-1,-1,0,-1
2024471477918,2024,471477918,3,9,0,-1,19,8,4,-1,0,0,0,0,0,0,4,1,-1,6,1,43,7,1749,2,5,NISSAN X-TRAIL,7,E01034462,0,5
2024061413506,2024,061413506,2,9,0,-1,9,5,1,-1,0,2,0,0,0,0,1,1,-1,9,2,35,6,1598,2,7,NISSAN X-TRAIL,2,E01006254,0,1
2024522401244,2024,522401244,2,9,0,17,19,5,1,0,0,0,0,0,0,0,1,1,6,6,1,68,10,2184,2,19,NISSAN X-TRAIL,6,E01029020,0,4
2024311546397,2024,311546397,1,9,0,-1,19,8,4,-1,0,1,0,0,0,0,1,1,-1,2,1,61,9,1598,2,8,NISSAN X-TRAIL,2,E01013906,0,1