collision_index,collision_year,collision_ref_no,vehicle_reference,vehicle_type,towing_and_articulation,vehicle_manoeuvre_historic,vehicle_manoeuvre,vehicle_direction_from,vehicle_direction_to,vehicle_location_restricted_lane_historic,vehicle_location_restricted_lane,junction_location,skidding_and_overturning,hit_object_in_carriageway,vehicle_leaving_carriageway,hit_object_off_carriageway,first_point_of_impact,vehicle_left_hand_drive,journey_purpose_of_driver_historic,journey_purpose_of_driver,sex_of_driver,age_of_driver,age_band_of_driver,engine_capacity_cc,propulsion_code,age_of_vehicle,generic_make_model,driver_imd_decile,lsoa_of_driver,escooter_flag,driver_distance_banding
2024101482053,2024,101482053,1,9,0,-1,9,3,1,-1,0,8,0,0,0,0,4,1,-1,9,1,29,6,2184,2,20,NISSAN X-TRAIL,-1,-1,0,-1
2024010501766,2024,010501766,2,9,0,18,19,1,5,0,0,8,0,0,0,0,1,1,1,1,2,36,7,1598,2,8,NISSAN X-TRAIL,6,E01003663,0,1
2024010532494,2024,010532494,4,9,0,18,19,1,5,0,0,2,0,0,0,0,1,1,6,6,2,59,9,1497,8,0,NISSAN X-TRAIL,3,E01003634,0,3
2024302401060,2024,302401060,2,9,0,18,19,7,3,0,0,8,0,0,0,0,1,1,6,6,2,37,7,1618,1,7,NISSAN X-TRAIL,1,E01013586,0,1
2024010546092,2024,010546092,1,9,0,17,19,7,3,0,0,1,0,0,0,0,1,1,6,6,1,57,9,1749,2,5,NISSAN X-TRAIL,-1,-1,0,-1
2024440325293,2024,440325293,1,9,0,14,14,2,6,0,0,0,0,0,0,0,1,1,6,6,1,72,10,1332,1,4,NISSAN X-TRAIL,8,E01023109,0,4
2024471550528,2024,471550528,2,9,0,-1,12,3,7,-1,0,0,0,0,0,0,3,1,-1,9,2,42,7,1598,2,6,NISSAN X-TRAIL,8,E01031802,0,2
2024401500940,2024,401500940,1,9,0,-1,19,1,5,-1,0,0,1,0,7,10,2,1,-1,6,2,43,7,1749,2,5,NISSAN X-TRAIL,7,E01015745,0,3
2024520500263,2024,520500263,1,9,0,3,3,8,4,0,0,0,0,0,0,0,2,1,6,6,2,33,6,1598,2,7,NISSAN X-TRAIL,8,E01029201,0,4
2024622400360,2024,622400360,2,9,0,18,19,7,3,0,0,0,1,0,0,0,1,1,6,6,1,39,7,1598,2,7,NISSAN X-TRAIL,9,W01001090,0,1
2024991535240,2024,991535240,2,9,0,-1,19,4,8,-1,0,0,0,0,0,0,2,1,-1,6,2,32,6,1598,2,8,NISSAN X-TRAIL,6,-1,0,1
2024010507300,2024,010507300,2,9,0,18,19,7,3,0,0,0,0,0,0,0,0,1,6,6,1,54,8,1618,1,7,NISSAN X-TRAIL,4,E01023146,0,4
2024101490422,2024,101490422,2,9,0,-1,19,5,1,-1,0,0,0,0,0,0,1,1,-1,9,2,42,7,1749,2,5,NISSAN X-TRAIL,3,E01008831,0,1
2024461408807,2024,461408807,1,9,0,-1,19,7,3,-1,0,0,0,0,0,0,4,9,-1,2,2,63,9,2184,2,19,NISSAN X-TRAIL,9,E01032812,0,3
2024451441912,2024,451441912,1,9,0,-1,9,3,7,-1,0,0,0,0,0,0,1,1,-1,9,1,41,7,1598,2,6,NISSAN X-TRAIL,6,E01002968,0,2
2024070720297,2024,070720297,1,9,0,-1,19,5,1,-1,0,3,0,0,0,0,1,1,-1,9,1,38,7,1598,2,7,NISSAN X-TRAIL,7,E01010379,0,4
2024010519065,2024,010519065,3,9,0,2,2,0,0,0,0,1,0,0,0,0,2,1,6,6,3,-1,-1,1332,1,4,NISSAN X-TRAIL,-1,-1,0,-1
2024052402130,2024,052402130,2,9,0,18,19,6,2,0,0,1,0,0,0,0,1,1,2,2,1,-1,-1,1995,2,15,NISSAN X-TRAIL,3,E01006543,0,2
2024010542735,2024,010542735,2,9,0,2,2,0,0,5,5,2,0,0,0,0,3,1,6,6,3,-1,-1,1598,2,6,NISSAN X-TRAIL,-1,-1,0,-1
2024061521547,2024,061521547,2,9,0,-1,19,7,3,-1,0,8,0,0,0,0,1,9,-1,6,2,57,9,1598,2,9,NISSAN X-TRAIL,3,E01006126,0,2
202460Q090928,2024,60Q090928,2,9,0,18,19,1,5,0,0,1,0,0,0,0,4,1,6,6,1,66,10,1995,2,16,NISSAN X-TRAIL,-1,-1,0,-1
2024161418780,2024,161418780,2,9,0,-1,4,5,1,-1,0,0,0,0,0,0,2,1,-1,9,1,39,7,1598,2,9,NISSAN X-TRAIL,5,E01007640,0,3
2024131490981,2024,131490981,1,9,0,-1,19,8,4,-1,0,1,0,0,0,0,1,1,-1,9,1,52,8,1598,2,9,NISSAN X-TRAIL,1,E01011922,0,3
202454F136324,2024,54F136324,2,9,0,4,4,8,4,0,0,0,0,0,0,0,2,1,6,6,2,55,8,1598,2,6,NISSAN X-TRAIL,8,E01031897,0,4
2024421531352,2024,421531352,1,9,0,-1,10,2,8,-1,0,1,0,0,0,0,1,1,-1,6,1,52,8,1598,2,8,NISSAN X-TRAIL,3,E01021596,0,4
2024052400345,2024,052400345,2,9,0,18,19,7,3,0,0,8,0,0,0,0,4,1,6,6,1,50,8,1995,2,6,NISSAN X-TRAIL,1,E01006675,0,1
2024131527873,2024,131527873,2,9,0,-1,12,4,7,-1,0,2,0,0,0,0,1,1,-1,9,2,27,6,1598,2,9,NISSAN X-TRAIL,2,E01011256,0,1
2024052402482,2024,052402482,3,9,0,2,2,0,0,0,0,1,0,0,0,0,1,1,6,6,1,55,8,1598,2,7,NISSAN X-TRAIL,1,E01007009,0,1
2024101475735,2024,101475735,2,9,0,-1,3,5,1,-1,0,0,0,0,0,0,2,1,-1,9,1,43,7,1598,2,9,NISSAN X-TRAIL,6,E01012178,0,4
2024320217910,2024,320217910,1,9,0,9,9,2,6,0,0,8,0,0,0,0,1,1,6,6,2,48,8,1598,2,7,NISSAN X-TRAIL,6,E01026315,0,3
2024471439535,2024,471439535,1,9,0,-1,19,5,1,-1,0,1,0,0,7,0,4,1,-1,2,1,35,6,1598,2,7,NISSAN X-TRAIL,6,E01031406,0,3
2024471432281,2024,471432281,1,9,0,-1,19,5,1,-1,0,0,0,0,0,0,3,1,-1,2,1,58,9,1998,1,22,NISSAN X-TRAIL,7,E01031478,0,3
2024010517024,2024,010517024,1,9,0,4,4,3,7,0,0,4,0,0,0,0,2,1,6,6,2,30,6,1598,2,8,NISSAN X-TRAIL,5,E01002247,0,1
2024332400223,2024,332400223,2,9,0,-1,12,2,6,-1,0,3,0,0,0,0,1,1,-1,6,2,32,6,1995,2,6,NISSAN X-TRAIL,3,E01025997,0,2
2024311466077,2024,311466077,2,9,0,-1,19,5,1,-1,0,0,0,0,0,0,1,1,-1,9,2,38,7,1749,2,5,NISSAN X-TRAIL,5,E01028189,0,1
2024440346542,2024,440346542,1,9,0,18,19,1,5,0,0,1,0,0,0,0,1,1,6,6,2,73,10,1995,2,17,NISSAN X-TRAIL,6,E01035435,0,1
2024010538285,2024,010538285,1,9,0,10,10,2,1,0,0,2,0,0,0,0,1,1,3,7,2,45,7,1995,2,7,NISSAN X-TRAIL,5,E01001139,0,1
2024131518111,2024,131518111,1,9,0,-1,6,3,7,-1,0,8,0,0,7,0,1,1,-1,9,2,35,6,1598,2,7,NISSAN X-TRAIL,1,E01011324,0,2
2024010549718,2024,010549718,1,9,0,7,7,1,3,0,0,2,0,0,3,0,1,1,6,6,2,36,7,1497,8,0,NISSAN X-TRAIL,4,E01003480,0,1
2024061529873,2024,061529873,3,9,0,-1,4,5,1,-1,0,0,0,0,0,0,1,1,-1,9,1,29,6,1598,2,8,NISSAN X-TRAIL,-1,-1,0,-1
2024361417620,2024,361417620,1,9,0,-1,19,7,3,-1,0,1,0,0,0,0,1,1,-1,6,1,69,10,2184,2,18,NISSAN X-TRAIL,6,E01026451,0,3
2024010533657,2024,010533657,1,9,0,3,3,7,3,0,0,1,0,0,0,0,2,1,6,6,1,48,8,1497,8,1,NISSAN X-TRAIL,6,E01000274,0,2
2024211454476,2024,211454476,2,9,0,-1,9,3,2,-1,0,4,0,0,3,0,3,1,-1,6,2,49,8,1497,8,0,NISSAN X-TRAIL,8,E01029612,0,1
2024131442915,2024,131442915,2,9,0,-1,7,4,8,-1,0,0,0,0,0,0,1,1,-1,6,1,30,6,2184,2,18,NISSAN X-TRAIL,2,E01011222,0,3
2024440466876,2024,440466876,1,9,0,16,19,4,7,0,0,0,0,0,0,0,1,1,6,6,2,62,9,1598,2,6,NISSAN X-TRAIL,10,E01023276,0,1
2024010491163,2024,010491163,1,9,0,99,99,9,9,99,99,9,9,99,9,99,1,9,6,6,3,64,9,1618,1,8,NISSAN X-TRAIL,1,E01001845,0,1
2024101533285,2024,101533285,2,9,0,-1,19,4,8,-1,0,8,0,0,0,0,1,1,-1,6,2,39,7,1598,2,7,NISSAN X-TRAIL,1,E01008824,0,2
2024211493596,2024,211493596,1,9,0,-1,19,4,8,-1,0,4,0,0,0,0,1,1,-1,6,1,69,10,1995,2,7,NISSAN X-TRAIL,9,E01029738,0,3
2024010547907,2024,010547907,2,9,0,99,99,9,9,99,99,9,9,99,9,99,4,9,6,6,2,75,10,1618,1,9,NISSAN X-TRAIL,10,E01000839,0,1
2024131468911,2024,131468911,1,9,0,-1,19,7,2,-1,0,0,0,0,0,0,1,1,-1,9,2,42,7,1598,2,8,NISSAN X-TRAIL,2,E01011298,0,1
2024320022173,2024,320022173,2,9,0,-1,-1,2,6,0,0,0,0,0,0,0,1,1,-1,-1,1,75,10,2184,2,18,NISSAN X-TRAIL,5,E01026054,0,3
2024010521313,2024,010521313,2,9,9,99,99,9,9,99,99,9,9,99,9,99,9,9,6,6,1,-1,-1,1497,8,1,NISSAN X-TRAIL,-1,-1,0,-1
2024461462064,2024,461462064,1,9,0,-1,1,7,3,-1,0,1,0,0,0,0,2,9,-1,6,2,47,8,1598,2,8,NISSAN X-TRAIL,3,E01024239,0,1
2024061424611,2024,061424611,3,9,0,-1,4,8,4,-1,0,0,0,0,0,0,2,1,-1,6,1,-1,-1,1598,2,9,NISSAN X-TRAIL,7,E01004775,0,3
2024451440974,2024,451440974,1,9,0,-1,9,2,8,-1,0,6,0,0,0,0,1,1,-1,9,2,59,9,1598,2,9,NISSAN X-TRAIL,3,E01002595,0,2
2024101432225,2024,101432225,2,9,0,-1,19,5,1,-1,0,4,0,0,1,0,1,9,-1,6,3,20,4,1995,2,16,NISSAN X-TRAIL,-1,-1,0,-1
2024451495995,2024,451495995,1,9,0,-1,19,5,5,-1,0,1,0,0,0,0,1,1,-1,9,1,66,10,1995,2,14,NISSAN X-TRAIL,8,E01030785,0,3
2024231447601,2024,231447601,3,9,0,-1,19,1,4,-1,0,0,0,0,0,0,2,1,-1,6,2,53,8,2184,2,21,NISSAN X-TRAIL,5,E01031190,0,1
2024471440971,2024,471440971,1,9,0,-1,7,1,5,-1,0,8,0,0,0,0,1,1,-1,9,1,52,8,1598,2,9,NISSAN X-TRAIL,6,E01031782,0,1
2024991480168,2024,991480168,1,9,0,-1,9,4,2,-1,0,1,0,0,0,0,1,1,-1,9,1,70,10,1598,2,8,NISSAN X-TRAIL,1,-1,0,1
2024371455843,2024,371455843,1,9,0,-1,5,3,1,-1,0,1,0,0,0,0,3,1,-1,6,2,70,10,1995,2,6,NISSAN X-TRAIL,5,E01030053,0,1
2024031533991,2024,031533991,1,9,0,-1,19,5,8,-1,0,0,5,0,2,4,1,1,-1,6,1,69,10,1995,2,6,NISSAN X-TRAIL,3,-1,0,5
2024471396983,2024,471396983,2,9,0,-1,19,4,2,-1,0,1,0,0,0,0,1,1,-1,9,2,41,7,1618,1,7,NISSAN X-TRAIL,5,E01021113,0,1
2024131499916,2024,131499916,1,9,0,-1,9,5,1,-1,0,8,0,0,0,0,1,1,-1,2,1,59,9,1598,2,7,NISSAN X-TRAIL,1,E01011473,0,2
2024552500226,2024,552500226,1,9,0,18,19,4,8,0,0,8,0,0,0,0,1,1,6,6,1,56,9,1598,2,10,NISSAN X-TRAIL,8,E01020425,0,1
2024161519703,2024,161519703,2,9,0,-1,19,4,8,-1,0,0,0,0,0,0,1,1,-1,6,2,38,7,1598,2,8,NISSAN X-TRAIL,9,E01012813,0,1
2024631506001,2024,631506001,1,9,0,-1,19,8,3,-1,0,0,0,0,0,0,3,1,-1,9,1,57,9,1497,8,1,NISSAN X-TRAIL,5,W01000632,0,3
2024440378402,2024,440378402,2,9,0,18,19,1,5,0,0,1,0,0,0,0,1,1,6,6,1,52,8,1497,8,0,NISSAN X-TRAIL,2,E01033383,0,3
2024061496348,2024,061496348,1,9,0,-1,2,0,0,-1,0,0,0,0,0,0,3,1,-1,6,3,-1,-1,1995,2,7,NISSAN X-TRAIL,-1,-1,0,-1
2024991521101,2024,991521101,1,9,0,-1,19,8,4,-1,0,1,0,0,0,0,4,1,-1,1,1,62,9,1749,2,5,NISSAN X-TRAIL,8,-1,0,2
2024991516474,2024,991516474,1,9,0,-1,5,1,5,-1,0,4,0,0,0,0,1,1,-1,7,2,32,6,1598,2,9,NISSAN X-TRAIL,2,-1,0,1
2024421417298,2024,421417298,1,9,0,-1,19,2,6,-1,0,1,0,0,0,0,1,1,-1,6,2,36,7,1598,2,6,NISSAN X-TRAIL,8,E01021537,0,1
2024010522866,2024,010522866,1,9,0,-1,-1,5,1,0,0,4,0,0,0,0,1,1,6,6,1,65,9,1998,1,19,NISSAN X-TRAIL,3,E01003310,0,1
2024031460474,2024,031460474,1,9,0,-1,19,1,5,-1,0,0,0,0,1,0,1,9,-1,6,2,48,8,1598,2,8,NISSAN X-TRAIL,1,E01008425,0,4
2024010543798,2024,010543798,4,9,0,3,3,1,5,0,0,2,0,0,0,0,0,1,6,6,1,60,9,1497,8,1,NISSAN X-TRAIL,10,E01002286,0,1
2024631505783,2024,631505783,1,9,0,-1,12,1,5,-1,0,0,5,0,0,0,1,1,-1,9,1,64,9,2184,2,17,NISSAN X-TRAIL,6,W01000613,0,4
2024361463578,2024,361463578,2,9,0,-1,19,2,8,-1,0,0,0,0,0,0,2,1,-1,9,2,39,7,1598,2,10,NISSAN X-TRAIL,9,E01035145,0,1
2024010544410,2024,010544410,1,9,0,9,9,7,4,0,0,6,0,0,0,0,3,1,2,2,2,52,8,1332,1,3,NISSAN X-TRAIL,6,E01001343,0,1
2024131397374,2024,131397374,1,9,0,-1,5,1,5,-1,0,1,0,0,0,0,1,1,-1,9,1,59,9,1598,2,7,NISSAN X-TRAIL,1,E01011473,0,1
2024361445365,2024,361445365,2,9,0,-1,4,4,7,-1,0,0,0,0,0,0,2,1,-1,2,2,46,8,1995,2,7,NISSAN X-TRAIL,6,E01021972,0,4
2024010523218,2024,010523218,1,9,0,99,99,9,9,99,99,9,9,99,9,99,2,9,6,6,1,42,7,1497,8,1,NISSAN X-TRAIL,2,E01004289,0,1
2024010548416,2024,010548416,1,9,0,9,9,8,6,0,0,8,0,0,0,0,1,1,3,7,2,50,8,1598,2,7,NISSAN X-TRAIL,4,E01000466,0,1
2024041470671,2024,041470671,3,9,0,-1,19,3,7,-1,0,0,0,0,0,0,2,1,-1,9,2,41,7,1618,1,8,NISSAN X-TRAIL,6,E01025315,0,1
2024010524495,2024,010524495,1,9,0,18,19,3,7,0,0,0,0,0,0,0,1,1,6,6,2,36,7,1618,1,7,NISSAN X-TRAIL,7,E01023947,0,2
2024131419928,2024,131419928,3,9,0,-1,2,0,0,-1,0,1,0,0,0,0,2,1,-1,6,-1,-1,-1,1497,8,1,NISSAN X-TRAIL,-1,-1,0,-1
2024211453501,2024,211453501,1,9,0,-1,5,7,3,-1,0,4,0,0,0,0,3,1,-1,9,2,60,9,1749,2,4,NISSAN X-TRAIL,6,E01029861,0,1
2024161408265,2024,161408265,2,9,0,-1,3,8,4,-1,0,1,0,0,0,0,2,1,-1,6,2,48,8,1598,2,9,NISSAN X-TRAIL,2,E01035481,0,1
2024461418023,2024,461418023,2,9,0,-1,19,5,1,-1,0,0,0,0,0,0,3,9,-1,6,2,58,9,1598,2,9,NISSAN X-TRAIL,4,E01021101,0,4
2024201535810,2024,201535810,1,9,0,-1,19,2,6,-1,0,2,0,0,0,0,1,9,-1,9,1,43,7,1497,8,1,NISSAN X-TRAIL,2,E01009481,0,1
2024101404632,2024,101404632,2,9,0,-1,10,1,5,-1,0,8,0,0,7,0,3,1,-1,6,2,40,7,2184,2,18,NISSAN X-TRAIL,5,E01027503,0,1
2024122400113,2024,122400113,1,9,0,18,19,5,1,0,0,1,0,0,0,0,1,1,6,6,1,56,9,1598,2,8,NISSAN X-TRAIL,9,E01027900,0,4
2024522401650,2024,522401650,1,9,0,4,4,6,2,0,0,1,0,0,0,0,2,1,6,6,1,44,7,1497,8,0,NISSAN X-TRAIL,4,E01016519,0,5
2024311535402,2024,311535402,1,9,0,-1,2,5,1,-1,0,0,0,0,0,0,2,1,-1,9,2,39,7,1598,2,8,NISSAN X-TRAIL,-1,-1,0,-1
2024061482485,2024,061482485,2,9,0,-1,7,-1,-1,-1,99,0,0,0,0,0,1,1,-1,6,2,-1,-1,1497,8,0,NISSAN X-TRAIL,-1,-1,0,-1
2024421499451,2024,421499451,2,9,0,-1,9,1,8,-1,0,1,0,0,0,0,0,1,-1,9,2,45,7,1995,2,7,NISSAN X-TRAIL,10,E01022084,0,1
2024131458568,2024,131458568,2,9,0,-1,19,3,7,-1,0,8,0,0,0,0,1,1,-1,9,2,50,8,1497,8,0,NISSAN X-TRAIL,6,E01034989,0,5
2024440168479,2024,440168479,2,9,0,18,19,5,1,0,0,1,0,0,0,0,1,1,6,6,1,46,8,2184,2,18,NISSAN X-TRAIL,4,E01017068,0,1
2024471470209,2024,471470209,1,9,0,-1,9,3,7,-1,0,1,0,0,3,0,3,2,-1,9,2,40,7,1598,2,10,NISSAN X-TRAIL,4,E01021051,0,1
2024991453013,2024,991453013,1,9,0,-1,1,1,5,-1,0,5,0,0,0,0,2,1,-1,9,2,51,8,1749,2,5,NISSAN X-TRAIL,6,-1,0,1
2024461445281,2024,461445281,2,9,0,-1,4,5,1,-1,0,8,0,0,0,0,2,9,-1,9,1,39,7,1332,1,5,NISSAN X-TRAIL,6,E01034997,0,1
2024430458926,2024,430458926,2,9,0,3,3,8,4,0,0,0,0,0,0,0,2,1,2,2,2,45,7,1618,1,9,NISSAN X-TRAIL,8,E01028726,0,4
2024302400599,2024,302400599,1,9,0,18,19,8,4,0,0,8,0,0,0,0,1,1,3,7,2,39,7,1598,2,8,NISSAN X-TRAIL,3,E01019667,0,1
2024411409097,2024,411409097,2,9,0,-1,19,5,1,-1,0,0,0,0,0,0,3,9,-1,2,1,53,8,1598,2,6,NISSAN X-TRAIL,9,E01027080,0,4
2024461399805,2024,461399805,2,9,0,-1,4,5,1,-1,0,0,0,0,0,0,2,9,-1,6,2,31,6,1598,2,7,NISSAN X-TRAIL,1,E01024278,0,1
2024010515410,2024,010515410,2,9,0,99,99,9,9,99,99,9,9,99,9,99,2,9,6,6,3,-1,-1,1497,8,1,NISSAN X-TRAIL,-1,-1,0,-1
2024010512918,2024,010512918,2,9,0,99,99,9,9,99,99,9,9,99,9,99,9,9,6,6,1,57,9,1749,2,5,NISSAN X-TRAIL,2,E01032565,0,1
2024010520889,2024,010520889,2,9,0,99,99,9,9,99,99,9,9,99,9,99,1,9,6,6,3,-1,-1,2184,2,17,NISSAN X-TRAIL,-1,-1,0,-1
2024010544803,2024,010544803,1,3,0,-1,-1,7,3,0,0,8,0,0,0,0,4,1,1,1,1,22,5,1497,8,0,NISSAN X-TRAIL,2,E01001057,0,2
2024311495576,2024,311495576,2,9,0,-1,9,3,8,-1,0,8,0,0,0,0,3,1,-1,9,2,34,6,1598,2,9,NISSAN X-TRAIL,6,E01033772,0,1
2024010521981,2024,010521981,2,9,0,99,99,9,9,99,99,0,9,99,9,99,9,9,6,6,3,-1,-1,1332,1,3,NISSAN X-TRAIL,-1,-1,0,-1
2024010548906,2024,010548906,2,9,0,99,99,9,9,99,99,6,9,99,9,99,9,9,6,6,3,45,7,1497,8,1,NISSAN X-TRAIL,10,E01002257,0,2
2024531398199,2024,531398199,2,9,0,-1,2,0,0,-1,0,1,0,0,0,0,3,1,-1,6,3,-1,-1,1598,2,8,NISSAN X-TRAIL,-1,-1,0,-1
2024501435035,2024,501435035,2,9,0,-1,19,3,4,-1,0,6,0,0,0,0,1,9,-1,1,2,34,6,1598,2,8,NISSAN X-TRAIL,3,E01015060,0,1
2024041403416,2024,041403416,1,9,0,-1,19,1,5,-1,0,0,1,0,0,0,1,1,-1,9,2,29,6,1497,8,1,NISSAN X-TRAIL,3,E01009777,0,5
2024010546940,2024,010546940,1,9,0,99,99,9,9,99,99,0,9,99,9,99,2,9,6,6,2,49,8,1995,2,7,NISSAN X-TRAIL,7,E01015627,0,5
2024421425989,2024,421425989,3,9,0,-1,2,0,0,-1,9,0,0,4,0,0,2,1,-1,6,-1,-1,-1,1497,8,0,NISSAN X-TRAIL,-1,-1,0,-1
2024010509514,2024,010509514,2,9,0,18,19,5,1,0,0,0,0,0,0,0,1,1,6,6,1,35,6,1618,1,7,NISSAN X-TRAIL,3,E01004563,0,1
2024451471995,2024,451471995,2,9,0,-1,19,1,3,-1,0,0,0,0,0,0,0,9,-1,6,2,30,6,1598,2,9,NISSAN X-TRAIL,-1,-1,0,-1
2024010512214,2024,010512214,1,9,0,10,10,3,8,0,0,1,0,0,0,0,3,1,6,6,1,77,11,1332,1,5,NISSAN X-TRAIL,-1,-1,0,-1
2024061439142,2024,061439142,1,9,0,-1,19,1,3,-1,9,0,0,0,7,0,1,2,-1,2,1,31,6,1332,1,4,NISSAN X-TRAIL,-1,-1,0,-1
2024430326633,2024,430326633,2,9,0,18,19,5,1,0,0,6,0,0,0,0,4,1,6,6,1,-1,-1,1749,2,5,NISSAN X-TRAIL,-1,-1,0,-1
2024101489425,2024,101489425,1,9,0,-1,19,5,1,-1,0,0,0,0,0,0,1,1,-1,2,2,68,10,1598,2,6,NISSAN X-TRAIL,7,E01008642,0,1
2024361513082,2024,361513082,1,9,0,-1,13,5,1,-1,9,0,0,0,1,11,1,1,-1,9,1,73,10,1497,8,1,NISSAN X-TRAIL,7,E01030125,0,4
2024201461468,2024,201461468,1,8,0,-1,19,6,2,-1,0,6,0,0,0,0,1,1,-1,6,1,40,7,1598,2,7,NISSAN X-TRAIL,1,E01009640,0,4
2024041482476,2024,041482476,2,9,0,-1,2,3,7,-1,0,0,0,0,0,0,2,1,-1,6,-1,-1,-1,2488,1,20,NISSAN X-TRAIL,-1,-1,0,-1
2024421394061,2024,421394061,2,9,0,-1,9,5,2,-1,0,8,0,0,0,0,1,1,-1,9,2,47,8,1598,2,7,NISSAN X-TRAIL,7,E01021761,0,1
2024311404994,2024,311404994,2,9,0,-1,19,1,4,-1,0,0,2,0,1,9,4,1,-1,6,1,35,6,1749,2,5,NISSAN X-TRAIL,7,E01028353,0,1
2024141422127,2024,141422127,2,9,0,-1,9,6,3,-1,0,6,0,0,0,0,1,1,-1,9,1,-1,-1,1598,2,7,NISSAN X-TRAIL,-1,-1,0,-1
2024440438589,2024,440438589,2,9,0,18,19,2,7,0,0,4,0,0,0,0,1,1,6,6,1,69,10,1497,8,0,NISSAN X-TRAIL,5,E01017311,0,1
2024461534171,2024,461534171,1,9,0,-1,4,3,7,-1,0,1,0,0,1,0,2,1,-1,6,2,47,8,1598,2,7,NISSAN X-TRAIL,6,E01035281,0,1
2024552401026,2024,552401026,1,9,0,6,6,6,6,0,0,0,0,0,0,0,3,1,6,6,2,41,7,1598,2,8,NISSAN X-TRAIL,10,E01030425,0,5
2024061507772,2024,061507772,1,9,0,-1,19,-1,-1,-1,0,2,1,0,0,0,4,1,-1,9,2,39,7,1598,2,8,NISSAN X-TRAIL,3,E01005893,0,1
2024221531571,2024,221531571,1,9,0,-1,9,7,5,-1,0,6,0,0,0,0,1,9,-1,6,1,41,7,1995,2,6,NISSAN X-TRAIL,10,E01032155,0,1
2024522402275,2024,522402275,1,9,0,17,19,4,1,0,0,8,0,0,0,0,4,1,6,6,1,33,6,1598,2,7,NISSAN X-TRAIL,7,E01029089,0,3
2024421524068,2024,421524068,2,9,0,-1,19,2,6,-1,0,1,0,0,1,0,3,1,-1,9,2,46,8,1332,1,4,NISSAN X-TRAIL,2,E01016009,0,2
2024430470139,2024,430470139,1,9,0,18,19,2,6,0,0,0,0,0,0,0,1,1,6,6,2,61,9,1497,8,0,NISSAN X-TRAIL,-1,-1,0,-1
2024461512998,2024,461512998,1,9,0,-1,14,3,7,-1,0,0,0,0,0,0,1,9,-1,2,2,36,7,1598,2,9,NISSAN X-TRAIL,6,E01024079,0,1
2024010520851,2024,010520851,2,9,0,9,9,8,6,0,0,0,0,0,0,0,2,1,6,6,1,71,10,1749,2,5,NISSAN X-TRAIL,6,E01002555,0,1
2024302401537,2024,302401537,2,9,0,10,10,4,2,0,0,1,0,0,0,0,2,1,6,6,2,35,6,1598,2,7,NISSAN X-TRAIL,4,E01013555,0,3
2024520403007,2024,520403007,1,9,0,9,9,8,6,0,0,8,0,0,0,0,1,1,6,6,1,75,10,1598,2,8,NISSAN X-TRAIL,7,E01029223,0,4
2024631481379,2024,631481379,2,9,0,-1,3,7,3,-1,0,1,0,0,0,0,2,1,-1,9,1,29,6,2184,2,18,NISSAN X-TRAIL,9,W01000609,0,1
2024061483051,2024,061483051,2,9,0,-1,9,-1,-1,-1,99,5,0,0,0,0,4,1,-1,6,1,-1,-1,1598,2,8,NISSAN X-TRAIL,-1,-1,0,-1
2024010538661,2024,010538661,2,9,0,18,19,5,1,0,0,1,0,0,0,0,3,1,6,6,1,46,8,1497,8,2,NISSAN X-TRAIL,4,E01000416,0,1
2024430482824,2024,430482824,1,9,0,9,9,4,2,0,0,5,0,0,0,0,4,1,6,6,1,74,10,1497,8,0,NISSAN X-TRAIL,8,E01016320,0,1
2024131516491,2024,131516491,1,9,0,-1,6,1,3,-1,9,0,0,0,0,0,1,1,-1,9,1,69,10,1497,8,0,NISSAN X-TRAIL,4,E01010921,0,2
2024471514471,2024,471514471,1,9,0,-1,1,1,5,-1,0,0,0,0,0,0,2,1,-1,9,1,28,6,1598,2,9,NISSAN X-TRAIL,9,E01021085,0,1
2024061514385,2024,061514385,2,9,0,-1,19,4,8,-1,0,0,0,0,0,0,1,1,-1,9,1,36,7,1618,1,8,NISSAN X-TRAIL,6,E01004925,0,1
2024101555845,2024,101555845,2,9,0,-1,19,5,1,-1,0,2,0,0,0,0,1,1,-1,2,2,46,8,1497,8,0,NISSAN X-TRAIL,10,E01027513,0,3
2024411586700,2024,411586700,1,9,0,-1,19,8,4,-1,0,2,0,0,0,0,1,1,-1,9,2,31,6,1598,2,10,NISSAN X-TRAIL,7,E01023623,0,2
2024010505392,2024,010505392,1,9,0,18,19,3,7,0,0,1,0,0,0,0,1,1,2,2,1,55,8,2488,1,18,NISSAN X-TRAIL,5,E01001659,0,3
2024311519627,2024,311519627,2,9,0,-1,19,5,8,-1,0,0,0,0,0,0,1,1,-1,2,1,59,9,1598,2,10,NISSAN X-TRAIL,-1,-1,0,-1
2024010500986,2024,010500986,2,9,0,9,9,1,8,0,0,8,0,0,0,0,3,1,6,6,2,30,6,1332,1,4,NISSAN X-TRAIL,9,E01001017,0,1
2024052401047,2024,052401047,1,9,0,18,19,7,3,0,0,1,0,0,0,0,1,1,6,6,1,75,10,1497,8,1,NISSAN X-TRAIL,1,E01006567,0,1
2024131414225,2024,131414225,2,9,0,-1,19,1,5,-1,0,0,0,0,0,0,4,1,-1,6,1,47,8,1995,2,16,NISSAN X-TRAIL,6,E01010594,0,3
2024070777334,2024,070777334,1,9,0,-1,5,4,2,-1,0,2,0,0,0,0,4,1,-1,9,1,74,10,1332,1,4,NISSAN X-TRAIL,-1,-1,0,-1
2024010550553,2024,010550553,2,9,0,18,19,5,1,0,0,2,0,0,0,0,1,1,6,6,3,-1,-1,1497,8,0,NISSAN X-TRAIL,-1,-1,0,-1
2024010545932,2024,010545932,2,9,0,99,99,9,9,99,99,9,9,99,9,99,1,9,6,6,2,32,6,1497,8,1,NISSAN X-TRAIL,2,E01004185,0,1