collision_index,collision_year,collision_ref_no,vehicle_reference,vehicle_type,towing_and_articulation,vehicle_manoeuvre_historic,vehicle_manoeuvre,vehicle_direction_from,vehicle_direction_to,vehicle_location_restricted_lane_historic,vehicle_location_restricted_lane,junction_location,skidding_and_overturning,hit_object_in_carriageway,vehicle_leaving_carriageway,hit_object_off_carriageway,first_point_of_impact,vehicle_left_hand_drive,journey_purpose_of_driver_historic,journey_purpose_of_driver,sex_of_driver,age_of_driver,age_band_of_driver,engine_capacity_cc,propulsion_code,age_of_vehicle,generic_make_model,driver_imd_decile,lsoa_of_driver,escooter_flag,driver_distance_banding
2024440084498,2024,440084498,1,9,0,18,19,6,2,0,0,0,0,0,0,0,1,1,6,6,1,39,7,1598,2,8,NISSAN X-TRAIL,6,E01023028,0,1
2024211497398,2024,211497398,1,9,0,-1,7,1,5,-1,0,1,0,0,0,0,3,1,-1,9,2,58,9,1598,2,7,NISSAN X-TRAIL,9,E01029784,0,3
2024320518266,2024,320518266,1,9,0,-1,-1,2,6,0,0,6,5,0,0,0,3,1,6,6,2,38,7,1598,2,8,NISSAN X-TRAIL,8,E01026053,0,4
2024471421192,2024,471421192,2,9,0,-1,2,0,0,-1,0,0,0,0,0,0,2,1,-1,6,-1,-1,-1,1598,2,7,NISSAN X-TRAIL,-1,-1,0,-1
2024991438327,2024,991438327,2,9,0,-1,19,7,3,-1,0,0,0,0,0,0,4,1,-1,9,2,41,7,1598,2,8,NISSAN X-TRAIL,1,-1,0,2
2024161418689,2024,161418689,1,9,0,-1,19,7,3,-1,0,0,0,0,0,0,1,1,-1,2,2,51,8,1497,8,0,NISSAN X-TRAIL,7,E01013226,0,1
2024070177807,2024,070177807,1,9,0,18,19,1,5,0,0,2,0,0,0,0,1,1,6,6,1,43,7,1598,2,7,NISSAN X-TRAIL,9,E01018365,0,1
2024041470706,2024,041470706,2,9,0,-1,19,4,8,-1,0,2,0,0,0,0,3,1,-1,1,1,39,7,1598,2,10,NISSAN X-TRAIL,2,E01012606,0,1
2024070805655,2024,070805655,1,9,0,-1,19,5,1,-1,0,0,5,0,7,3,1,1,-1,2,1,34,6,1598,2,10,NISSAN X-TRAIL,5,E01018514,0,1
2024201405532,2024,201405532,2,9,0,-1,3,4,8,-1,0,0,1,0,0,0,1,1,-1,9,2,28,6,1598,2,7,NISSAN X-TRAIL,4,E01009280,0,1
2024471470570,2024,471470570,1,9,0,-1,19,5,1,-1,0,0,0,0,0,0,1,1,-1,9,2,41,7,1497,8,0,NISSAN X-TRAIL,8,E01021150,0,1
2024061514557,2024,061514557,2,9,0,-1,3,8,4,-1,0,1,0,0,0,0,2,1,-1,9,2,43,7,1332,1,3,NISSAN X-TRAIL,8,E01005043,0,1
2024141464962,2024,141464962,1,9,0,-1,6,2,2,-1,0,0,0,0,0,0,4,1,-1,6,1,43,7,1995,2,12,NISSAN X-TRAIL,2,E01007782,0,1
2024421455014,2024,421455014,2,9,0,-1,19,1,5,-1,0,0,0,0,0,0,1,1,-1,6,2,42,7,1598,2,9,NISSAN X-TRAIL,8,E01022093,0,1
2024471509045,2024,471509045,2,9,0,-1,5,3,7,-1,0,0,0,0,0,0,1,1,-1,6,2,-1,-1,1497,8,0,NISSAN X-TRAIL,2,E01021091,0,4
2024141542403,2024,141542403,1,9,0,-1,3,5,1,-1,0,0,0,0,0,0,2,1,-1,9,2,67,10,2488,1,19,NISSAN X-TRAIL,7,E01007827,0,1
2024101407221,2024,101407221,3,9,0,-1,4,6,5,-1,0,0,0,0,0,0,0,1,-1,6,2,31,6,1598,2,7,NISSAN X-TRAIL,-1,-1,0,-1
2024340WN0932,2024,340WN0932,2,9,0,-1,19,2,6,-1,0,1,0,0,0,0,1,1,-1,9,2,36,7,1598,2,7,NISSAN X-TRAIL,2,E01027230,0,3
2024421454469,2024,421454469,2,9,0,-1,3,1,5,-1,0,0,0,0,0,0,1,1,-1,6,2,44,7,1598,2,8,NISSAN X-TRAIL,4,E01034368,0,1
2024991474506,2024,991474506,1,9,0,-1,19,1,5,-1,0,0,0,0,0,0,1,1,-1,9,2,70,10,1497,8,0,NISSAN X-TRAIL,7,-1,0,2
2024161530623,2024,161530623,1,9,0,-1,9,2,5,-1,0,8,0,0,0,0,4,9,-1,6,1,32,6,1598,2,10,NISSAN X-TRAIL,8,E01013040,0,3
2024991489823,2024,991489823,2,9,3,-1,19,1,5,-1,0,0,0,0,0,0,1,1,-1,9,1,69,10,1598,2,7,NISSAN X-TRAIL,8,E01026007,0,5
2024501449166,2024,501449166,1,9,0,-1,19,2,4,-1,0,0,0,0,0,0,1,1,-1,2,2,63,9,1749,2,4,NISSAN X-TRAIL,3,E01020286,0,2
2024061481857,2024,061481857,1,9,0,-1,3,-1,-1,-1,0,0,9,99,0,0,3,1,-1,9,1,44,7,1598,2,9,NISSAN X-TRAIL,1,E01005255,0,2
2024010517760,2024,010517760,1,9,0,9,9,5,3,0,0,8,0,0,0,0,1,1,6,6,2,40,7,1598,2,7,NISSAN X-TRAIL,9,E01028822,0,5
2024010526916,2024,010526916,2,9,0,99,99,9,9,99,99,9,9,99,9,99,1,9,6,6,3,-1,-1,1332,1,4,NISSAN X-TRAIL,-1,-1,0,-1
2024622400763,2024,622400763,1,9,0,12,12,2,6,0,0,1,0,0,1,0,1,1,6,6,1,47,8,1995,2,17,NISSAN X-TRAIL,7,W01001419,0,1
2024141424315,2024,141424315,1,9,0,-1,19,5,1,-1,0,0,0,0,0,0,1,1,-1,9,1,65,9,2184,2,18,NISSAN X-TRAIL,9,E01007603,0,1
2024440212553,2024,440212553,4,9,0,18,19,8,4,0,0,3,0,0,0,0,2,1,6,6,1,40,7,1995,2,7,NISSAN X-TRAIL,10,E01023231,0,1
2024031501249,2024,031501249,1,9,0,-1,19,2,6,-1,0,0,0,0,0,0,1,1,-1,6,2,66,10,1497,8,0,NISSAN X-TRAIL,10,E01019300,0,4
2024440103175,2024,440103175,2,9,0,9,9,2,8,0,0,6,0,0,0,0,1,1,6,6,1,50,8,1598,2,10,NISSAN X-TRAIL,3,E01017133,0,3
2024631516484,2024,631516484,1,9,0,-1,19,8,4,-1,0,0,0,0,0,0,2,1,-1,6,1,63,9,1497,8,1,NISSAN X-TRAIL,4,W01000516,0,1
2024531458501,2024,531458501,3,9,0,-1,2,0,0,-1,0,8,0,0,0,0,3,1,-1,6,-1,-1,-1,1995,2,15,NISSAN X-TRAIL,-1,-1,0,-1
2024071091082,2024,071091082,2,9,0,-1,19,5,1,-1,0,8,0,0,0,0,3,1,-1,9,2,27,6,1598,2,7,NISSAN X-TRAIL,5,E01005773,0,4
2024451477709,2024,451477709,1,9,0,-1,13,7,3,-1,0,0,1,10,7,4,1,1,-1,6,1,23,5,1497,8,0,NISSAN X-TRAIL,9,E01030856,0,1
2024010511255,2024,010511255,1,9,0,9,9,6,5,0,0,1,0,0,7,0,3,1,6,6,1,33,6,1598,2,6,NISSAN X-TRAIL,5,E01015723,0,4
2024430540225,2024,430540225,1,8,0,3,3,7,3,0,0,4,0,0,0,0,2,1,6,6,1,-1,-1,1332,1,4,NISSAN X-TRAIL,-1,-1,0,-1
2024340WN1622,2024,340WN1622,2,9,0,-1,2,0,0,-1,0,0,0,0,0,0,3,1,-1,6,3,-1,-1,1598,2,10,NISSAN X-TRAIL,-1,-1,0,-1
2024311466131,2024,311466131,2,9,0,-1,19,3,7,-1,0,8,0,0,0,0,3,1,-1,6,2,37,7,1598,2,8,NISSAN X-TRAIL,7,E01025677,0,2
2024631411289,2024,631411289,2,9,0,-1,19,5,1,-1,0,8,0,0,0,0,4,1,-1,9,1,45,7,1497,8,1,NISSAN X-TRAIL,2,W01000660,0,1
2024520001400,2024,520001400,1,9,0,10,10,8,4,0,0,8,0,0,0,0,1,1,6,6,2,55,8,1598,2,8,NISSAN X-TRAIL,7,E01034541,0,3
2024340WN2642,2024,340WN2642,1,9,0,-1,19,7,3,-1,0,0,0,10,1,11,4,1,-1,6,2,55,8,1749,2,4,NISSAN X-TRAIL,2,E01027249,0,1
2024010497966,2024,010497966,2,9,0,2,2,0,0,9,9,5,0,0,0,0,1,1,6,6,3,-1,-1,1618,1,7,NISSAN X-TRAIL,-1,-1,0,-1
2024440173365,2024,440173365,2,9,0,9,9,2,8,0,0,8,0,0,0,0,1,1,6,6,1,76,11,1598,2,9,NISSAN X-TRAIL,10,E01022553,0,1
2024111515024,2024,111515024,2,9,0,-1,19,1,5,-1,0,0,0,0,0,0,1,1,-1,6,1,38,7,1497,8,1,NISSAN X-TRAIL,5,E01020864,0,1
2024461491683,2024,461491683,1,9,0,-1,5,3,7,-1,0,4,0,0,0,0,0,1,-1,6,2,56,9,1598,2,8,NISSAN X-TRAIL,3,E01024570,0,4
2024052402880,2024,052402880,1,9,0,4,4,3,7,0,0,0,0,0,0,0,0,1,6,6,3,-1,-1,1598,2,6,NISSAN X-TRAIL,-1,-1,0,-1
2024361500916,2024,361500916,2,9,0,-1,2,0,0,-1,0,0,0,4,0,0,2,1,-1,6,-1,-1,-1,1598,2,8,NISSAN X-TRAIL,-1,-1,0,-1
2024361490594,2024,361490594,3,9,0,-1,19,2,5,-1,0,1,0,0,0,0,1,1,-1,9,1,49,8,1598,2,8,NISSAN X-TRAIL,2,E01035134,0,3
2024111426045,2024,111426045,1,9,0,-1,9,1,6,-1,0,0,0,0,0,0,1,1,-1,6,1,59,9,1618,1,6,NISSAN X-TRAIL,5,E01020863,0,3
2024501396119,2024,501396119,1,9,0,-1,19,1,5,-1,0,0,0,0,0,0,1,1,-1,6,2,65,9,1995,2,7,NISSAN X-TRAIL,6,E01029269,0,3
2024471469264,2024,471469264,2,9,0,-1,4,7,3,-1,0,0,0,0,0,0,2,1,-1,9,1,36,7,2184,2,18,NISSAN X-TRAIL,9,E01035352,0,4
2024440336816,2024,440336816,2,9,0,18,19,1,5,0,0,0,0,0,0,0,1,1,6,6,1,63,9,1497,8,0,NISSAN X-TRAIL,10,E01022878,0,4
2024131510176,2024,131510176,1,9,0,-1,19,8,4,-1,0,1,0,0,0,0,1,1,-1,9,1,36,7,1497,8,1,NISSAN X-TRAIL,1,E01011326,0,3
2024010526804,2024,010526804,1,9,0,99,99,9,9,99,99,0,9,99,9,99,1,9,6,6,3,-1,-1,1598,2,8,NISSAN X-TRAIL,-1,-1,0,-1
2024501495009,2024,501495009,2,9,0,-1,19,1,5,-1,0,0,0,0,0,0,1,1,-1,6,2,37,7,1995,2,17,NISSAN X-TRAIL,4,E01020234,0,1
2024522401994,2024,522401994,1,9,0,18,19,1,5,0,0,1,5,10,4,6,1,1,6,6,1,75,10,1598,2,5,NISSAN X-TRAIL,6,E01014984,0,1
2024421440129,2024,421440129,1,9,0,-1,19,5,1,-1,0,6,0,0,0,0,1,1,-1,6,1,43,7,1995,2,7,NISSAN X-TRAIL,4,E01015958,0,1
2024631457875,2024,631457875,3,9,0,-1,19,-1,-1,-1,0,0,0,0,0,0,3,1,-1,9,2,35,6,1598,2,7,NISSAN X-TRAIL,7,W01000716,0,3
2024332401134,2024,332401134,3,9,0,-1,19,5,1,-1,0,0,0,0,0,0,2,1,-1,9,1,38,7,1598,2,7,NISSAN X-TRAIL,6,E01013978,0,4
2024221428426,2024,221428426,1,9,0,-1,19,3,7,-1,0,0,5,0,8,4,3,1,-1,9,2,78,11,1995,2,17,NISSAN X-TRAIL,3,E01032432,0,1
2024041515966,2024,041515966,1,9,0,-1,19,7,3,-1,0,0,0,0,2,4,1,1,-1,6,1,78,11,1995,2,11,NISSAN X-TRAIL,3,E01025221,0,1
2024201529977,2024,201529977,2,9,0,-1,19,7,3,-1,0,0,0,0,0,0,4,1,-1,2,2,36,7,1598,2,7,NISSAN X-TRAIL,1,E01008927,0,2
2024471396956,2024,471396956,2,9,0,-1,4,2,5,-1,0,0,0,0,0,0,2,1,-1,2,1,54,8,1497,8,1,NISSAN X-TRAIL,7,E01031566,0,1
2024131485519,2024,131485519,2,9,0,-1,19,3,7,-1,0,0,0,0,0,0,2,1,-1,2,1,44,7,1598,2,10,NISSAN X-TRAIL,3,E01007345,0,3
2024501489249,2024,501489249,1,9,0,-1,19,7,3,-1,0,0,0,0,0,0,4,1,-1,6,1,70,10,1995,2,12,NISSAN X-TRAIL,9,E01020185,0,1
2024010542632,2024,010542632,1,9,0,18,19,7,3,0,0,0,0,0,0,0,1,1,6,6,1,82,11,1332,1,5,NISSAN X-TRAIL,9,E01021533,0,4
2024131413846,2024,131413846,3,9,0,-1,4,1,1,-1,0,0,0,0,0,0,2,1,-1,9,1,51,8,2967,2,10,MAKE AND MODEL REDACTED,7,E01013126,0,4
2024531458905,2024,531458905,2,9,0,-1,4,3,7,-1,0,0,0,0,0,0,2,1,-1,2,1,45,7,2967,2,10,MAKE AND MODEL REDACTED,5,E01014070,0,4
2024311520399,2024,311520399,2,9,0,-1,3,3,7,-1,0,0,0,0,0,0,2,1,-1,6,1,54,8,2967,2,10,MAKE AND MODEL REDACTED,10,E01028365,0,1
2024010512327,2024,010512327,2,9,0,18,19,3,7,0,0,0,0,0,0,0,2,1,6,6,1,57,9,2894,8,5,MAKE AND MODEL REDACTED,6,E01004361,0,2
2024552400827,2024,552400827,4,9,0,3,3,2,6,0,0,2,0,0,0,0,2,1,6,6,1,44,7,2967,2,9,MAKE AND MODEL REDACTED,9,E01015395,0,3
2024440164220,2024,440164220,2,9,0,5,5,1,5,0,0,8,0,0,0,0,1,1,6,6,1,72,10,2894,8,1,MAKE AND MODEL REDACTED,10,E01023073,0,1
2024010503347,2024,010503347,2,9,9,99,99,9,9,99,99,9,9,99,9,99,9,9,6,6,3,61,9,3996,1,1,MAKE AND MODEL REDACTED,8,E01002859,0,1
2024440354727,2024,440354727,2,9,0,2,2,0,0,0,0,0,0,0,0,0,1,1,6,6,3,-1,-1,3956,2,8,MAKE AND MODEL REDACTED,-1,-1,0,-1
2024111454157,2024,111454157,2,9,0,-1,19,5,1,-1,0,2,0,0,0,0,2,1,-1,6,1,61,9,2967,2,12,MAKE AND MODEL REDACTED,3,E01020799,0,3
2024451496749,2024,451496749,1,9,0,-1,19,1,5,-1,0,0,0,0,0,0,1,1,-1,9,1,80,11,2497,1,20,ROVER 75,10,E01030357,0,2
2024340NN0872,2024,340NN0872,1,9,0,-1,1,3,7,-1,0,8,0,0,7,11,2,1,-1,9,1,91,11,1997,1,23,ROVER 75,6,E01027079,0,1
2024421412513,2024,421412513,1,9,0,-1,9,6,4,-1,0,2,0,0,0,0,1,1,-1,9,1,60,9,1951,2,21,ROVER 75,2,E01035161,0,1
2024361531397,2024,361531397,1,9,0,-1,5,1,5,-1,9,1,0,0,3,1,4,1,-1,9,1,77,11,1951,2,20,ROVER 75,7,E01026545,0,1
2024141443761,2024,141443761,2,9,0,-1,19,5,1,-1,0,2,0,0,0,0,4,1,-1,2,1,54,8,1951,2,22,ROVER 75,2,E01007559,0,1
2024451453667,2024,451453667,1,9,0,-1,1,7,3,-1,0,1,0,0,0,0,2,1,-1,9,1,79,11,2497,1,22,ROVER 75,9,E01030360,0,1
2024430257391,2024,430257391,1,9,0,18,19,2,6,0,0,2,0,0,0,0,1,1,6,6,1,31,6,1991,1,25,ROVER 75,6,E01027269,0,4
2024522403410,2024,522403410,1,9,0,9,9,3,7,0,0,8,0,0,0,0,1,1,6,6,1,44,7,1951,2,21,ROVER 75,3,E01009950,0,5
2024471438403,2024,471438403,2,9,0,-1,19,3,7,-1,0,0,0,0,0,0,1,1,-1,6,1,79,11,1951,2,18,ROVER 75,6,E01021164,0,1
2024371495621,2024,371495621,1,9,0,-1,19,2,6,-1,0,8,0,0,0,0,3,1,-1,6,1,56,9,1951,2,20,ROVER 75,5,E01033448,0,3
2024201487207,2024,201487207,1,9,0,-1,19,1,5,-1,0,4,0,0,0,0,1,9,-1,9,1,89,11,1796,1,20,ROVER 75,2,E01009219,0,1
2024302401778,2024,302401778,1,9,0,-1,19,5,1,-1,0,0,0,0,1,11,1,1,-1,9,1,28,6,1796,1,20,ROVER 75,5,E01019639,0,2
2024141434492,2024,141434492,1,9,0,-1,19,2,6,-1,0,0,0,10,1,2,1,1,-1,9,1,83,11,2497,1,24,ROVER 75,3,E01007363,0,1
2024041484687,2024,041484687,1,9,0,-1,1,5,1,-1,0,0,0,4,0,0,2,9,-1,6,1,81,11,2497,1,20,ROVER 75,10,E01025434,0,1
2024622400551,2024,622400551,1,9,0,3,3,8,4,0,0,4,0,0,0,0,2,1,6,6,2,42,7,1951,2,20,ROVER 75,2,W01001371,0,1
2024010546137,2024,010546137,1,9,0,99,99,9,9,99,99,9,9,99,9,99,9,9,1,1,1,58,9,2157,2,7,MAKE AND MODEL REDACTED,3,E01002697,0,3
2024610047924,2024,610047924,1,9,0,18,19,1,5,0,0,2,0,10,1,10,1,1,6,6,2,30,6,2157,2,7,MAKE AND MODEL REDACTED,6,W01001367,0,1
2024201439583,2024,201439583,4,9,0,-1,2,0,0,-1,9,0,0,0,0,0,1,1,-1,6,-1,-1,-1,2157,2,7,MAKE AND MODEL REDACTED,-1,-1,0,-1
2024461410116,2024,461410116,2,9,0,-1,19,7,3,-1,0,0,-1,0,0,0,3,9,-1,2,2,46,8,2157,2,7,MAKE AND MODEL REDACTED,5,E01035270,0,4
2024010511476,2024,010511476,1,9,0,99,99,9,9,99,99,9,9,99,9,99,2,9,6,6,2,60,9,2157,2,8,MAKE AND MODEL REDACTED,2,E01000550,0,1
2024010543243,2024,010543243,2,9,0,99,99,9,9,99,99,5,9,99,9,99,9,9,6,6,3,-1,-1,2157,2,6,MAKE AND MODEL REDACTED,3,E01001246,0,1
2024401447569,2024,401447569,1,9,0,-1,19,5,1,-1,0,0,0,4,0,0,1,1,-1,6,2,30,6,2157,2,9,MAKE AND MODEL REDACTED,10,E01017606,0,1
2024010548933,2024,010548933,1,9,0,10,10,1,7,0,0,8,0,0,0,0,4,1,6,6,1,21,5,998,1,15,MAKE AND MODEL REDACTED,6,E01023162,0,5
2024991407216,2024,991407216,1,9,0,-1,19,5,1,-1,0,0,0,4,0,0,1,1,-1,9,1,79,11,998,1,16,MAKE AND MODEL REDACTED,9,-1,0,4
2024201485884,2024,201485884,2,3,0,-1,19,4,8,-1,0,8,0,0,0,0,1,1,-1,2,1,30,6,124,1,14,MAKE AND MODEL REDACTED,5,E01010354,0,1
2024361394897,2024,361394897,1,3,0,-1,5,3,7,-1,0,0,0,0,0,0,1,1,-1,6,1,26,6,124,1,20,SUZUKI GZ 125,4,E01026706,0,1
2024501502536,2024,501502536,3,3,0,-1,4,1,5,-1,0,0,5,0,0,0,1,1,-1,6,1,19,4,124,1,16,SUZUKI GZ 125,4,E01020217,0,1
2024421473428,2024,421473428,2,3,0,-1,19,7,3,-1,0,1,2,0,0,0,4,1,-1,6,2,51,8,124,1,20,SUZUKI GZ 125,9,E01021481,0,2
2024451475649,2024,451475649,2,3,0,-1,19,3,7,-1,0,2,1,0,0,0,3,1,-1,2,1,50,8,124,1,15,SUZUKI GZ 125,8,E01030844,0,1
2024471480546,2024,471480546,1,3,0,-1,13,2,6,-1,0,0,0,0,0,0,1,1,-1,9,1,65,9,124,1,20,SUZUKI GZ 125,4,E01024167,0,4
2024451450955,2024,451450955,1,3,0,-1,19,7,3,-1,0,8,0,0,0,0,2,1,-1,9,2,46,8,124,1,13,SUZUKI GZ 125,9,E01002976,0,3
2024421435948,2024,421435948,1,3,0,-1,11,5,1,-1,0,0,1,0,0,0,1,1,-1,9,1,64,9,124,1,20,SUZUKI GZ 125,1,E01015886,0,4
2024201464879,2024,201464879,2,3,0,-1,4,3,5,-1,0,0,1,0,0,0,1,1,-1,6,1,18,4,124,1,25,SUZUKI GZ 125,-1,-1,0,-1
2024371403760,2024,371403760,2,3,-1,-1,-1,-1,-1,-1,-1,-1,-1,-1,-1,0,-1,1,-1,9,1,17,4,124,1,16,SUZUKI GZ 125,9,E01030045,0,2
2024161422163,2024,161422163,2,3,0,-1,19,7,3,-1,0,1,0,0,0,0,1,1,-1,9,1,24,5,124,1,14,SUZUKI GZ 125,2,E01012869,0,3
2024351547575,2024,351547575,1,3,0,-1,19,1,5,-1,0,8,5,0,0,0,1,1,-1,6,1,50,8,124,1,14,SUZUKI GZ 125,5,E01018079,0,1
2024421447812,2024,421447812,2,5,0,-1,19,7,2,-1,0,0,0,0,0,0,3,1,-1,6,1,60,9,1200,1,0,TRIUMPH SPEED,-1,-1,0,-1
2024622400548,2024,622400548,1,5,0,18,19,8,4,0,0,1,0,10,7,0,1,1,6,6,1,60,9,1200,1,2,TRIUMPH SPEED,3,W01000999,0,3
2024070834514,2024,070834514,1,5,0,-1,19,3,7,-1,0,0,0,0,1,11,1,1,-1,9,1,72,10,500,1,75,TRIUMPH SPEED,7,E01006087,0,4
2024070652156,2024,070652156,1,5,0,7,7,1,5,0,0,1,0,0,0,0,1,1,6,6,1,60,9,1200,1,2,TRIUMPH SPEED,3,E01028223,0,4
2024340WN4242,2024,340WN4242,2,5,0,-1,19,8,4,-1,0,2,0,10,0,0,1,1,-1,9,1,60,9,1200,1,3,TRIUMPH SPEED,5,E01024787,0,5
2024430246859,2024,430246859,2,5,0,18,19,4,8,0,0,8,0,10,2,10,0,1,6,6,1,57,9,1200,1,3,TRIUMPH SPEED,7,E01035737,0,1
2024122400928,2024,122400928,1,5,0,18,19,6,2,0,0,0,0,12,1,0,1,1,6,6,1,69,10,1200,1,3,TRIUMPH SPEED,6,E01027703,0,4
2024010501712,2024,010501712,2,3,9,99,99,9,9,99,99,9,9,99,9,99,9,1,6,6,3,-1,-1,900,1,2,TRIUMPH SPEED,-1,-1,0,-1
2024211456400,2024,211456400,1,5,0,-1,7,7,3,-1,0,3,1,0,0,0,3,1,-1,9,1,58,9,1200,1,2,TRIUMPH SPEED,4,E01018733,0,4
2024991493183,2024,991493183,1,5,0,-1,13,2,6,-1,0,1,5,0,0,0,3,1,-1,9,2,58,9,1200,1,4,TRIUMPH SPEED,5,-1,0,4
2024471491421,2024,471491421,1,5,0,-1,19,7,3,-1,0,1,0,0,0,0,1,1,-1,9,1,60,9,1200,1,0,TRIUMPH SPEED,9,E01031356,0,1
2024031419517,2024,031419517,1,5,0,-1,19,8,4,-1,0,0,1,0,0,0,0,1,-1,6,1,63,9,900,1,0,TRIUMPH SPEED,6,E01019315,0,3
2024552401469,2024,552401469,1,9,0,18,19,6,2,0,0,0,0,0,1,10,1,1,6,6,1,20,4,1296,1,48,MAKE AND MODEL REDACTED,9,E01020419,0,2
2024010535181,2024,010535181,1,5,0,99,99,9,9,99,99,0,9,99,9,99,2,1,6,6,1,34,6,1215,1,11,MAKE AND MODEL REDACTED,4,E01016143,0,4
2024351443605,2024,351443605,1,5,0,-1,19,6,2,-1,0,0,2,0,7,0,2,1,-1,2,1,42,7,1215,1,11,MAKE AND MODEL REDACTED,7,E01029955,0,2
2024371476373,2024,371476373,6,5,0,-1,19,1,5,-1,0,1,0,0,0,0,1,1,-1,1,1,49,8,1215,1,8,MAKE AND MODEL REDACTED,4,E01029940,0,1
2024311478169,2024,311478169,1,9,0,-1,9,5,3,-1,0,6,0,0,0,0,1,1,-1,6,1,46,8,1956,2,12,MAKE AND MODEL REDACTED,-1,-1,0,-1
2024461528020,2024,461528020,1,23,0,-1,7,1,3,-1,0,6,1,0,0,0,0,1,-1,6,1,26,6,-1,3,0,MAKE AND MODEL REDACTED,3,E01024501,0,1
2024161506843,2024,161506843,1,3,0,-1,9,6,4,-1,0,2,0,0,0,0,3,1,-1,2,1,18,4,125,1,6,MAKE AND MODEL REDACTED,2,E01013315,0,1
2024320379953,2024,320379953,3,5,0,18,19,6,2,0,0,0,0,0,0,0,2,1,6,6,1,42,7,659,1,1,APRILIA TUONO,9,E01018431,0,5
2024221456397,2024,221456397,1,5,0,-1,19,8,4,-1,0,0,0,0,0,0,1,1,-1,9,1,55,8,999,1,13,APRILIA TUONO,8,E01009728,0,3
2024201467517,2024,201467517,2,5,0,-1,7,4,8,-1,0,0,5,0,0,0,3,1,-1,9,1,53,8,1077,1,8,APRILIA TUONO,5,E01009246,0,2
2024010531761,2024,010531761,2,4,0,15,15,2,6,0,0,8,0,0,0,0,1,1,6,6,1,31,6,659,1,3,APRILIA TUONO,4,E01003129,0,1
2024440037933,2024,440037933,1,3,0,18,19,7,3,0,0,1,0,0,0,0,4,1,6,6,1,18,4,124,1,1,APRILIA TUONO,4,E01022657,0,2
2024231403245,2024,231403245,2,3,0,-1,19,8,4,-1,0,8,0,0,0,0,0,1,-1,6,1,54,8,124,1,1,APRILIA TUONO,9,E01031289,0,1
2024522401243,2024,522401243,1,3,0,14,14,1,5,0,0,8,0,0,0,0,1,1,6,6,1,22,5,124,1,2,APRILIA TUONO,6,E01014986,0,1
2024211431991,2024,211431991,1,5,0,-1,13,3,7,-1,0,1,0,0,0,0,1,1,-1,6,1,26,6,1077,1,1,APRILIA TUONO,2,E01029426,0,1
2024501505851,2024,501505851,2,5,0,-1,13,5,1,-1,0,1,1,0,0,0,3,1,-1,9,1,54,8,1077,1,1,APRILIA TUONO,8,E01015111,0,4
2024141521389,2024,141521389,2,3,0,-1,13,7,3,-1,0,0,0,0,0,0,0,1,-1,6,1,20,4,124,1,6,APRILIA TUONO,2,E01007595,0,2
2024211407337,2024,211407337,2,2,0,-1,19,6,2,-1,0,1,0,0,0,0,1,1,-1,1,1,23,5,124,1,7,APRILIA TUONO,1,E01029358,0,1
2024421478861,2024,421478861,1,5,0,-1,19,7,3,-1,0,1,0,0,0,0,1,1,-1,9,2,27,6,1077,1,2,APRILIA TUONO,6,E01030186,0,4
2024401469233,2024,401469233,2,5,0,-1,4,5,1,-1,0,0,0,0,0,0,2,1,-1,9,1,55,8,998,1,18,APRILIA TUONO,8,E01023636,0,3
2024231517672,2024,231517672,2,5,0,-1,19,6,2,-1,0,8,0,0,0,0,2,1,-1,2,1,63,9,999,1,12,APRILIA TUONO,6,E01035022,0,1
2024302400137,2024,302400137,2,5,0,14,14,4,8,0,0,1,0,0,0,0,1,1,6,6,1,46,8,1077,1,6,APRILIA TUONO,6,E01018654,0,4
2024010530722,2024,010530722,2,3,0,15,15,7,3,0,0,0,0,0,0,0,1,1,6,6,1,23,5,124,1,1,APRILIA TUONO,3,E01000331,0,1
2024371479081,2024,371479081,1,3,0,-1,19,7,3,-1,0,0,0,0,0,0,1,1,-1,9,1,17,4,124,1,5,APRILIA TUONO,8,E01030042,0,2
2024471476461,2024,471476461,1,3,0,-1,13,6,2,-1,0,0,0,0,0,0,4,1,-1,6,1,67,10,1077,1,2,APRILIA TUONO,9,E01031517,0,3
2024111450952,2024,111450952,2,5,0,-1,19,7,3,-1,0,0,0,0,0,0,1,1,-1,9,1,32,6,999,1,10,APRILIA TUONO,4,E01020620,0,2
2024610051924,2024,610051924,2,4,0,18,19,5,1,0,0,1,0,0,0,0,1,1,2,2,1,-1,-1,659,1,2,APRILIA TUONO,4,W01001487,0,2
2024622400320,2024,622400320,1,3,0,15,15,2,6,0,0,2,0,0,0,0,1,1,2,2,1,25,5,124,1,7,APRILIA TUONO,3,W01001093,0,1
2024991457332,2024,991457332,1,5,0,-1,7,4,7,-1,0,6,1,0,0,0,3,1,-1,9,1,55,8,1077,1,7,APRILIA TUONO,4,-1,0,4
2024451479616,2024,451479616,1,5,0,-1,19,4,8,-1,0,1,5,0,0,0,3,1,-1,9,1,31,6,998,1,21,APRILIA TUONO,8,E01030521,0,1