collision_index,collision_year,collision_ref_no,vehicle_reference,vehicle_type,towing_and_articulation,vehicle_manoeuvre_historic,vehicle_manoeuvre,vehicle_direction_from,vehicle_direction_to,vehicle_location_restricted_lane_historic,vehicle_location_restricted_lane,junction_location,skidding_and_overturning,hit_object_in_carriageway,vehicle_leaving_carriageway,hit_object_off_carriageway,first_point_of_impact,vehicle_left_hand_drive,journey_purpose_of_driver_historic,journey_purpose_of_driver,sex_of_driver,age_of_driver,age_band_of_driver,engine_capacity_cc,propulsion_code,age_of_vehicle,generic_make_model,driver_imd_decile,lsoa_of_driver,escooter_flag,driver_distance_banding
2024421430284,2024,421430284,1,5,0,-1,19,-1,-1,-1,0,0,1,0,0,0,3,1,-1,6,1,-1,-1,1077,1,7,APRILIA TUONO,-1,-1,0,-1
2024522401507,2024,522401507,2,4,0,12,12,2,6,0,0,0,0,0,0,0,4,1,6,6,1,29,6,659,1,1,APRILIA TUONO,1,E01014639,0,1
2024010534819,2024,010534819,1,5,0,13,13,3,7,0,0,8,2,0,0,0,1,1,6,6,1,25,5,659,1,3,APRILIA TUONO,6,E01002206,0,1
2024991473496,2024,991473496,1,5,0,-1,19,2,6,-1,0,0,1,0,1,0,1,1,-1,6,1,34,6,1077,1,3,APRILIA TUONO,3,-1,0,4
2024141399227,2024,141399227,1,3,0,-1,19,7,3,-1,0,0,0,0,1,0,1,1,-1,6,1,20,4,124,1,1,APRILIA TUONO,1,E01013296,0,3
2024221492992,2024,221492992,1,5,0,-1,19,4,7,-1,0,0,1,10,7,0,4,1,-1,6,1,46,8,999,1,13,APRILIA TUONO,9,W01002000,0,4
2024501492896,2024,501492896,1,5,0,-1,19,6,2,-1,0,0,0,0,0,0,1,1,-1,6,1,40,7,998,1,16,APRILIA TUONO,3,E01020018,0,1
2024320663316,2024,320663316,1,3,0,-1,-1,4,8,0,0,8,0,0,0,0,1,1,6,6,1,37,7,124,1,3,APRILIA TUONO,6,E01034688,0,1
2024101491425,2024,101491425,2,3,0,-1,19,4,8,-1,0,1,0,0,0,0,1,1,-1,9,1,58,9,124,1,2,APRILIA TUONO,6,E01008381,0,1
2024070545461,2024,070545461,2,5,0,18,19,7,3,0,0,8,2,0,0,0,1,1,6,6,1,55,8,998,1,17,APRILIA TUONO,7,E01018374,0,2
2024221435531,2024,221435531,1,5,0,-1,7,4,6,-1,0,3,0,10,0,0,1,1,-1,6,1,57,9,659,1,0,APRILIA TUONO,8,E01032209,0,2
2024520403057,2024,520403057,1,5,0,18,19,1,5,0,0,0,0,0,4,6,1,1,6,6,1,21,5,998,1,18,APRILIA TUONO,10,W01001072,0,4
2024070656413,2024,070656413,1,5,0,18,19,2,7,9,9,8,1,0,1,0,0,1,6,6,1,42,7,998,1,17,APRILIA TUONO,2,E01006910,0,4
2024361479914,2024,361479914,1,5,0,-1,15,3,7,-1,0,0,1,4,7,0,1,1,-1,9,1,43,7,999,1,11,APRILIA TUONO,4,E01026888,0,1
2024401419682,2024,401419682,3,9,0,-1,19,6,1,-1,0,0,0,0,0,0,1,2,-1,6,1,23,5,1275,1,40,MAKE AND MODEL REDACTED,-1,-1,0,-1
2024430396927,2024,430396927,2,5,0,18,19,8,4,0,0,8,0,0,0,0,1,1,6,6,1,44,7,999,1,10,MAKE AND MODEL REDACTED,9,E01028641,0,1
2024461412720,2024,461412720,2,9,0,-1,3,3,7,-1,0,0,0,0,0,0,2,9,-1,6,2,48,8,1242,1,19,FIAT PANDA,6,E01024212,0,1
2024320106704,2024,320106704,1,9,0,-1,-1,8,4,0,0,0,0,0,0,0,1,1,6,6,1,79,11,1242,1,12,FIAT PANDA,1,E01026083,0,3
2024471523468,2024,471523468,1,9,0,-1,6,7,7,-1,0,0,0,0,0,0,1,1,-1,9,1,81,11,1242,1,6,FIAT PANDA,10,E01031774,0,4
2024522402883,2024,522402883,1,9,0,9,9,8,6,0,0,6,0,0,0,0,1,1,6,6,1,76,11,1242,1,12,FIAT PANDA,1,E01032518,0,1
2024401403734,2024,401403734,1,9,0,-1,19,7,3,-1,0,0,0,0,0,0,1,1,-1,6,2,20,4,1242,1,7,FIAT PANDA,10,E01017528,0,2
2024161413127,2024,161413127,1,9,0,-1,19,5,1,-1,0,0,1,0,7,1,4,1,-1,2,2,43,7,1242,1,11,FIAT PANDA,6,E01026380,0,4
2024052400647,2024,052400647,2,9,0,18,19,6,2,0,0,0,0,0,0,0,1,1,6,6,1,82,11,1242,1,10,FIAT PANDA,1,E01006909,0,1
2024501510504,2024,501510504,2,9,0,-1,4,6,2,-1,0,0,1,0,1,9,1,1,-1,9,2,51,8,1242,1,18,FIAT PANDA,4,E01018969,0,2
2024010534408,2024,010534408,1,9,0,4,4,7,3,0,0,1,0,0,0,0,0,1,2,2,2,68,10,1242,1,7,FIAT PANDA,6,E01003311,0,1
2024041400800,2024,041400800,1,9,0,-1,19,3,3,-1,0,2,0,0,0,0,1,1,-1,9,2,44,7,1242,1,17,FIAT PANDA,5,E01025179,0,1
2024430367426,2024,430367426,1,9,0,4,4,7,3,0,0,0,0,0,0,0,2,1,6,6,1,53,8,1242,1,14,FIAT PANDA,-1,-1,0,-1
2024440366421,2024,440366421,1,9,0,4,4,5,1,0,0,1,0,0,0,0,4,1,6,6,1,43,7,1248,2,10,FIAT PANDA,3,E01034066,0,1
2024501485290,2024,501485290,2,9,0,-1,19,7,3,-1,0,2,0,0,1,0,1,1,-1,6,1,37,7,1242,1,13,FIAT PANDA,10,E01015131,0,1
2024010497441,2024,010497441,2,9,0,18,19,5,1,0,0,1,0,0,0,0,3,1,6,6,1,66,10,1108,1,20,FIAT PANDA,6,E01003163,0,1
2024991506154,2024,991506154,1,9,0,-1,9,3,7,-1,0,2,0,0,0,0,3,1,-1,9,2,80,11,1248,2,11,FIAT PANDA,-1,-1,0,-1
2024501470025,2024,501470025,1,9,0,-1,19,2,6,-1,0,8,0,0,0,0,3,1,-1,9,1,22,5,1108,1,19,FIAT PANDA,4,E01020189,0,4
2024070871060,2024,070871060,1,9,0,-1,14,2,6,-1,0,0,5,4,7,0,1,1,-1,9,2,91,11,1108,1,14,FIAT PANDA,5,E01018367,0,1
2024231418684,2024,231418684,1,9,0,-1,19,4,8,-1,0,0,0,0,0,0,1,1,-1,1,2,25,5,1242,1,13,FIAT PANDA,1,E01010126,0,3
2024531511900,2024,531511900,1,9,0,-1,19,5,7,-1,0,0,0,0,7,4,1,1,-1,9,1,52,8,1242,1,14,FIAT PANDA,8,E01022166,0,3
2024101412679,2024,101412679,1,9,0,-1,19,4,1,-1,0,0,0,4,0,0,1,1,-1,9,2,67,10,1242,1,11,FIAT PANDA,4,E01008255,0,1
2024622400557,2024,622400557,1,9,0,18,19,4,8,0,0,0,1,0,1,7,3,1,6,6,2,28,6,1242,1,12,FIAT PANDA,1,W01001762,0,3
2024122400288,2024,122400288,1,9,0,18,19,3,7,0,0,0,5,0,1,9,0,1,2,2,1,28,6,1242,1,13,FIAT PANDA,1,E01011665,0,3
2024991517706,2024,991517706,1,9,0,-1,7,4,6,-1,0,6,0,0,0,0,1,1,-1,6,1,79,11,1242,1,14,FIAT PANDA,6,-1,0,1
2024052402070,2024,052402070,1,9,0,9,9,6,2,0,0,1,0,0,0,0,1,1,6,6,2,85,11,1242,1,6,FIAT PANDA,9,E01018536,0,1
2024031470293,2024,031470293,1,9,0,-1,19,0,0,-1,0,0,2,10,0,0,3,1,-1,2,1,49,8,1108,1,16,FIAT PANDA,-1,-1,0,-1
2024421420499,2024,421420499,1,9,0,-1,19,1,5,-1,0,0,0,0,0,0,1,9,-1,6,1,78,11,1242,1,9,FIAT PANDA,-1,-1,0,-1
2024340WN9132,2024,340WN9132,1,9,0,-1,19,5,1,-1,0,0,5,0,1,1,1,1,-1,9,2,77,11,1242,1,18,FIAT PANDA,8,E01027279,0,2
2024440543417,2024,440543417,1,9,0,3,3,1,5,0,0,1,0,0,0,0,2,1,6,6,2,31,6,1242,1,17,FIAT PANDA,5,E01017084,0,1
2024430357961,2024,430357961,1,9,0,2,2,6,2,0,0,0,0,4,0,0,2,1,6,6,2,87,11,1242,1,11,FIAT PANDA,9,E01035742,0,1
2024991485137,2024,991485137,2,9,0,-1,8,4,8,-1,0,1,0,0,0,0,2,1,-1,9,2,62,9,1108,1,16,FIAT PANDA,2,-1,0,1
2024201481028,2024,201481028,2,9,0,-1,19,4,8,-1,0,0,0,0,0,0,2,1,-1,6,2,54,8,1108,1,17,FIAT PANDA,5,E01031009,0,3
2024430448563,2024,430448563,1,9,0,7,7,3,5,0,0,5,0,0,0,0,4,1,2,2,2,32,6,1242,1,19,FIAT PANDA,3,E01030744,0,2
2024031483432,2024,031483432,1,9,0,-1,9,7,5,-1,0,1,0,0,0,0,1,1,-1,9,2,91,11,1242,1,11,FIAT PANDA,8,E01019092,0,1
2024302400314,2024,302400314,1,9,0,18,19,2,6,0,0,0,0,0,0,0,1,1,6,6,3,-1,-1,1108,1,15,FIAT PANDA,5,E01019456,0,3
2024340WN5452,2024,340WN5452,2,9,0,-1,19,1,5,-1,0,8,5,7,0,0,4,1,-1,9,2,50,8,1242,1,6,FIAT PANDA,9,E01027018,0,3
2024201422181,2024,201422181,2,9,0,-1,19,2,6,-1,0,2,0,4,0,0,1,2,-1,9,3,-1,-1,1242,1,8,FIAT PANDA,-1,-1,0,-1
2024440251652,2024,440251652,2,9,0,18,19,7,3,0,0,0,0,0,0,0,4,1,6,6,1,25,5,1108,1,19,FIAT PANDA,4,E01017088,0,2
2024622500030,2024,622500030,2,9,0,4,4,2,6,0,0,0,0,0,0,0,2,1,6,6,2,26,6,1242,1,7,FIAT PANDA,2,W01000741,0,1
2024501405374,2024,501405374,1,9,0,-1,19,5,1,-1,0,0,1,0,2,10,1,1,-1,6,2,72,10,1242,1,9,FIAT PANDA,4,E01020309,0,1
2024161489234,2024,161489234,1,9,0,-1,19,3,8,-1,0,1,0,0,0,0,1,1,-1,2,2,39,7,1242,1,10,FIAT PANDA,4,E01012964,0,1
2024340NN3812,2024,340NN3812,1,9,0,-1,13,8,4,-1,0,1,0,0,0,0,4,1,-1,6,2,-1,-1,1242,1,5,FIAT PANDA,-1,-1,0,-1
2024201499797,2024,201499797,1,9,0,-1,3,2,2,-1,0,2,0,0,0,0,2,1,-1,6,3,32,6,1242,1,18,FIAT PANDA,2,E01009395,0,1
2024440346768,2024,440346768,2,9,0,18,19,7,3,0,0,0,0,0,0,0,1,1,6,6,2,75,10,875,1,3,FIAT PANDA,8,E01022493,0,1
2024122400316,2024,122400316,1,9,0,18,19,1,5,0,0,1,0,0,0,0,1,1,6,6,2,82,11,1108,1,15,FIAT PANDA,8,E01027695,0,2
2024221423990,2024,221423990,2,9,0,-1,3,7,3,-1,0,1,0,0,0,0,2,1,-1,9,2,28,6,1242,1,8,FIAT PANDA,7,E01014082,0,2
2024461488836,2024,461488836,2,9,0,-1,19,1,5,-1,0,0,0,0,1,0,1,1,-1,9,1,55,8,1242,1,14,FIAT PANDA,7,E01024380,0,1
2024631496882,2024,631496882,2,9,0,-1,5,1,5,-1,0,6,5,0,1,0,4,1,-1,9,1,35,6,1242,1,20,FIAT PANDA,4,E01029152,0,5
2024131416329,2024,131416329,3,9,0,-1,2,0,0,-1,0,1,0,0,0,0,3,1,-1,6,-1,-1,-1,1242,1,8,FIAT PANDA,-1,-1,0,-1
2024010522502,2024,010522502,1,9,0,5,5,5,1,0,0,5,0,0,2,10,1,1,6,6,2,45,7,1242,1,9,FIAT PANDA,8,E01002291,0,1
2024440325810,2024,440325810,2,9,0,9,9,1,7,0,0,8,0,0,0,0,4,1,6,6,1,22,5,875,1,6,FIAT PANDA,-1,-1,0,-1
2024061432930,2024,061432930,2,9,-1,-1,-1,-1,-1,-1,-1,-1,-1,-1,-1,0,-1,9,-1,6,3,71,10,1248,2,17,FIAT PANDA,2,E01004872,0,1
2024052401196,2024,052401196,2,9,0,18,19,3,7,0,0,8,5,0,0,0,3,1,6,6,2,35,6,1242,1,9,FIAT PANDA,1,E01006707,0,1
2024052401961,2024,052401961,2,9,0,4,4,4,8,0,0,1,0,0,0,0,2,1,6,6,2,19,4,1108,1,15,FIAT PANDA,6,W01000147,0,4
2024451480459,2024,451480459,1,9,0,-1,4,1,3,-1,0,0,0,0,0,0,1,1,-1,6,1,34,6,1108,1,16,FIAT PANDA,3,E01001116,0,4
2024311521244,2024,311521244,1,9,0,-1,2,0,0,-1,-1,0,0,0,1,0,2,2,-1,6,-1,-1,-1,1108,1,18,FIAT PANDA,-1,-1,0,-1
2024461450296,2024,461450296,1,9,0,-1,19,5,1,-1,0,2,0,0,0,0,4,1,-1,9,1,87,11,1242,1,9,FIAT PANDA,3,E01024219,0,1
2024471510576,2024,471510576,3,9,0,-1,3,8,4,-1,0,1,0,0,0,0,2,1,-1,2,1,76,11,875,1,12,FIAT PANDA,2,E01021137,0,1
2024161430800,2024,161430800,1,9,0,-1,4,3,7,-1,0,1,0,0,0,0,1,9,-1,6,1,61,9,1242,1,13,FIAT PANDA,10,E01013111,0,1
2024552400290,2024,552400290,2,9,0,4,4,6,2,0,0,0,0,0,0,0,3,1,6,6,2,72,10,1108,1,15,FIAT PANDA,6,E01015291,0,1
2024131416115,2024,131416115,1,9,0,-1,19,1,5,-1,0,0,2,0,0,0,1,1,-1,2,2,24,5,1242,1,17,FIAT PANDA,5,E01033008,0,4
2024371484507,2024,371484507,2,9,0,-1,19,2,6,-1,0,1,0,0,0,0,1,1,-1,6,1,80,11,1242,1,9,FIAT PANDA,10,E01030078,0,2
2024041422154,2024,041422154,2,9,0,-1,19,4,8,-1,0,0,0,0,1,0,1,1,-1,6,2,77,11,1248,2,10,FIAT PANDA,6,E01027559,0,2
2024622400733,2024,622400733,1,9,0,9,9,4,2,0,0,5,0,0,0,0,3,1,6,6,1,63,9,1242,1,9,FIAT PANDA,4,W01001710,0,1
2024440438826,2024,440438826,1,9,0,7,7,8,7,0,0,6,0,0,0,0,4,1,6,6,2,39,7,1242,1,9,FIAT PANDA,8,E01022651,0,1
2024531409514,2024,531409514,2,9,0,-1,9,1,5,-1,0,3,0,0,0,0,4,1,-1,2,2,26,6,1108,1,15,FIAT PANDA,9,E01022362,0,1
2024010504189,2024,010504189,2,9,0,99,99,9,9,99,99,9,9,99,9,99,9,9,6,6,3,-1,-1,1242,1,15,FIAT PANDA,-1,-1,0,-1
2024221430210,2024,221430210,1,9,0,-1,19,5,1,-1,0,0,1,0,5,6,1,1,-1,6,1,38,7,1242,1,18,FIAT PANDA,6,E01005275,0,5
2024010519524,2024,010519524,1,9,0,9,9,8,6,0,0,8,0,0,0,0,4,1,1,1,2,32,6,1108,1,18,FIAT PANDA,8,E01002993,0,1
2024302400412,2024,302400412,1,9,0,16,19,8,3,0,0,0,0,0,0,0,1,1,6,6,1,-1,-1,1242,1,18,FIAT PANDA,4,E01019491,0,1
2024161474465,2024,161474465,1,9,0,-1,19,5,8,-1,0,4,0,0,0,0,3,1,-1,6,2,85,11,1242,1,12,FIAT PANDA,5,E01012941,0,1
2024501406599,2024,501406599,1,9,0,-1,19,2,6,-1,0,0,0,0,0,0,1,1,-1,6,1,19,4,1108,1,15,FIAT PANDA,3,E01019075,0,2
2024440331901,2024,440331901,1,9,0,10,10,2,6,0,0,1,0,0,0,0,2,1,6,6,2,21,5,1242,1,12,FIAT PANDA,8,E01023245,0,1
2024052400909,2024,052400909,1,9,0,5,5,7,3,0,0,0,0,0,0,0,3,1,6,6,1,74,10,1248,2,18,FIAT PANDA,3,E01007240,0,1
2024061413466,2024,061413466,2,9,0,-1,19,1,5,-1,0,8,0,0,0,0,4,1,-1,6,2,75,10,1242,1,11,FIAT PANDA,2,E01005887,0,1
2024122401187,2024,122401187,1,9,0,18,19,7,1,0,0,1,0,0,0,0,1,1,6,6,2,22,5,1242,1,20,FIAT PANDA,3,E01027906,0,2
2024991500224,2024,991500224,1,9,0,-1,3,3,8,-1,0,1,0,0,0,0,1,1,-1,9,1,72,10,1242,1,10,FIAT PANDA,2,-1,0,3
2024531419770,2024,531419770,2,9,0,-1,19,2,6,-1,0,0,0,0,0,0,1,1,-1,6,1,23,5,1242,1,19,FIAT PANDA,5,E01022428,0,3
2024221427471,2024,221427471,2,9,0,-1,19,1,5,-1,0,0,0,0,7,10,1,9,-1,6,1,22,5,1242,1,13,FIAT PANDA,5,E01014052,0,4
2024101432936,2024,101432936,1,9,0,-1,5,5,1,-1,0,1,0,0,0,0,1,1,-1,9,2,47,8,1242,1,6,FIAT PANDA,9,E01020717,0,3
2024031396552,2024,031396552,2,9,0,-1,9,3,1,-1,0,1,0,0,0,0,1,1,-1,6,1,18,4,1108,1,14,FIAT PANDA,4,E01019389,0,3
2024161522677,2024,161522677,1,9,0,-1,19,1,5,-1,0,0,2,0,1,9,1,1,-1,6,1,60,9,1242,1,11,FIAT PANDA,10,E01013067,0,1
2024461465412,2024,461465412,2,9,0,-1,19,7,3,-1,9,1,0,0,0,0,1,1,-1,9,1,42,7,1242,1,15,FIAT PANDA,7,E01024317,0,2
2024991398282,2024,991398282,1,9,0,-1,19,5,1,-1,0,0,0,0,0,0,2,1,-1,6,1,73,10,1242,1,12,FIAT PANDA,7,-1,0,3
2024031434808,2024,031434808,1,9,0,-1,5,3,1,-1,0,6,0,0,0,0,1,1,-1,6,1,56,9,875,1,11,FIAT PANDA,6,E01019237,0,2
2024010531552,2024,010531552,2,9,9,99,99,9,9,99,99,9,9,99,9,99,9,9,6,6,3,-1,-1,1242,1,17,FIAT PANDA,-1,-1,0,-1
2024311499606,2024,311499606,1,9,0,-1,1,2,6,-1,0,6,0,0,0,0,2,9,-1,6,1,-1,-1,1108,1,16,FIAT PANDA,-1,-1,0,-1
2024141525642,2024,141525642,4,9,0,-1,19,7,3,-1,0,0,0,0,0,0,1,1,-1,9,1,53,8,1108,1,14,FIAT PANDA,2,E01007895,0,1
2024471536262,2024,471536262,2,9,0,-1,19,4,1,-1,0,3,0,0,0,0,1,1,-1,9,2,65,9,1242,1,13,FIAT PANDA,6,E01024807,0,3
2024451508235,2024,451508235,2,9,0,-1,9,5,1,-1,0,1,0,0,0,0,2,1,-1,6,1,24,5,1242,1,14,FIAT PANDA,-1,-1,0,-1
2024520402765,2024,520402765,1,9,0,16,19,5,1,0,0,0,5,0,3,9,1,1,6,6,1,64,9,1242,1,17,FIAT PANDA,4,E01032633,0,1
2024471479151,2024,471479151,2,9,0,-1,3,3,7,-1,0,1,0,0,0,0,2,1,-1,6,1,75,10,1242,1,8,FIAT PANDA,3,E01031409,0,1
2024471532246,2024,471532246,1,9,0,-1,19,2,6,-1,0,0,1,0,1,0,3,1,-1,9,2,19,4,875,1,9,FIAT PANDA,7,E01024350,0,4
2024131413397,2024,131413397,1,9,0,-1,19,1,5,-1,0,3,0,0,0,0,4,1,-1,9,1,33,6,1242,1,11,FIAT PANDA,-1,-1,0,-1
2024351435633,2024,351435633,1,9,0,-1,19,3,7,-1,0,1,0,0,0,0,1,1,-1,2,1,18,4,1242,1,13,FIAT PANDA,6,E01018076,0,1
2024421483520,2024,421483520,1,9,0,-1,8,5,7,-1,0,1,0,0,0,0,3,1,-1,9,2,21,5,1242,1,18,FIAT PANDA,4,E01015936,0,1
2024041458068,2024,041458068,3,9,0,-1,5,7,2,-1,0,1,0,0,0,0,2,1,-1,9,1,44,7,1242,1,19,FIAT PANDA,4,E01025170,0,1
2024440370880,2024,440370880,1,9,0,18,19,2,6,0,0,4,0,0,0,0,1,1,6,6,2,87,11,1242,1,8,FIAT PANDA,7,E01023221,0,1
2024302401296,2024,302401296,2,9,0,9,9,5,1,0,0,1,0,0,0,0,4,1,6,6,2,67,10,1242,1,12,FIAT PANDA,10,E01028385,0,4
2024161398601,2024,161398601,2,9,0,-1,19,6,2,-1,0,0,1,0,0,0,4,1,-1,9,1,64,9,1242,1,6,FIAT PANDA,10,E01013043,0,1
2024631417882,2024,631417882,1,9,0,-1,19,2,6,-1,0,0,0,0,8,11,1,1,-1,2,2,52,8,1108,1,16,FIAT PANDA,4,W01000542,0,4
2024221475970,2024,221475970,2,9,0,-1,19,8,4,-1,0,8,0,0,0,0,1,1,-1,1,1,58,9,1242,1,10,FIAT PANDA,10,E01032155,0,1
2024361441041,2024,361441041,2,9,0,-1,3,-1,-1,-1,0,4,0,0,0,0,2,1,-1,9,1,22,5,1242,1,14,FIAT PANDA,1,E01021990,0,4
2024010527435,2024,010527435,2,9,0,4,4,5,1,0,0,0,0,0,0,0,2,1,6,6,2,38,7,1242,1,16,FIAT PANDA,-1,-1,0,-1
2024421410825,2024,421410825,2,9,0,-1,19,1,5,-1,0,2,0,0,0,0,3,1,-1,6,2,91,11,1242,1,5,FIAT PANDA,2,E01022039,0,1
2024471452868,2024,471452868,2,9,0,-1,4,2,6,-1,0,0,0,0,0,0,2,1,-1,9,1,54,8,1108,1,15,FIAT PANDA,6,E01002955,0,4
2024361438396,2024,361438396,2,9,0,-1,19,3,7,-1,0,0,0,0,0,0,3,1,-1,6,2,40,7,999,1,3,FIAT PANDA,4,E01015613,0,5
2024991483156,2024,991483156,1,9,0,-1,14,8,3,-1,0,0,0,4,0,0,1,1,-1,9,1,88,11,1242,1,15,FIAT PANDA,6,-1,0,3
2024461528160,2024,461528160,2,9,0,-1,5,4,8,-1,0,4,0,0,0,0,3,1,-1,9,2,60,9,1242,1,13,FIAT PANDA,5,E01024171,0,2
2024411547719,2024,411547719,1,9,0,-1,19,7,3,-1,0,8,0,0,0,0,1,1,-1,6,1,22,5,1368,1,17,FIAT PANDA,10,E01023730,0,1
2024461489586,2024,461489586,2,9,0,-1,9,7,3,-1,0,0,0,0,0,0,3,1,-1,9,1,72,10,1108,1,15,FIAT PANDA,3,E01016154,0,1
2024430076556,2024,430076556,2,9,0,4,4,5,1,0,0,0,0,0,0,0,2,1,6,6,2,28,6,1242,1,12,FIAT PANDA,10,E01028722,0,2
2024010521431,2024,010521431,1,9,0,3,3,9,9,99,99,9,9,99,9,99,1,9,2,2,1,47,8,875,1,10,FIAT PANDA,4,E01023346,0,4
2024471507694,2024,471507694,1,9,0,-1,19,7,3,-1,0,1,0,0,0,0,2,1,-1,6,2,24,5,1242,1,11,FIAT PANDA,8,E01031461,0,1
2024501476566,2024,501476566,2,9,0,-1,19,5,1,-1,0,0,0,0,0,0,2,1,-1,9,2,49,8,1242,1,13,FIAT PANDA,7,E01018830,0,4
2024010505149,2024,010505149,2,9,0,3,3,3,7,0,0,1,0,0,0,0,1,1,2,2,1,44,7,1242,1,11,FIAT PANDA,4,E01034612,0,1
2024501523324,2024,501523324,2,9,0,-1,19,7,3,-1,0,0,1,0,0,0,1,1,-1,2,2,18,4,1242,1,11,FIAT PANDA,4,E01020291,0,1
2024221449240,2024,221449240,3,9,0,-1,9,4,2,-1,0,4,0,0,0,0,2,9,-1,6,1,51,8,1242,1,15,FIAT PANDA,5,E01032128,0,1
2024332400775,2024,332400775,1,9,0,-1,19,1,5,-1,0,0,0,0,0,0,1,1,-1,6,3,-1,-1,1242,1,6,FIAT PANDA,-1,-1,0,-1
2024371443596,2024,371443596,1,9,0,-1,19,3,7,-1,0,4,0,0,0,0,1,1,-1,9,1,83,11,1248,2,18,FIAT PANDA,6,E01026899,0,2
2024010511876,2024,010511876,1,9,0,18,19,5,1,0,0,1,0,0,0,0,1,1,6,6,1,51,8,1242,1,19,FIAT PANDA,8,E01004639,0,3
2024010526539,2024,010526539,2,9,0,14,14,7,3,0,0,2,0,0,0,0,1,1,6,6,2,34,6,1242,1,12,FIAT PANDA,4,E01002641,0,1
2024010542799,2024,010542799,2,9,0,7,7,2,4,4,4,0,0,0,0,0,4,2,6,6,1,21,5,1108,1,15,FIAT PANDA,8,E01023419,0,4
2024991416334,2024,991416334,7,9,0,-1,2,0,0,-1,0,0,0,0,0,0,2,1,-1,6,-1,-1,-1,1242,1,6,FIAT PANDA,-1,-1,0,-1
2024501484234,2024,501484234,2,9,0,-1,3,3,7,-1,0,4,0,0,0,0,2,1,-1,9,1,75,10,1242,1,7,FIAT PANDA,6,E01019924,0,2
2024211501846,2024,211501846,1,9,0,-1,19,4,8,-1,0,0,0,0,0,0,1,1,-1,6,1,23,5,1368,1,17,FIAT PANDA,6,E01014228,0,2
2024061411808,2024,061411808,1,9,0,-1,19,-1,-1,-1,0,0,0,0,0,0,-1,9,-1,6,3,-1,-1,1242,1,9,FIAT PANDA,-1,-1,0,-1
2024549425024,2024,549425024,1,9,0,18,19,5,1,0,0,1,0,0,0,0,1,1,6,6,1,83,11,1242,1,13,FIAT PANDA,10,E01014714,0,4
2024361423411,2024,361423411,1,9,0,-1,19,6,3,-1,0,8,0,0,0,0,-1,1,-1,6,1,68,10,1108,1,16,FIAT PANDA,5,E01026651,0,1
2024311514919,2024,311514919,2,9,0,-1,19,1,5,-1,0,1,0,0,0,0,1,1,-1,6,2,44,7,875,1,8,FIAT PANDA,-1,-1,0,-1
2024340NN3332,2024,340NN3332,1,9,0,-1,9,5,3,-1,0,6,0,0,0,0,3,1,-1,9,2,67,10,1242,1,4,FIAT PANDA,9,E01027120,0,1
2024010507857,2024,010507857,1,9,0,18,19,7,3,0,0,8,1,0,0,0,2,1,2,2,2,32,6,1242,1,16,FIAT PANDA,4,E01002058,0,1
2024471480258,2024,471480258,2,9,0,-1,19,6,2,-1,0,1,0,0,0,0,1,1,-1,9,1,19,4,1108,1,14,FIAT PANDA,10,E01031682,0,1
2024501501815,2024,501501815,1,9,0,-1,4,4,8,-1,0,0,0,0,0,0,2,2,-1,9,2,78,11,1108,1,14,FIAT PANDA,9,E01015140,0,3
2024052401768,2024,052401768,1,9,0,12,12,5,1,0,0,3,0,0,0,0,3,1,6,6,2,57,9,1108,1,16,FIAT PANDA,1,E01015048,0,5
2024991472461,2024,991472461,1,9,0,-1,9,5,3,-1,0,8,0,0,0,0,4,1,-1,6,2,73,10,1242,1,13,FIAT PANDA,7,-1,0,1
2024052401621,2024,052401621,1,9,0,5,5,6,2,0,0,0,0,0,0,0,3,1,6,6,1,65,9,1108,1,15,FIAT PANDA,1,E01034403,0,1
2024070543565,2024,070543565,2,9,0,18,19,3,7,0,0,8,5,0,0,10,4,1,2,2,1,54,8,875,1,12,FIAT PANDA,6,E01018336,0,1
2024052402877,2024,052402877,1,9,0,18,19,3,7,0,0,2,0,0,0,0,1,1,2,2,2,65,9,1242,1,8,FIAT PANDA,2,E01006464,0,3
2024070973952,2024,070973952,1,9,0,-1,9,5,1,-1,0,8,0,0,0,2,1,1,-1,6,2,76,11,1242,1,13,FIAT PANDA,1,E01035368,0,1
2024451394943,2024,451394943,1,9,0,-1,19,3,7,-1,0,1,0,0,0,0,1,1,-1,9,2,77,11,875,1,10,FIAT PANDA,10,E01030753,0,1
2024501474791,2024,501474791,4,9,0,-1,8,4,8,-1,0,0,0,0,0,0,2,1,-1,9,1,65,9,1242,1,9,FIAT PANDA,5,E01020191,0,2
2024991418125,2024,991418125,1,9,0,-1,19,2,6,-1,0,0,0,4,0,0,1,1,-1,6,2,75,10,1242,1,17,FIAT PANDA,3,-1,0,1
2024361455113,2024,361455113,2,9,0,-1,19,7,3,-1,0,8,2,0,0,0,1,1,-1,6,2,63,9,1108,1,15,FIAT PANDA,6,E01026899,0,1
2024991438001,2024,991438001,1,9,0,-1,9,1,7,-1,0,5,5,0,0,0,4,1,-1,9,2,82,11,999,1,1,FIAT PANDA,4,-1,0,2
2024320345597,2024,320345597,1,9,0,-1,-1,4,8,0,0,0,0,0,0,0,1,1,-1,-1,2,78,11,1242,1,15,FIAT PANDA,-1,-1,0,-1