collision_index,collision_year,collision_ref_no,vehicle_reference,vehicle_type,towing_and_articulation,vehicle_manoeuvre_historic,vehicle_manoeuvre,vehicle_direction_from,vehicle_direction_to,vehicle_location_restricted_lane_historic,vehicle_location_restricted_lane,junction_location,skidding_and_overturning,hit_object_in_carriageway,vehicle_leaving_carriageway,hit_object_off_carriageway,first_point_of_impact,vehicle_left_hand_drive,journey_purpose_of_driver_historic,journey_purpose_of_driver,sex_of_driver,age_of_driver,age_band_of_driver,engine_capacity_cc,propulsion_code,age_of_vehicle,generic_make_model,driver_imd_decile,lsoa_of_driver,escooter_flag,driver_distance_banding
2024010523882,2024,010523882,2,9,0,2,2,0,0,0,0,1,0,0,1,0,1,1,6,6,3,-1,-1,1242,1,10,FIAT PANDA,-1,-1,0,-1
2024122400448,2024,122400448,1,9,0,18,19,7,3,0,0,0,0,0,7,4,1,1,2,2,2,37,7,1242,1,17,FIAT PANDA,4,E01027795,0,2
2024131474058,2024,131474058,1,9,0,-1,19,3,7,-1,0,0,0,0,0,0,4,1,-1,6,1,89,11,1242,1,11,FIAT PANDA,7,E01011849,0,1
2024501507787,2024,501507787,3,9,0,-1,19,8,4,-1,0,0,0,0,0,0,3,1,-1,9,2,51,8,1108,1,15,FIAT PANDA,4,E01015236,0,1
2024302400747,2024,302400747,2,9,0,17,19,3,8,0,0,0,0,0,1,9,1,1,6,6,1,49,8,1248,2,6,FIAT PANDA,5,E01019520,0,1
2024141504174,2024,141504174,2,9,0,-1,19,7,3,-1,0,1,0,0,0,0,3,1,-1,6,1,77,11,1242,1,6,FIAT PANDA,1,E01007738,0,1
2024501524629,2024,501524629,2,9,0,-1,9,4,2,-1,0,0,1,0,0,0,1,1,-1,6,1,19,4,1108,1,19,FIAT PANDA,3,E01015192,0,2
2024302400709,2024,302400709,1,9,0,16,19,3,6,0,0,0,0,0,1,11,3,1,6,6,2,88,11,1108,1,14,FIAT PANDA,-1,-1,0,-1
2024552401477,2024,552401477,1,9,0,9,9,4,1,0,0,5,0,0,0,0,1,1,6,6,2,71,10,875,1,10,FIAT PANDA,10,E01015433,0,1
2024052402199,2024,052402199,1,9,0,7,7,6,1,0,0,8,0,0,0,0,1,1,6,6,2,19,4,1242,1,15,FIAT PANDA,4,E01005025,0,4
2024520402749,2024,520402749,1,9,0,4,4,6,2,0,0,2,1,0,1,4,1,1,6,6,2,30,6,1242,1,16,FIAT PANDA,6,E01020074,0,1
2024010494813,2024,010494813,1,9,0,18,19,1,5,0,0,2,0,0,0,0,1,1,6,6,1,31,6,1242,1,13,FIAT PANDA,3,E01001834,0,1
2024010516527,2024,010516527,3,9,0,2,2,0,0,0,0,1,0,0,0,0,2,1,6,6,3,-1,-1,1242,1,12,FIAT PANDA,-1,-1,0,-1
2024070267493,2024,070267493,2,9,0,3,3,4,8,0,0,0,0,0,0,0,2,1,2,2,1,57,9,1108,1,17,FIAT PANDA,7,E01007144,0,3
2024201428075,2024,201428075,2,9,0,-1,6,2,2,-1,0,4,0,0,0,0,3,9,-1,6,2,51,8,1242,1,8,FIAT PANDA,10,E01032139,0,1
2024440351330,2024,440351330,1,9,0,4,4,2,6,0,0,0,0,0,0,0,1,1,6,6,1,53,8,1242,1,11,FIAT PANDA,6,E01000582,0,4
2024231431119,2024,231431119,2,9,0,-1,19,8,4,-1,0,8,0,0,0,0,1,9,-1,6,1,61,9,1242,1,8,FIAT PANDA,2,E01008921,0,3
2024545480324,2024,545480324,2,9,0,18,19,8,4,0,0,8,0,0,1,11,4,1,6,6,2,27,6,1248,2,11,FIAT PANDA,3,E01032118,0,1
2024631457958,2024,631457958,2,9,0,-1,4,6,1,-1,0,1,0,0,0,0,2,1,-1,9,2,25,5,1242,1,7,FIAT PANDA,5,W01000891,0,4
2024052402533,2024,052402533,1,9,0,18,19,7,3,0,0,0,0,0,0,0,1,1,6,6,2,75,10,1242,1,8,FIAT PANDA,1,E01006429,0,1
2024351437741,2024,351437741,1,9,-1,-1,-1,-1,-1,-1,-1,0,-1,-1,-1,0,-1,9,-1,6,2,51,8,1242,1,9,FIAT PANDA,7,E01018011,0,4
2024451423692,2024,451423692,1,9,0,-1,19,5,1,-1,0,0,0,0,0,0,1,1,-1,1,2,32,6,1242,1,18,FIAT PANDA,4,E01030852,0,1
2024361538048,2024,361538048,2,9,0,-1,19,1,5,-1,0,8,0,0,0,0,1,1,-1,9,1,46,8,1242,1,20,FIAT PANDA,8,E01026840,0,1
2024302400229,2024,302400229,1,9,0,5,5,6,2,0,0,0,0,0,0,0,3,1,6,6,2,74,10,1242,1,12,FIAT PANDA,3,E01019580,0,1
2024010509206,2024,010509206,2,9,0,7,7,3,6,0,0,0,0,0,0,0,1,1,6,6,2,81,11,875,1,5,FIAT PANDA,5,E01028864,0,5
2024221410186,2024,221410186,2,9,0,-1,2,0,0,-1,0,0,0,0,0,0,2,9,-1,9,2,61,9,1242,1,12,FIAT PANDA,3,E01032422,0,2
2024461455937,2024,461455937,1,9,0,-1,19,6,2,-1,0,0,0,0,0,0,1,1,-1,9,2,33,6,1242,1,15,FIAT PANDA,8,E01023993,0,1
2024052400157,2024,052400157,1,9,0,18,19,6,2,0,0,3,0,0,0,0,1,1,6,6,3,-1,-1,1242,1,18,FIAT PANDA,-1,-1,0,-1
2024201420240,2024,201420240,2,9,0,-1,19,1,5,-1,0,8,0,0,0,0,1,1,-1,6,2,-1,-1,1242,1,18,FIAT PANDA,2,E01009587,0,1
2024070355595,2024,070355595,5,9,0,4,4,7,3,0,0,0,0,0,0,0,1,1,6,6,2,19,4,1242,1,10,FIAT PANDA,10,E01018603,0,3
2024161535995,2024,161535995,1,9,0,-1,19,8,5,-1,0,8,0,0,0,0,1,9,-1,6,2,62,9,999,1,0,FIAT PANDA,6,E01013039,0,1
2024231408986,2024,231408986,1,9,0,-1,19,6,2,-1,0,0,0,10,1,0,1,1,-1,1,2,44,7,1242,1,19,FIAT PANDA,10,E01031299,0,3
2024052400753,2024,052400753,1,9,0,18,19,2,6,0,0,8,0,0,3,10,1,1,6,6,1,77,11,1108,1,17,FIAT PANDA,2,E01032505,0,1
2024430175028,2024,430175028,2,9,0,18,19,5,1,0,0,8,1,0,0,0,1,1,6,6,2,85,11,875,1,8,FIAT PANDA,9,E01028660,0,1
2024501396934,2024,501396934,1,9,0,-1,7,1,3,-1,0,2,0,11,0,0,1,9,-1,9,2,80,11,1242,1,8,FIAT PANDA,4,E01018891,0,1
2024041434501,2024,041434501,1,9,0,-1,19,4,2,-1,0,8,0,0,0,0,1,1,-1,6,2,86,11,1108,1,15,FIAT PANDA,6,E01025121,0,1
2024211490540,2024,211490540,1,9,0,-1,19,5,4,-1,0,0,0,0,0,0,2,1,-1,9,1,83,11,1242,1,10,FIAT PANDA,-1,-1,0,-1
2024552400147,2024,552400147,1,9,0,18,19,1,5,0,0,8,0,0,0,0,1,1,6,6,2,35,6,1242,1,13,FIAT PANDA,7,E01015438,0,1
2024010513598,2024,010513598,2,9,0,9,9,3,1,0,0,6,0,0,0,0,1,1,6,6,2,55,8,1242,1,6,FIAT PANDA,6,E01023751,0,4
2024440004696,2024,440004696,2,9,0,18,19,1,5,0,0,8,0,0,0,0,1,1,6,6,2,76,11,1242,1,18,FIAT PANDA,5,E01023063,0,2
2024231471630,2024,231471630,1,9,0,-1,19,1,5,-1,0,0,0,0,0,0,1,1,-1,9,2,87,11,1248,2,14,FIAT PANDA,7,E01031319,0,1
2024131485117,2024,131485117,1,9,0,-1,7,8,8,-1,0,3,0,11,7,1,1,1,-1,6,2,88,11,1242,1,19,FIAT PANDA,3,E01011523,0,1
2024471527555,2024,471527555,2,9,0,-1,2,1,5,-1,9,0,0,0,0,0,2,2,-1,6,-1,-1,-1,1242,1,9,FIAT PANDA,-1,-1,0,-1
2024440241073,2024,440241073,4,9,0,3,3,6,2,0,0,0,0,0,0,0,2,1,6,6,2,18,4,1242,1,15,FIAT PANDA,2,E01017051,0,1
2024161413024,2024,161413024,1,9,0,-1,9,3,7,-1,9,0,0,0,0,0,1,1,-1,9,2,24,5,1108,1,15,FIAT PANDA,1,E01012951,0,1
2024631443990,2024,631443990,1,9,0,-1,19,5,1,-1,0,0,0,0,0,0,1,1,-1,2,2,19,4,875,1,11,FIAT PANDA,4,W01000589,0,3
2024610053924,2024,610053924,1,9,0,9,9,7,5,0,0,8,0,0,1,0,1,1,1,1,1,84,11,1242,1,13,FIAT PANDA,3,W01001449,0,1
2024201408695,2024,201408695,1,9,0,-1,19,8,5,-1,0,8,0,0,0,0,3,1,-1,2,1,56,9,999,1,4,FIAT PANDA,5,E01009654,0,1
2024332400710,2024,332400710,2,9,0,-1,19,4,8,-1,0,1,0,0,0,0,3,1,-1,9,1,69,10,875,1,9,FIAT PANDA,5,E01026003,0,1
2024461539025,2024,461539025,2,9,0,-1,8,5,7,-1,0,0,0,0,0,0,2,9,-1,9,2,26,6,1242,1,10,FIAT PANDA,4,E01016120,0,3
2024141478443,2024,141478443,2,9,0,-1,5,1,5,-1,0,1,0,0,3,11,1,1,-1,2,2,48,8,1242,1,17,FIAT PANDA,1,E01007947,0,3
2024302400350,2024,302400350,1,9,0,11,11,5,7,0,0,3,0,0,0,0,4,1,6,6,1,52,8,1108,1,15,FIAT PANDA,2,E01019682,0,1
2024031426308,2024,031426308,1,9,0,-1,19,1,6,-1,0,0,2,0,1,4,1,1,-1,6,1,18,4,1242,1,15,FIAT PANDA,-1,-1,0,-1
2024471403382,2024,471403382,1,9,0,-1,19,5,1,-1,0,4,0,9,8,1,1,1,-1,6,1,33,6,1242,1,18,FIAT PANDA,4,E01031608,0,3
202454A700324,2024,54A700324,1,9,0,18,19,7,3,0,0,0,0,0,0,0,3,1,3,7,2,33,6,1242,1,13,FIAT PANDA,9,E01032026,0,3
2024520403280,2024,520403280,2,9,0,9,9,1,3,0,0,1,5,0,0,0,1,1,6,6,1,69,10,1248,2,19,FIAT PANDA,7,E01029166,0,2
2024131449066,2024,131449066,2,9,0,-1,19,7,3,-1,0,1,0,0,0,0,3,1,-1,9,1,76,11,1242,1,10,FIAT PANDA,4,E01010982,0,1
2024052402826,2024,052402826,1,4,0,18,19,3,7,0,0,0,0,0,0,0,1,1,6,6,1,34,6,450,1,8,MAKE AND MODEL REDACTED,7,E01007203,0,1
2024531497024,2024,531497024,1,3,0,-1,19,5,1,-1,0,1,0,0,0,0,1,1,-1,2,2,49,8,125,1,21,HONDA FES125,6,E01022210,0,1
2024440541252,2024,440541252,1,4,0,9,9,1,5,0,0,1,0,0,0,0,2,1,1,1,1,43,7,125,1,16,HONDA FES125,7,E01017017,0,1
2024610043824,2024,610043824,1,3,0,18,19,1,5,0,0,1,1,0,0,0,3,1,6,6,1,19,4,125,1,15,HONDA FES125,7,W01001372,0,1
2024461440485,2024,461440485,2,3,0,-1,15,8,4,-1,0,0,1,0,1,0,3,1,-1,2,1,49,8,125,1,14,HONDA FES125,7,E01016119,0,3
2024010527307,2024,010527307,2,3,0,18,19,1,5,0,0,2,5,4,0,0,1,1,6,6,1,34,6,125,1,16,HONDA FES125,9,E01003909,0,1
2024131400479,2024,131400479,2,3,0,-1,19,7,3,-1,0,8,1,0,0,0,4,1,-1,9,1,18,4,124,1,20,HONDA FES125,1,E01010625,0,1
2024501420833,2024,501420833,2,3,0,-1,19,8,4,-1,0,0,5,0,0,0,4,1,-1,6,1,22,5,125,1,15,HONDA FES125,5,E01018921,0,2
2024010504312,2024,010504312,2,3,0,18,19,3,7,0,0,1,0,0,0,0,3,1,1,1,1,42,7,125,1,11,HONDA FES125,2,E01000042,0,2
2024010525912,2024,010525912,1,3,0,99,99,9,9,99,99,1,9,99,9,99,1,1,1,1,1,39,7,125,1,11,HONDA FES125,2,E01000509,0,3
2024010548928,2024,010548928,1,3,0,18,19,1,5,0,0,0,0,0,0,0,1,1,6,6,1,28,6,125,1,14,HONDA FES125,4,E01002641,0,3
2024544284424,2024,544284424,2,3,0,17,19,4,8,0,0,4,0,0,0,0,4,1,2,2,1,33,6,125,1,16,HONDA FES125,8,E01015565,0,1
2024501428422,2024,501428422,1,5,0,-1,9,5,3,-1,1,6,0,0,0,0,1,1,-1,6,1,66,10,583,1,34,MAKE AND MODEL REDACTED,7,E01020047,0,1
2024501431274,2024,501431274,1,5,0,-1,19,1,5,-1,0,2,5,0,0,0,1,1,-1,6,1,60,9,583,1,35,MAKE AND MODEL REDACTED,4,E01018793,0,1
2024461418220,2024,461418220,2,5,0,-1,19,2,6,-1,0,2,0,0,0,0,1,1,-1,9,1,55,8,1084,1,24,MAKE AND MODEL REDACTED,8,E01024203,0,2
2024471454462,2024,471454462,4,21,0,-1,3,6,2,-1,0,0,0,0,0,0,1,1,-1,6,1,59,9,11120,2,1,MAKE AND MODEL REDACTED,7,E01001610,0,4
2024010511987,2024,010511987,1,90,0,18,19,1,5,0,0,1,0,0,0,0,2,1,1,1,1,43,7,-1,-1,-1,MAKE AND MODEL REDACTED,8,E01026450,0,5
2024041421989,2024,041421989,2,21,0,-1,11,3,7,-1,0,0,5,0,2,7,1,1,-1,1,1,47,8,8710,2,2,MAKE AND MODEL REDACTED,8,E01025561,0,4
2024141497451,2024,141497451,2,9,0,-1,19,6,2,-1,0,1,0,0,0,0,2,1,-1,9,2,50,8,1685,2,9,KIA CARENS,3,E01007673,0,1
2024122401259,2024,122401259,2,9,0,2,2,0,0,0,0,0,0,0,0,0,3,1,6,6,2,35,6,1685,2,10,KIA CARENS,4,E01012990,0,2
2024991432160,2024,991432160,1,8,0,-1,9,1,7,-1,0,6,0,0,0,0,1,1,-1,1,1,38,7,1685,2,6,KIA CARENS,1,-1,0,1
2024211531404,2024,211531404,3,9,0,-1,2,0,0,-1,0,0,0,0,0,0,3,1,-1,6,1,86,11,1685,2,6,KIA CARENS,-1,-1,0,-1
2024361444314,2024,361444314,2,9,0,-1,9,5,1,-1,0,1,0,0,0,0,3,1,-1,7,1,32,6,1685,2,9,KIA CARENS,9,E01026558,0,1
2024991428150,2024,991428150,2,9,0,-1,19,2,6,-1,0,6,0,0,0,0,1,1,-1,6,1,49,8,1685,2,11,KIA CARENS,5,-1,0,1
2024141469814,2024,141469814,1,9,0,-1,19,8,4,-1,0,0,0,0,0,0,1,1,-1,9,1,81,11,1685,2,9,KIA CARENS,4,E01007810,0,1
2024461413543,2024,461413543,5,9,0,-1,2,0,0,-1,0,0,0,4,0,0,2,1,-1,6,-1,-1,-1,1591,1,6,KIA CARENS,-1,-1,0,-1
2024552400070,2024,552400070,1,9,0,14,14,8,4,0,0,0,0,0,0,0,4,1,6,6,2,68,10,1591,7,13,KIA CARENS,6,E01015392,0,1
2024451526388,2024,451526388,1,9,0,-1,9,1,7,-1,0,6,0,0,0,0,1,1,-1,1,2,49,8,1685,2,7,KIA CARENS,6,E01030424,0,3
2024991484277,2024,991484277,1,9,0,-1,19,3,7,-1,0,0,0,0,0,0,4,1,-1,9,1,79,11,1685,2,6,KIA CARENS,1,-1,0,1
2024351446305,2024,351446305,1,9,0,-1,19,7,3,-1,0,0,0,0,0,0,1,1,-1,6,2,79,11,1685,2,10,KIA CARENS,4,E01018184,0,1
2024471423151,2024,471423151,1,9,0,-1,13,-1,-1,-1,0,0,0,0,0,0,4,1,-1,9,2,54,8,1591,1,6,KIA CARENS,10,E01016982,0,1
2024501483393,2024,501483393,1,9,0,-1,19,4,8,-1,0,0,0,0,0,0,1,1,-1,9,1,68,10,1685,2,10,KIA CARENS,4,E01015268,0,1
2024231476395,2024,231476395,2,9,0,-1,19,8,4,-1,0,0,1,0,2,6,4,1,-1,9,1,52,8,1685,2,10,KIA CARENS,3,E01010099,0,4
2024052402776,2024,052402776,1,8,0,6,6,3,3,0,0,0,0,0,0,0,1,1,1,1,1,44,7,1685,2,7,KIA CARENS,1,E01006679,0,1
2024552400167,2024,552400167,1,9,0,9,9,7,5,0,0,5,0,0,0,0,1,1,6,6,2,57,9,1685,2,7,KIA CARENS,3,E01015294,0,2
2024011396555,2024,011396555,2,9,0,-1,-1,5,5,-1,-1,0,0,0,0,0,2,1,-1,-1,2,38,7,1685,2,7,KIA CARENS,3,E01003624,0,1
202460Q126958,2024,60Q126958,1,9,0,13,13,2,6,0,0,0,0,0,0,0,1,1,6,6,2,62,9,1582,2,12,KIA CARENS,-1,-1,0,-1
2024061532149,2024,061532149,3,9,0,-1,4,1,4,-1,0,0,0,0,0,0,1,1,-1,6,2,-1,-1,1685,2,8,KIA CARENS,1,E01005434,0,1
2024461483451,2024,461483451,1,9,0,-1,9,8,5,-1,0,6,0,0,1,0,1,1,-1,9,2,31,6,1991,2,15,KIA CARENS,6,E01035008,0,3
2024141459149,2024,141459149,1,9,0,-1,7,5,1,-1,0,0,0,0,0,0,1,2,-1,9,2,36,7,1685,2,9,KIA CARENS,1,E01012854,0,4
2024010550715,2024,010550715,1,9,0,99,99,9,9,99,99,9,9,99,9,99,9,9,6,6,2,37,7,1998,1,15,KIA CARENS,5,E01001648,0,3
2024010505836,2024,010505836,1,9,0,18,19,8,4,0,0,0,0,0,0,0,1,1,6,6,2,36,7,1591,1,10,KIA CARENS,9,E01000230,0,1
2024211490186,2024,211490186,2,9,0,-1,19,1,5,-1,0,8,0,0,0,0,4,9,-1,6,1,35,6,1685,2,10,KIA CARENS,-1,-1,0,-1
2024131423985,2024,131423985,2,9,0,-1,5,7,3,-1,0,2,0,0,0,0,3,1,-1,6,2,30,6,1685,2,10,KIA CARENS,2,E01010778,0,1
2024461480322,2024,461480322,2,9,0,-1,19,4,5,-1,0,4,0,0,0,0,3,9,-1,2,2,45,7,1685,2,10,KIA CARENS,6,E01024491,0,1
2024440028438,2024,440028438,1,9,0,8,8,3,7,0,0,1,0,0,0,0,2,1,6,6,1,34,6,1591,1,8,KIA CARENS,1,E01017208,0,1
2024401425058,2024,401425058,2,8,0,-1,2,0,0,-1,0,0,0,0,0,0,2,1,-1,1,1,45,7,1685,2,8,KIA CARENS,2,E01015735,0,1
2024010501568,2024,010501568,1,9,0,9,9,3,1,0,0,1,0,0,0,0,1,1,3,7,2,43,7,1685,2,6,KIA CARENS,3,E01001371,0,1
2024991423720,2024,991423720,1,8,0,-1,9,7,5,-1,0,6,0,0,0,0,1,1,-1,1,1,34,6,1685,2,6,KIA CARENS,2,-1,0,3
2024052401737,2024,052401737,2,9,0,2,2,0,0,0,0,1,0,0,0,0,1,1,6,6,3,-1,-1,1591,1,8,KIA CARENS,-1,-1,0,-1
2024991455908,2024,991455908,2,9,0,-1,3,3,7,-1,0,4,0,0,0,0,2,1,-1,9,1,40,7,1685,2,10,KIA CARENS,3,-1,0,1
2024361531859,2024,361531859,3,9,0,-1,4,1,5,-1,0,0,0,0,1,0,1,2,-1,2,1,19,4,1991,2,17,KIA CARENS,5,E01026892,0,3
2024161531954,2024,161531954,2,9,0,-1,19,8,4,-1,0,1,0,0,0,0,1,1,-1,6,1,-1,-1,1685,2,7,KIA CARENS,4,E01012804,0,1
2024010516792,2024,010516792,1,9,0,6,6,9,9,99,99,0,9,99,9,99,9,9,6,6,1,39,7,1685,2,9,KIA CARENS,7,E01004307,0,1
2024010541336,2024,010541336,3,8,0,18,19,1,5,0,0,1,0,0,0,0,1,1,1,1,1,49,8,1685,2,6,KIA CARENS,4,E01016448,0,4
202417M109324,2024,17M109324,1,9,0,-1,1,6,2,-1,0,5,0,0,3,4,2,1,-1,9,1,87,11,1685,2,10,KIA CARENS,2,E01012101,0,3
2024201413751,2024,201413751,2,9,0,-1,13,2,6,-1,0,1,0,0,0,0,1,1,-1,6,1,49,8,1685,2,9,KIA CARENS,-1,-1,0,-1
2024320469397,2024,320469397,1,9,0,7,7,7,1,0,0,6,0,0,0,0,1,1,6,6,2,38,7,1582,2,13,KIA CARENS,2,E01026097,0,1
2024201467563,2024,201467563,1,9,0,-1,9,4,1,-1,0,5,0,0,0,0,1,1,-1,6,1,40,7,1991,2,16,KIA CARENS,-1,-1,0,-1
2024320505383,2024,320505383,2,9,0,-1,-1,5,1,0,0,8,0,0,1,0,1,1,-1,-1,1,65,9,1685,2,9,KIA CARENS,9,E01022081,0,5
2024061513223,2024,061513223,2,9,0,-1,9,2,8,-1,0,8,0,0,0,0,1,1,-1,1,2,34,6,1685,2,11,KIA CARENS,1,E01032915,0,1
2024061534547,2024,061534547,1,9,0,-1,19,8,4,-1,0,2,0,0,0,0,3,1,-1,6,1,53,8,1685,2,9,KIA CARENS,9,E01004810,0,1
2024311472101,2024,311472101,1,9,0,-1,9,3,1,-1,0,6,0,0,0,0,1,1,-1,9,1,53,8,1685,2,11,KIA CARENS,4,E01028335,0,1
2024461522654,2024,461522654,3,9,0,-1,4,5,1,-1,0,1,0,0,0,0,2,1,-1,2,2,30,6,1685,2,11,KIA CARENS,3,E01024535,0,3
2024061437250,2024,061437250,1,9,0,-1,5,5,1,-1,0,0,0,0,0,0,4,1,-1,9,1,46,8,1991,2,15,KIA CARENS,1,E01004802,0,1
2024501514545,2024,501514545,1,9,0,-1,19,7,3,-1,0,4,0,0,0,0,4,1,-1,9,2,42,7,1685,2,8,KIA CARENS,9,E01015133,0,4
2024371553796,2024,371553796,2,9,0,-1,19,8,4,-1,0,0,0,0,0,0,2,1,-1,6,1,26,6,1998,1,15,KIA CARENS,2,E01029971,0,3
2024031402463,2024,031402463,2,9,0,-1,15,1,5,-1,0,0,0,0,0,0,2,9,-1,2,1,38,7,1685,2,8,KIA CARENS,2,E01019111,0,3
2024991529150,2024,991529150,2,9,0,-1,19,3,7,-1,0,0,0,0,0,0,2,1,-1,6,2,40,7,1685,2,8,KIA CARENS,-1,-1,0,-1
2024052402658,2024,052402658,1,9,0,9,9,4,2,0,0,8,0,0,1,10,1,1,6,6,2,43,7,1685,2,10,KIA CARENS,1,E01006679,0,1
2024061420248,2024,061420248,2,9,0,-1,3,7,3,-1,0,1,0,0,0,0,2,9,-1,6,1,43,7,1591,1,10,KIA CARENS,9,E01005545,0,1
2024161415484,2024,161415484,1,9,0,-1,19,1,5,-1,0,0,0,0,0,0,1,1,-1,6,2,36,7,1685,2,11,KIA CARENS,1,E01013221,0,1
2024543736224,2024,543736224,1,9,0,7,7,1,3,0,0,1,0,0,0,0,1,1,6,6,2,38,7,1998,1,14,KIA CARENS,5,E01032056,0,1
2024401425259,2024,401425259,1,9,0,-1,5,8,4,-1,0,1,0,0,0,0,3,1,-1,6,1,41,7,1685,2,8,KIA CARENS,3,E01015761,0,1
2024010524483,2024,010524483,1,9,9,99,99,9,9,99,99,9,9,99,9,99,9,9,6,6,3,-1,-1,1998,1,16,KIA CARENS,-1,-1,0,-1
2024520402083,2024,520402083,2,9,0,18,19,4,8,0,0,8,0,0,0,0,4,1,6,6,2,34,6,1685,2,11,KIA CARENS,7,E01035108,0,1
2024461475357,2024,461475357,1,5,0,-1,19,1,5,-1,0,1,0,10,7,10,1,1,-1,6,1,40,7,693,1,3,MAKE AND MODEL REDACTED,2,E01024078,0,1
2024052400966,2024,052400966,2,5,0,3,3,4,8,0,0,0,0,0,0,0,3,1,6,6,1,43,7,690,1,8,MAKE AND MODEL REDACTED,2,E01032510,0,1
2024991478260,2024,991478260,1,5,0,-1,19,8,4,-1,0,0,0,0,0,0,1,1,-1,6,1,33,6,693,1,2,MAKE AND MODEL REDACTED,-1,-1,0,-1
2024440219723,2024,440219723,1,5,0,18,19,6,2,0,0,0,0,0,0,0,3,1,6,6,1,29,6,690,1,11,MAKE AND MODEL REDACTED,7,E01023203,0,3
2024421424174,2024,421424174,2,5,0,-1,19,4,8,-1,0,0,5,0,0,0,1,1,-1,9,1,35,6,693,1,4,MAKE AND MODEL REDACTED,8,E01021332,0,3
2024471473598,2024,471473598,1,5,0,-1,19,1,5,-1,0,1,0,0,0,0,4,1,-1,9,1,29,6,693,1,4,MAKE AND MODEL REDACTED,5,E01031771,0,1
2024061408698,2024,061408698,1,5,0,-1,19,5,1,-1,0,0,0,7,0,0,1,1,-1,9,1,26,6,654,1,14,MAKE AND MODEL REDACTED,1,E01006028,0,3
2024041470476,2024,041470476,1,5,0,-1,19,1,5,-1,0,0,0,0,0,0,1,1,-1,6,1,62,9,693,1,1,MAKE AND MODEL REDACTED,9,E01006882,0,4
2024010508049,2024,010508049,1,9,0,18,19,3,7,0,0,0,0,10,0,0,4,1,1,1,2,39,7,2500,1,11,MAKE AND MODEL REDACTED,5,E01001524,0,3
2024010507997,2024,010507997,2,9,0,99,99,9,9,99,99,9,9,99,9,99,9,9,6,6,3,-1,-1,2500,1,11,MAKE AND MODEL REDACTED,-1,-1,0,-1
2024131448453,2024,131448453,2,9,0,-1,2,0,0,-1,0,0,0,0,0,0,1,1,-1,6,-1,-1,-1,2174,1,38,MAKE AND MODEL REDACTED,-1,-1,0,-1
2024161533018,2024,161533018,1,9,0,-1,5,3,7,-1,0,0,0,0,0,0,1,1,-1,9,1,27,6,1590,1,33,MAKE AND MODEL REDACTED,8,E01013065,0,3
2024440074862,2024,440074862,1,9,0,18,19,6,2,0,0,1,0,0,0,0,1,1,6,6,1,81,11,2299,1,36,MAKE AND MODEL REDACTED,6,E01017291,0,2
2024010519032,2024,010519032,2,9,9,99,99,9,9,99,99,9,9,99,9,99,9,9,6,6,3,-1,-1,2307,1,47,MAKE AND MODEL REDACTED,-1,-1,0,-1
2024221442240,2024,221442240,1,9,0,-1,19,4,8,-1,0,0,0,0,0,0,1,9,-1,6,1,42,7,2299,1,39,MAKE AND MODEL REDACTED,4,E01014085,0,1
2024501509173,2024,501509173,1,9,0,-1,19,2,6,-1,0,0,0,0,0,0,1,1,-1,9,2,50,8,2500,1,16,MAKE AND MODEL REDACTED,9,E01011698,0,5
2024411435081,2024,411435081,2,4,0,-1,9,1,5,-1,0,1,0,0,0,0,1,1,-1,6,1,58,9,348,1,26,MAKE AND MODEL REDACTED,8,E01015747,0,3
2024131496886,2024,131496886,2,11,0,-1,19,6,2,-1,0,1,0,0,0,0,3,1,-1,1,1,56,9,6700,2,12,MAKE AND MODEL REDACTED,4,E01011839,0,3
2024111499308,2024,111499308,3,11,0,-1,19,7,4,-1,0,0,0,0,0,0,0,1,-1,1,1,69,10,6700,2,11,MAKE AND MODEL REDACTED,4,E01020754,0,3
2024131501740,2024,131501740,2,11,0,-1,5,4,8,-1,0,1,0,0,0,0,0,1,-1,1,1,52,8,6700,2,12,MAKE AND MODEL REDACTED,1,E01011742,0,3
2024070163144,2024,070163144,3,11,0,18,19,4,8,0,0,1,0,0,0,0,0,1,1,1,1,-1,-1,6700,2,10,MAKE AND MODEL REDACTED,-1,-1,0,-1
2024131482402,2024,131482402,1,11,0,-1,19,7,3,-1,2,1,0,0,0,0,1,1,-1,1,1,35,6,6700,2,12,MAKE AND MODEL REDACTED,1,E01011745,0,3
2024052401991,2024,052401991,1,11,0,5,5,7,3,0,0,4,0,0,0,0,3,1,1,1,1,49,8,6700,2,10,MAKE AND MODEL REDACTED,6,E01025483,0,3
2024131414712,2024,131414712,1,11,0,-1,9,5,1,-1,0,8,0,0,0,0,1,1,-1,1,1,57,9,6700,2,12,MAKE AND MODEL REDACTED,4,E01007344,0,4
2024201417577,2024,201417577,1,11,0,-1,14,2,6,-1,0,0,0,0,0,0,4,1,-1,1,1,-1,-1,6700,2,12,MAKE AND MODEL REDACTED,4,E01010015,0,2