collision_index,collision_year,collision_ref_no,vehicle_reference,vehicle_type,towing_and_articulation,vehicle_manoeuvre_historic,vehicle_manoeuvre,vehicle_direction_from,vehicle_direction_to,vehicle_location_restricted_lane_historic,vehicle_location_restricted_lane,junction_location,skidding_and_overturning,hit_object_in_carriageway,vehicle_leaving_carriageway,hit_object_off_carriageway,first_point_of_impact,vehicle_left_hand_drive,journey_purpose_of_driver_historic,journey_purpose_of_driver,sex_of_driver,age_of_driver,age_band_of_driver,engine_capacity_cc,propulsion_code,age_of_vehicle,generic_make_model,driver_imd_decile,lsoa_of_driver,escooter_flag,driver_distance_banding
2024320091727,2024,320091727,2,9,0,9,9,4,2,0,0,8,0,0,0,0,1,1,-1,-1,1,56,9,-1,3,2,VOLKSWAGEN ID3,6,E01026210,0,3
2024201431814,2024,201431814,2,9,0,-1,3,2,6,-1,0,0,0,0,3,0,0,9,-1,2,1,28,6,-1,3,3,VOLKSWAGEN ID3,8,E01031070,0,4
202460Q026152,2024,60Q026152,2,9,0,18,19,7,3,0,0,0,0,0,0,0,1,1,6,6,1,71,10,-1,3,1,VOLKSWAGEN ID3,-1,-1,0,-1
2024371499556,2024,371499556,2,9,0,-1,3,8,4,-1,0,1,0,0,0,0,2,1,-1,6,2,48,8,-1,3,1,VOLKSWAGEN ID3,5,E01026435,0,3
2024421512033,2024,421512033,2,9,0,-1,19,8,4,-1,0,2,0,0,0,0,3,1,-1,9,1,88,11,-1,3,4,VOLKSWAGEN ID3,9,E01021560,0,1
2024430195036,2024,430195036,1,9,0,18,19,4,8,0,0,0,0,0,7,0,1,1,6,6,1,64,9,-1,3,2,VOLKSWAGEN ID3,7,E01017673,0,1
2024411563296,2024,411563296,4,9,0,-1,4,8,4,-1,0,0,0,0,0,0,2,1,-1,7,2,51,8,-1,3,4,VOLKSWAGEN ID3,4,E01033834,0,4
2024501396941,2024,501396941,4,9,0,-1,19,8,4,-1,0,0,1,0,0,0,1,1,-1,2,1,41,7,-1,3,3,VOLKSWAGEN ID3,3,E01020131,0,2
2024010533912,2024,010533912,2,9,0,9,9,6,4,0,0,1,0,0,0,0,3,2,6,6,1,44,7,-1,3,2,VOLKSWAGEN ID3,2,E01004757,0,1
2024471478537,2024,471478537,2,9,0,-1,19,7,3,-1,0,8,0,0,0,0,1,1,-1,9,1,64,9,-1,3,1,VOLKSWAGEN ID3,6,E01024833,0,4
2024010518935,2024,010518935,1,9,0,9,9,5,3,0,0,6,0,0,0,0,1,1,3,7,1,54,8,-1,3,3,VOLKSWAGEN ID3,8,E01002922,0,2
2024461412675,2024,461412675,1,9,0,-1,5,1,3,-1,0,4,0,0,0,0,1,9,-1,9,1,47,8,-1,3,1,VOLKSWAGEN ID3,6,E01024067,0,1
2024141495171,2024,141495171,2,9,0,-1,12,6,2,-1,0,1,0,0,0,0,3,1,-1,6,3,-1,-1,-1,3,3,VOLKSWAGEN ID3,-1,-1,0,-1
2024010534662,2024,010534662,1,9,0,16,19,1,5,0,0,0,0,0,0,0,1,1,6,6,1,80,11,-1,3,1,VOLKSWAGEN ID3,9,E01000213,0,1
2024010550342,2024,010550342,2,9,0,99,99,9,9,99,99,9,9,99,9,99,9,9,6,6,3,-1,-1,-1,3,1,VOLKSWAGEN ID3,-1,-1,0,-1
2024231498708,2024,231498708,2,9,0,-1,3,2,6,-1,0,1,0,0,0,0,2,9,-1,6,1,39,7,-1,3,3,VOLKSWAGEN ID3,9,E01022100,0,4
2024010523400,2024,010523400,1,9,0,18,19,1,5,0,0,8,0,0,0,0,1,1,6,6,1,28,6,-1,3,4,VOLKSWAGEN ID3,9,E01022600,0,4
2024010546488,2024,010546488,1,9,0,16,19,1,5,0,0,6,0,0,0,0,3,1,6,6,1,78,11,-1,3,1,VOLKSWAGEN ID3,10,E01003891,0,2
2024461491502,2024,461491502,2,9,0,-1,19,3,7,-1,0,8,0,0,1,0,4,1,-1,9,2,51,8,-1,3,4,VOLKSWAGEN ID3,10,E01031737,0,4
2024430033535,2024,430033535,1,9,0,9,9,5,3,0,0,2,0,0,0,0,1,1,6,6,2,56,9,-1,3,3,VOLKSWAGEN ID3,9,E01035728,0,1
2024421521838,2024,421521838,4,9,0,-1,12,1,5,-1,0,0,0,0,0,0,2,1,-1,6,1,26,6,-1,3,0,VOLKSWAGEN ID3,8,E01024440,0,3
2024010492348,2024,010492348,3,9,0,3,3,5,1,0,0,0,0,0,0,0,2,1,2,2,1,40,7,-1,3,1,VOLKSWAGEN ID3,4,E01024429,0,3
2024351424506,2024,351424506,1,9,0,-1,5,3,7,-1,0,4,0,0,0,0,1,1,-1,6,1,49,8,-1,3,2,VOLKSWAGEN ID3,8,E01018166,0,1
2024440195125,2024,440195125,2,9,0,18,19,2,6,0,0,0,0,0,0,0,1,1,6,6,1,73,10,-1,3,4,VOLKSWAGEN ID3,7,E01023277,0,4
2024549429224,2024,549429224,2,9,0,18,19,3,7,0,0,1,0,0,0,0,3,1,1,1,1,51,8,-1,3,1,VOLKSWAGEN ID3,7,E01031850,0,3
2024522500089,2024,522500089,3,9,0,3,3,6,2,0,0,0,0,0,0,0,2,1,6,6,1,51,8,-1,3,3,VOLKSWAGEN ID3,8,E01032672,0,1
2024991406609,2024,991406609,1,9,0,-1,5,2,5,-1,0,8,0,0,0,0,3,1,-1,9,2,28,6,-1,3,2,VOLKSWAGEN ID3,8,-1,0,3
2024101401047,2024,101401047,1,9,0,-1,5,1,5,-1,0,1,0,0,0,0,3,1,-1,2,1,64,9,-1,3,2,VOLKSWAGEN ID3,9,E01008378,0,1
2024101516411,2024,101516411,1,9,0,-1,5,7,3,-1,0,0,0,0,0,0,1,1,-1,9,2,67,10,-1,3,1,VOLKSWAGEN ID3,6,E01027490,0,1
2024231512939,2024,231512939,1,9,0,-1,2,0,0,-1,0,8,0,0,0,0,3,9,-1,9,1,35,6,-1,3,3,VOLKSWAGEN ID3,8,E01031286,0,1
2024052400837,2024,052400837,1,9,0,18,19,1,5,0,0,8,0,0,0,0,1,1,6,6,2,61,9,-1,3,3,VOLKSWAGEN ID3,8,E01006682,0,2
2024411513381,2024,411513381,1,9,-1,-1,-1,-1,-1,-1,-1,0,-1,-1,-1,0,-1,9,-1,6,1,47,8,-1,3,1,VOLKSWAGEN ID3,7,E01023531,0,1
2024552400339,2024,552400339,2,9,0,9,9,1,7,0,0,6,0,0,0,0,3,1,6,6,1,54,8,-1,3,4,VOLKSWAGEN ID3,5,E01020529,0,3
2024010544355,2024,010544355,1,8,0,99,99,9,9,99,99,9,9,99,9,99,2,9,1,1,1,45,7,-1,3,2,VOLKSWAGEN ID3,2,E01002715,0,1
2024010519168,2024,010519168,2,9,0,3,3,3,7,0,0,1,0,0,0,0,2,1,2,2,1,38,7,-1,3,2,VOLKSWAGEN ID3,3,E01035672,0,1
2024351420175,2024,351420175,1,9,0,-1,14,3,7,-1,0,0,0,0,0,0,1,1,-1,6,1,-1,-1,-1,3,1,VOLKSWAGEN ID3,5,E01015617,0,1
2024440077824,2024,440077824,1,9,0,18,19,3,7,0,0,0,2,0,1,4,1,1,1,1,1,38,7,-1,3,2,VOLKSWAGEN ID3,7,E01002226,0,4
2024010546947,2024,010546947,2,9,0,99,99,9,9,99,99,9,9,99,9,99,9,9,6,6,3,-1,-1,-1,3,1,VOLKSWAGEN ID3,-1,-1,0,-1
2024201447561,2024,201447561,1,9,0,-1,9,5,2,-1,0,6,0,0,0,0,1,1,-1,6,1,17,4,-1,3,2,VOLKSWAGEN ID3,1,E01009274,0,1
2024461416258,2024,461416258,1,9,0,-1,19,4,8,-1,0,0,1,0,0,0,4,1,-1,9,1,40,7,-1,3,3,VOLKSWAGEN ID3,9,E01003794,0,4
2024010530251,2024,010530251,2,8,0,99,99,9,9,99,99,9,9,99,9,99,9,9,6,6,3,26,6,-1,3,1,VOLKSWAGEN ID3,3,E01001488,0,3
2024010549952,2024,010549952,1,9,0,18,19,3,7,0,0,1,0,0,0,0,1,1,2,2,2,41,7,-1,3,1,VOLKSWAGEN ID3,4,E01003212,0,2
2024440096488,2024,440096488,1,9,0,3,3,6,2,0,0,2,0,0,0,0,2,1,6,6,2,50,8,-1,3,2,VOLKSWAGEN ID3,10,E01034711,0,1
2024010535990,2024,010535990,2,9,0,99,99,9,9,99,99,9,9,99,9,99,9,9,6,6,1,27,6,-1,3,1,VOLKSWAGEN ID3,3,E01003574,0,1
2024010501288,2024,010501288,2,9,0,99,99,9,9,99,99,0,9,99,9,99,9,9,6,6,3,-1,-1,-1,3,1,VOLKSWAGEN ID3,5,E01001157,0,2
2024010512722,2024,010512722,2,9,9,99,99,9,9,99,99,9,9,99,9,99,9,9,6,6,3,-1,-1,-1,3,2,VOLKSWAGEN ID3,-1,-1,0,-1
2024451407487,2024,451407487,1,9,0,-1,2,5,1,-1,0,1,0,0,0,0,2,1,-1,1,2,42,7,-1,3,2,VOLKSWAGEN ID3,10,E01030319,0,1
2024201509048,2024,201509048,1,9,0,-1,19,8,2,-1,0,0,0,0,0,0,2,1,-1,6,1,31,6,-1,3,1,VOLKSWAGEN ID3,8,E01009434,0,1
2024010517358,2024,010517358,1,9,0,18,19,1,5,0,0,1,0,0,0,0,4,1,6,6,1,55,8,-1,3,4,VOLKSWAGEN ID3,3,E01002027,0,3
2024052402240,2024,052402240,1,9,0,18,19,1,5,0,0,0,0,0,0,0,4,1,3,7,2,48,8,-1,3,3,VOLKSWAGEN ID3,4,E01006537,0,1
2024010541723,2024,010541723,1,9,0,99,99,9,9,99,99,9,9,99,9,99,1,9,6,6,3,-1,-1,-1,3,3,VOLKSWAGEN ID3,4,E01001896,0,1
2024991516615,2024,991516615,1,9,0,-1,19,7,3,-1,0,4,0,9,0,0,1,2,-1,9,1,31,6,-1,3,1,VOLKSWAGEN ID3,9,-1,0,1
2024430268825,2024,430268825,1,8,0,3,3,3,7,0,0,1,0,0,0,0,2,1,1,1,1,58,9,-1,3,3,VOLKSWAGEN ID3,6,E01002138,0,4
2024461453883,2024,461453883,1,9,0,-1,19,1,5,-1,9,0,0,0,1,11,1,9,-1,6,1,37,7,-1,3,3,VOLKSWAGEN ID3,4,E01016177,0,1
2024411412744,2024,411412744,2,9,0,-1,19,5,2,-1,0,0,0,0,1,0,1,1,-1,7,2,46,8,-1,3,3,VOLKSWAGEN ID3,8,E01023407,0,2
2024471501541,2024,471501541,1,9,0,-1,9,1,7,-1,99,0,0,0,0,0,1,1,-1,2,1,31,6,-1,3,0,VOLKSWAGEN ID3,8,E01031518,0,4
2024010542240,2024,010542240,2,9,0,7,7,4,6,0,0,0,0,0,0,0,0,1,6,6,3,-1,-1,-1,3,1,VOLKSWAGEN ID3,-1,-1,0,-1
2024221402069,2024,221402069,2,9,0,-1,19,5,1,-1,0,6,0,0,0,0,1,9,-1,6,1,68,10,-1,3,1,VOLKSWAGEN ID3,7,E01035055,0,1
2024131402254,2024,131402254,1,9,0,-1,4,3,7,-1,0,0,0,7,0,0,1,1,-1,2,1,36,7,-1,3,1,VOLKSWAGEN ID3,8,E01011169,0,1
2024430362699,2024,430362699,2,9,0,3,3,8,4,0,0,1,0,0,0,0,2,1,6,6,2,44,7,-1,3,2,VOLKSWAGEN ID3,10,E01035240,0,1
2024991515968,2024,991515968,2,9,0,-1,19,2,6,-1,0,0,0,0,0,0,1,1,-1,2,1,45,7,-1,3,2,VOLKSWAGEN ID3,6,-1,0,4
2024161510882,2024,161510882,2,9,0,-1,1,0,3,-1,9,6,0,0,0,0,2,9,-1,6,3,-1,-1,-1,3,4,VOLKSWAGEN ID3,-1,-1,0,-1
2024231509785,2024,231509785,2,9,0,-1,9,6,3,-1,0,5,0,0,0,0,3,1,-1,6,2,55,8,-1,3,2,VOLKSWAGEN ID3,8,E01031247,0,1
2024501524910,2024,501524910,2,9,0,-1,10,1,7,-1,0,0,0,0,0,0,3,1,-1,9,2,51,8,-1,3,2,VOLKSWAGEN ID3,4,E01018829,0,1
2024430216354,2024,430216354,2,9,0,9,9,4,1,0,0,3,0,0,0,0,3,1,2,2,1,49,8,-1,3,1,VOLKSWAGEN ID3,4,E01028532,0,1
2024041415095,2024,041415095,4,9,0,-1,19,1,5,-1,0,0,0,0,0,0,2,1,-1,2,2,58,9,-1,3,3,VOLKSWAGEN ID3,10,E01024977,0,2
2024010504191,2024,010504191,2,9,0,99,99,9,9,99,99,9,9,99,9,99,9,9,6,6,3,-1,-1,-1,3,1,VOLKSWAGEN ID3,-1,-1,0,-1
2024501484565,2024,501484565,1,9,0,-1,8,5,7,-1,0,8,0,0,0,0,0,9,-1,6,2,51,8,-1,3,2,VOLKSWAGEN ID3,4,E01020138,0,1
2024221482919,2024,221482919,1,9,0,-1,19,1,5,-1,0,4,0,7,1,1,1,1,-1,6,1,26,6,-1,3,3,VOLKSWAGEN ID3,10,E01003884,0,5
2024332400381,2024,332400381,1,9,0,-1,19,6,2,-1,0,0,0,0,0,0,1,1,-1,2,2,24,5,-1,3,3,VOLKSWAGEN ID3,7,E01011506,0,5
2024501404024,2024,501404024,2,9,0,-1,19,1,3,-1,0,1,0,0,0,0,4,1,-1,9,1,41,7,-1,3,2,VOLKSWAGEN ID3,5,E01018765,0,4
2024010502153,2024,010502153,1,9,0,5,5,7,3,0,0,8,1,0,0,0,1,1,6,6,2,60,9,-1,3,1,VOLKSWAGEN ID3,10,E01002995,0,1
2024451478266,2024,451478266,2,9,0,-1,19,3,7,-1,0,1,0,0,0,0,2,1,-1,9,1,56,9,-1,3,1,VOLKSWAGEN ID3,8,E01030373,0,1
2024141441369,2024,141441369,1,9,0,-1,19,5,1,-1,0,1,0,0,1,10,1,1,-1,1,1,30,6,-1,3,1,VOLKSWAGEN ID3,1,E01007628,0,1
2024440101473,2024,440101473,1,9,0,18,19,5,1,0,0,0,0,0,0,0,3,1,3,7,1,58,9,-1,3,1,VOLKSWAGEN ID3,10,E01023218,0,1
2024010503971,2024,010503971,1,8,0,99,99,9,9,99,99,0,9,99,9,99,9,9,1,1,1,35,6,-1,3,2,VOLKSWAGEN ID3,5,E01001276,0,3
2024010504049,2024,010504049,1,9,0,18,19,3,7,0,0,1,0,0,0,0,1,9,6,6,1,60,9,-1,3,2,VOLKSWAGEN ID3,3,E01003819,0,3
2024302400680,2024,302400680,2,9,0,4,4,7,8,0,0,2,0,0,0,0,1,1,6,6,2,47,8,-1,3,3,VOLKSWAGEN ID3,10,E01019830,0,1
2024010533605,2024,010533605,1,9,0,18,19,3,7,0,0,1,0,0,0,0,2,1,2,2,1,61,9,-1,3,2,VOLKSWAGEN ID3,-1,-1,0,-1
2024010519717,2024,010519717,1,10,0,99,99,9,9,99,99,1,9,99,9,99,1,9,1,1,1,54,8,1968,2,4,VOLKSWAGEN ID3,8,E01021340,0,4
2024010541889,2024,010541889,2,9,0,17,19,2,6,0,0,8,0,0,0,0,1,1,1,1,2,30,6,-1,3,2,VOLKSWAGEN ID3,2,E01004428,0,1
2024131400865,2024,131400865,1,9,0,-1,19,7,3,-1,0,8,0,10,0,0,1,1,-1,9,1,22,5,-1,3,3,VOLKSWAGEN ID3,1,E01032494,0,1
2024010520027,2024,010520027,1,9,0,99,99,9,9,99,99,9,9,99,9,99,9,9,2,2,3,54,8,-1,3,4,VOLKSWAGEN ID3,7,E01034594,0,1
2024041505474,2024,041505474,2,9,0,-1,19,5,1,-1,0,0,0,0,0,0,2,1,-1,9,1,65,9,-1,3,2,VOLKSWAGEN ID3,9,E01004837,0,4
202454F072224,2024,54F072224,1,9,0,5,5,7,4,0,0,6,0,0,0,0,3,1,6,6,1,39,7,-1,3,3,VOLKSWAGEN ID3,6,E01028597,0,4
2024471451368,2024,471451368,2,9,0,-1,19,2,6,-1,0,0,0,0,0,0,1,1,-1,9,2,73,10,-1,3,0,VOLKSWAGEN ID3,4,E01021224,0,2
2024041418818,2024,041418818,1,9,0,-1,4,5,1,-1,0,1,0,0,0,0,1,1,-1,9,1,21,5,-1,3,3,VOLKSWAGEN ID3,9,E01024918,0,1
2024231524405,2024,231524405,1,9,0,-1,9,4,2,-1,0,6,0,0,0,0,1,1,-1,6,2,43,7,-1,3,1,VOLKSWAGEN ID3,10,E01033252,0,3
2024440252439,2024,440252439,1,5,0,18,19,5,1,0,0,0,1,0,0,0,1,1,6,6,1,42,7,1077,1,5,MAKE AND MODEL REDACTED,5,E01022666,0,2
2024522402535,2024,522402535,2,5,0,18,19,6,2,0,0,0,0,0,0,0,1,1,6,6,1,45,7,999,1,10,MAKE AND MODEL REDACTED,4,E01014676,0,1
2024520402675,2024,520402675,2,5,0,18,19,8,4,0,0,8,0,0,0,0,3,1,6,6,1,60,9,999,1,11,MAKE AND MODEL REDACTED,9,E01029260,0,1
2024070753071,2024,070753071,1,19,4,-1,19,1,5,-1,0,0,0,0,0,0,4,1,-1,6,1,21,5,5700,1,14,MAKE AND MODEL REDACTED,10,E01018650,0,1
2024010499922,2024,010499922,1,9,0,18,19,7,3,0,0,0,0,0,0,0,3,1,2,2,1,32,6,2992,8,1,MAKE AND MODEL REDACTED,3,E01002776,0,1
2024221504911,2024,221504911,1,5,0,-1,19,4,1,-1,0,0,1,0,0,0,3,1,-1,2,1,45,7,582,1,21,MAKE AND MODEL REDACTED,1,E01008923,0,1
2024010518921,2024,010518921,1,5,0,99,99,9,9,99,99,9,9,99,9,99,2,1,2,2,1,46,8,582,1,12,MAKE AND MODEL REDACTED,8,E01000710,0,3
2024451534503,2024,451534503,1,5,0,-1,19,8,4,-1,0,8,5,0,0,0,3,1,-1,9,1,60,9,582,1,21,MAKE AND MODEL REDACTED,4,E01030337,0,2
2024552400169,2024,552400169,1,5,0,13,13,6,2,0,0,8,0,0,0,0,1,1,6,6,1,70,10,582,1,21,MAKE AND MODEL REDACTED,4,E01020488,0,2
2024461432682,2024,461432682,1,5,0,-1,9,4,8,-1,0,6,0,0,0,0,0,1,-1,9,1,68,10,582,1,23,MAKE AND MODEL REDACTED,9,E01024849,0,4
2024471526892,2024,471526892,1,3,0,-1,19,1,5,-1,2,0,0,0,0,0,1,1,-1,9,1,25,5,125,1,20,MAKE AND MODEL REDACTED,2,E01016911,0,1
2024520402152,2024,520402152,1,4,0,18,19,5,1,0,0,1,0,0,0,0,0,1,6,6,1,19,4,125,1,20,MAKE AND MODEL REDACTED,9,E01029260,0,1
2024501395296,2024,501395296,1,3,0,-1,19,7,3,-1,0,8,0,0,0,0,1,1,-1,9,1,17,4,125,1,18,MAKE AND MODEL REDACTED,1,E01015058,0,1
2024141450062,2024,141450062,1,3,0,-1,19,4,1,-1,0,1,1,0,0,0,3,1,-1,6,1,26,6,125,1,18,MAKE AND MODEL REDACTED,2,E01007796,0,1
2024430387831,2024,430387831,1,4,0,18,19,6,2,0,0,1,0,0,0,0,1,1,2,2,1,59,9,125,1,19,MAKE AND MODEL REDACTED,6,E01016556,0,1
2024302401234,2024,302401234,2,3,0,18,19,7,3,0,0,8,0,0,0,0,1,1,2,2,1,21,5,125,1,21,MAKE AND MODEL REDACTED,3,E01019484,0,1
2024131492090,2024,131492090,2,90,0,-1,19,3,7,-1,0,0,0,0,0,0,3,1,-1,9,1,40,7,4400,2,11,MAKE AND MODEL REDACTED,6,E01010922,0,1
2024070206335,2024,070206335,1,17,0,18,19,3,7,0,0,0,0,0,0,0,1,1,1,1,1,62,9,4400,2,6,MAKE AND MODEL REDACTED,6,E01018355,0,2
2024522500114,2024,522500114,1,17,0,18,19,3,7,0,0,0,0,0,0,0,3,1,6,6,1,83,11,4400,2,19,MAKE AND MODEL REDACTED,8,E01014766,0,1
2024461439943,2024,461439943,1,17,5,-1,19,5,1,-1,0,0,0,0,0,0,4,9,-1,6,1,-1,-1,6702,2,15,MAKE AND MODEL REDACTED,7,E01024550,0,3
2024201478782,2024,201478782,1,20,0,-1,19,7,7,-1,0,0,0,0,0,0,1,1,-1,1,1,54,8,-1,-1,-1,MAKE AND MODEL REDACTED,2,E01010204,0,2
2024221454870,2024,221454870,1,17,0,-1,19,2,6,-1,0,0,0,0,0,0,1,9,-1,1,1,16,4,3990,2,21,MAKE AND MODEL REDACTED,7,E01032345,0,1
2024101409614,2024,101409614,2,17,0,-1,19,1,5,-1,0,0,0,0,1,0,3,1,-1,1,1,59,9,-1,2,25,MAKE AND MODEL REDACTED,9,E01027507,0,1
2024111520918,2024,111520918,1,17,0,-1,1,5,1,-1,0,0,5,0,0,0,2,1,-1,6,1,32,6,4233,2,21,MAKE AND MODEL REDACTED,2,E01020838,0,3
2024332400574,2024,332400574,1,3,0,-1,19,4,8,-1,0,0,1,0,0,0,1,1,-1,9,1,27,6,125,1,6,MAKE AND MODEL REDACTED,2,E01019877,0,1
2024471432835,2024,471432835,1,3,0,-1,19,5,1,-1,0,4,5,0,0,0,4,1,-1,9,1,25,5,125,1,6,MAKE AND MODEL REDACTED,8,E01031698,0,1
2024440208401,2024,440208401,1,3,0,18,19,6,2,0,0,0,0,0,0,0,0,1,6,6,1,18,4,125,1,6,MAKE AND MODEL REDACTED,5,E01017203,0,1
2024622400085,2024,622400085,1,3,0,18,19,2,7,0,0,8,0,0,0,0,1,1,2,2,1,18,4,125,1,5,MAKE AND MODEL REDACTED,6,W01001291,0,1
2024311434946,2024,311434946,1,4,0,-1,13,7,6,-1,0,8,2,0,0,0,0,1,-1,6,1,33,6,124,1,13,MAKE AND MODEL REDACTED,3,E01028166,0,2
2024522403444,2024,522403444,2,4,0,18,19,4,8,0,0,1,0,0,0,0,1,1,6,6,1,37,7,125,1,4,MAKE AND MODEL REDACTED,7,E01022273,0,2
2024421530858,2024,421530858,1,3,0,-1,19,1,5,-1,0,8,0,0,0,0,1,1,-1,1,1,23,5,125,1,2,MAKE AND MODEL REDACTED,-1,-1,0,-1
2024421492420,2024,421492420,2,5,0,-1,15,7,7,-1,0,0,0,0,0,0,3,1,-1,1,1,27,6,798,1,0,MAKE AND MODEL REDACTED,7,E01033720,0,2
2024471442947,2024,471442947,4,9,0,-1,19,7,3,-1,0,0,0,0,1,0,1,1,-1,6,2,60,9,1461,2,6,NISSAN JUKE,4,E01031443,0,2
2024131403053,2024,131403053,1,9,0,-1,19,5,1,-1,0,1,0,0,0,0,4,1,-1,6,2,69,10,999,1,2,NISSAN JUKE,2,E01032923,0,1
2024451444226,2024,451444226,4,9,0,-1,3,3,7,-1,0,1,0,0,0,0,4,1,-1,9,2,71,10,999,1,3,NISSAN JUKE,9,E01031706,0,4
2024991440995,2024,991440995,2,9,0,-1,19,3,7,-1,0,0,0,0,0,0,2,1,-1,9,2,41,7,1197,1,10,NISSAN JUKE,3,-1,0,4
2024141517558,2024,141517558,1,9,0,-1,4,2,6,-1,0,1,0,11,0,0,1,1,-1,9,1,55,8,1197,1,9,NISSAN JUKE,1,E01008118,0,1
2024161421770,2024,161421770,2,9,0,-1,19,6,2,-1,0,1,0,0,1,0,1,1,-1,2,2,43,7,1461,2,7,NISSAN JUKE,2,E01013259,0,1
2024010534539,2024,010534539,1,9,0,18,19,7,3,0,0,1,0,0,0,0,1,1,3,7,2,31,6,1598,1,6,NISSAN JUKE,2,E01001574,0,1
2024211483952,2024,211483952,1,9,-1,-1,-1,-1,-1,-1,-1,-1,-1,-1,-1,0,-1,9,-1,6,1,60,9,1461,2,7,NISSAN JUKE,-1,-1,0,-1
2024211416387,2024,211416387,1,9,0,-1,19,2,6,-1,0,0,0,0,0,0,1,1,-1,6,1,42,7,1461,2,9,NISSAN JUKE,2,E01014279,0,1
2024461462590,2024,461462590,2,9,0,-1,4,4,3,-1,0,1,0,0,0,0,3,9,-1,6,2,58,9,999,1,0,NISSAN JUKE,7,E01035279,0,3
2024052402706,2024,052402706,1,9,0,18,19,7,3,0,0,8,0,0,0,0,4,1,6,6,3,-1,-1,1197,1,9,NISSAN JUKE,-1,-1,0,-1
2024041441825,2024,041441825,1,9,0,-1,19,1,5,-1,0,1,0,0,0,0,1,1,-1,9,1,22,5,999,1,0,NISSAN JUKE,1,E01025067,0,2
2024010549071,2024,010549071,1,9,0,99,99,9,9,99,99,9,9,99,9,99,1,9,6,6,3,68,10,1598,1,13,NISSAN JUKE,2,E01003252,0,1
2024231518274,2024,231518274,1,9,0,-1,5,5,1,-1,0,8,0,0,0,0,1,1,-1,7,1,51,8,1461,2,12,NISSAN JUKE,5,E01031327,0,1
2024122400344,2024,122400344,1,9,0,18,19,5,1,0,0,0,0,0,0,0,1,1,6,6,1,76,11,1197,1,7,NISSAN JUKE,6,E01027881,0,3
2024320474659,2024,320474659,1,9,0,-1,-1,8,4,0,0,8,0,0,0,0,1,1,-1,-1,2,31,6,1461,2,11,NISSAN JUKE,7,E01026066,0,4
2024010526137,2024,010526137,2,9,0,2,2,0,0,0,0,1,0,0,0,0,2,1,6,6,3,-1,-1,1598,1,6,NISSAN JUKE,-1,-1,0,-1
2024131533160,2024,131533160,2,9,0,-1,19,7,3,-1,0,8,0,0,0,0,1,2,-1,6,2,55,8,1598,1,7,NISSAN JUKE,3,E01011601,0,1
2024111422293,2024,111422293,2,9,0,-1,19,8,4,-1,0,0,0,0,0,0,2,1,-1,6,2,40,7,1461,2,7,NISSAN JUKE,2,E01020670,0,1
2024010505453,2024,010505453,1,9,0,18,19,3,7,0,0,1,0,0,0,0,1,1,2,2,2,41,7,1197,1,9,NISSAN JUKE,9,E01030861,0,2
2024052400903,2024,052400903,2,9,0,11,11,3,7,0,0,1,0,0,0,0,4,1,6,6,1,-1,-1,999,1,2,NISSAN JUKE,-1,-1,0,-1
2024221479681,2024,221479681,2,9,0,-1,9,6,4,-1,0,5,0,0,0,0,3,1,-1,6,1,69,10,1598,1,6,NISSAN JUKE,3,E01032251,0,1
2024340NN0772,2024,340NN0772,4,9,0,-1,3,5,1,-1,0,0,0,0,0,0,0,1,-1,9,2,33,6,1461,2,7,NISSAN JUKE,6,E01027090,0,1
2024221519314,2024,221519314,1,9,0,-1,5,5,1,-1,0,4,0,0,0,0,3,1,-1,6,1,25,5,1461,2,10,NISSAN JUKE,7,E01028981,0,1
2024131417640,2024,131417640,1,9,0,-1,9,1,6,-1,0,1,0,0,0,0,1,1,-1,9,2,38,7,1598,8,1,NISSAN JUKE,1,E01010831,0,1
2024010522485,2024,010522485,1,9,0,18,19,1,5,9,9,1,0,10,0,0,1,1,6,6,1,24,5,999,1,4,NISSAN JUKE,-1,-1,0,-1
2024010524069,2024,010524069,2,9,0,99,99,9,9,99,99,9,9,99,9,99,9,9,6,6,3,62,9,1598,8,1,NISSAN JUKE,5,E01000417,0,1
2024010525468,2024,010525468,1,9,0,18,19,1,5,0,0,1,5,4,0,0,1,1,6,6,2,31,6,1612,1,13,NISSAN JUKE,7,E01004134,0,1
2024320083242,2024,320083242,2,9,0,2,2,0,0,0,0,0,0,0,0,0,2,1,1,1,2,67,10,1598,1,7,NISSAN JUKE,4,E01026190,0,1
2024501447522,2024,501447522,1,8,0,-1,19,3,8,-1,0,0,0,0,0,0,1,1,-1,6,3,-1,-1,1598,8,1,NISSAN JUKE,-1,-1,0,-1
2024131424682,2024,131424682,3,9,0,-1,19,5,1,-1,0,8,0,0,0,0,1,1,-1,2,2,27,6,1598,8,1,NISSAN JUKE,3,E01010825,0,1
2024010513702,2024,010513702,2,9,0,2,2,0,0,0,0,1,0,4,0,0,2,1,6,6,3,-1,-1,999,1,0,NISSAN JUKE,-1,-1,0,-1
2024010518302,2024,010518302,2,9,0,99,99,9,9,99,99,9,9,99,9,99,1,9,6,6,3,64,9,1598,1,12,NISSAN JUKE,3,E01003357,0,3
2024552400552,2024,552400552,2,9,0,18,19,1,5,0,0,3,0,0,0,0,1,1,2,2,1,34,6,1461,2,7,NISSAN JUKE,6,E01020527,0,3
2024061512839,2024,061512839,2,9,0,-1,9,1,7,-1,0,1,0,0,0,0,4,1,-1,2,1,52,8,999,1,4,NISSAN JUKE,2,E01005966,0,1