collision_index,collision_year,collision_ref_no,vehicle_reference,vehicle_type,towing_and_articulation,vehicle_manoeuvre_historic,vehicle_manoeuvre,vehicle_direction_from,vehicle_direction_to,vehicle_location_restricted_lane_historic,vehicle_location_restricted_lane,junction_location,skidding_and_overturning,hit_object_in_carriageway,vehicle_leaving_carriageway,hit_object_off_carriageway,first_point_of_impact,vehicle_left_hand_drive,journey_purpose_of_driver_historic,journey_purpose_of_driver,sex_of_driver,age_of_driver,age_band_of_driver,engine_capacity_cc,propulsion_code,age_of_vehicle,generic_make_model,driver_imd_decile,lsoa_of_driver,escooter_flag,driver_distance_banding
2024161507654,2024,161507654,4,9,0,-1,19,2,6,-1,0,0,1,0,0,0,1,1,-1,9,2,48,8,1197,1,6,NISSAN JUKE,4,E01012964,0,2
2024991534761,2024,991534761,1,9,0,-1,8,1,4,-1,0,1,0,0,0,0,3,1,-1,9,1,26,6,999,1,0,NISSAN JUKE,5,E01023900,0,5
2024991467375,2024,991467375,1,9,0,-1,6,1,1,-1,0,6,0,0,0,0,1,1,-1,9,1,55,8,1598,8,1,NISSAN JUKE,-1,-1,0,-1
2024471507807,2024,471507807,1,9,0,-1,9,3,1,-1,0,1,0,0,0,0,1,1,-1,6,2,61,9,1461,2,8,NISSAN JUKE,1,E01031404,0,2
2024361495094,2024,361495094,1,9,0,-1,7,3,1,-1,0,8,0,0,0,0,1,1,-1,9,1,40,7,1461,2,13,NISSAN JUKE,3,E01033038,0,4
2024501461083,2024,501461083,1,9,0,-1,19,2,6,-1,0,4,0,0,0,0,1,1,-1,2,1,42,7,1461,2,13,NISSAN JUKE,3,E01034864,0,3
2024010490726,2024,010490726,1,9,0,-1,-1,5,1,0,0,0,0,0,0,0,4,1,3,7,1,35,6,1598,1,7,NISSAN JUKE,5,E01035292,0,4
2024101445565,2024,101445565,1,9,0,-1,19,7,3,-1,0,0,0,0,0,0,4,1,-1,6,1,54,8,1598,1,7,NISSAN JUKE,3,E01020722,0,4
2024501470700,2024,501470700,1,9,0,-1,19,3,7,-1,0,0,1,0,7,0,1,1,-1,7,2,44,7,1461,2,9,NISSAN JUKE,4,E01020073,0,1
202417M105824,2024,17M105824,1,9,0,-1,8,5,6,-1,0,1,0,0,0,0,2,1,-1,9,2,36,7,1197,1,9,NISSAN JUKE,1,E01012050,0,1
2024201470251,2024,201470251,2,9,0,-1,19,1,5,-1,0,8,0,0,0,0,4,1,-1,2,1,-1,-1,1598,1,5,NISSAN JUKE,-1,-1,0,-1
2024010544000,2024,010544000,1,9,0,3,3,8,4,0,0,1,0,4,0,0,4,1,6,6,2,44,7,1618,1,10,NISSAN JUKE,2,E01001482,0,1
2024201436378,2024,201436378,2,9,0,-1,19,2,6,-1,0,0,1,0,1,0,2,1,-1,6,2,41,7,1461,2,10,NISSAN JUKE,10,E01031300,0,3
2024161417812,2024,161417812,1,9,0,-1,19,6,2,-1,0,0,0,0,0,0,1,1,-1,9,2,57,9,1461,2,8,NISSAN JUKE,3,E01013045,0,1
2024111457178,2024,111457178,1,9,0,-1,19,7,3,-1,0,0,5,10,0,0,3,1,-1,1,2,31,6,1598,1,9,NISSAN JUKE,2,E01012350,0,2
2024311412476,2024,311412476,1,9,0,-1,3,6,6,-1,0,0,0,0,0,0,2,1,-1,2,2,56,9,1598,1,14,NISSAN JUKE,10,E01026203,0,4
2024010499691,2024,010499691,2,9,0,99,99,9,9,99,99,9,9,99,9,99,9,9,6,6,3,-1,-1,1598,1,7,NISSAN JUKE,-1,-1,0,-1
2024991532847,2024,991532847,2,9,0,-1,19,6,2,-1,0,0,0,0,0,0,3,1,-1,9,2,35,6,999,1,3,NISSAN JUKE,4,-1,0,4
2024461428105,2024,461428105,2,9,0,-1,9,4,3,-1,0,0,0,0,0,0,4,1,-1,6,2,24,5,1598,1,13,NISSAN JUKE,6,E01024700,0,2
2024010498991,2024,010498991,2,9,0,18,19,7,3,0,0,1,0,0,0,0,2,1,6,6,2,58,9,1598,1,14,NISSAN JUKE,3,E01002264,0,3
2024421506907,2024,421506907,1,9,0,-1,-1,-1,-1,-1,-1,0,-1,-1,-1,0,-1,9,-1,6,3,-1,-1,999,1,0,NISSAN JUKE,-1,-1,0,-1
2024461515520,2024,461515520,2,9,0,-1,4,6,2,-1,0,0,0,0,0,0,1,1,-1,9,2,53,8,1461,2,8,NISSAN JUKE,7,E01016162,0,1
2024501434007,2024,501434007,1,9,0,-1,9,3,5,-1,0,6,0,0,0,0,4,1,-1,9,1,78,11,999,1,1,NISSAN JUKE,4,E01015037,0,2
2024211474360,2024,211474360,2,9,0,-1,3,5,1,-1,0,1,0,0,0,0,2,1,-1,6,2,41,7,1197,1,9,NISSAN JUKE,8,E01029579,0,1
2024471522439,2024,471522439,2,9,0,-1,19,6,2,-1,0,0,1,0,0,0,3,1,-1,2,1,28,6,1461,2,9,NISSAN JUKE,1,E01022933,0,3
2024430040251,2024,430040251,1,9,0,18,19,7,3,0,0,1,0,0,0,0,1,1,6,6,2,44,7,1598,1,5,NISSAN JUKE,-1,-1,0,-1
2024010508190,2024,010508190,3,9,0,18,19,5,1,0,0,1,0,0,0,0,1,1,6,6,1,29,6,1598,1,11,NISSAN JUKE,3,E01001298,0,1
2024122400235,2024,122400235,2,9,0,18,19,7,3,0,0,0,0,0,0,0,3,1,2,2,2,43,7,999,1,2,NISSAN JUKE,9,E01010589,0,4
2024061502920,2024,061502920,2,9,0,-1,7,1,1,-1,0,8,0,0,0,0,1,1,-1,6,1,30,6,999,1,0,NISSAN JUKE,-1,-1,0,-1
2024320051528,2024,320051528,2,9,0,-1,-1,6,2,0,0,8,0,0,0,0,3,1,6,6,2,26,6,1461,2,12,NISSAN JUKE,6,E01034644,0,4
2024010546153,2024,010546153,3,9,0,2,2,0,0,0,0,1,0,0,0,0,2,1,6,6,3,-1,-1,1598,1,9,NISSAN JUKE,-1,-1,0,-1
2024552400937,2024,552400937,1,9,0,18,19,4,8,0,0,0,0,0,0,0,1,1,2,2,2,27,6,1598,1,7,NISSAN JUKE,1,E01015288,0,1
2024010538980,2024,010538980,2,19,0,-1,-1,5,1,0,0,0,1,0,0,0,1,1,6,6,1,51,8,1598,1,11,NISSAN JUKE,3,E01000499,0,1
2024201400447,2024,201400447,2,9,0,-1,3,2,6,-1,0,1,0,0,0,0,3,1,-1,6,2,38,7,1598,1,13,NISSAN JUKE,3,E01009508,0,1
2024010517268,2024,010517268,2,9,9,99,99,9,9,99,99,0,9,99,9,99,9,9,6,6,3,-1,-1,1197,1,8,NISSAN JUKE,-1,-1,0,-1
202454C056524,2024,54C056524,1,9,0,5,5,1,5,0,0,4,0,0,0,0,1,1,6,6,1,69,10,1598,1,8,NISSAN JUKE,6,E01020476,0,4
2024991490978,2024,991490978,1,9,0,-1,19,2,7,-1,0,0,0,0,0,0,1,2,-1,9,2,73,10,999,1,0,NISSAN JUKE,-1,-1,0,-1
2024010541238,2024,010541238,2,9,0,99,99,9,9,99,99,9,9,99,9,99,2,9,6,6,2,51,8,999,1,0,NISSAN JUKE,1,E01013812,0,5
2024010525460,2024,010525460,2,9,0,18,19,3,7,1,1,1,0,0,0,0,1,1,6,6,2,47,8,999,1,4,NISSAN JUKE,3,E01034205,0,1
2024010538593,2024,010538593,1,9,0,9,9,7,4,0,0,5,0,0,0,0,4,1,6,6,2,36,7,1598,8,1,NISSAN JUKE,3,E01003575,0,1
2024991517838,2024,991517838,1,9,0,-1,19,5,1,-1,0,0,0,0,0,0,1,1,-1,9,1,55,8,1461,2,10,NISSAN JUKE,5,-1,0,1
2024010516771,2024,010516771,2,9,0,18,19,3,7,0,0,0,0,0,0,0,3,1,6,6,2,42,7,1197,1,8,NISSAN JUKE,2,E01001128,0,1
2024991492243,2024,991492243,1,9,0,-1,19,3,7,-1,0,0,2,0,1,11,1,1,-1,9,2,24,5,1198,1,7,NISSAN JUKE,2,-1,0,3
2024501439972,2024,501439972,1,9,0,-1,19,7,3,-1,0,0,0,0,0,0,3,1,-1,9,2,78,11,999,1,4,NISSAN JUKE,6,E01015127,0,1
2024010545633,2024,010545633,1,9,0,9,9,3,1,4,4,1,0,10,0,0,1,1,6,6,3,-1,-1,1598,1,12,NISSAN JUKE,-1,-1,0,-1
2024211481613,2024,211481613,3,9,0,-1,19,7,3,-1,0,1,0,0,0,0,3,1,-1,2,2,58,9,1461,2,8,NISSAN JUKE,-1,-1,0,-1
2024471508665,2024,471508665,1,9,0,-1,19,1,5,-1,0,1,0,0,0,0,1,1,-1,6,1,54,8,1598,8,1,NISSAN JUKE,1,E01021136,0,1
2024041473523,2024,041473523,1,9,0,-1,7,5,1,-1,0,6,0,0,0,0,3,1,-1,9,2,56,9,1461,2,7,NISSAN JUKE,4,E01012703,0,1
2024421494823,2024,421494823,1,9,0,-1,-1,-1,-1,-1,-1,0,-1,-1,-1,0,-1,9,-1,6,2,38,7,1598,8,2,NISSAN JUKE,5,E01021809,0,1
2024302401392,2024,302401392,2,9,0,10,10,3,1,0,0,0,1,0,1,10,2,1,6,6,2,35,6,1598,1,10,NISSAN JUKE,5,E01019417,0,1
2024052402234,2024,052402234,3,9,0,18,19,6,2,0,0,1,0,0,0,0,1,1,6,6,2,56,9,1598,1,5,NISSAN JUKE,2,E01006727,0,1
2024401526227,2024,401526227,2,9,0,-1,9,3,1,-1,0,6,0,0,0,0,1,1,-1,6,1,67,10,999,1,3,NISSAN JUKE,2,E01017492,0,1
2024131419063,2024,131419063,1,9,0,-1,5,1,5,-1,0,6,0,0,0,0,1,2,-1,9,2,32,6,1598,1,8,NISSAN JUKE,5,E01011928,0,2
2024361503668,2024,361503668,2,9,0,-1,2,0,0,-1,0,0,5,4,1,0,1,1,-1,6,2,19,4,1461,2,11,NISSAN JUKE,9,E01026582,0,2
2024520003164,2024,520003164,2,9,0,18,19,1,5,0,0,0,0,0,0,0,1,1,6,6,3,-1,-1,1197,1,9,NISSAN JUKE,-1,-1,0,-1
2024991441251,2024,991441251,1,9,0,-1,9,5,4,-1,0,6,0,0,0,0,1,1,-1,6,1,40,7,999,1,1,NISSAN JUKE,1,-1,0,1
2024461423477,2024,461423477,3,9,0,-1,19,1,5,-1,0,0,0,0,0,0,2,1,-1,9,1,48,8,1598,1,13,NISSAN JUKE,7,E01024602,0,2
2024201419965,2024,201419965,2,9,0,-1,9,4,2,-1,0,6,0,0,0,0,3,1,-1,6,2,26,6,999,1,4,NISSAN JUKE,1,E01008882,0,3
2024991425574,2024,991425574,1,9,0,-1,19,4,8,-1,0,0,0,0,0,0,1,1,-1,9,2,37,7,1198,1,6,NISSAN JUKE,-1,-1,0,-1
2024231422620,2024,231422620,2,9,0,-1,19,8,4,-1,0,0,0,0,0,0,1,1,-1,2,2,48,8,1598,1,9,NISSAN JUKE,9,E01034320,0,3
2024461502351,2024,461502351,1,9,0,-1,19,5,1,-1,0,8,0,0,0,0,1,9,-1,1,1,47,8,1197,1,9,NISSAN JUKE,1,E01024504,0,1
2024131468539,2024,131468539,1,9,0,-1,19,2,6,-1,0,0,0,0,0,0,4,1,-1,1,2,59,9,1197,1,10,NISSAN JUKE,1,E01010631,0,1
2024131404340,2024,131404340,3,9,0,-1,2,3,3,-1,0,0,0,0,0,0,1,1,-1,6,-1,-1,-1,1461,2,10,NISSAN JUKE,-1,-1,0,-1
2024010522718,2024,010522718,1,9,0,18,19,5,1,0,0,6,0,0,0,0,1,1,6,6,2,46,8,999,1,3,NISSAN JUKE,5,E01004065,0,1
2024131516906,2024,131516906,2,9,0,-1,19,3,7,-1,0,0,0,0,0,0,2,1,-1,9,1,74,10,999,1,0,NISSAN JUKE,5,E01008224,0,5
2024031479599,2024,031479599,1,9,0,-1,5,7,3,-1,0,0,0,0,0,0,1,1,-1,9,2,69,10,1598,1,5,NISSAN JUKE,2,E01019172,0,1
2024010511355,2024,010511355,2,9,0,99,99,9,9,99,99,9,9,99,9,99,1,9,6,6,3,31,6,1598,1,12,NISSAN JUKE,3,E01004226,0,3
2024421479412,2024,421479412,2,9,0,-1,19,3,7,-1,0,0,0,0,1,0,1,1,-1,6,2,66,10,1598,1,8,NISSAN JUKE,-1,-1,0,-1
2024101486912,2024,101486912,2,9,0,-1,19,1,5,-1,0,1,0,0,0,0,1,1,-1,6,2,48,8,1461,2,8,NISSAN JUKE,8,E01008612,0,4
2024041475917,2024,041475917,1,9,0,-1,19,3,7,-1,0,0,5,4,0,0,4,1,-1,9,2,36,7,999,1,1,NISSAN JUKE,2,E01025578,0,1
2024461529904,2024,461529904,1,9,0,-1,19,2,4,-1,0,8,0,0,0,0,1,1,-1,6,1,24,5,999,1,4,NISSAN JUKE,6,E01016124,0,1
2024221430726,2024,221430726,1,9,0,-1,19,7,2,-1,0,1,0,0,0,0,1,9,-1,6,1,55,8,1461,2,11,NISSAN JUKE,1,E01009107,0,1
2024131470233,2024,131470233,5,9,0,-1,2,0,0,-1,0,8,0,0,0,0,2,1,-1,6,-1,-1,-1,1197,1,6,NISSAN JUKE,-1,-1,0,-1
2024421454691,2024,421454691,1,9,0,-1,7,6,1,-1,0,2,0,0,0,0,1,9,-1,6,2,45,7,999,1,3,NISSAN JUKE,5,E01033787,0,4
2024430627290,2024,430627290,1,9,0,9,9,2,7,0,0,5,0,0,0,0,4,1,6,6,2,47,8,1598,1,8,NISSAN JUKE,4,E01017661,0,1
2024010513864,2024,010513864,2,9,0,3,3,8,4,0,0,0,1,0,0,0,2,1,6,6,2,47,8,1598,1,11,NISSAN JUKE,4,E01002279,0,1
2024010518609,2024,010518609,2,9,0,2,2,0,0,0,0,2,0,0,0,0,1,1,6,6,3,-1,-1,1197,1,7,NISSAN JUKE,-1,-1,0,-1
2024061393759,2024,061393759,1,9,0,-1,19,2,6,-1,0,8,0,0,0,0,1,1,-1,6,-1,30,6,999,1,0,NISSAN JUKE,-1,-1,0,-1
2024010525104,2024,010525104,2,9,0,18,19,7,3,0,0,0,0,0,0,0,1,1,6,6,1,57,9,1598,1,7,NISSAN JUKE,4,E01001699,0,1
2024320471176,2024,320471176,1,9,0,-1,-1,4,8,0,0,8,0,0,0,0,1,1,-1,-1,2,41,7,999,1,1,NISSAN JUKE,-1,-1,0,-1
2024211428363,2024,211428363,2,9,0,-1,19,4,8,-1,0,1,0,0,0,0,1,1,-1,6,2,30,6,1598,1,6,NISSAN JUKE,9,E01029465,0,4
2024461472108,2024,461472108,2,9,0,-1,10,7,4,-1,0,1,0,0,0,0,2,1,-1,6,2,45,7,1598,1,10,NISSAN JUKE,7,E01024515,0,1
2024351455711,2024,351455711,2,9,0,-1,19,1,5,-1,0,1,0,0,0,0,3,1,-1,6,1,41,7,1598,1,14,NISSAN JUKE,2,E01033182,0,4
2024501410881,2024,501410881,2,9,0,-1,7,5,1,-1,0,0,0,0,0,0,2,1,-1,6,2,37,7,1461,2,10,NISSAN JUKE,4,E01015042,0,1
2024010507290,2024,010507290,2,9,0,18,19,5,1,0,0,6,0,0,0,0,1,1,6,6,1,21,5,1197,1,6,NISSAN JUKE,1,E01003291,0,3
2024991450467,2024,991450467,1,9,0,-1,19,7,3,-1,0,0,5,0,0,0,1,1,-1,9,1,80,11,999,1,1,NISSAN JUKE,-1,-1,0,-1
2024531517005,2024,531517005,2,9,0,-1,3,3,7,-1,0,0,0,0,0,0,2,1,-1,2,2,43,7,1461,2,9,NISSAN JUKE,4,E01022450,0,1
2024221442520,2024,221442520,1,9,0,-1,7,7,2,-1,0,6,0,0,0,0,3,9,-1,6,1,74,10,1598,1,5,NISSAN JUKE,5,E01014063,0,4
2024010551603,2024,010551603,1,9,9,99,99,9,9,99,99,0,9,99,9,99,9,9,6,6,3,36,7,1197,1,9,NISSAN JUKE,4,E01015956,0,4
2024061517187,2024,061517187,1,9,0,-1,19,3,7,-1,0,1,0,0,0,0,2,1,-1,6,1,34,6,999,1,1,NISSAN JUKE,4,E01004961,0,3
2024461530800,2024,461530800,1,9,0,-1,19,6,2,-1,0,0,0,0,0,0,4,9,-1,6,2,56,9,1598,1,5,NISSAN JUKE,3,E01024713,0,2
2024201457680,2024,201457680,2,9,0,-1,2,0,0,-1,0,0,0,0,0,0,1,1,-1,9,2,27,6,1598,1,12,NISSAN JUKE,2,E01008886,0,1
2024622400580,2024,622400580,2,9,0,18,19,1,6,0,0,8,0,0,0,0,3,1,6,6,2,47,8,1197,1,7,NISSAN JUKE,7,W01001889,0,1
2024101488370,2024,101488370,2,9,0,-1,2,0,0,-1,0,0,0,0,0,0,1,1,-1,6,3,-1,-1,999,1,1,NISSAN JUKE,-1,-1,0,-1
2024411495405,2024,411495405,1,9,0,-1,7,2,6,-1,9,3,0,10,1,1,3,1,-1,6,2,82,11,1598,1,12,NISSAN JUKE,9,E01002225,0,3
2024991533799,2024,991533799,3,9,0,-1,19,7,3,-1,0,0,0,0,0,0,1,1,-1,6,1,59,9,999,1,0,NISSAN JUKE,8,-1,0,4
2024421489810,2024,421489810,3,9,0,-1,2,0,0,-1,9,2,0,0,0,0,1,1,-1,6,-1,-1,-1,1197,1,7,NISSAN JUKE,-1,-1,0,-1
2024552401422,2024,552401422,1,9,0,5,5,8,4,0,0,0,0,0,0,0,1,1,6,6,1,44,7,1461,2,11,NISSAN JUKE,2,E01015304,0,1
2024421526804,2024,421526804,2,9,0,-1,4,1,1,-1,0,0,0,0,0,0,2,1,-1,9,2,37,7,1598,1,10,NISSAN JUKE,8,E01021830,0,1
2024061401331,2024,061401331,2,9,0,-1,19,-1,-1,-1,0,0,0,0,0,0,-1,9,-1,6,2,-1,-1,1598,1,12,NISSAN JUKE,1,E01005698,0,2
2024201492093,2024,201492093,1,9,0,-1,19,6,2,-1,0,0,0,0,0,0,1,1,-1,6,-1,-1,-1,999,1,3,NISSAN JUKE,-1,-1,0,-1
2024041518443,2024,041518443,1,9,0,-1,19,3,7,-1,0,0,5,0,0,0,1,1,-1,9,1,50,8,1461,2,8,NISSAN JUKE,1,E01025570,0,2
2024201503205,2024,201503205,2,9,0,-1,2,5,1,-1,9,0,0,0,0,0,2,1,-1,6,-1,-1,-1,1598,1,11,NISSAN JUKE,-1,-1,0,-1
2024201495649,2024,201495649,3,9,0,-1,19,5,1,-1,0,0,0,0,0,0,2,1,-1,2,2,39,7,1598,1,11,NISSAN JUKE,2,E01010004,0,3
2024131450358,2024,131450358,4,9,0,-1,19,3,7,-1,0,1,0,0,0,0,4,1,-1,9,1,22,5,999,1,0,NISSAN JUKE,1,E01011427,0,1
2024010532438,2024,010532438,2,9,9,99,99,9,9,99,99,9,9,99,9,99,9,9,6,6,3,-1,-1,1598,1,10,NISSAN JUKE,4,E01003102,0,1
2024622400782,2024,622400782,1,9,0,5,5,8,4,0,0,1,0,0,0,0,1,1,6,6,2,63,9,999,1,0,NISSAN JUKE,9,W01001104,0,1
2024430606320,2024,430606320,1,9,0,18,19,5,1,0,0,0,0,0,0,0,1,1,6,6,2,58,9,1461,2,9,NISSAN JUKE,9,E01011939,0,5
2024201503220,2024,201503220,1,9,0,-1,10,6,2,-1,0,1,0,0,0,0,4,1,-1,6,1,46,8,1598,1,10,NISSAN JUKE,1,E01009585,0,1
2024221481969,2024,221481969,1,9,0,-1,19,1,5,-1,0,0,0,0,0,0,1,1,-1,9,2,65,9,1461,2,10,NISSAN JUKE,2,E01032240,0,3
2024461404962,2024,461404962,2,9,0,-1,4,5,8,-1,0,0,0,0,0,0,2,1,-1,9,2,55,8,1598,1,8,NISSAN JUKE,1,E01016062,0,1
2024010518054,2024,010518054,2,9,0,99,99,9,9,99,99,9,9,99,9,99,1,9,6,6,3,-1,-1,999,1,3,NISSAN JUKE,-1,-1,0,-1
2024201476647,2024,201476647,1,9,0,-1,19,6,2,-1,0,0,0,4,0,0,4,1,-1,9,1,52,8,1598,1,6,NISSAN JUKE,4,E01010006,0,1
2024451513676,2024,451513676,3,9,0,-1,19,1,5,-1,0,1,0,0,0,0,0,1,-1,6,2,32,6,999,1,2,NISSAN JUKE,9,E01030727,0,2
2024311415156,2024,311415156,1,9,0,-1,19,2,7,-1,0,1,0,0,0,0,1,1,-1,2,1,68,10,1598,1,7,NISSAN JUKE,9,E01028120,0,2
2024010512097,2024,010512097,2,9,0,18,19,7,3,9,9,3,0,0,0,0,2,1,6,6,1,53,8,999,1,2,NISSAN JUKE,-1,-1,0,-1
2024471399458,2024,471399458,3,9,0,-1,19,5,1,-1,0,0,0,0,0,0,1,1,-1,2,2,52,8,999,1,4,NISSAN JUKE,10,E01031715,0,1
2024201424681,2024,201424681,2,9,0,-1,3,4,8,-1,0,1,0,0,0,0,2,1,-1,6,2,71,10,1598,1,11,NISSAN JUKE,2,E01009684,0,1
2024991439276,2024,991439276,1,9,0,-1,19,2,7,-1,0,0,0,0,1,0,1,9,-1,9,2,25,5,1461,2,8,NISSAN JUKE,7,-1,0,2
2024201479607,2024,201479607,2,9,0,-1,3,3,7,-1,0,0,0,0,0,0,2,1,-1,6,2,50,8,1598,1,13,NISSAN JUKE,5,E01014804,0,5
2024010533518,2024,010533518,1,9,0,99,99,9,9,99,99,0,9,99,9,99,2,9,6,6,1,37,7,999,1,1,NISSAN JUKE,6,E01003751,0,3
2024010498680,2024,010498680,3,9,0,18,19,5,1,0,0,1,0,0,0,0,4,1,6,6,2,60,9,999,1,1,NISSAN JUKE,6,E01003255,0,1
2024061518318,2024,061518318,1,9,0,-1,3,-1,-1,-1,0,9,0,0,0,0,2,1,-1,9,2,55,8,1598,1,5,NISSAN JUKE,8,E01005865,0,1
2024501505797,2024,501505797,1,9,0,-1,19,5,1,-1,0,0,5,10,1,0,4,1,-1,9,1,44,7,1197,1,8,NISSAN JUKE,-1,-1,0,-1
2024430537470,2024,430537470,2,9,0,18,19,4,8,0,0,0,0,0,0,0,1,1,6,6,2,30,6,1598,1,9,NISSAN JUKE,-1,-1,0,-1
2024320189979,2024,320189979,2,9,0,9,9,7,4,0,0,6,0,0,0,0,3,1,-1,-1,2,20,4,1461,2,12,NISSAN JUKE,6,E01026309,0,1
2024991414205,2024,991414205,2,9,0,-1,19,7,4,-1,0,2,0,0,0,0,4,1,-1,1,1,39,7,999,1,1,NISSAN JUKE,2,-1,0,1
2024451480654,2024,451480654,2,9,0,-1,19,3,7,-1,0,1,0,0,0,0,1,1,-1,9,2,51,8,1598,1,10,NISSAN JUKE,9,E01030846,0,1
2024061442769,2024,061442769,1,9,0,-1,9,5,7,-1,0,0,0,0,0,0,0,1,-1,6,2,46,8,1461,2,8,NISSAN JUKE,9,E01004965,0,2
2024544092324,2024,544092324,1,9,0,18,19,7,3,0,0,1,5,4,0,0,1,1,6,6,1,38,7,999,1,1,NISSAN JUKE,5,E01032090,0,1
2024070889654,2024,070889654,1,9,0,-1,9,4,2,-1,0,8,0,0,0,0,1,1,-1,6,2,75,10,1598,1,13,NISSAN JUKE,-1,-1,0,-1
2024211415910,2024,211415910,2,9,0,-1,10,2,8,-1,0,8,0,0,0,0,2,9,-1,2,2,-1,-1,1598,1,11,NISSAN JUKE,8,E01009919,0,1
2024061518145,2024,061518145,1,9,0,-1,9,1,7,-1,0,6,0,0,0,0,1,1,-1,6,2,21,5,1598,1,10,NISSAN JUKE,5,E01006200,0,1
2024122401094,2024,122401094,2,9,0,4,4,5,1,0,0,4,0,0,0,0,2,1,6,6,1,27,6,999,1,2,NISSAN JUKE,10,E01013432,0,1
2024540263024,2024,540263024,2,9,0,2,2,0,0,0,0,0,0,0,0,0,4,1,6,6,2,25,5,1461,2,12,NISSAN JUKE,9,E01031931,0,2
2024010536082,2024,010536082,2,9,0,99,99,9,9,99,99,0,9,99,9,99,9,9,6,6,3,-1,-1,1598,1,11,NISSAN JUKE,-1,-1,0,-1
2024471541323,2024,471541323,1,9,0,-1,7,5,7,-1,0,1,0,0,0,0,2,1,-1,6,1,43,7,1598,1,11,NISSAN JUKE,4,E01031572,0,2
2024552400939,2024,552400939,2,9,0,4,4,3,7,0,0,0,0,0,0,0,2,1,6,6,1,73,10,999,1,4,NISSAN JUKE,8,E01016180,0,5
2024010551214,2024,010551214,1,9,0,18,19,2,6,0,0,0,0,0,0,0,4,1,2,2,2,52,8,1598,1,11,NISSAN JUKE,2,E01001051,0,1
2024501463850,2024,501463850,1,9,0,-1,9,4,2,-1,0,6,0,0,0,0,1,1,-1,6,1,81,11,1618,1,10,NISSAN JUKE,5,E01018845,0,1
2024101398992,2024,101398992,2,9,0,-1,19,5,1,-1,0,1,0,0,0,0,1,1,-1,9,2,42,7,1461,2,11,NISSAN JUKE,2,E01027414,0,1
2024201477151,2024,201477151,1,9,0,-1,19,1,5,-1,0,2,0,0,0,0,3,2,-1,9,2,30,6,1461,2,7,NISSAN JUKE,3,E01009770,0,1
2024451430894,2024,451430894,3,9,0,-1,2,0,0,-1,0,0,0,0,0,0,1,1,-1,6,-1,-1,-1,1197,1,6,NISSAN JUKE,-1,-1,0,-1
2024302401108,2024,302401108,2,9,0,9,9,5,3,0,0,8,0,0,0,0,1,1,2,2,2,58,9,1598,8,0,NISSAN JUKE,2,E01013521,0,1
2024041428232,2024,041428232,1,9,0,-1,19,1,5,-1,0,2,0,0,0,0,1,1,-1,1,1,64,9,1598,1,12,NISSAN JUKE,2,E01012734,0,1
2024031489905,2024,031489905,1,9,0,-1,19,2,6,-1,0,0,0,0,0,0,1,1,-1,6,2,63,9,1197,1,9,NISSAN JUKE,4,E01019102,0,4
2024041535649,2024,041535649,3,9,0,-1,2,0,0,-1,0,1,0,0,0,0,2,1,-1,6,-1,-1,-1,1461,2,10,NISSAN JUKE,-1,-1,0,-1
2024061465155,2024,061465155,1,9,0,-1,7,1,5,-1,4,1,0,0,0,0,4,1,-1,6,2,70,10,1197,1,9,NISSAN JUKE,4,E01033976,0,2
2024010507001,2024,010507001,1,9,0,3,3,2,6,0,0,8,0,0,0,0,2,1,6,6,2,33,6,1461,2,8,NISSAN JUKE,10,W01000804,0,5
2024101501114,2024,101501114,2,9,0,-1,19,8,4,-1,0,0,0,0,0,0,3,1,-1,6,2,33,6,999,1,0,NISSAN JUKE,1,E01008227,0,1
202460Q007702,2024,60Q007702,1,9,0,7,7,5,7,0,0,8,0,0,0,0,1,1,3,7,2,33,6,1598,1,14,NISSAN JUKE,-1,-1,0,-1
2024010515936,2024,010515936,2,9,0,99,99,9,9,99,99,9,9,99,9,99,1,9,6,6,3,-1,-1,1598,1,11,NISSAN JUKE,-1,-1,0,-1
2024131472435,2024,131472435,1,9,0,-1,19,3,7,-1,0,0,0,0,6,0,1,1,-1,1,1,55,8,1461,2,10,NISSAN JUKE,3,E01011097,0,1
2024552400822,2024,552400822,1,9,0,4,4,7,3,0,0,0,0,0,0,0,1,1,6,6,2,62,9,999,1,1,NISSAN JUKE,6,E01015460,0,4
2024221440721,2024,221440721,1,9,0,-1,3,8,3,-1,0,1,0,0,0,0,2,9,-1,9,2,42,7,999,1,0,NISSAN JUKE,5,E01032244,0,1
2024471454939,2024,471454939,1,9,0,-1,1,7,1,-1,5,6,0,0,0,0,2,9,-1,9,1,36,7,1461,2,12,NISSAN JUKE,2,E01016906,0,1
2024052402153,2024,052402153,1,9,0,4,4,8,4,0,0,0,0,0,0,0,4,1,6,6,2,58,9,999,1,4,NISSAN JUKE,4,E01007053,0,1
2024010509440,2024,010509440,1,9,5,18,19,6,2,0,0,1,0,0,0,0,1,1,6,6,1,43,7,1598,1,12,NISSAN JUKE,-1,-1,0,-1
2024061521587,2024,061521587,1,9,0,-1,3,-1,-1,-1,0,0,0,0,0,0,2,1,-1,2,2,33,6,1461,2,7,NISSAN JUKE,5,E01006006,0,1
2024451503558,2024,451503558,3,9,0,-1,19,2,6,-1,0,0,0,0,0,0,2,1,-1,9,1,61,9,999,1,4,NISSAN JUKE,8,E01001022,0,4
2024430410950,2024,430410950,2,9,0,5,5,4,8,0,0,2,0,0,0,0,1,1,6,6,1,19,4,999,1,1,NISSAN JUKE,8,E01028547,0,1