collision_index,collision_year,collision_ref_no,vehicle_reference,vehicle_type,towing_and_articulation,vehicle_manoeuvre_historic,vehicle_manoeuvre,vehicle_direction_from,vehicle_direction_to,vehicle_location_restricted_lane_historic,vehicle_location_restricted_lane,junction_location,skidding_and_overturning,hit_object_in_carriageway,vehicle_leaving_carriageway,hit_object_off_carriageway,first_point_of_impact,vehicle_left_hand_drive,journey_purpose_of_driver_historic,journey_purpose_of_driver,sex_of_driver,age_of_driver,age_band_of_driver,engine_capacity_cc,propulsion_code,age_of_vehicle,generic_make_model,driver_imd_decile,lsoa_of_driver,escooter_flag,driver_distance_banding
2024340NN1152,2024,340NN1152,1,9,0,-1,19,1,5,-1,0,0,5,0,1,0,1,1,-1,6,2,36,7,1598,1,11,NISSAN JUKE,7,E01027117,0,2
2024061441140,2024,061441140,2,9,0,-1,2,0,0,-1,0,0,0,0,0,0,2,1,-1,6,-1,-1,-1,999,1,3,NISSAN JUKE,-1,-1,0,-1
2024010499203,2024,010499203,1,9,0,9,9,2,7,0,0,8,0,0,0,0,1,1,6,6,3,-1,-1,999,1,2,NISSAN JUKE,-1,-1,0,-1
2024440021186,2024,440021186,2,9,0,4,4,8,4,0,0,0,0,0,0,0,2,1,6,6,2,61,9,1598,1,12,NISSAN JUKE,9,E01022767,0,1
2024430487345,2024,430487345,1,9,0,18,19,2,8,0,0,0,0,0,0,0,1,1,3,7,2,39,7,999,1,3,NISSAN JUKE,10,E01017675,0,1
2024991416334,2024,991416334,3,9,0,-1,19,4,8,-1,0,0,0,0,0,0,3,1,-1,9,2,40,7,1461,2,10,NISSAN JUKE,1,-1,0,1
2024010540360,2024,010540360,2,9,9,99,99,9,9,99,99,9,9,99,9,99,9,2,6,6,3,-1,-1,999,1,1,NISSAN JUKE,-1,-1,0,-1
2024332400749,2024,332400749,2,9,0,-1,3,5,1,-1,0,0,0,0,0,0,3,1,-1,9,2,40,7,1598,1,13,NISSAN JUKE,3,E01025829,0,3
2024371454359,2024,371454359,2,9,0,-1,4,7,3,-1,0,1,0,0,0,0,2,1,-1,2,2,43,7,1598,1,6,NISSAN JUKE,5,E01029884,0,4
2024332400141,2024,332400141,1,9,0,-1,9,2,8,-1,0,6,0,0,0,0,4,1,-1,1,1,52,8,1598,1,12,NISSAN JUKE,3,E01013626,0,1
2024061395675,2024,061395675,1,9,0,-1,10,5,2,-1,0,8,0,0,0,0,1,1,-1,6,1,50,8,1461,2,10,NISSAN JUKE,2,E01029564,0,4
2024201403815,2024,201403815,4,9,0,-1,19,4,8,-1,0,0,1,0,0,0,2,9,-1,1,1,73,10,1461,2,7,NISSAN JUKE,1,E01033627,0,1
2024221539504,2024,221539504,3,9,0,-1,10,2,8,-1,0,1,0,0,0,0,1,1,-1,2,2,48,8,1461,2,10,NISSAN JUKE,6,E01028970,0,1
2024010519844,2024,010519844,1,9,0,18,19,3,7,0,0,0,0,0,0,0,2,1,6,6,2,55,8,1612,1,14,NISSAN JUKE,7,E01004134,0,1
2024131469069,2024,131469069,2,9,0,-1,19,3,7,-1,0,8,0,0,0,0,1,1,-1,9,1,85,11,1598,1,13,NISSAN JUKE,3,E01011722,0,1
2024041457695,2024,041457695,1,9,0,-1,19,7,3,-1,0,3,0,0,0,0,3,1,-1,1,2,59,9,1461,2,10,NISSAN JUKE,1,E01025171,0,1
2024361437736,2024,361437736,2,9,0,-1,4,7,3,-1,0,1,0,0,0,0,0,1,-1,2,2,48,8,1598,1,7,NISSAN JUKE,5,E01026529,0,3
2024010490292,2024,010490292,2,9,0,18,19,1,5,0,0,8,0,0,0,0,1,1,6,6,3,-1,-1,1598,1,12,NISSAN JUKE,-1,-1,0,-1
2024461469183,2024,461469183,1,9,0,-1,19,1,5,-1,0,8,0,0,0,0,1,9,-1,6,1,73,10,999,1,3,NISSAN JUKE,7,E01024521,0,1
2024552400248,2024,552400248,2,9,0,18,19,6,2,0,0,8,0,0,0,0,1,1,6,6,2,67,10,1598,1,10,NISSAN JUKE,6,E01029059,0,4
2024131503033,2024,131503033,2,9,0,-1,19,1,5,-1,0,1,0,0,0,0,4,1,-1,9,2,79,11,1197,1,10,NISSAN JUKE,3,E01011245,0,1
2024401465278,2024,401465278,1,9,0,-1,9,1,7,-1,0,0,0,4,0,0,1,1,-1,9,2,41,7,999,1,1,NISSAN JUKE,3,E01017619,0,1
2024211495426,2024,211495426,2,9,0,-1,20,1,1,-1,0,1,0,0,0,0,1,1,-1,6,-1,-1,-1,1461,2,9,NISSAN JUKE,-1,-1,0,-1
2024010548888,2024,010548888,2,9,0,18,19,1,5,0,0,2,0,0,0,0,3,1,6,6,2,46,8,999,1,4,NISSAN JUKE,2,E01003239,0,1
2024471454037,2024,471454037,2,9,0,-1,19,1,5,-1,0,1,0,0,0,0,2,1,-1,2,2,27,6,1598,1,5,NISSAN JUKE,5,E01034819,0,1
2024501395665,2024,501395665,1,9,0,-1,19,2,5,-1,0,1,0,0,0,0,3,9,-1,9,1,83,11,1197,1,6,NISSAN JUKE,5,E01020088,0,2
2024401409256,2024,401409256,1,9,0,-1,19,5,1,-1,0,0,0,0,0,0,1,1,-1,9,2,35,6,1461,2,7,NISSAN JUKE,5,E01027179,0,4
2024010519539,2024,010519539,1,9,0,7,7,7,1,0,0,1,0,0,1,0,1,1,6,6,1,26,6,1598,1,9,NISSAN JUKE,5,E01033727,0,1
2024131440892,2024,131440892,2,9,0,-1,19,7,7,-1,0,1,0,0,0,0,2,1,-1,2,2,61,9,1598,1,6,NISSAN JUKE,6,E01011071,0,1
2024010518125,2024,010518125,1,9,0,99,99,9,9,99,99,9,9,99,9,99,1,9,6,6,2,46,8,1598,1,7,NISSAN JUKE,5,E01001859,0,1
2024531418633,2024,531418633,2,9,0,-1,19,1,5,-1,0,1,0,0,0,0,1,1,-1,9,1,39,7,1598,1,9,NISSAN JUKE,7,E01022194,0,1
2024430221031,2024,430221031,2,9,0,17,19,4,1,0,0,0,5,0,1,0,3,1,6,6,1,43,7,999,1,2,NISSAN JUKE,9,E01035267,0,1
2024440261915,2024,440261915,2,9,0,9,9,5,3,0,0,6,0,0,0,0,1,1,6,6,1,49,8,1598,1,7,NISSAN JUKE,8,E01023090,0,1
2024311453313,2024,311453313,2,9,0,-1,19,8,3,-1,0,0,0,0,0,0,1,1,-1,6,2,-1,-1,1598,1,8,NISSAN JUKE,4,E01031895,0,5
2024421505204,2024,421505204,2,9,0,-1,19,7,3,-1,0,0,1,0,1,0,1,1,-1,6,2,30,6,1197,1,7,NISSAN JUKE,9,E01021899,0,1
2024010543494,2024,010543494,2,9,9,2,2,0,0,0,0,9,9,99,9,99,9,9,6,6,3,-1,-1,999,1,1,NISSAN JUKE,-1,-1,0,-1
2024221417576,2024,221417576,2,9,0,-1,4,1,4,-1,0,0,1,0,1,0,1,9,-1,2,2,27,6,1461,2,8,NISSAN JUKE,4,E01009866,0,3
2024101407748,2024,101407748,1,9,0,-1,19,7,3,-1,0,1,1,0,0,0,4,1,-1,9,1,41,7,999,1,1,NISSAN JUKE,9,E01032647,0,1
2024201441086,2024,201441086,1,9,0,-1,9,3,8,-1,0,1,0,0,0,0,1,9,-1,9,2,25,5,999,1,4,NISSAN JUKE,2,E01009014,0,1
2024010518042,2024,010518042,2,9,0,9,9,5,4,0,0,8,0,0,0,0,0,1,6,6,2,27,6,1197,1,10,NISSAN JUKE,2,E01002368,0,3
2024211508515,2024,211508515,2,9,0,-1,4,4,7,-1,0,1,0,0,0,0,2,9,-1,6,2,32,6,1197,1,7,NISSAN JUKE,4,E01014268,0,1
2024161532712,2024,161532712,2,9,0,-1,1,0,0,-1,0,2,0,0,0,0,2,9,-1,6,1,-1,-1,1461,2,10,NISSAN JUKE,-1,-1,0,-1
2024211459632,2024,211459632,1,9,0,-1,19,7,4,-1,0,0,0,0,1,11,1,1,-1,9,2,49,8,1598,8,1,NISSAN JUKE,9,E01029677,0,1
2024131484766,2024,131484766,2,9,0,-1,19,7,3,-1,0,0,0,0,0,0,3,1,-1,9,2,39,7,1598,1,13,NISSAN JUKE,7,E01011383,0,3
2024411521051,2024,411521051,1,9,0,-1,19,5,1,-1,0,8,0,0,0,0,1,1,-1,6,2,39,7,1598,1,12,NISSAN JUKE,6,E01023306,0,1
2024552400933,2024,552400933,2,9,0,2,2,0,0,0,0,0,0,0,0,0,3,1,6,6,2,74,10,1197,1,10,NISSAN JUKE,5,E01020587,0,1
2024071016432,2024,071016432,3,9,0,-1,3,8,6,-1,0,1,0,0,0,0,2,1,-1,9,2,59,9,1461,2,8,NISSAN JUKE,6,W01000064,0,4
2024622400684,2024,622400684,2,9,0,4,4,4,8,0,0,3,0,0,0,0,1,1,6,6,2,49,8,999,1,3,NISSAN JUKE,10,W01001894,0,1
2024371532798,2024,371532798,1,9,0,-1,9,5,2,-1,0,8,0,0,0,0,1,1,-1,2,2,50,8,1598,1,10,NISSAN JUKE,9,E01030147,0,1
2024351474185,2024,351474185,1,9,0,-1,7,1,7,-1,0,1,0,0,0,0,1,1,-1,6,2,21,5,1197,1,9,NISSAN JUKE,7,E01026275,0,4
2024401465627,2024,401465627,1,9,-1,-1,-1,-1,-1,-1,-1,0,-1,-1,-1,0,-1,9,-1,6,3,-1,-1,1598,1,12,NISSAN JUKE,-1,-1,0,-1
2024010525985,2024,010525985,1,9,0,18,19,7,3,0,0,0,2,0,4,0,1,1,6,6,3,-1,-1,1598,1,9,NISSAN JUKE,-1,-1,0,-1
2024440158641,2024,440158641,2,9,0,5,5,2,6,0,0,1,0,0,0,0,1,1,3,7,2,33,6,1598,1,11,NISSAN JUKE,4,E01017277,0,1
2024010532667,2024,010532667,2,9,0,99,99,9,9,99,99,9,9,99,9,99,2,9,6,6,3,-1,-1,1598,1,8,NISSAN JUKE,4,E01032764,0,2
2024401540112,2024,401540112,2,9,0,-1,5,3,8,-1,0,1,0,0,0,0,1,1,-1,6,2,53,8,1598,1,9,NISSAN JUKE,4,E01015785,0,1
2024471403089,2024,471403089,2,9,0,-1,19,2,6,-1,0,1,0,0,0,0,1,1,-1,9,2,23,5,1598,1,12,NISSAN JUKE,1,E01024615,0,4
2024421529901,2024,421529901,2,9,0,-1,5,1,5,-1,0,1,0,0,0,0,2,1,-1,6,2,36,7,1197,1,9,NISSAN JUKE,2,E01015898,0,1
2024061466116,2024,061466116,2,9,0,-1,19,5,1,-1,0,1,0,0,0,0,1,1,-1,6,2,31,6,1598,1,9,NISSAN JUKE,3,E01005541,0,1
2024122400478,2024,122400478,2,9,0,17,19,4,1,0,0,0,0,0,0,0,1,1,6,6,2,61,9,1612,1,13,NISSAN JUKE,3,E01012137,0,3
2024361530832,2024,361530832,1,9,0,-1,19,5,1,-1,0,1,0,0,0,0,1,1,-1,9,1,38,7,1461,2,14,NISSAN JUKE,1,E01026603,0,1
2024451515249,2024,451515249,1,9,0,-1,19,1,5,-1,9,2,0,0,1,2,1,1,-1,9,2,17,4,1598,1,9,NISSAN JUKE,5,E01030600,0,1
2024211453342,2024,211453342,1,9,0,-1,7,6,8,-1,9,0,1,10,7,0,1,1,-1,6,1,18,4,1598,1,5,NISSAN JUKE,-1,-1,0,-1
2024010531777,2024,010531777,2,9,0,99,99,9,9,99,99,9,9,99,9,99,9,9,6,6,3,-1,-1,1598,8,1,NISSAN JUKE,-1,-1,0,-1
2024161410040,2024,161410040,1,9,0,-1,19,4,1,-1,0,0,0,0,7,4,1,1,-1,1,1,62,9,1598,1,6,NISSAN JUKE,1,E01012918,0,4
2024351401706,2024,351401706,1,9,0,-1,19,2,6,-1,0,0,1,4,7,0,1,1,-1,2,2,59,9,1197,1,10,NISSAN JUKE,2,E01018068,0,1
2024440000768,2024,440000768,2,9,0,3,3,1,5,0,0,1,0,0,0,0,2,1,6,6,2,51,8,999,1,4,NISSAN JUKE,9,E01022531,0,4
2024101510251,2024,101510251,1,9,0,-1,9,7,5,-1,0,0,0,0,0,0,1,1,-1,6,2,58,9,999,1,4,NISSAN JUKE,9,E01008526,0,1
2024141519397,2024,141519397,2,9,0,-1,19,8,4,-1,0,1,0,0,0,0,1,1,-1,6,1,38,7,1197,1,8,NISSAN JUKE,1,E01008103,0,1
2024201399116,2024,201399116,2,9,0,-1,19,5,1,-1,0,8,0,0,0,0,3,1,-1,6,2,50,8,999,1,3,NISSAN JUKE,2,E01009786,0,1
2024421477502,2024,421477502,1,9,0,-1,9,7,8,-1,0,6,0,0,0,0,3,1,-1,9,1,77,11,999,1,1,NISSAN JUKE,6,E01007196,0,5
2024991436397,2024,991436397,2,9,0,-1,19,3,8,-1,0,1,0,1,0,0,3,1,-1,9,2,60,9,1598,8,1,NISSAN JUKE,4,-1,0,1
2024131413622,2024,131413622,2,9,0,-1,19,3,7,-1,0,0,0,0,0,0,1,1,-1,6,2,25,5,1461,2,11,NISSAN JUKE,1,E01011337,0,1
2024421408699,2024,421408699,2,9,0,-1,19,7,3,-1,0,0,0,7,1,2,1,1,-1,2,1,35,6,1461,2,12,NISSAN JUKE,2,E01035161,0,4
2024522401260,2024,522401260,1,9,0,18,19,5,1,0,0,0,0,0,0,0,1,1,6,6,2,24,5,1197,1,9,NISSAN JUKE,7,E01014882,0,1
2024010495218,2024,010495218,2,9,0,18,19,7,3,0,0,8,0,0,1,1,1,1,6,6,3,23,5,999,1,1,NISSAN JUKE,9,E01000175,0,2
2024131422510,2024,131422510,2,9,0,-1,19,3,7,-1,0,1,0,0,0,0,1,1,-1,6,2,32,6,1598,1,11,NISSAN JUKE,3,E01011478,0,1
2024010535130,2024,010535130,1,9,9,5,5,1,5,99,99,9,9,99,9,99,9,9,6,6,2,33,6,1598,8,0,NISSAN JUKE,4,E01002706,0,1
2024311523231,2024,311523231,1,9,0,-1,2,0,0,-1,9,0,0,0,0,0,2,1,-1,6,2,56,9,1461,2,8,NISSAN JUKE,-1,-1,0,-1
2024461530353,2024,461530353,2,9,0,-1,19,1,5,-1,0,0,0,0,1,0,1,1,-1,2,2,58,9,1461,2,7,NISSAN JUKE,9,E01024526,0,3
2024991468161,2024,991468161,2,9,0,-1,19,1,5,-1,0,0,0,0,0,0,1,1,-1,9,1,74,10,1598,1,12,NISSAN JUKE,2,-1,0,4
2024201487861,2024,201487861,1,9,0,-1,9,6,4,-1,0,5,0,0,0,0,4,1,-1,6,1,-1,-1,999,1,1,NISSAN JUKE,-1,-1,0,-1
2024211526836,2024,211526836,1,9,0,-1,6,6,2,-1,0,0,0,0,-1,0,3,9,-1,6,2,67,10,1598,1,8,NISSAN JUKE,4,E01032897,0,1
2024430380001,2024,430380001,3,9,0,3,3,7,3,0,0,1,0,0,0,0,2,1,6,6,1,38,7,1461,2,9,NISSAN JUKE,8,E01016549,0,2
2024111500967,2024,111500967,2,9,0,-1,8,2,5,-1,0,4,0,0,0,0,2,1,-1,6,2,45,7,1461,2,7,NISSAN JUKE,3,E01020856,0,4
2024401415118,2024,401415118,2,9,0,-1,3,7,3,-1,0,8,0,0,0,0,2,1,-1,9,2,46,8,1618,1,8,NISSAN JUKE,2,E01017492,0,1
2024501492150,2024,501492150,1,9,0,-1,5,2,7,-1,0,0,0,0,0,0,1,1,-1,9,2,27,6,1598,1,7,NISSAN JUKE,6,E01020082,0,3
2024141415214,2024,141415214,2,9,0,-1,19,7,3,-1,0,4,0,0,0,0,3,1,-1,9,2,65,9,1461,2,10,NISSAN JUKE,-1,-1,0,-1
2024610007124,2024,610007124,1,9,0,18,19,5,1,0,0,8,0,0,0,0,1,1,6,6,2,62,9,999,1,3,NISSAN JUKE,8,W01001608,0,1
2024320724813,2024,320724813,2,9,0,12,12,4,8,0,0,6,0,0,0,0,2,1,-1,-1,2,82,11,1598,1,7,NISSAN JUKE,9,E01026355,0,2
2024501513921,2024,501513921,2,9,0,-1,12,8,4,-1,0,0,0,0,0,0,3,1,-1,6,2,34,6,999,1,1,NISSAN JUKE,1,E01015043,0,1
2024610027324,2024,610027324,1,9,0,1,1,2,6,0,0,1,0,0,0,0,2,1,6,6,1,68,10,1598,8,0,NISSAN JUKE,5,W01000846,0,4
2024101417169,2024,101417169,1,9,0,-1,19,1,5,-1,0,2,0,0,0,0,1,1,-1,2,2,53,8,1598,1,8,NISSAN JUKE,-1,-1,0,-1
2024351490101,2024,351490101,2,9,0,-1,2,0,0,-1,9,0,0,0,0,0,2,1,-1,6,-1,-1,-1,1197,1,10,NISSAN JUKE,-1,-1,0,-1
2024010546550,2024,010546550,2,9,0,99,99,9,9,99,99,9,9,99,9,99,2,9,6,6,1,37,7,1197,1,7,NISSAN JUKE,2,E01001118,0,1
2024430378885,2024,430378885,2,9,0,18,19,8,4,0,0,6,0,0,0,0,1,1,6,6,2,-1,-1,1598,1,13,NISSAN JUKE,-1,-1,0,-1
2024461495604,2024,461495604,2,9,0,-1,4,7,3,-1,0,0,0,0,0,0,2,9,-1,6,2,31,6,1197,1,7,NISSAN JUKE,1,E01024597,0,1
2024010529128,2024,010529128,2,9,0,18,19,3,7,0,0,5,0,0,0,0,1,1,6,6,1,20,4,999,1,0,NISSAN JUKE,2,E01004382,0,3
2024010519480,2024,010519480,5,9,0,2,2,0,0,0,0,2,0,0,0,0,2,1,6,6,3,-1,-1,1598,1,12,NISSAN JUKE,-1,-1,0,-1
202454C989524,2024,54C989524,1,9,0,16,19,3,5,0,0,1,0,0,0,0,4,1,2,2,1,62,9,1197,1,10,NISSAN JUKE,6,E01015574,0,2
2024461454295,2024,461454295,1,9,0,-1,6,1,8,-1,0,0,0,0,0,0,4,1,-1,2,2,61,9,1598,1,5,NISSAN JUKE,2,E01024646,0,4
2024010527804,2024,010527804,2,9,0,99,99,9,9,99,99,0,9,99,9,99,9,9,6,6,3,-1,-1,1197,1,8,NISSAN JUKE,-1,-1,0,-1
2024430482726,2024,430482726,2,9,0,1,1,2,6,0,0,0,0,0,0,0,2,1,6,6,2,-1,-1,1612,1,12,NISSAN JUKE,-1,-1,0,-1
2024430369158,2024,430369158,1,9,0,18,19,4,8,0,0,2,0,0,0,0,1,1,6,6,2,73,10,1598,8,1,NISSAN JUKE,5,E01017867,0,1
2024302400845,2024,302400845,1,9,0,18,19,2,6,0,0,0,0,0,0,0,2,1,6,6,3,-1,-1,1598,1,11,NISSAN JUKE,-1,-1,0,-1
2024010528453,2024,010528453,2,9,0,7,7,9,9,99,99,5,9,99,9,99,9,9,6,6,3,-1,-1,1197,1,9,NISSAN JUKE,-1,-1,0,-1
2024471493878,2024,471493878,1,9,0,-1,19,2,6,-1,0,0,0,0,0,0,1,1,-1,9,1,21,5,1197,1,6,NISSAN JUKE,9,E01030580,0,2
2024010520032,2024,010520032,1,9,0,99,99,9,9,99,99,9,9,99,9,99,2,9,6,6,2,36,7,1598,1,7,NISSAN JUKE,2,E01003190,0,2
2024141455463,2024,141455463,1,9,0,-1,19,7,2,-1,0,0,0,0,0,0,1,1,-1,1,2,37,7,1598,1,5,NISSAN JUKE,3,E01007479,0,3
2024522403285,2024,522403285,2,9,0,3,3,2,6,0,0,0,0,0,0,0,2,1,6,6,1,49,8,999,1,4,NISSAN JUKE,10,W01001799,0,4
2024332400807,2024,332400807,2,9,0,-1,19,5,1,-1,0,0,0,0,1,0,1,1,-1,6,2,43,7,999,1,3,NISSAN JUKE,-1,-1,0,-1
2024161524049,2024,161524049,2,9,0,-1,9,1,5,-1,0,1,0,0,0,0,2,1,-1,6,1,51,8,1598,1,5,NISSAN JUKE,8,E01013186,0,4
2024471410762,2024,471410762,1,9,0,-1,19,3,7,-1,0,0,0,0,0,0,1,1,-1,9,1,30,6,1598,1,14,NISSAN JUKE,2,E01020922,0,1
2024401432663,2024,401432663,1,9,0,-1,19,7,3,-1,0,0,0,0,0,0,1,1,-1,1,1,26,6,1598,1,8,NISSAN JUKE,2,E01034454,0,3
2024201451513,2024,201451513,2,9,0,-1,2,0,0,-1,0,0,0,0,0,0,2,1,-1,6,1,30,6,1618,1,11,NISSAN JUKE,3,E01010178,0,3
2024371491310,2024,371491310,2,9,0,-1,-1,-1,-1,-1,-1,-1,-1,-1,-1,0,1,1,-1,2,2,37,7,1461,2,9,NISSAN JUKE,3,E01030108,0,1
2024302400529,2024,302400529,1,9,0,9,9,5,3,0,0,8,0,0,0,0,3,1,1,1,2,50,8,1598,8,1,NISSAN JUKE,1,E01013591,0,1
2024010521806,2024,010521806,2,9,9,18,19,9,9,99,99,9,9,99,9,99,1,9,6,6,3,-1,-1,1598,1,7,NISSAN JUKE,-1,-1,0,-1
2024010547293,2024,010547293,2,9,0,99,99,9,9,99,99,5,9,99,9,99,1,9,6,6,3,-1,-1,1598,1,9,NISSAN JUKE,-1,-1,0,-1
2024451500356,2024,451500356,1,9,0,-1,19,5,2,-1,0,0,5,0,1,4,2,1,-1,2,2,48,8,1461,2,13,NISSAN JUKE,3,E01001169,0,3
2024201437043,2024,201437043,2,9,0,-1,-1,2,6,-1,-1,0,0,0,0,0,3,1,-1,-1,2,40,7,999,1,3,NISSAN JUKE,2,E01010315,0,3
2024131432906,2024,131432906,2,9,0,-1,4,5,1,-1,0,1,0,0,0,0,2,1,-1,6,2,25,5,1461,2,12,NISSAN JUKE,6,E01011738,0,3
2024351445446,2024,351445446,1,9,0,-1,7,5,7,-1,0,6,0,0,0,0,1,1,-1,7,2,51,8,1461,2,12,NISSAN JUKE,1,E01015642,0,1
2024010508564,2024,010508564,2,9,0,2,2,0,0,6,6,1,0,4,0,0,1,1,6,6,3,-1,-1,1598,1,8,NISSAN JUKE,-1,-1,0,-1
2024041490788,2024,041490788,2,9,0,-1,19,3,1,-1,0,0,0,0,0,0,2,1,-1,2,1,30,6,1461,2,7,NISSAN JUKE,2,E01025581,0,2
2024211409093,2024,211409093,1,9,0,-1,4,4,7,-1,0,1,0,0,0,0,1,9,-1,9,2,44,7,1197,1,7,NISSAN JUKE,9,E01029686,0,1
2024041493199,2024,041493199,3,9,0,-1,19,1,5,-1,0,0,0,0,0,0,2,1,-1,9,2,64,9,1598,8,0,NISSAN JUKE,9,E01006250,0,4
202417M115524,2024,17M115524,1,9,0,-1,19,2,6,-1,0,8,0,0,0,0,1,1,-1,9,2,66,10,1461,2,11,NISSAN JUKE,3,E01012057,0,1
2024332400755,2024,332400755,3,9,0,-1,19,6,2,-1,0,0,0,0,0,0,1,1,-1,6,1,52,8,1598,1,6,NISSAN JUKE,1,E01032597,0,3
2024010532081,2024,010532081,2,9,0,18,19,5,1,0,0,0,0,0,0,0,1,1,6,6,2,55,8,999,1,1,NISSAN JUKE,7,E01017423,0,4
2024461439095,2024,461439095,2,9,0,-1,2,1,1,-1,0,0,0,0,0,0,3,1,-1,9,2,41,7,999,1,4,NISSAN JUKE,8,E01027204,0,5
2024451471949,2024,451471949,2,9,0,-1,19,1,5,-1,0,0,0,0,1,0,1,1,-1,6,1,24,5,1197,1,9,NISSAN JUKE,8,E01031518,0,1
2024010538104,2024,010538104,2,9,0,99,99,9,9,99,99,9,9,99,9,99,9,9,6,6,3,-1,-1,1598,1,11,NISSAN JUKE,-1,-1,0,-1
2024010497236,2024,010497236,2,9,9,18,19,3,7,99,99,9,9,99,9,99,9,9,6,6,3,-1,-1,1598,1,5,NISSAN JUKE,2,E01002090,0,1
202417S203724,2024,17S203724,2,9,0,18,19,7,4,0,0,0,1,0,0,0,3,1,6,6,2,31,6,1461,2,13,NISSAN JUKE,2,E01012194,0,2
2024131516542,2024,131516542,2,9,0,-1,2,0,0,-1,9,0,0,0,0,0,4,1,-1,6,-1,-1,-1,1598,8,0,NISSAN JUKE,-1,-1,0,-1
2024501534465,2024,501534465,2,9,0,-1,19,7,4,-1,0,1,0,0,0,0,2,1,-1,9,1,42,7,1461,2,12,NISSAN JUKE,3,E01015167,0,1
2024552400882,2024,552400882,1,9,0,13,13,6,2,0,0,0,0,0,0,0,4,1,6,6,3,-1,-1,1598,1,12,NISSAN JUKE,-1,-1,0,-1
2024371417810,2024,371417810,1,9,0,-1,7,5,1,-1,0,8,0,0,0,0,4,1,-1,9,2,45,7,1598,1,11,NISSAN JUKE,4,E01026752,0,4
2024221486630,2024,221486630,1,9,0,-1,19,7,3,-1,0,6,0,0,0,0,1,9,-1,6,2,26,6,1461,2,11,NISSAN JUKE,2,W01001456,0,4
2024131523743,2024,131523743,2,9,0,-1,19,7,3,-1,0,3,0,0,0,0,1,1,-1,2,2,37,7,1461,2,11,NISSAN JUKE,2,E01011809,0,1
2024991447774,2024,991447774,1,9,0,-1,19,5,1,-1,0,2,1,0,0,0,3,1,-1,2,1,20,4,1598,1,8,NISSAN JUKE,-1,-1,0,-1
2024010532544,2024,010532544,2,9,0,99,99,9,9,99,99,9,9,99,9,99,1,9,6,6,3,47,8,1197,1,9,NISSAN JUKE,5,E01001418,0,1
2024351508526,2024,351508526,1,9,0,-1,19,-1,-1,-1,0,8,0,0,0,0,2,1,-1,6,1,39,7,1461,2,8,NISSAN JUKE,4,E01015591,0,1
2024501529492,2024,501529492,1,9,0,-1,9,8,6,-1,0,6,0,0,0,0,0,1,-1,1,1,42,7,999,1,0,NISSAN JUKE,4,E01015077,0,2
2024461474474,2024,461474474,1,9,0,-1,19,3,7,-1,0,0,1,0,0,0,1,1,-1,6,2,51,8,1598,1,12,NISSAN JUKE,5,E01024223,0,3
2024010525594,2024,010525594,2,9,0,18,19,7,3,0,0,8,0,0,0,0,1,1,6,6,2,59,9,1598,8,1,NISSAN JUKE,5,E01002344,0,2
2024201398192,2024,201398192,2,9,0,-1,19,6,3,-1,0,8,0,0,0,0,1,1,-1,6,2,25,5,1461,2,12,NISSAN JUKE,5,E01009774,0,1
2024201448859,2024,201448859,1,9,0,-1,5,5,1,-1,0,8,0,0,0,0,1,9,-1,1,2,73,10,1598,1,7,NISSAN JUKE,4,E01009077,0,1
2024540098324,2024,540098324,1,9,0,8,8,4,8,0,0,6,0,0,0,0,1,1,1,1,2,62,9,999,1,1,NISSAN JUKE,6,E01032051,0,4
2024332400038,2024,332400038,1,9,0,-1,5,1,5,-1,0,8,0,0,3,0,4,1,-1,9,1,55,8,1461,2,12,NISSAN JUKE,4,E01026256,0,4
2024101425367,2024,101425367,2,9,0,-1,3,7,3,-1,0,1,0,0,0,0,2,1,-1,1,1,51,8,1461,2,10,NISSAN JUKE,1,E01008327,0,1
2024991485866,2024,991485866,1,9,0,-1,10,8,5,-1,0,5,0,0,0,0,2,1,-1,9,1,62,9,999,1,1,NISSAN JUKE,-1,-1,0,-1
2024061517681,2024,061517681,1,9,0,-1,1,5,3,-1,0,8,0,0,0,0,1,1,-1,1,2,23,5,1198,1,7,NISSAN JUKE,4,E01006286,0,1
2024141500606,2024,141500606,1,9,0,-1,9,6,4,-1,0,8,0,0,0,0,1,1,-1,9,2,44,7,1612,1,13,NISSAN JUKE,1,E01008100,0,2
2024010532983,2024,010532983,1,9,0,99,99,9,9,99,99,9,9,99,9,99,9,9,6,6,2,30,6,1598,1,11,NISSAN JUKE,9,E01000451,0,1
2024351429541,2024,351429541,3,9,0,-1,4,3,7,-1,0,0,0,0,0,0,2,1,-1,9,1,58,9,1598,8,1,NISSAN JUKE,9,E01034425,0,4
2024421451632,2024,421451632,2,9,0,-1,2,5,6,-1,0,8,0,0,3,0,3,1,-1,6,-1,-1,-1,1598,1,7,NISSAN JUKE,-1,-1,0,-1
2024471442009,2024,471442009,1,9,0,-1,9,7,5,-1,0,1,0,0,0,0,2,1,-1,6,3,40,7,1197,1,7,NISSAN JUKE,2,E01021091,0,2
2024201487550,2024,201487550,1,9,0,-1,1,1,5,-1,0,6,0,0,0,0,2,1,-1,6,1,40,7,1197,1,9,NISSAN JUKE,-1,-1,0,-1
2024010542828,2024,010542828,1,9,0,99,99,9,9,99,99,9,9,99,9,99,9,9,6,6,3,-1,-1,1612,1,13,NISSAN JUKE,-1,-1,0,-1
2024351536888,2024,351536888,2,9,0,-1,2,0,0,-1,0,0,0,0,0,0,4,1,-1,6,-1,-1,-1,999,1,3,NISSAN JUKE,-1,-1,0,-1