collision_index,collision_year,collision_ref_no,vehicle_reference,vehicle_type,towing_and_articulation,vehicle_manoeuvre_historic,vehicle_manoeuvre,vehicle_direction_from,vehicle_direction_to,vehicle_location_restricted_lane_historic,vehicle_location_restricted_lane,junction_location,skidding_and_overturning,hit_object_in_carriageway,vehicle_leaving_carriageway,hit_object_off_carriageway,first_point_of_impact,vehicle_left_hand_drive,journey_purpose_of_driver_historic,journey_purpose_of_driver,sex_of_driver,age_of_driver,age_band_of_driver,engine_capacity_cc,propulsion_code,age_of_vehicle,generic_make_model,driver_imd_decile,lsoa_of_driver,escooter_flag,driver_distance_banding
2024351403923,2024,351403923,2,9,0,-1,19,7,2,-1,0,8,0,0,0,0,1,1,-1,6,2,40,7,1598,1,7,NISSAN JUKE,6,E01035554,0,1
2024010523074,2024,010523074,1,9,0,18,19,3,7,0,0,1,0,4,0,0,1,1,3,7,2,27,6,1197,1,8,NISSAN JUKE,3,E01000553,0,2
2024991458390,2024,991458390,1,9,0,-1,19,7,3,-1,0,0,0,0,0,0,1,1,-1,9,1,66,10,1461,2,8,NISSAN JUKE,7,-1,0,4
2024501445193,2024,501445193,1,9,0,-1,10,7,3,-1,0,0,0,0,0,0,0,1,-1,9,1,75,10,1618,1,12,NISSAN JUKE,8,E01031301,0,5
2024041453386,2024,041453386,2,9,0,-1,19,3,7,-1,0,1,0,0,0,0,3,1,-1,9,2,42,7,1461,2,11,NISSAN JUKE,3,E01025221,0,1
2024201500258,2024,201500258,2,9,0,-1,7,3,5,-1,0,6,0,0,0,0,4,1,-1,6,1,35,6,1598,1,12,NISSAN JUKE,-1,-1,0,-1
2024111444589,2024,111444589,1,9,0,-1,9,3,7,-1,0,3,0,0,0,0,1,1,-1,9,2,51,8,1461,2,12,NISSAN JUKE,1,E01020823,0,1
2024201498436,2024,201498436,2,9,0,-1,2,0,0,-1,0,0,0,0,0,0,1,1,-1,6,2,65,9,1197,1,6,NISSAN JUKE,4,E01008971,0,1
2024461421114,2024,461421114,2,9,0,-1,19,7,3,-1,0,0,0,0,7,0,1,1,-1,2,2,47,8,1598,1,6,NISSAN JUKE,8,E01024175,0,1
2024461427167,2024,461427167,2,9,0,-1,19,8,4,-1,0,0,0,0,0,0,1,1,-1,2,1,43,7,1461,2,10,NISSAN JUKE,1,E01035301,0,2
2024231499514,2024,231499514,1,9,0,-1,19,1,5,-1,0,8,0,0,0,0,1,1,-1,6,2,19,4,1461,2,12,NISSAN JUKE,9,E01031200,0,2
2024010515655,2024,010515655,2,9,0,14,14,4,8,0,0,0,0,0,0,0,3,1,2,2,1,29,6,1197,1,8,NISSAN JUKE,1,E01015736,0,4
2024471512040,2024,471512040,1,9,0,-1,19,6,2,-1,0,2,0,0,0,0,4,1,-1,9,1,50,8,999,1,4,NISSAN JUKE,3,E01021102,0,2
2024201397626,2024,201397626,2,9,0,-1,9,5,2,-1,0,6,0,0,0,0,1,9,-1,6,1,60,9,1598,1,13,NISSAN JUKE,3,E01006115,0,5
2024622400536,2024,622400536,1,9,0,18,19,8,4,0,0,1,0,0,0,0,1,1,2,2,1,31,6,1598,1,6,NISSAN JUKE,10,W01001728,0,2
2024010527139,2024,010527139,2,9,0,99,99,9,9,99,99,9,9,99,9,99,9,9,6,6,3,-1,-1,1598,1,11,NISSAN JUKE,-1,-1,0,-1
2024010552609,2024,010552609,2,9,9,99,99,9,9,99,99,1,9,99,9,99,9,9,6,6,2,47,8,1598,8,1,NISSAN JUKE,-1,-1,0,-1
2024010523132,2024,010523132,1,9,9,3,3,9,9,99,99,9,9,99,9,99,9,9,6,6,2,36,7,1598,1,5,NISSAN JUKE,4,E01002805,0,2
2024461448798,2024,461448798,2,9,0,-1,19,4,3,-1,0,0,0,4,0,0,2,9,-1,6,1,40,7,1197,1,8,NISSAN JUKE,9,E01032821,0,1
2024332400090,2024,332400090,1,9,0,-1,5,3,7,-1,0,0,0,0,1,11,1,1,-1,9,2,81,11,999,1,1,NISSAN JUKE,10,E01013803,0,1
2024052402812,2024,052402812,1,9,0,18,19,6,2,0,0,0,0,0,0,0,1,1,6,6,2,80,11,1598,1,10,NISSAN JUKE,1,E01006630,0,2
2024522401926,2024,522401926,2,9,0,7,7,6,8,0,0,6,0,0,0,0,1,1,6,6,2,61,9,1618,1,10,NISSAN JUKE,6,E01014984,0,1
2024010509339,2024,010509339,2,9,0,99,99,9,9,99,99,0,9,99,9,99,9,9,6,6,3,-1,-1,1598,1,10,NISSAN JUKE,-1,-1,0,-1
2024461467032,2024,461467032,2,9,0,-1,2,0,0,-1,0,0,0,0,0,0,2,1,-1,6,-1,-1,-1,1461,2,7,NISSAN JUKE,-1,-1,0,-1
2024061457557,2024,061457557,1,9,0,-1,19,3,7,-1,0,2,0,0,0,0,1,1,-1,9,1,32,6,999,1,1,NISSAN JUKE,2,E01005003,0,1
2024041395411,2024,041395411,1,9,0,-1,14,1,5,-1,0,0,0,0,0,0,3,1,-1,9,2,62,9,1598,1,7,NISSAN JUKE,6,E01025541,0,1
2024041527216,2024,041527216,2,9,0,-1,19,4,8,-1,9,8,0,10,0,0,4,1,-1,9,2,63,9,1461,2,6,NISSAN JUKE,5,E01025231,0,1
2024311412366,2024,311412366,1,9,0,-1,19,1,5,-1,0,1,0,0,1,1,4,1,-1,9,2,69,10,1598,1,7,NISSAN JUKE,9,E01028047,0,4
2024531438414,2024,531438414,2,9,0,-1,19,7,3,-1,0,8,0,0,0,0,4,1,-1,6,2,35,6,1612,1,13,NISSAN JUKE,3,E01022254,0,4
2024440245158,2024,440245158,2,9,0,18,19,8,4,0,0,0,0,0,0,0,1,1,6,6,2,50,8,1598,1,11,NISSAN JUKE,10,E01022856,0,1
2024231460847,2024,231460847,2,9,0,-1,5,2,6,-1,0,4,0,0,7,0,4,1,-1,9,2,35,6,1598,1,8,NISSAN JUKE,2,E01009210,0,3
2024010539666,2024,010539666,2,9,9,99,99,9,9,99,99,9,9,99,9,99,9,9,6,6,3,-1,-1,999,1,4,NISSAN JUKE,-1,-1,0,-1
2024991495504,2024,991495504,1,9,0,-1,19,3,8,-1,0,2,0,0,0,0,1,1,-1,9,1,48,8,1598,1,12,NISSAN JUKE,1,-1,0,1
2024421472157,2024,421472157,2,9,0,-1,2,0,0,-1,9,0,0,0,0,0,1,1,-1,6,-1,-1,-1,999,1,3,NISSAN JUKE,-1,-1,0,-1
2024010497592,2024,010497592,2,9,0,4,4,1,5,0,0,0,0,0,0,0,2,1,6,6,1,64,9,999,1,3,NISSAN JUKE,3,E01034198,0,1
2024131432627,2024,131432627,1,9,0,-1,14,1,5,-1,0,1,0,0,0,0,1,1,-1,7,2,37,7,1461,2,10,NISSAN JUKE,8,E01011496,0,1
2024201485143,2024,201485143,2,9,0,-1,19,4,8,-1,0,1,0,0,0,0,1,1,-1,2,1,42,7,1598,1,10,NISSAN JUKE,1,E01033895,0,1
2024010534280,2024,010534280,2,9,0,18,19,3,7,0,0,1,0,0,0,0,2,1,2,2,2,53,8,1618,1,10,NISSAN JUKE,2,E01003252,0,1
2024401400268,2024,401400268,2,9,-1,-1,-1,-1,-1,-1,-1,3,-1,-1,-1,0,3,9,-1,6,2,36,7,1598,1,11,NISSAN JUKE,5,E01015775,0,1
2024122400149,2024,122400149,1,9,0,18,19,3,7,0,0,1,0,0,0,0,1,1,6,6,2,60,9,1197,1,7,NISSAN JUKE,9,E01027632,0,1
2024201529936,2024,201529936,1,9,0,-1,2,0,0,-1,0,8,0,0,0,0,1,1,-1,2,1,27,6,1598,1,12,NISSAN JUKE,-1,-1,0,-1
2024161431519,2024,161431519,1,9,0,-1,5,6,2,-1,5,0,0,0,0,0,4,1,-1,9,2,45,7,1598,8,2,NISSAN JUKE,7,E01013008,0,1
2024320269503,2024,320269503,3,9,0,2,2,0,0,0,0,0,0,0,0,0,2,1,6,6,3,-1,-1,999,1,4,NISSAN JUKE,-1,-1,0,-1
2024471398694,2024,471398694,1,9,0,-1,19,5,1,-1,0,0,0,0,0,0,4,1,-1,9,2,33,6,1598,1,13,NISSAN JUKE,6,E01031568,0,1
2024991457765,2024,991457765,1,9,0,-1,19,3,7,-1,0,0,0,0,0,0,1,1,-1,6,2,85,11,999,1,0,NISSAN JUKE,3,-1,0,1
2024010495559,2024,010495559,1,9,0,18,19,1,5,0,0,2,0,0,0,0,1,1,3,7,2,40,7,1598,1,13,NISSAN JUKE,2,E01000721,0,1
2024461402624,2024,461402624,2,9,0,-1,13,1,5,-1,0,0,1,0,0,0,4,1,-1,9,2,24,5,1598,1,10,NISSAN JUKE,10,E01024325,0,4
2024161495974,2024,161495974,1,9,0,-1,9,6,4,-1,0,8,0,0,0,0,1,1,-1,6,1,66,10,999,1,2,NISSAN JUKE,8,E01035472,0,2
2024201506711,2024,201506711,1,9,0,-1,9,2,8,-1,0,5,0,10,1,11,1,1,-1,6,2,22,5,1598,1,5,NISSAN JUKE,-1,-1,0,-1
2024010550555,2024,010550555,1,9,0,5,5,1,5,0,0,2,0,0,0,0,3,1,6,6,2,56,9,1598,1,8,NISSAN JUKE,3,E01001466,0,1
2024461415440,2024,461415440,2,9,0,-1,11,5,1,-1,0,0,0,0,8,0,4,1,-1,6,2,33,6,1598,1,5,NISSAN JUKE,4,E01000406,0,4
2024421425771,2024,421425771,1,9,0,-1,19,7,3,-1,0,0,1,7,6,0,1,1,-1,1,2,43,7,1598,1,12,NISSAN JUKE,3,E01021266,0,1
2024552400652,2024,552400652,1,9,0,14,14,7,3,0,0,8,0,0,0,0,1,1,6,6,1,57,9,1598,1,13,NISSAN JUKE,6,E01015460,0,1
2024161507929,2024,161507929,1,9,0,-1,14,3,7,-1,0,0,1,0,0,0,1,1,-1,6,1,27,6,1598,1,13,NISSAN JUKE,4,E01013308,0,3
2024221453815,2024,221453815,1,9,0,-1,13,8,4,-1,0,0,1,0,0,0,1,1,-1,6,2,32,6,999,1,4,NISSAN JUKE,1,E01033895,0,4
2024010543891,2024,010543891,2,9,0,99,99,9,9,99,99,0,9,99,9,99,1,9,6,6,3,-1,-1,999,1,1,NISSAN JUKE,-1,-1,0,-1
2024010513629,2024,010513629,1,9,0,9,9,6,3,0,0,1,0,0,0,0,4,1,6,6,1,18,4,999,1,0,NISSAN JUKE,2,E01001660,0,4
2024010502896,2024,010502896,2,9,0,99,99,9,9,99,99,9,9,99,9,99,1,9,6,6,3,-1,-1,1598,1,8,NISSAN JUKE,-1,-1,0,-1
2024041496561,2024,041496561,3,9,0,-1,4,3,7,-1,0,0,0,0,0,0,2,1,-1,6,2,54,8,1197,1,7,NISSAN JUKE,8,E01025358,0,3
2024131415435,2024,131415435,2,9,0,-1,2,0,0,-1,0,0,0,0,0,0,1,1,-1,1,2,51,8,999,1,3,NISSAN JUKE,1,E01010814,0,1
2024451423813,2024,451423813,1,9,0,-1,19,6,2,-1,0,0,0,0,0,0,1,1,-1,9,2,22,5,1598,1,9,NISSAN JUKE,9,E01001028,0,2
2024031406994,2024,031406994,1,9,0,-1,19,5,1,-1,0,0,2,0,2,0,4,1,-1,2,2,42,7,1598,1,5,NISSAN JUKE,5,E01019363,0,1
2024061426157,2024,061426157,1,9,0,-1,99,-1,-1,-1,99,5,0,0,0,0,3,1,-1,9,2,33,6,1461,2,11,NISSAN JUKE,2,E01005949,0,1
202417S109524,2024,17S109524,1,9,0,-1,19,7,3,-1,0,4,0,9,0,0,1,1,-1,2,2,25,5,1461,2,9,NISSAN JUKE,-1,-1,0,-1
2024070463357,2024,070463357,3,9,0,4,4,8,4,0,0,0,1,0,0,0,1,1,2,2,1,-1,-1,1197,1,9,NISSAN JUKE,-1,-1,0,-1
2024211492959,2024,211492959,1,9,0,-1,19,4,8,-1,0,0,1,10,4,6,1,1,-1,9,1,51,8,1598,1,5,NISSAN JUKE,9,E01027116,0,5
2024010543235,2024,010543235,1,9,0,9,9,5,2,0,0,0,0,0,0,0,1,1,2,2,1,54,8,1197,1,9,NISSAN JUKE,3,E01001371,0,1
2024201518317,2024,201518317,1,9,0,-1,19,2,6,-1,0,8,0,0,7,0,1,1,-1,9,2,50,8,1598,1,12,NISSAN JUKE,1,E01008913,0,1
2024141407267,2024,141407267,1,9,0,-1,1,0,0,-1,9,0,0,0,0,0,2,1,-1,9,2,60,9,999,1,3,NISSAN JUKE,5,E01007347,0,1
2024061536962,2024,061536962,1,9,0,-1,19,1,5,-1,0,0,0,0,0,0,1,1,-1,9,2,32,6,1598,1,11,NISSAN JUKE,1,E01005731,0,1
2024111404854,2024,111404854,1,9,0,-1,19,4,8,-1,0,1,0,0,1,0,1,1,-1,6,2,24,5,1598,1,5,NISSAN JUKE,1,E01020724,0,1
2024471434750,2024,471434750,1,9,0,-1,5,1,5,-1,0,2,0,0,0,0,1,9,-1,2,2,38,7,1598,1,12,NISSAN JUKE,9,E01021208,0,1
2024201398653,2024,201398653,2,9,0,-1,2,0,0,-1,9,0,0,0,0,0,2,9,-1,6,-1,-1,-1,1598,1,11,NISSAN JUKE,-1,-1,0,-1
2024471487339,2024,471487339,1,9,0,-1,3,8,4,-1,0,1,0,0,0,0,2,1,-1,9,1,33,6,1598,1,12,NISSAN JUKE,8,E01030534,0,4
2024061474621,2024,061474621,2,9,0,-1,1,-1,-1,-1,0,0,0,4,0,0,2,1,-1,6,1,-1,-1,999,1,0,NISSAN JUKE,-1,-1,0,-1
2024520500103,2024,520500103,1,9,0,9,9,1,7,0,0,8,0,0,0,0,3,1,6,6,2,56,9,1461,2,8,NISSAN JUKE,6,E01029211,0,3
2024201499732,2024,201499732,2,9,0,-1,19,8,4,-1,0,8,0,0,0,0,4,1,-1,9,1,37,7,1598,1,13,NISSAN JUKE,1,E01009000,0,2
2024371452937,2024,371452937,3,9,0,-1,19,3,7,-1,0,8,0,0,0,0,2,1,-1,2,2,35,6,1598,1,7,NISSAN JUKE,2,E01030168,0,3
2024010536685,2024,010536685,1,9,3,5,5,5,1,0,0,8,0,0,2,4,0,1,6,6,2,40,7,1598,1,11,NISSAN JUKE,3,E01033744,0,1
2024320635739,2024,320635739,2,9,0,-1,-1,5,1,0,0,1,0,0,5,6,4,1,1,1,1,54,8,1598,1,6,NISSAN JUKE,5,E01008354,0,5
2024131477549,2024,131477549,2,9,0,-1,19,5,1,-1,0,1,0,0,0,0,1,1,-1,9,1,47,8,999,1,1,NISSAN JUKE,2,E01010930,0,1
2024320622633,2024,320622633,1,9,0,-1,-1,4,8,0,0,1,0,0,0,0,1,1,-1,-1,1,84,11,1461,2,8,NISSAN JUKE,4,E01026082,0,3
2024610023224,2024,610023224,2,9,0,18,19,7,3,0,0,8,2,0,0,0,3,1,6,6,1,32,6,1461,2,9,NISSAN JUKE,3,W01001461,0,3
2024010518524,2024,010518524,1,9,0,99,99,9,9,99,99,9,9,99,9,99,2,9,6,6,2,35,6,1598,1,12,NISSAN JUKE,8,E01001470,0,1
2024111487892,2024,111487892,2,9,0,-1,3,2,6,-1,0,1,0,0,0,0,4,1,-1,6,2,30,6,1461,2,5,NISSAN JUKE,9,E01020837,0,2
2024991453896,2024,991453896,1,9,0,-1,15,7,3,-1,0,0,5,0,1,0,4,1,-1,6,2,55,8,999,1,1,NISSAN JUKE,7,-1,0,1
2024010528354,2024,010528354,3,9,0,2,2,0,0,9,9,1,0,0,0,0,4,1,6,6,3,-1,-1,1598,1,10,NISSAN JUKE,-1,-1,0,-1
202460Q053604,2024,60Q053604,3,9,0,18,19,7,3,0,0,1,0,0,0,0,1,1,6,6,1,39,7,1197,1,9,NISSAN JUKE,-1,-1,0,-1
2024631399706,2024,631399706,2,9,0,-1,12,2,6,-1,0,0,0,0,0,0,1,1,-1,7,2,61,9,999,1,4,NISSAN JUKE,1,W01000504,0,1
2024421448534,2024,421448534,1,9,0,-1,4,7,3,-1,0,0,0,0,0,0,1,1,-1,9,2,27,6,1461,2,11,NISSAN JUKE,7,E01021531,0,1
2024311511409,2024,311511409,2,9,0,-1,19,6,2,-1,5,0,0,0,0,0,1,1,-1,2,2,41,7,1461,2,13,NISSAN JUKE,1,E01013959,0,1
2024461520943,2024,461520943,1,9,0,-1,19,1,5,-1,0,0,0,0,0,0,1,9,-1,6,1,72,10,1197,1,9,NISSAN JUKE,6,E01016124,0,1
2024501484083,2024,501484083,2,9,0,-1,19,8,4,-1,0,8,0,0,8,0,4,1,-1,1,2,55,8,1598,1,8,NISSAN JUKE,6,E01018821,0,2
2024052400341,2024,052400341,2,9,0,18,19,3,7,0,0,8,0,0,1,11,1,1,6,6,2,56,9,1598,1,7,NISSAN JUKE,1,E01006870,0,1
2024010502214,2024,010502214,2,9,0,99,99,9,9,99,99,9,9,99,9,99,1,9,6,6,3,-1,-1,1197,1,9,NISSAN JUKE,-1,-1,0,-1
2024161403658,2024,161403658,2,9,0,-1,10,5,3,-1,0,1,0,0,0,0,1,9,-1,9,2,49,8,999,1,3,NISSAN JUKE,8,E01013005,0,1
2024070983171,2024,070983171,2,9,0,-1,19,7,3,-1,0,0,0,0,0,0,1,1,-1,6,2,59,9,1598,8,1,NISSAN JUKE,8,E01019713,0,3
2024471451708,2024,471451708,2,9,0,-1,19,5,1,-1,0,1,0,0,0,0,1,1,-1,6,2,52,8,1598,1,12,NISSAN JUKE,6,E01021125,0,1
2024201458841,2024,201458841,2,9,0,-1,4,1,5,-1,0,0,0,0,0,0,2,9,-1,2,2,35,6,1598,1,10,NISSAN JUKE,4,E01010468,0,3
2024371510803,2024,371510803,1,9,0,-1,20,5,1,-1,0,0,0,0,0,0,1,1,-1,1,1,41,7,1598,1,10,NISSAN JUKE,3,E01029912,0,4
2024501395037,2024,501395037,2,9,0,-1,19,1,5,-1,0,0,1,0,0,0,1,1,-1,9,1,20,4,1461,2,10,NISSAN JUKE,9,E01020023,0,3
2024010525292,2024,010525292,1,9,0,18,19,1,5,0,0,1,0,0,0,0,1,1,6,6,2,57,9,999,1,3,NISSAN JUKE,2,E01001660,0,1
2024320686160,2024,320686160,1,9,0,12,12,8,4,0,0,0,0,0,0,0,2,1,6,6,1,80,11,1598,1,10,NISSAN JUKE,6,E01025912,0,3
2024010525307,2024,010525307,1,9,0,99,99,9,9,99,99,9,9,99,9,99,3,9,6,6,2,42,7,1598,1,9,NISSAN JUKE,3,E01034152,0,1
2024161476423,2024,161476423,1,9,0,-1,9,7,5,-1,0,8,0,0,0,0,1,9,-1,6,2,20,4,1598,1,13,NISSAN JUKE,1,E01013218,0,1
2024340WN0912,2024,340WN0912,3,9,0,-1,10,6,2,-1,0,1,0,0,0,0,2,1,-1,9,2,48,8,1598,1,7,NISSAN JUKE,4,E01027012,0,1
2024010525035,2024,010525035,7,9,0,3,3,6,2,0,0,0,0,0,0,0,2,2,6,6,2,44,7,1598,1,11,NISSAN JUKE,2,E01003351,0,1
2024361491672,2024,361491672,1,9,0,-1,9,7,4,-1,0,6,0,0,0,0,1,1,-1,9,1,75,10,1197,1,8,NISSAN JUKE,8,E01026895,0,3
2024311497090,2024,311497090,2,9,0,-1,19,2,6,-1,0,0,0,0,0,0,4,1,-1,9,1,70,10,1598,1,10,NISSAN JUKE,-1,-1,0,-1
2024010515087,2024,010515087,1,9,0,99,99,9,9,99,99,9,9,99,9,99,9,9,6,6,2,62,9,1598,1,5,NISSAN JUKE,2,E01033883,0,1
2024221448928,2024,221448928,1,9,0,-1,19,1,5,-1,9,1,0,0,0,0,4,9,-1,9,2,41,7,1197,1,8,NISSAN JUKE,3,E01028853,0,1
2024010545649,2024,010545649,2,9,0,18,19,3,7,0,0,2,0,0,0,0,3,1,6,6,2,50,8,1598,8,0,NISSAN JUKE,-1,-1,0,-1
2024041418937,2024,041418937,3,9,0,-1,19,1,5,-1,0,0,0,0,0,0,2,1,-1,9,2,53,8,1598,1,10,NISSAN JUKE,8,E01007250,0,4
2024440367722,2024,440367722,2,9,0,5,5,7,3,0,0,4,0,0,0,0,3,1,2,2,2,62,9,999,1,4,NISSAN JUKE,2,E01034060,0,1
2024221425547,2024,221425547,1,9,0,-1,19,1,5,-1,0,0,5,4,0,0,1,1,-1,9,1,41,7,999,1,0,NISSAN JUKE,-1,-1,0,-1
2024622400112,2024,622400112,1,9,0,18,19,8,4,0,0,4,0,0,1,0,1,1,6,6,2,76,11,999,1,1,NISSAN JUKE,6,W01001814,0,1
2024041394508,2024,041394508,1,9,0,-1,19,1,5,-1,1,0,0,0,1,2,1,1,-1,9,1,83,11,1197,1,7,NISSAN JUKE,7,E01024921,0,1
2024061493148,2024,061493148,1,9,0,-1,9,3,1,-1,0,0,0,0,0,0,1,1,-1,9,2,51,8,999,1,1,NISSAN JUKE,8,E01006100,0,1
2024010508943,2024,010508943,1,9,0,99,99,9,9,99,99,9,9,99,9,99,9,9,2,2,2,36,7,1598,1,6,NISSAN JUKE,1,E01021317,0,4
2024061469494,2024,061469494,3,9,0,-1,3,6,2,-1,0,0,0,0,0,0,2,1,-1,2,1,54,8,1461,2,11,NISSAN JUKE,8,E01006243,0,1
2024131457444,2024,131457444,1,9,0,-1,4,5,1,-1,0,1,0,0,0,0,1,1,-1,7,2,43,7,1461,2,7,NISSAN JUKE,4,E01011876,0,1
2024070981488,2024,070981488,1,9,0,-1,19,1,5,-1,0,0,1,0,0,0,1,1,-1,1,1,38,7,999,1,0,NISSAN JUKE,-1,-1,0,-1
2024461474263,2024,461474263,5,9,0,-1,19,7,3,-1,0,2,0,0,0,0,1,1,-1,6,2,44,7,999,1,2,NISSAN JUKE,9,E01024745,0,3
2024401459941,2024,401459941,1,9,0,-1,19,2,6,-1,0,1,0,0,0,0,1,1,-1,9,1,48,8,1461,2,11,NISSAN JUKE,1,E01015736,0,1
2024010542811,2024,010542811,1,9,0,99,99,9,9,99,99,9,9,99,9,99,9,9,6,6,1,44,7,1598,1,13,NISSAN JUKE,4,E01002313,0,3
2024010500679,2024,010500679,2,9,0,2,2,0,0,0,0,0,0,0,0,0,4,1,6,6,3,-1,-1,1598,1,7,NISSAN JUKE,-1,-1,0,-1
2024991486254,2024,991486254,1,9,0,-1,19,2,6,-1,0,0,5,4,0,0,4,1,-1,6,2,33,6,1197,1,6,NISSAN JUKE,7,-1,0,1
2024141514319,2024,141514319,1,9,0,-1,19,1,5,-1,0,1,5,4,0,0,4,1,-1,9,2,32,6,1598,8,0,NISSAN JUKE,1,E01008065,0,1
2024010524598,2024,010524598,1,9,0,4,4,1,5,0,0,1,0,0,0,0,2,1,6,6,2,32,6,1598,1,10,NISSAN JUKE,7,E01002428,0,2
2024131459925,2024,131459925,2,9,0,-1,19,5,1,-1,0,1,0,0,0,0,0,1,-1,9,2,35,6,1461,2,8,NISSAN JUKE,5,E01010945,0,3
2024201445879,2024,201445879,3,9,0,-1,3,2,6,-1,0,0,0,0,0,0,2,1,-1,7,2,48,8,1598,1,11,NISSAN JUKE,1,E01034915,0,1
2024340WN7212,2024,340WN7212,1,9,0,-1,19,1,5,-1,0,8,0,0,0,0,1,1,-1,9,1,59,9,999,1,0,NISSAN JUKE,-1,-1,0,-1
2024111498024,2024,111498024,1,9,0,-1,19,2,6,-1,0,0,0,0,0,0,1,1,-1,6,2,30,6,1598,1,13,NISSAN JUKE,6,E01008685,0,3
2024411429675,2024,411429675,2,9,0,-1,5,1,5,-1,0,6,0,0,0,0,3,1,-1,6,2,41,7,1598,1,11,NISSAN JUKE,5,E01023827,0,1
2024052401932,2024,052401932,2,9,0,4,4,2,6,0,0,1,0,0,0,0,2,1,6,6,2,40,7,1598,1,11,NISSAN JUKE,1,E01006761,0,1
2024201523652,2024,201523652,2,9,0,-1,8,8,4,-1,0,1,0,0,0,0,2,1,-1,6,2,57,9,999,1,1,NISSAN JUKE,1,E01034913,0,1
2024010549167,2024,010549167,1,9,0,-1,-1,1,5,0,0,6,0,0,0,0,1,1,1,1,1,39,7,1598,1,8,NISSAN JUKE,-1,-1,0,-1
2024351533958,2024,351533958,2,9,-1,-1,4,-1,-1,-1,0,1,0,0,0,0,2,9,-1,9,1,37,7,1461,2,7,NISSAN JUKE,7,E01030069,0,4
2024451415160,2024,451415160,4,9,0,-1,2,0,0,-1,0,1,0,0,0,0,2,1,-1,6,-1,-1,-1,999,1,4,NISSAN JUKE,-1,-1,0,-1
2024010539816,2024,010539816,1,9,0,18,19,7,3,0,0,1,0,0,0,0,1,1,6,6,1,58,9,1598,1,11,NISSAN JUKE,3,E01001726,0,1
2024471470541,2024,471470541,1,9,0,-1,9,7,3,-1,0,8,0,0,0,0,1,1,-1,9,2,52,8,1618,1,11,NISSAN JUKE,3,E01031360,0,1
2024010508365,2024,010508365,1,9,0,3,3,1,5,99,99,9,9,99,0,0,2,1,6,6,2,45,7,1598,1,7,NISSAN JUKE,5,E01033787,0,1
2024122400474,2024,122400474,1,9,0,18,19,7,3,0,0,0,0,0,0,0,1,1,6,6,2,79,11,999,1,3,NISSAN JUKE,8,E01034958,0,1
2024461466998,2024,461466998,2,9,0,-1,7,7,1,-1,0,2,0,0,0,0,3,1,-1,9,2,53,8,1461,2,10,NISSAN JUKE,7,E01016119,0,1
2024451513695,2024,451513695,2,9,0,-1,19,2,6,-1,0,1,0,0,0,0,4,1,-1,2,1,45,7,1598,1,6,NISSAN JUKE,10,E01031502,0,4
2024101466809,2024,101466809,2,9,-1,-1,-1,4,2,-1,-1,-1,-1,-1,-1,0,-1,9,-1,6,1,24,5,1461,2,8,NISSAN JUKE,10,E01008522,0,1
2024421530016,2024,421530016,1,9,0,-1,19,7,3,-1,0,1,2,0,1,4,1,1,-1,9,1,19,4,999,1,0,NISSAN JUKE,8,E01021528,0,1
2024141426957,2024,141426957,1,9,0,-1,9,1,7,-1,0,8,0,0,0,0,1,1,-1,6,1,32,6,1598,1,8,NISSAN JUKE,1,E01007328,0,2
2024461474599,2024,461474599,2,9,0,-1,19,7,3,-1,0,0,0,0,0,0,2,1,-1,9,2,45,7,1598,1,11,NISSAN JUKE,3,E01024248,0,1
2024061489277,2024,061489277,1,9,0,-1,19,3,7,-1,0,0,0,0,7,0,1,1,-1,6,1,-1,-1,999,1,1,NISSAN JUKE,-1,-1,0,-1
2024421460566,2024,421460566,2,8,0,-1,9,2,8,-1,0,8,0,0,0,0,3,1,-1,6,2,50,8,1461,2,8,NISSAN JUKE,7,E01021578,0,1
2024010502453,2024,010502453,1,9,0,18,19,7,3,0,0,0,0,4,0,0,1,1,6,6,2,50,8,1598,1,10,NISSAN JUKE,2,E01003535,0,1
2024201456020,2024,201456020,2,9,0,-1,19,3,7,-1,0,1,0,0,0,0,3,9,-1,6,2,30,6,1598,1,10,NISSAN JUKE,4,E01010304,0,1
2024131444895,2024,131444895,2,9,0,-1,19,1,5,-1,0,1,0,0,0,0,1,1,-1,2,2,32,6,1461,2,10,NISSAN JUKE,6,E01011142,0,2
2024141425613,2024,141425613,2,9,0,-1,19,5,1,-1,0,0,0,0,0,0,3,1,-1,9,2,49,8,999,1,1,NISSAN JUKE,8,E01007422,0,3
2024501468989,2024,501468989,2,9,0,-1,19,3,7,-1,0,0,0,0,0,0,1,1,-1,9,2,37,7,999,1,4,NISSAN JUKE,3,E01018927,0,1
2024311426276,2024,311426276,3,9,0,-1,2,0,0,-1,0,0,0,0,0,0,2,9,-1,9,2,51,8,1461,2,10,NISSAN JUKE,7,E01028293,0,4
2024010530768,2024,010530768,1,9,0,18,19,3,7,0,0,8,0,0,0,0,1,1,6,6,1,25,5,1598,1,8,NISSAN JUKE,6,E01000921,0,1
2024041511972,2024,041511972,1,9,0,-1,19,3,7,-1,0,0,0,0,0,0,1,1,-1,1,1,52,8,999,1,2,NISSAN JUKE,3,E01012691,0,1
2024161423192,2024,161423192,2,9,0,-1,19,5,1,-1,0,0,0,0,0,0,0,1,-1,1,2,43,7,1461,2,5,NISSAN JUKE,1,E01013210,0,1