collision_index,collision_year,collision_ref_no,vehicle_reference,vehicle_type,towing_and_articulation,vehicle_manoeuvre_historic,vehicle_manoeuvre,vehicle_direction_from,vehicle_direction_to,vehicle_location_restricted_lane_historic,vehicle_location_restricted_lane,junction_location,skidding_and_overturning,hit_object_in_carriageway,vehicle_leaving_carriageway,hit_object_off_carriageway,first_point_of_impact,vehicle_left_hand_drive,journey_purpose_of_driver_historic,journey_purpose_of_driver,sex_of_driver,age_of_driver,age_band_of_driver,engine_capacity_cc,propulsion_code,age_of_vehicle,generic_make_model,driver_imd_decile,lsoa_of_driver,escooter_flag,driver_distance_banding
2024231414874,2024,231414874,1,9,0,-1,11,4,8,-1,0,1,0,0,0,0,3,9,-1,6,1,30,6,1461,2,8,NISSAN JUKE,4,E01031133,0,1
2024201425123,2024,201425123,1,9,0,-1,9,8,6,-1,0,5,0,0,0,0,1,1,-1,2,2,28,6,999,1,1,NISSAN JUKE,8,E01032439,0,3
2024231528081,2024,231528081,2,9,0,-1,19,1,5,-1,0,8,0,0,0,0,1,1,-1,6,1,43,7,1197,1,7,NISSAN JUKE,-1,-1,0,-1
2024361441357,2024,361441357,2,9,0,-1,2,0,0,-1,0,2,0,0,0,0,3,1,-1,6,-1,-1,-1,999,1,1,NISSAN JUKE,-1,-1,0,-1
2024451530095,2024,451530095,1,9,0,-1,19,1,5,-1,0,0,0,0,0,0,1,1,-1,1,1,52,8,1598,1,11,NISSAN JUKE,2,E01001081,0,1
2024201511362,2024,201511362,1,9,0,-1,19,6,2,-1,0,8,0,0,0,0,4,1,-1,9,1,25,5,1598,8,0,NISSAN JUKE,-1,-1,0,-1
2024201475140,2024,201475140,2,9,0,-1,9,3,1,-1,0,5,0,0,0,0,1,1,-1,6,2,26,6,1598,8,1,NISSAN JUKE,-1,-1,0,-1
2024141527515,2024,141527515,1,9,0,-1,7,5,8,-1,0,2,0,0,0,0,1,1,-1,6,1,20,4,1461,2,13,NISSAN JUKE,2,E01007784,0,1
2024041430196,2024,041430196,3,9,0,-1,3,1,5,-1,0,2,0,0,0,0,2,1,-1,9,2,20,4,1461,2,8,NISSAN JUKE,9,E01025461,0,1
2024552401131,2024,552401131,1,9,0,18,19,4,8,0,0,8,0,0,0,0,3,1,6,6,3,-1,-1,999,1,1,NISSAN JUKE,-1,-1,0,-1
2024991526287,2024,991526287,1,9,0,-1,19,1,5,-1,0,0,0,0,0,0,4,1,-1,6,2,42,7,1598,1,11,NISSAN JUKE,4,-1,0,1
2024311455460,2024,311455460,3,9,0,-1,19,7,3,-1,0,0,0,0,0,0,1,1,-1,6,1,57,9,1461,2,12,NISSAN JUKE,4,E01027982,0,2
2024371476770,2024,371476770,2,9,0,-1,19,5,1,-1,0,8,0,0,0,0,1,1,-1,9,2,75,10,1461,2,11,NISSAN JUKE,4,E01030236,0,1
2024101417312,2024,101417312,1,9,0,-1,19,8,4,-1,0,0,0,0,0,0,1,1,-1,2,2,40,7,999,1,4,NISSAN JUKE,9,E01008275,0,1
2024052402061,2024,052402061,1,9,0,7,7,8,2,0,0,6,0,0,0,0,3,1,6,6,1,70,10,1598,1,13,NISSAN JUKE,2,E01006969,0,1
2024421483575,2024,421483575,1,9,0,-1,19,4,7,-1,0,2,0,4,0,0,1,1,-1,6,2,33,6,1598,1,10,NISSAN JUKE,10,E01022084,0,1
2024421422925,2024,421422925,1,9,0,-1,19,4,8,-1,0,0,0,0,0,0,1,1,-1,7,2,49,8,1598,1,13,NISSAN JUKE,7,E01021338,0,1
2024221397092,2024,221397092,1,9,0,-1,9,3,1,-1,0,6,0,0,0,0,1,1,-1,9,1,73,10,1197,1,9,NISSAN JUKE,10,E01032135,0,1
2024131473493,2024,131473493,1,9,0,-1,19,3,7,-1,0,0,0,0,0,0,4,1,-1,6,2,23,5,999,1,0,NISSAN JUKE,-1,-1,0,-1
2024231447634,2024,231447634,2,9,0,-1,4,2,4,-1,0,0,0,0,0,0,1,9,-1,6,1,54,8,999,1,4,NISSAN JUKE,3,E01009568,0,1
2024131472966,2024,131472966,2,9,0,-1,19,7,3,-1,0,1,0,0,0,0,4,1,-1,9,1,41,7,1461,2,9,NISSAN JUKE,6,E01027881,0,3
2024302400436,2024,302400436,2,9,0,18,19,6,2,0,0,0,0,0,0,0,1,1,6,6,1,68,10,1197,1,9,NISSAN JUKE,3,E01019459,0,3
2024311525572,2024,311525572,1,9,0,-1,19,3,7,-1,0,5,0,4,0,0,1,1,-1,6,1,40,7,1618,1,8,NISSAN JUKE,7,E01028378,0,1
2024131534519,2024,131534519,2,9,0,-1,19,5,3,-1,0,8,1,0,0,0,4,1,-1,2,2,55,8,999,1,1,NISSAN JUKE,10,E01007600,0,4
2024461420625,2024,461420625,4,9,0,-1,2,0,0,-1,0,2,0,0,0,0,2,1,-1,6,-1,-1,-1,1598,1,5,NISSAN JUKE,-1,-1,0,-1
2024101520934,2024,101520934,3,9,0,-1,19,5,8,-1,0,1,0,0,0,0,1,1,-1,2,2,36,7,1461,2,8,NISSAN JUKE,1,E01008291,0,1
2024161441859,2024,161441859,1,9,0,-1,19,1,5,-1,0,2,0,0,0,0,1,1,-1,9,1,80,11,999,1,3,NISSAN JUKE,7,E01013301,0,1
2024052402056,2024,052402056,2,9,0,18,19,4,1,0,0,3,0,0,0,0,4,1,6,6,1,69,10,1598,8,1,NISSAN JUKE,1,E01006585,0,1
2024201548688,2024,201548688,1,9,0,-1,19,3,1,-1,0,0,0,0,0,0,1,1,-1,2,1,22,5,1598,1,13,NISSAN JUKE,1,E01009141,0,1
2024531400952,2024,531400952,1,9,0,-1,9,5,3,-1,0,0,0,0,0,0,1,1,-1,9,2,42,7,1598,1,6,NISSAN JUKE,7,E01022336,0,1
2024421426594,2024,421426594,1,9,0,-1,19,7,3,-1,9,0,0,10,2,11,1,1,-1,9,2,30,6,999,1,4,NISSAN JUKE,2,E01015840,0,1
2024221403742,2024,221403742,2,9,0,-1,9,1,7,-1,0,6,0,0,0,0,3,9,-1,2,2,56,9,1461,2,11,NISSAN JUKE,4,E01028909,0,1
2024010525523,2024,010525523,2,9,9,99,99,9,9,99,99,9,9,99,9,99,9,9,6,6,3,-1,-1,1598,1,8,NISSAN JUKE,-1,-1,0,-1
2024320402243,2024,320402243,1,9,0,-1,-1,6,2,0,0,0,0,0,1,0,1,1,6,6,1,76,11,1197,1,7,NISSAN JUKE,4,E01016271,0,5
2024161516749,2024,161516749,2,9,0,-1,5,7,3,-1,0,4,0,0,0,0,3,1,-1,6,2,-1,-1,1598,1,13,NISSAN JUKE,5,E01012829,0,1
2024320437899,2024,320437899,1,9,0,-1,-1,6,2,0,0,1,0,0,1,0,1,1,-1,-1,1,50,8,1461,2,9,NISSAN JUKE,8,E01026065,0,1
2024501533209,2024,501533209,1,9,0,-1,19,4,7,-1,9,1,0,10,7,0,1,1,-1,9,1,87,11,1598,1,6,NISSAN JUKE,3,E01015069,0,1
2024421515235,2024,421515235,1,9,0,-1,19,2,6,-1,0,0,0,0,0,0,2,9,-1,6,2,50,8,1598,1,13,NISSAN JUKE,6,E01033719,0,1
2024122400353,2024,122400353,2,9,0,18,19,1,5,0,0,8,0,0,0,0,1,1,6,6,2,49,8,999,1,4,NISSAN JUKE,7,E01027888,0,2
2024320272710,2024,320272710,1,9,0,-1,-1,6,2,0,0,1,0,0,0,0,1,1,6,6,2,44,7,1598,1,11,NISSAN JUKE,5,E01026283,0,3
2024552400075,2024,552400075,1,9,0,3,3,7,3,0,0,1,0,0,0,0,1,1,1,1,2,67,10,1197,1,8,NISSAN JUKE,7,E01020465,0,3
2024010545020,2024,010545020,1,9,0,18,19,3,7,0,0,8,0,7,0,0,1,1,3,7,1,33,6,1598,1,10,NISSAN JUKE,4,E01000634,0,4
2024070426818,2024,070426818,2,9,0,3,3,1,5,0,0,4,0,0,0,0,2,1,6,6,2,46,8,1197,1,9,NISSAN JUKE,2,E01034669,0,3
2024061536838,2024,061536838,2,9,0,-1,10,-1,-1,-1,0,1,0,99,0,0,1,1,-1,6,2,-1,-1,1461,2,10,NISSAN JUKE,9,E01005052,0,1
2024211499648,2024,211499648,1,9,0,-1,19,2,6,-1,0,0,0,0,0,0,1,1,-1,9,2,49,8,1598,1,13,NISSAN JUKE,-1,-1,0,-1
2024052401235,2024,052401235,2,9,0,7,7,5,1,0,0,8,0,0,1,0,1,1,6,6,3,-1,-1,1598,1,13,NISSAN JUKE,-1,-1,0,-1
2024041498813,2024,041498813,3,9,0,-1,5,5,1,-1,0,1,0,0,0,0,1,1,-1,9,2,30,6,1197,1,10,NISSAN JUKE,7,E01025159,0,1
2024161398001,2024,161398001,1,9,0,-1,3,2,6,-1,0,1,0,0,0,0,1,1,-1,9,1,73,10,1197,1,10,NISSAN JUKE,1,E01013000,0,1
2024231404691,2024,231404691,1,9,0,-1,19,8,4,-1,0,0,0,0,0,0,1,9,-1,6,1,48,8,1598,1,5,NISSAN JUKE,3,E01009537,0,2
2024421523747,2024,421523747,3,9,0,-1,3,5,1,-1,0,1,0,0,0,0,2,1,-1,9,2,72,10,1598,1,7,NISSAN JUKE,7,E01015878,0,3
2024991491628,2024,991491628,1,9,0,-1,9,4,1,-1,0,1,1,0,0,0,4,1,-1,9,1,69,10,999,1,0,NISSAN JUKE,-1,-1,0,-1
2024351437768,2024,351437768,2,9,0,-1,19,7,3,-1,0,1,0,0,0,0,1,1,-1,6,2,55,8,1612,1,13,NISSAN JUKE,4,E01029950,0,2
2024201508823,2024,201508823,1,9,0,-1,9,8,6,-1,0,6,0,0,0,0,1,1,-1,6,2,49,8,1461,2,8,NISSAN JUKE,1,E01009840,0,1
2024101464228,2024,101464228,2,9,0,-1,3,1,5,-1,0,8,0,0,0,0,2,1,-1,9,1,62,9,999,1,0,NISSAN JUKE,4,E01008513,0,1
2024311531935,2024,311531935,1,9,0,-1,7,4,1,-1,0,2,0,0,0,0,1,1,-1,9,1,25,5,1461,2,11,NISSAN JUKE,3,E01028310,0,1
2024010534891,2024,010534891,2,9,0,9,9,1,7,0,0,8,0,0,0,0,3,1,2,2,2,59,9,999,1,2,NISSAN JUKE,3,E01034199,0,1
2024010544809,2024,010544809,1,9,0,1,1,3,7,0,0,1,0,0,0,0,2,1,6,6,2,47,8,1598,1,12,NISSAN JUKE,4,E01002016,0,1
2024430145074,2024,430145074,1,9,0,18,19,2,6,0,0,0,5,0,0,0,1,1,2,2,2,36,7,1461,2,8,NISSAN JUKE,8,E01030622,0,5
2024041493669,2024,041493669,2,9,0,-1,9,5,3,-1,0,6,0,0,0,0,1,1,-1,9,2,59,9,1598,1,11,NISSAN JUKE,9,E01024979,0,2
2024421407790,2024,421407790,1,9,0,-1,19,3,7,-1,0,0,0,0,0,0,1,1,-1,6,1,15,3,1598,1,7,NISSAN JUKE,1,E01016007,0,1
2024061533395,2024,061533395,1,9,0,-1,19,8,4,-1,0,1,0,0,0,0,1,1,-1,2,1,41,7,1598,8,0,NISSAN JUKE,8,E01004780,0,4
2024471470845,2024,471470845,3,9,0,-1,4,1,7,-1,0,3,0,0,0,0,2,1,-1,9,2,44,7,1598,1,5,NISSAN JUKE,4,E01031386,0,2
2024010529369,2024,010529369,2,9,0,99,99,9,9,99,99,9,9,99,9,99,9,9,6,6,3,59,9,1598,1,13,NISSAN JUKE,2,E01003066,0,1
2024320680854,2024,320680854,1,9,0,9,9,6,2,0,0,6,0,0,0,0,1,1,-1,-1,1,36,7,999,1,3,NISSAN JUKE,10,E01013804,0,2
2024131513151,2024,131513151,2,9,0,-1,4,1,5,-1,0,0,0,0,0,0,2,1,-1,9,2,71,10,1461,2,11,NISSAN JUKE,5,E01010585,0,1
2024471449564,2024,471449564,1,9,0,-1,15,3,7,-1,0,0,0,0,0,0,4,9,-1,6,1,51,8,1598,8,1,NISSAN JUKE,3,E01024487,0,3
2024041447841,2024,041447841,2,9,0,-1,19,7,3,-1,0,8,0,0,0,0,4,1,-1,9,2,42,7,1461,2,6,NISSAN JUKE,2,E01025284,0,1
2024430068102,2024,430068102,2,9,0,18,19,4,7,0,0,0,0,0,0,0,2,1,3,7,2,16,4,1197,1,7,NISSAN JUKE,7,E01016821,0,1
2024161467114,2024,161467114,1,9,0,-1,9,6,4,-1,0,5,1,0,0,0,2,1,-1,2,2,44,7,1461,2,8,NISSAN JUKE,8,E01013018,0,1
2024221427022,2024,221427022,1,9,0,-1,19,2,6,-1,0,8,0,0,0,0,1,1,-1,6,2,32,6,1461,2,9,NISSAN JUKE,9,E01032337,0,1
2024221498900,2024,221498900,2,9,0,-1,19,4,1,-1,0,0,0,0,0,0,3,1,-1,6,1,76,11,999,1,0,NISSAN JUKE,-1,-1,0,-1
2024161452214,2024,161452214,3,9,0,-1,2,0,0,-1,0,0,0,0,0,0,2,1,-1,6,-1,-1,-1,1598,1,10,NISSAN JUKE,-1,-1,0,-1
2024010522757,2024,010522757,1,9,0,99,99,9,9,99,99,9,9,99,9,99,9,9,6,6,1,40,7,1598,1,11,NISSAN JUKE,6,E01003760,0,2
2024070878128,2024,070878128,1,9,0,-1,5,3,7,-1,0,4,0,0,0,0,3,1,-1,2,2,27,6,999,1,3,NISSAN JUKE,10,E01035386,0,1
2024421402643,2024,421402643,2,9,0,-1,19,3,1,-1,0,1,0,0,0,0,3,1,-1,6,2,46,8,1197,1,6,NISSAN JUKE,3,E01015987,0,1
2024041485580,2024,041485580,1,9,0,-1,13,7,3,-1,0,0,5,0,0,0,1,1,-1,9,2,48,8,1461,2,10,NISSAN JUKE,2,E01025388,0,1
2024411563296,2024,411563296,3,9,0,-1,19,8,4,-1,0,0,0,0,7,0,1,1,-1,7,1,29,6,1461,2,7,NISSAN JUKE,9,E01023376,0,3
2024451489776,2024,451489776,2,9,0,-1,4,1,5,-1,0,0,0,0,0,0,1,1,-1,9,1,28,6,1598,1,11,NISSAN JUKE,6,W01000459,0,5
2024501424311,2024,501424311,1,9,0,-1,12,3,7,-1,0,0,0,0,0,0,4,1,-1,9,2,27,6,1461,2,12,NISSAN JUKE,4,E01020284,0,4
2024131430185,2024,131430185,1,9,0,-1,19,8,4,-1,0,0,0,0,0,0,2,1,-1,9,1,64,9,1598,1,10,NISSAN JUKE,1,E01005466,0,4
2024411428272,2024,411428272,2,9,0,-1,3,1,5,-1,0,8,0,0,0,0,1,1,-1,6,2,60,9,1598,1,6,NISSAN JUKE,2,E01034471,0,3
2024421508688,2024,421508688,2,9,0,-1,19,3,7,-1,0,8,0,0,0,0,1,1,-1,9,1,68,10,1598,1,8,NISSAN JUKE,8,E01021760,0,4
2024061488222,2024,061488222,1,9,0,-1,19,7,3,-1,0,0,0,0,0,0,1,1,-1,9,2,56,9,1598,1,13,NISSAN JUKE,3,E01005355,0,3
2024131438862,2024,131438862,1,9,0,-1,19,7,3,-1,0,8,0,0,0,0,1,1,-1,6,2,67,10,1461,2,9,NISSAN JUKE,9,E01010769,0,4
2024622400386,2024,622400386,1,9,0,18,19,4,8,0,0,0,0,0,4,6,1,1,6,6,1,74,10,1461,2,10,NISSAN JUKE,1,W01001219,0,3
2024010535046,2024,010535046,1,9,9,99,99,9,9,99,99,9,9,99,9,99,9,9,6,6,3,-1,-1,1598,1,9,NISSAN JUKE,-1,-1,0,-1
2024302400920,2024,302400920,1,9,0,16,19,3,5,0,0,0,0,0,0,0,1,1,6,6,2,83,11,999,1,1,NISSAN JUKE,4,E01019824,0,1
2024411529194,2024,411529194,2,9,-1,-1,-1,-1,-1,-1,-1,-1,-1,-1,-1,0,3,9,-1,9,2,40,7,1598,1,12,NISSAN JUKE,5,E01023720,0,1
2024010512263,2024,010512263,1,9,0,18,19,1,5,0,0,1,0,0,0,0,4,1,6,6,2,76,11,1598,1,6,NISSAN JUKE,2,E01004272,0,1
2024411459655,2024,411459655,2,9,0,-1,5,4,8,-1,0,8,0,0,0,0,2,1,-1,1,2,55,8,1461,2,12,NISSAN JUKE,4,E01023864,0,1
2024041453117,2024,041453117,2,9,0,-1,19,1,5,-1,0,1,1,0,7,0,1,1,-1,9,2,24,5,1197,1,8,NISSAN JUKE,9,E01025303,0,1
2024522403261,2024,522403261,3,9,0,4,4,3,7,0,0,0,0,0,0,0,2,1,6,6,1,54,8,1598,1,12,NISSAN JUKE,10,E01014944,0,2
2024461525430,2024,461525430,2,9,0,-1,19,5,1,-1,0,0,0,0,0,0,1,1,-1,9,2,38,7,1197,1,9,NISSAN JUKE,7,E01024569,0,2
2024061505606,2024,061505606,3,9,0,-1,2,0,0,-1,0,0,0,0,0,0,4,1,-1,6,-1,-1,-1,1461,2,11,NISSAN JUKE,-1,-1,0,-1
2024201417527,2024,201417527,2,9,0,-1,19,4,8,-1,0,0,0,0,0,0,1,9,-1,9,2,57,9,1197,1,10,NISSAN JUKE,5,E01010135,0,2
2024501412434,2024,501412434,1,9,0,-1,19,3,7,-1,0,8,0,0,0,0,1,9,-1,6,2,58,9,1598,1,12,NISSAN JUKE,5,E01020177,0,3
2024221409255,2024,221409255,2,9,0,-1,3,2,6,-1,0,0,0,0,0,0,2,9,-1,9,1,54,8,1598,1,5,NISSAN JUKE,8,E01032443,0,1
2024440540158,2024,440540158,1,9,0,7,7,1,3,0,0,6,0,0,0,0,4,1,6,6,2,79,11,999,1,2,NISSAN JUKE,3,E01022959,0,1
2024041504781,2024,041504781,2,9,0,-1,19,3,7,-1,0,8,0,0,0,0,3,1,-1,9,2,26,6,999,1,0,NISSAN JUKE,1,E01025041,0,1
2024471397524,2024,471397524,2,9,0,-1,4,5,1,-1,0,1,0,0,0,0,1,9,-1,1,2,31,6,1598,1,9,NISSAN JUKE,1,E01020929,0,1
2024131413565,2024,131413565,2,9,0,-1,19,3,7,-1,0,8,0,0,7,0,4,1,-1,6,2,58,9,1598,1,5,NISSAN JUKE,9,E01011296,0,3
2024010504066,2024,010504066,2,9,0,3,3,9,9,99,99,0,9,99,9,99,9,9,6,6,2,58,9,1598,1,6,NISSAN JUKE,2,E01003918,0,1
2024991470248,2024,991470248,1,9,0,-1,19,7,3,-1,0,0,0,0,0,0,1,1,-1,6,2,54,8,1598,1,12,NISSAN JUKE,6,-1,0,2
2024622400424,2024,622400424,1,9,0,5,5,8,4,0,0,6,0,0,0,0,1,1,6,6,2,24,5,999,1,3,NISSAN JUKE,1,W01001179,0,1
2024991448584,2024,991448584,3,9,0,-1,19,5,8,-1,0,0,0,0,0,0,1,1,-1,9,2,62,9,1598,1,10,NISSAN JUKE,9,-1,0,4
2024161427041,2024,161427041,1,9,0,-1,19,1,7,-1,0,0,0,0,0,0,3,9,-1,9,2,26,6,1197,1,9,NISSAN JUKE,1,E01012808,0,1
2024351523181,2024,351523181,2,9,0,-1,19,4,8,-1,0,0,0,0,1,0,1,1,-1,6,1,52,8,1598,8,0,NISSAN JUKE,5,E01033180,0,1
2024991460793,2024,991460793,1,9,0,-1,1,7,1,-1,9,6,0,0,0,0,2,1,-1,6,2,30,6,1461,2,13,NISSAN JUKE,2,-1,0,1
2024991437668,2024,991437668,2,9,0,-1,19,7,2,-1,0,8,0,0,0,0,1,1,-1,9,2,42,7,1598,1,12,NISSAN JUKE,3,-1,0,3
2024622400320,2024,622400320,2,9,0,9,9,2,8,0,0,2,0,0,1,0,3,1,6,6,1,23,5,1598,1,8,NISSAN JUKE,3,W01001080,0,1
2024520403046,2024,520403046,1,9,0,18,19,6,2,0,0,8,0,0,0,0,3,1,6,6,2,61,9,1598,8,1,NISSAN JUKE,5,E01014451,0,3
2024141435340,2024,141435340,4,9,0,-1,19,5,1,-1,0,0,0,0,0,0,3,9,-1,6,2,42,7,1598,8,2,NISSAN JUKE,5,E01007996,0,1
2024461471702,2024,461471702,2,9,0,-1,19,5,1,-1,0,0,0,0,0,0,2,9,-1,9,2,27,6,1461,2,6,NISSAN JUKE,5,E01035299,0,3
2024361438253,2024,361438253,1,9,0,-1,19,6,2,-1,0,0,0,0,0,0,1,1,-1,6,1,84,11,1598,1,7,NISSAN JUKE,7,E01026748,0,3
2024101400857,2024,101400857,1,9,0,-1,9,1,7,-1,0,0,0,0,0,0,4,1,-1,9,2,67,10,1598,1,5,NISSAN JUKE,10,E01008546,0,2
2024520403289,2024,520403289,1,9,0,18,19,6,2,0,0,8,0,0,0,0,1,1,6,6,1,58,9,1598,1,7,NISSAN JUKE,2,E01018751,0,5
2024010545804,2024,010545804,3,9,0,18,19,3,7,0,0,0,0,0,0,0,1,1,6,6,2,30,6,1197,1,8,NISSAN JUKE,8,E01034285,0,3
2024010551105,2024,010551105,1,9,0,9,9,6,3,0,0,1,0,0,0,0,3,1,6,6,1,63,9,999,1,2,NISSAN JUKE,3,E01034203,0,1
2024411521051,2024,411521051,2,9,0,-1,3,5,1,-1,0,8,0,0,0,0,2,1,-1,6,2,39,7,1598,1,6,NISSAN JUKE,3,E01023310,0,1
2024131514900,2024,131514900,2,9,0,-1,19,2,5,-1,0,0,0,0,0,0,3,1,-1,9,2,51,8,1461,2,12,NISSAN JUKE,1,E01011094,0,2
2024421411873,2024,421411873,1,9,0,-1,19,1,5,-1,0,1,0,0,0,0,1,9,-1,6,1,84,11,1598,1,6,NISSAN JUKE,7,E01021520,0,1
2024351456702,2024,351456702,1,9,0,-1,19,2,6,-1,0,6,0,0,0,0,3,9,-1,9,2,29,6,1461,2,9,NISSAN JUKE,8,E01015650,0,1
2024211523206,2024,211523206,1,9,0,-1,19,2,4,-1,0,1,0,0,0,0,1,1,-1,6,1,52,8,1598,1,8,NISSAN JUKE,-1,-1,0,-1
2024311436759,2024,311436759,1,9,0,-1,9,6,4,-1,0,1,0,0,0,0,1,1,-1,6,1,28,6,1461,2,11,NISSAN JUKE,5,E01013816,0,1
2024451402017,2024,451402017,2,9,0,-1,19,3,7,-1,0,0,0,0,0,0,1,1,-1,9,2,48,8,1197,1,7,NISSAN JUKE,7,E01030630,0,1
2024010541422,2024,010541422,2,9,0,99,99,9,9,99,99,9,9,99,9,99,0,9,6,6,3,-1,-1,999,1,1,NISSAN JUKE,-1,-1,0,-1
2024421451843,2024,421451843,2,9,0,-1,9,7,5,-1,0,8,0,0,0,0,4,1,-1,6,1,29,6,1598,1,10,NISSAN JUKE,6,E01021331,0,1
2024052402639,2024,052402639,1,9,0,5,5,6,2,0,0,1,0,0,0,0,1,1,6,6,1,23,5,999,1,0,NISSAN JUKE,1,E01006493,0,2
2024131450316,2024,131450316,1,9,0,-1,19,3,7,-1,0,0,0,0,0,0,1,1,-1,6,1,46,8,1197,1,10,NISSAN JUKE,1,E01010659,0,1
2024010538410,2024,010538410,1,9,0,7,7,1,3,0,0,6,5,4,0,0,1,1,6,6,1,18,4,999,1,0,NISSAN JUKE,4,E01004760,0,1
2024461431369,2024,461431369,2,9,0,-1,19,1,5,-1,0,8,0,0,0,0,3,1,-1,6,1,64,9,1197,1,6,NISSAN JUKE,8,E01016126,0,1
2024141499360,2024,141499360,3,9,0,-1,2,0,0,-1,0,2,0,4,0,0,1,9,-1,6,-1,-1,-1,1461,2,11,NISSAN JUKE,-1,-1,0,-1
2024201434609,2024,201434609,2,9,0,-1,3,2,6,-1,0,0,0,0,0,0,1,1,-1,9,2,34,6,1598,1,10,NISSAN JUKE,1,E01010456,0,1
2024411482601,2024,411482601,1,9,0,-1,19,1,5,-1,0,0,0,0,0,0,4,1,-1,6,2,39,7,1598,1,12,NISSAN JUKE,2,E01023339,0,1
2024010516372,2024,010516372,2,9,0,18,19,5,1,0,0,1,0,0,0,0,1,1,6,6,3,-1,-1,1197,1,7,NISSAN JUKE,-1,-1,0,-1
2024461400442,2024,461400442,2,9,0,-1,19,3,7,-1,0,0,2,0,2,0,1,9,-1,6,1,68,10,999,1,3,NISSAN JUKE,7,E01024417,0,1
2024461487860,2024,461487860,1,9,0,-1,19,1,5,-1,0,0,0,0,0,0,1,9,-1,6,2,-1,-1,1461,2,12,NISSAN JUKE,-1,-1,0,-1
2024471489333,2024,471489333,2,9,0,-1,19,4,8,-1,0,0,0,0,0,0,3,1,-1,9,2,70,10,1598,8,1,NISSAN JUKE,1,E01016880,0,1
2024451493539,2024,451493539,1,9,0,-1,11,5,7,-1,0,8,0,0,0,0,4,1,-1,9,1,73,10,999,1,4,NISSAN JUKE,7,E01030423,0,3
2024041470527,2024,041470527,3,9,0,-1,3,5,1,-1,0,1,0,0,0,0,2,1,-1,9,1,33,6,1598,1,11,NISSAN JUKE,8,E01034347,0,1
2024451485088,2024,451485088,2,9,0,-1,19,7,3,-1,0,0,1,4,0,0,3,1,-1,2,1,36,7,1598,1,6,NISSAN JUKE,5,E01030663,0,3
2024131483691,2024,131483691,4,9,0,-1,2,0,0,-1,0,0,0,0,0,0,2,1,-1,6,-1,-1,-1,1461,2,11,NISSAN JUKE,-1,-1,0,-1
2024302401491,2024,302401491,2,9,0,18,19,7,3,0,0,1,0,0,0,0,1,1,2,2,1,21,5,1197,1,8,NISSAN JUKE,4,E01019824,0,1
2024010510672,2024,010510672,2,9,0,99,99,9,9,99,99,9,9,99,9,99,1,9,6,6,2,42,7,1598,1,8,NISSAN JUKE,4,E01003353,0,1
2024201406668,2024,201406668,1,9,0,-1,5,6,2,-1,0,1,0,0,0,0,1,1,-1,6,2,20,4,1461,2,10,NISSAN JUKE,-1,-1,0,-1
2024401454278,2024,401454278,2,9,0,-1,4,8,4,-1,0,1,0,0,0,0,3,1,-1,9,2,36,7,1461,2,6,NISSAN JUKE,7,E01017577,0,1
2024440373576,2024,440373576,1,9,0,18,19,7,3,0,0,8,0,0,0,0,4,1,6,6,1,30,6,999,1,2,NISSAN JUKE,9,E01030893,0,3
2024421474688,2024,421474688,1,9,0,-1,19,7,3,-1,0,0,1,0,7,0,1,1,-1,9,2,53,8,1197,1,7,NISSAN JUKE,4,E01021601,0,1
2024041423225,2024,041423225,2,9,0,-1,19,3,7,-1,0,1,0,0,0,0,3,1,-1,9,2,57,9,1197,1,7,NISSAN JUKE,9,E01025511,0,2
2024101513319,2024,101513319,1,9,0,-1,19,5,1,-1,0,0,0,0,0,0,4,9,-1,6,1,33,6,999,1,3,NISSAN JUKE,4,E01008172,0,1
2024010528704,2024,010528704,2,9,0,18,19,3,7,0,0,1,0,4,1,0,1,1,6,6,3,37,7,1598,1,8,NISSAN JUKE,3,E01034150,0,2
2024311455814,2024,311455814,2,9,0,-1,5,5,1,-1,0,6,0,0,0,0,3,1,-1,9,1,82,11,1598,1,7,NISSAN JUKE,-1,-1,0,-1
2024061465727,2024,061465727,2,9,0,-1,3,7,3,-1,0,0,0,0,0,0,2,9,-1,6,2,67,10,999,1,3,NISSAN JUKE,3,E01005059,0,1
2024401444016,2024,401444016,2,9,0,-1,19,3,7,-1,0,2,0,0,0,0,1,1,-1,6,2,33,6,1461,2,9,NISSAN JUKE,9,E01017556,0,1
2024440362665,2024,440362665,2,9,0,18,19,4,8,0,0,0,0,0,0,0,4,1,6,6,2,67,10,1618,1,8,NISSAN JUKE,7,E01022648,0,2
2024131528473,2024,131528473,2,9,0,-1,4,1,5,-1,0,0,0,0,0,0,0,1,-1,6,2,37,7,1461,2,9,NISSAN JUKE,1,E01011838,0,1
2024161479518,2024,161479518,1,9,0,-1,9,5,2,-1,0,6,0,0,0,0,1,1,-1,6,2,64,9,999,1,1,NISSAN JUKE,8,E01012983,0,1
2024430480292,2024,430480292,1,9,0,18,19,1,5,0,0,4,0,0,0,0,3,1,6,6,2,30,6,999,1,3,NISSAN JUKE,10,E01016187,0,1
2024401519804,2024,401519804,2,9,0,-1,19,1,5,-1,0,0,0,0,0,0,1,1,-1,9,1,81,11,1598,1,6,NISSAN JUKE,5,E01017388,0,3
2024101479231,2024,101479231,2,9,0,-1,4,5,1,-1,0,0,0,0,0,0,2,2,-1,6,2,54,8,999,1,2,NISSAN JUKE,-1,-1,0,-1