collision_index,collision_year,collision_ref_no,vehicle_reference,vehicle_type,towing_and_articulation,vehicle_manoeuvre_historic,vehicle_manoeuvre,vehicle_direction_from,vehicle_direction_to,vehicle_location_restricted_lane_historic,vehicle_location_restricted_lane,junction_location,skidding_and_overturning,hit_object_in_carriageway,vehicle_leaving_carriageway,hit_object_off_carriageway,first_point_of_impact,vehicle_left_hand_drive,journey_purpose_of_driver_historic,journey_purpose_of_driver,sex_of_driver,age_of_driver,age_band_of_driver,engine_capacity_cc,propulsion_code,age_of_vehicle,generic_make_model,driver_imd_decile,lsoa_of_driver,escooter_flag,driver_distance_banding
2024522401556,2024,522401556,2,9,0,3,3,5,1,0,0,0,0,0,0,0,4,1,6,6,2,26,6,1618,1,11,NISSAN JUKE,2,E01014629,0,1
2024010528556,2024,010528556,2,9,0,9,9,3,2,0,0,2,0,0,0,0,1,1,6,6,1,30,6,1598,1,13,NISSAN JUKE,7,E01000196,0,1
2024010506279,2024,010506279,2,9,0,2,2,0,0,0,0,2,0,0,0,0,3,1,6,6,3,-1,-1,1598,1,7,NISSAN JUKE,-1,-1,0,-1
2024451433173,2024,451433173,2,9,0,-1,12,6,2,-1,0,0,1,0,0,0,4,1,-1,6,1,40,7,1598,1,11,NISSAN JUKE,-1,-1,0,-1
2024041432042,2024,041432042,2,9,0,-1,19,5,1,-1,0,0,0,0,0,0,2,1,-1,9,2,28,6,1461,2,12,NISSAN JUKE,2,E01019177,0,4
2024010516808,2024,010516808,1,9,0,9,9,1,7,0,0,1,0,0,0,0,3,1,2,2,1,43,7,999,1,1,NISSAN JUKE,9,E01030757,0,4
2024461518478,2024,461518478,2,9,0,-1,19,1,5,-1,0,0,0,0,0,0,-1,9,-1,6,3,-1,-1,999,1,1,NISSAN JUKE,-1,-1,0,-1
2024421433543,2024,421433543,4,9,0,-1,19,6,2,-1,0,0,0,0,0,0,1,1,-1,6,2,27,6,1598,8,2,NISSAN JUKE,1,E01021290,0,4
2024141441372,2024,141441372,1,9,0,-1,1,3,7,-1,9,0,0,0,0,0,2,9,-1,1,1,74,10,1598,1,11,NISSAN JUKE,1,E01007440,0,1
2024501531311,2024,501531311,1,9,0,-1,19,1,5,-1,0,0,0,0,1,4,1,1,-1,9,1,75,10,1197,1,9,NISSAN JUKE,5,E01020117,0,4
2024421495443,2024,421495443,2,9,0,-1,19,1,5,-1,0,0,0,0,0,0,1,9,-1,6,2,78,11,1598,1,8,NISSAN JUKE,10,E01021253,0,1
2024010528929,2024,010528929,1,9,0,18,19,1,5,0,0,1,0,0,0,0,4,1,2,2,1,55,8,1598,1,10,NISSAN JUKE,-1,-1,0,-1
2024010501280,2024,010501280,1,9,0,99,99,9,9,99,99,9,9,99,9,99,9,9,6,6,2,47,8,1197,1,8,NISSAN JUKE,3,E01001192,0,2
2024461482192,2024,461482192,1,9,0,-1,19,6,2,-1,0,2,0,0,7,10,1,1,-1,9,1,80,11,999,1,4,NISSAN JUKE,5,E01023978,0,3
2024010509734,2024,010509734,1,9,0,99,99,9,9,99,99,9,9,99,9,99,2,9,6,6,2,32,6,1598,1,10,NISSAN JUKE,9,E01004079,0,1
2024010550367,2024,010550367,2,9,0,99,99,9,9,99,99,6,9,99,9,99,1,9,6,6,3,-1,-1,1598,1,13,NISSAN JUKE,6,E01004474,0,1
2024631478167,2024,631478167,1,9,0,-1,5,7,3,-1,0,0,0,0,0,0,4,1,-1,2,2,46,8,999,1,2,NISSAN JUKE,1,W01000835,0,3
2024111480202,2024,111480202,2,9,0,-1,19,7,3,-1,0,1,1,0,0,0,1,1,-1,9,2,24,5,1461,2,9,NISSAN JUKE,6,E01020697,0,2
2024141400448,2024,141400448,2,9,0,-1,9,5,3,-1,0,8,0,0,0,0,4,1,-1,9,2,20,4,1461,2,12,NISSAN JUKE,2,E01007579,0,3
2024041405984,2024,041405984,1,9,0,-1,9,7,3,-1,0,2,0,0,0,0,1,1,-1,6,2,38,7,1598,1,6,NISSAN JUKE,2,E01010336,0,5
2024201457757,2024,201457757,1,9,0,-1,19,8,2,-1,0,6,0,0,0,0,1,1,-1,6,2,30,6,1598,1,13,NISSAN JUKE,3,E01009221,0,1
2024061394476,2024,061394476,2,9,0,-1,6,3,7,-1,0,0,0,0,0,0,4,1,-1,6,2,32,6,1197,1,8,NISSAN JUKE,1,E01005180,0,1
2024141455961,2024,141455961,2,9,0,-1,19,1,5,-1,0,0,0,0,0,0,1,1,-1,9,2,56,9,999,1,1,NISSAN JUKE,1,E01007542,0,2
2024041480086,2024,041480086,2,9,0,-1,9,5,1,-1,0,1,0,0,0,0,4,1,-1,6,2,67,10,1461,2,9,NISSAN JUKE,7,E01025081,0,2
2024052400567,2024,052400567,3,9,0,3,3,6,2,0,0,1,0,0,0,0,1,1,6,6,1,66,10,1461,2,7,NISSAN JUKE,3,E01006799,0,1
2024461406100,2024,461406100,1,9,0,-1,19,2,7,-1,0,0,1,0,1,4,0,1,-1,1,2,43,7,1461,2,9,NISSAN JUKE,6,E01024361,0,2
2024411578266,2024,411578266,1,9,0,-1,9,8,6,-1,0,1,0,0,0,0,4,1,-1,2,2,56,9,1598,1,11,NISSAN JUKE,6,E01023606,0,1
2024141402306,2024,141402306,2,9,0,-1,5,7,3,-1,0,6,0,0,0,0,1,1,-1,6,1,28,6,999,1,1,NISSAN JUKE,6,E01019819,0,4
2024010532303,2024,010532303,2,9,0,16,19,8,4,0,0,6,0,0,0,0,1,1,6,6,2,72,10,1598,1,13,NISSAN JUKE,2,E01002087,0,1
2024302401706,2024,302401706,3,9,0,-1,10,8,4,-1,0,8,0,0,1,0,1,1,-1,9,1,66,10,1461,2,9,NISSAN JUKE,6,E01019815,0,1
2024201427050,2024,201427050,1,9,0,-1,5,5,1,-1,0,3,0,0,0,0,4,9,-1,6,3,43,7,999,1,0,NISSAN JUKE,2,E01009754,0,1
2024010499495,2024,010499495,2,9,0,99,99,9,9,99,99,0,9,99,9,99,9,9,6,6,3,-1,-1,999,1,4,NISSAN JUKE,-1,-1,0,-1
2024141460921,2024,141460921,2,9,0,-1,14,7,3,-1,0,0,0,0,0,0,1,1,-1,6,1,-1,-1,1461,2,6,NISSAN JUKE,5,E01007342,0,1
2024430106696,2024,430106696,1,9,0,18,19,7,3,0,0,4,0,0,0,0,1,1,6,6,1,31,6,999,1,3,NISSAN JUKE,7,E01016307,0,3
2024201488570,2024,201488570,2,9,4,-1,19,5,1,-1,0,1,0,0,0,0,2,1,-1,6,2,45,7,1598,1,14,NISSAN JUKE,-1,-1,0,-1
2024451466155,2024,451466155,2,9,0,-1,4,2,8,-1,0,1,0,0,0,0,1,1,-1,9,1,61,9,1197,1,8,NISSAN JUKE,7,E01030943,0,2
2024010492690,2024,010492690,1,9,0,18,19,3,7,0,0,2,0,0,0,0,4,2,6,6,1,42,7,1598,1,6,NISSAN JUKE,5,E01002507,0,1
2024010529894,2024,010529894,1,9,0,5,5,7,3,0,0,0,0,0,0,0,1,1,1,1,1,55,8,1197,1,9,NISSAN JUKE,4,E01000402,0,3
2024052400258,2024,052400258,2,9,0,18,19,2,6,0,0,8,0,0,0,0,1,1,2,2,2,28,6,999,1,3,NISSAN JUKE,7,E01007035,0,3
2024201504745,2024,201504745,1,9,0,-1,19,5,1,-1,0,8,0,0,0,0,1,1,-1,6,2,49,8,1598,1,11,NISSAN JUKE,8,E01010398,0,1
2024010517566,2024,010517566,1,9,0,5,5,0,1,9,9,1,0,11,0,0,1,1,6,6,2,39,7,1598,1,11,NISSAN JUKE,5,E01002232,0,1
2024421496807,2024,421496807,2,9,0,-1,19,7,3,-1,0,0,0,0,0,0,1,1,-1,6,1,29,6,1598,1,12,NISSAN JUKE,3,E01015923,0,3
2024471501662,2024,471501662,2,9,0,-1,4,1,5,-1,0,0,0,0,0,0,2,1,-1,7,2,42,7,1598,1,11,NISSAN JUKE,6,E01031396,0,1
2024010528872,2024,010528872,2,9,0,99,99,9,9,99,99,9,9,99,9,99,1,9,6,6,2,48,8,1598,1,8,NISSAN JUKE,3,E01003352,0,1
2024302401317,2024,302401317,1,9,0,99,99,5,4,0,0,0,0,0,0,0,0,1,6,6,1,57,9,1197,1,7,NISSAN JUKE,4,E01019851,0,1
2024041472614,2024,041472614,2,9,0,-1,19,5,1,-1,0,0,0,0,0,0,2,1,-1,2,1,50,8,1598,8,1,NISSAN JUKE,1,E01025570,0,3
2024131502251,2024,131502251,2,9,0,-1,19,3,7,-1,0,0,0,0,0,0,2,1,-1,9,1,34,6,1461,2,7,NISSAN JUKE,6,E01013039,0,4
2024161413489,2024,161413489,2,9,0,-1,2,0,0,-1,0,0,0,0,0,0,4,1,-1,6,-1,-1,-1,1598,1,11,NISSAN JUKE,-1,-1,0,-1
2024201504378,2024,201504378,1,9,0,-1,11,2,6,-1,0,1,0,0,0,0,4,1,-1,2,1,39,7,1598,1,6,NISSAN JUKE,6,E01014310,0,4
2024421433053,2024,421433053,1,9,0,-1,19,7,3,-1,0,4,0,0,0,0,1,1,-1,9,2,38,7,1598,1,10,NISSAN JUKE,-1,-1,0,-1
2024141441578,2024,141441578,1,9,0,-1,5,7,5,-1,0,6,0,0,0,0,3,1,-1,9,1,56,9,1598,1,9,NISSAN JUKE,1,E01007794,0,1
2024361394897,2024,361394897,2,9,0,-1,8,3,7,-1,0,0,0,0,0,0,2,1,-1,6,2,43,7,1461,2,8,NISSAN JUKE,3,E01026685,0,3
2024501427724,2024,501427724,2,9,0,-1,19,8,4,-1,0,0,0,0,0,0,3,1,-1,6,1,68,10,1598,8,1,NISSAN JUKE,7,E01029192,0,5
2024010500911,2024,010500911,2,9,0,99,99,9,9,99,99,9,9,99,9,99,9,9,6,6,1,61,9,1598,1,11,NISSAN JUKE,5,E01001164,0,2
2024421402360,2024,421402360,1,9,0,-1,19,2,6,-1,0,1,0,9,7,11,1,1,-1,2,1,69,10,1598,1,10,NISSAN JUKE,4,E01015906,0,4
2024061522767,2024,061522767,1,9,0,-1,9,3,7,-1,0,8,0,0,0,0,1,1,-1,9,2,62,9,1461,2,8,NISSAN JUKE,3,E01005761,0,1
2024471463642,2024,471463642,1,9,0,-1,19,7,3,-1,0,0,0,0,0,0,2,1,-1,9,2,59,9,999,1,4,NISSAN JUKE,6,E01020960,0,4
2024421441862,2024,421441862,2,9,0,-1,19,4,8,-1,0,8,0,0,0,0,1,9,-1,9,1,34,6,1197,1,10,NISSAN JUKE,6,E01023305,0,3
2024010497919,2024,010497919,1,9,0,4,4,1,5,0,0,1,0,0,0,0,2,2,6,6,1,47,8,1197,1,9,NISSAN JUKE,4,E01033322,0,1
2024320377792,2024,320377792,2,9,0,2,2,0,0,0,0,0,0,0,0,0,3,1,-1,-1,1,63,9,1598,8,0,NISSAN JUKE,10,E01011948,0,4
2024461480410,2024,461480410,1,9,0,-1,19,1,5,-1,0,0,0,0,0,0,4,9,-1,6,2,47,8,1618,1,11,NISSAN JUKE,6,E01016166,0,1
2024052500021,2024,052500021,1,9,0,9,9,7,3,0,0,6,0,0,0,0,1,1,1,1,1,49,8,1598,1,7,NISSAN JUKE,2,E01006452,0,2
2024010530107,2024,010530107,1,9,0,6,6,5,5,0,0,2,0,0,0,0,1,1,6,6,2,41,7,1598,1,6,NISSAN JUKE,2,E01000374,0,1
2024991472793,2024,991472793,1,9,0,-1,4,4,8,-1,0,0,0,0,0,0,1,1,-1,9,1,54,8,999,1,3,NISSAN JUKE,2,-1,0,2
2024131454999,2024,131454999,1,9,0,-1,6,6,1,-1,0,2,0,0,0,0,3,1,-1,2,1,26,6,1461,2,10,NISSAN JUKE,2,E01011913,0,1
2024991480508,2024,991480508,1,9,0,-1,19,2,6,-1,0,0,0,0,0,0,1,1,-1,6,2,68,10,1197,1,7,NISSAN JUKE,8,-1,0,1
2024010519785,2024,010519785,1,9,0,18,19,1,5,0,0,4,0,0,0,0,4,1,6,6,2,56,9,999,1,2,NISSAN JUKE,3,E01002375,0,1
2024201454344,2024,201454344,3,9,0,-1,19,6,2,-1,0,0,0,0,0,0,1,9,-1,9,2,37,7,1598,1,10,NISSAN JUKE,1,E01009202,0,3
2024010537212,2024,010537212,3,9,0,18,19,5,1,0,0,1,0,0,0,0,1,1,6,6,1,39,7,1461,1,13,NISSAN JUKE,2,E01001461,0,1
2024320523548,2024,320523548,2,9,0,-1,-1,4,8,0,0,8,0,0,0,0,1,1,-1,-1,2,38,7,1461,2,11,NISSAN JUKE,1,E01026093,0,4
2024610043924,2024,610043924,2,9,0,18,19,1,5,0,0,3,0,0,0,0,1,1,6,6,1,40,7,1461,2,10,NISSAN JUKE,8,E01034006,0,5
2024311400367,2024,311400367,2,9,0,-1,3,8,4,-1,0,3,0,0,0,0,2,9,-1,1,1,38,7,1461,2,13,NISSAN JUKE,-1,-1,0,-1
2024471452725,2024,471452725,1,9,0,-1,9,8,6,-1,0,5,0,0,0,0,2,1,-1,9,2,54,8,1461,2,8,NISSAN JUKE,5,E01031501,0,1
2024552400205,2024,552400205,3,9,0,2,2,0,0,6,6,2,0,0,0,0,2,1,6,6,3,-1,-1,1197,1,8,NISSAN JUKE,-1,-1,0,-1
2024211432553,2024,211432553,2,9,0,-1,4,5,1,-1,0,0,0,0,0,0,2,1,-1,9,2,43,7,1598,1,11,NISSAN JUKE,-1,-1,0,-1
2024161421917,2024,161421917,2,9,0,-1,4,8,4,-1,0,0,0,0,0,0,2,1,-1,9,1,39,7,999,1,1,NISSAN JUKE,10,E01013108,0,1
2024991461884,2024,991461884,1,9,0,-1,19,5,1,-1,0,1,0,0,0,0,1,1,-1,9,1,69,10,999,1,3,NISSAN JUKE,7,-1,0,3
2024010528813,2024,010528813,1,9,0,18,19,5,1,0,0,4,0,0,0,0,1,1,6,6,2,54,8,1618,1,9,NISSAN JUKE,-1,-1,0,-1
2024010519265,2024,010519265,2,9,0,7,7,7,1,0,0,2,0,0,0,0,2,2,6,6,2,39,7,1598,1,8,NISSAN JUKE,5,E01003198,0,1
2024501471641,2024,501471641,2,9,0,-1,4,5,1,-1,0,1,0,0,0,0,2,1,-1,9,2,49,8,1598,1,13,NISSAN JUKE,3,E01018993,0,3
2024070319107,2024,070319107,1,9,0,18,19,3,7,0,0,0,1,0,7,6,1,1,6,6,1,32,6,1598,1,12,NISSAN JUKE,2,E01018478,0,4
2024501515441,2024,501515441,1,9,0,-1,5,1,5,-1,0,4,0,0,0,0,1,1,-1,9,2,67,10,1461,2,10,NISSAN JUKE,5,E01020331,0,1
2024211519417,2024,211519417,1,9,0,-1,9,3,7,-1,0,1,0,0,0,0,3,1,-1,6,2,36,7,1598,1,9,NISSAN JUKE,3,E01029538,0,1
2024010492505,2024,010492505,1,9,0,18,19,2,6,0,0,1,0,0,0,0,3,1,6,6,2,31,6,1598,1,13,NISSAN JUKE,3,E01003185,0,1
2024010534225,2024,010534225,2,9,0,1,1,1,5,0,0,8,0,0,0,0,2,1,6,6,3,-1,-1,1197,1,7,NISSAN JUKE,-1,-1,0,-1
2024061429361,2024,061429361,2,9,0,-1,19,3,7,-1,0,8,0,0,0,0,1,1,-1,2,1,22,5,999,1,4,NISSAN JUKE,1,E01005202,0,2
2024141481366,2024,141481366,1,9,0,-1,19,7,3,-1,0,4,0,0,0,0,1,9,-1,6,2,17,4,1461,2,10,NISSAN JUKE,7,E01034249,0,2
2024361520910,2024,361520910,2,9,0,-1,19,3,7,-1,0,0,0,0,0,0,2,1,-1,9,2,38,7,1197,1,10,NISSAN JUKE,7,E01028432,0,5
2024622400253,2024,622400253,1,9,0,18,19,2,6,0,0,0,0,0,0,0,3,1,6,6,2,44,7,1598,1,10,NISSAN JUKE,1,W01001857,0,1
2024221498581,2024,221498581,2,9,0,-1,2,0,0,-1,0,0,0,0,0,0,3,1,-1,6,2,59,9,1598,1,10,NISSAN JUKE,5,E01028866,0,1
2024340WN4722,2024,340WN4722,1,9,0,-1,19,4,8,-1,0,1,0,0,0,0,1,1,-1,1,2,69,10,1598,1,11,NISSAN JUKE,7,E01027172,0,1
2024111477662,2024,111477662,2,9,0,-1,19,5,1,-1,0,0,0,0,0,0,3,1,-1,6,2,51,8,1598,1,11,NISSAN JUKE,3,E01027749,0,4
2024070196192,2024,070196192,1,9,0,18,19,7,3,0,0,1,0,0,0,0,1,1,6,6,2,31,6,1461,2,8,NISSAN JUKE,7,E01012475,0,3
2024101467062,2024,101467062,2,9,0,-1,19,1,5,-1,0,8,0,0,0,0,1,1,-1,9,2,55,8,1598,1,5,NISSAN JUKE,2,E01012795,0,5
2024010540179,2024,010540179,2,9,0,18,19,1,5,0,0,1,0,0,0,0,1,1,6,6,1,48,8,999,1,4,NISSAN JUKE,7,E01002747,0,3
2024552500039,2024,552500039,1,9,0,7,7,3,6,0,0,6,0,0,0,0,3,1,2,2,2,65,9,1461,2,6,NISSAN JUKE,4,E01020518,0,1
2024141439284,2024,141439284,1,9,0,-1,15,3,7,-1,0,0,5,4,0,0,1,1,-1,9,1,77,11,1598,8,1,NISSAN JUKE,1,E01007629,0,1
2024122401261,2024,122401261,1,9,0,17,19,7,4,0,0,0,0,0,0,0,1,1,6,6,2,37,7,1618,1,11,NISSAN JUKE,9,E01013338,0,1
2024041496521,2024,041496521,2,9,0,-1,5,5,1,-1,0,5,0,0,0,0,1,1,-1,2,1,49,8,999,1,1,NISSAN JUKE,7,E01024978,0,3
2024440436578,2024,440436578,1,9,0,9,9,8,6,0,0,8,0,0,0,0,1,1,6,6,2,27,6,1598,1,14,NISSAN JUKE,4,E01017067,0,1
2024991435761,2024,991435761,2,9,0,-1,9,6,4,-1,0,6,0,0,0,0,1,1,-1,2,2,36,7,1461,2,12,NISSAN JUKE,4,-1,0,1
2024520401546,2024,520401546,1,9,0,18,19,3,7,0,0,8,0,0,0,0,3,1,6,6,2,55,8,1598,1,13,NISSAN JUKE,7,E01035108,0,3
2024231513440,2024,231513440,3,9,0,-1,10,6,2,-1,0,1,0,0,0,0,2,9,-1,9,1,41,7,999,1,1,NISSAN JUKE,8,E01023299,0,5
2024371454277,2024,371454277,1,9,0,-1,9,1,3,-1,0,2,0,0,0,0,3,1,-1,9,1,25,5,1461,2,8,NISSAN JUKE,7,E01029911,0,1
2024501506089,2024,501506089,1,9,0,-1,9,2,7,-1,0,8,0,0,0,0,1,1,-1,6,1,34,6,999,1,0,NISSAN JUKE,7,E01018858,0,1
2024201517231,2024,201517231,1,9,0,-1,19,2,6,-1,0,0,0,0,0,0,1,1,-1,6,1,76,11,1598,1,12,NISSAN JUKE,-1,-1,0,-1
2024131449526,2024,131449526,1,9,0,-1,19,3,7,-1,0,0,0,0,0,0,1,1,-1,9,2,30,6,1598,1,11,NISSAN JUKE,1,E01011661,0,1
2024041453272,2024,041453272,2,9,0,-1,19,4,6,-1,0,1,0,0,0,0,1,1,-1,9,1,79,11,1461,2,12,NISSAN JUKE,4,E01025427,0,1
2024010529315,2024,010529315,1,9,0,7,7,1,3,0,0,1,0,0,0,0,1,1,6,6,1,65,9,999,1,1,NISSAN JUKE,2,E01002151,0,1
2024411537271,2024,411537271,3,9,0,-1,19,3,7,-1,0,8,0,0,4,0,1,1,-1,6,1,58,9,1598,1,9,NISSAN JUKE,2,E01001505,0,3
2024010522839,2024,010522839,1,9,0,18,19,5,1,0,0,1,0,0,0,0,1,1,6,6,1,21,5,1598,1,11,NISSAN JUKE,4,E01001995,0,2
2024010548532,2024,010548532,2,9,0,99,99,9,9,99,99,1,9,99,9,99,9,9,6,6,3,37,7,1598,1,5,NISSAN JUKE,3,E01003438,0,1
2024201455406,2024,201455406,2,9,0,-1,5,6,2,-1,0,8,0,0,0,0,9,1,-1,6,2,40,7,1461,2,11,NISSAN JUKE,1,E01009380,0,1
2024211441383,2024,211441383,2,9,0,-1,19,7,7,-1,0,2,0,0,0,0,1,1,-1,2,2,37,7,1598,1,9,NISSAN JUKE,4,E01029472,0,4
2024430282959,2024,430282959,1,9,0,18,19,8,4,0,0,4,2,9,0,0,1,1,6,6,1,25,5,1461,2,9,NISSAN JUKE,5,E01017844,0,4
2024101464327,2024,101464327,2,9,0,-1,19,8,4,-1,0,4,0,0,0,0,1,1,-1,9,1,77,11,1461,2,10,NISSAN JUKE,2,E01008217,0,3
2024010523537,2024,010523537,2,9,0,10,10,3,2,0,0,6,0,0,0,0,1,1,6,6,1,54,8,999,1,1,NISSAN JUKE,2,E01001978,0,1
2024361501780,2024,361501780,1,9,0,-1,8,1,7,-1,0,0,0,0,0,0,1,1,-1,2,2,57,9,1461,2,8,NISSAN JUKE,9,E01026708,0,1
2024522500019,2024,522500019,1,9,0,10,10,5,2,0,0,5,0,0,0,0,3,1,6,6,2,30,6,1598,8,0,NISSAN JUKE,6,E01014846,0,4
2024010523770,2024,010523770,3,9,0,18,19,8,4,0,0,0,0,0,0,0,1,1,6,6,1,48,8,1598,8,1,NISSAN JUKE,4,E01004643,0,1
2024501444849,2024,501444849,1,9,0,-1,19,2,6,-1,0,1,0,0,1,11,1,1,-1,9,2,31,6,1598,1,13,NISSAN JUKE,1,E01015078,0,1
2024451497941,2024,451497941,1,9,0,-1,5,7,3,-1,0,0,0,0,0,0,0,1,-1,6,2,45,7,1598,1,6,NISSAN JUKE,8,E01030373,0,1
2024461500358,2024,461500358,2,9,0,-1,19,3,7,-1,0,1,0,0,0,0,3,1,-1,6,1,46,8,1598,1,11,NISSAN JUKE,-1,-1,0,-1
2024991518702,2024,991518702,1,9,0,-1,9,7,1,-1,0,1,0,0,0,0,3,1,-1,6,2,62,9,1598,1,6,NISSAN JUKE,1,-1,0,1
2024221405260,2024,221405260,1,9,0,-1,19,1,5,-1,0,0,0,0,0,0,1,9,-1,6,1,65,9,999,1,4,NISSAN JUKE,-1,-1,0,-1
2024440495366,2024,440495366,2,9,0,18,19,7,3,0,0,8,0,0,0,0,1,1,6,6,2,27,6,1461,2,10,NISSAN JUKE,9,E01033380,0,1
2024552400614,2024,552400614,1,9,0,18,19,1,5,0,0,3,0,0,0,0,1,1,6,6,3,-1,-1,1598,8,1,NISSAN JUKE,-1,-1,0,-1
2024501485511,2024,501485511,3,9,0,-1,4,1,5,-1,0,0,0,0,0,0,1,1,-1,9,2,42,7,1461,2,11,NISSAN JUKE,2,E01034944,0,5
2024061522767,2024,061522767,2,9,0,-1,19,7,3,-1,0,1,0,0,0,0,1,1,-1,9,1,45,7,1461,2,8,NISSAN JUKE,4,E01005214,0,2
2024161399822,2024,161399822,2,9,0,-1,4,2,1,-1,0,4,0,0,0,0,1,9,-1,6,2,45,7,1461,2,7,NISSAN JUKE,1,E01013080,0,1
2024361421446,2024,361421446,2,9,0,-1,4,5,4,-1,0,1,0,0,0,0,2,1,-1,6,2,54,8,1197,1,8,NISSAN JUKE,6,E01026757,0,2
2024471491421,2024,471491421,2,9,0,-1,4,7,3,-1,1,1,0,0,0,0,2,1,-1,9,1,54,8,1461,2,9,NISSAN JUKE,3,E01016921,0,2
2024531466164,2024,531466164,1,9,0,-1,9,8,4,-1,0,0,0,0,8,0,4,1,-1,9,2,58,9,999,1,0,NISSAN JUKE,-1,-1,0,-1
2024622400251,2024,622400251,1,9,0,18,19,4,8,0,0,0,0,0,0,0,4,1,6,6,2,25,5,1598,1,13,NISSAN JUKE,2,W01000844,0,1
2024122400546,2024,122400546,2,9,0,18,19,5,1,0,0,1,0,0,0,0,1,1,6,6,1,37,7,1197,1,10,NISSAN JUKE,4,E01011705,0,4
2024010537959,2024,010537959,1,9,0,14,14,7,3,0,0,1,5,10,3,10,1,1,6,6,1,45,7,999,1,3,NISSAN JUKE,3,E01034202,0,1
2024211438083,2024,211438083,1,9,0,-1,19,4,6,-1,0,0,1,0,0,0,1,1,-1,6,2,44,7,1461,2,13,NISSAN JUKE,2,E01029445,0,1
2024010502588,2024,010502588,2,9,9,99,99,9,9,99,99,9,9,99,9,99,9,9,6,6,1,52,8,1598,1,10,NISSAN JUKE,2,E01003535,0,3
2024010508288,2024,010508288,2,9,0,99,99,9,9,99,99,9,9,99,0,0,9,9,6,6,3,-1,-1,1598,1,6,NISSAN JUKE,-1,-1,0,-1
2024010512230,2024,010512230,1,9,0,7,7,1,3,0,0,3,0,0,0,0,1,1,2,2,2,32,6,1598,1,5,NISSAN JUKE,2,E01001219,0,1
2024421491414,2024,421491414,1,9,0,-1,19,5,1,-1,0,0,0,0,0,0,1,1,-1,6,2,61,9,1598,8,1,NISSAN JUKE,8,E01021924,0,2
202417S410624,2024,17S410624,3,9,0,-1,13,2,6,-1,0,8,0,0,0,0,4,1,-1,9,1,35,6,1598,1,6,NISSAN JUKE,-1,-1,0,-1
2024010505405,2024,010505405,1,9,0,18,19,5,1,0,0,1,0,0,0,0,1,1,3,7,2,29,6,1197,1,7,NISSAN JUKE,3,E01003598,0,1
2024401475143,2024,401475143,2,9,0,-1,19,7,3,-1,0,0,0,0,0,0,1,1,-1,6,2,65,9,999,1,4,NISSAN JUKE,6,E01017571,0,1
2024141406422,2024,141406422,1,9,0,-1,19,2,6,-1,0,0,0,0,0,0,4,1,-1,6,1,58,9,1612,1,12,NISSAN JUKE,2,E01007326,0,1
2024010501489,2024,010501489,1,9,0,5,5,0,1,0,0,8,0,0,0,0,1,1,6,6,2,53,8,999,1,1,NISSAN JUKE,-1,-1,0,-1
2024231505503,2024,231505503,1,9,0,-1,19,2,6,-1,0,0,0,12,1,4,1,9,-1,6,2,50,8,1598,1,13,NISSAN JUKE,1,E01009579,0,1
2024010506910,2024,010506910,1,9,0,7,7,3,5,0,0,3,0,0,0,0,1,1,6,6,2,46,8,1598,1,5,NISSAN JUKE,5,E01024561,0,4
2024631445800,2024,631445800,1,9,0,-1,19,8,4,-1,0,0,0,4,0,0,3,1,-1,6,1,81,11,999,1,1,NISSAN JUKE,5,W01000505,0,1
2024991476706,2024,991476706,1,9,0,-1,4,0,1,-1,0,0,0,0,0,0,2,1,-1,9,1,26,6,1461,2,9,NISSAN JUKE,-1,-1,0,-1
2024361399808,2024,361399808,2,9,0,-1,4,4,8,-1,0,0,0,0,0,0,2,1,-1,2,2,52,8,999,1,2,NISSAN JUKE,3,E01034088,0,5
2024401466230,2024,401466230,1,9,0,-1,19,4,8,-1,0,0,0,0,0,0,1,1,-1,2,2,51,8,999,1,3,NISSAN JUKE,5,E01015793,0,1
2024451437168,2024,451437168,4,9,0,-1,19,1,5,-1,0,0,0,0,0,0,4,1,-1,9,2,76,11,1598,1,7,NISSAN JUKE,9,E01023849,0,4
2024351526131,2024,351526131,2,9,0,-1,19,6,1,-1,0,3,0,0,0,0,3,1,-1,9,2,41,7,1598,1,11,NISSAN JUKE,10,E01035557,0,3
2024471406182,2024,471406182,1,9,0,-1,9,3,1,-1,0,1,0,0,0,0,1,9,-1,2,2,59,9,1612,1,13,NISSAN JUKE,1,E01016900,0,2
2024471463770,2024,471463770,3,9,0,-1,-1,-1,-1,-1,-1,-1,-1,-1,-1,0,-1,1,-1,6,2,-1,-1,1461,2,8,NISSAN JUKE,7,E01031603,0,1
2024471396901,2024,471396901,1,9,0,-1,5,7,3,-1,9,0,0,0,0,0,1,1,-1,6,2,-1,-1,1598,1,8,NISSAN JUKE,-1,-1,0,-1
2024010506582,2024,010506582,1,9,0,9,9,4,1,0,0,1,0,0,0,0,4,1,6,6,1,56,9,999,1,2,NISSAN JUKE,2,E01034177,0,1
2024070479446,2024,070479446,1,9,0,17,19,6,2,0,0,3,0,0,0,0,4,1,6,6,2,40,7,1197,1,9,NISSAN JUKE,9,E01012493,0,1
2024141428057,2024,141428057,1,9,0,-1,19,7,3,-1,0,0,5,4,0,0,1,1,-1,2,2,24,5,1197,1,6,NISSAN JUKE,1,E01007883,0,1
2024991483245,2024,991483245,1,9,0,-1,19,7,3,-1,0,7,0,11,1,1,1,1,-1,6,1,27,6,1598,8,1,NISSAN JUKE,8,-1,0,1