collision_index,collision_year,collision_ref_no,vehicle_reference,vehicle_type,towing_and_articulation,vehicle_manoeuvre_historic,vehicle_manoeuvre,vehicle_direction_from,vehicle_direction_to,vehicle_location_restricted_lane_historic,vehicle_location_restricted_lane,junction_location,skidding_and_overturning,hit_object_in_carriageway,vehicle_leaving_carriageway,hit_object_off_carriageway,first_point_of_impact,vehicle_left_hand_drive,journey_purpose_of_driver_historic,journey_purpose_of_driver,sex_of_driver,age_of_driver,age_band_of_driver,engine_capacity_cc,propulsion_code,age_of_vehicle,generic_make_model,driver_imd_decile,lsoa_of_driver,escooter_flag,driver_distance_banding
2024201535573,2024,201535573,1,9,0,-1,4,3,1,-1,0,6,0,0,0,0,1,1,-1,6,2,21,5,2000,1,18,VOLKSWAGEN GOLF,10,E01009859,0,1
2024161461749,2024,161461749,2,9,0,-1,13,8,4,-1,0,1,1,10,1,11,1,1,-1,9,1,18,4,999,1,3,VOLKSWAGEN GOLF,7,E01011102,0,4
2024471500274,2024,471500274,1,9,0,-1,12,1,7,-1,0,1,0,0,0,0,0,1,-1,9,1,46,8,1968,2,12,VOLKSWAGEN GOLF,6,E01031601,0,1
2024440093780,2024,440093780,4,9,0,18,19,3,7,0,0,0,0,0,0,0,1,1,2,2,1,59,9,1968,2,8,VOLKSWAGEN GOLF,5,E01017030,0,1
2024131458202,2024,131458202,3,9,0,-1,19,1,5,-1,0,0,0,0,0,0,4,1,-1,2,1,44,7,1598,2,7,VOLKSWAGEN GOLF,8,E01027919,0,4
2024311483496,2024,311483496,1,9,0,-1,19,6,3,-1,0,1,0,0,0,0,1,2,-1,6,2,51,8,1395,1,6,VOLKSWAGEN GOLF,9,E01028360,0,1
2024010509957,2024,010509957,1,9,0,99,99,9,9,99,99,0,9,99,9,99,1,9,6,6,1,19,4,1600,1,20,VOLKSWAGEN GOLF,3,E01003611,0,1
2024631477544,2024,631477544,1,9,0,-1,19,2,6,-1,9,0,1,0,7,11,4,1,-1,9,1,21,5,1896,2,20,VOLKSWAGEN GOLF,9,W01000665,0,4
2024041523797,2024,041523797,2,9,0,-1,19,6,2,-1,0,0,0,0,6,4,1,1,-1,9,1,57,9,1968,2,8,VOLKSWAGEN GOLF,2,E01025481,0,1
2024542244324,2024,542244324,1,9,0,18,19,1,5,0,0,0,0,0,0,0,1,1,6,6,3,-1,-1,1390,1,15,VOLKSWAGEN GOLF,-1,-1,0,-1
2024201417960,2024,201417960,1,9,0,-1,19,5,1,-1,0,0,0,4,0,0,1,1,-1,6,1,64,9,1600,2,14,VOLKSWAGEN GOLF,2,E01010500,0,1
2024461504253,2024,461504253,2,9,0,-1,2,0,0,-1,0,0,0,4,0,0,4,1,-1,6,-1,-1,-1,1390,1,10,VOLKSWAGEN GOLF,-1,-1,0,-1
2024631534074,2024,631534074,2,9,0,-1,19,2,6,-1,0,8,0,0,3,10,1,1,-1,9,2,33,6,1896,2,21,VOLKSWAGEN GOLF,2,W01000510,0,4
2024131497876,2024,131497876,2,9,0,-1,5,5,1,-1,0,0,0,0,0,0,4,1,-1,6,1,44,7,1896,2,16,VOLKSWAGEN GOLF,1,E01033693,0,1
2024501514511,2024,501514511,2,9,0,-1,19,5,1,-1,0,0,0,0,0,0,1,1,-1,9,1,18,4,1197,1,10,VOLKSWAGEN GOLF,4,E01020180,0,1
2024440085920,2024,440085920,1,9,0,18,19,4,8,0,0,8,0,0,0,0,1,1,2,2,1,48,8,1598,2,14,VOLKSWAGEN GOLF,9,E01022712,0,1
2024010533357,2024,010533357,4,9,0,18,19,5,1,0,0,1,0,0,0,0,1,1,6,6,1,45,7,1968,2,8,VOLKSWAGEN GOLF,-1,-1,0,-1
2024201461682,2024,201461682,2,9,0,-1,7,7,1,-1,0,3,0,0,0,0,4,9,-1,6,1,30,6,1968,2,17,VOLKSWAGEN GOLF,1,E01008918,0,1
2024471465024,2024,471465024,1,9,0,-1,6,3,7,-1,0,0,0,0,0,0,1,1,-1,9,2,47,8,1968,2,8,VOLKSWAGEN GOLF,9,E01031751,0,1
2024141514331,2024,141514331,1,9,0,-1,9,1,7,-1,0,1,0,0,0,0,1,1,-1,9,1,25,5,1984,1,17,VOLKSWAGEN GOLF,6,E01007421,0,1
2024211437964,2024,211437964,2,9,0,-1,19,4,8,-1,0,0,0,0,0,0,2,1,-1,6,1,24,5,1598,1,17,VOLKSWAGEN GOLF,3,E01014282,0,1
2024010546611,2024,010546611,1,9,0,99,99,9,9,99,99,9,9,99,9,99,2,9,6,6,1,48,8,1390,1,17,VOLKSWAGEN GOLF,2,E01001482,0,1
2024010549238,2024,010549238,1,9,0,11,11,3,7,0,0,1,1,0,0,0,1,1,6,6,1,18,4,1600,1,19,VOLKSWAGEN GOLF,2,E01003556,0,2
2024440088406,2024,440088406,1,9,0,18,19,5,1,0,0,8,0,0,0,0,1,1,6,6,2,59,9,1395,8,2,VOLKSWAGEN GOLF,5,E01017016,0,1
2024141478076,2024,141478076,2,9,0,-1,2,0,0,-1,9,0,0,0,0,0,3,1,-1,6,-1,-1,-1,1968,2,15,VOLKSWAGEN GOLF,-1,-1,0,-1
2024361450988,2024,361450988,2,9,0,-1,2,0,0,-1,0,0,0,0,0,0,2,1,-1,9,1,24,5,1968,2,9,VOLKSWAGEN GOLF,5,E01026766,0,4
2024440255414,2024,440255414,1,9,0,16,19,1,2,0,0,0,2,0,8,1,1,1,6,6,1,32,6,1896,2,16,VOLKSWAGEN GOLF,8,E01022615,0,3
2024131526399,2024,131526399,3,9,0,-1,19,1,1,-1,0,0,0,0,0,0,1,1,-1,2,1,74,10,1390,1,12,VOLKSWAGEN GOLF,8,E01011203,0,1
2024201488430,2024,201488430,1,9,0,-1,5,2,8,-1,0,6,0,0,0,0,4,1,-1,6,2,55,8,1968,2,15,VOLKSWAGEN GOLF,9,E01010171,0,1
2024221429524,2024,221429524,3,9,0,-1,2,0,0,-1,0,2,1,0,0,0,2,2,-1,7,2,38,7,1968,2,2,VOLKSWAGEN GOLF,5,E01032340,0,3
2024010527046,2024,010527046,2,9,0,3,3,1,5,0,0,0,0,0,0,0,2,1,6,6,1,32,6,1598,2,6,VOLKSWAGEN GOLF,5,E01001189,0,1
2024440523254,2024,440523254,1,9,0,18,19,2,6,0,0,0,0,0,0,0,1,1,6,6,2,77,11,1968,2,4,VOLKSWAGEN GOLF,10,E01020371,0,1
2024991417869,2024,991417869,2,9,0,-1,19,1,5,-1,0,0,0,0,0,0,4,1,-1,6,1,24,5,1395,1,8,VOLKSWAGEN GOLF,10,-1,0,1
2024131500730,2024,131500730,1,9,0,-1,19,7,3,-1,0,0,0,0,0,0,1,1,-1,6,3,-1,-1,1984,1,5,VOLKSWAGEN GOLF,-1,-1,0,-1
2024340NN1402,2024,340NN1402,1,9,0,-1,19,3,7,-1,0,2,0,0,0,0,1,1,-1,6,1,21,5,1598,2,10,VOLKSWAGEN GOLF,8,E01027087,0,1
2024211466511,2024,211466511,1,9,0,-1,3,5,1,-1,0,1,0,0,0,0,2,1,-1,6,1,34,6,1598,2,4,VOLKSWAGEN GOLF,8,E01014214,0,1
2024061407789,2024,061407789,1,9,0,-1,19,1,6,-1,0,1,2,10,1,7,1,1,-1,9,1,24,5,1197,1,8,VOLKSWAGEN GOLF,2,E01005473,0,1
2024010538590,2024,010538590,2,9,0,9,9,1,7,0,0,1,0,0,0,0,1,1,2,2,1,33,6,1390,1,15,VOLKSWAGEN GOLF,5,E01035663,0,1
2024201474463,2024,201474463,2,9,0,-1,2,0,0,-1,0,0,0,0,0,0,2,1,-1,6,-1,-1,-1,1390,1,14,VOLKSWAGEN GOLF,-1,-1,0,-1
2024031498835,2024,031498835,1,9,0,-1,5,4,8,-1,0,0,0,0,0,0,3,1,-1,6,1,72,10,1968,2,17,VOLKSWAGEN GOLF,-1,-1,0,-1
2024311461701,2024,311461701,1,9,0,-1,19,3,7,-1,0,0,0,0,0,0,1,1,-1,9,1,44,7,1598,2,9,VOLKSWAGEN GOLF,2,E01013570,0,4
2024131444607,2024,131444607,3,9,0,-1,19,1,1,-1,0,8,0,0,0,0,2,1,-1,2,2,39,7,1390,1,12,VOLKSWAGEN GOLF,5,E01027892,0,4
2024991522061,2024,991522061,2,9,0,-1,9,7,5,-1,0,1,0,1,0,0,3,1,-1,1,1,36,7,1498,1,3,VOLKSWAGEN GOLF,-1,-1,0,-1
2024421462862,2024,421462862,1,9,0,-1,19,3,7,-1,0,1,1,0,1,11,1,1,-1,6,2,30,6,2000,2,19,VOLKSWAGEN GOLF,3,E01015899,0,1
2024311439736,2024,311439736,1,9,0,-1,19,5,1,-1,0,0,0,0,0,0,0,1,-1,9,1,76,11,1395,1,8,VOLKSWAGEN GOLF,-1,-1,0,-1
2024010511976,2024,010511976,2,9,0,5,5,0,3,0,0,0,0,0,0,0,1,1,1,1,2,60,9,1498,1,4,VOLKSWAGEN GOLF,-1,-1,0,-1
2024041434957,2024,041434957,2,9,0,-1,2,0,0,-1,0,0,0,0,0,0,2,1,-1,6,-1,-1,-1,1598,2,12,VOLKSWAGEN GOLF,-1,-1,0,-1
2024070135158,2024,070135158,1,9,0,18,19,4,8,0,0,4,0,9,0,0,3,1,1,1,1,49,8,1390,1,15,VOLKSWAGEN GOLF,3,E01018487,0,1
2024351456775,2024,351456775,2,9,0,-1,19,3,7,-1,0,8,0,0,0,0,1,1,-1,6,1,18,4,1390,1,15,VOLKSWAGEN GOLF,5,E01018142,0,1
2024061502924,2024,061502924,1,9,0,-1,19,1,5,-1,0,0,0,0,0,0,1,1,-1,9,2,23,5,1598,2,11,VOLKSWAGEN GOLF,-1,-1,0,-1
2024061526502,2024,061526502,1,9,0,-1,19,7,3,-1,0,0,0,0,0,0,1,1,-1,2,2,27,6,1900,2,17,VOLKSWAGEN GOLF,2,E01005580,0,1
2024010509537,2024,010509537,1,9,0,9,9,3,1,0,0,8,0,0,0,0,1,1,6,6,1,18,4,999,1,0,VOLKSWAGEN GOLF,3,E01002429,0,2
2024320030330,2024,320030330,1,9,0,-1,-1,8,4,0,0,0,0,0,0,0,1,1,6,6,1,17,4,1395,1,9,VOLKSWAGEN GOLF,7,E01026330,0,2
2024332400447,2024,332400447,1,9,0,-1,11,8,4,-1,0,0,0,0,0,0,4,1,-1,6,3,-1,-1,3200,1,17,VOLKSWAGEN GOLF,-1,-1,0,-1
2024201512018,2024,201512018,1,9,0,-1,19,6,2,-1,0,8,0,0,0,0,1,1,-1,6,2,27,6,1390,1,15,VOLKSWAGEN GOLF,1,E01008980,0,2
2024161466479,2024,161466479,1,9,0,-1,19,6,2,-1,0,0,0,11,0,0,1,1,-1,7,2,30,6,1395,1,6,VOLKSWAGEN GOLF,4,E01012883,0,1
2024231518012,2024,231518012,1,9,0,-1,9,5,3,-1,0,6,0,0,0,0,1,9,-1,6,2,25,5,999,1,7,VOLKSWAGEN GOLF,5,E01031309,0,1
2024461414022,2024,461414022,1,9,0,-1,19,3,7,-1,0,0,0,4,0,0,1,1,-1,6,1,36,7,1896,2,23,VOLKSWAGEN GOLF,-1,-1,0,-1
2024451431315,2024,451431315,2,9,0,-1,19,2,6,-1,0,0,0,0,0,0,1,1,-1,9,1,39,7,1395,1,7,VOLKSWAGEN GOLF,6,E01016224,0,4
2024211506462,2024,211506462,1,9,0,-1,19,3,7,-1,0,0,1,0,2,0,1,1,-1,2,1,55,8,1900,2,18,VOLKSWAGEN GOLF,8,E01029865,0,1
2024461408767,2024,461408767,2,9,0,-1,2,0,0,-1,0,1,0,0,0,0,3,9,-1,6,1,23,5,1598,1,16,VOLKSWAGEN GOLF,7,E01024846,0,1
2024010530954,2024,010530954,2,9,0,99,99,9,9,99,99,9,9,99,9,99,1,9,6,6,3,-1,-1,1968,2,6,VOLKSWAGEN GOLF,10,E01000272,0,2
2024440140309,2024,440140309,1,9,0,7,7,6,8,0,0,8,0,0,0,0,1,1,6,6,1,75,10,1781,1,35,VOLKSWAGEN GOLF,9,E01022971,0,1
2024010512111,2024,010512111,2,9,0,2,2,0,0,0,0,2,0,0,0,0,4,1,6,6,3,-1,-1,1390,1,15,VOLKSWAGEN GOLF,-1,-1,0,-1
2024201438124,2024,201438124,2,9,0,-1,19,4,8,-1,0,8,0,0,0,0,3,9,-1,6,1,19,4,1395,1,9,VOLKSWAGEN GOLF,9,E01032939,0,4
2024131520549,2024,131520549,3,9,0,-1,19,7,3,-1,0,0,0,0,0,0,1,1,-1,6,2,49,8,1598,2,11,VOLKSWAGEN GOLF,4,E01009240,0,5
2024991453797,2024,991453797,1,9,0,-1,19,5,8,-1,0,0,2,0,8,11,1,1,-1,9,1,31,6,1984,1,1,VOLKSWAGEN GOLF,5,-1,0,2
2024061414398,2024,061414398,2,9,0,-1,-1,-1,-1,-1,-1,-1,-1,-1,-1,0,2,1,-1,6,1,39,7,1598,2,12,VOLKSWAGEN GOLF,1,E01005256,0,1
2024131519377,2024,131519377,1,9,0,-1,2,0,0,-1,0,0,0,0,0,0,1,1,-1,9,2,28,6,1598,2,11,VOLKSWAGEN GOLF,2,E01011450,0,1
2024061433225,2024,061433225,2,9,0,-1,7,3,7,-1,0,1,0,0,0,0,1,1,-1,6,1,38,7,1968,2,11,VOLKSWAGEN GOLF,8,E01005784,0,3
2024991453086,2024,991453086,1,9,0,-1,19,3,7,-1,0,0,0,0,0,0,4,1,-1,6,1,51,8,1968,2,8,VOLKSWAGEN GOLF,-1,-1,0,-1
2024221519534,2024,221519534,2,9,0,-1,19,1,5,-1,0,0,0,0,0,0,4,2,-1,6,2,41,7,1598,2,6,VOLKSWAGEN GOLF,4,E01032322,0,1
202460Q033026,2024,60Q033026,2,9,0,5,5,3,7,0,0,8,0,0,0,0,1,1,6,6,2,43,7,1598,2,11,VOLKSWAGEN GOLF,-1,-1,0,-1
2024302401107,2024,302401107,2,9,0,3,3,6,2,0,0,1,0,0,0,0,2,1,1,1,2,54,8,1598,2,11,VOLKSWAGEN GOLF,6,E01019701,0,3
2024311471227,2024,311471227,2,9,0,-1,19,2,6,-1,0,1,0,0,0,0,1,1,-1,9,1,21,5,1968,2,7,VOLKSWAGEN GOLF,6,E01007570,0,3
2024041488140,2024,041488140,2,9,0,-1,19,1,5,-1,0,1,0,0,0,0,1,1,-1,6,1,30,6,1598,2,8,VOLKSWAGEN GOLF,3,E01025065,0,2
2024131413985,2024,131413985,1,9,0,-1,19,1,5,-1,0,5,0,0,0,0,1,2,-1,9,1,40,7,1968,2,9,VOLKSWAGEN GOLF,5,E01011164,0,1
2024302400913,2024,302400913,2,9,0,16,19,8,3,0,0,0,0,0,0,0,1,1,6,6,1,75,10,1896,2,17,VOLKSWAGEN GOLF,4,E01019470,0,1
2024010507469,2024,010507469,1,9,5,18,19,4,8,0,0,0,0,0,0,0,2,1,6,6,1,33,6,1984,1,5,VOLKSWAGEN GOLF,-1,-1,0,-1
2024201501710,2024,201501710,1,9,0,-1,19,6,2,-1,0,0,0,0,0,0,1,1,-1,6,1,20,4,1984,1,7,VOLKSWAGEN GOLF,-1,-1,0,-1
2024201485884,2024,201485884,1,9,0,-1,9,6,4,-1,0,6,0,0,0,0,4,1,-1,2,1,61,9,1595,1,22,VOLKSWAGEN GOLF,4,E01009449,0,2
2024201480269,2024,201480269,1,9,0,-1,19,7,4,-1,0,1,0,0,0,0,1,1,-1,6,1,20,4,1984,1,3,VOLKSWAGEN GOLF,5,E01022459,0,4
2024141402719,2024,141402719,1,9,0,-1,19,7,2,-1,0,0,0,0,0,0,3,1,-1,9,1,32,6,1498,1,2,VOLKSWAGEN GOLF,1,E01007946,0,1
2024201405777,2024,201405777,2,9,0,-1,2,0,0,-1,0,1,0,0,0,0,1,9,-1,6,-1,-1,-1,1498,1,3,VOLKSWAGEN GOLF,-1,-1,0,-1
2024061424718,2024,061424718,1,9,0,-1,9,2,7,-1,0,6,0,0,0,0,3,1,-1,6,1,54,8,1390,1,18,VOLKSWAGEN GOLF,3,E01005212,0,2
2024201452907,2024,201452907,2,9,0,-1,19,2,6,-1,0,8,0,0,0,0,1,9,-1,9,1,32,6,1598,2,13,VOLKSWAGEN GOLF,3,E01009232,0,1
2024070851186,2024,070851186,2,9,0,-1,5,5,1,-1,0,1,1,0,0,0,1,1,-1,9,2,40,7,1598,2,10,VOLKSWAGEN GOLF,4,E01029598,0,3
2024010527708,2024,010527708,1,9,0,4,4,1,5,0,0,1,0,0,0,0,3,1,6,6,1,34,6,1395,1,6,VOLKSWAGEN GOLF,3,E01001089,0,1
2024010505812,2024,010505812,1,9,0,18,19,1,5,0,0,0,0,0,0,0,1,1,6,6,1,37,7,1390,1,15,VOLKSWAGEN GOLF,2,E01003592,0,1
2024131499072,2024,131499072,3,9,0,-1,7,3,5,-1,0,6,0,0,0,0,1,1,-1,6,1,66,10,1380,1,12,VOLKSWAGEN GOLF,2,E01010749,0,1
2024201455222,2024,201455222,2,9,0,-1,19,5,1,-1,0,1,0,10,0,0,1,9,-1,9,3,-1,-1,1968,2,9,VOLKSWAGEN GOLF,-1,-1,0,-1
2024421523389,2024,421523389,1,9,0,-1,19,1,6,-1,0,4,0,0,0,0,1,1,-1,9,1,18,4,1781,1,33,VOLKSWAGEN GOLF,9,E01023500,0,1
2024501510197,2024,501510197,1,9,0,-1,19,7,3,-1,0,8,0,0,0,0,1,1,-1,9,1,29,6,1984,1,7,VOLKSWAGEN GOLF,9,E01019952,0,1
2024010538352,2024,010538352,3,9,0,4,4,5,1,0,0,1,0,0,0,0,4,1,6,6,1,73,10,1968,2,2,VOLKSWAGEN GOLF,9,E01001422,0,3
2024010525134,2024,010525134,1,9,0,9,9,7,6,0,0,1,0,0,7,7,3,1,6,6,1,24,5,1896,2,15,VOLKSWAGEN GOLF,4,E01003104,0,1
2024131485296,2024,131485296,2,9,0,-1,2,0,0,-1,0,8,0,0,0,0,2,1,-1,6,-1,-1,-1,1968,2,8,VOLKSWAGEN GOLF,-1,-1,0,-1
2024161514554,2024,161514554,1,9,0,-1,10,1,6,-1,0,8,0,0,0,0,2,1,-1,9,2,59,9,1498,8,2,VOLKSWAGEN GOLF,6,E01012982,0,1
2024991498388,2024,991498388,1,9,0,-1,19,4,8,-1,0,1,0,0,0,0,4,1,-1,9,1,77,11,1598,2,5,VOLKSWAGEN GOLF,3,-1,0,1
2024221429123,2024,221429123,1,9,0,-1,19,1,5,-1,0,0,0,0,7,10,1,9,-1,2,2,23,5,1498,1,3,VOLKSWAGEN GOLF,9,E01029009,0,3
2024061509210,2024,061509210,1,9,0,-1,5,3,7,-1,0,1,0,0,0,0,3,1,-1,9,1,43,7,1968,2,9,VOLKSWAGEN GOLF,1,E01034137,0,1
2024010534975,2024,010534975,2,9,0,2,2,0,0,0,0,0,0,4,0,0,3,1,6,6,3,-1,-1,1598,2,8,VOLKSWAGEN GOLF,-1,-1,0,-1
2024070894097,2024,070894097,1,9,0,-1,9,1,3,-1,0,2,0,0,0,0,1,1,-1,9,1,24,5,1390,1,18,VOLKSWAGEN GOLF,3,E01018746,0,3
2024411519853,2024,411519853,2,9,0,-1,19,-1,-1,-1,0,0,0,0,0,0,2,1,-1,9,1,49,8,1197,1,10,VOLKSWAGEN GOLF,8,E01035601,0,2
2024401432290,2024,401432290,2,9,0,-1,3,8,4,-1,0,1,0,0,0,0,3,1,-1,2,1,35,6,1968,2,10,VOLKSWAGEN GOLF,5,E01015714,0,1
2024461487782,2024,461487782,2,9,0,-1,4,7,3,-1,0,0,0,0,0,0,2,1,-1,9,2,26,6,1896,2,16,VOLKSWAGEN GOLF,5,E01024787,0,3
2024201470332,2024,201470332,2,9,0,-1,3,8,8,-1,0,0,0,0,0,0,2,9,-1,6,1,25,5,1498,8,1,VOLKSWAGEN GOLF,1,E01010102,0,1
2024501395657,2024,501395657,1,9,0,-1,9,5,3,-1,0,3,0,0,0,0,3,9,-1,6,2,22,5,1968,2,10,VOLKSWAGEN GOLF,5,E01018972,0,1
2024041480255,2024,041480255,1,9,0,-1,19,3,7,-1,0,0,0,0,1,11,1,1,-1,6,1,22,5,1598,2,9,VOLKSWAGEN GOLF,1,E01010701,0,4
2024361423959,2024,361423959,1,9,0,-1,5,7,3,-1,0,2,0,0,0,0,1,1,-1,9,3,25,5,1900,2,18,VOLKSWAGEN GOLF,-1,-1,0,-1
2024061448214,2024,061448214,1,9,0,-1,9,4,1,-1,0,6,0,0,0,0,1,1,-1,6,1,52,8,1598,2,14,VOLKSWAGEN GOLF,2,E01034128,0,1
2024361448364,2024,361448364,2,9,-1,-1,-1,-1,-1,-1,-1,-1,-1,-1,-1,0,2,9,-1,7,2,41,7,1968,2,15,VOLKSWAGEN GOLF,9,E01026916,0,1
2024520402720,2024,520402720,3,9,0,18,19,5,1,0,0,1,0,0,0,0,1,1,6,6,2,25,5,1968,2,16,VOLKSWAGEN GOLF,6,E01029218,0,4
2024101513395,2024,101513395,2,9,0,-1,19,3,1,-1,0,2,0,0,0,0,3,1,-1,6,1,46,8,1968,2,6,VOLKSWAGEN GOLF,2,E01008752,0,2
2024430034113,2024,430034113,3,9,0,4,4,8,4,0,0,0,0,0,0,0,2,1,6,6,2,30,6,1598,2,9,VOLKSWAGEN GOLF,-1,-1,0,-1
2024041505891,2024,041505891,1,9,0,-1,7,3,5,-1,0,8,0,0,0,0,1,1,-1,9,2,58,9,1595,1,20,VOLKSWAGEN GOLF,2,E01025032,0,1
2024361445668,2024,361445668,1,9,0,-1,19,3,5,-1,0,2,0,0,0,0,1,1,-1,1,2,41,7,1968,2,8,VOLKSWAGEN GOLF,2,E01026820,0,2
2024361402756,2024,361402756,1,9,0,-1,19,7,3,-1,0,0,1,11,7,11,1,9,-1,1,1,23,5,1984,1,13,VOLKSWAGEN GOLF,8,E01026502,0,4
2024061475387,2024,061475387,1,9,0,-1,19,4,8,-1,0,0,0,0,0,0,1,1,-1,9,1,27,6,1598,2,13,VOLKSWAGEN GOLF,2,E01025306,0,4
2024631428134,2024,631428134,1,9,0,-1,9,8,6,-1,0,6,0,0,0,0,1,1,-1,6,1,34,6,1598,2,10,VOLKSWAGEN GOLF,3,W01000478,0,1
2024041426002,2024,041426002,2,9,0,-1,19,3,7,-1,0,2,0,0,0,0,1,1,-1,9,1,24,5,1984,1,8,VOLKSWAGEN GOLF,2,E01012579,0,1
2024401502604,2024,401502604,6,9,0,-1,19,2,6,-1,0,0,0,0,0,0,1,1,-1,6,2,28,6,1598,1,18,VOLKSWAGEN GOLF,7,E01034423,0,2
2024421507992,2024,421507992,1,9,0,-1,19,6,2,-1,0,0,0,0,0,0,1,1,-1,9,1,21,5,999,1,5,VOLKSWAGEN GOLF,4,E01021799,0,2
2024070431678,2024,070431678,2,9,0,9,9,6,5,0,0,8,0,0,0,0,2,1,6,6,1,-1,-1,1896,2,17,VOLKSWAGEN GOLF,6,E01006935,0,4
2024440264109,2024,440264109,2,9,0,12,12,5,1,0,0,1,0,0,0,0,3,1,6,6,3,-1,-1,1598,2,10,VOLKSWAGEN GOLF,-1,-1,0,-1
2024010532838,2024,010532838,3,9,0,99,99,9,9,0,0,0,0,0,0,0,2,9,6,6,3,-1,-1,1984,1,14,VOLKSWAGEN GOLF,1,E01015932,0,3
2024010506760,2024,010506760,2,9,0,99,99,9,9,99,99,5,9,99,9,99,1,9,6,6,3,31,6,1390,1,17,VOLKSWAGEN GOLF,4,E01004202,0,1
2024421399186,2024,421399186,2,9,0,-1,19,5,1,-1,0,8,0,0,0,0,1,1,-1,2,2,31,6,1598,2,12,VOLKSWAGEN GOLF,7,E01034094,0,1
2024302400356,2024,302400356,1,9,0,17,19,2,8,0,0,2,0,0,0,0,4,1,6,6,1,28,6,1968,2,12,VOLKSWAGEN GOLF,2,E01013483,0,1
2024361399696,2024,361399696,1,9,0,-1,5,7,3,-1,9,0,5,0,7,10,1,1,-1,9,1,18,4,1498,8,1,VOLKSWAGEN GOLF,6,E01026616,0,2
2024201535682,2024,201535682,1,9,0,-1,19,5,1,-1,0,1,0,0,0,0,1,1,-1,6,1,36,7,1984,1,7,VOLKSWAGEN GOLF,1,E01009306,0,1
2024201496688,2024,201496688,2,9,0,-1,3,2,6,-1,0,8,0,0,0,0,2,9,-1,7,1,50,8,1968,2,5,VOLKSWAGEN GOLF,3,E01008947,0,1
2024440442270,2024,440442270,1,9,0,18,19,3,7,0,0,0,0,0,5,6,3,1,6,6,1,30,6,1968,2,10,VOLKSWAGEN GOLF,9,E01031988,0,2
2024010541477,2024,010541477,1,9,0,9,9,7,5,0,0,5,0,0,0,0,1,1,6,6,2,28,6,1498,8,1,VOLKSWAGEN GOLF,1,E01033456,0,1
2024010539101,2024,010539101,2,9,0,2,2,0,0,0,0,1,0,0,0,0,4,1,6,6,3,-1,-1,1498,1,1,VOLKSWAGEN GOLF,-1,-1,0,-1
2024471409667,2024,471409667,2,9,0,-1,19,4,8,-1,0,1,0,0,0,0,1,9,-1,6,2,32,6,1598,1,17,VOLKSWAGEN GOLF,-1,-1,0,-1
2024622400087,2024,622400087,3,9,0,18,19,2,6,0,0,8,0,0,0,0,1,1,6,6,2,32,6,1598,2,13,VOLKSWAGEN GOLF,1,W01001180,0,1
2024471492228,2024,471492228,1,9,0,-1,19,7,5,-1,0,2,0,0,0,0,3,1,-1,9,2,52,8,1896,2,16,VOLKSWAGEN GOLF,10,E01017005,0,1
2024547276924,2024,547276924,1,9,0,18,19,6,2,0,0,1,0,0,0,0,1,1,6,6,1,81,11,1900,2,20,VOLKSWAGEN GOLF,4,E01032008,0,1
2024010501246,2024,010501246,1,9,0,9,9,2,8,0,0,6,0,0,0,0,1,1,6,6,2,57,9,1498,1,5,VOLKSWAGEN GOLF,-1,-1,0,-1
2024461471853,2024,461471853,3,9,0,-1,4,3,7,-1,0,2,0,0,0,0,2,2,-1,9,2,39,7,1896,2,16,VOLKSWAGEN GOLF,1,E01024215,0,1
2024461449235,2024,461449235,1,9,0,-1,15,6,2,-1,0,0,0,0,0,0,3,1,-1,9,2,49,8,1900,2,19,VOLKSWAGEN GOLF,6,E01024812,0,1
2024522402274,2024,522402274,1,9,0,16,19,6,2,0,0,4,0,0,6,7,1,1,6,6,1,27,6,1984,1,10,VOLKSWAGEN GOLF,4,E01014576,0,2
2024401422675,2024,401422675,1,9,0,-1,9,1,3,-1,0,5,0,0,0,0,3,1,-1,6,2,25,5,1598,2,10,VOLKSWAGEN GOLF,5,E01034429,0,1
2024531502554,2024,531502554,2,9,0,-1,19,7,3,-1,0,0,0,0,1,0,3,1,-1,6,2,67,10,1968,2,9,VOLKSWAGEN GOLF,8,E01022207,0,3
2024161453147,2024,161453147,1,9,0,-1,5,6,2,-1,0,0,0,0,0,0,0,1,-1,6,1,22,5,1968,2,16,VOLKSWAGEN GOLF,3,E01012936,0,1
2024991483905,2024,991483905,2,9,0,-1,9,3,1,-1,0,5,0,0,0,0,3,1,-1,9,1,24,5,1968,2,7,VOLKSWAGEN GOLF,1,E01026620,0,5
2024061482561,2024,061482561,1,9,0,-1,19,1,5,-1,0,8,0,0,0,0,1,1,-1,6,1,18,4,1197,1,14,VOLKSWAGEN GOLF,1,E01005463,0,1
2024201518880,2024,201518880,2,9,0,-1,19,1,5,-1,0,8,0,0,0,0,3,1,-1,6,2,38,7,1390,1,15,VOLKSWAGEN GOLF,2,E01009608,0,1
2024010500900,2024,010500900,2,9,0,99,99,9,9,99,99,9,9,99,9,99,9,9,6,6,3,-1,-1,1390,1,17,VOLKSWAGEN GOLF,-1,-1,0,-1
2024131497758,2024,131497758,1,9,0,-1,19,6,2,-1,0,0,0,0,0,0,3,1,-1,9,2,33,6,1968,2,11,VOLKSWAGEN GOLF,9,E01010687,0,1
2024351540705,2024,351540705,1,9,0,-1,19,6,2,-1,0,1,0,0,0,0,1,1,-1,6,1,27,6,1968,2,16,VOLKSWAGEN GOLF,2,E01015654,0,1
2024520500230,2024,520500230,1,9,0,18,19,1,5,0,0,8,0,0,1,7,4,1,6,6,1,40,7,2000,2,19,VOLKSWAGEN GOLF,1,E01029297,0,3
2024631507689,2024,631507689,2,9,0,-1,19,8,4,-1,0,0,1,0,1,11,3,1,-1,6,1,21,5,1968,2,15,VOLKSWAGEN GOLF,4,W01000516,0,4
2024430050732,2024,430050732,1,9,0,9,9,4,2,0,0,6,0,0,0,0,3,1,6,6,1,85,11,1968,2,6,VOLKSWAGEN GOLF,9,E01028782,0,1