collision_index,collision_year,collision_ref_no,vehicle_reference,vehicle_type,towing_and_articulation,vehicle_manoeuvre_historic,vehicle_manoeuvre,vehicle_direction_from,vehicle_direction_to,vehicle_location_restricted_lane_historic,vehicle_location_restricted_lane,junction_location,skidding_and_overturning,hit_object_in_carriageway,vehicle_leaving_carriageway,hit_object_off_carriageway,first_point_of_impact,vehicle_left_hand_drive,journey_purpose_of_driver_historic,journey_purpose_of_driver,sex_of_driver,age_of_driver,age_band_of_driver,engine_capacity_cc,propulsion_code,age_of_vehicle,generic_make_model,driver_imd_decile,lsoa_of_driver,escooter_flag,driver_distance_banding
2024221500480,2024,221500480,1,9,0,-1,5,3,7,-1,0,4,0,0,0,0,1,1,-1,6,2,36,7,1968,2,1,VOLKSWAGEN GOLF,4,E01014026,0,1
2024010531521,2024,010531521,1,9,0,99,99,9,9,99,99,9,9,99,9,99,9,9,6,6,3,-1,-1,1598,2,7,VOLKSWAGEN GOLF,-1,-1,0,-1
2024061395674,2024,061395674,2,9,0,-1,19,7,3,-1,0,0,0,0,0,0,2,1,-1,6,2,23,5,1395,1,11,VOLKSWAGEN GOLF,10,E01025424,0,4
2024991442472,2024,991442472,1,9,0,-1,13,3,7,-1,0,0,5,0,1,0,1,1,-1,1,1,22,5,1498,1,6,VOLKSWAGEN GOLF,8,-1,0,5
2024122400446,2024,122400446,3,9,0,3,3,1,5,0,0,1,0,0,0,0,2,1,6,6,1,44,7,1984,1,3,VOLKSWAGEN GOLF,6,E01027769,0,2
2024122500159,2024,122500159,1,9,0,17,19,7,3,0,0,0,5,0,1,0,1,1,6,6,1,19,4,1984,1,2,VOLKSWAGEN GOLF,6,E01027703,0,1
2024010507934,2024,010507934,2,9,9,99,99,9,9,99,99,9,9,99,9,99,1,9,6,6,3,-1,-1,1598,2,5,VOLKSWAGEN GOLF,-1,-1,0,-1
2024471443111,2024,471443111,1,9,0,-1,19,7,3,-1,0,0,0,0,0,0,1,9,-1,2,1,23,5,1598,2,10,VOLKSWAGEN GOLF,10,E01016983,0,4
2024061511132,2024,061511132,1,9,0,-1,2,1,5,-1,0,6,0,0,0,0,1,1,-1,6,1,73,10,1968,2,17,VOLKSWAGEN GOLF,6,E01005010,0,1
2024351471007,2024,351471007,2,9,-1,-1,-1,-1,-1,-1,-1,-1,-1,-1,-1,0,3,9,-1,9,1,64,9,1598,2,9,VOLKSWAGEN GOLF,2,E01015641,0,1
2024131476661,2024,131476661,1,9,0,-1,19,1,5,-1,0,0,0,0,0,0,1,1,-1,6,2,37,7,1968,2,11,VOLKSWAGEN GOLF,2,E01010752,0,2
2024471497244,2024,471497244,1,9,0,-1,19,4,8,-1,0,0,5,0,1,0,4,9,-1,9,1,20,4,2000,2,20,VOLKSWAGEN GOLF,6,E01024806,0,2
2024311453651,2024,311453651,2,9,0,-1,19,4,8,-1,0,1,0,0,0,0,2,1,-1,6,1,28,6,1968,2,7,VOLKSWAGEN GOLF,8,E01025926,0,3
2024440058646,2024,440058646,1,9,0,16,19,4,7,0,0,0,1,0,0,0,1,1,2,2,1,31,6,1968,2,8,VOLKSWAGEN GOLF,4,E01032101,0,4
2024461445050,2024,461445050,1,9,0,-1,19,8,5,-1,0,5,0,0,0,0,4,1,-1,9,1,79,11,1395,8,2,VOLKSWAGEN GOLF,5,E01024516,0,1
2024201470064,2024,201470064,2,9,0,-1,2,0,0,-1,0,0,0,0,0,0,2,1,-1,9,2,43,7,1598,2,9,VOLKSWAGEN GOLF,1,E01008935,0,1
2024340WN2072,2024,340WN2072,2,9,0,-1,19,5,1,-1,0,8,0,0,0,0,3,1,-1,1,1,26,6,1598,2,14,VOLKSWAGEN GOLF,6,E01027234,0,1
2024010520360,2024,010520360,2,9,0,18,19,7,3,0,0,3,0,0,1,10,1,1,6,6,1,51,8,1395,1,11,VOLKSWAGEN GOLF,3,E01035667,0,4
2024547246324,2024,547246324,3,9,0,4,4,3,7,0,0,1,0,0,0,0,1,1,6,6,1,44,7,1598,2,12,VOLKSWAGEN GOLF,9,E01028747,0,1
202454D787824,2024,54D787824,1,9,0,4,4,8,5,0,0,0,0,0,0,0,1,1,6,6,1,84,11,1896,2,21,VOLKSWAGEN GOLF,5,E01015365,0,4
2024302400507,2024,302400507,2,9,0,18,19,3,7,0,0,0,0,0,0,0,2,1,6,6,1,34,6,1900,2,19,VOLKSWAGEN GOLF,1,E01013865,0,3
2024061447437,2024,061447437,1,9,0,-1,9,7,1,-1,0,8,0,0,0,0,1,1,-1,9,2,27,6,1395,8,0,VOLKSWAGEN GOLF,2,E01005224,0,1
2024471467199,2024,471467199,3,9,0,-1,2,0,0,-1,-1,0,0,0,0,0,1,1,-1,6,-1,-1,-1,1896,2,17,VOLKSWAGEN GOLF,-1,-1,0,-1
2024430524045,2024,430524045,3,9,0,18,19,7,3,0,0,0,0,0,1,10,3,1,6,6,1,48,8,1968,2,9,VOLKSWAGEN GOLF,8,E01028614,0,3
2024010506879,2024,010506879,2,9,0,99,99,9,9,99,99,6,9,99,9,99,9,9,6,6,1,37,7,1390,1,12,VOLKSWAGEN GOLF,5,E01003213,0,1
2024461462423,2024,461462423,1,9,0,-1,19,6,1,-1,0,0,0,0,1,0,1,1,-1,9,1,40,7,1896,2,16,VOLKSWAGEN GOLF,3,E01033092,0,4
2024161459550,2024,161459550,1,9,0,-1,5,4,8,-1,0,4,0,0,0,0,2,1,-1,6,1,39,7,1598,2,11,VOLKSWAGEN GOLF,2,E01012884,0,1
2024371499579,2024,371499579,1,9,0,-1,7,1,3,-1,0,2,5,4,0,0,1,1,-1,6,1,17,4,1498,1,6,VOLKSWAGEN GOLF,9,E01030004,0,1
2024501527236,2024,501527236,1,9,0,-1,19,5,1,-1,0,2,0,0,0,0,1,1,-1,6,1,-1,-1,1598,1,22,VOLKSWAGEN GOLF,-1,-1,0,-1
2024201531440,2024,201531440,1,9,0,-1,19,4,8,-1,0,0,0,0,0,0,4,1,-1,6,1,48,8,-1,3,4,VOLKSWAGEN GOLF,4,E01010424,0,2
2024501501681,2024,501501681,2,9,0,-1,19,3,7,-1,0,1,1,0,0,0,1,1,-1,6,2,23,5,1968,2,9,VOLKSWAGEN GOLF,5,E01018931,0,4
2024141426454,2024,141426454,3,9,0,-1,19,6,2,-1,0,0,0,0,0,0,1,1,-1,9,2,22,5,1598,2,7,VOLKSWAGEN GOLF,5,E01024982,0,5
2024010511146,2024,010511146,2,9,0,18,19,4,8,0,0,1,0,0,0,0,2,1,6,6,1,50,8,1498,1,4,VOLKSWAGEN GOLF,3,E01000502,0,1
2024201514783,2024,201514783,2,9,0,-1,10,3,7,-1,0,1,0,0,0,0,2,2,-1,6,2,41,7,1598,2,10,VOLKSWAGEN GOLF,7,E01009260,0,1
2024340NN0762,2024,340NN0762,1,9,0,-1,13,5,1,-1,0,0,0,0,7,0,4,1,-1,2,1,34,6,1900,2,18,VOLKSWAGEN GOLF,7,E01032967,0,3
2024101453770,2024,101453770,2,9,0,-1,19,7,3,-1,0,8,0,0,0,0,1,1,-1,6,2,37,7,1968,2,1,VOLKSWAGEN GOLF,1,E01008295,0,1
2024547872924,2024,547872924,1,9,0,16,19,3,7,0,0,0,0,0,0,0,1,1,2,2,1,51,8,1598,2,5,VOLKSWAGEN GOLF,8,E01031873,0,1
2024010515205,2024,010515205,1,9,0,18,19,1,5,0,0,8,0,0,0,0,4,1,6,6,1,21,5,1390,1,15,VOLKSWAGEN GOLF,-1,-1,0,-1
2024201448706,2024,201448706,2,9,0,-1,19,4,8,-1,0,0,0,0,0,0,3,1,-1,6,1,22,5,1598,2,6,VOLKSWAGEN GOLF,5,E01009312,0,2
202460Q076380,2024,60Q076380,1,9,0,18,19,1,5,0,0,1,0,0,0,0,1,1,6,6,2,40,7,1968,2,7,VOLKSWAGEN GOLF,-1,-1,0,-1
2024461486268,2024,461486268,2,9,-1,-1,19,3,7,-1,0,0,0,0,0,0,1,9,-1,6,2,39,7,1395,8,0,VOLKSWAGEN GOLF,8,E01024385,0,1
2024010522465,2024,010522465,3,9,0,18,19,3,7,0,0,1,0,0,0,0,1,1,6,6,1,39,7,1498,8,1,VOLKSWAGEN GOLF,2,E01034043,0,2
2024211549659,2024,211549659,1,9,0,-1,7,2,6,-1,0,0,0,0,0,0,4,1,-1,9,1,33,6,1498,1,2,VOLKSWAGEN GOLF,1,E01010273,0,2
2024371535846,2024,371535846,2,9,0,-1,19,3,7,-1,0,0,0,0,0,0,1,1,-1,6,1,21,5,1598,1,17,VOLKSWAGEN GOLF,5,E01030053,0,2
2024401479673,2024,401479673,1,9,0,-1,19,8,4,-1,0,1,0,0,0,0,1,1,-1,6,1,26,6,1896,2,17,VOLKSWAGEN GOLF,2,E01033804,0,1
2024361464982,2024,361464982,2,9,0,-1,19,6,2,-1,0,1,0,0,0,0,3,1,-1,9,2,57,9,1598,2,9,VOLKSWAGEN GOLF,6,E01026451,0,4
2024361505699,2024,361505699,1,9,0,-1,19,1,5,-1,0,1,0,0,0,0,3,1,-1,9,1,21,5,1968,2,9,VOLKSWAGEN GOLF,4,E01026743,0,4
2024201455260,2024,201455260,2,9,0,-1,3,7,3,-1,0,1,0,0,0,0,1,9,-1,9,1,32,6,1984,1,3,VOLKSWAGEN GOLF,1,E01009483,0,1
2024010512480,2024,010512480,2,9,9,10,10,1,7,99,99,9,9,0,9,99,9,9,6,6,1,61,9,1598,2,7,VOLKSWAGEN GOLF,3,E01004235,0,1
2024111466786,2024,111466786,1,9,0,-1,19,2,6,-1,0,0,0,0,0,0,4,1,-1,9,1,23,5,1968,2,14,VOLKSWAGEN GOLF,2,E01020648,0,1
2024131431209,2024,131431209,1,9,0,-1,19,1,1,-1,0,1,0,0,0,0,1,1,-1,9,2,30,6,1968,2,14,VOLKSWAGEN GOLF,2,E01011334,0,3
2024471455486,2024,471455486,1,9,0,-1,19,5,1,-1,0,0,0,0,0,0,1,1,-1,6,1,53,8,1984,1,10,VOLKSWAGEN GOLF,5,E01031431,0,3
2024501513255,2024,501513255,2,9,0,-1,12,4,8,-1,0,0,0,0,0,0,2,1,-1,2,2,25,5,1598,2,12,VOLKSWAGEN GOLF,3,E01018788,0,1
2024231528059,2024,231528059,1,9,0,-1,7,7,1,-1,0,6,0,0,0,0,1,9,-1,6,1,27,6,1896,2,18,VOLKSWAGEN GOLF,8,E01031245,0,1
2024471456149,2024,471456149,3,9,0,-1,3,7,3,-1,0,0,0,0,0,0,2,1,-1,9,1,45,7,1197,1,11,VOLKSWAGEN GOLF,10,E01031638,0,1
2024010546830,2024,010546830,1,9,0,3,3,3,7,0,0,1,0,0,0,0,2,1,6,6,1,22,5,1598,2,7,VOLKSWAGEN GOLF,3,E01001244,0,2
202454F164724,2024,54F164724,1,9,0,18,19,4,8,0,0,8,0,0,0,0,3,1,1,1,2,60,9,1896,2,15,VOLKSWAGEN GOLF,9,E01015501,0,1
2024131421730,2024,131421730,2,9,0,-1,19,1,1,-1,0,0,1,1,0,0,2,1,-1,6,1,31,6,1968,2,13,VOLKSWAGEN GOLF,1,E01010700,0,1
2024451448316,2024,451448316,2,9,0,-1,19,1,5,-1,0,0,0,0,0,0,1,9,-1,6,3,30,6,1395,8,3,VOLKSWAGEN GOLF,-1,-1,0,-1
2024041448016,2024,041448016,1,9,0,-1,7,1,3,-1,0,6,0,0,3,0,1,1,-1,9,1,79,11,1984,1,0,VOLKSWAGEN GOLF,5,E01025331,0,3
2024010523730,2024,010523730,1,9,0,1,1,5,1,0,0,5,0,0,0,0,1,1,6,6,1,52,8,1598,1,17,VOLKSWAGEN GOLF,4,E01002030,0,1
2024311505180,2024,311505180,1,9,0,-1,4,1,5,-1,0,0,0,0,0,0,1,1,-1,6,1,26,6,1598,2,11,VOLKSWAGEN GOLF,-1,-1,0,-1
2024010509136,2024,010509136,1,9,0,18,19,8,4,0,0,0,0,0,0,0,4,1,6,6,2,25,5,1380,1,13,VOLKSWAGEN GOLF,-1,-1,0,-1
2024221470761,2024,221470761,1,9,0,-1,10,4,8,-1,0,1,0,0,0,0,1,9,-1,6,1,81,11,1600,1,19,VOLKSWAGEN GOLF,7,E01028998,0,2
2024010503242,2024,010503242,2,9,0,99,99,9,9,0,0,1,0,0,0,0,1,9,6,6,2,41,7,1600,1,20,VOLKSWAGEN GOLF,4,E01003277,0,1
2024451494777,2024,451494777,1,9,0,-1,4,5,1,-1,0,0,0,0,0,0,2,1,-1,9,2,32,6,1968,2,11,VOLKSWAGEN GOLF,6,E01024406,0,4
2024010507126,2024,010507126,1,9,0,9,9,1,6,0,0,1,5,4,0,0,1,1,6,6,1,87,11,1598,1,16,VOLKSWAGEN GOLF,-1,-1,0,-1
2024131498258,2024,131498258,1,9,0,-1,19,5,1,-1,0,0,0,0,0,0,4,1,-1,6,3,-1,-1,1598,2,12,VOLKSWAGEN GOLF,-1,-1,0,-1
2024201435755,2024,201435755,1,9,0,-1,9,8,6,-1,0,1,0,0,0,0,1,1,-1,9,1,20,4,1600,2,15,VOLKSWAGEN GOLF,1,E01009000,0,1
2024320024231,2024,320024231,2,9,0,9,9,4,8,0,0,8,0,0,0,0,4,1,-1,-1,1,22,5,1968,2,18,VOLKSWAGEN GOLF,3,E01034680,0,3
2024622400399,2024,622400399,1,9,0,2,2,0,0,0,0,2,0,0,0,0,3,1,6,6,1,32,6,1598,1,17,VOLKSWAGEN GOLF,5,W01000871,0,1
2024101421581,2024,101421581,1,9,0,-1,19,3,6,-1,0,0,0,0,0,0,1,1,-1,9,2,41,7,1598,2,13,VOLKSWAGEN GOLF,1,E01008392,0,3
2024131459353,2024,131459353,2,9,0,-1,19,3,7,-1,0,3,0,0,0,0,4,1,-1,9,1,24,5,1197,1,12,VOLKSWAGEN GOLF,1,E01010719,0,3
2024101534832,2024,101534832,2,9,0,-1,19,6,2,-1,0,4,0,0,1,0,1,1,-1,9,1,62,9,1498,1,6,VOLKSWAGEN GOLF,5,E01008225,0,2
2024451505747,2024,451505747,1,9,0,-1,19,5,1,-1,0,2,0,0,0,0,1,1,-1,2,2,18,4,1390,1,22,VOLKSWAGEN GOLF,10,E01023117,0,1
2024332401136,2024,332401136,1,9,0,-1,13,5,1,-1,0,0,0,0,0,0,1,1,-1,6,1,31,6,1896,2,22,VOLKSWAGEN GOLF,1,E01013664,0,1
2024041429198,2024,041429198,1,9,0,-1,5,5,1,-1,9,1,0,0,0,0,1,1,-1,6,-1,-1,-1,2000,2,20,VOLKSWAGEN GOLF,-1,-1,0,-1
2024622400605,2024,622400605,1,9,0,12,12,7,3,0,0,8,0,0,0,0,3,1,6,6,1,47,8,1498,1,4,VOLKSWAGEN GOLF,7,W01000813,0,4
2024991495504,2024,991495504,2,9,0,-1,3,3,7,-1,0,2,0,0,0,0,2,1,-1,9,2,30,6,1598,2,11,VOLKSWAGEN GOLF,8,-1,0,2
2024320489283,2024,320489283,3,9,0,-1,-1,4,8,0,0,0,0,0,1,0,3,1,-1,-1,1,42,7,1395,1,6,VOLKSWAGEN GOLF,9,W01000197,0,5
2024411502048,2024,411502048,1,9,-1,-1,-1,-1,-1,-1,-1,-1,-1,-1,-1,0,1,9,-1,6,2,-1,-1,1498,1,6,VOLKSWAGEN GOLF,-1,-1,0,-1
2024471403143,2024,471403143,1,9,0,-1,19,1,5,-1,0,0,0,0,0,0,1,1,-1,9,1,34,6,1390,1,12,VOLKSWAGEN GOLF,6,E01001990,0,4
2024320724229,2024,320724229,1,9,0,-1,-1,4,8,0,0,0,0,11,0,0,1,1,-1,-1,1,20,4,1896,2,22,VOLKSWAGEN GOLF,8,E01026065,0,3
2024010515331,2024,010515331,1,9,0,7,7,5,7,0,0,1,0,0,0,0,1,1,1,1,2,38,7,1600,1,20,VOLKSWAGEN GOLF,1,E01003290,0,1
2024311433262,2024,311433262,1,9,0,-1,19,8,4,-1,0,2,0,0,0,0,4,9,-1,6,3,-1,-1,1984,1,10,VOLKSWAGEN GOLF,-1,-1,0,-1
2024522402575,2024,522402575,1,9,0,3,3,1,5,0,0,8,0,0,0,0,2,1,6,6,2,29,6,1598,2,7,VOLKSWAGEN GOLF,9,E01014553,0,1
202454E325924,2024,54E325924,1,9,0,18,19,6,2,0,0,0,0,0,7,4,3,1,6,6,2,73,10,1598,2,13,VOLKSWAGEN GOLF,9,E01031887,0,3
202460Q069215,2024,60Q069215,2,9,0,8,8,5,7,0,0,1,0,0,0,0,4,1,6,6,2,35,6,1390,1,15,VOLKSWAGEN GOLF,-1,-1,0,-1
2024552400858,2024,552400858,1,9,0,18,19,2,6,0,0,0,1,0,0,0,1,1,6,6,1,21,5,1598,2,11,VOLKSWAGEN GOLF,9,E01020450,0,1
2024371536811,2024,371536811,2,9,0,-1,19,7,3,-1,0,0,0,0,0,0,3,1,-1,6,2,34,6,1598,2,11,VOLKSWAGEN GOLF,7,E01029937,0,4
2024131466822,2024,131466822,2,9,0,-1,19,7,3,-1,0,0,0,0,0,0,3,1,-1,6,1,41,7,1968,2,16,VOLKSWAGEN GOLF,6,E01010765,0,1
2024201501626,2024,201501626,1,9,0,-1,15,7,3,-1,0,8,0,10,1,0,3,9,-1,6,3,-1,-1,1968,2,10,VOLKSWAGEN GOLF,-1,-1,0,-1
2024340WN5472,2024,340WN5472,1,9,0,-1,11,7,3,-1,0,5,5,6,4,9,1,1,-1,9,1,23,5,1395,8,9,VOLKSWAGEN GOLF,7,E01027219,0,2
2024501457694,2024,501457694,2,9,0,-1,19,3,1,-1,0,4,0,0,0,0,1,1,-1,6,1,23,5,1984,1,21,VOLKSWAGEN GOLF,9,E01020270,0,2
2024041462438,2024,041462438,1,9,0,-1,9,3,1,-1,0,8,0,0,0,0,1,1,-1,9,1,22,5,999,8,0,VOLKSWAGEN GOLF,2,E01025313,0,1
2024041441825,2024,041441825,2,9,0,-1,19,5,1,-1,0,1,0,0,1,0,3,1,-1,9,1,23,5,1598,2,12,VOLKSWAGEN GOLF,2,E01025157,0,4
2024311456394,2024,311456394,1,9,0,-1,19,8,4,-1,0,0,0,11,0,0,1,1,-1,6,2,33,6,1598,2,14,VOLKSWAGEN GOLF,-1,-1,0,-1
2024141525026,2024,141525026,1,9,0,-1,19,3,6,-1,0,1,0,0,0,0,1,1,-1,9,1,29,6,1197,1,13,VOLKSWAGEN GOLF,3,E01007854,0,1
2024332400989,2024,332400989,1,9,0,-1,14,2,6,-1,0,0,5,0,0,0,1,1,-1,1,2,33,6,1600,1,18,VOLKSWAGEN GOLF,1,E01013601,0,3
2024440127820,2024,440127820,2,9,0,18,19,2,6,0,0,0,0,0,0,0,1,1,6,6,2,42,7,1968,2,11,VOLKSWAGEN GOLF,10,E01022750,0,2
2024461526210,2024,461526210,1,9,0,-1,19,5,5,-1,0,0,0,0,0,0,1,2,-1,9,2,94,11,1395,1,8,VOLKSWAGEN GOLF,5,E01024005,0,1
2024201480239,2024,201480239,1,9,0,-1,19,8,4,-1,0,0,5,0,0,0,1,9,-1,6,1,30,6,1968,2,15,VOLKSWAGEN GOLF,-1,-1,0,-1
2024201455932,2024,201455932,1,9,0,-1,19,7,1,-1,0,1,0,10,7,11,1,1,-1,6,1,20,4,1968,2,15,VOLKSWAGEN GOLF,1,E01009512,0,1
2024440403578,2024,440403578,2,9,0,6,6,3,1,0,0,8,0,0,0,0,4,1,6,6,3,-1,-1,1984,1,4,VOLKSWAGEN GOLF,-1,-1,0,-1
2024401397683,2024,401397683,1,9,0,-1,19,6,2,-1,0,8,0,0,0,0,3,9,-1,6,2,39,7,1984,1,6,VOLKSWAGEN GOLF,4,E01015711,0,1
2024131526330,2024,131526330,1,9,0,-1,11,1,1,-1,0,0,0,0,0,0,1,1,-1,6,2,24,5,1598,2,11,VOLKSWAGEN GOLF,1,E01010663,0,1
2024221396469,2024,221396469,2,9,0,-1,19,1,5,-1,0,0,1,0,0,0,3,1,-1,6,2,77,11,1598,2,10,VOLKSWAGEN GOLF,4,E01014097,0,1
2024421444901,2024,421444901,1,9,0,-1,19,3,3,-1,0,0,0,0,0,0,1,9,-1,6,1,36,7,1896,2,15,VOLKSWAGEN GOLF,10,E01021625,0,1
2024451413054,2024,451413054,1,9,0,-1,4,1,5,-1,0,1,0,0,0,0,2,1,-1,9,1,26,6,1600,1,20,VOLKSWAGEN GOLF,10,E01030396,0,1
2024131416487,2024,131416487,2,9,0,-1,2,3,7,-1,0,0,0,0,0,0,3,1,-1,6,1,26,6,1968,2,11,VOLKSWAGEN GOLF,3,E01011249,0,3
2024141496763,2024,141496763,1,9,0,-1,19,1,6,-1,0,0,0,1,0,0,1,1,-1,6,1,19,4,1395,8,7,VOLKSWAGEN GOLF,8,E01007713,0,1
2024131491493,2024,131491493,2,9,0,-1,19,1,5,-1,0,1,0,0,0,0,1,1,-1,9,1,43,7,1968,2,15,VOLKSWAGEN GOLF,1,E01011917,0,1
2024361548221,2024,361548221,1,9,0,-1,19,5,1,-1,0,0,0,0,0,0,1,1,-1,2,1,24,5,1896,2,23,VOLKSWAGEN GOLF,4,E01030219,0,4
2024201465589,2024,201465589,2,9,0,-1,2,0,0,-1,9,0,0,0,0,0,4,9,-1,6,1,25,5,1498,1,5,VOLKSWAGEN GOLF,1,E01009478,0,1
2024451507454,2024,451507454,4,9,0,-1,2,0,0,-1,0,2,0,0,0,0,3,1,-1,6,-1,-1,-1,1968,2,12,VOLKSWAGEN GOLF,-1,-1,0,-1
2024010529539,2024,010529539,2,9,9,11,11,9,9,99,99,0,9,99,9,99,9,9,6,6,3,-1,-1,1984,1,1,VOLKSWAGEN GOLF,-1,-1,0,-1
2024061511534,2024,061511534,4,9,0,-1,19,6,2,-1,0,0,0,0,0,0,0,9,-1,6,1,20,4,1390,1,15,VOLKSWAGEN GOLF,-1,-1,0,-1
2024041494701,2024,041494701,1,9,0,-1,5,3,7,-1,0,6,0,0,0,0,3,1,-1,6,3,-1,-1,1984,1,7,VOLKSWAGEN GOLF,-1,-1,0,-1
2024361413346,2024,361413346,2,9,0,-1,19,3,7,-1,0,2,1,0,1,0,3,1,-1,6,2,22,5,1598,2,8,VOLKSWAGEN GOLF,8,E01030288,0,4
2024622400323,2024,622400323,1,9,0,18,19,6,2,0,0,1,0,0,0,0,1,2,6,6,1,54,8,1598,2,12,VOLKSWAGEN GOLF,3,W01001368,0,4
2024061458617,2024,061458617,2,9,0,-1,7,6,4,-1,0,5,0,0,0,0,4,1,-1,2,2,25,5,1598,2,13,VOLKSWAGEN GOLF,2,E01004798,0,1
2024010513892,2024,010513892,1,9,0,18,19,5,1,0,0,2,0,0,0,0,1,1,6,6,1,47,8,1598,2,9,VOLKSWAGEN GOLF,3,E01003545,0,1
2024131461454,2024,131461454,1,9,0,-1,5,7,7,-1,0,0,0,0,0,0,1,1,-1,9,2,23,5,1598,2,10,VOLKSWAGEN GOLF,3,E01011647,0,3
2024052402636,2024,052402636,2,9,0,18,19,8,4,0,0,1,0,0,0,0,1,1,6,6,1,64,9,1395,1,10,VOLKSWAGEN GOLF,6,E01025531,0,4
2024221448937,2024,221448937,2,9,0,-1,9,8,6,-1,0,8,0,0,0,0,4,9,-1,6,2,72,10,1498,1,5,VOLKSWAGEN GOLF,4,E01014154,0,1
2024451490552,2024,451490552,1,9,0,-1,19,3,7,-1,0,0,0,4,0,0,4,1,-1,6,1,42,7,1598,2,10,VOLKSWAGEN GOLF,10,E01030770,0,1
2024552400776,2024,552400776,1,9,0,18,19,4,8,0,0,0,0,0,7,11,1,1,6,6,1,38,7,1896,2,22,VOLKSWAGEN GOLF,5,E01020562,0,1
2024201501277,2024,201501277,2,9,0,-1,19,1,4,-1,0,8,0,0,0,0,1,1,-1,9,2,32,6,2000,2,19,VOLKSWAGEN GOLF,3,E01009597,0,4
2024131447723,2024,131447723,2,9,0,-1,10,3,1,-1,2,1,0,0,0,0,1,1,-1,9,1,55,8,1968,2,9,VOLKSWAGEN GOLF,1,E01011467,0,1
2024531453689,2024,531453689,2,9,0,-1,13,2,6,-1,0,0,0,0,7,4,1,1,-1,9,1,78,11,1984,1,3,VOLKSWAGEN GOLF,8,E01022385,0,2
2024311536042,2024,311536042,1,9,0,-1,9,3,7,-1,0,0,0,4,0,0,4,1,-1,6,2,84,11,1390,1,14,VOLKSWAGEN GOLF,-1,-1,0,-1
2024421466033,2024,421466033,1,9,0,-1,5,5,1,-1,0,4,0,0,0,0,3,1,-1,9,2,33,6,1600,1,26,VOLKSWAGEN GOLF,2,E01015896,0,1
2024440252113,2024,440252113,2,9,0,18,19,4,8,0,0,1,0,0,0,0,1,1,6,6,1,25,5,1984,1,11,VOLKSWAGEN GOLF,10,E01022505,0,4
2024991444818,2024,991444818,1,9,0,-1,19,7,3,-1,0,3,0,0,0,0,3,1,-1,9,1,78,11,1395,1,8,VOLKSWAGEN GOLF,8,-1,0,2
2024440174896,2024,440174896,1,9,0,18,19,4,8,0,0,2,0,0,0,0,1,1,6,6,2,51,8,1598,2,13,VOLKSWAGEN GOLF,2,E01017119,0,1
2024041426272,2024,041426272,2,9,0,-1,19,1,5,-1,0,0,0,0,0,0,1,1,-1,9,1,28,6,1900,2,19,VOLKSWAGEN GOLF,3,E01007000,0,4
2024501485898,2024,501485898,2,9,0,-1,19,6,8,-1,0,0,1,11,1,11,1,1,-1,9,1,31,6,1968,2,11,VOLKSWAGEN GOLF,3,E01020285,0,2
2024501535879,2024,501535879,1,9,0,-1,19,4,6,-1,0,2,0,0,7,11,1,1,-1,9,2,78,11,1498,1,0,VOLKSWAGEN GOLF,1,E01018878,0,1
2024201468145,2024,201468145,2,9,0,-1,19,7,3,-1,0,8,0,0,0,0,1,1,-1,6,1,43,7,1896,2,17,VOLKSWAGEN GOLF,3,E01009876,0,1
2024061396973,2024,061396973,1,9,0,-1,9,5,7,-1,0,8,0,0,0,0,1,1,-1,6,1,17,4,1896,2,17,VOLKSWAGEN GOLF,-1,-1,0,-1
2024131494677,2024,131494677,2,9,0,-1,19,6,6,-1,0,1,0,0,0,0,4,1,-1,1,1,34,6,1390,1,15,VOLKSWAGEN GOLF,2,E01010673,0,3
2024471454562,2024,471454562,2,9,0,-1,19,7,3,-1,0,0,0,0,0,0,1,1,-1,9,1,55,8,1395,8,8,VOLKSWAGEN GOLF,4,E01031576,0,1
2024141452520,2024,141452520,2,9,0,-1,19,5,1,-1,0,1,0,0,0,0,1,9,-1,6,2,23,5,1598,2,13,VOLKSWAGEN GOLF,1,E01010833,0,4
2024211493793,2024,211493793,2,9,0,-1,4,7,3,-1,0,0,0,0,0,0,1,1,-1,2,2,58,9,1896,2,16,VOLKSWAGEN GOLF,8,E01029440,0,1
2024010529481,2024,010529481,1,9,0,18,19,5,1,0,0,2,0,0,0,0,2,1,6,6,1,25,5,1498,1,0,VOLKSWAGEN GOLF,6,E01004577,0,1
2024070078120,2024,070078120,1,9,0,9,9,7,5,0,0,8,0,0,0,0,1,1,1,1,1,59,9,1968,2,13,VOLKSWAGEN GOLF,3,E01018734,0,1
2024010527091,2024,010527091,1,9,0,99,99,9,9,99,99,9,9,99,9,99,2,9,6,6,2,36,7,1598,1,17,VOLKSWAGEN GOLF,2,E01001507,0,1
2024031395290,2024,031395290,1,9,0,-1,7,1,3,-1,0,5,1,0,3,9,1,9,-1,1,2,56,9,1598,2,11,VOLKSWAGEN GOLF,4,-1,0,2
2024131407149,2024,131407149,4,9,0,-1,19,6,2,-1,0,1,0,0,0,0,4,1,-1,9,1,47,8,1968,2,14,VOLKSWAGEN GOLF,1,E01010841,0,1
2024471489148,2024,471489148,2,9,0,-1,5,3,7,-1,0,7,0,0,0,0,2,1,-1,9,2,33,6,1390,1,15,VOLKSWAGEN GOLF,6,E01021148,0,3
2024131425035,2024,131425035,1,9,0,-1,19,5,5,-1,0,8,1,0,2,11,1,1,-1,6,1,26,6,2000,1,17,VOLKSWAGEN GOLF,1,E01011134,0,1
2024061434094,2024,061434094,1,9,0,-1,19,6,1,-1,0,1,0,4,0,0,1,1,-1,6,-1,20,4,1984,1,18,VOLKSWAGEN GOLF,-1,-1,0,-1
2024061479012,2024,061479012,1,9,0,-1,19,1,5,-1,0,2,0,4,0,0,1,1,-1,6,1,67,10,1498,1,0,VOLKSWAGEN GOLF,9,E01005864,0,1
2024221493214,2024,221493214,2,9,0,-1,2,0,0,-1,0,8,0,0,1,0,3,1,-1,9,1,36,7,1498,1,3,VOLKSWAGEN GOLF,1,E01008938,0,3