collision_index,collision_year,collision_ref_no,vehicle_reference,vehicle_type,towing_and_articulation,vehicle_manoeuvre_historic,vehicle_manoeuvre,vehicle_direction_from,vehicle_direction_to,vehicle_location_restricted_lane_historic,vehicle_location_restricted_lane,junction_location,skidding_and_overturning,hit_object_in_carriageway,vehicle_leaving_carriageway,hit_object_off_carriageway,first_point_of_impact,vehicle_left_hand_drive,journey_purpose_of_driver_historic,journey_purpose_of_driver,sex_of_driver,age_of_driver,age_band_of_driver,engine_capacity_cc,propulsion_code,age_of_vehicle,generic_make_model,driver_imd_decile,lsoa_of_driver,escooter_flag,driver_distance_banding
2024332400432,2024,332400432,2,9,0,-1,12,8,4,-1,0,8,0,0,0,0,1,1,-1,6,2,39,7,1968,2,9,VOLKSWAGEN GOLF,4,E01025988,0,1
2024010546537,2024,010546537,3,9,9,99,99,9,9,99,99,9,9,99,9,99,9,9,6,6,3,-1,-1,1395,1,9,VOLKSWAGEN GOLF,-1,-1,0,-1
2024131488263,2024,131488263,2,9,0,-1,-1,-1,-1,-1,0,1,-1,-1,-1,-1,-1,1,-1,6,3,-1,-1,1984,1,9,VOLKSWAGEN GOLF,-1,-1,0,-1
2024010547913,2024,010547913,1,9,0,18,19,3,7,0,0,6,0,0,0,0,3,1,6,6,1,57,9,1395,1,10,VOLKSWAGEN GOLF,9,E01000205,0,1
2024041509604,2024,041509604,1,9,0,-1,7,3,5,-1,0,0,0,0,0,0,1,9,-1,9,1,33,6,1498,1,4,VOLKSWAGEN GOLF,4,E01024960,0,1
2024622400271,2024,622400271,1,9,0,18,19,8,4,0,0,0,0,0,0,0,1,1,6,6,1,29,6,1896,2,20,VOLKSWAGEN GOLF,2,W01001070,0,2
2024201532421,2024,201532421,1,9,0,-1,19,3,6,-1,0,1,0,0,0,0,1,1,-1,6,1,25,5,1968,2,13,VOLKSWAGEN GOLF,-1,-1,0,-1
2024430530357,2024,430530357,1,9,0,18,19,8,4,0,0,8,0,0,0,0,3,1,6,6,2,26,6,1968,2,7,VOLKSWAGEN GOLF,-1,-1,0,-1
2024991451882,2024,991451882,2,9,0,-1,19,5,1,-1,0,1,0,0,0,0,1,1,-1,9,1,26,6,1598,1,16,VOLKSWAGEN GOLF,-1,-1,0,-1
2024010542752,2024,010542752,4,9,0,2,2,0,0,0,0,0,0,4,0,0,1,1,6,6,3,-1,-1,1395,1,9,VOLKSWAGEN GOLF,-1,-1,0,-1
2024010502191,2024,010502191,2,9,0,99,99,9,9,99,99,9,9,99,9,99,1,9,6,6,1,21,5,1395,1,11,VOLKSWAGEN GOLF,4,E01000958,0,3
2024991443018,2024,991443018,1,9,0,-1,19,5,8,-1,0,1,0,0,0,0,1,1,-1,9,2,42,7,1598,2,10,VOLKSWAGEN GOLF,10,-1,0,1
2024302401219,2024,302401219,1,9,0,4,4,2,6,0,0,1,0,0,0,0,0,1,6,6,2,47,8,1598,2,11,VOLKSWAGEN GOLF,6,E01013505,0,1
2024522401084,2024,522401084,2,9,0,4,4,6,2,0,0,0,0,0,0,0,2,1,6,6,1,39,7,1498,1,6,VOLKSWAGEN GOLF,4,E01035129,0,4
2024631509612,2024,631509612,2,9,0,-1,19,2,6,-1,0,0,0,0,1,10,3,1,-1,9,1,60,9,1598,2,8,VOLKSWAGEN GOLF,6,W01000679,0,2
2024010510997,2024,010510997,2,9,0,99,99,9,9,99,99,9,9,99,9,99,9,9,6,6,3,-1,-1,1968,2,8,VOLKSWAGEN GOLF,-1,-1,0,-1
2024211402735,2024,211402735,1,9,0,-1,6,7,5,-1,0,8,0,0,0,0,1,1,-1,7,1,39,7,1598,2,14,VOLKSWAGEN GOLF,10,E01029684,0,1
2024531509384,2024,531509384,3,9,0,-1,3,3,7,-1,0,1,0,0,0,0,3,1,-1,6,2,33,6,1900,2,18,VOLKSWAGEN GOLF,8,E01034800,0,2
2024010544935,2024,010544935,1,9,4,99,99,9,9,99,99,9,9,99,9,99,9,9,2,2,1,39,7,1896,2,16,VOLKSWAGEN GOLF,3,E01033591,0,3
2024041425451,2024,041425451,1,9,0,-1,19,5,1,-1,0,0,1,0,1,4,3,1,-1,6,1,34,6,1968,2,16,VOLKSWAGEN GOLF,4,E01024896,0,1
2024010509644,2024,010509644,1,9,0,7,7,5,7,0,0,3,0,11,0,0,3,1,6,6,2,27,6,1498,1,4,VOLKSWAGEN GOLF,2,E01001649,0,1
2024071091082,2024,071091082,1,9,0,-1,11,3,1,-1,0,8,0,0,0,0,4,1,-1,9,2,83,11,1598,2,5,VOLKSWAGEN GOLF,6,E01012524,0,1
2024201453697,2024,201453697,2,9,0,-1,19,6,2,-1,0,8,0,0,0,0,1,9,-1,9,2,41,7,1498,1,2,VOLKSWAGEN GOLF,3,E01009089,0,1
2024010529918,2024,010529918,2,9,0,18,19,3,7,0,0,1,0,0,0,0,3,1,6,6,1,19,4,1197,1,10,VOLKSWAGEN GOLF,3,E01003589,0,1
2024461489829,2024,461489829,1,9,0,-1,1,1,5,-1,0,1,0,0,0,0,2,9,-1,6,1,-1,-1,1598,2,9,VOLKSWAGEN GOLF,-1,-1,0,-1
2024351519791,2024,351519791,2,9,-1,-1,-1,-1,-1,-1,-1,0,-1,-1,-1,0,-1,9,-1,9,1,27,6,1600,2,15,VOLKSWAGEN GOLF,8,E01018099,0,1
2024231531574,2024,231531574,1,9,0,-1,12,7,1,-1,0,6,0,0,0,0,3,1,-1,9,1,33,6,1598,2,7,VOLKSWAGEN GOLF,1,E01012674,0,5
2024131422836,2024,131422836,1,9,0,-1,-1,-1,-1,-1,-1,0,-1,-1,-1,-1,-1,1,-1,6,3,-1,-1,-1,3,4,VOLKSWAGEN GOLF,-1,-1,0,-1
2024131493705,2024,131493705,1,9,0,-1,19,6,2,-1,0,1,0,11,7,4,1,1,-1,9,1,18,4,1395,1,11,VOLKSWAGEN GOLF,2,E01011024,0,2
2024430256745,2024,430256745,1,9,0,18,19,6,2,0,0,0,0,10,7,1,0,1,6,6,1,20,4,2000,1,19,VOLKSWAGEN GOLF,8,E01016679,0,3
2024542035624,2024,542035624,2,9,0,18,19,5,1,0,0,0,0,0,0,0,1,1,2,2,2,59,9,1390,1,21,VOLKSWAGEN GOLF,2,E01015570,0,1
2024430357029,2024,430357029,1,9,0,18,19,5,1,0,0,8,0,0,7,4,1,1,6,6,1,64,9,1598,2,5,VOLKSWAGEN GOLF,6,E01027613,0,5
2024451525325,2024,451525325,2,9,0,-1,11,2,6,-1,0,3,0,0,0,0,4,9,-1,6,3,30,6,1598,2,13,VOLKSWAGEN GOLF,-1,-1,0,-1
2024471506266,2024,471506266,2,9,0,-1,2,0,0,-1,9,0,0,4,0,0,3,1,-1,6,-1,-1,-1,1598,2,13,VOLKSWAGEN GOLF,-1,-1,0,-1
2024211441127,2024,211441127,1,9,0,-1,9,7,5,-1,0,1,0,0,0,0,4,9,-1,6,1,-1,-1,1598,2,10,VOLKSWAGEN GOLF,1,E01014330,0,1
2024332401140,2024,332401140,2,9,0,-1,4,4,8,-1,0,0,0,0,0,0,2,1,-1,6,2,31,6,1395,1,6,VOLKSWAGEN GOLF,10,E01025813,0,1
2024010514879,2024,010514879,1,9,0,99,99,9,9,99,99,9,9,99,9,99,9,9,6,6,2,20,4,999,1,6,VOLKSWAGEN GOLF,6,E01001494,0,1
2024520002234,2024,520002234,1,9,0,18,19,3,7,0,0,0,5,0,1,11,4,1,6,6,1,32,6,1968,2,10,VOLKSWAGEN GOLF,10,E01014434,0,1
2024141405378,2024,141405378,2,9,0,-1,19,3,7,-1,0,0,0,0,0,0,1,1,-1,9,1,69,10,1390,1,21,VOLKSWAGEN GOLF,4,E01007647,0,3
2024131434493,2024,131434493,1,9,0,-1,-1,-1,-1,-1,-1,-1,-1,-1,-1,-1,-1,1,-1,6,3,-1,-1,1984,1,3,VOLKSWAGEN GOLF,-1,-1,0,-1
2024010516869,2024,010516869,1,9,0,7,7,7,1,0,0,1,0,0,0,0,4,1,6,6,1,44,7,1395,1,11,VOLKSWAGEN GOLF,6,E01004515,0,1
2024461452047,2024,461452047,2,9,0,-1,2,0,0,-1,0,0,0,0,0,0,1,1,-1,6,-1,-1,-1,2000,2,20,VOLKSWAGEN GOLF,-1,-1,0,-1
2024010492758,2024,010492758,2,9,0,99,99,9,9,99,99,9,9,99,9,99,9,9,6,6,3,-1,-1,1595,1,21,VOLKSWAGEN GOLF,-1,-1,0,-1
2024131505397,2024,131505397,2,9,0,-1,4,1,5,-1,0,0,0,0,0,0,2,1,-1,2,1,25,5,1598,2,10,VOLKSWAGEN GOLF,4,E01011477,0,2
2024010498680,2024,010498680,1,9,0,18,19,5,1,0,0,1,0,0,0,0,4,1,6,6,2,25,5,1390,1,14,VOLKSWAGEN GOLF,4,E01001140,0,2
2024340WN5962,2024,340WN5962,2,9,0,-1,4,3,7,-1,0,0,0,0,0,0,2,1,-1,2,1,20,4,1896,2,19,VOLKSWAGEN GOLF,8,E01027146,0,2
2024131488831,2024,131488831,2,9,0,-1,19,7,3,-1,0,0,0,0,0,0,1,1,-1,9,1,21,5,1896,2,19,VOLKSWAGEN GOLF,1,E01010608,0,3
2024471436242,2024,471436242,2,9,0,-1,1,3,7,-1,0,1,0,0,0,0,3,1,-1,6,1,29,6,1896,2,19,VOLKSWAGEN GOLF,3,E01021092,0,1
2024010530936,2024,010530936,1,9,0,2,2,0,0,0,0,1,0,0,0,0,2,1,6,6,3,-1,-1,1598,1,17,VOLKSWAGEN GOLF,-1,-1,0,-1
2024111518064,2024,111518064,1,9,0,-1,19,8,4,-1,0,1,0,0,0,0,4,1,-1,6,2,55,8,1598,2,5,VOLKSWAGEN GOLF,8,E01020854,0,1
2024522401909,2024,522401909,1,9,0,18,19,3,7,0,0,4,0,0,0,0,3,1,6,6,1,37,7,1968,2,13,VOLKSWAGEN GOLF,6,E01014563,0,1
2024010488293,2024,010488293,2,9,0,18,19,7,3,0,0,0,0,0,0,0,4,1,6,6,3,-1,-1,1600,1,18,VOLKSWAGEN GOLF,-1,-1,0,-1
2024411495307,2024,411495307,3,9,0,-1,4,3,3,-1,0,0,0,0,0,0,2,1,-1,9,2,63,9,1395,1,10,VOLKSWAGEN GOLF,9,E01023615,0,1
2024371414143,2024,371414143,1,9,0,-1,19,1,5,-1,0,0,0,0,0,0,1,1,-1,6,2,61,9,1390,1,13,VOLKSWAGEN GOLF,5,E01030222,0,1
2024010522169,2024,010522169,1,9,0,18,19,3,7,0,0,1,0,0,0,0,2,1,6,6,2,41,7,-1,3,5,VOLKSWAGEN GOLF,9,E01030313,0,3
2024501452446,2024,501452446,1,9,0,-1,19,4,8,-1,0,0,9,0,0,0,1,9,-1,6,2,27,6,1968,2,17,VOLKSWAGEN GOLF,4,E01020307,0,2
2024010529873,2024,010529873,1,9,0,18,19,4,8,0,0,8,0,0,0,0,1,1,6,6,1,25,5,1968,2,3,VOLKSWAGEN GOLF,3,E01035666,0,2
2024010519377,2024,010519377,1,9,0,99,99,9,9,99,99,9,9,99,9,99,3,9,2,2,1,31,6,1395,1,8,VOLKSWAGEN GOLF,8,E01023834,0,3
2024430476618,2024,430476618,2,9,0,18,19,1,5,0,0,0,0,0,0,0,1,1,6,6,2,36,7,1896,2,17,VOLKSWAGEN GOLF,6,E01017911,0,1
2024122400478,2024,122400478,1,9,0,16,19,1,4,0,0,0,0,0,0,0,1,1,6,6,1,19,4,1598,2,10,VOLKSWAGEN GOLF,4,E01027841,0,1
2024610052624,2024,610052624,1,9,0,9,9,5,3,0,0,8,0,0,0,0,1,1,2,2,2,29,6,2000,2,19,VOLKSWAGEN GOLF,3,W01001592,0,1
2024041467595,2024,041467595,1,9,0,-1,5,3,3,-1,0,1,0,0,3,0,1,1,-1,2,2,43,7,1395,1,8,VOLKSWAGEN GOLF,1,E01024858,0,1
2024440372807,2024,440372807,1,9,0,18,19,3,7,0,0,0,0,4,0,0,1,1,6,6,3,-1,-1,1968,2,17,VOLKSWAGEN GOLF,-1,-1,0,-1
2024552401235,2024,552401235,2,9,0,9,9,4,3,0,0,5,0,0,0,0,3,1,6,6,1,72,10,1598,1,17,VOLKSWAGEN GOLF,6,E01020566,0,1
2024010546550,2024,010546550,1,9,0,99,99,9,9,99,99,9,9,99,9,99,0,9,6,6,1,33,6,1395,1,10,VOLKSWAGEN GOLF,8,E01001069,0,2
2024010513080,2024,010513080,2,9,0,99,99,9,9,99,99,9,9,99,9,99,1,9,6,6,3,-1,-1,1390,1,15,VOLKSWAGEN GOLF,-1,-1,0,-1
2024471423900,2024,471423900,1,9,0,-1,4,4,7,-1,0,0,0,1,0,0,1,1,-1,2,1,54,8,1896,2,16,VOLKSWAGEN GOLF,6,E01031826,0,4
2024131468426,2024,131468426,1,9,0,-1,19,6,2,-1,0,0,0,0,0,0,1,1,-1,6,1,31,6,1598,2,13,VOLKSWAGEN GOLF,10,E01010586,0,2
2024201440091,2024,201440091,1,9,0,-1,19,8,4,-1,0,0,0,6,0,0,1,1,-1,6,1,20,4,1390,1,13,VOLKSWAGEN GOLF,2,E01009050,0,1
202460Q070357,2024,60Q070357,4,9,0,2,2,0,0,0,0,0,0,0,0,0,3,1,6,6,2,30,6,1984,1,7,VOLKSWAGEN GOLF,-1,-1,0,-1
2024421494283,2024,421494283,1,9,0,-1,4,1,5,-1,0,0,1,0,1,0,1,1,-1,6,1,29,6,1598,2,14,VOLKSWAGEN GOLF,7,E01034361,0,3
2024041405164,2024,041405164,2,9,0,-1,19,7,3,-1,0,1,0,0,1,0,1,1,-1,9,1,24,5,1598,2,11,VOLKSWAGEN GOLF,5,E01025243,0,1
2024991485858,2024,991485858,3,9,0,-1,10,6,3,-1,0,1,0,0,0,0,1,2,-1,6,1,40,7,1984,1,3,VOLKSWAGEN GOLF,7,-1,0,1
2024131527727,2024,131527727,1,9,0,-1,-1,-1,-1,-1,-1,0,-1,-1,-1,-1,-1,1,-1,6,3,-1,-1,1984,1,2,VOLKSWAGEN GOLF,-1,-1,0,-1
2024421492765,2024,421492765,1,9,0,-1,19,8,5,-1,0,0,0,0,0,0,4,1,-1,6,1,45,7,999,1,1,VOLKSWAGEN GOLF,10,E01021459,0,2
2024201461191,2024,201461191,1,9,0,-1,11,7,3,-1,0,0,0,0,0,0,1,1,-1,1,1,26,6,1395,1,10,VOLKSWAGEN GOLF,1,E01009371,0,2
2024131442915,2024,131442915,1,9,0,-1,19,4,8,-1,0,0,1,0,0,0,3,1,-1,6,2,22,5,1598,2,11,VOLKSWAGEN GOLF,2,E01009414,0,5
2024411404325,2024,411404325,1,9,0,-1,19,4,8,-1,0,4,0,9,0,0,3,1,-1,9,1,44,7,1598,2,11,VOLKSWAGEN GOLF,8,E01033028,0,1
2024231398428,2024,231398428,1,9,0,-1,12,2,6,-1,0,7,0,4,1,0,1,9,-1,2,1,20,4,1598,2,6,VOLKSWAGEN GOLF,3,E01031058,0,2
2024371409001,2024,371409001,2,9,0,-1,19,5,1,-1,0,0,0,0,0,0,1,1,-1,6,2,26,6,1900,2,18,VOLKSWAGEN GOLF,1,E01026620,0,2
2024430451312,2024,430451312,2,9,0,9,9,3,1,0,0,5,0,0,0,0,2,1,6,6,1,74,10,1394,1,6,VOLKSWAGEN GOLF,-1,-1,0,-1
2024522403161,2024,522403161,1,9,0,18,19,3,7,0,0,0,0,0,0,0,1,1,6,6,1,36,7,1968,2,10,VOLKSWAGEN GOLF,4,E01029036,0,4
2024421517542,2024,421517542,2,9,0,-1,9,7,6,-1,0,5,0,0,0,0,4,1,-1,6,1,74,10,1968,2,12,VOLKSWAGEN GOLF,3,E01021295,0,1
2024421544724,2024,421544724,1,9,0,-1,-1,-1,-1,-1,-1,0,-1,-1,-1,0,-1,9,-1,6,3,-1,-1,1968,2,3,VOLKSWAGEN GOLF,-1,-1,0,-1
2024991511226,2024,991511226,1,9,0,-1,6,7,4,-1,0,0,0,0,0,0,1,1,-1,9,1,21,5,1390,1,14,VOLKSWAGEN GOLF,5,-1,0,2
2024610033224,2024,610033224,2,9,0,17,19,5,2,0,0,0,0,0,0,0,3,1,6,6,1,49,8,1598,2,11,VOLKSWAGEN GOLF,6,W01001976,0,1
2024501425862,2024,501425862,2,9,0,-1,19,6,2,-1,0,1,1,0,5,6,1,1,-1,9,2,54,8,1968,2,15,VOLKSWAGEN GOLF,7,E01015103,0,2
2024440049103,2024,440049103,1,9,0,16,19,8,2,0,0,8,0,0,0,0,1,1,6,6,1,31,6,1968,2,16,VOLKSWAGEN GOLF,5,E01023140,0,2
2024141534526,2024,141534526,1,9,0,-1,19,4,8,-1,0,1,0,0,0,0,1,9,-1,6,1,23,5,1968,2,10,VOLKSWAGEN GOLF,1,-1,0,5
2024371529745,2024,371529745,2,9,0,-1,4,6,2,-1,0,1,0,0,0,0,2,1,-1,2,1,53,8,1984,1,11,VOLKSWAGEN GOLF,5,E01030001,0,1
2024101499757,2024,101499757,2,9,0,-1,2,5,1,-1,0,1,0,0,0,0,2,1,-1,9,1,71,10,1498,8,0,VOLKSWAGEN GOLF,8,E01008808,0,1
2024991409897,2024,991409897,2,9,0,-1,19,1,6,-1,0,0,0,0,7,10,1,1,-1,9,2,38,7,1598,2,11,VOLKSWAGEN GOLF,4,-1,0,3
2024501479658,2024,501479658,2,9,0,-1,19,3,7,-1,0,0,0,0,0,0,3,1,-1,9,1,33,6,1968,2,16,VOLKSWAGEN GOLF,7,E01020193,0,2
2024440274705,2024,440274705,3,9,0,18,19,4,8,0,0,1,0,0,0,0,1,1,6,6,2,59,9,1498,1,5,VOLKSWAGEN GOLF,5,E01023011,0,1
2024401521918,2024,401521918,3,9,0,-1,2,0,0,-1,0,2,0,0,0,0,4,1,-1,6,-1,24,5,1896,2,16,VOLKSWAGEN GOLF,6,E01016745,0,4
2024161475896,2024,161475896,2,9,0,-1,19,3,7,-1,0,1,0,0,0,0,4,1,-1,1,1,47,8,1598,2,12,VOLKSWAGEN GOLF,1,E01012855,0,4
2024401445884,2024,401445884,2,9,0,-1,19,7,3,-1,0,2,0,0,0,0,1,1,-1,6,1,18,4,1390,1,15,VOLKSWAGEN GOLF,7,E01023942,0,3
2024421498290,2024,421498290,3,9,0,-1,19,4,8,-1,0,0,0,11,0,0,1,1,-1,2,2,42,7,1598,2,10,VOLKSWAGEN GOLF,10,E01021939,0,3
2024610043724,2024,610043724,2,9,0,18,19,2,6,0,0,0,0,0,0,0,0,1,6,6,2,43,7,1395,1,7,VOLKSWAGEN GOLF,7,W01001582,0,1
2024131402679,2024,131402679,1,9,0,-1,19,3,7,-1,0,0,0,0,0,0,1,1,-1,2,2,24,5,1984,1,1,VOLKSWAGEN GOLF,2,E01011018,0,1
2024501499041,2024,501499041,2,9,0,-1,20,0,0,-1,0,0,0,0,0,0,2,1,-1,1,2,40,7,1498,1,0,VOLKSWAGEN GOLF,-1,-1,0,-1
2024991455835,2024,991455835,2,9,0,-1,19,7,3,-1,0,0,0,0,5,6,4,1,-1,6,1,38,7,1598,2,11,VOLKSWAGEN GOLF,7,-1,0,4
2024131533120,2024,131533120,1,9,0,-1,19,1,5,-1,0,0,1,10,7,10,1,1,-1,9,1,19,4,1598,2,11,VOLKSWAGEN GOLF,6,E01010969,0,2
2024340NN0132,2024,340NN0132,1,9,0,-1,19,6,2,-1,0,2,0,0,0,0,1,1,-1,6,1,83,11,1968,2,17,VOLKSWAGEN GOLF,7,E01031140,0,4
2024421420028,2024,421420028,1,9,0,-1,19,1,5,-1,0,0,1,11,7,0,3,1,-1,9,1,24,5,1390,1,14,VOLKSWAGEN GOLF,10,E01021246,0,1
2024141495802,2024,141495802,2,9,0,-1,3,1,5,-1,0,1,0,0,0,0,1,1,-1,6,1,-1,-1,999,1,5,VOLKSWAGEN GOLF,-1,-1,0,-1
2024461464441,2024,461464441,1,9,0,-1,19,4,3,-1,0,2,0,0,1,0,4,1,-1,9,1,26,6,1984,1,7,VOLKSWAGEN GOLF,9,E01030580,0,3
2024440294762,2024,440294762,1,9,0,4,4,3,7,0,0,1,0,0,0,0,2,1,6,6,1,61,9,1984,1,5,VOLKSWAGEN GOLF,10,E01022790,0,1
2024440386181,2024,440386181,1,9,0,18,19,6,2,0,0,0,0,4,0,0,1,1,6,6,1,49,8,1600,2,15,VOLKSWAGEN GOLF,8,E01032855,0,1
2024320764118,2024,320764118,2,9,0,10,10,2,1,0,0,5,0,0,0,0,3,1,-1,-1,1,51,8,1968,2,9,VOLKSWAGEN GOLF,10,E01026233,0,1
2024430584836,2024,430584836,2,9,0,18,19,4,8,0,0,1,0,0,0,0,1,1,6,6,1,-1,-1,1968,2,15,VOLKSWAGEN GOLF,-1,-1,0,-1
2024231460985,2024,231460985,2,9,0,-1,5,3,7,-1,0,0,0,0,0,0,1,9,-1,6,2,-1,-1,1498,1,3,VOLKSWAGEN GOLF,2,E01032239,0,4
2024010521828,2024,010521828,2,9,9,99,99,9,9,99,99,9,9,99,9,99,9,9,6,6,3,-1,-1,1498,1,5,VOLKSWAGEN GOLF,-1,-1,0,-1
2024131460103,2024,131460103,1,9,0,-1,9,1,5,-1,0,8,0,0,0,0,3,1,-1,2,2,27,6,1598,2,5,VOLKSWAGEN GOLF,2,E01010752,0,1
2024201484135,2024,201484135,2,9,0,-1,2,0,0,-1,0,0,0,0,0,0,4,9,-1,6,1,44,7,1896,2,16,VOLKSWAGEN GOLF,8,E01010134,0,2
2024010500261,2024,010500261,1,9,0,18,19,3,7,3,2,8,0,0,0,0,1,1,6,6,3,-1,-1,1390,1,12,VOLKSWAGEN GOLF,-1,-1,0,-1
2024451507235,2024,451507235,2,9,0,-1,19,8,4,-1,0,8,0,0,0,0,1,1,-1,9,1,21,5,1390,1,16,VOLKSWAGEN GOLF,3,E01003829,0,4
2024131520282,2024,131520282,2,9,0,-1,2,0,0,-1,0,2,0,0,0,0,1,1,-1,6,-1,-1,-1,1498,1,6,VOLKSWAGEN GOLF,-1,-1,0,-1
2024522401234,2024,522401234,2,9,0,18,19,6,2,0,0,8,0,0,0,0,1,1,6,6,1,30,6,1390,1,15,VOLKSWAGEN GOLF,8,E01014894,0,2
2024010500836,2024,010500836,1,8,0,10,10,8,5,0,0,1,0,0,0,0,4,1,6,6,2,34,6,1395,1,10,VOLKSWAGEN GOLF,8,E01003202,0,1
2024311489717,2024,311489717,2,9,0,-1,19,5,1,-1,0,1,0,0,0,0,3,1,-1,2,2,24,5,1395,1,10,VOLKSWAGEN GOLF,6,E01028312,0,3
2024340WN1902,2024,340WN1902,2,9,0,-1,19,3,7,-1,0,8,1,0,7,1,4,1,-1,9,2,53,8,1598,2,10,VOLKSWAGEN GOLF,7,E01031198,0,2
2024440324569,2024,440324569,2,9,0,18,19,7,3,0,0,1,0,0,0,0,1,1,6,6,2,53,8,1598,2,10,VOLKSWAGEN GOLF,10,E01022696,0,2
2024351501920,2024,351501920,2,9,0,-1,2,0,0,-1,0,1,0,0,0,0,3,1,-1,6,-1,-1,-1,1395,1,7,VOLKSWAGEN GOLF,-1,-1,0,-1
2024440419595,2024,440419595,1,9,0,18,19,7,3,0,0,0,0,0,4,4,1,1,2,2,1,43,7,1896,2,17,VOLKSWAGEN GOLF,6,E01032697,0,4
2024031448215,2024,031448215,1,9,0,-1,9,5,7,-1,0,1,0,0,1,0,1,1,-1,6,1,56,9,1598,2,12,VOLKSWAGEN GOLF,4,E01019232,0,1
2024430068702,2024,430068702,2,9,0,17,19,8,5,0,0,0,0,0,0,0,1,1,2,2,1,36,7,1600,2,14,VOLKSWAGEN GOLF,8,E01028807,0,3
2024141475855,2024,141475855,2,9,0,-1,19,1,5,-1,0,1,0,0,0,0,1,1,-1,6,2,22,5,1600,2,15,VOLKSWAGEN GOLF,2,E01007906,0,1
2024010518948,2024,010518948,3,9,0,2,2,0,0,9,9,8,0,0,0,0,1,1,6,6,3,-1,-1,1395,1,7,VOLKSWAGEN GOLF,-1,-1,0,-1
2024501400311,2024,501400311,1,9,0,-1,14,2,6,-1,0,0,0,0,0,0,1,1,-1,7,1,79,11,1498,1,1,VOLKSWAGEN GOLF,5,E01034168,0,1
2024010522961,2024,010522961,2,9,0,9,9,3,1,0,0,3,0,0,0,0,3,1,2,2,2,41,7,1598,1,18,VOLKSWAGEN GOLF,10,E01016245,0,4
2024501471931,2024,501471931,1,9,0,-1,19,5,1,-1,0,0,1,0,7,7,1,1,-1,2,1,29,6,1968,2,18,VOLKSWAGEN GOLF,7,E01019920,0,2
2024101516799,2024,101516799,2,9,-1,-1,9,7,4,-1,0,8,0,0,0,0,4,9,-1,6,1,41,7,1968,2,10,VOLKSWAGEN GOLF,1,E01008829,0,1
2024471465580,2024,471465580,2,9,0,-1,19,5,1,-1,0,1,0,0,0,0,0,1,-1,6,-1,-1,-1,1984,1,8,VOLKSWAGEN GOLF,-1,-1,0,-1
2024311527429,2024,311527429,1,9,0,-1,19,1,5,-1,0,0,0,0,0,0,1,1,-1,6,1,24,5,1984,1,10,VOLKSWAGEN GOLF,1,E01013811,0,1
2024010535905,2024,010535905,2,9,0,3,3,6,2,0,0,1,0,0,0,0,2,1,2,2,1,64,9,1598,2,8,VOLKSWAGEN GOLF,4,E01001391,0,1
2024430508863,2024,430508863,2,9,0,18,19,4,8,0,0,0,0,0,4,6,2,1,2,2,1,34,6,1400,1,14,VOLKSWAGEN GOLF,1,E01007320,0,5
2024320707364,2024,320707364,1,9,0,-1,-1,6,2,0,0,0,0,0,0,0,1,1,6,6,1,25,5,1968,2,8,VOLKSWAGEN GOLF,7,E01034683,0,3
2024501461678,2024,501461678,1,9,0,-1,19,7,3,-1,0,0,0,0,0,0,4,1,-1,6,1,79,11,1498,1,4,VOLKSWAGEN GOLF,9,E01028649,0,5
2024101402083,2024,101402083,1,9,0,-1,19,6,2,-1,0,0,0,0,0,0,4,1,-1,2,1,47,8,1498,1,4,VOLKSWAGEN GOLF,5,E01008196,0,1
202460Q158554,2024,60Q158554,1,9,0,18,19,6,2,0,0,1,1,0,1,10,1,1,6,6,1,45,7,1896,2,16,VOLKSWAGEN GOLF,-1,-1,0,-1
2024061401250,2024,061401250,1,9,0,-1,19,2,6,-1,0,1,0,0,0,0,1,9,-1,6,3,-1,-1,1984,1,7,VOLKSWAGEN GOLF,-1,-1,0,-1
2024131453127,2024,131453127,1,9,0,-1,19,1,5,-1,0,1,0,0,0,0,2,1,-1,9,2,34,6,1600,2,15,VOLKSWAGEN GOLF,3,E01011258,0,1
2024531456324,2024,531456324,1,9,0,-1,19,5,1,-1,0,0,0,0,1,11,1,1,-1,9,2,68,10,1598,2,11,VOLKSWAGEN GOLF,10,E01022389,0,1
2024201450123,2024,201450123,1,9,0,-1,19,5,1,-1,0,6,0,0,0,0,0,1,-1,6,1,30,6,1390,1,13,VOLKSWAGEN GOLF,-1,-1,0,-1
2024141453419,2024,141453419,1,9,0,-1,19,6,1,-1,9,2,1,0,8,11,3,1,-1,6,-1,-1,-1,1984,1,8,VOLKSWAGEN GOLF,-1,-1,0,-1
2024141456859,2024,141456859,1,9,0,-1,19,3,7,-1,0,8,0,0,0,0,1,9,-1,6,1,21,5,1984,1,7,VOLKSWAGEN GOLF,1,E01007902,0,1
2024332400439,2024,332400439,1,9,0,-1,19,1,5,-1,0,0,0,0,0,0,2,1,-1,6,1,34,6,1598,2,14,VOLKSWAGEN GOLF,8,E01031815,0,5
2024010513547,2024,010513547,1,9,0,99,99,9,9,99,99,9,9,99,9,99,2,9,2,2,1,41,7,1395,1,10,VOLKSWAGEN GOLF,3,E01000800,0,2
2024332401033,2024,332401033,1,9,0,-1,19,5,1,-1,0,2,0,0,0,0,3,1,-1,6,2,22,5,1498,1,6,VOLKSWAGEN GOLF,6,E01025752,0,2
2024320582432,2024,320582432,1,9,0,-1,-1,4,8,0,0,0,0,0,1,0,1,1,-1,-1,1,20,4,1968,2,15,VOLKSWAGEN GOLF,4,E01026016,0,1
2024131472229,2024,131472229,1,9,0,-1,15,8,4,-1,0,0,2,0,0,0,4,1,-1,6,1,22,5,1390,1,14,VOLKSWAGEN GOLF,1,E01010702,0,1
2024302400623,2024,302400623,2,9,0,18,19,5,1,0,0,0,0,0,0,0,3,1,6,6,2,56,9,1968,2,14,VOLKSWAGEN GOLF,6,E01011521,0,4
2024010516125,2024,010516125,1,9,0,18,19,5,1,0,0,2,0,4,0,0,1,1,6,6,1,28,6,1968,2,9,VOLKSWAGEN GOLF,5,E01002352,0,1