collision_index,collision_year,collision_ref_no,vehicle_reference,vehicle_type,towing_and_articulation,vehicle_manoeuvre_historic,vehicle_manoeuvre,vehicle_direction_from,vehicle_direction_to,vehicle_location_restricted_lane_historic,vehicle_location_restricted_lane,junction_location,skidding_and_overturning,hit_object_in_carriageway,vehicle_leaving_carriageway,hit_object_off_carriageway,first_point_of_impact,vehicle_left_hand_drive,journey_purpose_of_driver_historic,journey_purpose_of_driver,sex_of_driver,age_of_driver,age_band_of_driver,engine_capacity_cc,propulsion_code,age_of_vehicle,generic_make_model,driver_imd_decile,lsoa_of_driver,escooter_flag,driver_distance_banding
2024201562640,2024,201562640,1,9,0,-1,15,1,5,-1,0,1,0,0,0,0,1,9,-1,6,1,24,5,1984,1,10,VOLKSWAGEN GOLF,-1,-1,0,-1
2024141494313,2024,141494313,2,9,0,-1,19,2,6,-1,0,1,0,0,0,0,1,1,-1,9,1,28,6,1984,1,6,VOLKSWAGEN GOLF,1,E01034842,0,1
2024041482811,2024,041482811,4,9,0,-1,2,7,3,-1,0,2,0,0,0,0,4,1,-1,6,-1,-1,-1,1598,2,14,VOLKSWAGEN GOLF,-1,-1,0,-1
2024041446486,2024,041446486,2,9,0,-1,3,1,5,-1,0,1,0,0,0,0,2,1,-1,2,1,31,6,1598,2,11,VOLKSWAGEN GOLF,2,E01025245,0,2
2024461512059,2024,461512059,1,9,0,-1,19,3,7,-1,0,6,0,0,0,0,1,1,-1,9,2,40,7,1598,2,5,VOLKSWAGEN GOLF,5,E01024654,0,1
2024010515513,2024,010515513,1,9,0,99,99,9,9,99,99,9,9,99,9,99,9,9,6,6,2,39,7,1395,1,6,VOLKSWAGEN GOLF,2,E01001957,0,1
2024401448957,2024,401448957,2,9,-1,-1,-1,-1,-1,-1,-1,0,-1,-1,-1,0,2,9,-1,9,2,48,8,1968,2,7,VOLKSWAGEN GOLF,8,E01005770,0,5
2024211451784,2024,211451784,2,9,0,-1,5,1,5,-1,0,0,0,0,0,0,4,1,-1,6,1,26,6,1498,8,0,VOLKSWAGEN GOLF,-1,-1,0,-1
2024440219592,2024,440219592,1,9,0,18,19,2,6,0,0,0,0,0,0,0,1,1,6,6,1,45,7,1598,2,5,VOLKSWAGEN GOLF,9,E01022763,0,2
2024501512732,2024,501512732,1,9,0,-1,19,7,3,-1,0,1,0,0,0,0,1,1,-1,2,1,20,4,1896,2,20,VOLKSWAGEN GOLF,7,E01020263,0,2
2024332400591,2024,332400591,1,9,0,-1,19,5,1,-1,0,0,0,0,0,0,1,1,-1,6,1,49,8,1896,2,15,VOLKSWAGEN GOLF,1,E01033269,0,4
2024471422557,2024,471422557,1,9,0,-1,19,3,7,-1,0,0,0,7,0,0,2,9,-1,9,1,22,5,1896,2,22,VOLKSWAGEN GOLF,7,E01021170,0,3
2024311403280,2024,311403280,2,9,0,-1,4,7,3,-1,0,4,0,0,0,0,2,1,-1,1,2,28,6,1968,2,8,VOLKSWAGEN GOLF,9,E01028054,0,1
2024131411126,2024,131411126,2,9,0,-1,19,5,1,-1,0,1,0,0,0,0,3,1,-1,9,1,39,7,1896,2,16,VOLKSWAGEN GOLF,2,E01011681,0,1
2024041450426,2024,041450426,1,9,0,-1,19,5,1,-1,0,0,0,0,0,0,1,1,-1,9,1,22,5,1598,2,12,VOLKSWAGEN GOLF,8,E01019616,0,5
2024351540927,2024,351540927,2,9,0,-1,19,7,3,-1,0,8,0,0,0,0,1,1,-1,2,2,30,6,1598,2,9,VOLKSWAGEN GOLF,10,E01018155,0,2
2024471473983,2024,471473983,1,9,0,-1,9,3,7,-1,0,4,0,0,0,0,1,1,-1,9,2,75,10,1395,1,10,VOLKSWAGEN GOLF,10,E01031824,0,4
2024211482441,2024,211482441,2,9,0,-1,19,3,7,-1,0,1,5,0,0,0,1,1,-1,9,1,57,9,1498,1,0,VOLKSWAGEN GOLF,-1,-1,0,-1
2024440153643,2024,440153643,1,9,0,5,5,3,7,0,0,4,0,0,0,0,1,1,6,6,1,48,8,1598,2,10,VOLKSWAGEN GOLF,-1,-1,0,-1
2024041428479,2024,041428479,1,9,0,-1,9,7,7,-1,0,1,0,0,0,0,1,1,-1,9,1,63,9,1395,1,7,VOLKSWAGEN GOLF,9,E01025240,0,2
2024610025724,2024,610025724,2,9,0,11,11,3,7,0,0,0,0,0,0,0,4,1,1,1,1,49,8,1390,1,13,VOLKSWAGEN GOLF,8,W01001755,0,4
2024440091582,2024,440091582,1,9,0,18,19,6,2,0,0,0,0,0,0,0,1,1,6,6,2,33,6,1498,8,4,VOLKSWAGEN GOLF,9,E01022751,0,1
2024991438735,2024,991438735,2,9,0,-1,19,3,7,-1,0,0,0,0,0,0,3,1,-1,9,2,58,9,1598,2,7,VOLKSWAGEN GOLF,8,-1,0,3
2024201491858,2024,201491858,1,9,0,-1,11,3,7,-1,0,0,0,0,0,0,4,1,-1,2,1,30,6,1395,1,7,VOLKSWAGEN GOLF,6,E01013529,0,4
2024070134854,2024,070134854,2,9,0,18,19,3,7,0,0,4,0,0,0,0,1,1,6,6,2,18,4,1598,2,10,VOLKSWAGEN GOLF,8,E01012386,0,1
2024010529666,2024,010529666,1,9,0,9,9,7,5,0,0,2,0,0,0,0,4,1,6,6,1,22,5,999,1,7,VOLKSWAGEN GOLF,9,E01000899,0,1
2024041482811,2024,041482811,1,9,0,-1,19,5,1,-1,0,1,0,0,0,0,1,1,-1,6,1,-1,-1,1598,2,14,VOLKSWAGEN GOLF,-1,-1,0,-1
2024131459299,2024,131459299,2,9,0,-1,14,1,5,-1,0,8,0,0,0,0,1,1,-1,6,3,20,4,1968,2,15,VOLKSWAGEN GOLF,-1,-1,0,-1
2024031452380,2024,031452380,3,9,0,-1,19,3,7,-1,0,1,0,0,0,0,1,1,-1,6,1,22,5,1600,2,15,VOLKSWAGEN GOLF,10,E01019251,0,1
2024122400265,2024,122400265,2,9,0,18,19,5,1,0,0,0,0,0,7,9,0,1,2,2,2,29,6,1968,2,10,VOLKSWAGEN GOLF,7,E01027781,0,2
2024041430649,2024,041430649,2,9,0,-1,19,3,7,-1,0,0,0,0,0,0,1,1,-1,9,1,26,6,1968,2,11,VOLKSWAGEN GOLF,4,E01010664,0,4
2024071051401,2024,071051401,1,9,0,-1,19,3,7,-1,0,0,2,0,0,3,1,1,-1,9,2,20,4,1390,1,14,VOLKSWAGEN GOLF,1,E01005187,0,3
2024311472212,2024,311472212,2,9,0,-1,10,1,3,-1,0,1,0,0,0,0,1,1,-1,9,1,25,5,1968,2,7,VOLKSWAGEN GOLF,3,E01013944,0,2
2024010519865,2024,010519865,1,9,5,4,4,1,5,0,0,1,0,0,0,0,2,2,6,6,1,65,9,1600,1,19,VOLKSWAGEN GOLF,1,E01001790,0,1
2024471405700,2024,471405700,2,9,0,-1,19,5,1,-1,0,8,0,0,0,0,1,1,-1,9,2,60,9,999,1,7,VOLKSWAGEN GOLF,10,E01031672,0,1
2024201501600,2024,201501600,2,9,0,-1,2,0,0,-1,0,0,0,4,0,0,2,1,-1,6,-1,-1,-1,1896,2,16,VOLKSWAGEN GOLF,-1,-1,0,-1
2024501420749,2024,501420749,1,9,0,-1,19,5,1,-1,0,0,5,0,1,10,4,1,-1,9,1,18,4,1968,2,16,VOLKSWAGEN GOLF,8,E01034638,0,3
2024201448114,2024,201448114,4,9,0,-1,19,5,1,-1,0,0,0,0,0,0,2,1,-1,6,-1,-1,-1,1968,2,8,VOLKSWAGEN GOLF,-1,-1,0,-1
2024311472511,2024,311472511,3,9,0,-1,2,1,5,-1,0,6,0,0,0,0,1,1,-1,6,1,29,6,1984,1,5,VOLKSWAGEN GOLF,9,E01028181,0,1
2024161415046,2024,161415046,1,9,0,-1,19,6,8,-1,0,1,0,0,0,0,1,1,-1,6,2,64,9,1598,2,9,VOLKSWAGEN GOLF,8,E01013265,0,1
2024161406988,2024,161406988,2,9,0,-1,9,1,7,-1,0,4,0,0,0,0,4,1,-1,6,1,17,4,-1,3,6,VOLKSWAGEN GOLF,6,E01013105,0,1
2024401416701,2024,401416701,1,9,0,-1,19,1,6,-1,0,0,1,0,0,0,1,1,-1,6,3,-1,-1,1968,2,16,VOLKSWAGEN GOLF,-1,-1,0,-1
2024041408281,2024,041408281,1,9,0,-1,19,5,1,-1,0,0,5,10,0,0,1,1,-1,6,1,33,6,1395,1,10,VOLKSWAGEN GOLF,2,E01024941,0,3
2024131506297,2024,131506297,1,9,0,-1,19,5,1,-1,0,1,0,0,0,0,3,1,-1,9,1,28,6,1598,2,13,VOLKSWAGEN GOLF,1,E01010831,0,1
2024332400255,2024,332400255,1,9,0,-1,1,5,1,-1,0,6,0,0,1,0,2,1,-1,1,1,-1,-1,1598,2,12,VOLKSWAGEN GOLF,-1,-1,0,-1
2024041420496,2024,041420496,3,9,0,-1,9,3,1,-1,0,8,0,0,0,0,0,1,-1,2,2,31,6,1598,2,7,VOLKSWAGEN GOLF,3,E01005621,0,4
2024010503376,2024,010503376,2,9,0,99,99,9,9,99,99,9,9,99,9,99,9,9,6,6,3,-1,-1,1498,8,4,VOLKSWAGEN GOLF,-1,-1,0,-1
2024061462685,2024,061462685,2,9,0,-1,19,7,3,-1,0,0,0,0,7,0,1,1,-1,9,2,73,10,1395,1,8,VOLKSWAGEN GOLF,8,E01006204,0,1
2024320712021,2024,320712021,1,9,0,-1,-1,7,3,0,0,0,0,0,0,0,1,1,6,6,1,29,6,1598,2,5,VOLKSWAGEN GOLF,5,E01026241,0,3
2024340WN7122,2024,340WN7122,2,9,0,-1,19,5,1,-1,0,0,0,0,0,0,0,1,-1,9,1,23,5,1598,2,13,VOLKSWAGEN GOLF,3,E01016725,0,4
2024201513983,2024,201513983,2,9,0,-1,19,8,5,-1,0,8,0,0,0,0,4,1,-1,6,1,26,6,1896,2,16,VOLKSWAGEN GOLF,5,E01009798,0,2
2024141467044,2024,141467044,1,9,0,-1,19,1,5,-1,0,8,0,0,0,0,1,9,-1,6,2,24,5,1968,2,8,VOLKSWAGEN GOLF,2,E01007871,0,3
2024231418040,2024,231418040,2,9,0,-1,19,8,4,-1,0,8,0,0,0,0,1,1,-1,6,1,41,7,1395,8,6,VOLKSWAGEN GOLF,6,E01031244,0,1
2024340WN1872,2024,340WN1872,1,9,0,-1,19,5,1,-1,0,0,0,0,8,0,1,1,-1,6,1,-1,-1,1598,1,17,VOLKSWAGEN GOLF,-1,-1,0,-1
2024010516395,2024,010516395,2,9,0,99,99,9,9,99,99,9,9,99,9,99,2,9,6,6,1,29,6,1498,1,5,VOLKSWAGEN GOLF,3,E01001368,0,2
2024061492576,2024,061492576,1,9,0,-1,19,6,2,-1,0,8,0,0,0,0,1,1,-1,9,2,27,6,1598,2,14,VOLKSWAGEN GOLF,-1,-1,0,-1
2024221464195,2024,221464195,2,9,0,-1,19,8,4,-1,0,0,1,0,7,10,3,1,-1,6,2,23,5,1598,2,9,VOLKSWAGEN GOLF,5,E01014099,0,3
2024131507221,2024,131507221,2,9,0,-1,19,7,3,-1,0,0,0,0,0,0,1,1,-1,9,1,24,5,1968,2,7,VOLKSWAGEN GOLF,3,E01011245,0,2
2024332401013,2024,332401013,1,9,0,-1,19,3,7,-1,0,0,0,0,7,10,1,1,-1,9,2,37,7,1984,1,9,VOLKSWAGEN GOLF,3,E01025905,0,3
2024010516342,2024,010516342,2,9,0,4,4,5,1,0,0,0,0,0,0,0,0,1,2,2,1,20,4,1498,8,2,VOLKSWAGEN GOLF,8,E01024440,0,2
2024010542382,2024,010542382,1,9,0,18,19,1,5,0,0,0,5,10,0,0,1,1,6,6,2,32,6,1968,2,4,VOLKSWAGEN GOLF,6,E01003273,0,1
2024991532749,2024,991532749,1,9,0,-1,19,4,8,-1,0,0,0,0,0,0,1,1,-1,9,1,21,5,999,1,1,VOLKSWAGEN GOLF,-1,-1,0,-1
2024461398764,2024,461398764,1,9,0,-1,19,7,3,-1,0,0,0,0,1,1,3,9,-1,6,2,77,11,1390,1,20,VOLKSWAGEN GOLF,4,E01024167,0,1
2024010541005,2024,010541005,1,9,0,16,19,3,7,9,9,0,0,0,1,11,1,1,2,2,1,23,5,1598,2,8,VOLKSWAGEN GOLF,2,E01002067,0,2
2024031439268,2024,031439268,1,9,0,-1,19,5,1,-1,0,0,1,0,0,0,1,9,-1,9,1,19,4,1896,2,16,VOLKSWAGEN GOLF,1,E01019164,0,1
2024371537177,2024,371537177,1,9,0,-1,1,1,5,-1,0,1,0,0,0,0,2,1,-1,6,1,-1,-1,1896,2,17,VOLKSWAGEN GOLF,-1,-1,0,-1
2024010537829,2024,010537829,1,9,0,18,19,5,1,0,0,1,0,0,0,0,1,1,6,6,1,24,5,1984,1,5,VOLKSWAGEN GOLF,3,E01034215,0,1
2024201523820,2024,201523820,2,9,0,-1,19,1,5,-1,0,8,0,0,0,0,1,1,-1,6,1,23,5,1498,1,3,VOLKSWAGEN GOLF,4,E01009243,0,2
202417S214024,2024,17S214024,1,9,0,-1,19,6,2,-1,0,0,0,0,0,0,1,1,-1,9,1,19,4,1968,2,15,VOLKSWAGEN GOLF,8,E01012243,0,1
2024440468338,2024,440468338,1,9,0,18,19,1,5,0,0,8,0,0,0,0,4,1,6,6,2,59,9,1968,2,12,VOLKSWAGEN GOLF,7,E01023219,0,3
2024010521609,2024,010521609,1,9,0,18,19,3,7,0,0,1,1,11,7,11,1,1,6,6,1,21,5,1984,1,0,VOLKSWAGEN GOLF,7,E01024318,0,3
2024201503196,2024,201503196,1,9,0,-1,19,5,1,-1,0,0,1,10,1,11,1,1,-1,6,1,23,5,1984,1,1,VOLKSWAGEN GOLF,-1,-1,0,-1
2024231493840,2024,231493840,1,9,0,-1,19,4,8,-1,0,0,0,0,0,0,1,1,-1,9,1,29,6,1968,2,13,VOLKSWAGEN GOLF,9,E01031148,0,1
2024010497956,2024,010497956,2,9,0,9,9,1,8,0,0,1,0,0,0,0,4,1,2,2,1,43,7,999,1,2,VOLKSWAGEN GOLF,10,E01021458,0,3
2024141547344,2024,141547344,1,9,0,-1,9,8,7,-1,0,8,0,0,0,0,4,9,-1,6,1,22,5,1598,2,7,VOLKSWAGEN GOLF,2,E01008107,0,1
202454F239024,2024,54F239024,2,9,0,3,3,1,4,0,0,1,0,0,0,0,2,1,6,6,1,30,6,1598,2,5,VOLKSWAGEN GOLF,2,E01032062,0,2
2024131444825,2024,131444825,2,9,0,-1,19,1,1,-1,0,0,0,0,0,0,1,1,-1,9,2,54,8,1598,2,5,VOLKSWAGEN GOLF,5,E01035044,0,1
2024552400962,2024,552400962,1,9,0,9,9,2,7,0,0,5,0,0,0,0,1,1,2,2,2,36,7,2000,2,18,VOLKSWAGEN GOLF,6,E01015286,0,1
2024440328241,2024,440328241,1,9,0,18,19,5,1,0,0,0,0,0,0,0,4,1,2,2,1,31,6,1968,2,17,VOLKSWAGEN GOLF,5,E01022640,0,1
2024332400743,2024,332400743,1,9,0,-1,19,1,6,-1,0,0,1,11,7,4,1,1,-1,9,1,25,5,1498,1,2,VOLKSWAGEN GOLF,1,E01013676,0,4
2024131404674,2024,131404674,1,9,0,-1,4,6,2,-1,0,0,0,0,0,0,2,1,-1,1,1,22,5,1968,2,4,VOLKSWAGEN GOLF,1,E01011144,0,1
2024451447971,2024,451447971,1,9,0,-1,19,2,6,-1,0,0,0,0,0,0,1,1,-1,9,1,70,10,1498,1,4,VOLKSWAGEN GOLF,10,E01030394,0,1
2024010498752,2024,010498752,1,9,0,6,6,3,3,0,0,0,0,0,0,0,4,1,1,1,1,38,7,1595,1,15,VOLKSWAGEN GOLF,6,E01001881,0,1
2024131534640,2024,131534640,2,9,0,-1,19,3,7,-1,0,8,0,0,0,0,1,1,-1,9,1,32,6,1390,1,15,VOLKSWAGEN GOLF,1,E01010606,0,1
2024421497927,2024,421497927,1,9,0,-1,5,1,5,-1,0,0,0,4,0,0,1,1,-1,6,1,33,6,999,1,7,VOLKSWAGEN GOLF,5,E01021790,0,1
2024471408468,2024,471408468,2,9,0,-1,19,7,3,-1,0,0,0,0,0,0,1,1,-1,9,1,68,10,1395,1,9,VOLKSWAGEN GOLF,9,E01031670,0,1
2024070659264,2024,070659264,1,9,0,18,19,1,5,0,0,0,0,0,0,0,1,2,6,6,2,26,6,1896,2,20,VOLKSWAGEN GOLF,10,E01018413,0,1
2024010500817,2024,010500817,1,9,0,7,7,1,2,0,0,2,0,0,1,5,1,1,6,6,2,78,11,-1,3,5,VOLKSWAGEN GOLF,8,E01001523,0,1
2024991417383,2024,991417383,2,9,0,-1,19,3,7,-1,0,8,0,0,0,0,1,1,-1,6,2,39,7,1498,1,2,VOLKSWAGEN GOLF,-1,-1,0,-1
2024101531528,2024,101531528,3,9,0,-1,19,1,5,-1,0,0,0,0,0,0,2,1,-1,1,2,25,5,1598,2,12,VOLKSWAGEN GOLF,10,E01027357,0,2
2024010534081,2024,010534081,1,9,0,99,99,9,9,99,99,9,9,99,9,99,9,9,6,6,1,24,5,1390,1,17,VOLKSWAGEN GOLF,2,E01000533,0,1
2024421512457,2024,421512457,1,9,0,-1,19,1,5,-1,0,1,0,0,0,0,1,1,-1,6,3,-1,-1,1390,1,17,VOLKSWAGEN GOLF,-1,-1,0,-1
2024010535459,2024,010535459,1,9,0,7,7,2,5,0,0,8,1,0,0,0,4,1,6,6,1,30,6,1197,1,10,VOLKSWAGEN GOLF,4,E01002402,0,1
2024471488443,2024,471488443,2,9,9,-1,19,5,1,-1,0,1,0,0,0,0,1,1,-1,6,1,22,5,1395,1,7,VOLKSWAGEN GOLF,4,E01031785,0,1
2024302400862,2024,302400862,1,9,0,17,19,4,8,0,0,4,0,0,0,0,3,1,6,6,1,53,8,1900,2,18,VOLKSWAGEN GOLF,6,E01019651,0,3
2024371469642,2024,371469642,2,9,0,-1,19,1,7,-1,0,0,0,0,0,0,4,1,-1,9,1,28,6,1598,1,18,VOLKSWAGEN GOLF,4,E01030215,0,3
2024332401017,2024,332401017,1,9,0,-1,19,5,1,-1,0,0,1,0,1,4,1,1,-1,9,1,22,5,2000,2,19,VOLKSWAGEN GOLF,1,E01025725,0,3
2024010506611,2024,010506611,2,9,0,9,9,1,6,0,0,8,0,0,0,0,0,1,1,1,2,26,6,1598,2,5,VOLKSWAGEN GOLF,3,E01004720,0,1
2024010532465,2024,010532465,1,9,0,99,99,9,9,99,99,0,9,99,9,99,2,9,6,6,2,25,5,1395,1,9,VOLKSWAGEN GOLF,4,E01003716,0,1
2024411407512,2024,411407512,2,9,0,-1,19,5,1,-1,0,0,0,0,0,0,1,1,-1,9,1,60,9,1598,2,5,VOLKSWAGEN GOLF,6,E01021985,0,5
2024451506661,2024,451506661,1,9,0,-1,8,2,6,-1,0,2,0,0,0,0,2,1,-1,2,2,43,7,1968,2,7,VOLKSWAGEN GOLF,10,E01030581,0,2
2024552401091,2024,552401091,1,9,0,18,19,1,5,0,0,6,0,0,0,0,3,1,6,6,1,18,4,1498,1,6,VOLKSWAGEN GOLF,7,E01015493,0,4
2024340WN5602,2024,340WN5602,1,9,0,-1,19,4,8,-1,0,2,0,0,0,0,4,1,-1,6,1,27,6,1900,2,18,VOLKSWAGEN GOLF,1,E01027239,0,1
2024061481936,2024,061481936,2,9,-1,-1,-1,-1,-1,-1,-1,0,-1,-1,-1,0,-1,9,-1,6,2,-1,-1,1968,2,4,VOLKSWAGEN GOLF,-1,-1,0,-1
2024221438177,2024,221438177,2,9,0,-1,19,8,2,-1,0,7,0,0,1,0,4,9,-1,6,2,42,7,1598,2,11,VOLKSWAGEN GOLF,4,E01010489,0,4
2024311443713,2024,311443713,1,9,0,-1,19,3,7,-1,0,1,0,0,0,0,1,1,-1,6,2,23,5,1598,2,14,VOLKSWAGEN GOLF,7,E01028080,0,1
202454A883824,2024,54A883824,1,9,0,13,13,2,6,0,0,0,0,0,0,0,1,1,6,6,1,59,9,2000,2,18,VOLKSWAGEN GOLF,6,E01031866,0,2
2024131480537,2024,131480537,2,9,0,-1,10,0,7,-1,0,1,0,0,0,0,0,1,-1,6,2,37,7,1968,2,3,VOLKSWAGEN GOLF,2,E01010942,0,1
2024631416304,2024,631416304,1,9,0,-1,19,5,1,-1,0,0,5,0,1,10,4,1,-1,9,1,29,6,1498,1,3,VOLKSWAGEN GOLF,1,W01000511,0,1
2024471540463,2024,471540463,2,9,0,-1,9,3,1,-1,0,2,0,0,0,0,4,1,-1,9,1,35,6,1498,1,1,VOLKSWAGEN GOLF,8,E01021209,0,4
2024340NN1702,2024,340NN1702,1,9,0,-1,19,5,1,-1,0,0,0,0,1,0,1,1,-1,2,1,68,10,1900,2,19,VOLKSWAGEN GOLF,4,E01026952,0,1
2024131482068,2024,131482068,3,9,0,-1,2,0,0,-1,0,8,0,4,0,0,2,1,-1,6,-1,-1,-1,1598,2,14,VOLKSWAGEN GOLF,-1,-1,0,-1
2024201512615,2024,201512615,1,9,0,-1,19,4,8,-1,0,0,0,10,7,2,1,9,-1,6,2,78,11,999,1,6,VOLKSWAGEN GOLF,3,E01010444,0,1
2024501527820,2024,501527820,2,9,0,-1,19,3,7,-1,0,0,0,0,0,0,1,1,-1,6,2,34,6,1968,2,18,VOLKSWAGEN GOLF,4,E01018872,0,1
2024401455611,2024,401455611,2,9,0,-1,4,1,5,-1,0,0,0,0,0,0,2,1,-1,6,1,24,5,1968,2,12,VOLKSWAGEN GOLF,2,E01015601,0,4
2024201501427,2024,201501427,1,9,0,-1,19,7,3,-1,0,1,0,0,0,0,1,1,-1,6,3,50,8,1395,8,6,VOLKSWAGEN GOLF,-1,-1,0,-1
2024340WN6062,2024,340WN6062,2,9,0,-1,8,5,7,-1,0,1,0,0,0,0,2,1,-1,1,1,27,6,1498,8,0,VOLKSWAGEN GOLF,9,E01035085,0,4
2024332400799,2024,332400799,2,9,0,-1,10,1,7,-1,0,8,0,0,0,0,2,1,-1,9,1,71,10,1395,1,7,VOLKSWAGEN GOLF,10,E01034004,0,3
2024471432405,2024,471432405,1,9,0,-1,19,3,7,-1,0,0,0,0,0,0,1,1,-1,9,1,35,6,1598,2,14,VOLKSWAGEN GOLF,7,E01031493,0,1
2024311460587,2024,311460587,1,9,0,-1,19,5,1,-1,0,0,0,0,1,0,1,1,-1,6,2,73,10,1395,1,8,VOLKSWAGEN GOLF,-1,-1,0,-1
2024061449645,2024,061449645,1,9,0,-1,19,1,5,-1,0,2,0,4,1,0,1,1,-1,9,1,19,4,1598,2,9,VOLKSWAGEN GOLF,3,E01005026,0,1
2024221518740,2024,221518740,1,9,0,-1,19,8,4,-1,0,0,0,0,0,0,1,9,-1,6,1,23,5,1598,2,11,VOLKSWAGEN GOLF,5,E01029013,0,2
2024061400431,2024,061400431,1,9,0,-1,19,2,6,-1,0,5,0,0,0,0,1,1,-1,9,1,80,11,1598,1,18,VOLKSWAGEN GOLF,7,E01002298,0,5
2024320629253,2024,320629253,1,9,0,-1,-1,4,8,0,0,8,0,0,0,0,1,1,6,6,2,41,7,1968,2,12,VOLKSWAGEN GOLF,8,E01026368,0,4
2024411457932,2024,411457932,2,9,0,-1,3,5,1,-1,0,4,0,0,0,0,2,1,-1,6,2,40,7,1968,2,2,VOLKSWAGEN GOLF,6,E01023305,0,1
2024131525759,2024,131525759,1,9,0,-1,5,3,7,-1,0,6,0,0,0,0,1,1,-1,9,2,27,6,1395,8,8,VOLKSWAGEN GOLF,1,E01010631,0,1
2024131486171,2024,131486171,1,9,0,-1,9,3,1,-1,0,6,0,0,0,0,1,1,-1,9,1,20,4,1598,2,13,VOLKSWAGEN GOLF,1,E01033691,0,1
2024332400374,2024,332400374,2,9,0,-1,19,6,2,-1,0,4,0,0,0,0,1,1,-1,9,2,64,9,1598,2,9,VOLKSWAGEN GOLF,4,E01013734,0,1
2024221394147,2024,221394147,1,9,0,-1,19,8,4,-1,0,4,5,9,1,1,1,1,-1,6,1,21,5,1984,1,5,VOLKSWAGEN GOLF,4,E01014161,0,2
2024131475620,2024,131475620,2,9,0,-1,19,1,1,-1,0,0,0,0,0,0,1,1,-1,6,-1,18,4,1968,2,7,VOLKSWAGEN GOLF,-1,-1,0,-1
2024010520403,2024,010520403,2,9,0,18,19,5,1,0,0,2,0,0,0,0,1,1,2,2,2,53,8,1498,8,3,VOLKSWAGEN GOLF,8,E01000651,0,2
2024131490803,2024,131490803,1,9,0,-1,13,7,3,-1,0,8,0,0,0,0,1,1,-1,6,2,22,5,1498,1,0,VOLKSWAGEN GOLF,1,E01010819,0,1
2024010501551,2024,010501551,2,9,0,2,2,0,0,9,9,0,0,0,0,0,1,1,6,6,3,-1,-1,1984,1,9,VOLKSWAGEN GOLF,-1,-1,0,-1
2024010511910,2024,010511910,2,9,0,2,2,0,0,0,0,8,0,0,0,0,2,1,6,6,3,-1,-1,1498,8,4,VOLKSWAGEN GOLF,-1,-1,0,-1
2024101476518,2024,101476518,1,9,0,-1,4,7,3,-1,0,0,0,0,0,0,2,1,-1,9,2,20,4,1498,1,0,VOLKSWAGEN GOLF,4,E01008514,0,2
2024440525361,2024,440525361,1,9,0,18,19,5,1,0,0,0,0,0,0,0,1,1,6,6,2,60,9,1395,1,11,VOLKSWAGEN GOLF,10,E01022688,0,1
2024010506090,2024,010506090,2,9,0,99,99,9,9,99,99,9,9,99,9,99,9,9,6,6,3,-1,-1,1395,1,8,VOLKSWAGEN GOLF,-1,-1,0,-1
202460Q046936,2024,60Q046936,1,9,0,7,7,8,3,0,0,5,0,0,0,0,1,1,6,6,1,35,6,1968,2,8,VOLKSWAGEN GOLF,-1,-1,0,-1
2024131419608,2024,131419608,1,9,0,-1,19,7,3,-1,0,0,2,0,0,0,1,1,-1,6,1,22,5,1968,2,15,VOLKSWAGEN GOLF,1,E01010605,0,2
2024461470992,2024,461470992,1,9,0,-1,7,2,5,-1,0,0,0,0,0,0,1,1,-1,6,1,34,6,1781,1,21,VOLKSWAGEN GOLF,7,E01024737,0,1
2024461401096,2024,461401096,2,9,0,-1,19,5,1,-1,0,0,1,0,0,0,1,9,-1,9,1,20,4,1598,1,16,VOLKSWAGEN GOLF,4,E01021506,0,4
2024622400773,2024,622400773,2,9,0,18,19,6,2,0,0,1,0,0,7,0,2,1,6,6,2,47,8,1598,2,12,VOLKSWAGEN GOLF,1,W01001737,0,3
2024010536814,2024,010536814,1,9,0,99,99,9,9,0,0,0,0,99,0,0,2,9,6,6,3,-1,-1,1984,1,0,VOLKSWAGEN GOLF,9,E01015548,0,5
2024622400713,2024,622400713,1,9,0,18,19,4,8,0,0,0,0,10,0,0,1,1,6,6,1,80,11,1390,1,15,VOLKSWAGEN GOLF,1,W01001207,0,1
2024501436450,2024,501436450,3,9,0,-1,4,1,4,-1,0,0,0,0,0,0,2,1,-1,6,1,37,7,1598,2,8,VOLKSWAGEN GOLF,5,E01015092,0,1
2024201434795,2024,201434795,1,9,0,-1,19,7,3,-1,0,0,0,0,0,0,1,9,-1,6,1,-1,-1,1968,2,17,VOLKSWAGEN GOLF,-1,-1,0,-1
2024131523481,2024,131523481,1,9,0,-1,19,5,1,-1,0,8,0,0,0,0,1,1,-1,9,1,38,7,1968,2,13,VOLKSWAGEN GOLF,2,E01010619,0,2
2024141481354,2024,141481354,1,9,0,-1,19,3,7,-1,0,8,0,0,0,0,3,1,-1,9,2,32,6,1498,8,1,VOLKSWAGEN GOLF,6,E01033264,0,1
2024461482852,2024,461482852,2,9,0,-1,2,7,7,-1,0,0,0,0,0,0,4,1,-1,6,-1,-1,-1,1598,2,13,VOLKSWAGEN GOLF,-1,-1,0,-1
2024010505498,2024,010505498,1,9,0,18,19,3,7,0,0,6,0,0,0,0,1,1,6,6,1,34,6,1395,1,11,VOLKSWAGEN GOLF,3,E01003911,0,1
2024141480183,2024,141480183,1,9,0,-1,19,7,3,-1,0,0,0,4,7,0,1,1,-1,9,1,22,5,1600,2,14,VOLKSWAGEN GOLF,5,E01008143,0,3
2024451493094,2024,451493094,1,9,0,-1,19,5,1,-1,0,2,0,0,0,0,1,1,-1,2,1,21,5,1900,2,22,VOLKSWAGEN GOLF,5,E01031519,0,2
2024440539505,2024,440539505,3,9,0,18,19,6,2,0,0,0,0,0,0,0,3,1,2,2,1,48,8,1896,2,23,VOLKSWAGEN GOLF,8,E01022695,0,1
2024010511808,2024,010511808,1,9,0,3,3,8,4,0,0,1,0,0,0,0,4,1,6,6,1,35,6,1395,1,8,VOLKSWAGEN GOLF,3,E01003607,0,1