collision_index,collision_year,collision_ref_no,vehicle_reference,vehicle_type,towing_and_articulation,vehicle_manoeuvre_historic,vehicle_manoeuvre,vehicle_direction_from,vehicle_direction_to,vehicle_location_restricted_lane_historic,vehicle_location_restricted_lane,junction_location,skidding_and_overturning,hit_object_in_carriageway,vehicle_leaving_carriageway,hit_object_off_carriageway,first_point_of_impact,vehicle_left_hand_drive,journey_purpose_of_driver_historic,journey_purpose_of_driver,sex_of_driver,age_of_driver,age_band_of_driver,engine_capacity_cc,propulsion_code,age_of_vehicle,generic_make_model,driver_imd_decile,lsoa_of_driver,escooter_flag,driver_distance_banding
2024371472377,2024,371472377,1,9,0,-1,11,-1,-1,-1,0,0,0,0,0,0,1,1,-1,6,1,40,7,1984,1,5,VOLKSWAGEN GOLF,10,E01029895,0,3
2024201525444,2024,201525444,2,9,0,-1,19,6,2,-1,0,0,0,0,0,0,2,9,-1,9,1,57,9,999,8,0,VOLKSWAGEN GOLF,5,E01009179,0,1
2024141487154,2024,141487154,2,9,0,-1,12,3,8,-1,0,0,0,0,0,0,1,9,-1,6,3,-1,-1,1498,1,3,VOLKSWAGEN GOLF,-1,-1,0,-1
2024461449626,2024,461449626,1,9,0,-1,19,7,3,-1,0,2,0,10,1,2,1,1,-1,6,1,27,6,1984,1,10,VOLKSWAGEN GOLF,6,E01024554,0,1
2024430298877,2024,430298877,1,9,0,18,19,4,8,0,0,0,0,0,0,0,1,1,2,2,1,36,7,1390,1,14,VOLKSWAGEN GOLF,8,E01002209,0,3
2024201403776,2024,201403776,1,9,0,-1,19,7,5,-1,0,7,0,0,0,0,1,1,-1,6,2,20,4,1968,2,7,VOLKSWAGEN GOLF,-1,-1,0,-1
2024471442904,2024,471442904,1,9,0,-1,7,4,4,-1,0,6,0,0,0,0,1,1,-1,2,1,20,4,1390,1,16,VOLKSWAGEN GOLF,6,E01034823,0,1
2024302400249,2024,302400249,2,9,0,18,19,1,5,0,0,1,0,0,0,0,0,1,6,6,2,23,5,1598,2,7,VOLKSWAGEN GOLF,2,E01019842,0,3
2024461494620,2024,461494620,1,9,0,-1,9,7,3,-1,0,0,0,0,0,0,1,1,-1,6,1,26,6,1896,2,18,VOLKSWAGEN GOLF,4,E01035302,0,1
2024411411546,2024,411411546,2,9,-1,-1,-1,-1,-1,-1,-1,0,-1,-1,-1,0,-1,9,-1,6,1,25,5,1781,1,22,VOLKSWAGEN GOLF,5,E01023922,0,2
2024461439159,2024,461439159,1,9,0,-1,19,1,5,-1,0,0,2,0,0,0,1,9,-1,9,1,25,5,1395,1,11,VOLKSWAGEN GOLF,5,E01000401,0,3
2024430474000,2024,430474000,2,9,0,12,12,2,6,0,0,8,0,0,0,0,3,1,6,6,1,-1,-1,1598,2,11,VOLKSWAGEN GOLF,-1,-1,0,-1
2024201481871,2024,201481871,1,9,0,-1,7,7,2,-1,0,8,0,0,0,0,1,1,-1,6,3,-1,-1,1498,1,6,VOLKSWAGEN GOLF,-1,-1,0,-1
2024211444888,2024,211444888,1,9,0,-1,4,8,3,-1,0,0,1,0,0,0,1,1,-1,9,1,20,4,1600,2,14,VOLKSWAGEN GOLF,3,E01014277,0,1
2024361466392,2024,361466392,1,9,0,-1,20,0,0,-1,0,2,0,0,0,0,4,1,-1,6,1,75,10,1395,1,7,VOLKSWAGEN GOLF,4,E01026874,0,2
2024201537455,2024,201537455,2,9,0,-1,19,2,3,-1,0,0,0,0,0,0,2,1,-1,6,2,72,10,1395,1,8,VOLKSWAGEN GOLF,-1,-1,0,-1
2024311508677,2024,311508677,1,9,0,-1,19,8,4,-1,0,0,0,0,0,0,1,1,-1,6,2,56,9,1968,2,14,VOLKSWAGEN GOLF,5,E01013889,0,1
2024430589746,2024,430589746,1,9,0,3,3,6,2,0,0,0,0,0,0,0,2,1,3,7,1,35,6,1968,2,8,VOLKSWAGEN GOLF,4,E01016662,0,1
2024461493796,2024,461493796,1,9,0,-1,5,7,3,-1,9,0,0,0,0,0,1,9,-1,6,2,31,6,1598,2,13,VOLKSWAGEN GOLF,2,E01024315,0,1
2024041398756,2024,041398756,1,9,0,-1,19,6,2,-1,0,0,1,0,0,0,1,1,-1,2,1,27,6,1598,2,14,VOLKSWAGEN GOLF,5,E01006346,0,4
2024010523016,2024,010523016,1,9,0,18,19,7,3,0,0,2,0,0,0,0,4,1,6,6,1,26,6,1968,2,6,VOLKSWAGEN GOLF,3,E01034591,0,1
2024471416587,2024,471416587,2,9,0,-1,7,3,1,-1,0,4,0,0,0,0,4,1,-1,9,1,18,4,1390,1,14,VOLKSWAGEN GOLF,4,E01022603,0,4
2024061434002,2024,061434002,1,9,0,-1,19,1,5,-1,0,8,2,10,1,0,1,1,-1,6,1,20,4,1968,2,14,VOLKSWAGEN GOLF,1,E01004825,0,1
2024131461491,2024,131461491,2,9,0,-1,19,7,3,-1,0,8,0,0,0,0,1,1,-1,6,1,26,6,1968,2,11,VOLKSWAGEN GOLF,1,E01011003,0,1
2024231481754,2024,231481754,1,9,0,-1,19,3,7,-1,0,6,0,0,0,0,1,9,-1,6,2,73,10,1896,2,17,VOLKSWAGEN GOLF,7,E01025882,0,1
2024451531515,2024,451531515,1,9,0,-1,19,5,1,-1,0,0,1,0,7,11,1,1,-1,9,1,25,5,1984,1,9,VOLKSWAGEN GOLF,7,E01030818,0,1
2024201485984,2024,201485984,1,9,0,-1,19,7,5,-1,0,5,0,0,0,0,4,9,-1,6,2,42,7,1390,1,14,VOLKSWAGEN GOLF,5,E01009066,0,1
2024201424846,2024,201424846,1,9,0,-1,9,1,4,-1,0,1,0,0,0,0,1,1,-1,6,3,30,6,1968,2,10,VOLKSWAGEN GOLF,2,E01010071,0,2
2024010548648,2024,010548648,1,9,0,4,4,1,5,0,0,4,0,0,0,0,1,1,2,2,1,56,9,1395,8,1,VOLKSWAGEN GOLF,3,E01000044,0,1
2024010521766,2024,010521766,1,9,0,9,9,1,7,0,0,5,0,0,0,0,3,1,6,6,1,34,6,1390,1,11,VOLKSWAGEN GOLF,6,E01000487,0,3
2024440327542,2024,440327542,1,9,0,1,1,7,3,0,0,0,0,0,0,0,2,1,6,6,3,-1,-1,2000,2,17,VOLKSWAGEN GOLF,-1,-1,0,-1
2024471476242,2024,471476242,2,9,0,-1,9,3,1,-1,0,6,0,0,0,0,3,1,-1,9,2,40,7,1395,1,8,VOLKSWAGEN GOLF,10,E01031747,0,1
2024520500016,2024,520500016,1,9,0,18,19,6,2,0,0,1,0,0,0,0,1,1,6,6,1,35,6,1968,2,11,VOLKSWAGEN GOLF,7,E01034623,0,4
2024411464926,2024,411464926,2,9,0,-1,9,5,2,-1,0,8,0,0,0,0,4,1,-1,6,2,41,7,1395,8,1,VOLKSWAGEN GOLF,2,E01023844,0,1
2024131452138,2024,131452138,4,9,0,-1,19,3,7,-1,0,0,0,0,0,0,1,1,-1,9,1,20,4,1598,2,14,VOLKSWAGEN GOLF,2,E01011167,0,1
2024461559424,2024,461559424,1,9,0,-1,5,3,7,-1,0,0,0,4,0,0,1,2,-1,9,2,73,10,1968,2,10,VOLKSWAGEN GOLF,8,E01024015,0,1
2024552400494,2024,552400494,1,9,0,18,19,4,8,0,0,1,0,0,0,0,1,1,2,2,1,35,6,1400,1,14,VOLKSWAGEN GOLF,9,E01015412,0,1
2024340WN0312,2024,340WN0312,2,9,0,-1,4,8,4,-1,0,0,0,0,0,0,2,1,-1,2,1,34,6,1498,1,7,VOLKSWAGEN GOLF,-1,-1,0,-1
2024411454266,2024,411454266,1,9,-1,-1,-1,-1,-1,-1,-1,-1,-1,-1,-1,0,-1,9,-1,6,2,-1,-1,1498,8,1,VOLKSWAGEN GOLF,-1,-1,0,-1
2024111410723,2024,111410723,2,9,0,-1,19,7,7,-1,0,0,0,0,0,0,1,1,-1,1,2,21,5,1498,1,3,VOLKSWAGEN GOLF,2,E01020679,0,1
2024131397731,2024,131397731,2,9,0,-1,4,5,1,-1,0,8,0,0,0,0,2,1,-1,9,2,30,6,1598,2,11,VOLKSWAGEN GOLF,5,E01010668,0,1
2024201482978,2024,201482978,2,9,0,-1,19,3,7,-1,0,8,0,0,0,0,3,1,-1,9,2,25,5,1598,2,7,VOLKSWAGEN GOLF,3,E01009184,0,1
2024010511229,2024,010511229,2,9,0,9,9,1,7,0,0,8,1,10,1,11,1,1,6,6,1,20,4,999,1,6,VOLKSWAGEN GOLF,-1,-1,0,-1
2024501483054,2024,501483054,2,9,0,-1,19,5,1,-1,0,1,0,0,0,0,1,1,-1,9,1,60,9,1896,2,19,VOLKSWAGEN GOLF,6,E01020326,0,2
2024501433992,2024,501433992,1,9,0,-1,5,1,7,-1,9,2,0,0,7,0,3,1,-1,9,1,43,7,1968,2,10,VOLKSWAGEN GOLF,6,E01020025,0,1
2024461490352,2024,461490352,1,9,0,-1,7,8,4,-1,0,2,0,0,0,0,3,9,-1,6,1,53,8,1968,2,1,VOLKSWAGEN GOLF,10,E01024731,0,1
2024010540659,2024,010540659,1,9,0,1,1,3,7,0,0,0,0,0,0,0,2,1,1,1,1,39,7,1598,2,4,VOLKSWAGEN GOLF,7,E01001866,0,1
2024131502888,2024,131502888,2,9,0,-1,2,0,0,-1,9,0,0,0,0,0,3,1,-1,6,-1,-1,-1,1968,2,8,VOLKSWAGEN GOLF,-1,-1,0,-1
2024031534527,2024,031534527,1,9,0,-1,13,2,5,-1,0,0,2,0,2,4,4,1,-1,1,1,20,4,1968,2,9,VOLKSWAGEN GOLF,9,E01019163,0,3
2024201471807,2024,201471807,1,9,0,-1,19,1,6,-1,9,1,0,4,0,0,1,9,-1,6,1,19,4,1390,1,16,VOLKSWAGEN GOLF,1,E01009343,0,1
2024010523711,2024,010523711,2,9,9,99,99,9,9,99,99,9,9,99,9,99,9,9,6,6,3,-1,-1,1395,1,7,VOLKSWAGEN GOLF,7,E01004588,0,1
2024991402982,2024,991402982,1,9,0,-1,19,2,6,-1,0,0,0,0,0,0,3,1,-1,2,2,37,7,999,1,6,VOLKSWAGEN GOLF,10,-1,0,1
2024361482731,2024,361482731,2,9,0,-1,19,7,3,-1,0,0,1,0,0,0,3,1,-1,6,1,57,9,1896,2,19,VOLKSWAGEN GOLF,10,E01025713,0,5
2024461502614,2024,461502614,1,9,0,-1,9,7,3,-1,0,5,0,0,0,0,1,1,-1,6,1,36,7,1598,1,18,VOLKSWAGEN GOLF,7,E01024333,0,2
2024131461008,2024,131461008,1,9,0,-1,-1,-1,-1,-1,-1,-1,-1,-1,-1,-1,-1,1,-1,6,3,-1,-1,1968,2,19,VOLKSWAGEN GOLF,-1,-1,0,-1
2024401449735,2024,401449735,1,9,0,-1,9,2,8,-1,0,8,0,0,0,0,1,1,-1,9,2,87,11,1498,1,6,VOLKSWAGEN GOLF,9,E01017456,0,1
2024071062138,2024,071062138,1,9,0,-1,19,5,5,-1,0,2,0,0,0,0,1,1,-1,2,1,31,6,1968,2,8,VOLKSWAGEN GOLF,3,E01018401,0,3
2024010536153,2024,010536153,1,9,0,13,13,5,1,0,0,0,0,0,0,0,0,1,6,6,1,36,7,2000,1,19,VOLKSWAGEN GOLF,4,E01003177,0,2
2024340WN3362,2024,340WN3362,1,9,0,-1,13,3,7,-1,0,0,1,0,7,11,1,1,-1,6,1,22,5,1896,2,17,VOLKSWAGEN GOLF,8,E01017465,0,3
2024991416369,2024,991416369,2,9,0,-1,4,8,4,-1,0,0,0,0,0,0,2,1,-1,9,1,33,6,1498,1,5,VOLKSWAGEN GOLF,4,-1,0,2
2024010500809,2024,010500809,2,9,0,99,99,9,9,99,99,6,9,99,9,99,1,9,6,6,3,-1,-1,1598,1,17,VOLKSWAGEN GOLF,-1,-1,0,-1
2024430518805,2024,430518805,1,9,0,9,9,1,7,0,0,5,0,0,0,0,1,1,6,6,2,58,9,1395,1,10,VOLKSWAGEN GOLF,10,E01027265,0,3
2024010551646,2024,010551646,1,9,0,18,19,5,1,0,0,8,0,0,0,0,3,1,6,6,1,33,6,1395,1,6,VOLKSWAGEN GOLF,2,E01004459,0,1
2024201499501,2024,201499501,1,9,0,-1,19,4,8,-1,0,0,0,0,0,0,1,1,-1,6,1,38,7,1598,2,7,VOLKSWAGEN GOLF,-1,-1,0,-1
2024430375862,2024,430375862,3,9,0,18,19,2,6,0,0,0,0,0,0,0,1,1,6,6,1,23,5,1968,2,15,VOLKSWAGEN GOLF,5,E01028446,0,2
2024340NN2322,2024,340NN2322,2,9,0,-1,19,5,1,-1,0,8,0,0,0,0,1,1,-1,9,1,47,8,1395,8,1,VOLKSWAGEN GOLF,10,E01027121,0,1
2024471468877,2024,471468877,3,9,0,-1,19,3,7,-1,0,0,0,0,0,0,2,1,-1,6,2,37,7,1600,1,20,VOLKSWAGEN GOLF,8,E01021075,0,1
2024311412245,2024,311412245,1,9,0,-1,19,8,5,-1,0,0,0,0,0,0,1,1,-1,9,1,23,5,2000,1,19,VOLKSWAGEN GOLF,1,E01027965,0,1
2024010502617,2024,010502617,2,9,0,18,19,1,5,0,0,1,0,0,1,10,1,1,6,6,2,24,5,999,1,2,VOLKSWAGEN GOLF,2,E01004424,0,1
2024141429798,2024,141429798,1,9,0,-1,19,6,2,-1,0,8,5,10,7,11,4,1,-1,9,1,24,5,1598,2,14,VOLKSWAGEN GOLF,2,E01007855,0,1
2024451511189,2024,451511189,1,9,0,-1,9,8,6,-1,0,5,0,0,0,0,3,1,-1,9,1,72,10,1498,1,0,VOLKSWAGEN GOLF,10,E01030906,0,1
202454D514124,2024,54D514124,2,9,0,9,9,5,1,0,0,1,0,0,0,0,3,1,6,6,1,36,7,1896,2,16,VOLKSWAGEN GOLF,7,E01032121,0,1
2024010548171,2024,010548171,3,9,0,18,19,7,3,0,0,1,5,7,0,0,1,1,6,6,1,18,4,1984,1,10,VOLKSWAGEN GOLF,2,E01000040,0,3
2024131422516,2024,131422516,2,9,0,-1,19,3,7,-1,0,2,0,0,0,0,1,1,-1,6,2,35,6,1598,2,9,VOLKSWAGEN GOLF,1,E01011746,0,2
2024061462383,2024,061462383,1,9,0,-1,5,-1,-1,-1,0,0,0,0,0,0,2,1,-1,2,1,37,7,1395,8,8,VOLKSWAGEN GOLF,2,E01005600,0,1
2024401451982,2024,401451982,1,9,-1,-1,-1,-1,-1,-1,-1,0,-1,-1,-1,0,-1,9,-1,6,1,25,5,1498,1,3,VOLKSWAGEN GOLF,8,E01033245,0,4
2024010537953,2024,010537953,2,9,0,99,99,9,9,99,99,9,9,99,9,99,9,9,6,6,3,-1,-1,1395,1,8,VOLKSWAGEN GOLF,-1,-1,0,-1
2024010547894,2024,010547894,2,9,0,18,19,7,3,0,0,8,0,0,0,0,1,1,6,6,1,56,9,1390,1,12,VOLKSWAGEN GOLF,6,E01000145,0,1
2024131534297,2024,131534297,2,9,0,-1,2,0,0,-1,0,0,0,0,0,0,2,1,-1,6,-1,-1,-1,1984,1,3,VOLKSWAGEN GOLF,-1,-1,0,-1
2024520402919,2024,520402919,2,9,0,9,9,4,2,0,0,8,0,0,0,0,2,1,6,6,1,19,4,1390,1,18,VOLKSWAGEN GOLF,6,E01031996,0,4
2024520403277,2024,520403277,1,9,0,18,19,3,7,0,0,8,0,0,0,0,1,1,6,6,1,24,5,1598,2,13,VOLKSWAGEN GOLF,7,E01029250,0,1
2024131530085,2024,131530085,1,9,0,-1,4,8,4,-1,0,0,0,0,0,0,2,1,-1,9,1,40,7,1598,2,13,VOLKSWAGEN GOLF,2,E01011040,0,1
2024461469626,2024,461469626,1,9,0,-1,19,3,7,-1,0,1,0,0,0,0,1,9,-1,6,1,-1,-1,1598,2,11,VOLKSWAGEN GOLF,2,E01024664,0,1
2024052401579,2024,052401579,2,9,0,18,19,6,3,0,0,0,0,0,0,0,1,1,6,6,1,65,9,1598,2,9,VOLKSWAGEN GOLF,7,E01007066,0,1
2024061438523,2024,061438523,2,9,0,-1,19,7,7,-1,0,1,0,0,0,0,1,1,-1,6,2,21,5,1598,2,11,VOLKSWAGEN GOLF,-1,-1,0,-1
2024351424470,2024,351424470,2,9,0,-1,19,6,2,-1,0,1,0,0,0,0,1,1,-1,2,1,23,5,1896,2,21,VOLKSWAGEN GOLF,5,E01017951,0,1
2024471442403,2024,471442403,3,9,0,-1,4,4,8,-1,0,1,0,0,0,0,1,1,-1,6,2,50,8,1968,2,14,VOLKSWAGEN GOLF,6,E01016872,0,1
2024451533037,2024,451533037,2,9,0,-1,19,8,4,-1,0,1,1,0,0,0,1,1,-1,9,2,24,5,2000,1,19,VOLKSWAGEN GOLF,9,E01030781,0,1
2024440097177,2024,440097177,1,9,0,18,19,6,2,0,0,0,0,0,0,0,1,1,2,2,1,20,4,1598,1,21,VOLKSWAGEN GOLF,4,E01022579,0,1
2024401571573,2024,401571573,1,9,0,-1,19,3,7,-1,0,0,0,0,0,0,2,1,-1,6,2,28,6,1598,2,8,VOLKSWAGEN GOLF,2,E01015743,0,2
2024010523742,2024,010523742,2,9,0,18,19,7,3,0,0,1,0,0,0,0,1,1,6,6,3,23,5,1984,1,5,VOLKSWAGEN GOLF,4,E01000974,0,1
2024101454077,2024,101454077,1,9,0,-1,10,3,5,-1,0,0,0,0,0,0,1,1,-1,6,1,33,6,1984,1,16,VOLKSWAGEN GOLF,5,E01008499,0,1
2024201505968,2024,201505968,1,9,0,-1,19,7,3,-1,0,0,0,0,0,0,1,1,-1,6,2,30,6,1968,2,10,VOLKSWAGEN GOLF,2,E01013657,0,4
2024010532279,2024,010532279,1,9,0,18,19,1,5,0,0,0,0,0,0,0,3,1,6,6,2,56,9,1498,1,0,VOLKSWAGEN GOLF,2,E01001257,0,1
2024421460129,2024,421460129,2,9,0,-1,19,4,1,-1,0,1,0,0,0,0,1,1,-1,9,1,65,9,1598,2,12,VOLKSWAGEN GOLF,7,E01022057,0,1
2024461519123,2024,461519123,2,9,0,-1,4,4,8,-1,0,0,0,0,0,0,2,1,-1,1,2,53,8,1896,2,17,VOLKSWAGEN GOLF,1,E01024504,0,3
202417M105124,2024,17M105124,2,9,0,-1,9,6,4,-1,0,8,0,0,0,0,3,1,-1,9,1,22,5,1598,2,12,VOLKSWAGEN GOLF,2,E01012031,0,2
2024421489087,2024,421489087,2,9,0,-1,19,1,5,-1,0,0,0,0,0,0,1,1,-1,9,1,29,6,1390,1,15,VOLKSWAGEN GOLF,2,E01032799,0,4
2024471459100,2024,471459100,1,9,0,-1,5,5,1,-1,0,3,0,0,0,0,2,2,-1,1,1,47,8,1390,1,22,VOLKSWAGEN GOLF,5,E01032836,0,2
2024211436873,2024,211436873,1,9,0,-1,19,6,2,-1,0,0,0,0,0,0,1,1,-1,9,1,49,8,1968,2,16,VOLKSWAGEN GOLF,3,E01029808,0,1
2024552400928,2024,552400928,1,9,0,12,12,8,6,0,0,5,0,0,0,0,4,1,6,6,2,38,7,1395,1,10,VOLKSWAGEN GOLF,7,E01020515,0,1
2024471503904,2024,471503904,2,9,0,-1,19,2,8,-1,0,8,0,0,0,0,1,1,-1,2,1,26,6,1598,2,9,VOLKSWAGEN GOLF,4,E01031605,0,2
2024631471821,2024,631471821,2,9,0,-1,12,2,6,-1,0,0,0,0,0,0,1,1,-1,9,1,29,6,1498,1,0,VOLKSWAGEN GOLF,1,W01000511,0,2
2024161528053,2024,161528053,3,9,0,-1,19,2,6,-1,0,0,2,0,1,0,4,1,-1,6,1,76,11,1600,1,25,VOLKSWAGEN GOLF,6,E01013309,0,1
2024131421454,2024,131421454,1,9,0,-1,19,3,7,-1,0,0,0,0,7,0,1,1,-1,9,1,19,4,1390,1,15,VOLKSWAGEN GOLF,3,E01011267,0,2
2024010508723,2024,010508723,1,9,0,3,3,3,7,0,0,0,0,0,0,0,2,1,6,6,1,37,7,1968,2,8,VOLKSWAGEN GOLF,4,E01017837,0,4
2024010512132,2024,010512132,1,9,0,6,6,5,5,0,0,0,0,10,0,0,1,1,6,6,1,-1,-1,999,8,0,VOLKSWAGEN GOLF,-1,-1,0,-1
2024131408406,2024,131408406,2,9,0,-1,19,5,1,-1,0,0,1,10,0,0,2,1,-1,6,1,25,5,1984,1,5,VOLKSWAGEN GOLF,1,E01010745,0,3
2024010498703,2024,010498703,1,9,0,18,19,1,5,0,0,8,0,0,0,0,0,1,6,6,1,25,5,1598,1,17,VOLKSWAGEN GOLF,2,E01001513,0,1
2024332401019,2024,332401019,2,9,0,-1,9,4,2,-1,0,5,0,0,0,0,1,1,-1,6,1,23,5,1600,2,14,VOLKSWAGEN GOLF,6,E01025740,0,2
2024201504611,2024,201504611,1,9,0,-1,7,4,6,-1,0,5,0,0,0,0,4,1,-1,6,2,43,7,1598,2,11,VOLKSWAGEN GOLF,-1,-1,0,-1
2024141472619,2024,141472619,1,9,0,-1,19,7,3,-1,0,1,0,0,0,0,3,1,-1,1,1,26,6,1968,2,8,VOLKSWAGEN GOLF,10,E01008044,0,1
2024991474524,2024,991474524,1,9,0,-1,19,3,7,-1,0,0,0,0,0,0,1,1,-1,2,1,50,8,1598,2,11,VOLKSWAGEN GOLF,3,-1,0,3
2024991538019,2024,991538019,1,9,0,-1,9,1,5,-1,0,5,0,0,0,0,1,1,-1,6,2,38,7,1968,2,8,VOLKSWAGEN GOLF,1,-1,0,1
2024461439150,2024,461439150,2,9,0,-1,19,7,6,-1,0,8,1,0,0,0,1,1,-1,1,2,49,8,1896,2,17,VOLKSWAGEN GOLF,5,E01024201,0,1
2024320078888,2024,320078888,1,9,0,-1,-1,4,8,0,0,0,0,4,0,0,1,1,6,6,1,76,11,1896,2,21,VOLKSWAGEN GOLF,-1,-1,0,-1
2024522500406,2024,522500406,2,9,0,1,1,5,1,0,0,0,0,0,0,0,2,1,6,6,3,-1,-1,1390,1,12,VOLKSWAGEN GOLF,-1,-1,0,-1
2024440449232,2024,440449232,2,9,0,1,1,4,8,0,0,8,0,0,0,0,3,1,6,6,1,19,4,1498,8,1,VOLKSWAGEN GOLF,5,E01016254,0,4
2024471519480,2024,471519480,4,9,0,-1,1,3,7,-1,0,0,0,0,0,0,2,1,-1,1,2,58,9,1395,1,10,VOLKSWAGEN GOLF,6,E01021200,0,3
2024131509137,2024,131509137,1,9,0,-1,19,1,5,-1,0,0,0,0,0,0,1,1,-1,6,1,23,5,1598,2,13,VOLKSWAGEN GOLF,9,E01007432,0,2
2024010528930,2024,010528930,1,9,0,12,12,1,5,0,0,8,0,0,0,0,3,1,6,6,1,44,7,1598,2,11,VOLKSWAGEN GOLF,3,E01033863,0,1
2024201500279,2024,201500279,1,9,0,-1,19,2,6,-1,0,8,0,0,0,0,1,1,-1,6,1,-1,-1,1598,2,7,VOLKSWAGEN GOLF,-1,-1,0,-1
2024430242310,2024,430242310,2,9,0,18,19,5,1,0,0,7,0,0,0,0,2,1,6,6,1,23,5,1390,1,13,VOLKSWAGEN GOLF,5,E01028636,0,1
2024471508539,2024,471508539,1,9,0,-1,9,2,4,-1,0,8,0,0,1,0,1,1,-1,9,1,77,11,1395,1,9,VOLKSWAGEN GOLF,8,E01034298,0,1
2024131483261,2024,131483261,3,9,0,-1,2,0,0,-1,9,8,0,0,0,0,3,1,-1,6,-1,-1,-1,1197,1,11,VOLKSWAGEN GOLF,-1,-1,0,-1
2024332400081,2024,332400081,1,9,0,-1,19,8,4,-1,0,8,0,0,0,0,1,1,-1,9,1,18,4,1197,1,10,VOLKSWAGEN GOLF,8,E01013791,0,4
2024991542253,2024,991542253,1,9,0,-1,9,7,5,-1,0,1,0,0,0,0,1,1,-1,6,1,76,11,1598,2,6,VOLKSWAGEN GOLF,-1,-1,0,-1
2024631447970,2024,631447970,1,9,0,-1,19,1,5,-1,0,0,0,4,0,0,1,1,-1,6,2,31,6,1968,2,15,VOLKSWAGEN GOLF,3,W01000626,0,1
2024440033041,2024,440033041,5,9,0,18,19,8,4,0,0,0,0,0,0,0,2,1,6,6,1,60,9,1896,2,16,VOLKSWAGEN GOLF,8,E01022786,0,3
2024010493622,2024,010493622,1,9,0,99,99,9,9,0,0,0,0,0,0,0,9,1,6,6,3,44,7,1390,1,12,VOLKSWAGEN GOLF,2,E01000060,0,1
2024501527282,2024,501527282,1,9,0,-1,19,7,3,-1,0,1,1,0,7,1,1,1,-1,2,1,23,5,1968,2,6,VOLKSWAGEN GOLF,4,E01018952,0,3
2024061486581,2024,061486581,1,9,0,-1,19,7,2,-1,0,2,0,0,0,0,1,1,-1,9,1,19,4,1395,8,3,VOLKSWAGEN GOLF,1,E01007716,0,4
2024451514410,2024,451514410,2,9,0,-1,19,1,3,-1,0,0,0,0,0,0,-1,9,-1,6,3,30,6,1984,1,6,VOLKSWAGEN GOLF,-1,-1,0,-1
2024231516207,2024,231516207,1,9,0,-1,19,8,4,-1,0,8,0,0,3,0,3,1,-1,2,2,30,6,1498,1,4,VOLKSWAGEN GOLF,8,E01031136,0,4
2024131465110,2024,131465110,1,9,0,-1,19,5,1,-1,0,0,5,0,1,4,1,1,-1,2,1,18,4,1598,2,8,VOLKSWAGEN GOLF,4,E01009324,0,5
2024471396491,2024,471396491,2,9,0,-1,19,8,4,-1,0,0,0,0,1,0,2,1,-1,6,2,70,10,1395,1,8,VOLKSWAGEN GOLF,8,E01031698,0,1
2024440517158,2024,440517158,2,9,0,18,19,5,1,0,0,8,0,0,1,0,1,1,6,6,2,82,11,1395,1,8,VOLKSWAGEN GOLF,9,E01034719,0,3
2024471422608,2024,471422608,2,9,0,-1,19,7,3,-1,0,1,0,0,0,0,1,1,-1,6,1,40,7,1598,1,17,VOLKSWAGEN GOLF,2,E01021091,0,2
2024010521680,2024,010521680,1,9,0,5,5,7,3,0,0,2,0,0,0,0,1,1,6,6,1,40,7,1395,1,6,VOLKSWAGEN GOLF,4,E01001995,0,1
2024010526262,2024,010526262,2,9,0,18,19,5,1,2,2,8,0,0,0,0,4,1,6,6,1,47,8,1498,1,6,VOLKSWAGEN GOLF,6,E01001415,0,3
2024421435730,2024,421435730,1,9,0,-1,5,3,3,-1,0,0,0,0,1,0,1,1,-1,6,2,86,11,1390,1,13,VOLKSWAGEN GOLF,10,E01021237,0,1
2024991483638,2024,991483638,1,9,0,-1,7,8,3,-1,0,0,1,0,0,0,1,1,-1,9,1,18,4,1896,2,22,VOLKSWAGEN GOLF,5,-1,0,1
2024010511193,2024,010511193,2,9,0,1,1,1,5,4,4,0,0,0,0,0,2,1,6,6,1,57,9,1390,1,17,VOLKSWAGEN GOLF,5,E01002798,0,1
2024531508818,2024,531508818,1,9,0,-1,13,7,3,-1,0,0,2,0,2,10,1,1,-1,2,1,39,7,1984,1,13,VOLKSWAGEN GOLF,5,E01022258,0,1
2024991472251,2024,991472251,1,9,0,-1,19,8,6,-1,0,2,0,0,0,0,1,1,-1,6,1,17,4,999,1,1,VOLKSWAGEN GOLF,-1,-1,0,-1
2024201456472,2024,201456472,2,9,0,-1,19,6,2,-1,0,8,0,10,0,0,1,9,-1,6,1,20,4,1498,1,3,VOLKSWAGEN GOLF,-1,-1,0,-1
2024311514863,2024,311514863,1,9,0,-1,9,3,1,-1,0,6,0,0,0,0,1,9,-1,6,1,21,5,1598,2,13,VOLKSWAGEN GOLF,10,E01025734,0,3
2024041484793,2024,041484793,1,9,0,-1,19,3,7,-1,0,3,0,0,0,0,1,1,-1,9,1,23,5,1598,2,12,VOLKSWAGEN GOLF,5,E01012635,0,1
2024131474328,2024,131474328,1,9,0,-1,19,1,5,-1,0,8,0,0,0,0,4,1,-1,6,2,59,9,1600,2,14,VOLKSWAGEN GOLF,2,E01010792,0,1
2024131406226,2024,131406226,1,9,0,-1,9,3,1,-1,0,8,0,0,0,0,1,1,-1,9,1,31,6,1968,2,11,VOLKSWAGEN GOLF,1,E01011345,0,1
2024101485818,2024,101485818,1,9,0,-1,5,3,7,-1,0,5,0,0,0,0,1,1,-1,6,2,20,4,1598,2,10,VOLKSWAGEN GOLF,7,E01008765,0,1
2024451535318,2024,451535318,1,9,0,-1,19,2,7,-1,0,2,0,0,1,2,1,1,-1,9,1,18,4,999,1,6,VOLKSWAGEN GOLF,8,E01030698,0,1
2024070594891,2024,070594891,2,9,0,8,8,3,7,0,0,1,0,0,0,0,3,1,6,6,2,56,9,1498,1,6,VOLKSWAGEN GOLF,10,E01018475,0,2
2024131470968,2024,131470968,1,9,0,-1,19,5,1,-1,0,0,1,0,0,0,1,1,-1,9,2,43,7,1896,2,16,VOLKSWAGEN GOLF,8,E01011151,0,2