collision_index,collision_year,collision_ref_no,vehicle_reference,vehicle_type,towing_and_articulation,vehicle_manoeuvre_historic,vehicle_manoeuvre,vehicle_direction_from,vehicle_direction_to,vehicle_location_restricted_lane_historic,vehicle_location_restricted_lane,junction_location,skidding_and_overturning,hit_object_in_carriageway,vehicle_leaving_carriageway,hit_object_off_carriageway,first_point_of_impact,vehicle_left_hand_drive,journey_purpose_of_driver_historic,journey_purpose_of_driver,sex_of_driver,age_of_driver,age_band_of_driver,engine_capacity_cc,propulsion_code,age_of_vehicle,generic_make_model,driver_imd_decile,lsoa_of_driver,escooter_flag,driver_distance_banding
2024041504691,2024,041504691,1,9,0,-1,19,5,1,-1,0,0,5,11,0,0,1,1,-1,9,1,38,7,1968,2,10,VOLKSWAGEN GOLF,6,E01004880,0,3
2024061417259,2024,061417259,1,9,-1,-1,-1,-1,-1,-1,-1,0,-1,-1,-1,0,-1,9,-1,6,1,-1,-1,1395,8,7,VOLKSWAGEN GOLF,5,E01004899,0,1
2024010545974,2024,010545974,1,9,0,18,19,7,3,0,0,0,0,0,1,0,2,1,6,6,1,30,6,1598,2,8,VOLKSWAGEN GOLF,6,E01024072,0,4
2024430188656,2024,430188656,2,9,0,9,9,8,6,0,0,5,0,0,0,0,2,1,6,6,2,36,7,1896,2,17,VOLKSWAGEN GOLF,6,E01028679,0,1
2024451398142,2024,451398142,2,9,0,-1,3,6,2,-1,0,4,0,0,0,0,1,1,-1,6,1,30,6,1896,2,16,VOLKSWAGEN GOLF,-1,-1,0,-1
2024041494049,2024,041494049,1,9,0,-1,19,5,1,-1,0,0,5,0,0,0,0,1,-1,9,1,19,4,1598,2,11,VOLKSWAGEN GOLF,7,E01025029,0,1
2024131423963,2024,131423963,1,9,0,-1,19,3,7,-1,0,1,0,4,0,0,1,1,-1,9,1,81,11,1197,1,10,VOLKSWAGEN GOLF,9,E01011939,0,1
2024991458825,2024,991458825,2,9,0,-1,19,6,2,-1,0,1,1,0,0,0,1,1,-1,9,2,34,6,1968,2,14,VOLKSWAGEN GOLF,8,-1,0,3
2024041486552,2024,041486552,1,9,0,-1,19,3,7,-1,0,0,0,0,0,0,1,1,-1,9,1,18,4,1968,2,15,VOLKSWAGEN GOLF,8,E01034346,0,2
2024471439651,2024,471439651,1,9,0,-1,15,8,4,-1,0,0,2,0,7,2,1,1,-1,1,1,33,6,1896,2,18,VOLKSWAGEN GOLF,8,E01030822,0,1
2024061532476,2024,061532476,4,9,0,-1,19,1,5,-1,0,0,0,0,3,0,3,1,-1,2,1,18,4,1968,2,2,VOLKSWAGEN GOLF,10,E01006101,0,1
2024471466715,2024,471466715,1,9,0,-1,19,8,3,-1,0,0,0,0,0,0,1,1,-1,2,1,19,4,1390,1,14,VOLKSWAGEN GOLF,6,E01030546,0,3
2024101429604,2024,101429604,2,9,0,-1,19,7,3,-1,0,1,0,0,0,0,1,1,-1,9,2,24,5,1498,1,5,VOLKSWAGEN GOLF,1,E01008735,0,1
2024552400299,2024,552400299,2,9,0,4,4,5,3,0,0,3,0,0,0,0,2,1,6,6,1,35,6,1968,2,11,VOLKSWAGEN GOLF,4,E01034283,0,2
2024111492274,2024,111492274,1,9,0,-1,7,5,7,-1,0,5,0,0,0,0,1,1,-1,9,1,59,9,1968,2,11,VOLKSWAGEN GOLF,1,E01012359,0,1
2024320517870,2024,320517870,1,9,0,-1,-1,2,6,0,0,2,0,0,0,0,4,1,6,6,1,23,5,1896,2,22,VOLKSWAGEN GOLF,5,E01026243,0,3
2024991447439,2024,991447439,1,9,0,-1,19,7,3,-1,0,1,0,0,0,0,4,1,-1,2,2,56,9,1598,2,7,VOLKSWAGEN GOLF,10,-1,0,1
2024141397232,2024,141397232,1,9,0,-1,19,4,8,-1,0,0,0,0,7,11,1,1,-1,2,2,24,5,1781,1,22,VOLKSWAGEN GOLF,1,E01008013,0,2
2024010505476,2024,010505476,1,9,0,10,10,7,4,0,0,1,0,0,0,0,0,1,6,6,1,41,7,1598,1,17,VOLKSWAGEN GOLF,5,E01002395,0,1
2024991399977,2024,991399977,3,9,0,-1,3,8,4,-1,0,0,0,0,0,0,2,1,-1,6,1,47,8,1598,2,12,VOLKSWAGEN GOLF,9,-1,0,3
2024201504559,2024,201504559,1,9,0,-1,19,4,7,-1,9,0,1,0,0,0,1,1,-1,1,2,41,7,1968,2,3,VOLKSWAGEN GOLF,4,E01009871,0,1
2024371442140,2024,371442140,1,9,0,-1,19,1,5,-1,0,0,0,0,0,0,1,1,-1,2,1,22,5,1197,1,13,VOLKSWAGEN GOLF,5,E01026718,0,4
2024041439867,2024,041439867,2,9,0,-1,19,1,5,-1,0,0,0,0,0,0,1,1,-1,1,1,29,6,1896,2,22,VOLKSWAGEN GOLF,7,E01012581,0,3
2024131493151,2024,131493151,1,9,0,-1,19,1,5,-1,0,0,0,0,0,0,1,1,-1,7,1,19,4,1968,2,9,VOLKSWAGEN GOLF,2,E01011359,0,1
2024543060124,2024,543060124,1,9,0,18,19,3,7,0,0,8,1,0,0,0,1,1,6,6,2,34,6,1395,8,8,VOLKSWAGEN GOLF,8,E01015473,0,1
2024430438466,2024,430438466,3,9,0,8,8,2,6,0,0,1,0,0,0,0,0,1,6,6,1,-1,-1,1598,2,10,VOLKSWAGEN GOLF,10,E01023379,0,3
2024351539442,2024,351539442,1,9,0,-1,5,8,1,-1,0,1,0,0,0,0,1,1,-1,9,1,28,6,2000,2,18,VOLKSWAGEN GOLF,2,E01015643,0,1
2024131424097,2024,131424097,1,9,0,-1,19,7,3,-1,0,0,2,0,0,0,1,1,-1,6,-1,-1,-1,1968,2,0,VOLKSWAGEN GOLF,-1,-1,0,-1
2024451400512,2024,451400512,1,9,0,-1,9,1,1,-1,0,1,0,0,0,0,3,1,-1,7,2,26,6,1498,1,4,VOLKSWAGEN GOLF,7,E01030300,0,1
2024010524020,2024,010524020,2,9,0,3,3,1,5,0,0,1,0,0,0,0,2,1,6,6,2,27,6,1395,1,9,VOLKSWAGEN GOLF,4,E01003725,0,3
2024010493254,2024,010493254,1,9,0,3,3,9,9,99,99,9,9,99,9,99,1,9,6,6,2,29,6,1390,1,15,VOLKSWAGEN GOLF,2,E01033882,0,1
2024061521908,2024,061521908,1,9,0,-1,10,-1,-1,-1,0,1,9,0,0,0,4,1,-1,6,1,25,5,1197,1,13,VOLKSWAGEN GOLF,1,E01005245,0,1
2024501481854,2024,501481854,2,9,0,-1,9,6,3,-1,0,1,0,0,0,0,4,1,-1,1,2,40,7,1600,2,14,VOLKSWAGEN GOLF,4,E01019013,0,1
2024061445877,2024,061445877,2,9,0,-1,19,5,1,-1,0,0,0,0,0,0,3,1,-1,6,2,22,5,1598,2,11,VOLKSWAGEN GOLF,1,E01006031,0,2
2024332400039,2024,332400039,2,9,0,-1,5,1,5,-1,0,8,5,7,0,0,4,1,-1,6,1,50,8,1968,2,6,VOLKSWAGEN GOLF,9,E01025921,0,2
2024131396858,2024,131396858,2,9,0,-1,19,2,6,-1,0,0,0,0,0,0,2,1,-1,2,1,31,6,1498,1,4,VOLKSWAGEN GOLF,1,E01011431,0,1
2024010507594,2024,010507594,2,9,0,99,99,9,9,99,99,0,9,99,9,99,9,9,6,6,3,-1,-1,1598,1,16,VOLKSWAGEN GOLF,8,E01000447,0,1
2024302401650,2024,302401650,2,9,0,7,7,6,1,0,0,8,0,0,0,0,1,1,6,6,1,48,8,1498,8,3,VOLKSWAGEN GOLF,3,E01007429,0,3
2024010512758,2024,010512758,2,9,0,99,99,9,9,99,99,9,9,99,9,99,1,9,6,6,1,22,5,1390,1,14,VOLKSWAGEN GOLF,2,E01001971,0,1
2024010519674,2024,010519674,2,9,0,4,4,1,5,0,0,1,0,0,0,0,4,1,6,6,1,45,7,1598,2,8,VOLKSWAGEN GOLF,4,E01004421,0,1
2024547077824,2024,547077824,1,9,0,18,19,7,3,0,0,0,0,0,0,0,1,1,6,6,1,35,6,1896,2,22,VOLKSWAGEN GOLF,7,E01015576,0,1
2024522401882,2024,522401882,1,9,0,18,19,7,3,0,0,2,1,4,7,11,1,1,6,6,2,25,5,2000,1,15,VOLKSWAGEN GOLF,8,E01014918,0,1
2024010495370,2024,010495370,2,9,0,9,9,3,1,0,0,1,0,0,0,0,3,1,6,6,2,18,4,999,8,2,VOLKSWAGEN GOLF,4,E01021853,0,4
2024070641488,2024,070641488,2,9,0,18,19,2,6,0,0,0,0,0,0,0,3,1,6,6,1,80,11,1968,2,0,VOLKSWAGEN GOLF,-1,-1,0,-1
2024061490222,2024,061490222,1,9,0,-1,9,7,4,-1,0,1,0,0,0,0,4,1,-1,6,1,17,4,1598,2,13,VOLKSWAGEN GOLF,8,E01004935,0,2
2024010507434,2024,010507434,1,9,0,18,19,1,5,0,0,3,0,0,0,0,4,1,6,6,1,34,6,1390,1,13,VOLKSWAGEN GOLF,3,E01001421,0,4
2024311500280,2024,311500280,2,9,0,-1,3,3,7,-1,0,3,0,0,0,0,2,1,-1,9,2,58,9,1598,1,18,VOLKSWAGEN GOLF,-1,-1,0,-1
2024131423790,2024,131423790,3,9,0,-1,4,8,4,-1,0,0,0,0,0,0,2,1,-1,2,1,35,6,1598,2,12,VOLKSWAGEN GOLF,9,E01028419,0,4
2024411517820,2024,411517820,1,9,-1,-1,-1,-1,-1,-1,-1,0,-1,-1,-1,0,-1,9,-1,6,1,30,6,1197,1,12,VOLKSWAGEN GOLF,6,E01023858,0,1
2024991439172,2024,991439172,1,9,0,-1,19,5,1,-1,0,0,1,0,1,0,4,1,-1,6,1,20,4,1968,2,17,VOLKSWAGEN GOLF,-1,-1,0,-1
2024211520373,2024,211520373,2,9,0,-1,-1,-1,-1,-1,-1,0,-1,-1,-1,0,-1,1,-1,6,2,36,7,1968,2,9,VOLKSWAGEN GOLF,-1,-1,0,-1
2024010534136,2024,010534136,2,9,0,9,9,1,6,8,6,1,0,0,0,0,1,1,6,6,2,38,7,1390,1,15,VOLKSWAGEN GOLF,6,E01004109,0,3
2024351429521,2024,351429521,1,9,0,-1,19,3,4,-1,0,0,0,0,7,0,1,1,-1,6,1,28,6,1968,2,2,VOLKSWAGEN GOLF,7,E01017376,0,4
2024421414406,2024,421414406,1,9,0,-1,19,5,1,-1,0,1,0,0,0,0,1,1,-1,6,1,68,10,1498,8,2,VOLKSWAGEN GOLF,4,E01022011,0,1
2024351526648,2024,351526648,4,9,0,-1,-1,0,0,-1,0,1,0,0,0,0,2,1,-1,6,-1,-1,-1,1598,1,17,VOLKSWAGEN GOLF,-1,-1,0,-1
2024501399011,2024,501399011,2,9,0,-1,7,6,8,-1,0,8,0,0,3,11,4,1,-1,6,1,73,10,1896,2,17,VOLKSWAGEN GOLF,10,E01019957,0,1
2024451529002,2024,451529002,2,9,0,-1,19,2,4,-1,0,1,0,0,0,0,1,1,-1,2,2,58,9,1498,8,0,VOLKSWAGEN GOLF,9,E01031622,0,4
2024101433520,2024,101433520,1,9,0,-1,3,8,4,-1,0,1,0,0,0,0,1,1,-1,6,2,56,9,1598,2,11,VOLKSWAGEN GOLF,4,E01008211,0,1
2024552400311,2024,552400311,1,9,0,9,9,6,4,0,0,5,0,0,0,0,4,1,6,6,1,26,6,1968,2,16,VOLKSWAGEN GOLF,-1,-1,0,-1
2024201458981,2024,201458981,1,9,0,-1,13,5,8,-1,0,1,1,4,1,11,1,1,-1,6,1,24,5,1984,1,3,VOLKSWAGEN GOLF,-1,-1,0,-1
2024122500065,2024,122500065,2,9,0,4,4,8,4,0,0,0,0,0,0,0,2,1,6,6,1,28,6,1498,1,5,VOLKSWAGEN GOLF,9,E01027690,0,1
2024201431727,2024,201431727,1,9,0,-1,19,2,6,-1,0,0,0,0,0,0,1,9,-1,6,1,17,4,1390,1,14,VOLKSWAGEN GOLF,4,E01010159,0,1
2024430292502,2024,430292502,3,9,0,3,3,8,4,0,0,0,0,0,0,0,2,1,6,6,1,49,8,1395,1,10,VOLKSWAGEN GOLF,6,E01002676,0,4
2024302401740,2024,302401740,1,9,0,17,19,7,3,0,0,0,2,4,1,10,1,1,6,6,1,20,4,1598,1,17,VOLKSWAGEN GOLF,4,E01003626,0,5
2024610014724,2024,610014724,3,9,0,4,4,6,2,0,0,0,0,0,0,0,1,1,1,1,1,-1,-1,1598,1,19,VOLKSWAGEN GOLF,7,W01001432,0,1
2024010539892,2024,010539892,2,9,0,99,99,9,9,99,99,9,9,99,9,99,9,9,6,6,3,-1,-1,1968,2,8,VOLKSWAGEN GOLF,-1,-1,0,-1
2024991497455,2024,991497455,1,9,0,-1,14,3,7,-1,0,0,0,0,0,0,1,1,-1,9,1,48,8,1395,8,0,VOLKSWAGEN GOLF,-1,-1,0,-1
202460Q171589,2024,60Q171589,1,9,0,18,19,5,1,0,0,4,0,0,0,0,3,1,6,6,2,27,6,1968,2,13,VOLKSWAGEN GOLF,-1,-1,0,-1
2024540590124,2024,540590124,3,9,0,18,19,3,4,0,0,8,0,0,0,0,1,1,6,6,2,34,6,1600,2,15,VOLKSWAGEN GOLF,4,E01031895,0,4
2024440395430,2024,440395430,1,9,0,18,19,1,5,0,0,0,0,0,0,0,4,1,6,6,2,83,11,1896,2,16,VOLKSWAGEN GOLF,9,E01022601,0,3
2024101439598,2024,101439598,2,9,0,-1,19,7,3,-1,0,0,0,0,0,0,4,9,-1,9,1,36,7,1968,2,14,VOLKSWAGEN GOLF,3,E01008222,0,1
2024141424725,2024,141424725,2,9,0,-1,19,5,1,-1,0,0,1,0,0,0,1,1,-1,6,1,-1,-1,1968,2,8,VOLKSWAGEN GOLF,1,E01008065,0,2
2024052401442,2024,052401442,2,9,0,18,19,8,4,0,0,1,0,0,7,11,4,1,6,6,1,30,6,1968,2,8,VOLKSWAGEN GOLF,4,E01006976,0,1
2024451483162,2024,451483162,2,9,0,-1,99,-1,-1,-1,0,4,1,0,0,0,3,1,-1,6,1,22,5,2000,1,19,VOLKSWAGEN GOLF,-1,-1,0,-1
2024421500561,2024,421500561,2,9,0,-1,3,8,3,-1,0,0,0,0,0,0,0,1,-1,1,2,36,7,1598,2,8,VOLKSWAGEN GOLF,6,E01021595,0,2
2024010508973,2024,010508973,2,9,0,99,99,9,9,99,99,9,9,99,9,99,0,9,6,6,3,20,4,1598,1,17,VOLKSWAGEN GOLF,7,E01003395,0,1
2024111495766,2024,111495766,2,9,0,-1,3,3,7,-1,0,0,0,0,0,0,2,1,-1,2,1,25,5,1984,1,7,VOLKSWAGEN GOLF,4,E01020688,0,2
2024201540505,2024,201540505,2,9,0,-1,3,3,3,-1,0,1,0,0,0,0,2,1,-1,6,1,39,7,2000,2,19,VOLKSWAGEN GOLF,3,E01009977,0,3
2024010522323,2024,010522323,2,9,0,1,1,7,3,0,0,0,0,99,0,0,2,1,6,6,3,-1,-1,1600,1,20,VOLKSWAGEN GOLF,-1,-1,0,-1
2024440088143,2024,440088143,1,9,0,9,9,1,6,0,0,6,0,0,0,0,3,1,2,2,2,33,6,1984,1,23,VOLKSWAGEN GOLF,5,E01035459,0,1
2024131502976,2024,131502976,1,9,0,-1,19,1,5,-1,0,0,0,4,0,0,1,2,-1,6,1,16,4,1598,2,12,VOLKSWAGEN GOLF,1,E01010744,0,1
2024471497859,2024,471497859,3,9,0,-1,2,0,0,-1,-1,2,0,0,0,0,2,1,-1,9,1,83,11,1598,2,11,VOLKSWAGEN GOLF,9,E01021072,0,1
2024010524623,2024,010524623,2,9,0,7,7,7,1,0,0,8,0,0,0,0,4,1,6,6,1,38,7,1498,8,0,VOLKSWAGEN GOLF,5,E01001240,0,1
2024421484503,2024,421484503,1,9,0,-1,1,1,5,-1,0,0,0,0,0,0,2,1,-1,6,1,30,6,1968,2,13,VOLKSWAGEN GOLF,4,E01026894,0,5
2024131472597,2024,131472597,1,9,0,-1,9,8,1,-1,1,6,0,0,0,0,1,1,-1,6,2,45,7,1598,2,12,VOLKSWAGEN GOLF,2,E01010792,0,3
2024440129353,2024,440129353,1,9,0,18,19,7,3,0,0,1,0,0,0,0,1,1,6,6,2,40,7,1598,2,11,VOLKSWAGEN GOLF,7,E01032002,0,4
2024211418828,2024,211418828,1,9,0,-1,12,5,8,-1,0,0,0,0,0,0,3,9,-1,9,1,30,6,1896,2,16,VOLKSWAGEN GOLF,4,E01016733,0,5
2024991429117,2024,991429117,1,9,0,-1,4,7,3,-1,0,0,0,0,0,0,2,1,-1,9,2,40,7,1968,2,10,VOLKSWAGEN GOLF,1,-1,0,1
202454A057224,2024,54A057224,1,9,0,18,19,2,6,0,0,4,1,0,0,0,1,1,6,6,1,30,6,1968,2,16,VOLKSWAGEN GOLF,1,E01015573,0,1
2024221481664,2024,221481664,1,9,0,-1,7,4,6,-1,9,6,0,0,0,0,1,9,-1,9,1,58,9,1598,2,8,VOLKSWAGEN GOLF,8,E01014112,0,4
2024061455994,2024,061455994,1,9,0,-1,19,3,7,-1,0,0,0,0,0,0,1,9,-1,9,1,19,4,1395,1,7,VOLKSWAGEN GOLF,9,E01005406,0,1
2024311455543,2024,311455543,2,9,-1,-1,7,7,3,-1,0,0,0,0,0,0,4,9,-1,7,1,42,7,1598,2,5,VOLKSWAGEN GOLF,5,E01028291,0,1
2024010541758,2024,010541758,1,9,0,10,10,5,3,0,0,1,0,0,0,0,1,1,6,6,1,33,6,1395,1,6,VOLKSWAGEN GOLF,5,E01003155,0,1
2024201423918,2024,201423918,1,9,0,-1,10,4,2,-1,0,1,0,7,6,0,2,1,-1,9,1,31,6,1600,2,15,VOLKSWAGEN GOLF,8,E01028549,0,4
2024161461985,2024,161461985,2,9,0,-1,7,4,6,-1,0,1,0,0,0,0,1,1,-1,1,2,59,9,1598,2,13,VOLKSWAGEN GOLF,10,E01013054,0,1
2024061530535,2024,061530535,2,9,0,-1,19,1,5,-1,0,1,0,0,0,0,1,1,-1,1,1,27,6,1984,1,5,VOLKSWAGEN GOLF,1,E01005585,0,3
2024010527801,2024,010527801,1,9,0,3,3,5,1,0,0,0,0,0,0,0,2,1,6,6,2,33,6,1395,1,7,VOLKSWAGEN GOLF,2,E01000526,0,1
2024421428494,2024,421428494,1,9,0,-1,19,2,6,-1,0,0,0,0,0,0,1,1,-1,9,1,26,6,1968,2,14,VOLKSWAGEN GOLF,10,E01023453,0,1
2024041428153,2024,041428153,1,9,0,-1,13,3,7,-1,0,0,1,10,2,10,1,1,-1,9,2,26,6,1968,2,7,VOLKSWAGEN GOLF,1,E01025042,0,1
2024141527414,2024,141527414,1,9,0,-1,19,-1,-1,-1,0,8,0,0,0,0,1,1,-1,6,3,-1,-1,1968,2,7,VOLKSWAGEN GOLF,-1,-1,0,-1
2024340WN2282,2024,340WN2282,1,9,0,-1,19,1,5,-1,0,0,0,0,7,3,1,1,-1,2,1,46,8,1598,2,5,VOLKSWAGEN GOLF,10,E01027274,0,1
2024351500951,2024,351500951,2,9,0,-1,19,1,5,-1,0,2,0,0,0,0,2,9,-1,6,2,37,7,1390,1,12,VOLKSWAGEN GOLF,9,E01018027,0,3
2024061447595,2024,061447595,1,9,0,-1,-1,-1,-1,-1,-1,0,-1,-1,-1,0,-1,1,-1,6,2,29,6,1395,1,6,VOLKSWAGEN GOLF,8,E01006078,0,3
2024221419285,2024,221419285,1,9,0,-1,19,8,4,-1,0,0,1,10,7,11,1,9,-1,6,1,18,4,1390,1,19,VOLKSWAGEN GOLF,7,E01028915,0,2
2024361455106,2024,361455106,1,9,0,-1,5,4,8,-1,1,2,0,0,0,0,0,1,-1,9,2,36,7,1968,2,13,VOLKSWAGEN GOLF,9,E01026548,0,3
2024302400976,2024,302400976,2,9,0,4,4,8,4,0,0,2,0,0,0,0,0,1,6,6,3,-1,-1,1896,2,17,VOLKSWAGEN GOLF,5,E01019456,0,4
2024501415321,2024,501415321,1,9,0,-1,2,6,6,-1,0,1,0,0,0,0,2,9,-1,7,2,35,6,1600,1,20,VOLKSWAGEN GOLF,-1,-1,0,-1
2024401479943,2024,401479943,1,9,0,-1,19,1,5,-1,0,0,1,0,1,0,1,1,-1,6,1,27,6,1598,2,11,VOLKSWAGEN GOLF,4,E01018086,0,4
2024010537816,2024,010537816,2,9,0,18,19,7,3,0,0,1,0,0,0,0,1,1,6,6,1,70,10,-1,3,5,VOLKSWAGEN GOLF,6,E01000587,0,1
2024010530443,2024,010530443,1,9,0,99,99,9,9,99,99,9,9,99,9,99,2,9,2,2,1,35,6,2000,1,16,VOLKSWAGEN GOLF,5,E01000975,0,1
2024440549155,2024,440549155,1,9,0,18,19,1,5,0,0,0,0,0,0,0,1,1,6,6,3,-1,-1,1598,2,13,VOLKSWAGEN GOLF,-1,-1,0,-1
2024471488292,2024,471488292,1,9,0,-1,6,3,7,-1,0,0,0,0,0,0,3,1,-1,9,1,45,7,1598,2,13,VOLKSWAGEN GOLF,6,E01031452,0,3
2024421404780,2024,421404780,1,9,0,-1,5,6,6,-1,0,5,0,0,0,0,1,1,-1,2,1,37,7,1984,1,9,VOLKSWAGEN GOLF,5,E01021432,0,3
2024010522669,2024,010522669,1,9,0,99,99,9,9,0,0,1,0,99,0,0,3,9,6,6,1,21,5,1600,2,15,VOLKSWAGEN GOLF,4,E01012633,0,5
2024340WN2712,2024,340WN2712,1,9,0,-1,19,5,1,-1,0,0,0,0,0,0,1,1,-1,9,1,29,6,1390,1,15,VOLKSWAGEN GOLF,2,E01027155,0,3
2024010507524,2024,010507524,2,9,0,99,99,9,9,99,99,9,9,99,9,99,9,9,6,6,3,-1,-1,1395,1,10,VOLKSWAGEN GOLF,7,E01030851,0,3
2024122400660,2024,122400660,2,9,0,18,19,2,7,0,0,8,0,0,0,0,4,1,6,6,1,43,7,1968,2,10,VOLKSWAGEN GOLF,3,E01013447,0,1
2024430604031,2024,430604031,3,9,0,18,19,4,8,0,0,2,0,0,0,0,3,1,6,6,1,27,6,1968,2,15,VOLKSWAGEN GOLF,4,E01017790,0,1
2024430028721,2024,430028721,2,9,0,3,3,4,8,0,0,0,0,0,0,0,2,1,6,6,2,29,6,1968,2,17,VOLKSWAGEN GOLF,10,E01028820,0,3
2024010522803,2024,010522803,1,9,0,18,19,3,7,0,0,8,1,9,3,7,1,1,6,6,1,27,6,1498,1,3,VOLKSWAGEN GOLF,10,E01002467,0,1
2024531450394,2024,531450394,2,9,0,-1,9,5,3,-1,0,6,0,0,0,0,3,1,-1,2,2,19,4,1390,1,16,VOLKSWAGEN GOLF,6,E01022400,0,1
2024201459996,2024,201459996,3,9,0,-1,3,8,4,-1,0,0,0,0,0,0,2,1,-1,6,1,48,8,1600,2,14,VOLKSWAGEN GOLF,4,E01010015,0,1
2024440549636,2024,440549636,2,9,0,9,9,2,6,0,0,8,0,0,0,0,4,1,6,6,1,69,10,1598,2,9,VOLKSWAGEN GOLF,6,E01022561,0,3
2024201426401,2024,201426401,1,9,0,-1,19,3,7,-1,0,8,0,0,0,0,1,1,-1,6,1,44,7,1968,2,16,VOLKSWAGEN GOLF,4,E01010026,0,2
2024201462209,2024,201462209,1,9,0,-1,9,8,6,-1,0,5,0,0,0,0,1,1,-1,6,1,31,6,1968,2,9,VOLKSWAGEN GOLF,1,E01009016,0,1
2024520402613,2024,520402613,2,9,0,2,2,0,0,0,0,0,0,0,0,0,2,1,6,6,3,-1,-1,1598,2,8,VOLKSWAGEN GOLF,-1,-1,0,-1
2024471396956,2024,471396956,1,9,0,-1,19,2,5,-1,0,0,0,0,0,0,1,1,-1,2,1,62,9,1395,1,8,VOLKSWAGEN GOLF,2,E01031555,0,1
2024522402878,2024,522402878,1,9,0,18,19,6,2,0,0,8,0,0,0,0,1,1,6,6,2,24,5,1598,1,17,VOLKSWAGEN GOLF,6,E01014591,0,1
2024131497806,2024,131497806,3,9,0,-1,19,3,6,-1,0,0,0,0,0,0,2,1,-1,6,1,48,8,1896,2,16,VOLKSWAGEN GOLF,2,E01011868,0,3
2024340WN6732,2024,340WN6732,2,9,0,-1,19,9,9,-1,0,1,1,0,0,0,3,1,-1,9,1,32,6,1600,1,19,VOLKSWAGEN GOLF,5,E01027136,0,1
2024010523146,2024,010523146,1,9,0,99,99,9,9,99,99,9,9,99,9,99,2,9,2,2,2,37,7,1390,1,14,VOLKSWAGEN GOLF,9,E01001107,0,1
2024351432690,2024,351432690,2,9,0,-1,2,0,0,-1,0,0,0,0,0,0,4,1,-1,6,-1,-1,-1,1600,1,20,VOLKSWAGEN GOLF,-1,-1,0,-1
2024531477095,2024,531477095,1,9,0,-1,19,4,8,-1,0,0,0,0,0,0,4,1,-1,6,1,21,5,1781,1,23,VOLKSWAGEN GOLF,3,E01022245,0,1
2024461421473,2024,461421473,2,8,0,-1,5,4,8,-1,0,0,0,0,0,0,1,1,-1,1,1,31,6,1598,2,4,VOLKSWAGEN GOLF,3,E01033092,0,2
2024041469370,2024,041469370,2,9,0,-1,19,4,8,-1,0,8,1,0,0,0,3,1,-1,9,2,24,5,1598,2,12,VOLKSWAGEN GOLF,3,E01010675,0,4
2024610040024,2024,610040024,1,9,0,13,13,7,3,0,0,0,1,0,5,6,3,1,6,6,1,39,7,1896,2,18,VOLKSWAGEN GOLF,4,E01014906,0,4
2024101428611,2024,101428611,5,9,0,-1,2,0,0,-1,0,0,0,0,0,0,2,1,-1,9,1,-1,-1,999,1,5,VOLKSWAGEN GOLF,5,E01027517,0,1
2024440091241,2024,440091241,2,9,0,18,19,4,8,0,0,1,0,0,0,0,4,1,6,6,1,21,5,1968,2,14,VOLKSWAGEN GOLF,-1,-1,0,-1
2024010499767,2024,010499767,1,9,0,18,19,1,5,0,0,8,0,0,0,0,1,1,6,6,2,87,11,1395,1,8,VOLKSWAGEN GOLF,8,E01001994,0,1
2024131425050,2024,131425050,2,9,0,-1,19,7,3,-1,0,0,0,0,0,0,1,1,-1,9,2,40,7,1498,1,4,VOLKSWAGEN GOLF,6,E01010955,0,4
2024041477489,2024,041477489,2,9,0,-1,19,1,3,-1,0,1,0,0,0,0,3,1,-1,6,2,29,6,1600,2,15,VOLKSWAGEN GOLF,1,E01024909,0,1
2024401404798,2024,401404798,2,9,0,-1,19,3,7,-1,0,4,0,0,0,0,1,1,-1,6,1,24,5,1984,1,4,VOLKSWAGEN GOLF,4,E01015784,0,1
2024221450706,2024,221450706,1,9,0,-1,3,1,5,-1,0,0,0,0,0,0,2,1,-1,6,1,47,8,1498,8,0,VOLKSWAGEN GOLF,5,E01010110,0,4
2024010526397,2024,010526397,1,9,0,4,4,5,1,0,0,1,0,0,0,0,2,1,6,6,2,52,8,1395,1,6,VOLKSWAGEN GOLF,2,E01003336,0,1
2024411402938,2024,411402938,2,9,0,-1,3,7,3,-1,0,0,0,0,0,0,3,1,-1,6,2,57,9,1896,2,15,VOLKSWAGEN GOLF,3,E01023866,0,1
2024320419355,2024,320419355,2,9,0,2,2,0,0,0,0,0,0,0,0,0,4,1,6,6,1,21,5,1968,2,16,VOLKSWAGEN GOLF,2,E01026049,0,2
202460Q015647,2024,60Q015647,1,9,0,16,19,1,5,0,0,0,5,0,1,11,3,1,6,6,3,-1,-1,1968,2,14,VOLKSWAGEN GOLF,-1,-1,0,-1
2024010540427,2024,010540427,2,9,0,99,99,9,9,99,99,9,9,99,9,99,1,9,6,6,3,-1,-1,999,1,0,VOLKSWAGEN GOLF,-1,-1,0,-1
2024320130184,2024,320130184,1,9,0,-1,-1,4,8,0,0,0,1,0,0,0,1,1,-1,-1,1,20,4,1598,2,13,VOLKSWAGEN GOLF,9,E01026293,0,1
2024430600080,2024,430600080,2,9,0,18,19,2,6,0,0,0,0,0,6,6,4,1,1,1,1,48,8,1984,1,3,VOLKSWAGEN GOLF,1,E01002280,0,4
2024010545412,2024,010545412,1,9,0,10,10,3,1,0,0,2,0,0,0,0,1,1,6,6,2,69,10,1598,1,18,VOLKSWAGEN GOLF,3,E01001440,0,1
2024501497837,2024,501497837,2,9,0,-1,19,5,1,-1,0,0,0,0,0,0,1,1,-1,6,1,22,5,1968,2,13,VOLKSWAGEN GOLF,4,E01015269,0,1
2024440165244,2024,440165244,1,9,0,18,19,2,6,0,0,0,0,0,0,0,2,1,6,6,2,29,6,1395,8,8,VOLKSWAGEN GOLF,10,E01022895,0,1
2024010517136,2024,010517136,2,9,0,99,99,9,9,99,99,9,9,99,9,99,9,9,6,6,3,23,5,1598,1,17,VOLKSWAGEN GOLF,5,E01001173,0,3