collision_index,collision_year,collision_ref_no,vehicle_reference,vehicle_type,towing_and_articulation,vehicle_manoeuvre_historic,vehicle_manoeuvre,vehicle_direction_from,vehicle_direction_to,vehicle_location_restricted_lane_historic,vehicle_location_restricted_lane,junction_location,skidding_and_overturning,hit_object_in_carriageway,vehicle_leaving_carriageway,hit_object_off_carriageway,first_point_of_impact,vehicle_left_hand_drive,journey_purpose_of_driver_historic,journey_purpose_of_driver,sex_of_driver,age_of_driver,age_band_of_driver,engine_capacity_cc,propulsion_code,age_of_vehicle,generic_make_model,driver_imd_decile,lsoa_of_driver,escooter_flag,driver_distance_banding
2024201482305,2024,201482305,2,9,0,-1,19,6,2,-1,0,8,0,0,0,0,1,9,-1,6,2,23,5,1595,1,15,VOLKSWAGEN GOLF,6,E01013491,0,4
2024361500453,2024,361500453,1,9,0,-1,19,7,3,-1,0,0,0,4,0,0,1,1,-1,9,2,30,6,1598,2,15,VOLKSWAGEN GOLF,5,E01026751,0,1
2024631440447,2024,631440447,1,9,0,-1,5,5,1,-1,0,6,0,0,0,0,3,1,-1,6,1,84,11,1598,2,11,VOLKSWAGEN GOLF,7,W01000712,0,3
2024041468787,2024,041468787,1,9,0,-1,9,7,3,-1,0,0,0,0,0,0,3,1,-1,9,2,79,11,1498,1,5,VOLKSWAGEN GOLF,1,E01005389,0,4
2024131406081,2024,131406081,1,9,0,-1,2,5,1,-1,0,0,0,0,0,0,2,1,-1,6,1,45,7,1900,2,18,VOLKSWAGEN GOLF,7,E01011890,0,1
2024111487835,2024,111487835,1,9,0,-1,19,1,3,-1,0,0,1,0,7,0,1,1,-1,9,1,17,4,1598,2,8,VOLKSWAGEN GOLF,7,E01020862,0,2
2024451405906,2024,451405906,2,9,0,-1,19,3,7,-1,0,0,0,0,0,0,1,1,-1,1,1,25,5,1390,1,13,VOLKSWAGEN GOLF,6,E01001070,0,1
2024501514094,2024,501514094,1,9,0,-1,19,1,5,-1,0,1,5,0,7,10,1,1,-1,9,2,23,5,1598,2,12,VOLKSWAGEN GOLF,9,E01020316,0,4
2024471410414,2024,471410414,1,9,0,-1,19,2,6,-1,0,0,0,0,0,0,1,1,-1,2,1,33,6,1598,2,11,VOLKSWAGEN GOLF,6,E01031817,0,4
2024031397927,2024,031397927,2,9,0,-1,10,7,3,-1,0,5,0,0,0,0,2,1,-1,9,1,40,7,1896,1,33,VOLKSWAGEN GOLF,-1,-1,0,-1
2024361408704,2024,361408704,1,9,0,-1,19,4,8,-1,9,0,1,0,1,0,0,1,-1,9,1,28,6,1968,2,18,VOLKSWAGEN GOLF,6,E01026637,0,1
2024545308224,2024,545308224,1,9,0,17,19,8,4,0,0,0,0,0,0,0,1,1,1,1,1,19,4,1968,2,14,VOLKSWAGEN GOLF,6,E01031848,0,3
202417H104624,2024,17H104624,2,9,0,-1,19,5,1,-1,0,8,0,0,0,0,0,1,-1,6,1,44,7,1598,2,10,VOLKSWAGEN GOLF,1,E01011980,0,1
2024010492672,2024,010492672,2,9,0,5,5,5,1,0,0,1,0,4,8,4,1,1,6,6,1,31,6,1498,8,2,VOLKSWAGEN GOLF,3,E01003302,0,2
2024451412731,2024,451412731,1,9,0,-1,19,5,1,-1,0,0,0,0,0,0,3,1,-1,2,1,23,5,1600,2,15,VOLKSWAGEN GOLF,10,E01031615,0,3
2024131476498,2024,131476498,1,9,0,-1,-1,-1,-1,-1,-1,0,-1,-1,-1,-1,-1,1,-1,6,3,-1,-1,1968,2,10,VOLKSWAGEN GOLF,-1,-1,0,-1
2024122500455,2024,122500455,1,9,0,18,19,3,1,0,0,0,2,7,1,10,3,1,6,6,1,43,7,1984,1,9,VOLKSWAGEN GOLF,6,E01030063,0,5
2024991485832,2024,991485832,2,9,0,-1,19,1,5,-1,0,0,1,0,1,0,1,1,-1,9,1,20,4,1390,1,15,VOLKSWAGEN GOLF,10,-1,0,2
2024461425386,2024,461425386,1,9,0,-1,19,5,1,-1,0,1,0,0,0,0,1,9,-1,6,1,48,8,1781,1,28,VOLKSWAGEN GOLF,2,E01024241,0,2
2024010506210,2024,010506210,3,9,0,18,19,7,3,0,0,0,0,0,0,0,2,1,6,6,1,46,8,1498,1,5,VOLKSWAGEN GOLF,2,E01001800,0,2
2024010525025,2024,010525025,1,9,0,6,6,1,1,0,0,0,0,0,0,0,3,1,2,2,1,28,6,1498,8,1,VOLKSWAGEN GOLF,3,E01000130,0,1
2024122400309,2024,122400309,1,9,0,18,19,8,4,0,0,6,0,0,0,0,1,1,6,6,2,24,5,1598,1,16,VOLKSWAGEN GOLF,-1,-1,0,-1
2024131534603,2024,131534603,1,9,0,-1,19,5,1,-1,0,1,1,0,7,0,1,1,-1,6,2,28,6,1598,2,11,VOLKSWAGEN GOLF,1,E01011001,0,1
202417H105524,2024,17H105524,1,9,0,-1,19,6,2,-1,0,8,0,0,0,0,1,1,-1,2,1,21,5,1598,2,10,VOLKSWAGEN GOLF,3,E01020811,0,3
2024141415936,2024,141415936,2,9,0,-1,19,3,6,-1,9,0,0,0,0,0,0,1,-1,6,1,25,5,2000,2,19,VOLKSWAGEN GOLF,5,E01007330,0,1
2024332400315,2024,332400315,2,9,0,-1,19,1,5,-1,0,8,0,0,0,0,1,1,-1,9,1,26,6,1968,2,8,VOLKSWAGEN GOLF,8,E01013643,0,2
2024041401489,2024,041401489,1,9,0,-1,19,7,3,-1,0,0,1,4,0,0,4,1,-1,6,1,20,4,2000,1,15,VOLKSWAGEN GOLF,7,E01004775,0,3
2024991410255,2024,991410255,1,9,0,-1,19,3,7,-1,0,0,2,0,1,4,1,1,-1,9,1,36,7,1984,1,8,VOLKSWAGEN GOLF,-1,-1,0,-1
2024010488488,2024,010488488,1,9,0,17,19,5,3,0,0,0,0,0,0,0,3,1,6,6,2,62,9,1984,1,6,VOLKSWAGEN GOLF,9,E01002464,0,1
2024520001521,2024,520001521,1,9,0,14,14,3,7,0,0,0,0,0,0,0,1,1,6,6,2,54,8,1896,2,17,VOLKSWAGEN GOLF,2,E01014462,0,1
2024522401987,2024,522401987,1,9,0,6,6,2,2,0,0,0,0,0,0,0,4,1,6,6,3,-1,-1,1600,2,14,VOLKSWAGEN GOLF,-1,-1,0,-1
2024010512413,2024,010512413,2,9,0,99,99,9,9,99,99,9,9,99,9,99,1,9,6,6,3,-1,-1,1390,1,12,VOLKSWAGEN GOLF,-1,-1,0,-1
2024131529404,2024,131529404,2,9,0,-1,19,7,7,-1,0,0,0,0,0,0,1,1,-1,6,1,50,8,1968,2,12,VOLKSWAGEN GOLF,1,E01011729,0,1
2024311525421,2024,311525421,1,9,0,-1,3,1,5,-1,0,8,0,0,0,0,0,1,-1,6,1,87,11,1390,1,13,VOLKSWAGEN GOLF,10,E01028345,0,3
2024430592449,2024,430592449,1,9,0,18,19,4,8,0,0,2,0,11,0,0,1,1,6,6,1,68,10,1900,2,18,VOLKSWAGEN GOLF,4,E01016716,0,4
2024010534247,2024,010534247,1,9,0,18,19,7,3,0,0,0,0,0,0,0,1,1,6,6,3,-1,-1,1390,1,15,VOLKSWAGEN GOLF,-1,-1,0,-1
2024010521710,2024,010521710,1,9,0,18,19,5,1,0,0,1,0,10,1,0,4,1,6,6,1,20,4,1390,1,15,VOLKSWAGEN GOLF,3,E01001970,0,2
2024010519831,2024,010519831,1,9,0,9,9,3,8,0,0,6,0,0,0,0,1,1,6,6,2,35,6,1598,2,6,VOLKSWAGEN GOLF,-1,-1,0,-1
2024221417576,2024,221417576,3,9,0,-1,4,1,4,-1,0,0,1,0,0,0,2,9,-1,2,2,24,5,1896,2,22,VOLKSWAGEN GOLF,1,E01009114,0,1
2024520401586,2024,520401586,2,9,0,3,3,3,7,0,0,0,0,0,0,0,3,1,6,6,1,55,8,1968,2,10,VOLKSWAGEN GOLF,7,E01029155,0,3
2024131462181,2024,131462181,1,9,0,-1,9,7,3,-1,0,1,0,0,0,0,1,1,-1,9,1,29,6,1968,2,1,VOLKSWAGEN GOLF,1,E01010605,0,1
2024161519936,2024,161519936,1,9,0,-1,3,5,1,-1,0,0,0,0,0,0,2,9,-1,6,2,27,6,1598,2,8,VOLKSWAGEN GOLF,6,E01013001,0,1
2024501435286,2024,501435286,2,9,0,-1,19,7,3,-1,0,8,0,0,0,0,4,9,-1,6,1,37,7,1598,2,10,VOLKSWAGEN GOLF,5,E01018820,0,2
2024340WN6192,2024,340WN6192,1,9,0,-1,19,1,5,-1,0,0,1,0,1,0,1,1,-1,6,1,39,7,1390,1,13,VOLKSWAGEN GOLF,-1,-1,0,-1
2024201426856,2024,201426856,2,9,0,-1,3,3,7,-1,0,8,0,0,0,0,2,1,-1,6,1,26,6,1498,1,2,VOLKSWAGEN GOLF,7,E01009530,0,1
2024451419592,2024,451419592,4,9,0,-1,19,6,6,-1,0,0,0,0,0,0,1,1,-1,9,1,51,8,1984,1,23,VOLKSWAGEN GOLF,9,E01030830,0,2
2024010497968,2024,010497968,2,9,0,9,9,7,5,0,0,5,0,0,0,0,1,1,6,6,2,53,8,1781,1,23,VOLKSWAGEN GOLF,3,E01001421,0,2
2024041510887,2024,041510887,2,9,0,-1,19,5,1,-1,0,0,0,0,0,0,2,1,-1,2,2,53,8,1498,8,2,VOLKSWAGEN GOLF,2,E01025051,0,1
2024071000215,2024,071000215,1,9,0,-1,19,7,3,-1,0,0,0,0,0,0,1,1,-1,2,2,26,6,1896,2,17,VOLKSWAGEN GOLF,2,E01012370,0,3
2024411495728,2024,411495728,2,9,0,-1,19,1,5,-1,0,0,0,0,0,0,1,1,-1,2,1,26,6,1598,2,9,VOLKSWAGEN GOLF,5,E01015717,0,4
2024401492756,2024,401492756,2,9,0,-1,19,1,5,-1,0,0,0,0,0,0,3,9,-1,2,2,19,4,1498,1,0,VOLKSWAGEN GOLF,7,E01017593,0,3
2024010527296,2024,010527296,2,9,0,99,99,9,9,99,99,9,9,99,9,99,1,9,6,6,1,-1,-1,1390,1,15,VOLKSWAGEN GOLF,-1,-1,0,-1
2024010547787,2024,010547787,1,9,0,18,19,7,3,0,0,0,1,4,0,0,1,1,6,6,1,17,4,1390,1,15,VOLKSWAGEN GOLF,4,E01001481,0,1
2024041453619,2024,041453619,1,9,0,-1,7,1,3,-1,0,2,1,0,7,11,3,1,-1,9,2,69,10,1968,2,10,VOLKSWAGEN GOLF,10,E01025352,0,2
2024411549598,2024,411549598,1,9,0,-1,1,7,3,-1,0,1,0,0,0,0,2,1,-1,9,1,86,11,1395,1,10,VOLKSWAGEN GOLF,10,E01023524,0,1
2024041499904,2024,041499904,2,9,0,-1,19,3,7,-1,0,0,0,0,0,0,1,1,-1,6,1,37,7,1968,2,10,VOLKSWAGEN GOLF,3,E01025111,0,1
2024451419592,2024,451419592,2,9,0,-1,19,6,2,-1,0,0,0,0,0,0,0,1,-1,9,1,53,8,1968,2,7,VOLKSWAGEN GOLF,8,E01030622,0,1
2024552401397,2024,552401397,2,9,0,17,19,6,3,0,0,0,0,0,0,0,1,1,2,2,1,65,9,1598,2,3,VOLKSWAGEN GOLF,5,E01015301,0,3
2024041455953,2024,041455953,2,9,0,-1,7,6,8,-1,0,0,0,0,0,0,3,1,-1,9,1,32,6,1968,2,8,VOLKSWAGEN GOLF,1,E01025049,0,1
2024401522684,2024,401522684,1,9,-1,-1,-1,-1,-1,-1,-1,-1,-1,-1,-1,0,-1,9,-1,6,1,34,6,1598,1,17,VOLKSWAGEN GOLF,5,E01023429,0,4
2024371503890,2024,371503890,1,9,0,-1,4,1,5,-1,0,0,0,0,0,0,1,1,-1,6,2,30,6,1896,2,17,VOLKSWAGEN GOLF,6,E01030218,0,1
2024010543469,2024,010543469,2,9,0,5,5,1,5,0,0,0,0,0,0,0,1,1,6,6,1,43,7,1390,1,17,VOLKSWAGEN GOLF,5,E01004348,0,2
2024131450265,2024,131450265,1,9,0,-1,19,3,7,-1,0,4,0,0,0,0,4,1,-1,6,1,23,5,1598,2,6,VOLKSWAGEN GOLF,4,E01010853,0,1
2024522500223,2024,522500223,1,9,0,17,19,4,1,0,0,8,0,0,0,0,1,1,6,6,2,39,7,1598,1,18,VOLKSWAGEN GOLF,5,E01014573,0,1
2024501404494,2024,501404494,1,9,0,-1,5,7,3,-1,0,0,1,0,0,0,3,1,-1,6,1,27,6,1896,2,21,VOLKSWAGEN GOLF,3,E01020293,0,3
2024010542729,2024,010542729,1,9,0,99,99,9,9,99,99,0,9,99,9,99,9,9,6,6,1,30,6,1395,8,4,VOLKSWAGEN GOLF,5,E01003495,0,2
2024302401599,2024,302401599,1,9,0,18,19,1,5,0,0,0,0,0,0,0,1,1,6,6,1,18,4,1498,1,2,VOLKSWAGEN GOLF,8,E01019834,0,1
2024010521421,2024,010521421,1,9,0,18,19,1,5,0,0,8,0,0,0,0,1,1,2,2,2,54,8,1598,2,8,VOLKSWAGEN GOLF,3,E01001789,0,1
2024201484060,2024,201484060,2,9,0,-1,3,1,5,-1,0,0,0,0,0,0,2,9,-1,6,2,30,6,1390,1,16,VOLKSWAGEN GOLF,10,E01032097,0,5
2024131419928,2024,131419928,2,9,0,-1,19,5,1,-1,0,8,0,0,0,0,3,1,-1,9,1,33,6,1598,2,11,VOLKSWAGEN GOLF,3,E01010571,0,1
2024440159478,2024,440159478,1,9,0,17,19,5,2,0,0,0,2,10,0,0,4,1,6,6,1,72,10,1395,1,8,VOLKSWAGEN GOLF,-1,-1,0,-1
2024010523290,2024,010523290,1,9,0,5,5,5,1,0,0,4,0,0,0,0,1,1,2,2,2,27,6,1390,1,15,VOLKSWAGEN GOLF,5,E01003307,0,1
2024131436229,2024,131436229,1,9,0,-1,19,3,7,-1,0,8,0,0,0,0,1,1,-1,7,2,34,6,1968,2,9,VOLKSWAGEN GOLF,8,E01010709,0,1
2024122400837,2024,122400837,2,9,0,17,19,6,2,0,0,0,0,0,0,0,1,1,6,6,1,51,8,1395,8,1,VOLKSWAGEN GOLF,8,E01027634,0,2
2024451466227,2024,451466227,1,9,0,-1,19,1,5,-1,0,0,0,0,7,9,1,1,-1,9,1,60,9,2000,1,17,VOLKSWAGEN GOLF,10,E01024426,0,3
2024131423790,2024,131423790,2,9,0,-1,4,8,4,-1,0,0,0,0,0,0,2,1,-1,9,2,34,6,1984,1,8,VOLKSWAGEN GOLF,8,E01011857,0,1
2024340WN5872,2024,340WN5872,2,9,0,-1,19,3,7,-1,0,0,0,0,0,0,2,1,-1,9,1,37,7,1968,2,9,VOLKSWAGEN GOLF,5,E01035423,0,1
2024131447800,2024,131447800,1,9,0,-1,-1,-1,-1,-1,-1,-1,-1,-1,-1,-1,-1,1,-1,6,3,-1,-1,1984,1,6,VOLKSWAGEN GOLF,-1,-1,0,-1
2024010549299,2024,010549299,1,9,0,9,9,7,4,0,0,2,0,0,0,0,1,1,2,2,1,19,4,1598,1,18,VOLKSWAGEN GOLF,7,E01030707,0,2
2024052401800,2024,052401800,1,9,0,9,9,7,5,0,0,8,0,0,0,0,1,1,6,6,1,18,4,1598,2,11,VOLKSWAGEN GOLF,10,E01007199,0,2
2024311430059,2024,311430059,2,9,0,-1,19,5,1,-1,0,0,1,0,0,0,1,1,-1,1,2,35,6,1598,2,14,VOLKSWAGEN GOLF,9,E01013979,0,3
2024131500829,2024,131500829,2,9,0,-1,2,0,0,-1,0,8,0,0,0,0,1,1,-1,6,-1,-1,-1,1395,1,11,VOLKSWAGEN GOLF,-1,-1,0,-1
2024430276768,2024,430276768,1,9,0,7,7,2,4,0,0,5,0,0,0,0,2,1,1,1,1,32,6,1968,2,11,VOLKSWAGEN GOLF,9,E01017752,0,3
2024991417881,2024,991417881,1,9,0,-1,19,6,2,-1,0,1,0,0,0,0,1,1,-1,9,1,18,4,1968,2,9,VOLKSWAGEN GOLF,10,-1,0,1
2024131477847,2024,131477847,1,9,0,-1,19,7,3,-1,0,8,0,0,0,0,1,1,-1,1,1,20,4,1598,2,12,VOLKSWAGEN GOLF,3,E01010629,0,1
2024122400371,2024,122400371,1,9,0,4,4,6,2,0,0,1,0,0,0,0,2,1,6,6,2,80,11,1968,2,12,VOLKSWAGEN GOLF,5,E01027798,0,4
2024161518632,2024,161518632,1,9,0,-1,19,5,1,-1,0,0,1,0,0,0,1,9,-1,6,1,37,7,1980,1,14,VOLKSWAGEN GOLF,2,E01013291,0,2
2024440454762,2024,440454762,1,9,0,16,19,4,7,0,0,0,2,0,8,10,3,1,6,6,1,25,5,2792,1,23,VOLKSWAGEN GOLF,4,E01017312,0,2
2024991432416,2024,991432416,2,9,0,-1,3,4,8,-1,0,0,0,0,0,0,3,1,-1,9,1,18,4,1598,2,9,VOLKSWAGEN GOLF,1,-1,0,1
2024991398262,2024,991398262,1,9,0,-1,19,5,1,-1,0,0,0,0,0,0,1,1,-1,9,1,23,5,1968,2,11,VOLKSWAGEN GOLF,3,-1,0,1
2024041433706,2024,041433706,1,9,0,-1,7,1,4,-1,0,1,0,0,0,0,1,1,-1,6,1,35,6,1968,2,14,VOLKSWAGEN GOLF,1,E01025185,0,1
2024141439250,2024,141439250,1,9,0,-1,9,2,1,-1,0,0,0,0,0,0,3,1,-1,9,2,24,5,1498,1,4,VOLKSWAGEN GOLF,2,E01007457,0,1
2024471461795,2024,471461795,1,9,0,-1,19,8,4,-1,0,2,0,0,7,1,1,1,-1,6,2,75,10,1395,1,7,VOLKSWAGEN GOLF,6,E01031508,0,4
2024552401181,2024,552401181,2,9,0,18,19,4,8,0,0,0,0,0,0,0,2,1,6,6,2,33,6,1598,1,17,VOLKSWAGEN GOLF,4,E01031895,0,4
2024991442599,2024,991442599,1,9,0,-1,15,6,2,-1,0,0,0,0,0,0,4,1,-1,6,1,34,6,2000,1,16,VOLKSWAGEN GOLF,9,-1,0,1
2024201439156,2024,201439156,1,9,0,-1,19,1,5,-1,0,0,0,0,0,0,1,1,-1,9,-1,16,4,1984,1,5,VOLKSWAGEN GOLF,-1,-1,0,-1
2024131409697,2024,131409697,2,9,0,-1,9,5,7,-1,0,3,0,0,0,0,4,1,-1,9,1,24,5,1896,2,17,VOLKSWAGEN GOLF,1,E01010616,0,1
2024010502696,2024,010502696,3,9,0,99,99,9,9,99,99,9,9,99,9,99,0,9,6,6,3,34,6,1498,8,3,VOLKSWAGEN GOLF,-1,-1,0,-1
2024351430358,2024,351430358,1,9,0,-1,9,6,4,-1,0,8,0,0,0,0,1,1,-1,6,1,19,4,1197,1,11,VOLKSWAGEN GOLF,7,E01018011,0,1
2024061430268,2024,061430268,2,9,0,-1,19,5,1,-1,0,0,0,0,0,0,1,9,-1,6,3,-1,-1,1900,2,18,VOLKSWAGEN GOLF,-1,-1,0,-1
2024430203130,2024,430203130,1,9,0,18,19,2,6,0,0,8,0,9,3,4,1,1,6,6,1,26,6,1968,2,3,VOLKSWAGEN GOLF,-1,-1,0,-1
2024471430197,2024,471430197,1,9,0,-1,9,2,8,-1,0,8,0,0,0,0,1,1,-1,9,1,24,5,1598,2,12,VOLKSWAGEN GOLF,6,E01031378,0,3
2024010544897,2024,010544897,2,9,0,18,19,5,1,0,0,8,0,0,0,0,1,1,2,2,1,39,7,1598,2,13,VOLKSWAGEN GOLF,4,E01023805,0,2
2024471421059,2024,471421059,2,9,0,-1,19,3,7,-1,0,1,1,0,0,0,3,1,-1,6,1,-1,-1,1896,2,21,VOLKSWAGEN GOLF,7,E01016913,0,1
2024101407663,2024,101407663,3,9,0,-1,19,6,1,-1,0,0,0,0,0,0,2,1,-1,6,1,26,6,1498,1,5,VOLKSWAGEN GOLF,-1,-1,0,-1
2024622400616,2024,622400616,2,9,0,5,5,1,5,0,0,1,0,0,0,0,1,1,6,6,1,24,5,1197,1,10,VOLKSWAGEN GOLF,7,W01001860,0,2
2024101458055,2024,101458055,1,9,0,-1,3,3,7,-1,0,0,0,0,0,0,1,1,-1,9,1,74,10,1498,1,1,VOLKSWAGEN GOLF,-1,-1,0,-1
2024010511876,2024,010511876,3,9,0,18,19,5,1,0,0,1,0,0,0,0,2,1,6,6,2,23,5,1498,1,1,VOLKSWAGEN GOLF,-1,-1,0,-1
2024010518450,2024,010518450,1,9,0,6,6,7,7,0,0,2,0,0,0,0,1,1,3,7,1,25,5,1598,1,17,VOLKSWAGEN GOLF,3,E01033100,0,1
2024031491526,2024,031491526,2,9,0,-1,19,5,1,-1,0,0,0,11,0,0,1,1,-1,9,1,38,7,1968,2,15,VOLKSWAGEN GOLF,9,-1,0,5
2024501411825,2024,501411825,1,9,0,-1,7,8,1,-1,0,8,0,0,0,0,2,1,-1,9,1,18,4,1598,2,11,VOLKSWAGEN GOLF,2,E01015186,0,1
2024010498187,2024,010498187,2,9,0,9,9,7,5,0,0,6,0,0,0,0,4,1,6,6,3,-1,-1,1395,1,7,VOLKSWAGEN GOLF,-1,-1,0,-1
2024061473556,2024,061473556,1,9,0,-1,19,8,4,-1,0,1,0,0,0,0,1,1,-1,6,1,39,7,1498,1,6,VOLKSWAGEN GOLF,9,E01006233,0,1
2024010511733,2024,010511733,2,9,0,99,99,9,9,99,99,9,9,99,9,99,9,9,6,6,3,-1,-1,1390,1,13,VOLKSWAGEN GOLF,5,E01032567,0,1
2024501406841,2024,501406841,1,9,0,-1,19,3,1,-1,0,0,1,11,1,0,1,9,-1,6,1,77,11,1395,8,7,VOLKSWAGEN GOLF,6,E01019959,0,1
2024061447803,2024,061447803,3,9,0,-1,19,5,1,-1,0,1,0,0,0,0,1,1,-1,6,2,38,7,1395,8,0,VOLKSWAGEN GOLF,3,E01005161,0,1
2024552401038,2024,552401038,2,9,0,3,3,8,4,0,0,0,0,0,0,0,2,1,6,6,1,30,6,1598,2,8,VOLKSWAGEN GOLF,5,E01020472,0,1
2024361460760,2024,361460760,1,9,0,-1,1,5,1,-1,0,0,0,0,0,0,4,1,-1,9,1,54,8,1968,2,8,VOLKSWAGEN GOLF,9,E01026509,0,4
2024052402728,2024,052402728,1,9,0,18,19,7,3,0,0,8,0,0,0,0,1,1,6,6,2,43,7,-1,3,7,VOLKSWAGEN GOLF,5,E01006527,0,1
2024061421915,2024,061421915,1,9,0,-1,19,-1,-1,-1,0,0,0,0,0,0,0,9,-1,6,3,-1,-1,1984,1,7,VOLKSWAGEN GOLF,-1,-1,0,-1
2024010503668,2024,010503668,2,9,0,99,99,9,9,99,99,9,9,99,9,99,9,9,6,6,3,-1,-1,999,8,0,VOLKSWAGEN GOLF,-1,-1,0,-1
2024471473504,2024,471473504,2,9,0,-1,4,4,1,-1,0,0,0,0,0,0,2,1,-1,9,1,53,8,1598,2,13,VOLKSWAGEN GOLF,10,E01030438,0,4
2024302400696,2024,302400696,2,9,0,18,19,5,1,0,0,8,0,0,0,0,1,1,6,6,3,34,6,1598,2,9,VOLKSWAGEN GOLF,7,E01013562,0,1
2024451489006,2024,451489006,2,9,0,-1,19,1,5,-1,0,8,0,0,0,0,2,1,-1,6,1,35,6,1968,2,11,VOLKSWAGEN GOLF,9,E01030580,0,1
2024501442690,2024,501442690,3,9,0,-1,19,8,4,-1,0,0,0,0,7,9,3,1,-1,2,1,26,6,1968,2,10,VOLKSWAGEN GOLF,5,E01018864,0,4
2024131499906,2024,131499906,3,9,0,-1,2,5,1,-1,0,0,0,0,0,0,3,1,-1,6,1,23,5,1968,2,8,VOLKSWAGEN GOLF,3,E01011783,0,4
2024552401068,2024,552401068,1,9,0,18,19,7,3,9,9,0,0,10,1,10,4,1,6,6,1,24,5,1598,2,8,VOLKSWAGEN GOLF,5,E01015358,0,4
2024221502571,2024,221502571,1,9,0,-1,5,2,4,-1,0,6,0,0,3,0,3,1,-1,9,1,76,11,1598,1,22,VOLKSWAGEN GOLF,3,E01028912,0,2
2024351448949,2024,351448949,1,9,-1,-1,-1,-1,-1,-1,-1,-1,-1,-1,-1,0,4,9,-1,6,1,31,6,1598,2,7,VOLKSWAGEN GOLF,6,E01035547,0,3
2024131532491,2024,131532491,2,9,0,-1,19,5,1,-1,0,8,1,4,0,0,3,1,-1,6,1,29,6,1598,2,7,VOLKSWAGEN GOLF,1,E01010626,0,1
2024131499096,2024,131499096,1,9,0,-1,14,3,7,-1,0,0,0,0,0,0,4,1,-1,6,3,-1,-1,1600,2,15,VOLKSWAGEN GOLF,-1,-1,0,-1
2024221529875,2024,221529875,1,9,0,-1,9,7,5,-1,0,5,0,0,0,0,1,9,-1,9,2,54,8,1390,1,15,VOLKSWAGEN GOLF,10,E01032348,0,1
2024371536155,2024,371536155,1,9,0,-1,4,3,7,-1,0,0,1,0,0,0,2,1,-1,6,2,20,4,1598,2,8,VOLKSWAGEN GOLF,8,E01030042,0,1
2024361462088,2024,361462088,2,9,0,-1,10,3,8,-1,0,0,0,0,0,0,3,1,-1,6,2,53,8,1598,2,5,VOLKSWAGEN GOLF,4,E01026667,0,1
2024141394513,2024,141394513,1,9,0,-1,19,7,3,-1,0,0,0,0,0,0,1,1,-1,6,1,31,6,1968,2,13,VOLKSWAGEN GOLF,2,E01007701,0,1
2024440566555,2024,440566555,1,9,0,18,19,6,2,0,0,1,0,0,0,0,1,1,6,6,1,-1,-1,1598,2,10,VOLKSWAGEN GOLF,-1,-1,0,-1
2024471454796,2024,471454796,2,9,0,-1,19,7,5,-1,0,8,1,0,0,0,3,1,-1,1,2,39,7,1896,2,15,VOLKSWAGEN GOLF,5,E01031477,0,1
2024131435591,2024,131435591,1,9,0,-1,19,1,5,-1,0,0,0,0,0,0,3,1,-1,1,1,18,4,1984,1,8,VOLKSWAGEN GOLF,2,E01010806,0,1
2024201518193,2024,201518193,1,9,0,-1,1,1,5,-1,0,1,0,0,0,0,2,1,-1,6,3,-1,-1,1984,1,7,VOLKSWAGEN GOLF,-1,-1,0,-1
2024010519662,2024,010519662,1,9,0,5,5,1,5,0,0,2,0,0,0,0,1,1,6,6,1,68,10,1395,1,10,VOLKSWAGEN GOLF,5,E01033727,0,1
2024421429731,2024,421429731,1,9,0,-1,4,8,5,-1,0,0,1,0,0,0,1,1,-1,9,2,21,5,1498,1,6,VOLKSWAGEN GOLF,7,E01022058,0,2
2024991464272,2024,991464272,1,9,0,-1,19,2,6,-1,0,0,0,0,0,0,2,1,-1,9,2,25,5,1498,1,5,VOLKSWAGEN GOLF,-1,-1,0,-1
2024451424217,2024,451424217,1,9,0,-1,19,1,5,-1,9,1,0,10,0,0,1,1,-1,9,1,52,8,1968,2,2,VOLKSWAGEN GOLF,6,E01030729,0,1
2024061499972,2024,061499972,2,9,0,-1,9,5,3,-1,0,5,0,0,0,0,1,1,-1,2,2,27,6,1390,1,15,VOLKSWAGEN GOLF,2,E01034128,0,4
2024351504361,2024,351504361,1,9,0,-1,13,-1,-1,-1,0,0,0,0,0,0,-1,1,-1,6,1,30,6,1600,2,15,VOLKSWAGEN GOLF,8,E01033429,0,2
2024371497643,2024,371497643,2,9,0,-1,9,7,5,-1,0,6,1,0,0,0,3,1,-1,6,1,85,11,1968,2,10,VOLKSWAGEN GOLF,7,E01018220,0,2
2024545170324,2024,545170324,1,9,0,18,19,0,0,0,0,0,5,0,0,0,1,1,6,6,2,30,6,1968,2,14,VOLKSWAGEN GOLF,10,E01031927,0,1
2024302400950,2024,302400950,2,9,0,17,19,8,6,0,0,2,0,0,0,0,1,1,6,6,1,45,7,1896,2,22,VOLKSWAGEN GOLF,8,E01019874,0,1
2024351504879,2024,351504879,1,9,0,-1,9,5,3,-1,0,2,0,0,0,0,0,1,-1,9,2,72,10,1968,2,16,VOLKSWAGEN GOLF,10,E01018265,0,3
2024501395915,2024,501395915,2,9,0,-1,19,2,6,-1,0,0,0,0,0,0,1,1,-1,6,1,56,9,1968,2,6,VOLKSWAGEN GOLF,3,E01018759,0,1
2024201477569,2024,201477569,2,9,0,-1,19,3,7,-1,0,0,0,0,0,0,1,1,-1,6,1,24,5,1395,1,10,VOLKSWAGEN GOLF,-1,-1,0,-1
2024061534114,2024,061534114,2,9,0,-1,19,2,6,-1,0,2,0,0,0,0,2,1,-1,9,1,21,5,1390,1,15,VOLKSWAGEN GOLF,2,E01033686,0,1
2024201402675,2024,201402675,2,9,0,-1,3,4,8,-1,0,1,0,0,0,0,2,1,-1,9,1,24,5,1984,1,6,VOLKSWAGEN GOLF,1,E01009358,0,1
2024161467156,2024,161467156,2,9,0,-1,13,5,1,-1,0,1,1,0,7,4,1,1,-1,6,1,18,4,1896,2,16,VOLKSWAGEN GOLF,7,E01013026,0,1