collision_index,collision_year,collision_ref_no,vehicle_reference,vehicle_type,towing_and_articulation,vehicle_manoeuvre_historic,vehicle_manoeuvre,vehicle_direction_from,vehicle_direction_to,vehicle_location_restricted_lane_historic,vehicle_location_restricted_lane,junction_location,skidding_and_overturning,hit_object_in_carriageway,vehicle_leaving_carriageway,hit_object_off_carriageway,first_point_of_impact,vehicle_left_hand_drive,journey_purpose_of_driver_historic,journey_purpose_of_driver,sex_of_driver,age_of_driver,age_band_of_driver,engine_capacity_cc,propulsion_code,age_of_vehicle,generic_make_model,driver_imd_decile,lsoa_of_driver,escooter_flag,driver_distance_banding
2024211493793,2024,211493793,1,9,0,-1,4,8,4,-1,0,0,0,0,0,0,2,1,-1,2,2,40,7,1896,2,16,VOLKSWAGEN GOLF,8,E01029414,0,1
2024531417389,2024,531417389,1,9,0,-1,19,2,6,-1,0,1,0,0,0,0,1,1,-1,9,1,29,6,1968,2,11,VOLKSWAGEN GOLF,7,E01010876,0,5
2024070823788,2024,070823788,2,9,9,-1,19,7,3,-1,0,1,0,0,0,0,3,9,-1,6,2,27,6,1598,2,10,VOLKSWAGEN GOLF,8,E01029775,0,3
2024010538463,2024,010538463,1,9,0,16,19,1,5,0,0,4,5,0,1,2,1,1,2,2,1,41,7,1390,1,12,VOLKSWAGEN GOLF,5,E01003148,0,1
2024471453123,2024,471453123,2,9,0,-1,19,3,7,-1,0,0,0,0,0,0,1,1,-1,2,2,20,4,1598,1,18,VOLKSWAGEN GOLF,8,E01016901,0,1
2024332400088,2024,332400088,1,9,0,-1,19,7,3,-1,0,0,0,0,0,0,1,1,-1,1,1,63,9,1498,8,1,VOLKSWAGEN GOLF,9,E01013703,0,3
2024401532147,2024,401532147,3,9,0,-1,7,3,5,-1,0,1,0,0,0,0,0,1,-1,6,2,45,7,1498,8,4,VOLKSWAGEN GOLF,9,E01003807,0,4
2024471502030,2024,471502030,1,9,0,-1,19,5,1,-1,0,8,1,0,3,1,3,1,-1,9,1,25,5,1395,1,9,VOLKSWAGEN GOLF,6,E01035330,0,1
2024201455897,2024,201455897,3,9,0,-1,3,8,4,-1,0,0,0,0,0,0,1,1,-1,6,-1,-1,-1,1600,2,15,VOLKSWAGEN GOLF,-1,-1,0,-1
2024991476124,2024,991476124,2,9,0,-1,5,1,6,-1,0,8,0,0,0,0,1,1,-1,9,1,43,7,1598,2,11,VOLKSWAGEN GOLF,2,-1,0,4
2024141434136,2024,141434136,1,9,0,-1,19,7,2,-1,0,3,1,0,1,7,3,1,-1,9,1,36,7,1900,2,17,VOLKSWAGEN GOLF,1,E01007592,0,1
2024141518766,2024,141518766,1,9,0,-1,19,1,5,-1,0,0,0,0,0,0,1,1,-1,9,1,22,5,1968,2,10,VOLKSWAGEN GOLF,1,E01007413,0,3
2024201407222,2024,201407222,2,9,0,-1,2,0,0,-1,0,0,0,0,0,0,2,9,-1,1,1,28,6,1395,8,8,VOLKSWAGEN GOLF,5,E01008974,0,1
2024141435340,2024,141435340,1,9,0,-1,-1,-1,-1,-1,-1,0,-1,-1,-1,0,-1,9,-1,6,3,-1,-1,2000,1,19,VOLKSWAGEN GOLF,-1,-1,0,-1
2024461431214,2024,461431214,4,9,0,-1,4,6,2,-1,0,0,1,0,0,0,2,1,-1,6,2,22,5,1968,2,3,VOLKSWAGEN GOLF,7,E01000442,0,2
2024041464379,2024,041464379,1,9,0,-1,19,7,3,-1,0,0,0,0,0,0,1,1,-1,9,2,19,4,1498,1,4,VOLKSWAGEN GOLF,2,E01025285,0,1
2024131471759,2024,131471759,2,9,0,-1,9,6,8,-1,0,1,0,0,0,0,4,1,-1,9,2,26,6,1896,2,17,VOLKSWAGEN GOLF,1,E01010839,0,1
2024131525965,2024,131525965,1,9,0,-1,19,5,1,-1,0,0,1,0,7,0,1,1,-1,9,1,23,5,1598,2,12,VOLKSWAGEN GOLF,1,E01011729,0,1
2024351416699,2024,351416699,3,9,0,-1,3,-1,-1,-1,0,1,0,0,0,0,2,9,-1,6,2,-1,-1,1395,1,9,VOLKSWAGEN GOLF,9,E01018299,0,2
2024552400065,2024,552400065,1,9,0,18,19,8,4,0,0,1,0,0,0,0,1,1,6,6,1,26,6,1197,1,12,VOLKSWAGEN GOLF,3,E01015292,0,1
2024361495560,2024,361495560,2,9,0,-1,19,7,3,-1,0,1,0,0,7,9,4,1,-1,2,1,27,6,1390,1,22,VOLKSWAGEN GOLF,6,E01026449,0,3
2024461519671,2024,461519671,1,9,0,-1,19,3,7,-1,0,0,1,0,0,0,1,1,-1,9,1,24,5,1598,1,18,VOLKSWAGEN GOLF,4,E01024566,0,1
2024010524268,2024,010524268,1,9,0,9,9,1,7,0,0,6,0,0,0,0,1,1,6,6,1,50,8,1498,1,7,VOLKSWAGEN GOLF,3,E01001213,0,1
2024501402248,2024,501402248,1,9,0,-1,19,3,8,-1,0,0,1,0,0,0,3,1,-1,9,2,64,9,1598,2,10,VOLKSWAGEN GOLF,3,E01018925,0,1
2024461520871,2024,461520871,1,9,0,-1,19,7,3,-1,0,0,0,0,0,0,4,1,-1,9,1,29,6,1968,2,10,VOLKSWAGEN GOLF,2,E01024247,0,1
2024010516025,2024,010516025,1,9,0,5,5,0,7,0,0,0,0,0,0,0,1,1,6,6,1,31,6,1390,1,15,VOLKSWAGEN GOLF,3,E01004251,0,1
2024131448769,2024,131448769,1,9,0,-1,19,4,7,-1,0,8,0,0,0,0,1,1,-1,9,1,25,5,1395,1,9,VOLKSWAGEN GOLF,3,E01007433,0,1
2024351443956,2024,351443956,1,9,0,-1,9,1,7,-1,0,8,0,0,0,0,3,1,-1,9,2,68,10,1598,2,12,VOLKSWAGEN GOLF,10,E01018234,0,1
2024320429816,2024,320429816,1,9,0,-1,-1,2,6,0,0,2,2,0,1,11,1,1,6,6,2,30,6,1598,2,9,VOLKSWAGEN GOLF,7,E01032110,0,5
2024231475244,2024,231475244,3,9,0,-1,19,7,3,-1,0,0,1,0,0,0,3,9,-1,6,1,60,9,1968,2,15,VOLKSWAGEN GOLF,8,E01026335,0,4
2024070463357,2024,070463357,2,9,0,4,4,8,4,0,0,0,1,0,0,0,1,1,2,2,1,-1,-1,1968,2,10,VOLKSWAGEN GOLF,-1,-1,0,-1
2024501470632,2024,501470632,2,9,0,-1,2,0,0,-1,0,0,0,0,0,0,3,9,-1,6,1,54,8,1395,8,7,VOLKSWAGEN GOLF,9,E01032034,0,5
2024552401461,2024,552401461,3,9,0,18,19,4,8,0,0,8,0,0,0,0,1,1,6,6,1,37,7,1984,1,21,VOLKSWAGEN GOLF,6,E01020447,0,1
2024101475276,2024,101475276,1,9,0,-1,19,3,7,-1,0,0,0,0,0,0,1,1,-1,6,1,32,6,1968,2,8,VOLKSWAGEN GOLF,1,E01025049,0,5
2024302401012,2024,302401012,1,9,0,18,19,6,2,0,0,8,0,0,0,0,3,1,6,6,2,43,7,1896,2,17,VOLKSWAGEN GOLF,8,E01019423,0,3
2024211487837,2024,211487837,2,9,0,-1,2,0,0,-1,9,0,0,0,0,0,1,1,-1,6,-1,-1,-1,1598,2,8,VOLKSWAGEN GOLF,-1,-1,0,-1
2024221505081,2024,221505081,2,9,0,-1,9,8,4,-1,0,6,0,0,0,0,3,1,-1,2,1,32,6,1598,2,10,VOLKSWAGEN GOLF,5,E01013991,0,2
2024340WN2172,2024,340WN2172,2,9,0,-1,13,3,7,-1,0,0,0,0,0,0,1,1,-1,2,1,26,6,1598,1,18,VOLKSWAGEN GOLF,1,E01013640,0,4
2024131441869,2024,131441869,1,9,0,-1,-1,-1,-1,-1,-1,0,-1,-1,-1,-1,-1,1,-1,6,3,-1,-1,1968,2,11,VOLKSWAGEN GOLF,-1,-1,0,-1
2024531432792,2024,531432792,1,9,0,-1,19,7,3,-1,0,0,0,0,0,0,1,1,-1,9,2,33,6,1896,2,17,VOLKSWAGEN GOLF,5,E01014062,0,3
2024522402830,2024,522402830,1,9,0,18,19,6,2,0,0,1,0,0,0,0,3,1,6,6,1,28,6,1395,1,11,VOLKSWAGEN GOLF,2,E01014575,0,1
2024201497236,2024,201497236,2,9,0,-1,13,5,1,-1,0,0,0,0,0,0,1,1,-1,2,1,19,4,1968,2,6,VOLKSWAGEN GOLF,10,E01009903,0,1
2024440235358,2024,440235358,1,9,0,7,7,7,1,0,0,5,0,0,3,1,1,1,6,6,2,28,6,1984,1,4,VOLKSWAGEN GOLF,5,E01015519,0,4
2024991496351,2024,991496351,2,9,0,-1,19,7,3,-1,0,1,1,0,7,9,3,1,-1,2,1,52,8,1968,2,3,VOLKSWAGEN GOLF,6,-1,0,4
2024010525563,2024,010525563,3,9,0,16,19,6,2,0,0,0,0,0,0,0,1,1,1,1,1,26,6,1498,1,3,VOLKSWAGEN GOLF,8,E01004553,0,3
2024010544268,2024,010544268,1,9,0,18,19,7,3,0,0,0,0,0,0,0,1,1,6,6,1,21,5,1390,1,13,VOLKSWAGEN GOLF,6,E01000069,0,2
2024201523564,2024,201523564,1,9,0,-1,5,2,2,-1,0,1,0,0,0,0,1,9,-1,6,1,30,6,1598,2,14,VOLKSWAGEN GOLF,-1,-1,0,-1
2024471458944,2024,471458944,1,9,0,-1,19,2,6,-1,0,0,0,0,1,4,4,1,-1,6,1,17,4,1400,1,14,VOLKSWAGEN GOLF,8,E01031466,0,1
2024421461920,2024,421461920,1,9,0,-1,9,6,3,-1,0,5,1,0,0,0,4,1,-1,6,1,24,5,1984,1,8,VOLKSWAGEN GOLF,5,E01001301,0,4
2024141430208,2024,141430208,2,9,0,-1,14,6,2,-1,0,1,0,0,0,0,1,1,-1,6,1,22,5,1984,1,5,VOLKSWAGEN GOLF,5,E01008113,0,1
2024461455378,2024,461455378,1,9,0,-1,4,7,3,-1,0,1,0,0,0,0,1,1,-1,9,2,61,9,1900,2,18,VOLKSWAGEN GOLF,4,E01029036,0,5
2024471488469,2024,471488469,2,9,0,-1,19,1,5,-1,0,0,0,0,0,0,1,1,-1,1,2,70,10,2000,2,19,VOLKSWAGEN GOLF,2,E01021119,0,2
2024991415631,2024,991415631,1,9,0,-1,19,7,4,-1,0,8,0,0,0,0,1,1,-1,9,1,67,10,1598,2,7,VOLKSWAGEN GOLF,2,-1,0,1
2024131506494,2024,131506494,2,9,0,-1,2,3,7,-1,0,0,0,0,0,0,3,1,-1,6,1,65,9,1390,1,18,VOLKSWAGEN GOLF,1,E01012761,0,4
2024010498102,2024,010498102,2,9,0,18,19,3,7,0,0,1,0,0,0,0,4,1,2,2,1,53,8,1395,8,1,VOLKSWAGEN GOLF,10,E01030392,0,3
2024010551463,2024,010551463,2,9,0,2,2,0,0,9,9,0,0,0,0,0,3,1,6,6,3,-1,-1,1598,1,17,VOLKSWAGEN GOLF,-1,-1,0,-1
2024520500074,2024,520500074,1,9,0,9,9,8,6,0,0,8,0,0,0,0,1,1,6,6,1,30,6,1598,2,13,VOLKSWAGEN GOLF,4,E01029232,0,1
2024520402040,2024,520402040,1,9,0,7,7,7,1,0,0,6,0,0,0,0,1,1,6,6,1,22,5,1600,1,20,VOLKSWAGEN GOLF,8,E01029142,0,1
2024010522898,2024,010522898,1,9,0,18,19,6,2,9,9,0,0,10,1,4,1,1,6,6,1,27,6,1395,1,11,VOLKSWAGEN GOLF,9,E01003838,0,1
2024052401124,2024,052401124,1,9,0,9,9,7,3,0,0,6,0,0,0,0,4,1,6,6,1,24,5,1498,1,4,VOLKSWAGEN GOLF,3,E01006835,0,1
2024211535691,2024,211535691,2,9,0,-1,19,3,7,-1,0,0,0,0,0,0,1,1,-1,6,3,18,4,1498,8,3,VOLKSWAGEN GOLF,-1,-1,0,-1
2024440556064,2024,440556064,2,9,0,5,5,6,5,0,0,8,0,0,0,0,1,1,6,6,1,49,8,1896,2,18,VOLKSWAGEN GOLF,4,E01017309,0,1
2024991455804,2024,991455804,1,9,0,-1,14,4,8,-1,0,1,1,0,0,0,1,1,-1,6,1,27,6,1900,2,20,VOLKSWAGEN GOLF,7,-1,0,2
2024122500026,2024,122500026,1,9,0,17,19,3,7,0,0,2,5,0,0,0,1,1,6,6,2,44,7,1968,2,8,VOLKSWAGEN GOLF,8,E01027693,0,1
2024332401132,2024,332401132,2,9,0,-1,19,4,8,-1,0,0,0,0,0,0,4,1,-1,2,2,29,6,1395,1,9,VOLKSWAGEN GOLF,4,E01013734,0,1
2024010509301,2024,010509301,1,9,0,6,6,7,7,0,0,0,0,0,0,0,1,1,6,6,1,72,10,1498,1,5,VOLKSWAGEN GOLF,-1,-1,0,-1
2024010499925,2024,010499925,1,9,0,4,4,5,1,0,0,4,0,0,0,0,1,1,6,6,2,21,5,1390,1,16,VOLKSWAGEN GOLF,8,E01003655,0,2
2024991436077,2024,991436077,2,9,0,-1,10,2,6,-1,0,0,0,0,0,0,2,1,-1,9,1,42,7,1395,1,8,VOLKSWAGEN GOLF,1,-1,0,1
2024332400570,2024,332400570,2,9,0,-1,9,5,3,-1,2,5,0,0,0,0,4,1,-1,9,1,26,6,1598,2,6,VOLKSWAGEN GOLF,8,E01013702,0,1
2024501448577,2024,501448577,1,9,0,-1,9,1,5,-1,0,0,0,0,0,0,2,1,-1,9,1,38,7,1900,2,18,VOLKSWAGEN GOLF,4,E01024510,0,5
2024461469574,2024,461469574,1,9,0,-1,3,-1,-1,-1,0,8,0,0,0,0,4,9,-1,6,2,38,7,1395,8,6,VOLKSWAGEN GOLF,1,E01034995,0,4
2024371485228,2024,371485228,2,9,0,-1,19,7,3,-1,0,0,5,10,4,0,4,1,-1,6,2,39,7,1984,1,10,VOLKSWAGEN GOLF,9,E01030190,0,2
2024552400708,2024,552400708,2,9,0,2,2,0,0,0,0,1,0,0,0,0,3,1,6,6,1,26,6,1498,8,1,VOLKSWAGEN GOLF,4,E01015371,0,1
2024010519899,2024,010519899,2,9,0,99,99,9,9,99,99,9,9,99,9,99,9,9,6,6,3,43,7,1598,1,16,VOLKSWAGEN GOLF,8,E01001918,0,1
2024520402900,2024,520402900,1,9,0,1,1,8,4,9,9,0,0,0,0,0,2,1,6,6,2,22,5,1968,2,12,VOLKSWAGEN GOLF,10,E01029030,0,1
2024340NN1062,2024,340NN1062,1,9,0,-1,13,5,1,-1,0,0,0,0,1,4,4,1,-1,6,1,28,6,1390,1,16,VOLKSWAGEN GOLF,6,E01009681,0,4
2024552400807,2024,552400807,1,9,0,18,19,4,8,0,0,0,5,10,0,0,4,1,6,6,2,33,6,1390,1,17,VOLKSWAGEN GOLF,4,E01032430,0,5
2024052401967,2024,052401967,1,9,0,18,19,4,8,0,0,8,0,7,0,0,1,1,1,1,1,45,7,1896,2,16,VOLKSWAGEN GOLF,1,E01005239,0,4
2024320647852,2024,320647852,1,9,0,-1,-1,8,4,0,0,8,0,0,0,0,4,1,-1,-1,1,43,7,1598,2,7,VOLKSWAGEN GOLF,6,E01026100,0,3
2024131494556,2024,131494556,2,9,0,-1,19,7,3,-1,0,0,0,0,0,0,1,1,-1,6,2,31,6,1968,2,10,VOLKSWAGEN GOLF,1,E01012631,0,4
2024131400420,2024,131400420,1,9,0,-1,19,6,2,-1,0,8,0,0,0,0,1,1,-1,7,2,40,7,1968,2,10,VOLKSWAGEN GOLF,1,E01011163,0,1
2024430265257,2024,430265257,2,9,0,3,3,4,8,0,0,1,0,0,0,0,1,1,6,6,1,-1,-1,1498,8,0,VOLKSWAGEN GOLF,8,E01028547,0,1
2024031491809,2024,031491809,1,9,0,-1,9,2,1,-1,0,6,0,0,0,0,1,1,-1,9,1,52,8,1395,1,7,VOLKSWAGEN GOLF,-1,-1,0,-1
2024471477361,2024,471477361,1,9,0,-1,9,3,1,-1,0,1,0,0,0,0,1,9,-1,6,2,56,9,1896,2,17,VOLKSWAGEN GOLF,3,E01033328,0,1
2024041407326,2024,041407326,1,9,0,-1,4,7,3,-1,0,1,0,0,0,0,1,1,-1,7,2,35,6,1598,2,12,VOLKSWAGEN GOLF,5,E01012645,0,1
2024451462017,2024,451462017,1,9,0,-1,19,5,1,-1,0,0,5,10,8,0,1,1,-1,9,2,45,7,1984,1,8,VOLKSWAGEN GOLF,10,E01030522,0,1
2024010551596,2024,010551596,2,9,0,18,19,7,3,0,0,1,0,0,0,0,1,1,6,6,1,47,8,1390,1,18,VOLKSWAGEN GOLF,-1,-1,0,-1
2024430430741,2024,430430741,2,9,0,8,8,5,7,0,0,4,0,0,0,0,2,1,6,6,2,44,7,1390,1,15,VOLKSWAGEN GOLF,10,E01035756,0,2
2024211505426,2024,211505426,1,9,0,-1,2,3,7,-1,0,1,0,0,0,0,4,1,-1,6,1,33,6,1598,2,9,VOLKSWAGEN GOLF,-1,-1,0,-1
2024131467370,2024,131467370,1,9,0,-1,19,4,8,-1,0,0,0,0,0,0,1,1,-1,6,1,21,5,1968,2,10,VOLKSWAGEN GOLF,1,E01010808,0,1
2024041459533,2024,041459533,1,9,0,-1,19,1,5,-1,0,0,0,4,7,0,1,1,-1,2,2,24,5,1598,2,6,VOLKSWAGEN GOLF,2,E01005470,0,2
2024131452972,2024,131452972,1,9,0,-1,11,5,8,-1,0,0,0,0,0,0,4,1,-1,6,1,-1,-1,1600,2,14,VOLKSWAGEN GOLF,-1,-1,0,-1
2024430627869,2024,430627869,1,9,0,18,19,5,2,0,0,3,0,0,0,0,1,1,6,6,3,-1,-1,1896,2,19,VOLKSWAGEN GOLF,-1,-1,0,-1
2024061430928,2024,061430928,1,9,0,-1,19,5,1,-1,0,1,0,0,0,0,1,1,-1,9,2,30,6,1968,2,9,VOLKSWAGEN GOLF,1,E01006240,0,1
2024622500066,2024,622500066,1,9,0,18,19,4,8,0,0,0,0,0,0,0,3,1,1,1,1,34,6,1968,2,6,VOLKSWAGEN GOLF,6,W01000847,0,1
2024010530968,2024,010530968,1,9,0,5,5,3,7,0,0,1,0,0,0,0,1,1,6,6,1,35,6,1984,1,16,VOLKSWAGEN GOLF,6,E01003672,0,2
2024221513919,2024,221513919,2,9,0,-1,19,3,7,-1,0,0,0,0,0,0,1,9,-1,9,1,40,7,1598,2,13,VOLKSWAGEN GOLF,7,E01028988,0,4
202460Q189506,2024,60Q189506,2,9,0,17,19,8,4,0,0,1,0,4,0,0,1,1,6,6,2,49,8,1968,2,13,VOLKSWAGEN GOLF,-1,-1,0,-1
2024010510517,2024,010510517,2,9,0,99,99,9,9,99,99,9,9,99,9,99,1,9,6,6,3,-1,-1,1390,1,14,VOLKSWAGEN GOLF,-1,-1,0,-1
2024201484047,2024,201484047,2,9,0,-1,2,5,1,-1,0,0,0,0,0,0,3,1,-1,9,1,28,6,1900,2,18,VOLKSWAGEN GOLF,5,E01008934,0,1
202460Q185332,2024,60Q185332,2,9,0,16,19,5,1,0,0,0,0,0,0,0,1,1,6,6,2,39,7,1968,2,15,VOLKSWAGEN GOLF,-1,-1,0,-1
2024010494670,2024,010494670,1,9,0,9,9,5,3,0,0,5,0,0,0,0,1,1,6,6,2,67,10,1984,1,7,VOLKSWAGEN GOLF,-1,-1,0,-1
2024991535301,2024,991535301,1,9,0,-1,19,2,6,-1,0,0,2,0,0,0,3,1,-1,6,1,26,6,1984,1,0,VOLKSWAGEN GOLF,9,-1,0,3
2024471487307,2024,471487307,1,9,0,-1,19,1,5,-1,0,1,0,0,0,0,4,1,-1,6,1,84,11,1498,1,3,VOLKSWAGEN GOLF,10,E01035360,0,2
2024622400201,2024,622400201,2,9,0,16,19,2,6,0,0,0,0,0,0,0,1,1,6,6,1,21,5,1984,1,9,VOLKSWAGEN GOLF,10,W01001193,0,1
2024010544934,2024,010544934,2,9,0,99,99,9,9,99,99,9,9,99,9,99,2,9,6,6,3,-1,-1,1390,1,15,VOLKSWAGEN GOLF,-1,-1,0,-1
2024332400237,2024,332400237,1,9,0,-1,9,7,5,-1,0,6,0,0,0,0,1,1,-1,6,1,34,6,1197,1,11,VOLKSWAGEN GOLF,4,E01013717,0,1
2024430516041,2024,430516041,1,9,0,18,19,5,1,0,0,1,0,0,0,0,4,1,2,2,2,32,6,1595,1,24,VOLKSWAGEN GOLF,-1,-1,0,-1
2024010511157,2024,010511157,2,9,0,2,2,0,0,7,6,2,0,0,0,0,0,1,6,6,3,-1,-1,1390,1,14,VOLKSWAGEN GOLF,-1,-1,0,-1
2024552401117,2024,552401117,1,9,0,18,19,8,4,0,0,0,0,0,0,0,1,1,6,6,2,22,5,2000,2,18,VOLKSWAGEN GOLF,6,E01020510,0,1
2024552401217,2024,552401217,1,9,0,18,19,8,4,0,0,0,0,0,0,0,1,1,6,6,3,-1,-1,1598,1,17,VOLKSWAGEN GOLF,-1,-1,0,-1
2024201449228,2024,201449228,1,9,0,-1,19,6,2,-1,0,0,0,0,0,0,1,1,-1,6,3,30,6,1598,2,15,VOLKSWAGEN GOLF,-1,-1,0,-1
2024041476646,2024,041476646,3,9,0,-1,19,5,1,-1,0,0,0,0,0,0,2,1,-1,2,1,57,9,1395,8,3,VOLKSWAGEN GOLF,8,E01034350,0,2
2024371408876,2024,371408876,1,9,0,-1,19,7,3,-1,0,0,0,0,0,0,1,1,-1,1,2,35,6,1968,2,17,VOLKSWAGEN GOLF,2,E01029988,0,2
2024041453435,2024,041453435,2,9,0,-1,19,1,5,-1,0,8,0,0,0,0,1,1,-1,2,1,25,5,1968,2,7,VOLKSWAGEN GOLF,1,E01024856,0,1
2024430306062,2024,430306062,2,9,0,4,4,5,1,0,0,1,0,0,0,0,2,1,6,6,1,68,10,1395,1,8,VOLKSWAGEN GOLF,6,E01028575,0,1
2024311504953,2024,311504953,3,9,0,-1,4,5,1,-1,0,3,0,0,0,0,2,1,-1,6,1,38,7,1598,2,13,VOLKSWAGEN GOLF,-1,-1,0,-1
2024411503476,2024,411503476,1,9,0,-1,7,1,5,-1,0,1,0,0,0,0,1,1,-1,6,1,38,7,1984,1,7,VOLKSWAGEN GOLF,10,E01023878,0,1
2024340NN1362,2024,340NN1362,1,9,0,-1,9,1,7,-1,0,6,0,0,0,0,0,1,-1,6,2,24,5,1390,1,18,VOLKSWAGEN GOLF,6,E01027326,0,1
2024010548897,2024,010548897,4,9,0,4,4,1,5,0,0,0,0,0,0,0,1,1,6,6,1,33,6,1390,1,18,VOLKSWAGEN GOLF,-1,-1,0,-1
2024010512551,2024,010512551,2,9,0,99,99,9,9,99,99,9,9,99,9,99,9,9,6,6,3,-1,-1,1395,1,7,VOLKSWAGEN GOLF,-1,-1,0,-1
2024371482591,2024,371482591,1,9,0,-1,9,1,7,-1,0,8,0,0,0,0,4,1,-1,9,2,53,8,1968,2,9,VOLKSWAGEN GOLF,2,E01033122,0,1
2024131511811,2024,131511811,1,9,0,-1,19,5,1,-1,0,8,0,0,0,0,1,1,-1,6,1,22,5,1968,2,5,VOLKSWAGEN GOLF,2,E01010621,0,1
2024010506880,2024,010506880,2,9,0,18,19,7,3,99,99,9,9,99,9,99,1,1,6,6,3,-1,-1,1598,1,17,VOLKSWAGEN GOLF,-1,-1,0,-1
2024211430194,2024,211430194,1,9,0,-1,19,1,5,-1,0,0,0,0,7,11,1,1,-1,6,1,27,6,1896,2,17,VOLKSWAGEN GOLF,-1,-1,0,-1
2024451505997,2024,451505997,1,9,0,-1,9,5,7,-1,9,0,0,0,7,11,1,1,-1,2,1,31,6,1896,2,22,VOLKSWAGEN GOLF,8,E01030622,0,1
2024451422983,2024,451422983,1,9,0,-1,19,4,8,-1,0,0,0,0,0,0,1,1,-1,9,2,22,5,1598,2,7,VOLKSWAGEN GOLF,8,E01030393,0,1
2024302400494,2024,302400494,1,9,0,4,4,3,7,0,0,8,0,0,0,0,2,1,6,6,2,24,5,1395,8,1,VOLKSWAGEN GOLF,4,E01019864,0,1
2024031402842,2024,031402842,1,9,0,-1,19,3,7,-1,0,0,0,0,0,0,1,1,-1,2,1,27,6,1900,2,18,VOLKSWAGEN GOLF,4,E01012319,0,4
2024471508980,2024,471508980,1,9,0,-1,7,5,7,-1,0,5,0,0,7,1,1,1,-1,6,1,19,4,1896,2,23,VOLKSWAGEN GOLF,5,E01031529,0,1
2024131418255,2024,131418255,2,9,0,-1,19,1,1,-1,9,1,1,0,1,11,1,1,-1,6,1,44,7,1968,2,15,VOLKSWAGEN GOLF,4,E01010598,0,1
2024991481688,2024,991481688,2,9,0,-1,19,7,3,-1,0,1,0,0,0,0,1,1,-1,2,1,37,7,1781,1,32,VOLKSWAGEN GOLF,3,-1,0,1
2024501514363,2024,501514363,1,9,0,-1,19,1,5,-1,0,1,0,0,0,0,4,1,-1,1,2,28,6,1498,1,4,VOLKSWAGEN GOLF,1,E01015044,0,1
2024010493647,2024,010493647,1,9,0,3,3,8,4,0,0,0,0,0,0,0,1,1,6,6,1,40,7,1600,1,20,VOLKSWAGEN GOLF,8,E01000234,0,2
2024122400529,2024,122400529,1,9,0,16,19,2,6,0,0,0,0,0,7,10,1,1,2,2,2,54,8,1598,2,9,VOLKSWAGEN GOLF,4,E01027813,0,4
2024549445424,2024,549445424,2,9,0,3,3,2,6,0,0,1,0,0,0,0,2,1,1,1,1,20,4,1390,1,15,VOLKSWAGEN GOLF,9,E01031946,0,3
2024401463031,2024,401463031,2,9,0,-1,3,1,5,-1,0,1,0,0,0,0,2,1,-1,6,1,20,4,1896,2,16,VOLKSWAGEN GOLF,8,E01015695,0,1
2024520401827,2024,520401827,1,9,0,11,11,5,1,0,0,2,0,0,5,6,1,1,6,6,1,42,7,1984,1,10,VOLKSWAGEN GOLF,8,E01029034,0,1
2024411429131,2024,411429131,1,9,0,-1,19,4,8,-1,0,0,1,0,0,0,1,1,-1,6,1,19,4,1390,1,16,VOLKSWAGEN GOLF,7,E01035581,0,1
2024161513205,2024,161513205,2,9,0,-1,19,1,5,-1,0,8,0,0,0,0,1,1,-1,6,2,65,9,1900,2,25,VOLKSWAGEN GOLF,1,E01013141,0,1
2024131440696,2024,131440696,2,9,0,-1,3,5,1,-1,0,1,0,0,0,0,2,1,-1,6,2,57,9,1968,2,8,VOLKSWAGEN GOLF,7,E01010753,0,1
2024131453103,2024,131453103,1,9,0,-1,9,5,7,-1,0,8,0,0,0,0,4,1,-1,9,1,50,8,1598,2,11,VOLKSWAGEN GOLF,2,E01010738,0,3
2024991509721,2024,991509721,2,9,0,-1,8,3,7,-1,0,8,0,0,0,0,1,1,-1,6,2,35,6,999,1,6,VOLKSWAGEN GOLF,4,-1,0,3
2024010542277,2024,010542277,1,9,0,5,5,2,6,0,0,0,0,11,0,0,0,2,3,7,2,47,8,1395,1,7,VOLKSWAGEN GOLF,6,E01000159,0,1
2024211494436,2024,211494436,2,9,0,-1,19,4,8,-1,0,1,5,0,0,0,1,1,-1,6,1,36,7,1896,2,19,VOLKSWAGEN GOLF,-1,-1,0,-1
2024141462413,2024,141462413,1,9,0,-1,4,6,2,-1,0,2,0,0,0,0,2,1,-1,9,1,34,6,1968,2,9,VOLKSWAGEN GOLF,2,E01007654,0,1
2024371447880,2024,371447880,1,9,0,-1,19,7,7,-1,0,0,0,0,0,0,1,1,-1,6,1,30,6,1896,2,17,VOLKSWAGEN GOLF,7,E01029964,0,1
2024052401036,2024,052401036,2,9,0,18,19,3,7,0,0,0,0,0,0,0,2,1,6,6,2,31,6,999,1,7,VOLKSWAGEN GOLF,3,E01006671,0,2
2024211528561,2024,211528561,1,9,0,-1,19,8,4,-1,0,4,0,0,0,0,1,1,-1,9,1,50,8,1598,2,9,VOLKSWAGEN GOLF,10,E01034655,0,2
2024440331022,2024,440331022,2,9,0,18,19,8,4,0,0,0,0,0,0,0,1,1,6,6,1,34,6,1390,1,20,VOLKSWAGEN GOLF,5,E01031472,0,4
2024501450059,2024,501450059,2,9,0,-1,19,4,8,-1,0,8,1,0,0,0,1,1,-1,9,1,19,4,1896,2,21,VOLKSWAGEN GOLF,4,E01018862,0,1
202454D882724,2024,54D882724,2,9,0,4,4,1,5,0,0,0,0,0,0,0,2,1,6,6,2,18,4,1395,1,8,VOLKSWAGEN GOLF,6,E01034547,0,1
202417H108324,2024,17H108324,2,9,0,-1,19,6,1,-1,0,8,0,0,0,0,1,1,-1,9,1,-1,-1,1598,2,9,VOLKSWAGEN GOLF,9,E01011971,0,2
2024421413006,2024,421413006,1,9,0,-1,19,6,2,-1,0,4,0,12,0,0,4,1,-1,9,2,81,11,1390,1,12,VOLKSWAGEN GOLF,9,E01021643,0,3
2024201517531,2024,201517531,1,9,0,-1,9,7,5,-1,0,2,0,0,0,0,1,9,-1,6,2,21,5,1984,1,3,VOLKSWAGEN GOLF,4,E01033617,0,1