collision_index,collision_year,collision_ref_no,vehicle_reference,vehicle_type,towing_and_articulation,vehicle_manoeuvre_historic,vehicle_manoeuvre,vehicle_direction_from,vehicle_direction_to,vehicle_location_restricted_lane_historic,vehicle_location_restricted_lane,junction_location,skidding_and_overturning,hit_object_in_carriageway,vehicle_leaving_carriageway,hit_object_off_carriageway,first_point_of_impact,vehicle_left_hand_drive,journey_purpose_of_driver_historic,journey_purpose_of_driver,sex_of_driver,age_of_driver,age_band_of_driver,engine_capacity_cc,propulsion_code,age_of_vehicle,generic_make_model,driver_imd_decile,lsoa_of_driver,escooter_flag,driver_distance_banding
2024122400749,2024,122400749,1,9,0,18,19,5,1,0,0,1,0,0,0,0,4,1,1,1,2,37,7,1598,2,12,VOLKSWAGEN GOLF,4,E01025976,0,5
2024332401120,2024,332401120,1,9,0,-1,19,8,4,-1,0,0,5,0,0,0,1,1,-1,6,2,26,6,1600,2,14,VOLKSWAGEN GOLF,6,E01025821,0,1
2024501454822,2024,501454822,1,9,0,-1,19,7,3,-1,0,0,0,0,0,0,1,9,-1,6,2,58,9,1395,1,7,VOLKSWAGEN GOLF,6,-1,0,5
2024522402878,2024,522402878,2,9,0,18,19,1,5,0,0,8,0,0,0,0,3,1,6,6,1,42,7,1968,2,15,VOLKSWAGEN GOLF,3,E01014572,0,1
2024361424528,2024,361424528,1,9,0,-1,19,5,4,-1,0,0,5,0,1,0,1,9,-1,6,1,52,8,1896,2,22,VOLKSWAGEN GOLF,1,E01026073,0,5
2024471467971,2024,471467971,1,9,0,-1,19,7,3,-1,0,0,0,1,0,0,1,1,-1,6,1,23,5,2000,2,20,VOLKSWAGEN GOLF,4,E01031546,0,1
2024010519480,2024,010519480,1,9,0,14,14,1,5,0,0,2,1,4,0,0,4,1,6,6,1,25,5,1984,1,5,VOLKSWAGEN GOLF,4,E01003532,0,2
2024991441535,2024,991441535,2,9,0,-1,5,8,6,-1,0,2,0,0,0,0,2,2,-1,6,2,35,6,1498,8,2,VOLKSWAGEN GOLF,1,-1,0,1
2024451502315,2024,451502315,2,9,0,-1,19,3,7,-1,0,1,0,0,0,0,3,1,-1,6,2,40,7,1968,2,5,VOLKSWAGEN GOLF,8,E01030683,0,1
2024041491456,2024,041491456,1,9,0,-1,19,5,1,-1,0,4,0,0,0,0,1,1,-1,9,1,28,6,1600,2,15,VOLKSWAGEN GOLF,7,E01012636,0,3
2024201517973,2024,201517973,2,9,0,-1,19,6,2,-1,0,8,0,0,0,0,1,1,-1,6,1,29,6,1598,2,7,VOLKSWAGEN GOLF,2,E01009090,0,3
2024131407149,2024,131407149,1,9,0,-1,13,6,2,-1,0,1,0,0,0,0,1,1,-1,9,1,20,4,1968,2,14,VOLKSWAGEN GOLF,1,E01010841,0,1
2024010530700,2024,010530700,1,9,0,5,5,9,9,99,99,0,9,99,9,99,9,9,6,6,3,25,5,1395,8,1,VOLKSWAGEN GOLF,6,E01018369,0,5
2024131420858,2024,131420858,3,9,0,-1,19,5,1,-1,0,8,0,0,0,0,0,2,-1,6,-1,25,5,1984,1,12,VOLKSWAGEN GOLF,-1,-1,0,-1
2024311404074,2024,311404074,1,9,0,-1,19,3,7,-1,0,4,0,0,0,0,1,1,-1,6,1,22,5,1984,1,16,VOLKSWAGEN GOLF,-1,-1,0,-1
2024201477933,2024,201477933,1,9,0,-1,19,4,8,-1,0,2,0,10,7,1,1,9,-1,6,1,38,7,1984,1,6,VOLKSWAGEN GOLF,1,E01010283,0,1
2024430181255,2024,430181255,2,9,0,18,19,6,2,0,0,0,1,0,1,0,1,1,6,6,1,65,9,1598,2,10,VOLKSWAGEN GOLF,10,E01017675,0,2
2024361435238,2024,361435238,2,9,0,-1,19,1,5,-1,0,0,0,0,0,0,1,1,-1,6,1,35,6,1781,1,22,VOLKSWAGEN GOLF,2,E01026662,0,1
2024351528122,2024,351528122,1,9,0,-1,9,5,2,-1,0,6,0,0,0,0,1,1,-1,6,2,70,10,1598,2,9,VOLKSWAGEN GOLF,6,E01018035,0,1
2024131464237,2024,131464237,1,9,0,-1,5,5,1,-1,0,4,0,0,0,0,3,1,-1,1,2,21,5,1984,1,0,VOLKSWAGEN GOLF,1,E01010832,0,1
2024430460008,2024,430460008,2,9,0,10,10,8,6,0,0,5,0,0,0,0,2,1,6,6,2,20,4,1498,1,0,VOLKSWAGEN GOLF,8,E01028772,0,4
2024471467959,2024,471467959,2,9,0,-1,9,5,3,-1,0,0,0,0,0,0,3,1,-1,6,2,39,7,1390,1,13,VOLKSWAGEN GOLF,3,E01021092,0,1
2024320544852,2024,320544852,2,9,0,-1,-1,6,2,0,0,8,0,0,0,0,1,1,6,6,1,42,7,1968,2,14,VOLKSWAGEN GOLF,7,E01026251,0,1
2024471439817,2024,471439817,1,9,0,-1,19,3,7,-1,0,0,0,0,0,0,1,1,-1,9,1,17,4,1968,2,17,VOLKSWAGEN GOLF,8,E01024484,0,4
2024131537676,2024,131537676,1,9,0,-1,13,1,1,-1,0,0,0,0,7,0,1,1,-1,6,-1,-1,-1,999,8,2,VOLKSWAGEN GOLF,-1,-1,0,-1
2024010523778,2024,010523778,1,9,0,99,99,9,9,99,99,9,9,99,9,99,9,9,6,6,3,40,7,1498,1,4,VOLKSWAGEN GOLF,5,E01001268,0,1
2024010503009,2024,010503009,4,9,0,18,19,1,5,0,0,1,0,0,0,0,2,1,6,6,3,-1,-1,1395,1,10,VOLKSWAGEN GOLF,-1,-1,0,-1
2024520401200,2024,520401200,1,9,0,18,19,1,5,0,0,0,0,0,0,0,1,1,6,6,1,-1,-1,1598,2,7,VOLKSWAGEN GOLF,-1,-1,0,-1
2024010516055,2024,010516055,1,9,0,2,2,0,0,6,6,1,0,0,0,0,3,1,6,6,3,-1,-1,1598,1,18,VOLKSWAGEN GOLF,-1,-1,0,-1
2024010530567,2024,010530567,1,9,0,18,19,5,1,0,0,1,0,0,0,0,3,1,2,2,1,20,4,1197,1,14,VOLKSWAGEN GOLF,10,E01003804,0,2
2024440223628,2024,440223628,1,9,0,3,3,6,2,0,0,1,0,0,0,0,2,1,6,6,2,35,6,1900,2,20,VOLKSWAGEN GOLF,2,E01017117,0,1
2024311472101,2024,311472101,2,9,0,-1,19,1,6,-1,0,1,0,0,0,0,1,1,-1,9,2,79,11,1896,2,22,VOLKSWAGEN GOLF,6,E01028289,0,1
2024451429269,2024,451429269,2,9,9,-1,99,4,8,-1,0,4,0,0,0,0,9,1,-1,6,1,35,6,1984,1,18,VOLKSWAGEN GOLF,-1,-1,0,-1
2024131499168,2024,131499168,1,9,0,-1,-1,-1,-1,-1,-1,-1,-1,-1,-1,-1,-1,1,-1,6,3,-1,-1,1984,1,7,VOLKSWAGEN GOLF,-1,-1,0,-1
2024332400038,2024,332400038,2,9,0,-1,5,3,7,-1,0,8,0,0,1,1,1,1,-1,9,1,55,8,1498,1,5,VOLKSWAGEN GOLF,10,E01028148,0,4
2024101497050,2024,101497050,1,9,0,-1,19,3,7,-1,0,0,0,0,0,0,1,1,-1,6,1,28,6,1498,8,0,VOLKSWAGEN GOLF,1,E01008389,0,1
2024010512426,2024,010512426,1,9,0,99,99,9,9,99,99,9,9,99,9,99,1,9,2,2,2,50,8,1598,2,5,VOLKSWAGEN GOLF,2,E01000931,0,2
2024320319663,2024,320319663,2,9,0,-1,-1,4,1,0,0,8,0,0,1,1,1,1,1,1,1,46,8,1598,2,13,VOLKSWAGEN GOLF,6,E01026284,0,3
2024411530782,2024,411530782,1,9,0,-1,-1,-1,-1,-1,-1,2,-1,-1,-1,0,-1,1,-1,6,1,30,6,1968,2,3,VOLKSWAGEN GOLF,-1,-1,0,-1
2024101456054,2024,101456054,1,9,0,-1,19,8,4,-1,0,0,0,0,0,0,1,1,-1,6,1,27,6,1968,2,14,VOLKSWAGEN GOLF,9,E01027482,0,4
2024471526976,2024,471526976,1,9,0,-1,5,2,6,-1,0,8,0,0,0,0,1,1,-1,9,2,45,7,1968,2,10,VOLKSWAGEN GOLF,8,E01020954,0,1
2024010491747,2024,010491747,2,9,0,99,99,9,9,99,99,9,9,99,9,99,1,1,2,2,1,28,6,1395,1,11,VOLKSWAGEN GOLF,5,E01003953,0,2
2024131397972,2024,131397972,1,9,0,-1,9,5,3,-1,0,5,0,0,3,0,1,1,-1,6,2,40,7,1598,2,12,VOLKSWAGEN GOLF,10,E01011452,0,1
2024541249524,2024,541249524,1,9,0,14,14,6,2,0,0,0,0,0,0,0,1,1,6,6,2,72,10,1390,1,16,VOLKSWAGEN GOLF,5,E01031898,0,1
2024531424621,2024,531424621,1,9,0,-1,19,3,7,-1,0,0,5,0,1,4,1,1,-1,2,1,26,6,1598,2,13,VOLKSWAGEN GOLF,5,E01015091,0,5
2024211413087,2024,211413087,1,9,0,-1,19,1,5,-1,0,0,2,0,7,0,3,1,-1,9,1,25,5,1968,2,16,VOLKSWAGEN GOLF,-1,-1,0,-1
2024302401384,2024,302401384,3,9,0,3,3,7,3,0,0,8,0,0,0,0,2,1,6,6,1,-1,-1,1984,1,5,VOLKSWAGEN GOLF,6,E01035324,0,5
2024351500951,2024,351500951,1,9,0,-1,19,1,5,-1,0,2,0,0,0,0,1,9,-1,6,2,-1,-1,1598,2,5,VOLKSWAGEN GOLF,9,E01017450,0,4
2024610049724,2024,610049724,2,9,0,18,19,8,4,0,0,8,0,0,0,0,4,1,6,6,2,46,8,1968,2,9,VOLKSWAGEN GOLF,9,W01001641,0,2
2024501448025,2024,501448025,1,9,0,-1,19,7,3,-1,0,1,0,0,1,0,1,1,-1,9,1,44,7,1968,2,13,VOLKSWAGEN GOLF,4,E01018982,0,3
2024010518914,2024,010518914,1,9,0,99,99,9,9,99,99,9,9,99,9,99,1,9,6,6,1,26,6,1395,8,6,VOLKSWAGEN GOLF,2,E01000053,0,1
2024052402697,2024,052402697,1,9,0,18,19,6,3,0,0,8,0,0,0,0,3,1,2,2,2,29,6,1498,1,5,VOLKSWAGEN GOLF,9,E01018349,0,4
2024421529379,2024,421529379,1,9,0,-1,19,5,1,-1,0,1,0,0,0,0,3,1,-1,6,1,76,11,1968,2,8,VOLKSWAGEN GOLF,9,E01034360,0,3
2024991480895,2024,991480895,1,9,0,-1,9,1,5,-1,0,5,0,0,0,0,3,1,-1,2,1,25,5,1197,1,14,VOLKSWAGEN GOLF,5,-1,0,4
2024501497593,2024,501497593,3,9,0,-1,2,0,0,-1,0,0,0,0,0,0,2,1,-1,6,-1,-1,-1,1968,2,11,VOLKSWAGEN GOLF,-1,-1,0,-1
2024430035364,2024,430035364,1,9,0,17,19,7,3,0,0,8,0,0,0,0,1,1,6,6,1,22,5,1968,2,15,VOLKSWAGEN GOLF,9,E01017450,0,3
2024361404622,2024,361404622,2,9,0,-1,19,3,7,-1,0,1,0,0,0,0,1,9,-1,6,1,30,6,1900,2,18,VOLKSWAGEN GOLF,7,E01026903,0,1
2024201506909,2024,201506909,2,9,0,-1,19,6,2,-1,0,0,0,0,0,0,2,1,-1,6,3,-1,-1,1900,2,18,VOLKSWAGEN GOLF,-1,-1,0,-1
2024991526396,2024,991526396,2,9,0,-1,4,1,4,-1,0,1,0,0,0,0,4,1,-1,9,1,71,10,999,1,2,VOLKSWAGEN GOLF,7,-1,0,1
2024031471874,2024,031471874,1,9,0,-1,19,7,3,-1,0,0,0,0,0,0,1,1,-1,6,1,60,9,1390,1,18,VOLKSWAGEN GOLF,7,E01024921,0,4
2024501494638,2024,501494638,1,9,0,-1,19,3,7,-1,0,0,0,0,1,0,1,1,-1,6,1,31,6,2000,2,19,VOLKSWAGEN GOLF,-1,-1,0,-1
2024302400211,2024,302400211,1,9,0,4,4,5,1,0,0,0,0,0,0,0,2,1,6,6,2,35,6,1968,2,15,VOLKSWAGEN GOLF,5,E01019724,0,2
2024201484780,2024,201484780,1,9,0,-1,19,8,4,-1,0,0,1,7,6,0,3,9,-1,6,1,21,5,2000,1,19,VOLKSWAGEN GOLF,2,E01032307,0,4
2024010513913,2024,010513913,2,9,0,18,19,5,1,0,0,1,0,0,0,0,0,1,6,6,3,-1,-1,1598,2,8,VOLKSWAGEN GOLF,-1,-1,0,-1
2024061450468,2024,061450468,1,9,0,-1,2,0,0,-1,0,0,0,4,0,0,3,1,-1,9,2,79,11,1395,1,8,VOLKSWAGEN GOLF,5,E01025357,0,1
2024010523021,2024,010523021,2,9,0,18,19,3,7,0,0,0,0,0,0,0,2,1,6,6,2,50,8,1395,1,8,VOLKSWAGEN GOLF,-1,-1,0,-1
2024221411496,2024,221411496,2,9,0,-1,3,6,2,-1,0,0,0,0,0,0,2,1,-1,6,1,18,4,1598,2,14,VOLKSWAGEN GOLF,4,E01028990,0,3
2024471477501,2024,471477501,2,9,0,-1,9,4,1,-1,0,0,0,0,0,0,1,1,-1,9,1,64,9,1968,2,16,VOLKSWAGEN GOLF,10,E01031759,0,1
2024430458923,2024,430458923,1,9,0,18,19,6,2,0,0,8,0,0,0,0,3,1,2,2,2,25,5,1498,8,0,VOLKSWAGEN GOLF,6,E01017934,0,1
2024010546507,2024,010546507,1,9,0,18,19,3,7,0,0,0,0,0,1,0,0,1,6,6,3,-1,-1,1984,1,8,VOLKSWAGEN GOLF,-1,-1,0,-1
2024131491238,2024,131491238,2,9,0,-1,13,-1,-1,-1,-1,1,0,0,0,0,4,1,-1,6,3,-1,-1,1984,1,1,VOLKSWAGEN GOLF,-1,-1,0,-1
2024141415919,2024,141415919,1,9,0,-1,19,1,5,-1,0,0,0,0,0,0,2,1,-1,1,2,65,9,1598,2,13,VOLKSWAGEN GOLF,8,E01019806,0,4
2024361499973,2024,361499973,2,9,0,-1,19,1,5,-1,0,1,0,0,0,0,4,1,-1,9,1,78,11,1395,1,7,VOLKSWAGEN GOLF,7,E01026655,0,3
2024111412964,2024,111412964,2,9,0,-1,4,4,8,-1,0,0,0,0,0,0,2,9,-1,6,1,23,5,1896,2,22,VOLKSWAGEN GOLF,9,E01027747,0,3
2024440340885,2024,440340885,2,9,0,17,19,5,2,0,0,1,5,0,0,0,3,1,6,6,1,43,7,2000,1,15,VOLKSWAGEN GOLF,10,E01023187,0,4
2024201516325,2024,201516325,1,9,0,-1,19,5,1,-1,0,8,0,0,0,0,3,9,-1,6,1,55,8,1395,1,9,VOLKSWAGEN GOLF,8,E01009464,0,2
2024201563749,2024,201563749,2,9,0,-1,5,3,7,-1,0,2,0,0,0,0,1,1,-1,9,1,34,6,1984,1,5,VOLKSWAGEN GOLF,-1,-1,0,-1
2024320597171,2024,320597171,2,9,0,2,2,0,0,0,0,0,0,0,0,0,4,1,6,6,3,-1,-1,1598,2,13,VOLKSWAGEN GOLF,-1,-1,0,-1
2024141405918,2024,141405918,1,9,0,-1,5,5,1,-1,0,0,0,0,0,0,2,1,-1,9,2,53,8,1968,2,11,VOLKSWAGEN GOLF,1,E01012834,0,4
2024421461659,2024,421461659,2,9,0,-1,19,5,1,-1,0,2,0,0,0,0,4,1,-1,9,1,20,4,1968,2,6,VOLKSWAGEN GOLF,9,E01022074,0,1
2024411407512,2024,411407512,1,9,0,-1,19,5,1,-1,0,0,1,0,2,11,1,2,-1,9,1,24,5,2000,1,18,VOLKSWAGEN GOLF,3,E01033914,0,3
2024070821933,2024,070821933,1,9,0,-1,19,3,7,-1,0,2,0,0,0,0,1,1,-1,6,1,74,10,1598,2,10,VOLKSWAGEN GOLF,8,E01012551,0,1
2024411464870,2024,411464870,2,9,0,-1,19,1,5,-1,0,1,0,0,0,0,1,1,-1,6,2,65,9,1598,2,10,VOLKSWAGEN GOLF,9,E01012998,0,5
2024010550469,2024,010550469,1,9,0,18,19,3,7,0,0,1,0,11,3,1,4,1,6,6,1,23,5,1395,1,8,VOLKSWAGEN GOLF,-1,-1,0,-1
2024332400988,2024,332400988,1,9,0,-1,19,5,1,-1,0,0,1,0,0,0,1,1,-1,2,1,57,9,1968,2,14,VOLKSWAGEN GOLF,2,E01032602,0,1
2024201553744,2024,201553744,3,9,0,-1,2,0,0,-1,0,0,0,0,0,0,4,9,-1,6,-1,-1,-1,1498,1,4,VOLKSWAGEN GOLF,-1,-1,0,-1
2024461523182,2024,461523182,4,9,0,-1,3,8,4,-1,0,0,0,0,0,0,2,1,-1,6,2,30,6,1498,1,0,VOLKSWAGEN GOLF,9,E01024365,0,3
2024041406199,2024,041406199,1,9,0,-1,5,5,1,-1,0,1,0,0,0,0,3,1,-1,9,2,85,11,1390,1,23,VOLKSWAGEN GOLF,9,E01025566,0,1
2024320320839,2024,320320839,1,9,0,-1,-1,8,4,0,0,0,0,0,1,1,4,1,-1,-1,1,21,5,1197,1,11,VOLKSWAGEN GOLF,6,E01029880,0,5
2024061447424,2024,061447424,2,9,0,-1,19,7,3,-1,0,8,0,0,0,0,1,1,-1,9,1,31,6,999,1,7,VOLKSWAGEN GOLF,8,E01032922,0,1
2024131443310,2024,131443310,1,9,0,-1,9,3,1,-1,0,6,0,0,0,0,1,1,-1,9,1,46,8,-1,3,4,VOLKSWAGEN GOLF,2,E01011298,0,1
202417M116524,2024,17M116524,1,9,0,-1,19,8,4,-1,0,8,0,0,0,0,4,1,-1,9,2,69,10,1968,2,12,VOLKSWAGEN GOLF,9,E01011971,0,3
2024111483792,2024,111483792,2,9,0,-1,19,5,1,-1,0,0,0,0,0,0,1,1,-1,9,2,19,4,1984,1,7,VOLKSWAGEN GOLF,3,E01020827,0,3
202460Q189083,2024,60Q189083,2,9,0,18,19,1,5,0,0,1,0,0,0,0,1,1,6,6,2,20,4,1984,1,9,VOLKSWAGEN GOLF,-1,-1,0,-1
2024061499139,2024,061499139,1,9,0,-1,2,0,0,-1,0,0,0,0,7,0,4,1,-1,9,2,44,7,1390,1,15,VOLKSWAGEN GOLF,4,E01005214,0,2
2024010504004,2024,010504004,1,9,0,99,99,9,9,99,99,9,9,99,9,99,9,9,6,6,1,29,6,1390,1,11,VOLKSWAGEN GOLF,7,E01033927,0,3
202417S110424,2024,17S110424,2,9,0,-1,4,5,1,-1,0,1,0,0,0,0,2,1,-1,9,2,30,6,1598,2,6,VOLKSWAGEN GOLF,-1,-1,0,-1
2024320043902,2024,320043902,3,9,0,-1,-1,6,2,0,0,0,0,0,0,0,2,1,6,6,2,57,9,1498,8,3,VOLKSWAGEN GOLF,3,E01026017,0,2
2024010517651,2024,010517651,2,9,0,99,99,9,9,99,99,0,9,99,9,99,1,9,6,6,3,-1,-1,1598,1,21,VOLKSWAGEN GOLF,-1,-1,0,-1
2024031441532,2024,031441532,2,9,0,-1,4,5,1,-1,0,8,0,0,0,0,2,1,-1,9,2,40,7,1598,2,15,VOLKSWAGEN GOLF,9,E01025538,0,4
2024302401064,2024,302401064,2,9,0,9,9,5,2,0,0,6,0,0,0,0,3,1,2,2,2,31,6,1968,2,10,VOLKSWAGEN GOLF,5,E01013551,0,1
2024101513119,2024,101513119,1,9,-1,-1,-1,-1,-1,-1,-1,-1,-1,-1,-1,0,-1,9,-1,9,2,45,7,1498,8,0,VOLKSWAGEN GOLF,2,E01008634,0,3
2024131426718,2024,131426718,2,9,0,-1,-1,-1,-1,-1,-1,-1,-1,-1,-1,-1,2,1,-1,6,2,44,7,999,8,2,VOLKSWAGEN GOLF,9,E01011046,0,1
2024211532053,2024,211532053,1,9,0,-1,4,5,1,-1,0,0,1,0,6,0,1,1,-1,9,1,28,6,1498,1,0,VOLKSWAGEN GOLF,9,E01014318,0,2
2024320259764,2024,320259764,1,9,0,-1,-1,2,6,0,0,0,1,0,0,0,1,1,-1,-1,1,20,4,1395,1,9,VOLKSWAGEN GOLF,8,E01007918,0,4
2024471453774,2024,471453774,2,9,0,-1,19,4,8,-1,0,1,0,0,0,0,0,1,-1,9,2,81,11,1400,1,14,VOLKSWAGEN GOLF,3,E01021122,0,3
2024430446692,2024,430446692,2,9,0,9,9,3,1,0,0,5,0,0,0,0,1,1,2,2,1,-1,-1,1968,2,0,VOLKSWAGEN GOLF,-1,-1,0,-1
2024421433192,2024,421433192,1,9,0,-1,19,7,4,-1,0,1,0,0,0,0,1,1,-1,9,2,76,11,1598,2,14,VOLKSWAGEN GOLF,10,E01021633,0,3
2024991433245,2024,991433245,2,9,0,-1,19,4,7,-1,0,0,0,0,0,0,1,1,-1,9,2,28,6,1598,2,11,VOLKSWAGEN GOLF,2,-1,0,1
2024211427719,2024,211427719,1,9,0,-1,19,7,6,-1,0,6,1,0,1,0,1,1,-1,2,1,40,7,1896,2,26,VOLKSWAGEN GOLF,8,E01029742,0,3
2024610055024,2024,610055024,1,9,0,4,4,4,8,0,0,2,0,0,0,0,2,1,6,6,1,27,6,1968,2,12,VOLKSWAGEN GOLF,1,W01001661,0,1
2024131526399,2024,131526399,1,9,0,-1,4,1,1,-1,0,0,0,0,0,0,2,1,-1,2,2,29,6,1598,2,8,VOLKSWAGEN GOLF,3,E01011240,0,1
2024311412570,2024,311412570,1,9,0,-1,9,3,7,-1,0,1,0,0,0,0,4,1,-1,6,2,21,5,1968,2,4,VOLKSWAGEN GOLF,-1,-1,0,-1
2024501488198,2024,501488198,2,9,0,-1,5,2,6,-1,0,4,0,0,0,0,2,1,-1,9,2,54,8,1598,2,10,VOLKSWAGEN GOLF,2,E01034867,0,2
2024430121223,2024,430121223,2,9,0,9,9,1,7,0,0,5,0,0,0,0,3,1,2,2,2,62,9,1896,2,16,VOLKSWAGEN GOLF,10,E01016636,0,1
2024211528976,2024,211528976,1,9,0,-1,19,4,8,-1,0,4,0,0,0,0,4,1,-1,9,2,75,10,1498,8,2,VOLKSWAGEN GOLF,2,E01014262,0,1
2024401492796,2024,401492796,1,9,0,-1,19,5,1,-1,0,0,0,0,0,0,1,1,-1,6,2,48,8,1598,2,11,VOLKSWAGEN GOLF,9,E01023653,0,3
2024201436494,2024,201436494,1,9,0,-1,1,3,7,-1,9,0,0,0,0,0,2,9,-1,6,1,54,8,1598,2,14,VOLKSWAGEN GOLF,5,E01008925,0,1
2024010492672,2024,010492672,3,9,0,2,2,0,0,0,0,1,0,0,0,0,0,1,6,6,3,-1,-1,1395,1,10,VOLKSWAGEN GOLF,-1,-1,0,-1
2024061535641,2024,061535641,1,9,0,-1,19,8,4,-1,0,1,1,0,0,0,1,1,-1,9,1,37,7,1968,2,14,VOLKSWAGEN GOLF,1,E01005101,0,1
2024320762976,2024,320762976,1,9,0,9,9,4,2,0,0,6,0,0,0,0,1,1,6,6,1,33,6,1968,2,16,VOLKSWAGEN GOLF,6,E01026039,0,2
2024131435645,2024,131435645,2,9,0,-1,5,2,6,-1,0,0,0,0,0,0,2,1,-1,9,2,32,6,1968,2,15,VOLKSWAGEN GOLF,2,E01010804,0,1
2024201493531,2024,201493531,1,9,0,-1,19,2,6,-1,0,0,0,0,0,0,1,1,-1,6,2,42,7,999,1,8,VOLKSWAGEN GOLF,9,E01010171,0,1
2024010498428,2024,010498428,2,9,9,99,99,9,9,99,99,9,9,99,9,99,9,9,6,6,3,-1,-1,1395,1,8,VOLKSWAGEN GOLF,-1,-1,0,-1
2024061470133,2024,061470133,1,9,0,-1,19,7,3,-1,0,1,0,0,0,0,1,1,-1,6,1,20,4,1968,2,4,VOLKSWAGEN GOLF,8,E01006024,0,1
2024471400690,2024,471400690,1,9,0,-1,19,5,1,-1,0,1,1,0,0,0,1,1,-1,1,1,25,5,1390,1,15,VOLKSWAGEN GOLF,7,E01021176,0,4
2024401469693,2024,401469693,2,9,0,-1,19,1,7,-1,0,0,0,0,0,0,1,1,-1,2,2,39,7,1598,2,6,VOLKSWAGEN GOLF,9,E01015708,0,1
2024201513582,2024,201513582,1,9,0,-1,7,6,7,-1,0,5,0,0,0,0,1,1,-1,6,2,26,6,1600,1,19,VOLKSWAGEN GOLF,2,E01034745,0,1
2024061503446,2024,061503446,1,9,0,-1,19,7,3,-1,0,1,0,0,0,0,3,1,-1,6,2,35,6,-1,3,5,VOLKSWAGEN GOLF,7,E01004773,0,1
2024610007824,2024,610007824,1,9,0,9,9,8,5,0,0,1,5,0,0,11,1,1,2,2,2,20,4,1781,1,22,VOLKSWAGEN GOLF,2,W01001443,0,2
2024231515548,2024,231515548,1,9,0,-1,5,5,1,-1,0,6,0,0,0,0,1,1,-1,6,2,52,8,1598,2,8,VOLKSWAGEN GOLF,7,E01035027,0,2
2024010540746,2024,010540746,1,9,0,5,5,2,6,0,0,8,0,0,0,0,1,1,6,6,3,-1,-1,1390,1,12,VOLKSWAGEN GOLF,7,E01001133,0,1
2024340WN5382,2024,340WN5382,2,9,0,-1,19,3,7,-1,0,8,0,0,0,0,4,1,-1,6,1,41,7,1390,1,16,VOLKSWAGEN GOLF,-1,-1,0,-1
2024131410863,2024,131410863,1,9,0,-1,19,1,1,-1,9,0,5,10,1,5,3,1,-1,9,1,33,6,1984,1,5,VOLKSWAGEN GOLF,4,E01010598,0,1
2024351489822,2024,351489822,2,9,0,-1,19,1,5,-1,0,0,0,0,0,0,1,1,-1,6,1,35,6,1598,2,10,VOLKSWAGEN GOLF,6,E01035546,0,1
2024010511129,2024,010511129,1,9,0,18,19,1,5,0,0,1,1,10,1,10,1,1,6,6,1,26,6,1968,2,7,VOLKSWAGEN GOLF,5,E01001085,0,1
2024010509345,2024,010509345,2,9,9,99,99,9,9,99,99,9,9,99,9,99,1,9,6,6,1,27,6,1984,1,5,VOLKSWAGEN GOLF,8,E01003138,0,1
2024430401402,2024,430401402,2,9,0,18,19,2,6,0,0,0,0,0,7,0,1,1,1,1,1,26,6,1197,1,13,VOLKSWAGEN GOLF,7,E01016588,0,1
2024401460920,2024,401460920,2,9,0,-1,4,6,2,-1,0,0,0,0,0,0,2,1,-1,1,1,25,5,1498,1,0,VOLKSWAGEN GOLF,-1,-1,0,-1
2024061518712,2024,061518712,1,9,0,-1,19,3,7,-1,0,1,0,0,0,0,1,9,-1,6,3,-1,-1,1896,2,17,VOLKSWAGEN GOLF,-1,-1,0,-1
2024461420578,2024,461420578,3,9,0,-1,19,7,3,-1,0,0,0,0,0,0,2,9,-1,6,2,-1,-1,1498,8,0,VOLKSWAGEN GOLF,10,E01024467,0,4
2024440433837,2024,440433837,1,9,0,18,19,7,3,0,0,6,0,0,0,0,3,1,6,6,1,87,11,1600,1,24,VOLKSWAGEN GOLF,6,E01022561,0,1
2024610035424,2024,610035424,2,9,0,1,1,2,6,0,0,0,0,0,0,0,2,1,6,6,1,82,11,1395,1,11,VOLKSWAGEN GOLF,7,W01001372,0,3
2024052402200,2024,052402200,1,9,0,7,7,5,7,0,0,1,0,0,0,0,3,1,6,6,2,43,7,1598,2,7,VOLKSWAGEN GOLF,3,E01006890,0,1
2024131463736,2024,131463736,1,9,0,-1,12,7,3,-1,0,0,1,10,4,2,1,1,-1,2,1,58,9,1498,1,0,VOLKSWAGEN GOLF,10,E01011576,0,2
2024101462724,2024,101462724,2,9,0,-1,9,7,5,-1,0,8,1,0,0,0,1,1,-1,6,1,18,4,1900,2,19,VOLKSWAGEN GOLF,4,E01008404,0,2
2024451518969,2024,451518969,1,9,0,-1,5,8,4,-1,0,0,0,0,0,0,2,1,-1,2,1,32,6,1598,1,19,VOLKSWAGEN GOLF,3,E01031752,0,4
2024131394444,2024,131394444,2,9,0,-1,19,7,3,-1,0,8,0,0,0,0,4,1,-1,6,1,21,5,2000,2,19,VOLKSWAGEN GOLF,2,E01011763,0,1
2024401495433,2024,401495433,2,9,0,-1,10,-1,-1,-1,0,4,0,0,0,0,2,1,-1,9,1,27,6,1395,1,7,VOLKSWAGEN GOLF,4,E01015752,0,1
2024520402697,2024,520402697,5,9,0,2,2,0,0,0,0,1,0,0,0,0,2,1,6,6,3,-1,-1,1598,1,16,VOLKSWAGEN GOLF,-1,-1,0,-1
2024010533513,2024,010533513,1,9,0,18,19,7,3,0,0,3,0,0,0,0,4,1,6,6,2,36,7,1395,1,9,VOLKSWAGEN GOLF,8,E01001617,0,1
2024411506479,2024,411506479,4,9,0,-1,2,0,0,-1,9,0,0,0,0,0,4,1,-1,6,-1,-1,-1,1498,1,5,VOLKSWAGEN GOLF,-1,-1,0,-1
2024340WN5882,2024,340WN5882,2,9,0,-1,19,7,3,-1,0,8,0,0,0,0,4,1,-1,9,1,25,5,1390,1,20,VOLKSWAGEN GOLF,2,E01027226,0,1
2024471495049,2024,471495049,1,9,0,-1,19,1,5,-1,0,1,0,0,0,0,4,1,-1,9,2,44,7,1390,1,20,VOLKSWAGEN GOLF,1,E01016865,0,1