collision_index,collision_year,collision_ref_no,vehicle_reference,vehicle_type,towing_and_articulation,vehicle_manoeuvre_historic,vehicle_manoeuvre,vehicle_direction_from,vehicle_direction_to,vehicle_location_restricted_lane_historic,vehicle_location_restricted_lane,junction_location,skidding_and_overturning,hit_object_in_carriageway,vehicle_leaving_carriageway,hit_object_off_carriageway,first_point_of_impact,vehicle_left_hand_drive,journey_purpose_of_driver_historic,journey_purpose_of_driver,sex_of_driver,age_of_driver,age_band_of_driver,engine_capacity_cc,propulsion_code,age_of_vehicle,generic_make_model,driver_imd_decile,lsoa_of_driver,escooter_flag,driver_distance_banding
2024340WN4062,2024,340WN4062,1,9,0,-1,13,8,4,-1,0,0,0,0,0,0,1,1,-1,9,1,24,5,2000,1,17,VOLKSWAGEN GOLF,9,E01031219,0,4
2024411412541,2024,411412541,2,9,0,-1,19,7,3,-1,0,2,0,0,0,0,1,1,-1,6,1,18,4,1984,1,13,VOLKSWAGEN GOLF,3,E01023343,0,1
2024440144116,2024,440144116,2,9,0,5,5,7,3,0,0,6,0,0,0,0,1,1,6,6,2,39,7,1498,1,2,VOLKSWAGEN GOLF,7,E01017294,0,1
2024131496661,2024,131496661,1,9,0,-1,-1,-1,-1,-1,-1,0,-1,-1,-1,-1,-1,1,-1,6,3,-1,-1,1395,1,6,VOLKSWAGEN GOLF,-1,-1,0,-1
2024201499551,2024,201499551,2,9,0,-1,19,5,3,-1,0,1,0,0,0,0,1,1,-1,6,3,20,4,1968,2,15,VOLKSWAGEN GOLF,-1,-1,0,-1
2024061474605,2024,061474605,1,9,0,-1,19,1,5,-1,0,8,0,0,0,0,1,1,-1,6,1,29,6,1498,1,1,VOLKSWAGEN GOLF,1,E01005485,0,1
2024401522684,2024,401522684,2,9,-1,-1,-1,-1,-1,-1,-1,-1,-1,-1,-1,0,3,9,-1,9,2,30,6,1968,2,11,VOLKSWAGEN GOLF,9,E01018133,0,4
2024010511433,2024,010511433,1,9,0,18,19,1,5,0,0,1,0,0,1,11,1,1,6,6,1,21,5,1390,1,15,VOLKSWAGEN GOLF,-1,-1,0,-1
2024332400227,2024,332400227,1,9,0,-1,19,1,5,-1,0,8,0,0,0,0,3,1,-1,6,2,38,7,1390,1,15,VOLKSWAGEN GOLF,6,E01013766,0,1
2024501534398,2024,501534398,1,9,0,-1,11,4,8,-1,0,1,0,0,0,0,4,1,-1,6,1,40,7,1896,2,16,VOLKSWAGEN GOLF,8,E01015098,0,1
2024340WN4052,2024,340WN4052,2,9,0,-1,19,5,1,-1,0,1,0,0,0,0,4,1,-1,9,2,53,8,1968,2,15,VOLKSWAGEN GOLF,8,E01027212,0,2
2024522401955,2024,522401955,2,9,0,9,9,8,4,0,0,2,1,10,7,2,3,1,6,6,1,89,11,1498,1,5,VOLKSWAGEN GOLF,9,E01024462,0,5
2024461532933,2024,461532933,1,9,0,-1,19,7,3,-1,0,0,2,0,1,4,2,1,-1,6,1,30,6,1896,2,16,VOLKSWAGEN GOLF,9,E01024085,0,3
2024010488811,2024,010488811,2,9,0,18,19,3,7,0,0,0,0,0,0,0,0,1,6,6,2,39,7,1598,2,8,VOLKSWAGEN GOLF,-1,-1,0,-1
2024070511262,2024,070511262,2,9,0,2,2,0,0,0,0,0,0,0,0,0,4,1,6,6,2,-1,-1,1900,2,19,VOLKSWAGEN GOLF,-1,-1,0,-1
2024231528635,2024,231528635,2,9,0,-1,8,3,7,-1,0,1,0,0,0,0,1,9,-1,6,2,35,6,1598,2,7,VOLKSWAGEN GOLF,10,E01031214,0,4
2024010521543,2024,010521543,1,9,0,99,99,9,9,99,99,9,9,99,9,99,2,9,6,6,2,19,4,1395,1,7,VOLKSWAGEN GOLF,6,E01002422,0,4
2024231510711,2024,231510711,1,9,0,-1,19,5,1,-1,0,0,0,0,7,0,1,1,-1,6,1,32,6,1896,2,23,VOLKSWAGEN GOLF,7,E01031007,0,2
2024520402555,2024,520402555,1,9,0,18,19,3,7,0,0,0,0,0,0,0,1,1,6,6,2,19,4,1598,1,17,VOLKSWAGEN GOLF,5,E01029279,0,3
2024101517107,2024,101517107,1,9,0,-1,19,1,5,-1,0,0,0,0,0,0,1,1,-1,9,2,34,6,1598,2,12,VOLKSWAGEN GOLF,4,E01027373,0,1
2024231534349,2024,231534349,1,9,0,-1,19,8,4,-1,0,8,0,0,0,0,1,1,-1,9,2,27,6,1968,2,13,VOLKSWAGEN GOLF,3,E01031115,0,1
2024991420992,2024,991420992,1,9,0,-1,19,8,5,-1,0,1,0,0,0,0,1,1,-1,6,1,58,9,1395,1,9,VOLKSWAGEN GOLF,2,-1,0,1
2024010519025,2024,010519025,2,9,0,2,2,9,9,99,99,0,9,99,9,99,9,9,6,6,3,59,9,1390,1,17,VOLKSWAGEN GOLF,6,E01003281,0,2
2024122401034,2024,122401034,1,9,0,18,19,3,7,0,0,0,0,0,0,0,3,1,6,6,1,49,8,1900,2,19,VOLKSWAGEN GOLF,7,E01025048,0,4
2024141504174,2024,141504174,1,9,0,-1,5,1,5,-1,0,6,0,0,0,0,1,1,-1,6,2,53,8,1400,1,14,VOLKSWAGEN GOLF,1,E01007738,0,1
2024549761424,2024,549761424,2,9,0,18,19,2,6,0,0,1,0,0,0,0,1,1,6,6,1,71,10,2000,2,20,VOLKSWAGEN GOLF,7,E01031872,0,1
2024101423828,2024,101423828,1,9,0,-1,19,7,3,-1,0,0,0,0,0,0,1,1,-1,6,1,36,7,1968,2,10,VOLKSWAGEN GOLF,8,E01008716,0,3
2024041421383,2024,041421383,1,9,0,-1,9,5,7,-1,0,8,0,0,0,0,1,1,-1,9,2,33,6,1968,2,7,VOLKSWAGEN GOLF,2,E01012606,0,2
2024201455466,2024,201455466,1,9,0,-1,19,6,2,-1,0,1,0,0,0,0,1,9,-1,6,1,25,5,1984,1,4,VOLKSWAGEN GOLF,2,E01033642,0,1
2024411482646,2024,411482646,2,9,0,-1,19,1,5,-1,0,1,0,0,0,0,1,1,-1,6,1,76,11,1498,1,3,VOLKSWAGEN GOLF,8,E01023315,0,2
2024371417189,2024,371417189,2,9,0,-1,3,1,4,-1,0,8,0,0,0,0,2,1,-1,9,2,45,7,999,1,2,VOLKSWAGEN GOLF,6,E01021344,0,4
2024622400872,2024,622400872,1,9,0,18,19,1,5,0,0,1,0,0,0,0,1,1,6,6,2,74,10,1390,1,14,VOLKSWAGEN GOLF,7,W01001953,0,1
2024302401353,2024,302401353,2,9,0,13,13,8,4,0,0,0,1,0,0,0,1,1,6,6,1,19,4,1390,1,15,VOLKSWAGEN GOLF,3,E01019506,0,3
2024201439156,2024,201439156,2,9,0,-1,3,1,5,-1,0,0,0,0,0,0,2,1,-1,6,1,21,5,1390,1,14,VOLKSWAGEN GOLF,1,E01009103,0,2
2024461441929,2024,461441929,1,9,0,-1,19,7,3,-1,0,0,1,0,0,0,1,1,-1,9,2,44,7,1395,1,7,VOLKSWAGEN GOLF,8,E01024625,0,2
2024061476280,2024,061476280,2,9,0,-1,10,-1,-1,-1,0,6,0,0,0,0,1,1,-1,6,1,-1,-1,1498,1,1,VOLKSWAGEN GOLF,-1,-1,0,-1
2024421528848,2024,421528848,1,9,0,-1,9,5,3,-1,0,6,9,0,0,0,1,2,-1,6,1,-1,-1,1896,2,22,VOLKSWAGEN GOLF,-1,-1,0,-1
2024131450748,2024,131450748,1,9,0,-1,19,3,7,-1,0,0,0,0,0,0,1,1,-1,9,1,21,5,1598,1,18,VOLKSWAGEN GOLF,3,E01011670,0,1
2024461398407,2024,461398407,3,9,0,-1,4,4,8,-1,0,0,0,0,0,0,2,9,-1,6,3,38,7,1968,2,15,VOLKSWAGEN GOLF,9,E01024256,0,3
2024440546851,2024,440546851,1,9,0,18,19,3,7,0,0,1,0,0,0,0,1,1,6,6,3,-1,-1,1968,2,13,VOLKSWAGEN GOLF,-1,-1,0,-1
2024131482709,2024,131482709,2,9,0,-1,9,2,6,-1,0,8,0,0,0,0,1,1,-1,6,3,-1,-1,1984,1,17,VOLKSWAGEN GOLF,-1,-1,0,-1
2024440503004,2024,440503004,1,9,0,5,5,5,1,0,0,2,0,0,0,0,1,1,6,6,2,60,9,1984,1,8,VOLKSWAGEN GOLF,4,E01022910,0,1
2024201525854,2024,201525854,2,9,0,-1,3,3,7,-1,0,0,0,0,0,0,2,1,-1,9,1,34,6,1968,2,12,VOLKSWAGEN GOLF,3,E01010144,0,2
2024010500181,2024,010500181,1,9,0,5,5,6,2,0,0,1,0,0,0,0,1,1,6,6,1,44,7,1896,2,18,VOLKSWAGEN GOLF,3,E01021300,0,4
2024201433713,2024,201433713,1,9,0,-1,19,7,3,-1,0,4,0,0,0,0,1,9,-1,6,2,24,5,1390,1,17,VOLKSWAGEN GOLF,6,E01009041,0,2
2024010515522,2024,010515522,1,9,0,99,99,9,9,99,99,9,9,99,9,99,3,9,1,1,2,31,6,999,8,2,VOLKSWAGEN GOLF,3,E01003374,0,1
2024320366189,2024,320366189,4,9,0,3,3,2,6,0,0,0,0,0,0,0,2,1,-1,-1,1,30,6,1598,2,12,VOLKSWAGEN GOLF,-1,-1,0,-1
2024061396964,2024,061396964,1,9,0,-1,3,2,6,-1,0,0,0,0,0,0,1,1,-1,6,1,71,10,1598,2,11,VOLKSWAGEN GOLF,7,E01010952,0,3
2024061497179,2024,061497179,1,9,0,-1,19,8,4,-1,0,2,0,0,0,0,1,1,-1,9,1,24,5,1968,2,4,VOLKSWAGEN GOLF,8,E01006230,0,2
2024451510612,2024,451510612,3,9,0,-1,2,0,0,-1,0,0,0,0,0,0,2,1,-1,6,-1,-1,-1,1595,1,15,VOLKSWAGEN GOLF,-1,-1,0,-1
2024010544650,2024,010544650,1,9,0,3,3,7,3,0,0,1,0,0,0,0,1,1,6,6,1,32,6,1390,1,18,VOLKSWAGEN GOLF,2,E01003320,0,3
2024371494108,2024,371494108,2,9,0,-1,3,4,8,-1,0,1,0,0,0,0,2,1,-1,9,2,43,7,1598,2,13,VOLKSWAGEN GOLF,6,E01030057,0,3
2024041404945,2024,041404945,1,9,0,-1,5,1,5,-1,0,1,0,0,0,0,1,1,-1,6,1,20,4,1598,2,11,VOLKSWAGEN GOLF,3,E01010984,0,3
2024101553880,2024,101553880,1,9,0,-1,15,1,1,-1,0,1,0,0,0,0,1,1,-1,9,1,51,8,1896,2,20,VOLKSWAGEN GOLF,4,E01027387,0,1
2024430309465,2024,430309465,1,9,0,3,3,3,7,0,0,1,0,0,0,0,2,1,6,6,1,26,6,1968,2,8,VOLKSWAGEN GOLF,9,E01035265,0,2
2024131439567,2024,131439567,2,9,0,-1,19,6,2,-1,0,8,0,0,0,0,2,1,-1,6,1,24,5,1968,2,7,VOLKSWAGEN GOLF,5,E01011026,0,2
2024221488150,2024,221488150,2,9,0,-1,9,6,4,-1,0,6,0,0,0,0,3,1,-1,9,1,81,11,1390,1,12,VOLKSWAGEN GOLF,3,E01009119,0,3
2024010528153,2024,010528153,1,9,0,13,13,7,3,0,0,0,0,0,0,0,3,1,6,6,1,31,6,1390,1,14,VOLKSWAGEN GOLF,5,E01000037,0,3
2024161496517,2024,161496517,2,9,0,-1,19,7,3,-1,0,1,0,0,0,0,1,1,-1,6,1,-1,-1,1395,1,6,VOLKSWAGEN GOLF,6,E01012961,0,1
2024031505555,2024,031505555,1,9,0,-1,19,4,7,-1,0,0,0,0,0,0,1,1,-1,6,1,37,7,1968,2,12,VOLKSWAGEN GOLF,1,E01019245,0,1
2024520402882,2024,520402882,1,9,0,4,4,2,6,0,0,0,0,0,0,0,2,1,6,6,1,42,7,1968,2,15,VOLKSWAGEN GOLF,5,E01029167,0,2
2024131396174,2024,131396174,1,9,0,-1,19,1,5,-1,0,8,0,0,0,0,1,1,-1,1,1,25,5,1968,2,10,VOLKSWAGEN GOLF,6,E01007028,0,4
2024221532831,2024,221532831,2,9,0,-1,3,4,8,-1,0,1,0,0,0,0,2,1,-1,9,2,51,8,1598,2,13,VOLKSWAGEN GOLF,8,E01032439,0,1
2024501493423,2024,501493423,2,9,0,-1,19,5,2,-1,0,0,0,0,0,0,1,1,-1,2,1,44,7,1896,2,16,VOLKSWAGEN GOLF,5,E01020174,0,2
2024471403272,2024,471403272,1,9,0,-1,3,6,2,-1,0,0,0,0,0,0,2,1,-1,2,2,36,7,1896,2,17,VOLKSWAGEN GOLF,9,E01031612,0,1
2024061524706,2024,061524706,1,9,0,-1,15,7,4,-1,0,1,0,0,0,0,3,1,-1,6,2,23,5,1498,1,0,VOLKSWAGEN GOLF,2,E01025284,0,4
2024010520255,2024,010520255,1,9,0,18,19,1,5,0,0,8,0,0,0,0,1,1,6,6,3,23,5,1984,1,3,VOLKSWAGEN GOLF,-1,-1,0,-1
2024430304650,2024,430304650,2,9,0,4,4,8,4,0,0,0,0,0,0,0,2,1,6,6,1,18,4,1498,1,4,VOLKSWAGEN GOLF,9,E01017722,0,1
2024451468202,2024,451468202,1,9,0,-1,19,1,5,-1,0,0,0,0,0,0,1,1,-1,6,2,80,11,1598,1,22,VOLKSWAGEN GOLF,8,E01030954,0,1
2024520403218,2024,520403218,2,9,0,9,9,8,6,0,0,6,0,0,0,0,1,1,6,6,1,25,5,1395,1,7,VOLKSWAGEN GOLF,9,E01029024,0,1
2024461510155,2024,461510155,2,9,0,-1,19,3,7,-1,0,2,0,0,0,0,3,1,-1,9,2,45,7,1896,2,16,VOLKSWAGEN GOLF,4,E01024429,0,4
2024010506279,2024,010506279,1,9,0,18,19,1,5,0,0,6,0,0,0,0,3,1,2,2,2,51,8,999,1,6,VOLKSWAGEN GOLF,3,E01000796,0,2
2024311508265,2024,311508265,1,9,0,-1,7,1,5,-1,0,6,0,0,0,0,1,1,-1,1,1,45,7,1900,2,18,VOLKSWAGEN GOLF,-1,-1,0,-1
2024631525053,2024,631525053,1,9,0,-1,19,3,7,-1,0,0,0,0,1,7,1,1,-1,9,1,29,6,1380,1,13,VOLKSWAGEN GOLF,8,E01013988,0,4
2024201458356,2024,201458356,2,9,0,-1,5,5,1,-1,0,4,0,0,0,0,2,1,-1,6,1,27,6,1968,2,15,VOLKSWAGEN GOLF,7,E01029396,0,4
2024211490733,2024,211490733,1,9,0,-1,7,6,2,-1,-1,0,0,0,7,0,1,1,-1,6,1,22,5,1968,2,4,VOLKSWAGEN GOLF,2,E01029388,0,3
2024131434657,2024,131434657,2,9,0,-1,3,3,7,-1,0,0,0,0,0,0,2,1,-1,1,2,36,7,1968,2,9,VOLKSWAGEN GOLF,2,E01011379,0,2
2024131456633,2024,131456633,1,9,0,-1,19,2,6,-1,0,1,0,0,0,0,1,1,-1,6,1,29,6,-1,3,5,VOLKSWAGEN GOLF,5,E01011147,0,1
2024401507615,2024,401507615,1,9,0,-1,9,5,2,-1,0,1,0,0,0,0,3,1,-1,6,1,44,7,1968,2,16,VOLKSWAGEN GOLF,6,E01015766,0,1
2024411513925,2024,411513925,3,9,0,-1,4,6,2,-1,0,0,0,0,0,0,2,1,-1,9,1,40,7,1984,1,9,VOLKSWAGEN GOLF,7,E01017376,0,2
2024501473550,2024,501473550,2,9,0,-1,19,3,7,-1,0,1,0,0,0,0,1,1,-1,2,1,26,6,1598,1,16,VOLKSWAGEN GOLF,5,E01018921,0,2
2024141497790,2024,141497790,2,9,0,-1,7,1,4,-1,0,2,0,0,1,0,1,1,-1,1,1,37,7,1598,2,11,VOLKSWAGEN GOLF,2,E01007517,0,2
2024131491895,2024,131491895,2,9,0,-1,7,2,4,-1,0,8,0,0,7,0,1,1,-1,2,2,32,6,1598,2,6,VOLKSWAGEN GOLF,1,E01011032,0,1
2024010538997,2024,010538997,1,9,0,18,19,3,7,0,0,1,1,4,8,7,1,1,6,6,1,27,6,1390,1,15,VOLKSWAGEN GOLF,2,E01032787,0,1
2024070349847,2024,070349847,1,9,0,-1,-1,6,2,0,0,0,0,11,0,0,2,1,2,2,1,30,6,1968,2,11,VOLKSWAGEN GOLF,9,E01006394,0,3
2024010509343,2024,010509343,2,9,0,18,19,7,3,0,0,1,0,0,0,0,2,1,2,2,2,45,7,1395,8,4,VOLKSWAGEN GOLF,9,E01000261,0,1
2024411469143,2024,411469143,2,9,0,-1,5,5,1,-1,0,4,0,0,0,0,1,1,-1,6,2,35,6,1395,8,9,VOLKSWAGEN GOLF,6,E01023317,0,1
2024161529459,2024,161529459,2,9,0,-1,19,6,2,-1,0,0,0,0,0,0,1,1,-1,9,2,25,5,1395,1,9,VOLKSWAGEN GOLF,9,E01012996,0,3
2024461469429,2024,461469429,1,9,0,-1,7,4,7,-1,0,1,0,0,0,0,4,9,-1,2,1,28,6,1390,1,13,VOLKSWAGEN GOLF,2,E01024093,0,4
2024161426153,2024,161426153,2,9,0,-1,19,7,3,-1,0,0,0,0,0,0,2,1,-1,9,2,48,8,1395,1,7,VOLKSWAGEN GOLF,8,E01008025,0,4
2024361524413,2024,361524413,1,9,0,-1,5,1,5,-1,0,6,0,0,0,0,1,1,-1,9,1,37,7,1896,2,22,VOLKSWAGEN GOLF,1,E01026666,0,1
2024451451771,2024,451451771,1,9,0,-1,19,5,1,-1,0,0,0,0,0,0,2,1,-1,2,1,29,6,1968,2,7,VOLKSWAGEN GOLF,7,E01030457,0,3
2024010499708,2024,010499708,1,9,0,18,19,3,7,0,0,0,0,0,0,0,1,2,1,1,1,58,9,1968,2,2,VOLKSWAGEN GOLF,6,E01033570,0,1
2024141428985,2024,141428985,2,9,0,-1,19,4,8,-1,0,0,0,0,0,0,1,1,-1,6,1,25,5,1395,1,8,VOLKSWAGEN GOLF,6,E01007974,0,1
2024061503010,2024,061503010,1,9,0,-1,19,7,3,-1,0,8,0,11,0,0,1,1,-1,6,1,30,6,1498,1,0,VOLKSWAGEN GOLF,-1,-1,0,-1
2024201533263,2024,201533263,1,9,0,-1,7,7,1,-1,0,2,0,0,0,0,1,9,-1,6,1,-1,-1,1598,2,8,VOLKSWAGEN GOLF,-1,-1,0,-1
2024440185132,2024,440185132,1,9,0,11,11,6,2,0,0,0,0,4,0,0,1,1,6,6,1,81,11,1395,1,7,VOLKSWAGEN GOLF,10,E01004091,0,4
2024010510983,2024,010510983,2,9,0,99,99,9,9,99,99,9,9,99,9,99,9,9,6,6,3,-1,-1,1498,1,6,VOLKSWAGEN GOLF,-1,-1,0,-1
2024101468196,2024,101468196,2,9,0,-1,3,5,1,-1,0,0,0,0,0,0,2,1,-1,6,2,44,7,1968,2,3,VOLKSWAGEN GOLF,6,E01008696,0,1
2024371454173,2024,371454173,2,9,0,-1,19,4,8,-1,0,0,0,0,0,0,2,1,-1,1,1,54,8,1395,8,6,VOLKSWAGEN GOLF,5,E01030138,0,2
2024010541839,2024,010541839,2,9,0,9,9,1,7,0,0,6,0,0,0,0,1,1,6,6,2,47,8,1395,8,2,VOLKSWAGEN GOLF,8,E01000136,0,1
2024201458598,2024,201458598,2,9,0,-1,19,5,1,-1,0,0,0,0,0,0,1,1,-1,9,2,-1,-1,1598,2,8,VOLKSWAGEN GOLF,-1,-1,0,-1
2024221466248,2024,221466248,1,9,0,-1,19,5,8,-1,0,0,0,0,0,0,3,9,-1,6,2,62,9,1390,1,14,VOLKSWAGEN GOLF,6,E01028850,0,2
2024991480489,2024,991480489,1,9,0,-1,19,4,8,-1,0,0,0,0,1,0,3,1,-1,9,1,82,11,1968,2,10,VOLKSWAGEN GOLF,-1,-1,0,-1
202460Q176026,2024,60Q176026,1,9,0,18,19,3,7,0,0,1,0,0,0,0,1,1,6,6,3,-1,-1,2000,2,19,VOLKSWAGEN GOLF,-1,-1,0,-1
2024332400941,2024,332400941,2,9,0,-1,19,8,4,-1,0,0,0,0,0,0,3,1,-1,2,1,64,9,1598,2,13,VOLKSWAGEN GOLF,1,E01009406,0,4
2024010518998,2024,010518998,3,9,0,2,2,0,0,0,0,0,0,0,0,0,0,1,6,6,3,-1,-1,1390,1,15,VOLKSWAGEN GOLF,-1,-1,0,-1
2024471406243,2024,471406243,1,9,0,-1,19,7,3,-1,0,0,0,0,1,9,1,1,-1,9,1,48,8,1598,2,13,VOLKSWAGEN GOLF,7,E01031661,0,1
2024061434138,2024,061434138,2,9,0,-1,19,2,6,-1,0,0,0,0,0,0,4,1,-1,9,1,40,7,1900,2,18,VOLKSWAGEN GOLF,1,E01005328,0,1
2024010541168,2024,010541168,1,9,0,18,19,1,5,0,0,0,0,0,0,0,2,1,6,6,2,37,7,1498,8,1,VOLKSWAGEN GOLF,3,E01030711,0,2
2024010551089,2024,010551089,2,9,0,99,99,9,9,99,99,9,9,99,9,99,9,9,6,6,3,-1,-1,1390,1,20,VOLKSWAGEN GOLF,-1,-1,0,-1
2024221517088,2024,221517088,1,9,0,-1,19,6,2,-1,0,0,0,4,0,0,1,2,-1,6,1,42,7,1598,2,10,VOLKSWAGEN GOLF,2,E01010526,0,3
2024070484790,2024,070484790,1,9,0,18,19,1,5,0,0,1,0,0,0,0,1,1,6,6,2,78,11,1598,2,7,VOLKSWAGEN GOLF,10,E01012452,0,4
2024440013583,2024,440013583,1,19,0,12,12,2,6,0,0,0,0,0,0,0,0,1,1,1,1,34,6,-1,3,1,VOLKSWAGEN ID BUZZ,2,E01016035,0,5
2024041502269,2024,041502269,1,9,0,-1,19,1,7,-1,0,8,0,0,0,0,1,1,-1,6,2,39,7,-1,3,0,VOLKSWAGEN ID BUZZ,8,E01025277,0,1
2024501483523,2024,501483523,1,9,0,-1,9,7,5,-1,0,8,0,0,0,0,3,1,-1,9,1,48,8,-1,3,0,VOLKSWAGEN ID BUZZ,5,E01020068,0,1
2024548951424,2024,548951424,3,19,0,18,19,1,5,0,0,1,0,0,0,0,1,1,2,2,1,34,6,-1,3,0,VOLKSWAGEN ID BUZZ,10,E01020463,0,2
2024991519489,2024,991519489,2,9,0,-1,2,0,0,-1,0,0,0,0,0,0,3,1,-1,6,-1,-1,-1,-1,3,2,VOLKSWAGEN ID BUZZ,-1,-1,0,-1
2024520403054,2024,520403054,1,19,0,18,19,7,3,0,0,0,5,0,1,0,1,1,6,6,1,53,8,-1,3,0,VOLKSWAGEN ID BUZZ,5,E01032090,0,4
2024010525731,2024,010525731,1,19,0,9,9,3,1,0,0,8,0,0,0,0,4,1,2,2,1,61,9,-1,3,1,VOLKSWAGEN ID BUZZ,7,E01032781,0,1
2024440463459,2024,440463459,2,9,0,9,9,6,8,0,0,8,0,0,0,0,1,1,6,6,1,-1,-1,-1,3,1,VOLKSWAGEN ID BUZZ,-1,-1,0,-1
2024061451120,2024,061451120,1,9,0,-1,19,3,7,-1,0,0,0,0,0,0,-1,9,-1,6,1,-1,-1,-1,3,1,VOLKSWAGEN ID BUZZ,-1,-1,0,-1
2024320622954,2024,320622954,1,19,0,4,4,5,1,0,0,0,0,0,0,0,1,1,6,6,1,-1,-1,-1,3,0,VOLKSWAGEN ID BUZZ,-1,-1,0,-1
2024552400871,2024,552400871,2,9,0,18,19,4,8,0,0,8,0,0,0,0,1,1,2,2,2,42,7,-1,3,1,VOLKSWAGEN ID BUZZ,7,E01020537,0,1
2024320477908,2024,320477908,1,9,0,-1,-1,8,4,0,0,0,0,0,0,0,1,1,6,6,2,24,5,1997,2,16,VOLVO S80,1,E01026010,0,4
2024320022789,2024,320022789,1,9,0,-1,-1,8,4,0,0,7,0,0,0,0,1,1,-1,-1,1,42,7,2401,2,17,VOLVO S80,7,E01025969,0,4
2024451418512,2024,451418512,2,9,0,-1,12,1,5,-1,0,0,0,0,0,0,3,1,-1,6,1,60,9,2401,2,17,VOLVO S80,4,E01001171,0,4
2024501438670,2024,501438670,1,9,0,-1,20,5,1,-1,9,1,0,0,0,0,1,9,-1,6,3,-1,-1,2401,2,17,VOLVO S80,-1,-1,0,-1
2024610041424,2024,610041424,1,9,0,18,19,6,2,0,0,1,1,0,1,9,1,1,6,6,1,55,8,2401,2,15,VOLVO S80,2,W01001964,0,4
2024061477119,2024,061477119,5,9,0,-1,2,0,0,-1,0,0,0,0,0,0,1,1,-1,6,-1,-1,-1,4414,1,18,VOLVO S80,-1,-1,0,-1
2024010502259,2024,010502259,1,9,0,3,3,1,5,0,0,1,0,0,0,0,2,1,6,6,1,59,9,2435,1,22,VOLVO S80,5,E01000975,0,1
2024041441623,2024,041441623,1,9,0,-1,11,3,7,-1,0,0,0,0,1,11,1,1,-1,9,1,65,9,2401,2,20,VOLVO S80,3,E01012714,0,3
2024161432302,2024,161432302,1,9,0,-1,1,7,3,-1,0,0,0,0,0,0,1,1,-1,9,1,84,11,2521,1,16,VOLVO S80,4,E01013334,0,1
2024320109506,2024,320109506,2,9,0,-1,-1,4,8,0,0,8,0,0,0,0,1,1,-1,-1,2,41,7,2401,2,21,VOLVO S80,8,E01026258,0,1
2024010513518,2024,010513518,2,9,0,99,99,9,9,99,99,9,9,99,9,99,1,9,6,6,2,32,6,2521,1,15,VOLVO S80,6,E01001309,0,1
2024010521636,2024,010521636,1,9,0,18,19,5,1,0,0,0,0,0,0,0,2,1,1,1,1,54,8,1969,2,8,VOLVO S80,7,E01021801,0,3
2024101449013,2024,101449013,1,9,0,-1,19,3,7,-1,0,0,0,0,0,0,4,1,-1,1,1,63,9,2400,2,14,VOLVO S80,2,E01027443,0,4
2024430551006,2024,430551006,1,9,0,5,5,1,7,0,0,6,0,0,0,0,-1,-1,6,6,1,68,10,2401,2,18,VOLVO S80,7,E01016820,0,1
2024340WN5112,2024,340WN5112,2,9,0,-1,2,0,0,-1,0,0,0,0,0,0,3,1,-1,6,3,-1,-1,1984,2,13,VOLVO S80,-1,-1,0,-1
2024401489491,2024,401489491,2,9,0,-1,-1,-1,-1,-1,-1,0,-1,-1,-1,0,3,9,-1,2,1,49,8,1984,2,14,VOLVO S80,4,E01015804,0,1
2024471468877,2024,471468877,2,9,0,-1,19,3,7,-1,0,0,0,0,0,0,2,1,-1,6,1,42,7,1984,2,12,VOLVO S80,9,E01021072,0,1
2024401517732,2024,401517732,1,9,0,-1,1,5,1,-1,0,0,0,0,0,0,2,1,-1,6,3,-1,-1,2401,2,18,VOLVO S80,-1,-1,0,-1
2024201518948,2024,201518948,2,9,0,-1,5,3,3,-1,0,2,0,0,0,0,4,1,-1,2,2,47,8,1997,2,15,VOLVO S80,1,E01009401,0,2
2024371478655,2024,371478655,1,9,0,-1,1,1,5,-1,0,0,0,0,0,0,2,1,-1,9,1,42,7,1984,2,12,VOLVO S80,3,E01029914,0,1
2024101426986,2024,101426986,2,9,0,-1,9,5,3,-1,0,6,0,0,0,0,3,1,-1,2,2,44,7,2435,1,19,VOLVO S80,7,E01008500,0,2
2024141502138,2024,141502138,2,9,0,-1,19,1,5,-1,0,0,0,0,0,0,3,1,-1,9,1,76,11,1969,2,8,VOLVO S80,5,E01007698,0,2
2024311408637,2024,311408637,1,9,0,-1,19,3,7,-1,0,0,0,4,0,0,4,1,-1,6,1,48,8,2400,2,15,VOLVO S80,1,E01013841,0,1
2024311458054,2024,311458054,1,9,0,-1,19,3,7,-1,0,6,0,0,0,0,1,9,-1,1,1,48,8,2400,2,15,VOLVO S80,-1,-1,0,-1
2024201535342,2024,201535342,1,5,5,-1,13,8,4,-1,0,8,2,10,7,0,3,1,-1,6,1,35,6,660,1,16,MAKE AND MODEL REDACTED,2,E01009584,0,1
2024041429768,2024,041429768,2,3,0,-1,19,5,1,-1,0,8,0,0,0,0,1,1,-1,9,1,26,6,124,1,1,MAKE AND MODEL REDACTED,4,E01025216,0,1
2024411511297,2024,411511297,2,3,0,-1,13,1,5,-1,0,1,1,0,0,0,1,1,-1,1,1,44,7,124,1,1,MAKE AND MODEL REDACTED,4,E01023358,0,2
2024631485473,2024,631485473,1,3,0,-1,14,5,1,-1,0,1,1,0,0,0,4,1,-1,6,1,47,8,124,1,0,MAKE AND MODEL REDACTED,8,W01000611,0,1
2024052401687,2024,052401687,2,4,0,17,19,3,7,0,0,1,0,0,0,0,1,1,6,6,1,24,5,124,1,2,MAKE AND MODEL REDACTED,8,E01032904,0,1
2024010516807,2024,010516807,1,3,0,14,14,5,1,2,2,8,0,0,0,0,1,1,2,2,1,30,6,124,1,1,MAKE AND MODEL REDACTED,2,E01003174,0,1
2024361416555,2024,361416555,2,3,0,-1,19,5,1,-1,0,0,0,0,0,0,0,1,-1,9,1,17,4,124,1,5,MAKE AND MODEL REDACTED,4,E01026884,0,1