collision_index,collision_year,collision_ref_no,vehicle_reference,vehicle_type,towing_and_articulation,vehicle_manoeuvre_historic,vehicle_manoeuvre,vehicle_direction_from,vehicle_direction_to,vehicle_location_restricted_lane_historic,vehicle_location_restricted_lane,junction_location,skidding_and_overturning,hit_object_in_carriageway,vehicle_leaving_carriageway,hit_object_off_carriageway,first_point_of_impact,vehicle_left_hand_drive,journey_purpose_of_driver_historic,journey_purpose_of_driver,sex_of_driver,age_of_driver,age_band_of_driver,engine_capacity_cc,propulsion_code,age_of_vehicle,generic_make_model,driver_imd_decile,lsoa_of_driver,escooter_flag,driver_distance_banding
2024010523761,2024,010523761,1,3,0,18,19,5,1,0,0,1,0,0,0,0,1,1,1,1,1,27,6,125,1,2,HONDA WW125,-1,-1,0,-1
2024011510863,2024,011510863,1,3,0,-1,4,1,5,-1,0,1,0,0,0,0,2,1,-1,6,1,27,6,125,1,1,HONDA WW125,-1,-1,0,-1
2024010535962,2024,010535962,1,3,0,18,19,5,1,0,0,1,0,0,0,0,1,1,6,6,1,28,6,125,1,0,HONDA WW125,1,E01001178,0,3
2024201435251,2024,201435251,1,2,0,-1,13,6,2,-1,0,0,0,0,0,0,1,1,-1,9,1,21,5,125,1,8,HONDA WW125,8,E01029618,0,3
2024010505933,2024,010505933,1,3,0,18,19,5,1,0,0,1,0,0,0,0,1,1,6,6,1,24,5,125,1,7,HONDA WW125,5,E01002621,0,3
2024010515658,2024,010515658,2,3,0,14,14,8,4,0,0,0,5,0,0,0,1,1,6,6,1,19,4,125,1,4,HONDA WW125,5,E01002440,0,2
2024010501712,2024,010501712,1,3,9,99,99,9,9,99,99,9,9,99,9,99,9,1,6,6,1,28,6,125,1,3,HONDA WW125,4,E01003209,0,1
2024010507614,2024,010507614,1,3,0,18,19,7,3,99,99,9,9,99,0,0,1,1,2,2,1,31,6,125,1,0,HONDA WW125,8,E01000653,0,3
2024010544230,2024,010544230,1,3,0,18,19,1,5,0,0,2,0,0,0,0,0,1,2,2,1,28,6,125,1,8,HONDA WW125,1,E01000528,0,2
2024010537168,2024,010537168,2,3,0,14,14,5,1,0,0,1,0,5,0,0,1,1,6,6,1,28,6,125,1,11,HONDA WW125,2,E01001130,0,1
2024010529129,2024,010529129,2,3,0,17,19,8,4,0,0,0,0,0,0,0,2,1,1,1,1,28,6,125,1,2,HONDA WW125,4,E01003733,0,2
2024010500916,2024,010500916,1,3,0,99,99,9,9,99,99,9,9,99,9,99,9,1,1,1,1,28,6,125,1,3,HONDA WW125,2,E01003592,0,1
2024010539981,2024,010539981,2,3,0,18,19,3,7,0,0,5,0,0,0,0,1,1,6,6,1,32,6,125,1,2,HONDA WW125,5,E01001275,0,2
2024471492699,2024,471492699,2,3,0,-1,19,6,2,-1,0,0,0,0,0,0,2,1,-1,9,1,31,6,125,1,0,HONDA WW125,1,E01016915,0,1
2024010510765,2024,010510765,1,3,0,99,99,9,9,99,99,9,9,99,9,99,9,1,6,6,3,28,6,125,1,7,HONDA WW125,4,E01030983,0,4
2024010544929,2024,010544929,1,3,0,99,99,9,9,99,99,9,9,99,9,99,9,1,1,1,3,55,8,125,1,2,HONDA WW125,2,E01001079,0,1
2024520500144,2024,520500144,1,3,0,18,19,1,5,0,0,0,0,0,0,0,1,1,6,6,1,20,4,125,1,1,HONDA WW125,3,E01014404,0,4
2024061524202,2024,061524202,2,3,0,-1,5,2,5,-1,0,0,0,0,0,0,4,1,-1,1,1,59,9,125,1,0,HONDA WW125,1,E01005496,0,2
2024010541987,2024,010541987,1,3,0,5,5,6,2,0,0,1,1,0,0,0,0,1,1,1,1,26,6,125,1,12,HONDA WW125,6,E01001184,0,2
2024010527407,2024,010527407,1,3,0,18,19,5,1,2,2,8,0,0,0,0,1,1,6,6,2,23,5,125,1,3,HONDA WW125,2,E01003238,0,1
2024010510565,2024,010510565,1,3,0,99,99,9,9,99,99,9,9,99,9,99,1,1,1,1,1,24,5,125,1,3,HONDA WW125,2,E01001485,0,2
2024471402193,2024,471402193,2,3,0,-1,19,7,4,-1,0,8,0,0,0,0,1,1,-1,6,1,29,6,125,1,2,HONDA WW125,3,E01031400,0,1
2024010525926,2024,010525926,2,4,0,99,99,9,9,99,99,9,9,99,9,99,4,1,6,6,3,-1,-1,125,1,2,HONDA WW125,-1,-1,0,-1
2024010499909,2024,010499909,1,3,0,99,99,9,9,99,99,9,9,99,9,99,9,1,1,1,3,38,7,125,1,1,HONDA WW125,3,E01001448,0,1
2024010507966,2024,010507966,1,3,0,15,15,4,8,0,0,2,0,0,0,0,3,1,6,6,1,34,6,125,1,1,HONDA WW125,-1,-1,0,-1
2024361537518,2024,361537518,1,3,0,-1,19,1,5,-1,0,0,0,4,0,0,1,1,-1,1,1,39,7,125,1,7,HONDA WW125,6,E01026722,0,2
2024010500327,2024,010500327,1,3,0,99,99,9,9,99,99,9,9,99,9,99,1,1,2,2,2,41,7,125,1,9,HONDA WW125,8,E01023299,0,3
2024010515913,2024,010515913,2,3,0,15,15,5,1,2,2,6,0,0,0,0,3,1,2,2,2,36,7,125,1,4,HONDA WW125,6,E01003411,0,3
2024010521806,2024,010521806,1,3,9,3,3,9,9,99,99,9,9,99,9,99,2,1,1,1,1,45,7,125,1,5,HONDA WW125,2,E01002316,0,4
2024010537452,2024,010537452,1,3,0,16,19,3,7,9,9,8,0,0,0,0,3,1,6,6,1,16,4,125,1,9,HONDA WW125,3,E01000137,0,1
2024010520606,2024,010520606,1,3,0,99,99,9,9,99,99,9,9,99,9,99,1,1,2,2,1,48,8,125,1,2,HONDA WW125,3,E01001143,0,4
2024522401717,2024,522401717,1,3,0,18,19,2,6,0,0,0,0,0,0,0,1,1,6,6,1,37,7,125,1,1,HONDA WW125,-1,-1,0,-1
2024010499638,2024,010499638,2,3,0,9,9,3,1,0,0,2,0,0,0,0,3,1,6,6,1,22,5,125,1,10,HONDA WW125,5,E01000543,0,2
2024010538920,2024,010538920,2,3,0,99,99,9,9,99,99,9,9,99,9,99,9,1,6,6,3,-1,-1,125,1,7,HONDA WW125,-1,-1,0,-1
2024201433758,2024,201433758,2,3,0,-1,2,0,0,-1,0,0,0,0,0,0,1,1,-1,6,1,24,5,125,1,11,HONDA WW125,1,E01009365,0,1
2024010518860,2024,010518860,1,3,0,4,4,1,5,0,0,1,0,0,0,0,3,1,6,6,1,26,6,125,1,2,HONDA WW125,2,E01001558,0,1
2024010534087,2024,010534087,1,3,0,18,19,7,3,0,0,0,0,0,0,0,1,1,6,6,1,24,5,125,1,1,HONDA WW125,8,E01016769,0,4
2024440207204,2024,440207204,1,3,0,7,7,4,6,0,0,1,0,0,0,0,3,1,2,2,1,29,6,125,1,1,HONDA WW125,6,E01023056,0,1
2024010527819,2024,010527819,3,4,0,4,4,5,1,0,0,1,0,0,0,0,2,1,1,1,1,31,6,125,1,2,HONDA WW125,8,E01002201,0,1
2024010527043,2024,010527043,2,3,0,9,9,1,8,0,0,1,0,0,0,0,4,1,2,2,1,37,7,125,1,1,HONDA WW125,3,E01001830,0,1
2024201494767,2024,201494767,2,3,0,-1,19,8,4,-1,0,8,0,0,0,0,3,1,-1,2,1,23,5,125,1,9,HONDA WW125,1,E01009354,0,1
2024010530043,2024,010530043,1,3,0,5,5,3,7,0,0,0,0,0,0,0,1,1,2,2,1,25,5,125,1,7,HONDA WW125,3,E01003627,0,2
2024010499308,2024,010499308,1,3,0,99,99,9,9,99,99,9,9,99,9,99,9,1,6,6,3,32,6,125,1,1,HONDA WW125,2,E01003509,0,2
2024010532204,2024,010532204,1,3,0,13,13,1,5,0,0,8,1,0,7,0,4,1,2,2,1,30,6,125,1,5,HONDA WW125,6,E01000566,0,2
2024010503792,2024,010503792,2,3,0,15,15,2,6,0,0,1,0,8,0,0,1,1,1,1,1,37,7,125,1,3,HONDA WW125,6,E01000920,0,1
2024430316686,2024,430316686,2,3,0,18,19,4,8,0,0,1,0,0,0,0,1,1,2,2,3,27,6,125,1,0,HONDA WW125,9,E01028495,0,2
2024440118032,2024,440118032,1,3,0,3,3,7,3,0,0,1,0,0,0,0,2,1,2,2,2,33,6,125,1,6,HONDA WW125,1,E01017280,0,3
2024010529128,2024,010529128,1,4,0,18,19,3,7,0,0,5,0,0,0,0,2,1,1,1,1,24,5,125,1,2,HONDA WW125,3,E01004295,0,1
2024010527516,2024,010527516,1,3,0,99,99,9,9,99,99,9,9,99,9,99,1,1,2,2,1,30,6,125,1,0,HONDA WW125,2,E01001181,0,1
2024501533557,2024,501533557,1,3,0,-1,19,5,1,-1,0,8,0,0,0,0,1,1,-1,2,1,28,6,125,1,5,HONDA WW125,3,E01019975,0,1
2024010543194,2024,010543194,1,3,0,99,99,9,9,99,99,9,9,99,9,99,9,1,1,1,1,28,6,125,1,1,HONDA WW125,5,E01002118,0,2
2024010540175,2024,010540175,1,3,0,5,5,1,5,0,0,1,2,0,0,0,0,1,1,1,1,31,6,125,1,10,HONDA WW125,7,E01003395,0,1
2024131495718,2024,131495718,1,3,0,-1,5,5,7,-1,0,6,0,0,0,0,3,1,-1,9,1,36,7,125,1,3,HONDA WW125,3,E01011529,0,1
2024451469884,2024,451469884,1,3,0,-1,10,1,5,-1,0,2,0,0,0,0,1,1,-1,2,1,35,6,125,1,2,HONDA WW125,4,E01030609,0,1
2024451483078,2024,451483078,3,3,0,-1,2,3,7,-1,0,1,0,0,0,0,2,1,-1,9,2,42,7,125,1,2,HONDA WW125,3,E01030385,0,1
2024471534699,2024,471534699,2,4,0,-1,3,6,2,-1,0,1,0,0,0,0,2,1,-1,2,1,33,6,125,1,0,HONDA WW125,4,E01031547,0,1
2024010502789,2024,010502789,2,4,0,18,19,7,3,0,0,1,5,0,0,0,1,1,1,1,2,49,8,125,1,4,HONDA WW125,3,E01001089,0,3
2024010526838,2024,010526838,1,3,0,18,19,9,9,99,99,9,9,99,9,99,9,1,1,1,3,22,5,125,1,3,HONDA WW125,6,E01000568,0,3
2024010489408,2024,010489408,2,3,0,13,13,7,3,0,0,1,0,0,0,0,1,1,1,1,1,22,5,125,1,9,HONDA WW125,8,E01004507,0,1
2024461490145,2024,461490145,1,4,0,-1,5,1,5,-1,4,0,0,8,0,0,3,1,-1,9,1,20,4,125,1,6,HONDA WW125,2,E01024091,0,1
2024010508361,2024,010508361,2,3,0,18,19,1,5,0,0,1,0,0,0,0,1,1,1,1,2,35,6,125,1,2,HONDA WW125,-1,-1,0,-1
2024010535854,2024,010535854,1,3,0,99,99,9,9,99,99,2,9,99,9,99,9,1,1,1,3,48,8,125,1,3,HONDA WW125,3,E01033735,0,3
2024010489792,2024,010489792,1,3,0,18,19,3,7,0,0,1,0,0,0,0,1,1,6,6,1,29,6,125,1,1,HONDA WW125,4,E01002044,0,2
2024522500410,2024,522500410,1,3,0,17,19,4,1,0,0,2,0,0,0,0,1,1,6,6,1,44,7,125,1,0,HONDA WW125,8,E01014953,0,2
2024522403207,2024,522403207,1,3,0,18,19,6,2,0,0,8,0,0,0,0,1,1,6,6,1,25,5,125,1,0,HONDA WW125,3,E01014572,0,2
2024010530567,2024,010530567,2,3,0,15,15,2,6,0,0,1,0,0,0,0,1,1,6,6,2,19,4,125,1,6,HONDA WW125,10,E01030407,0,3
2024010542189,2024,010542189,2,3,0,99,99,9,9,99,99,9,9,99,9,99,1,1,6,6,3,-1,-1,125,1,3,HONDA WW125,-1,-1,0,-1
2024010521929,2024,010521929,1,3,0,18,19,3,7,9,9,0,0,0,0,0,1,1,6,6,1,23,5,125,1,0,HONDA WW125,-1,-1,0,-1
2024010550652,2024,010550652,1,3,0,99,99,9,9,99,99,9,9,99,9,99,1,1,1,1,1,24,5,125,1,7,HONDA WW125,6,E01002674,0,1
2024010508759,2024,010508759,1,3,0,3,3,3,7,0,0,2,0,0,0,0,1,1,1,1,1,36,7,125,1,4,HONDA WW125,3,E01000510,0,2
2024010511478,2024,010511478,1,3,0,99,99,9,9,99,99,9,9,99,9,99,9,1,2,2,1,27,6,125,1,3,HONDA WW125,1,E01002026,0,2
2024010521299,2024,010521299,1,3,0,18,19,2,6,0,0,0,1,0,0,0,2,1,6,6,1,25,5,125,1,0,HONDA WW125,7,E01016402,0,4
2024010533990,2024,010533990,1,3,0,99,99,9,9,99,99,9,9,99,9,99,9,1,1,1,3,44,7,125,1,5,HONDA WW125,3,E01004332,0,1
2024010527718,2024,010527718,1,3,0,10,10,6,4,0,0,1,0,4,0,0,2,1,1,1,1,41,7,125,1,4,HONDA WW125,7,E01004164,0,1
2024201406668,2024,201406668,2,4,0,-1,8,6,2,-1,0,1,0,0,0,0,2,1,-1,6,1,31,6,125,1,1,HONDA WW125,7,E01009530,0,1
2024010540757,2024,010540757,2,3,0,18,19,5,1,0,0,0,0,0,0,0,1,1,6,6,1,33,6,125,1,4,HONDA WW125,-1,-1,0,-1
2024010527328,2024,010527328,1,3,0,99,99,9,9,99,99,9,9,99,9,99,9,1,6,6,3,22,5,125,1,4,HONDA WW125,8,E01000569,0,1
2024440090268,2024,440090268,1,3,0,3,3,3,7,0,0,1,0,0,0,0,1,1,6,6,1,35,6,125,1,2,HONDA WW125,4,E01022551,0,2
2024522401224,2024,522401224,2,3,0,13,13,2,6,0,0,1,0,0,0,0,1,1,6,6,1,19,4,125,1,5,HONDA WW125,2,E01014692,0,1
2024010515357,2024,010515357,1,3,0,99,99,9,9,99,99,9,9,99,9,99,1,1,1,1,2,34,6,125,1,6,HONDA WW125,8,E01000714,0,3
2024411501519,2024,411501519,2,2,0,-1,19,4,3,-1,0,1,0,0,7,11,4,1,-1,6,1,26,6,125,1,3,HONDA WW125,6,E01023863,0,1
2024471467959,2024,471467959,1,3,0,-1,4,3,7,-1,0,0,0,0,0,0,4,1,-1,9,1,34,6,125,1,0,HONDA WW125,1,E01021135,0,1
2024522402025,2024,522402025,1,3,0,4,4,9,9,0,0,0,0,0,0,0,1,1,6,6,1,30,6,125,1,1,HONDA WW125,1,E01014653,0,1
2024010527657,2024,010527657,2,3,0,18,19,7,3,0,0,0,0,4,0,0,1,1,1,1,1,28,6,125,1,1,HONDA WW125,5,E01002232,0,1
2024010521503,2024,010521503,1,3,0,99,99,9,9,99,99,2,9,99,9,99,1,1,2,2,1,28,6,125,1,3,HONDA WW125,5,E01002660,0,2
2024010502951,2024,010502951,1,3,0,99,99,9,9,99,99,1,9,99,9,99,1,1,6,6,1,20,4,125,1,3,HONDA WW125,2,E01001876,0,1
2024010529269,2024,010529269,2,3,0,5,5,2,6,0,0,1,0,0,0,0,1,1,1,1,1,24,5,125,1,2,HONDA WW125,2,E01002686,0,2
2024010532882,2024,010532882,1,3,0,99,99,9,9,99,99,9,9,99,9,99,9,1,1,1,3,52,8,125,1,2,HONDA WW125,6,E01000705,0,1
2024010498200,2024,010498200,1,3,0,99,99,9,9,99,99,9,9,99,9,99,9,1,1,1,1,24,5,125,1,2,HONDA WW125,1,E01000643,0,1
2024010509055,2024,010509055,1,3,0,99,99,9,9,99,99,9,9,99,9,99,9,1,1,1,1,23,5,125,1,1,HONDA WW125,7,E01002887,0,1
2024010504552,2024,010504552,1,3,0,99,99,9,9,99,99,9,9,99,9,99,9,1,1,1,3,30,6,125,1,3,HONDA WW125,2,E01001978,0,4
2024010514443,2024,010514443,1,3,0,99,99,9,9,99,99,9,9,99,9,99,1,1,1,1,1,25,5,125,1,1,HONDA WW125,8,E01002178,0,2
2024610011024,2024,610011024,1,3,0,18,19,3,7,0,0,8,0,0,0,0,1,1,6,6,1,15,3,125,1,9,HONDA WW125,5,W01002026,0,1
2024010511112,2024,010511112,1,3,0,18,19,3,7,0,0,8,0,0,0,0,1,1,1,1,1,25,5,125,1,1,HONDA WW125,-1,-1,0,-1
2024131529619,2024,131529619,2,3,0,-1,-1,-1,-1,-1,-1,0,-1,-1,-1,-1,-1,1,-1,6,3,-1,-1,125,1,6,HONDA WW125,-1,-1,0,-1
2024010527987,2024,010527987,1,3,0,3,3,7,3,0,0,1,0,0,0,0,4,1,6,6,1,13,3,125,1,4,HONDA WW125,2,E01033875,0,1
2024430031901,2024,430031901,1,4,0,18,19,3,7,0,0,8,0,0,0,0,3,1,1,1,1,34,6,125,1,5,HONDA WW125,6,E01028523,0,1
2024010499513,2024,010499513,1,3,0,5,5,5,1,0,0,1,0,0,0,0,4,1,1,1,1,47,8,125,1,2,HONDA WW125,4,E01004617,0,1
2024440344451,2024,440344451,2,3,0,18,19,2,6,0,0,0,0,0,0,0,4,1,6,6,1,-1,-1,125,1,13,HONDA WW125,-1,-1,0,-1
2024010545078,2024,010545078,1,3,0,18,19,5,1,9,9,9,2,99,9,99,9,1,1,1,3,-1,-1,125,1,12,HONDA WW125,-1,-1,0,-1
2024501439036,2024,501439036,1,3,0,-1,19,4,1,-1,0,8,1,0,0,0,0,1,-1,1,1,62,9,125,1,10,HONDA WW125,6,E01020187,0,1
2024010549040,2024,010549040,2,3,0,4,4,1,5,0,0,0,0,0,0,0,1,1,6,6,1,22,5,125,1,3,HONDA WW125,8,E01002163,0,2
2024010534131,2024,010534131,1,3,0,3,3,3,7,0,0,1,0,0,0,0,0,1,6,6,1,25,5,125,1,4,HONDA WW125,5,E01001718,0,3
2024522500171,2024,522500171,1,3,0,18,19,2,6,2,2,8,0,0,0,0,3,1,6,6,1,24,5,125,1,1,HONDA WW125,2,E01014977,0,1
2024010507982,2024,010507982,1,3,0,99,99,9,9,99,99,9,9,99,9,99,1,1,1,1,2,34,6,125,1,1,HONDA WW125,3,E01000141,0,3
2024010536731,2024,010536731,1,3,9,99,99,9,9,99,99,0,9,99,9,99,1,1,1,1,1,27,6,125,1,1,HONDA WW125,2,E01001152,0,1
2024552400476,2024,552400476,1,4,0,15,15,6,2,4,4,8,0,0,1,0,3,1,6,6,1,45,7,125,1,1,HONDA WW125,2,E01015367,0,1
2024010518259,2024,010518259,1,3,0,14,14,3,7,0,0,0,0,0,0,0,1,1,6,6,1,41,7,125,1,1,HONDA WW125,7,E01023335,0,2
2024010550993,2024,010550993,1,3,0,3,3,1,5,0,0,1,0,0,0,0,2,1,2,2,1,46,8,125,1,2,HONDA WW125,3,E01002623,0,1
2024010488845,2024,010488845,1,4,0,5,5,7,3,0,0,0,0,0,0,0,1,1,2,2,1,38,7,125,1,2,HONDA WW125,2,E01001249,0,1
2024010544108,2024,010544108,1,3,0,99,99,9,9,99,99,9,9,99,9,99,1,1,1,1,3,19,4,125,1,0,HONDA WW125,4,E01002044,0,2
2024430426176,2024,430426176,2,3,0,13,13,5,1,0,0,8,0,0,0,0,4,1,1,1,1,45,7,125,1,0,HONDA WW125,3,E01028519,0,2
2024010490011,2024,010490011,1,3,0,99,99,9,9,99,99,1,9,99,9,99,1,1,6,6,1,28,6,125,1,9,HONDA WW125,4,E01000621,0,2
2024991562345,2024,991562345,1,3,0,-1,13,3,6,-1,0,8,2,0,3,0,0,1,-1,2,1,59,9,125,1,6,HONDA WW125,-1,-1,0,-1
2024522402835,2024,522402835,1,3,0,18,19,6,2,0,0,8,0,0,0,0,3,1,6,6,1,22,5,125,1,3,HONDA WW125,4,E01014731,0,1
2024522401418,2024,522401418,2,3,0,18,19,3,7,0,0,0,0,0,0,0,2,1,6,6,1,34,6,125,1,3,HONDA WW125,8,E01014554,0,1
2024522401553,2024,522401553,1,3,0,18,19,9,9,0,0,8,0,0,0,0,1,1,6,6,1,52,8,125,1,2,HONDA WW125,1,E01014654,0,1
2024010518044,2024,010518044,1,3,0,18,19,3,7,0,0,1,0,0,0,0,4,1,6,6,2,33,6,125,1,2,HONDA WW125,4,E01000518,0,1
2024411499341,2024,411499341,1,3,0,-1,4,7,3,-1,0,1,0,0,0,0,1,1,-1,6,1,34,6,125,1,1,HONDA WW125,5,E01035577,0,1
2024010504829,2024,010504829,1,4,0,5,5,3,7,0,0,8,0,0,0,0,1,1,2,2,1,26,6,125,1,1,HONDA WW125,6,E01000575,0,2
2024010526103,2024,010526103,1,3,0,18,19,3,7,0,0,0,0,0,0,0,1,1,6,6,1,31,6,125,1,7,HONDA WW125,3,E01003523,0,1
2024010525635,2024,010525635,2,3,0,18,19,3,7,0,0,8,0,0,0,0,1,1,1,1,1,24,5,125,1,7,HONDA WW125,-1,-1,0,-1
2024471454007,2024,471454007,1,3,0,-1,19,7,3,-1,0,0,0,0,0,0,1,1,-1,2,1,40,7,125,1,5,HONDA WW125,3,E01016922,0,1
2024010498219,2024,010498219,1,3,0,99,99,9,9,99,99,9,9,99,9,99,9,1,2,2,3,35,6,125,1,4,HONDA WW125,4,E01003372,0,1
2024010521828,2024,010521828,1,3,9,99,99,9,9,99,99,9,9,99,9,99,9,1,1,1,1,23,5,125,1,3,HONDA WW125,6,E01001149,0,2
2024010530170,2024,010530170,1,3,0,99,99,9,9,99,99,9,9,99,9,99,1,1,1,1,3,21,5,125,1,7,HONDA WW125,5,E01004414,0,4
2024010519819,2024,010519819,1,3,0,3,3,9,9,99,99,0,9,99,9,99,1,9,1,1,1,32,6,125,1,7,HONDA WW125,4,E01002647,0,2
2024451493827,2024,451493827,1,3,0,-1,3,6,2,-1,0,0,5,0,0,0,2,1,-1,1,1,45,7,125,1,2,HONDA WW125,8,E01030683,0,2
202460Q154990,2024,60Q154990,1,3,0,5,5,2,6,0,0,3,0,0,0,0,3,1,6,6,1,26,6,125,1,0,HONDA WW125,-1,-1,0,-1
2024010507420,2024,010507420,2,3,0,7,7,7,1,0,0,1,0,0,0,0,3,1,6,6,1,30,6,125,1,1,HONDA WW125,3,E01034204,0,2
2024052402021,2024,052402021,2,3,0,18,19,4,8,0,0,8,0,0,0,0,1,1,1,1,1,22,5,125,1,7,HONDA WW125,1,E01006728,0,1
2024522401353,2024,522401353,1,3,0,18,19,2,6,0,0,0,0,0,0,0,4,1,6,6,1,28,6,125,1,4,HONDA WW125,1,E01032515,0,2
2024522500013,2024,522500013,1,3,0,3,3,6,2,0,0,0,0,0,0,0,1,1,6,6,2,36,7,125,1,0,HONDA WW125,8,E01014953,0,3
2024010500360,2024,010500360,1,3,0,99,99,9,9,99,99,9,9,99,9,99,9,1,1,1,1,36,7,125,1,0,HONDA WW125,6,E01003398,0,1
202454A544524,2024,54A544524,2,3,0,3,3,7,3,0,0,0,0,0,0,0,2,1,2,2,1,37,7,125,1,1,HONDA WW125,8,E01015526,0,1
2024340NN2542,2024,340NN2542,2,3,0,-1,19,5,1,-1,0,8,0,0,0,0,1,1,-1,9,1,17,4,125,1,13,HONDA WW125,3,E01027065,0,1
2024010494656,2024,010494656,1,3,0,99,99,9,9,99,99,0,9,99,9,99,2,1,1,1,1,29,6,125,1,5,HONDA WW125,3,E01003574,0,1
2024010537605,2024,010537605,1,2,0,18,19,3,7,0,0,0,0,0,7,0,1,1,6,6,1,21,5,125,1,3,HONDA WW125,4,E01003785,0,3
2024010529244,2024,010529244,1,3,0,18,19,7,3,0,0,1,0,0,0,0,1,1,6,6,1,20,4,125,1,3,HONDA WW125,3,E01034039,0,1
2024010532729,2024,010532729,2,3,0,99,99,9,9,99,99,9,9,99,9,99,1,1,6,6,3,-1,-1,125,1,3,HONDA WW125,-1,-1,0,-1
2024311426191,2024,311426191,1,3,0,-1,19,5,1,-1,0,1,0,0,0,0,3,1,-1,2,1,26,6,125,1,3,HONDA WW125,3,E01035500,0,1
2024010513150,2024,010513150,1,3,0,99,99,9,9,99,99,9,9,99,9,99,9,1,1,1,1,27,6,125,1,1,HONDA WW125,5,E01000619,0,3
2024522402140,2024,522402140,1,3,0,18,19,6,2,0,0,8,1,0,0,0,4,1,6,6,1,30,6,125,1,0,HONDA WW125,5,E01014707,0,1
2024161473126,2024,161473126,1,3,0,-1,19,5,1,-1,0,0,1,0,0,0,3,1,-1,6,1,23,5,125,1,10,HONDA WW125,1,E01013278,0,1
2024010540559,2024,010540559,1,3,0,18,19,7,3,0,0,1,5,0,0,0,2,1,2,2,1,44,7,125,1,3,HONDA WW125,3,E01001365,0,1
2024010524293,2024,010524293,2,3,0,9,9,1,7,0,0,8,0,10,2,11,3,1,6,6,1,33,6,125,1,5,HONDA WW125,5,E01000170,0,1
2024010520772,2024,010520772,1,4,0,18,19,9,9,99,99,1,9,99,9,99,9,1,1,1,3,25,5,125,1,2,HONDA WW125,4,E01001183,0,3
2024451470081,2024,451470081,1,3,9,-1,19,8,7,-1,0,0,0,0,0,0,9,1,-1,9,1,23,5,125,1,1,HONDA WW125,8,E01017829,0,2
2024010507882,2024,010507882,1,3,0,18,19,1,5,0,0,0,0,0,1,4,1,1,6,6,1,48,8,125,1,5,HONDA WW125,3,E01000089,0,3
2024522403249,2024,522403249,1,3,0,13,13,5,1,0,0,8,0,0,0,0,1,1,6,6,1,38,7,125,1,3,HONDA WW125,3,E01033352,0,1
2024010509452,2024,010509452,1,3,0,99,99,9,9,99,99,9,9,99,9,99,9,1,1,1,3,25,5,125,1,0,HONDA WW125,2,E01002041,0,3
2024010540594,2024,010540594,1,3,0,99,99,9,9,99,99,9,9,99,9,99,9,1,6,6,1,26,6,125,1,13,HONDA WW125,4,E01003608,0,1
2024010548539,2024,010548539,1,3,0,99,99,9,9,99,99,9,9,99,9,99,9,1,6,6,1,25,5,125,1,0,HONDA WW125,5,E01034036,0,1
2024010521265,2024,010521265,1,3,0,14,14,7,3,0,0,0,0,0,0,0,4,1,6,6,1,33,6,125,1,8,HONDA WW125,5,E01001512,0,3
2024010550661,2024,010550661,1,3,0,18,19,5,1,0,0,8,0,0,0,0,4,1,1,1,1,29,6,125,1,0,HONDA WW125,8,E01000562,0,2
2024430496973,2024,430496973,1,4,0,18,19,8,4,0,0,8,0,0,0,0,1,1,1,1,1,26,6,125,1,12,HONDA WW125,8,E01016510,0,1
2024010500894,2024,010500894,1,3,0,99,99,9,9,99,99,9,9,99,9,99,9,1,1,1,1,37,7,125,1,5,HONDA WW125,3,E01003079,0,3
2024010529569,2024,010529569,1,3,0,99,99,9,9,0,0,9,0,99,9,0,9,1,6,6,1,26,6,125,1,5,HONDA WW125,3,E01000499,0,3
2024010522141,2024,010522141,2,3,0,4,4,3,7,0,0,3,0,0,0,0,2,1,6,6,1,25,5,125,1,3,HONDA WW125,-1,-1,0,-1
2024461465116,2024,461465116,2,4,0,-1,5,4,6,-1,0,0,0,0,0,0,1,1,-1,9,1,46,8,125,1,1,HONDA WW125,1,E01024049,0,1
2024451500366,2024,451500366,2,3,0,-1,5,3,7,-1,0,6,0,0,0,0,1,1,-1,9,1,26,6,125,1,13,HONDA WW125,4,E01030746,0,1
2024451467413,2024,451467413,2,3,0,-1,99,1,5,-1,0,1,5,0,0,0,2,1,-1,6,1,35,6,125,1,7,HONDA WW125,-1,-1,0,-1