collision_index,collision_year,collision_ref_no,vehicle_reference,vehicle_type,towing_and_articulation,vehicle_manoeuvre_historic,vehicle_manoeuvre,vehicle_direction_from,vehicle_direction_to,vehicle_location_restricted_lane_historic,vehicle_location_restricted_lane,junction_location,skidding_and_overturning,hit_object_in_carriageway,vehicle_leaving_carriageway,hit_object_off_carriageway,first_point_of_impact,vehicle_left_hand_drive,journey_purpose_of_driver_historic,journey_purpose_of_driver,sex_of_driver,age_of_driver,age_band_of_driver,engine_capacity_cc,propulsion_code,age_of_vehicle,generic_make_model,driver_imd_decile,lsoa_of_driver,escooter_flag,driver_distance_banding
2024010512551,2024,010512551,1,3,0,99,99,9,9,99,99,9,9,99,9,99,9,1,2,2,1,22,5,125,1,5,HONDA WW125,5,E01001247,0,3
2024010549045,2024,010549045,1,3,0,99,99,9,9,99,99,9,9,99,9,99,1,1,1,1,1,30,6,125,1,8,HONDA WW125,5,E01003494,0,2
2024010513270,2024,010513270,1,3,0,99,99,9,9,99,99,9,9,99,9,99,1,1,6,6,1,42,7,125,1,7,HONDA WW125,6,E01003411,0,4
2024522402938,2024,522402938,1,3,0,3,3,3,7,0,0,0,0,0,0,0,1,1,6,6,1,35,6,125,1,5,HONDA WW125,1,E01014800,0,4
2024010528446,2024,010528446,1,3,0,18,19,5,1,0,0,8,0,0,0,0,4,1,6,6,1,55,8,125,1,5,HONDA WW125,5,E01000219,0,2
2024461497186,2024,461497186,2,3,0,-1,19,7,7,-1,0,0,0,10,0,0,1,1,-1,1,1,25,5,125,1,2,HONDA WW125,3,E01016047,0,1
2024010500354,2024,010500354,1,3,9,99,99,9,9,99,99,2,9,99,9,99,1,1,1,1,3,28,6,125,1,1,HONDA WW125,2,E01033737,0,3
2024451527683,2024,451527683,2,3,-1,-1,-1,-1,-1,-1,-1,-1,-1,-1,-1,0,-1,1,-1,6,3,-1,-1,125,1,8,HONDA WW125,-1,-1,0,-1
2024010523353,2024,010523353,2,3,0,99,99,9,9,99,99,9,9,99,9,99,9,1,6,6,1,28,6,125,1,0,HONDA WW125,6,E01001964,0,1
2024010512408,2024,010512408,1,3,0,99,99,9,9,99,99,9,9,99,9,99,9,1,1,1,3,29,6,125,1,0,HONDA WW125,7,E01000517,0,1
2024010524694,2024,010524694,3,3,0,18,19,5,1,0,0,0,0,0,0,0,2,1,6,6,1,22,5,125,1,1,HONDA WW125,2,E01002096,0,1
2024010504161,2024,010504161,1,3,0,9,9,7,5,0,0,6,0,4,0,0,2,1,1,1,1,27,6,125,1,9,HONDA WW125,3,E01003571,0,1
2024010546965,2024,010546965,1,3,0,99,99,9,9,99,99,0,9,99,9,99,2,1,6,6,3,-1,-1,125,1,4,HONDA WW125,-1,-1,0,-1
2024010541533,2024,010541533,1,3,0,99,99,9,9,99,99,9,9,99,9,99,2,1,1,1,1,36,7,125,1,6,HONDA WW125,3,E01003521,0,2
2024010486917,2024,010486917,1,3,0,7,7,5,7,0,0,2,0,0,0,0,1,1,6,6,1,32,6,125,1,2,HONDA WW125,2,E01003540,0,2
2024010522024,2024,010522024,1,3,0,99,99,9,9,99,99,9,9,99,9,99,1,1,1,1,1,39,7,125,1,2,HONDA WW125,2,E01032564,0,3
2024311527165,2024,311527165,1,3,0,-1,19,4,8,-1,0,0,0,0,0,0,3,1,-1,1,1,35,6,125,1,8,HONDA WW125,5,E01015782,0,5
2024010528636,2024,010528636,2,3,0,18,19,1,5,0,0,0,0,0,0,0,1,1,6,6,1,28,6,125,1,1,HONDA WW125,1,E01011483,0,5
2024010537558,2024,010537558,2,3,0,18,19,5,1,0,0,0,0,0,0,0,1,1,1,1,1,34,6,125,1,13,HONDA WW125,3,E01034484,0,1
2024010509289,2024,010509289,2,3,0,99,99,9,9,99,99,9,9,99,9,99,1,9,6,6,3,-1,-1,125,1,2,HONDA WW125,4,E01003014,0,1
2024471447550,2024,471447550,2,3,0,-1,19,7,3,-1,0,8,5,0,0,0,1,1,-1,1,1,34,6,125,1,1,HONDA WW125,6,E01035326,0,1
2024010526452,2024,010526452,1,3,0,99,99,9,9,99,99,9,9,99,9,99,1,1,2,2,1,29,6,125,1,1,HONDA WW125,6,E01034595,0,1
2024311480998,2024,311480998,1,3,0,-1,19,5,1,-1,0,8,5,0,0,0,4,1,-1,6,1,53,8,125,1,1,HONDA WW125,4,E01028038,0,3
2024010541864,2024,010541864,2,3,0,18,19,1,5,0,0,0,0,0,0,0,1,1,6,6,1,27,6,125,1,5,HONDA WW125,5,E01001859,0,2
2024010499314,2024,010499314,1,3,0,99,99,9,9,99,99,9,9,99,9,99,9,1,1,1,1,24,5,125,1,4,HONDA WW125,2,E01004570,0,3
2024351507959,2024,351507959,2,3,0,-1,13,5,1,-1,0,0,5,0,0,0,1,1,-1,1,1,20,4,125,1,3,HONDA WW125,1,E01015658,0,1
2024010537717,2024,010537717,1,3,0,99,99,9,9,99,99,9,9,99,9,99,9,1,1,1,3,58,9,125,1,3,HONDA WW125,5,E01001041,0,1
2024451523457,2024,451523457,2,3,0,-1,12,7,1,-1,0,1,5,0,0,0,3,1,-1,9,1,25,5,125,1,2,HONDA WW125,10,E01030894,0,1
2024522401879,2024,522401879,1,3,0,4,4,3,7,0,0,4,0,0,0,0,2,1,6,6,1,30,6,125,1,1,HONDA WW125,1,E01014655,0,1
2024010531692,2024,010531692,1,3,0,99,99,9,9,99,99,9,9,99,9,99,9,1,6,6,1,25,5,125,1,7,HONDA WW125,5,E01000609,0,1
2024010521408,2024,010521408,1,3,0,99,99,9,9,99,99,9,9,99,9,99,1,1,1,1,1,29,6,125,1,5,HONDA WW125,3,E01003521,0,2
2024031516501,2024,031516501,2,3,0,-1,7,6,8,-1,0,1,0,0,0,0,1,1,-1,9,1,22,5,125,1,1,HONDA WW125,-1,-1,0,-1
2024430068163,2024,430068163,1,3,0,18,19,4,8,0,0,0,0,0,0,0,3,1,2,2,2,31,6,125,1,1,HONDA WW125,4,E01016395,0,1
2024430412550,2024,430412550,1,3,0,4,4,7,3,0,0,1,0,0,0,0,2,1,2,2,1,30,6,125,1,1,HONDA WW125,2,E01016438,0,1
2024010543375,2024,010543375,1,3,0,99,99,9,9,99,99,9,9,99,9,99,9,1,6,6,1,22,5,125,1,1,HONDA WW125,3,E01000137,0,1
2024501522978,2024,501522978,2,3,0,-1,19,5,1,-1,0,0,0,0,0,0,4,1,-1,9,1,65,9,125,1,4,HONDA WW125,1,E01015040,0,1
2024010497942,2024,010497942,1,3,0,99,99,9,9,99,99,9,9,99,9,99,9,1,1,1,3,28,6,125,1,4,HONDA WW125,3,E01002043,0,1
2024010537663,2024,010537663,1,3,0,99,99,9,9,99,99,9,9,99,9,99,9,1,2,2,1,51,8,125,1,2,HONDA WW125,2,E01002852,0,1
2024471411778,2024,471411778,2,3,0,-1,19,5,1,-1,0,0,0,4,0,0,1,1,-1,1,1,49,8,125,1,5,HONDA WW125,1,E01020979,0,1
2024451421169,2024,451421169,2,3,0,-1,11,8,6,-1,0,1,2,0,0,0,1,1,-1,6,1,29,6,125,1,3,HONDA WW125,10,E01030903,0,1
2024401428251,2024,401428251,1,3,0,-1,19,4,8,-1,0,0,0,0,0,0,1,1,-1,6,1,30,6,125,1,0,HONDA WW125,7,E01033431,0,1
2024010540256,2024,010540256,1,3,0,99,99,9,9,99,99,9,9,99,9,99,9,1,1,1,1,36,7,125,1,0,HONDA WW125,3,E01035678,0,1
2024010503612,2024,010503612,1,3,0,99,99,9,9,99,99,9,9,99,9,99,9,1,6,6,1,30,6,125,1,5,HONDA WW125,7,E01000324,0,1
2024421513355,2024,421513355,2,3,0,-1,19,6,3,-1,0,1,0,0,0,0,2,1,-1,2,1,28,6,125,1,2,HONDA WW125,6,E01021730,0,2
2024471478970,2024,471478970,2,3,0,-1,5,1,3,-1,0,8,0,0,0,0,2,1,-1,2,1,32,6,125,1,2,HONDA WW125,1,E01016908,0,1
2024421432047,2024,421432047,1,3,0,-1,19,1,5,-1,0,0,0,0,0,0,1,1,-1,6,1,-1,-1,125,1,2,HONDA WW125,-1,-1,0,-1
2024010528087,2024,010528087,1,3,0,99,99,9,9,99,99,9,9,99,9,99,9,1,6,6,1,44,7,125,1,7,HONDA WW125,2,E01001161,0,1
2024461501934,2024,461501934,2,3,0,-1,19,5,1,-1,0,0,0,0,0,0,4,1,-1,1,1,27,6,125,1,3,HONDA WW125,7,E01024129,0,1
2024361465167,2024,361465167,1,2,0,-1,13,6,2,-1,0,0,2,0,0,0,4,1,-1,2,1,22,5,125,1,0,HONDA WW125,6,E01026870,0,3
2024010544410,2024,010544410,2,3,0,18,19,3,7,0,0,8,0,0,0,0,1,1,6,6,1,37,7,125,1,9,HONDA WW125,5,E01002128,0,2
2024010501630,2024,010501630,1,3,0,99,99,9,9,99,99,9,9,99,9,99,9,1,6,6,3,26,6,125,1,2,HONDA WW125,2,E01003159,0,3
2024010521324,2024,010521324,1,3,0,99,99,9,9,99,99,9,9,99,9,99,1,1,1,1,3,21,5,125,1,5,HONDA WW125,3,E01003081,0,2
2024010519529,2024,010519529,1,2,0,99,99,9,9,0,0,9,9,0,9,0,1,1,6,6,3,-1,-1,125,1,2,HONDA WW125,-1,-1,0,-1
2024010498446,2024,010498446,1,3,0,18,19,9,9,99,99,1,9,99,9,99,9,1,1,1,3,35,6,125,1,1,HONDA WW125,6,E01003149,0,1
2024522402650,2024,522402650,1,3,0,7,7,5,7,0,0,5,0,0,0,0,2,1,6,6,1,23,5,125,1,2,HONDA WW125,7,E01014900,0,2
2024010547317,2024,010547317,1,3,0,99,99,9,9,99,99,9,9,99,9,99,9,1,6,6,3,24,5,125,1,1,HONDA WW125,6,E01000514,0,1
2024440551397,2024,440551397,1,3,0,18,19,1,5,0,0,0,1,0,1,0,1,1,1,1,1,31,6,125,1,1,HONDA WW125,1,E01017210,0,1
2024351504928,2024,351504928,1,3,0,-1,9,6,2,-1,0,5,0,0,0,0,1,1,-1,9,1,40,7,125,1,2,HONDA WW125,5,E01033120,0,1
2024010536986,2024,010536986,2,3,0,10,10,3,1,0,0,1,0,0,0,0,2,1,6,6,1,29,6,125,1,0,HONDA WW125,10,E01000666,0,1
2024010490785,2024,010490785,1,4,0,18,19,8,4,9,9,0,0,0,0,0,1,1,6,6,3,-1,-1,125,1,4,HONDA WW125,-1,-1,0,-1
2024522401448,2024,522401448,2,3,0,99,99,6,2,0,0,8,0,0,0,0,1,1,6,6,3,-1,-1,125,1,5,HONDA WW125,-1,-1,0,-1
2024522500441,2024,522500441,2,3,0,18,19,5,1,0,0,8,0,0,0,0,1,1,6,6,1,-1,-1,125,1,1,HONDA WW125,-1,-1,0,-1
2024010518457,2024,010518457,1,3,0,18,19,6,2,0,0,8,0,0,0,0,1,1,2,2,1,30,6,125,1,8,HONDA WW125,3,E01003583,0,1
2024471520031,2024,471520031,1,3,0,-1,4,3,7,-1,0,0,0,0,0,0,1,1,-1,1,1,37,7,125,1,5,HONDA WW125,9,E01031582,0,1
2024010510628,2024,010510628,1,3,9,99,99,9,9,99,99,9,9,99,9,99,9,1,1,1,3,26,6,125,1,2,HONDA WW125,3,E01003151,0,3
2024010532803,2024,010532803,1,3,0,99,99,9,9,99,99,9,9,99,9,99,9,1,1,1,1,49,8,125,1,0,HONDA WW125,4,E01000570,0,2
2024010516852,2024,010516852,1,3,0,99,99,9,9,99,99,9,9,99,9,99,9,1,2,2,1,24,5,125,1,1,HONDA WW125,1,E01001442,0,1
2024451438691,2024,451438691,2,3,0,-1,19,2,6,-1,0,0,0,0,0,0,1,1,-1,6,1,30,6,125,1,0,HONDA WW125,-1,-1,0,-1
2024440419808,2024,440419808,2,3,0,4,4,8,4,0,0,0,0,0,0,0,1,1,6,6,1,40,7,125,1,10,HONDA WW125,-1,-1,0,-1
2024010522091,2024,010522091,1,3,0,18,19,2,6,0,0,1,0,0,0,0,1,1,1,1,1,32,6,125,1,1,HONDA WW125,2,E01034043,0,1
2024010533149,2024,010533149,1,3,0,18,19,5,1,0,0,1,0,10,7,4,1,1,1,1,1,25,5,125,1,10,HONDA WW125,7,E01001106,0,1
2024010542797,2024,010542797,1,3,0,99,99,9,9,99,99,9,9,99,9,99,9,1,1,1,1,48,8,125,1,2,HONDA WW125,3,E01003980,0,1
2024010533466,2024,010533466,2,3,0,99,99,9,9,99,99,2,9,99,9,99,9,1,1,1,1,30,6,125,1,3,HONDA WW125,6,E01034486,0,2
2024440321538,2024,440321538,2,3,0,9,9,7,5,0,0,5,1,0,7,11,1,1,6,6,1,14,3,125,1,4,HONDA WW125,2,E01017265,0,1
2024010525908,2024,010525908,2,3,0,99,99,9,9,99,99,0,9,99,9,99,9,1,1,1,1,21,5,125,1,11,HONDA WW125,2,E01003207,0,3
2024010518758,2024,010518758,2,2,0,18,19,9,9,99,99,9,9,99,9,99,9,1,6,6,1,-1,-1,125,1,1,HONDA WW125,-1,-1,0,-1
2024010534978,2024,010534978,2,3,0,9,9,2,7,0,0,8,0,0,0,0,4,1,6,6,1,28,6,125,1,2,HONDA WW125,3,E01001154,0,2
2024522402175,2024,522402175,2,3,0,18,19,5,1,0,0,0,0,0,0,0,3,1,6,6,1,-1,-1,125,1,2,HONDA WW125,3,E01014572,0,2
2024010547213,2024,010547213,1,3,0,18,19,5,1,0,0,1,0,0,0,0,2,1,1,1,1,31,6,125,1,2,HONDA WW125,4,E01003405,0,1
2024010548651,2024,010548651,1,2,0,18,19,6,2,0,0,1,0,0,0,0,1,1,6,6,1,32,6,125,1,0,HONDA WW125,2,E01001395,0,1
2024461535825,2024,461535825,2,3,0,-1,19,5,1,-1,0,1,0,0,0,0,1,1,-1,1,1,25,5,125,1,12,HONDA WW125,7,E01024101,0,4
2024471409808,2024,471409808,1,3,0,-1,19,2,6,-1,0,0,0,0,0,0,1,1,-1,1,1,30,6,125,1,7,HONDA WW125,2,E01020910,0,1
2024010506976,2024,010506976,1,3,0,99,99,9,9,99,99,9,9,99,9,99,9,1,1,1,1,30,6,125,1,7,HONDA WW125,6,E01003742,0,1
2024481472276,2024,481472276,1,3,0,-1,19,7,3,-1,0,8,0,0,0,0,1,1,-1,1,1,41,7,125,1,2,HONDA WW125,-1,-1,0,-1
2024461514974,2024,461514974,1,3,0,-1,7,1,3,-1,0,4,2,0,0,0,4,1,-1,6,1,23,5,125,1,10,HONDA WW125,-1,-1,0,-1
2024010534701,2024,010534701,1,3,9,99,99,9,9,99,99,0,9,99,9,99,9,1,6,6,1,-1,-1,125,1,2,HONDA WW125,-1,-1,0,-1
2024010551724,2024,010551724,1,3,0,99,99,9,9,99,99,9,9,8,9,99,1,1,1,1,1,24,5,125,1,2,HONDA WW125,2,E01002356,0,1
2024010523816,2024,010523816,1,3,0,99,99,9,9,99,99,9,9,99,9,99,1,1,1,1,1,23,5,125,1,1,HONDA WW125,2,E01034148,0,1
2024010509289,2024,010509289,1,3,0,99,99,9,9,99,99,9,9,99,9,99,9,1,2,2,1,32,6,125,1,13,HONDA WW125,3,E01003099,0,1
2024010551749,2024,010551749,2,3,0,3,3,5,1,0,0,2,0,4,0,0,1,1,6,6,1,28,6,125,1,5,HONDA WW125,2,E01000223,0,2
2024440560461,2024,440560461,1,3,0,18,19,8,4,0,0,1,0,0,0,0,1,1,2,2,1,31,6,125,1,2,HONDA WW125,3,E01017270,0,2
2024552401346,2024,552401346,1,4,0,14,14,6,2,0,0,0,0,0,0,0,1,1,6,6,3,-1,-1,125,1,5,HONDA WW125,-1,-1,0,-1
2024421408781,2024,421408781,2,3,0,-1,19,3,7,-1,0,4,0,0,0,0,2,1,-1,6,1,36,7,125,1,4,HONDA WW125,3,E01001448,0,4
2024010507547,2024,010507547,2,2,0,99,99,9,9,99,99,9,9,99,9,99,1,1,6,6,1,47,8,125,1,3,HONDA WW125,6,E01003144,0,3
2024010524646,2024,010524646,1,3,9,99,99,9,9,99,99,9,9,99,9,99,1,1,1,1,1,29,6,125,1,2,HONDA WW125,6,E01003003,0,1
2024010541721,2024,010541721,2,3,9,99,99,9,9,99,99,9,9,99,9,99,9,1,6,6,1,38,7,125,1,1,HONDA WW125,2,E01033931,0,1
2024010543559,2024,010543559,2,3,0,18,19,5,1,0,0,1,0,0,0,0,1,1,6,6,1,23,5,125,1,10,HONDA WW125,4,E01004039,0,2
2024010540831,2024,010540831,2,3,0,18,19,5,1,0,0,1,0,0,0,0,1,1,1,1,1,24,5,125,1,10,HONDA WW125,2,E01017472,0,4
2024010513842,2024,010513842,1,3,0,18,19,3,7,0,0,1,0,0,0,0,0,1,6,6,1,25,5,125,1,6,HONDA WW125,2,E01000096,0,1
2024010504975,2024,010504975,1,3,0,99,99,9,9,99,99,9,9,99,9,99,1,1,1,1,1,46,8,125,1,2,HONDA WW125,5,E01002169,0,3
2024461430276,2024,461430276,2,3,0,-1,4,7,3,-1,0,4,0,0,0,0,2,1,-1,2,1,41,7,125,1,2,HONDA WW125,5,E01024179,0,1
2024010500497,2024,010500497,1,2,0,3,3,7,3,0,0,1,0,0,0,0,1,1,6,6,1,-1,-1,125,1,8,HONDA WW125,9,E01002191,0,3
2024010550468,2024,010550468,2,3,0,2,2,0,0,9,9,8,0,0,0,0,3,1,6,6,3,-1,-1,125,1,7,HONDA WW125,-1,-1,0,-1
2024010551210,2024,010551210,2,3,9,99,99,9,9,99,99,9,9,99,9,99,1,1,1,1,1,22,5,125,1,2,HONDA WW125,3,E01017709,0,4
2024522401164,2024,522401164,2,3,0,9,9,8,5,0,0,6,0,0,0,0,3,1,6,6,1,23,5,125,1,1,HONDA WW125,8,E01035227,0,1
2024010514387,2024,010514387,1,3,0,18,19,7,3,0,0,0,2,0,0,0,1,1,1,1,1,43,7,125,1,4,HONDA WW125,5,E01001524,0,2
2024101413511,2024,101413511,2,3,0,-1,19,7,3,-1,0,1,0,0,0,0,4,1,-1,9,1,22,5,125,1,2,HONDA WW125,5,E01008766,0,1
2024010539951,2024,010539951,1,3,0,7,7,2,3,9,9,0,0,0,0,0,1,1,6,6,1,16,4,125,1,6,HONDA WW125,2,E01002054,0,1
2024010542587,2024,010542587,1,3,0,18,19,3,7,0,0,4,0,9,1,0,1,1,6,6,1,44,7,125,1,0,HONDA WW125,4,E01032732,0,2
2024430621854,2024,430621854,1,3,0,18,19,4,8,0,0,8,0,0,0,0,1,1,2,2,2,31,6,125,1,0,HONDA WW125,4,E01017904,0,2
2024522500148,2024,522500148,1,3,0,3,3,6,2,0,0,0,0,0,0,0,1,1,6,6,1,22,5,125,1,0,HONDA WW125,1,E01014800,0,4
2024361473452,2024,361473452,1,3,0,-1,7,5,7,-1,0,8,0,0,0,0,3,1,-1,6,1,24,5,125,1,4,HONDA WW125,2,E01026828,0,2
2024010505873,2024,010505873,2,3,0,13,13,1,5,0,0,1,0,0,0,0,1,1,1,1,1,36,7,125,1,1,HONDA WW125,2,E01001427,0,1
2024061407800,2024,061407800,1,3,0,-1,7,5,7,-1,0,5,1,10,0,0,4,1,-1,6,1,18,4,125,1,10,HONDA WW125,-1,-1,0,-1
2024010505314,2024,010505314,1,3,0,17,19,1,5,0,0,0,1,0,0,0,0,1,6,6,1,27,6,125,1,0,HONDA WW125,4,E01003133,0,1
2024010499359,2024,010499359,1,3,0,18,19,3,7,0,0,1,1,0,0,0,0,1,6,6,1,39,7,125,1,7,HONDA WW125,4,E01034033,0,1
2024010535397,2024,010535397,2,3,0,18,19,5,1,0,0,8,0,0,0,0,1,1,1,1,1,35,6,125,1,2,HONDA WW125,2,E01001364,0,2
2024010516239,2024,010516239,1,3,0,99,99,9,9,99,99,9,9,99,9,99,9,1,6,6,1,33,6,125,1,1,HONDA WW125,5,E01004523,0,1
2024311416049,2024,311416049,1,3,0,-1,19,4,8,-1,0,1,5,0,8,0,1,1,-1,2,1,38,7,125,1,8,HONDA WW125,2,E01013945,0,1
2024010505693,2024,010505693,1,3,0,13,13,7,3,0,0,1,2,0,0,0,4,1,6,6,1,40,7,125,1,4,HONDA WW125,6,E01004447,0,3
2024010520206,2024,010520206,2,4,0,18,19,1,5,0,0,8,0,0,0,0,2,1,6,6,1,50,8,125,1,1,HONDA WW125,7,E01000668,0,1
2024010500285,2024,010500285,2,3,0,5,5,3,7,0,0,8,0,0,0,0,3,1,1,1,1,31,6,125,1,1,HONDA WW125,5,E01000131,0,3
2024411405083,2024,411405083,2,3,0,-1,19,5,1,-1,0,1,0,0,0,0,1,1,-1,2,1,29,6,125,1,8,HONDA WW125,7,E01023832,0,3
2024010510973,2024,010510973,1,3,0,99,99,9,9,99,99,9,9,99,9,99,9,1,2,2,1,31,6,125,1,2,HONDA WW125,2,E01034198,0,3
2024010513244,2024,010513244,1,3,0,99,99,9,9,99,99,9,9,99,9,99,9,1,1,1,3,24,5,125,1,2,HONDA WW125,3,E01001503,0,1
2024010548130,2024,010548130,2,3,0,9,9,7,5,0,0,3,0,0,0,0,1,1,1,1,1,28,6,125,1,1,HONDA WW125,-1,-1,0,-1
2024010536008,2024,010536008,2,3,0,18,19,3,7,4,4,2,0,4,0,0,1,1,1,1,1,30,6,125,1,5,HONDA WW125,-1,-1,0,-1
2024010515312,2024,010515312,1,3,0,99,99,9,9,99,99,9,9,99,9,99,1,1,1,1,1,27,6,125,1,6,HONDA WW125,2,E01000075,0,3
2024010541172,2024,010541172,2,9,0,15,15,5,1,0,0,2,0,0,0,0,4,1,6,6,1,37,7,125,1,1,HONDA WW125,3,E01035665,0,1
2024010529357,2024,010529357,1,3,0,18,19,9,9,99,99,9,9,99,9,99,1,1,1,1,3,24,5,125,1,5,HONDA WW125,3,E01003183,0,1
2024010511464,2024,010511464,2,3,0,99,99,9,9,99,99,9,9,99,9,99,9,1,6,6,1,39,7,125,1,2,HONDA WW125,7,E01001313,0,2
2024010551040,2024,010551040,2,3,0,18,19,7,3,0,0,1,0,0,0,0,3,1,1,1,1,23,5,125,1,4,HONDA WW125,2,E01000021,0,1
2024010496423,2024,010496423,2,3,0,99,99,9,9,99,99,9,9,99,9,99,1,9,6,6,3,-1,-1,125,1,3,HONDA WW125,-1,-1,0,-1
2024010514382,2024,010514382,1,3,0,99,99,9,9,99,99,9,9,99,9,99,1,1,1,1,1,38,7,125,1,3,HONDA WW125,5,E01001157,0,1
2024522403193,2024,522403193,2,3,0,18,19,1,5,2,2,8,0,0,0,0,1,1,6,6,1,18,4,125,1,2,HONDA WW125,10,E01014964,0,2
2024411481402,2024,411481402,2,3,0,-1,3,2,6,-1,0,1,0,0,0,0,2,1,-1,2,1,22,5,125,1,2,HONDA WW125,4,E01023899,0,1
2024010544432,2024,010544432,2,3,0,18,19,8,4,0,0,0,1,0,0,0,1,1,1,1,1,27,6,125,1,0,HONDA WW125,6,E01000568,0,1
2024522500393,2024,522500393,2,3,0,18,19,2,6,0,0,0,0,0,0,0,1,1,6,6,3,-1,-1,125,1,1,HONDA WW125,-1,-1,0,-1
2024332400809,2024,332400809,2,3,0,-1,19,7,3,-1,0,0,0,0,0,0,1,1,-1,1,1,32,6,125,1,0,HONDA WW125,3,E01003531,0,5
2024010535277,2024,010535277,1,3,0,99,99,9,9,99,99,9,9,99,9,99,1,1,1,1,1,39,7,125,1,2,HONDA WW125,2,E01032564,0,2
2024522402164,2024,522402164,2,3,0,13,13,6,2,0,0,8,0,0,0,0,1,1,6,6,1,53,8,125,1,2,HONDA WW125,1,E01014654,0,1
2024522500165,2024,522500165,1,3,0,14,14,6,2,0,0,1,0,0,0,0,4,1,6,6,1,48,8,125,1,2,HONDA WW125,10,E01014944,0,1
2024010510225,2024,010510225,2,3,0,4,4,7,3,0,0,0,2,0,0,0,0,1,6,6,1,37,7,125,1,12,HONDA WW125,6,E01001277,0,1
2024010508364,2024,010508364,2,3,0,18,19,1,5,0,0,1,0,0,0,0,1,1,6,6,2,19,4,125,1,11,HONDA WW125,2,E01002073,0,2
2024010539275,2024,010539275,2,3,0,99,99,9,9,99,99,9,9,99,9,99,9,1,1,1,1,29,6,125,1,1,HONDA WW125,7,E01002204,0,2
2024531510206,2024,531510206,2,3,0,-1,4,7,3,-1,0,0,0,0,0,0,2,1,-1,9,1,26,6,125,1,4,HONDA WW125,2,E01022289,0,1
2024010545156,2024,010545156,1,3,0,99,99,9,9,99,99,9,9,99,9,99,1,1,2,2,2,42,7,125,1,0,HONDA WW125,2,E01003066,0,2
2024010506880,2024,010506880,1,3,0,3,3,3,7,99,99,9,9,99,9,99,2,1,6,6,1,35,6,125,1,9,HONDA WW125,4,E01003568,0,1
2024010524910,2024,010524910,2,3,0,99,99,9,9,99,99,0,9,99,9,99,9,1,2,2,1,29,6,125,1,4,HONDA WW125,2,E01003540,0,2
2024010511480,2024,010511480,1,3,0,18,19,1,5,0,0,8,0,0,0,0,2,1,1,1,1,45,7,125,1,9,HONDA WW125,1,E01000221,0,1
2024461438954,2024,461438954,2,3,0,-1,19,1,5,-1,0,1,0,0,0,0,1,1,-1,6,1,20,4,125,1,11,HONDA WW125,3,E01016047,0,1
2024401415301,2024,401415301,2,4,0,-1,13,5,1,-1,0,0,0,0,0,0,4,1,-1,6,1,27,6,125,1,2,HONDA WW125,5,E01017440,0,1
2024010512908,2024,010512908,1,3,0,99,99,9,9,99,99,9,9,99,9,99,9,1,2,2,1,24,5,125,1,2,HONDA WW125,4,E01003145,0,1
2024010500513,2024,010500513,1,3,9,3,3,9,9,0,0,0,9,99,9,99,9,1,6,6,1,28,6,125,1,2,HONDA WW125,7,E01002160,0,3
2024552401500,2024,552401500,1,3,0,14,14,6,2,0,0,0,0,0,0,0,4,1,2,2,1,18,4,125,1,1,HONDA WW125,7,E01015368,0,1
202454C134924,2024,54C134924,1,3,0,18,19,7,3,0,0,0,0,0,0,0,1,1,6,6,1,47,8,125,1,3,HONDA WW125,7,E01015567,0,1
2024010514044,2024,010514044,1,3,0,99,99,9,9,99,99,9,9,99,9,99,9,1,6,6,1,38,7,125,1,7,HONDA WW125,3,E01001504,0,1
2024411396296,2024,411396296,2,3,-1,-1,-1,-1,-1,-1,-1,0,-1,-1,-1,0,-1,1,-1,6,2,23,5,125,1,11,HONDA WW125,4,E01023403,0,2
2024010499298,2024,010499298,1,3,0,99,99,9,9,99,99,9,9,99,9,99,9,1,1,1,1,18,4,125,1,11,HONDA WW125,4,E01000570,0,3
2024010519814,2024,010519814,1,3,0,18,19,3,7,0,0,8,0,0,0,0,4,1,1,1,1,32,6,125,1,8,HONDA WW125,4,E01001497,0,1
2024010506990,2024,010506990,2,3,0,9,9,5,2,9,9,5,0,0,0,0,4,1,6,6,1,32,6,125,1,5,HONDA WW125,3,E01034140,0,2