collision_index,collision_year,collision_ref_no,vehicle_reference,vehicle_type,towing_and_articulation,vehicle_manoeuvre_historic,vehicle_manoeuvre,vehicle_direction_from,vehicle_direction_to,vehicle_location_restricted_lane_historic,vehicle_location_restricted_lane,junction_location,skidding_and_overturning,hit_object_in_carriageway,vehicle_leaving_carriageway,hit_object_off_carriageway,first_point_of_impact,vehicle_left_hand_drive,journey_purpose_of_driver_historic,journey_purpose_of_driver,sex_of_driver,age_of_driver,age_band_of_driver,engine_capacity_cc,propulsion_code,age_of_vehicle,generic_make_model,driver_imd_decile,lsoa_of_driver,escooter_flag,driver_distance_banding
2024430330329,2024,430330329,2,3,0,18,19,9,9,0,0,0,0,0,0,0,4,1,1,1,1,21,5,125,1,3,HONDA WW125,10,E01028740,0,1
2024010533928,2024,010533928,1,3,0,99,99,9,9,99,99,9,9,99,9,99,1,1,1,1,3,31,6,125,1,1,HONDA WW125,4,E01002231,0,2
2024101521273,2024,101521273,2,3,0,-1,4,5,6,-1,0,1,0,0,0,0,2,1,-1,9,1,19,4,125,1,0,HONDA WW125,-1,-1,0,-1
2024371427248,2024,371427248,1,4,0,-1,14,3,3,-1,0,0,0,0,7,0,3,1,-1,1,1,41,7,125,1,5,HONDA WW125,5,E01029953,0,1
2024010509366,2024,010509366,1,3,0,5,5,3,7,0,0,1,5,0,0,0,3,1,2,2,1,23,5,125,1,3,HONDA WW125,7,E01003820,0,3
2024451495813,2024,451495813,1,3,9,-1,19,7,3,-1,0,0,0,0,0,0,1,1,-1,6,1,36,7,125,1,2,HONDA WW125,2,E01001479,0,4
2024010540586,2024,010540586,1,3,0,18,19,5,1,0,0,1,0,0,0,0,3,1,6,6,1,22,5,125,1,8,HONDA WW125,6,E01000746,0,2
2024461532098,2024,461532098,1,2,0,-1,13,5,1,-1,0,0,1,0,0,0,4,1,-1,6,1,23,5,125,1,2,HONDA WW125,4,E01024372,0,1
2024522401817,2024,522401817,2,3,0,18,19,2,6,0,0,8,0,0,0,0,1,1,6,6,1,38,7,125,1,1,HONDA WW125,1,E01014655,0,1
2024010543477,2024,010543477,2,3,0,99,99,9,9,99,99,9,9,99,9,99,9,1,6,6,3,-1,-1,125,1,0,HONDA WW125,-1,-1,0,-1
2024201472173,2024,201472173,1,3,0,-1,19,4,8,-1,0,0,0,0,0,0,1,1,-1,6,1,28,6,125,1,11,HONDA WW125,4,E01009046,0,2
2024010499834,2024,010499834,1,3,0,18,19,6,2,0,0,2,0,0,0,0,1,1,6,6,1,22,5,125,1,13,HONDA WW125,5,E01003640,0,3
2024010506869,2024,010506869,1,3,0,99,99,9,9,99,99,0,9,99,9,99,2,1,6,6,1,31,6,125,1,8,HONDA WW125,3,E01003634,0,1
2024010527606,2024,010527606,2,3,0,18,19,1,5,0,0,0,5,4,1,0,1,1,6,6,1,39,7,125,1,8,HONDA WW125,5,E01000534,0,1
2024010500328,2024,010500328,1,3,0,99,99,9,9,99,99,1,9,99,9,99,9,1,2,2,3,36,7,125,1,2,HONDA WW125,3,E01002031,0,2
2024010539154,2024,010539154,1,3,0,11,11,1,5,6,6,7,1,0,0,0,1,1,6,6,1,23,5,125,1,0,HONDA WW125,4,E01001321,0,1
2024501536067,2024,501536067,1,3,0,-1,4,1,4,-1,9,0,0,0,0,0,2,1,-1,1,1,38,7,125,1,6,HONDA WW125,2,E01015053,0,1
2024010539756,2024,010539756,3,3,0,18,19,1,5,0,0,1,0,0,0,0,1,1,6,6,3,24,5,125,1,4,HONDA WW125,-1,-1,0,-1
2024010511708,2024,010511708,1,3,0,99,99,9,9,99,99,9,9,99,9,99,9,1,1,1,1,28,6,125,1,2,HONDA WW125,6,E01002676,0,1
2024522500260,2024,522500260,1,3,0,18,19,8,4,0,0,0,0,0,0,0,1,1,6,6,1,28,6,125,1,0,HONDA WW125,2,E01014660,0,1
2024010499829,2024,010499829,1,3,0,9,9,5,2,0,0,8,1,0,0,0,1,1,1,1,1,32,6,125,1,1,HONDA WW125,8,E01000538,0,2
2024010512848,2024,010512848,1,3,0,99,99,9,9,99,99,9,9,99,9,99,2,1,1,1,1,35,6,125,1,3,HONDA WW125,1,E01001178,0,1
2024501409886,2024,501409886,2,3,0,-1,19,3,7,-1,0,8,2,0,0,0,1,1,-1,1,1,28,6,125,1,3,HONDA WW125,4,E01015062,0,1
2024010524962,2024,010524962,2,2,0,9,9,2,8,0,0,5,0,0,0,0,1,1,6,6,1,-1,-1,125,1,9,HONDA WW125,-1,-1,0,-1
2024010539507,2024,010539507,1,3,0,99,99,9,9,99,99,9,9,99,9,99,1,1,2,2,1,27,6,125,1,2,HONDA WW125,5,E01002234,0,3
2024010500900,2024,010500900,1,3,0,99,99,9,9,99,99,9,9,99,9,99,9,1,1,1,1,25,5,125,1,3,HONDA WW125,2,E01004615,0,1
2024010551577,2024,010551577,2,2,0,18,19,1,5,0,0,2,0,0,0,0,1,1,1,1,1,37,7,125,1,1,HONDA WW125,8,E01002164,0,1
2024501460854,2024,501460854,1,3,0,-1,19,6,2,-1,0,8,2,0,0,0,3,1,-1,1,1,29,6,125,1,4,HONDA WW125,4,E01015178,0,1
2024010539608,2024,010539608,1,3,0,99,99,9,9,99,99,9,9,99,9,99,1,1,1,1,1,21,5,125,1,6,HONDA WW125,5,E01001041,0,1
2024010538538,2024,010538538,1,3,0,99,99,9,9,99,99,9,9,99,9,99,9,1,1,1,1,27,6,125,1,1,HONDA WW125,3,E01033092,0,4
2024010501140,2024,010501140,1,3,0,99,99,9,9,99,99,9,9,99,9,99,1,1,1,1,1,33,6,125,1,2,HONDA WW125,2,E01023404,0,4
2024010504234,2024,010504234,1,3,0,9,9,1,7,0,0,2,0,0,0,0,3,1,6,6,1,26,6,125,1,4,HONDA WW125,2,E01003500,0,1
2024010544974,2024,010544974,1,3,0,99,99,9,9,99,99,2,9,99,9,99,9,1,1,1,3,32,6,125,1,2,HONDA WW125,6,E01001685,0,2
2024010499055,2024,010499055,1,3,9,99,99,9,9,99,99,9,9,99,9,99,1,1,1,1,1,20,4,125,1,2,HONDA WW125,1,E01002038,0,4
2024451494917,2024,451494917,1,3,0,-1,99,1,5,-1,99,1,9,99,0,0,9,1,-1,1,1,35,6,125,1,2,HONDA WW125,4,E01030400,0,1
2024010526851,2024,010526851,2,3,0,99,99,9,9,99,99,9,9,99,9,99,9,9,6,6,3,-1,-1,125,1,1,HONDA WW125,-1,-1,0,-1
2024010542589,2024,010542589,1,3,0,5,5,7,3,0,0,0,5,0,0,0,4,1,1,1,1,29,6,125,1,3,HONDA WW125,-1,-1,0,-1
2024010515444,2024,010515444,2,3,0,18,19,1,5,0,0,0,0,0,0,0,1,1,6,6,1,33,6,125,1,8,HONDA WW125,6,E01002221,0,1
2024622400345,2024,622400345,2,3,0,17,19,8,4,0,0,8,0,0,0,0,3,1,6,6,1,27,6,125,1,4,HONDA WW125,1,W01001835,0,1
2024010541734,2024,010541734,2,3,0,13,13,3,7,0,0,8,0,0,0,0,1,1,6,6,1,19,4,125,1,2,HONDA WW125,5,E01004522,0,1
2024451475288,2024,451475288,2,3,0,-1,19,3,7,-1,0,0,0,0,1,0,3,1,-1,1,1,25,5,125,1,2,HONDA WW125,10,E01030438,0,1
2024010530008,2024,010530008,1,3,0,17,19,1,5,0,0,2,0,0,0,0,1,1,6,6,1,31,6,125,1,3,HONDA WW125,3,E01004710,0,2
2024430068112,2024,430068112,2,3,0,3,3,3,7,0,0,8,0,0,0,0,1,1,2,2,1,57,9,125,1,1,HONDA WW125,9,E01028491,0,2
2024361415599,2024,361415599,2,3,0,-1,19,4,8,-1,0,1,0,0,0,0,1,1,-1,2,2,19,4,125,1,2,HONDA WW125,9,E01026448,0,4
2024451523769,2024,451523769,2,3,0,-1,7,3,7,-1,0,1,0,0,0,0,4,1,-1,1,1,38,7,125,1,3,HONDA WW125,6,E01003840,0,2
2024010488842,2024,010488842,2,3,0,5,5,3,7,0,0,1,0,0,0,0,1,1,6,6,2,33,6,125,1,4,HONDA WW125,2,E01002075,0,1
2024101400564,2024,101400564,2,3,0,-1,3,8,4,-1,0,8,0,0,0,0,2,1,-1,6,1,40,7,125,1,1,HONDA WW125,9,E01008367,0,2
2024010525335,2024,010525335,2,3,0,18,19,7,3,0,0,1,0,0,0,0,1,1,1,1,1,43,7,125,1,6,HONDA WW125,1,E01001761,0,2
2024010500989,2024,010500989,2,3,0,18,19,1,5,0,0,0,0,0,0,0,1,1,6,6,1,22,5,125,1,1,HONDA WW125,3,E01001645,0,1
2024411462300,2024,411462300,1,3,0,-1,19,5,1,-1,0,1,0,12,0,0,2,1,-1,6,1,19,4,125,1,9,HONDA WW125,9,E01002191,0,2
2024010541620,2024,010541620,1,3,0,3,3,9,9,99,99,0,9,99,9,99,0,1,1,1,1,24,5,125,1,0,HONDA WW125,2,E01003508,0,1
2024522403304,2024,522403304,2,3,0,18,19,6,2,0,0,0,0,0,0,0,2,1,6,6,1,28,6,125,1,4,HONDA WW125,1,E01033367,0,1
2024010513501,2024,010513501,1,3,0,99,99,9,9,99,99,9,9,99,9,99,9,1,2,2,1,43,7,125,1,0,HONDA WW125,2,E01024091,0,4
2024522402925,2024,522402925,1,3,0,3,3,7,3,0,0,0,0,0,0,0,2,1,6,6,1,30,6,125,1,0,HONDA WW125,10,E01014875,0,2
2024471514991,2024,471514991,2,3,0,-1,19,4,1,-1,0,8,5,0,0,0,1,1,-1,1,1,24,5,125,1,1,HONDA WW125,2,E01020990,0,1
2024010541644,2024,010541644,1,3,0,18,19,1,5,0,0,8,0,0,0,0,1,1,6,6,1,21,5,125,1,13,HONDA WW125,2,E01001151,0,2
2024010524459,2024,010524459,1,3,0,99,99,9,9,99,99,9,9,99,9,99,9,1,6,6,2,27,6,125,1,8,HONDA WW125,4,E01002070,0,1
2024010492372,2024,010492372,1,3,0,99,99,9,9,99,99,9,9,99,9,99,1,1,6,6,3,57,9,125,1,10,HONDA WW125,4,E01003405,0,1
2024052400234,2024,052400234,2,3,0,18,19,6,2,0,0,1,0,0,0,0,4,1,6,6,1,31,6,125,1,9,HONDA WW125,1,E01006767,0,1
2024552401472,2024,552401472,2,3,0,18,19,2,6,0,0,8,0,0,0,0,0,1,2,2,1,36,7,125,1,8,HONDA WW125,4,E01034273,0,1
2024010533467,2024,010533467,1,3,0,3,3,9,9,99,99,9,9,99,9,99,2,1,1,1,3,26,6,125,1,1,HONDA WW125,2,E01000484,0,2
2024010531661,2024,010531661,1,3,0,18,19,1,5,0,0,4,0,0,0,0,1,1,1,1,1,33,6,125,1,6,HONDA WW125,3,E01004613,0,1
2024010547934,2024,010547934,2,3,0,18,19,3,7,0,0,0,0,0,0,0,3,1,1,1,1,30,6,125,1,3,HONDA WW125,4,E01003565,0,1
2024522402813,2024,522402813,2,3,0,18,19,8,4,0,0,0,0,4,0,0,1,1,6,6,1,33,6,125,1,1,HONDA WW125,9,E01014899,0,2
2024522401393,2024,522401393,3,3,0,9,9,8,5,0,0,6,0,0,0,0,1,1,6,6,1,23,5,125,1,1,HONDA WW125,8,E01014867,0,3
2024141469007,2024,141469007,2,3,0,-1,13,2,3,-1,0,1,1,0,0,0,4,1,-1,9,1,17,4,125,1,5,HONDA WW125,1,E01008090,0,1
2024010536657,2024,010536657,1,3,0,99,99,9,9,99,99,9,9,99,9,99,1,1,6,6,1,21,5,125,1,2,HONDA WW125,3,E01033933,0,3
2024430615875,2024,430615875,2,3,0,18,19,5,1,0,0,8,0,0,0,0,1,1,1,1,1,33,6,125,1,0,HONDA WW125,10,E01017768,0,1
2024010528842,2024,010528842,1,3,0,99,99,9,9,99,99,2,9,99,9,99,1,1,6,6,1,31,6,125,1,7,HONDA WW125,3,E01001504,0,4
2024010514026,2024,010514026,2,2,0,18,19,1,5,0,0,2,0,0,0,0,1,1,6,6,1,21,5,125,1,4,HONDA WW125,5,E01001276,0,1
2024010530733,2024,010530733,1,3,0,99,99,9,9,99,99,9,9,99,9,99,9,1,1,1,1,47,8,125,1,1,HONDA WW125,7,E01002423,0,1
2024010503845,2024,010503845,1,3,0,99,99,9,9,99,99,9,9,99,9,99,9,1,1,1,1,40,7,125,1,5,HONDA WW125,3,E01003154,0,3
2024010536758,2024,010536758,1,3,0,99,99,9,9,99,99,9,9,99,9,99,9,1,6,6,1,27,6,125,1,0,HONDA WW125,3,E01002131,0,2
2024010529606,2024,010529606,1,3,0,18,19,5,1,0,0,1,0,0,0,0,1,1,6,6,1,18,4,125,1,5,HONDA WW125,7,E01035522,0,4
2024411501119,2024,411501119,2,3,-1,-1,-1,-1,-1,-1,-1,0,-1,-1,-1,0,-1,1,-1,6,1,34,6,125,1,6,HONDA WW125,3,E01001434,0,4
2024010517249,2024,010517249,1,3,0,99,99,9,9,99,99,0,9,99,9,99,9,1,6,6,3,23,5,125,1,3,HONDA WW125,7,E01001604,0,1
2024010501247,2024,010501247,1,3,0,99,99,9,9,99,99,0,9,8,9,99,9,1,6,6,1,30,6,125,1,2,HONDA WW125,2,E01001161,0,1
2024010515827,2024,010515827,2,3,0,7,7,7,1,0,0,3,0,0,0,0,3,1,1,1,1,38,7,125,1,2,HONDA WW125,-1,-1,0,-1
2024471485772,2024,471485772,1,3,0,-1,19,6,2,-1,0,0,0,0,0,0,4,1,-1,6,1,33,6,125,1,5,HONDA WW125,1,E01016866,0,1
2024010540792,2024,010540792,1,3,0,99,99,9,9,99,99,0,9,99,9,99,2,1,6,6,2,42,7,125,1,4,HONDA WW125,9,E01002259,0,1
2024010545720,2024,010545720,1,3,9,99,99,9,9,99,99,0,9,99,9,99,1,1,6,6,1,28,6,125,1,1,HONDA WW125,4,E01000478,0,2
2024522401683,2024,522401683,1,3,0,3,3,6,2,0,0,0,0,0,0,0,1,1,6,6,1,24,5,125,1,1,HONDA WW125,5,E01014923,0,2
2024010545216,2024,010545216,1,3,0,18,19,2,6,6,6,2,2,0,0,0,1,1,1,1,1,28,6,125,1,0,HONDA WW125,4,E01002647,0,1
2024010524832,2024,010524832,1,3,0,13,13,3,7,0,0,1,0,0,0,0,3,1,6,6,1,39,7,125,1,13,HONDA WW125,3,E01003024,0,1
2024421427750,2024,421427750,1,3,-1,-1,4,5,1,-1,0,0,0,0,0,0,1,1,-1,6,3,-1,-1,125,1,9,HONDA WW125,-1,-1,0,-1
2024161478994,2024,161478994,1,3,0,-1,19,1,5,-1,0,8,0,0,0,0,1,1,-1,6,1,16,4,125,1,4,HONDA WW125,1,E01013284,0,1
2024010552609,2024,010552609,1,3,0,99,99,9,9,99,99,9,9,99,9,99,2,1,1,1,1,26,6,125,1,4,HONDA WW125,7,E01003665,0,1
2024010505996,2024,010505996,1,3,0,9,9,4,3,0,0,8,0,0,0,0,1,1,6,6,1,31,6,125,1,4,HONDA WW125,2,E01003047,0,1
2024371465264,2024,371465264,2,3,0,-1,19,3,7,-1,0,0,5,11,0,0,1,1,-1,6,1,19,4,125,1,2,HONDA WW125,6,E01029907,0,1
2024010536438,2024,010536438,1,3,0,10,10,9,9,99,99,5,9,99,9,99,9,1,2,2,1,25,5,125,1,2,HONDA WW125,2,E01003087,0,1
2024010506413,2024,010506413,2,2,0,18,19,8,4,0,0,8,0,0,0,0,1,1,2,2,1,28,6,125,1,5,HONDA WW125,2,E01002073,0,2
2024010508909,2024,010508909,2,3,0,13,13,1,5,0,0,9,9,99,0,0,1,1,6,6,3,-1,-1,125,1,1,HONDA WW125,4,E01004328,0,1
2024010535357,2024,010535357,1,3,0,99,99,9,9,99,99,9,9,99,9,99,9,1,1,1,3,26,6,125,1,1,HONDA WW125,5,E01001973,0,2
2024552400733,2024,552400733,2,3,0,18,19,2,6,0,0,8,0,0,0,0,4,1,6,6,1,49,8,125,1,1,HONDA WW125,2,E01015277,0,2
2024522401952,2024,522401952,2,3,0,9,9,2,6,0,0,6,0,0,0,0,1,1,6,6,1,34,6,125,1,7,HONDA WW125,5,E01035224,0,1
2024010507451,2024,010507451,1,3,0,18,19,3,7,0,0,4,5,0,0,0,0,1,6,6,1,24,5,125,1,7,HONDA WW125,-1,-1,0,-1
2024522402471,2024,522402471,2,3,0,18,19,1,5,0,0,0,0,0,0,0,1,1,6,6,1,24,5,125,1,5,HONDA WW125,4,E01014645,0,1
2024010495917,2024,010495917,1,3,0,18,19,2,6,0,0,2,0,0,0,0,1,1,6,6,1,26,6,125,1,5,HONDA WW125,4,E01002647,0,1
2024010529536,2024,010529536,2,3,0,18,19,3,7,0,0,1,0,0,0,0,1,1,2,2,1,27,6,125,1,6,HONDA WW125,7,E01000250,0,1
2024461455547,2024,461455547,1,3,0,-1,14,6,2,-1,0,6,2,0,7,11,1,1,-1,6,1,17,4,125,1,4,HONDA WW125,5,E01024065,0,1
2024010543386,2024,010543386,1,3,0,18,19,3,7,0,0,0,0,0,0,0,3,1,2,2,1,41,7,125,1,3,HONDA WW125,3,E01024169,0,3
2024010532282,2024,010532282,2,3,0,99,99,9,9,99,99,9,9,99,9,99,1,9,6,6,3,-1,-1,125,1,0,HONDA WW125,4,E01002130,0,2
2024010508577,2024,010508577,2,3,0,18,19,1,5,0,0,2,0,0,3,0,3,1,6,6,1,29,6,125,1,7,HONDA WW125,7,E01002176,0,3
2024010530137,2024,010530137,1,3,0,99,99,9,9,99,99,9,9,99,9,99,1,1,6,6,1,28,6,125,1,6,HONDA WW125,3,E01000553,0,1
2024010521526,2024,010521526,1,3,0,99,99,9,9,99,99,9,9,99,9,99,1,1,2,2,1,40,7,125,1,5,HONDA WW125,3,E01004350,0,3
2024522401946,2024,522401946,2,3,0,14,14,1,5,0,0,8,0,0,0,0,1,1,6,6,2,29,6,125,1,3,HONDA WW125,4,E01014623,0,1
2024522402338,2024,522402338,1,3,0,18,19,1,5,2,2,2,0,0,0,0,1,1,6,6,3,-1,-1,125,1,1,HONDA WW125,-1,-1,0,-1
2024010531326,2024,010531326,1,3,0,99,99,9,9,99,99,9,9,99,9,99,0,1,1,1,3,18,4,125,1,10,HONDA WW125,3,E01001449,0,1
2024010551606,2024,010551606,1,3,0,99,99,9,9,99,99,2,9,99,9,99,9,1,1,1,1,43,7,125,1,7,HONDA WW125,3,E01003179,0,1
2024451425388,2024,451425388,2,3,0,-1,19,1,5,-1,0,8,2,0,0,0,1,1,-1,6,1,25,5,125,1,2,HONDA WW125,-1,-1,0,-1
2024010503768,2024,010503768,1,3,0,18,19,1,5,0,0,1,0,0,0,0,1,1,6,6,2,41,7,125,1,0,HONDA WW125,4,E01003916,0,1
2024010547310,2024,010547310,1,3,0,99,99,9,9,99,99,9,9,99,9,99,1,1,6,6,1,26,6,125,1,1,HONDA WW125,4,E01004538,0,2
2024052400891,2024,052400891,2,3,0,18,19,7,3,0,0,1,1,0,0,0,1,1,1,1,2,37,7,125,1,4,HONDA WW125,1,E01006778,0,2
2024010524797,2024,010524797,9,3,0,2,2,0,0,0,0,0,5,0,0,0,3,1,6,6,3,-1,-1,125,1,1,HONDA WW125,-1,-1,0,-1
2024052400168,2024,052400168,2,3,0,18,19,8,4,0,0,1,0,0,0,0,1,1,1,1,1,37,7,125,1,6,HONDA WW125,2,E01006748,0,1
2024010507021,2024,010507021,1,3,9,99,99,9,9,99,99,9,9,99,9,99,2,1,1,1,1,25,5,125,1,2,HONDA WW125,1,E01000643,0,1
2024041478384,2024,041478384,2,3,0,-1,9,2,8,-1,0,8,0,0,0,0,1,1,-1,1,1,29,6,125,1,11,HONDA WW125,1,E01012646,0,1
2024131492568,2024,131492568,2,3,0,-1,19,1,5,-1,0,0,5,0,0,0,4,1,-1,6,2,54,8,125,1,2,HONDA WW125,2,E01011943,0,1
2024541163724,2024,541163724,2,4,0,18,19,3,7,0,0,4,0,0,0,0,4,1,6,6,1,37,7,125,1,1,HONDA WW125,3,E01015530,0,1
2024010543132,2024,010543132,2,3,0,9,9,1,7,0,0,1,0,0,0,0,3,1,6,6,1,40,7,125,1,2,HONDA WW125,8,E01003225,0,1
2024010543621,2024,010543621,1,3,0,18,19,7,3,0,0,0,0,0,0,0,1,1,1,1,1,28,6,125,1,6,HONDA WW125,3,E01034204,0,2
2024010502473,2024,010502473,1,3,0,99,99,9,9,99,99,9,9,99,9,99,1,1,6,6,1,19,4,125,1,3,HONDA WW125,5,E01000475,0,1
2024451464990,2024,451464990,1,3,0,-1,19,5,1,-1,0,1,0,0,0,0,1,1,-1,6,1,23,5,125,1,2,HONDA WW125,6,E01030502,0,2
2024010542554,2024,010542554,1,3,0,15,15,1,5,2,2,1,0,0,0,0,1,1,6,6,1,27,6,125,1,1,HONDA WW125,3,E01034152,0,1
2024010524262,2024,010524262,1,3,0,99,99,9,9,99,99,0,9,99,9,99,1,1,1,1,1,27,6,125,1,0,HONDA WW125,2,E01033932,0,2
2024522402650,2024,522402650,2,3,0,18,19,5,1,0,0,8,0,0,0,0,3,1,6,6,3,-1,-1,125,1,3,HONDA WW125,-1,-1,0,-1
2024522402933,2024,522402933,1,3,0,3,3,9,9,0,0,0,0,0,0,0,1,1,6,6,1,22,5,125,1,0,HONDA WW125,2,E01014602,0,1
2024010544542,2024,010544542,2,3,0,-1,-1,1,5,0,0,8,0,0,0,0,1,1,1,1,1,25,5,125,1,0,HONDA WW125,2,E01024476,0,4
2024010528602,2024,010528602,1,3,0,99,99,9,9,99,99,9,9,99,9,99,9,1,1,1,1,32,6,125,1,5,HONDA WW125,4,E01003769,0,1
2024141454273,2024,141454273,2,3,0,-1,19,5,1,-1,0,0,0,0,0,0,1,1,-1,7,1,19,4,125,1,5,HONDA WW125,1,E01007737,0,1
2024010524376,2024,010524376,2,3,0,18,19,1,5,0,0,8,0,0,0,0,1,1,6,6,1,27,6,125,1,2,HONDA WW125,-1,-1,0,-1
2024010501737,2024,010501737,1,3,0,99,99,9,9,99,99,1,9,99,9,99,9,1,1,1,3,29,6,125,1,2,HONDA WW125,3,E01001180,0,2
2024010526529,2024,010526529,2,3,9,99,99,9,9,99,99,9,9,99,9,99,2,1,1,1,1,51,8,125,1,2,HONDA WW125,2,E01002053,0,1
2024010535000,2024,010535000,1,3,0,99,99,9,9,99,99,9,9,99,9,99,9,1,6,6,1,28,6,125,1,11,HONDA WW125,3,E01033924,0,2
2024010528362,2024,010528362,1,3,0,18,19,3,7,0,0,1,0,0,0,0,4,1,6,6,1,23,5,125,1,3,HONDA WW125,4,E01001321,0,1
2024010505454,2024,010505454,1,3,0,99,99,9,9,99,99,9,9,99,9,99,9,1,6,6,1,30,6,125,1,1,HONDA WW125,3,E01000515,0,1
2024052401399,2024,052401399,2,2,0,18,19,5,1,0,0,0,0,0,0,0,3,1,1,1,1,29,6,125,1,7,HONDA WW125,1,E01006679,0,1
2024010499158,2024,010499158,1,3,0,99,99,9,9,99,99,9,9,99,9,99,9,1,6,6,1,32,6,125,1,5,HONDA WW125,2,E01001249,0,2
2024010523129,2024,010523129,2,3,0,99,99,9,9,99,99,9,9,99,9,99,9,1,1,1,1,27,6,125,1,4,HONDA WW125,5,E01003661,0,4
2024010515621,2024,010515621,1,3,0,5,5,0,3,6,6,0,0,0,0,0,3,1,1,1,1,30,6,125,1,3,HONDA WW125,2,E01000106,0,1
2024010499088,2024,010499088,1,3,0,99,99,9,9,99,99,9,9,99,9,99,9,1,2,2,3,33,6,125,1,9,HONDA WW125,3,E01001981,0,2
2024010530770,2024,010530770,1,3,0,18,19,5,1,0,0,8,5,0,0,0,4,1,6,6,1,29,6,125,1,5,HONDA WW125,7,E01000683,0,1
2024010536644,2024,010536644,1,3,0,99,99,9,9,99,99,9,9,99,9,99,9,1,1,1,3,28,6,125,1,3,HONDA WW125,3,E01002084,0,2
2024201477775,2024,201477775,2,3,0,-1,19,2,6,-1,0,8,0,0,0,0,2,1,-1,6,1,30,6,125,1,2,HONDA WW125,1,E01009007,0,1
2024430365663,2024,430365663,1,3,0,18,19,8,4,0,0,8,0,0,0,0,9,1,1,1,1,25,5,125,1,0,HONDA WW125,8,E01017910,0,2
2024010505273,2024,010505273,1,3,0,99,99,9,9,99,99,9,9,99,9,99,9,1,1,1,1,25,5,125,1,1,HONDA WW125,4,E01004571,0,2
2024552401243,2024,552401243,2,3,0,3,3,6,2,0,0,0,0,0,0,0,2,1,1,1,1,31,6,125,1,9,HONDA WW125,1,E01034275,0,2
2024010539315,2024,010539315,1,3,0,99,99,9,9,99,99,9,9,99,9,99,9,1,1,1,3,29,6,125,1,0,HONDA WW125,3,E01004528,0,2
2024010537619,2024,010537619,1,3,0,13,13,6,2,0,0,8,0,0,0,0,1,1,6,6,1,17,4,125,1,1,HONDA WW125,3,E01003105,0,2
2024522403220,2024,522403220,2,3,0,18,19,1,5,0,0,8,0,0,0,0,1,1,6,6,1,18,4,125,1,5,HONDA WW125,3,E01033902,0,1
2024451445734,2024,451445734,1,3,0,-1,99,1,1,-1,99,0,2,0,0,0,4,1,-1,1,1,44,7,125,1,3,HONDA WW125,3,E01030676,0,1
2024531491517,2024,531491517,2,3,0,-1,19,8,4,-1,0,1,5,0,0,0,1,1,-1,9,1,38,7,125,1,1,HONDA WW125,4,E01022161,0,1
2024430192286,2024,430192286,1,3,0,6,6,3,3,0,0,8,0,0,0,0,1,1,6,6,1,28,6,125,1,0,HONDA WW125,6,E01028528,0,4
2024522500007,2024,522500007,2,3,0,99,99,6,8,0,0,0,0,0,0,0,1,1,1,1,1,-1,-1,125,1,0,HONDA WW125,-1,-1,0,-1
2024010517196,2024,010517196,1,3,0,15,15,7,3,0,0,1,0,0,0,0,3,1,2,2,1,25,5,125,1,6,HONDA WW125,3,E01001000,0,3
2024552400592,2024,552400592,2,3,0,18,19,1,5,0,0,8,0,0,0,0,1,1,2,2,1,54,8,125,1,2,HONDA WW125,2,E01015367,0,1
2024010538133,2024,010538133,1,3,0,15,15,3,7,0,0,1,5,8,0,0,1,1,6,6,1,27,6,125,1,1,HONDA WW125,3,E01034474,0,1
2024421501796,2024,421501796,2,3,0,-1,19,1,5,-1,0,0,5,0,0,0,1,1,-1,6,1,39,7,125,1,5,HONDA WW125,-1,-1,0,-1
2024010502918,2024,010502918,2,4,0,13,13,3,7,0,0,1,0,0,0,0,1,1,6,6,1,22,5,125,1,5,HONDA WW125,3,E01003251,0,2
2024010540859,2024,010540859,1,3,0,99,99,9,9,99,99,9,9,99,9,99,9,1,6,6,1,27,6,125,1,2,HONDA WW125,5,E01034599,0,1
2024010500719,2024,010500719,1,3,0,99,99,9,9,99,99,9,9,99,9,99,9,1,1,1,1,21,5,125,1,2,HONDA WW125,3,E01003120,0,4