collision_index,collision_year,collision_ref_no,vehicle_reference,vehicle_type,towing_and_articulation,vehicle_manoeuvre_historic,vehicle_manoeuvre,vehicle_direction_from,vehicle_direction_to,vehicle_location_restricted_lane_historic,vehicle_location_restricted_lane,junction_location,skidding_and_overturning,hit_object_in_carriageway,vehicle_leaving_carriageway,hit_object_off_carriageway,first_point_of_impact,vehicle_left_hand_drive,journey_purpose_of_driver_historic,journey_purpose_of_driver,sex_of_driver,age_of_driver,age_band_of_driver,engine_capacity_cc,propulsion_code,age_of_vehicle,generic_make_model,driver_imd_decile,lsoa_of_driver,escooter_flag,driver_distance_banding
2024010504144,2024,010504144,1,3,0,13,13,3,7,0,0,1,0,0,0,0,1,1,6,6,1,21,5,125,1,1,HONDA WW125,3,E01002572,0,1
2024522401996,2024,522401996,1,3,0,18,19,1,5,0,0,8,0,0,0,0,1,1,6,6,1,50,8,125,1,4,HONDA WW125,6,E01015008,0,2
2024010512741,2024,010512741,1,3,0,99,99,9,9,99,99,0,9,99,9,99,1,1,1,1,1,23,5,125,1,2,HONDA WW125,4,E01003561,0,2
2024010542357,2024,010542357,2,3,0,3,3,1,5,0,0,1,0,0,0,0,1,1,1,1,2,26,6,125,1,0,HONDA WW125,7,E01002412,0,1
2024010487801,2024,010487801,1,3,0,18,19,5,1,0,0,2,0,0,0,0,1,1,1,1,1,25,5,125,1,8,HONDA WW125,5,E01003495,0,1
2024231490903,2024,231490903,2,3,0,-1,19,6,2,-1,0,8,1,0,7,9,1,1,-1,6,1,60,9,125,1,2,HONDA WW125,7,E01031283,0,1
2024421462485,2024,421462485,2,3,0,-1,4,3,7,-1,0,0,0,0,0,0,2,1,-1,6,1,33,6,125,1,1,HONDA WW125,2,E01001505,0,4
2024201447549,2024,201447549,2,3,0,-1,2,0,0,-1,0,1,0,0,0,0,1,1,-1,1,1,30,6,125,1,7,HONDA WW125,2,E01010344,0,3
2024010499056,2024,010499056,1,3,0,99,99,9,9,99,99,9,9,99,9,99,9,1,2,2,1,27,6,125,1,5,HONDA WW125,2,E01033932,0,1
2024010549540,2024,010549540,1,3,0,18,19,5,1,0,0,1,0,0,0,0,3,1,1,1,1,35,6,125,1,2,HONDA WW125,-1,-1,0,-1
2024451407455,2024,451407455,1,3,0,-1,19,1,5,-1,0,0,0,0,0,0,2,1,-1,6,1,66,10,125,1,4,HONDA WW125,10,E01030486,0,1
2024010509343,2024,010509343,3,3,0,18,19,7,3,0,0,1,0,0,0,0,1,1,2,2,1,18,4,125,1,5,HONDA WW125,6,E01000231,0,1
2024010498989,2024,010498989,2,3,0,18,19,5,1,0,0,6,1,10,0,0,0,1,6,6,1,36,7,125,1,3,HONDA WW125,5,E01000982,0,1
2024010504037,2024,010504037,1,3,0,99,99,9,9,99,99,9,9,99,9,99,1,1,1,1,1,23,5,125,1,3,HONDA WW125,3,E01001812,0,1
2024010524719,2024,010524719,1,3,0,99,99,9,9,99,99,9,9,99,9,99,9,1,2,2,1,32,6,125,1,1,HONDA WW125,3,E01001504,0,4
2024311500783,2024,311500783,1,3,0,-1,9,1,2,-1,0,4,0,0,0,0,1,1,-1,9,1,33,6,125,1,1,HONDA WW125,1,E01032621,0,2
2024010526678,2024,010526678,1,3,0,99,99,9,9,99,99,9,9,99,9,99,2,1,1,1,1,29,6,125,1,1,HONDA WW125,6,E01002200,0,3
2024201470420,2024,201470420,2,3,0,-1,7,2,4,-1,0,6,0,0,0,0,3,1,-1,9,1,25,5,125,1,3,HONDA WW125,1,E01034921,0,2
2024471486881,2024,471486881,2,3,0,-1,3,3,7,-1,0,0,0,0,0,0,3,1,-1,6,1,24,5,125,1,8,HONDA WW125,4,E01031585,0,1
2024010535221,2024,010535221,2,3,0,18,19,7,3,0,0,2,0,0,0,0,1,1,6,6,1,34,6,125,1,1,HONDA WW125,-1,-1,0,-1
2024522402178,2024,522402178,2,4,0,18,19,8,5,0,0,6,0,0,0,0,1,1,6,6,1,17,4,125,1,1,HONDA WW125,1,E01014653,0,2
2024010522907,2024,010522907,1,3,0,99,99,9,9,99,99,9,9,99,9,99,1,1,6,6,1,42,7,125,1,1,HONDA WW125,8,E01024760,0,4
2024430458204,2024,430458204,1,3,0,3,3,1,5,0,0,0,0,0,0,0,1,1,2,2,1,22,5,125,1,7,HONDA WW125,4,E01017904,0,1
2024522402574,2024,522402574,2,3,0,99,99,9,9,0,0,8,0,0,0,0,9,1,6,6,3,-1,-1,125,1,1,HONDA WW125,-1,-1,0,-1
2024440219459,2024,440219459,1,3,0,18,19,3,7,0,0,0,0,0,0,0,0,1,6,6,1,21,5,125,1,13,HONDA WW125,1,E01017102,0,1
2024522401816,2024,522401816,1,3,0,18,19,8,4,0,0,0,0,0,0,0,1,1,6,6,1,36,7,125,1,6,HONDA WW125,8,E01014554,0,1
2024010524966,2024,010524966,2,3,0,9,9,1,7,0,0,1,0,0,0,0,2,1,6,6,1,29,6,125,1,2,HONDA WW125,6,E01002422,0,1
2024010548623,2024,010548623,1,3,0,18,19,3,7,0,0,8,0,0,0,0,1,1,1,1,1,37,7,125,1,3,HONDA WW125,7,E01002981,0,1
2024010543571,2024,010543571,1,3,0,99,99,9,9,99,99,9,9,99,9,99,9,1,1,1,1,32,6,125,1,9,HONDA WW125,6,E01002754,0,3
2024010498193,2024,010498193,1,3,0,99,99,9,9,99,99,9,9,99,9,99,9,1,1,1,1,33,6,125,1,9,HONDA WW125,1,E01001425,0,1
2024522500011,2024,522500011,1,3,0,8,8,4,8,0,0,1,0,0,0,0,1,1,6,6,1,33,6,125,1,0,HONDA WW125,2,E01014692,0,1
2024010549263,2024,010549263,1,3,0,18,19,5,1,0,0,1,0,11,0,0,1,1,6,6,1,46,8,125,1,0,HONDA WW125,3,E01001757,0,3
2024010549108,2024,010549108,2,3,0,10,10,5,3,0,0,1,0,0,0,0,1,1,6,6,1,30,6,125,1,2,HONDA WW125,3,E01001175,0,1
2024010532103,2024,010532103,1,3,0,18,19,3,7,0,0,0,0,0,0,0,1,1,1,1,1,21,5,125,1,2,HONDA WW125,5,E01032782,0,3
2024010541306,2024,010541306,1,3,0,18,19,7,3,0,0,1,0,0,0,0,1,1,6,6,1,55,8,125,1,4,HONDA WW125,4,E01000257,0,2
2024010537340,2024,010537340,1,3,0,99,99,9,9,99,99,1,9,99,9,99,9,1,6,6,3,29,6,125,1,1,HONDA WW125,6,E01003781,0,1
2024411429899,2024,411429899,2,3,0,-1,19,7,3,-1,0,1,0,0,0,0,1,1,-1,6,1,24,5,125,1,3,HONDA WW125,5,E01002162,0,1
2024010516710,2024,010516710,1,3,0,99,99,9,9,99,99,9,9,99,9,99,9,1,2,2,1,28,6,125,1,2,HONDA WW125,8,E01016576,0,3
2024010542166,2024,010542166,2,3,0,9,9,3,8,0,0,5,0,0,0,0,1,1,6,6,1,26,6,125,1,0,HONDA WW125,3,E01001362,0,2
2024501492555,2024,501492555,2,2,0,-1,19,3,7,-1,0,1,1,0,0,0,1,1,-1,9,1,46,8,125,1,9,HONDA WW125,2,E01019034,0,1
2024010521070,2024,010521070,1,3,0,18,19,4,8,0,0,1,2,0,0,0,1,1,6,6,1,32,6,125,1,8,HONDA WW125,3,E01000640,0,1
2024522403361,2024,522403361,1,3,0,17,19,8,5,0,0,8,0,0,0,0,1,1,6,6,1,34,6,125,1,1,HONDA WW125,3,E01014673,0,1
2024010525745,2024,010525745,1,3,0,99,99,9,9,99,99,9,9,99,9,99,9,1,1,1,3,28,6,125,1,1,HONDA WW125,6,E01003433,0,3
2024010547783,2024,010547783,2,3,0,11,11,5,1,0,0,0,1,0,0,0,2,1,1,1,1,33,6,125,1,5,HONDA WW125,3,E01000510,0,1
2024010549261,2024,010549261,1,3,0,3,3,9,9,99,99,0,9,99,9,99,1,1,1,1,1,33,6,125,1,5,HONDA WW125,7,E01003665,0,1
2024522401999,2024,522401999,1,3,0,3,3,4,8,0,0,0,0,0,0,0,1,1,6,6,1,39,7,125,1,3,HONDA WW125,5,E01014530,0,2
2024010510106,2024,010510106,1,3,0,99,99,9,9,99,99,0,9,99,9,99,9,1,2,2,1,17,4,125,1,1,HONDA WW125,7,E01002678,0,1
2024010542172,2024,010542172,1,3,0,99,99,9,9,99,99,9,9,99,9,99,1,1,6,6,1,27,6,125,1,2,HONDA WW125,3,E01000128,0,2
2024010500080,2024,010500080,1,3,0,99,99,9,9,99,99,0,9,99,9,99,1,1,2,2,1,26,6,125,1,5,HONDA WW125,4,E01002088,0,3
2024501434059,2024,501434059,2,3,0,-1,19,4,8,-1,2,0,0,4,0,0,1,1,-1,6,1,28,6,125,1,2,HONDA WW125,4,E01015054,0,1
2024010520151,2024,010520151,1,3,0,3,3,9,9,99,99,2,9,99,9,99,9,1,2,2,1,32,6,125,1,3,HONDA WW125,3,E01002637,0,2
2024522401627,2024,522401627,2,3,0,3,3,7,3,0,0,1,0,0,0,0,2,1,6,6,1,55,8,125,1,2,HONDA WW125,2,E01014661,0,1
2024531416983,2024,531416983,1,3,0,-1,19,3,7,-1,0,8,0,0,0,0,1,1,-1,1,1,48,8,125,1,1,HONDA WW125,5,E01022102,0,1
2024471453573,2024,471453573,1,4,0,-1,19,7,4,-1,0,8,0,0,0,0,1,1,-1,6,1,16,4,125,1,0,HONDA WW125,1,E01021135,0,1
2024010536905,2024,010536905,2,3,0,18,19,1,5,0,0,1,0,0,0,0,1,1,6,6,1,21,5,125,1,8,HONDA WW125,2,E01004524,0,1
2024522401842,2024,522401842,1,3,0,18,19,6,2,0,0,8,0,0,0,0,1,1,6,6,1,34,6,125,1,5,HONDA WW125,5,E01014675,0,1
2024430214848,2024,430214848,2,3,0,18,19,1,5,0,0,0,0,0,0,0,1,1,6,6,1,24,5,125,1,2,HONDA WW125,-1,-1,0,-1
2024010508523,2024,010508523,1,3,0,99,99,9,9,99,99,9,9,99,9,99,1,1,2,2,1,26,6,125,1,2,HONDA WW125,3,E01003280,0,1
2024010540768,2024,010540768,1,3,0,18,19,3,7,0,0,1,0,0,0,0,1,1,1,1,1,33,6,125,1,0,HONDA WW125,5,E01000591,0,2
2024010534465,2024,010534465,2,3,0,4,4,1,5,0,0,1,0,0,0,0,2,1,2,2,1,21,5,125,1,1,HONDA WW125,4,E01001370,0,1
2024522401593,2024,522401593,1,3,0,3,3,5,1,0,0,0,0,0,0,0,2,1,6,6,1,35,6,125,1,1,HONDA WW125,6,E01015002,0,1
2024010500387,2024,010500387,2,3,0,18,19,7,3,0,0,1,0,0,0,0,3,1,1,1,1,44,7,125,1,3,HONDA WW125,2,E01033939,0,1
2024320015800,2024,320015800,2,4,0,7,7,2,5,0,0,3,0,0,0,0,3,1,-1,-1,1,22,5,125,1,1,HONDA WW125,4,E01026016,0,2
2024010544840,2024,010544840,1,3,0,18,19,1,5,9,9,8,0,0,0,0,1,1,6,6,1,29,6,125,1,7,HONDA WW125,3,E01001833,0,1
2024201439239,2024,201439239,1,3,0,-1,19,2,6,-1,0,4,0,0,0,0,1,1,-1,6,1,16,4,125,1,5,HONDA WW125,4,E01029820,0,4
2024010543021,2024,010543021,2,3,9,99,99,9,9,99,99,0,9,99,0,0,9,1,6,6,3,-1,-1,125,1,5,HONDA WW125,-1,-1,0,-1
2024061426228,2024,061426228,2,3,0,-1,19,-1,-1,-1,0,8,9,0,0,0,1,1,-1,6,1,-1,-1,125,1,7,HONDA WW125,1,E01005947,0,1
2024451458525,2024,451458525,2,3,0,-1,2,1,3,-1,0,0,5,0,0,0,1,1,-1,6,1,21,5,125,1,2,HONDA WW125,-1,-1,0,-1
2024010550539,2024,010550539,2,3,0,18,19,1,5,0,0,4,0,0,0,0,1,1,6,6,1,36,7,125,1,4,HONDA WW125,6,E01004492,0,2
2024430116380,2024,430116380,1,2,0,4,4,4,8,0,0,0,0,0,0,0,4,1,1,1,1,27,6,125,1,8,HONDA WW125,6,E01016204,0,1
2024010523465,2024,010523465,2,4,0,7,7,5,7,0,0,1,0,0,1,0,3,1,6,6,1,44,7,125,1,5,HONDA WW125,2,E01000087,0,1
2024010503920,2024,010503920,1,3,0,99,99,9,9,99,99,9,9,99,9,99,1,1,1,1,1,41,7,125,1,2,HONDA WW125,2,E01001487,0,1
2024010508544,2024,010508544,1,3,0,18,19,5,1,0,0,8,0,0,0,0,4,1,6,6,1,24,5,125,1,6,HONDA WW125,2,E01000008,0,1
2024010535615,2024,010535615,2,3,0,4,4,7,3,0,0,8,1,0,0,0,4,1,2,2,1,46,8,125,1,4,HONDA WW125,2,E01001958,0,1
2024010504110,2024,010504110,1,3,0,18,19,6,2,0,0,1,0,0,0,0,4,1,6,6,1,51,8,125,1,9,HONDA WW125,-1,-1,0,-1
2024010548283,2024,010548283,2,3,0,13,13,1,5,0,0,8,1,0,0,0,4,1,6,6,1,66,10,125,1,11,HONDA WW125,7,E01002424,0,1
2024430162304,2024,430162304,2,4,0,18,19,6,2,0,0,8,0,0,0,0,1,1,6,6,1,32,6,125,1,2,HONDA WW125,4,E01016710,0,1
2024010499685,2024,010499685,1,3,0,99,99,9,9,99,99,9,9,99,9,99,9,1,2,2,1,34,6,125,1,2,HONDA WW125,2,E01001485,0,3
2024451515770,2024,451515770,2,3,0,-1,9,1,5,-1,0,1,0,0,0,0,1,1,-1,1,1,39,7,125,1,2,HONDA WW125,4,E01030793,0,1
2024010503382,2024,010503382,1,3,0,99,99,9,9,99,99,9,9,99,9,99,9,1,1,1,1,23,5,125,1,3,HONDA WW125,6,E01003130,0,4
2024010500706,2024,010500706,1,3,0,3,3,9,9,99,99,9,9,99,9,99,2,1,6,6,1,27,6,125,1,1,HONDA WW125,4,E01000478,0,3
2024522402610,2024,522402610,1,3,0,18,19,8,4,0,0,8,0,0,0,0,1,1,6,6,1,30,6,125,1,6,HONDA WW125,2,E01014486,0,1
2024010520628,2024,010520628,1,3,0,18,19,6,2,0,0,1,0,0,0,0,1,1,6,6,1,24,5,125,1,0,HONDA WW125,3,E01001188,0,2
2024010543872,2024,010543872,1,3,0,5,5,3,7,0,0,1,0,0,0,0,4,1,1,1,1,28,6,125,1,0,HONDA WW125,1,E01001178,0,2
2024010525345,2024,010525345,1,3,0,18,19,1,5,0,0,1,0,0,0,0,1,1,6,6,1,30,6,125,1,5,HONDA WW125,8,E01004609,0,1
2024010541655,2024,010541655,2,3,0,18,19,7,3,0,0,1,0,0,0,0,0,1,1,1,1,29,6,125,1,2,HONDA WW125,3,E01003519,0,1
2024311519358,2024,311519358,2,3,0,-1,5,6,6,-1,0,0,5,0,0,0,3,1,-1,6,1,51,8,125,1,2,HONDA WW125,-1,-1,0,-1
2024522401625,2024,522401625,1,3,0,18,19,9,9,0,0,8,0,0,0,0,9,1,6,6,1,42,7,125,1,1,HONDA WW125,5,E01014675,0,1
2024010535463,2024,010535463,1,3,0,99,99,9,9,99,99,9,9,99,9,99,1,1,1,1,1,35,6,125,1,1,HONDA WW125,4,E01000312,0,1
2024540966124,2024,540966124,2,3,0,16,19,2,6,0,0,3,0,0,0,0,3,1,1,1,1,43,7,125,1,1,HONDA WW125,5,E01015479,0,1
2024501522347,2024,501522347,2,4,0,-1,8,1,2,-1,0,8,5,0,0,0,4,1,-1,6,1,32,6,125,1,6,HONDA WW125,4,E01020022,0,1
2024430320786,2024,430320786,3,4,0,18,19,5,1,0,0,2,0,0,0,0,1,1,2,2,1,38,7,125,1,8,HONDA WW125,-1,-1,0,-1
2024010497464,2024,010497464,1,3,0,99,99,9,9,99,99,9,9,99,9,99,2,1,1,1,1,30,6,125,1,4,HONDA WW125,2,E01034476,0,1
2024010502181,2024,010502181,1,4,0,99,99,9,9,99,99,9,9,99,9,99,1,1,2,2,1,25,5,125,1,2,HONDA WW125,3,E01000503,0,1
2024010515883,2024,010515883,2,3,0,5,5,1,5,0,0,2,0,0,0,0,1,1,1,1,1,25,5,125,1,0,HONDA WW125,7,E01002203,0,2
2024010519040,2024,010519040,1,3,0,18,19,1,5,0,0,1,0,0,0,0,1,1,6,6,1,24,5,125,1,4,HONDA WW125,-1,-1,0,-1
2024010501683,2024,010501683,2,2,9,99,99,9,9,99,99,9,9,99,9,99,9,1,6,6,3,-1,-1,125,1,2,HONDA WW125,-1,-1,0,-1
2024010538567,2024,010538567,2,3,0,5,5,5,1,0,0,2,0,0,0,0,1,1,6,6,1,21,5,125,1,1,HONDA WW125,7,E01002985,0,1
2024010504335,2024,010504335,1,3,9,99,99,9,9,99,99,1,9,99,9,99,9,1,6,6,3,25,5,125,1,2,HONDA WW125,1,E01000524,0,2
2024010504390,2024,010504390,1,3,0,99,99,9,9,99,99,9,9,99,9,99,9,1,2,2,3,28,6,125,1,1,HONDA WW125,8,E01000710,0,2
2024010513910,2024,010513910,2,3,0,4,4,1,5,0,0,2,0,0,0,0,2,1,1,1,1,31,6,125,1,1,HONDA WW125,3,E01003567,0,3
2024522402978,2024,522402978,1,3,0,14,14,8,4,0,0,8,0,0,0,0,1,1,6,6,1,17,4,125,1,1,HONDA WW125,4,E01014645,0,1
2024451399940,2024,451399940,1,3,0,-1,19,6,2,-1,0,0,0,0,0,0,4,1,-1,9,1,40,7,125,1,5,HONDA WW125,4,E01030981,0,1
2024010517672,2024,010517672,1,3,0,18,19,1,5,0,0,8,0,4,0,0,4,1,6,6,2,31,6,125,1,1,HONDA WW125,6,E01003411,0,1
2024010546141,2024,010546141,2,3,0,99,99,9,9,99,99,9,9,99,9,99,9,1,6,6,3,-1,-1,125,1,3,HONDA WW125,-1,-1,0,-1
2024010504361,2024,010504361,1,3,9,99,99,9,9,99,99,9,9,99,9,99,9,1,6,6,3,51,8,125,1,2,HONDA WW125,2,E01001426,0,1
2024010540882,2024,010540882,1,3,0,99,99,9,9,99,99,9,9,99,9,99,1,1,6,6,1,25,5,125,1,0,HONDA WW125,3,E01000578,0,1
2024201456103,2024,201456103,2,3,0,-1,19,3,7,-1,0,8,0,0,0,0,4,1,-1,2,1,25,5,125,1,2,HONDA WW125,1,E01009143,0,2
2024010522750,2024,010522750,2,3,0,99,99,9,9,99,99,9,9,99,9,99,2,1,6,6,3,-1,-1,125,1,2,HONDA WW125,-1,-1,0,-1
2024010518981,2024,010518981,1,3,0,9,9,7,4,0,0,8,1,0,0,0,4,1,2,2,1,26,6,125,1,7,HONDA WW125,3,E01000998,0,1
2024010534250,2024,010534250,1,3,0,99,99,9,9,99,99,9,9,99,9,99,1,1,1,1,1,29,6,125,1,0,HONDA WW125,5,E01002184,0,2
2024520500366,2024,520500366,2,3,0,18,19,3,7,0,0,8,0,0,0,0,1,1,6,6,1,29,6,125,1,2,HONDA WW125,5,E01029279,0,2
2024010550836,2024,010550836,1,2,0,99,99,9,9,99,99,9,9,99,9,99,9,1,6,6,1,34,6,125,1,2,HONDA WW125,3,E01034038,0,1
2024010529462,2024,010529462,1,3,0,13,13,5,1,0,0,1,2,0,0,0,1,1,1,1,1,32,6,125,1,1,HONDA WW125,2,E01003558,0,1
2024010511436,2024,010511436,1,3,0,18,19,5,1,0,0,1,2,10,0,0,1,1,6,6,1,31,6,125,1,4,HONDA WW125,6,E01000851,0,1
2024010527321,2024,010527321,1,3,0,18,19,7,3,0,0,8,0,0,0,0,1,1,2,2,1,24,5,125,1,12,HONDA WW125,5,E01003766,0,1
2024010550055,2024,010550055,1,3,0,9,9,7,4,0,0,1,0,0,0,0,3,1,1,1,1,48,8,125,1,12,HONDA WW125,8,E01002898,0,1
2024010508961,2024,010508961,1,3,0,99,99,9,9,99,99,9,9,99,9,99,9,1,6,6,1,20,4,125,1,1,HONDA WW125,3,E01003915,0,3
2024451473333,2024,451473333,1,3,0,-1,99,1,5,-1,99,0,0,0,0,0,2,1,-1,9,1,19,4,125,1,6,HONDA WW125,9,E01031000,0,2
2024430439689,2024,430439689,1,3,0,18,19,5,1,0,0,8,0,0,0,0,4,1,2,2,1,39,7,125,1,0,HONDA WW125,5,E01033838,0,1
2024440269987,2024,440269987,2,3,0,18,19,7,3,0,0,8,0,0,0,0,1,1,2,2,1,24,5,125,1,13,HONDA WW125,10,E01018116,0,5
2024471482430,2024,471482430,1,3,0,-1,3,3,7,-1,0,1,0,0,0,0,0,1,-1,9,1,27,6,125,1,6,HONDA WW125,9,E01031582,0,1
2024010524797,2024,010524797,8,3,0,2,2,0,0,0,0,0,5,0,0,0,3,1,6,6,3,-1,-1,125,1,2,HONDA WW125,-1,-1,0,-1
2024451468557,2024,451468557,2,3,0,-1,19,1,5,-1,0,0,1,0,0,0,1,1,-1,9,1,39,7,125,1,12,HONDA WW125,5,E01003449,0,2
2024010542992,2024,010542992,1,3,3,99,99,9,9,0,0,9,9,99,9,99,9,1,6,6,3,20,4,125,1,10,HONDA WW125,4,E01003146,0,1
2024010519664,2024,010519664,1,3,0,5,5,0,1,0,0,1,0,0,0,0,4,1,1,1,1,33,6,125,1,4,HONDA WW125,2,E01001558,0,1
2024010523497,2024,010523497,1,3,9,99,99,9,9,0,0,0,9,99,9,10,9,1,1,1,1,27,6,125,1,11,HONDA WW125,7,E01002260,0,1
2024430470450,2024,430470450,1,3,0,18,19,6,2,0,0,8,0,0,0,0,4,1,2,2,1,17,4,125,1,2,HONDA WW125,8,E01017836,0,1
2024522401810,2024,522401810,2,3,0,18,19,9,9,0,0,8,0,0,0,0,1,1,6,6,3,-1,-1,125,1,1,HONDA WW125,-1,-1,0,-1
2024010541050,2024,010541050,1,3,0,13,13,8,4,0,0,1,2,0,0,0,1,1,2,2,1,29,6,125,1,6,HONDA WW125,4,E01004378,0,1
2024430122961,2024,430122961,1,3,0,18,19,7,3,0,0,0,0,0,0,0,1,1,1,1,2,43,7,125,1,1,HONDA WW125,4,E01001165,0,4
2024010547652,2024,010547652,1,3,0,14,14,9,9,99,99,1,9,99,9,99,9,1,1,1,3,23,5,125,1,0,HONDA WW125,8,E01000118,0,2
2024430408492,2024,430408492,2,4,0,18,19,1,3,0,0,3,-1,0,0,0,4,1,6,6,2,30,6,125,1,1,HONDA WW125,10,E01016776,0,2
2024010506761,2024,010506761,1,3,0,18,19,5,1,0,0,8,5,0,0,0,0,1,1,1,1,37,7,125,1,9,HONDA WW125,9,E01000156,0,2
2024010505976,2024,010505976,1,3,0,18,19,2,6,0,0,1,0,0,0,0,1,1,6,6,1,22,5,125,1,2,HONDA WW125,5,E01033457,0,2
2024522402110,2024,522402110,2,3,0,18,19,2,6,0,0,8,0,0,0,0,4,1,6,6,1,18,4,125,1,2,HONDA WW125,10,E01014615,0,1
2024522402729,2024,522402729,1,3,0,12,12,4,7,0,0,4,0,0,0,0,3,1,6,6,1,37,7,125,1,8,HONDA WW125,3,E01014601,0,1
2024421427750,2024,421427750,2,3,0,-1,4,5,1,-1,0,0,0,0,0,0,2,1,-1,6,1,33,6,125,1,7,HONDA WW125,8,E01021791,0,1
2024010503615,2024,010503615,1,3,0,13,13,5,1,0,0,8,0,10,0,0,3,1,6,6,1,28,6,125,1,5,HONDA WW125,-1,-1,0,-1
2024522500118,2024,522500118,2,3,0,15,15,7,3,0,0,2,0,0,0,0,1,1,6,6,1,32,6,125,1,3,HONDA WW125,1,E01014589,0,1
2024010518079,2024,010518079,1,3,0,4,4,3,7,0,0,1,0,0,0,0,4,1,6,6,1,24,5,125,1,0,HONDA WW125,-1,-1,0,-1
2024010500857,2024,010500857,2,3,0,18,19,1,5,0,0,8,0,0,0,0,3,1,6,6,1,29,6,125,1,1,HONDA WW125,4,E01000617,0,1
2024010519651,2024,010519651,1,3,0,18,19,7,3,0,0,8,1,10,1,0,3,1,2,2,1,24,5,125,1,3,HONDA WW125,2,E01000075,0,2
2024010524093,2024,010524093,1,3,0,10,10,6,3,0,0,0,1,0,0,0,2,1,6,6,1,43,7,125,1,0,HONDA WW125,3,E01003567,0,1
2024010515710,2024,010515710,1,3,9,18,19,3,7,99,99,0,9,99,9,99,1,1,1,1,1,53,8,125,1,6,HONDA WW125,8,E01030979,0,4
2024522403174,2024,522403174,2,3,0,18,19,8,4,0,0,8,0,0,0,0,1,1,6,6,1,47,8,125,1,0,HONDA WW125,4,E01014946,0,1
2024411482646,2024,411482646,1,3,0,-1,19,1,5,-1,0,1,0,0,0,0,1,1,-1,6,1,25,5,125,1,4,HONDA WW125,4,E01002070,0,3
2024531512148,2024,531512148,1,3,0,-1,14,3,7,-1,0,2,0,0,0,0,1,1,-1,6,1,26,6,125,1,2,HONDA WW125,1,E01022147,0,1
2024461411727,2024,461411727,2,4,0,-1,19,6,2,-1,0,0,1,10,0,0,4,1,-1,6,1,26,6,125,1,1,HONDA WW125,8,E01024203,0,2
2024430402236,2024,430402236,1,2,0,18,19,9,9,0,0,4,0,0,0,0,4,1,2,2,1,33,6,125,1,0,HONDA WW125,-1,-1,0,-1
2024522500162,2024,522500162,1,3,0,4,4,2,6,0,0,0,0,0,0,0,1,1,6,6,1,25,5,125,1,0,HONDA WW125,5,E01032070,0,4
2024010499334,2024,010499334,1,3,0,99,99,9,9,99,99,1,9,99,9,99,9,1,2,2,1,39,7,125,1,8,HONDA WW125,1,E01001425,0,3
2024010497911,2024,010497911,1,3,0,99,99,9,9,99,99,9,9,99,9,99,1,1,6,6,1,38,7,125,1,3,HONDA WW125,5,E01002635,0,1
2024010528129,2024,010528129,2,3,0,99,99,9,9,99,99,9,9,99,9,99,1,1,6,6,1,-1,-1,125,1,3,HONDA WW125,4,E01003150,0,3
2024010514667,2024,010514667,1,3,0,99,99,9,9,99,99,1,9,99,9,99,1,1,6,6,1,30,6,125,1,10,HONDA WW125,6,E01000265,0,2
2024010526696,2024,010526696,1,3,9,99,99,9,9,99,99,9,9,99,9,99,9,1,1,1,1,36,7,125,1,4,HONDA WW125,3,E01000510,0,2
2024461494411,2024,461494411,2,4,0,-1,19,1,1,-1,0,0,0,0,0,0,3,1,-1,9,1,35,6,125,1,13,HONDA WW125,4,E01016143,0,1
2024010536945,2024,010536945,1,3,9,99,99,9,9,99,99,9,9,99,9,99,1,1,1,1,1,33,6,125,1,1,HONDA WW125,5,E01001085,0,1
2024371511136,2024,371511136,1,3,0,-1,19,2,6,-1,0,2,0,0,0,0,1,1,-1,2,2,19,4,125,1,0,HONDA WW125,4,E01030110,0,2
2024371421528,2024,371421528,2,3,0,-1,9,4,1,-1,0,8,0,0,0,0,3,1,-1,9,1,22,5,125,1,9,HONDA WW125,6,E01030186,0,1
2024010517580,2024,010517580,2,3,0,18,19,2,6,0,0,1,2,0,0,0,1,1,6,6,1,23,5,125,1,2,HONDA WW125,2,E01001430,0,1
2024501410882,2024,501410882,2,3,0,-1,19,8,4,-1,0,8,0,0,0,0,1,1,-1,6,1,42,7,125,1,1,HONDA WW125,8,E01018787,0,2