collision_index,collision_year,collision_ref_no,vehicle_reference,vehicle_type,towing_and_articulation,vehicle_manoeuvre_historic,vehicle_manoeuvre,vehicle_direction_from,vehicle_direction_to,vehicle_location_restricted_lane_historic,vehicle_location_restricted_lane,junction_location,skidding_and_overturning,hit_object_in_carriageway,vehicle_leaving_carriageway,hit_object_off_carriageway,first_point_of_impact,vehicle_left_hand_drive,journey_purpose_of_driver_historic,journey_purpose_of_driver,sex_of_driver,age_of_driver,age_band_of_driver,engine_capacity_cc,propulsion_code,age_of_vehicle,generic_make_model,driver_imd_decile,lsoa_of_driver,escooter_flag,driver_distance_banding
2024549399924,2024,549399924,1,9,0,18,19,3,7,0,0,1,0,0,0,0,1,1,6,6,1,43,7,1560,2,6,PEUGEOT 3008,2,E01033845,0,1
2024201472776,2024,201472776,2,9,0,-1,19,6,2,-1,0,0,0,0,0,0,2,1,-1,6,1,71,10,1560,2,8,PEUGEOT 3008,5,E01008951,0,2
2024201448689,2024,201448689,1,9,0,-1,19,8,4,-1,0,0,0,0,0,0,1,1,-1,6,1,57,9,1500,2,2,PEUGEOT 3008,6,E01009657,0,1
2024161418211,2024,161418211,2,9,0,-1,9,1,7,-1,0,0,0,0,0,0,2,1,-1,9,2,51,8,1200,1,5,PEUGEOT 3008,9,E01026401,0,2
2024010537536,2024,010537536,2,9,0,9,9,7,4,0,0,1,0,0,0,0,4,1,6,6,1,34,6,1560,2,7,PEUGEOT 3008,5,E01003666,0,1
2024481503765,2024,481503765,1,9,0,-1,3,5,1,-1,0,1,0,0,0,0,2,1,-1,2,1,30,6,1200,1,3,PEUGEOT 3008,-1,-1,0,-1
2024161491995,2024,161491995,1,9,0,-1,19,3,7,-1,0,0,0,0,0,0,2,1,-1,2,2,45,7,1200,1,5,PEUGEOT 3008,-1,-1,0,-1
2024101451554,2024,101451554,1,9,0,-1,19,7,3,-1,0,3,0,0,0,0,3,1,-1,6,2,54,8,1560,2,12,PEUGEOT 3008,7,E01008364,0,2
2024070471041,2024,070471041,2,9,0,18,19,3,7,0,0,2,5,0,1,11,4,1,6,6,1,79,11,1560,2,11,PEUGEOT 3008,-1,-1,0,-1
2024332401018,2024,332401018,1,9,0,-1,19,5,1,-1,0,8,0,0,0,0,3,1,-1,6,1,31,6,1200,1,9,PEUGEOT 3008,5,E01025667,0,1
202417L103724,2024,17L103724,1,9,0,-1,19,6,2,-1,0,0,0,0,0,0,1,1,-1,9,1,82,11,1199,1,1,PEUGEOT 3008,-1,-1,0,-1
2024052400731,2024,052400731,2,9,0,18,19,7,3,0,0,1,0,0,0,0,1,1,6,6,1,59,9,1560,2,12,PEUGEOT 3008,3,E01006805,0,1
2024141509199,2024,141509199,1,9,0,-1,9,5,3,-1,0,1,0,0,0,0,1,1,-1,9,2,27,6,1560,2,11,PEUGEOT 3008,2,E01007965,0,1
2024041414416,2024,041414416,1,9,0,-1,5,5,1,-1,0,6,0,0,7,0,0,1,-1,9,1,80,11,1560,2,10,PEUGEOT 3008,10,E01025530,0,1
2024421438257,2024,421438257,3,9,0,-1,4,3,7,-1,0,0,0,1,0,0,2,1,-1,9,1,69,10,1200,1,4,PEUGEOT 3008,7,E01021476,0,4
2024622400805,2024,622400805,2,9,0,7,7,2,4,0,0,8,0,0,0,0,1,1,1,1,1,40,7,1500,2,2,PEUGEOT 3008,2,W01000895,0,4
2024231480389,2024,231480389,4,9,0,-1,4,6,2,-1,0,0,0,0,0,0,2,1,-1,9,2,56,9,1199,1,0,PEUGEOT 3008,6,E01026391,0,5
2024991491600,2024,991491600,1,9,0,-1,14,5,1,-1,0,8,5,0,0,0,3,1,-1,8,1,27,6,1500,2,3,PEUGEOT 3008,7,-1,0,1
2024070471922,2024,070471922,2,9,0,18,19,1,7,0,0,8,0,0,0,0,4,1,2,2,1,62,9,1560,2,9,PEUGEOT 3008,2,E01018645,0,1
2024531453389,2024,531453389,2,9,0,-1,2,0,0,-1,0,0,0,0,0,0,4,1,-1,6,-1,-1,-1,1500,2,4,PEUGEOT 3008,-1,-1,0,-1
2024070210666,2024,070210666,2,9,0,18,19,3,3,0,0,0,0,0,0,0,2,1,1,1,1,29,6,1560,2,9,PEUGEOT 3008,2,E01018553,0,1
2024052401438,2024,052401438,1,9,0,7,7,3,7,0,0,1,0,0,0,0,1,1,2,2,1,45,7,1560,2,11,PEUGEOT 3008,2,E01007047,0,1
2024991484576,2024,991484576,1,9,0,-1,1,1,1,-1,9,0,0,0,0,0,2,1,-1,9,1,46,8,1560,2,13,PEUGEOT 3008,-1,-1,0,-1
2024440164735,2024,440164735,1,9,0,18,19,6,2,0,0,1,0,0,0,0,1,1,6,6,1,46,8,1560,2,14,PEUGEOT 3008,4,E01017045,0,1
2024471452940,2024,471452940,1,9,0,-1,19,6,2,-1,0,0,0,0,0,0,1,1,-1,7,2,59,9,1560,2,10,PEUGEOT 3008,4,E01021045,0,2
2024131407770,2024,131407770,1,9,0,-1,19,7,3,-1,0,0,0,0,0,0,3,1,-1,2,1,48,8,1560,2,7,PEUGEOT 3008,3,E01011523,0,1
2024430143418,2024,430143418,1,9,0,5,5,5,1,0,0,2,0,0,0,0,1,1,6,6,1,41,7,1560,2,11,PEUGEOT 3008,5,E01028633,0,1
2024122400708,2024,122400708,2,9,0,8,8,3,5,0,0,1,0,0,0,0,3,1,1,1,1,39,7,1500,2,2,PEUGEOT 3008,9,E01012231,0,4
2024070844553,2024,070844553,1,9,0,-1,19,2,6,-1,0,0,1,0,0,0,3,1,-1,2,2,27,6,1199,8,0,PEUGEOT 3008,-1,-1,0,-1
2024010519455,2024,010519455,1,9,0,99,99,9,9,99,99,0,9,99,9,99,2,9,6,6,2,55,8,1199,1,0,PEUGEOT 3008,6,E01003469,0,1
2024991412580,2024,991412580,2,9,0,-1,19,4,8,-1,0,0,1,0,1,0,1,1,-1,6,1,73,10,1500,2,5,PEUGEOT 3008,3,-1,0,1
2024332400951,2024,332400951,1,9,0,-1,19,7,3,-1,0,3,5,0,0,0,1,1,-1,6,2,33,6,1560,2,9,PEUGEOT 3008,4,E01025894,0,4
202417S303224,2024,17S303224,3,9,0,18,19,2,6,0,0,0,0,0,0,0,0,1,1,1,1,36,7,1499,2,1,PEUGEOT 3008,-1,-1,0,-1
2024440316466,2024,440316466,3,9,0,4,4,2,6,0,0,0,0,0,0,0,2,1,6,6,2,34,6,1200,1,7,PEUGEOT 3008,4,E01021839,0,5
2024122401264,2024,122401264,1,9,0,9,9,3,7,0,0,5,0,0,0,0,1,1,6,6,1,55,8,1500,2,5,PEUGEOT 3008,10,E01011709,0,3
2024141525080,2024,141525080,2,9,0,-1,5,5,1,-1,0,4,0,0,0,0,1,1,-1,2,1,31,6,1560,2,7,PEUGEOT 3008,2,E01007333,0,1
2024061470361,2024,061470361,2,9,-1,-1,-1,-1,-1,-1,-1,0,-1,-1,-1,0,-1,9,-1,6,1,17,4,1500,2,3,PEUGEOT 3008,3,E01005823,0,1
2024201410476,2024,201410476,1,9,0,-1,19,1,5,-1,0,1,0,0,0,0,1,9,-1,2,1,58,9,1500,2,5,PEUGEOT 3008,4,E01009633,0,1
2024361466536,2024,361466536,3,9,0,-1,4,1,5,-1,0,0,0,0,0,0,2,1,-1,2,1,42,7,1560,2,12,PEUGEOT 3008,4,E01030230,0,3
2024340NN2162,2024,340NN2162,1,9,0,-1,19,1,6,-1,0,1,0,0,0,0,1,1,-1,6,3,-1,-1,1200,1,5,PEUGEOT 3008,-1,-1,0,-1
2024522403311,2024,522403311,2,9,0,18,19,5,1,0,0,0,0,4,0,0,2,1,6,6,1,74,10,1560,2,15,PEUGEOT 3008,2,E01014806,0,1
2024010522632,2024,010522632,2,9,0,99,99,9,9,99,99,9,9,99,9,99,9,9,6,6,3,-1,-1,1200,1,7,PEUGEOT 3008,-1,-1,0,-1
2024461471019,2024,461471019,1,9,0,-1,19,3,7,-1,0,8,0,0,0,0,3,9,-1,6,1,69,10,1200,1,3,PEUGEOT 3008,8,E01016095,0,1
2024501532779,2024,501532779,2,9,0,-1,9,3,1,-1,0,5,0,0,0,0,1,1,-1,6,1,82,11,1560,2,13,PEUGEOT 3008,4,E01018856,0,1
2024320328052,2024,320328052,2,9,0,-1,-1,4,8,0,0,1,0,0,0,0,1,1,-1,-1,1,32,6,1499,2,1,PEUGEOT 3008,1,E01026308,0,1
2024991430843,2024,991430843,1,9,0,-1,19,1,5,-1,0,1,0,0,0,0,1,1,-1,6,2,42,7,1560,2,11,PEUGEOT 3008,-1,-1,0,-1
2024010501439,2024,010501439,1,9,0,99,99,9,9,99,99,9,9,99,9,99,2,9,6,6,2,46,8,1200,1,4,PEUGEOT 3008,5,E01023537,0,1
2024461408166,2024,461408166,1,9,0,-1,19,6,2,-1,0,0,0,0,0,0,3,9,-1,6,1,68,10,1560,2,12,PEUGEOT 3008,1,E01024240,0,1
2024371451836,2024,371451836,1,9,0,-1,-1,-1,-1,-1,0,8,0,0,0,0,-1,9,-1,6,1,43,7,1560,2,11,PEUGEOT 3008,4,E01033048,0,1
2024340NN2632,2024,340NN2632,1,9,0,-1,19,5,1,-1,0,1,0,0,0,0,1,1,-1,9,2,49,8,1560,2,9,PEUGEOT 3008,3,E01026983,0,3
2024401442632,2024,401442632,1,9,0,-1,19,5,5,-1,0,3,0,0,0,0,1,9,-1,6,2,-1,-1,1560,2,7,PEUGEOT 3008,-1,-1,0,-1
2024101422519,2024,101422519,1,9,0,-1,19,7,3,-1,9,8,0,0,3,11,1,1,-1,9,1,72,10,1560,2,8,PEUGEOT 3008,1,E01008392,0,1
2024430301588,2024,430301588,2,9,0,18,19,6,2,0,0,3,0,0,0,0,4,1,2,2,1,50,8,1500,2,5,PEUGEOT 3008,10,E01027121,0,4
2024141410778,2024,141410778,1,9,0,-1,19,7,3,-1,0,1,0,0,0,0,3,1,-1,6,1,71,10,1560,2,9,PEUGEOT 3008,7,E01019802,0,2
2024361475743,2024,361475743,1,9,0,-1,19,7,3,-1,0,0,0,0,0,0,3,1,-1,9,2,67,10,1560,2,12,PEUGEOT 3008,6,E01025652,0,5
2024131476641,2024,131476641,1,9,0,-1,19,1,5,-1,0,2,0,0,0,0,4,1,-1,9,2,41,7,1500,2,2,PEUGEOT 3008,1,E01010826,0,1
2024501476094,2024,501476094,1,9,0,-1,5,6,3,-1,9,0,0,0,0,0,3,1,-1,6,2,53,8,1997,2,10,PEUGEOT 3008,7,E01020214,0,2
2024052401548,2024,052401548,1,9,0,18,19,7,3,0,0,0,0,0,0,0,3,1,6,6,1,65,9,1560,2,9,PEUGEOT 3008,6,E01007247,0,1
2024231535925,2024,231535925,1,9,0,-1,19,4,8,-1,0,0,0,0,7,11,1,1,-1,2,1,42,7,1997,-1,12,PEUGEOT 3008,3,E01031172,0,1
2024320247505,2024,320247505,1,9,0,9,9,8,7,0,0,8,0,0,0,0,4,1,-1,-1,2,40,7,1500,2,5,PEUGEOT 3008,4,E01026416,0,2
2024161397609,2024,161397609,1,9,0,-1,4,1,5,-1,0,1,0,0,0,0,2,1,-1,9,1,27,6,1200,1,4,PEUGEOT 3008,10,E01013012,0,1
2024991478565,2024,991478565,3,9,0,-1,2,0,0,-1,0,0,0,0,0,0,1,9,-1,6,-1,-1,-1,1500,2,6,PEUGEOT 3008,-1,-1,0,-1
2024101472964,2024,101472964,2,9,0,-1,1,1,5,-1,0,8,0,0,0,0,3,1,-1,6,2,60,9,1560,2,12,PEUGEOT 3008,5,E01027524,0,1
2024501417594,2024,501417594,1,9,-1,-1,5,-1,-1,-1,0,1,0,0,0,0,1,9,-1,6,1,76,11,1199,1,1,PEUGEOT 3008,8,E01015104,0,1
2024610040824,2024,610040824,4,9,0,2,2,0,0,0,0,0,0,0,0,0,4,1,6,6,3,-1,-1,1997,2,7,PEUGEOT 3008,-1,-1,0,-1
2024421406086,2024,421406086,1,9,0,-1,11,5,7,-1,0,1,0,0,0,0,1,1,-1,9,1,39,7,1560,2,12,PEUGEOT 3008,2,E01021327,0,1
2024221452687,2024,221452687,2,9,0,-1,19,8,4,-1,0,8,0,0,0,0,1,1,-1,9,1,87,11,1500,2,2,PEUGEOT 3008,8,E01032207,0,2
2024430124455,2024,430124455,1,9,0,18,19,8,4,0,0,1,0,0,0,0,4,1,6,6,2,45,7,1560,2,6,PEUGEOT 3008,7,E01016317,0,2
2024201509547,2024,201509547,2,9,0,-1,5,4,8,-1,0,1,0,0,0,0,1,1,-1,2,1,33,6,1560,2,13,PEUGEOT 3008,2,E01009890,0,1
2024010502746,2024,010502746,2,9,9,99,99,9,9,99,99,9,9,99,9,99,9,9,6,6,3,-1,-1,1560,2,8,PEUGEOT 3008,-1,-1,0,-1
2024371507657,2024,371507657,4,9,0,-1,19,5,1,-1,0,0,0,0,0,0,2,1,-1,1,2,31,6,1560,2,6,PEUGEOT 3008,9,E01030191,0,4
2024101405971,2024,101405971,3,9,0,-1,4,1,6,-1,0,0,0,0,0,0,2,1,-1,6,2,43,7,1560,2,10,PEUGEOT 3008,-1,-1,0,-1
2024311525790,2024,311525790,1,9,0,-1,19,8,5,-1,0,0,0,0,0,0,1,1,-1,6,1,36,7,1500,2,5,PEUGEOT 3008,-1,-1,0,-1
2024041478988,2024,041478988,1,9,0,-1,9,3,1,-1,0,8,0,0,0,0,1,1,-1,2,1,56,9,1500,2,6,PEUGEOT 3008,4,E01025572,0,1
2024440359723,2024,440359723,2,9,0,12,12,4,6,0,0,7,0,0,0,0,2,1,6,6,3,-1,-1,1560,2,9,PEUGEOT 3008,-1,-1,0,-1
2024070891326,2024,070891326,1,9,0,-1,19,8,4,-1,0,2,0,0,0,11,1,1,-1,9,1,77,11,1560,2,10,PEUGEOT 3008,1,E01014358,0,2
2024552401402,2024,552401402,2,9,0,2,2,0,0,0,0,0,0,0,0,0,4,1,6,6,2,46,8,1560,2,7,PEUGEOT 3008,4,E01020488,0,1
2024010499429,2024,010499429,2,9,0,99,99,9,9,99,99,5,9,99,9,99,1,9,6,6,3,-1,-1,1200,1,6,PEUGEOT 3008,-1,-1,0,-1
2024440454026,2024,440454026,6,9,0,4,4,2,6,0,0,0,0,0,0,0,1,1,1,1,1,65,9,1598,8,1,PEUGEOT 3008,-1,-1,0,-1
2024211400322,2024,211400322,2,9,0,-1,4,1,5,-1,0,0,0,0,0,0,2,1,-1,9,1,66,10,1560,2,9,PEUGEOT 3008,7,E01029622,0,4
2024351479236,2024,351479236,1,9,-1,-1,-1,-1,-1,-1,-1,0,-1,-1,-1,0,-1,9,-1,6,2,33,6,1500,2,5,PEUGEOT 3008,5,E01031159,0,5
2024131434033,2024,131434033,2,9,0,-1,9,5,1,-1,0,8,0,0,0,0,1,1,-1,6,-1,34,6,1560,2,14,PEUGEOT 3008,-1,-1,0,-1
2024041511786,2024,041511786,1,9,0,-1,4,3,7,-1,0,0,0,0,0,0,4,1,-1,6,3,-1,-1,1499,2,1,PEUGEOT 3008,-1,-1,0,-1
2024501463519,2024,501463519,2,9,9,-1,7,3,5,-1,9,1,9,99,0,0,4,1,-1,6,1,77,11,1500,2,5,PEUGEOT 3008,6,E01019061,0,2
2024061409341,2024,061409341,1,9,0,-1,-1,-1,-1,-1,-1,0,-1,-1,-1,0,1,1,-1,6,1,-1,-1,1560,2,14,PEUGEOT 3008,-1,-1,0,-1
2024421437197,2024,421437197,1,9,0,-1,19,2,5,-1,0,0,0,0,0,0,1,1,-1,9,-1,18,4,1560,2,13,PEUGEOT 3008,-1,-1,0,-1
2024501414830,2024,501414830,5,9,0,-1,3,8,3,-1,0,0,0,0,0,0,1,1,-1,6,2,54,8,1500,2,5,PEUGEOT 3008,3,E01034172,0,3
2024010530516,2024,010530516,2,9,0,4,4,4,8,0,0,0,0,0,0,0,2,1,2,2,2,39,7,1200,1,4,PEUGEOT 3008,8,E01000281,0,1
2024131430614,2024,131430614,1,9,0,-1,19,1,1,-1,0,8,0,0,0,0,1,1,-1,6,2,32,6,1560,2,14,PEUGEOT 3008,3,E01010599,0,1
2024361535026,2024,361535026,1,9,0,-1,19,3,7,-1,0,0,5,0,1,0,1,1,-1,9,1,72,10,1997,-1,12,PEUGEOT 3008,6,E01026608,0,1
2024461432435,2024,461432435,1,9,0,-1,19,7,3,-1,0,0,0,4,0,0,1,1,-1,9,1,59,9,1499,2,1,PEUGEOT 3008,2,E01024585,0,1
2024340NN4492,2024,340NN4492,2,9,0,-1,19,5,1,-1,0,0,0,0,0,0,1,1,-1,6,1,38,7,1560,2,6,PEUGEOT 3008,10,E01010166,0,4
2024041480478,2024,041480478,3,9,0,-1,2,0,0,-1,0,2,0,0,0,0,1,2,-1,6,-1,-1,-1,1500,2,6,PEUGEOT 3008,-1,-1,0,-1
2024061461463,2024,061461463,2,9,-1,-1,-1,-1,-1,-1,-1,0,-1,-1,-1,0,-1,9,-1,6,3,-1,-1,1560,2,13,PEUGEOT 3008,-1,-1,0,-1
2024201509333,2024,201509333,2,9,0,-1,10,4,1,-1,0,1,0,0,0,0,1,1,-1,6,1,29,6,1560,2,6,PEUGEOT 3008,1,E01034310,0,1
2024991488858,2024,991488858,1,9,0,-1,9,2,7,-1,0,6,0,0,0,0,1,1,-1,2,1,40,7,1560,2,13,PEUGEOT 3008,3,-1,0,1
2024430513602,2024,430513602,1,9,0,16,19,7,2,0,0,8,5,10,7,11,1,1,6,6,2,73,10,-1,3,0,PEUGEOT 3008,5,E01002667,0,4
2024141466009,2024,141466009,1,9,0,-1,14,7,3,-1,0,0,0,7,0,0,1,2,-1,9,1,79,11,1560,2,13,PEUGEOT 3008,1,E01007719,0,1
2024302401783,2024,302401783,1,9,0,-1,19,4,7,-1,0,0,0,0,8,4,1,1,-1,9,2,56,9,1499,2,2,PEUGEOT 3008,6,E01019598,0,3
2024471501042,2024,471501042,1,9,0,-1,19,5,1,-1,0,0,0,4,0,0,4,1,-1,9,2,78,11,1560,2,13,PEUGEOT 3008,9,E01031353,0,1
2024010497507,2024,010497507,2,9,0,99,99,9,9,99,99,6,9,99,9,99,9,9,6,6,3,-1,-1,1598,1,9,PEUGEOT 3008,-1,-1,0,-1
2024430579627,2024,430579627,2,9,0,18,19,6,2,0,0,0,0,0,0,0,2,1,6,6,2,47,8,1598,1,6,PEUGEOT 3008,-1,-1,0,-1
2024991460164,2024,991460164,2,9,0,-1,19,6,4,-1,0,0,0,0,0,0,4,1,-1,9,1,63,9,1200,1,5,PEUGEOT 3008,10,-1,0,1
2024340WN5672,2024,340WN5672,1,9,0,-1,19,1,5,-1,0,0,0,0,0,0,1,1,-1,9,1,39,7,1560,2,8,PEUGEOT 3008,3,E01027171,0,2
2024302401218,2024,302401218,1,9,0,18,19,7,3,0,0,1,0,0,0,0,4,1,6,6,1,-1,-1,1500,2,2,PEUGEOT 3008,5,E01019456,0,3
2024010541437,2024,010541437,4,9,0,18,19,3,7,0,0,2,0,0,0,0,4,1,6,6,1,49,8,1598,1,12,PEUGEOT 3008,3,E01003286,0,1
2024031497967,2024,031497967,1,9,0,-1,19,8,3,-1,0,0,0,11,0,0,1,1,-1,9,1,32,6,1200,1,7,PEUGEOT 3008,3,E01019221,0,1
2024430428744,2024,430428744,1,9,0,1,1,6,2,0,0,6,0,0,0,0,3,1,6,6,3,-1,-1,1200,1,5,PEUGEOT 3008,-1,-1,0,-1
2024451536125,2024,451536125,2,9,0,-1,19,2,6,-1,0,0,0,0,0,0,1,1,-1,2,1,43,7,1560,2,13,PEUGEOT 3008,3,E01030914,0,3
2024052401472,2024,052401472,2,9,0,18,19,6,2,0,0,1,0,0,0,0,1,1,6,6,1,54,8,1560,2,9,PEUGEOT 3008,1,E01033768,0,1
2024371406191,2024,371406191,1,9,0,-1,19,3,3,-1,0,4,0,0,0,0,3,1,-1,9,2,54,8,1560,2,14,PEUGEOT 3008,2,E01029971,0,1
2024141423818,2024,141423818,1,9,0,-1,4,2,5,-1,0,2,0,0,0,0,1,1,-1,1,1,39,7,1500,2,3,PEUGEOT 3008,7,E01007700,0,2
2024161529459,2024,161529459,1,9,0,-1,3,6,2,-1,0,0,0,0,0,0,2,1,-1,9,1,67,10,1200,1,4,PEUGEOT 3008,5,E01012904,0,4
2024461492138,2024,461492138,2,9,0,-1,7,1,2,-1,0,8,0,0,0,0,3,2,-1,9,2,38,7,1598,1,6,PEUGEOT 3008,5,E01024231,0,1
2024010550045,2024,010550045,4,9,0,18,19,3,7,0,0,1,0,0,0,0,1,1,6,6,1,49,8,1199,1,1,PEUGEOT 3008,-1,-1,0,-1
2024531483130,2024,531483130,1,9,0,-1,19,4,8,-1,0,0,0,0,0,0,1,1,-1,9,1,38,7,1560,2,10,PEUGEOT 3008,5,E01021562,0,5
2024052402654,2024,052402654,1,9,0,5,5,7,3,0,0,0,0,0,0,0,1,1,3,7,3,-1,-1,1200,1,3,PEUGEOT 3008,-1,-1,0,-1
2024010534825,2024,010534825,2,9,9,99,99,9,9,99,99,0,9,99,9,99,1,9,6,6,3,-1,-1,1200,1,5,PEUGEOT 3008,3,E01015923,0,1
2024221534679,2024,221534679,1,9,0,-1,19,3,7,-1,0,8,0,0,0,0,4,1,-1,1,2,42,7,1560,2,13,PEUGEOT 3008,7,E01032274,0,1
2024461397368,2024,461397368,2,9,0,-1,2,0,0,-1,0,0,0,10,0,0,3,9,-1,6,-1,-1,-1,1500,2,6,PEUGEOT 3008,-1,-1,0,-1
2024122400363,2024,122400363,2,9,0,18,19,7,3,0,0,0,0,0,0,0,1,1,6,6,2,59,9,1560,2,8,PEUGEOT 3008,7,E01027673,0,4
2024461428535,2024,461428535,2,9,0,-1,19,4,8,-1,0,0,0,0,0,0,4,1,-1,2,1,22,5,1200,1,3,PEUGEOT 3008,1,E01016904,0,4
2024111425323,2024,111425323,1,9,0,-1,19,6,2,-1,0,2,0,0,0,0,1,1,-1,6,1,70,10,1560,2,6,PEUGEOT 3008,9,E01020817,0,2
2024061537716,2024,061537716,2,9,0,-1,19,7,3,-1,0,5,0,0,1,11,1,1,-1,9,1,21,5,1560,2,12,PEUGEOT 3008,-1,-1,0,-1
2024201444158,2024,201444158,3,9,0,-1,2,0,0,-1,0,0,0,0,0,0,4,1,-1,9,1,72,10,1560,2,13,PEUGEOT 3008,2,E01010313,0,1
2024010551451,2024,010551451,2,9,0,99,99,9,9,99,99,6,9,99,9,99,2,9,6,6,3,-1,-1,1200,1,4,PEUGEOT 3008,3,E01001111,0,1
2024201491972,2024,201491972,2,9,0,-1,5,2,6,-1,0,0,0,0,0,0,3,1,-1,6,2,51,8,1200,1,5,PEUGEOT 3008,5,E01009749,0,1
2024070167171,2024,070167171,1,9,0,18,19,3,7,0,0,1,0,0,0,0,1,1,6,6,1,77,11,1560,2,13,PEUGEOT 3008,10,E01018468,0,1
2024041509849,2024,041509849,1,9,0,-1,19,7,3,-1,0,2,0,0,0,0,1,1,-1,6,2,28,6,1598,8,0,PEUGEOT 3008,3,E01024926,0,1
2024061455490,2024,061455490,2,9,0,-1,13,-1,-1,-1,0,0,0,0,0,0,4,1,-1,6,3,-1,-1,1200,1,5,PEUGEOT 3008,-1,-1,0,-1
2024010542708,2024,010542708,1,9,0,18,19,3,7,0,0,4,0,0,0,0,3,1,1,1,2,22,5,1200,1,3,PEUGEOT 3008,10,E01031134,0,5
2024501488613,2024,501488613,2,9,0,-1,3,8,4,-1,0,2,0,0,0,0,2,1,-1,9,2,35,6,1560,2,14,PEUGEOT 3008,4,E01015236,0,1
2024302400614,2024,302400614,1,9,0,18,19,1,5,0,0,8,0,0,0,0,3,1,6,6,2,52,8,1997,2,9,PEUGEOT 3008,5,E01019813,0,1
202460Q061388,2024,60Q061388,1,9,0,13,13,2,6,0,0,0,0,0,0,0,2,1,6,6,1,59,9,1560,2,8,PEUGEOT 3008,-1,-1,0,-1
2024991415963,2024,991415963,1,9,0,-1,9,6,4,-1,0,8,0,0,1,11,1,1,-1,9,2,44,7,1500,2,5,PEUGEOT 3008,5,-1,0,1
2024101443609,2024,101443609,1,9,0,-1,14,2,6,-1,0,8,0,0,0,0,1,1,-1,6,2,30,6,1560,2,12,PEUGEOT 3008,7,E01008638,0,1
2024131486146,2024,131486146,2,9,0,-1,19,5,1,-1,0,8,0,0,0,0,1,1,-1,9,1,37,7,1600,8,2,PEUGEOT 3008,9,E01011456,0,3
2024421471857,2024,421471857,1,9,0,-1,19,7,3,-1,0,0,2,9,3,10,1,1,-1,6,2,24,5,1200,1,7,PEUGEOT 3008,6,E01021275,0,1
2024421533182,2024,421533182,1,9,0,-1,19,6,8,-1,0,2,0,0,0,0,1,1,-1,6,1,42,7,1560,2,12,PEUGEOT 3008,-1,-1,0,-1
2024122400341,2024,122400341,1,9,0,18,19,6,5,0,0,1,0,0,0,0,0,1,6,6,1,60,9,1560,2,11,PEUGEOT 3008,5,E01027608,0,1
2024332401063,2024,332401063,1,9,0,-1,19,5,1,-1,0,8,0,0,0,0,3,1,-1,7,2,40,7,1200,1,5,PEUGEOT 3008,9,E01025758,0,2
2024991413063,2024,991413063,3,9,0,-1,19,1,5,-1,0,0,1,0,4,6,4,1,-1,1,1,48,8,1500,2,4,PEUGEOT 3008,8,-1,0,4
2024141396544,2024,141396544,2,9,0,-1,9,5,2,-1,0,1,0,0,0,0,1,1,-1,9,2,50,8,1200,1,4,PEUGEOT 3008,9,E01007432,0,1
2024501487294,2024,501487294,1,9,0,-1,19,2,6,-1,0,0,0,0,0,0,1,9,-1,6,1,23,5,1560,2,6,PEUGEOT 3008,4,E01020000,0,1
2024041497737,2024,041497737,2,9,0,-1,19,1,5,-1,0,1,1,0,1,0,1,1,-1,9,1,28,6,1200,1,5,PEUGEOT 3008,4,E01025190,0,1
202417M204924,2024,17M204924,2,9,0,18,19,8,4,0,0,8,0,0,0,0,4,1,6,6,1,45,7,1560,2,13,PEUGEOT 3008,4,E01008844,0,4
2024411550846,2024,411550846,1,9,0,-1,9,7,5,-1,0,0,0,0,0,0,1,1,-1,6,2,29,6,1200,1,7,PEUGEOT 3008,10,E01023354,0,1
2024311538008,2024,311538008,1,9,0,-1,5,4,5,-1,0,2,0,0,0,0,1,2,-1,6,1,73,10,1500,2,5,PEUGEOT 3008,3,E01013843,0,1
2024010514370,2024,010514370,2,9,0,2,2,0,0,0,0,1,0,0,0,0,1,1,6,6,3,-1,-1,1560,2,9,PEUGEOT 3008,-1,-1,0,-1
2024061402291,2024,061402291,1,9,0,-1,19,5,1,-1,0,0,0,0,0,0,1,1,-1,6,1,70,10,1560,2,6,PEUGEOT 3008,2,E01005279,0,1
2024052400821,2024,052400821,2,9,0,18,19,6,3,0,0,8,0,0,0,0,3,1,2,2,2,41,7,1500,2,3,PEUGEOT 3008,1,E01033763,0,1
2024430539420,2024,430539420,1,9,0,7,7,6,8,0,0,5,0,0,0,0,4,1,6,6,1,76,11,1598,1,5,PEUGEOT 3008,9,E01007926,0,5
2024211397354,2024,211397354,2,9,0,-1,19,5,1,-1,0,1,0,0,0,0,1,9,-1,6,1,32,6,1997,2,6,PEUGEOT 3008,6,E01019862,0,1
2024201433966,2024,201433966,1,9,0,-1,19,4,8,-1,0,0,0,4,0,0,1,9,-1,9,2,51,8,1560,2,13,PEUGEOT 3008,3,E01009857,0,1
2024361451082,2024,361451082,1,9,0,-1,19,4,6,-1,0,0,0,0,0,0,4,9,-1,6,1,29,6,1499,2,1,PEUGEOT 3008,9,E01026513,0,3
2024520402181,2024,520402181,1,9,0,18,19,7,3,0,0,0,5,0,0,0,1,1,6,6,2,30,6,1598,8,2,PEUGEOT 3008,6,E01019935,0,3
2024231401098,2024,231401098,2,9,0,-1,3,5,1,-1,0,0,0,0,0,0,2,1,-1,6,1,73,10,1560,2,12,PEUGEOT 3008,8,E01031236,0,3
2024440537525,2024,440537525,1,9,0,9,9,2,6,0,0,8,0,0,0,0,4,1,2,2,2,41,7,1560,2,9,PEUGEOT 3008,8,E01022623,0,3
2024010543271,2024,010543271,1,9,0,99,99,9,9,99,99,0,9,99,9,99,3,9,2,2,2,56,9,1560,2,6,PEUGEOT 3008,2,E01000060,0,1