collision_index,collision_year,collision_ref_no,vehicle_reference,vehicle_type,towing_and_articulation,vehicle_manoeuvre_historic,vehicle_manoeuvre,vehicle_direction_from,vehicle_direction_to,vehicle_location_restricted_lane_historic,vehicle_location_restricted_lane,junction_location,skidding_and_overturning,hit_object_in_carriageway,vehicle_leaving_carriageway,hit_object_off_carriageway,first_point_of_impact,vehicle_left_hand_drive,journey_purpose_of_driver_historic,journey_purpose_of_driver,sex_of_driver,age_of_driver,age_band_of_driver,engine_capacity_cc,propulsion_code,age_of_vehicle,generic_make_model,driver_imd_decile,lsoa_of_driver,escooter_flag,driver_distance_banding
2024501501090,2024,501501090,1,9,0,-1,19,1,5,-1,0,2,0,0,8,11,1,1,-1,6,1,-1,-1,1560,2,14,PEUGEOT 3008,-1,-1,0,-1
2024421406237,2024,421406237,1,9,0,-1,19,8,4,-1,0,0,2,0,1,0,4,1,-1,9,1,58,9,1500,2,5,PEUGEOT 3008,4,E01021862,0,1
2024320520273,2024,320520273,1,9,0,-1,-1,6,2,0,0,0,0,0,0,0,1,1,-1,-1,2,48,8,1560,2,13,PEUGEOT 3008,1,E01009993,0,5
2024211516874,2024,211516874,1,9,0,-1,10,5,2,-1,0,1,0,0,0,0,2,1,-1,6,1,42,7,1560,2,10,PEUGEOT 3008,1,E01009517,0,4
2024010507821,2024,010507821,1,9,0,1,1,6,2,0,0,0,0,0,0,0,2,1,6,6,1,38,7,1200,1,5,PEUGEOT 3008,3,E01003819,0,1
2024141400145,2024,141400145,1,9,0,-1,19,7,3,-1,0,1,0,0,0,0,3,9,-1,6,1,47,8,1997,2,14,PEUGEOT 3008,1,E01007592,0,1
2024131503247,2024,131503247,1,9,0,-1,9,5,3,-1,0,1,0,0,0,0,4,1,-1,6,1,39,7,1199,1,1,PEUGEOT 3008,1,E01033693,0,1
2024451477995,2024,451477995,2,9,0,-1,-1,-1,-1,-1,-1,1,-1,-1,-1,0,-1,9,-1,6,3,45,7,1560,2,12,PEUGEOT 3008,3,E01002610,0,2
2024461538378,2024,461538378,1,9,0,-1,19,1,5,-1,0,0,0,0,0,0,3,9,-1,6,2,57,9,1200,1,4,PEUGEOT 3008,7,E01026153,0,5
2024111516351,2024,111516351,1,9,0,-1,19,8,4,-1,0,0,0,0,0,0,4,1,-1,1,2,28,6,1560,2,7,PEUGEOT 3008,2,E01020648,0,3
2024010511000,2024,010511000,2,9,0,7,7,7,2,0,0,4,0,0,0,0,1,1,6,6,2,39,7,1499,2,1,PEUGEOT 3008,4,E01034470,0,1
2024471467344,2024,471467344,1,9,0,-1,19,7,3,-1,0,0,0,0,0,0,1,1,-1,2,1,34,6,1560,2,13,PEUGEOT 3008,4,E01017131,0,4
2024010548035,2024,010548035,1,9,0,4,4,3,7,0,0,0,0,0,0,0,0,1,2,2,1,37,7,-1,3,0,PEUGEOT 3008,4,E01001171,0,1
2024041411671,2024,041411671,2,9,0,-1,19,5,1,-1,0,1,0,0,0,0,1,1,-1,1,2,43,7,1560,2,9,PEUGEOT 3008,5,E01012645,0,1
2024471398301,2024,471398301,1,9,0,-1,19,1,5,-1,0,0,0,0,1,10,4,1,-1,6,1,84,11,1560,2,10,PEUGEOT 3008,7,E01031527,0,1
2024461422237,2024,461422237,2,9,0,-1,9,2,6,-1,0,1,0,4,1,0,3,1,-1,6,1,48,8,1997,2,14,PEUGEOT 3008,5,E01024516,0,1
2024991486643,2024,991486643,1,9,0,-1,11,6,2,-1,0,0,0,0,0,0,0,1,-1,9,2,56,9,1200,1,2,PEUGEOT 3008,6,-1,0,1
2024340WN0432,2024,340WN0432,2,9,0,-1,19,5,1,-1,0,0,1,0,5,6,2,1,-1,9,1,69,10,1560,2,11,PEUGEOT 3008,3,E01018534,0,5
2024221519141,2024,221519141,1,9,0,-1,19,6,2,-1,0,0,0,4,1,11,1,1,-1,9,2,37,7,1560,2,11,PEUGEOT 3008,10,E01014102,0,1
2024201434177,2024,201434177,1,9,0,-1,19,6,6,-1,0,0,0,0,0,0,1,1,-1,6,1,45,7,1560,2,12,PEUGEOT 3008,-1,-1,0,-1
2024302401250,2024,302401250,1,9,0,18,19,4,8,0,0,8,0,0,0,0,1,1,6,6,1,38,7,1560,2,11,PEUGEOT 3008,6,E01013506,0,1
2024461575126,2024,461575126,1,9,0,-1,9,7,5,-1,0,4,0,0,0,0,4,1,-1,9,2,49,8,-1,3,0,PEUGEOT 3008,7,E01024407,0,1
2024471487981,2024,471487981,1,9,0,-1,9,3,1,-1,0,8,0,0,0,0,1,1,-1,9,1,34,6,1200,1,7,PEUGEOT 3008,2,E01017011,0,1
2024031507196,2024,031507196,1,9,5,-1,19,5,4,-1,-1,4,0,0,0,0,1,1,-1,9,1,76,11,1199,8,0,PEUGEOT 3008,7,E01024978,0,5
2024122500020,2024,122500020,1,9,0,18,19,7,3,0,0,0,1,0,0,0,3,1,6,6,1,82,11,1560,2,8,PEUGEOT 3008,7,E01027921,0,4
2024351558355,2024,351558355,2,9,0,-1,19,1,5,-1,0,1,0,0,0,0,1,1,-1,6,2,22,5,1560,2,7,PEUGEOT 3008,3,E01013618,0,4
2024041399618,2024,041399618,2,9,0,-1,19,1,5,-1,0,8,0,0,0,0,3,1,-1,9,1,37,7,1200,1,4,PEUGEOT 3008,8,E01034347,0,1
2024041534713,2024,041534713,1,9,0,-1,19,7,3,-1,0,8,0,0,0,0,1,1,-1,9,1,56,9,-1,3,0,PEUGEOT 3008,8,E01025233,0,2
2024161481381,2024,161481381,1,9,0,-1,19,3,7,-1,0,1,0,0,0,0,9,9,-1,6,1,73,10,1560,2,9,PEUGEOT 3008,6,E01013072,0,2
2024522402858,2024,522402858,2,9,0,9,9,5,3,0,0,6,0,0,0,0,1,1,6,6,2,47,8,1560,2,12,PEUGEOT 3008,6,E01031926,0,3
2024991411565,2024,991411565,2,9,0,-1,19,6,1,-1,0,0,0,0,0,0,2,1,-1,6,2,45,7,1199,8,1,PEUGEOT 3008,7,-1,0,4
2024320345091,2024,320345091,1,9,0,7,7,3,6,0,0,6,0,0,0,0,1,1,6,6,1,26,6,1560,2,13,PEUGEOT 3008,-1,-1,0,-1
2024991533604,2024,991533604,1,9,0,-1,19,2,5,-1,0,0,0,0,7,2,1,1,-1,6,2,28,6,-1,3,0,PEUGEOT 3008,1,-1,0,1
2024991543142,2024,991543142,1,9,0,-1,19,6,3,-1,0,0,1,0,0,0,4,1,-1,9,1,34,6,1560,2,11,PEUGEOT 3008,-1,-1,0,-1
2024440295792,2024,440295792,1,9,0,4,4,8,4,0,0,0,0,0,0,0,2,1,2,2,1,53,8,1997,2,13,PEUGEOT 3008,7,E01022566,0,1
2024161444839,2024,161444839,1,9,0,-1,12,2,4,-1,0,0,0,0,0,0,1,1,-1,6,1,76,11,1560,2,10,PEUGEOT 3008,4,E01013082,0,4
2024991480929,2024,991480929,2,9,0,-1,9,1,5,-1,0,0,0,0,0,0,2,1,-1,6,2,63,9,1560,2,6,PEUGEOT 3008,-1,-1,0,-1
2024332401188,2024,332401188,1,9,0,-1,9,1,7,-1,0,6,0,0,0,0,4,1,-1,6,1,45,7,1560,2,9,PEUGEOT 3008,3,E01015527,0,5
2024371497986,2024,371497986,1,9,0,-1,19,1,5,-1,0,0,0,0,0,0,3,1,-1,6,2,53,8,1560,2,12,PEUGEOT 3008,8,E01029885,0,1
2024401538205,2024,401538205,2,9,0,-1,-1,-1,-1,-1,-1,0,-1,-1,-1,0,-1,9,-1,2,2,35,6,1199,1,0,PEUGEOT 3008,6,E01035563,0,4
2024320441197,2024,320441197,1,9,0,-1,-1,8,4,0,0,8,0,0,0,0,1,1,6,6,2,66,10,1560,2,9,PEUGEOT 3008,4,E01026016,0,1
2024211516874,2024,211516874,3,9,0,-1,19,8,3,-1,0,1,1,0,1,0,3,1,-1,6,1,77,11,1500,2,5,PEUGEOT 3008,7,E01029655,0,1
2024061521349,2024,061521349,3,9,0,-1,2,0,0,-1,9,0,0,0,0,0,3,1,-1,6,2,33,6,1500,2,5,PEUGEOT 3008,-1,-1,0,-1
2024211505168,2024,211505168,2,9,0,-1,4,3,1,-1,0,0,1,0,0,0,1,9,-1,6,2,53,8,1560,2,11,PEUGEOT 3008,2,E01014359,0,1
2024451510876,2024,451510876,2,9,0,-1,19,1,5,-1,0,0,0,0,0,0,2,1,-1,9,2,38,7,1560,2,14,PEUGEOT 3008,4,E01031605,0,3
2024552400973,2024,552400973,1,9,0,18,19,2,6,0,0,0,0,0,0,0,3,1,6,6,3,-1,-1,1560,2,11,PEUGEOT 3008,-1,-1,0,-1
2024141424081,2024,141424081,2,9,0,-1,2,0,0,-1,0,0,0,0,0,0,2,1,-1,6,-1,-1,-1,1560,2,7,PEUGEOT 3008,-1,-1,0,-1
2024050715057,2024,050715057,1,9,0,-1,-1,3,7,-1,-1,7,0,0,0,0,1,1,-1,-1,1,45,7,1200,1,6,PEUGEOT 3008,7,E01006814,0,2
2024361467784,2024,361467784,1,9,0,-1,20,4,8,-1,0,0,0,4,0,0,1,1,-1,9,2,64,9,1560,2,13,PEUGEOT 3008,3,E01026736,0,1
2024311472545,2024,311472545,1,9,0,-1,19,3,7,-1,0,2,0,4,0,0,1,1,-1,6,1,35,6,1560,2,9,PEUGEOT 3008,1,E01027951,0,4
2024221476114,2024,221476114,1,9,0,-1,19,1,5,-1,0,0,0,0,0,0,1,1,-1,9,2,33,6,1560,2,13,PEUGEOT 3008,6,E01034965,0,5
2024052402386,2024,052402386,2,9,0,2,2,0,0,0,0,0,0,0,0,0,2,1,6,6,3,-1,-1,1200,1,3,PEUGEOT 3008,-1,-1,0,-1
2024311399212,2024,311399212,2,9,0,-1,12,7,4,-1,0,0,0,0,8,0,2,9,-1,9,1,48,8,1560,2,13,PEUGEOT 3008,1,E01013841,0,3
2024320742086,2024,320742086,1,9,0,-1,-1,8,4,0,0,0,1,0,7,9,1,1,6,6,1,44,7,1560,2,14,PEUGEOT 3008,2,E01026382,0,3
2024201492062,2024,201492062,3,9,0,-1,2,0,0,-1,0,2,0,0,0,0,3,9,-1,6,-1,-1,-1,1560,2,11,PEUGEOT 3008,-1,-1,0,-1
2024010547031,2024,010547031,2,9,0,18,19,3,7,0,0,1,0,0,0,0,0,1,6,6,1,58,9,1200,1,3,PEUGEOT 3008,4,E01002250,0,1
2024101448328,2024,101448328,2,9,0,-1,3,6,2,-1,0,8,0,0,0,0,3,1,-1,6,2,35,6,1560,2,10,PEUGEOT 3008,3,E01008286,0,1
2024361532369,2024,361532369,1,9,0,-1,19,3,7,-1,0,0,0,0,0,0,4,1,-1,9,2,46,8,1560,2,12,PEUGEOT 3008,2,E01026791,0,1
2024010503075,2024,010503075,1,9,0,4,4,8,4,0,0,0,0,0,0,0,2,1,6,6,1,74,10,1200,1,5,PEUGEOT 3008,6,E01021448,0,3
2024161421273,2024,161421273,2,9,0,-1,2,0,0,-1,0,0,0,0,0,0,2,1,-1,6,-1,-1,-1,1500,2,3,PEUGEOT 3008,-1,-1,0,-1
2024161409603,2024,161409603,4,9,0,-1,19,8,4,-1,0,0,0,0,0,0,1,9,-1,6,2,54,8,1560,2,9,PEUGEOT 3008,10,E01013275,0,1
2024501445129,2024,501445129,2,9,0,-1,19,6,2,-1,0,8,0,0,0,0,3,9,-1,6,1,70,10,1560,2,10,PEUGEOT 3008,4,E01015258,0,1
2024010531650,2024,010531650,3,9,0,3,3,1,5,0,0,0,0,0,0,0,0,1,6,6,3,-1,-1,1600,8,4,PEUGEOT 3008,-1,-1,0,-1
2024311411728,2024,311411728,2,9,0,-1,19,6,2,-1,0,0,0,0,0,0,2,1,-1,6,2,25,5,1560,2,12,PEUGEOT 3008,-1,-1,0,-1
2024520402451,2024,520402451,1,9,0,9,9,3,8,0,0,8,0,0,0,0,3,1,6,6,2,35,6,1200,1,4,PEUGEOT 3008,8,E01032672,0,4
2024371566750,2024,371566750,1,9,0,-1,9,3,1,-1,0,2,0,0,0,0,0,1,-1,6,2,79,11,1560,2,11,PEUGEOT 3008,1,E01030256,0,1
2024010548486,2024,010548486,2,9,0,99,99,9,9,99,99,9,9,99,9,99,1,9,6,6,1,25,5,1598,1,6,PEUGEOT 3008,3,E01003349,0,1
2024461532532,2024,461532532,3,9,0,-1,10,8,4,-1,0,1,0,0,0,0,1,1,-1,2,1,48,8,1200,1,7,PEUGEOT 3008,7,E01024635,0,1
2024421495571,2024,421495571,1,9,-1,-1,5,-1,-1,-1,0,2,0,0,0,0,-1,9,-1,6,1,71,10,1997,2,6,PEUGEOT 3008,9,E01021527,0,3
2024052401313,2024,052401313,1,9,0,18,19,7,3,0,0,0,0,4,7,3,1,1,6,6,1,61,9,1560,2,10,PEUGEOT 3008,1,E01007257,0,1
2024991412383,2024,991412383,2,9,0,-1,5,1,5,-1,0,8,0,0,0,0,1,1,-1,2,1,63,9,1499,2,2,PEUGEOT 3008,5,-1,0,1
2024010549520,2024,010549520,3,9,0,3,3,3,7,0,0,1,0,0,0,0,2,1,2,2,2,62,9,1199,8,0,PEUGEOT 3008,6,E01021472,0,2
2024052402349,2024,052402349,1,9,0,18,19,7,3,0,0,0,0,0,0,0,3,1,6,6,1,28,6,1598,8,1,PEUGEOT 3008,4,E01035382,0,3
2024061533051,2024,061533051,1,9,0,-1,9,3,8,-1,0,8,0,0,0,0,1,1,-1,2,1,52,8,1200,1,5,PEUGEOT 3008,1,E01006324,0,3
2024302400687,2024,302400687,4,9,0,18,19,1,6,0,0,0,0,0,0,0,1,1,1,1,1,-1,-1,1499,2,1,PEUGEOT 3008,7,E01019716,0,1
2024131419928,2024,131419928,4,9,0,-1,2,0,0,-1,0,2,0,0,0,0,3,1,-1,6,-1,-1,-1,1560,2,14,PEUGEOT 3008,-1,-1,0,-1
2024610024424,2024,610024424,1,9,0,7,7,7,8,0,0,2,0,0,1,11,1,1,3,7,2,41,7,1600,8,2,PEUGEOT 3008,3,W01001577,0,1
2024531469868,2024,531469868,1,9,0,-1,19,3,7,-1,0,0,0,0,0,0,1,2,-1,9,1,32,6,1500,2,4,PEUGEOT 3008,8,E01022335,0,1
2024211482441,2024,211482441,1,9,0,-1,19,5,1,-1,0,2,5,0,1,0,3,1,-1,9,1,65,9,1200,1,6,PEUGEOT 3008,-1,-1,0,-1
2024311408429,2024,311408429,2,9,0,-1,10,5,3,-1,0,4,0,0,0,0,2,1,-1,6,2,34,6,1560,2,14,PEUGEOT 3008,3,E01028014,0,2
2024461487865,2024,461487865,2,9,0,-1,2,0,0,-1,0,0,0,0,0,0,2,9,-1,6,2,35,6,1200,1,5,PEUGEOT 3008,8,E01024343,0,3
2024631518151,2024,631518151,3,9,0,-1,4,6,2,-1,0,0,0,0,0,0,3,1,-1,2,2,22,5,1590,1,29,MAKE AND MODEL REDACTED,6,W01000475,0,3
2024451513113,2024,451513113,1,9,0,-1,19,6,8,-1,0,0,0,0,0,0,1,1,-1,1,1,48,8,1120,1,25,MAKE AND MODEL REDACTED,3,E01023122,0,1
2024531493871,2024,531493871,2,9,0,-1,4,8,4,-1,0,0,0,0,0,0,2,9,-1,6,1,76,11,1396,1,31,MAKE AND MODEL REDACTED,3,E01022256,0,1
2024010538210,2024,010538210,1,3,0,18,19,7,3,0,0,2,0,0,0,0,1,1,2,2,1,58,9,125,1,0,MAKE AND MODEL REDACTED,4,E01002645,0,1
2024501501375,2024,501501375,1,3,0,-1,19,5,1,-1,0,0,1,0,0,0,1,1,-1,2,1,19,4,125,1,0,MAKE AND MODEL REDACTED,5,E01018904,0,3
2024010499266,2024,010499266,2,3,0,99,99,9,9,99,99,9,9,99,9,99,0,1,6,6,2,40,7,125,1,0,MAKE AND MODEL REDACTED,1,E01002758,0,1
2024231533912,2024,231533912,2,3,0,-1,19,7,3,-1,0,8,1,0,0,0,0,1,-1,9,1,18,4,125,1,0,MAKE AND MODEL REDACTED,5,E01031078,0,1
2024451479566,2024,451479566,1,3,0,-1,7,4,8,-1,0,1,0,0,0,0,4,1,-1,2,2,50,8,125,1,0,MAKE AND MODEL REDACTED,7,E01030864,0,2
2024010531124,2024,010531124,1,3,0,99,99,9,9,99,99,9,9,99,9,99,9,1,6,6,2,40,7,125,1,0,MAKE AND MODEL REDACTED,1,E01002758,0,2
2024461413200,2024,461413200,1,11,0,-1,7,1,7,-1,0,0,0,0,0,0,0,9,-1,1,3,-1,-1,9186,2,10,MAKE AND MODEL REDACTED,-1,-1,0,-1
2024461432000,2024,461432000,1,11,0,-1,4,6,6,-1,0,1,0,0,0,0,1,1,-1,9,1,52,8,9186,2,10,MAKE AND MODEL REDACTED,6,E01034999,0,4
2024010528287,2024,010528287,2,2,0,9,9,1,7,0,0,8,5,0,0,0,1,1,6,6,1,21,5,-1,3,1,VMOTO CPA,3,E01003248,0,1
2024201534441,2024,201534441,2,23,0,-1,19,4,8,-1,0,8,0,0,0,0,3,1,-1,6,1,25,5,-1,3,0,VMOTO CPA,3,E01033623,0,1
2024010518762,2024,010518762,2,3,0,18,19,6,2,0,0,8,0,0,0,0,3,1,6,6,1,47,8,-1,3,0,VMOTO CPA,2,E01000012,0,1
2024010544626,2024,010544626,1,23,0,99,99,9,9,99,99,9,9,99,9,99,2,9,6,6,1,27,6,-1,3,3,VMOTO CPA,4,E01002647,0,3
2024010539747,2024,010539747,1,2,0,18,19,5,1,0,0,1,1,0,0,0,1,1,1,1,1,25,5,-1,3,2,VMOTO CPA,6,E01004078,0,1
2024010501510,2024,010501510,1,23,9,99,99,9,9,0,0,0,9,0,0,0,0,1,1,1,1,28,6,-1,3,2,VMOTO CPA,2,E01003963,0,1
2024010551254,2024,010551254,1,23,0,3,3,7,3,0,0,4,0,0,0,0,4,1,6,6,1,23,5,-1,3,3,VMOTO CPA,4,E01000612,0,2
2024010524093,2024,010524093,2,3,0,13,13,7,3,0,0,0,0,4,0,0,1,1,6,6,1,28,6,-1,3,2,VMOTO CPA,3,E01004445,0,2
2024010519789,2024,010519789,1,2,0,5,5,7,3,0,0,0,0,11,0,0,3,1,6,6,1,21,5,-1,3,2,VMOTO CPA,-1,-1,0,-1
2024010529792,2024,010529792,2,3,0,3,3,1,5,0,0,1,0,0,0,0,1,1,1,1,1,30,6,-1,3,3,VMOTO CPA,4,E01001174,0,1
2024010550034,2024,010550034,1,23,0,99,99,9,9,99,99,9,9,99,9,99,0,1,1,1,1,52,8,-1,3,1,VMOTO CPA,3,E01003599,0,1
2024010518058,2024,010518058,2,3,3,17,19,1,5,0,0,1,0,0,0,0,1,1,6,6,1,18,4,-1,3,2,VMOTO CPA,6,E01001527,0,1
2024010529947,2024,010529947,1,3,0,99,99,9,9,99,99,9,9,99,9,99,9,1,1,1,1,28,6,-1,3,2,VMOTO CPA,2,E01001181,0,1
2024010546693,2024,010546693,1,4,0,18,19,7,3,0,0,6,5,0,0,0,1,1,1,1,1,26,6,-1,3,2,VMOTO CPA,4,E01003043,0,1
2024010520212,2024,010520212,1,23,0,99,99,9,9,99,99,9,9,99,9,99,9,1,1,1,1,41,7,-1,3,0,VMOTO CPA,4,E01004355,0,1
2024010520176,2024,010520176,2,2,0,4,4,3,7,0,0,2,0,0,0,0,2,1,1,1,1,21,5,-1,3,3,VMOTO CPA,5,E01003494,0,1
2024010540966,2024,010540966,1,3,5,3,3,7,3,0,0,1,5,10,0,0,2,1,2,2,1,22,5,-1,3,3,VMOTO CPA,3,E01003525,0,1
2024010521469,2024,010521469,1,3,0,3,3,7,3,0,0,2,0,0,0,0,2,1,6,6,1,25,5,-1,3,2,VMOTO CPA,4,E01003043,0,1
2024010529212,2024,010529212,1,23,0,99,99,9,9,99,99,4,9,99,9,99,9,1,1,1,1,35,6,-1,3,1,VMOTO CPA,4,E01003209,0,1
2024010541758,2024,010541758,2,3,0,18,19,1,5,0,0,1,0,0,0,0,1,1,6,6,1,33,6,-1,3,3,VMOTO CPA,3,E01003132,0,1
2024010513583,2024,010513583,1,3,0,12,12,4,8,0,0,1,0,0,0,0,1,1,1,1,1,21,5,-1,3,2,VMOTO CPA,2,E01032565,0,1
2024010543229,2024,010543229,2,23,9,99,99,9,9,99,99,9,9,99,9,99,9,1,1,1,1,34,6,-1,3,3,VMOTO CPA,-1,-1,0,-1
2024010528470,2024,010528470,1,23,0,10,10,5,4,0,0,1,0,0,0,0,2,1,1,1,1,26,6,-1,3,0,VMOTO CPA,6,E01003368,0,1
2024010497723,2024,010497723,1,23,0,99,99,9,9,99,99,9,9,99,9,99,2,1,1,1,1,24,5,-1,3,3,VMOTO CPA,6,E01004151,0,4
2024010534054,2024,010534054,1,23,0,99,99,9,9,99,99,9,9,99,9,99,1,1,1,1,1,25,5,-1,3,0,VMOTO CPA,5,E01000820,0,1
2024010530210,2024,010530210,1,3,0,4,4,5,1,0,0,0,0,0,0,0,1,1,2,2,1,35,6,-1,3,0,VMOTO CPA,4,E01004326,0,3
2024010526212,2024,010526212,1,23,0,99,99,9,9,99,99,9,9,99,9,99,1,1,1,1,1,22,5,-1,3,3,VMOTO CPA,3,E01004404,0,2
2024010523945,2024,010523945,1,4,0,18,19,1,5,0,0,1,0,10,0,0,0,1,6,6,1,26,6,-1,3,3,VMOTO CPA,9,E01000356,0,1
2024010527594,2024,010527594,2,3,0,18,19,5,1,0,0,2,1,0,0,0,1,1,6,6,1,22,5,-1,3,2,VMOTO CPA,4,E01001354,0,2
2024010550870,2024,010550870,2,3,0,4,4,1,5,0,0,2,0,0,0,0,2,1,6,6,1,24,5,-1,3,0,VMOTO CPA,-1,-1,0,-1
2024010538055,2024,010538055,2,3,0,11,11,3,7,0,0,0,0,0,0,0,1,1,6,6,1,28,6,-1,3,3,VMOTO CPA,2,E01001574,0,1
2024010529620,2024,010529620,2,23,0,99,99,9,9,99,99,9,9,99,9,99,4,1,6,6,2,24,5,-1,3,0,VMOTO CPA,3,E01000578,0,1
2024010542115,2024,010542115,1,4,0,3,3,5,1,0,0,1,0,8,0,0,4,1,6,6,1,31,6,-1,3,0,VMOTO CPA,3,E01000548,0,1
2024440119469,2024,440119469,1,23,0,3,3,8,4,0,0,1,0,0,0,0,2,1,2,2,1,24,5,-1,3,3,VMOTO CPA,1,E01017040,0,2
2024010547956,2024,010547956,2,3,0,14,14,5,1,0,0,8,0,0,0,0,4,1,2,2,1,24,5,-1,3,1,VMOTO CPA,4,E01000634,0,1
2024010538804,2024,010538804,1,3,0,9,9,3,1,0,0,6,0,0,0,0,1,1,1,1,1,24,5,-1,3,0,VMOTO CPA,2,E01001001,0,1
2024010508590,2024,010508590,1,4,0,9,9,5,3,0,0,1,0,0,0,0,3,1,1,1,1,27,6,-1,3,3,VMOTO CPA,4,E01004708,0,1
2024010545131,2024,010545131,1,23,0,99,99,9,9,99,99,9,9,99,9,99,9,1,1,1,3,33,6,-1,3,3,VMOTO CPA,2,E01001432,0,1
2024010505895,2024,010505895,2,3,0,7,7,1,4,9,9,1,0,0,1,1,1,1,6,6,1,18,4,-1,3,1,VMOTO CPA,3,E01001809,0,1
2024010542035,2024,010542035,1,23,0,18,19,7,3,0,0,1,0,0,0,0,1,1,1,1,1,25,5,-1,3,0,VMOTO CPA,6,E01001091,0,1
2024010521576,2024,010521576,3,2,0,14,14,5,1,0,0,1,0,0,0,0,1,1,6,6,1,30,6,-1,3,2,VMOTO CPA,2,E01001479,0,1
2024010527559,2024,010527559,2,23,0,18,19,7,3,0,0,5,0,0,0,0,3,1,1,1,1,27,6,-1,3,2,VMOTO CPA,3,E01003582,0,1
2024010507655,2024,010507655,2,3,0,5,5,8,4,0,0,6,0,0,0,0,2,1,2,2,1,24,5,-1,3,2,VMOTO CPA,8,E01000991,0,2
2024351516289,2024,351516289,1,4,0,-1,19,7,3,-1,0,0,1,0,0,0,3,1,-1,1,1,61,9,-1,3,2,VMOTO CPA,7,E01034439,0,3
2024010504450,2024,010504450,1,3,0,18,19,3,7,0,0,0,0,0,0,0,1,1,1,1,1,41,7,-1,3,3,VMOTO CPA,3,E01000577,0,3
2024010520805,2024,010520805,2,3,0,99,99,9,9,99,99,9,9,99,9,99,1,1,1,1,3,46,8,-1,3,2,VMOTO CPA,2,E01034190,0,1
2024010511175,2024,010511175,2,3,0,18,19,5,1,0,0,8,5,0,0,0,1,1,1,1,1,23,5,-1,3,2,VMOTO CPA,2,E01001958,0,1
2024320379137,2024,320379137,2,3,0,7,7,6,8,0,0,1,0,0,0,0,2,1,1,1,1,18,4,-1,3,0,VMOTO CPA,8,E01032991,0,2
2024010516129,2024,010516129,1,23,0,18,19,3,7,0,0,2,0,0,0,0,1,1,1,1,2,40,7,-1,3,2,VMOTO CPA,7,E01000438,0,1
2024010548389,2024,010548389,2,3,0,99,99,9,9,99,99,9,9,99,9,99,0,1,6,6,3,-1,-1,-1,3,2,VMOTO CPA,3,E01034141,0,4
2024010517661,2024,010517661,2,3,0,15,15,5,1,0,0,1,5,0,0,0,1,1,1,1,1,38,7,-1,3,0,VMOTO CPA,6,E01000921,0,1
2024010508883,2024,010508883,1,23,0,18,19,5,1,0,0,1,1,4,0,0,1,1,6,6,1,18,4,-1,3,0,VMOTO CPA,6,E01000795,0,3
2024010551703,2024,010551703,1,2,0,5,5,5,1,0,0,2,0,0,0,0,2,1,1,1,1,24,5,-1,3,3,VMOTO CPA,3,E01033324,0,1
2024010542900,2024,010542900,3,4,0,18,19,5,1,0,0,8,0,0,0,0,2,1,6,6,1,38,7,-1,3,2,VMOTO CPA,2,E01004420,0,1
2024010524131,2024,010524131,1,3,0,99,99,9,9,99,99,9,9,99,9,99,2,1,2,2,1,23,5,-1,3,1,VMOTO CPA,7,E01001600,0,1
2024010553542,2024,010553542,1,23,0,99,99,9,9,99,99,9,9,99,9,99,9,1,1,1,1,44,7,-1,3,3,VMOTO CPA,5,E01002140,0,1
2024010524082,2024,010524082,1,2,0,4,4,1,5,0,0,1,0,0,0,0,2,1,1,1,1,35,6,-1,3,0,VMOTO CPA,2,E01001257,0,2
2024010497560,2024,010497560,2,3,0,18,19,4,8,0,0,8,0,0,0,0,1,1,6,6,1,24,5,-1,3,2,VMOTO CPA,6,E01002614,0,1
2024010536225,2024,010536225,1,3,0,18,19,1,5,0,0,0,0,0,0,0,4,1,1,1,1,24,5,-1,3,3,VMOTO CPA,4,E01000490,0,1
2024430514360,2024,430514360,1,3,0,18,19,5,1,0,0,8,0,0,0,0,3,1,1,1,1,24,5,-1,3,4,VMOTO CPA,4,E01035252,0,1
2024010500298,2024,010500298,1,3,0,9,9,1,7,0,0,2,0,0,0,0,4,1,1,1,1,27,6,-1,3,3,VMOTO CPA,2,E01033603,0,1
2024010550400,2024,010550400,1,2,0,14,14,3,7,0,0,8,0,0,0,0,3,1,1,1,1,32,6,-1,3,3,VMOTO CPA,5,E01003743,0,1
2024010549069,2024,010549069,2,2,0,18,19,3,7,0,0,0,0,0,0,0,3,1,2,2,1,29,6,-1,3,2,VMOTO CPA,5,E01002584,0,1
2024010524777,2024,010524777,2,3,0,18,19,4,8,0,0,1,2,0,1,11,3,1,1,1,1,23,5,-1,3,3,VMOTO CPA,3,E01000977,0,2
2024010548443,2024,010548443,2,23,0,99,99,9,9,99,99,9,9,99,9,99,1,1,6,6,3,-1,-1,-1,3,3,VMOTO CPA,4,E01003090,0,3
2024421452735,2024,421452735,1,4,0,-1,12,2,6,-1,0,0,0,0,0,0,3,1,-1,6,1,62,9,125,1,4,MAKE AND MODEL REDACTED,-1,-1,0,-1
2024201482642,2024,201482642,2,5,0,-1,13,8,4,-1,0,8,0,0,0,0,3,1,-1,9,1,50,8,1298,1,21,YAMAHA FJR,3,E01033623,0,2
2024531485806,2024,531485806,2,5,0,-1,3,3,7,-1,0,0,0,0,0,0,2,1,-1,9,1,50,8,1298,1,23,YAMAHA FJR,7,E01015524,0,3