collision_index,collision_year,collision_ref_no,vehicle_reference,vehicle_type,towing_and_articulation,vehicle_manoeuvre_historic,vehicle_manoeuvre,vehicle_direction_from,vehicle_direction_to,vehicle_location_restricted_lane_historic,vehicle_location_restricted_lane,junction_location,skidding_and_overturning,hit_object_in_carriageway,vehicle_leaving_carriageway,hit_object_off_carriageway,first_point_of_impact,vehicle_left_hand_drive,journey_purpose_of_driver_historic,journey_purpose_of_driver,sex_of_driver,age_of_driver,age_band_of_driver,engine_capacity_cc,propulsion_code,age_of_vehicle,generic_make_model,driver_imd_decile,lsoa_of_driver,escooter_flag,driver_distance_banding
2024622400110,2024,622400110,2,5,0,14,14,5,2,0,0,0,0,0,0,0,1,1,1,1,1,-1,-1,1298,1,4,YAMAHA FJR,9,W01001820,0,1
2024610035124,2024,610035124,1,5,0,16,19,8,2,0,0,7,0,0,0,0,4,1,6,6,1,66,10,1298,1,19,YAMAHA FJR,7,E01029250,0,4
2024631441639,2024,631441639,1,4,0,-1,19,6,2,-1,0,8,0,0,0,0,1,1,-1,6,1,46,8,1298,1,18,YAMAHA FJR,8,W01001949,0,4
2024340WN3962,2024,340WN3962,1,5,0,-1,19,3,7,-1,0,1,1,0,0,0,1,1,-1,6,1,59,9,1298,1,23,YAMAHA FJR,6,E01027030,0,2
2024070493499,2024,070493499,2,5,0,13,13,6,6,0,0,6,1,0,0,0,3,1,2,2,1,72,10,1298,1,22,YAMAHA FJR,4,E01018712,0,2
2024201461855,2024,201461855,2,5,0,-1,13,3,7,-1,0,0,0,0,0,0,2,1,-1,9,1,63,9,1298,1,9,YAMAHA FJR,2,E01010321,0,1
2024041529365,2024,041529365,2,5,0,-1,5,1,5,-1,0,1,0,0,0,0,2,1,-1,9,1,68,10,1298,1,6,YAMAHA FJR,4,E01012693,0,1
2024411512547,2024,411512547,2,5,0,-1,3,2,6,-1,0,4,0,0,0,0,2,1,-1,6,1,53,8,1298,1,6,YAMAHA FJR,6,E01023863,0,3
2024231479059,2024,231479059,1,5,0,-1,13,2,6,-1,0,8,1,0,0,0,1,1,-1,9,1,63,9,1298,1,8,YAMAHA FJR,10,E01031256,0,2
2024544620524,2024,544620524,1,5,0,9,9,1,7,0,0,1,0,0,7,0,1,1,6,6,1,50,8,1298,1,21,YAMAHA FJR,4,E01031862,0,3
2024430393568,2024,430393568,2,5,0,13,13,2,6,0,0,0,0,0,0,0,4,1,2,2,1,60,9,1298,1,22,YAMAHA FJR,-1,-1,0,-1
2024461523360,2024,461523360,2,5,0,-1,19,5,1,-1,0,6,0,0,0,0,3,1,-1,1,1,62,9,1298,1,9,YAMAHA FJR,6,E01023988,0,2
2024991531939,2024,991531939,2,3,0,-1,4,2,6,-1,0,4,0,0,0,0,2,1,-1,1,1,50,8,124,1,27,MAKE AND MODEL REDACTED,1,-1,0,1
2024471445318,2024,471445318,1,3,0,-1,19,4,8,-1,0,0,1,0,1,0,3,1,-1,9,1,27,6,124,1,22,MAKE AND MODEL REDACTED,4,E01024364,0,4
2024451475713,2024,451475713,1,9,0,-1,1,5,1,-1,9,0,0,0,0,0,2,9,-1,6,1,55,8,5204,1,17,MAKE AND MODEL REDACTED,10,E01030404,0,1
2024543547024,2024,543547024,1,9,0,18,19,8,4,0,0,8,0,0,1,1,4,1,6,6,1,31,6,3993,1,8,MAKE AND MODEL REDACTED,10,E01031966,0,2
2024010524095,2024,010524095,1,9,0,18,19,1,5,0,0,0,0,0,0,0,1,1,6,6,2,57,9,3996,1,1,MAKE AND MODEL REDACTED,8,E01000253,0,1
2024991444869,2024,991444869,1,9,0,-1,19,3,7,-1,0,0,0,0,0,0,4,1,-1,6,1,56,9,3996,1,2,MAKE AND MODEL REDACTED,-1,-1,0,-1
2024061506223,2024,061506223,1,9,0,-1,19,2,6,-1,0,1,0,0,0,0,1,1,-1,9,1,22,5,3996,1,2,MAKE AND MODEL REDACTED,10,E01018590,0,3
2024440231328,2024,440231328,3,9,0,10,10,7,5,0,0,1,0,0,0,0,2,1,6,6,2,22,5,998,1,35,MAKE AND MODEL REDACTED,6,E01022737,0,2
2024010532249,2024,010532249,2,9,0,18,19,3,7,0,0,0,0,0,0,0,1,1,6,6,1,31,6,998,1,41,MAKE AND MODEL REDACTED,4,E01024134,0,4
2024320228766,2024,320228766,1,9,0,4,4,7,3,0,0,0,0,0,0,0,3,1,-1,-1,1,46,8,-1,3,1,BMW IX3,6,E01025874,0,4
2024531441242,2024,531441242,2,9,0,-1,3,2,6,-1,0,0,0,0,0,0,2,1,-1,9,1,56,9,-1,3,2,BMW IX3,8,E01020375,0,5
2024010521562,2024,010521562,2,9,0,99,99,9,9,99,99,9,9,99,9,99,9,9,6,6,2,35,6,-1,3,1,BMW IX3,8,E01002658,0,2
2024361397522,2024,361397522,1,9,0,-1,19,7,3,-1,0,1,0,0,0,0,3,9,-1,2,1,50,8,-1,3,1,BMW IX3,9,E01018209,0,4
2024061431259,2024,061431259,1,9,0,-1,-1,-1,-1,-1,-1,0,-1,-1,-1,0,-1,9,-1,6,3,-1,-1,-1,3,1,BMW IX3,-1,-1,0,-1
2024471476242,2024,471476242,1,9,0,-1,19,1,5,-1,0,1,0,0,0,0,3,1,-1,9,2,60,9,-1,3,1,BMW IX3,10,E01021026,0,1
2024440519786,2024,440519786,1,9,0,18,19,3,7,0,0,2,0,0,0,0,1,1,1,1,1,57,9,-1,3,2,BMW IX3,-1,-1,0,-1
2024010516972,2024,010516972,1,9,0,18,19,3,7,0,0,0,0,0,0,0,4,1,3,7,1,48,8,-1,3,1,BMW IX3,6,E01001288,0,1
2024371498569,2024,371498569,2,9,0,-1,10,5,2,-1,0,1,0,0,0,0,2,1,-1,9,1,32,6,-1,3,3,BMW IX3,8,E01030009,0,1
2024010549301,2024,010549301,1,9,0,18,19,7,3,0,0,8,0,0,0,0,1,1,6,6,1,34,6,-1,3,1,BMW IX3,8,E01000388,0,3
2024221450706,2024,221450706,2,9,0,-1,3,1,5,-1,0,0,1,0,0,0,3,1,-1,6,2,41,7,-1,3,1,BMW IX3,5,E01032340,0,1
2024201456353,2024,201456353,1,9,0,-1,4,7,3,-1,0,1,1,0,0,0,1,9,-1,1,1,43,7,-1,3,3,BMW IX3,6,E01010184,0,2
2024052402734,2024,052402734,2,9,0,9,9,7,5,0,0,8,0,0,0,0,1,1,2,2,2,45,7,-1,3,1,BMW IX3,2,E01007178,0,2
2024010493877,2024,010493877,2,9,0,9,9,6,4,0,0,5,0,0,0,0,3,1,6,6,1,35,6,-1,3,1,BMW IX3,10,E01000896,0,1
2024161476359,2024,161476359,1,9,0,-1,4,7,3,-1,0,0,0,0,0,0,2,1,-1,2,1,34,6,-1,3,0,BMW IX3,10,E01027914,0,4
2024052402627,2024,052402627,3,9,0,4,4,1,5,0,0,0,0,0,0,0,2,1,6,6,1,60,9,-1,3,1,BMW IX3,1,E01006950,0,1
2024421400466,2024,421400466,1,9,0,-1,2,7,1,-1,-1,0,0,7,1,0,1,2,-1,9,2,49,8,-1,3,1,BMW IX3,6,E01021750,0,1
2024320702877,2024,320702877,1,9,0,-1,-1,2,6,0,0,0,1,0,1,9,1,1,6,6,2,35,6,-1,3,1,BMW IX3,9,E01026346,0,3
2024320449877,2024,320449877,1,9,0,13,13,4,8,0,0,8,0,0,1,2,1,1,6,6,1,59,9,-1,3,3,BMW IX3,6,E01020608,0,5
2024141436038,2024,141436038,1,9,0,-1,19,6,3,-1,0,6,0,0,0,0,4,1,-1,2,1,39,7,-1,3,1,BMW IX3,7,E01008140,0,1
2024522401249,2024,522401249,4,9,0,18,19,6,2,0,0,0,0,0,0,0,4,1,6,6,1,49,8,-1,3,2,BMW IX3,8,E01032059,0,3
2024201442433,2024,201442433,1,9,0,-1,19,6,2,-1,0,8,0,0,0,0,1,9,-1,6,1,34,6,-1,3,1,BMW IX3,5,E01009598,0,1
2024430021050,2024,430021050,2,9,0,18,19,6,2,0,0,2,1,0,1,0,1,1,3,7,2,35,6,-1,3,1,BMW IX3,-1,-1,0,-1
2024522403308,2024,522403308,1,9,0,9,9,4,2,0,0,1,0,0,0,0,3,1,6,6,1,54,8,-1,3,1,BMW IX3,10,E01035211,0,3
2024131487764,2024,131487764,1,9,0,-1,19,8,4,-1,0,0,0,0,0,0,2,1,-1,9,2,34,6,-1,3,1,BMW IX3,1,E01011235,0,2
2024131406226,2024,131406226,2,9,0,-1,19,1,5,-1,0,1,0,0,1,4,4,1,-1,9,1,35,6,-1,3,1,BMW IX3,7,E01011635,0,1
2024991409551,2024,991409551,1,9,0,-1,9,1,7,-1,0,6,0,0,0,0,2,1,-1,9,1,66,10,-1,3,2,BMW IX3,10,-1,0,1
2024141397966,2024,141397966,2,9,0,-1,9,7,4,-1,0,0,0,0,0,0,1,9,-1,6,1,-1,-1,-1,3,3,BMW IX3,8,E01007925,0,1
2024010547634,2024,010547634,3,9,0,2,2,0,0,0,0,0,0,0,0,0,0,1,6,6,3,-1,-1,-1,3,0,BMW IX3,-1,-1,0,-1
2024010518163,2024,010518163,2,9,0,99,99,9,9,99,99,9,9,99,9,99,1,9,6,6,1,35,6,-1,3,1,BMW IX3,1,E01001358,0,1
2024540611324,2024,540611324,1,9,0,18,19,8,4,0,0,5,0,0,0,0,4,1,1,1,1,44,7,-1,3,1,BMW IX3,7,E01034789,0,4
2024141475686,2024,141475686,1,9,0,-1,19,3,7,-1,0,0,0,0,0,0,3,1,-1,6,1,27,6,-1,3,3,BMW IX3,5,E01032551,0,1
2024052401502,2024,052401502,2,9,0,18,19,1,5,0,0,4,0,0,0,0,3,1,6,6,1,38,7,-1,3,2,BMW IX3,1,E01006644,0,1
2024221486417,2024,221486417,2,9,0,-1,19,8,4,-1,0,0,0,0,0,0,1,1,-1,6,1,17,4,-1,3,1,BMW IX3,3,E01010105,0,4
2024111468450,2024,111468450,3,9,0,-1,19,7,3,-1,0,0,0,0,0,0,1,1,-1,1,1,39,7,-1,3,1,BMW IX3,2,E01020860,0,3
2024451416550,2024,451416550,2,9,0,-1,5,1,5,-1,0,6,0,0,0,0,1,9,-1,9,1,55,8,-1,3,1,BMW IX3,9,E01031001,0,1
2024451460950,2024,451460950,2,9,9,-1,19,1,4,-1,0,1,0,0,0,0,1,1,-1,6,3,-1,-1,-1,3,2,BMW IX3,-1,-1,0,-1
2024122400811,2024,122400811,1,9,0,1,1,7,3,0,0,0,0,0,0,0,2,1,6,6,2,55,8,-1,3,1,BMW IX3,10,E01011649,0,3
2024101441737,2024,101441737,1,9,0,-1,19,5,8,-1,0,0,0,0,0,0,1,1,-1,6,2,40,7,-1,3,2,BMW IX3,2,E01008481,0,1
2024440302537,2024,440302537,1,9,0,9,9,3,2,0,0,1,0,0,0,0,1,1,6,6,2,43,7,-1,3,3,BMW IX3,7,E01030694,0,4
2024471502950,2024,471502950,1,4,0,-1,19,1,6,-1,0,0,0,0,0,0,1,1,-1,2,1,19,4,583,1,32,MAKE AND MODEL REDACTED,9,E01031622,0,3
2024471413504,2024,471413504,2,9,0,-1,4,5,1,-1,0,0,0,0,0,0,2,1,-1,9,2,36,7,1341,1,23,MAKE AND MODEL REDACTED,8,E01021233,0,1
2024552500034,2024,552500034,1,9,0,18,19,6,2,0,0,0,0,0,0,0,1,1,6,6,3,-1,-1,1341,1,19,MAKE AND MODEL REDACTED,-1,-1,0,-1
2024430209901,2024,430209901,1,9,0,9,9,3,2,0,0,4,0,0,0,0,1,1,6,6,1,17,4,1341,1,21,MAKE AND MODEL REDACTED,8,E01017910,0,1
2024991468594,2024,991468594,3,9,0,-1,8,2,4,-1,0,6,0,0,0,0,3,1,-1,9,2,19,4,1599,1,19,MAKE AND MODEL REDACTED,2,-1,0,1
2024461521452,2024,461521452,1,9,0,-1,5,4,8,-1,0,0,0,0,0,0,1,9,-1,6,1,48,8,1599,1,20,MAKE AND MODEL REDACTED,4,E01024586,0,1
2024520402993,2024,520402993,2,3,0,18,19,2,4,0,0,8,0,0,0,0,1,1,6,6,1,17,4,124,1,15,MAKE AND MODEL REDACTED,6,E01029020,0,3
2024201413519,2024,201413519,2,3,0,-1,15,8,4,-1,0,1,0,0,0,0,1,1,-1,6,1,24,5,124,1,16,MAKE AND MODEL REDACTED,10,E01032140,0,3
2024451477709,2024,451477709,3,9,0,-1,19,7,3,-1,0,0,0,0,0,0,0,1,-1,6,1,43,7,3996,1,2,MAKE AND MODEL REDACTED,4,E01030852,0,1
2024201443192,2024,201443192,1,9,0,-1,19,1,5,-1,0,0,0,0,0,0,3,9,-1,6,3,-1,-1,3996,1,1,MAKE AND MODEL REDACTED,-1,-1,0,-1
2024010532262,2024,010532262,2,9,0,10,10,1,7,0,0,1,0,0,0,0,1,9,6,6,3,-1,-1,3996,1,0,MAKE AND MODEL REDACTED,3,E01023555,0,4
2024010497497,2024,010497497,1,9,0,18,19,4,8,0,0,0,0,4,0,0,1,1,6,6,1,-1,-1,3996,1,5,MAKE AND MODEL REDACTED,-1,-1,0,-1
2024522402336,2024,522402336,2,19,0,18,19,4,8,0,0,1,0,0,0,0,1,1,6,6,3,-1,-1,1900,2,22,MAKE AND MODEL REDACTED,-1,-1,0,-1
2024440407038,2024,440407038,2,9,0,18,19,2,6,0,0,8,0,0,0,0,4,1,1,1,1,23,5,1398,2,18,PEUGEOT 206,2,E01017272,0,1
2024501441408,2024,501441408,1,9,0,-1,19,5,1,-1,0,2,5,0,2,10,1,1,-1,9,2,17,4,1360,1,18,PEUGEOT 206,8,E01020169,0,4
2024471418840,2024,471418840,1,9,0,-1,19,3,8,-1,1,0,2,0,0,0,3,1,-1,9,1,33,6,1587,1,21,PEUGEOT 206,6,E01021130,0,4
2024361419698,2024,361419698,1,9,0,-1,19,0,0,-1,0,0,1,0,0,0,4,1,-1,6,1,17,4,1360,1,18,PEUGEOT 206,5,E01030053,0,2
2024361524211,2024,361524211,1,9,0,-1,9,8,5,-1,0,1,0,0,0,0,1,1,-1,9,2,76,11,1587,1,21,PEUGEOT 206,3,E01026802,0,1
2024549992524,2024,549992524,1,9,0,18,19,1,5,0,0,0,1,4,0,0,4,1,1,1,2,30,6,1398,2,20,PEUGEOT 206,3,E01031975,0,2
2024231460948,2024,231460948,2,9,0,-1,19,6,2,-1,0,8,0,0,0,0,1,1,-1,9,2,60,9,1398,2,18,PEUGEOT 206,8,E01031223,0,4
2024501421251,2024,501421251,1,9,0,-1,19,5,1,-1,0,1,1,0,0,0,1,2,-1,1,2,60,9,1398,2,19,PEUGEOT 206,5,E01020213,0,2
2024461530142,2024,461530142,3,9,0,-1,2,0,0,-1,0,0,0,0,0,0,1,1,-1,6,1,57,9,1997,2,24,PEUGEOT 206,10,E01024107,0,1
2024461513315,2024,461513315,2,9,0,-1,19,7,3,-1,0,0,0,0,0,0,4,9,-1,9,1,34,6,1124,1,20,PEUGEOT 206,10,E01021543,0,4
2024131523520,2024,131523520,1,9,0,-1,19,3,7,-1,0,0,0,0,1,0,1,1,-1,6,2,30,6,1360,1,15,PEUGEOT 206,2,E01011856,0,1
2024201458407,2024,201458407,2,9,0,-1,19,7,3,-1,0,2,0,0,0,0,3,1,-1,6,1,24,5,1360,1,22,PEUGEOT 206,1,E01009000,0,1
2024471436728,2024,471436728,1,9,0,-1,12,2,6,-1,0,2,0,0,0,0,1,1,-1,6,1,29,6,1124,1,22,PEUGEOT 206,7,E01021061,0,3
2024501436469,2024,501436469,1,9,0,-1,19,8,4,-1,0,0,1,11,2,9,4,1,-1,6,1,45,7,1997,2,19,PEUGEOT 206,5,E01020331,0,1
2024031395415,2024,031395415,1,9,0,-1,19,5,8,-1,0,0,5,0,0,0,1,1,-1,9,1,17,4,1124,1,19,PEUGEOT 206,-1,-1,0,-1
2024221505309,2024,221505309,1,9,0,-1,19,1,4,-1,0,8,2,0,7,10,1,1,-1,2,2,40,7,1360,1,23,PEUGEOT 206,-1,-1,0,-1
2024201514177,2024,201514177,2,9,0,-1,19,3,7,-1,0,2,0,0,0,0,3,1,-1,6,1,40,7,1587,1,18,PEUGEOT 206,1,E01009152,0,1
2024361517863,2024,361517863,4,9,0,-1,8,1,3,-1,0,1,0,0,0,0,3,1,-1,9,2,82,11,1587,1,20,PEUGEOT 206,7,E01026524,0,1
2024351490137,2024,351490137,2,9,0,-1,10,8,6,-1,0,1,0,0,0,0,2,1,-1,6,1,19,4,1124,1,19,PEUGEOT 206,8,E01018152,0,2
2024161434981,2024,161434981,1,9,0,-1,19,3,7,-1,0,0,0,0,7,4,4,1,-1,2,1,33,6,1360,1,20,PEUGEOT 206,8,E01013018,0,1
2024501481135,2024,501481135,1,9,0,-1,19,3,7,-1,0,0,0,0,0,0,1,1,-1,9,2,85,11,1360,1,22,PEUGEOT 206,4,E01018988,0,1
202460Q050026,2024,60Q050026,1,9,0,18,19,5,1,0,0,0,0,0,1,4,1,1,6,6,1,18,4,1398,2,19,PEUGEOT 206,-1,-1,0,-1
2024421528821,2024,421528821,1,9,0,-1,19,4,8,-1,0,0,0,0,0,0,4,1,-1,6,2,52,8,1360,1,20,PEUGEOT 206,4,E01022022,0,1
2024461432991,2024,461432991,1,9,0,-1,3,5,1,-1,0,4,0,0,0,0,1,9,-1,6,2,35,6,1587,1,17,PEUGEOT 206,7,E01024232,0,2
2024552400875,2024,552400875,1,9,0,9,9,6,4,0,0,5,0,0,0,0,1,1,6,6,3,-1,-1,1398,2,20,PEUGEOT 206,-1,-1,0,-1
202460Q090841,2024,60Q090841,2,9,0,10,10,6,2,0,0,1,0,0,0,0,2,1,6,6,1,20,4,1360,1,18,PEUGEOT 206,-1,-1,0,-1
2024010525490,2024,010525490,2,9,0,5,5,1,5,0,0,0,0,0,0,0,1,1,3,7,1,44,7,1360,1,23,PEUGEOT 206,2,E01002077,0,1
2024471425549,2024,471425549,2,9,0,-1,9,3,1,-1,0,5,0,0,0,0,3,1,-1,9,2,45,7,1587,1,20,PEUGEOT 206,3,E01031360,0,1
2024332401005,2024,332401005,2,9,0,-1,2,0,0,-1,9,0,0,0,0,0,4,1,-1,6,3,-1,-1,1360,1,20,PEUGEOT 206,-1,-1,0,-1
2024131448545,2024,131448545,1,9,0,-1,9,3,1,-1,0,8,0,0,0,0,1,1,-1,9,1,46,8,1398,2,20,PEUGEOT 206,1,E01011134,0,3
2024451494291,2024,451494291,2,9,0,-1,19,4,8,-1,0,0,0,0,2,0,1,1,-1,9,1,70,10,1360,1,19,PEUGEOT 206,7,E01004077,0,3
2024543025324,2024,543025324,1,9,0,17,19,3,7,0,0,0,2,0,1,0,1,1,1,1,1,29,6,1360,1,18,PEUGEOT 206,6,E01015559,0,4
2024201433757,2024,201433757,1,9,0,-1,19,2,6,-1,0,2,0,0,0,0,1,1,-1,6,3,30,6,1360,1,21,PEUGEOT 206,-1,-1,0,-1
2024522401290,2024,522401290,1,9,0,4,4,3,7,0,0,1,0,0,0,0,2,1,6,6,2,65,9,1360,1,22,PEUGEOT 206,9,E01014738,0,1
2024361517046,2024,361517046,1,9,0,-1,19,5,1,-1,0,0,0,0,0,0,1,1,-1,6,1,26,6,1398,2,20,PEUGEOT 206,1,E01026830,0,1
2024320618679,2024,320618679,1,9,0,9,9,7,6,0,0,6,0,0,0,0,3,1,6,6,2,29,6,1360,1,18,PEUGEOT 206,-1,-1,0,-1
2024471531957,2024,471531957,1,9,0,-1,4,5,1,-1,0,1,0,0,0,0,2,1,-1,6,2,70,10,1997,1,22,PEUGEOT 206,5,E01021047,0,3
2024041443554,2024,041443554,1,9,0,-1,13,5,1,-1,0,1,0,0,0,0,4,1,-1,6,1,62,9,1360,1,17,PEUGEOT 206,6,E01025384,0,1
2024440156966,2024,440156966,2,9,0,5,5,1,5,0,0,0,0,0,0,0,3,1,6,6,2,-1,-1,1360,1,17,PEUGEOT 206,-1,-1,0,-1
2024440351322,2024,440351322,1,9,0,9,9,8,6,0,0,8,0,0,0,0,1,1,6,6,2,64,9,1997,1,19,PEUGEOT 206,2,E01017343,0,1
2024461447341,2024,461447341,1,9,0,-1,19,7,3,-1,0,0,0,0,0,0,1,1,-1,9,2,35,6,1587,1,17,PEUGEOT 206,3,E01001367,0,5
2024421438901,2024,421438901,2,9,0,-1,19,6,2,-1,0,0,0,0,0,0,1,1,-1,6,1,59,9,1360,1,23,PEUGEOT 206,10,E01021386,0,3
2024430599517,2024,430599517,2,9,0,9,9,5,3,0,0,5,0,0,0,0,1,1,6,6,1,28,6,1360,1,18,PEUGEOT 206,3,E01033857,0,1
2024631437253,2024,631437253,1,9,0,-1,19,8,4,-1,0,0,5,0,2,10,4,1,-1,2,1,29,6,1398,2,16,PEUGEOT 206,9,W01000549,0,1
2024041417918,2024,041417918,1,9,0,-1,19,1,5,-1,0,1,0,0,0,0,1,1,-1,9,2,46,8,1587,1,20,PEUGEOT 206,2,E01024986,0,2
2024041466612,2024,041466612,2,9,0,-1,4,7,3,-1,0,0,0,0,0,0,2,1,-1,9,2,61,9,1587,1,18,PEUGEOT 206,2,E01025520,0,1
2024101393711,2024,101393711,1,9,0,-1,19,5,1,-1,0,2,0,0,3,5,1,1,-1,6,-1,-1,-1,1360,1,20,PEUGEOT 206,-1,-1,0,-1
2024501413809,2024,501413809,1,9,0,-1,19,1,5,-1,0,4,0,0,0,0,1,1,-1,9,2,78,11,1360,1,19,PEUGEOT 206,1,E01020094,0,1
2024501484083,2024,501484083,1,9,0,-1,19,1,4,-1,0,6,0,0,7,0,1,9,-1,9,1,19,4,1398,2,18,PEUGEOT 206,7,E01018818,0,1
202454C231424,2024,54C231424,1,9,0,18,19,1,5,0,0,8,0,0,1,11,1,1,6,6,1,51,8,1360,1,22,PEUGEOT 206,6,E01031926,0,2
2024471489715,2024,471489715,2,9,0,-1,19,2,7,-1,0,4,0,0,0,0,1,1,-1,6,1,33,6,1124,1,21,PEUGEOT 206,10,E01031718,0,1
2024451421761,2024,451421761,1,9,0,-1,19,6,2,-1,0,2,0,0,0,0,1,1,-1,9,2,33,6,1360,1,21,PEUGEOT 206,9,E01030861,0,4
2024221482247,2024,221482247,1,9,0,-1,9,4,2,-1,9,5,0,10,0,0,1,9,-1,6,2,31,6,1587,1,23,PEUGEOT 206,-1,-1,0,-1
2024211443719,2024,211443719,1,9,0,-1,19,6,5,-1,0,0,1,0,0,0,1,1,-1,2,1,40,7,1997,2,21,PEUGEOT 206,8,E01029775,0,2
2024320529043,2024,320529043,1,9,0,-1,-1,3,7,9,9,0,1,10,7,10,1,1,6,6,3,-1,-1,1124,1,19,PEUGEOT 206,-1,-1,0,-1
2024211514040,2024,211514040,1,9,0,-1,7,3,6,-1,0,0,0,0,7,0,1,1,-1,6,2,73,10,1398,2,19,PEUGEOT 206,8,E01029706,0,1
2024052400875,2024,052400875,2,9,0,2,2,0,0,0,0,0,0,0,0,0,2,1,6,6,3,-1,-1,1360,1,21,PEUGEOT 206,-1,-1,0,-1
2024471522166,2024,471522166,1,9,0,-1,19,2,6,-1,0,0,0,0,0,0,1,1,-1,9,2,19,4,1587,1,19,PEUGEOT 206,7,E01031381,0,1
2024461474550,2024,461474550,1,9,0,-1,19,4,2,-1,0,1,0,4,0,0,1,1,-1,9,1,28,6,1398,2,18,PEUGEOT 206,5,E01032800,0,1
2024361456803,2024,361456803,2,9,0,-1,19,1,4,-1,0,3,0,0,0,0,3,1,-1,6,2,77,11,1124,1,19,PEUGEOT 206,2,E01026711,0,2
2024461465650,2024,461465650,2,9,0,-1,10,5,7,-1,0,0,0,0,0,0,3,9,-1,6,2,47,8,1360,1,20,PEUGEOT 206,5,E01024571,0,1
2024411545581,2024,411545581,1,9,0,-1,19,1,5,-1,0,0,0,0,0,0,1,1,-1,6,1,51,8,1587,1,18,PEUGEOT 206,6,E01023798,0,1
2024461398780,2024,461398780,5,9,0,-1,19,3,7,-1,0,0,0,0,0,0,1,9,-1,6,2,36,7,1360,1,21,PEUGEOT 206,9,E01024143,0,1
202460Q043482,2024,60Q043482,1,9,0,18,19,6,2,0,0,1,0,0,0,0,2,1,6,6,1,26,6,1124,1,21,PEUGEOT 206,-1,-1,0,-1
2024461462912,2024,461462912,2,9,0,-1,7,5,7,-1,0,1,0,0,0,0,3,1,-1,2,1,46,8,1360,1,19,PEUGEOT 206,10,E01024463,0,1
2024471450103,2024,471450103,2,9,0,-1,10,5,3,-1,0,1,0,0,0,0,2,1,-1,9,1,70,10,1360,1,21,PEUGEOT 206,3,E01031361,0,1
2024631475973,2024,631475973,1,9,0,-1,19,1,5,-1,0,0,1,0,0,0,4,1,-1,1,2,31,6,1360,1,21,PEUGEOT 206,3,W01002010,0,2
2024421499930,2024,421499930,1,9,0,-1,19,8,5,-1,0,0,2,0,0,0,1,1,-1,9,1,61,9,1360,1,19,PEUGEOT 206,6,E01021070,0,5
2024201482017,2024,201482017,1,9,0,-1,19,2,3,-1,0,0,0,0,0,0,1,1,-1,6,1,18,4,1124,1,19,PEUGEOT 206,2,E01009782,0,1
2024471411756,2024,471411756,1,9,0,-1,19,3,7,-1,0,0,0,0,0,0,1,1,-1,9,2,52,8,1398,2,21,PEUGEOT 206,3,E01031459,0,1
2024451494292,2024,451494292,2,9,0,-1,19,3,1,-1,0,2,0,0,0,0,4,1,-1,2,2,36,7,1360,1,19,PEUGEOT 206,6,E01002998,0,2
2024471489003,2024,471489003,1,9,0,-1,19,8,4,-1,0,0,0,4,0,0,1,1,-1,9,2,28,6,1360,1,20,PEUGEOT 206,8,E01024017,0,4
2024052402064,2024,052402064,1,9,0,9,9,4,2,0,0,1,0,0,7,1,1,1,6,6,1,58,9,1360,1,21,PEUGEOT 206,1,E01006478,0,1
2024101436709,2024,101436709,2,9,0,-1,19,5,1,-1,0,0,0,0,0,0,1,1,-1,6,1,60,9,1398,2,16,PEUGEOT 206,6,E01027371,0,1
2024122400651,2024,122400651,2,9,0,3,3,3,7,0,0,0,0,0,0,0,1,1,6,6,1,75,10,1587,1,21,PEUGEOT 206,9,E01013370,0,1
2024010534003,2024,010534003,7,9,0,2,2,0,0,0,0,1,0,0,0,0,2,1,6,6,3,-1,-1,1360,1,20,PEUGEOT 206,-1,-1,0,-1
2024552400801,2024,552400801,1,9,0,13,13,3,7,0,0,8,0,0,7,2,4,1,6,6,1,26,6,1997,1,21,PEUGEOT 206,2,E01015430,0,3
2024070914122,2024,070914122,2,9,0,-1,19,3,7,-1,0,0,0,0,0,0,1,1,-1,6,1,54,8,1124,1,19,PEUGEOT 206,3,E01012507,0,1
2024421404141,2024,421404141,2,9,0,-1,19,5,1,-1,0,3,0,0,0,0,3,9,-1,6,1,26,6,1360,1,21,PEUGEOT 206,7,E01015961,0,4
2024552400202,2024,552400202,1,9,0,9,9,7,5,0,0,6,0,0,0,0,4,1,6,6,1,54,8,1124,1,20,PEUGEOT 206,6,E01020437,0,1
2024471487225,2024,471487225,3,9,0,-1,4,2,6,-1,0,1,0,0,0,0,3,1,-1,9,2,28,6,1560,2,19,PEUGEOT 206,7,E01016916,0,1
2024501398774,2024,501398774,2,9,0,-1,19,7,3,-1,0,1,0,0,0,0,1,9,-1,6,1,59,9,1398,2,19,PEUGEOT 206,3,E01020286,0,1
2024430123025,2024,430123025,2,9,0,18,19,3,7,0,0,0,0,0,0,0,1,1,6,6,1,40,7,1360,1,20,PEUGEOT 206,5,E01016566,0,2
2024471434582,2024,471434582,1,9,0,-1,19,3,7,-1,0,1,0,12,7,4,1,1,-1,9,1,26,6,1360,1,21,PEUGEOT 206,5,E01021116,0,1
2024041453228,2024,041453228,1,9,0,-1,9,1,5,-1,0,8,0,0,0,0,3,1,-1,9,1,93,11,1360,1,19,PEUGEOT 206,10,E01025414,0,1
2024531427355,2024,531427355,2,9,0,-1,19,7,3,-1,0,1,0,0,0,0,4,1,-1,6,2,18,4,1360,1,24,PEUGEOT 206,7,E01022252,0,2