collision_index,collision_year,collision_ref_no,vehicle_reference,vehicle_type,towing_and_articulation,vehicle_manoeuvre_historic,vehicle_manoeuvre,vehicle_direction_from,vehicle_direction_to,vehicle_location_restricted_lane_historic,vehicle_location_restricted_lane,junction_location,skidding_and_overturning,hit_object_in_carriageway,vehicle_leaving_carriageway,hit_object_off_carriageway,first_point_of_impact,vehicle_left_hand_drive,journey_purpose_of_driver_historic,journey_purpose_of_driver,sex_of_driver,age_of_driver,age_band_of_driver,engine_capacity_cc,propulsion_code,age_of_vehicle,generic_make_model,driver_imd_decile,lsoa_of_driver,escooter_flag,driver_distance_banding
2024430489326,2024,430489326,1,21,0,17,19,2,6,0,0,0,5,0,1,9,1,1,1,1,1,45,7,10837,2,6,RENAULT TRUCKS MODEL MISSING,-1,-1,0,-1
2024461399642,2024,461399642,3,21,1,-1,19,4,8,-1,0,0,0,0,0,0,1,9,-1,1,1,61,9,10837,2,7,RENAULT TRUCKS MODEL MISSING,5,E01001632,0,3
2024461452459,2024,461452459,2,19,0,-1,19,1,5,-1,0,2,0,0,0,0,3,2,-1,1,1,39,7,-1,-1,-1,RENAULT TRUCKS MODEL MISSING,-1,-1,0,-1
2024461510666,2024,461510666,1,20,0,-1,15,7,8,-1,0,0,0,0,1,0,3,1,-1,1,1,56,9,7698,2,4,RENAULT TRUCKS MODEL MISSING,4,E01024387,0,4
2024401440275,2024,401440275,1,21,0,-1,19,5,1,-1,0,0,0,0,0,0,2,1,-1,1,1,53,8,12780,2,8,RENAULT TRUCKS MODEL MISSING,2,E01015738,0,1
2024211432401,2024,211432401,2,21,1,-1,9,6,4,-1,0,8,0,0,0,0,3,1,-1,1,1,36,7,12777,2,1,RENAULT TRUCKS MODEL MISSING,-1,-1,0,-1
2024061486592,2024,061486592,1,21,1,-1,19,3,7,-1,0,0,0,0,0,0,1,1,-1,1,1,59,9,12780,2,6,RENAULT TRUCKS MODEL MISSING,-1,-1,0,-1
2024010498868,2024,010498868,1,21,1,18,19,5,1,0,0,1,0,0,0,0,1,1,1,1,1,38,7,12777,2,5,RENAULT TRUCKS MODEL MISSING,2,E01027243,0,4
2024631468883,2024,631468883,1,21,4,-1,19,6,2,-1,0,0,0,0,0,0,1,1,-1,1,1,34,6,7146,2,11,RENAULT TRUCKS MODEL MISSING,5,W01000648,0,4
2024430031296,2024,430031296,1,21,1,18,19,8,4,0,0,0,0,0,0,0,1,1,1,1,1,55,8,12777,2,2,RENAULT TRUCKS MODEL MISSING,-1,-1,0,-1
2024031466391,2024,031466391,2,21,1,-1,19,3,7,-1,0,8,0,0,1,0,3,1,-1,1,1,58,9,10837,2,4,RENAULT TRUCKS MODEL MISSING,7,E01013101,0,5
2024211482405,2024,211482405,2,21,0,-1,3,1,5,-1,0,0,0,0,0,0,2,1,-1,6,-1,-1,-1,10837,2,10,RENAULT TRUCKS MODEL MISSING,1,E01005731,0,4
2024991515834,2024,991515834,2,21,5,-1,19,1,5,-1,0,0,0,0,0,0,3,1,-1,1,1,29,6,7698,2,0,RENAULT TRUCKS MODEL MISSING,6,-1,0,5
2024101485965,2024,101485965,4,21,1,-1,12,3,7,-1,0,0,0,0,0,0,0,1,-1,1,1,43,7,10837,2,8,RENAULT TRUCKS MODEL MISSING,5,E01020695,0,4
2024320682726,2024,320682726,2,21,0,11,11,5,1,0,0,3,0,0,0,0,3,1,1,1,1,41,7,10837,2,3,RENAULT TRUCKS MODEL MISSING,1,E01007708,0,4
2024622400130,2024,622400130,1,21,0,18,19,8,4,0,0,0,0,0,0,0,1,1,1,1,1,36,7,10837,2,5,RENAULT TRUCKS MODEL MISSING,7,W01000997,0,2
2024501507205,2024,501507205,1,21,1,-1,4,7,3,-1,0,4,5,0,1,1,1,1,-1,1,1,59,9,12777,2,3,RENAULT TRUCKS MODEL MISSING,3,E01027180,0,5
2024320315128,2024,320315128,1,21,0,11,11,1,5,0,0,0,5,4,1,0,1,1,1,1,1,52,8,5132,2,7,RENAULT TRUCKS MODEL MISSING,4,E01015591,0,4
2024211526932,2024,211526932,2,21,1,-1,19,1,5,-1,0,0,0,4,0,0,4,9,-1,1,1,47,8,12777,2,4,RENAULT TRUCKS MODEL MISSING,8,E01010203,0,4
2024131438423,2024,131438423,1,21,0,-1,15,6,2,-1,0,0,0,0,0,0,4,1,-1,6,3,-1,-1,10837,2,8,RENAULT TRUCKS MODEL MISSING,-1,-1,0,-1
2024201469448,2024,201469448,1,21,1,-1,5,5,1,-1,0,1,0,0,0,0,1,1,-1,1,1,41,7,10837,2,13,RENAULT TRUCKS MODEL MISSING,5,E01009895,0,1
2024070539531,2024,070539531,1,20,0,5,5,5,1,0,0,1,0,0,0,0,3,1,1,1,1,31,6,4764,2,11,RENAULT TRUCKS MODEL MISSING,3,E01004905,0,4
2024111516846,2024,111516846,2,21,1,-1,19,1,5,-1,0,0,0,0,0,0,1,1,-1,1,1,56,9,10837,2,7,RENAULT TRUCKS MODEL MISSING,7,E01033481,0,4
2024421511403,2024,421511403,2,21,1,-1,7,7,1,-1,0,8,0,0,0,0,3,1,-1,1,1,53,8,10837,2,3,RENAULT TRUCKS MODEL MISSING,2,E01012886,0,5
2024320356252,2024,320356252,1,21,0,-1,-1,2,6,0,0,0,0,0,1,0,1,1,1,1,1,36,7,10837,2,1,RENAULT TRUCKS MODEL MISSING,6,E01026100,0,4
2024440274613,2024,440274613,2,21,1,18,19,2,6,0,0,0,0,0,0,0,1,1,1,1,3,-1,-1,12777,2,2,RENAULT TRUCKS MODEL MISSING,-1,-1,0,-1
2024991512115,2024,991512115,1,90,0,-1,19,3,7,-1,0,0,0,0,0,0,3,1,-1,1,2,21,5,-1,-1,-1,RENAULT TRUCKS MODEL MISSING,6,-1,0,4
2024440288284,2024,440288284,2,21,1,18,19,5,1,0,0,0,0,0,0,0,2,1,1,1,3,-1,-1,12777,2,2,RENAULT TRUCKS MODEL MISSING,-1,-1,0,-1
2024421408592,2024,421408592,1,21,1,-1,19,5,1,-1,0,0,0,0,0,0,1,1,-1,1,1,36,7,12777,2,1,RENAULT TRUCKS MODEL MISSING,5,E01021021,0,4
2024351480052,2024,351480052,2,21,1,-1,19,7,3,-1,0,0,0,0,0,0,1,9,-1,1,1,53,8,12777,2,0,RENAULT TRUCKS MODEL MISSING,10,E01026300,0,4
2024161468970,2024,161468970,2,21,0,-1,19,1,5,-1,0,8,0,0,0,0,4,1,-1,1,1,48,8,10837,2,6,RENAULT TRUCKS MODEL MISSING,10,E01013068,0,3
2024141393867,2024,141393867,1,21,0,-1,19,6,2,-1,0,0,0,0,0,0,1,1,-1,1,1,33,6,12777,2,4,RENAULT TRUCKS MODEL MISSING,1,E01027200,0,5
2024361495058,2024,361495058,1,19,0,-1,19,6,2,-1,0,0,0,0,0,0,3,1,-1,1,1,20,4,2299,2,8,RENAULT TRUCKS MODEL MISSING,3,E01027228,0,5
2024991488760,2024,991488760,2,90,0,-1,19,8,4,-1,0,0,0,0,0,0,2,1,-1,9,2,48,8,2464,2,16,RENAULT TRUCKS MODEL MISSING,1,-1,0,4
2024122401195,2024,122401195,1,21,0,18,19,3,7,0,0,0,1,0,0,0,1,1,1,1,1,73,10,10837,2,4,RENAULT TRUCKS MODEL MISSING,10,E01010768,0,4
2024201472422,2024,201472422,1,21,0,-1,11,3,7,-1,0,0,0,0,0,0,1,9,-1,1,1,-1,-1,10837,2,2,RENAULT TRUCKS MODEL MISSING,-1,-1,0,-1
2024041500376,2024,041500376,2,21,0,-1,19,1,5,-1,0,0,0,0,0,0,2,1,-1,1,1,58,9,12777,2,3,RENAULT TRUCKS MODEL MISSING,3,E01004905,0,4
2024991533803,2024,991533803,1,21,0,-1,19,3,7,-1,0,0,1,0,8,7,1,1,-1,1,1,48,8,12777,2,1,RENAULT TRUCKS MODEL MISSING,9,-1,0,5
2024361457137,2024,361457137,2,21,1,-1,19,5,2,-1,0,8,0,0,0,0,1,1,-1,1,1,56,9,10837,2,7,RENAULT TRUCKS MODEL MISSING,9,E01026936,0,3
2024501471917,2024,501471917,1,21,0,-1,19,3,7,-1,0,0,0,0,0,0,1,1,-1,1,1,51,8,12777,2,5,RENAULT TRUCKS MODEL MISSING,1,E01010239,0,5
2024211503658,2024,211503658,1,21,1,-1,19,7,3,-1,0,0,0,0,0,0,1,1,-1,6,1,29,6,12777,2,3,RENAULT TRUCKS MODEL MISSING,4,-1,0,5
2024401480381,2024,401480381,3,21,1,-1,4,8,4,-1,0,0,0,0,0,0,1,1,-1,1,1,51,8,10837,2,3,RENAULT TRUCKS MODEL MISSING,2,E01019777,0,5
2024411458217,2024,411458217,2,21,0,-1,3,5,1,-1,0,0,0,0,0,0,3,1,-1,1,1,43,7,5132,2,7,RENAULT TRUCKS MODEL MISSING,4,E01000113,0,4
2024545339724,2024,545339724,1,21,0,18,19,5,1,0,0,1,0,0,0,0,1,1,6,6,1,35,6,12777,2,4,RENAULT TRUCKS MODEL MISSING,10,E01020463,0,4
2024411476393,2024,411476393,1,21,1,-1,19,1,5,-1,0,0,1,11,0,0,1,1,-1,1,1,21,5,10837,2,5,RENAULT TRUCKS MODEL MISSING,1,E01009987,0,5
2024451493830,2024,451493830,1,21,0,-1,19,5,1,-1,0,0,0,0,0,0,1,1,-1,1,1,45,7,5132,2,10,RENAULT TRUCKS MODEL MISSING,4,E01021741,0,4
2024991400059,2024,991400059,2,21,0,-1,2,1,4,-1,0,1,0,0,0,0,1,1,-1,6,-1,-1,-1,10837,2,12,RENAULT TRUCKS MODEL MISSING,-1,-1,0,-1
2024461435345,2024,461435345,1,21,4,-1,19,1,6,-1,0,0,0,0,0,0,1,9,-1,1,1,70,10,12777,2,2,RENAULT TRUCKS MODEL MISSING,9,E01029310,0,5
2024141421541,2024,141421541,3,21,0,-1,19,1,5,-1,0,0,0,0,0,0,2,1,-1,1,1,66,10,12777,2,2,RENAULT TRUCKS MODEL MISSING,3,E01018932,0,5
2024401440714,2024,401440714,1,21,1,-1,19,1,5,-1,0,8,5,0,0,0,4,1,-1,1,1,50,8,10837,2,3,RENAULT TRUCKS MODEL MISSING,2,E01017523,0,3
2024311527723,2024,311527723,2,21,4,-1,19,2,2,-1,0,0,0,0,0,0,0,1,-1,1,1,32,6,12777,2,0,RENAULT TRUCKS MODEL MISSING,-1,-1,0,-1
2024010500682,2024,010500682,1,21,0,18,19,5,1,0,0,2,0,0,0,0,1,1,1,1,1,64,9,-1,-1,-1,RENAULT TRUCKS MODEL MISSING,2,E01033881,0,1
2024461468916,2024,461468916,1,20,1,-1,5,3,7,-1,0,0,0,0,0,0,3,1,-1,1,1,62,9,-1,-1,-1,RENAULT TRUCKS MODEL MISSING,2,E01016140,0,2
2024332400163,2024,332400163,2,21,0,-1,19,6,2,-1,0,0,0,0,0,0,1,1,-1,1,1,31,6,12777,2,2,RENAULT TRUCKS MODEL MISSING,1,E01009413,0,4
2024332400381,2024,332400381,2,21,0,-1,19,2,6,-1,0,0,0,0,0,0,1,1,-1,1,1,49,8,10837,2,9,RENAULT TRUCKS MODEL MISSING,6,E01013785,0,4
2024201446307,2024,201446307,1,21,0,-1,11,3,7,-1,0,0,0,0,0,0,1,1,-1,6,1,-1,-1,12777,2,1,RENAULT TRUCKS MODEL MISSING,-1,-1,0,-1
2024311461453,2024,311461453,2,21,1,-1,2,0,0,-1,-1,0,0,0,0,0,3,1,-1,6,-1,-1,-1,10837,2,9,RENAULT TRUCKS MODEL MISSING,-1,-1,0,-1
2024141398971,2024,141398971,4,90,0,-1,19,5,1,-1,0,0,0,0,0,0,1,1,-1,1,1,49,8,-1,-1,-1,RENAULT TRUCKS MODEL MISSING,10,E01027786,0,4
2024031395272,2024,031395272,1,21,1,-1,19,5,1,-1,0,0,0,0,0,0,1,1,-1,1,1,67,10,12777,2,3,RENAULT TRUCKS MODEL MISSING,4,-1,0,5
2024010506344,2024,010506344,1,21,0,18,19,1,5,0,0,8,0,0,0,0,1,1,1,1,1,65,9,10837,2,9,RENAULT TRUCKS MODEL MISSING,2,E01004398,0,1
2024201531072,2024,201531072,1,21,0,-1,19,8,4,-1,0,4,0,0,0,0,1,9,-1,1,1,49,8,10837,2,7,RENAULT TRUCKS MODEL MISSING,9,E01029508,0,3
2024061447538,2024,061447538,1,21,1,-1,11,4,8,-1,0,0,0,0,0,0,1,1,-1,1,1,55,8,12777,2,1,RENAULT TRUCKS MODEL MISSING,6,-1,0,4
2024122400195,2024,122400195,3,21,1,18,19,1,5,0,0,0,0,0,0,0,3,1,1,1,1,59,9,7698,2,1,RENAULT TRUCKS MODEL MISSING,7,E01013031,0,4
2024430040727,2024,430040727,2,21,0,4,4,4,8,0,0,0,0,0,0,0,2,1,1,1,1,61,9,10837,2,5,RENAULT TRUCKS MODEL MISSING,8,E01007523,0,5
2024061531967,2024,061531967,1,21,0,-1,19,2,6,-1,0,0,0,0,0,0,1,1,-1,1,1,61,9,12777,2,0,RENAULT TRUCKS MODEL MISSING,3,E01028297,0,4
2024311444313,2024,311444313,2,21,1,-1,15,4,8,-1,0,0,0,7,0,0,4,2,-1,1,1,47,8,12777,2,3,RENAULT TRUCKS MODEL MISSING,-1,-1,0,-1
2024070192319,2024,070192319,2,20,1,18,19,1,5,0,0,2,0,0,0,0,1,1,1,1,1,60,9,-1,-1,-1,RENAULT TRUCKS MODEL MISSING,-1,-1,0,-1
2024141401515,2024,141401515,1,21,0,-1,2,0,0,-1,0,0,0,0,0,0,0,1,-1,1,1,33,6,10837,2,8,RENAULT TRUCKS MODEL MISSING,7,E01013709,0,5
2024522500039,2024,522500039,1,20,0,18,19,2,6,0,0,0,0,0,6,0,1,1,6,6,1,60,9,-1,-1,-1,RENAULT TRUCKS MODEL MISSING,10,E01014793,0,4
2024041433904,2024,041433904,2,4,0,-1,19,1,5,-1,0,8,0,0,0,0,3,1,-1,6,1,65,9,411,1,2,ROYAL ENFIELD HIMALAYAN,6,E01025593,0,3
2024340WN2032,2024,340WN2032,2,5,0,-1,19,3,7,-1,0,1,0,0,0,0,1,1,-1,6,1,63,9,411,1,1,ROYAL ENFIELD HIMALAYAN,8,E01027325,0,3
2024122401034,2024,122401034,2,4,0,5,5,2,7,0,0,0,0,0,0,0,4,1,6,6,1,70,10,411,1,1,ROYAL ENFIELD HIMALAYAN,7,E01011530,0,4
2024461496182,2024,461496182,2,4,0,-1,19,5,1,-1,0,1,0,0,0,0,2,1,-1,6,1,33,6,411,1,6,ROYAL ENFIELD HIMALAYAN,7,E01024245,0,1
2024991463863,2024,991463863,1,5,0,-1,19,1,5,-1,0,0,1,0,0,0,1,1,-1,9,1,59,9,411,1,5,ROYAL ENFIELD HIMALAYAN,4,-1,0,5
2024471461408,2024,471461408,1,4,0,-1,19,5,1,-1,0,1,0,0,7,0,4,1,-1,6,1,17,4,411,1,3,ROYAL ENFIELD HIMALAYAN,1,E01020994,0,1
2024211455823,2024,211455823,2,4,0,-1,19,4,8,-1,0,1,5,0,0,0,1,1,-1,2,1,61,9,411,1,2,ROYAL ENFIELD HIMALAYAN,-1,-1,0,-1
2024631396189,2024,631396189,1,4,0,-1,19,4,8,-1,0,0,1,11,0,0,1,1,-1,2,1,43,7,411,1,2,ROYAL ENFIELD HIMALAYAN,7,W01000523,0,2
2024991421000,2024,991421000,1,4,0,-1,15,7,4,-1,0,1,0,11,0,0,1,1,-1,2,1,57,9,411,1,2,ROYAL ENFIELD HIMALAYAN,-1,-1,0,-1
2024031472490,2024,031472490,1,5,0,-1,19,1,5,-1,0,1,0,0,1,0,1,1,-1,2,1,65,9,411,1,3,ROYAL ENFIELD HIMALAYAN,5,E01025098,0,2
2024332400927,2024,332400927,2,4,0,-1,19,5,1,-1,0,8,0,0,0,0,1,1,-1,6,1,70,10,411,1,6,ROYAL ENFIELD HIMALAYAN,9,E01035101,0,3
2024522402899,2024,522402899,2,4,0,13,13,6,2,0,0,8,0,0,0,0,1,1,6,6,1,40,7,411,1,4,ROYAL ENFIELD HIMALAYAN,2,E01014486,0,1
2024430055120,2024,430055120,1,4,0,18,19,4,8,0,0,8,0,0,0,0,1,1,6,6,1,66,10,411,1,3,ROYAL ENFIELD HIMALAYAN,5,E01016226,0,3
2024440212414,2024,440212414,2,4,0,18,19,2,6,0,0,0,0,0,0,0,1,1,2,2,1,23,5,411,1,6,ROYAL ENFIELD HIMALAYAN,10,E01016196,0,1
2024070544698,2024,070544698,2,5,0,17,19,3,7,0,0,3,0,0,0,0,4,1,2,2,2,43,7,776,1,0,MAKE AND MODEL REDACTED,9,E01012514,0,3
2024161445847,2024,161445847,2,5,0,-1,19,7,3,-1,0,3,0,0,0,0,4,1,-1,6,1,68,10,776,1,1,MAKE AND MODEL REDACTED,7,E01027788,0,4
2024622400874,2024,622400874,1,5,0,18,19,2,6,0,0,1,0,0,0,0,0,1,6,6,1,23,5,776,1,0,MAKE AND MODEL REDACTED,2,W01000993,0,3
2024631493194,2024,631493194,1,9,0,-1,19,6,2,-1,0,1,1,0,0,0,1,1,-1,6,2,18,4,999,1,20,VOLKSWAGEN LUPO,6,W01000560,0,3
2024041494435,2024,041494435,1,9,0,-1,19,5,1,-1,0,4,0,10,0,0,1,1,-1,9,1,82,11,999,1,23,VOLKSWAGEN LUPO,3,E01025554,0,2
2024211452642,2024,211452642,1,9,0,-1,19,5,1,-1,0,0,2,10,1,0,4,1,-1,2,2,19,4,1390,1,19,VOLKSWAGEN LUPO,1,E01009748,0,2
2024501450384,2024,501450384,1,9,0,-1,19,7,3,-1,0,0,1,0,0,0,1,1,-1,9,1,18,4,1390,1,20,VOLKSWAGEN LUPO,9,E01020091,0,3
2024332400532,2024,332400532,1,9,0,-1,19,7,3,-1,0,1,0,0,7,11,1,1,-1,9,1,34,6,999,1,19,VOLKSWAGEN LUPO,8,E01035097,0,1
2024031432864,2024,031432864,1,9,0,-1,19,6,2,-1,0,0,1,0,2,10,1,1,-1,9,1,17,4,999,1,23,VOLKSWAGEN LUPO,8,E01019391,0,1
2024010539886,2024,010539886,1,9,0,1,1,5,1,0,0,5,0,0,1,0,3,1,6,6,1,30,6,999,1,19,VOLKSWAGEN LUPO,2,E01001486,0,2
2024411525590,2024,411525590,2,9,-1,-1,-1,-1,-1,-1,-1,-1,-1,-1,-1,0,-1,9,-1,6,2,26,6,1716,2,23,VOLKSWAGEN LUPO,8,E01034436,0,4
202460Q034144,2024,60Q034144,2,9,0,18,19,7,3,0,0,0,0,4,0,0,1,1,6,6,2,51,8,1390,1,24,VOLKSWAGEN LUPO,-1,-1,0,-1
2024041515880,2024,041515880,1,9,0,-1,19,7,3,-1,0,0,1,0,0,0,1,1,-1,9,1,17,4,999,1,23,VOLKSWAGEN LUPO,5,E01025320,0,2
2024520003201,2024,520003201,1,9,0,9,9,7,5,0,0,8,0,0,0,0,1,1,6,6,2,21,5,1390,1,19,VOLKSWAGEN LUPO,6,E01014471,0,3
2024451473333,2024,451473333,2,9,0,-1,99,1,5,-1,99,0,0,0,0,0,1,1,-1,6,1,18,4,999,1,22,VOLKSWAGEN LUPO,5,E01034297,0,2
2024041478539,2024,041478539,1,9,0,-1,19,1,5,-1,0,0,0,0,0,0,1,1,-1,9,1,18,4,1390,1,19,VOLKSWAGEN LUPO,2,E01004772,0,2
2024201467502,2024,201467502,1,9,0,-1,19,2,6,-1,0,8,0,0,0,0,1,9,-1,6,1,25,5,1598,1,20,VOLKSWAGEN LUPO,2,E01009499,0,3
2024471485166,2024,471485166,1,9,0,-1,4,3,7,-1,0,1,0,0,0,0,3,1,-1,6,2,76,11,1390,1,21,VOLKSWAGEN LUPO,10,E01021218,0,2
2024421500397,2024,421500397,2,9,0,-1,10,1,7,-1,0,1,0,0,0,0,3,1,-1,6,2,42,7,999,1,24,VOLKSWAGEN LUPO,3,E01021565,0,1
2024340NN3632,2024,340NN3632,1,9,0,-1,19,5,1,-1,0,0,0,0,0,0,1,1,-1,6,1,52,8,1970,1,25,MAKE AND MODEL REDACTED,7,E01032974,0,1
2024501473111,2024,501473111,2,5,0,-1,19,6,2,-1,0,1,1,0,0,0,1,1,-1,9,1,63,9,750,1,15,MAKE AND MODEL REDACTED,4,E01020138,0,1
2024041438393,2024,041438393,1,5,0,-1,19,4,8,-1,0,0,0,0,0,0,1,1,-1,9,1,45,7,750,1,14,MAKE AND MODEL REDACTED,6,E01025419,0,1
2024332400107,2024,332400107,2,9,0,-1,19,4,8,-1,0,4,0,0,0,0,1,1,-1,6,2,38,7,1995,2,6,BMW X3,3,E01013618,0,1
2024461495399,2024,461495399,1,9,0,-1,6,7,5,-1,0,2,0,0,0,0,3,1,-1,9,1,83,11,1995,12,2,BMW X3,7,E01032737,0,4
2024201467622,2024,201467622,3,9,0,-1,19,3,3,-1,0,0,0,0,0,0,1,1,-1,9,1,32,6,1998,1,5,BMW X3,-1,-1,0,-1
2024101412030,2024,101412030,2,9,0,-1,19,7,3,-1,0,2,0,0,0,0,1,1,-1,6,1,47,8,1998,8,0,BMW X3,7,E01035636,0,3
2024451435044,2024,451435044,1,9,0,-1,3,1,5,-1,0,0,0,0,0,0,2,1,-1,6,1,72,10,1995,2,8,BMW X3,10,E01030776,0,1
2024471486868,2024,471486868,2,9,0,-1,5,2,6,-1,0,1,0,0,0,0,1,1,-1,2,1,72,10,1995,2,11,BMW X3,6,E01035325,0,1
2024141447139,2024,141447139,2,9,0,-1,7,8,2,-1,0,1,0,0,0,0,1,1,-1,9,1,78,11,1995,2,8,BMW X3,3,E01034258,0,4
2024401479083,2024,401479083,2,9,0,-1,19,8,4,-1,0,1,0,0,0,0,4,9,-1,6,3,-1,-1,2494,1,20,BMW X3,-1,-1,0,-1
2024421499953,2024,421499953,1,9,0,-1,4,1,5,-1,0,1,0,0,0,0,1,1,-1,6,2,49,8,1998,8,2,BMW X3,9,E01021526,0,1
2024010532090,2024,010532090,2,9,0,16,19,5,7,0,0,1,0,0,0,0,1,1,6,6,1,44,7,1998,1,3,BMW X3,4,E01001511,0,1
2024131399664,2024,131399664,1,9,0,-1,19,5,1,-1,0,0,5,0,7,0,0,1,-1,2,1,60,9,2979,1,20,BMW X3,3,E01007374,0,3
2024010519601,2024,010519601,1,9,0,99,99,9,9,99,99,9,9,99,9,99,9,9,6,6,1,38,7,1995,2,8,BMW X3,4,E01000408,0,1
2024061511335,2024,061511335,1,9,0,-1,5,6,2,-1,0,0,0,0,0,0,1,1,-1,1,2,42,7,1995,2,9,BMW X3,4,E01033994,0,3
2024411498526,2024,411498526,1,9,0,-1,5,1,5,-1,0,1,0,0,0,0,1,1,-1,6,-1,-1,-1,1998,8,2,BMW X3,-1,-1,0,-1
2024631518429,2024,631518429,1,9,0,-1,19,3,7,-1,0,0,5,4,0,0,1,1,-1,6,3,-1,-1,2993,2,17,BMW X3,-1,-1,0,-1
2024010524180,2024,010524180,1,9,0,99,99,9,9,99,99,6,9,99,9,99,9,9,6,6,2,50,8,1995,12,1,BMW X3,6,E01001917,0,1
2024010490818,2024,010490818,2,9,0,9,9,1,7,0,0,8,0,0,0,0,1,1,6,6,1,62,9,2494,1,20,BMW X3,9,E01003400,0,1
2024371460352,2024,371460352,1,9,0,-1,19,6,2,-1,0,0,5,0,1,0,4,1,-1,9,1,80,11,2993,-1,3,BMW X3,5,E01030286,0,1
2024211528275,2024,211528275,2,9,0,-1,19,7,3,-1,0,3,0,0,0,0,2,2,-1,6,1,29,6,2993,1,5,BMW X3,-1,-1,0,-1
2024421430598,2024,421430598,1,9,0,-1,19,7,3,-1,0,0,0,0,1,0,1,1,-1,9,2,52,8,1995,2,7,BMW X3,-1,-1,0,-1
2024010526838,2024,010526838,2,9,0,13,13,9,9,99,99,9,9,99,9,99,1,9,6,6,3,-1,-1,2497,1,18,BMW X3,-1,-1,0,-1
2024010507844,2024,010507844,2,9,0,9,9,7,6,0,0,5,0,0,0,0,1,1,6,6,3,-1,-1,1995,2,9,BMW X3,-1,-1,0,-1
2024131476155,2024,131476155,1,9,0,-1,2,5,1,-1,0,2,0,0,0,0,3,1,-1,2,1,64,9,1995,2,20,BMW X3,1,E01011659,0,2
2024401417510,2024,401417510,2,9,0,-1,2,0,0,-1,0,0,0,0,0,0,2,1,-1,6,-1,-1,-1,1995,2,12,BMW X3,-1,-1,0,-1
2024211436747,2024,211436747,1,9,0,-1,19,7,3,-1,0,0,0,0,0,0,2,1,-1,9,2,48,8,1998,8,2,BMW X3,8,E01009908,0,2
2024440204545,2024,440204545,2,9,0,5,5,1,5,0,0,6,0,0,0,0,0,1,6,6,1,58,9,1998,1,5,BMW X3,7,E01022569,0,1
2024061487732,2024,061487732,1,9,0,-1,19,3,7,-1,0,8,9,0,0,0,4,1,-1,2,2,35,6,1995,12,3,BMW X3,1,E01006270,0,2
2024320733879,2024,320733879,1,9,0,-1,-1,8,4,0,0,0,1,0,1,4,1,1,6,6,1,-1,-1,1995,2,18,BMW X3,-1,-1,0,-1
2024311416859,2024,311416859,2,9,0,-1,19,6,1,-1,0,8,0,0,1,0,4,1,-1,6,2,58,9,1995,2,12,BMW X3,10,E01025676,0,4
2024622400416,2024,622400416,1,8,0,18,19,4,8,0,0,3,0,0,0,0,1,1,6,6,1,36,7,1995,12,4,BMW X3,10,W01000872,0,1
2024401495451,2024,401495451,4,9,0,-1,4,7,3,-1,0,0,0,0,0,0,2,1,-1,1,1,60,9,2993,2,10,BMW X3,9,E01017381,0,1
2024201488231,2024,201488231,1,9,0,-1,9,2,8,-1,0,6,0,0,0,0,4,1,-1,6,1,32,6,2993,1,2,BMW X3,9,E01031082,0,3
2024141420432,2024,141420432,1,9,0,-1,19,6,2,-1,0,8,0,0,0,0,1,1,-1,6,2,43,7,1995,2,5,BMW X3,8,E01007988,0,1
2024131514003,2024,131514003,1,9,0,-1,19,3,7,-1,0,0,0,0,0,0,1,1,-1,9,2,49,8,2993,2,9,BMW X3,1,E01010611,0,1
2024302400547,2024,302400547,2,9,0,18,19,4,8,0,0,8,0,0,0,0,1,1,2,2,1,61,9,1995,2,11,BMW X3,7,E01029491,0,4
2024991450480,2024,991450480,2,9,0,-1,19,7,3,-1,0,0,0,0,0,0,1,1,-1,9,1,36,7,2993,2,17,BMW X3,8,-1,0,1
2024440323424,2024,440323424,1,9,0,16,19,3,6,0,0,8,0,0,1,7,1,1,6,6,1,29,6,2993,2,7,BMW X3,10,E01023214,0,4
2024131404834,2024,131404834,2,9,0,-1,19,8,4,-1,0,8,0,0,0,0,4,1,-1,9,1,56,9,1995,2,13,BMW X3,1,E01011780,0,1
2024010547834,2024,010547834,1,9,0,18,19,1,5,9,9,6,0,4,2,11,2,1,6,6,1,22,5,2993,1,5,BMW X3,2,E01015705,0,4
2024311461324,2024,311461324,1,9,0,-1,19,7,3,-1,0,8,0,7,0,0,1,1,-1,6,1,74,10,1995,2,10,BMW X3,4,E01027945,0,3
2024351409219,2024,351409219,1,9,0,-1,-1,-1,-1,-1,-1,0,0,0,0,0,1,9,-1,6,2,71,10,1995,12,2,BMW X3,4,E01026660,0,1
2024471530509,2024,471530509,2,9,0,-1,19,3,7,-1,9,0,0,11,1,11,3,1,-1,9,1,43,7,1995,2,7,BMW X3,6,E01020960,0,4
2024622400564,2024,622400564,2,9,4,2,2,0,0,0,0,0,0,0,0,0,2,1,6,6,3,-1,-1,1995,2,14,BMW X3,-1,-1,0,-1