collision_index,collision_year,collision_ref_no,vehicle_reference,vehicle_type,towing_and_articulation,vehicle_manoeuvre_historic,vehicle_manoeuvre,vehicle_direction_from,vehicle_direction_to,vehicle_location_restricted_lane_historic,vehicle_location_restricted_lane,junction_location,skidding_and_overturning,hit_object_in_carriageway,vehicle_leaving_carriageway,hit_object_off_carriageway,first_point_of_impact,vehicle_left_hand_drive,journey_purpose_of_driver_historic,journey_purpose_of_driver,sex_of_driver,age_of_driver,age_band_of_driver,engine_capacity_cc,propulsion_code,age_of_vehicle,generic_make_model,driver_imd_decile,lsoa_of_driver,escooter_flag,driver_distance_banding
2024161532068,2024,161532068,1,9,0,-1,9,4,2,-1,0,5,0,0,0,0,1,1,-1,9,1,71,10,1995,2,12,BMW X3,1,E01012787,0,3
2024411528702,2024,411528702,3,9,0,-1,4,3,7,-1,0,0,1,1,0,0,1,1,-1,9,1,32,6,1995,2,9,BMW X3,9,E01022063,0,2
2024461410426,2024,461410426,3,9,0,-1,3,4,8,-1,0,3,0,0,0,0,1,9,-1,6,1,57,9,1995,2,8,BMW X3,2,E01024476,0,1
2024010541397,2024,010541397,1,9,0,3,3,3,7,0,0,2,0,0,0,0,2,1,6,6,1,58,9,2494,1,20,BMW X3,4,E01001463,0,3
2024201455379,2024,201455379,2,9,0,-1,7,6,1,-1,0,6,0,0,0,0,9,1,-1,6,1,-1,-1,1995,2,5,BMW X3,-1,-1,0,-1
2024421492819,2024,421492819,1,9,0,-1,4,1,5,-1,0,0,0,0,0,0,1,1,-1,6,1,91,11,1995,2,9,BMW X3,7,E01003285,0,3
2024201448837,2024,201448837,1,9,0,-1,4,2,6,-1,0,1,0,0,0,0,2,1,-1,9,1,31,6,1995,2,9,BMW X3,5,E01027972,0,4
2024520403087,2024,520403087,4,9,0,4,4,5,3,0,0,5,0,0,0,0,2,1,6,6,1,58,9,1995,2,11,BMW X3,5,E01029053,0,1
2024161427700,2024,161427700,1,9,0,-1,12,1,5,-1,0,8,0,0,0,0,3,1,-1,9,1,41,7,1995,2,19,BMW X3,1,E01012761,0,1
202454E288224,2024,54E288224,2,9,0,18,19,2,6,0,0,1,0,0,0,0,3,1,6,6,2,41,7,1995,2,10,BMW X3,8,E01031957,0,1
2024631456115,2024,631456115,2,9,0,-1,19,2,6,-1,0,0,0,0,1,10,1,1,-1,9,2,71,10,1995,2,11,BMW X3,6,W01000560,0,1
2024991461271,2024,991461271,1,9,0,-1,15,6,2,-1,0,0,1,0,0,0,1,1,-1,6,1,54,8,1995,2,16,BMW X3,-1,-1,0,-1
2024061430668,2024,061430668,1,9,0,-1,19,3,7,-1,0,2,0,0,7,11,1,1,-1,6,2,17,4,2000,2,14,BMW X3,1,E01005638,0,3
2024991457344,2024,991457344,3,9,0,-1,3,3,7,-1,0,1,0,0,0,0,2,1,-1,2,1,43,7,1998,8,0,BMW X3,9,-1,0,2
2024471431187,2024,471431187,1,9,0,-1,9,1,7,-1,0,8,0,0,0,0,1,1,-1,9,1,65,9,1995,2,9,BMW X3,10,E01031690,0,1
2024231422409,2024,231422409,1,9,0,-1,4,3,7,-1,0,0,0,0,0,0,1,9,-1,9,1,51,8,1998,8,0,BMW X3,8,E01031083,0,1
2024161434722,2024,161434722,1,9,0,-1,19,3,7,-1,0,1,0,0,0,0,1,1,-1,7,2,36,7,1995,2,12,BMW X3,7,E01013307,0,1
2024311455287,2024,311455287,1,9,0,-1,1,4,6,-1,0,1,0,0,0,0,2,1,-1,6,1,48,8,1995,2,12,BMW X3,3,E01013944,0,1
2024991514736,2024,991514736,1,9,0,-1,4,7,3,-1,0,0,0,0,0,0,1,1,-1,6,2,42,7,1995,12,3,BMW X3,9,-1,0,4
2024471495440,2024,471495440,2,9,0,-1,1,1,5,-1,5,0,0,0,0,0,2,1,-1,6,1,51,8,1995,2,18,BMW X3,7,E01024789,0,4
2024552400431,2024,552400431,3,9,0,18,19,2,6,0,0,0,0,0,0,0,1,1,6,6,2,49,8,1995,2,6,BMW X3,10,E01030898,0,5
2024991450939,2024,991450939,3,9,0,-1,4,6,2,-1,0,1,0,0,0,0,1,1,-1,6,2,40,7,1995,2,17,BMW X3,8,-1,0,3
2024461400634,2024,461400634,2,9,0,-1,4,1,5,-1,0,1,0,0,0,0,2,1,-1,6,2,56,9,1995,2,18,BMW X3,7,E01024232,0,1
2024010528379,2024,010528379,1,9,0,9,9,6,3,4,4,5,0,0,0,0,1,1,6,6,1,47,8,1998,8,1,BMW X3,4,E01001296,0,2
2024302401639,2024,302401639,3,9,0,-1,19,3,7,-1,0,1,0,0,0,0,1,2,-1,6,1,50,8,1995,2,8,BMW X3,10,E01013539,0,1
2024010540222,2024,010540222,2,9,0,99,99,9,9,99,99,9,9,99,9,99,1,9,6,6,3,-1,-1,1995,2,9,BMW X3,2,E01033926,0,1
2024101480728,2024,101480728,1,9,0,-1,9,5,3,-1,0,8,0,0,0,0,1,1,-1,6,2,34,6,1995,-1,3,BMW X3,7,E01008500,0,1
2024201502369,2024,201502369,2,9,0,-1,4,5,1,-1,0,1,0,0,0,0,1,9,-1,6,1,46,8,1995,2,17,BMW X3,3,E01010099,0,1
2024471476763,2024,471476763,2,9,0,-1,19,1,5,-1,0,1,0,0,0,0,4,1,-1,2,1,50,8,1995,2,7,BMW X3,9,E01031356,0,2
2024010499923,2024,010499923,2,9,0,1,1,9,9,99,99,9,9,99,9,99,9,9,6,6,3,-1,-1,1995,2,7,BMW X3,-1,-1,0,-1
2024211486179,2024,211486179,2,9,0,-1,5,6,3,-1,0,2,0,0,0,0,3,1,-1,6,1,37,7,1995,2,7,BMW X3,-1,-1,0,-1
2024111510495,2024,111510495,2,9,0,-1,19,8,4,-1,0,0,0,0,0,0,3,1,-1,9,2,61,9,1995,2,12,BMW X3,2,E01020792,0,1
2024141575258,2024,141575258,3,9,0,-1,19,7,3,-1,0,0,0,0,0,0,1,1,-1,6,1,23,5,2993,2,11,BMW X3,9,E01035479,0,4
2024361484940,2024,361484940,2,9,0,-1,19,1,5,-1,0,1,0,0,0,0,1,1,-1,6,1,32,6,1995,2,17,BMW X3,7,E01026903,0,1
2024010546190,2024,010546190,2,9,0,99,99,9,9,99,99,0,9,99,9,99,2,9,6,6,3,69,10,1995,2,12,BMW X3,6,E01002834,0,1
2024101408303,2024,101408303,1,9,0,-1,19,7,3,-1,0,8,0,0,0,0,1,1,-1,6,1,49,8,1995,2,8,BMW X3,1,E01008439,0,1
2024340WN4552,2024,340WN4552,2,9,0,-1,4,5,1,-1,0,0,0,0,0,0,2,1,-1,2,2,28,6,1998,8,0,BMW X3,8,E01009559,0,4
2024041508913,2024,041508913,1,9,0,-1,19,1,1,-1,0,1,0,0,0,0,1,1,-1,9,1,24,5,1998,8,0,BMW X3,4,E01025265,0,1
2024010535830,2024,010535830,2,9,0,17,19,1,5,0,0,0,0,7,0,0,4,1,6,6,1,36,7,1995,2,5,BMW X3,2,E01000661,0,3
2024471399185,2024,471399185,1,9,0,-1,19,4,8,-1,0,1,0,0,0,0,1,1,-1,9,2,73,10,1995,2,12,BMW X3,4,E01021071,0,1
2024311408429,2024,311408429,1,9,0,-1,4,5,2,-1,0,4,0,0,0,0,1,9,-1,6,1,71,10,1995,2,19,BMW X3,6,E01028034,0,1
2024631517319,2024,631517319,1,9,0,-1,13,6,2,-1,0,0,0,0,0,0,1,1,-1,6,1,29,6,2993,2,9,BMW X3,3,E01005149,0,5
2024991520336,2024,991520336,1,9,0,-1,19,3,6,-1,0,0,1,0,7,0,1,1,-1,2,1,21,5,1995,2,19,BMW X3,1,-1,0,1
2024440397227,2024,440397227,1,9,0,18,19,7,3,0,0,0,0,0,0,0,1,1,3,7,1,46,8,1995,2,12,BMW X3,8,E01022755,0,1
2024991520772,2024,991520772,3,9,0,-1,2,7,3,-1,0,0,0,0,0,0,2,2,-1,6,2,37,7,1995,2,6,BMW X3,7,-1,0,4
2024131443644,2024,131443644,2,9,0,-1,19,3,7,-1,0,0,0,0,0,0,2,1,-1,2,2,34,6,1995,2,4,BMW X3,5,E01013297,0,4
2024461526029,2024,461526029,2,9,0,-1,4,5,1,-1,0,0,0,0,0,0,2,9,-1,2,2,36,7,1995,2,11,BMW X3,7,E01024553,0,3
2024461529425,2024,461529425,1,9,0,-1,19,4,8,-1,0,0,0,0,0,0,1,1,-1,2,2,54,8,1995,-1,2,BMW X3,7,E01016094,0,4
2024411486347,2024,411486347,1,9,0,-1,19,5,1,-1,0,0,0,0,0,0,4,1,-1,9,2,50,8,1995,2,4,BMW X3,10,E01023443,0,1
2024501417370,2024,501417370,1,9,0,-1,12,3,6,-1,0,0,0,0,0,0,1,1,-1,9,1,75,10,1995,2,10,BMW X3,2,E01015073,0,1
2024351423040,2024,351423040,2,9,0,-1,3,1,3,-1,0,0,0,0,0,0,2,1,-1,9,2,53,8,1995,2,4,BMW X3,6,E01035549,0,4
2024552401251,2024,552401251,2,9,0,2,2,0,0,9,9,0,0,0,0,0,2,1,6,6,3,-1,-1,1995,2,13,BMW X3,-1,-1,0,-1
2024361522843,2024,361522843,1,19,0,-1,4,-1,-1,-1,0,1,0,0,0,0,1,1,-1,6,1,63,9,1997,2,8,CITROEN RELAY,9,E01026454,0,1
2024101504760,2024,101504760,1,20,-1,-1,11,3,7,-1,0,0,0,0,0,0,4,9,-1,6,3,-1,-1,-1,-1,-1,CITROEN RELAY,-1,-1,0,-1
2024061497532,2024,061497532,2,90,0,-1,2,0,0,-1,9,1,0,0,0,0,3,1,-1,6,-1,-1,-1,2198,2,12,CITROEN RELAY,-1,-1,0,-1
2024501510197,2024,501510197,2,19,0,-1,2,0,0,-1,9,8,0,0,0,0,1,1,-1,6,-1,-1,-1,1997,2,7,CITROEN RELAY,-1,-1,0,-1
2024041412941,2024,041412941,1,19,0,-1,19,3,7,-1,0,0,0,0,0,0,1,1,-1,6,1,36,7,1997,2,6,CITROEN RELAY,5,E01025320,0,4
2024548176324,2024,548176324,1,19,0,18,19,5,1,0,0,0,0,0,0,0,1,1,1,1,1,46,8,2200,2,4,CITROEN RELAY,3,E01031956,0,4
2024520402410,2024,520402410,1,19,0,1,1,8,4,9,9,2,0,0,0,0,2,1,6,6,2,29,6,2179,2,1,CITROEN RELAY,6,E01014984,0,4
2024451544001,2024,451544001,1,19,0,-1,7,1,5,-1,0,1,1,0,0,0,2,1,-1,1,1,65,9,2179,2,0,CITROEN RELAY,5,E01000792,0,3
2024031474572,2024,031474572,1,19,0,-1,12,3,7,-1,0,0,1,0,4,0,4,1,-1,1,1,45,7,2179,2,2,CITROEN RELAY,4,E01019218,0,4
2024451508281,2024,451508281,1,19,0,-1,19,6,2,-1,0,4,0,0,3,0,1,1,-1,1,1,25,5,2200,2,4,CITROEN RELAY,7,E01002428,0,3
2024371538127,2024,371538127,1,19,0,-1,9,8,6,-1,0,1,0,0,0,0,1,9,-1,6,1,43,7,2179,2,0,CITROEN RELAY,6,E01031153,0,5
202460Q038827,2024,60Q038827,1,19,0,9,9,1,7,0,0,6,0,0,0,0,4,1,6,6,3,-1,-1,2200,2,3,CITROEN RELAY,-1,-1,0,-1
2024010506468,2024,010506468,1,19,0,4,4,1,5,0,0,2,0,0,0,0,1,1,1,1,1,40,7,2179,2,2,CITROEN RELAY,3,E01002403,0,2
2024131474450,2024,131474450,1,19,0,-1,19,2,6,-1,0,0,0,0,0,0,4,1,-1,6,3,-1,-1,2179,2,1,CITROEN RELAY,-1,-1,0,-1
2024451522117,2024,451522117,1,19,0,-1,19,7,3,-1,0,1,1,0,0,0,1,2,-1,1,1,33,6,2200,2,4,CITROEN RELAY,8,E01030813,0,1
2024131508958,2024,131508958,2,19,0,-1,2,0,0,-1,0,8,0,0,0,0,2,1,-1,6,-1,-1,-1,2198,2,7,CITROEN RELAY,-1,-1,0,-1
2024231517975,2024,231517975,2,19,0,-1,19,1,5,-1,0,0,0,0,7,0,1,9,-1,6,1,47,8,2179,2,2,CITROEN RELAY,6,E01032385,0,3
2024010498158,2024,010498158,1,19,0,99,99,9,9,99,99,9,9,99,9,99,2,9,6,6,1,59,9,2200,2,3,CITROEN RELAY,7,E01024803,0,4
2024411445055,2024,411445055,1,19,0,-1,5,7,5,-1,0,8,0,0,0,0,1,1,-1,1,1,32,6,1997,2,7,CITROEN RELAY,7,E01023527,0,2
2024052400100,2024,052400100,1,19,0,5,5,1,7,0,0,1,0,0,0,0,1,1,2,2,1,62,9,2198,2,10,CITROEN RELAY,4,E01007312,0,1
2024440541104,2024,440541104,2,19,0,18,19,5,1,0,0,8,0,0,0,0,1,1,1,1,1,49,8,2198,2,8,CITROEN RELAY,10,E01022704,0,3
2024361494938,2024,361494938,1,19,0,-1,5,1,3,-1,0,4,0,0,0,0,3,1,-1,1,1,39,7,1997,2,6,CITROEN RELAY,2,E01033440,0,1
2024131531295,2024,131531295,1,19,0,-1,19,3,7,-1,0,8,0,0,0,0,1,1,-1,1,1,51,8,2179,2,1,CITROEN RELAY,7,E01018736,0,4
2024991443854,2024,991443854,1,19,0,-1,9,2,5,-1,0,0,0,0,0,0,3,1,-1,1,2,46,8,2179,2,1,CITROEN RELAY,4,-1,0,4
2024010551338,2024,010551338,2,19,0,2,2,0,0,0,0,0,0,0,0,0,2,1,6,6,3,-1,-1,2200,2,4,CITROEN RELAY,-1,-1,0,-1
2024991457063,2024,991457063,1,19,0,-1,19,7,3,-1,0,1,0,0,0,0,1,1,-1,1,1,34,6,2179,2,1,CITROEN RELAY,5,-1,0,4
2024010527954,2024,010527954,1,19,0,5,5,6,2,0,0,6,0,0,0,0,4,1,1,1,1,34,6,2200,2,3,CITROEN RELAY,4,E01017905,0,3
2024010544239,2024,010544239,2,19,0,99,99,9,9,99,99,9,9,99,9,99,9,9,6,6,3,-1,-1,2200,2,2,CITROEN RELAY,4,E01000189,0,4
2024421467286,2024,421467286,1,19,0,-1,19,6,2,-1,0,0,0,0,0,0,1,1,-1,1,1,31,6,2200,2,2,CITROEN RELAY,5,E01021644,0,3
2024440547028,2024,440547028,1,19,0,7,7,5,8,0,0,6,0,0,0,0,1,1,6,6,1,53,8,1997,2,6,CITROEN RELAY,7,E01017294,0,1
2024031477759,2024,031477759,1,19,0,-1,7,3,7,-1,0,2,0,0,0,0,1,1,-1,6,1,34,6,2200,2,2,CITROEN RELAY,-1,-1,0,-1
2024010521928,2024,010521928,2,19,0,11,11,9,9,2,2,0,9,99,9,99,2,9,6,6,1,-1,-1,2200,2,5,CITROEN RELAY,-1,-1,0,-1
2024010537998,2024,010537998,1,10,0,4,4,5,1,0,0,0,0,0,0,0,2,1,1,1,1,36,7,2179,2,1,CITROEN RELAY,3,E01034608,0,1
2024401437081,2024,401437081,2,19,0,-1,4,4,8,-1,0,0,0,0,0,0,2,9,-1,2,1,41,7,2179,2,1,CITROEN RELAY,9,E01015681,0,4
2024421428074,2024,421428074,3,19,0,-1,4,1,5,-1,0,0,0,0,0,0,1,9,-1,1,1,52,8,2198,2,7,CITROEN RELAY,3,E01004413,0,4
2024411545586,2024,411545586,3,19,0,-1,19,8,4,-1,0,0,0,0,1,0,2,1,-1,6,1,43,7,1997,2,6,CITROEN RELAY,5,E01023827,0,2
2024131439968,2024,131439968,2,19,0,-1,19,3,7,-1,0,1,0,0,0,0,3,1,-1,2,1,40,7,2179,2,1,CITROEN RELAY,1,E01011662,0,4
2024070693595,2024,070693595,1,19,0,18,19,3,7,6,6,0,2,10,1,7,1,1,1,1,1,52,8,2179,2,1,CITROEN RELAY,7,E01006471,0,4
2024461437383,2024,461437383,1,19,0,-1,19,3,7,-1,0,1,0,0,0,0,1,1,-1,6,1,64,9,2179,2,2,CITROEN RELAY,3,E01033934,0,4
2024522401746,2024,522401746,1,19,0,9,9,3,1,0,0,5,0,0,0,0,3,1,6,6,1,28,6,2200,2,4,CITROEN RELAY,1,E01029132,0,3
2024501466499,2024,501466499,1,19,0,-1,13,4,7,-1,0,1,0,0,0,0,1,1,-1,6,1,27,6,2198,2,8,CITROEN RELAY,5,E01008045,0,5
2024052402103,2024,052402103,1,19,0,18,19,7,3,0,0,0,0,0,0,0,4,1,1,1,1,44,7,2179,2,2,CITROEN RELAY,1,E01007238,0,1
2024122500105,2024,122500105,1,19,0,5,5,2,5,0,0,1,0,0,0,0,1,1,6,6,1,42,7,2200,2,3,CITROEN RELAY,8,E01006299,0,5
2024461449201,2024,461449201,2,20,0,-1,19,5,1,-1,0,8,0,0,0,0,0,9,-1,1,1,45,7,1997,2,5,CITROEN RELAY,2,E01024585,0,3
2024631489539,2024,631489539,1,19,0,-1,19,1,5,-1,0,0,0,0,0,0,1,1,-1,6,1,-1,-1,2179,2,2,CITROEN RELAY,2,W01000788,0,4
2024010527380,2024,010527380,1,19,0,9,9,5,3,0,0,1,0,0,0,0,3,1,1,1,1,29,6,2200,2,2,CITROEN RELAY,3,E01003589,0,3
2024501456332,2024,501456332,1,19,0,-1,3,3,7,-1,0,1,0,0,0,0,2,9,-1,6,3,-1,-1,2198,2,7,CITROEN RELAY,-1,-1,0,-1
2024451432713,2024,451432713,2,19,0,-1,19,8,7,-1,0,0,0,0,0,0,3,1,-1,1,1,30,6,1997,2,6,CITROEN RELAY,5,E01000131,0,4
2024010546000,2024,010546000,3,19,0,3,3,3,7,0,0,8,0,4,0,0,2,2,1,1,1,51,8,2200,2,3,CITROEN RELAY,10,E01028428,0,5
2024010507560,2024,010507560,2,19,0,4,4,5,1,0,0,1,0,0,0,0,1,1,1,1,1,44,7,2200,2,3,CITROEN RELAY,4,E01004462,0,1
2024070324236,2024,070324236,1,19,0,16,19,4,7,0,0,8,0,0,0,0,1,1,1,1,1,48,8,2200,2,3,CITROEN RELAY,1,E01024953,0,4
2024411398441,2024,411398441,1,19,-1,-1,1,8,4,-1,0,0,0,0,0,0,2,9,-1,6,1,41,7,2200,2,5,CITROEN RELAY,4,E01023794,0,2
2024010511988,2024,010511988,3,19,0,2,2,0,0,0,0,0,0,0,0,0,1,1,6,6,3,-1,-1,1997,2,6,CITROEN RELAY,-1,-1,0,-1
2024041436612,2024,041436612,1,19,0,-1,19,3,7,-1,0,0,2,0,6,0,4,1,-1,1,1,29,6,2179,2,1,CITROEN RELAY,5,E01007014,0,3
2024061413492,2024,061413492,1,19,0,-1,9,7,3,-1,9,1,0,0,0,0,1,1,-1,6,1,62,9,2200,2,5,CITROEN RELAY,2,E01007324,0,4
2024991410011,2024,991410011,1,19,0,-1,19,2,7,-1,0,0,0,4,0,0,3,9,-1,6,1,32,6,2200,2,4,CITROEN RELAY,9,-1,0,2
2024010522564,2024,010522564,2,19,0,18,19,3,7,0,0,1,0,0,0,0,1,1,1,1,2,57,9,2198,2,10,CITROEN RELAY,2,E01000097,0,1
2024520500051,2024,520500051,4,19,0,18,19,1,5,0,0,1,0,0,0,0,1,1,6,6,1,41,7,2179,2,0,CITROEN RELAY,9,E01018796,0,5
2024161423095,2024,161423095,3,19,0,-1,19,5,1,-1,0,0,0,0,0,0,3,9,-1,6,1,57,9,2198,2,9,CITROEN RELAY,7,E01012939,0,1
2024010532339,2024,010532339,2,19,3,2,2,0,0,0,0,1,0,0,0,0,0,1,6,6,3,-1,-1,1997,2,8,CITROEN RELAY,-1,-1,0,-1
2024471514333,2024,471514333,2,19,0,-1,12,5,1,-1,0,0,0,0,0,0,3,1,-1,1,1,57,9,1997,2,5,CITROEN RELAY,9,E01000410,0,4
2024540640024,2024,540640024,2,19,0,18,19,8,4,0,0,0,0,0,0,0,2,1,1,1,1,46,8,2200,2,4,CITROEN RELAY,3,E01016452,0,4
2024101511755,2024,101511755,1,19,0,-1,19,3,7,-1,0,0,0,0,0,0,1,1,-1,1,1,27,6,2200,2,3,CITROEN RELAY,5,-1,0,4
2024010520884,2024,010520884,2,19,0,99,99,9,9,99,99,9,9,99,9,99,2,9,6,6,3,-1,-1,1997,2,8,CITROEN RELAY,-1,-1,0,-1
2024031500387,2024,031500387,2,19,0,-1,2,0,0,-1,0,0,0,4,0,0,1,1,-1,6,1,-1,-1,2179,2,1,CITROEN RELAY,9,E01019191,0,3
2024052402663,2024,052402663,1,19,0,18,19,5,1,0,0,3,0,0,0,0,4,1,1,1,1,63,9,2198,2,8,CITROEN RELAY,2,E01005670,0,4
2024552401176,2024,552401176,1,19,0,18,19,5,1,0,0,0,0,0,0,0,1,1,1,1,1,38,7,2198,2,8,CITROEN RELAY,6,E01015336,0,1
2024991442984,2024,991442984,2,19,0,-1,19,7,2,-1,0,1,0,0,0,0,1,1,-1,1,1,55,8,2200,2,2,CITROEN RELAY,8,-1,0,4
2024041449881,2024,041449881,1,19,0,-1,19,3,7,-1,0,0,0,0,1,0,1,1,-1,2,1,28,6,2179,2,1,CITROEN RELAY,2,E01025055,0,1
2024471499136,2024,471499136,1,19,0,-1,19,7,3,-1,0,2,0,4,0,0,1,1,-1,6,1,69,10,1997,2,7,CITROEN RELAY,2,E01016906,0,2
2024522402931,2024,522402931,2,19,0,9,9,2,7,0,0,8,0,0,0,0,1,1,6,6,3,-1,-1,2179,2,2,CITROEN RELAY,-1,-1,0,-1
2024131448079,2024,131448079,2,19,0,-1,5,1,5,-1,0,8,0,0,0,0,4,1,-1,1,2,28,6,1997,2,6,CITROEN RELAY,6,E01010909,0,1
2024320721663,2024,320721663,1,19,0,-1,-1,6,2,0,0,1,0,0,1,1,1,1,1,1,1,40,7,2200,2,4,CITROEN RELAY,5,E01026201,0,3
2024501520183,2024,501520183,1,19,0,-1,19,4,8,-1,0,0,1,0,0,0,1,1,-1,6,1,39,7,2200,2,4,CITROEN RELAY,3,E01019076,0,4
2024501471720,2024,501471720,1,19,0,-1,19,2,4,-1,0,0,0,0,0,0,1,1,-1,1,1,35,6,2179,2,0,CITROEN RELAY,6,E01015027,0,4
2024131467540,2024,131467540,2,19,0,-1,19,5,1,-1,0,0,0,0,0,0,2,1,-1,9,1,60,9,1997,2,6,CITROEN RELAY,6,E01007468,0,1
2024440238576,2024,440238576,1,19,0,5,5,5,1,0,0,4,0,0,0,0,3,1,1,1,1,39,7,2200,2,3,CITROEN RELAY,5,E01022539,0,1
2024622400845,2024,622400845,2,19,0,2,2,0,0,0,0,0,0,0,0,0,1,1,6,6,3,-1,-1,2198,2,12,CITROEN RELAY,-1,-1,0,-1
2024061517118,2024,061517118,2,20,0,-1,12,-1,-1,-1,0,0,0,0,0,0,3,1,-1,6,3,-1,-1,-1,-1,-1,CITROEN RELAY,-1,-1,0,-1
2024520001407,2024,520001407,2,19,0,18,19,7,3,0,0,0,0,0,0,0,3,1,6,6,3,-1,-1,2179,2,22,CITROEN RELAY,-1,-1,0,-1
2024041424995,2024,041424995,1,19,0,-1,19,7,3,-1,0,0,0,0,2,7,1,1,-1,1,1,64,9,2200,2,4,CITROEN RELAY,2,E01034505,0,5
2024131481883,2024,131481883,2,19,0,-1,5,1,5,-1,0,8,0,0,0,0,1,1,-1,1,1,30,6,2200,2,4,CITROEN RELAY,5,E01013003,0,4
2024461514613,2024,461514613,1,19,0,-1,19,8,4,-1,0,0,0,4,0,0,1,1,-1,6,1,-1,-1,1997,2,7,CITROEN RELAY,5,E01032800,0,3
2024302400309,2024,302400309,1,19,0,4,4,3,7,0,0,8,0,0,0,0,1,1,2,2,1,46,8,2198,2,13,CITROEN RELAY,3,E01019667,0,3
2024010534405,2024,010534405,1,19,0,7,7,7,1,0,0,8,0,0,0,0,4,1,1,1,1,71,10,2200,2,2,CITROEN RELAY,5,E01034037,0,1
2024991432330,2024,991432330,1,19,0,-1,6,7,7,-1,0,0,0,0,0,0,4,1,-1,9,1,40,7,2198,2,10,CITROEN RELAY,10,-1,0,1
2024122400866,2024,122400866,1,19,0,7,7,5,1,9,9,0,0,0,0,0,4,1,1,1,1,65,9,2198,2,16,CITROEN RELAY,2,E01027825,0,1
2024522402881,2024,522402881,2,19,0,18,19,1,5,0,0,8,0,0,0,0,1,1,6,6,1,42,7,2198,2,8,CITROEN RELAY,4,E01014485,0,2
2024111445535,2024,111445535,2,19,0,-1,3,6,1,-1,0,0,0,0,0,0,2,9,-1,2,1,40,7,1997,2,6,CITROEN RELAY,5,E01008727,0,3
2024991414220,2024,991414220,1,19,0,-1,9,2,4,-1,0,2,0,0,0,0,1,1,-1,1,1,37,7,1997,2,7,CITROEN RELAY,7,-1,0,1
2024010512073,2024,010512073,2,19,0,-1,-1,7,3,0,0,3,0,0,0,0,4,1,1,1,1,25,5,1997,2,8,CITROEN RELAY,-1,-1,0,-1
2024991527536,2024,991527536,1,19,0,-1,19,8,4,-1,9,2,0,0,1,11,1,1,-1,9,1,41,7,2200,2,3,CITROEN RELAY,4,-1,0,1
2024010524095,2024,010524095,2,19,0,18,19,1,5,0,0,0,0,0,0,0,1,1,1,1,1,35,6,2179,2,1,CITROEN RELAY,-1,-1,0,-1
2024421443880,2024,421443880,1,19,0,-1,19,1,5,-1,0,0,0,0,0,0,1,1,-1,6,1,-1,-1,2200,2,2,CITROEN RELAY,-1,-1,0,-1
2024451394044,2024,451394044,1,19,0,-1,9,0,1,-1,9,0,0,0,0,0,4,1,-1,1,1,61,9,2200,2,2,CITROEN RELAY,9,E01016219,0,4
2024451525287,2024,451525287,2,19,0,-1,19,7,3,-1,0,8,0,0,7,11,4,1,-1,1,1,58,9,1997,2,5,CITROEN RELAY,8,E01030697,0,1
2024111437054,2024,111437054,1,19,0,-1,19,5,1,-1,0,0,0,0,0,0,1,1,-1,6,1,30,6,2200,2,3,CITROEN RELAY,2,E01020768,0,2
2024461510226,2024,461510226,3,19,0,-1,19,4,7,-1,0,0,0,0,0,0,-1,9,-1,6,1,-1,-1,2179,2,2,CITROEN RELAY,-1,-1,0,-1
2024211512424,2024,211512424,1,19,0,-1,19,1,1,-1,0,0,0,4,0,0,1,1,-1,2,1,22,5,2179,2,1,CITROEN RELAY,7,E01031038,0,2
2024311451550,2024,311451550,1,19,0,-1,2,0,0,-1,0,0,0,0,0,0,4,9,-1,6,3,-1,-1,2179,2,1,CITROEN RELAY,6,E01007908,0,4
2024991493672,2024,991493672,1,19,0,-1,4,7,2,-1,0,8,0,0,0,0,0,1,-1,1,1,35,6,2200,2,2,CITROEN RELAY,7,-1,0,3
2024631478624,2024,631478624,1,19,0,-1,19,7,3,-1,0,0,5,0,0,0,1,1,-1,6,1,42,7,2198,2,16,CITROEN RELAY,2,W01001436,0,4
2024161422235,2024,161422235,2,19,0,-1,2,0,0,-1,0,2,0,0,0,0,2,1,-1,6,-1,-1,-1,2200,2,2,CITROEN RELAY,-1,-1,0,-1
2024201549758,2024,201549758,1,19,0,-1,2,0,0,-1,0,2,0,0,0,0,0,9,-1,6,-1,-1,-1,2200,2,5,CITROEN RELAY,-1,-1,0,-1
2024552400685,2024,552400685,3,19,0,2,2,0,0,0,0,0,0,0,0,0,1,1,6,6,3,-1,-1,2198,2,10,CITROEN RELAY,-1,-1,0,-1
2024522500042,2024,522500042,2,19,0,18,19,7,3,0,0,8,0,0,0,0,4,1,6,6,1,60,9,2179,2,2,CITROEN RELAY,1,E01014726,0,3
2024991432764,2024,991432764,1,19,0,-1,7,4,8,-1,0,6,0,0,0,0,1,1,-1,6,1,39,7,2200,2,2,CITROEN RELAY,6,-1,0,3
2024041425129,2024,041425129,1,10,0,-1,5,7,3,-1,0,0,0,0,0,0,1,1,-1,1,1,39,7,-1,-1,-1,CITROEN RELAY,2,E01025263,0,1
2024010536657,2024,010536657,2,19,0,99,99,9,9,99,99,9,9,99,9,99,2,9,6,6,3,-1,-1,2198,2,17,CITROEN RELAY,-1,-1,0,-1