collision_index,collision_year,collision_ref_no,vehicle_reference,vehicle_type,towing_and_articulation,vehicle_manoeuvre_historic,vehicle_manoeuvre,vehicle_direction_from,vehicle_direction_to,vehicle_location_restricted_lane_historic,vehicle_location_restricted_lane,junction_location,skidding_and_overturning,hit_object_in_carriageway,vehicle_leaving_carriageway,hit_object_off_carriageway,first_point_of_impact,vehicle_left_hand_drive,journey_purpose_of_driver_historic,journey_purpose_of_driver,sex_of_driver,age_of_driver,age_band_of_driver,engine_capacity_cc,propulsion_code,age_of_vehicle,generic_make_model,driver_imd_decile,lsoa_of_driver,escooter_flag,driver_distance_banding
2024221476391,2024,221476391,3,19,0,-1,2,0,0,-1,0,2,0,0,0,0,1,9,-1,6,1,55,8,1997,2,6,CITROEN RELAY,5,E01032426,0,1
2024991516840,2024,991516840,2,19,0,-1,19,7,3,-1,0,0,0,0,0,0,1,1,-1,9,1,40,7,2179,2,1,CITROEN RELAY,5,-1,0,1
2024122500464,2024,122500464,1,19,0,16,19,2,5,0,0,0,1,0,0,0,1,1,6,6,1,37,7,2198,2,13,CITROEN RELAY,9,E01027737,0,1
2024461518643,2024,461518643,2,19,0,-1,19,4,4,-1,0,8,0,0,0,0,1,1,-1,1,1,25,5,2184,2,0,CITROEN RELAY,6,E01024276,0,2
2024421420264,2024,421420264,2,19,0,-1,19,7,2,-1,0,0,0,0,0,0,3,1,-1,2,1,28,6,1997,2,6,CITROEN RELAY,3,-1,0,5
2024451496749,2024,451496749,3,19,0,-1,-1,-1,-1,-1,-1,0,-1,-1,-1,0,-1,9,-1,1,1,58,9,1997,2,7,CITROEN RELAY,10,E01030680,0,2
2024311533077,2024,311533077,2,19,0,-1,2,5,1,-1,0,0,5,4,1,0,2,1,-1,1,1,37,7,2198,2,8,CITROEN RELAY,9,E01028360,0,1
2024501485740,2024,501485740,1,19,0,-1,19,7,3,-1,0,0,0,0,1,10,2,1,-1,9,2,58,9,2179,2,1,CITROEN RELAY,6,E01018807,0,4
2024010532292,2024,010532292,1,20,0,99,99,9,9,99,99,9,9,99,9,99,1,9,6,6,1,49,8,-1,-1,-1,CITROEN RELAY,2,E01004665,0,1
2024361429376,2024,361429376,1,19,0,-1,19,6,2,-1,0,0,0,0,0,0,3,9,-1,6,3,18,4,2179,2,1,CITROEN RELAY,-1,-1,0,-1
2024010505546,2024,010505546,1,19,0,99,99,9,9,99,99,9,9,99,9,99,1,9,6,6,3,32,6,1997,2,6,CITROEN RELAY,4,E01034368,0,4
2024501501271,2024,501501271,1,19,0,-1,19,1,5,-1,0,1,0,0,0,0,4,1,-1,6,3,-1,-1,1997,2,6,CITROEN RELAY,-1,-1,0,-1
2024991499337,2024,991499337,1,19,0,-1,19,8,4,-1,0,0,0,0,0,0,3,1,-1,2,1,33,6,2200,2,3,CITROEN RELAY,6,-1,0,2
2024231460284,2024,231460284,2,19,0,-1,19,2,6,-1,0,0,0,0,0,0,1,1,-1,1,1,26,6,2179,2,1,CITROEN RELAY,8,E01026993,0,2
2024010525696,2024,010525696,1,19,0,2,2,0,0,0,0,8,0,0,0,0,2,1,6,6,3,-1,-1,2179,2,1,CITROEN RELAY,-1,-1,0,-1
2024141422561,2024,141422561,2,19,0,-1,19,2,6,-1,0,1,0,0,0,0,3,1,-1,6,1,30,6,1997,2,7,CITROEN RELAY,2,E01007942,0,1
2024401539767,2024,401539767,2,19,0,-1,3,1,5,-1,0,0,0,0,0,0,2,1,-1,6,1,62,9,2198,2,14,CITROEN RELAY,4,E01023403,0,4
2024631412638,2024,631412638,1,19,0,-1,19,4,7,-1,0,0,0,0,7,4,3,1,-1,9,1,30,6,2200,2,4,CITROEN RELAY,2,W01000707,0,1
2024991462407,2024,991462407,2,21,0,-1,2,0,0,-1,0,0,0,0,0,0,1,2,-1,6,1,64,9,-1,-1,-1,CITROEN RELAY,6,-1,0,1
2024471407716,2024,471407716,2,90,0,-1,8,4,6,-1,4,6,0,0,0,0,1,9,-1,6,2,37,7,2198,2,8,CITROEN RELAY,8,E01021181,0,4
2024201505233,2024,201505233,2,19,0,-1,5,3,5,-1,0,6,0,0,0,0,1,1,-1,1,1,55,8,2200,2,2,CITROEN RELAY,-1,-1,0,-1
2024010511965,2024,010511965,1,19,0,18,19,3,7,0,0,1,0,0,0,0,3,1,1,1,1,47,8,1997,2,5,CITROEN RELAY,3,E01000009,0,4
2024361503864,2024,361503864,1,19,0,-1,19,2,6,-1,0,1,0,0,0,0,1,1,-1,1,1,46,8,2179,2,1,CITROEN RELAY,2,E01035539,0,4
2024101461031,2024,101461031,1,19,0,-1,10,2,6,-1,0,6,0,0,0,0,1,1,-1,1,1,45,7,2179,2,1,CITROEN RELAY,-1,-1,0,-1
2024991517905,2024,991517905,1,19,0,-1,19,1,3,-1,0,1,0,0,0,0,1,1,-1,9,1,40,7,2200,2,4,CITROEN RELAY,3,-1,0,1
2024471428427,2024,471428427,3,19,0,-1,3,6,2,-1,0,0,0,0,0,0,1,9,-1,1,1,40,7,1997,2,6,CITROEN RELAY,7,E01031792,0,3
2024520402157,2024,520402157,2,19,0,4,4,8,4,0,0,0,0,0,0,0,2,1,6,6,1,34,6,2198,2,16,CITROEN RELAY,5,E01029058,0,1
2024010521965,2024,010521965,2,19,0,99,99,9,9,99,99,9,9,99,9,99,9,9,6,6,1,57,9,1997,2,7,CITROEN RELAY,2,E01001433,0,3
2024361529019,2024,361529019,3,19,0,-1,19,1,3,-1,0,0,0,0,1,0,1,1,-1,6,-1,-1,-1,2198,2,12,CITROEN RELAY,-1,-1,0,-1
2024451424668,2024,451424668,2,19,0,-1,19,4,8,-1,0,2,0,0,0,0,3,1,-1,1,1,36,7,2200,2,3,CITROEN RELAY,4,E01031652,0,3
2024991399150,2024,991399150,1,19,0,-1,19,8,4,-1,0,0,0,0,0,0,3,1,-1,1,1,41,7,2200,2,3,CITROEN RELAY,3,-1,0,1
2024010501687,2024,010501687,2,19,0,1,1,5,1,0,0,1,0,0,0,0,2,1,6,6,3,24,5,2198,2,17,CITROEN RELAY,-1,-1,0,-1
2024461429703,2024,461429703,2,20,0,-1,19,7,3,-1,0,0,0,0,0,0,2,1,-1,1,1,48,8,-1,-1,-1,CITROEN RELAY,5,E01024082,0,4
2024411429549,2024,411429549,1,19,-1,-1,-1,-1,-1,-1,-1,0,-1,-1,-1,0,-1,9,-1,6,1,-1,-1,2200,2,4,CITROEN RELAY,-1,-1,0,-1
2024991400980,2024,991400980,2,19,0,-1,19,6,1,-1,0,1,0,0,0,0,1,1,-1,9,1,56,9,2200,2,3,CITROEN RELAY,8,-1,0,1
2024991530588,2024,991530588,1,19,0,-1,9,7,4,-1,0,6,0,0,7,0,3,1,-1,1,1,20,4,2200,2,2,CITROEN RELAY,10,-1,0,1
2024131576605,2024,131576605,2,19,0,-1,19,1,5,-1,0,0,0,0,0,0,3,1,-1,1,1,43,7,1997,2,7,CITROEN RELAY,1,E01011494,0,1
2024161404646,2024,161404646,2,19,0,-1,1,2,1,-1,0,0,0,0,0,0,2,9,-1,6,3,-1,-1,2198,2,8,CITROEN RELAY,-1,-1,0,-1
2024991493154,2024,991493154,2,90,0,-1,19,4,8,-1,0,0,0,0,0,0,1,1,-1,9,1,75,10,2198,2,15,CITROEN RELAY,4,E01019327,0,5
2024481507948,2024,481507948,2,20,0,-1,9,5,3,-1,0,8,0,0,0,0,3,1,-1,1,1,59,9,-1,-1,-1,CITROEN RELAY,-1,-1,0,-1
2024070996064,2024,070996064,1,19,0,-1,9,3,7,-1,0,6,0,0,0,0,1,1,-1,6,1,55,8,1997,2,6,CITROEN RELAY,7,E01018708,0,2
2024440472899,2024,440472899,2,19,0,16,19,3,6,0,0,0,0,0,0,0,0,1,2,2,1,29,6,2200,2,3,CITROEN RELAY,6,E01023183,0,1
2024991413754,2024,991413754,1,10,0,-1,19,3,7,-1,0,1,0,0,0,0,1,1,-1,8,1,37,7,-1,-1,-1,CITROEN RELAY,1,-1,0,1
2024320637355,2024,320637355,1,19,0,-1,-1,4,8,0,0,1,0,0,0,0,4,1,1,1,3,-1,-1,2198,2,10,CITROEN RELAY,-1,-1,0,-1
2024010509591,2024,010509591,1,19,0,99,99,9,9,99,99,0,9,99,9,99,9,9,2,2,1,29,6,2179,2,1,CITROEN RELAY,6,E01003255,0,3
2024361529019,2024,361529019,2,19,-1,-1,19,1,3,-1,0,0,0,0,1,0,1,1,-1,6,3,-1,-1,2198,2,17,CITROEN RELAY,-1,-1,0,-1
2024991484449,2024,991484449,4,19,0,-1,19,1,7,-1,0,1,0,0,0,0,3,1,-1,1,1,31,6,2200,2,2,CITROEN RELAY,3,-1,0,4
2024471492458,2024,471492458,1,19,0,-1,5,8,4,-1,0,4,0,0,0,0,1,1,-1,9,1,35,6,2179,2,0,CITROEN RELAY,2,E01001114,0,4
2024141521737,2024,141521737,2,19,0,-1,19,3,7,-1,0,0,2,0,0,0,1,1,-1,6,1,62,9,2198,2,13,CITROEN RELAY,7,E01027999,0,4
2024131516860,2024,131516860,4,19,0,-1,2,0,0,-1,0,8,0,0,0,0,2,1,-1,6,-1,-1,-1,2198,2,8,CITROEN RELAY,-1,-1,0,-1
2024991430190,2024,991430190,1,19,0,-1,9,5,3,-1,9,6,1,0,1,0,1,1,-1,6,1,40,7,2200,2,2,CITROEN RELAY,2,-1,0,3
202454A933324,2024,54A933324,1,19,0,18,19,4,8,0,0,0,0,0,0,0,1,1,1,1,1,37,7,2179,2,0,CITROEN RELAY,6,E01009645,0,5
2024010532059,2024,010532059,2,19,0,99,99,9,9,99,99,9,9,99,9,99,9,9,6,6,1,28,6,2200,2,3,CITROEN RELAY,10,E01015909,0,4
2024010532008,2024,010532008,1,19,0,9,9,5,3,0,0,1,0,0,0,0,4,1,1,1,1,57,9,1997,2,7,CITROEN RELAY,7,E01001610,0,2
2024101534729,2024,101534729,2,19,0,-1,2,0,0,-1,0,0,0,0,0,0,2,1,-1,6,-1,-1,-1,2198,2,9,CITROEN RELAY,-1,-1,0,-1
2024070871481,2024,070871481,1,19,0,-1,19,2,6,-1,0,8,0,0,1,2,1,1,-1,1,1,36,7,2200,2,3,CITROEN RELAY,8,E01035389,0,2
2024010543804,2024,010543804,2,19,9,99,99,9,9,99,99,9,9,99,9,99,9,9,6,6,3,-1,-1,2200,2,3,CITROEN RELAY,2,E01002100,0,4
2024351471164,2024,351471164,1,19,0,-1,4,4,8,-1,0,0,0,0,0,0,1,1,-1,6,1,29,6,1997,2,5,CITROEN RELAY,8,E01016001,0,5
2024010521154,2024,010521154,1,19,0,13,13,7,3,0,0,1,0,0,0,0,4,1,6,6,1,38,7,2179,2,1,CITROEN RELAY,3,E01000128,0,3
2024302400785,2024,302400785,1,19,0,18,19,2,6,0,0,2,0,0,0,0,1,1,6,6,1,49,8,2198,2,9,CITROEN RELAY,4,E01019431,0,1
2024451457667,2024,451457667,3,19,0,-1,19,3,7,-1,0,0,0,0,0,0,2,1,-1,7,1,51,8,2200,2,4,CITROEN RELAY,8,E01030950,0,1
2024070566282,2024,070566282,2,19,0,4,4,2,6,0,0,0,0,0,0,0,2,1,2,2,1,67,10,2200,2,4,CITROEN RELAY,8,E01018495,0,2
2024361443769,2024,361443769,2,19,0,-1,-1,-1,-1,-1,-1,0,-1,-1,-1,0,2,1,-1,6,1,30,6,2198,2,9,CITROEN RELAY,2,E01026828,0,4
2024010540502,2024,010540502,2,19,0,99,99,9,9,99,99,9,9,99,9,99,1,9,6,6,3,-1,-1,2200,2,3,CITROEN RELAY,-1,-1,0,-1
2024101524620,2024,101524620,1,19,0,-1,7,7,3,-1,0,0,0,0,0,0,1,1,-1,1,2,25,5,2200,2,3,CITROEN RELAY,-1,-1,0,-1
2024101443356,2024,101443356,1,20,0,-1,19,6,2,-1,0,8,0,0,0,0,1,1,-1,1,1,65,9,-1,-1,-1,CITROEN RELAY,3,E01008163,0,1
2024451510306,2024,451510306,2,19,0,-1,4,7,3,-1,9,0,0,0,7,0,4,9,-1,1,1,26,6,2200,2,2,CITROEN RELAY,4,E01016448,0,4
2024351427077,2024,351427077,1,19,-1,-1,-1,-1,-1,-1,-1,-1,-1,-1,-1,0,-1,9,-1,6,1,-1,-1,1997,2,8,CITROEN RELAY,4,E01035536,0,1
2024101508070,2024,101508070,1,19,0,-1,19,6,2,-1,0,8,0,0,7,11,4,1,-1,1,1,31,6,2198,2,9,CITROEN RELAY,7,E01027554,0,1
2024010521624,2024,010521624,2,19,0,18,19,5,1,0,0,1,0,4,0,0,1,1,6,6,1,40,7,1997,2,6,CITROEN RELAY,2,E01001978,0,1
2024440232808,2024,440232808,1,19,0,1,1,1,5,0,0,0,0,0,0,0,2,1,2,2,1,64,9,2198,2,17,CITROEN RELAY,6,E01022716,0,1
2024041514843,2024,041514843,1,19,0,-1,1,7,3,-1,5,0,0,0,0,0,2,1,-1,1,1,36,7,2200,2,3,CITROEN RELAY,5,E01025580,0,3
2024010522705,2024,010522705,2,19,0,2,2,0,0,0,0,0,0,0,0,0,3,1,6,6,3,-1,-1,1997,2,6,CITROEN RELAY,-1,-1,0,-1
2024320465414,2024,320465414,2,19,0,-1,-1,8,4,0,0,8,0,0,0,0,1,1,-1,-1,1,51,8,2179,2,1,CITROEN RELAY,10,E01028412,0,4
2024111396211,2024,111396211,1,19,0,-1,19,4,7,-1,0,1,0,0,0,0,1,1,-1,6,1,30,6,2200,2,3,CITROEN RELAY,-1,-1,0,-1
2024070332256,2024,070332256,2,19,0,5,5,7,1,9,9,1,0,0,0,0,3,1,1,1,1,52,8,2200,2,2,CITROEN RELAY,10,E01018414,0,1
2024010549984,2024,010549984,1,19,0,99,99,9,9,99,99,9,9,99,9,99,2,9,2,2,1,52,8,2179,2,1,CITROEN RELAY,10,E01023949,0,2
2024320268677,2024,320268677,1,19,0,-1,-1,4,8,6,6,7,0,0,0,0,1,1,1,1,1,37,7,2200,2,3,CITROEN RELAY,6,E01026255,0,1
2024201476214,2024,201476214,1,19,0,-1,19,3,7,-1,0,8,0,0,0,0,1,1,-1,2,2,41,7,2198,2,15,CITROEN RELAY,3,E01010298,0,1
2024991431036,2024,991431036,1,10,0,-1,19,1,5,-1,0,1,0,0,0,0,1,1,-1,1,1,32,6,-1,-1,-1,CITROEN RELAY,1,-1,0,1
2024430167795,2024,430167795,1,19,0,18,19,8,4,0,0,1,0,0,0,0,4,1,2,2,1,42,7,2198,2,10,CITROEN RELAY,-1,-1,0,-1
2024161498910,2024,161498910,3,19,0,-1,19,8,4,-1,0,0,0,0,0,0,1,1,-1,9,1,74,10,-1,-1,-1,CITROEN RELAY,4,E01013051,0,4
2024010514187,2024,010514187,2,19,0,99,99,9,9,99,99,9,9,99,9,99,1,9,6,6,3,-1,-1,2200,2,5,CITROEN RELAY,-1,-1,0,-1
2024430328055,2024,430328055,1,19,0,18,19,4,8,0,0,0,0,0,0,0,4,1,1,1,1,54,8,2179,2,2,CITROEN RELAY,9,E01017655,0,4
2024451514375,2024,451514375,2,19,0,-1,2,0,0,-1,9,0,0,0,0,0,2,1,-1,6,-1,-1,-1,2179,2,1,CITROEN RELAY,-1,-1,0,-1
2024311442755,2024,311442755,1,19,0,-1,5,6,2,-1,0,1,1,4,0,0,1,1,-1,1,1,20,4,2198,2,10,CITROEN RELAY,8,E01025807,0,4
2024031526970,2024,031526970,4,20,0,-1,3,3,7,-1,0,0,0,0,0,0,2,1,-1,1,1,33,6,-1,-1,-1,CITROEN RELAY,6,E01019336,0,4
2024052401558,2024,052401558,2,19,0,18,19,4,8,0,0,1,0,0,0,0,3,1,2,2,1,23,5,2200,2,2,CITROEN RELAY,9,E01012566,0,4
2024552400988,2024,552400988,1,19,0,18,19,4,8,0,0,8,0,0,0,0,1,1,6,6,1,33,6,2179,2,2,CITROEN RELAY,3,E01014498,0,4
2024371516245,2024,371516245,2,19,0,-1,2,0,0,-1,0,1,0,0,0,0,4,1,-1,6,3,-1,-1,2198,2,11,CITROEN RELAY,-1,-1,0,-1
2024131448991,2024,131448991,2,19,0,-1,19,6,8,-1,0,8,0,0,1,0,3,1,-1,6,1,43,7,2200,2,3,CITROEN RELAY,1,E01011661,0,1
2024041470190,2024,041470190,1,19,0,-1,19,5,1,-1,0,0,0,0,0,0,1,1,-1,1,1,39,7,2200,2,3,CITROEN RELAY,7,E01025487,0,1
2024440351514,2024,440351514,1,19,0,9,9,7,5,0,0,1,0,0,0,0,1,1,1,1,1,22,5,2179,2,1,CITROEN RELAY,3,E01023105,0,4
2024471492617,2024,471492617,1,19,0,-1,5,1,5,-1,0,3,0,0,0,0,1,1,-1,2,1,45,7,2200,2,3,CITROEN RELAY,1,E01016947,0,4
2024547240524,2024,547240524,1,19,0,18,19,7,3,0,0,0,0,0,0,0,1,1,1,1,1,35,6,1997,2,6,CITROEN RELAY,9,E01031930,0,2
2024010543309,2024,010543309,2,19,0,99,99,9,9,99,99,9,9,99,9,99,1,9,6,6,3,-1,-1,2200,2,4,CITROEN RELAY,5,E01002237,0,3
2024411466812,2024,411466812,1,19,-1,-1,-1,-1,-1,-1,-1,-1,-1,-1,-1,0,1,9,-1,6,3,-1,-1,1997,2,5,CITROEN RELAY,-1,-1,0,-1
2024010528855,2024,010528855,2,19,0,99,99,9,9,99,99,9,9,99,9,99,9,9,6,6,3,-1,-1,2179,2,1,CITROEN RELAY,10,W01001196,0,5
2024010497136,2024,010497136,2,9,0,18,19,5,1,0,0,0,0,0,0,0,1,1,6,6,1,19,4,1999,8,4,MAKE AND MODEL REDACTED,5,E01023411,0,4
2024041475847,2024,041475847,1,5,0,-1,19,7,3,-1,0,0,0,0,7,0,1,1,-1,6,1,56,9,1103,1,6,DUCATI PANIGALE,10,E01004901,0,4
2024991473146,2024,991473146,1,5,0,-1,19,5,1,-1,0,4,2,0,0,0,1,1,-1,9,2,29,6,955,1,3,DUCATI PANIGALE,8,-1,0,4
2024070726166,2024,070726166,2,3,0,-1,19,5,1,-1,0,1,0,0,1,0,4,1,-1,6,1,58,9,955,1,2,DUCATI PANIGALE,8,E01014131,0,4
2024141458991,2024,141458991,1,5,0,-1,19,3,7,-1,0,0,0,0,0,0,0,1,-1,6,1,27,6,1103,1,5,DUCATI PANIGALE,3,E01028339,0,4
2024430501091,2024,430501091,1,5,0,18,19,4,8,0,0,1,0,0,0,0,1,1,6,6,1,50,8,1103,1,2,DUCATI PANIGALE,9,E01016414,0,2
2024371445412,2024,371445412,2,5,0,-1,19,7,3,-1,0,0,0,0,0,0,2,1,-1,9,1,49,8,1103,1,6,DUCATI PANIGALE,10,E01021739,0,4
2024340WN2462,2024,340WN2462,1,5,0,-1,19,8,3,-1,0,1,0,0,0,0,1,1,-1,9,1,41,7,1103,1,1,DUCATI PANIGALE,9,E01031222,0,3
2024302401179,2024,302401179,1,5,0,18,19,1,5,0,0,0,0,0,1,9,1,1,6,6,1,59,9,1103,1,4,DUCATI PANIGALE,8,E01032488,0,4
2024631475866,2024,631475866,2,5,0,-1,19,8,4,-1,0,8,0,0,7,10,1,1,-1,6,1,54,8,1103,1,2,DUCATI PANIGALE,4,W01001992,0,4
2024010522445,2024,010522445,2,5,0,18,19,5,1,0,0,1,0,0,0,0,1,1,6,6,1,35,6,955,1,2,DUCATI PANIGALE,3,E01003973,0,1
2024461498182,2024,461498182,2,5,0,-1,15,7,3,-1,0,1,2,10,0,0,2,1,-1,9,1,43,7,955,1,2,DUCATI PANIGALE,7,E01024675,0,1
2024302401141,2024,302401141,2,5,0,18,19,4,6,0,0,0,0,0,0,0,1,1,6,6,1,52,8,1103,1,5,DUCATI PANIGALE,4,E01007360,0,4
2024311406279,2024,311406279,2,5,0,-1,3,3,7,-1,0,1,0,0,0,0,0,1,-1,6,1,29,6,693,1,1,MAKE AND MODEL REDACTED,9,E01028195,0,1
2024311441311,2024,311441311,2,5,0,-1,19,7,4,-1,0,1,0,0,0,0,1,1,-1,9,1,32,6,599,1,0,MAKE AND MODEL REDACTED,4,E01028366,0,1
2024052400821,2024,052400821,1,9,0,18,19,1,5,0,0,8,0,0,0,0,4,1,6,6,2,34,6,1461,2,7,INFINITI Q30,3,E01006521,0,1
2024101434085,2024,101434085,1,9,0,-1,19,7,3,-1,0,1,0,0,0,0,3,1,-1,6,2,39,7,1595,1,5,INFINITI Q30,2,E01008173,0,1
2024421483684,2024,421483684,2,9,0,-1,4,5,1,-1,0,0,0,0,0,0,2,1,-1,9,1,32,6,1595,1,7,INFINITI Q30,3,E01004723,0,4
2024461490404,2024,461490404,1,9,0,-1,7,5,1,-1,0,1,0,0,0,0,4,9,-1,6,1,76,11,2143,2,7,INFINITI Q30,3,E01024688,0,1
2024101511123,2024,101511123,1,9,0,-1,19,1,5,-1,0,0,0,0,0,0,1,1,-1,6,2,35,6,1461,2,8,INFINITI Q30,-1,-1,0,-1
2024061458398,2024,061458398,2,9,0,-1,19,4,8,-1,0,0,0,0,0,0,2,1,-1,9,1,39,7,1461,2,8,INFINITI Q30,10,E01005930,0,3
2024991518985,2024,991518985,2,9,0,-1,3,3,7,-1,0,1,0,0,0,0,2,1,-1,6,1,28,6,1461,2,8,INFINITI Q30,2,-1,0,2
2024122400227,2024,122400227,2,9,0,18,19,3,7,0,0,1,0,0,0,0,3,1,6,6,2,39,7,2143,2,8,INFINITI Q30,7,E01025203,0,3
2024010530162,2024,010530162,2,9,0,99,99,9,9,99,99,9,9,99,9,99,1,9,6,6,1,25,5,2143,2,7,INFINITI Q30,7,E01001851,0,2
2024451534513,2024,451534513,2,9,0,-1,19,1,5,-1,0,1,0,0,7,0,1,1,-1,9,2,53,8,1461,2,8,INFINITI Q30,9,E01030617,0,1
2024545122124,2024,545122124,1,9,0,18,19,7,3,0,0,2,0,0,0,0,3,1,6,6,2,41,7,1461,2,8,INFINITI Q30,9,E01032712,0,1
2024201443477,2024,201443477,1,9,0,-1,9,6,3,-1,0,5,0,0,1,0,1,1,-1,9,1,54,8,1461,2,6,INFINITI Q30,-1,-1,0,-1
202460Q034666,2024,60Q034666,2,9,0,18,19,3,7,0,0,8,0,0,7,0,1,1,6,6,2,42,7,1461,2,7,INFINITI Q30,-1,-1,0,-1
2024131405399,2024,131405399,2,9,0,-1,19,3,7,-1,0,8,0,0,0,0,4,1,-1,2,1,38,7,1595,1,8,INFINITI Q30,2,E01011295,0,1
2024010505631,2024,010505631,1,9,0,99,99,9,9,99,99,9,9,99,9,99,2,9,6,6,1,30,6,1991,1,6,INFINITI Q30,5,E01035575,0,3
2024201449362,2024,201449362,1,9,0,-1,19,8,4,-1,0,6,0,0,0,0,1,9,-1,6,2,41,7,2143,2,7,INFINITI Q30,1,E01009408,0,1
2024101422092,2024,101422092,2,9,0,-1,3,5,1,-1,0,0,0,0,0,0,2,1,-1,6,1,49,8,2143,2,7,INFINITI Q30,3,E01008349,0,1
2024141495722,2024,141495722,1,9,0,-1,19,3,7,-1,0,8,0,0,0,0,4,1,-1,9,2,36,7,1461,2,7,INFINITI Q30,2,E01007843,0,1
2024010536936,2024,010536936,1,9,0,18,19,5,1,0,0,8,0,0,0,0,1,1,3,7,2,42,7,2143,2,8,INFINITI Q30,5,E01000996,0,1
2024161516202,2024,161516202,2,9,0,-1,15,4,8,-1,0,0,0,0,0,0,3,1,-1,6,2,-1,-1,1461,2,8,INFINITI Q30,-1,-1,0,-1
2024010516755,2024,010516755,1,9,0,18,19,3,7,0,0,8,0,0,0,0,3,1,6,6,1,42,7,1461,2,8,INFINITI Q30,3,E01003248,0,2
2024610020724,2024,610020724,1,9,0,18,19,6,2,0,0,0,0,0,0,0,4,1,6,6,1,71,10,1497,1,0,MAKE AND MODEL REDACTED,-1,-1,0,-1
2024211520215,2024,211520215,1,3,0,-1,19,8,4,-1,0,1,0,0,0,0,1,1,-1,6,1,24,5,124,1,13,MAKE AND MODEL REDACTED,-1,-1,0,-1
2024010562194,2024,010562194,1,3,0,99,99,9,9,99,99,9,9,99,9,99,9,1,6,6,1,63,9,125,1,10,MAKE AND MODEL REDACTED,9,E01000451,0,1
2024401462696,2024,401462696,1,3,0,-1,19,5,1,-1,0,0,2,0,7,0,3,1,-1,2,1,20,4,125,1,9,MAKE AND MODEL REDACTED,7,E01017510,0,1
2024010545655,2024,010545655,2,3,0,18,19,5,1,0,0,0,0,0,3,0,1,1,6,6,1,31,6,125,1,4,MAKE AND MODEL REDACTED,4,E01024481,0,3
2024501455204,2024,501455204,2,9,0,-1,19,8,4,-1,0,1,2,0,1,10,4,1,-1,2,2,36,7,1995,2,10,MINI PACEMAN,6,E01034626,0,1
2024031440887,2024,031440887,2,9,0,-1,3,6,2,-1,0,0,0,0,0,0,3,1,-1,9,1,77,11,1598,1,11,MINI PACEMAN,-1,-1,0,-1
2024501404224,2024,501404224,1,9,0,-1,13,4,8,-1,0,0,2,0,0,0,4,9,-1,1,1,60,9,1995,2,10,MINI PACEMAN,5,E01020177,0,4
2024520402182,2024,520402182,1,9,0,18,19,4,7,0,0,8,0,0,0,0,1,1,6,6,1,31,6,1995,2,10,MINI PACEMAN,10,E01029172,0,2
2024131408401,2024,131408401,1,9,0,-1,-1,-1,-1,-1,-1,0,-1,-1,-1,-1,-1,1,-1,6,2,48,8,1598,1,11,MINI PACEMAN,7,E01010917,0,2
2024421526244,2024,421526244,2,9,0,-1,3,3,7,-1,0,1,0,0,0,0,2,1,-1,2,1,21,5,1598,1,10,MINI PACEMAN,10,E01003671,0,1
2024070513208,2024,070513208,1,9,0,18,19,5,1,0,0,8,0,0,0,0,1,1,6,6,2,28,6,1598,1,10,MINI PACEMAN,2,E01012391,0,1
2024461526927,2024,461526927,5,9,0,-1,2,0,0,-1,0,1,0,0,0,0,1,1,-1,2,1,35,6,1598,2,11,MINI PACEMAN,5,E01024243,0,3
2024430559188,2024,430559188,1,9,0,1,1,3,7,0,0,0,0,0,0,0,3,1,6,6,1,55,8,1598,1,10,MINI PACEMAN,-1,-1,0,-1
2024440415345,2024,440415345,1,9,0,18,19,7,3,0,0,4,0,0,0,0,4,1,6,6,1,59,9,1598,1,10,MINI PACEMAN,5,E01017124,0,1
2024141536064,2024,141536064,1,9,0,-1,19,6,2,-1,0,0,0,0,0,0,4,1,-1,9,2,35,6,1598,1,9,MINI PACEMAN,7,E01007992,0,3
2024461450509,2024,461450509,1,9,0,-1,19,3,7,-1,0,1,5,4,0,0,1,1,-1,9,2,77,11,1995,2,11,MINI PACEMAN,7,E01024188,0,1
2024311438203,2024,311438203,1,9,0,-1,4,3,7,-1,0,0,0,0,0,0,2,1,-1,6,1,62,9,1598,2,9,MINI PACEMAN,9,E01028200,0,1
2024052402220,2024,052402220,1,9,0,18,19,7,3,0,0,0,0,0,0,0,1,1,6,6,1,50,8,1995,2,11,MINI PACEMAN,4,W01001158,0,5
2024041560220,2024,041560220,1,9,0,-1,19,4,8,-1,0,0,0,0,0,0,4,1,-1,6,2,69,10,1598,1,10,MINI PACEMAN,6,E01025078,0,1
2024440276846,2024,440276846,1,9,0,9,9,2,8,0,0,5,0,0,0,0,3,1,6,6,2,20,4,1598,1,11,MINI PACEMAN,8,E01031843,0,3
2024622400237,2024,622400237,2,9,0,18,19,8,4,0,0,0,0,0,0,0,2,1,6,6,2,53,8,1598,2,11,MINI PACEMAN,2,W01000897,0,1