collision_index,collision_year,collision_ref_no,vehicle_reference,vehicle_type,towing_and_articulation,vehicle_manoeuvre_historic,vehicle_manoeuvre,vehicle_direction_from,vehicle_direction_to,vehicle_location_restricted_lane_historic,vehicle_location_restricted_lane,junction_location,skidding_and_overturning,hit_object_in_carriageway,vehicle_leaving_carriageway,hit_object_off_carriageway,first_point_of_impact,vehicle_left_hand_drive,journey_purpose_of_driver_historic,journey_purpose_of_driver,sex_of_driver,age_of_driver,age_band_of_driver,engine_capacity_cc,propulsion_code,age_of_vehicle,generic_make_model,driver_imd_decile,lsoa_of_driver,escooter_flag,driver_distance_banding
2024522403453,2024,522403453,1,9,0,18,19,8,4,0,0,0,0,0,0,0,3,1,6,6,2,35,6,1590,1,11,MITSUBISHI ASX,5,E01014861,0,1
2024221521978,2024,221521978,2,9,0,-1,4,1,5,-1,0,0,0,0,0,0,3,1,-1,6,1,72,10,1590,1,9,MITSUBISHI ASX,3,E01032423,0,3
2024010554488,2024,010554488,1,9,0,99,99,9,9,99,99,9,9,99,9,99,2,9,6,6,2,40,7,1798,2,14,MITSUBISHI ASX,3,W01001042,0,5
2024401451262,2024,401451262,2,9,0,-1,19,3,7,-1,0,1,0,0,0,0,1,1,-1,6,1,44,7,1798,2,14,MITSUBISHI ASX,7,E01017427,0,1
2024221408555,2024,221408555,1,9,0,-1,19,6,1,-1,0,0,0,0,0,0,1,1,-1,9,1,80,11,1590,1,10,MITSUBISHI ASX,7,E01014012,0,3
2024010518819,2024,010518819,1,9,0,10,10,3,8,0,0,1,0,0,0,0,1,1,6,6,1,64,9,1590,1,10,MITSUBISHI ASX,6,E01001803,0,1
2024991458461,2024,991458461,1,9,0,-1,19,8,4,-1,0,0,0,0,7,7,1,1,-1,9,2,23,5,2268,2,7,MITSUBISHI ASX,4,-1,0,5
2024461438205,2024,461438205,2,9,0,-1,4,5,8,-1,0,3,1,0,0,0,4,9,-1,2,1,28,6,1998,1,4,MITSUBISHI ASX,7,E01000438,0,4
2024041434940,2024,041434940,1,9,0,-1,19,7,3,-1,0,1,0,0,0,0,1,1,-1,2,2,35,6,1590,1,11,MITSUBISHI ASX,3,E01025371,0,1
202460Q164195,2024,60Q164195,3,9,0,4,4,6,2,0,0,0,0,0,0,0,2,1,6,6,1,52,8,2268,2,10,MITSUBISHI ASX,-1,-1,0,-1
2024010546552,2024,010546552,1,9,0,2,2,0,0,0,0,0,0,0,0,0,1,1,6,6,3,-1,-1,1998,1,4,MITSUBISHI ASX,-1,-1,0,-1
2024101525283,2024,101525283,3,9,0,-1,3,7,3,-1,0,1,0,0,0,0,2,1,-1,6,1,-1,-1,1798,2,10,MITSUBISHI ASX,-1,-1,0,-1
2024351491976,2024,351491976,1,9,0,-1,11,3,7,-1,0,8,5,0,0,0,1,1,-1,1,2,39,7,1590,1,10,MITSUBISHI ASX,8,E01018148,0,1
2024010538257,2024,010538257,1,9,0,18,19,2,6,0,0,8,0,0,1,0,1,2,6,6,2,55,8,1590,1,13,MITSUBISHI ASX,1,E01001811,0,1
2024451480208,2024,451480208,2,9,0,-1,19,1,5,-1,0,0,0,0,0,0,1,1,-1,6,1,47,8,1590,1,12,MITSUBISHI ASX,8,E01001044,0,3
2024501421816,2024,501421816,1,9,0,-1,19,1,5,-1,0,0,5,0,1,10,1,1,-1,6,2,48,8,1798,2,10,MITSUBISHI ASX,5,E01020305,0,1
2024991512299,2024,991512299,2,9,0,-1,19,1,5,-1,0,1,0,0,0,0,1,1,-1,1,2,27,6,1590,1,6,MITSUBISHI ASX,6,-1,0,3
2024031478120,2024,031478120,2,9,0,-1,19,5,1,-1,0,1,0,0,0,0,1,1,-1,6,1,42,7,1798,2,13,MITSUBISHI ASX,5,E01019388,0,1
2024010546435,2024,010546435,2,9,0,9,9,1,7,0,0,8,0,0,0,0,4,1,6,6,1,54,8,1590,1,7,MITSUBISHI ASX,7,E01023902,0,3
2024201453138,2024,201453138,2,9,0,-1,2,0,0,-1,0,0,0,0,0,0,1,1,-1,6,-1,-1,-1,1560,1,7,MITSUBISHI ASX,-1,-1,0,-1
2024131447241,2024,131447241,1,9,0,-1,19,3,7,-1,9,0,0,0,0,0,4,1,-1,6,1,-1,-1,1798,2,10,MITSUBISHI ASX,-1,-1,0,-1
2024440520193,2024,440520193,1,9,0,9,9,6,2,0,0,1,0,0,0,0,1,1,6,6,1,56,9,1590,1,6,MITSUBISHI ASX,6,W01000191,0,5
2024161423056,2024,161423056,1,9,0,-1,9,5,1,-1,0,5,0,0,0,0,1,1,-1,9,1,76,11,1560,2,7,MITSUBISHI ASX,-1,-1,0,-1
2024552400866,2024,552400866,1,9,0,7,7,4,5,0,0,5,0,0,0,0,4,1,6,6,2,39,7,1560,2,8,MITSUBISHI ASX,6,E01020493,0,4
2024461470224,2024,461470224,3,9,0,-1,19,5,8,-1,0,0,0,0,1,9,1,1,-1,6,1,54,8,1590,1,13,MITSUBISHI ASX,6,E01021118,0,4
2024302400508,2024,302400508,1,9,0,9,9,6,4,0,0,8,5,0,0,0,1,1,6,6,2,37,7,2268,2,10,MITSUBISHI ASX,7,E01019418,0,2
2024201496230,2024,201496230,1,9,0,-1,9,6,3,-1,0,6,0,0,0,0,3,1,-1,6,1,22,5,1998,1,4,MITSUBISHI ASX,1,E01009259,0,1
2024332400425,2024,332400425,1,9,0,-1,2,0,0,-1,0,0,0,0,1,11,1,1,-1,6,1,83,11,1590,1,9,MITSUBISHI ASX,5,E01025824,0,1
2024302400750,2024,302400750,2,9,0,16,19,8,3,0,0,1,0,0,0,0,1,1,6,6,1,30,6,1590,1,9,MITSUBISHI ASX,5,E01019525,0,1
2024031473121,2024,031473121,2,9,0,-1,9,3,7,-1,0,8,0,0,0,0,1,1,-1,6,2,31,6,1798,2,9,MITSUBISHI ASX,-1,-1,0,-1
2024122401283,2024,122401283,2,9,0,18,19,7,3,0,0,0,0,6,1,11,1,1,6,6,2,81,11,2268,2,7,MITSUBISHI ASX,7,E01027604,0,1
2024371497329,2024,371497329,2,9,0,-1,19,7,3,-1,0,0,0,0,0,0,0,1,-1,9,1,79,11,1590,1,13,MITSUBISHI ASX,9,E01029872,0,2
2024522401922,2024,522401922,1,9,0,18,19,7,3,0,0,0,0,0,2,11,1,1,6,6,2,52,8,2268,2,11,MITSUBISHI ASX,7,E01014856,0,2
2024622400254,2024,622400254,1,9,0,9,9,4,2,0,0,8,0,0,0,0,3,1,6,6,2,28,6,1590,1,7,MITSUBISHI ASX,4,W01000809,0,1
2024101455320,2024,101455320,1,9,0,-1,3,7,3,-1,0,1,0,0,0,0,4,1,-1,9,1,39,7,1590,1,9,MITSUBISHI ASX,6,-1,0,4
202417S407224,2024,17S407224,2,9,0,-1,19,3,7,-1,0,8,0,0,0,0,1,1,-1,9,1,67,10,1590,1,8,MITSUBISHI ASX,-1,-1,0,-1
2024161535995,2024,161535995,2,9,0,-1,19,5,8,-1,0,8,0,0,0,0,1,9,-1,6,2,35,6,1798,2,10,MITSUBISHI ASX,7,E01012939,0,4
2024061532658,2024,061532658,1,9,-1,-1,4,-1,-1,-1,0,0,0,0,0,0,2,9,-1,6,2,-1,-1,1590,1,9,MITSUBISHI ASX,1,E01006025,0,2
2024543745724,2024,543745724,1,9,0,18,19,4,8,0,0,1,0,0,0,0,1,1,6,6,2,32,6,2268,2,7,MITSUBISHI ASX,6,E01029157,0,4
2024471461994,2024,471461994,1,9,0,-1,7,7,3,-1,0,8,2,0,7,0,1,1,-1,6,1,31,6,1798,2,13,MITSUBISHI ASX,6,E01031506,0,1
2024141490256,2024,141490256,3,9,0,-1,3,6,2,-1,0,0,0,0,0,0,2,1,-1,6,1,65,9,2268,2,8,MITSUBISHI ASX,8,E01008025,0,1
2024991500767,2024,991500767,1,9,0,-1,5,7,3,-1,0,0,0,4,8,6,1,1,-1,2,1,33,6,2268,2,7,MITSUBISHI ASX,6,-1,0,1
2024991398681,2024,991398681,2,9,0,-1,19,1,5,-1,0,1,0,0,0,0,1,1,-1,2,2,39,7,1590,1,7,MITSUBISHI ASX,4,-1,0,2
2024111477835,2024,111477835,2,9,0,-1,3,5,1,-1,0,0,0,0,0,0,2,1,-1,9,1,56,9,1798,2,12,MITSUBISHI ASX,4,E01025556,0,5
2024052400188,2024,052400188,3,9,0,2,2,0,0,0,0,0,0,0,0,0,2,1,6,6,3,-1,-1,1590,1,8,MITSUBISHI ASX,-1,-1,0,-1
2024541775324,2024,541775324,1,9,0,18,19,7,3,0,0,0,0,0,0,0,1,1,6,6,1,35,6,1590,1,9,MITSUBISHI ASX,5,E01016554,0,5
2024471536559,2024,471536559,2,9,0,-1,5,8,4,-1,0,1,0,0,0,0,1,1,-1,6,2,53,8,1590,1,7,MITSUBISHI ASX,10,E01020940,0,1
2024010511603,2024,010511603,1,9,0,3,3,1,5,0,0,1,0,0,0,0,2,1,6,6,2,55,8,2268,2,8,MITSUBISHI ASX,2,E01001172,0,1
2024141397704,2024,141397704,2,9,0,-1,19,6,2,-1,0,0,2,0,7,7,3,9,-1,6,2,33,6,1590,1,6,MITSUBISHI ASX,7,E01008149,0,1
2024111526973,2024,111526973,1,9,0,-1,19,7,3,-1,0,0,0,0,0,0,1,1,-1,2,1,56,9,1560,2,7,MITSUBISHI ASX,4,E01020688,0,1
2024041474429,2024,041474429,2,9,0,-1,19,1,5,-1,0,6,0,0,0,0,1,1,-1,1,1,65,9,1590,1,8,MITSUBISHI ASX,1,E01012577,0,1
2024131462198,2024,131462198,1,9,0,-1,-1,-1,-1,-1,-1,0,-1,-1,-1,-1,-1,1,-1,7,2,27,6,1590,1,14,MITSUBISHI ASX,3,E01011529,0,1
2024440410030,2024,440410030,2,9,0,18,19,4,8,0,0,8,0,0,0,0,1,1,6,6,1,76,11,1560,2,6,MITSUBISHI ASX,6,E01020299,0,5
2024552400277,2024,552400277,1,9,0,13,13,8,4,0,0,8,0,0,0,0,4,1,6,6,2,62,9,2268,2,11,MITSUBISHI ASX,7,E01034382,0,2
2024622400411,2024,622400411,2,9,0,4,4,7,3,0,0,0,0,0,1,0,1,1,6,6,2,49,8,1590,1,8,MITSUBISHI ASX,6,W01001129,0,1
2024531502360,2024,531502360,1,9,0,-1,12,5,1,-1,0,0,0,0,0,0,1,1,-1,9,1,79,11,1590,1,10,MITSUBISHI ASX,9,E01022125,0,3
2024991398205,2024,991398205,1,9,0,-1,19,2,6,-1,0,0,1,0,7,11,1,1,-1,9,2,59,9,1998,1,3,MITSUBISHI ASX,6,-1,0,3
2024010543619,2024,010543619,1,9,0,99,99,9,9,99,99,9,9,99,9,99,1,1,6,6,3,-1,-1,1590,1,13,MITSUBISHI ASX,-1,-1,0,-1
2024552400702,2024,552400702,1,9,0,9,9,6,3,0,0,5,0,0,0,0,4,1,6,6,1,49,8,1590,1,9,MITSUBISHI ASX,7,E01015391,0,1
2024351450216,2024,351450216,1,9,-1,-1,-1,-1,-1,-1,-1,-1,-1,-1,-1,0,-1,9,-1,6,1,41,7,1590,1,5,MITSUBISHI ASX,9,E01018173,0,1
2024501420338,2024,501420338,1,9,0,-1,7,8,2,-1,0,6,0,0,0,0,1,1,-1,9,2,41,7,1798,2,12,MITSUBISHI ASX,4,E01020323,0,2
2024101442817,2024,101442817,2,9,0,-1,19,5,1,-1,0,8,0,0,0,0,2,1,-1,6,2,60,9,1590,1,10,MITSUBISHI ASX,2,E01008613,0,1
2024201418115,2024,201418115,2,9,0,-1,3,4,8,-1,0,0,0,0,0,0,2,1,-1,9,1,43,7,1798,2,14,MITSUBISHI ASX,3,E01009537,0,2
2024631496329,2024,631496329,1,9,0,-1,19,5,1,-1,0,0,1,0,1,10,3,1,-1,2,2,42,7,1560,2,8,MITSUBISHI ASX,9,W01000432,0,1
2024421510004,2024,421510004,1,9,0,-1,4,7,3,-1,0,0,0,0,0,0,1,1,-1,6,2,26,6,1798,2,9,MITSUBISHI ASX,-1,-1,0,-1
2024401423440,2024,401423440,2,9,0,-1,19,7,3,-1,0,0,0,0,0,0,2,1,-1,2,-1,55,8,2268,2,7,MITSUBISHI ASX,2,E01016819,0,4
2024010538688,2024,010538688,1,9,0,18,19,3,7,2,2,0,0,0,0,0,4,1,6,6,3,-1,-1,1590,1,8,MITSUBISHI ASX,-1,-1,0,-1
2024361414222,2024,361414222,1,9,0,-1,19,6,2,-1,0,8,0,0,0,0,1,1,-1,9,2,62,9,1798,2,10,MITSUBISHI ASX,4,E01026925,0,1
2024201498235,2024,201498235,2,9,0,-1,19,5,1,-1,0,8,0,0,0,0,4,1,-1,6,-1,-1,-1,1590,1,14,MITSUBISHI ASX,-1,-1,0,-1
2024440320965,2024,440320965,1,9,0,18,19,6,2,0,0,1,0,0,0,0,1,1,6,6,2,30,6,1798,2,13,MITSUBISHI ASX,7,E01023113,0,1
2024141509236,2024,141509236,2,4,0,-1,19,3,7,-1,0,1,5,0,0,0,1,1,-1,6,1,-1,-1,259,1,6,MAKE AND MODEL REDACTED,-1,-1,0,-1
2024371412527,2024,371412527,3,9,0,-1,19,2,6,-1,0,1,0,0,0,0,1,1,-1,9,1,28,6,1600,1,11,NISSAN MODEL MISSING,5,E01032523,0,2
2024010516709,2024,010516709,1,9,0,5,5,1,5,0,0,8,0,0,0,0,1,1,2,2,2,76,11,980,1,33,NISSAN MODEL MISSING,9,E01001281,0,1
2024052401011,2024,052401011,1,9,0,18,19,1,5,0,0,1,0,0,0,0,1,1,6,6,2,33,6,3500,1,18,NISSAN MODEL MISSING,7,E01007142,0,1
2024031488681,2024,031488681,1,9,0,-1,19,1,5,-1,0,0,0,0,0,0,4,1,-1,6,2,60,9,2500,1,18,NISSAN MODEL MISSING,-1,-1,0,-1
2024141459492,2024,141459492,2,9,0,-1,19,5,2,-1,0,1,0,0,0,0,1,1,-1,9,2,37,7,1380,1,20,NISSAN MODEL MISSING,1,E01008060,0,1
2024351482060,2024,351482060,1,19,0,-1,19,5,1,-1,0,0,0,0,0,0,1,1,-1,1,1,45,7,2298,2,3,NISSAN MODEL MISSING,3,E01034584,0,5
2024010507507,2024,010507507,1,10,0,99,99,9,9,99,99,9,9,99,9,99,1,9,6,6,3,-1,-1,-1,-1,-1,NISSAN MODEL MISSING,-1,-1,0,-1
2024320522180,2024,320522180,1,9,0,-1,-1,7,3,0,0,0,0,0,0,0,1,1,6,6,1,60,9,1490,1,18,NISSAN MODEL MISSING,5,E01026373,0,2
2024010511012,2024,010511012,3,9,0,8,8,1,4,0,0,1,0,0,0,0,2,1,6,6,1,42,7,1400,1,8,NISSAN MODEL MISSING,5,E01032783,0,1
2024501428775,2024,501428775,2,9,0,-1,19,3,7,-1,0,8,0,0,7,0,4,1,-1,6,2,36,7,3274,1,25,NISSAN MODEL MISSING,4,E01018914,0,1
2024451405810,2024,451405810,1,9,0,-1,19,5,1,-1,0,0,0,0,0,0,1,1,-1,2,1,27,6,1190,1,12,NISSAN MODEL MISSING,4,E01002047,0,4
2024522403117,2024,522403117,2,9,0,18,19,7,4,0,0,1,0,0,0,0,4,1,6,6,1,36,7,3490,1,17,NISSAN MODEL MISSING,9,E01014792,0,3
2024010548931,2024,010548931,4,9,0,2,2,0,0,0,0,1,0,0,0,0,2,1,6,6,3,-1,-1,2480,1,14,NISSAN MODEL MISSING,-1,-1,0,-1
2024010502749,2024,010502749,2,9,0,99,99,9,9,99,99,6,9,99,9,99,9,9,6,6,3,-1,-1,2495,1,16,NISSAN MODEL MISSING,-1,-1,0,-1
202454A577424,2024,54A577424,1,9,0,9,9,3,5,0,0,6,0,0,0,0,3,1,6,6,1,21,5,1190,1,10,NISSAN MODEL MISSING,7,E01032024,0,2
2024221407394,2024,221407394,1,9,0,-1,19,8,4,-1,0,0,0,0,0,0,1,1,-1,6,1,39,7,980,1,33,NISSAN MODEL MISSING,5,E01032312,0,1
2024471478308,2024,471478308,3,9,0,-1,19,1,5,-1,0,0,0,0,0,0,1,1,-1,9,1,36,7,2490,1,26,NISSAN MODEL MISSING,1,E01031404,0,1
2024421402269,2024,421402269,1,9,0,-1,19,6,2,-1,0,0,0,0,1,4,1,1,-1,9,2,27,6,1990,1,19,NISSAN MODEL MISSING,6,E01023325,0,4
2024610044524,2024,610044524,1,9,0,9,9,1,7,0,0,8,0,0,0,0,1,1,6,6,1,65,9,3490,1,16,NISSAN MODEL MISSING,10,W01001602,0,1
2024010514375,2024,010514375,2,9,0,99,99,9,9,99,99,9,9,99,9,99,9,9,6,6,1,-1,-1,2488,1,12,NISSAN MODEL MISSING,-1,-1,0,-1
2024501399733,2024,501399733,1,9,0,-1,19,3,6,-1,0,0,5,10,7,11,3,1,-1,9,1,65,9,3490,1,15,NISSAN MODEL MISSING,5,E01018904,0,4
2024522402295,2024,522402295,6,90,0,2,2,0,0,0,0,0,0,0,0,0,3,1,6,6,1,43,7,3490,1,20,NISSAN MODEL MISSING,1,E01033366,0,1
2024430442939,2024,430442939,2,9,0,18,19,2,6,0,0,0,0,0,7,4,3,1,6,6,1,39,7,2490,1,18,NISSAN MODEL MISSING,8,E01034782,0,3
2024111469093,2024,111469093,2,9,0,-1,19,5,1,-1,0,0,5,0,0,0,1,2,-1,9,1,34,6,1598,1,14,NISSAN MODEL MISSING,3,E01034509,0,2
2024041490910,2024,041490910,2,9,0,-1,2,0,0,-1,0,0,0,0,0,0,1,1,-1,6,-1,-1,-1,2490,1,14,NISSAN MODEL MISSING,-1,-1,0,-1
2024991488065,2024,991488065,1,9,0,-1,19,3,7,-1,0,0,1,0,1,4,1,1,-1,9,2,45,7,1990,1,15,NISSAN MODEL MISSING,-1,-1,0,-1
2024010500606,2024,010500606,1,9,0,18,19,3,7,0,0,1,0,0,0,0,1,1,6,6,2,44,7,1190,1,11,NISSAN MODEL MISSING,4,E01004421,0,1
2024440092898,2024,440092898,1,9,0,18,19,4,8,0,0,0,0,0,0,0,1,1,6,6,2,37,7,1190,1,12,NISSAN MODEL MISSING,5,E01017028,0,1
2024440396790,2024,440396790,1,20,0,18,19,2,6,0,0,2,0,0,0,0,1,1,6,6,1,32,6,2299,2,1,NISSAN MODEL MISSING,6,E01035450,0,1
2024552400986,2024,552400986,1,19,0,5,5,3,7,0,0,6,0,0,0,0,1,1,6,6,1,56,9,1590,1,8,NISSAN MODEL MISSING,9,E01020557,0,3
2024451482691,2024,451482691,1,9,0,-1,19,7,3,-1,0,0,0,0,0,0,1,1,-1,6,1,35,6,1990,1,10,NISSAN MODEL MISSING,5,E01015029,0,5
2024010542584,2024,010542584,1,9,0,5,5,0,3,0,0,1,0,0,0,0,3,1,6,6,1,46,8,1490,1,17,NISSAN MODEL MISSING,6,E01003435,0,1
2024010494234,2024,010494234,1,9,0,18,19,4,8,0,0,6,0,0,0,0,1,1,6,6,1,31,6,3495,1,18,NISSAN MODEL MISSING,3,E01004064,0,1
2024010545821,2024,010545821,3,9,0,18,19,7,3,0,0,1,0,0,0,0,1,1,6,6,2,35,6,1998,1,17,NISSAN MODEL MISSING,4,E01003203,0,1
2024231509763,2024,231509763,2,9,0,-1,19,4,7,-1,0,0,1,0,1,0,1,1,-1,6,1,27,6,2490,1,25,NISSAN MODEL MISSING,7,E01031042,0,3
2024522402742,2024,522402742,2,9,0,3,3,1,5,0,0,0,0,0,0,0,2,1,6,6,1,38,7,1386,1,15,NISSAN MODEL MISSING,8,W01001747,0,4
2024631518177,2024,631518177,3,9,0,-1,10,6,4,-1,0,8,0,0,0,0,2,1,-1,1,2,47,8,1461,2,12,NISSAN MODEL MISSING,5,W01000846,0,3
2024041450766,2024,041450766,1,9,0,-1,19,5,1,-1,0,2,0,0,0,0,1,1,-1,6,1,42,7,1598,1,14,NISSAN MODEL MISSING,1,E01012707,0,1
2024549395024,2024,549395024,1,9,0,18,19,7,3,0,0,0,0,0,0,0,3,1,6,6,2,43,7,2490,1,17,NISSAN MODEL MISSING,8,E01034553,0,4
2024010549502,2024,010549502,1,9,0,18,19,7,3,0,0,8,0,0,0,0,1,2,6,6,2,50,8,1490,1,16,NISSAN MODEL MISSING,-1,-1,0,-1
2024201535244,2024,201535244,1,9,0,-1,19,5,5,-1,0,0,0,10,1,2,1,1,-1,6,2,29,6,1461,2,12,NISSAN MODEL MISSING,2,E01009757,0,1
2024010530504,2024,010530504,2,9,0,99,99,9,9,99,99,9,9,99,9,99,1,9,6,6,1,49,8,1997,8,9,NISSAN MODEL MISSING,2,E01003047,0,1
2024302400216,2024,302400216,1,9,0,18,19,4,8,6,6,0,0,0,7,4,1,1,6,6,2,44,7,650,1,15,NISSAN MODEL MISSING,5,E01019613,0,1
2024221414572,2024,221414572,1,9,0,-1,9,8,5,-1,0,5,0,0,0,0,4,9,-1,6,1,31,6,1990,8,12,NISSAN MODEL MISSING,2,E01032307,0,1
2024010537597,2024,010537597,1,9,0,99,99,9,9,99,99,9,9,99,9,99,9,9,6,6,3,-1,-1,1490,1,13,NISSAN MODEL MISSING,-1,-1,0,-1
2024101485338,2024,101485338,2,9,0,-1,9,2,7,-1,0,4,0,0,0,0,4,1,-1,6,2,48,8,1490,1,16,NISSAN MODEL MISSING,4,E01027442,0,2
2024010546705,2024,010546705,1,9,0,-1,-1,6,2,9,9,8,0,0,3,11,1,1,6,6,1,27,6,1387,1,16,NISSAN MODEL MISSING,5,E01000146,0,2
2024471531787,2024,471531787,1,9,0,-1,9,3,7,-1,0,2,0,0,0,0,1,2,-1,6,1,50,8,3498,2,21,NISSAN MODEL MISSING,8,E01020954,0,1
2024161510608,2024,161510608,2,9,0,-1,1,2,6,-1,0,0,0,0,0,0,2,1,-1,6,1,-1,-1,1598,1,17,NISSAN MODEL MISSING,-1,-1,0,-1
2024401420140,2024,401420140,1,9,0,-1,19,7,3,-1,0,0,2,11,1,1,1,1,-1,1,1,-1,-1,3490,1,21,NISSAN MODEL MISSING,9,E01033809,0,2
2024141501592,2024,141501592,2,9,0,-1,19,5,1,-1,0,0,0,0,0,0,1,9,-1,6,3,-1,-1,1499,1,14,NISSAN MODEL MISSING,5,E01008045,0,1
2024351518800,2024,351518800,1,9,0,-1,19,3,7,-1,0,0,5,0,1,0,0,1,-1,6,2,52,8,3490,1,18,NISSAN MODEL MISSING,9,E01028708,0,5
2024231481769,2024,231481769,1,9,0,-1,7,3,8,-1,0,8,0,0,7,0,1,9,-1,6,1,47,8,2500,1,16,NISSAN MODEL MISSING,2,E01009210,0,4
2024052401151,2024,052401151,1,9,0,18,19,1,5,0,0,6,0,0,0,0,1,1,6,6,2,37,7,1498,1,16,NISSAN MODEL MISSING,2,E01005714,0,4
2024010515621,2024,010515621,2,9,0,1,1,5,1,6,6,0,0,0,0,0,2,1,6,6,1,37,7,2489,1,13,NISSAN MODEL MISSING,3,E01000062,0,1
2024451451509,2024,451451509,1,9,0,-1,5,5,1,-1,0,0,1,0,0,0,4,1,-1,2,1,39,7,2489,1,12,NISSAN MODEL MISSING,6,E01030633,0,1
2024101471248,2024,101471248,1,9,0,-1,5,4,6,-1,0,-1,0,0,0,0,1,9,-1,6,1,43,7,2490,1,16,NISSAN MODEL MISSING,4,E01008255,0,1
2024010541662,2024,010541662,1,9,0,99,99,9,9,99,99,9,9,99,9,99,2,9,6,6,1,52,8,2000,1,18,NISSAN MODEL MISSING,4,E01035652,0,1
2024131431920,2024,131431920,1,9,0,-1,19,5,1,-1,0,0,1,0,1,2,3,1,-1,9,1,23,5,1999,1,32,NISSAN MODEL MISSING,6,E01011517,0,3
2024430597610,2024,430597610,2,9,0,18,19,0,0,0,0,3,0,0,0,0,0,1,6,6,1,52,8,3500,1,22,NISSAN MODEL MISSING,10,E01016343,0,1
2024010510241,2024,010510241,1,9,0,9,9,1,8,0,0,8,0,0,0,0,4,1,6,6,1,28,6,1495,1,12,NISSAN MODEL MISSING,8,E01000317,0,1
2024302400957,2024,302400957,1,9,0,14,14,1,5,0,0,0,0,0,0,0,1,1,6,6,2,61,9,1598,1,8,NISSAN MODEL MISSING,-1,-1,0,-1
2024061514775,2024,061514775,2,9,0,-1,19,8,4,-1,0,0,0,0,0,0,1,9,-1,6,2,46,8,3498,1,20,NISSAN MODEL MISSING,3,E01005998,0,1
2024010502680,2024,010502680,1,9,0,3,3,5,1,0,0,2,0,0,0,0,3,1,6,6,1,67,10,1380,1,22,NISSAN MODEL MISSING,4,E01001376,0,1
2024070791086,2024,070791086,1,9,0,-1,14,7,3,-1,0,0,2,0,0,0,1,1,-1,9,1,44,7,1598,1,14,NISSAN MODEL MISSING,-1,-1,0,-1
2024371498650,2024,371498650,1,9,0,-1,19,6,6,-1,0,0,1,0,1,0,1,1,-1,6,1,62,9,996,1,10,SUZUKI ALTO,6,E01030090,0,1
2024430441078,2024,430441078,1,9,0,18,19,1,5,0,0,4,0,0,0,0,3,1,6,6,1,-1,-1,996,1,11,SUZUKI ALTO,-1,-1,0,-1
2024311416197,2024,311416197,3,9,0,-1,4,7,3,-1,0,0,0,4,0,0,1,1,-1,9,2,22,5,996,1,13,SUZUKI ALTO,2,E01019572,0,4
2024201517442,2024,201517442,2,9,0,-1,19,8,4,-1,0,8,0,0,0,0,1,1,-1,6,1,63,9,1061,1,18,SUZUKI ALTO,1,E01010484,0,1
2024010501537,2024,010501537,1,9,0,18,19,1,5,0,0,0,0,0,0,0,3,1,6,6,1,27,6,996,1,11,SUZUKI ALTO,5,E01033274,0,5
2024131457317,2024,131457317,2,9,0,-1,19,3,7,-1,0,0,0,0,0,0,3,1,-1,6,1,35,6,996,1,10,SUZUKI ALTO,-1,-1,0,-1
2024991493582,2024,991493582,1,9,0,-1,19,1,5,-1,0,1,0,0,1,11,1,1,-1,1,2,23,5,996,1,12,SUZUKI ALTO,8,-1,0,4
2024531491566,2024,531491566,1,9,0,-1,9,6,4,-1,0,0,1,0,1,4,1,1,-1,9,1,18,4,1061,1,20,SUZUKI ALTO,6,E01022261,0,1
2024010528477,2024,010528477,2,9,0,99,99,9,9,99,99,9,9,99,9,99,9,9,2,2,1,61,9,996,1,14,SUZUKI ALTO,5,E01004141,0,1
2024471427392,2024,471427392,2,9,0,-1,19,5,1,-1,0,0,0,0,0,0,1,1,-1,2,2,30,6,996,1,14,SUZUKI ALTO,7,E01016912,0,2
2024031503030,2024,031503030,2,9,0,-1,19,3,7,-1,0,6,0,0,0,0,4,1,-1,2,2,62,9,996,1,15,SUZUKI ALTO,-1,-1,0,-1
2024546258624,2024,546258624,3,9,0,2,2,0,0,-1,-1,2,0,0,0,0,1,1,6,6,3,-1,-1,996,1,15,SUZUKI ALTO,-1,-1,0,-1
2024552401283,2024,552401283,2,9,0,18,19,6,2,0,0,8,0,10,7,1,1,1,2,2,2,55,8,996,1,11,SUZUKI ALTO,6,E01015318,0,1
2024320296658,2024,320296658,1,9,0,-1,-1,7,3,0,0,8,1,7,0,10,4,1,-1,-1,1,18,4,996,1,11,SUZUKI ALTO,8,E01026368,0,4
2024461415550,2024,461415550,2,9,0,-1,19,1,1,-1,0,0,0,0,0,0,2,9,-1,9,2,55,8,996,1,14,SUZUKI ALTO,6,E01024763,0,1
2024201503333,2024,201503333,2,9,0,-1,4,2,7,-1,0,0,0,0,0,0,2,9,-1,1,1,46,8,996,1,13,SUZUKI ALTO,5,E01009765,0,1
2024131496697,2024,131496697,1,9,0,-1,19,6,2,-1,0,5,0,0,0,0,1,1,-1,6,3,-1,-1,996,1,11,SUZUKI ALTO,-1,-1,0,-1