collision_index,collision_year,collision_ref_no,vehicle_reference,vehicle_type,towing_and_articulation,vehicle_manoeuvre_historic,vehicle_manoeuvre,vehicle_direction_from,vehicle_direction_to,vehicle_location_restricted_lane_historic,vehicle_location_restricted_lane,junction_location,skidding_and_overturning,hit_object_in_carriageway,vehicle_leaving_carriageway,hit_object_off_carriageway,first_point_of_impact,vehicle_left_hand_drive,journey_purpose_of_driver_historic,journey_purpose_of_driver,sex_of_driver,age_of_driver,age_band_of_driver,engine_capacity_cc,propulsion_code,age_of_vehicle,generic_make_model,driver_imd_decile,lsoa_of_driver,escooter_flag,driver_distance_banding
2024371439294,2024,371439294,1,9,0,-1,19,5,1,-1,0,0,0,0,0,0,1,9,-1,6,2,25,5,996,1,10,SUZUKI ALTO,8,E01029878,0,2
2024052401470,2024,052401470,1,9,0,18,19,7,3,0,0,0,0,0,1,3,1,1,6,6,2,19,4,996,1,13,SUZUKI ALTO,3,E01006353,0,2
2024231471000,2024,231471000,1,9,0,-1,19,7,3,-1,0,0,0,4,0,0,1,9,-1,6,2,89,11,996,1,12,SUZUKI ALTO,7,E01031137,0,1
2024440549748,2024,440549748,1,9,0,9,9,6,2,0,0,7,0,0,0,0,1,1,2,2,2,36,7,996,1,14,SUZUKI ALTO,9,E01023191,0,2
2024421520288,2024,421520288,1,9,0,-1,19,1,5,-1,0,0,1,0,1,0,1,1,-1,9,1,21,5,996,1,15,SUZUKI ALTO,3,E01021806,0,1
2024991444543,2024,991444543,2,9,0,-1,19,5,2,-1,0,0,0,0,0,0,1,1,-1,9,2,73,10,996,1,10,SUZUKI ALTO,5,-1,0,1
2024501435375,2024,501435375,1,9,0,-1,19,4,6,-1,0,1,0,0,0,0,1,1,-1,2,2,55,8,996,1,9,SUZUKI ALTO,4,E01019007,0,4
2024010521264,2024,010521264,3,9,0,18,19,8,4,0,0,0,0,4,0,0,1,1,6,6,1,25,5,996,1,15,SUZUKI ALTO,5,E01000006,0,1
2024070185617,2024,070185617,2,9,0,9,9,3,7,0,0,8,0,0,0,0,1,1,6,6,2,21,5,996,1,12,SUZUKI ALTO,5,E01012478,0,1
2024221450126,2024,221450126,3,9,0,-1,19,8,4,-1,0,8,0,0,1,4,2,1,-1,6,2,55,8,996,1,11,SUZUKI ALTO,6,E01028973,0,1
2024311498090,2024,311498090,2,9,0,-1,5,4,8,-1,0,6,5,0,1,0,3,1,-1,6,2,19,4,996,1,11,SUZUKI ALTO,10,E01026233,0,4
2024122400990,2024,122400990,2,9,0,18,19,7,3,0,0,1,0,0,0,0,3,1,6,6,2,20,4,996,1,15,SUZUKI ALTO,6,E01027923,0,3
2024070593861,2024,070593861,1,9,0,17,19,8,4,0,0,7,0,0,7,0,0,1,6,6,2,24,5,996,1,12,SUZUKI ALTO,7,E01018374,0,4
2024430471110,2024,430471110,1,9,0,16,19,5,8,0,0,0,0,0,2,11,4,1,6,6,1,22,5,996,1,11,SUZUKI ALTO,6,E01002422,0,4
2024471400191,2024,471400191,1,9,0,-1,19,1,5,-1,0,0,5,0,7,3,1,1,-1,9,2,19,4,996,1,13,SUZUKI ALTO,7,E01022795,0,4
2024201458635,2024,201458635,2,9,0,-1,19,1,4,-1,0,1,0,0,0,0,1,9,-1,6,2,76,11,996,1,11,SUZUKI ALTO,1,E01009500,0,1
2024131494619,2024,131494619,1,9,0,-1,19,3,7,-1,0,0,2,0,0,0,1,1,-1,2,2,32,6,996,1,15,SUZUKI ALTO,3,E01011944,0,3
2024631440832,2024,631440832,2,9,0,-1,9,2,7,-1,0,5,0,0,0,0,2,1,-1,9,2,58,9,996,1,13,SUZUKI ALTO,7,W01000464,0,1
2024061446040,2024,061446040,1,9,0,-1,19,5,1,-1,0,1,0,0,0,0,4,9,-1,6,2,55,8,996,1,11,SUZUKI ALTO,3,E01005934,0,1
2024221420846,2024,221420846,1,9,0,-1,19,6,4,-1,0,2,1,10,7,10,1,1,-1,9,1,17,4,996,1,11,SUZUKI ALTO,6,E01032404,0,2
2024522402550,2024,522402550,1,9,0,18,19,7,3,0,0,1,0,10,1,0,4,1,6,6,1,80,11,996,1,11,SUZUKI ALTO,4,E01014576,0,1
2024031489269,2024,031489269,1,9,0,-1,5,7,3,-1,0,8,0,0,0,0,1,1,-1,6,1,59,9,996,1,11,SUZUKI ALTO,9,E01019195,0,1
2024041407028,2024,041407028,2,9,0,-1,19,3,7,-1,0,8,0,0,0,0,4,1,-1,2,2,60,9,996,1,13,SUZUKI ALTO,9,E01025455,0,2
2024991455742,2024,991455742,1,9,0,-1,19,8,4,-1,0,0,1,0,0,0,4,1,-1,6,1,40,7,996,1,12,SUZUKI ALTO,6,-1,0,2
2024122400548,2024,122400548,1,9,0,18,19,7,3,0,0,0,0,0,0,0,1,1,6,6,2,47,8,996,1,13,SUZUKI ALTO,6,E01027790,0,3
2024010516357,2024,010516357,2,9,0,18,19,1,5,0,0,0,0,0,0,0,2,1,2,2,2,25,5,996,1,12,SUZUKI ALTO,3,E01002493,0,1
2024522402165,2024,522402165,1,9,0,9,9,2,8,0,0,5,0,0,0,0,1,1,6,6,2,65,9,996,1,15,SUZUKI ALTO,4,E01014904,0,1
2024522403159,2024,522403159,2,9,0,18,19,6,2,0,0,4,0,0,0,0,1,1,6,6,1,64,9,996,1,15,SUZUKI ALTO,4,E01014840,0,1
2024461402164,2024,461402164,1,9,0,-1,19,7,3,-1,0,1,0,0,0,0,1,9,-1,6,1,18,4,996,1,10,SUZUKI ALTO,7,E01024236,0,1
2024201516150,2024,201516150,1,9,0,-1,9,2,8,-1,0,2,0,0,0,0,1,9,-1,6,1,32,6,996,1,12,SUZUKI ALTO,2,E01009955,0,2
2024131421432,2024,131421432,1,9,0,-1,19,3,8,-1,0,8,0,0,0,0,2,1,-1,6,1,20,4,996,1,14,SUZUKI ALTO,8,E01013127,0,4
2024141497760,2024,141497760,1,9,0,-1,19,5,5,-1,0,0,0,0,0,0,1,1,-1,1,2,64,9,996,1,10,SUZUKI ALTO,3,E01007639,0,3
2024421398150,2024,421398150,2,9,0,-1,19,5,1,-1,0,2,0,0,0,0,1,9,-1,1,1,40,7,996,1,11,SUZUKI ALTO,3,E01021267,0,1
2024131408196,2024,131408196,1,9,0,-1,9,1,3,-1,0,6,0,0,0,0,3,1,-1,6,2,20,4,996,1,14,SUZUKI ALTO,2,E01010728,0,1
2024131461580,2024,131461580,1,9,0,-1,19,1,1,-1,0,0,0,0,0,0,1,1,-1,6,1,20,4,996,1,14,SUZUKI ALTO,1,E01010736,0,1
2024131428080,2024,131428080,3,9,0,-1,2,4,8,-1,9,8,0,0,0,0,2,1,-1,6,-1,-1,-1,996,1,11,SUZUKI ALTO,-1,-1,0,-1
2024131439099,2024,131439099,2,9,0,-1,19,8,4,-1,0,0,0,0,0,0,4,1,-1,6,1,84,11,996,1,10,SUZUKI ALTO,3,E01010761,0,1
2024141436678,2024,141436678,1,9,0,-1,19,8,5,-1,0,1,0,0,0,0,1,1,-1,9,1,19,4,996,1,13,SUZUKI ALTO,1,E01007339,0,1
2024221441013,2024,221441013,1,9,0,-1,4,6,2,-1,0,1,0,0,1,0,2,9,-1,1,1,40,7,996,1,14,SUZUKI ALTO,10,E01032151,0,1
2024010544544,2024,010544544,3,9,0,18,19,5,1,0,0,1,0,0,0,0,1,1,2,2,1,20,4,996,1,11,SUZUKI ALTO,10,E01000666,0,1
2024631413914,2024,631413914,1,9,0,-1,9,5,3,-1,0,8,0,0,0,0,4,1,-1,9,2,79,11,996,1,10,SUZUKI ALTO,4,W01000636,0,1
2024471454544,2024,471454544,1,9,0,-1,12,1,5,-1,0,1,0,0,0,0,1,1,-1,2,2,21,5,996,1,14,SUZUKI ALTO,6,E01022858,0,4
2024070096608,2024,070096608,1,9,0,7,7,5,7,0,0,4,0,0,0,0,1,1,6,6,1,22,5,996,1,10,SUZUKI ALTO,3,E01018731,0,1
2024010550228,2024,010550228,2,9,0,18,19,7,3,0,0,0,0,0,0,0,1,1,6,6,2,75,10,1061,1,19,SUZUKI ALTO,3,E01000403,0,1
2024010539683,2024,010539683,1,9,0,18,19,3,7,0,0,8,0,0,0,0,1,1,6,6,2,65,9,996,1,15,SUZUKI ALTO,5,E01033791,0,1
2024471434977,2024,471434977,1,9,0,-1,19,3,7,-1,0,0,5,4,0,0,4,1,-1,9,1,18,4,996,1,14,SUZUKI ALTO,8,E01016979,0,1
2024451413988,2024,451413988,1,9,0,-1,7,5,1,-1,0,0,0,0,1,0,3,1,-1,9,2,19,4,1061,1,19,SUZUKI ALTO,3,E01017098,0,4
2024421504294,2024,421504294,1,9,0,-1,-1,-1,-1,-1,-1,0,-1,-1,-1,0,-1,9,-1,6,1,-1,-1,996,1,11,SUZUKI ALTO,5,E01033140,0,4
2024141400023,2024,141400023,1,9,0,-1,19,3,7,-1,0,0,0,0,0,0,1,1,-1,9,1,48,8,996,1,11,SUZUKI ALTO,1,E01007949,0,1
2024131399568,2024,131399568,2,9,0,-1,2,5,1,-1,9,8,0,0,0,0,1,1,-1,6,-1,-1,-1,996,1,15,SUZUKI ALTO,-1,-1,0,-1
2024070306937,2024,070306937,1,9,0,14,14,3,7,0,0,0,0,4,0,0,1,1,6,6,2,17,4,996,1,15,SUZUKI ALTO,10,E01018676,0,1
2024501412960,2024,501412960,1,9,0,-1,12,2,6,-1,0,0,0,0,0,0,3,9,-1,6,1,34,6,996,1,10,SUZUKI ALTO,4,E01018922,0,1
2024430343596,2024,430343596,1,9,0,16,19,6,8,0,0,0,0,0,0,0,3,1,6,6,2,24,5,996,1,15,SUZUKI ALTO,7,E01023373,0,1
2024010513270,2024,010513270,2,9,0,99,99,9,9,99,99,9,9,99,9,99,1,9,6,6,3,-1,-1,996,1,11,SUZUKI ALTO,-1,-1,0,-1
2024161421151,2024,161421151,2,9,0,-1,2,0,0,-1,0,0,0,0,0,0,2,1,-1,9,1,79,11,996,1,10,SUZUKI ALTO,8,E01027839,0,4
2024052401027,2024,052401027,2,9,0,18,19,7,3,0,0,1,0,0,0,0,1,1,6,6,2,36,7,996,1,14,SUZUKI ALTO,4,E01006833,0,1
2024471500338,2024,471500338,1,9,0,-1,19,1,5,-1,0,4,0,0,0,0,1,1,-1,9,1,47,8,996,1,15,SUZUKI ALTO,9,E01031655,0,1
2024461446060,2024,461446060,2,9,0,-1,19,1,5,-1,0,0,0,0,0,0,1,9,-1,6,1,19,4,996,1,13,SUZUKI ALTO,5,E01032829,0,2
2024131403495,2024,131403495,2,9,0,-1,7,1,5,-1,0,0,0,0,0,0,1,1,-1,2,1,27,6,996,1,10,SUZUKI ALTO,1,E01010676,0,2
2024010542788,2024,010542788,2,9,0,99,99,9,9,0,0,9,0,0,0,0,1,9,6,6,2,62,9,996,1,11,SUZUKI ALTO,2,E01002227,0,1
2024141415173,2024,141415173,2,9,0,-1,19,3,6,-1,0,1,0,0,0,0,1,1,-1,2,2,18,4,996,1,10,SUZUKI ALTO,8,E01007618,0,1
2024070170369,2024,070170369,1,9,0,2,2,5,1,0,0,1,0,0,0,0,2,1,6,6,1,-1,-1,996,1,13,SUZUKI ALTO,-1,-1,0,-1
2024622400475,2024,622400475,1,9,0,17,19,6,2,0,0,0,0,0,7,4,1,1,2,2,2,27,6,996,1,13,SUZUKI ALTO,4,W01000747,0,4
2024010545035,2024,010545035,1,9,0,18,19,1,5,0,0,0,0,0,0,0,1,1,6,6,2,84,11,996,1,9,SUZUKI ALTO,9,E01000456,0,1
2024430265108,2024,430265108,1,9,0,18,19,6,2,0,0,1,2,0,0,0,1,1,6,6,1,26,6,996,1,10,SUZUKI ALTO,10,E01016553,0,1
2024610005524,2024,610005524,1,9,0,18,19,8,4,0,0,0,0,0,0,0,1,1,6,6,1,28,6,996,1,15,SUZUKI ALTO,7,W01001432,0,1
2024122400927,2024,122400927,1,9,0,9,9,5,7,0,0,8,5,0,1,0,2,1,6,6,2,26,6,996,1,13,SUZUKI ALTO,5,E01027649,0,2
2024440432327,2024,440432327,2,9,0,13,13,7,3,0,0,2,0,0,0,0,1,1,6,6,2,-1,-1,1061,1,19,SUZUKI ALTO,-1,-1,0,-1
2024131474670,2024,131474670,1,9,0,-1,19,3,7,-1,0,1,0,7,0,0,1,1,-1,6,1,39,7,996,1,11,SUZUKI ALTO,1,E01009310,0,5
2024101443881,2024,101443881,1,9,0,-1,19,5,1,-1,0,0,0,0,0,0,1,1,-1,9,1,59,9,996,1,15,SUZUKI ALTO,2,E01008663,0,1
2024302500160,2024,302500160,1,9,0,-1,19,1,4,-1,0,4,0,0,0,0,4,1,-1,6,1,26,6,996,1,14,SUZUKI ALTO,7,E01019673,0,1
2024531505447,2024,531505447,1,9,0,-1,5,5,8,-1,0,4,0,0,0,0,1,1,-1,2,1,25,5,996,1,11,SUZUKI ALTO,10,E01034780,0,1
2024302400255,2024,302400255,1,9,0,15,15,1,5,0,0,1,0,0,0,0,4,1,6,6,2,29,6,996,1,11,SUZUKI ALTO,2,E01019826,0,1
2024031400973,2024,031400973,1,9,0,-1,19,4,8,-1,0,0,0,0,0,0,1,1,-1,6,1,41,7,996,1,10,SUZUKI ALTO,8,E01019365,0,3
2024311425949,2024,311425949,1,9,0,-1,4,3,7,-1,0,0,0,0,0,0,2,1,-1,2,2,58,9,996,1,11,SUZUKI ALTO,-1,-1,0,-1
2024351406902,2024,351406902,1,9,0,-1,1,3,7,-1,0,2,0,0,0,0,1,1,-1,6,1,74,10,996,1,15,SUZUKI ALTO,5,E01022078,0,3
2024401499489,2024,401499489,2,9,0,-1,7,4,8,-1,0,0,0,0,0,0,4,1,-1,6,2,35,6,996,1,12,SUZUKI ALTO,6,E01017616,0,1
2024320212278,2024,320212278,1,9,0,-1,-1,8,4,0,0,0,1,0,7,9,1,1,-1,-1,1,28,6,996,1,13,SUZUKI ALTO,2,E01015634,0,4
2024061535641,2024,061535641,2,9,0,-1,19,8,4,-1,0,1,0,0,0,0,2,1,-1,9,1,51,8,996,1,10,SUZUKI ALTO,2,E01034109,0,1
2024340NN4632,2024,340NN4632,2,9,0,-1,2,0,0,-1,0,1,0,0,1,11,2,1,-1,1,1,53,8,996,1,10,SUZUKI ALTO,9,E01027115,0,3
2024201441142,2024,201441142,1,9,0,-1,19,8,4,-1,0,1,0,0,0,0,1,1,-1,9,1,40,7,996,1,15,SUZUKI ALTO,1,E01034933,0,1
2024101462767,2024,101462767,2,9,0,-1,3,1,5,-1,0,0,0,0,0,0,2,9,-1,6,1,61,9,996,1,15,SUZUKI ALTO,4,E01034973,0,4
2024351525948,2024,351525948,2,9,0,-1,4,3,7,-1,0,0,0,0,0,0,2,9,-1,9,2,33,6,996,1,13,SUZUKI ALTO,7,E01018220,0,3
2024131512858,2024,131512858,1,9,0,-1,9,1,1,-1,0,1,1,0,1,0,4,1,-1,9,1,31,6,996,1,15,SUZUKI ALTO,4,E01011008,0,4
2024471477501,2024,471477501,1,9,0,-1,19,8,4,-1,0,0,0,0,0,0,1,1,-1,2,1,48,8,996,1,15,SUZUKI ALTO,10,E01031763,0,1
2024010503675,2024,010503675,1,9,0,99,99,9,9,99,99,9,9,99,9,99,9,9,6,6,2,51,8,996,1,9,SUZUKI ALTO,2,E01001651,0,3
2024010513558,2024,010513558,1,9,0,99,99,9,9,99,99,9,9,99,9,99,9,9,6,6,2,43,7,996,1,11,SUZUKI ALTO,3,E01002560,0,1
2024461431618,2024,461431618,2,9,0,-1,19,1,5,-1,0,1,0,0,0,0,4,1,-1,6,1,57,9,996,1,10,SUZUKI ALTO,2,E01024028,0,3
2024101426098,2024,101426098,2,9,0,-1,9,4,3,-1,0,5,0,0,0,0,2,1,-1,9,2,18,4,996,1,11,SUZUKI ALTO,7,E01008283,0,2
2024131507822,2024,131507822,2,9,0,-1,19,3,3,-1,0,1,0,0,0,0,1,1,-1,6,1,56,9,996,1,10,SUZUKI ALTO,4,E01011231,0,1
2024461529752,2024,461529752,1,9,0,-1,19,3,7,-1,0,0,5,0,7,11,3,1,-1,6,2,17,4,996,1,14,SUZUKI ALTO,7,E01024803,0,2
2024122400715,2024,122400715,1,9,0,15,15,5,1,0,0,0,0,0,0,0,4,1,6,6,2,79,11,996,1,10,SUZUKI ALTO,3,E01027862,0,1
2024991423906,2024,991423906,1,9,0,-1,4,7,3,-1,0,0,0,0,0,0,4,1,-1,9,2,76,11,996,1,10,SUZUKI ALTO,6,-1,0,2
2024010531591,2024,010531591,2,9,0,99,99,9,9,99,99,9,9,99,9,99,1,9,6,6,3,-1,-1,996,1,11,SUZUKI ALTO,6,E01002921,0,1
2024131431308,2024,131431308,2,9,0,-1,19,1,5,-1,0,0,0,0,0,0,1,1,-1,9,1,70,10,996,1,10,SUZUKI ALTO,6,E01011110,0,1
2024421471185,2024,421471185,2,9,0,-1,2,0,0,-1,9,1,0,0,0,0,2,1,-1,6,-1,-1,-1,1061,1,20,SUZUKI ALTO,-1,-1,0,-1
2024440351680,2024,440351680,1,9,0,12,12,7,3,0,0,0,0,2,0,0,1,1,6,6,1,76,11,996,1,12,SUZUKI ALTO,8,E01016815,0,5
2024361408173,2024,361408173,2,9,0,-1,19,4,8,-1,0,1,0,0,1,0,1,1,-1,6,1,57,9,996,1,12,SUZUKI ALTO,5,E01026491,0,3
2024501428616,2024,501428616,2,9,0,-1,3,5,1,-1,0,4,1,0,0,0,2,1,-1,9,1,54,8,996,1,15,SUZUKI ALTO,7,E01018889,0,4
2024122401282,2024,122401282,1,9,0,18,19,7,3,0,0,0,0,0,0,0,1,1,6,6,2,73,10,996,1,10,SUZUKI ALTO,6,E01027560,0,1
2024320632390,2024,320632390,2,9,0,-1,-1,1,5,0,0,8,0,0,0,0,1,1,6,6,2,51,8,996,1,10,SUZUKI ALTO,9,E01034695,0,1
2024201461793,2024,201461793,1,9,0,-1,1,4,8,-1,0,0,0,0,0,0,2,1,-1,6,1,30,6,996,1,10,SUZUKI ALTO,-1,-1,0,-1
2024471526893,2024,471526893,2,9,0,-1,19,8,4,-1,0,8,0,0,0,0,1,1,-1,9,1,27,6,996,1,11,SUZUKI ALTO,4,E01031573,0,2
2024111485735,2024,111485735,2,9,0,-1,9,5,3,-1,0,5,0,0,7,0,3,1,-1,9,2,82,11,996,1,10,SUZUKI ALTO,7,E01033481,0,1
2024131402221,2024,131402221,2,9,0,-1,19,1,1,-1,0,1,0,0,0,0,1,1,-1,1,2,72,10,996,1,11,SUZUKI ALTO,4,E01010708,0,1
2024501417606,2024,501417606,1,9,0,-1,19,3,7,-1,0,0,0,0,0,0,1,9,-1,9,2,64,9,996,1,9,SUZUKI ALTO,1,E01019004,0,1
2024141446772,2024,141446772,2,9,0,-1,19,5,1,-1,0,0,0,0,0,0,2,1,-1,2,2,57,9,996,1,10,SUZUKI ALTO,4,E01007757,0,3
2024141397382,2024,141397382,2,9,0,-1,14,7,3,-1,0,1,0,0,0,0,1,1,-1,9,2,23,5,996,1,15,SUZUKI ALTO,1,E01007739,0,1
2024211438970,2024,211438970,1,9,0,-1,19,6,2,-1,0,1,0,0,0,0,1,1,-1,9,1,22,5,996,1,13,SUZUKI ALTO,-1,-1,0,-1
2024622400779,2024,622400779,2,9,0,18,19,5,1,0,0,6,0,0,0,0,3,1,6,6,2,50,8,996,1,11,SUZUKI ALTO,10,W01001892,0,1
2024111412468,2024,111412468,1,9,0,-1,7,1,3,-1,0,0,0,0,0,0,1,1,-1,6,2,73,10,996,1,12,SUZUKI ALTO,2,E01020648,0,1
2024221469557,2024,221469557,1,9,0,-1,19,6,2,-1,0,0,0,0,0,0,3,9,-1,6,2,24,5,996,1,15,SUZUKI ALTO,5,E01032391,0,2
2024522401464,2024,522401464,2,9,0,3,3,2,6,0,0,1,0,0,0,0,2,1,6,6,1,37,7,996,1,15,SUZUKI ALTO,7,E01014936,0,1
2024122500018,2024,122500018,2,9,0,18,19,8,4,0,0,0,0,0,1,10,3,1,6,6,2,61,9,996,1,9,SUZUKI ALTO,6,E01025167,0,4
2024201431802,2024,201431802,1,9,0,-1,5,8,4,-1,0,6,0,0,0,0,1,9,-1,6,2,48,8,996,1,14,SUZUKI ALTO,-1,-1,0,-1
2024010529147,2024,010529147,2,9,0,99,99,9,9,99,99,9,9,99,9,99,9,9,6,6,3,-1,-1,996,1,15,SUZUKI ALTO,-1,-1,0,-1
2024440341232,2024,440341232,2,9,0,18,19,4,8,0,0,1,0,0,0,0,1,1,6,6,2,56,9,996,1,11,SUZUKI ALTO,8,E01022829,0,1
2024520002981,2024,520002981,1,9,0,3,3,9,9,0,0,8,0,0,0,0,2,1,6,6,2,37,7,996,1,13,SUZUKI ALTO,8,E01014449,0,1
2024061491215,2024,061491215,1,9,0,-1,19,8,3,-1,0,1,0,0,0,0,4,1,-1,9,1,59,9,996,1,11,SUZUKI ALTO,-1,-1,0,-1
2024430230223,2024,430230223,1,9,0,7,7,3,7,0,0,5,0,0,0,0,4,1,2,2,1,22,5,996,1,9,SUZUKI ALTO,3,E01028519,0,1
2024522402667,2024,522402667,1,9,0,17,19,1,6,0,0,1,0,0,0,0,1,1,6,6,1,36,7,996,1,10,SUZUKI ALTO,5,E01014927,0,1
2024010550925,2024,010550925,2,9,0,18,19,8,4,0,0,8,0,0,0,0,1,1,6,6,3,18,4,996,1,15,SUZUKI ALTO,9,E01002108,0,1
2024211457663,2024,211457663,1,9,0,-1,19,3,6,-1,0,0,0,10,0,0,1,1,-1,6,1,22,5,996,1,12,SUZUKI ALTO,1,E01009269,0,4
2024461428383,2024,461428383,3,9,0,-1,19,5,4,-1,0,0,0,0,0,0,1,1,-1,6,2,27,6,996,1,15,SUZUKI ALTO,4,E01016100,0,1
2024070977881,2024,070977881,1,9,0,-1,9,5,6,-1,0,2,0,0,1,0,3,1,-1,9,2,28,6,996,1,11,SUZUKI ALTO,8,E01018441,0,2
2024631404408,2024,631404408,1,9,0,-1,12,7,3,-1,0,0,0,0,0,0,1,1,-1,1,2,66,10,1061,1,20,SUZUKI ALTO,3,W01000856,0,3
2024332401145,2024,332401145,1,9,0,-1,19,5,1,-1,0,8,0,0,0,0,3,1,-1,1,2,70,10,996,1,10,SUZUKI ALTO,5,E01027113,0,4
2024340WN0642,2024,340WN0642,1,9,0,-1,19,1,5,-1,0,6,0,0,0,0,1,1,-1,9,2,87,11,996,1,13,SUZUKI ALTO,7,E01027259,0,1
2024211536345,2024,211536345,1,9,0,-1,2,0,0,-1,0,1,0,0,0,0,3,1,-1,9,2,71,10,996,1,10,SUZUKI ALTO,2,E01014356,0,1
2024052400077,2024,052400077,2,9,0,18,19,8,4,0,0,8,0,0,0,0,1,1,6,6,2,53,8,996,1,11,SUZUKI ALTO,4,E01006837,0,4
2024440288120,2024,440288120,2,9,0,18,19,7,3,0,0,1,0,0,0,0,1,1,6,6,1,-1,-1,1061,1,19,SUZUKI ALTO,-1,-1,0,-1
2024320116501,2024,320116501,1,9,0,4,4,2,6,0,0,1,0,0,0,0,1,1,-1,-1,2,79,11,996,1,11,SUZUKI ALTO,5,E01026213,0,2
2024471395431,2024,471395431,1,9,0,-1,19,2,7,-1,9,0,0,0,1,11,1,1,-1,9,1,85,11,1061,1,19,SUZUKI ALTO,5,E01031743,0,1
2024141507819,2024,141507819,1,9,0,-1,9,7,3,-1,0,0,0,0,0,0,1,1,-1,9,2,85,11,996,1,11,SUZUKI ALTO,8,E01007381,0,1
2024501410731,2024,501410731,1,9,0,-1,19,3,7,-1,9,1,0,0,7,11,1,9,-1,9,2,85,11,996,1,10,SUZUKI ALTO,6,E01020172,0,1
2024131470443,2024,131470443,1,9,0,-1,6,4,8,-1,0,8,0,0,0,0,3,1,-1,9,2,73,10,996,1,11,SUZUKI ALTO,3,E01011875,0,1
2024522401167,2024,522401167,1,9,0,18,19,4,8,0,0,8,0,0,0,0,1,1,6,6,2,21,5,996,1,13,SUZUKI ALTO,6,E01014929,0,1
2024131527765,2024,131527765,1,9,0,-1,-1,-1,-1,-1,-1,-1,-1,-1,-1,-1,-1,1,-1,6,3,-1,-1,996,1,13,SUZUKI ALTO,-1,-1,0,-1
2024991484670,2024,991484670,1,9,0,-1,19,1,5,-1,0,0,0,0,0,0,1,1,-1,2,1,50,8,996,1,10,SUZUKI ALTO,-1,-1,0,-1
2024440426976,2024,440426976,2,9,0,18,19,8,4,0,0,0,0,0,0,0,1,1,6,6,1,49,8,1061,1,19,SUZUKI ALTO,9,E01023134,0,1
2024302401217,2024,302401217,1,9,0,16,19,5,8,0,0,0,5,0,0,0,1,1,6,6,1,17,4,996,1,12,SUZUKI ALTO,10,E01005814,0,3
2024531480355,2024,531480355,1,9,0,-1,19,5,1,-1,0,8,0,12,0,0,1,1,-1,6,1,58,9,996,1,12,SUZUKI ALTO,4,E01022241,0,1
2024201525154,2024,201525154,1,9,0,-1,9,2,7,-1,0,5,0,0,0,0,1,1,-1,9,2,26,6,996,1,9,SUZUKI ALTO,6,E01009189,0,1
2024631492594,2024,631492594,2,9,0,-1,19,2,6,-1,0,8,0,0,0,0,1,1,-1,9,1,84,11,996,1,10,SUZUKI ALTO,9,W01000432,0,3
2024501510450,2024,501510450,1,9,0,-1,19,7,3,-1,0,0,0,0,0,0,1,1,-1,6,2,19,4,996,1,13,SUZUKI ALTO,10,E01019943,0,1
2024311526142,2024,311526142,1,9,0,-1,7,1,7,-1,0,2,0,0,0,0,1,1,-1,2,1,64,9,996,1,10,SUZUKI ALTO,2,E01013853,0,1
2024010538606,2024,010538606,2,9,0,3,3,1,5,0,0,1,0,0,0,0,4,1,6,6,1,18,4,996,1,10,SUZUKI ALTO,2,E01015931,0,2
2024131503208,2024,131503208,1,9,0,-1,9,7,5,-1,0,6,0,0,0,0,3,1,-1,2,1,61,9,996,1,11,SUZUKI ALTO,1,E01011345,0,1
2024332401088,2024,332401088,1,9,0,-1,9,2,8,-1,0,2,0,0,0,0,1,1,-1,2,2,34,6,996,1,10,SUZUKI ALTO,2,E01013657,0,1
2024311467974,2024,311467974,1,9,0,-1,7,8,2,-1,0,1,0,0,0,0,1,1,-1,1,2,30,6,996,1,12,SUZUKI ALTO,6,E01034732,0,5
2024131415940,2024,131415940,1,9,0,-1,19,3,7,-1,0,0,0,0,0,0,1,1,-1,9,2,55,8,996,1,11,SUZUKI ALTO,1,E01011466,0,1
2024471528763,2024,471528763,1,9,0,-1,19,3,7,-1,0,1,0,0,0,0,1,1,-1,6,1,17,4,996,1,12,SUZUKI ALTO,10,E01031627,0,1
2024411425290,2024,411425290,3,9,0,-1,3,5,1,-1,0,0,0,0,0,0,2,1,-1,2,2,26,6,996,1,12,SUZUKI ALTO,7,E01023901,0,1
2024471412559,2024,471412559,1,9,0,-1,9,8,6,-1,0,5,0,0,0,0,4,1,-1,9,1,62,9,996,1,14,SUZUKI ALTO,10,E01031425,0,1
2024052402124,2024,052402124,1,9,0,9,9,4,2,0,0,1,0,0,0,0,4,1,6,6,1,27,6,996,1,11,SUZUKI ALTO,1,E01006540,0,1
2024991425929,2024,991425929,2,9,0,-1,3,6,2,-1,0,1,0,0,0,0,2,1,-1,6,2,46,8,996,1,15,SUZUKI ALTO,3,-1,0,1
2024010520607,2024,010520607,2,9,0,99,99,9,9,99,99,9,9,99,9,99,1,9,6,6,3,-1,-1,996,1,14,SUZUKI ALTO,3,E01030131,0,5
2024531469982,2024,531469982,1,9,0,-1,19,1,5,-1,0,0,0,0,0,0,1,1,-1,9,1,22,5,1061,1,20,SUZUKI ALTO,7,E01022230,0,3
2024010502506,2024,010502506,1,9,0,18,19,6,2,0,0,0,0,0,0,0,1,1,6,6,1,65,9,996,1,11,SUZUKI ALTO,2,E01000533,0,2
2024332400876,2024,332400876,1,9,0,-1,19,8,4,-1,0,0,0,0,0,0,1,1,-1,6,1,-1,-1,996,1,10,SUZUKI ALTO,-1,-1,0,-1