collision_index,collision_year,collision_ref_no,vehicle_reference,vehicle_type,towing_and_articulation,vehicle_manoeuvre_historic,vehicle_manoeuvre,vehicle_direction_from,vehicle_direction_to,vehicle_location_restricted_lane_historic,vehicle_location_restricted_lane,junction_location,skidding_and_overturning,hit_object_in_carriageway,vehicle_leaving_carriageway,hit_object_off_carriageway,first_point_of_impact,vehicle_left_hand_drive,journey_purpose_of_driver_historic,journey_purpose_of_driver,sex_of_driver,age_of_driver,age_band_of_driver,engine_capacity_cc,propulsion_code,age_of_vehicle,generic_make_model,driver_imd_decile,lsoa_of_driver,escooter_flag,driver_distance_banding
2024361410308,2024,361410308,1,9,0,-1,9,1,5,-1,0,2,0,0,0,0,1,1,-1,1,1,56,9,996,1,14,SUZUKI ALTO,6,E01026870,0,1
2024131519814,2024,131519814,1,9,0,-1,19,5,1,-1,0,0,1,0,0,0,1,1,-1,1,2,20,4,996,1,12,SUZUKI ALTO,1,E01010718,0,1
2024421514766,2024,421514766,1,9,0,-1,19,1,5,-1,0,4,0,0,0,0,1,1,-1,2,2,23,5,996,1,10,SUZUKI ALTO,4,E01021955,0,1
2024501531307,2024,501531307,1,9,0,-1,19,5,1,-1,0,0,0,0,1,0,1,1,-1,6,1,19,4,996,1,10,SUZUKI ALTO,5,E01014549,0,5
2024052401973,2024,052401973,1,9,0,5,5,8,4,0,0,1,0,0,0,0,1,1,6,6,2,31,6,996,1,10,SUZUKI ALTO,4,E01007161,0,2
2024430252716,2024,430252716,2,9,0,18,19,8,4,0,0,0,1,0,0,0,3,1,6,6,1,62,9,1061,1,20,SUZUKI ALTO,6,E01016279,0,3
2024010523781,2024,010523781,1,9,5,5,5,5,1,9,9,6,0,7,0,0,1,1,6,6,1,21,5,996,1,10,SUZUKI ALTO,6,E01002347,0,1
2024631532062,2024,631532062,1,9,0,-1,19,8,4,-1,0,2,0,0,0,0,3,1,-1,2,1,23,5,996,1,10,SUZUKI ALTO,8,W01000449,0,1
2024531460686,2024,531460686,2,9,0,-1,9,7,3,-1,0,3,0,0,0,0,4,1,-1,1,2,43,7,996,1,11,SUZUKI ALTO,9,E01022107,0,1
2024440110564,2024,440110564,2,9,0,2,2,0,0,0,0,1,0,0,0,0,4,1,3,7,1,57,9,996,1,10,SUZUKI ALTO,-1,-1,0,-1
2024111498935,2024,111498935,2,3,0,-1,14,5,1,-1,0,0,5,0,0,0,0,1,-1,6,2,23,5,124,1,19,MAKE AND MODEL REDACTED,4,E01020661,0,1
2024141484569,2024,141484569,2,3,0,-1,19,6,2,-1,0,1,0,0,0,0,1,1,-1,2,1,19,4,124,1,8,MAKE AND MODEL REDACTED,9,E01007624,0,1
2024501516900,2024,501516900,2,3,0,-1,19,5,1,-1,0,1,0,0,0,0,1,1,-1,6,1,42,7,124,1,19,MAKE AND MODEL REDACTED,4,E01015236,0,2
2024320165361,2024,320165361,2,3,0,-1,-1,2,6,0,0,8,2,0,0,0,1,1,-1,-1,1,17,4,124,1,17,MAKE AND MODEL REDACTED,2,E01026101,0,1
2024631508262,2024,631508262,1,3,0,-1,19,8,4,-1,0,1,1,0,2,10,1,1,-1,6,1,29,6,124,1,19,MAKE AND MODEL REDACTED,7,W01000735,0,1
2024231467787,2024,231467787,2,3,0,-1,19,8,4,-1,0,8,0,0,0,0,1,1,-1,9,1,17,4,124,1,13,MAKE AND MODEL REDACTED,5,E01032174,0,4
2024201489384,2024,201489384,2,9,0,-1,2,0,0,-1,0,0,0,0,0,0,2,1,-1,6,2,40,7,1490,8,1,TOYOTA YARIS,3,E01009596,0,1
2024010517258,2024,010517258,2,9,0,99,99,9,9,99,99,9,9,99,9,99,2,9,6,6,3,55,8,1490,8,1,TOYOTA YARIS,2,E01000091,0,1
2024451416301,2024,451416301,2,9,0,-1,19,1,5,-1,0,1,0,0,0,0,1,1,-1,6,1,27,6,1299,1,23,TOYOTA YARIS,6,E01002968,0,3
2024010527993,2024,010527993,1,9,0,99,99,9,9,99,99,9,9,99,9,99,4,9,6,6,2,53,8,1497,8,11,TOYOTA YARIS,7,E01023540,0,2
2024440141494,2024,440141494,2,9,0,3,3,2,6,0,0,1,0,0,0,0,2,1,6,6,2,27,6,1490,8,3,TOYOTA YARIS,10,E01022518,0,1
2024451529917,2024,451529917,2,9,0,-1,4,5,1,-1,0,0,0,0,0,0,2,1,-1,9,1,37,7,1490,8,1,TOYOTA YARIS,10,E01030961,0,1
2024141461878,2024,141461878,2,9,0,-1,9,6,4,-1,0,0,0,0,0,0,4,1,-1,9,1,80,11,1490,8,3,TOYOTA YARIS,8,E01018242,0,5
202454D882724,2024,54D882724,1,9,0,4,4,1,5,0,0,0,0,0,0,0,1,1,6,6,1,80,11,1490,8,3,TOYOTA YARIS,10,E01031984,0,1
2024070279249,2024,070279249,2,9,0,18,19,8,4,0,0,1,0,0,0,0,1,1,6,6,1,37,7,1497,8,8,TOYOTA YARIS,2,E01018714,0,2
2024010536160,2024,010536160,3,9,0,2,2,0,0,0,0,0,0,0,0,0,2,1,6,6,3,-1,-1,1296,1,18,TOYOTA YARIS,-1,-1,0,-1
2024141425424,2024,141425424,1,9,0,-1,1,3,7,-1,0,0,0,0,0,0,2,1,-1,9,1,35,6,1329,1,15,TOYOTA YARIS,1,E01034842,0,1
2024010530077,2024,010530077,1,9,0,18,19,4,8,0,0,1,0,0,0,0,3,1,6,6,1,51,8,1329,1,14,TOYOTA YARIS,7,E01004162,0,1
2024131487381,2024,131487381,2,9,0,-1,9,7,3,-1,0,6,0,0,0,0,1,1,-1,1,2,56,9,1497,8,4,TOYOTA YARIS,3,E01011240,0,3
2024010541060,2024,010541060,1,9,0,4,4,1,5,0,0,1,0,0,0,0,2,1,6,6,2,29,6,1490,8,3,TOYOTA YARIS,2,E01015754,0,4
2024340NN2302,2024,340NN2302,1,9,0,-1,19,6,2,-1,0,0,1,0,0,0,1,1,-1,2,2,29,6,1299,1,20,TOYOTA YARIS,2,E01035431,0,3
2024440044439,2024,440044439,1,9,0,9,9,6,3,0,0,8,0,0,0,0,4,1,6,6,1,33,6,998,1,15,TOYOTA YARIS,2,E01032750,0,1
2024520403333,2024,520403333,1,9,0,18,19,5,1,0,0,0,0,0,7,10,1,1,6,6,2,19,4,998,1,21,TOYOTA YARIS,5,E01029073,0,4
2024010549088,2024,010549088,2,9,0,99,99,9,9,99,99,9,9,99,9,99,2,9,6,6,1,53,8,1496,1,5,TOYOTA YARIS,5,E01004346,0,1
2024351408776,2024,351408776,1,9,0,-1,9,-1,-1,-1,0,5,0,0,0,0,-1,9,-1,6,2,33,6,1497,8,6,TOYOTA YARIS,10,E01035555,0,3
2024010533509,2024,010533509,2,9,0,18,19,5,1,0,0,2,0,0,0,0,1,1,1,1,2,53,8,1490,8,2,TOYOTA YARIS,7,E01030850,0,3
2024332401130,2024,332401130,1,9,0,-1,19,2,6,-1,0,1,0,0,0,0,2,1,-1,6,1,44,7,1497,8,9,TOYOTA YARIS,6,E01013738,0,1
2024522500473,2024,522500473,1,9,0,18,19,5,1,0,0,8,0,0,0,0,4,1,6,6,1,58,9,1496,1,6,TOYOTA YARIS,10,E01014615,0,2
2024411434411,2024,411434411,2,9,0,-1,5,3,7,-1,0,2,0,0,0,0,3,1,-1,6,2,55,8,1490,8,1,TOYOTA YARIS,2,E01023339,0,1
2024320236872,2024,320236872,1,9,0,-1,-1,3,7,0,0,8,1,0,1,0,1,1,-1,-1,2,48,8,1490,8,4,TOYOTA YARIS,6,E01009586,0,4
2024461462498,2024,461462498,2,9,0,-1,19,3,7,-1,0,0,0,0,0,0,3,9,-1,6,2,57,9,1490,8,1,TOYOTA YARIS,8,E01000347,0,3
2024010499003,2024,010499003,1,9,0,9,9,5,3,0,0,8,0,0,0,0,1,1,6,6,1,39,7,1490,8,1,TOYOTA YARIS,5,E01004346,0,1
2024131475699,2024,131475699,1,9,0,-1,19,1,5,-1,0,1,0,0,0,0,3,1,-1,9,2,90,11,1497,8,8,TOYOTA YARIS,3,E01010599,0,3
2024451518816,2024,451518816,1,9,0,-1,19,3,1,-1,0,0,0,0,0,0,3,9,-1,6,1,67,10,1329,1,10,TOYOTA YARIS,10,E01030329,0,1
2024141440953,2024,141440953,1,9,0,-1,9,2,8,-1,0,7,0,0,0,0,4,1,-1,2,1,62,9,1496,1,6,TOYOTA YARIS,2,E01007975,0,1
2024131509751,2024,131509751,2,9,0,-1,9,5,1,-1,0,3,0,0,0,0,3,1,-1,1,2,36,7,1364,2,14,TOYOTA YARIS,1,E01010731,0,3
2024361411367,2024,361411367,3,9,0,-1,3,6,2,-1,0,0,0,0,0,0,1,1,-1,9,1,44,7,1299,1,19,TOYOTA YARIS,7,E01023605,0,4
2024010523311,2024,010523311,2,9,0,99,99,9,9,99,99,9,9,99,9,99,1,9,6,6,3,-1,-1,1296,1,16,TOYOTA YARIS,-1,-1,0,-1
2024421467421,2024,421467421,1,9,0,-1,5,5,3,-1,0,6,0,0,0,0,1,1,-1,9,1,40,7,1490,8,1,TOYOTA YARIS,8,E01003709,0,1
2024622400792,2024,622400792,1,9,0,18,19,2,6,0,0,0,0,0,0,0,1,1,6,6,2,36,7,1490,8,2,TOYOTA YARIS,2,W01000941,0,1
2024131453545,2024,131453545,1,9,0,-1,19,1,5,-1,0,0,2,0,0,0,4,1,-1,9,1,20,4,1363,2,19,TOYOTA YARIS,7,E01011102,0,1
2024010548896,2024,010548896,1,9,0,18,19,5,1,0,0,0,0,0,0,0,1,1,3,7,2,33,6,1329,1,11,TOYOTA YARIS,4,E01034603,0,1
2024201538913,2024,201538913,2,9,0,-1,19,6,2,-1,0,8,0,0,0,0,3,9,-1,9,1,38,7,1497,1,23,TOYOTA YARIS,2,E01009481,0,2
2024371526540,2024,371526540,1,9,0,-1,19,8,4,-1,0,0,0,0,0,0,4,1,-1,6,2,66,10,1497,8,9,TOYOTA YARIS,10,E01030205,0,1
2024201467900,2024,201467900,3,9,0,-1,9,3,1,-1,0,1,0,0,0,0,2,1,-1,6,1,27,6,1329,1,12,TOYOTA YARIS,1,E01009192,0,1
2024451523421,2024,451523421,1,9,0,-1,19,3,7,-1,0,0,0,0,0,0,1,1,-1,6,1,24,5,998,1,18,TOYOTA YARIS,4,E01030981,0,1
2024201448750,2024,201448750,2,9,0,-1,11,8,6,-1,0,0,0,0,0,0,1,1,-1,6,1,20,4,998,1,18,TOYOTA YARIS,4,E01009518,0,1
2024061510233,2024,061510233,1,9,-1,-1,19,3,7,-1,0,0,0,0,0,0,1,9,-1,6,2,-1,-1,1329,1,11,TOYOTA YARIS,-1,-1,0,-1
2024010510123,2024,010510123,1,9,0,1,1,1,3,0,0,8,0,0,0,0,0,1,6,6,1,29,6,1329,1,10,TOYOTA YARIS,3,E01032574,0,3
2024010541131,2024,010541131,1,9,0,7,7,7,1,0,0,1,0,0,0,0,1,1,6,6,2,42,7,1490,8,3,TOYOTA YARIS,-1,-1,0,-1
2024501498807,2024,501498807,1,9,0,-1,9,7,5,-1,0,5,0,0,0,0,1,1,-1,9,2,71,10,1497,8,5,TOYOTA YARIS,9,E01020090,0,1
2024320390828,2024,320390828,1,9,0,7,7,2,4,0,0,6,0,0,0,0,3,1,-1,-1,2,29,6,1329,1,9,TOYOTA YARIS,8,E01013805,0,1
2024531514399,2024,531514399,1,9,0,-1,9,5,1,-1,0,6,0,0,0,0,4,1,-1,1,2,37,7,1296,1,17,TOYOTA YARIS,2,E01022320,0,2
2024531404887,2024,531404887,1,9,0,-1,9,2,6,-1,0,1,0,0,0,0,1,1,-1,9,1,38,7,1299,1,23,TOYOTA YARIS,1,E01022329,0,1
2024320644459,2024,320644459,2,9,0,-1,-1,6,2,0,0,8,0,0,0,0,1,1,1,1,1,38,7,1299,1,19,TOYOTA YARIS,6,E01034689,0,2
2024010508916,2024,010508916,1,9,0,99,99,9,9,99,99,9,9,99,9,99,2,9,6,6,2,36,7,1490,8,0,TOYOTA YARIS,6,E01001565,0,1
2024991480644,2024,991480644,1,9,0,-1,6,4,4,-1,0,3,0,0,7,2,1,1,-1,6,1,23,5,1490,8,0,TOYOTA YARIS,2,-1,0,1
2024052400364,2024,052400364,1,9,0,18,19,5,1,0,0,0,0,0,0,0,1,1,2,2,1,35,6,1299,1,21,TOYOTA YARIS,3,E01006550,0,1
2024421480673,2024,421480673,2,9,0,-1,10,4,1,-1,0,1,0,0,0,0,3,1,-1,6,2,70,10,1497,8,4,TOYOTA YARIS,10,E01021570,0,1
2024340NN3462,2024,340NN3462,1,9,0,-1,9,3,1,-1,0,8,0,0,0,0,1,1,-1,1,1,57,9,998,1,19,TOYOTA YARIS,4,E01027327,0,1
2024221487459,2024,221487459,1,9,0,-1,19,7,3,-1,0,4,0,0,0,0,1,9,-1,6,3,44,7,1618,1,3,TOYOTA YARIS,-1,-1,0,-1
2024461410357,2024,461410357,2,9,0,-1,19,5,1,-1,0,0,0,0,0,0,1,1,-1,6,2,58,9,1490,8,3,TOYOTA YARIS,3,E01024695,0,1
2024231433133,2024,231433133,2,9,0,-1,19,1,4,-1,0,0,0,0,0,0,1,1,-1,9,1,27,6,1490,8,2,TOYOTA YARIS,9,E01035729,0,3
2024351479236,2024,351479236,2,9,-1,-1,-1,-1,-1,-1,-1,0,-1,-1,-1,0,-1,9,-1,6,2,69,10,1299,1,22,TOYOTA YARIS,10,E01017959,0,3
2024430169421,2024,430169421,2,9,0,17,19,5,1,0,0,8,0,0,0,0,1,1,6,6,2,84,11,998,1,23,TOYOTA YARIS,10,E01028684,0,3
2024991449590,2024,991449590,3,9,0,-1,3,3,7,-1,0,0,0,0,0,0,2,1,-1,6,2,80,11,1329,1,12,TOYOTA YARIS,1,-1,0,1
2024622400584,2024,622400584,2,9,0,2,2,0,0,0,0,0,0,0,0,0,2,1,6,6,1,28,6,1497,8,5,TOYOTA YARIS,10,W01001819,0,2
2024471472598,2024,471472598,1,9,0,-1,19,5,1,-1,0,0,0,0,0,0,3,1,-1,9,2,78,11,1329,1,9,TOYOTA YARIS,6,E01021199,0,1
2024041400839,2024,041400839,2,9,0,-1,9,6,2,-1,0,1,0,0,0,0,2,1,-1,9,2,71,10,998,1,18,TOYOTA YARIS,7,E01025052,0,1
2024131446217,2024,131446217,1,9,0,-1,19,1,5,-1,0,8,0,0,7,1,1,1,-1,9,2,61,9,1490,8,1,TOYOTA YARIS,3,E01011718,0,1
2024201469661,2024,201469661,2,9,0,-1,3,3,7,-1,0,0,1,7,0,0,4,1,-1,6,2,53,8,1496,1,5,TOYOTA YARIS,-1,-1,0,-1
2024332400942,2024,332400942,3,9,0,-1,19,4,8,-1,0,0,0,0,0,0,2,1,-1,6,1,47,8,1296,1,16,TOYOTA YARIS,5,E01013737,0,1
2024451415160,2024,451415160,3,9,0,-1,2,0,0,-1,9,1,0,0,0,0,4,1,-1,6,-1,-1,-1,1299,1,20,TOYOTA YARIS,-1,-1,0,-1
2024311536396,2024,311536396,1,9,0,-1,9,7,5,-1,0,2,0,0,0,0,1,1,-1,6,1,56,9,1296,1,18,TOYOTA YARIS,5,E01013831,0,1
2024161450409,2024,161450409,1,9,0,-1,8,8,2,-1,0,0,0,0,0,0,1,1,-1,6,1,57,9,1364,2,17,TOYOTA YARIS,2,E01013129,0,1
2024531420405,2024,531420405,2,9,0,-1,19,2,6,-1,0,0,0,0,1,0,0,1,-1,6,2,80,11,1329,1,8,TOYOTA YARIS,7,E01022302,0,1
2024332400662,2024,332400662,1,9,0,-1,9,6,4,-1,0,5,0,0,0,0,1,1,-1,9,2,81,11,1329,1,13,TOYOTA YARIS,8,E01025613,0,1
2024010549001,2024,010549001,1,9,0,18,19,7,3,0,0,1,0,0,0,0,1,1,6,6,2,52,8,1490,8,2,TOYOTA YARIS,3,E01034204,0,2
2024060183137,2024,060183137,1,9,0,18,19,5,1,0,0,0,0,11,5,10,3,1,1,1,1,19,4,1490,8,3,TOYOTA YARIS,1,E01005826,0,2
2024522401164,2024,522401164,1,9,0,18,19,1,5,0,0,8,0,0,0,0,1,1,6,6,2,68,10,1329,1,8,TOYOTA YARIS,10,E01014667,0,1
2024221457325,2024,221457325,3,9,0,-1,2,0,0,-1,0,0,0,0,0,0,2,9,-1,9,2,36,7,1329,1,10,TOYOTA YARIS,10,E01009853,0,1
2024010522632,2024,010522632,1,9,0,99,99,9,9,99,99,9,9,99,9,99,9,9,2,2,1,33,6,1497,8,11,TOYOTA YARIS,9,E01030313,0,3
2024201408057,2024,201408057,1,9,0,-1,19,5,1,-1,0,8,0,10,7,2,1,9,-1,9,1,50,8,1364,2,17,TOYOTA YARIS,3,E01009857,0,1
2024010533779,2024,010533779,2,9,0,2,2,0,0,0,0,2,0,0,0,0,1,1,6,6,3,-1,-1,1329,1,11,TOYOTA YARIS,-1,-1,0,-1
2024010550602,2024,010550602,2,9,9,6,6,1,1,99,99,0,9,99,0,0,9,9,6,6,3,-1,-1,1329,1,14,TOYOTA YARIS,-1,-1,0,-1
2024010527537,2024,010527537,2,9,0,99,99,9,9,99,99,9,9,99,9,99,2,9,6,6,3,-1,-1,1497,8,7,TOYOTA YARIS,-1,-1,0,-1
2024101427042,2024,101427042,1,9,0,-1,7,2,4,-1,0,0,0,0,1,0,1,1,-1,9,2,80,11,1497,8,11,TOYOTA YARIS,8,E01008647,0,1
2024201507143,2024,201507143,2,9,0,-1,4,8,4,-1,0,0,0,0,0,0,2,1,-1,1,2,55,8,1490,8,1,TOYOTA YARIS,1,E01009964,0,2
2024221516929,2024,221516929,1,9,0,-1,12,5,1,-1,0,8,0,0,0,0,3,1,-1,6,2,17,4,1490,8,1,TOYOTA YARIS,7,E01014202,0,2
2024311548088,2024,311548088,1,9,0,-1,4,3,8,-1,0,0,0,0,0,0,2,1,-1,6,2,21,5,1497,8,10,TOYOTA YARIS,-1,-1,0,-1
2024010542191,2024,010542191,1,9,0,18,19,5,1,0,0,2,0,0,0,0,1,1,6,6,2,64,9,1329,1,10,TOYOTA YARIS,1,E01002038,0,1
2024552400565,2024,552400565,1,9,0,18,19,2,6,0,0,0,5,0,7,3,1,1,6,6,1,91,11,1329,1,8,TOYOTA YARIS,4,E01020394,0,1
2024610044724,2024,610044724,1,9,0,4,4,5,1,0,0,0,0,0,0,0,1,1,6,6,1,-1,-1,1299,1,19,TOYOTA YARIS,1,W01001692,0,1
2024131409952,2024,131409952,1,9,0,-1,19,3,7,-1,0,0,0,0,0,0,1,1,-1,9,1,78,11,1497,8,8,TOYOTA YARIS,5,E01011058,0,4
2024031455418,2024,031455418,1,9,0,-1,19,4,8,-1,0,0,0,4,0,0,1,1,-1,6,2,83,11,1299,1,19,TOYOTA YARIS,5,E01019082,0,1
2024131398706,2024,131398706,1,9,0,-1,9,5,3,-1,0,0,1,0,0,0,1,1,-1,2,2,27,6,998,1,18,TOYOTA YARIS,3,E01010629,0,3
2024201517549,2024,201517549,1,9,0,-1,19,7,2,-1,0,8,0,10,1,7,1,1,-1,6,1,31,6,1329,1,11,TOYOTA YARIS,1,E01009328,0,1
2024041519716,2024,041519716,1,9,0,-1,19,2,6,-1,9,0,1,0,0,0,1,1,-1,6,1,29,6,1364,2,17,TOYOTA YARIS,1,E01024895,0,1
2024101428851,2024,101428851,1,9,-1,-1,5,5,3,-1,0,2,0,0,0,0,1,9,-1,6,1,-1,-1,1299,1,20,TOYOTA YARIS,-1,-1,0,-1
2024201438776,2024,201438776,3,9,0,-1,19,7,3,-1,0,2,0,0,0,0,3,1,-1,6,1,34,6,998,1,21,TOYOTA YARIS,6,E01010221,0,1
2024471468319,2024,471468319,2,9,0,-1,2,0,0,-1,0,0,0,0,1,0,2,1,-1,6,-1,-1,-1,1497,8,12,TOYOTA YARIS,-1,-1,0,-1
2024010512174,2024,010512174,1,9,0,18,19,6,2,0,0,3,0,0,2,11,2,1,6,6,2,20,4,1490,8,1,TOYOTA YARIS,3,E01001412,0,1
2024010541815,2024,010541815,1,9,0,9,9,5,3,0,0,8,0,12,0,0,1,1,6,6,2,45,7,1296,1,17,TOYOTA YARIS,6,E01024180,0,3
2024141508472,2024,141508472,1,9,0,-1,4,1,4,-1,0,1,0,0,0,0,0,9,-1,6,3,-1,-1,1329,1,13,TOYOTA YARIS,-1,-1,0,-1
2024552400211,2024,552400211,1,9,0,7,7,6,8,0,0,6,0,0,0,0,1,1,6,6,2,81,11,1329,1,15,TOYOTA YARIS,2,E01020573,0,1
2024131431590,2024,131431590,1,9,0,-1,19,7,3,-1,0,1,0,0,0,0,1,1,-1,9,1,37,7,1329,1,10,TOYOTA YARIS,1,E01011340,0,1
2024520401674,2024,520401674,1,9,0,18,19,8,4,0,0,0,0,0,0,0,1,1,6,6,2,48,8,1329,1,13,TOYOTA YARIS,5,E01029053,0,1
2024201403158,2024,201403158,2,9,0,-1,4,3,7,-1,0,0,0,0,0,0,2,1,-1,6,1,33,6,1296,1,16,TOYOTA YARIS,1,E01009399,0,2
2024991504657,2024,991504657,2,9,0,-1,19,3,7,-1,0,0,0,0,0,0,1,1,-1,2,1,50,8,1364,2,13,TOYOTA YARIS,4,-1,0,1
2024010536649,2024,010536649,3,9,0,4,4,1,5,0,0,1,0,0,0,0,2,1,6,6,2,38,7,998,1,11,TOYOTA YARIS,4,E01004393,0,1
2024471523221,2024,471523221,1,9,0,-1,19,1,5,-1,0,2,5,0,0,0,1,1,-1,9,1,76,11,1490,8,1,TOYOTA YARIS,10,E01021219,0,4
2024101513794,2024,101513794,1,9,0,-1,19,5,1,-1,0,0,0,0,0,0,4,1,-1,9,1,76,11,1490,8,1,TOYOTA YARIS,-1,-1,0,-1
2024430488655,2024,430488655,2,9,0,9,9,2,8,0,0,8,0,0,0,0,4,1,6,6,1,74,10,1490,8,2,TOYOTA YARIS,9,E01017695,0,1
2024451457622,2024,451457622,2,9,0,-1,2,0,0,-1,9,0,0,0,0,0,2,1,-1,6,-1,-1,-1,998,1,22,TOYOTA YARIS,-1,-1,0,-1
2024131517918,2024,131517918,1,9,0,-1,19,5,1,-1,1,8,1,0,0,0,1,1,-1,9,1,35,6,1296,1,18,TOYOTA YARIS,1,E01011144,0,3
2024461432902,2024,461432902,3,9,0,-1,19,3,7,-1,0,0,0,0,0,0,3,9,-1,6,2,63,9,1296,1,17,TOYOTA YARIS,3,E01016164,0,1
2024061453625,2024,061453625,2,9,0,-1,15,3,7,-1,0,2,0,0,0,0,1,1,-1,9,1,33,6,998,1,21,TOYOTA YARIS,4,E01032684,0,2
2024471502575,2024,471502575,1,9,0,-1,5,7,5,-1,0,6,0,0,0,0,2,1,-1,9,2,82,11,1497,8,6,TOYOTA YARIS,6,E01021145,0,1
2024010527641,2024,010527641,1,9,0,4,4,7,3,0,0,1,0,0,0,0,2,1,6,6,2,22,5,1490,8,0,TOYOTA YARIS,2,E01001875,0,1
2024991549082,2024,991549082,1,9,0,-1,9,7,4,-1,0,0,0,0,0,0,2,1,-1,9,2,80,11,1364,2,10,TOYOTA YARIS,7,-1,0,3
2024201474704,2024,201474704,2,9,0,-1,19,6,2,-1,0,2,0,0,0,0,2,9,-1,1,1,42,7,1296,1,16,TOYOTA YARIS,3,E01009119,0,4
2024451509018,2024,451509018,2,9,0,-1,19,3,7,-1,0,1,0,0,0,0,1,1,-1,9,2,79,11,1329,1,10,TOYOTA YARIS,9,E01021156,0,4
2024010528350,2024,010528350,1,9,0,13,13,1,5,0,0,0,0,0,0,0,4,1,6,6,2,49,8,1497,8,4,TOYOTA YARIS,3,E01000046,0,3
2024201482305,2024,201482305,1,9,0,-1,9,8,6,-1,0,6,0,0,0,0,3,9,-1,6,2,39,7,1490,8,3,TOYOTA YARIS,-1,-1,0,-1
2024302400355,2024,302400355,1,9,0,18,19,1,5,0,0,8,0,0,1,0,1,1,6,6,1,31,6,998,1,14,TOYOTA YARIS,2,E01013569,0,1
2024211533111,2024,211533111,1,9,0,-1,9,5,1,-1,0,1,0,0,0,0,4,1,-1,1,2,34,6,1299,1,23,TOYOTA YARIS,8,E01029579,0,1
2024010541362,2024,010541362,1,9,0,7,7,5,6,0,0,6,0,0,0,0,1,1,6,6,1,45,7,1496,1,4,TOYOTA YARIS,8,E01004144,0,1
2024545364524,2024,545364524,1,9,0,9,9,1,7,0,0,6,0,0,0,0,4,1,6,6,1,57,9,1490,8,0,TOYOTA YARIS,-1,-1,0,-1
2024061532086,2024,061532086,2,9,0,-1,19,3,1,-1,0,0,0,0,0,0,1,2,-1,6,3,53,8,1490,8,3,TOYOTA YARIS,5,E01006206,0,1
2024141490114,2024,141490114,1,9,0,-1,9,5,4,-1,0,8,0,0,0,0,1,1,-1,9,1,22,5,1497,8,7,TOYOTA YARIS,1,E01007875,0,1
2024320366537,2024,320366537,2,9,0,-1,-1,6,2,0,0,0,0,0,7,0,1,1,-1,-1,2,19,4,1496,1,6,TOYOTA YARIS,4,E01032986,0,4
2024471467175,2024,471467175,1,9,0,-1,19,1,5,-1,0,0,0,0,0,0,1,1,-1,1,1,37,7,998,1,18,TOYOTA YARIS,6,E01031449,0,1
2024440332485,2024,440332485,1,9,0,9,9,3,1,0,0,5,0,0,0,0,4,1,6,6,1,23,5,1329,1,11,TOYOTA YARIS,1,E01017031,0,1
2024421452350,2024,421452350,2,9,0,-1,19,4,8,-1,0,0,0,0,0,0,2,9,-1,6,2,57,9,1497,8,4,TOYOTA YARIS,5,E01021492,0,1
2024421500401,2024,421500401,1,9,0,-1,12,5,1,-1,0,4,0,0,0,0,3,9,-1,6,1,45,7,1497,8,8,TOYOTA YARIS,6,E01021509,0,1
2024141499172,2024,141499172,1,9,0,-1,4,7,3,-1,0,0,0,0,0,0,2,1,-1,6,1,76,11,1497,8,8,TOYOTA YARIS,2,E01007772,0,1
2024401539670,2024,401539670,2,9,0,-1,19,1,7,-1,0,8,0,0,0,0,1,1,-1,6,1,18,4,1329,1,8,TOYOTA YARIS,9,E01015710,0,1
2024471405765,2024,471405765,1,9,0,-1,9,7,3,-1,0,6,0,0,0,0,1,1,-1,9,2,84,11,1299,1,22,TOYOTA YARIS,8,E01021214,0,1
2024052400818,2024,052400818,2,9,0,9,9,4,2,0,0,0,0,0,0,0,4,1,1,1,1,52,8,1490,8,3,TOYOTA YARIS,1,E01006762,0,1
2024201474898,2024,201474898,2,9,0,-1,3,5,1,-1,0,8,0,0,0,0,3,1,-1,6,1,36,7,1329,1,14,TOYOTA YARIS,1,E01009382,0,1
2024010509557,2024,010509557,3,9,0,18,19,1,5,0,0,0,0,0,0,0,3,1,1,1,1,21,5,998,1,20,TOYOTA YARIS,3,E01003572,0,1
2024351482924,2024,351482924,2,9,0,-1,3,-1,-1,-1,0,0,0,0,0,0,2,9,-1,9,1,30,6,1329,1,9,TOYOTA YARIS,1,E01030249,0,5
2024471408861,2024,471408861,1,9,0,-1,9,7,5,-1,0,6,0,0,0,0,1,1,-1,2,1,32,6,1490,8,1,TOYOTA YARIS,4,E01021002,0,1
2024522401438,2024,522401438,1,9,0,9,9,8,6,0,0,5,0,10,1,4,1,1,6,6,2,71,10,1497,8,7,TOYOTA YARIS,7,E01014882,0,2
2024131435723,2024,131435723,1,9,0,-1,7,5,3,-1,0,5,0,0,0,0,4,1,-1,9,2,37,7,1329,1,10,TOYOTA YARIS,6,E01011524,0,2
2024041506676,2024,041506676,3,9,0,-1,4,1,5,-1,0,0,0,0,0,0,2,1,-1,9,1,58,9,1299,1,24,TOYOTA YARIS,9,E01025303,0,2
2024101417312,2024,101417312,2,9,0,-1,19,8,4,-1,0,0,0,0,0,0,2,1,-1,2,2,30,6,1490,8,3,TOYOTA YARIS,9,E01008272,0,1
2024440401939,2024,440401939,2,9,0,5,5,2,6,0,0,0,0,0,0,0,2,1,2,2,2,59,9,1329,1,13,TOYOTA YARIS,4,E01022524,0,1