collision_index,collision_year,collision_ref_no,vehicle_reference,vehicle_type,towing_and_articulation,vehicle_manoeuvre_historic,vehicle_manoeuvre,vehicle_direction_from,vehicle_direction_to,vehicle_location_restricted_lane_historic,vehicle_location_restricted_lane,junction_location,skidding_and_overturning,hit_object_in_carriageway,vehicle_leaving_carriageway,hit_object_off_carriageway,first_point_of_impact,vehicle_left_hand_drive,journey_purpose_of_driver_historic,journey_purpose_of_driver,sex_of_driver,age_of_driver,age_band_of_driver,engine_capacity_cc,propulsion_code,age_of_vehicle,generic_make_model,driver_imd_decile,lsoa_of_driver,escooter_flag,driver_distance_banding
2024351526622,2024,351526622,1,9,0,-1,5,1,5,-1,0,0,0,0,0,0,4,9,-1,9,2,31,6,1364,2,18,TOYOTA YARIS,6,E01015691,0,1
2024302400690,2024,302400690,1,9,0,14,14,1,5,6,6,0,0,0,0,0,2,1,6,6,3,-1,-1,1364,2,12,TOYOTA YARIS,5,E01019456,0,3
2024201406152,2024,201406152,2,9,0,-1,3,8,4,-1,0,3,0,0,0,0,2,1,-1,1,1,51,8,1329,1,12,TOYOTA YARIS,3,E01009140,0,1
2024461416061,2024,461416061,2,9,0,-1,9,5,3,-1,0,0,0,0,2,10,3,1,-1,6,2,23,5,1329,1,14,TOYOTA YARIS,10,E01024074,0,1
2024471455169,2024,471455169,2,9,0,-1,19,2,6,-1,0,1,0,0,0,0,1,1,-1,7,1,53,8,998,1,15,TOYOTA YARIS,3,E01031553,0,2
2024471421458,2024,471421458,2,9,0,-1,19,6,8,-1,0,2,0,0,7,0,1,9,-1,6,1,49,8,998,1,19,TOYOTA YARIS,2,E01032832,0,1
2024010504319,2024,010504319,1,9,0,99,99,9,9,99,99,9,9,99,9,99,1,9,6,6,2,55,8,1490,8,4,TOYOTA YARIS,2,E01001079,0,2
2024122500093,2024,122500093,2,9,0,18,19,1,5,0,0,0,0,0,1,0,3,1,6,6,2,67,10,1490,8,3,TOYOTA YARIS,3,E01027909,0,4
2024411507023,2024,411507023,2,9,-1,-1,-1,-1,-1,-1,-1,0,-1,-1,-1,0,-1,9,-1,9,2,43,7,1490,8,3,TOYOTA YARIS,6,E01023927,0,1
2024302401311,2024,302401311,4,9,0,18,19,2,6,0,0,1,0,0,0,0,1,1,6,6,2,67,10,1496,1,5,TOYOTA YARIS,8,E01019518,0,1
2024131417034,2024,131417034,1,9,0,-1,9,3,7,-1,0,1,0,0,0,0,1,1,-1,9,1,76,11,1296,1,18,TOYOTA YARIS,1,E01010812,0,1
2024991495486,2024,991495486,2,9,0,-1,19,5,1,-1,0,4,0,0,0,0,2,1,-1,6,2,37,7,1496,1,7,TOYOTA YARIS,2,-1,0,1
2024332400650,2024,332400650,3,9,0,-1,19,1,5,-1,0,0,0,0,0,0,4,1,-1,6,2,67,10,1496,1,7,TOYOTA YARIS,7,E01013669,0,1
2024131536390,2024,131536390,1,9,0,-1,7,5,3,-1,0,0,1,10,0,0,1,1,-1,9,2,21,5,1329,1,9,TOYOTA YARIS,3,E01034585,0,1
2024451483211,2024,451483211,2,9,0,-1,4,6,2,-1,0,0,0,0,0,0,2,1,-1,1,2,29,6,1299,1,20,TOYOTA YARIS,9,E01022577,0,4
2024061506725,2024,061506725,1,9,0,-1,3,7,3,-1,0,1,0,0,0,0,1,9,-1,1,1,-1,-1,1329,1,14,TOYOTA YARIS,1,E01004820,0,2
2024451464392,2024,451464392,1,9,0,-1,19,8,4,-1,0,8,0,0,1,0,1,1,-1,9,1,33,6,1497,8,9,TOYOTA YARIS,8,E01030567,0,1
2024531479465,2024,531479465,1,9,0,-1,7,6,2,-1,0,8,0,0,0,0,4,1,-1,6,1,33,6,1798,1,17,TOYOTA YARIS,1,E01022333,0,1
2024231534424,2024,231534424,2,9,0,-1,14,6,2,-1,0,0,0,0,0,0,2,1,-1,2,1,56,9,998,1,22,TOYOTA YARIS,1,E01009570,0,1
2024311523092,2024,311523092,2,9,0,-1,19,7,3,-1,0,0,0,0,0,0,1,1,-1,1,1,33,6,1299,1,19,TOYOTA YARIS,-1,-1,0,-1
2024610056824,2024,610056824,2,9,0,11,11,4,8,0,0,0,0,0,0,0,4,1,2,2,2,56,9,1490,8,2,TOYOTA YARIS,-1,-1,0,-1
2024131411780,2024,131411780,1,9,0,-1,19,6,2,-1,0,0,0,0,0,0,4,1,-1,2,2,24,5,1329,1,8,TOYOTA YARIS,3,E01010629,0,1
2024440260349,2024,440260349,1,9,0,4,4,3,7,0,0,8,0,0,0,0,2,1,2,2,2,32,6,1296,1,15,TOYOTA YARIS,9,E01022971,0,1
2024471466399,2024,471466399,1,9,0,-1,19,7,3,-1,0,0,0,0,0,0,4,1,-1,6,1,41,7,1329,1,15,TOYOTA YARIS,8,E01016960,0,2
2024302401485,2024,302401485,2,9,0,5,5,5,1,0,0,8,0,0,0,0,3,1,6,6,1,82,11,1496,1,4,TOYOTA YARIS,7,E01025993,0,4
2024320022174,2024,320022174,2,9,0,-1,-1,6,2,0,0,0,0,0,0,0,1,1,6,6,2,25,5,1490,8,2,TOYOTA YARIS,5,E01026052,0,4
2024010513632,2024,010513632,1,9,0,18,19,7,3,0,0,8,0,0,0,0,1,1,6,6,1,26,6,1497,8,6,TOYOTA YARIS,3,E01004719,0,1
2024010548335,2024,010548335,1,9,0,18,19,1,5,0,0,0,5,0,0,0,1,1,6,6,2,27,6,1497,8,7,TOYOTA YARIS,10,E01023355,0,4
2024361413840,2024,361413840,1,9,0,-1,9,7,5,-1,0,8,0,0,0,0,3,1,-1,6,2,55,8,1299,1,23,TOYOTA YARIS,5,E01026516,0,1
2024061437232,2024,061437232,2,9,0,-1,19,1,7,-1,0,0,0,0,0,0,1,1,-1,9,1,40,7,1329,1,15,TOYOTA YARIS,2,E01005958,0,1
2024543515524,2024,543515524,3,9,0,4,4,3,7,0,0,0,0,0,0,0,2,1,2,2,2,28,6,1296,1,17,TOYOTA YARIS,5,E01033350,0,4
2024010509819,2024,010509819,3,9,0,3,3,5,1,0,0,2,0,0,0,0,2,1,6,6,2,54,8,1490,8,2,TOYOTA YARIS,9,E01004387,0,1
2024531535500,2024,531535500,1,9,0,-1,6,7,3,-1,0,0,0,0,0,0,3,1,-1,9,1,73,10,1497,8,6,TOYOTA YARIS,1,E01005430,0,5
2024201422505,2024,201422505,2,9,0,-1,20,6,2,-1,0,2,1,0,0,0,2,1,-1,9,1,22,5,1296,1,16,TOYOTA YARIS,3,E01010048,0,1
2024201445217,2024,201445217,1,9,0,-1,9,8,4,-1,0,8,0,0,0,0,3,1,-1,6,2,29,6,1296,1,17,TOYOTA YARIS,1,E01009020,0,2
2024231509953,2024,231509953,1,9,0,-1,1,7,3,-1,0,0,0,10,8,11,1,1,-1,6,1,88,11,1490,8,2,TOYOTA YARIS,10,E01031214,0,1
2024010506562,2024,010506562,1,9,0,99,99,9,9,99,99,9,9,99,9,99,9,9,2,2,2,53,8,1329,1,11,TOYOTA YARIS,9,E01000359,0,1
2024991441497,2024,991441497,1,9,0,-1,9,2,8,-1,0,1,0,0,0,0,1,1,-1,1,2,64,9,1497,8,9,TOYOTA YARIS,-1,-1,0,-1
2024161445473,2024,161445473,1,9,0,-1,19,2,7,-1,0,1,0,0,0,0,2,9,-1,6,1,45,7,1296,1,18,TOYOTA YARIS,1,E01012857,0,1
2024302401165,2024,302401165,2,9,0,5,5,7,3,0,0,2,0,0,0,0,1,1,6,6,2,45,7,1490,8,3,TOYOTA YARIS,7,E01019548,0,1
2024351456775,2024,351456775,1,9,0,-1,9,5,3,-1,0,8,0,0,3,0,1,1,-1,6,2,37,7,1497,8,6,TOYOTA YARIS,4,E01018146,0,1
2024451480268,2024,451480268,4,9,0,-1,3,7,3,-1,0,1,0,0,0,0,2,1,-1,9,2,61,9,1329,1,11,TOYOTA YARIS,10,E01030366,0,1
2024041450715,2024,041450715,2,9,0,-1,19,1,5,-1,0,0,0,0,0,0,3,1,-1,9,1,61,9,1364,2,12,TOYOTA YARIS,4,E01024896,0,3
2024201514727,2024,201514727,1,9,0,-1,19,6,2,-1,0,1,0,0,0,0,1,1,-1,6,2,-1,-1,1329,1,12,TOYOTA YARIS,-1,-1,0,-1
2024411424412,2024,411424412,1,9,0,-1,3,8,6,-1,0,1,0,0,0,0,1,9,-1,6,1,81,11,1490,8,1,TOYOTA YARIS,9,E01023352,0,1
2024061528229,2024,061528229,1,9,0,-1,13,6,2,-1,0,8,0,0,0,0,1,1,-1,9,2,20,4,1497,8,10,TOYOTA YARIS,1,E01005578,0,1
2024010521913,2024,010521913,1,9,0,18,19,5,1,0,0,0,0,0,0,0,1,2,6,6,2,20,4,1497,8,7,TOYOTA YARIS,4,E01001233,0,1
2024010550581,2024,010550581,1,9,0,10,10,1,7,0,0,1,0,0,0,0,1,1,6,6,1,36,7,1296,1,16,TOYOTA YARIS,2,E01001961,0,1
2024332400668,2024,332400668,2,9,0,-1,19,5,1,-1,0,8,1,0,7,2,1,1,-1,2,2,20,4,1490,8,1,TOYOTA YARIS,1,E01028256,0,4
2024041452244,2024,041452244,2,9,0,-1,3,3,7,-1,0,4,0,0,0,0,3,1,-1,9,2,46,8,1496,1,7,TOYOTA YARIS,4,E01025556,0,1
2024440073513,2024,440073513,1,9,0,18,19,8,4,0,0,1,0,0,0,0,1,1,6,6,2,86,11,1329,1,8,TOYOTA YARIS,8,E01022945,0,1
2024991456777,2024,991456777,1,9,0,-1,19,1,6,-1,0,8,2,0,3,0,1,1,-1,9,1,23,5,1296,1,18,TOYOTA YARIS,2,-1,0,4
2024201484869,2024,201484869,2,9,0,-1,7,6,8,-1,0,5,0,0,0,0,1,9,-1,6,1,-1,-1,1299,1,19,TOYOTA YARIS,1,E01009143,0,1
2024111429733,2024,111429733,1,9,0,-1,19,5,1,-1,0,0,0,0,0,0,1,1,-1,6,2,29,6,998,1,12,TOYOTA YARIS,1,E01020673,0,1
2024010503127,2024,010503127,2,9,9,99,99,9,9,99,99,9,9,99,9,99,9,9,6,6,3,-1,-1,1497,8,10,TOYOTA YARIS,-1,-1,0,-1
2024440362603,2024,440362603,1,9,0,7,7,3,5,0,0,1,2,0,0,1,4,1,6,6,2,48,8,1497,8,5,TOYOTA YARIS,8,E01034461,0,5
2024622400152,2024,622400152,1,9,0,18,19,4,8,0,0,0,0,0,0,0,1,1,6,6,2,25,5,1329,1,8,TOYOTA YARIS,6,W01000671,0,4
2024302400226,2024,302400226,2,9,0,18,19,6,2,0,0,0,0,0,0,0,1,1,6,6,1,84,11,1496,1,6,TOYOTA YARIS,8,E01019725,0,1
2024131491677,2024,131491677,1,9,0,-1,19,7,3,-1,0,1,0,0,0,0,3,1,-1,9,2,20,4,1364,2,13,TOYOTA YARIS,3,E01010761,0,1
2024311421477,2024,311421477,2,9,0,-1,2,0,0,-1,0,0,0,0,0,0,2,1,-1,6,1,52,8,1329,1,12,TOYOTA YARIS,4,E01013934,0,1
2024471527974,2024,471527974,1,9,0,-1,19,6,2,-1,0,8,0,0,0,0,3,9,-1,6,2,44,7,1490,8,1,TOYOTA YARIS,7,E01016851,0,1
2024451534614,2024,451534614,1,9,0,-1,5,3,7,-1,0,8,0,0,0,0,1,1,-1,9,2,90,11,1496,1,7,TOYOTA YARIS,10,E01030941,0,1
2024421445008,2024,421445008,1,9,0,-1,19,5,1,-1,0,1,0,0,0,0,1,9,-1,6,2,36,7,1329,1,12,TOYOTA YARIS,3,E01015954,0,1
2024421499957,2024,421499957,3,9,0,-1,2,0,0,-1,9,0,0,0,0,0,2,1,-1,6,-1,-1,-1,1490,8,1,TOYOTA YARIS,-1,-1,0,-1
2024041480478,2024,041480478,1,9,0,-1,19,5,1,-1,0,2,0,4,0,0,1,1,-1,9,1,78,11,1490,8,0,TOYOTA YARIS,4,E01025556,0,1
2024461441166,2024,461441166,4,9,0,-1,4,3,7,-1,0,0,0,0,0,0,3,1,-1,2,2,23,5,1490,8,3,TOYOTA YARIS,6,E01016167,0,4
2024332400664,2024,332400664,2,9,0,-1,19,5,1,-1,0,0,0,0,0,0,1,1,-1,9,2,28,6,1497,8,5,TOYOTA YARIS,1,E01008909,0,4
2024311501857,2024,311501857,1,9,0,-1,19,1,5,-1,0,0,5,10,0,0,1,1,-1,6,1,38,7,1296,1,17,TOYOTA YARIS,-1,-1,0,-1
2024461518665,2024,461518665,2,9,0,-1,19,5,1,-1,0,2,0,0,0,0,3,9,-1,2,2,43,7,1497,8,11,TOYOTA YARIS,5,E01024086,0,2
2024440384491,2024,440384491,1,9,0,5,5,0,7,0,0,0,0,0,0,0,3,1,1,1,1,38,7,1363,2,19,TOYOTA YARIS,5,E01017127,0,2
2024201487633,2024,201487633,2,9,0,-1,19,7,2,-1,0,0,0,0,0,0,4,1,-1,9,2,41,7,1497,8,6,TOYOTA YARIS,4,E01010558,0,1
2024522500210,2024,522500210,2,9,0,9,9,9,9,0,0,8,0,0,0,0,1,1,6,6,3,-1,-1,1496,1,5,TOYOTA YARIS,-1,-1,0,-1
2024010536461,2024,010536461,2,9,0,99,99,9,9,99,99,9,9,99,9,99,9,9,6,6,3,-1,-1,1490,8,2,TOYOTA YARIS,-1,-1,0,-1
2024991483176,2024,991483176,3,9,0,-1,19,6,2,-1,0,0,0,0,0,0,2,1,-1,1,1,18,4,1490,8,0,TOYOTA YARIS,2,-1,0,3
2024451490816,2024,451490816,2,9,0,-1,19,5,1,-1,0,1,0,0,0,0,1,1,-1,6,2,19,4,998,1,10,TOYOTA YARIS,10,E01030319,0,4
2024451480855,2024,451480855,1,9,0,-1,19,5,1,-1,0,0,0,0,0,0,1,1,-1,9,1,22,5,1490,8,3,TOYOTA YARIS,10,E01023853,0,4
2024201514210,2024,201514210,1,9,0,-1,7,8,2,-1,0,6,0,0,0,0,1,1,-1,6,1,27,6,1329,1,9,TOYOTA YARIS,1,E01009489,0,1
2024201436462,2024,201436462,2,9,0,-1,19,5,1,-1,0,0,0,0,0,0,3,1,-1,9,1,66,10,998,1,9,TOYOTA YARIS,1,E01009488,0,1
2024131427976,2024,131427976,1,9,0,-1,9,1,5,-1,0,8,0,0,0,0,4,1,-1,9,2,23,5,1490,8,1,TOYOTA YARIS,7,E01011604,0,1
2024991479235,2024,991479235,2,9,0,-1,19,2,6,-1,0,1,0,0,7,2,2,1,-1,1,1,67,10,1490,8,2,TOYOTA YARIS,2,-1,0,1
2024010528398,2024,010528398,1,9,0,99,99,9,9,99,99,1,9,99,9,99,1,9,6,6,1,-1,-1,1490,8,2,TOYOTA YARIS,-1,-1,0,-1
2024010533629,2024,010533629,1,9,0,99,99,9,9,0,0,1,9,0,0,0,2,9,6,6,3,38,7,1497,8,8,TOYOTA YARIS,6,E01003772,0,1
2024451518737,2024,451518737,2,9,0,-1,19,5,1,-1,0,0,0,0,0,0,2,1,-1,9,2,44,7,1496,1,5,TOYOTA YARIS,7,E01019077,0,5
2024991471366,2024,991471366,1,9,0,-1,8,8,7,-1,0,0,0,0,0,0,0,1,-1,6,1,42,7,998,1,15,TOYOTA YARIS,4,-1,0,1
2024211433547,2024,211433547,1,9,0,-1,12,6,2,-1,0,7,0,0,1,0,1,1,-1,1,1,40,7,1296,1,17,TOYOTA YARIS,-1,-1,0,-1
2024231498257,2024,231498257,1,9,0,-1,19,1,5,-1,0,0,0,0,0,0,1,1,-1,6,1,21,5,1296,1,16,TOYOTA YARIS,5,E01009031,0,4
2024311525083,2024,311525083,1,9,0,-1,19,4,8,-1,0,1,0,7,1,0,4,1,-1,1,2,23,5,998,1,15,TOYOTA YARIS,3,E01013930,0,3
2024131474935,2024,131474935,1,9,0,-1,19,1,5,-1,0,0,0,0,0,0,1,1,-1,6,-1,-1,-1,1299,1,19,TOYOTA YARIS,-1,-1,0,-1
2024501406827,2024,501406827,1,9,0,-1,7,1,3,-1,0,8,0,0,0,0,1,9,-1,6,2,69,10,1490,8,2,TOYOTA YARIS,8,E01034638,0,1
2024471522034,2024,471522034,1,9,0,-1,10,4,2,-1,0,4,0,0,0,0,2,1,-1,6,2,66,10,1496,1,5,TOYOTA YARIS,10,E01022467,0,5
2024421449875,2024,421449875,1,9,0,-1,9,5,6,-1,0,0,0,0,1,4,1,1,-1,6,2,30,6,1329,1,15,TOYOTA YARIS,-1,-1,0,-1
2024211527998,2024,211527998,3,9,0,-1,8,3,7,-1,0,6,0,0,0,0,3,1,-1,1,1,31,6,1490,8,2,TOYOTA YARIS,-1,-1,0,-1
2024471437192,2024,471437192,1,9,0,-1,19,5,1,-1,0,0,0,0,0,0,1,1,-1,6,2,20,4,998,1,24,TOYOTA YARIS,6,E01035335,0,3
2024010513698,2024,010513698,2,9,0,4,4,7,3,0,0,2,0,4,0,0,3,1,6,6,2,40,7,1496,1,7,TOYOTA YARIS,-1,-1,0,-1
2024201436940,2024,201436940,1,9,0,-1,19,2,6,-1,0,0,0,0,0,0,1,9,-1,9,1,56,9,1329,1,13,TOYOTA YARIS,4,E01009030,0,1
2024010518711,2024,010518711,1,9,0,18,19,8,4,0,0,1,0,0,0,0,1,1,6,6,2,60,9,1299,1,20,TOYOTA YARIS,9,E01024791,0,4
2024010495315,2024,010495315,1,9,0,99,99,9,9,0,0,0,0,0,0,0,9,1,6,6,2,46,8,1497,8,4,TOYOTA YARIS,6,E01002329,0,1
2024010530912,2024,010530912,1,9,0,2,2,0,0,0,0,1,0,0,0,0,0,1,6,6,3,-1,-1,1490,8,1,TOYOTA YARIS,-1,-1,0,-1
2024471440423,2024,471440423,2,9,0,-1,4,3,7,-1,0,0,0,0,0,0,2,1,-1,1,2,47,8,1329,1,11,TOYOTA YARIS,8,E01024625,0,4
2024421419560,2024,421419560,1,9,0,-1,9,5,3,-1,0,6,0,0,0,0,1,1,-1,9,2,68,10,1490,8,2,TOYOTA YARIS,9,E01023442,0,2
2024041405376,2024,041405376,2,9,0,-1,6,3,7,-1,0,3,0,0,0,0,3,1,-1,9,1,24,5,998,1,17,TOYOTA YARIS,2,-1,0,5
2024522403249,2024,522403249,2,9,0,9,9,7,5,0,0,6,0,0,0,0,3,1,6,6,1,58,9,1299,1,20,TOYOTA YARIS,5,E01014665,0,1
2024552500144,2024,552500144,2,9,0,18,19,8,4,0,0,0,0,0,7,10,1,1,6,6,1,17,4,1296,1,18,TOYOTA YARIS,9,E01033158,0,1
2024332400065,2024,332400065,1,9,0,-1,19,7,4,-1,0,0,2,0,1,4,1,1,-1,1,1,48,8,1497,8,11,TOYOTA YARIS,6,E01025740,0,3
2024161402548,2024,161402548,2,9,0,-1,19,8,4,-1,0,4,0,0,0,0,1,9,-1,6,1,64,9,1490,8,1,TOYOTA YARIS,-1,-1,0,-1
2024201436712,2024,201436712,2,9,0,-1,19,6,2,-1,0,0,0,10,1,10,2,9,-1,6,1,29,6,998,1,22,TOYOTA YARIS,1,E01034747,0,1
2024522402814,2024,522402814,2,9,0,9,9,5,2,0,0,5,0,0,0,0,1,1,6,6,2,67,10,1329,1,9,TOYOTA YARIS,1,E01014658,0,1
2024061436236,2024,061436236,2,9,0,-1,19,3,7,-1,0,0,5,0,1,0,2,1,-1,9,1,27,6,1296,1,18,TOYOTA YARIS,1,E01005117,0,4
2024201451078,2024,201451078,1,9,0,-1,7,3,5,-1,0,5,0,0,0,0,1,1,-1,6,1,21,5,998,1,16,TOYOTA YARIS,1,E01009889,0,1
2024542594424,2024,542594424,2,9,0,18,19,1,5,0,0,1,0,0,0,0,1,1,2,2,2,57,9,1490,8,1,TOYOTA YARIS,5,E01015505,0,2
2024311502908,2024,311502908,1,9,0,-1,5,2,1,-1,-1,1,0,0,0,0,1,1,-1,9,1,52,8,998,1,25,TOYOTA YARIS,1,E01013821,0,2
2024070143437,2024,070143437,1,9,0,3,3,3,7,0,0,3,0,0,0,0,1,1,6,6,2,82,11,1490,8,3,TOYOTA YARIS,10,E01018643,0,2
2024010542613,2024,010542613,1,9,0,4,4,3,7,0,0,1,0,0,0,0,2,1,6,6,2,44,7,1329,1,11,TOYOTA YARIS,3,E01003079,0,1
2024451414538,2024,451414538,2,9,0,-1,9,5,3,-1,0,8,0,0,0,0,1,1,-1,2,1,49,8,1363,2,19,TOYOTA YARIS,9,E01030880,0,3
2024201500956,2024,201500956,2,9,0,-1,7,2,8,-1,0,0,0,0,0,0,1,9,-1,6,1,49,8,1364,2,18,TOYOTA YARIS,8,E01010206,0,2
2024211517268,2024,211517268,1,9,0,-1,19,4,7,-1,0,8,1,0,0,0,1,1,-1,6,1,28,6,1296,1,16,TOYOTA YARIS,-1,-1,0,-1
2024991528260,2024,991528260,1,9,0,-1,5,4,8,-1,0,6,0,0,0,0,3,1,-1,6,2,78,11,1329,1,14,TOYOTA YARIS,6,-1,0,1
2024061449729,2024,061449729,1,9,0,-1,9,3,8,-1,0,8,0,0,0,0,4,1,-1,9,2,65,9,1329,1,14,TOYOTA YARIS,8,E01006318,0,2
2024440197168,2024,440197168,1,9,0,18,19,8,4,0,0,0,5,0,4,6,3,1,6,6,1,25,5,1296,1,17,TOYOTA YARIS,4,E01017013,0,2
2024440054074,2024,440054074,1,9,0,17,19,5,1,0,0,4,0,0,0,0,1,1,6,6,2,64,9,1490,8,1,TOYOTA YARIS,6,E01031209,0,5
2024610036424,2024,610036424,1,9,0,18,19,4,8,0,0,1,0,0,0,0,3,1,1,1,1,43,7,1299,1,23,TOYOTA YARIS,4,W01001523,0,2
2024401458395,2024,401458395,4,9,0,-1,2,0,0,-1,0,0,0,0,0,0,2,1,-1,6,-1,-1,-1,1329,1,9,TOYOTA YARIS,-1,-1,0,-1
2024201413557,2024,201413557,3,9,0,-1,2,0,0,-1,9,0,0,0,0,0,0,9,-1,6,1,36,7,1296,1,17,TOYOTA YARIS,1,E01009007,0,1
2024201454212,2024,201454212,1,9,0,-1,19,1,5,-1,0,8,0,0,0,0,1,1,-1,6,2,40,7,1296,1,18,TOYOTA YARIS,-1,-1,0,-1
2024531406004,2024,531406004,1,9,0,-1,19,4,8,-1,0,0,1,0,7,10,1,1,-1,2,1,23,5,1299,1,19,TOYOTA YARIS,9,E01022384,0,3
2024411477757,2024,411477757,2,9,0,-1,2,0,0,-1,0,0,0,0,0,0,3,1,-1,6,-1,-1,-1,1299,1,23,TOYOTA YARIS,-1,-1,0,-1
2024411447125,2024,411447125,1,9,0,-1,5,1,5,-1,0,8,0,0,3,0,1,1,-1,6,1,60,9,1296,1,17,TOYOTA YARIS,3,E01023357,0,1
2024401476496,2024,401476496,7,9,0,-1,2,0,0,-1,0,0,0,4,0,0,2,1,-1,6,-1,-1,-1,1497,8,4,TOYOTA YARIS,-1,-1,0,-1
2024543349524,2024,543349524,2,9,0,3,3,5,1,0,0,0,0,0,0,0,2,1,2,2,2,39,7,1299,1,24,TOYOTA YARIS,3,E01031854,0,3
2024522401852,2024,522401852,2,9,0,2,2,0,0,0,0,0,0,0,0,0,9,1,6,6,3,-1,-1,1490,8,3,TOYOTA YARIS,-1,-1,0,-1
2024461455658,2024,461455658,2,9,0,-1,19,5,1,-1,0,1,1,0,0,0,1,1,-1,2,1,27,6,1497,8,9,TOYOTA YARIS,3,E01024535,0,1
2024041464673,2024,041464673,1,9,0,-1,19,3,7,-1,0,8,0,0,0,0,1,1,-1,9,1,27,6,998,1,8,TOYOTA YARIS,2,E01025292,0,1
2024131499223,2024,131499223,1,9,0,-1,9,5,1,-1,0,0,0,0,0,0,3,1,-1,6,2,86,11,1329,1,13,TOYOTA YARIS,6,E01011305,0,1
2024201440019,2024,201440019,1,9,0,-1,19,6,2,-1,0,0,2,0,0,0,1,1,-1,9,2,43,7,1296,1,17,TOYOTA YARIS,8,E01010206,0,1
2024201511309,2024,201511309,2,9,0,-1,2,0,0,-1,0,8,0,0,0,0,1,1,-1,9,2,39,7,1329,1,12,TOYOTA YARIS,1,E01009344,0,1
2024991497506,2024,991497506,1,9,0,-1,19,3,7,-1,0,2,0,0,0,0,4,1,-1,6,2,39,7,1497,8,10,TOYOTA YARIS,-1,-1,0,-1
2024061399239,2024,061399239,3,9,0,-1,19,1,5,-1,0,1,0,0,0,0,1,1,-1,9,1,23,5,1490,8,3,TOYOTA YARIS,8,E01010935,0,4
2024101483744,2024,101483744,2,9,0,-1,5,7,3,-1,0,8,0,0,0,0,3,1,-1,9,2,70,10,1497,8,5,TOYOTA YARIS,3,E01008511,0,1
2024131523864,2024,131523864,1,9,0,-1,19,3,7,-1,0,8,0,0,0,0,1,1,-1,1,1,26,6,1296,1,18,TOYOTA YARIS,3,E01011039,0,1
2024141468914,2024,141468914,3,9,0,-1,3,8,4,-1,0,8,0,0,0,0,4,1,-1,9,2,44,7,1329,1,15,TOYOTA YARIS,1,E01007734,0,1
2024010541322,2024,010541322,2,9,0,99,99,9,9,99,99,9,9,99,9,99,2,9,6,6,3,44,7,1497,8,5,TOYOTA YARIS,3,E01002787,0,1
2024411447274,2024,411447274,4,9,0,-1,19,3,7,-1,0,0,0,0,0,0,3,1,-1,6,1,38,7,1329,1,7,TOYOTA YARIS,6,E01035580,0,1
2024221524669,2024,221524669,2,9,0,-1,3,7,3,-1,0,8,0,0,0,0,2,1,-1,6,1,45,7,1363,2,21,TOYOTA YARIS,3,E01032321,0,1
2024421435792,2024,421435792,1,9,0,-1,5,5,3,-1,0,6,0,0,0,0,1,1,-1,2,2,59,9,1490,8,1,TOYOTA YARIS,8,E01021599,0,1
2024010538575,2024,010538575,1,9,0,99,99,9,9,99,99,9,9,99,9,99,9,9,6,6,3,50,8,1490,8,4,TOYOTA YARIS,7,E01023298,0,3
2024332400173,2024,332400173,2,9,0,-1,19,2,6,-1,0,8,0,0,0,0,1,1,-1,2,2,36,7,1299,1,22,TOYOTA YARIS,7,E01025757,0,2
2024010507833,2024,010507833,2,9,0,18,19,2,6,0,0,0,0,0,0,0,2,1,2,2,2,47,8,1329,1,10,TOYOTA YARIS,4,E01002650,0,1
2024010545969,2024,010545969,1,9,0,5,5,8,4,0,0,0,0,0,0,0,1,1,2,2,1,40,7,1299,1,21,TOYOTA YARIS,7,E01000196,0,4
2024201509547,2024,201509547,1,9,0,-1,5,4,8,-1,0,1,0,0,0,0,2,1,-1,9,1,52,8,998,1,17,TOYOTA YARIS,1,E01009840,0,1
2024070879651,2024,070879651,3,9,0,-1,2,0,0,-1,9,0,0,0,1,10,3,1,-1,6,2,66,10,1296,1,16,TOYOTA YARIS,8,E01018586,0,1
2024201441000,2024,201441000,2,9,0,-1,19,2,6,-1,0,8,1,10,1,0,3,9,-1,6,1,55,8,1329,1,15,TOYOTA YARIS,1,E01009476,0,1
2024471411091,2024,471411091,2,9,0,-1,19,2,7,-1,0,8,0,0,0,0,1,1,-1,2,2,37,7,1329,1,10,TOYOTA YARIS,10,E01031735,0,3
2024122500460,2024,122500460,1,9,0,18,19,5,7,0,0,0,0,0,0,0,1,9,6,6,2,34,6,1497,8,10,TOYOTA YARIS,1,E01007869,0,4
2024201459951,2024,201459951,2,9,0,-1,9,6,4,-1,0,6,0,0,0,0,1,1,-1,6,2,68,10,1329,1,9,TOYOTA YARIS,3,E01010068,0,1
2024211433759,2024,211433759,1,9,0,-1,19,8,4,-1,0,1,0,0,0,0,1,9,-1,6,1,-1,-1,998,1,18,TOYOTA YARIS,-1,-1,0,-1
2024430411873,2024,430411873,2,9,0,18,19,6,2,0,0,8,0,0,0,0,1,1,2,2,2,47,8,1296,1,18,TOYOTA YARIS,5,E01017907,0,1
2024141411148,2024,141411148,1,9,0,-1,19,6,2,-1,9,2,0,0,3,0,1,1,-1,9,1,19,4,1329,1,15,TOYOTA YARIS,4,E01007675,0,1
2024361417395,2024,361417395,2,9,0,-1,19,1,5,-1,0,0,0,0,0,0,1,9,-1,2,1,24,5,1299,1,21,TOYOTA YARIS,4,E01026864,0,1
2024430174504,2024,430174504,2,9,0,3,3,5,1,0,0,0,0,0,0,0,2,1,6,6,1,48,8,1490,8,1,TOYOTA YARIS,5,E01016233,0,3