collision_index,collision_year,collision_ref_no,vehicle_reference,vehicle_type,towing_and_articulation,vehicle_manoeuvre_historic,vehicle_manoeuvre,vehicle_direction_from,vehicle_direction_to,vehicle_location_restricted_lane_historic,vehicle_location_restricted_lane,junction_location,skidding_and_overturning,hit_object_in_carriageway,vehicle_leaving_carriageway,hit_object_off_carriageway,first_point_of_impact,vehicle_left_hand_drive,journey_purpose_of_driver_historic,journey_purpose_of_driver,sex_of_driver,age_of_driver,age_band_of_driver,engine_capacity_cc,propulsion_code,age_of_vehicle,generic_make_model,driver_imd_decile,lsoa_of_driver,escooter_flag,driver_distance_banding
2024461459470,2024,461459470,2,9,0,-1,19,8,4,-1,0,0,0,0,0,0,1,1,-1,9,2,58,9,1490,8,0,TOYOTA YARIS,4,E01024132,0,1
2024010512482,2024,010512482,1,9,0,99,99,9,9,99,99,9,9,99,9,99,2,9,6,6,2,23,5,1496,1,5,TOYOTA YARIS,4,E01004429,0,1
2024531424376,2024,531424376,1,9,0,-1,19,1,5,-1,0,0,2,0,1,1,4,1,-1,2,2,18,4,1363,2,20,TOYOTA YARIS,5,E01014038,0,1
2024070154889,2024,070154889,1,9,0,18,19,4,8,0,0,0,0,0,0,0,1,1,6,6,2,83,11,1364,2,15,TOYOTA YARIS,8,E01012462,0,1
2024122401295,2024,122401295,2,9,0,9,9,3,7,0,0,1,0,0,0,0,2,1,6,6,3,17,4,998,1,23,TOYOTA YARIS,9,E01013426,0,1
2024451462387,2024,451462387,4,9,0,-1,2,0,0,-1,0,0,0,4,0,0,2,1,-1,6,-1,-1,-1,1497,8,6,TOYOTA YARIS,-1,-1,0,-1
2024340NN0932,2024,340NN0932,1,9,0,-1,9,5,3,-1,0,5,0,0,0,0,2,1,-1,2,2,28,6,1496,1,6,TOYOTA YARIS,7,E01032974,0,3
2024401491075,2024,401491075,2,9,0,-1,3,7,1,-1,0,0,0,0,0,0,2,1,-1,6,2,51,8,1496,1,7,TOYOTA YARIS,9,E01017463,0,2
2024010524672,2024,010524672,1,9,0,7,7,1,4,0,0,5,0,0,1,0,1,1,2,2,2,68,10,1497,8,5,TOYOTA YARIS,-1,-1,0,-1
2024010532656,2024,010532656,1,9,0,7,7,1,3,0,0,1,0,0,0,0,3,1,6,6,1,53,8,1497,8,9,TOYOTA YARIS,6,E01000285,0,3
2024461531976,2024,461531976,1,9,0,-1,19,1,5,-1,0,1,0,0,0,0,1,1,-1,6,1,39,7,1296,1,18,TOYOTA YARIS,8,E01033088,0,3
2024061413853,2024,061413853,1,9,0,-1,19,6,2,-1,0,0,0,0,0,0,2,1,-1,9,2,73,10,1296,1,16,TOYOTA YARIS,10,E01006367,0,1
2024451458902,2024,451458902,1,9,0,-1,2,0,0,-1,99,0,0,0,0,0,1,1,-1,9,2,28,6,1296,1,15,TOYOTA YARIS,5,E01030725,0,1
2024141400046,2024,141400046,1,9,0,-1,19,1,5,-1,0,0,0,0,0,0,2,1,-1,9,2,57,9,1296,1,17,TOYOTA YARIS,5,E01007887,0,2
2024201439311,2024,201439311,2,9,0,-1,4,4,8,-1,0,0,0,0,0,0,2,1,-1,2,2,26,6,1490,8,2,TOYOTA YARIS,2,E01010097,0,3
2024231454371,2024,231454371,1,9,0,-1,19,-1,-1,-1,0,0,0,0,0,0,4,9,-1,6,3,-1,-1,1329,1,7,TOYOTA YARIS,-1,-1,0,-1
2024010532090,2024,010532090,1,9,0,16,19,5,7,0,0,1,0,0,0,0,1,1,6,6,1,53,8,1490,8,2,TOYOTA YARIS,3,E01001557,0,2
2024211441127,2024,211441127,2,9,0,-1,5,3,7,-1,0,1,0,0,0,0,1,9,-1,6,1,49,8,1497,8,6,TOYOTA YARIS,2,E01029604,0,2
2024421485013,2024,421485013,1,9,0,-1,7,4,4,-1,0,0,0,0,0,0,2,1,-1,9,2,76,11,1329,1,15,TOYOTA YARIS,7,E01021573,0,2
2024041521971,2024,041521971,2,9,0,-1,19,3,7,-1,0,1,0,0,0,0,1,1,-1,9,1,54,8,998,1,19,TOYOTA YARIS,1,E01012655,0,1
2024201540107,2024,201540107,2,9,0,-1,10,8,6,-1,0,1,0,0,0,0,2,1,-1,9,1,50,8,1490,8,0,TOYOTA YARIS,4,E01031332,0,3
2024991561692,2024,991561692,1,9,0,-1,4,7,3,-1,0,0,0,0,0,0,4,9,-1,6,2,20,4,1299,1,22,TOYOTA YARIS,7,-1,0,1
2024122400372,2024,122400372,1,9,0,4,4,2,6,0,0,0,0,0,0,0,2,1,6,6,2,43,7,1329,1,9,TOYOTA YARIS,7,E01013419,0,1
2024010543429,2024,010543429,1,9,0,9,9,5,3,0,0,5,0,0,0,0,1,1,6,6,1,44,7,1329,1,15,TOYOTA YARIS,3,E01004319,0,1
2024401566629,2024,401566629,1,9,0,-1,19,5,7,-1,0,0,2,0,1,0,1,9,-1,2,1,25,5,1299,1,19,TOYOTA YARIS,6,E01017385,0,2
2024141476168,2024,141476168,1,9,0,-1,4,6,2,-1,0,1,0,0,0,0,2,1,-1,1,1,42,7,1497,8,6,TOYOTA YARIS,1,E01007677,0,1
2024010523049,2024,010523049,1,9,0,9,9,3,8,0,0,1,0,0,0,0,1,1,6,6,1,57,9,1497,8,11,TOYOTA YARIS,6,E01000847,0,2
2024201532037,2024,201532037,1,9,0,-1,19,7,3,-1,0,1,0,0,7,10,1,1,-1,1,1,22,5,998,1,16,TOYOTA YARIS,2,E01008883,0,1
2024010502183,2024,010502183,1,9,0,9,9,3,2,0,0,6,0,0,0,0,1,1,6,6,2,64,9,1329,1,15,TOYOTA YARIS,8,E01001100,0,1
2024991506487,2024,991506487,2,9,0,-1,10,3,7,-1,0,0,0,0,0,0,2,1,-1,9,1,42,7,1490,8,1,TOYOTA YARIS,-1,-1,0,-1
2024311484398,2024,311484398,1,9,0,-1,8,3,1,-1,0,1,0,0,0,0,1,1,-1,6,1,34,6,1490,8,0,TOYOTA YARIS,5,E01019475,0,4
2024311534660,2024,311534660,1,9,0,-1,19,8,4,-1,0,0,1,0,7,4,1,1,-1,2,1,44,7,1296,1,15,TOYOTA YARIS,1,E01013819,0,2
2024141519443,2024,141519443,1,9,0,-1,5,1,1,-1,0,0,0,0,0,0,2,1,-1,9,2,69,10,1490,8,1,TOYOTA YARIS,2,E01007494,0,1
2024421517821,2024,421517821,1,9,0,-1,9,7,3,-1,0,0,0,0,3,0,1,1,-1,6,2,31,6,1490,8,0,TOYOTA YARIS,4,E01021310,0,1
2024041514681,2024,041514681,1,9,0,-1,4,5,1,-1,0,0,0,0,0,0,1,1,-1,2,2,54,8,1497,8,5,TOYOTA YARIS,2,E01012591,0,4
2024522500029,2024,522500029,1,9,0,3,3,1,5,0,0,1,0,0,0,0,2,1,6,6,1,39,7,998,1,22,TOYOTA YARIS,10,E01018366,0,5
2024991451825,2024,991451825,2,9,0,-1,19,1,4,-1,0,0,0,0,0,0,2,1,-1,2,2,44,7,1490,8,2,TOYOTA YARIS,-1,-1,0,-1
2024211436743,2024,211436743,1,9,0,-1,19,1,5,-1,0,0,0,0,0,0,1,1,-1,6,1,50,8,1490,8,1,TOYOTA YARIS,5,E01029829,0,1
2024010544364,2024,010544364,2,9,0,18,19,7,3,0,0,1,0,0,0,0,3,1,6,6,2,72,10,1329,1,9,TOYOTA YARIS,-1,-1,0,-1
2024351438378,2024,351438378,3,9,0,-1,3,3,6,-1,0,0,0,0,0,0,2,1,-1,6,1,58,9,1363,2,20,TOYOTA YARIS,5,E01026712,0,4
2024471516451,2024,471516451,1,9,0,-1,9,6,2,-1,0,6,0,0,0,0,1,1,-1,1,2,37,7,1490,8,1,TOYOTA YARIS,5,E01031472,0,4
2024440376471,2024,440376471,2,9,0,3,3,2,6,0,0,1,0,0,0,0,2,1,2,2,2,58,9,1490,8,1,TOYOTA YARIS,5,E01017204,0,3
2024351527708,2024,351527708,2,9,0,-1,19,1,5,-1,0,0,0,0,0,0,1,1,-1,9,1,32,6,1496,1,4,TOYOTA YARIS,1,E01015616,0,1
2024531465646,2024,531465646,1,9,0,-1,4,1,5,-1,0,0,0,0,0,0,4,1,-1,6,2,70,10,1329,1,13,TOYOTA YARIS,7,E01022398,0,3
2024552401255,2024,552401255,2,9,0,2,2,0,0,0,0,0,0,0,1,10,3,1,6,6,1,72,10,1490,8,1,TOYOTA YARIS,5,E01015334,0,1
2024010523882,2024,010523882,1,9,0,18,19,1,5,0,0,1,5,4,0,0,1,1,2,2,2,55,8,1490,8,2,TOYOTA YARIS,2,E01002002,0,1
2024061514097,2024,061514097,1,9,0,-1,19,7,2,-1,0,0,1,0,0,0,1,1,-1,9,2,44,7,1496,1,5,TOYOTA YARIS,3,E01005162,0,1
2024221412393,2024,221412393,2,9,0,-1,19,1,5,-1,0,8,0,0,0,0,1,9,-1,2,1,23,5,1329,1,8,TOYOTA YARIS,8,E01010208,0,1
2024991447247,2024,991447247,1,9,0,-1,19,3,7,-1,0,0,0,0,0,0,1,1,-1,6,1,74,10,1329,1,13,TOYOTA YARIS,5,-1,0,1
2024552401157,2024,552401157,2,9,0,3,3,4,2,0,0,0,0,0,0,0,2,1,6,6,1,55,8,1299,1,20,TOYOTA YARIS,1,E01020575,0,1
2024361478952,2024,361478952,1,9,0,-1,2,0,0,-1,0,0,0,0,0,0,1,1,-1,9,2,69,10,1299,1,20,TOYOTA YARIS,8,E01026500,0,1
2024131424741,2024,131424741,1,9,0,-1,19,7,3,-1,0,1,0,0,0,0,4,1,-1,6,1,19,4,1329,1,12,TOYOTA YARIS,6,E01010705,0,1
2024052402817,2024,052402817,2,9,0,18,19,7,3,0,0,0,0,0,0,0,3,1,6,6,3,-1,-1,1490,8,0,TOYOTA YARIS,-1,-1,0,-1
2024201456082,2024,201456082,1,9,0,-1,19,8,4,-1,0,0,0,0,0,0,1,1,-1,6,2,31,6,1490,8,1,TOYOTA YARIS,4,E01009244,0,1
2024430278690,2024,430278690,2,9,0,4,4,7,3,0,0,0,0,0,0,0,2,1,6,6,1,51,8,1490,8,1,TOYOTA YARIS,2,E01009874,0,4
2024302401431,2024,302401431,2,9,0,17,19,7,4,0,0,0,0,0,0,0,1,1,6,6,2,70,10,1497,8,7,TOYOTA YARIS,4,W01000535,0,5
2024122400743,2024,122400743,1,9,0,18,19,3,7,0,0,1,0,0,0,0,1,1,6,6,2,73,10,1329,1,8,TOYOTA YARIS,9,E01013341,0,1
2024111462571,2024,111462571,2,9,0,-1,19,5,1,-1,0,1,0,0,0,0,1,1,-1,6,2,57,9,1329,1,8,TOYOTA YARIS,9,E01032546,0,1
2024010523016,2024,010523016,2,9,0,1,1,7,3,0,0,2,0,0,0,0,2,1,6,6,2,40,7,1299,1,20,TOYOTA YARIS,9,E01017775,0,3
2024131486171,2024,131486171,2,9,0,-1,19,1,5,-1,0,1,0,0,0,0,1,1,-1,9,1,32,6,1329,1,13,TOYOTA YARIS,3,E01034585,0,3
2024131461394,2024,131461394,3,9,0,-1,2,0,0,-1,9,8,0,0,0,0,3,1,-1,9,1,53,8,1329,1,13,TOYOTA YARIS,2,E01011424,0,2
2024052400467,2024,052400467,1,9,0,18,19,6,2,0,0,2,0,0,0,0,1,1,6,6,1,22,5,1329,1,11,TOYOTA YARIS,1,E01034403,0,1
2024010548728,2024,010548728,2,9,0,10,10,3,1,0,0,1,0,0,0,0,1,1,6,6,2,55,8,1490,8,1,TOYOTA YARIS,3,E01001589,0,1
2024401463733,2024,401463733,1,9,0,-1,9,5,1,-1,0,6,0,0,0,0,1,1,-1,6,2,66,10,1497,8,10,TOYOTA YARIS,7,E01017561,0,1
2024401443534,2024,401443534,2,9,0,-1,19,2,6,-1,0,3,0,0,0,0,2,9,-1,6,2,46,8,1497,8,8,TOYOTA YARIS,8,E01015706,0,1
2024471496428,2024,471496428,2,9,0,-1,19,4,7,-1,0,0,0,0,0,0,3,1,-1,6,2,54,8,1497,8,6,TOYOTA YARIS,3,E01004000,0,4
2024041498941,2024,041498941,2,9,0,-1,19,5,1,-1,0,1,0,0,0,0,1,2,-1,6,2,53,8,998,1,15,TOYOTA YARIS,8,E01012652,0,1
2024461465629,2024,461465629,2,9,0,-1,4,5,1,-1,0,4,0,0,0,0,2,9,-1,6,2,22,5,998,1,14,TOYOTA YARIS,1,E01016062,0,1
2024211422203,2024,211422203,2,9,0,-1,3,4,8,-1,0,0,0,0,0,0,2,9,-1,6,2,36,7,1497,8,6,TOYOTA YARIS,5,E01010306,0,2
2024211408387,2024,211408387,1,9,0,-1,7,5,1,-1,0,0,2,7,3,1,1,1,-1,6,1,18,4,1329,1,9,TOYOTA YARIS,1,E01009002,0,4
2024361417228,2024,361417228,1,9,0,-1,19,-1,-1,-1,0,4,0,0,0,0,3,1,-1,6,2,76,11,1496,1,6,TOYOTA YARIS,10,E01026813,0,1
2024421518275,2024,421518275,2,9,0,-1,3,3,6,-1,0,0,0,0,0,0,2,1,-1,9,2,26,6,1497,8,4,TOYOTA YARIS,9,E01021577,0,1
2024052400637,2024,052400637,2,9,0,18,19,4,2,0,0,8,0,0,0,0,3,1,2,2,1,32,6,1497,8,9,TOYOTA YARIS,2,E01006536,0,1
2024351476530,2024,351476530,1,9,0,-1,2,5,1,-1,0,0,0,0,0,0,2,1,-1,9,2,25,5,1497,8,10,TOYOTA YARIS,3,E01000081,0,5
2024471453345,2024,471453345,1,9,0,-1,4,7,3,-1,0,1,0,7,2,0,2,1,-1,9,2,18,4,1329,1,13,TOYOTA YARIS,4,E01031377,0,1
2024141468528,2024,141468528,1,9,0,-1,19,3,7,-1,0,0,0,0,0,0,1,1,-1,6,2,34,6,1329,1,14,TOYOTA YARIS,3,E01008095,0,1
2024061485231,2024,061485231,1,9,0,-1,15,5,4,-1,0,0,9,0,0,0,3,1,-1,2,1,36,7,1329,1,15,TOYOTA YARIS,1,E01033669,0,1
2024010516482,2024,010516482,1,9,0,18,19,3,7,0,0,0,0,0,0,0,3,1,6,6,2,27,6,1329,1,12,TOYOTA YARIS,2,E01001673,0,1
2024501469276,2024,501469276,2,9,0,-1,19,4,8,-1,0,1,0,0,0,0,1,1,-1,9,2,53,8,1329,1,12,TOYOTA YARIS,3,E01015172,0,1
2024552400765,2024,552400765,2,9,0,9,9,7,5,0,0,5,0,0,0,0,3,1,6,6,1,61,9,1490,8,3,TOYOTA YARIS,1,E01015309,0,1
2024311437600,2024,311437600,2,9,0,-1,19,5,1,-1,0,0,0,0,0,0,0,1,-1,6,1,20,4,998,1,11,TOYOTA YARIS,9,E01013981,0,2
2024061470815,2024,061470815,4,9,0,-1,19,5,3,-1,0,2,0,0,0,0,1,1,-1,6,2,40,7,1299,1,21,TOYOTA YARIS,1,E01004848,0,1
2024061400388,2024,061400388,2,9,0,-1,9,5,2,-1,0,8,0,0,0,0,1,1,-1,9,2,35,6,1296,1,16,TOYOTA YARIS,1,E01033794,0,3
2024522402955,2024,522402955,1,9,0,18,19,2,6,0,0,0,0,0,0,0,1,1,6,6,2,72,10,1299,1,22,TOYOTA YARIS,10,E01014853,0,2
2024131448378,2024,131448378,1,9,0,-1,2,3,7,-1,9,0,0,0,0,0,4,1,-1,9,1,84,11,1497,8,8,TOYOTA YARIS,4,E01010865,0,1
2024131505613,2024,131505613,2,9,0,-1,19,3,7,-1,0,1,0,0,0,0,3,1,-1,1,2,53,8,1296,1,16,TOYOTA YARIS,1,E01011906,0,1
2024421477617,2024,421477617,1,9,0,-1,7,3,5,-1,0,3,0,0,0,0,1,9,-1,6,2,39,7,1296,1,18,TOYOTA YARIS,4,E01023930,0,4
2024311489327,2024,311489327,2,9,0,-1,19,7,3,-1,0,1,0,0,0,0,3,1,-1,6,2,60,9,1490,8,1,TOYOTA YARIS,1,E01028276,0,1
2024471489739,2024,471489739,1,9,0,-1,3,8,4,-1,0,1,0,0,0,0,2,1,-1,7,2,56,9,1490,8,1,TOYOTA YARIS,8,E01016981,0,1
2024010496227,2024,010496227,1,9,0,5,5,2,6,0,0,8,0,0,0,0,1,1,6,6,2,56,9,1497,8,8,TOYOTA YARIS,7,E01002812,0,1
2024552400777,2024,552400777,1,9,0,18,19,6,2,0,0,0,0,0,0,0,1,1,6,6,1,41,7,1299,1,21,TOYOTA YARIS,8,E01015411,0,1
2024430490684,2024,430490684,1,9,0,4,4,5,1,0,0,1,0,0,0,0,3,1,1,1,1,61,9,1296,1,18,TOYOTA YARIS,4,E01028516,0,1
2024070589521,2024,070589521,3,9,0,4,4,7,2,0,0,0,0,0,0,0,1,1,6,6,2,26,6,1329,1,15,TOYOTA YARIS,1,W01000304,0,4
2024430133172,2024,430133172,2,9,0,18,19,6,2,0,0,8,0,0,0,0,3,1,6,6,2,25,5,1497,8,9,TOYOTA YARIS,4,E01016455,0,1
2024361512647,2024,361512647,1,9,0,-1,19,5,1,-1,0,1,0,4,0,0,4,1,-1,6,2,65,9,1497,8,10,TOYOTA YARIS,5,E01026611,0,1
2024311420230,2024,311420230,3,9,0,-1,4,7,3,-1,0,0,0,0,0,0,1,1,-1,6,2,44,7,1329,1,10,TOYOTA YARIS,-1,-1,0,-1
2024302400493,2024,302400493,1,9,0,18,19,6,2,0,0,4,0,0,0,0,1,1,6,6,2,41,7,1299,1,20,TOYOTA YARIS,3,E01019665,0,1
2024361489281,2024,361489281,1,9,0,-1,19,3,7,-1,0,0,0,0,0,0,1,1,-1,9,2,35,6,1329,1,15,TOYOTA YARIS,-1,-1,0,-1
2024520403282,2024,520403282,1,9,0,8,8,8,2,0,0,1,0,0,0,0,2,1,6,6,2,78,11,1299,1,21,TOYOTA YARIS,4,E01035130,0,2
2024010509512,2024,010509512,2,9,9,18,19,5,1,0,0,1,0,0,0,0,1,9,6,6,1,25,5,1296,1,17,TOYOTA YARIS,5,E01003654,0,2
2024031440904,2024,031440904,1,9,0,-1,19,2,6,-1,0,0,5,10,8,11,3,1,-1,6,2,84,11,1299,1,22,TOYOTA YARIS,4,E01019080,0,2
2024052402016,2024,052402016,1,9,0,18,19,2,6,0,0,0,0,0,0,0,1,1,6,6,1,71,10,1329,1,8,TOYOTA YARIS,1,E01007228,0,3
2024471434911,2024,471434911,1,9,0,-1,9,8,6,-1,0,0,0,0,0,0,1,1,-1,6,2,85,11,1497,8,7,TOYOTA YARIS,6,E01021149,0,1
2024991454547,2024,991454547,2,9,0,-1,19,4,8,-1,0,1,0,0,0,0,1,1,-1,9,2,59,9,1329,1,8,TOYOTA YARIS,2,-1,0,1
2024201480239,2024,201480239,2,9,0,-1,19,8,4,-1,0,0,0,0,0,0,2,1,-1,9,1,40,7,998,1,20,TOYOTA YARIS,-1,-1,0,-1
2024010511956,2024,010511956,2,9,0,7,7,4,6,0,0,3,0,10,0,0,2,1,6,6,2,61,9,1296,1,18,TOYOTA YARIS,5,E01003704,0,1
2024122400671,2024,122400671,2,9,0,18,19,4,8,0,0,8,0,0,0,0,1,1,6,6,2,31,6,1329,1,13,TOYOTA YARIS,-1,-1,0,-1
2024501501876,2024,501501876,2,9,0,-1,5,4,2,-1,0,6,0,0,0,0,4,1,-1,6,1,78,11,1490,8,1,TOYOTA YARIS,6,E01018835,0,1
2024401476491,2024,401476491,2,9,0,-1,19,7,3,-1,0,8,0,0,0,0,1,1,-1,2,2,21,5,1497,8,11,TOYOTA YARIS,4,E01015755,0,1
2024430499881,2024,430499881,1,9,0,14,14,6,2,0,0,2,1,0,1,1,2,1,6,6,1,21,5,1299,1,19,TOYOTA YARIS,6,E01016472,0,4
2024201497012,2024,201497012,1,9,0,-1,19,6,1,-1,0,3,0,0,0,0,1,9,-1,9,1,21,5,998,1,15,TOYOTA YARIS,1,E01033649,0,1
2024201432234,2024,201432234,1,9,0,-1,19,1,5,-1,0,0,0,0,0,0,1,1,-1,6,2,49,8,998,1,23,TOYOTA YARIS,2,E01009095,0,1
2024461526370,2024,461526370,1,9,0,-1,13,7,1,-1,0,8,0,0,7,10,1,1,-1,6,1,27,6,1299,1,20,TOYOTA YARIS,7,E01024758,0,1
2024421488461,2024,421488461,3,9,0,-1,2,1,1,-1,-1,1,0,0,0,0,3,1,-1,6,1,30,6,1329,1,12,TOYOTA YARIS,10,E01015830,0,1
2024552400783,2024,552400783,1,9,0,5,5,7,1,0,0,6,0,0,0,0,1,1,6,6,2,67,10,1497,8,11,TOYOTA YARIS,10,E01020382,0,1
2024201443192,2024,201443192,2,9,0,-1,7,3,5,-1,0,0,0,0,0,0,4,1,-1,2,1,25,5,1299,1,19,TOYOTA YARIS,5,E01009521,0,1
2024351527644,2024,351527644,1,9,0,-1,19,5,3,-1,0,1,0,0,0,0,1,1,-1,6,2,53,8,1490,8,2,TOYOTA YARIS,10,E01035555,0,3
2024231534424,2024,231534424,3,9,0,-1,19,6,2,-1,0,0,0,0,0,0,1,1,-1,2,1,66,10,1497,8,9,TOYOTA YARIS,1,E01009564,0,1
2024131464973,2024,131464973,2,9,0,-1,19,7,3,-1,0,8,0,0,1,11,3,1,-1,6,1,56,9,1364,2,9,TOYOTA YARIS,5,E01011480,0,1
2024061529935,2024,061529935,2,9,0,-1,19,4,8,-1,0,1,0,0,0,0,4,1,-1,6,1,27,6,1299,1,19,TOYOTA YARIS,-1,-1,0,-1
2024371523220,2024,371523220,2,9,0,-1,-1,-1,-1,-1,-1,-1,-1,-1,-1,0,-1,1,-1,9,2,65,9,1329,1,12,TOYOTA YARIS,5,E01030201,0,3
2024311432915,2024,311432915,1,9,0,-1,7,5,8,-1,0,0,0,0,0,0,1,1,-1,2,2,29,6,1497,8,4,TOYOTA YARIS,4,E01033402,0,1
2024471535382,2024,471535382,1,9,0,-1,5,2,6,-1,9,0,0,0,0,0,3,1,-1,1,1,61,9,998,1,17,TOYOTA YARIS,5,E01031501,0,3
2024201411986,2024,201411986,3,9,0,-1,19,4,8,-1,0,0,0,0,0,0,2,1,-1,6,1,29,6,1329,1,13,TOYOTA YARIS,-1,-1,0,-1
2024451533117,2024,451533117,3,9,0,-1,2,0,0,-1,9,0,0,0,0,0,2,1,-1,6,-1,-1,-1,1329,1,13,TOYOTA YARIS,-1,-1,0,-1
2024061459108,2024,061459108,1,9,0,-1,8,-1,-1,-1,99,0,0,0,0,0,4,1,-1,9,2,54,8,1296,1,18,TOYOTA YARIS,5,E01005305,0,1
2024131449175,2024,131449175,1,9,0,-1,9,7,3,-1,0,8,0,0,0,0,1,1,-1,9,1,23,5,1296,1,16,TOYOTA YARIS,2,E01010665,0,1
2024201470866,2024,201470866,1,9,0,-1,19,3,7,-1,0,1,0,0,0,0,1,1,-1,6,2,48,8,1490,8,0,TOYOTA YARIS,1,E01009059,0,1
2024522402710,2024,522402710,1,9,0,9,9,8,5,0,0,8,0,0,0,0,1,1,6,6,1,41,7,1490,8,2,TOYOTA YARIS,10,E01014879,0,4
2024461441506,2024,461441506,1,9,0,-1,19,1,5,-1,0,4,0,0,0,0,1,1,-1,9,1,70,10,1497,8,10,TOYOTA YARIS,8,E01024438,0,2
2024440404153,2024,440404153,2,9,0,2,2,0,0,0,0,0,0,0,0,0,2,1,6,6,3,-1,-1,1490,8,3,TOYOTA YARIS,-1,-1,0,-1
2024010537258,2024,010537258,1,9,0,99,99,9,9,99,99,9,9,99,9,99,9,9,2,2,1,48,8,1299,1,21,TOYOTA YARIS,1,E01023536,0,2
2024010519290,2024,010519290,1,9,0,99,99,9,9,99,99,9,9,99,9,99,9,9,6,6,2,56,9,998,1,14,TOYOTA YARIS,6,E01003223,0,1
2024070543694,2024,070543694,1,9,0,15,15,6,2,0,0,0,0,0,0,0,1,1,2,2,2,40,7,1490,8,3,TOYOTA YARIS,7,E01006169,0,3
2024010533465,2024,010533465,2,9,0,9,9,1,7,0,0,8,0,0,0,0,3,1,6,6,2,48,8,1490,8,1,TOYOTA YARIS,-1,-1,0,-1
2024211483057,2024,211483057,1,9,0,-1,9,8,8,-1,0,0,0,7,0,0,1,1,-1,6,2,60,9,1496,1,6,TOYOTA YARIS,-1,-1,0,-1
2024622400468,2024,622400468,2,9,0,4,4,1,5,0,0,0,0,0,0,0,1,1,6,6,2,20,4,1496,1,5,TOYOTA YARIS,3,W01001393,0,4
2024461442463,2024,461442463,2,9,0,-1,19,5,8,-1,0,0,0,0,0,0,4,9,-1,9,2,30,6,1329,1,11,TOYOTA YARIS,3,E01016098,0,1
2024201513489,2024,201513489,1,9,0,-1,13,6,2,-1,0,0,0,4,0,0,3,1,-1,6,2,39,7,1329,1,15,TOYOTA YARIS,-1,-1,0,-1
2024010526261,2024,010526261,2,9,0,18,19,7,3,0,0,0,5,0,0,0,4,1,6,6,1,20,4,1296,1,17,TOYOTA YARIS,1,E01004199,0,2
2024041451337,2024,041451337,1,9,0,-1,9,1,7,-1,0,6,0,0,0,0,1,1,-1,9,1,25,5,1490,8,1,TOYOTA YARIS,2,E01025245,0,1
2024061433576,2024,061433576,2,9,0,-1,5,8,4,-1,0,1,0,0,0,0,1,9,-1,6,3,-1,-1,1364,2,18,TOYOTA YARIS,-1,-1,0,-1
2024302401749,2024,302401749,1,9,0,-1,9,6,4,-1,0,8,0,0,0,0,1,1,-1,1,1,62,9,1329,1,11,TOYOTA YARIS,8,E01019746,0,1
2024231530743,2024,231530743,2,9,0,-1,7,3,5,-1,0,6,0,0,0,0,3,1,-1,9,2,77,11,1490,8,0,TOYOTA YARIS,9,E01031269,0,1
2024440270975,2024,440270975,2,9,0,9,9,3,2,0,0,6,1,0,0,0,3,1,6,6,2,70,10,1490,8,0,TOYOTA YARIS,4,E01017289,0,1
2024440112208,2024,440112208,1,9,0,9,9,2,8,0,0,8,0,0,1,11,4,1,6,6,1,33,6,1329,1,14,TOYOTA YARIS,5,E01017136,0,1
2024201538020,2024,201538020,1,9,0,-1,9,7,5,-1,0,5,0,0,0,0,1,1,-1,6,2,23,5,1490,8,0,TOYOTA YARIS,2,E01009346,0,1
2024332400985,2024,332400985,2,9,0,-1,9,7,5,-1,0,6,0,0,0,0,1,1,-1,6,1,68,10,1364,2,10,TOYOTA YARIS,7,E01013709,0,1
2024201520219,2024,201520219,2,9,0,-1,19,6,1,-1,0,8,0,0,0,0,1,1,-1,9,1,32,6,1296,1,17,TOYOTA YARIS,3,E01033561,0,1
2024101575222,2024,101575222,1,9,0,-1,2,0,0,-1,0,6,0,0,0,0,4,1,-1,6,1,48,8,1299,1,19,TOYOTA YARIS,-1,-1,0,-1
2024131415415,2024,131415415,2,9,0,-1,-1,-1,-1,-1,-1,-1,-1,-1,-1,-1,3,1,-1,6,1,42,7,998,1,25,TOYOTA YARIS,5,E01011902,0,1
2024440187985,2024,440187985,1,9,0,9,9,7,5,0,0,8,0,0,0,0,4,1,6,6,2,32,6,1497,8,9,TOYOTA YARIS,10,E01032870,0,1
2024141530982,2024,141530982,1,9,0,-1,19,4,8,-1,0,0,0,0,0,0,1,9,-1,6,2,36,7,1496,1,5,TOYOTA YARIS,1,E01008018,0,1
2024311476850,2024,311476850,1,9,0,-1,12,1,5,-1,0,0,0,0,0,0,2,1,-1,6,2,46,8,1329,1,13,TOYOTA YARIS,2,E01013847,0,1
2024411443095,2024,411443095,1,9,-1,-1,7,-1,-1,-1,0,5,0,0,0,0,4,9,-1,6,2,39,7,1299,1,23,TOYOTA YARIS,4,E01015734,0,4
2024201510674,2024,201510674,1,9,0,-1,8,7,3,-1,0,1,0,0,0,0,2,1,-1,7,2,24,5,1497,8,10,TOYOTA YARIS,1,E01009638,0,1
2024010534025,2024,010534025,2,9,0,13,13,9,9,99,99,0,9,99,9,99,1,9,6,6,3,-1,-1,1497,8,10,TOYOTA YARIS,-1,-1,0,-1
2024010542423,2024,010542423,1,9,0,5,5,1,5,9,9,0,0,0,0,0,3,1,6,6,1,22,5,1490,8,0,TOYOTA YARIS,3,E01034592,0,3