collision_index,collision_year,collision_ref_no,vehicle_reference,vehicle_type,towing_and_articulation,vehicle_manoeuvre_historic,vehicle_manoeuvre,vehicle_direction_from,vehicle_direction_to,vehicle_location_restricted_lane_historic,vehicle_location_restricted_lane,junction_location,skidding_and_overturning,hit_object_in_carriageway,vehicle_leaving_carriageway,hit_object_off_carriageway,first_point_of_impact,vehicle_left_hand_drive,journey_purpose_of_driver_historic,journey_purpose_of_driver,sex_of_driver,age_of_driver,age_band_of_driver,engine_capacity_cc,propulsion_code,age_of_vehicle,generic_make_model,driver_imd_decile,lsoa_of_driver,escooter_flag,driver_distance_banding
2024421512463,2024,421512463,3,9,0,-1,4,2,6,-1,0,0,0,0,0,0,2,1,-1,9,2,70,10,1299,1,19,TOYOTA YARIS,8,E01000910,0,4
2024010494574,2024,010494574,1,9,0,18,19,5,1,9,9,3,0,0,3,1,1,1,6,6,2,53,8,1490,8,1,TOYOTA YARIS,8,E01024184,0,1
2024430011641,2024,430011641,1,9,0,18,19,2,6,0,0,0,0,0,0,0,1,1,6,6,1,48,8,1497,8,9,TOYOTA YARIS,7,E01015513,0,3
2024061428714,2024,061428714,1,9,0,-1,3,-1,-1,-1,0,0,0,0,0,0,2,1,-1,9,2,35,6,1496,1,6,TOYOTA YARIS,2,E01005600,0,1
2024201441052,2024,201441052,1,9,0,-1,19,8,4,-1,0,0,0,0,0,0,4,1,-1,6,2,64,9,1364,2,14,TOYOTA YARIS,10,E01010108,0,2
2024421412750,2024,421412750,2,9,0,-1,9,5,3,-1,0,8,0,0,0,0,1,1,-1,9,2,63,9,1329,1,14,TOYOTA YARIS,4,E01015825,0,1
2024351492344,2024,351492344,1,9,0,-1,19,6,2,-1,0,5,0,0,0,0,4,1,-1,9,2,73,10,1496,1,5,TOYOTA YARIS,7,E01018064,0,2
2024061499988,2024,061499988,2,9,0,-1,19,2,6,-1,0,1,0,0,0,0,1,1,-1,6,1,22,5,998,1,17,TOYOTA YARIS,1,E01005564,0,1
2024061480890,2024,061480890,2,9,0,-1,19,5,1,-1,0,3,0,0,1,0,2,1,-1,9,1,36,7,998,1,15,TOYOTA YARIS,2,E01005946,0,2
2024010510344,2024,010510344,1,9,0,99,99,9,9,99,99,9,9,99,9,99,1,9,6,6,1,66,10,998,1,12,TOYOTA YARIS,1,E01001517,0,1
2024302400486,2024,302400486,1,9,0,17,19,5,2,0,0,0,0,0,2,7,1,1,6,6,2,72,10,1329,1,12,TOYOTA YARIS,2,E01007533,0,4
2024522401535,2024,522401535,1,9,0,1,1,1,5,0,0,6,0,0,0,0,2,1,6,6,1,51,8,1496,1,4,TOYOTA YARIS,1,E01014647,0,1
2024201441659,2024,201441659,2,9,0,-1,5,1,5,-1,0,8,0,0,0,0,1,1,-1,6,1,25,5,1299,1,19,TOYOTA YARIS,3,E01031077,0,1
2024421443280,2024,421443280,1,9,0,-1,19,1,5,-1,0,6,0,0,3,0,1,1,-1,2,2,46,8,1299,1,19,TOYOTA YARIS,6,E01022053,0,1
2024010512715,2024,010512715,2,9,0,99,99,9,9,99,99,9,9,99,9,99,9,9,6,6,2,61,9,1497,8,9,TOYOTA YARIS,4,E01003406,0,2
2024010522691,2024,010522691,1,9,0,9,9,1,6,0,0,1,0,0,0,0,1,1,6,6,1,42,7,1497,8,8,TOYOTA YARIS,3,E01001162,0,1
2024631448279,2024,631448279,1,9,0,-1,19,1,5,-1,0,8,0,0,0,0,1,2,-1,9,1,18,4,998,1,19,TOYOTA YARIS,7,W01000651,0,1
2024070173927,2024,070173927,1,9,0,18,19,8,4,0,0,4,2,9,3,1,1,1,2,2,2,41,7,998,1,14,TOYOTA YARIS,2,W01000379,0,4
2024610004824,2024,610004824,1,9,0,18,19,1,5,0,0,4,0,0,0,0,1,1,6,6,1,42,7,1299,1,20,TOYOTA YARIS,1,W01001530,0,1
2024041462722,2024,041462722,1,9,0,-1,19,1,5,-1,0,1,0,0,7,4,1,1,-1,9,1,77,11,1490,8,1,TOYOTA YARIS,8,E01025254,0,1
2024211515257,2024,211515257,1,9,0,-1,19,3,1,-1,0,0,0,0,0,0,1,1,-1,6,1,20,4,1364,2,18,TOYOTA YARIS,4,E01013458,0,3
2024302400759,2024,302400759,2,9,0,9,9,6,3,0,0,8,0,0,0,0,3,1,6,6,1,56,9,1618,1,3,TOYOTA YARIS,10,E01019762,0,1
2024052401609,2024,052401609,2,9,0,18,19,1,5,0,0,8,0,0,7,11,4,1,6,6,1,73,10,1329,1,8,TOYOTA YARIS,9,E01006823,0,1
2024031504140,2024,031504140,2,9,0,-1,19,4,8,-1,0,0,5,0,0,0,1,1,-1,6,1,42,7,1490,8,0,TOYOTA YARIS,2,-1,0,5
2024440527070,2024,440527070,2,9,0,9,9,3,1,0,0,6,0,0,0,0,1,1,6,6,1,57,9,1490,8,2,TOYOTA YARIS,10,E01022553,0,1
2024201528200,2024,201528200,2,9,0,-1,3,2,6,-1,0,0,0,0,0,0,2,1,-1,1,2,25,5,1329,1,10,TOYOTA YARIS,1,E01010450,0,3
2024201509046,2024,201509046,2,9,0,-1,19,1,5,-1,0,8,0,0,0,0,1,1,-1,9,2,36,7,1490,8,2,TOYOTA YARIS,6,E01009419,0,2
2024101437467,2024,101437467,1,9,0,-1,19,6,2,-1,0,6,0,0,0,0,1,1,-1,9,1,58,9,1497,8,5,TOYOTA YARIS,7,E01008364,0,1
2024991480918,2024,991480918,2,9,0,-1,19,3,7,-1,0,0,0,0,1,0,1,1,-1,6,1,40,7,1329,1,8,TOYOTA YARIS,5,-1,0,1
2024631472488,2024,631472488,1,9,0,-1,19,8,4,-1,0,6,0,0,0,0,1,1,-1,9,2,68,10,1364,2,13,TOYOTA YARIS,7,W01000448,0,4
2024522403433,2024,522403433,2,9,0,9,9,1,7,0,0,5,0,0,0,0,3,1,6,6,2,28,6,1329,1,13,TOYOTA YARIS,4,E01014488,0,1
2024010517178,2024,010517178,2,9,0,99,99,9,9,99,99,0,9,99,9,99,9,9,6,6,2,21,5,1329,1,10,TOYOTA YARIS,3,E01003975,0,1
2024201503870,2024,201503870,1,9,0,-1,9,5,4,-1,0,6,0,0,0,0,1,9,-1,6,2,35,6,1329,1,15,TOYOTA YARIS,-1,-1,0,-1
2024010503234,2024,010503234,2,9,0,99,99,9,9,99,99,9,9,99,9,99,9,9,6,6,3,-1,-1,1490,8,0,TOYOTA YARIS,-1,-1,0,-1
2024010502304,2024,010502304,1,9,0,5,5,3,7,0,0,4,0,0,0,0,4,1,6,6,1,26,6,1497,8,11,TOYOTA YARIS,-1,-1,0,-1
2024320247327,2024,320247327,1,9,0,-1,-1,6,2,0,0,6,0,0,0,0,4,1,6,6,2,80,11,1496,1,6,TOYOTA YARIS,10,E01026395,0,2
2024440069132,2024,440069132,1,9,0,18,19,7,3,0,0,8,0,0,0,0,1,1,6,6,2,61,9,1497,8,8,TOYOTA YARIS,-1,-1,0,-1
2024471454267,2024,471454267,1,9,0,-1,4,-1,-1,-1,99,0,0,0,0,0,1,1,-1,9,2,86,11,1329,1,7,TOYOTA YARIS,7,E01031447,0,1
2024461401616,2024,461401616,3,9,0,-1,19,6,2,-1,0,8,0,0,0,0,1,9,-1,9,1,27,6,1299,1,20,TOYOTA YARIS,5,E01024335,0,2
2024221462174,2024,221462174,1,9,0,-1,3,8,4,-1,0,1,0,0,0,0,2,9,-1,6,2,33,6,1329,1,15,TOYOTA YARIS,6,E01032258,0,1
2024010555087,2024,010555087,1,9,0,7,7,1,3,0,0,2,0,4,0,0,1,1,6,6,2,30,6,1329,1,15,TOYOTA YARIS,2,E01003188,0,2
2024041499683,2024,041499683,1,9,0,-1,19,3,3,-1,0,4,0,0,0,0,1,1,-1,2,1,32,6,1296,1,18,TOYOTA YARIS,1,E01012673,0,2
2024471441323,2024,471441323,2,9,0,-1,4,3,7,-1,0,0,0,0,0,0,2,1,-1,2,1,35,6,998,1,20,TOYOTA YARIS,9,E01031655,0,4
2024010520041,2024,010520041,1,9,0,6,6,7,7,0,0,2,0,0,0,0,3,1,6,6,2,26,6,1497,8,7,TOYOTA YARIS,1,E01002857,0,1
2024302401292,2024,302401292,3,9,0,16,19,4,7,0,0,8,0,0,0,0,1,1,6,6,2,33,6,1497,8,10,TOYOTA YARIS,3,E01008890,0,4
2024131535213,2024,131535213,1,9,0,-1,19,7,3,-1,0,8,0,0,0,0,1,1,-1,1,1,32,6,1496,1,7,TOYOTA YARIS,3,E01010793,0,3
2024471394263,2024,471394263,1,9,0,-1,19,8,4,-1,0,0,0,0,0,0,1,1,-1,2,2,54,8,1296,1,16,TOYOTA YARIS,10,E01030585,0,2
2024041402375,2024,041402375,1,9,0,-1,19,1,5,-1,0,1,0,0,1,2,1,1,-1,6,1,88,11,1299,1,20,TOYOTA YARIS,9,E01025406,0,2
2024031516581,2024,031516581,1,9,0,-1,3,6,2,-1,0,0,1,0,0,0,1,1,-1,6,1,24,5,1296,1,16,TOYOTA YARIS,-1,-1,0,-1
2024302401512,2024,302401512,1,9,0,16,19,4,8,0,0,8,1,0,0,0,1,1,6,6,1,65,9,1618,1,2,TOYOTA YARIS,7,E01019673,0,1
2024052401503,2024,052401503,2,9,0,4,4,5,1,0,0,1,0,0,0,0,2,1,6,6,2,63,9,1299,1,22,TOYOTA YARIS,2,E01006915,0,1
2024440143697,2024,440143697,2,9,0,18,19,4,8,0,0,1,0,0,0,0,4,1,2,2,1,-1,-1,998,1,23,TOYOTA YARIS,2,E01032879,0,1
2024010523607,2024,010523607,1,9,0,1,1,5,1,0,0,0,0,0,0,0,2,1,6,6,2,23,5,1490,8,2,TOYOTA YARIS,-1,-1,0,-1
2024010532532,2024,010532532,1,9,0,18,19,3,7,0,0,1,0,0,0,0,1,1,6,6,1,55,8,1490,8,0,TOYOTA YARIS,2,E01000121,0,1
2024340WN2102,2024,340WN2102,1,9,0,-1,19,5,1,-1,0,6,0,0,0,0,1,1,-1,6,1,40,7,1329,1,9,TOYOTA YARIS,3,E01027173,0,1
2024010547088,2024,010547088,2,9,0,99,99,9,9,99,99,0,9,99,9,99,9,9,6,6,3,-1,-1,1497,8,4,TOYOTA YARIS,-1,-1,0,-1
2024201458132,2024,201458132,1,9,0,-1,5,8,4,-1,0,1,0,0,0,0,1,9,-1,6,1,53,8,998,1,15,TOYOTA YARIS,1,E01009484,0,1
2024201403776,2024,201403776,2,9,0,-1,19,5,1,-1,0,1,0,0,0,0,4,1,-1,7,1,55,8,1496,1,6,TOYOTA YARIS,1,E01009376,0,1
2024131527932,2024,131527932,1,9,0,-1,19,8,4,-1,0,0,0,0,0,0,4,1,-1,6,2,-1,-1,1329,1,10,TOYOTA YARIS,-1,-1,0,-1
2024010508078,2024,010508078,2,9,0,99,99,9,9,99,99,5,9,99,9,99,1,9,6,6,3,24,5,1299,1,20,TOYOTA YARIS,4,E01004437,0,2
2024010538850,2024,010538850,2,9,0,99,99,9,9,99,99,0,9,99,9,99,0,9,6,6,3,55,8,998,1,13,TOYOTA YARIS,5,E01032741,0,1
2024010525883,2024,010525883,2,9,0,3,3,5,1,0,0,1,0,0,0,0,2,1,6,6,1,68,10,998,1,20,TOYOTA YARIS,8,E01002367,0,1
2024481567004,2024,481567004,1,9,0,-1,5,3,7,-1,0,0,0,0,0,0,3,1,-1,2,1,50,8,1497,8,6,TOYOTA YARIS,-1,-1,0,-1
2024070468862,2024,070468862,1,9,0,5,5,3,7,0,0,0,0,0,0,0,4,1,2,2,1,-1,-1,1490,8,4,TOYOTA YARIS,9,E01012566,0,1
2024070221245,2024,070221245,1,9,0,11,11,1,5,0,0,0,1,0,0,7,1,1,6,6,1,20,4,1490,8,3,TOYOTA YARIS,1,E01009489,0,4
2024451439130,2024,451439130,2,9,0,-1,4,3,7,-1,0,1,0,0,0,0,2,1,-1,9,2,30,6,1497,8,6,TOYOTA YARIS,10,E01030775,0,3
2024552400990,2024,552400990,1,9,0,1,1,6,2,9,9,6,0,0,0,0,2,1,6,6,2,75,10,1296,1,17,TOYOTA YARIS,9,E01015364,0,1
2024010508840,2024,010508840,1,9,0,99,99,9,9,99,99,9,9,99,9,99,2,9,6,6,1,20,4,1329,1,14,TOYOTA YARIS,5,E01000973,0,1
2024411452425,2024,411452425,1,9,0,-1,-1,-1,-1,-1,-1,-1,-1,-1,-1,0,1,9,-1,6,3,-1,-1,998,1,20,TOYOTA YARIS,-1,-1,0,-1
2024131461008,2024,131461008,2,9,0,-1,19,3,7,-1,0,8,0,0,0,0,3,1,-1,9,2,30,6,998,1,18,TOYOTA YARIS,3,E01010600,0,1
2024061536479,2024,061536479,1,9,0,-1,19,5,1,-1,0,0,0,0,0,0,1,1,-1,9,1,70,10,1364,2,18,TOYOTA YARIS,1,E01005203,0,1
2024991430213,2024,991430213,2,9,0,-1,4,3,7,-1,0,1,0,0,0,0,2,1,-1,2,2,24,5,998,1,12,TOYOTA YARIS,7,-1,0,1
2024461473922,2024,461473922,2,9,0,-1,19,3,7,-1,0,0,0,0,0,0,3,1,-1,1,1,26,6,1497,8,5,TOYOTA YARIS,1,E01035301,0,4
2024010487685,2024,010487685,1,9,0,16,19,7,3,0,0,8,5,10,0,0,1,1,6,6,1,44,7,1296,1,16,TOYOTA YARIS,2,E01000064,0,1
2024201501771,2024,201501771,2,9,0,-1,19,6,2,-1,0,8,0,0,0,0,1,1,-1,6,1,21,5,998,1,14,TOYOTA YARIS,2,E01009266,0,1
2024201476091,2024,201476091,2,9,0,-1,19,2,6,-1,0,2,0,0,0,0,1,9,-1,2,1,34,6,998,1,18,TOYOTA YARIS,1,E01034939,0,1
2024440380098,2024,440380098,2,9,0,18,19,1,5,0,0,1,0,0,0,0,1,1,6,6,2,35,6,1364,2,8,TOYOTA YARIS,-1,-1,0,-1
2024010506323,2024,010506323,2,9,0,9,9,3,1,0,0,1,0,0,0,0,4,1,6,6,1,27,6,1497,8,11,TOYOTA YARIS,3,E01003629,0,2
2024201518381,2024,201518381,2,9,0,-1,19,8,4,-1,0,0,1,0,0,0,1,1,-1,6,2,49,8,1329,1,15,TOYOTA YARIS,1,E01009329,0,1
2024201493325,2024,201493325,2,9,0,-1,19,7,3,-1,0,1,0,0,0,0,3,1,-1,2,2,59,9,998,1,12,TOYOTA YARIS,-1,-1,0,-1
2024211530553,2024,211530553,1,9,0,-1,19,1,5,-1,0,8,0,0,0,0,3,1,-1,9,2,34,6,1329,1,12,TOYOTA YARIS,1,E01014354,0,2
2024041448195,2024,041448195,1,9,0,-1,19,3,7,-1,0,0,0,0,0,0,1,1,-1,9,1,30,6,1364,2,17,TOYOTA YARIS,1,E01024876,0,1
2024201478466,2024,201478466,3,9,0,-1,-1,1,6,-1,-1,2,0,0,0,0,1,1,-1,-1,2,30,6,1618,1,3,TOYOTA YARIS,7,E01033618,0,1
2024131428744,2024,131428744,1,9,0,-1,19,1,5,-1,0,8,1,0,0,0,4,1,-1,1,2,54,8,1497,8,5,TOYOTA YARIS,1,E01010802,0,1
2024471426505,2024,471426505,3,9,0,-1,19,1,5,-1,0,0,0,0,0,0,2,1,-1,2,2,18,4,1299,1,19,TOYOTA YARIS,4,E01020921,0,1
2024471535674,2024,471535674,1,9,0,-1,19,3,7,-1,0,0,0,0,0,0,1,1,-1,2,1,36,7,1296,1,18,TOYOTA YARIS,1,E01020912,0,4
2024010516209,2024,010516209,2,9,9,99,99,9,9,99,99,9,9,99,9,99,9,9,6,6,3,-1,-1,1329,1,14,TOYOTA YARIS,-1,-1,0,-1
2024061417342,2024,061417342,1,9,0,-1,19,5,2,-1,0,4,0,0,0,0,1,1,-1,9,1,87,11,1299,1,23,TOYOTA YARIS,7,E01004892,0,1
2024351559229,2024,351559229,1,9,0,-1,19,5,1,-1,0,8,0,0,0,0,1,1,-1,6,2,51,8,1490,8,2,TOYOTA YARIS,6,E01035553,0,1
2024501409079,2024,501409079,1,9,0,-1,2,5,1,-1,0,0,0,0,0,0,3,9,-1,1,1,82,11,998,1,23,TOYOTA YARIS,4,E01018872,0,1
2024991482976,2024,991482976,1,9,0,-1,19,8,4,-1,0,4,0,0,0,0,1,1,-1,9,1,24,5,998,1,15,TOYOTA YARIS,5,-1,0,1
2024430553692,2024,430553692,1,9,0,8,8,8,2,0,0,1,0,0,0,0,1,1,2,2,2,46,8,1497,8,5,TOYOTA YARIS,7,E01016495,0,1
2024221442335,2024,221442335,1,9,0,-1,9,6,5,-1,0,5,0,0,0,0,4,1,-1,6,1,57,9,1496,1,6,TOYOTA YARIS,3,E01009120,0,3
2024131525096,2024,131525096,2,9,0,-1,4,1,1,-1,0,0,0,0,1,0,3,1,-1,6,2,42,7,1296,1,17,TOYOTA YARIS,4,E01010678,0,1
2024421498369,2024,421498369,2,9,0,-1,19,1,5,-1,0,1,0,0,0,0,1,1,-1,9,2,51,8,1490,8,0,TOYOTA YARIS,8,E01015920,0,1
2024332400510,2024,332400510,1,9,0,-1,19,3,7,-1,0,8,0,0,0,0,1,1,-1,6,2,64,9,1497,8,8,TOYOTA YARIS,7,E01013669,0,1
2024131443744,2024,131443744,1,9,0,-1,5,2,6,-1,0,0,0,0,0,0,2,1,-1,6,2,63,9,998,1,23,TOYOTA YARIS,5,E01011269,0,1
2024361496534,2024,361496534,1,9,0,-1,14,8,4,-1,0,0,0,0,0,0,4,2,-1,9,2,50,8,1490,8,3,TOYOTA YARIS,10,E01026908,0,4
2024101442111,2024,101442111,3,9,0,-1,19,4,8,-1,0,0,0,0,0,0,2,1,-1,6,3,-1,-1,1496,1,7,TOYOTA YARIS,-1,-1,0,-1
2024010513919,2024,010513919,3,9,0,2,2,0,0,6,6,1,0,0,0,0,3,1,6,6,3,-1,-1,1497,1,19,TOYOTA YARIS,-1,-1,0,-1
2024552400491,2024,552400491,3,9,0,2,2,0,0,0,0,0,0,0,0,0,3,1,6,6,3,-1,-1,1490,8,0,TOYOTA YARIS,-1,-1,0,-1
2024461445648,2024,461445648,3,9,0,-1,2,0,0,-1,0,0,0,0,0,0,2,1,-1,6,-1,-1,-1,1299,1,24,TOYOTA YARIS,-1,-1,0,-1
2024548010724,2024,548010724,1,9,0,5,5,5,7,0,0,2,0,0,0,0,0,1,6,6,1,26,6,998,1,18,TOYOTA YARIS,2,E01015506,0,1
2024201502527,2024,201502527,1,9,0,-1,1,5,1,-1,0,0,0,4,0,0,0,9,-1,1,3,-1,-1,1364,2,14,TOYOTA YARIS,-1,-1,0,-1
2024161533000,2024,161533000,1,9,0,-1,19,7,3,-1,0,0,0,0,7,0,1,1,-1,9,2,72,10,1490,8,0,TOYOTA YARIS,5,E01019827,0,5
2024010518158,2024,010518158,1,9,0,99,99,9,9,99,99,9,9,99,9,99,1,9,6,6,2,44,7,1496,1,5,TOYOTA YARIS,5,E01035270,0,1
2024461399129,2024,461399129,1,9,0,-1,9,1,3,-1,0,6,0,0,0,0,1,9,-1,2,2,36,7,1329,1,10,TOYOTA YARIS,7,E01024407,0,2
2024451460051,2024,451460051,2,9,0,-1,19,5,2,-1,0,8,0,0,0,0,1,1,-1,6,2,63,9,1490,8,3,TOYOTA YARIS,10,E01030874,0,1
202417H103824,2024,17H103824,2,9,0,-1,4,5,1,-1,0,0,0,0,0,0,2,1,-1,2,2,44,7,1490,8,2,TOYOTA YARIS,-1,-1,0,-1
2024010503364,2024,010503364,1,9,0,18,19,6,2,0,0,1,0,0,1,10,1,1,6,6,1,66,10,1497,8,7,TOYOTA YARIS,5,E01004366,0,1
2024061491694,2024,061491694,1,9,0,-1,9,1,5,-1,0,1,0,0,0,0,1,1,-1,6,1,22,5,1497,8,6,TOYOTA YARIS,-1,-1,0,-1
2024440265515,2024,440265515,1,9,0,9,9,4,2,0,0,6,0,0,0,0,3,1,6,6,2,52,8,1329,1,8,TOYOTA YARIS,10,E01022573,0,1
2024010511432,2024,010511432,3,9,0,2,2,0,0,0,0,1,0,0,0,0,3,1,6,6,3,-1,-1,1329,1,13,TOYOTA YARIS,-1,-1,0,-1
2024010504094,2024,010504094,2,9,0,3,3,7,3,0,0,3,0,0,0,0,2,1,6,6,1,64,9,1490,8,2,TOYOTA YARIS,4,E01000466,0,1
2024440543635,2024,440543635,3,9,0,4,4,6,3,0,0,1,0,0,0,0,0,1,6,6,2,39,7,1329,1,10,TOYOTA YARIS,7,E01032016,0,3
2024071015172,2024,071015172,1,9,0,-1,19,8,8,-1,0,9,0,0,0,0,1,1,-1,6,2,33,6,1329,1,9,TOYOTA YARIS,2,E01033300,0,1
2024451404951,2024,451404951,1,9,0,-1,4,1,1,-1,0,0,0,0,0,0,3,1,-1,6,2,35,6,1296,1,16,TOYOTA YARIS,4,E01030852,0,1
2024320397498,2024,320397498,2,9,0,10,10,1,7,0,0,1,0,0,7,0,2,1,-1,-1,2,76,11,1497,8,12,TOYOTA YARIS,7,E01026051,0,1
2024010500082,2024,010500082,1,9,0,99,99,9,9,99,99,0,9,99,9,99,9,9,6,6,2,35,6,998,1,16,TOYOTA YARIS,6,E01002353,0,1
2024122500006,2024,122500006,1,9,0,4,4,2,7,0,0,0,2,0,1,4,1,1,6,6,2,19,4,1329,1,15,TOYOTA YARIS,9,E01011397,0,4
2024041511969,2024,041511969,1,9,0,-1,14,7,3,-1,0,8,0,0,0,0,1,1,-1,9,2,20,4,1490,8,3,TOYOTA YARIS,10,E01025007,0,4
2024340WN0122,2024,340WN0122,2,9,0,-1,9,1,6,-1,0,8,0,0,0,0,3,1,-1,2,1,50,8,1490,8,1,TOYOTA YARIS,-1,-1,0,-1
2024201493903,2024,201493903,1,9,0,-1,19,8,4,-1,0,8,0,0,0,0,1,1,-1,6,1,72,10,1490,8,1,TOYOTA YARIS,-1,-1,0,-1
2024161517551,2024,161517551,1,9,0,-1,19,1,5,-1,99,0,0,0,0,0,3,1,-1,9,2,20,4,1296,1,18,TOYOTA YARIS,6,E01012914,0,1
2024010500934,2024,010500934,2,9,0,9,9,7,5,0,0,3,0,0,0,0,0,1,6,6,1,53,8,1296,1,16,TOYOTA YARIS,5,E01003766,0,1
2024131396763,2024,131396763,2,9,0,-1,19,3,7,-1,0,2,0,0,0,0,1,1,-1,9,2,39,7,998,1,15,TOYOTA YARIS,1,E01011312,0,1
2024430141628,2024,430141628,1,9,0,2,2,0,0,0,0,0,0,0,0,0,1,1,1,1,2,63,9,1496,1,7,TOYOTA YARIS,8,E01028701,0,2
2024451484305,2024,451484305,1,9,0,-1,19,7,3,-1,0,0,0,0,0,0,1,1,-1,6,1,26,6,1299,1,22,TOYOTA YARIS,10,E01030480,0,1
2024131472673,2024,131472673,3,9,0,-1,2,0,0,-1,9,0,0,0,0,0,1,1,-1,6,-1,-1,-1,1329,1,7,TOYOTA YARIS,-1,-1,0,-1
2024231456716,2024,231456716,1,9,0,-1,19,6,1,-1,0,0,0,0,0,0,1,9,-1,9,2,36,7,1329,1,9,TOYOTA YARIS,7,E01031308,0,1
2024351538986,2024,351538986,2,9,0,-1,19,2,7,-1,0,0,0,0,0,0,1,1,-1,9,2,31,6,1490,8,1,TOYOTA YARIS,6,E01018052,0,2
2024061511833,2024,061511833,4,9,0,-1,2,0,0,-1,0,0,0,0,0,0,4,1,-1,6,1,74,10,1490,8,2,TOYOTA YARIS,5,E01006006,0,1
2024332400021,2024,332400021,1,9,0,-1,2,0,0,-1,0,0,0,0,0,0,2,1,-1,6,2,53,8,1490,8,1,TOYOTA YARIS,4,E01025766,0,1
2024031427348,2024,031427348,2,9,0,-1,19,7,2,-1,0,0,0,0,0,0,1,1,-1,6,2,30,6,1364,2,16,TOYOTA YARIS,1,E01019112,0,1
2024141408606,2024,141408606,1,9,0,-1,19,6,2,-1,0,3,0,0,0,0,4,1,-1,6,1,29,6,1364,2,12,TOYOTA YARIS,7,E01034251,0,3
2024131403337,2024,131403337,2,9,0,-1,9,4,7,-1,0,5,0,0,0,0,1,1,-1,6,1,27,6,1497,8,6,TOYOTA YARIS,4,E01011876,0,1
2024061515335,2024,061515335,2,9,0,-1,9,8,4,-1,0,8,0,11,0,0,4,1,-1,9,2,78,11,1496,1,7,TOYOTA YARIS,2,E01005003,0,1
2024401429272,2024,401429272,3,9,0,-1,19,1,5,-1,0,0,1,0,0,0,1,1,-1,6,1,29,6,1296,1,17,TOYOTA YARIS,2,E01000065,0,4
2024461396982,2024,461396982,2,9,0,-1,19,3,7,-1,0,1,0,0,0,0,3,1,-1,2,2,54,8,1329,1,11,TOYOTA YARIS,6,E01020950,0,4
2024061437395,2024,061437395,4,9,0,-1,2,0,0,-1,0,1,0,0,0,0,3,1,-1,6,-1,-1,-1,998,1,16,TOYOTA YARIS,-1,-1,0,-1
2024201505796,2024,201505796,2,9,0,-1,10,1,5,-1,0,1,0,0,0,0,2,1,-1,7,2,36,7,1329,1,12,TOYOTA YARIS,3,E01008970,0,1
202460Q066866,2024,60Q066866,2,9,0,18,19,4,8,0,0,1,0,0,0,0,1,1,6,6,2,23,5,1329,1,12,TOYOTA YARIS,-1,-1,0,-1
2024010509325,2024,010509325,3,9,0,2,2,0,0,0,0,0,0,0,0,0,1,1,6,6,3,-1,-1,1496,1,6,TOYOTA YARIS,-1,-1,0,-1
2024010502951,2024,010502951,2,9,0,99,99,9,9,99,99,6,9,99,9,99,9,9,6,6,2,44,7,1490,8,2,TOYOTA YARIS,3,E01002217,0,3
2024302400379,2024,302400379,1,9,0,18,19,8,4,0,0,0,0,0,0,0,4,1,6,6,1,78,11,1490,8,3,TOYOTA YARIS,7,E01019677,0,1
2024161535050,2024,161535050,1,9,0,-1,1,1,1,-1,0,1,0,0,0,0,3,1,-1,9,1,83,11,1490,8,1,TOYOTA YARIS,3,E01034753,0,1
2024231433442,2024,231433442,1,9,0,-1,7,7,2,-1,0,6,0,0,0,0,3,1,-1,9,1,59,9,1329,1,13,TOYOTA YARIS,10,E01031292,0,1
2024430328041,2024,430328041,1,9,0,18,19,8,4,0,0,0,0,0,0,0,3,1,6,6,2,36,7,1364,2,12,TOYOTA YARIS,5,E01017923,0,2
2024131444825,2024,131444825,1,9,0,-1,19,1,1,-1,0,0,0,0,0,0,2,1,-1,1,1,61,9,1497,8,6,TOYOTA YARIS,2,E01011315,0,1
2024201398147,2024,201398147,4,9,0,-1,3,2,6,-1,0,1,0,0,0,0,0,1,-1,6,2,50,8,1490,8,1,TOYOTA YARIS,-1,-1,0,-1
2024991507768,2024,991507768,3,9,0,-1,3,1,5,-1,0,0,0,0,0,0,2,1,-1,9,1,53,8,1329,1,7,TOYOTA YARIS,4,-1,0,1
2024411518155,2024,411518155,1,9,0,-1,9,5,3,-1,0,8,0,0,0,0,1,1,-1,2,2,22,5,1329,1,15,TOYOTA YARIS,9,E01011272,0,5
2024320417902,2024,320417902,1,9,0,9,9,8,4,0,0,6,0,0,0,0,1,1,6,6,2,29,6,1497,8,10,TOYOTA YARIS,5,E01030272,0,5
2024031511638,2024,031511638,3,9,0,-1,2,0,0,-1,0,0,0,4,0,0,2,1,-1,6,-1,-1,-1,1497,8,6,TOYOTA YARIS,-1,-1,0,-1
2024421424933,2024,421424933,1,9,0,-1,19,7,3,-1,0,0,0,0,0,0,2,1,-1,6,2,45,7,1329,1,8,TOYOTA YARIS,4,E01021831,0,1
2024522500225,2024,522500225,1,9,0,18,19,3,7,0,0,0,0,0,0,0,1,1,6,6,2,78,11,1329,1,13,TOYOTA YARIS,3,E01014841,0,1
2024302400808,2024,302400808,1,9,0,17,19,8,6,0,0,2,0,0,0,0,1,1,6,6,1,80,11,1490,8,1,TOYOTA YARIS,7,E01028124,0,4
2024010514055,2024,010514055,1,9,0,18,19,5,1,0,0,1,0,4,7,4,1,1,6,6,1,16,4,1497,8,9,TOYOTA YARIS,4,E01002717,0,1