collision_index,collision_year,collision_ref_no,vehicle_reference,vehicle_type,towing_and_articulation,vehicle_manoeuvre_historic,vehicle_manoeuvre,vehicle_direction_from,vehicle_direction_to,vehicle_location_restricted_lane_historic,vehicle_location_restricted_lane,junction_location,skidding_and_overturning,hit_object_in_carriageway,vehicle_leaving_carriageway,hit_object_off_carriageway,first_point_of_impact,vehicle_left_hand_drive,journey_purpose_of_driver_historic,journey_purpose_of_driver,sex_of_driver,age_of_driver,age_band_of_driver,engine_capacity_cc,propulsion_code,age_of_vehicle,generic_make_model,driver_imd_decile,lsoa_of_driver,escooter_flag,driver_distance_banding
2024411442698,2024,411442698,3,9,-1,-1,-1,-1,-1,-1,-1,-1,-1,-1,-1,0,-1,9,-1,6,2,45,7,1296,1,18,TOYOTA YARIS,7,E01023856,0,1
2024451448603,2024,451448603,1,9,0,-1,4,7,3,-1,0,0,0,0,0,0,2,1,-1,9,2,39,7,1490,8,4,TOYOTA YARIS,9,E01031648,0,4
2024061524210,2024,061524210,1,9,0,-1,19,8,4,-1,0,0,0,0,0,0,1,1,-1,6,2,57,9,1497,8,8,TOYOTA YARIS,2,E01006010,0,1
2024471549714,2024,471549714,2,9,0,-1,19,3,7,-1,0,0,0,0,1,10,1,1,-1,9,2,35,6,1363,2,19,TOYOTA YARIS,4,E01021207,0,1
2024547872924,2024,547872924,2,9,0,17,19,7,3,0,0,0,0,0,0,0,1,1,6,6,2,23,5,1329,1,13,TOYOTA YARIS,10,E01000449,0,5
2024131503639,2024,131503639,1,9,0,-1,1,7,3,-1,0,8,0,0,0,0,2,1,-1,9,1,62,9,1329,1,11,TOYOTA YARIS,3,E01010810,0,1
2024430558616,2024,430558616,2,9,0,18,19,0,0,0,0,0,0,0,8,11,0,1,6,6,2,83,11,1490,8,0,TOYOTA YARIS,10,E01016684,0,1
202460Q011421,2024,60Q011421,1,9,0,7,7,2,4,0,0,6,0,0,0,0,1,1,6,6,2,51,8,1490,8,2,TOYOTA YARIS,-1,-1,0,-1
2024401503359,2024,401503359,1,9,0,-1,11,-1,-1,-1,0,4,0,0,0,0,1,9,-1,6,1,52,8,998,1,22,TOYOTA YARIS,7,E01033828,0,3
2024010493549,2024,010493549,5,9,0,2,2,0,0,0,0,2,0,0,0,0,0,1,6,6,3,-1,-1,1497,8,6,TOYOTA YARIS,-1,-1,0,-1
2024061435367,2024,061435367,1,9,0,-1,9,6,7,-1,0,0,0,0,0,0,0,1,-1,6,2,28,6,998,1,16,TOYOTA YARIS,3,E01005149,0,1
2024401528351,2024,401528351,2,9,0,-1,3,3,7,-1,0,1,0,0,0,0,2,1,-1,9,2,28,6,1296,1,17,TOYOTA YARIS,8,E01015695,0,1
2024061394963,2024,061394963,1,9,0,-1,5,6,2,-1,9,0,0,10,1,0,1,1,-1,9,2,73,10,1497,8,5,TOYOTA YARIS,8,E01004984,0,2
2024061521292,2024,061521292,2,9,0,-1,19,3,7,-1,0,6,0,0,0,0,2,1,-1,9,2,49,8,1329,1,10,TOYOTA YARIS,-1,-1,0,-1
2024991443857,2024,991443857,1,9,0,-1,19,8,4,-1,0,1,0,0,1,11,1,1,-1,9,1,78,11,1497,8,7,TOYOTA YARIS,5,-1,0,2
2024549132524,2024,549132524,2,9,0,5,5,3,7,0,0,4,0,0,0,0,1,1,6,6,2,60,9,1490,8,3,TOYOTA YARIS,8,E01015526,0,1
2024991567992,2024,991567992,2,9,0,-1,19,4,8,-1,0,8,0,0,0,0,3,2,-1,9,1,26,6,1364,2,17,TOYOTA YARIS,3,-1,0,3
2024010534633,2024,010534633,1,9,9,99,99,9,9,99,99,0,9,99,9,99,9,9,6,6,2,36,7,1329,1,15,TOYOTA YARIS,4,E01003788,0,1
202460Q001174,2024,60Q001174,1,9,0,16,19,6,1,0,0,0,5,0,0,0,1,1,6,6,2,77,11,1299,1,22,TOYOTA YARIS,-1,-1,0,-1
2024520401146,2024,520401146,2,9,0,18,19,7,3,0,0,0,0,0,0,0,1,1,6,6,2,77,11,1496,1,6,TOYOTA YARIS,2,E01029311,0,1
2024131493147,2024,131493147,1,9,0,-1,19,3,3,-1,0,8,0,0,1,0,3,1,-1,9,1,33,6,1329,1,13,TOYOTA YARIS,1,E01011695,0,2
2024231438725,2024,231438725,1,9,0,-1,9,4,8,-1,0,5,0,0,0,0,4,1,-1,9,1,88,11,1497,8,7,TOYOTA YARIS,7,E01031011,0,2
2024231468907,2024,231468907,1,9,0,-1,19,7,3,-1,0,0,0,0,0,0,1,9,-1,9,2,46,8,1497,8,8,TOYOTA YARIS,8,-1,0,5
2024010550131,2024,010550131,2,9,0,99,99,9,9,99,99,9,9,99,9,99,9,9,1,1,2,42,7,1490,8,2,TOYOTA YARIS,3,E01033744,0,3
2024501454558,2024,501454558,2,9,0,-1,9,1,6,-1,0,6,0,0,0,0,3,1,-1,9,2,44,7,1490,8,3,TOYOTA YARIS,3,E01015206,0,1
2024010496553,2024,010496553,1,9,0,12,12,3,7,0,0,0,0,0,0,0,2,1,6,6,2,32,6,1490,8,0,TOYOTA YARIS,7,E01002181,0,3
2024371458483,2024,371458483,2,9,0,-1,2,0,0,-1,0,1,0,0,0,0,3,1,-1,6,1,31,6,1497,8,7,TOYOTA YARIS,6,E01030091,0,1
2024552401092,2024,552401092,1,9,0,18,19,4,8,0,0,0,0,0,0,0,1,1,6,6,1,18,4,998,1,16,TOYOTA YARIS,7,E01015387,0,1
2024201514994,2024,201514994,2,9,0,-1,3,1,5,-1,0,0,0,4,0,0,4,1,-1,6,1,44,7,1296,1,17,TOYOTA YARIS,1,E01008910,0,1
2024411471090,2024,411471090,1,9,0,-1,2,7,4,-1,0,1,0,0,0,0,1,1,-1,6,2,41,7,1490,8,1,TOYOTA YARIS,9,E01035592,0,2
2024231505548,2024,231505548,1,9,0,-1,1,6,2,-1,9,6,0,0,0,0,2,9,-1,6,1,89,11,1496,1,5,TOYOTA YARIS,9,E01031104,0,1
2024010500201,2024,010500201,1,9,0,9,9,1,6,0,0,2,0,0,0,0,1,1,6,6,2,41,7,1497,8,6,TOYOTA YARIS,2,E01003245,0,1
2024010509817,2024,010509817,1,9,9,4,4,5,1,0,0,9,0,0,0,0,1,9,6,6,1,24,5,1296,1,17,TOYOTA YARIS,9,E01003006,0,1
2024131495958,2024,131495958,1,9,0,-1,9,1,7,-1,0,6,0,0,0,0,1,1,-1,6,2,22,5,1296,1,16,TOYOTA YARIS,8,E01011595,0,2
2024010497638,2024,010497638,2,9,0,2,2,0,0,0,0,0,0,0,0,0,4,1,6,6,3,-1,-1,1490,8,1,TOYOTA YARIS,-1,-1,0,-1
2024430446002,2024,430446002,2,9,0,18,19,8,2,0,0,0,0,0,0,0,1,1,1,1,1,52,8,1490,8,2,TOYOTA YARIS,8,E01017713,0,2
2024141451715,2024,141451715,1,9,0,-1,5,1,6,-1,0,2,0,0,0,0,3,1,-1,9,1,89,11,1363,2,21,TOYOTA YARIS,1,E01007416,0,1
2024440232246,2024,440232246,2,9,0,1,1,3,7,0,0,1,0,0,0,0,2,1,6,6,3,-1,-1,1490,8,2,TOYOTA YARIS,-1,-1,0,-1
2024221406217,2024,221406217,1,9,0,-1,9,1,6,-1,0,6,0,0,0,0,1,1,-1,6,2,38,7,1364,2,16,TOYOTA YARIS,4,E01032201,0,1
2024471496905,2024,471496905,1,9,0,-1,19,1,5,-1,0,8,0,0,0,0,1,1,-1,2,1,61,9,998,1,16,TOYOTA YARIS,1,E01016864,0,1
2024131515859,2024,131515859,1,9,0,-1,19,1,5,-1,0,0,0,0,0,0,1,1,-1,1,1,25,5,1363,2,20,TOYOTA YARIS,8,E01011207,0,1
2024131554725,2024,131554725,1,9,0,-1,19,4,8,-1,0,8,0,0,0,0,4,1,-1,2,1,37,7,1329,1,14,TOYOTA YARIS,-1,-1,0,-1
2024201494362,2024,201494362,1,9,0,-1,19,8,4,-1,0,1,0,0,0,0,1,1,-1,6,1,29,6,1329,1,12,TOYOTA YARIS,1,E01009270,0,2
2024061461721,2024,061461721,2,9,0,-1,19,3,3,-1,0,8,0,0,0,0,1,1,-1,6,1,42,7,998,1,21,TOYOTA YARIS,-1,-1,0,-1
2024340WN5542,2024,340WN5542,2,9,0,-1,19,3,7,-1,0,0,0,0,0,0,1,1,-1,6,2,34,6,1490,8,1,TOYOTA YARIS,5,E01027302,0,3
2024440510526,2024,440510526,1,9,0,9,9,1,6,0,0,8,0,0,0,0,4,1,1,1,1,48,8,1296,1,17,TOYOTA YARIS,6,E01023118,0,1
2024061500292,2024,061500292,2,9,0,-1,13,1,3,-1,0,5,0,0,0,0,4,1,-1,6,1,-1,-1,998,1,17,TOYOTA YARIS,-1,-1,0,-1
2024311412920,2024,311412920,1,9,0,-1,9,7,3,-1,0,1,0,0,0,0,1,1,-1,9,2,86,11,998,1,18,TOYOTA YARIS,8,E01007664,0,2
2024501474893,2024,501474893,2,9,0,-1,19,4,8,-1,0,1,1,0,0,0,1,1,-1,9,2,18,4,998,1,22,TOYOTA YARIS,4,E01018815,0,1
2024631518688,2024,631518688,1,9,0,-1,19,6,2,-1,0,0,2,0,8,1,1,1,-1,1,1,37,7,1618,1,2,TOYOTA YARIS,5,W01000754,0,4
2024351518687,2024,351518687,1,9,0,-1,-1,-1,-1,-1,-1,-1,-1,-1,-1,0,2,9,-1,9,2,-1,-1,1497,8,6,TOYOTA YARIS,8,E01033429,0,4
2024141405659,2024,141405659,1,9,0,-1,9,6,4,-1,0,5,0,0,1,0,1,1,-1,9,2,66,10,1363,2,20,TOYOTA YARIS,3,E01007976,0,1
2024052402128,2024,052402128,2,9,0,10,10,3,1,0,0,1,0,0,0,0,1,2,6,6,1,84,11,1329,1,7,TOYOTA YARIS,5,E01007211,0,1
2024371488328,2024,371488328,2,9,-1,-1,4,-1,-1,-1,0,0,0,0,0,0,1,9,-1,9,2,52,8,1497,8,5,TOYOTA YARIS,6,E01030057,0,3
2024451517505,2024,451517505,1,9,0,-1,14,5,1,-1,0,7,0,0,0,0,3,1,-1,9,2,74,10,1497,8,6,TOYOTA YARIS,7,E01030628,0,1
2024201471748,2024,201471748,1,9,0,-1,9,2,8,-1,0,3,0,0,0,0,1,1,-1,6,2,29,6,1296,1,17,TOYOTA YARIS,1,E01008938,0,1
2024010506144,2024,010506144,1,9,0,9,9,1,7,0,0,8,0,0,0,0,3,1,6,6,1,27,6,1296,1,18,TOYOTA YARIS,3,E01003983,0,1
2024320558248,2024,320558248,2,9,0,-1,-1,6,8,0,0,0,0,0,0,0,1,1,-1,-1,2,23,5,1329,1,11,TOYOTA YARIS,-1,-1,0,-1
2024010546067,2024,010546067,2,9,0,2,2,0,0,0,0,0,0,0,1,1,2,1,6,6,3,-1,-1,1329,1,15,TOYOTA YARIS,-1,-1,0,-1
2024131527125,2024,131527125,1,9,0,-1,9,3,1,-1,0,6,0,0,0,0,4,1,-1,9,1,85,11,1329,1,10,TOYOTA YARIS,4,E01011634,0,1
2024471431278,2024,471431278,2,9,0,-1,19,5,1,-1,0,1,0,0,0,0,1,1,-1,9,1,86,11,1296,1,16,TOYOTA YARIS,7,E01021009,0,1
2024351469604,2024,351469604,1,9,0,-1,5,1,5,-1,0,6,0,0,1,0,4,1,-1,1,1,39,7,1329,1,14,TOYOTA YARIS,2,E01015595,0,4
2024340WN2602,2024,340WN2602,1,9,0,-1,7,4,7,-1,0,3,0,0,1,11,1,1,-1,9,2,80,11,1497,8,6,TOYOTA YARIS,6,E01033952,0,3
2024401449373,2024,401449373,1,9,0,-1,3,4,1,-1,0,1,0,0,0,0,1,1,-1,2,1,48,8,1798,1,15,TOYOTA YARIS,6,E01017508,0,1
2024041449878,2024,041449878,1,9,0,-1,19,7,3,-1,0,0,5,0,0,0,4,1,-1,9,2,83,11,1299,1,21,TOYOTA YARIS,1,E01025389,0,1
2024131524010,2024,131524010,1,9,0,-1,5,1,3,-1,0,8,0,0,0,0,1,1,-1,9,2,32,6,998,1,19,TOYOTA YARIS,1,E01011428,0,1
2024010530394,2024,010530394,1,9,0,4,4,5,1,0,0,8,0,0,0,0,1,1,6,6,1,40,7,998,1,21,TOYOTA YARIS,5,E01000219,0,3
2024361445668,2024,361445668,2,9,0,-1,19,1,3,-1,0,1,0,0,0,0,1,1,-1,6,2,49,8,1490,8,3,TOYOTA YARIS,9,E01026942,0,2
2024451410879,2024,451410879,1,9,0,-1,19,5,1,-1,0,8,0,0,0,0,1,1,-1,9,2,60,9,1497,8,8,TOYOTA YARIS,10,E01003358,0,3
2024201458741,2024,201458741,1,9,-1,-1,-1,-1,-1,-1,-1,-1,-1,-1,-1,0,-1,9,-1,6,1,22,5,1296,1,17,TOYOTA YARIS,1,E01009195,0,1
2024131412724,2024,131412724,1,9,0,-1,-1,-1,-1,-1,-1,8,-1,-1,-1,0,-1,1,-1,6,3,-1,-1,1364,2,16,TOYOTA YARIS,-1,-1,0,-1
2024451418512,2024,451418512,1,9,0,-1,19,1,5,-1,0,0,0,0,0,0,4,1,-1,6,1,37,7,1329,1,15,TOYOTA YARIS,5,W01000846,0,5
2024201453601,2024,201453601,1,9,0,-1,19,6,2,-1,0,2,0,0,0,0,1,1,-1,2,2,28,6,1329,1,9,TOYOTA YARIS,10,E01029485,0,4
2024552400081,2024,552400081,1,9,0,18,19,8,4,0,0,0,0,0,1,11,4,1,6,6,1,22,5,1296,1,17,TOYOTA YARIS,8,E01029206,0,1
2024501429527,2024,501429527,1,9,0,-1,19,7,3,-1,0,8,1,0,0,0,1,9,-1,1,1,36,7,1296,1,16,TOYOTA YARIS,6,E01020020,0,1
202417H103124,2024,17H103124,1,9,0,-1,9,2,8,-1,0,8,0,0,0,0,4,1,-1,9,1,38,7,1296,1,16,TOYOTA YARIS,1,E01035200,0,3
202460Q121682,2024,60Q121682,1,9,0,18,19,3,7,0,0,0,0,10,7,11,1,1,6,6,2,64,9,998,1,19,TOYOTA YARIS,-1,-1,0,-1
2024201416224,2024,201416224,1,9,0,-1,6,8,8,-1,0,0,0,7,7,0,1,9,-1,6,2,38,7,1299,1,23,TOYOTA YARIS,-1,-1,0,-1
2024302400283,2024,302400283,1,9,0,16,19,5,8,0,0,0,1,0,1,11,1,1,2,2,1,18,4,1497,8,5,TOYOTA YARIS,10,E01029455,0,4
2024131405343,2024,131405343,1,9,0,-1,-1,-1,-1,-1,-1,1,-1,-1,-1,0,4,1,-1,9,1,32,6,1497,8,9,TOYOTA YARIS,3,E01010670,0,1
2024010505849,2024,010505849,2,9,0,9,9,2,1,0,0,6,0,0,0,0,4,1,6,6,2,18,4,1329,1,11,TOYOTA YARIS,10,E01001019,0,1
2024201405305,2024,201405305,2,9,0,-1,19,4,8,-1,0,0,0,0,0,0,1,9,-1,9,2,88,11,1329,1,12,TOYOTA YARIS,9,E01009665,0,1
2024010541967,2024,010541967,2,9,0,99,99,9,9,99,99,9,9,99,9,99,2,9,6,6,3,-1,-1,1329,1,13,TOYOTA YARIS,3,E01003564,0,3
2024531424736,2024,531424736,1,9,0,-1,19,3,7,-1,0,1,5,10,0,0,1,1,-1,9,1,80,11,1490,8,1,TOYOTA YARIS,6,E01015478,0,4
2024361508714,2024,361508714,1,9,0,-1,9,1,7,-1,0,0,0,0,0,0,4,1,-1,6,2,-1,-1,1329,1,10,TOYOTA YARIS,6,E01026255,0,3
2024201437330,2024,201437330,1,9,0,-1,9,8,4,-1,0,6,0,0,0,0,3,1,-1,6,2,55,8,1296,1,16,TOYOTA YARIS,2,E01009891,0,1
2024531410191,2024,531410191,1,9,0,-1,19,1,5,-1,0,0,1,0,0,0,1,1,-1,9,2,18,4,1296,1,18,TOYOTA YARIS,3,E01029325,0,5
2024211433792,2024,211433792,1,9,0,-1,10,5,1,-1,0,0,0,0,0,0,2,1,-1,6,1,74,10,1490,8,2,TOYOTA YARIS,6,E01014363,0,1
2024011563966,2024,011563966,1,8,0,-1,19,5,1,-1,0,1,0,0,0,0,1,1,-1,9,1,30,6,1329,1,8,TOYOTA YARIS,-1,-1,0,-1
2024010497994,2024,010497994,1,9,0,9,9,1,8,0,0,0,0,0,0,0,1,1,6,6,1,34,6,1299,1,21,TOYOTA YARIS,10,E01002459,0,1
2024010514990,2024,010514990,1,9,0,9,9,2,8,9,9,8,0,0,2,10,4,1,2,2,1,40,7,1299,1,21,TOYOTA YARIS,5,E01002426,0,3
2024421401891,2024,421401891,2,9,0,-1,3,3,7,-1,0,0,0,0,0,0,2,1,-1,6,2,29,6,1497,8,12,TOYOTA YARIS,9,E01015995,0,2
2024010511254,2024,010511254,1,9,0,16,19,3,7,9,9,1,0,0,7,11,1,1,6,6,1,84,11,1497,8,10,TOYOTA YARIS,8,E01001399,0,1
2024201444722,2024,201444722,2,9,0,-1,19,2,4,-1,0,8,0,0,0,0,3,1,-1,9,1,-1,-1,1497,8,7,TOYOTA YARIS,2,E01034955,0,1
2024302400476,2024,302400476,1,9,0,18,19,1,5,0,0,0,0,0,0,0,1,1,6,6,2,57,9,1329,1,8,TOYOTA YARIS,2,E01013588,0,1
2024430268741,2024,430268741,1,9,0,3,3,2,6,0,0,0,0,0,0,0,2,1,6,6,2,47,8,1329,1,10,TOYOTA YARIS,4,E01034604,0,3
2024131456243,2024,131456243,1,9,0,-1,19,1,5,-1,0,0,0,0,0,0,1,1,-1,6,1,36,7,1296,1,18,TOYOTA YARIS,3,E01010834,0,1
2024010540711,2024,010540711,1,9,0,99,99,9,9,99,99,9,9,99,9,99,1,9,1,1,2,48,8,1296,1,18,TOYOTA YARIS,4,E01000719,0,2
2024471509168,2024,471509168,2,9,0,-1,19,8,4,-1,0,8,0,0,0,0,1,1,-1,9,1,48,8,1296,1,16,TOYOTA YARIS,5,E01031577,0,1
2024010548032,2024,010548032,2,9,0,99,99,9,9,99,99,9,9,99,9,99,1,9,6,6,1,49,8,1490,8,2,TOYOTA YARIS,5,E01004345,0,1
202417H102624,2024,17H102624,1,9,0,-1,5,6,2,-1,0,0,0,0,0,0,0,1,-1,9,1,65,9,1497,8,8,TOYOTA YARIS,7,E01011969,0,1
2024041428945,2024,041428945,1,9,0,-1,19,7,3,-1,0,1,0,0,3,7,1,1,-1,9,1,34,6,1364,2,18,TOYOTA YARIS,1,E01025156,0,1
2024010546057,2024,010546057,2,9,0,99,99,9,9,99,99,9,9,99,9,99,2,9,2,2,1,36,7,1490,8,3,TOYOTA YARIS,2,E01003516,0,2
2024011467581,2024,011467581,1,9,0,-1,-1,1,3,-1,-1,0,0,0,0,0,0,9,-1,-1,2,22,5,998,1,18,TOYOTA YARIS,9,E01030566,0,1
2024421516181,2024,421516181,1,9,0,-1,19,2,7,-1,0,0,5,0,1,0,4,1,-1,9,1,17,4,1299,1,20,TOYOTA YARIS,10,E01021246,0,1
2024201419798,2024,201419798,1,9,0,-1,19,1,1,-1,0,1,0,0,0,0,1,9,-1,6,2,40,7,1490,8,1,TOYOTA YARIS,1,E01009401,0,1
2024131502267,2024,131502267,1,9,0,-1,7,5,1,-1,0,0,0,0,0,0,1,1,-1,9,1,52,8,1329,1,13,TOYOTA YARIS,2,E01010776,0,1
2024501453305,2024,501453305,1,9,0,-1,19,1,5,-1,0,0,0,0,0,0,1,9,-1,6,3,-1,-1,998,1,17,TOYOTA YARIS,-1,-1,0,-1
2024010501259,2024,010501259,1,9,0,10,10,3,1,0,0,1,0,0,0,0,3,1,6,6,1,18,4,998,1,15,TOYOTA YARIS,8,E01030706,0,2
2024401427221,2024,401427221,2,9,0,-1,19,1,5,-1,0,3,1,0,7,0,4,1,-1,9,2,28,6,1497,8,7,TOYOTA YARIS,9,E01017460,0,2
2024010515845,2024,010515845,1,9,0,17,19,7,3,0,0,1,0,0,0,0,3,1,6,6,2,40,7,1497,8,9,TOYOTA YARIS,2,E01032787,0,1
2024991434552,2024,991434552,3,9,0,-1,2,7,3,-1,0,0,0,0,0,0,4,1,-1,6,-1,-1,-1,998,1,21,TOYOTA YARIS,-1,-1,0,-1
2024010530562,2024,010530562,2,9,0,3,3,5,1,0,0,1,0,0,0,0,1,1,6,6,2,44,7,1497,8,4,TOYOTA YARIS,9,E01004161,0,1
2024311495547,2024,311495547,3,9,0,-1,2,0,0,-1,0,0,0,0,0,0,1,1,-1,6,-1,-1,-1,1296,1,17,TOYOTA YARIS,-1,-1,0,-1
2024141462634,2024,141462634,1,9,0,-1,19,4,2,-1,0,0,0,0,0,0,1,1,-1,6,1,30,6,1496,1,7,TOYOTA YARIS,4,E01007647,0,2
2024010518119,2024,010518119,1,9,0,99,99,9,9,99,99,9,9,99,9,99,3,9,1,1,1,41,7,1497,8,8,TOYOTA YARIS,3,E01003498,0,1
2024010551366,2024,010551366,2,9,0,18,19,9,9,99,99,0,9,99,9,99,2,9,1,1,2,44,7,1490,8,1,TOYOTA YARIS,3,E01033092,0,4
2024371485259,2024,371485259,1,9,0,-1,9,3,7,-1,0,1,0,0,0,0,3,1,-1,6,1,82,11,1490,8,2,TOYOTA YARIS,7,E01014081,0,5
2024010542474,2024,010542474,2,9,0,99,99,9,9,99,99,9,9,99,9,99,9,9,6,6,1,65,9,1329,1,12,TOYOTA YARIS,7,E01000298,0,1
2024041411356,2024,041411356,1,9,0,-1,19,2,6,-1,0,1,0,0,6,0,2,1,-1,9,2,29,6,1364,2,18,TOYOTA YARIS,2,E01006945,0,3
2024311452122,2024,311452122,1,9,0,-1,19,5,1,-1,0,0,0,0,0,0,1,1,-1,6,1,55,8,1296,1,16,TOYOTA YARIS,-1,-1,0,-1
2024141495240,2024,141495240,1,9,0,-1,19,7,3,-1,0,0,0,0,0,0,4,1,-1,9,1,28,6,1490,8,1,TOYOTA YARIS,9,E01008159,0,4
2024991506058,2024,991506058,1,9,0,-1,19,6,2,-1,0,0,0,0,6,0,1,1,-1,6,1,25,5,1496,1,5,TOYOTA YARIS,-1,-1,0,-1
2024361484521,2024,361484521,3,9,0,-1,2,0,0,-1,0,0,0,0,0,0,2,1,-1,9,1,65,9,1299,1,20,TOYOTA YARIS,3,E01026639,0,1
2024221400111,2024,221400111,1,9,0,-1,9,8,6,-1,0,0,0,0,0,0,1,1,-1,9,1,90,11,1329,1,14,TOYOTA YARIS,5,E01014025,0,1
2024401449336,2024,401449336,3,9,0,-1,19,1,5,-1,0,1,0,0,0,0,3,1,-1,6,2,52,8,1490,8,2,TOYOTA YARIS,7,E01033818,0,2
2024131483869,2024,131483869,1,9,0,-1,4,7,3,-1,0,0,0,0,0,0,1,1,-1,9,1,80,11,1490,8,3,TOYOTA YARIS,7,E01010879,0,3
2024622500013,2024,622500013,2,9,0,5,5,8,4,0,0,4,0,0,0,0,3,1,2,2,2,46,8,998,1,21,TOYOTA YARIS,10,W01001733,0,1
2024041533121,2024,041533121,1,9,0,-1,19,3,7,-1,9,2,1,0,1,0,1,9,-1,9,1,21,5,1490,8,1,TOYOTA YARIS,1,E01012625,0,1
2024461431409,2024,461431409,1,9,0,-1,19,6,6,-1,0,1,5,0,0,0,1,1,-1,2,1,17,4,1329,1,14,TOYOTA YARIS,5,E01033087,0,1
202460Q156471,2024,60Q156471,1,9,0,17,19,3,7,0,0,1,1,0,1,9,1,1,6,6,1,18,4,1329,1,12,TOYOTA YARIS,-1,-1,0,-1
2024010525849,2024,010525849,1,9,0,9,9,1,6,0,0,2,0,0,0,0,3,1,1,1,1,57,9,1490,8,3,TOYOTA YARIS,-1,-1,0,-1
2024991412132,2024,991412132,1,9,0,-1,19,2,6,-1,0,0,0,0,0,0,1,1,-1,9,2,19,4,1329,1,12,TOYOTA YARIS,-1,-1,0,-1
2024201419627,2024,201419627,1,9,0,-1,1,4,8,-1,9,6,0,0,0,0,2,1,-1,6,1,38,7,1490,8,4,TOYOTA YARIS,5,E01010223,0,1
2024361445365,2024,361445365,1,9,0,-1,19,3,7,-1,0,0,0,0,0,0,1,1,-1,1,2,21,5,1497,8,10,TOYOTA YARIS,2,E01026796,0,1
2024411538209,2024,411538209,1,9,0,-1,19,1,5,-1,0,0,0,0,0,0,1,1,-1,6,1,41,7,1299,1,22,TOYOTA YARIS,3,E01001192,0,4
2024351508489,2024,351508489,1,9,0,-1,7,1,5,-1,0,0,0,0,1,10,1,1,-1,9,2,25,5,1490,8,0,TOYOTA YARIS,3,E01020871,0,5
2024141478621,2024,141478621,2,9,0,-1,2,0,0,-1,0,0,0,4,0,0,2,1,-1,6,-1,-1,-1,1497,8,6,TOYOTA YARIS,-1,-1,0,-1
2024201523995,2024,201523995,3,9,0,-1,3,6,2,-1,0,1,0,0,0,0,2,1,-1,9,1,30,6,1490,8,2,TOYOTA YARIS,8,E01009459,0,2
2024211523928,2024,211523928,3,9,0,-1,2,2,3,-1,0,2,0,4,0,0,1,1,-1,6,2,60,9,1496,1,6,TOYOTA YARIS,-1,-1,0,-1
2024201433407,2024,201433407,2,9,0,-1,19,8,4,-1,0,8,0,0,0,0,4,1,-1,7,2,43,7,1364,2,12,TOYOTA YARIS,4,E01009288,0,1
2024471503709,2024,471503709,1,9,0,-1,19,4,8,-1,0,0,0,0,0,0,1,1,-1,2,1,26,6,1329,1,9,TOYOTA YARIS,10,E01021023,0,2
2024131420710,2024,131420710,1,9,0,-1,5,3,1,-1,0,2,0,0,0,0,3,1,-1,6,2,45,7,1299,1,20,TOYOTA YARIS,2,E01011594,0,1
2024421486649,2024,421486649,1,9,0,-1,19,7,3,-1,0,4,0,0,0,0,4,1,-1,1,1,37,7,1364,2,11,TOYOTA YARIS,-1,-1,0,-1
2024061437395,2024,061437395,3,9,0,-1,2,0,0,-1,0,1,0,0,0,0,4,1,-1,6,-1,-1,-1,1296,1,17,TOYOTA YARIS,-1,-1,0,-1
2024631516890,2024,631516890,1,9,0,-1,19,8,2,-1,0,2,1,0,3,10,1,1,-1,1,1,55,8,1497,8,7,TOYOTA YARIS,2,W01000588,0,2
2024544781124,2024,544781124,1,9,0,2,2,0,0,9,9,0,0,0,0,0,4,1,6,6,3,-1,-1,1299,1,23,TOYOTA YARIS,-1,-1,0,-1
2024430470080,2024,430470080,1,9,0,9,9,5,3,0,0,6,0,0,0,0,1,1,2,2,1,27,6,1299,1,22,TOYOTA YARIS,6,E01016467,0,1
2024421504553,2024,421504553,1,9,0,-1,19,2,6,-1,0,1,0,0,0,0,1,1,-1,9,2,84,11,1296,1,16,TOYOTA YARIS,3,E01033051,0,1
2024061398437,2024,061398437,2,9,0,-1,19,3,7,-1,0,0,0,0,0,0,1,1,-1,6,2,23,5,1329,1,13,TOYOTA YARIS,6,E01031049,0,5
2024201490108,2024,201490108,2,9,0,-1,19,7,5,-1,0,8,0,0,0,0,4,1,-1,9,1,39,7,1329,1,11,TOYOTA YARIS,1,E01009363,0,1
2024010513478,2024,010513478,1,9,0,99,99,9,9,99,99,9,9,99,9,99,2,9,2,2,2,59,9,1490,8,2,TOYOTA YARIS,10,E01030581,0,4
2024131431742,2024,131431742,1,9,0,-1,19,1,5,-1,0,0,0,4,0,0,4,1,-1,9,1,79,11,1329,1,10,TOYOTA YARIS,8,E01011047,0,1
2024141409274,2024,141409274,1,9,0,-1,9,6,4,-1,0,1,0,0,0,0,1,1,-1,6,1,19,4,1364,2,16,TOYOTA YARIS,1,E01034842,0,1
2024010505279,2024,010505279,1,9,0,99,99,9,9,99,99,9,9,99,9,99,2,9,6,6,2,43,7,1497,8,8,TOYOTA YARIS,6,E01000069,0,1
2024201443548,2024,201443548,1,9,0,-1,19,8,4,-1,0,0,0,4,0,0,1,9,-1,6,1,20,4,1329,1,14,TOYOTA YARIS,2,E01034954,0,1
2024011396555,2024,011396555,3,9,0,-1,-1,5,5,-1,-1,0,0,0,0,0,2,1,-1,-1,2,21,5,1490,8,2,TOYOTA YARIS,-1,-1,0,-1
2024061470416,2024,061470416,2,9,0,-1,19,3,5,-1,0,0,0,0,0,0,1,1,-1,6,1,40,7,1299,1,22,TOYOTA YARIS,1,E01006241,0,1