collision_index,collision_year,collision_ref_no,vehicle_reference,vehicle_type,towing_and_articulation,vehicle_manoeuvre_historic,vehicle_manoeuvre,vehicle_direction_from,vehicle_direction_to,vehicle_location_restricted_lane_historic,vehicle_location_restricted_lane,junction_location,skidding_and_overturning,hit_object_in_carriageway,vehicle_leaving_carriageway,hit_object_off_carriageway,first_point_of_impact,vehicle_left_hand_drive,journey_purpose_of_driver_historic,journey_purpose_of_driver,sex_of_driver,age_of_driver,age_band_of_driver,engine_capacity_cc,propulsion_code,age_of_vehicle,generic_make_model,driver_imd_decile,lsoa_of_driver,escooter_flag,driver_distance_banding
2024311505470,2024,311505470,2,9,0,-1,19,5,1,-1,0,0,0,0,0,0,3,1,-1,6,2,41,7,1329,1,9,TOYOTA YARIS,-1,-1,0,-1
2024451416385,2024,451416385,1,9,0,-1,19,1,5,-1,0,0,1,0,1,9,1,1,-1,2,1,50,8,1299,1,20,TOYOTA YARIS,4,E01030981,0,2
2024471493223,2024,471493223,1,9,0,-1,19,3,7,-1,0,0,5,4,0,0,4,1,-1,9,1,77,11,1490,8,2,TOYOTA YARIS,10,E01031725,0,1
2024430626726,2024,430626726,1,9,0,18,19,5,1,0,0,0,0,0,1,10,1,1,6,6,1,19,4,1299,1,21,TOYOTA YARIS,6,E01028631,0,4
2024421518039,2024,421518039,1,9,0,-1,9,3,7,-1,0,0,0,0,0,0,1,1,-1,9,1,61,9,1329,1,14,TOYOTA YARIS,6,E01021715,0,1
2024131438423,2024,131438423,2,9,0,-1,19,6,2,-1,0,0,0,0,1,0,3,1,-1,9,2,43,7,1364,2,17,TOYOTA YARIS,1,E01011144,0,1
2024461494296,2024,461494296,1,9,0,-1,19,4,8,-1,0,0,0,0,0,0,1,1,-1,9,2,78,11,1496,1,5,TOYOTA YARIS,10,E01024321,0,2
2024461416637,2024,461416637,2,9,0,-1,3,3,7,-1,0,1,0,0,0,0,2,9,-1,6,2,42,7,1329,1,15,TOYOTA YARIS,4,E01024841,0,1
2024061443711,2024,061443711,1,9,0,-1,5,-1,-1,-1,0,0,0,0,0,0,2,1,-1,9,2,42,7,1490,8,1,TOYOTA YARIS,3,E01006104,0,3
2024451454304,2024,451454304,2,9,0,-1,19,3,7,-1,0,4,0,0,0,0,1,1,-1,6,2,-1,-1,1329,1,9,TOYOTA YARIS,-1,-1,0,-1
2024311544020,2024,311544020,2,9,0,-1,19,3,8,-1,0,4,0,0,0,0,1,1,-1,9,1,23,5,1296,1,18,TOYOTA YARIS,-1,-1,0,-1
2024061409108,2024,061409108,1,9,-1,-1,9,4,8,-1,0,1,0,0,0,0,1,9,-1,6,2,-1,-1,1296,1,18,TOYOTA YARIS,1,E01004818,0,1
2024430465376,2024,430465376,1,9,0,9,9,4,2,0,0,5,0,0,0,0,2,1,2,2,2,47,8,1329,1,13,TOYOTA YARIS,6,E01028530,0,1
2024401405478,2024,401405478,1,9,-1,-1,-1,-1,-1,-1,-1,-1,-1,-1,-1,0,-1,9,-1,6,2,27,6,1329,1,11,TOYOTA YARIS,4,E01033834,0,1
2024320338732,2024,320338732,2,9,0,-1,-1,5,1,0,0,1,0,0,0,0,2,1,6,6,2,76,11,1490,8,1,TOYOTA YARIS,8,E01026007,0,2
2024010542275,2024,010542275,2,9,0,99,99,9,9,99,99,9,9,99,9,99,1,9,6,6,3,-1,-1,1497,8,6,TOYOTA YARIS,-1,-1,0,-1
2024421461128,2024,421461128,1,9,0,-1,19,5,1,-1,0,1,0,0,7,0,1,1,-1,9,1,33,6,1296,1,16,TOYOTA YARIS,3,E01021836,0,3
2024131491318,2024,131491318,1,9,0,-1,19,1,1,-1,0,8,5,0,0,0,1,1,-1,1,1,34,6,1490,8,0,TOYOTA YARIS,7,E01011021,0,2
2024101412679,2024,101412679,3,9,0,-1,2,0,0,-1,0,0,0,0,0,0,2,1,-1,6,-1,-1,-1,1497,8,10,TOYOTA YARIS,-1,-1,0,-1
2024401435588,2024,401435588,1,9,0,-1,9,7,1,-1,0,5,0,0,0,0,4,1,-1,6,2,19,4,1364,2,10,TOYOTA YARIS,7,E01033817,0,2
2024461526542,2024,461526542,2,9,0,-1,7,5,1,-1,0,1,0,0,0,0,2,9,-1,6,2,43,7,998,1,7,TOYOTA YARIS,3,E01033092,0,1
2024061504999,2024,061504999,1,9,0,-1,19,8,4,-1,0,2,0,0,0,0,4,9,-1,6,1,39,7,1364,2,15,TOYOTA YARIS,1,E01006005,0,1
2024461535353,2024,461535353,1,9,0,-1,9,3,1,-1,0,2,0,0,0,0,1,1,-1,6,1,38,7,1329,1,15,TOYOTA YARIS,4,E01024296,0,1
2024041406588,2024,041406588,2,9,0,-1,3,5,1,-1,0,0,0,0,0,0,2,1,-1,9,2,43,7,1329,1,14,TOYOTA YARIS,9,E01025023,0,1
2024471417087,2024,471417087,1,9,0,-1,19,3,8,-1,0,1,0,0,0,0,1,1,-1,7,2,20,4,1298,1,21,TOYOTA YARIS,7,E01016913,0,1
2024010537869,2024,010537869,1,9,0,18,19,4,8,0,0,1,0,0,0,0,1,1,6,6,2,57,9,1490,8,2,TOYOTA YARIS,10,E01000772,0,1
2024010524559,2024,010524559,2,9,0,2,2,0,0,0,0,2,0,0,0,0,3,1,6,6,3,-1,-1,1490,8,1,TOYOTA YARIS,-1,-1,0,-1
2024101503269,2024,101503269,3,9,0,-1,19,6,2,-1,0,1,0,0,0,0,0,1,-1,2,1,67,10,1497,8,6,TOYOTA YARIS,6,E01008177,0,1
2024141443425,2024,141443425,3,9,0,-1,19,6,7,-1,0,1,5,0,0,0,1,2,-1,9,1,25,5,1329,1,9,TOYOTA YARIS,2,E01007967,0,2
2024471485159,2024,471485159,1,9,0,-1,5,3,1,-1,0,2,0,0,0,0,3,1,-1,2,2,66,10,1364,2,16,TOYOTA YARIS,8,E01021171,0,1
2024131528191,2024,131528191,2,9,0,-1,6,6,1,-1,0,1,0,0,0,0,1,1,-1,6,1,19,4,1296,1,17,TOYOTA YARIS,1,E01011626,0,1
2024201491575,2024,201491575,1,9,0,-1,19,8,2,-1,0,0,0,10,1,0,1,1,-1,6,1,-1,-1,998,1,16,TOYOTA YARIS,-1,-1,0,-1
2024421419802,2024,421419802,1,9,0,-1,19,7,3,-1,0,0,0,0,0,0,1,1,-1,9,2,56,9,1296,1,17,TOYOTA YARIS,9,E01033721,0,3
2024371491310,2024,371491310,1,9,0,-1,-1,-1,-1,-1,-1,-1,-1,-1,-1,0,2,9,-1,6,2,32,6,1329,1,12,TOYOTA YARIS,3,E01030108,0,1
2024141555015,2024,141555015,2,9,0,-1,11,2,7,-1,0,0,0,0,0,0,1,1,-1,6,3,-1,-1,1490,8,2,TOYOTA YARIS,-1,-1,0,-1
2024991517007,2024,991517007,2,9,0,-1,19,5,2,-1,0,1,0,0,0,0,1,1,-1,6,2,53,8,998,1,15,TOYOTA YARIS,9,-1,0,1
2024010529343,2024,010529343,2,9,9,99,99,9,9,99,99,5,9,99,9,99,9,9,6,6,3,-1,-1,998,1,18,TOYOTA YARIS,-1,-1,0,-1
2024361495906,2024,361495906,1,9,0,-1,5,1,5,-1,0,0,0,0,0,0,3,1,-1,9,1,43,7,1490,8,1,TOYOTA YARIS,1,E01026830,0,1
2024361445246,2024,361445246,2,9,0,-1,19,8,3,-1,0,1,1,0,0,0,4,1,-1,7,1,18,4,1299,1,19,TOYOTA YARIS,5,E01026433,0,2
2024052500232,2024,052500232,1,9,0,9,9,8,7,0,0,8,0,0,1,2,1,1,2,2,2,50,8,1299,1,22,TOYOTA YARIS,1,E01034401,0,2
2024010534750,2024,010534750,1,9,0,12,12,3,7,0,0,8,0,0,0,0,2,1,6,6,1,30,6,998,1,18,TOYOTA YARIS,-1,-1,0,-1
2024371535814,2024,371535814,1,9,0,-1,19,1,5,-1,0,0,0,0,0,0,1,1,-1,9,2,66,10,1329,1,12,TOYOTA YARIS,5,E01024319,0,4
2024320283858,2024,320283858,2,9,0,9,9,6,4,0,0,6,0,0,0,0,3,1,1,1,1,37,7,1329,1,11,TOYOTA YARIS,9,E01028292,0,3
2024610039124,2024,610039124,1,9,0,5,5,1,5,0,0,1,0,0,0,0,4,1,6,6,1,27,6,998,1,19,TOYOTA YARIS,1,W01001364,0,1
2024161411252,2024,161411252,2,9,0,-1,19,7,3,-1,0,1,0,0,0,0,1,1,-1,6,1,40,7,1490,8,0,TOYOTA YARIS,3,E01013233,0,3
2024010535800,2024,010535800,1,9,0,18,19,7,3,9,9,1,0,0,0,0,1,1,6,6,1,27,6,1497,8,6,TOYOTA YARIS,5,E01000323,0,1
2024991436467,2024,991436467,1,9,0,-1,9,7,5,-1,0,6,0,0,0,0,1,1,-1,9,2,37,7,1497,8,6,TOYOTA YARIS,6,-1,0,4
2024201434675,2024,201434675,2,9,0,-1,5,8,4,-1,0,0,0,0,0,0,3,1,-1,6,2,47,8,1497,8,6,TOYOTA YARIS,4,E01010558,0,1
2024010492523,2024,010492523,1,9,0,18,19,1,5,0,0,1,0,0,0,0,2,1,6,6,3,-1,-1,1299,1,19,TOYOTA YARIS,-1,-1,0,-1
2024041454557,2024,041454557,2,9,0,-1,19,1,5,-1,0,1,0,0,0,0,2,9,-1,6,3,-1,-1,1329,1,12,TOYOTA YARIS,-1,-1,0,-1
2024201426185,2024,201426185,2,9,0,-1,2,0,0,-1,0,0,0,0,0,0,3,1,-1,6,-1,-1,-1,1329,1,11,TOYOTA YARIS,-1,-1,0,-1
202454A855924,2024,54A855924,1,9,0,18,19,7,3,0,0,0,5,0,0,0,1,1,2,2,1,44,7,1490,8,0,TOYOTA YARIS,7,E01031857,0,1
2024010522970,2024,010522970,1,9,0,99,99,9,9,99,99,0,9,99,9,99,2,9,6,6,2,59,9,1490,8,3,TOYOTA YARIS,8,E01000411,0,1
2024041475968,2024,041475968,1,9,0,-1,19,5,1,-1,0,8,0,0,0,0,3,1,-1,6,1,88,11,1490,8,3,TOYOTA YARIS,1,E01024900,0,1
2024501414428,2024,501414428,1,9,0,-1,8,2,3,-1,0,0,0,0,7,0,2,1,-1,9,2,65,9,1490,8,1,TOYOTA YARIS,4,E01018914,0,3
2024451515446,2024,451515446,4,9,0,-1,4,5,1,-1,0,0,0,0,0,0,2,1,-1,9,2,26,6,1329,1,11,TOYOTA YARIS,3,E01034142,0,3
2024522402253,2024,522402253,1,9,0,18,19,2,8,0,0,6,0,0,0,0,1,1,6,6,2,47,8,1490,8,3,TOYOTA YARIS,7,E01032668,0,1
2024131482524,2024,131482524,1,9,0,-1,19,5,1,-1,0,0,0,0,0,0,1,2,-1,9,1,19,4,998,1,22,TOYOTA YARIS,3,E01011085,0,1
2024161450548,2024,161450548,2,9,0,-1,9,7,3,-1,0,1,1,0,0,0,1,1,-1,1,2,19,4,998,1,18,TOYOTA YARIS,1,E01012879,0,1
2024221409283,2024,221409283,3,9,0,-1,2,0,0,-1,0,8,0,0,0,0,4,9,-1,6,2,58,9,1490,8,3,TOYOTA YARIS,5,E01014076,0,1
2024041471166,2024,041471166,1,9,0,-1,19,7,3,-1,9,0,0,0,0,0,1,1,-1,9,2,55,8,1496,1,4,TOYOTA YARIS,7,E01034339,0,2
2024440334770,2024,440334770,1,9,0,18,19,8,4,0,0,8,0,0,0,0,1,1,6,6,2,52,8,1329,1,13,TOYOTA YARIS,9,E01022991,0,1
2024010526930,2024,010526930,2,9,0,16,19,7,1,0,0,1,0,0,0,0,2,1,6,6,2,35,6,1490,8,2,TOYOTA YARIS,8,E01004168,0,1
2024211482231,2024,211482231,1,9,0,-1,10,7,5,-1,9,0,0,0,0,0,1,1,-1,6,1,37,7,1329,1,15,TOYOTA YARIS,1,E01034257,0,3
2024131469232,2024,131469232,1,9,0,-1,-1,-1,-1,-1,-1,-1,-1,-1,-1,0,-1,1,-1,6,3,-1,-1,998,1,21,TOYOTA YARIS,-1,-1,0,-1
2024471463582,2024,471463582,1,9,0,-1,19,2,6,-1,0,0,0,0,1,11,4,1,-1,9,1,19,4,990,1,11,TOYOTA YARIS,4,E01034369,0,4
2024991479641,2024,991479641,1,9,0,-1,19,7,3,-1,0,0,5,0,1,2,1,1,-1,6,2,67,10,1329,1,11,TOYOTA YARIS,10,-1,0,1
2024201408392,2024,201408392,2,9,0,-1,2,7,3,-1,0,0,0,0,0,0,3,9,-1,9,2,46,8,1490,8,1,TOYOTA YARIS,2,E01009782,0,1
2024211468164,2024,211468164,2,9,0,-1,19,5,1,-1,0,0,0,0,0,0,3,1,-1,6,2,46,8,1490,8,2,TOYOTA YARIS,3,E01014282,0,1
2024041470038,2024,041470038,2,9,0,-1,19,4,8,-1,0,0,0,0,0,0,1,1,-1,9,1,75,10,1496,1,6,TOYOTA YARIS,6,E01024860,0,1
2024471397203,2024,471397203,1,9,0,-1,19,7,3,-1,0,4,0,0,0,0,1,1,-1,6,2,-1,-1,1296,1,16,TOYOTA YARIS,7,E01021093,0,1
2024131479445,2024,131479445,1,9,0,-1,5,3,7,-1,0,0,0,0,0,0,1,1,-1,2,1,36,7,1296,1,18,TOYOTA YARIS,1,E01010616,0,1
2024041508950,2024,041508950,1,9,0,-1,19,3,7,-1,0,0,5,0,1,4,1,1,-1,2,2,22,5,1329,1,14,TOYOTA YARIS,2,E01012580,0,1
2024231431119,2024,231431119,1,9,0,-1,19,6,2,-1,0,6,5,0,3,4,3,9,-1,6,1,50,8,1497,8,7,TOYOTA YARIS,10,E01010194,0,2
2024141495204,2024,141495204,1,9,0,-1,9,2,8,-1,0,8,0,0,0,0,4,1,-1,9,2,26,6,1296,1,16,TOYOTA YARIS,8,E01007664,0,4
2024991513692,2024,991513692,2,9,0,-1,2,0,0,-1,0,0,0,0,0,0,3,1,-1,6,-1,-1,-1,1329,1,13,TOYOTA YARIS,-1,-1,0,-1
2024010517151,2024,010517151,3,9,0,2,2,0,0,6,6,6,0,0,0,0,2,1,6,6,3,-1,-1,1497,8,9,TOYOTA YARIS,-1,-1,0,-1
2024311472895,2024,311472895,2,9,0,-1,19,7,3,-1,0,0,0,0,0,0,3,1,-1,9,1,20,4,1490,8,2,TOYOTA YARIS,10,E01028222,0,1
2024122400777,2024,122400777,1,9,0,8,8,1,3,0,0,1,0,0,0,0,1,1,6,6,1,27,6,1329,1,12,TOYOTA YARIS,5,E01027793,0,3
2024421472135,2024,421472135,2,9,0,-1,5,1,5,-1,0,0,0,0,0,0,2,9,-1,6,2,37,7,1329,1,15,TOYOTA YARIS,3,E01015954,0,1
2024211485715,2024,211485715,2,9,0,-1,5,3,5,-1,0,8,0,0,0,0,1,9,-1,6,1,48,8,1364,2,14,TOYOTA YARIS,-1,-1,0,-1
2024131420732,2024,131420732,2,9,0,-1,19,3,7,-1,0,2,0,0,0,0,2,1,-1,6,2,67,10,1497,8,4,TOYOTA YARIS,7,E01011556,0,1
2024520403260,2024,520403260,1,9,0,18,19,2,6,0,0,0,1,0,0,0,3,1,6,6,1,78,11,1490,8,2,TOYOTA YARIS,2,E01032093,0,3
2024201492028,2024,201492028,2,9,0,-1,4,5,1,-1,0,1,0,0,0,0,2,1,-1,6,2,47,8,1490,8,2,TOYOTA YARIS,8,E01009454,0,1
2024010529744,2024,010529744,2,9,0,99,99,9,9,99,99,9,9,99,9,99,1,9,6,6,2,-1,-1,1497,8,9,TOYOTA YARIS,2,E01003266,0,2
2024211419090,2024,211419090,1,9,0,-1,19,6,2,-1,0,0,0,0,0,0,3,1,-1,6,1,32,6,1296,1,18,TOYOTA YARIS,2,E01029447,0,1
2024010531910,2024,010531910,2,9,0,99,99,9,9,99,99,9,9,99,9,99,0,9,6,6,3,-1,-1,1329,1,12,TOYOTA YARIS,8,E01001062,0,1
2024421417272,2024,421417272,1,9,0,-1,19,3,7,-1,0,0,1,7,5,6,3,1,-1,6,2,-1,-1,1296,1,17,TOYOTA YARIS,2,E01034476,0,3
2024010538250,2024,010538250,2,9,0,99,99,9,9,99,99,9,9,99,9,99,9,9,6,6,3,-1,-1,1497,8,7,TOYOTA YARIS,-1,-1,0,-1
2024221439991,2024,221439991,1,9,0,-1,2,0,0,-1,0,1,0,0,0,0,2,1,-1,6,2,41,7,1497,8,6,TOYOTA YARIS,7,E01014080,0,2
2024111519957,2024,111519957,1,9,0,-1,19,6,2,-1,0,0,0,0,0,0,1,1,-1,6,1,72,10,1490,8,1,TOYOTA YARIS,2,E01020877,0,2
2024631466658,2024,631466658,1,9,0,-1,19,1,5,-1,0,0,2,0,2,10,1,1,-1,9,2,18,4,1329,1,10,TOYOTA YARIS,4,E01002599,0,5
2024131405646,2024,131405646,2,9,0,-1,7,5,3,-1,0,2,0,0,0,0,1,1,-1,6,1,26,6,1364,2,17,TOYOTA YARIS,1,E01010731,0,1
2024131497537,2024,131497537,3,9,0,-1,2,0,0,-1,0,8,0,0,0,0,3,1,-1,6,-1,-1,-1,1364,2,16,TOYOTA YARIS,-1,-1,0,-1
2024430040239,2024,430040239,1,9,0,18,19,7,3,0,0,0,0,0,1,9,1,1,6,6,1,77,11,1490,8,2,TOYOTA YARIS,4,E01025543,0,5
2024070990648,2024,070990648,1,9,0,-1,9,3,1,-1,0,8,0,0,0,0,1,1,-1,9,1,41,7,1490,8,3,TOYOTA YARIS,10,E01035384,0,1
2024101436000,2024,101436000,2,9,0,-1,9,4,8,-1,0,8,0,0,7,0,2,1,-1,9,2,45,7,1329,1,10,TOYOTA YARIS,8,E01034966,0,4
2024201458313,2024,201458313,2,9,0,-1,9,8,6,-1,0,5,0,0,0,0,2,1,-1,6,2,38,7,1497,8,8,TOYOTA YARIS,1,E01009131,0,2
2024421525691,2024,421525691,1,9,0,-1,7,4,6,-1,0,6,9,0,0,0,1,1,-1,6,3,-1,-1,1329,1,10,TOYOTA YARIS,-1,-1,0,-1
2024010509184,2024,010509184,1,9,0,18,19,3,7,0,0,8,0,0,0,0,1,1,6,6,2,48,8,1497,8,5,TOYOTA YARIS,-1,-1,0,-1
2024010532906,2024,010532906,1,9,0,9,9,1,6,0,0,6,0,0,0,0,0,1,6,6,2,24,5,1497,8,11,TOYOTA YARIS,7,E01003839,0,1
2024061418450,2024,061418450,1,9,0,-1,19,3,7,-1,0,0,0,0,0,0,1,1,-1,2,2,58,9,1496,1,6,TOYOTA YARIS,3,E01005641,0,2
2024411539020,2024,411539020,1,9,0,-1,19,5,1,-1,0,0,0,11,0,0,2,1,-1,6,2,41,7,1497,8,6,TOYOTA YARIS,3,E01035605,0,3
2024010528340,2024,010528340,3,9,0,12,12,3,7,0,0,8,0,0,0,0,1,1,6,6,2,78,11,1490,8,3,TOYOTA YARIS,8,E01002864,0,1
2024201476820,2024,201476820,2,9,0,-1,5,7,3,-1,0,8,0,0,0,0,1,9,-1,6,2,76,11,1490,8,2,TOYOTA YARIS,8,E01009919,0,2
2024401477193,2024,401477193,1,9,0,-1,5,3,7,-1,0,6,0,0,0,0,1,1,-1,6,1,46,8,998,1,17,TOYOTA YARIS,4,E01017512,0,1
2024010499217,2024,010499217,1,9,0,18,19,5,1,0,0,1,0,0,0,0,1,1,6,6,1,33,6,1497,8,8,TOYOTA YARIS,10,E01000395,0,1
2024302401377,2024,302401377,1,9,0,17,19,3,8,0,0,8,1,0,1,9,4,1,2,2,2,22,5,1496,1,5,TOYOTA YARIS,4,E01019822,0,1
2024421525131,2024,421525131,1,9,0,-1,19,3,7,-1,0,0,0,0,0,0,1,1,-1,9,1,89,11,1496,1,7,TOYOTA YARIS,5,E01021982,0,1
2024010527811,2024,010527811,2,9,0,99,99,9,9,99,99,9,9,99,9,99,9,9,6,6,3,-1,-1,1299,1,19,TOYOTA YARIS,-1,-1,0,-1
2024351540783,2024,351540783,2,9,0,-1,19,8,4,-1,0,0,0,0,0,0,2,1,-1,1,2,68,10,1496,1,5,TOYOTA YARIS,8,E01015685,0,1
2024061466044,2024,061466044,1,9,0,-1,7,6,1,-1,0,6,0,0,0,0,1,1,-1,6,2,40,7,1496,1,7,TOYOTA YARIS,4,E01005834,0,1
2024311427906,2024,311427906,2,9,0,-1,19,7,3,-1,0,0,0,0,0,0,1,1,-1,1,1,30,6,1490,8,3,TOYOTA YARIS,4,E01028045,0,3
2024010507451,2024,010507451,2,9,0,18,19,3,7,0,0,4,0,0,0,0,0,1,6,6,2,37,7,1329,1,13,TOYOTA YARIS,3,E01001943,0,1
2024010551169,2024,010551169,1,9,0,3,3,9,9,99,99,9,9,99,9,99,2,9,6,6,1,64,9,1490,8,1,TOYOTA YARIS,2,E01033881,0,2
2024351429073,2024,351429073,1,9,-1,-1,-1,-1,-1,-1,-1,0,-1,-1,-1,0,-1,9,-1,6,2,65,9,998,1,16,TOYOTA YARIS,10,E01018265,0,1
2024201404754,2024,201404754,1,9,0,-1,1,7,3,-1,0,2,0,0,0,0,2,9,-1,6,1,-1,-1,1329,1,15,TOYOTA YARIS,-1,-1,0,-1
2024302400569,2024,302400569,2,9,0,17,19,4,1,0,0,8,0,0,0,0,1,1,1,1,2,28,6,1329,1,11,TOYOTA YARIS,4,E01013555,0,1
2024501485511,2024,501485511,2,9,0,-1,4,1,5,-1,0,0,0,0,4,0,2,1,-1,9,1,59,9,1490,8,0,TOYOTA YARIS,10,E01018263,0,5
2024501477367,2024,501477367,1,9,0,-1,9,8,4,-1,0,6,0,0,7,0,3,1,-1,9,1,66,10,1490,8,0,TOYOTA YARIS,7,E01003888,0,5
2024010541335,2024,010541335,1,9,0,18,19,3,7,0,0,8,1,0,0,0,2,1,6,6,2,35,6,1497,8,10,TOYOTA YARIS,3,E01032786,0,1
2024471530533,2024,471530533,2,9,0,-1,13,2,6,-1,0,0,0,0,0,0,4,1,-1,6,2,21,5,1329,1,9,TOYOTA YARIS,6,E01016887,0,1
2024131445204,2024,131445204,3,9,0,-1,19,3,7,-1,0,2,0,0,0,0,4,1,-1,1,2,54,8,1496,1,7,TOYOTA YARIS,7,E01010968,0,1
2024010525071,2024,010525071,1,9,0,15,15,1,5,0,0,1,0,0,0,0,2,1,6,6,3,48,8,1490,8,0,TOYOTA YARIS,-1,-1,0,-1
2024411416765,2024,411416765,2,9,-1,-1,-1,-1,-1,-1,-1,0,-1,-1,-1,0,3,9,-1,9,2,47,8,1497,8,8,TOYOTA YARIS,7,E01023540,0,1
2024361523432,2024,361523432,1,9,0,-1,19,6,2,-1,0,0,0,4,1,0,1,1,-1,6,1,83,11,1364,2,11,TOYOTA YARIS,4,E01026609,0,1
2024320512720,2024,320512720,1,9,0,-1,-1,1,6,0,0,4,0,0,0,0,3,1,-1,-1,2,63,9,1329,1,12,TOYOTA YARIS,2,E01026108,0,1
2024122500033,2024,122500033,1,9,0,18,19,1,3,0,0,4,0,0,0,0,1,1,6,6,1,92,11,1497,8,6,TOYOTA YARIS,9,E01027714,0,1
2024471459453,2024,471459453,2,9,0,-1,19,8,4,-1,0,1,1,0,1,2,1,1,-1,9,1,82,11,1364,2,12,TOYOTA YARIS,6,E01016968,0,1
2024010550296,2024,010550296,2,9,0,99,99,9,9,99,99,0,9,99,9,99,1,9,6,6,3,-1,-1,1299,1,19,TOYOTA YARIS,-1,-1,0,-1
2024010505544,2024,010505544,1,9,9,99,99,9,9,99,99,9,9,99,9,99,9,9,6,6,1,51,8,998,1,10,TOYOTA YARIS,7,E01003393,0,1
2024991531009,2024,991531009,1,9,0,-1,5,4,6,-1,0,0,0,0,0,0,4,1,-1,9,2,60,9,1497,8,5,TOYOTA YARIS,9,-1,0,1
2024461423395,2024,461423395,1,9,0,-1,19,7,7,-1,0,0,0,0,0,0,1,1,-1,9,2,53,8,1329,1,9,TOYOTA YARIS,5,E01024342,0,2
2024991428052,2024,991428052,1,9,0,-1,19,3,7,-1,0,0,0,0,0,0,1,1,-1,9,1,60,9,1329,1,9,TOYOTA YARIS,-1,-1,0,-1
2024101432225,2024,101432225,1,9,0,-1,9,3,7,-1,0,8,0,0,7,11,4,1,-1,9,2,66,10,1329,1,9,TOYOTA YARIS,2,E01008428,0,1
2024161416001,2024,161416001,2,9,0,-1,19,3,7,-1,0,0,0,0,1,0,1,1,-1,2,2,51,8,1496,1,6,TOYOTA YARIS,4,E01013076,0,1
2024010504942,2024,010504942,1,9,0,18,19,7,3,0,0,1,0,0,0,0,1,1,6,6,1,80,11,1497,8,11,TOYOTA YARIS,8,E01000319,0,1
2024010515548,2024,010515548,1,9,0,9,9,6,4,0,0,5,0,0,0,0,3,1,3,7,1,18,4,998,1,14,TOYOTA YARIS,4,E01001294,0,1
2024141396321,2024,141396321,2,9,0,-1,4,5,1,-1,0,0,0,0,0,0,1,1,-1,1,2,36,7,1329,1,13,TOYOTA YARIS,9,E01007674,0,1
2024010521430,2024,010521430,1,9,0,99,99,9,9,99,99,9,9,99,9,99,9,9,6,6,1,31,6,1296,1,17,TOYOTA YARIS,5,E01009583,0,5
2024501467575,2024,501467575,1,9,0,-1,19,3,7,-1,0,1,0,0,0,0,1,1,-1,9,1,80,11,1497,8,4,TOYOTA YARIS,3,E01015245,0,1
2024141507871,2024,141507871,1,9,0,-1,1,8,4,-1,0,0,0,0,0,0,2,1,-1,6,2,77,11,1329,1,10,TOYOTA YARIS,8,E01007612,0,2
2024010528083,2024,010528083,1,9,0,2,2,0,0,0,0,1,0,0,0,0,2,1,6,6,3,-1,-1,998,1,5,TOYOTA YARIS,-1,-1,0,-1
2024131472944,2024,131472944,1,9,0,-1,9,3,7,-1,0,1,0,0,0,0,1,1,-1,1,1,56,9,1364,2,22,TOYOTA YARIS,2,E01010806,0,4
2024471416490,2024,471416490,1,9,0,-1,19,3,7,-1,9,2,0,0,1,4,1,1,-1,6,1,53,8,1497,8,11,TOYOTA YARIS,3,E01031562,0,1
2024201518758,2024,201518758,1,9,0,-1,8,3,7,-1,0,6,0,0,0,0,1,9,-1,6,1,-1,-1,1296,1,18,TOYOTA YARIS,-1,-1,0,-1
2024501461939,2024,501461939,2,9,0,-1,19,5,1,-1,0,1,0,0,0,0,1,1,-1,9,2,24,5,1329,1,15,TOYOTA YARIS,4,E01018843,0,1
2024221513791,2024,221513791,1,9,0,-1,19,8,4,-1,0,0,0,4,0,0,1,1,-1,1,2,34,6,998,1,19,TOYOTA YARIS,7,E01032317,0,3
2024471474109,2024,471474109,1,9,0,-1,19,7,3,-1,0,0,0,0,0,0,1,1,-1,6,2,26,6,1497,8,5,TOYOTA YARIS,4,E01031833,0,3
2024131458926,2024,131458926,2,9,0,-1,19,3,7,-1,0,8,0,0,0,0,3,1,-1,9,1,48,8,1299,1,21,TOYOTA YARIS,1,E01010841,0,1
2024231501393,2024,231501393,1,9,0,-1,19,6,2,-1,0,4,0,0,0,0,3,1,-1,6,2,76,11,1490,8,0,TOYOTA YARIS,4,E01031096,0,1
2024010507614,2024,010507614,2,9,0,18,19,1,5,0,0,9,9,99,0,0,3,1,6,6,3,-1,-1,1497,8,10,TOYOTA YARIS,-1,-1,0,-1
2024061436970,2024,061436970,1,9,0,-1,19,-1,-1,-1,0,1,1,0,0,0,4,1,-1,9,2,50,8,1497,8,6,TOYOTA YARIS,10,E01004771,0,2
2024010539405,2024,010539405,5,9,0,18,19,7,3,0,0,3,0,0,0,0,2,1,2,2,1,53,8,1497,8,5,TOYOTA YARIS,4,E01002393,0,1
2024052400487,2024,052400487,2,9,0,9,9,4,2,0,0,1,0,0,0,0,2,1,6,6,2,-1,-1,1329,1,11,TOYOTA YARIS,-1,-1,0,-1
2024401467758,2024,401467758,2,9,0,-1,19,4,1,-1,0,1,0,0,0,0,1,1,-1,6,1,76,11,1497,8,5,TOYOTA YARIS,7,E01002061,0,4
2024371501437,2024,371501437,2,9,0,-1,2,0,0,-1,0,0,0,0,0,0,4,1,-1,6,-1,-1,-1,1497,8,7,TOYOTA YARIS,-1,-1,0,-1
2024010510423,2024,010510423,1,9,0,4,4,1,5,4,4,2,0,0,0,0,1,1,6,6,1,74,10,1798,1,17,TOYOTA YARIS,4,E01004708,0,3