collision_index,collision_year,collision_ref_no,vehicle_reference,vehicle_type,towing_and_articulation,vehicle_manoeuvre_historic,vehicle_manoeuvre,vehicle_direction_from,vehicle_direction_to,vehicle_location_restricted_lane_historic,vehicle_location_restricted_lane,junction_location,skidding_and_overturning,hit_object_in_carriageway,vehicle_leaving_carriageway,hit_object_off_carriageway,first_point_of_impact,vehicle_left_hand_drive,journey_purpose_of_driver_historic,journey_purpose_of_driver,sex_of_driver,age_of_driver,age_band_of_driver,engine_capacity_cc,propulsion_code,age_of_vehicle,generic_make_model,driver_imd_decile,lsoa_of_driver,escooter_flag,driver_distance_banding
2024471515194,2024,471515194,1,9,0,-1,4,7,3,-1,0,0,0,0,1,0,2,1,-1,9,1,49,8,1490,8,1,TOYOTA YARIS,1,E01016908,0,1
2024440518504,2024,440518504,1,9,0,18,19,2,6,0,0,0,0,0,0,0,1,1,6,6,2,80,11,1497,8,5,TOYOTA YARIS,10,E01022706,0,1
2024061404617,2024,061404617,1,9,0,-1,19,1,4,-1,0,1,0,0,0,0,1,1,-1,6,-1,18,4,1296,1,18,TOYOTA YARIS,-1,-1,0,-1
2024501396523,2024,501396523,2,9,0,-1,9,1,7,-1,0,7,0,0,0,0,4,1,-1,9,2,49,8,1296,1,18,TOYOTA YARIS,9,E01019896,0,3
2024471456461,2024,471456461,1,9,0,-1,19,3,1,-1,0,1,0,0,7,10,1,9,-1,6,1,21,5,1329,1,15,TOYOTA YARIS,9,E01021161,0,1
2024010500868,2024,010500868,1,9,0,5,5,2,6,0,0,1,0,4,0,0,1,1,6,6,1,68,10,1497,8,9,TOYOTA YARIS,6,E01000203,0,1
2024122400411,2024,122400411,1,9,0,18,19,7,3,0,0,0,0,0,0,0,3,1,2,2,2,24,5,1329,1,13,TOYOTA YARIS,8,E01013407,0,1
2024311444347,2024,311444347,2,9,0,-1,5,1,2,-1,0,6,1,0,0,0,1,1,-1,2,1,52,8,1296,1,17,TOYOTA YARIS,10,E01013985,0,3
2024332401176,2024,332401176,2,9,0,-1,19,1,6,-1,0,0,0,0,0,0,1,1,-1,6,2,70,10,1490,8,1,TOYOTA YARIS,7,E01013795,0,1
2024991401481,2024,991401481,2,9,0,-1,19,4,8,-1,0,0,0,0,0,0,3,1,-1,9,2,43,7,1490,8,4,TOYOTA YARIS,7,-1,0,4
2024122400766,2024,122400766,1,9,0,9,9,5,3,0,0,6,0,0,1,0,4,1,6,6,1,54,8,1329,1,10,TOYOTA YARIS,1,E01024872,0,4
2024451485750,2024,451485750,1,9,0,-1,19,3,7,-1,0,4,0,0,0,0,1,1,-1,1,1,47,8,1329,1,15,TOYOTA YARIS,3,E01004189,0,4
2024161439865,2024,161439865,1,9,0,-1,3,6,1,-1,0,1,0,0,0,0,4,9,-1,6,2,42,7,1490,8,0,TOYOTA YARIS,5,E01032987,0,3
2024010527006,2024,010527006,1,9,0,99,99,9,9,99,99,9,9,99,9,99,9,9,2,2,2,38,7,1497,8,9,TOYOTA YARIS,4,E01002592,0,1
2024041405952,2024,041405952,1,9,0,-1,19,5,1,-1,0,0,0,0,0,0,4,1,-1,9,1,60,9,1296,1,15,TOYOTA YARIS,2,E01012677,0,1
2024430259375,2024,430259375,2,9,0,18,19,1,5,0,0,8,0,0,0,0,1,1,6,6,2,32,6,1329,1,13,TOYOTA YARIS,10,E01017397,0,2
2024010511703,2024,010511703,2,9,9,99,99,9,9,99,99,9,9,99,9,99,9,9,6,6,3,-1,-1,1299,1,21,TOYOTA YARIS,-1,-1,0,-1
2024010536678,2024,010536678,1,9,9,99,99,9,9,99,99,9,9,99,9,99,9,9,6,6,3,-1,-1,1497,8,6,TOYOTA YARIS,-1,-1,0,-1
2024061509198,2024,061509198,2,9,0,-1,19,8,5,-1,0,1,1,0,0,0,1,1,-1,2,1,25,5,1296,1,16,TOYOTA YARIS,1,E01005381,0,1
2024471508929,2024,471508929,1,9,0,-1,19,1,5,-1,0,0,0,0,3,0,1,1,-1,6,1,-1,-1,1490,8,0,TOYOTA YARIS,-1,-1,0,-1
2024461453634,2024,461453634,3,9,0,-1,19,3,7,-1,0,0,0,0,0,0,2,1,-1,6,1,51,8,1496,1,6,TOYOTA YARIS,5,E01024815,0,3
2024141463124,2024,141463124,1,9,0,-1,19,5,1,-1,0,0,0,4,0,0,1,1,-1,9,2,56,9,1497,8,10,TOYOTA YARIS,6,E01007836,0,1
2024451393638,2024,451393638,1,9,0,-1,19,1,5,-1,0,0,0,0,0,0,1,1,-1,9,2,26,6,1497,8,9,TOYOTA YARIS,3,E01034390,0,4
2024440079996,2024,440079996,1,9,0,9,9,6,4,0,0,5,0,0,0,0,1,1,6,6,1,87,11,1329,1,12,TOYOTA YARIS,9,E01023158,0,1
2024010532838,2024,010532838,1,9,0,99,99,9,9,0,0,0,0,0,0,0,2,9,6,6,3,30,6,1299,1,22,TOYOTA YARIS,9,E01015822,0,4
2024201479780,2024,201479780,2,9,0,-1,19,8,4,-1,0,8,0,0,0,0,4,9,-1,6,2,22,5,1490,8,0,TOYOTA YARIS,2,E01009890,0,1
2024161535491,2024,161535491,2,9,0,-1,19,1,5,-1,0,0,0,0,1,0,1,1,-1,9,1,52,8,1490,8,2,TOYOTA YARIS,10,E01012972,0,2
2024531426752,2024,531426752,1,9,0,-1,19,2,6,-1,0,0,1,0,8,11,1,1,-1,9,1,44,7,1490,8,0,TOYOTA YARIS,2,E01004424,0,5
2024041458855,2024,041458855,1,9,0,-1,5,5,1,-1,0,0,0,0,0,0,3,1,-1,6,1,82,11,1497,8,6,TOYOTA YARIS,8,E01025180,0,1
2024501498337,2024,501498337,2,9,0,-1,19,2,6,-1,0,0,0,0,0,0,1,1,-1,9,1,74,10,1296,1,16,TOYOTA YARIS,5,E01015076,0,1
2024340WN0142,2024,340WN0142,1,9,0,-1,19,1,5,-1,0,0,1,0,1,4,1,1,-1,2,2,33,6,998,1,19,TOYOTA YARIS,1,E01013679,0,4
2024302400924,2024,302400924,2,9,0,5,5,4,8,0,0,4,0,0,0,0,2,1,6,6,2,54,8,1496,1,5,TOYOTA YARIS,8,E01019781,0,1
2024161529808,2024,161529808,1,9,0,-1,5,1,5,-1,0,0,0,0,0,0,1,1,-1,9,2,85,11,1490,8,0,TOYOTA YARIS,9,E01013120,0,4
2024211438628,2024,211438628,2,9,0,-1,19,4,8,-1,9,0,0,0,0,0,1,1,-1,1,1,64,9,1296,1,17,TOYOTA YARIS,3,E01014321,0,1
2024041404955,2024,041404955,1,9,0,-1,9,3,7,-1,0,6,0,0,1,0,3,1,-1,6,2,76,11,1497,8,7,TOYOTA YARIS,5,E01025024,0,1
2024061403576,2024,061403576,1,9,0,-1,19,8,4,-1,0,8,0,0,0,0,1,1,-1,9,1,47,8,1329,1,10,TOYOTA YARIS,6,E01006157,0,1
2024501417613,2024,501417613,1,9,0,-1,7,7,3,-1,0,6,0,0,0,0,3,1,-1,2,1,28,6,1296,1,18,TOYOTA YARIS,3,E01019991,0,1
2024430158982,2024,430158982,1,9,0,13,13,4,7,0,0,0,0,0,0,0,1,1,6,6,1,27,6,1364,2,14,TOYOTA YARIS,1,E01012040,0,5
2024440058914,2024,440058914,1,9,0,18,19,8,4,0,0,4,0,0,0,0,1,1,6,6,1,-1,-1,1329,1,8,TOYOTA YARIS,-1,-1,0,-1
2024070559801,2024,070559801,1,9,0,18,19,5,1,0,0,4,0,0,0,0,1,1,6,6,2,38,7,1296,1,18,TOYOTA YARIS,-1,-1,0,-1
2024302400992,2024,302400992,1,9,0,18,19,6,2,0,0,0,0,0,0,0,1,1,6,6,2,83,11,1329,1,15,TOYOTA YARIS,9,E01007610,0,4
2024991450788,2024,991450788,2,9,0,-1,19,6,2,-1,0,0,0,0,0,0,1,1,-1,2,1,22,5,1496,1,7,TOYOTA YARIS,7,-1,0,4
2024631505603,2024,631505603,2,9,0,-1,4,4,6,-1,0,1,0,0,0,0,2,1,-1,9,1,33,6,1490,8,4,TOYOTA YARIS,5,W01000496,0,2
2024631517319,2024,631517319,2,9,0,-1,19,2,6,-1,0,0,0,0,1,9,1,1,-1,6,1,41,7,1496,1,7,TOYOTA YARIS,7,W01000470,0,3
2024361428094,2024,361428094,1,9,0,-1,19,1,5,-1,0,0,0,0,0,0,4,1,-1,2,1,54,8,1618,1,1,TOYOTA YARIS,6,E01026872,0,3
2024302400981,2024,302400981,1,9,0,17,19,4,1,0,0,8,0,0,1,0,3,1,6,6,2,18,4,1329,1,10,TOYOTA YARIS,2,E01013565,0,1
2024231488971,2024,231488971,1,9,0,-1,19,1,5,-1,0,0,0,0,0,0,1,9,-1,6,1,60,9,1299,1,20,TOYOTA YARIS,1,E01009476,0,2
2024122400589,2024,122400589,1,9,0,17,19,8,3,0,0,0,5,0,1,11,1,1,6,6,2,39,7,1364,2,12,TOYOTA YARIS,1,E01010828,0,4
2024332400687,2024,332400687,2,9,0,-1,19,5,1,-1,0,0,0,0,0,0,2,1,-1,6,1,31,6,1329,1,15,TOYOTA YARIS,4,E01034010,0,1
2024101467729,2024,101467729,2,9,0,-1,3,3,7,-1,0,0,0,0,0,0,2,1,-1,6,1,42,7,1618,1,2,TOYOTA YARIS,7,E01027496,0,3
2024131457102,2024,131457102,1,9,0,-1,5,5,1,-1,0,2,0,0,0,0,3,1,-1,6,3,-1,-1,1364,2,17,TOYOTA YARIS,-1,-1,0,-1
2024141513171,2024,141513171,1,9,0,-1,9,5,1,-1,0,6,0,0,0,0,3,1,-1,9,2,24,5,998,1,18,TOYOTA YARIS,2,E01008014,0,1
2024041507483,2024,041507483,2,9,0,-1,9,7,5,-1,0,8,1,0,0,0,3,1,-1,9,2,29,6,1329,1,12,TOYOTA YARIS,9,E01024916,0,2
2024340NN1202,2024,340NN1202,2,9,0,-1,19,1,4,-1,0,3,2,0,0,0,1,1,-1,9,1,19,4,1299,1,19,TOYOTA YARIS,5,E01016809,0,4
2024010550045,2024,010550045,3,9,0,3,3,3,7,0,0,1,0,0,0,0,2,1,6,6,1,55,8,1490,8,1,TOYOTA YARIS,7,E01000657,0,3
2024010494653,2024,010494653,2,9,0,99,99,9,9,99,99,9,9,99,9,99,1,9,6,6,2,61,9,1497,8,7,TOYOTA YARIS,9,E01004092,0,1
2024122400870,2024,122400870,2,9,0,4,4,5,1,0,0,0,0,0,0,0,2,1,6,6,1,36,7,1329,1,10,TOYOTA YARIS,3,E01011489,0,4
2024010551187,2024,010551187,1,9,0,18,19,5,1,0,0,0,1,0,1,0,2,1,2,2,1,52,8,998,1,20,TOYOTA YARIS,3,E01003689,0,2
2024201436222,2024,201436222,1,9,0,-1,19,7,3,-1,0,8,0,0,0,0,1,9,-1,6,1,32,6,1364,2,14,TOYOTA YARIS,1,E01009202,0,1
2024010507591,2024,010507591,2,9,9,99,99,9,9,99,99,9,9,99,9,99,9,9,6,6,3,-1,-1,1490,8,3,TOYOTA YARIS,-1,-1,0,-1
2024451514120,2024,451514120,1,9,0,-1,19,6,2,-1,0,1,1,0,0,0,4,1,-1,2,2,25,5,998,1,24,TOYOTA YARIS,8,E01030409,0,1
2024201453141,2024,201453141,1,9,0,-1,9,8,6,-1,0,6,0,8,0,0,3,1,-1,6,1,49,8,998,1,23,TOYOTA YARIS,4,E01009250,0,1
2024131405992,2024,131405992,2,9,0,-1,9,8,8,-1,0,8,0,0,0,0,3,1,-1,9,1,53,8,1296,1,18,TOYOTA YARIS,2,E01010621,0,1
2024991439450,2024,991439450,2,9,0,-1,19,8,4,-1,0,0,1,0,0,0,3,1,-1,9,1,63,9,1490,8,3,TOYOTA YARIS,8,-1,0,4
2024010522055,2024,010522055,3,9,0,2,2,0,0,0,0,1,0,0,0,0,1,1,6,6,3,-1,-1,1299,1,22,TOYOTA YARIS,-1,-1,0,-1
2024131412137,2024,131412137,1,9,0,-1,19,1,6,-1,0,2,0,0,0,0,1,1,-1,9,2,45,7,1497,8,5,TOYOTA YARIS,5,E01011678,0,1
2024041458183,2024,041458183,2,9,0,-1,2,1,5,-1,0,2,0,0,0,0,2,2,-1,9,1,36,7,1497,8,7,TOYOTA YARIS,4,E01012713,0,1
2024440469757,2024,440469757,1,9,0,18,19,3,7,0,0,0,0,0,0,0,1,1,6,6,2,59,9,1490,8,3,TOYOTA YARIS,7,E01022963,0,1
2024010506395,2024,010506395,3,9,0,2,2,0,0,0,0,2,0,4,0,0,1,1,6,6,3,-1,-1,1490,8,3,TOYOTA YARIS,-1,-1,0,-1
2024552400980,2024,552400980,1,9,0,18,19,5,3,0,0,5,0,0,0,0,4,1,6,6,1,69,10,1299,1,20,TOYOTA YARIS,1,E01015338,0,1
2024201429945,2024,201429945,2,9,0,-1,2,0,0,-1,0,2,0,0,0,0,2,1,-1,6,3,-1,-1,1296,1,17,TOYOTA YARIS,-1,-1,0,-1
2024141464612,2024,141464612,1,9,0,-1,19,8,4,-1,0,0,0,0,0,0,1,1,-1,9,1,75,10,1490,8,1,TOYOTA YARIS,2,E01028053,0,3
2024131421516,2024,131421516,1,9,0,-1,19,1,7,-1,0,8,0,0,0,0,2,1,-1,9,2,54,8,1496,1,5,TOYOTA YARIS,2,E01011141,0,1
2024302400830,2024,302400830,1,9,0,3,3,2,6,0,0,0,0,0,0,0,2,1,6,6,1,33,6,1497,8,6,TOYOTA YARIS,10,E01028396,0,4
2024332400771,2024,332400771,2,9,0,-1,7,5,7,-1,0,6,0,0,0,0,3,1,-1,6,2,-1,-1,1329,1,13,TOYOTA YARIS,2,E01013684,0,1
2024451399120,2024,451399120,1,9,0,-1,7,4,2,-1,0,3,0,0,0,0,4,1,-1,9,1,70,10,1490,8,1,TOYOTA YARIS,9,E01030322,0,1
2024070527929,2024,070527929,1,9,0,15,15,1,2,0,0,8,0,0,0,0,4,1,6,6,1,-1,-1,1329,1,12,TOYOTA YARIS,-1,-1,0,-1
2024201482793,2024,201482793,1,9,0,-1,7,7,1,-1,0,6,0,0,0,0,1,9,-1,6,3,39,7,1329,1,15,TOYOTA YARIS,1,E01009513,0,1
2024010498960,2024,010498960,2,9,0,99,99,9,9,99,99,9,9,99,9,99,1,9,6,6,2,-1,-1,1497,8,7,TOYOTA YARIS,6,E01033098,0,1
2024548206424,2024,548206424,1,9,0,18,19,7,3,0,0,6,0,0,0,0,4,1,6,6,2,96,11,998,1,21,TOYOTA YARIS,8,E01032049,0,1
2024451439384,2024,451439384,1,9,0,-1,7,1,3,-1,0,1,0,0,0,0,4,1,-1,1,1,46,8,1363,2,20,TOYOTA YARIS,9,E01030795,0,1
2024471410932,2024,471410932,1,9,0,-1,19,5,1,-1,0,0,0,0,8,11,1,1,-1,6,1,19,4,1497,1,19,TOYOTA YARIS,5,E01031373,0,3
2024411442656,2024,411442656,1,9,0,-1,19,1,5,-1,0,1,0,0,0,0,1,1,-1,6,1,22,5,998,1,20,TOYOTA YARIS,3,E01023756,0,1
2024211426151,2024,211426151,2,9,0,-1,2,0,0,-1,0,1,0,0,0,0,1,1,-1,6,3,-1,-1,1490,8,1,TOYOTA YARIS,-1,-1,0,-1
2024010535260,2024,010535260,1,9,0,9,9,5,4,0,0,6,0,0,0,0,1,1,6,6,1,86,11,1497,8,7,TOYOTA YARIS,-1,-1,0,-1
2024371484958,2024,371484958,1,9,0,-1,7,8,4,-1,0,0,0,0,0,0,4,1,-1,9,1,66,10,1497,8,5,TOYOTA YARIS,7,E01029995,0,1
2024411516296,2024,411516296,1,9,0,-1,19,-1,-1,-1,0,4,0,0,0,0,2,9,-1,6,1,43,7,998,1,19,TOYOTA YARIS,6,E01023858,0,3
2024461412667,2024,461412667,1,9,0,-1,7,6,1,-1,0,4,5,9,8,0,1,1,-1,9,1,54,8,1497,8,7,TOYOTA YARIS,6,E01016056,0,1
2024522500017,2024,522500017,1,9,0,18,19,5,1,0,0,0,0,0,0,0,3,1,6,6,2,41,7,1497,8,6,TOYOTA YARIS,4,E01014570,0,1
2024541656824,2024,541656824,1,9,0,18,19,6,3,0,0,1,0,0,0,0,1,1,6,6,2,79,11,1329,1,9,TOYOTA YARIS,8,E01024004,0,5
2024010500163,2024,010500163,2,9,0,4,4,7,3,0,0,1,0,0,0,0,1,1,6,6,1,21,5,1296,1,17,TOYOTA YARIS,8,E01002163,0,1
2024351527750,2024,351527750,2,9,0,-1,-1,-1,-1,-1,-1,0,-1,-1,-1,0,2,1,-1,2,1,37,7,1364,2,14,TOYOTA YARIS,7,E01018022,0,4
2024471403077,2024,471403077,1,9,0,-1,19,2,6,-1,0,0,0,0,0,0,4,1,-1,7,3,61,9,1490,8,0,TOYOTA YARIS,7,E01021222,0,1
2024010530186,2024,010530186,1,9,0,18,19,7,3,0,0,8,0,0,0,0,2,1,6,6,1,43,7,1490,8,1,TOYOTA YARIS,6,E01030399,0,2
2024501442912,2024,501442912,2,9,0,-1,19,5,1,-1,0,1,0,0,0,0,2,1,-1,9,2,33,6,1490,8,0,TOYOTA YARIS,4,E01020126,0,1
2024461463339,2024,461463339,4,9,0,-1,19,5,1,-1,0,0,0,0,0,0,2,1,-1,6,1,49,8,1490,8,1,TOYOTA YARIS,6,E01023934,0,4
2024421478673,2024,421478673,1,9,0,-1,19,7,3,-1,0,0,0,0,0,0,1,1,-1,6,1,62,9,1329,1,9,TOYOTA YARIS,10,E01021736,0,1
2024061511833,2024,061511833,2,9,0,-1,2,0,0,-1,0,0,0,0,0,0,2,1,-1,6,1,73,10,1329,1,12,TOYOTA YARIS,5,E01006006,0,1
2024631444407,2024,631444407,2,9,0,-1,5,4,2,-1,0,6,0,0,0,0,1,1,-1,2,2,36,7,1496,1,4,TOYOTA YARIS,5,W01000717,0,3
2024371412386,2024,371412386,2,9,0,-1,19,5,2,-1,0,8,0,0,0,0,4,1,-1,9,2,31,6,1299,1,23,TOYOTA YARIS,7,E01030003,0,1
2024631473161,2024,631473161,1,9,0,-1,19,6,2,-1,0,0,5,0,2,10,4,1,-1,9,2,76,11,1490,8,2,TOYOTA YARIS,10,W01000880,0,4
2024131505612,2024,131505612,2,9,0,-1,19,1,5,-1,0,8,0,0,0,0,1,1,-1,9,2,52,8,1329,1,14,TOYOTA YARIS,3,E01007679,0,4
2024440403688,2024,440403688,2,9,0,17,19,1,5,0,0,3,0,0,0,0,3,1,6,6,1,30,6,1497,8,7,TOYOTA YARIS,3,E01022487,0,1
2024010519861,2024,010519861,3,9,0,18,19,3,7,0,0,8,1,0,0,0,4,1,2,2,1,48,8,1329,1,13,TOYOTA YARIS,9,E01002263,0,1
2024131450485,2024,131450485,1,9,0,-1,19,3,7,-1,0,8,0,0,0,0,4,1,-1,9,1,21,5,1296,1,18,TOYOTA YARIS,3,E01011597,0,3
2024131464462,2024,131464462,1,9,0,-1,19,7,7,-1,0,1,0,0,0,0,1,1,-1,6,2,41,7,1329,1,15,TOYOTA YARIS,4,E01010678,0,1
2024010527018,2024,010527018,2,9,0,99,99,9,9,99,99,9,9,99,9,99,9,9,6,6,3,-1,-1,1296,1,17,TOYOTA YARIS,-1,-1,0,-1
2024501461667,2024,501461667,1,9,0,-1,19,2,6,-1,0,0,5,0,7,4,1,1,-1,9,2,82,11,1299,1,22,TOYOTA YARIS,7,E01032078,0,4
2024552400881,2024,552400881,1,9,0,7,7,1,4,0,0,6,0,0,0,0,3,1,6,6,3,-1,-1,1490,8,2,TOYOTA YARIS,-1,-1,0,-1
2024010510912,2024,010510912,1,9,0,5,5,3,7,0,0,0,0,0,0,0,1,1,6,6,1,45,7,1497,8,8,TOYOTA YARIS,7,E01003738,0,1
2024131458568,2024,131458568,1,9,0,-1,19,1,5,-1,0,8,0,0,0,0,4,1,-1,9,2,37,7,1329,1,9,TOYOTA YARIS,8,E01011205,0,1
2024522402525,2024,522402525,2,9,0,2,2,0,0,0,0,2,0,0,0,0,3,1,6,6,3,-1,-1,1296,1,18,TOYOTA YARIS,-1,-1,0,-1
2024430504466,2024,430504466,1,9,0,9,9,8,6,0,0,6,0,0,0,0,1,1,6,6,1,38,7,1296,1,15,TOYOTA YARIS,4,E01017904,0,1
2024010525816,2024,010525816,1,9,0,18,19,1,5,0,0,0,0,0,0,0,1,1,6,6,1,23,5,1497,8,6,TOYOTA YARIS,-1,-1,0,-1
2024061405733,2024,061405733,1,9,0,-1,7,3,4,-1,0,1,0,0,0,0,1,1,-1,2,1,35,6,1329,1,10,TOYOTA YARIS,8,E01005049,0,4
2024161424554,2024,161424554,1,9,0,-1,19,7,3,-1,0,8,1,0,0,0,4,9,-1,2,1,22,5,1329,1,13,TOYOTA YARIS,7,E01013098,0,2
2024211502713,2024,211502713,2,9,0,-1,9,7,6,-1,0,1,0,0,0,0,1,1,-1,6,1,74,10,1329,1,13,TOYOTA YARIS,10,E01013574,0,4
2024010548580,2024,010548580,1,9,0,9,9,6,3,0,0,1,0,0,0,0,0,1,3,7,2,36,7,1329,1,13,TOYOTA YARIS,7,E01035080,0,5
2024131404315,2024,131404315,2,9,0,-1,8,1,1,-1,0,1,0,0,0,0,2,1,-1,6,2,49,8,1299,1,19,TOYOTA YARIS,3,E01032498,0,1
2024451458094,2024,451458094,1,9,0,-1,19,3,7,-1,0,1,0,0,0,0,1,1,-1,6,2,32,6,1496,1,5,TOYOTA YARIS,9,E01035245,0,3
2024401442631,2024,401442631,1,9,0,-1,15,7,3,-1,0,0,0,0,0,0,4,1,-1,6,1,40,7,1497,8,8,TOYOTA YARIS,8,E01015696,0,1
2024231508346,2024,231508346,2,9,0,-1,3,8,4,-1,0,1,0,0,0,0,2,1,-1,1,2,29,6,1329,1,12,TOYOTA YARIS,2,E01009632,0,2
2024542753424,2024,542753424,2,9,0,9,9,4,1,0,0,4,0,0,0,0,4,1,6,6,1,68,10,1490,8,2,TOYOTA YARIS,9,E01015535,0,1
2024031426075,2024,031426075,1,9,0,-1,12,1,1,-1,0,4,0,0,0,0,4,1,-1,6,2,50,8,1490,8,3,TOYOTA YARIS,-1,-1,0,-1
2024061434611,2024,061434611,1,9,0,-1,19,4,2,-1,0,0,0,0,0,0,1,1,-1,2,1,23,5,1329,1,15,TOYOTA YARIS,1,E01005067,0,1
2024320703482,2024,320703482,2,9,0,-1,-1,2,6,0,0,8,0,0,0,0,1,1,6,6,1,31,6,1299,1,24,TOYOTA YARIS,3,E01026134,0,4
2024361474387,2024,361474387,2,9,0,-1,10,5,1,-1,0,0,0,0,0,0,2,1,-1,6,1,19,4,1299,1,19,TOYOTA YARIS,7,E01026748,0,1
2024501479839,2024,501479839,1,9,0,-1,19,2,6,-1,0,0,5,0,5,4,3,1,-1,9,1,83,11,1490,8,2,TOYOTA YARIS,7,E01020263,0,4
2024991530296,2024,991530296,1,9,0,-1,19,1,5,-1,0,2,0,0,0,0,1,1,-1,9,1,54,8,1490,8,0,TOYOTA YARIS,7,-1,0,1
2024010520050,2024,010520050,2,9,0,4,4,5,1,0,0,1,0,0,0,0,2,1,6,6,1,44,7,1497,8,7,TOYOTA YARIS,3,E01023326,0,2
2024340WN1442,2024,340WN1442,1,9,0,-1,19,2,6,-1,0,1,0,0,0,0,4,1,-1,9,2,76,11,1490,8,2,TOYOTA YARIS,10,E01022987,0,5
2024010505609,2024,010505609,1,9,0,18,19,7,3,0,0,1,0,0,0,0,1,1,3,7,2,43,7,1496,1,5,TOYOTA YARIS,4,E01001514,0,1
2024545170324,2024,545170324,4,9,0,2,2,0,0,0,0,0,0,0,0,0,3,1,6,6,1,-1,-1,1329,1,13,TOYOTA YARIS,-1,-1,0,-1
2024552400942,2024,552400942,1,9,0,18,19,4,8,0,0,0,0,0,0,0,4,1,6,6,1,70,10,1497,8,9,TOYOTA YARIS,8,E01020491,0,2
2024010508770,2024,010508770,2,9,9,99,99,9,9,99,99,9,9,99,9,99,2,9,6,6,2,79,11,1497,8,6,TOYOTA YARIS,7,E01000517,0,1
2024302401542,2024,302401542,1,9,0,12,12,6,8,0,0,8,0,0,0,0,3,1,2,2,1,20,4,1364,2,14,TOYOTA YARIS,1,E01013566,0,1
2024440536916,2024,440536916,1,9,0,9,9,1,3,0,0,6,0,0,0,0,3,1,6,6,2,58,9,1329,1,11,TOYOTA YARIS,6,E01023196,0,1
2024041411761,2024,041411761,1,9,0,-1,19,5,1,-1,0,0,0,4,0,0,3,1,-1,9,2,31,6,1363,2,20,TOYOTA YARIS,2,E01025313,0,1
2024201514314,2024,201514314,1,9,0,-1,19,3,3,-1,0,6,0,0,0,0,1,1,-1,6,1,36,7,1364,2,16,TOYOTA YARIS,1,E01010473,0,1
2024201508893,2024,201508893,2,9,0,-1,5,1,5,-1,0,2,0,0,0,0,1,2,-1,6,2,48,8,1329,1,15,TOYOTA YARIS,2,E01008892,0,1
2024201533245,2024,201533245,1,9,0,-1,9,3,7,-1,0,1,0,0,0,0,1,1,-1,9,1,31,6,1296,1,16,TOYOTA YARIS,1,E01009270,0,1
2024010511042,2024,010511042,2,9,9,13,13,5,1,0,0,1,9,0,0,0,4,9,6,6,3,-1,-1,1496,1,6,TOYOTA YARIS,-1,-1,0,-1
2024311423013,2024,311423013,1,9,0,-1,19,3,3,-1,0,0,0,0,3,0,1,1,-1,9,2,67,10,1490,8,2,TOYOTA YARIS,8,E01028358,0,3
2024451413424,2024,451413424,1,9,0,-1,19,7,3,-1,0,0,0,0,0,0,1,1,-1,1,1,37,7,1497,8,11,TOYOTA YARIS,9,E01030953,0,1
2024131500775,2024,131500775,1,9,0,-1,3,1,5,-1,0,1,0,0,0,0,3,1,-1,9,2,56,9,1296,1,17,TOYOTA YARIS,1,E01011429,0,1
2024302400464,2024,302400464,3,9,0,2,2,0,0,0,0,2,0,0,0,0,4,1,6,6,3,-1,-1,1497,8,8,TOYOTA YARIS,-1,-1,0,-1
2024471405538,2024,471405538,2,9,0,-1,19,7,3,-1,0,8,0,0,0,0,3,1,-1,9,2,76,11,1329,1,9,TOYOTA YARIS,4,E01031575,0,1
2024041510716,2024,041510716,2,9,0,-1,19,1,5,-1,0,8,0,0,0,0,1,1,-1,6,1,50,8,998,1,18,TOYOTA YARIS,2,E01005566,0,4
2024501531371,2024,501531371,2,9,0,-1,19,6,4,-1,0,0,9,4,0,0,1,1,-1,6,1,-1,-1,1364,2,16,TOYOTA YARIS,6,E01020056,0,4
2024131426680,2024,131426680,1,9,0,-1,7,1,1,-1,0,8,5,7,0,0,1,2,-1,6,2,37,7,1329,1,11,TOYOTA YARIS,1,E01010632,0,1
2024540966124,2024,540966124,1,9,0,16,19,2,6,0,0,3,0,0,0,0,4,1,6,6,1,88,11,1490,8,1,TOYOTA YARIS,8,E01015482,0,1
2024522402838,2024,522402838,1,9,0,18,19,4,8,0,0,8,0,0,0,0,4,1,6,6,1,72,10,1497,8,10,TOYOTA YARIS,4,E01014587,0,2
2024371451092,2024,371451092,2,9,0,-1,10,7,3,-1,0,1,0,0,0,0,2,1,-1,6,1,38,7,1329,1,7,TOYOTA YARIS,8,E01030086,0,2
2024131419991,2024,131419991,4,9,0,-1,2,0,0,-1,0,1,0,0,0,0,4,1,-1,6,-1,-1,-1,1329,1,10,TOYOTA YARIS,-1,-1,0,-1
2024010516616,2024,010516616,1,9,0,99,99,9,9,99,99,9,9,99,9,99,2,9,6,6,1,36,7,1329,1,11,TOYOTA YARIS,3,E01017663,0,4
2024061440240,2024,061440240,1,9,0,-1,1,-1,-1,-1,99,0,0,0,0,0,2,1,-1,6,3,-1,-1,1490,8,0,TOYOTA YARIS,-1,-1,0,-1
2024631500817,2024,631500817,2,9,0,-1,4,4,8,-1,0,0,0,0,0,0,4,1,-1,9,1,60,9,1497,8,6,TOYOTA YARIS,6,W01000774,0,2
2024201411986,2024,201411986,5,9,0,-1,3,3,7,-1,0,0,0,0,0,0,2,1,-1,6,1,22,5,1329,1,13,TOYOTA YARIS,-1,-1,0,-1