collision_index,collision_year,collision_ref_no,vehicle_reference,vehicle_type,towing_and_articulation,vehicle_manoeuvre_historic,vehicle_manoeuvre,vehicle_direction_from,vehicle_direction_to,vehicle_location_restricted_lane_historic,vehicle_location_restricted_lane,junction_location,skidding_and_overturning,hit_object_in_carriageway,vehicle_leaving_carriageway,hit_object_off_carriageway,first_point_of_impact,vehicle_left_hand_drive,journey_purpose_of_driver_historic,journey_purpose_of_driver,sex_of_driver,age_of_driver,age_band_of_driver,engine_capacity_cc,propulsion_code,age_of_vehicle,generic_make_model,driver_imd_decile,lsoa_of_driver,escooter_flag,driver_distance_banding
2024351525247,2024,351525247,1,9,0,-1,19,5,1,-1,0,8,0,0,0,0,3,1,-1,6,1,50,8,1296,1,16,TOYOTA YARIS,5,E01017947,0,1
2024010530457,2024,010530457,2,9,9,99,99,9,9,99,99,9,9,99,9,99,1,9,6,6,3,-1,-1,1329,1,14,TOYOTA YARIS,-1,-1,0,-1
2024131521324,2024,131521324,1,9,0,-1,19,5,1,-1,0,6,0,0,0,0,4,1,-1,2,2,40,7,1490,8,1,TOYOTA YARIS,6,E01011646,0,1
2024440502716,2024,440502716,2,9,0,18,19,1,5,0,0,1,0,0,0,0,1,1,6,6,1,41,7,1296,1,16,TOYOTA YARIS,1,E01017039,0,1
2024131496450,2024,131496450,1,9,0,-1,19,7,5,-1,0,8,1,7,0,0,4,1,-1,7,2,20,4,1329,1,15,TOYOTA YARIS,1,E01011163,0,2
2024010511946,2024,010511946,1,9,0,10,10,4,1,0,0,2,0,0,0,0,3,1,6,6,2,22,5,1490,8,2,TOYOTA YARIS,-1,-1,0,-1
2024401528351,2024,401528351,3,9,0,-1,3,3,7,-1,0,1,0,0,0,0,2,1,-1,6,2,48,8,1490,8,2,TOYOTA YARIS,5,E01015714,0,1
2024061444958,2024,061444958,1,9,0,-1,19,5,1,-1,0,0,0,0,0,0,4,9,-1,6,3,-1,-1,1497,8,4,TOYOTA YARIS,-1,-1,0,-1
2024101413685,2024,101413685,1,9,0,-1,7,2,6,-1,0,0,0,0,0,0,1,1,-1,6,1,41,7,1299,1,21,TOYOTA YARIS,1,E01008823,0,1
2024543684324,2024,543684324,2,9,0,17,19,1,5,0,0,0,0,0,1,0,1,1,6,6,2,67,10,1490,8,2,TOYOTA YARIS,4,E01031917,0,3
2024061533786,2024,061533786,2,9,0,-1,19,5,4,-1,0,8,0,0,0,0,1,1,-1,6,-1,-1,-1,1329,1,12,TOYOTA YARIS,-1,-1,0,-1
2024520001392,2024,520001392,1,9,0,14,14,7,3,0,0,0,0,0,0,0,1,1,6,6,1,31,6,1497,8,5,TOYOTA YARIS,5,E01014707,0,1
2024041478936,2024,041478936,1,9,0,-1,5,3,7,-1,0,8,5,0,0,0,1,1,-1,9,2,23,5,998,1,19,TOYOTA YARIS,2,E01025247,0,1
2024141430621,2024,141430621,2,9,0,-1,2,0,0,-1,0,0,0,0,0,0,1,1,-1,6,-1,-1,-1,1296,1,18,TOYOTA YARIS,-1,-1,0,-1
2024411531538,2024,411531538,1,9,0,-1,4,2,6,-1,0,4,0,0,0,0,3,1,-1,6,2,54,8,1490,8,1,TOYOTA YARIS,8,E01023312,0,1
2024041552203,2024,041552203,1,9,0,-1,19,3,7,-1,0,0,0,0,1,0,1,1,-1,9,1,24,5,1329,1,15,TOYOTA YARIS,1,E01025188,0,2
2024302500283,2024,302500283,1,9,0,-1,19,3,7,-1,0,0,0,0,0,0,1,1,-1,9,2,56,9,1497,8,6,TOYOTA YARIS,7,E01019716,0,2
2024010497918,2024,010497918,1,9,0,99,99,9,9,99,99,9,9,99,9,99,9,9,6,6,2,22,5,998,1,4,TOYOTA YARIS,8,E01000812,0,1
2024041401013,2024,041401013,2,9,0,-1,19,3,7,-1,0,0,0,0,0,0,1,1,-1,6,1,22,5,998,1,19,TOYOTA YARIS,1,E01025293,0,3
2024421485053,2024,421485053,2,9,0,-1,19,3,7,-1,0,1,0,0,0,0,1,1,-1,9,2,80,11,1490,8,0,TOYOTA YARIS,-1,-1,0,-1
2024520402133,2024,520402133,1,9,0,18,19,7,3,0,0,0,0,0,1,10,1,1,6,6,2,19,4,1497,8,9,TOYOTA YARIS,5,E01035122,0,2
2024991489823,2024,991489823,1,9,0,-1,19,5,8,-1,0,0,0,0,0,0,1,1,-1,9,1,31,6,1490,8,2,TOYOTA YARIS,-1,-1,0,-1
2024401511231,2024,401511231,2,9,0,-1,2,0,0,-1,0,0,0,0,0,0,2,1,-1,6,-1,-1,-1,1490,8,1,TOYOTA YARIS,-1,-1,0,-1
2024411409338,2024,411409338,1,9,0,-1,19,7,3,-1,0,0,0,0,0,0,1,1,-1,6,1,28,6,998,1,21,TOYOTA YARIS,2,E01003245,0,4
2024371466497,2024,371466497,2,9,0,-1,19,1,5,-1,0,1,0,0,0,0,3,1,-1,9,1,25,5,998,1,21,TOYOTA YARIS,7,E01026469,0,2
2024302401291,2024,302401291,2,9,0,18,19,6,2,0,0,0,1,0,0,0,1,1,6,6,1,84,11,1496,1,4,TOYOTA YARIS,3,E01019667,0,1
2024061531699,2024,061531699,1,9,0,-1,19,3,7,-1,0,4,0,0,0,0,4,1,-1,7,2,51,8,1490,8,3,TOYOTA YARIS,1,E01004996,0,1
2024052400270,2024,052400270,1,9,0,9,9,1,7,0,0,2,0,0,0,0,1,1,6,6,2,67,10,1497,8,11,TOYOTA YARIS,2,E01006826,0,1
2024010541118,2024,010541118,2,9,0,99,99,9,9,99,99,9,9,99,9,99,9,9,6,6,3,-1,-1,1497,8,9,TOYOTA YARIS,5,E01000260,0,3
2024010524244,2024,010524244,2,9,9,99,99,9,9,99,99,9,9,99,9,99,1,9,6,6,3,-1,-1,1497,8,6,TOYOTA YARIS,-1,-1,0,-1
2024131496440,2024,131496440,1,9,0,-1,19,7,3,-1,0,8,0,0,0,0,1,1,-1,9,1,29,6,1296,1,18,TOYOTA YARIS,1,E01010732,0,1
2024131526444,2024,131526444,1,9,0,-1,19,3,6,-1,0,3,0,0,0,0,1,1,-1,2,1,37,7,998,1,14,TOYOTA YARIS,7,E01011329,0,4
2024522402220,2024,522402220,2,9,0,18,19,5,1,0,0,8,0,0,0,0,4,1,6,6,1,43,7,1329,1,11,TOYOTA YARIS,3,E01014569,0,1
2024610011824,2024,610011824,1,9,0,1,1,1,4,0,0,0,0,0,0,4,2,1,6,6,2,79,11,1497,8,7,TOYOTA YARIS,3,W01001489,0,1
2024010491995,2024,010491995,1,9,0,3,3,9,9,99,99,0,9,99,9,99,1,9,6,6,1,41,7,1299,1,22,TOYOTA YARIS,4,E01002442,0,1
2024201455260,2024,201455260,1,9,0,-1,19,3,7,-1,0,8,5,0,0,0,1,9,-1,9,1,20,4,1490,8,0,TOYOTA YARIS,5,E01009262,0,1
2024010517557,2024,010517557,2,9,0,18,19,5,1,0,0,1,0,0,0,0,1,1,6,6,1,77,11,1299,1,21,TOYOTA YARIS,4,E01001167,0,2
2024010497970,2024,010497970,1,9,0,4,4,8,4,0,0,2,0,0,0,0,1,1,1,1,2,33,6,1329,1,10,TOYOTA YARIS,1,E01001846,0,1
2024631522914,2024,631522914,2,9,0,-1,4,4,8,-1,0,1,0,0,0,0,2,1,-1,2,1,42,7,1329,1,8,TOYOTA YARIS,5,W01000599,0,1
2024131521322,2024,131521322,2,9,0,-1,19,7,3,-1,0,8,0,0,5,1,1,1,-1,9,1,23,5,1364,2,17,TOYOTA YARIS,2,E01011421,0,1
2024622400404,2024,622400404,1,9,0,4,4,8,4,0,0,1,0,7,0,0,1,1,2,2,1,44,7,1329,1,10,TOYOTA YARIS,6,W01001878,0,1
2024531412552,2024,531412552,1,9,0,-1,9,5,3,-1,0,8,0,0,0,0,1,1,-1,6,2,80,11,1329,1,11,TOYOTA YARIS,6,E01022454,0,1
2024231405437,2024,231405437,2,9,0,-1,19,4,8,-1,0,0,0,0,0,0,1,1,-1,9,2,60,9,1329,1,11,TOYOTA YARIS,6,E01031167,0,2
2024010524472,2024,010524472,3,9,0,18,19,7,3,0,0,2,0,0,0,0,1,1,6,6,1,69,10,1497,8,5,TOYOTA YARIS,2,E01000604,0,2
2024010543836,2024,010543836,1,9,0,18,19,5,1,0,0,0,0,0,0,0,4,1,6,6,1,19,4,1490,8,0,TOYOTA YARIS,3,E01001166,0,1
2024501418525,2024,501418525,2,9,0,-1,19,1,5,-1,0,0,0,0,0,0,3,1,-1,6,1,80,11,1496,1,6,TOYOTA YARIS,8,E01019948,0,1
2024522401406,2024,522401406,2,9,0,18,19,5,1,0,0,8,0,0,0,0,3,1,6,6,1,45,7,1329,1,9,TOYOTA YARIS,6,E01014865,0,2
2024141448234,2024,141448234,2,9,0,-1,19,4,1,-1,0,1,5,10,2,7,4,1,-1,9,1,43,7,1329,1,11,TOYOTA YARIS,2,E01007680,0,1
2024471533224,2024,471533224,2,9,0,-1,19,5,2,-1,0,0,0,0,0,0,3,1,-1,9,1,56,9,1329,1,14,TOYOTA YARIS,5,E01031565,0,1
2024010501830,2024,010501830,1,9,0,9,9,5,3,0,0,2,0,0,0,0,1,1,6,6,1,27,6,1497,8,8,TOYOTA YARIS,2,E01000063,0,1
2024421511085,2024,421511085,2,9,0,-1,19,1,5,-1,0,0,0,0,1,0,1,2,-1,9,1,72,10,1490,8,1,TOYOTA YARIS,8,E01022072,0,1
2024421445209,2024,421445209,2,9,0,-1,2,0,0,-1,0,2,0,0,0,0,2,1,-1,6,-1,-1,-1,1497,8,6,TOYOTA YARIS,-1,-1,0,-1
2024131511723,2024,131511723,2,9,0,-1,19,7,3,-1,0,8,0,0,0,0,1,1,-1,9,1,43,7,1497,8,4,TOYOTA YARIS,2,E01011126,0,1
2024061535916,2024,061535916,2,9,0,-1,9,1,5,-1,0,2,0,99,0,0,1,1,-1,6,3,-1,-1,1497,8,11,TOYOTA YARIS,-1,-1,0,-1
2024122401202,2024,122401202,1,9,0,5,5,4,8,0,0,0,0,0,0,0,2,1,6,6,1,37,7,1364,2,11,TOYOTA YARIS,6,E01027557,0,2
2024010526988,2024,010526988,2,9,0,99,99,9,9,99,99,9,9,99,9,99,1,9,6,6,3,-1,-1,998,1,10,TOYOTA YARIS,-1,-1,0,-1
2024440060062,2024,440060062,1,9,0,18,19,3,7,0,0,0,0,0,1,3,4,1,2,2,1,34,6,1490,8,3,TOYOTA YARIS,2,E01015367,0,4
2024010532544,2024,010532544,1,9,0,99,99,9,9,99,99,9,9,99,9,99,2,9,2,2,2,34,6,1490,8,3,TOYOTA YARIS,7,E01033927,0,1
2024131456998,2024,131456998,1,9,0,-1,3,1,5,-1,0,1,0,0,0,0,2,1,-1,6,2,60,9,1490,8,2,TOYOTA YARIS,8,E01011744,0,1
2024010510466,2024,010510466,5,9,0,4,4,3,7,0,0,0,0,0,0,0,2,1,2,2,1,38,7,1329,1,9,TOYOTA YARIS,7,E01000157,0,1
2024461531844,2024,461531844,2,9,0,-1,4,3,7,-1,-1,0,0,0,0,0,2,9,-1,6,2,58,9,1329,1,8,TOYOTA YARIS,6,E01024812,0,2
2024320495556,2024,320495556,2,9,0,-1,-1,2,6,0,0,8,0,0,7,0,1,1,-1,-1,2,20,4,998,1,19,TOYOTA YARIS,6,E01026391,0,2
2024340WN5382,2024,340WN5382,1,9,0,-1,19,5,1,-1,0,6,0,0,0,0,3,1,-1,6,1,43,7,998,1,18,TOYOTA YARIS,-1,-1,0,-1
2024430110169,2024,430110169,1,9,0,18,19,1,5,0,0,0,0,0,0,0,1,1,6,6,1,27,6,1296,1,16,TOYOTA YARIS,6,E01017698,0,1
2024010540713,2024,010540713,1,9,0,-1,-1,3,7,0,0,2,0,0,0,0,1,1,6,6,1,58,9,1329,1,12,TOYOTA YARIS,-1,-1,0,-1
2024340WN9152,2024,340WN9152,1,9,0,-1,19,1,5,-1,0,0,0,0,0,0,1,1,-1,9,1,77,11,1329,1,15,TOYOTA YARIS,8,E01027146,0,2
2024430357154,2024,430357154,1,9,0,5,5,7,3,0,0,0,0,0,0,0,1,1,6,6,2,65,9,1329,1,12,TOYOTA YARIS,8,E01016723,0,1
2024451490013,2024,451490013,1,9,0,-1,19,3,7,-1,0,0,0,0,1,0,1,1,-1,2,2,59,9,1496,1,4,TOYOTA YARIS,5,E01031584,0,1
2024010531865,2024,010531865,1,9,0,4,4,7,3,0,0,1,0,0,0,0,1,1,6,6,2,25,5,1497,8,11,TOYOTA YARIS,6,E01001271,0,1
2024131531412,2024,131531412,2,9,0,-1,5,7,3,-1,0,0,0,0,0,0,0,1,-1,6,1,41,7,1329,1,15,TOYOTA YARIS,6,E01025334,0,4
2024430180550,2024,430180550,2,9,0,18,19,4,8,0,0,0,0,0,0,0,1,1,6,6,1,25,5,1329,1,12,TOYOTA YARIS,-1,-1,0,-1
2024421514899,2024,421514899,1,9,0,-1,19,6,2,-1,0,0,0,0,0,0,1,1,-1,9,2,18,4,1497,8,10,TOYOTA YARIS,8,E01021792,0,2
2024131468018,2024,131468018,3,9,0,-1,3,3,3,-1,0,0,0,0,0,0,2,1,-1,6,1,38,7,1364,2,16,TOYOTA YARIS,1,E01010723,0,1
2024302401108,2024,302401108,1,9,0,18,19,1,5,0,0,8,0,0,0,0,3,1,3,7,1,60,9,1329,1,14,TOYOTA YARIS,2,E01013497,0,1
2024161442353,2024,161442353,2,9,0,-1,19,6,2,-1,0,0,0,0,0,0,1,1,-1,2,1,45,7,1490,8,1,TOYOTA YARIS,9,E01026292,0,4
2024461510901,2024,461510901,1,9,0,-1,19,1,5,-1,0,0,0,0,0,0,1,9,-1,6,1,30,6,1496,1,4,TOYOTA YARIS,1,E01034995,0,2
2024991542670,2024,991542670,1,9,0,-1,2,0,0,-1,0,0,0,0,1,0,2,1,-1,1,2,33,6,1329,1,8,TOYOTA YARIS,2,-1,0,2
2024161461985,2024,161461985,1,9,0,-1,9,8,6,-1,0,1,0,0,0,0,3,1,-1,1,2,45,7,1490,8,1,TOYOTA YARIS,9,E01034755,0,1
2024010513625,2024,010513625,2,9,0,9,9,3,1,0,0,8,0,0,0,0,1,1,2,2,1,60,9,1497,8,5,TOYOTA YARIS,6,E01003742,0,1
2024332400291,2024,332400291,2,9,0,-1,19,6,2,-1,0,0,0,0,0,0,1,1,-1,2,1,18,4,1364,2,12,TOYOTA YARIS,6,E01013738,0,1
2024351538866,2024,351538866,1,9,0,-1,10,5,1,-1,-1,6,0,0,0,0,3,1,-1,6,1,79,11,1490,8,1,TOYOTA YARIS,6,E01034437,0,4
2024041409604,2024,041409604,1,9,0,-1,19,7,3,-1,0,6,0,0,0,0,1,1,-1,9,1,61,9,1364,2,9,TOYOTA YARIS,4,E01024896,0,3
2024421508667,2024,421508667,1,9,0,-1,19,7,3,-1,0,0,2,0,1,9,4,1,-1,2,1,37,7,1296,1,18,TOYOTA YARIS,6,E01021730,0,3
2024440481272,2024,440481272,1,9,0,5,5,7,3,0,0,8,0,0,0,0,1,1,2,2,2,27,6,1497,8,4,TOYOTA YARIS,10,E01034726,0,1
2024461491023,2024,461491023,2,9,0,-1,19,5,8,-1,0,0,0,0,0,0,1,1,-1,9,1,59,9,1329,1,10,TOYOTA YARIS,6,E01021186,0,4
2024440379272,2024,440379272,2,9,0,17,19,5,2,0,0,1,0,0,0,0,3,1,6,6,1,-1,-1,1496,1,5,TOYOTA YARIS,-1,-1,0,-1
2024201535472,2024,201535472,1,9,0,-1,9,3,1,-1,0,2,0,0,0,0,3,1,-1,6,1,58,9,1329,1,12,TOYOTA YARIS,1,E01009479,0,2
2024201534086,2024,201534086,1,9,0,-1,19,2,6,-1,0,4,0,0,0,0,1,1,-1,2,1,64,9,998,1,19,TOYOTA YARIS,1,E01009935,0,3
2024010534948,2024,010534948,2,9,0,99,99,9,9,99,99,9,9,99,9,99,1,9,6,6,2,24,5,1490,8,1,TOYOTA YARIS,3,E01001445,0,3
2024010512935,2024,010512935,1,9,0,99,99,9,9,99,99,9,9,99,9,99,9,9,6,6,2,26,6,1496,1,4,TOYOTA YARIS,6,E01002541,0,2
2024010537816,2024,010537816,1,9,0,3,3,7,3,0,0,1,0,0,0,0,2,1,6,6,1,40,7,1329,1,12,TOYOTA YARIS,6,E01000594,0,1
2024522402610,2024,522402610,2,9,0,1,1,3,7,0,0,8,0,0,0,0,1,1,6,6,1,51,8,1299,1,21,TOYOTA YARIS,2,E01014685,0,1
2024302400833,2024,302400833,2,9,0,16,19,2,6,0,0,8,0,0,0,0,4,1,6,6,1,27,6,1329,1,14,TOYOTA YARIS,1,E01009564,0,4
2024010503160,2024,010503160,1,9,0,5,5,3,7,0,0,8,0,4,0,0,1,1,6,6,1,43,7,1296,1,17,TOYOTA YARIS,3,E01004467,0,1
2024302400065,2024,302400065,2,9,0,14,14,5,1,0,0,1,0,0,7,10,1,1,6,6,1,20,4,1299,1,21,TOYOTA YARIS,3,E01029408,0,2
2024141480183,2024,141480183,4,9,0,-1,2,0,0,-1,0,0,0,0,0,0,3,1,-1,6,-1,-1,-1,1329,1,15,TOYOTA YARIS,-1,-1,0,-1
2024131437942,2024,131437942,1,9,0,-1,19,5,7,-1,0,4,0,0,0,0,3,1,-1,2,2,37,7,1490,8,1,TOYOTA YARIS,4,E01007329,0,2
2024371405836,2024,371405836,1,9,0,-1,19,-1,-1,-1,0,1,0,0,0,0,1,1,-1,9,2,43,7,998,1,22,TOYOTA YARIS,4,E01030022,0,1
2024440007935,2024,440007935,3,9,0,18,19,8,4,0,0,0,0,0,0,0,1,1,6,6,2,27,6,1364,2,16,TOYOTA YARIS,10,E01023243,0,3
2024031483046,2024,031483046,1,9,0,-1,19,6,2,-1,0,1,0,0,0,0,1,1,-1,9,2,81,11,1329,1,12,TOYOTA YARIS,-1,-1,0,-1
2024411455676,2024,411455676,3,9,0,-1,19,3,7,-1,0,0,0,0,0,0,1,1,-1,6,1,25,5,1296,1,17,TOYOTA YARIS,9,E01002110,0,3
2024010530596,2024,010530596,2,9,0,99,99,9,9,99,99,9,9,99,9,99,2,9,6,6,3,-1,-1,1490,8,3,TOYOTA YARIS,-1,-1,0,-1
2024531441272,2024,531441272,2,9,0,-1,4,6,2,-1,0,0,0,0,0,0,0,1,-1,9,2,80,11,1329,1,10,TOYOTA YARIS,10,E01014067,0,4
2024522402067,2024,522402067,2,9,0,9,9,3,1,0,0,5,0,0,0,0,3,1,6,6,3,-1,-1,1490,8,1,TOYOTA YARIS,-1,-1,0,-1
2024440531217,2024,440531217,1,9,0,13,13,8,4,0,0,0,0,0,0,0,4,1,6,6,1,67,10,1497,8,8,TOYOTA YARIS,7,E01023078,0,1
2024131512862,2024,131512862,1,9,0,-1,19,3,7,-1,0,8,5,0,2,11,1,1,-1,6,1,19,4,1798,1,16,TOYOTA YARIS,4,E01010664,0,2
2024131414225,2024,131414225,1,9,0,-1,12,1,5,-1,2,0,0,0,4,10,1,1,-1,6,1,77,11,998,1,13,TOYOTA YARIS,2,E01010869,0,1
2024411454798,2024,411454798,1,9,0,-1,-1,-1,-1,-1,-1,0,-1,-1,-1,0,2,9,-1,6,1,94,11,1296,1,16,TOYOTA YARIS,5,E01000277,0,2
2024010531233,2024,010531233,1,9,0,9,9,1,7,0,0,6,0,0,0,0,1,1,6,6,1,59,9,1329,1,11,TOYOTA YARIS,3,E01002627,0,1
2024320698720,2024,320698720,2,9,0,9,9,4,2,0,0,8,0,0,0,0,4,1,6,6,1,50,8,1497,8,4,TOYOTA YARIS,7,E01026145,0,1
2024471522975,2024,471522975,1,9,0,-1,19,1,5,-1,0,0,0,0,0,0,1,1,-1,9,1,53,8,1490,8,1,TOYOTA YARIS,3,E01021050,0,3
2024552400916,2024,552400916,1,9,0,7,7,7,2,0,0,8,0,10,1,1,1,1,6,6,1,70,10,1490,8,3,TOYOTA YARIS,8,E01020491,0,3
2024010511830,2024,010511830,2,9,0,99,99,9,9,99,99,9,9,99,9,99,1,9,6,6,3,-1,-1,1329,1,13,TOYOTA YARIS,-1,-1,0,-1
2024010536875,2024,010536875,2,9,0,18,19,3,7,0,0,8,0,0,0,0,1,1,6,6,3,-1,-1,998,1,14,TOYOTA YARIS,-1,-1,0,-1
2024548527024,2024,548527024,2,9,0,4,4,7,3,0,0,1,0,0,0,0,3,1,6,6,2,50,8,1490,8,2,TOYOTA YARIS,8,E01032038,0,1
2024010502421,2024,010502421,1,9,0,17,19,1,7,0,0,8,0,0,0,0,1,1,2,2,1,63,9,1329,1,8,TOYOTA YARIS,7,E01023098,0,4
2024070616606,2024,070616606,1,9,0,5,5,1,6,0,0,1,0,0,0,0,1,1,1,1,1,28,6,1296,1,17,TOYOTA YARIS,8,E01018686,0,1
2024552400783,2024,552400783,2,9,0,18,19,5,1,0,0,1,0,0,7,11,4,1,6,6,2,88,11,1299,1,21,TOYOTA YARIS,10,E01015434,0,1
2024461539217,2024,461539217,1,9,0,-1,19,-1,-1,-1,-1,0,0,0,-1,0,1,9,-1,6,1,82,11,1490,8,0,TOYOTA YARIS,8,E01024542,0,2
2024010529466,2024,010529466,1,9,0,18,19,3,7,0,0,0,0,4,0,0,1,1,2,2,2,53,8,1496,1,6,TOYOTA YARIS,6,E01024180,0,1
2024201448459,2024,201448459,4,9,0,-1,2,0,0,-1,0,0,0,0,0,0,2,1,-1,6,1,25,5,1497,8,9,TOYOTA YARIS,4,E01009175,0,1
2024501427724,2024,501427724,3,9,0,-1,19,8,4,-1,0,0,0,0,0,0,3,1,-1,6,2,61,9,1497,8,4,TOYOTA YARIS,8,E01034858,0,1
2024131525631,2024,131525631,2,9,0,-1,9,6,1,-1,0,0,0,0,0,0,4,1,-1,9,1,49,8,1364,2,18,TOYOTA YARIS,3,E01011908,0,1
2024122400947,2024,122400947,4,9,0,10,10,8,6,0,0,8,0,0,0,0,2,1,6,6,1,67,10,1490,8,4,TOYOTA YARIS,10,E01027721,0,1
2024531490183,2024,531490183,2,9,0,-1,9,3,1,-1,0,8,0,0,0,0,4,1,-1,9,2,44,7,1329,1,13,TOYOTA YARIS,6,E01022236,0,2
2024061414467,2024,061414467,1,9,-1,-1,-1,-1,-1,-1,-1,0,-1,-1,-1,0,-1,9,-1,6,2,-1,-1,1329,1,14,TOYOTA YARIS,-1,-1,0,-1
2024010531652,2024,010531652,2,9,0,18,19,2,6,0,0,1,0,0,0,0,2,1,6,6,1,40,7,1497,8,5,TOYOTA YARIS,7,E01030410,0,2
2024010542962,2024,010542962,2,9,0,9,9,5,2,0,0,6,0,0,0,0,1,1,2,2,2,40,7,1296,1,17,TOYOTA YARIS,6,E01002005,0,1
2024311451671,2024,311451671,2,9,0,-1,19,4,2,-1,0,8,0,0,0,0,2,1,-1,9,2,70,10,1490,8,1,TOYOTA YARIS,9,E01028219,0,2
2024471432934,2024,471432934,1,9,0,-1,7,3,5,-1,0,2,0,0,0,0,1,1,-1,2,2,62,9,1496,1,5,TOYOTA YARIS,4,E01031377,0,1
2024010525240,2024,010525240,1,9,0,3,3,1,5,9,9,1,0,0,0,0,1,1,6,6,1,61,9,1497,8,11,TOYOTA YARIS,3,E01004467,0,1
2024131426282,2024,131426282,1,9,0,-1,19,1,1,-1,0,1,0,0,0,0,1,1,-1,6,1,26,6,1364,2,17,TOYOTA YARIS,1,E01011080,0,1
2024411419240,2024,411419240,1,9,-1,-1,-1,-1,-1,-1,-1,0,-1,-1,-1,0,-1,9,-1,6,3,-1,-1,1329,1,12,TOYOTA YARIS,-1,-1,0,-1
2024061464831,2024,061464831,2,9,0,-1,19,6,2,-1,0,0,1,0,2,2,4,1,-1,9,1,77,11,1490,8,1,TOYOTA YARIS,1,E01005874,0,2
2024421487398,2024,421487398,2,9,0,-1,8,5,7,-1,0,0,0,0,0,0,2,1,-1,6,1,33,6,1490,8,2,TOYOTA YARIS,3,E01016070,0,4
2024610046224,2024,610046224,1,9,0,18,19,1,5,0,0,1,0,0,0,0,1,1,6,6,2,31,6,1497,8,8,TOYOTA YARIS,5,W01001359,0,1
2024061534866,2024,061534866,1,9,0,-1,2,-1,-1,-1,0,9,0,99,0,0,1,1,-1,1,1,31,6,998,1,18,TOYOTA YARIS,1,E01005941,0,1
2024501510641,2024,501510641,1,9,0,-1,7,4,6,-1,0,6,0,0,0,0,1,1,-1,9,2,17,4,998,1,19,TOYOTA YARIS,7,E01018901,0,2
2024320429254,2024,320429254,2,9,0,-1,-1,4,8,0,0,8,5,0,0,0,4,1,-1,-1,1,56,9,1329,1,14,TOYOTA YARIS,7,E01013418,0,5
2024311461968,2024,311461968,2,9,0,-1,9,1,7,-1,0,7,0,0,0,0,4,1,-1,9,2,47,8,1497,8,4,TOYOTA YARIS,6,E01028392,0,1
2024161398354,2024,161398354,2,9,0,-1,5,1,5,-1,0,4,0,0,0,0,4,9,-1,6,2,33,6,1490,8,1,TOYOTA YARIS,-1,-1,0,-1
2024302400616,2024,302400616,1,9,0,2,2,0,0,0,0,2,0,0,0,0,3,1,6,6,1,53,8,1490,8,1,TOYOTA YARIS,6,E01013491,0,1
2024302400860,2024,302400860,1,8,0,5,5,8,4,0,0,0,0,0,0,0,4,1,6,6,3,-1,-1,1497,8,6,TOYOTA YARIS,5,E01019456,0,3
2024010535327,2024,010535327,2,9,0,18,19,7,3,0,0,1,0,4,0,0,1,1,6,6,2,44,7,1497,8,9,TOYOTA YARIS,6,E01002353,0,1
2024201421481,2024,201421481,2,9,0,-1,19,5,1,-1,0,0,0,0,0,0,3,9,-1,6,2,31,6,1296,1,15,TOYOTA YARIS,1,E01009485,0,2
2024631499302,2024,631499302,2,9,0,-1,19,4,8,-1,0,6,0,0,0,0,4,1,-1,9,2,58,9,1329,1,11,TOYOTA YARIS,4,W01000637,0,1
2024411437503,2024,411437503,2,9,0,-1,4,4,8,-1,0,0,0,0,0,0,2,1,-1,6,2,54,8,1497,8,7,TOYOTA YARIS,3,E01000308,0,2
2024010507263,2024,010507263,1,9,0,99,99,9,9,99,99,0,9,99,9,99,9,9,6,6,2,25,5,1497,8,7,TOYOTA YARIS,1,E01004042,0,1
2024201461354,2024,201461354,1,9,0,-1,4,5,1,-1,0,1,0,0,0,0,3,9,-1,9,2,19,4,1490,8,1,TOYOTA YARIS,-1,-1,0,-1
2024501414830,2024,501414830,11,9,0,-1,3,8,3,-1,0,0,0,0,0,0,1,1,-1,6,1,35,6,1364,2,10,TOYOTA YARIS,5,E01020224,0,1
2024351541335,2024,351541335,1,9,0,-1,9,5,1,-1,0,8,0,0,0,0,1,1,-1,1,2,62,9,1490,8,2,TOYOTA YARIS,2,E01017946,0,2
2024440186805,2024,440186805,2,9,0,18,19,2,6,0,0,2,0,0,0,0,1,1,6,6,1,70,10,1496,1,5,TOYOTA YARIS,6,E01022614,0,1
2024101488178,2024,101488178,1,9,0,-1,19,7,3,-1,0,4,0,0,0,0,1,1,-1,9,2,53,8,1296,1,16,TOYOTA YARIS,-1,-1,0,-1
2024070815502,2024,070815502,1,9,0,-1,19,8,4,-1,0,0,0,0,1,4,1,1,-1,6,2,31,6,1296,1,17,TOYOTA YARIS,4,E01018618,0,1
2024430505484,2024,430505484,2,9,0,9,9,5,3,0,0,8,0,0,0,0,4,1,6,6,1,38,7,998,1,15,TOYOTA YARIS,3,E01016738,0,1
2024141472536,2024,141472536,1,9,0,-1,19,1,5,-1,0,0,0,0,0,0,3,1,-1,9,1,22,5,1329,1,11,TOYOTA YARIS,2,E01008089,0,2
2024461536164,2024,461536164,2,9,0,-1,4,7,3,-1,0,0,0,0,0,0,2,9,-1,9,2,58,9,1490,8,1,TOYOTA YARIS,2,E01020998,0,4
2024421435935,2024,421435935,2,9,0,-1,9,1,5,-1,0,1,0,0,0,0,3,1,-1,6,2,24,5,1490,8,1,TOYOTA YARIS,6,E01021509,0,1
2024041435572,2024,041435572,1,9,0,-1,19,5,5,-1,0,3,0,0,1,7,3,1,-1,9,2,88,11,1490,8,2,TOYOTA YARIS,2,E01025264,0,1