collision_index,collision_year,collision_ref_no,vehicle_reference,vehicle_type,towing_and_articulation,vehicle_manoeuvre_historic,vehicle_manoeuvre,vehicle_direction_from,vehicle_direction_to,vehicle_location_restricted_lane_historic,vehicle_location_restricted_lane,junction_location,skidding_and_overturning,hit_object_in_carriageway,vehicle_leaving_carriageway,hit_object_off_carriageway,first_point_of_impact,vehicle_left_hand_drive,journey_purpose_of_driver_historic,journey_purpose_of_driver,sex_of_driver,age_of_driver,age_band_of_driver,engine_capacity_cc,propulsion_code,age_of_vehicle,generic_make_model,driver_imd_decile,lsoa_of_driver,escooter_flag,driver_distance_banding
2024010509382,2024,010509382,2,9,0,13,13,9,9,99,99,0,9,99,9,99,1,9,6,6,3,-1,-1,1296,1,16,TOYOTA YARIS,-1,-1,0,-1
2024131495996,2024,131495996,1,9,0,-1,19,1,5,-1,0,0,0,0,0,0,1,1,-1,6,-1,-1,-1,1329,1,14,TOYOTA YARIS,-1,-1,0,-1
2024552400489,2024,552400489,1,9,0,7,7,7,1,0,0,6,0,0,0,0,0,1,2,2,2,27,6,1497,8,7,TOYOTA YARIS,5,E01015377,0,1
2024501503993,2024,501503993,2,9,0,-1,3,-1,-1,-1,0,8,0,0,0,0,4,1,-1,6,2,23,5,1329,1,8,TOYOTA YARIS,2,E01015075,0,1
2024131436717,2024,131436717,2,9,0,-1,19,3,7,-1,0,2,0,0,0,0,3,1,-1,6,1,40,7,1329,1,11,TOYOTA YARIS,3,E01010669,0,1
2024010499198,2024,010499198,2,9,0,5,5,9,9,99,99,9,9,99,9,99,9,9,6,6,3,-1,-1,1490,8,1,TOYOTA YARIS,4,E01001061,0,3
2024010549917,2024,010549917,2,9,0,99,99,9,9,99,99,9,9,99,9,99,9,9,6,6,3,-1,-1,1329,1,9,TOYOTA YARIS,-1,-1,0,-1
2024332400371,2024,332400371,1,9,0,-1,1,7,3,-1,0,0,0,0,0,0,1,1,-1,6,1,-1,-1,1329,1,14,TOYOTA YARIS,-1,-1,0,-1
2024010512269,2024,010512269,3,9,0,16,19,5,7,0,0,0,0,0,0,0,1,1,6,6,2,65,9,1329,1,12,TOYOTA YARIS,3,E01003689,0,1
2024471527241,2024,471527241,2,9,0,-1,1,4,8,-1,0,0,9,0,0,0,2,1,-1,6,1,48,8,1299,1,19,TOYOTA YARIS,7,E01030643,0,4
2024351411555,2024,351411555,1,9,0,-1,1,-1,-1,-1,0,0,0,0,0,0,2,9,-1,6,2,45,7,1490,8,2,TOYOTA YARIS,2,E01015605,0,1
2024010545981,2024,010545981,2,9,0,2,2,0,0,0,0,8,1,0,1,0,2,1,6,6,3,-1,-1,1490,8,1,TOYOTA YARIS,-1,-1,0,-1
2024010550133,2024,010550133,2,9,0,99,99,9,9,99,99,9,9,99,9,99,1,9,6,6,3,-1,-1,1329,1,13,TOYOTA YARIS,-1,-1,0,-1
2024041409160,2024,041409160,2,9,0,-1,19,3,7,-1,0,8,1,0,0,0,1,1,-1,9,1,19,4,1296,1,16,TOYOTA YARIS,2,E01025059,0,1
2024131402424,2024,131402424,2,9,0,-1,19,1,5,-1,0,0,0,0,0,0,1,1,-1,1,1,22,5,998,1,19,TOYOTA YARIS,1,E01010731,0,1
2024440398783,2024,440398783,1,9,0,18,19,1,5,0,0,8,0,0,0,0,1,1,6,6,2,24,5,1299,1,23,TOYOTA YARIS,4,E01017282,0,1
2024041424125,2024,041424125,1,9,0,-1,19,7,3,-1,0,3,1,0,1,10,1,1,-1,6,2,49,8,998,1,7,TOYOTA YARIS,7,E01025400,0,1
2024522401154,2024,522401154,3,9,0,18,19,6,2,0,0,0,0,0,0,0,2,1,6,6,1,24,5,998,1,21,TOYOTA YARIS,2,E01014574,0,1
2024522401872,2024,522401872,2,9,0,18,19,8,4,0,0,0,0,0,0,0,1,1,6,6,1,21,5,1296,1,18,TOYOTA YARIS,5,E01020485,0,4
2024010506079,2024,010506079,1,9,0,5,5,3,7,0,0,1,0,0,0,0,1,1,2,2,2,64,9,1296,1,15,TOYOTA YARIS,4,E01003308,0,1
2024141462413,2024,141462413,2,9,0,-1,19,6,2,-1,0,2,0,0,0,0,1,1,-1,9,1,63,9,1299,1,23,TOYOTA YARIS,1,E01007531,0,1
2024070978668,2024,070978668,2,9,0,-1,8,6,1,-1,0,1,0,0,0,0,2,1,-1,6,2,41,7,1496,1,7,TOYOTA YARIS,8,W01000275,0,3
2024201517126,2024,201517126,2,9,0,-1,2,0,0,-1,0,0,0,4,0,0,3,1,-1,6,-1,-1,-1,1496,1,6,TOYOTA YARIS,-1,-1,0,-1
2024010522752,2024,010522752,1,9,0,18,19,5,1,0,0,0,0,0,0,0,2,1,6,6,1,46,8,1296,1,16,TOYOTA YARIS,3,E01001806,0,2
2024201562640,2024,201562640,3,9,0,-1,2,0,0,-1,9,5,0,0,0,0,2,1,-1,6,1,31,6,1364,2,15,TOYOTA YARIS,-1,-1,0,-1
2024052401072,2024,052401072,2,9,0,18,19,1,5,0,0,8,0,0,0,0,4,1,6,6,1,33,6,1490,8,1,TOYOTA YARIS,1,E01006861,0,2
2024440049294,2024,440049294,1,9,0,18,19,6,2,0,0,1,0,0,0,0,1,1,6,6,2,51,8,1490,8,2,TOYOTA YARIS,2,E01022906,0,1
2024501458128,2024,501458128,2,9,0,-1,9,1,7,-1,0,1,0,0,0,0,3,1,-1,6,1,66,10,1329,1,8,TOYOTA YARIS,7,E01019899,0,3
2024411479045,2024,411479045,2,9,0,-1,3,1,3,-1,0,1,0,0,0,0,2,1,-1,6,1,55,8,1497,8,8,TOYOTA YARIS,6,E01023761,0,1
2024061532534,2024,061532534,1,9,0,-1,3,-1,-1,-1,0,0,0,0,0,0,2,1,-1,2,1,36,7,1329,1,15,TOYOTA YARIS,2,E01006238,0,3
2024332400190,2024,332400190,2,9,0,-1,19,3,7,-1,0,0,0,0,0,0,1,1,-1,1,1,-1,-1,1618,1,3,TOYOTA YARIS,-1,-1,0,-1
2024201413540,2024,201413540,1,9,0,-1,19,5,1,-1,0,0,0,10,1,2,1,9,-1,2,1,-1,-1,1329,1,15,TOYOTA YARIS,2,E01010052,0,1
2024211457422,2024,211457422,1,9,-1,-1,-1,-1,-1,-1,-1,0,-1,-1,-1,0,-1,1,-1,6,2,29,6,1490,8,1,TOYOTA YARIS,2,E01029351,0,1
2024070460084,2024,070460084,2,9,0,4,4,7,3,0,0,0,0,0,0,0,2,1,6,6,1,64,9,1490,8,1,TOYOTA YARIS,-1,-1,0,-1
2024371514138,2024,371514138,1,9,0,-1,19,7,3,-1,0,0,0,0,0,0,3,1,-1,1,2,43,7,1490,8,2,TOYOTA YARIS,1,E01029986,0,1
2024401421087,2024,401421087,2,9,0,-1,5,7,1,-1,0,1,0,0,3,0,1,1,-1,2,2,35,6,1497,8,5,TOYOTA YARIS,3,E01015713,0,1
202460Q171127,2024,60Q171127,1,9,0,18,19,7,3,0,0,0,5,0,2,11,4,1,6,6,2,72,10,1329,1,8,TOYOTA YARIS,-1,-1,0,-1
2024010497979,2024,010497979,2,9,0,99,99,9,9,99,99,5,9,99,9,99,1,9,6,6,3,-1,-1,1329,1,15,TOYOTA YARIS,-1,-1,0,-1
2024421431645,2024,421431645,2,9,0,-1,4,7,3,-1,0,4,0,0,0,0,2,9,-1,6,2,58,9,1329,1,13,TOYOTA YARIS,3,E01016005,0,1
2024440153862,2024,440153862,2,9,0,9,9,8,6,0,0,8,0,0,0,0,3,1,6,6,1,18,4,998,1,17,TOYOTA YARIS,8,E01022958,0,2
2024101528040,2024,101528040,1,9,0,-1,19,5,1,-1,0,0,0,0,0,0,1,1,-1,6,1,24,5,998,1,14,TOYOTA YARIS,1,E01005615,0,5
2024552401066,2024,552401066,1,9,0,18,19,7,3,0,0,0,0,8,7,2,1,1,6,6,2,73,10,1490,8,2,TOYOTA YARIS,10,E01020383,0,1
2024320469737,2024,320469737,1,9,0,-1,-1,6,2,0,0,1,0,0,0,0,1,1,-1,-1,1,23,5,1497,8,4,TOYOTA YARIS,6,E01026120,0,3
2024552400414,2024,552400414,3,9,0,18,19,1,5,0,0,0,0,0,0,0,1,1,6,6,2,23,5,1496,1,5,TOYOTA YARIS,2,E01015273,0,3
2024221517641,2024,221517641,2,9,0,-1,9,6,3,-1,0,6,0,0,0,0,3,1,-1,6,1,43,7,1496,1,5,TOYOTA YARIS,4,E01011477,0,5
2024552400824,2024,552400824,1,9,0,9,9,2,8,0,0,8,0,0,0,0,1,1,6,6,1,62,9,1296,1,17,TOYOTA YARIS,1,E01034275,0,1
2024622400142,2024,622400142,1,9,0,18,19,8,4,0,0,0,0,4,0,0,0,1,6,6,2,83,11,1329,1,12,TOYOTA YARIS,6,W01001228,0,1
2024061409073,2024,061409073,1,9,0,-1,19,1,5,-1,0,0,0,0,0,0,1,1,-1,9,1,50,8,1296,1,18,TOYOTA YARIS,2,E01034118,0,1
2024421517314,2024,421517314,1,9,0,-1,19,5,1,-1,0,0,0,0,2,0,1,1,-1,9,2,31,6,1497,8,5,TOYOTA YARIS,8,E01018296,0,3
2024302400631,2024,302400631,1,9,0,2,2,0,0,0,0,0,0,0,0,0,2,1,6,6,1,64,9,1299,1,19,TOYOTA YARIS,5,E01027948,0,3
2024010511241,2024,010511241,1,9,0,99,99,9,9,99,99,9,9,99,9,99,9,9,6,6,2,40,7,1496,1,6,TOYOTA YARIS,3,E01003438,0,1
2024010521403,2024,010521403,1,9,0,18,19,9,9,99,99,0,9,99,9,99,1,9,6,6,3,36,7,1329,1,7,TOYOTA YARIS,3,E01001360,0,1
2024302400653,2024,302400653,2,9,0,10,10,3,1,0,0,1,0,0,0,0,3,1,6,6,2,18,4,1497,8,6,TOYOTA YARIS,10,E01019686,0,1
2024141516649,2024,141516649,1,9,0,-1,19,2,6,-1,0,1,0,10,0,0,4,1,-1,9,1,23,5,1296,1,17,TOYOTA YARIS,1,E01007352,0,1
2024201528962,2024,201528962,1,9,0,-1,6,5,3,-1,0,6,0,0,0,0,1,1,-1,6,1,31,6,1329,1,14,TOYOTA YARIS,3,E01009232,0,2
2024471416595,2024,471416595,2,9,0,-1,19,2,5,-1,0,0,0,0,0,0,0,1,-1,6,1,18,4,1299,1,19,TOYOTA YARIS,9,E01021208,0,3
2024451478966,2024,451478966,2,9,0,-1,4,1,4,-1,0,0,0,0,0,0,0,1,-1,2,1,57,9,1490,8,3,TOYOTA YARIS,3,E01031559,0,4
2024141450469,2024,141450469,2,9,0,-1,9,5,3,-1,0,8,0,0,0,0,1,9,-1,6,2,29,6,1490,8,2,TOYOTA YARIS,4,E01005728,0,4
2024010511594,2024,010511594,1,9,0,99,99,9,9,99,99,9,9,99,9,99,2,9,6,6,2,38,7,1497,8,9,TOYOTA YARIS,2,E01004615,0,1
2024201414955,2024,201414955,1,9,0,-1,8,2,5,-1,0,1,0,0,0,0,2,9,-1,9,1,37,7,1329,1,13,TOYOTA YARIS,2,E01008892,0,3
2024131416380,2024,131416380,2,9,0,-1,5,7,3,-1,0,1,0,0,2,0,1,1,-1,1,1,52,8,1299,1,21,TOYOTA YARIS,1,E01034582,0,1
2024552400102,2024,552400102,2,3,0,18,19,6,2,0,0,8,0,0,0,0,4,1,6,6,1,53,8,1063,1,22,MAKE AND MODEL REDACTED,6,E01020508,0,1
2024401519298,2024,401519298,2,3,0,-1,19,1,5,-1,0,1,0,0,0,0,1,1,-1,9,2,61,9,125,1,8,MAKE AND MODEL REDACTED,10,E01017415,0,1
2024010503799,2024,010503799,1,4,0,18,19,3,7,0,0,8,1,0,0,0,1,1,6,6,1,23,5,125,1,8,MAKE AND MODEL REDACTED,5,E01001933,0,1
2024010524841,2024,010524841,1,3,0,9,9,5,2,0,0,6,0,0,0,0,1,1,1,1,1,27,6,125,1,7,MAKE AND MODEL REDACTED,-1,-1,0,-1
2024010543173,2024,010543173,2,3,0,7,7,7,1,0,0,8,0,0,0,0,3,1,1,1,1,49,8,125,1,7,MAKE AND MODEL REDACTED,2,E01003060,0,4
2024461488139,2024,461488139,2,4,0,-1,19,5,1,-1,0,0,1,0,0,0,1,1,-1,2,1,57,9,125,1,10,MAKE AND MODEL REDACTED,2,E01016140,0,3
2024010535693,2024,010535693,1,3,0,99,99,9,9,99,99,0,9,99,9,99,1,1,1,1,3,39,7,125,1,8,MAKE AND MODEL REDACTED,4,E01000788,0,3
2024332400288,2024,332400288,1,9,0,-1,19,6,2,-1,0,0,5,7,1,7,1,1,-1,6,1,43,7,1968,2,9,AUDI TTS,8,E01025967,0,3
2024161527188,2024,161527188,2,9,0,-1,19,7,3,-1,0,0,0,0,1,9,1,1,-1,9,1,29,6,1968,2,14,AUDI TTS,1,E01033021,0,4
2024421476575,2024,421476575,3,9,0,-1,8,6,6,-1,0,8,0,0,0,0,3,1,-1,2,2,65,9,1968,2,13,AUDI TTS,7,E01021910,0,1
202454E618424,2024,54E618424,2,9,0,18,19,2,6,0,0,1,0,0,0,0,4,1,6,6,2,55,8,1984,1,8,AUDI TTS,5,E01031889,0,1
2024201501883,2024,201501883,2,9,0,-1,3,2,7,-1,0,2,5,10,1,0,4,9,-1,6,1,39,7,1984,1,9,AUDI TTS,4,E01028335,0,4
2024430499049,2024,430499049,1,9,0,10,10,5,3,0,0,1,0,0,0,0,2,1,6,6,2,61,9,1984,1,8,AUDI TTS,9,E01016414,0,1
2024131486721,2024,131486721,1,9,0,-1,19,1,5,-1,0,8,0,0,1,0,1,1,-1,9,1,22,5,1968,2,12,AUDI TTS,7,E01011413,0,1
2024421403407,2024,421403407,1,9,0,-1,19,8,4,-1,0,0,0,0,7,0,1,1,-1,6,2,27,6,1968,2,14,AUDI TTS,7,E01021900,0,2
2024161413697,2024,161413697,2,9,0,-1,19,1,5,-1,0,0,1,0,1,0,3,1,-1,9,1,59,9,1968,2,11,AUDI TTS,5,E01012769,0,4
2024461479808,2024,461479808,1,9,0,-1,5,1,7,-1,0,8,0,0,0,0,3,1,-1,6,2,26,6,1984,1,6,AUDI TTS,4,E01016174,0,1
2024522401274,2024,522401274,2,9,0,18,19,5,1,0,0,8,0,0,0,0,1,1,6,6,1,-1,-1,1984,1,14,AUDI TTS,8,E01032681,0,1
2024211438083,2024,211438083,2,9,0,-1,2,0,0,-1,0,0,0,0,0,0,3,1,-1,6,-1,-1,-1,1968,2,7,AUDI TTS,-1,-1,0,-1
2024010528161,2024,010528161,1,9,0,5,5,7,3,0,0,0,0,0,0,0,2,1,6,6,1,53,8,1984,1,13,AUDI TTS,3,E01034222,0,1
2024471406997,2024,471406997,1,9,0,-1,19,3,7,-1,0,0,0,0,0,0,1,1,-1,2,1,40,7,1968,2,9,AUDI TTS,2,E01015277,0,4
2024010533973,2024,010533973,1,9,0,18,19,3,7,0,0,1,0,0,0,0,3,1,2,2,2,37,7,1984,1,9,AUDI TTS,-1,-1,0,-1
2024991433221,2024,991433221,2,9,0,-1,19,8,3,-1,0,0,0,0,0,0,1,1,-1,9,1,55,8,1984,1,7,AUDI TTS,-1,-1,0,-1
2024411459943,2024,411459943,1,9,0,-1,19,7,3,-1,0,0,0,0,0,0,1,9,-1,6,1,-1,-1,1984,1,15,AUDI TTS,5,E01023293,0,2
2024041442895,2024,041442895,2,9,0,-1,4,5,1,-1,0,2,0,0,0,0,2,1,-1,9,2,40,7,1984,1,4,AUDI TTS,7,E01025599,0,1
2024061448278,2024,061448278,2,9,0,-1,19,6,2,-1,0,8,1,0,1,11,4,2,-1,9,1,23,5,1984,1,6,AUDI TTS,8,E01005575,0,1
2024451524300,2024,451524300,1,9,0,-1,6,1,5,-1,0,0,0,0,0,0,4,1,-1,9,1,61,9,1984,1,7,AUDI TTS,8,E01030544,0,1
2024201501757,2024,201501757,4,9,0,-1,2,0,0,-1,0,1,0,0,0,0,1,1,-1,6,1,57,9,1968,2,13,AUDI TTS,-1,-1,0,-1
2024201533225,2024,201533225,1,9,0,-1,19,1,1,-1,0,4,0,0,0,0,1,9,-1,6,2,23,5,1984,1,8,AUDI TTS,9,E01009826,0,1
2024461447344,2024,461447344,2,9,0,-1,19,1,5,-1,0,1,0,0,0,0,3,1,-1,9,1,43,7,1984,1,9,AUDI TTS,5,E01016125,0,1
2024010501959,2024,010501959,2,9,0,4,4,6,2,0,0,0,0,0,0,0,2,1,6,6,2,25,5,1984,1,7,AUDI TTS,9,E01001098,0,1
2024211458895,2024,211458895,1,9,0,-1,19,5,1,-1,2,0,0,7,0,0,1,1,-1,9,1,77,11,1984,1,7,AUDI TTS,7,E01029581,0,1
2024552401428,2024,552401428,1,9,0,18,19,3,7,0,0,1,0,0,0,0,1,1,6,6,1,41,7,1984,1,8,AUDI TTS,7,E01015450,0,1
2024010503812,2024,010503812,2,9,0,2,2,0,0,0,0,0,0,0,0,0,1,1,6,6,3,-1,-1,1984,1,8,AUDI TTS,-1,-1,0,-1
2024520402107,2024,520402107,1,9,0,18,19,5,1,0,0,0,0,0,0,0,4,1,6,6,1,56,9,1984,1,6,AUDI TTS,8,E01029201,0,3
2024302400169,2024,302400169,2,9,0,4,4,7,5,0,0,1,0,0,0,0,2,1,2,2,2,35,6,1984,1,3,AUDI TTS,6,E01019819,0,1
2024610041024,2024,610041024,1,9,0,18,19,7,3,0,0,0,0,0,0,0,1,1,1,1,1,33,6,1984,1,6,AUDI TTS,2,W01001532,0,1
2024211508710,2024,211508710,2,9,0,-1,19,3,8,-1,0,0,0,0,0,0,1,1,-1,6,2,42,7,1968,2,9,AUDI TTS,10,E01018408,0,4
2024061489330,2024,061489330,2,9,0,-1,19,2,6,-1,0,8,0,0,0,0,1,1,-1,9,2,77,11,1984,1,3,AUDI TTS,7,E01019754,0,1
2024430009582,2024,430009582,1,9,0,16,19,4,7,0,0,0,0,0,0,0,3,1,6,6,2,30,6,1984,1,7,AUDI TTS,9,E01028481,0,3
2024141413013,2024,141413013,1,9,0,-1,19,3,7,-1,0,0,5,0,1,0,1,1,-1,6,1,51,8,1984,1,9,AUDI TTS,5,E01007558,0,1
2024231513373,2024,231513373,1,9,0,-1,12,8,4,-1,0,0,0,0,0,0,1,9,-1,6,1,21,5,1984,1,9,AUDI TTS,2,E01028448,0,3
2024201491924,2024,201491924,1,9,0,-1,13,1,5,-1,0,8,0,10,1,1,1,1,-1,9,1,29,6,1984,1,7,AUDI TTS,5,E01009520,0,2
2024231535008,2024,231535008,4,9,0,-1,2,0,0,-1,0,0,0,0,0,0,1,1,-1,6,1,43,7,1984,1,15,AUDI TTS,3,E01031012,0,1
2024421498602,2024,421498602,1,9,0,-1,19,2,7,-1,0,0,0,10,7,10,4,1,-1,9,2,44,7,1984,1,7,AUDI TTS,8,E01029905,0,3
2024471437219,2024,471437219,2,9,0,-1,2,0,0,-1,0,1,1,0,0,0,3,1,-1,6,-1,-1,-1,1984,1,15,AUDI TTS,-1,-1,0,-1
2024430323325,2024,430323325,2,9,-1,18,19,-1,-1,0,0,0,0,0,0,0,1,-1,6,6,1,23,5,1984,1,8,AUDI TTS,-1,-1,0,-1
2024361441080,2024,361441080,1,9,0,-1,19,3,7,-1,0,0,0,0,0,0,3,1,-1,1,2,44,7,1968,2,7,AUDI TTS,6,E01026605,0,3
2024010531240,2024,010531240,2,9,0,99,99,9,9,99,99,8,9,99,9,99,1,9,6,6,3,-1,-1,1798,1,6,AUDI TTS,-1,-1,0,-1
2024340NN3352,2024,340NN3352,2,9,0,-1,4,3,7,-1,0,0,0,0,0,0,2,1,-1,1,1,53,8,1984,1,4,AUDI TTS,9,E01031138,0,4
2024041441334,2024,041441334,2,9,0,-1,19,1,5,-1,0,0,0,0,0,0,4,1,-1,2,2,48,8,1984,1,3,AUDI TTS,10,E01024950,0,1
2024041418716,2024,041418716,2,9,0,-1,19,5,1,-1,0,8,0,0,0,0,1,1,-1,9,1,47,8,1984,1,13,AUDI TTS,1,E01025286,0,1
2024622400124,2024,622400124,2,9,0,18,19,4,8,0,0,0,0,0,0,0,2,1,2,2,1,47,8,1984,1,15,AUDI TTS,5,W01001350,0,2
2024991462842,2024,991462842,1,9,0,-1,1,6,2,-1,0,0,0,0,0,0,2,1,-1,6,2,60,9,1984,1,2,AUDI TTS,8,-1,0,1
2024411404788,2024,411404788,1,9,0,-1,-1,-1,-1,-1,0,-1,0,0,0,0,-1,9,-1,6,2,22,5,1984,1,6,AUDI TTS,10,E01023361,0,1
2024201551089,2024,201551089,2,9,0,-1,5,3,7,-1,0,6,0,0,0,0,1,9,-1,6,1,32,6,1798,1,12,AUDI TTS,4,E01009288,0,2
2024430067282,2024,430067282,1,9,0,9,9,4,2,0,0,6,0,0,0,0,3,1,6,6,2,-1,-1,1984,1,14,AUDI TTS,6,E01028631,0,3
2024010544002,2024,010544002,2,9,0,99,99,9,9,99,99,9,9,99,9,99,9,9,6,6,3,-1,-1,1984,1,9,AUDI TTS,-1,-1,0,-1
2024141502256,2024,141502256,2,9,0,-1,2,1,5,-1,0,0,0,0,0,0,1,1,-1,9,1,64,9,1984,1,13,AUDI TTS,8,E01034843,0,1
2024161405349,2024,161405349,2,9,0,-1,19,6,2,-1,0,0,0,0,0,0,3,1,-1,9,2,26,6,1984,1,9,AUDI TTS,3,E01013310,0,2
2024231451903,2024,231451903,2,9,0,-1,19,8,4,-1,0,8,0,0,0,0,1,1,-1,9,1,30,6,1798,1,6,AUDI TTS,7,E01031297,0,1
2024010540966,2024,010540966,2,9,0,18,19,7,3,0,0,1,0,10,0,0,1,1,6,6,2,24,5,1984,1,14,AUDI TTS,2,E01034476,0,2
2024010533885,2024,010533885,2,9,0,13,13,1,5,0,0,8,1,0,0,0,1,1,6,6,1,24,5,1984,1,9,AUDI TTS,9,E01004115,0,1
2024451414366,2024,451414366,1,9,0,-1,19,1,3,-1,0,8,1,0,0,0,1,1,-1,2,2,47,8,1984,1,5,AUDI TTS,8,E01031698,0,4
2024371521132,2024,371521132,2,9,0,-1,2,-1,-1,-1,0,1,0,0,0,0,2,1,-1,6,2,25,5,1984,1,12,AUDI TTS,6,E01029915,0,4
2024531500468,2024,531500468,2,9,0,-1,2,0,0,-1,0,0,0,0,1,0,2,9,-1,6,-1,-1,-1,1984,1,12,AUDI TTS,-1,-1,0,-1
2024471488715,2024,471488715,2,9,0,-1,19,2,6,-1,0,0,0,0,0,0,1,1,-1,9,2,68,10,1984,1,1,AUDI TTS,8,E01030817,0,4
2024201423923,2024,201423923,1,9,0,-1,19,6,2,-1,0,8,0,9,1,0,1,9,-1,6,1,59,9,1984,1,15,AUDI TTS,1,E01034913,0,1
2024991484319,2024,991484319,1,9,0,-1,15,5,1,-1,0,0,1,0,1,0,1,1,-1,9,1,29,6,1968,2,14,AUDI TTS,8,-1,0,4
202454E936524,2024,54E936524,1,9,0,18,19,7,3,0,0,8,0,0,0,0,1,1,6,6,1,46,8,1968,2,9,AUDI TTS,-1,-1,0,-1
2024351433420,2024,351433420,2,9,0,-1,19,3,7,-1,0,0,0,0,0,0,3,1,-1,6,2,50,8,1968,2,13,AUDI TTS,2,E01015680,0,1
2024031438431,2024,031438431,2,9,0,-1,19,8,4,-1,0,2,0,0,0,0,4,2,-1,6,1,30,6,1984,1,9,AUDI TTS,10,E01019300,0,2
2024041439369,2024,041439369,1,9,0,-1,19,1,5,-1,0,0,0,0,0,0,4,1,-1,9,2,60,9,1968,2,12,AUDI TTS,8,E01025365,0,2
2024471518720,2024,471518720,1,9,0,-1,19,8,4,-1,0,1,0,0,0,0,3,1,-1,1,1,59,9,1798,1,8,AUDI TTS,10,E01021159,0,1
2024231499130,2024,231499130,1,9,0,-1,19,8,4,-1,0,3,5,0,0,0,1,1,-1,9,2,50,8,1798,1,7,AUDI TTS,9,E01027006,0,2
2024520402381,2024,520402381,1,9,0,18,19,5,1,0,0,8,0,10,1,10,1,1,6,6,2,25,5,1968,2,8,AUDI TTS,6,E01029059,0,2
2024010508049,2024,010508049,2,9,0,12,12,3,7,0,0,0,0,0,0,0,3,1,6,6,3,-1,-1,1968,2,12,AUDI TTS,-1,-1,0,-1
2024501418714,2024,501418714,2,9,-1,-1,19,6,3,-1,0,8,0,0,0,0,2,9,-1,6,2,51,8,1984,1,14,AUDI TTS,4,E01015265,0,1
2024351410122,2024,351410122,2,9,0,-1,13,5,1,-1,0,0,1,0,5,6,4,9,-1,9,2,27,6,1984,1,15,AUDI TTS,4,E01034015,0,4
2024010538450,2024,010538450,2,9,0,5,5,5,1,0,0,2,0,0,0,0,1,1,6,6,3,-1,-1,1984,1,8,AUDI TTS,4,E01003916,0,2
2024421444054,2024,421444054,2,9,0,-1,2,2,2,-1,-1,0,0,0,0,0,2,1,-1,6,-1,-1,-1,1984,1,13,AUDI TTS,-1,-1,0,-1
2024411506872,2024,411506872,2,9,0,-1,19,5,1,-1,0,0,0,0,0,0,3,1,-1,6,1,69,10,1798,1,6,AUDI TTS,10,E01002959,0,4
2024141403794,2024,141403794,2,9,0,-1,19,5,1,-1,0,0,0,0,0,0,1,1,-1,2,1,30,6,1968,2,9,AUDI TTS,8,E01034240,0,3
2024122400499,2024,122400499,1,9,0,2,2,0,0,9,9,1,0,0,1,10,1,1,6,6,2,68,10,1984,1,3,AUDI TTS,6,E01027902,0,3
2024010533230,2024,010533230,1,9,0,99,99,9,9,99,99,9,9,99,9,99,2,9,6,6,1,34,6,1984,1,14,AUDI TTS,2,E01032512,0,2
2024991530391,2024,991530391,1,9,0,-1,19,2,6,-1,9,1,0,0,1,10,1,1,-1,9,2,78,11,1984,1,8,AUDI TTS,9,-1,0,1
2024010502873,2024,010502873,2,9,9,99,99,9,9,99,99,9,9,99,9,99,9,9,6,6,3,-1,-1,1984,1,7,AUDI TTS,-1,-1,0,-1
2024451396488,2024,451396488,2,9,0,-1,9,6,6,-1,0,5,0,0,1,0,4,1,-1,9,1,21,5,1798,1,11,AUDI TTS,10,E01030762,0,1
2024131472811,2024,131472811,1,9,0,-1,-1,-1,-1,-1,-1,8,-1,-1,-1,0,-1,1,-1,6,3,-1,-1,1984,1,12,AUDI TTS,-1,-1,0,-1
2024010528045,2024,010528045,1,9,0,11,11,7,3,0,0,1,0,0,0,0,2,1,6,6,1,37,7,1798,1,11,AUDI TTS,5,E01002248,0,4
2024501412498,2024,501412498,2,9,0,-1,3,3,7,-1,0,1,0,0,0,0,2,9,-1,6,2,38,7,1984,1,5,AUDI TTS,4,E01015031,0,1
2024010506221,2024,010506221,2,9,0,3,3,3,7,0,0,0,0,0,0,0,1,1,2,2,2,38,7,1984,1,9,AUDI TTS,3,E01000579,0,1
2024131462148,2024,131462148,2,9,0,-1,-1,-1,-1,-1,-1,-1,-1,-1,-1,-1,1,1,-1,2,1,42,7,1984,1,4,AUDI TTS,4,E01010798,0,1
2024041398687,2024,041398687,1,9,0,-1,4,7,3,-1,0,1,1,0,0,0,1,1,-1,1,1,43,7,1968,2,14,AUDI TTS,8,E01025506,0,4
2024041452246,2024,041452246,2,9,0,-1,5,7,5,-1,0,6,0,0,0,0,3,1,-1,9,2,28,6,1968,2,14,AUDI TTS,5,E01025031,0,1
2024010514291,2024,010514291,1,9,0,99,99,9,9,99,99,9,9,99,9,99,2,9,6,6,1,25,5,1968,2,9,AUDI TTS,8,E01017983,0,4
2024991412061,2024,991412061,2,9,0,-1,19,8,4,-1,0,2,0,0,0,0,1,1,-1,2,2,20,4,1984,1,2,AUDI TTS,6,-1,0,1
2024131481509,2024,131481509,2,9,0,-1,4,5,1,-1,0,0,0,0,0,0,2,1,-1,6,2,33,6,1798,1,10,AUDI TTS,8,E01010683,0,3
2024440248195,2024,440248195,1,9,0,11,11,3,7,0,0,0,0,0,0,0,4,1,6,6,1,56,9,1984,1,1,AUDI TTS,4,E01032013,0,4
2024201519313,2024,201519313,1,9,0,-1,9,2,8,-1,0,6,0,10,3,11,1,9,-1,6,1,75,10,1968,2,11,AUDI TTS,3,E01033562,0,1