collision_index,collision_year,collision_ref_no,vehicle_reference,vehicle_type,towing_and_articulation,vehicle_manoeuvre_historic,vehicle_manoeuvre,vehicle_direction_from,vehicle_direction_to,vehicle_location_restricted_lane_historic,vehicle_location_restricted_lane,junction_location,skidding_and_overturning,hit_object_in_carriageway,vehicle_leaving_carriageway,hit_object_off_carriageway,first_point_of_impact,vehicle_left_hand_drive,journey_purpose_of_driver_historic,journey_purpose_of_driver,sex_of_driver,age_of_driver,age_band_of_driver,engine_capacity_cc,propulsion_code,age_of_vehicle,generic_make_model,driver_imd_decile,lsoa_of_driver,escooter_flag,driver_distance_banding
2024010534472,2024,010534472,2,9,0,6,6,5,5,0,0,0,0,0,0,0,1,1,1,1,1,62,9,-1,3,2,MERCEDES EQE CLASS,7,E01002912,0,1
2024201506610,2024,201506610,1,9,0,-1,19,6,1,-1,0,0,0,0,0,0,2,1,-1,6,1,31,6,1999,8,0,MAKE AND MODEL REDACTED,2,E01010021,0,2
2024361487733,2024,361487733,2,4,0,-1,19,1,5,-1,0,1,0,0,0,0,1,1,-1,6,1,52,8,125,1,27,MAKE AND MODEL REDACTED,5,E01026466,0,1
2024552400975,2024,552400975,2,3,0,18,19,5,1,0,0,8,1,0,0,0,0,1,2,2,1,19,4,124,1,16,YAMAHA XT,5,E01020562,0,4
2024501410873,2024,501410873,2,5,0,-1,19,8,5,-1,0,8,0,0,0,0,1,1,-1,2,1,25,5,599,1,19,YAMAHA XT,6,E01020143,0,1
2024371415270,2024,371415270,2,5,0,-1,4,2,4,-1,0,0,0,0,0,0,4,1,-1,6,1,55,8,659,1,19,YAMAHA XT,4,E01029940,0,3
2024221450191,2024,221450191,3,5,0,-1,4,7,3,-1,0,8,0,0,0,0,2,1,-1,9,1,58,9,1199,1,9,YAMAHA XT,7,E01028889,0,4
2024041469051,2024,041469051,1,5,0,-1,13,6,2,-1,0,0,1,0,0,0,4,1,-1,9,1,22,5,660,1,15,YAMAHA XT,3,E01004816,0,3
2024302401267,2024,302401267,1,4,0,18,19,4,8,0,0,1,1,0,0,0,1,1,6,6,1,19,4,124,1,16,YAMAHA XT,1,E01019561,0,2
2024010527005,2024,010527005,1,5,0,3,3,4,8,0,0,1,0,0,0,0,1,1,6,6,1,39,7,659,1,11,YAMAHA XT,5,E01003155,0,1
2024010531708,2024,010531708,2,3,0,99,99,9,9,99,99,9,9,99,9,99,1,1,1,1,1,42,7,659,1,10,YAMAHA XT,9,E01030964,0,4
2024440461949,2024,440461949,1,5,0,18,19,7,3,0,0,8,0,0,0,0,1,1,6,6,1,59,9,659,1,13,YAMAHA XT,5,E01015380,0,3
2024471530999,2024,471530999,2,3,0,-1,19,8,4,-1,0,1,0,0,7,0,4,1,-1,6,1,17,4,124,1,14,YAMAHA XT,5,E01034299,0,2
2024010535606,2024,010535606,2,5,0,18,19,5,1,0,0,1,5,0,0,0,1,1,6,6,1,35,6,659,1,19,YAMAHA XT,9,E01001379,0,3
2024501463527,2024,501463527,1,3,0,-1,19,5,1,-1,0,1,2,0,1,0,4,1,-1,6,1,17,4,124,1,15,YAMAHA XT,5,E01020101,0,3
2024552400699,2024,552400699,2,5,0,18,19,6,2,0,0,8,0,0,0,0,4,1,6,6,1,37,7,1199,1,10,YAMAHA XT,5,E01020456,0,3
2024320754737,2024,320754737,2,3,0,4,4,8,4,0,0,1,0,0,0,0,2,1,-1,-1,2,46,8,660,1,16,YAMAHA XT,9,E01026402,0,4
2024010539130,2024,010539130,1,5,0,99,99,9,9,99,99,9,9,99,9,99,1,1,1,1,1,38,7,659,1,10,YAMAHA XT,3,E01030952,0,4
2024471419595,2024,471419595,1,5,0,-1,19,3,7,-1,0,1,0,0,1,0,4,1,-1,9,1,22,5,659,1,15,YAMAHA XT,3,E01031830,0,1
2024501490679,2024,501490679,1,5,0,-1,19,1,5,-1,0,0,5,0,0,0,4,1,-1,6,1,21,5,659,1,17,YAMAHA XT,4,E01018951,0,1
2024440291217,2024,440291217,1,5,0,18,19,2,6,0,0,1,0,0,0,0,1,1,2,2,1,57,9,659,1,19,YAMAHA XT,3,E01017346,0,1
2024221494423,2024,221494423,1,5,0,-1,14,7,2,-1,0,8,0,0,0,0,1,1,-1,6,1,60,9,659,1,15,YAMAHA XT,5,E01029016,0,2
2024070096118,2024,070096118,1,3,0,18,19,0,0,0,0,0,0,0,0,0,4,1,6,6,1,20,4,124,1,23,MAKE AND MODEL REDACTED,2,E01014298,0,4
2024311527097,2024,311527097,1,11,0,-1,19,1,5,-1,2,1,0,0,0,0,1,1,-1,1,2,40,7,-1,3,0,MAKE AND MODEL REDACTED,6,E01028283,0,4
2024201469498,2024,201469498,1,3,0,-1,19,8,4,-1,0,0,2,10,1,4,1,1,-1,6,1,24,5,125,1,-1,MAKE AND MODEL REDACTED,-1,-1,0,-1
2024361449924,2024,361449924,1,3,0,-1,19,7,3,-1,0,0,1,0,0,0,0,1,-1,6,1,41,7,49,1,12,MAKE AND MODEL REDACTED,-1,-1,0,-1
2024440399376,2024,440399376,1,5,0,18,19,7,3,0,0,3,0,0,1,11,1,1,6,6,1,25,5,652,1,22,MAKE AND MODEL REDACTED,7,E01023113,0,1
2024471447104,2024,471447104,2,9,0,-1,19,4,8,-1,0,1,0,0,0,0,1,1,-1,6,3,-1,-1,-1,3,1,CUPRA BORN,-1,-1,0,-1
2024440527681,2024,440527681,1,9,0,7,7,3,5,0,0,6,0,0,0,0,1,1,1,1,1,26,6,-1,3,1,CUPRA BORN,2,E01017107,0,1
2024622400188,2024,622400188,1,9,0,11,11,2,6,0,0,1,0,0,0,0,4,1,6,6,1,29,6,-1,3,2,CUPRA BORN,10,W01001771,0,2
2024552401316,2024,552401316,1,9,0,18,19,8,4,0,0,4,0,0,0,0,1,1,6,6,1,38,7,-1,3,1,CUPRA BORN,4,E01020444,0,3
2024461506760,2024,461506760,1,9,0,-1,19,3,5,-1,0,0,0,0,0,0,4,9,-1,6,2,37,7,-1,3,0,CUPRA BORN,4,E01024444,0,2
2024401419420,2024,401419420,2,9,0,-1,19,7,3,-1,0,0,0,0,0,0,1,1,-1,1,1,40,7,-1,3,1,CUPRA BORN,2,E01016810,0,3
2024440450885,2024,440450885,1,9,0,9,9,1,8,0,0,8,0,0,0,0,1,1,2,2,1,54,8,-1,3,1,CUPRA BORN,5,E01022806,0,1
2024440130302,2024,440130302,1,9,0,9,9,5,2,0,0,6,0,0,0,0,1,1,6,6,1,58,9,-1,3,2,CUPRA BORN,10,E01022696,0,1
2024131508148,2024,131508148,1,9,0,-1,19,7,1,-1,0,1,0,0,0,0,1,1,-1,6,3,-1,-1,-1,3,1,CUPRA BORN,-1,-1,0,-1
2024440075194,2024,440075194,1,9,0,18,19,8,4,0,0,0,5,0,1,9,4,1,6,6,2,72,10,-1,3,1,CUPRA BORN,6,E01031508,0,3
2024041455473,2024,041455473,1,9,0,-1,19,5,1,-1,0,0,0,0,0,0,1,1,-1,9,1,32,6,-1,3,1,CUPRA BORN,4,E01024998,0,1
2024501532293,2024,501532293,1,9,0,-1,5,6,2,-1,0,4,0,0,0,0,1,1,-1,2,1,36,7,-1,3,2,CUPRA BORN,6,E01015106,0,4
2024031491147,2024,031491147,3,9,0,-1,4,8,4,-1,0,0,0,0,0,0,1,9,-1,9,2,33,6,-1,3,0,CUPRA BORN,6,E01019130,0,3
2024141467530,2024,141467530,1,9,0,-1,19,5,3,-1,0,6,0,0,1,0,2,1,-1,9,1,37,7,-1,3,2,CUPRA BORN,7,E01008002,0,1
2024340WN3052,2024,340WN3052,1,9,0,-1,19,5,1,-1,0,0,0,0,0,0,1,1,-1,9,1,31,6,-1,3,0,CUPRA BORN,1,E01016843,0,4
2024430586085,2024,430586085,2,9,0,14,14,4,8,0,0,1,0,0,0,0,0,1,6,6,3,-1,-1,-1,3,2,CUPRA BORN,-1,-1,0,-1
2024131417392,2024,131417392,2,9,0,-1,5,5,7,-1,0,5,0,0,0,0,3,1,-1,6,2,47,8,-1,3,1,CUPRA BORN,10,E01011266,0,3
2024371518908,2024,371518908,1,9,0,-1,5,-1,-1,-1,0,6,0,0,0,0,4,1,-1,6,1,20,4,-1,3,0,CUPRA BORN,7,E01030007,0,1
2024311529438,2024,311529438,2,9,0,-1,19,1,6,-1,0,8,0,0,0,0,1,1,-1,2,1,50,8,-1,3,1,CUPRA BORN,9,E01025893,0,4
2024430510766,2024,430510766,1,9,0,3,3,7,3,0,0,0,0,0,0,0,2,1,2,2,1,41,7,-1,3,1,CUPRA BORN,7,E01017928,0,3
2024141443425,2024,141443425,2,9,0,-1,19,6,2,-1,0,1,0,0,0,0,1,2,-1,6,2,43,7,-1,3,2,CUPRA BORN,10,E01007922,0,2
2024430188020,2024,430188020,2,9,0,18,19,4,8,0,0,0,0,0,4,6,4,1,6,6,2,47,8,-1,3,1,CUPRA BORN,2,E01033498,0,1
2024010504506,2024,010504506,1,9,0,10,10,5,2,0,0,1,0,0,0,0,2,1,6,6,1,44,7,-1,3,2,CUPRA BORN,2,E01033939,0,2
2024010500563,2024,010500563,1,9,0,5,5,3,7,0,0,4,0,0,0,0,1,1,1,1,1,39,7,-1,3,2,CUPRA BORN,5,E01001570,0,1
2024041417616,2024,041417616,3,9,0,-1,3,5,1,-1,0,4,0,0,0,0,1,1,-1,6,1,22,5,-1,3,2,CUPRA BORN,4,E01025017,0,3
2024010541631,2024,010541631,1,9,0,5,5,3,7,0,0,4,0,0,0,0,1,1,2,2,1,56,9,-1,3,1,CUPRA BORN,-1,-1,0,-1
202460Q158077,2024,60Q158077,2,9,0,9,9,6,2,0,0,1,0,0,0,0,4,1,6,6,1,61,9,-1,3,0,CUPRA BORN,-1,-1,0,-1
2024332400271,2024,332400271,1,9,0,-1,3,1,5,-1,0,1,0,0,0,0,2,1,-1,9,1,44,7,-1,3,1,CUPRA BORN,8,E01025630,0,1
2024991510825,2024,991510825,2,9,0,-1,9,2,8,-1,0,8,0,0,0,0,1,1,-1,1,1,61,9,-1,3,1,CUPRA BORN,9,-1,0,5
2024111480150,2024,111480150,1,5,0,-1,19,8,4,-1,0,0,2,0,0,0,2,1,-1,9,1,41,7,1690,1,9,MAKE AND MODEL REDACTED,10,E01034703,0,5
2024211500363,2024,211500363,2,5,0,-1,19,3,7,-1,0,0,2,0,0,0,0,1,-1,9,1,68,10,1585,2,15,MAKE AND MODEL REDACTED,4,-1,0,5
2024440271647,2024,440271647,2,5,0,18,19,3,7,0,0,1,0,0,0,0,1,1,6,6,2,49,8,1450,1,21,MAKE AND MODEL REDACTED,5,E01023110,0,4
2024161432302,2024,161432302,2,3,0,-1,1,7,3,-1,0,0,0,0,0,0,4,1,-1,6,1,28,6,98,1,36,MAKE AND MODEL REDACTED,1,E01013278,0,1
2024010545715,2024,010545715,2,9,0,2,2,0,0,0,0,1,0,0,0,0,1,1,6,6,3,-1,-1,1396,1,14,HYUNDAI I20,-1,-1,0,-1
2024451464106,2024,451464106,1,9,0,-1,19,7,3,-1,0,0,2,0,2,11,1,1,-1,2,1,21,5,1248,1,14,HYUNDAI I20,10,E01022852,0,1
2024010549471,2024,010549471,2,9,0,18,19,1,5,0,0,1,0,4,0,0,1,1,2,2,2,46,8,1248,1,8,HYUNDAI I20,6,E01021770,0,3
2024501548106,2024,501548106,1,9,0,-1,19,3,7,-1,0,4,0,0,0,0,2,1,-1,6,1,62,9,1598,1,0,HYUNDAI I20,6,E01018755,0,4
2024061470416,2024,061470416,3,9,0,-1,2,0,0,-1,9,0,0,0,0,0,4,1,-1,6,1,58,9,998,1,3,HYUNDAI I20,5,E01006337,0,1
2024501454899,2024,501454899,2,9,0,-1,4,3,7,-1,0,0,0,2,0,0,2,1,-1,9,2,27,6,1368,1,9,HYUNDAI I20,4,E01018994,0,1
2024211546044,2024,211546044,1,9,0,-1,9,8,2,-1,0,1,0,0,0,0,3,1,-1,6,1,22,5,998,8,2,HYUNDAI I20,10,E01029758,0,1
2024631464858,2024,631464858,1,9,0,-1,1,6,2,-1,9,0,0,0,0,0,2,1,-1,6,2,17,4,1248,1,8,HYUNDAI I20,7,W01000684,0,2
2024411445626,2024,411445626,1,9,0,-1,9,6,5,-1,0,5,1,0,0,0,3,1,-1,2,2,50,8,1248,1,13,HYUNDAI I20,8,E01023569,0,1
2024041450646,2024,041450646,2,9,0,-1,9,3,1,-1,0,0,0,0,0,0,1,1,-1,9,1,35,6,1248,1,13,HYUNDAI I20,3,E01012691,0,1
2024201482183,2024,201482183,3,9,9,-1,19,4,8,-1,0,2,0,0,0,0,9,9,-1,6,1,23,5,1248,1,11,HYUNDAI I20,2,E01009509,0,2
2024332400665,2024,332400665,1,9,0,-1,9,3,1,-1,0,5,0,0,0,0,1,1,-1,9,1,26,6,1248,1,7,HYUNDAI I20,4,E01025703,0,3
2024522402714,2024,522402714,1,9,0,17,19,4,2,0,0,2,0,0,0,0,1,1,6,6,1,88,11,1248,1,9,HYUNDAI I20,8,E01014863,0,1
202460Q144515,2024,60Q144515,1,9,0,18,19,3,7,0,0,0,0,0,0,0,1,1,6,6,1,41,7,998,1,5,HYUNDAI I20,-1,-1,0,-1
2024461456798,2024,461456798,1,9,0,-1,19,6,3,-1,0,0,5,4,0,0,3,1,-1,6,1,68,10,1396,1,15,HYUNDAI I20,4,E01024593,0,1
2024131462872,2024,131462872,1,9,0,-1,19,5,1,-1,0,0,0,0,0,0,1,1,-1,6,1,45,7,1396,2,13,HYUNDAI I20,2,E01011327,0,1
2024041510145,2024,041510145,1,9,0,-1,19,3,7,-1,0,1,0,0,0,0,3,1,-1,9,1,27,6,1248,1,7,HYUNDAI I20,4,E01024880,0,1
2024010525836,2024,010525836,1,9,0,7,7,1,3,0,0,2,0,10,1,10,1,1,6,6,1,72,10,1248,1,14,HYUNDAI I20,2,E01003556,0,2
2024010539144,2024,010539144,1,9,0,99,99,9,9,99,99,9,9,99,9,99,2,9,2,2,2,33,6,1248,1,13,HYUNDAI I20,4,E01031547,0,4
2024531430873,2024,531430873,1,9,0,-1,19,1,5,-1,0,8,0,0,0,0,1,1,-1,9,2,48,8,1248,1,8,HYUNDAI I20,10,E01022315,0,1
2024520403339,2024,520403339,1,9,0,18,19,4,8,9,9,0,0,0,1,0,3,1,6,6,1,57,9,998,8,2,HYUNDAI I20,6,E01029178,0,2
2024991432419,2024,991432419,2,9,0,-1,19,5,3,-1,0,8,0,0,0,0,3,1,-1,9,2,18,4,998,8,1,HYUNDAI I20,1,-1,0,1
2024501424005,2024,501424005,2,9,0,-1,9,3,5,-1,0,5,0,0,0,0,1,1,-1,9,1,74,10,998,1,3,HYUNDAI I20,9,E01020023,0,1
2024031526452,2024,031526452,1,9,0,-1,19,1,5,-1,0,0,1,0,7,11,1,1,-1,2,1,21,5,1598,1,1,HYUNDAI I20,7,E01019117,0,3
2024161466330,2024,161466330,1,9,0,-1,9,4,2,-1,0,2,0,0,0,0,1,9,-1,6,1,-1,-1,1248,1,15,HYUNDAI I20,9,E01034760,0,1
2024361414496,2024,361414496,2,9,0,-1,9,6,3,-1,0,8,0,0,0,0,3,1,-1,9,2,62,9,998,8,1,HYUNDAI I20,2,E01026592,0,1
2024461498065,2024,461498065,2,9,0,-1,19,1,5,-1,0,8,0,0,0,0,1,9,-1,6,2,63,9,1248,1,5,HYUNDAI I20,6,E01024836,0,1
2024131440896,2024,131440896,1,9,0,-1,19,4,1,-1,0,0,0,0,0,0,1,1,-1,6,1,42,7,1396,1,10,HYUNDAI I20,1,E01010606,0,1
2024471509136,2024,471509136,1,9,0,-1,19,4,8,-1,0,0,0,0,0,0,1,1,-1,9,2,56,9,1248,1,10,HYUNDAI I20,5,E01021089,0,4
2024631504111,2024,631504111,2,9,0,-1,2,0,0,-1,9,0,0,0,7,10,4,1,-1,6,-1,-1,-1,1248,1,7,HYUNDAI I20,-1,-1,0,-1
2024440338378,2024,440338378,2,9,0,18,19,5,1,0,0,8,0,0,0,0,1,1,2,2,1,36,7,1248,1,9,HYUNDAI I20,5,E01017171,0,1
2024101421340,2024,101421340,1,9,-1,-1,4,2,4,-1,0,4,0,0,0,0,1,9,-1,6,1,17,4,998,8,1,HYUNDAI I20,3,E01008857,0,1
2024201514324,2024,201514324,3,9,0,-1,2,0,0,-1,9,0,0,4,0,0,4,1,-1,6,1,39,7,998,8,3,HYUNDAI I20,3,E01009255,0,1
2024501499445,2024,501499445,2,9,-1,-1,4,3,7,-1,0,4,0,0,0,0,2,1,-1,9,2,36,7,1248,1,9,HYUNDAI I20,3,E01019975,0,1
2024131513258,2024,131513258,2,9,0,-1,11,5,4,-1,0,0,0,0,0,0,2,1,-1,9,2,60,9,1248,1,14,HYUNDAI I20,1,E01011494,0,1
2024552401188,2024,552401188,2,9,0,2,2,0,0,0,0,0,0,0,0,0,1,1,6,6,1,55,8,1248,1,12,HYUNDAI I20,4,E01033241,0,1
2024131417407,2024,131417407,1,9,0,-1,-1,-1,-1,-1,-1,-1,-1,-1,-1,0,-1,1,-1,6,3,-1,-1,1248,1,12,HYUNDAI I20,-1,-1,0,-1
2024311426886,2024,311426886,4,9,0,-1,19,5,1,-1,0,0,0,0,0,0,1,1,-1,9,2,29,6,1248,1,11,HYUNDAI I20,-1,-1,0,-1
2024101453191,2024,101453191,1,9,0,-1,19,1,4,-1,0,0,0,0,0,0,1,1,-1,6,1,25,5,1248,1,14,HYUNDAI I20,4,E01008832,0,2
2024111462216,2024,111462216,1,9,0,-1,9,6,2,-1,0,4,0,0,0,0,3,1,-1,6,2,30,6,1248,1,9,HYUNDAI I20,-1,-1,0,-1
2024471513457,2024,471513457,3,9,0,-1,19,7,3,-1,0,0,0,0,0,0,2,1,-1,6,1,25,5,1598,1,1,HYUNDAI I20,9,E01031353,0,1
2024461396883,2024,461396883,2,9,0,-1,3,7,3,-1,0,1,0,0,0,0,2,9,-1,6,1,78,11,1368,1,7,HYUNDAI I20,3,E01016129,0,1
2024430393974,2024,430393974,1,9,0,9,9,2,8,0,0,5,0,0,0,0,4,1,6,6,2,50,8,998,8,2,HYUNDAI I20,9,E01035256,0,1
2024041481975,2024,041481975,2,9,0,-1,9,6,2,-1,0,0,0,0,0,0,1,1,-1,9,1,71,10,1248,1,5,HYUNDAI I20,7,E01025199,0,1
2024061501544,2024,061501544,1,9,0,-1,-1,-1,-1,-1,0,8,-1,-1,-1,0,1,1,-1,6,3,54,8,1368,1,8,HYUNDAI I20,1,E01005799,0,1
2024061532554,2024,061532554,1,9,0,-1,10,1,5,-1,0,0,0,0,0,0,4,1,-1,9,1,20,4,1248,1,8,HYUNDAI I20,4,E01005006,0,1
2024061437151,2024,061437151,1,9,0,-1,19,-1,-1,-1,0,9,0,0,0,0,3,1,-1,2,2,27,6,1396,1,15,HYUNDAI I20,3,E01005310,0,2
2024111420307,2024,111420307,1,9,-1,-1,3,1,4,-1,0,1,0,0,0,0,1,9,-1,6,3,19,4,1248,1,13,HYUNDAI I20,-1,-1,0,-1
2024451532067,2024,451532067,1,9,0,-1,19,8,4,-1,0,0,0,0,0,0,1,1,-1,6,1,80,11,998,8,3,HYUNDAI I20,5,E01031392,0,4
2024332400336,2024,332400336,1,9,0,-1,9,3,1,-1,0,5,0,0,0,0,1,1,-1,2,1,24,5,1396,1,15,HYUNDAI I20,1,E01025482,0,5
2024430195121,2024,430195121,2,9,0,10,10,6,3,0,0,1,0,0,0,0,2,1,6,6,2,63,9,1248,1,9,HYUNDAI I20,7,E01028483,0,1
2024622400519,2024,622400519,1,9,0,18,19,8,4,0,0,0,0,0,0,0,1,1,2,2,2,24,5,1248,1,11,HYUNDAI I20,2,W01001910,0,1
2024421415595,2024,421415595,1,9,0,-1,19,3,7,-1,0,0,1,10,7,0,4,1,-1,6,1,19,4,1248,1,14,HYUNDAI I20,8,E01015876,0,2
2024010538906,2024,010538906,1,9,0,99,99,9,9,99,99,9,9,99,9,99,2,9,6,6,2,52,8,1248,1,7,HYUNDAI I20,5,E01001194,0,1
2024161411850,2024,161411850,1,9,0,-1,19,8,4,-1,0,0,0,0,0,0,1,9,-1,6,2,54,8,1248,1,15,HYUNDAI I20,8,E01012983,0,3
2024440017962,2024,440017962,1,9,0,4,4,2,6,0,0,0,0,0,0,0,2,1,6,6,1,24,5,998,8,1,HYUNDAI I20,3,E01017341,0,2
2024131421414,2024,131421414,2,9,0,-1,19,6,2,-1,0,0,0,0,0,0,2,1,-1,1,1,59,9,1248,1,12,HYUNDAI I20,2,E01011927,0,1
2024010546225,2024,010546225,2,9,0,9,9,3,1,2,2,5,0,0,0,0,4,1,6,6,1,25,5,1396,1,14,HYUNDAI I20,1,E01015852,0,4
2024201534492,2024,201534492,1,9,0,-1,4,3,7,-1,0,0,0,0,0,0,1,1,-1,9,2,30,6,1248,1,4,HYUNDAI I20,2,E01009213,0,2
2024471442399,2024,471442399,1,9,0,-1,19,5,1,-1,0,0,1,10,1,1,1,1,-1,9,1,23,5,1248,1,13,HYUNDAI I20,6,E01033308,0,4
2024221492791,2024,221492791,1,9,0,-1,7,7,1,-1,0,6,0,0,0,0,1,1,-1,6,2,33,6,998,1,3,HYUNDAI I20,8,E01032176,0,1
2024440383383,2024,440383383,1,9,0,11,11,5,1,0,0,1,0,0,0,0,2,1,1,1,1,21,5,1248,1,14,HYUNDAI I20,7,E01031382,0,4
2024440005168,2024,440005168,1,9,0,7,7,8,1,0,0,1,0,0,0,0,1,1,6,6,1,51,8,998,1,5,HYUNDAI I20,6,E01017273,0,1
2024520402986,2024,520402986,3,9,0,2,2,0,0,0,0,8,0,0,0,0,2,1,6,6,3,-1,-1,998,1,5,HYUNDAI I20,-1,-1,0,-1
2024531467394,2024,531467394,2,9,0,-1,12,4,3,-1,0,3,0,0,0,0,4,1,-1,9,2,35,6,1248,1,10,HYUNDAI I20,9,E01022443,0,1
2024211432328,2024,211432328,2,9,0,-1,4,5,1,-1,0,1,0,0,0,0,2,1,-1,2,2,26,6,1248,1,9,HYUNDAI I20,-1,-1,0,-1
2024031480800,2024,031480800,1,9,0,-1,19,7,3,-1,0,0,0,0,1,2,1,1,-1,6,1,52,8,998,8,1,HYUNDAI I20,-1,-1,0,-1
2024052401995,2024,052401995,2,9,0,4,4,5,1,0,0,1,0,0,0,0,2,1,1,1,1,51,8,1248,1,11,HYUNDAI I20,5,E01006553,0,3
2024520402618,2024,520402618,1,9,0,18,19,8,5,0,0,8,0,0,0,0,1,1,6,6,2,52,8,1248,1,15,HYUNDAI I20,10,E01029128,0,4
2024371436966,2024,371436966,2,9,0,-1,10,5,1,-1,0,0,0,0,1,9,2,1,-1,6,1,22,5,1248,1,14,HYUNDAI I20,6,E01030055,0,1
2024010530070,2024,010530070,1,9,0,18,19,7,3,0,0,1,0,0,0,0,1,1,6,6,2,50,8,1396,1,15,HYUNDAI I20,5,E01000383,0,1
2024010499962,2024,010499962,2,9,0,99,99,9,9,99,99,9,9,99,9,99,9,9,6,6,3,-1,-1,1396,1,14,HYUNDAI I20,-1,-1,0,-1
2024991506092,2024,991506092,2,9,0,-1,7,3,7,-1,0,1,0,0,0,0,2,1,-1,6,1,34,6,1396,1,14,HYUNDAI I20,-1,-1,0,-1
2024061417254,2024,061417254,1,9,0,-1,9,8,6,-1,0,8,0,0,0,0,1,1,-1,2,2,62,9,1248,1,10,HYUNDAI I20,5,E01005229,0,2
2024522500073,2024,522500073,2,9,0,18,19,3,7,0,0,8,0,0,0,0,1,1,6,6,2,77,11,998,8,2,HYUNDAI I20,9,E01014931,0,3
2024010542939,2024,010542939,1,9,0,3,3,4,8,99,99,6,0,0,9,99,9,9,6,6,2,31,6,998,1,7,HYUNDAI I20,10,E01000697,0,1
2024440500972,2024,440500972,1,9,0,18,19,4,8,0,0,8,0,0,7,2,1,1,6,6,2,27,6,998,1,1,HYUNDAI I20,3,E01017191,0,2
2024549003224,2024,549003224,3,9,0,4,4,5,1,0,0,1,0,0,0,0,2,1,6,6,1,73,10,1248,1,9,HYUNDAI I20,9,E01031931,0,1
2024231493430,2024,231493430,1,9,0,-1,19,2,6,-1,0,6,0,0,0,0,4,1,-1,9,2,47,8,1598,1,1,HYUNDAI I20,8,E01031205,0,1
2024010522448,2024,010522448,1,9,9,99,99,9,9,99,99,9,9,99,9,99,9,9,6,6,2,61,9,1248,1,14,HYUNDAI I20,5,E01001889,0,1
2024231473508,2024,231473508,1,9,0,-1,19,4,8,-1,0,0,2,0,7,6,4,9,-1,6,1,21,5,1248,1,9,HYUNDAI I20,10,E01031773,0,5
2024311520429,2024,311520429,1,9,0,-1,10,3,8,-1,0,1,0,0,0,0,1,1,-1,9,2,84,11,1396,2,15,HYUNDAI I20,6,E01028034,0,2
2024302401641,2024,302401641,2,9,0,-1,19,5,7,-1,0,8,0,0,0,0,3,1,-1,9,1,17,4,1248,1,8,HYUNDAI I20,10,E01019833,0,2
2024401405094,2024,401405094,1,9,0,-1,9,3,1,-1,0,8,0,0,0,0,1,1,-1,2,1,29,6,1248,1,7,HYUNDAI I20,2,E01017594,0,1
2024461467920,2024,461467920,1,9,0,-1,19,-1,-1,-1,0,0,0,0,0,0,1,9,-1,6,2,-1,-1,1248,1,12,HYUNDAI I20,5,E01024181,0,1
2024201421939,2024,201421939,2,9,0,-1,19,5,1,-1,0,8,0,0,0,0,3,9,-1,6,2,77,11,1248,1,14,HYUNDAI I20,8,E01009697,0,1
2024311523236,2024,311523236,2,9,0,-1,19,1,5,-1,0,0,0,0,0,0,1,1,-1,6,3,-1,-1,1248,1,13,HYUNDAI I20,-1,-1,0,-1
2024052401729,2024,052401729,5,9,0,18,19,4,8,0,0,0,0,0,0,0,2,1,6,6,2,26,6,998,8,4,HYUNDAI I20,1,E01006711,0,2
2024531492682,2024,531492682,1,9,0,-1,12,3,7,-1,0,0,1,0,0,0,3,1,-1,1,1,37,7,1248,1,11,HYUNDAI I20,3,E01022159,0,2
2024991456011,2024,991456011,1,9,0,-1,19,3,7,-1,0,0,0,0,0,0,1,1,-1,6,1,46,8,1396,2,13,HYUNDAI I20,8,-1,0,2
2024501515487,2024,501515487,1,9,0,-1,19,8,4,-1,0,0,0,0,2,10,1,1,-1,2,1,57,9,998,1,0,HYUNDAI I20,7,E01015203,0,4
2024361411968,2024,361411968,2,9,0,-1,4,7,1,-1,0,0,0,0,0,0,2,1,-1,1,2,28,6,1248,1,7,HYUNDAI I20,1,E01030227,0,4
2024461518254,2024,461518254,1,9,0,-1,19,2,6,-1,0,3,0,0,0,0,1,1,-1,9,1,86,11,1248,1,10,HYUNDAI I20,6,E01024022,0,4
2024041441071,2024,041441071,2,9,0,-1,19,7,3,-1,0,0,0,0,0,0,2,1,-1,2,2,35,6,1396,1,15,HYUNDAI I20,1,E01025260,0,1
2024010547012,2024,010547012,1,9,0,14,14,2,6,0,0,0,0,0,0,0,1,1,6,6,1,21,5,1248,1,16,HYUNDAI I20,7,E01000288,0,1
2024010510185,2024,010510185,2,9,0,99,99,9,9,99,99,6,9,99,9,99,9,9,6,6,3,-1,-1,1396,1,10,HYUNDAI I20,-1,-1,0,-1
2024461479798,2024,461479798,2,9,0,-1,19,5,1,-1,0,2,0,0,0,0,1,1,-1,9,1,18,4,998,1,0,HYUNDAI I20,5,E01024703,0,1
2024531447008,2024,531447008,1,9,0,-1,13,1,5,-1,0,0,0,0,0,0,4,1,-1,6,2,47,8,1248,1,15,HYUNDAI I20,10,E01022143,0,1
2024610026424,2024,610026424,2,9,0,9,9,3,1,0,0,8,0,0,0,0,1,1,6,6,1,35,6,1248,1,10,HYUNDAI I20,1,W01001459,0,1
2024440015169,2024,440015169,2,9,0,18,19,5,1,0,0,1,0,0,0,0,1,1,6,6,2,36,7,1396,1,13,HYUNDAI I20,7,E01022648,0,1