collision_index,collision_year,collision_ref_no,vehicle_reference,vehicle_type,towing_and_articulation,vehicle_manoeuvre_historic,vehicle_manoeuvre,vehicle_direction_from,vehicle_direction_to,vehicle_location_restricted_lane_historic,vehicle_location_restricted_lane,junction_location,skidding_and_overturning,hit_object_in_carriageway,vehicle_leaving_carriageway,hit_object_off_carriageway,first_point_of_impact,vehicle_left_hand_drive,journey_purpose_of_driver_historic,journey_purpose_of_driver,sex_of_driver,age_of_driver,age_band_of_driver,engine_capacity_cc,propulsion_code,age_of_vehicle,generic_make_model,driver_imd_decile,lsoa_of_driver,escooter_flag,driver_distance_banding
2024631491760,2024,631491760,1,9,0,-1,19,2,6,-1,0,0,2,0,1,0,1,1,-1,9,1,17,4,1248,1,5,HYUNDAI I20,8,W01000797,0,4
2024351509897,2024,351509897,2,9,0,-1,7,4,3,-1,0,1,0,0,3,0,2,1,-1,6,2,38,7,1248,1,5,HYUNDAI I20,6,E01018195,0,1
2024522401850,2024,522401850,1,9,0,2,2,0,0,0,0,0,0,0,0,0,3,1,6,6,2,39,7,998,8,1,HYUNDAI I20,1,E01014654,0,1
2024131535554,2024,131535554,2,9,0,-1,19,7,3,-1,0,1,0,0,0,0,3,1,-1,9,2,37,7,1248,1,8,HYUNDAI I20,5,E01011793,0,1
2024471409475,2024,471409475,1,9,0,-1,4,5,2,-1,0,4,0,0,0,0,3,1,-1,9,2,63,9,1396,2,9,HYUNDAI I20,8,E01035013,0,4
2024201454348,2024,201454348,1,9,0,-1,9,6,4,-1,0,6,0,0,0,0,1,9,-1,6,1,-1,-1,1396,1,15,HYUNDAI I20,-1,-1,0,-1
2024631527296,2024,631527296,2,9,0,-1,2,0,0,-1,0,0,0,0,0,0,4,1,-1,6,-1,-1,-1,1248,1,14,HYUNDAI I20,-1,-1,0,-1
2024991418414,2024,991418414,2,9,0,-1,2,7,3,-1,0,4,0,0,0,0,2,1,-1,1,2,59,9,1248,1,3,HYUNDAI I20,-1,-1,0,-1
2024010517038,2024,010517038,1,9,0,18,19,4,8,0,0,8,0,0,0,0,1,1,3,7,1,56,9,1248,1,15,HYUNDAI I20,3,E01001980,0,1
2024522401851,2024,522401851,2,9,0,13,13,6,2,0,0,4,0,0,0,0,4,1,6,6,3,-1,-1,998,8,2,HYUNDAI I20,-1,-1,0,-1
2024531504640,2024,531504640,4,9,0,-1,19,3,7,-1,0,1,0,0,0,0,3,1,-1,2,2,74,10,1248,1,5,HYUNDAI I20,8,E01022182,0,3
2024440184662,2024,440184662,1,9,0,10,10,3,7,0,0,1,0,0,0,0,2,1,6,6,2,22,5,1248,1,13,HYUNDAI I20,6,E01017025,0,1
2024430606502,2024,430606502,1,9,0,3,3,3,7,0,0,1,0,0,0,0,1,1,3,7,2,28,6,998,8,1,HYUNDAI I20,6,E01017911,0,1
2024520402350,2024,520402350,1,9,0,18,19,1,5,0,0,0,0,0,0,0,1,1,6,6,2,18,4,998,1,0,HYUNDAI I20,9,E01029198,0,1
2024101522258,2024,101522258,1,9,-1,-1,-1,-1,-1,-1,-1,0,-1,-1,-1,0,-1,9,-1,6,1,27,6,998,8,2,HYUNDAI I20,3,E01008598,0,1
2024471476217,2024,471476217,1,9,0,-1,3,1,6,-1,0,2,0,0,0,0,2,1,-1,9,2,39,7,1248,1,10,HYUNDAI I20,9,E01021158,0,1
2024371418108,2024,371418108,2,9,0,-1,2,0,0,-1,0,0,0,0,0,0,1,1,-1,6,-1,-1,-1,1396,2,13,HYUNDAI I20,-1,-1,0,-1
2024201460638,2024,201460638,1,9,0,-1,19,1,5,-1,0,1,0,0,0,0,1,1,-1,6,1,41,7,998,8,1,HYUNDAI I20,-1,-1,0,-1
2024351413338,2024,351413338,1,9,0,-1,19,6,1,-1,0,8,0,0,0,0,1,9,-1,6,1,18,4,1248,1,12,HYUNDAI I20,4,E01015665,0,1
2024451524346,2024,451524346,2,9,0,-1,99,6,8,-1,99,8,9,99,0,0,1,1,-1,6,2,21,5,1248,1,15,HYUNDAI I20,-1,-1,0,-1
2024311463998,2024,311463998,1,9,0,-1,15,1,5,-1,0,0,0,11,0,0,4,1,-1,9,1,19,4,998,8,2,HYUNDAI I20,1,E01013865,0,1
2024010536550,2024,010536550,3,9,0,2,2,0,0,0,0,6,0,0,0,0,0,1,6,6,3,-1,-1,1248,1,4,HYUNDAI I20,-1,-1,0,-1
2024430226325,2024,430226325,1,9,0,18,19,2,6,0,0,8,0,0,0,0,3,1,3,7,2,35,6,1248,1,14,HYUNDAI I20,4,E01016475,0,1
2024010522834,2024,010522834,1,9,0,14,14,1,5,0,0,1,0,4,0,0,1,1,6,6,2,24,5,1248,1,14,HYUNDAI I20,5,E01033741,0,1
2024311397921,2024,311397921,1,9,0,-1,4,1,5,-1,0,0,0,0,0,0,2,1,-1,6,1,34,6,1248,1,9,HYUNDAI I20,5,E01026232,0,4
2024041503145,2024,041503145,3,9,0,-1,2,0,0,-1,0,1,0,0,0,0,2,1,-1,6,-1,-1,-1,1248,1,14,HYUNDAI I20,-1,-1,0,-1
2024430283031,2024,430283031,1,9,0,3,3,2,6,0,0,1,0,0,0,0,2,1,6,6,2,25,5,998,8,1,HYUNDAI I20,8,E01017814,0,3
2024421401478,2024,421401478,1,9,0,-1,19,5,1,-1,0,0,0,0,0,0,1,9,-1,6,2,35,6,1248,1,8,HYUNDAI I20,6,E01026837,0,5
2024031516549,2024,031516549,1,9,0,-1,19,8,4,-1,0,2,0,0,0,0,1,1,-1,6,1,30,6,1248,1,15,HYUNDAI I20,6,E01034791,0,5
2024471456821,2024,471456821,2,9,0,-1,3,3,6,-1,0,0,0,0,0,0,2,1,-1,2,2,48,8,998,1,8,HYUNDAI I20,3,E01020927,0,3
2024461541640,2024,461541640,1,9,0,-1,4,5,1,-1,0,0,0,0,0,0,2,1,-1,9,1,26,6,1396,1,12,HYUNDAI I20,5,E01024179,0,1
2024471504638,2024,471504638,2,9,0,-1,19,2,6,-1,0,8,0,0,0,0,1,1,-1,2,1,48,8,1248,1,10,HYUNDAI I20,4,E01031344,0,1
2024010550946,2024,010550946,1,9,0,-1,-1,7,3,0,0,1,0,0,0,0,1,1,6,6,1,25,5,1396,1,12,HYUNDAI I20,4,E01003733,0,3
2024421470979,2024,421470979,2,9,0,-1,19,7,3,-1,0,0,0,10,1,0,3,1,-1,9,2,56,9,1248,1,14,HYUNDAI I20,1,E01021324,0,1
2024440373664,2024,440373664,2,9,0,5,5,1,5,0,0,1,0,0,0,0,4,1,6,6,1,53,8,1248,1,9,HYUNDAI I20,9,E01032753,0,1
2024131408093,2024,131408093,3,9,0,-1,2,5,1,-1,0,0,0,0,0,0,1,1,-1,6,-1,-1,-1,1248,1,8,HYUNDAI I20,-1,-1,0,-1
2024540093324,2024,540093324,1,9,0,7,7,3,6,0,0,1,0,0,0,0,1,1,6,6,1,22,5,1396,1,14,HYUNDAI I20,10,E01031924,0,1
2024471503281,2024,471503281,1,9,0,-1,5,3,7,-1,0,0,0,0,0,0,1,1,-1,9,1,77,11,1396,1,15,HYUNDAI I20,8,E01021232,0,1
2024302401473,2024,302401473,1,9,0,18,19,8,4,0,0,1,0,0,0,0,4,1,2,2,2,44,7,998,8,1,HYUNDAI I20,4,E01019491,0,1
2024061504128,2024,061504128,1,9,0,-1,9,1,7,-1,0,1,0,0,0,0,4,2,-1,6,1,57,9,1248,1,11,HYUNDAI I20,3,E01005798,0,1
2024332400263,2024,332400263,1,9,0,-1,19,4,8,-1,0,8,0,0,0,0,1,1,-1,9,2,33,6,1248,1,8,HYUNDAI I20,8,E01025808,0,2
2024070967101,2024,070967101,1,9,0,-1,1,1,5,-1,0,0,0,0,7,1,2,1,-1,6,2,62,9,1248,1,15,HYUNDAI I20,-1,-1,0,-1
2024161475648,2024,161475648,1,9,0,-1,5,3,7,-1,0,0,0,0,1,0,1,1,-1,9,1,36,7,998,8,0,HYUNDAI I20,1,E01011362,0,5
2024041475917,2024,041475917,2,9,0,-1,2,0,0,-1,0,0,0,0,0,0,2,1,-1,6,-1,-1,-1,1248,1,7,HYUNDAI I20,-1,-1,0,-1
202454D365224,2024,54D365224,1,9,0,9,9,8,4,0,0,0,0,0,0,0,1,1,6,6,1,37,7,1396,2,13,HYUNDAI I20,9,E01032702,0,1
2024991506180,2024,991506180,1,9,0,-1,9,5,4,-1,0,8,0,0,0,0,4,1,-1,6,2,23,5,1248,1,13,HYUNDAI I20,-1,-1,0,-1
2024340WN6252,2024,340WN6252,2,9,0,-1,2,0,0,-1,0,0,0,4,0,0,4,1,-1,6,3,-1,-1,1248,1,7,HYUNDAI I20,-1,-1,0,-1
2024041431558,2024,041431558,1,9,0,-1,19,7,3,-1,0,2,0,0,0,0,1,1,-1,6,1,48,8,998,1,0,HYUNDAI I20,1,E01012674,0,1
2024041420400,2024,041420400,1,9,0,-1,19,5,1,-1,0,0,0,0,0,0,1,1,-1,1,1,53,8,1248,1,13,HYUNDAI I20,4,E01025304,0,2
2024401509857,2024,401509857,1,9,0,-1,5,3,7,-1,0,0,0,0,0,0,1,1,-1,6,1,-1,-1,1248,1,11,HYUNDAI I20,1,E01017477,0,3
2024991450086,2024,991450086,3,9,0,-1,2,0,0,-1,-1,0,0,0,0,0,1,1,-1,6,-1,-1,-1,1598,1,3,HYUNDAI I20,-1,-1,0,-1
2024501528527,2024,501528527,1,9,0,-1,19,1,5,-1,0,2,0,4,0,0,1,1,-1,9,2,56,9,1248,1,12,HYUNDAI I20,4,E01019013,0,1
2024401425726,2024,401425726,1,9,0,-1,19,7,3,-1,0,0,0,4,0,0,3,1,-1,9,2,20,4,1248,1,7,HYUNDAI I20,7,E01017608,0,3
2024131408081,2024,131408081,2,9,0,-1,19,1,-1,-1,0,1,0,0,0,0,2,1,-1,6,1,62,9,998,1,6,HYUNDAI I20,7,E01034267,0,4
202460Q008432,2024,60Q008432,1,9,0,4,4,3,7,0,0,1,1,0,7,1,1,1,6,6,1,23,5,1248,1,13,HYUNDAI I20,-1,-1,0,-1
2024131519225,2024,131519225,1,9,0,-1,-1,-1,-1,-1,-1,0,-1,-1,-1,-1,-1,1,-1,2,1,50,8,998,8,3,HYUNDAI I20,2,E01011786,0,1
2024552401504,2024,552401504,2,9,0,7,7,6,7,0,0,5,0,0,1,0,2,1,6,6,2,75,10,1396,1,13,HYUNDAI I20,7,E01015311,0,1
2024501452263,2024,501452263,2,9,0,-1,19,6,8,-1,0,0,0,0,0,0,3,1,-1,9,2,74,10,1248,1,4,HYUNDAI I20,5,E01018992,0,1
2024421523396,2024,421523396,1,9,0,-1,19,3,7,-1,0,1,0,0,0,0,1,1,-1,9,1,49,8,1248,1,15,HYUNDAI I20,9,E01021643,0,3
2024131519860,2024,131519860,1,9,0,-1,7,2,7,-1,0,8,0,0,0,0,3,1,-1,9,2,40,7,1248,1,13,HYUNDAI I20,2,E01033899,0,1
2024231493804,2024,231493804,2,9,0,-1,5,6,2,-1,0,6,0,0,0,0,4,1,-1,1,2,34,6,1248,1,8,HYUNDAI I20,9,E01028094,0,4
2024052400915,2024,052400915,3,9,0,3,3,1,5,0,0,1,0,0,0,0,2,1,6,6,1,30,6,1248,1,13,HYUNDAI I20,1,E01007008,0,1
2024430445854,2024,430445854,1,9,0,18,19,8,4,0,0,1,0,0,0,0,1,1,6,6,3,-1,-1,1248,1,7,HYUNDAI I20,-1,-1,0,-1
2024101409644,2024,101409644,1,9,0,-1,19,3,1,-1,0,3,1,0,0,0,1,9,-1,6,1,68,10,1396,1,14,HYUNDAI I20,-1,-1,0,-1
2024451527104,2024,451527104,1,9,0,-1,19,2,5,-1,0,0,1,0,0,0,1,1,-1,1,1,26,6,1248,1,14,HYUNDAI I20,8,E01030928,0,4
2024061475193,2024,061475193,1,9,0,-1,19,6,2,-1,0,5,0,0,0,0,4,1,-1,6,2,37,7,1248,1,5,HYUNDAI I20,8,E01006090,0,3
2024411427493,2024,411427493,2,9,0,-1,19,1,5,-1,0,0,0,0,0,0,1,1,-1,6,2,18,4,1248,1,11,HYUNDAI I20,10,E01023568,0,1
2024371482675,2024,371482675,2,9,-1,-1,19,-1,-1,-1,0,1,0,0,0,0,3,9,-1,6,2,25,5,1248,1,12,HYUNDAI I20,6,E01022000,0,3
2024522402123,2024,522402123,2,9,0,18,19,1,5,0,0,4,0,0,0,0,1,1,6,6,2,-1,-1,1248,1,10,HYUNDAI I20,5,E01033364,0,1
2024351474330,2024,351474330,1,9,0,-1,19,5,5,-1,9,0,0,0,2,0,1,1,-1,6,2,41,7,1248,1,6,HYUNDAI I20,10,E01017755,0,4
2024531525480,2024,531525480,1,9,0,-1,19,3,7,-1,0,0,0,0,0,0,1,9,-1,6,2,31,6,1248,1,14,HYUNDAI I20,8,E01022298,0,1
2024421476519,2024,421476519,1,9,0,-1,5,7,2,-1,0,8,1,0,0,0,1,1,-1,6,1,18,4,1248,1,11,HYUNDAI I20,8,E01021377,0,2
2024141528465,2024,141528465,3,9,0,-1,19,5,1,-1,0,0,0,0,0,0,1,1,-1,9,1,47,8,998,8,1,HYUNDAI I20,1,E01007406,0,1
2024421396002,2024,421396002,2,9,0,-1,19,7,3,-1,0,8,0,0,0,0,4,1,-1,9,2,68,10,1248,1,11,HYUNDAI I20,7,E01015866,0,1
2024101507406,2024,101507406,1,9,0,-1,5,5,1,-1,0,2,0,0,0,0,1,2,-1,6,2,25,5,1248,1,8,HYUNDAI I20,4,E01008404,0,1
2024461509685,2024,461509685,3,9,0,-1,19,3,7,-1,0,0,0,0,0,0,1,1,-1,2,2,18,4,1248,1,8,HYUNDAI I20,7,E01024316,0,1
2024141398660,2024,141398660,1,9,0,-1,4,1,5,-1,0,2,0,0,0,0,2,9,-1,6,2,45,7,1248,1,12,HYUNDAI I20,1,E01008057,0,2
2024070972202,2024,070972202,1,9,0,-1,9,3,5,-1,0,2,0,0,0,0,1,1,-1,9,2,77,11,998,1,0,HYUNDAI I20,-1,-1,0,-1
2024320447657,2024,320447657,1,9,0,-1,-1,8,4,0,0,0,0,7,0,0,1,1,-1,-1,1,19,4,998,8,2,HYUNDAI I20,1,E01015603,0,4
2024141454004,2024,141454004,2,9,0,-1,19,7,2,-1,0,0,0,0,0,0,1,9,-1,6,3,-1,-1,1248,1,7,HYUNDAI I20,-1,-1,0,-1
2024010500409,2024,010500409,2,9,0,99,99,9,9,99,99,0,9,99,9,99,1,9,6,6,3,-1,-1,1248,1,8,HYUNDAI I20,-1,-1,0,-1
2024332400284,2024,332400284,2,9,0,-1,19,7,3,-1,0,8,0,0,0,0,1,1,-1,9,2,38,7,998,8,1,HYUNDAI I20,6,E01025874,0,1
2024010505200,2024,010505200,1,9,0,18,19,5,1,0,0,0,0,0,0,0,3,1,2,2,2,20,4,998,8,1,HYUNDAI I20,2,E01002530,0,2
2024161491995,2024,161491995,2,9,0,-1,4,3,7,-1,0,0,0,0,0,0,1,1,-1,2,2,48,8,1248,1,10,HYUNDAI I20,-1,-1,0,-1
2024461487791,2024,461487791,1,9,0,-1,19,3,7,-1,-1,0,0,0,2,0,4,1,-1,2,1,57,9,998,1,8,HYUNDAI I20,2,E01016035,0,4
2024411480042,2024,411480042,2,9,0,-1,7,4,8,-1,0,6,0,0,0,0,2,1,-1,9,1,86,11,1248,1,11,HYUNDAI I20,5,E01017588,0,4
2024041523807,2024,041523807,1,9,0,-1,19,7,3,-1,0,2,0,0,0,0,3,1,-1,9,2,28,6,1248,1,9,HYUNDAI I20,3,E01024911,0,2
2024052400578,2024,052400578,2,9,0,18,19,7,3,0,0,0,0,0,0,0,1,1,6,6,1,63,9,1248,1,13,HYUNDAI I20,2,E01007276,0,1
2024161445689,2024,161445689,3,9,0,-1,2,0,0,-1,0,1,0,4,0,0,2,1,-1,6,-1,-1,-1,1248,1,8,HYUNDAI I20,-1,-1,0,-1
2024141448190,2024,141448190,1,9,0,-1,9,7,6,-1,0,0,0,0,0,0,1,1,-1,6,1,18,4,998,8,0,HYUNDAI I20,6,E01007748,0,3
2024421506150,2024,421506150,1,9,0,-1,19,7,2,-1,0,0,0,7,0,0,1,1,-1,9,2,62,9,1248,1,13,HYUNDAI I20,2,E01024170,0,2
2024052400466,2024,052400466,2,9,0,18,19,6,3,0,0,8,0,0,0,0,1,1,6,6,1,23,5,998,8,0,HYUNDAI I20,3,E01006639,0,1
2024411425366,2024,411425366,1,9,0,-1,3,5,1,-1,0,1,0,0,0,0,2,1,-1,9,1,21,5,1248,1,8,HYUNDAI I20,2,E01001551,0,1
2024430269587,2024,430269587,1,9,0,9,9,1,7,0,0,2,0,0,0,0,3,1,6,6,1,89,11,1248,1,9,HYUNDAI I20,10,E01035426,0,1
2024061494155,2024,061494155,1,9,0,-1,3,-1,-1,-1,0,0,0,0,0,0,2,1,-1,9,2,20,4,1248,1,8,HYUNDAI I20,7,E01004775,0,1
2024052402849,2024,052402849,2,9,0,18,19,7,3,0,0,8,0,0,0,0,4,1,1,1,2,26,6,1248,1,12,HYUNDAI I20,1,E01006872,0,2
2024411508149,2024,411508149,1,9,0,-1,5,3,7,-1,0,1,0,0,0,0,1,1,-1,2,1,24,5,1396,1,11,HYUNDAI I20,9,E01023616,0,1
2024471413644,2024,471413644,1,9,0,-1,4,-1,-1,-1,99,0,0,0,0,0,3,1,-1,9,1,17,4,998,8,1,HYUNDAI I20,2,E01021137,0,1
2024991472455,2024,991472455,3,9,0,-1,2,0,0,-1,0,0,0,0,0,0,2,1,-1,6,-1,-1,-1,1396,2,12,HYUNDAI I20,-1,-1,0,-1
2024522400854,2024,522400854,2,9,0,18,19,7,3,0,0,8,0,0,0,0,1,1,6,6,2,59,9,1248,1,11,HYUNDAI I20,1,E01014593,0,2
2024141459627,2024,141459627,1,9,0,-1,19,1,1,-1,0,2,0,0,0,0,3,1,-1,9,2,68,10,1248,1,14,HYUNDAI I20,7,E01007741,0,1
2024320147806,2024,320147806,1,9,0,9,9,2,6,0,0,6,0,0,1,11,4,1,6,6,1,26,6,1248,1,11,HYUNDAI I20,3,E01026123,0,1
2024451494640,2024,451494640,2,9,0,-1,4,6,2,-1,0,0,0,0,0,0,2,1,-1,9,1,18,4,1248,1,14,HYUNDAI I20,6,E01030371,0,2
2024421490908,2024,421490908,1,9,0,-1,13,7,3,-1,0,0,0,7,0,0,1,1,-1,2,1,25,5,1248,1,4,HYUNDAI I20,8,E01021599,0,1
2024451533448,2024,451533448,3,9,0,-1,19,7,3,-1,0,0,0,0,0,0,3,1,-1,2,1,36,7,1248,1,11,HYUNDAI I20,10,E01030487,0,1
2024061490026,2024,061490026,1,9,0,-1,19,3,7,-1,0,8,0,0,0,0,1,9,-1,6,3,-1,-1,1396,2,9,HYUNDAI I20,-1,-1,0,-1
2024461444533,2024,461444533,1,9,0,-1,4,3,7,-1,0,1,0,0,0,0,1,1,-1,9,2,25,5,1248,1,9,HYUNDAI I20,2,E01035296,0,1
2024520002674,2024,520002674,2,9,0,2,2,0,0,0,0,0,0,0,0,0,3,1,6,6,2,48,8,1248,1,9,HYUNDAI I20,9,E01014481,0,1
2024520401859,2024,520401859,1,9,0,4,4,1,5,0,0,1,0,0,0,0,1,1,6,6,2,53,8,1248,1,8,HYUNDAI I20,2,E01029097,0,1
2024471416560,2024,471416560,2,9,0,-1,2,0,0,-1,0,0,0,0,0,0,2,1,-1,6,-1,-1,-1,998,1,7,HYUNDAI I20,-1,-1,0,-1
2024991448584,2024,991448584,1,9,0,-1,19,5,1,-1,0,0,1,0,0,0,2,1,-1,9,2,22,5,1248,1,10,HYUNDAI I20,-1,-1,0,-1
2024440500029,2024,440500029,1,9,0,3,3,2,4,0,0,1,0,0,0,0,2,1,6,6,2,63,9,1248,1,7,HYUNDAI I20,8,E01022652,0,1
2024161502941,2024,161502941,4,9,0,-1,2,0,0,-1,0,2,0,0,0,0,1,1,-1,6,-1,-1,-1,1248,1,11,HYUNDAI I20,-1,-1,0,-1
2024332400170,2024,332400170,1,9,0,-1,19,6,2,-1,0,0,1,0,0,0,1,1,-1,9,2,17,4,1396,1,15,HYUNDAI I20,9,E01025981,0,1
2024421515454,2024,421515454,2,9,0,-1,19,5,1,-1,0,8,0,0,0,0,3,1,-1,6,2,37,7,998,1,0,HYUNDAI I20,5,E01021664,0,1
2024221423990,2024,221423990,1,9,0,-1,19,7,3,-1,0,1,0,0,0,0,1,1,-1,6,2,40,7,1248,1,10,HYUNDAI I20,5,E01014076,0,1
2024041522275,2024,041522275,2,9,0,-1,2,0,0,-1,9,0,0,0,0,0,3,1,-1,6,-1,-1,-1,1248,1,6,HYUNDAI I20,-1,-1,0,-1
2024070741306,2024,070741306,1,9,0,-1,9,3,7,-1,0,6,0,0,1,0,3,1,-1,9,2,83,11,1248,1,10,HYUNDAI I20,6,E01018617,0,3
2024201480585,2024,201480585,1,9,0,-1,15,8,4,-1,0,1,1,4,0,0,1,1,-1,9,1,22,5,998,8,3,HYUNDAI I20,2,E01034931,0,2
2024522401871,2024,522401871,1,9,0,3,3,3,7,0,0,0,0,0,0,0,2,1,1,1,2,-1,-1,1248,1,6,HYUNDAI I20,10,E01014793,0,3
2024070819558,2024,070819558,1,9,0,-1,19,6,2,-1,0,0,0,0,0,0,4,1,-1,6,2,32,6,1248,1,6,HYUNDAI I20,7,E01007301,0,4
2024131526108,2024,131526108,1,9,0,-1,9,1,5,-1,0,0,0,0,0,0,1,1,-1,6,1,39,7,1248,1,7,HYUNDAI I20,2,E01011724,0,2
2024501435679,2024,501435679,2,9,0,-1,9,3,1,-1,0,1,0,0,0,0,2,1,-1,9,2,25,5,998,1,3,HYUNDAI I20,2,E01015259,0,2
2024991511940,2024,991511940,1,9,0,-1,19,4,8,-1,0,0,0,0,1,4,1,1,-1,6,2,18,4,1248,1,13,HYUNDAI I20,-1,-1,0,-1
2024430546332,2024,430546332,2,9,0,18,19,3,7,0,0,1,0,0,0,0,1,1,6,6,2,45,7,1248,1,8,HYUNDAI I20,-1,-1,0,-1
2024161436465,2024,161436465,2,9,0,-1,9,6,4,-1,0,0,0,0,0,0,1,1,-1,6,2,76,11,1396,1,10,HYUNDAI I20,10,E01012967,0,3
2024991469082,2024,991469082,1,9,0,-1,9,8,5,-1,0,8,0,0,0,0,1,1,-1,6,1,58,9,1248,1,14,HYUNDAI I20,3,-1,0,1
202460Q177611,2024,60Q177611,1,9,0,3,3,4,2,0,0,4,0,0,0,0,2,1,6,6,2,34,6,1248,1,8,HYUNDAI I20,-1,-1,0,-1
2024471422982,2024,471422982,2,9,0,-1,19,2,6,-1,0,8,0,0,3,0,1,1,-1,9,1,17,4,1248,1,10,HYUNDAI I20,9,E01031816,0,1
2024061510368,2024,061510368,1,9,0,-1,19,6,2,-1,0,1,0,0,1,0,1,1,-1,9,1,21,5,1248,1,14,HYUNDAI I20,4,E01004767,0,1
2024201502833,2024,201502833,2,9,0,-1,5,1,7,-1,0,6,0,0,0,0,1,1,-1,6,1,54,8,1248,1,13,HYUNDAI I20,-1,-1,0,-1
2024201486293,2024,201486293,2,9,0,-1,7,2,5,-1,0,6,0,0,0,0,2,1,-1,9,2,33,6,1248,1,5,HYUNDAI I20,-1,-1,0,-1
2024131523781,2024,131523781,2,9,0,-1,19,6,2,-1,0,1,0,0,0,0,1,1,-1,6,2,68,10,1248,1,6,HYUNDAI I20,6,E01027735,0,1
2024201514393,2024,201514393,1,9,0,-1,19,6,2,-1,0,8,0,0,0,0,1,1,-1,6,2,34,6,1396,1,12,HYUNDAI I20,5,E01009066,0,3
2024061451697,2024,061451697,1,9,0,-1,5,-1,-1,-1,0,1,1,0,0,0,1,1,-1,1,1,29,6,1248,1,15,HYUNDAI I20,7,E01021656,0,5
2024010515188,2024,010515188,2,9,0,9,9,5,2,0,0,8,0,0,0,0,1,1,6,6,2,80,11,1396,1,12,HYUNDAI I20,4,E01001501,0,1
2024111475977,2024,111475977,2,9,0,-1,19,2,6,-1,0,0,0,0,0,0,2,1,-1,9,2,66,10,1248,1,7,HYUNDAI I20,9,E01020779,0,2
2024161535740,2024,161535740,1,9,0,-1,19,1,5,-1,0,2,0,0,0,0,3,1,-1,9,1,21,5,1248,1,14,HYUNDAI I20,3,E01010950,0,4
2024201548619,2024,201548619,2,9,0,-1,2,0,0,-1,0,0,0,0,0,0,2,1,-1,6,1,59,9,1248,1,7,HYUNDAI I20,1,E01009269,0,1
2024471536515,2024,471536515,1,9,0,-1,19,8,4,-1,0,0,1,0,0,0,1,1,-1,9,1,74,10,1368,1,8,HYUNDAI I20,6,E01001016,0,4
2024101481914,2024,101481914,1,9,0,-1,6,7,3,-1,0,1,0,0,0,0,3,1,-1,6,2,48,8,1248,1,15,HYUNDAI I20,1,E01008305,0,2
2024141485386,2024,141485386,1,9,0,-1,4,7,4,-1,0,8,0,0,0,0,2,1,-1,2,2,56,9,1248,1,8,HYUNDAI I20,6,E01008046,0,1
2024622400261,2024,622400261,1,9,0,9,9,2,8,0,0,8,0,0,0,0,4,1,6,6,2,43,7,1368,1,9,HYUNDAI I20,3,W01001348,0,4
2024201428414,2024,201428414,3,9,0,-1,-1,6,3,-1,-1,0,0,0,0,0,2,9,-1,-1,2,26,6,1248,1,14,HYUNDAI I20,-1,-1,0,-1
2024411516237,2024,411516237,1,9,0,-1,9,1,5,-1,0,1,0,4,0,0,1,1,-1,1,1,22,5,1248,1,15,HYUNDAI I20,6,E01033308,0,3
2024471456424,2024,471456424,1,9,0,-1,19,7,3,-1,0,0,0,0,0,0,3,1,-1,6,2,50,8,1248,1,13,HYUNDAI I20,6,E01031345,0,1
2024061413466,2024,061413466,1,9,0,-1,19,3,7,-1,0,1,0,0,0,0,1,1,-1,6,1,46,8,1396,1,15,HYUNDAI I20,1,E01005234,0,1
2024201520500,2024,201520500,2,9,0,-1,9,5,7,-1,0,1,0,0,0,0,1,1,-1,6,1,28,6,1248,1,9,HYUNDAI I20,1,E01010054,0,1
2024201441969,2024,201441969,1,9,0,-1,4,7,3,-1,0,0,1,10,6,7,1,9,-1,6,1,39,7,1997,1,21,MAKE AND MODEL REDACTED,2,E01010268,0,3
2024010531497,2024,010531497,1,9,0,7,7,9,9,99,99,5,9,99,9,99,9,9,6,6,3,-1,-1,1999,2,7,MAKE AND MODEL REDACTED,3,E01003151,0,1
2024430603462,2024,430603462,1,9,0,1,1,-1,-1,0,0,9,0,0,0,0,2,1,6,6,1,62,9,2993,2,7,MAKE AND MODEL REDACTED,-1,-1,0,-1
2024201481057,2024,201481057,2,9,0,-1,19,2,6,-1,0,0,0,10,1,0,4,1,-1,6,1,74,10,3996,1,24,MAKE AND MODEL REDACTED,2,E01009254,0,1
2024201407072,2024,201407072,2,3,0,-1,19,2,6,-1,0,4,0,0,0,0,4,1,-1,9,1,25,5,125,1,1,MAKE AND MODEL REDACTED,1,E01010527,0,1
2024221469379,2024,221469379,2,9,0,-1,19,4,8,-1,0,0,0,0,0,0,3,1,-1,6,2,47,8,1995,8,1,MAKE AND MODEL REDACTED,8,E01004609,0,5
2024371451770,2024,371451770,1,2,0,-1,9,3,1,-1,0,0,0,0,0,0,1,1,-1,9,1,17,4,49,1,22,MAKE AND MODEL REDACTED,6,E01021398,0,1
2024010539311,2024,010539311,2,9,0,2,2,0,0,0,0,0,0,0,0,0,3,1,6,6,3,-1,-1,4966,1,18,MAKE AND MODEL REDACTED,-1,-1,0,-1
2024311412595,2024,311412595,1,9,0,-1,19,1,5,-1,0,0,2,0,1,9,1,1,-1,9,1,35,6,4966,1,22,MAKE AND MODEL REDACTED,-1,-1,0,-1
2024141479872,2024,141479872,1,3,0,-1,19,4,8,-1,0,1,1,0,0,0,1,1,-1,6,1,20,4,125,1,0,MAKE AND MODEL REDACTED,1,E01008061,0,1
2024231521931,2024,231521931,1,3,0,-1,19,1,5,-1,0,0,0,0,0,0,9,1,-1,6,1,22,5,125,1,0,MAKE AND MODEL REDACTED,5,E01031311,0,1