collision_index,collision_year,collision_ref_no,vehicle_reference,vehicle_type,towing_and_articulation,vehicle_manoeuvre_historic,vehicle_manoeuvre,vehicle_direction_from,vehicle_direction_to,vehicle_location_restricted_lane_historic,vehicle_location_restricted_lane,junction_location,skidding_and_overturning,hit_object_in_carriageway,vehicle_leaving_carriageway,hit_object_off_carriageway,first_point_of_impact,vehicle_left_hand_drive,journey_purpose_of_driver_historic,journey_purpose_of_driver,sex_of_driver,age_of_driver,age_band_of_driver,engine_capacity_cc,propulsion_code,age_of_vehicle,generic_make_model,driver_imd_decile,lsoa_of_driver,escooter_flag,driver_distance_banding
2024010537155,2024,010537155,2,9,0,7,7,3,5,0,0,6,0,0,0,0,1,1,6,6,2,47,8,2400,1,15,TOYOTA MODEL MISSING,3,E01002413,0,1
2024010518064,2024,010518064,2,9,0,99,99,9,9,99,99,9,9,99,9,99,9,9,6,6,3,-1,-1,1797,8,11,TOYOTA MODEL MISSING,-1,-1,0,-1
2024010514166,2024,010514166,2,9,9,99,99,9,9,99,99,9,9,99,9,99,9,9,6,6,3,-1,-1,2362,1,20,TOYOTA MODEL MISSING,-1,-1,0,-1
2024041430640,2024,041430640,1,9,0,-1,9,1,7,-1,0,2,0,0,0,0,3,1,-1,6,2,39,7,1797,8,13,TOYOTA MODEL MISSING,2,E01012696,0,1
2024201567108,2024,201567108,2,9,0,-1,5,1,3,-1,0,0,0,0,0,0,1,9,-1,1,2,46,8,2360,1,16,TOYOTA MODEL MISSING,5,E01009521,0,1
2024010493141,2024,010493141,1,9,0,4,4,1,5,0,0,8,0,0,0,0,3,1,6,6,1,40,7,1790,8,11,TOYOTA MODEL MISSING,3,E01032743,0,1
2024010509861,2024,010509861,3,9,0,4,4,3,7,0,0,0,0,0,0,0,4,2,6,6,1,51,8,2362,8,12,TOYOTA MODEL MISSING,5,E01003740,0,1
2024010507381,2024,010507381,2,9,0,99,99,9,9,99,99,9,9,99,9,99,1,9,6,6,3,-1,-1,1980,1,14,TOYOTA MODEL MISSING,4,E01003568,0,1
2024010532205,2024,010532205,2,9,0,2,2,0,0,0,0,1,0,0,0,0,2,1,6,6,3,-1,-1,2360,8,18,TOYOTA MODEL MISSING,-1,-1,0,-1
2024440364690,2024,440364690,2,8,0,18,19,3,7,0,0,8,0,0,0,0,3,1,1,1,1,42,7,2362,1,15,TOYOTA MODEL MISSING,4,E01035247,0,4
2024010548559,2024,010548559,2,9,0,99,99,9,9,99,99,9,9,99,9,99,9,9,6,6,3,-1,-1,1797,8,9,TOYOTA MODEL MISSING,-1,-1,0,-1
2024010501201,2024,010501201,1,9,9,99,99,9,9,99,99,9,9,99,9,99,1,9,2,2,2,52,8,2360,8,12,TOYOTA MODEL MISSING,3,E01002043,0,3
2024201452536,2024,201452536,2,9,0,-1,9,6,4,-1,0,5,0,10,7,0,3,9,-1,9,1,48,8,2360,7,12,TOYOTA MODEL MISSING,2,E01009271,0,1
2024501431827,2024,501431827,2,9,0,-1,3,2,6,-1,0,1,0,0,0,0,2,9,-1,9,2,62,9,998,1,15,TOYOTA MODEL MISSING,4,E01018919,0,4
2024061491973,2024,061491973,3,9,0,-1,19,2,6,-1,0,8,0,0,0,0,1,1,-1,9,1,32,6,2990,1,21,TOYOTA MODEL MISSING,8,E01006401,0,1
2024371489506,2024,371489506,1,9,0,-1,9,7,5,-1,0,2,0,0,0,0,1,1,-1,9,1,44,7,1299,1,22,TOYOTA MODEL MISSING,1,E01030035,0,1
2024131512856,2024,131512856,2,9,0,-1,4,7,3,-1,0,0,0,0,1,0,1,1,-1,9,1,43,7,1790,8,13,TOYOTA MODEL MISSING,2,E01011028,0,1
2024010520120,2024,010520120,1,9,0,5,5,7,3,0,0,1,0,0,0,0,4,1,1,1,1,49,8,1797,8,10,TOYOTA MODEL MISSING,3,E01002552,0,2
2024031406848,2024,031406848,2,90,0,-1,19,5,1,-1,0,0,0,0,1,0,3,1,-1,2,1,40,7,2495,1,19,TOYOTA MODEL MISSING,-1,-1,0,-1
2024061410709,2024,061410709,2,8,0,-1,19,7,3,-1,0,8,0,0,0,0,1,1,-1,1,1,57,9,1797,8,9,TOYOTA MODEL MISSING,2,E01005580,0,2
2024411404680,2024,411404680,1,9,0,-1,5,8,4,-1,0,0,0,0,1,11,4,1,-1,2,1,36,7,2367,8,18,TOYOTA MODEL MISSING,6,E01023518,0,1
2024461473132,2024,461473132,1,9,0,-1,6,5,1,-1,0,0,1,0,1,0,4,1,-1,9,1,49,8,1797,8,11,TOYOTA MODEL MISSING,2,E01003558,0,5
2024010514162,2024,010514162,2,9,9,99,99,9,9,99,99,9,9,99,9,99,9,9,6,6,1,27,6,2360,8,15,TOYOTA MODEL MISSING,3,E01001808,0,1
2024201495465,2024,201495465,2,8,0,-1,19,4,1,-1,0,0,0,0,0,0,1,1,-1,6,1,52,8,2360,8,9,TOYOTA MODEL MISSING,2,E01010080,0,2
2024411476363,2024,411476363,2,9,0,-1,19,5,1,-1,0,0,0,0,0,0,4,1,-1,6,1,46,8,1497,8,15,TOYOTA MODEL MISSING,2,E01033807,0,2
2024201419751,2024,201419751,1,9,0,-1,7,4,6,-1,0,6,0,0,0,0,0,1,-1,6,1,50,8,1797,8,10,TOYOTA MODEL MISSING,-1,-1,0,-1
2024440037091,2024,440037091,2,9,0,18,19,4,8,0,0,8,0,0,0,0,1,1,6,6,1,42,7,1797,8,10,TOYOTA MODEL MISSING,4,E01017254,0,1
2024010507419,2024,010507419,1,9,0,2,2,0,0,0,0,1,0,0,0,0,2,1,6,6,3,-1,-1,2362,1,20,TOYOTA MODEL MISSING,-1,-1,0,-1
2024061450124,2024,061450124,1,9,-1,-1,-1,-1,-1,-1,-1,-1,-1,-1,-1,0,-1,9,-1,6,1,-1,-1,2400,1,17,TOYOTA MODEL MISSING,-1,-1,0,-1
2024010526414,2024,010526414,2,9,0,99,99,9,9,99,99,0,9,99,9,99,9,9,6,6,3,-1,-1,1797,8,11,TOYOTA MODEL MISSING,-1,-1,0,-1
2024010502364,2024,010502364,1,9,0,18,19,1,5,0,0,0,0,4,0,0,4,1,6,6,1,33,6,2400,1,19,TOYOTA MODEL MISSING,2,E01003052,0,3
2024061502157,2024,061502157,1,9,0,-1,19,-1,-1,-1,0,0,1,10,1,99,4,1,-1,2,1,45,7,998,1,18,TOYOTA MODEL MISSING,2,E01005125,0,1
2024010538308,2024,010538308,1,9,0,2,2,0,0,0,0,0,0,0,0,0,2,1,6,6,3,-1,-1,2360,1,18,TOYOTA MODEL MISSING,-1,-1,0,-1
2024440045927,2024,440045927,2,9,0,18,19,2,6,0,0,1,0,0,0,0,1,1,6,6,1,50,8,1797,8,10,TOYOTA MODEL MISSING,1,E01032755,0,1
2024401506950,2024,401506950,3,9,0,-1,2,0,0,-1,0,0,0,0,0,0,2,1,-1,6,3,-1,-1,2362,1,16,TOYOTA MODEL MISSING,-1,-1,0,-1
2024010540940,2024,010540940,2,9,9,18,19,3,7,99,99,9,9,99,0,0,1,9,6,6,3,-1,-1,2360,1,16,TOYOTA MODEL MISSING,-1,-1,0,-1
2024201518370,2024,201518370,1,8,0,-1,5,3,7,-1,0,6,0,0,0,0,4,1,-1,1,1,43,7,1797,8,6,TOYOTA MODEL MISSING,1,E01034928,0,1
2024340WN3582,2024,340WN3582,1,9,0,-1,19,1,5,-1,0,1,0,0,0,0,1,1,-1,1,2,-1,-1,1797,8,11,TOYOTA MODEL MISSING,-1,-1,0,-1
2024010533983,2024,010533983,1,9,0,18,19,7,3,0,0,2,0,0,0,0,3,1,6,6,1,28,6,2360,8,13,TOYOTA MODEL MISSING,1,E01000528,0,4
2024201557266,2024,201557266,1,8,0,-1,19,1,5,-1,0,8,0,0,0,0,1,1,-1,1,3,50,8,2360,1,7,TOYOTA MODEL MISSING,-1,-1,0,-1
2024201457739,2024,201457739,3,9,0,-1,19,4,8,-1,0,2,0,0,0,0,2,1,-1,6,1,43,7,2360,1,17,TOYOTA MODEL MISSING,2,E01010341,0,1
2024201518310,2024,201518310,1,9,0,-1,19,7,3,-1,0,1,0,0,0,0,1,9,-1,6,1,35,6,2360,1,11,TOYOTA MODEL MISSING,-1,-1,0,-1
2024010516691,2024,010516691,2,9,0,99,99,9,9,99,99,0,9,99,9,99,2,9,6,6,3,-1,-1,2360,1,17,TOYOTA MODEL MISSING,5,E01000450,0,1
2024211488158,2024,211488158,1,9,0,-1,19,2,6,-1,0,1,0,0,0,0,1,9,-1,6,1,-1,-1,1998,1,30,MAKE AND MODEL REDACTED,-1,-1,0,-1
2024041434368,2024,041434368,1,9,0,-1,19,6,2,-1,0,0,0,0,0,0,1,1,-1,2,1,32,6,2171,2,21,MAKE AND MODEL REDACTED,1,E01006980,0,3
2024361491685,2024,361491685,1,5,0,-1,7,7,3,-1,0,0,1,0,0,0,4,1,-1,9,1,38,7,689,1,1,YAMAHA TENERE,9,E01023629,0,4
2024161451714,2024,161451714,2,5,0,-1,19,6,2,-1,0,0,0,0,0,0,0,1,-1,1,1,38,7,689,1,0,YAMAHA TENERE,10,E01013090,0,3
2024010536552,2024,010536552,2,5,0,18,19,8,4,2,2,1,0,0,0,0,1,1,6,6,1,26,6,689,1,1,YAMAHA TENERE,-1,-1,0,-1
2024631411280,2024,631411280,2,5,0,-1,19,4,8,-1,0,0,1,0,0,0,1,1,-1,9,1,56,9,689,1,4,YAMAHA TENERE,6,W01000926,0,4
2024101403698,2024,101403698,1,5,0,-1,13,7,3,-1,0,2,5,0,0,0,1,1,-1,6,-1,-1,-1,689,1,3,YAMAHA TENERE,-1,-1,0,-1
2024552400914,2024,552400914,1,3,0,14,14,2,6,0,0,0,0,0,0,0,1,1,6,6,1,41,7,689,1,4,YAMAHA TENERE,2,E01015293,0,2
2024131522971,2024,131522971,3,5,0,-1,19,5,1,-1,0,1,0,0,1,4,1,1,-1,1,1,46,8,689,1,0,YAMAHA TENERE,6,E01011885,0,3
2024440400153,2024,440400153,1,5,0,3,3,1,5,0,0,1,0,0,0,0,2,1,6,6,1,55,8,689,1,5,YAMAHA TENERE,4,E01030187,0,5
2024010544800,2024,010544800,1,5,0,99,99,9,9,99,99,9,9,99,9,99,1,1,1,1,1,36,7,689,1,1,YAMAHA TENERE,3,E01034139,0,2
2024631411280,2024,631411280,1,5,0,-1,19,8,4,-1,0,0,1,0,0,0,1,1,-1,9,1,31,6,689,1,0,YAMAHA TENERE,6,E01024530,0,5
2024411538068,2024,411538068,2,5,-1,-1,-1,-1,-1,-1,-1,-1,-1,-1,-1,0,-1,1,-1,2,1,65,9,689,1,5,YAMAHA TENERE,6,E01023765,0,2
2024520402108,2024,520402108,1,5,0,18,19,1,5,0,0,0,1,0,0,0,1,1,6,6,1,51,8,689,1,1,YAMAHA TENERE,6,E01024870,0,5
2024010507637,2024,010507637,1,4,0,18,19,5,1,0,0,1,0,0,0,0,0,1,6,6,1,35,6,689,1,4,YAMAHA TENERE,4,E01002168,0,1
2024411543323,2024,411543323,2,5,0,-1,13,7,3,-1,0,0,0,0,5,0,1,1,-1,9,1,63,9,689,1,1,YAMAHA TENERE,6,E01023970,0,2
2024161451714,2024,161451714,3,5,0,-1,19,6,2,-1,0,0,0,0,0,0,0,1,-1,1,1,33,6,689,1,0,YAMAHA TENERE,10,E01013090,0,3
2024161486469,2024,161486469,2,5,0,-1,19,1,5,-1,0,8,0,0,0,0,1,1,-1,9,1,50,8,689,1,2,YAMAHA TENERE,8,E01013028,0,4
2024440276846,2024,440276846,2,5,0,13,13,2,6,0,0,1,0,0,0,0,1,1,2,2,1,31,6,689,1,2,YAMAHA TENERE,6,E01035453,0,3
2024631486117,2024,631486117,2,5,0,-1,5,3,7,-1,0,4,0,0,0,0,3,1,-1,9,1,29,6,689,1,1,YAMAHA TENERE,5,W01000697,0,4
2024010530513,2024,010530513,1,5,0,18,19,3,7,0,0,6,0,0,0,0,4,1,2,2,1,44,7,689,1,3,YAMAHA TENERE,-1,-1,0,-1
2024041456180,2024,041456180,2,5,0,-1,19,3,7,-1,0,1,1,0,0,0,1,1,-1,9,1,62,9,689,1,2,YAMAHA TENERE,8,E01027586,0,2
2024991472778,2024,991472778,1,5,0,-1,19,5,1,-1,0,0,5,0,1,0,4,1,-1,9,1,55,8,689,1,4,YAMAHA TENERE,4,E01020889,0,5
2024522403203,2024,522403203,2,5,0,5,5,4,8,0,0,2,0,0,0,0,3,1,6,6,1,69,10,689,1,5,YAMAHA TENERE,8,E01014700,0,1
2024361436887,2024,361436887,2,2,0,-1,19,1,5,-1,0,4,0,0,0,0,1,1,-1,9,2,24,5,50,1,6,MAKE AND MODEL REDACTED,9,E01026537,0,1
2024552401283,2024,552401283,1,2,0,7,7,8,2,0,0,6,0,0,0,0,3,1,6,6,1,20,4,49,1,12,MAKE AND MODEL REDACTED,3,E01015292,0,1
2024461428609,2024,461428609,2,9,0,-1,19,7,5,-1,0,2,0,0,0,0,1,1,-1,9,2,31,6,-1,3,2,AUDI Q4,4,E01024387,0,1
2024461527531,2024,461527531,1,9,0,-1,9,7,3,-1,0,2,0,0,0,0,4,1,-1,9,1,38,7,-1,3,0,AUDI Q4,7,E01021201,0,4
2024061502977,2024,061502977,1,9,0,-1,19,-1,-1,-1,0,0,1,0,7,0,4,1,-1,9,2,35,6,-1,3,1,AUDI Q4,10,E01025355,0,4
2024522500073,2024,522500073,3,9,0,18,19,5,1,0,0,8,0,0,0,0,4,1,6,6,1,47,8,-1,3,2,AUDI Q4,10,E01014913,0,3
2024461524177,2024,461524177,1,9,0,-1,19,3,7,-1,0,0,0,4,0,0,1,1,-1,2,2,46,8,-1,3,0,AUDI Q4,8,E01016121,0,3
2024421425224,2024,421425224,2,9,0,-1,19,1,5,-1,0,0,0,0,0,0,4,9,-1,6,1,65,9,-1,3,2,AUDI Q4,7,E01021381,0,4
2024010529862,2024,010529862,2,9,0,14,14,7,3,0,0,0,0,0,0,0,3,1,6,6,2,33,6,-1,3,0,AUDI Q4,4,E01002620,0,2
2024131444826,2024,131444826,2,9,0,-1,9,2,4,-1,0,1,0,0,0,0,3,1,-1,9,2,42,7,-1,3,1,AUDI Q4,6,E01011835,0,1
2024430318869,2024,430318869,3,9,0,18,19,7,3,0,0,0,0,0,0,0,1,1,6,6,1,50,8,-1,3,0,AUDI Q4,4,E01022424,0,4
2024010536451,2024,010536451,1,9,0,9,9,7,5,0,0,5,0,0,0,0,4,1,6,6,1,29,6,-1,3,0,AUDI Q4,6,E01000407,0,2
2024211536426,2024,211536426,1,9,0,-1,2,0,0,-1,9,0,0,0,0,0,3,1,-1,6,2,52,8,-1,3,1,AUDI Q4,7,E01029622,0,1
202454D723624,2024,54D723624,2,9,0,4,4,8,4,0,0,0,0,0,0,0,2,1,2,2,2,60,9,-1,3,3,AUDI Q4,7,E01033861,0,2
2024101448342,2024,101448342,1,9,0,-1,9,4,2,-1,0,8,0,0,0,0,1,1,-1,6,1,25,5,-1,3,1,AUDI Q4,7,E01008469,0,2
2024010515162,2024,010515162,1,9,0,18,19,9,9,99,99,0,9,99,9,99,3,9,6,6,1,45,7,-1,3,0,AUDI Q4,3,E01001188,0,1
2024401423538,2024,401423538,2,9,-1,-1,-1,-1,-1,-1,-1,0,-1,-1,-1,0,-1,1,-1,6,2,49,8,-1,3,1,AUDI Q4,4,E01033826,0,1
2024010538431,2024,010538431,1,9,0,4,4,5,1,0,0,1,0,0,0,0,1,1,2,2,2,35,6,-1,3,3,AUDI Q4,9,E01003467,0,2
2024010524598,2024,010524598,3,9,0,10,10,8,5,0,0,1,0,0,0,0,0,1,6,6,1,50,8,-1,3,0,AUDI Q4,4,E01002442,0,1
2024461399147,2024,461399147,4,9,0,-1,19,3,7,-1,0,0,0,0,0,0,2,9,-1,2,1,32,6,-1,3,1,AUDI Q4,8,E01024043,0,4
2024231427472,2024,231427472,1,9,0,-1,19,8,4,-1,0,8,1,0,0,0,1,1,-1,1,1,42,7,-1,3,1,AUDI Q4,4,E01029836,0,4
2024010529959,2024,010529959,1,9,0,17,19,5,1,0,0,1,0,7,1,10,1,1,2,2,1,34,6,-1,3,0,AUDI Q4,9,E01002288,0,1
2024991405357,2024,991405357,1,9,0,-1,19,8,4,-1,0,2,0,0,0,0,4,1,-1,1,1,47,8,-1,3,1,AUDI Q4,10,-1,0,2
2024361526515,2024,361526515,1,9,0,-1,3,7,5,-1,0,1,0,0,0,0,1,1,-1,6,2,42,7,-1,3,1,AUDI Q4,-1,-1,0,-1
2024411463337,2024,411463337,1,9,0,-1,19,8,4,-1,0,1,0,0,0,0,1,1,-1,6,1,59,9,-1,3,0,AUDI Q4,8,E01023625,0,1
2024010512086,2024,010512086,1,9,0,7,7,1,3,0,0,5,0,0,0,0,4,1,6,6,1,33,6,-1,3,1,AUDI Q4,3,E01004675,0,1
2024302400496,2024,302400496,2,9,0,17,19,7,4,0,0,8,1,0,0,0,3,1,6,6,1,-1,-1,-1,3,1,AUDI Q4,8,E01019630,0,2
2024010541701,2024,010541701,2,9,0,18,19,5,1,0,0,8,0,0,0,0,1,1,1,1,1,28,6,-1,3,3,AUDI Q4,8,E01033569,0,2
2024010533775,2024,010533775,2,9,9,99,99,9,9,99,99,9,9,99,9,99,9,9,6,6,3,-1,-1,-1,3,1,AUDI Q4,-1,-1,0,-1
2024211427878,2024,211427878,1,9,0,-1,11,5,1,-1,0,3,0,0,0,0,0,1,-1,6,1,62,9,-1,3,2,AUDI Q4,-1,-1,0,-1
2024552401239,2024,552401239,1,9,0,5,5,7,3,0,0,6,0,0,0,0,3,1,6,6,1,49,8,-1,3,1,AUDI Q4,8,E01015394,0,2
2024231501620,2024,231501620,3,9,0,-1,4,4,8,-1,0,0,0,0,0,0,2,9,-1,6,1,52,8,-1,3,0,AUDI Q4,6,E01018373,0,5
2024052401301,2024,052401301,2,9,0,9,9,5,3,0,0,8,0,0,0,0,3,1,6,6,1,38,7,-1,3,1,AUDI Q4,5,E01006499,0,1
2024531443181,2024,531443181,2,9,0,-1,19,4,8,-1,0,1,0,0,0,0,1,1,-1,6,2,34,6,-1,3,1,AUDI Q4,4,E01022173,0,1
2024010500058,2024,010500058,2,9,0,18,19,9,9,99,99,1,9,99,9,99,9,9,6,6,3,-1,-1,-1,3,0,AUDI Q4,-1,-1,0,-1
2024311404561,2024,311404561,1,9,0,-1,9,3,7,-1,0,1,0,0,0,0,1,1,-1,9,1,38,7,-1,3,3,AUDI Q4,10,E01028361,0,2
2024522402894,2024,522402894,1,9,0,18,19,3,2,0,0,8,0,0,0,0,1,1,6,6,1,64,9,-1,3,1,AUDI Q4,7,E01029085,0,4
2024471497230,2024,471497230,1,9,0,-1,9,1,6,-1,0,6,0,0,0,0,1,1,-1,9,2,56,9,-1,3,0,AUDI Q4,7,E01021173,0,3
2024552401526,2024,552401526,1,9,0,9,9,6,4,0,0,6,0,0,0,0,3,1,6,6,2,31,6,-1,3,0,AUDI Q4,3,E01015381,0,1
2024471534846,2024,471534846,1,9,0,-1,19,7,3,-1,0,2,0,0,0,0,1,1,-1,9,1,49,8,-1,3,3,AUDI Q4,9,E01016875,0,3
2024131525198,2024,131525198,2,9,0,-1,19,2,7,-1,0,8,0,0,0,0,4,1,-1,9,2,35,6,-1,3,1,AUDI Q4,2,E01010815,0,2
2024061522072,2024,061522072,2,9,0,-1,3,5,2,-1,0,1,0,0,0,0,3,1,-1,6,1,77,11,-1,3,1,AUDI Q4,9,E01018669,0,2
2024161491714,2024,161491714,1,9,0,-1,4,3,1,-1,0,0,0,0,0,0,2,1,-1,9,1,49,8,-1,3,0,AUDI Q4,-1,-1,0,-1
2024461428021,2024,461428021,2,9,0,-1,4,3,7,-1,0,4,0,0,0,0,2,9,-1,9,2,42,7,-1,3,1,AUDI Q4,2,E01024177,0,3
2024010492346,2024,010492346,2,9,0,99,99,9,9,99,99,5,9,99,9,99,9,9,6,6,3,-1,-1,-1,3,1,AUDI Q4,9,E01034426,0,4
2024471487267,2024,471487267,1,9,0,-1,19,6,2,-1,0,0,0,0,7,0,3,1,-1,9,1,74,10,-1,3,1,AUDI Q4,8,E01031765,0,1
2024201487148,2024,201487148,2,9,0,-1,19,2,6,-1,0,8,0,0,0,0,1,1,-1,9,1,32,6,-1,3,1,AUDI Q4,-1,-1,0,-1
2024340NN3002,2024,340NN3002,2,9,0,-1,19,4,8,-1,0,0,0,0,0,0,1,1,-1,6,2,47,8,-1,3,3,AUDI Q4,6,E01018126,0,2
2024052401597,2024,052401597,1,9,0,5,5,5,1,0,0,4,0,0,0,0,3,1,6,6,2,32,6,-1,3,0,AUDI Q4,8,E01007279,0,1
2024361555540,2024,361555540,2,9,0,-1,19,6,2,-1,0,1,0,0,0,0,1,1,-1,1,2,58,9,-1,3,2,AUDI Q4,8,E01026439,0,3
2024430224584,2024,430224584,1,9,0,9,9,1,7,0,0,6,0,0,0,0,2,1,6,6,1,45,7,-1,3,1,AUDI Q4,7,E01028493,0,1
2024052402566,2024,052402566,2,9,0,18,19,6,2,0,0,1,0,0,0,0,1,1,6,6,2,30,6,-1,3,1,AUDI Q4,1,E01033228,0,1
2024010521389,2024,010521389,1,9,0,3,3,9,9,99,99,9,9,99,9,99,2,9,6,6,1,53,8,-1,3,0,AUDI Q4,9,E01002575,0,1
2024231482364,2024,231482364,2,9,0,-1,19,2,6,-1,0,1,0,0,0,0,1,9,-1,1,2,19,4,-1,3,3,AUDI Q4,10,E01032271,0,3
2024401538906,2024,401538906,1,9,0,-1,4,5,1,-1,0,1,0,0,0,0,2,1,-1,6,1,49,8,-1,3,1,AUDI Q4,5,E01028538,0,4
2024010534645,2024,010534645,1,9,0,4,4,5,1,0,0,1,0,0,0,0,3,1,2,2,1,21,5,-1,3,1,AUDI Q4,6,E01003273,0,1
2024010546843,2024,010546843,2,9,0,18,19,4,8,0,0,1,0,0,0,0,1,1,2,2,1,26,6,-1,3,0,AUDI Q4,4,E01005029,0,5
2024010538694,2024,010538694,1,9,0,5,5,7,3,0,0,6,0,0,0,0,4,1,6,6,1,48,8,-1,3,2,AUDI Q4,4,E01001723,0,2
2024010535122,2024,010535122,2,9,0,99,99,9,9,99,99,0,9,99,9,99,9,9,6,6,3,-1,-1,-1,3,1,AUDI Q4,2,E01034173,0,1
2024461471864,2024,461471864,2,9,0,-1,19,5,5,-1,0,0,0,0,0,0,3,1,-1,9,2,39,7,-1,3,1,AUDI Q4,5,E01024628,0,1
2024320538555,2024,320538555,2,9,0,-1,-1,8,4,0,0,8,0,0,0,0,3,1,-1,-1,1,43,7,-1,3,3,AUDI Q4,5,E01026409,0,1
2024010547792,2024,010547792,3,9,0,18,19,7,3,0,0,0,0,0,0,0,1,1,2,2,2,62,9,-1,3,0,AUDI Q4,2,E01002316,0,3
2024010543844,2024,010543844,2,9,0,18,19,3,7,0,0,8,0,0,0,0,1,1,6,6,1,31,6,-1,3,0,AUDI Q4,5,E01000554,0,1
2024010520485,2024,010520485,1,9,0,9,9,4,1,0,0,5,0,0,0,0,1,1,6,6,2,38,7,-1,3,1,AUDI Q4,7,E01004534,0,1
2024991409640,2024,991409640,1,9,0,-1,19,5,3,-1,0,2,0,0,0,0,1,1,-1,2,2,48,8,-1,3,2,AUDI Q4,9,-1,0,1
2024221429524,2024,221429524,2,9,0,-1,5,2,6,-1,0,2,0,4,0,0,2,2,-1,7,1,59,9,-1,3,1,AUDI Q4,4,E01032409,0,1
2024131464400,2024,131464400,2,9,0,-1,19,5,1,-1,0,0,1,0,1,0,1,1,-1,9,2,34,6,-1,3,0,AUDI Q4,10,E01027730,0,4
2024131393725,2024,131393725,2,9,0,-1,9,7,1,-1,0,1,0,0,0,0,1,1,-1,6,2,34,6,-1,3,2,AUDI Q4,9,E01010589,0,1
2024041431735,2024,041431735,1,9,0,-1,19,3,7,-1,0,0,1,0,2,7,2,1,-1,2,1,41,7,-1,3,1,AUDI Q4,6,E01025078,0,2
2024052402576,2024,052402576,1,9,0,7,7,8,2,0,0,2,0,0,0,0,1,1,2,2,3,-1,-1,-1,3,1,AUDI Q4,-1,-1,0,-1
2024061517623,2024,061517623,4,9,0,-1,19,1,5,-1,0,0,0,0,0,0,2,1,-1,2,1,39,7,-1,3,0,AUDI Q4,6,E01034340,0,4
2024421477875,2024,421477875,1,9,0,-1,19,7,3,-1,0,0,0,0,0,0,1,1,-1,6,1,60,9,-1,3,0,AUDI Q4,5,E01015994,0,1
2024131414056,2024,131414056,1,9,0,-1,19,3,2,-1,0,1,0,0,0,0,3,1,-1,1,1,34,6,-1,3,1,AUDI Q4,4,E01032489,0,1
2024332400517,2024,332400517,1,9,0,-1,19,2,6,-1,0,0,0,0,0,0,1,1,-1,6,2,42,7,-1,3,1,AUDI Q4,7,E01027033,0,3
2024010531652,2024,010531652,3,9,0,9,9,7,4,0,0,5,0,0,0,0,4,1,6,6,1,47,8,-1,3,0,AUDI Q4,9,E01004136,0,1
2024332400016,2024,332400016,1,9,0,-1,4,3,7,-1,0,2,0,0,0,0,2,1,-1,9,1,33,6,-1,3,1,AUDI Q4,7,E01035396,0,4
2024010538101,2024,010538101,2,9,0,99,99,9,9,99,99,9,9,99,9,99,9,9,6,6,3,-1,-1,-1,3,0,AUDI Q4,-1,-1,0,-1
2024141482530,2024,141482530,1,9,0,-1,9,8,3,-1,0,2,0,0,0,0,1,1,-1,1,2,43,7,-1,3,2,AUDI Q4,9,E01019590,0,3
2024161531870,2024,161531870,2,9,0,-1,19,1,5,-1,0,0,0,0,0,0,3,1,-1,9,1,31,6,-1,3,0,AUDI Q4,8,E01027876,0,3
2024211424190,2024,211424190,1,9,0,-1,7,1,2,-1,0,1,0,0,0,0,4,1,-1,6,2,41,7,-1,3,3,AUDI Q4,-1,-1,0,-1
2024122400450,2024,122400450,1,9,0,9,9,8,5,0,0,2,0,0,0,0,1,1,6,6,2,41,7,-1,3,1,AUDI Q4,-1,-1,0,-1
2024010527228,2024,010527228,2,9,0,5,5,5,1,0,0,1,0,0,0,0,4,1,6,6,1,31,6,-1,3,0,AUDI Q4,4,E01004421,0,1
2024991458092,2024,991458092,3,9,0,-1,19,8,4,-1,0,0,0,0,1,0,1,1,-1,9,2,44,7,-1,3,1,AUDI Q4,4,-1,0,2
2024201507537,2024,201507537,2,9,0,-1,19,1,5,-1,0,0,0,0,0,0,4,1,-1,7,1,54,8,-1,3,2,AUDI Q4,2,E01010071,0,1
2024440360967,2024,440360967,2,9,0,18,19,3,7,0,0,0,0,0,0,0,1,1,6,6,1,49,8,-1,3,0,AUDI Q4,7,E01023167,0,2
2024332400553,2024,332400553,3,9,0,-1,3,2,6,-1,0,1,0,0,0,0,2,1,-1,6,3,-1,-1,-1,3,2,AUDI Q4,-1,-1,0,-1
2024041394093,2024,041394093,1,9,0,-1,19,5,1,-1,0,0,1,7,0,0,3,1,-1,9,1,44,7,-1,3,0,AUDI Q4,6,E01025121,0,3
202460Q005130,2024,60Q005130,2,9,0,18,19,8,4,0,0,0,0,0,7,11,3,1,6,6,2,42,7,-1,3,2,AUDI Q4,-1,-1,0,-1
2024610020024,2024,610020024,1,9,0,18,19,8,4,0,0,8,0,0,3,11,1,1,6,6,1,75,10,1796,1,26,MAKE AND MODEL REDACTED,2,W01001526,0,1
2024340WN7262,2024,340WN7262,1,9,0,-1,4,8,4,-1,0,1,0,0,0,0,1,1,-1,6,1,-1,-1,1399,1,15,CHEVROLET AVEO,-1,-1,0,-1
2024401484986,2024,401484986,4,9,0,-1,2,0,0,-1,0,0,0,0,0,0,4,1,-1,6,1,38,7,1206,1,14,CHEVROLET AVEO,-1,-1,0,-1
2024622400866,2024,622400866,1,9,0,17,19,8,4,0,0,8,0,0,0,0,1,1,6,6,1,43,7,1399,1,16,CHEVROLET AVEO,2,W01001150,0,4
2024201525250,2024,201525250,2,9,0,-1,9,8,5,-1,0,5,0,10,1,0,1,1,-1,2,1,34,6,1206,1,15,CHEVROLET AVEO,2,E01009391,0,1
2024111471950,2024,111471950,1,9,0,-1,19,4,8,-1,0,0,0,0,0,0,1,1,-1,6,1,30,6,1248,2,11,CHEVROLET AVEO,-1,-1,0,-1