collision_index,collision_year,collision_ref_no,vehicle_reference,vehicle_type,towing_and_articulation,vehicle_manoeuvre_historic,vehicle_manoeuvre,vehicle_direction_from,vehicle_direction_to,vehicle_location_restricted_lane_historic,vehicle_location_restricted_lane,junction_location,skidding_and_overturning,hit_object_in_carriageway,vehicle_leaving_carriageway,hit_object_off_carriageway,first_point_of_impact,vehicle_left_hand_drive,journey_purpose_of_driver_historic,journey_purpose_of_driver,sex_of_driver,age_of_driver,age_band_of_driver,engine_capacity_cc,propulsion_code,age_of_vehicle,generic_make_model,driver_imd_decile,lsoa_of_driver,escooter_flag,driver_distance_banding
2024522403117,2024,522403117,1,9,0,13,13,4,7,0,0,2,0,0,7,10,4,1,6,6,1,18,4,1206,1,14,CHEVROLET AVEO,10,E01029128,0,1
2024131482504,2024,131482504,1,9,0,-1,12,1,5,-1,9,0,0,0,7,10,3,1,-1,9,1,20,4,1399,1,15,CHEVROLET AVEO,3,E01011249,0,1
2024421471940,2024,421471940,2,9,0,-1,4,4,6,-1,0,2,0,0,0,0,2,1,-1,6,2,60,9,1399,1,15,CHEVROLET AVEO,7,E01015860,0,1
2024161415955,2024,161415955,2,9,0,-1,19,5,1,-1,0,0,0,0,0,0,1,1,-1,9,1,38,7,1206,1,14,CHEVROLET AVEO,1,E01012783,0,1
2024031438565,2024,031438565,1,9,0,-1,19,4,6,-1,0,0,0,0,1,0,4,1,-1,6,1,50,8,1399,1,13,CHEVROLET AVEO,-1,-1,0,-1
2024061526745,2024,061526745,2,9,0,-1,19,4,4,-1,0,2,0,0,0,0,4,1,-1,6,1,87,11,1206,1,15,CHEVROLET AVEO,3,E01005149,0,1
2024010516165,2024,010516165,1,9,0,18,19,5,1,0,0,8,0,0,0,0,4,1,6,6,2,90,11,1399,1,13,CHEVROLET AVEO,8,E01000786,0,1
2024231398155,2024,231398155,1,9,0,-1,19,7,1,-1,0,8,5,0,7,11,1,1,-1,9,2,19,4,1206,1,14,CHEVROLET AVEO,6,E01031084,0,2
2024361404123,2024,361404123,2,9,0,-1,4,6,2,-1,0,1,0,0,0,0,2,9,-1,6,2,66,10,1399,1,14,CHEVROLET AVEO,6,E01034770,0,1
2024052400533,2024,052400533,1,9,0,6,6,7,7,0,0,1,0,7,1,10,1,1,6,6,1,81,11,1399,1,14,CHEVROLET AVEO,2,E01006977,0,1
2024010534730,2024,010534730,2,9,0,18,19,7,3,0,0,1,0,0,0,0,1,1,6,6,1,72,10,1398,1,12,CHEVROLET AVEO,-1,-1,0,-1
2024010509742,2024,010509742,2,9,0,2,2,0,0,0,0,0,0,0,0,0,4,1,6,6,3,-1,-1,1399,1,16,CHEVROLET AVEO,-1,-1,0,-1
2024211454334,2024,211454334,1,9,0,-1,9,4,8,-1,0,1,0,0,0,0,3,9,-1,6,1,28,6,1399,1,15,CHEVROLET AVEO,2,E01029346,0,1
2024351540114,2024,351540114,1,9,0,-1,9,1,5,-1,0,1,0,0,0,0,1,1,-1,2,2,28,6,1399,1,15,CHEVROLET AVEO,5,E01018214,0,3
2024552400409,2024,552400409,1,9,0,18,19,3,7,0,0,6,0,0,0,0,3,1,2,2,2,62,9,1398,1,11,CHEVROLET AVEO,8,E01015320,0,2
2024430558978,2024,430558978,2,9,0,17,19,2,6,0,0,0,0,0,0,-1,1,1,6,6,1,57,9,1248,2,11,CHEVROLET AVEO,9,E01017394,0,2
2024010503679,2024,010503679,2,9,0,99,99,9,9,99,99,9,9,99,9,99,2,9,6,6,1,19,4,1229,1,12,CHEVROLET AVEO,2,E01003514,0,2
2024141463990,2024,141463990,2,9,0,-1,13,4,8,-1,0,1,0,0,7,0,4,1,-1,6,1,56,9,1206,1,13,CHEVROLET AVEO,2,E01007906,0,1
2024320182981,2024,320182981,1,9,0,-1,-1,6,2,0,0,1,0,0,0,0,1,1,-1,-1,2,34,6,1206,1,14,CHEVROLET AVEO,4,E01026317,0,1
2024101518243,2024,101518243,3,9,0,-1,19,5,1,-1,0,0,0,0,0,0,1,1,-1,2,1,62,9,1229,1,12,CHEVROLET AVEO,9,E01020698,0,3
2024201493125,2024,201493125,4,9,0,-1,2,0,0,-1,0,0,0,0,0,0,3,1,-1,6,-1,-1,-1,1399,1,15,CHEVROLET AVEO,-1,-1,0,-1
2024440357098,2024,440357098,2,9,0,18,19,0,4,0,0,0,0,0,0,0,3,1,6,6,1,-1,-1,1206,1,15,CHEVROLET AVEO,-1,-1,0,-1
2024332400229,2024,332400229,2,9,0,-1,99,7,3,-1,0,6,0,0,0,0,1,1,-1,6,3,-1,-1,1399,1,16,CHEVROLET AVEO,-1,-1,0,-1
2024411399442,2024,411399442,2,9,0,-1,19,1,5,-1,0,0,0,0,0,0,3,9,-1,9,1,48,8,1206,1,13,CHEVROLET AVEO,5,E01000620,0,4
2024552400371,2024,552400371,2,9,0,10,10,6,4,0,0,5,0,0,0,0,2,1,2,2,2,26,6,1206,1,13,CHEVROLET AVEO,1,E01015288,0,1
2024320129556,2024,320129556,1,9,0,-1,-1,8,4,0,0,0,0,0,7,3,1,1,-1,-1,1,52,8,1248,2,12,CHEVROLET AVEO,1,E01026109,0,1
2024991465037,2024,991465037,2,9,0,-1,10,7,3,-1,0,8,0,0,0,0,2,1,-1,9,1,74,10,1206,1,14,CHEVROLET AVEO,-1,-1,0,-1
202417M207924,2024,17M207924,2,9,0,-1,19,2,6,-1,0,0,0,0,0,0,3,1,-1,9,1,40,7,1248,2,11,CHEVROLET AVEO,-1,-1,0,-1
2024010505251,2024,010505251,1,9,0,99,99,9,9,99,99,0,9,99,9,99,2,9,6,6,2,36,7,1229,1,12,CHEVROLET AVEO,2,E01001877,0,1
2024311502663,2024,311502663,1,9,0,-1,19,6,2,-1,0,0,0,0,0,0,1,1,-1,9,2,58,9,1206,1,15,CHEVROLET AVEO,8,E01028253,0,1
2024501413852,2024,501413852,1,9,0,-1,19,6,2,-1,0,0,0,0,0,0,1,9,-1,6,1,-1,-1,1206,1,15,CHEVROLET AVEO,-1,-1,0,-1
2024311427302,2024,311427302,3,9,0,-1,19,4,8,-1,0,0,0,0,0,0,1,1,-1,6,1,82,11,1399,1,15,CHEVROLET AVEO,10,E01028384,0,1
2024471520371,2024,471520371,2,9,0,-1,19,8,4,-1,0,1,0,0,0,0,1,1,-1,6,2,27,6,1206,1,15,CHEVROLET AVEO,7,E01021146,0,1
2024311421093,2024,311421093,2,9,0,-1,9,7,4,-1,0,2,0,0,0,0,1,1,-1,7,2,52,8,1398,1,12,CHEVROLET AVEO,2,E01013853,0,1
2024451515900,2024,451515900,1,9,0,-1,9,4,3,-1,0,6,0,0,0,0,1,1,-1,9,1,24,5,1398,1,12,CHEVROLET AVEO,2,E01001110,0,2
2024010510696,2024,010510696,1,9,0,18,19,3,7,0,0,2,0,10,0,0,1,1,6,6,2,99,11,1300,1,13,MAKE AND MODEL REDACTED,6,E01004636,0,2
2024351537527,2024,351537527,3,9,0,-1,4,7,3,-1,0,1,0,0,0,0,2,1,-1,6,1,35,6,1968,2,17,MAKE AND MODEL REDACTED,10,E01035555,0,1
2024010542914,2024,010542914,3,9,0,2,2,0,0,0,0,0,0,0,0,0,2,1,6,6,3,-1,-1,1798,1,17,MAKE AND MODEL REDACTED,-1,-1,0,-1
2024010533114,2024,010533114,1,9,0,9,9,4,1,0,0,5,0,0,0,0,1,1,2,2,1,57,9,1998,1,17,MAKE AND MODEL REDACTED,2,E01001673,0,1
2024061421904,2024,061421904,1,9,0,-1,-1,-1,-1,-1,-1,0,-1,-1,-1,0,-1,1,-1,6,3,-1,-1,998,1,4,FORD FIESTA,-1,-1,0,-1
2024421406660,2024,421406660,1,9,0,-1,19,5,1,-1,0,1,0,0,0,0,1,1,-1,6,2,-1,-1,1242,1,14,FORD FIESTA,4,E01015996,0,3
2024430195485,2024,430195485,2,9,0,18,19,6,2,0,0,8,0,0,0,0,1,1,6,6,2,18,4,1242,1,13,FORD FIESTA,10,E01016227,0,2
2024991450719,2024,991450719,2,9,0,-1,19,3,7,-1,0,0,0,0,0,0,4,1,-1,6,2,47,8,1084,1,5,FORD FIESTA,4,-1,0,1
2024320654834,2024,320654834,1,9,0,7,7,4,8,0,0,6,0,4,0,0,3,1,-1,-1,1,27,6,998,1,11,FORD FIESTA,4,E01026318,0,1
2024161426810,2024,161426810,1,9,0,-1,19,3,7,-1,0,0,0,0,7,0,4,1,-1,9,1,32,6,998,1,9,FORD FIESTA,5,E01033414,0,1
2024010546243,2024,010546243,1,9,0,7,7,1,3,0,0,2,0,0,0,0,1,1,1,1,1,36,7,998,1,10,FORD FIESTA,5,E01003219,0,1
2024430579204,2024,430579204,1,9,0,18,19,8,4,0,0,0,5,10,1,10,1,1,6,6,1,32,6,1560,2,18,FORD FIESTA,6,E01002523,0,1
2024010537807,2024,010537807,2,9,0,2,2,0,0,0,0,0,0,10,0,0,3,1,6,6,3,-1,-1,998,1,6,FORD FIESTA,-1,-1,0,-1
2024361452174,2024,361452174,1,9,0,-1,9,3,2,-1,0,6,0,0,0,0,3,1,-1,6,1,85,11,1388,1,17,FORD FIESTA,8,E01026921,0,1
2024010498357,2024,010498357,1,9,0,7,7,1,4,0,0,5,0,0,0,0,4,2,6,6,1,35,6,1388,1,15,FORD FIESTA,5,E01002042,0,1
2024461488922,2024,461488922,1,9,0,-1,19,8,3,-1,0,0,0,0,0,0,1,1,-1,6,1,23,5,1560,2,14,FORD FIESTA,3,E01016045,0,3
2024122500494,2024,122500494,1,9,0,6,6,1,1,0,0,6,0,0,0,0,3,1,1,1,1,28,6,1499,2,6,FORD FIESTA,10,E01027715,0,2
2024122400407,2024,122400407,1,9,0,9,9,7,3,0,0,8,0,0,0,0,1,1,6,6,1,49,8,998,1,8,FORD FIESTA,6,E01027797,0,1
2024361451864,2024,361451864,2,9,0,-1,19,3,7,-1,0,1,0,0,0,0,4,1,-1,6,1,18,4,998,1,10,FORD FIESTA,9,E01035136,0,3
2024552400490,2024,552400490,1,9,0,18,19,8,4,0,0,0,0,0,0,0,1,1,2,2,1,20,4,1242,1,25,FORD FIESTA,-1,-1,0,-1
2024332400889,2024,332400889,2,9,0,-1,19,5,1,-1,0,1,0,0,0,0,1,1,-1,2,2,41,7,1388,1,18,FORD FIESTA,1,E01013620,0,1
2024461423018,2024,461423018,1,9,0,-1,19,2,6,-1,0,0,2,4,0,0,1,1,-1,6,1,17,4,998,1,6,FORD FIESTA,9,E01024146,0,1
2024411508773,2024,411508773,1,9,0,-1,19,3,7,-1,0,0,0,0,0,0,1,1,-1,6,1,23,5,998,1,6,FORD FIESTA,6,E01033811,0,3
2024351460283,2024,351460283,1,9,0,-1,19,4,8,-1,0,4,0,0,0,0,1,1,-1,6,2,21,5,1242,1,14,FORD FIESTA,4,E01015614,0,1
2024361508241,2024,361508241,1,9,0,-1,9,5,1,-1,0,6,0,0,0,0,4,1,-1,1,1,35,6,1399,2,13,FORD FIESTA,1,E01026824,0,1
2024522401864,2024,522401864,1,9,0,18,19,3,8,0,0,0,0,0,1,11,4,1,6,6,1,45,7,1242,1,21,FORD FIESTA,5,E01014804,0,1
202454F376924,2024,54F376924,2,9,0,18,19,6,2,0,0,1,1,0,1,0,1,1,6,6,2,27,6,1242,1,19,FORD FIESTA,7,E01015520,0,2
2024991420850,2024,991420850,1,9,0,-1,19,4,8,-1,0,0,0,0,0,0,1,1,-1,2,2,22,5,1242,1,11,FORD FIESTA,6,-1,0,1
2024622400352,2024,622400352,1,9,0,18,19,2,6,1,1,1,0,0,1,11,1,1,6,6,1,18,4,1399,2,15,FORD FIESTA,2,W01000762,0,3
2024631502745,2024,631502745,1,9,0,-1,19,5,1,-1,0,8,0,0,3,11,1,1,-1,9,1,27,6,1560,2,15,FORD FIESTA,4,W01000542,0,1
2024320767224,2024,320767224,2,9,0,-1,-1,4,8,0,0,8,0,0,1,1,1,1,6,6,2,22,5,1242,1,11,FORD FIESTA,3,E01026024,0,2
2024461507916,2024,461507916,1,9,0,-1,19,3,7,-1,0,2,0,0,0,0,1,1,-1,6,2,33,6,1242,1,12,FORD FIESTA,3,E01016045,0,1
2024501516446,2024,501516446,1,9,0,-1,12,7,3,-1,0,2,0,0,0,0,1,1,-1,9,2,19,4,1242,1,8,FORD FIESTA,9,E01000686,0,5
2024622400842,2024,622400842,2,9,0,4,4,2,6,0,0,1,0,0,0,0,1,1,6,6,2,69,10,1242,1,17,FORD FIESTA,10,W01000785,0,1
2024010519734,2024,010519734,1,9,0,99,99,9,9,99,99,9,9,99,9,99,2,9,6,6,1,26,6,1388,1,15,FORD FIESTA,6,E01000513,0,1
2024211488218,2024,211488218,2,9,0,-1,19,5,3,-1,0,3,0,0,0,0,2,1,-1,6,2,27,6,1596,1,14,FORD FIESTA,9,E01010547,0,2
2024201501463,2024,201501463,1,9,0,-1,8,8,3,-1,0,0,0,0,0,0,1,1,-1,6,1,19,4,998,1,10,FORD FIESTA,-1,-1,0,-1
2024231479118,2024,231479118,1,9,0,-1,19,1,5,-1,0,1,0,0,0,0,1,9,-1,6,2,32,6,1084,1,5,FORD FIESTA,3,E01014830,0,5
2024131431682,2024,131431682,2,9,0,-1,9,1,7,-1,0,5,0,0,0,0,4,1,-1,2,1,32,6,998,1,11,FORD FIESTA,10,E01011280,0,3
2024231427444,2024,231427444,1,9,0,-1,4,4,8,-1,0,0,0,0,0,0,1,1,-1,9,1,30,6,1242,1,17,FORD FIESTA,4,E01032282,0,4
2024131483725,2024,131483725,1,9,0,-1,19,8,4,-1,0,8,0,0,7,0,1,1,-1,9,1,17,4,1388,1,19,FORD FIESTA,2,E01011814,0,1
2024010531392,2024,010531392,1,9,0,7,7,5,7,0,0,1,0,0,0,0,4,1,3,7,1,18,4,1242,1,9,FORD FIESTA,9,E01031772,0,4
2024061438906,2024,061438906,2,9,0,-1,19,-1,-1,-1,0,9,0,0,0,0,1,1,-1,6,1,-1,-1,1242,1,11,FORD FIESTA,9,E01006277,0,1
2024471534239,2024,471534239,3,9,0,-1,19,6,2,-1,0,0,0,4,0,0,3,1,-1,9,1,20,4,1388,1,13,FORD FIESTA,9,E01022081,0,5
2024471463285,2024,471463285,1,9,0,-1,15,2,6,-1,0,1,1,4,0,0,1,1,-1,9,1,85,11,1388,1,12,FORD FIESTA,2,E01031783,0,1
2024421419814,2024,421419814,1,9,0,-1,19,3,7,-1,0,1,1,0,0,0,1,1,-1,6,1,81,11,998,1,7,FORD FIESTA,2,E01021975,0,2
2024411513523,2024,411513523,1,9,-1,-1,-1,-1,-1,-1,-1,0,-1,-1,-1,0,1,9,-1,6,1,20,4,998,1,11,FORD FIESTA,5,E01023322,0,1
2024440182395,2024,440182395,1,9,0,18,19,2,6,0,0,8,0,0,0,0,4,1,6,6,2,74,10,1242,1,18,FORD FIESTA,4,E01017164,0,1
2024547226924,2024,547226924,1,9,0,1,1,3,7,0,0,0,0,0,0,0,2,1,6,6,1,70,10,1560,2,13,FORD FIESTA,5,E01031845,0,1
2024522401486,2024,522401486,1,9,0,18,19,6,2,0,0,0,0,0,5,6,1,1,6,6,1,39,7,1499,2,9,FORD FIESTA,7,E01022401,0,4
2024141484303,2024,141484303,1,9,0,-1,19,1,5,-1,0,1,0,0,0,0,1,1,-1,6,1,47,8,1499,2,7,FORD FIESTA,2,E01008112,0,1
2024461505683,2024,461505683,2,9,0,-1,19,5,2,-1,0,8,0,0,0,0,3,1,-1,2,1,25,5,998,1,7,FORD FIESTA,10,E01024453,0,1
2024131412996,2024,131412996,2,9,0,-1,5,2,1,-1,0,1,0,0,0,0,2,1,-1,9,2,39,7,998,1,5,FORD FIESTA,10,E01014992,0,5
2024231506330,2024,231506330,1,9,0,-1,7,8,2,-1,0,8,0,0,3,11,1,1,-1,6,1,26,6,999,1,1,FORD FIESTA,7,E01031319,0,1
2024552400075,2024,552400075,2,9,0,3,3,7,3,0,0,1,0,0,0,0,2,1,2,2,2,25,5,999,1,4,FORD FIESTA,8,E01015453,0,4
2024520401670,2024,520401670,1,9,0,3,3,7,5,0,0,1,0,0,0,0,2,1,6,6,2,70,10,1242,1,11,FORD FIESTA,5,E01029121,0,1
2024010541970,2024,010541970,3,9,0,2,2,0,0,0,0,0,0,0,0,0,4,1,6,6,3,-1,-1,998,1,9,FORD FIESTA,-1,-1,0,-1
2024010545957,2024,010545957,3,9,0,2,2,0,0,0,0,1,0,0,0,0,3,9,6,6,3,-1,-1,1242,1,9,FORD FIESTA,-1,-1,0,-1
2024201486188,2024,201486188,1,9,0,-1,4,5,6,-1,0,0,0,0,0,0,1,1,-1,1,1,43,7,1242,1,18,FORD FIESTA,1,E01009400,0,2
2024131413562,2024,131413562,2,9,0,-1,19,5,1,-1,0,1,0,0,0,0,1,1,-1,9,2,59,9,1242,1,17,FORD FIESTA,6,E01011053,0,1
2024061510136,2024,061510136,1,9,0,-1,-1,-1,-1,-1,-1,-1,-1,-1,-1,0,-1,1,-1,2,2,55,8,998,1,10,FORD FIESTA,6,E01005973,0,1
2024552401531,2024,552401531,1,9,0,18,19,4,8,0,0,0,0,0,0,0,3,1,6,6,1,28,6,1596,1,15,FORD FIESTA,7,E01020540,0,4
2024340WN1672,2024,340WN1672,1,9,0,-1,19,3,7,-1,0,0,5,0,1,0,1,1,-1,9,1,20,4,998,1,6,FORD FIESTA,8,E01027026,0,2
2024201518101,2024,201518101,1,9,0,-1,19,1,4,-1,0,0,0,0,0,0,0,9,-1,6,3,-1,-1,1560,2,14,FORD FIESTA,-1,-1,0,-1
2024061473920,2024,061473920,2,9,0,-1,15,1,5,-1,9,1,5,0,1,0,1,1,-1,9,1,32,6,1242,1,12,FORD FIESTA,3,E01005372,0,1
2024131520845,2024,131520845,1,9,0,-1,19,7,3,-1,0,0,0,0,0,0,1,1,-1,9,1,19,4,998,1,7,FORD FIESTA,6,E01010639,0,4
2024010528426,2024,010528426,1,9,0,18,19,7,3,0,0,1,0,0,0,0,1,1,6,6,1,23,5,1388,1,12,FORD FIESTA,-1,-1,0,-1
2024131433700,2024,131433700,2,9,0,-1,9,4,2,-1,0,8,0,0,0,0,1,1,-1,9,1,28,6,1242,1,10,FORD FIESTA,9,E01011923,0,1
2024421432054,2024,421432054,2,9,0,-1,19,6,2,-1,0,1,0,0,0,0,1,1,-1,6,2,34,6,1242,1,16,FORD FIESTA,2,E01015840,0,1
2024531507736,2024,531507736,2,9,0,-1,19,1,5,-1,0,1,0,0,0,0,1,1,-1,2,1,22,5,998,1,9,FORD FIESTA,3,E01022309,0,3
2024010498853,2024,010498853,1,9,0,7,7,7,1,0,0,5,0,0,0,0,1,1,6,6,3,-1,-1,1242,1,13,FORD FIESTA,-1,-1,0,-1
2024070474291,2024,070474291,2,9,0,18,19,1,5,0,0,8,0,0,0,0,1,1,6,6,1,69,10,1242,1,12,FORD FIESTA,10,E01018652,0,1
2024131460066,2024,131460066,2,9,0,-1,9,3,1,-1,0,8,0,0,0,0,1,1,-1,9,2,34,6,998,1,10,FORD FIESTA,9,E01011453,0,1
2024201452696,2024,201452696,2,9,0,-1,19,2,6,-1,0,3,0,0,0,0,2,1,-1,6,2,42,7,998,1,7,FORD FIESTA,4,E01010377,0,1
2024010508186,2024,010508186,1,9,0,9,9,1,7,8,6,6,0,0,0,0,1,1,6,6,2,77,11,999,1,1,FORD FIESTA,2,E01000056,0,1
2024461508199,2024,461508199,2,9,0,-1,19,3,5,-1,0,0,0,0,0,0,1,9,-1,6,2,21,5,1242,1,9,FORD FIESTA,4,E01016157,0,1
2024122400757,2024,122400757,2,9,0,18,19,6,2,0,0,8,1,0,1,0,1,1,6,6,2,75,10,1084,1,5,FORD FIESTA,10,E01011699,0,3
2024461402397,2024,461402397,1,9,0,-1,20,4,8,-1,0,0,0,0,0,0,1,9,-1,6,1,-1,-1,1242,1,15,FORD FIESTA,5,E01001571,0,2
2024320762135,2024,320762135,1,9,0,-1,-1,6,2,0,0,0,0,4,0,0,1,1,-1,-1,1,77,11,1242,1,15,FORD FIESTA,5,E01026407,0,1
2024991465556,2024,991465556,1,9,0,-1,19,1,5,-1,0,0,0,0,0,0,3,1,-1,6,1,66,10,1242,1,12,FORD FIESTA,-1,-1,0,-1
2024122400470,2024,122400470,1,9,0,16,19,4,6,0,0,0,0,0,7,4,1,1,6,6,1,17,4,998,1,10,FORD FIESTA,4,E01012056,0,3
2024010550868,2024,010550868,1,9,0,99,99,9,9,99,99,9,9,99,9,99,9,9,6,6,3,20,4,1242,1,11,FORD FIESTA,9,E01000188,0,1
2024471481087,2024,471481087,2,9,0,-1,19,1,5,-1,0,2,0,0,0,0,3,1,-1,9,2,21,5,1388,1,15,FORD FIESTA,8,E01021036,0,4
2024340WN2102,2024,340WN2102,2,9,0,-1,19,7,3,-1,0,8,0,0,1,1,3,1,-1,6,1,25,5,1388,1,12,FORD FIESTA,5,E01027192,0,1
2024501494788,2024,501494788,1,9,9,-1,19,6,3,-1,0,1,0,0,0,0,1,2,-1,1,1,26,6,1596,1,14,FORD FIESTA,6,E01020161,0,3
2024421536267,2024,421536267,1,9,0,-1,-1,-1,-1,-1,-1,-1,-1,-1,-1,0,-1,1,-1,6,1,18,4,1560,2,15,FORD FIESTA,2,E01022023,0,3
2024010550811,2024,010550811,1,9,0,18,19,3,7,0,0,0,0,0,0,0,3,1,6,6,2,30,6,998,1,10,FORD FIESTA,3,E01033591,0,1
2024010533401,2024,010533401,3,9,0,2,2,0,0,0,0,1,0,0,0,0,2,1,6,6,3,-1,-1,998,1,8,FORD FIESTA,-1,-1,0,-1
2024131444894,2024,131444894,2,9,0,-1,7,5,3,-1,0,5,0,0,0,0,4,1,-1,2,1,50,8,998,1,11,FORD FIESTA,2,E01011919,0,3
2024041423825,2024,041423825,2,9,0,-1,2,0,0,-1,0,2,0,0,0,0,3,1,-1,6,-1,-1,-1,1242,1,8,FORD FIESTA,-1,-1,0,-1
2024991534620,2024,991534620,1,9,0,-1,4,8,2,-1,0,1,0,0,0,0,1,1,-1,9,2,29,6,1242,1,14,FORD FIESTA,6,-1,0,1
2024141426815,2024,141426815,2,9,0,-1,19,8,4,-1,0,4,0,0,0,0,1,1,-1,6,1,30,6,1499,2,11,FORD FIESTA,5,E01007653,0,1
2024501435774,2024,501435774,1,9,0,-1,19,6,2,-1,0,0,0,0,0,0,1,1,-1,2,1,62,9,1388,1,21,FORD FIESTA,4,E01019037,0,1
2024131507074,2024,131507074,1,9,0,-1,3,5,1,-1,0,1,0,0,0,0,2,1,-1,1,1,28,6,1399,2,15,FORD FIESTA,1,E01011863,0,4
2024340WN2142,2024,340WN2142,2,9,0,-1,4,5,1,-1,0,1,0,0,0,0,2,1,-1,2,1,51,8,998,1,9,FORD FIESTA,4,E01027012,0,1
2024471481400,2024,471481400,2,9,0,-1,19,5,1,-1,0,0,0,0,0,0,4,1,-1,9,2,42,7,1084,1,5,FORD FIESTA,6,E01031345,0,1
2024522401290,2024,522401290,2,9,0,4,4,3,7,0,0,1,0,0,0,0,2,1,6,6,1,22,5,1242,1,14,FORD FIESTA,9,E01014784,0,2
2024545004424,2024,545004424,1,9,0,18,19,6,2,0,0,1,0,0,7,1,1,1,6,6,1,19,4,1388,1,15,FORD FIESTA,9,E01015548,0,2
2024010544772,2024,010544772,1,9,0,9,9,1,7,0,0,6,0,0,0,0,1,1,6,6,1,17,4,1242,1,19,FORD FIESTA,6,E01000166,0,1
2024010539061,2024,010539061,1,9,0,9,9,5,3,0,0,5,0,0,0,0,4,1,2,2,1,29,6,1388,1,16,FORD FIESTA,9,E01002259,0,4
2024070344722,2024,070344722,2,9,0,4,4,7,3,0,0,0,0,0,0,0,2,1,2,2,2,-1,-1,998,1,6,FORD FIESTA,10,E01018413,0,2
2024161418543,2024,161418543,1,9,0,-1,19,3,7,-1,0,8,2,0,7,10,1,1,-1,6,2,74,10,998,1,2,FORD FIESTA,6,E01011396,0,4
2024440124316,2024,440124316,1,9,0,4,4,1,5,0,0,0,0,0,0,0,2,1,6,6,2,34,6,1399,2,18,FORD FIESTA,8,E01022786,0,2
2024010524687,2024,010524687,2,9,0,99,99,9,9,99,99,0,9,99,9,99,1,9,6,6,1,-1,-1,998,1,10,FORD FIESTA,7,E01002655,0,1
2024421473115,2024,421473115,2,9,0,-1,9,7,3,-1,0,0,0,0,0,0,1,1,-1,9,1,29,6,1242,1,14,FORD FIESTA,2,E01001734,0,4
2024991429375,2024,991429375,4,9,0,-1,19,6,2,-1,0,1,0,0,0,0,1,1,-1,6,1,20,4,1242,1,14,FORD FIESTA,7,-1,0,1
2024421404049,2024,421404049,4,9,0,-1,19,5,1,-1,0,0,0,0,0,0,1,1,-1,6,2,23,5,1388,1,15,FORD FIESTA,2,E01021270,0,2
2024101445361,2024,101445361,1,9,0,-1,9,1,5,-1,0,1,0,0,0,0,3,1,-1,9,1,25,5,998,1,8,FORD FIESTA,6,E01027483,0,1
2024010503805,2024,010503805,1,9,0,2,2,0,0,0,0,1,0,0,1,0,2,1,6,6,3,-1,-1,998,1,6,FORD FIESTA,-1,-1,0,-1
2024052401692,2024,052401692,1,9,0,18,19,3,7,0,0,0,0,0,0,0,1,1,6,6,2,26,6,1242,1,17,FORD FIESTA,7,E01029806,0,4
202417M307624,2024,17M307624,1,9,0,-1,19,1,5,-1,0,8,0,0,0,0,1,1,-1,9,1,19,4,1242,1,15,FORD FIESTA,-1,-1,0,-1
2024320433763,2024,320433763,1,9,0,-1,-1,7,3,0,0,1,0,0,0,0,1,1,-1,-1,2,28,6,1242,1,15,FORD FIESTA,1,E01026112,0,1
2024311517395,2024,311517395,1,9,0,-1,5,8,3,-1,0,0,0,0,0,0,2,1,-1,6,2,32,6,1242,1,15,FORD FIESTA,2,E01028186,0,1
2024461458544,2024,461458544,2,9,0,-1,4,6,2,-1,0,0,0,0,0,0,2,1,-1,1,1,18,4,1242,1,8,FORD FIESTA,7,E01024433,0,2
2024451415976,2024,451415976,2,9,0,-1,19,1,1,-1,0,0,0,0,0,0,1,1,-1,9,2,53,8,1388,1,12,FORD FIESTA,8,E01030613,0,1
2024501517226,2024,501517226,2,9,0,-1,19,5,1,-1,0,1,0,0,0,0,4,1,-1,2,1,51,8,1242,1,14,FORD FIESTA,2,E01015176,0,1
2024201478526,2024,201478526,1,9,0,-1,19,7,1,-1,0,0,0,0,0,0,2,1,-1,9,1,43,7,1242,1,14,FORD FIESTA,-1,-1,0,-1
2024302401184,2024,302401184,1,9,0,18,19,3,7,0,0,0,1,0,1,10,1,1,6,6,1,19,4,1242,1,16,FORD FIESTA,-1,-1,0,-1
2024461524113,2024,461524113,1,9,0,-1,9,5,2,-1,0,0,0,0,0,0,1,1,-1,9,1,30,6,998,1,9,FORD FIESTA,5,E01024118,0,1
2024461410896,2024,461410896,2,9,0,-1,19,7,3,-1,0,0,0,0,0,0,2,1,-1,9,2,36,7,998,1,7,FORD FIESTA,9,E01024259,0,2
2024461471853,2024,461471853,1,9,0,-1,4,3,7,-1,0,2,0,0,0,0,1,1,-1,2,1,43,7,1596,1,8,FORD FIESTA,6,E01024212,0,1
2024122401286,2024,122401286,1,9,0,17,19,3,7,0,0,0,0,0,1,4,1,1,6,6,1,19,4,998,1,6,FORD FIESTA,8,E01027895,0,1
2024543102024,2024,543102024,1,9,0,3,3,4,8,0,0,0,0,0,0,0,1,1,6,6,1,20,4,998,1,5,FORD FIESTA,4,E01009766,0,5