collision_index,collision_year,collision_ref_no,vehicle_reference,vehicle_type,towing_and_articulation,vehicle_manoeuvre_historic,vehicle_manoeuvre,vehicle_direction_from,vehicle_direction_to,vehicle_location_restricted_lane_historic,vehicle_location_restricted_lane,junction_location,skidding_and_overturning,hit_object_in_carriageway,vehicle_leaving_carriageway,hit_object_off_carriageway,first_point_of_impact,vehicle_left_hand_drive,journey_purpose_of_driver_historic,journey_purpose_of_driver,sex_of_driver,age_of_driver,age_band_of_driver,engine_capacity_cc,propulsion_code,age_of_vehicle,generic_make_model,driver_imd_decile,lsoa_of_driver,escooter_flag,driver_distance_banding
2024991493641,2024,991493641,1,9,0,-1,5,3,1,-1,0,6,0,0,1,0,3,1,-1,6,1,85,11,1242,1,15,FORD FIESTA,9,-1,0,1
2024351519200,2024,351519200,1,9,0,-1,5,7,3,-1,0,6,0,0,0,0,1,1,-1,6,1,19,4,1242,1,15,FORD FIESTA,3,E01018066,0,2
2024552401375,2024,552401375,1,9,0,9,9,8,5,4,4,5,0,0,0,0,3,1,6,6,2,29,6,1560,2,11,FORD FIESTA,9,E01015405,0,1
2024991522137,2024,991522137,2,9,0,-1,19,4,1,-1,0,1,0,0,0,0,4,1,-1,6,2,50,8,1560,2,14,FORD FIESTA,4,-1,0,2
2024430082276,2024,430082276,2,9,0,18,19,2,6,0,0,0,0,0,0,0,4,1,6,6,1,28,6,998,1,10,FORD FIESTA,1,E01015789,0,4
2024061445342,2024,061445342,2,9,0,-1,19,4,6,-1,0,1,0,0,0,0,4,9,-1,6,1,25,5,1242,1,14,FORD FIESTA,1,E01005239,0,1
2024010545325,2024,010545325,1,9,0,18,19,1,5,0,0,2,0,0,0,0,0,1,6,6,1,24,5,1242,1,14,FORD FIESTA,4,E01034288,0,1
2024421470979,2024,421470979,1,9,0,-1,19,3,7,-1,0,0,0,0,7,0,3,1,-1,2,2,66,10,1388,1,15,FORD FIESTA,1,E01021317,0,1
2024531405095,2024,531405095,1,9,0,-1,19,5,1,-1,0,1,0,0,1,4,4,1,-1,9,2,72,10,1388,1,14,FORD FIESTA,5,E01022148,0,1
2024421441368,2024,421441368,2,9,0,-1,19,6,2,-1,0,8,0,0,0,0,4,1,-1,2,1,18,4,1242,1,17,FORD FIESTA,6,E01021308,0,1
2024440145316,2024,440145316,2,9,0,2,2,0,0,0,0,0,0,0,1,0,1,1,6,6,3,-1,-1,1596,1,11,FORD FIESTA,-1,-1,0,-1
2024052400358,2024,052400358,2,9,0,18,19,3,7,0,0,8,0,0,1,11,3,1,2,2,2,20,4,998,1,1,FORD FIESTA,1,E01006738,0,1
2024010501938,2024,010501938,1,9,9,99,99,9,9,99,99,0,9,99,9,99,9,9,6,6,3,25,5,999,1,4,FORD FIESTA,3,E01000465,0,1
2024131438804,2024,131438804,4,9,0,-1,2,0,0,-1,0,2,0,0,0,0,3,1,-1,6,-1,-1,-1,1242,1,12,FORD FIESTA,-1,-1,0,-1
2024501456778,2024,501456778,3,9,0,-1,19,3,7,-1,0,1,0,4,0,0,1,1,-1,9,2,22,5,1242,1,10,FORD FIESTA,9,E01028747,0,5
2024041414031,2024,041414031,1,9,0,-1,19,3,7,-1,0,0,0,0,0,0,1,1,-1,6,2,21,5,1242,1,13,FORD FIESTA,8,E01025010,0,1
2024131506582,2024,131506582,1,9,0,-1,5,3,7,-1,0,6,0,0,0,0,1,1,-1,9,2,54,8,1242,1,8,FORD FIESTA,1,E01033021,0,1
2024471429384,2024,471429384,2,9,0,-1,4,2,6,-1,0,0,0,0,0,0,2,1,-1,9,2,64,9,1388,1,13,FORD FIESTA,5,E01031810,0,2
2024522403101,2024,522403101,2,9,0,18,19,7,3,0,0,0,0,0,0,0,1,1,6,6,1,36,7,1596,1,12,FORD FIESTA,5,E01014795,0,2
2024552400664,2024,552400664,2,9,0,4,4,2,6,0,0,0,0,0,0,0,2,1,6,6,1,28,6,1596,1,12,FORD FIESTA,5,E01015417,0,1
2024991422827,2024,991422827,1,9,0,-1,19,2,6,-1,0,0,0,0,0,0,1,1,-1,6,1,42,7,1499,2,11,FORD FIESTA,7,-1,0,5
2024471435590,2024,471435590,2,9,0,-1,13,-1,-1,-1,0,1,0,0,0,0,9,1,-1,6,1,24,5,1388,1,19,FORD FIESTA,6,E01020938,0,2
2024421466171,2024,421466171,1,9,0,-1,19,1,5,-1,0,8,0,0,0,0,4,1,-1,9,1,19,4,1496,1,2,FORD FIESTA,7,E01015983,0,1
2024201428411,2024,201428411,2,9,0,-1,19,2,6,-1,0,8,0,0,0,0,1,1,-1,6,2,24,5,998,1,6,FORD FIESTA,-1,-1,0,-1
2024010529599,2024,010529599,1,9,0,99,99,9,9,99,99,0,9,99,9,99,9,9,2,2,1,36,7,998,1,5,FORD FIESTA,8,E01021424,0,4
2024010527271,2024,010527271,1,9,0,18,19,3,7,0,0,1,1,4,0,0,1,1,4,7,1,20,4,1242,1,16,FORD FIESTA,2,E01001513,0,1
2024010519945,2024,010519945,8,9,0,4,4,7,3,0,0,0,1,0,0,0,2,1,6,6,1,27,6,998,1,10,FORD FIESTA,5,E01002607,0,1
2024622400738,2024,622400738,2,9,0,9,9,3,1,0,0,5,0,0,0,0,1,1,6,6,1,21,5,1242,1,13,FORD FIESTA,5,W01001717,0,1
2024520402947,2024,520402947,1,9,0,16,19,2,6,0,0,0,5,10,0,0,1,1,6,6,1,21,5,1596,1,19,FORD FIESTA,-1,-1,0,-1
2024430075712,2024,430075712,2,9,0,18,19,8,4,0,0,1,0,0,0,0,1,1,6,6,1,-1,-1,998,1,9,FORD FIESTA,5,E01002525,0,2
2024201484685,2024,201484685,3,9,0,-1,2,0,0,-1,0,0,0,0,0,0,2,1,-1,6,1,22,5,998,1,7,FORD FIESTA,4,E01009011,0,2
2024061423355,2024,061423355,1,19,0,-1,3,-1,-1,-1,0,0,0,0,0,0,2,1,-1,9,2,51,8,1560,2,10,FORD FIESTA,4,E01019750,0,4
2024101440449,2024,101440449,2,9,-1,-1,3,5,1,-1,0,1,0,0,0,0,3,9,-1,6,1,54,8,998,1,6,FORD FIESTA,7,E01008465,0,1
2024991511078,2024,991511078,1,9,0,-1,3,7,3,-1,0,1,0,0,0,0,1,1,-1,6,1,18,4,999,1,1,FORD FIESTA,7,-1,0,1
2024631482542,2024,631482542,2,9,0,-1,4,7,3,-1,0,2,0,0,0,0,2,1,-1,6,1,45,7,1560,2,10,FORD FIESTA,6,W01000565,0,1
2024991439009,2024,991439009,1,9,0,-1,19,3,7,-1,0,8,0,0,0,0,1,1,-1,9,1,63,9,1560,2,14,FORD FIESTA,9,-1,0,1
2024451511105,2024,451511105,2,9,0,-1,3,3,7,-1,0,0,0,0,0,0,2,1,-1,6,1,22,5,998,1,11,FORD FIESTA,10,E01030948,0,1
2024541844624,2024,541844624,2,9,0,7,7,1,5,0,0,0,0,0,0,0,4,1,6,6,2,18,4,1084,1,5,FORD FIESTA,9,E01015548,0,2
2024010531325,2024,010531325,1,9,0,4,4,5,1,0,0,0,0,0,0,0,2,1,6,6,2,29,6,1596,1,10,FORD FIESTA,5,E01001404,0,1
2024221433297,2024,221433297,1,9,0,-1,19,8,5,-1,0,0,0,0,0,0,1,1,-1,9,1,21,5,998,1,7,FORD FIESTA,10,E01010172,0,4
2024371519641,2024,371519641,2,9,0,-1,19,3,2,-1,0,8,0,0,0,0,1,1,-1,9,2,26,6,1084,1,7,FORD FIESTA,9,E01029921,0,3
2024010527827,2024,010527827,1,9,0,18,19,1,5,0,0,1,0,0,0,0,1,1,6,6,2,22,5,1388,1,12,FORD FIESTA,-1,-1,0,-1
2024302500066,2024,302500066,2,9,0,-1,19,8,3,-1,0,4,0,0,0,0,3,1,-1,6,1,18,4,1242,1,17,FORD FIESTA,5,E01019417,0,3
2024131464232,2024,131464232,1,9,0,-1,-1,-1,-1,-1,-1,0,-1,-1,-1,-1,-1,1,-1,6,3,-1,-1,998,1,7,FORD FIESTA,-1,-1,0,-1
2024631526369,2024,631526369,2,9,0,-1,19,4,8,-1,0,8,0,0,0,0,1,1,-1,9,2,18,4,998,1,8,FORD FIESTA,9,E01014022,0,4
2024111483792,2024,111483792,1,9,0,-1,13,1,5,-1,0,0,0,0,0,0,1,1,-1,9,1,58,9,1560,2,14,FORD FIESTA,-1,-1,0,-1
2024010529021,2024,010529021,1,9,0,6,6,5,5,0,0,0,0,0,0,0,1,1,6,6,1,66,10,1388,1,17,FORD FIESTA,5,E01002948,0,1
2024122500064,2024,122500064,2,9,0,18,19,2,6,0,0,2,0,0,1,0,1,1,6,6,2,46,8,1596,1,10,FORD FIESTA,6,E01013449,0,1
2024631488791,2024,631488791,1,9,0,-1,19,7,3,-1,0,1,0,0,0,0,1,1,-1,9,1,17,4,1242,1,17,FORD FIESTA,6,W01000545,0,2
2024311420777,2024,311420777,1,9,0,-1,19,6,2,-1,0,1,0,0,0,0,1,9,-1,6,1,34,6,1242,1,10,FORD FIESTA,4,E01028260,0,1
2024010534622,2024,010534622,2,9,9,99,99,9,9,99,99,9,9,99,9,99,9,9,6,6,1,18,4,1388,1,15,FORD FIESTA,5,E01002677,0,1
2024041409668,2024,041409668,2,9,0,-1,19,3,7,-1,0,1,0,0,0,0,2,1,-1,9,2,39,7,998,1,10,FORD FIESTA,2,E01024904,0,1
2024201460321,2024,201460321,1,9,0,-1,11,2,6,-1,0,0,0,0,0,0,4,9,-1,9,1,24,5,1242,1,12,FORD FIESTA,2,E01010526,0,1
2024320709204,2024,320709204,1,9,0,-1,-1,8,4,0,0,0,0,0,0,0,0,1,6,6,2,52,8,1242,1,9,FORD FIESTA,4,E01026071,0,2
2024010545128,2024,010545128,1,9,0,99,99,9,9,99,99,9,9,99,9,99,9,9,6,6,2,49,8,998,1,10,FORD FIESTA,3,E01001637,0,2
2024052400643,2024,052400643,1,9,0,18,19,7,3,0,0,0,0,0,0,0,4,1,6,6,2,63,9,1242,1,9,FORD FIESTA,8,E01012550,0,2
2024320541886,2024,320541886,2,9,0,4,4,2,6,0,0,4,0,0,0,0,2,1,6,6,1,57,9,1242,1,17,FORD FIESTA,2,E01026166,0,3
2024010533237,2024,010533237,2,9,0,99,99,9,9,99,99,9,9,99,9,99,9,9,6,6,3,-1,-1,998,1,7,FORD FIESTA,6,E01002327,0,3
2024991429028,2024,991429028,2,9,0,-1,19,7,2,-1,0,1,0,0,0,0,1,1,-1,9,2,34,6,1399,2,13,FORD FIESTA,5,-1,0,4
2024430456009,2024,430456009,1,9,0,18,19,6,2,0,0,0,0,0,0,0,1,1,2,2,2,48,8,1388,1,16,FORD FIESTA,3,E01016444,0,1
2024440539505,2024,440539505,1,9,0,18,19,2,6,0,0,0,0,0,0,0,1,1,2,2,2,17,4,1242,1,17,FORD FIESTA,8,E01022651,0,1
2024552400368,2024,552400368,1,9,0,18,19,6,2,0,0,8,0,0,0,0,1,1,6,6,2,70,10,998,1,10,FORD FIESTA,9,E01020385,0,3
2024531444240,2024,531444240,2,9,0,-1,3,2,6,-1,0,1,0,0,0,0,2,1,-1,9,1,69,10,1388,1,16,FORD FIESTA,8,E01022437,0,2
2024351471096,2024,351471096,2,9,0,-1,3,8,1,-1,0,7,0,0,0,0,4,1,-1,9,1,81,11,999,1,2,FORD FIESTA,7,E01018264,0,1
202460Q038827,2024,60Q038827,2,9,0,7,7,5,7,0,0,6,0,0,0,0,1,1,6,6,1,19,4,1242,1,17,FORD FIESTA,-1,-1,0,-1
2024622400192,2024,622400192,1,9,0,15,15,6,2,0,0,0,0,0,0,0,1,1,6,6,1,27,6,1242,1,9,FORD FIESTA,1,W01001873,0,1
2024041406974,2024,041406974,2,9,0,-1,19,1,5,-1,0,8,0,0,0,0,3,1,-1,6,2,24,5,1084,1,6,FORD FIESTA,10,E01025350,0,2
2024101414512,2024,101414512,1,9,0,-1,5,7,3,-1,0,6,0,0,0,0,1,9,-1,6,2,-1,-1,1242,1,8,FORD FIESTA,-1,-1,0,-1
2024991459119,2024,991459119,2,9,0,-1,19,8,4,-1,0,0,0,0,0,0,1,1,-1,9,1,20,4,1399,2,15,FORD FIESTA,2,-1,0,2
2024161540989,2024,161540989,2,9,0,-1,19,3,7,-1,0,0,1,0,0,0,3,1,-1,6,1,20,4,1388,1,15,FORD FIESTA,1,E01012931,0,2
2024361468629,2024,361468629,1,9,0,-1,7,4,5,-1,0,8,0,0,0,0,3,1,-1,6,1,17,4,1388,1,17,FORD FIESTA,7,E01026748,0,2
2024501452715,2024,501452715,2,9,0,-1,19,7,3,-1,0,0,0,0,0,0,2,1,-1,6,2,60,9,998,1,8,FORD FIESTA,5,E01020147,0,3
2024070860982,2024,070860982,1,9,0,-1,19,3,7,-1,0,0,0,0,6,4,1,1,-1,9,2,19,4,998,1,6,FORD FIESTA,2,E01018739,0,1
2024041428479,2024,041428479,2,9,0,-1,19,7,3,-1,0,1,0,0,0,0,1,1,-1,2,2,25,5,1596,1,9,FORD FIESTA,7,E01025326,0,1
2024201502094,2024,201502094,1,9,0,-1,9,5,3,-1,0,5,0,0,0,0,1,1,-1,1,2,23,5,998,1,7,FORD FIESTA,4,E01009085,0,2
2024221455654,2024,221455654,1,9,0,-1,7,6,8,-1,0,6,0,0,0,0,1,9,-1,6,2,35,6,998,1,5,FORD FIESTA,6,E01009069,0,3
2024332401028,2024,332401028,1,9,0,-1,19,6,2,-1,0,2,0,0,0,0,1,1,-1,9,1,36,7,1388,1,21,FORD FIESTA,5,E01009689,0,4
2024421505948,2024,421505948,1,9,0,-1,19,1,5,-1,0,8,0,0,0,0,1,1,-1,9,2,21,5,998,1,11,FORD FIESTA,6,E01018020,0,4
2024332401236,2024,332401236,1,9,0,-1,5,3,7,-1,0,2,0,0,0,0,1,1,-1,6,3,-1,-1,998,1,9,FORD FIESTA,-1,-1,0,-1
2024471409616,2024,471409616,3,9,0,-1,19,7,3,-1,0,0,0,0,0,0,0,1,-1,6,1,22,5,1596,1,15,FORD FIESTA,5,E01031834,0,3
2024052402453,2024,052402453,2,9,0,9,9,4,8,0,0,1,0,0,0,0,4,1,6,6,2,23,5,998,1,0,FORD FIESTA,1,E01006461,0,3
2024141419047,2024,141419047,1,9,0,-1,10,1,7,-1,0,1,0,0,0,0,0,9,-1,6,3,-1,-1,1560,2,15,FORD FIESTA,-1,-1,0,-1
2024461486582,2024,461486582,1,9,0,-1,19,1,5,-1,0,0,1,0,7,0,1,1,-1,9,1,18,4,1242,1,14,FORD FIESTA,6,E01016142,0,2
2024010505457,2024,010505457,2,9,9,99,99,9,9,99,99,9,9,99,9,99,9,9,6,6,3,-1,-1,1388,1,14,FORD FIESTA,-1,-1,0,-1
2024122401170,2024,122401170,1,9,0,4,4,3,7,0,0,1,0,0,0,0,1,1,6,6,2,44,7,1999,1,16,FORD FIESTA,4,E01034983,0,4
2024031441509,2024,031441509,1,9,0,-1,19,2,4,-1,0,0,1,0,0,0,1,1,-1,9,1,31,6,1388,1,14,FORD FIESTA,-1,-1,0,-1
2024052401367,2024,052401367,1,9,0,9,9,4,2,0,0,2,0,0,0,0,1,1,6,6,1,29,6,1242,1,12,FORD FIESTA,5,E01029345,0,5
2024010541501,2024,010541501,1,9,0,10,10,7,5,0,0,1,0,11,0,0,3,1,6,6,1,30,6,1242,1,8,FORD FIESTA,3,E01001983,0,1
2024131464865,2024,131464865,1,9,0,-1,2,0,0,-1,-1,0,0,0,0,0,3,1,-1,6,3,-1,-1,1388,1,16,FORD FIESTA,-1,-1,0,-1
2024421488805,2024,421488805,1,9,0,-1,19,6,2,-1,0,4,1,9,3,0,1,1,-1,6,2,21,5,1388,1,13,FORD FIESTA,4,E01022028,0,4
2024211418129,2024,211418129,2,19,0,-1,3,5,1,-1,0,0,0,0,1,0,2,1,-1,6,1,69,10,1499,2,7,FORD FIESTA,-1,-1,0,-1
2024302400632,2024,302400632,2,9,0,2,2,0,0,0,0,0,0,0,0,0,3,1,6,6,3,-1,-1,1496,1,6,FORD FIESTA,-1,-1,0,-1
2024041455067,2024,041455067,1,9,0,-1,19,5,5,-1,0,1,5,0,0,0,1,1,-1,9,1,21,5,1242,1,17,FORD FIESTA,9,E01004806,0,2
2024061429523,2024,061429523,2,9,0,-1,19,-1,-1,-1,0,0,0,0,1,0,3,9,-1,9,2,55,8,1499,2,7,FORD FIESTA,5,E01006022,0,3
2024351549619,2024,351549619,1,19,0,-1,19,6,2,-1,0,0,0,0,0,0,4,1,-1,1,1,46,8,1399,2,14,FORD FIESTA,3,E01018073,0,3
2024361414671,2024,361414671,1,9,0,-1,9,6,3,-1,0,1,0,0,0,0,1,1,-1,2,2,44,7,1388,1,20,FORD FIESTA,5,E01026423,0,1
2024543156224,2024,543156224,1,9,0,17,19,5,2,0,0,0,5,0,7,4,4,1,6,6,1,18,4,1242,1,19,FORD FIESTA,7,E01034521,0,1
2024401512116,2024,401512116,1,9,0,-1,19,1,5,-1,0,1,0,0,0,0,0,1,-1,6,1,26,6,1388,1,13,FORD FIESTA,8,E01015747,0,1
2024430317722,2024,430317722,1,9,0,16,19,6,2,0,0,1,0,0,7,0,1,1,2,2,1,37,7,1242,1,16,FORD FIESTA,6,E01028651,0,3
2024061472810,2024,061472810,1,9,0,-1,9,4,1,-1,0,5,0,0,0,0,1,1,-1,9,1,30,6,998,1,9,FORD FIESTA,1,E01004866,0,1
2024070286671,2024,070286671,1,9,0,4,4,1,5,0,0,1,0,0,0,0,1,1,6,6,2,-1,-1,1499,2,7,FORD FIESTA,-1,-1,0,-1
2024131431950,2024,131431950,3,9,0,-1,3,8,3,-1,0,0,0,4,0,0,1,1,-1,6,1,42,7,998,1,9,FORD FIESTA,4,E01011462,0,2
2024991413754,2024,991413754,2,9,0,-1,19,5,1,-1,0,8,0,0,0,0,3,1,-1,1,1,37,7,1242,1,14,FORD FIESTA,4,-1,0,1
2024131496383,2024,131496383,1,9,0,-1,19,8,4,-1,0,2,0,0,0,0,1,1,-1,9,1,20,4,1388,1,22,FORD FIESTA,4,E01011031,0,1
2024471455990,2024,471455990,1,9,0,-1,19,7,3,-1,0,0,1,0,2,4,1,1,-1,9,1,29,6,1242,1,17,FORD FIESTA,2,E01022913,0,1
2024411433007,2024,411433007,2,9,0,-1,19,4,7,-1,0,8,0,0,0,0,4,1,-1,9,2,50,8,998,1,2,FORD FIESTA,10,E01023213,0,5
2024010533223,2024,010533223,1,9,0,9,9,7,5,0,0,8,0,0,0,0,1,1,6,6,1,26,6,1242,1,12,FORD FIESTA,2,E01000096,0,3
2024501496573,2024,501496573,1,9,0,-1,19,8,4,-1,0,8,0,0,0,0,1,1,-1,2,2,65,9,1242,1,16,FORD FIESTA,6,E01020231,0,1
2024052402788,2024,052402788,3,9,0,5,5,1,5,0,0,1,0,0,0,0,3,1,6,6,1,63,9,1242,1,19,FORD FIESTA,3,E01006671,0,2
2024311439730,2024,311439730,1,9,0,-1,4,3,7,-1,0,0,0,0,0,0,2,1,-1,6,2,44,7,1388,1,18,FORD FIESTA,4,E01027950,0,1
2024440103252,2024,440103252,1,9,0,18,19,6,2,0,0,0,2,0,8,10,1,1,6,6,1,20,4,1242,1,20,FORD FIESTA,7,E01023178,0,1
2024211493164,2024,211493164,1,9,0,-1,8,1,6,-1,0,5,0,0,0,0,1,1,-1,6,2,27,6,998,1,8,FORD FIESTA,8,E01029713,0,1
2024231542996,2024,231542996,1,9,0,-1,19,2,6,-1,0,0,0,0,0,0,1,1,-1,6,1,21,5,999,1,4,FORD FIESTA,8,E01031323,0,1
2024546676124,2024,546676124,1,9,0,18,19,6,2,0,0,0,0,4,0,0,1,1,6,6,2,47,8,1388,1,12,FORD FIESTA,6,E01016297,0,3
2024231549696,2024,231549696,3,9,0,-1,4,2,6,-1,0,0,0,0,0,0,1,9,-1,9,1,32,6,1399,2,14,FORD FIESTA,5,E01031309,0,1
2024201461176,2024,201461176,1,9,0,-1,19,2,6,-1,0,1,0,0,0,0,1,1,-1,6,1,28,6,998,1,6,FORD FIESTA,6,E01010376,0,2
2024522401234,2024,522401234,1,9,0,9,9,2,8,0,0,5,0,0,0,0,1,1,6,6,2,34,6,1242,1,19,FORD FIESTA,9,E01026321,0,5
2024471479759,2024,471479759,1,9,0,-1,9,6,3,-1,0,8,0,0,0,0,1,1,-1,2,1,43,7,1596,1,18,FORD FIESTA,3,E01016921,0,2
2024041499946,2024,041499946,2,9,0,-1,19,3,7,-1,0,1,0,4,0,0,1,1,-1,9,2,48,8,998,1,6,FORD FIESTA,3,E01024926,0,1
2024340NN2582,2024,340NN2582,3,9,0,-1,19,5,1,-1,0,1,0,0,0,0,1,1,-1,6,1,55,8,-1,-1,-1,FORD FIESTA,4,E01032971,0,3
2024421407783,2024,421407783,1,9,0,-1,4,3,7,-1,0,1,0,0,0,0,1,1,-1,9,1,21,5,1084,1,7,FORD FIESTA,4,E01015891,0,1
2024161515061,2024,161515061,2,9,0,-1,19,1,5,-1,0,0,0,0,0,0,1,1,-1,6,2,25,5,1242,1,14,FORD FIESTA,1,E01012761,0,1
2024421456235,2024,421456235,1,9,0,-1,19,3,7,-1,0,4,0,0,0,0,1,1,-1,2,2,32,6,1084,1,5,FORD FIESTA,3,E01021321,0,1
2024041398250,2024,041398250,2,9,0,-1,9,8,2,-1,0,5,0,0,0,0,2,1,-1,2,2,24,5,998,1,6,FORD FIESTA,1,E01025046,0,1
2024131478207,2024,131478207,2,9,0,-1,2,0,0,-1,-1,0,0,0,1,0,2,1,-1,6,-1,-1,-1,998,1,7,FORD FIESTA,-1,-1,0,-1
2024991456236,2024,991456236,1,9,0,-1,19,6,2,-1,0,0,5,0,2,0,1,1,-1,9,2,83,11,998,1,6,FORD FIESTA,8,-1,0,5
2024061445739,2024,061445739,1,9,0,-1,15,3,7,-1,0,8,0,0,0,0,2,1,-1,2,2,23,5,998,1,9,FORD FIESTA,4,E01005957,0,1
2024501510644,2024,501510644,2,9,0,-1,19,8,5,-1,0,4,0,0,0,0,3,2,-1,9,1,81,11,-1,-1,-1,FORD FIESTA,5,E01020068,0,1
2024041420010,2024,041420010,2,9,0,-1,19,7,3,-1,0,1,0,0,0,0,1,1,-1,9,1,19,4,1299,1,29,FORD FIESTA,7,E01025565,0,2
2024041486153,2024,041486153,2,9,0,-1,19,3,7,-1,0,0,0,0,0,0,2,1,-1,6,1,68,10,1242,1,18,FORD FIESTA,7,E01024999,0,4
2024201469078,2024,201469078,1,9,0,-1,7,4,6,-1,0,0,1,10,1,0,4,1,-1,1,1,25,5,999,1,3,FORD FIESTA,4,E01010480,0,3
2024411460468,2024,411460468,1,9,0,-1,7,5,7,-1,0,5,0,0,0,0,2,1,-1,2,2,41,7,1596,1,15,FORD FIESTA,3,E01023323,0,1
2024311478522,2024,311478522,1,9,0,-1,19,8,5,-1,0,0,0,4,0,0,1,1,-1,9,2,19,4,1388,1,13,FORD FIESTA,2,E01013918,0,1
202454B178124,2024,54B178124,1,9,0,5,5,6,2,0,0,0,0,0,0,0,4,1,6,6,1,75,10,1242,1,9,FORD FIESTA,-1,-1,0,-1
2024010511067,2024,010511067,2,9,0,99,99,9,9,99,99,9,9,99,9,99,1,9,6,6,3,-1,-1,1388,1,16,FORD FIESTA,-1,-1,0,-1
2024010510246,2024,010510246,2,9,0,18,19,3,7,0,0,1,0,99,0,0,1,1,6,6,1,-1,-1,1242,1,16,FORD FIESTA,-1,-1,0,-1
2024311432819,2024,311432819,1,9,0,-1,19,3,7,-1,0,0,0,0,1,0,1,1,-1,6,1,30,6,1499,2,11,FORD FIESTA,3,E01026377,0,1
2024061396885,2024,061396885,1,9,0,-1,19,2,6,-1,0,1,0,0,0,0,1,1,-1,6,1,25,5,998,1,8,FORD FIESTA,4,E01006141,0,1
2024010508333,2024,010508333,2,9,0,99,99,9,9,99,99,9,9,99,9,99,9,9,6,6,3,-1,-1,998,1,7,FORD FIESTA,-1,-1,0,-1
2024332400933,2024,332400933,1,9,0,-1,19,3,8,-1,0,0,5,0,7,0,1,1,-1,6,1,57,9,998,1,4,FORD FIESTA,4,E01019864,0,2
2024201487202,2024,201487202,2,9,0,-1,19,1,5,-1,0,8,0,0,0,0,3,1,-1,9,1,47,8,1242,1,17,FORD FIESTA,1,E01009062,0,1
2024161430945,2024,161430945,1,9,0,-1,19,6,2,-1,0,0,1,0,5,6,1,9,-1,2,1,45,7,-1,-1,-1,FORD FIESTA,1,E01013177,0,1
2024070422201,2024,070422201,1,9,0,5,5,5,1,0,0,6,0,0,7,11,1,1,6,6,2,23,5,998,1,8,FORD FIESTA,-1,-1,0,-1
2024332400555,2024,332400555,3,9,0,-1,2,0,0,-1,0,0,0,0,0,0,2,1,-1,6,3,-1,-1,1388,1,13,FORD FIESTA,-1,-1,0,-1
2024201456548,2024,201456548,2,9,0,-1,9,5,3,-1,0,5,0,0,0,0,4,9,-1,9,2,38,7,1388,1,14,FORD FIESTA,4,E01008948,0,1
2024461418287,2024,461418287,2,9,0,-1,4,6,6,-1,0,0,0,0,0,0,2,1,-1,6,1,28,6,998,1,8,FORD FIESTA,1,E01024049,0,3
2024141457744,2024,141457744,2,9,0,-1,19,2,6,-1,0,1,0,0,7,0,4,1,-1,2,1,33,6,1242,1,15,FORD FIESTA,6,E01007695,0,1
2024421449620,2024,421449620,1,9,0,-1,19,3,7,-1,0,2,0,0,0,0,1,1,-1,9,1,31,6,1399,2,14,FORD FIESTA,5,E01021666,0,3
2024421503216,2024,421503216,1,9,0,-1,15,5,1,-1,-1,0,1,0,0,0,4,1,-1,9,1,22,5,1596,1,18,FORD FIESTA,6,E01000166,0,4
2024471513879,2024,471513879,1,9,0,-1,3,1,5,-1,0,1,0,0,0,0,1,1,-1,6,1,78,11,998,1,1,FORD FIESTA,3,E01020973,0,1
2024211452308,2024,211452308,2,9,0,-1,3,1,5,-1,0,0,0,0,0,0,1,1,-1,6,2,40,7,998,1,6,FORD FIESTA,1,E01014302,0,1
2024302500155,2024,302500155,1,9,0,-1,19,8,4,-1,0,1,0,0,0,0,1,1,-1,6,1,67,10,1560,2,13,FORD FIESTA,8,E01019490,0,2
2024201530754,2024,201530754,2,9,0,-1,19,5,4,-1,0,1,0,0,0,0,1,1,-1,6,1,24,5,1242,1,11,FORD FIESTA,2,E01009395,0,1
2024430255273,2024,430255273,1,9,0,18,19,2,6,0,0,0,0,4,0,0,1,1,6,6,2,24,5,1242,1,8,FORD FIESTA,10,E01017883,0,2
2024041511156,2024,041511156,1,9,0,-1,5,8,4,-1,0,0,0,0,0,0,1,1,-1,9,1,36,7,998,1,9,FORD FIESTA,1,E01025226,0,2
2024461436368,2024,461436368,1,9,0,-1,19,7,3,-1,0,0,5,0,7,0,1,1,-1,2,2,26,6,1388,1,14,FORD FIESTA,6,E01024833,0,4
2024131449863,2024,131449863,1,9,0,-1,-1,-1,-1,-1,-1,0,-1,-1,-1,-1,-1,1,-1,6,3,-1,-1,1388,1,12,FORD FIESTA,-1,-1,0,-1
2024052401731,2024,052401731,2,9,0,18,19,3,7,0,0,1,0,0,0,0,1,1,6,6,1,70,10,1499,2,10,FORD FIESTA,1,E01006564,0,1
2024010518672,2024,010518672,2,9,0,99,99,9,9,99,99,9,9,99,9,99,1,9,6,6,3,75,10,1242,1,10,FORD FIESTA,4,E01000722,0,2
2024010517935,2024,010517935,3,9,0,18,19,7,3,0,0,2,0,0,0,0,4,1,6,6,1,30,6,1388,1,13,FORD FIESTA,-1,-1,0,-1
2024041405398,2024,041405398,1,9,0,-1,19,1,5,-1,0,1,0,0,0,0,1,1,-1,9,1,29,6,1560,2,11,FORD FIESTA,3,E01025571,0,2