collision_index,collision_year,collision_ref_no,vehicle_reference,vehicle_type,towing_and_articulation,vehicle_manoeuvre_historic,vehicle_manoeuvre,vehicle_direction_from,vehicle_direction_to,vehicle_location_restricted_lane_historic,vehicle_location_restricted_lane,junction_location,skidding_and_overturning,hit_object_in_carriageway,vehicle_leaving_carriageway,hit_object_off_carriageway,first_point_of_impact,vehicle_left_hand_drive,journey_purpose_of_driver_historic,journey_purpose_of_driver,sex_of_driver,age_of_driver,age_band_of_driver,engine_capacity_cc,propulsion_code,age_of_vehicle,generic_make_model,driver_imd_decile,lsoa_of_driver,escooter_flag,driver_distance_banding
2024340NN0332,2024,340NN0332,2,9,0,-1,4,5,1,-1,0,0,0,0,0,0,2,1,-1,6,1,30,6,998,1,10,FORD FIESTA,7,E01027343,0,2
2024161472772,2024,161472772,2,9,0,-1,9,1,7,-1,0,8,0,0,0,0,3,1,-1,1,1,43,7,1560,2,10,FORD FIESTA,-1,-1,0,-1
2024122400283,2024,122400283,1,9,0,18,19,6,2,0,0,0,0,0,0,0,1,1,6,6,2,28,6,998,1,4,FORD FIESTA,8,E01013348,0,1
2024430139354,2024,430139354,1,9,0,9,9,7,5,0,0,5,0,0,0,0,4,1,6,6,1,52,8,998,1,7,FORD FIESTA,9,E01016330,0,1
2024320198696,2024,320198696,3,9,0,-1,-1,4,8,0,0,2,0,0,0,0,2,1,-1,-1,2,46,8,998,1,7,FORD FIESTA,-1,-1,0,-1
2024231484145,2024,231484145,3,9,0,-1,19,2,6,-1,0,0,0,0,0,0,1,1,-1,9,2,69,10,999,1,2,FORD FIESTA,8,E01031161,0,1
2024131507802,2024,131507802,1,9,0,-1,19,1,5,-1,0,0,5,4,0,0,1,1,-1,6,2,29,6,1596,1,11,FORD FIESTA,-1,-1,0,-1
2024201431413,2024,201431413,2,9,0,-1,3,4,8,-1,0,0,0,0,0,0,2,9,-1,2,2,37,7,1084,1,1,FORD FIESTA,6,E01009974,0,3
2024010536387,2024,010536387,2,9,0,99,99,9,9,99,99,9,9,99,9,99,1,9,6,6,3,-1,-1,1242,1,13,FORD FIESTA,-1,-1,0,-1
2024201532186,2024,201532186,1,9,0,-1,19,6,2,-1,0,8,0,0,0,0,1,1,-1,6,1,25,5,1242,1,15,FORD FIESTA,-1,-1,0,-1
2024320513903,2024,320513903,1,9,0,-1,-1,3,7,0,0,0,5,0,0,0,1,1,-1,-1,1,20,4,1242,1,15,FORD FIESTA,6,E01026266,0,2
2024531407382,2024,531407382,2,9,0,-1,19,2,6,-1,0,1,0,0,0,0,1,1,-1,2,2,28,6,1499,2,10,FORD FIESTA,9,E01031958,0,4
2024471456149,2024,471456149,1,9,0,-1,4,7,3,-1,0,0,0,0,0,0,1,1,-1,6,2,48,8,1242,1,21,FORD FIESTA,10,E01024725,0,4
2024471533224,2024,471533224,1,9,0,-1,6,5,2,-1,0,0,0,0,0,0,1,1,-1,9,2,33,6,1388,1,18,FORD FIESTA,5,E01031571,0,1
2024211502858,2024,211502858,1,9,0,-1,9,6,2,-1,0,0,0,0,0,0,2,1,-1,6,2,56,9,999,1,3,FORD FIESTA,-1,-1,0,-1
2024332401246,2024,332401246,1,9,0,-1,9,6,4,-1,0,5,0,0,0,0,1,1,-1,9,2,18,4,998,1,8,FORD FIESTA,8,E01025913,0,3
2024161412647,2024,161412647,1,9,0,-1,19,6,2,-1,0,0,5,0,1,0,1,1,-1,9,1,19,4,1242,1,16,FORD FIESTA,2,E01010912,0,4
2024201514205,2024,201514205,1,9,0,-1,19,1,5,-1,0,0,0,0,0,0,1,1,-1,6,1,35,6,1242,1,18,FORD FIESTA,5,E01009961,0,2
2024501471800,2024,501471800,1,9,0,-1,19,1,5,-1,0,0,0,0,0,0,2,1,-1,9,1,31,6,1399,2,13,FORD FIESTA,9,E01015113,0,1
2024302401739,2024,302401739,2,9,0,18,19,1,5,0,0,0,0,0,0,0,1,1,6,6,2,25,5,1084,1,6,FORD FIESTA,10,E01028389,0,3
2024440504116,2024,440504116,3,9,0,18,19,0,0,0,0,0,0,0,0,0,2,1,6,6,3,-1,-1,998,1,9,FORD FIESTA,-1,-1,0,-1
2024201426772,2024,201426772,1,9,0,-1,2,6,2,-1,0,0,0,0,0,0,0,1,-1,9,1,19,4,998,1,8,FORD FIESTA,-1,-1,0,-1
2024010506365,2024,010506365,2,9,0,18,19,1,5,0,0,1,0,0,0,0,1,1,3,7,2,31,6,1242,1,20,FORD FIESTA,2,E01000729,0,1
2024340NN0382,2024,340NN0382,1,9,0,-1,9,4,1,-1,0,5,0,0,0,0,1,2,-1,9,2,18,4,1388,1,20,FORD FIESTA,1,E01035414,0,1
2024041453414,2024,041453414,1,9,0,-1,19,6,2,-1,0,2,0,0,7,11,1,1,-1,9,2,38,7,1596,1,13,FORD FIESTA,6,E01027559,0,3
2024201437692,2024,201437692,2,9,0,-1,10,6,3,-1,0,8,0,10,1,0,3,1,-1,9,1,21,5,1999,1,16,FORD FIESTA,2,E01008953,0,1
2024131523447,2024,131523447,5,9,0,-1,2,0,0,-1,-1,0,0,0,0,0,1,1,-1,6,-1,-1,-1,999,1,4,FORD FIESTA,-1,-1,0,-1
2024361424163,2024,361424163,1,9,0,-1,9,7,5,-1,0,8,0,0,0,0,4,1,-1,7,1,18,4,998,1,10,FORD FIESTA,5,E01033037,0,3
2024061428428,2024,061428428,1,9,0,-1,3,-1,-1,-1,0,3,0,0,0,0,2,1,-1,9,1,49,8,1388,1,14,FORD FIESTA,2,E01004772,0,2
2024010495089,2024,010495089,1,9,0,18,19,3,7,0,0,0,0,0,0,0,1,1,6,6,1,22,5,1388,1,15,FORD FIESTA,5,E01003204,0,2
2024421464401,2024,421464401,2,9,0,-1,9,3,2,-1,0,5,1,0,1,0,4,1,-1,9,1,26,6,999,1,3,FORD FIESTA,4,E01021506,0,1
2024101475735,2024,101475735,1,9,0,-1,19,5,1,-1,0,0,0,0,0,0,1,1,-1,2,2,50,8,998,1,11,FORD FIESTA,2,E01027443,0,2
2024141489783,2024,141489783,2,9,0,-1,19,2,6,-1,0,1,0,0,0,0,1,9,-1,6,1,34,6,1560,2,9,FORD FIESTA,5,E01007687,0,2
2024332400969,2024,332400969,1,9,0,-1,19,1,5,-1,0,0,0,0,0,0,2,1,-1,9,1,21,5,1388,1,13,FORD FIESTA,9,E01019853,0,4
2024430251494,2024,430251494,1,9,0,17,19,2,6,0,0,0,0,0,0,0,1,1,6,6,1,33,6,1242,1,16,FORD FIESTA,5,E01027183,0,4
2024201520509,2024,201520509,2,9,0,-1,19,5,8,-1,0,1,0,0,0,0,2,1,-1,9,1,22,5,998,1,1,FORD FIESTA,1,E01009099,0,2
2024461463195,2024,461463195,2,9,0,-1,19,7,8,-1,0,0,0,0,0,0,1,9,-1,2,1,57,9,1388,1,15,FORD FIESTA,4,E01023986,0,2
2024211515895,2024,211515895,3,9,0,-1,3,4,8,-1,0,1,0,0,0,0,1,1,-1,2,2,22,5,998,1,11,FORD FIESTA,-1,-1,0,-1
2024991442993,2024,991442993,2,9,0,-1,4,2,6,-1,0,8,0,0,0,0,1,1,-1,9,1,82,11,998,1,11,FORD FIESTA,10,-1,0,1
2024131421730,2024,131421730,1,9,0,-1,19,1,1,-1,0,0,1,1,0,0,2,1,-1,6,2,42,7,1242,1,9,FORD FIESTA,9,E01010642,0,1
2024010543586,2024,010543586,2,9,0,99,99,9,9,99,99,9,9,99,9,99,1,9,6,6,3,-1,-1,998,1,6,FORD FIESTA,-1,-1,0,-1
2024061419229,2024,061419229,1,9,-1,-1,-1,-1,-1,-1,-1,0,-1,-1,-1,0,-1,9,-1,6,3,-1,-1,998,1,6,FORD FIESTA,-1,-1,0,-1
2024302401230,2024,302401230,1,9,0,18,19,2,6,0,0,8,0,0,0,0,1,2,6,6,2,82,11,1242,1,12,FORD FIESTA,5,E01019438,0,1
2024371532317,2024,371532317,2,9,0,-1,19,1,5,-1,0,0,0,0,0,0,1,1,-1,1,1,22,5,1596,1,9,FORD FIESTA,3,E01029886,0,1
2024351444063,2024,351444063,2,9,0,-1,19,8,4,-1,0,8,0,0,0,0,1,1,-1,6,2,20,4,1400,1,16,FORD FIESTA,7,E01030143,0,4
2024010517223,2024,010517223,2,9,9,99,99,9,9,99,99,9,9,99,9,99,1,1,6,6,2,37,7,1388,1,13,FORD FIESTA,5,E01033921,0,1
2024552400582,2024,552400582,3,9,0,4,4,6,2,0,0,0,0,0,0,0,1,1,2,2,2,22,5,1388,1,15,FORD FIESTA,6,E01020493,0,3
2024610008124,2024,610008124,2,9,0,18,19,8,4,0,0,0,0,0,1,0,1,1,6,6,1,29,6,998,1,5,FORD FIESTA,9,W01001573,0,1
2024440366903,2024,440366903,1,9,0,18,19,6,2,0,0,1,0,7,0,0,1,1,6,6,2,65,9,998,1,9,FORD FIESTA,7,E01022690,0,2
2024320356288,2024,320356288,1,9,0,-1,-1,3,7,0,0,0,5,0,7,0,1,1,-1,-1,2,61,9,1242,1,12,FORD FIESTA,1,E01034927,0,5
2024461420024,2024,461420024,1,9,0,-1,4,7,3,-1,0,0,0,0,0,0,1,1,-1,9,1,35,6,1242,1,15,FORD FIESTA,10,E01024755,0,2
2024201553053,2024,201553053,2,9,0,-1,3,6,3,-1,0,0,0,0,0,0,1,9,-1,2,2,34,6,-1,-1,-1,FORD FIESTA,1,E01009400,0,1
2024451448417,2024,451448417,1,9,0,-1,10,3,7,-1,0,2,0,0,0,0,1,1,-1,6,1,20,4,1242,1,18,FORD FIESTA,6,E01030515,0,1
2024471403155,2024,471403155,1,9,0,-1,19,8,4,-1,0,0,0,0,1,0,1,1,-1,9,1,42,7,1596,1,18,FORD FIESTA,4,E01020966,0,4
2024061466044,2024,061466044,2,9,0,-1,19,4,1,-1,0,8,0,0,0,0,4,1,-1,6,2,35,6,999,1,2,FORD FIESTA,1,E01005090,0,2
2024201450278,2024,201450278,1,9,0,-1,19,2,6,-1,0,2,0,10,1,10,1,9,-1,9,1,38,7,999,1,3,FORD FIESTA,1,E01009306,0,1
2024440090956,2024,440090956,2,9,0,9,9,6,4,0,0,1,0,0,0,0,3,1,6,6,1,29,6,998,1,11,FORD FIESTA,4,E01033381,0,1
2024221499747,2024,221499747,1,9,0,-1,19,1,5,-1,0,0,5,0,2,10,1,2,-1,6,1,42,7,1242,1,7,FORD FIESTA,4,E01032275,0,1
2024351526673,2024,351526673,2,9,0,-1,19,8,2,-1,0,1,0,0,0,0,1,1,-1,8,1,22,5,998,1,11,FORD FIESTA,1,E01015609,0,1
2024122500164,2024,122500164,1,9,0,18,19,1,5,0,0,8,0,0,0,0,1,1,6,6,1,25,5,1242,1,9,FORD FIESTA,3,E01008028,0,4
2024010525577,2024,010525577,1,9,0,18,19,5,1,0,0,0,0,0,0,0,1,1,6,6,2,81,11,1242,1,12,FORD FIESTA,8,E01002348,0,1
2024211491686,2024,211491686,1,9,0,-1,19,6,2,-1,0,1,0,0,0,0,1,9,-1,6,2,-1,-1,1242,1,13,FORD FIESTA,-1,-1,0,-1
202454D600824,2024,54D600824,1,9,0,17,19,5,1,0,0,0,1,0,7,4,4,1,6,6,1,19,4,1242,1,16,FORD FIESTA,10,E01029030,0,2
2024031494234,2024,031494234,2,9,0,-1,19,7,3,-1,0,0,0,0,0,0,2,1,-1,9,2,60,9,1242,1,12,FORD FIESTA,8,E01013040,0,5
2024401463375,2024,401463375,2,9,0,-1,2,0,0,-1,0,0,0,0,0,0,1,1,-1,6,1,23,5,1999,1,16,FORD FIESTA,4,E01015755,0,1
2024351400392,2024,351400392,3,9,0,-1,5,4,8,-1,0,0,0,4,0,0,4,9,-1,2,2,42,7,1242,1,16,FORD FIESTA,5,E01033121,0,1
2024461488490,2024,461488490,2,9,0,-1,9,5,2,-1,0,0,0,0,7,0,3,1,-1,9,2,54,8,999,1,3,FORD FIESTA,3,E01024480,0,1
2024430449829,2024,430449829,3,9,0,17,19,5,2,0,0,0,0,0,0,0,1,1,2,2,2,30,6,1242,1,11,FORD FIESTA,10,E01027295,0,1
2024421491134,2024,421491134,1,9,0,-1,19,7,3,-1,0,0,0,0,0,0,0,1,-1,9,2,67,10,1242,1,11,FORD FIESTA,8,E01021784,0,1
2024161526762,2024,161526762,1,9,0,-1,9,4,1,-1,0,8,0,0,0,0,4,1,-1,6,1,20,4,1242,1,15,FORD FIESTA,1,E01012858,0,1
2024041433432,2024,041433432,1,9,0,-1,19,5,1,-1,0,0,0,0,0,0,1,1,-1,9,1,24,5,1242,1,9,FORD FIESTA,1,E01012748,0,1
2024411404283,2024,411404283,1,9,0,-1,19,5,1,-1,0,0,0,0,0,0,1,9,-1,6,2,-1,-1,998,1,8,FORD FIESTA,10,E01034005,0,5
2024010538974,2024,010538974,1,9,0,9,9,8,6,0,0,8,0,0,0,0,3,1,6,6,1,28,6,1242,1,14,FORD FIESTA,10,E01030104,0,4
2024451496375,2024,451496375,2,9,0,-1,5,6,2,-1,-1,1,0,0,0,0,3,1,-1,9,2,77,11,1242,1,12,FORD FIESTA,9,E01030488,0,1
2024461441077,2024,461441077,2,9,0,-1,19,6,2,-1,0,0,0,0,0,0,4,9,-1,6,2,28,6,1496,1,2,FORD FIESTA,3,E01015923,0,2
2024131499241,2024,131499241,1,9,0,-1,19,1,1,-1,0,0,0,0,0,0,1,2,-1,6,-1,-1,-1,999,1,2,FORD FIESTA,-1,-1,0,-1
2024201514760,2024,201514760,1,9,0,-1,9,2,8,-1,0,6,0,0,0,0,2,1,-1,6,2,60,9,1242,1,8,FORD FIESTA,1,E01009048,0,2
2024111477835,2024,111477835,1,9,0,-1,3,5,1,-1,0,0,0,0,0,0,1,1,-1,6,2,59,9,998,1,10,FORD FIESTA,6,E01035184,0,4
2024131485928,2024,131485928,1,9,0,-1,19,4,8,-1,0,0,1,0,1,2,1,1,-1,9,1,20,4,1560,2,15,FORD FIESTA,4,E01011395,0,1
2024041397187,2024,041397187,1,9,0,-1,5,3,5,-1,0,6,0,0,0,0,3,1,-1,9,2,17,4,998,1,6,FORD FIESTA,7,E01025537,0,1
2024061530451,2024,061530451,1,9,0,-1,19,4,8,-1,0,8,5,1,7,11,1,1,-1,6,1,17,4,999,1,2,FORD FIESTA,-1,-1,0,-1
2024440554619,2024,440554619,1,9,0,18,19,5,1,0,0,1,0,0,0,0,1,1,6,6,1,35,6,1388,1,18,FORD FIESTA,3,E01034066,0,1
2024010507490,2024,010507490,2,9,0,99,99,9,9,99,99,9,9,99,9,99,9,9,6,6,3,-1,-1,998,1,10,FORD FIESTA,-1,-1,0,-1
2024991413089,2024,991413089,1,9,0,-1,19,3,6,-1,5,5,0,0,7,0,1,1,-1,9,2,41,7,998,1,10,FORD FIESTA,5,-1,0,2
2024520002852,2024,520002852,2,9,0,18,19,7,3,0,0,0,0,0,0,0,2,1,6,6,2,37,7,1560,2,12,FORD FIESTA,8,E01014423,0,1
2024421428074,2024,421428074,1,9,0,-1,19,4,5,-1,0,0,0,11,0,0,1,9,-1,6,2,75,10,998,1,8,FORD FIESTA,10,E01022084,0,1
2024101400746,2024,101400746,2,9,0,-1,19,1,5,-1,0,8,0,0,0,0,1,1,-1,9,1,81,11,999,1,4,FORD FIESTA,10,E01027468,0,3
2024631451681,2024,631451681,3,9,0,-1,19,8,5,-1,0,0,0,0,0,0,1,1,-1,6,1,-1,-1,1596,1,16,FORD FIESTA,7,W01001152,0,4
2024421407161,2024,421407161,1,9,0,-1,19,6,2,-1,0,0,1,0,0,0,1,9,-1,6,1,66,10,1560,2,19,FORD FIESTA,3,E01017978,0,4
2024471430197,2024,471430197,2,9,0,-1,19,6,2,-1,0,1,0,0,0,0,1,1,-1,2,1,32,6,1388,1,20,FORD FIESTA,8,E01031698,0,1
2024471401419,2024,471401419,1,9,0,-1,9,5,2,-1,0,8,0,0,0,0,4,1,-1,9,2,25,5,998,1,8,FORD FIESTA,8,E01021082,0,3
2024631441320,2024,631441320,1,9,0,-1,19,5,1,-1,0,0,0,0,0,0,1,1,-1,9,1,82,11,1242,1,16,FORD FIESTA,5,W01000537,0,1
2024631415914,2024,631415914,1,9,0,-1,9,8,6,-1,0,6,0,0,0,0,0,1,-1,9,1,26,6,1242,1,10,FORD FIESTA,9,W01002024,0,4
2024361403122,2024,361403122,1,9,0,-1,12,7,5,-1,0,3,0,0,0,0,3,1,-1,6,1,40,7,1242,1,12,FORD FIESTA,7,E01026545,0,1
2024231512231,2024,231512231,2,9,0,-1,19,2,6,-1,0,8,0,0,0,0,1,1,-1,9,1,32,6,1560,2,14,FORD FIESTA,7,E01029516,0,2
2024010517175,2024,010517175,1,9,0,99,99,9,9,99,99,9,9,99,9,99,2,9,6,6,2,25,5,998,1,8,FORD FIESTA,4,E01002594,0,1
2024052400388,2024,052400388,2,9,0,18,19,5,1,0,0,8,0,0,0,0,4,1,6,6,1,59,9,999,1,4,FORD FIESTA,3,E01006497,0,1
2024161533271,2024,161533271,1,9,0,-1,19,2,6,-1,0,1,0,0,7,0,0,9,-1,6,2,21,5,998,1,5,FORD FIESTA,-1,-1,0,-1
2024041449588,2024,041449588,1,9,0,-1,9,3,1,-1,0,6,0,0,0,0,1,1,-1,9,1,43,7,1596,1,16,FORD FIESTA,1,E01025189,0,1
2024320134156,2024,320134156,1,9,0,9,9,3,1,0,0,5,0,0,7,0,3,1,-1,-1,2,50,8,1242,1,18,FORD FIESTA,1,E01026069,0,1
2024471406535,2024,471406535,1,9,0,-1,19,1,5,-1,0,1,0,0,0,0,1,1,-1,9,1,76,11,1388,1,14,FORD FIESTA,6,E01035333,0,4
2024501533790,2024,501533790,1,9,0,-1,19,7,3,-1,0,0,1,0,0,0,1,1,-1,9,2,92,11,1388,1,14,FORD FIESTA,8,E01015036,0,1
2024231464939,2024,231464939,1,9,0,-1,19,5,2,-1,0,0,0,0,0,0,4,1,-1,7,2,78,11,1388,1,13,FORD FIESTA,10,E01031214,0,3
2024041398609,2024,041398609,1,9,0,-1,19,1,5,-1,0,0,0,0,0,0,3,1,-1,9,2,59,9,1499,2,11,FORD FIESTA,1,E01025224,0,1
2024010541808,2024,010541808,1,9,0,99,99,9,9,99,99,9,9,99,9,99,9,9,6,6,2,45,7,1242,1,8,FORD FIESTA,3,E01000870,0,1
2024061406062,2024,061406062,1,9,0,-1,7,1,3,-1,0,8,0,0,0,0,4,1,-1,9,2,22,5,1084,1,7,FORD FIESTA,-1,-1,0,-1
2024141491478,2024,141491478,1,9,0,-1,19,5,1,-1,0,8,0,0,0,0,1,1,-1,6,2,29,6,1242,1,8,FORD FIESTA,3,E01007550,0,1
2024631475424,2024,631475424,2,9,0,-1,4,2,6,-1,0,1,0,0,0,0,2,1,-1,9,1,22,5,1242,1,11,FORD FIESTA,8,E01032442,0,4
2024211528961,2024,211528961,2,9,0,-1,5,7,3,-1,0,0,1,0,0,0,3,1,-1,9,1,42,7,1242,1,15,FORD FIESTA,2,E01010310,0,2
2024141482806,2024,141482806,1,9,0,-1,6,2,6,-1,0,0,0,0,0,0,3,1,-1,9,1,21,5,998,1,9,FORD FIESTA,1,E01007555,0,1
2024501547304,2024,501547304,3,9,0,-1,19,6,2,-1,0,0,0,0,0,0,1,1,-1,6,2,28,6,1560,2,11,FORD FIESTA,6,E01015027,0,4
2024622400505,2024,622400505,2,9,0,18,19,4,8,0,0,2,0,0,0,0,3,2,6,6,1,20,4,998,1,7,FORD FIESTA,5,W01001101,0,1
2024010524759,2024,010524759,3,9,0,18,19,7,3,0,0,0,0,0,0,0,2,1,1,1,1,39,7,-1,-1,-1,FORD FIESTA,7,E01021330,0,4
2024010520158,2024,010520158,2,9,0,99,99,9,9,99,99,0,9,99,9,99,1,9,6,6,3,-1,-1,1596,1,22,FORD FIESTA,-1,-1,0,-1
2024131450437,2024,131450437,1,9,0,-1,19,3,7,-1,0,8,0,0,0,0,1,1,-1,6,1,17,4,998,1,1,FORD FIESTA,1,E01011348,0,1
2024991527195,2024,991527195,1,9,0,-1,1,3,6,-1,0,0,0,0,0,0,2,1,-1,1,1,61,9,1242,1,18,FORD FIESTA,4,-1,0,1
2024010539478,2024,010539478,2,9,9,99,99,9,9,99,99,9,9,99,9,99,9,9,6,6,1,28,6,1388,1,15,FORD FIESTA,1,E01030247,0,5
2024461530572,2024,461530572,2,9,0,-1,19,2,6,-1,0,0,0,0,0,0,2,9,-1,2,2,53,8,1560,2,9,FORD FIESTA,10,E01024056,0,4
2024201439752,2024,201439752,1,9,0,-1,19,6,2,-1,0,8,0,0,0,0,1,1,-1,9,1,34,6,1242,1,12,FORD FIESTA,2,E01009006,0,2
2024201450000,2024,201450000,1,9,0,-1,12,8,4,-1,0,0,0,0,0,0,4,1,-1,1,2,61,9,1084,1,5,FORD FIESTA,10,E01010229,0,1
2024471403126,2024,471403126,1,9,0,-1,7,1,3,-1,0,5,5,0,7,0,1,1,-1,6,1,21,5,1242,1,15,FORD FIESTA,3,E01004012,0,4
2024461414940,2024,461414940,2,9,0,-1,19,4,8,-1,0,8,0,0,0,0,1,1,-1,9,2,19,4,1388,1,15,FORD FIESTA,7,E01024675,0,2
2024991421985,2024,991421985,1,9,0,-1,19,5,1,-1,0,0,0,0,7,0,1,1,-1,9,2,22,5,1299,1,22,FORD FIESTA,7,-1,0,3
2024991502926,2024,991502926,1,9,0,-1,19,1,6,-1,0,0,0,0,0,0,1,1,-1,9,1,21,5,1496,1,5,FORD FIESTA,2,-1,0,4
2024461497547,2024,461497547,2,9,0,-1,20,3,7,-1,0,8,0,0,0,0,4,1,-1,9,1,41,7,998,1,11,FORD FIESTA,-1,-1,0,-1
2024332401186,2024,332401186,2,9,0,-1,19,3,7,-1,0,8,0,0,0,0,4,1,-1,9,1,41,7,1560,2,14,FORD FIESTA,6,E01013670,0,1
2024302401072,2024,302401072,1,9,0,9,9,7,5,0,0,8,0,0,0,0,3,1,2,2,1,26,6,1388,1,15,FORD FIESTA,9,E01028178,0,4
2024031453210,2024,031453210,1,9,0,-1,19,6,2,-1,0,0,0,0,0,0,1,1,-1,9,1,73,10,998,1,12,FORD FIESTA,7,E01025089,0,4
2024361406963,2024,361406963,2,9,0,-1,19,7,3,-1,0,0,1,0,7,0,2,1,-1,9,1,48,8,1242,1,9,FORD FIESTA,4,E01026429,0,4
2024010501903,2024,010501903,1,9,0,18,19,5,1,0,0,8,0,0,0,0,1,1,2,2,1,45,7,1242,1,17,FORD FIESTA,4,E01003602,0,1
2024451536089,2024,451536089,2,9,0,-1,9,5,6,-1,0,0,0,0,0,0,3,1,-1,6,1,21,5,1242,1,17,FORD FIESTA,6,E01030738,0,2
2024411541418,2024,411541418,1,9,0,-1,5,6,1,-1,0,0,0,0,0,0,1,1,-1,1,1,58,9,998,1,5,FORD FIESTA,4,E01030110,0,4
2024070670585,2024,070670585,1,9,0,9,9,6,2,0,0,5,0,0,0,0,1,1,6,6,1,20,4,1999,1,19,FORD FIESTA,8,W01000395,0,4
2024501470893,2024,501470893,1,9,0,-1,19,6,2,-1,0,0,5,0,0,0,1,1,-1,9,1,17,4,998,1,7,FORD FIESTA,6,E01019039,0,1
2024010539411,2024,010539411,1,9,0,99,99,9,9,99,99,9,9,99,9,99,2,9,6,6,1,33,6,999,1,3,FORD FIESTA,1,E01002773,0,1
2024471461658,2024,471461658,2,9,0,-1,19,7,3,-1,0,0,0,0,0,0,2,1,-1,9,2,21,5,998,1,6,FORD FIESTA,1,E01022917,0,3
2024302400574,2024,302400574,2,9,0,18,19,4,8,0,0,8,0,0,0,0,1,1,6,6,2,76,11,1596,1,17,FORD FIESTA,8,E01029414,0,2
2024542594324,2024,542594324,2,9,0,18,19,6,2,0,0,1,0,0,0,0,1,1,1,1,1,28,6,998,1,11,FORD FIESTA,4,E01014488,0,4
2024052401565,2024,052401565,2,9,0,3,3,1,5,0,0,1,0,0,0,0,2,1,6,6,2,34,6,998,1,8,FORD FIESTA,9,E01007150,0,1
2024461523891,2024,461523891,2,9,0,-1,19,1,5,-1,0,0,1,0,0,0,1,1,-1,9,2,62,9,999,1,3,FORD FIESTA,4,E01024120,0,3
2024451484831,2024,451484831,1,9,0,-1,19,6,2,-1,0,0,0,0,0,0,4,1,-1,6,1,55,8,1242,1,8,FORD FIESTA,5,E01030786,0,3
2024070149838,2024,070149838,1,9,0,10,10,8,4,0,0,5,0,0,0,0,1,1,1,1,2,28,6,1242,1,9,FORD FIESTA,1,E01005753,0,3
2024501474902,2024,501474902,2,9,0,-1,3,4,6,-1,0,0,0,0,0,0,2,1,-1,2,2,28,6,998,1,10,FORD FIESTA,1,E01015048,0,1
2024351523241,2024,351523241,1,9,0,-1,19,1,5,-1,0,0,1,0,7,0,3,1,-1,6,1,18,4,1388,1,15,FORD FIESTA,5,E01018069,0,1
2024101445818,2024,101445818,2,9,0,-1,3,2,6,-1,0,1,0,0,0,0,2,1,-1,9,1,68,10,1399,2,16,FORD FIESTA,7,E01008464,0,1
2024991513689,2024,991513689,1,9,0,-1,19,7,3,-1,0,0,0,0,0,0,1,1,-1,6,1,20,4,1399,2,13,FORD FIESTA,-1,-1,0,-1
2024010525170,2024,010525170,4,9,0,18,19,5,1,0,0,0,0,4,0,0,1,1,6,6,1,18,4,998,1,9,FORD FIESTA,8,E01000361,0,1
2024461433341,2024,461433341,1,9,0,-1,2,3,7,-1,0,1,0,0,0,0,1,9,-1,6,2,27,6,998,1,6,FORD FIESTA,3,E01024539,0,3
2024430177424,2024,430177424,2,9,0,2,2,0,0,0,0,0,0,0,1,0,2,1,6,6,1,17,4,1399,2,13,FORD FIESTA,10,E01016617,0,1
2024411512610,2024,411512610,1,9,0,-1,3,3,3,-1,0,0,0,0,0,0,2,1,-1,6,1,45,7,1388,1,21,FORD FIESTA,5,E01023780,0,1
2024041536124,2024,041536124,1,9,0,-1,19,1,5,-1,0,1,0,0,0,0,1,1,-1,9,1,27,6,1596,1,10,FORD FIESTA,1,E01005586,0,3
2024991396995,2024,991396995,2,9,0,-1,9,1,7,-1,0,1,0,0,0,0,2,2,-1,9,1,19,4,998,1,7,FORD FIESTA,8,-1,0,1
2024201415313,2024,201415313,2,9,0,-1,19,6,2,-1,0,8,0,0,0,0,1,9,-1,6,2,19,4,998,1,6,FORD FIESTA,1,E01010440,0,1
2024421416512,2024,421416512,1,9,0,-1,11,1,5,-1,0,0,0,0,0,0,1,1,-1,2,1,20,4,1388,1,17,FORD FIESTA,8,E01015998,0,3
2024361409865,2024,361409865,1,9,0,-1,19,5,1,-1,0,0,0,0,0,0,1,9,-1,6,-1,-1,-1,998,1,11,FORD FIESTA,-1,-1,0,-1
2024041440977,2024,041440977,2,9,0,-1,19,1,5,-1,0,0,0,0,0,0,1,1,-1,9,2,27,6,1242,1,11,FORD FIESTA,1,E01025575,0,1
2024061470275,2024,061470275,2,9,0,-1,2,0,0,-1,0,8,0,0,0,0,4,1,-1,6,-1,-1,-1,1084,1,6,FORD FIESTA,-1,-1,0,-1
2024421467163,2024,421467163,2,9,0,-1,19,3,7,-1,0,4,0,0,0,0,1,1,-1,6,1,20,4,998,1,9,FORD FIESTA,10,E01021580,0,3
2024421505962,2024,421505962,2,9,0,-1,7,1,5,-1,0,0,0,0,0,0,3,1,-1,9,2,63,9,998,1,8,FORD FIESTA,10,W01001779,0,5
2024622400823,2024,622400823,1,9,0,15,15,6,2,0,0,0,1,0,0,0,1,1,2,2,2,65,9,999,1,2,FORD FIESTA,2,W01001268,0,3