collision_index,collision_year,collision_ref_no,vehicle_reference,vehicle_type,towing_and_articulation,vehicle_manoeuvre_historic,vehicle_manoeuvre,vehicle_direction_from,vehicle_direction_to,vehicle_location_restricted_lane_historic,vehicle_location_restricted_lane,junction_location,skidding_and_overturning,hit_object_in_carriageway,vehicle_leaving_carriageway,hit_object_off_carriageway,first_point_of_impact,vehicle_left_hand_drive,journey_purpose_of_driver_historic,journey_purpose_of_driver,sex_of_driver,age_of_driver,age_band_of_driver,engine_capacity_cc,propulsion_code,age_of_vehicle,generic_make_model,driver_imd_decile,lsoa_of_driver,escooter_flag,driver_distance_banding
2024010536995,2024,010536995,2,9,0,2,2,0,0,0,0,1,0,0,0,0,9,1,6,6,3,-1,-1,1242,1,12,FORD FIESTA,-1,-1,0,-1
2024461480896,2024,461480896,1,9,0,-1,19,7,3,-1,0,0,0,0,0,0,3,1,-1,9,2,52,8,1242,1,13,FORD FIESTA,3,E01016098,0,1
2024161453381,2024,161453381,2,9,0,-1,12,3,7,-1,0,1,0,0,0,0,1,1,-1,6,1,33,6,998,1,9,FORD FIESTA,1,E01012852,0,1
2024061536761,2024,061536761,1,9,0,-1,7,4,6,-1,0,1,0,0,0,0,1,9,-1,6,3,-1,-1,1242,1,9,FORD FIESTA,-1,-1,0,-1
2024401532230,2024,401532230,1,9,0,-1,2,2,6,-1,0,0,0,0,0,0,1,1,-1,2,1,19,4,1242,1,15,FORD FIESTA,10,E01016798,0,3
2024411578537,2024,411578537,1,9,0,-1,19,8,6,-1,0,0,2,0,0,0,1,1,-1,6,2,19,4,1242,1,16,FORD FIESTA,5,E01023791,0,1
2024211434168,2024,211434168,2,9,0,-1,19,3,7,-1,0,0,0,0,0,0,2,1,-1,6,2,68,10,1399,2,12,FORD FIESTA,-1,-1,0,-1
2024211514467,2024,211514467,1,9,0,-1,19,4,8,-1,0,1,0,0,0,0,1,1,-1,6,2,66,10,998,1,8,FORD FIESTA,5,E01029559,0,1
2024061512936,2024,061512936,2,9,0,-1,14,-1,-1,-1,0,0,0,0,0,0,4,1,-1,6,3,-1,-1,1242,1,18,FORD FIESTA,-1,-1,0,-1
2024622400342,2024,622400342,1,9,0,18,19,6,2,0,0,0,0,0,7,11,3,1,6,6,1,25,5,1242,1,15,FORD FIESTA,2,W01001862,0,2
2024471487709,2024,471487709,1,9,0,-1,5,7,4,-1,0,6,0,0,0,0,3,1,-1,6,2,33,6,1242,1,11,FORD FIESTA,3,E01031358,0,1
2024430276766,2024,430276766,1,9,0,1,1,2,6,0,0,0,0,0,0,0,2,1,3,7,2,37,7,1242,1,12,FORD FIESTA,10,E01016294,0,1
2024201524750,2024,201524750,2,9,0,-1,19,8,4,-1,0,0,0,0,0,0,3,1,-1,2,1,20,4,1242,1,10,FORD FIESTA,10,E01025834,0,3
2024201445832,2024,201445832,1,9,0,-1,5,1,5,-1,0,0,0,0,0,0,1,9,-1,9,2,51,8,1242,1,12,FORD FIESTA,4,E01010377,0,2
2024131530833,2024,131530833,1,9,0,-1,19,8,4,-1,0,8,0,0,0,0,2,1,-1,6,1,87,11,1242,1,12,FORD FIESTA,5,E01010604,0,1
2024430085875,2024,430085875,1,9,0,9,9,7,5,0,0,5,0,0,0,0,1,1,1,1,1,19,4,1388,1,12,FORD FIESTA,6,E01027735,0,5
2024070883371,2024,070883371,1,9,0,-1,12,6,2,-1,0,0,1,7,4,1,1,1,-1,2,1,31,6,1242,1,16,FORD FIESTA,1,E01007270,0,3
2024201439337,2024,201439337,2,9,0,-1,4,8,4,-1,0,0,0,0,0,0,2,1,-1,1,2,31,6,998,1,7,FORD FIESTA,5,E01009432,0,2
2024991464332,2024,991464332,2,9,0,-1,5,5,1,-1,0,4,0,0,0,0,3,1,-1,6,2,72,10,998,1,8,FORD FIESTA,2,-1,0,1
2024522403103,2024,522403103,2,9,0,18,19,2,6,0,0,1,0,0,0,0,1,1,6,6,2,21,5,1242,1,12,FORD FIESTA,5,E01029306,0,4
2024501466018,2024,501466018,1,9,0,-1,9,2,8,-1,0,5,0,0,0,0,1,1,-1,9,1,77,11,1388,1,13,FORD FIESTA,5,E01018972,0,4
202460Q052299,2024,60Q052299,1,9,0,18,19,5,1,0,0,0,0,0,0,0,1,1,6,6,1,18,4,1388,1,21,FORD FIESTA,-1,-1,0,-1
2024061481054,2024,061481054,3,9,0,-1,2,0,0,-1,0,1,0,0,0,0,0,1,-1,6,-1,-1,-1,1242,1,12,FORD FIESTA,-1,-1,0,-1
2024531464452,2024,531464452,2,9,0,-1,4,1,5,-1,0,0,0,0,0,0,2,1,-1,9,2,72,10,998,1,11,FORD FIESTA,4,E01022310,0,1
2024451532210,2024,451532210,2,9,0,-1,99,3,7,-1,0,4,0,0,0,0,0,9,-1,6,3,40,7,1388,1,12,FORD FIESTA,-1,-1,0,-1
2024622400370,2024,622400370,2,9,0,18,19,7,3,0,0,1,0,0,0,0,3,1,6,6,2,22,5,999,1,4,FORD FIESTA,5,W01001724,0,1
2024440308643,2024,440308643,1,9,0,17,19,5,1,0,0,0,1,0,0,0,1,1,6,6,1,22,5,998,1,10,FORD FIESTA,9,E01023275,0,3
2024311514910,2024,311514910,1,9,0,-1,7,2,5,-1,0,1,0,0,0,0,1,1,-1,1,1,19,4,1242,1,12,FORD FIESTA,2,E01019510,0,2
2024440214762,2024,440214762,1,9,0,9,9,6,4,0,0,8,0,0,0,0,1,1,6,6,1,79,11,998,1,6,FORD FIESTA,9,E01022625,0,1
2024320104906,2024,320104906,2,9,0,-1,-1,1,5,0,0,8,0,0,0,0,4,1,6,6,1,55,8,1388,1,17,FORD FIESTA,4,E01026019,0,1
2024351567918,2024,351567918,1,9,0,-1,19,5,1,-1,0,0,0,0,0,0,1,1,-1,6,1,51,8,1399,2,19,FORD FIESTA,2,E01015654,0,4
2024991518321,2024,991518321,1,9,0,-1,9,8,5,-1,0,1,0,0,0,0,1,1,-1,6,1,60,9,1242,1,11,FORD FIESTA,-1,-1,0,-1
2024610045824,2024,610045824,1,9,0,18,19,1,5,0,0,1,0,0,0,0,3,1,6,6,1,18,4,1242,1,12,FORD FIESTA,2,E01014574,0,4
2024221439216,2024,221439216,2,9,0,-1,19,8,6,-1,0,0,1,4,8,0,1,1,-1,9,1,19,4,1242,1,17,FORD FIESTA,1,E01032204,0,1
2024991510846,2024,991510846,3,9,0,-1,19,4,8,-1,0,0,0,0,0,0,1,1,-1,6,2,42,7,1242,1,10,FORD FIESTA,2,-1,0,4
2024041513236,2024,041513236,1,9,0,-1,19,5,1,-1,0,0,0,0,4,0,1,1,-1,9,1,24,5,1242,1,12,FORD FIESTA,8,E01025365,0,2
2024461490677,2024,461490677,1,9,0,-1,9,6,3,-1,0,1,0,0,0,0,3,2,-1,6,2,73,10,1242,1,12,FORD FIESTA,2,E01024585,0,1
2024471450656,2024,471450656,1,9,0,-1,19,1,5,-1,0,0,0,0,8,7,1,1,-1,6,1,20,4,1242,1,17,FORD FIESTA,10,E01031681,0,1
2024622400676,2024,622400676,1,9,0,18,19,8,4,0,0,1,0,0,0,0,1,1,6,6,1,18,4,998,1,8,FORD FIESTA,4,W01001013,0,1
2024302401389,2024,302401389,1,9,0,16,19,7,2,0,0,1,0,0,7,9,1,1,6,6,1,25,5,1388,1,18,FORD FIESTA,6,E01019882,0,3
2024231524944,2024,231524944,2,9,0,-1,19,5,1,-1,0,8,0,0,1,0,1,1,-1,9,1,31,6,1496,1,4,FORD FIESTA,8,E01009707,0,3
2024161460828,2024,161460828,1,9,0,-1,3,7,3,-1,0,0,0,0,0,0,2,1,-1,2,2,59,9,999,1,4,FORD FIESTA,3,E01012963,0,1
2024041412208,2024,041412208,1,9,0,-1,19,2,5,-1,0,0,1,0,2,10,1,1,-1,9,2,18,4,1242,1,17,FORD FIESTA,4,E01006887,0,2
2024131399869,2024,131399869,2,9,0,-1,9,1,3,-1,0,8,0,0,0,0,3,2,-1,2,1,20,4,998,1,6,FORD FIESTA,2,E01007533,0,3
2024471404514,2024,471404514,2,9,0,-1,4,3,7,-1,0,1,0,0,0,0,3,1,-1,9,2,43,7,998,1,11,FORD FIESTA,5,E01031472,0,1
2024461473097,2024,461473097,1,9,0,-1,9,6,3,-1,0,6,0,0,0,0,1,1,-1,9,1,81,11,1242,1,7,FORD FIESTA,7,E01024650,0,1
2024430234036,2024,430234036,1,9,0,18,19,7,3,0,0,0,0,0,0,0,1,1,1,1,1,19,4,998,1,11,FORD FIESTA,7,E01016409,0,1
2024531455606,2024,531455606,1,9,0,-1,19,1,5,-1,0,8,0,0,0,0,4,1,-1,2,1,24,5,998,1,10,FORD FIESTA,3,E01022256,0,1
2024231424485,2024,231424485,2,9,0,-1,19,7,5,-1,0,8,0,0,0,0,1,1,-1,6,1,20,4,998,1,11,FORD FIESTA,6,E01031199,0,1
2024131424280,2024,131424280,2,9,0,-1,19,3,7,-1,0,0,0,0,7,11,1,1,-1,6,1,18,4,1399,2,15,FORD FIESTA,2,E01034261,0,1
2024421495085,2024,421495085,1,9,0,-1,19,7,3,-1,0,0,0,0,0,0,1,1,-1,6,2,89,11,1388,1,17,FORD FIESTA,5,E01015888,0,1
2024622400502,2024,622400502,1,9,0,16,19,6,2,0,0,1,0,7,2,4,1,1,6,6,1,20,4,1496,1,5,FORD FIESTA,3,W01001080,0,1
2024531415623,2024,531415623,2,9,0,-1,2,0,0,-1,0,0,0,0,1,11,3,1,-1,6,-1,-1,-1,999,1,3,FORD FIESTA,-1,-1,0,-1
2024451421169,2024,451421169,1,9,0,-1,6,4,8,-1,0,6,0,0,0,0,4,1,-1,7,2,60,9,1242,1,16,FORD FIESTA,8,E01030904,0,1
2024351475979,2024,351475979,2,9,0,-1,5,5,1,-1,0,3,0,0,0,0,2,1,-1,9,1,62,9,998,1,11,FORD FIESTA,4,E01025789,0,4
2024430334261,2024,430334261,1,9,0,18,19,8,4,0,0,0,0,0,0,0,1,1,6,6,1,30,6,1388,1,13,FORD FIESTA,6,E01019319,0,5
2024451488173,2024,451488173,2,9,0,-1,19,5,1,-1,0,0,0,0,0,0,1,1,-1,2,1,52,8,998,1,7,FORD FIESTA,10,E01030344,0,1
2024371418032,2024,371418032,1,9,0,-1,4,5,1,-1,0,2,0,0,0,0,3,1,-1,6,2,44,7,998,1,9,FORD FIESTA,9,E01022013,0,2
2024052400295,2024,052400295,2,9,0,2,2,0,0,0,0,0,0,0,0,0,3,1,6,6,3,-1,-1,1084,1,2,FORD FIESTA,-1,-1,0,-1
2024411512510,2024,411512510,3,9,0,-1,19,5,1,-1,0,1,0,0,0,0,2,1,-1,6,2,23,5,1242,1,15,FORD FIESTA,8,E01023875,0,1
2024471454581,2024,471454581,1,9,0,-1,19,2,6,-1,0,0,1,0,7,11,1,1,-1,6,1,18,4,1242,1,17,FORD FIESTA,9,E01016997,0,2
2024201490098,2024,201490098,1,9,0,-1,19,6,2,-1,0,0,0,0,0,0,1,1,-1,2,2,34,6,1242,1,14,FORD FIESTA,6,E01009847,0,1
2024070468394,2024,070468394,1,9,0,18,19,4,8,0,0,0,1,0,0,0,3,1,6,6,2,87,11,1242,1,15,FORD FIESTA,5,E01018426,0,1
2024231480389,2024,231480389,1,9,0,-1,19,6,2,-1,0,0,0,0,0,0,1,1,-1,9,2,27,6,1596,1,12,FORD FIESTA,7,E01032122,0,4
2024161429917,2024,161429917,1,9,0,-1,7,4,6,-1,0,0,0,0,0,0,1,1,-1,1,1,21,5,1388,1,17,FORD FIESTA,3,E01012963,0,2
2024340NN0542,2024,340NN0542,2,9,0,-1,4,6,2,-1,0,1,0,0,0,0,2,1,-1,2,1,22,5,998,1,7,FORD FIESTA,2,E01027072,0,1
2024991447945,2024,991447945,1,9,0,-1,19,5,1,-1,0,0,5,10,5,6,1,1,-1,9,2,18,4,1242,1,15,FORD FIESTA,-1,-1,0,-1
2024161481750,2024,161481750,2,9,0,-1,5,7,3,-1,0,2,0,0,0,0,3,1,-1,6,1,76,11,998,1,10,FORD FIESTA,1,E01012946,0,1
2024430586193,2024,430586193,1,9,0,5,5,1,5,0,0,8,0,7,0,0,1,1,6,6,2,86,11,998,1,10,FORD FIESTA,10,E01035428,0,3
2024010540184,2024,010540184,1,9,0,18,19,5,1,0,0,1,0,0,0,0,1,1,6,6,2,40,7,1596,1,8,FORD FIESTA,-1,-1,0,-1
2024201491622,2024,201491622,1,9,0,-1,19,5,1,-1,0,2,0,10,7,2,1,1,-1,6,3,-1,-1,998,1,9,FORD FIESTA,-1,-1,0,-1
2024161531329,2024,161531329,2,9,0,-1,2,0,0,-1,0,0,0,0,0,0,1,1,-1,6,-1,-1,-1,998,1,6,FORD FIESTA,-1,-1,0,-1
2024411486828,2024,411486828,2,9,0,-1,5,6,4,-1,0,6,0,0,0,0,3,1,-1,9,2,20,4,998,1,4,FORD FIESTA,9,E01023713,0,2
2024461414150,2024,461414150,3,9,0,-1,19,1,5,-1,0,0,0,0,0,0,3,9,-1,2,1,26,6,1242,1,7,FORD FIESTA,9,E01000350,0,3
2024991465513,2024,991465513,1,9,0,-1,19,3,7,-1,0,0,0,0,0,0,1,1,-1,9,1,36,7,1084,1,6,FORD FIESTA,-1,-1,0,-1
2024010525455,2024,010525455,1,9,0,2,2,0,0,0,0,1,0,0,0,0,0,1,6,6,3,-1,-1,1242,1,7,FORD FIESTA,-1,-1,0,-1
2024501526213,2024,501526213,3,9,0,-1,19,5,1,-1,0,0,0,0,0,0,1,1,-1,6,2,19,4,1242,1,8,FORD FIESTA,6,E01019945,0,1
2024052401181,2024,052401181,2,9,0,2,2,0,0,0,0,8,0,8,0,0,1,1,2,2,1,23,5,1242,1,18,FORD FIESTA,1,E01006552,0,1
2024010519739,2024,010519739,1,9,0,18,19,7,3,0,0,8,0,0,0,0,0,1,6,6,1,19,4,1388,1,16,FORD FIESTA,4,E01004303,0,1
2024141436702,2024,141436702,1,9,0,-1,19,1,5,-1,0,1,0,11,2,11,1,1,-1,9,1,20,4,1242,1,17,FORD FIESTA,7,E01007657,0,1
2024101468001,2024,101468001,1,9,0,-1,-1,5,3,-1,0,0,0,0,0,0,4,9,-1,6,1,18,4,998,1,5,FORD FIESTA,-1,-1,0,-1
2024332400050,2024,332400050,1,9,0,-1,19,8,4,-1,0,1,0,0,0,0,1,1,-1,9,1,19,4,1388,1,20,FORD FIESTA,4,E01034016,0,1
2024201415930,2024,201415930,1,9,0,-1,19,5,1,-1,0,8,0,0,0,0,1,9,-1,6,2,23,5,1242,1,17,FORD FIESTA,1,E01009756,0,1
2024430233150,2024,430233150,1,9,0,18,19,4,8,0,0,0,0,0,0,0,1,1,6,6,2,30,6,1242,1,17,FORD FIESTA,-1,-1,0,-1
2024052401857,2024,052401857,1,9,0,5,5,2,6,0,0,1,0,0,0,0,3,1,6,6,2,83,11,1242,1,16,FORD FIESTA,6,E01007059,0,1
2024201501678,2024,201501678,2,9,0,-1,5,3,7,-1,0,1,0,0,0,0,1,1,-1,6,1,34,6,1242,1,16,FORD FIESTA,4,E01009879,0,1
2024451459794,2024,451459794,2,9,0,-1,19,3,7,-1,0,0,1,0,0,0,1,1,-1,1,2,39,7,1242,1,13,FORD FIESTA,3,E01004189,0,3
2024041522973,2024,041522973,6,9,0,-1,2,0,0,-1,0,0,0,0,0,0,1,1,-1,6,-1,-1,-1,1388,1,12,FORD FIESTA,-1,-1,0,-1
2024361452883,2024,361452883,1,9,0,-1,4,5,1,-1,0,0,1,0,0,0,1,1,-1,6,1,17,4,1242,1,16,FORD FIESTA,5,E01026679,0,4
2024991534215,2024,991534215,1,9,0,-1,9,3,1,-1,0,6,0,0,0,0,1,1,-1,6,2,66,10,998,1,5,FORD FIESTA,10,-1,0,1
2024161477573,2024,161477573,1,9,0,-1,19,8,5,-1,0,0,1,0,1,3,4,1,-1,9,1,19,4,998,1,5,FORD FIESTA,7,E01013013,0,2
2024440417636,2024,440417636,1,9,0,16,19,1,5,0,0,0,0,0,0,0,1,1,6,6,2,20,4,1242,1,9,FORD FIESTA,9,E01023004,0,2
2024421429749,2024,421429749,2,9,0,-1,3,1,5,-1,0,0,0,0,0,0,2,1,-1,6,2,54,8,998,1,11,FORD FIESTA,10,E01015912,0,3
2024440242112,2024,440242112,1,9,0,9,9,2,8,0,0,6,0,0,0,0,3,1,6,6,1,26,6,1242,1,13,FORD FIESTA,6,E01017100,0,1
2024421487467,2024,421487467,1,9,0,-1,19,3,6,-1,0,0,0,0,2,4,1,1,-1,9,1,22,5,1999,1,18,FORD FIESTA,7,E01021608,0,1
2024131412474,2024,131412474,2,9,0,-1,19,1,1,-1,0,6,0,0,0,0,1,1,-1,6,2,28,6,998,1,10,FORD FIESTA,6,E01010786,0,2
2024131520711,2024,131520711,1,9,0,-1,-1,-1,-1,-1,-1,-1,-1,-1,-1,-1,-1,1,-1,6,3,-1,-1,998,1,7,FORD FIESTA,-1,-1,0,-1
2024302500222,2024,302500222,1,9,0,-1,12,1,5,-1,0,0,0,0,0,0,2,1,-1,6,2,45,7,1242,1,9,FORD FIESTA,2,E01010615,0,4
2024430570847,2024,430570847,1,9,0,18,19,4,8,0,0,1,0,0,0,0,1,1,6,6,2,35,6,1242,1,12,FORD FIESTA,10,E01028606,0,4
2024471424334,2024,471424334,1,9,0,-1,19,5,8,-1,0,0,0,0,0,0,4,9,-1,6,1,29,6,1242,1,9,FORD FIESTA,8,E01031634,0,1
2024231431479,2024,231431479,1,9,0,-1,19,5,1,-1,0,0,2,0,1,3,1,1,-1,9,1,18,4,1399,2,12,FORD FIESTA,7,E01032588,0,1
2024332401242,2024,332401242,1,9,0,-1,19,5,1,-1,0,0,5,0,0,0,1,1,-1,9,1,84,11,998,1,8,FORD FIESTA,9,E01025758,0,1
2024451490517,2024,451490517,1,9,0,-1,19,5,1,-1,0,2,0,0,0,0,1,1,-1,2,1,19,4,1388,1,18,FORD FIESTA,8,E01030519,0,1
2024101457888,2024,101457888,1,9,0,-1,19,7,3,-1,0,0,0,0,0,0,1,1,-1,6,1,21,5,1242,1,19,FORD FIESTA,3,E01020827,0,4
2024161451811,2024,161451811,2,9,0,-1,9,5,3,-1,0,8,0,0,0,0,1,1,-1,9,1,18,4,1242,1,17,FORD FIESTA,1,E01013229,0,1
2024411482269,2024,411482269,1,9,0,-1,9,1,7,-1,0,1,0,0,0,0,1,1,-1,6,2,79,11,1388,1,13,FORD FIESTA,9,E01023376,0,3
2024052400067,2024,052400067,2,9,0,2,2,0,0,0,0,1,0,0,0,0,3,1,6,6,3,-1,-1,999,1,3,FORD FIESTA,-1,-1,0,-1
2024010527156,2024,010527156,1,9,0,9,9,7,5,0,0,5,0,0,0,0,4,1,2,2,1,31,6,998,1,10,FORD FIESTA,4,E01003249,0,1
2024010504790,2024,010504790,1,9,0,18,19,5,1,0,0,1,0,0,0,0,2,1,6,6,1,34,6,1084,1,5,FORD FIESTA,5,E01004547,0,1
2024161525194,2024,161525194,1,9,0,-1,19,1,5,-1,0,0,0,0,0,0,1,1,-1,6,1,39,7,1560,2,17,FORD FIESTA,1,E01012856,0,1
2024421416050,2024,421416050,1,9,0,-1,19,3,7,-1,0,1,0,0,0,0,1,1,-1,9,1,17,4,1596,1,24,FORD FIESTA,7,E01015849,0,1
2024622400408,2024,622400408,1,9,0,18,19,7,3,0,0,1,0,0,0,0,1,1,6,6,1,29,6,998,1,7,FORD FIESTA,7,W01000808,0,2
2024131522763,2024,131522763,2,9,0,-1,2,0,0,-1,0,8,0,0,0,0,2,1,-1,1,2,43,7,-1,-1,-1,FORD FIESTA,2,E01011220,0,1
2024421495220,2024,421495220,2,9,0,-1,19,2,-1,-1,0,8,0,0,0,0,3,1,-1,9,2,25,5,1560,2,13,FORD FIESTA,6,E01030081,0,4
2024122400402,2024,122400402,2,9,0,3,3,8,4,0,0,0,0,0,0,0,2,1,6,6,2,20,4,998,1,7,FORD FIESTA,7,E01027661,0,4
2024161516786,2024,161516786,1,9,0,-1,19,7,3,-1,0,0,1,0,1,0,4,9,-1,6,1,23,5,1242,1,15,FORD FIESTA,1,E01012779,0,3
2024371474173,2024,371474173,1,9,-1,-1,12,-1,-1,-1,0,8,0,0,0,0,3,9,-1,6,2,55,8,1242,1,8,FORD FIESTA,9,E01029999,0,3
2024161476359,2024,161476359,2,9,0,-1,4,7,3,-1,0,0,0,0,0,0,2,1,-1,1,1,20,4,1242,1,17,FORD FIESTA,9,E01027885,0,2
2024440197725,2024,440197725,2,9,0,18,19,4,8,0,0,4,0,0,0,0,1,1,6,6,2,19,4,1399,2,12,FORD FIESTA,4,E01017333,0,2
2024451469518,2024,451469518,3,9,0,-1,19,7,3,-1,0,0,0,0,0,0,2,1,-1,9,2,52,8,999,1,1,FORD FIESTA,9,E01030716,0,1
2024221399864,2024,221399864,2,9,0,-1,3,2,6,-1,0,1,0,0,0,0,2,9,-1,6,2,39,7,1399,2,14,FORD FIESTA,8,E01014179,0,1
2024041397380,2024,041397380,1,9,0,-1,1,7,3,-1,0,0,0,4,0,0,2,1,-1,9,1,80,11,1388,1,20,FORD FIESTA,7,E01025487,0,1
2024451413613,2024,451413613,2,9,0,-1,19,1,5,-1,0,1,0,0,0,0,3,1,-1,2,1,25,5,-1,-1,-1,FORD FIESTA,3,W01001885,0,5
2024451417491,2024,451417491,1,9,0,-1,19,8,4,-1,0,1,0,4,0,0,3,1,-1,2,2,63,9,1242,1,10,FORD FIESTA,5,E01030843,0,1
2024052402256,2024,052402256,1,9,0,9,9,7,5,0,0,8,0,0,0,0,4,1,6,6,1,21,5,1242,1,13,FORD FIESTA,8,E01007170,0,1
2024552400321,2024,552400321,1,9,0,18,19,5,1,0,0,1,0,0,0,0,1,1,6,6,2,60,9,998,1,8,FORD FIESTA,8,E01020421,0,1
2024545340124,2024,545340124,2,9,0,18,19,2,6,0,0,1,0,0,0,0,1,1,6,6,2,59,9,999,1,1,FORD FIESTA,1,E01015542,0,1
2024201499535,2024,201499535,1,9,-1,-1,-1,1,5,-1,-1,0,-1,-1,-1,0,-1,9,-1,-1,1,39,7,1399,2,14,FORD FIESTA,2,E01010564,0,2
2024622400117,2024,622400117,1,9,0,18,19,7,3,0,0,0,1,0,0,0,1,1,6,6,1,19,4,998,1,6,FORD FIESTA,8,W01001011,0,4
2024332400609,2024,332400609,1,9,0,-1,4,2,6,-1,0,0,2,0,7,4,1,1,-1,9,2,18,4,1242,1,15,FORD FIESTA,2,E01013761,0,3
2024201487690,2024,201487690,1,9,0,-1,19,2,6,-1,0,0,0,0,0,0,1,1,-1,6,1,19,4,1242,1,15,FORD FIESTA,-1,-1,0,-1
2024451474822,2024,451474822,1,9,0,-1,7,1,2,-1,9,0,0,0,7,1,1,1,-1,9,1,21,5,998,1,5,FORD FIESTA,9,E01030772,0,1
2024010513325,2024,010513325,2,9,0,99,99,9,9,99,99,9,9,99,9,99,9,9,6,6,3,-1,-1,1242,1,8,FORD FIESTA,-1,-1,0,-1
2024122400192,2024,122400192,1,9,0,17,19,5,1,0,0,0,2,0,1,9,4,1,6,6,1,20,4,1242,1,8,FORD FIESTA,10,E01012978,0,4
2024141404551,2024,141404551,2,9,0,-1,9,7,5,-1,0,8,0,0,0,0,3,9,-1,6,2,24,5,1242,1,7,FORD FIESTA,1,E01007718,0,1
2024161402741,2024,161402741,3,9,0,-1,19,6,2,-1,0,1,0,0,0,0,4,1,-1,9,1,57,9,1242,1,10,FORD FIESTA,5,E01012824,0,1
2024631514090,2024,631514090,1,9,0,-1,19,8,3,-1,0,0,5,0,7,11,1,1,-1,9,2,35,6,1242,1,10,FORD FIESTA,5,W01000528,0,2
2024311519838,2024,311519838,5,9,0,-1,2,0,0,-1,0,0,0,0,0,0,3,1,-1,6,-1,-1,-1,1499,2,9,FORD FIESTA,-1,-1,0,-1
2024061403411,2024,061403411,4,9,0,-1,2,0,0,-1,0,0,0,0,0,0,0,1,-1,9,2,19,4,1242,1,13,FORD FIESTA,-1,-1,0,-1
2024471413736,2024,471413736,2,9,0,-1,19,1,5,-1,0,1,0,0,0,0,1,1,-1,6,1,-1,-1,1242,1,20,FORD FIESTA,7,E01020988,0,3
2024451523543,2024,451523543,2,9,0,-1,19,3,7,-1,0,1,0,0,7,0,1,1,-1,9,1,32,6,-1,-1,-1,FORD FIESTA,7,E01030872,0,1
2024311533003,2024,311533003,1,9,0,-1,15,2,2,-1,0,0,0,0,0,0,4,1,-1,2,1,17,4,998,1,7,FORD FIESTA,6,E01033773,0,2
2024122400426,2024,122400426,2,9,0,18,19,1,5,0,0,4,0,0,0,0,3,1,6,6,2,51,8,1388,1,18,FORD FIESTA,10,E01034976,0,3
2024131470937,2024,131470937,1,9,0,-1,19,5,1,-1,0,0,0,0,0,0,1,1,-1,6,1,32,6,1242,1,15,FORD FIESTA,1,E01034583,0,1
2024501535731,2024,501535731,1,9,0,-1,19,3,7,-1,0,0,1,6,0,0,1,1,-1,9,1,17,4,1242,1,18,FORD FIESTA,5,E01018955,0,4
2024010512271,2024,010512271,1,9,0,4,4,7,3,0,0,8,0,0,0,0,2,1,2,2,1,45,7,999,1,3,FORD FIESTA,-1,-1,0,-1
2024991470604,2024,991470604,1,9,0,-1,5,5,3,-1,9,0,0,0,0,0,1,1,-1,9,1,21,5,998,1,1,FORD FIESTA,-1,-1,0,-1
2024211508644,2024,211508644,1,9,0,-1,19,8,4,-1,0,4,0,0,0,0,3,1,-1,6,1,66,10,998,1,10,FORD FIESTA,9,E01029744,0,1
202454C329224,2024,54C329224,2,9,0,18,19,4,8,0,0,0,0,0,0,0,2,1,6,6,2,35,6,1242,1,7,FORD FIESTA,8,E01032067,0,2
202454C323124,2024,54C323124,1,9,0,13,13,2,6,0,0,1,0,0,0,0,4,1,6,6,1,20,4,1242,1,14,FORD FIESTA,9,E01031935,0,1
2024041496415,2024,041496415,1,9,0,-1,19,1,5,-1,0,8,0,0,0,0,3,1,-1,6,2,28,6,1388,1,13,FORD FIESTA,2,E01012677,0,1
2024371455498,2024,371455498,1,9,0,-1,19,3,7,-1,0,0,0,0,0,0,0,1,-1,9,1,18,4,1388,1,15,FORD FIESTA,4,E01030113,0,1
2024520003083,2024,520003083,1,9,0,14,14,5,1,0,0,0,0,8,0,0,4,1,6,6,2,-1,-1,1242,1,17,FORD FIESTA,-1,-1,0,-1
2024522402570,2024,522402570,1,9,0,18,19,9,9,0,0,5,0,0,0,0,3,1,6,6,1,19,4,1388,1,18,FORD FIESTA,4,E01014840,0,1
2024411490062,2024,411490062,1,9,0,-1,19,7,3,-1,0,8,1,0,7,0,1,1,-1,1,2,48,8,1499,2,10,FORD FIESTA,4,E01023914,0,1
2024010520456,2024,010520456,2,9,0,2,2,0,0,0,0,1,0,4,0,0,2,1,6,6,3,-1,-1,1242,1,18,FORD FIESTA,-1,-1,0,-1
2024211483151,2024,211483151,2,9,0,-1,9,1,7,-1,0,2,0,0,0,0,4,1,-1,2,1,37,7,998,1,7,FORD FIESTA,-1,-1,0,-1
2024041447520,2024,041447520,2,9,0,-1,19,5,1,-1,0,0,0,0,0,0,1,1,-1,2,2,43,7,998,1,11,FORD FIESTA,8,E01025277,0,1
2024451403744,2024,451403744,2,9,0,-1,19,3,7,-1,0,0,0,0,0,0,1,9,-1,6,1,43,7,998,1,8,FORD FIESTA,8,E01030613,0,1
2024471515846,2024,471515846,1,9,0,-1,19,7,3,-1,0,0,1,0,0,0,1,1,-1,2,1,28,6,1242,1,18,FORD FIESTA,7,E01016913,0,2