collision_index,collision_year,collision_ref_no,vehicle_reference,vehicle_type,towing_and_articulation,vehicle_manoeuvre_historic,vehicle_manoeuvre,vehicle_direction_from,vehicle_direction_to,vehicle_location_restricted_lane_historic,vehicle_location_restricted_lane,junction_location,skidding_and_overturning,hit_object_in_carriageway,vehicle_leaving_carriageway,hit_object_off_carriageway,first_point_of_impact,vehicle_left_hand_drive,journey_purpose_of_driver_historic,journey_purpose_of_driver,sex_of_driver,age_of_driver,age_band_of_driver,engine_capacity_cc,propulsion_code,age_of_vehicle,generic_make_model,driver_imd_decile,lsoa_of_driver,escooter_flag,driver_distance_banding
2024631396087,2024,631396087,2,9,0,-1,4,1,4,-1,0,1,0,0,1,10,2,1,-1,9,1,72,10,998,1,10,FORD FIESTA,8,W01000554,0,1
2024070531534,2024,070531534,2,9,0,18,19,8,4,0,0,0,0,0,0,0,1,1,6,6,2,29,6,1242,1,13,FORD FIESTA,3,E01033302,0,1
2024361408528,2024,361408528,1,9,0,-1,19,6,2,-1,0,0,0,0,0,0,1,9,-1,9,1,19,4,1399,2,12,FORD FIESTA,-1,-1,0,-1
2024010540399,2024,010540399,1,9,0,18,19,1,5,0,0,2,0,0,0,0,1,1,2,2,1,20,4,1242,1,13,FORD FIESTA,2,E01000084,0,1
2024131533314,2024,131533314,1,9,0,-1,19,5,1,-1,0,0,0,0,0,0,4,1,-1,9,1,17,4,1388,1,16,FORD FIESTA,5,E01010991,0,1
2024451453367,2024,451453367,1,9,0,-1,19,1,5,-1,0,0,0,0,0,0,2,1,-1,9,1,62,9,999,1,2,FORD FIESTA,8,E01030900,0,1
2024610020624,2024,610020624,1,9,0,1,1,6,2,0,0,0,0,0,0,0,2,1,6,6,1,19,4,1242,1,18,FORD FIESTA,2,W01001418,0,1
2024471531678,2024,471531678,1,9,0,-1,3,6,2,-1,0,0,0,0,0,0,2,1,-1,6,2,42,7,998,1,9,FORD FIESTA,8,E01021055,0,1
2024211479803,2024,211479803,2,9,0,-1,4,7,3,-1,0,1,0,0,0,0,1,1,-1,9,1,27,6,998,1,11,FORD FIESTA,8,E01029676,0,2
2024471402962,2024,471402962,2,9,0,-1,2,0,0,-1,0,0,0,0,0,0,2,1,-1,6,-1,-1,-1,1388,1,13,FORD FIESTA,-1,-1,0,-1
2024610009624,2024,610009624,2,9,0,9,9,7,5,0,0,4,0,0,0,0,2,1,6,6,1,81,11,1499,2,5,FORD FIESTA,2,W01001023,0,4
2024461398359,2024,461398359,1,9,0,-1,4,1,5,-1,0,0,1,0,0,0,1,9,-1,2,1,20,4,1084,1,5,FORD FIESTA,4,E01016116,0,1
2024010526790,2024,010526790,1,9,0,99,99,9,9,99,99,9,9,99,9,99,9,9,2,2,2,24,5,1242,1,14,FORD FIESTA,2,E01001878,0,2
2024010511299,2024,010511299,1,9,0,18,19,3,7,0,0,0,5,0,2,7,4,1,6,6,2,20,4,1388,1,16,FORD FIESTA,2,E01004256,0,3
2024101398131,2024,101398131,1,9,0,-1,5,5,1,-1,0,0,0,0,0,0,1,9,-1,6,1,20,4,1399,2,13,FORD FIESTA,1,E01027540,0,1
2024451454590,2024,451454590,1,9,0,-1,6,3,7,-1,0,0,0,0,0,0,3,1,-1,9,1,27,6,1242,1,14,FORD FIESTA,5,E01024427,0,2
2024471405775,2024,471405775,2,9,0,-1,19,3,7,-1,0,1,0,0,0,0,4,1,-1,9,1,17,4,1242,1,13,FORD FIESTA,9,E01031670,0,1
2024361484568,2024,361484568,2,9,0,-1,19,7,3,-1,0,0,0,0,0,0,4,1,-1,1,1,53,8,999,1,2,FORD FIESTA,9,E01035146,0,4
2024411471153,2024,411471153,1,9,-1,-1,-1,-1,-1,-1,-1,0,-1,-1,-1,0,-1,9,-1,6,2,27,6,1242,1,17,FORD FIESTA,4,E01023738,0,1
2024340NN4462,2024,340NN4462,1,9,0,-1,19,3,7,-1,0,8,0,0,1,4,1,1,-1,9,1,29,6,1399,2,15,FORD FIESTA,-1,-1,0,-1
2024461429562,2024,461429562,6,9,0,-1,3,7,7,-1,0,0,0,0,0,0,3,2,-1,6,2,32,6,1242,1,12,FORD FIESTA,3,E01016043,0,1
2024371503737,2024,371503737,1,9,0,-1,19,-1,-1,-1,0,1,0,0,0,0,1,1,-1,6,1,19,4,1388,1,21,FORD FIESTA,5,E01030189,0,1
2024070828875,2024,070828875,2,8,0,-1,3,3,7,-1,0,1,0,0,0,0,1,1,-1,2,1,41,7,1242,1,11,FORD FIESTA,2,E01018364,0,1
2024122400515,2024,122400515,1,9,0,5,5,7,5,0,0,1,0,0,0,0,1,1,2,2,2,62,9,1242,1,9,FORD FIESTA,10,E01027596,0,1
2024052402821,2024,052402821,1,9,0,9,9,5,7,0,0,5,0,0,0,0,1,2,6,6,2,49,8,1242,1,7,FORD FIESTA,-1,-1,0,-1
2024451515770,2024,451515770,1,9,0,-1,19,5,1,-1,0,1,0,0,0,0,1,1,-1,9,2,72,10,1399,2,14,FORD FIESTA,10,E01022867,0,2
2024052400959,2024,052400959,1,9,0,18,19,8,4,0,0,8,0,4,0,0,1,1,6,6,2,83,11,1388,1,16,FORD FIESTA,5,E01006946,0,1
2024501531708,2024,501531708,2,9,0,-1,19,6,2,-1,0,1,0,0,0,0,1,1,-1,6,1,88,11,998,1,5,FORD FIESTA,10,E01019905,0,1
2024101444196,2024,101444196,1,9,0,-1,4,7,2,-1,0,0,0,0,0,0,4,1,-1,2,1,23,5,1399,2,12,FORD FIESTA,2,E01008298,0,2
202454C733024,2024,54C733024,1,9,0,9,9,6,4,0,0,2,0,0,0,0,1,1,2,2,1,29,6,999,1,4,FORD FIESTA,6,E01031848,0,2
2024161510633,2024,161510633,1,9,0,-1,19,1,5,-1,0,0,0,0,0,0,1,1,-1,2,2,20,4,1242,1,10,FORD FIESTA,10,E01033495,0,1
2024440554969,2024,440554969,1,9,0,18,19,5,1,0,0,2,0,0,0,0,1,1,6,6,2,30,6,1560,2,12,FORD FIESTA,4,E01031859,0,3
2024411473774,2024,411473774,1,9,0,-1,4,5,1,-1,0,2,0,0,0,0,1,1,-1,6,1,30,6,1084,1,6,FORD FIESTA,7,E01023960,0,1
2024061411036,2024,061411036,1,9,0,-1,12,1,5,-1,0,0,0,0,0,0,3,1,-1,6,2,25,5,1084,1,6,FORD FIESTA,3,E01018611,0,3
2024991500340,2024,991500340,1,9,0,-1,5,3,6,-1,9,1,0,0,0,0,1,1,-1,6,1,26,6,1242,1,7,FORD FIESTA,10,-1,0,2
2024461490128,2024,461490128,6,9,0,-1,2,7,3,-1,0,0,0,0,0,0,3,1,-1,6,-1,-1,-1,1242,1,19,FORD FIESTA,-1,-1,0,-1
2024221399757,2024,221399757,1,9,0,-1,19,6,2,-1,0,0,0,0,0,0,1,9,-1,9,1,40,7,1388,1,18,FORD FIESTA,5,E01032238,0,3
2024231408619,2024,231408619,1,9,0,-1,19,4,8,-1,0,0,0,4,1,4,1,1,-1,6,1,22,5,1299,1,22,FORD FIESTA,10,E01031123,0,1
2024122400675,2024,122400675,1,9,0,9,9,5,3,0,0,1,0,0,0,0,1,1,6,6,3,-1,-1,1388,1,17,FORD FIESTA,-1,-1,0,-1
2024421425387,2024,421425387,2,9,0,-1,19,3,7,-1,0,1,0,0,0,0,3,1,-1,6,2,64,9,999,1,4,FORD FIESTA,2,E01021286,0,2
2024201504959,2024,201504959,1,9,0,-1,4,5,1,-1,0,0,0,0,0,0,1,1,-1,6,2,53,8,1242,1,17,FORD FIESTA,6,E01029640,0,1
2024421502718,2024,421502718,2,9,0,-1,5,5,1,-1,0,8,0,0,0,0,1,1,-1,9,1,26,6,1388,1,15,FORD FIESTA,6,E01021509,0,2
2024461396547,2024,461396547,1,9,0,-1,19,3,7,-1,0,0,0,0,0,0,4,1,-1,6,1,21,5,1242,1,12,FORD FIESTA,2,E01024294,0,1
2024201459638,2024,201459638,1,9,0,-1,19,8,4,-1,0,1,0,0,0,0,1,1,-1,6,1,20,4,998,1,9,FORD FIESTA,1,E01009321,0,2
2024061528229,2024,061528229,3,9,0,-1,2,0,0,-1,0,8,0,0,0,0,3,1,-1,6,-1,-1,-1,998,1,11,FORD FIESTA,-1,-1,0,-1
2024451473186,2024,451473186,1,9,0,-1,9,7,3,-1,0,1,0,0,1,10,1,1,-1,6,1,19,4,998,1,5,FORD FIESTA,10,E01030773,0,1
2024461502165,2024,461502165,1,9,0,-1,19,7,2,-1,0,0,0,0,0,0,0,1,-1,6,1,41,7,-1,-1,-1,FORD FIESTA,4,E01002279,0,4
2024361429947,2024,361429947,2,9,0,-1,19,1,5,-1,0,1,0,0,0,0,1,1,-1,6,1,25,5,998,1,8,FORD FIESTA,6,E01026629,0,3
2024991523454,2024,991523454,1,9,0,-1,9,4,1,-1,0,8,0,0,0,0,4,1,-1,9,2,18,4,1242,1,12,FORD FIESTA,3,-1,0,1
2024010531942,2024,010531942,1,9,0,9,9,1,7,0,0,5,0,0,0,0,4,1,6,6,1,47,8,1596,1,19,FORD FIESTA,7,E01004107,0,1
2024131491003,2024,131491003,2,9,0,-1,11,1,7,-1,0,0,0,0,0,0,2,2,-1,6,1,76,11,998,1,10,FORD FIESTA,10,E01011461,0,1
2024111406309,2024,111406309,2,9,0,-1,5,8,4,-1,0,4,1,0,0,0,4,1,-1,7,2,19,4,1399,2,14,FORD FIESTA,10,E01020829,0,2
2024520403362,2024,520403362,2,9,0,18,19,5,1,0,0,0,0,0,0,0,2,1,6,6,2,30,6,1560,2,14,FORD FIESTA,1,E01029132,0,2
2024991511942,2024,991511942,2,9,0,-1,19,8,5,-1,0,1,0,0,0,0,1,1,-1,9,1,54,8,1242,1,9,FORD FIESTA,8,-1,0,1
2024320522803,2024,320522803,2,9,0,2,2,0,0,0,0,0,0,0,0,0,1,1,-1,-1,1,25,5,998,1,11,FORD FIESTA,5,E01026018,0,1
2024461436520,2024,461436520,1,9,0,-1,19,6,2,-1,0,0,5,0,1,0,1,9,-1,9,1,20,4,1596,1,17,FORD FIESTA,2,E01023975,0,2
2024461491662,2024,461491662,2,9,0,-1,2,0,0,-1,0,0,0,0,1,0,2,1,-1,6,-1,-1,-1,1242,1,12,FORD FIESTA,-1,-1,0,-1
2024361467709,2024,361467709,1,9,0,-1,9,7,3,-1,9,8,5,0,1,0,1,1,-1,9,1,18,4,1242,1,14,FORD FIESTA,10,E01018019,0,4
2024421408584,2024,421408584,2,9,0,-1,19,1,5,-1,0,0,1,0,1,0,1,1,-1,9,1,34,6,1496,1,2,FORD FIESTA,2,E01016009,0,2
2024501399378,2024,501399378,1,9,0,-1,9,1,6,-1,0,1,0,0,0,0,0,9,-1,6,1,82,11,1242,1,10,FORD FIESTA,10,E01020203,0,2
2024552400996,2024,552400996,1,9,0,18,19,3,7,0,0,8,0,0,0,0,1,1,6,6,2,18,4,1242,1,11,FORD FIESTA,5,E01020462,0,2
2024421442855,2024,421442855,1,9,0,-1,19,1,5,-1,0,1,0,0,0,0,1,1,-1,6,2,37,7,1084,1,6,FORD FIESTA,10,E01021545,0,1
2024451488822,2024,451488822,1,9,0,-1,19,6,2,-1,0,0,0,0,0,0,1,1,-1,9,1,23,5,1499,2,11,FORD FIESTA,5,E01030971,0,1
2024461437650,2024,461437650,1,9,0,-1,19,1,5,-1,0,1,0,0,0,0,1,9,-1,9,1,25,5,1596,1,11,FORD FIESTA,7,E01035287,0,2
2024501447573,2024,501447573,1,9,0,-1,1,3,7,-1,0,0,0,0,0,0,2,1,-1,9,1,26,6,998,1,6,FORD FIESTA,5,E01020097,0,4
2024430494012,2024,430494012,1,9,0,7,7,4,6,0,0,8,0,0,0,0,4,1,1,1,1,60,9,1499,2,10,FORD FIESTA,-1,-1,0,-1
2024320309134,2024,320309134,2,9,0,-1,-1,4,8,0,0,8,1,0,0,0,1,1,6,6,2,57,9,998,1,7,FORD FIESTA,3,E01034686,0,1
2024141403320,2024,141403320,1,9,0,-1,7,7,8,-1,0,8,0,0,0,0,1,1,-1,2,2,20,4,1242,1,14,FORD FIESTA,1,E01008057,0,1
2024540202124,2024,540202124,1,9,0,7,7,5,1,0,0,4,0,0,0,0,1,1,6,6,1,27,6,1399,2,14,FORD FIESTA,7,E01033860,0,1
2024221445887,2024,221445887,1,9,0,-1,3,6,2,-1,0,1,0,0,0,0,2,9,-1,6,1,47,8,1388,1,16,FORD FIESTA,4,E01032152,0,3
2024332400629,2024,332400629,2,9,0,-1,19,2,6,-1,0,6,0,0,0,0,1,1,-1,6,1,-1,-1,998,1,5,FORD FIESTA,-1,-1,0,-1
2024430617149,2024,430617149,1,9,0,9,9,3,5,0,0,8,0,0,0,0,4,1,2,2,2,40,7,1399,2,15,FORD FIESTA,8,E01017721,0,1
2024991449590,2024,991449590,2,9,0,-1,3,3,7,-1,0,0,0,0,0,0,2,1,-1,6,2,23,5,999,1,4,FORD FIESTA,8,-1,0,4
2024201413933,2024,201413933,2,9,0,-1,5,2,4,-1,0,3,1,9,3,0,4,1,-1,6,2,39,7,1242,1,9,FORD FIESTA,-1,-1,0,-1
2024552400419,2024,552400419,2,9,0,2,2,0,0,0,0,0,0,0,0,0,1,1,6,6,1,38,7,1242,1,11,FORD FIESTA,6,E01020550,0,2
2024211516173,2024,211516173,2,9,0,-1,19,5,3,-1,0,0,0,0,1,0,3,1,-1,1,2,51,8,1084,1,6,FORD FIESTA,-1,-1,0,-1
2024161478007,2024,161478007,2,9,0,-1,19,4,8,-1,0,0,0,0,8,0,1,1,-1,9,1,25,5,1242,1,13,FORD FIESTA,6,E01013160,0,1
2024320061197,2024,320061197,1,9,0,-1,-1,5,1,0,0,1,0,0,1,0,1,1,-1,-1,1,17,4,1242,1,12,FORD FIESTA,5,E01012991,0,4
2024552401310,2024,552401310,1,9,0,18,19,8,4,0,0,8,0,0,0,0,1,1,6,6,1,20,4,1242,1,15,FORD FIESTA,10,E01016267,0,4
2024041472502,2024,041472502,1,9,0,-1,4,2,6,-1,0,8,0,0,0,0,4,1,-1,9,1,18,4,1388,1,15,FORD FIESTA,10,E01025472,0,1
2024320348378,2024,320348378,2,9,0,3,3,2,6,0,0,0,0,0,0,0,2,1,6,6,1,79,11,998,1,8,FORD FIESTA,10,E01026186,0,1
2024461410954,2024,461410954,1,9,0,-1,19,7,3,-1,0,1,0,0,3,0,1,1,-1,1,1,21,5,1388,1,17,FORD FIESTA,3,E01024176,0,1
2024421422089,2024,421422089,2,9,0,-1,19,5,1,-1,0,1,0,0,0,0,1,1,-1,2,1,19,4,999,1,4,FORD FIESTA,6,E01021355,0,1
2024421488399,2024,421488399,2,9,0,-1,19,4,2,-1,0,8,1,0,0,0,3,1,-1,9,2,30,6,1242,1,7,FORD FIESTA,4,E01021423,0,1
2024231531246,2024,231531246,1,9,0,-1,19,1,5,-1,0,8,0,0,0,0,1,9,-1,9,2,33,6,1084,1,6,FORD FIESTA,10,E01031157,0,1
2024010538664,2024,010538664,3,9,0,2,2,0,0,0,0,2,0,0,0,0,0,1,6,6,3,-1,-1,998,1,10,FORD FIESTA,-1,-1,0,-1
2024201469455,2024,201469455,2,9,0,-1,19,5,1,-1,0,0,0,0,0,0,3,1,-1,6,2,67,10,1242,1,8,FORD FIESTA,3,E01009597,0,1
2024010523401,2024,010523401,1,9,0,99,99,9,9,99,99,9,9,99,9,99,1,9,6,6,1,57,9,998,1,7,FORD FIESTA,7,E01001308,0,3
2024451408491,2024,451408491,3,9,0,-1,2,5,1,-1,0,0,0,0,0,0,1,1,-1,6,-1,-1,-1,998,1,5,FORD FIESTA,-1,-1,0,-1
2024052401776,2024,052401776,1,9,0,1,1,3,7,0,0,0,0,0,0,0,2,1,2,2,1,43,7,998,1,1,FORD FIESTA,1,E01006567,0,1
2024031427190,2024,031427190,2,9,0,-1,10,6,4,-1,0,6,0,0,0,0,1,1,-1,9,2,39,7,-1,-1,-1,FORD FIESTA,1,E01019113,0,1
2024622400492,2024,622400492,2,9,0,3,3,8,4,0,0,1,0,0,0,0,1,1,6,6,1,26,6,1242,1,18,FORD FIESTA,4,W01001710,0,2
2024070196003,2024,070196003,1,9,0,4,4,8,4,0,0,1,0,0,0,0,2,1,2,2,1,18,4,1242,1,16,FORD FIESTA,4,E01006846,0,2
2024311450913,2024,311450913,1,9,0,-1,19,2,5,-1,0,0,5,0,0,0,1,1,-1,9,2,72,10,999,1,3,FORD FIESTA,7,E01012189,0,5
2024302400837,2024,302400837,1,9,0,18,19,3,7,0,0,8,0,0,0,0,1,1,6,6,1,26,6,998,1,10,FORD FIESTA,9,E01019590,0,1
2024201534434,2024,201534434,1,9,0,-1,19,8,4,-1,0,0,0,0,0,0,4,1,-1,6,1,77,11,1388,1,17,FORD FIESTA,1,E01009233,0,1
2024991413708,2024,991413708,1,9,0,-1,6,7,7,-1,0,1,0,0,0,0,3,1,-1,6,1,68,10,1596,1,12,FORD FIESTA,2,-1,0,1
2024161404930,2024,161404930,1,9,0,-1,19,8,4,-1,0,0,0,0,0,0,2,1,-1,2,2,29,6,998,1,8,FORD FIESTA,-1,-1,0,-1
2024991474278,2024,991474278,1,9,0,-1,19,3,7,-1,0,8,0,0,0,0,1,1,-1,9,2,29,6,998,1,8,FORD FIESTA,5,-1,0,1
2024201499865,2024,201499865,2,9,0,-1,19,3,7,-1,0,0,0,0,0,0,1,9,-1,6,2,41,7,1399,2,14,FORD FIESTA,5,E01010351,0,1
2024501519748,2024,501519748,1,9,0,-1,19,-1,-1,-1,0,0,0,0,0,0,4,1,-1,2,1,19,4,998,1,11,FORD FIESTA,5,E01018902,0,3
2024201558939,2024,201558939,1,9,-1,-1,-1,-1,-1,-1,-1,0,-1,-1,-1,0,-1,9,-1,6,3,87,11,1242,1,12,FORD FIESTA,7,E01010553,0,1
2024231516672,2024,231516672,2,9,0,-1,4,6,2,-1,0,0,0,0,0,0,2,1,-1,6,2,20,4,1399,2,14,FORD FIESTA,8,E01033026,0,5
2024161406322,2024,161406322,2,9,0,-1,7,2,4,-1,0,6,0,0,0,0,1,9,-1,1,1,-1,-1,1388,1,20,FORD FIESTA,-1,-1,0,-1
2024546918324,2024,546918324,1,9,0,17,19,4,8,0,0,0,2,0,1,0,4,1,6,6,2,19,4,1242,1,9,FORD FIESTA,4,W01000764,0,5
2024501524600,2024,501524600,1,9,0,-1,19,7,2,-1,0,5,0,0,0,0,4,1,-1,6,2,41,7,1399,2,12,FORD FIESTA,4,E01015169,0,1
2024522401531,2024,522401531,1,9,0,18,19,2,6,0,0,8,0,0,0,0,1,1,6,6,1,20,4,998,1,7,FORD FIESTA,4,E01014603,0,1
2024131407360,2024,131407360,1,9,0,-1,5,2,8,-1,0,8,0,0,0,0,3,1,-1,6,2,31,6,1388,1,20,FORD FIESTA,6,E01010594,0,1
2024461432000,2024,461432000,4,9,0,-1,4,4,4,-1,0,1,0,0,0,0,2,9,-1,9,1,23,5,957,1,36,FORD FIESTA,2,E01024549,0,1
2024201480966,2024,201480966,2,9,0,-1,19,5,1,-1,0,8,0,10,0,0,1,1,-1,6,-1,-1,-1,1596,1,7,FORD FIESTA,-1,-1,0,-1
2024361482731,2024,361482731,1,9,0,-1,19,4,8,-1,0,0,1,0,0,0,4,1,-1,6,2,67,10,998,1,7,FORD FIESTA,7,E01026801,0,3
2024311396859,2024,311396859,1,9,0,-1,19,5,1,-1,0,0,0,0,0,0,1,1,-1,6,2,31,6,998,1,10,FORD FIESTA,8,E01026258,0,4
2024221452562,2024,221452562,1,9,0,-1,9,8,5,-1,0,5,0,0,0,0,1,9,-1,9,2,21,5,1242,1,14,FORD FIESTA,4,E01029807,0,4
2024131446198,2024,131446198,1,9,0,-1,19,2,6,-1,0,0,0,0,0,0,3,1,-1,9,2,20,4,1388,1,14,FORD FIESTA,9,E01013397,0,3
2024991452178,2024,991452178,1,9,0,-1,12,5,1,-1,0,0,0,0,0,0,3,1,-1,6,1,37,7,1084,1,5,FORD FIESTA,-1,-1,0,-1
2024451491072,2024,451491072,2,9,0,-1,99,3,7,-1,0,6,9,0,0,0,2,1,-1,6,2,81,11,998,1,9,FORD FIESTA,9,E01030299,0,2
2024141523091,2024,141523091,1,9,0,-1,19,5,1,-1,0,0,0,0,0,0,1,9,-1,6,2,27,6,1388,1,12,FORD FIESTA,3,E01007550,0,1
2024421495607,2024,421495607,2,9,0,-1,3,1,5,-1,0,1,0,0,0,0,2,1,-1,9,1,30,6,1388,1,17,FORD FIESTA,10,E01021384,0,3
2024991450187,2024,991450187,3,9,0,-1,19,3,7,-1,0,8,0,0,0,0,1,1,-1,6,1,49,8,1560,2,16,FORD FIESTA,2,-1,0,1
2024070519353,2024,070519353,1,9,0,9,9,2,8,0,0,6,0,0,0,0,4,1,6,6,1,60,9,1560,2,12,FORD FIESTA,1,E01012483,0,1
2024041456899,2024,041456899,1,9,0,-1,19,5,1,-1,0,2,0,0,0,0,1,1,-1,6,1,49,8,-1,-1,-1,FORD FIESTA,3,E01025368,0,2
2024010539751,2024,010539751,1,9,0,17,19,5,1,0,0,1,2,10,2,11,4,1,6,6,1,24,5,1596,1,9,FORD FIESTA,2,E01000721,0,1
2024131507083,2024,131507083,2,9,0,-1,19,3,7,-1,0,8,0,0,0,0,2,1,-1,9,2,35,6,998,1,7,FORD FIESTA,4,E01011208,0,1
2024461503750,2024,461503750,3,9,0,-1,19,1,5,-1,0,1,0,0,0,0,2,1,-1,2,1,28,6,998,1,5,FORD FIESTA,2,E01024080,0,4
2024010507658,2024,010507658,2,9,0,16,19,4,8,0,0,3,0,0,0,0,4,1,6,6,2,36,7,1388,1,15,FORD FIESTA,3,E01000992,0,2
2024522402239,2024,522402239,3,9,0,2,2,0,0,0,0,1,0,0,0,0,1,1,6,6,3,-1,-1,1388,1,12,FORD FIESTA,-1,-1,0,-1
2024111530731,2024,111530731,2,9,0,-1,3,4,8,-1,0,1,0,0,0,0,2,1,-1,9,1,19,4,1242,1,9,FORD FIESTA,3,E01020638,0,1
2024010526719,2024,010526719,2,9,0,99,99,9,9,99,99,9,9,99,9,99,9,9,6,6,3,-1,-1,1242,1,14,FORD FIESTA,7,E01003451,0,1
2024552401381,2024,552401381,1,9,0,18,19,4,8,0,0,0,0,0,7,4,1,1,2,2,1,25,5,1596,1,18,FORD FIESTA,4,E01015420,0,1
2024440324724,2024,440324724,1,9,0,18,19,4,8,0,0,0,0,0,0,0,1,1,6,6,1,19,4,998,1,6,FORD FIESTA,9,E01022754,0,1
2024421423186,2024,421423186,2,9,0,-1,19,7,3,-1,0,8,0,0,0,0,4,1,-1,6,1,56,9,1560,2,15,FORD FIESTA,1,E01021271,0,2
2024430396830,2024,430396830,1,9,0,17,19,2,6,0,0,0,2,0,1,4,1,1,6,6,1,49,8,1242,1,11,FORD FIESTA,5,E01017243,0,5
2024320082736,2024,320082736,1,9,0,4,4,2,6,0,0,0,0,0,0,0,1,1,6,6,2,42,7,1242,1,12,FORD FIESTA,4,E01026044,0,2
2024041431146,2024,041431146,1,9,0,-1,9,1,5,-1,0,6,0,0,0,0,1,1,-1,9,1,83,11,1388,1,19,FORD FIESTA,8,E01025005,0,1
2024010539727,2024,010539727,2,9,0,9,9,1,7,0,0,1,0,0,0,0,1,1,6,6,1,35,6,1242,1,12,FORD FIESTA,7,E01002176,0,1
2024101425407,2024,101425407,2,9,0,-1,3,2,8,-1,0,1,0,0,0,0,2,1,-1,9,2,36,7,1399,2,12,FORD FIESTA,3,E01008833,0,1
2024351503432,2024,351503432,1,9,0,-1,19,4,8,-1,0,0,0,11,1,0,3,1,-1,2,2,38,7,1596,1,18,FORD FIESTA,6,E01034432,0,4
2024411427808,2024,411427808,1,9,0,-1,4,3,7,-1,0,0,0,0,0,0,2,1,-1,6,1,21,5,999,1,4,FORD FIESTA,6,E01035607,0,2
2024501426800,2024,501426800,1,9,0,-1,19,5,1,-1,0,0,5,0,1,4,1,1,-1,9,2,19,4,998,1,7,FORD FIESTA,9,E01015197,0,4
2024461493716,2024,461493716,2,9,0,-1,19,3,7,-1,0,0,0,0,0,0,3,1,-1,2,2,21,5,1242,1,15,FORD FIESTA,7,E01016119,0,4
2024340WN6762,2024,340WN6762,1,9,0,-1,4,3,7,-1,0,0,0,0,0,0,1,1,-1,6,2,25,5,1242,1,12,FORD FIESTA,5,E01035423,0,1
2024211542212,2024,211542212,3,9,0,-1,4,3,5,-1,0,0,1,0,0,0,1,1,-1,6,1,25,5,1242,1,19,FORD FIESTA,10,E01018405,0,2
2024211462429,2024,211462429,1,9,0,-1,19,8,5,-1,0,1,0,0,0,0,1,1,-1,6,2,26,6,1388,1,16,FORD FIESTA,4,E01029462,0,3
2024010535837,2024,010535837,1,9,0,5,5,5,1,0,0,4,0,0,0,0,1,1,6,6,2,33,6,1388,1,13,FORD FIESTA,5,E01002667,0,1
2024421428157,2024,421428157,2,9,0,-1,4,3,7,-1,0,1,0,0,0,0,2,1,-1,6,1,39,7,998,1,9,FORD FIESTA,5,E01035171,0,4
2024311420230,2024,311420230,1,9,0,-1,4,3,7,-1,0,0,0,0,0,0,1,1,-1,6,1,21,5,1399,2,13,FORD FIESTA,-1,-1,0,-1
2024421465595,2024,421465595,1,9,0,-1,19,4,8,-1,0,3,0,0,1,0,1,1,-1,2,2,34,6,1399,2,12,FORD FIESTA,4,E01015962,0,1
2024531511246,2024,531511246,2,9,0,-1,19,1,7,-1,0,8,0,0,0,0,1,1,-1,2,1,36,7,1242,1,20,FORD FIESTA,10,E01022114,0,2
2024991461637,2024,991461637,1,9,0,-1,7,6,8,-1,0,1,0,0,0,0,2,1,-1,9,2,29,6,998,1,5,FORD FIESTA,7,E01007439,0,5
2024141447165,2024,141447165,1,9,0,-1,10,5,3,-1,0,8,0,0,0,0,4,1,-1,6,2,37,7,998,1,9,FORD FIESTA,-1,-1,0,-1
2024531502535,2024,531502535,2,9,0,-1,10,7,5,-1,0,1,0,0,0,0,2,1,-1,2,1,25,5,1388,1,13,FORD FIESTA,9,E01022393,0,1
2024610022424,2024,610022424,1,9,0,5,5,6,2,0,0,1,0,0,0,0,1,1,6,6,1,21,5,1399,2,13,FORD FIESTA,3,W01001338,0,1
2024070236115,2024,070236115,3,9,0,18,19,7,3,0,0,4,0,0,1,2,3,1,6,6,2,59,9,998,1,5,FORD FIESTA,7,E01018623,0,3
2024411472398,2024,411472398,1,9,0,-1,19,4,8,-1,0,1,0,0,0,0,1,1,-1,9,2,46,8,999,8,1,FORD FIESTA,5,E01023720,0,1
2024471413659,2024,471413659,2,9,0,-1,9,5,7,-1,0,8,0,0,0,0,0,9,-1,6,1,59,9,999,1,4,FORD FIESTA,2,E01031454,0,2
2024101502784,2024,101502784,2,9,0,-1,4,7,3,-1,0,0,0,0,0,0,2,1,-1,9,2,25,5,998,1,7,FORD FIESTA,9,E01008260,0,1
2024141419159,2024,141419159,1,9,0,-1,19,8,4,-1,0,0,1,0,1,0,1,1,-1,1,1,56,9,1242,1,13,FORD FIESTA,1,E01034232,0,4
2024461416194,2024,461416194,1,9,0,-1,19,8,4,-1,0,1,0,0,0,0,1,1,-1,9,1,32,6,-1,-1,-1,FORD FIESTA,10,E01024471,0,4
2024440043849,2024,440043849,4,9,0,18,19,4,8,0,0,0,0,0,0,0,1,1,6,6,1,40,7,998,1,1,FORD FIESTA,2,E01000526,0,4
2024471410027,2024,471410027,1,9,0,-1,19,2,7,-1,0,0,0,0,0,0,1,1,-1,2,1,17,4,1242,1,14,FORD FIESTA,2,E01020930,0,1