collision_index,collision_year,collision_ref_no,vehicle_reference,vehicle_type,towing_and_articulation,vehicle_manoeuvre_historic,vehicle_manoeuvre,vehicle_direction_from,vehicle_direction_to,vehicle_location_restricted_lane_historic,vehicle_location_restricted_lane,junction_location,skidding_and_overturning,hit_object_in_carriageway,vehicle_leaving_carriageway,hit_object_off_carriageway,first_point_of_impact,vehicle_left_hand_drive,journey_purpose_of_driver_historic,journey_purpose_of_driver,sex_of_driver,age_of_driver,age_band_of_driver,engine_capacity_cc,propulsion_code,age_of_vehicle,generic_make_model,driver_imd_decile,lsoa_of_driver,escooter_flag,driver_distance_banding
2024430460550,2024,430460550,1,9,0,18,19,6,2,0,0,4,0,0,0,0,1,1,6,6,1,23,5,1242,1,13,FORD FIESTA,10,E01016792,0,2
2024361437098,2024,361437098,1,9,0,-1,5,3,1,-1,0,0,0,0,0,0,1,1,-1,6,2,45,7,1399,2,14,FORD FIESTA,6,E01026863,0,1
2024440548655,2024,440548655,2,9,0,5,5,4,2,0,0,4,0,0,0,0,1,1,6,6,2,38,7,1388,1,16,FORD FIESTA,4,E01023204,0,1
2024061441861,2024,061441861,1,9,0,-1,19,3,7,-1,0,8,0,0,0,0,4,1,-1,9,1,19,4,998,1,8,FORD FIESTA,10,E01004808,0,1
2024440358223,2024,440358223,1,9,0,4,4,6,2,0,0,6,1,0,0,0,1,1,6,6,1,38,7,1242,1,27,FORD FIESTA,3,E01022482,0,2
2024371447629,2024,371447629,1,9,0,-1,19,2,6,-1,0,4,0,0,0,0,1,1,-1,9,1,92,11,1596,1,19,FORD FIESTA,9,E01029967,0,1
2024411441089,2024,411441089,2,9,0,-1,19,5,1,-1,0,0,0,0,0,0,1,1,-1,9,2,19,4,998,1,2,FORD FIESTA,10,E01018288,0,4
2024421477980,2024,421477980,1,9,0,-1,19,1,4,-1,0,0,1,0,7,4,1,1,-1,9,2,20,4,1399,2,12,FORD FIESTA,5,E01021360,0,1
2024302400032,2024,302400032,2,9,0,18,19,3,5,0,0,2,0,0,0,0,1,1,2,2,2,54,8,998,1,12,FORD FIESTA,6,E01006048,0,2
2024201467246,2024,201467246,1,9,0,-1,4,6,1,-1,0,0,0,0,0,0,1,1,-1,6,2,53,8,1399,2,14,FORD FIESTA,1,E01034922,0,1
2024421423186,2024,421423186,1,9,0,-1,9,1,7,-1,0,8,0,0,0,0,1,1,-1,2,2,48,8,998,1,6,FORD FIESTA,9,E01021481,0,1
2024520402042,2024,520402042,1,9,0,9,9,3,1,0,0,2,0,0,0,0,1,1,6,6,2,78,11,998,1,6,FORD FIESTA,8,E01020497,0,2
2024052400977,2024,052400977,1,9,0,18,19,7,3,0,0,1,0,0,0,0,1,1,6,6,1,25,5,1242,1,15,FORD FIESTA,1,E01006753,0,3
2024201498058,2024,201498058,2,9,0,-1,7,8,2,-1,0,6,0,10,1,11,1,1,-1,6,1,41,7,1388,1,14,FORD FIESTA,5,E01010230,0,1
2024111488979,2024,111488979,1,9,0,-1,19,8,4,-1,0,0,2,0,1,0,4,1,-1,2,1,50,8,1596,1,16,FORD FIESTA,-1,-1,0,-1
2024471515846,2024,471515846,3,9,0,-1,4,7,3,-1,0,0,0,0,0,0,2,1,-1,6,1,55,8,1560,2,12,FORD FIESTA,5,E01016857,0,3
2024052401571,2024,052401571,1,9,0,18,19,2,6,0,0,0,0,0,0,0,1,1,6,6,1,27,6,1496,1,5,FORD FIESTA,7,E01006666,0,1
2024131527479,2024,131527479,1,9,0,-1,9,5,3,-1,0,0,0,0,0,0,3,1,-1,9,1,26,6,1242,1,16,FORD FIESTA,8,E01011930,0,1
2024440404559,2024,440404559,2,9,0,18,19,5,1,0,0,7,0,0,0,0,1,1,6,6,1,74,10,1499,2,6,FORD FIESTA,10,E01023248,0,1
2024545501724,2024,545501724,1,9,0,9,9,5,1,0,0,4,0,0,0,0,3,1,6,6,2,23,5,1399,2,13,FORD FIESTA,2,E01032093,0,1
2024332400258,2024,332400258,1,9,0,-1,3,5,1,-1,0,1,0,0,0,0,2,1,-1,9,2,31,6,999,1,4,FORD FIESTA,7,E01025985,0,1
2024421454159,2024,421454159,1,9,0,-1,9,5,7,-1,0,8,0,0,0,0,1,1,-1,9,1,86,11,1388,1,14,FORD FIESTA,8,E01021482,0,1
2024440040981,2024,440040981,2,9,0,4,4,2,6,0,0,0,0,0,0,0,2,1,6,6,1,60,9,1560,2,17,FORD FIESTA,5,E01034817,0,4
2024010520754,2024,010520754,1,9,9,99,99,9,9,99,99,0,9,99,9,99,9,9,6,6,2,19,4,998,1,8,FORD FIESTA,9,E01002333,0,3
2024052400284,2024,052400284,2,9,0,18,19,2,6,0,0,8,0,0,0,0,3,1,6,6,1,50,8,1560,2,12,FORD FIESTA,1,E01006599,0,1
2024231437711,2024,231437711,2,9,0,-1,19,4,8,-1,0,8,0,0,0,0,1,1,-1,9,1,26,6,1242,1,20,FORD FIESTA,2,E01031074,0,4
2024991469503,2024,991469503,2,9,0,-1,19,4,8,-1,0,8,0,0,7,0,4,1,-1,2,1,35,6,1596,1,10,FORD FIESTA,8,-1,0,1
2024421524533,2024,421524533,3,9,0,-1,19,1,5,-1,0,0,0,0,0,0,2,1,-1,2,1,61,9,998,1,2,FORD FIESTA,2,E01000072,0,3
2024122401108,2024,122401108,2,9,0,18,19,8,4,0,0,0,0,0,0,0,0,1,6,6,2,19,4,1242,1,17,FORD FIESTA,6,E01012930,0,1
2024010530383,2024,010530383,2,9,0,18,19,7,3,0,0,8,0,0,0,0,3,1,2,2,1,20,4,1242,1,11,FORD FIESTA,10,E01002253,0,3
2024010501871,2024,010501871,1,9,0,18,19,3,7,0,0,1,1,0,7,0,1,1,2,2,2,19,4,1242,1,9,FORD FIESTA,5,E01004076,0,2
2024302400728,2024,302400728,1,9,0,4,4,5,1,0,0,0,0,0,0,0,2,1,6,6,2,27,6,998,1,10,FORD FIESTA,9,E01022429,0,5
2024141460645,2024,141460645,1,9,0,-1,19,6,2,-1,0,0,0,0,0,0,1,1,-1,6,1,37,7,1399,2,14,FORD FIESTA,1,E01034236,0,1
2024010523737,2024,010523737,2,9,0,99,99,9,9,99,99,9,9,99,9,99,9,9,6,6,3,62,9,1596,1,9,FORD FIESTA,4,E01002015,0,1
2024421511801,2024,421511801,1,9,0,-1,19,6,2,-1,0,0,0,0,0,0,1,1,-1,9,1,21,5,1242,1,11,FORD FIESTA,3,E01023326,0,3
2024461460424,2024,461460424,2,9,0,-1,19,1,5,-1,0,2,0,0,3,0,1,1,-1,7,2,46,8,1242,1,7,FORD FIESTA,2,E01016064,0,1
2024461484822,2024,461484822,1,9,0,-1,15,5,1,-1,0,0,0,0,0,0,3,1,-1,6,3,-1,-1,998,1,11,FORD FIESTA,-1,-1,0,-1
2024991407022,2024,991407022,1,9,0,-1,7,3,5,-1,1,0,0,0,0,0,1,9,-1,9,3,-1,-1,1242,1,14,FORD FIESTA,-1,-1,0,-1
2024010510128,2024,010510128,2,9,0,99,99,9,9,99,99,9,9,99,9,99,9,9,6,6,3,-1,-1,1242,1,16,FORD FIESTA,-1,-1,0,-1
2024010546795,2024,010546795,2,9,0,3,3,7,3,0,0,2,0,0,0,0,2,1,6,6,2,35,6,998,1,5,FORD FIESTA,3,E01003299,0,3
2024471536062,2024,471536062,3,9,0,-1,19,3,7,-1,0,0,0,0,1,4,1,1,-1,9,1,67,10,1242,1,9,FORD FIESTA,4,E01021114,0,1
2024411511245,2024,411511245,1,9,0,-1,5,-1,-1,-1,0,4,0,0,0,0,1,1,-1,6,1,17,4,1084,1,7,FORD FIESTA,10,E01023744,0,1
2024631418631,2024,631418631,1,9,0,-1,19,2,6,-1,0,0,0,0,1,10,3,1,-1,9,2,17,4,1242,1,12,FORD FIESTA,7,W01000488,0,1
2024302401754,2024,302401754,1,9,0,-1,2,0,0,-1,0,2,0,0,0,0,3,1,-1,6,2,35,6,1242,1,15,FORD FIESTA,1,E01019799,0,1
2024221510695,2024,221510695,1,9,0,-1,9,1,8,-1,0,6,0,0,0,0,1,9,-1,6,2,29,6,1560,2,15,FORD FIESTA,2,E01009171,0,2
2024041408504,2024,041408504,1,9,0,-1,19,1,5,-1,0,0,0,0,0,0,4,1,-1,9,1,26,6,1499,2,5,FORD FIESTA,7,E01025417,0,1
2024440044354,2024,440044354,1,9,0,18,19,2,6,0,0,0,5,0,4,0,1,1,6,6,1,25,5,1388,1,20,FORD FIESTA,4,E01035252,0,4
2024610057224,2024,610057224,1,9,0,9,9,4,2,0,0,1,0,0,0,0,2,1,6,6,1,27,6,998,1,3,FORD FIESTA,4,W01001433,0,2
2024421447116,2024,421447116,1,9,0,-1,19,6,2,-1,0,0,0,0,0,0,1,9,-1,6,1,-1,-1,1399,2,13,FORD FIESTA,-1,-1,0,-1
2024340WN0152,2024,340WN0152,2,9,0,-1,19,8,4,-1,0,0,0,0,1,0,1,1,-1,1,1,58,9,-1,-1,-1,FORD FIESTA,1,E01008037,0,5
2024320442603,2024,320442603,1,9,0,-1,-1,7,3,0,0,1,0,0,0,0,1,1,6,6,1,29,6,1388,1,14,FORD FIESTA,1,E01026173,0,1
2024311498260,2024,311498260,1,9,0,-1,19,4,8,-1,0,0,2,0,1,0,3,1,-1,9,1,22,5,1242,1,16,FORD FIESTA,3,E01025992,0,4
2024520401584,2024,520401584,1,9,0,9,9,4,2,0,0,2,0,0,0,0,4,1,6,6,1,20,4,1242,1,17,FORD FIESTA,2,E01029105,0,1
2024411482274,2024,411482274,2,9,0,-1,10,5,3,-1,0,1,0,0,0,0,2,1,-1,6,1,81,11,1499,2,10,FORD FIESTA,6,E01023409,0,1
2024471474493,2024,471474493,1,19,0,-1,2,0,0,-1,9,0,0,0,0,0,2,9,-1,6,3,-1,-1,1499,2,11,FORD FIESTA,-1,-1,0,-1
2024471490551,2024,471490551,1,9,0,-1,19,1,5,-1,0,0,0,0,0,0,1,1,-1,9,1,25,5,998,1,2,FORD FIESTA,5,E01030531,0,2
2024052400078,2024,052400078,1,9,0,9,9,3,1,0,0,5,0,0,0,0,4,1,6,6,1,20,4,1560,2,15,FORD FIESTA,4,E01034405,0,3
2024461527972,2024,461527972,1,9,0,-1,3,7,3,-1,0,0,0,0,0,0,2,1,-1,2,2,39,7,999,1,1,FORD FIESTA,4,E01024162,0,1
2024010509025,2024,010509025,3,9,0,18,19,7,3,0,0,8,0,0,2,10,1,1,6,6,2,41,7,998,1,11,FORD FIESTA,2,E01034475,0,1
2024231503283,2024,231503283,1,9,0,-1,19,4,8,-1,0,0,0,0,1,11,1,1,-1,9,2,25,5,998,1,9,FORD FIESTA,1,E01009567,0,4
2024302400376,2024,302400376,1,9,0,17,19,6,3,0,0,0,2,0,7,11,3,1,6,6,1,18,4,1242,1,15,FORD FIESTA,4,E01005871,0,3
2024010539404,2024,010539404,2,9,0,9,9,9,9,99,99,5,9,99,9,99,9,9,6,6,3,-1,-1,1388,1,18,FORD FIESTA,-1,-1,0,-1
2024411414513,2024,411414513,1,9,0,-1,19,1,5,-1,0,1,0,10,3,0,1,1,-1,9,1,27,6,1242,1,15,FORD FIESTA,6,E01023970,0,1
2024061535661,2024,061535661,1,9,0,-1,9,1,3,-1,0,8,0,0,1,0,1,1,-1,9,1,26,6,998,1,9,FORD FIESTA,10,E01020222,0,5
2024401401630,2024,401401630,1,9,0,-1,4,1,5,-1,0,0,0,0,0,0,1,9,-1,6,2,28,6,999,1,3,FORD FIESTA,9,E01035172,0,5
2024471494028,2024,471494028,2,9,0,-1,19,6,2,-1,0,1,0,0,0,0,3,1,-1,9,2,48,8,1242,1,7,FORD FIESTA,8,E01022955,0,3
2024421489909,2024,421489909,1,9,0,-1,19,1,3,-1,0,0,0,0,0,0,1,1,-1,6,1,34,6,1084,1,6,FORD FIESTA,2,E01021322,0,1
2024010542348,2024,010542348,4,9,0,3,3,7,3,0,0,1,0,4,0,0,2,1,6,6,1,22,5,1242,1,13,FORD FIESTA,2,E01001340,0,1
2024231527743,2024,231527743,2,9,0,-1,4,3,7,-1,0,0,0,0,0,0,2,1,-1,6,1,70,10,1388,1,17,FORD FIESTA,8,E01031125,0,1
2024451526299,2024,451526299,1,9,0,-1,7,6,4,-1,0,5,0,0,0,0,4,1,-1,2,1,25,5,999,1,3,FORD FIESTA,10,E01030789,0,1
2024041497866,2024,041497866,2,9,0,-1,19,1,5,-1,0,2,0,0,0,0,3,1,-1,9,1,87,11,1388,1,17,FORD FIESTA,6,E01025593,0,1
2024361411968,2024,361411968,1,9,0,-1,4,7,1,-1,0,0,0,0,0,0,1,1,-1,1,1,27,6,1242,1,11,FORD FIESTA,5,E01026505,0,2
2024302401796,2024,302401796,1,9,0,9,9,3,1,0,0,8,0,0,0,0,4,1,2,2,2,62,9,1242,1,12,FORD FIESTA,5,E01013500,0,1
2024010504190,2024,010504190,2,9,0,99,99,9,9,99,99,9,9,99,9,99,9,9,6,6,3,-1,-1,1388,1,14,FORD FIESTA,-1,-1,0,-1
2024471410441,2024,471410441,1,9,0,-1,19,5,2,-1,0,5,1,10,1,1,1,1,-1,6,1,17,4,1388,1,18,FORD FIESTA,7,E01031535,0,2
2024302401450,2024,302401450,2,9,0,2,2,0,0,0,0,0,0,0,0,0,2,1,6,6,1,51,8,1596,1,22,FORD FIESTA,7,E01019408,0,1
2024041454624,2024,041454624,1,9,0,-1,19,3,4,-1,0,0,0,0,0,0,1,1,-1,9,2,27,6,1560,2,17,FORD FIESTA,4,E01025201,0,1
2024101499515,2024,101499515,1,9,0,-1,19,8,4,-1,0,0,0,0,0,0,1,1,-1,6,1,-1,-1,1242,1,7,FORD FIESTA,3,E01008240,0,1
2024440273350,2024,440273350,2,9,0,18,19,3,7,0,0,0,0,0,4,6,4,1,6,6,2,56,9,999,1,3,FORD FIESTA,10,E01000682,0,5
2024070333981,2024,070333981,1,9,0,18,19,5,1,0,0,8,0,9,3,1,1,1,6,6,1,80,11,998,1,6,FORD FIESTA,9,E01005809,0,3
2024991474489,2024,991474489,2,9,0,-1,4,3,7,-1,0,4,0,0,0,0,2,1,-1,1,2,46,8,1242,1,15,FORD FIESTA,2,-1,0,2
2024201451440,2024,201451440,1,9,0,-1,5,5,8,-1,0,0,0,0,0,0,3,1,-1,6,1,40,7,1388,1,18,FORD FIESTA,1,E01009079,0,1
2024610005424,2024,610005424,1,9,0,9,9,6,4,0,0,1,0,0,0,0,4,1,6,6,1,19,4,1242,1,15,FORD FIESTA,6,W01001680,0,1
2024052401681,2024,052401681,2,9,0,18,19,2,6,0,0,0,0,0,0,0,1,1,6,6,2,48,8,1560,2,13,FORD FIESTA,1,E01006505,0,1
2024131491305,2024,131491305,1,9,0,-1,4,6,2,-1,0,8,0,0,0,0,2,1,-1,6,1,72,10,998,1,5,FORD FIESTA,3,E01011249,0,3
2024471519658,2024,471519658,1,9,0,-1,19,1,5,-1,0,2,0,0,0,0,1,1,-1,9,2,83,11,998,1,9,FORD FIESTA,10,E01035348,0,4
2024451401458,2024,451401458,2,9,0,-1,4,5,1,-1,0,0,1,0,0,0,1,1,-1,9,1,52,8,1242,1,14,FORD FIESTA,1,W01001219,0,5
2024010530503,2024,010530503,1,9,9,3,3,3,7,0,0,4,9,99,9,99,9,9,6,6,1,20,4,998,1,11,FORD FIESTA,8,E01024442,0,3
2024461507715,2024,461507715,1,9,0,-1,19,2,6,-1,0,0,1,9,3,1,1,2,-1,6,2,52,8,1388,1,15,FORD FIESTA,2,E01024126,0,2
2024070493534,2024,070493534,2,9,0,18,19,7,3,0,0,8,0,0,0,0,1,1,6,6,2,23,5,1388,1,12,FORD FIESTA,2,E01012525,0,1
2024221449197,2024,221449197,2,9,0,-1,2,0,0,-1,0,8,0,0,0,0,4,1,-1,9,1,85,11,1242,1,16,FORD FIESTA,2,E01014074,0,1
2024201462391,2024,201462391,1,9,0,-1,19,4,8,-1,0,0,2,10,7,0,3,1,-1,2,1,24,5,1388,1,16,FORD FIESTA,1,E01010289,0,1
2024461523800,2024,461523800,2,9,0,-1,2,0,0,-1,0,0,0,0,0,0,2,1,-1,6,2,52,8,998,1,9,FORD FIESTA,4,E01024042,0,4
2024631522302,2024,631522302,1,9,0,-1,14,7,3,-1,0,1,0,0,0,0,1,1,-1,2,1,36,7,-1,-1,-1,FORD FIESTA,2,W01001803,0,4
2024231408591,2024,231408591,2,9,0,-1,9,3,1,-1,0,5,0,0,7,4,3,9,-1,6,2,19,4,1399,2,12,FORD FIESTA,5,E01031159,0,1
2024991410201,2024,991410201,2,9,0,-1,19,6,2,-1,0,0,1,10,0,0,0,1,-1,9,2,24,5,1242,1,17,FORD FIESTA,3,-1,0,1
2024991496351,2024,991496351,1,9,0,-1,19,5,1,-1,0,8,0,0,0,0,1,1,-1,2,1,31,6,1596,1,10,FORD FIESTA,5,-1,0,2
2024440400917,2024,440400917,1,9,0,18,19,1,5,0,0,1,0,0,0,0,1,1,6,6,1,50,8,1560,2,13,FORD FIESTA,3,E01022681,0,1
2024052402209,2024,052402209,2,9,0,9,9,7,5,0,0,8,0,0,0,0,1,1,6,6,1,19,4,998,1,5,FORD FIESTA,10,E01012461,0,2
2024991456131,2024,991456131,2,9,0,-1,19,1,5,-1,0,1,0,0,0,0,1,1,-1,9,2,60,9,1242,1,12,FORD FIESTA,2,-1,0,1
2024061426929,2024,061426929,2,9,0,-1,19,1,5,-1,-1,0,0,0,0,0,1,1,-1,6,1,30,6,1499,2,10,FORD FIESTA,-1,-1,0,-1
2024540640024,2024,540640024,1,9,0,18,19,8,4,0,0,0,0,0,0,0,1,1,1,1,1,30,6,-1,-1,-1,FORD FIESTA,5,E01015480,0,1
2024440420804,2024,440420804,1,9,0,9,9,8,6,0,0,8,0,0,0,0,4,1,6,6,1,20,4,1499,2,11,FORD FIESTA,8,E01022525,0,1
2024131474735,2024,131474735,1,9,0,-1,19,1,5,-1,0,0,0,0,0,0,1,1,-1,9,2,18,4,998,1,6,FORD FIESTA,9,E01011311,0,2
2024041456405,2024,041456405,1,9,0,-1,5,7,5,-1,0,8,0,0,0,0,1,1,-1,9,2,89,11,1242,1,18,FORD FIESTA,2,E01025245,0,1
2024061437319,2024,061437319,2,9,0,-1,4,-1,-1,-1,2,0,0,0,0,0,4,1,-1,6,3,-1,-1,1242,1,7,FORD FIESTA,-1,-1,0,-1
2024201480219,2024,201480219,2,9,0,-1,19,5,1,-1,0,8,0,0,0,0,3,1,-1,6,2,25,5,998,1,11,FORD FIESTA,10,E01032271,0,4
2024461406885,2024,461406885,1,9,0,-1,14,5,1,-1,0,0,0,4,0,0,4,1,-1,6,2,41,7,998,1,9,FORD FIESTA,6,E01024406,0,2
2024221475033,2024,221475033,3,9,0,-1,2,0,0,-1,0,2,0,0,0,0,3,1,-1,6,2,34,6,1499,2,7,FORD FIESTA,2,W01001496,0,4
2024010513472,2024,010513472,1,9,0,99,99,9,9,99,99,9,9,99,9,99,2,9,6,6,1,20,4,998,1,6,FORD FIESTA,2,E01035709,0,1
2024041478023,2024,041478023,2,9,0,-1,4,5,1,-1,0,0,0,0,1,0,2,1,-1,9,2,82,11,1242,1,20,FORD FIESTA,7,E01012554,0,4
2024991479837,2024,991479837,2,9,0,-1,19,7,3,-1,0,2,2,0,0,0,1,1,-1,6,1,20,4,998,1,1,FORD FIESTA,2,-1,0,4
2024061440920,2024,061440920,2,9,0,-1,9,5,1,-1,0,0,0,0,0,0,3,1,-1,1,2,27,6,999,1,4,FORD FIESTA,9,E01005645,0,1
2024201499785,2024,201499785,2,9,0,-1,19,2,6,-1,0,1,0,0,0,0,2,1,-1,6,2,72,10,998,1,9,FORD FIESTA,5,E01009032,0,1
2024501444815,2024,501444815,2,9,0,-1,19,5,1,-1,0,1,0,0,0,0,1,1,-1,9,1,77,11,1399,2,13,FORD FIESTA,4,E01020149,0,2
2024421443280,2024,421443280,2,9,0,-1,19,3,7,-1,0,8,0,0,7,0,1,1,-1,2,1,18,4,1242,1,14,FORD FIESTA,6,E01021980,0,1
2024101472593,2024,101472593,1,9,0,-1,19,3,7,-1,0,1,0,4,7,0,1,1,-1,6,1,23,5,1299,1,21,FORD FIESTA,-1,-1,0,-1
2024351445049,2024,351445049,2,9,0,-1,19,1,3,-1,0,3,0,0,0,0,1,1,-1,6,1,42,7,1596,1,11,FORD FIESTA,3,E01018081,0,4
2024010544069,2024,010544069,2,9,0,99,99,9,9,99,99,9,9,99,9,99,9,9,6,6,3,-1,-1,1496,1,4,FORD FIESTA,-1,-1,0,-1
2024522403015,2024,522403015,2,9,0,4,4,3,5,0,0,1,0,0,1,10,2,1,6,6,1,51,8,998,1,11,FORD FIESTA,-1,-1,0,-1
2024010513919,2024,010513919,2,9,0,5,5,3,7,8,6,2,1,4,0,0,3,1,6,6,2,28,6,998,1,11,FORD FIESTA,5,E01004501,0,1
2024501468056,2024,501468056,1,9,0,-1,19,7,3,-1,0,0,0,0,0,0,3,1,-1,6,2,74,10,1596,1,15,FORD FIESTA,1,E01015023,0,1
2024411501366,2024,411501366,1,9,0,-1,2,5,1,-1,0,1,1,0,6,10,2,1,-1,6,2,61,9,1596,1,8,FORD FIESTA,9,E01023316,0,1
2024411477358,2024,411477358,2,9,-1,-1,-1,-1,-1,-1,-1,0,-1,-1,-1,0,-1,9,-1,6,2,53,8,999,1,4,FORD FIESTA,8,E01001470,0,2
2024451408390,2024,451408390,2,9,0,-1,19,7,3,-1,0,0,2,0,1,0,1,1,-1,9,1,19,4,1242,1,15,FORD FIESTA,10,E01030504,0,1
2024131497098,2024,131497098,2,9,0,-1,4,2,6,-1,0,2,0,0,0,0,3,1,-1,9,1,48,8,1242,1,10,FORD FIESTA,1,E01011371,0,1
2024221498512,2024,221498512,2,9,0,-1,19,6,2,-1,0,8,0,0,0,0,1,9,-1,9,2,18,4,1242,1,11,FORD FIESTA,8,E01028951,0,1
2024041534325,2024,041534325,2,9,0,-1,19,3,7,-1,0,1,0,0,0,0,1,1,-1,2,1,18,4,1242,1,16,FORD FIESTA,1,E01012746,0,1
2024031439265,2024,031439265,1,9,0,-1,19,5,8,-1,0,0,5,0,0,0,3,9,-1,6,1,26,6,1399,2,17,FORD FIESTA,8,E01034078,0,1
2024332400446,2024,332400446,1,9,0,-1,9,1,7,-1,2,6,0,0,0,0,1,1,-1,6,1,67,10,1496,1,1,FORD FIESTA,6,E01013785,0,1
2024061422768,2024,061422768,1,9,0,-1,19,5,1,-1,0,8,0,0,0,0,1,1,-1,6,2,23,5,998,1,11,FORD FIESTA,2,E01006944,0,4
2024451430476,2024,451430476,1,9,0,-1,9,2,1,-1,0,0,0,0,0,0,1,1,-1,9,2,17,4,998,1,10,FORD FIESTA,9,E01030802,0,1
2024451474875,2024,451474875,3,9,0,-1,19,5,1,-1,0,0,0,0,0,0,1,1,-1,9,2,39,7,1242,1,9,FORD FIESTA,10,E01030773,0,1
2024311512079,2024,311512079,1,9,0,-1,19,2,6,-1,0,8,0,0,0,0,3,1,-1,6,1,17,4,998,1,1,FORD FIESTA,7,E01013902,0,1
2024520401515,2024,520401515,1,9,0,18,19,3,5,0,0,8,2,9,1,9,1,1,6,6,1,18,4,1388,1,20,FORD FIESTA,5,E01029125,0,1
2024451508235,2024,451508235,3,9,0,-1,3,5,1,-1,0,2,0,0,0,0,1,1,-1,6,1,30,6,1242,1,8,FORD FIESTA,-1,-1,0,-1
2024501498770,2024,501498770,2,9,0,-1,4,3,7,-1,0,0,0,0,0,0,2,1,-1,6,2,47,8,1242,1,10,FORD FIESTA,8,E01033232,0,1
2024421508256,2024,421508256,2,9,0,-1,19,2,6,-1,0,0,0,0,0,0,1,1,-1,9,2,19,4,1242,1,16,FORD FIESTA,6,E01021344,0,1
2024141405742,2024,141405742,1,9,0,-1,19,7,3,-1,0,1,0,0,0,0,1,1,-1,9,1,21,5,1242,1,16,FORD FIESTA,5,E01027123,0,5
2024461464256,2024,461464256,1,9,0,-1,9,2,4,-1,9,1,0,0,1,10,4,1,-1,6,1,23,5,998,1,10,FORD FIESTA,4,E01024293,0,2
2024461453256,2024,461453256,2,9,0,-1,3,7,3,-1,0,1,0,0,0,0,2,1,-1,9,1,24,5,1388,1,15,FORD FIESTA,5,E01024532,0,2
2024461426449,2024,461426449,1,9,0,-1,19,4,3,-1,0,2,0,0,0,0,1,9,-1,6,2,43,7,1084,1,6,FORD FIESTA,3,E01024669,0,2
202454E197924,2024,54E197924,1,9,0,12,12,3,7,0,0,0,0,0,0,0,1,1,6,6,2,35,6,1242,1,15,FORD FIESTA,5,E01022227,0,4
2024501446625,2024,501446625,1,9,0,-1,19,5,1,-1,0,0,0,0,0,0,1,1,-1,9,2,24,5,1596,1,12,FORD FIESTA,3,E01015204,0,4
2024320721864,2024,320721864,1,9,0,9,9,4,3,0,0,8,0,0,0,0,1,1,-1,-1,1,18,4,1242,1,14,FORD FIESTA,-1,-1,0,-1
2024520500293,2024,520500293,1,9,0,18,19,3,7,0,0,1,0,0,0,0,4,1,6,6,1,17,4,1242,1,15,FORD FIESTA,4,E01029134,0,1
2024991424968,2024,991424968,1,9,0,-1,19,5,1,-1,0,0,0,0,0,0,4,1,-1,9,2,77,11,999,1,3,FORD FIESTA,4,-1,0,1
2024141504717,2024,141504717,1,9,0,-1,19,5,1,-1,0,1,0,0,0,0,1,1,-1,9,2,20,4,1242,1,18,FORD FIESTA,6,E01028050,0,2
2024041471819,2024,041471819,1,9,0,-1,19,2,6,-1,0,0,2,0,2,11,1,1,-1,9,1,17,4,-1,-1,-1,FORD FIESTA,8,E01025109,0,2
2024302401399,2024,302401399,1,9,0,9,9,2,8,0,0,1,0,0,0,0,0,1,6,6,1,20,4,1560,2,15,FORD FIESTA,9,E01013488,0,1
2024221415278,2024,221415278,1,9,0,-1,4,3,7,-1,0,8,1,10,1,0,1,9,-1,6,1,29,6,1560,2,14,FORD FIESTA,4,E01014003,0,4
2024010543395,2024,010543395,2,9,0,99,99,9,9,99,99,9,9,99,9,99,2,9,6,6,3,-1,-1,999,1,3,FORD FIESTA,-1,-1,0,-1
2024201426185,2024,201426185,3,9,0,-1,2,0,0,-1,0,0,0,0,0,0,2,1,-1,6,-1,-1,-1,1242,1,12,FORD FIESTA,-1,-1,0,-1
2024461513261,2024,461513261,1,9,0,-1,19,7,3,-1,0,8,0,0,0,0,1,1,-1,1,1,22,5,1596,1,17,FORD FIESTA,4,E01016143,0,1
2024371508689,2024,371508689,1,9,0,-1,19,2,6,-1,0,0,0,4,1,0,4,1,-1,9,1,52,8,998,1,5,FORD FIESTA,1,E01029980,0,1
2024070703723,2024,070703723,2,9,0,-1,19,3,7,-1,0,0,0,0,0,0,1,1,-1,2,1,24,5,998,1,7,FORD FIESTA,4,E01007231,0,4
2024421424892,2024,421424892,2,9,0,-1,3,5,1,-1,0,0,0,0,0,0,2,1,-1,6,2,18,4,1084,1,4,FORD FIESTA,6,E01021551,0,2
2024010552164,2024,010552164,2,9,0,99,99,9,9,99,99,9,9,99,9,99,1,9,6,6,1,46,8,1242,1,8,FORD FIESTA,4,E01003626,0,1
2024201457733,2024,201457733,2,9,0,-1,19,7,3,-1,0,8,0,0,0,0,4,9,-1,6,1,36,7,1242,1,12,FORD FIESTA,4,E01009767,0,1
2024211438369,2024,211438369,2,9,0,-1,14,4,8,-1,0,0,1,0,0,0,1,1,-1,6,1,20,4,998,1,10,FORD FIESTA,-1,-1,0,-1