collision_index,collision_year,collision_ref_no,vehicle_reference,vehicle_type,towing_and_articulation,vehicle_manoeuvre_historic,vehicle_manoeuvre,vehicle_direction_from,vehicle_direction_to,vehicle_location_restricted_lane_historic,vehicle_location_restricted_lane,junction_location,skidding_and_overturning,hit_object_in_carriageway,vehicle_leaving_carriageway,hit_object_off_carriageway,first_point_of_impact,vehicle_left_hand_drive,journey_purpose_of_driver_historic,journey_purpose_of_driver,sex_of_driver,age_of_driver,age_band_of_driver,engine_capacity_cc,propulsion_code,age_of_vehicle,generic_make_model,driver_imd_decile,lsoa_of_driver,escooter_flag,driver_distance_banding
2024131481139,2024,131481139,1,9,0,-1,19,7,3,-1,0,8,0,0,0,0,1,1,-1,9,1,38,7,998,1,8,FORD FIESTA,5,E01011830,0,3
2024522500294,2024,522500294,1,9,0,18,19,7,3,0,0,1,0,0,0,0,3,1,6,6,1,24,5,998,1,8,FORD FIESTA,5,E01014524,0,1
2024461530361,2024,461530361,2,9,0,-1,19,2,4,-1,0,8,1,0,0,0,1,1,-1,6,1,20,4,998,1,6,FORD FIESTA,2,E01024627,0,3
2024471463384,2024,471463384,2,9,0,-1,19,7,-1,-1,0,1,0,0,0,0,3,1,-1,6,3,-1,-1,-1,-1,-1,FORD FIESTA,-1,-1,0,-1
2024421464217,2024,421464217,1,9,0,-1,19,5,3,-1,0,0,1,0,0,0,4,1,-1,2,1,25,5,1388,1,16,FORD FIESTA,8,E01021740,0,2
2024010504399,2024,010504399,2,9,0,18,19,1,5,0,0,0,0,7,0,0,1,1,6,6,1,18,4,998,1,10,FORD FIESTA,3,E01033705,0,1
2024610047424,2024,610047424,1,9,0,3,3,2,6,0,0,1,0,0,0,0,2,1,6,6,2,45,7,1242,1,11,FORD FIESTA,9,W01001913,0,1
2024371443647,2024,371443647,1,9,0,-1,19,5,1,-1,0,1,0,0,0,0,1,1,-1,6,2,37,7,998,1,10,FORD FIESTA,7,E01033720,0,4
2024221452526,2024,221452526,3,9,0,-1,4,7,3,-1,0,0,0,0,0,0,2,1,-1,6,2,21,5,998,1,9,FORD FIESTA,6,E01014171,0,1
2024440282981,2024,440282981,3,9,0,18,19,1,5,0,0,1,0,0,0,0,1,1,6,6,2,49,8,1399,2,20,FORD FIESTA,-1,-1,0,-1
2024471421753,2024,471421753,1,9,0,-1,19,5,1,-1,0,0,1,10,1,4,1,1,-1,9,1,17,4,1242,1,17,FORD FIESTA,8,E01021181,0,1
2024991500838,2024,991500838,2,9,0,-1,19,4,8,-1,0,0,0,0,0,0,2,1,-1,6,2,28,6,1596,1,10,FORD FIESTA,-1,-1,0,-1
2024361418242,2024,361418242,1,9,0,-1,7,4,6,-1,0,4,0,0,0,0,4,1,-1,6,2,22,5,998,1,5,FORD FIESTA,5,E01021492,0,5
2024231534310,2024,231534310,3,9,0,-1,8,1,2,-1,0,1,0,0,0,0,1,1,-1,6,2,39,7,1388,1,17,FORD FIESTA,1,E01009718,0,1
2024411524644,2024,411524644,1,9,0,-1,19,7,3,-1,0,0,0,0,0,0,2,1,-1,6,2,32,6,1242,1,17,FORD FIESTA,3,E01035605,0,3
2024221447137,2024,221447137,2,9,0,-1,19,4,8,-1,0,0,0,0,0,0,3,9,-1,6,1,65,9,998,1,9,FORD FIESTA,6,W01000501,0,4
2024061518741,2024,061518741,4,9,0,-1,19,1,1,-1,0,0,0,0,0,0,2,1,-1,2,1,41,7,998,1,6,FORD FIESTA,2,E01005553,0,3
2024430524045,2024,430524045,2,9,0,18,19,7,3,0,0,0,2,0,0,0,3,1,6,6,1,90,11,1242,1,14,FORD FIESTA,7,E01028639,0,2
2024131462395,2024,131462395,2,9,0,-1,19,1,5,-1,0,0,0,0,0,0,1,1,-1,9,2,29,6,1242,1,17,FORD FIESTA,2,E01010942,0,1
2024471441893,2024,471441893,2,9,0,-1,19,8,4,-1,0,0,0,0,0,0,1,1,-1,6,2,23,5,1388,1,14,FORD FIESTA,9,E01031662,0,4
2024061478229,2024,061478229,2,9,-1,-1,-1,-1,-1,-1,-1,0,-1,-1,-1,0,-1,9,-1,6,1,-1,-1,1399,2,13,FORD FIESTA,3,E01012691,0,4
2024101534910,2024,101534910,3,9,0,-1,3,1,5,-1,0,0,0,0,0,0,2,1,-1,9,1,49,8,999,1,4,FORD FIESTA,5,E01034508,0,4
2024520500213,2024,520500213,1,9,0,18,19,5,1,0,0,1,0,0,0,0,9,1,6,6,2,44,7,1388,1,21,FORD FIESTA,9,E01029205,0,1
2024461477598,2024,461477598,2,9,0,-1,19,5,1,-1,0,8,0,0,0,0,4,9,-1,9,1,27,6,1242,1,13,FORD FIESTA,3,E01016154,0,1
2024101444729,2024,101444729,1,9,0,-1,9,5,3,-1,0,8,0,0,0,0,1,1,-1,9,1,28,6,1388,1,15,FORD FIESTA,8,E01008372,0,1
2024201448459,2024,201448459,2,9,0,-1,2,0,0,-1,0,0,0,4,0,0,2,1,-1,6,2,71,10,1596,1,10,FORD FIESTA,8,E01008949,0,1
2024430468783,2024,430468783,1,9,0,9,9,2,8,0,0,2,0,0,1,1,4,1,6,6,2,31,6,1388,1,14,FORD FIESTA,8,E01028741,0,3
2024010524344,2024,010524344,2,9,0,99,99,9,9,99,99,9,9,99,9,99,9,9,6,6,3,-1,-1,1242,1,16,FORD FIESTA,-1,-1,0,-1
2024461476905,2024,461476905,2,9,0,-1,19,5,1,-1,0,2,0,0,0,0,1,1,-1,9,1,21,5,1388,1,18,FORD FIESTA,4,E01016097,0,2
2024211417853,2024,211417853,1,9,4,-1,19,6,2,-1,0,0,0,0,7,0,3,1,-1,1,2,36,7,998,1,9,FORD FIESTA,1,E01034311,0,1
2024421520764,2024,421520764,1,9,0,-1,19,5,1,-1,0,3,0,0,0,0,1,1,-1,9,2,27,6,1499,2,10,FORD FIESTA,7,E01021350,0,1
2024622400443,2024,622400443,2,9,0,18,19,5,1,0,0,8,0,0,1,0,1,1,6,6,1,45,7,998,1,7,FORD FIESTA,9,W01001053,0,1
2024421496903,2024,421496903,1,9,0,-1,7,5,6,-1,0,1,0,0,3,0,3,1,-1,9,1,32,6,999,1,4,FORD FIESTA,5,E01021443,0,1
2024031507208,2024,031507208,1,9,0,-1,7,3,5,-1,-1,6,0,0,0,0,3,1,-1,6,1,25,5,998,1,6,FORD FIESTA,3,E01019161,0,1
2024622400280,2024,622400280,1,9,0,18,19,2,6,0,0,0,0,0,0,0,1,1,6,6,2,31,6,1242,1,18,FORD FIESTA,4,W01001165,0,1
2024041451133,2024,041451133,3,9,0,-1,2,0,0,-1,0,1,0,0,1,0,1,1,-1,6,-1,-1,-1,1242,1,10,FORD FIESTA,-1,-1,0,-1
2024332401252,2024,332401252,1,9,0,-1,19,3,7,-1,0,0,0,0,0,0,1,1,-1,9,2,49,8,998,1,12,FORD FIESTA,9,E01025979,0,1
2024131416190,2024,131416190,1,9,0,-1,19,5,1,-1,0,0,0,0,0,0,4,1,-1,6,3,-1,-1,998,1,7,FORD FIESTA,-1,-1,0,-1
2024211429019,2024,211429019,2,9,0,-1,19,3,7,-1,0,0,0,0,0,0,1,1,-1,6,2,23,5,998,1,8,FORD FIESTA,-1,-1,0,-1
2024991476685,2024,991476685,2,9,0,-1,19,1,5,-1,0,1,0,0,0,0,3,1,-1,9,2,18,4,998,1,9,FORD FIESTA,3,-1,0,3
2024421508256,2024,421508256,1,9,0,-1,19,2,6,-1,0,0,0,0,0,0,2,1,-1,9,2,80,11,998,1,4,FORD FIESTA,6,E01021344,0,1
2024231454829,2024,231454829,1,9,0,-1,7,7,1,-1,0,6,0,0,0,0,0,9,-1,6,2,47,8,998,1,10,FORD FIESTA,2,E01020911,0,5
2024052401514,2024,052401514,1,9,0,9,9,7,5,0,0,8,0,0,0,0,1,1,6,6,2,73,10,1242,1,11,FORD FIESTA,1,E01006613,0,1
2024622400082,2024,622400082,1,9,0,18,19,4,8,0,0,0,0,0,0,0,1,1,6,6,1,43,7,1560,2,18,FORD FIESTA,1,W01001173,0,1
2024991439916,2024,991439916,1,9,0,-1,9,5,3,-1,0,1,1,0,0,0,1,1,-1,9,1,48,8,1560,2,15,FORD FIESTA,2,-1,0,4
2024471476579,2024,471476579,2,9,0,-1,19,1,5,-1,0,2,1,0,0,0,4,1,-1,6,1,77,11,1242,1,22,FORD FIESTA,5,E01031827,0,1
2024440058355,2024,440058355,2,9,0,18,19,3,7,0,0,4,0,0,0,0,4,1,6,6,1,22,5,998,1,6,FORD FIESTA,10,E01022869,0,2
2024010533523,2024,010533523,1,9,0,99,99,9,9,99,99,2,9,99,9,99,9,9,6,6,1,23,5,998,1,6,FORD FIESTA,2,E01033937,0,1
2024430016916,2024,430016916,1,9,0,6,6,1,1,0,0,1,0,0,7,3,4,1,6,6,2,47,8,1388,1,19,FORD FIESTA,4,E01016518,0,2
2024070849945,2024,070849945,2,9,0,-1,19,1,1,-1,0,0,0,0,0,0,3,1,-1,6,1,20,4,1242,1,11,FORD FIESTA,8,E01018510,0,1
2024122401059,2024,122401059,1,9,0,16,19,1,5,0,0,1,1,0,0,0,1,1,6,6,1,19,4,1242,1,11,FORD FIESTA,4,E01010159,0,5
2024010547267,2024,010547267,2,9,9,99,99,9,9,99,99,9,9,99,9,99,9,9,6,6,3,-1,-1,1242,1,16,FORD FIESTA,-1,-1,0,-1
2024111411842,2024,111411842,2,9,0,-1,3,5,1,-1,0,1,0,0,0,0,2,1,-1,2,1,53,8,1499,2,9,FORD FIESTA,6,E01020685,0,3
2024451455469,2024,451455469,2,9,0,-1,7,7,3,-1,0,0,0,0,0,0,2,1,-1,9,1,43,7,1388,1,14,FORD FIESTA,8,E01002993,0,2
2024552400669,2024,552400669,2,9,0,18,19,2,6,0,0,8,0,0,0,0,4,1,6,6,2,18,4,1299,1,23,FORD FIESTA,9,E01033156,0,1
2024451425682,2024,451425682,1,9,0,-1,19,7,3,-1,0,2,0,0,0,0,1,1,-1,2,2,68,10,999,1,3,FORD FIESTA,9,E01030477,0,1
2024101523645,2024,101523645,1,9,-1,-1,19,5,3,-1,0,0,0,0,0,0,4,9,-1,9,1,26,6,998,1,5,FORD FIESTA,9,E01027509,0,3
2024421406970,2024,421406970,1,9,0,-1,15,3,7,-1,0,8,0,0,0,0,1,1,-1,6,1,19,4,1242,1,16,FORD FIESTA,5,E01021489,0,1
2024440064803,2024,440064803,2,9,0,18,19,7,3,0,0,8,1,0,7,1,4,1,6,6,2,81,11,1596,1,17,FORD FIESTA,3,E01017346,0,3
2024332400755,2024,332400755,1,9,0,-1,19,6,2,-1,0,0,0,0,4,6,1,1,-1,9,2,32,6,1388,1,15,FORD FIESTA,5,E01009582,0,3
2024421422105,2024,421422105,1,9,0,-1,3,1,1,-1,0,0,0,0,0,0,2,9,-1,1,2,34,6,998,1,1,FORD FIESTA,9,E01021285,0,2
2024440384329,2024,440384329,1,9,0,14,14,5,1,0,0,0,0,0,0,0,4,1,6,6,1,25,5,1084,1,6,FORD FIESTA,7,E01023165,0,1
2024201438176,2024,201438176,2,9,0,-1,19,7,3,-1,0,8,0,7,4,0,3,1,-1,9,2,27,6,1242,1,17,FORD FIESTA,2,E01009317,0,1
2024552400987,2024,552400987,1,9,0,18,19,8,4,0,0,1,0,0,0,0,1,1,6,6,1,17,4,1499,2,11,FORD FIESTA,7,E01015414,0,2
2024061502737,2024,061502737,3,9,0,-1,19,7,3,-1,0,0,0,0,0,0,1,1,-1,9,1,28,6,1499,2,9,FORD FIESTA,4,E01033664,0,3
2024010540917,2024,010540917,2,9,9,18,19,3,7,0,0,1,9,99,9,99,1,1,6,6,3,-1,-1,1560,2,15,FORD FIESTA,-1,-1,0,-1
2024031515630,2024,031515630,1,9,0,-1,19,7,3,-1,0,0,1,0,7,0,1,1,-1,9,1,20,4,998,1,5,FORD FIESTA,3,E01019081,0,1
2024991521649,2024,991521649,2,9,0,-1,19,8,4,-1,0,0,0,0,0,0,1,1,-1,9,2,18,4,1242,1,13,FORD FIESTA,4,-1,0,1
2024520402406,2024,520402406,1,9,0,4,4,8,2,0,0,4,0,0,0,0,2,1,6,6,2,17,4,1242,1,14,FORD FIESTA,5,E01029261,0,1
2024010526267,2024,010526267,1,9,0,2,2,0,0,9,9,0,0,0,0,0,4,1,6,6,3,-1,-1,998,1,8,FORD FIESTA,-1,-1,0,-1
2024991507703,2024,991507703,1,9,0,-1,9,7,6,-1,0,1,0,0,0,0,4,1,-1,9,1,54,8,999,1,1,FORD FIESTA,3,-1,0,2
2024061408456,2024,061408456,1,9,0,-1,2,0,0,-1,0,2,0,0,0,0,3,1,-1,6,1,25,5,1388,1,14,FORD FIESTA,1,E01024885,0,4
2024041453070,2024,041453070,1,9,0,-1,4,2,6,-1,0,0,0,0,0,0,1,1,-1,6,1,76,11,998,1,2,FORD FIESTA,2,E01012623,0,1
2024522402881,2024,522402881,1,9,0,18,19,5,1,0,0,8,0,0,0,0,1,1,6,6,2,65,9,998,1,9,FORD FIESTA,1,E01014608,0,1
2024351421827,2024,351421827,1,9,0,-1,19,5,1,-1,0,0,0,0,0,0,4,1,-1,9,1,74,10,999,1,4,FORD FIESTA,10,E01026300,0,3
2024501513872,2024,501513872,2,9,9,-1,19,8,4,-1,0,1,0,0,0,0,1,1,-1,6,1,20,4,1242,1,9,FORD FIESTA,7,W01001722,0,4
2024052402193,2024,052402193,1,9,0,7,7,1,5,0,0,1,0,0,0,0,1,1,6,6,2,50,8,1242,1,11,FORD FIESTA,4,E01012469,0,1
2024421403071,2024,421403071,2,9,0,-1,8,3,7,-1,0,0,0,0,0,0,4,9,-1,9,2,23,5,1242,1,11,FORD FIESTA,3,E01015988,0,2
2024531398168,2024,531398168,1,9,0,-1,19,3,7,-1,0,0,1,0,8,4,1,2,-1,9,1,17,4,1242,1,17,FORD FIESTA,7,E01022398,0,2
2024010507045,2024,010507045,1,9,9,3,3,3,7,99,99,0,9,99,9,99,9,9,6,6,2,50,8,1596,1,13,FORD FIESTA,4,E01004182,0,1
2024631459181,2024,631459181,1,9,0,-1,19,2,5,-1,0,0,5,0,0,0,3,1,-1,9,1,27,6,-1,-1,-1,FORD FIESTA,5,W01000513,0,1
2024610056924,2024,610056924,1,9,0,18,19,5,1,0,0,8,1,0,1,5,4,1,6,6,1,20,4,999,1,4,FORD FIESTA,3,W01001388,0,2
2024221466493,2024,221466493,2,9,0,-1,7,6,1,-1,0,4,0,0,0,0,1,1,-1,2,1,20,4,1499,2,11,FORD FIESTA,5,E01035075,0,1
2024411516212,2024,411516212,2,9,0,-1,2,0,0,-1,0,0,0,0,0,0,3,1,-1,6,-1,-1,-1,998,1,2,FORD FIESTA,-1,-1,0,-1
2024010524935,2024,010524935,1,9,0,99,99,9,9,99,99,9,9,99,9,99,9,9,6,6,1,19,4,998,1,10,FORD FIESTA,7,E01000734,0,1
2024302401120,2024,302401120,2,9,0,12,12,7,1,0,0,2,0,0,0,0,1,1,6,6,2,23,5,1242,1,10,FORD FIESTA,8,E01019486,0,2
2024052401562,2024,052401562,2,9,0,18,19,1,5,0,0,0,0,0,0,0,1,1,6,6,2,83,11,1242,1,18,FORD FIESTA,2,E01006869,0,1
2024522401990,2024,522401990,2,9,0,18,19,2,6,0,0,0,0,0,0,0,1,1,6,6,3,-1,-1,1242,1,8,FORD FIESTA,-1,-1,0,-1
2024221474992,2024,221474992,1,9,0,-1,9,7,5,-1,0,6,0,0,0,0,1,9,-1,6,2,23,5,1388,1,16,FORD FIESTA,8,E01014112,0,2
2024122400525,2024,122400525,1,9,0,18,19,5,1,0,0,0,1,0,1,9,1,1,6,6,1,34,6,998,1,7,FORD FIESTA,4,E01013390,0,2
2024991483235,2024,991483235,1,9,0,-1,19,7,2,-1,0,0,1,0,0,0,1,1,-1,6,1,49,8,1560,2,15,FORD FIESTA,1,-1,0,1
2024141405386,2024,141405386,2,9,0,-1,19,3,7,-1,0,2,0,0,0,0,3,1,-1,6,1,23,5,1388,1,17,FORD FIESTA,-1,-1,0,-1
2024440450915,2024,440450915,1,9,0,5,5,2,6,0,0,1,0,0,0,0,1,1,2,2,1,36,7,1388,1,15,FORD FIESTA,5,E01017159,0,1
2024371474979,2024,371474979,1,9,0,-1,9,5,2,-1,0,2,1,0,0,0,1,1,-1,6,2,64,9,998,1,6,FORD FIESTA,10,E01030195,0,1
2024610042924,2024,610042924,1,9,0,9,9,5,3,0,0,8,0,0,0,0,1,1,6,6,2,83,11,1242,1,7,FORD FIESTA,4,W01001401,0,1
2024052402176,2024,052402176,1,9,0,18,19,1,5,0,0,1,5,4,0,0,1,1,6,6,2,73,10,1242,1,9,FORD FIESTA,3,E01007236,0,1
2024061410486,2024,061410486,3,9,-1,-1,-1,-1,-1,-1,-1,0,-1,-1,-1,0,-1,9,-1,6,1,24,5,1242,1,12,FORD FIESTA,-1,-1,0,-1
2024041408469,2024,041408469,1,9,0,-1,19,7,3,-1,0,0,0,11,0,0,4,1,-1,9,1,27,6,1399,2,15,FORD FIESTA,2,E01007504,0,5
2024631457109,2024,631457109,1,9,0,-1,19,6,2,-1,0,0,5,0,1,10,1,1,-1,9,2,20,4,1560,2,16,FORD FIESTA,5,W01000528,0,2
2024610030324,2024,610030324,2,9,0,18,19,7,3,0,0,8,0,0,0,0,1,1,2,2,1,19,4,1242,1,12,FORD FIESTA,1,W01001326,0,1
2024991442398,2024,991442398,1,9,0,-1,19,6,2,-1,0,1,5,0,1,9,1,1,-1,6,1,21,5,1496,1,5,FORD FIESTA,8,-1,0,3
2024430310905,2024,430310905,2,9,0,18,19,4,8,0,0,0,0,0,0,0,3,1,6,6,2,28,6,998,1,10,FORD FIESTA,10,E01030804,0,1
2024461482852,2024,461482852,1,9,0,-1,19,6,2,-1,0,0,5,4,0,0,4,1,-1,9,1,22,5,1499,2,9,FORD FIESTA,2,E01024646,0,3
2024201478466,2024,201478466,4,9,0,-1,-1,1,6,-1,-1,2,0,0,0,0,1,1,-1,-1,1,32,6,998,1,5,FORD FIESTA,4,E01009138,0,1
2024421426417,2024,421426417,2,8,0,-1,4,6,4,-1,0,2,0,0,0,0,2,1,-1,9,1,24,5,998,1,8,FORD FIESTA,7,E01021966,0,1
2024421454691,2024,421454691,2,9,0,-1,8,1,3,-1,0,2,0,0,0,0,1,1,-1,9,2,32,6,998,1,6,FORD FIESTA,6,E01021394,0,1
2024201504916,2024,201504916,1,9,0,-1,19,1,5,-1,0,0,0,0,0,0,1,1,-1,6,1,70,10,1388,1,20,FORD FIESTA,4,E01029836,0,4
2024320529538,2024,320529538,1,9,0,4,4,2,6,0,0,0,0,0,0,0,2,1,6,6,1,-1,-1,998,1,1,FORD FIESTA,-1,-1,0,-1
2024411432545,2024,411432545,2,9,0,-1,5,1,5,-1,0,1,0,0,0,0,3,1,-1,9,1,51,8,1388,1,13,FORD FIESTA,8,E01021793,0,1
2024141481933,2024,141481933,1,9,0,-1,9,6,4,-1,0,8,0,0,0,0,4,1,-1,6,1,37,7,998,1,11,FORD FIESTA,7,E01007621,0,2
2024501445223,2024,501445223,1,9,0,-1,19,4,8,-1,0,0,0,0,0,0,1,1,-1,6,2,60,9,999,1,3,FORD FIESTA,4,E01019071,0,2
2024991465444,2024,991465444,1,9,0,-1,19,5,1,-1,0,0,0,0,0,0,3,1,-1,9,2,25,5,1242,1,14,FORD FIESTA,-1,-1,0,-1
2024440342628,2024,440342628,1,9,0,18,19,8,4,0,0,1,0,0,0,0,1,1,6,6,1,19,4,1388,1,15,FORD FIESTA,6,E01035434,0,1
2024010520239,2024,010520239,2,9,0,18,19,1,5,0,0,0,1,0,0,0,3,1,6,6,2,30,6,1388,1,14,FORD FIESTA,4,E01001704,0,2
2024061483755,2024,061483755,1,9,0,-1,19,5,8,-1,0,0,0,0,0,0,1,1,-1,9,1,36,7,1242,1,16,FORD FIESTA,1,E01005599,0,1
2024451455515,2024,451455515,2,9,0,-1,19,3,7,-1,0,0,0,0,0,0,1,1,-1,9,1,87,11,1399,2,16,FORD FIESTA,9,E01030642,0,1
2024451498615,2024,451498615,1,9,0,-1,4,5,1,-1,0,0,0,0,0,0,2,9,-1,6,1,30,6,1560,2,10,FORD FIESTA,10,W01001134,0,5
2024351417229,2024,351417229,1,9,0,-1,10,7,5,-1,0,8,0,0,0,0,4,1,-1,6,1,25,5,1399,2,12,FORD FIESTA,10,E01022094,0,3
2024131439246,2024,131439246,1,9,0,-1,9,1,3,-1,0,8,0,0,0,0,4,1,-1,9,2,47,8,998,1,8,FORD FIESTA,8,E01032496,0,1
2024161417834,2024,161417834,1,9,0,-1,19,7,3,-1,0,1,0,0,0,0,1,1,-1,2,2,65,9,998,1,11,FORD FIESTA,1,E01012898,0,1
2024320638192,2024,320638192,2,9,0,-1,-1,6,8,0,0,3,0,0,0,0,3,1,-1,-1,2,19,4,1242,1,8,FORD FIESTA,6,E01026040,0,2
2024070442018,2024,070442018,1,9,0,4,4,5,1,0,0,4,0,0,0,0,3,1,6,6,1,66,10,1388,1,19,FORD FIESTA,7,E01018432,0,1
2024351486260,2024,351486260,1,9,0,-1,5,1,5,-1,0,2,0,0,0,0,3,1,-1,6,2,19,4,998,1,11,FORD FIESTA,3,E01018147,0,1
2024122400256,2024,122400256,1,9,0,4,4,3,7,0,0,0,1,0,4,6,1,1,2,2,1,31,6,1499,2,8,FORD FIESTA,9,E01013338,0,2
2024440542668,2024,440542668,2,9,0,18,19,8,4,0,0,8,0,0,0,0,1,1,6,6,1,42,7,1399,2,21,FORD FIESTA,10,E01023072,0,1
2024461454582,2024,461454582,1,9,0,-1,19,3,7,-1,0,0,0,0,2,10,1,1,-1,9,1,18,4,1399,2,13,FORD FIESTA,1,E01024240,0,3
2024201490570,2024,201490570,2,9,0,-1,2,0,0,-1,0,0,0,0,0,0,1,1,-1,6,-1,-1,-1,998,1,8,FORD FIESTA,-1,-1,0,-1
2024361505515,2024,361505515,1,9,0,-1,19,1,5,-1,0,0,0,0,0,0,1,1,-1,6,2,20,4,998,1,6,FORD FIESTA,6,E01026769,0,2
2024122401051,2024,122401051,2,9,0,18,19,7,3,0,0,6,1,0,0,0,1,1,6,6,1,42,7,998,1,8,FORD FIESTA,8,E01033184,0,4
2024161531332,2024,161531332,2,9,0,-1,19,5,1,-1,0,1,0,0,0,0,1,1,-1,1,1,42,7,-1,-1,-1,FORD FIESTA,9,E01013123,0,1
2024311430150,2024,311430150,1,9,0,-1,19,4,8,-1,0,8,0,0,0,0,1,1,-1,9,2,29,6,1242,1,13,FORD FIESTA,-1,-1,0,-1
2024010510194,2024,010510194,2,9,0,99,99,9,9,99,99,9,9,99,9,99,9,9,6,6,3,-1,-1,1242,1,18,FORD FIESTA,-1,-1,0,-1
2024071011370,2024,071011370,1,9,0,-1,4,2,6,-1,0,0,1,0,0,0,1,1,-1,9,2,21,5,1242,1,10,FORD FIESTA,10,E01005924,0,3
2024320503837,2024,320503837,1,9,0,-1,-1,6,2,0,0,6,0,0,3,1,3,1,-1,-1,2,71,10,1596,1,9,FORD FIESTA,5,E01026201,0,1
2024471525574,2024,471525574,1,9,0,-1,19,8,4,-1,0,2,0,0,0,0,3,1,-1,6,2,53,8,1242,1,9,FORD FIESTA,8,E01016901,0,1
2024421491604,2024,421491604,1,9,0,-1,19,5,1,-1,0,8,0,0,7,0,1,1,-1,9,2,29,6,1560,2,13,FORD FIESTA,6,E01021659,0,1
2024302401618,2024,302401618,1,9,0,18,19,7,3,0,0,1,0,0,0,0,4,1,2,2,1,38,7,998,1,9,FORD FIESTA,9,E01019590,0,2
2024520403024,2024,520403024,2,9,0,5,5,3,1,0,0,8,0,0,0,0,3,1,6,6,1,57,9,998,1,8,FORD FIESTA,5,E01029108,0,2
2024421519565,2024,421519565,1,9,0,-1,19,5,8,-1,0,0,1,0,1,0,3,2,-1,1,1,46,8,1596,1,17,FORD FIESTA,5,E01021360,0,2
2024221495036,2024,221495036,3,9,0,-1,2,0,0,-1,0,0,0,0,0,0,1,1,-1,6,1,38,7,1242,1,17,FORD FIESTA,8,E01032197,0,1
2024552400222,2024,552400222,1,9,0,7,7,5,8,0,0,6,0,0,0,0,3,1,6,6,3,-1,-1,1242,1,14,FORD FIESTA,-1,-1,0,-1
2024440485042,2024,440485042,1,9,0,18,19,8,4,0,0,0,0,0,0,0,1,1,6,6,1,20,4,998,1,11,FORD FIESTA,5,E01035462,0,1
2024351414201,2024,351414201,1,9,0,-1,13,8,4,-1,0,1,5,0,1,9,1,1,-1,6,2,24,5,1242,1,14,FORD FIESTA,6,E01018110,0,3
2024010508116,2024,010508116,1,9,0,3,3,8,4,0,0,8,0,0,9,0,2,1,6,6,2,31,6,998,1,10,FORD FIESTA,2,E01000526,0,1
2024461467858,2024,461467858,1,9,0,-1,19,7,3,-1,0,0,0,0,0,0,1,9,-1,6,2,21,5,1560,2,13,FORD FIESTA,1,E01016083,0,1
2024332400884,2024,332400884,1,9,0,-1,3,6,2,-1,0,1,0,0,0,0,2,1,-1,6,1,35,6,998,1,5,FORD FIESTA,2,E01013604,0,1
2024010528554,2024,010528554,2,9,0,99,99,9,9,99,99,6,9,99,9,99,9,9,6,6,3,-1,-1,1242,1,10,FORD FIESTA,-1,-1,0,-1
2024070563400,2024,070563400,1,9,0,18,19,6,1,0,0,8,0,0,0,0,2,1,6,6,1,26,6,1596,1,15,FORD FIESTA,2,E01012480,0,1
2024201448630,2024,201448630,1,9,0,-1,19,3,7,-1,0,1,0,0,0,0,2,1,-1,6,2,24,5,1399,2,12,FORD FIESTA,9,E01009860,0,3
2024421470853,2024,421470853,1,9,0,-1,19,3,7,-1,0,1,1,0,0,0,1,1,-1,9,1,28,6,1242,1,10,FORD FIESTA,10,E01021384,0,3
2024201520204,2024,201520204,1,9,0,-1,19,5,3,-1,0,8,0,0,0,0,1,1,-1,9,1,31,6,1388,1,12,FORD FIESTA,1,E01006881,0,5
2024430120544,2024,430120544,1,9,0,18,19,1,5,0,0,0,0,0,1,0,1,1,6,6,1,25,5,1560,2,13,FORD FIESTA,-1,-1,0,-1
2024991455508,2024,991455508,2,9,0,-1,9,7,5,-1,0,6,0,0,0,0,3,1,-1,2,2,23,5,998,1,7,FORD FIESTA,-1,-1,0,-1
2024131464205,2024,131464205,1,9,0,-1,-1,-1,-1,-1,-1,-1,-1,-1,-1,-1,-1,1,-1,6,3,-1,-1,1388,1,14,FORD FIESTA,-1,-1,0,-1
2024131416981,2024,131416981,1,9,0,-1,9,8,4,-1,0,8,0,0,0,0,4,1,-1,9,1,19,4,998,1,7,FORD FIESTA,7,E01011511,0,1
2024221481809,2024,221481809,1,9,0,-1,5,2,6,-1,0,0,0,10,1,10,3,1,-1,6,2,30,6,1388,1,15,FORD FIESTA,7,E01028833,0,1
2024371400156,2024,371400156,5,9,0,-1,19,7,5,-1,0,0,1,0,0,0,1,1,-1,2,2,18,4,1388,1,16,FORD FIESTA,9,E01029967,0,2
2024411517663,2024,411517663,1,9,0,-1,19,5,1,-1,0,1,1,7,0,0,1,1,-1,6,1,70,10,1596,1,9,FORD FIESTA,3,E01002120,0,2
2024371455697,2024,371455697,1,9,0,-1,19,1,5,-1,0,0,5,4,0,0,1,1,-1,6,1,89,11,998,1,8,FORD FIESTA,7,E01030228,0,1
2024221459321,2024,221459321,1,9,0,-1,19,5,2,-1,0,0,1,0,0,0,3,9,-1,6,1,18,4,998,1,5,FORD FIESTA,10,E01032144,0,1