collision_index,collision_year,collision_ref_no,vehicle_reference,vehicle_type,towing_and_articulation,vehicle_manoeuvre_historic,vehicle_manoeuvre,vehicle_direction_from,vehicle_direction_to,vehicle_location_restricted_lane_historic,vehicle_location_restricted_lane,junction_location,skidding_and_overturning,hit_object_in_carriageway,vehicle_leaving_carriageway,hit_object_off_carriageway,first_point_of_impact,vehicle_left_hand_drive,journey_purpose_of_driver_historic,journey_purpose_of_driver,sex_of_driver,age_of_driver,age_band_of_driver,engine_capacity_cc,propulsion_code,age_of_vehicle,generic_make_model,driver_imd_decile,lsoa_of_driver,escooter_flag,driver_distance_banding
2024371447040,2024,371447040,2,9,0,-1,3,-1,-1,-1,0,4,0,0,0,0,2,1,-1,2,2,28,6,998,1,8,FORD FIESTA,6,E01030041,0,1
2024631474083,2024,631474083,2,9,0,-1,19,4,8,-1,0,0,0,0,0,0,3,1,-1,9,1,22,5,1242,1,8,FORD FIESTA,1,E01014127,0,4
2024070012437,2024,070012437,1,9,0,18,19,5,1,0,0,0,1,0,7,4,3,1,6,6,2,35,6,1388,1,20,FORD FIESTA,5,E01028866,0,4
2024211410826,2024,211410826,2,9,0,-1,19,7,3,-1,0,0,0,0,0,0,4,1,-1,9,1,19,4,998,1,10,FORD FIESTA,7,E01029844,0,1
2024421401538,2024,421401538,1,9,0,-1,9,2,8,-1,0,6,0,0,0,0,1,9,-1,6,3,-1,-1,1242,1,18,FORD FIESTA,-1,-1,0,-1
2024351519381,2024,351519381,1,9,0,-1,19,6,2,-1,0,0,0,0,0,0,1,1,-1,9,1,20,4,1496,1,6,FORD FIESTA,10,E01035561,0,2
2024010522774,2024,010522774,2,9,0,99,99,9,9,99,99,9,9,99,9,99,9,9,6,6,3,-1,-1,1242,1,15,FORD FIESTA,-1,-1,0,-1
2024461417502,2024,461417502,2,9,0,-1,2,0,0,-1,9,2,0,4,1,0,4,1,-1,6,-1,-1,-1,1242,1,9,FORD FIESTA,-1,-1,0,-1
2024111528581,2024,111528581,1,9,0,-1,5,7,1,-1,0,4,0,0,0,0,1,1,-1,6,2,23,5,1560,2,14,FORD FIESTA,3,E01020791,0,2
2024361531820,2024,361531820,1,19,0,-1,19,2,6,-1,0,0,0,0,7,0,1,1,-1,1,1,28,6,1399,2,15,FORD FIESTA,3,E01033041,0,3
2024440120799,2024,440120799,1,9,0,18,19,7,3,0,0,1,0,0,0,0,1,1,6,6,1,20,4,1596,1,14,FORD FIESTA,1,E01017112,0,1
2024371405294,2024,371405294,1,9,0,-1,19,2,2,-1,0,8,0,0,0,0,1,9,-1,1,2,66,10,998,1,10,FORD FIESTA,3,E01029984,0,1
2024461439683,2024,461439683,2,9,0,-1,4,5,1,-1,0,0,0,0,0,0,2,1,-1,9,2,43,7,1399,2,13,FORD FIESTA,4,E01016157,0,2
2024201479368,2024,201479368,2,9,9,-1,2,0,0,-1,0,2,0,0,0,0,0,9,-1,1,3,-1,-1,999,1,3,FORD FIESTA,-1,-1,0,-1
2024411518209,2024,411518209,1,9,0,-1,19,7,3,-1,0,8,0,0,0,0,1,1,-1,2,1,42,7,1242,1,8,FORD FIESTA,7,E01023892,0,1
2024201440711,2024,201440711,1,9,0,-1,4,7,3,-1,0,1,0,0,0,0,1,9,-1,6,1,20,4,1242,1,11,FORD FIESTA,-1,-1,0,-1
2024411493458,2024,411493458,2,9,0,-1,4,7,2,-1,0,0,0,0,0,0,2,1,-1,6,1,25,5,1388,1,13,FORD FIESTA,3,E01001434,0,3
2024451461145,2024,451461145,2,9,0,-1,19,1,1,-1,0,0,0,0,0,0,3,9,-1,6,2,30,6,1242,1,18,FORD FIESTA,-1,-1,0,-1
2024520402225,2024,520402225,1,9,0,18,19,6,2,0,0,8,0,0,0,0,1,1,6,6,1,30,6,1388,1,18,FORD FIESTA,6,E01029084,0,1
2024471416027,2024,471416027,13,9,0,-1,19,7,3,-1,0,0,1,0,0,0,2,1,-1,6,2,27,6,1399,2,14,FORD FIESTA,6,E01030842,0,4
2024131474681,2024,131474681,1,9,0,-1,4,1,5,-1,0,8,0,4,0,0,1,1,-1,6,1,82,11,998,1,4,FORD FIESTA,7,E01010876,0,1
2024041397744,2024,041397744,1,9,0,-1,19,5,1,-1,0,0,0,0,0,0,1,1,-1,9,1,72,10,1242,1,16,FORD FIESTA,2,E01025101,0,1
2024461506353,2024,461506353,1,9,0,-1,19,6,2,-1,0,0,0,0,1,0,3,1,-1,2,1,19,4,998,1,11,FORD FIESTA,8,E01024053,0,2
2024070969748,2024,070969748,2,9,0,-1,4,2,6,-1,0,6,0,0,0,0,2,1,-1,6,2,40,7,1242,1,8,FORD FIESTA,7,E01012372,0,1
2024501439796,2024,501439796,1,9,0,-1,19,2,6,-1,0,1,0,0,0,0,3,1,-1,2,2,23,5,1242,1,18,FORD FIESTA,3,E01020225,0,3
2024351439769,2024,351439769,1,9,-1,-1,-1,-1,-1,-1,-1,0,-1,-1,-1,0,-1,9,-1,6,1,63,9,1242,1,10,FORD FIESTA,8,E01030117,0,3
2024440075668,2024,440075668,1,9,0,18,19,3,7,0,0,0,0,0,0,0,3,1,6,6,2,72,10,998,1,10,FORD FIESTA,9,E01016308,0,1
2024010517729,2024,010517729,2,9,0,9,9,5,2,0,0,5,0,0,0,0,1,1,6,6,1,53,8,1388,1,13,FORD FIESTA,6,E01001685,0,1
2024451458447,2024,451458447,3,9,0,-1,2,5,1,-1,-1,0,0,0,0,0,2,1,-1,6,-1,-1,-1,1596,1,15,FORD FIESTA,-1,-1,0,-1
2024010550037,2024,010550037,2,9,0,99,99,9,9,99,99,0,9,99,9,99,1,9,6,6,3,-1,-1,998,1,7,FORD FIESTA,-1,-1,0,-1
2024211542155,2024,211542155,1,9,0,-1,9,5,3,-1,0,2,0,0,3,0,1,1,-1,9,1,17,4,998,1,7,FORD FIESTA,6,E01028899,0,2
2024531403179,2024,531403179,2,9,0,-1,19,3,7,-1,0,8,1,0,0,0,1,1,-1,6,1,41,7,1242,1,18,FORD FIESTA,8,E01022177,0,3
2024471455093,2024,471455093,1,9,0,-1,19,7,3,-1,0,0,5,0,0,0,4,1,-1,9,1,30,6,1242,1,19,FORD FIESTA,2,E01022914,0,2
2024991399788,2024,991399788,2,9,0,-1,19,7,3,-1,0,0,0,0,0,0,1,1,-1,9,2,22,5,1399,2,15,FORD FIESTA,3,-1,0,1
2024461479192,2024,461479192,2,9,0,-1,19,7,2,-1,0,0,0,0,1,3,1,2,-1,2,2,18,4,998,1,8,FORD FIESTA,8,E01032816,0,2
2024421457128,2024,421457128,1,9,0,-1,9,7,3,-1,0,5,0,0,0,0,1,1,-1,2,2,40,7,999,1,4,FORD FIESTA,5,E01021420,0,1
2024031452318,2024,031452318,1,9,0,-1,5,7,1,-1,0,2,0,0,0,0,1,1,-1,6,1,74,10,1242,1,11,FORD FIESTA,8,E01019253,0,4
2024991467407,2024,991467407,1,9,0,-1,9,8,6,-1,0,6,0,0,0,0,1,1,-1,2,1,19,4,1084,1,6,FORD FIESTA,7,E01027681,0,5
2024061480543,2024,061480543,1,9,0,-1,9,5,1,-1,0,1,0,0,0,0,1,1,-1,6,1,19,4,1242,1,10,FORD FIESTA,-1,-1,0,-1
2024302401300,2024,302401300,2,9,0,9,9,1,7,0,0,8,0,0,0,0,4,1,6,6,2,67,10,1596,1,11,FORD FIESTA,2,E01029447,0,1
2024520401284,2024,520401284,2,9,0,18,19,7,3,0,0,8,0,0,0,0,1,1,6,6,1,18,4,1242,1,16,FORD FIESTA,10,E01029128,0,3
2024141526699,2024,141526699,1,9,0,-1,4,7,3,-1,0,0,0,0,1,0,1,1,-1,9,1,74,10,1499,2,9,FORD FIESTA,8,E01007678,0,1
2024991431852,2024,991431852,1,9,0,-1,19,3,7,-1,0,0,0,0,1,4,1,1,-1,9,2,19,4,998,1,6,FORD FIESTA,1,-1,0,3
2024010507350,2024,010507350,2,9,0,10,10,7,5,0,0,1,0,0,0,0,1,1,6,6,1,19,4,1242,1,20,FORD FIESTA,3,E01030676,0,4
2024471453560,2024,471453560,2,9,0,-1,7,8,1,-1,0,6,0,0,0,0,1,1,-1,6,1,31,6,1242,1,20,FORD FIESTA,8,E01021215,0,1
2024451557083,2024,451557083,1,9,0,-1,9,7,4,-1,0,6,0,0,0,0,4,1,-1,9,2,80,11,998,1,9,FORD FIESTA,10,E01031725,0,1
2024371498430,2024,371498430,1,9,0,-1,19,1,2,-1,0,6,0,10,7,3,1,1,-1,6,2,22,5,998,1,10,FORD FIESTA,6,E01030194,0,2
2024340WN1102,2024,340WN1102,2,9,0,-1,19,5,1,-1,0,8,0,0,0,0,4,1,-1,9,2,46,8,998,1,10,FORD FIESTA,6,E01035020,0,2
2024010545007,2024,010545007,2,9,0,99,99,9,9,99,99,9,9,99,9,99,1,9,6,6,3,-1,-1,1242,1,11,FORD FIESTA,-1,-1,0,-1
2024471439952,2024,471439952,2,9,0,-1,4,4,8,-1,0,1,0,0,0,0,2,1,-1,9,2,17,4,1388,1,20,FORD FIESTA,5,E01031570,0,3
2024070839201,2024,070839201,2,9,0,-1,19,7,3,-1,0,1,0,0,0,0,3,1,-1,9,1,-1,-1,1399,2,16,FORD FIESTA,9,E01012502,0,1
2024351396344,2024,351396344,2,9,-1,-1,-1,-1,-1,-1,-1,-1,-1,-1,-1,0,-1,9,-1,7,2,64,9,998,1,6,FORD FIESTA,5,E01017953,0,2
2024070768624,2024,070768624,2,9,0,-1,19,7,3,-1,0,8,0,0,0,0,3,1,-1,9,1,28,6,1496,1,2,FORD FIESTA,10,E01018702,0,3
2024520402760,2024,520402760,1,9,0,18,19,2,4,0,0,1,0,0,1,11,1,1,6,6,1,21,5,1242,1,19,FORD FIESTA,5,E01029054,0,1
2024010526983,2024,010526983,2,9,0,7,7,6,1,0,0,1,0,0,0,0,4,1,6,6,2,37,7,1596,1,11,FORD FIESTA,-1,-1,0,-1
2024451427643,2024,451427643,3,9,0,-1,2,0,0,-1,0,0,0,0,0,0,2,1,-1,6,-1,-1,-1,1388,1,14,FORD FIESTA,-1,-1,0,-1
2024440392293,2024,440392293,1,9,0,3,3,8,4,0,0,1,0,0,0,0,2,1,6,6,2,38,7,998,1,6,FORD FIESTA,1,E01017280,0,1
2024421481216,2024,421481216,1,9,0,-1,19,3,6,-1,0,0,0,0,0,0,1,1,-1,2,2,29,6,998,1,5,FORD FIESTA,8,E01021928,0,1
2024010535998,2024,010535998,1,9,0,3,3,1,5,0,0,2,1,0,0,0,2,1,6,6,1,36,7,998,1,7,FORD FIESTA,-1,-1,0,-1
2024311547490,2024,311547490,2,9,0,-1,19,5,1,-1,0,0,0,0,0,0,1,1,-1,6,1,22,5,1242,1,13,FORD FIESTA,9,E01028531,0,5
2024122500526,2024,122500526,2,9,0,5,5,1,4,0,0,4,0,0,0,0,1,1,2,2,2,53,8,1242,1,9,FORD FIESTA,6,E01012923,0,4
2024440005846,2024,440005846,1,9,0,18,19,4,8,0,0,1,0,0,0,0,1,1,6,6,2,69,10,1242,1,9,FORD FIESTA,5,E01017152,0,1
2024421465613,2024,421465613,1,9,0,-1,19,8,4,-1,0,0,0,0,1,0,3,1,-1,1,1,20,4,1242,1,9,FORD FIESTA,10,E01021384,0,2
2024543036224,2024,543036224,4,9,0,18,19,1,5,0,0,0,0,0,1,0,1,1,6,6,2,29,6,1388,1,17,FORD FIESTA,6,E01031967,0,1
2024991451507,2024,991451507,2,9,0,-1,19,8,5,-1,0,2,0,0,0,0,1,1,-1,6,1,37,7,1596,1,15,FORD FIESTA,-1,-1,0,-1
2024052402647,2024,052402647,1,9,0,5,5,7,3,0,0,1,0,0,0,0,1,1,6,6,1,33,6,1560,2,12,FORD FIESTA,5,E01012440,0,3
2024010526522,2024,010526522,1,9,0,5,5,5,1,0,0,6,0,0,0,0,1,1,6,6,2,69,10,998,1,6,FORD FIESTA,6,E01029045,0,5
2024031475344,2024,031475344,1,9,0,-1,5,5,3,-1,0,1,0,0,0,0,1,1,-1,6,1,35,6,1242,1,14,FORD FIESTA,10,E01019251,0,1
2024010515680,2024,010515680,2,9,0,5,5,3,7,0,0,3,0,0,0,0,1,1,6,6,1,59,9,1242,1,9,FORD FIESTA,10,E01002317,0,1
2024340NN3062,2024,340NN3062,1,9,0,-1,19,7,3,-1,0,1,0,0,0,0,1,1,-1,2,1,18,4,998,1,11,FORD FIESTA,7,E01032967,0,1
2024101451683,2024,101451683,1,9,0,-1,19,4,8,-1,0,8,0,0,0,0,1,1,-1,9,2,85,11,1388,1,14,FORD FIESTA,5,E01008643,0,1
2024622400758,2024,622400758,1,9,0,17,19,5,2,0,0,0,0,0,2,4,1,1,6,6,2,27,6,1560,2,13,FORD FIESTA,4,W01001964,0,2
2024991534714,2024,991534714,1,9,0,-1,19,7,3,-1,0,6,0,0,0,0,1,1,-1,9,2,61,9,999,1,4,FORD FIESTA,1,-1,0,1
2024010542914,2024,010542914,1,9,0,18,19,7,3,0,0,0,5,4,0,0,3,1,6,6,2,32,6,1242,1,9,FORD FIESTA,1,E01003318,0,1
2024361467852,2024,361467852,1,9,0,-1,19,1,7,-1,0,0,0,10,0,0,4,1,-1,9,1,23,5,1242,1,13,FORD FIESTA,2,E01000076,0,5
2024201427429,2024,201427429,1,9,0,-1,19,3,6,-1,0,0,0,0,0,0,1,9,-1,9,1,21,5,1242,1,14,FORD FIESTA,3,E01009792,0,1
2024041459497,2024,041459497,2,9,0,-1,19,1,5,-1,0,0,5,0,0,0,2,1,-1,9,2,23,5,1242,1,10,FORD FIESTA,9,E01025512,0,1
2024311425966,2024,311425966,2,9,0,-1,2,4,2,-1,0,0,0,0,1,2,4,1,-1,6,-1,-1,-1,1242,1,13,FORD FIESTA,-1,-1,0,-1
2024371405784,2024,371405784,1,9,0,-1,19,1,5,-1,0,0,0,0,1,4,3,1,-1,6,1,18,4,1388,1,16,FORD FIESTA,7,E01030096,0,1
2024440109881,2024,440109881,1,9,0,18,19,7,3,0,0,0,0,0,0,0,1,1,2,2,2,29,6,1242,1,14,FORD FIESTA,6,E01035455,0,2
2024311519627,2024,311519627,3,9,0,-1,19,5,8,-1,0,0,0,0,0,0,1,1,-1,6,1,24,5,998,1,6,FORD FIESTA,-1,-1,0,-1
2024201531719,2024,201531719,2,9,0,-1,19,3,7,-1,0,8,0,0,0,0,3,1,-1,6,2,22,5,998,1,11,FORD FIESTA,1,E01009007,0,1
2024622400214,2024,622400214,2,9,0,3,3,5,1,0,0,4,0,0,0,0,2,1,6,6,1,51,8,1499,2,7,FORD FIESTA,2,W01000960,0,3
2024401510891,2024,401510891,1,9,0,-1,5,7,3,-1,0,0,0,0,0,0,1,9,-1,6,2,61,9,998,1,2,FORD FIESTA,6,E01017479,0,1
2024501501512,2024,501501512,1,9,0,-1,19,3,7,-1,0,0,0,0,1,11,1,1,-1,6,2,58,9,998,1,11,FORD FIESTA,9,E01015110,0,1
2024010510360,2024,010510360,1,9,0,99,99,9,9,99,99,9,9,99,9,99,9,9,2,2,2,34,6,1388,1,15,FORD FIESTA,7,E01016087,0,4
2024131491493,2024,131491493,1,9,0,-1,9,1,3,-1,0,1,5,0,0,0,4,1,-1,9,2,19,4,1388,1,13,FORD FIESTA,1,E01011901,0,1
2024461460382,2024,461460382,3,9,0,-1,19,1,5,-1,0,0,0,0,0,0,1,1,-1,6,1,22,5,998,1,8,FORD FIESTA,10,E01024337,0,3
2024421402786,2024,421402786,1,9,0,-1,19,1,1,-1,0,0,0,0,0,0,1,1,-1,1,1,30,6,1399,2,22,FORD FIESTA,8,E01015960,0,3
2024201413419,2024,201413419,4,9,0,-1,2,0,0,-1,0,0,0,0,0,0,4,1,-1,6,-1,-1,-1,1242,1,14,FORD FIESTA,-1,-1,0,-1
2024631414840,2024,631414840,1,9,0,-1,12,4,8,-1,0,0,0,0,7,10,1,1,-1,6,2,23,5,998,1,5,FORD FIESTA,8,W01001755,0,4
2024201482246,2024,201482246,3,9,0,-1,4,8,5,-1,0,1,0,0,0,0,1,1,-1,9,1,65,9,1084,1,2,FORD FIESTA,3,E01010262,0,1
2024131494513,2024,131494513,1,9,0,-1,19,1,3,-1,0,1,0,0,0,0,3,1,-1,9,1,86,11,998,1,10,FORD FIESTA,7,E01011561,0,2
2024010508564,2024,010508564,3,9,0,2,2,0,0,6,6,1,0,4,0,0,3,1,6,6,3,-1,-1,1242,1,11,FORD FIESTA,-1,-1,0,-1
2024061494618,2024,061494618,2,9,0,-1,19,4,8,-1,0,0,0,0,0,0,2,1,-1,6,1,86,11,1499,2,8,FORD FIESTA,6,E01004925,0,1
2024401499109,2024,401499109,1,9,0,-1,19,2,3,-1,0,0,0,0,0,0,4,1,-1,6,1,20,4,998,1,5,FORD FIESTA,10,E01033189,0,1
2024522402053,2024,522402053,3,9,0,2,2,0,0,0,0,0,0,0,0,0,1,1,6,6,1,60,9,-1,-1,-1,FORD FIESTA,9,E01014757,0,1
2024501478295,2024,501478295,1,9,0,-1,12,4,8,-1,0,0,1,0,0,0,1,1,-1,9,2,57,9,1242,1,14,FORD FIESTA,4,E01015178,0,1
2024010544544,2024,010544544,1,9,0,3,3,5,1,0,0,1,0,0,0,0,2,1,2,2,1,31,6,1242,1,19,FORD FIESTA,9,E01000659,0,2
2024371505401,2024,371505401,3,9,0,-1,2,2,2,-1,9,2,0,0,0,0,1,1,-1,6,2,73,10,1242,1,9,FORD FIESTA,10,E01030070,0,2
2024991425483,2024,991425483,1,9,0,-1,9,3,1,-1,0,6,0,0,0,0,1,1,-1,6,2,24,5,999,1,1,FORD FIESTA,1,-1,0,1
2024411466490,2024,411466490,1,9,0,-1,4,1,5,-1,0,0,0,0,0,0,1,1,-1,1,2,50,8,1596,1,14,FORD FIESTA,9,E01033808,0,3
2024522403000,2024,522403000,1,9,0,9,9,6,5,0,0,5,0,0,0,0,4,1,6,6,2,30,6,1388,1,12,FORD FIESTA,7,E01014917,0,1
2024371526595,2024,371526595,1,9,0,-1,6,1,1,-1,0,0,0,0,0,0,2,1,-1,6,2,35,6,1399,2,14,FORD FIESTA,5,E01030030,0,1
2024461407823,2024,461407823,1,9,0,-1,19,7,3,-1,0,0,0,10,1,3,1,1,-1,9,2,20,4,1242,1,15,FORD FIESTA,1,E01016161,0,3
2024471434933,2024,471434933,1,9,0,-1,19,7,3,-1,0,0,0,0,0,0,1,2,-1,6,1,-1,-1,1242,1,18,FORD FIESTA,-1,-1,0,-1
2024211429483,2024,211429483,1,9,0,-1,19,8,4,-1,0,1,0,0,0,0,1,1,-1,6,1,45,7,1560,2,17,FORD FIESTA,7,E01029444,0,1
2024201512640,2024,201512640,2,9,0,-1,10,1,2,-1,0,8,1,0,3,0,2,9,-1,9,1,25,5,1499,2,5,FORD FIESTA,5,E01009617,0,1
2024010549567,2024,010549567,1,9,0,99,99,9,9,99,99,9,9,99,9,99,1,9,2,2,1,22,5,1499,2,7,FORD FIESTA,5,E01002626,0,2
2024421411724,2024,421411724,1,9,0,-1,19,1,5,-1,0,1,0,0,0,0,1,1,-1,9,1,24,5,1299,1,28,FORD FIESTA,8,E01021347,0,1
2024221460306,2024,221460306,2,9,0,-1,19,6,8,-1,0,0,0,0,0,0,3,9,-1,2,1,32,6,1299,1,23,FORD FIESTA,4,E01032430,0,1
2024161420408,2024,161420408,2,9,0,-1,7,3,5,-1,0,2,0,0,1,0,3,1,-1,1,1,20,4,1242,1,18,FORD FIESTA,1,E01012836,0,3
2024991498990,2024,991498990,1,9,0,-1,19,6,2,-1,0,0,0,0,0,0,4,1,-1,2,1,54,8,999,1,4,FORD FIESTA,2,-1,0,1
2024332400180,2024,332400180,1,9,0,-1,9,2,8,-1,0,6,0,0,0,0,1,1,-1,9,2,32,6,1399,2,15,FORD FIESTA,9,E01025833,0,1
2024041430927,2024,041430927,1,9,0,-1,19,5,1,-1,0,1,0,0,0,0,1,1,-1,9,2,22,5,998,1,11,FORD FIESTA,7,E01024874,0,2
2024041428546,2024,041428546,1,9,0,-1,19,1,5,-1,0,1,0,0,0,0,3,1,-1,9,2,20,4,1242,1,16,FORD FIESTA,9,E01025553,0,3
2024010531187,2024,010531187,1,9,0,18,19,1,5,0,0,8,0,0,0,0,1,1,6,6,2,21,5,998,1,7,FORD FIESTA,7,E01004483,0,1
2024061512549,2024,061512549,1,9,0,-1,4,7,3,-1,0,4,0,0,0,0,2,1,-1,6,1,24,5,1242,1,21,FORD FIESTA,3,E01004774,0,1
2024440359715,2024,440359715,1,9,0,3,3,8,4,0,0,0,0,0,0,0,2,1,6,6,2,33,6,998,1,7,FORD FIESTA,10,E01022921,0,1
2024522401222,2024,522401222,1,9,0,10,10,4,1,0,0,1,0,0,0,0,2,1,6,6,2,40,7,999,1,4,FORD FIESTA,5,E01014861,0,2
2024461510190,2024,461510190,1,9,0,-1,19,1,5,-1,0,2,0,0,0,0,3,1,-1,9,2,89,11,1596,1,17,FORD FIESTA,6,E01024303,0,1
2024631414652,2024,631414652,2,9,0,-1,19,8,4,-1,0,8,0,0,0,0,1,1,-1,2,1,26,6,1399,2,19,FORD FIESTA,9,W01002000,0,1
2024141502675,2024,141502675,2,9,0,-1,19,5,1,-1,0,1,0,0,0,0,4,1,-1,9,1,37,7,1242,1,12,FORD FIESTA,4,E01008073,0,2
2024501483223,2024,501483223,2,9,0,-1,4,3,7,-1,0,0,0,0,0,0,1,1,-1,9,2,40,7,1242,1,17,FORD FIESTA,6,E01030516,0,5
2024070022782,2024,070022782,1,9,0,18,19,3,7,0,0,4,0,0,0,0,1,1,2,2,1,22,5,1596,1,14,FORD FIESTA,5,E01018496,0,1
2024522402597,2024,522402597,2,9,0,9,9,5,2,0,0,6,0,0,0,0,1,1,6,6,1,84,11,1560,2,14,FORD FIESTA,9,E01014796,0,3
2024052402893,2024,052402893,2,9,0,18,19,1,5,0,0,8,0,0,0,0,1,1,6,6,2,27,6,998,1,6,FORD FIESTA,1,E01007086,0,3
2024451410508,2024,451410508,2,9,0,-1,19,3,7,-1,0,0,1,0,0,0,3,1,-1,9,2,31,6,1242,1,9,FORD FIESTA,6,E01030451,0,3
2024501439592,2024,501439592,2,9,0,-1,4,5,1,-1,0,0,0,0,0,0,1,1,-1,9,2,25,5,1242,1,9,FORD FIESTA,8,E01000183,0,5
2024041405312,2024,041405312,1,9,0,-1,5,1,5,-1,0,1,0,0,0,0,1,1,-1,6,-1,-1,-1,1242,1,15,FORD FIESTA,-1,-1,0,-1
2024311533433,2024,311533433,1,9,0,-1,19,2,6,-1,0,0,2,0,1,0,1,1,-1,9,1,22,5,998,1,9,FORD FIESTA,5,E01027998,0,1
2024201516013,2024,201516013,1,9,0,-1,5,7,3,-1,0,6,0,0,0,0,4,1,-1,6,1,21,5,1596,1,15,FORD FIESTA,1,E01009096,0,2
2024451415549,2024,451415549,1,9,0,-1,19,8,4,-1,0,0,0,0,0,0,1,1,-1,9,1,73,10,998,1,8,FORD FIESTA,8,E01030951,0,1
2024010509633,2024,010509633,2,9,0,99,99,9,9,99,99,0,9,99,9,99,1,9,6,6,2,24,5,998,1,7,FORD FIESTA,6,E01026284,0,5
2024991457367,2024,991457367,1,8,0,-1,19,7,3,-1,0,0,2,0,1,8,4,1,-1,9,2,25,5,1242,1,20,FORD FIESTA,4,-1,0,2
2024161425933,2024,161425933,1,9,0,-1,19,3,7,-1,0,0,0,0,0,0,1,1,-1,9,2,64,9,1242,1,21,FORD FIESTA,3,E01013319,0,1
2024501469906,2024,501469906,1,9,0,-1,19,4,8,-1,0,1,0,0,0,0,1,9,-1,6,1,20,4,1388,1,17,FORD FIESTA,4,E01015062,0,4
2024501536053,2024,501536053,1,9,0,-1,19,3,7,-1,0,0,0,0,0,0,1,1,-1,9,1,85,11,1596,1,11,FORD FIESTA,5,E01020339,0,3
2024231489651,2024,231489651,1,9,0,-1,19,1,5,-1,0,6,0,0,0,0,1,1,-1,6,2,22,5,999,1,4,FORD FIESTA,7,E01031007,0,1
2024401524817,2024,401524817,1,9,-1,-1,-1,-1,-1,-1,-1,-1,-1,-1,-1,0,-1,9,-1,6,2,-1,-1,998,1,10,FORD FIESTA,9,E01017495,0,2
2024041434083,2024,041434083,2,9,0,-1,9,1,2,-1,0,0,0,0,0,0,2,1,-1,9,2,22,5,1242,1,9,FORD FIESTA,5,E01007063,0,2
2024052402322,2024,052402322,2,9,0,18,19,7,3,0,0,1,0,0,0,0,3,1,6,6,2,62,9,1242,1,8,FORD FIESTA,1,E01006755,0,1
2024111491128,2024,111491128,1,9,0,-1,19,1,5,-1,0,0,0,0,0,0,1,1,-1,9,2,29,6,1399,2,18,FORD FIESTA,2,E01008487,0,4
2024421456362,2024,421456362,2,9,0,-1,4,5,1,-1,0,4,0,0,0,0,2,1,-1,1,1,20,4,1242,1,16,FORD FIESTA,4,E01034357,0,1
2024122400451,2024,122400451,1,9,0,18,19,5,1,0,0,0,0,0,0,0,1,1,6,6,2,75,10,1386,1,17,FORD FIESTA,5,E01027884,0,1
2024471512882,2024,471512882,1,9,0,-1,19,4,8,-1,0,0,0,7,0,0,1,1,-1,2,1,65,9,1299,1,21,FORD FIESTA,5,E01031512,0,1
2024631478255,2024,631478255,1,9,0,-1,19,4,8,-1,0,0,1,0,7,10,1,1,-1,9,1,22,5,1496,1,1,FORD FIESTA,4,E01006570,0,4
2024161427128,2024,161427128,2,9,0,-1,19,8,4,-1,0,1,0,0,0,0,1,9,-1,6,2,81,11,999,1,4,FORD FIESTA,5,E01013200,0,1
2024451508659,2024,451508659,1,9,0,-1,3,1,5,-1,99,0,0,0,0,0,2,1,-1,9,1,24,5,999,1,4,FORD FIESTA,3,E01016501,0,2
2024610009124,2024,610009124,1,9,0,9,9,7,5,0,0,6,0,0,0,0,1,1,6,6,1,43,7,998,1,6,FORD FIESTA,1,W01001619,0,2
2024141448384,2024,141448384,2,9,0,-1,19,2,6,-1,0,0,0,0,0,0,2,1,-1,6,-1,-1,-1,998,1,5,FORD FIESTA,-1,-1,0,-1
2024991455813,2024,991455813,1,9,0,-1,19,5,1,-1,0,0,5,0,2,0,4,1,-1,9,1,71,10,1242,1,16,FORD FIESTA,1,-1,0,2
2024052401688,2024,052401688,1,9,0,18,19,7,3,0,0,1,5,0,0,0,4,1,6,6,2,45,7,1596,1,17,FORD FIESTA,5,E01006894,0,4
2024520001400,2024,520001400,2,9,0,18,19,4,8,0,0,8,0,0,0,0,4,1,6,6,1,19,4,1388,1,15,FORD FIESTA,6,E01029057,0,2
2024522401347,2024,522401347,1,9,0,18,19,5,7,0,0,3,0,0,0,0,2,1,6,6,2,24,5,1399,2,12,FORD FIESTA,10,E01014988,0,3
2024031523269,2024,031523269,2,9,0,-1,19,5,3,-1,0,1,0,0,0,0,1,1,-1,6,1,20,4,1242,1,11,FORD FIESTA,5,E01019202,0,3
2024371451092,2024,371451092,3,9,0,-1,19,8,4,-1,0,1,0,0,0,0,3,1,-1,9,2,30,6,1242,1,8,FORD FIESTA,6,E01033541,0,3
2024161401459,2024,161401459,1,9,0,-1,6,7,7,-1,0,4,0,0,0,0,1,1,-1,9,1,38,7,1242,1,16,FORD FIESTA,1,E01012836,0,1
2024631432474,2024,631432474,2,9,0,-1,10,8,6,-1,0,8,0,0,0,0,2,1,-1,9,2,51,8,1560,2,14,FORD FIESTA,6,W01000538,0,3