collision_index,collision_year,collision_ref_no,vehicle_reference,vehicle_type,towing_and_articulation,vehicle_manoeuvre_historic,vehicle_manoeuvre,vehicle_direction_from,vehicle_direction_to,vehicle_location_restricted_lane_historic,vehicle_location_restricted_lane,junction_location,skidding_and_overturning,hit_object_in_carriageway,vehicle_leaving_carriageway,hit_object_off_carriageway,first_point_of_impact,vehicle_left_hand_drive,journey_purpose_of_driver_historic,journey_purpose_of_driver,sex_of_driver,age_of_driver,age_band_of_driver,engine_capacity_cc,propulsion_code,age_of_vehicle,generic_make_model,driver_imd_decile,lsoa_of_driver,escooter_flag,driver_distance_banding
2024061535607,2024,061535607,2,9,0,-1,4,7,4,-1,0,2,0,0,0,0,0,1,-1,9,1,66,10,1242,1,16,FORD FIESTA,5,E01005229,0,2
2024421505905,2024,421505905,2,9,0,-1,19,5,1,-1,0,1,0,0,0,0,2,1,-1,6,2,35,6,1242,1,18,FORD FIESTA,8,E01021914,0,1
2024451416385,2024,451416385,3,9,0,-1,19,1,5,-1,0,0,1,0,7,0,1,1,-1,9,2,33,6,1388,1,15,FORD FIESTA,8,E01030474,0,1
2024411541195,2024,411541195,1,9,0,-1,4,3,6,-1,0,0,0,11,1,4,1,1,-1,9,1,17,4,1399,2,13,FORD FIESTA,10,E01017442,0,2
2024522401762,2024,522401762,2,9,0,13,13,9,9,0,0,0,0,0,0,0,4,1,6,6,3,-1,-1,1242,1,14,FORD FIESTA,-1,-1,0,-1
2024991439089,2024,991439089,2,9,0,-1,19,5,1,-1,0,1,0,0,0,0,1,1,-1,6,2,20,4,1242,1,11,FORD FIESTA,10,-1,0,1
2024131421370,2024,131421370,1,9,0,-1,19,4,8,-1,0,0,0,0,0,0,1,1,-1,6,1,-1,-1,1242,1,13,FORD FIESTA,-1,-1,0,-1
2024451403932,2024,451403932,2,9,0,-1,19,7,3,-1,0,0,2,0,1,0,4,1,-1,6,1,32,6,998,1,9,FORD FIESTA,7,E01000196,0,4
2024451485111,2024,451485111,1,9,0,-1,4,5,1,-1,0,0,0,0,0,0,2,1,-1,9,2,30,6,1388,1,18,FORD FIESTA,9,E01015419,0,5
2024010546274,2024,010546274,1,9,0,18,19,1,5,0,0,0,0,0,0,0,1,1,6,6,1,29,6,1596,1,12,FORD FIESTA,3,E01001858,0,3
2024622400107,2024,622400107,1,9,0,18,19,7,4,0,0,1,0,0,0,0,1,1,6,6,1,88,11,999,8,1,FORD FIESTA,5,W01001164,0,1
2024041468608,2024,041468608,3,9,0,-1,3,3,7,-1,0,0,0,0,0,0,2,1,-1,1,1,45,7,-1,-1,-1,FORD FIESTA,5,E01025591,0,3
2024010498288,2024,010498288,1,9,0,10,10,1,7,0,0,1,0,0,0,0,2,1,6,6,1,63,9,1388,1,18,FORD FIESTA,4,E01021775,0,3
2024221534377,2024,221534377,1,9,0,-1,5,6,3,-1,0,6,0,0,0,0,1,9,-1,9,1,18,4,1388,1,19,FORD FIESTA,5,E01034103,0,4
2024430627932,2024,430627932,1,9,0,2,2,-1,-1,9,9,0,0,0,0,0,1,1,6,6,2,45,7,1242,1,16,FORD FIESTA,2,E01016839,0,1
2024549140824,2024,549140824,1,9,0,18,19,3,7,0,0,0,0,0,1,9,1,1,6,6,1,19,4,1388,1,15,FORD FIESTA,8,E01022224,0,1
2024522402120,2024,522402120,1,9,0,18,19,6,2,0,0,8,0,0,0,0,2,1,6,6,1,25,5,1242,1,14,FORD FIESTA,3,E01014673,0,2
2024111462082,2024,111462082,2,9,0,-1,19,4,7,-1,0,0,0,0,0,0,2,1,-1,9,2,82,11,1242,1,9,FORD FIESTA,9,E01020612,0,1
2024221506379,2024,221506379,1,9,0,-1,9,4,3,-1,0,5,0,0,0,0,1,1,-1,6,1,85,11,998,1,11,FORD FIESTA,10,E01014174,0,1
2024161512136,2024,161512136,1,9,0,-1,3,7,3,-1,0,0,0,0,0,0,2,1,-1,6,2,60,9,1242,1,12,FORD FIESTA,3,E01007639,0,3
2024221519141,2024,221519141,2,9,0,-1,2,0,0,-1,0,0,0,0,0,0,3,9,-1,6,2,34,6,1084,1,7,FORD FIESTA,7,E01007798,0,5
2024061406868,2024,061406868,3,9,0,-1,19,8,4,-1,0,1,0,0,0,0,1,1,-1,6,1,32,6,1388,1,13,FORD FIESTA,8,E01006210,0,1
2024471471922,2024,471471922,1,9,0,-1,19,3,7,-1,0,0,0,0,0,0,3,1,-1,6,1,-1,-1,1299,1,25,FORD FIESTA,-1,-1,0,-1
2024201470251,2024,201470251,1,9,0,-1,19,7,3,-1,0,6,0,0,0,0,1,1,-1,2,2,21,5,1242,1,10,FORD FIESTA,2,E01010092,0,3
2024010514558,2024,010514558,2,9,0,18,19,5,1,0,0,0,0,0,0,0,1,1,2,2,1,72,10,998,1,11,FORD FIESTA,3,E01000082,0,1
2024451460175,2024,451460175,2,9,0,-1,19,5,8,-1,99,1,0,0,0,0,1,1,-1,6,1,24,5,1242,1,15,FORD FIESTA,7,E01030431,0,2
2024430570886,2024,430570886,2,9,0,18,19,6,2,0,0,0,1,0,0,0,1,1,6,6,2,19,4,1242,1,19,FORD FIESTA,9,E01017719,0,2
2024991512557,2024,991512557,2,9,0,-1,19,4,8,-1,0,8,0,0,0,0,1,1,-1,9,2,48,8,1242,1,17,FORD FIESTA,1,-1,0,1
2024622400149,2024,622400149,1,9,0,18,19,2,6,0,0,0,0,0,0,0,4,1,6,6,2,27,6,1399,2,13,FORD FIESTA,4,W01000749,0,1
2024010520356,2024,010520356,6,9,0,18,19,7,3,0,0,2,0,0,0,0,1,1,6,6,2,20,4,998,1,7,FORD FIESTA,8,E01004293,0,3
2024221481483,2024,221481483,1,9,0,-1,19,2,6,-1,0,0,1,0,0,0,1,1,-1,2,1,19,4,-1,-1,-1,FORD FIESTA,5,E01014045,0,3
2024520003031,2024,520003031,1,9,0,18,19,2,4,0,0,8,0,0,0,0,4,1,6,6,1,22,5,1596,1,8,FORD FIESTA,6,E01014439,0,1
2024041423384,2024,041423384,2,9,0,-1,19,7,3,-1,0,8,0,0,0,0,4,1,-1,2,2,39,7,998,1,11,FORD FIESTA,1,E01024910,0,1
2024361480575,2024,361480575,1,9,0,-1,19,5,1,-1,0,0,0,0,0,0,1,1,-1,9,2,48,8,1242,1,17,FORD FIESTA,10,E01026812,0,3
2024010531752,2024,010531752,1,9,0,99,99,9,9,99,99,0,9,99,9,99,9,9,6,6,2,56,9,1388,1,15,FORD FIESTA,5,E01034227,0,1
2024991485966,2024,991485966,1,9,0,-1,19,6,2,-1,0,0,2,0,2,0,1,1,-1,6,1,21,5,1496,1,4,FORD FIESTA,10,-1,0,2
2024340WN5622,2024,340WN5622,1,9,0,-1,19,5,1,-1,0,0,0,0,1,1,1,1,-1,9,1,55,8,1242,1,17,FORD FIESTA,6,E01016813,0,3
2024440303090,2024,440303090,1,9,0,18,19,3,7,0,0,6,0,0,0,0,1,1,6,6,2,19,4,1388,1,14,FORD FIESTA,7,E01023277,0,2
2024010528030,2024,010528030,2,9,0,6,6,1,1,0,0,0,0,0,0,0,3,1,6,6,2,22,5,1388,1,14,FORD FIESTA,4,E01004031,0,1
2024440095045,2024,440095045,1,9,0,18,19,5,1,0,0,1,0,0,0,0,1,1,2,2,1,21,5,1399,2,12,FORD FIESTA,4,E01031435,0,4
2024031499045,2024,031499045,2,9,0,-1,4,3,7,-1,0,0,1,0,8,0,2,1,-1,9,1,20,4,1242,1,15,FORD FIESTA,10,E01019362,0,3
2024622400666,2024,622400666,1,9,0,18,19,4,8,0,0,0,0,0,0,0,1,1,6,6,2,22,5,1399,2,15,FORD FIESTA,1,W01001202,0,1
2024010522645,2024,010522645,1,9,0,5,5,8,4,0,0,8,0,0,0,0,4,1,6,6,2,29,6,998,1,10,FORD FIESTA,3,E01000007,0,2
2024440009833,2024,440009833,2,9,0,18,19,8,4,0,0,1,0,0,0,0,1,1,6,6,2,30,6,1596,1,18,FORD FIESTA,2,E01022915,0,3
2024332400984,2024,332400984,3,9,0,-1,19,3,7,-1,0,0,0,0,0,0,1,1,-1,6,2,23,5,998,1,7,FORD FIESTA,8,E01025864,0,1
2024010518281,2024,010518281,1,9,0,18,19,6,2,0,0,8,0,0,0,0,1,1,6,6,1,51,8,1388,1,17,FORD FIESTA,4,E01016518,0,3
2024501478551,2024,501478551,2,9,0,-1,9,1,5,-1,0,8,0,0,7,0,3,1,-1,9,1,18,4,998,1,5,FORD FIESTA,6,E01029411,0,5
2024332400645,2024,332400645,1,9,0,-1,4,6,2,-1,0,8,0,0,0,0,1,1,-1,6,1,23,5,1242,1,8,FORD FIESTA,7,E01025812,0,1
2024010529269,2024,010529269,1,9,0,5,5,6,2,0,0,1,0,0,0,0,1,1,6,6,1,26,6,1242,1,17,FORD FIESTA,9,E01030712,0,2
2024501535519,2024,501535519,2,9,0,-1,19,5,1,-1,0,8,0,0,0,0,3,1,-1,1,2,46,8,1388,1,14,FORD FIESTA,1,E01015151,0,1
2024471470011,2024,471470011,1,9,0,-1,7,6,8,-1,0,4,0,0,0,0,1,1,-1,9,2,24,5,1388,1,14,FORD FIESTA,5,E01031611,0,2
2024421408080,2024,421408080,2,9,0,-1,3,3,7,-1,0,0,0,0,0,0,4,1,-1,1,2,19,4,1242,1,14,FORD FIESTA,10,E01021403,0,2
2024522402448,2024,522402448,2,9,0,18,19,9,9,0,0,8,0,0,0,0,9,1,6,6,2,20,4,1242,1,21,FORD FIESTA,10,E01014822,0,1
202454E718024,2024,54E718024,1,9,0,7,7,7,1,0,0,1,0,0,0,0,1,1,2,2,1,22,5,-1,-1,-1,FORD FIESTA,9,E01032058,0,3
2024401445884,2024,401445884,1,9,0,-1,19,4,8,-1,0,1,0,0,0,0,4,1,-1,6,1,20,4,998,1,7,FORD FIESTA,6,E01023624,0,1
2024221476374,2024,221476374,2,9,0,-1,19,5,8,-1,0,0,0,0,0,0,1,1,-1,6,2,52,8,998,1,8,FORD FIESTA,6,E01032476,0,3
2024010543144,2024,010543144,2,9,0,9,9,7,5,0,0,5,0,0,0,0,3,1,6,6,2,41,7,1242,1,16,FORD FIESTA,6,E01002614,0,3
2024302401111,2024,302401111,4,9,0,2,2,0,0,0,0,0,0,0,0,0,3,1,6,6,3,-1,-1,998,1,10,FORD FIESTA,-1,-1,0,-1
2024010508910,2024,010508910,1,9,0,18,19,5,1,0,0,0,0,0,0,0,4,1,6,6,1,-1,-1,1388,1,13,FORD FIESTA,-1,-1,0,-1
2024461413543,2024,461413543,7,9,0,-1,2,0,0,-1,0,0,0,0,0,0,4,1,-1,6,-1,-1,-1,998,1,9,FORD FIESTA,-1,-1,0,-1
2024201519653,2024,201519653,1,9,0,-1,9,1,5,-1,0,5,0,0,0,0,3,1,-1,6,2,19,4,1084,1,7,FORD FIESTA,2,E01009082,0,1
2024421406166,2024,421406166,1,9,0,-1,19,7,3,-1,0,0,0,0,7,4,1,1,-1,6,1,17,4,1242,1,15,FORD FIESTA,3,E01029886,0,2
2024131454478,2024,131454478,2,9,0,-1,19,5,1,-1,0,8,0,0,0,0,2,1,-1,9,1,27,6,1242,1,16,FORD FIESTA,2,E01010619,0,1
2024311444347,2024,311444347,1,9,0,-1,19,1,2,-1,0,8,1,0,0,0,1,1,-1,6,1,26,6,998,1,9,FORD FIESTA,4,E01028343,0,1
2024361518592,2024,361518592,2,9,0,-1,4,7,3,-1,0,0,0,0,0,0,2,1,-1,1,2,53,8,1499,2,11,FORD FIESTA,7,E01026436,0,4
2024531452672,2024,531452672,1,9,0,-1,19,4,8,-1,0,0,0,0,0,0,1,1,-1,9,1,19,4,1242,1,12,FORD FIESTA,9,W01001085,0,4
2024461451290,2024,461451290,2,9,0,-1,7,7,2,-1,0,5,0,0,0,0,4,9,-1,2,2,22,5,1242,1,15,FORD FIESTA,6,E01024830,0,3
2024371529549,2024,371529549,2,9,0,-1,19,-1,-1,-1,0,0,0,0,0,0,3,1,-1,6,2,19,4,998,1,11,FORD FIESTA,5,E01030087,0,4
2024052402559,2024,052402559,5,9,0,4,4,8,4,0,0,1,0,0,0,0,2,1,6,6,3,-1,-1,1242,1,8,FORD FIESTA,-1,-1,0,-1
2024141470610,2024,141470610,2,9,0,-1,19,3,7,-1,0,3,0,0,0,0,1,9,-1,6,1,-1,-1,1242,1,19,FORD FIESTA,-1,-1,0,-1
2024010506104,2024,010506104,1,9,0,18,19,5,1,0,0,2,0,7,0,0,1,1,6,6,1,24,5,998,1,11,FORD FIESTA,-1,-1,0,-1
2024302400784,2024,302400784,1,9,0,17,19,6,2,0,0,0,0,0,0,0,3,1,6,6,2,39,7,1499,2,8,FORD FIESTA,6,E01019482,0,1
2024302500261,2024,302500261,1,9,0,-1,9,1,7,-1,0,8,0,0,0,0,1,1,-1,9,1,61,9,-1,-1,-1,FORD FIESTA,2,E01019567,0,1
2024010502308,2024,010502308,2,9,0,2,2,0,0,0,0,0,0,0,0,0,2,1,6,6,3,-1,-1,1299,1,21,FORD FIESTA,-1,-1,0,-1
202454E718024,2024,54E718024,2,9,0,9,9,1,7,0,0,1,0,0,0,0,1,1,2,2,1,51,8,1999,1,17,FORD FIESTA,6,E01032119,0,3
2024371418402,2024,371418402,2,9,0,-1,3,3,7,-1,0,0,0,0,0,0,2,1,-1,9,1,65,9,1399,2,18,FORD FIESTA,3,E01030255,0,1
2024440021854,2024,440021854,2,9,0,17,19,7,4,0,0,0,0,0,1,7,4,1,6,6,2,67,10,1560,2,10,FORD FIESTA,10,E01022590,0,1
2024131406780,2024,131406780,2,9,0,-1,8,5,1,-1,0,1,0,0,0,0,2,1,-1,6,2,44,7,998,1,1,FORD FIESTA,3,E01010703,0,2
2024302400282,2024,302400282,2,9,0,3,3,7,2,0,0,1,0,0,0,0,2,1,6,6,2,47,8,1388,1,12,FORD FIESTA,3,E01019508,0,3
2024361490268,2024,361490268,1,9,0,-1,19,5,1,-1,0,0,0,4,0,0,1,1,-1,6,2,18,4,1242,1,12,FORD FIESTA,4,E01026705,0,1
2024010504742,2024,010504742,2,9,0,99,99,9,9,99,99,9,0,99,0,0,9,9,6,6,1,40,7,1242,1,11,FORD FIESTA,3,E01002370,0,1
2024131496480,2024,131496480,1,9,0,-1,19,7,7,-1,0,0,0,0,0,0,2,1,-1,9,2,19,4,1242,1,8,FORD FIESTA,1,E01011667,0,1
2024201519229,2024,201519229,1,9,0,-1,19,3,7,-1,0,8,0,0,0,0,4,9,-1,6,2,40,7,998,1,10,FORD FIESTA,4,E01009169,0,1
2024451457140,2024,451457140,1,9,0,-1,7,3,7,-1,0,6,0,0,0,0,1,1,-1,6,1,87,11,1388,1,15,FORD FIESTA,4,E01030634,0,1
2024010551471,2024,010551471,2,9,0,7,7,5,7,0,0,1,0,0,0,0,4,1,6,6,2,30,6,1596,1,9,FORD FIESTA,7,E01030414,0,1
2024552401396,2024,552401396,1,9,0,9,9,4,2,0,0,5,0,0,0,0,4,1,6,6,2,19,4,998,1,6,FORD FIESTA,8,E01015422,0,1
2024461427779,2024,461427779,1,9,0,-1,4,6,2,-1,0,0,0,0,0,0,1,9,-1,6,1,25,5,-1,-1,-1,FORD FIESTA,3,E01016154,0,1
2024201484869,2024,201484869,1,9,0,-1,19,8,4,-1,0,6,0,0,0,0,1,9,-1,6,1,20,4,1242,1,14,FORD FIESTA,1,E01009204,0,1
2024631451398,2024,631451398,1,9,0,-1,19,7,4,-1,0,0,0,0,2,10,1,1,-1,9,1,19,4,1242,1,17,FORD FIESTA,8,W01000485,0,1
2024531490511,2024,531490511,1,9,0,-1,19,7,3,-1,0,1,0,0,0,0,1,9,-1,6,2,74,10,1242,1,14,FORD FIESTA,10,E01022220,0,1
2024010541569,2024,010541569,2,9,0,99,99,9,9,99,99,9,9,99,9,99,1,9,6,6,3,-1,-1,998,1,6,FORD FIESTA,-1,-1,0,-1
2024430192653,2024,430192653,2,9,0,18,19,8,4,0,0,6,0,0,0,0,1,1,6,6,1,-1,-1,1388,1,22,FORD FIESTA,-1,-1,0,-1
2024421440410,2024,421440410,1,9,0,-1,19,7,3,-1,0,4,0,0,0,0,1,1,-1,6,2,65,9,1242,1,18,FORD FIESTA,2,E01001549,0,3
2024161394507,2024,161394507,1,9,0,-1,19,5,1,-1,0,0,1,0,1,9,1,1,-1,6,2,18,4,1242,1,14,FORD FIESTA,1,E01012786,0,4
2024371509709,2024,371509709,2,9,0,-1,2,0,0,-1,4,0,0,0,0,0,2,1,-1,2,2,42,7,1499,2,8,FORD FIESTA,5,E01029961,0,1
2024501483242,2024,501483242,1,9,0,-1,19,5,1,-1,9,0,1,4,2,2,3,1,-1,9,1,18,4,998,1,1,FORD FIESTA,3,E01020118,0,1
2024631428572,2024,631428572,1,9,0,-1,9,6,4,-1,0,5,0,0,0,0,3,1,-1,6,1,18,4,1560,2,9,FORD FIESTA,6,W01000575,0,4
2024101490837,2024,101490837,2,9,0,-1,9,1,5,-1,0,8,0,0,0,0,4,2,-1,9,2,22,5,1242,1,7,FORD FIESTA,4,E01008640,0,1
2024161536627,2024,161536627,2,9,0,-1,9,1,7,-1,0,8,0,11,0,0,1,1,-1,9,1,34,6,1388,1,12,FORD FIESTA,3,E01012866,0,1
2024010523353,2024,010523353,1,9,0,99,99,9,9,99,99,9,9,99,9,99,9,9,6,6,3,34,6,1242,1,15,FORD FIESTA,-1,-1,0,-1
2024361469416,2024,361469416,1,9,0,-1,5,1,5,-1,0,0,0,0,0,0,1,1,-1,9,2,24,5,1560,2,15,FORD FIESTA,5,E01026788,0,1
2024211440076,2024,211440076,2,9,0,-1,9,8,2,-1,0,5,0,0,0,0,4,1,-1,9,1,36,7,1560,2,14,FORD FIESTA,2,E01014235,0,1
2024991413708,2024,991413708,5,9,0,-1,2,0,0,-1,0,1,0,0,0,0,3,1,-1,6,-1,-1,-1,999,1,4,FORD FIESTA,-1,-1,0,-1
2024421505798,2024,421505798,1,9,0,-1,19,7,3,-1,0,0,0,0,0,0,3,1,-1,9,2,20,4,998,1,6,FORD FIESTA,5,E01021313,0,1
2024201515156,2024,201515156,2,9,0,-1,3,1,1,-1,0,0,0,0,0,0,2,9,-1,6,1,20,4,998,1,5,FORD FIESTA,7,E01035055,0,4
2024211525202,2024,211525202,1,9,0,-1,5,5,1,-1,9,0,0,0,7,0,1,9,-1,6,1,21,5,1242,1,19,FORD FIESTA,-1,-1,0,-1
2024061419074,2024,061419074,2,9,0,-1,9,3,1,-1,0,8,0,0,0,0,3,1,-1,9,2,36,7,1388,1,12,FORD FIESTA,-1,-1,0,-1
2024371425495,2024,371425495,1,9,0,-1,19,7,3,-1,0,0,0,0,7,0,3,1,-1,6,1,76,11,1084,1,6,FORD FIESTA,6,E01030198,0,1
2024010506495,2024,010506495,2,9,0,9,9,5,2,0,0,6,0,0,0,0,1,1,2,2,1,36,7,1242,1,13,FORD FIESTA,3,E01000800,0,1
2024010511429,2024,010511429,2,9,0,18,19,3,7,0,0,8,0,0,0,0,3,1,6,6,1,92,11,1388,1,13,FORD FIESTA,9,E01002285,0,1
2024430437665,2024,430437665,4,9,0,3,3,1,5,0,0,0,0,0,0,0,2,1,6,6,2,26,6,1242,1,7,FORD FIESTA,7,E01035737,0,3
2024501451777,2024,501451777,3,9,0,-1,19,8,4,-1,0,0,0,0,0,0,1,1,-1,2,2,19,4,1242,1,16,FORD FIESTA,4,E01018862,0,3
2024201473675,2024,201473675,2,9,0,-1,19,8,4,-1,0,8,0,10,7,0,2,1,-1,9,2,47,8,1242,1,10,FORD FIESTA,3,E01010496,0,1
2024451467293,2024,451467293,4,9,0,-1,2,0,0,-1,0,0,0,0,0,0,1,1,-1,6,-1,-1,-1,998,1,10,FORD FIESTA,-1,-1,0,-1
2024471446743,2024,471446743,2,9,0,-1,19,5,1,-1,0,1,0,0,0,0,1,1,-1,2,2,22,5,998,1,6,FORD FIESTA,2,E01003267,0,4
2024471472812,2024,471472812,2,9,0,-1,5,3,5,-1,0,4,0,0,0,0,0,1,-1,6,1,27,6,998,1,5,FORD FIESTA,10,E01031803,0,1
2024131519923,2024,131519923,2,9,0,-1,19,5,5,-1,0,1,0,0,0,0,1,1,-1,6,2,36,7,1084,1,6,FORD FIESTA,6,E01011214,0,1
2024471523407,2024,471523407,2,9,0,-1,19,7,3,-1,0,0,0,0,0,0,1,1,-1,6,2,56,9,1388,1,14,FORD FIESTA,3,E01021060,0,2
2024991456877,2024,991456877,2,9,0,-1,2,0,0,-1,0,2,0,0,0,0,4,1,-1,6,-1,-1,-1,1499,2,8,FORD FIESTA,-1,-1,0,-1
2024010517644,2024,010517644,1,9,0,18,19,7,3,0,0,1,0,0,0,0,1,1,6,6,1,19,4,1242,1,13,FORD FIESTA,2,E01016040,0,4
2024302400397,2024,302400397,2,9,0,9,9,5,3,0,0,5,0,0,0,0,1,1,6,6,2,82,11,1596,1,18,FORD FIESTA,10,E01019831,0,1
2024141469171,2024,141469171,1,9,0,-1,19,8,4,-1,0,0,0,0,0,0,2,1,-1,9,1,80,11,998,1,2,FORD FIESTA,6,E01007468,0,3
2024622400151,2024,622400151,1,9,0,18,19,4,8,0,0,1,0,0,0,0,1,1,6,6,1,22,5,1242,1,9,FORD FIESTA,1,W01001308,0,1
2024201440961,2024,201440961,1,9,0,-1,5,5,1,-1,0,6,0,0,0,0,4,1,-1,9,2,33,6,1242,1,17,FORD FIESTA,-1,-1,0,-1
2024101520615,2024,101520615,1,9,0,-1,19,8,4,-1,0,0,0,0,1,0,1,1,-1,9,2,77,11,998,1,9,FORD FIESTA,10,E01033714,0,1
2024311525740,2024,311525740,2,9,0,-1,5,1,5,-1,0,0,0,0,0,0,4,1,-1,9,1,21,5,998,1,5,FORD FIESTA,-1,-1,0,-1
2024101412273,2024,101412273,1,9,0,-1,9,1,7,-1,0,8,0,0,0,0,4,1,-1,6,2,23,5,998,1,9,FORD FIESTA,6,E01008314,0,1
2024610045424,2024,610045424,1,9,0,18,19,8,4,0,0,8,0,0,0,0,1,1,1,1,1,58,9,1388,1,12,FORD FIESTA,1,W01001386,0,3
2024440083461,2024,440083461,2,9,0,4,4,3,7,0,0,3,0,0,0,0,2,1,6,6,1,39,7,1388,1,22,FORD FIESTA,6,E01022507,0,1
2024101411388,2024,101411388,2,9,0,-1,20,0,0,-1,0,1,0,0,0,0,3,1,-1,6,1,29,6,998,1,9,FORD FIESTA,1,E01008301,0,1
2024471480843,2024,471480843,1,9,0,-1,19,3,7,-1,0,8,0,0,0,0,3,1,-1,9,2,58,9,1242,1,11,FORD FIESTA,4,E01031836,0,1
2024401525334,2024,401525334,1,9,0,-1,9,6,4,-1,0,8,0,0,0,0,3,1,-1,2,1,22,5,1242,1,10,FORD FIESTA,4,E01017505,0,1
2024531520143,2024,531520143,1,9,0,-1,19,5,1,-1,0,0,0,0,0,0,1,1,-1,9,2,77,11,1242,1,8,FORD FIESTA,9,E01022304,0,1
2024361417257,2024,361417257,1,9,0,-1,9,3,7,-1,0,1,0,0,0,0,3,1,-1,9,2,86,11,999,1,2,FORD FIESTA,8,E01026461,0,1
2024041466656,2024,041466656,1,9,0,-1,19,5,1,-1,0,0,0,0,0,0,1,1,-1,6,2,68,10,998,1,2,FORD FIESTA,10,E01024965,0,1
2024302500298,2024,302500298,1,9,0,-1,19,3,7,-1,0,0,0,0,1,0,3,1,-1,9,1,79,11,1388,1,20,FORD FIESTA,10,E01019588,0,2
2024302400169,2024,302400169,1,9,0,5,5,7,5,0,0,1,0,0,0,0,1,1,6,6,2,23,5,1242,1,10,FORD FIESTA,6,E01019819,0,1
2024231420083,2024,231420083,1,9,0,-1,19,8,4,-1,0,0,0,0,7,0,3,1,-1,2,1,19,4,1399,2,15,FORD FIESTA,8,E01035035,0,3
2024320487118,2024,320487118,2,9,0,9,9,8,7,0,0,5,0,0,3,0,3,1,-1,-1,1,18,4,1242,1,13,FORD FIESTA,3,E01026102,0,1
2024542464324,2024,542464324,1,9,0,15,15,1,5,0,0,0,0,0,0,0,1,1,6,6,2,87,11,1388,1,14,FORD FIESTA,7,E01032110,0,1
2024052402730,2024,052402730,1,9,0,5,5,3,7,0,0,8,0,0,0,0,1,1,6,6,2,54,8,1242,1,16,FORD FIESTA,4,E01006747,0,1
2024101464191,2024,101464191,1,9,0,-1,19,2,6,-1,0,8,0,0,0,0,1,9,-1,6,1,20,4,998,1,9,FORD FIESTA,3,E01027462,0,2
2024311458622,2024,311458622,2,9,0,-1,2,0,0,-1,0,1,0,0,0,0,2,1,-1,6,-1,-1,-1,998,1,11,FORD FIESTA,-1,-1,0,-1
2024161419173,2024,161419173,1,9,0,-1,19,8,4,-1,0,8,0,0,0,0,1,9,-1,6,1,23,5,998,1,9,FORD FIESTA,1,E01012880,0,2
2024440149571,2024,440149571,2,9,0,18,19,4,8,0,0,1,0,0,0,0,1,1,6,6,1,-1,-1,998,1,7,FORD FIESTA,-1,-1,0,-1
2024010523770,2024,010523770,1,9,0,2,2,0,0,0,0,0,0,0,0,0,1,1,6,6,3,-1,-1,1242,1,13,FORD FIESTA,-1,-1,0,-1
2024361459250,2024,361459250,1,9,0,-1,19,8,4,-1,0,0,0,0,1,0,1,1,-1,9,1,20,4,1242,1,20,FORD FIESTA,3,E01026659,0,1
2024991400176,2024,991400176,1,9,0,-1,19,3,7,-1,0,0,0,0,7,0,1,1,-1,6,1,27,6,998,1,6,FORD FIESTA,8,-1,0,3
2024332401101,2024,332401101,2,9,0,-1,7,2,4,-1,5,6,0,0,0,0,1,1,-1,6,3,-1,-1,998,1,6,FORD FIESTA,-1,-1,0,-1
2024522401262,2024,522401262,1,9,0,5,5,3,7,0,0,4,0,0,0,0,1,1,6,6,1,19,4,1242,1,19,FORD FIESTA,7,E01014909,0,1
2024231416440,2024,231416440,1,9,0,-1,9,4,3,-1,0,4,0,0,0,0,1,1,-1,6,1,44,7,999,1,4,FORD FIESTA,6,E01035731,0,4
2024201440128,2024,201440128,2,9,0,-1,2,0,0,-1,0,0,0,0,0,0,2,1,-1,6,1,30,6,998,1,10,FORD FIESTA,7,E01009693,0,1
2024471488845,2024,471488845,2,9,0,-1,19,1,5,-1,0,1,0,0,0,0,3,1,-1,9,1,17,4,1242,1,12,FORD FIESTA,7,E01031566,0,1
202454F088724,2024,54F088724,1,9,0,18,19,3,7,0,0,0,0,0,0,0,1,1,2,2,2,18,4,1560,2,13,FORD FIESTA,6,E01032083,0,4
2024061485578,2024,061485578,2,9,0,-1,8,4,6,-1,0,0,0,10,2,11,1,1,-1,1,1,35,6,998,1,7,FORD FIESTA,-1,-1,0,-1
2024201503275,2024,201503275,1,9,0,-1,19,4,8,-1,0,1,0,0,0,0,1,9,-1,9,3,-1,-1,1388,1,16,FORD FIESTA,-1,-1,0,-1
2024552400795,2024,552400795,1,9,0,18,19,1,5,0,0,1,0,4,0,0,1,1,6,6,3,-1,-1,998,1,5,FORD FIESTA,-1,-1,0,-1
2024461454613,2024,461454613,2,9,0,-1,19,5,7,-1,0,1,0,0,0,0,1,9,-1,9,1,31,6,998,1,1,FORD FIESTA,5,E01016149,0,1
2024991461385,2024,991461385,1,9,0,-1,19,2,6,-1,0,0,0,0,0,0,1,1,-1,6,1,77,11,999,1,3,FORD FIESTA,1,-1,0,1
2024141467322,2024,141467322,2,9,0,-1,4,4,1,-1,0,0,0,0,0,0,1,1,-1,6,2,20,4,999,1,3,FORD FIESTA,1,E01008009,0,1
2024421514124,2024,421514124,2,9,0,-1,19,1,5,-1,0,0,0,0,0,0,2,1,-1,6,1,89,11,1242,1,17,FORD FIESTA,8,E01021333,0,4