collision_index,collision_year,collision_ref_no,vehicle_reference,vehicle_type,towing_and_articulation,vehicle_manoeuvre_historic,vehicle_manoeuvre,vehicle_direction_from,vehicle_direction_to,vehicle_location_restricted_lane_historic,vehicle_location_restricted_lane,junction_location,skidding_and_overturning,hit_object_in_carriageway,vehicle_leaving_carriageway,hit_object_off_carriageway,first_point_of_impact,vehicle_left_hand_drive,journey_purpose_of_driver_historic,journey_purpose_of_driver,sex_of_driver,age_of_driver,age_band_of_driver,engine_capacity_cc,propulsion_code,age_of_vehicle,generic_make_model,driver_imd_decile,lsoa_of_driver,escooter_flag,driver_distance_banding
2024430130934,2024,430130934,1,9,0,9,9,4,2,0,0,6,0,0,0,0,3,1,3,7,2,29,6,998,1,5,FORD FIESTA,5,E01017748,0,1
2024451408458,2024,451408458,2,9,0,-1,2,0,0,-1,0,0,0,0,0,0,4,1,-1,6,-1,-1,-1,998,1,6,FORD FIESTA,-1,-1,0,-1
2024361487293,2024,361487293,1,9,0,-1,10,4,1,-1,0,1,0,0,0,0,1,1,-1,6,1,23,5,1399,2,12,FORD FIESTA,2,E01026865,0,1
2024221420166,2024,221420166,3,9,0,-1,19,5,1,-1,0,8,0,0,0,0,1,9,-1,6,2,22,5,998,1,5,FORD FIESTA,9,E01031289,0,4
2024401471253,2024,401471253,2,9,0,-1,9,8,6,-1,0,2,0,0,7,3,3,1,-1,6,3,-1,-1,1499,2,9,FORD FIESTA,-1,-1,0,-1
2024461524177,2024,461524177,2,9,0,-1,2,7,7,-1,0,0,1,0,0,0,2,1,-1,6,2,54,8,1242,1,11,FORD FIESTA,3,E01000441,0,3
2024131488118,2024,131488118,3,9,0,-1,2,0,0,-1,0,8,0,0,0,0,3,1,-1,6,-1,-1,-1,998,1,10,FORD FIESTA,-1,-1,0,-1
2024320697961,2024,320697961,1,9,0,9,9,4,2,0,0,6,0,0,0,0,2,1,-1,-1,2,29,6,998,1,6,FORD FIESTA,5,E01018079,0,4
2024041499566,2024,041499566,1,9,0,-1,19,6,2,-1,0,0,0,0,0,0,4,1,-1,9,1,21,5,998,1,5,FORD FIESTA,4,E01024891,0,1
2024991534765,2024,991534765,2,9,0,-1,2,0,0,-1,0,0,0,0,0,0,2,1,-1,6,-1,-1,-1,999,1,3,FORD FIESTA,-1,-1,0,-1
2024201436222,2024,201436222,2,9,0,-1,9,7,4,-1,0,5,0,0,0,0,1,9,-1,6,2,58,9,1242,1,9,FORD FIESTA,1,E01009056,0,1
2024440276755,2024,440276755,1,9,0,18,19,5,1,0,0,0,0,0,0,0,1,1,2,2,2,39,7,1242,1,9,FORD FIESTA,7,E01017294,0,2
2024451461373,2024,451461373,1,9,0,-1,3,1,5,-1,0,8,0,0,0,0,2,1,-1,9,1,20,4,1242,1,12,FORD FIESTA,10,E01030379,0,1
2024101458055,2024,101458055,2,9,0,-1,3,3,7,-1,0,0,0,0,0,0,2,1,-1,9,1,63,9,1242,1,10,FORD FIESTA,-1,-1,0,-1
2024471441685,2024,471441685,1,9,0,-1,19,6,2,-1,0,0,0,4,0,0,3,1,-1,9,1,52,8,1399,2,14,FORD FIESTA,7,E01031374,0,1
2024041520260,2024,041520260,1,9,0,-1,19,4,8,-1,0,0,0,0,0,0,1,1,-1,9,2,41,7,999,1,2,FORD FIESTA,6,E01025433,0,3
2024631446629,2024,631446629,1,9,0,-1,19,2,6,-1,0,0,1,0,8,10,1,1,-1,9,1,19,4,998,1,6,FORD FIESTA,6,W01000477,0,4
2024010523338,2024,010523338,4,9,0,18,19,3,7,0,0,2,0,0,0,0,2,1,6,6,2,22,5,1388,1,13,FORD FIESTA,9,E01002288,0,1
2024610030324,2024,610030324,1,9,0,18,19,5,1,0,0,8,0,0,0,0,4,1,6,6,3,-1,-1,998,1,9,FORD FIESTA,-1,-1,0,-1
2024471395201,2024,471395201,1,9,0,-1,19,1,5,-1,0,8,0,0,0,0,4,1,-1,9,2,54,8,1596,1,11,FORD FIESTA,8,E01020953,0,1
2024340WN6532,2024,340WN6532,1,9,0,-1,19,7,3,-1,0,0,2,10,1,9,4,1,-1,6,1,19,4,1388,1,16,FORD FIESTA,8,E01032985,0,2
2024991490861,2024,991490861,1,9,0,-1,19,5,1,-1,0,8,0,0,0,0,1,1,-1,2,2,60,9,1499,2,11,FORD FIESTA,3,-1,0,1
2024520001753,2024,520001753,2,9,0,18,19,3,7,0,0,8,0,0,0,0,4,1,6,6,1,67,10,998,1,8,FORD FIESTA,3,E01014461,0,1
2024991478636,2024,991478636,1,9,0,-1,19,2,6,-1,0,2,0,0,0,0,1,1,-1,9,1,26,6,1596,1,7,FORD FIESTA,2,-1,0,1
2024461495628,2024,461495628,1,9,0,-1,19,7,3,-1,0,0,0,0,0,0,1,9,-1,6,2,-1,-1,998,1,5,FORD FIESTA,4,E01024364,0,1
2024111476110,2024,111476110,1,9,0,-1,19,3,7,-1,0,0,0,0,0,0,4,1,-1,6,2,51,8,1242,1,12,FORD FIESTA,4,E01012364,0,1
2024231449817,2024,231449817,2,9,0,-1,19,6,2,-1,0,8,0,0,0,0,2,1,-1,2,2,26,6,1560,2,15,FORD FIESTA,1,E01009605,0,1
2024631475626,2024,631475626,3,9,0,-1,19,6,1,-1,0,0,1,0,0,0,1,1,-1,9,1,18,4,1499,2,7,FORD FIESTA,10,W01000640,0,3
2024161437710,2024,161437710,2,9,0,-1,19,1,5,-1,0,0,0,0,1,0,1,1,-1,1,1,29,6,998,1,4,FORD FIESTA,8,E01012983,0,3
2024991427174,2024,991427174,1,9,0,-1,19,6,8,-1,0,2,0,0,0,0,1,1,-1,6,1,74,10,999,1,3,FORD FIESTA,4,-1,0,1
2024461401116,2024,461401116,1,9,0,-1,4,3,7,-1,0,1,0,0,0,0,1,1,-1,1,2,21,5,1242,1,20,FORD FIESTA,1,E01024609,0,2
2024010486824,2024,010486824,1,9,0,18,19,7,3,0,0,0,1,4,0,0,3,1,6,6,2,40,7,998,1,6,FORD FIESTA,8,E01002366,0,1
2024101461852,2024,101461852,2,9,0,-1,10,4,6,-1,0,1,0,0,0,0,3,1,-1,2,2,18,4,1084,1,4,FORD FIESTA,9,E01027367,0,3
2024371439756,2024,371439756,2,9,0,-1,4,7,4,-1,0,0,0,0,0,0,2,1,-1,2,2,34,6,1242,1,8,FORD FIESTA,4,E01029960,0,1
2024622400687,2024,622400687,1,9,0,4,4,8,4,0,0,0,0,0,0,0,2,1,2,2,1,27,6,1399,2,18,FORD FIESTA,2,W01001282,0,3
2024010524172,2024,010524172,1,9,0,99,99,9,9,99,99,9,9,99,9,99,2,9,6,6,1,33,6,1596,1,17,FORD FIESTA,8,E01002321,0,1
2024531531858,2024,531531858,2,9,0,-1,19,5,7,-1,0,2,0,0,0,0,1,1,-1,2,2,58,9,1388,1,17,FORD FIESTA,9,E01022136,0,1
2024201514340,2024,201514340,1,9,0,-1,13,5,3,-1,0,8,0,10,0,0,4,1,-1,6,1,-1,-1,998,1,7,FORD FIESTA,-1,-1,0,-1
2024371439295,2024,371439295,1,9,0,-1,19,-1,-1,-1,0,0,0,0,0,0,4,9,-1,9,2,42,7,1388,1,15,FORD FIESTA,6,E01030220,0,3
2024070108786,2024,070108786,1,9,0,18,19,8,4,0,0,0,0,0,0,11,4,1,6,6,2,75,10,998,1,6,FORD FIESTA,9,E01018536,0,1
2024231482166,2024,231482166,2,9,0,-1,19,5,3,-1,0,8,5,0,0,0,1,9,-1,6,1,49,8,1242,1,14,FORD FIESTA,3,E01009596,0,3
2024471527145,2024,471527145,1,9,0,-1,19,2,7,-1,0,0,0,0,2,2,1,1,-1,9,1,80,11,1242,1,16,FORD FIESTA,5,E01020999,0,1
2024991426673,2024,991426673,1,9,0,-1,9,6,3,-1,0,2,0,0,0,0,4,1,-1,6,1,22,5,1596,1,15,FORD FIESTA,3,-1,0,4
2024052401410,2024,052401410,1,9,0,5,5,5,1,0,0,0,0,0,0,0,1,1,6,6,1,-1,-1,1399,2,13,FORD FIESTA,-1,-1,0,-1
2024610038824,2024,610038824,2,9,0,18,19,3,7,0,0,1,0,0,0,0,1,1,2,2,1,37,7,998,1,11,FORD FIESTA,4,W01001665,0,1
2024010541376,2024,010541376,1,9,0,9,9,3,2,0,0,5,0,0,0,0,0,1,6,6,1,18,4,999,1,4,FORD FIESTA,4,E01003734,0,2
2024461397529,2024,461397529,1,9,0,-1,19,-1,-1,-1,0,0,0,0,0,0,1,9,-1,6,1,44,7,1242,1,13,FORD FIESTA,9,E01024386,0,1
2024461399578,2024,461399578,1,9,0,-1,19,3,7,-1,0,8,0,0,0,0,1,9,-1,6,2,24,5,1084,1,5,FORD FIESTA,2,E01032815,0,1
2024361499734,2024,361499734,2,9,0,-1,19,1,5,-1,0,1,0,0,0,0,1,1,-1,6,2,26,6,1388,1,13,FORD FIESTA,8,E01030121,0,3
2024421414989,2024,421414989,1,9,0,-1,19,-1,-1,-1,0,0,0,0,0,0,4,1,-1,6,3,-1,-1,1388,1,17,FORD FIESTA,-1,-1,0,-1
2024061465073,2024,061465073,1,9,0,-1,6,4,8,-1,0,0,0,0,0,0,0,1,-1,9,1,27,6,998,1,6,FORD FIESTA,-1,-1,0,-1
2024461477855,2024,461477855,1,9,0,-1,3,4,8,-1,0,0,0,0,0,0,2,1,-1,9,2,25,5,1242,1,13,FORD FIESTA,5,E01024033,0,2
2024131447914,2024,131447914,2,9,0,-1,19,3,7,-1,0,0,0,0,0,0,1,1,-1,9,1,21,5,999,1,4,FORD FIESTA,1,E01011466,0,1
2024010509652,2024,010509652,1,9,0,99,99,9,9,99,99,9,9,99,9,99,1,9,6,6,3,-1,-1,1242,1,15,FORD FIESTA,-1,-1,0,-1
2024340NN9062,2024,340NN9062,2,9,0,-1,19,5,1,-1,0,0,0,0,0,0,1,1,-1,6,1,63,9,1399,2,12,FORD FIESTA,8,E01021920,0,5
2024451397017,2024,451397017,1,9,0,-1,19,1,1,-1,0,0,0,0,0,0,4,1,-1,1,2,54,8,1242,1,9,FORD FIESTA,10,E01003899,0,2
2024471494655,2024,471494655,1,9,0,-1,19,4,2,-1,0,0,1,0,1,1,1,1,-1,9,1,18,4,998,1,10,FORD FIESTA,4,E01021207,0,2
2024501501281,2024,501501281,1,9,0,-1,19,3,5,-1,9,0,5,0,7,4,1,1,-1,9,2,19,4,1242,1,7,FORD FIESTA,9,E01019949,0,1
2024421510281,2024,421510281,1,9,0,-1,5,7,3,-1,0,1,0,0,0,0,1,1,-1,6,2,18,4,1242,1,16,FORD FIESTA,8,E01015876,0,2
2024010507555,2024,010507555,2,9,0,4,4,5,1,0,0,2,0,4,0,0,1,1,6,6,2,40,7,1388,1,19,FORD FIESTA,7,E01002349,0,1
2024052400418,2024,052400418,2,9,0,18,19,4,8,0,0,0,0,0,4,0,2,1,6,6,2,34,6,998,1,9,FORD FIESTA,1,E01006980,0,2
2024061529035,2024,061529035,1,9,0,-1,-1,-1,-1,-1,-1,0,-1,-1,-1,0,-1,2,-1,6,3,-1,-1,1596,1,19,FORD FIESTA,-1,-1,0,-1
2024991418316,2024,991418316,1,9,0,-1,19,8,4,-1,0,0,1,0,0,0,3,1,-1,6,2,41,7,1242,1,11,FORD FIESTA,3,-1,0,1
2024302401593,2024,302401593,2,9,0,9,9,5,2,0,0,7,0,0,0,0,1,1,6,6,1,34,6,1084,1,5,FORD FIESTA,9,E01029686,0,4
2024052401668,2024,052401668,2,9,0,3,3,1,5,0,0,0,0,0,0,0,1,1,6,6,2,52,8,1084,1,6,FORD FIESTA,4,E01006846,0,1
2024471507113,2024,471507113,1,9,0,-1,19,2,6,-1,0,1,0,0,0,0,4,1,-1,6,1,60,9,1388,1,17,FORD FIESTA,5,E01024420,0,4
2024401399439,2024,401399439,1,9,0,-1,19,-1,-1,-1,0,0,0,0,0,0,1,9,-1,6,2,79,11,998,1,7,FORD FIESTA,7,E01017420,0,3
2024131425506,2024,131425506,1,9,0,-1,19,1,5,-1,0,0,0,0,0,0,1,1,-1,6,2,74,10,998,1,2,FORD FIESTA,10,E01011198,0,2
2024211458185,2024,211458185,2,9,0,-1,13,3,6,-1,0,8,0,0,7,0,1,1,-1,6,1,19,4,1999,1,17,FORD FIESTA,7,E01019612,0,4
2024421528487,2024,421528487,1,9,0,-1,14,3,7,-1,0,0,0,0,0,0,2,1,-1,6,3,25,5,1596,1,10,FORD FIESTA,-1,-1,0,-1
2024010543772,2024,010543772,1,9,0,99,99,9,9,99,99,9,9,99,9,99,2,9,6,6,1,20,4,998,1,6,FORD FIESTA,8,E01000426,0,1
2024052402502,2024,052402502,1,9,0,9,9,5,3,0,0,1,0,0,0,0,1,1,6,6,1,45,7,1242,1,18,FORD FIESTA,1,E01007295,0,1
2024552400837,2024,552400837,5,9,0,2,2,0,0,0,0,0,0,0,0,0,3,1,6,6,3,-1,-1,1242,1,18,FORD FIESTA,-1,-1,0,-1
2024010530480,2024,010530480,2,9,0,5,5,0,1,0,0,0,0,0,0,0,0,1,6,6,3,-1,-1,1499,2,6,FORD FIESTA,-1,-1,0,-1
2024631518177,2024,631518177,1,9,0,-1,19,6,2,-1,0,1,0,0,0,0,1,1,-1,9,1,34,6,1242,1,7,FORD FIESTA,3,W01000657,0,1
2024010546067,2024,010546067,3,9,0,2,2,0,0,0,0,0,0,0,7,0,2,1,6,6,3,-1,-1,1388,1,12,FORD FIESTA,-1,-1,0,-1
2024461483171,2024,461483171,2,9,0,-1,3,7,1,-1,0,0,0,0,0,0,1,1,-1,6,2,27,6,998,1,8,FORD FIESTA,10,E01024811,0,1
2024052401946,2024,052401946,3,9,0,5,5,1,5,0,0,1,0,0,0,0,1,1,6,6,3,-1,-1,998,1,7,FORD FIESTA,-1,-1,0,-1
2024421455444,2024,421455444,1,9,0,-1,5,4,1,-1,0,6,0,0,0,0,3,1,-1,2,1,21,5,998,1,11,FORD FIESTA,4,E01015957,0,1
2024440396347,2024,440396347,1,9,0,18,19,7,3,0,0,0,0,0,1,9,1,1,6,6,1,23,5,1242,1,14,FORD FIESTA,8,E01030390,0,4
2024421491733,2024,421491733,1,9,0,-1,4,3,6,-1,0,0,0,0,0,0,1,1,-1,6,2,24,5,1388,1,12,FORD FIESTA,5,E01021262,0,3
2024070162140,2024,070162140,2,9,0,3,3,7,3,0,0,1,0,0,0,0,2,1,6,6,1,18,4,1242,1,13,FORD FIESTA,4,E01018447,0,1
2024061509593,2024,061509593,2,9,0,-1,9,-1,-1,-1,0,5,0,0,0,0,4,1,-1,6,3,-1,-1,1242,1,14,FORD FIESTA,-1,-1,0,-1
2024041516979,2024,041516979,2,9,0,-1,19,3,1,-1,0,0,1,0,8,10,1,1,-1,7,1,18,4,1596,1,20,FORD FIESTA,8,E01025109,0,4
2024421492390,2024,421492390,1,9,0,-1,19,7,3,-1,0,4,0,0,0,0,1,1,-1,6,1,55,8,1388,1,21,FORD FIESTA,9,E01021462,0,3
2024471515915,2024,471515915,2,9,0,-1,2,0,0,-1,0,0,0,0,0,0,0,9,-1,6,3,-1,-1,1242,1,15,FORD FIESTA,-1,-1,0,-1
2024302400190,2024,302400190,2,9,0,18,19,6,2,0,0,0,0,0,0,0,4,1,6,6,2,20,4,998,1,10,FORD FIESTA,5,E01019480,0,1
2024201412453,2024,201412453,1,9,0,-1,19,5,1,-1,0,0,0,0,0,0,1,9,-1,6,1,28,6,-1,-1,-1,FORD FIESTA,4,E01009879,0,3
2024991400539,2024,991400539,1,9,0,-1,19,3,7,-1,0,0,5,0,1,9,1,1,-1,9,1,23,5,1560,2,14,FORD FIESTA,8,-1,0,5
2024131419518,2024,131419518,1,9,0,-1,19,1,5,-1,0,0,0,10,0,0,1,1,-1,6,2,28,6,1596,1,16,FORD FIESTA,6,E01010909,0,2
2024320727688,2024,320727688,1,9,0,5,5,1,3,0,0,0,0,0,0,0,1,1,-1,-1,1,44,7,1596,1,9,FORD FIESTA,9,E01026401,0,1
2024546677824,2024,546677824,2,9,0,18,19,5,1,0,0,0,0,0,0,0,1,1,6,6,1,20,4,998,1,5,FORD FIESTA,8,E01015500,0,2
2024340NN1132,2024,340NN1132,1,9,0,-1,19,2,6,-1,0,0,0,0,1,11,1,1,-1,6,1,71,10,-1,-1,-1,FORD FIESTA,6,E01027062,0,1
2024231515614,2024,231515614,1,9,0,-1,19,8,4,-1,0,0,0,0,0,0,4,9,-1,6,2,38,7,998,1,11,FORD FIESTA,2,E01031046,0,1
2024421482159,2024,421482159,1,9,0,-1,19,4,8,-1,0,1,0,0,0,0,1,9,-1,6,2,-1,-1,998,1,6,FORD FIESTA,-1,-1,0,-1
2024991485952,2024,991485952,3,9,0,-1,19,1,5,-1,0,0,0,0,0,0,2,1,-1,9,1,31,6,1084,1,5,FORD FIESTA,2,-1,0,3
2024131406250,2024,131406250,1,9,0,-1,19,5,1,-1,0,3,0,0,1,11,1,1,-1,9,1,20,4,998,1,10,FORD FIESTA,2,E01025069,0,4
2024131513076,2024,131513076,2,9,0,-1,19,2,6,-1,0,1,0,0,0,0,2,1,-1,6,2,60,9,1242,1,13,FORD FIESTA,1,E01011756,0,1
2024320132341,2024,320132341,1,9,0,-1,-1,6,2,0,0,1,0,0,0,0,1,1,-1,-1,2,27,6,1388,1,14,FORD FIESTA,7,E01026275,0,3
2024131413735,2024,131413735,1,9,0,-1,5,3,7,-1,0,8,0,0,1,10,1,1,-1,9,2,40,7,1388,1,13,FORD FIESTA,3,E01011691,0,2
2024161401081,2024,161401081,2,9,0,-1,4,3,7,-1,0,1,0,0,0,0,1,9,-1,6,1,21,5,1560,2,15,FORD FIESTA,1,E01012761,0,1
2024622400113,2024,622400113,1,9,0,17,19,3,8,0,0,8,1,0,1,11,1,1,6,6,1,17,4,1242,1,12,FORD FIESTA,5,W01001065,0,1
2024440420445,2024,440420445,2,9,0,18,19,4,8,0,0,8,0,0,0,0,1,1,6,6,1,-1,-1,1496,1,5,FORD FIESTA,-1,-1,0,-1
2024221442288,2024,221442288,2,9,0,-1,19,5,1,-1,0,0,0,0,0,0,1,1,-1,6,2,20,4,998,1,1,FORD FIESTA,3,E01032432,0,1
2024411404254,2024,411404254,1,9,0,-1,3,1,5,-1,0,0,0,0,0,0,1,1,-1,9,2,51,8,999,1,2,FORD FIESTA,7,E01018271,0,3
2024440427077,2024,440427077,1,9,0,18,19,1,5,0,0,8,0,0,0,0,1,1,2,2,1,50,8,998,1,6,FORD FIESTA,10,E01034724,0,3
2024221498216,2024,221498216,1,9,0,-1,9,8,5,-1,0,6,0,0,0,0,3,1,-1,6,1,19,4,998,1,8,FORD FIESTA,6,E01022253,0,1
2024211500771,2024,211500771,2,9,0,-1,19,2,6,-1,0,0,0,0,0,0,1,1,-1,6,2,25,5,998,1,7,FORD FIESTA,5,E01010399,0,2
2024061471278,2024,061471278,2,9,0,-1,19,4,8,-1,0,8,0,0,0,0,2,1,-1,9,2,52,8,1084,1,1,FORD FIESTA,-1,-1,0,-1
2024622400361,2024,622400361,1,9,0,16,19,2,6,0,0,0,0,0,0,0,1,1,2,2,2,27,6,1242,1,8,FORD FIESTA,4,W01001165,0,1
2024311498032,2024,311498032,2,9,0,-1,9,2,8,-1,0,8,0,0,0,0,4,1,-1,9,1,18,4,1242,1,11,FORD FIESTA,-1,-1,0,-1
2024201397200,2024,201397200,2,9,0,-1,19,5,1,-1,0,0,0,0,0,0,2,1,-1,9,2,19,4,998,1,10,FORD FIESTA,-1,-1,0,-1
202454B052024,2024,54B052024,1,9,0,18,19,7,3,0,0,1,0,0,0,0,1,1,6,6,1,22,5,1388,1,15,FORD FIESTA,6,E01032073,0,1
2024461493022,2024,461493022,1,9,0,-1,19,5,1,-1,0,4,0,0,0,0,1,1,-1,6,2,-1,-1,1388,1,17,FORD FIESTA,-1,-1,0,-1
2024501498531,2024,501498531,1,9,0,-1,9,1,5,-1,0,1,0,0,0,0,2,1,-1,6,1,56,9,1499,2,7,FORD FIESTA,6,E01020179,0,1
2024041454549,2024,041454549,1,9,0,-1,19,7,3,-1,0,0,0,0,6,2,1,1,-1,9,2,70,10,1388,1,13,FORD FIESTA,10,E01024968,0,1
2024552401323,2024,552401323,1,9,0,18,19,6,2,0,0,0,0,0,0,0,1,1,6,6,1,42,7,1388,1,13,FORD FIESTA,7,E01026881,0,5
2024161431670,2024,161431670,2,9,0,-1,19,6,2,-1,0,8,0,0,0,0,1,9,-1,6,2,32,6,1242,1,10,FORD FIESTA,-1,-1,0,-1
2024471464617,2024,471464617,1,9,0,-1,4,2,6,-1,0,2,0,0,0,0,1,1,-1,6,2,52,8,1084,1,7,FORD FIESTA,8,E01024730,0,3
2024501420840,2024,501420840,1,9,0,-1,19,1,5,-1,0,0,5,0,0,0,4,1,-1,2,2,26,6,1242,1,15,FORD FIESTA,8,E01018805,0,3
2024440320358,2024,440320358,1,9,0,18,19,3,7,0,0,1,1,10,1,11,4,1,6,6,1,18,4,998,1,7,FORD FIESTA,2,E01009100,0,5
2024610051124,2024,610051124,2,9,0,9,9,7,5,0,0,8,0,0,0,0,1,1,6,6,1,18,4,1242,1,13,FORD FIESTA,3,W01001541,0,2
2024010538362,2024,010538362,1,9,0,18,19,5,1,0,0,0,0,0,0,0,1,1,6,6,3,-1,-1,1242,1,18,FORD FIESTA,-1,-1,0,-1
2024501397954,2024,501397954,1,9,0,-1,5,1,2,-1,0,8,0,0,0,0,3,1,-1,9,1,33,6,998,1,10,FORD FIESTA,8,E01020504,0,4
2024010545797,2024,010545797,3,9,0,5,5,3,7,0,0,0,0,0,0,0,3,1,6,6,2,35,6,1596,1,13,FORD FIESTA,3,E01000783,0,1
2024461429750,2024,461429750,2,9,0,-1,19,8,5,-1,0,0,0,0,0,0,2,9,-1,9,2,50,8,1596,1,14,FORD FIESTA,2,E01016024,0,1
2024991535240,2024,991535240,1,9,0,-1,19,4,8,-1,0,0,0,0,0,0,1,1,-1,9,2,27,6,1388,1,16,FORD FIESTA,8,-1,0,2
2024991502125,2024,991502125,1,9,0,-1,19,6,2,-1,0,0,0,0,0,0,1,1,-1,6,1,19,4,1084,1,2,FORD FIESTA,7,-1,0,3
2024221454239,2024,221454239,2,9,0,-1,19,7,3,-1,0,8,0,0,0,0,1,1,-1,2,2,48,8,1242,1,7,FORD FIESTA,2,E01013993,0,3
2024461524162,2024,461524162,1,9,0,-1,19,3,7,-1,0,8,0,0,0,0,1,9,-1,6,2,37,7,1242,1,14,FORD FIESTA,7,E01016139,0,2
2024010494714,2024,010494714,2,9,0,18,19,5,1,0,0,1,0,0,0,0,0,1,1,1,2,50,8,998,1,11,FORD FIESTA,2,E01003576,0,1
2024010514274,2024,010514274,1,9,0,18,19,3,7,0,0,0,0,0,0,0,1,1,2,2,1,18,4,998,1,9,FORD FIESTA,4,E01002324,0,1
2024101424875,2024,101424875,1,9,0,-1,9,1,2,-1,0,5,0,0,0,0,1,1,-1,6,1,45,7,998,1,5,FORD FIESTA,3,E01008595,0,1
202460Q116387,2024,60Q116387,2,9,0,2,2,0,0,9,9,0,0,4,0,0,2,1,6,6,1,22,5,1560,2,14,FORD FIESTA,-1,-1,0,-1
2024520403270,2024,520403270,2,9,0,16,19,1,7,0,0,1,0,0,0,0,1,1,6,6,1,49,8,1596,1,8,FORD FIESTA,5,E01029222,0,1
2024061447437,2024,061447437,2,9,0,-1,19,7,3,-1,0,8,0,0,0,0,1,1,-1,9,2,22,5,1596,1,17,FORD FIESTA,2,E01005460,0,2
2024430479148,2024,430479148,1,9,0,18,19,2,6,0,0,0,0,0,0,0,1,1,6,6,1,50,8,1242,1,11,FORD FIESTA,10,E01033969,0,2
2024311476724,2024,311476724,1,9,0,-1,19,1,5,-1,0,1,0,0,0,0,1,1,-1,6,2,22,5,1084,1,6,FORD FIESTA,7,E01028287,0,1
2024549651824,2024,549651824,1,9,0,18,19,3,7,0,0,0,1,0,1,1,1,1,1,1,1,45,7,1242,1,13,FORD FIESTA,3,E01031856,0,1
2024010498326,2024,010498326,1,9,0,2,2,0,0,9,9,0,0,0,0,0,1,1,6,6,3,-1,-1,1242,1,15,FORD FIESTA,-1,-1,0,-1
2024031491607,2024,031491607,1,9,0,-1,19,1,5,-1,0,0,2,0,0,0,4,1,-1,2,2,19,4,1388,1,17,FORD FIESTA,-1,-1,0,-1
2024430446692,2024,430446692,1,9,0,18,19,7,3,0,0,1,0,0,0,0,1,1,2,2,2,19,4,998,1,4,FORD FIESTA,9,E01016800,0,3
2024010500458,2024,010500458,2,9,0,99,99,9,9,99,99,0,9,99,9,99,9,9,6,6,3,36,7,1242,1,18,FORD FIESTA,6,E01030833,0,4
2024302401547,2024,302401547,2,9,0,18,19,4,8,0,0,0,1,0,0,0,1,1,6,6,1,17,4,1242,1,15,FORD FIESTA,3,E01013471,0,1
2024631454108,2024,631454108,1,9,0,-1,12,4,1,-1,0,0,1,0,0,0,3,1,-1,9,1,23,5,1399,2,17,FORD FIESTA,4,W01000516,0,3
2024201511456,2024,201511456,1,9,0,-1,19,3,7,-1,0,1,0,0,0,0,1,1,-1,6,2,26,6,998,1,11,FORD FIESTA,10,E01009694,0,1
2024201500956,2024,201500956,1,9,0,-1,19,8,4,-1,0,0,0,0,0,0,1,9,-1,6,2,31,6,999,1,4,FORD FIESTA,5,E01009519,0,1
2024501428996,2024,501428996,1,9,0,-1,9,7,5,-1,0,1,0,0,0,0,3,1,-1,7,2,54,8,999,8,1,FORD FIESTA,1,E01015044,0,1
2024010498745,2024,010498745,3,9,0,3,3,7,3,0,0,1,0,0,0,0,1,1,6,6,2,27,6,998,1,11,FORD FIESTA,2,E01001558,0,1
2024061489791,2024,061489791,1,9,0,-1,4,7,3,-1,0,0,0,0,0,0,1,1,-1,9,1,19,4,1242,1,11,FORD FIESTA,7,E01034268,0,4
2024421505696,2024,421505696,2,9,0,-1,19,1,5,-1,0,0,0,0,0,0,1,1,-1,9,1,18,4,1242,1,12,FORD FIESTA,8,E01021783,0,1
2024461416732,2024,461416732,1,9,0,-1,1,5,1,-1,0,8,0,0,8,11,2,9,-1,6,3,-1,-1,1242,1,14,FORD FIESTA,-1,-1,0,-1
2024231491015,2024,231491015,1,9,0,-1,9,3,8,-1,0,6,0,0,0,0,1,1,-1,9,1,19,4,1242,1,14,FORD FIESTA,2,E01031044,0,1
2024522402660,2024,522402660,1,9,0,5,5,2,6,0,0,2,0,0,0,0,1,1,6,6,1,19,4,998,1,6,FORD FIESTA,9,E01014779,0,2
2024041506157,2024,041506157,1,9,0,-1,19,5,1,-1,0,0,0,0,7,6,4,1,-1,9,1,68,10,998,1,5,FORD FIESTA,5,E01023095,0,5
2024991455489,2024,991455489,1,9,0,-1,19,3,7,-1,0,0,0,0,0,0,1,1,-1,6,1,18,4,1499,2,9,FORD FIESTA,-1,-1,0,-1
2024131462473,2024,131462473,1,9,0,-1,19,7,3,-1,0,0,0,0,0,0,1,1,-1,2,1,53,8,998,1,5,FORD FIESTA,6,E01010932,0,1
2024440431218,2024,440431218,1,9,0,18,19,8,4,0,0,6,0,0,0,0,3,1,1,1,1,34,6,998,1,11,FORD FIESTA,-1,-1,0,-1
2024522401190,2024,522401190,2,9,0,18,19,5,1,0,0,0,0,0,0,0,1,1,2,2,1,22,5,998,1,10,FORD FIESTA,-1,-1,0,-1
2024421423306,2024,421423306,1,9,0,-1,13,8,5,-1,0,0,0,0,0,0,1,1,-1,2,1,31,6,1388,1,16,FORD FIESTA,9,E01015913,0,1
2024440371671,2024,440371671,1,9,0,18,19,3,7,0,0,0,0,0,8,4,3,1,6,6,1,17,4,1560,2,14,FORD FIESTA,9,E01023281,0,1