collision_index,collision_year,collision_ref_no,vehicle_reference,vehicle_type,towing_and_articulation,vehicle_manoeuvre_historic,vehicle_manoeuvre,vehicle_direction_from,vehicle_direction_to,vehicle_location_restricted_lane_historic,vehicle_location_restricted_lane,junction_location,skidding_and_overturning,hit_object_in_carriageway,vehicle_leaving_carriageway,hit_object_off_carriageway,first_point_of_impact,vehicle_left_hand_drive,journey_purpose_of_driver_historic,journey_purpose_of_driver,sex_of_driver,age_of_driver,age_band_of_driver,engine_capacity_cc,propulsion_code,age_of_vehicle,generic_make_model,driver_imd_decile,lsoa_of_driver,escooter_flag,driver_distance_banding
2024361503557,2024,361503557,1,9,0,-1,3,3,7,-1,0,2,0,0,0,0,3,1,-1,6,2,26,6,1242,1,9,FORD FIESTA,2,E01035134,0,1
2024320412575,2024,320412575,1,9,0,-1,-1,4,8,9,9,0,0,0,0,0,0,1,6,6,3,-1,-1,1596,1,10,FORD FIESTA,-1,-1,0,-1
2024501432163,2024,501432163,1,9,0,-1,19,6,1,-1,0,1,0,0,0,0,1,9,-1,6,2,67,10,998,1,10,FORD FIESTA,6,E01020106,0,4
2024461422495,2024,461422495,3,9,0,-1,19,4,8,-1,0,0,0,0,0,0,1,1,-1,9,1,17,4,1084,1,6,FORD FIESTA,7,E01024157,0,4
2024371507553,2024,371507553,2,9,0,-1,4,7,3,-1,0,0,0,0,0,0,1,1,-1,9,1,39,7,1399,2,12,FORD FIESTA,2,E01029987,0,2
2024320082736,2024,320082736,2,9,0,4,4,2,6,0,0,0,0,0,0,0,2,1,6,6,2,45,7,1560,2,15,FORD FIESTA,2,E01026108,0,3
2024211501931,2024,211501931,2,9,0,-1,19,1,1,-1,0,8,0,0,1,0,1,1,-1,9,1,58,9,1242,1,14,FORD FIESTA,10,E01029770,0,1
2024041458655,2024,041458655,1,9,0,-1,19,5,1,-1,0,0,2,0,0,0,1,1,-1,1,2,24,5,1388,1,17,FORD FIESTA,1,E01025445,0,1
2024201480585,2024,201480585,2,9,0,-1,9,8,6,-1,0,1,0,0,0,0,2,1,-1,9,1,25,5,998,1,8,FORD FIESTA,2,E01010563,0,4
2024411419155,2024,411419155,1,9,0,-1,11,7,3,-1,0,0,0,0,0,0,0,1,-1,6,1,29,6,1242,1,10,FORD FIESTA,2,E01023404,0,2
2024010524738,2024,010524738,4,9,0,4,4,5,1,0,0,0,0,0,0,0,1,1,6,6,1,19,4,1242,1,12,FORD FIESTA,5,E01001315,0,1
2024471507154,2024,471507154,1,9,0,-1,8,8,4,-1,0,4,0,0,0,0,2,1,-1,9,2,26,6,1242,1,9,FORD FIESTA,6,E01035330,0,1
2024471517059,2024,471517059,1,9,0,-1,19,3,7,-1,0,0,0,0,0,0,1,1,-1,6,1,33,6,1399,2,18,FORD FIESTA,3,E01031453,0,1
2024311535685,2024,311535685,1,9,0,-1,3,1,6,-1,0,2,0,0,1,0,1,1,-1,9,2,40,7,998,1,6,FORD FIESTA,-1,-1,0,-1
2024461523868,2024,461523868,1,9,0,-1,19,3,8,-1,0,0,0,0,1,0,1,1,-1,6,1,20,4,1242,1,12,FORD FIESTA,9,E01024112,0,3
2024131497075,2024,131497075,1,9,0,-1,2,0,0,-1,0,8,0,0,0,0,3,1,-1,1,1,21,5,998,1,6,FORD FIESTA,1,E01010995,0,1
2024231414217,2024,231414217,1,9,0,-1,19,6,2,-1,0,0,1,0,0,0,1,1,-1,9,1,34,6,1242,1,9,FORD FIESTA,8,E01031152,0,1
202417L209224,2024,17L209224,1,9,0,-1,19,2,6,-1,0,0,0,0,0,0,1,1,-1,9,1,25,5,1499,2,4,FORD FIESTA,1,E01012016,0,1
2024311395482,2024,311395482,2,9,0,-1,5,5,1,-1,0,6,5,0,1,0,4,2,-1,6,2,40,7,998,1,8,FORD FIESTA,8,E01028350,0,2
2024451483979,2024,451483979,2,9,0,-1,4,7,3,-1,0,0,0,0,0,0,2,1,-1,9,1,35,6,999,1,2,FORD FIESTA,9,E01000829,0,4
2024031451139,2024,031451139,1,9,5,-1,19,1,6,-1,0,0,0,0,0,0,1,1,-1,2,2,42,7,1388,1,21,FORD FIESTA,5,E01019220,0,2
2024545456224,2024,545456224,2,9,0,17,19,7,3,0,0,0,2,0,0,0,1,1,6,6,2,50,8,1242,1,10,FORD FIESTA,9,E01031847,0,1
2024111489912,2024,111489912,1,9,0,-1,19,7,3,-1,0,8,0,0,0,0,3,9,-1,6,2,40,7,1242,1,11,FORD FIESTA,-1,-1,0,-1
2024231493527,2024,231493527,2,9,0,-1,3,5,1,-1,0,0,0,10,2,0,2,1,-1,9,1,17,4,1242,1,13,FORD FIESTA,4,E01031276,0,1
2024552400688,2024,552400688,1,9,0,18,19,2,6,0,0,0,5,0,0,0,0,1,6,6,1,18,4,1242,1,17,FORD FIESTA,7,E01020495,0,2
2024010534832,2024,010534832,1,9,0,7,7,3,5,0,0,8,0,0,0,0,4,1,6,6,3,-1,-1,998,1,10,FORD FIESTA,-1,-1,0,-1
2024401465360,2024,401465360,1,9,0,-1,19,2,6,-1,0,0,0,0,0,0,1,1,-1,6,1,25,5,998,1,9,FORD FIESTA,8,E01015799,0,1
2024201529903,2024,201529903,2,9,0,-1,19,5,1,-1,0,0,0,0,0,0,1,1,-1,2,1,33,6,1299,1,21,FORD FIESTA,2,E01010508,0,2
2024010529357,2024,010529357,2,9,9,12,12,9,9,99,99,9,9,99,9,99,9,9,6,6,3,-1,-1,1242,1,11,FORD FIESTA,-1,-1,0,-1
2024052402232,2024,052402232,2,9,0,4,4,3,7,0,0,0,0,0,0,0,1,1,6,6,3,-1,-1,998,1,10,FORD FIESTA,-1,-1,0,-1
2024231506508,2024,231506508,3,9,0,-1,3,2,4,-1,0,1,0,0,0,0,2,9,-1,6,2,55,8,998,1,2,FORD FIESTA,4,E01009234,0,4
2024221473252,2024,221473252,1,9,0,-1,9,5,4,-1,0,6,0,0,0,0,1,9,-1,6,1,28,6,1242,1,10,FORD FIESTA,4,E01028849,0,1
2024161412135,2024,161412135,1,9,0,-1,19,4,8,-1,0,0,0,0,0,0,1,1,-1,6,1,85,11,1084,1,7,FORD FIESTA,6,E01013188,0,1
2024351541968,2024,351541968,1,9,0,-1,19,3,7,-1,0,0,0,0,0,0,1,1,-1,2,1,59,9,1242,1,16,FORD FIESTA,9,E01033810,0,2
2024501416531,2024,501416531,1,9,0,-1,19,7,3,-1,0,0,0,0,8,7,3,1,-1,6,1,30,6,1399,2,19,FORD FIESTA,6,E01029300,0,4
2024991454612,2024,991454612,5,9,0,-1,2,0,0,-1,0,2,0,4,0,0,3,9,-1,6,-1,-1,-1,1596,1,13,FORD FIESTA,-1,-1,0,-1
2024131416850,2024,131416850,1,9,0,-1,19,5,1,-1,0,0,0,0,0,0,1,1,-1,9,1,79,11,999,1,2,FORD FIESTA,9,E01010576,0,1
2024991532174,2024,991532174,1,9,0,-1,19,7,3,-1,0,0,0,0,0,0,4,1,-1,1,2,54,8,1242,1,10,FORD FIESTA,2,-1,0,1
2024421411349,2024,421411349,2,9,0,-1,19,5,1,-1,0,0,1,0,0,0,1,1,-1,6,1,19,4,1084,1,5,FORD FIESTA,7,E01022071,0,2
2024010505023,2024,010505023,1,9,0,18,19,5,1,0,0,2,0,0,0,0,1,1,6,6,2,32,6,1596,1,11,FORD FIESTA,9,E01000831,0,1
2024340NN4202,2024,340NN4202,1,9,0,-1,9,5,3,-1,0,5,0,0,0,0,1,1,-1,6,1,44,7,998,1,8,FORD FIESTA,5,E01026981,0,1
2024041405228,2024,041405228,2,9,0,-1,9,5,7,-1,0,5,0,0,0,0,3,1,-1,6,2,31,6,998,1,6,FORD FIESTA,8,E01012613,0,1
2024501474536,2024,501474536,1,9,0,-1,19,6,2,-1,0,1,2,0,0,0,1,1,-1,9,1,18,4,1299,1,23,FORD FIESTA,6,E01020533,0,1
2024461411535,2024,461411535,2,9,0,-1,2,0,0,-1,0,2,0,0,0,0,2,1,-1,6,-1,-1,-1,1388,1,18,FORD FIESTA,-1,-1,0,-1
2024361448994,2024,361448994,1,9,0,-1,19,3,7,-1,0,2,0,4,0,0,1,9,-1,6,3,-1,-1,1596,1,15,FORD FIESTA,-1,-1,0,-1
2024221520138,2024,221520138,1,9,0,-1,9,8,6,-1,0,5,0,0,0,0,1,1,-1,6,1,88,11,998,1,7,FORD FIESTA,5,E01014021,0,1
2024430108384,2024,430108384,1,9,0,7,7,2,5,0,0,4,0,0,0,0,2,1,3,7,1,31,6,1242,1,13,FORD FIESTA,8,E01016232,0,3
2024421419672,2024,421419672,2,9,0,-1,7,5,7,-1,0,6,0,0,0,0,4,1,-1,9,2,74,10,1242,1,9,FORD FIESTA,3,E01021260,0,1
2024461423477,2024,461423477,4,9,0,-1,19,1,5,-1,0,0,0,0,0,0,0,1,-1,9,1,35,6,1084,1,6,FORD FIESTA,7,E01024602,0,2
2024122400492,2024,122400492,1,9,0,18,19,1,5,0,0,0,0,0,0,0,1,1,6,6,1,19,4,1388,1,13,FORD FIESTA,5,E01027608,0,1
2024461461947,2024,461461947,2,9,0,-1,19,4,8,-1,0,4,0,0,0,0,3,2,-1,9,1,23,5,1242,1,14,FORD FIESTA,2,E01003187,0,4
2024131512770,2024,131512770,3,9,0,-1,2,0,0,-1,0,2,0,0,0,0,2,1,-1,6,-1,-1,-1,1399,2,14,FORD FIESTA,-1,-1,0,-1
2024991539220,2024,991539220,1,9,0,-1,9,1,5,-1,0,5,0,0,0,0,1,1,-1,6,1,62,9,998,1,8,FORD FIESTA,3,-1,0,1
2024522402051,2024,522402051,1,9,0,9,9,7,5,0,0,6,0,0,0,0,3,1,6,6,1,27,6,-1,-1,-1,FORD FIESTA,2,E01016450,0,5
2024522402802,2024,522402802,2,9,0,18,19,3,7,0,0,0,0,0,0,0,1,1,6,6,1,22,5,1999,1,16,FORD FIESTA,6,E01032670,0,1
2024010542887,2024,010542887,2,9,0,16,19,1,5,0,0,1,0,0,0,0,3,1,6,6,1,-1,-1,1999,1,16,FORD FIESTA,7,E01001308,0,1
2024991441711,2024,991441711,1,9,0,-1,9,2,8,-1,0,8,0,0,0,0,1,1,-1,2,2,28,6,998,1,6,FORD FIESTA,4,E01020646,0,5
2024010545383,2024,010545383,2,9,0,9,9,3,1,0,0,8,0,0,0,0,1,1,6,6,2,42,7,998,1,2,FORD FIESTA,2,E01002545,0,1
2024610010424,2024,610010424,2,9,0,7,7,5,7,0,0,5,0,0,0,0,2,1,6,6,2,30,6,1242,1,15,FORD FIESTA,7,W01001571,0,1
2024991430823,2024,991430823,2,9,0,-1,7,8,6,-1,0,1,2,0,0,0,1,1,-1,9,2,35,6,1388,1,14,FORD FIESTA,2,-1,0,1
2024471458596,2024,471458596,2,9,0,-1,19,4,8,-1,0,0,0,0,1,0,2,1,-1,9,2,72,10,1242,1,13,FORD FIESTA,5,E01031584,0,4
2024041536421,2024,041536421,2,9,0,-1,19,1,5,-1,0,8,0,0,0,0,1,1,-1,9,2,23,5,998,1,7,FORD FIESTA,2,E01006588,0,4
2024320619635,2024,320619635,1,9,0,-1,-1,8,4,0,0,0,0,0,1,0,1,1,-1,-1,1,21,5,998,1,5,FORD FIESTA,-1,-1,0,-1
2024311415072,2024,311415072,1,9,0,-1,19,8,4,-1,0,1,0,0,0,0,1,1,-1,2,1,20,4,1242,1,17,FORD FIESTA,1,E01027965,0,2
2024311518194,2024,311518194,2,9,0,-1,4,8,4,-1,0,0,0,0,0,0,2,1,-1,6,1,17,4,1388,1,13,FORD FIESTA,1,E01027966,0,1
2024010522141,2024,010522141,1,9,0,18,19,1,5,0,0,3,0,0,0,0,1,1,6,6,1,65,9,999,1,2,FORD FIESTA,2,E01003735,0,1
2024131581680,2024,131581680,1,9,0,-1,19,5,1,-1,0,0,0,0,0,0,4,1,-1,6,1,31,6,998,1,9,FORD FIESTA,5,E01010818,0,1
2024520401292,2024,520401292,3,9,0,13,13,4,8,0,0,1,0,0,0,0,0,1,6,6,1,31,6,1560,2,17,FORD FIESTA,4,E01029036,0,2
2024131420732,2024,131420732,1,9,0,-1,19,3,7,-1,0,2,0,0,0,0,1,1,-1,6,3,-1,-1,1242,1,14,FORD FIESTA,-1,-1,0,-1
2024471417003,2024,471417003,3,9,0,-1,2,3,7,-1,0,1,0,0,0,0,0,1,-1,6,-1,-1,-1,1242,1,14,FORD FIESTA,-1,-1,0,-1
2024211407320,2024,211407320,2,9,0,-1,3,5,2,-1,0,0,0,0,0,0,2,1,-1,6,2,53,8,1399,2,13,FORD FIESTA,6,E01029708,0,3
2024461490923,2024,461490923,2,9,0,-1,4,5,1,-1,0,4,0,0,0,0,2,9,-1,6,2,41,7,998,1,1,FORD FIESTA,1,E01024597,0,2
2024440374117,2024,440374117,1,9,0,18,19,1,5,0,0,2,0,0,0,0,1,1,6,6,2,30,6,1388,1,13,FORD FIESTA,7,E01031979,0,4
2024340WN6702,2024,340WN6702,1,9,0,-1,19,7,3,-1,0,0,0,0,0,0,1,1,-1,6,3,-1,-1,998,1,5,FORD FIESTA,-1,-1,0,-1
2024421483678,2024,421483678,3,9,0,-1,2,0,0,-1,0,0,0,0,0,0,1,1,-1,6,-1,-1,-1,1242,1,10,FORD FIESTA,-1,-1,0,-1
2024010513518,2024,010513518,1,9,0,99,99,9,9,99,99,9,9,99,9,99,1,9,6,6,1,36,7,1242,1,13,FORD FIESTA,5,E01000580,0,2
2024201504318,2024,201504318,1,9,0,-1,9,1,3,-1,0,5,0,0,0,0,1,9,-1,6,2,19,4,1084,1,6,FORD FIESTA,3,E01009910,0,1
2024211432196,2024,211432196,1,9,0,-1,19,2,6,-1,0,1,0,0,0,0,1,1,-1,6,1,18,4,998,1,8,FORD FIESTA,6,E01010350,0,3
2024421511068,2024,421511068,2,9,0,-1,19,7,3,-1,0,0,0,0,0,0,1,1,-1,6,1,19,4,1242,1,15,FORD FIESTA,10,E01021345,0,1
2024552401244,2024,552401244,3,9,0,3,3,8,4,0,0,1,0,0,0,0,2,1,6,6,2,32,6,1388,1,17,FORD FIESTA,3,E01020551,0,1
2024471525612,2024,471525612,2,9,0,-1,9,2,8,-1,0,6,0,0,0,0,4,1,-1,6,2,19,4,1242,1,17,FORD FIESTA,10,E01031741,0,2
2024031520935,2024,031520935,1,9,0,-1,19,2,6,-1,0,0,1,0,2,0,1,1,-1,9,1,26,6,1242,1,17,FORD FIESTA,-1,-1,0,-1
2024121408413,2024,121408413,2,9,0,-1,-1,6,6,-1,-1,0,0,0,0,0,2,2,-1,-1,2,26,6,1499,2,7,FORD FIESTA,1,E01012250,0,4
2024302400297,2024,302400297,1,9,0,17,19,6,3,0,0,0,2,0,1,11,1,1,6,6,2,19,4,1242,1,15,FORD FIESTA,-1,-1,0,-1
2024440534980,2024,440534980,2,9,0,18,19,5,7,0,0,6,0,0,0,0,1,1,2,2,2,40,7,1242,1,20,FORD FIESTA,2,E01017276,0,1
2024141408701,2024,141408701,1,9,0,-1,12,6,2,-1,0,0,1,0,0,0,3,1,-1,6,1,22,5,1496,1,5,FORD FIESTA,1,E01007735,0,3
2024201466439,2024,201466439,1,9,0,-1,19,-1,-1,-1,0,-1,0,0,0,0,3,9,-1,9,1,26,6,999,1,4,FORD FIESTA,10,E01009807,0,1
2024320618679,2024,320618679,2,9,0,-1,-1,6,2,0,0,8,0,0,0,0,4,1,6,6,2,57,9,1596,1,18,FORD FIESTA,5,E01026241,0,2
2024631474760,2024,631474760,1,9,0,-1,19,3,7,-1,0,8,0,0,3,10,1,1,-1,9,1,68,10,1560,2,12,FORD FIESTA,8,E01017918,0,5
2024070550392,2024,070550392,2,9,0,18,19,1,4,0,0,1,0,0,0,0,1,1,6,6,1,33,6,1399,2,12,FORD FIESTA,1,E01011626,0,5
2024231459248,2024,231459248,1,9,0,-1,12,5,1,-1,0,3,0,7,1,7,1,1,-1,9,2,48,8,999,1,1,FORD FIESTA,10,E01025259,0,5
2024440007935,2024,440007935,2,9,0,4,4,8,4,0,0,0,0,0,0,0,2,1,6,6,1,30,6,1242,1,11,FORD FIESTA,7,E01022672,0,3
2024421443342,2024,421443342,1,9,0,-1,9,1,7,-1,0,6,0,0,0,0,1,1,-1,2,1,55,8,1388,1,12,FORD FIESTA,4,E01034210,0,4
2024461418287,2024,461418287,4,9,0,-1,4,6,6,-1,0,0,0,0,0,0,2,1,-1,6,2,76,11,1388,1,13,FORD FIESTA,-1,-1,0,-1
2024440093780,2024,440093780,2,9,0,4,4,3,7,0,0,0,0,0,0,0,2,1,2,2,2,34,6,998,1,7,FORD FIESTA,9,E01022727,0,2
2024610023224,2024,610023224,1,9,0,18,19,5,1,0,0,8,1,0,0,0,1,1,6,6,1,18,4,998,1,9,FORD FIESTA,10,W01001512,0,3
2024131462221,2024,131462221,1,9,0,-1,19,3,3,-1,0,0,0,0,0,0,1,1,-1,9,1,76,11,1388,1,13,FORD FIESTA,5,E01011798,0,1
2024480544321,2024,480544321,1,9,0,18,19,3,7,2,2,9,0,99,9,99,9,9,6,6,1,56,9,1388,1,20,FORD FIESTA,5,E01021492,0,4
2024010542379,2024,010542379,1,9,0,18,19,1,5,0,0,8,0,0,0,0,4,1,6,6,1,21,5,1596,1,14,FORD FIESTA,5,E01004388,0,1
2024451455958,2024,451455958,1,9,0,-1,12,7,3,-1,0,0,0,0,0,0,3,1,-1,2,1,27,6,1496,1,6,FORD FIESTA,7,E01030423,0,1
2024010540260,2024,010540260,4,9,0,12,12,7,3,0,0,0,1,0,0,0,1,1,6,6,1,21,5,1242,1,16,FORD FIESTA,4,E01004331,0,1
2024161498334,2024,161498334,1,9,0,-1,19,4,8,-1,0,1,0,0,0,0,1,1,-1,9,1,18,4,1388,1,13,FORD FIESTA,6,E01013007,0,2
2024451396137,2024,451396137,3,9,0,-1,19,3,7,-1,0,0,0,0,0,0,1,1,-1,9,1,32,6,998,1,9,FORD FIESTA,3,E01001700,0,4
2024451438875,2024,451438875,2,9,0,-1,7,7,1,-1,0,1,0,0,0,0,1,1,-1,9,1,91,11,998,1,7,FORD FIESTA,7,E01030722,0,1
2024440502213,2024,440502213,1,9,0,18,19,2,6,0,0,0,0,0,1,0,1,1,6,6,1,68,10,1388,1,13,FORD FIESTA,8,E01023280,0,2
2024320059595,2024,320059595,1,9,0,-1,-1,6,2,0,0,1,0,0,0,0,1,1,-1,-1,1,29,6,1596,1,14,FORD FIESTA,8,E01026185,0,1
2024991452809,2024,991452809,1,9,0,-1,19,3,7,-1,0,1,0,0,0,0,1,1,-1,9,1,19,4,1596,1,7,FORD FIESTA,8,-1,0,2
2024061420437,2024,061420437,1,9,0,-1,19,4,8,-1,0,0,0,0,0,0,3,1,-1,6,2,70,10,1399,2,15,FORD FIESTA,-1,-1,0,-1
2024371477209,2024,371477209,1,9,0,-1,4,1,5,-1,0,1,0,4,0,0,1,1,-1,9,2,47,8,998,1,11,FORD FIESTA,9,E01030233,0,1
2024440334770,2024,440334770,3,9,0,10,10,4,8,0,0,1,0,0,0,0,1,1,6,6,1,18,4,998,1,5,FORD FIESTA,4,E01022999,0,1
2024311441740,2024,311441740,1,9,0,-1,9,5,3,-1,0,6,0,0,0,0,1,1,-1,6,1,46,8,1242,1,7,FORD FIESTA,5,E01019669,0,2
2024201516391,2024,201516391,1,9,0,-1,19,2,6,-1,0,0,0,0,0,0,1,1,-1,6,1,-1,-1,1388,1,15,FORD FIESTA,1,E01009124,0,2
2024131471816,2024,131471816,2,9,0,-1,19,5,1,-1,0,4,0,0,0,0,1,1,-1,6,-1,-1,-1,1399,2,17,FORD FIESTA,-1,-1,0,-1
2024461531439,2024,461531439,2,9,0,-1,4,2,6,-1,0,0,1,0,0,0,2,1,-1,2,1,26,6,-1,-1,-1,FORD FIESTA,10,E01024349,0,1
2024161440145,2024,161440145,1,9,0,-1,13,5,1,-1,0,0,2,0,7,4,3,1,-1,6,2,20,4,1242,1,14,FORD FIESTA,9,E01013123,0,1
2024070753061,2024,070753061,2,9,0,-1,3,1,5,-1,0,3,0,0,0,0,4,1,-1,9,2,64,9,999,1,4,FORD FIESTA,4,E01018511,0,1
2024421450092,2024,421450092,4,9,0,-1,2,0,0,-1,0,0,0,0,0,0,4,1,-1,6,-1,-1,-1,1388,1,12,FORD FIESTA,-1,-1,0,-1
2024991512967,2024,991512967,1,9,0,-1,19,6,1,-1,0,0,1,0,0,0,1,1,-1,2,1,20,4,1388,1,13,FORD FIESTA,2,-1,0,2
2024201421720,2024,201421720,1,9,0,-1,19,4,8,-1,0,8,0,0,0,0,1,1,-1,9,2,39,7,1242,1,7,FORD FIESTA,4,E01035076,0,4
2024010509026,2024,010509026,2,9,0,18,19,5,1,0,0,1,0,0,0,0,1,1,6,6,1,49,8,1242,1,10,FORD FIESTA,4,E01021835,0,3
2024461468033,2024,461468033,2,9,0,-1,19,3,7,-1,0,0,0,0,0,0,3,1,-1,6,1,76,11,1388,1,14,FORD FIESTA,8,E01024409,0,2
2024430234717,2024,430234717,2,9,0,9,9,6,3,0,0,8,0,0,0,0,1,1,6,6,2,27,6,1388,1,12,FORD FIESTA,5,E01017913,0,1
2024052401036,2024,052401036,1,9,0,18,19,3,7,0,0,0,0,0,0,0,1,1,6,6,2,-1,-1,1299,1,22,FORD FIESTA,8,E01006680,0,1
2024201512801,2024,201512801,1,9,0,-1,19,7,3,-1,0,0,0,0,0,0,3,1,-1,2,1,21,5,1242,1,14,FORD FIESTA,4,E01029658,0,3
2024201483019,2024,201483019,1,9,0,-1,19,3,7,-1,0,0,0,4,0,0,1,1,-1,6,1,25,5,1499,2,7,FORD FIESTA,-1,-1,0,-1
2024141490962,2024,141490962,1,9,0,-1,19,8,4,-1,0,1,0,0,0,0,1,1,-1,1,2,50,8,1242,1,8,FORD FIESTA,2,E01007323,0,1
2024522403379,2024,522403379,2,9,0,9,9,3,1,0,0,6,0,0,0,0,1,1,6,6,1,18,4,1242,1,14,FORD FIESTA,7,E01014907,0,1
2024440083472,2024,440083472,1,9,0,18,19,2,6,0,0,8,0,0,0,0,1,1,6,6,1,85,11,1242,1,8,FORD FIESTA,9,E01030795,0,1
2024010523465,2024,010523465,1,9,0,4,4,3,7,0,0,1,0,0,0,0,1,1,6,6,2,25,5,1242,1,10,FORD FIESTA,8,E01021933,0,4
2024631432347,2024,631432347,1,9,0,-1,19,4,8,-1,0,0,1,0,1,11,1,1,-1,6,1,17,4,1242,1,16,FORD FIESTA,9,W01000493,0,1
2024311474919,2024,311474919,2,9,0,-1,9,1,7,-1,0,1,0,0,0,0,1,9,-1,6,1,18,4,998,1,9,FORD FIESTA,10,E01028216,0,1
2024201485971,2024,201485971,1,9,0,-1,19,1,4,-1,0,1,0,0,0,0,3,1,-1,6,1,56,9,998,1,8,FORD FIESTA,8,E01029347,0,4
2024411450261,2024,411450261,2,9,0,-1,3,3,5,-1,0,0,0,0,0,0,2,1,-1,1,1,40,7,998,1,10,FORD FIESTA,8,E01023662,0,3
2024211501524,2024,211501524,2,9,0,-1,19,8,4,-1,0,0,0,0,0,0,2,1,-1,6,1,38,7,1242,1,18,FORD FIESTA,5,E01014335,0,1
2024531517909,2024,531517909,2,9,0,-1,19,1,5,-1,0,8,0,0,7,11,1,1,-1,9,1,17,4,1242,1,12,FORD FIESTA,5,E01034326,0,4
2024411531685,2024,411531685,1,9,0,-1,19,5,3,-1,0,0,0,0,0,0,1,1,-1,6,2,77,11,1388,1,17,FORD FIESTA,10,E01023449,0,1
2024031484375,2024,031484375,2,9,0,-1,9,1,3,-1,0,1,0,0,7,1,4,1,-1,9,1,38,7,1496,1,2,FORD FIESTA,4,E01019283,0,3
2024461484803,2024,461484803,1,9,0,-1,19,7,3,-1,0,1,0,0,0,0,1,2,-1,9,1,18,4,1596,1,15,FORD FIESTA,5,E01016034,0,1
2024351468284,2024,351468284,2,9,0,-1,19,1,5,-1,0,8,0,0,0,0,3,1,-1,6,1,74,10,1388,1,15,FORD FIESTA,5,E01018208,0,1
2024131448564,2024,131448564,1,9,0,-1,19,3,7,-1,0,1,0,0,3,0,1,1,-1,9,1,20,4,1388,1,11,FORD FIESTA,5,E01035047,0,2
2024161440994,2024,161440994,1,9,0,-1,19,6,3,-1,9,0,5,0,1,10,1,1,-1,9,1,83,11,1242,1,11,FORD FIESTA,3,E01013286,0,1
2024141468197,2024,141468197,1,9,0,-1,6,2,6,-1,0,0,0,0,0,0,3,1,-1,6,1,25,5,1388,1,12,FORD FIESTA,2,E01008014,0,1
2024421449620,2024,421449620,2,9,0,-1,19,7,3,-1,0,2,0,0,0,0,2,1,-1,9,2,39,7,1242,1,12,FORD FIESTA,6,E01023855,0,4
2024451505090,2024,451505090,2,9,0,-1,15,1,5,-1,0,0,0,0,0,0,1,1,-1,6,2,80,11,1242,1,11,FORD FIESTA,9,E01030940,0,1
2024991445329,2024,991445329,1,9,0,-1,19,8,4,-1,0,0,0,0,1,10,1,1,-1,9,1,43,7,1560,2,12,FORD FIESTA,1,-1,0,1
2024461420793,2024,461420793,2,9,0,-1,8,4,8,-1,0,1,0,0,0,0,2,1,-1,9,1,73,10,998,1,7,FORD FIESTA,8,E01024237,0,1
2024131453257,2024,131453257,1,9,0,-1,19,7,3,-1,0,0,1,0,5,0,3,1,-1,6,1,24,5,1399,2,14,FORD FIESTA,-1,-1,0,-1
2024101525620,2024,101525620,1,9,0,-1,19,5,1,-1,0,0,0,0,0,0,1,1,-1,9,1,20,4,1596,1,7,FORD FIESTA,-1,-1,0,-1
2024010505413,2024,010505413,2,9,0,99,99,9,9,99,99,9,9,99,9,99,1,9,6,6,3,-1,-1,1596,1,11,FORD FIESTA,8,E01004119,0,1
2024101397878,2024,101397878,1,9,0,-1,19,1,5,-1,0,0,5,4,0,0,1,1,-1,6,1,57,9,999,1,4,FORD FIESTA,9,E01008493,0,2
2024010524231,2024,010524231,1,9,0,99,99,9,9,99,99,9,9,99,9,99,9,9,6,6,1,26,6,1242,1,15,FORD FIESTA,5,E01003645,0,2
2024302400075,2024,302400075,2,9,0,3,3,2,6,0,0,1,0,0,0,0,2,1,6,6,2,30,6,1242,1,8,FORD FIESTA,3,E01019420,0,2
2024440078295,2024,440078295,1,9,0,18,19,4,8,0,0,0,0,0,0,0,4,1,2,2,2,25,5,1388,1,14,FORD FIESTA,4,E01017312,0,1
2024421418272,2024,421418272,2,9,0,-1,5,7,8,-1,0,1,0,0,0,0,1,1,-1,6,1,39,7,1596,1,19,FORD FIESTA,2,E01015828,0,1
2024201517355,2024,201517355,1,9,0,-1,19,3,7,-1,0,0,0,0,0,0,1,1,-1,6,1,22,5,1596,1,17,FORD FIESTA,3,E01009928,0,2
2024320246072,2024,320246072,1,9,0,-1,-1,4,8,0,0,1,0,0,0,0,1,2,-1,-1,2,31,6,1596,1,14,FORD FIESTA,3,E01026041,0,1
2024201497933,2024,201497933,3,9,0,-1,19,1,5,-1,0,0,0,0,0,0,1,1,-1,6,2,61,9,1242,1,14,FORD FIESTA,2,E01010562,0,1
2024461436147,2024,461436147,3,9,0,-1,2,0,0,-1,0,0,0,0,0,0,2,1,-1,6,-1,19,4,1242,1,15,FORD FIESTA,-1,-1,0,-1
2024991452243,2024,991452243,3,9,0,-1,3,7,3,-1,0,0,0,0,0,0,2,1,-1,9,2,18,4,1388,1,20,FORD FIESTA,-1,-1,0,-1
2024070136493,2024,070136493,2,9,0,10,10,7,3,0,0,1,0,0,0,0,2,1,6,6,2,49,8,999,1,3,FORD FIESTA,1,E01018748,0,2