collision_index,collision_year,collision_ref_no,vehicle_reference,vehicle_type,towing_and_articulation,vehicle_manoeuvre_historic,vehicle_manoeuvre,vehicle_direction_from,vehicle_direction_to,vehicle_location_restricted_lane_historic,vehicle_location_restricted_lane,junction_location,skidding_and_overturning,hit_object_in_carriageway,vehicle_leaving_carriageway,hit_object_off_carriageway,first_point_of_impact,vehicle_left_hand_drive,journey_purpose_of_driver_historic,journey_purpose_of_driver,sex_of_driver,age_of_driver,age_band_of_driver,engine_capacity_cc,propulsion_code,age_of_vehicle,generic_make_model,driver_imd_decile,lsoa_of_driver,escooter_flag,driver_distance_banding
2024461465267,2024,461465267,1,9,0,-1,9,7,3,-1,0,6,0,0,0,0,1,1,-1,9,2,77,11,1242,1,17,FORD FIESTA,8,E01024012,0,1
2024451482905,2024,451482905,1,9,0,-1,9,7,3,-1,0,0,1,0,7,4,2,1,-1,2,2,30,6,1560,2,14,FORD FIESTA,5,E01032836,0,2
2024010530744,2024,010530744,1,9,0,5,5,7,3,0,0,2,0,0,0,0,4,1,6,6,2,47,8,1388,1,15,FORD FIESTA,3,E01000044,0,3
2024471497182,2024,471497182,2,9,0,-1,19,3,7,-1,0,1,0,0,0,0,1,9,-1,6,1,-1,-1,1596,1,10,FORD FIESTA,-1,-1,0,-1
2024201426874,2024,201426874,1,9,0,-1,9,5,2,-1,0,6,0,0,0,0,1,1,-1,6,3,-1,-1,1242,1,13,FORD FIESTA,-1,-1,0,-1
2024461485890,2024,461485890,3,9,0,-1,2,0,0,-1,0,0,0,0,0,0,0,1,-1,6,-1,-1,-1,1242,1,14,FORD FIESTA,-1,-1,0,-1
2024010512834,2024,010512834,1,9,0,3,3,9,9,99,99,9,9,99,9,99,2,1,6,6,1,29,6,1242,1,11,FORD FIESTA,3,E01000095,0,1
2024320293260,2024,320293260,1,9,0,1,1,3,7,9,9,2,0,0,0,0,2,1,6,6,1,23,5,1388,1,13,FORD FIESTA,9,E01013788,0,3
2024311432376,2024,311432376,1,9,0,-1,4,3,3,-1,0,0,0,0,0,0,2,1,-1,2,1,40,7,998,1,7,FORD FIESTA,3,E01013939,0,3
2024461416989,2024,461416989,4,9,0,-1,2,0,0,-1,0,0,0,4,0,0,3,9,-1,6,1,56,9,1399,2,21,FORD FIESTA,2,E01024218,0,1
2024070516320,2024,070516320,2,9,0,18,19,5,1,0,0,2,0,0,0,0,1,1,6,6,2,19,4,1242,1,10,FORD FIESTA,10,W01001116,0,5
2024421457799,2024,421457799,2,9,0,-1,19,1,6,-1,0,2,0,0,0,0,1,1,-1,9,2,22,5,1242,1,18,FORD FIESTA,6,E01021705,0,1
2024421463522,2024,421463522,1,9,0,-1,20,3,6,-1,0,0,0,0,0,0,1,1,-1,9,2,83,11,1596,1,18,FORD FIESTA,9,E01021945,0,1
2024161464014,2024,161464014,1,9,0,-1,19,5,1,-1,0,0,0,0,1,0,1,1,-1,6,1,75,10,998,1,9,FORD FIESTA,6,E01013253,0,1
2024311454264,2024,311454264,2,9,0,-1,19,2,6,-1,0,0,0,0,7,0,4,1,-1,6,2,53,8,1242,1,14,FORD FIESTA,9,E01028235,0,1
2024161460418,2024,161460418,3,9,0,-1,4,8,4,-1,0,4,0,0,0,0,0,1,-1,6,2,69,10,998,1,10,FORD FIESTA,4,E01013227,0,1
2024010530845,2024,010530845,1,9,0,99,99,9,9,99,99,9,9,99,9,99,2,9,6,6,1,37,7,1596,1,18,FORD FIESTA,4,E01004525,0,1
2024141514946,2024,141514946,1,9,0,-1,19,5,1,-1,0,1,0,0,0,0,1,1,-1,2,1,24,5,1242,1,10,FORD FIESTA,3,E01007720,0,2
2024320038571,2024,320038571,1,9,0,-1,-1,2,6,0,0,0,0,0,0,0,1,1,6,6,1,78,11,1399,2,12,FORD FIESTA,6,E01026315,0,1
2024320362779,2024,320362779,1,9,0,9,9,5,3,0,0,2,0,0,0,0,1,1,6,6,2,72,10,999,1,4,FORD FIESTA,-1,-1,0,-1
2024421499727,2024,421499727,1,9,0,-1,9,4,8,-1,0,6,0,0,0,0,1,1,-1,9,1,20,4,998,1,9,FORD FIESTA,10,E01021384,0,3
2024101486803,2024,101486803,2,9,0,-1,3,5,1,-1,0,0,0,0,0,0,2,1,-1,6,2,56,9,998,1,6,FORD FIESTA,4,E01033718,0,2
2024061429239,2024,061429239,3,9,0,-1,2,0,0,-1,0,0,0,0,0,0,2,1,-1,6,2,59,9,1242,1,11,FORD FIESTA,-1,-1,0,-1
2024211405113,2024,211405113,1,9,0,-1,19,4,8,-1,0,0,0,0,1,0,1,1,-1,2,1,23,5,1388,1,12,FORD FIESTA,4,E01014284,0,1
2024430371741,2024,430371741,1,9,0,18,19,7,3,0,0,0,0,0,0,0,1,1,6,6,1,42,7,1242,1,10,FORD FIESTA,3,E01028525,0,1
2024371489396,2024,371489396,2,9,0,-1,12,7,3,-1,0,0,2,0,0,0,3,1,-1,6,2,18,4,1242,1,14,FORD FIESTA,2,E01030013,0,1
2024010544658,2024,010544658,1,9,0,99,99,9,9,99,99,0,9,99,9,99,2,9,6,6,1,36,7,998,1,8,FORD FIESTA,10,E01030607,0,2
2024332400451,2024,332400451,3,9,0,-1,3,6,2,-1,0,0,0,0,0,0,2,1,-1,6,1,23,5,998,1,9,FORD FIESTA,7,E01012360,0,5
2024131448764,2024,131448764,2,9,0,-1,9,5,3,-1,0,8,0,0,0,0,4,1,-1,6,2,23,5,1388,1,14,FORD FIESTA,3,E01011606,0,1
2024141420485,2024,141420485,2,9,0,-1,19,4,8,-1,0,8,0,0,0,0,1,1,-1,9,1,41,7,998,1,10,FORD FIESTA,2,E01007914,0,2
2024371509709,2024,371509709,1,9,0,-1,2,0,0,-1,4,0,0,0,0,0,2,1,-1,2,2,21,5,999,1,4,FORD FIESTA,6,E01030020,0,1
2024631469975,2024,631469975,1,9,0,-1,19,5,1,-1,0,0,2,0,0,0,0,1,-1,9,1,17,4,998,1,10,FORD FIESTA,6,W01000471,0,3
2024221496272,2024,221496272,1,9,0,-1,13,6,1,-1,0,0,2,0,1,10,3,1,-1,6,2,56,9,1388,1,14,FORD FIESTA,5,E01028886,0,2
2024131449067,2024,131449067,1,9,0,-1,19,6,2,-1,0,0,0,0,7,4,1,1,-1,6,1,55,8,1242,1,15,FORD FIESTA,2,E01010799,0,1
2024201416631,2024,201416631,1,9,0,-1,5,1,2,-1,0,3,0,0,0,0,3,9,-1,9,1,55,8,1388,1,17,FORD FIESTA,4,E01009766,0,1
2024440286036,2024,440286036,1,9,0,7,7,7,3,0,0,6,0,0,0,0,3,1,6,6,2,49,8,998,1,6,FORD FIESTA,4,E01017327,0,3
2024201503220,2024,201503220,2,9,0,-1,7,4,6,-1,0,5,0,0,0,0,4,1,-1,6,1,20,4,1242,1,15,FORD FIESTA,2,E01034745,0,1
2024070150838,2024,070150838,2,9,0,18,19,1,5,0,0,1,0,0,0,0,4,1,6,6,1,28,6,998,1,5,FORD FIESTA,8,E01018424,0,1
2024111423371,2024,111423371,2,9,0,-1,2,0,0,-1,0,0,0,0,0,0,4,1,-1,9,1,68,10,1084,1,4,FORD FIESTA,3,E01020856,0,2
2024111473979,2024,111473979,1,9,0,-1,19,4,8,-1,0,1,1,0,0,0,1,1,-1,9,2,17,4,998,1,11,FORD FIESTA,5,E01020864,0,2
2024411517670,2024,411517670,1,9,0,-1,19,1,5,-1,0,0,0,0,0,0,1,1,-1,6,1,25,5,1242,1,14,FORD FIESTA,4,E01015993,0,4
2024371420875,2024,371420875,2,9,0,-1,9,8,6,-1,0,8,0,0,0,0,3,1,-1,9,2,30,6,1242,1,12,FORD FIESTA,3,E01030109,0,1
2024231482492,2024,231482492,1,9,0,-1,19,2,6,-1,0,8,0,0,0,0,4,1,-1,6,1,54,8,1242,1,16,FORD FIESTA,9,E01029822,0,1
2024520500100,2024,520500100,2,9,0,10,10,7,2,0,0,0,0,0,0,0,2,1,6,6,2,52,8,1388,1,16,FORD FIESTA,7,E01029056,0,2
2024302401474,2024,302401474,1,9,0,18,19,5,1,0,0,0,5,10,1,0,4,1,2,2,1,31,6,1399,2,17,FORD FIESTA,1,E01019488,0,1
2024991483531,2024,991483531,1,9,0,-1,19,7,3,-1,0,0,0,0,0,0,1,1,-1,9,1,19,4,1560,2,10,FORD FIESTA,5,-1,0,1
202417M306724,2024,17M306724,2,9,0,-1,9,1,7,-1,0,8,0,0,0,0,1,1,-1,9,1,18,4,1242,1,9,FORD FIESTA,-1,-1,0,-1
2024421402255,2024,421402255,1,9,0,-1,19,5,1,-1,0,0,0,0,0,0,1,1,-1,9,2,21,5,1388,1,13,FORD FIESTA,6,E01021419,0,1
2024302400521,2024,302400521,1,9,0,18,19,5,1,0,0,8,0,0,0,0,1,1,6,6,2,23,5,1242,1,11,FORD FIESTA,9,E01019589,0,1
2024201515529,2024,201515529,1,9,0,-1,7,8,2,-1,0,5,0,0,0,0,1,1,-1,6,1,82,11,1242,1,8,FORD FIESTA,1,E01009114,0,1
2024201485945,2024,201485945,2,9,0,-1,19,7,3,-1,0,4,0,4,0,0,1,1,-1,6,1,22,5,1242,1,9,FORD FIESTA,9,E01009435,0,1
2024340WN2302,2024,340WN2302,2,9,0,-1,19,6,2,-1,0,1,0,0,0,0,4,1,-1,6,2,58,9,998,1,8,FORD FIESTA,9,E01027144,0,1
2024061480342,2024,061480342,1,9,0,-1,11,5,1,-1,0,0,0,0,0,0,3,1,-1,2,1,36,7,1399,2,15,FORD FIESTA,1,E01005223,0,3
2024461531442,2024,461531442,1,9,0,-1,19,3,7,-1,0,0,0,0,0,0,1,1,-1,2,1,34,6,-1,-1,-1,FORD FIESTA,5,E01024703,0,3
2024010507757,2024,010507757,2,9,0,5,5,9,9,99,99,0,9,99,9,99,9,9,6,6,3,-1,-1,1242,1,12,FORD FIESTA,-1,-1,0,-1
2024401531775,2024,401531775,2,9,0,-1,19,1,5,-1,0,0,0,0,0,0,2,1,-1,6,1,31,6,1388,1,18,FORD FIESTA,2,E01015774,0,1
2024041461668,2024,041461668,2,9,0,-1,19,1,1,-1,0,1,0,4,0,0,4,1,-1,7,2,56,9,998,1,8,FORD FIESTA,4,E01025212,0,1
2024421538145,2024,421538145,1,9,0,-1,5,5,1,-1,0,4,0,0,0,0,1,1,-1,6,1,66,10,998,1,9,FORD FIESTA,10,E01021480,0,1
2024320350407,2024,320350407,2,9,0,2,2,0,0,0,0,0,0,0,0,0,2,1,6,6,2,17,4,999,1,3,FORD FIESTA,9,E01035478,0,3
2024440554790,2024,440554790,1,9,0,18,19,5,1,0,0,4,0,0,0,0,2,1,6,6,1,62,9,1388,1,20,FORD FIESTA,10,E01022510,0,1
2024231415502,2024,231415502,3,9,0,-1,3,1,5,-1,0,0,0,0,0,0,2,9,-1,6,2,23,5,999,1,4,FORD FIESTA,8,E01022139,0,4
2024201502235,2024,201502235,1,9,0,-1,19,8,4,-1,0,0,0,0,0,0,1,1,-1,6,1,48,8,999,1,4,FORD FIESTA,1,E01034929,0,1
2024421528650,2024,421528650,2,9,0,-1,4,8,5,-1,0,2,0,0,1,4,3,1,-1,6,1,17,4,1242,1,11,FORD FIESTA,10,E01022084,0,1
2024544970224,2024,544970224,2,9,0,4,4,2,6,0,0,1,0,0,0,0,2,1,6,6,1,17,4,998,1,10,FORD FIESTA,5,E01031925,0,1
2024622400481,2024,622400481,2,9,0,4,4,4,8,0,0,0,0,0,0,0,2,1,2,2,2,38,7,1242,1,10,FORD FIESTA,5,W01000821,0,1
2024522401408,2024,522401408,2,9,0,7,7,6,8,0,0,6,0,0,0,0,1,1,6,6,1,31,6,1388,1,18,FORD FIESTA,2,E01015666,0,5
2024622500033,2024,622500033,1,9,0,9,9,2,6,0,0,1,0,0,0,0,1,1,6,6,1,22,5,1560,2,12,FORD FIESTA,2,W01000789,0,4
2024610052324,2024,610052324,1,9,0,18,19,7,3,0,0,0,0,0,0,0,3,1,6,6,1,24,5,998,1,9,FORD FIESTA,2,W01001436,0,2
2024371443582,2024,371443582,1,9,0,-1,19,1,5,-1,0,0,0,0,0,0,1,1,-1,2,1,42,7,1496,1,4,FORD FIESTA,4,E01030028,0,1
2024340NN2022,2024,340NN2022,1,9,0,-1,19,5,1,-1,0,1,5,4,0,0,1,1,-1,6,1,33,6,998,1,8,FORD FIESTA,6,E01017540,0,3
2024052400418,2024,052400418,3,9,0,18,19,4,8,0,0,0,0,0,0,0,2,1,6,6,1,19,4,998,1,6,FORD FIESTA,6,E01012423,0,3
2024471463220,2024,471463220,1,9,0,-1,4,4,8,-1,0,1,0,0,0,0,1,1,-1,2,1,20,4,1242,1,12,FORD FIESTA,9,E01031505,0,1
2024201477775,2024,201477775,1,9,0,-1,19,4,2,-1,0,4,0,0,0,0,1,1,-1,6,1,50,8,1242,1,15,FORD FIESTA,1,E01009081,0,1
2024471461938,2024,471461938,2,9,0,-1,2,0,0,-1,0,1,0,0,0,0,2,1,-1,6,-1,-1,-1,1499,2,9,FORD FIESTA,-1,-1,0,-1
2024440050291,2024,440050291,2,9,0,2,2,0,0,0,0,2,0,0,0,0,3,1,6,6,1,44,7,1242,1,10,FORD FIESTA,-1,-1,0,-1
2024421422213,2024,421422213,2,9,0,-1,19,6,2,-1,0,0,1,0,0,0,1,1,-1,9,2,89,11,1242,1,8,FORD FIESTA,7,E01021628,0,2
202454D287224,2024,54D287224,1,9,0,16,19,6,2,0,0,0,0,0,1,4,1,1,6,6,1,18,4,1242,1,10,FORD FIESTA,-1,-1,0,-1
2024461394524,2024,461394524,2,9,0,-1,19,5,1,-1,0,0,0,0,0,0,1,1,-1,2,1,25,5,1242,1,18,FORD FIESTA,4,E01016116,0,1
2024320034799,2024,320034799,2,9,0,-1,-1,8,4,0,0,0,0,0,1,0,3,1,-1,-1,2,45,7,1388,1,14,FORD FIESTA,9,E01032683,0,1
2024010542241,2024,010542241,1,9,0,18,19,7,3,0,0,2,0,0,0,0,1,1,2,2,1,21,5,1596,1,13,FORD FIESTA,10,E01030428,0,4
2024041471858,2024,041471858,1,9,0,-1,7,6,8,-1,0,8,0,0,0,0,4,1,-1,6,2,38,7,1560,2,12,FORD FIESTA,2,E01025284,0,1
2024211434872,2024,211434872,2,9,0,-1,8,3,6,-1,0,1,0,0,0,0,4,9,-1,6,1,24,5,998,1,7,FORD FIESTA,9,E01029686,0,1
202417H100724,2024,17H100724,1,9,0,9,9,2,8,0,0,8,0,0,0,0,1,1,6,6,1,18,4,1242,1,12,FORD FIESTA,4,E01033467,0,1
2024010500814,2024,010500814,1,9,0,9,9,5,3,0,0,6,0,0,0,0,3,1,2,2,2,60,9,998,1,6,FORD FIESTA,9,E01002290,0,1
2024010502456,2024,010502456,1,9,0,18,19,5,1,0,0,2,0,0,0,0,1,1,6,6,3,-1,-1,998,1,9,FORD FIESTA,-1,-1,0,-1
2024631494629,2024,631494629,1,9,0,-1,19,2,6,-1,0,0,0,0,0,0,3,1,-1,6,1,36,7,1999,1,16,FORD FIESTA,5,W01000566,0,1
2024522402155,2024,522402155,1,9,0,18,19,5,1,0,0,8,1,0,1,0,1,1,6,6,2,61,9,999,1,4,FORD FIESTA,10,E01014885,0,2
2024061436791,2024,061436791,2,9,0,-1,19,5,1,-1,0,8,0,0,0,0,1,1,-1,9,1,34,6,1242,1,17,FORD FIESTA,3,E01005505,0,1
2024201499865,2024,201499865,1,9,0,-1,19,7,3,-1,0,0,0,0,0,0,1,1,-1,9,2,22,5,1242,1,11,FORD FIESTA,2,E01010347,0,1
2024471429055,2024,471429055,1,9,0,-1,-1,-1,-1,-1,-1,0,-1,-1,-1,0,-1,1,-1,6,1,44,7,1388,1,21,FORD FIESTA,4,E01031415,0,1
202460Q139980,2024,60Q139980,2,9,0,10,10,1,5,0,0,5,0,0,0,0,2,1,6,6,1,22,5,1242,1,11,FORD FIESTA,-1,-1,0,-1
2024320582432,2024,320582432,2,9,0,-1,-1,4,8,0,0,0,0,0,0,0,2,1,-1,-1,1,53,8,1242,1,11,FORD FIESTA,7,E01026242,0,2
2024061415063,2024,061415063,1,9,0,-1,19,2,6,-1,0,0,1,4,0,0,1,1,-1,9,1,52,8,1242,1,12,FORD FIESTA,8,E01018609,0,3
2024501493615,2024,501493615,1,9,0,-1,19,1,4,-1,0,0,0,10,0,0,1,1,-1,9,2,35,6,1242,1,15,FORD FIESTA,5,E01015029,0,3
2024991530568,2024,991530568,1,9,0,-1,4,7,2,-1,0,0,0,0,0,0,1,1,-1,6,1,28,6,1242,1,15,FORD FIESTA,5,-1,0,1
2024351502467,2024,351502467,3,9,0,-1,19,3,7,-1,0,0,0,0,0,0,2,1,-1,6,1,34,6,1399,2,17,FORD FIESTA,3,E01026476,0,4
2024041419087,2024,041419087,2,9,0,-1,19,5,1,-1,0,1,0,0,0,0,1,1,-1,9,1,25,5,1596,1,12,FORD FIESTA,3,E01012715,0,1
2024201527015,2024,201527015,1,9,0,-1,19,5,1,-1,0,6,0,0,0,0,1,9,-1,6,1,19,4,998,1,11,FORD FIESTA,-1,-1,0,-1
2024440034488,2024,440034488,1,9,0,18,19,8,4,0,0,7,0,0,0,0,1,1,2,2,2,24,5,1596,1,19,FORD FIESTA,3,E01023144,0,4
202454F239024,2024,54F239024,1,9,0,18,19,1,4,0,0,1,0,0,0,0,1,1,6,6,1,20,4,1596,1,18,FORD FIESTA,7,E01032100,0,1
2024010517620,2024,010517620,2,9,4,99,99,9,9,99,99,9,9,99,9,99,9,9,6,6,3,-1,-1,1496,1,6,FORD FIESTA,-1,-1,0,-1
2024340WN1282,2024,340WN1282,1,9,0,-1,1,6,2,-1,0,0,0,0,0,0,4,1,-1,9,2,20,4,1388,1,13,FORD FIESTA,2,E01000470,0,5
2024201494379,2024,201494379,1,9,0,-1,15,6,2,-1,0,0,0,4,0,0,1,9,-1,6,2,-1,-1,998,1,4,FORD FIESTA,-1,-1,0,-1
2024545613724,2024,545613724,1,9,0,18,19,3,7,0,0,3,0,0,0,0,1,1,6,6,1,79,11,998,1,2,FORD FIESTA,8,E01032001,0,1
2024411515660,2024,411515660,1,9,0,-1,19,4,8,-1,0,8,0,0,0,0,1,1,-1,2,1,22,5,1084,1,6,FORD FIESTA,10,E01023675,0,3
2024471458976,2024,471458976,1,9,0,-1,3,5,1,-1,0,1,0,0,0,0,3,1,-1,9,2,39,7,998,1,10,FORD FIESTA,4,E01031435,0,2
2024531430659,2024,531430659,2,9,0,-1,19,7,3,-1,0,1,0,0,7,11,4,1,-1,6,1,17,4,998,1,10,FORD FIESTA,5,E01022268,0,2
2024010539695,2024,010539695,1,9,0,9,9,1,6,0,0,8,0,0,0,0,1,1,6,6,2,79,11,1388,1,19,FORD FIESTA,-1,-1,0,-1
2024411510345,2024,411510345,2,9,0,-1,10,7,5,-1,0,1,0,0,0,0,2,9,-1,9,2,41,7,1242,1,11,FORD FIESTA,8,E01023916,0,3
202417M116924,2024,17M116924,1,9,0,-1,9,6,3,-1,0,8,0,0,0,0,3,1,-1,9,1,18,4,1388,1,12,FORD FIESTA,1,E01035191,0,1
202417S105424,2024,17S105424,1,9,0,-1,19,3,7,-1,0,2,0,0,0,0,1,1,-1,9,2,23,5,1399,2,15,FORD FIESTA,1,E01032543,0,1
2024991453395,2024,991453395,2,9,0,-1,4,1,4,-1,0,1,0,0,0,0,2,1,-1,9,2,39,7,1242,1,15,FORD FIESTA,2,-1,0,1
2024131530446,2024,131530446,2,9,0,-1,11,3,1,-1,0,3,0,0,0,0,1,1,-1,6,2,21,5,998,1,7,FORD FIESTA,6,E01010644,0,1
2024501434273,2024,501434273,1,9,0,-1,19,8,4,-1,0,0,0,0,0,0,1,9,-1,6,2,32,6,1596,1,15,FORD FIESTA,8,E01015120,0,1
2024451409619,2024,451409619,2,9,0,-1,19,7,3,-1,0,0,0,0,0,0,2,1,-1,2,2,55,8,998,1,7,FORD FIESTA,10,E01030368,0,2
2024302400401,2024,302400401,1,9,0,16,19,2,6,0,0,0,0,0,0,0,4,1,6,6,1,21,5,998,1,6,FORD FIESTA,-1,-1,0,-1
2024211527998,2024,211527998,1,9,0,-1,9,5,3,-1,0,8,0,0,0,0,1,1,-1,1,1,65,9,998,1,6,FORD FIESTA,-1,-1,0,-1
2024010543887,2024,010543887,2,9,0,99,99,9,9,99,99,9,9,99,9,99,1,9,6,6,1,45,7,1242,1,8,FORD FIESTA,2,E01004209,0,3
2024010514582,2024,010514582,1,9,0,99,99,9,9,99,99,9,9,99,9,99,2,9,2,2,2,29,6,998,1,10,FORD FIESTA,2,E01003558,0,1
2024010538709,2024,010538709,2,9,0,99,99,9,9,99,99,9,9,99,9,99,9,9,6,6,3,-1,-1,1596,1,15,FORD FIESTA,7,E01002423,0,4
2024461507774,2024,461507774,1,9,0,-1,9,8,4,-1,0,6,0,0,0,0,1,1,-1,6,1,22,5,1399,2,12,FORD FIESTA,1,E01016017,0,1
2024501448118,2024,501448118,3,9,0,-1,5,8,4,-1,0,8,0,11,0,0,1,1,-1,6,2,24,5,1596,1,12,FORD FIESTA,1,E01015149,0,1
2024501456297,2024,501456297,7,9,0,-1,2,0,0,-1,0,0,0,0,0,0,2,1,-1,6,-1,-1,-1,1596,1,8,FORD FIESTA,-1,-1,0,-1
2024411460401,2024,411460401,2,9,0,-1,19,1,5,-1,0,0,0,0,0,0,1,1,-1,6,1,30,6,1242,1,19,FORD FIESTA,7,E01023531,0,3
2024501413464,2024,501413464,1,9,0,-1,19,6,1,-1,0,1,0,0,0,0,1,1,-1,6,1,17,4,1242,1,9,FORD FIESTA,7,E01020304,0,1
2024451427643,2024,451427643,2,9,0,-1,2,0,0,-1,0,0,0,4,0,0,4,1,-1,6,-1,-1,-1,1242,1,13,FORD FIESTA,-1,-1,0,-1
2024201494553,2024,201494553,4,9,0,-1,3,7,1,-1,0,1,0,0,0,0,1,1,-1,9,1,20,4,1242,1,13,FORD FIESTA,6,E01009318,0,1
2024471417697,2024,471417697,2,9,0,-1,2,0,0,-1,0,0,0,0,0,0,1,1,-1,6,-1,-1,-1,1242,1,15,FORD FIESTA,-1,-1,0,-1
202454E173424,2024,54E173424,3,9,0,18,19,4,8,0,0,0,0,0,0,0,1,1,6,6,1,29,6,1388,1,16,FORD FIESTA,-1,-1,0,-1
2024141499351,2024,141499351,1,9,0,-1,19,4,1,-1,0,1,0,0,0,0,4,1,-1,2,2,48,8,998,1,10,FORD FIESTA,3,E01007346,0,1
2024401447128,2024,401447128,2,9,-1,-1,19,2,6,-1,0,0,0,0,0,0,4,9,-1,2,2,26,6,1560,2,12,FORD FIESTA,3,E01015807,0,1
2024531444240,2024,531444240,1,9,0,-1,19,2,6,-1,0,1,0,0,0,0,1,1,-1,2,2,77,11,998,1,4,FORD FIESTA,10,E01022433,0,2
2024070557227,2024,070557227,2,9,0,18,19,1,5,0,0,1,0,0,0,0,4,1,6,6,1,-1,-1,1596,1,11,FORD FIESTA,-1,-1,0,-1
2024622400676,2024,622400676,2,9,0,18,19,8,4,0,0,1,0,0,0,0,2,1,6,6,2,72,10,998,1,9,FORD FIESTA,2,W01001015,0,1
2024161504150,2024,161504150,1,9,0,-1,19,4,6,-1,0,8,0,0,0,0,1,1,-1,9,1,22,5,1242,1,10,FORD FIESTA,1,E01012891,0,2
2024421438208,2024,421438208,1,9,0,-1,19,3,7,-1,0,6,0,0,0,0,3,1,-1,6,2,35,6,1242,1,8,FORD FIESTA,9,E01021782,0,2
2024351558355,2024,351558355,1,9,0,-1,19,5,1,-1,0,2,0,0,0,0,1,1,-1,6,1,52,8,998,1,11,FORD FIESTA,2,E01015610,0,1
2024991495001,2024,991495001,2,9,0,-1,19,1,5,-1,0,1,0,0,0,0,1,1,-1,9,2,26,6,1399,2,15,FORD FIESTA,3,-1,0,3
2024101528026,2024,101528026,1,9,0,-1,19,1,5,-1,0,0,0,0,2,7,4,1,-1,6,2,19,4,1242,1,15,FORD FIESTA,9,E01027399,0,2
2024421425380,2024,421425380,2,9,0,-1,10,3,1,-1,0,1,0,0,0,0,2,9,-1,6,2,66,10,998,1,7,FORD FIESTA,7,E01034094,0,3
2024991439024,2024,991439024,2,9,0,-1,19,7,3,-1,0,8,0,0,0,0,3,1,-1,6,1,35,6,-1,-1,-1,FORD FIESTA,1,-1,0,2
2024471413493,2024,471413493,2,9,0,-1,19,7,3,-1,0,2,0,0,0,0,1,1,-1,9,1,17,4,1242,1,22,FORD FIESTA,5,E01016925,0,1
2024430517761,2024,430517761,1,9,0,9,9,8,6,0,0,5,0,0,0,0,4,1,6,6,2,22,5,1242,1,20,FORD FIESTA,2,E01031454,0,5
2024221531411,2024,221531411,1,9,0,-1,9,5,3,-1,0,5,0,0,0,0,1,1,-1,2,1,37,7,-1,-1,-1,FORD FIESTA,-1,-1,0,-1
2024122500178,2024,122500178,1,9,0,18,19,5,1,0,0,0,0,0,0,0,1,1,6,6,2,42,7,998,1,7,FORD FIESTA,3,E01013386,0,1
202454A910324,2024,54A910324,1,9,0,18,19,6,2,0,0,4,0,0,0,0,1,1,6,6,2,65,9,1242,1,12,FORD FIESTA,7,E01015493,0,1
2024440437749,2024,440437749,1,9,0,9,9,2,8,0,0,6,0,0,0,0,3,1,6,6,2,78,11,998,1,9,FORD FIESTA,10,E01023242,0,1
2024010516705,2024,010516705,1,9,0,99,99,9,9,99,99,9,9,99,9,99,2,9,6,6,1,39,7,998,1,6,FORD FIESTA,3,E01003086,0,1
2024010536553,2024,010536553,2,9,0,99,99,9,9,99,99,9,9,99,9,99,1,9,6,6,1,66,10,998,1,10,FORD FIESTA,3,E01003560,0,1
2024070138377,2024,070138377,1,9,0,18,19,7,3,0,0,0,0,0,0,0,1,1,6,6,1,-1,-1,1084,1,6,FORD FIESTA,-1,-1,0,-1
2024101465992,2024,101465992,2,9,0,-1,2,0,0,-1,0,0,0,0,1,0,3,1,-1,6,2,44,7,1399,2,14,FORD FIESTA,7,E01008765,0,1
2024041444882,2024,041444882,5,9,0,-1,2,0,0,-1,0,2,0,4,0,0,2,1,-1,6,-1,-1,-1,1242,1,15,FORD FIESTA,-1,-1,0,-1
202417S204424,2024,17S204424,1,9,0,17,19,3,1,0,0,8,0,0,3,10,1,1,6,6,1,20,4,998,1,8,FORD FIESTA,-1,-1,0,-1
2024101458663,2024,101458663,2,9,0,-1,4,1,5,-1,0,1,0,0,0,0,2,1,-1,6,1,28,6,998,1,9,FORD FIESTA,2,E01008668,0,1
2024501461420,2024,501461420,1,9,0,-1,19,8,4,-1,0,0,0,0,0,0,1,1,-1,9,1,20,4,1388,1,16,FORD FIESTA,4,E01034640,0,2
2024622500088,2024,622500088,2,9,0,2,2,0,0,0,0,0,0,0,0,0,3,1,6,6,3,-1,-1,998,1,6,FORD FIESTA,-1,-1,0,-1
2024461426293,2024,461426293,2,9,0,-1,5,1,5,-1,0,1,0,0,0,0,1,1,-1,6,1,34,6,1596,1,14,FORD FIESTA,7,E01016179,0,1
2024211483057,2024,211483057,2,9,0,-1,19,8,8,-1,0,0,0,0,0,0,3,1,-1,6,2,38,7,998,1,8,FORD FIESTA,-1,-1,0,-1
2024010541006,2024,010541006,2,9,0,11,11,9,9,99,99,0,9,99,9,99,9,9,6,6,1,-1,-1,998,1,10,FORD FIESTA,2,E01001155,0,1
2024131410362,2024,131410362,2,9,0,-1,19,1,5,-1,0,0,0,0,1,11,1,1,-1,6,2,74,10,1242,1,10,FORD FIESTA,3,E01010727,0,3
2024610023424,2024,610023424,1,9,0,9,9,1,7,0,0,6,0,0,1,10,3,1,6,6,2,66,10,1242,1,20,FORD FIESTA,8,E01022275,0,3