collision_index,collision_year,collision_ref_no,vehicle_reference,vehicle_type,towing_and_articulation,vehicle_manoeuvre_historic,vehicle_manoeuvre,vehicle_direction_from,vehicle_direction_to,vehicle_location_restricted_lane_historic,vehicle_location_restricted_lane,junction_location,skidding_and_overturning,hit_object_in_carriageway,vehicle_leaving_carriageway,hit_object_off_carriageway,first_point_of_impact,vehicle_left_hand_drive,journey_purpose_of_driver_historic,journey_purpose_of_driver,sex_of_driver,age_of_driver,age_band_of_driver,engine_capacity_cc,propulsion_code,age_of_vehicle,generic_make_model,driver_imd_decile,lsoa_of_driver,escooter_flag,driver_distance_banding
2024440393138,2024,440393138,2,9,0,15,15,2,6,0,0,0,0,0,0,0,4,1,3,7,1,28,6,1388,1,20,FORD FIESTA,5,E01023010,0,1
2024421485773,2024,421485773,2,9,0,-1,19,4,8,-1,0,1,0,0,0,0,1,1,-1,6,2,45,7,998,1,11,FORD FIESTA,2,E01015820,0,1
2024201508754,2024,201508754,2,9,0,-1,9,8,4,-1,0,0,0,0,0,0,2,9,-1,6,2,24,5,998,1,11,FORD FIESTA,4,E01009009,0,1
2024991410798,2024,991410798,2,9,0,-1,19,4,8,-1,0,8,0,0,0,0,1,1,-1,9,2,37,7,998,1,6,FORD FIESTA,10,-1,0,2
2024371466052,2024,371466052,2,9,0,-1,19,5,1,-1,0,0,0,0,0,0,4,1,-1,1,1,35,6,998,1,11,FORD FIESTA,3,E01029914,0,2
2024461529663,2024,461529663,1,9,0,-1,19,5,1,-1,0,0,0,0,0,0,1,9,-1,6,1,57,9,1388,1,16,FORD FIESTA,7,E01024355,0,1
2024520500018,2024,520500018,2,9,0,3,3,6,8,0,0,2,0,0,0,0,2,1,6,6,2,54,8,998,1,8,FORD FIESTA,5,E01029330,0,4
2024461520125,2024,461520125,3,9,0,-1,3,5,1,-1,0,0,0,0,0,0,2,1,-1,1,2,34,6,998,1,8,FORD FIESTA,1,E01024676,0,4
2024622400703,2024,622400703,2,9,0,2,2,0,0,0,0,0,0,0,0,0,3,1,6,6,3,-1,-1,998,1,6,FORD FIESTA,-1,-1,0,-1
2024131509442,2024,131509442,1,9,0,-1,19,1,1,-1,0,8,1,0,0,0,3,1,-1,9,2,33,6,1242,1,21,FORD FIESTA,1,E01032500,0,1
2024231409743,2024,231409743,1,9,0,-1,1,2,6,-1,0,6,0,0,0,0,2,1,-1,2,2,42,7,1242,1,20,FORD FIESTA,8,E01031149,0,2
2024522401445,2024,522401445,3,9,0,18,19,6,2,0,0,1,0,0,0,0,2,1,6,6,3,-1,-1,-1,-1,-1,FORD FIESTA,-1,-1,0,-1
2024501413967,2024,501413967,1,9,0,-1,19,5,2,-1,0,0,2,10,2,7,4,1,-1,9,1,26,6,1242,1,17,FORD FIESTA,7,E01020206,0,2
2024991414058,2024,991414058,1,9,0,-1,19,8,4,-1,0,1,1,0,0,0,1,1,-1,6,2,28,6,1242,1,11,FORD FIESTA,4,-1,0,2
2024631495963,2024,631495963,1,9,0,-1,19,2,6,-1,0,0,0,0,0,0,1,1,-1,7,1,29,6,1242,1,17,FORD FIESTA,9,W01002000,0,1
2024411512296,2024,411512296,1,9,0,-1,19,3,7,-1,0,0,0,0,0,0,4,1,-1,1,1,42,7,1242,1,17,FORD FIESTA,9,E01023352,0,1
2024122500118,2024,122500118,2,9,0,4,4,6,2,0,0,0,0,0,0,0,1,1,6,6,1,81,11,1242,1,11,FORD FIESTA,3,E01020886,0,3
2024552401114,2024,552401114,1,9,0,1,1,8,4,0,0,1,0,0,0,0,2,1,6,6,1,72,10,1388,1,12,FORD FIESTA,7,E01020479,0,1
2024520402796,2024,520402796,1,9,0,18,19,7,2,0,0,8,0,0,0,0,1,1,6,6,2,20,4,1242,1,8,FORD FIESTA,9,E01029159,0,3
2024131486770,2024,131486770,2,9,0,-1,19,7,3,-1,0,0,0,0,0,0,1,1,-1,9,2,44,7,1242,1,10,FORD FIESTA,6,E01011525,0,1
2024131405694,2024,131405694,2,9,0,-1,19,1,5,-1,0,0,0,0,0,0,1,1,-1,6,2,24,5,1242,1,13,FORD FIESTA,1,E01011625,0,1
2024361551629,2024,361551629,2,9,0,-1,19,7,3,-1,0,8,0,0,0,0,1,1,-1,6,2,72,10,1084,1,6,FORD FIESTA,5,E01026493,0,1
2024610023324,2024,610023324,1,9,0,16,19,1,4,0,0,0,1,0,7,4,1,1,6,6,1,18,4,1242,1,18,FORD FIESTA,8,W01001409,0,1
2024471452797,2024,471452797,1,9,0,-1,19,2,8,-1,0,0,0,0,0,0,1,1,-1,2,1,26,6,1560,2,14,FORD FIESTA,5,E01030834,0,3
2024131418854,2024,131418854,3,9,0,-1,2,0,0,-1,0,1,0,0,0,0,1,1,-1,1,2,49,8,1399,2,13,FORD FIESTA,8,E01011848,0,1
2024010525035,2024,010525035,1,9,0,3,3,3,7,0,0,0,0,0,0,0,3,1,1,1,1,-1,-1,998,1,5,FORD FIESTA,3,E01003315,0,1
2024161470975,2024,161470975,1,9,0,-1,19,3,7,-1,0,4,0,0,0,0,0,1,-1,9,1,28,6,-1,-1,-1,FORD FIESTA,1,E01013279,0,1
2024991488737,2024,991488737,2,9,0,-1,5,1,4,-1,0,1,0,0,0,0,3,1,-1,6,1,20,4,1242,1,18,FORD FIESTA,2,-1,0,1
2024401542239,2024,401542239,1,9,0,-1,19,1,5,-1,0,0,0,0,0,0,1,2,-1,6,1,28,6,998,1,7,FORD FIESTA,4,E01015751,0,3
2024061452983,2024,061452983,1,9,0,-1,13,2,6,-1,0,1,0,0,0,0,4,1,-1,9,2,22,5,1242,1,7,FORD FIESTA,1,E01005475,0,1
2024522401817,2024,522401817,1,9,0,18,19,4,8,0,0,8,0,0,0,0,1,1,6,6,1,19,4,998,1,9,FORD FIESTA,8,E01014953,0,3
2024451510408,2024,451510408,1,9,0,-1,19,6,2,-1,0,0,1,6,1,10,4,1,-1,2,2,18,4,1388,1,16,FORD FIESTA,8,E01030803,0,2
2024010523457,2024,010523457,1,9,0,99,99,9,9,0,0,0,9,99,9,99,9,9,6,6,1,24,5,1242,1,14,FORD FIESTA,5,E01024383,0,4
2024421507348,2024,421507348,1,9,0,-1,9,7,5,-1,0,3,0,0,0,0,1,1,-1,6,1,36,7,1242,1,15,FORD FIESTA,1,E01015841,0,1
2024421401979,2024,421401979,1,9,0,-1,19,5,1,-1,0,0,0,0,0,0,1,1,-1,9,2,59,9,998,1,4,FORD FIESTA,3,E01021554,0,1
2024351415392,2024,351415392,1,9,0,-1,19,2,6,-1,0,0,0,0,0,0,1,1,-1,6,1,17,4,998,1,10,FORD FIESTA,9,E01018038,0,2
2024010523367,2024,010523367,1,9,0,4,4,1,5,0,0,0,0,0,0,0,1,1,6,6,1,18,4,1084,1,7,FORD FIESTA,9,E01000461,0,1
2024991400789,2024,991400789,1,9,0,-1,4,1,5,-1,0,1,0,0,0,0,1,1,-1,9,2,22,5,1242,1,15,FORD FIESTA,-1,-1,0,-1
2024440078772,2024,440078772,1,9,0,16,19,3,6,0,0,0,0,0,0,0,3,1,6,6,1,20,4,1388,1,15,FORD FIESTA,6,E01022506,0,1
2024440416907,2024,440416907,1,9,0,10,10,4,2,0,0,1,0,0,0,0,2,1,6,6,2,43,7,999,1,4,FORD FIESTA,5,E01017324,0,1
2024631529244,2024,631529244,1,9,0,-1,9,2,8,-1,0,5,0,0,0,0,1,1,-1,1,1,21,5,-1,-1,-1,FORD FIESTA,1,W01000734,0,3
2024461531546,2024,461531546,1,9,0,-1,19,1,5,-1,0,0,5,4,0,0,1,1,-1,9,2,67,10,1388,1,17,FORD FIESTA,7,E01016089,0,1
2024041470190,2024,041470190,2,9,0,-1,19,5,1,-1,0,0,0,0,0,0,2,1,-1,9,2,68,10,1399,2,15,FORD FIESTA,1,E01006350,0,3
2024471429002,2024,471429002,1,9,0,-1,19,4,8,-1,0,0,0,4,0,0,4,1,-1,9,1,19,4,1388,1,16,FORD FIESTA,5,E01023985,0,4
2024552400388,2024,552400388,2,9,0,3,3,5,1,0,0,0,0,0,0,0,2,1,6,6,2,24,5,998,1,7,FORD FIESTA,8,E01015297,0,2
2024302400232,2024,302400232,2,9,0,18,19,6,2,0,0,8,0,0,7,0,4,1,6,6,1,76,11,998,1,8,FORD FIESTA,9,E01013596,0,1
2024461401172,2024,461401172,2,9,0,-1,3,2,8,-1,0,1,0,0,0,0,2,9,-1,2,2,32,6,1242,1,14,FORD FIESTA,2,E01016066,0,1
2024141531452,2024,141531452,2,9,0,-1,19,8,4,-1,0,0,0,0,0,0,1,1,-1,2,1,19,4,998,1,9,FORD FIESTA,-1,-1,0,-1
2024631445263,2024,631445263,1,9,0,-1,9,5,2,-1,0,6,0,0,1,10,3,1,-1,2,2,18,4,1560,2,14,FORD FIESTA,4,W01000617,0,1
2024440034525,2024,440034525,3,9,0,18,19,5,1,0,0,1,0,0,0,0,3,1,6,6,2,39,7,998,1,9,FORD FIESTA,5,E01017311,0,2
2024161444617,2024,161444617,1,9,0,-1,19,3,7,-1,0,0,2,0,1,9,1,1,-1,2,2,37,7,1242,1,14,FORD FIESTA,9,E01013293,0,1
2024471489198,2024,471489198,1,9,0,-1,19,4,8,-1,0,1,0,0,0,0,1,9,-1,6,1,51,8,1242,1,20,FORD FIESTA,6,E01031557,0,1
2024610040624,2024,610040624,1,9,0,18,19,4,8,0,0,0,2,7,1,9,1,1,6,6,1,31,6,1242,1,17,FORD FIESTA,9,W01001851,0,4
2024440439070,2024,440439070,1,9,0,9,9,2,7,0,0,6,0,0,0,0,3,1,6,6,1,36,7,1596,1,8,FORD FIESTA,3,E01022739,0,1
2024501531506,2024,501531506,2,9,0,-1,4,7,3,-1,0,1,1,0,1,4,1,1,-1,6,2,60,9,1242,1,16,FORD FIESTA,2,E01015074,0,1
2024010516325,2024,010516325,1,9,0,5,5,3,7,0,0,8,0,0,0,0,1,1,6,6,1,38,7,1596,1,17,FORD FIESTA,5,E01002299,0,4
2024201443240,2024,201443240,2,9,0,-1,2,0,0,-1,-1,1,0,0,0,0,3,1,-1,9,2,24,5,998,1,5,FORD FIESTA,2,E01008999,0,1
2024010546862,2024,010546862,2,9,0,18,19,5,1,0,0,8,0,0,0,0,3,1,6,6,1,29,6,998,1,6,FORD FIESTA,3,E01002797,0,1
2024320222233,2024,320222233,1,9,0,-1,-1,6,2,0,0,0,1,0,1,9,1,1,6,6,1,28,6,1242,1,10,FORD FIESTA,7,E01015590,0,4
2024471400409,2024,471400409,1,9,0,-1,19,1,5,-1,0,8,0,0,0,0,1,1,-1,6,2,62,9,1084,1,7,FORD FIESTA,1,E01020912,0,4
2024302400044,2024,302400044,2,9,0,2,2,0,0,0,0,0,0,4,0,0,2,1,6,6,1,19,4,1388,1,13,FORD FIESTA,5,E01019402,0,2
2024231493388,2024,231493388,2,9,0,-1,19,3,7,-1,0,8,0,0,0,0,4,9,-1,6,2,24,5,1242,1,12,FORD FIESTA,2,E01031092,0,1
2024421459158,2024,421459158,1,9,0,-1,19,5,1,-1,0,0,2,0,7,4,3,1,-1,9,1,58,9,1242,1,19,FORD FIESTA,6,E01022086,0,4
2024361530661,2024,361530661,1,9,0,-1,3,5,1,-1,0,0,0,0,0,0,2,1,-1,2,1,42,7,1596,1,14,FORD FIESTA,1,E01026808,0,2
2024401532147,2024,401532147,1,9,0,-1,4,1,5,-1,0,1,0,0,0,0,1,1,-1,6,2,39,7,998,1,9,FORD FIESTA,5,E01015717,0,3
2024440230165,2024,440230165,2,9,0,18,19,8,4,0,0,8,0,0,0,0,3,1,6,6,1,20,4,1596,1,14,FORD FIESTA,6,E01031508,0,2
2024991409975,2024,991409975,4,9,0,-1,19,4,8,-1,0,0,0,0,0,0,1,1,-1,6,2,21,5,998,1,8,FORD FIESTA,5,-1,0,1
2024411496291,2024,411496291,1,9,0,-1,19,3,7,-1,0,0,0,0,0,0,1,1,-1,1,1,28,6,998,1,6,FORD FIESTA,7,E01021801,0,2
2024332400300,2024,332400300,1,9,0,-1,19,7,3,-1,0,1,5,0,0,0,1,1,-1,9,1,90,11,1399,2,15,FORD FIESTA,7,E01025826,0,1
2024351500886,2024,351500886,1,9,0,-1,19,1,5,-1,0,3,0,0,0,0,-1,1,-1,6,1,-1,-1,1560,2,14,FORD FIESTA,-1,-1,0,-1
2024141448234,2024,141448234,1,9,0,-1,5,8,4,-1,0,6,0,0,0,0,1,1,-1,9,1,30,6,998,1,10,FORD FIESTA,3,E01007774,0,1
2024622400636,2024,622400636,1,9,0,18,19,2,6,0,0,0,0,0,1,2,1,1,6,6,1,19,4,1399,2,12,FORD FIESTA,1,W01001219,0,3
2024401404440,2024,401404440,1,9,0,-1,19,5,1,-1,0,1,0,0,0,0,2,1,-1,6,1,50,8,1596,1,9,FORD FIESTA,7,E01033023,0,3
2024520401686,2024,520401686,2,9,0,18,19,7,3,0,0,0,5,0,0,0,1,1,6,6,2,60,9,1242,1,10,FORD FIESTA,6,E01029040,0,1
2024461522059,2024,461522059,2,9,0,-1,19,7,3,-1,0,0,0,0,0,0,2,9,-1,6,1,51,8,1242,1,16,FORD FIESTA,6,E01024598,0,1
2024332400767,2024,332400767,2,9,0,-1,2,0,0,-1,0,2,0,0,0,0,1,1,-1,6,3,-1,-1,1388,1,19,FORD FIESTA,-1,-1,0,-1
2024522401437,2024,522401437,1,9,0,18,19,7,3,0,0,0,0,0,0,0,1,1,6,6,2,27,6,998,1,6,FORD FIESTA,10,W01001778,0,4
2024010515077,2024,010515077,1,9,0,18,19,5,1,0,0,8,0,0,0,0,4,1,6,6,1,65,9,1242,1,18,FORD FIESTA,5,E01004065,0,1
2024552400215,2024,552400215,1,9,0,9,9,2,8,0,0,6,0,0,0,0,4,1,2,2,2,22,5,1388,1,19,FORD FIESTA,4,E01015382,0,1
2024122401253,2024,122401253,1,9,0,16,19,5,7,0,0,0,2,0,7,9,1,1,6,6,1,36,7,1242,1,18,FORD FIESTA,9,E01011194,0,4
2024201467622,2024,201467622,1,9,0,-1,13,3,7,-1,0,0,5,0,0,0,1,1,-1,6,3,16,4,1388,1,15,FORD FIESTA,-1,-1,0,-1
2024070307102,2024,070307102,1,9,0,18,19,3,7,0,0,0,5,0,0,4,4,1,6,6,1,20,4,1242,1,15,FORD FIESTA,1,E01014250,0,2
2024302500086,2024,302500086,2,9,0,-1,19,3,7,-1,0,0,0,0,0,0,1,1,-1,6,2,30,6,998,1,10,FORD FIESTA,3,E01029568,0,4
2024161431808,2024,161431808,2,9,0,-1,7,3,7,-1,4,0,0,0,0,0,1,9,-1,6,1,64,9,1242,1,15,FORD FIESTA,-1,-1,0,-1
2024010498354,2024,010498354,1,9,0,99,99,9,9,99,99,9,9,99,9,99,9,9,2,2,1,31,6,998,1,11,FORD FIESTA,2,E01000525,0,1
2024610025324,2024,610025324,1,9,0,18,19,6,2,0,0,0,0,0,0,0,2,1,6,6,1,44,7,1560,2,13,FORD FIESTA,5,E01014070,0,4
2024010524649,2024,010524649,2,9,0,99,99,9,9,99,99,9,9,99,9,99,9,9,6,6,3,-1,-1,998,1,7,FORD FIESTA,-1,-1,0,-1
2024221458644,2024,221458644,1,9,0,-1,5,5,1,-1,0,0,0,0,0,0,2,1,-1,6,2,22,5,998,1,8,FORD FIESTA,10,E01032144,0,1
2024430346781,2024,430346781,1,9,0,18,19,6,2,0,0,1,0,0,0,0,4,1,6,6,2,-1,-1,998,1,6,FORD FIESTA,10,E01016343,0,1
2024411496651,2024,411496651,2,9,0,-1,19,3,7,-1,0,0,0,0,0,0,1,1,-1,6,2,18,4,998,1,7,FORD FIESTA,8,E01002461,0,3
2024411476865,2024,411476865,1,9,-1,-1,-1,-1,-1,-1,-1,-1,-1,-1,-1,0,-1,9,-1,6,1,-1,-1,1399,2,15,FORD FIESTA,-1,-1,0,-1
2024501469488,2024,501469488,1,9,0,-1,19,7,3,-1,0,0,0,0,0,0,2,1,-1,9,2,72,10,1388,1,22,FORD FIESTA,8,E01025730,0,5
2024430223802,2024,430223802,1,9,0,18,19,8,4,0,0,1,0,0,0,0,4,1,6,6,2,34,6,999,1,3,FORD FIESTA,5,E01004624,0,4
2024010548305,2024,010548305,2,9,0,99,99,9,9,99,99,9,9,99,9,99,1,9,6,6,3,34,6,998,1,8,FORD FIESTA,3,E01003636,0,1
2024010531061,2024,010531061,1,9,0,9,9,5,2,0,0,2,0,0,0,0,4,1,6,6,1,18,4,1084,1,5,FORD FIESTA,6,E01001271,0,3
2024440159150,2024,440159150,2,9,0,13,13,2,6,0,0,0,0,0,0,0,4,1,6,6,2,-1,-1,998,1,1,FORD FIESTA,-1,-1,0,-1
2024070717461,2024,070717461,2,9,0,-1,19,3,5,-1,0,8,0,0,0,0,1,1,-1,9,2,41,7,1242,1,10,FORD FIESTA,10,E01018641,0,1
2024501472457,2024,501472457,2,9,0,-1,19,1,3,-1,0,8,0,0,0,0,0,1,-1,9,2,45,7,1388,1,14,FORD FIESTA,1,E01015151,0,1
2024451508280,2024,451508280,1,9,0,-1,19,1,5,-1,0,4,0,0,0,0,4,1,-1,1,1,19,4,1242,1,16,FORD FIESTA,2,E01030497,0,1
2024531462372,2024,531462372,1,9,0,-1,5,2,6,-1,0,1,0,0,0,0,1,1,-1,2,2,39,7,1560,2,12,FORD FIESTA,2,E01022292,0,1
2024440033041,2024,440033041,1,9,0,18,19,8,4,0,0,0,0,0,0,0,1,1,6,6,2,24,5,998,1,6,FORD FIESTA,7,E01022946,0,2
2024361456372,2024,361456372,1,9,0,-1,19,5,1,-1,0,0,0,0,0,0,1,1,-1,9,2,76,11,998,1,7,FORD FIESTA,8,E01026502,0,1
2024471454462,2024,471454462,5,9,-1,-1,3,6,2,-1,0,0,0,0,0,0,1,9,-1,6,1,62,9,998,1,6,FORD FIESTA,7,E01016976,0,1
2024471519950,2024,471519950,2,9,0,-1,7,5,7,-1,0,6,0,0,0,0,1,1,-1,9,2,25,5,998,1,8,FORD FIESTA,4,E01031494,0,2
2024141420714,2024,141420714,2,9,0,-1,2,1,5,-1,0,2,0,0,0,0,3,2,-1,6,-1,-1,-1,1242,1,10,FORD FIESTA,-1,-1,0,-1
2024440021698,2024,440021698,1,9,0,9,9,8,6,0,0,8,0,0,0,0,3,1,6,6,1,-1,-1,1399,2,13,FORD FIESTA,-1,-1,0,-1
2024440051178,2024,440051178,1,9,0,18,19,2,6,0,0,0,0,0,7,5,1,1,6,6,1,85,11,1388,1,14,FORD FIESTA,10,E01023239,0,1
2024522500116,2024,522500116,2,9,0,11,11,2,6,0,0,2,0,0,0,0,4,1,6,6,1,-1,-1,1388,1,15,FORD FIESTA,-1,-1,0,-1
2024461484803,2024,461484803,2,9,0,-1,19,3,7,-1,0,1,0,0,1,0,1,2,-1,9,1,32,6,1388,1,15,FORD FIESTA,3,E01016042,0,1
2024531452792,2024,531452792,2,9,0,-1,10,5,1,-1,0,1,0,0,0,0,2,1,-1,2,2,46,8,1388,1,16,FORD FIESTA,3,E01022134,0,2
2024131400622,2024,131400622,1,9,0,-1,9,1,1,-1,0,0,0,0,0,0,3,1,-1,9,2,48,8,1242,1,17,FORD FIESTA,2,E01010837,0,1
2024010517766,2024,010517766,1,9,0,18,19,2,6,0,0,1,0,0,0,0,1,1,6,6,2,28,6,1388,1,16,FORD FIESTA,3,E01003431,0,1
2024041499904,2024,041499904,1,9,0,-1,19,3,7,-1,0,0,0,0,2,0,1,1,-1,6,1,17,4,1399,2,12,FORD FIESTA,7,E01025141,0,2
2024131460952,2024,131460952,2,9,0,-1,19,5,1,-1,0,1,0,0,0,0,3,1,-1,6,2,28,6,1399,2,13,FORD FIESTA,1,E01011475,0,1
2024542606024,2024,542606024,2,9,0,1,1,2,6,0,0,1,1,0,2,11,1,1,6,6,1,18,4,998,1,9,FORD FIESTA,8,E01032041,0,1
2024010512145,2024,010512145,3,9,0,2,2,0,0,9,9,1,0,0,0,0,3,1,6,6,3,-1,-1,1596,1,17,FORD FIESTA,-1,-1,0,-1
2024461513320,2024,461513320,1,9,0,-1,19,1,5,-1,0,0,0,0,1,0,1,9,-1,9,1,27,6,1560,2,15,FORD FIESTA,4,E01024029,0,3
2024332400180,2024,332400180,2,9,0,-1,19,8,4,-1,0,1,0,0,1,11,1,1,-1,9,2,61,9,1388,1,21,FORD FIESTA,5,E01029838,0,4
2024440010155,2024,440010155,2,9,0,2,2,0,0,0,0,0,0,0,0,0,2,1,6,6,3,-1,-1,1596,1,11,FORD FIESTA,-1,-1,0,-1
2024141467338,2024,141467338,1,9,0,-1,19,6,2,-1,0,0,0,0,0,0,1,1,-1,6,1,18,4,1560,2,12,FORD FIESTA,1,E01007873,0,1
2024141439247,2024,141439247,2,9,0,-1,19,5,1,-1,0,0,0,0,5,6,1,1,-1,9,1,25,5,1596,1,9,FORD FIESTA,1,E01011842,0,4
2024461432889,2024,461432889,1,9,0,-1,19,7,3,-1,0,1,0,0,0,0,1,9,-1,6,2,44,7,999,1,2,FORD FIESTA,10,E01024348,0,1
2024010501221,2024,010501221,1,9,0,99,99,9,9,99,99,9,9,99,9,99,9,9,6,6,2,40,7,1499,2,7,FORD FIESTA,8,E01004147,0,1
2024311452913,2024,311452913,2,9,0,-1,19,3,7,-1,0,0,0,0,0,0,1,1,-1,6,1,54,8,998,1,8,FORD FIESTA,10,E01028087,0,1
2024302401221,2024,302401221,2,9,0,7,7,4,6,0,0,1,0,0,0,0,1,1,6,6,1,18,4,998,1,10,FORD FIESTA,10,E01013574,0,1
2024041431715,2024,041431715,1,9,0,-1,19,7,3,-1,0,0,0,0,0,0,1,1,-1,6,1,54,8,1242,1,11,FORD FIESTA,1,E01005639,0,4
2024471406866,2024,471406866,2,9,0,-1,19,5,1,-1,0,8,0,0,0,0,1,1,-1,9,2,47,8,998,1,10,FORD FIESTA,7,E01021201,0,3
2024531534588,2024,531534588,1,9,0,-1,19,3,7,-1,0,0,5,0,7,0,1,1,-1,9,1,55,8,1399,2,14,FORD FIESTA,2,W01000588,0,5
2024401519298,2024,401519298,1,9,0,-1,5,1,5,-1,0,2,0,0,0,0,1,1,-1,6,1,18,4,999,1,3,FORD FIESTA,9,E01017414,0,1
2024351539365,2024,351539365,1,9,0,-1,12,7,2,-1,0,0,0,0,4,0,4,1,-1,2,1,51,8,1242,1,19,FORD FIESTA,7,E01026252,0,4
2024531498616,2024,531498616,1,9,0,-1,19,8,6,-1,0,2,0,0,0,0,1,9,-1,6,1,23,5,1596,1,15,FORD FIESTA,10,E01022119,0,1
2024201495753,2024,201495753,2,9,0,-1,3,3,7,-1,0,1,0,0,0,0,2,1,-1,6,2,22,5,1388,1,14,FORD FIESTA,1,E01009233,0,2
2024010551378,2024,010551378,1,9,0,18,19,5,1,0,0,1,0,0,0,0,4,1,6,6,1,23,5,998,1,7,FORD FIESTA,2,E01001695,0,1
2024231462111,2024,231462111,2,9,0,-1,19,4,8,-1,0,8,0,0,0,0,1,1,-1,9,2,38,7,998,1,10,FORD FIESTA,8,E01027008,0,2
2024211434168,2024,211434168,4,9,0,-1,19,3,7,-1,0,0,0,0,0,0,2,1,-1,6,2,20,4,1399,2,14,FORD FIESTA,6,E01029778,0,1
2024471495487,2024,471495487,2,9,0,-1,19,3,7,-1,0,1,0,0,0,0,4,1,-1,9,2,67,10,1084,1,6,FORD FIESTA,10,E01030959,0,4
2024401539211,2024,401539211,3,9,0,-1,2,0,0,-1,0,0,0,0,0,0,2,1,-1,6,-1,-1,-1,1242,1,11,FORD FIESTA,-1,-1,0,-1
2024471398254,2024,471398254,1,9,0,-1,19,7,3,-1,0,0,0,0,0,0,3,1,-1,6,2,48,8,1388,1,15,FORD FIESTA,5,E01034819,0,3
2024122500034,2024,122500034,1,9,0,18,19,3,7,0,0,0,0,0,0,0,1,1,6,6,1,78,11,998,1,7,FORD FIESTA,7,E01013419,0,1
2024061470533,2024,061470533,1,9,0,-1,19,7,3,-1,0,0,0,0,2,0,1,1,-1,6,1,18,4,998,1,5,FORD FIESTA,-1,-1,0,-1
2024991523449,2024,991523449,1,9,0,-1,19,5,2,-1,0,0,0,0,0,0,3,1,-1,6,1,29,6,1242,1,16,FORD FIESTA,4,-1,0,1
2024131464404,2024,131464404,2,9,0,-1,2,0,0,-1,9,0,0,0,0,0,0,1,-1,6,-1,-1,-1,1242,1,11,FORD FIESTA,-1,-1,0,-1
2024461473497,2024,461473497,1,9,0,-1,19,1,5,-1,0,0,0,0,0,0,1,1,-1,9,1,19,4,1560,2,11,FORD FIESTA,6,E01024267,0,1
2024221513366,2024,221513366,1,9,0,-1,19,4,8,-1,0,1,0,0,0,0,1,1,-1,1,1,20,4,1242,1,11,FORD FIESTA,5,E01014009,0,2
2024031433737,2024,031433737,2,9,0,-1,10,7,3,-1,0,0,0,0,0,0,2,1,-1,9,2,66,10,1242,1,9,FORD FIESTA,6,E01019130,0,1
2024010525553,2024,010525553,1,9,0,18,19,3,7,0,0,2,0,0,0,0,1,1,2,2,1,21,5,1388,1,15,FORD FIESTA,10,E01030627,0,4
2024340NN4452,2024,340NN4452,2,9,0,-1,19,7,3,-1,0,0,1,0,1,1,4,1,-1,1,1,24,5,1596,1,14,FORD FIESTA,9,E01027115,0,2
2024010510019,2024,010510019,1,9,0,99,99,9,9,99,99,9,9,99,9,99,9,9,6,6,2,59,9,1499,2,7,FORD FIESTA,2,E01007633,0,5
2024451461361,2024,451461361,1,9,0,-1,19,3,7,-1,0,0,1,0,7,1,1,1,-1,6,1,18,4,998,1,8,FORD FIESTA,9,E01030733,0,1
2024461401096,2024,461401096,1,9,0,-1,19,5,1,-1,0,0,1,0,0,0,1,9,-1,9,1,63,9,1388,1,18,FORD FIESTA,4,E01003074,0,4
2024231409845,2024,231409845,2,9,0,-1,19,8,4,-1,0,8,0,0,0,0,1,1,-1,6,2,37,7,999,1,3,FORD FIESTA,6,E01031062,0,4
2024461482629,2024,461482629,2,9,0,-1,1,3,7,-1,0,0,0,0,0,0,1,1,-1,9,1,83,11,999,1,4,FORD FIESTA,5,E01024594,0,4
2024421499472,2024,421499472,1,9,0,-1,3,3,7,-1,0,8,0,0,0,0,1,1,-1,6,2,55,8,1242,1,10,FORD FIESTA,5,E01021536,0,1
2024522402689,2024,522402689,2,9,0,2,2,0,0,0,0,0,0,0,0,0,3,1,6,6,3,-1,-1,998,1,11,FORD FIESTA,-1,-1,0,-1
2024351463508,2024,351463508,2,9,0,-1,19,2,5,-1,0,0,0,0,0,0,3,1,-1,6,2,-1,-1,1388,1,15,FORD FIESTA,2,E01015677,0,1
2024471448394,2024,471448394,2,9,0,-1,2,2,6,-1,0,0,0,0,0,0,2,1,-1,6,-1,-1,-1,1242,1,16,FORD FIESTA,-1,-1,0,-1
2024471527284,2024,471527284,1,9,0,-1,9,3,1,-1,0,1,0,7,0,0,1,1,-1,6,1,25,5,998,1,10,FORD FIESTA,2,E01016945,0,2
2024320143476,2024,320143476,1,9,0,-1,-1,4,8,0,0,1,5,0,1,10,1,1,-1,-1,1,17,4,1560,2,12,FORD FIESTA,-1,-1,0,-1
2024440274705,2024,440274705,2,9,0,18,19,8,4,0,0,1,0,0,0,0,4,1,6,6,2,66,10,998,1,8,FORD FIESTA,10,E01028790,0,4
2024141534488,2024,141534488,1,9,0,-1,19,2,6,-1,0,1,0,0,0,0,1,1,-1,9,1,18,4,1560,2,14,FORD FIESTA,3,E01007569,0,1