collision_index,collision_year,collision_ref_no,vehicle_reference,vehicle_type,towing_and_articulation,vehicle_manoeuvre_historic,vehicle_manoeuvre,vehicle_direction_from,vehicle_direction_to,vehicle_location_restricted_lane_historic,vehicle_location_restricted_lane,junction_location,skidding_and_overturning,hit_object_in_carriageway,vehicle_leaving_carriageway,hit_object_off_carriageway,first_point_of_impact,vehicle_left_hand_drive,journey_purpose_of_driver_historic,journey_purpose_of_driver,sex_of_driver,age_of_driver,age_band_of_driver,engine_capacity_cc,propulsion_code,age_of_vehicle,generic_make_model,driver_imd_decile,lsoa_of_driver,escooter_flag,driver_distance_banding
2024141483762,2024,141483762,1,9,0,-1,19,1,5,-1,0,8,0,0,0,0,1,1,-1,6,1,56,9,1560,2,13,FORD FIESTA,1,E01007716,0,1
2024010502705,2024,010502705,1,9,0,18,19,3,7,0,0,0,0,10,0,0,2,1,6,6,1,31,6,998,1,5,FORD FIESTA,7,E01004491,0,3
2024041532788,2024,041532788,1,9,0,-1,19,1,5,-1,0,1,0,0,0,0,1,1,-1,9,1,69,10,999,1,4,FORD FIESTA,3,E01025054,0,1
2024201397136,2024,201397136,1,9,0,-1,5,6,2,-1,0,1,0,0,0,0,1,1,-1,6,2,64,9,1242,1,10,FORD FIESTA,6,E01010123,0,1
2024361451436,2024,361451436,2,9,0,-1,4,4,8,-1,0,0,0,0,0,0,1,1,-1,9,1,20,4,1242,1,16,FORD FIESTA,4,E01030225,0,1
2024211522412,2024,211522412,1,9,0,-1,19,1,3,-1,0,0,5,0,0,0,1,1,-1,6,1,27,6,1560,2,18,FORD FIESTA,1,E01014249,0,1
2024332400352,2024,332400352,2,9,0,-1,19,5,1,-1,0,0,0,0,0,0,4,1,-1,6,1,-1,-1,998,1,8,FORD FIESTA,-1,-1,0,-1
2024201508237,2024,201508237,1,9,0,-1,5,6,2,-1,0,8,0,10,3,0,1,1,-1,6,2,38,7,998,1,6,FORD FIESTA,8,E01009469,0,1
2024361536163,2024,361536163,1,19,0,-1,19,3,1,-1,0,0,0,0,7,0,1,1,-1,9,1,38,7,1499,2,10,FORD FIESTA,2,E01026607,0,2
2024101464461,2024,101464461,1,9,0,-1,19,7,4,-1,0,0,0,0,0,0,0,1,-1,6,1,59,9,1596,1,8,FORD FIESTA,2,E01008791,0,1
2024340NN0642,2024,340NN0642,2,9,0,-1,7,6,1,-1,0,5,0,0,0,0,4,1,-1,9,2,-1,-1,998,1,7,FORD FIESTA,5,E01026971,0,1
2024471508558,2024,471508558,1,9,0,-1,19,3,7,-1,0,0,0,0,0,0,4,1,-1,2,1,27,6,998,1,4,FORD FIESTA,3,E01031811,0,2
2024622400444,2024,622400444,2,9,0,9,9,3,1,0,0,1,0,0,0,0,4,1,6,6,2,19,4,1388,1,15,FORD FIESTA,4,W01000747,0,1
2024501396695,2024,501396695,1,9,0,-1,19,7,2,-1,0,1,2,0,0,0,1,1,-1,2,1,55,8,1560,2,12,FORD FIESTA,5,E01020235,0,2
2024161508377,2024,161508377,2,9,0,-1,19,2,6,-1,0,0,0,0,0,0,1,9,-1,6,3,-1,-1,998,1,7,FORD FIESTA,-1,-1,0,-1
2024471412963,2024,471412963,2,9,0,-1,12,7,3,-1,0,1,9,99,0,0,4,1,-1,6,1,-1,-1,1242,1,11,FORD FIESTA,-1,-1,0,-1
2024052400745,2024,052400745,1,9,0,18,19,7,3,0,0,0,0,0,0,0,1,1,6,6,1,26,6,1242,1,11,FORD FIESTA,1,E01007128,0,2
2024201462142,2024,201462142,1,9,0,-1,19,3,7,-1,0,0,0,0,0,0,1,1,-1,6,1,18,4,1242,1,14,FORD FIESTA,-1,-1,0,-1
2024201524627,2024,201524627,1,9,0,-1,14,2,6,-1,0,0,0,4,0,0,4,2,-1,9,1,54,8,1242,1,13,FORD FIESTA,3,E01009302,0,1
2024501533106,2024,501533106,1,9,0,-1,19,7,3,-1,0,0,0,4,1,0,1,1,-1,6,2,24,5,1242,1,23,FORD FIESTA,3,E01019914,0,1
2024211512281,2024,211512281,2,9,0,-1,2,0,0,-1,0,0,0,0,0,0,1,2,-1,6,1,23,5,1596,1,9,FORD FIESTA,4,E01029535,0,1
2024622400750,2024,622400750,1,9,0,18,19,2,6,0,0,1,0,0,0,0,1,1,6,6,1,22,5,998,1,5,FORD FIESTA,4,W01001149,0,1
2024430444763,2024,430444763,1,9,0,9,9,2,8,0,0,0,0,0,0,0,3,1,6,6,1,27,6,998,1,6,FORD FIESTA,6,E01016704,0,1
2024221420166,2024,221420166,1,9,0,-1,4,5,1,-1,0,8,0,0,0,0,2,9,-1,1,1,59,9,998,1,10,FORD FIESTA,8,E01032226,0,2
2024201456298,2024,201456298,1,9,0,-1,7,7,1,-1,0,4,0,0,0,0,3,1,-1,1,1,28,6,1560,2,15,FORD FIESTA,2,E01009627,0,3
2024010538639,2024,010538639,1,9,0,4,4,7,3,0,0,1,0,4,0,0,4,2,6,6,2,20,4,1242,1,14,FORD FIESTA,10,E01024320,0,4
2024471479501,2024,471479501,1,9,0,-1,5,2,8,-1,0,1,0,0,0,0,1,1,-1,9,2,31,6,998,1,11,FORD FIESTA,9,E01031580,0,4
2024501500309,2024,501500309,1,9,0,-1,19,2,6,-1,0,1,0,0,0,0,1,1,-1,6,1,33,6,1560,2,13,FORD FIESTA,4,E01015185,0,2
2024471476554,2024,471476554,1,9,0,-1,7,1,5,-1,0,1,0,0,0,0,3,1,-1,6,2,28,6,1399,2,13,FORD FIESTA,10,E01031684,0,2
2024141421965,2024,141421965,2,9,0,-1,9,8,5,-1,0,8,0,0,0,0,1,2,-1,6,1,19,4,998,1,4,FORD FIESTA,8,E01007422,0,2
2024131503020,2024,131503020,1,9,0,-1,19,4,8,-1,0,0,5,0,1,2,1,1,-1,6,1,30,6,1242,1,14,FORD FIESTA,1,E01010880,0,1
2024061428401,2024,061428401,2,9,0,-1,3,7,3,-1,0,0,0,0,0,0,2,1,-1,9,1,36,7,1242,1,17,FORD FIESTA,3,E01005013,0,2
2024201397989,2024,201397989,1,9,0,-1,5,8,3,-1,0,4,0,0,0,0,1,9,-1,6,1,69,10,1596,1,16,FORD FIESTA,1,E01010062,0,1
2024991449114,2024,991449114,1,9,0,-1,19,6,2,-1,0,8,0,0,0,0,1,1,-1,6,1,23,5,1084,1,6,FORD FIESTA,4,-1,0,2
2024371478710,2024,371478710,2,9,0,-1,4,3,7,-1,0,0,0,0,0,0,2,1,-1,9,1,59,9,998,1,10,FORD FIESTA,1,E01030249,0,3
2024522402193,2024,522402193,2,9,0,2,2,0,0,0,0,0,0,0,0,0,3,1,6,6,3,-1,-1,1388,1,14,FORD FIESTA,-1,-1,0,-1
2024052402663,2024,052402663,2,9,0,18,19,3,7,0,0,1,0,0,0,0,1,1,6,6,2,67,10,1242,1,17,FORD FIESTA,2,E01006452,0,1
2024421520489,2024,421520489,2,9,0,-1,19,3,7,-1,0,8,0,0,0,0,1,1,-1,9,1,19,4,1388,1,17,FORD FIESTA,2,E01015861,0,1
2024411519146,2024,411519146,2,9,0,-1,19,1,5,-1,0,8,0,0,0,0,1,1,-1,6,2,68,10,1388,1,12,FORD FIESTA,10,E01023735,0,2
2024010508544,2024,010508544,2,9,0,9,9,3,8,0,0,8,0,0,0,0,4,1,1,1,1,54,8,1388,1,12,FORD FIESTA,-1,-1,0,-1
2024231445577,2024,231445577,1,9,0,-1,4,6,2,-1,0,8,0,0,0,0,2,1,-1,1,1,45,7,1388,1,14,FORD FIESTA,6,E01035020,0,1
2024221519924,2024,221519924,1,9,0,-1,19,5,1,-1,0,8,0,0,0,0,1,1,-1,9,1,20,4,1242,1,12,FORD FIESTA,4,E01032256,0,4
2024522401943,2024,522401943,2,9,0,18,19,2,5,0,0,3,1,0,0,0,3,1,6,6,1,36,7,1388,1,21,FORD FIESTA,3,E01014684,0,1
2024010536341,2024,010536341,1,9,0,-1,-1,5,1,0,0,2,2,10,0,0,4,1,6,6,1,20,4,998,1,10,FORD FIESTA,10,E01030307,0,3
2024122400372,2024,122400372,3,9,0,4,4,2,6,0,0,0,0,0,0,0,1,1,6,6,2,22,5,1242,1,16,FORD FIESTA,5,E01027778,0,3
2024471426784,2024,471426784,1,9,0,-1,19,3,7,-1,0,0,0,0,1,4,1,1,-1,2,1,35,6,1242,1,17,FORD FIESTA,3,E01031795,0,3
2024440260896,2024,440260896,1,9,0,16,19,8,3,0,0,8,2,0,0,0,1,1,6,6,1,18,4,1242,1,16,FORD FIESTA,7,E01020361,0,2
2024201456104,2024,201456104,1,9,0,-1,5,8,4,-1,0,1,0,0,0,0,3,9,-1,6,2,-1,-1,1388,1,12,FORD FIESTA,1,E01009113,0,1
2024302401663,2024,302401663,5,9,0,2,2,0,0,0,0,2,0,0,0,0,2,1,6,6,3,-1,-1,1242,1,9,FORD FIESTA,-1,-1,0,-1
2024552401401,2024,552401401,1,9,0,18,19,3,7,0,0,8,0,0,0,0,3,1,6,6,2,22,5,1242,1,19,FORD FIESTA,3,E01015386,0,1
2024131533420,2024,131533420,1,9,0,-1,13,1,5,-1,0,8,0,0,0,0,1,1,-1,9,1,32,6,1596,1,13,FORD FIESTA,2,E01011104,0,1
2024371512932,2024,371512932,2,9,0,-1,19,3,7,-1,0,0,0,0,0,0,2,1,-1,6,2,46,8,1399,2,12,FORD FIESTA,6,E01026424,0,3
2024552400361,2024,552400361,1,9,0,9,9,3,2,0,0,6,0,0,0,0,3,1,6,6,1,56,9,998,1,5,FORD FIESTA,6,E01011155,0,5
2024320261579,2024,320261579,1,9,0,-1,-1,1,5,0,0,0,0,0,0,3,1,1,6,6,1,40,7,1596,1,24,FORD FIESTA,-1,-1,0,-1
2024501499523,2024,501499523,2,9,-1,-1,4,-1,-1,-1,0,1,-1,-1,-1,0,3,9,-1,6,2,39,7,998,1,6,FORD FIESTA,3,E01019914,0,3
2024061519944,2024,061519944,2,9,0,-1,19,3,7,-1,0,0,0,0,0,0,2,1,-1,2,2,35,6,1242,1,17,FORD FIESTA,3,E01005102,0,2
2024501423349,2024,501423349,2,9,0,-1,19,1,5,-1,0,0,1,0,0,0,1,1,-1,1,1,22,5,1242,1,18,FORD FIESTA,6,E01020142,0,2
2024031491512,2024,031491512,2,9,0,-1,19,3,7,-1,0,0,0,0,7,0,1,1,-1,6,2,17,4,1560,2,15,FORD FIESTA,-1,-1,0,-1
2024471481597,2024,471481597,1,9,0,-1,19,5,1,-1,0,1,0,0,0,0,1,1,-1,6,2,18,4,1242,1,11,FORD FIESTA,4,E01021006,0,1
2024440523825,2024,440523825,1,9,0,16,19,1,5,0,0,0,1,0,7,4,4,1,6,6,1,19,4,1242,1,15,FORD FIESTA,7,E01030431,0,2
2024161470460,2024,161470460,2,9,0,-1,2,0,0,-1,0,2,0,0,0,0,1,1,-1,6,-1,-1,-1,1388,1,13,FORD FIESTA,-1,-1,0,-1
2024371536811,2024,371536811,1,9,0,-1,19,7,4,-1,0,0,0,0,0,0,1,1,-1,6,1,24,5,1242,1,13,FORD FIESTA,5,E01030092,0,1
2024101403190,2024,101403190,1,9,0,-1,19,1,5,-1,0,0,0,0,0,0,4,1,-1,6,2,55,8,999,1,2,FORD FIESTA,2,E01008653,0,2
202417M119124,2024,17M119124,2,9,0,-1,9,3,1,-1,0,8,0,0,0,0,1,1,-1,9,1,20,4,1242,1,11,FORD FIESTA,-1,-1,0,-1
2024010545074,2024,010545074,1,9,0,99,99,9,9,0,0,3,0,0,0,0,1,9,1,1,1,40,7,1399,2,13,FORD FIESTA,1,E01014366,0,5
2024131451965,2024,131451965,1,9,0,-1,19,1,5,-1,0,0,0,0,0,0,1,1,-1,2,2,26,6,1242,1,15,FORD FIESTA,3,E01011225,0,1
2024361462088,2024,361462088,4,9,0,-1,10,3,8,-1,0,0,0,0,0,0,1,1,-1,1,1,54,8,-1,-1,-1,FORD FIESTA,3,E01026694,0,2
2024010532069,2024,010532069,1,9,0,99,99,9,9,99,99,9,9,99,9,99,2,9,2,2,1,25,5,1596,1,8,FORD FIESTA,3,E01002527,0,1
2024131489837,2024,131489837,2,9,0,-1,19,5,1,-1,0,0,0,0,0,0,2,1,-1,2,1,25,5,1596,1,10,FORD FIESTA,4,E01011263,0,2
2024991450106,2024,991450106,1,9,0,-1,19,8,3,-1,0,0,0,11,0,0,1,9,-1,6,1,17,4,999,1,4,FORD FIESTA,5,-1,0,1
2024070294153,2024,070294153,2,9,0,18,19,5,1,0,0,0,1,0,4,6,3,1,2,2,2,59,9,999,1,4,FORD FIESTA,5,E01029611,0,2
2024131573973,2024,131573973,2,9,0,-1,19,3,7,-1,0,3,0,0,0,0,1,1,-1,2,2,35,6,1242,1,15,FORD FIESTA,1,E01011148,0,1
2024471485632,2024,471485632,2,9,0,-1,11,4,3,-1,0,3,0,0,1,0,4,1,-1,9,2,53,8,998,1,11,FORD FIESTA,3,E01021127,0,1
2024622400579,2024,622400579,1,9,0,9,9,4,2,0,0,5,0,0,0,0,1,1,1,1,1,52,8,1242,1,11,FORD FIESTA,9,W01001053,0,1
2024471400793,2024,471400793,1,9,0,-1,19,2,8,-1,0,8,0,0,0,0,4,1,-1,9,2,25,5,1242,1,9,FORD FIESTA,6,E01035338,0,2
2024361437087,2024,361437087,3,9,0,-1,4,3,7,-1,0,1,0,0,0,0,0,1,-1,6,1,59,9,1388,1,15,FORD FIESTA,6,E01026771,0,1
2024531513703,2024,531513703,1,9,0,-1,15,3,7,-1,0,0,0,0,0,0,4,1,-1,2,2,19,4,1242,1,14,FORD FIESTA,9,E01022305,0,1
2024461475901,2024,461475901,1,9,0,-1,19,8,4,-1,0,0,0,0,7,0,3,1,-1,6,2,18,4,1388,1,17,FORD FIESTA,9,E01024394,0,2
2024371470803,2024,371470803,5,9,0,-1,4,1,5,-1,0,0,0,0,0,0,2,1,-1,6,2,23,5,999,1,3,FORD FIESTA,6,E01026900,0,3
2024631523307,2024,631523307,1,9,0,-1,5,4,2,-1,0,6,0,0,0,0,3,1,-1,1,2,21,5,1499,2,6,FORD FIESTA,7,W01000690,0,1
2024430343173,2024,430343173,4,9,0,18,19,-1,-1,0,0,0,0,0,0,0,1,1,6,6,2,58,9,998,1,6,FORD FIESTA,8,E01017683,0,1
2024122401137,2024,122401137,2,9,0,18,19,3,7,0,0,6,0,0,0,0,4,1,6,6,1,17,4,1242,1,10,FORD FIESTA,8,E01034974,0,1
2024461493770,2024,461493770,1,9,0,-1,-1,-1,-1,-1,-1,0,-1,-1,-1,0,-1,9,-1,6,2,49,8,1242,1,10,FORD FIESTA,3,E01016030,0,1
2024031523525,2024,031523525,1,9,0,-1,19,2,6,-1,0,0,0,0,0,0,1,1,-1,9,1,37,7,1399,2,14,FORD FIESTA,9,E01019085,0,4
2024041416017,2024,041416017,1,9,0,-1,19,6,2,-1,9,0,0,0,7,11,1,1,-1,6,2,20,4,1388,1,18,FORD FIESTA,4,E01025113,0,1
2024131396531,2024,131396531,2,9,0,-1,19,3,7,-1,0,0,0,0,4,7,2,1,-1,9,2,64,9,998,1,6,FORD FIESTA,2,E01006786,0,4
2024161464991,2024,161464991,1,9,0,-1,4,6,2,-1,0,1,0,0,0,0,1,1,-1,6,1,34,6,1560,2,13,FORD FIESTA,3,E01012936,0,1
2024161450253,2024,161450253,1,9,0,-1,1,3,7,-1,0,0,0,0,0,0,2,1,-1,6,2,24,5,1399,2,14,FORD FIESTA,-1,-1,0,-1
2024471513654,2024,471513654,3,9,0,-1,19,5,1,-1,0,0,0,0,0,0,3,1,-1,2,1,38,7,1388,1,19,FORD FIESTA,3,E01035295,0,4
2024161486416,2024,161486416,2,9,0,-1,19,4,8,-1,0,0,0,0,0,0,1,1,-1,6,1,21,5,1596,1,8,FORD FIESTA,1,E01035473,0,1
2024471535449,2024,471535449,1,9,0,-1,19,1,5,-1,0,0,0,0,0,0,1,1,-1,9,2,72,10,999,8,1,FORD FIESTA,9,E01021235,0,1
2024052401264,2024,052401264,2,9,0,18,19,2,6,0,0,8,0,0,0,0,3,1,6,6,1,55,8,1242,1,19,FORD FIESTA,1,E01006605,0,1
2024010541752,2024,010541752,2,9,9,99,99,9,9,99,99,9,9,99,9,99,9,9,6,6,3,-1,-1,1242,1,15,FORD FIESTA,-1,-1,0,-1
2024311429291,2024,311429291,1,9,0,-1,19,5,1,-1,9,0,0,0,1,0,1,9,-1,9,1,20,4,998,1,11,FORD FIESTA,3,E01028187,0,1
2024131414832,2024,131414832,2,9,0,-1,19,5,1,-1,0,0,0,0,0,0,4,1,-1,9,1,68,10,1242,1,12,FORD FIESTA,10,E01011932,0,1
2024552401334,2024,552401334,1,9,0,12,12,8,4,0,0,8,0,0,0,0,3,1,6,6,3,-1,-1,1242,1,11,FORD FIESTA,-1,-1,0,-1
2024371421604,2024,371421604,1,9,0,-1,7,6,7,-1,9,6,0,0,0,0,3,1,-1,9,2,40,7,1388,1,17,FORD FIESTA,1,E01030227,0,1
2024991528472,2024,991528472,1,9,0,-1,3,4,8,-1,0,1,0,0,0,0,1,1,-1,6,1,17,4,998,1,9,FORD FIESTA,2,-1,0,1
2024471466084,2024,471466084,1,9,0,-1,9,8,7,-1,0,6,0,0,0,0,4,1,-1,9,1,36,7,998,1,8,FORD FIESTA,3,E01031347,0,2
2024052401177,2024,052401177,2,9,0,18,19,5,1,0,0,1,0,0,0,0,1,1,2,2,1,24,5,998,1,7,FORD FIESTA,1,E01034397,0,1
2024340NN9012,2024,340NN9012,2,9,0,-1,10,5,1,-1,0,1,0,0,0,0,2,1,-1,6,1,30,6,998,1,8,FORD FIESTA,-1,-1,0,-1
2024501415086,2024,501415086,1,9,0,-1,9,4,1,-1,0,6,0,0,0,0,1,9,-1,6,2,34,6,998,1,9,FORD FIESTA,9,E01015033,0,1
2024371493169,2024,371493169,1,9,0,-1,19,4,8,-1,9,0,0,0,7,0,1,1,-1,6,1,21,5,998,1,10,FORD FIESTA,7,E01029981,0,1
2024501534191,2024,501534191,1,9,0,-1,19,2,6,-1,9,0,0,10,0,0,1,1,-1,6,2,83,11,998,1,9,FORD FIESTA,8,W01000485,0,5
2024161524035,2024,161524035,1,9,0,-1,19,1,5,-1,0,3,1,10,1,0,4,1,-1,9,2,18,4,1242,1,14,FORD FIESTA,1,E01012952,0,1
2024311472055,2024,311472055,1,9,0,-1,9,5,3,-1,0,0,0,0,0,0,3,1,-1,6,1,35,6,1388,1,15,FORD FIESTA,6,E01028171,0,1
2024421535756,2024,421535756,1,9,0,-1,19,2,7,-1,0,0,0,0,0,0,1,1,-1,9,2,34,6,998,1,7,FORD FIESTA,9,E01023969,0,4
2024010514625,2024,010514625,2,9,0,4,4,3,7,0,0,0,0,0,0,0,1,2,6,6,3,-1,-1,-1,-1,-1,FORD FIESTA,-1,-1,0,-1
2024161444608,2024,161444608,1,9,0,-1,19,7,3,-1,0,0,0,4,0,0,1,1,-1,9,1,31,6,1242,1,15,FORD FIESTA,9,E01013316,0,1
2024421504785,2024,421504785,2,9,0,-1,4,3,7,-1,0,0,0,0,0,0,2,1,-1,2,2,25,5,1388,1,12,FORD FIESTA,4,E01015990,0,2
2024070214719,2024,070214719,1,9,0,4,4,6,2,9,9,0,0,0,1,2,1,1,6,6,1,81,11,999,1,2,FORD FIESTA,-1,-1,0,-1
2024411485318,2024,411485318,1,9,0,-1,19,5,1,-1,0,0,0,0,0,0,1,1,-1,6,2,35,6,1388,1,12,FORD FIESTA,7,E01023519,0,1
2024351458267,2024,351458267,2,9,0,-1,19,5,3,-1,0,1,0,0,0,0,1,1,-1,6,2,47,8,1499,2,8,FORD FIESTA,3,E01015674,0,2
2024471465040,2024,471465040,2,9,0,-1,19,2,7,-1,0,1,0,0,1,0,1,1,-1,2,1,53,8,1999,1,18,FORD FIESTA,9,E01031714,0,1
2024131439517,2024,131439517,1,9,0,-1,19,5,1,-1,0,8,0,0,0,0,1,1,-1,6,-1,-1,-1,998,1,8,FORD FIESTA,-1,-1,0,-1
2024211424088,2024,211424088,2,9,0,-1,8,2,4,-1,0,0,0,0,1,0,4,1,-1,9,1,33,6,1399,2,15,FORD FIESTA,-1,-1,0,-1
2024461521135,2024,461521135,1,9,0,-1,19,1,5,-1,0,1,0,0,0,0,3,9,-1,9,1,21,5,998,1,10,FORD FIESTA,3,E01024195,0,1
2024461430582,2024,461430582,1,9,0,-1,7,7,5,-1,0,6,0,0,0,0,2,1,-1,6,2,24,5,1242,1,9,FORD FIESTA,4,E01024593,0,1
2024531460241,2024,531460241,1,9,0,-1,19,5,1,-1,0,0,2,0,0,0,4,1,-1,6,2,22,5,1242,1,18,FORD FIESTA,1,E01020582,0,5
2024440071211,2024,440071211,1,9,0,18,19,3,7,0,0,0,0,4,0,0,1,1,6,6,1,43,7,1499,2,7,FORD FIESTA,3,E01033859,0,3
2024031459172,2024,031459172,2,9,0,-1,19,7,2,-1,0,0,0,0,0,0,1,1,-1,2,1,52,8,1242,1,20,FORD FIESTA,9,E01019303,0,1
2024461461073,2024,461461073,2,9,0,-1,19,3,6,-1,0,0,0,0,0,0,3,1,-1,1,1,43,7,1496,1,4,FORD FIESTA,5,E01031373,0,4
2024041518332,2024,041518332,2,9,0,-1,19,3,7,-1,0,1,1,0,1,0,1,1,-1,2,1,45,7,1560,2,13,FORD FIESTA,7,E01025326,0,2
2024440099414,2024,440099414,1,9,0,18,19,6,2,0,0,0,0,0,0,0,1,1,6,6,1,82,11,998,1,8,FORD FIESTA,7,E01020468,0,4
2024522401522,2024,522401522,1,9,0,18,19,5,1,0,0,0,0,0,0,0,1,1,6,6,1,18,4,1242,1,12,FORD FIESTA,3,E01014601,0,2
2024622400178,2024,622400178,1,9,0,17,19,8,5,0,0,0,0,4,1,4,1,1,6,6,1,18,4,1388,1,16,FORD FIESTA,5,W01000891,0,1
2024302400998,2024,302400998,1,9,0,16,19,6,2,9,9,8,0,0,0,0,1,1,1,1,1,18,4,1242,1,16,FORD FIESTA,7,E01029463,0,3
2024451419708,2024,451419708,1,9,0,-1,4,1,5,-1,0,0,0,0,0,0,1,1,-1,2,1,19,4,1242,1,17,FORD FIESTA,10,E01023887,0,4
2024201455309,2024,201455309,1,9,0,-1,19,2,7,-1,0,8,0,0,0,0,4,9,-1,6,2,26,6,1596,1,13,FORD FIESTA,1,E01009498,0,1
2024201515980,2024,201515980,1,9,0,-1,19,5,1,-1,0,0,0,0,0,0,1,1,-1,9,2,40,7,998,1,6,FORD FIESTA,9,E01031154,0,2
2024141407171,2024,141407171,1,9,0,-1,19,6,2,-1,0,0,0,0,0,0,1,1,-1,9,1,81,11,998,1,6,FORD FIESTA,3,E01007449,0,1
2024131431542,2024,131431542,1,9,0,-1,19,5,1,-1,0,1,0,0,1,0,1,1,-1,9,1,55,8,999,8,1,FORD FIESTA,1,E01011850,0,2
2024070404021,2024,070404021,2,9,0,3,3,6,2,0,0,0,0,0,0,0,2,1,6,6,2,40,7,1388,1,17,FORD FIESTA,4,E01018712,0,1
2024501399231,2024,501399231,1,9,0,-1,19,3,7,-1,0,0,0,0,0,0,1,9,-1,6,1,24,5,1596,1,8,FORD FIESTA,4,E01018924,0,1
2024471513278,2024,471513278,1,9,0,-1,19,3,6,-1,0,1,0,0,0,0,1,1,-1,9,2,26,6,998,1,11,FORD FIESTA,6,E01035325,0,1
2024031415083,2024,031415083,1,9,0,-1,9,8,6,-1,0,6,0,0,0,0,3,1,-1,9,1,21,5,998,1,10,FORD FIESTA,1,E01019295,0,1
2024131509162,2024,131509162,2,9,0,-1,19,7,7,-1,0,1,0,0,7,0,1,1,-1,9,1,49,8,1499,2,10,FORD FIESTA,3,E01010834,0,1
2024231524663,2024,231524663,2,9,0,-1,19,6,2,-1,0,0,0,0,1,0,1,1,-1,9,1,30,6,998,1,6,FORD FIESTA,10,E01031232,0,3
2024471500669,2024,471500669,2,9,0,-1,3,2,6,-1,0,0,0,0,0,0,2,1,-1,9,1,31,6,998,1,11,FORD FIESTA,7,E01031493,0,1
2024061521490,2024,061521490,2,9,0,-1,4,-1,-1,-1,0,0,0,99,0,0,4,2,-1,6,1,-1,-1,1596,1,13,FORD FIESTA,-1,-1,0,-1
2024320365084,2024,320365084,2,9,0,-1,-1,6,2,0,0,8,1,0,0,0,1,1,1,1,2,30,6,998,1,6,FORD FIESTA,6,E01026380,0,1
2024070148765,2024,070148765,1,9,0,13,13,7,3,0,0,0,0,0,0,0,1,1,2,2,1,23,5,1596,1,9,FORD FIESTA,2,E01012431,0,1
2024471468939,2024,471468939,3,9,0,-1,19,4,8,-1,0,1,0,0,0,0,2,1,-1,2,2,24,5,1242,1,10,FORD FIESTA,8,E01016929,0,4
2024041458870,2024,041458870,1,9,0,-1,19,7,3,-1,0,1,0,0,0,0,1,1,-1,6,2,36,7,1242,1,18,FORD FIESTA,3,E01033072,0,2
2024061442422,2024,061442422,1,9,0,-1,4,7,4,-1,0,2,0,0,0,0,1,1,-1,6,1,77,11,1388,1,15,FORD FIESTA,-1,-1,0,-1
2024552400383,2024,552400383,2,9,0,9,9,6,3,0,0,5,0,0,0,0,3,1,6,6,2,56,9,998,1,6,FORD FIESTA,9,E01015316,0,1
2024211436321,2024,211436321,1,9,0,-1,19,7,3,-1,0,0,0,0,0,0,1,1,-1,6,2,73,10,998,1,8,FORD FIESTA,7,E01029806,0,2
2024061459646,2024,061459646,1,9,0,-1,9,2,6,-1,0,1,0,0,0,0,4,1,-1,9,1,37,7,1242,1,13,FORD FIESTA,1,E01033330,0,1
2024201526531,2024,201526531,2,9,0,-1,4,6,2,-1,0,0,0,0,0,0,2,1,-1,9,2,74,10,1084,1,7,FORD FIESTA,1,E01009130,0,1
2024631440834,2024,631440834,1,9,0,-1,19,2,6,-1,0,0,0,0,0,0,1,1,-1,6,1,17,4,1388,1,20,FORD FIESTA,9,W01000549,0,2
2024451458902,2024,451458902,2,9,0,-1,1,7,3,-1,99,0,0,0,0,0,2,1,-1,6,2,32,6,1242,1,18,FORD FIESTA,-1,-1,0,-1
2024501406267,2024,501406267,3,9,0,-1,19,5,1,-1,0,0,0,0,0,0,2,9,-1,2,1,27,6,998,1,1,FORD FIESTA,3,E01015167,0,1
2024401482654,2024,401482654,2,9,0,-1,19,6,2,-1,0,0,0,0,0,0,1,1,-1,1,2,52,8,1242,1,10,FORD FIESTA,4,E01015810,0,3
2024471423369,2024,471423369,1,9,0,-1,10,6,2,-1,0,0,0,0,0,0,4,1,-1,6,2,19,4,1242,1,14,FORD FIESTA,1,E01020995,0,1
2024430611917,2024,430611917,1,9,0,18,19,7,3,0,0,1,0,0,0,0,1,1,6,6,2,69,10,1242,1,12,FORD FIESTA,9,E01028783,0,1
2024052402098,2024,052402098,2,9,0,18,19,1,5,0,0,0,0,0,0,0,1,1,6,6,1,45,7,1399,2,12,FORD FIESTA,5,E01006475,0,1
2024501484854,2024,501484854,1,9,0,-1,19,6,2,-1,0,0,5,0,0,0,1,1,-1,2,2,23,5,1242,1,21,FORD FIESTA,1,E01018930,0,3
2024041424316,2024,041424316,2,9,0,-1,19,4,8,-1,0,0,0,0,0,0,1,1,-1,9,1,21,5,998,1,8,FORD FIESTA,2,E01004867,0,3
2024010507192,2024,010507192,1,9,0,18,19,1,5,0,0,0,0,4,0,0,1,1,6,6,1,66,10,999,1,1,FORD FIESTA,2,E01003049,0,2
2024991505029,2024,991505029,2,9,0,-1,19,3,7,-1,0,5,0,0,0,0,1,1,-1,6,1,30,6,1399,2,14,FORD FIESTA,3,-1,0,2