collision_index,collision_year,collision_ref_no,vehicle_reference,vehicle_type,towing_and_articulation,vehicle_manoeuvre_historic,vehicle_manoeuvre,vehicle_direction_from,vehicle_direction_to,vehicle_location_restricted_lane_historic,vehicle_location_restricted_lane,junction_location,skidding_and_overturning,hit_object_in_carriageway,vehicle_leaving_carriageway,hit_object_off_carriageway,first_point_of_impact,vehicle_left_hand_drive,journey_purpose_of_driver_historic,journey_purpose_of_driver,sex_of_driver,age_of_driver,age_band_of_driver,engine_capacity_cc,propulsion_code,age_of_vehicle,generic_make_model,driver_imd_decile,lsoa_of_driver,escooter_flag,driver_distance_banding
2024122401291,2024,122401291,1,9,0,2,2,0,0,0,0,1,0,0,0,0,4,1,6,6,1,46,8,1242,1,17,FORD FIESTA,5,E01027892,0,4
2024451484287,2024,451484287,1,9,0,-1,3,1,5,-1,0,1,0,0,0,0,2,1,-1,6,2,80,11,1242,1,17,FORD FIESTA,-1,-1,0,-1
2024320708062,2024,320708062,1,9,0,-1,-1,2,6,0,0,0,2,0,1,4,3,1,-1,-1,2,34,6,1388,1,19,FORD FIESTA,6,E01015679,0,2
2024221446977,2024,221446977,1,9,0,-1,9,6,4,-1,0,8,0,0,0,0,4,9,-1,6,2,59,9,998,1,10,FORD FIESTA,6,E01028878,0,1
2024451451771,2024,451451771,2,9,0,-1,19,5,1,-1,0,0,0,0,0,0,2,1,-1,9,2,27,6,998,1,11,FORD FIESTA,8,E01030697,0,3
2024302400372,2024,302400372,1,9,0,5,5,6,2,0,0,4,0,0,0,0,1,1,6,6,1,19,4,1242,1,10,FORD FIESTA,7,E01019539,0,1
2024131475364,2024,131475364,1,9,0,-1,19,1,5,-1,0,8,1,4,0,0,1,1,-1,9,1,78,11,1388,1,19,FORD FIESTA,10,E01011386,0,1
2024201433462,2024,201433462,1,9,0,-1,9,7,5,-1,0,5,0,0,0,0,3,9,-1,9,1,20,4,1242,1,12,FORD FIESTA,10,E01010196,0,1
2024231462993,2024,231462993,2,9,0,-1,19,3,1,-1,0,0,0,0,0,0,1,1,-1,6,1,18,4,1242,1,16,FORD FIESTA,10,E01031155,0,1
2024421499321,2024,421499321,1,9,0,-1,19,1,6,-1,0,0,1,0,8,10,3,1,-1,9,1,18,4,1242,1,16,FORD FIESTA,6,E01021715,0,2
2024430343322,2024,430343322,1,9,0,18,19,5,1,0,0,0,0,0,0,0,1,1,6,6,2,41,7,1388,1,13,FORD FIESTA,6,E01030424,0,4
2024451502477,2024,451502477,2,9,0,-1,10,1,5,-1,0,0,0,4,0,0,2,1,-1,1,2,41,7,998,1,9,FORD FIESTA,10,E01030512,0,2
2024010528129,2024,010528129,1,9,0,99,99,9,9,99,99,9,9,99,9,99,9,9,1,1,1,55,8,998,1,8,FORD FIESTA,3,E01003571,0,1
2024401492863,2024,401492863,2,9,0,-1,3,5,1,-1,0,0,0,0,0,0,2,9,-1,2,2,27,6,1388,1,13,FORD FIESTA,6,E01017554,0,2
2024131441144,2024,131441144,2,9,0,-1,-1,-1,-1,-1,-1,0,-1,-1,-1,0,2,1,-1,6,2,30,6,1242,1,11,FORD FIESTA,1,E01011339,0,2
2024421462862,2024,421462862,3,9,0,-1,2,5,5,-1,0,1,0,0,0,0,1,1,-1,6,-1,-1,-1,1242,1,15,FORD FIESTA,-1,-1,0,-1
2024421501796,2024,421501796,1,9,0,-1,5,2,6,-1,0,0,0,0,0,0,3,1,-1,6,2,24,5,1388,1,13,FORD FIESTA,-1,-1,0,-1
2024522402141,2024,522402141,1,9,0,18,19,8,4,0,0,0,0,0,0,0,1,1,6,6,1,27,6,1560,2,10,FORD FIESTA,1,W01001609,0,4
2024461512562,2024,461512562,1,9,0,-1,19,7,3,-1,0,1,0,0,0,0,1,1,-1,6,1,75,10,1499,2,7,FORD FIESTA,10,E01024107,0,1
2024231414947,2024,231414947,4,9,0,-1,3,6,2,-1,0,0,0,0,0,0,2,2,-1,6,2,22,5,1242,1,13,FORD FIESTA,9,E01031268,0,4
2024991481052,2024,991481052,1,9,0,-1,19,6,2,-1,0,0,0,0,7,0,1,1,-1,9,1,56,9,1596,1,10,FORD FIESTA,1,-1,0,1
2024131500106,2024,131500106,1,9,0,-1,19,1,1,-1,0,0,0,0,4,7,1,1,-1,1,1,27,6,1242,1,19,FORD FIESTA,7,E01007712,0,4
2024101466146,2024,101466146,1,9,0,-1,19,1,5,-1,0,0,1,0,1,7,1,1,-1,6,1,21,5,1399,2,15,FORD FIESTA,2,E01008334,0,1
2024471479706,2024,471479706,3,9,0,-1,19,1,5,-1,0,2,0,0,0,0,2,1,-1,6,2,49,8,1242,1,13,FORD FIESTA,10,E01031682,0,3
2024041501301,2024,041501301,1,9,0,-1,10,7,1,-1,0,2,0,4,0,0,4,1,-1,9,1,28,6,1242,1,8,FORD FIESTA,2,E01025210,0,1
2024991438030,2024,991438030,1,9,0,-1,19,6,1,-1,9,0,0,0,7,0,1,1,-1,6,1,21,5,1242,1,15,FORD FIESTA,1,-1,0,1
2024041464116,2024,041464116,1,9,0,-1,19,1,5,-1,0,0,5,0,0,0,1,1,-1,6,-1,-1,-1,1596,1,11,FORD FIESTA,-1,-1,0,-1
2024411412328,2024,411412328,1,9,0,-1,19,5,1,-1,0,0,1,11,1,9,1,9,-1,9,1,27,6,1242,1,16,FORD FIESTA,10,E01035588,0,3
2024221439775,2024,221439775,2,9,0,-1,19,2,6,-1,0,0,0,0,0,0,1,9,-1,6,2,53,8,1560,2,11,FORD FIESTA,4,E01014015,0,3
2024302401431,2024,302401431,1,9,0,16,19,4,7,0,0,0,5,0,1,11,1,1,1,1,1,48,8,998,1,9,FORD FIESTA,8,E01019609,0,1
2024549545524,2024,549545524,2,9,0,2,2,0,0,0,0,0,0,0,0,0,1,1,6,6,3,-1,-1,1242,1,12,FORD FIESTA,-1,-1,0,-1
2024302400308,2024,302400308,3,9,0,18,19,6,2,0,0,2,0,0,0,0,2,1,1,1,1,21,5,1299,1,21,FORD FIESTA,10,E01033190,0,5
2024131472188,2024,131472188,2,9,0,-1,19,2,2,-1,0,1,0,0,0,0,4,1,-1,9,2,47,8,1242,1,15,FORD FIESTA,3,E01011489,0,1
2024501527721,2024,501527721,2,9,0,-1,19,3,7,-1,0,0,0,0,0,0,2,1,-1,6,2,20,4,998,1,10,FORD FIESTA,8,E01015036,0,1
2024010535874,2024,010535874,1,9,0,17,19,3,7,0,0,0,0,0,0,0,1,1,6,6,1,94,11,998,1,7,FORD FIESTA,10,E01003889,0,1
2024371489206,2024,371489206,2,9,0,-1,19,5,8,-1,0,8,0,0,0,0,3,1,-1,2,2,49,8,998,1,6,FORD FIESTA,10,E01033319,0,1
2024052402059,2024,052402059,2,9,0,4,4,4,8,0,0,0,0,0,0,0,2,1,6,6,2,34,6,998,1,1,FORD FIESTA,5,E01006894,0,1
2024041465384,2024,041465384,2,9,0,-1,19,5,5,-1,0,0,0,0,0,0,4,1,-1,9,1,23,5,1242,1,7,FORD FIESTA,6,E01011214,0,4
2024221479258,2024,221479258,1,9,0,-1,19,5,1,-1,0,0,0,0,1,7,3,1,-1,6,1,39,7,1388,1,15,FORD FIESTA,4,E01022265,0,4
2024320197454,2024,320197454,1,9,0,-1,-1,6,2,0,0,4,1,7,0,0,1,1,1,1,1,20,4,1388,1,16,FORD FIESTA,5,E01026283,0,3
2024010505882,2024,010505882,1,9,0,9,9,7,5,0,0,2,0,0,0,0,1,1,2,2,2,37,7,1388,1,16,FORD FIESTA,4,E01002016,0,2
2024070225169,2024,070225169,1,9,0,9,9,6,4,0,0,8,0,0,0,0,1,1,6,6,2,23,5,998,1,7,FORD FIESTA,1,E01018738,0,2
2024010507408,2024,010507408,2,9,0,4,4,1,5,0,0,1,0,0,0,0,2,1,6,6,1,33,6,998,1,7,FORD FIESTA,5,E01002501,0,1
2024101528393,2024,101528393,1,9,0,-1,19,3,7,-1,0,1,0,0,0,0,1,1,-1,9,1,32,6,1242,1,18,FORD FIESTA,6,E01027358,0,1
2024302400368,2024,302400368,2,9,0,4,4,2,6,0,0,1,0,0,0,0,1,1,2,2,1,18,4,1242,1,12,FORD FIESTA,5,E01019865,0,1
2024201413419,2024,201413419,3,9,0,-1,2,0,0,-1,0,0,0,0,0,0,2,1,-1,6,2,49,8,1242,1,9,FORD FIESTA,-1,-1,0,-1
2024421424538,2024,421424538,1,9,0,-1,3,7,7,-1,0,0,0,0,0,0,0,2,-1,6,1,49,8,1242,1,14,FORD FIESTA,-1,-1,0,-1
2024201479027,2024,201479027,2,9,0,-1,7,5,7,-1,0,5,0,0,0,0,1,9,-1,6,2,36,7,1242,1,10,FORD FIESTA,6,E01009251,0,2
2024131441397,2024,131441397,2,9,0,-1,2,0,0,-1,0,0,0,0,0,0,3,1,-1,6,-1,-1,-1,1242,1,17,FORD FIESTA,-1,-1,0,-1
2024302401520,2024,302401520,1,9,0,7,7,7,1,0,0,1,1,10,1,7,1,1,6,6,1,18,4,1388,1,16,FORD FIESTA,7,E01019859,0,1
2024141428081,2024,141428081,2,9,0,-1,19,1,5,-1,0,1,0,0,0,0,1,1,-1,9,1,20,4,998,1,8,FORD FIESTA,8,E01007423,0,1
2024421509338,2024,421509338,2,9,0,-1,-1,-1,-1,-1,-1,-1,-1,-1,-1,0,-1,9,-1,6,1,25,5,1560,2,10,FORD FIESTA,6,E01021688,0,1
2024421479840,2024,421479840,3,9,0,-1,2,0,0,-1,0,0,0,0,0,0,2,1,-1,6,-1,-1,-1,1399,2,18,FORD FIESTA,-1,-1,0,-1
2024421441993,2024,421441993,1,9,0,-1,19,4,8,-1,0,0,0,4,0,0,3,1,-1,6,1,21,5,1596,1,9,FORD FIESTA,5,E01021420,0,1
2024361397395,2024,361397395,1,9,0,-1,19,4,7,-1,0,0,2,0,7,0,1,1,-1,6,1,24,5,1596,1,10,FORD FIESTA,4,E01026429,0,3
2024131442448,2024,131442448,2,9,0,-1,19,6,6,-1,0,8,0,0,0,0,3,1,-1,2,2,45,7,1242,1,10,FORD FIESTA,5,E01010990,0,1
2024520402138,2024,520402138,2,9,0,18,19,9,9,0,0,8,0,0,0,0,4,1,6,6,1,-1,-1,1596,1,15,FORD FIESTA,2,E01029112,0,1
2024010516039,2024,010516039,1,9,0,18,19,5,1,0,0,0,0,0,0,0,3,1,6,6,1,18,4,998,1,6,FORD FIESTA,2,E01004340,0,2
2024010548804,2024,010548804,1,9,0,18,19,1,5,0,0,2,0,0,0,0,1,1,6,6,1,66,10,1242,1,11,FORD FIESTA,-1,-1,0,-1
202417L207824,2024,17L207824,2,9,0,-1,3,7,3,-1,0,1,0,0,0,0,2,1,-1,9,2,21,5,998,1,11,FORD FIESTA,3,E01012155,0,3
2024221451464,2024,221451464,1,9,0,-1,9,2,1,-1,0,5,0,0,0,0,3,1,-1,6,1,18,4,1242,1,11,FORD FIESTA,2,E01032481,0,1
2024010497942,2024,010497942,2,9,9,99,99,9,9,99,99,9,9,99,9,99,9,9,6,6,3,-1,-1,1388,1,18,FORD FIESTA,-1,-1,0,-1
2024371531635,2024,371531635,1,9,0,-1,19,1,2,-1,0,0,0,0,0,0,3,1,-1,6,1,19,4,1388,1,17,FORD FIESTA,6,E01029992,0,1
2024311449096,2024,311449096,2,9,0,-1,9,4,2,-1,0,5,1,0,0,0,4,1,-1,6,1,45,7,1388,1,17,FORD FIESTA,3,E01013972,0,1
2024522402544,2024,522402544,1,9,0,18,19,4,8,0,0,4,0,0,0,0,1,1,6,6,1,33,6,998,1,10,FORD FIESTA,4,E01014699,0,1
2024991525828,2024,991525828,1,9,0,-1,19,3,7,-1,0,1,0,0,0,0,4,1,-1,9,2,84,11,999,1,1,FORD FIESTA,4,-1,0,2
2024440218819,2024,440218819,3,9,0,2,2,0,0,6,6,0,0,0,0,0,3,1,6,6,3,-1,-1,1242,1,12,FORD FIESTA,-1,-1,0,-1
2024221449507,2024,221449507,2,9,0,-1,14,6,8,-1,0,0,0,0,0,0,3,9,-1,6,1,19,4,998,1,8,FORD FIESTA,4,E01029000,0,4
2024351432138,2024,351432138,1,9,0,-1,19,3,7,-1,0,8,0,0,0,0,1,1,-1,2,1,37,7,1242,1,18,FORD FIESTA,3,E01017978,0,1
2024010543173,2024,010543173,1,9,0,9,9,3,1,0,0,6,0,0,0,0,1,1,2,2,2,29,6,998,1,8,FORD FIESTA,3,E01000089,0,1
2024440545092,2024,440545092,2,9,0,18,19,8,4,0,0,2,0,0,0,0,1,1,6,6,2,-1,-1,1242,1,18,FORD FIESTA,-1,-1,0,-1
2024522403144,2024,522403144,1,9,0,9,9,7,5,0,0,8,0,4,0,0,1,1,6,6,1,19,4,998,1,11,FORD FIESTA,10,E01014778,0,1
202417M104124,2024,17M104124,2,9,0,18,19,7,4,0,0,1,0,0,0,0,1,1,6,6,2,55,8,1242,1,11,FORD FIESTA,-1,-1,0,-1
2024501395037,2024,501395037,1,9,0,-1,19,1,5,-1,0,0,0,0,0,0,2,1,-1,9,2,18,4,1242,1,17,FORD FIESTA,7,E01020043,0,1
2024201459087,2024,201459087,1,9,0,-1,19,4,8,-1,0,1,0,0,0,0,1,1,-1,6,2,30,6,999,1,2,FORD FIESTA,-1,-1,0,-1
2024010546703,2024,010546703,2,9,0,99,99,9,9,99,99,9,9,99,9,99,2,9,6,6,2,23,5,1388,1,13,FORD FIESTA,2,E01003501,0,1
2024461408472,2024,461408472,2,9,0,-1,19,5,1,-1,0,0,1,0,1,0,2,1,-1,6,1,58,9,-1,-1,-1,FORD FIESTA,1,E01020554,0,5
2024461471864,2024,461471864,1,9,0,-1,19,5,5,-1,0,0,0,0,0,0,3,1,-1,9,2,44,7,1242,1,14,FORD FIESTA,3,E01024560,0,1
2024201436619,2024,201436619,2,9,0,-1,9,4,2,-1,0,5,0,0,0,0,3,1,-1,9,2,54,8,1242,1,9,FORD FIESTA,6,E01009251,0,1
2024531413450,2024,531413450,2,9,0,-1,19,3,7,-1,0,0,0,0,0,0,1,1,-1,9,1,23,5,1242,1,16,FORD FIESTA,1,E01022319,0,1
2024131535615,2024,131535615,2,9,0,-1,19,7,3,-1,0,0,0,0,0,0,3,1,-1,6,1,18,4,1399,2,12,FORD FIESTA,3,E01011286,0,1
2024131393725,2024,131393725,1,9,0,-1,10,1,3,-1,0,1,0,0,0,0,3,1,-1,6,1,19,4,998,1,5,FORD FIESTA,7,E01010593,0,1
2024231512903,2024,231512903,1,9,0,-1,19,4,8,-1,0,0,5,0,1,2,1,1,-1,9,1,24,5,1399,2,15,FORD FIESTA,3,E01031080,0,2
2024302400505,2024,302400505,2,9,0,10,10,4,1,0,0,2,0,0,0,0,0,1,6,6,1,32,6,1242,1,15,FORD FIESTA,3,E01013454,0,1
2024131450642,2024,131450642,1,9,0,-1,6,3,1,-1,0,6,0,0,0,0,4,1,-1,9,2,21,5,998,1,6,FORD FIESTA,2,E01010940,0,2
2024430280330,2024,430280330,1,9,0,9,9,5,3,0,0,4,0,0,0,0,1,1,6,6,1,42,7,998,1,9,FORD FIESTA,10,E01017631,0,1
2024131428262,2024,131428262,2,9,0,-1,3,3,7,-1,0,0,0,0,0,0,2,1,-1,9,1,49,8,1242,1,14,FORD FIESTA,2,E01011331,0,1
2024401512976,2024,401512976,2,9,0,-1,9,5,3,-1,0,6,0,0,0,0,3,1,-1,6,1,18,4,1399,2,14,FORD FIESTA,3,E01017619,0,1
2024440263342,2024,440263342,1,9,0,18,19,1,5,0,0,1,0,0,0,0,1,1,1,1,1,19,4,1388,1,16,FORD FIESTA,6,E01034717,0,3
2024031484518,2024,031484518,1,9,0,-1,5,6,1,-1,0,4,0,0,0,0,1,1,-1,1,2,18,4,998,1,10,FORD FIESTA,-1,-1,0,-1
2024421400750,2024,421400750,1,9,0,-1,19,8,4,-1,0,4,0,0,0,0,1,1,-1,9,2,53,8,998,1,9,FORD FIESTA,9,E01021577,0,1
2024161394893,2024,161394893,2,9,0,-1,19,5,1,-1,0,8,0,0,0,0,1,1,-1,9,1,57,9,998,1,5,FORD FIESTA,1,E01012781,0,1
2024111462535,2024,111462535,2,9,0,-1,19,3,7,-1,0,1,0,0,0,0,1,1,-1,9,2,35,6,1242,1,21,FORD FIESTA,1,E01020807,0,1
2024231398146,2024,231398146,1,9,0,-1,19,8,4,-1,0,0,1,0,2,4,1,1,-1,1,1,48,8,1388,1,15,FORD FIESTA,6,E01029853,0,2
2024141525812,2024,141525812,1,9,0,-1,19,6,2,-1,0,1,0,11,0,0,1,1,-1,9,1,19,4,1560,2,13,FORD FIESTA,5,E01019782,0,2
2024991445489,2024,991445489,1,9,0,-1,10,5,1,-1,0,2,0,0,0,0,4,1,-1,6,1,32,6,1399,2,13,FORD FIESTA,1,-1,0,4
2024302401110,2024,302401110,1,9,0,17,19,2,8,0,0,2,1,0,1,10,1,1,6,6,1,17,4,1399,2,14,FORD FIESTA,6,E01019551,0,2
2024371466734,2024,371466734,1,9,0,-1,5,4,8,-1,0,0,0,0,0,0,3,1,-1,9,2,50,8,1399,2,12,FORD FIESTA,4,E01029960,0,1
2024010509729,2024,010509729,1,9,0,9,9,8,6,0,0,1,0,0,0,0,3,1,6,6,1,19,4,1242,1,14,FORD FIESTA,4,E01003841,0,1
2024010526901,2024,010526901,1,9,0,18,19,3,7,0,0,0,0,0,0,0,1,1,2,2,2,35,6,1242,1,11,FORD FIESTA,2,E01003243,0,2
2024201444389,2024,201444389,2,9,0,-1,3,2,6,-1,0,1,0,0,0,0,2,1,-1,1,2,36,7,1242,1,8,FORD FIESTA,10,E01010216,0,2
2024131530194,2024,131530194,1,9,0,-1,5,3,1,-1,0,6,0,0,0,0,1,1,-1,9,2,39,7,1388,1,18,FORD FIESTA,8,E01011297,0,1
2024610047424,2024,610047424,2,9,0,18,19,2,6,0,0,1,0,0,0,0,4,1,6,6,1,18,4,1560,2,16,FORD FIESTA,4,W01001632,0,1
2024332400394,2024,332400394,1,9,0,-1,19,5,8,-1,0,0,5,0,2,0,1,1,-1,6,1,21,5,1242,1,14,FORD FIESTA,3,E01025844,0,1
2024461398520,2024,461398520,1,9,0,-1,19,4,8,-1,0,0,0,11,0,0,1,9,-1,6,2,-1,-1,1399,2,12,FORD FIESTA,10,E01024056,0,1
2024471520142,2024,471520142,1,9,0,-1,19,6,2,-1,0,0,0,0,0,0,4,1,-1,7,2,29,6,1242,1,20,FORD FIESTA,4,E01021006,0,1
2024201418949,2024,201418949,2,9,0,-1,2,0,0,-1,0,0,0,0,0,0,0,1,-1,6,3,-1,-1,1388,1,14,FORD FIESTA,-1,-1,0,-1
2024302400366,2024,302400366,2,9,0,18,19,2,6,0,0,8,0,0,0,0,1,1,2,2,1,24,5,1242,1,9,FORD FIESTA,5,E01013530,0,2
2024552400491,2024,552400491,1,9,0,18,19,4,8,0,0,0,0,4,0,0,1,1,6,6,1,18,4,1399,2,15,FORD FIESTA,6,E01020510,0,4
2024401422728,2024,401422728,1,9,0,-1,19,5,1,-1,0,1,0,11,0,0,1,1,-1,6,2,38,7,1242,1,15,FORD FIESTA,8,E01015799,0,1
2024070563012,2024,070563012,2,9,0,18,19,3,7,0,0,8,0,0,0,0,1,1,6,6,1,75,10,1242,1,16,FORD FIESTA,2,E01006862,0,1
2024320250472,2024,320250472,1,9,0,-1,-1,8,4,0,0,6,5,0,3,9,3,1,-1,-1,2,92,11,1242,1,17,FORD FIESTA,6,E01026284,0,1
2024421528736,2024,421528736,2,9,0,-1,19,3,7,-1,0,8,0,0,0,0,1,1,-1,9,1,76,11,1560,2,10,FORD FIESTA,2,E01022046,0,1
2024501424297,2024,501424297,1,9,0,-1,7,1,3,-1,0,8,0,0,0,0,1,1,-1,9,2,33,6,998,1,9,FORD FIESTA,1,E01015040,0,1
2024430221839,2024,430221839,1,9,0,9,9,6,4,0,0,6,0,0,0,0,1,1,2,2,1,27,6,1242,1,12,FORD FIESTA,7,E01000657,0,4
2024161401667,2024,161401667,1,9,0,-1,8,1,4,-1,0,4,0,0,0,0,2,9,-1,9,1,26,6,1388,1,20,FORD FIESTA,1,E01013140,0,1
2024161531416,2024,161531416,1,9,0,-1,9,3,1,-1,0,2,0,0,0,0,3,1,-1,9,1,84,11,1388,1,21,FORD FIESTA,8,E01013170,0,1
2024522403182,2024,522403182,2,9,0,18,19,1,5,0,0,8,1,0,0,0,1,1,6,6,1,61,9,999,1,3,FORD FIESTA,7,E01008039,0,5
2024461448582,2024,461448582,1,9,0,-1,19,5,1,-1,0,8,5,4,0,0,1,1,-1,9,1,21,5,998,1,5,FORD FIESTA,7,E01024185,0,1
2024070138143,2024,070138143,1,9,0,18,19,1,5,0,0,1,0,0,0,0,1,1,6,6,1,-1,-1,1242,1,16,FORD FIESTA,5,E01018689,0,3
2024361430821,2024,361430821,1,9,0,-1,4,3,7,-1,0,0,0,0,0,0,1,1,-1,9,2,59,9,998,1,4,FORD FIESTA,5,E01026501,0,1
2024070882821,2024,070882821,1,9,0,-1,7,4,6,-1,0,8,0,0,0,0,1,1,-1,6,1,63,9,1242,1,9,FORD FIESTA,4,E01018549,0,1
2024311444338,2024,311444338,1,9,0,-1,19,1,4,-1,0,1,0,4,1,1,1,1,-1,6,1,25,5,1388,1,18,FORD FIESTA,-1,-1,0,-1
2024421507397,2024,421507397,2,9,0,-1,7,3,5,-1,0,2,0,0,0,0,1,1,-1,6,2,20,4,998,1,7,FORD FIESTA,7,E01021702,0,1
2024070424692,2024,070424692,1,9,0,18,19,1,5,0,0,0,0,0,0,0,1,1,6,6,2,46,8,1242,1,16,FORD FIESTA,2,E01012459,0,1
2024421396464,2024,421396464,2,9,0,-1,19,3,7,-1,0,1,2,0,0,0,4,9,-1,9,2,70,10,998,1,6,FORD FIESTA,8,E01021948,0,1
2024430169367,2024,430169367,2,9,0,3,3,7,3,0,0,1,0,0,0,0,2,1,6,6,1,60,9,998,1,5,FORD FIESTA,-1,-1,0,-1
2024131408130,2024,131408130,2,9,0,-1,-1,-1,-1,-1,-1,-1,-1,-1,-1,-1,2,1,-1,6,1,29,6,1399,2,15,FORD FIESTA,9,E01018599,0,4
2024552400730,2024,552400730,1,9,0,9,9,8,5,0,0,5,0,0,0,0,4,1,2,2,1,17,4,998,1,1,FORD FIESTA,7,E01020498,0,1
2024131410355,2024,131410355,1,9,0,-1,9,5,2,-1,0,8,0,0,0,0,4,1,-1,9,1,58,9,1242,1,17,FORD FIESTA,3,E01011908,0,1
2024430270025,2024,430270025,1,9,0,3,3,2,6,0,0,0,0,0,0,0,3,1,6,6,2,18,4,1242,1,15,FORD FIESTA,-1,-1,0,-1
2024010522973,2024,010522973,1,9,0,18,19,6,2,99,99,9,9,0,0,0,4,9,6,6,1,22,5,1399,2,19,FORD FIESTA,2,E01002686,0,1
2024451414568,2024,451414568,1,9,0,-1,19,1,3,-1,0,0,0,0,0,0,0,9,-1,2,2,25,5,998,1,11,FORD FIESTA,4,E01030983,0,1
2024351443117,2024,351443117,1,9,-1,-1,-1,-1,-1,-1,-1,0,-1,-1,-1,0,-1,9,-1,9,2,20,4,998,1,1,FORD FIESTA,9,E01018280,0,1
2024052401714,2024,052401714,1,9,0,18,19,2,6,0,0,0,0,0,0,0,1,1,1,1,2,30,6,1242,1,9,FORD FIESTA,2,E01006482,0,2
2024522402131,2024,522402131,1,9,0,7,7,2,4,0,0,8,0,0,0,0,1,1,6,6,1,83,11,1388,1,21,FORD FIESTA,6,E01014780,0,1
2024041505061,2024,041505061,2,9,0,-1,5,3,7,-1,0,1,1,0,0,0,3,1,-1,1,2,21,5,1242,1,11,FORD FIESTA,6,E01024860,0,2
2024320042038,2024,320042038,2,9,0,4,4,8,4,0,0,8,0,0,0,0,2,1,-1,-1,2,54,8,1388,1,22,FORD FIESTA,5,E01026345,0,1
2024010544688,2024,010544688,1,9,0,99,99,9,9,99,99,0,9,99,9,99,1,9,6,6,1,32,6,1242,1,16,FORD FIESTA,9,E01000424,0,2
2024052401344,2024,052401344,1,9,0,10,10,5,3,0,0,1,0,0,0,0,1,1,6,6,1,42,7,1560,2,17,FORD FIESTA,1,E01006695,0,1
2024531509876,2024,531509876,1,9,0,-1,9,3,1,-1,0,8,0,0,1,11,1,1,-1,6,2,49,8,1242,1,14,FORD FIESTA,1,E01022291,0,1
2024552400622,2024,552400622,1,9,0,13,13,3,7,0,0,0,0,0,0,0,1,1,6,6,1,19,4,998,1,5,FORD FIESTA,10,E01015464,0,1
2024010544822,2024,010544822,2,9,0,11,11,7,3,0,0,0,0,7,1,2,3,1,6,6,1,51,8,1596,1,12,FORD FIESTA,7,E01021338,0,4
2024371551101,2024,371551101,1,9,0,-1,19,1,5,-1,0,8,0,0,0,0,1,1,-1,2,1,18,4,1388,1,14,FORD FIESTA,5,E01021666,0,4
2024010517580,2024,010517580,1,9,0,9,9,4,2,0,0,2,0,0,0,0,1,1,6,6,1,19,4,1084,1,6,FORD FIESTA,4,E01017567,0,4
2024061424403,2024,061424403,1,9,0,-1,-1,-1,-1,-1,-1,-1,-1,-1,-1,0,-1,1,-1,6,1,28,6,1242,1,10,FORD FIESTA,1,E01004787,0,1
2024461404666,2024,461404666,2,9,0,-1,19,5,1,-1,0,4,0,0,0,0,1,9,-1,9,1,45,7,1242,1,11,FORD FIESTA,2,E01024305,0,2
2024371482595,2024,371482595,1,9,-1,-1,8,-1,-1,-1,0,0,0,0,0,0,0,9,-1,6,2,18,4,1242,1,16,FORD FIESTA,8,E01030269,0,1
2024520402968,2024,520402968,1,9,0,18,19,8,4,0,0,0,0,0,0,0,1,1,6,6,1,79,11,1242,1,17,FORD FIESTA,8,E01029282,0,1
2024041455473,2024,041455473,2,9,0,-1,2,5,1,-1,9,0,0,0,7,0,2,1,-1,6,-1,-1,-1,1596,1,17,FORD FIESTA,-1,-1,0,-1
2024131394091,2024,131394091,1,9,0,-1,14,7,3,-1,0,0,0,0,0,0,4,1,-1,6,2,28,6,1596,1,16,FORD FIESTA,5,E01027892,0,1
2024461530109,2024,461530109,1,9,0,-1,19,1,6,-1,0,2,0,4,0,0,1,2,-1,9,2,42,7,1399,2,14,FORD FIESTA,3,E01035295,0,1
2024141506655,2024,141506655,1,9,0,-1,9,5,1,-1,0,1,0,6,0,0,1,1,-1,6,1,56,9,1242,1,10,FORD FIESTA,1,E01007718,0,1
2024440012643,2024,440012643,1,9,0,18,19,2,6,0,0,0,5,0,4,6,3,1,6,6,1,48,8,1388,1,15,FORD FIESTA,8,E01015297,0,4
2024471516987,2024,471516987,1,9,0,-1,9,3,1,-1,0,0,0,0,0,0,3,1,-1,9,2,59,9,1388,1,13,FORD FIESTA,6,E01031709,0,4
2024131405413,2024,131405413,1,9,0,-1,9,3,5,-1,0,8,0,7,7,1,4,1,-1,9,2,67,10,999,1,3,FORD FIESTA,1,E01011471,0,1
2024471452196,2024,471452196,2,9,0,-1,9,3,1,-1,0,8,0,0,0,0,1,1,-1,9,2,23,5,999,1,4,FORD FIESTA,10,E01035339,0,1
2024201432928,2024,201432928,2,9,0,-1,19,6,2,-1,0,0,0,0,0,0,4,9,-1,6,2,35,6,998,1,10,FORD FIESTA,1,E01009507,0,2
2024440551953,2024,440551953,1,9,0,18,19,3,7,0,0,0,0,0,0,0,1,1,6,6,1,24,5,1084,1,6,FORD FIESTA,4,E01017192,0,1
2024101501838,2024,101501838,1,9,0,-1,19,5,1,-1,0,0,0,0,0,0,3,1,-1,9,1,20,4,1596,1,13,FORD FIESTA,-1,-1,0,-1