collision_index,collision_year,collision_ref_no,vehicle_reference,vehicle_type,towing_and_articulation,vehicle_manoeuvre_historic,vehicle_manoeuvre,vehicle_direction_from,vehicle_direction_to,vehicle_location_restricted_lane_historic,vehicle_location_restricted_lane,junction_location,skidding_and_overturning,hit_object_in_carriageway,vehicle_leaving_carriageway,hit_object_off_carriageway,first_point_of_impact,vehicle_left_hand_drive,journey_purpose_of_driver_historic,journey_purpose_of_driver,sex_of_driver,age_of_driver,age_band_of_driver,engine_capacity_cc,propulsion_code,age_of_vehicle,generic_make_model,driver_imd_decile,lsoa_of_driver,escooter_flag,driver_distance_banding
2024371477650,2024,371477650,2,9,0,-1,19,2,6,-1,0,8,0,0,0,0,3,1,-1,9,1,40,7,1596,1,15,FORD FIESTA,4,E01030257,0,1
2024440034129,2024,440034129,2,9,0,4,4,5,1,0,0,0,0,0,0,0,3,1,6,6,1,53,8,1399,2,12,FORD FIESTA,3,E01023091,0,1
2024501525697,2024,501525697,1,9,0,-1,19,8,4,-1,0,0,0,0,0,0,3,1,-1,9,1,50,8,1399,2,13,FORD FIESTA,2,E01018751,0,2
2024061457590,2024,061457590,1,9,0,-1,14,0,4,-1,0,0,0,0,0,0,1,9,-1,6,3,-1,-1,998,1,8,FORD FIESTA,-1,-1,0,-1
2024332401043,2024,332401043,1,9,0,-1,19,1,5,-1,0,8,0,0,0,0,1,1,-1,6,1,32,6,1242,1,18,FORD FIESTA,5,E01025667,0,1
2024041496900,2024,041496900,1,9,0,-1,9,5,1,-1,0,1,0,0,0,0,1,1,-1,9,1,20,4,1242,1,15,FORD FIESTA,2,E01025291,0,4
2024010510466,2024,010510466,4,9,0,2,2,0,0,0,0,0,0,0,0,0,2,1,6,6,3,-1,-1,1596,1,11,FORD FIESTA,-1,-1,0,-1
2024631525048,2024,631525048,1,9,0,-1,19,6,3,-1,0,0,0,0,2,10,1,1,-1,2,2,27,6,998,1,10,FORD FIESTA,5,E01029011,0,3
2024340NN0922,2024,340NN0922,2,9,0,-1,2,0,0,-1,0,2,0,0,0,0,1,1,-1,6,3,-1,-1,1242,1,10,FORD FIESTA,-1,-1,0,-1
2024052402484,2024,052402484,2,9,0,1,1,5,1,0,0,0,0,0,0,0,2,1,6,6,2,40,7,1399,2,15,FORD FIESTA,3,E01006497,0,1
2024211456147,2024,211456147,1,9,0,-1,19,2,6,-1,0,0,0,0,0,0,2,1,-1,9,2,72,10,1596,1,9,FORD FIESTA,-1,-1,0,-1
2024411405449,2024,411405449,1,9,0,-1,5,3,6,-1,0,4,0,11,0,0,1,1,-1,2,2,28,6,1242,1,9,FORD FIESTA,8,E01023753,0,1
2024991398514,2024,991398514,1,9,0,-1,9,3,1,-1,0,4,0,0,0,0,1,1,-1,1,2,29,6,-1,-1,-1,FORD FIESTA,4,-1,0,1
2024501531371,2024,501531371,1,9,0,-1,4,8,4,-1,0,0,0,0,0,0,2,1,-1,6,1,23,5,1242,1,19,FORD FIESTA,4,E01015175,0,1
2024041523797,2024,041523797,1,9,0,-1,12,2,8,-1,0,0,0,0,8,4,1,1,-1,6,1,35,6,1596,1,10,FORD FIESTA,1,E01006411,0,2
2024201484821,2024,201484821,1,9,0,-1,19,6,2,-1,0,0,0,0,0,0,4,1,-1,9,1,75,10,1242,1,17,FORD FIESTA,8,E01009472,0,2
2024320416483,2024,320416483,1,9,0,-1,-1,8,4,0,0,0,1,0,1,4,1,1,6,6,1,18,4,998,1,9,FORD FIESTA,9,E01026405,0,2
2024501510849,2024,501510849,1,9,0,-1,13,4,8,-1,0,0,0,0,0,0,4,1,-1,9,2,20,4,998,1,7,FORD FIESTA,4,E01015169,0,1
2024440069805,2024,440069805,1,9,0,9,9,2,1,0,0,8,0,0,0,0,0,1,6,6,2,26,6,998,1,7,FORD FIESTA,2,E01016415,0,4
2024052402250,2024,052402250,2,9,0,18,19,1,5,0,0,1,0,0,0,0,4,1,6,6,2,82,11,999,1,2,FORD FIESTA,1,E01006908,0,1
2024320506784,2024,320506784,1,9,0,9,9,2,8,0,0,5,0,0,0,0,1,1,-1,-1,1,21,5,998,1,5,FORD FIESTA,10,E01028403,0,4
2024070139950,2024,070139950,3,9,0,2,2,0,0,0,0,0,0,0,0,0,1,1,4,7,1,-1,-1,999,1,4,FORD FIESTA,6,E01018682,0,1
2024451526775,2024,451526775,1,9,0,-1,19,7,3,-1,0,1,0,0,0,0,1,1,-1,9,1,66,10,1388,1,19,FORD FIESTA,4,E01030824,0,2
2024010513529,2024,010513529,1,9,0,9,9,3,1,0,0,5,0,0,0,0,1,1,6,6,2,19,4,998,1,10,FORD FIESTA,-1,-1,0,-1
2024361489083,2024,361489083,1,9,0,-1,19,5,2,-1,0,0,0,0,1,0,1,1,-1,9,1,24,5,1242,1,14,FORD FIESTA,6,E01026781,0,3
2024101470172,2024,101470172,1,9,0,-1,19,3,6,-1,0,4,0,0,0,0,1,9,-1,6,1,21,5,1388,1,19,FORD FIESTA,2,E01020792,0,4
2024461520017,2024,461520017,2,9,0,-1,3,3,6,-1,0,2,0,0,0,0,3,1,-1,9,2,39,7,1242,1,18,FORD FIESTA,9,E01024147,0,1
2024161404925,2024,161404925,1,9,0,-1,4,6,2,-1,0,1,0,0,0,0,1,1,-1,2,1,21,5,1560,2,10,FORD FIESTA,5,E01013329,0,4
2024471445463,2024,471445463,1,9,0,-1,19,3,7,-1,0,4,1,0,1,0,3,1,-1,6,1,18,4,1560,2,12,FORD FIESTA,3,E01031811,0,1
2024430360776,2024,430360776,1,9,0,13,13,7,3,0,0,0,0,0,0,0,4,1,2,2,1,26,6,1499,2,8,FORD FIESTA,7,E01005767,0,5
2024010507796,2024,010507796,2,9,0,9,9,5,3,0,0,8,0,0,0,0,1,1,6,6,2,57,9,998,1,8,FORD FIESTA,6,E01030653,0,3
2024010534026,2024,010534026,4,9,0,18,19,3,7,0,0,0,0,4,0,0,1,1,6,6,1,83,11,998,1,6,FORD FIESTA,-1,-1,0,-1
2024201474948,2024,201474948,1,9,0,-1,19,8,4,-1,0,0,0,0,0,0,0,1,-1,1,1,19,4,1299,1,22,FORD FIESTA,4,E01010457,0,1
2024440071904,2024,440071904,2,9,0,17,19,1,6,0,0,0,0,0,0,0,1,1,6,6,1,28,6,1242,1,21,FORD FIESTA,6,E01023025,0,1
2024131406759,2024,131406759,1,9,0,-1,5,4,8,-1,0,8,0,0,0,0,1,1,-1,2,2,45,7,1596,1,21,FORD FIESTA,4,E01011184,0,2
2024552400243,2024,552400243,1,9,0,9,9,6,5,0,0,8,0,0,0,0,3,1,6,6,1,36,7,1388,1,20,FORD FIESTA,9,E01015316,0,1
2024440372513,2024,440372513,1,9,0,2,2,0,0,6,6,0,0,0,0,0,0,1,6,6,3,-1,-1,999,1,3,FORD FIESTA,-1,-1,0,-1
2024131491263,2024,131491263,1,9,0,-1,19,3,7,-1,0,1,0,0,0,0,0,1,-1,9,2,28,6,998,1,5,FORD FIESTA,9,E01010954,0,1
2024131519197,2024,131519197,1,9,0,-1,19,7,3,-1,0,0,0,0,0,0,1,1,-1,9,2,21,5,1399,2,12,FORD FIESTA,6,E01011408,0,1
2024622400463,2024,622400463,2,9,0,3,3,6,2,0,0,1,0,0,0,0,2,1,2,2,1,18,4,999,1,4,FORD FIESTA,1,W01001266,0,1
2024332400879,2024,332400879,1,9,0,-1,19,6,1,-1,0,0,0,0,1,1,1,1,-1,9,2,50,8,1084,1,6,FORD FIESTA,7,E01025626,0,1
2024332401089,2024,332401089,1,9,0,-1,19,8,4,-1,0,6,1,0,3,4,1,1,-1,6,1,20,4,1242,1,13,FORD FIESTA,3,E01009237,0,4
2024501412972,2024,501412972,1,9,0,-1,5,8,4,-1,0,0,0,0,0,0,1,1,-1,6,1,76,11,1388,1,15,FORD FIESTA,7,E01020021,0,3
2024421535212,2024,421535212,1,9,0,-1,9,5,3,-1,0,8,0,0,0,0,1,1,-1,9,1,18,4,1399,2,13,FORD FIESTA,5,E01021501,0,3
2024010510690,2024,010510690,2,9,0,3,3,5,1,0,0,1,0,0,0,0,0,1,6,6,1,55,8,1388,1,17,FORD FIESTA,9,E01031590,0,4
2024031486129,2024,031486129,1,9,0,-1,19,5,8,-1,0,0,0,10,7,4,4,1,-1,6,1,20,4,1242,1,15,FORD FIESTA,9,E01019129,0,2
2024141422052,2024,141422052,1,9,0,-1,9,3,8,-1,0,8,1,10,0,0,1,1,-1,6,1,28,6,1388,1,12,FORD FIESTA,1,E01034842,0,1
2024161448661,2024,161448661,1,9,0,-1,19,3,7,-1,0,4,0,0,0,0,1,1,-1,6,1,36,7,1596,1,15,FORD FIESTA,3,E01013198,0,4
2024522402600,2024,522402600,2,9,0,18,19,6,2,0,0,8,0,0,0,0,1,1,6,6,2,58,9,1084,1,6,FORD FIESTA,5,E01022218,0,4
2024440514345,2024,440514345,1,9,0,7,7,8,2,0,0,6,0,0,0,0,3,1,6,6,1,20,4,1388,1,20,FORD FIESTA,3,E01022552,0,1
2024070304592,2024,070304592,2,9,0,18,19,5,3,0,0,8,0,0,0,0,3,1,6,6,2,40,7,1388,1,20,FORD FIESTA,1,E01012397,0,1
2024201467227,2024,201467227,2,9,0,-1,8,4,6,-1,0,1,0,0,0,0,3,1,-1,9,2,43,7,1242,1,13,FORD FIESTA,4,E01008920,0,1
2024631478192,2024,631478192,1,9,0,-1,19,5,1,-1,0,0,2,0,2,10,1,1,-1,9,1,20,4,1388,1,17,FORD FIESTA,7,W01000552,0,1
2024221485796,2024,221485796,1,9,0,-1,7,5,7,-1,0,6,0,0,0,0,1,1,-1,2,2,49,8,999,1,4,FORD FIESTA,7,E01029012,0,2
2024421492158,2024,421492158,3,9,0,-1,19,7,3,-1,0,1,0,0,0,0,1,1,-1,6,2,26,6,1084,1,5,FORD FIESTA,9,E01017927,0,4
2024501509701,2024,501509701,1,9,0,-1,19,7,3,-1,0,0,0,0,1,10,4,1,-1,9,1,18,4,1242,1,16,FORD FIESTA,5,E01020137,0,1
2024471455966,2024,471455966,1,9,0,-1,19,1,6,-1,9,0,0,0,1,0,1,1,-1,9,1,37,7,1499,2,8,FORD FIESTA,2,E01001696,0,4
2024471464429,2024,471464429,1,9,0,-1,19,7,3,-1,0,0,0,0,1,4,1,1,-1,9,1,30,6,1499,2,8,FORD FIESTA,10,E01035336,0,1
2024440154419,2024,440154419,2,9,0,18,19,2,6,0,0,7,5,0,1,4,3,1,2,2,2,28,6,998,1,6,FORD FIESTA,10,E01023233,0,1
2024421521459,2024,421521459,1,9,0,-1,19,7,1,-1,0,1,0,99,0,0,1,1,-1,6,2,38,7,1242,1,13,FORD FIESTA,5,E01021494,0,1
2024101486912,2024,101486912,1,9,0,-1,5,3,7,-1,0,6,0,0,0,0,3,1,-1,1,1,64,9,-1,-1,-1,FORD FIESTA,3,E01027461,0,3
2024461427247,2024,461427247,1,9,0,-1,19,3,7,-1,0,8,0,0,7,11,4,1,-1,9,2,36,7,1596,1,9,FORD FIESTA,5,E01024495,0,4
2024471443739,2024,471443739,1,9,0,-1,19,5,7,-1,0,0,1,0,7,4,1,1,-1,2,1,60,9,-1,-1,-1,FORD FIESTA,6,E01031614,0,3
2024540631124,2024,540631124,2,9,0,18,19,4,8,0,0,1,0,0,0,0,1,1,6,6,2,25,5,1242,1,7,FORD FIESTA,8,E01032699,0,2
2024332400826,2024,332400826,3,9,0,-1,19,4,8,-1,0,0,0,0,0,0,1,1,-1,9,2,46,8,998,1,11,FORD FIESTA,5,E01026290,0,4
2024061518741,2024,061518741,2,9,0,-1,19,5,1,-1,0,0,0,0,0,0,2,1,-1,2,1,19,4,1242,1,10,FORD FIESTA,7,E01004845,0,4
2024131415929,2024,131415929,1,9,0,-1,9,1,1,-1,0,1,0,0,0,0,3,1,-1,6,2,49,8,998,1,5,FORD FIESTA,5,E01011770,0,2
2024131505974,2024,131505974,2,9,0,-1,19,2,6,-1,0,8,5,0,0,0,1,1,-1,9,2,39,7,1388,1,14,FORD FIESTA,3,E01011822,0,1
2024421466793,2024,421466793,2,9,0,-1,19,3,7,-1,0,1,0,0,0,0,3,9,-1,9,2,22,5,1242,1,15,FORD FIESTA,7,E01033137,0,2
2024131482709,2024,131482709,1,9,0,-1,19,6,2,-1,0,1,0,0,0,0,1,1,-1,6,1,17,4,1084,1,5,FORD FIESTA,5,E01011164,0,1
2024451403461,2024,451403461,2,9,0,-1,13,7,3,-1,0,1,0,0,0,0,2,1,-1,6,3,65,9,1242,1,19,FORD FIESTA,-1,-1,0,-1
2024031524224,2024,031524224,5,9,0,-1,2,0,0,-1,9,2,0,0,0,0,2,1,-1,6,2,19,4,1242,1,13,FORD FIESTA,7,E01019382,0,1
2024991482028,2024,991482028,1,9,0,-1,5,8,4,-1,5,0,0,0,0,0,1,1,-1,9,2,81,11,1596,1,10,FORD FIESTA,10,-1,0,1
2024302400936,2024,302400936,2,9,0,18,19,1,5,0,0,1,0,0,0,0,3,1,6,6,1,36,7,1388,1,22,FORD FIESTA,6,E01028242,0,2
2024070945284,2024,070945284,1,9,0,-1,19,2,8,-1,0,0,0,4,0,0,1,1,-1,2,2,54,8,998,1,5,FORD FIESTA,8,E01012387,0,1
2024302400947,2024,302400947,3,9,0,17,19,1,7,0,0,0,0,0,0,0,1,1,6,6,1,23,5,1242,1,17,FORD FIESTA,10,E01019413,0,2
2024221534377,2024,221534377,2,9,0,-1,19,3,7,-1,0,8,0,0,0,0,1,9,-1,9,1,18,4,1242,1,15,FORD FIESTA,3,E01014194,0,1
2024111469917,2024,111469917,2,9,0,-1,-1,3,1,-1,-1,3,0,0,0,0,3,1,-1,-1,2,34,6,1399,2,12,FORD FIESTA,3,E01008742,0,2
2024461532630,2024,461532630,2,9,0,-1,-1,-1,-1,-1,0,0,-1,-1,-1,0,2,9,-1,6,2,36,7,1242,1,12,FORD FIESTA,2,E01024192,0,3
2024440345502,2024,440345502,1,9,0,18,19,7,3,0,0,0,5,4,0,0,1,1,6,6,2,31,6,1388,1,15,FORD FIESTA,5,E01023068,0,1
2024501456302,2024,501456302,1,9,0,-1,6,4,5,-1,0,6,0,0,0,0,1,1,-1,9,2,90,11,998,1,10,FORD FIESTA,1,E01015260,0,1
2024221405160,2024,221405160,1,9,0,-1,19,8,4,-1,0,0,0,0,7,10,1,9,-1,6,1,23,5,1596,1,9,FORD FIESTA,5,E01022231,0,3
2024101525074,2024,101525074,1,9,0,-1,19,6,2,-1,0,0,0,0,0,0,1,1,-1,7,2,51,8,1399,2,15,FORD FIESTA,2,E01008662,0,1
2024610037224,2024,610037224,1,9,0,5,5,7,1,0,0,1,0,0,0,0,4,1,6,6,2,37,7,1560,2,14,FORD FIESTA,4,W01001445,0,1
2024311421467,2024,311421467,1,9,0,-1,19,1,4,-1,0,0,0,0,0,0,1,1,-1,2,2,48,8,1499,2,9,FORD FIESTA,3,E01028340,0,3
2024231482227,2024,231482227,2,9,0,-1,2,0,0,-1,0,0,0,0,1,0,4,9,-1,9,1,50,8,998,1,5,FORD FIESTA,7,E01031188,0,4
2024201511515,2024,201511515,1,9,0,-1,19,6,2,-1,0,0,0,0,0,0,2,1,-1,6,2,20,4,1242,1,13,FORD FIESTA,10,E01029678,0,3
2024991405495,2024,991405495,1,9,0,-1,19,3,7,-1,0,0,0,0,1,10,1,9,-1,6,2,19,4,1242,1,14,FORD FIESTA,-1,-1,0,-1
2024320178669,2024,320178669,1,9,0,-1,-1,2,6,6,6,0,0,0,0,0,1,1,-1,-1,2,66,10,1560,2,10,FORD FIESTA,4,E01026067,0,3
2024201490273,2024,201490273,2,9,0,-1,12,7,3,-1,0,8,0,0,0,0,4,1,-1,6,2,66,10,998,1,6,FORD FIESTA,2,E01009832,0,1
2024546207724,2024,546207724,2,9,0,10,10,8,4,0,0,1,0,0,0,0,2,1,6,6,2,42,7,998,1,4,FORD FIESTA,9,E01031973,0,1
2024211513976,2024,211513976,1,9,0,-1,19,3,7,-1,0,1,0,0,0,0,4,1,-1,6,2,58,9,999,1,4,FORD FIESTA,-1,-1,0,-1
2024122400833,2024,122400833,1,9,0,18,19,5,1,0,0,0,2,0,8,10,1,1,6,6,1,17,4,1242,1,17,FORD FIESTA,1,E01027817,0,3
2024610042324,2024,610042324,1,9,0,3,3,1,5,0,0,4,0,0,0,0,2,1,6,6,2,53,8,1084,1,6,FORD FIESTA,9,W01001357,0,1
2024221479200,2024,221479200,2,9,0,-1,19,4,8,-1,0,8,0,0,0,0,1,1,-1,6,2,67,10,1242,1,10,FORD FIESTA,10,E01032419,0,1
2024010543279,2024,010543279,1,9,0,99,99,9,9,99,99,9,9,99,9,99,2,9,6,6,1,34,6,1388,1,13,FORD FIESTA,1,E01003506,0,1
2024201479958,2024,201479958,1,9,0,-1,9,1,4,-1,0,0,0,0,0,0,0,1,-1,6,3,37,7,1596,1,9,FORD FIESTA,-1,-1,0,-1
2024201456856,2024,201456856,2,9,0,-1,6,6,6,-1,0,0,0,0,0,0,2,9,-1,2,2,61,9,998,1,8,FORD FIESTA,2,E01034945,0,1
2024302401293,2024,302401293,1,9,0,9,9,5,3,0,0,3,0,0,0,0,1,1,6,6,2,78,11,1388,1,18,FORD FIESTA,10,E01019708,0,1
2024201450996,2024,201450996,1,9,0,-1,9,2,8,-1,0,5,0,0,0,0,1,1,-1,9,1,55,8,1499,2,11,FORD FIESTA,8,E01010504,0,1
2024211491217,2024,211491217,1,9,0,-1,5,1,5,-1,0,0,0,0,0,0,1,1,-1,9,2,37,7,998,1,6,FORD FIESTA,1,E01014255,0,1
2024111486340,2024,111486340,2,9,0,-1,9,3,5,-1,0,1,0,0,0,0,2,1,-1,9,1,19,4,-1,-1,-1,FORD FIESTA,5,E01020695,0,1
2024361421171,2024,361421171,2,9,0,-1,19,7,3,-1,0,0,0,0,7,0,1,1,-1,6,1,44,7,-1,-1,-1,FORD FIESTA,9,E01021661,0,4
2024010519568,2024,010519568,1,9,0,7,7,3,5,0,0,1,0,0,0,0,4,1,6,6,1,23,5,1596,1,13,FORD FIESTA,2,E01000508,0,3
2024061410709,2024,061410709,1,9,0,-1,19,5,1,-1,0,8,0,0,7,10,1,1,-1,9,1,32,6,1596,1,9,FORD FIESTA,2,E01005504,0,1
2024471412116,2024,471412116,2,9,0,-1,9,8,4,-1,0,2,0,0,0,0,3,1,-1,9,1,20,4,998,1,5,FORD FIESTA,5,E01030834,0,2
2024401455671,2024,401455671,5,9,0,-1,2,0,0,-1,0,1,0,0,0,0,2,1,-1,6,-1,-1,-1,1499,2,11,FORD FIESTA,-1,-1,0,-1
2024010524654,2024,010524654,1,9,0,7,7,6,1,0,0,1,0,0,0,0,1,1,2,2,2,33,6,998,1,11,FORD FIESTA,6,E01003218,0,1
2024302401126,2024,302401126,2,9,0,18,19,1,5,0,0,0,0,0,0,0,3,1,6,6,3,19,4,1399,2,15,FORD FIESTA,3,E01019536,0,1
2024061519840,2024,061519840,1,9,0,-1,2,0,0,-1,0,0,0,0,0,0,0,1,-1,9,2,77,11,1388,1,16,FORD FIESTA,2,E01005593,0,1
2024471427740,2024,471427740,2,9,0,-1,19,1,5,-1,0,1,0,0,7,0,1,1,-1,6,2,65,9,1242,1,18,FORD FIESTA,5,E01031687,0,1
2024622400447,2024,622400447,2,9,0,18,19,4,8,0,0,7,0,0,0,0,1,1,6,6,1,52,8,1242,1,17,FORD FIESTA,2,W01001990,0,1
2024631512733,2024,631512733,2,9,0,-1,12,1,5,-1,0,8,0,0,0,0,1,1,-1,6,2,30,6,998,1,7,FORD FIESTA,9,W01000845,0,2
2024131428077,2024,131428077,2,9,0,-1,4,3,7,-1,0,0,0,0,0,0,3,1,-1,9,1,82,11,1242,1,21,FORD FIESTA,1,E01011560,0,1
2024201429060,2024,201429060,1,9,0,-1,12,3,7,-1,0,1,0,0,0,0,3,1,-1,6,3,-1,-1,1399,2,20,FORD FIESTA,-1,-1,0,-1
2024010543432,2024,010543432,1,9,0,99,99,9,9,99,99,9,9,99,9,99,2,9,6,6,2,27,6,1388,1,14,FORD FIESTA,8,E01001470,0,1
2024471483101,2024,471483101,1,9,0,-1,19,6,2,-1,0,0,0,0,0,0,1,1,-1,6,2,19,4,1084,1,6,FORD FIESTA,7,E01035328,0,1
2024531510547,2024,531510547,1,9,0,-1,9,5,3,-1,0,8,0,0,0,0,4,1,-1,9,1,17,4,1242,1,9,FORD FIESTA,9,E01032347,0,1
2024010502973,2024,010502973,1,9,0,9,9,5,3,0,0,1,0,0,0,0,1,1,6,6,1,20,4,998,1,10,FORD FIESTA,5,E01000006,0,1
2024622400865,2024,622400865,1,9,0,4,4,4,8,0,0,1,0,0,0,0,1,1,6,6,1,23,5,1560,2,17,FORD FIESTA,9,W01001820,0,1
2024101493062,2024,101493062,1,9,-1,-1,13,4,8,-1,0,0,0,0,0,0,4,9,-1,6,1,-1,-1,998,1,9,FORD FIESTA,-1,-1,0,-1
2024131475343,2024,131475343,1,9,0,-1,5,0,0,-1,-1,0,0,0,0,0,2,1,-1,1,1,31,6,1399,2,12,FORD FIESTA,1,E01011344,0,1
2024201459567,2024,201459567,1,9,0,-1,19,3,7,-1,0,0,0,4,0,0,1,1,-1,6,1,78,11,998,1,8,FORD FIESTA,7,E01009653,0,1
2024340NN9052,2024,340NN9052,1,9,0,-1,13,5,1,-1,0,0,0,0,0,0,3,1,-1,1,1,38,7,1596,1,11,FORD FIESTA,7,E01027219,0,4
2024061405390,2024,061405390,3,9,0,-1,19,5,1,-1,0,0,0,0,0,0,1,1,-1,2,1,37,7,1242,1,16,FORD FIESTA,1,E01034336,0,3
2024421412186,2024,421412186,2,9,0,-1,19,7,3,-1,0,8,0,0,0,0,2,1,-1,6,2,25,5,1084,1,7,FORD FIESTA,2,E01022055,0,2
2024201456026,2024,201456026,2,9,0,-1,19,5,8,-1,0,8,0,0,0,0,3,9,-1,6,2,31,6,1242,1,12,FORD FIESTA,6,E01031049,0,3
2024031508911,2024,031508911,1,9,0,-1,1,1,5,-1,0,0,0,0,0,0,2,1,-1,6,2,-1,-1,1242,1,10,FORD FIESTA,-1,-1,0,-1
2024041496395,2024,041496395,1,9,0,-1,19,5,1,-1,0,8,0,0,7,0,1,2,-1,9,2,18,4,1242,1,7,FORD FIESTA,8,E01034347,0,1
2024411438197,2024,411438197,2,9,0,-1,19,5,2,-1,0,0,0,0,0,0,2,1,-1,6,2,26,6,1399,2,15,FORD FIESTA,7,E01023594,0,3
2024041400436,2024,041400436,2,9,0,-1,19,5,1,-1,0,0,0,0,0,0,1,1,-1,9,1,19,4,1596,1,15,FORD FIESTA,6,E01025585,0,2
2024101415991,2024,101415991,1,9,0,-1,19,3,7,-1,0,0,0,0,7,4,1,1,-1,6,1,20,4,1242,1,18,FORD FIESTA,4,E01008814,0,2
2024141452362,2024,141452362,1,9,0,-1,19,8,4,-1,0,8,1,10,1,1,4,1,-1,2,2,23,5,1242,1,15,FORD FIESTA,1,E01034842,0,1
2024411524226,2024,411524226,1,9,0,-1,9,2,6,-1,0,2,0,0,0,0,1,1,-1,6,2,45,7,998,1,10,FORD FIESTA,10,E01023694,0,1
2024052401805,2024,052401805,2,9,0,18,19,1,5,0,0,1,0,0,0,0,4,1,6,6,2,24,5,1084,1,6,FORD FIESTA,1,E01006703,0,1
2024041424316,2024,041424316,4,9,0,-1,2,0,0,-1,0,0,0,0,0,0,4,1,-1,6,-1,-1,-1,1242,1,12,FORD FIESTA,-1,-1,0,-1
2024010501549,2024,010501549,1,9,0,9,9,7,5,0,0,8,0,0,0,0,4,1,6,6,1,18,4,1242,1,10,FORD FIESTA,9,E01001103,0,1
2024101425031,2024,101425031,1,9,0,-1,9,1,7,-1,0,1,0,0,0,0,4,1,-1,2,1,18,4,1242,1,17,FORD FIESTA,8,E01027504,0,2
2024371463745,2024,371463745,2,9,0,-1,7,8,2,-1,0,7,0,0,0,0,1,1,-1,1,1,26,6,1499,2,7,FORD FIESTA,10,E01016684,0,5
2024549395024,2024,549395024,2,9,0,18,19,7,3,0,0,0,0,0,1,9,4,1,6,6,2,75,10,998,1,6,FORD FIESTA,10,E01030398,0,5
2024411511332,2024,411511332,1,9,0,-1,14,3,7,-1,0,0,0,4,0,0,4,9,-1,6,2,60,9,1388,1,20,FORD FIESTA,4,E01023955,0,1
2024340NN3852,2024,340NN3852,1,9,0,-1,19,1,5,-1,0,0,0,6,0,0,4,1,-1,9,1,80,11,999,1,4,FORD FIESTA,7,E01033911,0,4
2024501458599,2024,501458599,1,9,0,-1,19,3,7,-1,0,0,0,0,0,0,1,1,-1,6,1,19,4,1560,2,15,FORD FIESTA,1,E01020094,0,1
2024311456051,2024,311456051,1,9,0,-1,19,3,3,-1,0,0,0,0,0,0,1,1,-1,2,1,59,9,1388,1,18,FORD FIESTA,9,E01033776,0,1
2024421457007,2024,421457007,2,9,0,-1,3,2,7,-1,0,4,0,0,0,0,2,1,-1,9,2,36,7,1388,1,22,FORD FIESTA,4,E01015873,0,1
2024461464256,2024,461464256,2,9,0,-1,19,6,2,-1,0,1,0,0,0,0,1,1,-1,6,2,26,6,1388,1,15,FORD FIESTA,4,E01035005,0,2
2024531495677,2024,531495677,1,9,0,-1,9,7,5,-1,0,8,0,0,0,0,1,1,-1,2,2,62,9,998,1,6,FORD FIESTA,10,E01022106,0,1
2024041407406,2024,041407406,1,9,0,-1,9,7,1,-1,0,8,1,0,7,11,1,1,-1,9,1,18,4,998,1,7,FORD FIESTA,10,E01025352,0,1
2024522402365,2024,522402365,1,9,0,18,19,5,1,0,0,0,2,0,1,0,1,1,6,6,1,20,4,1242,1,13,FORD FIESTA,10,E01014782,0,1
2024141507230,2024,141507230,1,9,0,-1,5,1,3,-1,0,8,0,0,0,0,1,1,-1,9,1,22,5,1388,1,17,FORD FIESTA,5,E01007698,0,2
2024010524995,2024,010524995,1,9,0,2,2,0,0,0,0,2,0,0,0,0,2,1,6,6,3,-1,-1,998,1,5,FORD FIESTA,-1,-1,0,-1
2024061519604,2024,061519604,1,9,0,-1,7,8,4,-1,0,5,0,0,0,0,4,1,-1,9,2,29,6,1388,1,21,FORD FIESTA,-1,-1,0,-1
2024010543112,2024,010543112,1,9,0,18,19,3,7,0,0,0,0,0,0,0,2,1,6,6,1,21,5,999,1,3,FORD FIESTA,5,E01000070,0,1
2024461485853,2024,461485853,1,9,0,-1,19,3,4,-1,0,0,0,0,0,0,3,1,-1,9,2,77,11,998,1,10,FORD FIESTA,6,E01023988,0,2
2024461453270,2024,461453270,2,9,0,-1,19,5,1,-1,0,0,0,0,0,0,3,1,-1,2,2,37,7,998,1,4,FORD FIESTA,9,E01024724,0,2
2024461526147,2024,461526147,2,9,0,-1,19,3,7,-1,0,0,0,0,0,0,2,1,-1,2,1,28,6,999,1,4,FORD FIESTA,5,E01024231,0,3
2024221534164,2024,221534164,1,9,0,-1,9,1,7,-1,0,6,0,0,1,0,4,1,-1,9,2,43,7,1242,1,14,FORD FIESTA,8,W01000485,0,3
2024122400766,2024,122400766,2,9,0,18,19,4,8,0,0,8,0,0,7,0,1,1,6,6,1,17,4,998,1,10,FORD FIESTA,8,E01027620,0,1
2024201535757,2024,201535757,2,9,0,-1,2,0,0,-1,0,0,0,0,0,0,3,1,-1,6,-1,-1,-1,1242,1,8,FORD FIESTA,-1,-1,0,-1