collision_index,collision_year,collision_ref_no,vehicle_reference,vehicle_type,towing_and_articulation,vehicle_manoeuvre_historic,vehicle_manoeuvre,vehicle_direction_from,vehicle_direction_to,vehicle_location_restricted_lane_historic,vehicle_location_restricted_lane,junction_location,skidding_and_overturning,hit_object_in_carriageway,vehicle_leaving_carriageway,hit_object_off_carriageway,first_point_of_impact,vehicle_left_hand_drive,journey_purpose_of_driver_historic,journey_purpose_of_driver,sex_of_driver,age_of_driver,age_band_of_driver,engine_capacity_cc,propulsion_code,age_of_vehicle,generic_make_model,driver_imd_decile,lsoa_of_driver,escooter_flag,driver_distance_banding
2024421444328,2024,421444328,1,9,0,-1,19,1,5,-1,0,0,1,4,7,0,1,1,-1,2,1,17,4,1399,2,15,FORD FIESTA,7,E01021338,0,1
2024991505238,2024,991505238,1,9,0,-1,9,2,8,-1,0,2,0,0,0,0,3,1,-1,9,1,17,4,998,1,9,FORD FIESTA,5,-1,0,3
2024201513159,2024,201513159,2,9,0,-1,19,2,8,-1,0,5,0,0,0,0,1,1,-1,2,1,46,8,1388,1,17,FORD FIESTA,2,E01009239,0,1
2024631511985,2024,631511985,1,9,0,-1,9,1,8,-1,0,6,0,0,0,0,3,1,-1,9,1,17,4,1399,2,12,FORD FIESTA,8,W01000722,0,1
2024010514021,2024,010514021,2,9,0,18,19,5,1,0,0,1,0,0,0,0,1,2,6,6,1,22,5,998,1,8,FORD FIESTA,9,E01004133,0,1
2024302401166,2024,302401166,2,9,0,18,19,7,3,0,0,8,0,0,0,0,4,1,6,6,1,76,11,998,1,8,FORD FIESTA,8,E01013489,0,2
2024320345091,2024,320345091,2,9,0,-1,-1,6,2,0,0,1,0,0,1,0,1,1,6,6,2,23,5,1560,2,14,FORD FIESTA,7,E01026398,0,3
2024471521884,2024,471521884,1,9,0,-1,19,7,3,-1,0,0,0,4,7,0,1,1,-1,9,1,83,11,1299,1,22,FORD FIESTA,5,E01016989,0,1
2024361527556,2024,361527556,1,9,0,-1,19,7,3,-1,0,2,0,0,0,0,1,1,-1,2,1,58,9,1388,1,21,FORD FIESTA,5,E01026729,0,1
2024010500835,2024,010500835,2,9,0,99,99,9,9,99,99,9,9,99,9,99,1,9,6,6,3,-1,-1,1242,1,15,FORD FIESTA,10,E01002419,0,4
2024061423501,2024,061423501,1,9,0,-1,19,7,3,-1,0,1,0,0,0,0,1,1,-1,1,2,32,6,1242,1,7,FORD FIESTA,3,E01004878,0,1
2024461435974,2024,461435974,1,9,0,-1,4,2,2,-1,0,0,0,0,0,0,1,1,-1,9,1,32,6,1499,2,8,FORD FIESTA,1,E01015196,0,5
2024471411172,2024,471411172,1,9,0,-1,19,3,7,-1,0,0,0,0,0,0,1,1,-1,9,1,19,4,998,1,7,FORD FIESTA,6,E01024836,0,3
2024111421601,2024,111421601,1,9,0,-1,19,3,7,-1,0,0,1,0,8,0,1,1,-1,6,1,22,5,1242,1,16,FORD FIESTA,-1,-1,0,-1
2024070783322,2024,070783322,1,9,0,-1,9,5,7,-1,0,2,0,0,0,0,3,1,-1,6,2,41,7,1560,2,15,FORD FIESTA,5,E01018460,0,1
2024041438379,2024,041438379,2,9,0,-1,19,3,7,-1,0,1,0,0,0,0,3,1,-1,9,2,54,8,999,1,3,FORD FIESTA,2,E01025037,0,1
2024221452810,2024,221452810,2,9,0,-1,4,6,2,-1,0,0,0,0,0,0,2,1,-1,6,2,21,5,1388,1,13,FORD FIESTA,9,E01032142,0,1
2024211426995,2024,211426995,1,9,0,-1,14,6,2,-1,0,0,0,0,0,0,1,1,-1,6,1,19,4,1388,1,15,FORD FIESTA,8,E01024901,0,4
2024041408428,2024,041408428,1,9,0,-1,19,5,1,-1,0,0,0,0,0,0,1,1,-1,6,1,19,4,1388,1,13,FORD FIESTA,1,E01012655,0,1
2024501489803,2024,501489803,1,9,0,-1,19,3,7,-1,0,0,5,0,8,10,1,1,-1,9,1,20,4,1560,2,17,FORD FIESTA,5,E01020339,0,1
2024052401132,2024,052401132,1,9,0,18,19,8,4,0,0,1,0,0,0,0,1,1,2,2,1,21,5,1560,2,12,FORD FIESTA,2,E01006482,0,2
2024141440856,2024,141440856,1,9,0,-1,19,5,1,-1,0,0,0,0,0,0,1,1,-1,6,1,77,11,998,1,9,FORD FIESTA,3,E01007720,0,1
2024501447865,2024,501447865,2,9,0,-1,19,1,5,-1,0,0,0,0,0,0,2,1,-1,9,1,24,5,998,1,8,FORD FIESTA,5,E01018842,0,5
2024461507410,2024,461507410,1,9,0,-1,12,1,5,-1,0,0,0,0,0,0,0,9,-1,6,2,20,4,1242,1,12,FORD FIESTA,4,E01021495,0,4
2024221468604,2024,221468604,1,9,0,-1,19,6,2,-1,0,0,5,0,2,3,1,9,-1,1,1,53,8,1388,1,22,FORD FIESTA,6,W01000434,0,1
2024141557614,2024,141557614,1,9,0,-1,3,1,5,-1,0,5,0,0,0,0,2,1,-1,9,2,18,4,1596,1,12,FORD FIESTA,2,E01011786,0,1
2024421501767,2024,421501767,2,9,0,-1,3,3,1,-1,0,2,0,0,0,0,2,1,-1,2,1,50,8,998,1,7,FORD FIESTA,9,E01021395,0,1
2024320550418,2024,320550418,2,9,0,-1,-1,7,3,0,0,0,1,0,7,0,3,1,6,6,2,21,5,1242,1,10,FORD FIESTA,4,E01026224,0,1
2024010498841,2024,010498841,1,9,0,18,19,7,3,0,0,0,0,4,0,0,3,1,6,6,1,47,8,1242,1,9,FORD FIESTA,3,E01034218,0,1
2024991399268,2024,991399268,1,9,0,-1,19,6,1,-1,0,0,0,0,7,11,3,1,-1,6,2,58,9,1242,1,15,FORD FIESTA,2,-1,0,4
2024161415202,2024,161415202,2,9,0,-1,19,8,4,-1,0,1,0,0,0,0,1,1,-1,6,1,21,5,1242,1,14,FORD FIESTA,1,E01013201,0,1
2024461503675,2024,461503675,2,9,0,-1,2,2,6,-1,9,0,0,0,0,0,0,1,-1,9,2,22,5,1388,1,14,FORD FIESTA,5,E01035298,0,1
2024461439666,2024,461439666,1,9,0,-1,19,1,4,-1,0,0,2,0,2,0,1,1,-1,6,2,18,4,1388,1,19,FORD FIESTA,10,E01024348,0,2
2024141461268,2024,141461268,2,9,0,-1,19,5,5,-1,0,1,0,0,0,0,1,1,-1,9,2,58,9,1399,2,15,FORD FIESTA,4,E01007584,0,3
2024421452819,2024,421452819,1,9,0,-1,19,2,6,-1,0,0,0,0,0,0,1,1,-1,6,2,86,11,998,1,10,FORD FIESTA,4,E01021495,0,1
2024201514426,2024,201514426,2,9,0,-1,9,7,4,-1,0,6,1,0,1,2,3,1,-1,6,2,24,5,1560,2,11,FORD FIESTA,3,E01010020,0,1
2024332400104,2024,332400104,1,9,0,-1,7,2,4,-1,0,4,0,0,0,0,2,1,-1,6,1,57,9,1596,1,18,FORD FIESTA,-1,-1,0,-1
2024311463848,2024,311463848,1,9,0,-1,19,3,7,-1,0,4,0,0,0,0,1,1,-1,9,2,43,7,-1,-1,-1,FORD FIESTA,8,E01028058,0,1
2024302401057,2024,302401057,1,9,0,2,2,5,1,0,0,0,0,0,0,0,1,1,6,6,1,31,6,1596,1,19,FORD FIESTA,1,E01028068,0,4
2024451511655,2024,451511655,1,9,0,-1,14,5,1,-1,0,0,0,0,0,0,1,1,-1,9,2,43,7,1499,2,9,FORD FIESTA,9,E01031001,0,1
2024010536454,2024,010536454,1,9,0,7,7,7,1,0,0,8,0,0,0,0,1,1,6,6,1,36,7,1388,1,12,FORD FIESTA,5,E01002042,0,1
2024451458447,2024,451458447,2,9,0,-1,19,5,1,-1,0,0,0,0,0,0,1,1,-1,9,1,55,8,1388,1,12,FORD FIESTA,6,E01030482,0,1
2024131504648,2024,131504648,1,9,0,-1,19,1,5,-1,0,8,0,4,0,0,1,1,-1,6,2,81,11,1399,2,12,FORD FIESTA,5,E01010948,0,1
2024211506695,2024,211506695,1,9,0,-1,19,3,7,-1,0,0,0,11,7,0,1,1,-1,9,1,18,4,998,1,7,FORD FIESTA,-1,-1,0,-1
2024411477212,2024,411477212,1,9,0,-1,9,3,1,-1,0,8,0,0,0,0,1,1,-1,2,1,65,9,1242,1,17,FORD FIESTA,6,E01023554,0,1
2024131407596,2024,131407596,2,9,0,-1,19,4,8,-1,0,2,0,0,0,0,4,1,-1,9,2,63,9,998,1,6,FORD FIESTA,7,E01011383,0,2
2024520403003,2024,520403003,1,9,0,18,19,7,4,0,0,0,0,10,1,11,1,1,6,6,1,22,5,998,1,7,FORD FIESTA,9,E01032102,0,3
2024421454313,2024,421454313,1,9,0,-1,9,3,1,-1,0,1,0,0,0,0,1,1,-1,6,1,21,5,1596,1,12,FORD FIESTA,6,E01035155,0,4
2024010546795,2024,010546795,1,9,0,3,3,3,7,0,0,2,0,0,0,0,2,1,6,6,1,21,5,1242,1,17,FORD FIESTA,2,E01003205,0,3
2024010542979,2024,010542979,2,9,0,18,19,1,5,0,0,0,0,0,0,0,1,1,6,6,1,29,6,1388,1,14,FORD FIESTA,3,E01002283,0,4
2024311426059,2024,311426059,1,9,0,-1,5,3,7,-1,0,6,0,0,0,0,1,2,-1,6,2,39,7,999,8,1,FORD FIESTA,1,E01013861,0,1
2024991503423,2024,991503423,1,9,0,-1,9,6,4,-1,0,5,0,0,0,0,1,1,-1,9,1,35,6,1084,1,6,FORD FIESTA,5,-1,0,1
2024061470533,2024,061470533,2,9,0,-1,19,3,7,-1,0,0,0,0,0,0,1,1,-1,6,1,20,4,1242,1,10,FORD FIESTA,-1,-1,0,-1
2024010524172,2024,010524172,2,9,0,99,99,9,9,99,99,9,9,99,9,99,1,9,6,6,3,-1,-1,1242,1,7,FORD FIESTA,8,E01002287,0,1
2024201491429,2024,201491429,1,9,0,-1,7,6,8,-1,0,5,0,0,0,0,1,1,-1,9,2,21,5,1084,1,6,FORD FIESTA,1,E01009101,0,1
2024451441650,2024,451441650,2,9,0,-1,9,1,5,-1,0,0,0,0,0,0,3,1,-1,6,1,22,5,1242,1,11,FORD FIESTA,-1,-1,0,-1
2024351517678,2024,351517678,1,9,0,-1,19,5,1,-1,0,0,2,0,1,0,1,1,-1,6,2,70,10,1388,1,14,FORD FIESTA,10,E01018245,0,1
2024991532920,2024,991532920,1,9,0,-1,19,7,3,-1,0,8,0,0,1,11,4,1,-1,9,2,55,8,1560,2,10,FORD FIESTA,-1,-1,0,-1
2024201528790,2024,201528790,1,9,0,-1,9,4,1,-1,0,8,0,0,0,0,3,1,-1,9,2,40,7,998,1,8,FORD FIESTA,-1,-1,0,-1
2024471485167,2024,471485167,2,9,0,-1,3,5,1,-1,0,1,0,0,0,0,1,2,-1,6,1,19,4,998,1,9,FORD FIESTA,5,E01031606,0,1
2024451484344,2024,451484344,1,9,0,-1,5,5,1,-1,0,6,0,0,0,0,1,1,-1,2,2,51,8,1596,1,20,FORD FIESTA,7,E01031503,0,1
2024320636806,2024,320636806,2,9,0,3,3,6,2,0,0,0,0,0,0,0,2,1,-1,-1,1,26,6,1999,1,19,FORD FIESTA,8,E01026155,0,1
2024371463575,2024,371463575,2,9,0,-1,9,1,7,-1,0,8,0,0,0,0,4,1,-1,9,1,19,4,1242,1,15,FORD FIESTA,7,E01029902,0,3
2024211504613,2024,211504613,1,9,0,-1,4,3,7,-1,0,1,1,0,0,0,1,1,-1,9,2,73,10,998,1,9,FORD FIESTA,4,E01029386,0,1
2024440265591,2024,440265591,1,9,0,18,19,4,8,0,0,0,0,0,0,0,1,1,6,6,1,21,5,1242,1,13,FORD FIESTA,7,E01023039,0,1
2024520402419,2024,520402419,1,9,0,9,9,7,1,0,0,8,0,0,0,0,4,1,6,6,1,54,8,1242,1,15,FORD FIESTA,5,E01029670,0,5
2024440076352,2024,440076352,1,9,0,12,12,6,2,0,0,0,0,0,5,7,1,1,6,6,2,26,6,1242,1,16,FORD FIESTA,6,E01011505,0,5
2024201522074,2024,201522074,2,9,0,-1,19,1,3,-1,0,0,0,0,0,0,2,9,-1,6,2,34,6,998,1,9,FORD FIESTA,2,E01010302,0,3
2024332400786,2024,332400786,1,9,0,-1,19,6,2,-1,0,2,1,10,4,10,3,1,-1,6,1,20,4,1242,1,14,FORD FIESTA,8,E01035093,0,2
2024471444299,2024,471444299,1,9,0,-1,19,7,3,-1,0,0,0,12,0,0,1,1,-1,2,1,30,6,1596,1,8,FORD FIESTA,10,E01035350,0,2
2024041432440,2024,041432440,1,9,0,-1,19,6,2,-1,0,0,0,0,0,0,4,1,-1,9,2,37,7,998,1,5,FORD FIESTA,9,E01025467,0,1
2024041405398,2024,041405398,2,9,0,-1,19,1,5,-1,0,1,0,0,0,0,3,1,-1,9,1,19,4,1560,2,12,FORD FIESTA,7,E01025565,0,1
2024141478108,2024,141478108,1,9,0,-1,19,6,2,-1,0,0,0,0,7,11,1,1,-1,9,1,20,4,998,1,11,FORD FIESTA,2,E01007517,0,1
2024201510492,2024,201510492,2,9,0,-1,19,2,6,-1,0,0,0,4,0,0,4,1,-1,6,1,61,9,1399,2,15,FORD FIESTA,6,E01009925,0,1
2024201439177,2024,201439177,1,9,0,-1,7,4,7,-1,0,5,0,0,0,0,3,1,-1,2,1,20,4,1596,1,13,FORD FIESTA,1,E01009026,0,1
2024421397396,2024,421397396,2,9,0,-1,19,3,3,-1,0,6,0,0,0,0,1,9,-1,2,1,58,9,998,1,8,FORD FIESTA,9,E01021479,0,4
2024340WN1152,2024,340WN1152,2,9,0,-1,19,5,1,-1,0,0,1,0,7,0,1,1,-1,6,1,40,7,1242,1,18,FORD FIESTA,1,E01027013,0,1
2024010539680,2024,010539680,2,9,0,18,19,5,1,0,0,1,0,0,0,0,1,1,6,6,2,18,4,1242,1,9,FORD FIESTA,9,E01002274,0,1
2024052402551,2024,052402551,1,9,0,18,19,7,3,0,0,1,0,0,0,0,3,1,2,2,2,28,6,1388,1,14,FORD FIESTA,8,E01007100,0,3
2024461526717,2024,461526717,2,9,0,-1,19,4,8,-1,0,0,0,0,0,0,2,1,-1,6,1,23,5,1242,1,12,FORD FIESTA,5,E01024048,0,1
2024501547304,2024,501547304,2,9,0,-1,19,6,2,-1,0,0,0,0,0,0,1,1,-1,6,2,32,6,1499,2,10,FORD FIESTA,4,E01018908,0,3
2024361425819,2024,361425819,1,9,0,-1,19,8,4,-1,0,1,0,0,0,0,1,1,-1,9,1,34,6,1242,1,20,FORD FIESTA,2,E01026633,0,4
2024010527127,2024,010527127,1,19,0,1,1,8,4,0,0,1,0,0,0,0,2,1,1,1,1,70,10,1499,2,6,FORD FIESTA,8,E01002470,0,3
202454C109324,2024,54C109324,1,9,0,4,4,2,6,0,0,4,0,0,0,0,1,1,2,2,2,31,6,1242,1,10,FORD FIESTA,4,E01032094,0,1
2024421453504,2024,421453504,2,9,0,-1,19,7,3,-1,0,0,0,0,0,0,1,1,-1,6,2,60,9,1242,1,12,FORD FIESTA,4,E01021992,0,2
2024622400056,2024,622400056,2,9,0,5,5,6,2,0,0,4,0,0,0,0,2,1,6,6,2,31,6,999,1,3,FORD FIESTA,3,W01000977,0,2
2024361485629,2024,361485629,2,9,0,-1,3,-1,-1,-1,0,4,0,0,0,0,2,1,-1,9,1,18,4,1388,1,15,FORD FIESTA,8,E01021482,0,4
2024201563167,2024,201563167,1,9,0,-1,19,6,2,-1,0,1,0,0,0,0,1,9,-1,2,1,54,8,1242,1,12,FORD FIESTA,1,E01010275,0,2
2024991519002,2024,991519002,1,9,0,-1,19,1,5,-1,0,0,0,0,0,0,1,1,-1,6,1,25,5,1242,1,16,FORD FIESTA,-1,-1,0,-1
2024991453406,2024,991453406,1,9,0,-1,19,2,6,-1,0,1,0,0,0,0,4,1,-1,6,1,56,9,-1,-1,-1,FORD FIESTA,8,-1,0,2
2024421402502,2024,421402502,1,9,0,-1,8,3,5,-1,0,1,0,0,0,0,1,1,-1,6,1,32,6,1388,1,20,FORD FIESTA,9,E01021280,0,1
2024430281319,2024,430281319,1,9,0,18,19,8,4,0,0,1,0,0,0,0,1,1,6,6,2,20,4,1388,1,14,FORD FIESTA,5,E01017903,0,1
2024461509977,2024,461509977,2,9,0,-1,19,7,3,-1,0,8,0,0,0,0,1,1,-1,6,2,18,4,1388,1,12,FORD FIESTA,9,E01016172,0,1
2024010500629,2024,010500629,1,9,0,18,19,1,5,0,0,1,0,0,0,0,1,1,6,6,1,70,10,1388,1,13,FORD FIESTA,5,E01003715,0,1
2024311513639,2024,311513639,4,9,0,-1,19,8,4,-1,0,0,0,0,0,0,1,1,-1,2,1,21,5,1242,1,11,FORD FIESTA,2,E01013852,0,3
2024071050687,2024,071050687,2,9,0,-1,19,1,5,-1,0,0,0,0,0,0,1,1,-1,6,1,21,5,1242,1,13,FORD FIESTA,2,E01018730,0,3
2024991458584,2024,991458584,2,9,0,-1,10,7,5,-1,0,5,0,0,0,0,3,1,-1,9,1,18,4,1084,1,6,FORD FIESTA,8,-1,0,1
2024320185231,2024,320185231,1,9,0,-1,-1,3,6,0,0,0,0,0,7,9,1,1,-1,-1,1,19,4,1596,1,12,FORD FIESTA,5,E01026283,0,1
2024161502678,2024,161502678,1,9,0,-1,19,3,5,-1,0,0,1,0,0,0,1,1,-1,9,1,17,4,998,1,7,FORD FIESTA,9,E01026402,0,2
2024141531503,2024,141531503,2,9,0,-1,9,1,7,-1,0,6,0,0,0,0,3,1,-1,2,1,49,8,1242,1,18,FORD FIESTA,2,E01007782,0,3
2024201531386,2024,201531386,1,9,0,-1,19,5,1,-1,0,0,1,7,7,10,1,1,-1,2,1,40,7,998,1,9,FORD FIESTA,4,E01009186,0,1
2024471505568,2024,471505568,2,9,0,-1,19,3,8,-1,0,0,0,0,0,0,1,1,-1,1,2,31,6,1596,1,10,FORD FIESTA,1,E01020995,0,1
2024010543166,2024,010543166,2,9,0,1,1,5,1,0,0,2,0,0,0,0,2,1,6,6,2,34,6,1084,1,6,FORD FIESTA,2,E01001559,0,1
2024010527497,2024,010527497,2,9,0,2,2,0,0,0,0,6,0,11,1,11,1,1,6,6,3,-1,-1,998,1,9,FORD FIESTA,-1,-1,0,-1
2024122500186,2024,122500186,1,9,0,18,19,7,3,0,0,1,0,0,0,0,1,1,2,2,2,68,10,1242,1,12,FORD FIESTA,4,-1,0,5
2024440291639,2024,440291639,1,9,0,14,14,5,1,0,0,0,0,0,0,0,1,1,1,1,2,18,4,998,1,10,FORD FIESTA,4,E01022781,0,1
2024401518068,2024,401518068,3,9,0,-1,2,0,0,-1,0,1,0,4,0,0,4,1,-1,6,-1,-1,-1,1560,2,18,FORD FIESTA,-1,-1,0,-1
2024440031451,2024,440031451,2,9,0,18,19,4,8,0,0,0,0,0,0,0,2,1,6,6,1,36,7,1499,2,8,FORD FIESTA,5,E01016857,0,4
2024311505932,2024,311505932,1,9,0,-1,19,7,3,-1,0,0,0,0,7,0,1,1,-1,9,2,65,9,1388,1,18,FORD FIESTA,6,E01028392,0,3
2024421443836,2024,421443836,4,9,0,-1,19,3,7,-1,0,0,1,0,1,0,3,1,-1,6,2,28,6,998,1,5,FORD FIESTA,9,E01021259,0,2
2024320285348,2024,320285348,1,9,0,9,9,4,2,0,0,5,5,0,3,1,1,1,-1,-1,2,19,4,1242,1,19,FORD FIESTA,10,E01034701,0,2
2024421487777,2024,421487777,1,9,0,-1,19,6,2,-1,0,0,0,0,0,0,1,1,-1,6,1,61,9,1499,2,7,FORD FIESTA,-1,-1,0,-1
2024340NN4762,2024,340NN4762,1,9,0,-1,7,5,1,-1,0,1,0,0,0,0,1,1,-1,6,1,-1,-1,1560,2,16,FORD FIESTA,-1,-1,0,-1
2024332401235,2024,332401235,2,9,0,-1,99,9,9,-1,0,0,0,0,0,0,4,1,-1,6,3,-1,-1,1596,1,14,FORD FIESTA,-1,-1,0,-1
2024401507140,2024,401507140,3,9,0,-1,3,4,8,-1,0,0,0,0,0,0,3,1,-1,6,2,44,7,1299,1,21,FORD FIESTA,4,E01015752,0,1
2024501479311,2024,501479311,2,9,0,-1,19,1,5,-1,0,0,0,0,0,0,3,1,-1,9,2,17,4,998,1,6,FORD FIESTA,2,E01020139,0,3
2024520402310,2024,520402310,2,9,0,18,19,3,7,0,0,8,0,0,0,0,4,1,6,6,1,21,5,1242,1,16,FORD FIESTA,1,E01014831,0,4
2024010502443,2024,010502443,2,9,0,2,2,0,0,0,0,1,0,0,0,0,1,1,6,6,3,-1,-1,998,1,7,FORD FIESTA,-1,-1,0,-1
2024991456371,2024,991456371,1,9,0,-1,9,1,7,-1,0,1,0,0,0,0,1,1,-1,9,2,62,9,999,1,1,FORD FIESTA,8,-1,0,2
2024061492336,2024,061492336,2,9,-1,-1,19,5,1,-1,0,8,0,0,0,0,4,9,-1,6,1,46,8,1242,1,9,FORD FIESTA,3,E01034127,0,1
2024501493563,2024,501493563,2,9,0,-1,19,7,3,-1,0,0,0,0,0,0,1,1,-1,9,2,54,8,1242,1,10,FORD FIESTA,10,E01020336,0,2
2024320377026,2024,320377026,1,9,0,-1,-1,6,2,0,0,0,0,0,7,0,1,1,1,1,2,62,9,1242,1,15,FORD FIESTA,5,E01026276,0,1
2024221410109,2024,221410109,1,9,0,-1,19,2,7,-1,0,0,5,0,1,1,1,1,-1,2,2,22,5,1388,1,18,FORD FIESTA,3,E01033246,0,2
2024361543808,2024,361543808,2,9,0,-1,19,-1,-1,-1,0,0,5,11,1,0,1,1,-1,6,1,25,5,1499,2,11,FORD FIESTA,2,E01026716,0,1
2024320383942,2024,320383942,1,9,0,-1,-1,3,5,0,0,8,0,0,0,0,1,1,6,6,1,24,5,1499,2,9,FORD FIESTA,8,E01028253,0,5
2024231510040,2024,231510040,1,9,0,-1,19,8,2,-1,0,8,5,0,7,9,1,1,-1,6,1,53,8,1535,1,18,FORD FIESTA,7,E01032390,0,1
2024302400701,2024,302400701,1,9,0,9,9,2,8,0,0,1,0,0,0,0,3,1,6,6,2,73,10,1242,1,20,FORD FIESTA,4,E01032613,0,1
2024041485640,2024,041485640,1,9,0,-1,7,3,7,-1,0,0,1,0,0,0,1,1,-1,6,-1,-1,-1,998,1,7,FORD FIESTA,-1,-1,0,-1
2024061519582,2024,061519582,1,9,0,-1,19,3,7,-1,0,0,0,0,0,0,1,1,-1,2,1,49,8,998,1,5,FORD FIESTA,-1,-1,0,-1
2024010523593,2024,010523593,1,9,0,18,19,5,1,0,0,8,0,0,0,0,3,1,6,6,1,41,7,998,1,7,FORD FIESTA,4,E01001518,0,1
2024122400561,2024,122400561,1,9,0,13,13,2,6,0,0,0,0,0,0,0,4,1,6,6,2,84,11,998,1,5,FORD FIESTA,10,E01013387,0,1
2024311493689,2024,311493689,3,9,0,-1,2,0,0,-1,0,0,0,0,0,0,4,1,-1,6,-1,-1,-1,1242,1,9,FORD FIESTA,-1,-1,0,-1
2024501529469,2024,501529469,1,9,0,-1,4,7,3,-1,0,1,0,4,7,0,1,1,-1,2,1,63,9,1388,1,15,FORD FIESTA,5,E01015076,0,1
2024520403196,2024,520403196,1,9,0,18,19,8,4,0,0,0,0,0,1,2,1,1,6,6,1,23,5,1242,1,18,FORD FIESTA,1,E01029293,0,1
2024201512871,2024,201512871,2,9,0,-1,19,5,2,-1,0,4,0,0,0,0,1,1,-1,6,1,35,6,1242,1,17,FORD FIESTA,-1,-1,0,-1
2024351451235,2024,351451235,1,9,0,-1,19,5,1,-1,0,0,1,0,7,0,2,1,-1,1,2,25,5,1499,2,7,FORD FIESTA,6,E01018126,0,1
2024302401220,2024,302401220,1,9,0,16,19,8,3,0,0,2,1,0,0,0,0,1,6,6,2,25,5,998,1,5,FORD FIESTA,3,E01019858,0,1
2024061422919,2024,061422919,1,9,0,-1,3,-1,-1,-1,0,1,0,0,0,0,2,1,-1,2,2,33,6,1242,1,14,FORD FIESTA,9,E01006277,0,1
2024010547752,2024,010547752,2,9,0,99,99,9,9,99,99,9,9,99,9,99,9,9,6,6,3,-1,-1,998,1,11,FORD FIESTA,-1,-1,0,-1
2024552400865,2024,552400865,1,9,0,7,7,1,3,0,0,5,0,0,0,0,1,1,6,6,2,-1,-1,998,1,2,FORD FIESTA,-1,-1,0,-1
2024351489862,2024,351489862,1,9,0,-1,19,4,2,-1,0,0,1,0,0,0,1,1,-1,1,1,43,7,1242,1,14,FORD FIESTA,7,E01018064,0,3
2024131461014,2024,131461014,1,9,0,-1,7,1,3,-1,0,8,0,0,0,0,3,1,-1,9,2,36,7,1242,1,14,FORD FIESTA,1,E01011337,0,1
2024221437688,2024,221437688,1,9,0,-1,19,8,2,-1,0,0,0,0,0,0,1,1,-1,6,1,22,5,1242,1,14,FORD FIESTA,9,E01032429,0,1
2024440330131,2024,440330131,1,9,0,17,19,6,2,0,0,0,2,0,7,9,1,1,2,2,1,26,6,1242,1,16,FORD FIESTA,10,E01023243,0,2
2024540946224,2024,540946224,2,9,0,10,10,5,3,0,0,5,0,0,0,0,2,1,6,6,1,45,7,1242,1,16,FORD FIESTA,9,E01032069,0,1
2024991514044,2024,991514044,3,9,0,-1,3,7,3,-1,0,0,0,0,0,0,2,1,-1,6,1,18,4,1242,1,16,FORD FIESTA,1,-1,0,2
2024221525521,2024,221525521,2,9,0,-1,10,3,1,-1,0,8,0,0,0,0,2,1,-1,2,2,22,5,1499,2,6,FORD FIESTA,6,E01014135,0,2
2024231430072,2024,231430072,2,9,0,-1,2,0,0,-1,0,0,0,0,0,0,1,9,-1,6,2,35,6,999,1,4,FORD FIESTA,8,E01031125,0,1
2024052401145,2024,052401145,1,9,0,9,9,6,4,0,0,6,0,0,0,0,1,1,6,6,2,70,10,1242,1,14,FORD FIESTA,1,E01006769,0,1
2024101473096,2024,101473096,1,9,0,-1,5,7,3,-1,9,1,0,0,1,11,1,1,-1,6,2,80,11,1084,1,5,FORD FIESTA,7,E01008320,0,1
2024332400808,2024,332400808,4,9,0,-1,4,8,4,-1,0,0,0,0,0,0,2,1,-1,6,1,17,4,1499,2,9,FORD FIESTA,8,E01035096,0,1
2024520402605,2024,520402605,2,9,0,18,19,1,5,0,0,0,0,0,0,0,3,1,6,6,2,52,8,998,1,5,FORD FIESTA,5,E01029289,0,4
2024131515204,2024,131515204,1,9,0,-1,9,3,3,-1,0,6,0,0,0,0,1,1,-1,6,3,-1,-1,1242,1,18,FORD FIESTA,-1,-1,0,-1
2024471448981,2024,471448981,2,9,0,-1,19,8,4,-1,0,0,0,0,0,0,3,1,-1,1,1,50,8,1242,1,11,FORD FIESTA,10,E01021159,0,3
2024061567658,2024,061567658,1,9,0,-1,19,8,4,-1,0,2,0,0,0,0,1,1,-1,9,1,21,5,-1,-1,-1,FORD FIESTA,1,E01033330,0,1
2024440339411,2024,440339411,2,9,0,9,9,1,7,0,0,1,0,0,0,0,1,1,6,6,1,19,4,998,1,10,FORD FIESTA,6,E01035437,0,1
2024471442306,2024,471442306,1,9,0,-1,19,7,3,-1,0,0,0,0,0,0,1,1,-1,9,1,20,4,1242,1,20,FORD FIESTA,2,E01031451,0,2
2024131474055,2024,131474055,1,9,0,-1,9,3,1,-1,0,2,0,0,0,0,4,1,-1,6,2,34,6,1388,1,15,FORD FIESTA,1,E01011899,0,1
2024201478602,2024,201478602,1,9,0,-1,19,3,7,-1,0,8,0,0,0,0,1,1,-1,6,1,21,5,1388,1,14,FORD FIESTA,1,E01033891,0,1
2024501412004,2024,501412004,1,9,-1,-1,1,6,4,-1,0,1,0,0,0,0,2,9,-1,6,1,82,11,998,1,4,FORD FIESTA,6,E01019003,0,1