collision_index,collision_year,collision_ref_no,vehicle_reference,vehicle_type,towing_and_articulation,vehicle_manoeuvre_historic,vehicle_manoeuvre,vehicle_direction_from,vehicle_direction_to,vehicle_location_restricted_lane_historic,vehicle_location_restricted_lane,junction_location,skidding_and_overturning,hit_object_in_carriageway,vehicle_leaving_carriageway,hit_object_off_carriageway,first_point_of_impact,vehicle_left_hand_drive,journey_purpose_of_driver_historic,journey_purpose_of_driver,sex_of_driver,age_of_driver,age_band_of_driver,engine_capacity_cc,propulsion_code,age_of_vehicle,generic_make_model,driver_imd_decile,lsoa_of_driver,escooter_flag,driver_distance_banding
2024332401040,2024,332401040,3,9,0,-1,3,4,8,-1,0,0,1,0,0,0,4,1,-1,6,3,-1,-1,1242,1,10,FORD FIESTA,-1,-1,0,-1
2024440519966,2024,440519966,2,9,0,7,7,7,3,0,0,1,0,0,0,0,4,1,6,6,2,18,4,1388,1,12,FORD FIESTA,1,E01017120,0,1
2024231478834,2024,231478834,1,9,0,-1,19,1,5,-1,0,8,0,0,0,0,1,1,-1,2,2,18,4,1242,1,14,FORD FIESTA,8,E01031196,0,1
2024451456041,2024,451456041,1,9,0,-1,19,5,1,-1,0,0,1,0,2,7,1,1,-1,9,2,32,6,1399,2,15,FORD FIESTA,6,E01031643,0,4
2024501447105,2024,501447105,1,9,0,-1,9,5,1,-1,0,8,0,0,0,0,1,9,-1,6,1,56,9,1242,1,17,FORD FIESTA,2,E01020039,0,1
2024610009224,2024,610009224,2,9,0,18,19,2,6,0,0,3,0,0,0,0,1,1,6,6,1,27,6,1560,2,15,FORD FIESTA,1,W01001661,0,2
2024221507439,2024,221507439,1,9,0,-1,19,6,1,-1,0,0,0,0,0,0,1,1,-1,1,1,20,4,1399,2,13,FORD FIESTA,5,E01014025,0,3
2024501526798,2024,501526798,1,9,0,-1,7,1,3,-1,0,6,0,0,0,0,3,1,-1,9,2,76,11,998,1,6,FORD FIESTA,6,E01019967,0,3
2024421527089,2024,421527089,2,9,0,-1,4,3,7,-1,0,0,0,0,0,0,3,1,-1,6,2,49,8,998,1,10,FORD FIESTA,7,E01021635,0,1
2024010524880,2024,010524880,4,9,0,4,4,7,3,0,0,0,0,0,0,0,1,1,6,6,2,25,5,1596,1,14,FORD FIESTA,-1,-1,0,-1
2024522401420,2024,522401420,2,9,0,18,19,3,7,0,0,0,0,0,0,0,2,1,6,6,1,68,10,1596,1,8,FORD FIESTA,8,E01014745,0,2
2024302400479,2024,302400479,4,9,0,2,2,0,0,0,0,0,0,0,1,11,4,1,6,6,3,-1,-1,1388,1,12,FORD FIESTA,-1,-1,0,-1
2024131525692,2024,131525692,2,9,0,-1,19,7,3,-1,0,0,1,0,0,0,1,1,-1,9,2,26,6,1242,1,18,FORD FIESTA,9,E01011117,0,1
2024101515408,2024,101515408,1,9,0,-1,9,7,5,-1,0,5,0,0,0,0,3,1,-1,9,1,18,4,1399,2,12,FORD FIESTA,1,E01008289,0,1
2024041468544,2024,041468544,2,9,0,-1,12,5,3,-1,0,1,0,0,0,0,4,1,-1,9,2,19,4,998,1,5,FORD FIESTA,4,E01007102,0,3
2024421436534,2024,421436534,1,9,0,-1,19,5,7,-1,0,0,0,0,0,0,1,9,-1,1,1,26,6,1242,1,12,FORD FIESTA,6,E01033719,0,1
2024411454852,2024,411454852,1,9,0,-1,19,6,2,-1,0,0,0,0,0,0,1,1,-1,6,2,-1,-1,1388,1,15,FORD FIESTA,-1,-1,0,-1
2024161533171,2024,161533171,6,9,0,-1,2,0,0,-1,0,0,0,0,0,0,2,1,-1,6,3,-1,-1,1388,1,19,FORD FIESTA,-1,-1,0,-1
2024031494110,2024,031494110,1,9,0,-1,19,3,8,-1,0,0,2,0,1,11,1,1,-1,9,1,18,4,1242,1,17,FORD FIESTA,4,E01025113,0,4
2024421525571,2024,421525571,1,9,0,-1,9,8,6,-1,0,1,1,0,0,0,1,1,-1,2,1,38,7,1084,1,5,FORD FIESTA,5,E01021432,0,1
2024311497154,2024,311497154,1,9,0,-1,19,7,3,-1,0,1,0,0,0,0,1,1,-1,6,2,32,6,1242,1,16,FORD FIESTA,9,E01013579,0,3
2024471502394,2024,471502394,1,9,0,-1,19,3,7,-1,0,0,5,0,0,0,1,1,-1,6,2,29,6,998,1,9,FORD FIESTA,7,E01031603,0,1
2024122400731,2024,122400731,1,9,0,9,9,5,1,0,0,8,0,0,0,0,1,1,6,6,1,18,4,998,1,7,FORD FIESTA,7,E01027643,0,3
2024101525275,2024,101525275,1,9,0,-1,5,1,3,-1,0,2,0,0,0,0,1,1,-1,9,2,39,7,1499,2,7,FORD FIESTA,2,E01008280,0,1
2024141420018,2024,141420018,2,9,0,-1,9,3,8,-1,0,6,0,0,0,0,1,1,-1,9,1,32,6,1388,1,14,FORD FIESTA,1,E01007718,0,1
202417M112524,2024,17M112524,2,9,0,-1,19,4,8,-1,0,8,0,0,0,0,1,1,-1,2,1,25,5,998,1,8,FORD FIESTA,1,E01035190,0,1
2024421414851,2024,421414851,2,9,0,-1,3,7,2,-1,0,0,0,0,0,0,2,1,-1,6,2,36,7,1388,1,14,FORD FIESTA,7,E01021457,0,3
2024010498297,2024,010498297,1,9,0,1,1,1,3,0,0,2,0,0,0,0,2,1,2,2,3,35,6,1388,1,13,FORD FIESTA,5,E01001335,0,1
2024302401432,2024,302401432,2,9,0,2,2,0,0,0,0,0,0,0,0,0,2,1,6,6,3,-1,-1,1560,2,12,FORD FIESTA,-1,-1,0,-1
2024031498645,2024,031498645,1,9,0,-1,19,1,5,-1,0,1,0,0,0,0,1,1,-1,2,1,20,4,1399,2,15,FORD FIESTA,10,E01019078,0,1
2024540649524,2024,540649524,1,9,0,17,19,5,2,0,0,0,5,0,1,0,0,1,1,1,2,29,6,1388,1,15,FORD FIESTA,8,E01034535,0,4
2024071083778,2024,071083778,1,9,0,-1,4,5,1,-1,0,0,0,0,0,0,1,1,-1,9,1,60,9,1399,2,16,FORD FIESTA,4,E01029003,0,4
2024211499435,2024,211499435,2,9,0,-1,9,3,1,-1,0,2,0,0,0,0,1,1,-1,9,2,43,7,1596,1,12,FORD FIESTA,-1,-1,0,-1
2024041532282,2024,041532282,2,9,0,-1,19,5,1,-1,0,0,0,0,0,0,2,1,-1,1,1,36,7,1496,1,6,FORD FIESTA,4,E01024969,0,3
2024411433348,2024,411433348,1,9,0,-1,9,5,3,-1,0,3,0,0,0,0,1,1,-1,6,1,31,6,998,1,5,FORD FIESTA,6,E01023306,0,1
2024010513866,2024,010513866,1,9,0,7,7,4,7,0,0,2,0,0,0,0,1,1,6,6,1,24,5,1242,1,12,FORD FIESTA,-1,-1,0,-1
2024201421247,2024,201421247,2,9,0,-1,9,6,3,-1,0,5,0,0,0,0,2,1,-1,6,2,34,6,1388,1,15,FORD FIESTA,1,E01009125,0,1
2024401429272,2024,401429272,4,9,0,-1,19,8,4,-1,0,0,5,0,0,0,1,1,-1,6,2,45,7,1242,1,12,FORD FIESTA,7,E01033023,0,4
2024041425094,2024,041425094,2,9,0,-1,5,7,3,-1,0,8,0,0,0,0,3,1,-1,1,2,26,6,1242,1,7,FORD FIESTA,3,E01025058,0,1
2024361443933,2024,361443933,2,9,0,-1,10,1,5,-1,0,0,0,0,1,0,0,1,-1,6,2,70,10,1242,1,7,FORD FIESTA,7,E01026642,0,1
2024010548344,2024,010548344,1,9,0,18,19,3,7,0,0,0,0,0,0,0,4,1,6,6,2,42,7,1242,1,13,FORD FIESTA,7,E01017800,0,3
2024548078124,2024,548078124,1,9,0,13,13,5,1,0,0,1,5,0,7,11,1,1,2,2,1,25,5,1388,1,15,FORD FIESTA,3,E01031956,0,1
2024552401171,2024,552401171,1,9,0,18,19,8,4,0,0,0,5,0,7,9,0,1,6,6,2,18,4,1388,1,15,FORD FIESTA,8,E01020505,0,1
2024451405362,2024,451405362,1,9,0,-1,7,3,1,-1,0,1,0,0,0,0,1,1,-1,6,2,38,7,1388,1,13,FORD FIESTA,4,E01002557,0,2
2024471407792,2024,471407792,2,9,0,-1,19,7,3,-1,0,0,0,0,0,0,4,1,-1,9,2,23,5,998,1,9,FORD FIESTA,4,E01031426,0,2
2024311400183,2024,311400183,1,9,0,-1,19,8,4,-1,0,0,0,0,1,0,1,1,-1,1,1,18,4,1399,2,13,FORD FIESTA,10,E01026204,0,4
2024991396560,2024,991396560,1,9,0,-1,19,7,2,-1,0,0,0,0,1,4,1,1,-1,9,1,18,4,998,1,7,FORD FIESTA,5,-1,0,1
2024041412354,2024,041412354,1,9,0,-1,9,1,7,-1,0,6,0,0,0,0,3,1,-1,2,2,63,9,1242,1,13,FORD FIESTA,6,E01025078,0,1
2024131477538,2024,131477538,1,9,0,-1,19,1,5,-1,0,8,0,11,0,0,4,1,-1,6,1,74,10,1560,2,15,FORD FIESTA,3,E01007433,0,1
2024411541128,2024,411541128,1,9,0,-1,19,1,5,-1,0,0,0,0,0,0,1,1,-1,9,2,43,7,1242,1,11,FORD FIESTA,6,E01023752,0,1
2024010514736,2024,010514736,2,9,0,99,99,9,9,99,99,9,9,99,9,99,9,9,6,6,1,17,4,1242,1,15,FORD FIESTA,9,E01002108,0,1
2024471524108,2024,471524108,2,9,0,-1,5,1,7,-1,0,6,0,0,0,0,1,1,-1,1,2,29,6,1596,1,9,FORD FIESTA,3,E01021048,0,1
2024421457615,2024,421457615,2,9,0,-1,19,7,3,-1,0,1,0,0,0,0,1,2,-1,6,2,40,7,998,1,7,FORD FIESTA,1,E01021302,0,3
2024461490939,2024,461490939,1,9,0,-1,19,-1,-1,-1,0,1,0,0,0,0,4,9,-1,6,3,-1,-1,998,1,7,FORD FIESTA,-1,-1,0,-1
2024552400208,2024,552400208,1,9,0,18,19,2,6,0,0,0,2,0,7,10,4,1,6,6,1,20,4,1242,1,21,FORD FIESTA,7,E01020498,0,3
2024201515872,2024,201515872,1,9,0,-1,19,8,4,-1,0,2,0,0,0,0,1,1,-1,6,3,-1,-1,1596,1,17,FORD FIESTA,-1,-1,0,-1
2024141479872,2024,141479872,2,9,0,-1,9,4,2,-1,0,8,0,0,0,0,1,1,-1,6,1,31,6,1596,1,14,FORD FIESTA,9,E01007808,0,1
2024131451333,2024,131451333,1,9,0,-1,19,2,6,-1,0,1,1,0,0,0,1,1,-1,9,1,22,5,1496,1,2,FORD FIESTA,7,E01011145,0,1
2024071025588,2024,071025588,2,9,0,-1,19,2,3,-1,0,1,0,0,0,0,3,1,-1,6,1,50,8,1242,1,18,FORD FIESTA,3,E01006433,0,2
2024520402837,2024,520402837,1,9,0,7,7,2,6,0,0,8,0,0,1,4,3,1,6,6,1,29,6,1560,2,15,FORD FIESTA,6,E01019936,0,3
2024201441758,2024,201441758,2,9,0,-1,2,0,0,-1,0,0,0,0,0,0,1,1,-1,6,1,26,6,998,1,5,FORD FIESTA,4,E01031096,0,2
2024231479540,2024,231479540,2,9,0,-1,4,1,5,-1,0,1,0,0,0,0,1,1,-1,2,1,66,10,1242,1,11,FORD FIESTA,8,E01035097,0,3
2024332400379,2024,332400379,1,9,0,-1,99,9,9,-1,0,0,0,0,0,0,1,1,-1,6,2,-1,-1,1242,1,11,FORD FIESTA,-1,-1,0,-1
2024440155115,2024,440155115,1,9,0,13,13,4,8,0,0,0,0,0,0,0,4,1,6,6,1,28,6,1499,2,8,FORD FIESTA,5,E01022806,0,4
2024371529206,2024,371529206,1,9,0,-1,19,5,3,-1,0,0,0,0,7,0,1,1,-1,1,1,21,5,1596,1,8,FORD FIESTA,7,E01029899,0,2
2024411443686,2024,411443686,1,9,0,-1,19,2,6,-1,0,0,0,0,1,4,2,1,-1,1,1,40,7,999,1,3,FORD FIESTA,2,E01000289,0,2
2024201457509,2024,201457509,1,9,0,-1,9,5,1,-1,0,1,0,0,0,0,1,9,-1,6,1,21,5,1242,1,10,FORD FIESTA,1,E01009025,0,1
2024440511062,2024,440511062,2,9,0,9,9,2,8,0,0,6,0,0,0,0,3,1,6,6,1,48,8,1596,1,11,FORD FIESTA,7,E01032748,0,2
2024131453976,2024,131453976,1,9,0,-1,19,5,8,-1,0,0,0,0,1,0,1,1,-1,6,1,17,4,1242,1,14,FORD FIESTA,2,E01011558,0,2
2024552401503,2024,552401503,1,9,0,18,19,4,8,0,0,8,0,0,0,0,1,1,6,6,1,20,4,1388,1,13,FORD FIESTA,7,E01020538,0,4
2024631452558,2024,631452558,1,9,0,-1,9,7,5,-1,0,6,0,0,3,10,3,1,-1,9,1,86,11,1596,1,11,FORD FIESTA,8,W01000555,0,1
2024461513052,2024,461513052,1,9,0,-1,19,1,5,-1,0,1,0,0,0,0,1,9,-1,6,1,25,5,1388,1,13,FORD FIESTA,10,E01024781,0,1
2024622400881,2024,622400881,2,9,0,9,9,2,8,0,0,1,0,0,0,0,1,1,6,6,2,44,7,1560,2,11,FORD FIESTA,1,W01001738,0,1
2024461457421,2024,461457421,2,9,0,-1,4,2,4,-1,0,0,1,0,0,0,3,9,-1,9,1,18,4,1499,2,11,FORD FIESTA,5,E01035298,0,4
2024440418565,2024,440418565,2,9,0,18,19,5,1,0,0,0,0,0,0,0,1,1,6,6,1,18,4,998,1,8,FORD FIESTA,-1,-1,0,-1
2024070479701,2024,070479701,1,9,0,18,19,7,3,0,0,1,0,0,0,0,4,1,2,2,2,55,8,1242,1,15,FORD FIESTA,9,E01018473,0,1
2024991426120,2024,991426120,1,9,0,-1,19,1,4,-1,0,0,1,0,0,0,1,1,-1,9,1,45,7,1388,1,15,FORD FIESTA,2,E01012535,0,5
2024061411831,2024,061411831,2,9,-1,-1,-1,-1,-1,-1,-1,0,-1,-1,-1,0,-1,9,-1,6,1,18,4,998,1,9,FORD FIESTA,4,E01005895,0,1
2024061448369,2024,061448369,1,9,0,-1,5,-1,-1,-1,0,1,0,0,0,0,3,1,-1,9,1,61,9,1560,2,9,FORD FIESTA,1,E01005324,0,1
2024631406955,2024,631406955,1,9,0,-1,19,3,7,-1,0,2,1,4,2,10,1,1,-1,1,1,46,8,999,1,2,FORD FIESTA,2,W01000588,0,4
2024052402038,2024,052402038,2,9,0,18,19,1,5,0,0,1,0,0,0,0,1,1,6,6,2,50,8,1388,1,14,FORD FIESTA,5,E01006199,0,4
2024430428331,2024,430428331,1,9,0,16,19,3,7,0,0,0,0,0,1,4,1,1,6,6,1,20,4,1388,1,21,FORD FIESTA,10,E01015515,0,3
2024010537618,2024,010537618,1,9,0,-1,-1,5,1,0,0,8,0,0,0,0,1,1,6,6,1,33,6,1242,1,11,FORD FIESTA,-1,-1,0,-1
2024010498495,2024,010498495,1,9,0,18,19,1,5,0,0,1,0,0,0,0,3,1,2,2,1,35,6,1388,1,12,FORD FIESTA,5,E01002240,0,3
2024552400693,2024,552400693,1,9,0,18,19,8,4,0,0,0,0,0,0,0,1,1,6,6,1,35,6,1242,1,12,FORD FIESTA,7,E01029212,0,4
2024471462446,2024,471462446,1,9,0,-1,19,3,7,-1,0,2,0,0,0,0,4,1,-1,2,2,19,4,1242,1,13,FORD FIESTA,8,E01022958,0,1
2024010540737,2024,010540737,2,9,9,99,99,9,9,99,99,9,9,99,9,99,9,1,6,6,2,50,8,998,1,8,FORD FIESTA,4,E01004378,0,2
2024411477203,2024,411477203,3,9,0,-1,3,7,3,-1,0,0,0,0,0,0,2,1,-1,6,2,56,9,998,1,11,FORD FIESTA,1,E01023536,0,2
2024302400554,2024,302400554,2,8,0,18,19,6,2,0,0,0,0,0,0,0,1,1,6,6,2,-1,-1,1242,1,15,FORD FIESTA,4,E01019730,0,1
2024052401985,2024,052401985,1,9,0,7,7,6,6,0,0,8,1,0,0,0,1,1,6,6,1,43,7,1242,1,13,FORD FIESTA,1,E01006701,0,1
2024201436021,2024,201436021,1,9,0,-1,5,3,7,-1,0,6,0,0,0,0,3,9,-1,9,1,41,7,1242,1,12,FORD FIESTA,2,E01009239,0,1
2024122401172,2024,122401172,2,9,0,7,7,8,2,0,0,5,0,0,0,0,4,1,6,6,1,18,4,1399,2,15,FORD FIESTA,10,E01013432,0,1
2024101460687,2024,101460687,1,9,0,-1,9,5,3,-1,0,8,5,0,0,0,4,1,-1,6,1,23,5,1242,1,19,FORD FIESTA,3,E01008576,0,2
2024501400819,2024,501400819,1,9,0,-1,19,1,5,-1,9,0,2,0,1,10,3,1,-1,9,1,17,4,1560,2,16,FORD FIESTA,7,E01020338,0,2
2024430477338,2024,430477338,1,9,0,18,19,3,7,0,0,0,5,0,1,9,0,1,6,6,2,71,10,1596,1,21,FORD FIESTA,9,E01016691,0,2
2024070188398,2024,070188398,3,9,0,4,4,5,1,0,0,0,0,0,0,0,0,1,1,1,1,25,5,-1,-1,-1,FORD FIESTA,6,E01018654,0,3
2024211514700,2024,211514700,1,9,0,-1,3,5,1,-1,0,1,0,0,0,0,4,1,-1,6,1,46,8,1242,1,14,FORD FIESTA,-1,-1,0,-1
2024631453521,2024,631453521,1,9,0,-1,19,8,5,-1,0,0,1,0,1,10,1,1,-1,9,1,17,4,1242,1,17,FORD FIESTA,5,W01000582,0,2
2024231489461,2024,231489461,1,9,0,-1,19,1,5,-1,0,8,0,0,0,0,1,1,-1,6,2,61,9,1388,1,14,FORD FIESTA,5,E01025863,0,4
2024461525087,2024,461525087,1,9,0,-1,19,4,2,-1,0,2,0,0,0,0,1,1,-1,9,2,32,6,998,1,6,FORD FIESTA,9,E01033214,0,2
2024201441035,2024,201441035,2,9,0,-1,3,4,8,-1,0,0,0,0,0,0,2,9,-1,7,1,39,7,1242,1,13,FORD FIESTA,4,E01008961,0,4
2024451441349,2024,451441349,3,9,0,-1,9,5,3,-1,0,0,0,0,0,0,0,1,-1,9,1,25,5,1388,1,12,FORD FIESTA,10,E01000684,0,4
2024010508609,2024,010508609,2,9,9,99,99,9,9,99,99,0,9,99,9,99,9,9,6,6,3,-1,-1,1388,1,16,FORD FIESTA,3,E01004436,0,2
2024411455634,2024,411455634,1,9,0,-1,19,8,4,-1,0,8,0,0,0,0,1,1,-1,6,1,86,11,1242,1,17,FORD FIESTA,7,E01023602,0,1
2024471393991,2024,471393991,1,9,0,-1,19,5,1,-1,0,0,0,0,0,0,1,1,-1,2,2,20,4,998,1,8,FORD FIESTA,7,E01024798,0,3
2024320668232,2024,320668232,1,9,0,9,9,4,2,0,0,8,0,0,0,0,1,1,-1,-1,2,27,6,1399,2,13,FORD FIESTA,9,E01026370,0,1
2024010509875,2024,010509875,1,9,0,4,4,1,5,0,0,0,0,0,0,0,2,1,6,6,2,34,6,998,1,5,FORD FIESTA,7,E01021542,0,4
2024440160190,2024,440160190,1,9,0,7,7,6,4,0,0,8,0,0,0,0,3,1,2,2,2,39,7,998,1,6,FORD FIESTA,6,E01017100,0,1
2024991468157,2024,991468157,1,9,0,-1,19,6,2,-1,0,0,0,0,1,0,1,1,-1,2,1,20,4,998,1,2,FORD FIESTA,6,-1,0,2
2024161478086,2024,161478086,1,9,0,-1,19,6,2,-1,0,1,0,0,0,0,1,1,-1,6,1,68,10,999,1,4,FORD FIESTA,7,E01013228,0,1
2024010528787,2024,010528787,2,9,0,18,19,3,7,0,0,1,0,0,0,0,1,1,6,6,2,54,8,998,1,9,FORD FIESTA,5,E01003147,0,2
2024430254428,2024,430254428,2,9,0,2,2,0,0,0,0,1,0,0,0,0,1,1,6,6,3,-1,-1,998,1,10,FORD FIESTA,-1,-1,0,-1
2024010497764,2024,010497764,1,9,0,9,9,3,8,0,0,1,0,0,0,0,2,1,2,2,1,31,6,1084,1,6,FORD FIESTA,3,E01002370,0,1
2024421408656,2024,421408656,2,9,0,-1,19,2,6,-1,0,0,0,4,0,0,1,1,-1,9,2,38,7,1388,1,14,FORD FIESTA,4,E01021774,0,1
2024010525346,2024,010525346,2,9,0,18,19,2,6,0,0,1,0,0,0,0,1,1,6,6,1,78,11,1596,1,11,FORD FIESTA,4,E01002231,0,1
2024041483457,2024,041483457,2,9,0,-1,9,5,3,-1,0,8,0,0,0,0,1,1,-1,9,2,77,11,1560,2,11,FORD FIESTA,3,E01025442,0,1
202460Q106296,2024,60Q106296,1,9,0,18,19,1,5,0,0,0,5,0,7,2,1,1,6,6,1,88,11,1399,2,12,FORD FIESTA,-1,-1,0,-1
2024351427600,2024,351427600,1,9,0,-1,5,3,5,-1,0,2,0,0,0,0,3,1,-1,6,2,68,10,998,1,8,FORD FIESTA,6,E01018045,0,3
2024351414471,2024,351414471,2,9,0,-1,3,5,1,-1,0,7,0,0,0,0,1,1,-1,2,1,17,4,1596,1,17,FORD FIESTA,10,E01026364,0,3
2024411510434,2024,411510434,1,9,0,-1,-1,-1,-1,-1,-1,-1,-1,-1,-1,0,3,9,-1,6,3,-1,-1,999,8,1,FORD FIESTA,-1,-1,0,-1
2024522402983,2024,522402983,1,9,0,17,19,6,3,0,0,0,2,0,1,4,1,1,6,6,1,18,4,998,1,10,FORD FIESTA,2,E01014926,0,2
2024010506868,2024,010506868,2,9,9,99,99,9,9,99,99,9,9,99,9,99,9,9,6,6,3,-1,-1,1388,1,15,FORD FIESTA,-1,-1,0,-1
2024320709555,2024,320709555,1,9,0,-1,-1,2,6,0,0,1,1,0,1,4,1,1,1,1,1,26,6,1242,1,14,FORD FIESTA,4,E01026146,0,3
2024221481697,2024,221481697,1,9,0,-1,5,8,4,-1,0,8,0,0,0,0,3,1,-1,9,2,36,7,1242,1,11,FORD FIESTA,2,E01009832,0,3
2024201517301,2024,201517301,2,9,0,-1,19,7,4,-1,0,0,0,0,0,0,1,1,-1,6,1,76,11,1242,1,8,FORD FIESTA,3,E01009524,0,1
2024440303074,2024,440303074,1,9,0,18,19,5,1,0,0,1,0,0,0,0,2,1,2,2,2,22,5,1242,1,13,FORD FIESTA,1,E01022903,0,1
2024231464356,2024,231464356,4,9,0,2,2,0,0,0,0,1,0,0,0,0,4,1,6,6,3,-1,-1,1388,1,14,FORD FIESTA,-1,-1,0,-1
2024311431273,2024,311431273,3,9,0,-1,2,0,0,-1,0,0,0,0,0,0,2,1,-1,6,-1,-1,-1,1242,1,16,FORD FIESTA,-1,-1,0,-1
2024010514923,2024,010514923,3,9,0,18,19,7,3,0,0,1,0,0,0,0,1,1,6,6,1,50,8,1388,1,16,FORD FIESTA,6,E01001293,0,1
2024520402638,2024,520402638,2,9,0,3,3,5,1,0,0,1,0,0,0,0,2,1,6,6,2,32,6,1560,2,14,FORD FIESTA,3,E01014807,0,4
2024371443198,2024,371443198,1,9,0,-1,19,2,7,-1,0,0,0,0,0,0,1,1,-1,6,1,22,5,1399,2,12,FORD FIESTA,6,E01034575,0,2
2024302401413,2024,302401413,3,9,0,4,4,2,6,0,0,2,0,0,0,0,2,1,6,6,2,-1,-1,1242,1,13,FORD FIESTA,9,E01019721,0,1
2024302401634,2024,302401634,1,9,0,9,9,4,1,0,0,0,0,0,0,0,1,1,6,6,2,47,8,1388,1,21,FORD FIESTA,7,E01019726,0,1
2024361407463,2024,361407463,1,9,0,-1,19,3,7,-1,0,0,0,0,0,0,1,1,-1,9,1,81,11,999,1,4,FORD FIESTA,9,E01026576,0,4
2024010532023,2024,010532023,1,9,0,18,19,5,1,0,0,0,0,0,0,0,1,1,2,2,2,48,8,1388,1,13,FORD FIESTA,4,E01001624,0,1
2024010544345,2024,010544345,2,9,0,18,19,1,5,0,0,1,0,0,0,0,1,9,6,6,1,-1,-1,998,1,5,FORD FIESTA,2,E01001631,0,1
2024131480263,2024,131480263,3,9,0,-1,19,3,3,-1,0,8,0,0,0,0,1,1,-1,6,1,39,7,998,1,9,FORD FIESTA,6,E01011451,0,1
2024061478550,2024,061478550,1,9,0,-1,19,3,7,-1,0,0,0,0,0,0,1,1,-1,9,1,43,7,999,1,3,FORD FIESTA,1,E01005314,0,1
2024440556119,2024,440556119,2,9,0,2,2,0,0,0,0,0,0,0,0,0,2,1,6,6,1,25,5,1388,1,12,FORD FIESTA,2,E01017119,0,1
2024211483334,2024,211483334,1,9,0,-1,19,1,1,-1,0,2,0,0,0,0,1,1,-1,1,1,57,9,1242,1,19,FORD FIESTA,4,E01014284,0,1
2024421455002,2024,421455002,1,9,0,-1,19,6,2,-1,0,1,0,0,0,0,3,1,-1,2,1,29,6,1242,1,9,FORD FIESTA,2,E01021700,0,4
2024421521838,2024,421521838,1,9,0,-1,12,1,5,-1,0,0,0,0,0,0,1,1,-1,6,1,24,5,1242,1,24,FORD FIESTA,3,E01021307,0,3
2024430040727,2024,430040727,1,9,0,18,19,4,8,0,0,0,0,0,0,0,1,1,6,6,1,46,8,1242,1,14,FORD FIESTA,3,E01032582,0,4
2024622400437,2024,622400437,1,9,0,6,6,6,6,0,0,0,0,0,0,0,4,1,1,1,2,26,6,1242,1,15,FORD FIESTA,3,W01000654,0,2
2024421503254,2024,421503254,1,9,0,-1,19,3,7,-1,0,1,0,0,0,0,1,9,-1,6,2,-1,-1,1242,1,10,FORD FIESTA,-1,-1,0,-1
2024351531105,2024,351531105,1,9,0,-1,19,8,4,-1,0,0,1,11,6,6,1,1,-1,9,1,18,4,1242,1,16,FORD FIESTA,10,E01018239,0,3
2024501403412,2024,501403412,1,9,0,-1,19,1,5,-1,0,0,2,0,1,11,1,1,-1,9,2,17,4,1242,1,19,FORD FIESTA,8,E01029194,0,3
2024351433043,2024,351433043,1,9,0,-1,19,1,5,-1,0,1,0,0,0,0,1,1,-1,6,2,30,6,999,1,2,FORD FIESTA,9,E01023656,0,2
2024131485523,2024,131485523,1,9,0,-1,12,3,7,-1,0,8,0,0,0,0,3,1,-1,9,1,69,10,999,1,3,FORD FIESTA,1,E01011865,0,3
2024201410338,2024,201410338,1,9,0,-1,5,3,2,-1,9,6,0,0,0,0,1,1,-1,6,1,19,4,1242,1,18,FORD FIESTA,-1,-1,0,-1
2024010505394,2024,010505394,1,9,0,18,19,3,7,0,0,6,0,0,0,0,1,1,1,1,2,31,6,998,1,4,FORD FIESTA,5,E01001542,0,1
2024631469952,2024,631469952,1,9,0,-1,5,3,1,-1,0,6,0,0,0,0,3,1,-1,9,2,52,8,998,1,5,FORD FIESTA,4,W01000636,0,1
2024631454683,2024,631454683,1,9,0,-1,19,2,6,-1,0,1,0,0,0,0,1,1,-1,2,2,20,4,998,1,10,FORD FIESTA,7,W01000680,0,3
2024311470952,2024,311470952,1,9,0,-1,19,4,8,-1,0,5,1,0,1,0,4,9,-1,6,1,19,4,1242,1,17,FORD FIESTA,10,E01028222,0,1
2024471427365,2024,471427365,2,9,0,-1,19,1,5,-1,0,1,0,0,0,0,1,1,-1,9,1,82,11,998,1,7,FORD FIESTA,9,E01024808,0,4
2024430357213,2024,430357213,1,9,0,18,19,5,1,0,0,1,0,0,0,0,1,1,6,6,1,17,4,1242,1,12,FORD FIESTA,3,E01017906,0,1
2024531424705,2024,531424705,1,9,0,-1,19,3,7,-1,0,8,0,0,0,0,1,1,-1,2,1,26,6,1242,1,21,FORD FIESTA,8,E01022452,0,4
2024041428911,2024,041428911,1,9,0,-1,19,3,7,-1,0,1,0,0,1,2,1,1,-1,9,1,20,4,1242,1,18,FORD FIESTA,8,E01012613,0,2
2024520402506,2024,520402506,1,9,0,18,19,5,1,0,0,8,0,0,0,0,1,1,6,6,1,25,5,1242,1,16,FORD FIESTA,5,E01029183,0,1
2024501464248,2024,501464248,1,9,0,-1,9,6,4,-1,0,6,0,0,0,0,1,1,-1,9,1,86,11,1388,1,12,FORD FIESTA,7,E01015165,0,1