collision_index,collision_year,collision_ref_no,vehicle_reference,vehicle_type,towing_and_articulation,vehicle_manoeuvre_historic,vehicle_manoeuvre,vehicle_direction_from,vehicle_direction_to,vehicle_location_restricted_lane_historic,vehicle_location_restricted_lane,junction_location,skidding_and_overturning,hit_object_in_carriageway,vehicle_leaving_carriageway,hit_object_off_carriageway,first_point_of_impact,vehicle_left_hand_drive,journey_purpose_of_driver_historic,journey_purpose_of_driver,sex_of_driver,age_of_driver,age_band_of_driver,engine_capacity_cc,propulsion_code,age_of_vehicle,generic_make_model,driver_imd_decile,lsoa_of_driver,escooter_flag,driver_distance_banding
2024440188671,2024,440188671,1,9,0,18,19,2,6,0,0,5,0,0,0,0,1,1,6,6,1,18,4,1596,1,15,FORD FIESTA,3,E01022635,0,4
2024421525565,2024,421525565,1,9,0,-1,19,7,3,-1,0,0,0,0,0,0,1,1,-1,6,1,30,6,1499,2,9,FORD FIESTA,3,E01021283,0,2
2024211475077,2024,211475077,1,9,0,-1,5,1,5,-1,0,1,0,0,0,0,3,1,-1,9,1,66,10,1399,2,12,FORD FIESTA,9,E01029402,0,1
2024440348257,2024,440348257,1,9,0,18,19,1,6,0,0,3,1,0,0,0,3,1,6,6,2,33,6,998,1,5,FORD FIESTA,8,E01022889,0,3
2024161422007,2024,161422007,1,9,0,-1,19,7,3,-1,0,1,0,0,0,0,3,9,-1,9,2,28,6,1242,1,14,FORD FIESTA,7,E01013289,0,3
2024311489615,2024,311489615,1,9,0,-1,-1,-1,-1,-1,-1,-1,-1,-1,-1,0,-1,1,-1,6,2,26,6,998,1,5,FORD FIESTA,-1,-1,0,-1
2024302400640,2024,302400640,1,9,0,17,19,4,8,0,0,8,0,0,2,11,1,-1,-1,-1,2,50,8,999,1,2,FORD FIESTA,10,E01018621,0,4
2024070022921,2024,070022921,1,9,0,15,15,7,3,0,0,0,0,0,0,0,4,1,6,6,2,77,11,1388,1,15,FORD FIESTA,3,E01018672,0,2
2024211480713,2024,211480713,1,9,0,-1,19,3,7,-1,0,0,0,0,0,0,1,1,-1,6,2,65,9,1084,1,4,FORD FIESTA,10,E01018397,0,3
2024461469799,2024,461469799,1,9,0,-1,9,8,6,-1,0,6,0,0,0,0,1,1,-1,9,2,84,11,1242,1,11,FORD FIESTA,6,E01016166,0,1
2024201517151,2024,201517151,1,9,0,-1,19,7,3,-1,0,1,0,0,0,0,4,1,-1,6,1,23,5,1399,2,15,FORD FIESTA,-1,-1,0,-1
2024010510657,2024,010510657,1,9,0,18,19,4,8,0,0,3,0,0,0,0,4,1,2,2,1,78,11,1242,1,17,FORD FIESTA,3,E01002276,0,1
2024461525035,2024,461525035,1,9,0,-1,14,5,1,-1,0,0,0,4,0,0,1,1,-1,9,1,85,11,998,1,9,FORD FIESTA,7,E01024743,0,1
2024161448230,2024,161448230,1,9,0,-1,4,1,5,-1,0,0,0,0,0,0,2,1,-1,6,1,25,5,1499,2,9,FORD FIESTA,9,E01035477,0,1
2024610005124,2024,610005124,2,9,0,4,4,2,6,0,0,0,0,0,0,0,2,1,6,6,1,34,6,1388,1,15,FORD FIESTA,10,E01014912,0,4
2024041450506,2024,041450506,1,9,0,-1,19,1,1,-1,0,0,0,0,0,0,1,1,-1,6,1,24,5,998,1,10,FORD FIESTA,4,E01012664,0,2
2024010548046,2024,010548046,2,9,0,9,9,1,7,0,0,1,0,0,0,0,1,1,6,6,1,22,5,998,1,9,FORD FIESTA,3,E01004167,0,2
2024991493007,2024,991493007,1,9,0,-1,5,5,3,-1,0,6,0,0,0,0,1,1,-1,2,1,39,7,1560,2,15,FORD FIESTA,-1,-1,0,-1
2024451532344,2024,451532344,3,9,0,-1,20,0,0,-1,-1,7,0,0,0,0,1,1,-1,9,2,60,9,998,1,9,FORD FIESTA,6,E01030765,0,1
2024430227364,2024,430227364,2,9,0,18,19,1,5,0,0,4,0,0,0,0,1,1,6,6,3,-1,-1,1242,1,7,FORD FIESTA,-1,-1,0,-1
2024031395314,2024,031395314,1,9,0,-1,19,3,6,-1,0,0,5,10,1,11,1,9,-1,9,1,17,4,998,1,7,FORD FIESTA,2,E01019166,0,2
2024610052924,2024,610052924,2,9,0,18,19,1,5,0,0,0,0,0,1,3,1,1,6,6,3,-1,-1,1596,1,10,FORD FIESTA,-1,-1,0,-1
2024201472886,2024,201472886,2,9,0,-1,19,4,1,-1,0,2,0,0,0,0,1,9,-1,6,1,59,9,999,1,4,FORD FIESTA,1,E01009962,0,1
2024131413092,2024,131413092,2,9,0,-1,19,2,6,-1,0,1,1,0,3,10,1,1,-1,9,1,25,5,1388,1,13,FORD FIESTA,1,E01005569,0,4
2024421424012,2024,421424012,2,9,0,-1,19,5,1,-1,0,0,0,0,0,0,2,1,-1,9,2,77,11,998,1,5,FORD FIESTA,10,E01034712,0,5
2024010517414,2024,010517414,2,9,0,18,19,3,7,0,0,0,0,4,0,0,1,1,2,2,2,52,8,998,1,10,FORD FIESTA,3,E01002276,0,1
2024161525591,2024,161525591,2,9,0,-1,19,1,5,-1,0,1,0,0,0,0,1,1,-1,9,1,76,11,1596,1,20,FORD FIESTA,1,E01012931,0,1
2024991408664,2024,991408664,1,9,0,-1,19,3,7,-1,0,1,0,0,4,4,1,1,-1,9,2,58,9,1084,1,7,FORD FIESTA,6,-1,0,4
2024501471931,2024,501471931,2,9,0,-1,19,1,5,-1,0,0,2,0,7,9,1,1,-1,2,1,21,5,1388,1,15,FORD FIESTA,6,E01019928,0,3
2024361449617,2024,361449617,1,9,0,-1,19,1,7,-1,0,1,1,0,0,0,1,1,-1,9,1,18,4,1299,1,24,FORD FIESTA,3,E01026683,0,4
2024302401551,2024,302401551,2,9,0,18,19,8,4,0,0,8,0,0,0,0,1,1,6,6,1,75,10,1242,1,21,FORD FIESTA,3,E01013474,0,1
2024411509853,2024,411509853,1,9,-1,-1,7,-1,-1,-1,0,1,-1,-1,-1,0,1,9,-1,6,3,-1,-1,998,1,2,FORD FIESTA,-1,-1,0,-1
2024631467147,2024,631467147,1,9,0,-1,19,1,6,-1,0,8,1,0,3,10,1,1,-1,2,1,19,4,1242,1,18,FORD FIESTA,6,W01000571,0,2
2024201482769,2024,201482769,1,9,0,-1,9,3,1,-1,0,6,1,0,1,2,3,1,-1,9,2,22,5,1242,1,15,FORD FIESTA,-1,-1,0,-1
2024131394543,2024,131394543,2,9,0,-1,19,1,5,-1,0,4,0,0,0,0,3,1,-1,9,1,18,4,998,1,11,FORD FIESTA,6,E01011156,0,1
2024010530575,2024,010530575,1,9,0,1,1,1,5,0,0,0,0,0,0,0,3,1,6,6,2,20,4,998,1,11,FORD FIESTA,3,E01003286,0,3
2024411432981,2024,411432981,1,9,0,-1,4,5,1,-1,0,0,0,0,0,0,2,1,-1,9,1,25,5,1560,2,14,FORD FIESTA,2,E01001439,0,1
202417H103424,2024,17H103424,1,9,0,-1,7,1,3,-1,0,2,1,0,0,0,1,1,-1,9,1,17,4,998,1,5,FORD FIESTA,-1,-1,0,-1
2024211486334,2024,211486334,1,9,0,-1,19,1,5,-1,0,0,0,0,0,0,1,1,-1,6,1,68,10,1388,1,21,FORD FIESTA,-1,-1,0,-1
2024440501471,2024,440501471,1,9,0,9,9,7,5,0,0,8,0,0,0,0,3,1,6,6,1,18,4,1242,1,14,FORD FIESTA,-1,-1,0,-1
2024421508161,2024,421508161,3,9,0,-1,2,0,0,-1,0,0,1,0,0,0,2,1,-1,2,1,47,8,1242,1,8,FORD FIESTA,3,E01016005,0,3
2024041479453,2024,041479453,1,9,0,-1,19,3,7,-1,0,0,0,0,4,2,4,1,-1,6,1,20,4,1596,1,16,FORD FIESTA,1,E01024925,0,1
2024501502115,2024,501502115,1,9,0,-1,19,4,8,-1,0,0,0,0,0,0,3,1,-1,6,1,25,5,998,1,8,FORD FIESTA,3,E01015084,0,3
2024131423394,2024,131423394,1,9,0,-1,3,7,3,-1,0,0,0,0,0,0,2,1,-1,6,1,48,8,998,1,5,FORD FIESTA,5,E01010818,0,1
2024010546714,2024,010546714,2,9,0,15,15,7,3,0,0,6,0,0,0,0,4,1,6,6,3,-1,-1,1242,1,20,FORD FIESTA,-1,-1,0,-1
2024471441558,2024,471441558,1,9,0,-1,19,5,1,-1,0,2,0,11,0,0,4,1,-1,9,2,51,8,1596,1,12,FORD FIESTA,3,E01020927,0,1
2024361463869,2024,361463869,1,9,-1,-1,19,-1,-1,-1,0,1,0,0,0,0,1,9,-1,6,1,-1,-1,-1,-1,-1,FORD FIESTA,-1,-1,0,-1
2024010517404,2024,010517404,1,9,0,99,99,9,9,0,0,7,0,0,0,0,1,9,6,6,1,56,9,1388,1,15,FORD FIESTA,4,E01002491,0,4
202460Q035496,2024,60Q035496,1,9,0,7,7,1,3,9,9,2,0,0,1,0,1,1,6,6,3,-1,-1,998,1,1,FORD FIESTA,-1,-1,0,-1
2024451414991,2024,451414991,1,9,0,-1,19,-1,-1,-1,0,1,0,0,0,0,1,9,-1,6,1,58,9,999,1,4,FORD FIESTA,3,E01030745,0,1
2024311523718,2024,311523718,1,9,0,-1,2,0,0,-1,0,0,0,11,0,0,2,1,-1,6,-1,-1,-1,1242,1,10,FORD FIESTA,-1,-1,0,-1
2024461502274,2024,461502274,2,9,0,-1,9,5,3,-1,0,5,0,0,0,0,4,1,-1,9,2,52,8,1242,1,16,FORD FIESTA,4,E01024287,0,1
2024542867924,2024,542867924,3,9,0,18,19,4,8,0,0,0,0,0,0,0,1,1,6,6,1,17,4,1560,2,13,FORD FIESTA,4,E01020489,0,4
2024361408912,2024,361408912,1,19,0,-1,19,7,4,-1,0,0,0,4,0,0,1,9,-1,2,1,35,6,1499,2,11,FORD FIESTA,-1,-1,0,-1
2024131419521,2024,131419521,2,9,0,-1,19,1,5,-1,0,1,0,0,0,0,4,1,-1,9,1,33,6,1560,2,15,FORD FIESTA,3,E01011903,0,1
2024131435766,2024,131435766,1,9,0,-1,9,2,8,-1,0,8,0,0,0,0,4,1,-1,2,2,22,5,1560,2,15,FORD FIESTA,1,E01010872,0,2
2024451515856,2024,451515856,1,9,0,-1,9,3,5,-1,0,0,0,0,0,0,2,1,-1,1,2,57,9,1242,1,21,FORD FIESTA,7,E01030628,0,2
2024501433242,2024,501433242,1,9,0,-1,9,5,3,-1,0,5,0,0,0,0,4,1,-1,9,2,65,9,1388,1,15,FORD FIESTA,9,E01020054,0,3
2024201490340,2024,201490340,1,9,0,-1,5,6,2,-1,0,4,0,0,0,0,3,9,-1,6,1,-1,-1,1388,1,12,FORD FIESTA,-1,-1,0,-1
2024471450478,2024,471450478,2,9,0,-1,19,7,7,-1,0,1,0,1,0,0,1,1,-1,9,1,47,8,1499,2,9,FORD FIESTA,4,E01016882,0,2
2024201515080,2024,201515080,2,9,0,-1,19,4,8,-1,0,1,0,0,0,0,2,1,-1,6,3,-1,-1,1242,1,11,FORD FIESTA,-1,-1,0,-1
2024401507889,2024,401507889,1,9,0,-1,19,1,5,-1,0,0,0,0,1,0,1,1,-1,6,2,46,8,1388,1,12,FORD FIESTA,3,E01015715,0,1
2024031438431,2024,031438431,1,9,0,-1,19,2,7,-1,0,2,0,0,0,0,1,2,-1,6,2,17,4,998,1,10,FORD FIESTA,10,E01019261,0,1
2024201493439,2024,201493439,1,9,0,-1,19,5,1,-1,0,0,0,4,0,0,1,1,-1,6,1,26,6,1596,1,15,FORD FIESTA,4,E01008969,0,1
2024061491715,2024,061491715,2,9,0,-1,19,1,3,-1,0,1,0,0,0,0,2,1,-1,6,2,28,6,1242,1,13,FORD FIESTA,1,E01005822,0,1
2024201455923,2024,201455923,1,9,0,-1,13,6,2,-1,0,0,0,0,0,0,1,1,-1,2,2,53,8,1242,1,12,FORD FIESTA,2,E01009100,0,1
2024101482755,2024,101482755,1,9,0,-1,19,2,6,-1,0,1,0,0,0,0,1,1,-1,6,1,17,4,1596,1,10,FORD FIESTA,1,E01008380,0,1
2024141526327,2024,141526327,1,9,0,-1,19,4,8,-1,0,0,5,0,1,0,1,1,-1,9,1,36,7,1242,1,15,FORD FIESTA,3,E01013350,0,4
2024430482313,2024,430482313,1,9,0,9,9,8,7,0,0,5,0,0,0,0,1,1,6,6,1,76,11,998,1,9,FORD FIESTA,7,E01017928,0,1
2024010499991,2024,010499991,1,9,0,4,4,1,5,0,0,1,0,0,0,0,1,1,2,2,1,18,4,1242,1,10,FORD FIESTA,5,E01000158,0,1
2024421409817,2024,421409817,1,9,0,-1,19,5,2,-1,0,0,1,0,1,0,3,1,-1,1,2,27,6,998,1,9,FORD FIESTA,4,E01022041,0,2
2024531500476,2024,531500476,1,9,0,-1,9,5,3,-1,0,8,0,0,7,0,3,1,-1,6,1,19,4,1242,1,14,FORD FIESTA,7,E01022234,0,1
2024421494835,2024,421494835,2,9,0,-1,3,5,1,-1,0,0,0,0,0,0,2,1,-1,6,2,53,8,999,1,4,FORD FIESTA,7,E01035173,0,1
2024211501075,2024,211501075,1,9,0,-1,9,8,6,-1,0,8,0,0,0,0,4,1,-1,2,1,34,6,998,1,6,FORD FIESTA,9,E01009433,0,1
2024552400846,2024,552400846,2,9,0,18,19,4,8,0,0,0,0,0,0,0,3,1,6,6,2,63,9,1242,1,10,FORD FIESTA,1,E01014608,0,4
2024461435750,2024,461435750,1,9,0,-1,19,4,2,-1,0,2,5,0,7,0,1,1,-1,6,2,72,10,1084,1,7,FORD FIESTA,3,E01016070,0,3
2024522401575,2024,522401575,1,9,0,12,12,6,2,0,0,7,0,0,0,0,2,1,6,6,2,23,5,1242,1,10,FORD FIESTA,4,E01014521,0,3
2024141408432,2024,141408432,1,9,0,-1,5,5,8,-1,0,0,0,0,0,0,1,1,-1,9,1,19,4,1242,1,17,FORD FIESTA,2,E01008053,0,2
2024302401612,2024,302401612,1,9,0,17,19,8,5,0,0,0,0,0,0,0,1,1,6,6,2,55,8,1499,2,9,FORD FIESTA,2,E01019664,0,1
2024320470477,2024,320470477,2,9,0,2,2,0,0,9,9,0,0,0,0,0,1,1,6,6,1,21,5,1499,2,11,FORD FIESTA,9,E01026195,0,1
2024010529461,2024,010529461,1,9,0,9,9,3,8,0,0,8,0,0,0,0,1,1,6,6,1,54,8,998,1,5,FORD FIESTA,5,E01021865,0,4
2024411509449,2024,411509449,1,9,0,-1,5,4,6,-1,0,0,0,0,0,0,1,1,-1,9,2,19,4,1242,1,10,FORD FIESTA,8,E01023658,0,1
2024061464661,2024,061464661,1,9,0,-1,99,-1,-1,-1,9,0,0,8,2,0,4,1,-1,9,2,35,6,998,1,9,FORD FIESTA,2,E01004976,0,1
2024010550619,2024,010550619,1,9,0,18,19,1,5,0,0,0,0,0,0,0,1,1,6,6,1,58,9,1242,1,7,FORD FIESTA,7,E01032570,0,3
2024010553665,2024,010553665,1,9,9,99,99,9,9,99,99,9,9,99,9,0,9,9,6,6,1,72,10,998,1,9,FORD FIESTA,6,E01002329,0,1
2024531437295,2024,531437295,2,9,0,-1,4,7,3,-1,0,0,0,0,0,0,3,9,-1,6,2,21,5,998,1,5,FORD FIESTA,6,E01014884,0,1
2024041429494,2024,041429494,1,9,0,-1,19,7,3,-1,0,8,0,0,0,0,1,1,-1,9,1,17,4,1388,1,18,FORD FIESTA,9,E01025064,0,4
2024421504103,2024,421504103,1,9,0,-1,19,5,1,-1,0,4,0,0,0,0,1,1,-1,6,1,25,5,1596,1,8,FORD FIESTA,1,E01021302,0,1
2024340NN2462,2024,340NN2462,2,9,0,-1,19,3,7,-1,0,0,0,0,1,7,4,1,-1,9,2,18,4,998,1,8,FORD FIESTA,7,E01032967,0,3
202460Q055758,2024,60Q055758,1,9,0,13,13,5,1,0,0,0,0,0,0,0,4,1,6,6,1,19,4,998,1,6,FORD FIESTA,-1,-1,0,-1
202460Q167963,2024,60Q167963,1,9,0,14,14,7,3,0,0,0,0,0,0,0,1,1,6,6,1,23,5,1499,2,7,FORD FIESTA,-1,-1,0,-1
2024010541557,2024,010541557,2,9,0,99,99,9,9,99,99,0,9,99,9,99,9,9,6,6,3,-1,-1,1242,1,9,FORD FIESTA,3,E01003593,0,1
2024201432088,2024,201432088,2,9,0,-1,9,6,3,-1,0,3,0,10,7,1,4,9,-1,2,1,24,5,1242,1,10,FORD FIESTA,3,E01009947,0,1
2024211404265,2024,211404265,2,9,0,-1,19,7,3,-1,0,0,0,0,0,0,1,1,-1,1,1,35,6,1399,2,14,FORD FIESTA,2,E01034057,0,1
2024371559420,2024,371559420,2,9,0,-1,19,5,1,-1,0,8,0,0,0,0,1,1,-1,9,2,56,9,1399,2,15,FORD FIESTA,5,E01030281,0,1
2024421431448,2024,421431448,1,9,0,-1,9,3,1,-1,0,1,0,0,0,0,1,1,-1,6,1,18,4,1388,1,15,FORD FIESTA,10,E01021249,0,2
2024471460194,2024,471460194,1,9,0,-1,5,7,5,-1,0,6,0,0,0,0,1,1,-1,9,2,61,9,1596,1,11,FORD FIESTA,10,E01021052,0,1
2024332400655,2024,332400655,1,9,0,-1,3,2,6,-1,0,1,0,0,0,0,2,1,-1,2,1,24,5,1399,2,14,FORD FIESTA,1,E01013651,0,2
2024052400091,2024,052400091,2,9,0,18,19,8,4,0,0,8,0,0,0,0,1,1,6,6,1,61,9,1388,1,20,FORD FIESTA,1,E01006738,0,1
2024610030124,2024,610030124,1,9,0,4,4,8,4,0,0,0,0,0,0,0,2,1,6,6,2,53,8,999,1,4,FORD FIESTA,4,W01001405,0,4
2024041408365,2024,041408365,1,9,0,-1,1,1,5,-1,0,0,0,0,0,0,2,1,-1,9,2,46,8,1242,1,15,FORD FIESTA,8,E01034347,0,1
2024430445188,2024,430445188,1,9,0,18,19,6,2,0,0,0,0,0,0,0,3,1,6,6,1,30,6,1560,2,12,FORD FIESTA,-1,-1,0,-1
2024411440728,2024,411440728,1,9,0,-1,19,1,5,-1,0,0,0,0,1,4,4,1,-1,6,1,53,8,-1,-1,-1,FORD FIESTA,3,E01015730,0,3
2024061536429,2024,061536429,1,9,0,-1,19,6,2,-1,0,0,2,0,1,0,1,1,-1,9,1,33,6,1388,1,17,FORD FIESTA,1,E01025290,0,4
2024332400946,2024,332400946,2,9,0,-1,9,2,8,-1,0,5,0,0,0,0,3,1,-1,1,1,46,8,998,1,5,FORD FIESTA,2,E01028112,0,4
2024520500366,2024,520500366,1,9,0,9,9,7,5,0,0,5,0,0,0,0,1,1,6,6,1,40,7,1242,1,17,FORD FIESTA,4,E01035129,0,3
2024622400831,2024,622400831,1,9,0,18,19,3,7,0,0,0,2,0,1,6,1,1,1,1,1,19,4,1388,1,15,FORD FIESTA,10,W01001733,0,4
2024461436778,2024,461436778,4,9,0,-1,2,0,0,-1,0,0,0,0,0,0,2,2,-1,6,-1,-1,-1,998,1,8,FORD FIESTA,-1,-1,0,-1
2024991461296,2024,991461296,1,9,0,-1,6,7,7,-1,2,1,0,0,0,0,4,1,-1,2,1,29,6,1242,1,11,FORD FIESTA,1,-1,0,1
2024991469832,2024,991469832,2,9,0,-1,19,6,1,-1,0,4,0,0,0,0,2,1,-1,9,2,23,5,1242,1,7,FORD FIESTA,3,-1,0,3
2024052402655,2024,052402655,2,9,0,18,19,5,1,0,0,8,0,0,0,0,4,1,6,6,1,54,8,1388,1,14,FORD FIESTA,2,E01006858,0,2
2024231490911,2024,231490911,1,9,0,-1,4,3,7,-1,0,0,0,0,4,0,1,1,-1,6,2,32,6,1388,1,12,FORD FIESTA,2,E01015668,0,4
2024122401274,2024,122401274,1,9,0,16,19,1,4,0,0,0,0,0,1,11,1,1,6,6,2,18,4,999,1,4,FORD FIESTA,8,E01011507,0,4
2024421419560,2024,421419560,2,9,0,-1,5,8,8,-1,0,2,0,0,0,0,1,1,-1,9,2,44,7,1560,2,14,FORD FIESTA,8,E01021826,0,2
2024522500457,2024,522500457,1,9,0,14,14,5,1,0,0,0,0,0,0,0,1,1,6,6,1,25,5,1596,1,8,FORD FIESTA,10,E01014903,0,1
2024041450535,2024,041450535,1,9,0,-1,19,5,1,-1,0,0,5,0,0,0,1,1,-1,9,1,81,11,1242,1,19,FORD FIESTA,9,E01025569,0,1
2024211486334,2024,211486334,2,9,0,-1,19,5,1,-1,0,0,0,0,0,0,1,1,-1,6,2,19,4,999,1,3,FORD FIESTA,-1,-1,0,-1
2024201513587,2024,201513587,1,9,0,-1,19,6,2,-1,0,0,0,0,0,0,1,1,-1,9,2,39,7,1242,1,12,FORD FIESTA,10,E01009780,0,1
2024332400704,2024,332400704,2,9,0,-1,19,4,8,-1,0,0,0,0,0,0,3,1,-1,9,1,32,6,1388,1,12,FORD FIESTA,4,E01034011,0,1
2024041418964,2024,041418964,1,9,0,-1,19,6,2,-1,0,0,0,4,0,0,1,1,-1,9,2,72,10,1388,1,19,FORD FIESTA,1,E01025136,0,1
2024201436919,2024,201436919,1,9,0,-1,19,4,8,-1,0,0,0,0,0,0,1,1,-1,6,1,30,6,1499,2,8,FORD FIESTA,1,E01033643,0,1
2024302400739,2024,302400739,3,9,0,4,4,7,3,0,0,0,0,0,0,0,2,1,6,6,2,54,8,998,1,6,FORD FIESTA,2,E01019498,0,2
2024131436772,2024,131436772,1,9,0,-1,19,5,1,-1,9,0,0,0,1,0,1,1,-1,9,1,52,8,998,1,6,FORD FIESTA,1,E01011746,0,1
2024010518998,2024,010518998,1,9,0,18,19,1,5,0,0,0,0,0,0,0,1,1,6,6,1,27,6,1388,1,15,FORD FIESTA,-1,-1,0,-1
2024201464742,2024,201464742,1,9,0,-1,19,2,4,-1,0,0,0,0,0,0,3,1,-1,6,1,20,4,998,1,1,FORD FIESTA,9,E01009912,0,2
2024361429550,2024,361429550,1,9,0,-1,19,5,1,-1,0,0,0,0,0,0,1,9,-1,9,2,62,9,999,1,4,FORD FIESTA,7,E01026508,0,4
2024991422998,2024,991422998,2,9,0,-1,2,7,3,-1,0,0,0,0,1,0,2,1,-1,6,1,90,11,1242,1,14,FORD FIESTA,2,-1,0,4
2024302401285,2024,302401285,1,9,0,18,19,2,6,0,0,1,0,0,0,0,1,1,6,6,1,19,4,998,1,11,FORD FIESTA,3,E01033400,0,4
2024471480116,2024,471480116,2,9,0,-1,19,5,1,-1,0,0,0,0,1,0,1,1,-1,6,2,30,6,1084,1,5,FORD FIESTA,3,E01031795,0,3
2024161473120,2024,161473120,2,9,0,-1,4,3,7,-1,0,0,0,0,0,0,1,1,-1,6,1,22,5,1388,1,21,FORD FIESTA,5,E01013313,0,1
2024552401359,2024,552401359,1,9,0,18,19,2,6,0,0,0,0,0,0,0,1,1,6,6,2,47,8,1242,1,15,FORD FIESTA,10,E01020560,0,4
2024421452735,2024,421452735,2,9,0,-1,19,2,6,-1,0,0,0,0,0,0,4,1,-1,6,2,31,6,998,1,8,FORD FIESTA,10,E01021622,0,1
2024211423787,2024,211423787,1,9,0,-1,19,3,7,-1,0,4,0,0,5,0,1,9,-1,9,1,21,5,998,1,9,FORD FIESTA,4,E01029715,0,3
2024031527894,2024,031527894,2,9,0,-1,19,1,5,-1,0,1,0,0,0,0,1,1,-1,6,2,22,5,1399,2,12,FORD FIESTA,2,E01019227,0,2
2024430310549,2024,430310549,1,9,0,5,5,6,3,0,0,6,0,0,7,0,4,1,6,6,2,-1,-1,998,1,6,FORD FIESTA,-1,-1,0,-1
2024631495826,2024,631495826,1,9,0,-1,19,1,5,-1,0,0,0,0,1,3,1,1,-1,2,1,20,4,998,1,5,FORD FIESTA,9,E01029626,0,4
2024371495123,2024,371495123,1,9,0,-1,5,1,1,-1,0,6,0,0,0,0,4,1,-1,6,2,71,10,998,1,9,FORD FIESTA,6,E01030221,0,1
2024451395424,2024,451395424,2,9,0,-1,19,4,8,-1,0,0,0,0,0,0,2,1,-1,2,1,23,5,1242,1,10,FORD FIESTA,4,E01032732,0,4
2024430480548,2024,430480548,2,9,0,3,3,5,1,0,0,0,0,0,0,0,2,1,6,6,1,32,6,1242,1,11,FORD FIESTA,5,E01016599,0,2
2024361448552,2024,361448552,1,9,0,-1,19,5,1,-1,0,0,1,0,7,0,3,1,-1,9,1,21,5,1242,1,16,FORD FIESTA,4,E01034775,0,3
2024520402212,2024,520402212,2,9,0,5,5,4,8,0,0,8,0,0,0,0,1,1,6,6,2,80,11,999,8,1,FORD FIESTA,8,E01020497,0,2
2024610007724,2024,610007724,1,9,0,9,9,6,4,0,0,1,0,0,0,0,3,1,6,6,2,36,7,1242,1,13,FORD FIESTA,8,W01001399,0,1
2024122500365,2024,122500365,1,9,0,18,19,8,4,0,0,0,0,0,0,0,3,1,2,2,1,63,9,-1,-1,-1,FORD FIESTA,3,E01027749,0,4
2024101447641,2024,101447641,1,9,0,-1,19,5,1,-1,0,8,0,0,0,0,1,1,-1,6,1,43,7,1596,1,7,FORD FIESTA,3,E01008208,0,2
2024991476284,2024,991476284,1,9,0,-1,19,6,7,-1,0,0,0,0,0,0,3,1,-1,9,2,17,4,999,1,4,FORD FIESTA,9,-1,0,1
2024421451815,2024,421451815,2,9,0,-1,19,3,1,-1,0,0,1,0,0,0,4,1,-1,2,1,28,6,998,1,6,FORD FIESTA,7,E01023445,0,1
2024430003195,2024,430003195,1,9,0,18,19,6,2,0,0,0,0,10,0,0,1,1,6,6,2,19,4,998,1,11,FORD FIESTA,10,E01028801,0,2
2024371477351,2024,371477351,1,9,0,-1,9,1,5,-1,0,8,0,0,7,0,3,1,-1,9,1,20,4,1560,2,11,FORD FIESTA,10,E01030104,0,1
2024361463415,2024,361463415,1,9,0,-1,19,3,7,-1,0,0,0,0,0,0,1,1,-1,6,2,33,6,999,1,4,FORD FIESTA,8,E01035150,0,1
2024471409482,2024,471409482,1,9,0,-1,9,2,8,-1,0,1,0,0,0,0,1,1,-1,9,2,17,4,998,1,10,FORD FIESTA,3,E01021092,0,2
2024471534950,2024,471534950,1,9,0,-1,19,1,5,-1,0,0,0,0,2,3,1,1,-1,9,1,21,5,998,1,11,FORD FIESTA,9,E01031727,0,1
2024231476468,2024,231476468,2,9,0,-1,19,2,6,-1,0,8,0,7,0,0,1,1,-1,6,2,18,4,1242,1,13,FORD FIESTA,10,E01031134,0,1
2024061437245,2024,061437245,2,9,-1,-1,-1,-1,-1,-1,-1,0,-1,-1,-1,0,-1,9,-1,6,2,28,6,1399,2,14,FORD FIESTA,1,E01005660,0,1
202454B208524,2024,54B208524,1,9,0,18,19,5,1,0,0,0,0,0,7,0,1,1,6,6,1,21,5,1560,2,16,FORD FIESTA,7,E01015448,0,4
2024440329916,2024,440329916,2,9,0,9,9,8,6,0,0,1,0,0,0,0,4,1,6,6,2,28,6,1499,2,8,FORD FIESTA,1,E01032595,0,5
2024461465703,2024,461465703,2,9,0,-1,3,1,5,-1,0,8,0,0,0,0,3,9,-1,6,2,46,8,998,1,6,FORD FIESTA,2,E01021286,0,3
2024201525348,2024,201525348,1,9,0,-1,19,6,2,-1,0,0,0,0,0,0,1,9,-1,2,1,60,9,-1,-1,-1,FORD FIESTA,1,E01010484,0,1
2024471503806,2024,471503806,1,9,0,-1,19,8,4,-1,0,0,1,0,1,0,1,1,-1,9,1,19,4,1242,1,16,FORD FIESTA,7,E01031767,0,3
2024421475627,2024,421475627,1,9,0,-1,19,1,5,-1,0,1,0,0,7,10,1,1,-1,9,2,80,11,998,1,6,FORD FIESTA,10,E01021728,0,1
2024061479753,2024,061479753,2,9,0,-1,9,5,2,-1,0,0,1,0,0,0,1,1,-1,6,1,60,9,999,1,3,FORD FIESTA,7,E01005912,0,2