collision_index,collision_year,collision_ref_no,vehicle_reference,vehicle_type,towing_and_articulation,vehicle_manoeuvre_historic,vehicle_manoeuvre,vehicle_direction_from,vehicle_direction_to,vehicle_location_restricted_lane_historic,vehicle_location_restricted_lane,junction_location,skidding_and_overturning,hit_object_in_carriageway,vehicle_leaving_carriageway,hit_object_off_carriageway,first_point_of_impact,vehicle_left_hand_drive,journey_purpose_of_driver_historic,journey_purpose_of_driver,sex_of_driver,age_of_driver,age_band_of_driver,engine_capacity_cc,propulsion_code,age_of_vehicle,generic_make_model,driver_imd_decile,lsoa_of_driver,escooter_flag,driver_distance_banding
2024471462788,2024,471462788,1,9,0,-1,19,7,3,-1,0,2,0,0,0,0,4,1,-1,9,2,67,10,1242,1,9,FORD FIESTA,3,E01031830,0,1
2024131463746,2024,131463746,2,9,0,-1,9,2,8,-1,0,8,0,0,0,0,3,1,-1,6,1,58,9,998,1,10,FORD FIESTA,6,E01011734,0,1
2024201465014,2024,201465014,3,9,0,-1,19,8,4,-1,0,0,0,0,0,0,1,1,-1,9,2,20,4,1084,1,6,FORD FIESTA,8,E01010565,0,1
2024411487655,2024,411487655,2,9,0,-1,5,1,6,-1,0,3,0,0,0,0,1,1,-1,2,1,22,5,998,1,8,FORD FIESTA,10,E01023501,0,2
2024332400928,2024,332400928,1,9,0,-1,19,6,2,-1,0,8,0,0,2,0,1,1,-1,6,2,51,8,1242,1,13,FORD FIESTA,10,E01025904,0,1
2024010516957,2024,010516957,1,9,0,7,7,7,2,0,0,5,0,0,0,0,4,1,6,6,1,26,6,998,1,6,FORD FIESTA,5,E01003697,0,2
2024541208024,2024,541208024,1,9,0,18,19,3,7,0,0,0,1,0,0,0,1,1,6,6,1,19,4,1242,1,10,FORD FIESTA,8,E01031904,0,2
2024531520143,2024,531520143,3,9,0,-1,4,5,1,-1,0,0,0,0,0,0,2,1,-1,2,2,21,5,1242,1,9,FORD FIESTA,10,E01018584,0,5
2024201512184,2024,201512184,2,9,0,-1,3,2,6,-1,0,0,0,0,0,0,2,9,-1,9,1,45,7,998,1,7,FORD FIESTA,7,E01009550,0,1
2024461407928,2024,461407928,1,9,0,-1,19,5,1,-1,0,1,0,0,0,0,1,9,-1,9,3,-1,-1,-1,-1,-1,FORD FIESTA,2,E01024374,0,1
2024440487805,2024,440487805,3,9,0,18,19,2,5,0,0,0,0,0,0,0,1,1,6,6,1,19,4,1560,2,13,FORD FIESTA,9,E01031973,0,3
2024061495897,2024,061495897,2,9,0,-1,19,-1,-1,-1,0,0,1,0,0,0,1,1,-1,6,1,-1,-1,1388,1,18,FORD FIESTA,2,E01004922,0,1
2024052402717,2024,052402717,2,9,0,18,19,3,7,0,0,0,0,0,0,0,1,1,6,6,1,18,4,1242,1,17,FORD FIESTA,8,E01007280,0,1
2024991482976,2024,991482976,2,9,0,-1,4,8,4,-1,0,4,0,0,0,0,2,1,-1,9,2,55,8,1242,1,18,FORD FIESTA,2,-1,0,3
2024141415542,2024,141415542,1,9,0,-1,19,7,3,-1,0,1,0,0,0,0,2,1,-1,6,2,31,6,1388,1,14,FORD FIESTA,7,E01007798,0,1
2024311544020,2024,311544020,1,9,0,-1,19,2,7,-1,0,8,0,0,0,0,2,1,-1,2,2,52,8,998,1,6,FORD FIESTA,-1,-1,0,-1
2024061514883,2024,061514883,1,9,0,-1,19,3,7,-1,0,0,0,0,0,0,2,2,-1,9,2,34,6,998,1,10,FORD FIESTA,10,E01016282,0,5
2024231529529,2024,231529529,2,9,0,-1,4,8,4,-1,0,0,0,0,0,0,2,1,-1,6,2,26,6,1242,1,8,FORD FIESTA,8,E01031324,0,2
2024010533900,2024,010533900,1,9,0,99,99,9,9,99,99,0,9,99,9,99,2,9,6,6,2,28,6,1242,1,10,FORD FIESTA,6,E01002295,0,1
2024141464261,2024,141464261,1,9,0,-1,19,1,5,-1,0,0,0,0,0,0,2,1,-1,9,2,31,6,1242,1,9,FORD FIESTA,1,E01007947,0,1
2024461523751,2024,461523751,1,9,0,-1,5,5,1,-1,9,2,1,11,0,0,3,1,-1,6,1,37,7,1242,1,15,FORD FIESTA,-1,-1,0,-1
2024141412840,2024,141412840,1,9,0,-1,19,1,5,-1,0,0,0,0,0,0,2,1,-1,1,2,45,7,1388,1,14,FORD FIESTA,4,E01007567,0,1
2024311426052,2024,311426052,1,9,0,-1,12,7,3,-1,0,4,0,0,0,0,1,2,-1,6,1,23,5,1242,1,16,FORD FIESTA,-1,-1,0,-1
2024622400280,2024,622400280,2,8,0,18,19,5,2,0,0,0,0,0,0,0,1,1,1,1,1,51,8,1560,2,11,FORD FIESTA,4,W01001168,0,3
2024340NN1892,2024,340NN1892,2,9,0,-1,19,3,7,-1,0,0,0,0,0,0,2,1,-1,6,1,32,6,1596,1,13,FORD FIESTA,3,E01025706,0,4
2024471522964,2024,471522964,1,9,0,-1,19,1,5,-1,0,0,0,0,0,0,1,1,-1,2,2,72,10,998,1,9,FORD FIESTA,10,E01031710,0,1
2024201453274,2024,201453274,1,9,0,-1,19,7,3,-1,0,0,0,0,0,0,1,1,-1,6,2,-1,-1,999,1,4,FORD FIESTA,-1,-1,0,-1
2024332401040,2024,332401040,2,9,0,-1,3,4,8,-1,0,0,1,0,0,0,2,1,-1,6,3,-1,-1,1242,1,13,FORD FIESTA,-1,-1,0,-1
2024131526337,2024,131526337,1,9,0,-1,9,5,3,-1,0,1,0,0,0,0,3,1,-1,6,3,25,5,1399,2,12,FORD FIESTA,3,E01011261,0,1
2024332400421,2024,332400421,1,9,0,-1,19,1,6,-1,0,2,0,0,7,9,1,1,-1,9,1,64,9,998,1,7,FORD FIESTA,8,E01025911,0,1
2024211514725,2024,211514725,1,9,0,-1,5,3,7,-1,0,2,0,0,0,0,3,1,-1,6,2,24,5,1084,1,7,FORD FIESTA,1,E01014246,0,1
2024411506916,2024,411506916,2,9,0,-1,19,-1,-1,-1,0,8,1,0,3,0,3,1,-1,9,2,26,6,1084,1,6,FORD FIESTA,1,E01009490,0,5
2024520401937,2024,520401937,3,9,0,2,2,0,0,0,0,0,0,0,0,0,3,1,6,6,3,-1,-1,1242,1,11,FORD FIESTA,-1,-1,0,-1
2024201437719,2024,201437719,1,9,0,-1,7,8,2,-1,0,6,1,0,0,0,1,9,-1,7,2,30,6,1242,1,9,FORD FIESTA,6,E01010431,0,1
2024122500440,2024,122500440,1,9,0,17,19,1,5,0,0,0,1,0,2,10,1,1,6,6,1,19,4,1596,1,13,FORD FIESTA,7,E01027858,0,2
2024451485749,2024,451485749,1,9,0,-1,19,5,1,-1,0,1,0,0,1,2,4,1,-1,6,1,32,6,998,1,9,FORD FIESTA,10,E01031741,0,2
2024311429766,2024,311429766,1,9,0,-1,19,7,3,-1,0,1,5,0,0,0,3,2,-1,6,1,30,6,1499,2,8,FORD FIESTA,3,E01028338,0,1
2024531465288,2024,531465288,1,9,0,-1,2,0,0,-1,0,0,0,0,0,0,3,1,-1,6,2,30,6,1242,1,13,FORD FIESTA,2,E01034331,0,4
2024320746097,2024,320746097,1,9,0,-1,-1,5,1,0,0,1,0,0,0,0,1,1,-1,-1,2,22,5,998,1,10,FORD FIESTA,-1,-1,0,-1
2024332400691,2024,332400691,1,9,0,-1,19,1,5,-1,0,0,0,0,0,0,1,1,-1,9,2,18,4,998,1,8,FORD FIESTA,7,E01025910,0,1
2024061488167,2024,061488167,3,9,0,-1,19,1,4,-1,0,1,0,0,0,0,2,1,-1,2,2,35,6,1242,1,10,FORD FIESTA,10,E01006395,0,1
2024451433190,2024,451433190,1,9,0,-1,19,1,5,-1,0,0,0,0,0,0,1,1,-1,1,1,23,5,1999,1,17,FORD FIESTA,4,E01034288,0,4
2024101420919,2024,101420919,3,9,0,-1,4,2,6,-1,0,0,0,0,0,0,2,1,-1,2,1,52,8,998,1,6,FORD FIESTA,10,E01008495,0,3
2024201460355,2024,201460355,2,9,0,-1,19,4,8,-1,0,0,0,0,0,0,2,9,-1,9,1,21,5,1242,1,8,FORD FIESTA,1,E01014124,0,4
2024421475258,2024,421475258,2,9,0,-1,19,5,1,-1,0,8,0,0,7,0,4,1,-1,9,1,77,11,1242,1,15,FORD FIESTA,3,E01015954,0,2
2024622400766,2024,622400766,1,9,0,18,19,8,4,0,0,0,0,4,0,0,1,1,6,6,2,78,11,999,1,2,FORD FIESTA,8,W01001791,0,1
2024201504428,2024,201504428,1,9,0,-1,19,5,1,-1,0,0,0,0,0,0,1,1,-1,6,2,-1,-1,1242,1,11,FORD FIESTA,-1,-1,0,-1
2024451531824,2024,451531824,1,9,0,-1,4,7,3,-1,0,0,0,0,0,0,2,1,-1,2,2,19,4,1242,1,12,FORD FIESTA,10,E01030366,0,1
2024522402388,2024,522402388,1,9,0,18,19,3,7,0,0,0,0,0,0,0,1,1,6,6,2,22,5,1242,1,15,FORD FIESTA,2,E01035215,0,1
2024010517384,2024,010517384,2,9,0,3,3,1,5,0,0,1,0,0,0,0,2,1,6,6,2,54,8,1388,1,14,FORD FIESTA,7,E01002207,0,1
2024421541876,2024,421541876,1,9,-1,-1,19,-1,-1,-1,0,0,0,0,0,0,-1,9,-1,6,1,-1,-1,998,1,7,FORD FIESTA,-1,-1,0,-1
2024351476845,2024,351476845,2,9,0,-1,-1,-1,-1,-1,-1,0,-1,-1,-1,0,1,9,-1,2,2,25,5,1496,1,5,FORD FIESTA,10,E01018013,0,2
2024440131140,2024,440131140,2,9,0,18,19,7,3,0,0,8,0,0,0,0,1,1,6,6,1,22,5,998,1,6,FORD FIESTA,7,E01017285,0,2
2024471527989,2024,471527989,2,9,0,-1,19,6,2,-1,0,1,0,0,0,0,1,1,-1,6,2,18,4,1596,1,12,FORD FIESTA,9,E01031655,0,1
2024061407948,2024,061407948,1,9,0,-1,19,1,1,-1,0,1,0,0,0,0,1,2,-1,6,3,30,6,1560,2,14,FORD FIESTA,-1,-1,0,-1
2024440160207,2024,440160207,1,9,0,4,4,2,6,0,0,1,0,0,0,0,2,1,6,6,2,36,7,1388,1,13,FORD FIESTA,9,E01022667,0,2
2024061433444,2024,061433444,1,9,-1,-1,-1,-1,-1,-1,-1,0,-1,-1,-1,0,-1,9,-1,6,3,63,9,1084,1,6,FORD FIESTA,-1,-1,0,-1
2024461487782,2024,461487782,1,9,0,-1,19,7,3,-1,0,0,0,0,0,0,1,1,-1,9,1,29,6,998,1,10,FORD FIESTA,4,E01024842,0,1
2024471513521,2024,471513521,2,9,0,-1,19,2,6,-1,0,8,0,0,0,0,4,1,-1,6,2,36,7,998,1,9,FORD FIESTA,7,E01031423,0,1
2024131417466,2024,131417466,1,9,0,-1,2,7,1,-1,0,1,0,0,0,0,2,1,-1,2,2,50,8,1399,2,12,FORD FIESTA,9,E01011117,0,4
2024201517812,2024,201517812,2,9,0,-1,2,0,0,-1,0,0,0,0,0,0,4,1,-1,7,2,32,6,1242,1,20,FORD FIESTA,4,E01009620,0,1
2024531506007,2024,531506007,2,9,0,-1,9,1,6,-1,0,8,0,0,0,0,4,1,-1,2,1,22,5,998,1,6,FORD FIESTA,7,E01002334,0,5
2024201460291,2024,201460291,1,9,0,-1,9,6,6,-1,0,1,0,0,0,0,3,1,-1,9,1,65,9,998,1,1,FORD FIESTA,7,E01009726,0,2
2024501429511,2024,501429511,1,9,0,-1,9,8,6,-1,0,1,0,0,0,0,1,9,-1,6,2,73,10,998,1,8,FORD FIESTA,3,E01019975,0,1
2024010517837,2024,010517837,1,9,0,7,7,6,1,0,0,1,0,0,0,0,3,1,6,6,1,23,5,998,1,7,FORD FIESTA,5,E01029125,0,5
2024010547122,2024,010547122,1,9,0,18,19,1,5,9,9,0,0,0,1,11,1,1,6,6,2,76,11,998,1,6,FORD FIESTA,-1,-1,0,-1
2024221429933,2024,221429933,1,9,0,-1,19,2,6,-1,0,0,0,0,0,0,4,1,-1,6,2,18,4,1084,1,6,FORD FIESTA,9,E01028865,0,3
2024411452912,2024,411452912,1,9,0,-1,19,5,1,-1,0,0,0,0,0,0,1,1,-1,2,2,28,6,1242,1,14,FORD FIESTA,8,E01000256,0,4
2024991472843,2024,991472843,1,9,0,-1,19,8,4,-1,0,1,0,0,0,0,1,1,-1,9,2,38,7,1084,1,5,FORD FIESTA,1,-1,0,2
2024311530167,2024,311530167,2,9,0,-1,10,7,5,-1,0,1,0,0,0,0,3,1,-1,6,2,64,9,998,1,5,FORD FIESTA,-1,-1,0,-1
2024231518069,2024,231518069,2,9,0,-1,19,1,5,-1,0,8,0,0,0,0,4,1,-1,9,1,33,6,998,1,5,FORD FIESTA,9,E01028292,0,5
2024161421045,2024,161421045,1,9,0,-1,9,5,3,-1,0,0,0,0,0,0,2,9,-1,9,2,32,6,1084,1,5,FORD FIESTA,4,E01013019,0,3
2024451468623,2024,451468623,1,9,0,-1,19,1,5,-1,0,0,0,0,0,0,1,9,-1,6,1,25,5,1388,1,17,FORD FIESTA,5,E01024485,0,2
2024440123549,2024,440123549,1,9,0,18,19,1,5,0,0,0,0,0,0,0,1,1,1,1,1,70,10,1499,2,11,FORD FIESTA,4,E01017110,0,1
2024010519744,2024,010519744,2,19,0,18,19,7,3,0,0,1,0,0,0,0,1,1,6,6,3,-1,-1,1499,2,4,FORD FIESTA,-1,-1,0,-1
2024471467336,2024,471467336,1,9,0,-1,1,3,7,-1,0,0,0,0,0,0,2,1,-1,9,1,80,11,1242,1,12,FORD FIESTA,2,E01022913,0,2
2024631530277,2024,631530277,1,9,0,-1,19,1,5,-1,0,2,1,0,2,10,1,1,-1,9,1,17,4,1242,1,11,FORD FIESTA,5,W01000528,0,1
2024061467281,2024,061467281,2,9,0,-1,19,5,1,-1,0,1,0,0,0,0,1,1,-1,6,2,46,8,998,1,11,FORD FIESTA,-1,-1,0,-1
2024010512105,2024,010512105,1,9,0,9,9,3,8,0,0,7,0,0,0,0,1,1,6,6,1,20,4,1242,1,11,FORD FIESTA,3,E01003523,0,2
2024052400348,2024,052400348,1,9,0,9,9,7,5,0,0,1,0,0,0,0,1,1,6,6,2,40,7,1242,1,10,FORD FIESTA,1,E01006445,0,1
2024010504317,2024,010504317,1,9,0,18,19,7,3,0,0,0,0,0,0,0,2,1,6,6,1,22,5,1388,1,12,FORD FIESTA,6,E01003772,0,2
2024041485224,2024,041485224,1,9,0,-1,19,1,5,-1,0,1,0,0,0,0,1,1,-1,6,1,17,4,1596,1,13,FORD FIESTA,7,E01012611,0,1
2024631486060,2024,631486060,1,9,0,-1,19,6,8,-1,0,0,0,0,0,0,1,1,-1,6,1,20,4,998,1,7,FORD FIESTA,8,W01000457,0,2
2024501459898,2024,501459898,2,9,0,-1,4,3,7,-1,0,0,0,0,0,0,2,1,-1,2,2,52,8,998,1,5,FORD FIESTA,10,E01020222,0,4
2024101497946,2024,101497946,1,9,0,-1,19,7,3,-1,0,6,1,4,0,0,4,1,-1,6,1,33,6,1242,1,16,FORD FIESTA,2,E01008819,0,1
2024340NN0292,2024,340NN0292,1,9,0,-1,19,2,6,-1,0,6,0,0,0,0,1,1,-1,6,1,18,4,1399,2,15,FORD FIESTA,2,E01035432,0,1
2024461533426,2024,461533426,1,9,0,-1,19,7,3,-1,0,0,0,0,0,0,1,1,-1,9,1,36,7,1388,1,12,FORD FIESTA,4,E01024681,0,1
2024430610315,2024,430610315,5,9,0,18,19,4,8,0,0,0,0,0,0,0,2,1,6,6,1,47,8,998,1,11,FORD FIESTA,3,E01026959,0,4
2024461410475,2024,461410475,2,9,0,-1,2,0,0,-1,9,0,0,0,0,0,3,1,-1,6,-1,-1,-1,1242,1,7,FORD FIESTA,-1,-1,0,-1
2024332400875,2024,332400875,2,9,0,-1,19,4,8,-1,0,0,0,0,0,0,2,1,-1,2,2,57,9,999,1,4,FORD FIESTA,10,E01031111,0,1
2024332400519,2024,332400519,1,9,0,-1,19,3,8,-1,0,0,5,10,7,9,4,1,-1,6,3,-1,-1,1499,2,9,FORD FIESTA,-1,-1,0,-1
2024231492367,2024,231492367,1,9,0,-1,19,7,3,-1,0,0,0,10,7,11,1,1,-1,9,1,80,11,998,1,8,FORD FIESTA,8,E01035036,0,1
2024211534047,2024,211534047,1,9,0,-1,2,0,0,-1,0,0,0,0,0,0,2,1,-1,6,2,43,7,1084,1,2,FORD FIESTA,4,E01029817,0,1
2024141398293,2024,141398293,2,9,0,-1,19,7,3,-1,0,0,0,11,0,0,1,1,-1,2,2,21,5,1242,1,12,FORD FIESTA,8,E01028004,0,1
2024461434044,2024,461434044,1,9,0,-1,19,1,5,-1,0,2,0,0,0,0,1,1,-1,6,1,24,5,1388,1,15,FORD FIESTA,3,E01016042,0,1
2024041516923,2024,041516923,1,9,0,-1,5,5,8,-1,0,0,0,0,0,0,1,1,-1,2,2,26,6,998,1,9,FORD FIESTA,8,E01025105,0,1
2024010507833,2024,010507833,3,9,0,18,19,2,6,0,0,0,0,0,0,0,1,1,2,2,2,35,6,1242,1,13,FORD FIESTA,6,E01002555,0,1
2024061514966,2024,061514966,1,9,0,-1,9,-1,-1,-1,0,3,0,0,0,0,4,1,-1,9,1,27,6,1242,1,11,FORD FIESTA,6,E01005010,0,1
2024520002044,2024,520002044,1,9,0,7,7,3,5,0,0,8,0,0,1,2,4,1,6,6,2,18,4,1560,2,14,FORD FIESTA,6,E01029021,0,2
2024041467562,2024,041467562,1,9,0,-1,19,1,5,-1,0,2,0,0,0,0,4,1,-1,9,1,60,9,1499,2,11,FORD FIESTA,1,E01012681,0,1
2024522401540,2024,522401540,2,3,0,18,19,2,6,2,2,8,0,0,0,0,1,1,6,6,1,40,7,109,1,8,MAKE AND MODEL REDACTED,1,E01014596,0,2
2024231427578,2024,231427578,1,3,0,-1,19,2,6,-1,0,8,1,0,0,0,1,1,-1,9,1,15,3,109,1,10,MAKE AND MODEL REDACTED,5,E01031088,0,1
2024302401555,2024,302401555,2,3,0,18,19,4,8,0,0,8,1,0,0,0,1,1,6,6,1,47,8,109,1,12,MAKE AND MODEL REDACTED,8,E01013489,0,1
2024421481224,2024,421481224,2,5,0,-1,19,3,7,-1,0,3,0,0,0,0,4,1,-1,9,1,76,11,1833,1,4,MAKE AND MODEL REDACTED,-1,-1,0,-1
2024471494004,2024,471494004,2,5,0,-1,19,4,8,-1,0,0,0,0,0,0,1,1,-1,2,1,62,9,1833,1,2,MAKE AND MODEL REDACTED,8,E01021147,0,3
2024141441571,2024,141441571,2,5,0,-1,19,1,5,-1,0,0,0,0,0,0,4,1,-1,9,1,69,10,1833,1,6,MAKE AND MODEL REDACTED,1,E01007950,0,1
2024361500748,2024,361500748,2,5,0,-1,19,5,1,-1,0,0,0,0,0,0,1,1,-1,6,1,69,10,1833,1,2,MAKE AND MODEL REDACTED,5,E01026487,0,2
2024371442004,2024,371442004,1,5,0,-1,13,8,4,-1,0,1,0,0,0,0,1,1,-1,9,1,62,9,1833,1,1,MAKE AND MODEL REDACTED,6,E01022053,0,4
2024552401441,2024,552401441,2,5,0,18,19,2,6,0,0,0,0,0,0,0,1,1,6,6,1,64,9,1833,1,2,MAKE AND MODEL REDACTED,10,E01020378,0,1
2024501530093,2024,501530093,1,17,0,-1,19,5,1,-1,0,0,2,0,0,0,1,1,-1,9,1,70,10,518,1,0,MAKE AND MODEL REDACTED,6,E01020326,0,2
2024340NN4212,2024,340NN4212,1,19,0,-1,9,2,8,-1,0,8,0,0,0,0,1,1,-1,2,1,18,4,1898,2,1,ISUZU D-MAX,6,E01027326,0,1
2024552400697,2024,552400697,3,19,0,2,2,0,0,0,0,0,5,0,0,0,2,1,1,1,1,38,7,2499,2,8,ISUZU D-MAX,7,E01032029,0,3
2024430116585,2024,430116585,2,19,0,7,7,5,7,0,0,8,0,0,0,0,4,1,6,6,1,-1,-1,1898,2,3,ISUZU D-MAX,-1,-1,0,-1
2024501498984,2024,501498984,1,9,0,-1,19,6,2,-1,0,0,1,0,0,0,1,1,-1,1,1,29,6,1898,2,4,ISUZU D-MAX,8,E01015104,0,4
2024543583024,2024,543583024,1,19,0,5,5,5,1,0,0,4,0,0,0,0,1,1,6,6,1,24,5,1898,2,4,ISUZU D-MAX,10,E01031903,0,1
2024430200061,2024,430200061,1,19,0,18,19,5,1,0,0,1,0,0,0,0,1,1,6,6,1,-1,-1,1898,2,5,ISUZU D-MAX,-1,-1,0,-1
2024522402010,2024,522402010,2,19,4,1,1,7,3,0,0,0,0,0,0,0,2,1,6,6,3,-1,-1,1898,2,7,ISUZU D-MAX,-1,-1,0,-1
202454A857124,2024,54A857124,2,19,4,18,19,3,7,0,0,8,0,0,0,0,1,1,6,6,1,55,8,1898,2,6,ISUZU D-MAX,6,E01031876,0,1
2024522402739,2024,522402739,1,19,0,7,7,7,1,0,0,6,0,0,0,0,3,1,6,6,1,29,6,1898,2,7,ISUZU D-MAX,6,E01015004,0,2
2024131465404,2024,131465404,1,19,0,-1,19,5,1,-1,0,2,0,0,0,0,4,1,-1,9,2,39,7,1898,2,7,ISUZU D-MAX,1,E01010724,0,1
2024430313695,2024,430313695,2,19,4,9,9,6,3,0,0,5,5,0,0,0,3,1,1,1,1,33,6,1898,2,7,ISUZU D-MAX,7,W01000682,0,5
2024461517650,2024,461517650,2,19,0,-1,19,1,5,-1,0,0,0,0,0,0,3,1,-1,1,1,66,10,1898,2,1,ISUZU D-MAX,6,E01000705,0,4
2024520403329,2024,520403329,2,19,0,18,19,6,2,0,0,0,0,0,0,0,1,1,6,6,1,55,8,1898,2,7,ISUZU D-MAX,6,E01029080,0,2
2024541741024,2024,541741024,1,21,1,18,19,2,6,0,0,1,1,0,0,0,1,1,1,1,1,37,7,-1,-1,-1,ISUZU D-MAX,7,E01034790,0,4
2024371510468,2024,371510468,3,9,0,-1,19,8,4,-1,0,8,0,0,0,0,1,1,-1,1,1,65,9,1898,2,5,ISUZU D-MAX,8,E01030098,0,3
2024131499181,2024,131499181,1,19,0,-1,19,5,1,-1,0,8,0,0,0,0,0,1,-1,6,3,-1,-1,1898,2,1,ISUZU D-MAX,-1,-1,0,-1
202460Q042062,2024,60Q042062,1,19,0,5,5,5,2,0,0,6,0,0,0,0,3,1,1,1,1,51,8,2499,2,8,ISUZU D-MAX,-1,-1,0,-1
2024411421871,2024,411421871,1,20,0,-1,19,6,2,-1,9,8,0,0,0,0,1,1,-1,6,1,25,5,-1,-1,-1,ISUZU D-MAX,6,E01023913,0,1
2024361400318,2024,361400318,1,17,0,-1,-1,-1,-1,-1,-1,0,-1,-1,-1,0,-1,9,-1,1,1,-1,-1,1123,2,5,MAKE AND MODEL REDACTED,3,E01026665,0,1
2024311535848,2024,311535848,1,2,0,-1,19,6,8,-1,0,0,0,0,0,0,3,1,-1,6,1,16,4,49,1,1,MAKE AND MODEL REDACTED,-1,-1,0,-1
2024461514948,2024,461514948,1,2,0,-1,19,6,2,-1,0,8,2,0,0,0,1,1,-1,2,1,17,4,49,1,5,MAKE AND MODEL REDACTED,1,E01024614,0,1
2024010502118,2024,010502118,1,3,0,18,19,7,3,0,0,8,0,0,0,0,1,1,6,6,1,20,4,125,1,12,MAKE AND MODEL REDACTED,-1,-1,0,-1
2024201513664,2024,201513664,2,3,0,-1,19,1,5,-1,0,0,0,0,0,0,1,1,-1,6,1,-1,-1,125,1,14,MAKE AND MODEL REDACTED,-1,-1,0,-1
2024991429218,2024,991429218,1,2,0,-1,19,1,5,-1,0,0,0,0,0,0,1,1,-1,9,2,16,4,49,1,8,MAKE AND MODEL REDACTED,2,-1,0,1
2024041505002,2024,041505002,1,2,0,-1,19,1,1,-1,0,2,1,0,0,0,1,1,-1,7,1,17,4,49,1,8,MAKE AND MODEL REDACTED,8,E01025409,0,1
2024461407871,2024,461407871,2,2,0,-1,19,3,7,-1,0,0,0,0,0,0,2,1,-1,6,1,64,9,49,1,4,MAKE AND MODEL REDACTED,6,E01024630,0,1
2024141519969,2024,141519969,1,9,0,-1,2,7,3,-1,0,0,0,0,0,0,3,1,-1,9,2,45,7,1991,1,21,MAKE AND MODEL REDACTED,3,E01007433,0,1
2024131442297,2024,131442297,1,9,0,-1,19,1,5,-1,0,8,0,0,0,0,1,1,-1,9,2,55,8,2143,2,6,MERCEDES GLC CLASS,3,E01011776,0,1
2024531488913,2024,531488913,1,9,0,-1,19,5,1,-1,0,4,0,0,0,0,1,1,-1,1,1,54,8,2143,2,5,MERCEDES GLC CLASS,2,E01015540,0,4
2024131460944,2024,131460944,1,9,0,-1,19,7,3,-1,0,0,0,0,0,0,4,1,-1,9,3,37,7,1991,1,6,MERCEDES GLC CLASS,6,E01027584,0,1
2024010553236,2024,010553236,1,9,0,99,99,9,9,99,99,9,9,99,9,99,1,9,6,6,2,31,6,2143,2,6,MERCEDES GLC CLASS,4,E01030852,0,3
2024440558437,2024,440558437,1,9,0,18,19,7,3,0,0,1,0,0,0,0,1,1,6,6,1,50,8,1950,2,5,MERCEDES GLC CLASS,8,E01017064,0,1
2024522400969,2024,522400969,2,9,0,6,6,2,2,0,0,1,0,0,0,0,3,1,6,6,1,62,9,2143,2,6,MERCEDES GLC CLASS,7,E01014864,0,1
2024010510908,2024,010510908,1,9,0,1,1,3,7,0,0,1,0,0,0,0,2,1,6,6,2,49,8,1950,2,4,MERCEDES GLC CLASS,2,E01001395,0,1
2024411460768,2024,411460768,1,9,0,-1,19,7,3,-1,0,0,0,0,0,0,1,1,-1,6,1,62,9,1999,8,1,MERCEDES GLC CLASS,9,E01023854,0,1
2024010516989,2024,010516989,2,9,0,2,2,0,0,0,0,0,0,4,0,0,1,1,6,6,3,-1,-1,2143,2,7,MERCEDES GLC CLASS,-1,-1,0,-1
2024231564075,2024,231564075,1,9,0,-1,19,8,4,-1,0,0,0,4,1,11,1,1,-1,6,2,30,6,2143,2,8,MERCEDES GLC CLASS,3,E01031059,0,2
2024010544576,2024,010544576,1,9,0,99,99,9,9,99,99,9,9,99,9,99,9,9,6,6,3,36,7,2143,2,9,MERCEDES GLC CLASS,2,E01033709,0,1
2024622400076,2024,622400076,1,9,0,9,9,2,8,0,0,1,0,0,0,0,3,1,6,6,1,74,10,1950,2,2,MERCEDES GLC CLASS,-1,-1,0,-1
2024010529754,2024,010529754,1,9,0,13,13,1,5,0,0,8,1,0,0,0,1,1,6,6,1,27,6,1991,1,4,MERCEDES GLC CLASS,7,E01015978,0,4
2024010499907,2024,010499907,2,9,0,2,2,0,0,0,0,1,0,0,1,1,3,1,6,6,3,-1,-1,2143,2,7,MERCEDES GLC CLASS,-1,-1,0,-1
2024010495476,2024,010495476,2,9,0,4,4,7,3,0,0,1,0,0,0,0,2,1,6,6,2,57,9,1999,8,1,MERCEDES GLC CLASS,7,E01003853,0,1
2024361433663,2024,361433663,4,9,0,-1,4,1,5,-1,0,0,0,0,0,0,2,1,-1,6,1,58,9,2143,2,7,MERCEDES GLC CLASS,8,E01026470,0,1
2024991440048,2024,991440048,1,9,0,-1,12,3,7,-1,0,0,0,0,0,0,3,1,-1,6,1,56,9,2143,2,8,MERCEDES GLC CLASS,2,-1,0,2
2024522500161,2024,522500161,1,9,0,3,3,4,8,0,0,2,0,0,0,0,2,1,6,6,2,36,7,2143,2,9,MERCEDES GLC CLASS,10,E01014874,0,1
2024061480224,2024,061480224,1,9,0,-1,19,-1,-1,-1,0,9,0,0,0,0,2,1,-1,9,1,43,7,2143,2,8,MERCEDES GLC CLASS,10,E01006153,0,1
2024010546510,2024,010546510,2,9,0,2,2,0,0,0,0,0,0,0,0,0,4,1,6,6,3,-1,-1,1950,2,3,MERCEDES GLC CLASS,-1,-1,0,-1