collision_index,collision_year,collision_ref_no,vehicle_reference,vehicle_type,towing_and_articulation,vehicle_manoeuvre_historic,vehicle_manoeuvre,vehicle_direction_from,vehicle_direction_to,vehicle_location_restricted_lane_historic,vehicle_location_restricted_lane,junction_location,skidding_and_overturning,hit_object_in_carriageway,vehicle_leaving_carriageway,hit_object_off_carriageway,first_point_of_impact,vehicle_left_hand_drive,journey_purpose_of_driver_historic,journey_purpose_of_driver,sex_of_driver,age_of_driver,age_band_of_driver,engine_capacity_cc,propulsion_code,age_of_vehicle,generic_make_model,driver_imd_decile,lsoa_of_driver,escooter_flag,driver_distance_banding
2024631474148,2024,631474148,2,9,0,-1,10,6,3,-1,0,8,0,0,0,0,2,1,-1,6,2,55,8,1997,2,13,FORD KUGA,9,W01000444,0,3
2024471489768,2024,471489768,1,9,0,-1,19,5,1,-1,0,8,0,0,1,2,1,1,-1,9,1,45,7,1997,2,8,FORD KUGA,3,E01031453,0,2
2024010551600,2024,010551600,1,9,0,3,3,5,1,0,0,1,0,0,0,0,2,1,1,1,2,33,6,2488,8,3,FORD KUGA,10,E01033189,0,4
2024101478483,2024,101478483,1,9,0,-1,4,7,3,-1,0,0,0,0,0,0,2,1,-1,9,2,55,8,1997,2,9,FORD KUGA,-1,-1,0,-1
2024111495110,2024,111495110,1,9,0,-1,19,6,2,-1,0,1,0,0,0,0,1,1,-1,6,1,30,6,1997,2,7,FORD KUGA,-1,-1,0,-1
2024101439967,2024,101439967,2,9,0,-1,5,5,1,-1,0,1,0,0,0,0,3,1,-1,6,1,51,8,1995,2,2,FORD KUGA,8,E01008444,0,1
2024161535040,2024,161535040,1,9,0,-1,19,5,1,-1,0,1,0,0,0,0,1,9,-1,6,1,62,9,1997,2,6,FORD KUGA,6,E01012982,0,2
2024421523711,2024,421523711,3,9,0,-1,9,5,3,-1,0,1,0,0,0,0,3,1,-1,9,2,77,11,2488,8,4,FORD KUGA,4,E01021698,0,1
2024520401960,2024,520401960,3,9,0,3,3,7,3,0,0,0,0,0,0,0,2,1,6,6,1,67,10,2488,8,0,FORD KUGA,5,E01029257,0,1
2024522401968,2024,522401968,2,9,0,18,19,8,4,0,0,0,0,0,0,0,1,1,6,6,1,77,11,2488,8,3,FORD KUGA,10,E01035220,0,2
2024302400141,2024,302400141,2,9,0,5,5,6,5,0,0,8,0,0,0,0,3,1,6,6,1,77,11,1995,2,2,FORD KUGA,7,E01025952,0,1
2024361458696,2024,361458696,2,9,0,-1,9,6,3,-1,0,1,0,0,0,0,3,1,-1,2,2,63,9,1997,2,8,FORD KUGA,7,E01026914,0,2
2024311402180,2024,311402180,1,9,0,-1,7,1,2,-1,0,3,0,0,0,0,2,1,-1,9,1,62,9,1997,2,14,FORD KUGA,5,E01028362,0,1
2024991511621,2024,991511621,1,9,0,-1,19,1,5,-1,0,1,0,0,7,0,1,1,-1,6,1,33,6,1997,2,11,FORD KUGA,1,-1,0,1
2024061401002,2024,061401002,1,9,0,-1,9,3,1,-1,0,8,0,0,0,0,3,9,-1,1,1,36,7,1498,1,8,FORD KUGA,5,E01006006,0,1
2024041470312,2024,041470312,2,9,0,-1,19,8,4,-1,0,1,1,0,0,0,1,1,-1,9,2,29,6,2488,8,1,FORD KUGA,9,E01025256,0,1
2024052400409,2024,052400409,2,9,0,18,19,5,1,0,0,2,0,0,0,0,3,1,6,6,2,30,6,1997,2,10,FORD KUGA,1,E01007162,0,1
2024131479749,2024,131479749,1,9,0,-1,9,3,7,-1,0,0,0,0,0,0,1,1,-1,6,1,-1,-1,1498,1,6,FORD KUGA,-1,-1,0,-1
2024501532503,2024,501532503,1,9,0,-1,5,3,7,-1,0,1,0,0,0,0,4,1,-1,9,1,50,8,1997,2,9,FORD KUGA,2,E01015073,0,1
2024201499535,2024,201499535,2,9,-1,-1,-1,1,5,-1,-1,0,-1,-1,-1,0,-1,9,-1,-1,1,26,6,1498,1,6,FORD KUGA,8,E01026238,0,5
2024340WN1562,2024,340WN1562,2,9,0,-1,19,4,8,-1,0,1,0,0,0,0,3,1,-1,9,2,45,7,1997,2,11,FORD KUGA,8,E01027325,0,3
2024131462785,2024,131462785,2,9,0,-1,9,5,2,-1,0,3,0,0,0,0,1,1,-1,1,1,62,9,1997,2,10,FORD KUGA,1,E01011850,0,1
2024141499894,2024,141499894,1,9,0,-1,5,1,5,-1,0,4,0,0,0,0,4,1,-1,6,1,43,7,1997,2,5,FORD KUGA,7,E01033259,0,1
2024421505905,2024,421505905,1,9,0,-1,19,5,1,-1,0,1,0,0,0,0,1,1,-1,9,1,29,6,1997,2,11,FORD KUGA,7,E01021952,0,1
2024161463288,2024,161463288,2,9,0,-1,19,3,7,-1,0,0,0,0,0,0,2,1,-1,1,1,37,7,1997,2,9,FORD KUGA,5,E01012824,0,3
2024052401746,2024,052401746,3,9,0,2,2,0,0,0,0,0,1,4,0,0,2,1,6,6,3,-1,-1,1997,2,15,FORD KUGA,-1,-1,0,-1
2024631474854,2024,631474854,2,9,0,-1,12,7,2,-1,0,0,0,0,0,0,1,1,-1,9,1,40,7,1997,2,9,FORD KUGA,9,E01029475,0,4
2024371437186,2024,371437186,1,9,0,-1,9,7,3,-1,0,8,0,0,0,0,4,1,-1,6,1,49,8,1499,2,3,FORD KUGA,9,E01029967,0,1
2024010514547,2024,010514547,1,9,0,99,99,9,9,99,99,0,9,99,9,99,2,9,6,6,1,43,7,2488,8,2,FORD KUGA,5,E01003495,0,1
2024471520181,2024,471520181,2,9,0,-1,3,7,3,-1,0,0,0,0,0,0,2,1,-1,1,2,27,6,1498,1,6,FORD KUGA,1,E01021136,0,1
2024311505163,2024,311505163,1,9,0,-1,19,2,6,-1,0,1,0,0,0,0,1,1,-1,6,1,73,10,1997,2,6,FORD KUGA,-1,-1,0,-1
2024622400211,2024,622400211,2,9,0,5,5,8,3,0,0,0,0,0,0,0,1,1,6,6,1,55,8,1997,2,11,FORD KUGA,2,W01001275,0,1
2024052400899,2024,052400899,1,9,0,4,4,7,3,0,0,0,0,0,0,0,1,1,6,6,2,74,10,1498,1,7,FORD KUGA,3,E01006681,0,2
2024201473770,2024,201473770,1,9,0,-1,19,3,7,-1,0,8,0,0,0,0,3,9,-1,6,1,-1,-1,1499,2,6,FORD KUGA,-1,-1,0,-1
2024052401279,2024,052401279,1,9,0,18,19,3,7,0,0,1,0,10,7,4,1,1,6,6,1,35,6,2488,8,1,FORD KUGA,6,E01006304,0,1
2024161443842,2024,161443842,1,9,0,-1,9,5,7,-1,0,6,0,0,0,0,3,1,-1,6,2,55,8,1997,2,8,FORD KUGA,7,E01013014,0,1
2024411521633,2024,411521633,4,9,0,-1,19,7,3,-1,0,0,0,0,0,0,1,1,-1,6,1,59,9,2488,8,0,FORD KUGA,7,E01021511,0,4
2024440194339,2024,440194339,1,9,0,4,4,2,6,0,0,0,0,0,0,0,2,1,6,6,1,69,10,1498,1,6,FORD KUGA,9,E01033316,0,5
2024071050082,2024,071050082,3,9,0,-1,19,5,1,-1,0,0,1,0,0,7,2,1,-1,9,1,56,9,2488,8,1,FORD KUGA,5,E01018496,0,3
2024231486666,2024,231486666,2,9,0,-1,19,3,7,-1,0,8,0,0,0,0,1,1,-1,2,1,51,8,1995,2,2,FORD KUGA,2,E01031065,0,2
2024461508646,2024,461508646,2,9,0,-1,4,5,1,-1,0,0,0,0,0,0,2,1,-1,9,1,69,10,2488,8,1,FORD KUGA,2,E01024170,0,1
2024320452914,2024,320452914,1,9,0,-1,-1,8,4,0,0,0,5,0,1,1,1,1,-1,-1,1,72,10,1997,2,10,FORD KUGA,7,E01015686,0,4
2024332400048,2024,332400048,1,9,0,-1,9,8,4,-1,0,6,0,0,0,0,4,1,-1,9,1,38,7,1997,2,16,FORD KUGA,2,E01015641,0,4
2024340NN1982,2024,340NN1982,1,9,0,-1,9,7,5,-1,0,6,0,0,0,0,1,1,-1,6,1,71,10,1995,2,3,FORD KUGA,9,E01027201,0,2
2024401498578,2024,401498578,2,9,0,-1,4,5,1,-1,0,0,0,0,0,0,1,1,-1,9,1,56,9,1997,2,11,FORD KUGA,10,E01023815,0,4
2024461452375,2024,461452375,2,9,0,-1,8,5,1,-1,0,1,0,0,0,0,2,9,-1,6,1,50,8,1997,2,6,FORD KUGA,10,E01024320,0,1
2024440558472,2024,440558472,2,9,0,3,3,6,2,0,0,1,0,0,0,0,2,1,6,6,1,31,6,1997,2,10,FORD KUGA,9,E01022587,0,1
2024311467085,2024,311467085,2,9,0,-1,7,3,5,-1,0,1,0,0,0,0,4,1,-1,9,1,27,6,1498,1,5,FORD KUGA,5,E01028291,0,1
2024122401050,2024,122401050,2,9,0,3,3,1,5,0,0,1,0,0,0,0,2,1,6,6,2,32,6,1997,2,6,FORD KUGA,8,E01013450,0,1
2024440130302,2024,440130302,2,9,0,9,9,1,6,0,0,6,0,0,0,0,1,1,6,6,2,59,9,2488,8,0,FORD KUGA,6,E01035437,0,2
2024161470880,2024,161470880,1,9,0,-1,19,1,5,-1,0,0,0,0,0,0,1,1,-1,2,2,58,9,1997,2,10,FORD KUGA,5,E01013267,0,2
2024421425137,2024,421425137,2,9,0,-1,19,2,6,-1,0,8,0,0,0,0,3,1,-1,2,1,54,8,1997,2,8,FORD KUGA,9,E01015999,0,3
2024622400467,2024,622400467,2,9,0,4,4,4,8,0,0,1,0,0,0,0,1,1,6,6,1,61,9,1997,2,8,FORD KUGA,7,W01000813,0,1
2024161471638,2024,161471638,1,9,0,-1,19,8,4,-1,0,1,0,0,0,0,4,9,-1,6,2,36,7,1499,2,4,FORD KUGA,3,E01013143,0,1
2024141396535,2024,141396535,1,9,0,-1,19,2,6,-1,0,1,0,0,0,0,1,1,-1,9,2,34,6,1997,2,15,FORD KUGA,2,E01007349,0,2
2024010539148,2024,010539148,2,9,0,18,19,5,1,0,0,8,0,0,0,0,2,1,6,6,1,60,9,2488,8,0,FORD KUGA,-1,-1,0,-1
2024461413266,2024,461413266,1,9,0,-1,19,1,5,-1,0,1,0,0,0,0,1,9,-1,6,1,-1,-1,2488,8,3,FORD KUGA,7,E01024576,0,1
2024451526100,2024,451526100,1,9,0,-1,19,8,4,-1,0,0,0,0,0,0,1,1,-1,9,2,33,6,1997,2,8,FORD KUGA,8,E01030817,0,2
2024070626577,2024,070626577,2,9,0,18,19,6,5,0,0,1,0,0,0,0,3,1,6,6,1,-1,-1,1997,2,8,FORD KUGA,-1,-1,0,-1
2024440063336,2024,440063336,2,9,0,18,19,8,4,0,0,1,0,0,0,0,1,1,6,6,2,36,7,1997,2,15,FORD KUGA,7,E01034722,0,1
2024211474873,2024,211474873,1,9,0,-1,-1,-1,-1,-1,-1,0,-1,-1,-1,0,-1,1,-1,6,1,48,8,1997,2,15,FORD KUGA,1,E01010318,0,3
2024991430188,2024,991430188,2,9,0,-1,19,2,6,-1,0,0,0,0,0,0,2,1,-1,9,2,62,9,1499,2,7,FORD KUGA,2,-1,0,4
2024371480451,2024,371480451,2,9,0,-1,3,2,4,-1,0,1,0,0,0,0,2,1,-1,9,2,54,8,1997,2,5,FORD KUGA,1,E01030277,0,1
2024211531441,2024,211531441,1,9,0,-1,19,1,5,-1,0,0,0,0,0,0,3,1,-1,9,1,41,7,1997,2,9,FORD KUGA,-1,-1,0,-1
2024401545181,2024,401545181,2,9,0,-1,19,7,3,-1,0,0,0,0,1,0,1,1,-1,6,1,24,5,1997,2,9,FORD KUGA,9,E01017439,0,1
2024201458121,2024,201458121,1,9,0,-1,4,4,8,-1,0,1,0,0,0,0,2,9,-1,2,1,49,8,1997,2,6,FORD KUGA,3,E01010249,0,1
2024340NN3532,2024,340NN3532,2,9,0,-1,19,7,3,-1,0,8,0,0,0,0,4,1,-1,2,1,29,6,1997,2,13,FORD KUGA,10,E01027121,0,1
2024201502405,2024,201502405,2,9,0,-1,3,6,2,-1,0,1,0,0,0,0,2,9,-1,9,2,38,7,1997,2,14,FORD KUGA,5,E01009774,0,2
202454A492724,2024,54A492724,2,9,0,18,19,3,7,0,0,0,2,0,7,0,1,1,2,2,1,54,8,1995,2,4,FORD KUGA,9,E01023197,0,4
2024131466585,2024,131466585,1,9,0,-1,19,1,5,-1,0,0,0,0,1,0,0,1,-1,9,2,62,9,1997,2,8,FORD KUGA,2,E01011862,0,1
2024421526326,2024,421526326,2,9,0,-1,19,7,3,-1,0,0,0,0,0,0,1,1,-1,9,2,64,9,1997,2,13,FORD KUGA,5,E01021976,0,2
2024101402097,2024,101402097,2,9,0,-1,19,4,8,-1,0,8,0,0,0,0,4,1,-1,6,2,44,7,1997,2,11,FORD KUGA,8,E01027446,0,3
2024351420116,2024,351420116,2,9,-1,-1,-1,-1,-1,-1,-1,-1,-1,-1,-1,0,-1,9,-1,9,1,34,6,1997,2,9,FORD KUGA,6,E01034442,0,1
2024061447980,2024,061447980,1,9,0,-1,19,5,1,-1,0,7,0,0,0,0,0,2,-1,6,3,74,10,1997,2,9,FORD KUGA,-1,-1,0,-1
2024010546444,2024,010546444,1,9,0,18,19,3,7,0,0,1,0,0,1,11,1,1,6,6,1,77,11,2488,8,1,FORD KUGA,9,E01002960,0,1
2024520401903,2024,520401903,1,9,0,18,19,3,6,0,0,8,0,0,0,0,1,1,6,6,1,84,11,1997,2,14,FORD KUGA,4,E01014469,0,1
2024421463928,2024,421463928,1,9,0,-1,19,4,8,-1,0,4,0,0,7,0,1,1,-1,9,2,64,9,1997,2,7,FORD KUGA,10,E01022070,0,2
2024421522610,2024,421522610,2,9,0,-1,19,6,2,-1,0,0,0,0,0,0,1,1,-1,9,1,25,5,1997,2,15,FORD KUGA,8,E01021424,0,1
2024371522996,2024,371522996,1,9,0,-1,9,1,5,-1,0,6,1,0,3,4,3,1,-1,6,1,73,10,1997,2,6,FORD KUGA,6,E01030151,0,1
2024302401504,2024,302401504,1,9,0,18,19,1,5,0,0,8,0,0,0,0,1,1,2,2,1,52,8,1496,1,2,FORD KUGA,5,E01007909,0,3
2024471450751,2024,471450751,2,9,0,-1,2,0,0,-1,0,0,0,0,0,0,2,1,-1,6,-1,-1,-1,1498,1,7,FORD KUGA,-1,-1,0,-1
2024501509132,2024,501509132,2,9,0,-1,19,1,5,-1,0,8,0,0,1,0,4,1,-1,9,2,79,11,2488,8,0,FORD KUGA,9,E01031973,0,5
2024461456693,2024,461456693,1,9,0,-1,10,5,3,-1,0,8,0,0,0,0,0,1,-1,1,2,26,6,1995,2,2,FORD KUGA,2,E01024477,0,2
2024302401352,2024,302401352,2,9,0,4,4,4,8,0,0,1,0,0,0,0,1,1,6,6,1,-1,-1,1997,2,10,FORD KUGA,7,E01019821,0,1
2024010499086,2024,010499086,1,9,9,99,99,9,9,0,0,9,9,99,0,0,9,9,6,6,3,44,7,1596,1,11,FORD KUGA,5,E01003375,0,1
2024471533771,2024,471533771,2,9,0,-1,2,0,0,-1,0,0,0,0,0,0,3,1,-1,9,2,41,7,2488,8,2,FORD KUGA,7,E01031626,0,2
2024631527296,2024,631527296,1,9,0,-1,19,6,2,-1,0,0,5,4,2,10,1,1,-1,6,1,35,6,1997,2,14,FORD KUGA,7,W01000473,0,1
2024010506957,2024,010506957,1,9,0,5,5,0,3,0,0,1,0,0,0,0,3,1,6,6,1,51,8,1499,2,7,FORD KUGA,5,E01002607,0,1
2024631475972,2024,631475972,2,9,0,-1,19,8,4,-1,0,0,0,0,0,0,1,1,-1,6,1,66,10,2488,8,1,FORD KUGA,6,W01000524,0,4
2024351468394,2024,351468394,1,9,0,-1,9,4,4,-1,0,1,0,0,0,0,3,1,-1,7,1,44,7,2488,8,4,FORD KUGA,8,E01018289,0,1
2024122500213,2024,122500213,2,9,0,18,19,1,5,0,0,0,0,0,0,0,2,1,6,6,1,59,9,1997,2,7,FORD KUGA,4,E01027803,0,4
2024201436061,2024,201436061,1,9,3,-1,1,5,1,-1,9,5,0,0,0,0,2,9,-1,9,1,67,10,1995,2,4,FORD KUGA,9,E01009543,0,1
2024461461178,2024,461461178,2,9,0,-1,19,7,3,-1,0,0,0,0,0,0,1,1,-1,1,2,47,8,1997,2,9,FORD KUGA,3,E01024166,0,1
2024471429734,2024,471429734,2,9,0,-1,5,3,7,-1,0,4,0,0,0,0,1,1,-1,6,2,49,8,1997,2,15,FORD KUGA,9,E01031505,0,1
2024461412217,2024,461412217,2,9,0,-1,19,4,8,-1,0,8,0,0,0,0,4,1,-1,9,1,45,7,2488,8,2,FORD KUGA,1,E01024666,0,3
2024041442386,2024,041442386,1,9,0,-1,19,6,3,-1,0,8,0,0,0,0,1,1,-1,9,1,17,4,1997,2,13,FORD KUGA,4,E01025544,0,1
2024610003024,2024,610003024,1,9,0,18,19,3,6,0,0,0,1,0,7,11,1,1,6,6,2,46,8,1995,2,2,FORD KUGA,7,W01001380,0,1
2024421447168,2024,421447168,1,9,0,-1,19,7,3,-1,0,1,0,0,0,0,1,1,-1,6,2,35,6,1997,2,8,FORD KUGA,9,E01021280,0,3
2024010534513,2024,010534513,2,9,9,99,99,9,9,99,99,9,9,99,9,99,1,9,6,6,3,-1,-1,1997,2,9,FORD KUGA,-1,-1,0,-1
2024161501897,2024,161501897,2,9,0,-1,99,1,5,-1,0,1,0,0,0,0,9,9,-1,6,1,-1,-1,1997,2,8,FORD KUGA,-1,-1,0,-1
2024052500399,2024,052500399,2,9,0,18,19,1,5,0,0,0,0,0,0,0,3,1,6,6,1,48,8,1997,2,8,FORD KUGA,8,E01025488,0,3
2024041523826,2024,041523826,2,9,0,-1,19,5,8,-1,0,8,0,0,0,0,4,1,-1,2,2,37,7,1997,2,7,FORD KUGA,1,E01025579,0,2
2024430471204,2024,430471204,2,9,0,3,3,8,4,0,0,0,0,0,0,0,2,1,1,1,1,32,6,2488,8,3,FORD KUGA,4,E01034983,0,5
2024052401726,2024,052401726,1,9,0,18,19,2,6,0,0,0,0,0,0,0,3,1,6,6,2,22,5,1499,2,6,FORD KUGA,1,E01007004,0,1
2024201449422,2024,201449422,1,9,0,-1,4,6,2,-1,0,0,0,0,0,0,1,9,-1,2,1,35,6,1997,2,12,FORD KUGA,1,E01009605,0,1
2024440078406,2024,440078406,2,9,0,3,3,6,2,0,0,1,0,0,0,0,2,1,6,6,2,47,8,1997,2,11,FORD KUGA,5,E01017243,0,1
2024361509784,2024,361509784,1,9,0,-1,9,6,2,-1,0,0,0,0,0,0,1,1,-1,6,1,47,8,1997,2,10,FORD KUGA,3,E01015907,0,5
2024430513248,2024,430513248,1,9,0,18,19,8,2,0,0,8,0,0,0,0,1,1,6,6,2,65,9,1997,2,8,FORD KUGA,-1,-1,0,-1
2024031481430,2024,031481430,1,9,0,-1,19,1,5,-1,0,2,0,0,0,0,1,1,-1,9,2,49,8,1997,2,7,FORD KUGA,-1,-1,0,-1
2024311535538,2024,311535538,2,9,0,-1,2,0,0,-1,9,1,0,0,0,0,1,1,-1,6,-1,-1,-1,1997,2,8,FORD KUGA,-1,-1,0,-1
2024010539625,2024,010539625,2,9,0,18,19,9,9,99,99,9,9,99,9,99,1,9,6,6,3,-1,-1,1498,1,5,FORD KUGA,-1,-1,0,-1
2024531403179,2024,531403179,1,9,0,-1,19,5,1,-1,0,8,0,0,3,0,1,1,-1,1,1,58,9,2488,8,2,FORD KUGA,9,E01022466,0,1
2024010546445,2024,010546445,1,9,0,-1,-1,7,3,0,0,8,0,0,0,0,3,1,6,6,2,36,7,1499,2,6,FORD KUGA,-1,-1,0,-1
2024501485099,2024,501485099,1,9,0,-1,19,3,7,-1,0,0,0,0,0,0,1,1,-1,6,1,74,10,1997,2,5,FORD KUGA,5,E01018946,0,1
2024141495174,2024,141495174,2,9,0,-1,19,4,8,-1,0,0,0,0,0,0,0,9,-1,6,1,-1,-1,1997,2,9,FORD KUGA,-1,-1,0,-1
2024201530484,2024,201530484,3,9,0,-1,19,1,5,-1,0,0,0,0,0,0,1,1,-1,9,2,49,8,2488,8,0,FORD KUGA,10,E01010172,0,3
2024461503725,2024,461503725,1,9,0,-1,19,5,1,-1,0,1,0,0,0,0,1,9,-1,6,3,-1,-1,1997,2,16,FORD KUGA,-1,-1,0,-1
2024010488671,2024,010488671,1,9,0,18,19,3,7,0,0,0,0,0,0,0,4,1,6,6,1,66,10,1997,2,5,FORD KUGA,3,E01004023,0,1
202454E932024,2024,54E932024,2,9,0,2,2,0,0,0,0,0,0,0,0,0,2,1,6,6,3,-1,-1,2488,8,1,FORD KUGA,-1,-1,0,-1
2024991501848,2024,991501848,2,9,0,-1,19,5,1,-1,0,1,0,0,0,0,1,1,-1,6,2,38,7,1499,2,7,FORD KUGA,2,-1,0,1
2024141416992,2024,141416992,1,9,0,-1,4,7,3,-1,0,0,5,0,4,3,1,1,-1,9,1,78,11,1997,2,12,FORD KUGA,8,E01007686,0,2
2024010516215,2024,010516215,1,9,0,18,19,7,3,0,0,1,0,0,0,0,4,1,6,6,1,37,7,1496,1,1,FORD KUGA,2,E01000042,0,4
2024421512015,2024,421512015,1,9,0,-1,19,4,8,-1,0,0,0,0,0,0,0,1,-1,9,2,45,7,2488,8,1,FORD KUGA,7,E01021882,0,3
2024311428163,2024,311428163,1,9,0,-1,19,2,3,-1,0,0,0,0,0,0,4,1,-1,6,1,59,9,1997,2,8,FORD KUGA,-1,-1,0,-1
2024531435675,2024,531435675,1,9,0,-1,19,7,3,-1,0,0,0,0,0,0,1,1,-1,1,1,63,9,1997,2,9,FORD KUGA,10,E01022315,0,4
2024010528769,2024,010528769,1,9,0,18,19,1,5,0,0,6,0,0,0,0,2,1,6,6,1,41,7,1496,1,2,FORD KUGA,9,E01000444,0,1
2024610037124,2024,610037124,2,9,0,2,2,0,0,0,0,0,0,0,0,0,3,1,6,6,2,44,7,2488,8,0,FORD KUGA,1,W01001689,0,2
2024221441609,2024,221441609,1,9,0,-1,9,7,4,-1,0,6,0,0,0,0,3,1,-1,6,2,30,6,1997,2,15,FORD KUGA,2,E01034954,0,4
2024161530879,2024,161530879,1,9,0,-1,2,0,0,-1,0,0,0,0,0,0,2,1,-1,6,-1,56,9,1997,2,13,FORD KUGA,-1,-1,0,-1
2024302400984,2024,302400984,2,9,0,18,19,8,4,0,0,1,0,0,0,0,1,1,6,6,2,57,9,1499,2,5,FORD KUGA,5,E01013515,0,1
2024061466245,2024,061466245,2,9,0,-1,15,2,6,-1,0,0,0,0,0,0,0,2,-1,6,2,-1,-1,1997,2,10,FORD KUGA,5,E01005596,0,1
2024061408749,2024,061408749,1,9,0,-1,13,2,2,-1,0,1,1,0,0,0,4,1,-1,6,1,45,7,1498,1,6,FORD KUGA,3,E01004932,0,1
2024421405629,2024,421405629,1,9,0,-1,5,7,3,-1,0,0,0,0,0,0,4,1,-1,9,1,80,11,2488,8,3,FORD KUGA,8,E01021528,0,1
2024430491233,2024,430491233,1,9,0,18,19,5,1,0,0,4,0,0,0,0,1,1,6,6,2,32,6,1997,2,7,FORD KUGA,-1,-1,0,-1
2024421434600,2024,421434600,1,9,0,-1,9,5,3,-1,0,3,0,0,0,0,1,1,-1,6,1,60,9,1997,2,12,FORD KUGA,7,E01033056,0,1
2024471421458,2024,471421458,3,9,0,-1,19,8,4,-1,0,1,0,0,0,0,3,1,-1,6,1,36,7,1997,2,4,FORD KUGA,5,E01021100,0,4
2024041395193,2024,041395193,2,9,0,-1,19,1,5,-1,0,0,0,0,0,0,3,1,-1,9,1,39,7,1499,2,4,FORD KUGA,3,E01012691,0,2
2024201416820,2024,201416820,1,9,0,-1,19,2,6,-1,0,2,0,0,0,0,1,9,-1,9,1,63,9,1997,2,13,FORD KUGA,4,E01009779,0,3
2024201454502,2024,201454502,2,9,0,-1,19,5,1,-1,0,0,0,0,0,0,2,1,-1,6,2,27,6,1498,1,5,FORD KUGA,4,E01010254,0,1
2024122400565,2024,122400565,2,9,0,16,19,5,8,0,0,0,0,0,1,9,3,1,6,6,2,42,7,1997,2,11,FORD KUGA,8,E01034960,0,1
2024421407832,2024,421407832,1,9,0,-1,19,8,4,-1,0,0,0,7,0,0,1,1,-1,9,2,33,6,1997,2,6,FORD KUGA,2,E01001477,0,3
2024010532353,2024,010532353,1,9,0,9,9,5,2,0,0,1,0,0,0,0,3,1,1,1,1,52,8,1498,1,7,FORD KUGA,9,E01030856,0,1
2024411515831,2024,411515831,1,9,0,-1,4,1,5,-1,0,0,0,0,0,0,1,1,-1,6,2,36,7,1997,2,10,FORD KUGA,5,E01024086,0,5
2024061409424,2024,061409424,1,9,0,-1,19,1,5,-1,0,0,0,0,0,0,1,1,-1,9,1,42,7,1997,2,14,FORD KUGA,1,E01005564,0,1
2024522402053,2024,522402053,2,9,0,2,2,0,0,0,0,0,0,0,0,0,1,1,6,6,3,-1,-1,1997,2,14,FORD KUGA,-1,-1,0,-1
2024052401408,2024,052401408,2,9,0,18,19,8,4,0,0,1,0,0,0,0,1,1,2,2,1,31,6,1498,1,5,FORD KUGA,6,E01006773,0,1
2024010499217,2024,010499217,2,9,0,18,19,7,3,0,0,1,0,0,0,0,1,1,6,6,3,-1,-1,1997,2,6,FORD KUGA,-1,-1,0,-1
2024320666716,2024,320666716,1,9,0,9,9,2,7,0,0,5,0,0,0,0,4,1,6,6,2,23,5,1997,2,10,FORD KUGA,7,E01026179,0,3
2024501522557,2024,501522557,2,9,0,-1,19,2,6,-1,0,8,0,0,0,0,1,1,-1,7,2,35,6,1997,2,6,FORD KUGA,4,E01020325,0,2
2024141486509,2024,141486509,2,9,0,-1,5,3,7,-1,0,5,0,0,0,0,1,1,-1,6,3,-1,-1,1997,2,14,FORD KUGA,-1,-1,0,-1
2024070929715,2024,070929715,2,9,0,-1,5,1,1,-1,0,1,0,0,0,0,2,1,-1,6,2,55,8,1496,1,1,FORD KUGA,4,E01018594,0,4
2024131489256,2024,131489256,2,9,0,-1,19,1,5,-1,0,6,0,0,0,0,1,1,-1,9,2,42,7,2488,8,2,FORD KUGA,2,E01011919,0,1
2024101427800,2024,101427800,3,9,0,-1,3,1,5,-1,0,0,0,0,0,0,2,9,-1,2,2,37,7,1997,2,8,FORD KUGA,3,E01008654,0,1
2024052402568,2024,052402568,2,9,0,18,19,3,7,0,0,8,0,0,0,0,4,1,6,6,1,39,7,1997,2,5,FORD KUGA,6,E01006420,0,3
2024501474893,2024,501474893,1,9,0,-1,9,4,2,-1,0,1,0,0,0,0,2,1,-1,9,1,37,7,1496,1,1,FORD KUGA,7,E01024245,0,5
2024211536236,2024,211536236,2,9,0,-1,2,7,3,-1,0,2,0,0,0,0,3,1,-1,9,1,31,6,1997,2,10,FORD KUGA,-1,-1,0,-1
2024361454954,2024,361454954,1,9,0,-1,4,7,3,-1,0,1,0,0,0,0,1,9,-1,6,1,-1,-1,1997,2,11,FORD KUGA,1,E01026827,0,1
2024421531934,2024,421531934,4,9,0,-1,19,5,1,-1,0,0,0,0,0,0,2,1,-1,6,1,58,9,1997,2,8,FORD KUGA,4,E01021265,0,3
2024010541374,2024,010541374,3,9,0,18,19,3,7,0,0,1,0,0,0,0,2,1,6,6,2,34,6,1498,1,5,FORD KUGA,6,E01033785,0,1
2024440231044,2024,440231044,2,9,0,18,19,1,5,0,0,1,0,0,0,0,1,1,6,6,1,34,6,1498,1,6,FORD KUGA,10,E01022471,0,2
2024131491139,2024,131491139,1,9,0,-1,4,8,4,-1,0,0,0,0,0,0,1,1,-1,9,1,36,7,1596,1,10,FORD KUGA,4,E01011482,0,1
2024041520496,2024,041520496,2,9,0,-1,19,5,5,-1,0,1,0,0,0,0,3,2,-1,6,2,55,8,1997,2,6,FORD KUGA,9,E01024935,0,1
2024101415376,2024,101415376,2,9,0,-1,4,3,6,-1,0,8,0,0,0,0,2,1,-1,9,2,40,7,1498,1,7,FORD KUGA,8,E01008328,0,1