collision_index,collision_year,collision_ref_no,vehicle_reference,vehicle_type,towing_and_articulation,vehicle_manoeuvre_historic,vehicle_manoeuvre,vehicle_direction_from,vehicle_direction_to,vehicle_location_restricted_lane_historic,vehicle_location_restricted_lane,junction_location,skidding_and_overturning,hit_object_in_carriageway,vehicle_leaving_carriageway,hit_object_off_carriageway,first_point_of_impact,vehicle_left_hand_drive,journey_purpose_of_driver_historic,journey_purpose_of_driver,sex_of_driver,age_of_driver,age_band_of_driver,engine_capacity_cc,propulsion_code,age_of_vehicle,generic_make_model,driver_imd_decile,lsoa_of_driver,escooter_flag,driver_distance_banding
2024201464388,2024,201464388,2,9,0,-1,7,3,5,-1,0,6,0,0,0,0,3,1,-1,6,2,37,7,1997,2,10,FORD KUGA,2,E01033887,0,1
2024421503246,2024,421503246,1,9,0,-1,19,1,5,-1,0,0,0,4,0,0,1,9,-1,6,3,30,6,2488,8,0,FORD KUGA,-1,-1,0,-1
2024010510507,2024,010510507,1,9,0,3,3,5,1,0,0,2,0,0,0,0,1,1,1,1,1,55,8,2488,8,1,FORD KUGA,3,E01033862,0,1
2024332401067,2024,332401067,2,9,0,-1,19,1,6,-1,0,8,0,0,0,0,1,1,-1,6,1,49,8,1498,1,5,FORD KUGA,5,E01013784,0,1
2024501434170,2024,501434170,2,9,0,-1,19,7,3,-1,0,1,5,0,0,0,3,1,-1,9,1,37,7,1498,1,5,FORD KUGA,6,E01029195,0,4
2024531501561,2024,531501561,2,9,0,-1,19,1,5,-1,0,0,0,0,0,0,2,1,-1,1,2,43,7,1997,2,10,FORD KUGA,4,E01022331,0,2
2024311481899,2024,311481899,2,9,0,-1,4,4,7,-1,0,1,0,0,0,0,1,1,-1,9,1,29,6,1997,2,9,FORD KUGA,2,E01013823,0,1
2024010527590,2024,010527590,1,9,0,18,19,5,1,0,0,0,0,0,0,0,1,1,6,6,1,51,8,2488,8,0,FORD KUGA,3,E01016014,0,3
2024440116585,2024,440116585,1,9,0,7,7,1,3,0,0,8,0,0,0,0,1,1,6,6,2,52,8,1496,1,2,FORD KUGA,8,E01017057,0,1
2024211497222,2024,211497222,2,9,0,-1,19,8,4,-1,0,0,0,0,0,0,1,1,-1,9,2,36,7,1997,2,8,FORD KUGA,-1,-1,0,-1
2024311454972,2024,311454972,1,9,0,-1,19,3,7,-1,0,0,1,11,0,0,1,1,-1,6,1,51,8,2488,8,1,FORD KUGA,1,E01007809,0,4
2024131529104,2024,131529104,1,9,0,-1,4,7,3,-1,0,8,0,0,0,0,1,1,-1,7,1,31,6,1499,2,5,FORD KUGA,1,E01011746,0,1
2024421446413,2024,421446413,1,9,0,-1,19,3,7,-1,9,1,0,0,0,0,1,1,-1,6,1,17,4,1997,2,10,FORD KUGA,1,E01015880,0,1
2024141431770,2024,141431770,1,9,0,-1,19,1,5,-1,0,2,0,0,0,0,1,1,-1,7,1,50,8,2488,8,3,FORD KUGA,3,E01019797,0,3
2024332400078,2024,332400078,1,9,0,-1,7,3,5,-1,0,6,0,0,0,0,1,1,-1,6,2,46,8,1997,2,8,FORD KUGA,10,E01025648,0,1
2024440205619,2024,440205619,1,9,0,18,19,8,4,0,0,0,0,0,0,0,1,1,6,6,1,56,9,2488,8,1,FORD KUGA,-1,-1,0,-1
2024371529072,2024,371529072,2,9,0,-1,4,1,5,-1,0,0,0,0,0,0,1,1,-1,6,1,36,7,2488,8,1,FORD KUGA,9,E01030268,0,1
2024361446134,2024,361446134,2,9,0,-1,19,4,1,-1,0,0,0,0,0,0,1,1,-1,6,2,28,6,1997,2,11,FORD KUGA,5,E01026538,0,1
2024131394055,2024,131394055,2,9,0,-1,19,3,7,-1,0,0,0,0,0,0,1,1,-1,9,1,74,10,1498,1,9,FORD KUGA,6,E01011308,0,1
2024302400241,2024,302400241,2,9,0,18,19,2,6,1,1,0,1,0,1,1,3,1,6,6,1,44,7,1997,2,9,FORD KUGA,10,E01019653,0,4
2024631505380,2024,631505380,2,9,0,-1,19,4,8,-1,0,0,0,0,0,0,3,1,-1,2,2,38,7,1997,2,9,FORD KUGA,5,W01000559,0,1
2024461520573,2024,461520573,2,9,0,-1,5,3,2,-1,0,6,0,0,0,0,1,1,-1,6,2,81,11,1499,2,5,FORD KUGA,7,E01024232,0,1
2024201442028,2024,201442028,1,9,0,-1,19,2,6,-1,0,1,0,0,0,0,1,1,-1,2,2,61,9,1997,2,11,FORD KUGA,7,E01009771,0,1
2024061505382,2024,061505382,2,9,0,-1,2,2,1,-1,0,0,0,0,0,0,2,1,-1,9,2,31,6,1498,1,7,FORD KUGA,2,E01006218,0,1
2024440326067,2024,440326067,2,9,0,18,19,7,3,0,0,1,0,0,0,0,1,1,6,6,2,30,6,1499,2,3,FORD KUGA,5,E01022556,0,4
2024461461152,2024,461461152,1,9,0,-1,9,7,3,-1,0,1,0,0,0,0,3,9,-1,6,2,-1,-1,1496,1,1,FORD KUGA,5,E01024815,0,2
2024052400738,2024,052400738,1,9,0,18,19,1,5,0,0,0,0,0,0,0,1,1,6,6,1,66,10,1997,2,8,FORD KUGA,10,E01018377,0,4
2024010549177,2024,010549177,2,9,9,99,99,9,9,99,99,9,9,99,9,99,9,9,6,6,3,-1,-1,1496,1,3,FORD KUGA,-1,-1,0,-1
2024010527720,2024,010527720,1,9,0,9,9,3,1,0,0,6,0,0,0,0,1,1,6,6,2,32,6,2488,8,0,FORD KUGA,2,E01003128,0,1
2024101422092,2024,101422092,1,9,0,-1,4,5,1,-1,0,0,0,0,0,0,1,9,-1,6,1,-1,-1,1997,2,12,FORD KUGA,-1,-1,0,-1
2024311513273,2024,311513273,1,9,0,-1,9,1,3,-1,0,1,0,0,0,0,4,1,-1,9,1,61,9,1499,2,5,FORD KUGA,-1,-1,0,-1
2024411457539,2024,411457539,2,9,0,-1,3,3,5,-1,0,4,0,0,0,0,2,1,-1,9,1,31,6,1499,2,6,FORD KUGA,6,E01023306,0,1
2024221486583,2024,221486583,2,9,0,-1,19,7,3,-1,0,0,0,0,0,0,1,1,-1,1,1,51,8,1995,2,1,FORD KUGA,3,E01033247,0,1
2024320180983,2024,320180983,1,9,0,9,9,3,2,9,9,6,0,0,0,0,4,1,1,1,1,68,10,2488,8,2,FORD KUGA,1,E01026083,0,1
2024421396002,2024,421396002,1,9,0,-1,9,1,7,-1,0,6,0,0,0,0,1,1,-1,9,1,59,9,2488,8,2,FORD KUGA,2,E01015820,0,1
2024122400520,2024,122400520,1,9,0,16,19,8,3,0,0,1,0,0,0,0,1,1,6,6,2,57,9,1997,2,10,FORD KUGA,9,E01027897,0,1
2024010509861,2024,010509861,4,9,0,2,2,0,0,9,9,0,0,0,0,0,3,1,6,6,3,-1,-1,1498,1,5,FORD KUGA,-1,-1,0,-1
2024451436220,2024,451436220,2,9,0,-1,19,2,6,-1,0,0,0,0,0,0,2,1,-1,2,1,32,6,1997,2,13,FORD KUGA,7,E01030648,0,2
2024991534525,2024,991534525,1,9,0,-1,19,7,3,-1,0,0,0,0,0,0,1,1,-1,9,2,33,6,1997,2,13,FORD KUGA,1,-1,0,1
2024440410994,2024,440410994,1,9,0,9,9,2,8,0,0,6,0,0,0,0,0,1,6,6,1,75,10,1498,1,6,FORD KUGA,6,E01022941,0,1
2024010549440,2024,010549440,1,9,0,3,3,7,3,0,0,1,0,0,0,0,2,1,6,6,1,40,7,1997,2,9,FORD KUGA,3,E01034201,0,1
2024411509910,2024,411509910,2,9,-1,-1,-1,-1,-1,-1,-1,-1,-1,-1,-1,0,-1,9,-1,9,1,52,8,1496,1,2,FORD KUGA,5,E01035292,0,4
2024421530066,2024,421530066,1,9,0,-1,19,1,5,-1,0,0,0,0,0,0,1,1,-1,6,3,-1,-1,1997,2,15,FORD KUGA,-1,-1,0,-1
2024010535198,2024,010535198,3,9,0,4,4,3,7,0,0,0,0,4,0,0,2,1,6,6,2,33,6,1498,1,6,FORD KUGA,4,E01024162,0,2
2024031468898,2024,031468898,2,9,3,-1,19,5,1,-1,0,0,0,0,0,0,2,1,-1,9,1,73,10,1995,2,3,FORD KUGA,-1,-1,0,-1
2024161467948,2024,161467948,1,9,0,-1,19,1,6,-1,0,0,0,0,0,0,4,1,-1,9,2,29,6,1498,1,6,FORD KUGA,5,E01013285,0,1
2024471475638,2024,471475638,1,9,0,-1,19,4,8,-1,0,2,0,0,0,0,1,1,-1,9,2,63,9,1498,1,5,FORD KUGA,7,E01021170,0,1
2024031397709,2024,031397709,1,9,0,-1,19,3,7,-1,0,2,0,0,0,0,1,1,-1,2,2,31,6,1997,2,8,FORD KUGA,3,E01025097,0,4
2024122401151,2024,122401151,3,9,0,4,4,2,6,0,0,0,0,0,0,0,1,1,1,1,2,33,6,1997,2,7,FORD KUGA,8,E01013407,0,1
2024131520572,2024,131520572,1,9,0,-1,19,1,5,-1,0,2,1,0,0,0,1,1,-1,9,1,25,5,1997,2,8,FORD KUGA,2,E01010799,0,1
2024221419472,2024,221419472,4,9,0,-1,2,0,0,-1,0,2,0,0,0,0,3,1,-1,9,1,59,9,2488,8,2,FORD KUGA,6,E01032480,0,2
2024461508199,2024,461508199,1,9,0,-1,5,3,4,-1,0,0,0,0,0,0,3,9,-1,6,2,51,8,1498,1,5,FORD KUGA,5,E01016158,0,1
2024320429724,2024,320429724,2,9,0,7,7,8,2,0,0,5,0,0,0,0,1,1,-1,-1,1,60,9,1997,2,5,FORD KUGA,5,E01032995,0,1
2024991473813,2024,991473813,3,9,0,-1,9,3,1,-1,0,8,0,0,0,0,1,1,-1,1,1,25,5,1995,2,2,FORD KUGA,-1,-1,0,-1
2024421532557,2024,421532557,1,9,0,-1,7,3,5,-1,9,6,0,0,0,0,1,1,-1,6,2,62,9,1997,2,10,FORD KUGA,4,E01021956,0,1
2024401407543,2024,401407543,2,9,0,-1,-1,-1,-1,-1,0,3,0,0,0,0,-1,9,-1,2,2,38,7,1596,1,11,FORD KUGA,5,E01016803,0,3
2024010519850,2024,010519850,2,9,0,99,99,9,9,99,99,1,9,99,9,99,2,9,6,6,2,51,8,2488,8,1,FORD KUGA,10,E01000423,0,2
2024041451144,2024,041451144,2,9,0,-1,4,3,7,-1,0,0,0,0,0,0,2,1,-1,9,1,60,9,1498,1,7,FORD KUGA,4,E01012634,0,3
2024471458829,2024,471458829,2,9,0,-1,9,3,7,-1,0,5,0,0,0,0,1,1,-1,6,2,48,8,2488,8,2,FORD KUGA,10,E01031703,0,2
2024421489900,2024,421489900,2,9,0,-1,19,1,5,-1,0,4,0,0,0,0,1,1,-1,9,1,39,7,1496,1,0,FORD KUGA,2,E01002277,0,4
2024552400949,2024,552400949,2,9,0,4,4,3,7,0,0,0,0,0,0,0,2,1,6,6,1,59,9,1498,1,5,FORD KUGA,6,E01017176,0,4
2024631461674,2024,631461674,1,9,0,-1,9,6,3,-1,0,5,0,0,0,0,3,1,-1,6,2,71,10,1997,2,9,FORD KUGA,3,W01000688,0,1
2024991532107,2024,991532107,1,9,0,-1,9,3,8,-1,9,5,0,0,0,0,1,1,-1,1,1,41,7,1498,1,6,FORD KUGA,-1,-1,0,-1
2024440543449,2024,440543449,1,9,0,18,19,2,6,0,0,4,0,0,0,0,1,1,6,6,2,62,9,1997,2,13,FORD KUGA,5,E01017243,0,1
2024131479608,2024,131479608,1,9,0,-1,19,5,1,-1,0,0,0,0,0,0,1,1,-1,9,1,62,9,1499,2,6,FORD KUGA,2,E01006451,0,4
2024010526368,2024,010526368,1,9,0,18,19,1,5,0,0,1,0,0,0,0,1,1,2,2,1,51,8,1498,1,8,FORD KUGA,7,E01024316,0,4
2024421468986,2024,421468986,2,9,0,-1,4,3,7,-1,0,0,0,0,0,0,1,1,-1,6,2,43,7,1997,2,10,FORD KUGA,3,E01021358,0,1
2024421523838,2024,421523838,2,9,0,-1,2,0,0,-1,9,0,0,0,0,0,1,1,-1,6,-1,-1,-1,1997,2,8,FORD KUGA,-1,-1,0,-1
2024010511969,2024,010511969,1,9,0,10,10,7,5,1,1,1,0,0,0,0,2,1,2,2,2,48,8,1997,2,8,FORD KUGA,5,E01023806,0,3
2024201534092,2024,201534092,1,9,0,-1,19,6,2,-1,0,0,0,0,0,0,1,1,-1,6,1,45,7,1997,2,8,FORD KUGA,1,E01009173,0,1
2024471443111,2024,471443111,2,9,0,-1,3,7,3,-1,0,0,0,0,0,0,2,1,-1,6,2,32,6,1997,2,9,FORD KUGA,8,E01021180,0,3
2024111447526,2024,111447526,1,9,0,-1,4,3,7,-1,9,0,0,0,7,0,3,1,-1,9,2,72,10,1997,2,8,FORD KUGA,1,E01020901,0,1
2024421510033,2024,421510033,1,9,0,-1,19,1,5,-1,0,0,0,0,0,0,4,1,-1,2,2,43,7,1997,2,9,FORD KUGA,3,E01021321,0,1
2024141508285,2024,141508285,2,9,0,-1,5,4,6,-1,0,6,0,0,0,0,1,9,-1,6,1,35,6,1498,1,6,FORD KUGA,-1,-1,0,-1
2024440097207,2024,440097207,3,9,0,18,19,8,4,0,0,0,0,0,0,0,1,1,6,6,1,34,6,1995,2,3,FORD KUGA,5,E01034556,0,2
2024371404355,2024,371404355,2,9,0,-1,19,7,3,-1,0,1,0,0,0,0,1,1,-1,1,1,37,7,1496,1,2,FORD KUGA,10,E01030050,0,1
2024351525540,2024,351525540,1,9,0,-1,3,2,5,-1,0,0,0,0,0,0,2,1,-1,6,1,74,10,2488,8,4,FORD KUGA,10,E01018155,0,1
2024501508939,2024,501508939,1,9,0,-1,19,8,4,-1,0,1,0,0,0,0,1,1,-1,1,2,20,4,1995,2,1,FORD KUGA,1,E01018995,0,1
2024010502078,2024,010502078,1,9,0,18,19,7,3,0,0,0,0,0,0,0,3,1,6,6,1,31,6,1995,2,2,FORD KUGA,3,E01003581,0,1
2024311411341,2024,311411341,1,9,0,-1,9,2,8,-1,0,1,0,0,0,0,4,1,-1,6,2,77,11,1997,2,14,FORD KUGA,8,E01028358,0,2
2024421523838,2024,421523838,3,9,0,-1,2,0,0,-1,9,0,0,0,0,0,3,1,-1,6,-1,-1,-1,1997,2,12,FORD KUGA,-1,-1,0,-1
2024461433726,2024,461433726,2,9,0,-1,2,0,0,-1,5,2,0,0,0,0,2,1,-1,6,-1,-1,-1,1997,2,6,FORD KUGA,-1,-1,0,-1
2024451409063,2024,451409063,2,9,0,-1,19,5,1,-1,0,0,0,0,0,0,1,1,-1,9,1,72,10,1997,2,8,FORD KUGA,8,E01018153,0,5
2024522402432,2024,522402432,2,9,0,5,5,9,9,0,0,6,0,0,0,0,9,1,6,6,2,-1,-1,1499,2,6,FORD KUGA,2,E01014630,0,1
2024461445016,2024,461445016,2,9,0,-1,19,1,5,-1,0,8,0,0,0,0,4,9,-1,6,2,40,7,1997,2,10,FORD KUGA,4,E01016151,0,1
2024231433027,2024,231433027,4,9,0,-1,2,0,0,-1,9,0,0,0,0,0,2,9,-1,7,2,43,7,1997,2,9,FORD KUGA,5,E01031159,0,1
2024010503339,2024,010503339,1,9,0,9,9,3,8,0,0,8,0,0,0,0,3,1,2,2,1,66,10,1498,1,8,FORD KUGA,8,E01003460,0,1
2024411578127,2024,411578127,3,9,0,-1,4,7,3,-1,0,0,1,7,4,0,2,1,-1,6,1,66,10,2488,8,0,FORD KUGA,6,E01018300,0,4
2024991396195,2024,991396195,2,9,0,-1,19,1,5,-1,0,0,0,0,0,0,1,1,-1,6,2,38,7,1997,2,14,FORD KUGA,5,-1,0,1
2024010521578,2024,010521578,2,9,0,4,4,5,1,0,0,0,0,0,0,0,0,2,6,6,1,-1,-1,1496,1,1,FORD KUGA,4,E01004259,0,1
2024201434609,2024,201434609,1,9,0,-1,1,8,2,-1,0,0,0,0,0,0,2,9,-1,6,1,-1,-1,1997,2,13,FORD KUGA,-1,-1,0,-1
2024430630352,2024,430630352,1,9,0,3,3,7,3,0,0,0,0,0,0,0,2,1,6,6,1,65,9,2488,8,1,FORD KUGA,10,E01035239,0,1
2024411473688,2024,411473688,2,9,-1,-1,-1,-1,-1,-1,-1,0,-1,-1,-1,0,2,9,-1,9,2,60,9,1995,2,4,FORD KUGA,5,E01024198,0,5
2024041424487,2024,041424487,1,9,0,-1,7,4,6,-1,0,8,0,0,0,0,3,1,-1,6,1,66,10,2488,8,2,FORD KUGA,4,E01025360,0,1
2024052402740,2024,052402740,1,9,0,18,19,7,3,0,0,6,0,0,0,0,3,1,2,2,2,43,7,2488,8,0,FORD KUGA,2,E01006492,0,1
2024010544816,2024,010544816,1,9,0,18,19,6,2,0,0,8,0,0,0,0,1,1,6,6,2,43,7,2488,8,0,FORD KUGA,5,E01004371,0,1
2024141458795,2024,141458795,1,9,0,-1,19,6,2,-1,0,4,0,0,0,0,2,1,-1,9,1,34,6,1496,1,1,FORD KUGA,5,E01019502,0,4
2024010544704,2024,010544704,1,9,0,99,99,9,9,99,99,9,9,99,9,99,9,9,2,2,2,35,6,2488,8,0,FORD KUGA,4,E01015947,0,4
2024010521105,2024,010521105,1,9,0,18,19,5,1,0,0,0,0,0,0,0,1,1,2,2,2,59,9,1498,1,7,FORD KUGA,10,E01000814,0,2
2024361413370,2024,361413370,2,9,0,-1,5,1,6,-1,0,0,0,0,0,0,4,9,-1,6,1,69,10,1997,2,7,FORD KUGA,6,E01026446,0,1
2024302401186,2024,302401186,2,9,0,18,19,7,3,0,0,8,2,0,7,0,3,1,6,6,1,76,11,1997,2,7,FORD KUGA,4,E01027945,0,4
2024361414657,2024,361414657,2,9,0,-1,4,7,3,-1,0,0,0,0,0,0,2,1,-1,9,2,42,7,1496,1,1,FORD KUGA,4,E01026713,0,2
2024052400060,2024,052400060,1,9,0,16,19,5,1,0,0,0,2,0,5,11,1,1,6,6,1,29,6,1496,1,1,FORD KUGA,2,E01006786,0,1
2024010551071,2024,010551071,1,9,0,99,99,9,9,99,99,9,9,99,9,99,2,9,6,6,1,44,7,2488,8,3,FORD KUGA,3,E01030608,0,3
2024461397748,2024,461397748,1,9,0,-1,19,2,5,-1,0,0,0,0,0,0,3,1,-1,6,1,48,8,1997,2,11,FORD KUGA,7,E01016123,0,1
2024461495005,2024,461495005,2,9,0,-1,5,3,7,-1,0,0,0,0,0,0,3,1,-1,6,1,29,6,1997,2,15,FORD KUGA,2,E01024066,0,1
2024131445729,2024,131445729,2,9,0,-1,2,0,0,-1,0,1,0,0,0,0,4,1,-1,9,2,31,6,1498,1,5,FORD KUGA,3,E01010949,0,1
2024622400709,2024,622400709,2,9,0,18,19,8,4,0,0,1,0,0,0,0,1,1,1,1,1,82,11,1496,1,0,FORD KUGA,5,W01001281,0,1
2024052400963,2024,052400963,2,9,0,18,19,7,3,0,0,1,5,0,0,0,3,1,6,6,2,22,5,1997,2,6,FORD KUGA,1,E01006709,0,1
2024461427170,2024,461427170,1,9,0,-1,4,3,7,-1,0,4,0,0,0,0,1,1,-1,1,1,27,6,2488,8,1,FORD KUGA,-1,-1,0,-1
2024041449044,2024,041449044,1,9,0,-1,13,1,5,-1,0,0,0,0,0,0,1,1,-1,9,1,61,9,1997,2,5,FORD KUGA,5,E01025053,0,2
2024351455788,2024,351455788,1,9,0,-1,19,1,4,-1,9,0,0,0,1,11,1,1,-1,6,2,32,6,1997,2,5,FORD KUGA,2,E01015668,0,1
2024411526514,2024,411526514,1,9,0,-1,9,3,1,-1,0,4,0,0,0,0,1,1,-1,6,1,44,7,2488,8,2,FORD KUGA,6,E01023317,0,3
2024211521797,2024,211521797,2,9,0,-1,19,1,5,-1,0,0,0,11,0,0,1,1,-1,6,2,59,9,1997,2,6,FORD KUGA,6,E01014264,0,2
2024010543321,2024,010543321,1,9,0,18,19,8,4,0,0,2,1,10,1,0,1,1,6,6,1,15,3,2488,8,0,FORD KUGA,8,E01004352,0,1
2024141455888,2024,141455888,3,9,0,-1,2,5,5,-1,9,0,0,0,0,0,1,2,-1,6,-1,-1,-1,1997,2,6,FORD KUGA,-1,-1,0,-1
2024991444081,2024,991444081,2,9,0,-1,19,2,6,-1,0,0,1,0,0,0,3,1,-1,1,2,42,7,1498,1,8,FORD KUGA,5,-1,0,1
2024061505606,2024,061505606,5,9,0,-1,2,0,0,-1,0,0,0,0,0,0,0,1,-1,6,-1,-1,-1,1997,2,10,FORD KUGA,-1,-1,0,-1
2024991502114,2024,991502114,1,9,0,-1,19,5,1,-1,0,2,0,0,0,0,1,1,-1,6,1,33,6,1499,2,6,FORD KUGA,9,-1,0,3
2024061490665,2024,061490665,2,9,0,-1,19,8,2,-1,0,8,0,0,0,0,4,1,-1,9,1,79,11,1498,1,5,FORD KUGA,7,E01005555,0,1
2024211472558,2024,211472558,2,9,0,-1,19,2,6,-1,0,1,1,0,0,0,4,9,-1,6,2,41,7,1496,1,1,FORD KUGA,4,E01014259,0,1
2024041394508,2024,041394508,2,9,0,-1,2,5,1,-1,0,0,0,0,0,0,3,1,-1,6,-1,-1,-1,1499,2,6,FORD KUGA,-1,-1,0,-1
2024010544267,2024,010544267,1,9,0,2,2,0,0,9,9,0,0,0,0,0,1,1,6,6,3,-1,-1,1499,2,6,FORD KUGA,-1,-1,0,-1
2024010549586,2024,010549586,1,9,0,99,99,9,9,99,99,0,9,99,9,99,9,9,6,6,2,25,5,1498,1,5,FORD KUGA,8,E01002372,0,1
2024010532223,2024,010532223,1,9,0,99,99,9,9,99,99,9,9,99,9,99,9,9,6,6,1,79,11,2488,8,0,FORD KUGA,10,E01021242,0,4
2024211413023,2024,211413023,1,9,0,-1,19,1,5,-1,0,0,0,0,0,0,1,1,-1,9,2,42,7,1499,2,6,FORD KUGA,4,E01029535,0,1
2024340WN3712,2024,340WN3712,1,9,0,-1,19,1,5,-1,0,0,0,0,0,0,1,1,-1,9,1,46,8,1997,2,9,FORD KUGA,10,E01035405,0,1
2024461419193,2024,461419193,2,9,0,-1,4,1,5,-1,0,0,0,0,0,0,2,9,-1,2,2,32,6,1997,2,8,FORD KUGA,1,E01024616,0,4
2024531508349,2024,531508349,2,9,0,-1,7,4,8,-1,0,2,0,0,0,0,2,9,-1,2,2,39,7,1498,1,5,FORD KUGA,8,E01022255,0,1
2024131534511,2024,131534511,1,9,0,-1,19,3,7,-1,0,0,0,0,0,0,3,1,-1,6,1,73,10,2488,8,1,FORD KUGA,6,E01011127,0,1
2024320474198,2024,320474198,2,9,0,-1,-1,8,4,0,0,1,0,0,0,0,1,1,-1,-1,1,62,9,1997,2,9,FORD KUGA,4,E01026327,0,1
2024471526643,2024,471526643,2,9,0,-1,19,1,7,-1,0,8,0,0,0,0,2,1,-1,6,2,-1,-1,1997,2,9,FORD KUGA,7,E01030583,0,2
2024052400906,2024,052400906,2,9,0,18,19,2,6,0,0,8,0,0,0,0,3,1,2,2,1,54,8,1997,2,9,FORD KUGA,2,E01006510,0,1
2024302400965,2024,302400965,1,9,0,4,4,8,4,0,0,1,0,0,0,0,1,1,6,6,1,40,7,1498,1,6,FORD KUGA,1,E01019796,0,2
2024461506697,2024,461506697,1,9,0,-1,19,3,7,-1,0,0,0,0,0,0,1,1,-1,9,1,31,6,1997,2,10,FORD KUGA,4,E01035005,0,3
2024622400411,2024,622400411,1,9,0,18,19,3,7,0,0,0,0,0,1,0,1,1,6,6,2,77,11,1997,2,4,FORD KUGA,2,W01001942,0,2
2024991395237,2024,991395237,1,9,0,-1,1,5,5,-1,0,1,0,0,0,0,2,1,-1,2,2,54,8,1499,2,6,FORD KUGA,2,-1,0,1
2024131412310,2024,131412310,1,9,0,-1,19,-1,-1,-1,0,0,0,4,0,0,4,1,-1,6,3,-1,-1,1997,2,9,FORD KUGA,-1,-1,0,-1
2024201500543,2024,201500543,1,9,0,-1,19,8,4,-1,0,1,0,0,0,0,1,2,-1,6,1,24,5,2488,8,0,FORD KUGA,-1,-1,0,-1
2024501501983,2024,501501983,1,9,0,-1,5,7,3,-1,0,2,0,4,0,0,4,1,-1,9,2,77,11,1997,2,10,FORD KUGA,2,E01015186,0,1
2024421515546,2024,421515546,1,9,0,-1,9,6,4,-1,0,1,0,0,0,0,3,1,-1,6,1,60,9,2488,8,0,FORD KUGA,3,E01016173,0,4
2024101515149,2024,101515149,4,9,0,-1,19,1,5,-1,0,0,0,0,0,0,1,1,-1,1,1,31,6,1997,2,12,FORD KUGA,10,E01012926,0,5
2024061468242,2024,061468242,2,9,0,-1,19,4,2,-1,0,0,0,0,0,0,1,1,-1,6,1,78,11,1498,1,9,FORD KUGA,3,E01005872,0,1
2024501472202,2024,501472202,2,9,0,-1,19,3,7,-1,0,0,0,0,0,0,0,9,-1,6,2,43,7,1496,1,2,FORD KUGA,5,E01020122,0,2
2024131434868,2024,131434868,1,9,0,-1,9,5,3,-1,0,1,0,0,0,0,4,1,-1,7,2,57,9,1498,1,8,FORD KUGA,1,E01011358,0,1
2024201518238,2024,201518238,1,9,0,-1,19,6,2,-1,0,1,0,0,0,0,1,1,-1,6,1,67,10,1997,2,9,FORD KUGA,-1,-1,0,-1
2024332400069,2024,332400069,2,9,0,-1,19,8,4,-1,0,8,5,0,7,3,1,1,-1,6,1,63,9,2488,8,2,FORD KUGA,9,E01033533,0,3
2024052400957,2024,052400957,5,9,0,2,2,0,0,0,0,1,0,4,0,0,3,1,6,6,3,-1,-1,1499,2,5,FORD KUGA,-1,-1,0,-1
2024610036524,2024,610036524,1,9,0,7,7,1,3,0,0,1,0,0,0,0,1,1,6,6,1,51,8,1997,2,8,FORD KUGA,4,W01001440,0,1
2024522402850,2024,522402850,2,9,0,9,9,3,1,0,0,6,0,0,0,0,1,1,6,6,3,-1,-1,1997,2,14,FORD KUGA,-1,-1,0,-1
2024052402679,2024,052402679,1,9,0,7,7,8,3,0,0,6,0,0,0,0,1,1,2,2,1,67,10,1496,1,4,FORD KUGA,10,E01007199,0,1
2024531461362,2024,531461362,2,9,0,-1,19,8,4,-1,0,0,0,0,0,0,1,1,-1,9,2,55,8,1997,2,9,FORD KUGA,10,E01022389,0,2
2024201534268,2024,201534268,1,9,0,-1,9,7,5,-1,0,6,0,0,0,0,1,1,-1,6,1,30,6,1997,2,10,FORD KUGA,1,E01010076,0,1
2024041474662,2024,041474662,1,9,0,-1,19,7,3,-1,0,0,0,4,0,0,1,1,-1,2,1,44,7,1997,2,14,FORD KUGA,2,E01025521,0,1
2024141411730,2024,141411730,2,9,0,-1,19,5,1,-1,0,1,0,0,0,0,1,1,-1,9,1,32,6,1997,2,10,FORD KUGA,8,E01007362,0,1
2024421481931,2024,421481931,3,9,0,-1,19,3,3,-1,0,0,0,0,0,0,2,1,-1,9,2,44,7,1997,2,11,FORD KUGA,9,E01021383,0,4
2024411536282,2024,411536282,1,9,0,-1,9,1,7,-1,0,8,0,0,0,0,1,1,-1,6,1,53,8,1997,2,14,FORD KUGA,7,E01023445,0,2
2024010498164,2024,010498164,1,9,0,18,19,1,5,0,0,0,0,0,0,0,3,1,6,6,2,38,7,1498,1,5,FORD KUGA,10,E01030387,0,1
2024161508208,2024,161508208,2,9,0,-1,9,4,2,-1,0,8,0,0,0,0,4,1,-1,9,2,40,7,1498,1,5,FORD KUGA,3,E01034752,0,1
2024552400114,2024,552400114,3,9,0,4,4,4,8,0,0,0,0,0,0,0,2,1,6,6,1,40,7,1997,2,10,FORD KUGA,9,E01034378,0,4
2024041431971,2024,041431971,1,9,0,-1,7,5,7,-1,0,0,0,0,0,0,1,1,-1,2,1,37,7,1496,1,1,FORD KUGA,4,E01025394,0,1
2024522403022,2024,522403022,1,9,0,18,19,7,3,0,0,2,0,0,0,0,4,1,6,6,1,79,11,2488,8,1,FORD KUGA,7,E01014734,0,1
2024041421500,2024,041421500,3,9,0,-1,7,1,7,-1,0,1,0,0,0,0,2,1,-1,9,1,46,8,1496,1,3,FORD KUGA,9,E01011456,0,4