collision_index,collision_year,collision_ref_no,vehicle_reference,vehicle_type,towing_and_articulation,vehicle_manoeuvre_historic,vehicle_manoeuvre,vehicle_direction_from,vehicle_direction_to,vehicle_location_restricted_lane_historic,vehicle_location_restricted_lane,junction_location,skidding_and_overturning,hit_object_in_carriageway,vehicle_leaving_carriageway,hit_object_off_carriageway,first_point_of_impact,vehicle_left_hand_drive,journey_purpose_of_driver_historic,journey_purpose_of_driver,sex_of_driver,age_of_driver,age_band_of_driver,engine_capacity_cc,propulsion_code,age_of_vehicle,generic_make_model,driver_imd_decile,lsoa_of_driver,escooter_flag,driver_distance_banding
2024141460509,2024,141460509,2,9,0,-1,19,6,2,-1,0,8,0,0,0,0,3,1,-1,6,1,54,8,1499,2,6,FORD KUGA,9,E01028047,0,3
2024141444104,2024,141444104,1,9,0,-1,19,5,1,-1,0,0,0,0,0,0,3,9,-1,1,1,46,8,1499,2,7,FORD KUGA,7,E01007831,0,3
2024201401203,2024,201401203,1,9,0,-1,19,4,4,-1,0,6,0,0,0,0,4,1,-1,6,2,-1,-1,1997,2,10,FORD KUGA,-1,-1,0,-1
2024451436569,2024,451436569,2,9,0,-1,19,3,7,-1,0,8,2,0,6,0,1,1,-1,9,2,33,6,1499,2,5,FORD KUGA,7,E01030956,0,1
2024430428596,2024,430428596,2,9,0,18,19,6,2,0,0,2,0,0,0,0,4,1,6,6,2,39,7,1499,2,4,FORD KUGA,5,E01028556,0,1
2024991463356,2024,991463356,1,9,0,-1,19,5,1,-1,0,0,1,0,0,0,1,1,-1,2,2,61,9,1496,1,2,FORD KUGA,-1,-1,0,-1
2024010497713,2024,010497713,2,9,9,99,99,9,9,99,99,0,9,99,9,99,9,9,6,6,1,48,8,1997,2,8,FORD KUGA,8,E01002269,0,1
2024041444882,2024,041444882,2,9,0,-1,5,7,3,-1,0,6,1,0,0,0,1,1,-1,6,1,25,5,1997,2,9,FORD KUGA,4,E01025394,0,1
2024461496010,2024,461496010,3,9,0,-1,19,7,7,-1,0,0,0,0,0,0,3,1,-1,9,2,58,9,1499,2,2,FORD KUGA,10,E01024348,0,4
2024332400586,2024,332400586,2,9,0,-1,9,7,5,-1,0,6,0,0,0,0,1,1,-1,9,2,74,10,1499,2,5,FORD KUGA,7,E01025848,0,2
2024351443940,2024,351443940,1,9,0,-1,19,5,3,-1,0,3,0,0,0,0,4,1,-1,1,1,35,6,1997,2,10,FORD KUGA,10,E01026364,0,4
202454D846424,2024,54D846424,1,9,0,18,19,5,1,0,0,0,0,0,7,1,1,1,6,6,1,56,9,1997,2,10,FORD KUGA,6,E01016212,0,4
2024010512130,2024,010512130,2,9,0,4,4,3,7,0,0,1,0,0,0,0,2,1,6,6,2,49,8,1496,1,2,FORD KUGA,-1,-1,0,-1
2024351424572,2024,351424572,2,9,0,-1,4,2,6,-1,0,1,0,0,0,0,2,1,-1,6,2,59,9,1499,2,4,FORD KUGA,2,E01018068,0,3
2024010520249,2024,010520249,1,9,5,5,5,5,1,0,0,7,0,0,0,0,1,1,6,6,1,35,6,1997,2,7,FORD KUGA,3,E01000108,0,1
2024302400858,2024,302400858,2,9,0,18,19,1,5,0,0,8,0,0,0,0,3,1,6,6,1,63,9,1997,2,5,FORD KUGA,4,E01019822,0,1
2024070092161,2024,070092161,2,9,0,18,19,3,7,0,0,0,0,0,0,0,2,1,6,6,2,40,7,1496,1,1,FORD KUGA,3,E01029787,0,4
2024320709274,2024,320709274,2,9,0,-1,-1,8,4,0,0,0,0,0,1,0,3,1,6,6,2,60,9,2488,8,1,FORD KUGA,-1,-1,0,-1
2024221471295,2024,221471295,1,9,0,-1,3,7,2,-1,0,0,0,0,0,0,2,1,-1,6,2,40,7,1997,2,14,FORD KUGA,2,E01032453,0,1
2024041449614,2024,041449614,1,9,0,-1,9,5,1,-1,0,5,0,0,0,0,1,1,-1,9,2,60,9,2488,8,0,FORD KUGA,9,E01025343,0,1
2024991480675,2024,991480675,2,9,0,-1,9,5,1,-1,0,5,0,10,0,0,1,1,-1,6,1,73,10,1997,2,12,FORD KUGA,-1,-1,0,-1
2024211480982,2024,211480982,1,9,0,-1,19,1,5,-1,0,1,0,0,0,0,3,1,-1,9,1,35,6,1498,1,5,FORD KUGA,1,E01014229,0,1
2024052402509,2024,052402509,2,9,0,4,4,2,6,0,0,0,0,0,0,0,2,1,2,2,2,44,7,1997,2,5,FORD KUGA,2,E01006439,0,2
2024631534758,2024,631534758,1,9,0,-1,19,2,8,-1,0,0,5,0,2,10,4,1,-1,2,2,59,9,1997,2,14,FORD KUGA,3,E01005479,0,5
2024991523528,2024,991523528,2,9,0,-1,19,1,5,-1,0,0,0,0,0,0,1,1,-1,6,2,59,9,1997,2,8,FORD KUGA,8,-1,0,2
2024041535431,2024,041535431,2,9,0,-1,5,5,7,-1,0,2,0,0,0,0,2,1,-1,1,1,72,10,2488,8,0,FORD KUGA,3,E01025460,0,1
2024061507493,2024,061507493,2,9,0,-1,7,3,7,-1,0,8,0,0,0,0,1,1,-1,6,1,65,9,1997,2,10,FORD KUGA,6,E01004912,0,1
2024401466279,2024,401466279,2,9,0,-1,8,5,7,-1,0,4,0,0,0,0,2,1,-1,9,1,34,6,1997,2,5,FORD KUGA,9,E01017449,0,1
2024201497974,2024,201497974,1,9,0,-1,19,5,1,-1,0,8,0,0,0,0,1,1,-1,6,1,33,6,1997,2,14,FORD KUGA,3,E01001239,0,5
2024141422071,2024,141422071,1,9,0,-1,4,1,5,-1,0,0,0,0,0,0,2,1,-1,9,2,28,6,1499,2,7,FORD KUGA,4,E01021367,0,5
2024311418755,2024,311418755,1,9,0,-1,19,4,8,-1,0,2,0,0,0,0,2,1,-1,2,1,61,9,1997,2,10,FORD KUGA,-1,-1,0,-1
2024421534116,2024,421534116,1,9,0,-1,19,5,1,-1,0,6,0,0,0,0,1,1,-1,6,3,-1,-1,1997,2,13,FORD KUGA,-1,-1,0,-1
2024101453468,2024,101453468,3,9,0,-1,2,0,0,-1,0,0,0,0,0,0,2,1,-1,6,3,-1,-1,1997,2,12,FORD KUGA,-1,-1,0,-1
2024161536381,2024,161536381,1,9,0,-1,10,7,4,-1,0,1,0,0,0,0,2,1,-1,9,1,56,9,1496,1,1,FORD KUGA,9,E01013172,0,1
2024161518705,2024,161518705,2,9,0,-1,19,0,0,-1,9,0,0,0,0,0,1,1,-1,6,-1,-1,-1,2488,8,0,FORD KUGA,-1,-1,0,-1
2024052402728,2024,052402728,2,9,0,18,19,5,1,0,0,8,0,0,1,4,4,1,6,6,2,36,7,1499,2,2,FORD KUGA,6,E01006596,0,1
2024070063817,2024,070063817,1,9,0,16,19,6,1,0,0,0,0,0,7,11,1,1,6,6,1,74,10,1997,2,10,FORD KUGA,9,E01018634,0,1
2024010522752,2024,010522752,2,9,0,18,19,5,1,0,0,0,0,0,0,0,1,1,6,6,2,26,6,2488,8,0,FORD KUGA,3,E01002028,0,1
2024991449682,2024,991449682,3,9,0,-1,19,7,3,-1,0,1,0,0,0,0,2,1,-1,1,2,54,8,1997,2,5,FORD KUGA,8,-1,0,1
2024351498234,2024,351498234,1,9,0,-1,4,6,2,-1,0,0,0,0,0,0,1,1,-1,6,2,45,7,1499,2,6,FORD KUGA,10,E01018155,0,3
2024351457638,2024,351457638,2,9,0,-1,19,1,5,-1,0,3,0,0,0,0,4,1,-1,6,2,39,7,1997,2,7,FORD KUGA,1,E01026687,0,4
2024622400520,2024,622400520,2,9,0,18,19,3,7,0,0,0,0,0,0,0,1,1,6,6,1,66,10,1997,2,5,FORD KUGA,3,W01001289,0,3
2024010523416,2024,010523416,2,9,0,18,19,7,3,0,0,1,0,0,0,0,3,1,6,6,1,35,6,2488,8,1,FORD KUGA,4,E01003484,0,1
2024201516622,2024,201516622,3,9,0,-1,19,5,1,-1,0,2,0,0,0,0,0,9,-1,9,2,29,6,1997,2,9,FORD KUGA,4,E01032537,0,1
2024451441695,2024,451441695,1,9,0,-1,7,5,1,-1,9,0,1,7,7,0,3,1,-1,9,2,48,8,1997,2,10,FORD KUGA,10,E01030996,0,2
2024201442971,2024,201442971,2,9,0,-1,19,1,4,-1,0,4,0,0,0,0,1,1,-1,2,1,38,7,1997,2,12,FORD KUGA,3,E01010425,0,1
2024302401793,2024,302401793,3,9,0,18,19,2,6,0,0,1,0,0,0,0,1,1,1,1,1,64,9,1498,1,5,FORD KUGA,10,E01034654,0,1
2024401527609,2024,401527609,2,9,0,-1,4,5,1,-1,0,0,0,0,0,0,2,1,-1,6,1,60,9,1496,1,2,FORD KUGA,4,E01011795,0,5
2024461538460,2024,461538460,1,9,0,-1,19,2,6,-1,0,0,0,0,0,0,1,9,-1,6,1,39,7,1997,2,10,FORD KUGA,7,E01021160,0,4
2024111473740,2024,111473740,2,9,0,-1,4,2,6,-1,0,1,0,0,0,0,2,1,-1,9,2,44,7,1499,2,3,FORD KUGA,3,E01034504,0,1
2024610051724,2024,610051724,1,9,0,18,19,1,5,0,0,4,1,0,3,1,1,1,6,6,1,23,5,1499,2,5,FORD KUGA,2,W01001546,0,3
2024421491604,2024,421491604,2,9,0,-1,19,1,5,-1,0,8,0,0,0,0,4,1,-1,9,1,37,7,1496,1,3,FORD KUGA,6,E01029906,0,2
2024010512648,2024,010512648,1,9,0,99,99,9,9,99,99,0,9,99,9,99,9,9,6,6,1,45,7,1496,1,4,FORD KUGA,9,E01033461,0,4
2024461454166,2024,461454166,2,9,0,-1,19,5,3,-1,0,8,0,0,0,0,2,9,-1,6,1,67,10,1498,1,7,FORD KUGA,2,E01024214,0,3
2024010543560,2024,010543560,4,9,0,2,2,0,0,0,0,2,0,4,0,0,0,1,6,6,3,-1,-1,1496,1,2,FORD KUGA,-1,-1,0,-1
2024610034624,2024,610034624,1,9,0,17,19,8,5,0,0,0,2,10,1,11,1,1,2,2,1,24,5,1997,2,12,FORD KUGA,5,W01000980,0,4
2024010493764,2024,010493764,1,9,0,14,14,5,1,0,0,1,9,99,0,0,1,9,6,6,3,-1,-1,1997,2,7,FORD KUGA,-1,-1,0,-1
2024340WN6252,2024,340WN6252,3,9,0,-1,19,1,5,-1,0,0,0,0,0,0,4,1,-1,9,2,55,8,1995,2,3,FORD KUGA,6,E01027030,0,4
2024010526527,2024,010526527,2,9,0,2,2,0,0,9,9,2,0,0,0,0,0,1,6,6,3,-1,-1,2488,8,3,FORD KUGA,-1,-1,0,-1
2024131449994,2024,131449994,2,9,0,-1,19,7,3,-1,0,8,0,0,0,0,1,1,-1,6,2,41,7,1499,2,6,FORD KUGA,2,E01007437,0,1
2024340NN2142,2024,340NN2142,1,9,0,-1,19,1,4,-1,0,1,0,0,0,0,1,1,-1,6,1,45,7,1997,2,15,FORD KUGA,-1,-1,0,-1
2024411443661,2024,411443661,2,9,0,-1,4,5,1,-1,0,0,0,0,0,0,2,1,-1,2,2,46,8,2488,8,1,FORD KUGA,4,E01021862,0,2
2024311525312,2024,311525312,3,9,0,-1,2,0,0,-1,-1,0,0,4,0,0,2,1,-1,6,2,38,7,1997,2,10,FORD KUGA,-1,-1,0,-1
2024161460096,2024,161460096,1,9,0,-1,5,5,1,-1,0,2,0,0,3,11,1,1,-1,9,2,73,10,1496,1,3,FORD KUGA,10,E01013113,0,1
2024141439437,2024,141439437,1,9,0,-1,19,4,8,-1,0,2,5,7,0,0,1,1,-1,6,2,36,7,1997,2,13,FORD KUGA,7,E01011536,0,4
2024071075152,2024,071075152,1,9,0,-1,7,8,2,-1,0,2,0,0,0,0,1,1,-1,9,2,31,6,1997,2,9,FORD KUGA,2,E01012383,0,1
2024311434053,2024,311434053,1,9,0,-1,4,2,6,-1,0,0,0,0,0,0,1,1,-1,6,1,70,10,1499,2,6,FORD KUGA,5,E01027970,0,1
2024991504154,2024,991504154,1,9,0,-1,19,2,6,-1,0,0,0,0,0,0,1,1,-1,6,1,33,6,1997,2,12,FORD KUGA,1,-1,0,4
2024010520165,2024,010520165,2,9,0,18,19,7,3,0,0,8,0,0,0,0,4,1,6,6,1,73,10,2488,8,1,FORD KUGA,7,E01004108,0,1
2024131456522,2024,131456522,2,9,0,-1,19,1,5,-1,0,0,0,0,0,0,3,1,-1,9,1,30,6,1997,2,5,FORD KUGA,5,E01012259,0,4
2024531402268,2024,531402268,1,9,0,-1,7,5,7,-1,0,2,0,0,0,0,4,1,-1,9,2,32,6,1997,2,10,FORD KUGA,9,E01032939,0,3
2024421409287,2024,421409287,1,9,0,-1,19,3,7,-1,0,1,0,0,0,0,1,9,-1,1,3,-1,-1,1997,2,10,FORD KUGA,-1,-1,0,-1
2024070122408,2024,070122408,2,9,0,18,19,7,3,0,0,1,0,0,1,11,1,1,6,6,1,51,8,1997,2,16,FORD KUGA,2,E01007218,0,3
2024440109497,2024,440109497,2,9,0,18,19,1,5,0,0,8,0,0,0,0,4,1,6,6,1,44,7,1995,2,4,FORD KUGA,3,E01020556,0,4
2024471503077,2024,471503077,1,9,0,-1,19,7,3,-1,0,8,0,0,0,0,4,1,-1,6,1,40,7,1997,2,10,FORD KUGA,4,E01031546,0,1
2024332400727,2024,332400727,2,9,0,-1,19,8,4,-1,0,0,0,0,0,0,1,1,-1,6,2,40,7,1997,2,15,FORD KUGA,1,E01013633,0,3
2024041425024,2024,041425024,2,9,0,-1,19,7,3,-1,0,0,0,0,0,0,2,1,-1,9,2,72,10,1997,2,9,FORD KUGA,7,E01012581,0,2
2024351498307,2024,351498307,1,9,0,-1,19,1,5,-1,0,0,0,7,7,0,3,1,-1,6,1,56,9,1496,1,0,FORD KUGA,8,E01018203,0,1
2024010514340,2024,010514340,2,9,0,99,99,9,9,99,99,9,9,99,9,99,1,9,6,6,3,-1,-1,1997,2,13,FORD KUGA,7,E01002338,0,1
202417L108224,2024,17L108224,1,9,0,-1,19,2,6,-1,0,0,0,0,1,4,3,1,-1,6,1,85,11,2488,8,2,FORD KUGA,1,E01012944,0,4
2024010499489,2024,010499489,2,9,0,3,3,3,7,0,0,2,0,0,0,0,2,1,6,6,2,55,8,2488,8,1,FORD KUGA,3,E01003915,0,1
2024070890988,2024,070890988,1,9,0,-1,19,3,7,-1,0,5,0,0,0,0,0,1,-1,9,1,48,8,2488,8,1,FORD KUGA,-1,-1,0,-1
2024131418634,2024,131418634,1,9,0,-1,4,1,1,-1,0,0,0,0,0,0,2,1,-1,9,1,32,6,1499,2,6,FORD KUGA,4,E01005562,0,4
2024131491136,2024,131491136,2,9,0,-1,5,5,1,-1,0,1,0,0,0,0,2,1,-1,9,1,62,9,2488,8,1,FORD KUGA,3,E01010950,0,1
2024052400923,2024,052400923,1,9,0,18,19,1,5,0,0,1,0,0,1,11,1,1,2,2,1,30,6,1499,2,7,FORD KUGA,1,E01006834,0,1
2024421525565,2024,421525565,2,9,0,-1,19,3,7,-1,0,0,0,0,0,0,1,1,-1,2,2,40,7,1499,2,6,FORD KUGA,7,E01015966,0,1
2024201490913,2024,201490913,2,9,0,-1,4,2,6,-1,0,0,1,0,0,0,2,1,-1,2,2,37,7,1499,2,3,FORD KUGA,1,E01009540,0,1
2024041431046,2024,041431046,2,9,0,-1,19,4,8,-1,0,0,0,0,0,0,0,1,-1,6,1,55,8,2488,8,2,FORD KUGA,6,E01025195,0,1
2024161531168,2024,161531168,2,9,0,-1,4,7,3,-1,0,0,0,0,0,0,4,1,-1,7,1,39,7,1499,2,7,FORD KUGA,8,E01035470,0,1
2024991400188,2024,991400188,1,9,0,-1,19,2,6,-1,0,0,1,0,8,0,1,1,-1,1,1,29,6,1995,2,2,FORD KUGA,2,-1,0,1
2024111524854,2024,111524854,1,9,0,-1,5,1,5,-1,0,1,0,0,0,0,4,1,-1,1,2,49,8,2488,8,1,FORD KUGA,-1,-1,0,-1
2024531546539,2024,531546539,1,9,0,-1,19,7,2,-1,0,8,0,4,0,0,1,1,-1,6,1,30,6,1997,2,6,FORD KUGA,7,E01022142,0,4
2024041495527,2024,041495527,1,9,0,-1,11,7,3,-1,0,0,0,0,0,0,0,1,-1,2,2,39,7,1498,1,6,FORD KUGA,3,E01024879,0,1
202417M116024,2024,17M116024,1,9,0,-1,19,8,4,-1,0,2,0,0,0,0,2,1,-1,9,2,37,7,1997,2,10,FORD KUGA,-1,-1,0,-1
2024101483892,2024,101483892,2,9,0,-1,3,5,1,-1,0,8,0,0,0,0,2,1,-1,6,1,73,10,1997,2,9,FORD KUGA,2,E01008282,0,3
2024520003084,2024,520003084,1,9,0,9,9,3,1,0,0,8,0,0,0,0,1,1,6,6,2,48,8,1997,2,5,FORD KUGA,1,E01014608,0,1
2024430034106,2024,430034106,1,9,0,12,12,2,5,0,0,7,0,0,0,0,1,1,1,1,1,51,8,2488,8,2,FORD KUGA,5,E01028632,0,2
2024440121590,2024,440121590,2,9,0,18,19,6,2,0,0,8,0,0,0,0,1,1,6,6,2,30,6,1499,2,2,FORD KUGA,2,E01017115,0,1
2024991460191,2024,991460191,1,9,0,-1,8,5,1,-1,0,3,0,0,1,0,1,1,-1,6,1,51,8,1499,2,5,FORD KUGA,-1,-1,0,-1
2024421407397,2024,421407397,1,9,0,-1,19,8,4,-1,0,0,0,0,0,0,1,1,-1,6,1,57,9,2488,8,1,FORD KUGA,1,E01022042,0,1
2024361399632,2024,361399632,3,9,0,-1,19,2,6,-1,0,0,0,0,0,0,2,1,-1,2,2,55,8,2488,8,2,FORD KUGA,7,E01026881,0,1
2024451471665,2024,451471665,2,9,0,-1,9,7,3,-1,0,1,0,0,0,0,2,2,-1,6,1,55,8,1498,1,5,FORD KUGA,3,E01023144,0,3
2024501491785,2024,501491785,2,9,0,-1,5,4,8,-1,0,6,0,0,0,0,1,1,-1,9,1,60,9,1498,1,6,FORD KUGA,2,E01002528,0,5
2024302400977,2024,302400977,1,9,0,12,12,1,5,0,0,0,0,0,7,0,1,1,6,6,1,76,11,1997,2,7,FORD KUGA,6,E01019608,0,1
2024440389781,2024,440389781,1,9,0,18,19,4,8,0,0,0,0,0,0,0,1,1,2,2,2,59,9,1997,2,10,FORD KUGA,8,E01023234,0,4
2024421413668,2024,421413668,2,9,0,-1,19,7,3,-1,0,1,0,0,0,0,4,1,-1,9,2,31,6,1997,2,8,FORD KUGA,9,E01015980,0,3
2024371499462,2024,371499462,2,9,0,-1,19,6,2,-1,0,0,0,0,0,0,2,1,-1,6,2,64,9,2488,8,1,FORD KUGA,5,E01026466,0,3
2024461450182,2024,461450182,2,9,0,-1,19,3,7,-1,0,0,0,0,0,0,3,9,-1,2,1,38,7,1499,2,6,FORD KUGA,2,E01016039,0,4
2024340NN2242,2024,340NN2242,1,9,0,-1,19,3,7,-1,0,0,0,0,0,0,4,1,-1,9,1,76,11,2488,8,1,FORD KUGA,10,E01027086,0,2
2024401499147,2024,401499147,2,9,0,-1,19,7,3,-1,0,4,0,0,0,0,1,1,-1,9,1,80,11,1499,2,7,FORD KUGA,4,E01033826,0,1
2024320591356,2024,320591356,1,9,0,-1,-1,8,4,0,0,0,0,4,0,0,1,1,-1,-1,2,70,10,2488,8,2,FORD KUGA,2,E01026103,0,1
2024411531590,2024,411531590,3,9,0,-1,19,2,5,-1,0,0,0,0,0,0,2,1,-1,6,2,-1,-1,1997,2,15,FORD KUGA,-1,-1,0,-1
2024411503781,2024,411503781,1,9,0,-1,19,2,6,-1,0,0,0,0,0,0,1,9,-1,6,1,22,5,2488,8,3,FORD KUGA,10,E01023609,0,1
202454B205424,2024,54B205424,2,9,0,18,19,3,7,0,0,8,0,0,0,0,4,1,6,6,1,53,8,2488,8,3,FORD KUGA,5,E01015505,0,1
2024031497251,2024,031497251,3,9,0,-1,3,3,7,-1,0,1,0,0,0,0,2,1,-1,6,1,55,8,1997,2,14,FORD KUGA,-1,-1,0,-1
2024010530184,2024,010530184,2,9,0,99,99,9,9,99,99,0,9,99,9,99,9,9,6,6,3,-1,-1,2488,8,0,FORD KUGA,-1,-1,0,-1
2024471406188,2024,471406188,1,9,0,-1,19,7,3,-1,0,0,1,0,7,10,1,1,-1,9,1,59,9,1997,2,8,FORD KUGA,6,E01031359,0,3
2024531531214,2024,531531214,1,9,0,-1,19,1,5,-1,0,1,0,0,0,0,1,1,-1,9,1,58,9,1997,2,16,FORD KUGA,6,E01022261,0,3
2024010550703,2024,010550703,1,9,0,18,19,4,8,0,0,8,0,0,0,0,1,1,6,6,1,23,5,1498,1,5,FORD KUGA,1,E01001811,0,4
2024371515550,2024,371515550,2,9,0,-1,19,2,6,-1,0,0,0,0,0,0,0,1,-1,9,1,37,7,2488,8,2,FORD KUGA,6,E01030041,0,1
2024041440977,2024,041440977,1,9,0,-1,19,7,3,-1,0,0,0,0,0,0,4,1,-1,9,2,33,6,2488,8,0,FORD KUGA,4,-1,0,5
2024340NN2722,2024,340NN2722,2,9,0,-1,4,3,7,-1,0,0,0,0,0,0,2,1,-1,9,2,43,7,1997,2,11,FORD KUGA,2,E01027195,0,3
2024461498020,2024,461498020,3,9,0,-1,3,5,1,-1,0,0,0,0,0,0,2,9,-1,6,2,27,6,1997,2,10,FORD KUGA,5,E01035299,0,1
2024161456723,2024,161456723,2,9,0,-1,9,1,7,-1,0,1,0,0,0,0,1,2,-1,6,2,34,6,1997,2,11,FORD KUGA,4,E01012772,0,1
2024332400186,2024,332400186,2,9,0,-1,3,5,1,-1,0,0,0,0,0,0,2,1,-1,2,2,54,8,1997,2,11,FORD KUGA,6,E01013680,0,1
2024010489846,2024,010489846,1,9,0,7,7,5,8,0,0,1,0,0,0,0,4,1,6,6,1,38,7,2488,8,1,FORD KUGA,7,E01003016,0,1
2024421494121,2024,421494121,1,9,0,-1,4,2,6,-1,0,0,0,0,0,0,1,1,-1,9,2,79,11,2488,8,0,FORD KUGA,5,E01021769,0,3
2024231536852,2024,231536852,1,9,0,-1,19,1,5,-1,0,0,0,0,0,0,1,9,-1,6,1,35,6,2488,8,0,FORD KUGA,1,E01010234,0,3
2024430239119,2024,430239119,2,9,0,18,19,3,7,0,0,1,0,0,0,0,1,1,6,6,1,-1,-1,1997,2,14,FORD KUGA,-1,-1,0,-1
2024631434923,2024,631434923,1,9,0,-1,12,2,6,-1,0,0,5,0,0,0,1,1,-1,9,2,69,10,1496,1,1,FORD KUGA,7,W01000447,0,2
2024010538338,2024,010538338,1,9,0,1,1,3,7,0,0,0,0,0,0,0,2,1,6,6,1,75,10,1997,2,7,FORD KUGA,8,E01017813,0,1
2024522500038,2024,522500038,1,9,0,18,19,3,7,0,0,0,0,0,0,0,0,1,1,1,1,-1,-1,1997,2,7,FORD KUGA,10,E01014793,0,3
2024302500096,2024,302500096,1,9,0,-1,9,8,5,-1,0,2,0,0,0,0,1,1,-1,6,2,60,9,1997,2,5,FORD KUGA,9,E01035100,0,3
2024351471164,2024,351471164,2,9,0,-1,3,4,8,-1,0,0,0,0,0,0,1,1,-1,6,2,49,8,1997,2,8,FORD KUGA,5,E01018163,0,2
2024440200869,2024,440200869,3,9,0,3,3,5,1,0,0,0,0,0,0,0,2,1,6,6,1,50,8,1997,2,8,FORD KUGA,10,E01022517,0,1
2024991401016,2024,991401016,1,9,0,-1,19,6,2,-1,0,0,0,11,0,0,1,1,-1,1,1,23,5,1995,2,2,FORD KUGA,3,-1,0,1
2024991499282,2024,991499282,1,9,0,-1,5,7,3,-1,0,1,0,0,0,0,1,1,-1,6,1,43,7,1498,1,5,FORD KUGA,1,-1,0,1
202417S100224,2024,17S100224,1,9,0,18,19,3,7,0,0,0,0,0,0,0,0,1,6,6,1,43,7,1997,2,9,FORD KUGA,5,E01008788,0,4
2024302400506,2024,302400506,1,9,0,18,19,4,8,0,0,0,0,0,0,0,1,1,6,6,1,77,11,1997,2,5,FORD KUGA,10,E01013520,0,1
2024351539035,2024,351539035,2,9,0,-1,10,7,4,-1,0,8,0,0,0,0,3,1,-1,9,2,38,7,2488,8,0,FORD KUGA,8,E01023662,0,2
2024010544499,2024,010544499,2,9,0,99,99,9,9,99,99,9,9,99,9,99,3,9,6,6,3,41,7,1496,1,1,FORD KUGA,4,E01002795,0,1
2024531442477,2024,531442477,1,9,0,-1,19,7,3,-1,0,1,0,0,0,0,1,1,-1,1,1,39,7,1997,2,9,FORD KUGA,10,E01034779,0,4
2024101492257,2024,101492257,2,9,0,-1,10,1,5,-1,0,1,0,0,0,0,2,1,-1,9,2,59,9,2488,8,0,FORD KUGA,-1,-1,0,-1
2024440264821,2024,440264821,1,9,0,18,19,3,7,0,0,1,0,0,0,0,1,1,1,1,1,50,8,1997,2,7,FORD KUGA,5,E01017157,0,1
2024201508572,2024,201508572,2,9,0,-1,19,1,4,-1,0,1,0,0,0,0,1,1,-1,6,2,54,8,1997,2,9,FORD KUGA,1,E01033638,0,1
202460Q053604,2024,60Q053604,2,9,0,18,19,7,3,0,0,1,0,0,0,0,1,1,2,2,1,77,11,1496,1,1,FORD KUGA,-1,-1,0,-1
2024101557483,2024,101557483,2,9,0,-1,3,7,3,-1,0,0,0,0,0,0,2,1,-1,9,2,67,10,1499,2,3,FORD KUGA,-1,-1,0,-1
202417M101824,2024,17M101824,3,9,0,18,19,2,6,0,0,8,0,0,0,0,4,1,6,6,1,42,7,1997,2,15,FORD KUGA,9,E01012232,0,2
2024122400753,2024,122400753,2,9,0,5,5,1,2,0,0,0,0,0,0,0,1,1,6,6,1,78,11,1498,1,5,FORD KUGA,10,E01027698,0,1
2024031453329,2024,031453329,1,9,0,-1,1,1,5,-1,0,0,0,0,0,0,0,1,-1,6,1,-1,-1,1498,1,6,FORD KUGA,-1,-1,0,-1
2024361428920,2024,361428920,2,9,0,-1,4,7,3,-1,0,0,0,0,0,0,2,9,-1,9,1,61,9,1997,2,5,FORD KUGA,3,E01026817,0,4
2024041429908,2024,041429908,2,9,0,-1,19,1,5,-1,0,4,0,0,0,0,4,1,-1,6,2,71,10,2488,8,2,FORD KUGA,-1,-1,0,-1
2024031483108,2024,031483108,1,9,0,-1,19,4,8,-1,0,0,0,0,0,0,4,1,-1,9,2,61,9,1997,2,5,FORD KUGA,-1,-1,0,-1
2024070942326,2024,070942326,2,9,0,-1,19,1,5,-1,0,8,0,0,0,0,1,1,-1,9,2,58,9,1498,1,6,FORD KUGA,8,E01012485,0,1
2024141407863,2024,141407863,3,9,0,-1,7,7,3,-1,0,0,0,0,0,0,1,1,-1,6,2,41,7,1997,2,9,FORD KUGA,2,E01007349,0,2
202417H105824,2024,17H105824,1,9,0,-1,19,5,1,-1,0,0,0,0,0,0,1,1,-1,9,1,66,10,1997,2,6,FORD KUGA,10,E01012005,0,1
2024010527526,2024,010527526,1,9,0,99,99,9,9,99,99,9,9,99,9,99,9,9,6,6,2,56,9,1498,1,6,FORD KUGA,3,E01000731,0,1
2024041492245,2024,041492245,1,9,0,-1,19,5,1,-1,0,0,0,0,0,0,1,1,-1,6,3,-1,-1,1997,2,10,FORD KUGA,-1,-1,0,-1
2024031533282,2024,031533282,2,9,0,-1,19,3,7,-1,0,0,0,0,0,0,3,1,-1,2,2,27,6,1997,2,8,FORD KUGA,5,E01019226,0,4
202460Q104858,2024,60Q104858,2,9,0,7,7,7,3,0,0,1,0,0,0,0,4,1,6,6,2,38,7,1997,2,9,FORD KUGA,-1,-1,0,-1
2024041509713,2024,041509713,2,9,0,-1,2,0,0,-1,0,1,0,0,0,0,3,2,-1,6,-1,-1,-1,2488,8,0,FORD KUGA,-1,-1,0,-1
2024041398814,2024,041398814,1,9,0,-1,19,7,3,-1,0,1,1,0,0,0,1,1,-1,2,1,24,5,1498,1,5,FORD KUGA,8,E01006279,0,4
2024010527260,2024,010527260,2,9,0,16,19,1,5,0,0,0,1,0,0,0,1,1,6,6,1,59,9,1498,1,6,FORD KUGA,2,E01004732,0,1