collision_index,collision_year,collision_ref_no,vehicle_reference,vehicle_type,towing_and_articulation,vehicle_manoeuvre_historic,vehicle_manoeuvre,vehicle_direction_from,vehicle_direction_to,vehicle_location_restricted_lane_historic,vehicle_location_restricted_lane,junction_location,skidding_and_overturning,hit_object_in_carriageway,vehicle_leaving_carriageway,hit_object_off_carriageway,first_point_of_impact,vehicle_left_hand_drive,journey_purpose_of_driver_historic,journey_purpose_of_driver,sex_of_driver,age_of_driver,age_band_of_driver,engine_capacity_cc,propulsion_code,age_of_vehicle,generic_make_model,driver_imd_decile,lsoa_of_driver,escooter_flag,driver_distance_banding
2024131486924,2024,131486924,1,9,0,-1,19,1,5,-1,0,1,0,0,7,0,1,1,-1,9,2,45,7,1997,2,8,FORD KUGA,5,E01010689,0,1
2024141408190,2024,141408190,2,9,0,-1,19,6,2,-1,0,1,0,0,0,0,1,9,-1,6,3,-1,-1,1997,2,10,FORD KUGA,-1,-1,0,-1
2024401525352,2024,401525352,2,9,-1,-1,-1,-1,-1,-1,-1,0,-1,-1,-1,0,2,9,-1,2,1,29,6,1997,2,9,FORD KUGA,2,E01028067,0,5
2024101533597,2024,101533597,2,9,0,-1,2,0,0,-1,0,8,0,0,0,0,2,1,-1,6,3,-1,-1,1997,2,8,FORD KUGA,-1,-1,0,-1
2024070238705,2024,070238705,2,9,0,18,19,5,1,0,0,0,0,0,0,0,4,1,6,6,2,44,7,1499,2,3,FORD KUGA,3,E01012432,0,1
2024501492334,2024,501492334,1,9,0,-1,9,5,1,-1,0,0,0,0,0,0,1,1,-1,7,2,41,7,1997,2,10,FORD KUGA,6,E01018752,0,1
2024010521095,2024,010521095,1,9,0,18,19,3,7,0,0,0,0,0,0,0,1,1,6,6,1,31,6,1997,2,9,FORD KUGA,2,E01000065,0,1
2024461488451,2024,461488451,2,9,0,-1,3,7,2,-1,0,0,0,0,0,0,2,1,-1,9,1,58,9,1997,2,11,FORD KUGA,5,E01034554,0,5
2024010530149,2024,010530149,2,9,9,3,3,3,7,0,0,2,0,0,0,0,2,9,6,6,1,51,8,1498,1,5,FORD KUGA,4,E01000722,0,3
2024547469824,2024,547469824,2,9,0,18,19,1,5,0,0,0,0,0,0,0,2,1,2,2,1,41,7,1997,2,7,FORD KUGA,7,E01034786,0,4
2024131534658,2024,131534658,1,9,0,-1,-1,-1,-1,-1,-1,0,-1,-1,-1,-1,-1,1,-1,9,1,35,6,1496,1,0,FORD KUGA,1,E01011658,0,1
2024010510598,2024,010510598,1,9,0,18,19,7,3,0,0,0,0,0,0,0,1,1,6,6,1,30,6,1498,1,7,FORD KUGA,2,E01002091,0,2
2024070110901,2024,070110901,1,9,0,9,9,2,4,0,0,1,0,0,7,0,1,1,6,6,2,-1,-1,1997,2,10,FORD KUGA,8,E01012551,0,1
2024161521810,2024,161521810,2,9,0,-1,5,3,7,-1,0,6,0,0,0,0,1,1,-1,6,2,-1,-1,1499,2,7,FORD KUGA,-1,-1,0,-1
2024421489908,2024,421489908,3,9,0,-1,19,3,7,-1,0,0,0,0,0,0,2,1,-1,2,2,51,8,1496,1,0,FORD KUGA,7,E01021900,0,3
2024421510264,2024,421510264,2,9,0,-1,19,6,2,-1,0,1,0,0,0,0,3,1,-1,7,2,42,7,1997,2,9,FORD KUGA,3,E01021631,0,2
2024421467750,2024,421467750,2,9,0,-1,3,8,3,-1,0,0,0,0,0,0,2,1,-1,6,2,42,7,1498,1,8,FORD KUGA,4,E01021842,0,1
2024361410950,2024,361410950,2,9,0,-1,19,1,5,-1,0,0,0,0,0,0,0,9,-1,6,2,68,10,1997,2,5,FORD KUGA,3,E01026782,0,1
2024211421042,2024,211421042,2,9,0,-1,4,3,7,-1,0,0,0,0,0,0,2,1,-1,6,2,30,6,1997,2,14,FORD KUGA,8,E01029616,0,1
2024430598619,2024,430598619,1,9,0,3,3,8,4,0,0,0,0,0,0,0,2,1,6,6,2,44,7,2488,8,0,FORD KUGA,3,E01002646,0,4
2024302400268,2024,302400268,2,9,0,9,9,4,2,0,0,1,0,0,0,0,1,1,6,6,1,54,8,2488,8,1,FORD KUGA,1,E01019650,0,3
2024010497518,2024,010497518,1,9,0,5,5,5,1,0,0,2,0,0,0,0,4,1,6,6,1,64,9,2488,8,2,FORD KUGA,5,E01035599,0,2
2024141431033,2024,141431033,2,9,0,-1,19,2,6,-1,0,0,0,0,0,0,1,1,-1,6,2,50,8,1496,1,1,FORD KUGA,3,E01007480,0,1
2024411409884,2024,411409884,2,9,-1,-1,-1,-1,-1,-1,-1,0,-1,-1,-1,0,2,9,-1,6,1,53,8,2488,8,0,FORD KUGA,8,E01023419,0,1
2024461467794,2024,461467794,2,9,0,-1,3,4,8,-1,0,1,0,0,0,0,2,9,-1,6,2,44,7,1496,1,1,FORD KUGA,3,E01024713,0,1
2024320056258,2024,320056258,1,9,0,1,1,6,2,0,0,0,0,0,0,0,2,1,-1,-1,1,58,9,2488,8,3,FORD KUGA,3,E01026177,0,1
2024991450086,2024,991450086,2,9,0,-1,2,0,0,-1,-1,0,0,0,0,0,1,1,-1,6,-1,-1,-1,1499,2,5,FORD KUGA,-1,-1,0,-1
2024211512630,2024,211512630,2,9,0,-1,2,5,1,-1,-1,0,0,0,0,0,1,1,-1,6,1,38,7,1997,2,13,FORD KUGA,9,E01014318,0,3
2024010499060,2024,010499060,1,9,0,99,99,9,9,99,99,9,9,99,9,99,2,9,6,6,3,-1,-1,1997,2,8,FORD KUGA,-1,-1,0,-1
2024622400412,2024,622400412,2,9,0,18,19,1,5,0,0,8,0,0,0,0,3,1,6,6,2,53,8,1499,2,6,FORD KUGA,10,W01001732,0,1
2024401410099,2024,401410099,1,9,0,-1,19,-1,-1,-1,0,3,0,0,0,0,4,9,-1,1,1,56,9,1499,2,2,FORD KUGA,6,E01026549,0,5
2024041438951,2024,041438951,1,9,0,-1,19,5,1,-1,0,4,0,0,0,0,1,1,-1,9,2,33,6,1496,1,1,FORD KUGA,10,E01005932,0,4
2024052400552,2024,052400552,2,9,0,18,19,1,5,0,0,0,0,0,0,0,2,1,6,6,2,27,6,2488,8,1,FORD KUGA,1,E01007090,0,1
2024543659624,2024,543659624,3,9,0,4,4,7,3,0,0,1,0,0,0,0,2,1,6,6,1,38,7,1498,1,5,FORD KUGA,4,E01015511,0,1
2024052401158,2024,052401158,2,9,0,18,19,6,2,0,0,6,0,0,0,0,0,1,6,6,2,35,6,2488,8,1,FORD KUGA,2,E01006523,0,1
2024421485703,2024,421485703,2,9,0,-1,2,5,1,-1,0,1,0,0,0,0,1,1,-1,9,1,41,7,1496,1,4,FORD KUGA,3,E01015954,0,1
2024061505198,2024,061505198,2,9,0,-1,9,5,3,-1,0,1,0,0,0,0,1,1,-1,9,1,57,9,1997,2,14,FORD KUGA,-1,-1,0,-1
2024421472714,2024,421472714,2,9,0,-1,9,4,8,-1,0,0,0,0,0,0,3,1,-1,6,2,44,7,1499,2,7,FORD KUGA,5,E01021241,0,1
2024991500233,2024,991500233,1,9,0,-1,19,3,7,-1,0,0,1,0,1,7,1,1,-1,6,1,58,9,1997,2,10,FORD KUGA,2,-1,0,3
2024542353024,2024,542353024,2,9,0,4,4,3,7,0,0,1,0,0,0,0,2,1,6,6,1,63,9,1997,2,7,FORD KUGA,6,E01023196,0,3
2024501494955,2024,501494955,1,9,0,-1,19,7,3,-1,0,1,0,0,0,0,1,1,-1,9,1,56,9,2488,8,1,FORD KUGA,-1,-1,0,-1
2024052401701,2024,052401701,1,9,0,7,7,6,8,0,0,8,0,0,1,0,4,1,6,6,2,30,6,1496,1,1,FORD KUGA,1,E01006611,0,1
2024302400250,2024,302400250,1,9,0,9,9,6,4,0,0,0,0,0,0,0,3,1,1,1,2,43,7,1499,2,4,FORD KUGA,3,E01019687,0,2
2024010500083,2024,010500083,1,9,0,9,9,1,7,0,0,8,0,0,0,0,1,1,6,6,1,42,7,1496,1,1,FORD KUGA,8,E01030698,0,4
2024522500159,2024,522500159,2,9,0,4,4,4,8,0,0,0,0,0,0,0,2,1,6,6,1,31,6,1997,2,6,FORD KUGA,1,E01014516,0,2
2024041408970,2024,041408970,1,9,0,-1,19,3,7,-1,0,0,0,0,0,0,1,1,-1,9,1,37,7,1997,2,11,FORD KUGA,8,E01011181,0,4
2024991429009,2024,991429009,1,9,0,-1,19,4,8,-1,0,0,0,0,0,0,0,1,-1,9,2,67,10,1997,2,12,FORD KUGA,4,-1,0,4
2024131413993,2024,131413993,1,9,0,-1,19,4,8,-1,0,0,0,0,7,11,1,1,-1,6,1,24,5,1997,2,15,FORD KUGA,1,E01010710,0,1
2024340WN0282,2024,340WN0282,2,9,0,-1,10,6,2,-1,0,8,0,0,8,0,2,1,-1,2,2,42,7,1997,2,8,FORD KUGA,6,E01027232,0,1
2024311514490,2024,311514490,2,9,0,-1,9,1,5,-1,0,6,0,0,0,0,3,1,-1,9,2,46,8,1997,2,5,FORD KUGA,6,E01028283,0,1
2024010531601,2024,010531601,1,9,0,5,5,0,1,0,0,7,0,0,0,0,1,1,2,2,2,34,6,1997,2,7,FORD KUGA,8,E01015991,0,3
2024070996945,2024,070996945,3,9,0,-1,4,7,7,-1,0,0,0,0,0,0,2,1,-1,9,2,44,7,1496,1,1,FORD KUGA,4,E01007040,0,3
2024010531506,2024,010531506,3,9,0,18,19,1,5,0,0,1,0,0,0,0,0,1,6,6,2,36,7,2488,8,2,FORD KUGA,8,E01002579,0,2
2024631400075,2024,631400075,1,9,0,-1,19,2,6,-1,0,8,0,0,0,0,1,1,-1,6,2,59,9,1997,2,8,FORD KUGA,8,W01000624,0,4
2024010527189,2024,010527189,1,9,0,99,99,9,9,99,99,9,9,99,9,99,9,9,6,6,3,-1,-1,1498,1,7,FORD KUGA,-1,-1,0,-1
2024440295555,2024,440295555,3,9,0,4,4,2,6,0,0,0,0,0,0,0,2,1,6,6,1,41,7,1496,1,3,FORD KUGA,6,E01017177,0,3
2024211520766,2024,211520766,1,9,0,-1,19,7,3,-1,0,0,1,10,1,0,1,1,-1,6,1,35,6,2488,8,1,FORD KUGA,-1,-1,0,-1
2024052400832,2024,052400832,1,9,0,18,19,3,7,0,0,0,0,0,0,0,1,1,6,6,1,32,6,1498,1,8,FORD KUGA,1,E01006821,0,1
2024421520959,2024,421520959,2,9,0,-1,19,8,4,-1,0,0,0,0,0,0,0,1,-1,9,2,27,6,2488,8,0,FORD KUGA,-1,-1,0,-1
2024052401615,2024,052401615,2,9,0,2,2,0,0,0,0,0,0,0,0,0,2,1,6,6,3,-1,-1,1997,2,7,FORD KUGA,-1,-1,0,-1
2024201506721,2024,201506721,1,9,0,-1,19,7,4,-1,0,8,0,0,0,0,1,1,-1,9,1,31,6,1995,2,2,FORD KUGA,1,E01009342,0,1
2024340NN3982,2024,340NN3982,1,9,0,-1,19,3,7,-1,0,6,0,0,0,0,1,1,-1,9,2,62,9,1997,2,7,FORD KUGA,7,E01032963,0,1
2024141399662,2024,141399662,1,9,0,-1,9,2,8,-1,0,5,0,0,0,0,1,1,-1,2,2,63,9,1498,1,6,FORD KUGA,5,E01007653,0,1
2024991476652,2024,991476652,1,9,0,-1,2,0,0,-1,0,2,0,0,0,0,0,1,-1,6,-1,-1,-1,1997,2,8,FORD KUGA,-1,-1,0,-1
2024221427837,2024,221427837,1,9,0,-1,9,6,4,-1,0,6,0,0,0,0,1,9,-1,6,1,21,5,1997,2,15,FORD KUGA,-1,-1,0,-1
2024522402729,2024,522402729,2,9,0,18,19,4,7,0,0,4,0,0,0,0,4,1,6,6,1,62,9,1997,2,9,FORD KUGA,2,E01014660,0,1
2024461506857,2024,461506857,1,9,0,-1,19,5,1,-1,0,0,0,0,0,0,1,9,-1,6,1,35,6,1997,2,8,FORD KUGA,4,E01024208,0,1
2024631507676,2024,631507676,2,9,0,-1,19,1,4,-1,0,8,0,0,0,0,1,1,-1,9,1,75,10,1499,2,6,FORD KUGA,2,W01001436,0,4
2024461498111,2024,461498111,2,9,0,-1,19,7,3,-1,0,0,0,0,0,0,1,9,-1,6,1,43,7,1496,1,1,FORD KUGA,6,E01034994,0,1
2024141456817,2024,141456817,1,9,0,-1,19,8,4,-1,0,0,0,0,0,0,4,1,-1,1,2,33,6,1997,2,7,FORD KUGA,2,E01007470,0,2
2024131532491,2024,131532491,1,9,0,-1,19,3,7,-1,0,8,0,0,0,0,1,1,-1,6,1,40,7,1997,2,10,FORD KUGA,3,E01010848,0,1
2024311406490,2024,311406490,1,9,0,-1,7,5,8,-1,0,6,0,0,0,0,1,1,-1,9,1,65,9,1997,2,7,FORD KUGA,5,E01013595,0,3
2024302401610,2024,302401610,1,9,0,10,10,8,6,0,0,1,0,0,0,0,2,1,6,6,2,57,9,1997,2,6,FORD KUGA,7,E01019801,0,1
2024461457336,2024,461457336,2,9,0,-1,19,6,2,-1,0,0,0,0,0,0,1,1,-1,6,1,37,7,1498,1,6,FORD KUGA,1,E01024682,0,2
2024061520729,2024,061520729,1,9,0,-1,19,5,1,-1,0,8,0,0,0,0,1,1,-1,9,1,48,8,1498,1,9,FORD KUGA,-1,-1,0,-1
2024302401743,2024,302401743,2,9,0,-1,9,7,5,-1,0,5,0,0,0,0,4,1,-1,6,2,50,8,1997,2,15,FORD KUGA,1,E01019566,0,1
2024201521560,2024,201521560,2,9,0,-1,3,4,8,-1,0,0,0,0,0,0,1,1,-1,2,2,35,6,1498,1,6,FORD KUGA,2,E01010472,0,2
2024421416758,2024,421416758,4,9,0,-1,19,3,7,-1,0,0,0,0,0,0,2,1,-1,6,1,55,8,1997,2,14,FORD KUGA,5,E01021921,0,4
2024141441622,2024,141441622,1,9,0,-1,19,5,1,-1,0,1,0,0,0,0,4,1,-1,9,1,53,8,2488,8,0,FORD KUGA,1,E01007491,0,1
2024052401984,2024,052401984,2,9,0,18,19,3,7,0,0,1,0,0,0,0,1,1,6,6,2,48,8,1496,1,1,FORD KUGA,1,E01007089,0,1
2024320583545,2024,320583545,1,9,0,7,7,2,4,0,0,2,0,0,0,0,1,1,6,6,2,-1,-1,1997,2,16,FORD KUGA,-1,-1,0,-1
2024010501070,2024,010501070,1,9,0,99,99,9,9,99,99,9,9,99,9,99,2,9,6,6,2,46,8,1498,1,7,FORD KUGA,3,E01002610,0,1
2024211519156,2024,211519156,2,9,0,-1,3,7,3,-1,0,0,0,0,0,0,4,9,-1,6,2,38,7,1596,1,10,FORD KUGA,10,E01029724,0,1
2024211518438,2024,211518438,2,9,0,-1,2,0,0,-1,0,0,1,4,0,0,1,1,-1,1,1,30,6,2488,8,2,FORD KUGA,-1,-1,0,-1
2024531530169,2024,531530169,2,9,0,-1,19,7,3,-1,0,0,0,0,8,9,1,1,-1,9,1,56,9,1496,1,0,FORD KUGA,8,E01035034,0,3
2024421436399,2024,421436399,1,9,0,-1,5,3,7,-1,0,0,0,0,1,1,1,1,-1,9,1,67,10,2488,8,1,FORD KUGA,6,E01021722,0,1
2024451487038,2024,451487038,2,9,0,-1,19,5,1,-1,0,0,0,2,0,0,2,1,-1,2,2,36,7,1997,2,8,FORD KUGA,9,E01024275,0,4
2024201509976,2024,201509976,2,9,0,-1,3,5,1,-1,0,0,0,0,0,0,2,9,-1,6,1,73,10,2488,8,1,FORD KUGA,10,E01010392,0,2
2024070824274,2024,070824274,1,9,0,-1,9,3,1,-1,0,5,0,0,0,0,1,1,-1,9,1,83,11,2488,8,1,FORD KUGA,6,E01012423,0,1
2024221513919,2024,221513919,1,9,0,-1,19,7,3,-1,0,0,0,10,7,0,1,9,-1,9,1,81,11,1997,2,5,FORD KUGA,7,E01018449,0,2
2024221516133,2024,221516133,1,9,0,-1,19,3,8,-1,0,0,0,0,1,4,1,9,-1,6,1,70,10,1498,1,8,FORD KUGA,5,E01032172,0,1
2024070170369,2024,070170369,2,9,0,2,2,5,1,0,0,1,0,0,0,0,0,1,6,6,2,31,6,1997,2,8,FORD KUGA,7,E01018429,0,2
2024461495932,2024,461495932,2,9,0,-1,4,1,6,-1,0,0,0,0,0,0,1,1,-1,9,2,56,9,2488,8,2,FORD KUGA,7,E01024350,0,1
2024991424278,2024,991424278,1,9,0,-1,19,4,8,-1,0,2,5,4,0,0,4,1,-1,6,1,81,11,1496,1,2,FORD KUGA,1,-1,0,1
2024201443038,2024,201443038,1,9,0,-1,19,2,6,-1,0,8,0,0,0,0,1,1,-1,6,2,41,7,1498,1,8,FORD KUGA,3,E01009750,0,1
2024131487810,2024,131487810,1,9,0,-1,13,5,1,-1,0,0,0,0,0,0,1,1,-1,2,1,55,8,1496,1,2,FORD KUGA,2,E01007435,0,1
2024010522631,2024,010522631,1,9,0,7,7,1,4,0,0,5,0,0,0,0,4,1,6,6,1,65,9,2488,8,2,FORD KUGA,6,E01002928,0,1
2024461474574,2024,461474574,1,9,0,-1,4,7,3,-1,0,0,0,0,0,0,3,1,-1,6,1,36,7,1498,1,8,FORD KUGA,3,E01024695,0,1
2024471402739,2024,471402739,1,9,0,-1,19,7,3,-1,0,0,0,0,1,4,1,1,-1,2,1,47,8,1997,2,9,FORD KUGA,4,E01024843,0,3
2024421462973,2024,421462973,2,9,0,-1,3,7,3,-1,0,8,0,0,0,0,2,1,-1,9,2,35,6,2488,8,1,FORD KUGA,4,E01021706,0,1
2024201516013,2024,201516013,2,9,0,-1,19,1,5,-1,0,8,0,0,0,0,1,1,-1,6,1,26,6,1997,2,12,FORD KUGA,5,E01009262,0,1
202454C396424,2024,54C396424,2,9,0,4,4,5,1,0,0,1,0,0,0,0,3,1,6,6,1,29,6,1997,2,8,FORD KUGA,-1,-1,0,-1
2024421481224,2024,421481224,1,9,0,-1,19,3,7,-1,0,3,0,0,0,0,3,1,-1,6,1,54,8,1997,2,9,FORD KUGA,-1,-1,0,-1
2024501453305,2024,501453305,2,9,0,-1,19,1,5,-1,0,0,0,0,0,0,2,9,-1,6,2,41,7,1997,2,13,FORD KUGA,4,E01015037,0,1
2024471426905,2024,471426905,1,9,0,-1,19,8,4,-1,0,0,0,0,0,0,1,1,-1,9,2,43,7,1499,2,6,FORD KUGA,7,E01030402,0,4
2024421494995,2024,421494995,2,9,0,-1,19,6,2,-1,0,8,0,0,0,0,1,1,-1,9,1,52,8,2488,8,2,FORD KUGA,7,E01022088,0,1
2024332401165,2024,332401165,2,9,0,-1,9,1,7,-1,0,6,0,0,0,0,1,1,-1,6,1,-1,-1,1498,1,6,FORD KUGA,3,E01013739,0,1
2024141399648,2024,141399648,2,9,0,-1,19,1,5,-1,0,0,0,0,0,0,1,1,-1,6,2,-1,-1,1997,2,9,FORD KUGA,8,E01034242,0,2
2024010543485,2024,010543485,2,9,0,18,19,3,7,0,0,0,0,0,0,0,1,1,6,6,1,27,6,1997,2,7,FORD KUGA,6,E01001652,0,1
2024461492889,2024,461492889,2,9,0,-1,19,1,5,-1,0,1,0,0,0,0,4,9,-1,9,2,34,6,1499,2,7,FORD KUGA,4,E01016157,0,1
2024991482046,2024,991482046,2,9,0,-1,19,4,8,-1,0,1,0,0,1,11,1,1,-1,9,2,27,6,1496,1,1,FORD KUGA,1,-1,0,2
2024440327718,2024,440327718,1,9,0,17,19,1,5,0,0,0,0,0,7,3,1,1,6,6,1,69,10,1995,2,3,FORD KUGA,7,E01034722,0,1
2024501448698,2024,501448698,1,9,0,-1,19,5,1,-1,0,0,0,0,0,0,1,1,-1,1,2,46,8,1997,2,14,FORD KUGA,3,E01031094,0,5
2024010543256,2024,010543256,1,9,0,17,19,2,6,0,0,1,0,0,3,2,1,1,6,6,1,70,10,1997,2,12,FORD KUGA,2,E01020977,0,4
2024622400731,2024,622400731,2,9,0,4,4,4,8,0,0,0,0,0,0,0,2,1,1,1,2,63,9,2488,8,1,FORD KUGA,4,W01000887,0,2
2024122400924,2024,122400924,3,9,0,18,19,1,5,0,0,8,0,0,0,0,1,1,6,6,1,45,7,1997,2,12,FORD KUGA,10,E01013432,0,2
2024010524880,2024,010524880,2,9,0,4,4,7,3,0,0,0,0,4,0,0,2,1,6,6,1,35,6,1498,1,6,FORD KUGA,-1,-1,0,-1
2024548446524,2024,548446524,2,9,0,18,19,3,7,0,0,1,0,0,0,0,3,1,1,1,2,34,6,1995,2,2,FORD KUGA,-1,-1,0,-1
2024010537709,2024,010537709,1,9,0,9,9,1,6,0,0,1,0,0,0,0,3,1,6,6,2,30,6,1498,1,7,FORD KUGA,5,E01004096,0,1
2024411407508,2024,411407508,1,9,0,-1,19,1,5,-1,0,1,0,0,0,0,1,9,-1,9,2,52,8,1498,1,5,FORD KUGA,7,E01000228,0,3
2024231446018,2024,231446018,3,9,0,-1,3,1,5,-1,0,0,0,0,0,0,2,9,-1,9,2,26,6,1997,2,5,FORD KUGA,2,E01031066,0,1
2024440295792,2024,440295792,2,9,0,4,4,8,4,0,0,0,0,0,0,0,1,1,2,2,1,54,8,1997,2,11,FORD KUGA,4,E01022474,0,1
2024052400175,2024,052400175,2,9,0,18,19,6,2,0,0,8,0,0,0,0,1,1,6,6,2,75,10,1997,2,9,FORD KUGA,6,E01006891,0,1
2024421401781,2024,421401781,1,9,0,-1,19,1,5,-1,0,0,0,0,0,0,1,1,-1,6,2,46,8,2488,8,1,FORD KUGA,9,E01021825,0,1
2024141470411,2024,141470411,1,9,0,-1,19,2,6,-1,0,0,0,0,0,0,3,1,-1,2,2,55,8,2488,8,3,FORD KUGA,1,E01007370,0,1
2024311494976,2024,311494976,2,9,0,-1,9,1,7,-1,0,1,0,0,0,0,1,1,-1,2,1,69,10,2488,8,0,FORD KUGA,-1,-1,0,-1
2024101479637,2024,101479637,2,9,0,-1,3,4,7,-1,0,4,0,0,0,0,2,1,-1,9,1,61,9,1499,2,3,FORD KUGA,3,E01032648,0,1
2024302400685,2024,302400685,1,9,0,18,19,7,3,0,0,0,0,0,1,4,1,1,6,6,2,33,6,2521,1,14,FORD KUGA,6,E01028125,0,1
2024461485721,2024,461485721,2,9,0,-1,19,6,2,-1,0,0,0,0,0,0,1,1,-1,9,1,36,7,1498,1,5,FORD KUGA,10,E01022476,0,5
2024991431357,2024,991431357,1,9,0,-1,19,4,8,-1,0,0,5,10,7,11,3,1,-1,9,2,33,6,1997,2,13,FORD KUGA,7,-1,0,3
2024991414353,2024,991414353,1,9,0,-1,19,3,7,-1,0,1,0,0,0,0,1,1,-1,9,1,39,7,1499,2,6,FORD KUGA,9,-1,0,4
2024351491963,2024,351491963,1,9,0,-1,7,6,2,-1,0,5,1,0,3,0,1,1,-1,1,1,35,6,1997,2,10,FORD KUGA,4,E01021265,0,4
2024010508869,2024,010508869,1,9,0,10,10,3,1,0,0,2,0,0,0,0,1,1,6,6,2,42,7,1498,1,5,FORD KUGA,6,E01017851,0,4
2024332401009,2024,332401009,1,9,0,-1,19,2,6,-1,0,0,5,10,4,2,1,1,-1,9,2,55,8,1499,2,4,FORD KUGA,1,E01034838,0,5
2024010524969,2024,010524969,3,9,0,3,3,1,5,0,0,1,0,0,0,0,2,1,6,6,2,57,9,1498,1,5,FORD KUGA,4,E01002598,0,1
2024052400698,2024,052400698,2,9,0,18,19,1,5,0,0,1,0,0,0,0,2,1,6,6,1,66,10,1995,2,3,FORD KUGA,3,E01006717,0,1
2024101522136,2024,101522136,2,9,0,-1,19,2,6,-1,0,2,0,0,0,0,3,9,-1,6,2,33,6,1995,2,3,FORD KUGA,4,E01008679,0,1
2024031393911,2024,031393911,1,9,0,-1,19,3,7,-1,0,0,1,0,0,0,3,1,-1,6,1,23,5,2488,8,1,FORD KUGA,4,E01019364,0,2
2024430116585,2024,430116585,1,9,0,7,7,5,7,0,0,8,0,0,0,0,3,1,6,6,2,-1,-1,1997,2,12,FORD KUGA,3,E01016373,0,1
2024421408407,2024,421408407,2,9,0,-1,19,8,4,-1,0,8,0,0,0,0,4,1,-1,9,2,32,6,2488,8,2,FORD KUGA,5,E01021484,0,1
2024201471627,2024,201471627,1,9,0,-1,19,6,1,-1,0,0,0,0,0,0,1,1,-1,6,3,-1,-1,2488,8,1,FORD KUGA,-1,-1,0,-1
2024340WN2182,2024,340WN2182,1,9,0,-1,9,5,1,-1,0,6,0,0,1,0,1,1,-1,6,2,-1,-1,1997,2,7,FORD KUGA,-1,-1,0,-1
2024451455335,2024,451455335,2,9,0,-1,19,1,1,-1,0,0,0,0,0,0,2,1,-1,9,2,37,7,1997,2,8,FORD KUGA,10,E01024330,0,4
2024371487085,2024,371487085,2,9,0,-1,4,3,7,-1,0,0,0,0,0,0,1,1,-1,2,1,35,6,1997,2,13,FORD KUGA,4,E01021669,0,3
2024991515099,2024,991515099,1,9,0,-1,19,5,8,-1,0,0,0,6,7,0,1,1,-1,1,1,36,7,1995,2,3,FORD KUGA,8,E01025488,0,5
2024201535757,2024,201535757,4,9,0,-1,20,0,0,-1,0,0,0,0,0,0,3,1,-1,6,-1,-1,-1,1499,2,5,FORD KUGA,-1,-1,0,-1
2024231446018,2024,231446018,4,9,0,-1,19,1,5,-1,0,0,0,0,0,0,2,9,-1,9,1,59,9,2488,8,1,FORD KUGA,4,E01031096,0,1
2024010521381,2024,010521381,1,9,0,18,19,3,7,0,0,8,0,0,0,0,1,1,6,6,3,-1,-1,1997,2,11,FORD KUGA,-1,-1,0,-1
202460Q171821,2024,60Q171821,2,9,0,18,19,8,4,0,0,0,0,0,0,0,1,1,6,6,2,60,9,1496,1,1,FORD KUGA,-1,-1,0,-1
2024991512422,2024,991512422,1,9,0,-1,19,2,6,-1,0,0,0,0,0,0,1,1,-1,7,2,39,7,1997,2,9,FORD KUGA,-1,-1,0,-1
2024461467801,2024,461467801,2,9,0,-1,19,3,7,-1,0,0,0,0,0,0,2,9,-1,6,1,57,9,1498,1,7,FORD KUGA,5,E01032653,0,4
2024041504575,2024,041504575,1,9,0,-1,19,5,1,-1,0,0,0,0,1,0,1,1,-1,1,1,62,9,1997,2,11,FORD KUGA,3,E01019270,0,4
2024351432609,2024,351432609,1,9,0,-1,19,5,1,-1,0,1,0,0,0,0,1,1,-1,6,2,24,5,1997,2,7,FORD KUGA,6,E01023874,0,4
2024161528982,2024,161528982,2,9,0,-1,2,0,0,-1,0,0,0,0,0,0,3,1,-1,6,-1,-1,-1,1498,1,9,FORD KUGA,-1,-1,0,-1
2024522403265,2024,522403265,2,9,0,10,10,2,8,0,0,8,0,0,0,0,2,1,6,6,1,29,6,1997,2,9,FORD KUGA,7,E01014535,0,1
2024010534407,2024,010534407,2,9,9,99,99,9,9,99,99,8,9,99,9,99,9,9,6,6,3,-1,-1,1498,1,7,FORD KUGA,-1,-1,0,-1
2024411534034,2024,411534034,2,9,0,-1,9,4,2,-1,0,0,0,0,0,0,3,1,-1,1,2,58,9,1997,2,6,FORD KUGA,6,E01023708,0,1
2024122400501,2024,122400501,1,9,0,9,9,5,3,0,0,8,0,0,0,0,2,1,2,2,1,44,7,1997,2,6,FORD KUGA,2,E01011809,0,3
2024010505723,2024,010505723,1,9,0,99,99,9,9,99,99,9,9,99,9,99,1,9,6,6,1,40,7,1498,1,7,FORD KUGA,4,E01000610,0,1
2024340WN6242,2024,340WN6242,3,9,0,-1,19,5,1,-1,0,0,0,0,0,0,1,1,-1,2,1,43,7,1997,2,9,FORD KUGA,2,E01027214,0,2
2024010526519,2024,010526519,1,9,0,99,99,9,9,99,99,0,9,99,9,99,9,9,6,6,1,40,7,1997,2,5,FORD KUGA,4,E01007382,0,5
2024371442764,2024,371442764,2,9,0,-1,2,0,0,-1,-1,0,0,4,0,0,2,1,-1,6,2,-1,-1,1997,2,15,FORD KUGA,-1,-1,0,-1
2024631408207,2024,631408207,1,9,0,-1,19,3,7,-1,0,0,0,0,0,0,4,1,-1,2,2,34,6,1997,2,9,FORD KUGA,5,W01000630,0,1
2024161435697,2024,161435697,1,9,0,-1,4,8,4,-1,0,0,0,0,0,0,2,1,-1,6,1,71,10,1997,2,9,FORD KUGA,8,E01012791,0,1