collision_index,collision_year,collision_ref_no,vehicle_reference,vehicle_type,towing_and_articulation,vehicle_manoeuvre_historic,vehicle_manoeuvre,vehicle_direction_from,vehicle_direction_to,vehicle_location_restricted_lane_historic,vehicle_location_restricted_lane,junction_location,skidding_and_overturning,hit_object_in_carriageway,vehicle_leaving_carriageway,hit_object_off_carriageway,first_point_of_impact,vehicle_left_hand_drive,journey_purpose_of_driver_historic,journey_purpose_of_driver,sex_of_driver,age_of_driver,age_band_of_driver,engine_capacity_cc,propulsion_code,age_of_vehicle,generic_make_model,driver_imd_decile,lsoa_of_driver,escooter_flag,driver_distance_banding
2024131406180,2024,131406180,2,9,0,-1,19,6,2,-1,0,0,0,0,0,0,3,1,-1,6,1,54,8,1496,1,1,FORD KUGA,6,E01013895,0,5
2024311531750,2024,311531750,1,9,0,-1,7,6,7,-1,0,1,0,0,0,0,1,1,-1,7,2,45,7,1496,1,1,FORD KUGA,9,E01028120,0,1
2024101457518,2024,101457518,1,9,0,-1,5,3,7,-1,0,6,0,0,0,0,3,1,-1,2,1,43,7,1499,2,4,FORD KUGA,2,E01027443,0,2
2024010517046,2024,010517046,1,9,0,99,99,9,9,99,99,9,9,99,9,99,1,9,6,6,3,-1,-1,1499,2,8,FORD KUGA,-1,-1,0,-1
2024371405268,2024,371405268,2,9,-1,-1,-1,-1,-1,-1,-1,0,-1,-1,-1,0,-1,9,-1,9,2,37,7,1499,2,6,FORD KUGA,7,E01029899,0,1
2024201551785,2024,201551785,2,9,0,-1,2,0,0,-1,0,0,0,4,0,0,1,1,-1,9,1,33,6,1995,2,2,FORD KUGA,5,E01009473,0,1
2024421458815,2024,421458815,2,9,0,-1,19,5,7,-1,0,0,0,0,0,0,3,1,-1,9,2,59,9,1997,2,5,FORD KUGA,5,E01021651,0,4
2024201476210,2024,201476210,1,9,0,-1,19,8,4,-1,0,0,0,0,0,0,2,1,-1,6,1,59,9,2488,8,1,FORD KUGA,1,E01009202,0,2
2024311433847,2024,311433847,2,9,0,-1,19,2,2,-1,0,0,0,0,0,0,1,1,-1,6,1,49,8,1997,2,6,FORD KUGA,5,E01027989,0,1
2024421414619,2024,421414619,2,9,0,-1,19,3,7,-1,0,0,0,0,0,0,0,1,-1,9,1,60,9,1997,2,8,FORD KUGA,5,E01015994,0,1
2024231431128,2024,231431128,2,9,0,-1,6,7,7,-1,0,0,0,0,0,0,1,1,-1,9,1,44,7,1498,1,7,FORD KUGA,3,E01031006,0,1
2024371488304,2024,371488304,1,9,0,-1,10,-1,-1,-1,0,0,0,0,0,0,1,1,-1,6,1,-1,-1,1997,2,10,FORD KUGA,-1,-1,0,-1
2024421419069,2024,421419069,2,9,0,-1,19,5,1,-1,0,0,0,0,0,0,2,1,-1,9,1,26,6,1997,2,7,FORD KUGA,-1,-1,0,-1
2024052401729,2024,052401729,4,9,0,18,19,4,8,0,0,0,0,0,0,0,2,1,6,6,2,38,7,1997,2,13,FORD KUGA,8,E01006824,0,3
2024501531281,2024,501531281,1,9,0,-1,4,1,5,-1,0,0,0,0,0,0,4,1,-1,6,1,25,5,1499,2,6,FORD KUGA,1,E01015145,0,1
2024440073740,2024,440073740,1,9,0,4,4,2,6,0,0,0,0,0,0,0,2,1,6,6,2,44,7,1499,2,6,FORD KUGA,-1,-1,0,-1
2024101505822,2024,101505822,2,9,0,-1,9,5,2,-1,0,8,0,0,0,0,3,1,-1,6,1,43,7,1499,2,6,FORD KUGA,7,E01008781,0,1
2024131517899,2024,131517899,3,9,0,-1,3,2,8,-1,0,8,0,0,0,0,2,1,-1,6,3,-1,-1,1997,2,6,FORD KUGA,-1,-1,0,-1
2024141458775,2024,141458775,1,9,0,-1,9,3,1,-1,0,1,0,0,0,0,3,1,-1,6,2,35,6,1498,1,6,FORD KUGA,2,E01007504,0,1
2024052400496,2024,052400496,2,9,0,3,3,7,3,0,0,0,0,0,0,0,2,1,6,6,3,-1,-1,1997,2,7,FORD KUGA,-1,-1,0,-1
2024010528762,2024,010528762,1,9,0,4,4,7,3,0,0,0,0,0,0,0,2,1,6,6,1,63,9,2488,8,0,FORD KUGA,5,E01021380,0,4
2024461424303,2024,461424303,2,9,0,-1,19,8,4,-1,0,0,0,0,0,0,1,1,-1,9,1,68,10,1997,2,7,FORD KUGA,6,E01024406,0,3
2024421455381,2024,421455381,2,9,0,-1,2,0,0,-1,0,2,0,0,0,0,4,1,-1,6,3,-1,-1,1499,2,4,FORD KUGA,-1,-1,0,-1
2024010515180,2024,010515180,1,9,0,7,7,5,8,0,0,5,0,0,0,0,1,1,6,6,1,39,7,1496,1,1,FORD KUGA,3,E01001116,0,3
2024010525736,2024,010525736,3,9,0,18,19,5,1,0,0,1,0,0,0,0,1,1,6,6,3,-1,-1,1997,2,10,FORD KUGA,-1,-1,0,-1
2024041489298,2024,041489298,1,9,0,-1,9,5,3,-1,0,8,0,0,0,0,0,1,-1,9,1,35,6,2488,8,0,FORD KUGA,7,E01025485,0,4
2024031441582,2024,031441582,2,9,0,-1,6,7,3,-1,0,0,0,0,0,0,0,1,-1,6,1,60,9,1499,2,7,FORD KUGA,8,E01019390,0,3
2024010516952,2024,010516952,1,9,0,18,19,5,1,0,0,2,0,4,0,0,1,1,6,6,1,26,6,2488,8,4,FORD KUGA,4,E01003769,0,1
2024010510469,2024,010510469,1,9,0,4,4,5,1,0,0,1,0,0,0,0,2,1,6,6,1,60,9,1499,2,4,FORD KUGA,3,E01021974,0,4
2024531423924,2024,531423924,2,9,0,-1,19,1,5,-1,0,0,1,0,0,0,1,1,-1,2,1,30,6,1997,2,8,FORD KUGA,2,E01034334,0,4
2024311475981,2024,311475981,1,9,0,-1,9,5,3,-1,0,6,0,0,0,0,1,1,-1,1,1,19,4,1997,2,10,FORD KUGA,10,E01019848,0,4
2024631460069,2024,631460069,2,9,0,-1,19,4,7,-1,0,1,1,0,0,0,1,1,-1,2,2,50,8,1997,2,10,FORD KUGA,9,W01001901,0,1
2024161454927,2024,161454927,2,9,0,-1,19,2,6,-1,0,1,0,0,0,0,1,9,-1,6,1,75,10,1997,2,9,FORD KUGA,4,E01013050,0,2
2024371398730,2024,371398730,1,9,0,-1,19,2,7,-1,0,0,1,0,1,3,1,1,-1,2,1,44,7,2488,8,1,FORD KUGA,5,E01030174,0,3
2024440231041,2024,440231041,2,9,0,9,9,3,1,0,0,6,0,0,0,0,3,1,6,6,2,33,6,1997,2,15,FORD KUGA,9,E01022881,0,1
2024010548897,2024,010548897,3,9,0,4,4,5,1,0,0,0,0,0,0,0,2,1,6,6,2,40,7,1498,1,9,FORD KUGA,3,E01021326,0,4
2024010501697,2024,010501697,1,9,0,18,19,1,5,0,0,1,0,0,0,0,1,1,6,6,2,31,6,2488,8,1,FORD KUGA,4,E01004526,0,1
2024631532521,2024,631532521,1,9,0,-1,19,2,6,-1,0,0,5,0,2,11,4,1,-1,9,1,34,6,1496,1,1,FORD KUGA,3,W01000999,0,4
2024031405907,2024,031405907,2,9,0,-1,19,3,7,-1,0,1,0,0,0,0,1,9,-1,6,1,59,9,2488,8,1,FORD KUGA,-1,-1,0,-1
2024552401473,2024,552401473,3,9,0,3,3,6,2,0,0,0,0,0,0,0,2,1,6,6,2,22,5,1997,2,13,FORD KUGA,5,E01015380,0,2
2024101449225,2024,101449225,1,9,0,-1,3,1,3,-1,0,6,0,0,0,0,1,1,-1,6,2,56,9,1997,2,9,FORD KUGA,6,E01008696,0,1
2024041422792,2024,041422792,1,9,0,-1,19,3,7,-1,0,0,0,0,0,0,1,1,-1,6,1,47,8,1997,2,14,FORD KUGA,2,E01025032,0,3
2024520500220,2024,520500220,2,9,0,18,19,1,5,0,0,0,0,0,0,0,3,1,6,6,1,57,9,2488,8,0,FORD KUGA,9,E01029076,0,1
2024991444818,2024,991444818,2,9,0,-1,19,7,3,-1,0,3,0,0,0,0,4,1,-1,9,1,33,6,1997,2,5,FORD KUGA,3,-1,0,1
2024010516938,2024,010516938,1,9,0,1,1,1,5,0,0,5,0,0,0,0,2,1,6,6,1,34,6,2488,8,2,FORD KUGA,3,E01003221,0,3
2024501523535,2024,501523535,1,9,0,-1,7,4,6,-1,0,1,0,0,0,0,1,1,-1,6,2,48,8,1498,1,8,FORD KUGA,-1,-1,0,-1
2024401513378,2024,401513378,1,9,0,-1,13,7,3,-1,0,0,0,0,0,0,3,1,-1,2,1,39,7,1596,1,11,FORD KUGA,3,E01017580,0,2
2024131525078,2024,131525078,1,9,0,-1,19,1,1,-1,0,0,0,0,0,0,1,1,-1,9,1,75,10,2488,8,0,FORD KUGA,2,E01010889,0,1
2024401492322,2024,401492322,1,9,0,-1,-1,-1,-1,-1,-1,-1,-1,-1,-1,0,-1,9,-1,9,2,36,7,1997,2,7,FORD KUGA,8,E01033815,0,1
2024061472580,2024,061472580,3,9,0,-1,2,0,0,-1,0,0,0,0,0,0,1,1,-1,6,-1,-1,-1,2488,8,1,FORD KUGA,-1,-1,0,-1
2024552401048,2024,552401048,2,9,0,18,19,5,1,0,0,6,0,0,0,0,1,1,6,6,1,80,11,2488,8,1,FORD KUGA,9,E01015463,0,3
2024421450499,2024,421450499,3,9,0,-1,5,5,5,-1,0,0,0,4,0,0,4,9,-1,6,2,31,6,1499,2,5,FORD KUGA,9,E01021943,0,1
2024531505816,2024,531505816,2,9,0,-1,4,8,4,-1,0,0,0,0,0,0,2,1,-1,9,2,47,8,1997,2,8,FORD KUGA,7,E01022239,0,1
2024461393694,2024,461393694,9,9,0,-1,4,4,8,-1,0,0,0,0,0,0,3,1,-1,9,1,43,7,1498,1,4,FORD KUGA,8,E01016175,0,3
2024131485519,2024,131485519,1,9,0,-1,19,3,7,-1,0,0,0,0,0,0,1,1,-1,9,1,74,10,1499,2,7,FORD KUGA,2,E01011856,0,1
2024411546742,2024,411546742,3,9,0,-1,19,6,2,-1,0,1,0,0,0,0,1,1,-1,2,2,52,8,1498,1,8,FORD KUGA,4,E01023393,0,1
2024041426010,2024,041426010,2,9,0,-1,2,0,0,-1,0,0,0,0,0,0,1,1,-1,6,-1,-1,-1,1997,2,5,FORD KUGA,-1,-1,0,-1
2024411539020,2024,411539020,2,9,0,-1,19,5,1,-1,0,0,0,0,0,0,1,1,-1,6,1,44,7,2488,8,2,FORD KUGA,4,E01023766,0,4
2024522401359,2024,522401359,1,9,0,5,5,8,4,0,0,6,0,0,0,0,1,1,6,6,2,36,7,2488,8,1,FORD KUGA,7,E01014909,0,1
2024010497526,2024,010497526,1,9,0,18,19,1,5,0,0,1,1,0,0,0,3,1,6,6,2,29,6,1498,1,5,FORD KUGA,5,E01003084,0,1
2024421408902,2024,421408902,1,9,0,-1,8,4,7,-1,0,4,0,0,0,0,4,9,-1,6,2,62,9,1997,2,6,FORD KUGA,6,E01029880,0,3
2024610035224,2024,610035224,1,9,0,4,4,6,2,0,0,0,0,0,0,0,2,1,6,6,1,39,7,1997,2,10,FORD KUGA,9,E01035267,0,5
2024440378816,2024,440378816,1,9,0,5,5,4,2,0,0,6,0,0,0,0,4,1,6,6,1,47,8,1997,2,7,FORD KUGA,10,E01022874,0,2
2024320751072,2024,320751072,2,9,0,-1,-1,8,4,0,0,3,0,0,0,0,2,1,-1,-1,2,55,8,1997,2,8,FORD KUGA,-1,-1,0,-1
2024430569031,2024,430569031,2,9,0,9,9,7,5,0,0,8,1,0,0,0,1,1,6,6,1,28,6,1499,2,3,FORD KUGA,7,E01030527,0,4
2024421469002,2024,421469002,3,9,0,-1,10,1,5,-1,0,0,0,0,0,0,2,1,-1,6,2,37,7,2488,8,0,FORD KUGA,8,E01034364,0,2
2024421494524,2024,421494524,1,9,0,-1,19,2,6,-1,0,0,0,0,5,6,1,1,-1,9,1,64,9,2488,8,2,FORD KUGA,3,E01002264,0,4
2024131457370,2024,131457370,1,9,0,-1,4,2,6,-1,0,8,0,0,0,0,1,1,-1,6,1,58,9,2488,8,1,FORD KUGA,2,E01010779,0,1
2024131488611,2024,131488611,2,9,0,-1,2,0,0,-1,0,1,0,4,0,0,4,1,-1,6,-1,-1,-1,1997,2,14,FORD KUGA,-1,-1,0,-1
2024411517832,2024,411517832,2,9,0,-1,5,5,8,-1,0,0,0,0,0,0,1,1,-1,2,1,39,7,1997,2,5,FORD KUGA,9,E01023428,0,1
2024010521608,2024,010521608,2,9,0,99,99,9,9,99,99,9,9,99,9,99,9,9,6,6,3,-1,-1,1997,2,7,FORD KUGA,9,E01030589,0,3
2024131452605,2024,131452605,2,9,0,-1,10,6,4,-1,0,1,0,0,0,0,0,1,-1,9,2,17,4,1995,2,4,FORD KUGA,3,E01011761,0,1
2024522402672,2024,522402672,1,9,0,3,3,5,1,0,0,0,0,0,0,0,2,1,6,6,1,51,8,2521,1,15,FORD KUGA,4,E01014704,0,1
2024122500097,2024,122500097,1,9,0,7,7,7,3,0,0,0,0,0,0,0,3,1,6,6,2,41,7,1997,2,12,FORD KUGA,7,E01027585,0,1
2024631398603,2024,631398603,2,9,0,-1,19,6,2,-1,0,0,0,0,1,10,1,1,-1,9,2,47,8,1997,2,5,FORD KUGA,9,W01000444,0,1
2024231519698,2024,231519698,2,9,0,-1,3,2,6,-1,0,0,0,0,0,0,0,1,-1,9,2,37,7,1997,2,7,FORD KUGA,10,E01009694,0,2
2024421453650,2024,421453650,2,9,0,-1,3,6,3,-1,0,0,0,0,0,0,2,1,-1,6,2,58,9,2488,8,2,FORD KUGA,10,E01002253,0,2
2024332400722,2024,332400722,1,9,0,-1,7,6,8,-1,0,5,0,0,0,0,1,1,-1,2,1,36,7,1997,2,14,FORD KUGA,5,E01025716,0,1
2024991394247,2024,991394247,1,9,0,-1,19,1,5,-1,0,5,0,6,7,0,1,1,-1,9,2,76,11,1499,2,6,FORD KUGA,10,-1,0,4
2024161435684,2024,161435684,2,9,0,-1,9,1,7,-1,0,6,0,0,0,0,3,1,-1,2,1,61,9,1499,2,3,FORD KUGA,10,E01013059,0,1
2024351532150,2024,351532150,3,9,0,-1,19,8,4,-1,0,0,0,0,7,9,3,1,-1,2,1,55,8,1498,1,6,FORD KUGA,9,E01027052,0,2
2024211436762,2024,211436762,2,9,0,-1,19,8,4,-1,0,0,0,0,0,0,2,1,-1,9,1,35,6,1997,2,9,FORD KUGA,8,E01018509,0,4
2024101512470,2024,101512470,2,9,0,-1,19,5,2,-1,0,8,0,0,0,0,4,9,-1,6,1,36,7,1997,2,10,FORD KUGA,3,E01008451,0,1
2024520402533,2024,520402533,1,9,0,11,11,2,5,0,0,1,0,0,0,0,3,1,6,6,2,46,8,1997,2,10,FORD KUGA,8,E01035128,0,1
2024141470021,2024,141470021,2,9,0,-1,4,5,1,-1,0,1,0,0,0,0,1,1,-1,9,2,45,7,1997,2,14,FORD KUGA,1,E01007568,0,1
2024010502919,2024,010502919,2,9,0,6,6,9,9,99,99,9,9,99,9,99,9,9,6,6,3,-1,-1,2488,8,1,FORD KUGA,-1,-1,0,-1
2024010507092,2024,010507092,1,9,0,18,19,7,3,0,0,2,0,0,0,0,1,1,6,6,1,35,6,2488,8,1,FORD KUGA,6,E01005694,0,5
2024501428992,2024,501428992,1,9,0,-1,4,5,1,-1,0,0,0,0,0,0,1,1,-1,9,1,85,11,1997,2,11,FORD KUGA,10,E01022740,0,5
2024610030024,2024,610030024,2,9,0,18,19,8,4,0,0,0,0,0,7,0,1,1,2,2,1,62,9,1997,2,11,FORD KUGA,-1,-1,0,-1
2024421414861,2024,421414861,2,9,0,-1,3,3,7,-1,0,6,0,0,0,0,3,1,-1,9,2,33,6,2488,8,1,FORD KUGA,10,E01021480,0,1
2024421502296,2024,421502296,1,9,0,-1,19,5,1,-1,0,0,2,0,7,0,1,1,-1,6,1,43,7,1997,2,9,FORD KUGA,10,E01033053,0,1
2024031494054,2024,031494054,2,9,0,-1,19,6,1,-1,0,8,0,0,0,0,1,1,-1,6,2,33,6,1997,2,9,FORD KUGA,-1,-1,0,-1
2024010502443,2024,010502443,5,9,0,2,2,0,0,0,0,1,0,0,0,0,1,1,6,6,3,-1,-1,2488,8,2,FORD KUGA,-1,-1,0,-1
2024010537544,2024,010537544,2,9,0,99,99,9,9,99,99,9,9,99,9,99,2,9,6,6,2,51,8,2488,8,0,FORD KUGA,2,E01003303,0,1
2024991491170,2024,991491170,1,9,0,-1,19,2,6,-1,0,0,0,0,0,0,1,1,-1,9,1,26,6,2488,8,1,FORD KUGA,4,-1,0,1
2024302400408,2024,302400408,2,9,0,18,19,5,1,0,0,8,0,0,0,0,1,1,6,6,1,35,6,1997,2,13,FORD KUGA,3,E01019506,0,1
2024031515488,2024,031515488,1,9,0,-1,19,3,3,-1,0,1,0,10,1,4,1,9,-1,6,2,54,8,1997,2,13,FORD KUGA,2,E01019207,0,1
2024131474852,2024,131474852,2,9,0,-1,9,1,1,-1,0,0,0,0,0,0,2,1,-1,9,1,66,10,1997,2,6,FORD KUGA,1,E01010802,0,1
2024010503838,2024,010503838,2,9,0,3,3,3,7,0,0,0,0,0,0,0,2,1,6,6,1,36,7,1997,2,7,FORD KUGA,2,E01021314,0,4
2024041530724,2024,041530724,1,9,0,-1,19,5,1,-1,0,0,0,0,0,0,1,1,-1,9,1,83,11,1499,2,6,FORD KUGA,3,E01025249,0,1
2024421488054,2024,421488054,1,9,0,-1,19,3,-1,-1,0,4,0,0,0,0,1,1,-1,6,1,-1,-1,2488,8,1,FORD KUGA,-1,-1,0,-1
2024461459975,2024,461459975,2,9,0,-1,19,5,2,-1,0,1,0,10,0,0,2,1,-1,6,2,56,9,1997,2,10,FORD KUGA,5,E01016088,0,1
2024471483214,2024,471483214,1,9,0,-1,19,-1,-1,-1,0,0,0,0,0,0,3,1,-1,9,1,50,8,1997,2,11,FORD KUGA,8,E01021233,0,1
2024041430162,2024,041430162,2,9,0,-1,7,3,7,-1,0,0,0,0,0,0,2,1,-1,1,1,37,7,1997,2,11,FORD KUGA,8,E01024923,0,1
2024010502444,2024,010502444,1,9,0,18,19,1,5,0,0,1,0,0,0,0,3,1,6,6,2,49,8,2488,8,1,FORD KUGA,2,E01004541,0,1
2024471469845,2024,471469845,1,9,0,-1,5,1,5,-1,0,1,0,0,0,0,4,1,-1,9,1,65,9,1997,2,9,FORD KUGA,7,E01021033,0,1
2024351434523,2024,351434523,3,9,0,-1,19,1,1,-1,0,0,1,0,0,0,3,1,-1,6,1,66,10,1997,2,9,FORD KUGA,4,E01006625,0,5
2024010541116,2024,010541116,2,90,9,5,5,9,9,99,99,0,9,99,9,99,1,9,6,6,1,34,6,6690,2,5,MAKE AND MODEL REDACTED,4,E01031652,0,4
2024522401946,2024,522401946,1,5,0,9,9,4,1,0,0,6,0,0,0,0,1,1,6,6,1,42,7,1062,1,27,KAWASAKI ZR,6,E01014508,0,1
2024010487668,2024,010487668,1,5,0,18,19,4,8,0,0,1,2,0,7,2,1,1,6,6,1,33,6,1043,1,9,KAWASAKI ZR,3,E01000128,0,1
2024610027024,2024,610027024,1,5,0,16,19,7,2,0,0,0,0,0,7,0,1,1,6,6,1,27,6,750,1,19,KAWASAKI ZR,5,E01018213,0,5
2024031423093,2024,031423093,1,5,0,-1,19,4,8,-1,0,0,2,0,1,1,4,1,-1,2,1,60,9,998,1,3,KAWASAKI ZR,-1,-1,0,-1
2024361474283,2024,361474283,1,5,0,-1,19,5,1,-1,0,0,0,0,0,0,1,1,-1,9,1,50,8,948,1,4,KAWASAKI ZR,-1,-1,0,-1
2024471482116,2024,471482116,2,5,0,-1,19,1,5,-1,0,0,0,0,0,0,4,1,-1,9,1,55,8,948,1,3,KAWASAKI ZR,4,E01031415,0,4
2024501530935,2024,501530935,1,5,0,-1,13,2,6,-1,0,0,2,0,1,0,1,1,-1,6,1,43,7,948,1,0,KAWASAKI ZR,5,E01019923,0,1
2024010533520,2024,010533520,1,5,0,18,19,1,5,0,0,2,1,0,0,0,0,1,6,6,2,35,6,748,1,16,KAWASAKI ZR,6,E01000274,0,3
2024010508080,2024,010508080,2,5,0,18,19,7,3,0,0,0,0,0,0,0,1,1,6,6,1,33,6,948,1,3,KAWASAKI ZR,3,E01000094,0,2
2024520401971,2024,520401971,2,5,0,7,7,3,7,0,0,3,0,0,0,0,1,1,6,6,1,65,9,948,1,4,KAWASAKI ZR,10,E01035123,0,2
2024991461996,2024,991461996,1,5,0,-1,19,3,6,-1,0,0,0,0,0,0,1,1,-1,9,1,38,7,1043,1,6,KAWASAKI ZR,1,E01007048,0,5
2024010527405,2024,010527405,1,5,0,9,9,2,1,0,0,1,0,0,0,0,4,1,6,6,1,37,7,1000,1,17,KAWASAKI ZR,8,E01004168,0,1
2024371514122,2024,371514122,2,5,0,-1,3,1,5,-1,0,1,0,0,0,0,2,1,-1,6,1,33,6,948,1,4,KAWASAKI ZR,6,E01033317,0,3
2024451399994,2024,451399994,1,5,0,-1,5,3,7,-1,0,1,2,0,0,0,1,1,-1,1,1,31,6,806,1,8,KAWASAKI ZR,9,E01030322,0,2
2024421485689,2024,421485689,2,5,0,-1,19,5,1,-1,0,0,0,0,0,0,0,1,-1,6,1,35,6,948,1,3,KAWASAKI ZR,3,E01021418,0,4
2024311512606,2024,311512606,1,5,0,-1,2,0,0,-1,-1,8,5,0,0,0,1,1,-1,9,1,25,5,948,1,7,KAWASAKI ZR,-1,-1,0,-1
2024552401380,2024,552401380,1,5,0,17,19,8,5,0,0,0,0,0,2,4,1,1,6,6,1,47,8,748,1,17,KAWASAKI ZR,6,E01020398,0,1
2024340WN3012,2024,340WN3012,1,5,0,-1,19,3,7,-1,0,0,2,0,7,2,1,1,-1,9,1,23,5,806,1,9,KAWASAKI ZR,8,E01034458,0,4
2024031426448,2024,031426448,2,5,0,-1,19,2,6,-1,0,1,1,0,0,0,1,1,-1,6,1,49,8,948,1,7,KAWASAKI ZR,-1,-1,0,-1
2024221481109,2024,221481109,2,5,0,-1,4,3,8,-1,0,1,0,0,0,0,2,1,-1,6,1,51,8,1043,1,6,KAWASAKI ZR,4,E01009313,0,4
2024461448229,2024,461448229,2,5,0,-1,19,5,3,-1,0,0,1,0,0,0,4,1,-1,6,1,23,5,748,1,18,KAWASAKI ZR,6,E01024064,0,1
2024010495774,2024,010495774,1,5,0,99,99,9,9,99,99,9,9,99,9,99,9,1,6,6,1,32,6,806,1,11,KAWASAKI ZR,5,E01030719,0,3
2024302401472,2024,302401472,2,5,0,18,19,4,8,0,0,3,1,0,0,0,1,1,6,6,1,30,6,948,1,1,KAWASAKI ZR,5,E01026192,0,4
2024451475312,2024,451475312,1,5,0,-1,19,1,5,-1,0,1,0,0,0,0,1,1,-1,9,1,31,6,806,1,8,KAWASAKI ZR,5,E01030995,0,1
2024461481146,2024,461481146,1,5,0,-1,19,3,7,-1,0,3,1,0,0,0,3,1,-1,9,1,56,9,948,1,5,KAWASAKI ZR,5,E01024304,0,4
2024010527939,2024,010527939,1,5,0,12,12,5,1,0,0,0,5,0,1,0,1,1,2,2,1,27,6,806,1,10,KAWASAKI ZR,4,E01003436,0,3
2024010546982,2024,010546982,1,5,0,99,99,9,9,99,99,9,9,99,9,99,9,1,2,2,1,56,9,806,1,11,KAWASAKI ZR,6,E01004181,0,3
2024548465124,2024,548465124,1,5,0,18,19,4,8,0,0,1,1,0,0,0,1,1,6,6,1,27,6,750,1,19,KAWASAKI ZR,1,E01015572,0,1
2024430451359,2024,430451359,1,5,0,17,19,2,6,0,0,0,0,0,1,10,1,1,6,6,1,63,9,948,1,2,KAWASAKI ZR,8,E01017916,0,4
2024461486087,2024,461486087,3,5,0,-1,15,5,5,-1,0,3,2,0,1,10,3,1,-1,6,1,62,9,953,1,15,KAWASAKI ZR,2,E01024398,0,2
2024401467978,2024,401467978,2,5,0,-1,19,1,5,-1,0,0,0,10,1,10,1,1,-1,9,1,47,8,748,1,18,KAWASAKI ZR,9,E01017541,0,1
2024430564982,2024,430564982,2,5,0,18,19,6,2,0,0,8,0,0,0,0,4,1,6,6,1,60,9,948,1,1,KAWASAKI ZR,6,E01028586,0,1
2024131471798,2024,131471798,1,5,0,-1,19,7,3,-1,0,0,2,0,0,0,4,1,-1,9,1,60,9,948,1,3,KAWASAKI ZR,1,E01011922,0,1
2024221473409,2024,221473409,2,5,0,-1,19,8,4,-1,0,8,1,0,0,0,1,1,-1,9,1,58,9,953,1,21,KAWASAKI ZR,6,W01000487,0,4
2024421453359,2024,421453359,1,5,0,-1,15,7,3,-1,0,1,0,0,0,0,1,1,-1,6,1,56,9,953,1,20,KAWASAKI ZR,7,E01021608,0,3
2024101507099,2024,101507099,2,5,0,-1,19,2,5,-1,0,0,1,0,0,0,1,1,-1,9,1,57,9,948,1,1,KAWASAKI ZR,2,E01008280,0,4
2024122400692,2024,122400692,1,5,0,18,19,7,3,0,0,0,0,0,1,0,1,1,6,6,1,65,9,1165,1,22,KAWASAKI ZR,10,E01027914,0,1
2024531483709,2024,531483709,2,5,0,-1,19,4,8,-1,0,1,0,0,0,0,1,1,-1,9,1,69,10,948,1,3,KAWASAKI ZR,8,E01022387,0,1
2024440364944,2024,440364944,1,5,0,18,19,2,6,0,0,0,0,11,0,0,1,1,6,6,1,31,6,748,1,13,KAWASAKI ZR,3,E01017105,0,4
2024991510030,2024,991510030,1,5,0,-1,19,8,3,-1,0,0,0,0,0,0,4,1,-1,6,1,34,6,1000,1,17,KAWASAKI ZR,1,-1,0,1
2024631433921,2024,631433921,1,5,0,-1,19,2,6,-1,0,0,0,0,1,4,1,1,-1,6,1,49,8,748,1,19,KAWASAKI ZR,5,W01000590,0,4
2024991495033,2024,991495033,1,5,0,-1,19,7,3,-1,0,0,1,0,0,0,1,1,-1,6,1,34,6,748,1,19,KAWASAKI ZR,5,-1,0,3
2024991451591,2024,991451591,2,5,0,-1,19,1,5,-1,0,4,0,0,0,0,1,1,-1,9,1,48,8,806,1,10,KAWASAKI ZR,9,-1,0,1
2024061458942,2024,061458942,1,5,0,-1,19,5,1,-1,0,0,0,7,6,1,1,1,-1,6,1,60,9,948,1,3,KAWASAKI ZR,1,E01005615,0,1
2024041485937,2024,041485937,1,5,0,-1,13,1,5,-1,0,1,0,0,7,0,1,1,-1,9,1,59,9,806,1,9,KAWASAKI ZR,1,E01025067,0,1
2024991496013,2024,991496013,2,5,0,-1,19,3,7,-1,0,1,5,0,0,0,1,1,-1,9,1,42,7,748,1,16,KAWASAKI ZR,1,-1,0,5
2024061444639,2024,061444639,1,5,0,-1,19,1,5,-1,0,0,0,0,0,0,1,1,-1,6,1,30,6,806,1,8,KAWASAKI ZR,7,E01005401,0,2
2024161439188,2024,161439188,2,5,0,-1,19,7,3,-1,0,0,0,0,0,0,1,1,-1,9,1,56,9,948,1,5,KAWASAKI ZR,2,E01012992,0,3
202460Q153657,2024,60Q153657,1,5,0,11,11,2,6,0,0,3,5,0,0,0,4,1,6,6,1,26,6,748,1,19,KAWASAKI ZR,-1,-1,0,-1
2024111494659,2024,111494659,2,5,0,-1,19,7,3,-1,0,0,0,0,0,0,1,1,-1,6,1,29,6,806,1,8,KAWASAKI ZR,4,E01008583,0,4
2024451531970,2024,451531970,1,5,0,-1,13,1,5,-1,0,1,2,7,0,0,1,1,-1,2,1,64,9,948,1,6,KAWASAKI ZR,10,E01030641,0,1
2024451469518,2024,451469518,4,5,0,-1,19,7,3,-1,0,0,0,0,0,0,1,1,-1,9,1,62,9,948,1,1,KAWASAKI ZR,9,E01030731,0,1
2024501473560,2024,501473560,2,5,0,-1,19,7,3,-1,0,1,0,0,0,0,3,1,-1,9,1,35,6,1043,1,14,KAWASAKI ZR,2,E01015181,0,2
2024361460118,2024,361460118,2,5,0,-1,3,7,3,-1,0,1,1,0,0,0,1,1,-1,9,1,56,9,948,1,2,KAWASAKI ZR,6,E01026446,0,4