collision_index,collision_year,collision_ref_no,vehicle_reference,vehicle_type,towing_and_articulation,vehicle_manoeuvre_historic,vehicle_manoeuvre,vehicle_direction_from,vehicle_direction_to,vehicle_location_restricted_lane_historic,vehicle_location_restricted_lane,junction_location,skidding_and_overturning,hit_object_in_carriageway,vehicle_leaving_carriageway,hit_object_off_carriageway,first_point_of_impact,vehicle_left_hand_drive,journey_purpose_of_driver_historic,journey_purpose_of_driver,sex_of_driver,age_of_driver,age_band_of_driver,engine_capacity_cc,propulsion_code,age_of_vehicle,generic_make_model,driver_imd_decile,lsoa_of_driver,escooter_flag,driver_distance_banding
2024340WN5332,2024,340WN5332,1,9,0,-1,19,5,1,-1,0,0,0,0,0,0,1,1,-1,6,2,35,6,1598,1,11,MINI CLUBMAN,10,E01027015,0,1
2024430443315,2024,430443315,1,9,0,18,19,2,6,0,0,0,5,0,0,0,1,1,6,6,1,19,4,1598,2,12,MINI CLUBMAN,10,E01027280,0,1
2024061532837,2024,061532837,4,9,-1,-1,-1,-1,-1,-1,-1,0,-1,-1,-1,0,-1,9,-1,6,3,-1,-1,1499,1,4,MINI CLUBMAN,-1,-1,0,-1
202454B271224,2024,54B271224,1,9,0,18,19,4,7,0,0,2,0,0,0,0,1,1,6,6,2,60,9,1598,1,14,MINI CLUBMAN,3,E01032118,0,3
2024991522786,2024,991522786,1,9,0,-1,13,8,4,-1,0,0,0,0,0,0,1,1,-1,2,2,51,8,1995,2,7,MINI CLUBMAN,5,-1,0,1
2024340NN2382,2024,340NN2382,1,9,0,-1,1,7,3,-1,0,0,0,0,0,0,2,1,-1,2,2,34,6,1499,1,3,MINI CLUBMAN,10,E01027355,0,1
2024101436518,2024,101436518,1,9,0,-1,19,4,8,-1,0,0,0,0,1,0,1,1,-1,6,1,57,9,1995,2,8,MINI CLUBMAN,10,E01033714,0,3
2024311537712,2024,311537712,4,9,0,-1,3,4,8,-1,0,0,0,0,0,0,2,1,-1,9,1,29,6,1598,1,15,MINI CLUBMAN,9,E01028054,0,2
2024451409961,2024,451409961,1,9,0,-1,9,3,1,-1,0,8,0,0,0,0,1,1,-1,2,2,63,9,1499,1,9,MINI CLUBMAN,10,E01030762,0,1
2024471424712,2024,471424712,1,9,0,-1,9,7,5,-1,0,6,0,0,0,0,1,1,-1,6,2,23,5,1499,1,5,MINI CLUBMAN,9,E01031505,0,1
2024010487421,2024,010487421,1,9,0,99,99,9,9,99,99,9,9,99,9,99,9,9,2,2,1,30,6,1499,1,3,MINI CLUBMAN,4,E01002862,0,1
2024041519461,2024,041519461,1,9,0,-1,12,5,3,-1,0,0,0,0,0,0,1,1,-1,1,2,57,9,1995,2,9,MINI CLUBMAN,9,E01024994,0,4
2024430061708,2024,430061708,1,9,0,18,19,2,6,0,0,0,1,0,1,9,2,1,6,6,1,63,9,1499,1,6,MINI CLUBMAN,3,E01015503,0,4
2024101505625,2024,101505625,1,9,0,-1,19,6,2,-1,0,0,0,0,0,0,4,1,-1,6,2,50,8,1499,1,5,MINI CLUBMAN,10,E01008371,0,1
2024211407399,2024,211407399,2,9,0,-1,19,3,7,-1,0,2,0,0,0,0,1,9,-1,9,1,46,8,1598,1,14,MINI CLUBMAN,6,E01014184,0,4
2024622400876,2024,622400876,2,9,0,18,19,4,8,0,0,1,0,0,0,0,3,1,6,6,1,63,9,1598,1,14,MINI CLUBMAN,10,W01001954,0,1
2024991484444,2024,991484444,2,9,0,-1,9,5,2,-1,0,8,0,0,0,0,4,1,-1,9,1,57,9,1499,1,0,MINI CLUBMAN,10,E01006237,0,5
2024071065895,2024,071065895,1,9,0,-1,19,9,9,-1,0,0,0,0,0,0,1,1,-1,6,2,30,6,1998,1,8,MINI CLUBMAN,-1,-1,0,-1
2024451471219,2024,451471219,2,9,0,-1,2,0,0,-1,0,1,0,0,0,0,3,9,-1,6,-1,45,7,1598,1,16,MINI CLUBMAN,-1,-1,0,-1
2024451523772,2024,451523772,2,9,0,-1,19,3,7,-1,0,0,0,0,1,7,1,1,-1,6,1,53,8,1499,1,5,MINI CLUBMAN,7,E01015585,0,4
2024461414326,2024,461414326,1,9,0,-1,19,2,3,-1,0,1,0,0,0,0,1,1,-1,2,2,53,8,1499,1,2,MINI CLUBMAN,6,E01024793,0,2
2024161509942,2024,161509942,2,9,0,-1,19,4,8,-1,0,0,0,0,0,0,1,9,-1,6,2,-1,-1,1598,1,15,MINI CLUBMAN,6,E01013039,0,1
2024221490591,2024,221490591,1,9,0,-1,9,8,6,-1,0,6,0,0,0,0,1,1,-1,6,2,41,7,1995,2,11,MINI CLUBMAN,4,E01028978,0,4
2024461427784,2024,461427784,1,9,0,-1,9,5,1,-1,0,0,0,0,0,0,1,9,-1,6,1,20,4,1499,1,7,MINI CLUBMAN,8,E01024844,0,1
2024221463824,2024,221463824,1,9,0,-1,19,8,4,-1,0,0,0,0,0,0,1,9,-1,6,2,80,11,1499,1,5,MINI CLUBMAN,2,E01034944,0,1
2024991455489,2024,991455489,2,9,0,-1,19,7,3,-1,0,0,0,0,0,0,1,1,-1,9,2,52,8,1499,1,6,MINI CLUBMAN,-1,-1,0,-1
2024122500101,2024,122500101,1,9,0,18,19,2,6,0,0,0,5,0,7,9,3,1,6,6,1,17,4,1560,2,16,MINI CLUBMAN,6,E01027648,0,1
2024010489883,2024,010489883,1,9,0,9,9,5,3,9,9,8,0,0,1,2,1,1,6,6,2,16,4,1995,2,8,MINI CLUBMAN,-1,-1,0,-1
2024461500345,2024,461500345,2,9,0,-1,4,3,7,-1,0,0,0,0,0,0,2,2,-1,9,1,23,5,1998,1,8,MINI CLUBMAN,9,E01024057,0,3
2024231404172,2024,231404172,2,9,0,-1,19,5,1,-1,0,0,0,0,0,0,1,1,-1,6,2,53,8,1560,2,16,MINI CLUBMAN,9,E01031331,0,1
2024461461161,2024,461461161,2,9,0,-1,3,3,7,-1,0,0,0,0,0,0,1,9,-1,6,2,35,6,1499,1,2,MINI CLUBMAN,5,E01024393,0,1
2024501445451,2024,501445451,1,9,-1,-1,5,7,1,-1,0,6,0,0,0,0,4,9,-1,2,2,58,9,1998,1,4,MINI CLUBMAN,8,E01015098,0,1
2024010508626,2024,010508626,4,9,0,18,19,3,7,0,0,1,1,0,0,0,3,1,6,6,1,43,7,1600,1,13,MINI CLUBMAN,-1,-1,0,-1
2024041400521,2024,041400521,1,9,0,-1,19,1,3,-1,0,0,0,0,7,0,1,1,-1,6,1,27,6,1598,1,16,MINI CLUBMAN,9,E01025328,0,3
2024421428494,2024,421428494,2,9,0,-1,9,6,4,-1,0,0,0,0,0,0,4,1,-1,6,2,35,6,1998,1,6,MINI CLUBMAN,10,E01022062,0,1
2024122400274,2024,122400274,2,9,0,9,9,2,7,0,0,8,0,0,0,0,1,1,6,6,2,66,10,1499,1,3,MINI CLUBMAN,8,E01027895,0,4
2024332400192,2024,332400192,1,9,0,-1,19,5,1,-1,0,0,0,0,0,0,3,1,-1,2,2,50,8,1499,1,5,MINI CLUBMAN,8,E01031337,0,4
2024221416486,2024,221416486,2,9,0,-1,3,1,5,-1,0,1,0,0,0,0,2,1,-1,6,2,33,6,1998,1,4,MINI CLUBMAN,6,E01017041,0,5
2024371499410,2024,371499410,2,9,0,-1,2,1,1,-1,0,1,0,4,0,0,2,1,-1,6,1,20,4,1560,2,14,MINI CLUBMAN,7,E01029991,0,1
2024041510992,2024,041510992,2,9,0,-1,19,3,7,-1,0,1,0,0,0,0,1,1,-1,9,2,73,10,1499,1,6,MINI CLUBMAN,5,E01006942,0,4
2024991420439,2024,991420439,2,9,0,-1,19,3,7,-1,0,0,0,0,1,0,3,1,-1,2,2,59,9,1998,1,3,MINI CLUBMAN,7,-1,0,2
2024340NN4642,2024,340NN4642,1,9,0,-1,15,7,3,-1,0,0,0,0,0,0,2,1,-1,9,1,34,6,1598,1,15,MINI CLUBMAN,3,E01035411,0,1
2024471473193,2024,471473193,1,9,0,-1,13,1,5,-1,0,0,1,0,1,2,1,1,-1,9,1,34,6,1998,1,8,MINI CLUBMAN,9,E01029512,0,5
2024311521197,2024,311521197,1,3,0,-1,19,5,1,-1,0,2,0,0,1,0,1,1,-1,9,2,19,4,125,1,5,MAKE AND MODEL REDACTED,-1,-1,0,-1
2024451457622,2024,451457622,1,3,0,-1,19,1,5,-1,0,0,0,0,0,0,1,1,-1,2,1,32,6,125,1,0,MAKE AND MODEL REDACTED,5,E01016130,0,4
2024552400862,2024,552400862,1,3,0,7,7,6,8,0,0,6,1,0,0,0,0,1,6,6,1,72,10,125,1,1,MAKE AND MODEL REDACTED,6,E01020484,0,3
2024622400247,2024,622400247,1,3,0,4,4,8,4,0,0,0,1,0,0,0,1,1,1,1,1,19,4,125,1,1,MAKE AND MODEL REDACTED,4,W01001248,0,3
2024421406414,2024,421406414,1,9,0,-1,19,-1,-1,-1,0,0,0,0,0,0,3,1,-1,6,1,-1,-1,-1,3,1,MAKE AND MODEL REDACTED,-1,-1,0,-1
2024231513301,2024,231513301,2,11,0,-1,19,1,5,-1,0,0,0,0,0,0,4,9,-1,1,1,38,7,12902,2,7,MAKE AND MODEL REDACTED,1,E01010030,0,4
2024061453925,2024,061453925,2,11,0,-1,9,8,2,-1,0,0,0,0,0,0,1,1,-1,1,2,40,7,12902,2,7,MAKE AND MODEL REDACTED,2,E01004907,0,3
2024340WN1352,2024,340WN1352,1,9,0,-1,9,6,2,-1,0,6,0,0,0,0,1,1,-1,9,2,70,10,1400,1,17,VOLKSWAGEN POLO,5,E01027213,0,1
202417S105324,2024,17S105324,1,9,0,-1,9,4,2,-1,0,8,5,0,0,0,4,1,-1,2,1,32,6,999,1,1,VOLKSWAGEN POLO,9,E01012232,0,2
2024451443463,2024,451443463,2,9,0,-1,8,5,1,-1,0,1,1,10,0,0,3,1,-1,9,1,31,6,1390,1,23,VOLKSWAGEN POLO,4,E01034288,0,1
2024041418624,2024,041418624,1,9,0,-1,19,6,2,-1,0,0,0,0,0,0,1,1,-1,6,2,30,6,1198,1,11,VOLKSWAGEN POLO,9,E01025343,0,1
2024101443783,2024,101443783,2,9,0,-1,19,5,1,-1,0,1,0,0,0,0,2,1,-1,6,1,53,8,1390,1,12,VOLKSWAGEN POLO,7,E01008585,0,1
2024461407212,2024,461407212,1,9,0,-1,19,8,2,-1,0,0,0,0,0,0,1,1,-1,9,1,28,6,999,1,10,VOLKSWAGEN POLO,7,E01024553,0,3
2024101481169,2024,101481169,1,9,0,-1,5,1,5,-1,0,8,0,0,0,0,1,1,-1,9,2,22,5,999,1,6,VOLKSWAGEN POLO,5,E01033715,0,1
2024371426647,2024,371426647,1,9,0,-1,9,3,5,-1,0,6,0,0,0,0,1,1,-1,6,1,18,4,1422,2,21,VOLKSWAGEN POLO,9,E01030175,0,2
2024440162339,2024,440162339,2,9,0,5,5,8,4,0,0,8,0,0,0,0,1,1,6,6,2,-1,-1,1390,1,16,VOLKSWAGEN POLO,-1,-1,0,-1
2024440013575,2024,440013575,1,9,0,12,12,2,6,0,0,0,0,0,0,0,2,1,6,6,1,21,5,1198,1,18,VOLKSWAGEN POLO,3,E01034713,0,1
2024010523896,2024,010523896,2,9,0,18,19,3,7,0,0,1,0,0,0,0,1,1,6,6,2,24,5,999,1,10,VOLKSWAGEN POLO,4,E01003596,0,1
2024622400453,2024,622400453,1,9,0,5,5,4,2,0,0,1,0,0,0,0,1,1,6,6,1,18,4,999,1,7,VOLKSWAGEN POLO,8,W01001658,0,1
2024131515097,2024,131515097,1,9,0,-1,15,1,5,-1,0,8,0,0,0,0,1,1,-1,2,2,27,6,999,1,0,VOLKSWAGEN POLO,6,E01010592,0,2
2024010510074,2024,010510074,1,9,0,1,1,5,1,0,0,0,0,0,0,0,2,1,6,6,3,-1,-1,999,1,2,VOLKSWAGEN POLO,-1,-1,0,-1
2024501412819,2024,501412819,1,9,0,-1,19,7,3,-1,0,0,1,0,7,0,1,1,-1,6,1,19,4,1198,1,16,VOLKSWAGEN POLO,4,E01018913,0,2
2024131498076,2024,131498076,1,9,0,-1,7,5,5,-1,0,8,0,0,0,0,1,1,-1,2,2,33,6,1390,1,15,VOLKSWAGEN POLO,1,E01011483,0,1
2024531500470,2024,531500470,1,9,0,-1,19,1,5,-1,0,4,0,0,0,0,1,1,-1,6,1,25,5,1197,1,7,VOLKSWAGEN POLO,8,E01022423,0,1
2024501420423,2024,501420423,2,9,0,-1,19,2,6,-1,0,0,0,0,0,0,2,1,-1,2,2,55,8,1390,1,13,VOLKSWAGEN POLO,5,E01020279,0,3
2024010550667,2024,010550667,4,9,0,18,19,7,3,0,0,0,0,0,0,0,2,1,6,6,2,24,5,1197,1,8,VOLKSWAGEN POLO,-1,-1,0,-1
2024320213828,2024,320213828,1,9,0,-1,-1,6,2,0,0,0,0,0,0,0,1,1,-1,-1,2,43,7,1198,1,12,VOLKSWAGEN POLO,7,E01028163,0,4
2024501445601,2024,501445601,3,9,0,-1,15,7,3,-1,0,0,0,0,0,0,2,1,-1,6,2,20,4,1198,1,11,VOLKSWAGEN POLO,7,E01018813,0,4
2024201433882,2024,201433882,2,9,0,-1,4,3,7,-1,0,0,0,0,0,0,1,1,-1,6,2,45,7,1197,1,8,VOLKSWAGEN POLO,2,E01009934,0,1
2024010544302,2024,010544302,2,9,0,12,12,4,8,0,0,0,1,10,4,2,2,1,2,2,1,44,7,1197,1,9,VOLKSWAGEN POLO,3,E01003101,0,2
2024421434207,2024,421434207,2,9,0,-1,19,3,7,-1,0,0,0,0,0,0,2,1,-1,6,2,40,7,1390,1,21,VOLKSWAGEN POLO,4,E01021840,0,1
2024010543366,2024,010543366,1,9,0,18,19,3,7,0,0,2,1,0,0,0,2,1,3,7,1,19,4,1390,1,21,VOLKSWAGEN POLO,-1,-1,0,-1
2024131431879,2024,131431879,2,9,0,-1,19,1,5,-1,0,0,0,0,0,0,3,1,-1,6,1,21,5,999,1,4,VOLKSWAGEN POLO,9,E01010589,0,1
2024201431465,2024,201431465,2,9,0,-1,19,8,4,-1,0,8,0,0,0,0,3,1,-1,9,2,66,10,999,1,1,VOLKSWAGEN POLO,5,E01009261,0,1
2024471503585,2024,471503585,1,9,0,-1,19,1,5,-1,0,1,0,0,0,0,1,1,-1,9,2,37,7,1400,1,19,VOLKSWAGEN POLO,6,E01031663,0,4
2024451515446,2024,451515446,2,9,0,-1,19,5,1,-1,0,0,0,0,0,0,2,1,-1,2,2,46,8,1390,1,22,VOLKSWAGEN POLO,8,E01004175,0,3
2024430578360,2024,430578360,1,9,0,3,3,6,2,0,0,0,0,0,0,0,2,1,2,2,2,22,5,999,1,9,VOLKSWAGEN POLO,10,E01017935,0,1
2024361420492,2024,361420492,1,9,0,-1,9,4,7,-1,0,3,0,0,0,0,3,1,-1,6,2,21,5,1422,2,10,VOLKSWAGEN POLO,3,E01018073,0,1
2024041532874,2024,041532874,1,9,0,-1,19,5,1,-1,0,0,0,0,0,0,1,1,-1,6,1,72,10,999,1,0,VOLKSWAGEN POLO,9,E01024983,0,1
2024141533412,2024,141533412,4,9,0,-1,2,0,0,-1,0,0,0,0,0,0,2,1,-1,6,-1,-1,-1,1390,1,20,VOLKSWAGEN POLO,-1,-1,0,-1
2024351414530,2024,351414530,2,9,0,-1,19,6,2,-1,0,1,0,0,0,0,1,1,-1,9,1,18,4,1422,2,9,VOLKSWAGEN POLO,2,E01026716,0,2
2024052402521,2024,052402521,1,9,0,18,19,5,1,0,0,0,0,0,0,0,1,1,6,6,1,50,8,1198,1,15,VOLKSWAGEN POLO,1,E01006702,0,1
2024221420144,2024,221420144,1,9,0,-1,19,6,2,-1,0,8,0,0,0,0,4,9,-1,6,1,22,5,1198,1,10,VOLKSWAGEN POLO,1,E01009137,0,4
2024141533697,2024,141533697,1,9,0,-1,19,7,2,-1,9,1,0,0,1,11,4,1,-1,6,1,89,11,1198,1,14,VOLKSWAGEN POLO,3,E01007459,0,1
2024041515338,2024,041515338,1,9,0,-1,2,3,7,-1,0,1,0,4,0,0,1,1,-1,9,1,19,4,1400,2,18,VOLKSWAGEN POLO,8,E01012583,0,4
2024461509687,2024,461509687,2,9,0,-1,19,3,7,-1,0,1,0,0,0,0,4,1,-1,9,1,48,8,1198,1,13,VOLKSWAGEN POLO,4,E01004392,0,4
2024440337803,2024,440337803,2,9,0,9,9,5,3,0,0,1,0,0,0,0,1,1,6,6,1,19,4,999,1,6,VOLKSWAGEN POLO,3,E01017179,0,1
2024451422601,2024,451422601,1,9,0,-1,19,7,3,-1,0,0,0,0,0,0,3,1,-1,6,1,18,4,1422,1,18,VOLKSWAGEN POLO,7,E01031603,0,4
2024461467774,2024,461467774,1,9,0,-1,19,1,5,-1,0,8,0,0,0,0,1,9,-1,6,2,20,4,999,1,8,VOLKSWAGEN POLO,9,E01024068,0,1
2024101421300,2024,101421300,2,9,-1,-1,19,1,5,-1,0,0,0,0,0,0,1,9,-1,9,2,18,4,1198,1,11,VOLKSWAGEN POLO,2,E01008335,0,1
2024991533556,2024,991533556,1,9,0,-1,19,6,2,-1,0,1,0,0,0,0,1,1,-1,9,1,18,4,1198,1,13,VOLKSWAGEN POLO,4,-1,0,1
2024131486480,2024,131486480,2,9,0,-1,19,1,1,-1,0,0,0,0,0,0,3,1,-1,6,2,34,6,999,1,5,VOLKSWAGEN POLO,4,E01010708,0,3
2024201475658,2024,201475658,2,9,0,-1,19,7,3,-1,0,8,1,0,0,0,1,1,-1,6,1,22,5,1390,1,11,VOLKSWAGEN POLO,1,E01009489,0,1
2024010545315,2024,010545315,1,9,0,99,99,9,9,99,99,9,9,99,9,99,2,9,6,6,2,22,5,999,1,1,VOLKSWAGEN POLO,4,E01021777,0,2
2024010519221,2024,010519221,1,9,0,15,15,5,1,0,0,8,0,0,0,0,1,1,6,6,1,29,6,1198,1,15,VOLKSWAGEN POLO,3,E01004630,0,3
2024471466811,2024,471466811,1,9,0,-1,5,6,3,-1,0,5,0,0,0,0,2,1,-1,6,2,19,4,1390,1,19,VOLKSWAGEN POLO,10,E01031639,0,2
2024201533776,2024,201533776,2,9,0,-1,3,1,5,-1,0,0,0,0,0,0,3,1,-1,9,1,27,6,1390,1,13,VOLKSWAGEN POLO,1,E01010527,0,1
2024522401351,2024,522401351,1,9,0,8,8,2,4,0,0,1,0,0,0,0,2,1,6,6,2,30,6,1422,2,9,VOLKSWAGEN POLO,4,E01014681,0,1
2024211428580,2024,211428580,1,9,0,-1,19,1,3,-1,0,4,0,0,0,0,1,1,-1,6,2,49,8,1190,1,12,VOLKSWAGEN POLO,3,E01029850,0,1
2024010524538,2024,010524538,2,9,0,99,99,9,9,99,99,9,9,99,9,99,9,9,6,6,3,-1,-1,1395,1,11,VOLKSWAGEN POLO,5,E01000450,0,1
2024131526444,2024,131526444,3,9,0,-1,3,3,4,-1,0,3,0,0,0,0,2,1,-1,2,1,49,8,1198,1,21,VOLKSWAGEN POLO,5,E01035052,0,3
2024522402319,2024,522402319,2,9,0,16,19,3,7,0,0,0,0,0,0,0,3,1,6,6,3,-1,-1,1198,1,14,VOLKSWAGEN POLO,-1,-1,0,-1
2024340NN3302,2024,340NN3302,2,9,0,-1,19,5,1,-1,0,1,0,0,0,0,4,1,-1,9,1,57,9,1400,1,24,VOLKSWAGEN POLO,9,E01026955,0,3
2024401521918,2024,401521918,2,9,0,-1,19,1,5,-1,0,1,0,0,0,0,1,1,-1,6,2,25,5,999,1,1,VOLKSWAGEN POLO,3,E01015788,0,1
2024201431639,2024,201431639,1,9,0,-1,9,2,8,-1,0,5,0,0,0,0,4,9,-1,9,1,34,6,1198,1,13,VOLKSWAGEN POLO,1,E01033891,0,2
2024631481200,2024,631481200,1,9,0,-1,9,5,3,-1,-1,0,1,0,0,0,4,1,-1,9,1,19,4,1390,1,13,VOLKSWAGEN POLO,2,W01001267,0,4
2024401442684,2024,401442684,1,9,0,-1,9,1,7,-1,0,4,0,0,0,0,1,1,-1,6,2,29,6,1198,1,17,VOLKSWAGEN POLO,3,E01015744,0,1
2024332400794,2024,332400794,1,9,0,-1,19,2,6,-1,0,6,0,0,1,0,1,1,-1,9,1,17,4,999,1,9,VOLKSWAGEN POLO,5,E01025920,0,3
2024010520301,2024,010520301,2,9,0,99,99,9,9,99,99,0,9,99,9,99,1,9,6,6,3,-1,-1,1390,1,16,VOLKSWAGEN POLO,-1,-1,0,-1
2024122500201,2024,122500201,1,9,0,9,9,2,8,0,0,6,0,0,1,11,4,1,6,6,2,30,6,1199,2,12,VOLKSWAGEN POLO,6,E01027570,0,1
2024010540884,2024,010540884,4,9,0,18,19,4,8,0,0,3,0,4,0,0,4,1,2,2,1,62,9,1198,1,19,VOLKSWAGEN POLO,4,E01033929,0,1
2024501428490,2024,501428490,1,9,0,-1,19,5,1,-1,0,1,0,0,0,0,1,1,-1,2,1,27,6,1390,1,23,VOLKSWAGEN POLO,5,E01020070,0,4
2024622400697,2024,622400697,1,9,0,5,5,2,6,0,0,6,0,0,0,0,1,1,6,6,1,26,6,1197,1,9,VOLKSWAGEN POLO,1,W01001879,0,1
2024302401313,2024,302401313,1,9,0,18,19,1,5,0,0,0,0,0,0,0,1,1,6,6,1,20,4,1390,1,11,VOLKSWAGEN POLO,-1,-1,0,-1
2024122401173,2024,122401173,2,9,0,9,9,7,5,0,0,5,0,0,0,0,3,1,1,1,2,30,6,999,1,9,VOLKSWAGEN POLO,7,E01027592,0,2
2024430085754,2024,430085754,2,9,0,17,19,1,6,0,0,8,0,0,0,0,3,1,2,2,2,25,5,1390,1,17,VOLKSWAGEN POLO,7,E01028732,0,1
2024041429962,2024,041429962,2,9,0,-1,12,1,2,-1,0,0,1,0,0,0,3,1,-1,6,2,50,8,1598,2,13,VOLKSWAGEN POLO,-1,-1,0,-1
2024311416360,2024,311416360,1,9,0,-1,19,7,3,-1,0,0,2,0,0,0,4,9,-1,9,1,19,4,1197,1,13,VOLKSWAGEN POLO,10,E01028403,0,2
2024231486712,2024,231486712,2,9,0,-1,9,8,6,-1,0,5,0,0,0,0,2,1,-1,6,2,45,7,1422,2,16,VOLKSWAGEN POLO,6,E01035022,0,1
2024061427687,2024,061427687,2,9,0,-1,4,8,8,-1,0,1,1,0,0,0,3,1,-1,6,2,49,8,1422,2,17,VOLKSWAGEN POLO,2,E01005337,0,1
2024461455032,2024,461455032,1,9,0,-1,10,2,8,-1,0,1,0,0,0,0,1,1,-1,9,2,19,4,1198,1,12,VOLKSWAGEN POLO,4,E01024132,0,1
2024041429034,2024,041429034,1,9,0,-1,9,3,7,-1,0,8,0,0,0,0,1,1,-1,6,1,22,5,1198,1,13,VOLKSWAGEN POLO,2,E01012580,0,1
2024052400275,2024,052400275,1,9,0,18,19,3,7,0,0,1,0,0,0,0,1,1,6,6,2,24,5,999,1,4,VOLKSWAGEN POLO,8,E01012530,0,3
2024010543824,2024,010543824,3,9,0,18,19,1,5,0,0,0,0,0,0,0,3,1,6,6,1,27,6,999,1,5,VOLKSWAGEN POLO,-1,-1,0,-1
2024231427440,2024,231427440,2,9,0,-1,19,2,6,-1,0,8,0,0,0,0,1,1,-1,6,2,18,4,1198,1,19,VOLKSWAGEN POLO,7,E01032392,0,1
2024221506236,2024,221506236,2,9,0,-1,19,4,2,-1,0,0,0,0,0,0,3,1,-1,9,1,17,4,999,1,1,VOLKSWAGEN POLO,9,E01032289,0,2
2024161506870,2024,161506870,1,9,0,-1,9,1,7,-1,0,1,0,0,0,0,9,9,-1,6,1,-1,-1,1199,2,11,VOLKSWAGEN POLO,-1,-1,0,-1
202454C363624,2024,54C363624,2,9,0,9,9,3,1,0,0,5,0,0,0,0,3,1,6,6,1,24,5,1198,1,18,VOLKSWAGEN POLO,8,E01031957,0,3
2024041452205,2024,041452205,1,9,0,-1,19,7,3,-1,0,0,0,0,0,0,1,1,-1,9,1,18,4,999,1,6,VOLKSWAGEN POLO,7,E01004933,0,3
2024622400538,2024,622400538,1,9,0,7,7,2,4,0,0,1,0,0,0,0,1,1,6,6,2,65,9,999,1,0,VOLKSWAGEN POLO,3,W01000856,0,1
2024421463939,2024,421463939,1,9,0,-1,19,3,7,-1,9,8,2,0,2,1,1,2,-1,9,1,17,4,1198,1,16,VOLKSWAGEN POLO,8,E01021891,0,1
2024070183650,2024,070183650,3,9,0,2,2,1,6,9,9,2,0,0,0,0,1,1,6,6,2,-1,-1,1199,2,10,VOLKSWAGEN POLO,5,E01018613,0,1
2024622400387,2024,622400387,2,9,0,18,19,2,6,0,0,0,0,0,0,0,1,1,6,6,2,74,10,999,1,1,VOLKSWAGEN POLO,7,W01001028,0,1
2024311471836,2024,311471836,1,9,0,-1,9,1,5,-1,0,0,2,10,0,0,1,1,-1,9,1,18,4,1198,1,11,VOLKSWAGEN POLO,10,E01028403,0,3
2024440455042,2024,440455042,1,9,0,18,19,2,6,0,0,8,0,0,0,0,1,1,6,6,1,34,6,1198,1,16,VOLKSWAGEN POLO,5,E01017306,0,2
2024351429168,2024,351429168,1,9,0,-1,19,5,3,-1,0,1,0,0,0,0,3,1,-1,6,1,91,11,999,1,6,VOLKSWAGEN POLO,8,E01018099,0,2
2024041462839,2024,041462839,1,9,0,-1,9,5,7,-1,0,8,0,0,0,0,1,1,-1,9,1,20,4,1422,2,15,VOLKSWAGEN POLO,4,E01025459,0,1
2024010540907,2024,010540907,1,9,0,9,9,8,7,0,0,5,0,0,0,0,4,1,6,6,1,18,4,1198,1,12,VOLKSWAGEN POLO,6,E01002433,0,1
2024061492051,2024,061492051,1,9,0,-1,19,1,5,-1,0,0,0,0,0,0,1,1,-1,6,1,27,6,1199,2,13,VOLKSWAGEN POLO,3,E01005312,0,1
2024471409446,2024,471409446,2,9,0,-1,7,3,6,-1,0,1,0,0,0,0,1,9,-1,6,1,18,4,1198,1,17,VOLKSWAGEN POLO,6,E01031359,0,3
2024211495027,2024,211495027,1,9,0,-1,19,5,1,-1,0,0,0,0,7,0,1,1,-1,6,1,25,5,1798,1,7,VOLKSWAGEN POLO,4,E01029431,0,1
2024311491854,2024,311491854,2,9,0,-1,10,8,4,-1,0,8,0,0,0,0,4,9,-1,6,1,34,6,1198,1,12,VOLKSWAGEN POLO,5,E01028291,0,1
2024141403320,2024,141403320,2,9,0,-1,19,1,5,-1,0,1,0,0,0,0,1,1,-1,9,1,30,6,999,1,1,VOLKSWAGEN POLO,1,E01008059,0,1
2024061468656,2024,061468656,1,9,-1,-1,-1,-1,-1,-1,-1,0,-1,-1,-1,0,-1,9,-1,6,3,-1,-1,1390,1,17,VOLKSWAGEN POLO,-1,-1,0,-1
2024371504742,2024,371504742,1,9,0,-1,19,6,2,-1,0,0,0,0,1,0,1,1,-1,2,2,18,4,1400,1,15,VOLKSWAGEN POLO,6,E01030154,0,3
2024440366455,2024,440366455,1,9,0,5,5,3,7,0,0,4,0,0,0,0,1,1,2,2,1,23,5,1400,2,19,VOLKSWAGEN POLO,-1,-1,0,-1
2024201514450,2024,201514450,2,9,0,-1,4,4,8,-1,0,0,0,0,0,0,2,1,-1,2,2,51,8,1395,1,8,VOLKSWAGEN POLO,4,E01031026,0,4
2024141508285,2024,141508285,1,9,0,-1,19,2,6,-1,0,8,0,0,5,0,4,1,-1,9,2,56,9,1395,1,10,VOLKSWAGEN POLO,3,E01007679,0,3
2024101446089,2024,101446089,1,9,0,-1,9,1,2,-1,0,6,0,0,0,0,1,2,-1,9,1,28,6,1198,1,21,VOLKSWAGEN POLO,-1,-1,0,-1
2024421503666,2024,421503666,1,9,0,-1,19,1,5,-1,0,0,0,0,7,0,1,1,-1,9,2,26,6,999,1,3,VOLKSWAGEN POLO,8,E01022059,0,1
2024451504608,2024,451504608,1,9,0,-1,19,2,8,-1,0,0,0,7,0,0,1,1,-1,9,1,82,11,1197,1,8,VOLKSWAGEN POLO,10,E01030963,0,2
2024552401113,2024,552401113,1,9,0,18,19,2,6,0,0,5,5,0,0,0,3,1,6,6,1,17,4,1198,1,14,VOLKSWAGEN POLO,4,E01020518,0,1