collision_index,collision_year,collision_ref_no,vehicle_reference,vehicle_type,towing_and_articulation,vehicle_manoeuvre_historic,vehicle_manoeuvre,vehicle_direction_from,vehicle_direction_to,vehicle_location_restricted_lane_historic,vehicle_location_restricted_lane,junction_location,skidding_and_overturning,hit_object_in_carriageway,vehicle_leaving_carriageway,hit_object_off_carriageway,first_point_of_impact,vehicle_left_hand_drive,journey_purpose_of_driver_historic,journey_purpose_of_driver,sex_of_driver,age_of_driver,age_band_of_driver,engine_capacity_cc,propulsion_code,age_of_vehicle,generic_make_model,driver_imd_decile,lsoa_of_driver,escooter_flag,driver_distance_banding
2024131488243,2024,131488243,2,9,0,-1,19,5,1,-1,0,0,0,0,0,0,1,1,-1,9,1,23,5,1198,1,16,VOLKSWAGEN POLO,1,E01011235,0,1
2024371483700,2024,371483700,1,9,0,-1,15,7,3,-1,0,0,0,0,0,0,1,1,-1,6,1,59,9,1198,1,11,VOLKSWAGEN POLO,9,E01030085,0,1
2024371533558,2024,371533558,1,9,0,-1,19,7,1,-1,0,0,0,0,7,8,1,1,-1,6,1,49,8,1198,1,10,VOLKSWAGEN POLO,4,E01030219,0,1
2024471402282,2024,471402282,2,9,0,-1,19,8,4,-1,0,0,0,0,0,0,1,9,-1,6,1,38,7,1390,1,10,VOLKSWAGEN POLO,8,E01031732,0,1
2024311480199,2024,311480199,2,9,0,-1,19,6,2,-1,0,0,0,0,0,0,2,1,-1,6,2,19,4,999,1,3,VOLKSWAGEN POLO,7,E01032522,0,1
2024631431346,2024,631431346,1,9,0,-1,19,8,3,-1,0,0,0,0,7,10,1,1,-1,6,1,24,5,999,1,3,VOLKSWAGEN POLO,6,W01000431,0,2
2024201495278,2024,201495278,2,9,0,-1,19,7,3,-1,0,8,0,10,1,0,4,9,-1,6,2,20,4,999,1,0,VOLKSWAGEN POLO,3,E01010139,0,2
2024421438520,2024,421438520,3,9,0,-1,19,4,8,-1,0,0,0,0,0,0,1,1,-1,6,2,27,6,999,1,10,VOLKSWAGEN POLO,8,E01021528,0,1
2024461476258,2024,461476258,2,9,0,-1,19,4,7,-1,0,0,0,0,0,0,1,1,-1,1,2,44,7,999,1,9,VOLKSWAGEN POLO,8,E01024055,0,1
2024211491686,2024,211491686,2,9,0,-1,3,6,2,-1,0,1,0,0,0,0,2,9,-1,6,2,27,6,1198,1,22,VOLKSWAGEN POLO,8,E01034105,0,1
2024471492052,2024,471492052,2,9,0,-1,3,4,2,-1,0,4,0,0,0,0,2,1,-1,2,2,33,6,1390,1,20,VOLKSWAGEN POLO,8,E01031597,0,2
2024440479139,2024,440479139,1,9,0,18,19,5,1,0,0,0,1,0,7,4,3,1,2,2,1,18,4,1198,1,15,VOLKSWAGEN POLO,4,E01031859,0,4
2024201488475,2024,201488475,1,9,0,-1,19,4,8,-1,0,0,0,4,7,10,1,1,-1,2,2,24,5,1390,1,12,VOLKSWAGEN POLO,4,E01009243,0,1
2024340WN3302,2024,340WN3302,2,9,0,-1,4,5,1,-1,0,1,0,0,0,0,2,1,-1,9,1,18,4,999,1,9,VOLKSWAGEN POLO,3,E01027196,0,1
2024201477770,2024,201477770,1,9,0,-1,10,3,7,-1,0,5,0,0,0,0,1,1,-1,6,1,18,4,999,1,0,VOLKSWAGEN POLO,3,E01009775,0,2
2024061509140,2024,061509140,1,9,0,-1,9,5,3,-1,0,1,0,0,0,0,1,1,-1,9,1,24,5,999,1,2,VOLKSWAGEN POLO,9,E01004810,0,1
2024501467731,2024,501467731,1,9,0,-1,19,3,7,-1,-1,0,0,0,1,0,0,1,-1,9,1,23,5,999,1,1,VOLKSWAGEN POLO,7,E01019058,0,4
2024461525147,2024,461525147,1,9,0,-1,19,1,5,-1,0,0,0,11,0,0,1,1,-1,6,2,39,7,1197,1,9,VOLKSWAGEN POLO,6,E01024783,0,1
2024201466621,2024,201466621,2,9,0,-1,19,5,2,-1,0,8,1,0,0,0,1,1,-1,1,2,21,5,1198,1,12,VOLKSWAGEN POLO,2,E01010362,0,3
2024520002620,2024,520002620,2,9,0,18,19,9,9,0,0,0,0,0,0,0,1,1,6,6,3,-1,-1,999,1,9,VOLKSWAGEN POLO,-1,-1,0,-1
2024201487622,2024,201487622,1,9,0,-1,1,2,8,-1,0,1,0,0,0,0,2,9,-1,6,1,44,7,1400,2,18,VOLKSWAGEN POLO,3,E01009162,0,1
2024311459103,2024,311459103,1,9,0,-1,19,5,1,-1,0,1,0,0,0,0,1,1,-1,9,2,21,5,999,1,2,VOLKSWAGEN POLO,1,E01028311,0,1
2024010527515,2024,010527515,2,9,0,13,13,9,9,99,99,0,9,99,9,99,1,9,6,6,3,-1,-1,999,1,3,VOLKSWAGEN POLO,-1,-1,0,-1
2024451504652,2024,451504652,1,9,0,-1,19,6,8,-1,0,6,0,0,0,0,3,1,-1,9,2,76,11,1390,1,16,VOLKSWAGEN POLO,10,E01030379,0,2
2024451441541,2024,451441541,2,9,0,-1,2,0,0,-1,0,1,0,0,0,0,2,1,-1,6,-1,-1,-1,999,1,9,VOLKSWAGEN POLO,-1,-1,0,-1
2024131407009,2024,131407009,1,9,0,-1,9,6,2,-1,9,1,0,0,0,0,1,1,-1,9,2,21,5,999,1,1,VOLKSWAGEN POLO,1,E01011364,0,1
2024351543068,2024,351543068,2,9,0,-1,19,4,8,-1,0,1,0,0,7,0,4,1,-1,2,2,22,5,999,1,10,VOLKSWAGEN POLO,10,E01033426,0,2
2024320319663,2024,320319663,1,9,0,-1,-1,6,2,0,0,6,0,0,1,1,1,1,6,6,1,18,4,999,1,6,VOLKSWAGEN POLO,7,E01026251,0,1
2024547246324,2024,547246324,2,9,0,4,4,3,7,0,0,1,0,0,0,0,2,1,6,6,2,24,5,999,1,2,VOLKSWAGEN POLO,10,E01028719,0,2
2024161466615,2024,161466615,1,9,0,-1,19,3,5,-1,0,0,0,0,1,0,3,1,-1,9,2,22,5,1390,1,15,VOLKSWAGEN POLO,3,E01012784,0,1
2024522403353,2024,522403353,2,9,0,18,19,7,3,0,0,1,0,1,0,0,1,1,6,6,1,38,7,1199,2,11,VOLKSWAGEN POLO,4,W01001760,0,4
2024471394945,2024,471394945,1,9,0,-1,19,2,6,-1,0,0,0,0,0,0,1,1,-1,2,1,46,8,999,1,3,VOLKSWAGEN POLO,-1,-1,0,-1
2024070155287,2024,070155287,2,9,0,18,19,5,1,0,0,0,0,0,0,0,2,1,1,1,2,31,6,1198,1,14,VOLKSWAGEN POLO,1,E01006248,0,4
2024010548130,2024,010548130,1,9,0,9,9,7,5,0,0,4,0,0,0,0,2,1,6,6,1,70,10,1400,1,18,VOLKSWAGEN POLO,3,E01001203,0,1
2024542617724,2024,542617724,1,9,0,18,19,8,4,0,0,0,2,0,7,4,1,1,2,2,2,36,7,1422,2,20,VOLKSWAGEN POLO,6,E01022271,0,5
2024451466483,2024,451466483,2,9,0,-1,19,3,7,-1,0,2,0,0,0,0,2,1,-1,2,2,36,7,1197,1,13,VOLKSWAGEN POLO,6,E01030721,0,1
2024231399327,2024,231399327,1,9,0,-1,-1,5,3,-1,-1,5,0,0,0,0,2,9,-1,-1,1,19,4,999,1,2,VOLKSWAGEN POLO,9,E01010227,0,2
2024501528421,2024,501528421,1,9,0,-1,19,8,4,-1,0,1,0,0,0,0,1,1,-1,9,1,19,4,1198,1,16,VOLKSWAGEN POLO,9,E01018882,0,1
2024131416199,2024,131416199,1,9,0,-1,10,1,1,-1,0,1,0,0,0,0,4,1,-1,6,2,21,5,1199,2,12,VOLKSWAGEN POLO,-1,-1,0,-1
2024131488831,2024,131488831,3,9,0,-1,19,7,3,-1,0,0,0,0,0,0,1,1,-1,2,2,24,5,999,1,9,VOLKSWAGEN POLO,9,E01011353,0,3
2024371489206,2024,371489206,1,9,0,-1,19,2,6,-1,0,8,0,0,0,0,1,1,-1,9,2,31,6,1199,2,11,VOLKSWAGEN POLO,3,E01030077,0,1
2024221425733,2024,221425733,2,9,0,-1,19,8,2,-1,0,0,0,4,0,0,3,9,-1,7,2,42,7,1390,1,17,VOLKSWAGEN POLO,7,E01032210,0,1
2024520402185,2024,520402185,1,9,0,7,7,3,7,0,0,4,0,0,0,0,1,1,6,6,1,84,11,1390,1,14,VOLKSWAGEN POLO,7,E01029056,0,1
2024430249352,2024,430249352,1,9,0,18,19,7,3,0,0,2,0,0,0,0,1,1,6,6,1,32,6,1190,1,12,VOLKSWAGEN POLO,-1,-1,0,-1
2024010506952,2024,010506952,1,9,0,10,10,5,2,0,0,1,0,0,0,0,1,1,6,6,1,21,5,1390,1,13,VOLKSWAGEN POLO,2,E01001802,0,2
2024401457523,2024,401457523,2,9,0,-1,19,1,5,-1,0,0,1,0,0,0,3,1,-1,2,1,31,6,1390,1,11,VOLKSWAGEN POLO,3,E01002408,0,4
2024411532346,2024,411532346,2,9,0,-1,19,6,2,-1,0,1,1,0,0,0,1,1,-1,9,2,24,5,999,1,3,VOLKSWAGEN POLO,4,E01001909,0,4
2024010504855,2024,010504855,2,9,0,18,19,1,5,0,0,1,0,0,0,0,1,1,6,6,1,36,7,1390,1,17,VOLKSWAGEN POLO,5,E01033739,0,2
2024430429836,2024,430429836,2,9,0,18,19,8,4,0,0,8,0,0,0,0,4,1,6,6,1,40,7,1896,2,20,VOLKSWAGEN POLO,6,E01028458,0,1
2024302400320,2024,302400320,1,9,0,18,19,4,6,0,0,0,0,0,1,9,1,1,6,6,1,17,4,999,1,1,VOLKSWAGEN POLO,4,E01005820,0,3
2024520403058,2024,520403058,1,9,0,18,19,4,7,0,0,0,0,0,0,0,1,1,6,6,1,47,8,999,1,9,VOLKSWAGEN POLO,2,E01029239,0,4
2024201504318,2024,201504318,2,9,0,-1,19,1,3,-1,0,1,0,0,0,0,1,9,-1,6,2,42,7,1390,1,14,VOLKSWAGEN POLO,5,E01009731,0,1
2024451503755,2024,451503755,3,9,0,-1,19,7,3,-1,0,1,0,0,1,0,1,1,-1,6,2,22,5,999,1,0,VOLKSWAGEN POLO,8,E01030582,0,1
2024010530655,2024,010530655,1,9,0,17,19,3,7,0,0,1,1,0,1,11,4,1,4,7,1,17,4,1390,1,15,VOLKSWAGEN POLO,6,E01002485,0,1
2024302400791,2024,302400791,2,9,0,17,19,8,5,0,0,8,5,0,0,0,4,1,6,6,2,23,5,999,1,3,VOLKSWAGEN POLO,10,E01029457,0,2
2024201449188,2024,201449188,2,9,0,-1,9,8,4,-1,0,8,0,0,0,0,4,9,-1,6,2,20,4,999,1,7,VOLKSWAGEN POLO,-1,-1,0,-1
2024320006691,2024,320006691,1,9,0,7,7,8,2,0,0,6,0,0,0,0,1,1,6,6,2,79,11,999,1,6,VOLKSWAGEN POLO,5,E01026162,0,1
2024221442335,2024,221442335,2,9,0,-1,19,2,6,-1,0,8,0,0,0,0,1,1,-1,6,2,37,7,999,1,2,VOLKSWAGEN POLO,1,E01032434,0,2
2024061455519,2024,061455519,1,9,0,-1,19,5,1,-1,0,0,0,0,0,0,1,1,-1,9,2,72,10,999,1,0,VOLKSWAGEN POLO,-1,-1,0,-1
2024111515843,2024,111515843,2,9,0,-1,19,7,4,-1,0,0,0,0,0,0,4,1,-1,6,1,26,6,1390,1,12,VOLKSWAGEN POLO,8,E01020710,0,2
2024461523417,2024,461523417,1,9,0,-1,19,4,8,-1,0,0,5,10,0,0,1,1,-1,9,1,20,4,1198,1,10,VOLKSWAGEN POLO,5,E01024588,0,1
2024531469193,2024,531469193,2,9,0,-1,19,1,5,-1,0,0,1,0,2,4,1,1,-1,9,1,25,5,1197,1,7,VOLKSWAGEN POLO,8,E01022199,0,2
2024131417429,2024,131417429,1,9,0,-1,-1,-1,-1,-1,-1,-1,-1,-1,-1,-1,-1,1,-1,6,3,-1,-1,1200,1,21,VOLKSWAGEN POLO,-1,-1,0,-1
2024141475898,2024,141475898,1,9,0,-1,19,6,2,-1,0,0,5,4,0,0,1,1,-1,6,1,32,6,999,1,9,VOLKSWAGEN POLO,3,E01007807,0,1
2024340WN1762,2024,340WN1762,1,9,0,-1,19,1,5,-1,0,1,0,0,0,0,1,1,-1,6,3,-1,-1,1400,1,16,VOLKSWAGEN POLO,-1,-1,0,-1
2024201511114,2024,201511114,2,9,0,-1,9,6,2,-1,0,8,0,0,0,0,1,1,-1,6,2,26,6,1197,1,6,VOLKSWAGEN POLO,5,E01008974,0,1
202454D000024,2024,54D000024,1,9,0,18,19,5,1,0,0,1,0,0,0,0,1,1,6,6,2,17,4,1199,2,11,VOLKSWAGEN POLO,7,E01015588,0,1
202417L109024,2024,17L109024,1,9,0,-1,19,3,7,-1,0,2,0,0,0,0,1,1,-1,9,2,17,4,1199,2,13,VOLKSWAGEN POLO,1,E01012096,0,1
2024101512171,2024,101512171,1,9,0,-1,19,7,3,-1,0,0,0,0,0,0,1,1,-1,6,1,29,6,1390,1,24,VOLKSWAGEN POLO,1,E01008777,0,1
2024010539044,2024,010539044,2,9,0,99,99,9,9,99,99,9,9,99,9,99,9,9,6,6,3,-1,-1,999,1,9,VOLKSWAGEN POLO,-1,-1,0,-1
2024302401254,2024,302401254,1,9,0,9,9,2,8,0,0,8,0,0,0,0,3,1,6,6,2,75,10,1390,1,13,VOLKSWAGEN POLO,4,E01019491,0,1
2024531458904,2024,531458904,1,9,0,-1,19,8,4,-1,0,0,0,0,1,7,4,1,-1,6,2,17,4,1390,1,20,VOLKSWAGEN POLO,9,E01031887,0,2
2024302401100,2024,302401100,1,9,0,17,19,2,8,0,0,0,2,0,0,0,1,1,6,6,2,18,4,1395,1,8,VOLKSWAGEN POLO,9,E01019721,0,1
2024010549244,2024,010549244,3,9,0,-1,-1,7,3,0,0,0,0,0,0,0,3,1,6,6,1,28,6,1395,1,10,VOLKSWAGEN POLO,5,E01023546,0,3
2024451438472,2024,451438472,1,9,0,-1,19,5,1,-1,0,5,0,0,0,0,1,1,-1,2,2,44,7,1198,1,20,VOLKSWAGEN POLO,8,E01030529,0,3
2024451452270,2024,451452270,1,9,0,-1,19,1,5,-1,0,1,0,0,0,0,1,1,-1,9,2,72,10,999,1,7,VOLKSWAGEN POLO,9,E01030538,0,1
2024141423205,2024,141423205,2,9,0,-1,2,0,0,-1,0,0,0,0,0,0,2,1,-1,6,-1,-1,-1,1198,1,13,VOLKSWAGEN POLO,-1,-1,0,-1
2024122401308,2024,122401308,2,9,0,4,4,3,7,0,0,0,1,0,1,9,1,1,6,6,1,28,6,999,1,0,VOLKSWAGEN POLO,9,E01008043,0,4
2024010525386,2024,010525386,1,9,0,9,9,5,3,0,0,8,0,0,0,0,0,1,6,6,1,51,8,1390,1,14,VOLKSWAGEN POLO,-1,-1,0,-1
2024522402344,2024,522402344,2,9,0,3,3,6,2,0,0,1,0,0,0,0,2,1,6,6,2,29,6,999,1,5,VOLKSWAGEN POLO,10,E01014866,0,2
2024531509819,2024,531509819,2,9,0,-1,2,0,0,-1,0,0,0,0,0,0,2,9,-1,6,2,39,7,1198,1,14,VOLKSWAGEN POLO,6,E01022261,0,4
2024461499602,2024,461499602,2,9,0,-1,5,4,8,-1,0,4,0,0,0,0,2,1,-1,9,2,17,4,999,1,1,VOLKSWAGEN POLO,2,E01024305,0,3
2024522402482,2024,522402482,1,9,0,17,19,8,2,0,0,8,0,10,0,0,4,1,6,6,1,34,6,999,1,5,VOLKSWAGEN POLO,1,E01014597,0,1
2024471461214,2024,471461214,2,9,0,-1,19,5,1,-1,0,1,0,0,0,0,1,1,-1,6,1,93,11,1390,1,14,VOLKSWAGEN POLO,8,E01031422,0,1
2024010507694,2024,010507694,1,9,0,99,99,9,9,99,99,9,9,99,9,99,9,9,6,6,2,39,7,999,1,3,VOLKSWAGEN POLO,2,E01001551,0,3
2024371422807,2024,371422807,1,9,0,-1,5,5,1,-1,0,8,0,0,0,0,1,1,-1,2,2,19,4,999,1,7,VOLKSWAGEN POLO,7,E01030207,0,1
2024631406951,2024,631406951,1,9,0,-1,19,2,6,-1,0,8,1,0,0,0,1,1,-1,9,1,23,5,1400,2,17,VOLKSWAGEN POLO,3,W01000730,0,3
2024320022849,2024,320022849,2,9,0,7,7,6,4,0,0,1,0,0,0,0,3,1,-1,-1,2,17,4,999,1,1,VOLKSWAGEN POLO,9,E01026215,0,1
2024520402890,2024,520402890,1,9,0,4,4,5,1,0,0,8,5,0,7,10,0,1,6,6,2,19,4,1198,1,16,VOLKSWAGEN POLO,5,E01029183,0,1
2024010508687,2024,010508687,1,9,0,99,99,9,9,99,99,9,9,99,9,99,2,9,6,6,1,-1,-1,1198,1,10,VOLKSWAGEN POLO,10,E01003824,0,2
2024211493683,2024,211493683,1,9,0,-1,4,5,1,-1,0,6,0,0,0,0,1,1,-1,9,1,61,9,1197,1,8,VOLKSWAGEN POLO,10,E01014182,0,4
2024991472710,2024,991472710,1,9,0,-1,9,8,5,-1,0,6,0,0,0,0,3,1,-1,2,2,23,5,999,1,5,VOLKSWAGEN POLO,4,-1,0,2
2024302400351,2024,302400351,1,9,0,18,19,2,6,0,0,0,0,0,0,0,1,1,6,6,1,58,9,999,1,1,VOLKSWAGEN POLO,-1,-1,0,-1
2024610006224,2024,610006224,2,9,0,18,19,8,4,0,0,8,0,0,0,0,1,1,6,6,1,38,7,1198,1,12,VOLKSWAGEN POLO,1,W01001386,0,1
2024221482467,2024,221482467,1,9,0,-1,19,8,4,-1,0,4,0,0,0,0,3,1,-1,6,2,21,5,1390,1,12,VOLKSWAGEN POLO,7,E01035083,0,3
2024340NN3272,2024,340NN3272,2,9,0,-1,19,7,3,-1,0,0,1,0,5,6,1,1,-1,6,1,66,10,999,1,5,VOLKSWAGEN POLO,6,E01027326,0,2
2024141434938,2024,141434938,1,9,0,-1,9,8,6,-1,0,5,0,0,0,0,1,1,-1,9,2,23,5,1390,1,11,VOLKSWAGEN POLO,1,E01007869,0,1
2024540352324,2024,540352324,1,9,0,9,9,3,5,0,0,6,0,0,0,0,1,1,6,6,1,45,7,1598,2,14,VOLKSWAGEN POLO,4,E01031895,0,1
2024411517683,2024,411517683,1,9,0,-1,19,8,4,-1,0,0,1,0,0,0,1,1,-1,6,1,-1,-1,999,1,0,VOLKSWAGEN POLO,-1,-1,0,-1
202417S105424,2024,17S105424,3,9,0,-1,3,3,7,-1,0,2,0,0,0,0,2,1,-1,2,1,60,9,1198,1,11,VOLKSWAGEN POLO,1,E01012217,0,1
2024411498145,2024,411498145,1,9,0,-1,19,1,5,-1,0,0,0,0,0,0,1,1,-1,2,2,75,10,1197,1,8,VOLKSWAGEN POLO,9,E01023969,0,1
2024041507670,2024,041507670,1,9,0,-1,19,3,1,-1,9,0,0,0,0,0,1,1,-1,9,1,17,4,1198,1,14,VOLKSWAGEN POLO,4,E01025544,0,1
2024552400529,2024,552400529,1,9,0,18,19,8,4,0,0,0,0,0,7,2,1,1,6,6,2,34,6,1198,1,13,VOLKSWAGEN POLO,7,E01015438,0,1
2024371428069,2024,371428069,1,9,0,-1,19,1,5,-1,0,0,1,0,0,0,1,1,-1,6,1,19,4,1198,1,17,VOLKSWAGEN POLO,7,E01029875,0,3
2024311420013,2024,311420013,1,9,0,-1,19,7,3,-1,0,0,0,0,0,0,1,1,-1,6,1,34,6,1390,1,17,VOLKSWAGEN POLO,5,E01028076,0,1
2024622400133,2024,622400133,1,9,0,18,19,4,8,0,0,1,0,0,0,0,0,1,6,6,1,26,6,1198,1,13,VOLKSWAGEN POLO,1,W01001698,0,1
2024122400709,2024,122400709,1,9,0,4,4,7,3,0,0,1,0,0,0,0,2,1,6,6,1,17,4,1197,1,8,VOLKSWAGEN POLO,10,E01013381,0,1
202454A900324,2024,54A900324,2,9,0,18,19,5,1,0,0,1,0,0,0,0,1,1,6,6,2,58,9,999,1,4,VOLKSWAGEN POLO,6,E01032075,0,3
2024430201303,2024,430201303,1,9,0,3,3,8,4,0,0,1,0,0,0,0,2,1,2,2,1,28,6,1198,1,13,VOLKSWAGEN POLO,3,E01032730,0,2
2024041442762,2024,041442762,1,9,0,-1,19,1,4,-1,0,0,0,0,0,0,1,1,-1,1,1,24,5,999,1,9,VOLKSWAGEN POLO,3,E01012587,0,3
2024421404370,2024,421404370,2,9,0,-1,3,7,3,-1,0,0,0,0,0,0,2,1,-1,9,1,19,4,1390,1,12,VOLKSWAGEN POLO,10,E01015910,0,1
2024010510651,2024,010510651,1,9,0,9,9,7,4,0,0,8,0,0,0,0,4,1,6,6,1,26,6,999,1,9,VOLKSWAGEN POLO,2,E01001432,0,1
2024631509735,2024,631509735,1,9,0,-1,19,6,1,-1,0,0,1,0,7,10,1,1,-1,1,2,38,7,1390,1,21,VOLKSWAGEN POLO,1,W01000570,0,3
2024340WN6412,2024,340WN6412,2,9,0,-1,3,5,1,-1,0,2,0,0,0,0,2,1,-1,2,1,19,4,1197,1,7,VOLKSWAGEN POLO,9,E01027201,0,2
202417L304124,2024,17L304124,1,9,0,-1,13,7,3,-1,0,8,5,0,7,11,1,1,-1,9,1,19,4,1000,1,24,VOLKSWAGEN POLO,1,E01012112,0,2
2024471455060,2024,471455060,1,9,0,-1,3,7,3,-1,0,1,0,0,0,0,2,1,-1,2,2,31,6,1198,1,22,VOLKSWAGEN POLO,6,E01031579,0,1
2024031527167,2024,031527167,2,9,0,-1,5,1,5,-1,0,3,0,0,0,0,4,1,-1,9,2,64,9,1198,1,10,VOLKSWAGEN POLO,-1,-1,0,-1
2024542797324,2024,542797324,1,9,0,9,9,5,3,0,0,6,0,0,0,0,3,1,6,6,2,18,4,1422,2,16,VOLKSWAGEN POLO,5,E01032010,0,3
2024610006724,2024,610006724,2,9,0,9,9,7,5,0,0,1,0,0,0,0,1,1,6,6,1,53,8,1198,1,13,VOLKSWAGEN POLO,7,W01001492,0,1
2024010530592,2024,010530592,1,9,0,18,19,5,1,0,0,0,0,0,0,0,1,1,6,6,1,31,6,1198,1,17,VOLKSWAGEN POLO,3,E01001725,0,1
2024552400099,2024,552400099,1,9,0,9,9,7,5,0,0,5,0,0,0,0,1,1,6,6,2,40,7,1198,1,13,VOLKSWAGEN POLO,5,E01015456,0,1
2024061523948,2024,061523948,1,9,0,-1,19,3,7,-1,0,1,0,0,0,0,1,9,-1,6,1,26,6,1390,1,19,VOLKSWAGEN POLO,-1,-1,0,-1
2024201501657,2024,201501657,2,9,0,-1,19,8,4,-1,0,0,0,0,0,0,4,1,-1,6,2,32,6,999,1,8,VOLKSWAGEN POLO,3,E01009701,0,2
2024631489988,2024,631489988,1,9,0,-1,19,8,4,-1,0,0,5,0,2,11,1,1,-1,6,2,21,5,999,1,8,VOLKSWAGEN POLO,5,W01000599,0,1
2024991520633,2024,991520633,2,9,0,-1,19,3,7,-1,0,0,0,0,0,0,2,1,-1,9,1,52,8,1199,2,12,VOLKSWAGEN POLO,8,-1,0,2
2024131425437,2024,131425437,3,9,0,-1,19,5,1,-1,0,0,0,0,0,0,1,1,-1,2,2,21,5,999,1,3,VOLKSWAGEN POLO,10,E01030870,0,5
2024522403186,2024,522403186,2,9,0,18,19,5,1,0,0,6,0,0,0,0,1,1,6,6,2,18,4,999,1,6,VOLKSWAGEN POLO,10,E01014912,0,2
2024440156122,2024,440156122,1,9,0,18,19,4,8,0,0,0,0,0,0,0,1,1,6,6,1,74,10,1198,1,16,VOLKSWAGEN POLO,4,E01017312,0,1
2024501492341,2024,501492341,2,9,0,-1,19,5,1,-1,0,0,0,0,0,0,1,1,-1,6,1,-1,-1,1984,1,1,VOLKSWAGEN POLO,-1,-1,0,-1
2024501395296,2024,501395296,2,9,0,-1,19,5,1,-1,0,8,0,0,0,0,4,9,-1,9,1,61,9,999,1,7,VOLKSWAGEN POLO,4,E01015178,0,1
2024631469038,2024,631469038,1,9,0,-1,7,2,5,-1,0,8,1,0,3,10,1,1,-1,6,1,23,5,1422,2,16,VOLKSWAGEN POLO,6,W01000698,0,1
2024041442796,2024,041442796,1,9,0,-1,19,5,1,-1,0,0,0,0,0,0,1,1,-1,9,1,72,10,1400,1,18,VOLKSWAGEN POLO,5,E01025243,0,3
2024430525516,2024,430525516,2,9,0,18,19,8,4,0,0,1,0,0,0,0,1,1,6,6,1,-1,-1,1390,1,14,VOLKSWAGEN POLO,-1,-1,0,-1
2024010509826,2024,010509826,2,9,0,10,10,7,4,0,0,1,0,0,0,0,1,1,6,6,2,48,8,999,1,6,VOLKSWAGEN POLO,6,E01002433,0,2
2024522401846,2024,522401846,3,9,0,18,19,4,8,0,0,0,0,0,0,0,1,1,6,6,1,21,5,1197,1,13,VOLKSWAGEN POLO,4,W01000636,0,5
2024421416758,2024,421416758,2,9,0,-1,19,3,7,-1,0,0,0,0,0,0,2,1,-1,6,1,46,8,1390,1,21,VOLKSWAGEN POLO,10,E01021243,0,2
2024131453163,2024,131453163,3,9,0,-1,2,0,0,-1,0,2,0,0,0,0,0,1,-1,6,-1,51,8,999,1,1,VOLKSWAGEN POLO,10,E01010936,0,2
2024451461379,2024,451461379,2,9,0,-1,9,3,7,-1,0,0,0,0,0,0,1,1,-1,2,1,24,5,1198,1,18,VOLKSWAGEN POLO,9,E01030784,0,1
2024340WN6412,2024,340WN6412,1,9,0,-1,4,5,1,-1,0,2,0,0,0,0,1,1,-1,2,1,27,6,1390,1,13,VOLKSWAGEN POLO,3,E01027185,0,1
2024501396154,2024,501396154,2,9,0,-1,19,7,3,-1,0,0,1,0,0,0,1,9,-1,2,1,53,8,1984,1,5,VOLKSWAGEN POLO,8,E01020120,0,1
2024010525557,2024,010525557,1,9,0,17,19,1,5,0,0,0,0,0,0,0,1,1,6,6,2,71,10,999,1,0,VOLKSWAGEN POLO,6,E01003279,0,1
2024991466631,2024,991466631,1,9,0,-1,19,2,6,-1,0,0,0,0,2,0,1,1,-1,9,1,26,6,1197,1,7,VOLKSWAGEN POLO,2,E01005817,0,5
2024052401624,2024,052401624,1,9,0,9,9,6,3,0,0,8,0,0,0,0,4,1,1,1,1,27,6,1197,1,7,VOLKSWAGEN POLO,4,E01007102,0,1
2024052400347,2024,052400347,1,9,0,18,19,1,5,0,0,0,0,0,0,0,1,1,6,6,1,21,5,999,1,0,VOLKSWAGEN POLO,2,E01006656,0,1
2024531491079,2024,531491079,1,9,0,-1,5,3,1,-1,0,6,0,0,0,0,3,1,-1,9,2,74,10,1400,1,17,VOLKSWAGEN POLO,-1,-1,0,-1
2024131474881,2024,131474881,1,9,0,-1,9,5,3,-1,0,1,0,0,0,0,1,1,-1,2,1,28,6,999,1,5,VOLKSWAGEN POLO,7,E01010905,0,3
2024061488513,2024,061488513,2,9,0,-1,19,3,8,-1,0,1,0,0,0,0,4,1,-1,9,2,20,4,999,1,4,VOLKSWAGEN POLO,2,E01010815,0,4
2024471400167,2024,471400167,2,9,0,-1,19,5,1,-1,0,8,0,0,0,0,1,1,-1,9,2,66,10,999,1,6,VOLKSWAGEN POLO,10,E01031592,0,1
2024451421685,2024,451421685,1,9,0,-1,19,3,7,-1,0,0,1,0,1,1,1,1,-1,6,-1,-1,-1,1198,1,14,VOLKSWAGEN POLO,-1,-1,0,-1
202454A527824,2024,54A527824,2,9,0,18,19,1,5,0,0,1,0,0,7,0,4,1,6,6,2,20,4,1390,1,17,VOLKSWAGEN POLO,5,E01029053,0,4
2024131404969,2024,131404969,2,9,0,-1,-1,-1,-1,-1,-1,0,-1,-1,-1,-1,-1,1,-1,6,1,27,6,1390,1,15,VOLKSWAGEN POLO,6,E01011646,0,2
2024141499262,2024,141499262,1,9,0,-1,19,6,2,-1,0,1,0,0,0,0,4,1,-1,2,1,32,6,999,1,6,VOLKSWAGEN POLO,3,E01034258,0,1
2024201522643,2024,201522643,2,9,0,-1,5,4,8,-1,0,8,0,0,0,0,1,9,-1,6,1,20,4,999,1,1,VOLKSWAGEN POLO,-1,-1,0,-1
2024031431335,2024,031431335,1,9,0,-1,19,3,6,-1,0,0,5,0,1,9,1,1,-1,6,1,18,4,1198,1,11,VOLKSWAGEN POLO,-1,-1,0,-1