collision_index,collision_year,collision_ref_no,vehicle_reference,vehicle_type,towing_and_articulation,vehicle_manoeuvre_historic,vehicle_manoeuvre,vehicle_direction_from,vehicle_direction_to,vehicle_location_restricted_lane_historic,vehicle_location_restricted_lane,junction_location,skidding_and_overturning,hit_object_in_carriageway,vehicle_leaving_carriageway,hit_object_off_carriageway,first_point_of_impact,vehicle_left_hand_drive,journey_purpose_of_driver_historic,journey_purpose_of_driver,sex_of_driver,age_of_driver,age_band_of_driver,engine_capacity_cc,propulsion_code,age_of_vehicle,generic_make_model,driver_imd_decile,lsoa_of_driver,escooter_flag,driver_distance_banding
2024991509452,2024,991509452,1,9,0,-1,19,2,6,-1,9,0,1,0,0,0,1,1,-1,9,2,51,8,1390,1,12,VOLKSWAGEN POLO,6,-1,0,1
2024010526640,2024,010526640,1,9,0,99,99,9,9,99,99,9,9,99,9,99,9,9,6,6,3,23,5,1197,1,8,VOLKSWAGEN POLO,4,E01002044,0,1
2024552401126,2024,552401126,1,9,0,18,19,2,6,0,0,0,0,0,0,0,4,1,2,2,1,19,4,1198,1,19,VOLKSWAGEN POLO,6,E01015355,0,1
2024010524434,2024,010524434,1,9,0,4,4,7,3,0,0,0,0,0,0,0,2,1,2,2,1,27,6,999,1,2,VOLKSWAGEN POLO,10,E01030671,0,3
2024201414408,2024,201414408,1,9,0,-1,19,4,8,-1,0,0,0,0,0,0,3,1,-1,2,2,23,5,999,1,3,VOLKSWAGEN POLO,1,E01009147,0,1
2024440247576,2024,440247576,2,9,0,18,19,3,7,0,0,1,0,0,0,0,1,1,6,6,1,53,8,1390,1,15,VOLKSWAGEN POLO,6,E01035443,0,1
2024371397398,2024,371397398,1,9,0,-1,19,5,1,-1,0,0,1,0,1,0,1,9,-1,9,1,18,4,1198,1,18,VOLKSWAGEN POLO,4,E01029927,0,1
2024010528488,2024,010528488,4,9,0,2,2,0,0,0,0,1,0,0,0,0,2,1,6,6,3,-1,-1,1043,1,30,VOLKSWAGEN POLO,-1,-1,0,-1
2024161513885,2024,161513885,2,9,0,-1,4,3,7,-1,0,1,0,0,0,0,1,9,-1,6,1,-1,-1,1390,1,14,VOLKSWAGEN POLO,-1,-1,0,-1
2024522402859,2024,522402859,1,9,0,9,9,3,8,0,0,6,0,0,0,0,1,1,6,6,2,28,6,1390,1,21,VOLKSWAGEN POLO,7,E01029028,0,4
2024010508199,2024,010508199,1,9,0,18,19,3,7,0,0,8,0,0,0,0,1,1,6,6,1,82,11,999,1,2,VOLKSWAGEN POLO,9,E01001385,0,1
2024471403125,2024,471403125,1,9,0,-1,19,8,4,-1,0,0,0,0,0,0,3,1,-1,2,1,38,7,1198,1,15,VOLKSWAGEN POLO,6,E01031586,0,1
2024471502697,2024,471502697,2,9,0,-1,19,3,7,-1,0,8,0,0,0,0,1,1,-1,6,2,43,7,1197,1,9,VOLKSWAGEN POLO,9,E01031816,0,1
2024010529667,2024,010529667,1,9,0,18,19,6,2,0,0,1,0,0,0,0,2,1,6,6,1,23,5,1190,1,14,VOLKSWAGEN POLO,3,E01000222,0,2
2024010505216,2024,010505216,2,9,0,18,19,3,7,0,0,0,0,0,0,0,1,1,6,6,1,30,6,1198,1,16,VOLKSWAGEN POLO,9,E01004179,0,1
2024411437264,2024,411437264,1,9,0,-1,3,3,7,-1,0,4,0,0,0,0,2,1,-1,6,1,19,4,999,1,7,VOLKSWAGEN POLO,4,E01001518,0,2
2024010500791,2024,010500791,2,9,9,99,99,9,9,99,99,9,9,99,9,99,9,9,6,6,3,-1,-1,999,1,3,VOLKSWAGEN POLO,2,E01002877,0,1
2024052400728,2024,052400728,2,9,0,9,9,7,4,0,0,6,0,4,0,0,3,1,6,6,2,54,8,999,1,3,VOLKSWAGEN POLO,4,E01006846,0,1
2024010532113,2024,010532113,2,9,0,3,3,2,6,0,0,0,0,0,0,0,1,1,6,6,2,22,5,999,1,7,VOLKSWAGEN POLO,5,E01023677,0,3
2024361497618,2024,361497618,2,9,0,-1,19,8,4,-1,0,0,0,0,0,0,1,1,-1,2,2,34,6,1595,2,14,VOLKSWAGEN POLO,3,E01026602,0,1
2024302401378,2024,302401378,1,9,0,9,9,6,4,0,0,8,0,0,0,0,4,1,6,6,2,18,4,1198,1,17,VOLKSWAGEN POLO,7,E01019553,0,1
2024111448829,2024,111448829,2,9,0,-1,4,3,7,-1,0,5,0,0,0,0,2,1,-1,6,2,61,9,999,1,1,VOLKSWAGEN POLO,8,E01012309,0,1
2024010539405,2024,010539405,4,9,0,18,19,7,3,0,0,3,0,0,0,0,2,1,2,2,1,53,8,1390,1,10,VOLKSWAGEN POLO,9,E01023134,0,4
2024631440900,2024,631440900,2,9,0,-1,19,2,6,-1,0,8,0,0,0,0,1,1,-1,9,2,80,11,1390,1,10,VOLKSWAGEN POLO,8,W01000597,0,3
2024052401960,2024,052401960,2,9,0,18,19,4,8,0,0,8,0,0,0,0,1,1,6,6,1,24,5,999,1,0,VOLKSWAGEN POLO,1,E01007220,0,1
2024101512983,2024,101512983,2,9,5,-1,19,5,1,-1,0,3,1,0,0,0,1,1,-1,6,1,28,6,999,1,1,VOLKSWAGEN POLO,1,E01009507,0,5
2024101508712,2024,101508712,1,9,0,-1,19,5,1,-1,0,3,0,0,0,0,1,1,-1,6,1,18,4,1198,1,13,VOLKSWAGEN POLO,6,-1,0,3
2024371470803,2024,371470803,6,9,0,-1,4,1,5,-1,0,0,0,0,0,0,2,1,-1,6,2,53,8,1400,1,17,VOLKSWAGEN POLO,5,E01026591,0,4
2024451479513,2024,451479513,1,9,0,-1,19,5,1,-1,0,0,0,0,7,0,1,1,-1,2,1,30,6,1390,1,17,VOLKSWAGEN POLO,6,E01030681,0,3
2024541057924,2024,541057924,1,9,0,9,9,8,6,0,0,3,0,0,0,0,3,1,2,2,2,30,6,1400,1,18,VOLKSWAGEN POLO,7,E01032024,0,1
2024430609410,2024,430609410,1,9,0,18,19,7,3,0,0,1,0,0,0,0,1,1,6,6,2,18,4,999,1,5,VOLKSWAGEN POLO,8,E01016515,0,1
2024501395205,2024,501395205,1,9,0,-1,9,8,5,-1,0,1,0,0,0,0,1,1,-1,7,1,17,4,999,1,5,VOLKSWAGEN POLO,7,E01018827,0,2
2024991534374,2024,991534374,1,9,0,-1,19,4,8,-1,0,0,2,0,1,0,1,1,-1,9,1,20,4,1600,1,16,VOLKSWAGEN POLO,5,-1,0,3
2024041536079,2024,041536079,2,9,0,-1,19,5,1,-1,0,0,0,0,0,0,1,1,-1,9,2,72,10,1198,1,21,VOLKSWAGEN POLO,1,E01025606,0,3
2024340WN6942,2024,340WN6942,2,9,0,-1,9,4,2,-1,0,5,0,0,0,0,1,1,-1,2,1,61,9,1390,1,11,VOLKSWAGEN POLO,4,E01027187,0,1
2024631444712,2024,631444712,2,9,0,-1,10,5,3,-1,0,8,0,0,0,0,0,1,-1,6,1,46,8,999,1,1,VOLKSWAGEN POLO,3,W01000929,0,3
2024531470413,2024,531470413,1,9,0,-1,9,1,5,-1,0,8,0,0,0,0,4,1,-1,9,2,19,4,1198,1,13,VOLKSWAGEN POLO,8,E01027304,0,4
2024461413446,2024,461413446,3,9,0,-1,2,0,0,-1,9,0,0,0,0,0,2,1,-1,6,-1,-1,-1,1390,1,12,VOLKSWAGEN POLO,-1,-1,0,-1
2024552400220,2024,552400220,1,9,0,18,19,1,5,0,0,0,0,0,1,4,1,1,1,1,2,73,10,1198,1,17,VOLKSWAGEN POLO,5,E01020512,0,3
2024131461026,2024,131461026,1,9,0,-1,19,1,5,-1,0,8,0,0,0,0,3,1,-1,9,1,50,8,999,1,1,VOLKSWAGEN POLO,7,E01011512,0,4
2024371477477,2024,371477477,1,9,0,-1,4,3,5,-1,0,0,0,0,0,0,1,1,-1,6,1,33,6,1390,1,24,VOLKSWAGEN POLO,-1,-1,0,-1
2024461442495,2024,461442495,2,9,0,-1,19,3,7,-1,0,5,0,0,0,0,2,9,-1,9,2,30,6,1198,1,10,VOLKSWAGEN POLO,6,E01035281,0,4
2024440499489,2024,440499489,4,9,0,2,2,0,0,0,0,0,0,0,0,0,2,1,6,6,3,-1,-1,1390,1,12,VOLKSWAGEN POLO,-1,-1,0,-1
2024302401374,2024,302401374,1,9,0,13,13,6,1,0,0,0,5,0,7,11,1,1,6,6,1,19,4,1198,1,13,VOLKSWAGEN POLO,8,E01019493,0,2
2024010538516,2024,010538516,1,9,0,18,19,6,2,0,0,8,0,0,0,0,4,1,6,6,2,36,7,1390,1,20,VOLKSWAGEN POLO,4,E01001478,0,1
2024231454614,2024,231454614,1,9,0,-1,19,2,5,-1,0,0,0,0,0,0,1,1,-1,2,2,20,4,999,1,1,VOLKSWAGEN POLO,2,E01031066,0,1
2024340WN0202,2024,340WN0202,1,9,0,-1,19,4,8,-1,0,0,1,0,0,6,1,1,-1,2,1,24,5,999,1,8,VOLKSWAGEN POLO,10,E01027992,0,5
2024041523463,2024,041523463,1,9,0,-1,19,5,1,-1,0,0,0,0,0,0,1,1,-1,9,2,24,5,1197,1,8,VOLKSWAGEN POLO,5,E01028869,0,5
2024320624984,2024,320624984,2,9,0,-1,-1,5,1,0,0,8,0,0,0,0,1,1,-1,-1,1,27,6,1197,1,10,VOLKSWAGEN POLO,2,E01026030,0,4
2024131418640,2024,131418640,1,9,0,-1,19,5,1,-1,0,0,5,10,0,0,3,1,-1,9,1,18,4,1198,1,10,VOLKSWAGEN POLO,9,E01025321,0,4
2024451497611,2024,451497611,1,9,0,-1,9,3,5,-1,0,6,0,0,0,0,1,1,-1,9,1,53,8,1198,1,10,VOLKSWAGEN POLO,5,E01030974,0,1
2024541638824,2024,541638824,1,9,0,9,9,8,6,0,0,5,0,0,0,0,1,1,6,6,2,41,7,1390,1,11,VOLKSWAGEN POLO,9,E01002958,0,5
2024041490722,2024,041490722,2,9,0,-1,9,1,2,-1,0,1,0,0,0,0,1,1,-1,9,1,42,7,1199,2,11,VOLKSWAGEN POLO,7,E01025081,0,1
2024411407529,2024,411407529,1,9,0,-1,4,8,3,-1,0,0,0,0,0,0,1,1,-1,6,2,31,6,1197,1,8,VOLKSWAGEN POLO,9,E01035572,0,1
2024332401128,2024,332401128,2,9,0,-1,5,6,2,-1,0,6,0,0,0,0,1,1,-1,1,2,27,6,999,1,3,VOLKSWAGEN POLO,4,E01013747,0,1
2024041406069,2024,041406069,1,9,0,-1,19,4,8,-1,0,0,5,0,1,4,1,1,-1,9,1,17,4,1198,1,11,VOLKSWAGEN POLO,10,E01019462,0,4
2024231534345,2024,231534345,1,9,0,-1,5,4,8,-1,0,6,0,0,0,0,3,1,-1,9,1,20,4,1390,1,20,VOLKSWAGEN POLO,10,E01031300,0,1
2024010547607,2024,010547607,2,9,0,2,2,0,0,0,0,2,0,0,0,0,1,1,6,6,3,-1,-1,1395,1,8,VOLKSWAGEN POLO,-1,-1,0,-1
2024141415912,2024,141415912,1,9,0,-1,19,4,8,-1,0,0,0,0,0,0,1,1,-1,2,2,19,4,1198,1,13,VOLKSWAGEN POLO,6,E01007400,0,1
2024451402168,2024,451402168,1,9,0,-1,99,1,5,-1,0,1,0,0,0,0,2,1,-1,7,2,39,7,1390,1,13,VOLKSWAGEN POLO,8,E01030766,0,1
2024131450435,2024,131450435,2,9,0,-1,19,3,3,-1,0,8,0,0,0,0,1,1,-1,9,2,52,8,1984,1,2,VOLKSWAGEN POLO,1,E01011764,0,1
2024451475562,2024,451475562,2,9,0,-1,19,7,3,-1,0,0,0,0,0,0,3,1,-1,2,1,59,9,1199,2,12,VOLKSWAGEN POLO,7,E01015979,0,4
2024011472425,2024,011472425,1,9,0,-1,19,3,7,-1,0,0,0,0,0,0,1,1,-1,9,1,23,5,1198,1,14,VOLKSWAGEN POLO,-1,-1,0,-1
2024991500838,2024,991500838,3,9,0,-1,19,4,8,-1,0,0,0,0,0,0,2,1,-1,6,1,36,7,999,1,10,VOLKSWAGEN POLO,-1,-1,0,-1
2024311534587,2024,311534587,2,9,0,-1,6,3,2,-1,0,2,0,0,0,0,3,1,-1,9,1,20,4,1198,1,14,VOLKSWAGEN POLO,-1,-1,0,-1
2024552400076,2024,552400076,1,9,0,18,19,2,6,0,0,5,1,0,7,1,1,1,2,2,2,21,5,1198,1,20,VOLKSWAGEN POLO,3,E01020564,0,3
2024361449440,2024,361449440,1,9,0,-1,19,3,7,-1,0,0,0,0,0,0,1,1,-1,6,2,18,4,1390,1,16,VOLKSWAGEN POLO,4,E01034776,0,4
2024411495192,2024,411495192,1,9,0,-1,19,3,2,-1,0,1,0,0,0,0,1,1,-1,6,1,22,5,1390,1,12,VOLKSWAGEN POLO,10,E01023609,0,1
2024501527292,2024,501527292,1,9,0,-1,19,7,3,-1,0,0,0,0,2,1,1,1,-1,9,1,18,4,999,1,3,VOLKSWAGEN POLO,4,E01020140,0,1
2024041423225,2024,041423225,1,9,0,-1,9,1,5,-1,0,1,0,0,0,0,1,1,-1,9,1,18,4,1199,2,13,VOLKSWAGEN POLO,7,E01012614,0,3
2024010537107,2024,010537107,1,9,0,3,3,5,1,0,0,1,0,0,0,0,2,1,2,2,2,20,4,999,1,10,VOLKSWAGEN POLO,3,E01023343,0,3
2024201514674,2024,201514674,1,9,0,-1,5,7,3,-1,0,2,0,0,0,0,1,9,-1,9,1,21,5,1390,1,14,VOLKSWAGEN POLO,3,E01009089,0,1
2024430370559,2024,430370559,2,9,0,9,9,2,2,0,0,8,0,0,0,0,4,1,6,6,2,41,7,999,1,5,VOLKSWAGEN POLO,10,E01017884,0,1
2024161395653,2024,161395653,2,9,0,-1,19,5,1,-1,0,0,0,0,0,0,1,1,-1,2,1,22,5,1798,1,9,VOLKSWAGEN POLO,-1,-1,0,-1
2024010521646,2024,010521646,1,9,0,99,99,9,9,99,99,9,9,99,9,99,1,9,6,6,2,24,5,1198,1,13,VOLKSWAGEN POLO,4,E01004019,0,1
2024221492258,2024,221492258,2,9,0,-1,19,1,5,-1,0,8,1,0,0,0,1,1,-1,6,1,42,7,1197,1,7,VOLKSWAGEN POLO,3,E01034329,0,3
2024052401063,2024,052401063,1,9,0,9,9,5,3,0,0,1,0,0,0,0,1,1,6,6,2,19,4,999,1,3,VOLKSWAGEN POLO,6,E01006420,0,1
2024461456138,2024,461456138,1,9,0,-1,4,3,7,-1,0,0,1,0,0,0,1,1,-1,6,1,35,6,999,1,9,VOLKSWAGEN POLO,6,E01013837,0,5
2024991493960,2024,991493960,2,9,0,-1,9,6,4,-1,0,8,0,0,0,0,1,1,-1,6,2,41,7,1198,1,12,VOLKSWAGEN POLO,-1,-1,0,-1
2024440145078,2024,440145078,1,9,0,12,12,2,6,0,0,0,0,0,0,0,3,1,6,6,1,73,10,1198,1,22,VOLKSWAGEN POLO,2,E01031983,0,4
2024471475050,2024,471475050,2,9,0,-1,19,7,3,-1,0,0,0,0,0,0,1,1,-1,6,2,22,5,1422,2,9,VOLKSWAGEN POLO,5,E01034817,0,2
2024302500191,2024,302500191,1,9,0,-1,19,5,1,-1,0,2,0,0,0,0,1,1,-1,9,2,25,5,1198,1,19,VOLKSWAGEN POLO,2,E01029447,0,2
2024340NN0422,2024,340NN0422,1,9,0,-1,5,7,3,-1,0,6,0,0,0,0,1,1,-1,6,2,74,10,1197,1,11,VOLKSWAGEN POLO,7,E01027102,0,1
2024430337185,2024,430337185,1,9,0,18,19,6,2,0,0,7,0,0,0,0,1,1,6,6,2,19,4,999,1,8,VOLKSWAGEN POLO,8,E01028729,0,1
2024631484675,2024,631484675,1,9,0,-1,19,6,2,-1,0,8,0,0,0,0,1,1,-1,9,2,33,6,1422,2,10,VOLKSWAGEN POLO,5,W01000508,0,3
2024351512970,2024,351512970,2,9,-1,-1,-1,-1,-1,-1,-1,0,-1,-1,-1,0,-1,9,-1,6,2,28,6,1197,1,9,VOLKSWAGEN POLO,5,E01018157,0,2
2024471482116,2024,471482116,1,9,0,-1,5,5,1,-1,0,0,0,0,0,0,1,1,-1,2,1,23,5,1598,2,14,VOLKSWAGEN POLO,3,E01016909,0,1
2024610004924,2024,610004924,3,9,0,11,11,7,3,0,0,0,0,0,0,0,2,1,6,6,2,33,6,999,1,3,VOLKSWAGEN POLO,5,W01002026,0,2
2024991484422,2024,991484422,1,9,0,-1,19,6,3,-1,0,1,0,0,7,1,1,1,-1,9,2,18,4,999,1,3,VOLKSWAGEN POLO,6,-1,0,3
2024622400385,2024,622400385,1,9,0,9,9,8,6,0,0,1,0,0,0,0,1,1,6,6,2,35,6,999,1,2,VOLKSWAGEN POLO,2,W01001862,0,1
202460Q171821,2024,60Q171821,5,9,0,18,19,8,4,0,0,0,0,0,0,0,2,1,6,6,2,53,8,1422,2,9,VOLKSWAGEN POLO,-1,-1,0,-1
2024070804378,2024,070804378,1,9,0,-1,4,5,1,-1,0,2,0,0,1,0,1,1,-1,9,2,77,11,1197,1,7,VOLKSWAGEN POLO,10,E01018588,0,1
2024010525795,2024,010525795,1,9,0,99,99,9,9,99,99,9,9,99,9,99,9,9,6,6,3,48,8,1390,1,16,VOLKSWAGEN POLO,3,E01002638,0,1
2024440434417,2024,440434417,2,9,0,18,19,5,1,0,0,8,0,0,0,0,4,1,6,6,2,22,5,1197,1,7,VOLKSWAGEN POLO,3,E01024399,0,5
2024411532243,2024,411532243,1,9,0,-1,3,3,5,-1,0,4,0,0,0,0,2,1,-1,6,2,42,7,999,1,3,VOLKSWAGEN POLO,6,E01023804,0,4
2024010519145,2024,010519145,2,9,0,18,19,1,5,0,0,1,0,0,0,0,1,1,6,6,3,-1,-1,1198,1,18,VOLKSWAGEN POLO,-1,-1,0,-1
2024501515424,2024,501515424,3,9,0,-1,19,1,5,-1,0,8,0,0,0,0,4,1,-1,9,1,54,8,1598,2,14,VOLKSWAGEN POLO,4,E01018887,0,2
2024440553734,2024,440553734,1,9,0,18,19,7,3,0,0,0,2,0,1,0,1,1,6,6,1,22,5,1896,2,21,VOLKSWAGEN POLO,5,E01017158,0,4
2024552401112,2024,552401112,2,9,0,18,19,6,2,0,0,0,0,0,4,6,2,1,6,6,1,19,4,1198,1,19,VOLKSWAGEN POLO,10,E01020407,0,3
2024401415688,2024,401415688,2,9,0,-1,19,5,1,-1,0,0,0,0,0,0,2,1,-1,6,2,52,8,1798,1,7,VOLKSWAGEN POLO,10,E01033189,0,4
2024320487478,2024,320487478,1,9,0,-1,-1,2,8,0,0,0,0,0,1,4,1,1,-1,-1,1,17,4,999,1,5,VOLKSWAGEN POLO,6,E01026309,0,1
2024201515210,2024,201515210,1,9,0,-1,19,7,3,-1,0,8,0,0,0,0,1,9,-1,9,1,-1,-1,1390,1,14,VOLKSWAGEN POLO,-1,-1,0,-1
2024520402953,2024,520402953,1,9,0,10,10,3,1,0,0,6,0,0,0,0,1,1,6,6,2,19,4,1198,1,12,VOLKSWAGEN POLO,7,E01029138,0,2
2024622400707,2024,622400707,1,9,0,18,19,1,6,0,0,8,0,0,0,0,1,1,1,1,2,25,5,999,1,7,VOLKSWAGEN POLO,5,W01001296,0,1
2024522401797,2024,522401797,1,9,0,18,19,2,5,0,0,8,0,0,1,10,1,1,6,6,1,18,4,999,1,1,VOLKSWAGEN POLO,2,E01035215,0,1
2024461436820,2024,461436820,1,9,0,-1,19,5,1,-1,0,6,1,0,2,0,1,1,-1,9,1,20,4,1197,1,9,VOLKSWAGEN POLO,5,E01016149,0,1
2024041533195,2024,041533195,1,9,0,-1,19,1,5,-1,0,0,0,0,0,0,1,1,-1,2,1,19,4,1198,1,18,VOLKSWAGEN POLO,10,E01006367,0,1
2024010520311,2024,010520311,1,9,9,99,99,9,9,99,99,9,9,99,0,0,9,9,6,6,3,-1,-1,999,1,3,VOLKSWAGEN POLO,-1,-1,0,-1
2024211430121,2024,211430121,2,9,0,-1,19,4,8,-1,-1,-1,-1,-1,-1,0,-1,1,-1,6,2,76,11,1984,1,5,VOLKSWAGEN POLO,10,E01029412,0,1
2024340WN4042,2024,340WN4042,3,9,0,-1,2,0,0,-1,0,0,0,0,0,0,0,1,-1,9,1,55,8,1984,1,0,VOLKSWAGEN POLO,8,E01017504,0,4
2024501396119,2024,501396119,3,9,0,-1,3,1,5,-1,0,0,0,0,0,0,2,1,-1,2,2,22,5,1422,2,7,VOLKSWAGEN POLO,5,E01020057,0,1
2024991517463,2024,991517463,1,9,0,-1,19,1,5,-1,0,3,0,11,0,0,1,1,-1,9,2,17,4,1197,1,8,VOLKSWAGEN POLO,8,-1,0,1
2024411423108,2024,411423108,2,9,0,-1,9,3,1,-1,0,6,0,0,0,0,3,1,-1,2,2,19,4,1198,1,14,VOLKSWAGEN POLO,8,E01023590,0,1
2024010502870,2024,010502870,2,9,9,99,99,9,9,99,99,9,9,99,9,99,9,9,6,6,3,-1,-1,1798,1,7,VOLKSWAGEN POLO,-1,-1,0,-1
2024351503383,2024,351503383,1,9,0,-1,19,5,1,-1,0,2,1,0,0,0,1,1,-1,6,1,17,4,1198,1,18,VOLKSWAGEN POLO,6,E01018047,0,3
2024010528774,2024,010528774,1,9,0,2,2,0,0,0,0,1,0,0,0,0,1,1,6,6,3,-1,-1,999,1,6,VOLKSWAGEN POLO,-1,-1,0,-1
2024421526800,2024,421526800,2,9,0,-1,19,1,5,-1,0,0,0,0,0,0,2,1,-1,6,1,23,5,1198,1,12,VOLKSWAGEN POLO,9,E01021371,0,3
2024501472915,2024,501472915,1,9,0,-1,19,1,3,-1,0,0,1,0,0,0,1,1,-1,9,1,18,4,1198,1,15,VOLKSWAGEN POLO,7,E01020063,0,2
2024451432983,2024,451432983,2,9,0,-1,9,8,4,-1,0,2,0,0,0,0,1,1,-1,9,2,18,4,1390,1,12,VOLKSWAGEN POLO,9,E01031000,0,1
2024361479373,2024,361479373,2,9,0,-1,19,6,2,-1,0,8,0,0,1,2,2,1,-1,9,2,18,4,999,1,4,VOLKSWAGEN POLO,4,E01018109,0,3
2024451534601,2024,451534601,1,9,0,-1,10,1,5,-1,0,0,0,0,0,0,3,1,-1,6,2,22,5,999,1,3,VOLKSWAGEN POLO,2,E01032575,0,4
2024010530047,2024,010530047,2,9,0,99,99,9,9,99,99,9,9,99,9,99,1,9,6,6,3,-1,-1,999,1,4,VOLKSWAGEN POLO,3,E01034046,0,1
2024201469263,2024,201469263,1,9,0,-1,19,-1,-1,-1,0,0,0,0,0,0,0,9,-1,6,1,20,4,999,1,0,VOLKSWAGEN POLO,2,E01029356,0,3
2024010500180,2024,010500180,1,9,0,18,19,3,7,0,0,0,5,0,0,0,1,1,6,6,1,20,4,999,1,6,VOLKSWAGEN POLO,5,E01004419,0,3
2024161452973,2024,161452973,1,9,0,-1,19,2,6,-1,0,0,0,0,0,0,1,9,-1,6,2,46,8,1197,1,14,VOLKSWAGEN POLO,10,E01013215,0,1
2024401512207,2024,401512207,1,9,0,-1,-1,-1,-1,-1,-1,0,-1,-1,-1,0,-1,1,-1,6,1,22,5,999,1,2,VOLKSWAGEN POLO,10,E01027205,0,4
2024501522950,2024,501522950,3,9,0,-1,19,3,7,-1,0,0,0,0,0,0,2,1,-1,6,1,17,4,1390,1,13,VOLKSWAGEN POLO,8,E01015034,0,1
2024010544856,2024,010544856,1,9,0,18,19,1,5,0,0,8,0,0,0,0,1,1,6,6,2,40,7,1197,1,7,VOLKSWAGEN POLO,5,E01002059,0,1
2024421514931,2024,421514931,1,9,0,-1,19,3,7,-1,0,8,0,0,0,0,1,1,-1,2,1,24,5,1197,1,9,VOLKSWAGEN POLO,8,E01034089,0,1
2024461527211,2024,461527211,3,9,0,-1,2,0,0,-1,0,2,0,0,0,0,1,1,-1,9,1,22,5,1390,1,13,VOLKSWAGEN POLO,6,E01024716,0,1
2024522401235,2024,522401235,1,9,0,18,19,1,5,0,0,8,0,0,0,0,3,1,6,6,2,41,7,999,1,6,VOLKSWAGEN POLO,6,E01014679,0,1
2024451457803,2024,451457803,1,9,0,-1,19,6,2,-1,0,1,0,0,0,0,2,1,-1,9,1,19,4,1197,1,9,VOLKSWAGEN POLO,8,E01030965,0,1
2024122400703,2024,122400703,1,9,0,18,19,7,3,0,0,0,0,0,0,0,1,1,2,2,1,22,5,1395,1,8,VOLKSWAGEN POLO,9,E01027859,0,1
2024010542903,2024,010542903,1,9,0,13,13,5,1,0,0,2,0,0,0,0,1,1,6,6,1,19,4,999,1,0,VOLKSWAGEN POLO,-1,-1,0,-1
2024320696889,2024,320696889,2,9,0,-1,-1,3,7,0,0,8,0,0,1,9,1,1,-1,-1,2,19,4,999,1,6,VOLKSWAGEN POLO,7,E01013322,0,1
2024010527686,2024,010527686,1,9,0,99,99,9,9,99,99,9,9,99,9,99,2,9,6,6,2,22,5,1190,1,12,VOLKSWAGEN POLO,2,E01000020,0,1
2024010550549,2024,010550549,2,9,0,99,99,9,9,99,99,9,9,99,9,99,1,9,6,6,3,-1,-1,999,1,1,VOLKSWAGEN POLO,-1,-1,0,-1
2024332400899,2024,332400899,1,9,0,-1,2,0,0,-1,0,0,0,0,0,0,4,1,-1,9,1,24,5,1198,1,15,VOLKSWAGEN POLO,-1,-1,0,-1
2024161438799,2024,161438799,1,9,0,-1,19,3,7,-1,0,0,0,0,0,0,2,9,-1,9,2,52,8,1198,1,12,VOLKSWAGEN POLO,6,E01013097,0,2
2024421456978,2024,421456978,2,9,0,-1,5,4,8,-1,0,0,0,0,0,0,1,1,-1,9,1,18,4,1198,1,14,VOLKSWAGEN POLO,5,E01021732,0,1
2024010497482,2024,010497482,3,9,0,18,19,3,7,0,0,0,0,0,0,0,3,1,6,6,1,44,7,1390,1,13,VOLKSWAGEN POLO,-1,-1,0,-1
2024430539806,2024,430539806,2,9,0,18,19,5,1,0,0,1,0,0,0,0,1,1,6,6,2,24,5,1390,1,20,VOLKSWAGEN POLO,-1,-1,0,-1
2024061530216,2024,061530216,1,9,0,-1,11,2,4,-1,2,8,0,0,0,0,4,1,-1,6,2,28,6,1198,1,17,VOLKSWAGEN POLO,-1,-1,0,-1
2024411432602,2024,411432602,1,9,0,-1,19,5,1,-1,0,0,0,0,0,0,3,1,-1,6,1,67,10,1198,1,12,VOLKSWAGEN POLO,7,E01021801,0,1
2024411480062,2024,411480062,1,9,0,-1,19,3,5,-1,0,2,0,0,0,0,1,1,-1,6,1,19,4,1197,1,8,VOLKSWAGEN POLO,10,E01023512,0,2
2024061447572,2024,061447572,2,9,9,-1,2,-1,-1,-1,99,0,0,0,0,0,3,1,-1,6,3,-1,-1,1198,1,12,VOLKSWAGEN POLO,-1,-1,0,-1
202417L107724,2024,17L107724,1,9,0,-1,19,1,5,-1,0,0,0,0,0,0,3,1,-1,9,1,50,8,1198,1,14,VOLKSWAGEN POLO,2,E01012132,0,1
2024010534087,2024,010534087,2,9,0,6,6,3,3,0,0,0,0,0,0,0,4,1,2,2,1,27,6,1198,1,14,VOLKSWAGEN POLO,4,E01001336,0,1
2024552400555,2024,552400555,2,9,0,2,2,0,0,0,0,0,0,0,0,0,2,1,6,6,1,59,9,1198,1,15,VOLKSWAGEN POLO,9,E01015322,0,1
2024430180150,2024,430180150,1,9,0,18,19,6,2,0,0,0,0,0,0,0,1,1,4,7,1,17,4,999,1,3,VOLKSWAGEN POLO,8,E01016780,0,3
2024161403624,2024,161403624,2,9,0,-1,5,1,1,-1,0,0,0,0,0,0,4,1,-1,9,2,25,5,1198,1,13,VOLKSWAGEN POLO,3,E01012943,0,1
2024131509437,2024,131509437,1,9,0,-1,9,5,1,-1,0,2,0,0,0,0,1,1,-1,2,2,20,4,1390,1,13,VOLKSWAGEN POLO,1,E01011426,0,1
2024440101122,2024,440101122,4,9,0,18,19,4,8,0,0,0,1,0,0,0,1,1,6,6,2,27,6,1390,1,21,VOLKSWAGEN POLO,7,E01032024,0,4
2024161427708,2024,161427708,1,9,0,-1,19,7,3,-1,0,0,0,0,0,0,1,2,-1,2,1,37,7,1798,1,8,VOLKSWAGEN POLO,8,E01012975,0,3
2024430502028,2024,430502028,1,9,0,8,8,1,3,0,0,1,0,0,0,0,2,1,6,6,1,33,6,999,1,4,VOLKSWAGEN POLO,9,E01035265,0,1