collision_index,collision_year,collision_ref_no,vehicle_reference,vehicle_type,towing_and_articulation,vehicle_manoeuvre_historic,vehicle_manoeuvre,vehicle_direction_from,vehicle_direction_to,vehicle_location_restricted_lane_historic,vehicle_location_restricted_lane,junction_location,skidding_and_overturning,hit_object_in_carriageway,vehicle_leaving_carriageway,hit_object_off_carriageway,first_point_of_impact,vehicle_left_hand_drive,journey_purpose_of_driver_historic,journey_purpose_of_driver,sex_of_driver,age_of_driver,age_band_of_driver,engine_capacity_cc,propulsion_code,age_of_vehicle,generic_make_model,driver_imd_decile,lsoa_of_driver,escooter_flag,driver_distance_banding
2024451518379,2024,451518379,1,9,0,-1,19,1,4,-1,0,6,1,10,0,0,4,1,-1,2,2,33,6,1198,1,12,VOLKSWAGEN POLO,9,E01030545,0,2
2024061516767,2024,061516767,1,9,0,-1,19,7,4,-1,0,8,0,0,7,0,1,1,-1,6,1,19,4,1198,1,16,VOLKSWAGEN POLO,2,E01006274,0,1
2024311459054,2024,311459054,2,9,0,-1,3,7,3,-1,0,1,0,0,0,0,3,1,-1,6,1,18,4,1198,1,14,VOLKSWAGEN POLO,6,E01028295,0,2
2024311404561,2024,311404561,2,9,0,-1,19,5,1,-1,0,1,0,0,0,0,3,1,-1,2,1,42,7,1198,1,13,VOLKSWAGEN POLO,7,E01028293,0,4
2024451514256,2024,451514256,2,9,0,-1,10,1,3,-1,0,6,0,0,0,0,1,1,-1,9,2,27,6,1190,1,11,VOLKSWAGEN POLO,3,E01004563,0,3
2024371500670,2024,371500670,3,9,0,-1,4,2,6,-1,0,0,0,0,0,0,2,1,-1,7,1,17,4,1198,1,11,VOLKSWAGEN POLO,6,E01030153,0,4
2024010518926,2024,010518926,2,9,9,99,99,9,9,99,99,6,9,99,9,99,9,9,6,6,3,-1,-1,1197,1,7,VOLKSWAGEN POLO,-1,-1,0,-1
2024010544443,2024,010544443,1,9,0,18,19,4,8,0,0,0,0,0,0,0,1,1,2,2,1,21,5,1198,1,13,VOLKSWAGEN POLO,8,E01002106,0,2
2024070729743,2024,070729743,1,9,0,-1,19,5,1,-1,0,8,0,10,1,11,3,1,-1,9,2,18,4,1400,2,17,VOLKSWAGEN POLO,5,E01018741,0,2
2024010506449,2024,010506449,2,9,0,99,99,9,9,99,99,9,9,99,9,99,1,9,6,6,3,-1,-1,1390,1,19,VOLKSWAGEN POLO,9,E01002926,0,1
2024541572924,2024,541572924,2,9,0,4,4,2,6,0,0,1,0,0,0,0,2,1,6,6,2,46,8,1198,1,13,VOLKSWAGEN POLO,10,E01031984,0,1
2024010507535,2024,010507535,2,9,0,99,99,9,9,99,99,6,9,99,9,99,9,9,6,6,3,-1,-1,1390,1,15,VOLKSWAGEN POLO,-1,-1,0,-1
2024631395245,2024,631395245,1,9,0,-1,19,8,4,-1,-1,0,0,0,1,11,4,1,-1,9,2,81,11,1422,2,16,VOLKSWAGEN POLO,6,W01000487,0,1
2024451523964,2024,451523964,1,9,0,-1,19,4,8,-1,0,0,0,0,0,0,3,1,-1,9,1,23,5,1400,1,19,VOLKSWAGEN POLO,10,E01030510,0,1
2024451405563,2024,451405563,1,9,0,-1,19,5,1,-1,0,3,0,0,0,0,4,1,-1,9,1,92,11,1390,1,21,VOLKSWAGEN POLO,4,E01030793,0,1
2024340NN1362,2024,340NN1362,2,9,0,-1,20,6,2,-1,0,1,0,10,0,0,1,1,-1,9,1,20,4,1390,1,13,VOLKSWAGEN POLO,6,E01027326,0,1
2024141470279,2024,141470279,2,9,0,-1,19,8,4,-1,0,0,0,0,0,0,1,1,-1,6,1,24,5,1798,1,9,VOLKSWAGEN POLO,9,E01007897,0,1
2024451455934,2024,451455934,1,9,0,-1,9,3,5,-1,0,2,0,0,0,0,1,1,-1,9,2,23,5,999,1,8,VOLKSWAGEN POLO,4,E01030601,0,1
2024061461304,2024,061461304,3,9,0,-1,11,-1,-1,-1,0,0,9,0,0,0,1,1,-1,6,3,-1,-1,1390,1,12,VOLKSWAGEN POLO,-1,-1,0,-1
2024471462050,2024,471462050,1,9,0,-1,19,7,3,-1,0,0,0,11,0,0,4,1,-1,9,1,30,6,1390,1,13,VOLKSWAGEN POLO,6,E01031557,0,1
2024010492665,2024,010492665,1,9,0,18,19,3,7,0,0,0,0,0,0,0,1,1,6,6,1,28,6,999,1,3,VOLKSWAGEN POLO,3,E01003564,0,1
2024471441563,2024,471441563,2,9,0,-1,19,5,1,-1,0,0,0,0,0,0,0,1,-1,6,2,28,6,999,1,5,VOLKSWAGEN POLO,7,E01021105,0,2
2024351452364,2024,351452364,1,9,0,-1,19,1,5,-1,0,1,0,0,0,0,1,1,-1,1,1,28,6,1395,1,7,VOLKSWAGEN POLO,9,E01023656,0,3
2024231441146,2024,231441146,1,9,0,-1,19,5,2,-1,0,4,1,0,3,4,1,1,-1,6,1,18,4,1198,1,18,VOLKSWAGEN POLO,5,E01009031,0,4
2024461533896,2024,461533896,2,9,0,-1,19,7,3,-1,0,0,0,0,0,0,1,1,-1,9,1,21,5,999,1,0,VOLKSWAGEN POLO,4,E01024182,0,1
2024010520165,2024,010520165,1,9,0,18,19,1,5,0,0,8,0,0,0,0,1,1,6,6,1,18,4,1198,1,14,VOLKSWAGEN POLO,2,E01004089,0,1
2024451500366,2024,451500366,1,9,0,-1,19,1,5,-1,0,1,0,0,0,0,3,1,-1,9,2,37,7,1390,1,11,VOLKSWAGEN POLO,4,E01030743,0,1
2024332401057,2024,332401057,2,9,0,-1,19,4,8,-1,0,6,0,0,3,9,4,1,-1,6,2,31,6,1198,1,10,VOLKSWAGEN POLO,1,E01013679,0,3
2024211480666,2024,211480666,2,9,0,-1,19,8,3,-1,0,0,0,0,0,0,1,1,-1,9,1,18,4,1197,1,7,VOLKSWAGEN POLO,1,E01014269,0,2
2024010490518,2024,010490518,1,9,0,17,19,5,1,0,0,8,0,0,0,0,0,1,6,6,1,84,11,1197,1,8,VOLKSWAGEN POLO,9,E01001020,0,1
2024991432999,2024,991432999,1,9,0,-1,9,4,2,-1,0,1,0,0,0,0,0,1,-1,6,1,22,5,999,1,8,VOLKSWAGEN POLO,-1,-1,0,-1
2024010544166,2024,010544166,2,9,0,99,99,9,9,99,99,9,9,99,9,99,2,9,6,6,3,-1,-1,1390,1,14,VOLKSWAGEN POLO,-1,-1,0,-1
2024547544124,2024,547544124,2,9,0,18,19,4,8,0,0,8,0,0,0,0,1,1,6,6,2,42,7,999,1,5,VOLKSWAGEN POLO,7,E01034790,0,3
2024061505903,2024,061505903,1,9,0,-1,4,7,3,-1,0,0,0,0,0,0,2,1,-1,2,2,26,6,1197,1,7,VOLKSWAGEN POLO,2,E01005326,0,3
2024471434466,2024,471434466,3,9,0,-1,19,3,7,-1,0,0,0,0,1,0,1,1,-1,9,2,23,5,999,1,6,VOLKSWAGEN POLO,7,E01031493,0,4
2024141518961,2024,141518961,1,9,0,-1,9,3,7,-1,0,0,0,0,0,0,4,1,-1,6,2,24,5,999,1,5,VOLKSWAGEN POLO,1,E01007870,0,1
2024010538986,2024,010538986,2,9,0,18,19,3,7,0,0,1,0,0,0,0,1,1,6,6,3,24,5,999,1,3,VOLKSWAGEN POLO,3,E01003179,0,3
2024061465586,2024,061465586,1,9,0,-1,19,2,6,-1,0,0,2,0,0,0,1,1,-1,2,1,18,4,999,1,5,VOLKSWAGEN POLO,8,E01004970,0,2
2024010533972,2024,010533972,2,9,0,3,3,3,7,0,0,0,0,0,0,0,4,1,6,6,2,58,9,999,1,2,VOLKSWAGEN POLO,3,E01001188,0,2
2024430341068,2024,430341068,1,9,0,9,9,2,8,0,0,5,0,0,0,0,4,1,6,6,2,75,10,1390,1,16,VOLKSWAGEN POLO,7,E01017835,0,1
2024340NN4372,2024,340NN4372,1,9,0,-1,9,7,3,-1,0,8,0,0,0,0,1,1,-1,9,2,92,11,1390,1,10,VOLKSWAGEN POLO,4,E01027327,0,1
2024440063422,2024,440063422,2,9,0,18,19,6,2,0,0,0,0,0,0,0,1,1,6,6,2,17,4,1197,1,9,VOLKSWAGEN POLO,8,E01032881,0,2
2024010517032,2024,010517032,1,9,0,18,19,4,8,0,0,1,0,0,0,0,3,1,2,2,2,42,7,999,1,3,VOLKSWAGEN POLO,4,E01002647,0,1
2024031441363,2024,031441363,1,9,0,-1,19,1,5,-1,0,0,2,0,0,0,3,1,-1,9,1,18,4,1390,1,17,VOLKSWAGEN POLO,5,E01019144,0,3
2024552400323,2024,552400323,1,9,0,9,9,8,6,0,0,6,0,0,0,0,3,1,6,6,3,-1,-1,1198,1,17,VOLKSWAGEN POLO,-1,-1,0,-1
2024070031842,2024,070031842,1,9,0,16,19,5,8,0,0,4,1,9,0,0,1,1,6,6,1,20,4,999,1,5,VOLKSWAGEN POLO,8,E01018441,0,2
2024201407219,2024,201407219,1,9,0,-1,19,2,6,-1,0,1,0,0,0,0,1,9,-1,6,2,-1,-1,1198,1,11,VOLKSWAGEN POLO,-1,-1,0,-1
2024010520451,2024,010520451,1,9,0,99,99,9,9,0,0,0,9,99,9,99,2,9,6,6,1,22,5,1198,1,11,VOLKSWAGEN POLO,6,E01023570,0,2
2024451430509,2024,451430509,1,9,0,-1,19,3,7,-1,0,1,0,0,0,0,3,1,-1,9,2,22,5,1198,1,18,VOLKSWAGEN POLO,10,E01035359,0,1
2024061528265,2024,061528265,1,9,0,-1,9,3,1,-1,0,8,0,0,0,0,1,1,-1,6,1,59,9,1400,2,19,VOLKSWAGEN POLO,5,E01005648,0,1
2024991523528,2024,991523528,1,9,0,-1,19,5,1,-1,0,0,1,0,0,0,1,1,-1,6,1,30,6,1198,1,19,VOLKSWAGEN POLO,-1,-1,0,-1
2024122400361,2024,122400361,1,9,0,17,19,4,8,0,0,0,2,0,7,4,1,1,6,6,1,18,4,1198,1,15,VOLKSWAGEN POLO,5,E01027857,0,1
2024421508203,2024,421508203,1,9,0,-1,19,2,6,-1,0,0,2,0,1,0,1,1,-1,9,1,23,5,999,1,0,VOLKSWAGEN POLO,3,E01022044,0,2
2024440082943,2024,440082943,2,9,0,18,19,8,4,0,0,0,2,0,0,0,3,1,6,6,1,42,7,999,1,7,VOLKSWAGEN POLO,9,E01010175,0,5
2024471491952,2024,471491952,1,9,0,-1,19,5,1,-1,0,0,0,0,0,0,1,1,-1,6,1,35,6,1198,1,17,VOLKSWAGEN POLO,3,E01031657,0,3
2024052400736,2024,052400736,1,9,0,6,6,5,5,0,0,1,0,0,0,0,3,1,6,6,1,29,6,1400,2,17,VOLKSWAGEN POLO,2,E01006969,0,4
2024451496481,2024,451496481,1,9,0,-1,19,1,5,-1,0,0,0,0,0,0,1,1,-1,9,2,58,9,1390,1,20,VOLKSWAGEN POLO,9,E01030947,0,3
2024161462680,2024,161462680,1,9,0,-1,19,8,4,-1,0,0,0,0,0,0,0,1,-1,1,2,19,4,1390,1,15,VOLKSWAGEN POLO,10,E01013451,0,1
2024010533141,2024,010533141,3,9,0,2,2,0,0,0,0,1,0,0,0,0,0,1,6,6,3,-1,-1,1390,1,13,VOLKSWAGEN POLO,-1,-1,0,-1
2024010506303,2024,010506303,3,9,0,99,99,9,9,99,99,9,9,99,9,99,2,9,6,6,3,-1,-1,1390,1,10,VOLKSWAGEN POLO,-1,-1,0,-1
2024991442487,2024,991442487,1,9,0,-1,9,8,6,-1,0,6,0,0,0,0,3,1,-1,9,2,18,4,999,1,6,VOLKSWAGEN POLO,-1,-1,0,-1
2024010527219,2024,010527219,1,9,0,18,19,1,5,0,0,1,0,0,0,0,1,1,6,6,1,18,4,1198,1,21,VOLKSWAGEN POLO,3,E01004413,0,1
2024501447749,2024,501447749,2,9,0,-1,19,6,2,-1,0,0,0,0,0,0,3,1,-1,2,1,73,10,1198,1,11,VOLKSWAGEN POLO,5,E01020319,0,1
2024101510694,2024,101510694,2,9,0,-1,4,6,2,-1,0,0,0,0,0,0,2,1,-1,6,1,20,4,1198,1,12,VOLKSWAGEN POLO,8,E01008772,0,2
2024552500071,2024,552500071,1,9,0,5,5,4,8,0,0,0,0,0,0,0,1,1,6,6,2,84,11,999,1,10,VOLKSWAGEN POLO,10,E01020355,0,1
2024552400467,2024,552400467,2,9,0,9,9,4,2,0,0,5,0,0,0,0,2,1,6,6,2,58,9,1400,2,17,VOLKSWAGEN POLO,5,E01031991,0,2
2024991409977,2024,991409977,1,9,0,-1,9,2,7,-1,0,1,0,0,0,0,4,1,-1,6,2,61,9,999,1,4,VOLKSWAGEN POLO,10,-1,0,1
2024351443673,2024,351443673,1,9,0,-1,9,3,7,-1,0,8,0,0,0,0,1,1,-1,6,2,51,8,999,1,6,VOLKSWAGEN POLO,6,E01018300,0,1
2024141406999,2024,141406999,4,9,0,-1,19,1,5,-1,0,0,0,0,0,0,2,1,-1,9,2,24,5,1197,1,8,VOLKSWAGEN POLO,7,E01032110,0,5
2024141463966,2024,141463966,2,9,0,-1,2,0,0,-1,0,0,0,0,0,0,1,1,-1,6,-1,-1,-1,1197,1,11,VOLKSWAGEN POLO,-1,-1,0,-1
2024340NN3332,2024,340NN3332,3,9,0,-1,2,0,0,-1,0,8,0,0,0,0,3,1,-1,2,3,-1,-1,1198,1,10,VOLKSWAGEN POLO,-1,-1,0,-1
2024421441994,2024,421441994,1,9,0,-1,19,5,1,-1,0,0,0,0,0,0,3,1,-1,6,1,18,4,999,1,0,VOLKSWAGEN POLO,2,E01035163,0,2
2024010519346,2024,010519346,1,9,0,99,99,9,9,99,99,9,9,99,9,99,2,9,6,6,1,24,5,1198,1,13,VOLKSWAGEN POLO,8,E01001924,0,1
2024201517133,2024,201517133,1,9,0,-1,3,5,1,-1,9,1,0,0,0,0,1,1,-1,6,1,36,7,999,1,5,VOLKSWAGEN POLO,5,E01010418,0,1
2024522402454,2024,522402454,1,9,0,6,6,9,9,0,0,0,0,0,0,0,3,1,6,6,1,22,5,1422,2,9,VOLKSWAGEN POLO,10,E01014967,0,1
2024010526958,2024,010526958,2,9,0,99,99,9,9,99,99,9,9,99,9,99,9,9,6,6,3,-1,-1,1197,1,9,VOLKSWAGEN POLO,1,E01001562,0,1
2024430015220,2024,430015220,1,9,0,18,19,2,6,0,0,0,0,0,0,0,1,1,2,2,2,31,6,1390,1,20,VOLKSWAGEN POLO,10,E01028455,0,2
2024451509214,2024,451509214,1,9,0,-1,19,8,4,-1,0,1,0,0,0,0,1,1,-1,9,2,18,4,999,1,2,VOLKSWAGEN POLO,6,E01030629,0,4
2024201533772,2024,201533772,1,9,0,-1,19,2,6,-1,0,0,0,10,0,0,1,1,-1,1,3,-1,-1,999,1,0,VOLKSWAGEN POLO,-1,-1,0,-1
2024010542113,2024,010542113,1,9,0,5,5,1,5,0,0,1,0,0,0,0,2,1,6,6,1,25,5,1198,1,10,VOLKSWAGEN POLO,6,E01002586,0,2
2024421453142,2024,421453142,2,9,0,-1,7,4,5,-1,0,8,0,0,1,0,2,9,-1,6,1,17,4,1390,1,14,VOLKSWAGEN POLO,10,E01021483,0,1
2024010543404,2024,010543404,2,9,0,1,1,9,9,99,99,6,9,99,9,99,2,9,6,6,3,-1,-1,1798,1,7,VOLKSWAGEN POLO,-1,-1,0,-1
2024461506783,2024,461506783,2,9,0,-1,19,1,5,-1,0,0,0,0,0,0,-1,9,-1,2,2,23,5,1197,1,7,VOLKSWAGEN POLO,5,E01024319,0,1
2024411440816,2024,411440816,1,9,0,-1,8,3,1,-1,0,4,0,0,0,0,0,1,-1,6,2,62,9,1197,1,9,VOLKSWAGEN POLO,6,E01023663,0,1
2024201411442,2024,201411442,2,9,0,-1,19,8,4,-1,0,1,0,0,0,0,4,1,-1,7,1,21,5,1390,1,14,VOLKSWAGEN POLO,2,E01009942,0,1
2024211395470,2024,211395470,1,9,0,-1,19,1,5,-1,0,1,0,0,0,0,1,1,-1,9,1,17,4,1199,2,14,VOLKSWAGEN POLO,-1,-1,0,-1
2024320101126,2024,320101126,1,9,0,-1,-1,5,1,0,0,0,5,0,7,4,1,1,6,6,1,20,4,999,1,2,VOLKSWAGEN POLO,9,E01013788,0,4
2024010503258,2024,010503258,2,9,0,99,99,9,9,99,99,9,9,99,9,99,1,9,6,6,3,-1,-1,1197,1,9,VOLKSWAGEN POLO,10,E01024468,0,2
2024070212979,2024,070212979,1,9,0,15,15,3,7,0,0,4,0,0,0,0,3,1,1,1,1,-1,-1,999,1,2,VOLKSWAGEN POLO,10,E01018573,0,1
2024302400642,2024,302400642,2,9,0,16,19,1,2,0,0,8,1,0,0,0,1,1,2,2,2,21,5,1198,1,16,VOLKSWAGEN POLO,1,E01007919,0,2
2024161488298,2024,161488298,2,9,0,-1,5,5,1,-1,0,1,0,0,0,0,2,1,-1,9,1,20,4,999,1,3,VOLKSWAGEN POLO,4,E01013255,0,3
2024340NN3522,2024,340NN3522,1,9,0,-1,9,5,1,-1,0,8,0,0,0,0,1,1,-1,9,1,19,4,999,1,7,VOLKSWAGEN POLO,6,E01027047,0,1
2024111512708,2024,111512708,2,9,0,-1,19,2,6,-1,0,0,0,0,1,0,1,1,-1,6,1,22,5,1198,1,11,VOLKSWAGEN POLO,1,E01008746,0,2
2024302400049,2024,302400049,1,9,0,4,4,7,3,0,0,0,0,0,0,0,1,1,6,6,2,22,5,999,1,6,VOLKSWAGEN POLO,3,E01019810,0,1
2024131498661,2024,131498661,2,9,0,-1,19,5,1,-1,0,1,0,0,0,0,4,1,-1,7,2,50,8,999,1,1,VOLKSWAGEN POLO,1,E01010626,0,1
2024070500703,2024,070500703,1,9,0,18,19,2,6,0,0,0,0,0,0,0,1,1,6,6,2,23,5,1198,1,12,VOLKSWAGEN POLO,5,E01006118,0,4
2024131451186,2024,131451186,2,9,0,-1,4,2,6,-1,0,0,0,0,0,0,1,1,-1,2,1,29,6,1390,1,13,VOLKSWAGEN POLO,1,E01011373,0,2
2024122400618,2024,122400618,1,9,0,9,9,1,7,0,0,6,0,0,0,0,1,1,6,6,1,17,4,1198,1,11,VOLKSWAGEN POLO,1,E01012327,0,4
2024302400897,2024,302400897,2,9,0,2,2,0,0,0,0,0,0,0,0,0,2,1,6,6,3,-1,-1,1198,1,14,VOLKSWAGEN POLO,-1,-1,0,-1
2024010529008,2024,010529008,1,9,0,18,19,5,1,0,0,0,0,0,0,0,1,1,6,6,1,32,6,999,1,8,VOLKSWAGEN POLO,6,E01003693,0,3
2024501418668,2024,501418668,1,9,0,-1,19,5,1,-1,0,0,0,0,0,0,1,9,-1,6,2,57,9,1400,2,16,VOLKSWAGEN POLO,10,E01020004,0,2
2024141499324,2024,141499324,2,9,0,-1,19,3,7,-1,0,4,5,0,0,0,1,1,-1,1,1,37,7,1900,2,18,VOLKSWAGEN POLO,1,E01034842,0,3
2024471451194,2024,471451194,1,9,0,-1,19,1,5,-1,0,1,0,0,0,0,1,1,-1,9,2,17,4,1199,2,11,VOLKSWAGEN POLO,5,E01024038,0,4
2024061401649,2024,061401649,2,9,-1,-1,-1,-1,-1,-1,-1,0,-1,-1,-1,0,-1,1,-1,2,2,37,7,1197,1,8,VOLKSWAGEN POLO,-1,-1,0,-1
2024430185471,2024,430185471,1,9,0,18,19,2,6,0,0,1,0,10,0,0,1,1,2,2,1,21,5,999,1,9,VOLKSWAGEN POLO,3,E01016456,0,1
2024421447857,2024,421447857,3,9,0,-1,3,4,6,-1,0,1,0,0,0,0,3,1,-1,9,1,37,7,999,1,10,VOLKSWAGEN POLO,3,E01021871,0,2
2024131520992,2024,131520992,2,9,0,-1,4,5,1,-1,0,1,0,0,0,0,2,1,-1,9,1,25,5,1198,1,14,VOLKSWAGEN POLO,3,E01010669,0,1
2024221398523,2024,221398523,2,9,0,-1,4,5,1,-1,0,0,0,0,0,0,2,9,-1,6,2,48,8,1896,2,19,VOLKSWAGEN POLO,9,E01035059,0,2
2024622400512,2024,622400512,3,9,0,18,19,5,1,0,0,0,0,0,0,0,1,1,6,6,2,83,11,999,1,8,VOLKSWAGEN POLO,9,W01000819,0,1
2024211451707,2024,211451707,2,9,0,-1,19,3,7,-1,0,0,0,0,0,0,1,1,-1,9,2,23,5,1422,2,15,VOLKSWAGEN POLO,2,E01029448,0,1
2024501456541,2024,501456541,2,9,0,-1,15,3,3,-1,0,2,1,0,0,0,1,1,-1,6,1,18,4,1390,1,18,VOLKSWAGEN POLO,5,E01020174,0,3
2024131404177,2024,131404177,1,9,0,-1,19,1,5,-1,0,0,5,0,1,11,3,1,-1,9,1,20,4,1198,1,12,VOLKSWAGEN POLO,8,E01011638,0,1
2024131492672,2024,131492672,1,9,0,-1,19,7,3,-1,0,1,0,0,0,0,1,1,-1,2,1,26,6,999,1,5,VOLKSWAGEN POLO,10,E01011461,0,2
2024520401935,2024,520401935,2,9,0,7,7,1,5,0,0,8,0,0,0,0,1,1,6,6,1,28,6,1197,1,8,VOLKSWAGEN POLO,9,E01029273,0,2
2024631481974,2024,631481974,2,9,0,-1,5,5,1,-1,0,8,0,0,0,0,1,1,-1,6,2,19,4,999,1,0,VOLKSWAGEN POLO,7,W01000731,0,3
2024522401854,2024,522401854,2,9,0,3,3,4,8,0,0,1,0,0,0,0,2,1,6,6,1,17,4,1198,1,12,VOLKSWAGEN POLO,9,E01031888,0,3
2024141469970,2024,141469970,3,9,0,-1,-1,1,5,-1,-1,0,0,0,0,0,2,1,-1,-1,1,22,5,999,1,9,VOLKSWAGEN POLO,5,E01008362,0,5
2024201459330,2024,201459330,1,9,9,-1,19,1,1,-1,0,0,9,99,0,0,1,9,-1,6,1,36,7,999,1,6,VOLKSWAGEN POLO,10,E01034655,0,4
2024430546332,2024,430546332,1,9,0,3,3,3,7,0,0,1,0,0,0,0,2,1,2,2,2,30,6,1390,1,13,VOLKSWAGEN POLO,8,E01017838,0,1
2024991443563,2024,991443563,2,9,0,-1,19,4,8,-1,0,8,0,0,0,0,3,1,-1,9,2,22,5,999,1,6,VOLKSWAGEN POLO,3,-1,0,3
2024430068702,2024,430068702,1,9,0,16,19,5,8,0,0,0,0,0,7,4,1,1,6,6,1,70,10,1598,2,14,VOLKSWAGEN POLO,7,E01028776,0,1
2024361393720,2024,361393720,1,9,0,-1,10,4,2,-1,0,6,0,0,1,0,1,1,-1,6,1,69,10,999,1,4,VOLKSWAGEN POLO,9,E01002242,0,5
2024411444988,2024,411444988,1,9,0,-1,10,3,8,-1,0,1,0,0,0,0,1,1,-1,6,2,39,7,1390,1,25,VOLKSWAGEN POLO,6,E01023320,0,2
2024061451153,2024,061451153,1,9,0,-1,19,7,3,-1,0,0,5,7,0,0,4,1,-1,6,1,18,4,999,1,5,VOLKSWAGEN POLO,5,E01005521,0,4
2024311499503,2024,311499503,1,9,0,-1,9,1,7,-1,0,8,0,0,0,0,1,9,-1,1,1,-1,-1,1390,1,16,VOLKSWAGEN POLO,5,E01028081,0,1
2024991432100,2024,991432100,2,9,0,-1,19,4,7,-1,0,0,0,0,1,0,1,1,-1,6,2,77,11,1198,1,12,VOLKSWAGEN POLO,6,-1,0,3
2024320546384,2024,320546384,2,9,0,-1,-1,7,3,0,0,0,0,0,0,0,1,1,6,6,2,25,5,999,1,0,VOLKSWAGEN POLO,4,E01026071,0,1
2024430446723,2024,430446723,1,9,0,9,9,7,5,0,0,0,0,0,0,2,1,1,1,1,1,29,6,1198,1,17,VOLKSWAGEN POLO,4,E01028516,0,1
2024371516692,2024,371516692,1,9,0,-1,19,3,4,-1,0,0,5,4,0,0,4,1,-1,2,1,36,7,999,1,9,VOLKSWAGEN POLO,5,E01029884,0,1
2024451499856,2024,451499856,1,9,0,-1,9,3,1,-1,0,8,0,0,1,2,3,1,-1,9,2,26,6,1198,1,14,VOLKSWAGEN POLO,3,E01023145,0,2
2024131487381,2024,131487381,1,9,0,-1,19,3,7,-1,0,1,0,0,0,0,1,1,-1,2,1,42,7,1197,1,9,VOLKSWAGEN POLO,1,E01011025,0,1
2024991524580,2024,991524580,2,9,0,-1,3,3,7,-1,0,0,0,0,0,0,2,1,-1,2,2,22,5,999,1,6,VOLKSWAGEN POLO,3,-1,0,3
2024101429161,2024,101429161,2,9,-1,-1,4,1,5,-1,0,0,0,0,0,0,4,9,-1,6,1,53,8,999,1,3,VOLKSWAGEN POLO,10,E01020712,0,4
2024161502721,2024,161502721,1,9,0,-1,19,5,1,-1,0,1,5,0,3,0,1,1,-1,9,1,33,6,1198,1,19,VOLKSWAGEN POLO,7,E01013185,0,3
2024501433793,2024,501433793,2,9,0,-1,19,2,6,-1,0,8,0,0,0,0,4,9,-1,7,1,17,4,1198,1,15,VOLKSWAGEN POLO,6,E01020179,0,1
2024552400438,2024,552400438,2,9,0,4,4,4,8,0,0,0,0,0,0,0,2,1,6,6,1,21,5,1390,1,10,VOLKSWAGEN POLO,6,E01035453,0,4
2024141527463,2024,141527463,1,9,0,-1,19,5,1,-1,0,1,0,0,0,0,1,1,-1,9,1,56,9,1197,1,8,VOLKSWAGEN POLO,9,E01019778,0,2
2024421532527,2024,421532527,2,9,0,-1,19,-1,-1,-1,99,0,0,0,0,0,4,1,-1,6,2,27,6,999,1,7,VOLKSWAGEN POLO,9,E01021346,0,1
2024501488465,2024,501488465,2,9,0,-1,4,8,4,-1,0,1,0,4,0,0,2,1,-1,6,2,71,10,1798,1,8,VOLKSWAGEN POLO,5,E01018849,0,3
2024010534715,2024,010534715,1,9,0,18,19,7,3,0,0,3,1,10,0,0,1,1,6,6,1,24,5,1198,1,15,VOLKSWAGEN POLO,-1,-1,0,-1
2024421467180,2024,421467180,1,9,0,-1,19,7,3,-1,0,0,0,0,2,11,1,1,-1,6,1,33,6,1390,1,23,VOLKSWAGEN POLO,3,E01015839,0,1
2024010531674,2024,010531674,2,9,0,9,9,5,3,0,0,5,0,0,0,0,1,1,6,6,1,47,8,1984,1,5,VOLKSWAGEN POLO,10,E01003871,0,1
2024631471750,2024,631471750,2,9,0,-1,4,6,2,-1,0,0,0,0,0,0,2,1,-1,2,2,53,8,1197,1,7,VOLKSWAGEN POLO,4,W01001899,0,2
2024991396085,2024,991396085,2,9,0,-1,9,7,5,-1,0,5,0,0,0,0,3,1,-1,7,1,76,11,999,1,3,VOLKSWAGEN POLO,-1,-1,0,-1
2024351482160,2024,351482160,1,9,0,-1,19,4,8,-1,0,0,0,0,0,0,1,1,-1,9,1,21,5,999,1,2,VOLKSWAGEN POLO,-1,-1,0,-1
2024522401874,2024,522401874,2,9,0,18,19,8,4,0,0,6,0,0,0,0,1,1,6,6,3,-1,-1,1198,1,12,VOLKSWAGEN POLO,-1,-1,0,-1
2024010544727,2024,010544727,2,9,0,8,8,2,4,0,0,6,0,0,0,0,3,1,6,6,1,58,9,1400,1,17,VOLKSWAGEN POLO,4,E01001156,0,1
2024052402443,2024,052402443,2,9,0,4,4,3,7,0,0,1,0,0,0,0,2,1,6,6,2,31,6,999,1,5,VOLKSWAGEN POLO,2,E01006520,0,1
2024631397978,2024,631397978,1,9,0,-1,19,2,6,-1,0,8,0,0,0,0,1,1,-1,9,2,20,4,1197,1,9,VOLKSWAGEN POLO,7,W01000523,0,2
2024471452034,2024,471452034,1,9,0,-1,3,4,8,-1,0,4,0,0,0,0,2,9,-1,6,1,38,7,999,1,0,VOLKSWAGEN POLO,9,E01035343,0,3
2024522403004,2024,522403004,1,9,0,18,19,3,7,0,0,0,0,0,0,0,1,1,6,6,1,43,7,1390,1,16,VOLKSWAGEN POLO,4,E01014991,0,1
2024320328354,2024,320328354,1,9,0,-1,-1,6,2,0,0,0,0,4,0,0,1,1,-1,-1,2,77,11,1390,1,10,VOLKSWAGEN POLO,8,E01026262,0,1
2024451397797,2024,451397797,1,9,0,-1,9,3,1,-1,0,8,0,0,0,0,1,1,-1,9,1,23,5,999,1,4,VOLKSWAGEN POLO,6,E01001073,0,2
2024991502229,2024,991502229,2,9,0,-1,9,3,8,-1,0,4,0,0,0,0,1,1,-1,6,1,20,4,999,1,5,VOLKSWAGEN POLO,4,-1,0,1