collision_index,collision_year,collision_ref_no,vehicle_reference,vehicle_type,towing_and_articulation,vehicle_manoeuvre_historic,vehicle_manoeuvre,vehicle_direction_from,vehicle_direction_to,vehicle_location_restricted_lane_historic,vehicle_location_restricted_lane,junction_location,skidding_and_overturning,hit_object_in_carriageway,vehicle_leaving_carriageway,hit_object_off_carriageway,first_point_of_impact,vehicle_left_hand_drive,journey_purpose_of_driver_historic,journey_purpose_of_driver,sex_of_driver,age_of_driver,age_band_of_driver,engine_capacity_cc,propulsion_code,age_of_vehicle,generic_make_model,driver_imd_decile,lsoa_of_driver,escooter_flag,driver_distance_banding
2024010533100,2024,010533100,1,9,0,99,99,9,9,99,99,9,9,99,9,99,9,9,6,6,3,51,8,1190,1,12,VOLKSWAGEN POLO,4,E01002629,0,1
2024111470315,2024,111470315,2,9,0,-1,19,1,5,-1,0,3,0,0,7,0,1,1,-1,9,2,19,4,999,1,7,VOLKSWAGEN POLO,4,E01020887,0,3
2024471471856,2024,471471856,1,9,0,-1,20,7,3,-1,0,5,0,0,7,2,1,1,-1,9,1,89,11,999,1,3,VOLKSWAGEN POLO,10,E01031803,0,1
2024552400485,2024,552400485,2,9,0,18,19,8,4,0,0,8,0,0,1,10,1,1,6,6,1,49,8,1198,1,17,VOLKSWAGEN POLO,1,E01015309,0,3
2024430043335,2024,430043335,1,9,0,18,19,6,2,0,0,1,0,0,0,0,1,1,6,6,1,20,4,1198,1,22,VOLKSWAGEN POLO,10,E01028613,0,1
2024471472960,2024,471472960,1,9,0,-1,11,3,7,-1,0,0,1,4,0,0,4,1,-1,9,2,22,5,1390,1,22,VOLKSWAGEN POLO,7,E01022569,0,4
2024430540106,2024,430540106,1,9,0,18,19,8,4,0,0,3,1,10,1,4,1,1,6,6,1,23,5,1400,1,18,VOLKSWAGEN POLO,5,E01017900,0,1
2024010506666,2024,010506666,2,9,0,99,99,9,9,99,99,2,9,99,9,99,9,9,6,6,3,-1,-1,1390,1,14,VOLKSWAGEN POLO,-1,-1,0,-1
2024531439061,2024,531439061,1,9,0,-1,19,1,5,-1,0,0,0,0,0,0,1,1,-1,6,1,58,9,1198,1,20,VOLKSWAGEN POLO,2,E01022332,0,3
2024622400206,2024,622400206,1,9,0,18,19,8,4,0,0,1,0,0,0,0,2,1,6,6,2,24,5,1984,1,6,VOLKSWAGEN POLO,4,W01001148,0,1
2024520401337,2024,520401337,2,9,0,2,2,0,0,0,0,0,0,0,0,0,2,1,6,6,3,-1,-1,1390,1,15,VOLKSWAGEN POLO,-1,-1,0,-1
202460Q122394,2024,60Q122394,2,9,0,18,19,3,7,0,0,8,0,0,0,0,2,1,2,2,2,28,6,999,1,7,VOLKSWAGEN POLO,-1,-1,0,-1
2024332400501,2024,332400501,1,9,0,-1,19,5,1,-1,0,0,0,0,0,0,1,1,-1,1,1,34,6,1198,1,14,VOLKSWAGEN POLO,3,E01013656,0,1
2024430007946,2024,430007946,2,9,0,18,19,6,2,0,0,8,0,0,0,0,1,1,6,6,2,33,6,999,1,6,VOLKSWAGEN POLO,8,E01028716,0,1
2024371538536,2024,371538536,2,9,0,-1,9,8,3,-1,0,0,0,0,0,0,4,1,-1,9,1,20,4,1896,2,21,VOLKSWAGEN POLO,1,E01033129,0,1
2024041414847,2024,041414847,5,9,0,-1,2,0,0,-1,-1,0,0,0,0,0,4,1,-1,6,-1,-1,-1,999,1,7,VOLKSWAGEN POLO,-1,-1,0,-1
2024440461059,2024,440461059,3,9,0,18,19,5,1,0,0,0,0,0,0,0,1,1,1,1,2,20,4,1197,1,7,VOLKSWAGEN POLO,9,E01022782,0,3
2024421457742,2024,421457742,2,9,0,-1,9,7,5,-1,0,8,0,0,0,0,3,1,-1,9,1,19,4,999,1,10,VOLKSWAGEN POLO,9,E01022082,0,1
2024351417308,2024,351417308,1,9,0,-1,4,5,1,-1,0,2,0,0,0,0,2,1,-1,6,1,62,9,999,1,6,VOLKSWAGEN POLO,10,E01018283,0,3
2024471441619,2024,471441619,3,9,0,-1,2,0,0,-1,0,0,0,0,0,0,2,1,-1,6,-1,-1,-1,999,1,5,VOLKSWAGEN POLO,-1,-1,0,-1
2024552400778,2024,552400778,1,9,0,4,4,2,4,0,0,1,0,0,0,0,1,1,6,6,1,34,6,999,1,1,VOLKSWAGEN POLO,4,E01015328,0,1
2024440218694,2024,440218694,1,9,0,18,19,3,7,0,0,1,0,0,0,0,1,1,6,6,1,68,10,1197,1,7,VOLKSWAGEN POLO,7,E01022502,0,1
2024631515482,2024,631515482,1,9,0,-1,19,7,3,-1,0,0,0,0,1,9,1,1,-1,2,1,27,6,999,1,1,VOLKSWAGEN POLO,10,W01000837,0,4
2024430466035,2024,430466035,1,9,0,17,19,6,3,0,0,0,0,0,0,0,1,1,2,2,1,25,5,1198,1,18,VOLKSWAGEN POLO,-1,-1,0,-1
2024451442497,2024,451442497,2,9,9,-1,10,7,5,-1,0,1,0,0,0,0,1,1,-1,6,2,21,5,1199,2,11,VOLKSWAGEN POLO,-1,-1,0,-1
2024131576060,2024,131576060,2,9,0,-1,19,5,3,-1,0,1,0,0,0,0,1,1,-1,9,1,22,5,1198,1,17,VOLKSWAGEN POLO,9,E01018252,0,5
2024010521129,2024,010521129,1,9,0,3,3,7,3,0,0,1,0,0,0,0,3,1,6,6,2,24,5,999,1,5,VOLKSWAGEN POLO,-1,-1,0,-1
2024010530089,2024,010530089,2,9,0,99,99,9,9,99,99,9,9,99,9,99,1,9,6,6,3,-1,-1,999,1,5,VOLKSWAGEN POLO,10,E01030792,0,4
2024231509870,2024,231509870,2,9,0,-1,19,6,2,-1,0,8,0,0,0,0,1,1,-1,6,2,26,6,1984,1,5,VOLKSWAGEN POLO,8,E01034317,0,4
2024010504880,2024,010504880,2,9,0,4,4,1,5,0,0,1,0,0,0,0,0,1,6,6,2,25,5,1390,1,10,VOLKSWAGEN POLO,7,E01000438,0,1
2024311509711,2024,311509711,1,9,0,-1,5,8,3,-1,9,0,0,10,0,0,1,1,-1,6,2,85,11,1390,1,10,VOLKSWAGEN POLO,10,E01028148,0,2
2024131521660,2024,131521660,3,9,0,-1,2,0,0,-1,0,0,0,0,0,0,1,1,-1,6,-1,-1,-1,1390,1,23,VOLKSWAGEN POLO,-1,-1,0,-1
2024101458645,2024,101458645,1,9,0,-1,4,7,3,-1,0,1,0,0,0,0,2,1,-1,6,2,79,11,1400,2,19,VOLKSWAGEN POLO,7,E01008529,0,1
2024320663316,2024,320663316,2,9,0,9,9,8,6,0,0,5,0,0,0,0,4,1,-1,-1,1,20,4,1198,1,15,VOLKSWAGEN POLO,5,E01032159,0,5
2024622400808,2024,622400808,1,9,0,9,9,8,6,0,0,1,0,0,0,0,1,1,6,6,1,22,5,999,1,5,VOLKSWAGEN POLO,4,W01001401,0,3
2024070753553,2024,070753553,1,9,0,-1,19,8,4,-1,0,0,0,0,0,0,3,1,-1,6,2,19,4,999,1,10,VOLKSWAGEN POLO,4,E01012405,0,1
2024131407942,2024,131407942,2,9,0,-1,3,7,3,-1,0,4,0,0,0,0,2,1,-1,6,1,20,4,999,1,5,VOLKSWAGEN POLO,2,E01010796,0,1
2024351465219,2024,351465219,2,9,0,-1,19,5,1,-1,0,1,0,0,0,0,4,1,-1,9,2,54,8,1197,1,13,VOLKSWAGEN POLO,9,E01023466,0,3
2024451394022,2024,451394022,1,9,0,-1,19,5,1,-1,0,0,1,0,2,7,1,1,-1,9,2,23,5,1390,1,13,VOLKSWAGEN POLO,8,E01022633,0,2
2024221413595,2024,221413595,1,9,0,-1,5,2,8,-1,9,6,0,0,0,0,1,1,-1,6,2,25,5,1197,1,7,VOLKSWAGEN POLO,5,E01028931,0,1
2024991534068,2024,991534068,1,9,0,-1,4,1,4,-1,0,1,0,0,0,0,1,1,-1,2,2,28,6,999,1,9,VOLKSWAGEN POLO,5,-1,0,2
2024471521695,2024,471521695,3,9,0,-1,10,2,1,-1,0,0,0,0,0,0,0,1,-1,6,2,62,9,1198,1,11,VOLKSWAGEN POLO,5,E01031771,0,2
2024440417636,2024,440417636,2,9,0,17,19,5,1,0,0,0,0,0,0,0,1,1,6,6,1,26,6,1198,1,21,VOLKSWAGEN POLO,8,E01017252,0,3
2024531464447,2024,531464447,1,9,0,-1,19,7,3,-1,0,0,5,0,0,0,1,1,-1,6,2,21,5,1198,1,10,VOLKSWAGEN POLO,9,E01022369,0,2
2024421505996,2024,421505996,1,9,0,-1,19,3,7,-1,0,0,0,0,7,4,1,1,-1,9,1,18,4,1198,1,14,VOLKSWAGEN POLO,7,E01021552,0,1
202454A316324,2024,54A316324,1,9,0,18,19,2,6,0,0,0,0,0,7,11,3,1,6,6,2,20,4,999,1,3,VOLKSWAGEN POLO,9,E01031958,0,1
2024531519564,2024,531519564,2,9,0,-1,2,0,0,-1,0,0,0,0,0,0,1,1,-1,6,-1,-1,-1,1198,1,14,VOLKSWAGEN POLO,-1,-1,0,-1
2024010521577,2024,010521577,1,9,0,99,99,9,9,99,99,9,9,99,9,99,9,9,6,6,2,72,10,1400,1,18,VOLKSWAGEN POLO,8,E01001455,0,1
2024440014854,2024,440014854,2,9,0,17,19,4,8,0,0,0,0,0,0,0,1,1,6,6,2,-1,-1,1422,2,21,VOLKSWAGEN POLO,-1,-1,0,-1
2024340WN5312,2024,340WN5312,1,9,0,-1,19,7,3,-1,0,6,0,0,0,0,1,1,-1,6,1,26,6,1198,1,22,VOLKSWAGEN POLO,2,E01027226,0,1
2024361399661,2024,361399661,3,9,0,-1,19,7,3,-1,0,0,0,0,0,0,1,1,-1,2,1,21,5,999,1,7,VOLKSWAGEN POLO,3,E01034767,0,4
2024041493671,2024,041493671,2,9,0,-1,19,1,5,-1,0,0,0,0,0,0,2,1,-1,9,1,23,5,1197,1,7,VOLKSWAGEN POLO,6,E01004800,0,3
2024461409588,2024,461409588,2,9,0,-1,5,5,1,-1,0,4,0,0,0,0,2,1,-1,6,1,40,7,999,1,3,VOLKSWAGEN POLO,7,E01001405,0,4
2024461429564,2024,461429564,1,9,0,-1,19,2,6,-1,0,8,0,0,0,0,1,9,-1,6,1,45,7,1400,2,19,VOLKSWAGEN POLO,2,E01016150,0,3
2024361506214,2024,361506214,1,9,0,-1,19,1,1,-1,0,0,0,0,0,0,1,1,-1,2,2,33,6,999,1,9,VOLKSWAGEN POLO,8,E01026932,0,1
2024451483142,2024,451483142,1,9,0,-1,7,5,3,-1,0,5,0,0,0,0,4,1,-1,9,2,55,8,999,1,6,VOLKSWAGEN POLO,8,E01030867,0,3
2024010550602,2024,010550602,1,9,0,99,99,9,9,99,99,0,9,99,9,99,9,9,6,6,1,51,8,1198,1,12,VOLKSWAGEN POLO,1,E01004005,0,2
2024622400534,2024,622400534,1,9,0,1,1,1,5,0,0,0,0,0,0,0,2,1,6,6,1,22,5,1197,1,9,VOLKSWAGEN POLO,1,W01001203,0,2
2024440267976,2024,440267976,2,9,0,2,2,0,0,0,0,0,0,0,0,0,0,1,6,6,3,-1,-1,1198,1,16,VOLKSWAGEN POLO,-1,-1,0,-1
2024201531555,2024,201531555,1,9,0,-1,7,1,3,-1,0,6,0,0,0,0,3,1,-1,2,2,50,8,1198,1,14,VOLKSWAGEN POLO,2,E01009225,0,1
2024070870176,2024,070870176,3,9,0,-1,2,0,0,-1,9,1,0,4,0,3,3,1,-1,6,1,58,9,999,1,4,VOLKSWAGEN POLO,2,E01012525,0,1
2024101460687,2024,101460687,2,9,0,-1,19,7,3,-1,0,1,0,0,0,0,1,1,-1,2,2,32,6,1390,1,11,VOLKSWAGEN POLO,4,E01008356,0,1
2024501448154,2024,501448154,3,9,0,-1,2,0,0,-1,0,8,0,0,0,0,1,1,-1,6,2,73,10,1422,2,16,VOLKSWAGEN POLO,4,E01018980,0,2
2024501533116,2024,501533116,1,9,0,-1,4,6,2,-1,0,0,0,0,0,0,2,1,-1,6,1,21,5,1198,1,20,VOLKSWAGEN POLO,1,E01019029,0,1
2024622400356,2024,622400356,2,9,0,18,19,4,8,0,0,0,0,0,0,0,2,1,6,6,1,29,6,999,1,1,VOLKSWAGEN POLO,10,W01001591,0,4
2024471418725,2024,471418725,1,9,0,-1,19,6,2,-1,0,2,0,0,0,0,1,1,-1,9,2,75,10,1198,1,14,VOLKSWAGEN POLO,9,E01021161,0,1
2024430223843,2024,430223843,2,9,0,18,19,2,6,0,0,8,0,0,0,0,1,1,6,6,2,35,6,1198,1,13,VOLKSWAGEN POLO,2,E01016451,0,1
2024421453681,2024,421453681,1,9,0,-1,19,5,1,-1,0,0,0,0,1,4,1,1,-1,9,1,18,4,1798,1,9,VOLKSWAGEN POLO,3,E01021588,0,2
2024101467012,2024,101467012,2,9,0,-1,3,4,8,-1,0,8,0,0,0,0,2,1,-1,6,1,25,5,1198,1,11,VOLKSWAGEN POLO,1,E01008398,0,1
2024340WN5982,2024,340WN5982,3,9,0,-1,8,5,7,-1,0,1,0,0,0,0,1,1,-1,2,1,24,5,1198,1,15,VOLKSWAGEN POLO,8,E01027296,0,1
2024131457038,2024,131457038,2,9,0,-1,3,8,4,-1,0,0,0,0,0,0,2,1,-1,9,2,46,8,1390,1,13,VOLKSWAGEN POLO,8,E01011581,0,3
2024010516583,2024,010516583,2,9,0,18,19,7,3,0,0,1,0,0,0,0,2,1,6,6,2,65,9,999,1,3,VOLKSWAGEN POLO,6,E01029919,0,4
2024531440052,2024,531440052,1,9,0,-1,9,1,5,-1,0,1,0,0,0,0,3,1,-1,9,1,29,6,1197,1,11,VOLKSWAGEN POLO,2,E01022131,0,3
2024010544570,2024,010544570,1,9,0,99,99,9,9,99,99,9,9,99,9,99,2,9,2,2,2,20,4,999,1,10,VOLKSWAGEN POLO,1,E01001410,0,1
2024131468929,2024,131468929,1,9,0,-1,19,7,7,-1,0,0,0,0,0,0,4,1,-1,9,1,35,6,1197,1,10,VOLKSWAGEN POLO,1,E01011423,0,1
2024061453971,2024,061453971,1,9,0,-1,4,2,6,-1,0,0,0,0,0,0,2,1,-1,9,2,24,5,1198,1,13,VOLKSWAGEN POLO,2,E01005263,0,2
2024010518242,2024,010518242,2,9,0,99,99,9,9,99,99,9,9,99,9,99,1,9,6,6,3,-1,-1,1198,1,17,VOLKSWAGEN POLO,-1,-1,0,-1
2024320041943,2024,320041943,1,9,0,9,9,5,2,0,0,0,0,4,1,0,3,1,-1,-1,2,63,9,1390,1,14,VOLKSWAGEN POLO,4,E01026254,0,1
2024131430354,2024,131430354,2,9,0,-1,2,0,0,-1,0,0,0,0,0,0,1,1,-1,6,-1,-1,-1,1598,2,14,VOLKSWAGEN POLO,-1,-1,0,-1
2024311429334,2024,311429334,2,9,0,-1,4,3,8,-1,0,0,0,0,0,0,2,1,-1,9,2,20,4,1197,1,9,VOLKSWAGEN POLO,7,E01027961,0,1
2024302401158,2024,302401158,1,9,0,18,19,7,4,0,0,8,0,0,0,0,1,1,6,6,2,20,4,999,1,7,VOLKSWAGEN POLO,9,E01005849,0,3
2024201516293,2024,201516293,1,9,0,-1,13,5,1,-1,0,8,0,0,0,0,1,1,-1,6,1,-1,-1,999,1,0,VOLKSWAGEN POLO,-1,-1,0,-1
2024471525305,2024,471525305,1,9,0,-1,9,3,1,-1,0,6,0,0,0,0,3,1,-1,2,1,20,4,1198,1,13,VOLKSWAGEN POLO,7,E01021222,0,2
2024520003025,2024,520003025,1,9,0,-1,-1,3,8,0,0,8,0,0,0,0,4,1,6,6,2,47,8,1400,1,19,VOLKSWAGEN POLO,10,E01014429,0,1
2024010523542,2024,010523542,1,9,0,18,19,2,6,0,0,1,0,0,0,0,1,1,6,6,2,28,6,1197,1,8,VOLKSWAGEN POLO,10,E01021757,0,3
2024411454942,2024,411454942,1,9,0,-1,19,7,3,-1,9,0,0,0,7,11,1,1,-1,2,1,29,6,999,1,8,VOLKSWAGEN POLO,9,E01023318,0,1
2024622500006,2024,622500006,1,9,0,18,19,4,8,0,0,0,0,0,0,0,1,1,6,6,1,29,6,1390,1,20,VOLKSWAGEN POLO,1,W01001874,0,2
2024471481083,2024,471481083,3,9,0,-1,2,0,0,-1,-1,8,0,0,0,0,4,1,-1,9,2,20,4,1390,7,18,VOLKSWAGEN POLO,1,E01020920,0,2
2024411513902,2024,411513902,2,9,0,-1,-1,-1,-1,-1,-1,-1,-1,-1,-1,0,2,9,-1,9,2,40,7,999,1,0,VOLKSWAGEN POLO,9,E01023665,0,3
2024411516277,2024,411516277,1,9,0,-1,19,5,1,-1,0,0,1,0,1,11,4,1,-1,6,2,32,6,1390,1,10,VOLKSWAGEN POLO,7,E01021856,0,3
2024061407252,2024,061407252,2,9,0,-1,19,7,3,-1,0,8,0,0,0,0,3,9,-1,6,2,33,6,999,1,3,VOLKSWAGEN POLO,1,E01005129,0,1
2024430522428,2024,430522428,1,9,0,18,19,5,1,0,0,1,1,0,1,10,1,1,6,6,2,75,10,1197,1,8,VOLKSWAGEN POLO,9,E01027301,0,4
2024131444152,2024,131444152,1,9,0,-1,1,5,7,-1,0,0,0,0,0,0,2,1,-1,9,2,57,9,1198,1,22,VOLKSWAGEN POLO,10,E01032504,0,1
2024531467609,2024,531467609,2,9,0,-1,4,7,3,-1,0,1,0,0,0,0,2,1,-1,9,2,30,6,1390,1,13,VOLKSWAGEN POLO,6,E01034791,0,2
2024211492675,2024,211492675,2,9,0,-1,4,8,4,-1,0,0,0,0,0,0,2,1,-1,6,2,28,6,999,1,7,VOLKSWAGEN POLO,7,E01000924,0,5
2024520500030,2024,520500030,2,9,0,18,19,5,1,0,0,8,0,0,0,0,1,1,6,6,2,84,11,1198,1,17,VOLKSWAGEN POLO,8,E01035128,0,2
2024461525035,2024,461525035,3,9,0,-1,2,0,0,-1,0,0,0,0,0,0,3,1,-1,6,-1,-1,-1,1390,1,13,VOLKSWAGEN POLO,-1,-1,0,-1
2024522500043,2024,522500043,3,9,0,18,19,6,2,0,0,8,0,0,0,0,2,1,6,6,1,25,5,999,1,2,VOLKSWAGEN POLO,7,E01014922,0,2
2024101453221,2024,101453221,1,9,0,-1,5,5,1,-1,0,4,0,0,0,0,1,1,-1,9,2,39,7,999,1,9,VOLKSWAGEN POLO,6,E01008685,0,1
2024141493301,2024,141493301,1,9,0,-1,19,4,8,-1,0,8,0,0,0,0,2,1,-1,9,2,37,7,1400,2,17,VOLKSWAGEN POLO,1,E01007790,0,3
2024201408521,2024,201408521,1,9,0,-1,19,8,2,-1,0,1,0,10,7,1,1,9,-1,6,1,22,5,1197,1,9,VOLKSWAGEN POLO,2,E01008939,0,2
2024421445416,2024,421445416,2,9,0,-1,3,6,2,-1,0,1,0,0,0,0,2,1,-1,9,2,19,4,999,1,3,VOLKSWAGEN POLO,10,E01021384,0,2
2024010497768,2024,010497768,2,9,0,18,19,5,1,0,0,0,0,4,0,0,3,1,6,6,1,25,5,1798,1,8,VOLKSWAGEN POLO,8,E01024816,0,4
2024461428007,2024,461428007,2,9,0,-1,5,4,3,-1,0,0,0,0,0,0,4,2,-1,9,2,20,4,1199,2,11,VOLKSWAGEN POLO,4,E01023997,0,2
2024101485953,2024,101485953,2,9,0,-1,19,3,7,-1,0,8,0,0,0,0,3,1,-1,2,2,50,8,999,1,3,VOLKSWAGEN POLO,5,E01035629,0,4
2024101443455,2024,101443455,2,9,0,-1,9,6,2,-1,0,0,0,0,0,0,3,2,-1,6,1,57,9,999,1,9,VOLKSWAGEN POLO,2,E01027541,0,3
2024010539702,2024,010539702,1,9,0,16,19,3,7,0,0,8,0,0,0,0,1,1,6,6,2,62,9,1400,1,17,VOLKSWAGEN POLO,-1,-1,0,-1
2024522402022,2024,522402022,1,9,0,10,10,6,2,0,0,8,0,0,1,0,2,1,6,6,2,56,9,1422,2,9,VOLKSWAGEN POLO,10,E01014869,0,1
2024221510505,2024,221510505,1,9,0,-1,19,4,8,-1,0,0,0,10,1,2,1,9,-1,6,1,20,4,1390,1,13,VOLKSWAGEN POLO,1,E01032471,0,1
2024522401276,2024,522401276,1,9,0,18,19,5,1,0,0,0,0,0,0,0,1,1,6,6,2,29,6,1390,1,14,VOLKSWAGEN POLO,10,E01035220,0,1
2024451522117,2024,451522117,2,9,0,-1,19,1,5,-1,0,6,0,0,8,11,3,1,-1,9,1,23,5,1390,1,14,VOLKSWAGEN POLO,10,E01004095,0,3
2024332400133,2024,332400133,1,9,0,-1,19,3,7,-1,0,1,0,0,0,0,1,1,-1,9,2,78,11,1390,1,21,VOLKSWAGEN POLO,6,E01013735,0,1
2024451523385,2024,451523385,2,9,0,-1,19,7,3,-1,0,0,0,0,0,0,4,1,-1,1,1,21,5,1198,1,12,VOLKSWAGEN POLO,7,E01030659,0,2
202417L111224,2024,17L111224,2,9,0,-1,13,3,7,-1,0,0,5,0,0,0,1,1,-1,9,2,24,5,999,1,7,VOLKSWAGEN POLO,7,E01027626,0,2
2024302400733,2024,302400733,1,9,0,9,9,1,8,0,0,8,0,0,0,0,4,1,6,6,2,20,4,1390,1,11,VOLKSWAGEN POLO,8,E01019840,0,2
2024101510418,2024,101510418,2,9,0,-1,3,2,6,-1,0,0,0,0,0,0,2,1,-1,6,2,20,4,1198,1,12,VOLKSWAGEN POLO,5,E01008178,0,2
2024501503978,2024,501503978,1,9,0,-1,19,5,8,-1,0,0,2,0,0,0,1,1,-1,6,1,18,4,1198,1,19,VOLKSWAGEN POLO,4,E01018863,0,2
2024501405913,2024,501405913,2,9,0,-1,9,2,8,-1,0,1,0,0,0,0,4,9,-1,6,2,36,7,999,1,9,VOLKSWAGEN POLO,8,E01015097,0,1
2024231476473,2024,231476473,1,9,0,-1,19,6,2,-1,0,0,0,0,0,0,1,1,-1,6,1,30,6,1595,2,14,VOLKSWAGEN POLO,10,E01033062,0,4
2024320596547,2024,320596547,1,9,0,9,9,1,6,0,0,6,0,0,0,0,1,1,-1,-1,1,18,4,1390,1,20,VOLKSWAGEN POLO,5,E01026221,0,2
2024440259090,2024,440259090,1,9,0,13,13,6,2,0,0,0,0,0,0,0,4,1,2,2,1,19,4,1197,1,8,VOLKSWAGEN POLO,9,E01022882,0,1
2024471432641,2024,471432641,1,9,0,-1,8,3,6,-1,0,4,0,0,0,0,2,1,-1,9,2,59,9,1198,1,11,VOLKSWAGEN POLO,8,E01031617,0,2
2024411429677,2024,411429677,2,9,0,-1,4,7,3,-1,0,4,0,0,0,0,1,1,-1,6,1,24,5,999,1,2,VOLKSWAGEN POLO,8,E01023481,0,3
2024061539270,2024,061539270,2,9,0,-1,19,6,2,-1,0,0,0,0,0,0,4,2,-1,6,1,17,4,1198,1,13,VOLKSWAGEN POLO,9,E01011528,0,4
2024421514012,2024,421514012,1,9,0,-1,19,6,2,-1,0,1,0,0,0,0,1,1,-1,9,2,19,4,1198,1,11,VOLKSWAGEN POLO,6,E01021903,0,3
2024302401050,2024,302401050,2,9,0,2,2,0,0,9,9,0,0,0,0,0,1,1,6,6,3,-1,-1,999,1,9,VOLKSWAGEN POLO,-1,-1,0,-1
2024401406385,2024,401406385,2,9,0,-1,4,7,3,-1,0,8,0,0,0,0,2,9,-1,6,2,25,5,1400,1,17,VOLKSWAGEN POLO,7,E01033431,0,3
2024471416303,2024,471416303,1,9,0,-1,5,3,6,-1,0,3,0,0,0,0,1,1,-1,9,1,54,8,1197,1,9,VOLKSWAGEN POLO,2,E01021037,0,1
2024471463185,2024,471463185,1,9,0,-1,5,7,3,-1,0,0,0,0,0,0,1,1,-1,2,2,27,6,1390,1,12,VOLKSWAGEN POLO,8,E01020987,0,1
2024122400713,2024,122400713,3,9,0,3,3,7,3,0,0,0,0,0,1,0,2,1,6,6,2,19,4,1400,2,17,VOLKSWAGEN POLO,7,E01027604,0,3
2024371395358,2024,371395358,1,9,0,-1,4,-1,-1,-1,0,0,0,0,0,0,2,1,-1,6,2,23,5,1400,1,16,VOLKSWAGEN POLO,7,E01018243,0,4
2024201497012,2024,201497012,3,9,0,-1,19,5,1,-1,0,8,0,0,0,0,4,1,-1,9,2,35,6,999,1,0,VOLKSWAGEN POLO,4,E01032355,0,4
2024070788497,2024,070788497,2,9,0,-1,9,7,3,-1,0,8,0,0,0,0,3,1,-1,6,1,43,7,999,1,0,VOLKSWAGEN POLO,7,E01018742,0,2
2024552401152,2024,552401152,1,9,0,9,9,6,4,0,0,5,0,0,0,0,4,1,6,6,1,20,4,1598,2,14,VOLKSWAGEN POLO,7,E01020538,0,2
2024131468042,2024,131468042,2,9,0,-1,19,1,5,-1,0,0,0,0,0,0,1,1,-1,1,2,21,5,1390,1,12,VOLKSWAGEN POLO,1,E01010739,0,3
2024061398822,2024,061398822,1,9,-1,-1,-1,-1,-1,-1,-1,-1,-1,-1,-1,0,-1,9,-1,6,3,-1,-1,1390,1,12,VOLKSWAGEN POLO,-1,-1,0,-1
2024111426055,2024,111426055,1,9,0,-1,6,1,5,-1,0,0,0,0,0,0,1,1,-1,6,2,44,7,999,1,5,VOLKSWAGEN POLO,6,E01020654,0,1
2024361415796,2024,361415796,1,9,0,-1,19,5,1,-1,0,0,0,0,1,10,1,1,-1,9,1,31,6,1900,2,18,VOLKSWAGEN POLO,6,E01026757,0,3
2024461496624,2024,461496624,1,9,0,-1,19,5,1,-1,0,1,0,0,0,0,1,9,-1,6,2,-1,-1,999,1,2,VOLKSWAGEN POLO,2,E01000008,0,4
2024201457504,2024,201457504,1,9,0,-1,5,3,7,-1,0,6,0,0,0,0,3,9,-1,9,3,-1,-1,999,1,10,VOLKSWAGEN POLO,-1,-1,0,-1
2024440018238,2024,440018238,3,9,0,2,2,0,0,0,0,2,0,0,0,0,2,1,6,6,3,-1,-1,1199,2,13,VOLKSWAGEN POLO,-1,-1,0,-1
2024122401050,2024,122401050,3,9,0,18,19,1,5,0,0,1,0,0,0,0,1,1,2,2,1,18,4,1197,1,9,VOLKSWAGEN POLO,6,E01027902,0,2
2024131577097,2024,131577097,1,9,0,-1,9,1,5,-1,0,8,0,0,0,0,1,1,-1,9,1,34,6,1390,1,21,VOLKSWAGEN POLO,1,E01010812,0,1
2024411541153,2024,411541153,1,9,0,-1,19,4,8,-1,0,0,0,0,0,0,1,1,-1,9,2,18,4,1198,1,17,VOLKSWAGEN POLO,7,E01015808,0,3
2024440403217,2024,440403217,2,9,0,18,19,3,7,0,0,1,0,0,0,0,1,1,6,6,2,74,10,1198,1,15,VOLKSWAGEN POLO,-1,-1,0,-1
2024231433027,2024,231433027,2,9,0,-1,5,4,1,-1,9,0,0,0,0,0,4,1,-1,7,2,35,6,1390,1,12,VOLKSWAGEN POLO,8,E01031069,0,1
2024052402484,2024,052402484,1,9,0,18,19,3,7,0,0,0,0,0,0,0,1,1,6,6,2,-1,-1,999,1,3,VOLKSWAGEN POLO,-1,-1,0,-1
2024320517808,2024,320517808,1,9,0,-1,-1,4,8,0,0,0,0,0,7,4,1,1,6,6,1,18,4,1390,1,21,VOLKSWAGEN POLO,9,E01026289,0,1
2024440166558,2024,440166558,1,9,0,3,3,6,2,0,0,1,0,0,0,0,2,1,6,6,1,25,5,1984,1,5,VOLKSWAGEN POLO,5,W01002040,0,5
2024501503683,2024,501503683,1,9,0,-1,9,6,4,-1,0,8,0,0,0,0,4,1,-1,9,2,21,5,1198,1,16,VOLKSWAGEN POLO,3,E01015032,0,1
2024131490702,2024,131490702,1,9,0,-1,19,5,1,-1,0,0,0,0,0,0,1,1,-1,7,2,35,6,1390,1,11,VOLKSWAGEN POLO,1,E01010924,0,1
2024010504329,2024,010504329,1,9,0,17,19,3,7,0,0,2,5,7,0,0,1,1,6,6,2,24,5,999,1,7,VOLKSWAGEN POLO,9,E01002242,0,1
2024471536026,2024,471536026,1,9,0,-1,9,7,5,-1,0,6,0,0,0,0,3,1,-1,6,1,18,4,1198,1,15,VOLKSWAGEN POLO,6,E01031660,0,2
2024471478308,2024,471478308,1,9,0,-1,19,6,2,-1,0,0,0,0,0,0,4,1,-1,6,2,21,5,1390,1,13,VOLKSWAGEN POLO,4,E01031433,0,1
2024991430133,2024,991430133,1,9,0,-1,9,5,3,-1,0,8,0,0,0,0,1,1,-1,9,1,17,4,999,1,5,VOLKSWAGEN POLO,8,-1,0,1