collision_index,collision_year,collision_ref_no,vehicle_reference,vehicle_type,towing_and_articulation,vehicle_manoeuvre_historic,vehicle_manoeuvre,vehicle_direction_from,vehicle_direction_to,vehicle_location_restricted_lane_historic,vehicle_location_restricted_lane,junction_location,skidding_and_overturning,hit_object_in_carriageway,vehicle_leaving_carriageway,hit_object_off_carriageway,first_point_of_impact,vehicle_left_hand_drive,journey_purpose_of_driver_historic,journey_purpose_of_driver,sex_of_driver,age_of_driver,age_band_of_driver,engine_capacity_cc,propulsion_code,age_of_vehicle,generic_make_model,driver_imd_decile,lsoa_of_driver,escooter_flag,driver_distance_banding
2024131462081,2024,131462081,2,9,0,-1,19,5,1,-1,0,1,0,0,0,0,1,1,-1,2,2,23,5,1390,1,11,VOLKSWAGEN POLO,5,E01011465,0,1
2024552500014,2024,552500014,2,9,0,3,3,6,2,0,0,4,0,0,0,0,2,1,6,6,2,59,9,1422,2,16,VOLKSWAGEN POLO,5,E01020562,0,3
2024010505591,2024,010505591,2,9,0,99,99,9,9,99,99,9,9,99,9,99,1,9,6,6,3,79,11,1198,1,14,VOLKSWAGEN POLO,4,E01002643,0,1
2024451432586,2024,451432586,2,9,0,-1,7,1,5,-1,0,3,0,0,0,0,1,9,-1,6,2,30,6,999,1,5,VOLKSWAGEN POLO,-1,-1,0,-1
2024471517242,2024,471517242,1,9,0,-1,3,3,7,-1,0,1,0,0,0,0,2,1,-1,9,1,21,5,999,1,5,VOLKSWAGEN POLO,8,E01021081,0,1
2024010543351,2024,010543351,3,9,0,4,4,1,5,0,0,0,0,0,0,0,2,1,1,1,2,34,6,1390,1,15,VOLKSWAGEN POLO,4,E01001671,0,1
202417L207524,2024,17L207524,1,9,0,-1,19,4,8,-1,0,8,0,0,0,0,1,1,-1,9,2,18,4,999,1,0,VOLKSWAGEN POLO,1,E01010817,0,4
2024552400669,2024,552400669,1,9,0,5,5,5,1,0,0,6,0,0,0,0,1,1,6,6,1,18,4,999,1,10,VOLKSWAGEN POLO,6,E01032037,0,2
2024411533928,2024,411533928,1,9,0,-1,9,4,2,-1,0,8,0,0,0,0,4,1,-1,2,2,54,8,999,1,6,VOLKSWAGEN POLO,10,E01023614,0,4
2024440525901,2024,440525901,1,9,0,5,5,7,1,0,0,6,0,0,0,0,4,1,6,6,1,31,6,999,1,6,VOLKSWAGEN POLO,3,E01017054,0,1
2024361394407,2024,361394407,1,9,0,-1,4,1,5,-1,0,1,0,0,0,0,0,9,-1,6,2,78,11,999,1,6,VOLKSWAGEN POLO,6,E01026764,0,1
2024991482194,2024,991482194,1,9,0,-1,19,4,8,-1,0,0,1,0,7,0,1,1,-1,9,1,19,4,1198,1,16,VOLKSWAGEN POLO,2,-1,0,4
2024440065048,2024,440065048,4,9,0,4,4,2,6,0,0,0,0,0,0,0,2,1,6,6,2,24,5,1390,1,16,VOLKSWAGEN POLO,7,E01035449,0,3
2024010506238,2024,010506238,2,9,0,5,5,6,2,9,9,1,0,0,0,0,4,1,2,2,1,42,7,999,1,5,VOLKSWAGEN POLO,5,E01002118,0,1
2024501422116,2024,501422116,1,9,0,-1,9,4,8,-1,0,2,1,0,0,0,1,1,-1,2,1,29,6,1198,1,14,VOLKSWAGEN POLO,5,E01020070,0,2
2024302400378,2024,302400378,2,9,0,5,5,5,1,0,0,8,0,0,0,0,1,1,6,6,2,46,8,999,1,8,VOLKSWAGEN POLO,-1,-1,0,-1
2024991483875,2024,991483875,1,9,0,-1,19,7,3,-1,0,8,1,4,1,11,2,1,-1,1,1,33,6,1422,2,16,VOLKSWAGEN POLO,6,-1,0,1
2024451460051,2024,451460051,1,9,0,-1,9,1,5,-1,0,2,0,0,0,0,1,1,-1,6,2,18,4,999,1,6,VOLKSWAGEN POLO,10,E01030480,0,2
2024340NN0342,2024,340NN0342,1,9,0,-1,19,6,2,-1,0,0,1,0,7,9,1,1,-1,2,2,19,4,999,1,10,VOLKSWAGEN POLO,10,E01027001,0,3
2024451396105,2024,451396105,2,9,0,-1,19,7,3,-1,0,7,0,0,0,0,1,9,-1,6,2,-1,-1,1197,1,9,VOLKSWAGEN POLO,-1,-1,0,-1
2024451451792,2024,451451792,1,9,0,-1,5,5,1,-1,0,1,0,0,0,0,1,1,-1,2,2,26,6,1390,1,11,VOLKSWAGEN POLO,4,E01002559,0,2
2024991441458,2024,991441458,1,9,0,-1,9,8,5,-1,0,0,0,0,7,0,1,1,-1,6,2,87,11,1197,1,7,VOLKSWAGEN POLO,10,-1,0,1
2024471467130,2024,471467130,1,9,0,-1,19,1,5,-1,0,0,0,0,7,0,1,1,-1,9,1,27,6,1422,2,16,VOLKSWAGEN POLO,3,E01000111,0,4
2024010545344,2024,010545344,1,9,0,3,3,9,9,99,99,9,9,99,9,99,2,9,6,6,1,27,6,999,1,9,VOLKSWAGEN POLO,3,E01035496,0,3
2024010525368,2024,010525368,1,9,0,18,19,4,8,0,0,0,0,0,0,0,1,1,6,6,1,23,5,999,1,5,VOLKSWAGEN POLO,4,E01003409,0,1
2024631493307,2024,631493307,2,9,0,-1,19,3,7,-1,0,0,0,0,1,10,1,1,-1,9,2,22,5,1390,1,13,VOLKSWAGEN POLO,7,W01000572,0,1
2024010514095,2024,010514095,3,9,0,2,2,0,0,0,0,2,0,0,0,0,2,1,6,6,3,-1,-1,999,1,4,VOLKSWAGEN POLO,-1,-1,0,-1
202454B837524,2024,54B837524,1,9,0,18,19,4,8,0,0,0,0,0,0,0,1,1,6,6,2,26,6,999,1,2,VOLKSWAGEN POLO,4,E01032113,0,4
2024461476573,2024,461476573,2,9,0,-1,19,3,7,-1,0,2,0,0,0,0,1,1,-1,9,2,92,11,1198,1,15,VOLKSWAGEN POLO,3,E01024552,0,1
2024991496000,2024,991496000,1,9,0,-1,19,7,3,-1,0,0,0,0,0,0,1,1,-1,6,1,20,4,1198,1,13,VOLKSWAGEN POLO,3,-1,0,1
2024451534661,2024,451534661,2,9,0,-1,19,5,5,-1,0,0,0,0,0,0,1,1,-1,9,1,29,6,999,1,6,VOLKSWAGEN POLO,10,E01031729,0,1
2024542594424,2024,542594424,1,9,0,18,19,7,3,0,0,6,0,0,0,0,3,1,2,2,2,44,7,1197,1,9,VOLKSWAGEN POLO,9,E01015586,0,2
2024440167306,2024,440167306,1,9,0,18,19,6,2,0,0,8,0,0,0,0,1,1,6,6,1,18,4,1198,1,16,VOLKSWAGEN POLO,10,E01022851,0,1
2024141408606,2024,141408606,2,9,0,-1,19,5,1,-1,0,3,0,0,0,0,3,1,-1,6,3,-1,-1,1197,1,7,VOLKSWAGEN POLO,4,E01008150,0,3
2024041512054,2024,041512054,2,9,0,-1,9,6,3,-1,0,8,0,0,0,0,1,1,-1,6,2,18,4,999,1,0,VOLKSWAGEN POLO,1,E01025236,0,1
2024430179490,2024,430179490,3,9,0,18,19,5,1,0,0,0,0,0,0,0,1,1,6,6,1,26,6,1200,1,22,VOLKSWAGEN POLO,2,E01013628,0,5
2024201432571,2024,201432571,3,9,0,-1,2,0,0,-1,9,8,0,0,0,0,2,9,-1,6,3,-1,-1,1390,1,17,VOLKSWAGEN POLO,-1,-1,0,-1
2024361484753,2024,361484753,1,9,0,-1,19,8,2,-1,0,0,0,0,0,0,1,1,-1,9,1,21,5,1422,2,16,VOLKSWAGEN POLO,4,E01026733,0,3
2024541754724,2024,541754724,1,9,0,4,4,3,8,0,0,0,2,0,0,0,1,1,6,6,1,17,4,1198,1,18,VOLKSWAGEN POLO,7,E01034551,0,1
2024332401162,2024,332401162,2,9,0,-1,19,7,3,-1,0,1,0,0,1,0,3,1,-1,6,2,61,9,1395,1,9,VOLKSWAGEN POLO,-1,-1,0,-1
2024440333283,2024,440333283,1,9,0,3,3,2,6,0,0,1,0,0,0,0,2,1,6,6,2,27,6,999,1,0,VOLKSWAGEN POLO,5,E01017152,0,1
2024041480516,2024,041480516,2,9,0,-1,19,3,7,-1,0,0,0,0,0,0,2,1,-1,9,2,31,6,1197,1,9,VOLKSWAGEN POLO,3,E01012617,0,3
2024131478227,2024,131478227,2,9,0,-1,19,5,1,-1,0,1,0,0,0,0,1,1,-1,9,1,40,7,1400,2,18,VOLKSWAGEN POLO,1,E01010832,0,1
2024552400089,2024,552400089,1,9,0,5,5,1,5,0,0,0,0,0,0,0,1,1,6,6,1,86,11,999,1,5,VOLKSWAGEN POLO,7,E01020495,0,1
2024332401227,2024,332401227,1,9,0,-1,19,4,8,-1,0,0,5,0,1,4,1,1,-1,6,1,28,6,1422,2,21,VOLKSWAGEN POLO,10,E01019684,0,4
2024371413776,2024,371413776,2,9,0,-1,9,7,5,-1,0,3,0,0,0,0,4,9,-1,9,1,22,5,1390,1,14,VOLKSWAGEN POLO,5,E01030105,0,1
2024041472804,2024,041472804,2,9,0,-1,19,1,5,-1,0,2,0,0,0,0,1,1,-1,9,1,21,5,1390,1,24,VOLKSWAGEN POLO,4,E01025556,0,1
2024461480696,2024,461480696,1,9,0,-1,19,6,2,-1,0,0,2,0,0,0,4,1,-1,9,1,18,4,1198,1,16,VOLKSWAGEN POLO,1,E01024590,0,2
2024411505510,2024,411505510,1,9,0,-1,9,5,3,-1,0,8,0,0,0,0,4,1,-1,6,1,37,7,1198,1,12,VOLKSWAGEN POLO,4,E01023772,0,1
2024010533279,2024,010533279,2,9,0,9,9,3,1,0,0,6,0,0,0,0,1,1,6,6,1,24,5,1198,1,16,VOLKSWAGEN POLO,-1,-1,0,-1
2024131438056,2024,131438056,2,9,0,-1,2,0,0,-1,0,1,0,0,0,0,3,1,-1,6,-1,-1,-1,1199,2,12,VOLKSWAGEN POLO,-1,-1,0,-1
2024041522942,2024,041522942,2,9,0,-1,9,5,1,-1,0,5,0,0,0,0,2,1,-1,9,2,18,4,999,1,0,VOLKSWAGEN POLO,1,E01025236,0,1
2024010530278,2024,010530278,1,9,0,18,19,7,3,0,0,1,0,0,1,10,1,1,6,6,1,28,6,999,1,3,VOLKSWAGEN POLO,2,E01000533,0,1
202460Q133642,2024,60Q133642,1,9,0,16,19,5,1,0,0,0,2,0,7,3,1,1,6,6,1,20,4,1197,1,11,VOLKSWAGEN POLO,-1,-1,0,-1
2024421459692,2024,421459692,1,9,0,-1,7,4,6,-1,0,6,0,0,0,0,4,9,-1,6,1,85,11,1390,1,17,VOLKSWAGEN POLO,10,E01021466,0,1
2024332400401,2024,332400401,1,9,0,-1,19,5,1,-1,0,1,0,0,0,0,1,1,-1,6,2,20,4,1197,1,10,VOLKSWAGEN POLO,5,E01025999,0,2
2024401452877,2024,401452877,1,9,0,-1,19,1,5,-1,0,4,0,0,0,0,1,1,-1,6,1,23,5,1422,2,22,VOLKSWAGEN POLO,6,E01027039,0,3
2024411490930,2024,411490930,2,9,0,-1,19,8,4,-1,0,0,0,0,0,0,3,1,-1,6,2,64,9,999,1,5,VOLKSWAGEN POLO,9,E01023565,0,3
2024430469386,2024,430469386,1,9,0,18,19,8,4,0,0,0,0,0,0,0,1,1,6,6,2,97,11,999,1,6,VOLKSWAGEN POLO,7,E01016305,0,1
2024010517582,2024,010517582,1,9,0,4,4,7,3,0,0,0,0,0,0,0,2,1,6,6,2,30,6,1197,1,9,VOLKSWAGEN POLO,4,E01002231,0,1
2024010539589,2024,010539589,2,9,9,99,99,9,9,99,99,6,9,99,9,99,9,9,6,6,3,-1,-1,999,1,4,VOLKSWAGEN POLO,-1,-1,0,-1
2024052401814,2024,052401814,2,9,0,5,5,3,7,0,0,8,0,0,0,0,1,1,6,6,1,45,7,1422,2,16,VOLKSWAGEN POLO,1,E01006691,0,1
2024010522183,2024,010522183,1,9,0,18,19,5,1,0,0,4,0,0,0,0,2,1,4,7,2,40,7,1390,1,15,VOLKSWAGEN POLO,7,E01002427,0,1
2024430469039,2024,430469039,1,9,0,16,19,1,4,0,0,0,2,0,1,4,1,1,6,6,1,39,7,1390,1,16,VOLKSWAGEN POLO,8,E01016582,0,1
2024010536017,2024,010536017,1,9,0,18,19,5,1,0,0,8,0,10,0,0,2,1,6,6,1,27,6,999,1,10,VOLKSWAGEN POLO,3,E01002768,0,2
2024461440539,2024,461440539,3,9,0,-1,19,1,4,-1,0,1,0,0,0,0,1,9,-1,9,1,61,9,1198,1,13,VOLKSWAGEN POLO,4,E01024312,0,1
2024361438514,2024,361438514,1,9,0,-1,13,1,1,-1,0,0,0,0,0,0,4,1,-1,2,1,21,5,1395,1,9,VOLKSWAGEN POLO,6,E01026771,0,3
2024351460354,2024,351460354,2,9,0,-1,19,4,8,-1,0,0,0,0,0,0,1,1,-1,2,2,18,4,999,1,1,VOLKSWAGEN POLO,8,E01018289,0,2
2024451440933,2024,451440933,2,9,0,-1,3,2,6,-1,0,2,1,0,0,0,1,1,-1,9,1,24,5,1198,1,15,VOLKSWAGEN POLO,9,E01030301,0,1
2024421517775,2024,421517775,2,9,0,-1,-1,-1,-1,-1,-1,-1,-1,-1,-1,0,-1,9,-1,6,2,21,5,999,1,0,VOLKSWAGEN POLO,8,E01021547,0,1
2024122500032,2024,122500032,1,9,0,2,2,0,0,0,0,0,0,0,0,0,3,1,6,6,1,18,4,1197,1,8,VOLKSWAGEN POLO,9,E01013342,0,2
2024010529544,2024,010529544,2,9,0,18,19,7,3,0,0,0,0,0,0,0,3,1,6,6,1,26,6,1198,1,13,VOLKSWAGEN POLO,4,E01003637,0,1
2024010505245,2024,010505245,2,9,0,18,19,1,5,0,0,0,0,0,0,0,1,1,6,6,3,-1,-1,1400,1,17,VOLKSWAGEN POLO,-1,-1,0,-1
2024991419048,2024,991419048,3,9,0,-1,4,7,3,-1,0,0,0,0,0,0,1,1,-1,9,1,24,5,999,1,9,VOLKSWAGEN POLO,10,-1,0,2
2024041456820,2024,041456820,2,9,0,-1,19,5,1,-1,0,8,0,0,0,0,4,1,-1,6,2,20,4,999,1,6,VOLKSWAGEN POLO,4,E01025276,0,1
2024101531701,2024,101531701,3,9,0,-1,19,5,1,-1,0,0,0,0,0,0,0,1,-1,6,1,30,6,1984,1,4,VOLKSWAGEN POLO,8,E01027549,0,3
2024471419318,2024,471419318,1,9,0,-1,19,8,4,-1,0,1,0,0,0,0,1,1,-1,6,1,-1,-1,1422,2,16,VOLKSWAGEN POLO,6,E01035346,0,4
2024302400755,2024,302400755,1,9,0,9,9,8,6,0,0,0,0,0,0,0,1,1,6,6,1,17,4,999,1,8,VOLKSWAGEN POLO,9,E01019447,0,2
2024010501704,2024,010501704,1,9,0,18,19,5,1,0,0,8,5,0,0,0,4,1,6,6,1,28,6,1198,1,14,VOLKSWAGEN POLO,4,E01034613,0,1
2024991420416,2024,991420416,1,9,0,-1,19,3,7,-1,0,0,0,0,0,0,3,1,-1,2,2,32,6,1198,1,13,VOLKSWAGEN POLO,7,-1,0,2
2024010510439,2024,010510439,1,9,0,99,99,9,9,99,99,9,9,99,9,99,2,9,6,6,2,25,5,1198,1,19,VOLKSWAGEN POLO,7,E01033742,0,1
2024070756754,2024,070756754,1,9,0,-1,19,6,2,-1,0,4,0,9,1,4,1,1,-1,9,1,17,4,999,1,7,VOLKSWAGEN POLO,10,E01005815,0,2
2024010500924,2024,010500924,2,9,0,5,5,5,1,0,0,0,0,10,4,6,1,1,6,6,2,38,7,1600,1,17,VOLKSWAGEN POLO,2,E01001054,0,2
2024211528859,2024,211528859,1,9,0,-1,12,-1,-1,-1,0,0,1,0,0,0,4,1,-1,6,2,69,10,1422,2,9,VOLKSWAGEN POLO,8,-1,0,5
2024201509489,2024,201509489,1,9,0,-1,19,2,6,-1,0,1,0,0,0,0,1,1,-1,9,1,34,6,1390,1,15,VOLKSWAGEN POLO,2,E01033630,0,1
2024201505050,2024,201505050,1,9,0,-1,19,6,2,-1,2,8,0,0,0,0,1,1,-1,1,1,27,6,999,1,1,VOLKSWAGEN POLO,1,E01009301,0,2
2024430041330,2024,430041330,2,9,0,18,19,1,5,0,0,1,0,7,0,0,1,1,6,6,2,63,9,999,1,7,VOLKSWAGEN POLO,2,E01016810,0,1
2024131509651,2024,131509651,1,9,0,-1,1,7,3,-1,0,0,0,0,0,0,2,1,-1,9,2,80,11,1390,1,12,VOLKSWAGEN POLO,10,E01010771,0,1
2024461527053,2024,461527053,2,9,0,-1,19,3,7,-1,0,0,0,0,0,0,1,1,-1,6,1,30,6,1390,1,17,VOLKSWAGEN POLO,5,E01024556,0,1
2024991520723,2024,991520723,1,9,0,-1,19,5,1,-1,0,0,1,0,0,0,1,1,-1,2,2,21,5,1197,1,9,VOLKSWAGEN POLO,1,-1,0,2
2024010536291,2024,010536291,1,9,0,18,19,5,1,0,0,0,0,0,0,0,1,1,6,6,2,34,6,1197,1,9,VOLKSWAGEN POLO,4,E01002402,0,2
2024311492548,2024,311492548,1,9,0,-1,19,5,1,-1,0,3,0,10,0,0,4,1,-1,1,1,27,6,1598,2,14,VOLKSWAGEN POLO,-1,-1,0,-1
2024461423810,2024,461423810,1,9,0,-1,9,5,7,-1,0,8,0,0,0,0,1,1,-1,9,1,18,4,1390,1,11,VOLKSWAGEN POLO,4,E01024208,0,1
2024622400870,2024,622400870,2,9,0,18,19,4,8,0,0,0,0,0,0,0,3,1,6,6,1,81,11,1390,1,10,VOLKSWAGEN POLO,4,W01000761,0,1
2024101453615,2024,101453615,2,9,0,-1,7,3,6,-1,0,0,0,0,0,0,2,1,-1,9,1,32,6,999,1,9,VOLKSWAGEN POLO,2,E01008695,0,1
2024211517011,2024,211517011,1,9,0,-1,19,1,5,-1,0,1,0,11,0,0,1,1,-1,9,1,84,11,1197,1,9,VOLKSWAGEN POLO,-1,-1,0,-1
2024010532939,2024,010532939,2,9,0,9,9,8,5,0,0,8,0,0,0,0,4,1,6,6,1,25,5,999,1,4,VOLKSWAGEN POLO,8,E01001901,0,1
2024131404953,2024,131404953,1,9,0,-1,19,5,5,-1,0,8,0,0,0,0,1,1,-1,9,2,35,6,999,1,1,VOLKSWAGEN POLO,5,E01011007,0,1
2024991402937,2024,991402937,1,9,0,-1,9,8,7,-1,0,1,0,0,0,0,4,1,-1,9,2,23,5,1422,2,16,VOLKSWAGEN POLO,-1,-1,0,-1
2024451450017,2024,451450017,2,9,0,-1,19,7,3,-1,0,0,0,0,0,0,1,1,-1,9,2,26,6,1198,1,13,VOLKSWAGEN POLO,6,E01034728,0,2
2024461581500,2024,461581500,2,9,0,-1,9,8,4,-1,0,0,0,0,0,0,4,1,-1,9,2,32,6,1198,1,20,VOLKSWAGEN POLO,3,E01028056,0,5
2024622400126,2024,622400126,1,9,0,5,5,8,3,0,0,0,0,0,0,0,3,1,6,6,1,24,5,999,1,5,VOLKSWAGEN POLO,10,W01001120,0,2
2024351411477,2024,351411477,2,9,0,-1,2,-1,-1,-1,-1,1,0,0,1,4,4,9,-1,6,1,18,4,999,1,5,VOLKSWAGEN POLO,2,E01018143,0,1
2024430293178,2024,430293178,1,9,0,3,3,7,3,0,0,1,0,0,0,0,2,1,6,6,2,69,10,999,1,5,VOLKSWAGEN POLO,7,E01016348,0,1
2024411469237,2024,411469237,2,9,0,-1,19,1,5,-1,0,2,1,0,0,0,1,1,-1,6,1,23,5,1198,1,20,VOLKSWAGEN POLO,7,E01023504,0,1
2024451512280,2024,451512280,2,9,0,-1,5,1,5,-1,0,1,0,0,0,0,1,1,-1,6,1,46,8,1199,2,14,VOLKSWAGEN POLO,9,E01030360,0,1
2024320641538,2024,320641538,1,9,0,-1,-1,3,7,0,0,6,0,0,0,0,1,1,-1,-1,1,18,4,1198,1,18,VOLKSWAGEN POLO,4,E01018084,0,4
2024451438508,2024,451438508,2,9,0,-1,19,5,1,-1,0,8,0,0,0,0,1,1,-1,9,1,27,6,1984,1,5,VOLKSWAGEN POLO,6,E01030717,0,1
2024201447767,2024,201447767,1,9,0,-1,9,1,6,-1,0,6,0,0,0,0,3,9,-1,6,1,-1,-1,1984,1,5,VOLKSWAGEN POLO,-1,-1,0,-1
2024552400994,2024,552400994,1,9,0,18,19,3,7,0,0,0,0,0,0,0,1,1,6,6,2,32,6,999,1,2,VOLKSWAGEN POLO,6,E01034282,0,1
2024122400775,2024,122400775,1,9,0,11,11,5,1,0,0,0,0,0,0,0,1,1,2,2,1,19,4,1199,2,12,VOLKSWAGEN POLO,5,E01011197,0,4
2024451523385,2024,451523385,1,9,0,-1,19,7,3,-1,0,0,0,0,0,0,2,1,-1,9,1,52,8,1198,1,10,VOLKSWAGEN POLO,10,E01030990,0,2
2024440111173,2024,440111173,2,9,0,14,14,5,1,0,0,0,0,8,0,0,4,1,6,6,1,22,5,1198,1,14,VOLKSWAGEN POLO,6,E01017047,0,1
2024302400911,2024,302400911,2,9,0,5,5,1,8,0,0,1,0,0,0,0,1,1,6,6,2,28,6,1197,1,8,VOLKSWAGEN POLO,7,E01019681,0,1
2024070072544,2024,070072544,1,9,0,9,9,1,7,0,0,8,0,0,0,0,1,1,6,6,1,17,4,1197,1,9,VOLKSWAGEN POLO,10,E01018350,0,3
2024522500032,2024,522500032,1,9,0,18,19,3,7,0,0,0,0,0,0,0,1,1,6,6,1,17,4,1197,1,13,VOLKSWAGEN POLO,9,E01014757,0,1
2024411438774,2024,411438774,2,9,0,-1,4,5,1,-1,0,0,0,0,0,0,2,1,-1,1,2,45,7,1395,1,8,VOLKSWAGEN POLO,7,E01027143,0,4
2024440155115,2024,440155115,2,9,0,18,19,4,8,0,0,0,0,0,0,0,3,1,6,6,2,30,6,999,1,6,VOLKSWAGEN POLO,10,E01023024,0,4
2024161427088,2024,161427088,1,9,0,-1,1,5,1,-1,0,1,0,0,0,0,2,9,-1,9,2,75,10,1197,1,9,VOLKSWAGEN POLO,8,E01013065,0,1
2024411445556,2024,411445556,1,9,0,-1,19,1,5,-1,0,0,0,0,0,0,1,1,-1,2,2,20,4,999,1,8,VOLKSWAGEN POLO,7,E01023963,0,1
2024471477651,2024,471477651,2,9,0,-1,3,5,1,-1,0,0,1,0,0,0,2,1,-1,2,2,19,4,999,1,9,VOLKSWAGEN POLO,8,E01035341,0,2
2024061531216,2024,061531216,1,9,0,-1,5,3,1,-1,0,2,0,0,0,0,4,1,-1,2,2,37,7,1400,1,17,VOLKSWAGEN POLO,-1,-1,0,-1
2024421528433,2024,421528433,2,9,0,-1,4,8,4,-1,0,0,0,0,0,0,2,1,-1,9,2,22,5,1390,1,14,VOLKSWAGEN POLO,6,E01022096,0,4
2024010520710,2024,010520710,1,9,0,18,19,9,9,99,99,0,9,99,9,99,9,9,6,6,2,45,7,1390,1,22,VOLKSWAGEN POLO,1,E01000105,0,2
2024131529433,2024,131529433,1,9,0,-1,19,1,5,-1,0,0,0,0,7,10,1,1,-1,9,2,18,4,1197,1,9,VOLKSWAGEN POLO,3,E01010848,0,3
2024311552436,2024,311552436,1,9,0,-1,19,4,8,-1,0,0,1,0,2,0,0,1,-1,9,1,21,5,1900,2,17,VOLKSWAGEN POLO,3,E01028297,0,2
2024421506197,2024,421506197,1,9,0,-1,19,1,5,-1,0,8,0,0,0,0,1,1,-1,9,2,53,8,999,1,2,VOLKSWAGEN POLO,6,E01030076,0,4
2024070804093,2024,070804093,1,9,0,-1,19,7,3,-1,0,0,0,0,0,0,1,1,-1,2,2,32,6,1197,1,7,VOLKSWAGEN POLO,2,E01005817,0,4
2024061440489,2024,061440489,1,9,0,-1,19,3,7,-1,0,1,0,0,0,0,1,1,-1,6,1,18,4,1197,1,7,VOLKSWAGEN POLO,2,E01004865,0,1
2024041404043,2024,041404043,1,9,0,-1,19,3,7,-1,0,0,0,0,0,0,1,1,-1,9,2,26,6,1422,2,15,VOLKSWAGEN POLO,1,E01024877,0,1
2024610021724,2024,610021724,1,9,0,18,19,3,7,0,0,3,0,0,0,0,4,1,6,6,2,29,6,1198,1,13,VOLKSWAGEN POLO,6,W01001587,0,1
2024401507140,2024,401507140,4,9,0,-1,19,4,8,-1,0,0,0,0,1,0,1,1,-1,6,2,40,7,1390,1,21,VOLKSWAGEN POLO,2,E01015754,0,1
2024610054524,2024,610054524,1,9,0,18,19,5,1,0,0,0,0,0,0,0,1,1,6,6,1,21,5,1984,1,6,VOLKSWAGEN POLO,1,W01001364,0,1
2024311489736,2024,311489736,1,9,0,-1,2,1,1,-1,0,0,0,0,0,0,1,1,-1,6,-1,-1,-1,1199,2,12,VOLKSWAGEN POLO,-1,-1,0,-1
2024101398333,2024,101398333,1,9,0,-1,1,5,1,-1,0,8,0,0,0,0,2,1,-1,6,1,27,6,1198,1,14,VOLKSWAGEN POLO,4,E01008624,0,1
2024122500003,2024,122500003,2,9,0,18,19,5,1,0,0,8,0,0,0,0,1,1,6,6,2,57,9,999,1,6,VOLKSWAGEN POLO,9,E01013430,0,1
2024010543902,2024,010543902,2,9,0,99,99,9,9,99,99,9,9,99,9,99,1,9,6,6,1,74,10,1390,1,14,VOLKSWAGEN POLO,5,E01002785,0,1
2024052402549,2024,052402549,2,9,0,9,9,3,7,0,0,1,0,0,0,0,1,1,6,6,2,43,7,1198,1,14,VOLKSWAGEN POLO,8,E01007107,0,1
2024061451942,2024,061451942,2,9,-1,-1,-1,-1,-1,-1,-1,0,-1,-1,-1,0,4,9,-1,6,2,20,4,1390,1,14,VOLKSWAGEN POLO,1,E01005338,0,1
2024141423412,2024,141423412,1,9,0,-1,19,5,8,-1,0,1,0,0,7,11,1,1,-1,6,1,30,6,1199,2,13,VOLKSWAGEN POLO,-1,-1,0,-1
2024549181924,2024,549181924,3,9,0,18,19,7,3,0,0,0,0,0,0,0,0,1,6,6,1,21,5,1400,2,19,VOLKSWAGEN POLO,8,E01031897,0,1
2024122400690,2024,122400690,1,9,0,17,19,8,5,0,0,0,2,0,1,11,1,1,6,6,2,20,4,1198,1,20,VOLKSWAGEN POLO,8,E01027682,0,3
2024361479686,2024,361479686,1,9,0,-1,19,7,3,-1,0,1,0,0,0,0,1,1,-1,9,2,82,11,999,1,23,VOLKSWAGEN POLO,3,E01026799,0,1
2024421494984,2024,421494984,1,9,5,-1,5,7,3,-1,0,0,0,0,0,0,1,9,-1,2,1,25,5,1198,1,13,VOLKSWAGEN POLO,7,E01021334,0,1
2024361479352,2024,361479352,2,9,0,-1,7,7,3,-1,0,1,0,0,1,10,2,1,-1,9,2,20,4,1198,1,14,VOLKSWAGEN POLO,6,E01026549,0,2
2024061489377,2024,061489377,3,9,-1,-1,-1,-1,-1,-1,-1,-1,-1,-1,-1,0,-1,9,-1,6,3,-1,-1,999,1,5,VOLKSWAGEN POLO,-1,-1,0,-1
2024161401007,2024,161401007,1,9,0,-1,9,5,3,-1,0,5,0,0,0,0,1,1,-1,9,2,20,4,1199,2,13,VOLKSWAGEN POLO,9,E01012969,0,3
2024010534714,2024,010534714,2,9,0,18,19,3,7,0,0,6,0,0,0,0,1,1,6,6,1,23,5,999,1,1,VOLKSWAGEN POLO,3,E01034218,0,4
202454A716024,2024,54A716024,2,9,0,18,19,5,1,0,0,1,0,0,0,0,3,1,6,6,2,71,10,999,1,8,VOLKSWAGEN POLO,7,E01034552,0,2
2024451425885,2024,451425885,1,9,0,-1,4,1,1,-1,0,0,0,0,0,0,2,1,-1,9,1,50,8,1390,1,11,VOLKSWAGEN POLO,6,E01034292,0,3
2024320239564,2024,320239564,1,9,0,-1,-1,6,2,0,0,8,0,0,0,0,1,1,-1,-1,2,44,7,1390,1,21,VOLKSWAGEN POLO,-1,-1,0,-1
2024440147595,2024,440147595,1,9,0,9,9,4,1,0,0,5,1,0,0,0,4,1,6,6,1,19,4,999,1,6,VOLKSWAGEN POLO,7,E01023277,0,1
2024501397954,2024,501397954,2,9,0,-1,9,4,2,-1,0,8,0,0,0,0,1,1,-1,9,2,26,6,999,1,5,VOLKSWAGEN POLO,6,E01002875,0,5
2024010547976,2024,010547976,2,9,0,4,4,1,5,0,0,8,0,0,0,0,1,1,6,6,1,45,7,1197,1,7,VOLKSWAGEN POLO,4,E01001336,0,1
2024122400272,2024,122400272,1,9,0,17,19,5,3,0,0,2,1,0,1,10,1,1,6,6,2,18,4,999,1,4,VOLKSWAGEN POLO,10,E01013352,0,2