collision_index,collision_year,collision_ref_no,vehicle_reference,vehicle_type,towing_and_articulation,vehicle_manoeuvre_historic,vehicle_manoeuvre,vehicle_direction_from,vehicle_direction_to,vehicle_location_restricted_lane_historic,vehicle_location_restricted_lane,junction_location,skidding_and_overturning,hit_object_in_carriageway,vehicle_leaving_carriageway,hit_object_off_carriageway,first_point_of_impact,vehicle_left_hand_drive,journey_purpose_of_driver_historic,journey_purpose_of_driver,sex_of_driver,age_of_driver,age_band_of_driver,engine_capacity_cc,propulsion_code,age_of_vehicle,generic_make_model,driver_imd_decile,lsoa_of_driver,escooter_flag,driver_distance_banding
2024052401559,2024,052401559,2,9,0,3,3,4,8,0,0,1,0,0,0,0,2,1,6,6,2,25,5,1198,1,14,VOLKSWAGEN POLO,7,E01006795,0,1
2024161501174,2024,161501174,1,9,0,-1,19,3,7,-1,0,4,0,0,0,0,3,9,-1,6,1,20,4,1395,1,9,VOLKSWAGEN POLO,4,E01012896,0,1
2024361401870,2024,361401870,1,9,0,-1,19,6,1,-1,0,0,1,11,0,0,1,1,-1,9,2,17,4,1422,2,16,VOLKSWAGEN POLO,7,E01026436,0,3
2024340NN0712,2024,340NN0712,1,9,0,-1,19,8,4,-1,0,0,5,0,0,7,3,1,-1,9,1,25,5,1390,1,16,VOLKSWAGEN POLO,8,E01027329,0,1
2024141431972,2024,141431972,1,9,0,-1,5,1,6,-1,0,2,0,0,0,0,1,9,-1,6,2,22,5,999,1,1,VOLKSWAGEN POLO,1,E01034842,0,1
2024010516048,2024,010516048,1,9,0,18,19,1,5,0,0,7,0,0,0,0,3,1,2,2,1,21,5,999,1,7,VOLKSWAGEN POLO,2,E01002588,0,1
2024041436780,2024,041436780,1,9,0,-1,19,7,3,-1,0,1,0,0,7,0,1,1,-1,9,1,24,5,1798,1,8,VOLKSWAGEN POLO,2,E01006415,0,4
2024211520470,2024,211520470,1,9,0,-1,9,1,3,-1,0,8,0,0,0,0,1,1,-1,6,2,50,8,1390,1,17,VOLKSWAGEN POLO,-1,-1,0,-1
2024421417126,2024,421417126,1,9,0,-1,19,7,3,-1,0,1,0,0,0,0,1,1,-1,6,1,26,6,1390,1,14,VOLKSWAGEN POLO,8,E01002287,0,2
2024052401843,2024,052401843,1,9,0,18,19,3,7,0,0,8,0,0,0,0,4,1,6,6,2,27,6,999,1,6,VOLKSWAGEN POLO,1,E01006630,0,1
2024010542404,2024,010542404,1,9,0,9,9,1,7,0,0,1,0,0,0,0,1,1,6,6,1,19,4,999,1,6,VOLKSWAGEN POLO,5,E01030980,0,3
2024061502404,2024,061502404,2,9,-1,-1,-1,-1,-1,-1,-1,0,-1,-1,-1,0,-1,9,-1,6,3,33,6,1197,1,12,VOLKSWAGEN POLO,2,E01005207,0,2
2024421520271,2024,421520271,1,9,0,-1,19,1,5,-1,0,0,0,0,1,0,1,1,-1,9,2,73,10,999,1,4,VOLKSWAGEN POLO,7,E01021695,0,1
2024340WN2492,2024,340WN2492,1,9,0,-1,5,5,1,-1,0,6,0,0,0,0,3,1,-1,9,2,82,11,1395,1,10,VOLKSWAGEN POLO,8,E01027261,0,1
2024010541263,2024,010541263,1,9,0,3,3,3,7,1,1,2,0,0,0,0,2,1,6,6,2,28,6,999,1,1,VOLKSWAGEN POLO,6,E01021770,0,2
2024361504041,2024,361504041,2,9,0,-1,19,4,8,-1,0,8,0,0,0,0,1,1,-1,9,1,50,8,999,1,8,VOLKSWAGEN POLO,4,E01026765,0,2
2024421447857,2024,421447857,2,9,0,-1,9,6,4,-1,0,1,0,0,0,0,1,1,-1,9,1,23,5,1198,1,15,VOLKSWAGEN POLO,8,E01021763,0,1
2024101413996,2024,101413996,1,9,0,-1,19,1,5,-1,0,0,0,0,1,0,1,1,-1,9,2,20,4,999,1,5,VOLKSWAGEN POLO,6,E01027384,0,1
2024101495086,2024,101495086,1,9,-1,-1,3,3,6,-1,0,0,0,0,0,0,-1,9,-1,6,2,23,5,1197,1,9,VOLKSWAGEN POLO,-1,-1,0,-1
2024471492820,2024,471492820,1,9,0,-1,12,1,5,-1,0,1,0,0,0,0,1,1,-1,1,2,25,5,999,1,5,VOLKSWAGEN POLO,5,E01031832,0,2
2024131483501,2024,131483501,1,9,0,-1,19,7,3,-1,0,8,0,0,0,0,4,1,-1,9,2,26,6,999,1,2,VOLKSWAGEN POLO,7,E01011692,0,1
2024332400413,2024,332400413,2,9,0,-1,19,2,6,-1,0,3,2,0,0,0,4,1,-1,9,2,32,6,1390,1,15,VOLKSWAGEN POLO,5,E01025863,0,3
2024451394601,2024,451394601,1,9,0,-1,4,1,1,-1,0,0,0,0,0,0,2,9,-1,9,2,25,5,1390,1,17,VOLKSWAGEN POLO,7,E01023257,0,4
2024311450613,2024,311450613,2,9,0,-1,9,2,1,-1,0,5,0,0,0,0,0,1,-1,9,2,19,4,1198,1,13,VOLKSWAGEN POLO,5,E01013914,0,1
2024991453437,2024,991453437,2,9,0,-1,7,2,6,-1,0,0,0,0,0,0,2,1,-1,7,2,22,5,1198,1,12,VOLKSWAGEN POLO,2,-1,0,2
2024991410419,2024,991410419,1,9,0,-1,19,8,3,-1,0,0,1,0,4,1,1,1,-1,2,2,26,6,1400,2,15,VOLKSWAGEN POLO,8,-1,0,4
2024041530812,2024,041530812,2,9,0,-1,3,3,7,-1,0,4,0,0,0,0,2,1,-1,9,1,35,6,999,1,5,VOLKSWAGEN POLO,1,E01025181,0,1
2024010542896,2024,010542896,2,9,0,99,99,9,9,99,99,9,9,99,9,99,1,9,6,6,3,62,9,1198,1,17,VOLKSWAGEN POLO,9,E01002155,0,2
2024471399353,2024,471399353,1,9,0,-1,19,1,5,-1,0,1,0,0,0,0,1,1,-1,6,1,31,6,1198,1,15,VOLKSWAGEN POLO,9,E01032838,0,1
2024141481366,2024,141481366,2,9,0,-1,19,5,2,-1,0,3,0,0,0,0,1,9,-1,6,1,56,9,1198,1,14,VOLKSWAGEN POLO,5,E01019791,0,3
2024320619113,2024,320619113,1,9,0,9,9,5,4,0,0,5,0,0,0,0,4,1,6,6,1,19,4,1422,2,21,VOLKSWAGEN POLO,3,E01026102,0,2
2024451523883,2024,451523883,1,9,0,-1,19,2,6,-1,9,0,1,0,1,4,1,1,-1,6,1,36,7,1198,1,20,VOLKSWAGEN POLO,8,E01030302,0,1
2024041492049,2024,041492049,2,9,0,-1,19,5,1,-1,0,8,0,0,0,0,3,1,-1,9,2,27,6,999,1,5,VOLKSWAGEN POLO,8,E01024944,0,1
2024131419996,2024,131419996,1,9,0,-1,14,7,3,-1,0,8,5,0,0,0,1,1,-1,6,2,91,11,1198,1,11,VOLKSWAGEN POLO,8,E01011066,0,1
2024991421000,2024,991421000,2,9,0,-1,9,4,1,-1,0,1,0,11,0,0,3,1,-1,9,1,22,5,999,1,7,VOLKSWAGEN POLO,1,-1,0,1
2024131493951,2024,131493951,1,9,0,-1,11,1,1,-1,0,8,5,0,0,0,3,1,-1,2,2,27,6,1422,2,15,VOLKSWAGEN POLO,4,E01011772,0,3
2024211525657,2024,211525657,2,9,0,-1,19,6,6,-1,0,0,0,0,0,0,2,1,-1,9,1,21,5,1197,1,11,VOLKSWAGEN POLO,7,E01014137,0,4
2024340WN4322,2024,340WN4322,2,9,0,-1,19,6,2,-1,0,8,0,0,0,0,1,1,-1,2,1,27,6,999,1,6,VOLKSWAGEN POLO,1,E01032979,0,2
2024141414103,2024,141414103,1,9,0,-1,4,7,3,-1,0,0,0,0,0,0,2,1,-1,2,2,35,6,1395,1,8,VOLKSWAGEN POLO,9,E01007425,0,3
2024351443940,2024,351443940,2,9,0,-1,5,2,5,-1,0,3,0,0,0,0,1,1,-1,6,1,59,9,1198,1,11,VOLKSWAGEN POLO,8,E01018058,0,1
2024411510001,2024,411510001,1,9,0,-1,19,4,8,-1,0,0,0,0,1,0,1,1,-1,9,2,18,4,1390,1,12,VOLKSWAGEN POLO,3,E01033944,0,3
2024010514960,2024,010514960,1,9,0,18,19,7,3,0,0,1,0,0,0,0,1,1,6,6,2,18,4,1197,1,9,VOLKSWAGEN POLO,4,E01002490,0,1
2024201520389,2024,201520389,1,9,0,-1,9,7,6,-1,0,8,0,0,0,0,3,1,-1,9,1,28,6,1422,2,16,VOLKSWAGEN POLO,1,E01008901,0,1
2024131478874,2024,131478874,2,9,0,-1,19,1,5,-1,0,3,0,0,0,0,1,1,-1,9,1,18,4,1198,1,10,VOLKSWAGEN POLO,8,E01011254,0,4
2024361427304,2024,361427304,2,9,0,-1,19,1,6,-1,0,8,1,0,0,0,1,1,-1,9,1,21,5,1198,1,13,VOLKSWAGEN POLO,6,E01026494,0,4
2024361423351,2024,361423351,1,9,0,-1,19,7,3,-1,0,0,0,0,0,0,1,9,-1,6,1,19,4,999,1,8,VOLKSWAGEN POLO,8,E01026560,0,1
2024141395240,2024,141395240,2,9,0,-1,9,6,3,-1,0,0,0,0,0,0,1,1,-1,2,2,26,6,1198,1,14,VOLKSWAGEN POLO,2,E01007546,0,1
2024141492706,2024,141492706,2,9,0,-1,19,7,3,-1,0,1,0,0,0,0,1,1,-1,9,1,19,4,999,1,5,VOLKSWAGEN POLO,2,E01007322,0,1
2024201453171,2024,201453171,1,9,0,-1,15,1,5,-1,0,1,1,4,0,0,4,1,-1,9,2,23,5,1197,1,7,VOLKSWAGEN POLO,2,E01009757,0,2
2024471515924,2024,471515924,2,9,0,-1,19,3,7,-1,0,8,0,0,0,0,1,1,-1,1,1,20,4,1198,1,14,VOLKSWAGEN POLO,8,E01021069,0,3
2024531436196,2024,531436196,2,9,0,-1,19,1,5,-1,0,0,0,0,0,0,4,1,-1,7,2,24,5,999,1,5,VOLKSWAGEN POLO,1,E01022147,0,3
2024141486133,2024,141486133,2,9,0,-1,5,3,1,-1,0,6,0,0,0,0,2,1,-1,6,1,19,4,1198,1,14,VOLKSWAGEN POLO,6,E01007321,0,2
2024451497517,2024,451497517,2,9,0,-1,2,3,3,-1,0,1,0,0,0,0,1,9,-1,6,2,26,6,999,1,4,VOLKSWAGEN POLO,9,E01003838,0,3
2024311486898,2024,311486898,2,9,0,-1,19,2,6,-1,0,1,0,0,0,0,1,1,-1,6,1,43,7,1395,1,10,VOLKSWAGEN POLO,2,E01013835,0,1
2024411420070,2024,411420070,1,9,0,-1,5,1,3,-1,0,0,0,0,0,0,0,1,-1,6,2,51,8,1198,1,19,VOLKSWAGEN POLO,5,E01023399,0,1
2024320744224,2024,320744224,1,9,0,-1,-1,6,2,0,0,0,1,0,7,9,1,1,-1,-1,1,18,4,1198,1,18,VOLKSWAGEN POLO,3,E01026060,0,4
2024111431628,2024,111431628,1,9,0,-1,9,4,2,-1,0,2,0,0,0,0,2,1,-1,2,2,48,8,999,1,0,VOLKSWAGEN POLO,3,E01033198,0,1
2024010524144,2024,010524144,2,9,0,99,99,9,9,99,99,9,9,99,9,99,1,9,6,6,3,-1,-1,999,1,0,VOLKSWAGEN POLO,-1,-1,0,-1
2024221422000,2024,221422000,2,9,0,-1,10,7,4,-1,0,1,0,0,0,0,2,9,-1,9,2,60,9,1198,1,11,VOLKSWAGEN POLO,5,E01014025,0,2
2024401475187,2024,401475187,1,9,0,-1,19,6,2,-1,0,0,0,0,1,0,1,1,-1,6,2,25,5,1390,1,10,VOLKSWAGEN POLO,6,E01017424,0,3
2024401523168,2024,401523168,1,9,0,-1,5,6,1,-1,0,0,0,0,0,0,1,1,-1,9,2,21,5,1197,1,9,VOLKSWAGEN POLO,3,E01017514,0,1
2024552401338,2024,552401338,1,9,0,4,4,7,3,0,0,0,0,0,0,0,1,1,2,2,2,67,10,1197,1,9,VOLKSWAGEN POLO,8,E01020478,0,1
2024520002090,2024,520002090,2,9,0,10,10,7,4,0,0,1,0,0,0,0,2,1,6,6,2,19,4,1390,1,20,VOLKSWAGEN POLO,4,E01014469,0,1
2024141459148,2024,141459148,3,9,0,-1,19,4,8,-1,0,1,1,0,7,11,1,1,-1,9,1,24,5,1395,1,9,VOLKSWAGEN POLO,2,E01007323,0,1
2024461408251,2024,461408251,2,9,0,-1,7,7,3,-1,0,1,0,0,7,0,2,1,-1,6,1,30,6,1198,1,18,VOLKSWAGEN POLO,4,E01024178,0,1
2024522402295,2024,522402295,8,9,0,2,2,0,0,0,0,0,0,0,0,0,3,1,6,6,3,-1,-1,1400,1,18,VOLKSWAGEN POLO,-1,-1,0,-1
2024461523446,2024,461523446,1,9,0,-1,19,7,3,-1,0,0,0,0,0,0,1,2,-1,6,1,18,4,1198,1,13,VOLKSWAGEN POLO,6,-1,0,5
2024991499859,2024,991499859,1,9,0,-1,19,5,1,-1,0,8,1,0,0,0,1,1,-1,9,1,25,5,1198,1,16,VOLKSWAGEN POLO,8,-1,0,1
2024010521756,2024,010521756,2,9,0,13,13,1,5,0,0,2,0,0,0,0,1,1,6,6,1,33,6,999,1,3,VOLKSWAGEN POLO,3,E01002068,0,1
2024471507154,2024,471507154,2,9,0,-1,8,8,4,-1,0,4,0,0,0,0,1,1,-1,6,2,20,4,999,1,2,VOLKSWAGEN POLO,9,E01031588,0,1
2024520402562,2024,520402562,1,9,0,18,19,2,6,0,0,8,0,0,0,0,1,1,6,6,2,69,10,1198,1,17,VOLKSWAGEN POLO,6,E01029052,0,2
2024411471100,2024,411471100,2,9,0,-1,9,5,2,-1,0,3,0,0,0,0,4,1,-1,6,1,53,8,1197,1,10,VOLKSWAGEN POLO,7,E01023632,0,1
2024131458233,2024,131458233,2,9,0,-1,9,7,5,-1,0,6,0,0,0,0,3,1,-1,9,2,39,7,1198,1,21,VOLKSWAGEN POLO,5,E01011821,0,1
2024451431679,2024,451431679,2,9,0,-1,19,5,1,-1,0,0,0,2,0,0,1,1,-1,9,2,21,5,1197,1,7,VOLKSWAGEN POLO,5,E01015617,0,5
2024332400962,2024,332400962,3,9,0,-1,19,5,1,-1,0,8,0,0,0,0,1,1,-1,2,1,36,7,999,1,2,VOLKSWAGEN POLO,9,E01025908,0,4
2024351486603,2024,351486603,1,9,0,-1,9,2,1,-1,0,0,1,0,7,0,4,1,-1,2,1,31,6,1422,2,21,VOLKSWAGEN POLO,7,E01018064,0,4
2024320037756,2024,320037756,1,9,0,-1,-1,8,4,0,0,0,0,0,0,0,1,1,1,1,2,21,5,999,1,6,VOLKSWAGEN POLO,5,E01026052,0,4
2024221417270,2024,221417270,1,9,0,-1,20,7,3,-1,0,2,0,4,0,0,1,9,-1,6,3,46,8,999,1,5,VOLKSWAGEN POLO,-1,-1,0,-1
2024332400363,2024,332400363,2,9,0,-1,2,0,0,-1,0,0,0,0,0,0,3,1,-1,6,3,-1,-1,1199,2,10,VOLKSWAGEN POLO,-1,-1,0,-1
2024430135414,2024,430135414,2,9,0,2,2,0,0,0,0,0,0,0,0,0,2,1,6,6,1,36,7,1800,1,15,VOLKSWAGEN POLO,4,E01016360,0,1
2024361485923,2024,361485923,1,9,0,-1,19,1,5,-1,0,1,0,0,0,0,1,1,-1,2,1,45,7,1390,1,11,VOLKSWAGEN POLO,8,E01026840,0,1
202454C825224,2024,54C825224,3,9,0,3,3,8,5,0,0,1,0,0,0,0,2,1,6,6,2,30,6,1390,1,22,VOLKSWAGEN POLO,8,E01015498,0,1
2024351539262,2024,351539262,2,9,0,-1,19,1,5,-1,0,0,0,0,0,0,4,1,-1,6,1,23,5,1198,1,17,VOLKSWAGEN POLO,10,E01027274,0,4
2024531464452,2024,531464452,1,9,0,-1,19,1,5,-1,0,0,0,0,0,0,1,1,-1,2,1,41,7,1600,1,18,VOLKSWAGEN POLO,8,E01022259,0,3
2024440396803,2024,440396803,1,9,0,9,9,2,8,0,0,5,0,0,0,0,4,1,6,6,1,83,11,1390,1,15,VOLKSWAGEN POLO,4,E01017235,0,1
2024430368756,2024,430368756,1,9,0,7,7,5,7,0,0,6,0,0,0,0,2,1,6,6,1,50,8,1390,1,13,VOLKSWAGEN POLO,-1,-1,0,-1
2024221534412,2024,221534412,1,9,0,-1,19,3,7,-1,0,1,0,0,1,11,1,9,-1,9,1,19,4,999,1,0,VOLKSWAGEN POLO,4,E01014169,0,1
2024440557437,2024,440557437,2,9,0,18,19,3,7,0,0,1,5,0,1,11,3,1,6,6,1,18,4,1197,1,9,VOLKSWAGEN POLO,9,E01032852,0,1
2024421503250,2024,421503250,2,9,0,-1,19,1,5,-1,0,0,0,0,0,0,1,1,-1,6,1,20,4,1198,1,12,VOLKSWAGEN POLO,3,E01004397,0,4
2024522403224,2024,522403224,1,9,0,18,19,6,2,0,0,0,0,0,1,10,1,1,6,6,1,18,4,1198,1,16,VOLKSWAGEN POLO,8,E01015003,0,2
2024201453353,2024,201453353,1,9,0,-1,9,8,6,-1,0,8,0,0,0,0,1,1,-1,9,1,21,5,1390,1,16,VOLKSWAGEN POLO,1,E01010102,0,1
2024991412182,2024,991412182,2,9,0,-1,19,6,3,-1,0,8,0,0,0,0,1,1,-1,9,2,34,6,1390,1,13,VOLKSWAGEN POLO,3,-1,0,1
2024221512695,2024,221512695,1,9,0,-1,3,8,4,-1,0,1,0,0,0,0,2,1,-1,2,2,22,5,1390,1,11,VOLKSWAGEN POLO,4,E01032322,0,1
2024010532480,2024,010532480,2,9,0,9,9,1,6,0,0,5,0,0,0,0,3,1,6,6,2,50,8,999,1,0,VOLKSWAGEN POLO,8,E01002453,0,1
2024010521244,2024,010521244,2,9,0,9,9,1,6,0,0,5,0,0,0,0,3,2,6,6,2,34,6,1198,1,13,VOLKSWAGEN POLO,9,E01001299,0,1
2024061400361,2024,061400361,1,9,0,-1,19,3,7,-1,0,1,0,0,0,0,1,1,-1,2,2,26,6,999,1,6,VOLKSWAGEN POLO,4,E01005673,0,1
2024471427765,2024,471427765,3,9,0,-1,19,1,5,-1,0,0,0,0,0,0,2,1,-1,6,2,74,10,1197,1,9,VOLKSWAGEN POLO,8,E01017010,0,2
2024161411137,2024,161411137,2,9,0,-1,19,2,6,-1,0,8,0,0,0,0,1,1,-1,9,2,21,5,999,1,6,VOLKSWAGEN POLO,1,E01013203,0,1
2024320669060,2024,320669060,1,9,0,-1,-1,8,4,0,0,0,0,0,1,10,1,1,6,6,2,19,4,1197,1,10,VOLKSWAGEN POLO,8,E01026314,0,1
2024131467309,2024,131467309,2,9,0,-1,9,5,1,-1,0,8,0,0,0,0,4,1,-1,6,2,19,4,1395,1,9,VOLKSWAGEN POLO,6,E01010957,0,2
2024522402464,2024,522402464,2,9,0,13,13,9,9,0,0,1,0,0,0,0,4,1,6,6,3,-1,-1,1198,1,18,VOLKSWAGEN POLO,-1,-1,0,-1
2024131507562,2024,131507562,2,9,0,-1,7,3,1,-1,0,0,0,0,0,0,2,2,-1,2,1,48,8,1984,1,3,VOLKSWAGEN POLO,2,E01011854,0,2
2024451439689,2024,451439689,1,9,0,-1,19,4,8,-1,0,0,0,0,0,0,1,1,-1,9,1,28,6,1422,2,10,VOLKSWAGEN POLO,6,E01017827,0,4
202417L104524,2024,17L104524,1,9,0,-1,9,3,1,-1,0,6,0,0,0,0,1,1,-1,9,2,27,6,1197,1,9,VOLKSWAGEN POLO,1,E01012107,0,2
2024311460439,2024,311460439,2,9,0,-1,4,3,7,-1,0,0,0,0,0,0,2,1,-1,9,2,30,6,1198,1,11,VOLKSWAGEN POLO,7,E01020509,0,5
2024522401942,2024,522401942,1,9,0,18,19,7,3,0,0,8,0,0,0,0,3,1,6,6,2,34,6,1198,1,17,VOLKSWAGEN POLO,4,E01033342,0,1
2024430161938,2024,430161938,1,9,0,9,9,8,5,0,0,8,0,0,0,0,1,1,6,6,1,23,5,1198,1,13,VOLKSWAGEN POLO,6,E01016477,0,1
2024991541114,2024,991541114,1,9,0,-1,5,4,8,-1,0,8,0,0,0,0,1,1,-1,9,2,68,10,1197,1,9,VOLKSWAGEN POLO,-1,-1,0,-1
2024211428577,2024,211428577,1,9,0,-1,7,6,8,-1,0,1,0,0,0,0,1,9,-1,6,2,25,5,1198,1,13,VOLKSWAGEN POLO,4,E01029851,0,1
2024141458801,2024,141458801,1,9,0,-1,19,7,3,-1,0,1,5,0,0,0,1,1,-1,9,1,17,4,1198,1,10,VOLKSWAGEN POLO,5,E01032551,0,3
2024430414988,2024,430414988,1,9,0,18,19,6,2,0,0,6,0,0,0,0,3,1,6,6,2,21,5,1198,1,13,VOLKSWAGEN POLO,10,E01016629,0,1
2024451456806,2024,451456806,2,9,0,-1,7,3,1,-1,0,2,0,0,0,0,4,1,-1,9,1,19,4,1198,1,12,VOLKSWAGEN POLO,5,E01030946,0,1
2024461485501,2024,461485501,1,9,0,-1,19,3,7,-1,0,0,1,0,0,0,1,1,-1,9,1,18,4,999,1,5,VOLKSWAGEN POLO,10,E01021780,0,4
2024991498644,2024,991498644,1,9,0,-1,5,6,4,-1,0,2,0,0,0,0,4,1,-1,6,1,17,4,999,1,3,VOLKSWAGEN POLO,6,-1,0,2
2024401438702,2024,401438702,1,9,-1,-1,-1,-1,-1,-1,-1,0,-1,-1,-1,0,-1,9,-1,6,3,38,7,1198,1,22,VOLKSWAGEN POLO,6,E01017508,0,1
2024161516416,2024,161516416,1,9,0,-1,8,8,2,-1,0,5,0,0,0,0,4,2,-1,2,2,31,6,999,1,8,VOLKSWAGEN POLO,7,E01013228,0,1
2024010509236,2024,010509236,1,9,0,99,99,9,9,0,0,1,0,0,0,0,9,1,6,6,3,-1,-1,1390,1,15,VOLKSWAGEN POLO,-1,-1,0,-1
2024461437220,2024,461437220,2,9,0,-1,19,2,2,-1,0,1,0,0,0,0,4,1,-1,6,2,36,7,999,1,3,VOLKSWAGEN POLO,6,E01024180,0,1
202417S303324,2024,17S303324,1,9,0,18,19,5,1,0,0,1,0,0,0,0,1,1,6,6,2,21,5,1198,1,13,VOLKSWAGEN POLO,3,E01012287,0,1
202454D799824,2024,54D799824,1,9,0,17,19,4,1,0,0,0,1,0,0,0,4,1,2,2,2,28,6,1198,1,19,VOLKSWAGEN POLO,7,E01031842,0,1
2024320441694,2024,320441694,2,9,0,-1,-1,4,8,0,0,8,0,0,0,0,1,1,1,1,1,20,4,1197,1,10,VOLKSWAGEN POLO,10,E01026187,0,2
2024010504241,2024,010504241,2,9,9,99,99,9,9,99,99,9,9,99,9,99,9,9,6,6,3,-1,-1,1197,1,9,VOLKSWAGEN POLO,-1,-1,0,-1
2024471464285,2024,471464285,2,9,0,-1,3,1,5,-1,0,1,0,0,0,0,2,1,-1,6,1,24,5,999,1,0,VOLKSWAGEN POLO,6,E01035324,0,1
2024161489854,2024,161489854,2,9,0,-1,7,8,1,-1,0,1,1,99,0,0,1,1,-1,6,1,21,5,1198,1,12,VOLKSWAGEN POLO,-1,-1,0,-1
2024440166693,2024,440166693,2,9,0,18,19,4,8,0,0,0,0,0,1,0,1,1,6,6,2,48,8,999,1,3,VOLKSWAGEN POLO,10,E01023269,0,4
2024451457779,2024,451457779,1,9,0,-1,19,2,6,-1,0,0,0,0,0,0,1,1,-1,9,2,21,5,999,1,8,VOLKSWAGEN POLO,9,E01030997,0,1
2024201467397,2024,201467397,1,9,0,-1,9,1,7,-1,0,5,0,0,0,0,4,1,-1,6,1,48,8,1390,1,11,VOLKSWAGEN POLO,1,E01009056,0,1
2024131518211,2024,131518211,1,9,0,-1,19,6,2,-1,0,1,0,0,0,0,1,1,-1,6,2,32,6,1199,2,11,VOLKSWAGEN POLO,1,E01010803,0,1
2024201453660,2024,201453660,1,9,0,-1,13,2,6,-1,0,0,0,0,0,0,1,1,-1,6,-1,30,6,999,1,5,VOLKSWAGEN POLO,-1,-1,0,-1
2024451405628,2024,451405628,1,9,0,-1,1,8,4,-1,9,0,5,4,1,11,2,1,-1,9,2,78,11,999,1,1,VOLKSWAGEN POLO,8,E01030553,0,1
2024041408391,2024,041408391,3,9,0,-1,9,7,3,-1,0,0,0,0,0,0,3,1,-1,9,1,70,10,999,1,4,VOLKSWAGEN POLO,10,E01027561,0,3
2024131497876,2024,131497876,1,9,0,-1,9,5,3,-1,0,0,0,0,0,0,1,1,-1,2,1,39,7,999,1,0,VOLKSWAGEN POLO,5,E01010689,0,1
2024010548628,2024,010548628,2,9,0,99,99,9,9,99,99,9,9,99,9,99,1,9,6,6,3,-1,-1,1198,1,18,VOLKSWAGEN POLO,-1,-1,0,-1
2024421506939,2024,421506939,2,9,0,-1,19,6,2,-1,0,0,0,0,0,0,2,1,-1,6,1,58,9,999,1,0,VOLKSWAGEN POLO,5,E01021909,0,2
2024070866214,2024,070866214,2,9,0,-1,19,3,7,-1,0,0,0,0,0,0,3,1,-1,2,2,45,7,1197,1,7,VOLKSWAGEN POLO,-1,-1,0,-1
2024010517113,2024,010517113,4,9,0,2,2,0,0,0,0,2,0,0,0,0,4,1,6,6,3,-1,-1,1198,1,14,VOLKSWAGEN POLO,-1,-1,0,-1
2024461478407,2024,461478407,1,9,0,-1,9,7,3,-1,0,0,0,0,0,0,3,1,-1,9,1,20,4,1400,1,19,VOLKSWAGEN POLO,2,E01023975,0,2
2024361452174,2024,361452174,2,9,0,-1,19,2,6,-1,0,2,0,0,0,0,1,1,-1,6,2,20,4,1197,1,9,VOLKSWAGEN POLO,5,E01026909,0,2
2024552401045,2024,552401045,1,9,0,18,19,1,5,0,0,8,0,0,0,0,1,1,6,6,1,27,6,1197,1,10,VOLKSWAGEN POLO,8,E01015320,0,1
2024010520130,2024,010520130,2,9,0,16,19,5,1,0,0,0,0,0,0,0,1,1,2,2,1,18,4,1198,1,19,VOLKSWAGEN POLO,8,E01002273,0,1
2024061512868,2024,061512868,2,9,0,-1,2,0,0,-1,0,0,0,0,1,11,2,1,-1,6,-1,-1,-1,999,1,2,VOLKSWAGEN POLO,-1,-1,0,-1
2024421527605,2024,421527605,2,9,0,-1,7,1,1,-1,0,0,0,0,0,0,2,1,-1,2,1,45,7,999,1,2,VOLKSWAGEN POLO,-1,-1,0,-1
2024610055124,2024,610055124,1,9,0,5,5,1,5,0,0,0,0,4,0,0,1,1,2,2,1,20,4,1198,1,13,VOLKSWAGEN POLO,3,W01001336,0,1
2024311426318,2024,311426318,2,9,0,-1,2,0,0,-1,0,0,0,0,0,0,4,1,-1,6,-1,-1,-1,1390,1,16,VOLKSWAGEN POLO,-1,-1,0,-1
2024041502685,2024,041502685,1,9,0,-1,19,5,1,-1,0,0,2,0,1,0,4,1,-1,9,2,17,4,1198,1,10,VOLKSWAGEN POLO,2,E01025480,0,1
2024991516520,2024,991516520,1,9,0,-1,19,2,6,-1,0,0,0,0,0,0,1,1,-1,1,1,22,5,1422,2,7,VOLKSWAGEN POLO,-1,-1,0,-1
2024501511363,2024,501511363,1,9,0,-1,19,6,2,-1,9,0,0,0,1,5,1,1,-1,6,1,19,4,1197,1,7,VOLKSWAGEN POLO,3,E01015041,0,1
2024070201412,2024,070201412,1,9,0,9,9,7,5,0,0,6,0,0,0,0,4,1,6,6,1,23,5,999,1,6,VOLKSWAGEN POLO,1,E01012424,0,3
2024061496489,2024,061496489,3,9,0,-1,19,2,7,-1,0,8,0,0,0,0,1,1,-1,9,2,42,7,999,1,6,VOLKSWAGEN POLO,3,E01005547,0,1
2024010503039,2024,010503039,1,9,4,99,99,9,9,99,99,9,9,99,9,99,9,9,1,1,1,38,7,1197,1,9,VOLKSWAGEN POLO,2,E01001152,0,3
2024010527170,2024,010527170,2,9,9,99,99,9,9,99,99,9,9,99,9,99,9,9,6,6,1,24,5,1198,1,15,VOLKSWAGEN POLO,6,E01002998,0,4
2024231463853,2024,231463853,3,9,0,-1,2,0,0,-1,0,0,0,0,0,0,2,9,-1,6,2,19,4,1198,1,14,VOLKSWAGEN POLO,9,E01031082,0,1
2024010514942,2024,010514942,2,9,0,9,9,3,8,0,0,7,0,0,0,0,3,1,6,6,2,17,4,999,1,1,VOLKSWAGEN POLO,4,E01029152,0,5
2024221513791,2024,221513791,2,9,0,-1,2,0,0,-1,0,0,0,4,0,0,2,1,-1,2,2,65,9,1198,1,17,VOLKSWAGEN POLO,2,E01032202,0,1
2024311441914,2024,311441914,1,9,0,-1,7,3,5,-1,0,1,0,0,0,0,4,1,-1,6,1,21,5,999,1,8,VOLKSWAGEN POLO,7,E01024723,0,5