collision_index,collision_year,collision_ref_no,vehicle_reference,vehicle_type,towing_and_articulation,vehicle_manoeuvre_historic,vehicle_manoeuvre,vehicle_direction_from,vehicle_direction_to,vehicle_location_restricted_lane_historic,vehicle_location_restricted_lane,junction_location,skidding_and_overturning,hit_object_in_carriageway,vehicle_leaving_carriageway,hit_object_off_carriageway,first_point_of_impact,vehicle_left_hand_drive,journey_purpose_of_driver_historic,journey_purpose_of_driver,sex_of_driver,age_of_driver,age_band_of_driver,engine_capacity_cc,propulsion_code,age_of_vehicle,generic_make_model,driver_imd_decile,lsoa_of_driver,escooter_flag,driver_distance_banding
2024031491734,2024,031491734,1,9,0,-1,4,2,1,-1,0,1,0,0,0,0,1,1,-1,6,1,46,8,1400,1,17,VOLKSWAGEN POLO,-1,-1,0,-1
2024010532130,2024,010532130,2,9,0,18,19,3,7,0,0,1,0,0,0,0,1,1,6,6,1,30,6,1395,1,9,VOLKSWAGEN POLO,8,E01004053,0,2
2024522402903,2024,522402903,1,9,0,3,3,2,6,0,0,1,0,0,0,0,2,1,6,6,1,44,7,1400,1,18,VOLKSWAGEN POLO,1,E01014593,0,1
202454C665224,2024,54C665224,1,9,0,18,19,2,6,0,0,1,0,0,0,0,1,1,6,6,2,57,9,1198,1,18,VOLKSWAGEN POLO,8,E01032049,0,1
2024451421083,2024,451421083,1,9,0,-1,9,1,7,-1,0,8,0,0,0,0,1,1,-1,9,2,47,8,1984,1,2,VOLKSWAGEN POLO,2,E01002564,0,3
2024991510246,2024,991510246,1,9,0,-1,12,8,4,-1,0,1,0,0,0,0,1,1,-1,2,2,29,6,999,1,3,VOLKSWAGEN POLO,5,-1,0,1
2024552401442,2024,552401442,2,9,0,17,19,2,8,0,0,8,0,0,0,0,4,1,6,6,1,19,4,1422,2,16,VOLKSWAGEN POLO,8,E01022983,0,2
2024421512033,2024,421512033,1,9,0,-1,19,4,8,-1,0,2,0,0,0,0,1,1,-1,9,1,26,6,1198,1,22,VOLKSWAGEN POLO,4,E01021563,0,1
2024010545374,2024,010545374,1,9,0,99,99,9,9,99,99,9,9,99,9,99,1,9,6,6,2,45,7,1198,1,11,VOLKSWAGEN POLO,3,E01001213,0,1
2024430482563,2024,430482563,2,9,0,18,19,2,6,0,0,0,0,0,0,0,4,1,6,6,1,45,7,1422,2,21,VOLKSWAGEN POLO,3,E01028452,0,1
2024340NN3312,2024,340NN3312,1,9,0,-1,5,5,1,-1,0,1,0,0,0,0,1,1,-1,9,2,33,6,1197,1,9,VOLKSWAGEN POLO,6,E01027073,0,1
2024421484266,2024,421484266,1,9,0,-1,19,3,7,-1,2,8,0,0,0,0,4,1,-1,6,1,20,4,1198,1,20,VOLKSWAGEN POLO,-1,-1,0,-1
2024141419276,2024,141419276,1,9,0,-1,19,2,6,-1,0,1,0,0,0,0,4,1,-1,6,1,21,5,1390,1,13,VOLKSWAGEN POLO,1,E01007410,0,3
2024411429152,2024,411429152,1,9,0,-1,9,6,2,-1,0,6,0,0,0,0,4,1,-1,6,2,74,10,1198,1,17,VOLKSWAGEN POLO,10,E01023734,0,1
2024010549610,2024,010549610,1,9,0,99,99,9,9,99,99,9,9,99,9,99,9,9,2,2,1,29,6,999,1,4,VOLKSWAGEN POLO,4,E01030747,0,3
2024010542321,2024,010542321,2,9,0,99,99,9,9,99,99,9,9,99,9,99,1,9,6,6,3,-1,-1,999,1,3,VOLKSWAGEN POLO,-1,-1,0,-1
2024631464646,2024,631464646,2,9,0,-1,19,8,4,-1,0,0,1,0,0,0,1,1,-1,9,1,38,7,1198,1,14,VOLKSWAGEN POLO,8,W01001157,0,4
2024010545070,2024,010545070,1,9,0,4,4,5,1,0,0,0,0,0,0,0,2,1,6,6,2,26,6,999,1,6,VOLKSWAGEN POLO,2,E01004390,0,2
202417L309924,2024,17L309924,2,8,0,-1,19,3,7,-1,0,1,0,0,0,0,1,1,-1,1,1,-1,-1,999,1,8,VOLKSWAGEN POLO,-1,-1,0,-1
2024351408936,2024,351408936,1,9,-1,-1,-1,-1,-1,-1,-1,0,-1,-1,-1,0,-1,9,-1,6,3,-1,-1,1422,2,21,VOLKSWAGEN POLO,-1,-1,0,-1
2024430602660,2024,430602660,2,9,0,3,3,5,1,0,0,1,0,0,0,0,2,1,6,6,1,19,4,999,1,3,VOLKSWAGEN POLO,8,E01017704,0,2
2024131461114,2024,131461114,1,9,0,-1,19,5,1,-1,0,0,5,0,0,0,2,1,-1,9,1,22,5,1198,1,15,VOLKSWAGEN POLO,1,E01010616,0,3
2024131429934,2024,131429934,2,9,0,-1,19,7,7,-1,0,0,0,0,0,0,1,1,-1,6,1,18,4,1198,1,13,VOLKSWAGEN POLO,2,E01011609,0,1
2024471472506,2024,471472506,2,9,0,-1,4,5,1,-1,0,0,0,0,0,0,2,1,-1,9,2,34,6,1198,1,14,VOLKSWAGEN POLO,5,E01021109,0,1
2024101427832,2024,101427832,2,9,0,-1,4,4,8,-1,0,0,0,0,0,0,2,1,-1,6,1,86,11,1198,1,13,VOLKSWAGEN POLO,8,E01008677,0,1
2024440017260,2024,440017260,1,9,0,9,9,4,1,0,0,8,0,0,0,0,1,1,6,6,1,91,11,1197,1,8,VOLKSWAGEN POLO,3,E01017349,0,1
2024622400869,2024,622400869,2,9,0,2,2,0,0,0,0,1,0,0,0,0,2,1,6,6,3,-1,-1,1390,1,14,VOLKSWAGEN POLO,-1,-1,0,-1
2024061554715,2024,061554715,3,9,0,-1,4,1,5,-1,0,0,0,0,0,0,2,1,-1,9,1,21,5,1198,1,16,VOLKSWAGEN POLO,10,E01023919,0,5
2024430088235,2024,430088235,1,9,0,5,5,1,5,0,0,2,0,0,0,0,1,1,6,6,1,47,8,999,1,2,VOLKSWAGEN POLO,9,E01035741,0,1
2024131496306,2024,131496306,1,9,0,-1,19,5,1,-1,0,1,0,0,0,0,1,1,-1,2,2,31,6,999,1,0,VOLKSWAGEN POLO,3,E01010597,0,3
2024440083187,2024,440083187,1,9,0,18,19,8,4,0,0,0,0,0,0,0,1,1,6,6,2,20,4,999,1,7,VOLKSWAGEN POLO,-1,-1,0,-1
2024451402315,2024,451402315,1,9,0,-1,2,0,0,-1,0,0,0,0,0,0,2,1,-1,9,2,17,4,999,1,4,VOLKSWAGEN POLO,6,E01030717,0,2
2024461518643,2024,461518643,1,9,0,-1,9,8,1,-1,0,8,0,0,0,0,4,1,-1,9,2,83,11,999,1,3,VOLKSWAGEN POLO,10,E01024144,0,2
2024451488633,2024,451488633,1,9,0,-1,9,5,7,-1,0,0,1,0,0,0,3,1,-1,1,1,26,6,1390,1,20,VOLKSWAGEN POLO,5,E01034817,0,4
2024991406190,2024,991406190,1,9,0,-1,19,3,7,-1,0,2,0,0,0,0,1,1,-1,9,2,21,5,1198,1,18,VOLKSWAGEN POLO,7,-1,0,4
2024211534575,2024,211534575,1,9,0,-1,5,8,2,-1,9,1,0,0,0,0,0,1,-1,9,1,30,6,1198,1,14,VOLKSWAGEN POLO,-1,-1,0,-1
2024520500016,2024,520500016,2,9,0,5,5,6,2,0,0,6,0,0,0,0,2,1,6,6,2,39,7,999,1,3,VOLKSWAGEN POLO,10,E01035124,0,1
2024201468389,2024,201468389,1,9,0,-1,19,6,2,-1,0,8,0,0,0,0,3,1,-1,6,2,20,4,1198,1,14,VOLKSWAGEN POLO,2,E01010500,0,3
2024421404122,2024,421404122,2,9,0,-1,8,2,4,-1,0,1,0,0,0,0,3,1,-1,6,2,20,4,999,1,6,VOLKSWAGEN POLO,10,E01021757,0,2
2024411437272,2024,411437272,2,9,0,-1,3,1,5,-1,0,1,0,0,0,0,2,9,-1,9,1,21,5,999,1,5,VOLKSWAGEN POLO,4,E01023584,0,1
2024010521935,2024,010521935,2,9,0,18,19,7,3,0,0,0,0,0,0,0,1,1,6,6,1,48,8,1198,1,18,VOLKSWAGEN POLO,-1,-1,0,-1
2024451466317,2024,451466317,1,9,0,-1,19,5,1,-1,0,0,0,0,0,0,1,1,-1,2,2,18,4,1198,1,15,VOLKSWAGEN POLO,5,E01030459,0,1
2024440111873,2024,440111873,2,9,0,9,9,8,6,0,0,5,0,0,0,0,3,1,6,6,2,-1,-1,1390,1,16,VOLKSWAGEN POLO,7,E01032007,0,4
2024461450864,2024,461450864,2,9,0,-1,19,3,7,-1,0,1,0,0,0,0,1,1,-1,6,1,38,7,999,1,8,VOLKSWAGEN POLO,6,E01024833,0,1
2024461491613,2024,461491613,1,9,0,-1,19,1,3,-1,0,0,0,0,0,0,1,1,-1,6,1,17,4,1198,1,12,VOLKSWAGEN POLO,8,E01024744,0,1
2024061491983,2024,061491983,2,9,0,-1,10,3,1,-1,0,1,0,0,0,0,2,1,-1,9,2,26,6,1198,1,14,VOLKSWAGEN POLO,8,E01005862,0,2
2024302500173,2024,302500173,3,9,0,-1,2,0,0,-1,0,1,0,0,0,0,2,1,-1,6,3,-1,-1,999,1,5,VOLKSWAGEN POLO,-1,-1,0,-1
2024041483606,2024,041483606,1,9,0,-1,19,5,1,-1,0,0,0,0,0,0,1,1,-1,9,1,21,5,999,1,6,VOLKSWAGEN POLO,5,E01012645,0,1
2024231515673,2024,231515673,1,9,0,-1,19,4,8,-1,0,0,0,0,1,4,1,9,-1,2,1,19,4,1197,1,9,VOLKSWAGEN POLO,9,E01031151,0,1
2024201470892,2024,201470892,1,9,0,-1,19,3,7,-1,0,8,0,0,0,0,1,1,-1,6,2,19,4,1198,1,20,VOLKSWAGEN POLO,10,E01010199,0,1
2024131449387,2024,131449387,2,9,0,-1,7,1,5,-1,0,8,0,0,0,0,3,1,-1,1,2,47,8,999,1,4,VOLKSWAGEN POLO,1,E01007365,0,4
2024421427239,2024,421427239,2,9,0,-1,2,0,0,-1,0,1,0,0,0,0,3,1,-1,6,3,-1,-1,1197,1,8,VOLKSWAGEN POLO,-1,-1,0,-1
2024201492591,2024,201492591,2,9,0,-1,3,5,1,-1,0,0,0,0,0,0,2,9,-1,9,2,61,9,1197,1,11,VOLKSWAGEN POLO,3,E01009106,0,1
2024041483306,2024,041483306,1,9,0,-1,19,7,3,-1,0,0,0,0,0,0,1,1,-1,2,2,23,5,1198,1,14,VOLKSWAGEN POLO,3,E01012587,0,3
2024451493797,2024,451493797,1,9,0,-1,19,3,7,-1,0,0,1,0,1,0,1,1,-1,6,2,30,6,1400,1,18,VOLKSWAGEN POLO,8,E01030877,0,1
2024430395330,2024,430395330,2,9,0,4,4,7,3,0,0,1,0,0,0,0,2,1,2,2,1,-1,-1,1190,1,13,VOLKSWAGEN POLO,-1,-1,0,-1
2024010523244,2024,010523244,1,9,0,6,6,5,5,0,0,2,0,0,0,0,3,1,6,6,2,34,6,1198,1,14,VOLKSWAGEN POLO,-1,-1,0,-1
2024440502054,2024,440502054,2,9,0,18,19,1,5,0,0,1,0,0,0,0,1,1,2,2,1,68,10,1400,1,17,VOLKSWAGEN POLO,10,E01022664,0,4
2024991434104,2024,991434104,1,9,0,-1,19,3,7,-1,0,8,0,0,0,0,3,1,-1,9,1,74,10,999,1,5,VOLKSWAGEN POLO,10,-1,0,1
2024161497245,2024,161497245,1,9,0,-1,19,1,5,-1,0,0,5,0,0,0,1,1,-1,9,1,18,4,1896,2,20,VOLKSWAGEN POLO,8,E01013248,0,3
2024552401476,2024,552401476,2,9,0,18,19,1,5,0,0,8,0,0,0,0,3,1,6,6,2,17,4,1198,1,21,VOLKSWAGEN POLO,10,E01015315,0,1
2024010525268,2024,010525268,1,9,0,99,99,9,9,99,99,9,9,99,9,99,9,9,6,6,2,50,8,999,1,1,VOLKSWAGEN POLO,2,E01028576,0,4
2024052401594,2024,052401594,1,9,0,18,19,7,3,0,0,0,0,4,0,0,1,1,6,6,1,79,11,999,1,0,VOLKSWAGEN POLO,1,E01006444,0,1
2024201493917,2024,201493917,2,9,0,-1,15,3,7,-1,0,0,0,0,0,0,3,1,-1,9,2,20,4,999,1,0,VOLKSWAGEN POLO,-1,-1,0,-1
2024010507457,2024,010507457,1,9,0,18,19,7,3,0,0,8,0,7,0,0,3,1,6,6,2,49,8,1390,1,16,VOLKSWAGEN POLO,9,E01000293,0,1
2024061421442,2024,061421442,1,9,0,-1,9,3,8,-1,0,8,0,0,0,0,1,1,-1,9,2,25,5,999,1,4,VOLKSWAGEN POLO,-1,-1,0,-1
2024332401175,2024,332401175,3,9,0,-1,2,0,0,-1,-1,1,0,0,0,0,1,1,-1,6,1,30,6,999,1,0,VOLKSWAGEN POLO,6,E01025756,0,2
2024991494097,2024,991494097,1,9,0,-1,19,3,7,-1,0,0,0,0,0,0,1,1,-1,9,1,33,6,1198,1,14,VOLKSWAGEN POLO,10,-1,0,1
2024101485239,2024,101485239,2,9,0,-1,19,3,7,-1,0,0,1,0,0,0,1,1,-1,9,1,29,6,1198,1,13,VOLKSWAGEN POLO,9,E01033717,0,1
2024411490627,2024,411490627,2,9,0,-1,19,5,1,-1,0,8,0,0,0,0,4,1,-1,6,1,39,7,1400,1,18,VOLKSWAGEN POLO,3,E01004350,0,2
2024010524689,2024,010524689,1,3,0,7,7,1,3,0,0,5,2,0,0,0,1,1,6,6,1,33,6,125,1,4,MAKE AND MODEL REDACTED,2,E01001849,0,1
2024201475761,2024,201475761,2,3,0,-1,3,6,2,-1,0,0,0,0,0,0,2,1,-1,1,1,19,4,98,1,22,MAKE AND MODEL REDACTED,1,E01008998,0,2
2024052401640,2024,052401640,2,2,0,18,19,5,1,0,0,1,0,0,0,0,4,1,6,6,1,18,4,101,1,22,MAKE AND MODEL REDACTED,2,E01007219,0,1
2024501458119,2024,501458119,2,2,0,-1,19,2,6,-1,0,0,5,0,0,0,1,1,-1,2,1,56,9,49,1,11,MAKE AND MODEL REDACTED,3,E01015094,0,1
2024501495787,2024,501495787,1,2,0,-1,19,3,7,-1,0,8,0,0,0,0,1,1,-1,6,1,16,4,49,1,11,MAKE AND MODEL REDACTED,6,E01015065,0,1
2024211483768,2024,211483768,1,2,0,-1,9,8,6,-1,0,0,5,0,3,10,1,1,-1,6,1,29,6,49,1,22,MAKE AND MODEL REDACTED,2,E01014274,0,1
2024320127615,2024,320127615,1,2,0,9,9,7,6,0,0,6,0,0,0,0,3,1,-1,-1,1,16,4,49,1,14,MAKE AND MODEL REDACTED,3,E01026075,0,1
2024201460759,2024,201460759,2,2,0,-1,19,5,1,-1,0,8,0,0,0,0,1,1,-1,2,1,17,4,49,1,10,MAKE AND MODEL REDACTED,3,E01010099,0,1
2024070683193,2024,070683193,1,23,0,-1,-1,7,3,9,9,2,2,0,1,0,1,1,6,6,1,26,6,-1,3,3,MAKE AND MODEL REDACTED,4,E01005877,0,4
2024471488474,2024,471488474,2,9,0,-1,15,7,3,-1,0,0,0,0,0,0,0,9,-1,6,1,57,9,6750,1,19,MAKE AND MODEL REDACTED,-1,-1,0,-1
2024010551630,2024,010551630,3,5,0,18,19,1,5,0,0,2,0,0,0,0,0,1,1,1,1,39,7,853,1,5,BMW F 750,4,E01034156,0,2
2024010503485,2024,010503485,1,5,0,18,19,5,1,0,0,1,1,0,0,0,4,1,1,1,1,24,5,853,1,1,BMW F 750,-1,-1,0,-1
2024440075075,2024,440075075,2,5,0,14,14,4,8,0,0,0,0,0,0,0,1,1,2,2,2,53,8,853,1,1,BMW F 750,6,E01020398,0,4
2024401540813,2024,401540813,1,5,0,-1,19,2,6,-1,0,0,1,12,0,0,1,1,-1,2,1,49,8,853,1,5,BMW F 750,4,E01015776,0,1
2024010511004,2024,010511004,2,5,0,18,19,7,3,0,0,8,1,0,3,0,4,1,6,6,1,35,6,853,1,3,BMW F 750,3,E01002133,0,1
2024010521476,2024,010521476,2,5,0,4,4,3,7,0,0,0,0,12,0,0,1,1,6,6,1,35,6,853,1,3,BMW F 750,3,E01001830,0,1
2024411510910,2024,411510910,2,5,0,-1,19,3,7,-1,0,0,0,0,0,0,2,1,-1,1,2,-1,-1,853,1,2,BMW F 750,4,E01000472,0,4
2024010502583,2024,010502583,2,5,0,18,19,1,5,0,0,8,2,0,0,0,3,1,1,1,1,48,8,853,1,3,BMW F 750,4,E01000472,0,1
2024010521476,2024,010521476,1,5,0,4,4,3,7,0,0,0,0,0,0,0,2,1,6,6,1,31,6,853,1,4,BMW F 750,3,E01001830,0,1
2024010514047,2024,010514047,2,5,0,18,19,6,2,0,0,1,2,0,8,10,4,1,6,6,1,26,6,853,1,2,BMW F 750,2,E01004068,0,1
2024010505629,2024,010505629,1,5,0,3,3,7,3,0,0,1,0,0,0,0,1,1,1,1,1,45,7,853,1,5,BMW F 750,3,E01003221,0,2
2024010512391,2024,010512391,2,5,0,18,19,5,1,0,0,1,0,0,0,0,0,1,1,1,1,49,8,853,1,4,BMW F 750,4,E01000472,0,1
2024231486438,2024,231486438,2,5,0,-1,13,5,1,-1,0,0,1,0,7,0,1,1,-1,9,1,56,9,853,1,3,BMW F 750,5,E01010211,0,3
2024991410845,2024,991410845,2,5,0,-1,3,6,2,-1,0,4,5,0,0,0,2,1,-1,9,1,60,9,853,1,6,BMW F 750,9,-1,0,4
2024010546000,2024,010546000,4,9,0,3,3,3,7,0,0,8,0,0,0,0,2,1,6,6,1,57,9,-1,3,0,MAKE AND MODEL REDACTED,4,E01033941,0,3
2024320746097,2024,320746097,2,9,0,3,3,5,1,0,0,1,0,0,0,0,2,1,-1,-1,2,38,7,1560,2,11,CITROEN DS4,-1,-1,0,-1
2024351475043,2024,351475043,1,9,-1,-1,-1,-1,-1,-1,-1,-1,-1,-1,-1,0,-1,9,-1,6,2,55,8,1560,2,11,CITROEN DS4,2,E01018063,0,1
2024351524707,2024,351524707,3,9,0,-1,19,1,5,-1,0,0,0,0,0,0,2,1,-1,6,1,43,7,1997,2,12,CITROEN DS4,4,E01026660,0,4
2024111407752,2024,111407752,2,9,0,-1,19,5,1,-1,0,8,0,0,0,0,1,1,-1,9,2,29,6,1598,1,10,CITROEN DS4,4,E01012319,0,4
2024351485345,2024,351485345,1,9,0,-1,19,-1,-1,-1,0,0,0,0,0,0,1,9,-1,2,1,28,6,1997,2,11,CITROEN DS4,6,E01034442,0,1
2024411462080,2024,411462080,2,9,-1,-1,-1,-1,-1,-1,-1,0,-1,-1,-1,0,2,9,-1,7,2,37,7,1997,2,10,CITROEN DS4,5,E01023384,0,1
2024061449393,2024,061449393,1,9,0,-1,19,1,6,-1,0,2,0,0,0,0,1,1,-1,9,1,66,10,1560,2,10,CITROEN DS4,6,E01004963,0,1
2024010509810,2024,010509810,2,9,0,99,99,9,9,99,99,9,9,99,9,99,9,9,6,6,3,-1,-1,1598,1,10,CITROEN DS4,-1,-1,0,-1
2024131474560,2024,131474560,1,9,0,-1,19,2,6,-1,0,0,0,0,0,0,3,1,-1,2,1,37,7,1560,2,9,CITROEN DS4,1,E01010821,0,2
2024311525768,2024,311525768,2,9,0,-1,3,1,5,-1,0,0,0,0,0,0,2,1,-1,2,1,27,6,1598,1,11,CITROEN DS4,1,E01013909,0,1
2024501499423,2024,501499423,2,9,-1,-1,2,0,0,-1,-1,0,-1,-1,-1,0,2,9,-1,6,2,-1,-1,1560,2,11,CITROEN DS4,4,E01020116,0,1
2024501499259,2024,501499259,2,9,0,-1,19,3,7,-1,0,0,0,0,0,0,1,1,-1,9,1,69,10,1997,2,11,CITROEN DS4,4,E01018951,0,3
2024131439303,2024,131439303,1,9,0,-1,19,5,1,-1,0,0,5,10,7,1,3,1,-1,9,1,21,5,1560,2,9,CITROEN DS4,2,E01011137,0,3
2024440271730,2024,440271730,1,9,0,1,1,7,3,0,0,6,0,0,0,0,2,1,6,6,2,42,7,1560,2,11,CITROEN DS4,7,E01022946,0,4
2024461469613,2024,461469613,1,9,0,-1,19,-1,-1,-1,0,1,0,0,0,0,1,9,-1,6,2,-1,-1,1997,2,10,CITROEN DS4,7,E01016119,0,2
2024211407833,2024,211407833,1,9,0,-1,19,4,8,-1,0,8,0,0,0,0,1,9,-1,6,1,53,8,1560,2,12,CITROEN DS4,9,E01029508,0,1
2024371487839,2024,371487839,1,9,0,-1,5,6,2,-1,0,0,0,9,3,0,1,1,-1,2,1,28,6,1560,2,10,CITROEN DS4,8,E01033047,0,4
2024311497904,2024,311497904,2,9,0,-1,19,5,1,-1,0,8,0,0,0,0,1,1,-1,9,1,34,6,1560,2,11,CITROEN DS4,10,E01035105,0,4
2024231429937,2024,231429937,2,9,0,-1,7,6,2,-1,0,3,1,0,0,0,3,9,-1,9,2,18,4,1200,1,9,CITROEN DS4,8,E01025861,0,3
2024471441975,2024,471441975,1,9,0,-1,19,5,8,-1,0,1,0,0,0,0,1,1,-1,9,1,34,6,1560,2,10,CITROEN DS4,1,E01021136,0,2
2024411414579,2024,411414579,1,9,0,-1,19,8,4,-1,0,0,0,0,0,0,1,1,-1,2,2,54,8,1997,2,10,CITROEN DS4,4,E01023955,0,1
2024501505219,2024,501505219,2,9,0,-1,2,0,0,-1,0,0,0,0,0,0,1,1,-1,6,3,-1,-1,1560,2,10,CITROEN DS4,-1,-1,0,-1
2024340NN0302,2024,340NN0302,1,9,0,-1,9,6,2,-1,0,5,0,0,0,0,1,1,-1,6,1,47,8,1997,2,11,CITROEN DS4,7,E01027338,0,1
2024501466654,2024,501466654,1,9,0,-1,19,1,5,-1,0,0,0,0,0,0,1,1,-1,9,1,27,6,1560,2,11,CITROEN DS4,6,E01018750,0,4
2024351503956,2024,351503956,2,9,0,-1,4,5,1,-1,0,0,0,0,0,0,2,1,-1,6,1,32,6,1560,2,11,CITROEN DS4,8,E01013805,0,4
2024461422237,2024,461422237,3,9,0,-1,2,0,0,-1,0,1,0,0,0,0,1,1,-1,6,1,45,7,1997,2,13,CITROEN DS4,3,E01024497,0,1
2024131399991,2024,131399991,1,9,0,-1,19,3,7,-1,0,1,0,0,0,0,1,1,-1,6,1,54,8,1560,2,11,CITROEN DS4,1,E01011338,0,1
2024052500025,2024,052500025,1,9,0,18,19,8,4,0,0,0,0,0,0,0,1,1,6,6,2,39,7,1560,2,9,CITROEN DS4,1,E01018551,0,3
2024332401126,2024,332401126,1,9,0,-1,19,8,4,-1,0,0,0,0,0,0,1,1,-1,6,1,21,5,1560,2,12,CITROEN DS4,2,E01013667,0,1
2024311411386,2024,311411386,2,9,0,-1,2,0,0,-1,0,0,0,0,1,0,1,1,-1,6,-1,-1,-1,1560,2,10,CITROEN DS4,-1,-1,0,-1
2024010524694,2024,010524694,1,9,0,14,14,5,1,0,0,0,0,0,0,0,1,1,6,6,3,-1,-1,1997,2,10,CITROEN DS4,-1,-1,0,-1
2024161434272,2024,161434272,1,9,0,-1,19,2,6,-1,0,0,0,0,8,0,1,1,-1,9,1,70,10,1560,2,12,CITROEN DS4,3,E01034752,0,1
2024371432827,2024,371432827,2,9,0,-1,4,3,7,-1,0,0,0,0,0,0,2,1,-1,9,1,33,6,1997,2,13,CITROEN DS4,-1,-1,0,-1
2024440289523,2024,440289523,1,9,0,18,19,4,8,0,0,0,2,0,0,0,4,1,2,2,1,45,7,1560,2,9,CITROEN DS4,10,E01022989,0,4
2024211501251,2024,211501251,1,9,-1,-1,-1,-1,-1,-1,-1,-1,-1,-1,-1,0,-1,9,-1,2,1,38,7,1560,2,13,CITROEN DS4,9,E01029465,0,1
2024061447278,2024,061447278,1,9,0,-1,19,3,7,-1,0,0,0,0,0,0,3,1,-1,9,2,56,9,1560,2,11,CITROEN DS4,3,E01025213,0,4
2024991505931,2024,991505931,2,9,0,-1,7,5,1,-1,0,0,0,0,7,0,3,1,-1,9,1,74,10,1461,2,5,DACIA LOGAN,5,-1,0,4
2024311522391,2024,311522391,1,9,0,-1,19,5,1,-1,0,8,0,0,0,0,1,1,-1,9,1,59,9,898,1,6,DACIA LOGAN,-1,-1,0,-1
2024421483684,2024,421483684,3,9,0,-1,4,5,1,-1,0,0,0,0,0,0,2,1,-1,9,2,39,7,1149,1,9,DACIA LOGAN,4,E01004426,0,3
2024440099780,2024,440099780,3,9,0,4,4,3,7,0,0,0,0,0,0,0,2,1,6,6,1,33,6,898,1,10,DACIA LOGAN,9,E01022859,0,2
2024421511099,2024,421511099,2,9,0,-1,2,7,3,-1,0,0,0,0,2,0,2,1,-1,1,1,54,8,898,1,10,DACIA LOGAN,6,E01021525,0,2
2024440539299,2024,440539299,2,9,0,18,19,5,8,0,0,1,0,0,0,0,1,1,6,6,1,-1,-1,898,1,5,DACIA LOGAN,-1,-1,0,-1
2024501501728,2024,501501728,1,9,0,-1,19,6,2,-1,0,0,0,0,1,0,3,1,-1,9,1,86,11,1461,2,9,DACIA LOGAN,5,E01018940,0,2
2024501468645,2024,501468645,2,9,0,-1,19,5,1,-1,0,0,0,0,0,0,2,9,-1,6,1,36,7,1461,2,6,DACIA LOGAN,3,E01015245,0,2
2024052401198,2024,052401198,1,9,0,18,19,7,3,0,0,0,0,0,0,0,4,1,6,6,1,31,6,898,1,7,DACIA LOGAN,1,E01007239,0,1
2024061473613,2024,061473613,1,9,0,-1,4,3,7,-1,0,2,0,0,0,0,2,1,-1,1,1,32,6,1461,2,8,DACIA LOGAN,2,E01005145,0,1
2024231441210,2024,231441210,1,9,0,-1,19,2,6,-1,0,8,0,0,0,0,4,1,-1,2,1,37,7,898,1,6,DACIA LOGAN,9,E01031329,0,2
2024411452831,2024,411452831,3,9,0,-1,4,8,4,-1,0,4,0,0,0,0,1,1,-1,6,2,48,8,1461,2,7,DACIA LOGAN,9,E01023946,0,1
2024351472368,2024,351472368,2,9,0,-1,19,4,8,-1,0,0,0,0,2,0,1,1,-1,6,2,52,8,898,1,6,DACIA LOGAN,5,E01018062,0,3
2024201406167,2024,201406167,1,8,0,-1,19,1,2,-1,0,0,0,0,0,0,1,9,-1,1,1,62,9,1461,2,7,DACIA LOGAN,3,E01009967,0,1
2024991438961,2024,991438961,1,9,0,-1,9,7,5,-1,0,8,0,0,7,0,1,1,-1,1,1,33,6,898,1,6,DACIA LOGAN,2,-1,0,1
2024311472216,2024,311472216,2,9,0,-1,19,5,1,-1,0,0,0,0,0,0,1,1,-1,2,1,61,9,898,1,4,DACIA LOGAN,-1,-1,0,-1
2024340NN1772,2024,340NN1772,3,9,0,-1,19,2,6,-1,0,1,0,0,0,0,1,1,-1,9,1,32,6,998,1,5,DACIA LOGAN,10,E01026294,0,4
2024221486195,2024,221486195,1,8,0,-1,2,0,0,-1,0,0,0,0,0,0,3,9,-1,6,1,58,9,1461,2,8,DACIA LOGAN,3,E01014073,0,1
2024461469123,2024,461469123,2,9,0,-1,8,3,7,-1,0,0,0,0,0,0,2,9,-1,6,2,29,6,1461,2,10,DACIA LOGAN,1,E01024496,0,2
2024111406821,2024,111406821,2,9,0,-1,2,7,3,-1,0,8,0,0,0,0,2,1,-1,6,1,54,8,1461,2,8,DACIA LOGAN,1,E01035187,0,1
2024041418937,2024,041418937,2,9,0,-1,19,1,5,-1,0,0,0,0,0,0,2,1,-1,1,2,60,9,1461,2,10,DACIA LOGAN,3,E01025138,0,1
2024471419602,2024,471419602,2,8,0,-1,4,2,1,-1,0,1,0,0,0,0,1,9,-1,1,1,50,8,1461,2,8,DACIA LOGAN,3,E01016881,0,1
2024221396841,2024,221396841,2,9,0,-1,14,8,4,-1,0,0,0,0,0,0,1,1,-1,2,1,40,7,1461,2,10,DACIA LOGAN,8,E01013988,0,1
2024141468914,2024,141468914,1,9,0,-1,3,8,4,-1,0,1,0,7,0,0,3,1,-1,6,3,35,6,1461,2,9,DACIA LOGAN,-1,-1,0,-1
2024031401142,2024,031401142,1,8,0,-1,19,1,5,-1,0,0,0,0,0,0,1,1,-1,1,1,52,8,1461,2,11,DACIA LOGAN,-1,-1,0,-1
2024461399878,2024,461399878,2,8,0,-1,19,5,1,-1,0,0,0,0,0,0,3,9,-1,6,1,65,9,1461,2,5,DACIA LOGAN,4,E01035315,0,3