collision_index,collision_year,collision_ref_no,vehicle_reference,vehicle_type,towing_and_articulation,vehicle_manoeuvre_historic,vehicle_manoeuvre,vehicle_direction_from,vehicle_direction_to,vehicle_location_restricted_lane_historic,vehicle_location_restricted_lane,junction_location,skidding_and_overturning,hit_object_in_carriageway,vehicle_leaving_carriageway,hit_object_off_carriageway,first_point_of_impact,vehicle_left_hand_drive,journey_purpose_of_driver_historic,journey_purpose_of_driver,sex_of_driver,age_of_driver,age_band_of_driver,engine_capacity_cc,propulsion_code,age_of_vehicle,generic_make_model,driver_imd_decile,lsoa_of_driver,escooter_flag,driver_distance_banding
2024991474278,2024,991474278,2,5,0,-1,19,6,1,-1,0,1,5,0,0,0,1,1,-1,9,1,26,6,1043,1,7,KAWASAKI ZX,7,-1,0,2
2024010540846,2024,010540846,2,5,0,18,19,1,5,0,0,2,0,0,0,0,1,1,6,6,1,49,8,1441,1,9,KAWASAKI ZX,3,E01023865,0,4
2024471497276,2024,471497276,2,5,0,-1,14,1,5,-1,0,1,0,0,0,0,1,1,-1,9,1,38,7,899,1,25,KAWASAKI ZX,1,E01016904,0,1
2024211500018,2024,211500018,1,5,0,-1,19,2,6,-1,0,2,0,0,0,0,1,1,-1,9,1,36,7,899,1,23,KAWASAKI ZX,7,E01029781,0,1
2024141455760,2024,141455760,2,5,0,-1,19,7,3,-1,0,8,0,0,0,0,1,1,-1,6,1,70,10,1043,1,8,KAWASAKI ZX,4,E01011208,0,4
2024122400954,2024,122400954,1,5,0,13,13,7,3,0,0,1,0,0,3,0,1,1,6,6,1,63,9,1441,1,11,KAWASAKI ZX,5,E01012054,0,4
2024520402969,2024,520402969,1,5,0,15,15,7,3,0,0,0,0,0,0,0,1,1,2,2,1,42,7,1043,1,7,KAWASAKI ZX,8,E01035119,0,1
2024131469890,2024,131469890,2,5,0,-1,19,6,6,-1,0,1,0,0,7,0,3,1,-1,6,1,37,7,998,1,5,KAWASAKI ZX,4,E01007434,0,1
2024052402873,2024,052402873,1,5,0,18,19,1,5,0,0,4,1,0,3,1,1,1,6,6,1,33,6,749,1,25,KAWASAKI ZX,1,E01012367,0,4
2024411487677,2024,411487677,1,5,0,-1,19,6,2,-1,0,4,0,0,0,0,3,1,-1,6,1,38,7,998,1,7,KAWASAKI ZX,8,E01023880,0,2
2024440007326,2024,440007326,1,5,0,15,15,5,1,0,0,1,0,0,8,10,1,1,6,6,1,37,7,1000,1,19,KAWASAKI ZX,7,E01023131,0,1
2024552400413,2024,552400413,1,5,0,18,19,2,6,0,0,0,0,0,0,0,0,1,2,2,1,35,6,1043,1,7,KAWASAKI ZX,3,E01020574,0,3
2024061469020,2024,061469020,2,5,0,-1,19,5,1,-1,0,8,0,0,0,0,1,1,-1,6,1,35,6,636,1,19,KAWASAKI ZX,-1,-1,0,-1
2024440192977,2024,440192977,1,5,0,18,19,8,4,0,0,1,1,0,0,0,1,1,6,6,1,52,8,1043,1,7,KAWASAKI ZX,4,E01017172,0,2
2024122400625,2024,122400625,1,5,0,18,19,1,5,0,0,8,1,0,7,11,1,1,6,6,1,30,6,998,1,14,KAWASAKI ZX,8,E01034963,0,1
2024332400530,2024,332400530,1,5,0,-1,19,6,1,-1,0,0,1,0,1,0,3,1,-1,1,1,60,9,599,1,20,KAWASAKI ZX,7,E01025895,0,1
2024351455556,2024,351455556,1,5,-1,-1,-1,-1,-1,-1,-1,-1,-1,-1,-1,0,4,1,-1,2,1,47,8,998,1,18,KAWASAKI ZX,5,E01018207,0,1
2024421485013,2024,421485013,2,5,0,-1,19,3,7,-1,0,0,2,0,0,0,1,1,-1,6,1,61,9,1352,1,17,KAWASAKI ZX,7,E01022058,0,2
2024201418858,2024,201418858,2,5,0,-1,19,5,1,-1,0,8,1,0,0,0,4,1,-1,9,1,36,7,998,1,6,KAWASAKI ZX,1,E01009128,0,1
2024320398368,2024,320398368,1,5,0,-1,-1,6,2,0,0,1,5,0,0,0,2,1,-1,-1,1,23,5,636,1,22,KAWASAKI ZX,6,E01034562,0,4
2024371467759,2024,371467759,1,5,0,-1,12,5,1,-1,0,0,0,11,1,9,4,1,-1,9,1,49,8,998,1,11,KAWASAKI ZX,1,E01030018,0,2
2024131458220,2024,131458220,1,5,0,-1,19,3,7,-1,0,0,2,0,0,0,4,1,-1,2,1,49,8,1043,1,6,KAWASAKI ZX,7,E01013346,0,4
2024332400342,2024,332400342,1,5,0,-1,19,2,5,-1,0,0,0,0,0,0,1,1,-1,6,1,28,6,599,1,15,KAWASAKI ZX,9,E01025998,0,3
2024141444881,2024,141444881,1,5,0,-1,19,8,5,-1,0,8,0,0,0,0,1,1,-1,9,1,29,6,998,1,17,KAWASAKI ZX,6,E01028050,0,4
2024201470308,2024,201470308,2,4,0,-1,19,8,4,-1,0,0,0,0,0,0,2,1,-1,6,1,34,6,599,1,25,KAWASAKI ZX,1,E01009141,0,1
2024052401244,2024,052401244,2,5,0,13,13,5,1,0,0,0,1,0,0,0,0,1,6,6,1,42,7,599,1,24,KAWASAKI ZX,4,E01006641,0,4
2024991491572,2024,991491572,2,5,0,-1,19,2,6,-1,0,1,0,0,0,0,1,1,-1,9,1,54,8,599,1,16,KAWASAKI ZX,4,-1,0,1
2024461451055,2024,461451055,1,5,0,-1,19,7,3,-1,0,0,1,0,1,1,1,1,-1,9,1,26,6,899,1,25,KAWASAKI ZX,3,E01024119,0,1
2024991467571,2024,991467571,1,5,0,-1,19,3,3,-1,0,0,2,0,2,10,4,1,-1,9,1,31,6,899,1,24,KAWASAKI ZX,2,-1,0,4
2024221488456,2024,221488456,2,5,0,-1,13,8,4,-1,0,0,0,0,0,0,2,1,-1,1,2,40,7,1441,1,6,KAWASAKI ZX,4,E01032275,0,4
2024546628424,2024,546628424,2,5,0,3,3,7,3,0,0,0,0,0,0,0,1,1,1,1,1,43,7,1043,1,12,KAWASAKI ZX,9,E01031946,0,3
2024520402713,2024,520402713,2,5,0,18,19,3,7,0,0,8,0,0,0,0,1,1,6,6,1,34,6,636,1,18,KAWASAKI ZX,5,E01029229,0,4
2024010538330,2024,010538330,2,3,0,99,99,9,9,99,99,9,9,99,9,99,1,1,6,6,1,27,6,636,1,10,KAWASAKI ZX,10,E01023948,0,3
2024430075185,2024,430075185,1,5,0,18,19,5,1,0,0,8,0,0,0,0,1,1,6,6,1,20,4,899,1,21,KAWASAKI ZX,-1,-1,0,-1
2024411482615,2024,411482615,2,5,0,-1,4,3,7,-1,0,0,0,0,0,0,2,1,-1,6,1,68,10,899,1,24,KAWASAKI ZX,3,E01023957,0,3
2024311405813,2024,311405813,2,5,0,-1,19,4,2,-1,0,4,0,0,0,0,0,1,-1,6,1,28,6,599,1,20,KAWASAKI ZX,7,E01027473,0,5
2024991485100,2024,991485100,1,5,0,-1,19,8,4,-1,0,1,0,0,0,0,1,1,-1,9,1,66,10,1043,1,13,KAWASAKI ZX,6,-1,0,4
2024131442051,2024,131442051,2,5,0,-1,11,5,7,-1,0,8,0,9,1,11,4,1,-1,2,1,25,5,899,1,22,KAWASAKI ZX,9,E01013016,0,4
2024122400472,2024,122400472,1,5,0,6,6,7,7,0,0,1,0,0,0,0,3,1,6,6,1,48,8,998,1,6,KAWASAKI ZX,1,E01012250,0,4
2024421465471,2024,421465471,1,5,0,-1,19,5,1,-1,0,0,0,0,0,0,3,1,-1,2,1,51,8,1043,1,6,KAWASAKI ZX,7,E01021856,0,1
2024440075432,2024,440075432,1,5,0,4,4,8,4,0,0,0,1,0,2,2,1,1,2,2,1,42,7,998,1,10,KAWASAKI ZX,10,E01022646,0,3
2024351516800,2024,351516800,2,4,0,-1,13,5,1,-1,0,0,1,0,0,0,1,1,-1,6,2,51,8,636,1,21,KAWASAKI ZX,4,E01026280,0,3
2024401450211,2024,401450211,1,5,0,-1,19,2,6,-1,0,8,0,0,0,0,4,1,-1,6,1,28,6,599,1,26,KAWASAKI ZX,3,E01017605,0,4
2024543906724,2024,543906724,1,4,0,13,13,2,6,0,0,1,0,0,0,0,1,1,6,6,1,40,7,599,1,15,KAWASAKI ZX,1,E01015573,0,1
2024010540170,2024,010540170,1,5,0,10,10,1,6,0,0,2,0,0,0,0,2,1,6,6,1,41,7,998,1,9,KAWASAKI ZX,-1,-1,0,-1
2024131458768,2024,131458768,1,5,0,-1,11,7,3,-1,0,0,1,0,0,0,4,1,-1,2,1,65,9,1199,1,18,KAWASAKI ZX,6,E01011053,0,1
2024991444081,2024,991444081,1,5,0,-1,19,6,2,-1,0,0,0,0,1,0,1,1,-1,9,1,34,6,1043,1,6,KAWASAKI ZX,-1,-1,0,-1
2024461487216,2024,461487216,1,5,0,-1,19,3,7,-1,0,0,1,0,0,0,1,1,-1,2,1,35,6,636,1,9,KAWASAKI ZX,9,E01001605,0,3
202454A984924,2024,54A984924,1,5,0,18,19,8,4,0,0,4,2,9,1,0,1,1,6,6,1,25,5,599,1,15,KAWASAKI ZX,-1,-1,0,-1
2024501499709,2024,501499709,1,5,0,-1,19,8,6,-1,0,1,0,0,0,0,1,1,-1,6,1,21,5,599,1,24,KAWASAKI ZX,4,E01015077,0,1
2024520402408,2024,520402408,1,3,0,18,19,3,7,0,0,8,0,0,0,0,1,1,6,6,1,22,5,599,1,26,KAWASAKI ZX,4,E01014448,0,2
202454A375724,2024,54A375724,2,5,0,9,9,2,8,0,0,8,0,0,0,0,2,1,2,2,1,44,7,1043,1,11,KAWASAKI ZX,8,E01034530,0,2
2024501455497,2024,501455497,1,5,0,-1,19,5,1,-1,0,8,5,0,0,0,1,1,-1,9,1,24,5,998,1,13,KAWASAKI ZX,3,E01034171,0,2
2024070471878,2024,070471878,1,5,0,18,19,3,8,0,0,8,1,0,0,0,3,1,6,6,1,34,6,1441,1,8,KAWASAKI ZX,3,E01012507,0,1
2024440445446,2024,440445446,1,5,0,18,19,7,3,0,0,0,0,0,0,0,0,1,6,6,1,23,5,599,1,22,KAWASAKI ZX,2,E01022965,0,2
2024221491678,2024,221491678,2,5,0,-1,13,8,4,-1,0,8,0,0,0,0,1,1,-1,9,1,41,7,998,1,13,KAWASAKI ZX,-1,-1,0,-1
2024201452859,2024,201452859,2,5,0,-1,19,4,8,-1,0,1,0,0,0,0,1,1,-1,6,1,27,6,599,1,14,KAWASAKI ZX,1,E01034949,0,1
2024201533225,2024,201533225,2,3,0,-1,19,1,1,-1,0,8,0,0,0,0,4,1,-1,9,1,64,9,1199,1,24,KAWASAKI ZX,2,E01009741,0,1
2024440402700,2024,440402700,2,5,0,18,19,7,3,0,0,8,0,0,0,0,1,1,6,6,1,48,8,899,1,26,KAWASAKI ZX,4,E01022657,0,1
2024991453518,2024,991453518,1,5,0,-1,19,5,1,-1,0,0,1,0,7,0,1,1,-1,9,1,28,6,636,1,18,KAWASAKI ZX,-1,-1,0,-1
2024411434411,2024,411434411,1,5,0,-1,4,8,4,-1,0,1,1,0,0,0,3,1,-1,6,1,26,6,599,1,13,KAWASAKI ZX,5,E01023324,0,1
2024211527328,2024,211527328,1,5,0,-1,19,5,1,-1,0,1,0,0,0,0,0,1,-1,9,1,31,6,998,1,14,KAWASAKI ZX,-1,-1,0,-1
2024622400700,2024,622400700,1,5,0,18,19,4,8,0,0,0,0,10,1,1,4,1,6,6,1,50,8,599,1,28,KAWASAKI ZX,3,W01000739,0,3
2024371516826,2024,371516826,1,5,0,-1,19,1,5,-1,0,0,0,0,1,0,4,1,-1,9,1,21,5,592,1,33,KAWASAKI ZX,7,E01033454,0,1
2024440540035,2024,440540035,1,5,0,18,19,5,1,0,0,4,0,0,0,0,3,1,2,2,1,54,8,1043,1,12,KAWASAKI ZX,4,E01023204,0,4
2024070975677,2024,070975677,1,5,0,-1,4,5,5,-1,0,1,1,0,0,0,1,1,-1,2,1,40,7,599,1,17,KAWASAKI ZX,2,E01006842,0,3
2024010519000,2024,010519000,1,5,0,18,19,1,5,0,0,0,2,0,0,0,1,1,2,2,1,56,9,899,1,27,KAWASAKI ZX,3,E01000315,0,1
2024070635068,2024,070635068,2,5,0,18,19,3,7,0,0,0,0,0,1,0,1,1,6,6,1,24,5,600,1,17,KAWASAKI ZX,10,E01018339,0,3
2024122500433,2024,122500433,2,5,0,18,19,7,3,0,0,1,0,0,0,0,1,1,6,6,1,55,8,899,1,22,KAWASAKI ZX,4,E01027803,0,1
2024471462287,2024,471462287,1,5,0,-1,19,1,1,-1,0,0,5,0,0,0,0,1,-1,6,1,32,6,998,1,14,KAWASAKI ZX,5,E01021117,0,1
2024070471796,2024,070471796,1,5,0,18,19,7,3,0,0,1,0,0,5,6,3,1,6,6,1,58,9,998,1,15,KAWASAKI ZX,6,E01018472,0,2
2024361472982,2024,361472982,1,5,0,-1,10,2,4,-1,0,2,0,0,0,0,2,1,-1,9,-1,73,10,1441,1,8,KAWASAKI ZX,8,E01027273,0,5
2024371513291,2024,371513291,2,5,0,-1,19,7,3,-1,0,8,0,0,0,0,1,1,-1,1,1,32,6,599,1,17,KAWASAKI ZX,5,E01029922,0,3
2024371538441,2024,371538441,1,3,0,-1,9,2,7,-1,0,8,0,0,0,0,3,1,-1,9,1,17,4,124,1,5,LEXMOTO ISCA 125,4,E01026474,0,2
2024311528953,2024,311528953,1,3,0,-1,19,3,7,-1,0,1,0,0,0,0,1,1,-1,6,1,17,4,124,1,4,LEXMOTO ISCA 125,4,E01028049,0,1
2024440155642,2024,440155642,1,3,0,18,19,6,2,0,0,0,1,0,0,0,3,1,6,6,1,17,4,124,1,4,LEXMOTO ISCA 125,2,E01017265,0,1
2024430504606,2024,430504606,2,3,0,18,19,8,4,0,0,0,0,0,0,0,2,1,6,6,1,16,4,124,1,0,LEXMOTO ISCA 125,6,E01016507,0,1
2024471399477,2024,471399477,1,3,0,-1,19,3,7,-1,0,0,0,0,0,0,1,1,-1,6,1,22,5,124,1,4,LEXMOTO ISCA 125,8,E01021029,0,3
2024061422638,2024,061422638,1,3,0,-1,19,7,3,-1,0,1,0,0,0,0,1,1,-1,2,2,18,4,124,1,2,LEXMOTO ISCA 125,-1,-1,0,-1
2024552401378,2024,552401378,2,3,0,18,19,8,4,4,4,8,0,0,1,0,1,1,6,6,1,20,4,124,1,0,LEXMOTO ISCA 125,4,E01034283,0,1
2024161482045,2024,161482045,1,3,0,-1,9,1,7,-1,0,6,5,0,0,0,1,1,-1,9,1,18,4,124,1,4,LEXMOTO ISCA 125,7,E01013100,0,1
2024991453885,2024,991453885,2,3,0,-1,19,3,7,-1,0,8,0,0,0,0,1,1,-1,9,1,18,4,124,1,4,LEXMOTO ISCA 125,-1,-1,0,-1
2024231559450,2024,231559450,2,3,0,-1,19,7,3,-1,0,1,0,0,0,0,3,1,-1,9,1,21,5,124,1,5,LEXMOTO ISCA 125,5,E01031309,0,1
2024201494685,2024,201494685,2,4,0,-1,19,3,7,-1,0,0,0,0,0,0,4,1,-1,2,1,19,4,124,1,1,LEXMOTO ISCA 125,6,E01010123,0,1
2024520402946,2024,520402946,1,3,0,18,19,7,3,0,0,0,0,0,1,1,1,1,6,6,1,33,6,124,1,1,LEXMOTO ISCA 125,7,E01029151,0,1
2024161462583,2024,161462583,2,3,0,-1,15,8,4,-1,0,0,0,0,0,0,3,1,-1,6,1,60,9,124,1,4,LEXMOTO ISCA 125,2,E01013130,0,1
2024421498057,2024,421498057,2,3,0,-1,19,2,6,-1,0,4,1,0,0,0,3,1,-1,9,1,33,6,124,1,1,LEXMOTO ISCA 125,7,E01021430,0,3
2024320678578,2024,320678578,2,3,0,-1,-1,1,5,0,0,8,5,0,1,0,1,1,6,6,1,19,4,124,1,5,LEXMOTO ISCA 125,4,E01026057,0,2
202460Q054116,2024,60Q054116,2,3,0,18,19,5,1,0,0,1,0,0,0,0,1,1,6,6,2,37,7,124,1,4,LEXMOTO ISCA 125,-1,-1,0,-1
2024231478851,2024,231478851,1,3,0,-1,19,5,1,-1,0,0,0,0,0,0,1,1,-1,2,1,22,5,124,1,1,LEXMOTO ISCA 125,5,E01031274,0,1
2024041420855,2024,041420855,1,3,0,-1,15,1,5,-1,0,1,5,0,0,0,1,1,-1,6,3,-1,-1,124,1,5,LEXMOTO ISCA 125,-1,-1,0,-1
2024010541435,2024,010541435,1,3,0,99,99,9,9,99,99,9,9,99,9,99,9,1,2,2,1,32,6,124,1,4,LEXMOTO ISCA 125,4,E01003447,0,3
2024461395423,2024,461395423,1,3,0,-1,19,7,3,-1,0,1,0,0,0,0,4,1,-1,9,2,18,4,124,1,4,LEXMOTO ISCA 125,8,E01024629,0,2
2024320543368,2024,320543368,1,4,0,-1,-1,3,7,0,0,2,1,0,0,0,1,1,-1,-1,1,26,6,124,1,4,LEXMOTO ISCA 125,6,E01026020,0,1
2024131459089,2024,131459089,2,3,0,-1,13,8,4,-1,0,1,1,0,0,0,4,1,-1,9,1,17,4,124,1,4,LEXMOTO ISCA 125,6,E01011012,0,1
2024451507454,2024,451507454,3,90,0,-1,19,7,2,-1,0,1,0,0,0,0,0,2,-1,1,1,26,6,-1,-1,-1,MAKE AND MODEL REDACTED,7,E01030879,0,1
2024531518294,2024,531518294,1,17,0,-1,2,1,5,-1,0,0,0,0,0,0,2,1,-1,6,-1,-1,-1,4400,2,13,MAKE AND MODEL REDACTED,-1,-1,0,-1
2024122400627,2024,122400627,1,9,0,17,19,2,6,0,0,0,5,12,1,11,4,1,6,6,1,32,6,2261,1,16,MAKE AND MODEL REDACTED,8,E01011066,0,4
2024070890948,2024,070890948,1,9,0,-1,19,1,5,-1,0,0,0,0,0,0,1,1,-1,6,1,17,4,2261,1,15,MAKE AND MODEL REDACTED,7,E01018670,0,1
2024071001058,2024,071001058,1,9,0,-1,19,7,3,-1,0,0,0,11,0,0,1,1,-1,6,1,36,7,1490,1,0,MG HS,4,W01000306,0,4
2024451425134,2024,451425134,1,9,0,-1,9,1,3,-1,0,0,0,0,0,0,1,1,-1,9,1,75,10,1490,8,2,MG HS,9,E01030526,0,1
2024471526898,2024,471526898,2,9,0,-1,12,8,4,-1,0,0,0,0,0,0,2,1,-1,9,1,53,8,1490,1,0,MG HS,10,E01016050,0,4
2024631435287,2024,631435287,1,9,0,-1,19,8,4,-1,0,0,0,0,1,11,1,1,-1,6,1,45,7,1490,1,2,MG HS,9,E01031353,0,5
2024361468947,2024,361468947,1,9,0,-1,19,6,2,-1,0,0,0,0,7,0,1,1,-1,9,1,61,9,1490,1,1,MG HS,3,E01013548,0,5
2024411413138,2024,411413138,1,9,0,-1,13,-1,-1,-1,0,0,0,99,0,0,1,9,-1,6,3,-1,-1,1490,1,1,MG HS,-1,-1,0,-1
2024552400731,2024,552400731,1,9,0,18,19,3,7,0,0,8,0,0,0,0,4,1,6,6,2,55,8,1490,1,1,MG HS,4,E01015409,0,4
2024440237667,2024,440237667,2,9,0,18,19,1,5,0,0,1,0,0,0,0,1,1,6,6,1,34,6,1490,1,1,MG HS,5,E01023095,0,1
2024320392900,2024,320392900,3,9,0,-1,-1,6,2,0,0,1,0,0,0,0,2,1,6,6,2,52,8,1490,1,2,MG HS,3,E01026017,0,2
2024010531689,2024,010531689,2,9,0,4,4,7,3,0,0,0,0,0,0,0,2,1,2,2,1,36,7,1490,8,0,MG HS,-1,-1,0,-1
2024131500006,2024,131500006,1,9,0,-1,5,7,3,-1,0,0,0,0,0,0,2,1,-1,9,1,49,8,1490,1,0,MG HS,1,E01010608,0,1
2024111524485,2024,111524485,1,9,0,-1,19,5,1,-1,0,0,1,0,0,0,1,1,-1,6,2,45,7,1490,1,1,MG HS,9,E01020718,0,2
2024991447739,2024,991447739,1,9,0,-1,19,4,8,-1,0,1,0,11,0,0,1,1,-1,9,1,61,9,1490,1,1,MG HS,-1,-1,0,-1
2024451480602,2024,451480602,3,9,0,-1,19,5,1,-1,0,0,0,0,0,0,3,1,-1,9,1,57,9,1490,1,1,MG HS,10,E01030508,0,3
2024320400108,2024,320400108,2,9,0,2,2,0,0,0,0,0,0,0,0,0,2,1,6,6,1,32,6,1490,1,0,MG HS,1,E01026072,0,1
2024211516257,2024,211516257,2,9,0,-1,9,4,3,-1,0,8,0,0,0,0,1,1,-1,6,2,33,6,1496,1,0,MG HS,9,E01029868,0,1
2024201483019,2024,201483019,2,9,0,-1,2,0,0,-1,0,0,0,0,0,0,2,1,-1,6,1,45,7,1490,1,0,MG HS,1,E01009033,0,2
2024991461953,2024,991461953,1,9,0,-1,19,4,7,-1,0,0,0,0,0,0,1,1,-1,9,1,49,8,1490,1,0,MG HS,6,-1,0,4
2024201460161,2024,201460161,1,9,0,-1,19,4,6,-1,0,0,0,0,0,0,3,1,-1,6,3,-1,-1,1490,1,0,MG HS,-1,-1,0,-1
2024010509468,2024,010509468,2,9,0,9,9,1,7,0,0,5,0,0,0,0,3,1,6,6,2,61,9,1490,8,1,MG HS,9,E01003158,0,1
2024351501123,2024,351501123,2,9,0,-1,3,5,1,-1,0,0,1,0,0,0,2,1,-1,9,1,40,7,1490,1,3,MG HS,7,E01027019,0,4
2024361477864,2024,361477864,2,9,0,-1,19,5,7,-1,0,0,0,0,0,0,0,1,-1,9,1,57,9,1490,1,3,MG HS,4,E01026668,0,1
2024451405041,2024,451405041,2,9,0,-1,99,2,4,-1,99,0,1,99,0,0,4,1,-1,6,2,34,6,1490,1,2,MG HS,-1,-1,0,-1
2024411423069,2024,411423069,1,9,0,-1,1,5,1,-1,-1,0,0,0,0,0,2,1,-1,6,1,42,7,1490,1,1,MG HS,9,E01023291,0,2
2024371448902,2024,371448902,1,9,0,-1,19,3,7,-1,0,0,0,0,1,0,1,1,-1,6,2,39,7,1490,1,1,MG HS,6,E01030209,0,2
2024631529816,2024,631529816,2,9,0,-1,3,8,4,-1,0,0,0,0,0,0,2,2,-1,9,2,50,8,1490,1,2,MG HS,9,W01000795,0,3
2024141397232,2024,141397232,2,9,0,-1,19,8,3,-1,0,0,0,0,0,0,1,1,-1,9,2,53,8,1490,1,1,MG HS,1,E01008011,0,2
2024631421256,2024,631421256,2,9,0,-1,19,7,4,-1,0,0,0,0,0,0,0,1,-1,6,1,60,9,1490,1,4,MG HS,-1,-1,0,-1
2024010534764,2024,010534764,1,9,0,99,99,9,9,99,99,0,9,99,9,99,3,9,6,6,1,26,6,1490,8,1,MG HS,4,E01001469,0,2
2024302400389,2024,302400389,1,9,0,18,19,2,6,0,0,0,0,0,0,0,1,1,6,6,1,54,8,1490,8,1,MG HS,3,E01019797,0,1
2024010501856,2024,010501856,1,9,0,3,3,2,6,0,0,0,0,0,0,0,2,1,6,6,2,42,7,1490,1,1,MG HS,6,E01002943,0,1
2024141476700,2024,141476700,2,9,0,-1,2,0,0,-1,9,0,0,0,0,0,3,1,-1,6,-1,-1,-1,1490,1,1,MG HS,-1,-1,0,-1
2024010533957,2024,010533957,1,9,0,99,99,9,9,99,99,9,9,99,9,99,9,9,2,2,1,32,6,1490,1,2,MG HS,7,E01001058,0,3
2024070836801,2024,070836801,1,9,0,-1,19,1,5,-1,0,0,0,0,0,0,2,1,-1,6,1,30,6,1490,8,1,MG HS,2,E01012479,0,1
2024631481330,2024,631481330,2,9,0,-1,9,5,3,-1,0,5,0,0,0,0,1,1,-1,2,2,51,8,1490,1,0,MG HS,2,W01000588,0,1
2024522500042,2024,522500042,3,9,0,18,19,3,7,0,0,8,5,0,0,0,3,1,6,6,1,46,8,1490,1,0,MG HS,1,W01001643,0,4
2024401409220,2024,401409220,2,9,0,-1,3,5,1,-1,0,1,0,0,0,0,2,1,-1,9,1,40,7,1490,1,1,MG HS,2,E01017474,0,1
2024122400798,2024,122400798,1,9,0,7,7,1,3,0,0,2,0,0,0,0,1,1,6,6,2,22,5,1490,1,1,MG HS,7,E01027680,0,1
2024411452831,2024,411452831,1,9,0,-1,19,5,1,-1,0,3,0,0,0,0,1,1,-1,6,2,43,7,1490,1,1,MG HS,4,E01023914,0,1
2024440460683,2024,440460683,2,9,0,7,7,7,3,0,0,3,0,0,0,0,4,1,6,6,2,43,7,1490,1,1,MG HS,4,E01022540,0,1
2024991456539,2024,991456539,1,9,0,-1,13,1,5,-1,0,2,2,4,0,0,4,1,-1,6,1,33,6,1490,1,1,MG HS,4,-1,0,1
2024122401181,2024,122401181,1,9,0,3,3,7,3,0,0,1,0,0,0,0,4,1,6,6,2,49,8,1490,1,1,MG HS,2,E01027824,0,1
2024622400344,2024,622400344,1,9,0,18,19,3,7,0,0,0,0,0,0,0,4,1,6,6,2,60,9,1490,1,1,MG HS,1,W01001300,0,1
2024052402055,2024,052402055,2,9,0,18,19,6,2,0,0,8,0,0,0,0,4,1,6,6,1,74,10,1490,1,0,MG HS,1,E01006564,0,1
2024631420861,2024,631420861,1,9,0,-1,19,3,7,-1,0,8,5,0,2,11,1,1,-1,9,1,44,7,1490,1,0,MG HS,1,W01000600,0,1
2024061440800,2024,061440800,2,9,0,-1,19,1,5,-1,0,1,5,0,0,0,4,1,-1,1,2,37,7,1490,1,1,MG HS,5,E01006337,0,3
2024351531668,2024,351531668,2,9,0,-1,3,7,3,-1,0,0,0,0,0,0,2,1,-1,6,1,50,8,1490,1,0,MG HS,1,E01015663,0,1
2024501479292,2024,501479292,1,9,0,-1,19,4,8,-1,9,0,1,0,1,1,1,1,-1,9,1,36,7,1490,1,0,MG HS,4,E01034640,0,4
2024010538133,2024,010538133,2,9,0,2,2,0,0,0,0,1,0,0,0,0,4,1,6,6,3,-1,-1,1490,1,1,MG HS,-1,-1,0,-1
2024141441404,2024,141441404,1,9,0,-1,14,5,1,-1,0,0,5,4,0,0,3,1,-1,6,2,42,7,1490,8,1,MG HS,1,E01007491,0,1
2024991484631,2024,991484631,1,9,0,-1,19,8,4,-1,0,8,0,0,0,0,3,1,-1,9,1,57,9,1490,8,1,MG HS,-1,-1,0,-1
2024461500890,2024,461500890,2,9,0,-1,19,-1,-1,-1,-1,0,-1,-1,-1,0,4,9,-1,6,2,50,8,1490,1,1,MG HS,7,E01024158,0,2
2024471475654,2024,471475654,2,9,0,-1,9,3,1,-1,0,0,0,0,0,0,3,1,-1,9,1,51,8,1490,1,2,MG HS,-1,-1,0,-1
2024201413544,2024,201413544,2,9,0,-1,12,4,8,-1,0,0,0,10,7,0,1,9,-1,6,1,58,9,1490,1,1,MG HS,4,E01010008,0,1
2024440065048,2024,440065048,2,9,0,4,4,2,6,0,0,0,0,0,0,0,2,1,6,6,2,31,6,1490,1,1,MG HS,2,E01031432,0,4
2024430088189,2024,430088189,1,9,0,18,19,2,6,0,0,0,0,0,0,0,4,1,6,6,1,-1,-1,1490,8,2,MG HS,-1,-1,0,-1
2024991548633,2024,991548633,2,9,0,-1,19,3,7,-1,0,4,0,0,0,0,1,1,-1,9,2,63,9,1490,1,1,MG HS,-1,-1,0,-1
2024320438649,2024,320438649,1,9,0,4,4,1,5,0,0,1,0,0,0,0,2,1,-1,-1,1,47,8,1490,8,1,MG HS,10,E01028218,0,4
2024991445262,2024,991445262,1,9,0,-1,19,6,2,-1,0,0,0,0,0,0,1,1,-1,6,1,57,9,1490,1,1,MG HS,8,-1,0,1
2024141537109,2024,141537109,1,9,0,-1,10,3,7,-1,0,1,0,0,0,0,2,1,-1,6,1,-1,-1,1490,1,3,MG HS,1,E01011863,0,3
2024531432498,2024,531432498,1,9,0,-1,5,6,1,-1,0,6,0,0,0,0,1,1,-1,2,2,64,9,1490,1,1,MG HS,8,E01022300,0,1
2024520401886,2024,520401886,2,9,0,2,2,0,0,0,0,0,0,0,0,0,4,1,6,6,3,-1,-1,1490,8,1,MG HS,-1,-1,0,-1
2024351508619,2024,351508619,1,9,0,-1,13,7,3,-1,0,0,0,0,1,0,1,1,-1,1,1,25,5,1490,1,3,MG HS,-1,-1,0,-1
2024411452803,2024,411452803,3,9,0,-1,19,7,3,-1,0,0,0,0,0,0,4,1,-1,9,1,28,6,1490,1,1,MG HS,-1,-1,0,-1