collision_index,collision_year,collision_ref_no,vehicle_reference,vehicle_type,towing_and_articulation,vehicle_manoeuvre_historic,vehicle_manoeuvre,vehicle_direction_from,vehicle_direction_to,vehicle_location_restricted_lane_historic,vehicle_location_restricted_lane,junction_location,skidding_and_overturning,hit_object_in_carriageway,vehicle_leaving_carriageway,hit_object_off_carriageway,first_point_of_impact,vehicle_left_hand_drive,journey_purpose_of_driver_historic,journey_purpose_of_driver,sex_of_driver,age_of_driver,age_band_of_driver,engine_capacity_cc,propulsion_code,age_of_vehicle,generic_make_model,driver_imd_decile,lsoa_of_driver,escooter_flag,driver_distance_banding
2024610051824,2024,610051824,2,9,0,18,19,7,3,0,0,8,0,0,0,0,3,1,6,6,1,48,8,1490,1,0,MG HS,1,W01001326,0,1
2024141400602,2024,141400602,2,9,0,-1,2,0,0,-1,0,0,0,0,0,0,2,1,-1,6,-1,-1,-1,1490,1,1,MG HS,-1,-1,0,-1
2024991512390,2024,991512390,1,9,0,-1,12,1,5,-1,0,0,0,0,0,0,3,1,-1,9,1,53,8,1490,1,1,MG HS,4,-1,0,1
2024010505934,2024,010505934,2,9,0,18,19,7,3,0,0,0,1,0,1,11,1,1,6,6,1,23,5,1490,1,2,MG HS,8,E01004144,0,1
2024010549793,2024,010549793,2,9,0,12,12,7,3,0,0,2,0,0,0,0,2,1,2,2,2,41,7,1490,1,0,MG HS,2,E01021288,0,4
2024471460038,2024,471460038,1,9,0,-1,9,1,7,-1,0,6,0,0,0,0,1,1,-1,9,2,83,11,1490,8,3,MG HS,6,E01031607,0,1
2024010541381,2024,010541381,1,9,0,99,99,9,9,0,0,8,0,0,9,0,9,9,6,6,3,-1,-1,1490,1,2,MG HS,-1,-1,0,-1
2024411481806,2024,411481806,1,9,0,-1,19,-1,-1,-1,0,0,0,0,0,0,3,9,-1,6,1,-1,-1,1490,1,0,MG HS,3,E01017665,0,4
2024010536496,2024,010536496,1,9,0,18,19,1,5,0,0,0,0,0,0,0,4,1,6,6,1,28,6,1490,1,1,MG HS,2,E01000104,0,1
2024320400108,2024,320400108,1,9,0,-1,-1,8,4,0,0,0,0,0,0,0,1,1,6,6,1,75,10,1490,1,1,MG HS,1,E01026072,0,1
2024320210812,2024,320210812,1,9,0,-1,-1,2,8,0,0,2,0,0,0,0,1,1,6,6,1,39,7,1490,1,1,MG HS,7,E01028326,0,4
2024351470679,2024,351470679,1,9,0,-1,3,3,7,-1,0,0,0,0,0,0,2,1,-1,6,2,31,6,1490,1,2,MG HS,8,E01018054,0,2
2024131462244,2024,131462244,1,9,0,-1,19,3,7,-1,0,8,0,0,0,0,1,1,-1,9,2,62,9,1490,1,1,MG HS,2,E01011470,0,1
2024461415053,2024,461415053,2,9,0,-1,19,3,7,-1,0,1,0,0,0,0,4,9,-1,6,2,42,7,1490,1,1,MG HS,2,E01024717,0,1
2024052400722,2024,052400722,1,9,0,2,2,0,0,0,0,2,0,0,0,0,3,1,6,6,1,52,8,1490,1,1,MG HS,1,E01006740,0,1
2024501412451,2024,501412451,1,9,0,-1,1,6,4,-1,0,0,0,0,0,0,2,9,-1,6,1,69,10,1490,8,1,MG HS,-1,-1,0,-1
2024141505614,2024,141505614,1,9,0,-1,19,2,6,-1,0,1,0,0,0,0,1,1,-1,1,1,32,6,1490,8,1,MG HS,4,E01007746,0,1
2024010533212,2024,010533212,1,9,0,18,19,1,5,0,0,8,0,0,0,0,0,1,6,6,1,34,6,1490,1,1,MG HS,3,E01033735,0,1
2024010529984,2024,010529984,1,9,0,99,99,9,9,99,99,9,9,99,9,99,0,9,6,6,3,-1,-1,1490,1,2,MG HS,-1,-1,0,-1
2024052401859,2024,052401859,1,9,0,18,19,1,5,0,0,0,0,0,0,0,3,1,6,6,2,40,7,1490,1,0,MG HS,1,E01006507,0,1
2024010544109,2024,010544109,1,9,0,18,19,7,3,0,0,0,1,0,0,0,3,1,6,6,1,34,6,1490,1,1,MG HS,3,E01002542,0,4
2024361481585,2024,361481585,1,9,0,-1,19,7,3,-1,0,0,2,0,0,0,1,1,-1,6,1,66,10,1490,1,2,MG HS,3,E01026719,0,2
2024361444977,2024,361444977,1,9,-1,-1,-1,-1,-1,-1,-1,0,-1,-1,-1,0,-1,9,-1,9,2,55,8,1490,8,1,MG HS,3,E01026458,0,1
2024010492290,2024,010492290,1,9,0,18,19,6,2,3,2,6,0,0,1,10,1,1,6,6,1,64,9,1490,8,1,MG HS,4,E01000958,0,1
2024440124637,2024,440124637,2,9,0,4,4,1,5,0,0,0,0,0,0,0,2,1,6,6,2,25,5,1490,1,0,MG HS,6,E01022614,0,1
2024101515545,2024,101515545,2,9,0,-1,3,3,7,-1,0,0,0,0,0,0,3,1,-1,9,2,71,10,1490,1,1,MG HS,4,E01008513,0,1
2024471430240,2024,471430240,2,9,0,-1,7,7,1,-1,0,4,0,0,0,0,4,1,-1,6,2,30,6,1490,1,3,MG HS,5,E01021213,0,1
2024522403358,2024,522403358,2,9,0,7,7,1,3,0,0,8,0,0,0,0,1,1,6,6,1,61,9,1490,1,0,MG HS,1,E01014638,0,1
2024361555540,2024,361555540,1,9,0,-1,7,8,2,-1,0,6,0,0,0,0,1,1,-1,2,2,60,9,1490,1,0,MG HS,3,E01033041,0,3
2024991480808,2024,991480808,1,9,0,-1,19,5,8,-1,0,0,0,6,8,11,1,1,-1,9,1,28,6,1490,1,0,MG HS,2,-1,0,4
2024531472634,2024,531472634,1,9,0,-1,19,8,4,-1,0,1,0,0,0,0,1,1,-1,9,1,43,7,1490,1,1,MG HS,-1,-1,0,-1
2024010546025,2024,010546025,2,9,0,2,2,0,0,0,0,2,0,0,0,0,3,1,6,6,3,-1,-1,1490,1,0,MG HS,-1,-1,0,-1
2024010506011,2024,010506011,3,9,0,99,99,9,9,99,99,9,9,99,9,99,2,9,6,6,3,-1,-1,1490,1,1,MG HS,-1,-1,0,-1
2024471452945,2024,471452945,1,9,0,-1,19,1,5,-1,0,0,0,0,0,0,1,1,-1,9,2,56,9,1490,8,0,MG HS,6,E01021149,0,4
2024041421089,2024,041421089,1,9,0,-1,19,5,1,-1,0,2,0,0,0,0,4,1,-1,9,2,34,6,1490,1,1,MG HS,5,E01025458,0,1
2024131471162,2024,131471162,3,9,0,-1,19,1,5,-1,0,8,0,0,0,0,2,1,-1,9,1,25,5,1490,8,1,MG HS,4,E01011165,0,1
2024010514130,2024,010514130,1,9,0,18,19,4,8,0,0,3,0,7,0,0,1,1,2,2,2,40,7,1490,1,0,MG HS,6,E01000727,0,1
2024221525075,2024,221525075,1,9,0,-1,19,3,7,-1,0,0,0,0,0,0,1,1,-1,6,1,35,6,1490,1,1,MG HS,5,E01028943,0,2
2024201502539,2024,201502539,1,9,0,-1,9,3,8,-1,0,0,0,0,0,0,4,1,-1,1,1,52,8,1490,8,1,MG HS,5,E01009939,0,1
2024421457615,2024,421457615,3,9,0,-1,2,0,0,-1,0,2,0,0,0,0,2,1,-1,6,-1,-1,-1,1490,8,2,MG HS,-1,-1,0,-1
2024340NN0462,2024,340NN0462,2,9,0,-1,3,4,8,-1,0,4,0,0,0,0,2,1,-1,1,2,54,8,1490,1,1,MG HS,3,E01026972,0,1
2024010522280,2024,010522280,1,9,0,18,19,3,7,0,0,0,0,0,0,0,3,1,6,6,1,48,8,1490,8,1,MG HS,6,E01000430,0,1
2024141516027,2024,141516027,1,9,0,-1,19,1,5,-1,0,0,5,4,0,0,4,1,-1,6,1,42,7,1490,1,0,MG HS,1,E01034842,0,1
2024061393893,2024,061393893,2,9,0,-1,19,1,5,-1,0,0,1,0,2,7,2,1,-1,9,1,28,6,1490,8,4,MG HS,-1,-1,0,-1
2024010501434,2024,010501434,1,9,0,18,19,3,7,0,0,1,5,4,0,0,1,1,6,6,1,49,8,1490,1,3,MG HS,5,E01002119,0,1
2024451503385,2024,451503385,2,9,0,-1,3,5,1,-1,0,0,0,0,0,0,4,9,-1,6,3,-1,-1,1490,1,0,MG HS,-1,-1,0,-1
2024311514852,2024,311514852,1,9,0,-1,5,1,5,-1,9,0,0,7,0,0,1,1,-1,9,1,86,11,1490,8,0,MG HS,-1,-1,0,-1
2024610038924,2024,610038924,1,9,0,18,19,5,1,0,0,0,5,0,1,10,4,1,6,6,1,47,8,1490,1,0,MG HS,1,W01001326,0,2
2024010541847,2024,010541847,1,9,0,18,19,8,4,0,0,1,0,0,0,0,1,1,6,6,1,51,8,1490,1,2,MG HS,3,E01002185,0,1
2024010509531,2024,010509531,2,9,0,9,9,8,5,0,0,2,0,0,0,0,3,1,6,6,1,66,10,1490,1,0,MG HS,3,E01000642,0,1
2024010516708,2024,010516708,1,9,0,5,5,3,7,0,0,1,0,0,0,0,1,1,6,6,3,-1,-1,1490,1,0,MG HS,-1,-1,0,-1
2024430055896,2024,430055896,4,8,0,18,19,3,7,0,0,0,0,0,0,0,2,1,6,6,1,25,5,1490,8,1,MG HS,2,E01016458,0,4
2024991445805,2024,991445805,1,9,0,-1,19,8,5,-1,0,0,0,0,0,0,1,1,-1,9,1,43,7,1490,1,0,MG HS,-1,-1,0,-1
2024101429739,2024,101429739,1,9,0,-1,13,1,5,-1,0,1,0,0,0,0,1,1,-1,9,1,40,7,1490,1,1,MG HS,5,E01027368,0,2
2024622400099,2024,622400099,1,9,0,9,9,6,4,0,0,1,0,0,0,0,1,1,6,6,1,82,11,1490,1,2,MG HS,1,W01000963,0,1
2024010535901,2024,010535901,1,9,0,1,1,8,2,9,9,2,0,11,7,10,2,1,1,1,2,67,10,1490,1,1,MG HS,3,E01000305,0,1
2024461450837,2024,461450837,1,5,0,-1,7,3,5,-1,0,3,1,0,0,0,4,1,-1,9,1,64,9,1064,1,17,MAKE AND MODEL REDACTED,7,E01032817,0,4
2024471451001,2024,471451001,1,5,0,-1,19,6,2,-1,0,1,0,0,1,4,1,1,-1,9,1,64,9,1380,1,11,MAKE AND MODEL REDACTED,9,E01030360,0,4
2024070814917,2024,070814917,1,3,0,-1,19,5,1,-1,-1,0,0,0,0,0,0,1,-1,6,1,57,9,1064,1,23,MAKE AND MODEL REDACTED,2,W01000149,0,4
2024010538767,2024,010538767,2,9,0,99,99,9,9,99,99,9,9,99,9,99,1,9,6,6,2,-1,-1,1796,1,22,MAKE AND MODEL REDACTED,2,E01003046,0,1
2024221492084,2024,221492084,1,17,0,-1,19,8,4,-1,0,0,0,0,0,0,1,1,-1,1,1,22,5,12700,2,1,MAKE AND MODEL REDACTED,8,E01032182,0,2
2024440363959,2024,440363959,2,9,0,18,19,5,1,0,0,1,0,0,0,0,1,1,6,6,1,-1,-1,1500,2,13,MAKE AND MODEL REDACTED,-1,-1,0,-1
2024991490030,2024,991490030,2,17,0,-1,2,1,5,-1,-1,0,0,0,0,0,2,1,-1,1,1,59,9,2197,1,17,MAKE AND MODEL REDACTED,3,-1,0,3
2024101422553,2024,101422553,1,3,0,-1,13,7,3,-1,0,8,2,0,7,0,1,1,-1,9,1,36,7,107,1,9,MAKE AND MODEL REDACTED,2,E01008810,0,1
2024631395270,2024,631395270,2,3,0,-1,19,3,6,-1,0,8,1,0,0,0,3,1,-1,6,1,17,4,107,1,10,MAKE AND MODEL REDACTED,4,W01000605,0,1
2024520002470,2024,520002470,1,4,0,18,19,6,2,0,0,1,1,0,1,1,1,1,6,6,1,24,5,125,1,5,RIEJU MRT,8,E01014443,0,1
2024041506646,2024,041506646,2,2,0,-1,19,5,1,-1,0,0,1,0,0,0,2,1,-1,2,2,16,4,50,1,2,RIEJU MRT,10,E01025441,0,1
2024302400586,2024,302400586,2,2,0,18,19,7,3,0,0,7,0,0,0,0,1,1,6,6,1,16,4,50,1,5,RIEJU MRT,7,E01019448,0,1
2024131434748,2024,131434748,2,2,0,-1,19,3,7,-1,0,1,0,0,0,0,1,1,-1,6,1,16,4,50,1,5,RIEJU MRT,5,E01011765,0,2
2024010517729,2024,010517729,1,3,0,18,19,1,5,0,0,1,0,0,0,0,1,1,6,6,1,23,5,125,1,1,RIEJU MRT,9,E01000359,0,1
2024302500229,2024,302500229,1,2,0,-1,14,8,4,-1,0,8,0,0,0,0,4,1,-1,2,1,17,4,50,1,0,RIEJU MRT,8,E01019454,0,1
2024501468690,2024,501468690,1,2,0,-1,19,5,1,-1,0,1,1,4,0,0,1,1,-1,6,1,16,4,50,1,2,RIEJU MRT,8,E01018811,0,1
2024211459604,2024,211459604,1,2,0,-1,19,2,8,-1,0,8,0,0,0,0,3,1,-1,9,1,16,4,50,1,0,RIEJU MRT,3,E01029549,0,1
2024461456550,2024,461456550,1,3,0,-1,15,7,3,-1,0,0,0,0,0,0,1,1,-1,6,1,17,4,-1,-1,-1,RIEJU MRT,8,E01016138,0,1
2024461528234,2024,461528234,2,3,0,-1,19,7,3,-1,0,0,0,0,0,0,2,1,-1,9,1,21,5,125,1,2,RIEJU MRT,6,E01024491,0,1
2024541607824,2024,541607824,1,2,0,18,19,3,7,0,0,0,0,0,0,0,0,1,6,6,1,16,4,50,1,12,RIEJU MRT,9,E01031922,0,2
2024440227215,2024,440227215,1,2,0,16,19,7,1,0,0,0,0,0,0,0,1,1,2,2,1,16,4,50,1,3,RIEJU MRT,9,E01022836,0,1
2024010523338,2024,010523338,1,2,0,18,19,3,7,0,0,2,0,0,0,0,1,1,6,6,1,16,4,50,1,2,RIEJU MRT,8,E01002372,0,1
2024161444249,2024,161444249,1,9,0,-1,9,5,3,-1,0,1,0,0,0,0,4,1,-1,9,2,77,11,1197,8,3,SUZUKI SWIFT,3,E01012934,0,1
2024201483240,2024,201483240,2,9,0,-1,19,1,5,-1,0,0,0,0,0,0,1,1,-1,6,1,22,5,1328,1,17,SUZUKI SWIFT,1,E01009485,0,1
2024111409269,2024,111409269,3,9,0,-1,2,0,0,-1,0,2,0,0,0,0,3,1,-1,6,1,30,6,1242,1,11,SUZUKI SWIFT,6,E01020843,0,4
2024461451107,2024,461451107,1,9,0,-1,9,7,4,-1,0,6,0,0,0,0,3,1,-1,7,2,45,7,1197,8,4,SUZUKI SWIFT,9,E01024462,0,1
2024991421664,2024,991421664,1,9,0,-1,19,3,7,-1,0,0,0,0,0,0,1,1,-1,9,2,22,5,1490,1,18,SUZUKI SWIFT,6,E01026411,0,5
2024531530519,2024,531530519,3,9,0,-1,19,2,6,-1,0,2,0,0,0,0,1,1,-1,9,2,69,10,998,8,6,SUZUKI SWIFT,7,E01022376,0,1
2024471492622,2024,471492622,1,9,0,-1,19,1,5,-1,0,0,0,0,0,0,1,1,-1,2,1,40,7,1242,1,5,SUZUKI SWIFT,8,E01034821,0,4
2024552400668,2024,552400668,2,9,0,18,19,8,4,0,0,8,0,0,7,4,1,1,6,6,1,63,9,1248,2,10,SUZUKI SWIFT,7,E01020538,0,4
2024111435915,2024,111435915,1,9,0,-1,19,7,3,-1,0,0,0,0,0,0,1,2,-1,2,2,60,9,1242,1,12,SUZUKI SWIFT,4,E01020646,0,1
2024201509712,2024,201509712,2,9,0,-1,19,5,1,-1,0,8,0,0,0,0,1,1,-1,6,1,54,8,1242,1,10,SUZUKI SWIFT,-1,-1,0,-1
2024131535739,2024,131535739,2,9,0,-1,19,1,5,-1,0,0,0,0,0,0,1,1,-1,6,1,23,5,1242,1,7,SUZUKI SWIFT,8,E01034270,0,1
2024101398406,2024,101398406,1,9,0,-1,5,1,5,-1,0,6,0,0,0,0,3,1,-1,6,2,22,5,1490,1,15,SUZUKI SWIFT,9,E01008493,0,1
2024010530469,2024,010530469,2,9,0,2,2,0,0,0,0,0,1,4,0,0,2,1,6,6,3,-1,-1,1242,1,12,SUZUKI SWIFT,-1,-1,0,-1
2024351397517,2024,351397517,1,9,0,-1,19,3,7,-1,0,0,0,0,0,0,2,1,-1,2,2,52,8,1242,1,5,SUZUKI SWIFT,3,E01023650,0,4
2024161492160,2024,161492160,5,9,0,-1,2,0,0,-1,0,2,0,0,0,0,3,1,-1,6,-1,-1,-1,1242,1,9,SUZUKI SWIFT,-1,-1,0,-1
2024430150976,2024,430150976,1,9,0,4,4,7,3,0,0,0,0,0,0,0,2,1,6,6,2,25,5,998,1,6,SUZUKI SWIFT,5,W01001164,0,5
2024161485432,2024,161485432,1,9,0,-1,19,7,3,-1,0,0,0,0,0,0,1,9,-1,6,1,52,8,1242,1,4,SUZUKI SWIFT,-1,-1,0,-1
2024461460682,2024,461460682,2,9,0,-1,19,1,5,-1,0,1,0,0,0,0,3,1,-1,9,1,19,4,1490,1,16,SUZUKI SWIFT,3,E01035294,0,1
2024501424750,2024,501424750,3,9,0,-1,2,0,0,-1,0,0,0,0,0,0,2,1,-1,6,-1,-1,-1,1197,8,0,SUZUKI SWIFT,-1,-1,0,-1
2024471499736,2024,471499736,1,9,0,-1,19,3,7,-1,0,0,5,0,0,0,1,1,-1,9,1,19,4,1328,1,17,SUZUKI SWIFT,1,E01022903,0,3
2024131487379,2024,131487379,1,9,0,-1,19,1,5,-1,0,8,5,0,7,10,0,1,-1,6,1,20,4,1242,1,8,SUZUKI SWIFT,9,E01011306,0,1
2024471437219,2024,471437219,3,9,0,-1,2,0,0,-1,0,1,0,4,1,0,2,1,-1,6,-1,-1,-1,1242,1,8,SUZUKI SWIFT,-1,-1,0,-1
2024010537214,2024,010537214,3,9,0,18,19,7,3,0,0,1,0,0,0,0,2,1,6,6,1,66,10,1328,1,19,SUZUKI SWIFT,6,E01021331,0,4
2024531470543,2024,531470543,2,9,0,-1,19,3,7,-1,0,1,0,0,0,0,3,1,-1,6,1,17,4,1242,1,13,SUZUKI SWIFT,7,E01022239,0,2
2024201442258,2024,201442258,1,9,0,-1,15,5,1,-1,0,0,0,0,0,0,1,1,-1,9,2,70,10,1197,8,3,SUZUKI SWIFT,3,E01009164,0,2
2024122500453,2024,122500453,1,9,0,18,19,5,1,0,0,8,0,0,0,0,1,1,6,6,2,64,9,1242,1,8,SUZUKI SWIFT,1,E01027740,0,1
2024010530562,2024,010530562,3,9,0,5,5,3,7,0,0,4,0,0,0,0,1,1,2,2,2,68,10,1242,1,10,SUZUKI SWIFT,4,E01004150,0,1
2024501483242,2024,501483242,3,9,0,-1,2,0,0,-1,0,0,0,4,0,0,1,1,-1,6,2,61,9,998,1,5,SUZUKI SWIFT,4,E01020116,0,1
2024531405017,2024,531405017,2,9,0,-1,19,5,1,-1,0,8,0,0,0,0,1,1,-1,9,2,21,5,1328,1,18,SUZUKI SWIFT,10,E01022146,0,1
2024211490113,2024,211490113,2,9,0,-1,9,5,3,-1,0,5,0,0,0,0,1,1,-1,6,2,48,8,1490,1,19,SUZUKI SWIFT,-1,-1,0,-1
2024440528866,2024,440528866,2,9,0,18,19,3,7,0,0,0,0,0,0,0,2,1,6,6,1,-1,-1,1586,1,10,SUZUKI SWIFT,-1,-1,0,-1
2024461407896,2024,461407896,2,9,0,-1,19,5,1,-1,0,8,0,0,0,0,4,9,-1,9,2,54,8,1586,1,15,SUZUKI SWIFT,4,E01035319,0,1
2024161535752,2024,161535752,3,9,0,-1,19,3,7,-1,0,1,0,0,1,0,1,1,-1,1,1,24,5,1242,1,11,SUZUKI SWIFT,3,E01033002,0,4
2024010535269,2024,010535269,1,9,0,2,2,0,0,0,0,1,0,0,0,0,3,1,6,6,3,-1,-1,1242,1,10,SUZUKI SWIFT,-1,-1,0,-1
2024201413419,2024,201413419,5,9,0,-1,2,0,0,-1,0,0,0,0,0,0,4,1,-1,6,-1,30,6,1490,1,17,SUZUKI SWIFT,-1,-1,0,-1
2024201406366,2024,201406366,2,9,0,-1,3,4,1,-1,0,1,0,0,0,0,1,1,-1,6,1,-1,-1,1328,1,15,SUZUKI SWIFT,-1,-1,0,-1
2024010520480,2024,010520480,1,9,0,16,19,5,7,0,0,6,0,0,3,0,1,1,6,6,2,68,10,998,1,5,SUZUKI SWIFT,-1,-1,0,-1
2024991409373,2024,991409373,1,9,0,-1,19,2,6,-1,0,0,1,0,0,0,1,1,-1,6,2,21,5,1586,1,7,SUZUKI SWIFT,5,-1,0,1
2024010514625,2024,010514625,1,9,0,3,3,3,7,0,0,0,0,0,0,0,2,2,2,2,1,40,7,1197,8,1,SUZUKI SWIFT,8,E01034386,0,1
2024440192760,2024,440192760,2,9,0,18,19,1,5,0,0,0,0,0,0,0,1,1,6,6,1,43,7,1242,1,9,SUZUKI SWIFT,9,E01022535,0,1
2024061475986,2024,061475986,2,9,0,-1,19,4,8,-1,0,1,0,0,0,0,1,1,-1,9,1,57,9,1197,8,2,SUZUKI SWIFT,2,E01025480,0,2
2024221427856,2024,221427856,2,9,0,-1,19,4,8,-1,0,0,0,0,2,0,4,9,-1,6,1,18,4,1328,1,14,SUZUKI SWIFT,5,E01032181,0,3
2024041457302,2024,041457302,1,9,0,-1,14,3,7,-1,0,1,0,4,0,0,1,1,-1,1,2,60,9,998,1,6,SUZUKI SWIFT,7,E01024924,0,1
2024610053124,2024,610053124,1,9,0,3,3,2,6,0,0,1,0,0,0,0,2,1,6,6,1,67,10,1242,1,10,SUZUKI SWIFT,3,W01001444,0,2
2024211530437,2024,211530437,1,9,0,-1,19,1,5,-1,0,0,0,12,0,0,1,1,-1,6,2,25,5,1586,1,11,SUZUKI SWIFT,5,E01029802,0,2
2024622400117,2024,622400117,2,9,0,18,19,7,3,0,0,0,0,0,0,0,2,1,6,6,1,26,6,1242,1,9,SUZUKI SWIFT,7,W01001507,0,3
2024302401689,2024,302401689,2,9,0,-1,7,5,6,-1,0,8,1,0,0,0,3,1,-1,2,2,26,6,1242,1,8,SUZUKI SWIFT,2,E01007982,0,3
2024520401935,2024,520401935,1,9,0,18,19,6,2,0,0,8,0,0,0,0,4,1,6,6,1,53,8,1328,1,14,SUZUKI SWIFT,8,E01029294,0,2
2024501440079,2024,501440079,1,9,0,-1,19,7,3,-1,0,0,1,0,0,0,4,1,-1,9,1,40,7,1242,1,8,SUZUKI SWIFT,4,E01018861,0,1
2024340WN5402,2024,340WN5402,1,9,0,-1,19,5,7,-1,0,7,0,0,0,0,1,1,-1,2,1,62,9,1586,1,10,SUZUKI SWIFT,3,E01027191,0,1
2024010510443,2024,010510443,1,9,0,99,99,9,9,99,99,9,9,99,9,99,9,9,2,2,2,47,8,1197,8,2,SUZUKI SWIFT,10,E01024474,0,3
2024522402055,2024,522402055,1,9,0,18,19,7,3,0,0,8,0,0,0,0,1,1,6,6,2,56,9,1242,1,9,SUZUKI SWIFT,9,E01014943,0,1
202460Q181593,2024,60Q181593,3,9,0,2,2,0,0,0,0,0,0,4,0,0,2,1,6,6,1,42,7,1586,1,17,SUZUKI SWIFT,-1,-1,0,-1
2024122400097,2024,122400097,1,9,0,5,5,2,6,0,0,6,0,0,0,0,3,1,2,2,2,66,10,998,1,7,SUZUKI SWIFT,8,E01027694,0,1
2024211433813,2024,211433813,2,9,0,-1,9,4,4,-1,0,1,0,0,0,0,3,1,-1,6,2,25,5,998,1,7,SUZUKI SWIFT,2,E01014329,0,2
2024010530491,2024,010530491,1,9,9,99,99,9,9,99,99,1,9,99,9,99,9,9,6,6,2,59,9,1197,8,1,SUZUKI SWIFT,4,E01004416,0,1
2024340WN5102,2024,340WN5102,1,9,0,-1,7,7,1,-1,0,6,0,0,7,0,2,1,-1,9,1,21,5,1490,1,17,SUZUKI SWIFT,2,E01027156,0,1
2024201458356,2024,201458356,1,9,0,-1,19,5,1,-1,0,4,0,0,0,0,1,1,-1,6,2,-1,-1,1328,1,15,SUZUKI SWIFT,-1,-1,0,-1
2024471403143,2024,471403143,2,9,0,-1,3,1,5,-1,0,0,0,0,0,0,2,1,-1,9,1,23,5,1586,1,15,SUZUKI SWIFT,7,E01031545,0,4
2024991447277,2024,991447277,2,9,0,-1,9,8,6,-1,0,4,0,0,0,0,3,1,-1,9,1,23,5,1242,1,8,SUZUKI SWIFT,5,-1,0,5
2024371397006,2024,371397006,1,9,0,-1,19,4,7,-1,0,0,2,0,7,0,3,1,-1,9,1,18,4,1490,1,16,SUZUKI SWIFT,9,E01018034,0,1
2024302400538,2024,302400538,1,9,0,18,19,7,3,0,0,2,0,0,0,0,1,1,6,6,1,73,10,1242,1,9,SUZUKI SWIFT,2,E01019576,0,1
2024052402646,2024,052402646,2,9,0,4,4,6,2,0,0,4,0,0,0,0,2,1,6,6,1,35,6,1197,8,0,SUZUKI SWIFT,1,E01033794,0,1
2024461429703,2024,461429703,4,9,0,-1,10,7,3,-1,0,0,0,0,0,0,2,1,-1,1,1,48,8,1242,1,12,SUZUKI SWIFT,6,E01024332,0,2
2024501497929,2024,501497929,2,9,0,-1,9,2,8,-1,0,8,0,0,0,0,1,1,-1,2,1,18,4,1242,1,12,SUZUKI SWIFT,6,E01018828,0,3
2024031450593,2024,031450593,1,9,0,-1,19,7,2,-1,0,0,5,0,2,11,1,1,-1,9,2,65,9,1586,1,12,SUZUKI SWIFT,-1,-1,0,-1
2024221474635,2024,221474635,2,9,0,-1,19,4,8,-1,0,8,0,0,0,0,1,9,-1,6,2,67,10,1197,8,0,SUZUKI SWIFT,10,E01032150,0,1
2024332400253,2024,332400253,1,9,0,-1,19,6,2,-1,0,0,0,0,1,2,2,1,-1,7,1,23,5,1197,8,2,SUZUKI SWIFT,7,E01025830,0,1
2024131525788,2024,131525788,1,9,0,-1,9,4,6,-1,0,8,0,0,0,0,1,1,-1,6,1,20,4,1490,1,16,SUZUKI SWIFT,1,E01010625,0,1
2024361515191,2024,361515191,1,9,0,-1,19,4,8,-1,0,8,0,0,0,0,1,1,-1,6,2,64,9,1490,1,18,SUZUKI SWIFT,6,E01026452,0,1
2024440033326,2024,440033326,2,9,0,18,19,4,8,0,0,0,2,0,1,7,3,1,6,6,1,76,11,1242,1,10,SUZUKI SWIFT,7,E01023198,0,2
2024631413051,2024,631413051,1,9,0,-1,19,4,7,-1,0,8,0,0,3,11,1,1,-1,6,1,53,8,1242,1,11,SUZUKI SWIFT,4,W01000587,0,2
2024070404021,2024,070404021,1,9,0,18,19,6,2,0,0,0,0,0,0,0,1,1,6,6,1,77,11,1197,8,3,SUZUKI SWIFT,3,E01018746,0,2
2024610042024,2024,610042024,1,9,0,4,4,6,2,0,0,0,0,0,0,0,1,1,1,1,1,18,4,1328,1,15,SUZUKI SWIFT,5,W01001412,0,1
2024041469708,2024,041469708,1,9,0,-1,19,3,7,-1,0,1,0,0,0,0,4,1,-1,1,1,83,11,1242,1,6,SUZUKI SWIFT,2,E01025075,0,1
2024010529523,2024,010529523,2,9,9,5,5,9,9,99,99,9,9,99,9,99,9,9,6,6,3,-1,-1,1490,1,17,SUZUKI SWIFT,-1,-1,0,-1
2024361419752,2024,361419752,2,9,0,-1,19,5,1,-1,0,8,0,0,7,0,4,1,-1,9,2,29,6,1328,1,16,SUZUKI SWIFT,6,E01026462,0,4
2024340NN0772,2024,340NN0772,3,9,0,-1,3,5,1,-1,0,0,0,0,0,0,2,1,-1,9,2,23,5,998,1,7,SUZUKI SWIFT,6,E01027039,0,1
2024231475053,2024,231475053,2,9,0,-1,19,5,1,-1,0,8,0,0,0,0,3,1,-1,6,2,53,8,998,1,6,SUZUKI SWIFT,4,E01031105,0,1
2024610054824,2024,610054824,1,9,0,17,19,7,4,0,0,0,0,4,0,0,1,1,6,6,2,60,9,1242,8,4,SUZUKI SWIFT,2,W01001538,0,1
2024111456643,2024,111456643,2,9,0,-1,7,7,5,-1,0,2,0,0,0,0,4,1,-1,6,1,41,7,1242,1,12,SUZUKI SWIFT,1,E01012314,0,1
2024361444146,2024,361444146,2,9,0,-1,4,-1,-1,-1,0,1,0,0,0,0,2,1,-1,1,2,33,6,1242,1,10,SUZUKI SWIFT,5,E01026761,0,3
2024542867924,2024,542867924,2,9,0,18,19,4,8,0,0,0,0,0,0,0,1,1,6,6,1,28,6,1328,1,14,SUZUKI SWIFT,5,E01034554,0,4
2024622400508,2024,622400508,2,9,0,18,19,3,7,0,0,8,0,0,0,0,1,1,6,6,2,34,6,1242,1,12,SUZUKI SWIFT,3,W01002021,0,2