collision_index,collision_year,collision_ref_no,vehicle_reference,vehicle_type,towing_and_articulation,vehicle_manoeuvre_historic,vehicle_manoeuvre,vehicle_direction_from,vehicle_direction_to,vehicle_location_restricted_lane_historic,vehicle_location_restricted_lane,junction_location,skidding_and_overturning,hit_object_in_carriageway,vehicle_leaving_carriageway,hit_object_off_carriageway,first_point_of_impact,vehicle_left_hand_drive,journey_purpose_of_driver_historic,journey_purpose_of_driver,sex_of_driver,age_of_driver,age_band_of_driver,engine_capacity_cc,propulsion_code,age_of_vehicle,generic_make_model,driver_imd_decile,lsoa_of_driver,escooter_flag,driver_distance_banding
2024010531495,2024,010531495,1,9,0,18,19,7,3,0,0,0,0,0,0,0,1,1,3,7,1,49,8,1242,1,10,SUZUKI SWIFT,3,E01001338,0,1
2024520402985,2024,520402985,1,9,0,18,19,1,5,0,0,0,1,0,1,0,1,1,6,6,1,24,5,1328,1,15,SUZUKI SWIFT,10,E01014822,0,4
2024340WN4432,2024,340WN4432,2,9,0,-1,19,1,5,-1,0,8,1,0,0,0,1,1,-1,9,1,74,10,1328,1,15,SUZUKI SWIFT,5,E01027017,0,1
202460Q115933,2024,60Q115933,2,9,0,16,19,4,8,0,0,0,0,0,0,0,1,1,2,2,2,26,6,1242,1,6,SUZUKI SWIFT,-1,-1,0,-1
2024131466571,2024,131466571,1,9,0,-1,7,5,7,-1,0,1,0,0,1,0,4,1,-1,9,2,54,8,1328,1,13,SUZUKI SWIFT,1,E01007341,0,3
2024101458943,2024,101458943,1,9,0,-1,19,3,7,-1,0,8,5,7,0,0,3,1,-1,9,1,30,6,1242,1,11,SUZUKI SWIFT,-1,-1,0,-1
2024531529847,2024,531529847,3,9,0,-1,14,1,5,-1,0,1,0,0,0,0,1,1,-1,9,1,31,6,1490,1,17,SUZUKI SWIFT,5,E01022218,0,1
2024041446764,2024,041446764,2,9,0,-1,4,1,5,-1,0,4,0,0,0,0,2,1,-1,2,2,39,7,1242,1,10,SUZUKI SWIFT,4,E01005025,0,4
2024622400601,2024,622400601,1,9,0,17,19,7,3,0,0,0,2,10,1,4,1,1,6,6,1,20,4,1328,1,15,SUZUKI SWIFT,7,W01000779,0,1
2024221522556,2024,221522556,3,9,0,-1,4,6,2,-1,0,1,0,0,0,0,2,1,-1,6,2,55,8,1373,1,6,SUZUKI SWIFT,5,E01029016,0,4
2024610037024,2024,610037024,2,9,0,4,4,1,5,0,0,8,0,0,0,0,1,1,6,6,2,-1,-1,1242,1,11,SUZUKI SWIFT,6,W01001908,0,3
2024332400757,2024,332400757,1,9,0,-1,19,8,3,-1,0,0,2,0,1,9,3,1,-1,9,1,29,6,1242,1,13,SUZUKI SWIFT,1,E01015596,0,4
2024520403409,2024,520403409,1,9,0,18,19,1,5,0,0,0,0,0,6,0,0,1,6,6,2,18,4,1328,1,15,SUZUKI SWIFT,7,E01020105,0,4
2024401460477,2024,401460477,1,9,0,-1,19,3,7,-1,0,0,0,7,1,0,1,1,-1,9,1,52,8,1490,1,16,SUZUKI SWIFT,2,E01015733,0,1
2024501532409,2024,501532409,1,9,0,-1,9,2,8,-1,0,8,0,0,0,0,1,1,-1,9,1,69,10,1373,8,3,SUZUKI SWIFT,8,E01033232,0,1
2024552400486,2024,552400486,2,9,0,18,19,3,7,0,0,0,0,0,0,0,1,1,6,6,1,33,6,1242,1,11,SUZUKI SWIFT,10,E01020382,0,1
2024131419033,2024,131419033,2,9,0,-1,19,5,1,-1,0,4,0,10,2,4,1,1,-1,9,1,19,4,1328,1,16,SUZUKI SWIFT,4,E01032489,0,2
2024471432016,2024,471432016,2,9,0,-1,19,1,5,-1,0,1,0,0,0,0,1,1,-1,2,1,19,4,1242,1,13,SUZUKI SWIFT,5,E01031394,0,4
2024461415593,2024,461415593,1,9,0,-1,5,7,3,-1,0,0,0,0,0,0,3,9,-1,6,1,65,9,1242,1,13,SUZUKI SWIFT,2,E01024648,0,1
2024201482096,2024,201482096,2,9,0,-1,19,7,3,-1,0,0,0,0,0,0,4,9,-1,1,1,60,9,1328,1,14,SUZUKI SWIFT,3,E01009922,0,1
2024010510657,2024,010510657,2,9,0,18,19,4,8,0,0,1,0,0,0,0,2,1,2,2,2,46,8,1242,1,11,SUZUKI SWIFT,-1,-1,0,-1
2024010509277,2024,010509277,1,9,0,99,99,9,9,99,99,9,9,99,9,99,9,9,6,6,2,35,6,1490,1,17,SUZUKI SWIFT,2,E01004222,0,1
2024010516408,2024,010516408,1,9,0,99,99,9,9,99,99,9,9,99,9,99,1,9,6,6,2,20,4,1242,1,12,SUZUKI SWIFT,1,E01001545,0,1
2024430430952,2024,430430952,2,9,0,13,13,2,5,0,0,0,0,0,0,0,3,1,6,6,2,-1,-1,998,8,6,SUZUKI SWIFT,7,E01016305,0,1
2024131397951,2024,131397951,2,9,0,-1,4,6,2,-1,0,0,0,0,0,0,2,1,-1,9,2,24,5,1242,1,9,SUZUKI SWIFT,4,E01011823,0,1
202417M218724,2024,17M218724,3,9,0,-1,2,0,0,-1,0,0,0,0,0,0,1,1,-1,9,1,-1,-1,1242,1,9,SUZUKI SWIFT,-1,-1,0,-1
2024440235107,2024,440235107,1,9,0,18,19,7,3,0,0,3,0,0,0,0,4,1,2,2,2,27,6,1490,1,17,SUZUKI SWIFT,4,E01023121,0,4
2024041523867,2024,041523867,1,9,0,-1,19,3,7,-1,0,0,0,0,0,0,4,1,-1,6,1,24,5,1490,1,16,SUZUKI SWIFT,3,E01025407,0,2
2024010542824,2024,010542824,1,9,0,4,4,3,7,0,0,1,0,0,0,0,2,1,6,6,2,48,8,1242,1,11,SUZUKI SWIFT,10,E01003385,0,2
2024440149976,2024,440149976,1,9,0,9,9,6,4,0,0,6,0,0,0,0,3,1,6,6,1,74,10,1242,1,8,SUZUKI SWIFT,6,E01020405,0,1
2024501460094,2024,501460094,1,9,0,-1,19,1,5,-1,0,0,0,0,0,0,4,1,-1,6,1,76,11,1197,8,1,SUZUKI SWIFT,9,E01020173,0,1
2024401404843,2024,401404843,1,9,0,-1,3,5,1,-1,0,3,0,0,0,0,0,1,-1,9,1,68,10,1197,8,3,SUZUKI SWIFT,9,E01017558,0,3
2024430425590,2024,430425590,1,9,0,6,6,1,1,0,0,0,0,0,0,0,4,1,6,6,1,37,7,1328,1,18,SUZUKI SWIFT,3,E01016456,0,1
2024041530914,2024,041530914,1,9,0,-1,19,5,1,-1,0,0,0,0,0,0,1,1,-1,6,2,45,7,1328,1,17,SUZUKI SWIFT,1,E01012720,0,1
2024622500016,2024,622500016,1,9,0,18,19,8,4,0,0,1,0,0,0,0,3,1,6,6,2,37,7,1197,8,1,SUZUKI SWIFT,8,W01001981,0,4
2024440216913,2024,440216913,1,9,0,18,19,6,2,0,0,1,0,0,0,0,3,1,6,6,1,58,9,1242,1,11,SUZUKI SWIFT,4,E01017087,0,1
2024131479003,2024,131479003,1,9,0,-1,19,1,5,-1,9,8,1,0,8,0,3,1,-1,9,1,27,6,1328,1,16,SUZUKI SWIFT,5,E01011836,0,1
2024041521611,2024,041521611,1,9,0,-1,5,5,3,-1,0,1,1,6,0,0,4,1,-1,1,1,23,5,1490,1,15,SUZUKI SWIFT,2,E01025232,0,3
2024231471591,2024,231471591,1,9,0,-1,19,8,3,-1,0,8,0,0,0,0,1,1,-1,9,2,22,5,1242,8,4,SUZUKI SWIFT,7,E01031055,0,1
2024122400509,2024,122400509,2,9,0,9,9,5,1,0,0,6,0,0,0,0,0,1,2,2,2,45,7,1242,1,10,SUZUKI SWIFT,8,E01027556,0,1
2024531395315,2024,531395315,2,9,0,-1,19,5,1,-1,0,0,0,0,4,6,1,1,-1,9,1,75,10,998,8,7,SUZUKI SWIFT,1,E01011626,0,5
2024221522165,2024,221522165,1,9,0,-1,19,5,1,-1,0,8,0,10,1,1,1,1,-1,6,2,29,6,1242,1,13,SUZUKI SWIFT,6,E01014078,0,1
2024010511986,2024,010511986,2,9,0,7,7,5,6,0,0,8,0,0,0,0,1,1,6,6,2,42,7,1242,1,12,SUZUKI SWIFT,3,E01004719,0,1
2024320533678,2024,320533678,1,9,0,-1,-1,8,4,0,0,2,0,0,0,0,1,1,-1,-1,2,20,4,1490,1,17,SUZUKI SWIFT,8,E01026200,0,4
2024131444186,2024,131444186,2,9,0,-1,19,5,1,-1,0,0,0,0,0,0,1,1,-1,9,2,32,6,1197,8,3,SUZUKI SWIFT,4,E01011477,0,3
2024320649287,2024,320649287,1,9,0,7,7,8,2,0,0,5,0,0,7,10,1,1,-1,-1,1,64,9,1197,8,1,SUZUKI SWIFT,2,E01011856,0,4
2024520403059,2024,520403059,1,9,0,16,19,1,3,0,0,8,0,0,0,0,1,1,6,6,2,18,4,998,8,6,SUZUKI SWIFT,6,E01029271,0,2
2024231528646,2024,231528646,1,9,0,-1,19,8,5,-1,0,0,0,0,0,0,1,9,-1,1,1,27,6,998,8,5,SUZUKI SWIFT,2,E01009679,0,3
2024201472650,2024,201472650,1,9,0,-1,9,2,7,-1,0,5,0,0,0,0,3,1,-1,9,2,33,6,998,8,6,SUZUKI SWIFT,2,E01009516,0,2
2024552400315,2024,552400315,2,9,0,18,19,5,1,0,0,8,0,0,0,0,0,1,6,6,2,66,10,1197,8,2,SUZUKI SWIFT,6,E01020561,0,2
2024371504958,2024,371504958,1,9,0,-1,9,3,1,-1,0,8,0,0,0,0,3,1,-1,6,1,39,7,1490,1,15,SUZUKI SWIFT,4,E01030257,0,1
2024542023324,2024,542023324,1,9,0,18,19,5,1,0,0,0,0,0,0,0,1,1,6,6,3,-1,-1,998,1,6,SUZUKI SWIFT,-1,-1,0,-1
2024201521097,2024,201521097,2,9,0,-1,19,3,7,-1,0,2,0,0,0,0,3,1,-1,2,2,30,6,1242,1,7,SUZUKI SWIFT,3,E01008957,0,3
2024320424652,2024,320424652,1,9,0,-1,-1,8,4,0,0,6,0,0,7,11,1,1,-1,-1,2,92,11,998,1,5,SUZUKI SWIFT,5,E01026373,0,1
2024411417735,2024,411417735,1,9,0,-1,-1,1,5,-1,-1,0,1,0,0,0,3,9,-1,-1,1,28,6,1490,1,18,SUZUKI SWIFT,7,E01023704,0,2
2024531502554,2024,531502554,1,9,0,-1,19,3,7,-1,0,0,0,0,0,0,3,1,-1,6,2,59,9,1373,1,6,SUZUKI SWIFT,9,E01031935,0,4
2024061419995,2024,061419995,3,9,0,-1,2,0,0,-1,0,1,0,0,0,0,1,1,-1,6,1,-1,-1,1242,1,9,SUZUKI SWIFT,-1,-1,0,-1
2024461458530,2024,461458530,2,9,0,-1,9,7,5,-1,0,1,0,0,0,0,3,1,-1,6,1,63,9,1490,1,18,SUZUKI SWIFT,5,E01024356,0,1
2024131397433,2024,131397433,1,9,0,-1,19,5,1,-1,0,4,0,0,0,0,3,1,-1,2,2,50,8,1242,1,10,SUZUKI SWIFT,5,E01011821,0,3
2024520002647,2024,520002647,2,9,0,18,19,4,8,0,0,0,0,0,0,0,1,1,6,6,1,23,5,1242,1,8,SUZUKI SWIFT,1,E01007873,0,5
2024421406205,2024,421406205,2,9,0,-1,19,1,5,-1,0,0,0,0,0,0,2,1,-1,6,2,62,9,998,8,5,SUZUKI SWIFT,7,E01032394,0,5
2024141455005,2024,141455005,2,9,0,-1,19,6,3,-1,0,1,0,0,0,0,1,1,-1,9,2,35,6,1242,1,11,SUZUKI SWIFT,5,E01007441,0,1
2024440170118,2024,440170118,1,9,0,3,3,2,6,0,0,0,0,0,0,0,2,1,1,1,2,24,5,1242,1,11,SUZUKI SWIFT,7,E01023150,0,1
2024340WN4932,2024,340WN4932,2,9,0,-1,4,1,5,-1,0,0,0,0,0,0,2,1,-1,9,2,37,7,1490,1,18,SUZUKI SWIFT,10,E01027295,0,2
2024131529055,2024,131529055,1,9,0,-1,9,8,4,-1,0,8,0,0,0,0,1,1,-1,9,1,84,11,1197,8,1,SUZUKI SWIFT,10,E01011190,0,1
2024031427127,2024,031427127,1,9,0,-1,19,6,2,-1,0,0,0,0,0,0,3,1,-1,6,1,81,11,1242,1,13,SUZUKI SWIFT,3,E01019210,0,1
2024440161057,2024,440161057,1,9,0,9,9,1,7,0,0,8,0,0,0,0,3,1,1,1,2,18,4,1490,1,18,SUZUKI SWIFT,8,E01017302,0,1
2024471523906,2024,471523906,1,9,0,-1,9,6,4,-1,0,6,0,0,0,0,3,1,-1,2,2,53,8,1328,1,14,SUZUKI SWIFT,9,E01031733,0,1
2024501436149,2024,501436149,2,9,0,-1,19,1,5,-1,0,1,0,0,0,0,4,1,-1,9,2,38,7,1197,8,1,SUZUKI SWIFT,5,E01033289,0,4
2024221441968,2024,221441968,2,9,0,-1,19,1,5,-1,0,0,0,0,0,0,3,1,-1,9,2,51,8,998,8,6,SUZUKI SWIFT,8,E01013242,0,5
2024231401112,2024,231401112,2,9,0,-1,19,7,3,-1,0,8,0,0,0,0,1,1,-1,6,1,73,10,993,1,22,SUZUKI SWIFT,6,E01031017,0,1
2024211510497,2024,211510497,1,9,0,-1,5,3,7,-1,0,0,0,0,0,0,1,1,-1,9,2,41,7,1490,1,17,SUZUKI SWIFT,2,E01014339,0,1
2024471441519,2024,471441519,2,9,0,-1,19,2,6,-1,0,0,5,0,0,0,1,1,-1,9,2,32,6,998,1,7,SUZUKI SWIFT,9,E01021231,0,4
2024201494649,2024,201494649,1,9,0,-1,19,6,2,-1,0,0,1,0,0,0,1,1,-1,6,1,23,5,1490,1,15,SUZUKI SWIFT,1,E01010410,0,1
2024522401875,2024,522401875,1,9,0,9,9,2,8,0,0,5,0,0,0,0,4,1,6,6,1,32,6,1242,1,9,SUZUKI SWIFT,2,E01014497,0,1
2024052402225,2024,052402225,2,9,0,2,2,0,0,0,0,0,0,0,0,0,2,1,6,6,3,-1,-1,1490,1,16,SUZUKI SWIFT,-1,-1,0,-1
2024201553460,2024,201553460,2,9,0,-1,2,0,0,-1,9,0,0,0,0,0,4,9,-1,6,1,63,9,1242,1,13,SUZUKI SWIFT,1,E01009341,0,1
2024320040380,2024,320040380,1,9,0,4,4,8,4,0,0,1,0,0,0,0,1,1,-1,-1,2,68,10,998,1,7,SUZUKI SWIFT,10,E01025780,0,4
2024052401384,2024,052401384,2,9,0,7,7,2,4,0,0,1,0,0,0,0,1,1,6,6,2,18,4,1242,1,9,SUZUKI SWIFT,6,E01007164,0,1
2024101405862,2024,101405862,2,9,0,-1,2,7,3,-1,0,0,0,0,0,0,4,1,-1,6,3,-1,-1,1242,1,12,SUZUKI SWIFT,-1,-1,0,-1
2024061522230,2024,061522230,1,9,0,-1,20,5,1,-1,0,0,0,0,0,0,1,1,-1,2,2,58,9,998,1,7,SUZUKI SWIFT,-1,-1,0,-1
2024520402473,2024,520402473,1,9,0,17,19,7,3,0,0,0,5,0,2,4,4,1,6,6,1,47,8,1490,1,17,SUZUKI SWIFT,4,E01019932,0,3
202417M105524,2024,17M105524,1,9,0,-1,3,2,6,-1,0,1,0,0,0,0,2,1,-1,9,2,26,6,1586,1,9,SUZUKI SWIFT,-1,-1,0,-1
2024111490637,2024,111490637,2,9,0,-1,7,1,5,-1,0,0,0,0,0,0,4,1,-1,6,2,54,8,1197,8,3,SUZUKI SWIFT,7,E01012351,0,1
2024401428231,2024,401428231,1,9,0,-1,5,3,7,-1,0,5,0,0,0,0,1,1,-1,2,2,60,9,1490,1,15,SUZUKI SWIFT,2,E01015772,0,1
2024622400443,2024,622400443,1,9,0,18,19,1,5,0,0,8,0,10,1,0,1,1,6,6,1,22,5,1586,1,8,SUZUKI SWIFT,4,W01001001,0,1
2024221535686,2024,221535686,1,9,0,-1,4,7,2,-1,0,2,1,12,0,0,1,1,-1,2,1,42,7,1242,1,11,SUZUKI SWIFT,8,W01000494,0,3
2024131430614,2024,131430614,2,9,0,-1,19,1,1,-1,0,1,0,0,0,0,1,1,-1,6,2,32,6,1328,1,17,SUZUKI SWIFT,1,E01010832,0,1
202454E647524,2024,54E647524,2,9,0,18,19,8,4,0,0,0,0,0,0,0,2,1,2,2,1,22,5,1328,1,16,SUZUKI SWIFT,6,E01022169,0,4
2024211536236,2024,211536236,1,9,0,-1,19,7,3,-1,0,1,0,0,0,0,1,1,-1,9,2,34,6,1242,1,11,SUZUKI SWIFT,-1,-1,0,-1
2024471484731,2024,471484731,2,9,0,-1,20,4,8,-1,0,2,0,0,0,0,4,1,-1,9,2,44,7,1490,1,17,SUZUKI SWIFT,2,E01031437,0,1
2024440256691,2024,440256691,3,9,0,4,4,3,7,0,0,0,0,0,0,0,1,1,6,6,1,19,4,1242,1,11,SUZUKI SWIFT,3,E01022916,0,3
2024041513375,2024,041513375,3,9,0,-1,19,1,5,-1,0,0,0,0,1,0,1,1,-1,6,2,45,7,1242,1,12,SUZUKI SWIFT,6,E01019335,0,4
2024131524086,2024,131524086,2,9,0,-1,19,4,8,-1,9,8,0,0,0,0,1,1,-1,6,1,27,6,1328,1,17,SUZUKI SWIFT,1,E01010625,0,1
2024131404834,2024,131404834,1,9,0,-1,7,7,4,-1,0,8,0,0,0,0,1,1,-1,9,1,18,4,1328,1,13,SUZUKI SWIFT,1,E01011917,0,2
2024101426470,2024,101426470,1,9,0,-1,2,5,1,-1,0,0,0,0,0,0,0,1,-1,6,1,39,7,1242,1,11,SUZUKI SWIFT,6,E01008314,0,1
2024201514443,2024,201514443,1,9,0,-1,19,1,5,-1,0,1,0,0,0,0,1,1,-1,6,1,28,6,1586,1,16,SUZUKI SWIFT,1,E01009013,0,1
2024141463996,2024,141463996,1,9,0,-1,19,2,7,-1,0,1,0,0,0,0,1,1,-1,9,2,40,7,1242,1,13,SUZUKI SWIFT,9,E01007442,0,1
2024221410566,2024,221410566,2,9,0,-1,19,8,4,-1,0,0,0,0,0,0,1,1,-1,6,2,30,6,1328,1,18,SUZUKI SWIFT,3,E01032310,0,2
2024010518246,2024,010518246,3,9,0,4,4,1,5,0,0,1,0,4,0,0,2,1,6,6,2,81,11,1328,1,15,SUZUKI SWIFT,5,E01002024,0,2
2024991536055,2024,991536055,1,9,0,-1,19,7,3,-1,0,0,0,0,0,0,4,1,-1,6,1,49,8,1242,1,10,SUZUKI SWIFT,8,-1,0,2
2024201505373,2024,201505373,2,9,0,-1,19,2,6,-1,0,0,0,10,1,1,1,9,-1,6,1,-1,-1,1586,1,14,SUZUKI SWIFT,3,E01010324,0,1
2024430389028,2024,430389028,1,9,0,18,19,8,5,0,0,0,0,0,0,0,1,1,2,2,2,28,6,1328,1,16,SUZUKI SWIFT,8,E01017688,0,2
2024052400272,2024,052400272,1,9,0,18,19,1,6,0,0,8,0,0,0,0,3,1,6,6,2,72,10,1197,8,3,SUZUKI SWIFT,1,E01006480,0,1
2024411578127,2024,411578127,7,9,0,-1,19,7,3,-1,0,0,0,0,4,0,1,1,-1,6,1,42,7,998,8,6,SUZUKI SWIFT,10,-1,0,5
2024631489993,2024,631489993,1,9,0,-1,13,6,3,-1,0,0,0,0,0,0,1,1,-1,6,1,38,7,1197,8,3,SUZUKI SWIFT,1,E01024987,0,5
2024351411933,2024,351411933,2,9,0,-1,9,7,1,-1,0,4,0,0,0,0,4,9,-1,2,1,43,7,1586,1,9,SUZUKI SWIFT,8,E01035397,0,4
2024161430256,2024,161430256,2,9,0,-1,19,5,1,-1,0,8,0,0,0,0,1,1,-1,9,1,26,6,1490,1,16,SUZUKI SWIFT,1,E01013278,0,2
2024061447036,2024,061447036,1,9,0,-1,5,1,5,-1,0,0,0,0,0,0,-1,9,-1,6,1,76,11,1242,1,7,SUZUKI SWIFT,2,E01004931,0,1
2024430563339,2024,430563339,1,9,0,18,19,4,8,0,0,0,0,0,0,0,1,1,6,6,1,-1,-1,1490,1,18,SUZUKI SWIFT,-1,-1,0,-1
2024440431396,2024,440431396,3,9,0,4,4,7,3,0,0,1,0,0,0,0,2,1,2,2,1,31,6,993,1,21,SUZUKI SWIFT,10,E01023188,0,1
2024131535190,2024,131535190,3,9,0,-1,19,6,1,-1,0,1,0,0,0,0,4,1,-1,9,1,48,8,1197,8,2,SUZUKI SWIFT,9,E01011905,0,1
2024311404946,2024,311404946,1,9,0,-1,19,3,7,-1,0,6,0,0,0,0,1,9,-1,6,3,16,4,1490,1,17,SUZUKI SWIFT,-1,-1,0,-1
2024031481885,2024,031481885,1,9,0,-1,19,8,4,-1,0,0,0,0,0,0,1,1,-1,9,2,32,6,998,1,6,SUZUKI SWIFT,-1,-1,0,-1
2024461471118,2024,461471118,2,9,0,-1,15,1,5,-1,0,0,0,0,0,0,2,9,-1,6,2,-1,-1,1242,1,10,SUZUKI SWIFT,7,E01024569,0,2
2024522403448,2024,522403448,1,9,0,18,19,7,3,0,0,6,0,0,0,0,1,1,6,6,1,62,9,1242,1,12,SUZUKI SWIFT,2,E01014497,0,3
2024101413827,2024,101413827,1,9,0,-1,9,5,3,-1,0,1,0,0,0,0,1,9,-1,9,1,41,7,1490,1,16,SUZUKI SWIFT,3,E01008451,0,1
2024471417733,2024,471417733,1,9,0,-1,19,6,2,-1,0,0,0,0,0,0,1,1,-1,6,2,88,11,998,1,6,SUZUKI SWIFT,7,E01021140,0,1
2024311489346,2024,311489346,1,9,0,-1,2,6,2,-1,0,1,0,0,0,0,2,1,-1,6,3,28,6,1242,1,7,SUZUKI SWIFT,3,E01035506,0,2
2024531442706,2024,531442706,2,9,0,-1,19,1,5,-1,0,0,0,0,0,0,4,1,-1,6,1,28,6,1242,1,11,SUZUKI SWIFT,6,E01022155,0,1
2024131420960,2024,131420960,1,9,0,-1,19,2,6,-1,0,8,0,0,0,0,4,1,-1,2,-1,42,7,1242,1,10,SUZUKI SWIFT,6,E01011012,0,2
2024430438542,2024,430438542,1,9,0,18,19,2,6,0,0,0,0,0,0,0,1,1,6,6,1,42,7,1242,1,10,SUZUKI SWIFT,4,E01016727,0,1
2024631473584,2024,631473584,1,9,0,-1,11,7,3,-1,0,0,1,4,0,0,1,1,-1,6,1,22,5,1242,1,10,SUZUKI SWIFT,4,W01000718,0,1
2024461405723,2024,461405723,1,9,0,-1,9,5,1,-1,0,5,0,0,7,0,4,1,-1,6,2,18,4,1242,1,13,SUZUKI SWIFT,2,E01023975,0,2
2024552401054,2024,552401054,2,9,0,4,4,7,3,0,0,8,0,0,0,0,1,1,6,6,1,17,4,1328,1,19,SUZUKI SWIFT,2,E01020553,0,2
2024610024224,2024,610024224,1,9,0,9,9,4,2,0,0,5,0,0,0,0,3,1,6,6,1,82,11,1328,1,17,SUZUKI SWIFT,1,W01001364,0,1
2024440030361,2024,440030361,1,9,0,7,7,8,2,0,0,6,0,0,0,0,3,1,2,2,2,47,8,998,1,4,SUZUKI SWIFT,4,E01017217,0,1
2024991529484,2024,991529484,4,9,0,-1,2,0,0,-1,0,2,0,0,0,0,2,1,-1,6,-1,-1,-1,1242,1,13,SUZUKI SWIFT,-1,-1,0,-1
2024010512060,2024,010512060,2,9,0,1,1,3,7,0,0,5,0,0,0,0,2,1,6,6,1,57,9,1328,1,17,SUZUKI SWIFT,3,E01001466,0,1
2024201475006,2024,201475006,1,9,0,-1,19,1,5,-1,0,1,0,0,0,0,1,1,-1,6,1,20,4,1242,1,13,SUZUKI SWIFT,1,E01009328,0,1
2024451433690,2024,451433690,1,9,0,-1,19,8,4,-1,99,6,0,0,0,0,4,1,-1,9,1,27,6,1242,1,12,SUZUKI SWIFT,10,E01030487,0,1
2024221521570,2024,221521570,2,9,0,-1,4,4,1,-1,0,0,0,0,0,0,2,1,-1,6,2,49,8,1242,1,5,SUZUKI SWIFT,5,E01032384,0,4
2024201494377,2024,201494377,1,9,0,-1,19,5,1,-1,0,0,0,0,0,0,1,1,-1,6,1,18,4,1328,1,15,SUZUKI SWIFT,2,E01009742,0,1
2024201520122,2024,201520122,3,9,0,-1,19,4,7,-1,0,6,0,0,0,0,2,1,-1,6,-1,-1,-1,1490,1,14,SUZUKI SWIFT,-1,-1,0,-1
2024111438665,2024,111438665,2,9,0,-1,9,1,7,-1,0,1,0,0,0,0,3,1,-1,9,2,30,6,1373,1,5,SUZUKI SWIFT,2,E01012362,0,1
2024440353787,2024,440353787,4,9,0,2,2,0,0,0,0,0,0,0,0,0,3,1,6,6,3,-1,-1,1586,1,13,SUZUKI SWIFT,-1,-1,0,-1
2024101447874,2024,101447874,1,9,0,-1,19,7,3,-1,0,0,0,0,0,0,4,1,-1,9,2,44,7,1328,1,18,SUZUKI SWIFT,3,E01034512,0,1
2024320708129,2024,320708129,2,9,0,2,2,0,0,0,0,2,0,0,0,0,3,1,6,6,3,-1,-1,1242,1,12,SUZUKI SWIFT,-1,-1,0,-1
2024010530070,2024,010530070,3,9,0,3,3,7,3,0,0,1,0,0,0,0,2,1,6,6,1,62,9,1242,1,12,SUZUKI SWIFT,9,E01000350,0,1
2024010512560,2024,010512560,2,9,0,99,99,9,9,99,99,6,9,99,9,99,9,9,6,6,3,-1,-1,1242,8,6,SUZUKI SWIFT,-1,-1,0,-1
2024141533335,2024,141533335,2,9,0,-1,3,6,4,-1,0,1,0,0,0,0,3,1,-1,6,1,50,8,1586,1,9,SUZUKI SWIFT,1,E01007873,0,2
2024010550357,2024,010550357,2,9,0,99,99,9,9,99,99,9,9,99,9,99,9,9,6,6,3,-1,-1,1242,1,11,SUZUKI SWIFT,-1,-1,0,-1
2024552401098,2024,552401098,1,9,0,18,19,8,4,0,0,0,0,0,0,0,1,1,6,6,1,19,4,1490,1,15,SUZUKI SWIFT,2,E01020347,0,1
2024320459319,2024,320459319,2,9,0,-1,-1,8,4,0,0,8,0,0,0,0,4,1,6,6,1,77,11,1328,1,14,SUZUKI SWIFT,7,E01026281,0,1
2024332401168,2024,332401168,1,9,0,-1,19,5,1,-1,0,8,0,0,0,0,1,1,-1,6,1,24,5,1328,1,15,SUZUKI SWIFT,5,E01013756,0,1
2024061456228,2024,061456228,2,9,0,-1,19,3,7,-1,0,2,0,0,0,0,4,1,-1,9,2,25,5,1586,1,10,SUZUKI SWIFT,1,E01004863,0,1
2024141498231,2024,141498231,2,9,0,-1,19,3,7,-1,0,0,0,0,0,0,1,1,-1,6,3,-1,-1,1242,1,8,SUZUKI SWIFT,-1,-1,0,-1
2024471396747,2024,471396747,1,9,0,-1,19,4,1,-1,0,0,1,0,1,10,4,1,-1,2,2,27,6,1197,8,3,SUZUKI SWIFT,10,E01031650,0,1
2024031426894,2024,031426894,2,9,0,-1,19,6,3,-1,0,1,0,0,0,0,1,1,-1,9,2,28,6,1242,1,11,SUZUKI SWIFT,-1,-1,0,-1
2024010522878,2024,010522878,2,9,0,99,99,9,9,99,99,9,9,99,9,99,9,9,6,6,1,-1,-1,1242,1,10,SUZUKI SWIFT,4,E01003409,0,1
2024302400767,2024,302400767,1,9,0,9,9,6,4,0,0,8,0,0,0,0,4,1,6,6,2,49,8,1242,1,11,SUZUKI SWIFT,2,E01013550,0,1
2024471422978,2024,471422978,1,9,0,-1,3,-1,-1,-1,99,1,0,0,0,0,2,2,-1,2,1,20,4,1242,1,9,SUZUKI SWIFT,9,E01020944,0,1
2024161508205,2024,161508205,1,9,0,-1,7,7,1,-1,0,8,0,0,0,0,1,1,-1,9,2,54,8,1242,1,11,SUZUKI SWIFT,8,E01012959,0,1
2024201408034,2024,201408034,2,9,0,-1,19,3,7,-1,0,1,0,0,0,0,1,9,-1,9,1,43,7,1328,1,13,SUZUKI SWIFT,4,E01010100,0,1
2024031529746,2024,031529746,2,9,0,-1,19,8,4,-1,0,1,0,0,0,0,2,1,-1,9,2,87,11,998,1,6,SUZUKI SWIFT,4,E01019229,0,3
2024522402941,2024,522402941,1,9,0,18,19,3,7,0,0,0,0,0,0,0,2,1,6,6,2,53,8,1328,1,14,SUZUKI SWIFT,8,E01014773,0,1
2024991395060,2024,991395060,1,9,0,-1,19,8,3,-1,0,0,2,0,1,4,1,1,-1,6,2,30,6,1328,1,16,SUZUKI SWIFT,4,-1,0,1
2024371408557,2024,371408557,2,9,0,-1,19,1,5,-1,0,1,0,0,0,0,1,1,-1,6,2,40,7,1328,1,17,SUZUKI SWIFT,-1,-1,0,-1