collision_index,collision_year,collision_ref_no,vehicle_reference,vehicle_type,towing_and_articulation,vehicle_manoeuvre_historic,vehicle_manoeuvre,vehicle_direction_from,vehicle_direction_to,vehicle_location_restricted_lane_historic,vehicle_location_restricted_lane,junction_location,skidding_and_overturning,hit_object_in_carriageway,vehicle_leaving_carriageway,hit_object_off_carriageway,first_point_of_impact,vehicle_left_hand_drive,journey_purpose_of_driver_historic,journey_purpose_of_driver,sex_of_driver,age_of_driver,age_band_of_driver,engine_capacity_cc,propulsion_code,age_of_vehicle,generic_make_model,driver_imd_decile,lsoa_of_driver,escooter_flag,driver_distance_banding
2024361470778,2024,361470778,1,9,0,-1,6,5,3,-1,0,0,0,7,1,10,2,1,-1,9,1,84,11,1242,1,10,SUZUKI SWIFT,4,E01026741,0,2
2024461445409,2024,461445409,2,9,0,-1,19,8,8,-1,0,0,0,0,0,0,1,9,-1,2,2,54,8,1242,1,9,SUZUKI SWIFT,5,E01024223,0,2
2024411418464,2024,411418464,2,9,0,-1,19,6,2,-1,0,2,0,0,0,0,3,1,-1,9,1,25,5,1490,1,17,SUZUKI SWIFT,3,E01023957,0,3
2024101488302,2024,101488302,1,9,0,-1,19,7,3,-1,0,6,0,0,0,0,4,1,-1,9,1,48,8,1328,1,16,SUZUKI SWIFT,-1,-1,0,-1
2024421433497,2024,421433497,1,9,0,-1,19,3,7,-1,0,0,0,0,0,0,3,1,-1,9,2,81,11,1490,1,17,SUZUKI SWIFT,3,E01021326,0,1
2024421433402,2024,421433402,2,90,0,-1,5,8,4,-1,0,0,0,0,0,0,1,1,-1,6,1,44,7,1642,2,3,MAKE AND MODEL REDACTED,3,E01015899,0,1
202417L406424,2024,17L406424,2,90,0,-1,9,5,3,-1,0,8,0,0,0,0,3,1,-1,1,1,31,6,1598,2,1,MAKE AND MODEL REDACTED,2,E01012168,0,2
2024421433402,2024,421433402,3,90,0,-1,5,8,4,-1,0,0,0,0,0,0,2,1,-1,1,1,58,9,1642,2,3,MAKE AND MODEL REDACTED,8,E01021933,0,2
2024421433402,2024,421433402,4,90,0,-1,5,8,4,-1,0,0,0,0,0,0,4,1,-1,1,1,36,7,1642,2,3,MAKE AND MODEL REDACTED,5,E01015835,0,2
2024501444747,2024,501444747,2,4,0,-1,19,7,3,-1,0,1,0,0,0,0,1,1,-1,9,1,77,11,750,1,47,TRIUMPH MODEL MISSING,5,E01019019,0,1
2024430424660,2024,430424660,1,5,0,18,19,1,5,0,0,1,0,0,0,0,4,1,6,6,1,53,8,885,1,28,TRIUMPH MODEL MISSING,10,E01017806,0,1
2024501487258,2024,501487258,2,5,0,-1,3,6,2,-1,0,8,5,0,0,0,2,1,-1,9,1,64,9,744,1,45,TRIUMPH MODEL MISSING,2,E01018911,0,2
2024461492600,2024,461492600,2,5,0,-1,19,3,7,-1,0,0,0,0,0,0,1,1,-1,6,1,67,10,744,1,46,TRIUMPH MODEL MISSING,6,E01024692,0,1
2024041470964,2024,041470964,2,5,0,-1,14,1,5,-1,0,1,0,0,0,0,1,1,-1,9,1,58,9,885,1,28,TRIUMPH MODEL MISSING,-1,-1,0,-1
2024031456561,2024,031456561,1,5,0,-1,19,2,6,-1,0,1,0,0,1,0,1,1,-1,6,1,61,9,865,1,18,TRIUMPH MODEL MISSING,6,E01024957,0,4
2024061531965,2024,061531965,1,4,0,-1,14,4,8,-1,0,0,1,0,0,0,1,1,-1,6,1,64,9,736,1,46,TRIUMPH MODEL MISSING,10,E01019727,0,3
2024501463737,2024,501463737,2,5,0,-1,19,3,7,-1,0,0,0,0,0,0,3,1,-1,6,1,35,6,1180,1,30,TRIUMPH MODEL MISSING,8,E01019889,0,3
2024320562017,2024,320562017,2,5,0,4,4,2,6,0,0,0,5,0,1,0,3,1,-1,-1,1,54,8,1180,1,31,TRIUMPH MODEL MISSING,10,E01026305,0,1
202417L105124,2024,17L105124,1,5,0,-1,19,2,6,-1,0,8,1,0,0,0,4,1,-1,9,1,60,9,741,1,-1,TRIUMPH MODEL MISSING,3,E01012117,0,1
2024531502792,2024,531502792,1,5,0,-1,13,3,7,-1,0,0,0,0,0,0,0,1,-1,6,1,-1,-1,741,1,50,TRIUMPH MODEL MISSING,5,E01022102,0,3
2024070949872,2024,070949872,1,5,0,-1,7,2,8,-1,0,1,1,0,0,0,3,1,-1,9,1,77,11,885,1,28,TRIUMPH MODEL MISSING,8,E01018661,0,1
2024101459013,2024,101459013,3,5,0,-1,19,5,1,-1,0,0,0,0,0,0,2,1,-1,9,1,41,7,885,1,29,TRIUMPH MODEL MISSING,4,E01008875,0,3
2024631481065,2024,631481065,1,5,0,-1,19,3,7,-1,0,0,0,0,0,0,1,1,-1,9,1,66,10,500,1,53,TRIUMPH MODEL MISSING,5,W01000576,0,1
2024031458107,2024,031458107,1,5,0,-1,4,5,1,-1,0,0,2,0,0,0,3,1,-1,2,1,55,8,2294,1,19,TRIUMPH MODEL MISSING,-1,-1,0,-1
2024361480155,2024,361480155,2,5,0,-1,13,7,3,-1,0,0,5,0,0,0,1,1,-1,6,1,65,9,1294,1,23,MAKE AND MODEL REDACTED,5,E01026487,0,2
2024461479808,2024,461479808,2,5,0,-1,14,0,0,-1,0,1,0,0,0,0,4,1,-1,6,1,32,6,1300,1,27,MAKE AND MODEL REDACTED,2,E01016152,0,2
2024131522407,2024,131522407,1,5,0,-1,5,2,6,-1,0,0,2,0,0,0,4,1,-1,6,1,52,8,1294,1,18,MAKE AND MODEL REDACTED,6,E01010927,0,1
2024440075277,2024,440075277,1,3,0,16,19,7,3,0,0,0,1,10,0,0,1,1,6,6,1,19,4,124,1,14,MAKE AND MODEL REDACTED,4,E01017297,0,1
2024361410950,2024,361410950,1,3,0,-1,19,5,1,-1,0,0,1,0,0,0,1,1,-1,6,1,18,4,124,1,14,MAKE AND MODEL REDACTED,3,E01026763,0,2
2024122400926,2024,122400926,1,3,0,18,19,5,1,0,0,1,0,0,0,0,0,1,6,6,1,17,4,124,1,12,MAKE AND MODEL REDACTED,3,E01013335,0,1
2024631473293,2024,631473293,1,3,0,-1,19,1,4,-1,0,0,0,0,7,10,1,1,-1,6,1,76,11,124,1,11,MAKE AND MODEL REDACTED,1,W01000504,0,4
2024991451297,2024,991451297,2,9,0,-1,7,3,5,-1,0,1,0,0,0,0,3,2,-1,9,1,46,8,1984,1,1,AUDI S3,4,-1,0,1
2024201460380,2024,201460380,1,9,0,-1,12,2,6,-1,0,1,0,0,0,0,1,9,-1,9,1,24,5,1984,1,7,AUDI S3,-1,-1,0,-1
2024552400501,2024,552400501,1,9,0,18,19,3,7,0,0,0,1,4,7,11,1,1,6,6,1,16,4,1984,1,8,AUDI S3,4,E01020571,0,1
2024461410896,2024,461410896,1,9,0,-1,19,7,3,-1,0,0,0,0,0,0,1,1,-1,6,1,35,6,1984,1,10,AUDI S3,10,E01000353,0,3
2024010536260,2024,010536260,1,9,0,-1,-1,5,1,0,0,1,0,0,0,0,3,1,6,6,3,-1,-1,1984,1,7,AUDI S3,-1,-1,0,-1
2024631527268,2024,631527268,1,9,0,-1,13,1,5,-1,0,0,1,0,1,9,4,1,-1,6,1,47,8,1984,1,13,AUDI S3,4,E01028914,0,1
2024311493075,2024,311493075,1,9,0,-1,4,2,6,-1,0,0,0,0,0,0,1,9,-1,6,1,34,6,1984,1,0,AUDI S3,-1,-1,0,-1
2024231432300,2024,231432300,1,9,0,-1,13,8,4,-1,0,8,1,0,0,0,3,9,-1,6,3,38,7,1984,1,7,AUDI S3,-1,-1,0,-1
2024122400459,2024,122400459,1,9,0,18,19,1,5,0,0,0,1,0,7,9,1,1,6,6,1,26,6,1984,1,13,AUDI S3,10,E01027660,0,2
2024991475470,2024,991475470,1,9,0,-1,19,8,4,-1,0,0,0,0,0,0,1,1,-1,6,1,21,5,1984,1,4,AUDI S3,5,-1,0,1
2024421444328,2024,421444328,2,9,0,-1,2,1,5,-1,0,0,0,0,0,0,2,1,-1,6,-1,-1,-1,1984,1,9,AUDI S3,-1,-1,0,-1
2024531498891,2024,531498891,1,9,0,-1,19,7,3,-1,0,0,5,0,1,0,1,9,-1,6,1,31,6,1984,1,5,AUDI S3,6,E01032372,0,1
2024211488261,2024,211488261,1,9,0,-1,13,2,6,-1,0,0,1,0,0,0,1,1,-1,6,1,26,6,1984,1,8,AUDI S3,6,E01010549,0,2
2024031410064,2024,031410064,1,9,0,-1,4,5,1,-1,0,0,0,0,0,0,2,1,-1,1,1,24,5,1984,1,10,AUDI S3,3,E01019210,0,4
2024201520207,2024,201520207,1,9,0,-1,19,4,8,-1,0,2,0,0,0,0,1,9,-1,6,1,-1,-1,1984,1,4,AUDI S3,2,E01034946,0,1
2024041461148,2024,041461148,2,9,0,-1,2,1,5,-1,0,1,0,0,0,0,3,1,-1,9,2,36,7,1984,1,8,AUDI S3,8,E01034347,0,1
2024131453248,2024,131453248,1,9,0,-1,15,7,3,-1,0,1,0,0,0,0,4,1,-1,6,3,-1,-1,1984,1,7,AUDI S3,-1,-1,0,-1
202454E477924,2024,54E477924,3,9,0,4,4,3,7,0,0,0,0,0,0,0,1,1,6,6,1,34,6,1984,1,2,AUDI S3,9,E01031939,0,4
2024221421844,2024,221421844,1,9,0,-1,12,4,8,-1,0,0,0,0,0,0,3,1,-1,9,1,28,6,1984,1,16,AUDI S3,3,E01008933,0,2
2024421520650,2024,421520650,1,9,0,-1,4,2,8,-1,0,8,0,0,7,0,1,1,-1,9,1,51,8,1984,1,2,AUDI S3,8,E01021920,0,1
2024201457737,2024,201457737,2,9,0,-1,19,2,6,-1,0,8,0,4,0,0,1,9,-1,6,1,27,6,1984,1,7,AUDI S3,2,E01010092,0,3
2024991411318,2024,991411318,4,9,0,-1,2,0,0,-1,0,0,0,0,0,0,1,1,-1,6,-1,-1,-1,1984,1,17,AUDI S3,-1,-1,0,-1
2024302400878,2024,302400878,1,9,0,13,13,5,1,0,0,8,0,0,0,0,4,1,6,6,3,-1,-1,1984,1,17,AUDI S3,5,E01019456,0,1
2024451429820,2024,451429820,1,9,0,-1,19,4,6,-1,0,0,1,0,0,0,1,1,-1,1,1,22,5,1984,1,8,AUDI S3,5,E01001230,0,4
2024440559140,2024,440559140,2,9,0,7,7,8,2,0,0,6,0,0,0,0,3,1,6,6,1,25,5,1984,1,6,AUDI S3,10,E01016707,0,2
2024010507074,2024,010507074,1,9,0,18,19,5,1,0,0,1,0,0,0,0,2,1,6,6,3,-1,-1,1984,1,7,AUDI S3,-1,-1,0,-1
2024041510199,2024,041510199,2,9,0,-1,19,5,1,-1,0,0,0,0,2,0,1,1,-1,9,1,30,6,1984,1,9,AUDI S3,-1,-1,0,-1
2024111513760,2024,111513760,2,9,0,-1,3,2,6,-1,0,2,0,0,0,0,2,1,-1,9,1,51,8,1984,1,5,AUDI S3,9,E01020635,0,1
2024010504507,2024,010504507,1,9,0,99,99,9,9,99,99,9,9,99,9,99,9,9,6,6,1,26,6,1984,1,7,AUDI S3,6,E01002022,0,2
2024991520241,2024,991520241,1,9,0,-1,19,3,7,-1,0,4,0,0,1,11,3,1,-1,9,1,38,7,1984,1,10,AUDI S3,1,-1,0,2
2024031526391,2024,031526391,2,9,0,-1,19,1,5,-1,0,0,0,0,0,0,1,1,-1,2,1,50,8,1984,1,6,AUDI S3,4,-1,0,3
2024411447314,2024,411447314,1,9,0,-1,19,6,1,-1,0,6,0,0,0,0,1,1,-1,6,1,58,9,1984,1,6,AUDI S3,9,E01023290,0,1
2024061503553,2024,061503553,1,9,0,-1,1,3,7,-1,0,8,0,0,0,0,-1,9,-1,6,3,-1,-1,1984,1,8,AUDI S3,-1,-1,0,-1
2024991412652,2024,991412652,1,9,0,-1,19,5,1,-1,0,0,1,0,1,0,1,1,-1,6,1,20,4,1984,1,17,AUDI S3,10,-1,0,1
2024201553873,2024,201553873,2,9,0,-1,2,0,0,-1,0,2,0,0,0,0,1,1,-1,9,1,22,5,1984,1,8,AUDI S3,3,E01009199,0,2
2024421443836,2024,421443836,1,9,0,-1,19,3,7,-1,0,0,0,0,0,0,4,1,-1,6,1,24,5,1984,1,5,AUDI S3,5,E01021518,0,2
2024201435482,2024,201435482,1,9,0,-1,19,5,1,-1,0,6,0,0,0,0,4,9,-1,6,1,18,4,1984,1,5,AUDI S3,3,E01008973,0,1
2024131478909,2024,131478909,1,9,0,-1,19,3,7,-1,0,0,0,0,0,0,1,1,-1,6,3,30,6,1984,1,5,AUDI S3,-1,-1,0,-1
2024010528140,2024,010528140,2,9,0,18,19,3,7,0,0,1,0,0,0,0,1,1,2,2,1,24,5,1984,1,10,AUDI S3,3,E01001436,0,1
2024991534653,2024,991534653,2,9,0,-1,5,5,1,-1,-1,0,1,4,2,0,1,1,-1,6,1,41,7,1984,1,1,AUDI S3,5,-1,0,1
2024122401186,2024,122401186,1,9,0,9,9,6,4,0,0,8,0,0,0,0,1,1,2,2,2,54,8,1984,1,5,AUDI S3,8,E01027682,0,2
2024131469563,2024,131469563,1,9,0,-1,-1,-1,-1,-1,-1,0,-1,-1,-1,-1,-1,1,-1,6,3,-1,-1,1984,1,5,AUDI S3,-1,-1,0,-1
2024010541137,2024,010541137,1,9,0,9,9,1,7,0,0,8,0,0,0,0,3,1,6,6,1,26,6,1984,1,9,AUDI S3,10,E01023711,0,4
2024010526729,2024,010526729,3,9,0,18,19,7,3,0,0,8,0,0,0,0,4,1,6,6,3,-1,-1,1984,1,3,AUDI S3,-1,-1,0,-1
202454A986624,2024,54A986624,1,9,0,18,19,4,8,0,0,0,2,10,1,10,1,1,6,6,1,48,8,1984,1,0,AUDI S3,9,E01032035,0,1
2024061522458,2024,061522458,1,9,0,-1,19,1,5,-1,0,0,0,0,0,0,3,1,-1,6,1,-1,-1,1984,1,4,AUDI S3,-1,-1,0,-1
2024332400238,2024,332400238,2,9,0,-1,19,7,3,-1,0,8,0,0,0,0,1,1,-1,6,3,-1,-1,1984,1,17,AUDI S3,-1,-1,0,-1
2024471460147,2024,471460147,1,9,0,-1,9,3,1,-1,0,8,0,0,0,0,3,1,-1,9,2,37,7,1984,1,8,AUDI S3,5,E01031611,0,1
2024411497662,2024,411497662,1,9,0,-1,19,8,4,-1,0,8,0,0,0,0,3,1,-1,1,2,35,6,1984,1,13,AUDI S3,3,E01023613,0,2
2024451505077,2024,451505077,1,9,0,-1,19,5,1,-1,0,0,1,0,1,4,3,1,-1,9,1,20,4,1781,1,23,AUDI S3,10,E01030868,0,1
2024471481569,2024,471481569,1,9,0,-1,5,3,7,-1,0,3,1,0,7,0,3,1,-1,6,1,30,6,1984,1,8,AUDI S3,5,E01031571,0,2
2024041482371,2024,041482371,2,9,0,-1,2,0,0,-1,0,0,0,0,0,0,1,1,-1,1,1,34,6,1984,1,2,AUDI S3,2,E01025292,0,3
2024010531665,2024,010531665,2,9,0,3,3,1,5,0,0,6,0,0,0,0,1,1,6,6,1,60,9,1984,1,12,AUDI S3,3,E01000750,0,1
2024361415219,2024,361415219,1,9,0,-1,5,1,2,-1,5,0,0,0,0,0,1,1,-1,6,1,35,6,1984,1,7,AUDI S3,1,E01026625,0,4
2024411578127,2024,411578127,2,9,0,-1,4,7,3,-1,0,0,1,0,4,0,1,1,-1,6,1,38,7,1984,1,7,AUDI S3,6,E01035607,0,2
2024522403324,2024,522403324,1,9,0,18,19,5,1,0,0,0,0,0,0,0,2,1,6,6,1,24,5,1984,1,8,AUDI S3,3,E01020791,0,5
2024061420579,2024,061420579,1,9,0,-1,-1,-1,-1,-1,-1,-1,-1,-1,-1,0,-1,1,-1,6,3,-1,-1,1984,1,9,AUDI S3,-1,-1,0,-1
2024201506205,2024,201506205,1,9,0,-1,13,8,4,-1,0,0,0,0,0,0,1,1,-1,6,1,20,4,1984,1,7,AUDI S3,1,E01033643,0,1
2024131470233,2024,131470233,1,9,0,-1,19,3,7,-1,0,8,0,0,0,0,1,1,-1,6,1,27,6,1984,1,4,AUDI S3,1,E01033697,0,2
2024201437811,2024,201437811,1,9,0,-1,19,6,2,-1,0,1,0,0,0,0,1,1,-1,6,1,23,5,1984,1,8,AUDI S3,2,E01010439,0,1
2024201536040,2024,201536040,7,9,0,-1,19,6,2,-1,0,0,0,0,0,0,0,1,-1,1,1,35,6,1984,1,0,AUDI S3,-1,-1,0,-1
202460Q089998,2024,60Q089998,1,9,0,18,19,7,3,0,0,0,5,0,1,9,1,1,6,6,1,42,7,1781,1,21,AUDI S3,-1,-1,0,-1
2024411460823,2024,411460823,1,9,0,-1,9,-1,-1,-1,0,1,0,0,0,0,1,9,-1,6,1,38,7,1984,1,8,AUDI S3,10,E01023657,0,4
2024010545427,2024,010545427,1,9,0,3,3,7,3,0,0,0,0,0,0,0,0,1,6,6,1,32,6,1781,1,22,AUDI S3,1,E01001429,0,4
2024211502088,2024,211502088,2,9,0,-1,19,3,7,-1,0,0,0,0,0,0,0,1,-1,9,1,23,5,1984,1,6,AUDI S3,6,E01014267,0,3
2024010504652,2024,010504652,2,9,0,4,4,5,1,0,0,0,0,0,0,0,0,2,6,6,3,-1,-1,1984,1,3,AUDI S3,-1,-1,0,-1
2024440343302,2024,440343302,2,9,0,18,19,8,4,0,0,8,0,0,0,0,4,1,6,6,1,49,8,1984,1,2,AUDI S3,9,E01022667,0,3
2024451497517,2024,451497517,1,9,0,-1,9,3,7,-1,0,6,0,0,0,0,1,9,-1,6,1,32,6,1781,1,23,AUDI S3,7,E01002944,0,3
2024522401629,2024,522401629,2,9,0,18,19,8,4,0,0,8,0,0,0,0,1,1,6,6,1,49,8,1984,1,8,AUDI S3,10,E01014911,0,1
2024430506898,2024,430506898,1,9,0,18,19,6,2,0,0,6,0,0,3,4,1,1,2,2,1,23,5,1984,1,0,AUDI S3,-1,-1,0,-1
2024991534929,2024,991534929,1,9,0,-1,19,7,3,-1,0,4,0,0,0,0,1,1,-1,6,3,37,7,1984,1,10,AUDI S3,2,-1,0,1
2024201427386,2024,201427386,1,9,0,-1,19,6,2,-1,0,8,0,0,0,0,1,9,-1,6,-1,-1,-1,1984,1,8,AUDI S3,-1,-1,0,-1
2024332400984,2024,332400984,2,9,0,-1,19,7,3,-1,0,0,0,0,0,0,0,1,-1,6,1,25,5,1984,1,8,AUDI S3,8,E01025857,0,1
2024440422115,2024,440422115,1,9,0,18,19,8,4,0,0,0,0,0,0,0,1,1,6,6,1,-1,-1,1984,1,8,AUDI S3,-1,-1,0,-1
2024471399480,2024,471399480,2,9,0,-1,19,8,4,-1,0,0,0,0,8,0,1,1,-1,6,1,19,4,1984,1,14,AUDI S3,5,E01031806,0,1
2024430097651,2024,430097651,1,9,0,9,9,3,8,0,0,6,0,0,0,0,2,1,2,2,1,46,8,1984,1,3,AUDI S3,7,E01027858,0,5
2024052402017,2024,052402017,1,9,0,9,9,1,7,0,0,8,0,0,0,0,1,1,6,6,1,54,8,1984,1,7,AUDI S3,2,E01007205,0,3
2024141524634,2024,141524634,1,9,0,-1,19,6,2,-1,0,0,0,4,0,0,1,1,-1,6,1,19,4,1984,1,9,AUDI S3,7,E01007798,0,1
2024471448555,2024,471448555,1,9,0,-1,19,2,6,-1,0,0,0,0,0,0,1,1,-1,9,1,29,6,1984,1,5,AUDI S3,9,E01021226,0,2
2024010505826,2024,010505826,2,9,0,13,13,4,8,0,0,1,0,0,0,0,4,1,6,6,1,34,6,1984,1,0,AUDI S3,7,E01003369,0,2
2024531513991,2024,531513991,1,9,0,-1,19,3,7,-1,0,1,0,0,0,0,1,1,-1,6,2,38,7,1984,1,2,AUDI S3,7,E01022198,0,1
2024430627367,2024,430627367,1,9,0,13,13,5,1,0,0,0,2,0,7,4,1,1,6,6,1,34,6,1984,1,15,AUDI S3,4,E01035746,0,3
2024332400044,2024,332400044,1,9,0,-1,19,1,5,-1,0,8,0,0,1,11,1,1,-1,9,1,25,5,1984,1,8,AUDI S3,5,E01013770,0,2
2024131510011,2024,131510011,2,9,0,-1,7,1,3,-1,0,0,0,0,0,0,2,1,-1,6,1,25,5,1984,1,6,AUDI S3,2,E01011224,0,1
2024061508504,2024,061508504,2,9,0,-1,19,1,5,-1,0,0,0,0,0,0,0,1,-1,1,1,38,7,1984,1,2,AUDI S3,1,E01034113,0,2
2024061521992,2024,061521992,1,9,0,-1,4,-1,-1,-1,99,0,0,0,0,0,1,1,-1,6,1,44,7,1984,1,10,AUDI S3,9,E01006091,0,1
2024131402610,2024,131402610,1,9,0,-1,19,5,1,-1,0,8,0,0,0,0,3,1,-1,6,3,-1,-1,1984,1,7,AUDI S3,-1,-1,0,-1
2024201475742,2024,201475742,1,9,0,-1,19,8,3,-1,0,1,0,10,1,2,4,1,-1,9,2,34,6,1984,1,5,AUDI S3,4,E01016955,0,5
2024302400696,2024,302400696,1,9,0,9,9,3,5,0,0,8,0,0,0,0,3,1,6,6,1,35,6,1984,1,8,AUDI S3,4,E01013494,0,1
2024340WN6962,2024,340WN6962,1,9,0,-1,12,5,1,-1,0,0,0,0,0,0,1,1,-1,6,2,49,8,1984,1,10,AUDI S3,8,E01027285,0,2
2024131527504,2024,131527504,2,9,0,-1,19,6,2,-1,0,0,0,0,0,0,1,1,-1,6,1,26,6,1984,1,12,AUDI S3,1,E01027907,0,4
2024131480597,2024,131480597,2,9,0,-1,19,1,5,-1,0,0,0,0,0,0,1,1,-1,2,1,27,6,1984,1,4,AUDI S3,5,E01027649,0,3
2024131508614,2024,131508614,2,9,0,-1,-1,-1,-1,-1,-1,-1,-1,-1,-1,-1,-1,1,-1,2,1,29,6,1984,1,6,AUDI S3,2,E01011016,0,1
2024351477756,2024,351477756,3,9,0,-1,19,1,7,-1,0,6,0,0,0,0,2,1,-1,6,1,32,6,1984,1,6,AUDI S3,6,E01015653,0,1
2024440434497,2024,440434497,1,9,0,13,13,6,2,0,0,0,0,0,0,0,1,1,2,2,1,30,6,1984,1,9,AUDI S3,10,E01016384,0,4
2024201528571,2024,201528571,1,9,0,-1,19,1,5,-1,0,0,0,0,7,9,3,1,-1,6,1,34,6,1984,1,2,AUDI S3,3,E01033562,0,2
2024061506691,2024,061506691,2,9,0,-1,99,-1,-1,-1,0,0,0,0,0,0,1,1,-1,6,2,-1,-1,1984,1,16,AUDI S3,2,E01005188,0,2
2024411529193,2024,411529193,3,9,-1,-1,-1,-1,-1,-1,-1,0,-1,-1,-1,0,-1,9,-1,6,3,-1,-1,1984,1,2,AUDI S3,-1,-1,0,-1
2024131415154,2024,131415154,1,9,0,-1,5,1,3,-1,0,0,0,0,0,0,3,1,-1,1,1,24,5,1984,1,9,AUDI S3,1,E01011036,0,3
2024461530142,2024,461530142,1,9,0,-1,19,7,3,-1,0,0,1,4,0,0,1,1,-1,6,1,20,4,1781,1,24,AUDI S3,6,E01024064,0,2
2024411537135,2024,411537135,1,9,0,-1,19,3,6,-1,0,1,0,0,0,0,1,1,-1,6,1,27,6,1984,1,17,AUDI S3,7,E01023618,0,1
2024401432509,2024,401432509,1,9,0,-1,19,5,1,-1,0,0,1,0,7,0,1,1,-1,6,1,35,6,1984,1,3,AUDI S3,3,E01015737,0,4
2024131428914,2024,131428914,1,9,0,-1,-1,-1,-1,-1,-1,0,-1,-1,-1,0,-1,1,-1,6,3,-1,-1,1984,1,17,AUDI S3,-1,-1,0,-1
2024522403430,2024,522403430,1,9,0,7,7,3,5,0,0,4,0,0,3,4,3,1,6,6,1,25,5,1984,1,7,AUDI S3,7,E01014535,0,1
2024361519134,2024,361519134,1,9,0,-1,19,7,5,-1,0,0,0,0,0,0,3,1,-1,2,1,23,5,1984,1,8,AUDI S3,6,E01026535,0,1
2024010509144,2024,010509144,2,9,9,99,99,9,9,99,99,3,9,99,9,99,9,9,6,6,3,-1,-1,1984,1,6,AUDI S3,-1,-1,0,-1
2024041508201,2024,041508201,1,9,0,-1,19,7,3,-1,0,0,0,0,0,0,1,1,-1,6,1,34,6,1984,1,8,AUDI S3,9,E01025404,0,1
2024522401627,2024,522401627,1,9,0,5,5,7,3,0,0,1,0,0,0,0,1,1,6,6,1,41,7,1984,1,8,AUDI S3,5,E01035224,0,1
2024340WN7292,2024,340WN7292,2,9,0,-1,19,1,5,-1,0,1,0,0,0,0,2,1,-1,9,2,29,6,1984,1,10,AUDI S3,5,E01010729,0,5
2024052401631,2024,052401631,1,9,0,9,9,1,7,0,0,8,0,0,0,0,4,1,6,6,1,26,6,1984,1,8,AUDI S3,9,E01013172,0,5
2024010542499,2024,010542499,1,9,0,18,19,1,5,9,9,2,1,7,3,11,1,1,6,6,1,19,4,1984,1,4,AUDI S3,6,E01035702,0,1
2024401449780,2024,401449780,2,9,0,-1,2,0,0,-1,0,0,0,0,0,0,2,1,-1,6,1,35,6,1984,1,15,AUDI S3,2,E01015705,0,1
2024451509185,2024,451509185,1,9,0,-1,19,3,7,-1,0,0,0,0,0,0,1,1,-1,9,1,34,6,1984,1,17,AUDI S3,4,E01021799,0,4
202460Q082575,2024,60Q082575,1,9,0,16,19,3,7,0,0,1,0,0,0,0,3,1,6,6,1,21,5,1984,1,7,AUDI S3,-1,-1,0,-1
2024041464124,2024,041464124,1,9,0,-1,7,7,3,-1,0,0,0,0,0,0,1,1,-1,9,1,29,6,1984,1,8,AUDI S3,4,E01012700,0,1
2024371417487,2024,371417487,1,9,0,-1,11,3,7,-1,0,0,0,0,0,0,1,9,-1,2,1,27,6,1984,1,7,AUDI S3,3,E01030163,0,1
2024221484132,2024,221484132,1,9,0,-1,19,2,6,-1,0,0,0,0,1,0,1,1,-1,6,1,59,9,1984,1,9,AUDI S3,7,E01028918,0,2
2024211503414,2024,211503414,1,9,0,-1,19,1,6,-1,0,1,0,0,0,0,3,1,-1,6,1,29,6,1984,1,10,AUDI S3,-1,-1,0,-1
2024061414982,2024,061414982,1,9,0,-1,9,5,1,-1,0,1,0,0,0,0,4,1,-1,9,1,27,6,1984,1,9,AUDI S3,-1,-1,0,-1
2024451486159,2024,451486159,2,9,0,-1,19,6,2,-1,0,0,0,0,0,0,1,1,-1,9,2,22,5,1984,1,6,AUDI S3,6,E01024653,0,5
2024010520255,2024,010520255,3,9,0,18,19,3,7,0,0,2,0,0,0,0,0,1,6,6,1,23,5,1984,1,3,AUDI S3,5,E01035689,0,1
2024141401663,2024,141401663,1,9,0,-1,19,8,4,-1,0,0,0,0,0,0,1,9,-1,6,1,59,9,1984,1,7,AUDI S3,1,E01007522,0,1
2024622400231,2024,622400231,1,9,0,18,19,4,8,0,0,0,0,0,1,0,0,1,6,6,3,-1,-1,1984,1,10,AUDI S3,-1,-1,0,-1
2024361487968,2024,361487968,2,9,0,-1,2,0,0,-1,0,0,0,0,0,0,2,1,-1,6,-1,-1,-1,1984,1,17,AUDI S3,-1,-1,0,-1
2024010497768,2024,010497768,3,9,0,18,19,5,1,0,0,0,0,0,0,0,1,1,6,6,2,27,6,1984,1,1,AUDI S3,4,E01021799,0,4
2024101405971,2024,101405971,4,9,0,-1,4,1,5,-1,0,0,0,0,0,0,2,1,-1,6,1,33,6,1984,1,10,AUDI S3,3,E01027432,0,1
2024501413890,2024,501413890,1,9,0,-1,12,5,1,-1,0,0,0,0,0,0,1,1,-1,6,1,21,5,1984,1,5,AUDI S3,4,E01020252,0,1
2024141395521,2024,141395521,1,9,0,-1,19,7,3,-1,1,0,0,0,0,0,4,1,-1,6,-1,-1,-1,1984,1,9,AUDI S3,-1,-1,0,-1
2024421436429,2024,421436429,5,9,0,-1,19,5,1,-1,0,0,0,0,7,0,1,1,-1,9,1,33,6,1984,1,9,AUDI S3,4,E01017945,0,4
2024131472921,2024,131472921,1,9,0,-1,9,7,5,-1,0,0,2,0,7,0,3,1,-1,9,1,23,5,1984,1,6,AUDI S3,1,E01010838,0,1
2024010530644,2024,010530644,2,9,0,1,1,9,9,99,99,1,9,99,9,99,2,9,6,6,3,-1,-1,1984,1,6,AUDI S3,-1,-1,0,-1