collision_index,collision_year,collision_ref_no,vehicle_reference,vehicle_type,towing_and_articulation,vehicle_manoeuvre_historic,vehicle_manoeuvre,vehicle_direction_from,vehicle_direction_to,vehicle_location_restricted_lane_historic,vehicle_location_restricted_lane,junction_location,skidding_and_overturning,hit_object_in_carriageway,vehicle_leaving_carriageway,hit_object_off_carriageway,first_point_of_impact,vehicle_left_hand_drive,journey_purpose_of_driver_historic,journey_purpose_of_driver,sex_of_driver,age_of_driver,age_band_of_driver,engine_capacity_cc,propulsion_code,age_of_vehicle,generic_make_model,driver_imd_decile,lsoa_of_driver,escooter_flag,driver_distance_banding
2024041447901,2024,041447901,2,9,0,-1,19,5,1,-1,0,0,0,0,0,0,1,1,-1,9,2,27,6,1984,1,7,AUDI S3,3,E01025262,0,3
2024201509048,2024,201509048,2,9,0,-1,19,4,2,-1,0,0,0,0,0,0,1,1,-1,6,1,30,6,1984,1,7,AUDI S3,-1,-1,0,-1
2024041395640,2024,041395640,1,9,0,-1,9,7,4,-1,0,6,0,0,0,0,1,1,-1,6,1,32,6,1984,1,14,AUDI S3,3,E01025460,0,2
2024131438804,2024,131438804,1,9,0,-1,13,6,2,-1,0,1,0,0,0,0,1,1,-1,6,3,-1,-1,1984,1,7,AUDI S3,-1,-1,0,-1
2024332400802,2024,332400802,1,9,0,-1,3,9,9,-1,0,0,0,0,0,0,2,1,-1,9,1,43,7,1984,1,10,AUDI S3,7,E01025767,0,1
2024010517915,2024,010517915,2,9,0,99,99,9,9,99,99,9,9,99,9,99,9,9,6,6,3,31,6,1984,1,5,AUDI S3,5,E01003718,0,4
2024101416534,2024,101416534,3,9,0,-1,3,5,1,-1,0,0,0,0,0,0,2,1,-1,6,1,35,6,1984,1,7,AUDI S3,-1,-1,0,-1
2024311478896,2024,311478896,1,9,0,-1,19,8,4,-1,0,0,1,0,2,2,0,1,-1,9,1,23,5,1984,1,7,AUDI S3,1,E01032621,0,2
2024430503310,2024,430503310,3,9,0,18,19,1,5,0,0,3,1,0,0,0,1,1,6,6,1,58,9,1984,1,1,AUDI S3,7,E01021166,0,4
2024211445065,2024,211445065,1,9,0,-1,19,8,5,-1,0,8,0,0,0,0,1,1,-1,6,1,42,7,1984,1,1,AUDI S3,10,E01029523,0,1
2024201527256,2024,201527256,2,9,0,-1,19,2,6,-1,0,0,0,0,0,0,1,1,-1,6,3,24,5,1984,1,15,AUDI S3,-1,-1,0,-1
2024552401112,2024,552401112,1,9,0,18,19,6,2,0,0,0,0,0,0,0,1,1,6,6,3,-1,-1,1984,1,17,AUDI S3,-1,-1,0,-1
2024461453578,2024,461453578,2,9,0,-1,2,0,0,-1,0,0,0,0,0,0,3,1,-1,9,-1,-1,-1,1984,1,8,AUDI S3,-1,-1,0,-1
2024061481210,2024,061481210,2,9,0,-1,19,5,1,-1,0,1,0,0,0,0,0,1,-1,8,1,46,8,1984,1,2,AUDI S3,1,E01034113,0,3
2024332400348,2024,332400348,1,9,0,-1,13,8,4,-1,0,0,1,0,1,2,1,1,-1,6,1,30,6,1984,1,14,AUDI S3,8,E01034006,0,2
2024231510302,2024,231510302,1,9,0,-1,12,6,3,-1,0,8,0,0,0,0,1,9,-1,6,1,24,5,1984,1,7,AUDI S3,8,E01035031,0,4
2024552400514,2024,552400514,2,9,0,18,19,8,4,0,0,0,0,4,0,0,1,1,6,6,1,37,7,1984,1,7,AUDI S3,5,E01015358,0,1
2024211428550,2024,211428550,1,9,0,-1,19,1,5,-1,0,0,1,0,1,4,1,1,-1,6,1,24,5,1984,1,7,AUDI S3,1,E01010098,0,3
2024031517016,2024,031517016,2,9,0,-1,19,1,5,-1,0,0,0,0,0,0,1,1,-1,9,1,48,8,1984,1,8,AUDI S3,2,E01019285,0,1
2024131444616,2024,131444616,2,9,0,-1,19,1,5,-1,0,0,0,0,0,0,1,1,-1,9,1,25,5,1984,1,8,AUDI S3,4,E01010656,0,1
2024131447941,2024,131447941,2,9,0,-1,19,1,5,-1,0,8,0,0,0,0,1,1,-1,6,1,19,4,1984,1,2,AUDI S3,3,E01011267,0,1
2024201444674,2024,201444674,1,9,0,-1,13,7,3,-1,0,0,1,10,0,0,1,1,-1,9,1,20,4,1984,1,1,AUDI S3,4,E01009046,0,2
2024311460163,2024,311460163,1,9,0,-1,4,3,3,-1,0,1,0,0,0,0,2,1,-1,6,1,40,7,1984,1,8,AUDI S3,5,E01028362,0,3
2024010505017,2024,010505017,1,9,0,99,99,9,9,9,9,9,0,0,0,0,4,9,6,6,3,-1,-1,1984,1,8,AUDI S3,-1,-1,0,-1
2024421491226,2024,421491226,1,9,0,-1,9,7,3,-1,0,8,1,0,0,0,1,9,-1,6,3,-1,-1,1984,1,10,AUDI S3,-1,-1,0,-1
2024302400768,2024,302400768,2,9,0,18,19,6,2,0,0,8,0,0,1,11,1,1,6,6,1,33,6,1984,1,8,AUDI S3,6,E01019732,0,4
202417S302424,2024,17S302424,2,9,0,18,19,7,2,0,0,3,0,0,0,0,1,1,6,6,1,41,7,1984,1,9,AUDI S3,2,E01012291,0,1
2024991453086,2024,991453086,2,9,0,-1,9,3,5,-1,0,0,0,0,1,0,1,1,-1,6,1,27,6,1984,1,9,AUDI S3,-1,-1,0,-1
2024991556677,2024,991556677,1,9,0,-1,19,5,2,-1,0,1,0,0,0,0,4,1,-1,6,1,30,6,1984,1,1,AUDI S3,8,-1,0,1
2024471534058,2024,471534058,1,9,0,-1,4,4,8,-1,0,0,0,0,0,0,2,1,-1,6,2,32,6,1984,1,10,AUDI S3,6,E01020959,0,1
2024451404905,2024,451404905,2,5,0,-1,4,1,5,-1,0,0,0,0,0,0,2,1,-1,2,1,58,9,1125,2,15,MAKE AND MODEL REDACTED,5,E01032426,0,5
2024201461899,2024,201461899,2,9,0,-1,19,3,7,-1,0,1,0,0,0,0,1,1,-1,1,1,28,6,1124,1,20,CITROEN C2,2,E01010446,0,1
2024451477184,2024,451477184,1,9,0,-1,9,3,5,-1,0,5,0,0,0,0,3,1,-1,9,1,20,4,1587,1,17,CITROEN C2,9,E01030997,0,1
2024471439461,2024,471439461,2,9,0,-1,19,4,8,-1,0,0,0,0,0,0,1,1,-1,2,2,27,6,1124,1,16,CITROEN C2,6,E01031538,0,3
2024361428776,2024,361428776,1,9,0,-1,7,7,3,-1,0,1,1,0,7,4,1,1,-1,9,2,17,4,1360,1,14,CITROEN C2,9,E01030085,0,4
2024010487303,2024,010487303,5,9,0,2,2,0,0,0,0,2,0,4,0,0,2,1,6,6,3,-1,-1,1587,1,17,CITROEN C2,-1,-1,0,-1
2024501407372,2024,501407372,1,9,0,-1,19,3,6,-1,0,0,0,0,0,0,1,1,-1,1,1,20,4,1587,1,21,CITROEN C2,1,E01019004,0,3
2024351539326,2024,351539326,1,9,0,-1,4,5,1,-1,2,0,0,4,0,0,1,1,-1,6,2,51,8,1360,1,17,CITROEN C2,8,E01015650,0,1
2024010519824,2024,010519824,1,9,0,4,4,1,5,0,0,8,0,4,0,0,4,1,6,6,1,18,4,1360,1,17,CITROEN C2,5,E01003907,0,1
2024161399904,2024,161399904,1,9,0,-1,7,8,4,-1,0,3,0,10,3,10,1,1,-1,9,1,19,4,1124,1,19,CITROEN C2,1,E01013138,0,2
2024522401629,2024,522401629,1,9,0,9,9,4,2,0,0,6,0,0,0,0,1,1,6,6,1,28,6,1124,1,16,CITROEN C2,4,E01015020,0,1
2024440222565,2024,440222565,1,9,0,18,19,2,6,0,0,1,0,0,0,0,1,1,6,6,1,19,4,1124,1,20,CITROEN C2,3,E01017299,0,3
2024161473995,2024,161473995,2,9,0,-1,9,7,5,-1,0,1,0,0,0,0,1,1,-1,2,1,19,4,1360,1,14,CITROEN C2,4,E01012964,0,1
2024131502892,2024,131502892,2,9,0,-1,7,4,8,-1,0,0,0,0,0,0,3,1,-1,6,2,30,6,1587,1,16,CITROEN C2,2,E01010778,0,1
2024340WN4022,2024,340WN4022,1,9,0,-1,19,5,1,-1,0,4,0,0,0,0,1,1,-1,6,2,44,7,1398,2,15,CITROEN C2,3,E01027147,0,1
2024201441000,2024,201441000,1,9,0,-1,19,7,3,-1,0,8,0,0,0,0,1,9,-1,6,3,-1,-1,1124,1,16,CITROEN C2,-1,-1,0,-1
2024371445968,2024,371445968,1,9,0,-1,19,8,3,-1,0,0,0,0,0,0,3,9,-1,9,1,33,6,1124,1,18,CITROEN C2,7,E01026889,0,3
2024501464385,2024,501464385,1,9,0,-1,19,6,2,-1,0,1,0,0,0,0,1,1,-1,9,1,57,9,1398,2,15,CITROEN C2,4,E01029888,0,5
2024520003106,2024,520003106,1,9,0,18,19,4,8,0,0,8,0,0,0,0,1,1,6,6,2,20,4,1124,1,15,CITROEN C2,2,E01014660,0,3
2024471495917,2024,471495917,2,9,0,-1,19,3,7,-1,0,0,0,0,0,0,4,9,-1,6,3,-1,-1,1398,2,16,CITROEN C2,-1,-1,0,-1
2024211522097,2024,211522097,1,9,0,-1,9,8,6,-1,0,2,0,0,0,0,1,1,-1,6,1,73,10,1124,1,18,CITROEN C2,10,E01029665,0,1
2024340NN3422,2024,340NN3422,2,9,0,-1,2,0,0,-1,0,1,0,0,0,0,2,1,-1,6,3,-1,-1,1587,1,16,CITROEN C2,-1,-1,0,-1
2024111423371,2024,111423371,1,9,0,-1,19,7,3,-1,0,0,0,4,1,3,1,1,-1,6,1,37,7,1124,1,17,CITROEN C2,1,E01012058,0,4
2024041430920,2024,041430920,3,9,0,-1,19,2,6,-1,0,1,0,0,0,0,3,1,-1,9,1,59,9,1124,1,15,CITROEN C2,1,E01025139,0,2
2024141434032,2024,141434032,1,9,0,-1,19,3,7,-1,0,0,0,0,0,0,1,1,-1,9,1,21,5,1124,1,19,CITROEN C2,7,E01008006,0,3
2024221478984,2024,221478984,1,9,0,-1,19,6,2,-1,0,0,5,0,1,0,1,1,-1,9,1,19,4,1587,1,16,CITROEN C2,5,E01031186,0,2
2024122400124,2024,122400124,2,9,0,18,19,5,1,0,0,0,0,0,0,0,2,1,6,6,1,32,6,1587,1,20,CITROEN C2,3,E01013385,0,2
2024421440316,2024,421440316,2,9,0,-1,19,7,3,-1,0,1,0,0,0,0,4,1,-1,9,2,22,5,1124,1,16,CITROEN C2,1,E01022032,0,2
2024501399199,2024,501399199,1,9,0,-1,19,6,2,-1,0,0,0,0,0,0,3,9,-1,1,1,24,5,1587,1,16,CITROEN C2,5,E01015215,0,4
2024010504828,2024,010504828,1,9,0,99,99,9,9,99,99,9,9,99,9,99,2,9,6,6,1,37,7,1360,1,16,CITROEN C2,8,E01030393,0,3
2024122400414,2024,122400414,1,9,0,17,19,3,1,0,0,0,1,0,1,4,3,1,6,6,2,20,4,1124,1,15,CITROEN C2,7,E01027766,0,3
2024061505606,2024,061505606,1,9,0,-1,19,7,3,-1,0,0,0,0,0,0,1,1,-1,6,2,57,9,1124,1,17,CITROEN C2,-1,-1,0,-1
2024161406342,2024,161406342,1,9,0,-1,4,5,1,-1,0,1,0,0,0,0,2,9,-1,9,2,42,7,1124,1,15,CITROEN C2,4,E01012964,0,1
2024501485856,2024,501485856,1,9,0,-1,5,1,5,-1,0,1,0,0,3,0,1,1,-1,6,2,76,11,1398,2,18,CITROEN C2,7,E01020178,0,1
2024991527467,2024,991527467,1,9,0,-1,19,5,8,-1,0,0,1,0,0,0,1,1,-1,9,1,19,4,1587,1,16,CITROEN C2,8,-1,0,3
2024320262669,2024,320262669,1,9,0,-1,-1,8,4,0,0,4,0,0,0,0,3,1,-1,-1,1,84,11,1398,2,19,CITROEN C2,5,E01028369,0,4
2024141412170,2024,141412170,4,9,0,-1,2,0,0,-1,0,0,0,0,0,0,1,1,-1,6,-1,-1,-1,1124,1,16,CITROEN C2,-1,-1,0,-1
2024471401573,2024,471401573,2,9,0,-1,19,8,4,-1,0,0,0,0,0,0,2,1,-1,2,1,49,8,1124,1,19,CITROEN C2,8,E01031698,0,3
2024547651624,2024,547651624,2,9,0,18,19,1,5,0,0,3,0,0,7,1,1,1,6,6,1,20,4,1587,1,17,CITROEN C2,8,E01032694,0,1
2024141509407,2024,141509407,1,9,0,-1,19,3,7,-1,0,1,0,0,0,0,1,1,-1,9,2,84,11,1124,1,19,CITROEN C2,6,E01007660,0,3
2024421522322,2024,421522322,1,9,0,-1,19,8,4,-1,0,3,0,0,0,0,1,1,-1,6,1,21,5,1398,2,20,CITROEN C2,8,E01021887,0,2
2024411495340,2024,411495340,1,9,0,-1,19,6,7,-1,0,8,0,0,0,0,4,1,-1,9,2,22,5,1124,1,20,CITROEN C2,5,E01023611,0,1
2024531409854,2024,531409854,2,9,0,-1,19,1,5,-1,0,0,0,0,0,0,1,1,-1,6,2,60,9,1587,1,20,CITROEN C2,6,E01022211,0,1
2024401482654,2024,401482654,1,9,0,-1,4,6,2,-1,0,0,0,0,0,0,2,1,-1,6,1,19,4,1124,1,18,CITROEN C2,5,E01017600,0,2
2024211431239,2024,211431239,1,90,0,-1,5,8,8,-1,0,6,0,0,0,0,3,9,-1,6,1,21,5,448,1,15,MAKE AND MODEL REDACTED,2,E01029429,0,1
2024122400864,2024,122400864,1,5,0,4,4,3,7,7,6,0,1,0,0,0,4,1,6,6,1,49,8,695,1,18,MAKE AND MODEL REDACTED,-1,-1,0,-1
2024041407409,2024,041407409,1,19,0,-1,6,5,1,-1,0,1,0,0,0,0,3,1,-1,2,1,44,7,1560,2,9,FORD TRANSIT CONNECT,8,E01034347,0,1
2024461532359,2024,461532359,2,19,0,-1,7,5,7,-1,0,2,0,0,0,0,2,9,-1,9,2,32,6,1499,2,8,FORD TRANSIT CONNECT,3,E01024264,0,1
2024440117349,2024,440117349,2,19,0,4,4,4,8,0,0,1,0,0,0,0,2,1,2,2,1,27,6,1499,2,3,FORD TRANSIT CONNECT,10,E01022608,0,3
2024430382027,2024,430382027,2,19,0,18,19,2,6,0,0,3,0,0,0,0,3,1,6,6,1,-1,-1,1499,2,1,FORD TRANSIT CONNECT,-1,-1,0,-1
2024421481625,2024,421481625,1,19,0,-1,19,2,6,-1,0,0,0,0,0,0,1,1,-1,2,1,48,8,1753,2,11,FORD TRANSIT CONNECT,9,E01021428,0,1
2024440427990,2024,440427990,2,19,0,18,19,1,6,0,0,1,1,0,0,0,1,1,2,2,1,23,5,1499,2,6,FORD TRANSIT CONNECT,4,E01017058,0,2
2024211532915,2024,211532915,1,19,0,-1,7,3,6,-1,0,1,0,0,0,0,1,1,-1,1,2,27,6,1753,2,17,FORD TRANSIT CONNECT,-1,-1,0,-1
2024221426744,2024,221426744,2,19,0,-1,9,7,5,-1,0,6,0,0,0,0,1,1,-1,9,1,68,10,1753,2,17,FORD TRANSIT CONNECT,-1,-1,0,-1
2024211456163,2024,211456163,1,19,0,-1,19,3,7,-1,0,0,0,0,7,0,3,1,-1,6,1,23,5,1753,2,12,FORD TRANSIT CONNECT,9,E01029712,0,1
2024311459008,2024,311459008,1,19,0,-1,5,7,3,-1,0,0,0,0,0,0,3,1,-1,6,1,40,7,1753,2,17,FORD TRANSIT CONNECT,2,E01028101,0,2
2024211530734,2024,211530734,1,19,0,-1,19,5,1,-1,0,0,0,0,0,0,0,1,-1,6,1,19,4,1753,2,17,FORD TRANSIT CONNECT,4,E01029598,0,1
2024311517229,2024,311517229,3,19,0,-1,3,7,3,-1,0,1,0,0,1,1,1,1,-1,2,1,50,8,1499,2,8,FORD TRANSIT CONNECT,-1,-1,0,-1
2024440207456,2024,440207456,1,19,0,2,2,0,0,0,0,0,0,0,0,0,2,1,6,6,1,19,4,1753,2,17,FORD TRANSIT CONNECT,8,E01023253,0,1
2024131434657,2024,131434657,1,19,0,-1,-1,-1,-1,-1,-1,0,-1,-1,-1,-1,-1,1,-1,6,3,-1,-1,1499,2,4,FORD TRANSIT CONNECT,-1,-1,0,-1
2024451425762,2024,451425762,2,19,0,-1,5,7,3,-1,0,0,0,0,0,0,1,2,-1,6,1,40,7,1753,2,14,FORD TRANSIT CONNECT,5,E01030862,0,4
2024401406708,2024,401406708,2,19,0,-1,3,5,1,-1,0,0,0,0,0,0,2,1,-1,1,1,39,7,1499,2,7,FORD TRANSIT CONNECT,5,E01035583,0,4
2024201511351,2024,201511351,1,19,0,-1,19,4,6,-1,0,0,0,0,0,0,1,1,-1,6,1,34,6,1560,2,9,FORD TRANSIT CONNECT,4,E01009620,0,1
2024161497881,2024,161497881,2,19,0,-1,5,3,7,-1,0,2,0,0,0,0,1,9,-1,6,3,-1,-1,1753,2,19,FORD TRANSIT CONNECT,-1,-1,0,-1
2024430108757,2024,430108757,2,19,0,18,19,3,5,0,0,6,0,0,0,0,1,1,6,6,1,-1,-1,1560,2,9,FORD TRANSIT CONNECT,-1,-1,0,-1
2024351469688,2024,351469688,1,19,0,-1,10,2,1,-1,0,6,0,0,0,0,3,1,-1,6,1,61,9,1753,2,16,FORD TRANSIT CONNECT,7,E01018223,0,3
2024421496724,2024,421496724,1,19,0,-1,20,4,8,-1,2,0,0,0,0,0,2,1,-1,1,1,34,6,1499,2,2,FORD TRANSIT CONNECT,-1,-1,0,-1
2024211535691,2024,211535691,6,19,0,-1,19,3,7,-1,0,0,0,0,0,0,1,1,-1,9,1,24,5,1499,2,5,FORD TRANSIT CONNECT,8,E01029430,0,4
2024401413155,2024,401413155,1,19,0,-1,5,1,7,-1,0,6,0,0,0,0,1,1,-1,1,1,65,9,1560,2,9,FORD TRANSIT CONNECT,4,E01017543,0,3
2024231489661,2024,231489661,1,19,0,-1,19,1,5,-1,0,1,0,0,0,0,1,1,-1,1,1,26,6,1753,2,17,FORD TRANSIT CONNECT,5,E01031037,0,1
2024522401964,2024,522401964,2,19,0,16,19,2,6,0,0,0,0,0,0,0,1,1,6,6,1,24,5,1499,2,7,FORD TRANSIT CONNECT,-1,-1,0,-1
2024451457149,2024,451457149,1,19,0,-1,19,3,7,-1,0,1,0,0,0,0,1,1,-1,2,1,34,6,1499,2,7,FORD TRANSIT CONNECT,4,E01033919,0,4
2024351547127,2024,351547127,2,19,0,-1,19,5,1,-1,0,0,0,0,0,0,1,1,-1,6,1,73,10,1499,2,5,FORD TRANSIT CONNECT,6,E01018098,0,3
2024340WN6072,2024,340WN6072,1,19,0,-1,4,7,3,-1,0,0,0,0,0,0,2,1,-1,2,1,31,6,999,1,4,FORD TRANSIT CONNECT,2,E01035432,0,3
2024010514781,2024,010514781,1,19,0,99,99,9,9,99,99,9,9,99,9,99,2,9,1,1,1,42,7,1499,2,5,FORD TRANSIT CONNECT,5,E01004547,0,1
2024010551558,2024,010551558,1,19,0,99,99,9,9,99,99,9,9,99,9,99,9,9,1,1,1,29,6,1499,2,0,FORD TRANSIT CONNECT,2,E01001760,0,3
2024421431025,2024,421431025,1,19,0,-1,19,5,1,-1,0,1,0,0,0,0,1,1,-1,6,1,34,6,1753,2,19,FORD TRANSIT CONNECT,4,E01022012,0,2
2024010544792,2024,010544792,1,19,0,4,4,7,3,0,0,1,0,0,0,0,2,1,1,1,1,49,8,1499,2,1,FORD TRANSIT CONNECT,4,E01023337,0,3
2024471495175,2024,471495175,1,19,0,-1,7,3,5,-1,0,6,0,0,0,0,3,1,-1,2,1,45,7,1753,2,20,FORD TRANSIT CONNECT,3,E01031430,0,3
2024320384687,2024,320384687,1,19,0,9,9,1,7,0,0,8,0,0,0,0,3,1,1,1,1,19,4,1753,2,19,FORD TRANSIT CONNECT,3,E01021358,0,5
2024531534607,2024,531534607,2,19,0,-1,19,7,3,-1,0,8,0,10,0,0,1,1,-1,1,1,52,8,1499,2,5,FORD TRANSIT CONNECT,6,E01034797,0,4
2024201525894,2024,201525894,1,19,0,-1,19,6,2,-1,0,6,0,0,0,0,1,9,-1,6,1,33,6,1499,2,2,FORD TRANSIT CONNECT,3,E01009876,0,4
2024440090783,2024,440090783,4,19,0,4,4,2,6,0,0,0,0,0,0,0,2,1,2,2,1,33,6,1560,2,9,FORD TRANSIT CONNECT,7,E01023171,0,3
2024332401260,2024,332401260,2,19,0,-1,2,0,0,-1,0,2,0,0,0,0,2,1,-1,6,1,52,8,1560,2,9,FORD TRANSIT CONNECT,1,E01013726,0,1
2024131418191,2024,131418191,1,19,0,-1,-1,-1,-1,-1,-1,-1,-1,-1,-1,-1,-1,1,-1,6,3,-1,-1,1753,2,15,FORD TRANSIT CONNECT,-1,-1,0,-1
2024552400010,2024,552400010,2,19,0,18,19,8,4,0,0,0,0,1,1,4,1,1,6,6,1,36,7,1753,2,20,FORD TRANSIT CONNECT,3,E01015308,0,3
2024010546165,2024,010546165,2,19,9,99,99,9,9,99,99,9,9,99,9,99,9,9,6,6,3,-1,-1,1499,2,7,FORD TRANSIT CONNECT,5,E01023324,0,4
2024631418657,2024,631418657,2,19,0,-1,19,5,1,-1,0,8,0,0,0,0,1,2,-1,9,1,58,9,1753,2,20,FORD TRANSIT CONNECT,7,W01000067,0,4
2024302500011,2024,302500011,3,19,0,18,19,1,5,0,0,0,0,0,0,0,2,1,6,6,1,58,9,1560,2,10,FORD TRANSIT CONNECT,10,E01033532,0,3
2024010511215,2024,010511215,2,19,0,9,9,7,5,0,0,8,0,0,0,0,0,1,6,6,1,26,6,1499,2,3,FORD TRANSIT CONNECT,2,E01033000,0,1
2024440327888,2024,440327888,2,19,0,3,3,6,2,0,0,1,0,0,0,0,2,1,6,6,2,53,8,1499,2,7,FORD TRANSIT CONNECT,6,E01017173,0,1
2024552401221,2024,552401221,1,19,0,18,19,5,1,0,0,0,0,0,0,0,3,1,6,6,1,53,8,1753,2,20,FORD TRANSIT CONNECT,5,E01020530,0,1
2024461508463,2024,461508463,2,19,0,-1,2,2,2,-1,0,1,0,0,0,0,2,9,-1,1,1,30,6,1499,2,7,FORD TRANSIT CONNECT,2,E01016061,0,1
2024111406821,2024,111406821,1,19,0,-1,19,7,3,-1,0,8,0,0,0,0,1,1,-1,6,1,30,6,1560,2,10,FORD TRANSIT CONNECT,-1,-1,0,-1
2024461396171,2024,461396171,1,19,0,-1,11,5,1,-1,0,1,0,0,0,0,0,9,-1,1,1,47,8,1499,2,7,FORD TRANSIT CONNECT,1,E01024580,0,3
2024411542246,2024,411542246,3,19,0,-1,19,3,7,-1,0,0,0,0,0,0,2,1,-1,6,1,36,7,1499,2,7,FORD TRANSIT CONNECT,9,E01000440,0,4
2024010520700,2024,010520700,1,19,0,18,19,6,2,0,0,1,0,0,0,0,1,1,1,1,1,26,6,1499,2,7,FORD TRANSIT CONNECT,3,E01023778,0,4
2024122500111,2024,122500111,1,19,0,18,19,5,1,0,0,0,0,0,0,0,1,1,6,6,1,33,6,1753,2,16,FORD TRANSIT CONNECT,7,E01027680,0,1
2024552400154,2024,552400154,2,19,0,18,19,5,1,0,0,8,0,0,0,0,1,1,2,2,1,43,7,1753,2,15,FORD TRANSIT CONNECT,6,E01020507,0,1
2024010548171,2024,010548171,1,19,0,18,19,7,3,0,0,1,0,0,0,0,3,1,6,6,1,21,5,1499,2,3,FORD TRANSIT CONNECT,4,E01015993,0,4
2024411427628,2024,411427628,1,19,0,-1,19,2,6,-1,0,0,0,0,0,0,1,1,-1,1,1,35,6,1499,2,4,FORD TRANSIT CONNECT,7,E01002499,0,3
2024320258462,2024,320258462,1,19,0,-1,-1,5,1,0,0,6,0,0,0,0,1,1,6,6,1,19,4,1499,2,4,FORD TRANSIT CONNECT,6,E01026244,0,2
2024010524429,2024,010524429,1,19,0,4,4,3,7,0,0,1,5,4,0,0,4,1,6,6,1,19,4,1499,2,1,FORD TRANSIT CONNECT,2,E01001828,0,1
2024440132108,2024,440132108,3,19,0,18,19,2,6,0,0,0,0,0,0,0,1,1,2,2,1,29,6,1560,2,9,FORD TRANSIT CONNECT,6,E01022777,0,3
2024440271552,2024,440271552,2,19,0,3,3,3,7,0,0,1,0,0,0,0,2,1,2,2,2,33,6,1499,2,1,FORD TRANSIT CONNECT,10,E01022772,0,1
2024010549822,2024,010549822,1,19,0,14,14,7,3,0,0,8,0,0,0,0,1,1,2,2,1,34,6,1499,2,7,FORD TRANSIT CONNECT,-1,-1,0,-1
2024471428066,2024,471428066,1,19,0,-1,7,7,1,-1,0,3,0,0,0,0,3,1,-1,2,1,40,7,1560,2,8,FORD TRANSIT CONNECT,6,E01020938,0,1
2024201467701,2024,201467701,2,19,0,-1,19,3,7,-1,0,0,1,10,0,0,1,1,-1,6,1,33,6,1560,2,9,FORD TRANSIT CONNECT,2,E01009741,0,1
2024201502870,2024,201502870,2,19,0,-1,19,3,7,-1,0,0,0,0,0,0,2,1,-1,6,-1,-1,-1,1499,2,8,FORD TRANSIT CONNECT,-1,-1,0,-1
2024161432249,2024,161432249,1,19,0,-1,19,1,5,-1,0,0,0,0,7,9,1,1,-1,2,1,66,10,1499,2,7,FORD TRANSIT CONNECT,3,E01012934,0,2
2024141557352,2024,141557352,2,19,0,-1,5,1,5,-1,0,6,0,0,0,0,3,1,-1,6,3,-1,-1,1753,2,18,FORD TRANSIT CONNECT,-1,-1,0,-1
2024010500899,2024,010500899,2,19,0,99,99,9,9,99,99,9,9,99,9,99,1,9,6,6,1,39,7,1499,2,7,FORD TRANSIT CONNECT,2,E01001263,0,1
2024010507673,2024,010507673,4,19,0,2,2,0,0,0,0,8,0,0,0,0,1,2,6,6,3,-1,-1,1499,2,6,FORD TRANSIT CONNECT,-1,-1,0,-1
2024520402948,2024,520402948,1,19,0,18,19,6,2,0,0,8,0,0,0,0,1,1,6,6,1,23,5,1753,2,17,FORD TRANSIT CONNECT,4,E01029111,0,1
2024141510106,2024,141510106,1,19,0,-1,1,0,7,-1,0,0,0,0,0,0,2,1,-1,1,1,47,8,1499,2,7,FORD TRANSIT CONNECT,5,E01007996,0,1
2024421453037,2024,421453037,2,19,0,-1,19,8,4,-1,0,1,0,0,0,0,1,1,-1,1,1,39,7,1499,2,7,FORD TRANSIT CONNECT,8,E01021482,0,4
2024531483130,2024,531483130,4,19,0,-1,3,4,8,-1,0,0,0,0,0,0,2,1,-1,2,1,21,5,1499,2,7,FORD TRANSIT CONNECT,4,E01022421,0,2
2024122400681,2024,122400681,1,19,0,9,9,1,5,0,0,6,0,0,0,0,1,1,2,2,1,37,7,1499,2,5,FORD TRANSIT CONNECT,4,E01034982,0,1
2024031481008,2024,031481008,1,19,-1,-1,-1,-1,-1,-1,-1,-1,-1,-1,-1,0,-1,9,-1,1,1,30,6,1560,2,9,FORD TRANSIT CONNECT,8,E01019169,0,1
2024522402712,2024,522402712,2,19,0,4,4,3,7,0,0,1,0,0,0,0,1,1,6,6,2,26,6,1499,2,1,FORD TRANSIT CONNECT,7,E01032669,0,3
2024631476170,2024,631476170,1,19,0,-1,9,4,2,-1,0,6,0,0,0,0,3,1,-1,1,1,25,5,1560,2,9,FORD TRANSIT CONNECT,6,W01000689,0,3
2024991487726,2024,991487726,2,19,0,-1,3,4,8,-1,0,1,0,0,0,0,2,1,-1,6,2,23,5,1499,2,7,FORD TRANSIT CONNECT,-1,-1,0,-1
2024010498810,2024,010498810,2,19,0,99,99,9,9,99,99,9,9,99,9,99,1,9,6,6,3,-1,-1,1499,2,7,FORD TRANSIT CONNECT,-1,-1,0,-1
2024461409718,2024,461409718,1,19,0,-1,9,7,3,-1,0,0,0,0,0,0,1,9,-1,6,1,52,8,1753,2,12,FORD TRANSIT CONNECT,7,E01024236,0,2