collision_index,collision_year,collision_ref_no,vehicle_reference,vehicle_type,towing_and_articulation,vehicle_manoeuvre_historic,vehicle_manoeuvre,vehicle_direction_from,vehicle_direction_to,vehicle_location_restricted_lane_historic,vehicle_location_restricted_lane,junction_location,skidding_and_overturning,hit_object_in_carriageway,vehicle_leaving_carriageway,hit_object_off_carriageway,first_point_of_impact,vehicle_left_hand_drive,journey_purpose_of_driver_historic,journey_purpose_of_driver,sex_of_driver,age_of_driver,age_band_of_driver,engine_capacity_cc,propulsion_code,age_of_vehicle,generic_make_model,driver_imd_decile,lsoa_of_driver,escooter_flag,driver_distance_banding
2024010519691,2024,010519691,1,19,0,18,19,1,5,0,0,1,0,0,0,0,1,1,2,2,1,45,7,1499,2,7,FORD TRANSIT CONNECT,7,E01023832,0,4
2024421519812,2024,421519812,2,19,0,-1,19,5,1,-1,0,0,0,0,0,0,2,1,-1,1,1,31,6,1499,2,5,FORD TRANSIT CONNECT,5,E01021922,0,4
2024440359723,2024,440359723,1,19,0,12,12,4,6,0,0,7,0,0,0,0,1,1,6,6,1,22,5,1499,2,7,FORD TRANSIT CONNECT,1,E01022968,0,3
2024481563471,2024,481563471,2,19,0,-1,19,3,7,-1,0,8,0,0,0,0,1,1,-1,1,1,26,6,1499,2,1,FORD TRANSIT CONNECT,-1,-1,0,-1
2024461471198,2024,461471198,1,19,0,-1,19,3,7,-1,0,0,0,0,0,0,1,9,-1,6,1,-1,-1,1753,2,16,FORD TRANSIT CONNECT,6,E01032619,0,4
2024991529464,2024,991529464,2,19,0,-1,19,6,2,-1,0,1,0,0,0,0,1,1,-1,9,1,40,7,1499,2,0,FORD TRANSIT CONNECT,2,-1,0,4
2024010503503,2024,010503503,1,19,0,4,4,3,7,0,0,1,0,0,0,0,2,1,6,6,1,60,9,1499,2,7,FORD TRANSIT CONNECT,3,E01001480,0,1
2024440221878,2024,440221878,2,19,0,18,19,3,7,0,0,8,0,0,0,0,3,1,2,2,1,38,7,1753,2,17,FORD TRANSIT CONNECT,4,E01035447,0,1
2024010524302,2024,010524302,1,19,0,18,19,5,1,0,0,6,0,0,0,0,1,1,1,1,1,51,8,1560,2,9,FORD TRANSIT CONNECT,-1,-1,0,-1
2024010514811,2024,010514811,2,19,0,9,9,1,8,0,0,1,0,0,0,0,1,1,1,1,1,36,7,1499,2,4,FORD TRANSIT CONNECT,2,E01024295,0,4
2024010533829,2024,010533829,2,19,0,5,5,1,5,0,0,0,0,0,0,0,1,1,1,1,1,65,9,1499,2,1,FORD TRANSIT CONNECT,9,E01001413,0,4
2024471429727,2024,471429727,3,19,0,-1,4,7,3,-1,0,0,0,0,0,0,0,1,-1,1,1,63,9,1499,2,1,FORD TRANSIT CONNECT,6,E01031449,0,2
2024411419293,2024,411419293,1,19,0,-1,5,-1,-1,-1,0,6,0,0,0,0,3,1,-1,6,2,45,7,1499,2,1,FORD TRANSIT CONNECT,8,E01034430,0,4
2024371479724,2024,371479724,1,19,0,-1,9,1,5,-1,0,8,0,0,0,0,1,1,-1,1,2,24,5,999,1,1,FORD TRANSIT CONNECT,7,E01030049,0,4
2024052401608,2024,052401608,2,19,0,18,19,8,4,0,0,1,0,0,0,0,1,1,6,6,1,37,7,1499,2,8,FORD TRANSIT CONNECT,7,E01007044,0,2
2024531410377,2024,531410377,1,19,0,-1,9,8,4,-1,0,6,0,0,0,0,0,1,-1,6,1,67,10,1499,2,6,FORD TRANSIT CONNECT,9,E01022363,0,2
2024221525075,2024,221525075,2,19,0,-1,4,7,3,-1,0,0,0,0,0,0,1,1,-1,2,1,39,7,1499,2,7,FORD TRANSIT CONNECT,9,E01028929,0,2
2024520403190,2024,520403190,1,19,0,18,19,1,5,0,0,0,0,0,0,0,1,1,1,1,2,36,7,1753,2,14,FORD TRANSIT CONNECT,6,E01020059,0,2
2024010524490,2024,010524490,1,19,0,99,99,9,9,99,99,9,9,99,9,99,2,9,1,1,1,62,9,1499,2,5,FORD TRANSIT CONNECT,6,E01015925,0,3
2024302400113,2024,302400113,1,19,0,7,7,2,4,0,0,3,0,0,0,0,1,1,6,6,1,43,7,1753,2,12,FORD TRANSIT CONNECT,8,E01019875,0,1
2024531512174,2024,531512174,2,19,0,-1,3,5,1,-1,0,0,0,0,0,0,2,1,-1,2,1,29,6,1499,2,6,FORD TRANSIT CONNECT,10,E01022172,0,1
2024122400790,2024,122400790,1,19,0,1,1,8,1,0,0,1,0,0,0,0,2,1,6,6,1,27,6,1499,2,5,FORD TRANSIT CONNECT,9,E01027583,0,1
2024461528426,2024,461528426,1,19,0,-1,19,7,3,-1,0,0,0,0,0,0,1,9,-1,6,1,20,4,1499,2,6,FORD TRANSIT CONNECT,6,E01024332,0,2
2024991502805,2024,991502805,7,19,0,-1,2,1,1,-1,0,0,0,0,0,0,1,9,-1,6,-1,-1,-1,1560,2,8,FORD TRANSIT CONNECT,-1,-1,0,-1
2024311414986,2024,311414986,2,19,0,-1,7,8,3,-1,0,8,0,0,0,0,4,9,-1,1,1,40,7,1499,2,1,FORD TRANSIT CONNECT,-1,-1,0,-1
202460Q059053,2024,60Q059053,1,19,0,17,19,3,7,0,0,0,0,0,1,11,4,1,6,6,1,35,6,1499,2,3,FORD TRANSIT CONNECT,-1,-1,0,-1
2024471475017,2024,471475017,1,19,0,-1,5,5,1,-1,0,8,0,0,0,0,3,1,-1,1,1,57,9,1753,2,19,FORD TRANSIT CONNECT,9,E01016875,0,1
2024231515791,2024,231515791,2,19,0,-1,19,2,6,-1,0,8,0,0,0,0,4,1,-1,1,1,47,8,1753,2,16,FORD TRANSIT CONNECT,1,E01009301,0,1
2024522401789,2024,522401789,3,19,0,5,5,3,7,0,0,0,0,0,0,0,2,1,6,6,1,73,10,1560,2,9,FORD TRANSIT CONNECT,8,E01014621,0,2
2024311407202,2024,311407202,1,19,0,-1,5,2,6,-1,0,0,0,0,0,0,4,1,-1,6,2,55,8,1499,2,1,FORD TRANSIT CONNECT,5,E01013937,0,1
2024010523260,2024,010523260,1,19,0,1,1,7,3,0,0,0,0,0,0,0,2,1,1,1,2,46,8,1499,2,1,FORD TRANSIT CONNECT,3,E01002608,0,2
2024201413557,2024,201413557,1,19,0,-1,19,5,8,-1,0,0,0,4,0,0,1,9,-1,2,1,30,6,1499,2,2,FORD TRANSIT CONNECT,1,E01009007,0,1
2024622400711,2024,622400711,1,19,0,18,19,2,6,0,0,1,0,0,0,0,1,1,6,6,1,23,5,1560,2,9,FORD TRANSIT CONNECT,1,W01001884,0,2
2024211429659,2024,211429659,1,19,0,-1,19,2,6,-1,0,0,0,0,0,0,1,1,-1,9,1,26,6,1499,2,2,FORD TRANSIT CONNECT,6,E01031033,0,4
2024320065638,2024,320065638,2,19,0,10,10,1,7,0,0,1,0,0,0,0,2,1,-1,-1,1,55,8,1753,2,20,FORD TRANSIT CONNECT,4,E01026385,0,1
2024552400852,2024,552400852,2,19,0,10,10,6,2,0,0,5,0,0,0,0,3,1,6,6,1,45,7,1499,2,4,FORD TRANSIT CONNECT,2,E01015537,0,4
202460Q148363,2024,60Q148363,1,19,0,18,19,7,3,0,0,0,0,0,0,0,3,1,6,6,1,60,9,1753,2,18,FORD TRANSIT CONNECT,-1,-1,0,-1
2024411522729,2024,411522729,2,19,0,-1,19,8,4,-1,0,1,0,0,0,0,1,1,-1,6,1,34,6,1499,2,7,FORD TRANSIT CONNECT,5,E01023828,0,1
2024430162844,2024,430162844,1,19,0,13,13,7,3,0,0,0,0,0,0,0,1,-1,2,2,1,40,7,1499,2,6,FORD TRANSIT CONNECT,9,E01017495,0,4
2024361456047,2024,361456047,1,19,0,-1,19,4,8,-1,0,1,0,0,0,0,1,1,-1,6,1,76,11,1753,2,16,FORD TRANSIT CONNECT,7,E01026420,0,1
2024010504301,2024,010504301,1,19,0,99,99,9,9,99,99,9,9,99,9,99,1,9,1,1,1,35,6,1499,2,5,FORD TRANSIT CONNECT,3,E01003768,0,2
2024010518127,2024,010518127,2,19,0,99,99,9,9,99,99,0,9,99,9,99,1,9,6,6,3,33,6,1499,2,8,FORD TRANSIT CONNECT,-1,-1,0,-1
2024052401548,2024,052401548,2,19,0,18,19,7,3,0,0,0,0,0,0,0,3,1,1,1,1,52,8,1499,2,7,FORD TRANSIT CONNECT,1,E01007253,0,1
2024461440687,2024,461440687,2,19,0,-1,4,5,1,-1,0,0,0,0,0,0,2,9,-1,6,1,34,6,1499,2,3,FORD TRANSIT CONNECT,8,E01024011,0,2
2024010516525,2024,010516525,3,19,0,5,5,7,3,0,0,8,0,0,0,0,4,1,6,6,1,57,9,1499,2,1,FORD TRANSIT CONNECT,9,E01023461,0,4
2024440141977,2024,440141977,2,19,0,9,9,3,1,0,0,5,0,0,0,0,3,1,2,2,1,24,5,1753,2,16,FORD TRANSIT CONNECT,4,E01022568,0,1
2024351486422,2024,351486422,2,19,0,-1,4,7,3,-1,0,0,0,0,0,0,1,1,-1,2,1,20,4,1499,2,1,FORD TRANSIT CONNECT,5,E01035569,0,4
2024411460485,2024,411460485,2,19,0,-1,5,1,4,-1,0,5,0,0,0,0,1,1,-1,1,1,53,8,1499,2,6,FORD TRANSIT CONNECT,4,E01023956,0,2
2024010527551,2024,010527551,1,19,0,9,9,5,3,0,0,6,0,0,9,10,9,9,6,6,1,35,6,1499,2,1,FORD TRANSIT CONNECT,10,E01024471,0,4
2024411438708,2024,411438708,1,19,-1,-1,-1,-1,-1,-1,-1,-1,-1,-1,-1,0,-1,9,-1,6,1,31,6,1753,2,15,FORD TRANSIT CONNECT,10,E01021757,0,3
2024401447563,2024,401447563,1,20,0,-1,11,1,7,-1,0,3,0,0,0,0,1,1,-1,6,1,66,10,-1,-1,-1,FORD TRANSIT CONNECT,5,E01017542,0,1
2024010528414,2024,010528414,2,19,0,99,99,9,9,99,99,9,9,99,9,99,1,9,6,6,3,57,9,1499,2,6,FORD TRANSIT CONNECT,3,E01004315,0,1
2024010509106,2024,010509106,2,19,0,3,3,1,5,0,0,0,0,0,0,0,2,1,1,1,1,23,5,1499,2,6,FORD TRANSIT CONNECT,-1,-1,0,-1
2024351468632,2024,351468632,1,19,0,-1,19,1,5,-1,0,0,0,11,0,0,1,1,-1,1,1,74,10,1753,2,16,FORD TRANSIT CONNECT,10,E01018175,0,1
2024131525470,2024,131525470,2,19,0,-1,3,7,3,-1,0,0,0,0,0,0,2,1,-1,6,1,45,7,1499,2,4,FORD TRANSIT CONNECT,1,E01010623,0,1
2024351458400,2024,351458400,2,19,0,-1,19,1,5,-1,0,0,0,0,1,0,1,1,-1,2,1,51,8,1560,2,9,FORD TRANSIT CONNECT,7,E01018011,0,2
2024371420650,2024,371420650,2,19,0,-1,2,7,3,-1,0,0,0,0,0,0,2,1,-1,1,1,58,9,1499,2,0,FORD TRANSIT CONNECT,6,E01030220,0,4
2024221532395,2024,221532395,1,19,0,-1,19,7,4,-1,0,0,0,0,2,0,3,9,-1,6,3,45,7,1560,2,8,FORD TRANSIT CONNECT,-1,-1,0,-1
2024430574563,2024,430574563,1,19,0,1,1,3,7,0,0,0,0,0,0,0,2,1,6,6,3,48,8,1499,2,5,FORD TRANSIT CONNECT,-1,-1,0,-1
2024471471856,2024,471471856,5,19,0,-1,19,3,7,-1,0,1,0,0,0,0,4,1,-1,1,1,23,5,1753,2,17,FORD TRANSIT CONNECT,9,E01031805,0,1
2024201527028,2024,201527028,3,19,0,-1,2,0,0,-1,0,2,0,0,0,0,2,1,-1,6,1,-1,-1,1560,2,9,FORD TRANSIT CONNECT,3,E01009838,0,1
2024041437121,2024,041437121,2,19,0,-1,2,5,5,-1,0,0,0,0,0,0,2,1,-1,6,-1,-1,-1,1499,2,7,FORD TRANSIT CONNECT,-1,-1,0,-1
2024010521148,2024,010521148,2,19,0,2,2,0,0,0,0,0,0,0,0,0,3,1,6,6,3,-1,-1,1499,2,6,FORD TRANSIT CONNECT,-1,-1,0,-1
2024451491511,2024,451491511,2,19,0,-1,1,1,5,-1,-1,0,0,0,0,0,2,9,-1,6,1,40,7,1560,2,10,FORD TRANSIT CONNECT,-1,-1,0,-1
2024461512412,2024,461512412,2,19,0,-1,3,5,1,-1,0,0,0,0,0,0,4,1,-1,9,1,56,9,1753,2,13,FORD TRANSIT CONNECT,3,E01024634,0,2
2024320097724,2024,320097724,1,19,0,-1,-1,5,1,0,0,0,0,0,0,0,1,1,6,6,1,32,6,1560,2,9,FORD TRANSIT CONNECT,-1,-1,0,-1
2024340WN6522,2024,340WN6522,2,19,0,-1,5,1,5,-1,0,1,0,0,0,0,2,1,-1,2,1,37,7,1560,2,9,FORD TRANSIT CONNECT,2,E01027214,0,2
2024440416865,2024,440416865,1,19,0,6,6,1,1,0,0,2,0,0,0,0,3,1,2,2,1,29,6,1499,2,2,FORD TRANSIT CONNECT,9,E01022971,0,2
2024071024455,2024,071024455,1,19,0,-1,5,7,3,-1,0,4,0,0,0,0,1,1,-1,1,1,-1,-1,1560,2,9,FORD TRANSIT CONNECT,1,E01018738,0,1
2024461462355,2024,461462355,1,19,0,-1,5,5,1,-1,0,4,0,0,0,0,1,1,-1,2,1,58,9,1499,2,6,FORD TRANSIT CONNECT,-1,-1,0,-1
2024411455683,2024,411455683,1,19,0,-1,19,2,6,-1,0,0,0,0,0,0,1,1,-1,6,1,39,7,1499,2,2,FORD TRANSIT CONNECT,6,E01007973,0,5
2024622400175,2024,622400175,1,19,0,5,5,6,2,0,0,8,0,0,0,0,1,1,6,6,1,47,8,999,2,2,FORD TRANSIT CONNECT,5,W01001817,0,1
2024161425653,2024,161425653,2,19,0,-1,19,1,5,-1,0,0,0,0,0,0,1,9,-1,6,1,-1,-1,1753,2,11,FORD TRANSIT CONNECT,-1,-1,0,-1
2024461394524,2024,461394524,3,19,0,-1,19,5,1,-1,0,0,0,0,0,0,1,1,-1,2,1,49,8,1499,2,8,FORD TRANSIT CONNECT,6,E01016078,0,1
2024010512795,2024,010512795,2,19,0,7,7,9,9,99,99,5,9,99,9,99,9,9,6,6,3,25,5,1499,2,3,FORD TRANSIT CONNECT,8,E01000341,0,1
2024332401003,2024,332401003,1,19,0,-1,19,1,5,-1,0,0,0,0,0,0,1,1,-1,1,1,20,4,1499,2,1,FORD TRANSIT CONNECT,6,E01013476,0,4
2024010507616,2024,010507616,1,19,0,9,9,1,6,0,0,2,0,0,0,0,4,1,6,6,1,49,8,1499,2,6,FORD TRANSIT CONNECT,3,E01003265,0,3
2024010516161,2024,010516161,1,19,0,7,7,3,5,5,5,5,0,0,0,0,3,1,2,2,1,45,7,1499,2,5,FORD TRANSIT CONNECT,3,E01003915,0,3
2024311454692,2024,311454692,2,19,0,-1,19,1,1,-1,0,0,0,0,0,0,2,1,-1,1,2,34,6,1499,2,7,FORD TRANSIT CONNECT,-1,-1,0,-1
2024141445747,2024,141445747,2,19,0,-1,19,2,6,-1,0,8,0,0,0,0,3,1,-1,1,1,35,6,1499,2,8,FORD TRANSIT CONNECT,6,E01008104,0,1
2024031471159,2024,031471159,1,19,0,-1,7,3,5,-1,0,0,0,0,0,0,4,1,-1,6,1,50,8,1753,2,13,FORD TRANSIT CONNECT,-1,-1,0,-1
2024631494269,2024,631494269,1,19,0,-1,19,3,7,-1,0,0,0,0,7,10,1,1,-1,9,1,19,4,1753,2,12,FORD TRANSIT CONNECT,1,W01000606,0,1
2024031448861,2024,031448861,1,19,5,-1,19,3,3,-1,0,0,0,0,1,0,1,1,-1,1,1,30,6,1560,2,10,FORD TRANSIT CONNECT,3,E01007371,0,5
2024351477756,2024,351477756,2,19,0,-1,19,1,7,-1,0,6,0,0,0,0,2,1,-1,6,1,60,9,1499,2,4,FORD TRANSIT CONNECT,2,E01015605,0,1
2024371411459,2024,371411459,1,19,0,-1,19,3,7,-1,0,1,0,0,3,0,1,1,-1,1,1,22,5,1499,2,8,FORD TRANSIT CONNECT,9,E01025342,0,5
2024361513473,2024,361513473,1,19,0,-1,19,4,7,-1,0,0,0,0,7,4,3,1,-1,1,1,31,6,1560,2,9,FORD TRANSIT CONNECT,-1,-1,0,-1
2024010504399,2024,010504399,3,9,0,3,3,1,5,0,0,0,0,0,0,0,2,1,1,1,1,62,9,1499,2,7,FORD TRANSIT CONNECT,5,E01033579,0,1
2024332401220,2024,332401220,2,19,0,-1,19,4,8,-1,0,0,0,0,0,0,1,1,-1,6,1,-1,-1,1560,2,9,FORD TRANSIT CONNECT,-1,-1,0,-1
2024010549087,2024,010549087,1,19,0,9,9,5,2,0,0,1,0,0,0,0,3,1,2,2,1,55,8,1499,2,6,FORD TRANSIT CONNECT,6,E01015778,0,4
2024320069640,2024,320069640,2,19,0,7,7,4,6,0,0,6,0,0,0,0,3,1,1,1,2,39,7,1499,2,5,FORD TRANSIT CONNECT,5,E01026213,0,4
2024451482691,2024,451482691,3,19,0,-1,19,7,3,-1,0,0,0,0,0,0,2,1,-1,6,1,40,7,1499,2,1,FORD TRANSIT CONNECT,-1,-1,0,-1
2024010524994,2024,010524994,3,19,0,18,19,1,5,0,0,1,0,0,0,0,0,2,1,1,1,22,5,1499,2,1,FORD TRANSIT CONNECT,8,E01003422,0,3
2024401444053,2024,401444053,1,19,-1,-1,-1,-1,-1,-1,-1,-1,-1,-1,-1,0,-1,9,-1,6,1,46,8,1499,2,0,FORD TRANSIT CONNECT,7,E01015803,0,1
2024010527111,2024,010527111,1,19,0,6,6,1,1,0,0,0,0,0,0,0,3,1,1,1,1,37,7,1499,2,5,FORD TRANSIT CONNECT,4,E01030601,0,4
2024340WN1182,2024,340WN1182,1,19,0,-1,9,5,3,-1,0,6,0,0,0,0,4,1,-1,2,2,29,6,1499,2,2,FORD TRANSIT CONNECT,4,E01032980,0,2
2024302401017,2024,302401017,1,19,0,4,4,8,4,0,0,0,0,0,0,0,1,1,6,6,1,25,5,1753,2,16,FORD TRANSIT CONNECT,2,E01019562,0,2
2024501436248,2024,501436248,1,19,0,-1,19,5,1,-1,0,2,1,0,1,3,1,1,-1,9,1,43,7,1753,2,17,FORD TRANSIT CONNECT,3,E01020078,0,2
2024461415895,2024,461415895,2,19,0,-1,7,4,8,-1,0,0,1,0,1,9,2,1,-1,2,1,47,8,1499,2,7,FORD TRANSIT CONNECT,5,E01024010,0,1
2024302400915,2024,302400915,2,19,0,18,19,2,6,0,0,0,0,0,0,0,0,1,1,1,1,54,8,1560,2,7,FORD TRANSIT CONNECT,2,E01013473,0,1
2024111398842,2024,111398842,1,19,0,-1,19,1,5,-1,0,1,0,0,0,0,1,1,-1,1,1,30,6,1499,2,2,FORD TRANSIT CONNECT,-1,-1,0,-1
2024461396435,2024,461396435,1,19,0,-1,9,1,7,-1,0,1,0,0,0,0,4,9,-1,6,1,48,8,1499,2,1,FORD TRANSIT CONNECT,6,E01024783,0,1
2024411439802,2024,411439802,1,19,-1,-1,-1,-1,-1,-1,-1,0,-1,-1,-1,0,-1,9,-1,6,1,47,8,1796,7,19,FORD TRANSIT CONNECT,5,E01023542,0,1
2024421419086,2024,421419086,2,19,0,-1,19,7,3,-1,0,8,0,0,0,0,1,9,-1,9,1,75,10,1753,2,16,FORD TRANSIT CONNECT,2,E01015917,0,1
2024451506328,2024,451506328,1,19,0,-1,19,5,1,-1,0,0,0,0,0,0,1,1,-1,1,1,40,7,1499,2,1,FORD TRANSIT CONNECT,4,E01033834,0,4
2024552401244,2024,552401244,1,19,0,18,19,8,4,0,0,1,0,0,0,0,1,1,1,1,1,38,7,1753,2,13,FORD TRANSIT CONNECT,1,E01020582,0,1
2024361428209,2024,361428209,1,19,0,-1,19,4,8,-1,0,4,0,0,0,0,-1,9,-1,6,1,60,9,1753,2,18,FORD TRANSIT CONNECT,1,E01026824,0,1
2024371453643,2024,371453643,1,19,0,-1,19,2,6,-1,0,0,0,10,1,0,1,1,-1,6,1,47,8,1753,2,18,FORD TRANSIT CONNECT,2,E01030248,0,2
2024522401908,2024,522401908,3,19,0,18,19,2,6,0,0,0,0,0,0,0,1,1,6,6,1,26,6,1499,2,6,FORD TRANSIT CONNECT,6,E01032073,0,4
2024070424411,2024,070424411,1,19,0,5,5,7,3,0,0,6,0,0,0,0,1,1,6,6,1,36,7,1560,2,9,FORD TRANSIT CONNECT,9,E01018431,0,1
2024340WN6082,2024,340WN6082,3,19,0,-1,19,5,1,-1,0,1,0,0,0,0,2,1,-1,6,1,58,9,1753,2,12,FORD TRANSIT CONNECT,3,E01027191,0,3
2024041527843,2024,041527843,2,19,0,-1,5,7,7,-1,0,3,0,0,3,7,2,1,-1,2,2,34,6,1499,2,5,FORD TRANSIT CONNECT,7,E01025029,0,2
2024010525483,2024,010525483,1,19,0,3,3,1,5,0,0,1,0,0,0,0,2,1,1,1,1,33,6,1499,2,1,FORD TRANSIT CONNECT,3,E01003430,0,2
2024201460913,2024,201460913,1,19,0,-1,10,4,3,-1,0,8,0,0,0,0,4,9,-1,9,1,-1,-1,1753,2,20,FORD TRANSIT CONNECT,1,E01010368,0,2
2024010536208,2024,010536208,2,19,0,2,2,0,0,0,0,0,0,0,0,0,1,1,6,6,3,-1,-1,1499,2,6,FORD TRANSIT CONNECT,-1,-1,0,-1
2024991536080,2024,991536080,3,19,0,-1,19,1,5,-1,0,1,0,0,0,0,3,1,-1,6,1,44,7,1499,2,5,FORD TRANSIT CONNECT,9,-1,0,4
2024041441603,2024,041441603,1,19,0,-1,13,4,7,-1,0,0,5,11,0,0,1,1,-1,1,1,55,8,1753,2,14,FORD TRANSIT CONNECT,4,E01025216,0,1
2024421504919,2024,421504919,2,19,0,-1,12,2,6,-1,0,0,0,0,0,0,2,1,-1,2,1,30,6,1499,2,3,FORD TRANSIT CONNECT,5,E01021410,0,3
2024371442732,2024,371442732,2,19,0,-1,10,3,7,-1,0,1,0,0,0,0,2,1,-1,6,1,66,10,1499,2,6,FORD TRANSIT CONNECT,8,E01029885,0,1
2024061424158,2024,061424158,1,19,0,-1,19,-1,-1,-1,0,8,1,11,1,10,1,1,-1,9,1,43,7,1753,2,15,FORD TRANSIT CONNECT,10,E01018589,0,2
2024451520559,2024,451520559,1,19,0,-1,4,7,3,-1,0,0,0,0,0,0,1,1,-1,6,1,41,7,1499,2,6,FORD TRANSIT CONNECT,2,E01001021,0,1
2024461417515,2024,461417515,1,19,0,-1,7,6,2,-1,0,6,0,0,0,0,1,9,-1,6,2,54,8,1499,2,1,FORD TRANSIT CONNECT,7,E01024798,0,2
2024161403953,2024,161403953,1,8,0,-1,5,3,7,-1,2,1,0,0,0,0,1,1,-1,1,1,51,8,1499,2,8,FORD TRANSIT CONNECT,2,E01033109,0,1
2024010522848,2024,010522848,1,19,0,99,99,9,9,99,99,9,9,99,9,99,9,9,6,6,3,35,6,1499,2,7,FORD TRANSIT CONNECT,5,E01001007,0,3
2024552400937,2024,552400937,3,19,0,4,4,4,8,0,0,0,0,0,0,0,2,1,2,2,1,39,7,1753,2,13,FORD TRANSIT CONNECT,5,E01015274,0,2
2024010524903,2024,010524903,3,19,0,18,19,1,5,0,0,0,0,0,0,0,2,1,2,2,1,63,9,1499,2,6,FORD TRANSIT CONNECT,7,E01001106,0,3
2024052401194,2024,052401194,2,19,0,4,4,3,7,0,0,0,0,0,0,0,2,1,1,1,1,34,6,1499,2,4,FORD TRANSIT CONNECT,6,E01006389,0,4
2024501494215,2024,501494215,1,19,0,-1,19,8,3,-1,0,0,0,0,0,0,1,1,-1,6,1,65,9,1560,2,10,FORD TRANSIT CONNECT,3,E01018991,0,3
2024631477936,2024,631477936,1,19,0,-1,14,2,6,-1,0,8,1,0,0,0,3,1,-1,9,1,26,6,1753,2,17,FORD TRANSIT CONNECT,9,W01000609,0,3
2024131460717,2024,131460717,1,19,0,-1,19,7,3,-1,0,0,0,0,0,0,4,1,-1,2,1,38,7,1499,2,4,FORD TRANSIT CONNECT,2,E01011223,0,1
2024401537216,2024,401537216,3,19,0,-1,19,3,7,-1,0,0,0,0,0,0,1,1,-1,1,1,23,5,1499,2,2,FORD TRANSIT CONNECT,9,E01015708,0,2
2024371457588,2024,371457588,1,19,0,-1,-1,-1,-1,-1,0,1,0,0,0,0,0,9,-1,6,1,46,8,1499,2,1,FORD TRANSIT CONNECT,10,E01030183,0,1
2024311540049,2024,311540049,1,19,0,-1,9,3,1,-1,0,8,0,0,0,0,1,9,-1,6,1,42,7,1753,2,18,FORD TRANSIT CONNECT,3,E01027987,0,1
2024122400114,2024,122400114,3,20,0,10,10,5,3,0,0,1,0,0,0,0,2,1,1,1,1,27,6,-1,-1,-1,FORD TRANSIT CONNECT,10,E01027663,0,2
2024141448106,2024,141448106,2,19,0,-1,2,0,0,-1,0,1,0,4,0,0,2,1,-1,6,-1,-1,-1,1499,2,5,FORD TRANSIT CONNECT,-1,-1,0,-1
2024501497593,2024,501497593,4,19,0,-1,2,0,0,-1,0,0,0,0,0,0,1,1,-1,6,-1,-1,-1,1560,2,9,FORD TRANSIT CONNECT,-1,-1,0,-1
2024010539901,2024,010539901,1,19,0,18,19,8,4,0,0,1,0,0,0,0,4,1,6,6,1,39,7,1499,2,8,FORD TRANSIT CONNECT,2,E01000959,0,1
2024061480312,2024,061480312,2,19,0,-1,19,4,8,-1,0,1,0,0,0,0,1,2,-1,9,1,53,8,1560,2,9,FORD TRANSIT CONNECT,2,E01004956,0,3
2024361498054,2024,361498054,2,19,0,-1,19,6,2,-1,0,8,0,0,0,0,1,1,-1,1,1,28,6,1499,2,5,FORD TRANSIT CONNECT,2,E01035140,0,1
2024552400215,2024,552400215,2,19,0,18,19,4,8,0,0,8,0,0,0,0,1,1,1,1,1,27,6,1753,2,11,FORD TRANSIT CONNECT,7,E01020540,0,4
2024041417841,2024,041417841,1,19,0,-1,19,1,1,-1,0,1,0,0,0,0,4,1,-1,2,1,54,8,1499,2,2,FORD TRANSIT CONNECT,5,E01014239,0,5
2024451451350,2024,451451350,3,19,0,-1,9,3,1,-1,0,1,0,0,0,0,1,1,-1,2,1,57,9,1499,2,2,FORD TRANSIT CONNECT,6,E01003316,0,4
2024141481150,2024,141481150,1,19,0,-1,19,2,6,-1,0,0,0,0,0,0,1,1,-1,9,1,34,6,1753,2,17,FORD TRANSIT CONNECT,5,E01007698,0,1
2024221435106,2024,221435106,1,19,0,-1,19,6,2,-1,0,8,0,0,0,0,1,9,-1,1,1,32,6,1499,2,0,FORD TRANSIT CONNECT,7,E01028918,0,2
2024531485993,2024,531485993,2,19,0,-1,4,5,1,-1,0,0,0,0,0,0,2,2,-1,1,1,32,6,1499,2,6,FORD TRANSIT CONNECT,2,E01016964,0,5
2024451520894,2024,451520894,1,19,0,-1,19,1,5,-1,0,1,0,0,0,0,1,1,-1,6,1,42,7,1499,2,8,FORD TRANSIT CONNECT,6,E01030631,0,1
2024451534956,2024,451534956,1,19,0,-1,7,5,8,-1,0,5,0,0,0,0,1,1,-1,9,1,25,5,1499,2,7,FORD TRANSIT CONNECT,5,E01030819,0,4
2024351523257,2024,351523257,1,19,0,-1,9,4,2,-1,0,6,0,0,0,0,1,1,-1,6,1,64,9,1753,2,11,FORD TRANSIT CONNECT,10,E01018234,0,1