collision_index,collision_year,collision_ref_no,vehicle_reference,vehicle_type,towing_and_articulation,vehicle_manoeuvre_historic,vehicle_manoeuvre,vehicle_direction_from,vehicle_direction_to,vehicle_location_restricted_lane_historic,vehicle_location_restricted_lane,junction_location,skidding_and_overturning,hit_object_in_carriageway,vehicle_leaving_carriageway,hit_object_off_carriageway,first_point_of_impact,vehicle_left_hand_drive,journey_purpose_of_driver_historic,journey_purpose_of_driver,sex_of_driver,age_of_driver,age_band_of_driver,engine_capacity_cc,propulsion_code,age_of_vehicle,generic_make_model,driver_imd_decile,lsoa_of_driver,escooter_flag,driver_distance_banding
2024010528075,2024,010528075,1,3,0,13,13,2,6,0,0,8,0,0,0,0,4,1,2,2,1,29,6,108,1,7,HONDA NSC,2,E01001118,0,1
2024361442365,2024,361442365,1,3,-1,-1,2,0,0,-1,-1,0,-1,-1,-1,0,-1,1,-1,6,1,17,4,49,1,10,HONDA NSC,2,E01026633,0,1
2024010503800,2024,010503800,1,2,0,4,4,1,5,0,0,1,0,0,0,0,1,1,6,6,1,21,5,108,1,4,HONDA NSC,6,E01000487,0,2
2024010537119,2024,010537119,1,9,0,9,9,1,7,0,0,6,0,0,0,0,1,1,1,1,1,61,9,108,1,4,HONDA NSC,5,E01002584,0,1
2024440396831,2024,440396831,1,2,0,18,19,1,5,0,0,8,0,0,0,0,1,1,1,1,1,27,6,108,1,7,HONDA NSC,2,E01032878,0,1
2024161416734,2024,161416734,1,3,0,-1,19,1,5,-1,0,0,2,10,7,0,0,1,-1,2,1,18,4,110,1,2,HONDA NSC,9,E01013120,0,3
2024010531646,2024,010531646,2,3,0,3,3,7,3,0,0,8,0,0,0,0,1,1,1,1,1,27,6,110,1,2,HONDA NSC,9,E01002210,0,3
2024010509345,2024,010509345,1,3,9,99,99,9,9,99,99,9,9,99,9,99,1,1,1,1,1,27,6,110,1,1,HONDA NSC,3,E01033422,0,4
2024461495017,2024,461495017,1,3,0,-1,19,7,2,-1,0,8,1,0,0,0,1,1,-1,2,2,25,5,110,1,0,HONDA NSC,6,E01024736,0,4
2024010550005,2024,010550005,1,3,0,18,19,7,3,0,0,0,0,0,0,0,1,1,6,6,1,25,5,110,1,2,HONDA NSC,5,E01002234,0,1
2024010526739,2024,010526739,1,3,0,18,19,8,4,0,0,1,0,0,0,0,1,1,6,6,1,34,6,110,1,3,HONDA NSC,6,E01000726,0,2
2024010546481,2024,010546481,1,3,0,-1,-1,1,5,0,0,0,0,0,0,0,1,1,1,1,1,27,6,110,1,3,HONDA NSC,6,E01002680,0,1
2024010498294,2024,010498294,1,3,0,10,10,7,5,0,0,1,0,0,0,0,3,1,6,6,1,24,5,108,1,5,HONDA NSC,3,E01003588,0,3
2024461514880,2024,461514880,1,3,0,-1,9,3,1,-1,0,5,0,0,1,0,4,1,-1,9,1,21,5,108,1,11,HONDA NSC,6,E01024783,0,1
2024010535763,2024,010535763,2,3,0,18,19,7,3,0,0,1,0,0,0,0,1,1,6,6,1,34,6,108,1,10,HONDA NSC,5,E01003661,0,1
2024010494953,2024,010494953,2,3,0,18,19,1,5,0,0,8,0,0,0,0,1,1,1,1,1,26,6,108,1,4,HONDA NSC,-1,-1,0,-1
2024010532105,2024,010532105,2,3,0,5,5,1,5,0,0,2,0,0,0,0,2,1,1,1,1,24,5,110,1,2,HONDA NSC,4,E01000634,0,2
2024010533927,2024,010533927,1,3,0,16,19,5,7,0,0,8,0,0,0,0,4,1,6,6,1,36,7,108,1,8,HONDA NSC,2,E01000091,0,1
2024010498356,2024,010498356,2,3,0,5,5,5,1,0,0,1,0,0,0,0,3,1,6,6,1,23,5,108,1,6,HONDA NSC,4,E01000613,0,3
2024371434783,2024,371434783,1,2,0,-1,19,1,5,-1,4,8,0,0,0,0,3,1,-1,2,1,16,4,49,1,9,HONDA NSC,7,E01029871,0,2
2024010529505,2024,010529505,1,3,0,99,99,9,9,99,99,0,9,99,9,99,9,1,6,6,3,25,5,108,1,4,HONDA NSC,3,E01003581,0,2
2024010534703,2024,010534703,1,3,0,18,19,1,5,0,0,1,0,0,0,0,1,1,6,6,1,22,5,108,1,8,HONDA NSC,3,E01000498,0,2
2024010543828,2024,010543828,1,3,0,11,11,7,3,0,0,0,0,0,0,0,2,1,1,1,2,28,6,110,1,0,HONDA NSC,3,E01035670,0,2
2024501447613,2024,501447613,2,3,0,-1,19,8,2,-1,0,1,0,0,0,0,1,1,-1,1,2,30,6,110,1,1,HONDA NSC,2,E01015074,0,1
2024010546596,2024,010546596,1,3,0,99,99,9,9,99,99,9,9,99,9,99,9,1,6,6,1,25,5,108,1,4,HONDA NSC,7,E01004186,0,2
2024010507375,2024,010507375,1,3,0,99,99,9,9,99,99,9,9,99,9,99,9,1,6,6,1,28,6,110,1,3,HONDA NSC,4,E01000565,0,2
2024010516994,2024,010516994,2,3,0,99,99,9,9,99,99,9,9,99,9,99,1,9,6,6,3,22,5,108,1,7,HONDA NSC,5,E01001158,0,2
2024451499864,2024,451499864,1,3,0,-1,19,1,5,-1,0,2,0,0,0,0,3,1,-1,2,1,28,6,110,1,2,HONDA NSC,7,E01004146,0,3
2024061524646,2024,061524646,2,2,0,-1,19,7,3,-1,0,1,0,0,0,0,1,1,-1,1,1,19,4,110,1,1,HONDA NSC,2,E01005678,0,1
2024010541137,2024,010541137,2,3,0,18,19,5,1,0,0,4,0,0,0,0,1,1,6,6,1,30,6,108,1,5,HONDA NSC,3,E01000143,0,1
2024311475985,2024,311475985,1,3,0,-1,14,7,3,-1,0,1,0,0,0,0,1,1,-1,6,1,23,5,108,1,5,HONDA NSC,-1,-1,0,-1
2024010549777,2024,010549777,2,3,0,5,5,7,3,0,0,8,0,0,0,0,1,1,6,6,1,25,5,110,1,0,HONDA NSC,4,E01033920,0,3
2024010508060,2024,010508060,1,3,0,99,99,9,9,99,99,9,9,99,9,99,2,1,1,1,1,49,8,110,1,3,HONDA NSC,7,E01003865,0,2
2024010537801,2024,010537801,2,3,0,18,19,5,1,0,0,1,0,0,0,0,1,1,1,1,1,22,5,108,1,5,HONDA NSC,3,E01003235,0,1
2024061454879,2024,061454879,2,2,0,-1,99,-1,-1,-1,0,0,0,0,0,0,1,1,-1,6,1,-1,-1,49,1,6,HONDA NSC,1,E01006333,0,1
2024552400580,2024,552400580,1,2,0,18,19,2,8,0,0,0,0,0,0,0,0,1,6,6,1,17,4,49,1,11,HONDA NSC,4,E01020411,0,1
2024010525043,2024,010525043,2,3,0,99,99,9,9,99,99,0,9,99,9,99,9,1,2,2,1,32,6,108,1,6,HONDA NSC,5,E01003259,0,1
2024221501415,2024,221501415,1,3,0,-1,19,3,7,-1,0,8,0,0,0,0,1,1,-1,1,1,19,4,110,1,1,HONDA NSC,4,E01028958,0,1
2024991532294,2024,991532294,1,3,0,-1,19,7,2,-1,0,0,0,0,0,0,4,1,-1,9,1,28,6,108,1,11,HONDA NSC,4,-1,0,3
2024461532633,2024,461532633,2,3,0,-1,19,1,4,-1,0,1,0,0,0,0,1,1,-1,1,2,28,6,110,1,2,HONDA NSC,4,E01024293,0,1
2024010525226,2024,010525226,1,3,0,18,19,5,1,0,0,0,0,0,0,0,1,1,6,6,1,24,5,110,1,3,HONDA NSC,-1,-1,0,-1
2024421406086,2024,421406086,2,3,0,-1,5,5,7,-1,0,1,0,0,0,0,2,1,-1,1,1,32,6,110,1,2,HONDA NSC,3,E01003636,0,4
2024440352757,2024,440352757,1,2,0,17,19,7,5,0,0,8,1,0,0,0,4,1,6,6,2,62,9,108,1,11,HONDA NSC,10,E01022895,0,1
2024501427714,2024,501427714,2,3,0,-1,19,1,5,-1,0,8,0,0,0,0,3,1,-1,2,1,19,4,108,1,7,HONDA NSC,5,E01018768,0,3
2024010506248,2024,010506248,1,3,0,99,99,9,9,99,99,9,9,99,9,99,2,1,2,2,1,24,5,108,1,5,HONDA NSC,5,E01002666,0,2
2024430057326,2024,430057326,2,2,0,18,19,6,2,0,0,4,0,0,0,0,2,1,2,2,1,24,5,108,1,10,HONDA NSC,3,E01033421,0,1
2024010505397,2024,010505397,1,3,0,99,99,9,9,99,99,0,9,8,9,99,9,1,6,6,3,34,6,108,1,8,HONDA NSC,6,E01000486,0,3
2024010537845,2024,010537845,1,3,0,9,9,2,7,0,0,1,2,0,0,0,1,1,1,1,1,30,6,110,1,2,HONDA NSC,5,E01000475,0,1
2024010542427,2024,010542427,2,3,0,14,14,3,7,0,0,2,0,0,0,0,4,1,2,2,1,26,6,110,1,3,HONDA NSC,3,E01003520,0,1
2024010548201,2024,010548201,1,3,0,18,19,1,5,0,0,6,0,0,9,0,9,1,6,6,1,38,7,108,1,6,HONDA NSC,1,E01009134,0,5
2024010507835,2024,010507835,2,2,0,5,5,8,4,0,0,4,0,0,0,0,2,1,6,6,1,33,6,110,1,0,HONDA NSC,6,E01002221,0,1
2024010522012,2024,010522012,1,3,0,99,99,9,9,99,99,0,9,8,9,99,9,1,1,1,1,32,6,110,1,2,HONDA NSC,4,E01004525,0,1
2024361551618,2024,361551618,2,3,0,-1,19,3,7,-1,0,8,0,0,0,0,4,1,-1,1,1,36,7,108,1,7,HONDA NSC,2,E01026865,0,1
2024010507713,2024,010507713,2,3,0,18,19,7,3,0,0,1,0,0,0,0,2,1,6,6,1,50,8,110,1,2,HONDA NSC,6,E01000581,0,1
2024010526754,2024,010526754,1,3,0,99,99,9,9,99,99,9,9,99,9,99,2,9,1,1,1,26,6,110,1,2,HONDA NSC,9,E01032576,0,1
2024010540600,2024,010540600,1,3,0,99,99,9,9,99,99,9,9,99,9,99,1,1,6,6,1,27,6,108,1,5,HONDA NSC,3,E01000481,0,2
2024010539556,2024,010539556,1,3,0,18,19,3,7,0,0,1,0,0,0,0,1,1,1,1,1,36,7,108,1,7,HONDA NSC,4,E01003555,0,1
2024471412201,2024,471412201,2,3,0,-1,19,3,7,-1,0,0,0,0,0,0,1,1,-1,1,1,19,4,110,1,2,HONDA NSC,8,E01020953,0,3
2024010530733,2024,010530733,2,3,0,99,99,9,9,99,99,9,9,99,9,99,9,1,6,6,3,23,5,110,1,1,HONDA NSC,4,E01002487,0,1
2024010500203,2024,010500203,1,3,0,99,99,9,9,99,99,0,9,99,9,99,1,1,1,1,1,23,5,110,1,2,HONDA NSC,5,E01002119,0,3
2024010529329,2024,010529329,1,3,0,99,99,9,9,99,99,1,9,99,9,99,9,1,6,6,3,27,6,108,1,4,HONDA NSC,3,E01003598,0,2
2024010542300,2024,010542300,2,3,0,5,5,0,7,8,6,8,0,0,0,0,1,1,6,6,1,31,6,108,1,4,HONDA NSC,2,E01000902,0,1
2024010541762,2024,010541762,1,3,0,18,19,5,1,0,0,0,5,0,0,0,1,1,2,2,2,46,8,108,1,4,HONDA NSC,3,E01003524,0,3
2024010508304,2024,010508304,1,3,0,18,19,1,5,0,0,8,0,0,0,0,3,1,1,1,1,22,5,110,1,2,HONDA NSC,4,E01002589,0,1
2024451405978,2024,451405978,1,3,0,-1,4,3,7,-1,0,1,0,0,0,0,2,1,-1,1,1,31,6,110,1,2,HONDA NSC,7,E01030361,0,1
2024010530910,2024,010530910,1,2,0,18,19,5,1,0,0,1,0,0,0,0,1,1,1,1,1,29,6,108,1,8,HONDA NSC,6,E01001990,0,1
2024361523068,2024,361523068,2,3,0,-1,19,1,5,-1,0,8,0,0,0,0,1,1,-1,6,1,21,5,110,1,2,HONDA NSC,8,E01026895,0,2
2024411428214,2024,411428214,1,3,0,-1,19,1,5,-1,0,4,1,0,0,0,0,1,-1,2,1,28,6,108,1,5,HONDA NSC,5,E01033457,0,2
2024010547364,2024,010547364,1,3,0,99,99,9,9,99,99,1,9,99,9,99,9,1,1,1,1,29,6,108,1,6,HONDA NSC,3,E01003575,0,1
2024010532266,2024,010532266,1,3,0,99,99,9,9,99,99,9,9,99,9,99,1,1,6,6,1,42,7,110,1,2,HONDA NSC,4,E01002593,0,2
2024010525517,2024,010525517,1,3,0,99,99,9,9,99,99,9,9,99,9,99,1,1,6,6,1,25,5,110,1,2,HONDA NSC,6,E01002680,0,1
2024411487989,2024,411487989,2,3,0,-1,3,1,5,-1,0,1,0,0,0,0,1,1,-1,1,1,23,5,110,1,2,HONDA NSC,7,E01002121,0,3
2024010545066,2024,010545066,1,3,0,5,5,4,8,0,0,8,1,0,0,0,0,1,1,1,1,24,5,110,1,2,HONDA NSC,3,E01001213,0,2
2024010523021,2024,010523021,1,3,0,18,19,3,7,0,0,0,0,0,0,0,1,1,1,1,2,25,5,110,1,0,HONDA NSC,6,E01001350,0,2
2024010501782,2024,010501782,2,2,0,18,19,1,5,0,0,1,0,0,0,0,1,1,6,6,1,26,6,108,1,5,HONDA NSC,3,E01003251,0,2
2024471524604,2024,471524604,2,3,0,-1,9,1,7,-1,0,1,0,0,0,0,3,1,-1,1,1,37,7,110,1,0,HONDA NSC,1,E01020912,0,1
2024010539710,2024,010539710,2,3,0,18,19,1,5,0,0,0,0,0,0,0,1,1,6,6,1,26,6,110,1,2,HONDA NSC,8,E01002414,0,1
2024161432359,2024,161432359,2,3,0,-1,19,7,3,-1,2,8,0,0,0,0,3,1,-1,2,2,25,5,110,1,3,HONDA NSC,7,E01013100,0,3
2024010532270,2024,010532270,1,3,0,5,5,1,5,0,0,3,0,0,0,0,0,1,6,6,1,26,6,108,1,6,HONDA NSC,4,E01001359,0,2
2024010528048,2024,010528048,2,3,0,18,19,5,1,2,2,1,0,0,0,0,1,1,1,1,1,28,6,110,1,0,HONDA NSC,6,E01003226,0,1
2024010536564,2024,010536564,1,3,0,15,15,2,6,0,0,8,0,0,0,0,1,1,1,1,2,52,8,108,1,8,HONDA NSC,5,E01003344,0,1
2024401456565,2024,401456565,2,3,0,-1,9,4,6,-1,0,3,2,0,0,0,3,1,-1,6,1,20,4,110,1,1,HONDA NSC,4,E01015785,0,1
2024451492200,2024,451492200,2,3,0,-1,3,6,2,-1,0,0,0,0,0,0,1,1,-1,6,1,30,6,110,1,3,HONDA NSC,4,E01001047,0,2
2024010523106,2024,010523106,1,3,0,99,99,9,9,99,99,9,9,99,9,99,9,1,6,6,1,21,5,110,1,2,HONDA NSC,4,E01002231,0,3
2024010510779,2024,010510779,1,3,0,99,99,9,9,99,99,9,9,99,9,99,1,1,1,1,1,20,4,110,1,0,HONDA NSC,5,E01002119,0,1
2024361483919,2024,361483919,2,3,0,-1,19,4,8,-1,0,0,1,0,8,0,3,1,-1,9,1,19,4,110,1,1,HONDA NSC,7,E01026514,0,1
2024501575896,2024,501575896,2,3,0,-1,19,1,5,-1,0,0,0,0,0,0,1,1,-1,1,1,21,5,110,1,0,HONDA NSC,7,E01020206,0,1
2024471473371,2024,471473371,2,2,0,-1,19,2,6,-1,2,1,0,0,1,0,1,1,-1,9,1,16,4,49,1,8,HONDA NSC,3,E01021090,0,1
2024010529019,2024,010529019,2,3,0,18,19,7,3,0,0,1,0,0,0,0,1,1,6,6,1,30,6,110,1,1,HONDA NSC,2,E01001191,0,1
2024371506891,2024,371506891,1,3,0,-1,19,5,1,-1,0,0,2,0,0,0,4,1,-1,6,1,17,4,108,1,4,HONDA NSC,2,E01026600,0,2
2024010503417,2024,010503417,1,3,0,99,99,9,9,99,99,9,9,99,9,99,1,1,1,1,1,29,6,110,1,3,HONDA NSC,7,E01000517,0,1
2024061404160,2024,061404160,2,3,0,-1,19,-1,-1,-1,0,0,0,0,0,0,1,1,-1,6,3,62,9,108,1,5,HONDA NSC,5,E01004882,0,3
2024010542131,2024,010542131,1,3,0,18,19,3,7,0,0,0,0,0,0,0,1,1,6,6,2,46,8,108,1,7,HONDA NSC,1,E01002082,0,1
2024010510795,2024,010510795,2,3,0,18,19,1,5,0,0,0,0,0,0,0,1,1,6,6,1,20,4,110,1,1,HONDA NSC,4,E01001739,0,1
2024010550893,2024,010550893,2,3,0,18,19,5,1,0,0,0,0,0,0,0,2,1,1,1,1,23,5,108,1,4,HONDA NSC,9,E01001382,0,1
2024010544384,2024,010544384,2,3,0,18,19,2,6,0,0,1,0,0,0,0,4,1,6,6,1,22,5,110,1,1,HONDA NSC,6,E01003653,0,3
2024010508955,2024,010508955,1,4,0,18,19,3,7,0,0,1,0,0,0,0,1,1,6,6,1,24,5,108,1,7,HONDA NSC,7,E01000517,0,1
2024231492774,2024,231492774,2,3,0,-1,3,4,8,-1,0,0,0,0,0,0,2,1,-1,9,2,54,8,110,1,1,HONDA NSC,3,E01031264,0,1
2024101422132,2024,101422132,1,3,0,-1,19,6,2,-1,0,1,0,0,0,0,1,1,-1,6,1,38,7,110,1,1,HONDA NSC,3,E01008536,0,1
2024010532804,2024,010532804,1,3,0,99,99,9,9,99,99,9,9,99,9,99,9,1,2,2,1,29,6,110,1,0,HONDA NSC,6,E01002142,0,3
2024501508342,2024,501508342,1,3,0,-1,19,2,6,-1,0,0,9,0,0,0,1,1,-1,6,1,20,4,110,1,3,HONDA NSC,2,E01018841,0,1
2024010546049,2024,010546049,2,3,0,13,13,5,1,0,0,0,1,0,0,0,0,1,2,2,1,25,5,108,1,11,HONDA NSC,3,E01001491,0,1
2024010513044,2024,010513044,1,3,0,99,99,9,9,99,99,9,9,99,9,99,2,1,1,1,1,26,6,108,1,4,HONDA NSC,4,E01002647,0,1
2024010520018,2024,010520018,1,3,0,18,19,7,3,0,0,8,0,0,0,0,1,1,1,1,1,24,5,110,1,2,HONDA NSC,3,E01004613,0,1
2024071048476,2024,071048476,2,3,0,-1,19,3,7,-1,0,1,0,0,0,0,1,1,-1,1,1,32,6,110,1,2,HONDA NSC,4,E01018639,0,1
2024531469633,2024,531469633,2,3,0,-1,19,7,3,-1,0,8,0,0,0,0,1,1,-1,2,1,75,10,110,1,2,HONDA NSC,4,E01022151,0,1
2024010525009,2024,010525009,1,3,0,99,99,9,9,99,99,9,9,99,9,99,9,1,1,1,3,32,6,108,1,10,HONDA NSC,7,E01033928,0,1
2024010548509,2024,010548509,1,3,0,18,19,1,5,0,0,6,0,0,7,0,4,1,6,6,2,35,6,108,1,11,HONDA NSC,8,E01001534,0,1
2024010543643,2024,010543643,2,3,0,14,14,7,3,0,0,1,2,0,0,0,1,1,1,1,1,22,5,108,1,4,HONDA NSC,2,E01000012,0,2
2024361487444,2024,361487444,2,3,-1,-1,-1,-1,-1,-1,-1,0,-1,-1,-1,0,-1,1,-1,6,2,51,8,110,1,0,HONDA NSC,5,E01033037,0,3
2024010526761,2024,010526761,1,3,0,8,8,6,1,0,0,1,0,0,0,0,2,1,1,1,1,44,7,110,1,0,HONDA NSC,2,E01003535,0,1
2024010509862,2024,010509862,2,3,0,12,12,5,1,0,0,0,0,0,2,10,3,1,6,6,1,18,4,108,1,12,HONDA NSC,4,E01001167,0,3
2024010499553,2024,010499553,1,3,0,99,99,9,9,99,99,1,9,99,9,99,1,1,1,1,3,33,6,110,1,2,HONDA NSC,6,E01000824,0,2
2024320022308,2024,320022308,1,3,0,18,19,4,8,0,0,0,2,0,0,0,1,1,6,6,1,26,6,110,1,2,HONDA NSC,8,E01026394,0,1
2024351529538,2024,351529538,1,3,0,-1,19,3,7,-1,0,0,0,4,0,0,1,1,-1,6,1,23,5,108,1,5,HONDA NSC,5,E01033121,0,1
2024340NN3572,2024,340NN3572,2,3,0,-1,19,7,3,-1,0,1,5,0,0,0,3,1,-1,9,1,33,6,110,1,0,HONDA NSC,9,E01027116,0,1
2024451435718,2024,451435718,1,3,0,-1,7,1,5,-1,0,1,1,0,0,0,4,1,-1,9,2,28,6,108,1,5,HONDA NSC,7,E01030708,0,2
2024010544796,2024,010544796,1,3,0,99,99,9,9,99,99,9,9,99,9,99,9,1,1,1,1,31,6,108,1,5,HONDA NSC,9,E01002242,0,1
2024010489924,2024,010489924,2,3,0,18,19,6,2,0,0,1,0,0,0,0,2,1,6,6,1,19,4,110,1,1,HONDA NSC,5,E01000512,0,2
2024010524075,2024,010524075,1,3,0,5,5,3,7,0,0,8,0,0,0,0,3,1,6,6,1,32,6,108,1,9,HONDA NSC,2,E01001066,0,1
2024010512221,2024,010512221,2,2,0,18,19,3,7,0,0,8,0,0,0,0,1,1,6,6,1,38,7,110,1,3,HONDA NSC,3,E01004710,0,2
2024010540065,2024,010540065,2,3,0,18,19,3,7,0,0,1,5,0,0,0,1,1,1,1,1,28,6,108,1,10,HONDA NSC,6,E01003327,0,1
2024010528919,2024,010528919,2,3,0,14,14,6,2,0,0,1,0,0,0,0,1,1,1,1,1,25,5,108,1,5,HONDA NSC,5,E01000567,0,3
2024010512408,2024,010512408,2,3,0,99,99,9,9,99,99,9,9,99,9,99,1,1,6,6,3,-1,-1,108,1,11,HONDA NSC,-1,-1,0,-1
2024010525800,2024,010525800,2,2,0,18,19,5,1,1,1,2,0,0,0,0,1,1,1,1,1,34,6,108,1,6,HONDA NSC,7,E01002427,0,1
2024430515330,2024,430515330,2,3,0,18,19,2,6,0,0,1,0,0,0,0,1,1,1,1,3,41,7,108,1,11,HONDA NSC,5,E01028554,0,1
2024010543235,2024,010543235,2,3,0,18,19,1,5,0,0,0,5,0,0,0,2,1,6,6,1,25,5,108,1,6,HONDA NSC,2,E01001361,0,1
2024010544708,2024,010544708,2,3,0,18,19,8,4,0,0,1,1,0,0,0,4,1,6,6,1,27,6,110,1,3,HONDA NSC,3,E01000800,0,1
2024481564141,2024,481564141,2,3,0,-1,19,3,7,-1,0,8,0,0,0,0,4,1,-1,6,1,30,6,110,1,2,HONDA NSC,-1,-1,0,-1
2024010500932,2024,010500932,1,3,0,99,99,9,9,99,99,9,9,99,9,99,1,1,1,1,1,35,6,108,1,10,HONDA NSC,2,E01004420,0,1
2024351473947,2024,351473947,2,3,0,-1,9,7,5,-1,9,0,0,0,0,0,2,1,-1,2,1,23,5,108,1,5,HONDA NSC,8,E01035519,0,1
2024010496914,2024,010496914,2,4,0,10,10,6,3,0,0,1,0,0,0,0,0,1,6,6,1,35,6,110,1,1,HONDA NSC,6,E01000564,0,2
2024010549124,2024,010549124,1,3,0,14,14,5,1,0,0,2,0,0,0,0,4,1,6,6,1,20,4,110,1,3,HONDA NSC,2,E01014842,0,5
2024010529946,2024,010529946,1,3,0,18,19,7,3,0,0,2,5,0,0,0,1,1,2,2,1,32,6,110,1,3,HONDA NSC,-1,-1,0,-1
2024010508588,2024,010508588,1,3,0,15,15,7,3,0,0,1,1,0,0,0,0,1,6,6,1,31,6,108,1,9,HONDA NSC,3,E01034200,0,2
2024010530140,2024,010530140,1,3,0,99,99,9,9,99,99,9,9,99,9,99,9,1,1,1,1,35,6,110,1,2,HONDA NSC,4,E01004039,0,3
2024010539854,2024,010539854,1,3,0,18,19,5,1,0,0,1,0,0,0,0,1,1,1,1,1,38,7,110,1,1,HONDA NSC,7,E01023892,0,3
2024010538457,2024,010538457,1,3,0,18,19,5,1,0,0,1,0,0,0,0,1,1,6,6,1,21,5,108,1,5,HONDA NSC,4,E01033940,0,1
2024161516749,2024,161516749,1,2,0,-1,19,5,1,-1,9,8,0,0,0,0,1,1,-1,2,1,17,4,49,1,11,HONDA NSC,8,E01035470,0,1
2024010498940,2024,010498940,1,3,0,13,13,5,1,0,0,8,0,0,0,0,1,1,1,1,1,29,6,108,1,5,HONDA NSC,6,E01003392,0,1
2024010545207,2024,010545207,1,3,0,9,9,5,3,0,0,8,0,0,0,0,4,1,2,2,1,29,6,108,1,6,HONDA NSC,3,E01003326,0,1
2024451463953,2024,451463953,2,2,0,-1,19,3,7,-1,0,1,5,0,0,0,3,1,-1,9,1,16,4,49,1,10,HONDA NSC,6,E01030594,0,1
2024010544480,2024,010544480,1,3,0,18,19,1,5,0,0,1,0,0,0,0,2,1,1,1,1,26,6,108,1,4,HONDA NSC,7,E01001346,0,1
2024010542650,2024,010542650,1,3,0,17,19,2,6,0,0,8,2,10,0,0,1,1,6,6,2,25,5,110,1,2,HONDA NSC,2,E01002151,0,1
2024440135884,2024,440135884,1,3,0,18,19,1,5,0,0,2,0,0,0,0,0,1,6,6,1,20,4,110,1,1,HONDA NSC,3,E01023256,0,1
2024010527126,2024,010527126,1,3,0,18,19,5,1,4,4,8,9,0,0,0,4,1,1,1,1,23,5,110,1,0,HONDA NSC,4,E01004328,0,2
2024010529448,2024,010529448,2,3,0,18,19,3,7,0,0,1,0,0,0,0,0,1,6,6,1,40,7,108,1,9,HONDA NSC,4,E01002641,0,1
2024010558007,2024,010558007,1,3,0,99,99,9,9,99,99,9,9,99,9,99,9,1,6,6,1,26,6,108,1,9,HONDA NSC,7,E01000572,0,1
2024010511755,2024,010511755,1,2,0,99,99,9,9,99,99,9,9,99,9,99,9,1,1,1,1,30,6,108,1,6,HONDA NSC,6,E01003945,0,1
2024010518900,2024,010518900,1,3,0,14,14,7,3,0,0,1,0,0,0,0,4,1,1,1,1,32,6,108,1,8,HONDA NSC,3,E01003519,0,2
2024010541573,2024,010541573,1,3,0,99,99,9,9,99,99,9,9,99,9,99,9,1,6,6,1,20,4,110,1,1,HONDA NSC,3,E01001372,0,3
2024161428974,2024,161428974,1,2,0,-1,19,5,1,-1,0,0,0,0,0,0,1,1,-1,9,1,24,5,49,1,11,HONDA NSC,5,E01012902,0,1
2024010536565,2024,010536565,2,4,0,14,14,3,7,0,0,1,1,0,0,0,4,1,2,2,1,27,6,108,1,8,HONDA NSC,3,E01004233,0,1
2024544390324,2024,544390324,2,3,0,18,19,1,5,0,0,1,0,0,0,0,1,1,6,6,2,30,6,110,1,0,HONDA NSC,7,E01032015,0,1
2024361474212,2024,361474212,1,3,0,-1,19,5,2,-1,0,0,2,12,1,9,1,1,-1,6,1,25,5,110,1,0,HONDA NSC,4,E01029940,0,4
2024430076834,2024,430076834,1,3,0,18,19,8,4,0,0,6,0,0,0,0,4,1,2,2,1,29,6,108,1,9,HONDA NSC,5,E01016500,0,1
2024201534800,2024,201534800,2,3,0,-1,19,8,4,-1,0,8,0,0,0,0,2,1,-1,6,1,22,5,108,1,4,HONDA NSC,2,E01009391,0,1
2024471413672,2024,471413672,2,3,0,-1,3,2,6,-1,0,0,0,0,0,0,1,1,-1,6,1,47,8,108,1,7,HONDA NSC,6,E01020938,0,1
2024010551534,2024,010551534,1,3,0,18,19,1,5,0,0,0,0,0,0,0,1,1,1,1,2,22,5,110,1,0,HONDA NSC,-1,-1,0,-1
2024041425469,2024,041425469,2,3,0,-1,19,5,1,-1,0,0,0,0,0,0,1,1,-1,6,1,48,8,108,1,9,HONDA NSC,2,E01012742,0,1
2024501511754,2024,501511754,1,3,0,-1,19,5,1,-1,0,1,1,0,0,0,0,1,-1,1,1,29,6,110,1,1,HONDA NSC,2,E01019074,0,1
2024430245219,2024,430245219,1,3,0,18,19,3,7,0,0,4,0,10,0,0,1,1,1,1,1,19,4,108,1,10,HONDA NSC,8,E01016232,0,2
2024440010293,2024,440010293,1,3,0,18,19,1,5,0,0,2,0,0,0,0,1,1,1,1,1,-1,-1,110,1,1,HONDA NSC,-1,-1,0,-1
2024010525989,2024,010525989,2,4,0,11,11,1,5,0,0,0,1,0,0,0,2,1,1,1,1,25,5,108,1,9,HONDA NSC,2,E01003783,0,2
2024451452823,2024,451452823,2,3,0,-1,19,5,1,-1,0,1,0,0,0,0,3,1,-1,9,1,31,6,110,1,1,HONDA NSC,3,E01002623,0,3