collision_index,collision_year,collision_ref_no,vehicle_reference,vehicle_type,towing_and_articulation,vehicle_manoeuvre_historic,vehicle_manoeuvre,vehicle_direction_from,vehicle_direction_to,vehicle_location_restricted_lane_historic,vehicle_location_restricted_lane,junction_location,skidding_and_overturning,hit_object_in_carriageway,vehicle_leaving_carriageway,hit_object_off_carriageway,first_point_of_impact,vehicle_left_hand_drive,journey_purpose_of_driver_historic,journey_purpose_of_driver,sex_of_driver,age_of_driver,age_band_of_driver,engine_capacity_cc,propulsion_code,age_of_vehicle,generic_make_model,driver_imd_decile,lsoa_of_driver,escooter_flag,driver_distance_banding
2024221451910,2024,221451910,1,9,0,-1,2,0,0,-1,0,0,0,0,0,0,4,9,-1,6,1,24,5,1598,8,1,KIA SPORTAGE,3,E01009112,0,3
2024131403253,2024,131403253,3,9,0,-1,19,7,3,-1,0,8,0,0,0,0,0,1,-1,2,1,54,8,1591,1,3,KIA SPORTAGE,7,E01010858,0,3
2024552500051,2024,552500051,3,9,0,3,3,6,2,0,0,0,0,0,0,0,2,1,6,6,1,52,8,1598,8,0,KIA SPORTAGE,7,E01015448,0,1
202454E465624,2024,54E465624,2,9,0,3,3,7,3,0,0,3,0,0,0,0,2,1,6,6,1,58,9,1591,1,5,KIA SPORTAGE,9,E01032069,0,2
2024451400049,2024,451400049,2,9,0,-1,19,1,5,-1,0,0,0,0,0,0,1,1,-1,9,2,49,8,1591,1,8,KIA SPORTAGE,9,E01023130,0,2
2024010534475,2024,010534475,1,9,0,99,99,9,9,99,99,0,9,99,9,99,9,9,6,6,2,32,6,1591,1,3,KIA SPORTAGE,5,E01001038,0,1
2024302400275,2024,302400275,1,9,0,18,19,6,2,0,0,2,5,0,0,0,1,1,6,6,1,75,10,1995,2,13,KIA SPORTAGE,9,E01013596,0,1
2024471487225,2024,471487225,2,9,0,-1,10,8,6,-1,0,2,0,0,0,0,1,1,-1,9,1,83,11,1591,1,2,KIA SPORTAGE,8,E01016931,0,2
2024010525126,2024,010525126,1,9,0,9,9,4,3,0,0,2,0,0,0,0,3,2,6,6,1,33,6,1598,8,1,KIA SPORTAGE,4,E01004525,0,3
2024211502826,2024,211502826,1,9,0,-1,14,0,0,-1,0,1,0,0,0,0,3,1,-1,9,2,46,8,1598,8,1,KIA SPORTAGE,7,E01029669,0,2
2024351402087,2024,351402087,2,9,0,-1,19,1,5,-1,0,0,0,0,0,0,1,1,-1,2,2,41,7,1591,1,4,KIA SPORTAGE,2,E01035538,0,1
2024430581292,2024,430581292,1,9,0,16,19,5,8,0,0,2,0,0,0,0,1,1,6,6,2,50,8,1598,8,3,KIA SPORTAGE,4,E01016360,0,1
2024991412383,2024,991412383,1,9,0,-1,5,7,3,-1,0,8,0,0,0,0,4,2,-1,2,2,45,7,1685,2,11,KIA SPORTAGE,3,-1,0,3
2024010518531,2024,010518531,2,9,0,99,99,9,9,99,99,9,9,99,9,99,9,9,6,6,3,22,5,1591,1,7,KIA SPORTAGE,4,E01001463,0,1
2024070355595,2024,070355595,4,9,0,4,4,7,3,0,0,0,0,0,0,0,2,1,6,6,1,74,10,1591,1,6,KIA SPORTAGE,4,E01019247,0,5
2024991496000,2024,991496000,2,9,0,-1,19,3,7,-1,0,0,0,0,0,0,1,1,-1,1,1,27,6,1598,8,0,KIA SPORTAGE,3,-1,0,1
2024010524567,2024,010524567,1,9,0,18,19,5,1,0,0,6,0,4,0,0,1,1,6,6,1,56,9,1598,8,1,KIA SPORTAGE,-1,-1,0,-1
2024161437466,2024,161437466,2,9,9,-1,19,1,5,-1,0,0,9,0,0,0,9,9,-1,6,1,-1,-1,1598,8,1,KIA SPORTAGE,-1,-1,0,-1
2024411511208,2024,411511208,2,9,0,-1,19,5,4,-1,0,0,0,0,0,0,1,1,-1,6,2,69,10,1598,8,1,KIA SPORTAGE,10,E01023497,0,1
2024010539895,2024,010539895,1,9,0,7,7,7,1,0,0,6,0,0,0,0,1,1,6,6,3,-1,-1,1598,8,1,KIA SPORTAGE,-1,-1,0,-1
2024421403578,2024,421403578,1,9,0,-1,19,8,4,-1,0,0,1,7,0,0,1,1,-1,9,1,31,6,1995,2,8,KIA SPORTAGE,5,E01021670,0,1
2024461424289,2024,461424289,1,9,0,-1,19,6,3,-1,0,6,0,0,0,0,3,1,-1,9,2,33,6,1591,1,5,KIA SPORTAGE,8,E01024744,0,2
2024161524049,2024,161524049,3,9,0,-1,19,5,1,-1,0,1,0,0,0,0,1,1,-1,6,1,36,7,1591,1,3,KIA SPORTAGE,2,E01035483,0,1
2024010526875,2024,010526875,1,9,0,7,7,3,5,0,0,5,0,0,0,0,1,1,6,6,2,65,9,1685,2,8,KIA SPORTAGE,-1,-1,0,-1
2024131473070,2024,131473070,1,9,0,-1,7,5,1,-1,0,8,0,0,0,0,0,1,-1,9,2,42,7,1685,2,8,KIA SPORTAGE,2,E01010752,0,3
2024501455184,2024,501455184,1,9,0,-1,5,1,5,-1,0,0,0,0,0,0,4,9,-1,6,2,45,7,1685,2,6,KIA SPORTAGE,5,E01020324,0,1
2024440523613,2024,440523613,1,9,0,5,5,3,7,0,0,1,0,0,0,0,1,1,6,6,1,49,8,1685,2,14,KIA SPORTAGE,4,E01017122,0,4
2024991512354,2024,991512354,2,9,0,-1,19,3,7,-1,0,0,5,0,0,0,2,1,-1,9,1,31,6,1591,1,4,KIA SPORTAGE,10,-1,0,2
2024451414206,2024,451414206,2,9,0,-1,19,3,3,-1,0,0,1,0,0,0,1,1,-1,1,2,26,6,1591,1,13,KIA SPORTAGE,10,E01030627,0,3
2024541676624,2024,541676624,1,9,0,18,19,8,4,0,0,6,0,0,0,0,2,1,6,6,2,31,6,1685,2,10,KIA SPORTAGE,7,E01031976,0,2
2024010491794,2024,010491794,1,9,0,18,19,7,3,0,0,8,0,7,3,11,1,1,6,6,1,20,4,1591,1,7,KIA SPORTAGE,-1,-1,0,-1
2024071026016,2024,071026016,2,9,0,-1,19,5,8,-1,0,8,0,0,0,0,1,1,-1,6,1,35,6,1685,2,11,KIA SPORTAGE,6,E01012524,0,1
2024010517013,2024,010517013,2,9,0,18,19,5,1,0,0,1,0,0,0,0,1,1,1,1,1,54,8,1685,2,9,KIA SPORTAGE,-1,-1,0,-1
2024161460416,2024,161460416,1,9,0,-1,19,4,7,-1,0,0,0,0,0,0,0,1,-1,6,2,32,6,1685,2,7,KIA SPORTAGE,7,E01013145,0,1
2024221469211,2024,221469211,2,9,0,-1,19,5,1,-1,0,8,0,0,0,0,1,9,-1,6,2,53,8,1598,1,1,KIA SPORTAGE,10,W01001586,0,5
2024211415534,2024,211415534,3,9,0,-1,7,1,4,-1,0,0,0,0,0,0,1,9,-1,6,2,62,9,1598,8,0,KIA SPORTAGE,4,E01014271,0,1
2024061507765,2024,061507765,2,9,0,-1,19,3,7,-1,0,0,0,0,0,0,1,1,-1,9,2,39,7,1591,1,6,KIA SPORTAGE,3,E01005567,0,1
2024201465244,2024,201465244,1,9,0,-1,4,1,7,-1,0,1,0,10,2,11,2,1,-1,2,-1,66,10,1685,2,11,KIA SPORTAGE,3,E01010495,0,1
2024622400448,2024,622400448,4,9,0,2,2,0,0,0,0,0,0,0,0,0,2,1,6,6,3,-1,-1,1685,2,13,KIA SPORTAGE,-1,-1,0,-1
2024311459523,2024,311459523,3,9,0,-1,19,6,1,-1,0,0,0,0,0,0,4,1,-1,9,2,36,7,1598,2,5,KIA SPORTAGE,9,E01026119,0,4
2024302401299,2024,302401299,1,9,0,9,9,1,8,0,0,8,0,0,0,0,4,1,6,6,2,73,10,1591,1,3,KIA SPORTAGE,2,E01013598,0,1
2024070051485,2024,070051485,1,9,0,7,7,5,1,9,9,0,1,0,7,0,3,1,6,6,1,57,9,1591,1,4,KIA SPORTAGE,10,E01014190,0,4
2024010513647,2024,010513647,2,9,0,18,19,5,1,0,0,0,0,0,0,0,2,1,6,6,1,25,5,1591,1,2,KIA SPORTAGE,9,E01027290,0,4
2024010500032,2024,010500032,2,9,0,11,11,1,5,2,2,0,0,0,0,0,4,1,6,6,2,49,8,1598,1,1,KIA SPORTAGE,1,E01000596,0,1
2024041499834,2024,041499834,1,9,0,-1,7,7,1,-1,0,2,0,0,1,0,3,1,-1,9,1,57,9,1598,8,0,KIA SPORTAGE,6,E01024861,0,1
2024141514092,2024,141514092,2,9,0,-1,5,7,3,-1,0,8,0,0,0,0,1,1,-1,9,2,38,7,1685,2,11,KIA SPORTAGE,7,E01007552,0,1
2024471513431,2024,471513431,1,9,0,-1,2,0,0,-1,0,0,0,0,0,0,4,9,-1,6,3,-1,-1,1598,1,2,KIA SPORTAGE,-1,-1,0,-1
2024501426514,2024,501426514,2,9,0,-1,19,1,5,-1,0,1,0,0,0,0,1,1,-1,9,2,74,10,1591,1,6,KIA SPORTAGE,7,E01029216,0,5
2024401406359,2024,401406359,3,9,0,-1,19,5,1,-1,0,1,1,0,0,0,4,1,-1,6,1,75,10,1598,8,1,KIA SPORTAGE,10,E01017371,0,1
2024010537799,2024,010537799,1,9,0,99,99,9,9,99,99,9,9,99,9,99,9,9,2,2,1,38,7,1591,1,5,KIA SPORTAGE,9,E01035760,0,4
2024010533141,2024,010533141,1,9,0,18,19,1,5,0,0,8,0,0,0,0,1,1,6,6,1,50,8,1598,1,1,KIA SPORTAGE,3,E01000367,0,3
2024610005024,2024,610005024,1,9,0,5,5,2,6,0,0,0,0,0,0,0,1,1,6,6,1,57,9,1598,8,4,KIA SPORTAGE,6,W01001912,0,1
2024061472936,2024,061472936,4,8,0,-1,2,0,0,-1,0,0,0,0,0,0,2,1,-1,6,-1,-1,-1,1685,2,11,KIA SPORTAGE,-1,-1,0,-1
2024622500009,2024,622500009,3,9,0,3,3,4,8,0,0,4,0,0,0,0,2,1,6,6,1,60,9,1685,2,7,KIA SPORTAGE,9,W01001113,0,3
2024421495498,2024,421495498,2,9,0,-1,3,3,7,-1,0,1,0,0,0,0,3,1,-1,6,2,64,9,1598,1,2,KIA SPORTAGE,6,E01015816,0,2
2024451438312,2024,451438312,3,9,0,-1,19,1,5,-1,0,1,0,0,0,0,3,1,-1,9,2,49,8,1591,1,3,KIA SPORTAGE,5,E01030814,0,1
2024501429308,2024,501429308,1,9,0,-1,19,8,4,-1,0,0,0,0,0,0,2,1,-1,9,1,70,10,1598,8,1,KIA SPORTAGE,4,E01020138,0,4
2024451455515,2024,451455515,1,9,0,-1,2,7,3,-1,9,0,0,0,0,0,1,1,-1,9,1,65,9,1591,1,7,KIA SPORTAGE,10,E01030392,0,1
2024471521812,2024,471521812,1,9,0,-1,4,3,7,-1,0,0,0,0,0,0,2,1,-1,2,2,32,6,1685,2,7,KIA SPORTAGE,4,E01020921,0,2
2024201535342,2024,201535342,3,9,0,-1,19,2,2,-1,0,1,0,0,0,0,2,1,-1,6,1,68,10,1598,8,0,KIA SPORTAGE,-1,-1,0,-1
2024061432366,2024,061432366,2,9,0,-1,19,-1,-1,-1,0,0,0,0,0,0,1,1,-1,6,1,-1,-1,1591,1,3,KIA SPORTAGE,-1,-1,0,-1
2024991491600,2024,991491600,2,9,0,-1,19,3,1,-1,0,8,0,0,0,0,1,1,-1,9,2,38,7,1598,8,1,KIA SPORTAGE,7,-1,0,1
2024010541304,2024,010541304,1,9,0,5,5,3,7,0,0,2,0,0,3,0,4,1,6,6,1,55,8,1598,8,0,KIA SPORTAGE,5,E01003862,0,1
2024440180162,2024,440180162,2,9,0,9,9,5,3,0,0,8,0,0,0,0,1,1,6,6,2,40,7,1685,2,12,KIA SPORTAGE,2,E01022833,0,1
2024311412248,2024,311412248,2,9,0,-1,2,1,5,-1,0,0,0,0,0,0,2,1,-1,6,1,19,4,1598,8,1,KIA SPORTAGE,-1,-1,0,-1
2024010511246,2024,010511246,1,9,0,6,6,7,7,0,0,1,0,0,0,0,4,1,6,6,1,25,5,1591,1,8,KIA SPORTAGE,6,E01002295,0,4
2024141476787,2024,141476787,2,9,0,-1,5,7,3,-1,0,4,0,0,0,0,4,1,-1,6,3,-1,-1,1598,8,3,KIA SPORTAGE,-1,-1,0,-1
2024631516578,2024,631516578,1,9,0,-1,19,3,8,-1,0,2,0,0,0,0,3,1,-1,2,2,65,9,1685,2,7,KIA SPORTAGE,3,W01001902,0,1
2024311543133,2024,311543133,1,9,0,-1,19,5,1,-1,0,1,0,0,0,0,4,1,-1,9,2,42,7,1685,2,6,KIA SPORTAGE,2,E01013961,0,1
2024131465433,2024,131465433,2,9,0,-1,19,3,7,-1,0,0,0,0,0,0,2,1,-1,9,1,56,9,1598,8,2,KIA SPORTAGE,2,E01034260,0,1
2024421497927,2024,421497927,2,9,0,-1,2,0,0,-1,0,0,1,4,0,0,1,1,-1,6,-1,-1,-1,1598,8,0,KIA SPORTAGE,-1,-1,0,-1
2024061451917,2024,061451917,1,9,0,-1,19,5,1,-1,0,1,0,0,0,0,1,1,-1,6,1,48,8,1685,2,6,KIA SPORTAGE,1,E01005948,0,2
2024131491335,2024,131491335,2,9,0,-1,2,0,0,-1,0,0,0,0,0,0,2,1,-1,9,1,60,9,1995,2,10,KIA SPORTAGE,1,E01034264,0,3
2024052402255,2024,052402255,1,9,0,18,19,4,8,0,0,1,0,0,0,0,1,1,6,6,1,75,10,1991,2,16,KIA SPORTAGE,1,E01006762,0,1
2024010550377,2024,010550377,2,9,0,99,99,9,9,99,99,9,9,99,9,99,9,9,6,6,3,42,7,1598,2,5,KIA SPORTAGE,4,E01033826,0,4
2024411497662,2024,411497662,2,9,0,-1,13,8,4,-1,0,8,0,0,0,0,4,1,-1,1,1,53,8,1591,1,4,KIA SPORTAGE,7,E01015694,0,3
2024471410900,2024,471410900,2,9,0,-1,9,1,7,-1,0,8,0,0,0,0,1,1,-1,9,1,58,9,1991,2,14,KIA SPORTAGE,7,E01031351,0,1
2024461406048,2024,461406048,2,9,0,-1,9,1,5,-1,0,2,2,4,0,0,2,1,-1,6,2,63,9,1685,2,9,KIA SPORTAGE,7,E01016079,0,1
2024041530131,2024,041530131,1,9,0,-1,19,1,5,-1,0,0,0,0,0,0,1,1,-1,9,1,80,11,1591,1,6,KIA SPORTAGE,7,E01012722,0,1
2024131531323,2024,131531323,3,9,0,-1,19,7,3,-1,0,0,0,0,0,0,2,1,-1,2,1,64,9,1598,8,0,KIA SPORTAGE,5,E01030252,0,5
2024340NN3912,2024,340NN3912,1,9,0,-1,19,4,8,-1,0,4,0,0,0,0,1,1,-1,2,2,43,7,1685,2,10,KIA SPORTAGE,8,E01032966,0,1
2024451442526,2024,451442526,1,9,0,-1,19,6,2,-1,0,1,0,0,0,0,1,1,-1,6,2,65,9,1685,2,12,KIA SPORTAGE,10,E01030581,0,1
2024421530840,2024,421530840,2,9,0,-1,3,1,5,-1,0,0,0,0,0,0,2,1,-1,1,2,44,7,1598,8,3,KIA SPORTAGE,5,E01034082,0,1
2024451414459,2024,451414459,1,9,0,-1,19,-1,-1,-1,0,0,1,8,0,0,1,1,-1,2,2,36,7,1685,2,7,KIA SPORTAGE,5,E01031600,0,2
2024991416468,2024,991416468,4,9,0,-1,3,1,5,-1,0,0,0,0,0,0,2,1,-1,9,1,71,10,1591,1,3,KIA SPORTAGE,-1,-1,0,-1
2024461525147,2024,461525147,2,9,0,-1,4,1,5,-1,0,0,0,0,0,0,2,1,-1,6,2,34,6,1598,8,4,KIA SPORTAGE,10,E01024725,0,2
2024501497538,2024,501497538,2,9,0,-1,10,5,1,-1,0,1,0,0,0,0,3,1,-1,9,2,42,7,1995,2,8,KIA SPORTAGE,6,E01020121,0,3
2024052402848,2024,052402848,1,9,0,18,19,6,2,0,0,0,0,0,0,0,1,1,6,6,1,32,6,1591,1,10,KIA SPORTAGE,2,E01007088,0,2
2024471413664,2024,471413664,2,9,0,-1,4,2,6,-1,0,0,0,0,0,0,0,1,-1,1,2,37,7,1598,1,1,KIA SPORTAGE,8,E01021174,0,2
2024010510765,2024,010510765,2,9,0,99,99,9,9,99,99,9,9,99,9,99,9,9,6,6,3,-1,-1,1995,2,9,KIA SPORTAGE,-1,-1,0,-1
2024440229767,2024,440229767,1,9,0,18,19,6,2,0,0,2,0,0,0,0,1,1,6,6,2,37,7,1591,1,7,KIA SPORTAGE,3,E01023145,0,1
2024340WN5522,2024,340WN5522,2,9,0,-1,3,4,7,-1,0,1,0,0,0,0,2,1,-1,9,1,27,6,1598,8,0,KIA SPORTAGE,2,E01027156,0,1
2024430301532,2024,430301532,2,9,0,4,4,1,5,0,0,1,0,0,0,0,2,1,6,6,2,36,7,1685,2,12,KIA SPORTAGE,6,E01022890,0,1
2024131452143,2024,131452143,1,9,0,-1,19,3,7,-1,0,8,0,0,0,0,4,1,-1,9,2,21,5,1598,1,2,KIA SPORTAGE,1,E01010996,0,1
2024421483113,2024,421483113,1,9,0,-1,19,6,2,-1,0,0,0,0,0,0,1,1,-1,9,2,58,9,1685,2,10,KIA SPORTAGE,2,E01029971,0,4
2024471426582,2024,471426582,1,9,0,-1,19,6,2,-1,0,0,0,0,1,4,1,1,-1,9,2,55,8,1991,2,19,KIA SPORTAGE,2,E01030483,0,4
2024010537875,2024,010537875,1,9,0,18,19,1,5,0,0,1,0,0,1,0,1,1,6,6,2,50,8,1598,8,1,KIA SPORTAGE,2,E01001460,0,1
2024131509941,2024,131509941,2,9,0,-1,19,5,1,-1,0,8,0,0,0,0,3,1,-1,1,2,29,6,1685,2,14,KIA SPORTAGE,1,E01011362,0,1
2024520401781,2024,520401781,1,9,0,10,10,2,6,0,0,8,0,0,0,0,4,1,6,6,2,52,8,1598,8,1,KIA SPORTAGE,9,E01029310,0,1
2024061519944,2024,061519944,1,9,0,-1,12,3,7,-1,0,0,0,0,0,0,1,1,-1,9,2,33,6,1591,1,2,KIA SPORTAGE,7,E01005530,0,2
2024161491004,2024,161491004,1,9,0,-1,9,5,2,-1,0,8,0,0,0,0,1,1,-1,6,2,23,5,1995,2,9,KIA SPORTAGE,3,E01013286,0,1
2024101524695,2024,101524695,1,9,0,-1,3,5,1,-1,0,1,0,0,0,0,2,1,-1,9,2,39,7,1685,2,10,KIA SPORTAGE,4,E01008306,0,1
2024991483861,2024,991483861,1,9,0,-1,10,2,8,-1,0,4,0,0,0,0,1,1,-1,9,2,45,7,1685,2,13,KIA SPORTAGE,5,-1,0,2
2024451506506,2024,451506506,1,9,0,-1,9,5,1,-1,0,6,0,0,0,0,1,1,-1,9,2,56,9,1598,8,2,KIA SPORTAGE,10,E01031725,0,2
2024010501388,2024,010501388,2,9,0,18,19,7,3,9,9,0,0,0,1,4,1,1,6,6,1,40,7,1598,8,1,KIA SPORTAGE,2,E01000433,0,1
2024552400449,2024,552400449,1,9,0,7,7,3,6,0,0,6,0,0,0,0,1,1,6,6,2,34,6,1685,2,11,KIA SPORTAGE,7,E01015387,0,1
202454B646924,2024,54B646924,2,9,0,18,19,6,2,0,0,8,0,0,1,4,1,1,6,6,2,28,6,1685,2,8,KIA SPORTAGE,5,E01032070,0,2
2024201525391,2024,201525391,1,9,0,-1,7,7,1,-1,0,6,0,0,0,0,1,1,-1,7,2,37,7,1598,8,0,KIA SPORTAGE,3,E01010085,0,1
2024131429585,2024,131429585,3,9,0,-1,9,5,1,-1,0,8,0,0,0,0,1,1,-1,9,2,37,7,1598,8,3,KIA SPORTAGE,8,E01010913,0,1
2024101399801,2024,101399801,2,9,0,-1,3,5,1,-1,0,1,0,0,0,0,2,1,-1,6,1,61,9,1598,1,1,KIA SPORTAGE,1,E01008667,0,3
2024471409779,2024,471409779,2,9,0,-1,19,1,5,-1,0,0,0,0,1,0,3,1,-1,9,1,63,9,1995,2,11,KIA SPORTAGE,6,E01031445,0,1
2024061477838,2024,061477838,1,9,0,-1,-1,-1,-1,-1,-1,0,-1,-1,-1,0,-1,1,-1,6,2,48,8,1591,1,6,KIA SPORTAGE,10,E01006173,0,3
2024451455636,2024,451455636,1,9,0,-1,19,7,3,-1,0,1,0,99,0,0,3,1,-1,9,2,56,9,1598,8,1,KIA SPORTAGE,10,E01030775,0,1
2024461492737,2024,461492737,1,9,0,-1,19,6,5,-1,0,2,0,4,0,0,1,1,-1,9,2,54,8,1685,2,7,KIA SPORTAGE,6,E01024314,0,4
2024010538074,2024,010538074,3,9,0,2,2,0,0,0,0,2,0,0,0,0,3,1,6,6,3,-1,-1,1598,8,1,KIA SPORTAGE,-1,-1,0,-1
2024041485221,2024,041485221,2,9,0,-1,3,7,3,-1,0,0,0,0,0,0,2,1,-1,9,1,53,8,1685,2,6,KIA SPORTAGE,9,E01034695,0,5
2024461515738,2024,461515738,1,9,0,-1,19,1,3,-1,5,0,0,0,0,0,3,9,-1,6,2,38,7,1685,2,10,KIA SPORTAGE,1,E01016153,0,1
2024201457773,2024,201457773,1,9,0,-1,5,6,2,-1,0,0,0,10,0,0,1,9,-1,6,2,45,7,1685,2,11,KIA SPORTAGE,2,E01010441,0,3
2024311458878,2024,311458878,1,9,0,-1,19,7,3,-1,0,8,0,0,0,0,3,1,-1,9,2,40,7,1598,8,3,KIA SPORTAGE,7,E01019513,0,1
2024332400685,2024,332400685,1,9,0,-1,4,1,5,-1,0,8,0,0,0,0,2,1,-1,9,1,50,8,1685,2,11,KIA SPORTAGE,8,E01025890,0,4
2024031527894,2024,031527894,1,9,0,-1,7,3,1,-1,0,6,0,0,7,0,3,1,-1,6,1,82,11,1598,2,5,KIA SPORTAGE,6,E01019239,0,1
2024552400459,2024,552400459,2,9,0,3,3,6,2,0,0,1,0,0,0,0,2,1,6,6,2,40,7,1591,1,7,KIA SPORTAGE,10,E01020366,0,1
2024371442425,2024,371442425,2,9,0,-1,19,7,3,-1,0,0,0,0,0,0,3,1,-1,6,1,56,9,1598,8,0,KIA SPORTAGE,8,E01030098,0,3
2024070523453,2024,070523453,1,9,0,16,19,5,1,0,0,0,0,0,1,4,1,1,2,2,1,65,9,1685,2,10,KIA SPORTAGE,4,E01006278,0,3
2024141415183,2024,141415183,2,9,0,-1,2,0,0,-1,0,2,0,0,0,0,2,2,-1,6,-1,-1,-1,1598,1,1,KIA SPORTAGE,-1,-1,0,-1
2024320603271,2024,320603271,1,9,0,-1,-1,6,2,0,0,0,0,0,0,0,1,1,6,6,1,73,10,1598,8,0,KIA SPORTAGE,2,E01026110,0,4
2024991415877,2024,991415877,1,9,0,-1,19,8,5,-1,0,6,0,0,0,0,3,9,-1,7,2,61,9,1685,2,10,KIA SPORTAGE,-1,-1,0,-1
2024421491333,2024,421491333,2,9,0,-1,4,3,7,-1,0,0,0,0,0,0,2,1,-1,6,1,38,7,1598,8,1,KIA SPORTAGE,8,E01002252,0,2
2024332400994,2024,332400994,1,9,0,-1,19,1,5,-1,0,8,0,0,0,0,4,1,-1,9,1,36,7,1598,8,1,KIA SPORTAGE,5,E01013542,0,3
2024041463685,2024,041463685,1,9,0,-1,9,7,3,-1,0,6,0,0,0,0,4,1,-1,9,2,83,11,1685,2,12,KIA SPORTAGE,4,E01025544,0,1
2024052400981,2024,052400981,1,9,0,15,15,6,2,0,0,0,0,0,0,0,4,1,1,1,1,-1,-1,1598,8,3,KIA SPORTAGE,-1,-1,0,-1
2024201518933,2024,201518933,1,9,0,-1,19,3,7,-1,0,0,1,0,0,0,1,1,-1,9,2,30,6,1598,1,0,KIA SPORTAGE,4,E01009849,0,1
2024471499235,2024,471499235,2,9,0,-1,19,5,1,-1,0,0,0,0,0,0,1,1,-1,2,1,51,8,1995,2,9,KIA SPORTAGE,10,E01021202,0,4
2024122500008,2024,122500008,1,9,0,9,9,2,8,0,0,1,0,0,0,0,1,1,6,6,2,61,9,1598,8,1,KIA SPORTAGE,5,E01027828,0,1
2024131501985,2024,131501985,2,9,0,-1,3,3,7,-1,0,0,0,0,0,0,1,1,-1,6,1,53,8,1598,8,2,KIA SPORTAGE,3,E01010669,0,1
2024451467442,2024,451467442,3,9,0,-1,2,5,1,-1,9,1,0,0,0,0,2,1,-1,6,-1,-1,-1,1591,1,8,KIA SPORTAGE,-1,-1,0,-1
2024631442046,2024,631442046,2,9,0,-1,4,8,3,-1,0,0,0,0,0,0,2,1,-1,6,1,33,6,1591,1,3,KIA SPORTAGE,6,W01000713,0,2
2024211440607,2024,211440607,2,9,0,-1,7,6,8,-1,0,0,0,0,0,0,3,1,-1,6,2,35,6,1685,2,6,KIA SPORTAGE,1,E01014316,0,1
2024010543858,2024,010543858,2,9,0,18,19,1,5,0,0,1,0,0,0,0,2,1,6,6,3,47,8,1598,8,5,KIA SPORTAGE,2,E01033713,0,1
2024461416272,2024,461416272,1,9,0,-1,19,7,3,-1,0,0,0,0,0,0,2,1,-1,6,2,58,9,1685,2,11,KIA SPORTAGE,-1,-1,0,-1
2024041534914,2024,041534914,1,9,0,-1,19,1,6,-1,0,0,0,0,0,0,1,9,-1,6,1,58,9,1685,2,11,KIA SPORTAGE,1,E01025482,0,2
2024201494168,2024,201494168,2,9,0,-1,2,0,0,-1,0,0,0,0,0,0,1,1,-1,6,1,67,10,1598,8,5,KIA SPORTAGE,-1,-1,0,-1
2024351546022,2024,351546022,2,9,0,-1,19,3,7,-1,0,1,0,0,0,0,4,1,-1,6,1,33,6,1685,2,10,KIA SPORTAGE,2,E01015660,0,1
2024471463234,2024,471463234,1,9,0,-1,3,7,3,-1,0,0,0,0,0,0,2,1,-1,9,2,45,7,1591,1,5,KIA SPORTAGE,9,E01017003,0,1
2024430216587,2024,430216587,3,9,0,3,3,8,4,0,0,0,0,0,0,0,2,1,6,6,2,45,7,1598,1,1,KIA SPORTAGE,9,E01016247,0,1
2024371477868,2024,371477868,2,9,0,-1,19,6,3,-1,0,0,0,0,0,0,3,1,-1,2,1,42,7,1598,8,0,KIA SPORTAGE,-1,-1,0,-1
2024201499432,2024,201499432,1,9,0,-1,19,2,7,-1,9,3,0,0,0,0,1,1,-1,9,1,68,10,1685,2,10,KIA SPORTAGE,7,E01009805,0,1
2024010544525,2024,010544525,1,9,0,18,19,3,7,0,0,8,0,0,0,0,1,1,6,6,1,49,8,1685,2,6,KIA SPORTAGE,-1,-1,0,-1
2024161427358,2024,161427358,1,9,0,-1,19,8,4,-1,0,0,0,0,0,0,4,1,-1,9,1,40,7,1685,2,10,KIA SPORTAGE,1,E01013141,0,1
2024552400006,2024,552400006,3,9,0,18,19,4,8,0,0,0,0,0,0,0,1,1,6,6,1,54,8,1995,2,6,KIA SPORTAGE,6,E01015244,0,4
2024371494136,2024,371494136,1,9,0,-1,19,-1,-1,-1,0,0,0,0,0,0,3,1,-1,6,1,68,10,1591,1,6,KIA SPORTAGE,8,E01021708,0,4
2024141463937,2024,141463937,2,9,0,-1,19,7,3,-1,0,1,0,0,0,0,1,1,-1,9,1,66,10,1995,2,9,KIA SPORTAGE,7,E01007658,0,1
2024131456487,2024,131456487,2,9,0,-1,19,3,7,-1,0,8,0,0,0,0,3,1,-1,9,1,86,11,1598,8,4,KIA SPORTAGE,10,E01010936,0,2
2024061482417,2024,061482417,2,9,0,-1,19,4,4,-1,0,8,1,11,0,0,1,1,-1,6,2,39,7,1598,2,5,KIA SPORTAGE,8,E01012652,0,2
2024070294313,2024,070294313,1,9,0,5,5,4,8,0,0,0,0,0,7,11,1,1,6,6,1,79,11,1591,1,5,KIA SPORTAGE,5,E01018627,0,1
2024501436450,2024,501436450,2,9,0,-1,3,1,4,-1,0,0,0,0,0,0,2,1,-1,9,1,31,6,1598,8,1,KIA SPORTAGE,6,E01015027,0,1
2024201533816,2024,201533816,2,9,0,-1,19,3,7,-1,0,8,1,0,0,0,3,1,-1,6,2,44,7,1591,1,6,KIA SPORTAGE,5,E01009663,0,1
2024991454547,2024,991454547,1,9,0,-1,9,8,4,-1,0,6,0,0,0,0,3,1,-1,9,1,72,10,1991,2,17,KIA SPORTAGE,2,-1,0,1
2024010541346,2024,010541346,1,9,0,17,19,1,7,0,0,3,0,0,0,0,2,1,6,6,1,38,7,1598,1,2,KIA SPORTAGE,9,E01002378,0,4