collision_index,collision_year,collision_ref_no,vehicle_reference,vehicle_type,towing_and_articulation,vehicle_manoeuvre_historic,vehicle_manoeuvre,vehicle_direction_from,vehicle_direction_to,vehicle_location_restricted_lane_historic,vehicle_location_restricted_lane,junction_location,skidding_and_overturning,hit_object_in_carriageway,vehicle_leaving_carriageway,hit_object_off_carriageway,first_point_of_impact,vehicle_left_hand_drive,journey_purpose_of_driver_historic,journey_purpose_of_driver,sex_of_driver,age_of_driver,age_band_of_driver,engine_capacity_cc,propulsion_code,age_of_vehicle,generic_make_model,driver_imd_decile,lsoa_of_driver,escooter_flag,driver_distance_banding
2024430163001,2024,430163001,1,9,0,7,7,3,5,0,0,4,0,0,0,0,0,1,6,6,1,28,6,1685,2,7,KIA SPORTAGE,7,E01017928,0,1
2024430439377,2024,430439377,2,9,0,11,11,1,5,0,0,0,0,0,0,0,4,1,6,6,1,-1,-1,1598,8,4,KIA SPORTAGE,-1,-1,0,-1
2024041521046,2024,041521046,2,9,0,-1,19,6,2,-1,0,1,0,0,0,0,1,1,-1,7,2,28,6,1685,2,10,KIA SPORTAGE,2,E01025210,0,2
2024052401761,2024,052401761,1,9,0,18,19,8,4,0,0,1,0,0,0,0,1,1,1,1,1,-1,-1,1598,8,1,KIA SPORTAGE,-1,-1,0,-1
2024351479631,2024,351479631,2,9,0,-1,19,5,1,-1,0,0,0,0,0,0,2,1,-1,6,1,31,6,1598,8,0,KIA SPORTAGE,7,E01026275,0,4
2024101406742,2024,101406742,1,9,0,-1,19,5,1,-1,0,0,0,0,0,0,1,1,-1,2,1,45,7,1591,1,4,KIA SPORTAGE,7,E01008320,0,1
2024430563502,2024,430563502,2,9,0,16,19,3,6,0,0,0,0,0,0,0,3,1,6,6,2,45,7,1598,1,0,KIA SPORTAGE,4,E01016439,0,2
2024041500760,2024,041500760,2,9,0,-1,19,3,7,-1,0,0,0,0,0,0,2,1,-1,6,1,77,11,1995,2,13,KIA SPORTAGE,9,E01024964,0,1
202460Q023926,2024,60Q023926,1,9,0,4,4,7,5,0,0,1,0,0,0,0,4,1,6,6,1,67,10,1598,1,1,KIA SPORTAGE,-1,-1,0,-1
2024471407780,2024,471407780,4,9,0,-1,19,1,5,-1,0,1,0,0,0,0,1,1,-1,2,2,43,7,1685,2,13,KIA SPORTAGE,5,E01031834,0,3
2024070166490,2024,070166490,1,9,0,4,4,8,5,0,0,1,0,0,0,0,1,1,3,7,2,38,7,1591,1,3,KIA SPORTAGE,10,E01035387,0,1
2024221446074,2024,221446074,1,9,0,-1,19,1,5,-1,0,0,0,0,0,0,1,1,-1,6,2,62,9,1598,8,0,KIA SPORTAGE,-1,-1,0,-1
2024131409066,2024,131409066,1,9,0,-1,5,5,6,-1,0,4,0,0,0,0,1,1,-1,6,1,89,11,1991,2,16,KIA SPORTAGE,8,E01011930,0,1
2024430111171,2024,430111171,3,9,0,2,2,0,0,9,9,2,0,0,0,0,1,1,6,6,2,54,8,1591,1,6,KIA SPORTAGE,4,E01016529,0,1
2024302400608,2024,302400608,1,9,0,18,19,2,6,0,0,0,0,0,0,0,4,1,6,6,2,33,6,1685,2,6,KIA SPORTAGE,10,E01013556,0,1
2024401449373,2024,401449373,2,9,0,-1,3,4,1,-1,0,1,0,0,0,0,2,1,-1,9,1,34,6,1598,8,0,KIA SPORTAGE,9,E01017460,0,1
2024122400852,2024,122400852,2,9,0,4,4,5,1,0,0,0,0,0,4,7,2,1,6,6,1,82,11,1598,8,0,KIA SPORTAGE,6,E01012260,0,4
2024131519956,2024,131519956,2,9,0,-1,4,1,7,-1,0,3,0,0,0,0,2,1,-1,6,2,44,7,1995,2,8,KIA SPORTAGE,3,E01010662,0,1
2024461482055,2024,461482055,2,9,0,-1,4,4,2,-1,0,0,0,0,0,0,2,9,-1,9,2,45,7,1598,8,0,KIA SPORTAGE,3,E01024169,0,1
2024451406589,2024,451406589,3,9,0,-1,19,1,5,-1,0,0,1,0,0,0,3,1,-1,2,1,49,8,1975,1,18,KIA SPORTAGE,8,E01030822,0,3
2024161492379,2024,161492379,1,9,0,-1,19,1,3,-1,0,0,0,0,0,0,1,1,-1,9,1,71,10,1591,1,6,KIA SPORTAGE,2,E01020809,0,5
2024211524221,2024,211524221,2,9,0,-1,19,7,7,-1,0,0,0,0,1,0,1,1,-1,6,2,55,8,1995,2,8,KIA SPORTAGE,7,E01029517,0,1
2024631512098,2024,631512098,1,9,0,-1,19,2,6,-1,0,0,0,0,0,0,4,1,-1,2,1,35,6,1591,1,6,KIA SPORTAGE,3,W01000705,0,1
2024991486229,2024,991486229,1,9,0,-1,19,2,6,-1,0,0,0,0,0,0,1,1,-1,2,2,55,8,1995,2,7,KIA SPORTAGE,-1,-1,0,-1
202417M303324,2024,17M303324,1,9,0,18,19,4,8,0,0,4,0,0,0,0,1,1,6,6,2,57,9,1995,2,10,KIA SPORTAGE,-1,-1,0,-1
2024302500206,2024,302500206,3,9,0,-1,19,6,2,-1,0,2,0,0,0,0,2,1,-1,9,1,47,8,1598,8,4,KIA SPORTAGE,8,E01013546,0,3
2024111522609,2024,111522609,2,9,0,-1,19,1,5,-1,0,1,0,0,0,0,3,1,-1,6,2,40,7,1591,1,2,KIA SPORTAGE,5,E01034492,0,1
2024501449936,2024,501449936,1,9,0,-1,19,4,1,-1,0,2,0,0,0,0,1,1,-1,9,1,57,9,1598,1,2,KIA SPORTAGE,5,E01020068,0,3
2024320469703,2024,320469703,1,9,0,-1,-1,5,1,0,0,8,0,0,7,3,1,1,6,6,1,39,7,1685,2,10,KIA SPORTAGE,1,E01004848,0,5
2024221450351,2024,221450351,1,9,0,-1,19,6,4,-1,0,2,0,0,0,0,1,1,-1,6,2,49,8,1598,8,0,KIA SPORTAGE,8,E01032315,0,2
2024311519985,2024,311519985,1,9,0,-1,19,6,3,-1,0,3,0,0,0,0,1,1,-1,9,2,30,6,1591,1,9,KIA SPORTAGE,1,E01027976,0,1
2024010537532,2024,010537532,2,9,0,18,19,5,1,0,0,0,0,0,0,0,0,1,6,6,2,41,7,1591,1,6,KIA SPORTAGE,9,E01030573,0,3
2024010533494,2024,010533494,1,9,0,18,19,3,7,0,0,0,1,0,0,0,3,1,6,6,1,59,9,1598,1,0,KIA SPORTAGE,6,E01016824,0,4
2024161416895,2024,161416895,2,9,0,-1,19,7,3,-1,0,8,0,0,3,11,3,1,-1,2,1,42,7,1995,2,10,KIA SPORTAGE,1,E01013141,0,1
2024430465429,2024,430465429,2,8,0,3,3,1,5,0,0,1,0,0,0,0,2,1,6,6,2,34,6,1591,1,3,KIA SPORTAGE,2,E01035432,0,3
2024991489563,2024,991489563,1,9,0,-1,4,3,6,-1,0,1,0,0,0,0,1,1,-1,9,1,66,10,1598,8,0,KIA SPORTAGE,5,-1,0,1
2024351397101,2024,351397101,1,9,0,-1,4,-1,-1,-1,0,8,0,0,0,0,1,9,-1,6,2,23,5,1591,1,7,KIA SPORTAGE,5,E01017974,0,1
2024520402495,2024,520402495,2,9,0,18,19,4,8,0,0,0,0,0,0,0,3,1,6,6,1,66,10,1591,1,5,KIA SPORTAGE,4,E01029327,0,3
2024351407899,2024,351407899,1,9,0,-1,-1,-1,-1,-1,0,8,0,0,0,0,1,9,-1,6,1,44,7,1995,2,7,KIA SPORTAGE,3,E01017978,0,1
2024430224142,2024,430224142,2,9,0,18,19,3,7,0,0,8,0,0,0,0,1,1,6,6,1,50,8,1598,8,1,KIA SPORTAGE,6,E01019917,0,5
2024501407878,2024,501407878,1,9,0,-1,19,7,3,-1,0,1,1,0,0,0,1,9,-1,1,2,33,6,1995,2,12,KIA SPORTAGE,4,E01020123,0,1
2024131509373,2024,131509373,3,9,0,-1,19,4,8,-1,0,8,0,0,0,0,2,1,-1,6,1,52,8,1591,1,5,KIA SPORTAGE,5,E01010754,0,2
2024471496428,2024,471496428,1,9,0,-1,19,3,7,-1,0,0,1,10,0,0,4,1,-1,9,2,31,6,1591,1,7,KIA SPORTAGE,5,E01030531,0,1
2024531502672,2024,531502672,2,9,0,-1,19,2,6,-1,0,1,0,0,1,0,3,1,-1,9,2,48,8,1685,2,11,KIA SPORTAGE,3,E01014073,0,4
2024371411169,2024,371411169,2,9,0,-1,19,-1,-1,-1,0,3,0,0,0,0,4,1,-1,9,2,58,9,1598,2,5,KIA SPORTAGE,7,E01030038,0,2
2024041457900,2024,041457900,2,9,0,-1,19,3,7,-1,0,0,0,0,0,0,1,1,-1,9,1,68,10,1995,2,10,KIA SPORTAGE,8,E01025596,0,1
2024010522434,2024,010522434,2,9,0,99,99,9,9,99,99,9,9,99,9,99,9,9,6,6,3,-1,-1,1591,1,8,KIA SPORTAGE,4,E01024296,0,4
2024461528030,2024,461528030,1,9,0,-1,19,7,3,-1,0,0,0,0,0,0,4,1,-1,9,2,39,7,1995,2,13,KIA SPORTAGE,8,E01016060,0,1
2024440026631,2024,440026631,1,9,0,16,19,4,8,0,0,0,1,0,7,4,3,1,2,2,2,41,7,1591,1,8,KIA SPORTAGE,9,E01022593,0,2
2024440102846,2024,440102846,2,9,0,2,2,0,0,0,0,0,0,0,0,0,3,1,6,6,2,-1,-1,1995,2,12,KIA SPORTAGE,-1,-1,0,-1
2024010535684,2024,010535684,1,9,0,7,7,3,5,0,0,8,0,0,0,0,1,1,6,6,3,24,5,1598,8,0,KIA SPORTAGE,2,E01033883,0,1
2024471469163,2024,471469163,1,9,0,-1,4,6,8,-1,0,1,0,4,0,0,3,1,-1,1,2,53,8,1591,1,4,KIA SPORTAGE,6,E01030833,0,1
2024552401203,2024,552401203,2,9,0,18,19,4,8,0,0,8,0,0,1,11,1,1,6,6,2,67,10,1591,1,6,KIA SPORTAGE,9,E01015322,0,1
2024311436376,2024,311436376,2,9,0,-1,9,4,8,-1,0,5,0,0,0,0,2,1,-1,9,2,-1,-1,1685,2,7,KIA SPORTAGE,3,E01007781,0,4
2024161469515,2024,161469515,1,9,0,-1,19,5,1,-1,0,0,0,0,0,0,1,1,-1,2,1,36,7,1598,1,0,KIA SPORTAGE,-1,-1,0,-1
2024361507899,2024,361507899,2,9,0,-1,3,3,7,-1,0,0,0,0,0,0,2,1,-1,7,2,29,6,1685,2,10,KIA SPORTAGE,4,E01026720,0,2
2024161533703,2024,161533703,1,9,0,-1,1,7,3,-1,99,0,0,0,1,11,1,1,-1,6,1,75,10,1598,8,0,KIA SPORTAGE,9,E01028009,0,4
2024522402490,2024,522402490,1,9,0,18,19,3,6,0,0,8,0,0,0,0,4,1,6,6,2,32,6,1995,2,12,KIA SPORTAGE,6,E01035213,0,1
2024010527908,2024,010527908,2,9,0,17,19,7,3,0,0,0,0,0,0,0,1,2,6,6,1,66,10,1591,1,9,KIA SPORTAGE,3,E01003332,0,1
2024451487214,2024,451487214,5,9,0,-1,19,3,7,-1,0,0,0,0,0,0,1,1,-1,9,1,51,8,1685,2,6,KIA SPORTAGE,9,E01035246,0,4
2024010527349,2024,010527349,1,9,0,3,3,5,1,0,0,1,0,0,0,0,1,1,6,6,1,40,7,1591,1,6,KIA SPORTAGE,10,E01002194,0,3
2024010517936,2024,010517936,2,9,0,99,99,9,9,99,99,9,9,99,9,99,2,9,6,6,2,51,8,1598,8,1,KIA SPORTAGE,5,E01000260,0,1
2024041426041,2024,041426041,2,9,0,-1,19,1,5,-1,0,1,0,0,0,0,4,1,-1,7,2,44,7,1598,8,3,KIA SPORTAGE,9,E01025404,0,1
2024131401417,2024,131401417,1,9,0,-1,9,1,5,-1,0,8,0,0,0,0,3,1,-1,9,1,40,7,1995,2,11,KIA SPORTAGE,10,E01011190,0,1
2024221430026,2024,221430026,1,9,0,-1,10,3,1,-1,0,1,0,0,0,0,2,1,-1,6,1,65,9,1995,2,12,KIA SPORTAGE,7,E01029012,0,4
2024371498048,2024,371498048,2,9,0,-1,19,1,5,-1,0,0,0,0,0,0,3,1,-1,6,1,67,10,1685,2,7,KIA SPORTAGE,3,E01030253,0,2
2024141489447,2024,141489447,3,9,0,-1,19,2,6,-1,0,0,0,0,0,0,2,1,-1,7,1,57,9,1591,1,7,KIA SPORTAGE,6,E01007725,0,1
2024161434873,2024,161434873,2,9,0,-1,5,3,7,-1,0,1,0,0,0,0,1,1,-1,9,1,77,11,1991,2,15,KIA SPORTAGE,8,E01013055,0,2
2024010534785,2024,010534785,1,9,0,99,99,9,9,99,99,9,9,99,9,99,1,9,6,6,3,-1,-1,1591,1,9,KIA SPORTAGE,-1,-1,0,-1
2024531559598,2024,531559598,1,9,0,-1,5,8,4,-1,0,2,0,0,0,0,1,1,-1,6,1,-1,-1,1591,1,8,KIA SPORTAGE,-1,-1,0,-1
2024010519695,2024,010519695,1,9,0,4,4,3,7,0,0,1,0,0,0,0,2,1,6,6,1,59,9,1598,8,0,KIA SPORTAGE,3,E01034045,0,1
2024440263342,2024,440263342,3,9,0,3,3,1,5,0,0,1,0,0,0,0,2,1,1,1,1,43,7,1598,8,0,KIA SPORTAGE,7,E01022532,0,3
2024440552645,2024,440552645,2,9,0,3,3,2,7,0,0,0,0,0,0,0,2,1,1,1,1,79,11,1685,2,11,KIA SPORTAGE,6,E01022911,0,1
2024231498245,2024,231498245,1,9,0,-1,7,7,1,-1,0,4,2,9,3,1,1,1,-1,2,1,46,8,1685,2,8,KIA SPORTAGE,1,E01013632,0,3
2024201413537,2024,201413537,2,9,0,-1,19,4,8,-1,0,8,0,0,0,0,1,9,-1,2,1,53,8,1995,2,8,KIA SPORTAGE,5,E01010285,0,2
2024411480425,2024,411480425,1,9,0,-1,19,5,1,-1,0,0,0,0,0,0,1,1,-1,9,1,75,10,1598,2,5,KIA SPORTAGE,6,E01017378,0,3
2024622400263,2024,622400263,1,9,0,18,19,8,4,0,0,3,0,0,0,0,1,1,6,6,2,30,6,1685,2,7,KIA SPORTAGE,7,W01001152,0,4
2024061470067,2024,061470067,2,9,0,-1,5,-1,-1,-1,0,0,0,0,0,0,1,1,-1,6,3,-1,-1,1598,8,1,KIA SPORTAGE,-1,-1,0,-1
2024131450265,2024,131450265,2,9,0,-1,19,1,5,-1,0,4,0,0,0,0,3,1,-1,6,2,60,9,1685,2,12,KIA SPORTAGE,3,E01010763,0,1
2024061502662,2024,061502662,3,9,0,-1,2,0,0,-1,9,1,0,0,0,0,3,1,-1,6,-1,-1,-1,1685,2,9,KIA SPORTAGE,-1,-1,0,-1
2024010524796,2024,010524796,1,9,0,18,19,1,5,0,0,1,5,4,0,0,4,1,6,6,1,40,7,1591,1,7,KIA SPORTAGE,9,W01000759,0,5
2024031464240,2024,031464240,1,9,0,-1,19,1,5,-1,0,0,0,0,1,4,1,1,-1,9,1,26,6,1685,2,11,KIA SPORTAGE,1,E01005090,0,5
2024430584732,2024,430584732,1,9,0,18,19,6,2,0,0,8,2,7,0,0,3,1,6,6,2,33,6,1598,8,1,KIA SPORTAGE,9,E01035268,0,1
2024161408476,2024,161408476,1,9,0,-1,4,7,3,-1,0,1,1,7,0,0,1,1,-1,6,2,40,7,1685,2,6,KIA SPORTAGE,6,E01013325,0,1
2024631406955,2024,631406955,2,9,0,-1,19,3,7,-1,0,2,0,0,0,0,4,1,-1,9,2,54,8,1685,2,8,KIA SPORTAGE,1,W01000600,0,4
2024122400161,2024,122400161,2,9,0,17,19,7,3,0,0,2,0,0,0,0,1,1,2,2,2,51,8,1591,1,3,KIA SPORTAGE,5,E01027857,0,2
2024010540765,2024,010540765,1,9,0,9,9,7,4,0,0,5,0,0,0,0,1,1,6,6,2,-1,-1,1995,2,7,KIA SPORTAGE,2,E01001515,0,2
2024531453413,2024,531453413,3,9,0,-1,19,6,2,-1,0,0,0,0,0,0,3,1,-1,2,2,64,9,1591,1,2,KIA SPORTAGE,5,E01022377,0,1
2024451479647,2024,451479647,1,9,0,-1,19,3,7,-1,0,0,1,99,0,0,3,1,-1,9,2,35,6,1598,8,2,KIA SPORTAGE,10,E01004105,0,3
2024131414283,2024,131414283,1,9,0,-1,-1,-1,-1,-1,-1,-1,-1,-1,-1,0,-1,1,-1,6,3,-1,-1,1995,2,6,KIA SPORTAGE,-1,-1,0,-1
2024471454562,2024,471454562,1,9,0,-1,19,3,7,-1,0,0,0,10,0,0,3,1,-1,9,1,44,7,1685,2,8,KIA SPORTAGE,7,E01031560,0,1
2024411525303,2024,411525303,2,9,0,-1,4,3,7,-1,0,0,0,0,0,0,2,1,-1,6,1,38,7,1591,1,6,KIA SPORTAGE,9,E01024849,0,4
2024991441782,2024,991441782,3,9,0,-1,19,3,8,-1,0,0,0,0,0,0,3,1,-1,9,2,53,8,1591,1,6,KIA SPORTAGE,5,-1,0,2
2024351421015,2024,351421015,1,9,0,-1,19,1,5,-1,0,0,0,0,0,0,1,1,-1,6,1,44,7,1685,2,12,KIA SPORTAGE,4,E01015606,0,3
2024052400450,2024,052400450,1,9,0,18,19,5,1,0,0,8,0,0,0,0,4,1,1,1,1,46,8,1598,8,1,KIA SPORTAGE,2,E01007300,0,3
2024421492652,2024,421492652,1,9,0,-1,19,3,7,-1,0,2,0,0,0,0,3,1,-1,9,1,51,8,1598,8,0,KIA SPORTAGE,9,E01025883,0,5
2024461433626,2024,461433626,1,9,0,-1,5,6,1,-1,0,0,1,0,0,0,4,1,-1,6,2,35,6,1591,1,6,KIA SPORTAGE,4,E01035007,0,1
2024131469567,2024,131469567,3,9,0,-1,2,8,4,-1,0,0,0,0,0,0,3,1,-1,6,-1,-1,-1,1598,8,0,KIA SPORTAGE,-1,-1,0,-1
2024421464048,2024,421464048,2,9,0,-1,19,1,5,-1,0,0,0,0,0,0,1,1,-1,6,2,26,6,1591,1,13,KIA SPORTAGE,1,E01032543,0,5
2024141458796,2024,141458796,2,9,0,-1,9,4,2,-1,0,6,0,0,0,0,3,1,-1,6,1,42,7,1685,2,8,KIA SPORTAGE,3,E01007550,0,1
2024052400989,2024,052400989,1,9,0,18,19,5,1,0,0,1,0,0,0,0,1,1,6,6,2,70,10,1591,1,7,KIA SPORTAGE,1,E01006618,0,3
2024471483731,2024,471483731,1,9,0,-1,5,1,4,-1,0,2,0,0,0,0,2,1,-1,1,1,40,7,1591,1,5,KIA SPORTAGE,2,E01031437,0,3
2024010511386,2024,010511386,2,9,5,18,19,1,5,99,99,0,9,0,0,0,9,9,6,6,3,-1,-1,1591,1,8,KIA SPORTAGE,-1,-1,0,-1
2024010522501,2024,010522501,2,9,0,2,2,0,0,0,0,0,0,0,0,0,2,1,6,6,3,-1,-1,1591,1,6,KIA SPORTAGE,-1,-1,0,-1
2024302401644,2024,302401644,3,9,0,2,2,0,0,0,0,0,0,0,0,0,2,1,6,6,3,-1,-1,1598,1,1,KIA SPORTAGE,-1,-1,0,-1
2024421530066,2024,421530066,2,9,0,-1,19,5,1,-1,0,0,0,0,0,0,1,1,-1,9,1,49,8,1598,8,0,KIA SPORTAGE,8,E01021924,0,1
2024010522239,2024,010522239,2,9,0,18,19,3,7,0,0,0,0,0,0,0,1,1,6,6,1,63,9,1598,8,0,KIA SPORTAGE,7,E01000334,0,3
2024010503805,2024,010503805,2,9,0,15,15,3,7,0,0,1,0,0,0,0,1,1,6,6,1,44,7,1598,1,1,KIA SPORTAGE,4,E01017905,0,4
2024520402137,2024,520402137,1,9,0,18,19,8,4,0,0,8,0,0,1,11,4,1,6,6,2,40,7,1685,2,8,KIA SPORTAGE,9,E01029031,0,1
2024540871924,2024,540871924,2,9,0,9,9,8,5,0,0,8,0,0,0,0,4,1,6,6,2,28,6,1685,2,10,KIA SPORTAGE,8,E01033849,0,1
2024332400048,2024,332400048,2,9,0,-1,19,2,5,-1,0,8,0,0,0,0,3,1,-1,9,1,41,7,1591,1,6,KIA SPORTAGE,6,E01026260,0,4
2024411513318,2024,411513318,1,9,-1,-1,-1,-1,-1,-1,-1,-1,-1,-1,-1,0,-1,9,-1,6,1,56,9,1591,1,7,KIA SPORTAGE,6,E01015950,0,4
2024520001722,2024,520001722,1,9,0,18,19,6,2,0,0,0,0,4,0,0,4,1,6,6,1,60,9,1998,1,14,KIA SPORTAGE,8,E01004053,0,5
2024161530227,2024,161530227,2,9,0,-1,19,5,1,-1,0,0,0,0,0,0,1,1,-1,9,1,43,7,1995,2,12,KIA SPORTAGE,5,E01013244,0,1
2024031416502,2024,031416502,2,9,0,-1,-1,-1,-1,-1,-1,0,-1,-1,-1,0,-1,1,-1,6,3,-1,-1,1685,2,7,KIA SPORTAGE,-1,-1,0,-1
2024041502359,2024,041502359,2,9,0,-1,19,1,5,-1,0,0,0,0,0,0,4,1,-1,9,2,53,8,1598,8,0,KIA SPORTAGE,1,E01025140,0,1
2024061486644,2024,061486644,2,9,0,-1,3,6,2,-1,0,1,0,0,0,0,2,1,-1,6,2,39,7,1598,8,2,KIA SPORTAGE,6,E01005537,0,1
2024131483034,2024,131483034,1,9,0,-1,19,6,2,-1,0,0,0,0,0,0,-1,1,-1,6,3,-1,-1,1685,2,8,KIA SPORTAGE,-1,-1,0,-1
2024221443312,2024,221443312,2,9,0,-1,9,1,7,-1,0,8,1,0,0,0,4,9,-1,9,2,33,6,1598,2,5,KIA SPORTAGE,6,E01035066,0,4
2024221458653,2024,221458653,1,9,0,-1,9,7,4,-1,9,6,0,0,0,0,1,1,-1,6,1,60,9,1591,1,3,KIA SPORTAGE,7,E01032317,0,1
202454B001124,2024,54B001124,1,9,0,18,19,1,5,0,0,3,0,0,0,0,1,1,6,6,2,-1,-1,1995,2,9,KIA SPORTAGE,-1,-1,0,-1
2024361460350,2024,361460350,1,9,0,-1,19,7,3,-1,0,0,0,0,0,0,1,1,-1,6,2,37,7,1591,1,7,KIA SPORTAGE,4,E01026780,0,1
2024320084845,2024,320084845,1,9,0,-1,-1,5,1,0,0,0,1,10,1,4,1,1,6,6,1,35,6,1591,1,2,KIA SPORTAGE,3,E01013156,0,2
2024451410431,2024,451410431,3,9,0,-1,19,3,7,-1,0,0,0,0,0,0,2,1,-1,9,2,41,7,1591,1,7,KIA SPORTAGE,4,E01002250,0,4
2024221400399,2024,221400399,1,9,0,-1,9,6,3,-1,0,3,0,0,0,0,1,1,-1,6,1,79,11,1995,2,12,KIA SPORTAGE,5,E01028858,0,2
2024131532043,2024,131532043,1,9,0,-1,9,6,4,-1,0,8,0,0,0,0,1,1,-1,6,1,61,9,1995,2,10,KIA SPORTAGE,3,E01011175,0,1
2024141534741,2024,141534741,1,9,0,-1,19,4,8,-1,0,1,2,0,1,1,4,1,-1,9,1,57,9,1685,2,8,KIA SPORTAGE,3,E01029434,0,4
2024631533587,2024,631533587,1,9,0,-1,19,2,6,-1,0,0,1,0,2,4,1,1,-1,9,1,58,9,1598,8,0,KIA SPORTAGE,10,E01006583,0,5
2024211423008,2024,211423008,1,9,0,-1,19,7,3,-1,0,0,5,10,0,0,1,1,-1,6,1,67,10,1685,2,9,KIA SPORTAGE,1,E01029453,0,1
2024411496986,2024,411496986,1,9,0,-1,19,7,3,-1,0,0,0,0,0,0,1,1,-1,6,1,37,7,1591,1,8,KIA SPORTAGE,5,E01023546,0,1
2024522401288,2024,522401288,2,9,0,4,4,7,2,0,0,0,1,0,1,0,1,1,6,6,2,31,6,1591,1,4,KIA SPORTAGE,9,W01001890,0,4
2024501420585,2024,501420585,1,9,0,-1,19,1,5,-1,0,3,0,0,0,0,3,9,-1,6,1,36,7,1591,1,3,KIA SPORTAGE,8,E01020009,0,1
2024351459331,2024,351459331,2,9,0,-1,19,-1,-1,-1,0,2,0,0,0,0,2,9,-1,9,2,47,8,1685,2,9,KIA SPORTAGE,1,E01018103,0,1
2024440333586,2024,440333586,3,9,0,18,19,3,7,0,0,8,0,0,0,0,3,1,6,6,1,76,11,1685,2,11,KIA SPORTAGE,5,E01022845,0,1
2024411490464,2024,411490464,2,9,0,-1,19,3,7,-1,0,0,0,0,0,0,4,1,-1,2,1,36,7,1598,8,1,KIA SPORTAGE,9,E01002537,0,3
2024111498124,2024,111498124,1,9,0,-1,12,2,6,-1,-1,0,0,0,0,0,3,1,-1,6,2,30,6,1598,1,1,KIA SPORTAGE,-1,-1,0,-1
2024061399837,2024,061399837,1,9,0,-1,2,5,1,-1,-1,1,0,0,0,0,2,1,-1,1,1,39,7,1685,2,7,KIA SPORTAGE,10,E01012490,0,3
2024161481472,2024,161481472,2,9,0,-1,4,6,2,-1,0,0,0,0,0,0,2,1,-1,6,1,77,11,1991,2,15,KIA SPORTAGE,6,E01013048,0,3
2024122400558,2024,122400558,1,9,0,5,5,7,3,9,9,1,0,0,0,0,1,1,6,6,1,65,9,1598,1,1,KIA SPORTAGE,8,E01027836,0,1
2024201441647,2024,201441647,1,9,0,-1,9,2,8,-1,0,5,0,0,0,0,4,1,-1,9,2,63,9,1591,1,3,KIA SPORTAGE,8,E01028830,0,4
202417M106924,2024,17M106924,1,9,0,-1,9,4,2,-1,0,6,0,0,0,0,1,1,-1,1,1,46,8,1598,8,0,KIA SPORTAGE,4,E01012056,0,1
2024141492988,2024,141492988,2,9,0,-1,5,1,5,-1,0,8,0,0,0,0,3,1,-1,6,2,27,6,1995,2,7,KIA SPORTAGE,1,E01007791,0,2
2024052400353,2024,052400353,1,9,0,18,19,8,4,0,0,0,5,0,1,1,1,1,6,6,1,25,5,1685,2,8,KIA SPORTAGE,7,E01006938,0,1
2024522402075,2024,522402075,1,9,0,3,3,1,1,0,0,8,0,0,0,0,2,1,6,6,2,50,8,1598,8,0,KIA SPORTAGE,5,E01031933,0,4
2024361498517,2024,361498517,1,9,-1,-1,9,-1,-1,-1,0,1,0,0,0,0,1,9,-1,6,2,74,10,1995,2,8,KIA SPORTAGE,6,E01026462,0,1
2024461415207,2024,461415207,2,9,0,-1,19,3,7,-1,0,0,0,0,0,0,1,1,-1,2,2,40,7,1685,2,9,KIA SPORTAGE,7,E01024723,0,1
2024041518885,2024,041518885,3,9,0,-1,19,5,1,-1,0,0,0,0,0,0,3,1,-1,9,1,72,10,1685,2,12,KIA SPORTAGE,9,E01006314,0,4
2024340NN2272,2024,340NN2272,2,9,0,-1,19,2,6,-1,0,8,0,0,0,0,1,1,-1,6,1,63,9,1591,1,3,KIA SPORTAGE,6,E01027039,0,1
2024471400286,2024,471400286,2,9,0,-1,5,1,5,-1,0,8,0,0,0,0,1,1,-1,6,2,60,9,1591,1,5,KIA SPORTAGE,6,E01021032,0,1
2024311447325,2024,311447325,1,9,0,-1,5,1,5,-1,0,1,0,0,0,0,4,1,-1,1,1,58,9,1591,1,8,KIA SPORTAGE,10,E01028097,0,1
2024451517570,2024,451517570,1,9,0,-1,5,3,1,-1,0,8,0,0,0,0,3,1,-1,7,2,49,8,1591,1,8,KIA SPORTAGE,8,E01030865,0,1
2024061409880,2024,061409880,2,9,-1,-1,19,7,3,-1,0,0,0,0,0,0,2,9,-1,6,1,-1,-1,1591,1,3,KIA SPORTAGE,-1,-1,0,-1
2024351479615,2024,351479615,3,9,0,-1,3,2,5,-1,0,0,0,0,0,0,2,1,-1,6,1,62,9,1598,8,0,KIA SPORTAGE,5,E01015655,0,1
2024122500325,2024,122500325,1,9,0,5,5,3,4,0,0,1,0,0,0,0,1,1,6,6,2,75,10,1975,1,15,KIA SPORTAGE,7,E01027743,0,1
2024991403642,2024,991403642,2,9,0,-1,10,4,2,-1,0,1,0,0,7,4,2,1,-1,9,2,58,9,1685,2,9,KIA SPORTAGE,6,-1,0,1
2024320525884,2024,320525884,2,9,0,2,2,0,0,0,0,0,0,0,0,0,2,1,6,6,2,43,7,1598,8,0,KIA SPORTAGE,9,E01026263,0,1
202417H100124,2024,17H100124,2,9,0,18,19,6,2,0,0,0,0,0,0,0,1,1,6,6,1,61,9,1685,2,7,KIA SPORTAGE,9,E01011983,0,2
2024371500398,2024,371500398,1,9,0,-1,9,1,5,-1,0,8,0,0,0,0,4,1,-1,9,2,61,9,1591,1,7,KIA SPORTAGE,9,E01032611,0,3