collision_index,collision_year,collision_ref_no,vehicle_reference,vehicle_type,towing_and_articulation,vehicle_manoeuvre_historic,vehicle_manoeuvre,vehicle_direction_from,vehicle_direction_to,vehicle_location_restricted_lane_historic,vehicle_location_restricted_lane,junction_location,skidding_and_overturning,hit_object_in_carriageway,vehicle_leaving_carriageway,hit_object_off_carriageway,first_point_of_impact,vehicle_left_hand_drive,journey_purpose_of_driver_historic,journey_purpose_of_driver,sex_of_driver,age_of_driver,age_band_of_driver,engine_capacity_cc,propulsion_code,age_of_vehicle,generic_make_model,driver_imd_decile,lsoa_of_driver,escooter_flag,driver_distance_banding
2024451467303,2024,451467303,2,9,0,-1,5,5,3,-1,0,6,0,0,0,0,3,1,-1,9,1,40,7,2494,8,8,LEXUS IS 300,9,E01002935,0,3
2024131404643,2024,131404643,2,9,0,-1,19,7,3,-1,0,0,0,0,0,0,1,1,-1,1,1,48,8,2494,8,9,LEXUS IS 300,8,E01011047,0,3
2024010504375,2024,010504375,3,9,0,99,99,9,9,99,99,0,9,99,9,99,0,9,6,6,3,-1,-1,2493,8,11,LEXUS IS 300,-1,-1,0,-1
2024010537173,2024,010537173,1,9,0,99,99,9,9,99,99,9,9,99,9,99,2,9,6,6,2,47,8,2494,8,9,LEXUS IS 300,2,E01034476,0,1
2024231439779,2024,231439779,2,9,0,-1,4,1,5,-1,0,1,0,0,0,0,2,1,-1,1,1,27,6,2494,8,8,LEXUS IS 300,2,E01009627,0,3
2024421507149,2024,421507149,1,9,0,-1,3,5,1,-1,0,4,0,0,0,0,1,1,-1,6,1,41,7,2494,8,9,LEXUS IS 300,4,E01015956,0,1
2024471419605,2024,471419605,2,9,0,-1,19,5,1,-1,0,0,0,0,0,0,4,1,-1,9,2,60,9,2494,8,9,LEXUS IS 300,10,E01031649,0,2
2024201527129,2024,201527129,2,9,0,-1,19,8,4,-1,0,0,0,0,0,0,3,1,-1,9,1,52,8,2997,1,21,LEXUS IS 300,1,E01009093,0,1
2024461423259,2024,461423259,2,9,0,-1,2,0,0,-1,0,0,0,0,0,0,2,1,-1,9,1,54,8,2494,8,9,LEXUS IS 300,2,E01024585,0,1
2024451420183,2024,451420183,3,9,0,-1,19,8,4,-1,0,1,0,0,0,0,2,1,-1,2,1,33,6,2494,8,10,LEXUS IS 300,10,E01016200,0,2
2024461434099,2024,461434099,2,9,0,-1,3,7,3,-1,0,0,0,0,0,0,2,1,-1,9,1,24,5,2494,8,6,LEXUS IS 300,5,E01016029,0,3
2024131535216,2024,131535216,2,9,0,-1,19,7,3,-1,0,0,0,0,0,0,3,1,-1,6,1,77,11,2493,8,11,LEXUS IS 300,9,E01011271,0,2
2024440524825,2024,440524825,1,9,0,4,4,3,7,0,0,1,0,0,0,0,2,1,6,6,2,57,9,2494,8,8,LEXUS IS 300,10,E01032006,0,4
2024010508219,2024,010508219,2,9,0,18,19,8,4,0,0,1,0,0,0,0,1,1,6,6,1,29,6,2493,8,11,LEXUS IS 300,-1,-1,0,-1
2024201554279,2024,201554279,1,8,0,-1,9,6,3,-1,0,5,0,0,0,0,1,1,-1,9,1,63,9,2494,8,10,LEXUS IS 300,1,E01009331,0,1
2024141518199,2024,141518199,1,9,0,-1,19,7,3,-1,0,0,0,0,1,2,1,1,-1,9,1,28,6,2493,8,10,LEXUS IS 300,3,E01033594,0,5
2024010507052,2024,010507052,1,9,0,3,3,1,5,0,0,0,0,0,0,0,2,2,1,1,1,45,7,2493,8,10,LEXUS IS 300,-1,-1,0,-1
2024371417074,2024,371417074,1,9,0,-1,19,5,1,-1,0,1,0,0,0,0,3,1,-1,9,1,35,6,2494,8,8,LEXUS IS 300,2,E01030024,0,1
2024010551314,2024,010551314,4,9,0,3,3,1,5,0,0,0,0,0,0,0,2,1,6,6,1,44,7,2494,8,4,LEXUS IS 300,2,E01032787,0,1
2024131483852,2024,131483852,1,9,0,-1,4,1,5,-1,0,0,0,0,0,0,0,1,-1,1,1,58,9,2493,8,10,LEXUS IS 300,4,E01010756,0,1
2024221488907,2024,221488907,1,17,4,-1,11,6,4,-1,0,8,0,0,0,0,4,9,-1,1,1,32,6,4397,2,0,MAKE AND MODEL REDACTED,7,W01000451,0,4
2024052401856,2024,052401856,1,9,0,18,19,1,5,0,0,0,0,0,0,0,1,1,6,6,3,-1,-1,2987,2,17,MAKE AND MODEL REDACTED,-1,-1,0,-1
2024041478543,2024,041478543,3,9,0,-1,2,0,0,-1,0,1,0,0,0,0,1,1,-1,6,-1,-1,-1,2987,2,14,MAKE AND MODEL REDACTED,-1,-1,0,-1
2024430165915,2024,430165915,1,9,0,7,7,2,5,0,0,6,0,0,0,0,4,1,6,6,1,59,9,2148,2,14,MAKE AND MODEL REDACTED,4,E01017661,0,1
2024430067651,2024,430067651,2,8,0,9,9,4,2,0,0,5,0,0,0,0,3,1,1,1,1,60,9,2987,2,11,MAKE AND MODEL REDACTED,2,E01016397,0,1
2024041472116,2024,041472116,2,10,0,-1,19,5,1,-1,0,0,0,0,0,0,4,1,-1,9,1,37,7,-1,-1,-1,MAKE AND MODEL REDACTED,1,E01025295,0,1
2024440540640,2024,440540640,1,8,0,18,19,3,7,0,0,4,0,0,0,0,2,1,3,7,1,36,7,2143,2,11,MAKE AND MODEL REDACTED,2,E01015277,0,4
2024546693424,2024,546693424,1,9,0,18,19,8,4,0,0,1,0,0,0,0,1,1,6,6,2,46,8,2987,2,16,MAKE AND MODEL REDACTED,5,E01031845,0,4
2024311396859,2024,311396859,2,8,0,-1,19,1,5,-1,0,0,0,0,0,0,1,1,-1,1,1,58,9,2143,2,11,MAKE AND MODEL REDACTED,7,E01013250,0,3
2024010512840,2024,010512840,2,8,0,99,99,9,9,99,99,9,9,99,9,99,1,9,6,6,3,-1,-1,-1,3,3,MG 5,4,E01004633,0,3
2024481507920,2024,481507920,1,9,0,-1,9,3,5,-1,0,8,0,0,0,0,4,1,-1,1,1,37,7,-1,3,2,MG 5,-1,-1,0,-1
2024010504144,2024,010504144,2,9,0,6,6,3,3,0,0,1,0,0,0,0,3,1,6,6,1,56,9,-1,3,3,MG 5,3,E01001862,0,1
2024010497581,2024,010497581,1,8,0,5,5,3,7,0,0,1,0,0,0,0,1,1,6,6,1,63,9,-1,3,1,MG 5,3,E01000640,0,2
2024501438670,2024,501438670,2,9,0,-1,7,3,5,-1,0,6,0,0,0,0,3,9,-1,1,1,52,8,-1,3,2,MG 5,3,E01015095,0,2
2024451533533,2024,451533533,1,9,0,-1,19,1,5,-1,0,0,0,0,0,0,1,1,-1,9,1,37,7,-1,3,1,MG 5,10,E01030807,0,2
2024010503063,2024,010503063,2,9,0,18,19,1,5,4,4,0,0,4,0,0,1,1,6,6,1,58,9,-1,3,2,MG 5,3,E01001669,0,2
2024010548068,2024,010548068,2,9,0,9,9,5,2,0,0,5,9,0,0,0,4,1,1,1,1,50,8,-1,3,1,MG 5,6,E01000159,0,3
2024401499147,2024,401499147,1,9,0,-1,19,7,3,-1,0,4,0,0,0,0,1,1,-1,6,1,46,8,-1,3,3,MG 5,2,E01015787,0,3
2024461404795,2024,461404795,1,9,0,-1,19,3,7,-1,0,4,0,0,0,0,1,9,-1,6,2,50,8,-1,3,3,MG 5,7,E01024124,0,1
2024010535507,2024,010535507,2,9,0,3,3,1,5,0,0,1,0,0,0,0,1,1,1,1,1,51,8,-1,3,3,MG 5,2,E01004007,0,2
2024440216727,2024,440216727,1,9,0,13,13,8,4,0,0,0,0,0,0,0,4,1,2,2,1,62,9,-1,3,2,MG 5,8,E01022935,0,3
2024440318796,2024,440318796,2,9,0,18,19,4,8,0,0,0,0,0,4,6,4,1,6,6,2,56,9,-1,3,3,MG 5,3,E01017242,0,3
2024340WN0242,2024,340WN0242,1,9,0,-1,19,4,8,-1,0,0,1,0,1,4,1,1,-1,9,1,24,5,-1,3,2,MG 5,2,E01013510,0,4
2024010518374,2024,010518374,2,9,0,9,9,5,3,0,0,8,0,0,0,0,1,1,2,2,1,50,8,-1,3,3,MG 5,2,E01003546,0,2
2024461400530,2024,461400530,2,9,0,-1,3,4,8,-1,0,0,0,0,5,6,2,1,-1,9,1,26,6,-1,3,3,MG 5,-1,-1,0,-1
2024201444603,2024,201444603,1,8,0,-1,19,6,2,-1,0,0,0,0,0,0,1,1,-1,1,3,-1,-1,-1,3,2,MG 5,-1,-1,0,-1
2024010531709,2024,010531709,1,9,0,6,6,7,7,0,0,0,0,0,0,0,4,1,1,1,1,60,9,-1,3,2,MG 5,3,E01034142,0,2
2024010530626,2024,010530626,1,8,0,99,99,9,9,99,99,9,9,99,9,99,1,9,6,6,3,-1,-1,-1,3,2,MG 5,-1,-1,0,-1
2024010532228,2024,010532228,1,8,0,99,99,9,9,99,99,9,9,99,9,99,9,9,6,6,1,60,9,-1,3,2,MG 5,5,E01003247,0,1
2024010509420,2024,010509420,1,9,0,5,5,5,1,0,0,1,0,0,0,0,0,1,1,1,1,32,6,-1,3,3,MG 5,8,E01000426,0,2
2024010504179,2024,010504179,1,9,0,12,12,5,1,0,0,8,0,0,0,0,4,1,1,1,1,56,9,-1,3,3,MG 5,7,E01001891,0,2
2024547525624,2024,547525624,1,9,0,18,19,2,6,0,0,1,0,0,0,0,4,1,6,6,1,80,11,-1,3,3,MG 5,5,E01031898,0,1
2024010503629,2024,010503629,2,9,0,99,99,9,9,99,99,0,9,99,9,99,9,9,6,6,3,-1,-1,-1,3,2,MG 5,-1,-1,0,-1
202454B065124,2024,54B065124,1,9,0,18,19,8,4,0,0,1,0,0,0,0,1,1,6,6,2,26,6,-1,3,3,MG 5,3,E01031914,0,1
2024481564350,2024,481564350,1,8,0,-1,6,3,3,-1,0,0,0,0,0,0,3,1,-1,1,1,53,8,-1,3,2,MG 5,-1,-1,0,-1
2024411407580,2024,411407580,1,9,0,-1,1,8,4,-1,0,2,0,4,8,0,2,1,-1,6,2,70,10,-1,3,2,MG 5,8,E01023486,0,1
2024010500016,2024,010500016,1,9,0,9,9,1,7,0,0,1,0,0,0,0,1,1,1,1,1,44,7,-1,3,2,MG 5,-1,-1,0,-1
2024010493731,2024,010493731,3,9,0,15,15,5,1,0,0,2,0,0,0,0,1,1,1,1,1,33,6,-1,3,3,MG 5,2,E01000626,0,1
2024421527923,2024,421527923,1,9,0,-1,19,1,5,-1,0,0,0,0,0,0,4,1,-1,6,3,-1,-1,-1,3,2,MG 5,-1,-1,0,-1
2024010532713,2024,010532713,1,9,0,18,19,3,7,0,0,1,0,0,0,0,1,1,1,1,1,55,8,-1,3,2,MG 5,5,E01004610,0,2
2024041470982,2024,041470982,1,9,0,-1,9,1,3,-1,-1,0,0,0,0,0,3,1,-1,1,1,53,8,-1,3,3,MG 5,4,E01007046,0,3
2024991488086,2024,991488086,1,9,0,-1,19,4,8,-1,0,0,5,0,1,0,1,1,-1,9,1,83,11,-1,3,0,MG 5,6,-1,0,1
2024010536823,2024,010536823,1,9,0,99,99,9,9,99,99,9,9,99,9,99,9,9,2,2,1,40,7,-1,3,4,MG 5,2,E01003045,0,2
2024411445997,2024,411445997,2,9,-1,-1,-1,-1,-1,-1,-1,0,-1,-1,-1,0,-1,9,-1,7,1,48,8,-1,3,2,MG 5,4,E01023933,0,2
2024052400288,2024,052400288,2,9,0,18,19,3,7,0,0,0,0,0,0,0,1,1,1,1,1,53,8,-1,3,3,MG 5,1,E01018524,0,3
2024411466393,2024,411466393,1,8,0,-1,5,0,6,-1,0,0,0,0,0,0,0,9,-1,1,1,50,8,-1,3,1,MG 5,4,E01015784,0,4
2024471492668,2024,471492668,1,9,0,-1,11,2,6,-1,0,0,0,0,0,0,1,9,-1,6,3,-1,-1,-1,3,3,MG 5,-1,-1,0,-1
2024451515862,2024,451515862,1,9,0,-1,9,1,7,-1,0,1,0,0,0,0,1,1,-1,1,1,42,7,-1,3,2,MG 5,9,E01030453,0,1
2024010522936,2024,010522936,1,9,9,18,19,1,5,99,99,9,9,99,9,99,9,9,6,6,3,-1,-1,-1,3,1,MG 5,-1,-1,0,-1
2024010496775,2024,010496775,1,9,0,9,9,7,6,0,0,1,0,4,3,10,1,1,6,6,1,48,8,-1,3,2,MG 5,2,E01003995,0,1
2024010526730,2024,010526730,2,9,0,99,99,9,9,99,99,9,9,99,9,99,2,9,6,6,3,-1,-1,-1,3,4,MG 5,4,E01004326,0,2
2024471492945,2024,471492945,1,9,0,-1,1,6,2,-1,0,0,0,0,0,0,2,9,-1,1,1,52,8,-1,3,2,MG 5,6,E01021205,0,3
2024010509003,2024,010509003,3,9,0,18,19,2,6,0,0,1,0,0,0,0,1,1,1,1,1,58,9,-1,3,3,MG 5,3,E01004630,0,2
2024061461248,2024,061461248,1,9,0,-1,19,-1,-1,-1,0,0,0,0,0,0,3,1,-1,2,1,41,7,-1,3,2,MG 5,7,E01005791,0,1
2024010518541,2024,010518541,1,9,0,9,9,5,3,0,0,1,0,0,0,0,4,1,1,1,1,60,9,-1,3,2,MG 5,3,E01003992,0,1
2024070987701,2024,070987701,2,9,0,-1,19,1,5,-1,0,0,1,0,0,0,0,1,-1,6,2,56,9,-1,3,3,MG 5,8,E01018668,0,1
2024010525298,2024,010525298,2,9,0,6,6,1,1,0,0,1,0,0,0,0,3,1,1,1,1,42,7,-1,3,2,MG 5,7,E01003157,0,1
2024010527726,2024,010527726,1,9,0,99,99,9,9,99,99,9,9,99,9,99,9,9,1,1,1,31,6,-1,3,2,MG 5,3,E01001591,0,2
2024991472312,2024,991472312,1,9,0,-1,6,8,8,-1,0,0,0,0,0,0,4,1,-1,6,1,65,9,-1,3,2,MG 5,1,-1,0,3
2024421515209,2024,421515209,2,8,0,-1,19,7,3,-1,0,3,0,0,0,0,1,1,-1,1,1,34,6,-1,3,1,MG 5,-1,-1,0,-1
2024010532199,2024,010532199,1,9,0,99,99,9,9,0,0,1,0,0,9,0,1,9,6,6,3,-1,-1,-1,3,2,MG 5,-1,-1,0,-1
2024011472425,2024,011472425,2,9,0,-1,19,7,3,-1,0,0,0,0,0,0,1,1,-1,9,1,65,9,-1,3,3,MG 5,-1,-1,0,-1
2024052400899,2024,052400899,2,9,0,4,4,7,3,0,0,0,0,0,0,0,2,1,6,6,1,37,7,-1,3,2,MG 5,1,E01006757,0,1
2024430433103,2024,430433103,1,8,0,18,19,5,1,0,0,1,0,0,0,0,3,1,1,1,1,37,7,-1,3,3,MG 5,6,E01002630,0,3
2024010536641,2024,010536641,1,9,0,18,19,3,7,0,0,1,0,0,0,0,4,1,6,6,2,28,6,-1,3,2,MG 5,2,E01001340,0,3
2024552401124,2024,552401124,2,9,0,18,19,1,5,0,0,5,0,0,0,0,3,1,3,7,1,37,7,-1,3,1,MG 5,10,E01020559,0,1
2024010501783,2024,010501783,2,9,0,99,99,9,9,99,99,9,9,99,9,99,1,9,6,6,3,-1,-1,-1,3,3,MG 5,-1,-1,0,-1
2024332400676,2024,332400676,1,9,0,-1,19,7,3,-1,0,3,0,0,0,0,1,1,-1,9,1,71,10,-1,3,2,MG 5,6,E01025629,0,1
2024010520912,2024,010520912,2,9,0,8,8,4,5,0,0,4,0,0,3,0,2,1,6,6,1,37,7,-1,3,2,MG 5,6,E01034596,0,1
2024010532017,2024,010532017,1,9,0,18,19,1,5,0,0,8,0,0,0,0,1,1,1,1,1,52,8,-1,3,2,MG 5,5,E01004631,0,2
2024991531461,2024,991531461,1,8,0,-1,9,7,1,-1,0,6,0,0,0,0,3,1,-1,9,1,55,8,-1,3,2,MG 5,7,-1,0,1
2024131400368,2024,131400368,3,9,0,-1,19,1,5,-1,0,0,0,0,0,0,2,1,-1,6,1,45,7,-1,3,3,MG 5,7,E01010901,0,3
2024010532049,2024,010532049,1,9,0,2,2,0,0,0,0,0,0,0,0,0,3,1,6,6,3,-1,-1,-1,3,3,MG 5,-1,-1,0,-1
2024010547796,2024,010547796,1,8,0,99,99,9,9,99,99,9,9,99,9,99,9,9,1,1,1,44,7,-1,3,3,MG 5,8,E01001120,0,1
2024991431580,2024,991431580,1,8,0,-1,19,2,6,-1,0,0,0,0,0,0,1,1,-1,1,1,39,7,-1,3,2,MG 5,1,-1,0,1
2024401404335,2024,401404335,1,9,0,-1,4,3,7,-1,0,0,0,0,0,0,1,9,-1,6,1,58,9,-1,3,2,MG 5,8,E01015799,0,1
2024010501125,2024,010501125,2,9,0,99,99,9,9,99,99,0,9,99,9,99,9,9,6,6,3,-1,-1,-1,3,3,MG 5,-1,-1,0,-1
2024010509234,2024,010509234,2,9,0,99,99,9,9,99,99,9,9,99,9,99,1,9,6,6,1,51,8,-1,3,2,MG 5,3,E01004226,0,1
2024401432972,2024,401432972,2,9,0,-1,2,0,0,-1,0,0,0,0,0,0,4,1,-1,6,-1,-1,-1,-1,3,3,MG 5,-1,-1,0,-1
2024991424749,2024,991424749,1,9,0,-1,14,7,3,-1,0,0,0,0,0,0,1,1,-1,9,2,31,6,-1,3,2,MG 5,8,-1,0,3
2024010524340,2024,010524340,2,9,0,18,19,1,5,0,0,1,0,0,0,0,3,2,6,6,1,-1,-1,-1,3,3,MG 5,-1,-1,0,-1
2024010563901,2024,010563901,1,8,0,99,99,9,9,99,99,9,9,99,9,99,2,9,1,1,1,28,6,-1,3,2,MG 5,2,E01002588,0,4
2024010548352,2024,010548352,1,9,0,18,19,5,1,0,0,8,0,0,0,0,1,1,6,6,1,53,8,-1,3,2,MG 5,10,E01000841,0,1
2024010502308,2024,010502308,1,9,0,16,19,7,3,0,0,0,0,4,0,0,1,1,6,6,1,44,7,-1,3,2,MG 5,3,E01034198,0,2
2024111488511,2024,111488511,2,9,0,-1,19,7,3,-1,0,1,0,0,0,0,4,1,-1,9,1,71,10,-1,3,2,MG 5,5,E01034508,0,1
2024010511562,2024,010511562,3,9,0,4,4,5,1,0,0,8,0,0,1,0,1,1,2,2,1,51,8,-1,3,2,MG 5,3,E01001162,0,2
2024361430876,2024,361430876,2,9,-1,-1,-1,-1,-1,-1,-1,-1,-1,-1,-1,0,-1,9,-1,2,2,36,7,-1,3,3,MG 5,7,E01026939,0,1
2024010531195,2024,010531195,1,9,0,4,4,3,7,0,0,1,0,0,0,0,3,1,6,6,1,62,9,-1,3,2,MG 5,3,E01004402,0,1
2024311443672,2024,311443672,1,19,0,-1,19,7,3,-1,0,1,0,0,0,0,1,9,-1,6,3,-1,-1,1461,2,16,MAKE AND MODEL REDACTED,-1,-1,0,-1
2024552400200,2024,552400200,1,19,0,18,19,5,1,0,0,0,0,0,0,0,4,1,1,1,1,57,9,1461,2,16,MAKE AND MODEL REDACTED,7,E01015450,0,1
2024061483656,2024,061483656,1,19,0,-1,9,6,2,-1,9,0,1,0,1,0,3,1,-1,1,1,39,7,1461,2,20,MAKE AND MODEL REDACTED,2,E01006073,0,1
2024610005824,2024,610005824,2,3,0,18,19,6,2,0,0,8,0,0,0,0,1,1,6,6,1,17,4,124,1,4,MAKE AND MODEL REDACTED,2,W01001532,0,1
2024141455888,2024,141455888,1,9,0,-1,19,1,5,-1,0,0,0,0,0,0,1,1,-1,6,1,21,5,-1,3,0,MAKE AND MODEL REDACTED,1,E01008116,0,1
2024101531090,2024,101531090,1,9,-1,-1,3,4,8,-1,0,0,0,0,0,0,-1,9,-1,6,2,75,10,-1,3,0,MAKE AND MODEL REDACTED,10,E01008321,0,2
2024010534771,2024,010534771,1,9,9,99,99,9,9,99,99,9,9,99,9,99,9,9,6,6,3,-1,-1,-1,3,0,MAKE AND MODEL REDACTED,-1,-1,0,-1
2024010522757,2024,010522757,2,9,0,99,99,9,9,99,99,9,9,99,9,99,1,9,6,6,3,-1,-1,-1,3,0,MAKE AND MODEL REDACTED,-1,-1,0,-1
2024991457926,2024,991457926,3,9,0,-1,19,7,3,-1,0,0,0,11,5,6,2,1,-1,9,1,51,8,-1,3,0,MAKE AND MODEL REDACTED,9,-1,0,4
2024010548888,2024,010548888,1,9,0,18,19,5,1,0,0,1,0,0,0,0,3,2,6,6,1,34,6,-1,3,0,MAKE AND MODEL REDACTED,4,E01003354,0,1
2024311503708,2024,311503708,1,9,0,-1,19,3,7,-1,0,1,0,0,0,0,2,1,-1,6,2,24,5,-1,3,0,MAKE AND MODEL REDACTED,4,E01028208,0,1
2024501444618,2024,501444618,1,5,0,-1,4,1,5,-1,0,0,1,0,0,0,3,1,-1,9,1,19,4,696,1,12,MAKE AND MODEL REDACTED,4,E01018877,0,2
2024221471657,2024,221471657,1,5,0,-1,13,7,3,-1,0,8,0,0,0,0,3,1,-1,6,1,56,9,696,1,11,MAKE AND MODEL REDACTED,8,E01032182,0,1
2024421533667,2024,421533667,1,5,0,-1,19,1,7,-1,0,4,0,0,0,0,1,1,-1,9,1,38,7,1262,1,6,MAKE AND MODEL REDACTED,7,E01021966,0,2
2024340WN0052,2024,340WN0052,2,5,0,-1,3,8,4,-1,0,1,0,0,0,0,2,1,-1,6,1,31,6,1262,1,8,MAKE AND MODEL REDACTED,9,E01027006,0,1
2024520402583,2024,520402583,2,5,0,18,19,1,5,0,0,7,0,0,0,0,3,1,6,6,1,36,7,1262,1,5,MAKE AND MODEL REDACTED,6,E01034791,0,5
2024501514961,2024,501514961,1,9,0,-1,19,3,7,-1,0,0,2,0,2,10,1,1,-1,1,1,22,5,999,8,0,FORD PUMA,6,E01032652,0,4
2024010498142,2024,010498142,2,9,0,99,99,9,9,99,99,9,9,99,9,99,9,9,6,6,3,-1,-1,999,1,2,FORD PUMA,-1,-1,0,-1
2024231459694,2024,231459694,1,9,0,-1,20,3,7,-1,0,5,0,0,0,0,1,9,-1,6,2,42,7,999,1,4,FORD PUMA,9,E01032894,0,1
2024430427139,2024,430427139,2,9,0,18,19,6,2,0,0,8,0,0,0,0,1,1,6,6,2,49,8,999,1,4,FORD PUMA,6,E01016218,0,1
2024161517752,2024,161517752,2,9,0,-1,2,0,0,-1,0,0,0,0,0,0,2,1,-1,6,-1,-1,-1,999,8,0,FORD PUMA,-1,-1,0,-1
2024471496565,2024,471496565,3,9,0,-1,20,0,0,-1,-1,0,0,0,0,0,1,1,-1,6,-1,-1,-1,999,1,2,FORD PUMA,-1,-1,0,-1
2024440237829,2024,440237829,1,9,0,18,19,8,4,0,0,1,0,0,7,9,4,1,6,6,2,59,9,999,8,1,FORD PUMA,9,E01023059,0,1
2024221532311,2024,221532311,1,9,0,-1,6,7,7,-1,0,8,0,0,0,0,3,9,-1,6,2,60,9,999,8,1,FORD PUMA,7,E01005983,0,4
2024010508943,2024,010508943,2,9,0,99,99,9,9,99,99,9,9,99,9,99,9,9,6,6,3,-1,-1,999,8,1,FORD PUMA,-1,-1,0,-1
2024440437785,2024,440437785,1,9,0,18,19,6,2,0,0,1,0,0,1,1,1,1,6,6,2,38,7,999,1,4,FORD PUMA,5,E01022973,0,1
2024461404985,2024,461404985,2,9,0,-1,3,8,8,-1,0,0,0,0,0,0,2,1,-1,7,2,34,6,999,8,1,FORD PUMA,7,E01033213,0,2
2024041468477,2024,041468477,3,9,0,-1,4,7,3,-1,0,8,0,0,0,0,4,1,-1,9,1,74,10,999,8,0,FORD PUMA,4,E01025017,0,1
2024122400117,2024,122400117,2,9,0,18,19,7,3,0,0,1,0,0,0,0,1,1,6,6,2,45,7,999,1,3,FORD PUMA,3,E01013335,0,1
2024631479911,2024,631479911,1,9,0,-1,6,7,7,-1,0,0,0,0,0,0,1,1,-1,6,2,60,9,999,8,0,FORD PUMA,3,W01000657,0,1
2024501448931,2024,501448931,1,9,0,-1,9,3,1,-1,0,8,0,0,0,0,1,1,-1,2,1,19,4,999,8,1,FORD PUMA,8,E01019915,0,1
2024070081529,2024,070081529,1,9,0,18,19,4,8,0,0,1,0,0,0,0,1,1,6,6,1,-1,-1,999,8,1,FORD PUMA,-1,-1,0,-1
2024548423024,2024,548423024,1,9,0,18,19,4,8,0,0,0,0,0,0,0,1,1,6,6,1,42,7,999,8,0,FORD PUMA,-1,-1,0,-1
2024041533339,2024,041533339,1,9,0,-1,19,7,3,-1,0,0,1,0,0,0,1,1,-1,6,2,65,9,999,1,4,FORD PUMA,1,E01024872,0,2
2024631415914,2024,631415914,2,9,0,-1,4,6,2,-1,0,1,0,0,1,10,2,1,-1,9,2,32,6,999,8,1,FORD PUMA,3,W01001153,0,4
2024440290910,2024,440290910,2,9,0,18,19,8,4,0,0,0,0,0,0,0,1,1,6,6,1,23,5,999,1,1,FORD PUMA,9,E01023004,0,2
2024302400882,2024,302400882,2,9,0,2,2,0,0,0,0,0,0,0,0,0,1,1,6,6,3,-1,-1,999,1,4,FORD PUMA,-1,-1,0,-1
202454D507924,2024,54D507924,1,9,0,5,5,4,8,0,0,6,0,0,0,0,3,1,6,6,2,43,7,999,8,0,FORD PUMA,7,E01035525,0,5
2024010523162,2024,010523162,1,9,0,17,19,7,3,0,0,0,1,0,0,0,1,1,6,6,2,36,7,999,1,4,FORD PUMA,-1,-1,0,-1
2024010548475,2024,010548475,1,9,0,18,19,3,7,0,0,1,0,0,0,0,2,1,6,6,1,40,7,999,8,0,FORD PUMA,6,E01003226,0,4
2024211429175,2024,211429175,1,9,0,-1,9,4,2,-1,0,4,0,0,0,0,1,1,-1,6,2,41,7,999,1,3,FORD PUMA,7,E01029480,0,2
2024302400365,2024,302400365,2,9,0,16,19,3,6,0,0,0,5,0,1,9,1,1,2,2,1,46,8,999,1,2,FORD PUMA,8,E01019621,0,3
2024531425737,2024,531425737,2,9,0,-1,19,3,7,-1,0,0,0,0,0,0,2,1,-1,9,2,63,9,999,1,2,FORD PUMA,10,E01022297,0,2
2024131472470,2024,131472470,1,9,0,-1,7,7,3,-1,0,8,0,0,0,0,1,1,-1,9,2,37,7,999,8,1,FORD PUMA,4,E01011158,0,3
2024421510924,2024,421510924,1,9,0,-1,19,3,7,-1,0,0,0,0,0,0,1,1,-1,1,2,25,5,999,8,0,FORD PUMA,9,E01021519,0,4
2024010514690,2024,010514690,1,9,0,18,19,9,9,99,99,0,9,99,9,99,9,9,2,2,2,52,8,999,1,4,FORD PUMA,8,E01000646,0,1
2024471412982,2024,471412982,2,9,0,-1,2,0,0,-1,0,0,0,0,0,0,3,1,-1,6,1,57,9,999,8,1,FORD PUMA,2,E01000858,0,4
2024041396586,2024,041396586,1,9,0,-1,19,7,3,-1,0,1,0,0,0,0,1,1,-1,9,2,38,7,999,8,1,FORD PUMA,4,E01024936,0,4
2024061514552,2024,061514552,1,9,0,-1,19,8,4,-1,0,0,0,0,0,0,1,1,-1,9,2,40,7,999,8,0,FORD PUMA,4,E01005895,0,1
2024231429953,2024,231429953,2,9,0,-1,19,4,8,-1,0,3,0,0,0,0,9,9,-1,9,2,38,7,999,1,1,FORD PUMA,9,E01035403,0,3
2024221510649,2024,221510649,1,9,0,-1,19,6,1,-1,0,4,0,0,0,0,1,1,-1,1,2,64,9,999,8,0,FORD PUMA,2,E01010477,0,4
2024052401971,2024,052401971,1,9,0,18,19,5,1,0,0,0,0,0,0,0,1,1,6,6,2,54,8,1679,1,24,FORD PUMA,10,E01007191,0,2
2024070057385,2024,070057385,1,9,0,4,4,3,7,0,0,0,0,0,0,0,0,1,6,6,2,72,10,999,1,4,FORD PUMA,7,E01006531,0,2
2024061420219,2024,061420219,2,9,0,-1,19,3,8,-1,0,4,0,9,4,1,1,9,-1,6,1,77,11,999,8,1,FORD PUMA,4,E01006047,0,1
2024010509483,2024,010509483,1,9,9,99,99,9,9,99,99,9,9,99,9,99,9,9,6,6,3,32,6,999,1,1,FORD PUMA,1,E01003506,0,1
2024320553958,2024,320553958,2,9,0,-1,-1,7,3,0,0,8,1,0,7,0,1,1,1,1,2,35,6,999,8,0,FORD PUMA,9,E01026225,0,4
2024461415901,2024,461415901,2,9,0,-1,19,3,7,-1,0,1,0,0,0,0,1,1,-1,9,1,58,9,999,1,2,FORD PUMA,10,E01024837,0,1