collision_index,collision_year,collision_ref_no,vehicle_reference,vehicle_type,towing_and_articulation,vehicle_manoeuvre_historic,vehicle_manoeuvre,vehicle_direction_from,vehicle_direction_to,vehicle_location_restricted_lane_historic,vehicle_location_restricted_lane,junction_location,skidding_and_overturning,hit_object_in_carriageway,vehicle_leaving_carriageway,hit_object_off_carriageway,first_point_of_impact,vehicle_left_hand_drive,journey_purpose_of_driver_historic,journey_purpose_of_driver,sex_of_driver,age_of_driver,age_band_of_driver,engine_capacity_cc,propulsion_code,age_of_vehicle,generic_make_model,driver_imd_decile,lsoa_of_driver,escooter_flag,driver_distance_banding
2024131423630,2024,131423630,2,9,0,-1,19,1,5,-1,0,0,0,0,0,0,3,1,-1,1,1,56,9,999,1,3,FORD PUMA,3,E01010741,0,2
2024201458996,2024,201458996,2,9,0,-1,4,1,5,-1,0,0,0,0,0,0,2,9,-1,9,1,52,8,999,8,1,FORD PUMA,2,E01009757,0,1
2024131441397,2024,131441397,3,9,0,-1,2,0,0,-1,0,0,0,0,0,0,2,1,-1,6,-1,-1,-1,999,1,4,FORD PUMA,-1,-1,0,-1
2024421519812,2024,421519812,3,9,0,-1,19,1,5,-1,0,0,0,0,0,0,1,1,-1,9,2,58,9,999,1,1,FORD PUMA,10,E01021237,0,2
2024010530249,2024,010530249,1,9,0,5,5,7,3,0,0,6,0,0,0,0,1,1,6,6,1,21,5,999,8,0,FORD PUMA,1,E01000221,0,1
2024351445605,2024,351445605,2,9,0,-1,19,1,5,-1,0,0,0,0,1,0,1,1,-1,6,1,69,10,999,1,2,FORD PUMA,10,E01030560,0,5
2024421517571,2024,421517571,2,9,0,-1,19,5,8,-1,0,0,0,12,0,0,1,1,-1,6,2,28,6,999,8,1,FORD PUMA,9,E01022081,0,3
2024421435657,2024,421435657,3,9,0,-1,19,3,7,-1,0,0,0,0,0,0,2,9,-1,6,1,60,9,999,8,1,FORD PUMA,-1,-1,0,-1
2024332400093,2024,332400093,1,9,0,-1,19,6,2,-1,0,1,5,0,0,0,1,1,-1,9,1,90,11,999,8,1,FORD PUMA,10,E01013803,0,1
2024461514356,2024,461514356,2,9,0,-1,19,1,5,-1,0,0,0,0,0,0,2,1,-1,6,1,74,10,999,8,0,FORD PUMA,8,E01024409,0,2
2024052401749,2024,052401749,1,9,0,18,19,3,7,0,0,8,1,0,0,0,1,1,6,6,1,41,7,999,8,0,FORD PUMA,1,E01006598,0,2
2024622400778,2024,622400778,1,9,0,18,19,4,8,0,0,0,5,4,0,0,1,1,6,6,1,41,7,999,8,0,FORD PUMA,3,W01001990,0,1
2024010541490,2024,010541490,1,9,0,11,11,7,3,0,0,8,0,0,0,0,4,1,6,6,3,-1,-1,999,1,4,FORD PUMA,-1,-1,0,-1
2024991486909,2024,991486909,1,9,0,-1,19,7,3,-1,0,0,0,4,0,0,1,1,-1,6,1,67,10,999,8,0,FORD PUMA,2,-1,0,4
2024052401760,2024,052401760,2,9,0,3,3,3,7,0,0,0,0,0,0,0,2,1,6,6,2,47,8,999,1,1,FORD PUMA,1,E01007274,0,3
2024991479565,2024,991479565,1,9,0,-1,7,2,4,-1,0,8,0,0,0,0,3,1,-1,9,2,46,8,999,1,3,FORD PUMA,9,-1,0,1
2024351512982,2024,351512982,2,9,0,-1,19,1,5,-1,0,8,0,0,0,0,1,1,-1,6,1,62,9,999,1,1,FORD PUMA,8,E01018148,0,3
2024411479032,2024,411479032,2,9,0,-1,3,5,1,-1,0,4,0,0,0,0,2,1,-1,9,2,51,8,999,8,1,FORD PUMA,10,E01035587,0,4
2024041502661,2024,041502661,2,9,0,-1,19,8,4,-1,0,1,0,0,0,0,1,9,-1,9,2,48,8,999,8,1,FORD PUMA,7,E01012614,0,2
2024351469671,2024,351469671,2,9,0,-1,4,3,7,-1,0,0,0,0,0,0,2,1,-1,2,1,59,9,999,1,3,FORD PUMA,5,E01015617,0,1
2024201452410,2024,201452410,1,9,0,-1,7,4,7,-1,0,5,0,0,0,0,4,1,-1,6,2,35,6,999,8,1,FORD PUMA,-1,-1,0,-1
2024520003013,2024,520003013,1,9,0,18,19,1,5,0,0,0,0,0,0,0,1,1,6,6,1,86,11,999,1,4,FORD PUMA,6,E01014403,0,1
2024061424802,2024,061424802,1,9,0,-1,3,-1,-1,-1,99,2,0,0,0,0,3,1,-1,2,1,27,6,1496,1,3,FORD PUMA,3,E01005505,0,1
2024211487463,2024,211487463,1,9,0,-1,9,4,1,-1,0,1,0,0,0,0,1,1,-1,1,2,52,8,999,8,1,FORD PUMA,1,E01014328,0,1
2024991499062,2024,991499062,1,9,0,-1,19,6,2,-1,0,0,0,0,0,0,2,1,-1,1,2,57,9,999,1,2,FORD PUMA,1,-1,0,1
2024122400095,2024,122400095,1,9,0,18,19,8,2,0,0,2,0,0,0,0,1,1,6,6,1,63,9,1496,1,2,FORD PUMA,5,E01027835,0,3
2024031446517,2024,031446517,1,9,0,-1,19,8,4,-1,0,0,1,0,4,0,1,1,-1,9,2,60,9,999,8,1,FORD PUMA,8,W01001039,0,5
2024131535079,2024,131535079,3,9,0,-1,5,3,3,-1,0,0,0,0,0,0,2,1,-1,6,3,-1,-1,999,1,2,FORD PUMA,-1,-1,0,-1
2024421438320,2024,421438320,2,9,0,-1,19,7,3,-1,0,0,0,0,0,0,1,1,-1,6,1,26,6,999,1,3,FORD PUMA,4,E01034370,0,2
2024201413529,2024,201413529,2,9,0,-1,19,6,2,-1,0,8,0,0,0,0,1,9,-1,6,1,64,9,999,8,1,FORD PUMA,1,E01009127,0,1
2024061406346,2024,061406346,2,9,0,-1,19,5,1,-1,0,8,0,0,0,0,3,1,-1,6,2,-1,-1,999,1,3,FORD PUMA,1,E01005106,0,1
2024131500898,2024,131500898,1,9,0,-1,19,5,1,-1,0,0,0,0,0,0,3,1,-1,9,2,51,8,999,1,4,FORD PUMA,1,E01010583,0,1
2024311418268,2024,311418268,1,9,0,-1,19,5,1,-1,0,1,0,0,0,0,3,1,-1,9,2,49,8,999,1,4,FORD PUMA,-1,-1,0,-1
2024991492476,2024,991492476,1,9,0,-1,12,2,6,-1,0,0,0,0,0,0,3,1,-1,6,1,44,7,999,1,2,FORD PUMA,5,-1,0,4
2024201421368,2024,201421368,1,9,0,-1,5,6,2,-1,0,0,0,0,0,0,3,1,-1,6,2,57,9,999,8,1,FORD PUMA,4,E01010159,0,1
2024430437583,2024,430437583,1,9,0,18,19,4,8,0,0,0,0,0,0,0,1,1,6,6,2,85,11,999,1,1,FORD PUMA,10,E01016598,0,1
2024010540843,2024,010540843,2,9,0,18,19,7,3,0,0,8,0,0,0,0,1,1,6,6,3,-1,-1,999,1,2,FORD PUMA,-1,-1,0,-1
2024520402862,2024,520402862,3,9,0,2,2,0,0,0,0,0,0,0,0,0,1,1,6,6,3,-1,-1,999,1,4,FORD PUMA,-1,-1,0,-1
2024161480364,2024,161480364,1,9,0,-1,2,0,0,-1,0,0,0,0,0,0,2,9,-1,6,2,39,7,999,1,4,FORD PUMA,5,E01013285,0,1
2024201549758,2024,201549758,2,9,0,-1,7,1,7,-1,0,1,0,0,0,0,3,9,-1,6,2,40,7,999,1,1,FORD PUMA,4,E01009228,0,2
2024041420821,2024,041420821,1,9,0,-1,19,1,5,-1,0,0,0,0,0,0,1,1,-1,9,1,26,6,999,1,2,FORD PUMA,6,E01025330,0,2
2024052400542,2024,052400542,2,9,0,2,2,0,0,0,0,0,0,0,0,0,2,1,1,1,1,17,4,999,1,2,FORD PUMA,8,E01007279,0,1
2024622400145,2024,622400145,4,9,0,2,2,0,0,0,0,1,0,0,0,0,4,1,6,6,3,-1,-1,999,1,1,FORD PUMA,-1,-1,0,-1
2024501502278,2024,501502278,1,9,0,-1,14,6,2,-1,0,0,0,0,0,0,1,1,-1,9,1,38,7,1496,1,1,FORD PUMA,6,E01019928,0,1
2024991421773,2024,991421773,1,9,0,-1,19,1,5,-1,0,2,0,0,0,0,1,1,-1,9,2,24,5,999,1,2,FORD PUMA,2,-1,0,1
2024471456442,2024,471456442,2,9,0,-1,19,4,8,-1,0,1,0,0,0,0,1,1,-1,9,2,53,8,999,8,0,FORD PUMA,6,E01021022,0,1
2024451400527,2024,451400527,2,9,0,-1,4,1,5,-1,0,0,1,0,0,0,3,1,-1,9,1,59,9,999,1,2,FORD PUMA,6,E01030842,0,4
2024010514740,2024,010514740,1,9,0,10,10,5,3,99,99,9,9,99,0,0,2,1,6,6,1,21,5,999,1,4,FORD PUMA,2,E01000074,0,1
2024122500039,2024,122500039,1,9,0,9,9,7,5,0,0,6,0,0,0,0,3,1,6,6,1,64,9,999,8,0,FORD PUMA,10,E01013377,0,1
2024201469480,2024,201469480,3,9,0,-1,3,2,6,-1,0,0,0,0,0,0,2,1,-1,6,2,60,9,999,1,2,FORD PUMA,3,E01009232,0,2
2024201413501,2024,201413501,1,9,0,-1,5,5,1,-1,0,8,0,0,0,0,3,9,-1,6,1,55,8,999,1,1,FORD PUMA,1,E01009233,0,1
2024421507073,2024,421507073,4,9,0,-1,2,0,0,-1,0,0,0,0,0,0,3,1,-1,6,1,58,9,999,8,1,FORD PUMA,2,E01021665,0,2
2024302500026,2024,302500026,2,9,0,-1,3,5,1,-1,0,1,0,0,0,0,2,1,-1,9,2,30,6,999,8,0,FORD PUMA,8,E01019609,0,1
2024061451917,2024,061451917,3,9,0,-1,8,1,3,-1,0,2,0,0,0,0,1,1,-1,6,1,59,9,999,8,0,FORD PUMA,4,E01005994,0,1
2024201416581,2024,201416581,1,9,0,-1,19,8,4,-1,0,0,0,0,0,0,1,1,-1,2,2,37,7,999,1,1,FORD PUMA,1,E01010031,0,1
2024221405712,2024,221405712,2,9,0,-1,9,3,1,-1,0,5,0,0,0,0,3,1,-1,2,1,33,6,999,1,2,FORD PUMA,3,E01032267,0,1
2024461420440,2024,461420440,2,9,0,-1,19,3,7,-1,0,0,0,0,0,0,1,1,-1,2,1,22,5,999,1,4,FORD PUMA,5,E01035298,0,1
2024221518873,2024,221518873,2,9,0,-1,19,8,6,-1,0,0,0,0,0,0,1,1,-1,6,1,64,9,999,1,2,FORD PUMA,2,E01014042,0,2
202417M110524,2024,17M110524,1,9,0,-1,3,8,4,-1,0,1,0,0,0,0,2,1,-1,9,2,46,8,999,1,3,FORD PUMA,1,E01012082,0,1
2024101401066,2024,101401066,1,9,0,-1,19,3,7,-1,0,0,0,0,0,0,2,1,-1,9,1,40,7,999,1,3,FORD PUMA,2,E01020602,0,3
2024010515964,2024,010515964,1,9,0,99,99,9,9,99,99,9,9,99,9,99,2,9,6,6,2,58,9,999,1,2,FORD PUMA,4,E01004628,0,3
2024131489677,2024,131489677,1,9,0,-1,19,3,8,-1,0,0,0,0,0,0,1,1,-1,9,1,72,10,999,1,2,FORD PUMA,9,E01011568,0,1
2024421427666,2024,421427666,1,9,0,-1,5,5,1,-1,0,8,0,0,0,0,1,9,-1,1,1,39,7,999,1,2,FORD PUMA,2,E01015963,0,1
2024421522133,2024,421522133,1,9,0,-1,6,4,1,-1,0,8,0,0,0,0,4,1,-1,9,2,57,9,999,1,2,FORD PUMA,5,E01022008,0,2
2024101479321,2024,101479321,1,9,0,-1,19,5,1,-1,0,0,0,0,0,0,3,1,-1,7,2,51,8,999,8,1,FORD PUMA,9,E01008448,0,1
2024471492622,2024,471492622,2,9,0,-1,3,1,5,-1,0,0,0,0,0,0,2,1,-1,2,2,39,7,999,8,0,FORD PUMA,8,E01031694,0,3
2024631441330,2024,631441330,2,9,0,-1,2,0,0,-1,0,0,0,0,0,0,2,1,-1,6,-1,-1,-1,999,1,2,FORD PUMA,-1,-1,0,-1
2024411543332,2024,411543332,2,9,0,-1,7,5,1,-1,0,0,-1,-1,-1,0,3,1,-1,1,1,54,8,999,1,1,FORD PUMA,6,E01023409,0,1
2024401531642,2024,401531642,2,9,-1,-1,-1,-1,-1,-1,-1,-1,-1,-1,-1,0,-1,9,-1,2,2,28,6,999,8,0,FORD PUMA,10,E01017528,0,1
2024041406530,2024,041406530,2,9,0,-1,19,3,7,-1,0,0,0,0,0,0,1,1,-1,1,1,65,9,999,1,2,FORD PUMA,9,E01025340,0,1
2024161526900,2024,161526900,2,9,0,-1,2,0,0,-1,0,1,0,0,0,0,3,1,-1,6,-1,-1,-1,999,8,0,FORD PUMA,-1,-1,0,-1
2024320558864,2024,320558864,2,9,0,-1,-1,8,4,0,0,8,0,0,0,0,3,1,-1,-1,1,29,6,999,8,1,FORD PUMA,4,E01026079,0,3
2024201475880,2024,201475880,2,9,0,-1,19,4,8,-1,0,8,0,0,0,0,4,1,-1,9,2,26,6,999,1,4,FORD PUMA,3,E01009760,0,1
2024461493176,2024,461493176,1,9,0,-1,19,2,6,-1,9,0,0,4,0,0,1,1,-1,2,2,36,7,999,8,0,FORD PUMA,-1,-1,0,-1
2024991430823,2024,991430823,1,9,0,-1,9,6,3,-1,1,3,0,10,1,0,1,1,-1,9,1,84,11,999,1,2,FORD PUMA,2,-1,0,1
2024311485859,2024,311485859,1,9,0,-1,9,1,7,-1,0,6,0,0,0,0,3,1,-1,2,2,46,8,999,8,1,FORD PUMA,7,E01027999,0,1
2024421512822,2024,421512822,2,9,0,-1,10,5,2,-1,0,1,0,0,0,0,2,1,-1,9,2,40,7,999,1,1,FORD PUMA,3,E01021977,0,1
2024302400740,2024,302400740,2,9,0,18,19,6,2,0,0,8,2,0,7,0,4,1,6,6,1,69,10,999,8,0,FORD PUMA,7,E01019548,0,2
2024070879245,2024,070879245,1,9,0,-1,19,1,5,-1,0,8,0,0,0,0,3,1,-1,9,2,48,8,999,1,4,FORD PUMA,7,E01002827,0,5
2024421484769,2024,421484769,1,9,0,-1,9,1,5,-1,0,5,0,0,0,0,2,1,-1,9,1,22,5,999,1,2,FORD PUMA,-1,-1,0,-1
2024010516218,2024,010516218,2,9,0,5,5,5,1,0,0,1,0,0,0,0,1,1,6,6,2,41,7,999,8,1,FORD PUMA,7,E01002265,0,1
2024451513010,2024,451513010,1,9,0,-1,19,7,3,-1,0,0,0,0,0,0,1,9,-1,7,2,28,6,999,1,4,FORD PUMA,10,E01030463,0,2
2024201398539,2024,201398539,1,9,0,-1,19,3,7,-1,0,1,2,10,0,0,1,9,-1,9,2,35,6,999,8,1,FORD PUMA,2,E01009988,0,1
2024461517039,2024,461517039,2,9,0,-1,19,5,1,-1,0,0,0,0,0,0,3,1,-1,6,1,65,9,999,1,4,FORD PUMA,3,E01001690,0,3
2024052401457,2024,052401457,2,9,0,18,19,2,6,0,0,1,0,0,0,0,1,1,3,7,2,44,7,999,8,0,FORD PUMA,1,E01006642,0,1
2024131475457,2024,131475457,2,9,0,-1,19,8,4,-1,0,8,0,0,0,0,3,1,-1,2,2,55,8,999,1,1,FORD PUMA,6,E01010816,0,1
2024351422835,2024,351422835,1,9,0,-1,19,3,7,-1,0,0,0,0,0,0,1,1,-1,2,1,58,9,999,8,0,FORD PUMA,6,E01030151,0,4
2024311525751,2024,311525751,2,9,0,-1,19,3,7,-1,0,0,0,0,0,0,2,1,-1,9,1,66,10,999,8,0,FORD PUMA,-1,-1,0,-1
2024201467879,2024,201467879,2,9,0,-1,19,3,7,-1,0,1,0,0,0,0,3,1,-1,6,1,23,5,999,8,0,FORD PUMA,9,E01019879,0,4
2024332400900,2024,332400900,1,9,0,-1,9,4,2,-1,0,5,0,0,0,0,3,1,-1,9,1,69,10,999,1,4,FORD PUMA,9,E01032601,0,1
2024052400802,2024,052400802,1,9,0,18,19,8,4,0,0,8,0,0,0,0,1,1,6,6,1,39,7,999,8,0,FORD PUMA,1,E01006961,0,1
2024421481362,2024,421481362,2,9,0,-1,3,5,3,-1,0,1,0,0,0,0,3,9,-1,6,2,49,8,999,1,3,FORD PUMA,6,E01035156,0,1
2024231515774,2024,231515774,1,9,0,-1,19,2,6,-1,0,0,0,0,0,0,1,1,-1,9,1,32,6,999,8,0,FORD PUMA,8,E01035035,0,2
2024471500338,2024,471500338,2,9,0,-1,9,3,1,-1,0,4,0,0,0,0,3,1,-1,6,2,66,10,999,1,1,FORD PUMA,8,E01031651,0,1
2024320144618,2024,320144618,4,9,0,-1,-1,3,7,0,0,1,0,0,0,0,3,1,6,6,1,25,5,1496,1,1,FORD PUMA,5,E01019669,0,5
2024440344545,2024,440344545,1,9,0,18,19,7,3,0,0,1,0,0,0,10,1,1,6,6,1,91,11,999,1,3,FORD PUMA,5,E01017321,0,1
2024421394227,2024,421394227,2,9,0,-1,4,5,1,-1,0,4,0,0,0,0,2,1,-1,9,2,48,8,999,1,2,FORD PUMA,-1,-1,0,-1
2024371439756,2024,371439756,3,9,0,-1,4,8,4,-1,0,0,0,0,0,0,2,1,-1,2,2,33,6,999,8,1,FORD PUMA,9,E01030045,0,2
2024061460692,2024,061460692,2,9,0,-1,19,3,7,-1,0,0,0,0,0,0,1,1,-1,9,1,47,8,999,1,4,FORD PUMA,8,E01008673,0,5
2024010528098,2024,010528098,1,9,0,9,9,5,3,4,4,1,0,0,0,0,4,1,6,6,1,36,7,999,8,1,FORD PUMA,6,E01030700,0,4
2024320474781,2024,320474781,1,9,0,-1,-1,6,2,0,0,0,5,0,7,0,3,1,-1,-1,2,52,8,999,1,1,FORD PUMA,6,E01026100,0,2
2024471434573,2024,471434573,1,9,0,-1,19,7,3,-1,0,0,0,0,0,0,1,1,-1,9,2,57,9,999,1,4,FORD PUMA,8,E01031422,0,4
2024631530191,2024,631530191,2,9,0,-1,2,0,0,-1,0,0,0,0,0,0,4,1,-1,6,-1,-1,-1,999,1,4,FORD PUMA,-1,-1,0,-1
2024471528888,2024,471528888,1,9,0,-1,9,5,1,-1,0,6,0,0,0,0,1,1,-1,9,2,73,10,999,1,1,FORD PUMA,5,E01031832,0,3
2024010504965,2024,010504965,1,9,0,10,10,1,7,0,0,1,0,0,0,0,1,1,1,1,2,56,9,999,1,3,FORD PUMA,9,E01002415,0,2
2024041511079,2024,041511079,2,9,0,-1,19,5,1,-1,0,0,0,0,0,0,2,1,-1,1,1,52,8,999,8,0,FORD PUMA,10,E01016702,0,5
2024421428074,2024,421428074,2,9,0,-1,4,1,5,-1,0,0,5,11,0,0,1,9,-1,9,2,76,11,999,8,1,FORD PUMA,8,E01022072,0,1
2024371397580,2024,371397580,3,9,0,-1,19,3,7,-1,0,0,0,0,0,0,1,1,-1,6,1,61,9,999,1,4,FORD PUMA,4,E01029962,0,1
2024211409380,2024,211409380,3,9,0,-1,4,1,5,-1,0,0,0,0,0,0,2,1,-1,9,2,53,8,999,8,1,FORD PUMA,10,E01018683,0,4
2024071051478,2024,071051478,1,9,0,-1,19,8,4,-1,0,4,0,9,7,1,1,1,-1,9,1,27,6,999,8,0,FORD PUMA,1,E01009202,0,4
2024332400583,2024,332400583,1,9,0,-1,19,6,2,-1,0,8,0,0,0,0,1,1,-1,9,1,29,6,999,8,0,FORD PUMA,10,E01025761,0,2
2024421525649,2024,421525649,3,9,0,-1,3,1,5,-1,99,4,0,0,0,0,2,1,-1,2,2,53,8,999,8,1,FORD PUMA,7,E01015964,0,1
2024421451523,2024,421451523,2,9,-1,-1,19,-1,-1,-1,0,0,0,0,0,0,-1,9,-1,6,1,-1,-1,999,1,2,FORD PUMA,8,E01021397,0,3
2024041416322,2024,041416322,2,9,0,-1,19,7,3,-1,0,1,0,0,1,11,1,1,-1,9,1,38,7,999,1,3,FORD PUMA,1,E01012736,0,1
2024041499943,2024,041499943,1,9,0,-1,9,3,1,-1,0,8,0,0,0,0,4,1,-1,9,2,51,8,999,1,3,FORD PUMA,10,E01025438,0,1
2024421469883,2024,421469883,2,9,0,-1,5,7,5,-1,0,1,0,0,0,0,4,1,-1,9,2,59,9,999,8,1,FORD PUMA,8,E01015823,0,1
2024411501472,2024,411501472,2,9,0,-1,7,6,8,-1,0,8,0,0,0,0,1,1,-1,6,1,28,6,999,8,0,FORD PUMA,10,E01023459,0,1
2024010551463,2024,010551463,1,9,0,-1,-1,5,1,0,0,0,0,4,0,0,4,1,2,2,2,47,8,999,1,1,FORD PUMA,3,E01000082,0,1
2024010515003,2024,010515003,1,9,0,18,19,1,5,0,0,2,0,0,0,0,0,1,6,6,2,43,7,999,1,1,FORD PUMA,8,E01030613,0,3
2024101479231,2024,101479231,4,9,0,-1,19,5,1,-1,0,0,0,0,0,0,1,2,-1,2,1,29,6,999,1,3,FORD PUMA,-1,-1,0,-1
2024991421232,2024,991421232,1,9,0,-1,19,4,8,-1,0,0,0,0,0,0,1,1,-1,9,1,44,7,999,1,3,FORD PUMA,3,-1,0,2
2024161459042,2024,161459042,2,9,0,-1,19,4,8,-1,0,0,0,0,0,0,1,1,-1,9,2,71,10,999,8,1,FORD PUMA,1,E01012917,0,1
2024302401511,2024,302401511,1,9,0,18,19,1,5,9,9,0,0,0,0,0,4,1,6,6,3,-1,-1,999,8,0,FORD PUMA,5,E01019456,0,3
2024131403169,2024,131403169,3,9,0,-1,2,0,0,-1,0,0,0,0,0,0,2,1,-1,6,-1,-1,-1,999,1,1,FORD PUMA,-1,-1,0,-1
2024231409637,2024,231409637,1,9,0,-1,19,4,8,-1,0,0,0,0,0,0,1,1,-1,9,1,75,10,999,1,3,FORD PUMA,9,E01031278,0,1
2024031478523,2024,031478523,2,9,0,-1,4,6,2,-1,0,0,0,0,0,0,2,1,-1,2,1,33,6,999,8,0,FORD PUMA,5,E01019201,0,3
2024991417136,2024,991417136,1,9,0,-1,19,8,4,-1,0,8,0,0,0,0,1,1,-1,9,2,57,9,999,8,0,FORD PUMA,2,-1,0,2
2024332400327,2024,332400327,3,9,0,-1,8,5,7,-1,0,1,0,0,0,0,3,1,-1,6,1,20,4,999,1,2,FORD PUMA,6,E01025912,0,1
2024231414442,2024,231414442,1,9,0,-1,19,1,5,-1,0,8,0,0,0,0,1,9,-1,6,1,26,6,999,1,1,FORD PUMA,1,E01035016,0,1
2024311447637,2024,311447637,1,9,0,-1,5,5,1,-1,0,8,0,0,0,0,3,1,-1,7,2,17,4,999,1,4,FORD PUMA,-1,-1,0,-1
2024010515495,2024,010515495,1,9,0,18,19,7,3,9,9,8,0,0,2,11,1,1,6,6,1,35,6,999,8,1,FORD PUMA,3,E01000405,0,1
2024991397752,2024,991397752,1,9,0,-1,19,2,6,-1,0,1,0,0,0,0,1,1,-1,9,2,35,6,999,1,2,FORD PUMA,6,-1,0,1
2024440197312,2024,440197312,2,9,0,4,4,2,6,0,0,0,0,0,0,0,2,1,6,6,2,57,9,999,1,2,FORD PUMA,8,E01004507,0,4
2024421478004,2024,421478004,2,9,0,-1,5,7,3,-1,0,1,0,0,0,0,1,1,-1,9,2,55,8,999,1,1,FORD PUMA,10,E01021912,0,1
2024991510665,2024,991510665,1,9,0,-1,19,5,7,-1,-1,0,1,0,1,4,1,1,-1,9,1,78,11,999,8,1,FORD PUMA,-1,-1,0,-1
2024471496597,2024,471496597,2,9,0,-1,19,3,7,-1,0,1,0,0,0,0,1,1,-1,1,1,36,7,999,1,3,FORD PUMA,6,E01016994,0,4
2024610010324,2024,610010324,2,9,0,12,12,4,8,0,0,7,0,0,0,0,1,1,6,6,2,51,8,999,1,3,FORD PUMA,4,W01001650,0,3
2024041413182,2024,041413182,2,9,0,-1,19,8,4,-1,0,0,1,0,0,0,1,2,-1,6,2,64,9,999,1,4,FORD PUMA,10,E01025352,0,3
2024501491283,2024,501491283,2,9,0,-1,3,5,1,-1,0,0,0,0,0,0,2,1,-1,9,1,52,8,999,8,0,FORD PUMA,8,E01019638,0,5
2024991510296,2024,991510296,2,9,0,-1,2,8,7,-1,0,0,1,0,0,0,1,1,-1,6,-1,-1,-1,999,1,2,FORD PUMA,-1,-1,0,-1
2024041458566,2024,041458566,1,9,0,-1,19,2,6,-1,0,2,0,0,0,0,4,1,-1,9,2,50,8,999,8,0,FORD PUMA,7,E01025096,0,2
2024010502912,2024,010502912,1,9,0,99,99,9,9,99,99,0,9,99,9,99,2,9,6,6,2,43,7,999,8,0,FORD PUMA,1,E01002093,0,2
2024991508216,2024,991508216,1,9,0,-1,19,4,8,-1,0,0,0,0,0,0,1,1,-1,2,1,63,9,999,8,1,FORD PUMA,1,-1,0,4
2024320583428,2024,320583428,2,9,0,-1,-1,4,2,0,0,8,0,0,0,0,1,1,-1,-1,1,64,9,999,8,1,FORD PUMA,4,E01009177,0,5
2024411476865,2024,411476865,2,9,-1,-1,-1,-1,-1,-1,-1,-1,-1,-1,-1,0,-1,9,-1,6,2,31,6,1674,1,25,FORD PUMA,9,E01023726,0,1
2024010535824,2024,010535824,2,9,0,6,6,5,5,0,0,1,0,0,0,0,0,1,6,6,1,42,7,1496,1,1,FORD PUMA,2,E01002032,0,1
2024111498589,2024,111498589,2,9,0,-1,19,5,1,-1,0,0,0,0,0,0,2,1,-1,6,2,64,9,999,1,4,FORD PUMA,7,E01033482,0,2
2024411541115,2024,411541115,1,9,0,-1,19,5,1,-1,0,0,0,0,0,0,2,1,-1,6,1,23,5,999,1,3,FORD PUMA,6,E01023913,0,2
2024351538841,2024,351538841,2,9,0,-1,19,1,6,-1,0,0,0,0,0,0,1,1,-1,6,1,34,6,999,8,1,FORD PUMA,4,E01018084,0,1
2024340NN3722,2024,340NN3722,2,9,0,-1,5,1,4,-1,0,1,0,11,0,0,1,1,-1,6,2,54,8,999,1,2,FORD PUMA,5,E01026985,0,1
2024421521364,2024,421521364,1,9,0,-1,2,8,4,-1,0,1,0,0,1,10,1,1,-1,1,1,45,7,1496,1,3,FORD PUMA,7,E01033720,0,4
2024401471936,2024,401471936,1,9,0,-1,5,3,7,-1,0,0,0,0,0,0,1,1,-1,9,1,31,6,999,8,0,FORD PUMA,5,E01017579,0,1
2024131413985,2024,131413985,2,9,0,-1,9,3,1,-1,0,6,0,0,0,0,3,1,-1,9,1,59,9,999,1,3,FORD PUMA,3,E01011260,0,2
2024010547849,2024,010547849,1,9,0,99,99,9,9,99,99,9,9,99,9,99,9,9,6,6,3,-1,-1,999,8,0,FORD PUMA,-1,-1,0,-1
2024631425081,2024,631425081,2,9,0,-1,9,6,4,-1,0,5,0,0,0,0,2,1,-1,1,1,70,10,999,1,2,FORD PUMA,4,W01001229,0,4
2024320030065,2024,320030065,4,9,0,4,4,8,4,0,0,0,5,0,0,0,2,1,-1,-1,2,19,4,999,1,2,FORD PUMA,9,E01034696,0,4
2024010531844,2024,010531844,1,9,0,7,7,7,2,0,0,1,0,0,0,0,0,1,1,1,1,42,7,999,1,3,FORD PUMA,2,E01002856,0,2
2024010525881,2024,010525881,1,9,0,16,19,7,3,0,0,1,0,0,0,0,4,1,2,2,1,50,8,1496,1,1,FORD PUMA,6,E01033785,0,2
2024010534554,2024,010534554,1,9,0,9,9,3,2,0,0,5,0,0,0,0,1,1,6,6,1,38,7,999,8,1,FORD PUMA,8,E01002391,0,1
2024052402747,2024,052402747,2,9,0,2,2,0,0,0,0,0,0,0,0,0,3,1,6,6,3,-1,-1,999,1,4,FORD PUMA,-1,-1,0,-1
2024211395442,2024,211395442,1,9,0,-1,9,8,6,-1,0,8,0,0,0,0,1,1,-1,1,2,40,7,999,1,3,FORD PUMA,-1,-1,0,-1
2024501405621,2024,501405621,1,9,0,-1,19,4,8,-1,0,0,0,0,0,0,3,1,-1,9,2,66,10,999,8,0,FORD PUMA,7,E01015198,0,1
2024311506410,2024,311506410,1,9,0,-1,20,5,1,-1,0,0,0,0,0,0,4,1,-1,6,1,67,10,999,1,2,FORD PUMA,2,E01019507,0,2
2024401460428,2024,401460428,1,9,0,-1,9,1,7,-1,0,0,0,0,0,0,1,9,-1,6,3,-1,-1,999,8,1,FORD PUMA,-1,-1,0,-1
2024531445661,2024,531445661,1,9,0,-1,19,4,5,-1,0,1,0,0,0,0,3,1,-1,6,2,23,5,999,8,1,FORD PUMA,7,E01034799,0,4