collision_index,collision_year,collision_ref_no,vehicle_reference,vehicle_type,towing_and_articulation,vehicle_manoeuvre_historic,vehicle_manoeuvre,vehicle_direction_from,vehicle_direction_to,vehicle_location_restricted_lane_historic,vehicle_location_restricted_lane,junction_location,skidding_and_overturning,hit_object_in_carriageway,vehicle_leaving_carriageway,hit_object_off_carriageway,first_point_of_impact,vehicle_left_hand_drive,journey_purpose_of_driver_historic,journey_purpose_of_driver,sex_of_driver,age_of_driver,age_band_of_driver,engine_capacity_cc,propulsion_code,age_of_vehicle,generic_make_model,driver_imd_decile,lsoa_of_driver,escooter_flag,driver_distance_banding
2024451531823,2024,451531823,1,9,0,-1,5,4,2,-1,0,1,0,0,0,0,3,1,-1,9,2,51,8,999,8,0,FORD PUMA,9,E01031582,0,4
2024440149591,2024,440149591,1,9,0,18,19,2,6,0,0,1,0,0,0,0,1,1,1,1,1,31,6,999,1,4,FORD PUMA,1,E01017240,0,1
2024070597950,2024,070597950,2,9,0,5,5,5,1,0,0,8,0,0,0,0,1,1,4,7,2,24,5,999,1,2,FORD PUMA,8,E01012499,0,1
2024010526130,2024,010526130,1,9,0,4,4,3,7,0,0,0,0,0,0,0,2,1,6,6,2,30,6,999,1,4,FORD PUMA,5,E01002330,0,1
2024070851186,2024,070851186,1,9,0,-1,19,7,3,-1,0,8,0,0,0,0,4,1,-1,9,1,50,8,999,1,3,FORD PUMA,9,E01018473,0,1
2024010522459,2024,010522459,2,9,0,5,5,5,1,0,0,1,0,0,0,0,3,1,6,6,3,-1,-1,999,8,1,FORD PUMA,-1,-1,0,-1
2024501487164,2024,501487164,1,9,0,-1,9,7,5,-1,0,8,0,0,0,0,4,1,-1,2,2,37,7,999,8,0,FORD PUMA,1,E01015040,0,1
2024991407063,2024,991407063,2,9,0,-1,10,1,3,-1,0,5,0,0,0,0,2,1,-1,9,2,44,7,999,1,2,FORD PUMA,-1,-1,0,-1
2024421475578,2024,421475578,2,9,0,-1,19,7,3,-1,0,1,0,0,0,0,1,1,-1,6,1,41,7,999,1,3,FORD PUMA,6,E01021331,0,3
2024421526519,2024,421526519,2,9,0,-1,5,7,3,-1,0,0,0,0,0,0,2,1,-1,6,2,59,9,999,1,3,FORD PUMA,8,E01015960,0,3
2024471480961,2024,471480961,2,9,0,-1,10,3,7,-1,0,1,0,0,0,0,2,1,-1,9,1,41,7,999,1,1,FORD PUMA,7,E01034829,0,1
2024141502596,2024,141502596,2,9,0,-1,19,2,7,-1,0,2,0,0,0,0,3,1,-1,9,1,65,9,999,1,3,FORD PUMA,4,E01031047,0,4
2024421457753,2024,421457753,1,9,0,-1,19,1,5,-1,0,0,1,0,0,0,1,1,-1,2,2,41,7,999,1,2,FORD PUMA,6,E01021502,0,3
2024010501065,2024,010501065,1,9,0,7,7,7,8,0,0,1,0,0,0,0,1,1,2,2,1,26,6,999,1,2,FORD PUMA,2,E01002097,0,1
2024631527044,2024,631527044,2,9,0,-1,7,8,2,-1,0,5,0,0,0,0,2,1,-1,6,2,36,7,999,8,0,FORD PUMA,3,W01000711,0,1
2024610025624,2024,610025624,3,9,0,13,13,3,7,0,0,0,0,0,0,0,1,1,1,1,1,31,6,999,1,4,FORD PUMA,5,E01023400,0,5
2024201484685,2024,201484685,4,9,0,-1,2,0,0,-1,0,0,0,0,0,0,3,1,-1,6,1,33,6,999,8,1,FORD PUMA,2,E01008964,0,1
2024547351924,2024,547351924,1,9,0,18,19,3,7,0,0,1,0,0,1,7,1,1,6,6,1,40,7,999,8,1,FORD PUMA,3,W01001474,0,5
2024070020891,2024,070020891,2,9,0,7,7,8,4,0,0,1,0,0,1,0,3,1,1,1,1,40,7,999,1,2,FORD PUMA,1,E01018522,0,3
202460Q126940,2024,60Q126940,2,9,0,18,19,3,7,0,0,1,0,0,0,0,4,1,6,6,2,55,8,999,8,0,FORD PUMA,-1,-1,0,-1
2024302400866,2024,302400866,1,9,0,18,19,5,1,0,0,2,0,0,0,0,3,1,2,2,2,49,8,999,1,3,FORD PUMA,3,E01034648,0,3
2024141544794,2024,141544794,1,9,0,-1,5,3,7,-1,0,0,0,0,0,0,2,1,-1,9,1,46,8,999,1,1,FORD PUMA,1,E01007655,0,1
2024052401356,2024,052401356,1,9,0,18,19,4,8,0,0,0,0,0,0,0,1,1,6,6,2,20,4,999,8,1,FORD PUMA,2,E01006656,0,1
2024320354968,2024,320354968,2,9,0,-1,-1,4,8,0,0,8,0,0,0,0,4,1,6,6,1,63,9,999,1,3,FORD PUMA,9,E01026346,0,2
2024320407660,2024,320407660,2,9,0,-1,-1,2,6,0,0,8,0,0,0,0,1,1,6,6,2,59,9,999,1,1,FORD PUMA,5,E01019564,0,4
2024052400329,2024,052400329,2,9,0,18,19,5,1,0,0,1,0,0,0,0,3,1,6,6,2,41,7,999,8,1,FORD PUMA,1,E01006736,0,1
2024501491416,2024,501491416,1,9,0,-1,19,8,4,-1,0,8,0,0,0,0,4,1,-1,9,2,55,8,999,8,0,FORD PUMA,6,E01020074,0,1
2024010521593,2024,010521593,1,9,9,1,1,1,5,0,0,1,0,0,0,0,1,1,6,6,3,-1,-1,999,1,3,FORD PUMA,-1,-1,0,-1
2024461535311,2024,461535311,2,9,0,-1,19,2,3,-1,0,1,0,0,0,0,1,1,-1,2,2,33,6,999,8,1,FORD PUMA,6,E01016056,0,3
2024471478304,2024,471478304,2,9,0,-1,19,4,6,-1,0,8,0,0,0,0,1,1,-1,9,1,57,9,999,1,2,FORD PUMA,10,E01016940,0,4
2024201433232,2024,201433232,2,9,0,-1,5,1,5,-1,0,4,0,0,0,0,1,1,-1,7,2,43,7,999,1,2,FORD PUMA,2,E01009407,0,1
2024031508325,2024,031508325,1,9,0,-1,9,3,4,-1,0,1,0,0,0,0,2,1,-1,2,2,29,6,999,1,1,FORD PUMA,3,E01019126,0,1
2024101434562,2024,101434562,2,9,0,-1,19,7,3,-1,0,0,0,0,0,0,2,1,-1,6,1,31,6,999,8,0,FORD PUMA,8,E01035628,0,1
2024991493665,2024,991493665,1,9,0,-1,5,4,8,-1,-1,0,0,0,0,0,3,1,-1,6,1,24,5,999,1,2,FORD PUMA,-1,-1,0,-1
2024061414684,2024,061414684,1,9,0,-1,5,7,3,-1,9,0,0,4,0,0,1,1,-1,9,2,78,11,999,8,0,FORD PUMA,6,E01006227,0,1
2024010517713,2024,010517713,2,9,0,18,19,3,7,0,0,1,5,10,0,0,3,1,6,6,1,23,5,999,1,2,FORD PUMA,2,E01034477,0,2
2024101491307,2024,101491307,2,9,0,-1,19,7,3,-1,0,8,0,0,0,0,4,9,-1,2,2,62,9,999,1,2,FORD PUMA,5,E01008206,0,3
2024141516300,2024,141516300,1,9,0,-1,9,4,1,-1,0,1,0,0,0,0,3,1,-1,9,2,44,7,999,8,1,FORD PUMA,2,E01007443,0,1
2024451445640,2024,451445640,1,9,0,-1,19,4,8,-1,0,0,1,0,1,2,1,1,-1,9,1,22,5,999,1,4,FORD PUMA,9,E01030413,0,1
2024211529301,2024,211529301,1,9,0,-1,1,1,5,-1,0,0,0,0,0,0,2,1,-1,6,2,67,10,999,1,1,FORD PUMA,6,E01029789,0,1
2024552401155,2024,552401155,1,9,0,7,7,3,5,0,0,6,0,0,0,0,4,1,6,6,2,68,10,999,1,1,FORD PUMA,4,E01034284,0,1
2024201460629,2024,201460629,1,9,0,-1,5,1,5,-1,0,0,0,0,0,0,4,1,-1,9,1,78,11,999,1,3,FORD PUMA,1,E01010308,0,1
2024371474177,2024,371474177,1,9,0,-1,12,6,2,-1,0,1,0,0,0,0,-1,1,-1,6,2,42,7,999,8,1,FORD PUMA,1,E01030250,0,1
2024141469840,2024,141469840,1,9,0,-1,19,5,1,-1,0,0,0,0,0,0,1,1,-1,7,2,45,7,999,8,1,FORD PUMA,5,E01008024,0,2
2024311505527,2024,311505527,5,9,0,-1,2,0,0,-1,0,0,1,0,0,0,4,1,-1,6,2,54,8,999,1,2,FORD PUMA,5,E01028144,0,1
2024430110683,2024,430110683,1,9,0,18,19,4,8,0,0,8,0,0,0,0,3,1,1,1,2,44,7,999,8,1,FORD PUMA,8,E01016337,0,1
2024111421653,2024,111421653,1,9,0,-1,19,6,2,-1,0,0,0,0,0,0,1,1,-1,9,1,61,9,999,1,4,FORD PUMA,3,E01020638,0,2
2024131505612,2024,131505612,1,9,0,-1,19,7,3,-1,0,8,5,0,0,0,4,1,-1,9,2,44,7,999,1,2,FORD PUMA,8,E01010683,0,2
2024201457549,2024,201457549,1,9,0,-1,19,2,6,-1,0,0,0,0,0,0,1,9,-1,6,1,-1,-1,999,1,2,FORD PUMA,-1,-1,0,-1
2024010539719,2024,010539719,1,9,0,9,9,5,3,0,0,1,0,0,0,0,0,1,3,7,1,37,7,999,1,2,FORD PUMA,3,E01034608,0,2
2024991501074,2024,991501074,2,9,0,-1,10,7,4,-1,0,2,0,0,0,0,1,1,-1,7,2,31,6,999,1,1,FORD PUMA,-1,-1,0,-1
2024622400826,2024,622400826,2,9,0,4,4,2,6,0,0,0,0,0,0,0,2,1,6,6,2,59,9,999,8,0,FORD PUMA,5,W01001817,0,1
2024320039702,2024,320039702,2,9,0,2,2,0,0,0,0,0,0,0,0,0,2,1,6,6,3,-1,-1,999,8,1,FORD PUMA,-1,-1,0,-1
2024440165927,2024,440165927,1,9,0,9,9,4,2,0,0,8,0,0,1,0,1,1,6,6,2,68,10,999,1,1,FORD PUMA,6,E01017256,0,1
2024522402791,2024,522402791,2,9,0,4,4,5,1,0,0,2,0,0,0,0,1,1,6,6,1,69,10,999,8,0,FORD PUMA,4,E01014991,0,3
2024211491380,2024,211491380,2,9,-1,-1,-1,-1,-1,-1,-1,-1,-1,-1,-1,0,-1,9,-1,2,2,41,7,999,1,4,FORD PUMA,-1,-1,0,-1
2024041516979,2024,041516979,3,9,0,-1,19,1,3,-1,0,0,0,0,0,0,1,1,-1,9,2,78,11,999,8,0,FORD PUMA,9,E01025558,0,2
2024070900087,2024,070900087,1,9,0,-1,9,3,7,-1,0,1,0,0,0,0,1,1,-1,2,1,48,8,1496,1,0,FORD PUMA,3,E01018747,0,1
2024010500530,2024,010500530,2,9,0,99,99,9,9,99,99,9,9,99,9,99,9,9,6,6,3,-1,-1,999,1,2,FORD PUMA,-1,-1,0,-1
2024302400357,2024,302400357,1,9,0,18,19,2,6,0,0,1,0,0,0,0,1,1,6,6,2,72,10,999,1,3,FORD PUMA,6,E01013545,0,1
2024440524115,2024,440524115,1,9,0,18,19,7,3,0,0,4,0,0,0,0,1,1,3,7,2,63,9,999,1,2,FORD PUMA,8,E01023076,0,1
2024631467439,2024,631467439,1,9,0,-1,19,1,6,-1,0,8,0,0,0,0,2,1,-1,6,1,38,7,999,1,1,FORD PUMA,6,E01022190,0,5
202454B745424,2024,54B745424,1,9,0,4,4,5,1,0,0,1,0,0,0,0,1,1,6,6,1,31,6,999,1,3,FORD PUMA,5,E01034554,0,4
2024101535274,2024,101535274,2,9,0,-1,19,1,5,-1,0,0,0,0,0,0,1,1,-1,6,2,54,8,999,1,2,FORD PUMA,-1,-1,0,-1
2024430125728,2024,430125728,1,9,0,13,13,7,3,0,0,8,0,0,0,0,4,1,6,6,2,60,9,999,1,1,FORD PUMA,-1,-1,0,-1
2024070398330,2024,070398330,2,9,0,5,5,1,5,0,0,4,0,0,1,2,3,1,6,6,2,19,4,999,1,4,FORD PUMA,4,E01018447,0,1
2024461482055,2024,461482055,1,9,0,-1,19,4,2,-1,0,0,0,0,0,0,1,9,-1,6,1,33,6,999,1,4,FORD PUMA,3,E01001692,0,3
2024421526756,2024,421526756,2,9,0,-1,19,-1,-1,-1,0,0,0,0,0,0,2,1,-1,6,2,37,7,999,1,3,FORD PUMA,5,E01021678,0,4
2024311447184,2024,311447184,1,9,0,-1,19,1,5,-1,0,2,0,0,0,0,1,1,-1,6,2,85,11,999,1,2,FORD PUMA,10,E01028408,0,3
2024302400787,2024,302400787,2,9,0,18,19,8,4,0,0,0,0,0,0,0,4,1,6,6,1,31,6,999,1,2,FORD PUMA,3,E01019818,0,3
2024302401248,2024,302401248,1,9,0,18,19,6,2,0,0,1,0,0,0,0,1,1,6,6,2,44,7,999,1,2,FORD PUMA,6,E01019451,0,1
2024041439197,2024,041439197,2,9,0,-1,4,1,5,-1,0,1,0,0,0,0,3,1,-1,9,2,50,8,999,8,0,FORD PUMA,2,E01010983,0,3
2024440549647,2024,440549647,1,9,0,5,5,1,7,0,0,6,0,0,0,0,1,1,6,6,2,61,9,999,1,1,FORD PUMA,2,E01022819,0,1
2024471442036,2024,471442036,2,9,0,-1,5,3,6,-1,0,4,0,4,0,0,1,1,-1,6,2,28,6,999,1,3,FORD PUMA,2,E01020955,0,2
2024201532611,2024,201532611,9,9,0,-1,2,0,0,-1,0,8,0,0,0,0,3,1,-1,6,-1,-1,-1,999,8,0,FORD PUMA,-1,-1,0,-1
2024421512007,2024,421512007,2,9,0,-1,19,1,5,-1,0,1,0,0,0,0,1,1,-1,6,1,92,11,999,8,0,FORD PUMA,10,E01021614,0,1
2024332400718,2024,332400718,2,9,0,-1,9,1,7,-1,0,6,0,0,0,0,1,1,-1,2,1,61,9,999,1,3,FORD PUMA,3,E01013618,0,1
2024010549717,2024,010549717,1,9,0,9,9,1,6,0,0,5,0,0,0,0,1,1,6,6,1,64,9,1496,1,0,FORD PUMA,7,E01021827,0,3
2024430291592,2024,430291592,1,9,0,4,4,8,2,0,0,3,0,0,0,0,2,1,2,2,1,32,6,999,8,0,FORD PUMA,10,E01017636,0,3
2024340NN9062,2024,340NN9062,1,9,0,-1,19,1,5,-1,0,0,0,0,0,0,1,1,-1,6,2,32,6,999,8,1,FORD PUMA,7,E01027031,0,2
2024211538173,2024,211538173,1,9,0,-1,5,5,4,-1,0,6,0,11,0,0,1,9,-1,9,1,64,9,999,8,1,FORD PUMA,3,E01029850,0,1
202460Q080241,2024,60Q080241,1,9,0,18,19,7,3,0,0,0,0,0,1,0,1,1,1,1,1,30,6,999,1,1,FORD PUMA,-1,-1,0,-1
202454C068524,2024,54C068524,1,9,0,18,19,1,5,0,0,0,0,0,0,0,1,1,6,6,1,43,7,999,1,1,FORD PUMA,10,E01028572,0,4
2024991485929,2024,991485929,4,9,0,-1,19,1,5,-1,0,1,1,0,1,0,1,1,-1,6,2,61,9,999,8,1,FORD PUMA,8,-1,0,1
2024421400113,2024,421400113,2,9,0,-1,19,6,3,-1,0,0,0,0,0,0,2,1,-1,6,1,62,9,999,8,1,FORD PUMA,7,E01021910,0,2
2024201473803,2024,201473803,2,9,0,-1,10,6,3,-1,0,1,0,0,0,0,2,1,-1,1,2,37,7,999,1,1,FORD PUMA,5,E01009312,0,1
2024440525144,2024,440525144,2,9,0,18,19,5,3,0,0,1,0,0,1,1,1,1,6,6,2,43,7,999,8,1,FORD PUMA,3,E01017195,0,3
2024221461954,2024,221461954,4,9,0,-1,19,6,2,-1,0,0,0,0,1,0,3,1,-1,9,1,37,7,999,8,1,FORD PUMA,9,E01032347,0,2
2024471458066,2024,471458066,1,9,0,-1,9,5,3,-1,0,6,0,0,0,0,1,1,-1,9,2,69,10,999,1,2,FORD PUMA,3,E01031609,0,1
2024201496314,2024,201496314,2,9,0,-1,3,1,6,-1,0,8,0,0,0,0,2,1,-1,6,1,41,7,999,1,1,FORD PUMA,2,E01008953,0,2
2024211470066,2024,211470066,1,9,0,-1,2,1,1,-1,0,0,0,0,0,0,4,1,-1,9,2,28,6,999,1,4,FORD PUMA,7,E01029764,0,1
2024991455020,2024,991455020,1,9,0,-1,19,6,2,-1,0,0,0,0,0,0,1,1,-1,9,1,44,7,999,8,0,FORD PUMA,4,-1,0,2
2024070167171,2024,070167171,3,9,0,18,19,7,3,0,0,3,0,0,0,0,1,1,6,6,2,-1,-1,999,1,2,FORD PUMA,-1,-1,0,-1
2024302400847,2024,302400847,2,9,0,2,2,0,0,0,0,2,0,0,0,0,1,1,6,6,1,35,6,999,1,4,FORD PUMA,10,E01019473,0,1
2024631462338,2024,631462338,1,9,0,-1,9,2,8,-1,0,6,0,0,0,0,0,1,-1,6,3,-1,-1,999,8,0,FORD PUMA,-1,-1,0,-1
2024211508595,2024,211508595,2,9,0,-1,5,7,3,-1,0,0,0,0,0,0,4,1,-1,6,1,68,10,999,1,3,FORD PUMA,6,E01029832,0,1
2024201486281,2024,201486281,1,9,0,-1,19,5,3,-1,0,0,0,0,0,0,1,1,-1,7,3,-1,-1,999,8,0,FORD PUMA,3,E01032847,0,5
2024211522844,2024,211522844,2,9,-1,-1,-1,-1,-1,-1,-1,-1,-1,-1,-1,0,-1,9,-1,6,1,63,9,999,8,1,FORD PUMA,6,E01019871,0,1
2024421423673,2024,421423673,2,9,0,-1,19,-1,-1,-1,0,3,0,0,0,0,2,9,-1,6,2,41,7,999,1,2,FORD PUMA,3,E01015923,0,1
2024041457300,2024,041457300,2,9,0,-1,4,1,5,-1,0,1,0,0,0,0,2,1,-1,6,2,34,6,999,8,1,FORD PUMA,1,E01024909,0,1
2024421501767,2024,421501767,3,9,0,-1,3,4,7,-1,0,1,0,0,0,0,2,1,-1,6,1,55,8,1496,1,0,FORD PUMA,6,E01035156,0,3
2024131408200,2024,131408200,2,9,0,-1,19,1,5,-1,0,8,0,0,0,0,4,1,-1,9,2,21,5,999,1,4,FORD PUMA,2,E01010717,0,1
2024052400631,2024,052400631,1,9,0,15,15,3,7,0,0,0,0,0,0,0,1,1,3,7,2,38,7,999,1,4,FORD PUMA,1,E01006642,0,1
2024061481675,2024,061481675,1,9,0,-1,9,1,7,-1,0,0,0,0,0,0,1,9,-1,6,3,-1,-1,999,8,0,FORD PUMA,-1,-1,0,-1
202417L302024,2024,17L302024,2,9,0,4,4,4,8,0,0,0,0,0,0,0,2,1,6,6,1,71,10,999,8,0,FORD PUMA,9,E01012180,0,1
2024211528282,2024,211528282,2,9,0,-1,19,5,1,-1,0,0,0,0,0,0,1,1,-1,6,1,66,10,999,1,1,FORD PUMA,8,E01029706,0,4
2024061528704,2024,061528704,1,9,0,-1,9,0,0,-1,0,6,0,0,0,0,1,1,-1,6,2,58,9,999,8,1,FORD PUMA,1,E01005709,0,1
2024231471000,2024,231471000,2,9,0,-1,2,0,0,-1,0,0,0,0,1,0,2,9,-1,9,2,33,6,999,1,3,FORD PUMA,2,E01031173,0,1
2024361403184,2024,361403184,2,9,0,-1,19,5,1,-1,0,1,0,0,0,0,1,9,-1,9,2,66,10,999,8,1,FORD PUMA,6,E01026462,0,4
2024052401746,2024,052401746,2,9,0,18,19,7,3,0,0,0,0,4,0,0,1,1,6,6,1,24,5,999,8,1,FORD PUMA,1,E01006873,0,2
2024501462280,2024,501462280,1,9,0,-1,9,5,2,-1,0,8,0,0,1,4,1,1,-1,9,2,73,10,999,8,1,FORD PUMA,6,E01018826,0,1
2024320599128,2024,320599128,1,9,0,-1,-1,6,2,0,0,0,0,0,0,0,4,1,-1,-1,1,62,9,999,1,2,FORD PUMA,6,E01026058,0,1
2024010536133,2024,010536133,1,9,0,5,5,7,3,0,0,1,0,0,0,0,3,1,6,6,1,27,6,999,1,2,FORD PUMA,1,E01033456,0,3
2024231524392,2024,231524392,2,9,0,-1,19,1,8,-1,0,0,0,0,0,0,4,1,-1,6,2,37,7,999,8,1,FORD PUMA,8,E01035018,0,1
2024041508780,2024,041508780,2,9,0,-1,2,4,8,-1,0,1,0,0,0,0,3,1,-1,6,3,-1,-1,999,1,3,FORD PUMA,-1,-1,0,-1
2024440159302,2024,440159302,1,9,0,18,19,5,1,0,0,1,0,0,7,1,1,1,6,6,2,80,11,999,1,3,FORD PUMA,9,E01016634,0,3
2024101477874,2024,101477874,1,9,0,-1,19,5,1,-1,0,0,0,0,0,0,4,1,-1,9,1,66,10,999,1,3,FORD PUMA,5,E01027474,0,1
2024430050756,2024,430050756,2,9,0,9,9,3,1,0,0,5,0,0,0,0,1,1,6,6,2,-1,-1,999,1,4,FORD PUMA,-1,-1,0,-1
2024522402591,2024,522402591,1,9,0,18,19,1,5,0,0,1,0,12,0,0,1,1,6,6,1,58,9,1496,1,2,FORD PUMA,10,E01014885,0,1
2024461516993,2024,461516993,2,9,0,-1,10,5,3,-1,0,1,0,0,0,0,1,1,-1,9,1,65,9,999,8,0,FORD PUMA,1,E01024676,0,1
2024010547314,2024,010547314,1,9,0,10,10,5,2,0,0,1,0,0,0,0,2,1,6,6,2,61,9,999,8,1,FORD PUMA,5,E01024728,0,4
2024411538462,2024,411538462,1,9,0,-1,14,1,5,-1,0,0,0,0,0,0,1,1,-1,9,2,59,9,999,1,2,FORD PUMA,2,E01023920,0,1
2024010544645,2024,010544645,1,9,0,99,99,9,9,99,99,9,9,99,9,99,2,9,6,6,2,57,9,999,1,2,FORD PUMA,6,E01002347,0,2
2024010517170,2024,010517170,1,9,0,18,19,2,6,0,0,8,0,0,3,0,1,1,1,1,2,36,7,999,1,4,FORD PUMA,2,E01003591,0,2
2024421469741,2024,421469741,2,9,0,-1,4,5,2,-1,0,1,0,0,0,0,2,1,-1,9,1,85,11,999,1,3,FORD PUMA,5,E01021866,0,4
2024440198567,2024,440198567,1,9,0,9,9,6,4,0,0,1,0,0,0,0,3,1,6,6,1,48,8,999,1,1,FORD PUMA,10,E01023047,0,1
2024052401192,2024,052401192,1,9,0,7,7,6,2,0,0,1,0,0,0,0,1,1,6,6,2,71,10,999,1,2,FORD PUMA,1,E01006480,0,1
2024010514538,2024,010514538,1,9,0,9,9,5,3,0,0,1,0,0,0,0,2,1,6,6,1,56,9,999,8,1,FORD PUMA,5,E01003449,0,1
2024302401624,2024,302401624,2,9,0,18,19,2,6,0,0,8,0,0,0,0,1,1,6,6,2,61,9,999,1,1,FORD PUMA,7,E01019445,0,1
2024010506077,2024,010506077,1,9,0,99,99,9,9,99,99,9,9,99,9,99,2,9,6,6,1,50,8,999,8,1,FORD PUMA,10,E01000757,0,1
2024461496593,2024,461496593,1,9,-1,-1,19,8,4,-1,0,8,0,0,0,0,1,9,-1,6,1,34,6,999,1,2,FORD PUMA,1,E01016017,0,1
2024421522069,2024,421522069,1,9,0,-1,19,1,1,-1,0,2,0,10,0,0,3,1,-1,2,1,36,7,1496,1,0,FORD PUMA,9,E01021255,0,1
2024052401867,2024,052401867,2,9,0,18,19,2,6,0,0,0,0,0,0,0,1,1,6,6,2,21,5,999,1,2,FORD PUMA,6,E01007108,0,2
2024302400399,2024,302400399,1,9,0,18,19,7,3,0,0,0,0,0,0,0,4,1,6,6,2,54,8,1496,1,3,FORD PUMA,5,E01019475,0,1
2024340WN7082,2024,340WN7082,2,9,0,-1,19,7,3,-1,0,2,0,0,7,4,1,1,-1,9,2,22,5,999,8,0,FORD PUMA,8,E01017718,0,2
2024320383847,2024,320383847,2,9,0,-1,-1,3,7,0,0,0,0,0,1,0,1,1,6,6,1,49,8,999,1,1,FORD PUMA,3,E01013319,0,4
2024631532984,2024,631532984,2,9,0,-1,19,4,8,-1,0,0,0,0,0,0,1,1,-1,9,1,76,11,999,8,1,FORD PUMA,5,W01000461,0,2
2024010523145,2024,010523145,1,9,0,18,19,1,5,0,0,0,5,4,0,0,4,2,6,6,1,37,7,999,8,0,FORD PUMA,5,E01002699,0,1
2024010538094,2024,010538094,1,9,0,18,19,3,7,0,0,0,0,0,0,0,1,1,6,6,1,22,5,999,1,3,FORD PUMA,8,E01000655,0,2
2024430494094,2024,430494094,1,9,0,9,9,4,2,0,0,6,0,0,0,0,3,1,6,6,1,76,11,999,8,1,FORD PUMA,10,E01028460,0,1
2024991499937,2024,991499937,1,9,0,-1,5,5,1,-1,0,1,0,0,0,0,3,1,-1,6,3,40,7,999,8,1,FORD PUMA,-1,-1,0,-1
2024201526947,2024,201526947,1,9,0,-1,19,7,1,-1,0,8,0,0,0,0,1,1,-1,6,2,28,6,999,8,0,FORD PUMA,5,E01009042,0,2
2024070131065,2024,070131065,1,9,0,9,9,3,2,0,0,6,0,0,0,0,3,1,6,6,1,-1,-1,999,8,1,FORD PUMA,3,E01018729,0,2
2024302401625,2024,302401625,1,9,0,3,3,8,3,0,0,1,0,0,0,0,2,1,6,6,1,47,8,999,1,2,FORD PUMA,6,E01028003,0,3
2024131479362,2024,131479362,2,9,0,-1,4,5,1,-1,0,0,0,0,0,0,2,1,-1,9,2,31,6,1496,1,3,FORD PUMA,8,E01011767,0,2
2024430080887,2024,430080887,2,9,0,9,9,8,4,0,0,5,0,0,0,0,2,1,6,6,2,76,11,1596,1,22,FORD PUMA,8,E01028422,0,1
2024131474957,2024,131474957,1,9,0,-1,19,7,7,-1,0,0,0,0,0,0,3,1,-1,9,2,52,8,999,1,4,FORD PUMA,3,E01011037,0,1
2024231433027,2024,231433027,5,9,0,-1,2,0,0,-1,9,0,0,0,0,0,3,9,-1,7,2,40,7,999,1,2,FORD PUMA,8,E01031182,0,1
2024440532437,2024,440532437,2,9,0,18,19,1,5,0,0,8,0,0,0,0,1,1,6,6,2,49,8,999,8,0,FORD PUMA,-1,-1,0,-1
2024010519732,2024,010519732,2,9,0,18,19,1,5,0,0,1,0,0,0,0,1,1,6,6,1,32,6,999,1,3,FORD PUMA,2,E01015976,0,3
2024101493950,2024,101493950,1,9,0,-1,5,5,1,-1,0,0,0,0,0,0,3,1,-1,6,1,59,9,999,8,0,FORD PUMA,4,E01008715,0,2
2024451412360,2024,451412360,2,9,0,-1,9,3,7,-1,0,6,0,0,0,0,1,2,-1,7,2,39,7,999,1,4,FORD PUMA,4,E01034287,0,1
2024041401036,2024,041401036,1,9,0,-1,19,1,5,-1,0,0,1,0,1,4,1,1,-1,2,2,23,5,999,1,4,FORD PUMA,8,E01025347,0,3
2024501485672,2024,501485672,1,9,0,-1,19,5,1,-1,0,0,0,11,0,0,1,1,-1,2,2,23,5,999,1,2,FORD PUMA,2,E01018911,0,1
2024471484617,2024,471484617,2,9,0,-1,4,3,7,-1,0,1,0,0,0,0,2,1,-1,9,1,71,10,999,1,4,FORD PUMA,8,E01031651,0,4
2024231489642,2024,231489642,3,9,0,-1,10,2,8,-1,0,1,0,0,0,0,4,1,-1,2,1,43,7,999,8,0,FORD PUMA,1,E01035017,0,1
2024371431791,2024,371431791,2,9,0,-1,19,1,5,-1,0,0,0,0,0,0,3,1,-1,9,1,50,8,999,1,2,FORD PUMA,5,E01029884,0,1
2024421471776,2024,421471776,1,9,0,-1,19,6,2,-1,0,0,0,0,0,0,4,1,-1,2,1,57,9,999,8,1,FORD PUMA,7,E01015969,0,1
2024302401643,2024,302401643,1,9,0,9,9,2,1,0,0,8,0,0,0,0,1,1,6,6,2,70,10,999,1,2,FORD PUMA,8,E01013546,0,1
2024010523593,2024,010523593,2,9,0,9,9,3,1,0,0,6,0,0,0,0,1,1,6,6,2,45,7,999,8,0,FORD PUMA,1,E01001483,0,1
2024010528950,2024,010528950,1,9,0,18,19,5,1,0,0,2,0,10,1,11,1,1,6,6,1,30,6,999,1,1,FORD PUMA,2,E01000431,0,3
2024991458148,2024,991458148,3,9,0,-1,2,0,0,-1,0,0,0,4,0,0,2,1,-1,6,-1,-1,-1,999,1,2,FORD PUMA,-1,-1,0,-1
2024101523695,2024,101523695,2,9,0,-1,3,1,5,-1,0,0,0,0,0,0,2,1,-1,2,1,63,9,999,1,2,FORD PUMA,2,E01008298,0,1
2024501521545,2024,501521545,1,9,0,-1,19,5,1,-1,0,0,0,0,0,0,1,1,-1,6,1,68,10,999,8,0,FORD PUMA,3,E01019009,0,2
2024031505605,2024,031505605,5,9,0,-1,3,3,7,-1,0,0,0,0,0,0,2,1,-1,9,2,49,8,999,8,1,FORD PUMA,5,E01019082,0,4