collision_index,collision_year,collision_ref_no,vehicle_reference,vehicle_type,towing_and_articulation,vehicle_manoeuvre_historic,vehicle_manoeuvre,vehicle_direction_from,vehicle_direction_to,vehicle_location_restricted_lane_historic,vehicle_location_restricted_lane,junction_location,skidding_and_overturning,hit_object_in_carriageway,vehicle_leaving_carriageway,hit_object_off_carriageway,first_point_of_impact,vehicle_left_hand_drive,journey_purpose_of_driver_historic,journey_purpose_of_driver,sex_of_driver,age_of_driver,age_band_of_driver,engine_capacity_cc,propulsion_code,age_of_vehicle,generic_make_model,driver_imd_decile,lsoa_of_driver,escooter_flag,driver_distance_banding
2024361460554,2024,361460554,2,9,0,-1,5,6,3,-1,0,4,0,0,0,0,3,1,-1,9,2,66,10,999,1,4,FORD PUMA,6,E01026922,0,1
2024070654673,2024,070654673,1,9,0,5,5,7,3,0,0,4,0,0,0,0,3,1,6,6,2,43,7,999,1,3,FORD PUMA,3,E01012523,0,1
2024061454873,2024,061454873,2,9,0,-1,19,3,6,-1,99,0,9,99,0,0,1,1,-1,6,1,20,4,999,1,4,FORD PUMA,2,E01005946,0,1
2024320765510,2024,320765510,1,9,0,9,9,2,7,0,0,8,0,0,0,0,3,1,6,6,2,31,6,999,1,3,FORD PUMA,2,E01013477,0,4
2024421422291,2024,421422291,2,9,0,-1,19,6,2,-1,0,2,0,0,0,0,2,1,-1,9,2,27,6,999,8,1,FORD PUMA,1,E01015852,0,1
2024411452912,2024,411452912,3,9,0,-1,19,5,1,-1,0,0,0,0,0,0,2,1,-1,9,2,32,6,999,1,4,FORD PUMA,5,E01027302,0,4
2024440187704,2024,440187704,2,9,0,5,5,6,2,0,0,6,0,0,0,0,1,1,6,6,1,68,10,999,1,2,FORD PUMA,5,E01017095,0,1
2024010519163,2024,010519163,1,9,0,18,19,3,7,9,9,1,1,0,0,0,1,1,6,6,1,22,5,999,1,4,FORD PUMA,-1,-1,0,-1
2024622400705,2024,622400705,2,9,0,2,2,0,0,0,0,0,0,0,0,0,2,1,4,7,3,-1,-1,999,8,0,FORD PUMA,-1,-1,0,-1
2024430221031,2024,430221031,1,9,0,16,19,1,4,0,0,0,0,0,0,0,3,1,2,2,1,55,8,999,8,1,FORD PUMA,9,E01016678,0,2
2024622400532,2024,622400532,2,9,0,18,19,6,2,0,0,4,0,0,0,0,1,1,6,6,2,34,6,1496,1,4,FORD PUMA,4,W01000950,0,1
2024991403556,2024,991403556,2,9,0,-1,3,6,2,-1,0,2,0,0,0,0,2,1,-1,6,1,63,9,999,1,3,FORD PUMA,5,-1,0,1
2024052400629,2024,052400629,1,9,0,18,19,1,5,0,0,0,0,0,0,0,1,1,2,2,2,41,7,999,1,2,FORD PUMA,2,E01006477,0,1
2024161529808,2024,161529808,2,9,0,-1,19,7,3,-1,0,0,0,0,0,0,1,1,-1,9,2,77,11,999,8,1,FORD PUMA,6,E01013048,0,2
2024421493509,2024,421493509,1,9,0,-1,19,1,5,-1,0,0,0,0,0,0,1,1,-1,2,2,50,8,999,1,3,FORD PUMA,6,E01021884,0,2
2024010525511,2024,010525511,1,9,0,99,99,9,9,99,99,0,9,99,9,99,0,9,6,6,2,64,9,999,8,1,FORD PUMA,7,E01002381,0,1
2024010535737,2024,010535737,2,9,0,4,4,8,4,0,0,1,0,0,0,0,1,1,6,6,3,-1,-1,999,8,0,FORD PUMA,-1,-1,0,-1
2024451494566,2024,451494566,1,9,0,-1,9,4,8,-1,0,8,5,0,0,0,4,1,-1,9,2,62,9,999,8,1,FORD PUMA,4,E01030304,0,2
2024221498592,2024,221498592,1,9,0,-1,19,6,2,-1,0,0,0,0,4,1,1,1,-1,9,2,33,6,999,8,1,FORD PUMA,10,E01010108,0,4
2024361454867,2024,361454867,1,9,0,-1,5,7,5,-1,0,6,0,0,0,0,4,1,-1,9,2,64,9,999,8,0,FORD PUMA,5,E01026430,0,4
2024161461604,2024,161461604,1,9,0,-1,5,1,5,-1,0,8,0,0,0,0,1,1,-1,9,1,77,11,999,8,0,FORD PUMA,2,E01012821,0,3
2024311436729,2024,311436729,2,9,0,-1,19,3,7,-1,0,2,0,0,0,0,2,2,-1,6,2,67,10,999,1,4,FORD PUMA,3,E01028103,0,1
2024010549302,2024,010549302,1,9,0,18,19,3,7,0,0,0,0,0,1,2,1,1,6,6,1,26,6,999,1,3,FORD PUMA,3,E01001360,0,1
2024131476256,2024,131476256,3,9,0,-1,4,1,3,-1,0,0,0,0,0,0,2,1,-1,9,2,42,7,999,8,0,FORD PUMA,5,E01011392,0,1
2024332400416,2024,332400416,2,9,0,-1,4,4,8,-1,0,0,0,0,0,0,1,1,-1,6,1,80,11,999,8,0,FORD PUMA,5,E01013770,0,1
202417H100124,2024,17H100124,3,9,0,18,19,6,2,0,0,0,0,0,0,0,1,1,6,6,2,50,8,999,1,3,FORD PUMA,1,E01035188,0,2
2024351529117,2024,351529117,1,9,0,-1,1,1,5,-1,0,0,0,0,0,0,2,1,-1,6,2,76,11,999,1,1,FORD PUMA,1,E01015642,0,1
2024010506496,2024,010506496,2,9,9,99,99,9,9,99,99,9,9,99,9,99,1,9,6,6,3,-1,-1,999,1,1,FORD PUMA,-1,-1,0,-1
2024451409434,2024,451409434,1,9,0,-1,19,2,6,-1,0,0,5,7,8,1,1,1,-1,9,2,35,6,999,1,4,FORD PUMA,8,E01030836,0,1
2024231433468,2024,231433468,2,9,0,-1,4,2,5,-1,0,4,0,0,0,0,2,9,-1,6,2,33,6,999,1,1,FORD PUMA,5,E01031333,0,2
2024471483499,2024,471483499,2,9,0,-1,9,1,7,-1,0,2,0,0,0,0,1,1,-1,6,1,49,8,999,8,0,FORD PUMA,6,E01031831,0,1
2024041537124,2024,041537124,1,9,0,-1,19,5,1,-1,0,0,0,0,0,0,1,1,-1,9,2,50,8,999,1,3,FORD PUMA,10,E01011113,0,4
2024501517426,2024,501517426,1,9,0,-1,5,7,4,-1,0,8,0,0,0,0,1,1,-1,9,2,37,7,999,1,2,FORD PUMA,9,E01020270,0,1
2024302400273,2024,302400273,1,9,0,17,19,8,6,0,0,0,1,0,1,0,1,1,6,6,1,56,9,999,1,2,FORD PUMA,4,E01013967,0,4
2024421396134,2024,421396134,1,9,0,-1,19,1,5,-1,0,0,0,0,0,0,1,1,-1,9,2,31,6,999,1,4,FORD PUMA,1,E01022026,0,2
2024340NN0372,2024,340NN0372,2,9,0,-1,2,0,0,-1,0,2,0,0,0,0,2,1,-1,6,2,79,11,999,1,2,FORD PUMA,9,E01027080,0,1
2024371429689,2024,371429689,2,9,0,-1,4,5,1,-1,0,0,0,0,0,0,2,1,-1,9,1,59,9,999,1,1,FORD PUMA,9,E01030089,0,1
2024010500088,2024,010500088,2,9,0,99,99,3,1,99,99,6,9,99,9,99,9,9,6,6,3,-1,-1,999,1,2,FORD PUMA,7,E01000778,0,1
2024501443885,2024,501443885,1,9,0,-1,4,2,7,-1,0,1,0,0,7,0,2,1,-1,2,2,72,10,999,1,4,FORD PUMA,6,E01015220,0,1
2024052401351,2024,052401351,2,9,0,18,19,5,2,0,0,8,0,0,0,0,3,1,1,1,1,26,6,999,8,0,FORD PUMA,1,E01006952,0,2
2024421503895,2024,421503895,1,9,0,-1,19,3,7,-1,0,0,0,0,0,0,1,1,-1,6,2,20,4,999,8,0,FORD PUMA,10,E01021941,0,4
2024221449069,2024,221449069,2,9,0,-1,19,1,4,-1,0,0,0,0,0,0,1,1,-1,2,2,20,4,999,1,4,FORD PUMA,10,E01010205,0,4
2024070963469,2024,070963469,1,9,0,-1,19,1,5,-1,0,6,0,0,0,0,1,1,-1,9,1,77,11,999,1,3,FORD PUMA,10,E01018642,0,3
2024071005844,2024,071005844,2,9,0,-1,19,7,3,-1,0,0,0,0,0,0,1,1,-1,9,2,62,9,1496,1,3,FORD PUMA,3,E01006855,0,3
2024010522806,2024,010522806,1,9,0,99,99,9,9,0,0,0,0,0,0,0,9,1,6,6,3,-1,-1,999,8,1,FORD PUMA,-1,-1,0,-1
2024131448991,2024,131448991,1,9,0,-1,19,2,6,-1,0,7,0,0,0,0,1,1,-1,6,2,77,11,999,8,0,FORD PUMA,1,E01011620,0,1
2024010528512,2024,010528512,1,9,0,3,3,5,1,0,0,1,0,0,0,0,2,1,6,6,2,24,5,999,1,2,FORD PUMA,8,E01002273,0,1
2024430084334,2024,430084334,1,9,0,18,19,1,5,0,0,8,0,0,0,0,1,1,6,6,2,57,9,999,1,4,FORD PUMA,9,E01035761,0,1
2024061425743,2024,061425743,2,9,-1,-1,-1,-1,-1,-1,-1,0,-1,-1,-1,0,-1,9,-1,6,3,33,6,999,1,2,FORD PUMA,4,E01005673,0,1
2024332400926,2024,332400926,1,9,0,-1,5,2,6,-1,0,0,0,0,0,0,2,1,-1,6,1,19,4,999,1,2,FORD PUMA,6,E01025704,0,1
2024552400820,2024,552400820,3,9,0,2,2,0,0,0,0,1,0,0,0,0,1,1,6,6,3,-1,-1,999,1,1,FORD PUMA,-1,-1,0,-1
2024052400175,2024,052400175,1,9,0,9,9,2,8,0,0,5,0,0,0,0,4,1,2,2,3,-1,-1,999,8,1,FORD PUMA,-1,-1,0,-1
2024991482296,2024,991482296,1,9,0,-1,9,6,4,-1,0,2,0,0,0,0,1,1,-1,2,2,23,5,1496,1,4,FORD PUMA,2,-1,0,2
2024311400061,2024,311400061,2,9,0,-1,10,2,6,-1,0,1,0,10,7,0,2,1,-1,6,1,57,9,999,8,1,FORD PUMA,1,E01013885,0,1
2024201506824,2024,201506824,1,9,0,-1,9,1,7,-1,0,6,0,0,0,0,3,1,-1,6,1,50,8,999,8,1,FORD PUMA,1,E01009493,0,1
2024010498438,2024,010498438,1,9,0,-1,-1,1,5,0,0,2,0,0,0,0,3,1,6,6,2,30,6,999,8,1,FORD PUMA,2,E01002530,0,4
202417H107224,2024,17H107224,1,9,0,-1,19,1,5,-1,0,0,0,0,0,0,1,1,-1,9,2,64,9,999,8,0,FORD PUMA,1,E01011992,0,1
2024991540684,2024,991540684,1,9,0,-1,9,1,5,-1,0,0,1,0,0,0,1,1,-1,9,1,31,6,999,1,2,FORD PUMA,-1,-1,0,-1
2024351525448,2024,351525448,3,9,0,-1,3,7,3,-1,0,0,0,0,0,0,0,1,-1,6,1,49,8,999,8,0,FORD PUMA,4,E01015669,0,1
2024622400401,2024,622400401,2,9,0,9,9,5,2,0,0,0,0,0,0,0,3,1,6,6,2,37,7,999,1,2,FORD PUMA,2,W01000790,0,1
2024010501935,2024,010501935,1,4,0,99,99,9,9,99,99,9,9,99,9,99,9,1,6,6,1,24,5,330,1,1,HONDA SH350,3,E01001448,0,2
2024010515843,2024,010515843,2,4,0,18,19,1,5,0,0,8,0,0,0,0,1,1,6,6,1,25,5,330,1,3,HONDA SH350,4,E01002048,0,1
2024010550041,2024,010550041,1,4,0,-1,-1,7,3,0,0,1,0,0,0,0,1,1,6,6,1,30,6,330,1,2,HONDA SH350,10,E01003874,0,1
2024010503979,2024,010503979,1,4,0,18,19,1,5,0,0,2,0,0,0,0,1,1,6,6,1,24,5,330,1,1,HONDA SH350,3,E01015921,0,4
2024010513802,2024,010513802,1,3,0,99,99,9,9,99,99,9,9,99,9,99,1,1,6,6,1,31,6,330,1,3,HONDA SH350,3,E01003573,0,2
2024010544884,2024,010544884,1,4,0,14,14,5,1,0,0,1,0,0,0,0,1,1,6,6,1,37,7,330,1,3,HONDA SH350,2,E01002831,0,1
2024010541047,2024,010541047,2,4,0,-1,-1,7,3,0,0,1,0,11,2,1,4,1,1,1,1,26,6,330,1,2,HONDA SH350,5,E01001914,0,2
2024010506161,2024,010506161,2,2,0,13,13,5,1,0,0,1,5,0,7,0,1,1,6,6,3,-1,-1,330,1,2,HONDA SH350,-1,-1,0,-1
2024451428895,2024,451428895,1,4,0,-1,99,1,5,-1,0,1,9,99,0,0,9,1,-1,2,1,23,5,330,1,1,HONDA SH350,6,E01030665,0,1
2024010508447,2024,010508447,2,2,0,18,19,6,2,2,2,8,1,0,1,0,1,1,6,6,1,25,5,330,1,3,HONDA SH350,2,E01001507,0,2
2024010544533,2024,010544533,2,3,9,99,99,9,9,99,99,9,9,99,9,99,9,1,1,1,1,41,7,330,1,0,HONDA SH350,5,E01003700,0,3
2024411551678,2024,411551678,1,9,0,-1,7,2,6,-1,0,0,0,0,0,0,1,1,-1,6,1,67,10,2987,2,12,MAKE AND MODEL REDACTED,7,E01023763,0,1
2024101553880,2024,101553880,2,17,5,-1,10,1,3,-1,0,5,0,0,0,0,2,1,-1,1,1,57,9,6788,2,2,JOHN DEERE 6000 SERIES,9,E01027379,0,1
2024070771013,2024,070771013,1,17,0,-1,19,7,3,-1,0,0,0,0,0,0,1,1,-1,1,1,79,11,-1,2,12,JOHN DEERE 6000 SERIES,-1,-1,0,-1
2024531530218,2024,531530218,1,17,4,-1,9,8,6,-1,0,8,0,0,0,0,0,1,-1,9,1,20,4,6788,2,11,JOHN DEERE 6000 SERIES,4,E01022265,0,1
2024461446505,2024,461446505,1,17,0,-1,9,7,5,-1,0,0,0,0,0,0,1,1,-1,1,1,33,6,6788,2,10,JOHN DEERE 6000 SERIES,5,E01021116,0,4
2024221436934,2024,221436934,3,17,4,-1,19,6,2,-1,0,0,0,0,0,0,0,9,-1,1,1,49,8,6788,2,4,JOHN DEERE 6000 SERIES,4,E01028882,0,2
2024221520302,2024,221520302,2,17,4,-1,19,5,8,-1,0,0,0,0,0,0,0,1,-1,1,1,58,9,6788,2,3,JOHN DEERE 6000 SERIES,5,E01014050,0,3
2024361484043,2024,361484043,3,17,5,-1,19,3,7,-1,0,0,0,0,0,0,0,1,-1,1,1,-1,-1,4525,2,10,JOHN DEERE 6000 SERIES,-1,-1,0,-1
2024320645997,2024,320645997,2,17,4,9,9,3,1,0,0,0,0,0,0,0,2,1,1,1,1,43,7,4524,2,2,JOHN DEERE 6000 SERIES,3,E01026041,0,3
2024161454261,2024,161454261,2,17,4,-1,9,6,2,-1,0,0,0,0,0,0,3,9,-1,1,2,19,4,6788,2,8,JOHN DEERE 6000 SERIES,2,E01020797,0,5
2024501506041,2024,501506041,2,17,0,-1,9,4,1,-1,0,8,0,0,0,0,3,1,-1,1,1,16,4,-1,2,12,JOHN DEERE 6000 SERIES,4,E01018951,0,2
2024041509683,2024,041509683,2,17,4,-1,19,1,6,-1,0,1,0,0,0,0,3,1,-1,1,1,18,4,6788,2,6,JOHN DEERE 6000 SERIES,8,E01024869,0,3
2024221477414,2024,221477414,1,17,4,-1,19,2,7,-1,0,0,1,0,0,0,3,9,-1,1,1,18,4,6788,2,5,JOHN DEERE 6000 SERIES,7,E01028954,0,1
2024332400955,2024,332400955,2,17,0,-1,9,5,3,-1,0,5,0,0,0,0,3,1,-1,1,1,31,6,6788,2,3,JOHN DEERE 6000 SERIES,10,E01025790,0,2
2024631435582,2024,631435582,2,17,4,-1,9,6,5,-1,0,8,0,0,0,0,3,1,-1,1,1,62,9,6788,2,8,JOHN DEERE 6000 SERIES,5,W01000673,0,2
2024041455839,2024,041455839,2,17,4,-1,5,1,5,-1,0,0,0,0,0,0,4,1,-1,1,1,24,5,6788,2,3,JOHN DEERE 6000 SERIES,10,E01025439,0,2
2024122400401,2024,122400401,2,17,4,18,19,4,8,0,0,0,0,0,0,0,0,1,1,1,1,53,8,6788,2,1,JOHN DEERE 6000 SERIES,6,E01027790,0,3
2024991488098,2024,991488098,1,17,4,-1,9,5,2,-1,0,8,0,0,0,0,1,1,-1,1,1,37,7,6788,2,7,JOHN DEERE 6000 SERIES,3,-1,0,2
2024031450917,2024,031450917,2,17,4,-1,19,8,4,-1,0,1,0,0,0,0,3,1,-1,1,1,34,6,6788,2,3,JOHN DEERE 6000 SERIES,5,E01019338,0,2
2024320695072,2024,320695072,1,17,0,-1,-1,6,2,0,0,0,0,0,1,0,1,1,1,1,1,22,5,6788,2,2,JOHN DEERE 6000 SERIES,-1,-1,0,-1
2024320725856,2024,320725856,2,17,0,-1,-1,4,8,0,0,1,0,0,0,0,1,1,1,1,1,58,9,6788,2,6,JOHN DEERE 6000 SERIES,3,E01026017,0,1
2024991499366,2024,991499366,1,17,0,-1,19,5,1,-1,0,0,0,0,1,0,4,1,-1,6,1,32,6,6788,2,6,JOHN DEERE 6000 SERIES,3,-1,0,1
2024070660148,2024,070660148,2,17,5,17,19,1,5,0,0,0,0,0,0,0,2,1,1,1,1,20,4,6788,2,2,JOHN DEERE 6000 SERIES,8,E01018586,0,3
2024546961224,2024,546961224,2,17,4,18,19,5,1,0,0,0,0,0,0,0,1,1,1,1,1,20,4,6788,2,2,JOHN DEERE 6000 SERIES,6,E01032031,0,1
2024332400831,2024,332400831,1,17,0,-1,19,4,8,-1,0,0,0,0,0,0,1,1,-1,1,1,28,6,6788,2,2,JOHN DEERE 6000 SERIES,5,E01029837,0,4
2024122400791,2024,122400791,1,17,4,7,7,7,3,0,0,0,0,0,0,0,1,1,1,1,1,55,8,6788,2,6,JOHN DEERE 6000 SERIES,8,E01027875,0,2
2024461471887,2024,461471887,2,17,4,-1,19,5,1,-1,0,0,0,0,0,0,1,1,-1,1,1,25,5,6788,2,4,JOHN DEERE 6000 SERIES,4,E01024364,0,2
2024471499578,2024,471499578,2,17,0,-1,19,3,3,-1,0,0,0,0,0,0,3,1,-1,1,1,68,10,4524,2,2,JOHN DEERE 6000 SERIES,5,E01023285,0,4
2024461476258,2024,461476258,1,17,4,-1,5,5,3,-1,0,0,0,0,0,0,3,2,-1,1,2,63,9,6788,2,10,JOHN DEERE 6000 SERIES,8,E01024055,0,1
2024501456107,2024,501456107,2,17,5,-1,19,2,6,-1,0,0,0,0,0,0,2,1,-1,1,1,18,4,6788,2,4,JOHN DEERE 6000 SERIES,5,E01018757,0,2
2024501496753,2024,501496753,2,17,4,-1,19,5,1,-1,0,0,1,0,0,0,1,1,-1,1,1,21,5,6788,2,5,JOHN DEERE 6000 SERIES,5,E01020068,0,4
2024440513633,2024,440513633,2,17,0,18,19,2,6,0,0,1,0,0,0,0,1,1,6,6,1,20,4,6788,2,2,JOHN DEERE 6000 SERIES,10,E01023207,0,4
202460Q014147,2024,60Q014147,2,17,4,7,7,3,5,0,0,6,0,0,0,0,3,1,1,1,1,26,6,4525,2,5,JOHN DEERE 6000 SERIES,-1,-1,0,-1
2024520500135,2024,520500135,1,17,0,18,19,1,5,0,0,0,0,0,0,0,3,1,6,6,1,51,8,6788,2,3,JOHN DEERE 6000 SERIES,6,E01029052,0,2
2024501441557,2024,501441557,2,17,5,-1,19,7,3,-1,0,0,0,0,0,0,3,1,-1,1,1,27,6,6788,2,7,JOHN DEERE 6000 SERIES,5,E01019938,0,2
2024101531528,2024,101531528,2,17,4,-1,19,1,5,-1,0,0,0,0,0,0,2,1,-1,1,1,26,6,6788,2,6,JOHN DEERE 6000 SERIES,4,E01027374,0,4
2024221501037,2024,221501037,2,17,0,-1,9,5,3,-1,0,5,0,0,0,0,3,1,-1,1,1,45,7,6788,2,6,JOHN DEERE 6000 SERIES,6,E01032374,0,1
2024991504865,2024,991504865,1,17,4,-1,19,2,6,-1,0,0,0,0,0,0,0,2,-1,1,1,47,8,4524,2,0,JOHN DEERE 6000 SERIES,-1,-1,0,-1
2024231495685,2024,231495685,1,17,4,-1,7,8,2,-1,0,5,0,0,0,0,3,1,-1,1,1,17,4,6788,2,4,JOHN DEERE 6000 SERIES,8,E01031182,0,3
2024421437886,2024,421437886,2,17,0,-1,8,5,1,-1,0,1,0,0,0,0,3,9,-1,1,1,38,7,6788,2,8,JOHN DEERE 6000 SERIES,5,E01021769,0,1
2024991483905,2024,991483905,1,5,0,-1,13,4,8,-1,0,8,2,0,7,10,1,1,-1,9,1,60,9,1441,1,5,MAKE AND MODEL REDACTED,10,-1,0,5
2024471456407,2024,471456407,2,5,0,-1,19,7,3,-1,0,8,5,0,0,0,1,1,-1,9,1,61,9,1441,1,5,MAKE AND MODEL REDACTED,7,E01031362,0,1
2024421521929,2024,421521929,1,9,0,-1,5,1,5,-1,0,0,0,0,0,0,4,1,-1,6,1,50,8,2993,2,5,LAND ROVER RANGE ROVER SPORT,10,E01021243,0,2
2024010526617,2024,010526617,2,9,0,9,9,7,5,0,0,1,0,0,0,0,4,1,6,6,1,39,7,2993,2,8,LAND ROVER RANGE ROVER SPORT,6,E01003281,0,2
2024401407543,2024,401407543,1,9,0,-1,-1,-1,-1,-1,0,3,0,0,0,0,-1,9,-1,1,1,46,8,2997,2,4,LAND ROVER RANGE ROVER SPORT,4,E01017476,0,1
2024061451087,2024,061451087,1,9,0,-1,19,7,3,-1,0,8,0,0,0,0,1,1,-1,9,1,27,6,4999,1,6,LAND ROVER RANGE ROVER SPORT,1,E01005320,0,1
2024201436848,2024,201436848,2,9,0,-1,7,4,6,-1,0,6,0,0,0,0,1,1,-1,6,3,-1,-1,2993,2,14,LAND ROVER RANGE ROVER SPORT,-1,-1,0,-1
2024440196909,2024,440196909,1,9,0,18,19,4,8,0,0,0,0,0,1,10,1,1,6,6,1,51,8,2720,2,16,LAND ROVER RANGE ROVER SPORT,3,E01017270,0,1
2024060205048,2024,060205048,2,9,0,6,6,2,7,0,0,0,0,0,0,0,1,1,1,1,2,43,7,2993,2,9,LAND ROVER RANGE ROVER SPORT,8,E01018649,0,1
2024131452138,2024,131452138,3,9,0,-1,19,3,7,-1,0,0,0,0,0,0,1,1,-1,9,1,46,8,2993,2,12,LAND ROVER RANGE ROVER SPORT,6,E01006503,0,4
2024041516896,2024,041516896,1,9,0,-1,19,1,5,-1,0,0,0,0,0,0,4,1,-1,9,2,61,9,2993,2,5,LAND ROVER RANGE ROVER SPORT,7,E01024993,0,3
2024610009124,2024,610009124,2,9,0,18,19,5,1,0,0,8,0,0,0,0,4,1,6,6,1,25,5,4367,2,7,LAND ROVER RANGE ROVER SPORT,4,W01001665,0,1
2024471513628,2024,471513628,1,9,0,-1,19,6,2,-1,0,0,1,0,7,0,1,1,-1,9,2,35,6,2993,2,12,LAND ROVER RANGE ROVER SPORT,2,E01032832,0,2
2024131428719,2024,131428719,1,9,0,-1,19,8,4,-1,0,2,0,0,0,0,1,2,-1,6,1,45,7,2993,2,10,LAND ROVER RANGE ROVER SPORT,1,E01011361,0,1
2024070497877,2024,070497877,2,9,0,4,4,1,5,0,0,6,0,0,0,0,2,1,6,6,2,31,6,3628,2,16,LAND ROVER RANGE ROVER SPORT,2,E01012654,0,4
2024451398848,2024,451398848,1,9,0,-1,19,7,3,-1,0,0,0,0,0,0,3,9,-1,6,3,64,9,2993,2,8,LAND ROVER RANGE ROVER SPORT,6,E01030629,0,1
2024421500999,2024,421500999,1,9,0,-1,-1,-1,-1,-1,-1,0,-1,-1,-1,0,-1,9,-1,6,1,49,8,2993,2,11,LAND ROVER RANGE ROVER SPORT,10,E01022070,0,2
2024332400648,2024,332400648,2,9,0,-1,19,3,6,-1,0,8,0,0,0,0,3,1,-1,6,1,20,4,2993,2,13,LAND ROVER RANGE ROVER SPORT,-1,-1,0,-1
2024010548003,2024,010548003,1,9,0,99,99,9,9,99,99,9,9,99,9,99,2,9,6,6,1,35,6,2997,2,2,LAND ROVER RANGE ROVER SPORT,9,E01021825,0,4
2024101462153,2024,101462153,1,9,0,-1,19,1,5,-1,0,0,0,0,0,0,1,9,-1,6,1,-1,-1,2720,2,17,LAND ROVER RANGE ROVER SPORT,-1,-1,0,-1
2024010543323,2024,010543323,2,9,0,3,3,2,6,0,0,0,0,0,0,0,1,1,6,6,1,37,7,2993,2,14,LAND ROVER RANGE ROVER SPORT,-1,-1,0,-1
2024451460227,2024,451460227,1,9,0,-1,19,1,5,-1,9,0,0,11,3,10,1,1,-1,9,1,19,4,2993,2,11,LAND ROVER RANGE ROVER SPORT,5,E01000224,0,4
2024991517000,2024,991517000,1,9,0,-1,19,4,8,-1,0,0,1,10,1,0,1,1,-1,9,1,23,5,2993,2,14,LAND ROVER RANGE ROVER SPORT,2,W01001695,0,5
2024010500164,2024,010500164,1,9,0,18,19,1,5,0,0,0,0,0,0,0,1,1,6,6,1,-1,-1,4999,1,3,LAND ROVER RANGE ROVER SPORT,-1,-1,0,-1
2024302401292,2024,302401292,1,9,0,7,7,4,6,0,0,5,0,0,0,0,2,1,6,6,2,36,7,2996,1,4,LAND ROVER RANGE ROVER SPORT,4,E01019844,0,1
2024991400478,2024,991400478,1,9,0,-1,19,8,4,-1,0,0,0,0,0,0,1,1,-1,9,1,58,9,3628,2,17,LAND ROVER RANGE ROVER SPORT,10,-1,0,2
2024320211423,2024,320211423,2,9,0,-1,-1,4,8,0,0,0,0,0,0,0,2,1,-1,-1,2,28,6,2997,2,1,LAND ROVER RANGE ROVER SPORT,9,E01026223,0,3
2024010513896,2024,010513896,1,9,0,3,3,1,5,0,0,0,0,0,0,0,1,1,6,6,1,47,8,2996,8,0,LAND ROVER RANGE ROVER SPORT,2,E01002737,0,1
2024141461896,2024,141461896,2,9,0,-1,9,4,1,-1,0,8,0,0,0,0,1,9,-1,6,3,28,6,2720,2,18,LAND ROVER RANGE ROVER SPORT,-1,-1,0,-1
2024041441334,2024,041441334,1,9,0,-1,5,1,5,-1,0,0,0,0,0,0,1,1,-1,2,1,65,9,2993,2,10,LAND ROVER RANGE ROVER SPORT,8,E01025242,0,3
2024010538983,2024,010538983,1,9,0,18,19,6,2,0,0,0,0,0,0,0,1,1,6,6,1,20,4,4999,1,5,LAND ROVER RANGE ROVER SPORT,1,E01025396,0,5
2024201432234,2024,201432234,2,9,0,-1,19,5,1,-1,0,0,0,0,0,0,1,1,-1,6,2,37,7,2997,2,3,LAND ROVER RANGE ROVER SPORT,2,E01009516,0,1
2024061478552,2024,061478552,1,9,0,-1,19,1,5,-1,0,2,0,0,0,0,3,1,-1,6,1,48,8,1997,1,5,LAND ROVER RANGE ROVER SPORT,1,E01005230,0,1
2024061419188,2024,061419188,1,9,0,-1,11,3,5,-1,0,8,0,0,0,0,2,1,-1,6,1,40,7,2993,2,7,LAND ROVER RANGE ROVER SPORT,-1,-1,0,-1
2024340WN0852,2024,340WN0852,2,9,0,-1,2,0,0,-1,9,0,0,0,0,0,1,1,-1,6,1,-1,-1,2993,2,12,LAND ROVER RANGE ROVER SPORT,-1,-1,0,-1
2024211431614,2024,211431614,1,9,0,-1,19,1,5,-1,0,0,0,12,0,0,1,9,-1,6,1,35,6,2720,2,16,LAND ROVER RANGE ROVER SPORT,6,E01029395,0,2
2024141424051,2024,141424051,1,9,0,-1,19,7,3,-1,0,8,0,0,1,0,1,1,-1,6,1,65,9,1999,2,7,LAND ROVER RANGE ROVER SPORT,6,E01007609,0,4
2024211487011,2024,211487011,1,9,0,-1,19,2,6,-1,2,0,0,0,1,0,1,1,-1,6,1,20,4,3628,2,14,LAND ROVER RANGE ROVER SPORT,-1,-1,0,-1
2024332400166,2024,332400166,1,9,0,-1,19,1,5,-1,0,0,0,0,0,0,1,1,-1,6,1,33,6,2997,2,1,LAND ROVER RANGE ROVER SPORT,6,E01013710,0,1
2024520401748,2024,520401748,2,9,0,3,3,1,5,0,0,0,0,0,0,0,2,1,6,6,1,71,10,4999,1,2,LAND ROVER RANGE ROVER SPORT,6,W01001861,0,4
2024231397603,2024,231397603,2,9,0,-1,2,0,0,-1,9,0,0,0,0,0,2,9,-1,9,2,49,8,2996,8,1,LAND ROVER RANGE ROVER SPORT,6,E01031244,0,4