collision_index,collision_year,collision_ref_no,vehicle_reference,vehicle_type,towing_and_articulation,vehicle_manoeuvre_historic,vehicle_manoeuvre,vehicle_direction_from,vehicle_direction_to,vehicle_location_restricted_lane_historic,vehicle_location_restricted_lane,junction_location,skidding_and_overturning,hit_object_in_carriageway,vehicle_leaving_carriageway,hit_object_off_carriageway,first_point_of_impact,vehicle_left_hand_drive,journey_purpose_of_driver_historic,journey_purpose_of_driver,sex_of_driver,age_of_driver,age_band_of_driver,engine_capacity_cc,propulsion_code,age_of_vehicle,generic_make_model,driver_imd_decile,lsoa_of_driver,escooter_flag,driver_distance_banding
2024991426097,2024,991426097,1,9,0,-1,1,1,7,-1,0,2,0,0,0,0,2,1,-1,6,1,48,8,2997,2,2,LAND ROVER RANGE ROVER SPORT,10,-1,0,1
2024461409889,2024,461409889,1,9,0,-1,9,5,1,-1,0,6,0,0,0,0,1,9,-1,6,1,66,10,2993,2,10,LAND ROVER RANGE ROVER SPORT,4,E01024623,0,1
2024991491097,2024,991491097,5,9,0,-1,19,1,5,-1,0,0,0,0,0,0,2,1,-1,9,1,42,7,2997,2,1,LAND ROVER RANGE ROVER SPORT,7,-1,0,1
2024010549238,2024,010549238,2,9,0,4,4,3,7,0,0,8,0,0,0,0,2,1,6,6,1,35,6,2993,2,8,LAND ROVER RANGE ROVER SPORT,3,E01001493,0,2
2024991475584,2024,991475584,1,9,0,-1,5,2,6,-1,0,4,0,0,0,0,1,1,-1,6,1,65,9,2720,2,15,LAND ROVER RANGE ROVER SPORT,2,-1,0,1
2024010536746,2024,010536746,2,9,0,14,14,3,7,0,0,2,0,0,0,0,1,1,6,6,3,-1,-1,1997,8,5,LAND ROVER RANGE ROVER SPORT,-1,-1,0,-1
2024010504242,2024,010504242,1,9,0,4,4,1,5,0,0,0,0,0,0,0,2,1,6,6,1,78,11,2993,2,8,LAND ROVER RANGE ROVER SPORT,8,E01023910,0,2
2024141505999,2024,141505999,3,9,0,-1,3,7,3,-1,0,1,0,0,0,0,1,1,-1,9,1,55,8,2720,2,18,LAND ROVER RANGE ROVER SPORT,1,E01008103,0,1
2024340NN4602,2024,340NN4602,1,9,0,-1,19,7,3,-1,0,0,2,0,0,0,4,1,-1,9,2,53,8,2993,2,7,LAND ROVER RANGE ROVER SPORT,7,E01032963,0,4
2024332400297,2024,332400297,2,9,0,-1,19,5,1,-1,0,5,0,0,0,0,4,1,-1,1,1,43,7,2997,2,3,LAND ROVER RANGE ROVER SPORT,8,E01025687,0,2
2024131461014,2024,131461014,2,9,0,-1,19,7,3,-1,0,8,0,0,0,0,4,1,-1,6,1,44,7,2993,2,4,LAND ROVER RANGE ROVER SPORT,9,E01011685,0,1
2024451518268,2024,451518268,1,9,0,-1,9,5,1,-1,0,8,0,0,0,0,1,1,-1,9,1,29,6,4999,1,14,LAND ROVER RANGE ROVER SPORT,5,E01030787,0,1
2024552401461,2024,552401461,2,9,0,18,19,4,8,0,0,8,0,0,0,0,3,1,6,6,1,22,5,2993,2,13,LAND ROVER RANGE ROVER SPORT,-1,-1,0,-1
2024010517797,2024,010517797,7,9,0,-1,-1,3,7,0,0,1,0,0,0,0,0,1,6,6,1,35,6,4999,1,3,LAND ROVER RANGE ROVER SPORT,2,E01000064,0,3
2024361463245,2024,361463245,2,9,0,-1,19,2,6,-1,0,1,1,0,8,0,4,1,-1,9,1,53,8,2993,2,14,LAND ROVER RANGE ROVER SPORT,2,E01018097,0,4
2024221484552,2024,221484552,2,9,0,-1,19,2,6,-1,0,8,0,0,0,0,1,1,-1,6,1,65,9,2997,2,1,LAND ROVER RANGE ROVER SPORT,7,E01028950,0,3
2024311463678,2024,311463678,1,9,0,-1,15,6,2,-1,0,0,0,11,0,0,1,1,-1,9,1,33,6,2997,2,2,LAND ROVER RANGE ROVER SPORT,9,E01028332,0,2
2024010520959,2024,010520959,2,9,0,99,99,9,9,99,99,9,9,99,9,99,9,9,6,6,3,-1,-1,1997,8,3,LAND ROVER RANGE ROVER SPORT,-1,-1,0,-1
2024201567475,2024,201567475,3,9,0,-1,19,6,2,-1,0,0,0,0,0,0,3,1,-1,9,1,29,6,2993,2,11,LAND ROVER RANGE ROVER SPORT,-1,-1,0,-1
2024161417044,2024,161417044,1,9,-1,-1,9,3,1,-1,0,8,0,0,0,0,1,9,-1,6,1,42,7,2993,2,13,LAND ROVER RANGE ROVER SPORT,5,E01013236,0,1
2024371407080,2024,371407080,1,9,0,-1,9,3,1,-1,0,5,0,0,0,0,1,1,-1,6,2,34,6,2997,2,3,LAND ROVER RANGE ROVER SPORT,6,E01030221,0,2
2024440028438,2024,440028438,2,9,0,18,19,3,7,0,0,1,0,0,0,0,1,1,6,6,2,35,6,2993,2,10,LAND ROVER RANGE ROVER SPORT,6,E01017212,0,1
2024351512685,2024,351512685,1,9,0,-1,-1,-1,-1,-1,-1,0,-1,-1,-1,0,3,9,-1,9,1,42,7,2993,2,11,LAND ROVER RANGE ROVER SPORT,4,E01026645,0,4
202417M302624,2024,17M302624,1,9,0,7,7,2,4,0,0,3,0,0,0,0,4,1,6,6,1,28,6,2993,2,15,LAND ROVER RANGE ROVER SPORT,5,E01012110,0,2
2024131435623,2024,131435623,2,9,0,-1,2,1,5,-1,0,2,0,0,0,0,4,1,-1,6,3,-1,-1,2993,2,8,LAND ROVER RANGE ROVER SPORT,-1,-1,0,-1
2024221437952,2024,221437952,1,9,0,-1,19,1,5,-1,0,0,0,0,1,9,1,1,-1,9,1,69,10,2720,2,16,LAND ROVER RANGE ROVER SPORT,4,E01032152,0,4
2024010543111,2024,010543111,1,9,0,18,19,5,1,0,0,2,0,0,0,0,1,1,6,6,2,49,8,2993,2,6,LAND ROVER RANGE ROVER SPORT,4,E01001391,0,1
2024221427973,2024,221427973,1,9,0,-1,19,6,2,-1,0,8,0,0,0,0,3,9,-1,6,1,44,7,2993,2,6,LAND ROVER RANGE ROVER SPORT,5,E01032128,0,3
2024471494910,2024,471494910,1,9,0,-1,9,8,7,-1,0,6,0,0,0,0,1,1,-1,9,2,71,10,2993,2,7,LAND ROVER RANGE ROVER SPORT,8,E01030822,0,3
2024542188224,2024,542188224,2,9,0,18,19,5,1,0,0,8,0,0,0,0,2,1,6,6,1,47,8,4999,1,4,LAND ROVER RANGE ROVER SPORT,8,E01023066,0,3
2024531488819,2024,531488819,2,9,0,-1,2,0,0,-1,0,0,0,4,0,0,1,1,-1,6,-1,-1,-1,3628,2,16,LAND ROVER RANGE ROVER SPORT,-1,-1,0,-1
2024052400463,2024,052400463,1,9,0,7,7,7,1,0,0,1,0,0,0,0,1,1,6,6,1,56,9,2993,2,9,LAND ROVER RANGE ROVER SPORT,8,E01007023,0,3
2024991530714,2024,991530714,1,9,0,-1,19,7,2,-1,0,1,0,0,8,3,1,1,-1,9,1,38,7,4999,1,5,LAND ROVER RANGE ROVER SPORT,8,-1,0,3
2024052402179,2024,052402179,2,9,0,2,2,0,0,0,0,0,0,0,0,0,2,1,6,6,1,39,7,2997,2,2,LAND ROVER RANGE ROVER SPORT,6,E01006949,0,2
2024552400191,2024,552400191,2,9,0,18,19,7,3,0,0,8,0,0,0,0,4,1,6,6,1,52,8,2996,8,2,LAND ROVER RANGE ROVER SPORT,6,E01030502,0,5
2024201513159,2024,201513159,1,9,0,-1,19,8,4,-1,0,8,0,0,0,0,1,1,-1,6,1,24,5,2993,2,7,LAND ROVER RANGE ROVER SPORT,1,E01010340,0,2
2024421488595,2024,421488595,1,9,0,-1,19,3,7,-1,0,3,1,0,1,1,1,1,-1,6,1,-1,-1,4999,1,6,LAND ROVER RANGE ROVER SPORT,-1,-1,0,-1
2024311404553,2024,311404553,1,9,0,-1,12,5,8,-1,0,1,0,0,0,0,3,1,-1,1,1,21,5,4999,1,3,LAND ROVER RANGE ROVER SPORT,-1,-1,0,-1
2024010522925,2024,010522925,3,9,0,2,2,0,0,0,0,1,0,0,0,0,3,1,6,6,3,-1,-1,2993,2,4,LAND ROVER RANGE ROVER SPORT,-1,-1,0,-1
2024520402087,2024,520402087,1,9,0,18,19,3,7,0,0,0,0,0,0,0,1,1,6,6,1,43,7,3628,2,16,LAND ROVER RANGE ROVER SPORT,1,W01001693,0,4
2024421527122,2024,421527122,2,9,0,-1,19,4,8,-1,0,0,1,0,0,0,1,1,-1,9,2,40,7,2993,2,4,LAND ROVER RANGE ROVER SPORT,10,E01023503,0,2
2024631405673,2024,631405673,3,9,0,-1,4,8,4,-1,0,0,0,0,0,0,0,1,-1,1,1,64,9,3628,2,16,LAND ROVER RANGE ROVER SPORT,8,E01013996,0,4
2024061467691,2024,061467691,1,9,0,-1,19,7,3,-1,9,0,2,10,1,11,1,1,-1,6,1,22,5,4999,1,4,LAND ROVER RANGE ROVER SPORT,-1,-1,0,-1
2024471403531,2024,471403531,2,9,0,-1,1,8,4,-1,0,0,0,0,0,0,0,1,-1,9,1,41,7,2993,2,14,LAND ROVER RANGE ROVER SPORT,6,E01031712,0,1
2024552400294,2024,552400294,2,9,0,18,19,4,8,0,0,8,0,0,1,4,1,1,3,7,1,38,7,2993,2,11,LAND ROVER RANGE ROVER SPORT,6,E01020448,0,1
2024131480634,2024,131480634,4,9,0,-1,19,5,1,-1,0,0,0,0,0,0,3,1,-1,9,1,36,7,1997,8,4,LAND ROVER RANGE ROVER SPORT,3,E01010657,0,1
2024440197960,2024,440197960,1,9,0,18,19,2,6,0,0,0,0,0,0,0,4,1,6,6,1,49,8,4999,1,7,LAND ROVER RANGE ROVER SPORT,8,E01022591,0,4
2024430001817,2024,430001817,2,9,0,18,19,8,2,0,0,8,0,0,0,0,1,1,6,6,1,33,6,2993,2,13,LAND ROVER RANGE ROVER SPORT,10,E01022553,0,3
2024010502405,2024,010502405,1,9,0,99,99,9,9,99,99,9,9,99,9,99,4,9,6,6,2,52,8,1997,8,5,LAND ROVER RANGE ROVER SPORT,5,E01002443,0,1
2024311451754,2024,311451754,2,9,0,-1,19,7,1,-1,0,0,0,0,0,0,0,1,-1,9,1,56,9,2997,2,1,LAND ROVER RANGE ROVER SPORT,10,E01028148,0,1
2024461521253,2024,461521253,2,9,0,-1,19,7,7,-1,0,1,0,0,1,0,2,2,-1,9,2,55,8,2993,2,13,LAND ROVER RANGE ROVER SPORT,2,E01023973,0,1
2024211430401,2024,211430401,1,9,0,-1,19,1,4,-1,0,1,0,0,0,0,4,9,-1,1,1,26,6,2993,2,10,LAND ROVER RANGE ROVER SPORT,7,E01029771,0,2
2024010524797,2024,010524797,1,9,0,1,1,7,3,0,0,0,5,4,0,0,1,1,6,6,1,27,6,4367,2,6,LAND ROVER RANGE ROVER SPORT,4,E01004729,0,1
2024010489966,2024,010489966,1,9,0,6,6,7,7,0,0,1,0,0,1,0,2,1,6,6,1,37,7,2993,2,4,LAND ROVER RANGE ROVER SPORT,8,E01023312,0,2
202417S200324,2024,17S200324,1,9,0,2,2,0,0,0,0,0,0,0,0,0,2,1,6,6,1,63,9,2997,2,1,LAND ROVER RANGE ROVER SPORT,7,E01027760,0,4
2024201395604,2024,201395604,1,9,0,-1,19,4,8,-1,0,1,0,0,0,0,1,9,-1,6,1,34,6,2993,2,11,LAND ROVER RANGE ROVER SPORT,-1,-1,0,-1
2024131398048,2024,131398048,2,9,0,-1,2,0,0,-1,0,0,0,0,0,0,3,1,-1,6,-1,-1,-1,2993,2,10,LAND ROVER RANGE ROVER SPORT,-1,-1,0,-1
2024010518942,2024,010518942,2,9,9,99,99,9,9,99,99,9,9,99,9,99,9,9,6,6,3,-1,-1,2993,2,9,LAND ROVER RANGE ROVER SPORT,-1,-1,0,-1
2024430270389,2024,430270389,1,9,0,18,19,6,2,0,0,3,0,0,1,0,1,1,6,6,1,20,4,2720,2,19,LAND ROVER RANGE ROVER SPORT,8,E01027297,0,4
2024131484703,2024,131484703,1,9,0,-1,4,3,7,-1,0,8,0,0,0,0,1,1,-1,6,1,51,8,4367,2,10,LAND ROVER RANGE ROVER SPORT,8,E01032485,0,4
2024302401509,2024,302401509,1,9,0,9,9,1,7,0,0,6,0,0,0,0,1,1,6,6,3,-1,-1,4999,1,7,LAND ROVER RANGE ROVER SPORT,5,E01019456,0,3
2024010519225,2024,010519225,2,9,0,99,99,9,9,99,99,9,9,99,9,99,1,9,6,6,3,-1,-1,4999,1,5,LAND ROVER RANGE ROVER SPORT,-1,-1,0,-1
2024421430994,2024,421430994,1,9,0,-1,4,7,3,-1,0,1,0,0,0,0,4,9,-1,9,1,37,7,4367,2,8,LAND ROVER RANGE ROVER SPORT,2,E01033122,0,4
2024522500432,2024,522500432,1,9,0,18,19,2,6,0,0,0,0,0,0,0,2,1,6,6,1,25,5,4197,1,17,LAND ROVER RANGE ROVER SPORT,4,E01014991,0,1
2024010515626,2024,010515626,3,9,0,18,19,1,5,0,0,1,0,0,0,0,1,1,6,6,1,46,8,2993,2,4,LAND ROVER RANGE ROVER SPORT,3,E01033781,0,5
2024101517182,2024,101517182,2,9,0,-1,1,5,1,-1,0,0,0,0,0,0,2,1,-1,9,1,64,9,2993,2,14,LAND ROVER RANGE ROVER SPORT,-1,-1,0,-1
2024010537575,2024,010537575,1,9,0,99,99,9,9,99,99,9,9,99,9,99,2,9,2,2,1,38,7,1999,2,7,LAND ROVER RANGE ROVER SPORT,3,E01002638,0,1
2024010533561,2024,010533561,1,9,0,1,1,1,5,0,0,0,0,0,0,0,0,1,6,6,3,-1,-1,2720,2,17,LAND ROVER RANGE ROVER SPORT,-1,-1,0,-1
2024991444732,2024,991444732,1,9,0,-1,9,5,3,-1,0,1,0,0,0,0,3,1,-1,9,2,55,8,2996,8,0,LAND ROVER RANGE ROVER SPORT,9,-1,0,2
2024631421511,2024,631421511,1,9,0,-1,5,3,7,-1,0,8,0,0,0,0,1,1,-1,6,2,46,8,2720,2,19,LAND ROVER RANGE ROVER SPORT,6,W01000477,0,1
2024471404449,2024,471404449,1,9,0,-1,9,3,1,-1,0,6,0,0,0,0,1,1,-1,9,1,56,9,1997,8,3,LAND ROVER RANGE ROVER SPORT,6,E01034825,0,1
2024351487266,2024,351487266,2,9,0,-1,4,3,7,-1,0,0,1,0,1,0,2,1,-1,6,2,46,8,2993,2,15,LAND ROVER RANGE ROVER SPORT,2,E01017946,0,4
2024401425800,2024,401425800,3,9,0,-1,19,7,3,-1,0,0,0,10,0,0,1,1,-1,6,2,36,7,2993,2,5,LAND ROVER RANGE ROVER SPORT,5,E01015714,0,1
2024622400811,2024,622400811,1,9,0,15,15,7,3,0,0,8,0,0,0,0,1,1,6,6,1,48,8,2993,2,5,LAND ROVER RANGE ROVER SPORT,6,W01000959,0,1
2024340WN5732,2024,340WN5732,2,9,0,-1,19,3,1,-1,0,8,0,0,0,0,4,1,-1,9,1,39,7,2993,2,7,LAND ROVER RANGE ROVER SPORT,9,E01027018,0,1
2024010505937,2024,010505937,1,9,0,17,19,8,4,0,0,1,0,11,0,0,1,1,2,2,1,59,9,2993,2,9,LAND ROVER RANGE ROVER SPORT,7,E01002203,0,1
2024332400865,2024,332400865,1,9,0,-1,19,4,8,-1,0,0,0,0,0,0,2,1,-1,6,1,44,7,2996,8,1,LAND ROVER RANGE ROVER SPORT,7,E01025952,0,4
202454C825224,2024,54C825224,2,9,0,3,3,8,5,0,0,1,0,0,0,0,2,1,6,6,2,39,7,2993,2,11,LAND ROVER RANGE ROVER SPORT,-1,-1,0,-1
2024201460913,2024,201460913,2,9,0,-1,19,4,8,-1,0,8,0,0,0,0,0,9,-1,9,1,53,8,3628,2,16,LAND ROVER RANGE ROVER SPORT,4,E01009767,0,1
2024320450369,2024,320450369,2,9,0,-1,-1,7,3,0,0,0,0,0,0,0,1,1,-1,-1,1,67,10,2993,2,7,LAND ROVER RANGE ROVER SPORT,-1,-1,0,-1
2024351490466,2024,351490466,1,9,0,-1,7,5,1,-1,0,1,0,0,0,0,1,1,-1,9,2,25,5,2720,2,16,LAND ROVER RANGE ROVER SPORT,8,E01030098,0,3
2024061424257,2024,061424257,1,9,0,-1,19,5,1,-1,0,5,0,0,0,0,4,1,-1,1,1,40,7,2993,2,15,LAND ROVER RANGE ROVER SPORT,2,E01006408,0,1
2024991485929,2024,991485929,3,9,0,-1,4,5,3,-1,0,1,0,0,0,0,2,1,-1,6,1,66,10,2993,2,6,LAND ROVER RANGE ROVER SPORT,-1,-1,0,-1
2024041470712,2024,041470712,2,9,0,-1,19,3,7,-1,0,1,0,0,0,0,1,1,-1,9,1,29,6,4999,1,5,LAND ROVER RANGE ROVER SPORT,3,E01012632,0,1
2024161519375,2024,161519375,2,9,0,-1,9,3,1,-1,0,5,0,0,0,0,4,9,-1,6,1,33,6,4197,1,18,LAND ROVER RANGE ROVER SPORT,1,E01012790,0,1
2024122500043,2024,122500043,2,9,0,2,2,0,0,0,0,1,0,0,0,0,2,1,6,6,3,-1,-1,2993,2,7,LAND ROVER RANGE ROVER SPORT,-1,-1,0,-1
2024052402220,2024,052402220,4,9,0,2,2,0,0,0,0,0,0,0,0,0,3,1,6,6,3,-1,-1,2996,8,1,LAND ROVER RANGE ROVER SPORT,-1,-1,0,-1
2024440089701,2024,440089701,2,9,0,4,4,2,6,0,0,0,0,0,0,0,2,1,6,6,1,28,6,4999,1,8,LAND ROVER RANGE ROVER SPORT,7,E01032746,0,4
2024010526604,2024,010526604,1,9,0,18,19,1,5,0,0,0,0,0,0,0,1,1,6,6,1,39,7,2996,8,0,LAND ROVER RANGE ROVER SPORT,6,E01035704,0,1
2024520401897,2024,520401897,1,9,0,18,19,4,8,0,0,8,0,0,0,0,1,1,6,6,1,48,8,2996,8,1,LAND ROVER RANGE ROVER SPORT,6,E01035107,0,1
2024471451609,2024,471451609,1,9,0,-1,9,8,5,-1,0,2,0,0,0,0,1,1,-1,9,1,42,7,2996,8,1,LAND ROVER RANGE ROVER SPORT,10,E01021159,0,2
2024501533811,2024,501533811,2,9,0,-1,12,2,6,-1,0,0,0,4,1,4,1,1,-1,9,1,40,7,4999,1,6,LAND ROVER RANGE ROVER SPORT,9,E01034787,0,5
2024411427936,2024,411427936,1,9,0,-1,19,1,5,-1,0,0,2,0,1,0,1,9,-1,9,1,55,8,2993,2,13,LAND ROVER RANGE ROVER SPORT,-1,-1,0,-1
2024451417086,2024,451417086,2,9,0,-1,19,1,5,-1,0,0,0,0,0,0,1,1,-1,7,2,42,7,2993,2,6,LAND ROVER RANGE ROVER SPORT,8,E01030564,0,1
2024371483247,2024,371483247,1,9,0,-1,19,5,1,-1,0,1,0,0,0,0,1,1,-1,9,1,56,9,2993,2,10,LAND ROVER RANGE ROVER SPORT,9,E01030122,0,4
2024070761574,2024,070761574,3,9,0,-1,8,2,5,-1,0,1,0,0,0,0,1,1,-1,9,1,53,8,2993,2,14,LAND ROVER RANGE ROVER SPORT,7,E01034662,0,2
2024411486702,2024,411486702,1,9,0,-1,19,1,5,-1,0,0,0,0,7,0,1,1,-1,6,2,50,8,2993,2,6,LAND ROVER RANGE ROVER SPORT,10,E01023695,0,2
2024221403525,2024,221403525,2,9,0,-1,3,1,5,-1,0,0,0,0,0,0,2,1,-1,6,2,27,6,2993,2,12,LAND ROVER RANGE ROVER SPORT,4,E01014011,0,1
2024461469034,2024,461469034,1,9,0,-1,1,1,5,-1,0,1,0,0,0,0,2,2,-1,1,2,62,9,2720,2,16,LAND ROVER RANGE ROVER SPORT,4,E01016048,0,1
2024401477339,2024,401477339,2,9,0,-1,2,0,0,-1,0,0,0,0,0,0,3,1,-1,6,-1,-1,-1,2993,2,6,LAND ROVER RANGE ROVER SPORT,-1,-1,0,-1
2024501435652,2024,501435652,1,9,0,-1,19,4,8,-1,0,0,5,0,1,11,1,1,-1,9,1,48,8,2720,2,19,LAND ROVER RANGE ROVER SPORT,4,E01019036,0,2
2024371427579,2024,371427579,1,9,0,-1,19,3,3,-1,0,0,0,0,0,0,1,1,-1,9,1,59,9,4999,1,14,LAND ROVER RANGE ROVER SPORT,5,E01030210,0,2
2024010510567,2024,010510567,1,9,9,99,99,9,9,99,99,9,9,99,9,99,9,9,6,6,1,42,7,2993,2,13,LAND ROVER RANGE ROVER SPORT,-1,-1,0,-1
2024010548542,2024,010548542,2,9,9,99,99,9,9,99,99,0,9,99,9,99,9,9,6,6,3,35,6,2996,8,0,LAND ROVER RANGE ROVER SPORT,3,E01034206,0,3
2024461488255,2024,461488255,1,9,0,-1,19,7,4,-1,0,0,0,0,0,0,3,1,-1,6,2,41,7,2720,2,19,LAND ROVER RANGE ROVER SPORT,8,E01024706,0,1
2024332400218,2024,332400218,2,9,0,-1,19,7,3,-1,0,0,0,0,1,4,1,1,-1,6,1,54,8,2997,2,0,LAND ROVER RANGE ROVER SPORT,6,E01031160,0,3
2024010523763,2024,010523763,1,9,0,99,99,9,9,99,99,9,9,99,9,99,4,9,6,6,1,27,6,2993,2,11,LAND ROVER RANGE ROVER SPORT,8,E01021924,0,4
2024061448058,2024,061448058,1,9,0,-1,19,3,7,-1,0,4,0,0,0,0,3,1,-1,2,1,46,8,2993,2,5,LAND ROVER RANGE ROVER SPORT,5,E01006006,0,1
2024361437438,2024,361437438,2,9,0,-1,19,3,6,-1,0,1,0,0,3,10,1,1,-1,9,2,53,8,2993,2,8,LAND ROVER RANGE ROVER SPORT,5,E01026783,0,1
2024320492932,2024,320492932,1,9,0,1,1,5,1,9,9,0,0,0,0,0,2,1,6,6,2,-1,-1,2993,2,11,LAND ROVER RANGE ROVER SPORT,-1,-1,0,-1
2024451516003,2024,451516003,2,9,0,-1,19,8,6,-1,0,0,1,0,0,0,1,1,-1,7,1,52,8,2997,2,3,LAND ROVER RANGE ROVER SPORT,10,E01030454,0,2
2024070692190,2024,070692190,2,9,0,18,19,2,6,0,0,8,0,0,0,0,1,1,6,6,2,33,6,2993,2,14,LAND ROVER RANGE ROVER SPORT,9,E01018419,0,1
2024471489638,2024,471489638,1,9,0,-1,5,2,6,-1,0,0,1,0,1,0,1,1,-1,9,2,42,7,2996,8,0,LAND ROVER RANGE ROVER SPORT,7,E01017050,0,4
2024311416268,2024,311416268,2,9,0,-1,19,5,1,-1,0,3,0,0,0,0,4,1,-1,6,2,47,8,2993,2,9,LAND ROVER RANGE ROVER SPORT,8,E01028010,0,1
2024010506237,2024,010506237,2,9,9,99,99,9,9,99,99,9,9,99,9,99,9,9,6,6,3,-1,-1,2993,2,8,LAND ROVER RANGE ROVER SPORT,-1,-1,0,-1
2024041483050,2024,041483050,1,9,0,-1,4,1,1,-1,0,0,0,11,0,0,1,1,-1,9,1,67,10,2993,2,9,LAND ROVER RANGE ROVER SPORT,5,E01025320,0,2
2024070907766,2024,070907766,1,9,0,-1,3,7,3,-1,0,4,0,0,0,0,2,1,-1,6,2,51,8,4999,1,2,LAND ROVER RANGE ROVER SPORT,4,E01018315,0,1
2024631527512,2024,631527512,2,9,0,-1,19,2,6,-1,0,0,1,6,1,11,3,1,-1,6,1,58,9,2997,2,0,LAND ROVER RANGE ROVER SPORT,7,W01000470,0,3
2024010504492,2024,010504492,1,9,0,99,99,9,9,99,99,9,9,99,9,99,3,9,6,6,2,40,7,2993,2,4,LAND ROVER RANGE ROVER SPORT,9,E01000873,0,1
2024461456543,2024,461456543,1,9,0,-1,19,3,7,-1,0,4,1,10,3,0,1,1,-1,9,1,42,7,2993,2,7,LAND ROVER RANGE ROVER SPORT,4,E01024162,0,1
2024451527104,2024,451527104,2,9,0,-1,19,5,1,-1,0,0,0,0,0,0,3,1,-1,9,1,75,10,2993,2,8,LAND ROVER RANGE ROVER SPORT,10,E01030454,0,1
2024501416335,2024,501416335,1,9,0,-1,19,1,5,-1,0,1,0,0,0,0,1,1,-1,6,1,62,9,2993,2,12,LAND ROVER RANGE ROVER SPORT,9,E01029315,0,3
2024461463923,2024,461463923,2,9,0,-1,19,5,1,-1,0,2,0,0,0,0,1,9,-1,6,2,60,9,2997,2,1,LAND ROVER RANGE ROVER SPORT,9,E01024300,0,1
2024302400716,2024,302400716,2,9,0,18,19,4,8,0,0,1,0,0,0,0,3,1,6,6,1,39,7,2993,2,5,LAND ROVER RANGE ROVER SPORT,9,E01013469,0,1
2024991469045,2024,991469045,1,9,0,-1,19,7,3,-1,0,0,0,0,0,0,4,1,-1,9,1,17,4,2997,2,3,LAND ROVER RANGE ROVER SPORT,4,-1,0,1
2024041499663,2024,041499663,2,9,0,-1,2,0,0,-1,0,0,0,0,0,0,2,1,-1,6,-1,-1,-1,2993,2,9,LAND ROVER RANGE ROVER SPORT,-1,-1,0,-1
2024131467352,2024,131467352,1,9,0,-1,9,4,2,-1,0,8,0,0,0,0,4,1,-1,9,1,58,9,2720,2,17,LAND ROVER RANGE ROVER SPORT,6,E01011416,0,2
2024430476618,2024,430476618,3,9,0,18,19,1,5,0,0,0,0,0,0,0,1,1,6,6,1,65,9,2993,2,5,LAND ROVER RANGE ROVER SPORT,5,E01017923,0,1
2024131466188,2024,131466188,2,9,0,-1,19,3,7,-1,0,1,0,0,0,0,2,1,-1,6,2,30,6,2993,2,8,LAND ROVER RANGE ROVER SPORT,2,E01011251,0,1
2024131432842,2024,131432842,1,9,0,-1,19,5,1,-1,0,0,0,0,0,0,1,1,-1,9,1,29,6,2996,1,4,LAND ROVER RANGE ROVER SPORT,6,E01027703,0,4
2024991517007,2024,991517007,1,9,0,-1,10,8,5,-1,0,6,0,0,0,0,3,1,-1,6,2,37,7,2997,2,2,LAND ROVER RANGE ROVER SPORT,10,-1,0,1
2024041474745,2024,041474745,1,9,0,-1,19,2,6,-1,0,8,0,0,0,0,4,1,-1,9,2,39,7,2993,2,9,LAND ROVER RANGE ROVER SPORT,8,E01025547,0,2
2024543696624,2024,543696624,1,9,0,18,19,8,4,0,0,0,2,0,2,10,4,1,6,6,2,19,4,3628,2,16,LAND ROVER RANGE ROVER SPORT,6,E01015361,0,4
2024201443523,2024,201443523,1,9,0,-1,9,8,4,-1,0,6,0,0,0,0,1,1,-1,6,1,39,7,1999,2,6,LAND ROVER RANGE ROVER SPORT,-1,-1,0,-1
2024320215540,2024,320215540,2,9,0,-1,-1,4,8,0,0,1,0,0,0,0,1,1,6,6,1,-1,-1,2720,2,18,LAND ROVER RANGE ROVER SPORT,4,E01026389,0,2
2024421466990,2024,421466990,2,9,0,-1,19,7,3,-1,0,0,0,0,0,0,1,1,-1,9,2,43,7,2996,8,0,LAND ROVER RANGE ROVER SPORT,10,E01021929,0,2
2024461487860,2024,461487860,2,9,0,-1,19,5,1,-1,0,0,0,0,0,0,1,9,-1,6,1,77,11,2993,2,7,LAND ROVER RANGE ROVER SPORT,5,E01023978,0,2
2024461410449,2024,461410449,1,9,0,-1,19,2,6,-1,0,3,0,0,1,7,4,1,-1,6,1,23,5,3628,2,15,LAND ROVER RANGE ROVER SPORT,-1,-1,0,-1
2024211511036,2024,211511036,1,9,-1,-1,1,1,5,-1,0,0,0,0,0,0,2,9,-1,6,3,30,6,2993,2,7,LAND ROVER RANGE ROVER SPORT,-1,-1,0,-1