collision_index,collision_year,collision_ref_no,vehicle_reference,vehicle_type,towing_and_articulation,vehicle_manoeuvre_historic,vehicle_manoeuvre,vehicle_direction_from,vehicle_direction_to,vehicle_location_restricted_lane_historic,vehicle_location_restricted_lane,junction_location,skidding_and_overturning,hit_object_in_carriageway,vehicle_leaving_carriageway,hit_object_off_carriageway,first_point_of_impact,vehicle_left_hand_drive,journey_purpose_of_driver_historic,journey_purpose_of_driver,sex_of_driver,age_of_driver,age_band_of_driver,engine_capacity_cc,propulsion_code,age_of_vehicle,generic_make_model,driver_imd_decile,lsoa_of_driver,escooter_flag,driver_distance_banding
2024131408081,2024,131408081,1,9,0,-1,19,1,-1,-1,0,1,0,0,0,0,1,1,-1,6,3,-1,-1,2720,2,18,LAND ROVER RANGE ROVER SPORT,-1,-1,0,-1
2024461490184,2024,461490184,1,9,0,-1,4,2,6,-1,0,0,1,0,0,0,1,1,-1,2,1,53,8,2997,2,3,LAND ROVER RANGE ROVER SPORT,6,E01024036,0,2
2024101419878,2024,101419878,3,9,0,-1,19,7,3,-1,0,1,0,0,0,0,1,1,-1,9,1,57,9,2997,2,3,LAND ROVER RANGE ROVER SPORT,8,E01027495,0,3
2024101508983,2024,101508983,2,9,0,-1,9,7,3,-1,0,0,0,0,0,0,3,1,-1,9,2,49,8,2996,8,0,LAND ROVER RANGE ROVER SPORT,6,E01008577,0,2
2024041397801,2024,041397801,1,9,0,-1,19,1,5,-1,0,0,0,0,7,2,1,1,-1,9,1,57,9,2993,2,5,LAND ROVER RANGE ROVER SPORT,4,E01024989,0,1
2024351526658,2024,351526658,1,9,0,-1,13,5,1,-1,0,1,0,0,0,0,1,1,-1,6,1,37,7,4999,1,9,LAND ROVER RANGE ROVER SPORT,2,E01015615,0,1
2024141448113,2024,141448113,1,9,0,-1,9,1,7,-1,0,1,0,0,0,0,3,9,-1,6,2,44,7,2997,2,3,LAND ROVER RANGE ROVER SPORT,6,E01007689,0,1
2024471486681,2024,471486681,1,9,0,-1,19,3,7,-1,0,8,0,0,0,0,1,1,-1,9,1,58,9,2993,2,9,LAND ROVER RANGE ROVER SPORT,5,E01016886,0,2
2024631493983,2024,631493983,2,9,3,-1,4,5,1,-1,0,0,0,0,0,0,0,1,-1,9,1,49,8,2993,2,7,LAND ROVER RANGE ROVER SPORT,3,W01000586,0,5
2024542839924,2024,542839924,1,9,0,5,5,8,5,0,0,1,0,0,0,0,1,1,3,7,1,46,8,2996,8,2,LAND ROVER RANGE ROVER SPORT,8,E01032001,0,1
2024461514130,2024,461514130,1,9,0,-1,9,2,7,-1,5,0,0,0,0,0,4,1,-1,2,1,60,9,2993,2,11,LAND ROVER RANGE ROVER SPORT,8,E01021088,0,4
2024421522133,2024,421522133,2,9,0,-1,19,8,4,-1,0,8,0,0,0,0,1,1,-1,9,1,41,7,2993,2,14,LAND ROVER RANGE ROVER SPORT,1,E01022026,0,2
2024010527248,2024,010527248,2,9,0,18,19,7,3,0,0,2,0,0,0,0,1,1,6,6,2,29,6,2997,2,3,LAND ROVER RANGE ROVER SPORT,6,E01002625,0,4
2024631399598,2024,631399598,2,9,5,-1,4,4,7,-1,0,1,0,0,0,0,0,1,-1,6,2,46,8,2720,2,16,LAND ROVER RANGE ROVER SPORT,4,W01000656,0,3
2024421514888,2024,421514888,1,9,0,-1,5,7,3,-1,0,1,0,0,0,0,1,1,-1,2,1,39,7,2997,2,3,LAND ROVER RANGE ROVER SPORT,8,E01021932,0,1
2024440090823,2024,440090823,2,9,0,18,19,5,1,0,0,1,1,0,0,0,1,1,2,2,2,29,6,4999,1,7,LAND ROVER RANGE ROVER SPORT,6,E01022890,0,1
2024371518094,2024,371518094,3,9,0,-1,19,2,6,-1,0,0,0,0,0,0,0,1,-1,6,1,42,7,2993,2,12,LAND ROVER RANGE ROVER SPORT,5,E01021778,0,5
2024231519382,2024,231519382,3,9,0,-1,3,6,2,-1,0,0,0,0,0,0,2,9,-1,6,1,38,7,2997,2,0,LAND ROVER RANGE ROVER SPORT,10,E01009705,0,2
2024101468380,2024,101468380,1,9,0,-1,19,8,4,-1,0,8,0,0,0,0,1,1,-1,6,1,28,6,2993,2,9,LAND ROVER RANGE ROVER SPORT,3,E01008455,0,1
2024401519242,2024,401519242,2,9,0,-1,19,8,4,-1,0,0,0,0,0,0,1,1,-1,6,1,54,8,2720,2,16,LAND ROVER RANGE ROVER SPORT,8,E01017465,0,1
2024451447898,2024,451447898,2,9,0,-1,19,7,3,-1,0,0,0,0,0,0,1,9,-1,6,1,-1,-1,2993,2,6,LAND ROVER RANGE ROVER SPORT,3,E01032581,0,4
2024010551520,2024,010551520,2,9,0,4,4,5,1,0,0,0,0,0,0,0,1,1,6,6,2,34,6,2997,2,3,LAND ROVER RANGE ROVER SPORT,-1,-1,0,-1
2024411519149,2024,411519149,1,9,0,-1,19,3,7,-1,0,8,0,0,0,0,1,1,-1,7,2,40,7,3628,2,15,LAND ROVER RANGE ROVER SPORT,10,E01023412,0,1
2024010544052,2024,010544052,1,9,0,-1,-1,3,7,0,0,1,5,7,1,1,1,1,6,6,1,39,7,1997,8,6,LAND ROVER RANGE ROVER SPORT,2,E01034478,0,3
2024340NN4212,2024,340NN4212,2,9,0,-1,19,4,8,-1,0,1,0,0,0,0,1,1,-1,6,2,27,6,2993,2,5,LAND ROVER RANGE ROVER SPORT,5,E01027123,0,3
2024231528147,2024,231528147,2,9,0,-1,19,1,5,-1,0,0,0,0,0,0,3,9,-1,2,2,48,8,2997,2,0,LAND ROVER RANGE ROVER SPORT,8,E01035019,0,4
2024371505533,2024,371505533,2,9,0,-1,19,7,1,-1,0,0,1,0,0,0,1,1,-1,1,1,46,8,2996,8,0,LAND ROVER RANGE ROVER SPORT,8,E01029878,0,4
2024010490110,2024,010490110,1,9,0,18,19,1,5,0,0,1,0,0,0,0,1,1,6,6,2,45,7,2993,2,9,LAND ROVER RANGE ROVER SPORT,5,E01003028,0,1
2024131408002,2024,131408002,1,9,0,-1,9,3,7,-1,0,2,0,0,0,0,1,1,-1,1,1,52,8,2997,2,1,LAND ROVER RANGE ROVER SPORT,3,E01034585,0,1
2024070945092,2024,070945092,1,9,0,-1,13,6,2,-1,0,1,1,0,1,11,1,1,-1,9,1,38,7,2993,2,7,LAND ROVER RANGE ROVER SPORT,1,E01006494,0,4
2024031410064,2024,031410064,3,9,0,-1,19,5,1,-1,0,0,0,0,0,0,1,1,-1,9,1,67,10,2993,2,8,LAND ROVER RANGE ROVER SPORT,8,E01031182,0,5
2024010542422,2024,010542422,2,9,0,99,99,9,9,99,99,9,9,99,9,99,1,9,6,6,3,-1,-1,4197,1,18,LAND ROVER RANGE ROVER SPORT,4,E01034226,0,1
2024041395418,2024,041395418,1,9,0,-1,15,1,5,-1,0,0,0,0,0,0,1,1,-1,6,1,66,10,4999,1,8,LAND ROVER RANGE ROVER SPORT,5,E01025331,0,1
2024141503985,2024,141503985,2,9,0,-1,1,8,3,-1,0,0,0,0,0,0,2,1,-1,6,3,-1,-1,2997,2,3,LAND ROVER RANGE ROVER SPORT,-1,-1,0,-1
2024401534032,2024,401534032,1,9,0,-1,19,2,4,-1,0,1,0,0,0,0,4,1,-1,6,1,66,10,3628,2,17,LAND ROVER RANGE ROVER SPORT,4,E01017476,0,1
2024141459189,2024,141459189,2,9,0,-1,2,0,0,-1,9,0,0,0,0,0,2,1,-1,6,-1,-1,-1,2993,2,13,LAND ROVER RANGE ROVER SPORT,-1,-1,0,-1
2024122500123,2024,122500123,2,9,0,17,19,1,7,0,0,6,0,0,0,0,3,1,1,1,1,55,8,4999,1,3,LAND ROVER RANGE ROVER SPORT,5,E01011202,0,4
2024531438831,2024,531438831,1,9,0,-1,19,3,7,-1,0,0,0,0,0,0,0,9,-1,6,3,-1,-1,2997,2,1,LAND ROVER RANGE ROVER SPORT,-1,-1,0,-1
2024541031324,2024,541031324,1,9,0,11,11,2,6,0,0,0,2,0,1,11,1,1,6,6,1,29,6,2720,2,16,LAND ROVER RANGE ROVER SPORT,5,E01018837,0,5
2024430417685,2024,430417685,2,9,0,5,5,5,1,0,0,1,1,10,5,1,1,1,6,6,1,43,7,2997,2,1,LAND ROVER RANGE ROVER SPORT,7,E01033959,0,4
2024440529640,2024,440529640,2,9,0,18,19,5,1,0,0,8,0,0,0,0,1,1,6,6,2,42,7,2993,2,8,LAND ROVER RANGE ROVER SPORT,8,E01017180,0,1
2024061510817,2024,061510817,1,9,0,-1,19,5,1,-1,0,0,0,0,7,0,1,1,-1,6,1,43,7,2993,2,9,LAND ROVER RANGE ROVER SPORT,1,E01006369,0,2
2024010502981,2024,010502981,2,9,0,5,5,5,1,0,0,1,0,0,0,0,1,1,6,6,1,38,7,2993,2,9,LAND ROVER RANGE ROVER SPORT,4,E01000846,0,1
2024471459159,2024,471459159,2,9,0,-1,2,0,0,-1,9,1,1,0,7,10,2,1,-1,6,-1,-1,-1,2720,2,17,LAND ROVER RANGE ROVER SPORT,-1,-1,0,-1
2024052402046,2024,052402046,2,9,0,18,19,7,3,0,0,1,0,0,0,0,3,1,6,6,1,34,6,2993,2,13,LAND ROVER RANGE ROVER SPORT,1,E01006863,0,2
2024052402084,2024,052402084,4,9,0,2,2,0,0,0,0,0,0,0,0,0,2,1,6,6,3,-1,-1,2997,2,0,LAND ROVER RANGE ROVER SPORT,-1,-1,0,-1
2024201423327,2024,201423327,1,9,0,-1,19,8,4,-1,0,0,1,4,7,0,1,1,-1,6,1,-1,-1,2993,2,10,LAND ROVER RANGE ROVER SPORT,2,E01033803,0,5
2024471532869,2024,471532869,2,9,0,-1,7,5,7,-1,0,0,0,0,1,0,4,1,-1,9,2,55,8,2993,2,13,LAND ROVER RANGE ROVER SPORT,4,E01031386,0,2
2024451487650,2024,451487650,2,9,0,-1,19,1,1,-1,0,4,0,0,0,0,1,9,-1,6,2,39,7,4999,1,3,LAND ROVER RANGE ROVER SPORT,4,E01030981,0,1
2024471504722,2024,471504722,2,9,0,-1,2,0,0,-1,0,1,0,0,0,0,2,1,-1,9,1,35,6,2720,2,16,LAND ROVER RANGE ROVER SPORT,7,E01031535,0,1
2024371409469,2024,371409469,1,9,0,-1,5,1,5,-1,0,4,0,0,0,0,1,1,-1,9,2,37,7,2993,2,6,LAND ROVER RANGE ROVER SPORT,9,E01032611,0,3
2024131444283,2024,131444283,1,9,0,-1,19,7,3,-1,0,0,0,0,0,0,4,1,-1,9,1,30,6,2720,2,18,LAND ROVER RANGE ROVER SPORT,7,E01011265,0,1
2024471406581,2024,471406581,1,9,0,-1,19,5,1,-1,0,0,0,0,0,0,2,1,-1,2,2,51,8,2996,1,0,LAND ROVER RANGE ROVER SPORT,4,E01031499,0,2
2024543170124,2024,543170124,2,9,0,5,5,7,5,0,0,6,0,0,0,0,0,1,6,6,1,60,9,2993,2,8,LAND ROVER RANGE ROVER SPORT,2,E01015528,0,1
2024361404528,2024,361404528,1,9,0,-1,19,6,3,-1,0,1,0,0,0,0,1,9,-1,6,1,38,7,2997,2,1,LAND ROVER RANGE ROVER SPORT,6,E01026535,0,4
2024991491732,2024,991491732,1,9,0,-1,9,8,5,-1,0,1,0,0,7,11,4,1,-1,9,1,41,7,4999,1,5,LAND ROVER RANGE ROVER SPORT,8,-1,0,4
2024201460355,2024,201460355,1,9,0,-1,11,4,8,-1,0,0,0,0,0,0,1,9,-1,9,1,27,6,2993,2,4,LAND ROVER RANGE ROVER SPORT,1,E01009195,0,1
2024302400885,2024,302400885,1,9,0,3,3,1,5,0,0,8,0,0,0,0,1,1,6,6,1,72,10,2997,2,2,LAND ROVER RANGE ROVER SPORT,9,E01019478,0,4
2024010516970,2024,010516970,1,9,4,18,19,6,2,0,0,2,0,0,0,0,4,1,6,6,1,36,7,2993,2,13,LAND ROVER RANGE ROVER SPORT,4,E01000531,0,1
2024440554074,2024,440554074,2,9,0,18,19,1,5,0,0,8,0,0,0,0,1,1,6,6,1,33,6,2993,2,12,LAND ROVER RANGE ROVER SPORT,5,E01022640,0,2
2024061521006,2024,061521006,4,9,0,-1,2,0,0,-1,0,0,0,0,0,0,1,1,-1,6,1,50,8,2993,2,8,LAND ROVER RANGE ROVER SPORT,1,E01005203,0,1
2024320363666,2024,320363666,1,9,0,-1,-1,6,2,0,0,1,0,0,0,0,1,1,6,6,2,51,8,2720,2,18,LAND ROVER RANGE ROVER SPORT,4,E01026070,0,2
2024131413322,2024,131413322,2,9,0,-1,19,5,1,-1,0,1,0,0,0,0,1,1,-1,9,1,42,7,2720,2,17,LAND ROVER RANGE ROVER SPORT,3,E01010980,0,1
2024141499336,2024,141499336,2,9,0,-1,2,0,0,-1,0,0,0,0,0,0,1,1,-1,6,-1,-1,-1,2720,2,18,LAND ROVER RANGE ROVER SPORT,-1,-1,0,-1
2024201517561,2024,201517561,2,9,0,-1,19,5,1,-1,0,0,0,0,0,0,1,1,-1,9,1,59,9,2996,8,0,LAND ROVER RANGE ROVER SPORT,2,W01001481,0,5
2024010525743,2024,010525743,1,9,0,99,99,9,9,99,99,9,9,99,9,99,1,9,6,6,2,34,6,2993,2,6,LAND ROVER RANGE ROVER SPORT,9,E01001098,0,1
2024451437345,2024,451437345,2,9,0,-1,9,4,8,-1,0,1,0,0,0,0,3,1,-1,9,2,51,8,2993,2,13,LAND ROVER RANGE ROVER SPORT,6,E01030681,0,1
2024201523959,2024,201523959,2,9,0,-1,10,3,1,-1,0,5,0,0,0,0,1,1,-1,6,2,33,6,2993,2,8,LAND ROVER RANGE ROVER SPORT,2,E01010073,0,1
2024411441213,2024,411441213,1,9,0,-1,19,4,8,-1,0,0,0,0,0,0,1,1,-1,6,1,44,7,2997,2,0,LAND ROVER RANGE ROVER SPORT,5,E01016577,0,4
2024061447377,2024,061447377,1,9,0,-1,19,7,3,-1,0,2,0,0,0,0,1,1,-1,9,1,69,10,2993,2,13,LAND ROVER RANGE ROVER SPORT,9,E01018585,0,3
2024430034916,2024,430034916,2,9,0,4,4,4,8,0,0,0,0,0,0,0,2,1,6,6,1,34,6,2993,2,4,LAND ROVER RANGE ROVER SPORT,9,E01035024,0,4
2024201441785,2024,201441785,2,9,0,-1,3,5,1,-1,0,0,0,0,0,0,2,1,-1,6,1,43,7,2993,2,10,LAND ROVER RANGE ROVER SPORT,1,E01009371,0,1
2024101398546,2024,101398546,1,9,0,-1,19,6,2,-1,0,0,0,0,0,0,1,1,-1,6,1,37,7,2720,2,18,LAND ROVER RANGE ROVER SPORT,2,E01008810,0,1
2024131456055,2024,131456055,2,9,0,-1,19,1,5,-1,0,8,0,0,0,0,3,1,-1,9,1,58,9,2993,2,12,LAND ROVER RANGE ROVER SPORT,8,E01010937,0,1
2024131501125,2024,131501125,2,9,0,-1,-1,-1,-1,-1,-1,0,-1,-1,-1,0,-1,1,-1,9,2,59,9,2996,8,0,LAND ROVER RANGE ROVER SPORT,8,E01034974,0,4
2024041489683,2024,041489683,1,9,0,-1,19,2,6,-1,0,0,0,0,0,0,3,1,-1,2,1,60,9,2997,2,3,LAND ROVER RANGE ROVER SPORT,7,E01025462,0,1
2024131458753,2024,131458753,2,9,0,-1,9,1,5,-1,0,8,0,0,0,0,3,1,-1,9,2,52,8,2993,2,14,LAND ROVER RANGE ROVER SPORT,1,E01010926,0,1
2024010521014,2024,010521014,2,9,0,7,7,5,7,0,0,1,0,0,0,0,3,1,6,6,1,44,7,1997,1,5,LAND ROVER RANGE ROVER SPORT,6,E01000161,0,1
202460Q018648,2024,60Q018648,2,9,0,18,19,4,8,0,0,0,0,0,0,0,1,1,6,6,1,66,10,2720,2,15,LAND ROVER RANGE ROVER SPORT,-1,-1,0,-1
2024010518971,2024,010518971,2,9,0,99,99,9,9,99,99,9,9,99,9,99,9,9,6,6,3,27,6,2997,2,2,LAND ROVER RANGE ROVER SPORT,5,E01002652,0,1
2024061529873,2024,061529873,1,9,0,-1,2,5,1,-1,0,0,0,0,0,0,2,1,-1,6,1,31,6,2993,2,5,LAND ROVER RANGE ROVER SPORT,-1,-1,0,-1
2024461428138,2024,461428138,1,9,0,-1,-1,3,1,-1,-1,0,0,0,0,0,3,9,-1,-1,3,26,6,2993,2,10,LAND ROVER RANGE ROVER SPORT,-1,-1,0,-1
2024451408713,2024,451408713,2,9,0,-1,19,7,3,-1,0,0,0,0,0,0,1,1,-1,6,2,27,6,2993,2,5,LAND ROVER RANGE ROVER SPORT,7,E01001223,0,4
2024361527615,2024,361527615,1,9,0,-1,19,3,7,-1,0,0,0,0,1,10,1,1,-1,9,2,33,6,2996,1,3,LAND ROVER RANGE ROVER SPORT,4,E01026511,0,3
2024461398041,2024,461398041,1,9,0,-1,19,6,2,-1,0,0,0,0,0,0,1,2,-1,6,1,79,11,2993,2,13,LAND ROVER RANGE ROVER SPORT,6,E01024680,0,1
2024221433177,2024,221433177,1,9,0,-1,19,2,6,-1,0,0,0,0,0,0,3,1,-1,6,1,51,8,2997,2,2,LAND ROVER RANGE ROVER SPORT,6,E01014133,0,1
2024471476574,2024,471476574,1,9,0,-1,9,8,6,-1,0,8,0,0,0,0,1,1,-1,9,1,49,8,2720,2,17,LAND ROVER RANGE ROVER SPORT,10,E01021151,0,1
2024430112650,2024,430112650,2,9,0,3,3,2,6,0,0,0,0,0,0,0,2,1,6,6,1,41,7,2993,2,8,LAND ROVER RANGE ROVER SPORT,-1,-1,0,-1
2024421517767,2024,421517767,2,9,0,-1,10,8,6,-1,9,0,0,0,0,0,4,1,-1,9,2,66,10,2993,2,5,LAND ROVER RANGE ROVER SPORT,9,E01021383,0,1
2024302401332,2024,302401332,1,3,0,13,13,7,3,0,0,8,1,7,0,0,1,1,6,6,1,14,3,124,1,9,MAKE AND MODEL REDACTED,8,E01013540,0,2
2024010540872,2024,010540872,1,3,0,3,3,1,5,0,0,8,0,0,0,0,1,1,6,6,1,35,6,124,1,11,MAKE AND MODEL REDACTED,3,E01034615,0,1
2024501460639,2024,501460639,1,3,0,-1,19,1,5,-1,0,0,2,0,0,0,4,1,-1,9,1,42,7,125,1,8,MAKE AND MODEL REDACTED,5,E01018948,0,2
2024311476235,2024,311476235,1,3,0,-1,19,5,1,-1,0,0,0,0,1,0,0,1,-1,1,1,23,5,125,1,8,MAKE AND MODEL REDACTED,-1,-1,0,-1
2024010527092,2024,010527092,2,9,0,18,19,1,5,0,0,1,0,0,0,0,1,1,6,6,1,38,7,3456,8,6,MAKE AND MODEL REDACTED,10,E01004106,0,1
2024010544577,2024,010544577,1,9,0,-1,-1,3,7,0,0,2,0,0,0,0,0,1,6,6,1,83,11,4969,1,4,MAKE AND MODEL REDACTED,5,E01002652,0,1
2024471417361,2024,471417361,3,9,0,-1,4,2,6,-1,0,0,0,0,0,0,2,1,-1,2,2,53,8,1595,1,7,MAKE AND MODEL REDACTED,4,E01020997,0,3
2024231498518,2024,231498518,3,9,0,-1,19,8,4,-1,0,0,0,0,0,0,3,9,-1,9,2,72,10,2143,2,7,MAKE AND MODEL REDACTED,6,E01005037,0,5
2024010529629,2024,010529629,1,9,0,9,9,1,8,0,0,6,0,0,0,0,1,1,6,6,2,40,7,1991,1,8,MAKE AND MODEL REDACTED,3,E01003574,0,1
2024211521874,2024,211521874,2,9,0,-1,19,4,8,-1,0,0,0,0,0,0,1,1,-1,6,2,53,8,2143,2,7,MAKE AND MODEL REDACTED,8,E01029652,0,1
2024421523487,2024,421523487,3,9,0,-1,19,8,3,-1,0,0,0,0,0,0,1,1,-1,9,1,79,11,2143,2,8,MAKE AND MODEL REDACTED,8,E01021729,0,1
2024461475789,2024,461475789,1,9,0,-1,19,8,4,-1,0,0,0,0,1,0,1,1,-1,9,1,80,11,1491,1,46,MAKE AND MODEL REDACTED,6,E01024522,0,1
2024221442506,2024,221442506,2,9,0,-1,19,7,5,-1,0,8,1,0,0,0,1,1,-1,6,1,25,5,1491,1,49,MAKE AND MODEL REDACTED,4,E01028532,0,4
2024131498412,2024,131498412,1,9,0,-1,7,3,5,-1,0,8,0,0,0,0,3,1,-1,9,2,41,7,1870,2,21,MAKE AND MODEL REDACTED,1,E01011750,0,1
2024010550039,2024,010550039,1,9,0,99,99,9,9,99,99,9,9,99,9,99,9,9,6,6,2,47,8,2995,1,0,PORSCHE CAYENNE,9,E01003808,0,1
2024461505465,2024,461505465,1,9,0,-1,19,6,8,-1,0,0,0,0,0,0,4,1,-1,6,2,43,7,3604,1,8,PORSCHE CAYENNE,5,E01024319,0,4
2024471469459,2024,471469459,1,9,0,-1,19,8,4,-1,0,0,0,0,0,0,-1,9,-1,6,3,-1,-1,2995,1,6,PORSCHE CAYENNE,-1,-1,0,-1
2024010548497,2024,010548497,2,9,0,99,99,9,9,99,99,9,9,99,9,99,9,9,6,6,1,43,7,3189,1,19,PORSCHE CAYENNE,3,E01004405,0,1
2024010535086,2024,010535086,2,9,0,99,99,9,9,0,0,9,9,99,9,99,1,9,6,6,3,-1,-1,2995,1,4,PORSCHE CAYENNE,2,E01003048,0,3
2024061450507,2024,061450507,2,9,0,-1,9,6,3,-1,0,2,0,0,0,0,3,2,-1,2,2,60,9,2967,2,8,PORSCHE CAYENNE,10,E01018667,0,2
2024340WN1032,2024,340WN1032,1,9,0,-1,19,2,6,-1,0,0,0,0,0,0,1,1,-1,9,1,45,7,2967,2,10,PORSCHE CAYENNE,6,E01027176,0,1
2024010537671,2024,010537671,1,9,0,18,19,6,2,0,0,1,0,0,0,0,1,1,6,6,1,37,7,3189,1,18,PORSCHE CAYENNE,9,E01001417,0,2
2024991470399,2024,991470399,2,9,0,-1,19,5,1,-1,0,0,0,1,0,0,1,1,-1,9,1,69,10,2995,1,0,PORSCHE CAYENNE,9,-1,0,4
2024052500332,2024,052500332,2,9,0,18,19,5,8,0,0,8,0,0,0,0,1,1,6,6,1,52,8,4134,2,7,PORSCHE CAYENNE,7,E01006795,0,1
2024010546734,2024,010546734,1,9,0,99,99,9,9,99,99,9,9,99,9,99,9,9,6,6,3,-1,-1,3996,1,0,PORSCHE CAYENNE,5,E01004501,0,2
2024451410431,2024,451410431,5,9,0,-1,19,3,7,-1,0,0,0,0,0,0,2,1,-1,9,1,46,8,2995,1,1,PORSCHE CAYENNE,5,E01001611,0,4
2024010536521,2024,010536521,1,9,0,8,8,5,7,0,0,3,0,0,0,0,1,1,3,7,1,45,7,2894,1,5,PORSCHE CAYENNE,6,E01001990,0,1
2024501472616,2024,501472616,1,9,0,-1,9,1,7,-1,0,1,0,0,0,0,1,1,-1,6,2,62,9,2995,1,2,PORSCHE CAYENNE,9,E01020248,0,2
2024010535247,2024,010535247,1,9,0,18,19,1,5,0,0,2,0,2,0,0,1,1,6,6,1,40,7,3996,8,4,PORSCHE CAYENNE,2,E01004702,0,1
2024201530251,2024,201530251,2,9,0,-1,19,8,4,-1,0,8,0,0,0,0,1,1,-1,9,1,30,6,4134,2,10,PORSCHE CAYENNE,-1,-1,0,-1
2024010509863,2024,010509863,2,9,0,99,99,9,9,99,99,9,9,99,9,99,9,9,6,6,2,49,8,2967,2,10,PORSCHE CAYENNE,4,E01004540,0,1
2024122400344,2024,122400344,2,9,0,18,19,5,1,0,0,0,0,0,0,0,2,1,6,6,2,27,6,2967,2,6,PORSCHE CAYENNE,8,E01027896,0,3
2024430181433,2024,430181433,1,9,0,1,1,6,2,0,0,1,0,0,0,0,2,1,6,6,2,47,8,2967,2,6,PORSCHE CAYENNE,-1,-1,0,-1
2024421535756,2024,421535756,3,9,0,-1,19,3,6,-1,0,0,0,0,0,0,2,1,-1,6,2,28,6,2995,1,5,PORSCHE CAYENNE,-1,-1,0,-1
2024131509956,2024,131509956,2,9,0,-1,5,1,5,-1,5,1,0,0,0,0,4,1,-1,9,2,36,7,2967,2,11,PORSCHE CAYENNE,1,E01010626,0,1
2024101503362,2024,101503362,1,9,-1,-1,19,8,4,-1,0,0,0,0,0,0,1,9,-1,6,2,42,7,2995,1,2,PORSCHE CAYENNE,-1,-1,0,-1
2024010515659,2024,010515659,1,9,0,18,19,3,7,0,0,0,0,0,0,0,2,1,6,6,1,49,8,2967,2,8,PORSCHE CAYENNE,4,E01004526,0,2
2024010538835,2024,010538835,1,9,0,17,19,3,7,9,9,5,1,10,1,3,1,1,6,6,1,36,7,4806,1,17,PORSCHE CAYENNE,-1,-1,0,-1
2024631527512,2024,631527512,3,9,0,-1,19,2,6,-1,0,0,1,6,1,11,1,1,-1,6,2,55,8,2995,1,1,PORSCHE CAYENNE,7,W01000470,0,3
2024131477002,2024,131477002,1,9,0,-1,19,3,7,-1,0,1,0,0,0,0,1,1,-1,6,2,56,9,2967,2,8,PORSCHE CAYENNE,2,E01011854,0,1
2024320731721,2024,320731721,1,9,0,-1,-1,7,3,0,0,0,1,0,1,11,1,1,6,6,1,49,8,4806,1,15,PORSCHE CAYENNE,6,E01026100,0,2
2024622400739,2024,622400739,4,9,0,2,2,0,0,0,0,1,0,0,0,0,1,1,6,6,3,-1,-1,2967,2,12,PORSCHE CAYENNE,-1,-1,0,-1
2024201447178,2024,201447178,2,9,0,-1,19,6,2,-1,0,8,0,0,0,0,3,1,-1,6,1,42,7,4806,1,16,PORSCHE CAYENNE,1,E01034925,0,1
2024010521792,2024,010521792,2,9,9,99,99,9,9,99,99,0,9,99,9,99,9,9,6,6,3,-1,-1,2995,1,6,PORSCHE CAYENNE,-1,-1,0,-1
2024461474599,2024,461474599,1,9,0,-1,15,7,3,-1,0,0,0,0,0,0,1,1,-1,6,1,46,8,4134,2,7,PORSCHE CAYENNE,5,E01024238,0,1
2024471528037,2024,471528037,1,9,0,-1,19,2,3,-1,0,2,0,0,0,0,2,1,-1,9,1,72,10,2995,8,7,PORSCHE CAYENNE,8,E01021147,0,1
2024451494625,2024,451494625,2,9,0,-1,19,3,7,-1,0,8,0,0,0,0,1,1,-1,2,1,28,6,4806,1,8,PORSCHE CAYENNE,9,E01001028,0,2
2024131412996,2024,131412996,1,9,0,-1,19,-1,-1,-1,-1,1,-1,-1,-1,0,-1,1,-1,6,3,40,7,3996,8,4,PORSCHE CAYENNE,-1,-1,0,-1
2024421467506,2024,421467506,1,9,0,-1,1,1,5,-1,0,0,0,0,0,0,2,1,-1,9,1,-1,-1,2995,8,13,PORSCHE CAYENNE,-1,-1,0,-1
2024122500472,2024,122500472,1,9,0,5,5,8,4,0,0,2,0,0,0,0,3,1,6,6,1,63,9,3189,1,20,PORSCHE CAYENNE,6,E01027741,0,1
2024451487943,2024,451487943,1,9,0,-1,19,5,1,-1,0,0,0,0,0,0,1,1,-1,2,1,35,6,3996,1,1,PORSCHE CAYENNE,6,E01016874,0,4
2024332400588,2024,332400588,1,9,0,-1,9,3,8,-1,0,6,0,0,0,0,1,1,-1,2,2,39,7,2995,8,0,PORSCHE CAYENNE,8,W01001392,0,5
2024010542752,2024,010542752,1,9,0,5,5,3,7,0,0,0,0,0,0,0,1,2,6,6,2,32,6,2995,1,3,PORSCHE CAYENNE,8,E01004703,0,1
2024201444563,2024,201444563,1,9,0,-1,5,2,6,-1,0,0,0,0,0,0,1,1,-1,6,1,30,6,3996,1,1,PORSCHE CAYENNE,-1,-1,0,-1
2024010521676,2024,010521676,1,9,0,9,9,1,7,0,0,5,0,0,0,0,2,1,6,6,1,62,9,4511,1,20,PORSCHE CAYENNE,-1,-1,0,-1