collision_index,collision_year,collision_ref_no,vehicle_reference,vehicle_type,towing_and_articulation,vehicle_manoeuvre_historic,vehicle_manoeuvre,vehicle_direction_from,vehicle_direction_to,vehicle_location_restricted_lane_historic,vehicle_location_restricted_lane,junction_location,skidding_and_overturning,hit_object_in_carriageway,vehicle_leaving_carriageway,hit_object_off_carriageway,first_point_of_impact,vehicle_left_hand_drive,journey_purpose_of_driver_historic,journey_purpose_of_driver,sex_of_driver,age_of_driver,age_band_of_driver,engine_capacity_cc,propulsion_code,age_of_vehicle,generic_make_model,driver_imd_decile,lsoa_of_driver,escooter_flag,driver_distance_banding
2024010493163,2024,010493163,1,9,0,2,2,0,0,0,0,0,0,0,0,0,0,9,6,6,3,-1,-1,1598,1,11,VAUXHALL ZAFIRA,-1,-1,0,-1
2024320495556,2024,320495556,1,9,0,7,7,4,6,0,0,6,0,0,7,0,1,1,-1,-1,2,43,7,1364,1,9,VAUXHALL ZAFIRA,2,E01035539,0,4
2024371491284,2024,371491284,1,9,0,-1,-1,-1,-1,-1,0,0,0,0,0,0,-1,1,-1,9,1,-1,-1,1598,1,15,VAUXHALL ZAFIRA,-1,-1,0,-1
2024010532366,2024,010532366,1,9,0,18,19,7,3,0,0,2,0,0,0,0,1,1,3,7,2,49,8,1796,1,16,VAUXHALL ZAFIRA,9,E01000453,0,1
2024471457404,2024,471457404,2,9,0,-1,2,0,0,-1,9,0,0,0,0,0,4,1,-1,6,-1,-1,-1,1598,1,20,VAUXHALL ZAFIRA,-1,-1,0,-1
2024010528274,2024,010528274,2,9,0,2,2,0,0,0,0,5,0,0,0,0,2,1,6,6,3,-1,-1,1796,1,14,VAUXHALL ZAFIRA,-1,-1,0,-1
2024520402161,2024,520402161,1,9,0,3,3,5,1,0,0,0,0,0,0,0,2,1,6,6,2,-1,-1,1686,2,13,VAUXHALL ZAFIRA,1,E01029107,0,3
2024440360755,2024,440360755,1,9,0,18,19,7,3,0,0,1,0,0,0,0,1,1,6,6,1,33,6,1796,1,10,VAUXHALL ZAFIRA,4,E01022817,0,1
2024501447309,2024,501447309,1,9,0,-1,19,1,3,-1,0,6,0,0,0,0,1,1,-1,9,2,62,9,1364,1,10,VAUXHALL ZAFIRA,6,E01018824,0,1
2024111394627,2024,111394627,1,9,0,-1,19,8,4,-1,0,0,0,0,0,0,1,1,-1,6,1,33,6,1598,2,6,VAUXHALL ZAFIRA,10,E01012339,0,2
2024552401105,2024,552401105,2,9,0,3,3,2,6,0,0,1,0,0,0,0,2,1,6,6,2,33,6,1910,2,17,VAUXHALL ZAFIRA,1,E01029247,0,4
2024552401154,2024,552401154,1,9,0,18,19,8,4,0,0,8,0,0,7,11,3,1,6,6,2,23,5,1956,2,11,VAUXHALL ZAFIRA,3,E01020543,0,1
2024201451410,2024,201451410,1,9,0,-1,9,7,3,-1,0,0,0,0,0,0,1,9,-1,6,1,32,6,1364,1,7,VAUXHALL ZAFIRA,2,E01009930,0,2
2024461450777,2024,461450777,2,9,0,-1,19,4,6,-1,0,1,0,0,0,0,1,1,-1,6,1,40,7,1598,1,11,VAUXHALL ZAFIRA,8,E01024098,0,1
2024302401387,2024,302401387,1,9,0,18,19,8,4,0,0,8,0,0,0,0,3,1,6,6,2,46,8,1598,1,18,VAUXHALL ZAFIRA,-1,-1,0,-1
2024320496041,2024,320496041,3,9,0,4,4,8,4,0,0,1,0,0,0,0,1,1,6,6,2,53,8,1796,1,18,VAUXHALL ZAFIRA,1,E01026308,0,1
2024421481968,2024,421481968,1,9,0,-1,9,4,1,-1,0,2,0,0,0,0,1,1,-1,9,1,65,9,1796,1,10,VAUXHALL ZAFIRA,1,E01021990,0,1
2024501460158,2024,501460158,1,9,0,-1,19,8,4,-1,0,0,2,0,2,10,4,1,-1,9,1,55,8,1686,2,10,VAUXHALL ZAFIRA,2,E01018949,0,3
2024461407861,2024,461407861,1,9,0,-1,9,1,5,-1,0,5,1,0,0,0,1,1,-1,6,2,36,7,1796,1,14,VAUXHALL ZAFIRA,5,E01024243,0,4
2024501520513,2024,501520513,1,9,0,-1,19,5,1,-1,0,1,0,0,0,0,2,1,-1,9,2,31,6,1598,1,20,VAUXHALL ZAFIRA,3,E01018937,0,4
2024061473352,2024,061473352,1,9,0,-1,19,-1,-1,-1,0,1,0,0,0,0,1,1,-1,9,1,40,7,1598,1,14,VAUXHALL ZAFIRA,2,E01005915,0,1
2024010503159,2024,010503159,1,9,0,99,99,9,9,99,99,9,9,99,9,99,9,9,6,6,3,56,9,1364,1,8,VAUXHALL ZAFIRA,3,E01001638,0,1
2024471443760,2024,471443760,1,9,0,-1,19,3,8,-1,0,1,0,0,0,0,4,1,-1,2,1,33,6,1910,2,17,VAUXHALL ZAFIRA,2,E01034827,0,1
2024041503584,2024,041503584,1,9,0,-1,5,5,3,-1,0,8,0,0,0,0,1,1,-1,6,2,41,7,1598,1,17,VAUXHALL ZAFIRA,1,E01012571,0,1
2024440096525,2024,440096525,2,9,0,17,19,8,5,0,0,1,0,0,0,0,1,1,2,2,1,48,8,1956,2,9,VAUXHALL ZAFIRA,4,E01017013,0,1
2024320305569,2024,320305569,2,8,0,-1,-1,5,1,0,0,1,0,0,0,0,1,-1,1,1,1,61,9,1956,2,9,VAUXHALL ZAFIRA,-1,-1,0,-1
2024010549628,2024,010549628,1,9,0,18,19,5,1,0,0,0,0,0,0,0,1,1,2,2,1,32,6,1364,1,6,VAUXHALL ZAFIRA,9,E01004073,0,1
2024320260973,2024,320260973,2,9,0,-1,-1,1,5,0,0,0,0,0,0,0,2,2,6,6,1,77,11,1796,1,11,VAUXHALL ZAFIRA,9,E01027745,0,5
2024361451817,2024,361451817,2,8,0,-1,4,3,7,-1,0,0,0,0,0,0,2,1,-1,1,1,33,6,1956,2,10,VAUXHALL ZAFIRA,6,E01026664,0,1
2024201520227,2024,201520227,1,9,0,-1,9,4,1,-1,0,5,0,0,0,0,1,1,-1,6,-1,-1,-1,1956,2,12,VAUXHALL ZAFIRA,-1,-1,0,-1
2024451493322,2024,451493322,2,9,0,-1,99,5,1,-1,0,5,0,0,0,0,1,1,-1,6,2,35,6,1364,1,9,VAUXHALL ZAFIRA,-1,-1,0,-1
2024161402242,2024,161402242,1,9,0,-1,19,5,1,-1,0,0,0,0,0,0,1,1,-1,6,3,-1,-1,1364,1,9,VAUXHALL ZAFIRA,-1,-1,0,-1
2024401449334,2024,401449334,2,9,0,-1,19,6,1,-1,0,0,0,0,7,11,4,1,-1,2,1,50,8,1364,1,9,VAUXHALL ZAFIRA,7,E01023832,0,4
2024201488646,2024,201488646,2,9,0,-1,19,8,4,-1,0,0,0,0,0,0,2,1,-1,6,2,52,8,1796,1,10,VAUXHALL ZAFIRA,5,E01009032,0,1
2024010517002,2024,010517002,2,9,0,10,10,5,2,0,0,4,0,0,0,0,2,1,6,6,1,38,7,1364,1,7,VAUXHALL ZAFIRA,-1,-1,0,-1
2024302401501,2024,302401501,1,9,0,14,14,8,4,0,0,1,0,0,0,0,4,1,6,6,1,34,6,1956,2,11,VAUXHALL ZAFIRA,4,E01019522,0,1
2024010522206,2024,010522206,2,9,0,99,99,9,9,99,99,9,9,99,9,99,9,9,6,6,3,-1,-1,1598,1,14,VAUXHALL ZAFIRA,4,E01000912,0,1
2024991464449,2024,991464449,1,9,0,-1,19,8,4,-1,0,0,1,6,0,0,1,1,-1,9,1,34,6,1598,1,16,VAUXHALL ZAFIRA,2,-1,0,2
2024501487295,2024,501487295,1,9,0,-1,19,5,1,-1,0,0,0,0,0,0,1,1,-1,9,2,44,7,1362,1,12,VAUXHALL ZAFIRA,6,E01003435,0,5
2024052400861,2024,052400861,2,9,0,2,2,0,0,0,0,1,0,0,0,0,2,1,6,6,3,-1,-1,1598,2,8,VAUXHALL ZAFIRA,-1,-1,0,-1
2024061473021,2024,061473021,1,9,0,-1,6,3,3,-1,0,0,0,0,0,0,3,1,-1,9,2,33,6,1956,2,10,VAUXHALL ZAFIRA,2,E01005105,0,1
2024430156306,2024,430156306,1,9,0,18,19,1,5,0,0,1,0,0,0,0,1,1,6,6,3,30,6,1796,1,15,VAUXHALL ZAFIRA,-1,-1,0,-1
2024440500464,2024,440500464,1,9,0,9,9,7,5,0,0,8,0,0,0,0,1,1,6,6,1,51,8,1364,1,6,VAUXHALL ZAFIRA,3,E01022482,0,1
2024547277424,2024,547277424,2,9,0,18,19,5,1,0,0,1,0,0,0,0,1,1,6,6,1,36,7,1364,1,8,VAUXHALL ZAFIRA,1,E01015541,0,1
2024052402538,2024,052402538,2,9,0,18,19,7,3,0,0,0,0,0,0,0,2,1,6,6,1,69,10,1686,2,11,VAUXHALL ZAFIRA,2,E01012402,0,3
2024320666716,2024,320666716,2,9,0,-1,-1,6,2,0,0,8,0,0,0,0,1,1,6,6,1,29,6,1796,1,10,VAUXHALL ZAFIRA,1,E01026168,0,1
2024552400672,2024,552400672,2,8,0,18,19,4,8,0,0,0,0,0,0,0,3,1,1,1,2,52,8,1910,2,16,VAUXHALL ZAFIRA,5,E01020490,0,1
2024440176823,2024,440176823,1,9,0,18,19,6,2,0,0,0,0,0,0,0,2,1,6,6,2,54,8,1598,1,12,VAUXHALL ZAFIRA,5,E01031523,0,4
2024131440620,2024,131440620,2,9,0,-1,13,5,1,-1,0,1,0,0,0,0,1,1,-1,9,1,41,7,1956,2,9,VAUXHALL ZAFIRA,1,E01011475,0,2
2024991536080,2024,991536080,1,9,0,-1,19,6,1,-1,0,1,0,0,0,0,1,1,-1,6,1,49,8,1796,1,9,VAUXHALL ZAFIRA,4,-1,0,3
2024320683275,2024,320683275,2,9,0,-1,-1,8,4,0,0,0,0,0,0,0,3,1,-1,-1,2,62,9,1364,1,7,VAUXHALL ZAFIRA,8,E01026035,0,4
2024010539053,2024,010539053,2,9,0,7,7,9,9,99,99,9,9,99,9,99,9,9,6,6,3,-1,-1,1364,1,8,VAUXHALL ZAFIRA,-1,-1,0,-1
2024501444797,2024,501444797,2,9,0,-1,3,7,3,-1,0,1,0,0,0,0,2,1,-1,6,2,49,8,1686,2,13,VAUXHALL ZAFIRA,3,E01015161,0,2
2024471445686,2024,471445686,3,9,0,-1,19,5,1,-1,0,1,1,0,0,0,1,1,-1,6,2,57,9,1796,1,20,VAUXHALL ZAFIRA,3,E01016926,0,1
202460Q080441,2024,60Q080441,1,9,0,7,7,7,1,0,0,4,0,0,0,0,3,1,6,6,2,32,6,1910,2,14,VAUXHALL ZAFIRA,-1,-1,0,-1
2024440489770,2024,440489770,1,9,0,10,10,7,3,0,0,1,0,0,0,0,3,1,6,6,1,63,9,1598,1,11,VAUXHALL ZAFIRA,10,E01022856,0,1
2024440013583,2024,440013583,2,9,0,18,19,2,6,0,0,0,5,0,4,0,3,1,6,6,1,74,10,1598,1,13,VAUXHALL ZAFIRA,2,E01018911,0,5
2024221469660,2024,221469660,1,9,0,-1,9,5,2,-1,0,0,1,4,0,0,1,1,-1,6,2,32,6,1910,2,18,VAUXHALL ZAFIRA,3,E01033246,0,1
2024991407384,2024,991407384,1,9,0,-1,9,3,1,-1,0,5,0,0,0,0,1,1,-1,2,2,51,8,1598,1,11,VAUXHALL ZAFIRA,2,-1,0,1
2024201430515,2024,201430515,1,9,0,-1,19,1,1,-1,0,0,0,0,0,0,1,9,-1,6,1,39,7,1956,2,9,VAUXHALL ZAFIRA,1,E01009329,0,1
2024010520347,2024,010520347,1,9,0,99,99,9,9,99,99,0,9,99,9,99,2,9,1,1,1,43,7,1364,1,8,VAUXHALL ZAFIRA,2,E01001840,0,2
2024131422272,2024,131422272,2,9,0,-1,19,1,1,-1,0,4,0,0,0,0,1,2,-1,6,3,-1,-1,1796,1,16,VAUXHALL ZAFIRA,-1,-1,0,-1
2024522500159,2024,522500159,3,9,0,18,19,4,8,0,0,0,0,0,0,0,1,1,6,6,1,28,6,1796,1,18,VAUXHALL ZAFIRA,4,E01014650,0,1
2024131527029,2024,131527029,1,9,0,-1,9,5,1,-1,0,0,0,0,0,0,1,2,-1,6,2,48,8,1956,2,10,VAUXHALL ZAFIRA,2,E01011321,0,1
2024320597183,2024,320597183,2,9,0,10,10,3,1,0,0,1,0,0,0,0,2,1,6,6,1,43,7,1956,2,10,VAUXHALL ZAFIRA,3,E01013164,0,3
2024361495520,2024,361495520,1,9,0,-1,19,1,5,-1,0,1,0,0,0,0,1,1,-1,6,2,42,7,1598,1,18,VAUXHALL ZAFIRA,2,E01030246,0,3
2024131434955,2024,131434955,2,9,0,-1,9,5,2,-1,0,2,0,0,0,0,1,1,-1,9,1,49,8,1686,2,12,VAUXHALL ZAFIRA,2,E01011926,0,1
2024041485590,2024,041485590,2,9,0,-1,19,7,3,-1,0,0,0,0,1,0,1,1,-1,2,1,37,7,1910,2,15,VAUXHALL ZAFIRA,3,E01006780,0,3
2024141473635,2024,141473635,2,9,0,-1,19,1,5,-1,0,1,0,0,0,0,0,1,-1,6,2,50,8,1796,1,10,VAUXHALL ZAFIRA,9,E01012919,0,4
2024543576124,2024,543576124,1,9,0,5,5,6,2,0,0,4,0,0,0,0,1,1,6,6,1,39,7,1910,2,14,VAUXHALL ZAFIRA,4,E01031851,0,3
2024010503434,2024,010503434,2,9,0,12,12,3,7,0,0,8,0,0,0,0,2,1,6,6,1,43,7,1686,2,13,VAUXHALL ZAFIRA,5,E01015750,0,4
2024211442908,2024,211442908,1,9,0,-1,19,2,6,-1,0,0,1,0,0,0,3,9,-1,6,2,57,9,1364,1,8,VAUXHALL ZAFIRA,2,E01014276,0,1
2024631460069,2024,631460069,1,9,0,-1,19,7,4,-1,0,2,0,0,0,0,1,1,-1,9,1,35,6,1598,1,11,VAUXHALL ZAFIRA,8,W01000445,0,3
2024221476391,2024,221476391,2,9,0,-1,19,8,4,-1,0,8,0,0,0,0,3,1,-1,6,2,60,9,1598,1,14,VAUXHALL ZAFIRA,9,W01000910,0,5
2024440195569,2024,440195569,1,9,0,18,19,8,4,0,0,0,0,4,0,0,1,1,6,6,1,76,11,1910,2,18,VAUXHALL ZAFIRA,7,E01022880,0,1
2024161467403,2024,161467403,2,9,0,-1,19,8,4,-1,0,1,0,0,0,0,1,1,-1,2,2,48,8,1796,1,13,VAUXHALL ZAFIRA,5,E01013287,0,4
2024131431642,2024,131431642,2,9,0,-1,19,5,1,-1,0,8,0,0,0,0,1,1,-1,2,1,26,6,1956,2,12,VAUXHALL ZAFIRA,1,E01011476,0,1
202460Q084531,2024,60Q084531,1,9,0,18,19,4,8,0,0,1,0,0,0,0,1,1,6,6,2,85,11,1796,1,11,VAUXHALL ZAFIRA,-1,-1,0,-1
2024991533413,2024,991533413,2,9,0,-1,19,7,4,-1,0,8,0,0,0,0,1,1,-1,6,1,45,7,1956,2,10,VAUXHALL ZAFIRA,-1,-1,0,-1
2024010550174,2024,010550174,2,9,0,99,99,9,9,99,99,9,9,99,9,99,2,9,6,6,2,45,7,1598,1,15,VAUXHALL ZAFIRA,4,E01003530,0,1
2024991426743,2024,991426743,1,9,0,-1,15,3,7,-1,0,0,0,0,0,0,4,1,-1,9,1,58,9,1796,1,10,VAUXHALL ZAFIRA,-1,-1,0,-1
2024340WN2852,2024,340WN2852,2,9,0,-1,19,3,2,-1,0,8,0,0,0,0,3,1,-1,2,1,38,7,1686,2,11,VAUXHALL ZAFIRA,-1,-1,0,-1
2024010489738,2024,010489738,5,9,0,2,2,0,0,0,0,1,0,0,0,0,3,1,6,6,3,-1,-1,1598,1,18,VAUXHALL ZAFIRA,-1,-1,0,-1
2024461404621,2024,461404621,1,9,0,-1,4,1,5,-1,0,0,0,0,0,0,2,9,-1,6,1,62,9,1364,1,8,VAUXHALL ZAFIRA,10,E01000357,0,2
2024122400276,2024,122400276,2,9,0,7,7,4,6,0,0,1,0,0,0,0,1,1,6,6,1,57,9,1956,2,10,VAUXHALL ZAFIRA,6,E01030938,0,5
2024461480542,2024,461480542,1,9,0,-1,19,2,7,-1,0,0,0,0,0,0,3,1,-1,6,2,57,9,1796,1,15,VAUXHALL ZAFIRA,10,E01024471,0,1
2024311396702,2024,311396702,1,9,0,-1,2,4,8,-1,0,2,0,0,0,0,1,1,-1,6,2,35,6,1956,2,9,VAUXHALL ZAFIRA,2,E01013904,0,1
2024010544974,2024,010544974,2,9,9,99,99,9,9,99,99,4,9,99,9,99,9,9,6,6,3,33,6,1364,1,10,VAUXHALL ZAFIRA,3,E01003627,0,1
202417M117424,2024,17M117424,1,9,0,-1,19,8,4,-1,0,4,0,0,0,0,1,1,-1,2,2,43,7,1598,1,11,VAUXHALL ZAFIRA,7,E01012189,0,2
2024201524609,2024,201524609,2,9,0,-1,19,6,2,-1,0,0,0,0,0,0,0,1,-1,6,2,33,6,1956,2,11,VAUXHALL ZAFIRA,5,E01009916,0,2
2024041459322,2024,041459322,2,9,0,-1,4,5,1,-1,0,1,0,0,0,0,2,1,-1,6,1,46,8,1796,1,10,VAUXHALL ZAFIRA,6,E01025330,0,1
2024461429592,2024,461429592,1,9,0,-1,19,6,2,-1,0,8,0,0,0,0,1,9,-1,6,2,48,8,1956,2,10,VAUXHALL ZAFIRA,5,E01024086,0,1
2024401498958,2024,401498958,1,9,0,-1,5,5,2,-1,0,1,0,0,0,0,1,1,-1,7,1,47,8,1910,2,14,VAUXHALL ZAFIRA,4,E01017522,0,1
2024451441505,2024,451441505,2,9,0,-1,3,5,1,-1,0,0,0,0,0,0,-1,9,-1,6,3,35,6,1598,1,12,VAUXHALL ZAFIRA,-1,-1,0,-1
2024451497409,2024,451497409,1,9,0,-1,1,1,5,-1,0,0,0,0,0,0,4,1,-1,6,2,45,7,1598,1,20,VAUXHALL ZAFIRA,-1,-1,0,-1
2024501457003,2024,501457003,2,9,0,-1,19,3,7,-1,0,0,0,0,0,0,1,1,-1,1,2,36,7,1598,1,16,VAUXHALL ZAFIRA,8,E01015119,0,1
2024221403827,2024,221403827,1,8,0,-1,9,8,6,-1,0,5,0,0,0,0,1,9,-1,1,1,27,6,1364,1,9,VAUXHALL ZAFIRA,8,E01032226,0,1
2024520401326,2024,520401326,2,9,0,2,2,0,0,0,0,1,0,0,1,11,2,1,6,6,3,-1,-1,1956,2,10,VAUXHALL ZAFIRA,-1,-1,0,-1
2024451507785,2024,451507785,1,9,0,-1,19,8,4,-1,0,1,1,0,7,1,1,1,-1,9,1,33,6,1598,1,17,VAUXHALL ZAFIRA,4,E01030793,0,1
2024010539425,2024,010539425,2,9,0,99,99,9,9,4,4,6,0,0,0,0,1,9,6,6,1,41,7,1364,1,8,VAUXHALL ZAFIRA,3,E01001589,0,1
2024340NN1782,2024,340NN1782,2,9,0,-1,19,1,5,-1,0,2,0,0,0,0,1,1,-1,9,2,35,6,1956,2,9,VAUXHALL ZAFIRA,3,E01026969,0,1
2024211482638,2024,211482638,1,9,0,-1,19,0,0,-1,0,1,0,0,0,0,1,1,-1,9,1,34,6,1796,1,17,VAUXHALL ZAFIRA,4,E01014268,0,1
2024052401728,2024,052401728,2,9,0,18,19,8,4,0,0,8,0,0,0,0,3,1,6,6,1,37,7,1910,2,16,VAUXHALL ZAFIRA,4,E01007046,0,2
2024440294968,2024,440294968,1,9,0,18,19,8,4,0,0,8,0,0,0,0,1,1,6,6,1,5,1,1796,1,10,VAUXHALL ZAFIRA,1,E01017035,0,1
2024351522199,2024,351522199,3,9,0,-1,19,5,1,-1,0,0,0,0,0,0,2,1,-1,9,2,52,8,1686,2,11,VAUXHALL ZAFIRA,6,E01015620,0,3
2024201491676,2024,201491676,1,9,0,-1,19,7,3,-1,0,8,0,0,0,0,1,1,-1,9,2,63,9,1598,1,13,VAUXHALL ZAFIRA,4,E01009236,0,1
2024501472137,2024,501472137,1,9,0,-1,99,3,5,-1,0,1,0,0,0,0,4,1,-1,9,2,30,6,1686,2,13,VAUXHALL ZAFIRA,2,E01015182,0,1
2024131470299,2024,131470299,2,9,0,-1,9,2,4,-1,0,1,0,0,0,0,1,1,-1,2,1,58,9,1910,2,16,VAUXHALL ZAFIRA,3,E01011449,0,1
2024371430948,2024,371430948,2,9,0,-1,19,6,2,-1,0,0,0,0,7,0,1,1,-1,6,1,57,9,1598,2,7,VAUXHALL ZAFIRA,9,E01030085,0,3
2024501502775,2024,501502775,2,9,0,-1,19,7,3,-1,0,0,0,0,0,0,1,1,-1,6,2,53,8,1910,2,17,VAUXHALL ZAFIRA,5,E01018904,0,3
2024451450286,2024,451450286,1,9,0,-1,19,7,3,-1,0,1,0,0,0,0,1,1,-1,9,1,56,9,1598,1,11,VAUXHALL ZAFIRA,5,E01030663,0,1
2024430129766,2024,430129766,1,9,0,18,19,5,1,0,0,8,0,0,0,0,1,1,6,6,1,-1,-1,1910,2,17,VAUXHALL ZAFIRA,-1,-1,0,-1
2024461481125,2024,461481125,1,9,0,-1,19,5,1,-1,0,1,0,0,0,0,1,1,-1,9,2,76,11,1598,2,9,VAUXHALL ZAFIRA,4,E01024656,0,1
2024010514382,2024,010514382,2,9,0,99,99,9,9,99,99,9,9,99,9,99,9,9,6,6,3,-1,-1,1364,1,7,VAUXHALL ZAFIRA,-1,-1,0,-1
2024010511808,2024,010511808,2,9,0,3,3,8,4,0,0,1,0,0,0,0,1,1,6,6,3,40,7,1796,1,13,VAUXHALL ZAFIRA,2,E01003600,0,1
2024461443774,2024,461443774,1,9,0,-1,5,1,5,-1,0,1,0,0,0,0,1,9,-1,6,1,38,7,1796,1,18,VAUXHALL ZAFIRA,4,E01024281,0,3
2024201492479,2024,201492479,1,9,0,-1,7,3,5,-1,0,3,0,0,0,0,3,9,-1,1,1,30,6,1686,2,10,VAUXHALL ZAFIRA,2,E01009082,0,3
2024061531953,2024,061531953,1,9,0,-1,6,7,3,-1,0,0,0,0,0,0,1,2,-1,9,1,33,6,1686,2,12,VAUXHALL ZAFIRA,1,E01034113,0,1
2024111500942,2024,111500942,1,9,0,-1,9,1,7,-1,0,2,0,0,0,0,1,1,-1,6,2,30,6,1598,1,16,VAUXHALL ZAFIRA,1,E01012318,0,1
2024549349524,2024,549349524,1,9,0,7,7,6,2,0,0,6,0,0,0,0,1,1,6,6,2,38,7,1956,2,10,VAUXHALL ZAFIRA,6,E01015568,0,2
2024401553339,2024,401553339,1,9,0,-1,19,7,3,-1,0,4,0,0,0,0,1,1,-1,6,1,83,11,1910,2,15,VAUXHALL ZAFIRA,10,E01017553,0,1
2024501485052,2024,501485052,1,9,0,-1,19,7,3,-1,0,1,1,0,0,0,1,1,-1,6,1,60,9,1598,1,23,VAUXHALL ZAFIRA,4,E01020052,0,1
2024332400589,2024,332400589,1,9,0,-1,3,5,1,-1,0,0,0,0,0,0,3,1,-1,9,2,47,8,1598,1,17,VAUXHALL ZAFIRA,1,E01013726,0,1
2024052402179,2024,052402179,1,9,0,18,19,2,6,0,0,0,0,4,0,0,1,1,6,6,1,49,8,1796,1,21,VAUXHALL ZAFIRA,3,E01006925,0,1
2024010491958,2024,010491958,1,9,0,18,19,5,1,0,0,0,0,0,0,0,1,1,6,6,1,61,9,1796,1,10,VAUXHALL ZAFIRA,9,E01000461,0,2
2024101439938,2024,101439938,2,9,0,-1,19,1,1,-1,0,1,0,0,0,0,1,1,-1,6,2,35,6,1598,1,11,VAUXHALL ZAFIRA,7,E01008273,0,1
2024122500146,2024,122500146,1,9,0,10,10,3,7,0,0,1,0,0,0,0,2,1,6,6,2,37,7,1364,1,7,VAUXHALL ZAFIRA,3,E01027749,0,1
2024522402823,2024,522402823,1,9,0,18,19,2,6,0,0,8,0,0,2,1,1,1,6,6,1,37,7,1796,1,18,VAUXHALL ZAFIRA,5,E01035222,0,2
2024031506169,2024,031506169,2,9,0,-1,3,2,5,-1,0,2,0,0,0,0,1,2,-1,1,2,29,6,1598,1,11,VAUXHALL ZAFIRA,-1,-1,0,-1
2024302401175,2024,302401175,1,9,0,9,9,4,2,0,0,8,0,0,0,0,1,1,6,6,2,37,7,1598,1,11,VAUXHALL ZAFIRA,9,E01019825,0,1
2024401498958,2024,401498958,2,9,0,-1,3,5,1,-1,0,1,0,0,0,0,2,1,-1,6,1,52,8,1598,1,17,VAUXHALL ZAFIRA,3,E01017539,0,1
2024010520970,2024,010520970,2,9,0,99,99,9,9,99,99,9,9,99,9,99,9,9,6,6,3,-1,-1,1598,1,15,VAUXHALL ZAFIRA,-1,-1,0,-1
2024010506405,2024,010506405,1,9,0,18,19,3,7,0,0,1,0,0,0,0,1,1,6,6,1,54,8,1796,7,10,VAUXHALL ZAFIRA,2,E01000544,0,2
2024545093624,2024,545093624,1,9,0,3,3,8,4,0,0,4,0,0,0,0,1,1,3,7,1,36,7,1598,1,11,VAUXHALL ZAFIRA,5,E01015479,0,1
2024010516510,2024,010516510,2,9,0,99,99,9,9,99,99,9,9,99,9,99,1,9,6,6,3,90,11,1598,1,15,VAUXHALL ZAFIRA,6,E01004475,0,1
2024201501769,2024,201501769,1,9,0,-1,19,5,1,-1,0,4,0,0,0,0,3,1,-1,6,1,50,8,1796,1,13,VAUXHALL ZAFIRA,1,E01008923,0,1
2024411411976,2024,411411976,2,9,0,-1,9,5,7,-1,0,5,0,0,0,0,3,1,-1,6,2,65,9,1956,2,8,VAUXHALL ZAFIRA,5,E01023611,0,1
2024440133533,2024,440133533,2,9,0,4,4,8,4,0,0,0,0,0,0,0,2,1,6,6,2,38,7,1956,2,10,VAUXHALL ZAFIRA,10,E01022606,0,4
2024332401109,2024,332401109,3,9,0,-1,19,1,5,-1,0,0,0,0,0,0,3,1,-1,9,1,36,7,1364,1,7,VAUXHALL ZAFIRA,8,E01027218,0,4
2024340NN4632,2024,340NN4632,1,9,0,-1,19,7,3,-1,0,1,0,0,0,0,1,1,-1,6,3,-1,-1,1598,1,15,VAUXHALL ZAFIRA,-1,-1,0,-1
202454E217024,2024,54E217024,1,9,0,17,19,4,8,0,0,0,1,0,7,0,4,1,2,2,1,32,6,1598,1,17,VAUXHALL ZAFIRA,4,E01031980,0,1
202454D887324,2024,54D887324,1,9,0,18,19,1,5,0,0,1,0,0,0,0,2,1,6,6,3,-1,-1,1598,1,14,VAUXHALL ZAFIRA,-1,-1,0,-1
2024010516951,2024,010516951,1,9,0,18,19,3,7,7,6,0,0,0,0,0,4,1,6,6,1,50,8,1364,1,9,VAUXHALL ZAFIRA,-1,-1,0,-1
2024201486942,2024,201486942,1,9,0,-1,7,5,1,-1,0,1,0,10,1,0,1,9,-1,6,1,40,7,1598,1,11,VAUXHALL ZAFIRA,-1,-1,0,-1
2024010545239,2024,010545239,1,9,0,18,19,5,1,1,1,4,0,0,0,0,1,1,6,6,2,56,9,1598,1,11,VAUXHALL ZAFIRA,6,E01024152,0,2
2024101509743,2024,101509743,2,9,0,-1,19,5,1,-1,0,8,0,0,0,0,4,1,-1,6,2,42,7,1956,2,8,VAUXHALL ZAFIRA,3,E01008700,0,1
2024031438904,2024,031438904,1,9,0,-1,5,3,7,-1,0,0,0,0,0,0,1,1,-1,6,1,37,7,1956,2,11,VAUXHALL ZAFIRA,5,E01027487,0,4
2024430476550,2024,430476550,1,9,0,10,10,6,4,0,0,1,0,0,0,0,2,1,6,6,2,30,6,1686,2,13,VAUXHALL ZAFIRA,3,E01017857,0,1
2024052402582,2024,052402582,2,9,0,18,19,2,6,0,0,8,0,0,0,0,3,1,6,6,1,44,7,1796,1,13,VAUXHALL ZAFIRA,1,E01007055,0,1
2024010537899,2024,010537899,2,9,0,10,10,7,4,0,0,5,0,0,0,0,2,1,6,6,1,45,7,1598,1,12,VAUXHALL ZAFIRA,2,E01002633,0,1
2024041446586,2024,041446586,2,9,0,-1,19,8,8,-1,0,8,0,0,0,0,1,1,-1,9,1,71,10,1796,1,10,VAUXHALL ZAFIRA,8,E01025241,0,1
2024201507783,2024,201507783,1,9,0,-1,5,6,2,-1,0,3,0,0,0,0,1,1,-1,6,1,54,8,1686,2,11,VAUXHALL ZAFIRA,3,E01009947,0,1
2024522401929,2024,522401929,2,9,0,9,9,8,5,0,0,6,0,0,0,0,3,1,6,6,3,-1,-1,1598,1,16,VAUXHALL ZAFIRA,-1,-1,0,-1
2024421416758,2024,421416758,1,9,0,-1,19,3,7,-1,0,0,0,0,0,0,1,1,-1,2,1,54,8,1956,2,9,VAUXHALL ZAFIRA,9,E01021481,0,3
2024221515259,2024,221515259,2,9,0,-1,19,2,7,-1,0,8,0,0,1,11,4,1,-1,6,1,41,7,1598,1,11,VAUXHALL ZAFIRA,9,E01028865,0,2