collision_index,collision_year,collision_ref_no,vehicle_reference,vehicle_type,towing_and_articulation,vehicle_manoeuvre_historic,vehicle_manoeuvre,vehicle_direction_from,vehicle_direction_to,vehicle_location_restricted_lane_historic,vehicle_location_restricted_lane,junction_location,skidding_and_overturning,hit_object_in_carriageway,vehicle_leaving_carriageway,hit_object_off_carriageway,first_point_of_impact,vehicle_left_hand_drive,journey_purpose_of_driver_historic,journey_purpose_of_driver,sex_of_driver,age_of_driver,age_band_of_driver,engine_capacity_cc,propulsion_code,age_of_vehicle,generic_make_model,driver_imd_decile,lsoa_of_driver,escooter_flag,driver_distance_banding
2024440128532,2024,440128532,1,9,0,9,9,5,3,0,0,8,0,0,0,0,4,1,6,6,2,32,6,1598,1,11,VAUXHALL ZAFIRA,3,E01023145,0,1
2024471486542,2024,471486542,2,9,0,-1,3,3,7,-1,0,0,0,0,0,0,2,1,-1,2,2,54,8,1598,1,14,VAUXHALL ZAFIRA,9,E01031463,0,1
2024201531315,2024,201531315,1,9,0,-1,5,3,7,-1,0,1,0,0,0,0,1,1,-1,1,1,51,8,1956,2,9,VAUXHALL ZAFIRA,-1,-1,0,-1
2024461467632,2024,461467632,2,9,0,-1,4,4,8,-1,0,1,0,0,0,0,2,2,-1,6,1,51,8,1686,2,12,VAUXHALL ZAFIRA,1,E01033211,0,1
2024411497848,2024,411497848,1,9,0,-1,7,3,5,-1,0,0,0,0,0,0,1,1,-1,6,2,48,8,1598,1,12,VAUXHALL ZAFIRA,8,E01023627,0,3
2024320215323,2024,320215323,3,8,0,9,9,8,6,0,0,5,0,0,0,0,2,1,6,6,1,30,6,1956,2,9,VAUXHALL ZAFIRA,2,E01026378,0,1
2024471458056,2024,471458056,2,9,0,-1,19,3,7,-1,0,0,0,0,1,0,2,1,-1,9,1,43,7,1910,2,14,VAUXHALL ZAFIRA,8,E01031620,0,1
2024361521481,2024,361521481,2,9,0,-1,19,3,7,-1,0,8,0,0,0,0,1,1,-1,7,2,44,7,1598,1,12,VAUXHALL ZAFIRA,8,E01026578,0,1
2024421511085,2024,421511085,1,9,0,-1,19,5,1,-1,0,0,0,0,0,0,1,2,-1,9,1,28,6,1910,2,16,VAUXHALL ZAFIRA,10,E01022084,0,2
2024340NN4542,2024,340NN4542,2,9,0,-1,2,0,0,-1,0,0,0,0,0,0,3,1,-1,9,2,36,7,1956,2,10,VAUXHALL ZAFIRA,4,E01027130,0,2
2024461498537,2024,461498537,3,9,0,-1,19,8,4,-1,0,1,0,0,0,0,2,9,-1,6,3,-1,-1,1686,2,9,VAUXHALL ZAFIRA,-1,-1,0,-1
2024421435657,2024,421435657,2,9,0,-1,19,3,7,-1,0,0,0,0,0,0,2,9,-1,9,1,29,6,1910,2,14,VAUXHALL ZAFIRA,-1,-1,0,-1
2024421453092,2024,421453092,2,9,0,-1,19,7,3,-1,0,0,0,0,0,0,3,1,-1,9,2,41,7,1956,2,10,VAUXHALL ZAFIRA,8,E01021538,0,3
2024041500805,2024,041500805,1,9,0,-1,9,5,3,-1,0,0,0,0,0,0,3,1,-1,1,2,37,7,1598,1,15,VAUXHALL ZAFIRA,6,E01025014,0,1
2024010509393,2024,010509393,2,9,0,99,99,9,9,99,99,9,9,99,9,99,1,9,6,6,3,-1,-1,1364,1,7,VAUXHALL ZAFIRA,-1,-1,0,-1
2024010533971,2024,010533971,1,9,0,99,99,9,9,99,99,9,9,99,9,99,1,9,6,6,2,64,9,1598,1,11,VAUXHALL ZAFIRA,5,E01000799,0,1
2024131481207,2024,131481207,1,9,0,-1,19,1,5,-1,0,8,0,0,0,0,1,1,-1,9,2,36,7,1598,1,15,VAUXHALL ZAFIRA,2,E01011912,0,1
2024141519424,2024,141519424,2,9,0,-1,19,7,3,-1,0,8,0,0,0,0,1,1,-1,6,3,41,7,1956,2,9,VAUXHALL ZAFIRA,-1,-1,0,-1
2024401444946,2024,401444946,2,9,0,-1,19,1,5,-1,0,0,0,0,0,0,4,9,-1,6,2,58,9,1598,1,11,VAUXHALL ZAFIRA,3,E01015781,0,1
2024421509133,2024,421509133,2,9,0,-1,19,3,1,-1,0,8,0,0,0,0,1,1,-1,9,1,37,7,1598,1,16,VAUXHALL ZAFIRA,9,E01030191,0,4
2024552401083,2024,552401083,2,9,0,18,19,1,5,0,0,0,0,0,0,0,1,1,3,7,2,43,7,1364,1,7,VAUXHALL ZAFIRA,8,E01020344,0,1
2024131486564,2024,131486564,2,9,0,-1,19,2,8,-1,0,4,0,0,0,0,1,1,-1,2,1,53,8,1598,1,15,VAUXHALL ZAFIRA,1,E01011484,0,2
2024010523151,2024,010523151,1,9,0,2,2,0,0,0,0,0,0,0,0,0,0,1,6,6,3,-1,-1,1598,1,18,VAUXHALL ZAFIRA,-1,-1,0,-1
2024421490560,2024,421490560,4,9,0,-1,2,0,0,-1,9,2,0,0,0,0,1,1,-1,6,-1,-1,-1,1956,2,11,VAUXHALL ZAFIRA,-1,-1,0,-1
2024610006424,2024,610006424,2,9,0,16,19,1,4,0,0,0,0,0,0,0,1,1,6,6,1,35,6,1910,2,17,VAUXHALL ZAFIRA,2,W01001642,0,3
2024131397715,2024,131397715,1,9,0,-1,19,7,3,-1,0,1,1,0,0,0,1,1,-1,6,3,-1,-1,1910,2,15,VAUXHALL ZAFIRA,-1,-1,0,-1
2024010505958,2024,010505958,1,9,0,9,9,5,2,0,0,5,0,0,0,0,1,1,6,6,3,-1,-1,1598,1,11,VAUXHALL ZAFIRA,-1,-1,0,-1
2024332400272,2024,332400272,3,9,0,-1,2,0,0,-1,0,0,0,0,0,0,2,1,-1,6,3,-1,-1,1598,5,14,VAUXHALL ZAFIRA,-1,-1,0,-1
2024440175639,2024,440175639,2,9,0,4,4,6,2,0,0,0,0,0,0,0,4,1,6,6,3,-1,-1,1796,1,10,VAUXHALL ZAFIRA,-1,-1,0,-1
2024010509578,2024,010509578,1,9,0,16,19,8,4,0,0,1,0,0,0,0,3,1,6,6,2,65,9,1598,1,12,VAUXHALL ZAFIRA,2,E01001702,0,1
2024430054142,2024,430054142,1,9,0,18,19,2,6,0,0,0,0,0,0,0,4,1,6,6,1,-1,-1,1364,1,7,VAUXHALL ZAFIRA,-1,-1,0,-1
2024010529766,2024,010529766,1,9,0,3,3,5,1,0,0,6,0,0,0,0,1,1,6,6,1,52,8,1796,1,20,VAUXHALL ZAFIRA,3,E01034608,0,1
2024010513945,2024,010513945,3,9,0,2,2,0,0,6,6,1,0,0,0,0,1,1,6,6,3,-1,-1,1796,1,10,VAUXHALL ZAFIRA,-1,-1,0,-1
2024221419347,2024,221419347,1,9,0,-1,1,3,7,-1,0,2,0,0,0,0,3,9,-1,1,2,39,7,1796,1,16,VAUXHALL ZAFIRA,3,E01013992,0,1
2024031401831,2024,031401831,1,9,0,-1,7,5,7,-1,0,1,0,0,0,0,4,1,-1,9,1,38,7,1686,2,11,VAUXHALL ZAFIRA,1,E01019095,0,1
2024461506938,2024,461506938,1,9,0,-1,9,4,2,-1,0,8,0,0,1,0,1,1,-1,6,2,44,7,1796,1,16,VAUXHALL ZAFIRA,6,E01024052,0,2
2024141405677,2024,141405677,3,9,0,-1,4,1,5,-1,0,0,0,0,0,0,2,1,-1,9,2,58,9,1364,1,6,VAUXHALL ZAFIRA,1,E01007463,0,2
2024131468807,2024,131468807,1,9,0,-1,9,7,3,-1,0,5,0,0,7,0,3,1,-1,7,1,36,7,1598,1,15,VAUXHALL ZAFIRA,1,E01011430,0,1
2024010526364,2024,010526364,2,9,0,18,19,1,5,0,0,0,0,0,0,0,1,1,6,6,2,-1,-1,1364,1,7,VAUXHALL ZAFIRA,3,E01003251,0,1
2024451410019,2024,451410019,2,9,0,-1,9,1,1,-1,0,4,0,0,0,0,1,1,-1,6,1,35,6,1598,1,12,VAUXHALL ZAFIRA,9,E01030313,0,1
202460Q017451,2024,60Q017451,1,9,0,4,4,7,5,0,0,8,0,0,0,0,4,1,2,2,1,35,6,1598,1,11,VAUXHALL ZAFIRA,-1,-1,0,-1
2024520402555,2024,520402555,2,9,0,3,3,3,7,0,0,0,0,0,0,0,2,1,6,6,2,34,6,1598,1,18,VAUXHALL ZAFIRA,3,E01029280,0,1
2024101440905,2024,101440905,1,9,0,-1,9,6,4,-1,0,8,0,0,0,0,1,1,-1,6,1,27,6,1956,2,10,VAUXHALL ZAFIRA,2,E01008633,0,1
2024010527562,2024,010527562,2,9,0,7,7,5,8,0,0,8,0,0,0,0,4,1,6,6,2,39,7,1598,1,19,VAUXHALL ZAFIRA,2,E01000902,0,1
2024302401019,2024,302401019,2,9,0,18,19,4,8,0,0,3,0,0,0,0,1,1,6,6,1,23,5,1598,1,16,VAUXHALL ZAFIRA,2,E01019523,0,1
2024010499717,2024,010499717,2,9,0,18,19,3,7,0,0,0,0,0,0,0,4,1,6,6,1,31,6,1598,1,17,VAUXHALL ZAFIRA,6,E01002266,0,3
2024401488923,2024,401488923,1,9,0,-1,-1,-1,-1,-1,-1,0,-1,-1,-1,0,1,9,-1,6,1,-1,-1,1956,2,11,VAUXHALL ZAFIRA,1,E01027318,0,4
2024141513495,2024,141513495,1,9,0,-1,13,3,7,-1,0,1,0,0,0,0,1,1,-1,9,1,30,6,1998,1,18,VAUXHALL ZAFIRA,7,E01007778,0,1
2024010507634,2024,010507634,1,9,0,18,19,4,8,0,0,0,0,0,0,0,1,1,3,7,1,42,7,1364,1,7,VAUXHALL ZAFIRA,-1,-1,0,-1
2024361417678,2024,361417678,1,9,0,-1,4,7,3,-1,0,0,0,0,0,0,1,1,-1,6,1,47,8,1995,2,19,VAUXHALL ZAFIRA,2,E01026601,0,3
2024201469226,2024,201469226,3,9,0,-1,19,4,6,-1,0,0,0,0,0,0,1,9,-1,6,1,42,7,1796,1,13,VAUXHALL ZAFIRA,1,E01010269,0,1
2024111480202,2024,111480202,4,9,0,-1,2,0,0,-1,-1,8,0,0,0,0,1,1,-1,6,-1,-1,-1,1364,1,9,VAUXHALL ZAFIRA,-1,-1,0,-1
2024201457433,2024,201457433,2,9,0,-1,3,8,4,-1,0,0,0,0,0,0,0,9,-1,9,2,32,6,1796,1,16,VAUXHALL ZAFIRA,10,E01022771,0,5
2024440015169,2024,440015169,1,9,0,4,4,5,1,0,0,1,0,0,0,0,2,1,6,6,2,33,6,1598,1,14,VAUXHALL ZAFIRA,7,E01022672,0,1
2024461439782,2024,461439782,2,9,0,-1,19,8,3,-1,0,8,0,0,0,0,1,1,-1,6,1,53,8,1686,2,14,VAUXHALL ZAFIRA,8,E01024845,0,1
2024101479676,2024,101479676,1,9,0,-1,5,2,5,-1,0,4,0,0,0,0,1,1,-1,9,1,48,8,1796,1,12,VAUXHALL ZAFIRA,3,E01008251,0,2
2024161405124,2024,161405124,1,9,0,-1,19,5,1,-1,0,1,0,0,0,0,4,1,-1,9,2,52,8,1796,1,15,VAUXHALL ZAFIRA,1,E01012867,0,1
2024430249874,2024,430249874,2,9,0,3,3,6,2,0,0,0,0,0,0,0,2,1,6,6,2,45,7,1364,1,6,VAUXHALL ZAFIRA,7,E01016327,0,4
2024451398184,2024,451398184,2,9,0,-1,6,5,1,-1,0,0,0,0,0,0,1,1,-1,9,2,40,7,1796,1,12,VAUXHALL ZAFIRA,3,E01005031,0,5
2024201441223,2024,201441223,2,9,0,-1,4,1,5,-1,0,1,0,0,0,0,2,1,-1,6,1,30,6,1796,1,17,VAUXHALL ZAFIRA,1,E01009382,0,1
2024461404699,2024,461404699,1,9,0,-1,9,4,6,-1,0,6,0,0,0,0,1,9,-1,6,2,30,6,1796,1,16,VAUXHALL ZAFIRA,4,E01024262,0,1
2024311441601,2024,311441601,1,9,0,-1,19,7,3,-1,0,1,0,0,0,0,4,9,-1,6,1,28,6,1910,2,16,VAUXHALL ZAFIRA,-1,-1,0,-1
2024361449740,2024,361449740,1,9,0,-1,19,3,8,-1,0,0,0,0,1,0,1,1,-1,9,1,39,7,1796,1,14,VAUXHALL ZAFIRA,5,E01030275,0,4
2024141405705,2024,141405705,2,9,0,-1,10,2,8,-1,0,2,0,0,0,0,3,9,-1,6,1,51,8,1598,1,18,VAUXHALL ZAFIRA,1,E01007668,0,1
2024541797524,2024,541797524,1,9,0,17,19,8,5,0,0,2,0,0,1,10,4,1,6,6,2,41,7,1598,2,9,VAUXHALL ZAFIRA,4,E01032094,0,4
2024522500089,2024,522500089,1,8,0,18,19,6,2,0,0,0,0,0,0,0,1,1,6,6,1,65,9,1956,2,9,VAUXHALL ZAFIRA,6,E01014750,0,3
2024430124732,2024,430124732,2,9,0,2,2,0,0,0,0,0,0,0,0,0,3,1,6,6,1,32,6,1796,1,10,VAUXHALL ZAFIRA,3,E01033857,0,1
2024010513885,2024,010513885,2,9,0,99,99,9,9,99,99,9,9,99,9,99,1,9,6,6,3,-1,-1,1956,2,8,VAUXHALL ZAFIRA,5,E01001590,0,1
2024131531369,2024,131531369,1,9,0,-1,19,1,1,-1,9,1,0,0,0,0,1,1,-1,6,1,27,6,1686,2,11,VAUXHALL ZAFIRA,3,E01011225,0,1
2024101522750,2024,101522750,1,9,0,-1,9,2,6,-1,0,5,0,0,0,0,1,1,-1,6,1,27,6,1598,1,18,VAUXHALL ZAFIRA,9,E01008520,0,1
2024351427919,2024,351427919,1,9,0,-1,9,6,2,-1,0,2,0,0,0,0,1,1,-1,7,2,35,6,1686,2,12,VAUXHALL ZAFIRA,3,E01026696,0,2
2024010540234,2024,010540234,1,9,0,5,5,4,8,0,0,0,0,0,0,0,1,1,6,6,1,29,6,1796,1,12,VAUXHALL ZAFIRA,4,E01000477,0,1
2024320616451,2024,320616451,1,9,0,-1,-1,8,4,0,0,1,0,0,0,0,1,1,6,6,2,43,7,1796,1,16,VAUXHALL ZAFIRA,5,E01026276,0,1
2024141433464,2024,141433464,1,9,0,-1,19,3,7,-1,0,8,0,0,0,0,1,1,-1,9,1,45,7,1910,2,18,VAUXHALL ZAFIRA,8,E01007898,0,3
2024052401251,2024,052401251,1,9,0,9,9,7,4,0,0,5,0,0,0,0,1,1,1,1,1,33,6,1796,7,10,VAUXHALL ZAFIRA,1,E01008913,0,5
2024401416724,2024,401416724,2,9,0,-1,3,1,5,-1,0,0,0,0,0,0,1,9,-1,9,2,30,6,1598,1,15,VAUXHALL ZAFIRA,7,E01017427,0,1
2024451447414,2024,451447414,3,9,0,-1,3,3,5,-1,0,6,0,0,0,0,1,1,-1,9,2,56,9,1598,1,11,VAUXHALL ZAFIRA,7,E01030630,0,1
2024010499329,2024,010499329,2,9,0,99,99,9,9,99,99,9,9,99,9,99,1,9,6,6,3,-1,-1,1598,1,15,VAUXHALL ZAFIRA,-1,-1,0,-1
2024010540394,2024,010540394,1,9,0,12,12,5,1,0,0,0,0,0,0,0,1,1,2,2,1,55,8,1598,1,18,VAUXHALL ZAFIRA,2,E01003324,0,1
2024010533713,2024,010533713,1,9,0,3,3,7,3,0,0,1,0,0,0,0,1,1,6,6,1,24,5,1796,1,10,VAUXHALL ZAFIRA,-1,-1,0,-1
2024461431951,2024,461431951,1,9,0,-1,19,7,3,-1,0,1,2,10,2,10,4,1,-1,6,3,-1,-1,1598,1,15,VAUXHALL ZAFIRA,-1,-1,0,-1
2024311433129,2024,311433129,1,9,0,-1,19,7,3,-1,0,1,0,0,0,0,1,1,-1,6,2,54,8,1910,2,14,VAUXHALL ZAFIRA,9,E01028059,0,1
2024440200370,2024,440200370,4,9,0,2,2,0,0,0,0,0,0,0,0,0,2,1,6,6,3,-1,-1,1796,1,17,VAUXHALL ZAFIRA,-1,-1,0,-1
202417S314224,2024,17S314224,1,9,0,-1,19,7,3,-1,0,0,0,0,0,0,2,1,-1,9,1,46,8,1956,2,11,VAUXHALL ZAFIRA,2,E01012081,0,1
2024052401664,2024,052401664,2,9,0,18,19,7,3,0,0,1,0,0,0,0,1,1,6,6,1,64,9,1956,2,10,VAUXHALL ZAFIRA,5,E01006892,0,1
2024401535791,2024,401535791,2,9,0,-1,2,0,0,-1,0,3,0,0,0,0,2,1,-1,6,-1,-1,-1,1598,1,16,VAUXHALL ZAFIRA,-1,-1,0,-1
2024061460694,2024,061460694,2,9,0,-1,19,5,1,-1,0,1,0,0,0,0,1,1,-1,6,1,73,10,1598,1,12,VAUXHALL ZAFIRA,1,E01012655,0,4
2024052401107,2024,052401107,1,9,0,18,19,5,1,0,0,1,0,0,0,0,1,1,6,6,2,51,8,1686,2,13,VAUXHALL ZAFIRA,1,E01007127,0,1
2024320214527,2024,320214527,1,9,0,11,11,1,4,0,0,3,0,0,0,0,4,1,-1,-1,1,78,11,1598,1,12,VAUXHALL ZAFIRA,4,E01026271,0,4
2024440184104,2024,440184104,1,9,0,9,9,4,2,0,0,5,0,0,0,0,1,1,6,6,2,32,6,1910,2,14,VAUXHALL ZAFIRA,5,E01023010,0,1
2024131505673,2024,131505673,1,9,0,-1,13,2,6,-1,0,0,1,0,7,11,1,1,-1,6,1,42,7,1956,2,9,VAUXHALL ZAFIRA,2,E01007717,0,4
2024070174015,2024,070174015,1,9,0,15,15,1,5,0,0,1,0,0,0,0,1,2,6,6,1,66,10,1956,2,9,VAUXHALL ZAFIRA,6,E01018749,0,1
2024161398278,2024,161398278,3,9,0,-1,19,8,4,-1,0,0,0,0,0,0,1,1,-1,9,1,55,8,1598,1,15,VAUXHALL ZAFIRA,10,E01013054,0,1
2024061487466,2024,061487466,1,9,0,-1,14,1,5,-1,0,0,0,10,0,0,1,1,-1,2,1,44,7,1910,2,16,VAUXHALL ZAFIRA,4,E01032559,0,4
2024440288994,2024,440288994,2,9,0,18,19,6,2,0,0,0,1,0,0,0,3,1,2,2,2,51,8,1796,1,14,VAUXHALL ZAFIRA,2,E01017238,0,3
2024221461301,2024,221461301,1,9,0,-1,13,6,2,-1,0,2,0,0,0,0,4,9,-1,6,1,53,8,1910,2,15,VAUXHALL ZAFIRA,7,E01028889,0,3
2024401464743,2024,401464743,3,9,0,-1,3,5,1,-1,0,1,0,0,0,0,1,1,-1,9,1,50,8,1364,1,6,VAUXHALL ZAFIRA,3,E01015781,0,1
2024221524802,2024,221524802,1,9,0,-1,19,2,6,-1,0,0,2,0,1,0,4,1,-1,6,1,36,7,1598,1,17,VAUXHALL ZAFIRA,5,E01032174,0,2
2024440026612,2024,440026612,1,9,0,5,5,3,7,0,0,1,0,0,0,0,3,1,6,6,2,28,6,1598,1,12,VAUXHALL ZAFIRA,4,E01017034,0,1
2024211523546,2024,211523546,2,9,0,-1,19,5,1,-1,0,8,0,0,0,0,1,1,-1,9,2,38,7,1956,2,9,VAUXHALL ZAFIRA,-1,-1,0,-1
2024201428667,2024,201428667,1,9,0,-1,12,2,6,-1,0,0,0,0,0,0,1,9,-1,6,2,28,6,1910,2,17,VAUXHALL ZAFIRA,1,E01010095,0,1
2024320042159,2024,320042159,1,9,0,-1,-1,6,2,0,0,0,0,11,0,0,1,1,-1,-1,2,30,6,1598,1,11,VAUXHALL ZAFIRA,7,E01026329,0,3
2024461483052,2024,461483052,2,9,0,-1,10,6,3,-1,0,1,0,0,0,0,2,1,-1,2,2,51,8,1364,1,9,VAUXHALL ZAFIRA,2,E01024840,0,1
2024351495552,2024,351495552,2,9,0,-1,19,5,1,-1,0,1,0,0,0,0,1,1,-1,7,2,21,5,1910,2,17,VAUXHALL ZAFIRA,10,E01018116,0,3
2024010518148,2024,010518148,1,9,0,9,9,3,1,0,0,8,0,0,0,0,1,1,6,6,1,44,7,1598,1,14,VAUXHALL ZAFIRA,8,E01001390,0,1
2024311480623,2024,311480623,1,9,0,-1,19,5,1,-1,0,1,0,0,0,0,1,1,-1,9,1,44,7,1956,2,10,VAUXHALL ZAFIRA,10,E01028315,0,3
2024461423735,2024,461423735,1,9,0,-1,9,2,7,-1,0,8,0,0,0,0,1,1,-1,9,1,30,6,1686,2,10,VAUXHALL ZAFIRA,2,E01016160,0,1
2024010536106,2024,010536106,2,9,0,18,19,5,1,0,0,8,0,0,0,0,2,1,6,6,3,-1,-1,1919,2,16,VAUXHALL ZAFIRA,-1,-1,0,-1
2024421494835,2024,421494835,3,8,0,-1,10,1,3,-1,0,0,0,0,0,0,2,1,-1,1,1,39,7,1956,2,8,VAUXHALL ZAFIRA,8,E01021400,0,4
2024161414755,2024,161414755,2,9,0,-1,19,7,3,-1,0,3,0,0,1,0,4,2,-1,2,1,39,7,1956,2,10,VAUXHALL ZAFIRA,5,E01027798,0,2
2024351430716,2024,351430716,1,9,0,-1,19,1,5,-1,0,1,0,7,0,0,1,1,-1,2,2,21,5,1796,1,21,VAUXHALL ZAFIRA,9,E01017988,0,1
2024461537746,2024,461537746,1,9,0,-1,19,6,3,-1,0,0,5,0,0,0,1,1,-1,9,1,41,7,1910,2,18,VAUXHALL ZAFIRA,3,E01024248,0,1
2024461508077,2024,461508077,3,9,0,-1,3,5,1,-1,0,4,0,0,0,0,2,1,-1,2,2,63,9,1956,2,8,VAUXHALL ZAFIRA,6,E01024079,0,3
2024411481402,2024,411481402,1,9,0,-1,4,2,6,-1,0,1,0,0,0,0,1,9,-1,6,1,54,8,1956,2,8,VAUXHALL ZAFIRA,4,E01023857,0,1
2024991449483,2024,991449483,1,9,0,-1,1,7,3,-1,0,1,0,0,0,0,2,1,-1,9,1,66,10,1598,1,15,VAUXHALL ZAFIRA,3,-1,0,1
2024010521815,2024,010521815,1,9,0,99,99,9,9,99,99,9,9,99,9,99,1,9,6,6,1,42,7,1598,1,16,VAUXHALL ZAFIRA,3,E01001325,0,2
2024461474272,2024,461474272,2,9,0,-1,19,4,1,-1,0,0,0,10,0,0,1,1,-1,6,2,39,7,1598,1,12,VAUXHALL ZAFIRA,2,E01024249,0,1
2024461455918,2024,461455918,1,9,0,-1,19,1,5,-1,0,0,0,0,7,0,1,9,-1,6,3,-1,-1,1796,1,15,VAUXHALL ZAFIRA,-1,-1,0,-1
2024991472710,2024,991472710,2,9,0,-1,19,5,2,-1,0,1,0,0,0,0,1,1,-1,9,1,65,9,1598,1,11,VAUXHALL ZAFIRA,2,-1,0,4
2024351534060,2024,351534060,1,9,0,-1,19,8,4,-1,0,1,0,0,0,0,1,1,-1,6,2,69,10,1364,1,8,VAUXHALL ZAFIRA,3,E01017979,0,1
2024552401058,2024,552401058,1,9,0,18,19,8,4,0,0,0,0,0,0,0,1,1,6,6,2,51,8,1910,2,14,VAUXHALL ZAFIRA,3,E01022807,0,4
2024501482173,2024,501482173,1,9,0,-1,7,1,3,-1,0,8,0,0,0,0,1,1,-1,9,1,35,6,1598,1,16,VAUXHALL ZAFIRA,1,E01015088,0,1
2024231490974,2024,231490974,2,9,0,-1,19,6,2,-1,0,8,0,0,0,0,4,9,-1,6,1,40,7,1956,2,9,VAUXHALL ZAFIRA,2,E01027241,0,4
2024501485740,2024,501485740,2,9,0,-1,12,7,3,-1,0,0,1,0,0,0,1,1,-1,9,1,29,6,1796,1,19,VAUXHALL ZAFIRA,2,E01027937,0,5
2024052402437,2024,052402437,2,9,0,9,9,1,7,0,0,1,0,0,0,0,1,1,6,6,1,83,11,1598,1,11,VAUXHALL ZAFIRA,2,E01007205,0,1
2024161523000,2024,161523000,2,9,0,-1,19,3,7,-1,0,0,0,0,0,0,3,1,-1,6,1,42,7,1364,1,8,VAUXHALL ZAFIRA,9,E01012996,0,1
2024010539647,2024,010539647,1,9,0,2,2,0,0,0,0,0,0,0,0,0,2,1,6,6,3,-1,-1,1364,1,7,VAUXHALL ZAFIRA,-1,-1,0,-1
2024371398685,2024,371398685,2,9,0,-1,19,2,2,-1,0,0,0,0,0,0,2,9,-1,2,2,23,5,1686,2,13,VAUXHALL ZAFIRA,5,E01029970,0,1
2024201540664,2024,201540664,1,9,0,-1,19,2,6,-1,0,1,0,0,0,0,1,1,-1,9,1,44,7,1956,2,9,VAUXHALL ZAFIRA,-1,-1,0,-1
2024481569328,2024,481569328,1,9,0,-1,6,3,3,-1,0,0,0,0,0,0,3,1,-1,6,1,40,7,1598,2,8,VAUXHALL ZAFIRA,-1,-1,0,-1
2024052402810,2024,052402810,1,9,0,18,19,5,1,0,0,0,0,0,0,0,1,1,6,6,1,37,7,1598,1,19,VAUXHALL ZAFIRA,1,E01007304,0,1
2024451443708,2024,451443708,2,9,0,-1,5,3,7,-1,0,0,0,0,7,11,4,1,-1,7,2,35,6,1796,1,10,VAUXHALL ZAFIRA,3,E01030608,0,1
2024010490606,2024,010490606,2,9,0,2,2,0,0,9,9,1,0,0,0,0,2,1,6,6,3,-1,-1,1364,1,8,VAUXHALL ZAFIRA,-1,-1,0,-1
2024440374615,2024,440374615,2,9,0,18,19,5,1,0,0,8,0,0,7,9,1,1,6,6,1,66,10,1598,2,8,VAUXHALL ZAFIRA,9,E01022782,0,1
2024451432250,2024,451432250,1,9,0,-1,2,1,5,-1,99,0,0,0,0,0,2,1,-1,9,1,41,7,1598,1,15,VAUXHALL ZAFIRA,4,E01030481,0,1
2024052400893,2024,052400893,3,9,0,18,19,6,2,0,0,0,0,0,0,0,1,1,6,6,2,54,8,1686,2,11,VAUXHALL ZAFIRA,1,E01006692,0,1
2024131452985,2024,131452985,1,9,0,-1,19,4,8,-1,0,0,0,0,0,0,1,1,-1,9,1,77,11,1598,1,13,VAUXHALL ZAFIRA,8,E01011694,0,1
2024010530932,2024,010530932,1,9,0,18,19,3,7,9,9,0,0,10,7,11,1,1,6,6,1,38,7,2198,1,18,VAUXHALL ZAFIRA,7,E01000362,0,1
2024061484246,2024,061484246,2,9,0,-1,19,1,5,-1,0,0,0,0,0,0,1,1,-1,9,1,62,9,1364,1,7,VAUXHALL ZAFIRA,-1,-1,0,-1
2024351476144,2024,351476144,1,9,0,-1,19,1,5,-1,0,0,0,0,0,0,1,1,-1,6,1,43,7,1686,2,10,VAUXHALL ZAFIRA,7,E01035524,0,1
2024340NN1722,2024,340NN1722,1,9,0,-1,9,7,3,-1,0,5,0,0,0,0,1,1,-1,1,2,46,8,1796,1,14,VAUXHALL ZAFIRA,2,E01026961,0,1
2024010535134,2024,010535134,1,9,0,18,19,8,4,0,0,8,5,7,5,6,1,1,6,6,1,30,6,1796,1,16,VAUXHALL ZAFIRA,4,E01033789,0,1
2024501529430,2024,501529430,1,9,0,-1,11,8,8,-1,0,3,0,0,0,0,4,1,-1,9,1,68,10,1598,1,15,VAUXHALL ZAFIRA,6,E01015132,0,2
2024061470275,2024,061470275,1,9,0,-1,19,5,1,-1,0,1,0,0,0,0,1,1,-1,9,1,44,7,1956,2,9,VAUXHALL ZAFIRA,3,E01004816,0,1
2024471441708,2024,471441708,2,9,0,-1,19,6,2,-1,0,1,0,0,0,0,3,1,-1,6,2,43,7,1956,2,9,VAUXHALL ZAFIRA,1,E01021019,0,1
2024340NN3892,2024,340NN3892,1,9,0,-1,19,5,1,-1,0,0,0,0,0,0,1,1,-1,2,1,32,6,1598,1,16,VAUXHALL ZAFIRA,6,E01027034,0,2
2024991520677,2024,991520677,1,9,0,-1,7,6,6,-1,0,2,0,0,0,0,1,1,-1,6,1,56,9,1796,1,17,VAUXHALL ZAFIRA,2,-1,0,1
202417S202124,2024,17S202124,1,9,0,18,19,6,2,0,0,0,0,0,0,0,1,1,2,2,1,27,6,1686,2,11,VAUXHALL ZAFIRA,1,E01035191,0,2
2024052402799,2024,052402799,1,9,0,18,19,1,5,0,0,0,0,0,0,0,1,1,6,6,2,39,7,1686,2,11,VAUXHALL ZAFIRA,7,E01007061,0,3
2024010508662,2024,010508662,2,9,0,18,19,1,5,0,0,1,0,0,0,0,1,1,6,6,1,25,5,1796,1,17,VAUXHALL ZAFIRA,2,E01000040,0,2
2024471452594,2024,471452594,1,9,0,-1,19,1,5,-1,0,0,0,0,0,0,4,1,-1,1,2,54,8,1796,1,10,VAUXHALL ZAFIRA,5,E01031743,0,1
2024522500167,2024,522500167,2,9,0,18,19,4,8,0,0,0,0,0,0,0,1,1,6,6,3,-1,-1,1956,2,9,VAUXHALL ZAFIRA,-1,-1,0,-1
2024052401482,2024,052401482,1,9,0,14,14,7,3,0,0,0,0,0,0,0,1,1,2,2,2,-1,-1,1796,1,10,VAUXHALL ZAFIRA,5,E01006930,0,1
2024421419814,2024,421419814,2,9,0,-1,10,3,7,-1,0,5,0,0,0,0,2,1,-1,6,2,65,9,1796,1,20,VAUXHALL ZAFIRA,2,E01022039,0,2