collision_index,collision_year,collision_ref_no,vehicle_reference,vehicle_type,towing_and_articulation,vehicle_manoeuvre_historic,vehicle_manoeuvre,vehicle_direction_from,vehicle_direction_to,vehicle_location_restricted_lane_historic,vehicle_location_restricted_lane,junction_location,skidding_and_overturning,hit_object_in_carriageway,vehicle_leaving_carriageway,hit_object_off_carriageway,first_point_of_impact,vehicle_left_hand_drive,journey_purpose_of_driver_historic,journey_purpose_of_driver,sex_of_driver,age_of_driver,age_band_of_driver,engine_capacity_cc,propulsion_code,age_of_vehicle,generic_make_model,driver_imd_decile,lsoa_of_driver,escooter_flag,driver_distance_banding
2024010513176,2024,010513176,2,9,0,99,99,9,9,99,99,9,9,99,9,99,1,9,6,6,3,64,9,1988,1,20,LEXUS IS 200,8,E01003445,0,1
2024991513396,2024,991513396,1,9,0,-1,19,6,2,-1,0,0,2,10,1,0,1,1,-1,9,1,55,8,2231,2,12,LEXUS IS 200,9,-1,0,4
2024351475038,2024,351475038,1,9,-1,-1,-1,-1,-1,-1,-1,0,-1,-1,-1,0,-1,9,-1,2,1,26,6,1988,1,19,LEXUS IS 200,8,E01018290,0,2
2024010530758,2024,010530758,1,9,0,99,99,9,9,99,99,9,9,99,9,99,1,9,6,6,1,45,7,1988,1,23,LEXUS IS 200,2,E01001479,0,2
2024010543960,2024,010543960,1,9,0,99,99,9,9,99,99,9,9,99,9,99,9,9,6,6,3,30,6,1988,1,20,LEXUS IS 200,2,E01003963,0,1
2024131419991,2024,131419991,6,9,0,-1,19,3,7,-1,0,1,0,0,0,0,3,1,-1,6,1,71,10,1988,1,21,LEXUS IS 200,1,E01010623,0,1
2024131428846,2024,131428846,1,9,0,-1,13,4,8,-1,0,0,0,0,1,0,1,1,-1,2,1,26,6,2231,2,13,LEXUS IS 200,3,E01033690,0,4
2024031464029,2024,031464029,1,9,0,-1,19,7,3,-1,0,0,1,0,7,0,1,1,-1,6,1,19,4,1988,1,19,LEXUS IS 200,3,E01019291,0,4
2024461457493,2024,461457493,2,9,0,-1,4,4,7,-1,0,0,1,10,0,0,3,1,-1,2,1,47,8,1988,1,20,LEXUS IS 200,5,E01024054,0,1
2024552400760,2024,552400760,1,9,0,13,13,3,7,0,0,0,1,0,0,0,3,1,2,2,1,45,7,1988,1,22,LEXUS IS 200,6,E01020561,0,1
2024451461993,2024,451461993,1,9,0,-1,19,5,8,-1,0,8,1,0,1,1,1,1,-1,9,1,20,4,2499,1,17,LEXUS IS 250,4,E01003841,0,2
2024010506288,2024,010506288,1,9,0,18,19,1,5,0,0,0,0,0,0,0,1,1,6,6,1,43,7,2499,1,15,LEXUS IS 250,7,E01000306,0,1
2024311395726,2024,311395726,3,9,0,-1,19,1,1,-1,0,0,0,0,0,0,1,1,-1,6,1,27,6,2499,1,17,LEXUS IS 250,-1,-1,0,-1
2024010500366,2024,010500366,1,9,0,10,10,3,2,0,0,1,0,12,7,11,2,1,4,7,1,19,4,2499,1,17,LEXUS IS 250,2,E01000020,0,3
2024010547913,2024,010547913,2,9,0,18,19,1,5,0,0,1,0,0,0,0,1,1,6,6,1,37,7,2499,1,18,LEXUS IS 250,4,E01033925,0,1
2024461430276,2024,461430276,1,9,0,-1,19,7,2,-1,0,4,0,0,0,0,1,1,-1,9,1,56,9,2499,1,19,LEXUS IS 250,9,E01024143,0,1
2024010533576,2024,010533576,1,9,0,18,19,3,7,0,0,8,0,0,1,0,1,1,6,6,2,48,8,2499,1,15,LEXUS IS 250,2,E01033581,0,1
2024010527066,2024,010527066,1,9,0,99,99,9,9,99,99,9,9,99,9,99,2,9,6,6,1,51,8,2499,1,15,LEXUS IS 250,8,E01000906,0,2
2024461532036,2024,461532036,1,9,0,-1,9,5,2,-1,0,5,0,0,0,0,1,1,-1,9,2,51,8,2499,1,18,LEXUS IS 250,10,E01024835,0,1
2024201453404,2024,201453404,3,9,0,-1,2,0,0,-1,9,0,0,0,0,0,2,1,-1,6,-1,-1,-1,2499,1,13,LEXUS IS 250,-1,-1,0,-1
2024501441818,2024,501441818,2,9,0,-1,3,6,2,-1,0,1,0,0,0,0,2,9,-1,6,1,40,7,2499,1,15,LEXUS IS 250,4,E01018877,0,3
2024461480228,2024,461480228,1,9,0,-1,7,7,5,-1,9,2,0,7,0,0,1,1,-1,9,2,44,7,2499,1,18,LEXUS IS 250,7,E01024158,0,2
2024010510214,2024,010510214,2,9,0,9,9,7,4,0,0,1,0,0,0,0,1,1,6,6,2,61,9,2499,1,11,LEXUS IS 250,9,E01004649,0,1
2024010520354,2024,010520354,3,9,0,18,19,3,7,0,0,0,0,0,7,11,1,1,6,6,1,43,7,2499,1,18,LEXUS IS 250,5,E01003953,0,2
2024320083131,2024,320083131,1,9,0,-1,-1,6,2,0,0,0,0,0,0,0,3,1,6,6,2,35,6,2499,1,17,LEXUS IS 250,3,E01026064,0,1
2024430193690,2024,430193690,1,9,0,18,19,6,2,0,0,8,0,0,0,0,4,1,6,6,1,24,5,2499,1,18,LEXUS IS 250,10,E01016410,0,3
2024201449907,2024,201449907,2,9,0,-1,5,5,8,-1,0,3,0,0,0,0,1,1,-1,2,1,42,7,2499,1,16,LEXUS IS 250,1,E01033643,0,1
2024430511022,2024,430511022,1,9,0,18,19,8,4,0,0,1,0,0,0,0,1,1,6,6,1,29,6,2499,1,16,LEXUS IS 250,6,E01033308,0,4
202454B744424,2024,54B744424,2,9,0,18,19,1,5,0,0,8,0,0,0,0,2,1,6,6,1,53,8,2499,1,18,LEXUS IS 250,5,E01015519,0,2
2024440341101,2024,440341101,1,9,0,4,4,1,5,0,0,0,0,0,0,0,2,1,6,6,1,28,6,2499,1,18,LEXUS IS 250,7,E01032748,0,3
2024010508514,2024,010508514,1,9,0,4,4,1,5,4,4,0,0,0,0,0,2,1,2,2,2,38,7,2499,1,19,LEXUS IS 250,4,E01001444,0,3
2024552401400,2024,552401400,1,9,0,18,19,1,6,9,9,0,0,10,7,11,1,1,6,6,1,82,11,2499,1,19,LEXUS IS 250,6,E01020566,0,1
2024411465187,2024,411465187,1,9,0,-1,5,1,3,-1,0,6,0,0,0,0,1,1,-1,2,1,41,7,2499,1,17,LEXUS IS 250,6,E01033308,0,2
2024010516536,2024,010516536,1,9,0,9,9,3,1,9,9,5,0,10,1,11,1,1,6,6,1,29,6,2499,1,11,LEXUS IS 250,-1,-1,0,-1
2024440186757,2024,440186757,2,9,0,9,9,4,2,0,0,6,0,0,0,0,1,1,6,6,1,47,8,2499,1,16,LEXUS IS 250,4,E01017254,0,2
2024010513527,2024,010513527,1,9,0,99,99,9,9,99,99,9,9,99,9,99,2,9,6,6,1,29,6,2499,1,15,LEXUS IS 250,7,E01003152,0,2
2024010510049,2024,010510049,2,9,0,5,5,5,1,0,0,6,0,0,0,0,1,1,6,6,3,-1,-1,2499,1,17,LEXUS IS 250,-1,-1,0,-1
2024010519706,2024,010519706,2,9,0,99,99,9,9,99,99,9,9,99,9,99,2,9,6,6,3,-1,-1,2499,1,18,LEXUS IS 250,-1,-1,0,-1
2024010548103,2024,010548103,1,9,0,99,99,9,9,99,99,9,9,99,9,99,2,9,6,6,1,49,8,2499,1,16,LEXUS IS 250,3,E01015744,0,4
2024010506681,2024,010506681,1,9,0,4,4,3,7,0,0,1,0,0,0,0,1,1,6,6,1,50,8,2499,1,18,LEXUS IS 250,5,E01004580,0,1
2024461446060,2024,461446060,1,9,0,-1,9,5,1,-1,-1,0,0,0,1,0,1,9,-1,6,1,80,11,2499,1,19,LEXUS IS 250,8,E01024145,0,3
2024010518531,2024,010518531,1,9,0,99,99,9,9,99,99,9,9,99,9,99,1,9,6,6,2,25,5,2499,1,12,LEXUS IS 250,3,E01001823,0,1
2024421512315,2024,421512315,4,9,0,-1,3,6,1,-1,0,4,0,0,0,0,3,1,-1,9,1,63,9,2499,1,18,LEXUS IS 250,5,E01029961,0,4
2024340WN1262,2024,340WN1262,2,9,0,-1,19,4,8,-1,0,0,0,0,0,0,1,1,-1,1,1,57,9,2499,1,13,LEXUS IS 250,10,E01027287,0,2
2024421417860,2024,421417860,2,9,0,-1,19,5,1,-1,0,0,0,0,0,0,3,1,-1,2,2,35,6,2499,1,16,LEXUS IS 250,2,E01021354,0,1
2024010529464,2024,010529464,1,9,0,9,9,8,5,0,0,5,0,0,0,0,1,1,2,2,1,34,6,2499,1,16,LEXUS IS 250,6,E01001266,0,3
2024010526360,2024,010526360,1,9,0,7,7,4,6,0,0,8,0,0,0,0,2,1,6,6,2,39,7,2499,1,14,LEXUS IS 250,5,E01016034,0,4
2024421475415,2024,421475415,2,9,0,-1,19,3,7,-1,0,0,0,0,0,0,1,1,-1,2,2,41,7,2499,1,18,LEXUS IS 250,8,E01021749,0,1
2024461396883,2024,461396883,1,9,0,-1,19,7,3,-1,0,1,0,0,0,0,1,9,-1,6,2,39,7,2499,1,14,LEXUS IS 250,5,E01016034,0,1
2024141526770,2024,141526770,1,9,0,-1,10,7,4,-1,0,1,0,0,0,0,1,9,-1,6,1,92,11,3969,1,26,MAKE AND MODEL REDACTED,1,E01007856,0,1
2024461512046,2024,461512046,1,9,0,-1,5,3,7,-1,0,6,0,0,0,0,1,2,-1,9,2,50,8,2987,2,4,MAKE AND MODEL REDACTED,9,E01024331,0,1
2024320422298,2024,320422298,3,9,0,-1,-1,3,7,0,0,0,0,0,0,0,1,1,-1,-1,1,60,9,2987,2,7,MAKE AND MODEL REDACTED,5,E01026221,0,2
2024010532719,2024,010532719,2,9,0,17,19,3,7,0,0,8,0,0,0,0,1,1,6,6,3,-1,-1,2987,2,10,MAKE AND MODEL REDACTED,-1,-1,0,-1
2024010527512,2024,010527512,2,9,0,2,2,0,0,0,0,1,0,0,0,0,1,1,6,6,3,-1,-1,2979,1,7,MAKE AND MODEL REDACTED,-1,-1,0,-1
2024401421994,2024,401421994,1,9,0,-1,19,6,2,-1,0,7,1,0,1,0,1,1,-1,9,1,46,8,2987,2,5,MAKE AND MODEL REDACTED,2,E01017490,0,1
2024421468132,2024,421468132,1,9,0,-1,19,1,5,-1,0,0,1,7,0,0,4,1,-1,9,1,38,7,2987,2,7,MAKE AND MODEL REDACTED,9,E01016002,0,4
2024411578127,2024,411578127,6,9,0,-1,19,7,3,-1,0,0,0,0,0,0,1,1,-1,6,1,58,9,1995,8,2,MAKE AND MODEL REDACTED,10,E01023948,0,3
2024501486055,2024,501486055,1,9,0,-1,9,4,2,-1,0,2,0,0,0,0,3,1,-1,6,1,61,9,2987,2,7,MAKE AND MODEL REDACTED,7,E01019908,0,1
2024440027627,2024,440027627,2,9,0,18,19,4,8,0,0,1,0,0,0,0,1,1,6,6,1,47,8,1990,1,22,MAZDA MODEL MISSING,10,E01022850,0,1
2024340WN6192,2024,340WN6192,2,9,0,-1,19,1,5,-1,0,0,5,0,2,4,2,1,-1,9,1,35,6,1340,1,12,MAZDA MODEL MISSING,6,E01004451,0,4
2024430555487,2024,430555487,2,9,0,11,11,6,3,0,0,3,0,0,0,0,4,1,6,6,1,33,6,2490,7,24,MAZDA MODEL MISSING,-1,-1,0,-1
2024010549669,2024,010549669,1,9,0,99,99,9,9,99,99,9,9,99,9,99,9,9,2,2,1,35,6,1830,1,31,MAZDA MODEL MISSING,8,E01000563,0,1
2024421529272,2024,421529272,2,9,0,-1,19,5,1,-1,0,0,0,0,0,0,1,1,-1,9,2,58,9,1990,1,26,MAZDA MODEL MISSING,7,E01016946,0,5
2024440251652,2024,440251652,3,9,0,18,19,7,3,0,0,0,0,0,1,7,2,1,6,6,2,59,9,1830,1,30,MAZDA MODEL MISSING,5,E01022832,0,2
2024101472153,2024,101472153,1,9,0,-1,9,7,5,-1,0,2,0,0,0,0,1,1,-1,6,2,53,8,1990,1,20,MAZDA MODEL MISSING,10,E01027494,0,1
2024552400969,2024,552400969,1,19,0,9,9,2,7,0,0,8,0,0,0,0,1,1,6,6,2,56,9,-1,-1,-1,MAZDA MODEL MISSING,6,E01004697,0,5
2024520402183,2024,520402183,2,19,0,18,19,7,3,0,0,0,0,0,0,0,1,1,6,6,3,-1,-1,-1,-1,-1,MAZDA MODEL MISSING,-1,-1,0,-1
2024371466497,2024,371466497,1,9,0,-1,7,3,1,-1,0,2,0,0,0,0,4,1,-1,9,1,18,4,1800,1,26,MAZDA MODEL MISSING,6,E01034562,0,2
2024201501757,2024,201501757,1,19,0,-1,2,0,0,-1,0,1,0,0,0,0,2,1,-1,6,2,47,8,-1,-1,-1,MAZDA MODEL MISSING,1,E01008966,0,1
2024461395602,2024,461395602,1,10,0,-1,5,3,7,-1,0,0,2,0,2,0,1,1,-1,9,2,36,7,-1,-1,-1,MAZDA MODEL MISSING,8,E01024451,0,2
2024471439899,2024,471439899,1,9,0,-1,19,5,1,-1,0,0,5,0,7,4,4,1,-1,9,1,18,4,1600,1,35,MAZDA MODEL MISSING,9,E01021227,0,1
2024471455796,2024,471455796,2,9,0,-1,19,7,3,-1,0,8,0,0,0,0,3,1,-1,6,2,53,8,1990,1,24,MAZDA MODEL MISSING,3,E01016952,0,1
2024531490169,2024,531490169,1,90,0,-1,19,1,1,-1,0,0,0,0,0,0,1,1,-1,7,2,50,8,1990,1,24,MAZDA MODEL MISSING,6,E01022236,0,1
2024991399479,2024,991399479,2,9,0,-1,15,3,7,-1,0,8,0,0,0,0,1,1,-1,6,1,53,8,2191,2,8,MAZDA MODEL MISSING,9,-1,0,1
2024548920724,2024,548920724,3,9,0,4,4,3,7,0,0,0,0,0,0,0,2,1,6,6,1,54,8,2490,2,28,MAZDA MODEL MISSING,-1,-1,0,-1
2024501437578,2024,501437578,1,9,0,-1,1,2,6,-1,0,1,0,0,0,0,2,1,-1,9,1,89,11,2000,1,13,MAZDA MODEL MISSING,2,E01020014,0,1
2024052401487,2024,052401487,2,9,0,4,4,3,7,0,0,1,0,0,0,0,2,1,6,6,1,51,8,2490,2,29,MAZDA MODEL MISSING,8,E01006682,0,1
2024351539326,2024,351539326,2,9,0,-1,2,0,0,-1,2,0,0,0,0,0,1,1,-1,6,-1,-1,-1,1999,1,12,MAZDA MODEL MISSING,-1,-1,0,-1
2024440272207,2024,440272207,3,19,0,18,19,4,8,0,0,0,0,0,0,0,1,1,2,2,1,51,8,-1,-1,-1,MAZDA MODEL MISSING,2,E01017363,0,1
2024231519736,2024,231519736,2,9,0,-1,19,4,8,-1,0,0,1,0,0,0,1,1,-1,2,1,46,8,-1,3,3,MERCEDES EQC CLASS,6,E01035333,0,5
2024991479558,2024,991479558,1,9,0,-1,7,5,7,-1,0,0,0,0,0,0,1,1,-1,2,2,37,7,-1,3,2,MERCEDES EQC CLASS,10,-1,0,2
2024461481166,2024,461481166,2,9,0,-1,7,6,6,-1,0,6,0,0,0,0,1,2,-1,9,2,37,7,-1,3,2,MERCEDES EQC CLASS,5,E01016127,0,1
2024411538825,2024,411538825,1,9,0,-1,9,8,6,-1,0,8,0,0,0,0,1,1,-1,1,1,34,6,-1,3,1,MERCEDES EQC CLASS,10,E01023361,0,3
2024052401529,2024,052401529,2,9,0,18,19,5,1,0,0,1,0,0,0,0,3,1,2,2,3,-1,-1,-1,3,3,MERCEDES EQC CLASS,-1,-1,0,-1
2024461475524,2024,461475524,1,9,0,-1,7,2,8,-1,0,2,0,0,0,0,0,2,-1,9,1,31,6,-1,3,3,MERCEDES EQC CLASS,7,E01032814,0,4
2024211530388,2024,211530388,2,9,0,-1,3,6,2,-1,0,0,0,0,0,0,3,1,-1,2,1,26,6,-1,3,3,MERCEDES EQC CLASS,-1,-1,0,-1
2024131490601,2024,131490601,1,9,0,-1,5,1,5,-1,0,2,0,0,0,0,1,1,-1,6,1,56,9,-1,3,1,MERCEDES EQC CLASS,2,E01011028,0,1
2024010502476,2024,010502476,1,9,0,99,99,9,9,99,99,9,9,99,9,99,9,9,2,2,1,46,8,-1,3,3,MERCEDES EQC CLASS,10,E01030789,0,4
2024461512178,2024,461512178,1,9,0,-1,9,1,3,-1,0,2,0,0,0,0,3,9,-1,6,2,38,7,-1,3,3,MERCEDES EQC CLASS,8,E01016095,0,1
2024221449240,2024,221449240,1,9,0,-1,9,4,2,-1,0,4,0,0,0,0,1,9,-1,6,1,70,10,-1,3,1,MERCEDES EQC CLASS,10,E01032149,0,2
2024101484586,2024,101484586,1,9,0,-1,19,7,3,-1,0,0,0,0,0,0,1,1,-1,6,1,-1,-1,-1,3,2,MERCEDES EQC CLASS,-1,-1,0,-1
2024421471447,2024,421471447,2,9,0,-1,7,-1,-1,-1,0,0,0,0,0,0,4,1,-1,9,2,43,7,-1,3,2,MERCEDES EQC CLASS,7,E01035286,0,4
2024451497724,2024,451497724,2,9,0,-1,19,7,3,-1,0,0,0,99,0,0,1,1,-1,6,1,40,7,-1,3,1,MERCEDES EQC CLASS,-1,-1,0,-1
2024991512557,2024,991512557,1,9,0,-1,19,2,6,-1,0,8,0,0,0,0,4,1,-1,1,1,31,6,-1,3,3,MERCEDES EQC CLASS,2,-1,0,3
2024010517058,2024,010517058,1,9,0,5,5,7,3,0,0,1,0,0,0,0,1,1,6,6,1,41,7,-1,3,1,MERCEDES EQC CLASS,9,E01002225,0,1
2024010537861,2024,010537861,1,9,0,2,2,1,5,0,0,0,0,0,0,0,1,1,6,6,3,-1,-1,-1,3,3,MERCEDES EQC CLASS,-1,-1,0,-1
2024010491904,2024,010491904,1,9,0,4,4,5,1,0,0,1,0,0,0,0,4,1,3,7,2,48,8,-1,3,1,MERCEDES EQC CLASS,7,E01000298,0,1
2024411556755,2024,411556755,2,9,0,-1,19,1,5,-1,0,0,1,0,2,11,4,1,-1,2,2,47,8,-1,3,3,MERCEDES EQC CLASS,7,E01015719,0,3
2024311429336,2024,311429336,1,9,0,-1,6,7,7,-1,0,0,0,0,0,0,2,1,-1,9,2,38,7,-1,3,1,MERCEDES EQC CLASS,9,E01028386,0,1
2024161418034,2024,161418034,1,9,0,-1,5,1,5,-1,9,0,0,0,0,0,4,9,-1,6,1,-1,-1,-1,3,4,MERCEDES EQC CLASS,8,E01012955,0,1
2024010496941,2024,010496941,1,9,0,9,9,5,2,0,0,1,0,0,0,0,1,1,6,6,2,59,9,-1,3,2,MERCEDES EQC CLASS,8,E01000963,0,1
2024451469433,2024,451469433,1,9,0,-1,19,4,8,-1,0,0,0,0,0,0,1,1,-1,2,2,38,7,-1,3,2,MERCEDES EQC CLASS,10,E01030691,0,1
2024501401841,2024,501401841,1,9,0,-1,9,8,5,-1,0,8,0,0,0,0,3,9,-1,6,1,54,8,-1,3,2,MERCEDES EQC CLASS,2,E01015210,0,1
2024010514254,2024,010514254,2,9,0,9,9,6,4,0,0,6,0,0,0,0,1,1,2,2,1,37,7,-1,3,4,MERCEDES EQC CLASS,5,E01023830,0,3
2024031470912,2024,031470912,2,9,0,-1,19,6,2,-1,0,0,0,0,0,0,1,1,-1,2,1,45,7,-1,3,1,MERCEDES EQC CLASS,7,E01019382,0,3
2024320223103,2024,320223103,2,9,0,4,4,2,6,0,0,0,0,0,1,0,2,1,-1,-1,1,47,8,-1,3,1,MERCEDES EQC CLASS,10,E01026305,0,1
2024201423262,2024,201423262,2,9,0,-1,19,6,2,-1,0,0,0,0,0,0,2,1,-1,2,2,43,7,-1,3,1,MERCEDES EQC CLASS,6,E01013589,0,4
2024052400326,2024,052400326,1,9,0,1,1,3,7,0,0,0,0,0,0,0,2,1,2,2,2,33,6,-1,3,4,MERCEDES EQC CLASS,10,E01006321,0,3
2024010502318,2024,010502318,2,9,0,1,1,5,2,0,0,2,0,0,0,0,2,1,6,6,2,73,10,-1,3,1,MERCEDES EQC CLASS,8,E01000536,0,1
2024522402576,2024,522402576,2,9,0,18,19,6,2,0,0,4,0,0,0,0,1,1,6,6,3,-1,-1,-1,3,2,MERCEDES EQC CLASS,-1,-1,0,-1
2024411531142,2024,411531142,1,9,0,-1,7,3,5,-1,0,8,0,0,0,0,1,1,-1,6,2,47,8,-1,3,2,MERCEDES EQC CLASS,9,E01023731,0,1
2024010519483,2024,010519483,1,9,0,4,4,1,5,9,9,0,0,0,3,10,1,1,1,1,2,73,10,-1,3,1,MERCEDES EQC CLASS,9,E01002271,0,1
2024531523722,2024,531523722,1,9,0,-1,4,5,3,-1,0,2,0,0,0,0,1,1,-1,9,2,43,7,-1,3,2,MERCEDES EQC CLASS,9,E01022136,0,1
2024071057382,2024,071057382,2,9,0,-1,19,1,5,-1,0,1,0,0,0,0,1,1,-1,6,2,32,6,-1,3,4,MERCEDES EQC CLASS,9,E01018403,0,1
2024430389686,2024,430389686,1,9,0,18,19,8,4,0,0,8,0,0,0,0,1,1,6,6,1,55,8,-1,3,2,MERCEDES EQC CLASS,7,E01017834,0,1
2024010501862,2024,010501862,1,9,0,18,19,7,3,0,0,0,0,0,0,0,4,1,6,6,1,-1,-1,-1,3,3,MERCEDES EQC CLASS,10,E01000756,0,1
2024010537261,2024,010537261,1,9,0,2,2,0,0,0,0,1,0,0,0,0,3,1,6,6,3,-1,-1,-1,3,4,MERCEDES EQC CLASS,-1,-1,0,-1
2024451432024,2024,451432024,3,9,0,-1,12,3,7,-1,0,0,1,2,0,0,3,1,-1,9,1,48,8,-1,3,2,MERCEDES EQC CLASS,9,E01000753,0,3
2024332400069,2024,332400069,1,9,0,-1,5,1,5,-1,0,6,0,0,0,0,3,1,-1,9,1,47,8,-1,3,3,MERCEDES EQC CLASS,8,E01025951,0,1
2024501437075,2024,501437075,1,9,0,-1,19,7,3,-1,0,0,0,0,0,0,9,9,-1,7,2,54,8,-1,3,3,MERCEDES EQC CLASS,9,E01020038,0,1
2024010503258,2024,010503258,1,9,0,99,99,9,9,99,99,9,9,99,9,99,2,9,2,2,2,37,7,-1,3,2,MERCEDES EQC CLASS,10,E01000815,0,2
2024201466728,2024,201466728,2,9,0,-1,7,5,7,-1,0,5,0,0,0,0,2,1,-1,9,1,31,6,-1,3,1,MERCEDES EQC CLASS,-1,-1,0,-1
2024302400641,2024,302400641,1,9,0,6,6,8,8,0,0,0,0,0,0,0,3,2,6,6,1,39,7,-1,3,2,MERCEDES EQC CLASS,10,E01013544,0,1
2024461452825,2024,461452825,1,9,0,-1,5,8,8,-1,0,8,0,0,0,0,1,1,-1,9,2,32,6,-1,3,3,MERCEDES EQC CLASS,6,E01035311,0,1
2024231531240,2024,231531240,2,9,0,-1,7,2,8,-1,0,8,1,0,7,0,1,9,-1,2,1,50,8,-1,3,1,MERCEDES EQC CLASS,1,E01031043,0,2
2024471470566,2024,471470566,1,9,0,-1,19,1,5,-1,0,8,0,0,0,0,4,1,-1,9,1,58,9,-1,3,2,MERCEDES EQC CLASS,3,E01031657,0,4
2024440423761,2024,440423761,1,4,0,18,19,5,1,0,0,0,1,0,0,0,3,1,6,6,1,21,5,125,1,0,MAKE AND MODEL REDACTED,9,E01022644,0,2
2024421477032,2024,421477032,2,4,0,-1,9,7,5,-1,0,4,0,0,0,0,3,1,-1,6,1,21,5,125,1,3,MAKE AND MODEL REDACTED,3,E01021860,0,1
2024501452715,2024,501452715,1,3,0,-1,19,7,3,-1,0,0,0,0,0,0,1,1,-1,1,1,42,7,125,1,0,MAKE AND MODEL REDACTED,6,E01018798,0,2
2024361433573,2024,361433573,1,4,0,-1,19,7,3,-1,0,0,1,0,0,0,3,1,-1,9,1,66,10,243,1,42,MAKE AND MODEL REDACTED,-1,-1,0,-1
2024991486127,2024,991486127,3,5,0,-1,19,4,8,-1,0,0,1,0,0,0,2,1,-1,9,1,39,7,243,1,36,MAKE AND MODEL REDACTED,9,-1,0,4
2024010517315,2024,010517315,1,9,0,16,19,5,1,0,0,0,0,7,0,0,1,1,6,6,1,48,8,-1,3,1,PORSCHE TAYCAN,9,E01002961,0,1
2024440272537,2024,440272537,1,9,4,2,2,0,0,0,0,2,0,0,0,0,0,1,6,6,3,-1,-1,-1,3,2,PORSCHE TAYCAN,-1,-1,0,-1
2024471453585,2024,471453585,2,9,0,-1,13,7,3,-1,0,0,1,0,8,0,1,1,-1,2,1,41,7,-1,3,4,PORSCHE TAYCAN,2,E01034827,0,1
2024010539661,2024,010539661,2,9,0,2,2,0,0,0,0,1,0,0,0,0,3,1,6,6,3,-1,-1,-1,3,2,PORSCHE TAYCAN,-1,-1,0,-1
2024451461344,2024,451461344,6,9,0,-1,5,3,7,-1,0,0,0,0,0,0,1,1,-1,9,1,60,9,-1,3,3,PORSCHE TAYCAN,9,E01030918,0,1
2024010551807,2024,010551807,2,9,0,14,14,7,3,0,0,1,0,4,0,0,4,1,6,6,1,22,5,-1,3,4,PORSCHE TAYCAN,7,E01004657,0,1
2024010512349,2024,010512349,1,9,0,18,19,3,7,0,0,0,0,4,0,0,1,1,6,6,1,52,8,-1,3,3,PORSCHE TAYCAN,9,E01023731,0,4
2024010528619,2024,010528619,2,9,0,18,19,5,1,0,0,1,0,0,0,0,3,1,6,6,1,52,8,-1,3,3,PORSCHE TAYCAN,9,E01004587,0,1
2024010546390,2024,010546390,1,9,0,99,99,9,9,99,99,9,9,99,9,99,1,9,6,6,3,-1,-1,-1,3,4,PORSCHE TAYCAN,-1,-1,0,-1
2024201547228,2024,201547228,1,9,0,-1,4,5,5,-1,0,2,0,0,0,0,1,9,-1,6,1,27,6,-1,3,4,PORSCHE TAYCAN,-1,-1,0,-1
2024440225061,2024,440225061,3,9,0,18,19,2,6,0,0,0,0,0,0,0,3,1,6,6,2,48,8,-1,3,1,PORSCHE TAYCAN,6,E01023196,0,2
2024010548155,2024,010548155,2,9,0,99,99,9,9,99,99,9,9,99,9,99,2,9,6,6,3,-1,-1,-1,3,3,PORSCHE TAYCAN,-1,-1,0,-1
2024010540487,2024,010540487,1,9,0,13,13,1,5,0,0,0,0,0,0,0,3,1,1,1,1,47,8,-1,3,0,PORSCHE TAYCAN,7,E01024459,0,3
2024131407359,2024,131407359,1,9,0,-1,4,7,3,-1,0,0,0,0,0,0,2,1,-1,2,1,56,9,-1,3,3,PORSCHE TAYCAN,2,E01011852,0,4
2024141423977,2024,141423977,1,9,0,-1,19,1,5,-1,0,0,0,0,0,0,1,1,-1,9,1,51,8,-1,3,2,PORSCHE TAYCAN,10,E01007930,0,1
2024451518737,2024,451518737,3,9,0,-1,19,5,1,-1,0,0,0,0,0,0,1,1,-1,9,1,47,8,-1,3,2,PORSCHE TAYCAN,6,E01030458,0,3
2024010528683,2024,010528683,2,9,0,18,19,1,5,0,0,1,0,4,0,0,1,1,6,6,1,18,4,-1,3,3,PORSCHE TAYCAN,9,E01001905,0,1
2024320418449,2024,320418449,1,9,0,-1,-1,2,6,0,0,0,5,0,1,9,1,1,6,6,1,53,8,-1,3,2,PORSCHE TAYCAN,10,E01026302,0,2
2024101484208,2024,101484208,3,9,0,-1,4,7,3,-1,0,0,0,0,0,0,2,1,-1,6,2,44,7,-1,3,0,PORSCHE TAYCAN,10,E01027471,0,3
2024131510085,2024,131510085,1,9,0,-1,19,1,5,-1,0,1,0,0,0,0,1,2,-1,6,1,63,9,-1,3,1,PORSCHE TAYCAN,2,E01010752,0,2
2024010529002,2024,010529002,1,9,0,18,19,1,5,0,0,0,0,10,1,10,1,1,6,6,1,56,9,-1,3,1,PORSCHE TAYCAN,3,E01001503,0,2
2024451400893,2024,451400893,1,9,0,-1,14,3,7,-1,0,0,0,0,0,0,4,1,-1,6,1,41,7,-1,3,4,PORSCHE TAYCAN,-1,-1,0,-1
2024010490711,2024,010490711,3,9,0,2,2,0,0,9,9,0,0,0,0,0,3,1,6,6,3,-1,-1,-1,3,1,PORSCHE TAYCAN,-1,-1,0,-1