collision_index,collision_year,collision_ref_no,vehicle_reference,vehicle_type,towing_and_articulation,vehicle_manoeuvre_historic,vehicle_manoeuvre,vehicle_direction_from,vehicle_direction_to,vehicle_location_restricted_lane_historic,vehicle_location_restricted_lane,junction_location,skidding_and_overturning,hit_object_in_carriageway,vehicle_leaving_carriageway,hit_object_off_carriageway,first_point_of_impact,vehicle_left_hand_drive,journey_purpose_of_driver_historic,journey_purpose_of_driver,sex_of_driver,age_of_driver,age_band_of_driver,engine_capacity_cc,propulsion_code,age_of_vehicle,generic_make_model,driver_imd_decile,lsoa_of_driver,escooter_flag,driver_distance_banding
2024471517152,2024,471517152,1,9,0,-1,4,3,7,-1,0,0,0,0,0,0,1,1,-1,6,1,44,7,-1,3,2,PORSCHE TAYCAN,9,E01031823,0,1
2024991495655,2024,991495655,1,9,0,-1,19,7,3,-1,0,8,0,0,0,0,1,1,-1,6,1,48,8,-1,3,4,PORSCHE TAYCAN,6,-1,0,4
2024041400792,2024,041400792,2,9,0,-1,9,1,7,-1,0,5,0,0,0,0,3,1,-1,2,2,39,7,-1,3,1,PORSCHE TAYCAN,8,E01025547,0,4
2024010533066,2024,010533066,2,9,0,99,99,9,9,99,99,9,9,99,9,99,9,9,6,6,3,-1,-1,-1,3,3,PORSCHE TAYCAN,-1,-1,0,-1
2024010548679,2024,010548679,1,9,0,18,19,1,5,0,0,1,0,0,0,0,1,1,6,6,1,41,7,-1,3,2,PORSCHE TAYCAN,7,E01004544,0,1
2024531481606,2024,531481606,2,9,0,-1,2,0,0,-1,0,0,0,0,0,0,2,1,-1,6,-1,-1,-1,-1,3,2,PORSCHE TAYCAN,-1,-1,0,-1
2024421408467,2024,421408467,1,9,0,-1,19,8,5,-1,0,4,0,9,0,0,1,9,-1,9,1,32,6,-1,3,1,PORSCHE TAYCAN,6,E01002380,0,2
2024010515851,2024,010515851,1,9,0,5,5,0,5,0,0,0,0,10,7,10,1,1,6,6,1,24,5,-1,3,4,PORSCHE TAYCAN,5,E01000471,0,2
2024201468880,2024,201468880,1,9,0,-1,19,2,6,-1,0,0,0,0,0,0,2,1,-1,6,2,60,9,-1,3,2,PORSCHE TAYCAN,9,E01010547,0,1
2024471434115,2024,471434115,2,9,0,-1,9,8,6,-1,0,2,0,0,0,0,3,1,-1,9,1,50,8,-1,3,4,PORSCHE TAYCAN,6,E01015286,0,5
2024411525917,2024,411525917,4,9,0,-1,3,1,6,-1,0,0,0,0,0,0,2,1,-1,9,1,41,7,-1,3,1,PORSCHE TAYCAN,7,E01002226,0,3
2024501478953,2024,501478953,1,9,0,-1,7,2,6,-1,0,0,0,0,0,0,1,1,-1,1,1,31,6,1199,8,0,MAKE AND MODEL REDACTED,7,E01020219,0,3
2024010519330,2024,010519330,2,9,9,18,19,9,9,99,99,9,9,99,9,99,9,9,6,6,3,-1,-1,-1,3,14,MAKE AND MODEL REDACTED,-1,-1,0,-1
2024052402195,2024,052402195,1,4,0,9,9,3,1,0,0,0,0,0,0,0,2,1,6,6,1,30,6,293,1,3,MAKE AND MODEL REDACTED,1,E01006552,0,1
2024302500207,2024,302500207,1,8,0,-1,19,8,5,-1,0,0,0,0,1,10,1,1,-1,1,1,51,8,1490,8,7,MAKE AND MODEL REDACTED,1,E01006065,0,4
2024461459520,2024,461459520,2,11,0,-1,13,3,7,-1,0,0,0,0,0,0,4,1,-1,1,1,62,9,12902,2,5,MAKE AND MODEL REDACTED,4,E01019037,0,5
2024010541923,2024,010541923,2,9,0,99,99,9,9,99,99,9,9,99,9,99,3,9,6,6,2,28,6,1598,1,14,VAUXHALL ASTRA,4,E01003249,0,1
2024201463007,2024,201463007,1,9,0,-1,9,2,7,-1,0,8,0,0,0,0,1,1,-1,6,1,30,6,1598,2,8,VAUXHALL ASTRA,-1,-1,0,-1
2024010523885,2024,010523885,1,9,0,2,2,0,0,99,99,1,0,0,0,0,2,9,6,6,3,-1,-1,1399,1,8,VAUXHALL ASTRA,-1,-1,0,-1
2024320678124,2024,320678124,2,9,0,-1,-1,3,8,0,0,3,0,0,0,0,1,1,-1,-1,1,75,10,1796,1,18,VAUXHALL ASTRA,9,E01026164,0,1
2024320206790,2024,320206790,2,9,0,-1,-1,5,1,0,0,0,0,0,0,0,1,1,-1,-1,2,32,6,1956,2,11,VAUXHALL ASTRA,10,E01027355,0,5
2024991504423,2024,991504423,2,9,0,-1,9,1,7,-1,0,8,0,0,1,0,3,1,-1,6,1,45,7,1686,2,16,VAUXHALL ASTRA,8,-1,0,1
2024201517451,2024,201517451,1,9,0,-1,19,1,6,-1,0,0,0,0,0,0,2,1,-1,6,1,35,6,1364,1,15,VAUXHALL ASTRA,4,E01009159,0,3
2024010551715,2024,010551715,1,9,0,3,3,1,5,0,0,1,0,0,0,0,1,1,6,6,1,71,10,1796,1,16,VAUXHALL ASTRA,2,E01002078,0,1
2024340NN2782,2024,340NN2782,1,9,0,-1,19,5,1,-1,0,0,0,4,7,2,1,1,-1,9,1,60,9,1598,2,7,VAUXHALL ASTRA,5,E01027126,0,3
2024302400413,2024,302400413,2,9,0,5,5,7,4,0,0,3,0,0,3,0,1,1,2,2,1,24,5,1598,1,11,VAUXHALL ASTRA,5,E01019873,0,1
2024451505116,2024,451505116,2,9,0,-1,19,1,5,-1,0,0,0,0,0,0,2,1,-1,6,-1,-1,-1,1686,2,13,VAUXHALL ASTRA,-1,-1,0,-1
2024231507343,2024,231507343,2,9,0,-1,6,8,8,-1,0,0,0,0,0,0,3,1,-1,9,1,27,6,1598,2,6,VAUXHALL ASTRA,3,E01032194,0,4
2024010506106,2024,010506106,2,9,0,18,19,5,1,0,0,2,0,0,0,0,1,1,6,6,1,32,6,1598,1,14,VAUXHALL ASTRA,2,E01004035,0,1
2024631503153,2024,631503153,2,9,0,-1,11,3,1,-1,0,8,0,0,0,0,4,1,-1,9,1,67,10,1598,1,27,VAUXHALL ASTRA,7,W01000507,0,4
2024451473817,2024,451473817,2,9,0,-1,19,-1,-1,-1,0,6,0,0,0,0,-1,1,-1,6,1,30,6,1686,2,13,VAUXHALL ASTRA,-1,-1,0,-1
2024041524019,2024,041524019,1,9,0,-1,19,5,1,-1,0,0,5,0,4,0,1,1,-1,9,1,35,6,1956,2,11,VAUXHALL ASTRA,3,E01025312,0,3
2024541233924,2024,541233924,1,9,0,9,9,8,4,0,0,6,0,0,0,0,1,1,6,6,1,-1,-1,1956,2,13,VAUXHALL ASTRA,5,E01031860,0,1
2024320142366,2024,320142366,2,9,0,7,7,4,5,0,0,5,0,0,0,0,2,1,6,6,1,34,6,1399,1,7,VAUXHALL ASTRA,3,E01026023,0,3
2024141523892,2024,141523892,1,9,0,-1,19,5,4,-1,0,0,0,7,0,0,1,1,-1,6,1,33,6,1998,1,18,VAUXHALL ASTRA,4,E01019526,0,2
2024471474091,2024,471474091,2,9,0,-1,19,7,3,-1,0,8,0,0,7,4,3,1,-1,9,1,26,6,1598,1,6,VAUXHALL ASTRA,2,E01021037,0,3
2024411446256,2024,411446256,2,9,0,-1,9,3,8,-1,0,8,0,0,0,0,3,1,-1,2,2,23,5,1598,1,14,VAUXHALL ASTRA,9,E01017582,0,4
2024231436834,2024,231436834,2,9,0,-1,19,6,2,-1,0,8,0,0,0,0,1,1,-1,6,2,33,6,-1,-1,-1,VAUXHALL ASTRA,7,E01031293,0,1
2024401430472,2024,401430472,1,9,0,-1,19,8,4,-1,0,1,0,0,0,0,1,1,-1,6,1,36,7,1598,1,12,VAUXHALL ASTRA,5,E01017475,0,1
2024101442801,2024,101442801,1,9,0,-1,20,5,1,-1,0,0,0,0,0,0,4,1,-1,9,1,78,11,1598,1,12,VAUXHALL ASTRA,8,E01008531,0,4
2024131415150,2024,131415150,1,9,0,-1,5,2,8,-1,0,0,0,0,0,0,1,1,-1,2,2,44,7,1399,1,8,VAUXHALL ASTRA,4,E01011158,0,1
2024302401715,2024,302401715,2,9,0,9,9,5,2,0,0,6,0,0,0,0,1,1,6,6,1,59,9,1686,2,11,VAUXHALL ASTRA,1,E01008022,0,1
2024010507291,2024,010507291,2,9,0,18,19,4,8,0,0,1,0,0,0,0,0,1,1,1,1,42,7,1399,1,5,VAUXHALL ASTRA,8,E01002817,0,1
2024010546394,2024,010546394,2,9,3,7,7,7,1,0,0,1,0,0,0,0,1,1,6,6,3,-1,-1,1364,1,17,VAUXHALL ASTRA,-1,-1,0,-1
2024451463148,2024,451463148,1,9,0,-1,19,1,5,-1,0,0,0,0,0,0,1,1,-1,9,1,42,7,1598,1,17,VAUXHALL ASTRA,2,E01017707,0,4
2024010513774,2024,010513774,2,9,0,2,2,0,0,0,0,0,0,0,0,0,3,1,6,6,3,-1,-1,1598,2,9,VAUXHALL ASTRA,-1,-1,0,-1
2024311397357,2024,311397357,2,9,0,-1,19,4,8,-1,0,0,0,0,0,0,1,1,-1,9,1,64,9,1598,1,14,VAUXHALL ASTRA,1,E01013885,0,1
202417M116624,2024,17M116624,1,9,0,-1,19,2,6,-1,0,0,0,0,0,0,1,1,-1,2,1,37,7,1686,2,13,VAUXHALL ASTRA,1,E01033469,0,1
2024471519426,2024,471519426,1,9,0,-1,19,3,7,-1,0,0,0,0,0,0,1,1,-1,9,2,34,6,1598,1,17,VAUXHALL ASTRA,9,E01031816,0,3
2024631457960,2024,631457960,2,9,0,-1,19,2,6,-1,0,8,0,0,1,10,1,1,-1,6,2,80,11,1364,1,16,VAUXHALL ASTRA,3,W01000626,0,1
2024311525553,2024,311525553,1,9,0,-1,9,2,7,-1,0,6,0,0,0,0,1,1,-1,1,1,45,7,-1,-1,-1,VAUXHALL ASTRA,3,E01025705,0,4
2024501525829,2024,501525829,1,9,0,-1,19,2,7,-1,0,0,1,0,8,4,3,1,-1,9,2,76,11,1796,1,17,VAUXHALL ASTRA,2,E01018949,0,3
2024231520946,2024,231520946,1,9,0,-1,19,1,5,-1,0,1,0,0,1,0,3,1,-1,6,2,31,6,999,1,8,VAUXHALL ASTRA,5,E01009647,0,3
2024211518603,2024,211518603,2,9,0,-1,3,8,8,-1,0,1,0,0,0,0,3,1,-1,2,1,32,6,1686,2,10,VAUXHALL ASTRA,-1,-1,0,-1
202454C190224,2024,54C190224,2,9,0,18,19,6,2,0,0,8,0,0,0,0,1,1,6,6,2,49,8,1598,2,6,VAUXHALL ASTRA,7,E01033843,0,3
2024141518732,2024,141518732,2,9,0,-1,19,5,1,-1,0,0,0,0,0,0,1,1,-1,2,1,28,6,1956,2,13,VAUXHALL ASTRA,1,E01007577,0,1
2024010529424,2024,010529424,1,9,0,99,99,9,9,99,99,9,9,99,9,99,9,9,6,6,1,36,7,1598,2,5,VAUXHALL ASTRA,8,E01000768,0,1
2024010532303,2024,010532303,1,9,0,17,19,2,8,0,0,6,1,0,0,0,3,1,6,6,1,24,5,1956,2,9,VAUXHALL ASTRA,1,E01000524,0,3
2024101487203,2024,101487203,1,9,-1,-1,19,1,5,-1,0,6,0,0,0,0,-1,1,-1,2,1,26,6,1496,2,4,VAUXHALL ASTRA,-1,-1,0,-1
2024631425200,2024,631425200,1,9,0,-1,19,6,3,-1,0,0,0,0,1,9,1,1,-1,9,1,44,7,1598,1,14,VAUXHALL ASTRA,5,W01000455,0,4
2024041479924,2024,041479924,2,9,0,-1,4,5,7,-1,0,1,0,0,0,0,4,9,-1,2,1,31,6,1598,1,12,VAUXHALL ASTRA,3,E01012685,0,1
2024201480435,2024,201480435,1,9,0,-1,5,3,7,-1,0,8,0,0,0,0,4,1,-1,6,1,20,4,1398,1,14,VAUXHALL ASTRA,-1,-1,0,-1
2024010538545,2024,010538545,2,9,0,99,99,9,9,99,99,9,9,99,9,99,9,9,6,6,1,59,9,1598,1,14,VAUXHALL ASTRA,10,E01031741,0,4
2024010524590,2024,010524590,4,9,0,18,19,3,7,0,0,1,0,0,0,0,1,1,6,6,1,31,6,1598,1,11,VAUXHALL ASTRA,7,E01030701,0,2
2024531422990,2024,531422990,1,9,0,-1,19,3,7,-1,0,1,0,0,0,0,1,1,-1,9,2,53,8,1598,2,10,VAUXHALL ASTRA,7,E01031215,0,3
2024320130912,2024,320130912,1,9,0,-1,-1,6,2,0,0,0,0,0,7,0,1,1,6,6,2,32,6,1956,2,10,VAUXHALL ASTRA,3,E01026017,0,4
2024061461675,2024,061461675,2,9,0,-1,-1,-1,-1,-1,-1,0,-1,-1,-1,0,0,9,-1,6,3,-1,-1,1399,1,5,VAUXHALL ASTRA,-1,-1,0,-1
2024361423245,2024,361423245,1,9,0,-1,19,7,3,-1,0,1,0,0,0,0,1,1,-1,2,2,38,7,1910,2,17,VAUXHALL ASTRA,1,E01026624,0,1
2024010517816,2024,010517816,1,9,0,18,19,7,3,0,0,1,0,0,0,0,1,1,6,6,3,-1,-1,1362,1,11,VAUXHALL ASTRA,-1,-1,0,-1
2024471475184,2024,471475184,1,9,0,-1,5,3,7,-1,0,8,0,0,0,0,0,1,-1,9,2,84,11,1598,1,21,VAUXHALL ASTRA,6,E01034305,0,1
2024332400098,2024,332400098,1,9,0,-1,9,9,9,-1,0,6,0,0,0,0,1,1,-1,6,3,-1,-1,1686,2,14,VAUXHALL ASTRA,-1,-1,0,-1
2024340WN0432,2024,340WN0432,1,9,0,-1,19,5,1,-1,0,0,1,0,0,0,1,1,-1,9,1,22,5,1956,2,12,VAUXHALL ASTRA,3,E01017906,0,4
2024101455212,2024,101455212,1,9,0,-1,9,1,6,-1,0,0,0,0,0,0,1,1,-1,2,1,39,7,1598,1,14,VAUXHALL ASTRA,3,E01008219,0,1
202460Q046894,2024,60Q046894,2,9,0,18,19,7,3,0,0,1,0,0,0,0,3,1,6,6,1,24,5,1598,1,10,VAUXHALL ASTRA,-1,-1,0,-1
2024141486097,2024,141486097,3,9,0,-1,19,6,2,-1,0,0,0,0,0,0,2,1,-1,9,1,69,10,1199,1,0,VAUXHALL ASTRA,2,E01007397,0,4
2024520401845,2024,520401845,2,9,0,18,19,5,1,0,0,8,0,0,0,0,1,1,6,6,1,-1,-1,1598,1,18,VAUXHALL ASTRA,2,E01029177,0,3
2024501448251,2024,501448251,1,9,0,-1,19,8,4,-1,0,0,0,0,0,0,4,1,-1,9,1,26,6,1598,1,12,VAUXHALL ASTRA,8,E01018811,0,1
2024542771924,2024,542771924,1,9,0,18,19,2,6,0,0,0,0,0,1,11,1,1,6,6,1,20,4,1686,2,14,VAUXHALL ASTRA,8,E01032033,0,1
2024010528961,2024,010528961,1,9,0,99,99,9,9,99,99,9,9,99,9,99,2,9,6,6,2,46,8,1399,1,8,VAUXHALL ASTRA,7,E01000340,0,2
2024131460297,2024,131460297,1,9,0,-1,19,4,8,-1,0,0,0,0,0,0,3,1,-1,9,1,41,7,1598,2,7,VAUXHALL ASTRA,3,E01011758,0,1
2024991521377,2024,991521377,1,9,0,-1,9,7,1,-1,0,6,0,0,1,0,3,1,-1,6,1,64,9,1956,2,9,VAUXHALL ASTRA,6,-1,0,1
2024320144618,2024,320144618,1,9,0,-1,-1,7,3,0,0,1,0,0,0,0,1,1,6,6,2,35,6,1910,2,15,VAUXHALL ASTRA,4,E01026055,0,2
2024320385926,2024,320385926,3,9,0,-1,-1,5,1,0,0,0,0,0,0,0,1,1,-1,-1,1,29,6,1399,1,6,VAUXHALL ASTRA,2,E01015654,0,4
2024201424386,2024,201424386,2,9,0,-1,5,7,3,-1,0,8,0,0,0,0,1,9,-1,9,1,24,5,1598,1,14,VAUXHALL ASTRA,2,E01009225,0,2
2024122500061,2024,122500061,2,9,0,8,8,2,5,0,0,1,0,0,0,0,3,1,6,6,2,39,7,1598,1,16,VAUXHALL ASTRA,6,E01013364,0,1
2024302400935,2024,302400935,2,9,0,2,2,0,0,0,0,0,0,0,0,0,1,1,6,6,3,-1,-1,1364,1,10,VAUXHALL ASTRA,-1,-1,0,-1
2024501409602,2024,501409602,2,9,0,-1,19,8,4,-1,0,0,0,0,0,0,1,1,-1,6,2,32,6,1398,1,11,VAUXHALL ASTRA,6,E01019971,0,2
2024471485445,2024,471485445,1,9,0,-1,19,7,3,-1,0,6,0,0,0,0,1,1,-1,9,1,32,6,1956,2,13,VAUXHALL ASTRA,9,E01031475,0,1
2024061482808,2024,061482808,2,9,0,-1,4,3,1,-1,0,1,0,0,0,0,2,1,-1,6,2,35,6,1248,2,11,VAUXHALL ASTRA,-1,-1,0,-1
2024101470075,2024,101470075,3,9,0,-1,19,2,6,-1,0,0,0,10,0,0,3,1,-1,6,1,74,10,1364,1,18,VAUXHALL ASTRA,-1,-1,0,-1
2024131453676,2024,131453676,2,9,0,-1,2,0,0,-1,0,8,0,0,0,0,2,1,-1,6,-1,-1,-1,1956,2,11,VAUXHALL ASTRA,-1,-1,0,-1
2024371507056,2024,371507056,2,9,0,-1,19,7,3,-1,0,8,0,0,0,0,1,1,-1,2,1,51,8,1399,1,6,VAUXHALL ASTRA,2,E01030248,0,1
2024302401101,2024,302401101,1,9,0,18,19,7,4,0,0,1,0,0,3,4,1,1,6,6,1,26,6,1598,1,15,VAUXHALL ASTRA,2,E01013571,0,1
2024991420446,2024,991420446,2,9,0,-1,2,0,0,-1,0,0,0,0,0,0,2,1,-1,6,-1,-1,-1,1598,1,17,VAUXHALL ASTRA,-1,-1,0,-1
202454F088724,2024,54F088724,2,9,0,4,4,3,7,0,0,0,0,0,0,0,2,1,6,6,1,44,7,1398,1,14,VAUXHALL ASTRA,4,E01003230,0,5
2024451525724,2024,451525724,2,9,0,-1,5,3,1,-1,0,0,0,0,6,0,1,1,-1,9,1,33,6,1398,1,12,VAUXHALL ASTRA,9,E01030977,0,1
2024401486323,2024,401486323,1,9,0,-1,19,7,3,-1,0,2,0,0,0,0,4,1,-1,1,1,43,7,1686,2,13,VAUXHALL ASTRA,4,E01015752,0,1
2024501495408,2024,501495408,1,9,0,-1,19,3,5,-1,0,0,0,0,0,0,3,1,-1,6,1,58,9,1399,1,6,VAUXHALL ASTRA,1,E01015023,0,1
2024501486506,2024,501486506,1,9,0,-1,19,1,5,-1,0,0,0,0,0,0,1,1,-1,9,1,37,7,1598,1,18,VAUXHALL ASTRA,2,E01007448,0,5
2024332400224,2024,332400224,1,9,0,-1,6,1,1,-1,0,0,0,0,0,0,1,1,-1,9,2,27,6,1598,1,18,VAUXHALL ASTRA,10,E01025982,0,1
2024361428610,2024,361428610,1,9,0,-1,13,8,4,-1,0,0,0,0,0,0,3,1,-1,9,1,57,9,1248,2,10,VAUXHALL ASTRA,6,E01026486,0,1
2024340NN0472,2024,340NN0472,1,9,0,-1,19,7,3,-1,0,1,0,0,0,0,1,1,-1,9,1,58,9,1796,1,17,VAUXHALL ASTRA,6,E01027073,0,2
2024161434147,2024,161434147,1,9,0,-1,9,7,3,-1,0,8,0,0,1,0,4,1,-1,9,1,32,6,1686,2,14,VAUXHALL ASTRA,6,E01012953,0,2
2024522402872,2024,522402872,2,9,0,9,9,7,5,0,0,6,0,0,0,0,1,1,6,6,2,21,5,1598,1,13,VAUXHALL ASTRA,5,E01014548,0,1
2024201446055,2024,201446055,1,9,0,-1,19,7,3,-1,0,4,0,0,0,0,1,9,-1,6,3,-1,-1,1598,1,12,VAUXHALL ASTRA,-1,-1,0,-1
2024311441561,2024,311441561,1,9,0,-1,7,3,7,-1,0,0,0,0,0,0,4,1,-1,9,1,27,6,1598,2,7,VAUXHALL ASTRA,4,E01013929,0,1
2024041520903,2024,041520903,1,9,0,-1,7,1,3,-1,0,8,0,0,0,0,1,1,-1,6,1,42,7,1598,1,13,VAUXHALL ASTRA,2,E01025291,0,1
2024401471022,2024,401471022,1,9,0,-1,19,5,1,-1,0,1,0,0,0,0,1,1,-1,6,1,-1,-1,1686,2,11,VAUXHALL ASTRA,-1,-1,0,-1
2024221440189,2024,221440189,1,9,0,-1,2,0,0,-1,0,0,0,0,0,0,0,1,-1,6,1,24,5,1598,1,11,VAUXHALL ASTRA,5,E01032181,0,4
2024421464847,2024,421464847,1,9,0,-1,4,3,3,-1,0,4,0,0,0,0,1,1,-1,2,2,30,6,1598,1,12,VAUXHALL ASTRA,9,E01021926,0,1
2024201450750,2024,201450750,2,9,0,-1,19,5,8,-1,0,0,0,0,0,0,1,1,-1,6,1,60,9,1686,2,20,VAUXHALL ASTRA,5,E01029623,0,1
2024010516363,2024,010516363,1,9,0,99,99,9,9,99,99,9,9,99,9,99,9,9,6,6,3,-1,-1,1364,1,9,VAUXHALL ASTRA,3,E01001213,0,1
2024211428032,2024,211428032,1,9,0,-1,19,6,2,-1,0,0,0,0,0,0,3,1,-1,1,1,35,6,1399,1,8,VAUXHALL ASTRA,-1,-1,0,-1
2024111522587,2024,111522587,2,9,0,-1,3,4,8,-1,0,1,0,0,0,0,2,1,-1,9,1,38,7,1910,2,14,VAUXHALL ASTRA,4,E01034491,0,1
2024201482294,2024,201482294,2,9,0,-1,3,1,5,-1,0,0,0,0,0,0,2,9,-1,6,1,28,6,1956,2,11,VAUXHALL ASTRA,3,E01009078,0,2
2024201487874,2024,201487874,2,9,0,-1,19,5,1,-1,0,8,0,0,0,0,1,1,-1,2,1,31,6,1364,1,10,VAUXHALL ASTRA,6,E01010502,0,1
2024131535251,2024,131535251,1,9,0,-1,19,7,3,-1,0,0,0,0,0,0,4,1,-1,9,1,86,11,1364,1,18,VAUXHALL ASTRA,1,E01011677,0,1
2024131465017,2024,131465017,2,9,0,-1,19,7,3,-1,0,8,0,0,0,0,4,1,-1,1,1,26,6,1499,2,1,VAUXHALL ASTRA,1,E01034582,0,1
2024991521844,2024,991521844,1,9,0,-1,13,7,3,-1,0,0,0,0,0,0,3,1,-1,6,1,78,11,1399,1,7,VAUXHALL ASTRA,-1,-1,0,-1
2024991454024,2024,991454024,1,9,0,-1,19,1,4,-1,0,4,0,0,0,0,1,1,-1,9,2,38,7,1398,1,10,VAUXHALL ASTRA,6,-1,0,2
2024131502976,2024,131502976,4,9,0,-1,2,0,0,-1,0,0,0,0,0,0,4,2,-1,6,-1,-1,-1,1598,2,7,VAUXHALL ASTRA,-1,-1,0,-1
2024201431727,2024,201431727,3,9,0,-1,19,2,6,-1,0,0,0,0,0,0,2,9,-1,6,2,58,9,1598,1,14,VAUXHALL ASTRA,1,E01008898,0,1
2024070254700,2024,070254700,2,9,0,3,3,5,1,0,0,2,0,0,0,0,2,1,6,6,2,23,5,1598,1,16,VAUXHALL ASTRA,2,E01018463,0,1
2024052400389,2024,052400389,1,9,0,9,9,7,5,0,0,8,0,0,0,0,1,1,6,6,1,29,6,1956,2,10,VAUXHALL ASTRA,2,E01006948,0,1
2024041421493,2024,041421493,1,9,0,-1,19,4,7,-1,0,4,0,0,0,0,1,1,-1,2,2,61,9,1598,1,24,VAUXHALL ASTRA,1,E01012603,0,1
2024061401649,2024,061401649,1,9,-1,-1,-1,-1,-1,-1,-1,0,-1,-1,-1,0,-1,1,-1,6,1,-1,-1,1398,1,12,VAUXHALL ASTRA,-1,-1,0,-1
2024010545204,2024,010545204,1,9,0,9,9,7,5,0,0,5,0,0,0,0,1,1,6,6,2,57,9,1598,1,11,VAUXHALL ASTRA,5,E01030751,0,2
2024451531631,2024,451531631,2,9,0,-1,19,5,2,-1,0,1,0,0,0,0,1,1,-1,9,1,86,11,1598,1,13,VAUXHALL ASTRA,7,E01032571,0,1
2024522402940,2024,522402940,1,9,0,18,19,3,7,0,0,8,0,0,0,0,4,1,6,6,2,59,9,1398,1,13,VAUXHALL ASTRA,2,E01014626,0,1
2024010500879,2024,010500879,1,9,0,18,19,3,7,0,0,2,0,0,0,0,1,1,6,6,1,21,5,1398,1,11,VAUXHALL ASTRA,3,E01001508,0,1
2024461404235,2024,461404235,1,9,0,-1,19,3,7,-1,0,1,0,0,0,0,3,9,-1,6,2,78,11,1796,1,14,VAUXHALL ASTRA,4,E01024489,0,1
2024371437361,2024,371437361,1,9,0,-1,-1,-1,-1,-1,-1,0,-1,-1,-1,0,-1,9,-1,6,1,-1,-1,1686,2,13,VAUXHALL ASTRA,9,E01030008,0,1
2024111512944,2024,111512944,1,9,0,-1,19,7,3,-1,0,4,0,0,0,0,3,1,-1,6,1,31,6,1598,1,12,VAUXHALL ASTRA,2,E01020734,0,2
2024440395046,2024,440395046,1,9,0,6,6,4,4,0,0,0,0,0,0,0,4,1,6,6,1,-1,-1,1598,1,14,VAUXHALL ASTRA,-1,-1,0,-1
2024221495887,2024,221495887,2,9,0,-1,9,3,1,-1,0,5,0,0,1,0,3,1,-1,9,2,26,6,1399,1,6,VAUXHALL ASTRA,10,E01032393,0,1
2024161418219,2024,161418219,1,9,0,-1,13,5,1,-1,0,1,1,10,1,11,1,1,-1,2,1,24,5,-1,-1,-1,VAUXHALL ASTRA,7,E01013322,0,3
2024131438409,2024,131438409,1,9,0,-1,7,5,3,-1,0,1,0,0,0,0,1,1,-1,6,1,36,7,1398,1,11,VAUXHALL ASTRA,3,E01033900,0,1
2024361411383,2024,361411383,1,9,0,-1,19,7,3,-1,0,0,0,0,0,0,1,1,-1,9,1,24,5,1796,1,16,VAUXHALL ASTRA,6,E01026437,0,2
2024131463576,2024,131463576,2,9,0,-1,19,7,3,-1,0,1,0,0,0,0,4,1,-1,9,1,37,7,1364,1,14,VAUXHALL ASTRA,2,E01011149,0,1
2024302400880,2024,302400880,1,9,0,18,19,8,4,0,0,0,1,0,1,11,1,1,6,6,1,21,5,1796,1,18,VAUXHALL ASTRA,3,E01019709,0,4
2024061409669,2024,061409669,1,9,0,-1,1,1,1,-1,0,1,0,0,0,0,2,2,-1,6,3,30,6,1910,2,16,VAUXHALL ASTRA,-1,-1,0,-1
2024161434111,2024,161434111,2,9,0,-1,13,5,1,-1,0,0,5,0,7,4,1,1,-1,9,1,51,8,-1,-1,-1,VAUXHALL ASTRA,5,E01013297,0,2
2024430089139,2024,430089139,1,9,0,1,1,8,4,0,0,2,0,0,0,0,2,1,6,6,1,30,6,1399,1,8,VAUXHALL ASTRA,4,E01035248,0,1
2024520403160,2024,520403160,3,9,0,3,3,8,4,0,0,0,0,0,0,0,2,1,6,6,1,55,8,1686,2,12,VAUXHALL ASTRA,7,E01014916,0,4
2024371516140,2024,371516140,1,9,0,-1,9,4,8,-1,0,2,0,0,0,0,4,1,-1,9,2,20,4,1956,2,12,VAUXHALL ASTRA,5,E01029953,0,1
2024501455553,2024,501455553,1,9,0,-1,9,4,1,-1,0,6,0,0,0,0,4,1,-1,9,2,35,6,1956,2,12,VAUXHALL ASTRA,2,E01034867,0,3
2024141420411,2024,141420411,1,9,0,-1,19,3,6,-1,0,1,0,0,0,0,3,1,-1,6,2,33,6,1598,2,7,VAUXHALL ASTRA,1,E01008100,0,1
2024461495116,2024,461495116,1,9,0,-1,12,3,7,-1,0,0,1,11,0,0,1,1,-1,6,2,19,4,1364,1,14,VAUXHALL ASTRA,-1,-1,0,-1
2024061435045,2024,061435045,1,9,0,-1,3,-1,-1,-1,0,0,0,0,0,0,2,1,-1,9,2,35,6,1598,1,15,VAUXHALL ASTRA,8,E01006204,0,1
2024041403283,2024,041403283,1,9,0,-1,19,5,1,-1,0,0,1,1,1,0,1,1,-1,9,1,47,8,1956,2,13,VAUXHALL ASTRA,4,-1,0,5
2024201505860,2024,201505860,1,9,0,-1,9,7,5,-1,0,6,0,0,0,0,3,1,-1,2,1,28,6,1398,1,13,VAUXHALL ASTRA,2,E01034314,0,1
2024302400555,2024,302400555,1,9,0,18,19,8,4,0,0,0,0,0,8,1,1,1,6,6,1,42,7,1686,2,13,VAUXHALL ASTRA,7,E01019655,0,1
2024201502760,2024,201502760,1,9,0,-1,19,7,3,-1,0,0,0,0,0,0,1,1,-1,6,1,48,8,1686,2,10,VAUXHALL ASTRA,2,E01009050,0,1
2024471408468,2024,471408468,1,9,0,-1,19,3,7,-1,0,0,0,0,0,0,1,1,-1,9,1,35,6,1364,1,18,VAUXHALL ASTRA,8,E01031620,0,2
2024041421383,2024,041421383,2,9,0,-1,19,5,1,-1,0,1,1,0,7,11,1,1,-1,9,1,28,6,1598,1,19,VAUXHALL ASTRA,1,E01005324,0,4
2024302401631,2024,302401631,1,9,0,3,3,8,4,0,0,0,0,0,0,0,2,1,1,1,1,35,6,1598,1,11,VAUXHALL ASTRA,10,E01029418,0,2