collision_index,collision_year,collision_ref_no,vehicle_reference,vehicle_type,towing_and_articulation,vehicle_manoeuvre_historic,vehicle_manoeuvre,vehicle_direction_from,vehicle_direction_to,vehicle_location_restricted_lane_historic,vehicle_location_restricted_lane,junction_location,skidding_and_overturning,hit_object_in_carriageway,vehicle_leaving_carriageway,hit_object_off_carriageway,first_point_of_impact,vehicle_left_hand_drive,journey_purpose_of_driver_historic,journey_purpose_of_driver,sex_of_driver,age_of_driver,age_band_of_driver,engine_capacity_cc,propulsion_code,age_of_vehicle,generic_make_model,driver_imd_decile,lsoa_of_driver,escooter_flag,driver_distance_banding
2024010536648,2024,010536648,1,9,0,18,19,3,7,0,0,1,0,0,0,0,1,1,3,7,2,50,8,1598,1,9,VAUXHALL ASTRA,8,E01001027,0,1
2024531439488,2024,531439488,1,9,0,-1,19,5,1,-1,0,2,0,0,0,0,1,1,-1,9,1,52,8,1956,2,10,VAUXHALL ASTRA,8,E01022423,0,1
2024501441727,2024,501441727,1,9,0,-1,19,7,3,-1,0,0,5,0,0,0,1,1,-1,9,1,39,7,1956,2,9,VAUXHALL ASTRA,4,E01020254,0,3
2024991496787,2024,991496787,1,9,0,-1,19,1,6,-1,0,4,0,10,0,0,1,1,-1,6,1,78,11,1248,2,12,VAUXHALL ASTRA,8,-1,0,1
2024211470708,2024,211470708,1,9,0,-1,19,6,2,-1,9,1,1,0,0,0,1,1,-1,6,-1,17,4,1364,1,14,VAUXHALL ASTRA,-1,-1,0,-1
2024131416554,2024,131416554,1,9,0,-1,19,8,2,-1,0,1,0,0,0,0,3,1,-1,6,2,37,7,1598,1,11,VAUXHALL ASTRA,2,E01011298,0,2
2024041398037,2024,041398037,1,9,0,-1,19,5,1,-1,0,1,0,0,0,0,1,9,-1,6,3,-1,-1,1910,2,17,VAUXHALL ASTRA,-1,-1,0,-1
2024141489447,2024,141489447,2,9,0,-1,19,2,6,-1,0,0,0,0,0,0,2,1,-1,9,1,36,7,1399,1,9,VAUXHALL ASTRA,9,E01007709,0,1
2024211462443,2024,211462443,1,9,0,-1,9,8,6,-1,0,1,0,0,0,0,3,1,-1,9,1,25,5,1399,1,7,VAUXHALL ASTRA,7,E01029644,0,1
2024161463708,2024,161463708,2,9,0,-1,9,8,6,-1,0,1,1,0,0,0,1,1,-1,9,1,29,6,1598,1,16,VAUXHALL ASTRA,1,E01012917,0,2
2024302400817,2024,302400817,1,9,0,12,12,2,6,0,0,8,0,0,0,0,3,1,1,1,3,-1,-1,1364,1,15,VAUXHALL ASTRA,5,E01019456,0,2
2024461432805,2024,461432805,2,9,0,-1,3,7,3,-1,0,1,0,0,0,0,2,1,-1,2,1,51,8,1910,2,16,VAUXHALL ASTRA,9,E01021161,0,3
2024031421335,2024,031421335,1,9,0,-1,19,4,8,-1,0,1,1,10,2,4,4,1,-1,2,1,26,6,1686,2,16,VAUXHALL ASTRA,-1,-1,0,-1
2024430594461,2024,430594461,1,9,0,18,19,1,5,0,0,0,0,0,0,0,4,1,3,7,2,39,7,1364,1,10,VAUXHALL ASTRA,-1,-1,0,-1
2024061425375,2024,061425375,2,9,0,-1,2,0,0,-1,9,6,0,0,0,0,2,1,-1,6,-1,-1,-1,1956,2,12,VAUXHALL ASTRA,-1,-1,0,-1
2024201514109,2024,201514109,2,9,0,-1,3,6,2,-1,0,2,0,4,0,0,2,1,-1,9,1,18,4,999,1,8,VAUXHALL ASTRA,2,E01009395,0,1
2024401518761,2024,401518761,2,9,0,-1,4,-1,-1,-1,0,1,0,0,0,0,2,9,-1,9,2,68,10,1598,1,15,VAUXHALL ASTRA,4,E01015776,0,2
2024501462829,2024,501462829,2,9,0,-1,13,1,5,-1,0,2,0,0,0,0,4,1,-1,6,2,53,8,999,1,5,VAUXHALL ASTRA,7,E01020047,0,3
2024131495244,2024,131495244,1,9,0,-1,19,2,6,-1,0,0,0,0,0,0,1,1,-1,6,1,37,7,1686,2,12,VAUXHALL ASTRA,5,E01013359,0,4
2024010542155,2024,010542155,2,9,0,99,99,9,9,99,99,9,9,99,9,99,9,9,6,6,3,42,7,1598,8,0,VAUXHALL ASTRA,4,E01000736,0,3
2024052400667,2024,052400667,2,9,0,2,2,0,0,0,0,0,0,0,0,0,2,1,6,6,3,-1,-1,1598,2,8,VAUXHALL ASTRA,-1,-1,0,-1
2024361423184,2024,361423184,2,9,0,-1,9,4,1,-1,0,5,1,0,1,0,2,9,-1,6,2,31,6,1598,1,5,VAUXHALL ASTRA,8,E01026929,0,1
2024041472898,2024,041472898,1,9,0,-1,19,7,3,-1,0,0,2,0,0,0,4,1,-1,9,1,20,4,1364,1,8,VAUXHALL ASTRA,1,E01032912,0,4
2024320444477,2024,320444477,2,9,0,9,9,2,8,0,0,5,0,0,0,0,2,1,1,1,1,40,7,-1,-1,-1,VAUXHALL ASTRA,-1,-1,0,-1
2024131426888,2024,131426888,1,9,0,-1,4,3,7,-1,0,8,0,0,0,0,2,1,-1,9,2,34,6,1598,1,14,VAUXHALL ASTRA,2,E01010993,0,1
2024991474530,2024,991474530,1,9,0,-1,20,5,1,-1,0,0,0,0,0,0,0,1,-1,6,2,38,7,1598,1,13,VAUXHALL ASTRA,5,-1,0,2
2024411405507,2024,411405507,2,9,0,-1,19,1,5,-1,0,0,0,0,0,0,1,9,-1,1,1,54,8,1364,1,14,VAUXHALL ASTRA,6,E01023317,0,2
2024471534831,2024,471534831,1,9,0,-1,19,2,6,-1,0,0,0,0,0,0,1,1,-1,6,2,48,8,1364,1,15,VAUXHALL ASTRA,7,E01022925,0,1
2024520401292,2024,520401292,1,9,0,18,19,8,4,0,0,1,5,0,0,0,1,1,6,6,1,62,9,1598,1,22,VAUXHALL ASTRA,4,E01029038,0,2
2024231429892,2024,231429892,1,9,0,-1,9,1,7,-1,0,6,0,0,0,0,1,9,-1,6,1,52,8,1686,2,11,VAUXHALL ASTRA,10,E01031179,0,1
2024201475333,2024,201475333,2,9,0,-1,19,5,1,-1,0,1,0,0,0,0,1,1,-1,9,1,33,6,1956,2,14,VAUXHALL ASTRA,1,E01009195,0,1
2024161431236,2024,161431236,1,9,0,-1,7,6,8,-1,0,0,0,0,0,0,1,1,-1,9,2,35,6,1364,1,17,VAUXHALL ASTRA,1,E01013138,0,1
2024991454354,2024,991454354,2,9,0,-1,4,6,2,-1,0,4,0,0,0,0,2,1,-1,6,1,29,6,1686,2,14,VAUXHALL ASTRA,7,-1,0,3
2024522402992,2024,522402992,1,9,0,18,19,6,2,0,0,0,0,11,0,0,1,1,6,6,1,21,5,1398,1,11,VAUXHALL ASTRA,6,E01015019,0,3
2024440320965,2024,440320965,2,9,0,9,9,7,6,0,0,6,0,0,0,0,3,1,6,6,1,44,7,1796,1,20,VAUXHALL ASTRA,-1,-1,0,-1
2024141522919,2024,141522919,2,9,0,-1,19,1,5,-1,0,0,0,0,0,0,1,1,-1,9,1,30,6,1199,1,1,VAUXHALL ASTRA,-1,-1,0,-1
2024041419622,2024,041419622,2,9,0,-1,19,7,3,-1,0,0,0,0,0,0,1,1,-1,9,2,30,6,1598,1,13,VAUXHALL ASTRA,2,E01012647,0,2
2024461507766,2024,461507766,1,9,0,-1,10,3,5,-1,0,0,0,0,0,0,1,1,-1,9,2,33,6,1598,1,11,VAUXHALL ASTRA,9,E01000412,0,2
2024052400232,2024,052400232,1,9,0,18,19,5,1,0,0,1,0,0,0,0,1,1,6,6,3,-1,-1,1598,1,14,VAUXHALL ASTRA,-1,-1,0,-1
2024010517634,2024,010517634,1,9,0,9,9,1,7,0,0,6,0,0,0,0,4,1,6,6,1,25,5,1598,1,13,VAUXHALL ASTRA,2,E01003267,0,3
2024010548872,2024,010548872,1,9,0,3,3,3,7,0,0,1,0,0,0,0,1,1,3,7,2,37,7,1399,1,8,VAUXHALL ASTRA,2,E01003243,0,1
2024320305569,2024,320305569,1,9,0,9,9,7,5,0,0,8,0,0,0,0,3,-1,-1,-1,1,62,9,1956,2,9,VAUXHALL ASTRA,-1,-1,0,-1
2024430380410,2024,430380410,3,9,0,4,4,2,6,0,0,1,0,0,0,0,2,1,6,6,1,32,6,1598,1,12,VAUXHALL ASTRA,2,E01016480,0,1
2024010521624,2024,010521624,1,9,3,9,9,5,2,1,1,1,0,0,0,0,0,1,6,6,1,20,4,1598,2,8,VAUXHALL ASTRA,3,E01004404,0,1
2024010502294,2024,010502294,2,9,0,9,9,5,3,0,0,8,0,0,0,0,1,1,6,6,1,26,6,1598,1,11,VAUXHALL ASTRA,2,E01003943,0,1
2024070181950,2024,070181950,2,9,0,18,19,2,6,0,0,8,0,0,0,0,3,1,6,6,1,45,7,1956,2,11,VAUXHALL ASTRA,3,E01018534,0,2
2024461434155,2024,461434155,2,9,0,-1,19,4,8,-1,0,1,1,0,0,0,4,1,-1,2,2,62,9,1399,1,8,VAUXHALL ASTRA,8,E01016126,0,1
2024101455012,2024,101455012,1,9,0,-1,1,7,3,-1,-1,0,0,0,0,0,2,1,-1,9,1,17,4,1398,1,14,VAUXHALL ASTRA,-1,-1,0,-1
2024471480007,2024,471480007,1,9,0,-1,5,1,3,-1,0,8,0,0,0,0,1,1,-1,2,1,42,7,1364,1,7,VAUXHALL ASTRA,6,E01031445,0,1
2024161415252,2024,161415252,1,9,0,-1,9,1,3,-1,0,8,0,0,0,0,1,1,-1,6,2,80,11,1364,1,15,VAUXHALL ASTRA,8,E01013242,0,1
2024451456311,2024,451456311,1,9,0,-1,9,1,7,-1,0,8,0,0,0,0,4,1,-1,9,1,52,8,1598,2,7,VAUXHALL ASTRA,6,E01030729,0,1
2024421483239,2024,421483239,1,9,0,-1,19,3,7,-1,0,0,0,10,3,9,1,1,-1,9,1,26,6,1598,2,9,VAUXHALL ASTRA,5,E01021313,0,1
2024520001959,2024,520001959,2,9,0,18,19,2,6,0,0,4,0,0,0,0,2,1,6,6,1,76,11,1598,1,23,VAUXHALL ASTRA,10,E01014411,0,2
2024991540492,2024,991540492,1,9,0,-1,5,8,2,-1,0,8,0,0,0,0,1,1,-1,9,2,53,8,1248,2,10,VAUXHALL ASTRA,3,-1,0,1
2024010513932,2024,010513932,1,9,9,99,99,9,9,99,99,9,9,99,9,99,9,9,6,6,3,36,7,1598,1,9,VAUXHALL ASTRA,3,E01001338,0,2
2024531399176,2024,531399176,1,9,0,-1,9,2,4,-1,0,0,0,0,0,0,3,1,-1,9,1,54,8,1598,1,15,VAUXHALL ASTRA,7,E01028486,0,4
2024451489188,2024,451489188,1,9,0,-1,19,3,7,-1,0,8,0,0,0,0,1,1,-1,9,2,58,9,1796,1,17,VAUXHALL ASTRA,7,E01030423,0,1
2024010513925,2024,010513925,2,9,9,99,99,9,9,99,99,9,9,99,9,99,9,9,6,6,3,-1,-1,999,1,8,VAUXHALL ASTRA,-1,-1,0,-1
2024010551070,2024,010551070,1,9,0,18,19,3,7,0,0,0,0,0,0,0,1,1,2,2,1,36,7,1598,1,6,VAUXHALL ASTRA,2,E01000052,0,1
2024320005753,2024,320005753,1,9,0,18,19,6,2,0,0,0,0,4,0,0,1,1,6,6,1,30,6,1199,1,1,VAUXHALL ASTRA,8,E01026035,0,1
2024131521391,2024,131521391,1,9,0,-1,19,1,5,-1,0,0,0,0,0,0,1,1,-1,6,1,22,5,1796,1,17,VAUXHALL ASTRA,1,E01011747,0,1
2024231446018,2024,231446018,2,9,0,-1,19,1,5,-1,0,0,0,0,0,0,0,1,-1,1,1,26,6,1598,2,7,VAUXHALL ASTRA,3,E01031064,0,1
2024201468551,2024,201468551,1,9,0,-1,19,8,2,-1,0,0,0,0,0,0,1,1,-1,6,2,23,5,1399,1,6,VAUXHALL ASTRA,2,E01009932,0,1
2024531501561,2024,531501561,4,9,0,-1,19,1,5,-1,0,0,0,0,0,0,1,1,-1,2,1,24,5,1364,1,17,VAUXHALL ASTRA,2,E01022288,0,2
2024501479414,2024,501479414,1,9,0,-1,19,1,5,-1,0,1,0,0,0,0,1,1,-1,6,3,-1,-1,1598,1,11,VAUXHALL ASTRA,-1,-1,0,-1
2024361431160,2024,361431160,1,9,0,-1,9,5,6,-1,0,6,0,0,0,0,3,9,-1,9,1,52,8,1598,1,18,VAUXHALL ASTRA,4,E01026713,0,2
2024421475047,2024,421475047,2,9,0,-1,19,5,8,-1,0,1,0,0,1,0,3,1,-1,2,1,28,6,1399,1,5,VAUXHALL ASTRA,9,E01033138,0,3
2024311522306,2024,311522306,1,9,0,-1,9,6,3,-1,0,1,0,0,0,0,1,1,-1,6,2,69,10,1399,1,7,VAUXHALL ASTRA,-1,-1,0,-1
2024552401401,2024,552401401,3,9,0,9,9,7,5,0,0,5,0,0,0,0,1,1,2,2,1,33,6,1496,2,4,VAUXHALL ASTRA,7,E01015457,0,2
2024161398014,2024,161398014,1,9,0,-1,5,3,7,-1,0,2,0,4,1,11,1,1,-1,9,1,74,10,1598,1,11,VAUXHALL ASTRA,-1,-1,0,-1
2024351488861,2024,351488861,3,9,0,-1,19,3,7,-1,0,0,0,0,0,0,1,1,-1,6,2,35,6,1598,1,15,VAUXHALL ASTRA,3,E01017952,0,1
2024010535741,2024,010535741,1,9,0,1,1,6,2,9,9,6,0,10,7,11,2,1,6,6,2,84,11,1598,1,14,VAUXHALL ASTRA,7,E01002260,0,1
2024461499910,2024,461499910,1,9,0,-1,9,5,3,-1,0,6,0,0,0,0,3,1,-1,9,1,33,6,1796,1,16,VAUXHALL ASTRA,10,E01024046,0,2
2024061393716,2024,061393716,1,9,0,-1,9,7,5,-1,0,1,0,0,0,0,4,1,-1,6,1,24,5,1956,2,9,VAUXHALL ASTRA,-1,-1,0,-1
2024421430585,2024,421430585,1,9,0,-1,4,5,1,-1,0,0,0,0,0,0,1,1,-1,6,1,20,4,1598,1,12,VAUXHALL ASTRA,7,E01021650,0,4
2024070823971,2024,070823971,3,9,0,-1,19,5,1,-1,0,0,0,0,0,0,2,1,-1,9,2,61,9,1956,2,12,VAUXHALL ASTRA,8,E01018443,0,2
2024201445879,2024,201445879,2,9,0,-1,4,2,6,-1,0,0,0,0,0,0,2,1,-1,6,1,20,4,1598,2,8,VAUXHALL ASTRA,9,E01009461,0,1
2024201405304,2024,201405304,1,9,0,-1,19,6,2,-1,0,0,0,0,0,0,3,9,-1,6,1,-1,-1,1598,1,19,VAUXHALL ASTRA,2,E01009409,0,1
2024010529147,2024,010529147,1,9,0,99,99,9,9,99,99,9,9,99,9,99,9,9,6,6,1,62,9,1598,2,9,VAUXHALL ASTRA,9,E01027267,0,4
2024522401488,2024,522401488,3,9,0,18,19,2,6,0,0,0,0,0,0,0,1,1,6,6,1,37,7,-1,-1,-1,VAUXHALL ASTRA,3,E01014736,0,3
2024010503332,2024,010503332,3,9,0,99,99,9,9,99,99,9,9,99,9,99,1,9,6,6,3,26,6,1598,1,15,VAUXHALL ASTRA,2,E01001152,0,1
2024201517115,2024,201517115,2,9,0,-1,3,8,5,-1,0,0,0,0,0,0,2,1,-1,9,2,53,8,1956,2,13,VAUXHALL ASTRA,3,E01010083,0,2
2024361477066,2024,361477066,1,9,0,-1,5,7,3,-1,0,1,0,0,0,0,1,2,-1,6,2,33,6,1956,2,13,VAUXHALL ASTRA,5,E01026845,0,1
2024010549633,2024,010549633,2,9,0,99,99,9,9,99,99,9,9,99,9,99,3,9,2,2,1,47,8,1399,1,9,VAUXHALL ASTRA,5,E01000240,0,2
2024610046724,2024,610046724,3,9,0,2,2,0,0,0,0,0,0,0,0,0,-1,1,6,6,3,-1,-1,1686,2,13,VAUXHALL ASTRA,-1,-1,0,-1
2024211535537,2024,211535537,4,9,0,-1,4,3,7,-1,0,0,0,0,0,0,1,1,-1,2,2,29,6,1362,1,11,VAUXHALL ASTRA,2,E01018463,0,3
2024101495046,2024,101495046,1,9,0,-1,19,4,8,-1,0,0,2,0,0,0,1,1,-1,9,1,26,6,1598,1,10,VAUXHALL ASTRA,7,E01008534,0,1
2024421507992,2024,421507992,2,9,0,-1,19,2,6,-1,0,0,0,0,0,0,1,1,-1,9,1,25,5,1598,2,6,VAUXHALL ASTRA,3,E01021859,0,1
2024221484412,2024,221484412,1,9,0,-1,19,1,5,-1,0,8,1,0,0,0,1,1,-1,6,1,51,8,1364,1,18,VAUXHALL ASTRA,6,E01014084,0,4
2024141496580,2024,141496580,1,9,0,-1,5,6,8,-1,0,6,0,0,0,0,4,1,-1,2,1,57,9,1956,2,10,VAUXHALL ASTRA,5,E01008058,0,2
2024471484328,2024,471484328,1,9,0,-1,9,6,4,-1,9,2,0,0,3,0,1,1,-1,9,2,58,9,1199,1,0,VAUXHALL ASTRA,3,E01021017,0,2
2024221530203,2024,221530203,3,9,0,-1,7,3,5,-1,0,1,0,0,0,0,0,1,-1,1,1,42,7,1598,2,8,VAUXHALL ASTRA,-1,-1,0,-1
2024031531485,2024,031531485,2,9,0,-1,19,5,1,-1,0,0,0,0,0,0,1,1,-1,6,2,36,7,1398,1,10,VAUXHALL ASTRA,-1,-1,0,-1
2024401541943,2024,401541943,3,9,0,-1,4,4,8,-1,0,0,0,0,0,0,2,1,-1,6,1,19,4,1398,1,11,VAUXHALL ASTRA,4,E01015752,0,1
2024010511407,2024,010511407,1,9,0,18,19,7,3,0,0,1,0,0,0,0,1,1,6,6,3,-1,-1,1199,1,1,VAUXHALL ASTRA,-1,-1,0,-1
2024430468582,2024,430468582,1,9,0,4,4,4,8,0,0,0,0,0,0,0,1,1,6,6,1,-1,-1,1796,1,15,VAUXHALL ASTRA,10,E01028820,0,3
2024351514841,2024,351514841,4,9,0,-1,19,5,1,-1,0,0,0,0,0,0,2,1,-1,6,1,54,8,1598,1,14,VAUXHALL ASTRA,5,E01035174,0,4
2024461418904,2024,461418904,1,9,0,-1,3,6,2,-1,0,0,0,0,0,0,0,9,-1,6,3,-1,-1,1796,1,17,VAUXHALL ASTRA,-1,-1,0,-1
2024430195308,2024,430195308,4,9,0,10,10,1,5,0,0,1,0,0,0,0,0,1,6,6,1,20,4,1998,1,16,VAUXHALL ASTRA,9,E01031219,0,3
2024311458806,2024,311458806,1,9,0,-1,5,7,3,-1,0,0,0,0,0,0,1,1,-1,6,1,34,6,1598,1,20,VAUXHALL ASTRA,3,E01013830,0,1
2024122400676,2024,122400676,2,9,0,17,19,1,5,0,0,2,0,0,0,0,1,1,6,6,2,36,7,1956,2,13,VAUXHALL ASTRA,8,E01012989,0,4
2024201479368,2024,201479368,4,9,9,-1,2,0,0,-1,0,2,0,0,0,0,4,9,-1,6,3,-1,-1,1399,1,7,VAUXHALL ASTRA,-1,-1,0,-1
2024340NN1382,2024,340NN1382,2,9,0,-1,3,7,3,-1,0,2,0,0,0,0,2,1,-1,9,1,61,9,1399,1,7,VAUXHALL ASTRA,-1,-1,0,-1
2024461413543,2024,461413543,4,9,0,-1,2,0,0,-1,0,0,0,4,0,0,2,1,-1,6,-1,-1,-1,1686,2,21,VAUXHALL ASTRA,-1,-1,0,-1
2024221401937,2024,221401937,2,9,0,-1,19,3,7,-1,0,0,0,0,0,0,1,1,-1,6,1,44,7,1398,1,10,VAUXHALL ASTRA,6,E01032405,0,1
2024201519624,2024,201519624,1,9,0,-1,9,8,4,-1,0,5,0,0,0,0,1,1,-1,6,1,25,5,1398,1,10,VAUXHALL ASTRA,5,E01009032,0,1
2024010508662,2024,010508662,4,9,0,4,4,3,7,0,0,1,0,0,0,0,1,1,6,6,2,61,9,1796,1,16,VAUXHALL ASTRA,4,E01003532,0,2
2024461499601,2024,461499601,1,9,0,-1,1,3,7,-1,0,1,0,0,0,0,2,1,-1,6,1,46,8,1598,1,17,VAUXHALL ASTRA,2,E01024374,0,1
2024010517180,2024,010517180,1,9,0,99,99,9,9,99,99,9,9,99,9,99,1,9,6,6,1,45,7,1598,1,15,VAUXHALL ASTRA,7,E01000414,0,1
2024430276702,2024,430276702,2,9,0,18,19,8,4,0,0,6,0,0,0,0,1,1,6,6,1,-1,-1,-1,-1,-1,VAUXHALL ASTRA,-1,-1,0,-1
2024440097299,2024,440097299,1,9,0,18,19,1,5,0,0,0,0,0,0,0,1,1,6,6,1,25,5,1398,1,13,VAUXHALL ASTRA,10,E01023218,0,4
2024211472032,2024,211472032,1,9,0,-1,19,5,2,-1,0,0,1,0,1,0,1,1,-1,9,1,94,11,1686,2,20,VAUXHALL ASTRA,7,E01028884,0,4
2024070980522,2024,070980522,1,9,0,-1,9,1,3,-1,0,6,0,0,0,0,1,1,-1,-1,1,33,6,1399,1,8,VAUXHALL ASTRA,8,E01012395,0,1
2024141438057,2024,141438057,2,9,0,-1,19,7,3,-1,0,8,0,0,0,0,2,1,-1,6,-1,-1,-1,1956,2,10,VAUXHALL ASTRA,-1,-1,0,-1
2024221443219,2024,221443219,1,9,0,-1,19,4,8,-1,0,0,2,10,1,10,1,9,-1,6,2,32,6,1796,1,15,VAUXHALL ASTRA,6,E01028899,0,1
202417M217924,2024,17M217924,2,9,0,-1,19,8,4,-1,0,1,0,0,0,0,1,1,-1,9,1,-1,-1,1598,1,15,VAUXHALL ASTRA,-1,-1,0,-1
2024320107239,2024,320107239,2,9,0,9,9,2,6,0,0,8,0,0,0,0,1,1,1,1,1,28,6,1598,2,5,VAUXHALL ASTRA,8,E01026400,0,2
2024211491060,2024,211491060,1,9,0,-1,19,7,7,-1,0,0,1,0,1,0,4,1,-1,6,2,36,7,1796,1,18,VAUXHALL ASTRA,6,E01029733,0,2
2024101462069,2024,101462069,1,9,0,-1,19,3,7,-1,0,1,0,0,0,0,1,1,-1,6,1,17,4,1598,1,10,VAUXHALL ASTRA,10,E01008420,0,1
2024010525143,2024,010525143,3,9,0,18,19,1,5,0,0,0,0,0,0,0,0,1,1,1,1,45,7,1399,1,5,VAUXHALL ASTRA,3,E01002133,0,1
2024010504128,2024,010504128,1,9,0,5,5,0,1,0,0,0,0,4,0,0,1,1,6,6,1,87,11,1598,1,16,VAUXHALL ASTRA,4,E01033322,0,1
2024010499564,2024,010499564,1,9,0,9,9,6,3,0,0,8,0,0,0,0,1,1,6,6,2,31,6,1399,1,6,VAUXHALL ASTRA,3,E01001109,0,2
2024351406698,2024,351406698,2,9,0,-1,19,3,7,-1,0,0,1,0,0,0,3,1,-1,2,1,38,7,1598,2,6,VAUXHALL ASTRA,2,E01015749,0,4
2024010534732,2024,010534732,2,9,0,9,9,3,1,0,0,8,0,0,0,0,1,1,1,1,1,56,9,1399,1,5,VAUXHALL ASTRA,6,E01000803,0,4
2024221419472,2024,221419472,1,9,0,-1,9,1,7,-1,0,5,0,4,7,0,1,1,-1,9,1,63,9,1364,1,15,VAUXHALL ASTRA,6,E01029667,0,1
2024010549056,2024,010549056,1,9,0,99,99,9,9,99,99,6,9,99,9,99,1,9,6,6,3,-1,-1,1598,1,13,VAUXHALL ASTRA,-1,-1,0,-1
2024010541739,2024,010541739,2,9,0,99,99,9,9,99,99,9,9,99,9,99,9,9,6,6,1,55,8,1598,2,9,VAUXHALL ASTRA,7,E01001495,0,1
2024010519692,2024,010519692,1,9,0,99,99,9,9,0,0,1,0,0,0,0,1,1,6,6,3,-1,-1,1364,1,10,VAUXHALL ASTRA,3,E01004123,0,3
2024520403160,2024,520403160,1,9,0,18,19,8,4,0,0,0,0,0,0,0,1,1,6,6,2,40,7,1364,1,14,VAUXHALL ASTRA,2,E01029110,0,2
2024461536277,2024,461536277,1,9,0,-1,19,3,5,-1,0,0,0,0,0,0,1,9,-1,6,1,33,6,1598,1,13,VAUXHALL ASTRA,-1,-1,0,-1
2024010545010,2024,010545010,6,9,0,18,19,7,3,0,0,2,0,0,0,0,0,1,6,6,1,31,6,1341,1,4,VAUXHALL ASTRA,-1,-1,0,-1
2024522500114,2024,522500114,3,9,0,3,3,7,3,0,0,0,0,0,0,0,3,1,6,6,1,65,9,1362,1,11,VAUXHALL ASTRA,7,E01014611,0,3
2024991402731,2024,991402731,1,9,0,-1,19,8,3,-1,0,0,0,0,0,0,1,1,-1,6,1,44,7,1398,1,11,VAUXHALL ASTRA,1,-1,0,3
2024201501239,2024,201501239,2,9,0,-1,19,2,6,-1,0,0,0,0,0,0,3,1,-1,9,2,34,6,1956,2,11,VAUXHALL ASTRA,-1,-1,0,-1
2024401492376,2024,401492376,1,9,0,-1,-1,-1,-1,-1,-1,0,-1,-1,-1,0,-1,9,-1,6,1,-1,-1,1364,1,11,VAUXHALL ASTRA,-1,-1,0,-1
2024010516499,2024,010516499,2,9,0,13,13,7,3,0,0,0,0,0,0,0,1,1,6,6,1,40,7,1796,1,19,VAUXHALL ASTRA,2,E01002077,0,1
2024991404870,2024,991404870,1,9,0,-1,19,8,4,-1,0,8,0,0,0,0,3,1,-1,6,3,25,5,1598,1,11,VAUXHALL ASTRA,-1,-1,0,-1
2024101474186,2024,101474186,1,9,0,-1,19,4,8,-1,0,8,0,0,0,0,1,1,-1,9,1,59,9,1598,1,11,VAUXHALL ASTRA,-1,-1,0,-1
2024061476204,2024,061476204,2,9,0,-1,4,5,1,-1,0,1,0,0,0,0,2,1,-1,6,3,-1,-1,1956,2,11,VAUXHALL ASTRA,-1,-1,0,-1
2024010498537,2024,010498537,1,9,0,18,19,7,3,0,0,1,0,0,0,0,1,1,6,6,1,24,5,1598,1,13,VAUXHALL ASTRA,2,E01002100,0,1
2024471426224,2024,471426224,3,9,0,-1,19,5,1,-1,0,0,0,0,0,0,1,1,-1,9,1,26,6,1796,1,18,VAUXHALL ASTRA,5,E01031519,0,1
2024991514258,2024,991514258,1,9,0,-1,9,5,2,-1,0,2,0,0,0,0,3,1,-1,6,1,39,7,1364,1,17,VAUXHALL ASTRA,8,-1,0,1
2024401405159,2024,401405159,1,9,0,-1,19,5,1,-1,0,1,0,0,0,0,1,9,-1,6,1,-1,-1,1398,1,10,VAUXHALL ASTRA,-1,-1,0,-1
2024332400880,2024,332400880,2,9,0,-1,11,5,1,-1,2,1,0,0,0,0,1,1,-1,6,1,31,6,1796,1,19,VAUXHALL ASTRA,8,E01025857,0,3
2024061483512,2024,061483512,1,9,9,-1,19,-1,-1,-1,0,0,0,0,0,0,4,1,-1,9,1,50,8,-1,-1,-1,VAUXHALL ASTRA,4,E01004961,0,1
2024041459720,2024,041459720,2,9,0,-1,19,1,5,-1,0,0,0,0,0,0,4,1,-1,9,1,28,6,1199,1,2,VAUXHALL ASTRA,6,E01024985,0,1
2024131505725,2024,131505725,2,9,0,-1,19,3,7,-1,0,8,0,0,0,0,4,1,-1,9,2,31,6,1686,2,10,VAUXHALL ASTRA,3,E01010914,0,2
2024991432809,2024,991432809,1,9,0,-1,9,6,4,-1,0,8,0,0,0,0,4,1,-1,9,1,25,5,1398,1,12,VAUXHALL ASTRA,2,-1,0,1
2024471514302,2024,471514302,1,9,0,-1,11,5,1,-1,0,0,0,0,0,0,0,1,-1,6,1,30,6,1399,1,6,VAUXHALL ASTRA,6,E01035346,0,1
2024991419058,2024,991419058,1,9,0,-1,9,3,8,-1,0,0,0,0,0,0,1,1,-1,2,1,62,9,1598,1,11,VAUXHALL ASTRA,3,-1,0,4
2024211531733,2024,211531733,2,9,0,-1,2,-1,-1,-1,0,2,0,0,0,0,3,9,-1,6,3,-1,-1,1199,1,1,VAUXHALL ASTRA,-1,-1,0,-1
2024052402686,2024,052402686,1,9,0,18,19,1,5,0,0,8,0,0,3,1,1,1,6,6,2,40,7,1598,1,18,VAUXHALL ASTRA,1,E01007051,0,1
2024552401039,2024,552401039,1,9,0,18,19,6,2,0,0,0,0,0,7,3,1,1,2,2,1,27,6,-1,-1,-1,VAUXHALL ASTRA,4,E01020496,0,1
2024461430670,2024,461430670,1,9,0,-1,19,1,5,-1,0,2,1,0,0,0,1,1,-1,9,2,27,6,1598,1,16,VAUXHALL ASTRA,7,E01024405,0,1
2024010535077,2024,010535077,1,9,0,99,99,9,9,99,99,9,9,99,9,99,1,9,6,6,3,-1,-1,1598,1,14,VAUXHALL ASTRA,-1,-1,0,-1
2024010530355,2024,010530355,2,9,0,18,19,5,1,0,0,1,0,0,0,0,4,1,1,1,1,34,6,1399,1,5,VAUXHALL ASTRA,6,E01003711,0,1