collision_index,collision_year,collision_ref_no,vehicle_reference,vehicle_type,towing_and_articulation,vehicle_manoeuvre_historic,vehicle_manoeuvre,vehicle_direction_from,vehicle_direction_to,vehicle_location_restricted_lane_historic,vehicle_location_restricted_lane,junction_location,skidding_and_overturning,hit_object_in_carriageway,vehicle_leaving_carriageway,hit_object_off_carriageway,first_point_of_impact,vehicle_left_hand_drive,journey_purpose_of_driver_historic,journey_purpose_of_driver,sex_of_driver,age_of_driver,age_band_of_driver,engine_capacity_cc,propulsion_code,age_of_vehicle,generic_make_model,driver_imd_decile,lsoa_of_driver,escooter_flag,driver_distance_banding
2024501443400,2024,501443400,2,9,0,-1,19,8,4,-1,0,8,0,0,0,0,1,1,-1,6,1,80,11,1598,1,14,VAUXHALL ASTRA,8,E01009850,0,5
2024061492705,2024,061492705,1,9,0,-1,19,2,7,-1,0,0,2,4,0,0,1,1,-1,6,1,22,5,1399,1,8,VAUXHALL ASTRA,9,E01005736,0,1
2024010543625,2024,010543625,1,9,0,7,7,5,7,0,0,2,0,0,0,0,2,1,6,6,2,34,6,1364,1,7,VAUXHALL ASTRA,2,E01004537,0,1
2024161475400,2024,161475400,1,9,0,-1,9,3,7,-1,0,0,5,0,0,0,1,1,-1,6,1,34,6,1364,1,14,VAUXHALL ASTRA,1,E01012906,0,1
2024010530872,2024,010530872,1,9,0,18,19,7,3,0,0,1,0,0,0,0,3,1,6,6,2,30,6,1598,1,16,VAUXHALL ASTRA,2,E01015931,0,3
2024052402794,2024,052402794,1,9,0,1,1,5,1,0,0,1,0,0,0,0,3,1,6,6,1,81,11,1399,1,8,VAUXHALL ASTRA,9,E01006914,0,1
2024471411752,2024,471411752,4,9,0,-1,19,1,5,-1,0,0,0,0,0,0,0,1,-1,1,1,33,6,1598,2,5,VAUXHALL ASTRA,5,E01031818,0,4
2024010521726,2024,010521726,1,9,0,18,19,4,8,0,0,0,0,0,0,0,0,1,6,6,3,-1,-1,1399,1,5,VAUXHALL ASTRA,-1,-1,0,-1
2024361439078,2024,361439078,1,9,0,-1,9,2,6,-1,0,0,0,0,0,0,4,1,-1,6,1,-1,-1,1362,1,12,VAUXHALL ASTRA,4,E01026610,0,1
2024430181694,2024,430181694,1,9,0,7,7,2,4,0,0,8,0,0,0,0,2,1,6,6,2,28,6,1362,1,11,VAUXHALL ASTRA,4,E01016481,0,1
2024122400719,2024,122400719,2,9,0,5,5,4,8,0,0,8,0,0,3,10,4,1,6,6,1,84,11,1598,1,10,VAUXHALL ASTRA,6,E01027559,0,1
2024010527708,2024,010527708,2,9,0,9,9,5,3,0,0,1,0,0,0,0,1,1,6,6,1,18,4,1598,1,14,VAUXHALL ASTRA,5,E01000996,0,1
2024631464561,2024,631464561,2,9,0,-1,11,1,4,-1,0,8,0,0,0,0,4,2,-1,9,1,42,7,1956,2,11,VAUXHALL ASTRA,2,W01000960,0,4
2024401435588,2024,401435588,2,9,0,-1,19,7,3,-1,0,1,0,0,0,0,4,1,-1,6,1,38,7,1399,1,7,VAUXHALL ASTRA,6,E01017508,0,1
2024991446656,2024,991446656,2,9,0,-1,12,4,8,-1,0,0,0,0,0,0,1,1,-1,6,2,52,8,1686,2,10,VAUXHALL ASTRA,5,-1,0,4
2024010511990,2024,010511990,3,9,0,4,4,1,5,0,0,0,0,0,0,0,0,1,6,6,1,34,6,1399,1,5,VAUXHALL ASTRA,-1,-1,0,-1
2024421422655,2024,421422655,2,9,0,-1,19,3,7,-1,0,8,0,0,0,0,1,1,-1,2,2,58,9,1598,1,13,VAUXHALL ASTRA,9,E01021634,0,4
2024211535543,2024,211535543,1,9,0,-1,19,1,5,-1,0,1,0,0,3,0,1,1,-1,6,1,51,8,1598,1,22,VAUXHALL ASTRA,1,E01014220,0,1
2024311479715,2024,311479715,1,9,0,-1,10,1,7,-1,0,0,0,0,1,0,3,1,-1,9,1,32,6,1796,1,18,VAUXHALL ASTRA,2,E01013870,0,2
2024471439935,2024,471439935,1,9,0,-1,19,5,1,-1,0,8,0,0,0,0,3,1,-1,2,1,60,9,1686,2,11,VAUXHALL ASTRA,4,E01021004,0,1
2024430302042,2024,430302042,2,9,0,5,5,7,1,0,0,4,0,0,0,0,2,1,2,2,2,38,7,1598,1,11,VAUXHALL ASTRA,7,E01028725,0,3
2024141432494,2024,141432494,1,9,0,-1,9,8,6,-1,0,2,0,0,0,0,1,1,-1,2,1,23,5,1686,2,12,VAUXHALL ASTRA,2,E01007782,0,2
2024461531580,2024,461531580,1,9,0,-1,5,3,1,-1,0,1,0,0,0,0,4,9,-1,9,2,58,9,1399,1,8,VAUXHALL ASTRA,5,E01024039,0,2
2024221425382,2024,221425382,1,9,0,-1,19,8,3,-1,0,1,0,0,0,0,1,1,-1,6,1,23,5,1686,2,14,VAUXHALL ASTRA,-1,-1,0,-1
2024501439458,2024,501439458,1,9,0,-1,7,5,6,-1,0,2,0,0,7,11,3,1,-1,9,1,22,5,1686,2,20,VAUXHALL ASTRA,4,E01020262,0,1
2024547124124,2024,547124124,1,9,0,16,19,8,4,0,0,0,0,0,0,0,1,1,6,6,2,57,9,1910,2,16,VAUXHALL ASTRA,7,E01032029,0,1
2024421508833,2024,421508833,2,9,0,-1,3,2,2,-1,0,2,0,0,0,0,2,2,-1,9,1,60,9,1598,1,18,VAUXHALL ASTRA,5,E01021778,0,2
2024131562687,2024,131562687,4,9,0,-1,19,5,1,-1,0,8,0,0,0,0,0,1,-1,1,1,27,6,1499,2,1,VAUXHALL ASTRA,5,E01010604,0,2
2024010547776,2024,010547776,2,9,0,7,7,3,6,0,0,2,0,0,0,0,1,1,6,6,1,55,8,1364,1,14,VAUXHALL ASTRA,-1,-1,0,-1
2024320075977,2024,320075977,1,9,0,11,11,6,2,0,0,0,0,0,0,0,4,1,6,6,2,32,6,1364,1,17,VAUXHALL ASTRA,4,E01026178,0,1
2024401482539,2024,401482539,1,9,0,-1,-1,-1,-1,-1,-1,0,-1,-1,-1,0,1,9,-1,6,1,20,4,1399,1,8,VAUXHALL ASTRA,5,E01015700,0,1
2024451408773,2024,451408773,3,9,0,-1,19,1,5,-1,0,1,0,0,0,0,1,1,-1,2,1,24,5,1598,1,17,VAUXHALL ASTRA,6,E01030426,0,1
2024461484840,2024,461484840,1,9,0,-1,7,6,5,-1,0,2,0,0,0,0,1,1,-1,9,1,21,5,1998,1,17,VAUXHALL ASTRA,6,E01024716,0,1
2024201414912,2024,201414912,5,9,0,-1,2,0,0,-1,1,0,0,0,0,0,1,9,-1,1,1,62,9,1686,2,19,VAUXHALL ASTRA,1,E01009406,0,1
2024302400691,2024,302400691,2,9,0,18,19,2,6,0,0,2,0,0,0,0,2,1,6,6,2,66,10,1598,1,10,VAUXHALL ASTRA,8,E01033412,0,2
2024991478636,2024,991478636,4,9,0,-1,2,2,6,-1,0,1,0,4,0,0,2,1,-1,6,-1,-1,-1,1399,1,6,VAUXHALL ASTRA,-1,-1,0,-1
2024201467508,2024,201467508,2,9,0,-1,3,6,2,-1,0,1,0,0,0,0,2,9,-1,6,1,34,6,1598,2,6,VAUXHALL ASTRA,3,E01010458,0,1
2024411409708,2024,411409708,1,9,0,-1,19,1,5,-1,0,0,2,0,7,0,1,1,-1,9,1,25,5,1399,1,7,VAUXHALL ASTRA,7,E01017564,0,3
2024610048324,2024,610048324,2,9,0,2,2,0,0,0,0,1,0,0,0,0,4,1,6,6,1,19,4,1598,1,16,VAUXHALL ASTRA,2,W01001465,0,3
2024311441654,2024,311441654,1,9,0,-1,19,8,4,-1,0,0,0,7,0,0,1,1,-1,9,1,72,10,1598,1,12,VAUXHALL ASTRA,6,E01033413,0,1
2024471508980,2024,471508980,2,9,0,-1,19,5,1,-1,0,5,0,0,0,0,0,1,-1,1,1,34,6,1598,2,5,VAUXHALL ASTRA,3,E01031492,0,2
2024351506527,2024,351506527,1,9,0,-1,19,3,7,-1,0,1,0,0,0,0,1,1,-1,2,1,30,6,1598,1,15,VAUXHALL ASTRA,10,E01018256,0,1
2024161496921,2024,161496921,1,9,0,-1,19,5,1,-1,0,1,0,4,0,0,1,1,-1,6,1,34,6,1956,2,10,VAUXHALL ASTRA,7,E01013307,0,4
2024302400339,2024,302400339,1,9,0,14,14,4,8,0,0,8,0,0,1,2,4,1,1,1,1,35,6,1398,1,12,VAUXHALL ASTRA,4,E01013460,0,1
2024451458525,2024,451458525,1,9,0,-1,19,3,1,-1,0,0,1,10,7,0,1,1,-1,2,1,53,8,-1,-1,-1,VAUXHALL ASTRA,4,E01030503,0,1
2024010512052,2024,010512052,1,9,0,18,19,3,7,0,0,0,0,4,7,0,1,1,6,6,2,31,6,1598,1,17,VAUXHALL ASTRA,9,E01000455,0,1
2024101507323,2024,101507323,1,9,0,-1,19,1,5,-1,0,0,0,0,0,0,-1,2,-1,6,1,-1,-1,1598,2,7,VAUXHALL ASTRA,-1,-1,0,-1
2024991527376,2024,991527376,1,9,0,-1,19,2,7,-1,0,0,1,0,8,10,1,1,-1,9,1,24,5,1389,1,19,VAUXHALL ASTRA,5,E01009634,0,5
2024541605524,2024,541605524,1,9,0,3,3,0,0,0,0,0,0,0,0,0,1,1,6,6,1,32,6,1598,1,11,VAUXHALL ASTRA,8,E01031861,0,1
2024430038311,2024,430038311,2,9,0,18,19,8,4,0,0,2,0,0,0,0,4,1,6,6,2,25,5,1399,1,8,VAUXHALL ASTRA,8,E01016192,0,3
2024201554819,2024,201554819,1,9,0,-1,19,4,8,-1,0,1,0,0,0,0,1,9,-1,6,2,47,8,1199,1,1,VAUXHALL ASTRA,1,E01009195,0,1
2024471434073,2024,471434073,1,9,0,-1,5,2,7,-1,0,0,0,0,0,0,1,1,-1,9,1,25,5,1364,1,16,VAUXHALL ASTRA,8,E01032835,0,1
2024461509818,2024,461509818,1,9,0,-1,19,7,3,-1,0,0,0,0,0,0,1,1,-1,2,1,34,6,1598,1,10,VAUXHALL ASTRA,4,E01016157,0,3
2024361524063,2024,361524063,1,9,-1,-1,-1,-1,-1,-1,-1,0,-1,-1,-1,0,-1,9,-1,9,1,-1,-1,1598,1,13,VAUXHALL ASTRA,-1,-1,0,-1
2024231490103,2024,231490103,1,9,0,-1,6,5,5,-1,0,0,0,0,0,0,4,1,-1,6,1,33,6,1598,2,8,VAUXHALL ASTRA,5,E01009418,0,1
2024461509871,2024,461509871,2,9,0,-1,19,5,1,-1,0,0,0,0,8,6,1,1,-1,9,2,27,6,1364,1,17,VAUXHALL ASTRA,7,E01024798,0,1
2024421485960,2024,421485960,1,9,0,-1,3,1,6,-1,0,2,0,0,0,0,1,1,-1,6,1,76,11,1956,2,11,VAUXHALL ASTRA,2,E01015844,0,1
2024991512267,2024,991512267,1,9,0,-1,19,7,3,-1,0,2,0,4,0,0,1,1,-1,9,1,93,11,1364,1,15,VAUXHALL ASTRA,3,-1,0,1
2024361405256,2024,361405256,2,9,0,-1,4,2,3,-1,0,8,0,0,0,0,1,1,-1,1,1,34,6,1598,2,5,VAUXHALL ASTRA,6,E01026797,0,1
2024070605782,2024,070605782,1,9,0,7,7,5,7,0,0,5,0,0,0,0,4,1,6,6,2,43,7,1364,1,17,VAUXHALL ASTRA,-1,-1,0,-1
2024010547218,2024,010547218,1,3,0,-1,-1,7,3,0,0,1,1,0,0,0,1,1,6,6,1,36,7,1598,1,14,VAUXHALL ASTRA,3,E01000465,0,1
2024440053781,2024,440053781,1,9,0,9,9,7,5,0,0,8,0,0,0,0,3,1,2,2,1,23,5,1399,1,5,VAUXHALL ASTRA,10,E01022898,0,1
2024440037899,2024,440037899,1,9,0,9,9,7,5,0,0,8,0,0,0,0,3,1,2,2,1,36,7,1598,8,1,VAUXHALL ASTRA,10,E01022647,0,4
2024031468311,2024,031468311,1,9,0,-1,5,7,3,-1,0,4,0,0,0,0,2,2,-1,6,1,28,6,1910,2,16,VAUXHALL ASTRA,-1,-1,0,-1
2024201526527,2024,201526527,1,9,0,-1,19,7,3,-1,0,1,0,0,0,0,1,1,-1,6,1,40,7,1598,1,22,VAUXHALL ASTRA,2,E01010028,0,1
2024311434881,2024,311434881,1,9,0,-1,13,6,2,-1,0,1,1,0,0,0,1,1,-1,8,1,42,7,1598,2,6,VAUXHALL ASTRA,2,E01028269,0,1
2024440421709,2024,440421709,1,9,0,18,19,3,7,0,0,1,0,0,7,3,1,1,6,6,2,26,6,1796,1,17,VAUXHALL ASTRA,4,E01022527,0,1
2024332400527,2024,332400527,1,9,0,-1,19,7,3,-1,0,0,0,0,0,0,1,1,-1,9,1,70,10,1796,1,18,VAUXHALL ASTRA,6,E01013606,0,1
2024010503782,2024,010503782,1,9,0,99,99,9,9,99,99,9,9,99,9,99,9,9,6,6,1,42,7,999,1,8,VAUXHALL ASTRA,7,E01002412,0,1
2024522401258,2024,522401258,2,9,0,18,19,8,4,0,0,1,0,0,0,0,1,1,6,6,1,47,8,1598,1,19,VAUXHALL ASTRA,2,W01000925,0,4
2024201444569,2024,201444569,1,9,0,-1,19,6,2,-1,0,0,0,0,0,0,4,1,-1,2,1,62,9,-1,-1,-1,VAUXHALL ASTRA,1,E01008979,0,1
2024041413082,2024,041413082,1,9,0,-1,19,5,1,-1,0,0,5,0,0,0,1,1,-1,9,1,75,10,1598,1,16,VAUXHALL ASTRA,7,E01025130,0,1
2024451467906,2024,451467906,1,9,0,-1,19,7,3,-1,0,0,0,0,0,0,3,1,-1,9,1,29,6,1364,1,10,VAUXHALL ASTRA,7,E01002981,0,3
2024401540702,2024,401540702,1,9,0,-1,9,3,1,-1,0,5,0,0,0,0,4,1,-1,6,1,30,6,1598,1,17,VAUXHALL ASTRA,9,E01017463,0,1
2024461434227,2024,461434227,2,9,0,-1,19,7,3,-1,0,5,0,0,0,0,2,9,-1,6,1,18,4,1398,1,13,VAUXHALL ASTRA,8,E01024058,0,2
2024010519632,2024,010519632,1,9,0,4,4,3,7,0,0,2,0,0,0,0,1,1,6,6,1,24,5,1598,1,13,VAUXHALL ASTRA,4,E01001359,0,1
2024201448634,2024,201448634,1,9,0,-1,9,5,3,-1,0,5,0,0,0,0,1,1,-1,6,1,30,6,1398,1,12,VAUXHALL ASTRA,3,E01009656,0,1
2024440395605,2024,440395605,1,9,0,18,19,6,2,0,0,0,0,0,0,0,1,1,6,6,1,23,5,1399,1,7,VAUXHALL ASTRA,10,E01022725,0,3
2024010490666,2024,010490666,2,9,9,99,99,9,9,99,99,9,9,99,9,99,9,9,6,6,3,-1,-1,1364,1,15,VAUXHALL ASTRA,-1,-1,0,-1
2024622500089,2024,622500089,1,8,0,16,19,5,1,0,0,3,0,0,0,0,1,1,2,2,1,53,8,999,1,5,VAUXHALL ASTRA,3,W01001046,0,1
2024161427741,2024,161427741,2,9,0,-1,19,6,2,-1,0,1,0,0,0,0,2,1,-1,2,2,55,8,1496,2,3,VAUXHALL ASTRA,1,E01012918,0,2
2024340WN1732,2024,340WN1732,1,9,0,-1,9,8,6,-1,0,6,0,0,0,0,1,1,-1,9,2,27,6,1796,1,15,VAUXHALL ASTRA,1,E01032979,0,1
2024141490256,2024,141490256,2,9,0,-1,3,6,2,-1,0,0,0,0,0,0,2,1,-1,6,2,25,5,1598,1,13,VAUXHALL ASTRA,4,E01008019,0,1
2024531517125,2024,531517125,1,9,0,-1,19,2,6,-1,0,1,0,0,0,0,1,1,-1,6,2,67,10,1598,2,5,VAUXHALL ASTRA,10,E01022415,0,1
2024201408897,2024,201408897,1,9,0,-1,1,7,3,-1,9,6,0,0,0,0,2,1,-1,6,2,-1,-1,1398,1,9,VAUXHALL ASTRA,-1,-1,0,-1
2024501477587,2024,501477587,1,9,0,-1,19,6,2,-1,0,0,0,0,0,0,1,1,-1,6,1,34,6,1598,1,14,VAUXHALL ASTRA,2,E01015194,0,2
2024440466948,2024,440466948,1,19,0,4,4,5,1,0,0,1,0,0,0,0,1,1,6,6,1,47,8,1910,2,14,VAUXHALL ASTRA,3,E01017075,0,1
2024221459982,2024,221459982,4,9,0,-1,10,5,3,-1,0,8,0,0,0,0,0,1,-1,6,2,53,8,1496,2,4,VAUXHALL ASTRA,7,E01014150,0,3
2024501491785,2024,501491785,1,9,0,-1,19,6,2,-1,0,1,0,0,2,4,3,1,-1,2,2,36,7,1598,1,17,VAUXHALL ASTRA,4,E01018943,0,4
2024302400586,2024,302400586,1,9,0,1,1,1,5,0,0,8,0,0,0,0,4,1,2,2,1,23,5,1796,1,19,VAUXHALL ASTRA,9,E01019446,0,1
2024522401520,2024,522401520,1,9,0,4,4,7,3,0,0,8,0,0,0,0,2,1,6,6,1,41,7,1199,1,4,VAUXHALL ASTRA,8,E01032672,0,4
2024991535647,2024,991535647,1,9,0,-1,19,8,4,-1,0,0,2,0,1,0,3,1,-1,9,1,21,5,1686,2,19,VAUXHALL ASTRA,8,-1,0,4
2024052401680,2024,052401680,2,9,0,16,19,7,3,0,0,1,0,0,0,0,1,1,6,6,2,34,6,1364,1,16,VAUXHALL ASTRA,1,E01006653,0,1
2024211493195,2024,211493195,1,9,0,-1,19,5,1,-1,0,1,0,0,0,0,1,1,-1,6,2,22,5,1399,1,8,VAUXHALL ASTRA,1,E01029372,0,3
2024071078364,2024,071078364,2,9,0,-1,7,1,7,-1,0,1,0,0,1,0,1,1,-1,6,2,45,7,1598,1,12,VAUXHALL ASTRA,10,E01018468,0,2
2024991514067,2024,991514067,1,9,0,-1,19,4,8,-1,0,0,0,0,0,0,1,1,-1,1,1,59,9,1399,1,8,VAUXHALL ASTRA,-1,-1,0,-1
2024201526527,2024,201526527,2,9,0,-1,3,7,3,-1,0,1,0,0,0,0,2,1,-1,2,2,30,6,1598,2,8,VAUXHALL ASTRA,10,E01033059,0,3
2024131404366,2024,131404366,1,9,0,-1,-1,-1,-1,-1,-1,0,-1,-1,-1,-1,-1,1,-1,6,3,-1,-1,1598,1,17,VAUXHALL ASTRA,-1,-1,0,-1
2024131401274,2024,131401274,2,9,0,-1,5,8,6,-1,0,2,0,0,0,0,1,1,-1,1,1,46,8,1598,2,9,VAUXHALL ASTRA,1,E01033697,0,1
2024010523434,2024,010523434,1,9,0,18,19,5,1,0,0,1,0,0,0,0,1,1,6,6,1,20,4,1598,1,12,VAUXHALL ASTRA,3,E01001488,0,1
2024401497574,2024,401497574,1,9,0,-1,9,7,5,-1,0,5,0,0,0,0,1,1,-1,6,1,44,7,1956,2,11,VAUXHALL ASTRA,4,E01017536,0,1
2024010550001,2024,010550001,4,9,0,18,19,1,5,0,0,1,0,0,0,0,0,1,1,1,2,47,8,1399,1,5,VAUXHALL ASTRA,-1,-1,0,-1
2024041477083,2024,041477083,2,9,0,-1,19,5,1,-1,0,8,0,0,3,0,4,2,-1,9,1,27,6,1398,1,9,VAUXHALL ASTRA,3,E01005015,0,3
2024010499560,2024,010499560,1,9,0,18,19,2,6,0,0,0,0,0,0,0,1,1,6,6,1,65,9,1598,1,19,VAUXHALL ASTRA,2,E01003190,0,2
2024010501735,2024,010501735,2,9,0,99,99,9,9,99,99,9,9,99,9,99,9,9,6,6,3,-1,-1,1598,1,11,VAUXHALL ASTRA,-1,-1,0,-1
2024131413846,2024,131413846,1,9,0,-1,19,1,1,-1,0,0,0,0,0,0,1,1,-1,9,1,88,11,1399,1,7,VAUXHALL ASTRA,9,E01011377,0,3
2024101426005,2024,101426005,2,9,0,-1,19,3,7,-1,0,1,0,0,0,0,1,1,-1,9,1,72,10,1956,2,11,VAUXHALL ASTRA,5,E01027365,0,3
2024010514498,2024,010514498,2,9,0,99,99,9,9,99,99,9,9,99,9,99,9,9,6,6,1,30,6,1796,1,17,VAUXHALL ASTRA,6,E01000264,0,1
2024101447896,2024,101447896,2,9,0,-1,19,7,3,-1,0,0,0,0,0,0,2,1,-1,9,2,27,6,1248,2,16,VAUXHALL ASTRA,-1,-1,0,-1
2024320002994,2024,320002994,1,9,0,-1,-1,5,1,0,0,0,1,0,1,9,1,1,-1,-1,1,27,6,1998,1,14,VAUXHALL ASTRA,6,E01013163,0,2
2024401506325,2024,401506325,1,9,0,-1,19,4,7,-1,0,5,0,0,0,0,1,1,-1,6,1,21,5,1686,2,22,VAUXHALL ASTRA,3,E01015737,0,1
2024101413977,2024,101413977,1,9,0,-1,19,5,1,-1,0,0,0,0,0,0,1,1,-1,9,2,19,4,1598,1,16,VAUXHALL ASTRA,2,E01008633,0,1
2024201453390,2024,201453390,5,9,0,-1,2,0,0,-1,0,0,0,0,0,0,4,1,-1,6,-1,-1,-1,1399,1,8,VAUXHALL ASTRA,-1,-1,0,-1
2024131439147,2024,131439147,2,9,0,-1,19,1,1,-1,0,8,0,0,0,0,3,1,-1,9,2,44,7,1399,1,7,VAUXHALL ASTRA,2,E01010628,0,1
2024010535232,2024,010535232,1,9,0,99,99,9,9,99,99,9,9,99,9,99,2,9,6,6,2,50,8,1598,1,12,VAUXHALL ASTRA,6,E01004463,0,2
2024622400350,2024,622400350,2,9,0,18,19,2,6,0,0,8,0,0,4,2,4,1,6,6,1,49,8,1686,2,14,VAUXHALL ASTRA,5,W01000754,0,3
2024371475060,2024,371475060,2,9,0,-1,2,0,0,-1,9,0,0,0,0,0,1,1,-1,6,2,50,8,1598,1,18,VAUXHALL ASTRA,7,E01029902,0,1
2024071071576,2024,071071576,2,9,0,-1,19,7,3,-1,0,0,1,0,5,6,3,1,-1,9,2,34,6,-1,-1,-1,VAUXHALL ASTRA,1,E01007269,0,4
2024622400010,2024,622400010,1,9,0,9,9,5,3,0,0,1,0,0,0,0,1,1,6,6,2,26,6,1399,1,6,VAUXHALL ASTRA,8,W01001888,0,1
2024161455916,2024,161455916,2,9,0,-1,19,1,5,-1,0,0,0,0,0,0,1,1,-1,6,3,-1,-1,1199,1,3,VAUXHALL ASTRA,-1,-1,0,-1
2024371411483,2024,371411483,1,9,0,-1,19,5,1,-1,0,0,0,0,0,0,3,1,-1,2,2,32,6,1398,1,10,VAUXHALL ASTRA,6,E01029881,0,1
2024052401540,2024,052401540,1,9,0,18,19,1,5,0,0,0,0,0,2,4,4,1,6,6,1,78,11,1598,1,19,VAUXHALL ASTRA,1,E01007016,0,1
2024231477646,2024,231477646,2,9,0,-1,4,2,6,-1,0,1,5,0,0,0,1,1,-1,9,2,63,9,1686,2,11,VAUXHALL ASTRA,2,E01020014,0,5
2024010550971,2024,010550971,1,9,9,18,19,1,5,0,0,0,9,99,9,0,1,9,6,6,1,60,9,1398,1,13,VAUXHALL ASTRA,5,E01015904,0,4
2024070568287,2024,070568287,2,9,0,7,7,6,7,0,0,1,0,0,0,0,2,1,2,2,1,47,8,1199,1,3,VAUXHALL ASTRA,3,E01006431,0,2
2024991526661,2024,991526661,1,9,0,-1,19,3,7,-1,0,1,1,7,0,0,1,1,-1,6,1,29,6,1686,2,17,VAUXHALL ASTRA,1,-1,0,3
2024991441780,2024,991441780,1,9,0,-1,19,3,7,-1,0,0,5,4,0,0,4,1,-1,9,2,37,7,1956,2,11,VAUXHALL ASTRA,-1,-1,0,-1
2024201475942,2024,201475942,1,9,0,-1,19,8,4,-1,5,1,0,4,0,0,1,1,-1,6,1,33,6,1956,2,8,VAUXHALL ASTRA,4,E01009243,0,2
2024131463746,2024,131463746,1,9,0,-1,10,8,6,-1,0,8,0,0,0,0,1,1,-1,6,1,52,8,1598,1,10,VAUXHALL ASTRA,6,E01011607,0,1
2024610057024,2024,610057024,2,9,0,3,3,5,1,0,0,1,0,0,0,0,2,1,6,6,2,34,6,1686,2,12,VAUXHALL ASTRA,4,W01001337,0,1
2024991477787,2024,991477787,1,9,0,-1,19,7,2,-1,0,0,0,0,0,0,1,1,-1,9,2,44,7,1956,2,11,VAUXHALL ASTRA,5,-1,0,2
2024061506126,2024,061506126,1,9,0,-1,7,8,2,-1,0,1,0,0,7,0,1,1,-1,9,1,38,7,1956,2,12,VAUXHALL ASTRA,1,E01034111,0,1
2024421502810,2024,421502810,1,9,0,-1,19,3,7,-1,0,8,0,0,8,4,1,1,-1,2,1,29,6,1598,1,15,VAUXHALL ASTRA,1,E01021324,0,1
2024520001803,2024,520001803,1,9,0,3,3,8,2,0,0,3,0,0,0,0,2,1,6,6,2,23,5,1598,1,18,VAUXHALL ASTRA,9,E01031931,0,3
2024451485779,2024,451485779,1,9,0,-1,19,5,1,-1,0,1,0,0,0,0,2,1,-1,9,2,62,9,1796,1,17,VAUXHALL ASTRA,6,E01030515,0,3
2024451466284,2024,451466284,2,9,0,-1,19,5,2,-1,0,0,0,0,0,0,2,1,-1,7,2,36,7,1341,1,4,VAUXHALL ASTRA,6,E01030842,0,1
2024041412643,2024,041412643,1,9,0,-1,19,7,3,-1,0,0,0,0,0,0,1,1,-1,9,2,76,11,1364,1,14,VAUXHALL ASTRA,7,E01025003,0,1
2024041509093,2024,041509093,1,9,0,-1,19,5,1,-1,0,0,0,0,0,0,1,1,-1,9,1,31,6,1956,2,10,VAUXHALL ASTRA,2,E01018897,0,5
2024522402232,2024,522402232,1,9,0,18,19,4,8,0,0,3,0,0,0,0,1,1,6,6,1,62,9,1399,1,5,VAUXHALL ASTRA,9,E01014862,0,1
2024201420680,2024,201420680,1,9,0,-1,5,2,6,-1,0,0,0,0,0,0,1,1,-1,6,1,-1,-1,1598,1,16,VAUXHALL ASTRA,-1,-1,0,-1
202417M305624,2024,17M305624,2,9,0,-1,19,3,7,-1,0,1,0,0,0,0,1,1,-1,9,1,-1,-1,1686,2,12,VAUXHALL ASTRA,1,E01012127,0,3
2024451409997,2024,451409997,1,9,0,-1,19,1,5,-1,0,1,0,0,0,0,1,1,-1,9,1,61,9,1598,1,22,VAUXHALL ASTRA,7,E01030452,0,1
2024161410601,2024,161410601,2,9,0,-1,4,1,5,-1,0,2,0,0,0,0,2,9,-1,6,2,-1,-1,1598,2,7,VAUXHALL ASTRA,4,E01026081,0,4
2024010511853,2024,010511853,1,9,0,16,19,7,3,0,0,0,1,10,1,4,1,1,6,6,1,22,5,1796,1,15,VAUXHALL ASTRA,3,E01015924,0,3
2024010514988,2024,010514988,1,9,0,7,7,3,5,0,0,8,0,0,0,0,1,1,6,6,3,-1,-1,1398,1,13,VAUXHALL ASTRA,4,E01026925,0,5
2024311465170,2024,311465170,1,9,0,-1,19,1,5,-1,0,5,0,0,0,0,1,9,-1,6,3,20,4,1598,1,13,VAUXHALL ASTRA,-1,-1,0,-1
2024401441063,2024,401441063,1,9,-1,-1,19,1,5,-1,0,0,0,0,0,0,4,9,-1,9,1,89,11,1796,1,19,VAUXHALL ASTRA,10,E01017626,0,1
2024411523185,2024,411523185,4,9,0,-1,7,3,5,-1,0,1,0,0,0,0,1,1,-1,9,1,32,6,1598,2,9,VAUXHALL ASTRA,4,E01023775,0,1
2024991461953,2024,991461953,2,9,0,-1,19,7,3,-1,0,0,0,0,0,0,1,1,-1,6,2,36,7,1399,1,8,VAUXHALL ASTRA,6,-1,0,1
2024131470435,2024,131470435,1,9,0,-1,19,7,7,-1,0,0,0,0,0,0,1,1,-1,9,1,35,6,1956,2,10,VAUXHALL ASTRA,1,E01011431,0,2
2024161420819,2024,161420819,1,9,0,-1,19,1,5,-1,9,2,0,0,1,10,1,1,-1,6,1,50,8,1364,1,14,VAUXHALL ASTRA,1,E01013279,0,1
2024010506345,2024,010506345,1,9,0,5,5,7,3,0,0,0,0,0,0,0,1,1,3,7,2,41,7,1796,1,17,VAUXHALL ASTRA,4,E01001816,0,1
2024522401087,2024,522401087,1,9,0,9,9,6,5,0,0,5,0,0,0,0,3,1,6,6,1,26,6,1398,1,14,VAUXHALL ASTRA,4,E01014496,0,3
2024351454382,2024,351454382,1,9,0,-1,-1,-1,-1,-1,-1,-1,-1,-1,-1,0,1,9,-1,6,2,43,7,1598,1,9,VAUXHALL ASTRA,2,E01017977,0,1
2024430027490,2024,430027490,1,9,0,5,5,3,4,0,0,4,0,0,0,0,1,1,6,6,1,34,6,1686,2,14,VAUXHALL ASTRA,5,E01028587,0,1
2024122400978,2024,122400978,1,9,0,5,5,8,4,0,0,0,0,0,0,0,1,1,6,6,1,50,8,1686,2,13,VAUXHALL ASTRA,5,E01013382,0,1