collision_index,collision_year,collision_ref_no,vehicle_reference,vehicle_type,towing_and_articulation,vehicle_manoeuvre_historic,vehicle_manoeuvre,vehicle_direction_from,vehicle_direction_to,vehicle_location_restricted_lane_historic,vehicle_location_restricted_lane,junction_location,skidding_and_overturning,hit_object_in_carriageway,vehicle_leaving_carriageway,hit_object_off_carriageway,first_point_of_impact,vehicle_left_hand_drive,journey_purpose_of_driver_historic,journey_purpose_of_driver,sex_of_driver,age_of_driver,age_band_of_driver,engine_capacity_cc,propulsion_code,age_of_vehicle,generic_make_model,driver_imd_decile,lsoa_of_driver,escooter_flag,driver_distance_banding
2024010491200,2024,010491200,2,9,0,99,99,9,9,99,99,9,9,99,9,99,9,9,6,6,3,-1,-1,1598,1,18,VAUXHALL ASTRA,-1,-1,0,-1
2024041461612,2024,041461612,2,9,0,-1,19,6,2,-1,0,0,1,0,1,0,1,1,-1,9,2,26,6,1399,1,7,VAUXHALL ASTRA,1,E01025171,0,4
2024122400614,2024,122400614,2,9,0,10,10,5,1,0,0,5,0,0,0,0,2,1,6,6,2,21,5,1686,2,14,VAUXHALL ASTRA,7,E01027604,0,1
2024991467696,2024,991467696,2,9,0,-1,19,5,1,-1,0,1,0,0,0,0,3,1,-1,6,1,26,6,1364,1,8,VAUXHALL ASTRA,-1,-1,0,-1
2024440412335,2024,440412335,2,9,0,18,19,2,6,0,0,8,0,0,0,0,3,1,6,6,1,35,6,1364,1,15,VAUXHALL ASTRA,-1,-1,0,-1
2024543906724,2024,543906724,2,9,0,9,9,2,1,0,0,5,0,0,0,0,3,1,6,6,1,50,8,1956,2,12,VAUXHALL ASTRA,1,E01015508,0,1
2024211491644,2024,211491644,2,9,0,-1,2,0,0,-1,0,1,0,0,0,0,3,1,-1,6,-1,-1,-1,1364,1,15,VAUXHALL ASTRA,-1,-1,0,-1
2024501435373,2024,501435373,2,9,0,-1,19,8,4,-1,0,1,0,0,0,0,1,1,-1,1,1,56,9,1686,2,10,VAUXHALL ASTRA,6,E01018917,0,1
2024041468089,2024,041468089,1,9,0,-1,19,5,1,-1,0,0,1,0,0,0,1,1,-1,9,1,21,5,1686,2,13,VAUXHALL ASTRA,3,E01025213,0,3
2024471400753,2024,471400753,2,9,0,-1,3,1,5,-1,0,4,0,0,0,0,2,1,-1,6,1,65,9,1686,2,15,VAUXHALL ASTRA,2,E01020911,0,1
2024010548045,2024,010548045,2,9,0,99,99,9,9,99,99,9,9,99,9,99,1,9,6,6,3,-1,-1,1598,2,9,VAUXHALL ASTRA,4,E01002405,0,1
2024010500504,2024,010500504,1,9,0,18,19,3,7,0,0,2,0,4,0,0,1,1,6,6,1,20,4,1598,1,12,VAUXHALL ASTRA,7,E01001495,0,1
2024010529803,2024,010529803,4,9,0,4,4,7,3,0,0,0,0,0,0,0,1,1,6,6,1,39,7,1598,1,13,VAUXHALL ASTRA,7,E01033928,0,1
2024141521737,2024,141521737,1,9,0,-1,19,7,3,-1,0,0,1,0,0,0,1,1,-1,6,2,31,6,1399,1,6,VAUXHALL ASTRA,3,E01028030,0,1
2024311525158,2024,311525158,1,9,0,-1,7,5,1,-1,0,8,0,0,0,0,4,1,-1,9,2,32,6,1796,1,17,VAUXHALL ASTRA,4,E01028174,0,1
2024401440677,2024,401440677,1,9,0,-1,5,1,3,-1,0,4,0,0,0,0,1,1,-1,6,2,48,8,1598,2,7,VAUXHALL ASTRA,4,E01017482,0,1
2024501485602,2024,501485602,1,9,0,-1,19,2,6,-1,0,2,0,0,7,11,3,1,-1,9,1,37,7,1796,1,18,VAUXHALL ASTRA,6,E01020204,0,3
2024301519362,2024,301519362,2,9,-1,-1,-1,-1,-1,-1,-1,0,-1,-1,-1,0,-1,9,-1,-1,2,26,6,1598,1,19,VAUXHALL ASTRA,4,E01019739,0,1
2024520401539,2024,520401539,1,9,0,18,19,1,5,0,0,8,0,0,0,0,1,1,6,6,1,25,5,1364,1,14,VAUXHALL ASTRA,4,E01014448,0,3
2024401455671,2024,401455671,3,9,0,-1,2,0,0,-1,0,1,0,0,0,0,2,1,-1,6,-1,-1,-1,1399,1,8,VAUXHALL ASTRA,-1,-1,0,-1
2024440018238,2024,440018238,2,9,0,2,2,0,0,0,0,2,0,4,0,0,3,1,6,6,3,-1,-1,1341,1,4,VAUXHALL ASTRA,-1,-1,0,-1
2024010512274,2024,010512274,1,9,0,5,5,7,3,0,0,8,0,0,0,0,4,1,6,6,1,21,5,1399,1,6,VAUXHALL ASTRA,3,E01002595,0,1
2024552400953,2024,552400953,1,9,0,4,4,2,6,0,0,4,0,0,0,0,1,1,1,1,2,61,9,1598,2,8,VAUXHALL ASTRA,9,E01015322,0,1
2024411434310,2024,411434310,2,9,0,-1,19,-1,-1,-1,0,8,1,-1,-1,0,1,1,-1,2,1,32,6,1398,1,10,VAUXHALL ASTRA,6,E01017437,0,4
2024010550793,2024,010550793,1,9,4,99,99,9,9,99,99,9,9,99,9,99,3,9,6,6,1,27,6,1362,1,12,VAUXHALL ASTRA,4,E01001724,0,3
2024201537550,2024,201537550,2,9,0,-1,5,3,7,-1,0,8,0,0,0,0,1,1,-1,6,2,20,4,1362,1,12,VAUXHALL ASTRA,2,E01009391,0,1
2024411421102,2024,411421102,1,9,0,-1,19,2,6,-1,0,1,0,0,0,0,1,1,-1,2,1,34,6,1686,2,10,VAUXHALL ASTRA,6,E01023798,0,1
2024451470412,2024,451470412,1,9,0,-1,19,5,1,-1,0,0,0,0,0,0,1,1,-1,2,2,56,9,1956,2,11,VAUXHALL ASTRA,5,E01031731,0,2
2024161400794,2024,161400794,3,9,0,-1,19,7,3,-1,0,1,0,0,0,0,1,1,-1,9,1,29,6,1956,2,11,VAUXHALL ASTRA,9,E01035480,0,1
2024201425742,2024,201425742,1,9,0,-1,19,1,5,-1,0,8,0,0,0,0,1,9,-1,6,1,39,7,1956,2,12,VAUXHALL ASTRA,7,E01010124,0,1
2024122400367,2024,122400367,1,9,0,18,19,1,4,0,0,4,0,0,0,0,3,1,6,6,1,33,6,1598,1,13,VAUXHALL ASTRA,10,E01013381,0,1
2024201470232,2024,201470232,1,9,0,-1,19,8,4,-1,0,0,0,0,0,0,3,9,-1,2,2,36,7,1956,2,11,VAUXHALL ASTRA,2,E01009940,0,1
2024111502095,2024,111502095,2,9,0,-1,2,0,0,-1,0,2,0,0,0,0,2,1,-1,6,2,30,6,1598,2,7,VAUXHALL ASTRA,5,E01020695,0,1
2024131521814,2024,131521814,3,9,0,-1,3,7,3,-1,0,0,0,0,0,0,2,1,-1,9,1,38,7,1598,1,9,VAUXHALL ASTRA,2,E01011359,0,1
2024201447216,2024,201447216,1,9,0,-1,13,2,6,-1,0,8,0,0,0,0,4,1,-1,9,1,55,8,1364,1,16,VAUXHALL ASTRA,2,E01010284,0,1
2024991482489,2024,991482489,2,9,0,-1,19,6,3,-1,0,0,0,0,0,0,2,1,-1,2,1,44,7,1998,1,9,VAUXHALL ASTRA,1,-1,0,2
2024131462026,2024,131462026,2,9,0,-1,19,5,1,-1,0,0,0,0,0,0,0,1,-1,1,2,36,7,1499,2,1,VAUXHALL ASTRA,1,E01011366,0,3
2024340WN2632,2024,340WN2632,1,9,0,-1,9,1,7,-1,0,4,0,0,0,0,3,1,-1,9,1,18,4,1686,2,10,VAUXHALL ASTRA,7,E01027353,0,2
2024141511644,2024,141511644,3,9,0,-1,2,1,1,-1,9,0,0,0,0,0,4,1,-1,6,-1,-1,-1,1598,1,11,VAUXHALL ASTRA,-1,-1,0,-1
2024141445817,2024,141445817,1,9,0,-1,19,5,2,-1,0,0,0,0,0,0,1,1,-1,6,2,24,5,1956,2,12,VAUXHALL ASTRA,-1,-1,0,-1
2024461495545,2024,461495545,1,9,0,-1,19,5,1,-1,0,0,0,0,3,0,1,1,-1,6,1,73,10,1598,1,22,VAUXHALL ASTRA,3,E01024622,0,2
2024430237496,2024,430237496,1,9,0,18,19,6,2,0,0,0,0,0,0,0,4,1,6,6,1,36,7,1598,2,8,VAUXHALL ASTRA,9,E01033955,0,1
2024501475209,2024,501475209,1,9,0,-1,1,6,6,-1,0,0,0,0,0,0,2,1,-1,9,1,66,10,1399,1,6,VAUXHALL ASTRA,3,E01034171,0,1
2024421455476,2024,421455476,1,9,0,-1,5,6,4,-1,0,6,0,0,0,0,3,1,-1,6,1,32,6,1598,1,14,VAUXHALL ASTRA,7,E01021995,0,1
2024461494711,2024,461494711,2,9,0,-1,19,1,5,-1,0,0,0,0,0,0,1,9,-1,9,1,63,9,1364,1,18,VAUXHALL ASTRA,3,E01016171,0,1
2024320139875,2024,320139875,1,9,0,-1,-1,1,5,0,0,0,1,7,0,0,3,1,-1,-1,1,28,6,-1,-1,-1,VAUXHALL ASTRA,7,E01024285,0,5
2024451425762,2024,451425762,1,9,0,-1,3,7,3,-1,0,0,0,0,0,0,2,2,-1,9,1,55,8,1598,1,16,VAUXHALL ASTRA,6,E01003144,0,4
2024421492785,2024,421492785,2,9,0,-1,5,8,2,-1,0,4,0,0,0,0,3,1,-1,9,1,23,5,1399,1,8,VAUXHALL ASTRA,2,E01000084,0,4
202454D954824,2024,54D954824,1,9,0,18,19,4,8,0,0,1,1,0,0,0,1,1,1,1,2,33,6,1496,2,3,VAUXHALL ASTRA,8,E01015473,0,1
2024041442129,2024,041442129,2,9,0,-1,19,3,3,-1,0,1,0,0,0,0,1,1,-1,7,1,34,6,1686,2,17,VAUXHALL ASTRA,1,E01024909,0,1
2024122400685,2024,122400685,2,9,0,18,19,7,3,0,0,0,0,0,0,0,3,1,6,6,1,26,6,1248,2,10,VAUXHALL ASTRA,3,E01013164,0,4
2024531461478,2024,531461478,1,9,0,-1,19,7,3,-1,0,0,0,0,0,0,1,9,-1,9,1,28,6,1686,2,14,VAUXHALL ASTRA,6,E01022235,0,3
2024552401257,2024,552401257,1,9,0,18,19,8,4,0,0,0,0,0,0,0,1,1,2,2,2,35,6,1598,1,11,VAUXHALL ASTRA,2,E01020573,0,3
2024471450431,2024,471450431,1,9,0,-1,9,8,6,-1,0,8,0,0,0,0,1,1,-1,1,1,30,6,1998,1,16,VAUXHALL ASTRA,1,E01020994,0,1
2024351489636,2024,351489636,4,9,0,-1,19,5,1,-1,0,0,0,0,0,0,0,1,-1,1,1,24,5,1598,2,6,VAUXHALL ASTRA,-1,-1,0,-1
2024010501057,2024,010501057,1,9,9,2,2,0,0,99,99,0,9,99,0,0,9,9,6,6,3,-1,-1,1398,1,13,VAUXHALL ASTRA,-1,-1,0,-1
2024131449378,2024,131449378,1,9,0,-1,19,8,4,-1,0,1,0,0,0,0,1,1,-1,9,1,28,6,1598,1,15,VAUXHALL ASTRA,7,E01010896,0,1
2024052400729,2024,052400729,2,9,0,4,4,7,5,0,0,1,0,0,0,0,2,1,6,6,1,42,7,1598,1,17,VAUXHALL ASTRA,1,E01007271,0,1
2024401536729,2024,401536729,4,9,0,-1,4,1,5,-1,0,0,0,0,0,0,2,1,-1,6,2,40,7,1496,2,4,VAUXHALL ASTRA,9,E01015710,0,3
2024010492403,2024,010492403,1,9,0,7,7,3,4,0,0,3,0,0,0,0,1,1,1,1,1,28,6,1598,1,14,VAUXHALL ASTRA,8,E01001022,0,3
2024461397648,2024,461397648,1,9,0,-1,-1,-1,-1,-1,-1,0,-1,-1,-1,0,-1,9,-1,6,1,42,7,1956,2,11,VAUXHALL ASTRA,9,E01023983,0,1
202460Q052339,2024,60Q052339,1,9,0,3,3,5,1,0,0,0,0,0,0,0,2,1,1,1,1,39,7,1399,1,8,VAUXHALL ASTRA,-1,-1,0,-1
2024131415228,2024,131415228,2,9,0,-1,19,1,3,-1,0,1,0,0,0,0,1,1,-1,2,2,31,6,1399,1,7,VAUXHALL ASTRA,7,E01010997,0,1
2024440458487,2024,440458487,1,9,0,18,19,6,2,0,0,2,0,0,0,0,1,1,6,6,2,-1,-1,1399,1,8,VAUXHALL ASTRA,-1,-1,0,-1
2024311530054,2024,311530054,2,9,0,-1,8,7,2,-1,0,1,0,0,0,0,2,1,-1,9,2,34,6,1248,2,17,VAUXHALL ASTRA,2,E01027937,0,1
2024131506868,2024,131506868,2,9,0,-1,19,1,2,-1,0,6,0,0,0,0,1,1,-1,2,1,50,8,1598,2,7,VAUXHALL ASTRA,6,E01010786,0,1
2024311454040,2024,311454040,1,9,0,-1,19,2,4,-1,0,1,0,0,0,0,1,1,-1,2,2,47,8,1598,2,10,VAUXHALL ASTRA,2,E01013916,0,2
2024201482257,2024,201482257,2,9,0,-1,19,4,8,-1,0,8,0,0,0,0,1,9,-1,6,3,55,8,999,1,6,VAUXHALL ASTRA,1,E01009233,0,1
2024411432082,2024,411432082,1,9,0,-1,19,5,1,-1,0,0,0,0,0,0,1,9,-1,6,2,61,9,1598,1,11,VAUXHALL ASTRA,5,E01000494,0,3
2024141513495,2024,141513495,2,9,0,-1,9,5,3,-1,0,1,0,0,0,0,2,1,-1,9,2,67,10,1364,1,16,VAUXHALL ASTRA,4,E01007780,0,1
2024010500235,2024,010500235,1,9,0,99,99,9,9,99,99,0,9,99,9,99,1,9,6,6,3,-1,-1,1598,1,23,VAUXHALL ASTRA,-1,-1,0,-1
2024010512030,2024,010512030,1,9,0,9,9,3,1,0,0,5,0,0,0,0,1,1,6,6,1,54,8,1598,1,20,VAUXHALL ASTRA,8,E01001534,0,1
2024010525582,2024,010525582,2,9,0,99,99,9,9,99,99,9,9,99,9,99,2,9,6,6,3,-1,-1,1362,1,12,VAUXHALL ASTRA,1,E01000521,0,2
2024461411760,2024,461411760,1,9,0,-1,19,7,3,-1,0,0,0,0,0,0,2,1,-1,9,1,44,7,-1,-1,-1,VAUXHALL ASTRA,5,E01024206,0,3
2024430195485,2024,430195485,3,9,0,3,3,8,4,0,0,1,0,0,0,0,1,1,6,6,1,25,5,1598,1,17,VAUXHALL ASTRA,4,E01002592,0,4
2024131522496,2024,131522496,1,9,0,-1,19,7,3,-1,0,8,0,0,0,0,3,1,-1,9,1,27,6,1598,1,15,VAUXHALL ASTRA,5,E01011202,0,4
2024471395103,2024,471395103,2,9,0,-1,2,0,0,-1,0,8,0,4,0,0,2,2,-1,6,-1,-1,-1,1598,1,21,VAUXHALL ASTRA,-1,-1,0,-1
2024421458939,2024,421458939,3,9,0,-1,19,7,3,-1,0,8,0,0,0,0,0,1,-1,1,2,25,5,1598,2,6,VAUXHALL ASTRA,1,E01034095,0,1
2024010516342,2024,010516342,1,9,0,4,4,5,1,0,0,0,0,0,0,0,1,1,6,6,1,38,7,1598,1,10,VAUXHALL ASTRA,2,E01000104,0,3
2024101490422,2024,101490422,1,9,0,-1,1,1,6,-1,0,0,0,0,0,0,2,1,-1,2,2,46,8,1686,2,10,VAUXHALL ASTRA,7,E01008786,0,1
2024201441020,2024,201441020,1,9,0,-1,9,8,5,-1,0,5,0,0,0,0,1,1,-1,9,2,33,6,1598,1,21,VAUXHALL ASTRA,6,E01010536,0,1
2024340WN0032,2024,340WN0032,3,9,0,-1,19,4,8,-1,0,0,0,0,0,0,3,1,-1,6,2,53,8,1796,1,14,VAUXHALL ASTRA,3,E01027152,0,1
202460Q072583,2024,60Q072583,1,9,0,16,19,7,1,0,0,0,0,0,7,10,1,1,6,6,1,77,11,1956,2,10,VAUXHALL ASTRA,-1,-1,0,-1
2024991523825,2024,991523825,1,9,0,-1,4,3,7,-1,0,1,0,0,0,0,1,2,-1,9,1,75,10,1199,1,3,VAUXHALL ASTRA,-1,-1,0,-1
2024351521843,2024,351521843,1,9,0,-1,19,5,1,-1,0,0,1,0,1,0,1,1,-1,9,1,22,5,1364,1,9,VAUXHALL ASTRA,5,E01017503,0,4
2024421456121,2024,421456121,1,9,0,-1,19,8,4,-1,0,0,0,0,0,0,3,1,-1,6,1,37,7,1956,2,11,VAUXHALL ASTRA,5,E01021360,0,1
2024302500193,2024,302500193,2,9,0,-1,4,4,8,-1,0,0,0,0,0,0,2,1,-1,6,2,44,7,1364,1,15,VAUXHALL ASTRA,8,E01019834,0,2
2024041524149,2024,041524149,1,9,0,-1,19,6,2,-1,0,0,0,0,0,0,1,1,-1,6,1,28,6,1598,1,16,VAUXHALL ASTRA,3,E01025312,0,1
2024320257370,2024,320257370,2,9,0,-1,-1,6,2,0,0,8,0,0,0,0,1,1,6,6,2,36,7,1956,2,9,VAUXHALL ASTRA,-1,-1,0,-1
2024401409251,2024,401409251,2,9,0,-1,19,4,7,-1,0,1,0,0,0,0,1,1,-1,6,2,40,7,1796,1,17,VAUXHALL ASTRA,9,E01017614,0,3
2024411503781,2024,411503781,3,9,0,-1,2,0,0,-1,0,0,0,0,0,0,1,1,-1,6,-1,-1,-1,1398,1,12,VAUXHALL ASTRA,-1,-1,0,-1
2024131431525,2024,131431525,3,9,0,-1,19,2,4,-1,0,0,0,0,0,0,1,1,-1,6,2,29,6,1399,1,7,VAUXHALL ASTRA,2,E01011250,0,1
2024320470477,2024,320470477,1,9,0,-1,-1,8,3,9,9,0,0,0,7,10,1,1,6,6,1,25,5,-1,-1,-1,VAUXHALL ASTRA,2,E01026165,0,3
2024501409264,2024,501409264,2,9,0,-1,19,6,2,-1,0,1,0,0,0,0,2,9,-1,9,2,62,9,1364,1,14,VAUXHALL ASTRA,4,E01015147,0,1
2024211438859,2024,211438859,1,9,0,-1,19,1,5,-1,0,2,0,7,1,1,1,1,-1,6,1,32,6,1598,2,10,VAUXHALL ASTRA,3,E01034059,0,1
2024201421462,2024,201421462,1,9,0,-1,14,1,5,-1,0,2,0,0,0,0,3,1,-1,6,1,-1,-1,1598,2,9,VAUXHALL ASTRA,-1,-1,0,-1
202460Q146429,2024,60Q146429,1,9,0,18,19,1,6,0,0,0,1,10,1,4,1,1,6,6,1,23,5,1796,1,17,VAUXHALL ASTRA,-1,-1,0,-1
2024311469862,2024,311469862,2,9,0,-1,9,7,5,-1,0,1,0,0,0,0,3,1,-1,9,2,32,6,1598,1,17,VAUXHALL ASTRA,1,E01013855,0,1
2024520401670,2024,520401670,2,9,0,18,19,9,9,0,0,1,0,0,0,0,1,1,6,6,3,-1,-1,1598,1,18,VAUXHALL ASTRA,-1,-1,0,-1
2024320561044,2024,320561044,1,9,0,-1,-1,5,1,0,0,1,0,0,0,0,1,1,6,6,2,37,7,1956,2,13,VAUXHALL ASTRA,-1,-1,0,-1
2024010526819,2024,010526819,3,9,0,2,2,0,0,0,0,0,0,0,0,0,3,1,6,6,3,-1,-1,1398,1,11,VAUXHALL ASTRA,-1,-1,0,-1
2024141487644,2024,141487644,1,9,0,-1,19,1,5,-1,0,0,0,0,0,0,1,1,-1,9,2,31,6,1686,2,12,VAUXHALL ASTRA,7,E01011768,0,4
2024430360347,2024,430360347,2,9,0,18,19,4,8,0,0,0,0,0,5,6,3,1,6,6,3,-1,-1,1598,1,14,VAUXHALL ASTRA,-1,-1,0,-1
2024201449217,2024,201449217,3,9,0,-1,10,6,4,-1,0,8,0,0,0,0,2,9,-1,6,2,47,8,1199,1,4,VAUXHALL ASTRA,-1,-1,0,-1
2024302400745,2024,302400745,2,9,0,10,10,6,4,0,0,1,0,0,0,0,2,1,6,6,1,37,7,1598,1,18,VAUXHALL ASTRA,7,E01019769,0,2
2024546865524,2024,546865524,2,9,0,18,19,6,2,0,0,8,0,0,0,0,1,1,6,6,2,35,6,1598,1,10,VAUXHALL ASTRA,6,E01016306,0,4
2024311531717,2024,311531717,1,9,0,-1,19,8,6,-1,0,6,0,11,0,0,1,1,-1,6,3,-1,-1,1686,2,13,VAUXHALL ASTRA,-1,-1,0,-1
2024610030124,2024,610030124,3,9,0,18,19,8,4,0,0,0,0,0,0,0,1,1,2,2,1,17,4,1686,2,12,VAUXHALL ASTRA,4,W01001438,0,3
2024122500262,2024,122500262,1,9,0,5,5,3,5,0,0,1,0,0,0,0,1,1,6,6,1,42,7,1399,1,7,VAUXHALL ASTRA,6,E01013369,0,1
2024332400159,2024,332400159,1,9,0,-1,3,3,7,-1,0,1,0,0,0,0,2,1,-1,2,2,22,5,1598,1,17,VAUXHALL ASTRA,7,E01025938,0,1
2024421498023,2024,421498023,1,9,0,-1,19,1,3,-1,0,0,0,0,0,0,1,1,-1,6,1,38,7,1598,2,10,VAUXHALL ASTRA,4,E01015956,0,1
2024141445080,2024,141445080,1,9,0,-1,19,7,3,-1,0,8,0,0,0,0,1,1,-1,2,2,37,7,1598,1,13,VAUXHALL ASTRA,4,E01007537,0,1
2024320170739,2024,320170739,1,9,0,-1,-1,1,5,0,0,8,0,0,1,0,1,1,-1,-1,1,59,9,1686,2,16,VAUXHALL ASTRA,7,E01026051,0,3
2024361491280,2024,361491280,1,9,0,-1,19,3,7,-1,0,0,2,12,1,0,0,1,-1,2,1,33,6,1598,1,14,VAUXHALL ASTRA,8,E01026587,0,4
2024201511490,2024,201511490,3,9,0,-1,19,2,6,-1,0,8,0,0,0,0,1,1,-1,6,2,26,6,999,1,5,VAUXHALL ASTRA,1,E01010374,0,1
2024010500875,2024,010500875,1,9,0,18,19,7,3,0,0,2,0,4,0,0,4,1,6,6,1,16,4,1598,1,14,VAUXHALL ASTRA,3,E01001445,0,1
2024371517674,2024,371517674,1,9,0,-1,9,7,5,-1,0,5,0,0,0,0,3,9,-1,6,1,20,4,1910,2,16,VAUXHALL ASTRA,9,E01030085,0,1
2024421465149,2024,421465149,1,9,0,-1,12,3,7,-1,0,3,0,0,0,0,1,1,-1,6,1,29,6,1399,1,7,VAUXHALL ASTRA,4,E01000039,0,4
2024461464371,2024,461464371,1,9,0,-1,9,7,4,-1,0,2,1,0,1,0,1,1,-1,9,1,18,4,1364,1,8,VAUXHALL ASTRA,10,E01024116,0,1
2024311448685,2024,311448685,1,9,0,-1,19,1,5,-1,0,0,0,0,7,0,1,1,-1,9,1,73,10,1598,2,8,VAUXHALL ASTRA,5,E01027998,0,3
2024320367951,2024,320367951,1,9,0,-1,-1,8,4,0,0,0,0,0,7,0,1,1,-1,-1,1,72,10,1199,1,2,VAUXHALL ASTRA,8,E01026212,0,1
2024201524454,2024,201524454,4,9,0,-1,11,7,7,-1,0,0,0,4,0,0,2,1,-1,9,1,23,5,1364,1,10,VAUXHALL ASTRA,-1,-1,0,-1
2024201450250,2024,201450250,1,9,0,-1,19,8,4,-1,0,0,0,0,0,0,1,1,-1,9,1,24,5,1598,1,11,VAUXHALL ASTRA,2,E01034952,0,1
2024041441388,2024,041441388,3,9,0,-1,2,3,7,-1,0,0,0,0,0,0,2,1,-1,6,-1,-1,-1,1598,1,11,VAUXHALL ASTRA,-1,-1,0,-1
2024302400576,2024,302400576,2,9,0,17,19,8,5,0,0,0,0,0,0,0,1,1,6,6,2,53,8,1686,2,10,VAUXHALL ASTRA,5,E01019417,0,2
2024371442004,2024,371442004,2,9,0,-1,19,4,8,-1,0,2,0,0,0,0,1,1,-1,9,1,57,9,1686,2,13,VAUXHALL ASTRA,6,E01030153,0,1
2024501503529,2024,501503529,1,9,0,-1,19,7,3,-1,0,0,1,0,0,0,1,1,-1,9,2,30,6,1399,1,7,VAUXHALL ASTRA,5,E01018904,0,1
2024430156700,2024,430156700,2,9,0,18,19,8,4,0,0,8,0,0,0,0,1,1,6,6,2,55,8,1598,1,16,VAUXHALL ASTRA,7,E01034423,0,3
2024430558431,2024,430558431,1,9,0,2,2,0,0,0,0,1,0,0,0,0,3,1,6,6,1,45,7,1399,1,8,VAUXHALL ASTRA,5,E01016594,0,2
2024421455103,2024,421455103,1,9,0,-1,19,1,5,-1,0,1,0,0,0,0,4,9,-1,6,1,80,11,1598,2,11,VAUXHALL ASTRA,5,E01021644,0,1
2024131466652,2024,131466652,3,9,0,-1,2,0,0,-1,0,8,0,0,0,0,3,1,-1,6,-1,-1,-1,1686,2,11,VAUXHALL ASTRA,-1,-1,0,-1
2024052401860,2024,052401860,2,9,0,4,4,7,4,0,0,1,0,0,0,0,2,1,1,1,1,34,6,1956,2,13,VAUXHALL ASTRA,8,E01007002,0,1
2024991504184,2024,991504184,1,9,0,-1,19,7,3,-1,0,0,0,0,0,0,2,1,-1,6,1,58,9,1956,2,11,VAUXHALL ASTRA,-1,-1,0,-1
2024141435391,2024,141435391,1,9,0,-1,19,7,4,-1,0,1,0,0,0,0,1,9,-1,6,2,26,6,-1,-1,-1,VAUXHALL ASTRA,1,E01008011,0,1
2024430626376,2024,430626376,1,9,0,3,3,5,7,0,0,4,0,0,0,0,1,1,6,6,1,26,6,1686,2,14,VAUXHALL ASTRA,-1,-1,0,-1
2024141420003,2024,141420003,1,9,0,-1,19,5,1,-1,0,1,0,0,0,0,1,9,-1,6,1,39,7,1598,1,14,VAUXHALL ASTRA,4,E01007757,0,1
2024201448605,2024,201448605,1,9,0,-1,5,1,5,-1,0,1,0,0,0,0,1,9,-1,2,2,20,4,1956,2,13,VAUXHALL ASTRA,5,E01009711,0,1
2024311457023,2024,311457023,2,9,0,-1,19,5,1,-1,0,0,0,0,0,0,1,1,-1,6,2,65,9,1956,2,10,VAUXHALL ASTRA,7,E01028168,0,1
2024332400199,2024,332400199,1,9,0,-1,19,5,1,-1,0,0,0,0,0,0,1,1,-1,6,1,26,6,1598,1,13,VAUXHALL ASTRA,6,E01025627,0,1
2024101526314,2024,101526314,2,9,0,-1,4,5,1,-1,0,0,0,0,0,0,2,1,-1,2,1,41,7,1364,1,10,VAUXHALL ASTRA,1,E01008773,0,1
2024340WN3342,2024,340WN3342,2,9,0,-1,-1,1,3,-1,0,1,0,0,0,0,3,1,-1,9,1,29,6,1956,2,11,VAUXHALL ASTRA,4,E01027012,0,1
2024231500623,2024,231500623,2,9,0,-1,19,3,7,-1,0,0,0,0,0,0,4,9,-1,9,1,36,7,1496,2,4,VAUXHALL ASTRA,2,E01009064,0,4
2024461455584,2024,461455584,2,9,0,-1,19,3,7,-1,0,1,0,0,0,0,1,1,-1,2,2,36,7,1598,1,13,VAUXHALL ASTRA,5,E01024283,0,1
2024351430342,2024,351430342,3,9,0,-1,19,1,5,-1,0,0,0,0,0,0,2,1,-1,6,1,23,5,1598,1,14,VAUXHALL ASTRA,5,E01026525,0,5
2024052401346,2024,052401346,1,9,0,1,1,2,6,0,0,1,0,0,0,0,2,1,6,6,1,28,6,1399,1,6,VAUXHALL ASTRA,7,E01006940,0,3
2024340WN2052,2024,340WN2052,1,9,0,-1,9,3,1,-1,0,6,0,0,0,0,1,1,-1,6,3,-1,-1,1598,1,19,VAUXHALL ASTRA,-1,-1,0,-1
2024010522435,2024,010522435,2,9,0,99,99,9,9,99,99,9,9,99,9,99,9,9,6,6,3,-1,-1,1399,1,8,VAUXHALL ASTRA,2,E01004298,0,2
2024371455697,2024,371455697,2,9,0,-1,2,0,0,-1,0,0,0,0,0,0,3,1,-1,6,-1,-1,-1,1956,2,12,VAUXHALL ASTRA,-1,-1,0,-1
2024141480183,2024,141480183,5,9,0,-1,2,0,0,-1,0,0,0,0,0,0,2,1,-1,6,-1,-1,-1,1399,1,7,VAUXHALL ASTRA,-1,-1,0,-1
2024520402033,2024,520402033,1,9,0,99,99,9,9,0,0,8,0,0,0,0,2,1,6,6,2,28,6,1910,2,14,VAUXHALL ASTRA,2,E01029112,0,1
2024061495793,2024,061495793,2,9,0,-1,19,7,3,-1,0,0,1,0,8,0,4,1,-1,6,1,78,11,1598,1,10,VAUXHALL ASTRA,10,E01004808,0,1
2024991462399,2024,991462399,1,9,0,-1,12,3,3,-1,0,1,0,0,0,0,3,1,-1,9,2,34,6,1956,2,11,VAUXHALL ASTRA,9,-1,0,1
2024461484461,2024,461484461,1,9,0,-1,19,5,1,-1,0,0,0,0,0,0,4,9,-1,6,3,-1,-1,1598,1,10,VAUXHALL ASTRA,-1,-1,0,-1
2024010528153,2024,010528153,2,9,0,18,19,7,3,0,0,0,0,0,0,0,4,1,6,6,1,65,9,1598,1,10,VAUXHALL ASTRA,3,E01004350,0,2
2024311479848,2024,311479848,1,9,0,-1,19,1,5,-1,0,4,1,7,0,0,1,1,-1,6,1,19,4,1598,1,18,VAUXHALL ASTRA,-1,-1,0,-1