collision_index,collision_year,collision_ref_no,vehicle_reference,vehicle_type,towing_and_articulation,vehicle_manoeuvre_historic,vehicle_manoeuvre,vehicle_direction_from,vehicle_direction_to,vehicle_location_restricted_lane_historic,vehicle_location_restricted_lane,junction_location,skidding_and_overturning,hit_object_in_carriageway,vehicle_leaving_carriageway,hit_object_off_carriageway,first_point_of_impact,vehicle_left_hand_drive,journey_purpose_of_driver_historic,journey_purpose_of_driver,sex_of_driver,age_of_driver,age_band_of_driver,engine_capacity_cc,propulsion_code,age_of_vehicle,generic_make_model,driver_imd_decile,lsoa_of_driver,escooter_flag,driver_distance_banding
2024010505823,2024,010505823,2,9,0,99,99,9,9,99,99,0,9,99,9,99,1,9,6,6,3,-1,-1,1796,1,17,VAUXHALL ASTRA,3,E01004350,0,3
2024302400825,2024,302400825,1,9,0,16,19,5,8,0,0,2,0,0,0,0,3,1,6,6,2,60,9,1598,1,11,VAUXHALL ASTRA,4,E01029552,0,4
2024461438685,2024,461438685,2,9,0,-1,8,3,5,-1,0,1,0,0,0,0,2,9,-1,1,2,40,7,1399,1,6,VAUXHALL ASTRA,2,E01020922,0,4
2024010498444,2024,010498444,2,9,0,99,99,9,9,99,99,9,9,99,9,99,9,9,6,6,3,34,6,1598,1,14,VAUXHALL ASTRA,-1,-1,0,-1
2024371404282,2024,371404282,1,9,0,-1,19,5,1,-1,0,0,0,0,0,0,2,1,-1,1,2,44,7,1686,2,14,VAUXHALL ASTRA,7,E01030294,0,3
2024471413029,2024,471413029,1,9,0,-1,19,3,7,-1,0,1,0,0,0,0,4,1,-1,6,2,31,6,-1,-1,-1,VAUXHALL ASTRA,8,E01031357,0,2
2024991522323,2024,991522323,1,9,0,-1,4,3,7,-1,0,0,0,0,0,0,1,1,-1,9,1,37,7,1598,2,7,VAUXHALL ASTRA,6,-1,0,2
2024461489693,2024,461489693,1,9,0,-1,7,1,3,-1,0,1,0,0,0,0,1,1,-1,6,1,24,5,1399,1,6,VAUXHALL ASTRA,5,E01035270,0,1
2024421515788,2024,421515788,3,9,0,-1,19,1,5,-1,0,0,0,0,0,0,1,1,-1,2,2,31,6,1364,1,17,VAUXHALL ASTRA,5,E01021865,0,1
2024471433984,2024,471433984,1,9,0,-1,19,1,5,-1,0,8,5,4,0,0,1,1,-1,9,1,23,5,1598,1,17,VAUXHALL ASTRA,9,E01031714,0,1
2024471413030,2024,471413030,3,9,0,-1,19,3,7,-1,0,1,0,0,0,0,1,1,-1,6,2,35,6,1598,1,16,VAUXHALL ASTRA,4,E01031548,0,2
2024501446574,2024,501446574,2,9,0,-1,4,3,7,-1,0,0,0,0,0,0,1,1,-1,2,1,20,4,1248,2,17,VAUXHALL ASTRA,6,E01019928,0,3
2024010522888,2024,010522888,1,9,0,9,9,5,3,0,0,8,0,0,0,0,4,1,6,6,1,33,6,1598,2,8,VAUXHALL ASTRA,2,E01001634,0,1
2024631426201,2024,631426201,1,9,0,-1,5,1,5,-1,0,6,0,0,0,0,1,1,-1,6,1,78,11,1364,1,16,VAUXHALL ASTRA,9,W01000441,0,1
2024131395629,2024,131395629,1,9,0,-1,19,1,1,-1,0,1,0,0,0,0,4,1,-1,9,2,28,6,1248,2,13,VAUXHALL ASTRA,2,E01011149,0,1
2024010518393,2024,010518393,2,9,0,99,99,9,9,0,0,0,0,99,9,99,9,9,6,6,3,-1,-1,1364,1,9,VAUXHALL ASTRA,3,E01000372,0,1
2024501412622,2024,501412622,1,9,0,-1,9,2,8,-1,0,8,0,0,0,0,1,1,-1,2,1,73,10,1398,1,9,VAUXHALL ASTRA,10,E01020026,0,1
202417S211524,2024,17S211524,1,9,0,-1,9,2,8,-1,0,8,0,0,0,0,3,1,-1,9,2,24,5,1199,1,3,VAUXHALL ASTRA,4,E01011990,0,1
2024161476464,2024,161476464,1,9,0,-1,19,1,5,-1,0,0,0,0,0,0,1,9,-1,6,1,25,5,1364,1,14,VAUXHALL ASTRA,1,E01012888,0,2
2024320142366,2024,320142366,1,9,0,-1,-1,4,8,0,0,1,0,0,0,0,1,1,6,6,1,50,8,1598,1,15,VAUXHALL ASTRA,-1,-1,0,-1
2024131425501,2024,131425501,3,9,0,-1,2,0,0,-1,0,8,0,0,0,0,1,1,-1,1,1,39,7,1364,1,9,VAUXHALL ASTRA,3,E01011323,0,1
2024201526471,2024,201526471,1,9,0,-1,19,7,3,-1,0,1,0,0,0,0,1,9,-1,9,1,32,6,1598,1,9,VAUXHALL ASTRA,8,E01010122,0,1
2024440492520,2024,440492520,1,9,0,5,5,7,3,0,0,4,0,0,0,0,1,1,2,2,1,33,6,999,1,6,VAUXHALL ASTRA,5,E01017279,0,1
2024221486709,2024,221486709,2,8,0,-1,9,1,6,-1,0,6,0,0,0,0,1,9,-1,1,1,41,7,1598,2,8,VAUXHALL ASTRA,2,E01014125,0,1
2024010552388,2024,010552388,2,9,0,99,99,9,9,99,99,9,9,99,9,99,1,9,6,6,3,-1,-1,1399,1,6,VAUXHALL ASTRA,-1,-1,0,-1
2024010504334,2024,010504334,2,9,0,7,7,7,8,0,0,1,0,0,0,0,4,1,2,2,1,35,6,1399,1,7,VAUXHALL ASTRA,2,E01004722,0,2
2024371457155,2024,371457155,1,9,0,-1,19,2,5,-1,0,2,0,0,0,0,1,1,-1,9,2,48,8,1598,2,8,VAUXHALL ASTRA,10,E01004599,0,5
2024411495728,2024,411495728,3,9,0,-1,19,1,5,-1,0,0,0,0,0,0,2,1,-1,6,1,21,5,1199,1,1,VAUXHALL ASTRA,3,E01023326,0,4
2024010504881,2024,010504881,1,9,0,18,19,8,4,0,0,0,0,0,0,0,1,1,6,6,1,28,6,1598,2,9,VAUXHALL ASTRA,4,E01034225,0,1
2024010522715,2024,010522715,1,9,0,18,19,7,3,0,0,8,0,0,0,0,3,1,6,6,2,26,6,1598,1,12,VAUXHALL ASTRA,5,E01002128,0,1
2024501453148,2024,501453148,1,9,0,-1,19,6,2,-1,0,8,0,0,7,11,1,1,-1,9,1,19,4,1598,1,13,VAUXHALL ASTRA,8,E01015122,0,2
2024161477021,2024,161477021,4,9,0,-1,2,0,0,-1,0,2,0,0,0,0,3,1,-1,6,-1,-1,-1,1364,1,16,VAUXHALL ASTRA,-1,-1,0,-1
2024211405222,2024,211405222,2,9,0,-1,3,4,1,-1,0,1,0,0,0,0,3,1,-1,6,2,36,7,1398,1,9,VAUXHALL ASTRA,1,E01014222,0,1
202460Q032662,2024,60Q032662,1,9,0,18,19,1,5,0,0,0,0,0,0,0,1,1,6,6,1,53,8,1910,2,17,VAUXHALL ASTRA,-1,-1,0,-1
2024010547567,2024,010547567,1,9,0,2,2,9,9,99,99,0,9,99,9,99,1,9,2,2,2,37,7,1598,1,18,VAUXHALL ASTRA,4,E01004057,0,2
2024340WN1182,2024,340WN1182,2,9,0,-1,14,7,3,-1,0,1,0,0,0,0,3,1,-1,6,1,-1,-1,1364,7,19,VAUXHALL ASTRA,-1,-1,0,-1
2024211438540,2024,211438540,1,9,0,-1,9,4,2,-1,0,6,0,0,0,0,1,1,-1,2,2,31,6,1598,1,19,VAUXHALL ASTRA,5,E01029745,0,3
2024061492697,2024,061492697,2,9,0,-1,1,-1,-1,-1,0,8,0,0,0,0,2,1,-1,6,3,-1,-1,1686,2,11,VAUXHALL ASTRA,-1,-1,0,-1
2024010529315,2024,010529315,2,9,0,18,19,7,3,0,0,1,2,0,0,0,4,1,6,6,1,33,6,1399,1,7,VAUXHALL ASTRA,4,E01000474,0,2
2024010515133,2024,010515133,2,9,0,7,7,1,3,0,0,1,0,0,7,0,3,1,6,6,2,65,9,1199,1,4,VAUXHALL ASTRA,6,E01004475,0,3
2024041425589,2024,041425589,1,9,0,-1,19,1,5,-1,0,0,0,0,0,0,1,1,-1,6,1,34,6,1796,1,18,VAUXHALL ASTRA,-1,-1,0,-1
2024430505465,2024,430505465,1,9,0,18,19,7,3,0,0,0,0,0,0,0,-1,1,6,6,1,25,5,1199,1,2,VAUXHALL ASTRA,9,E01032609,0,1
2024231491912,2024,231491912,1,9,0,-1,19,8,4,-1,0,0,0,0,0,0,4,1,-1,1,1,25,5,1199,1,0,VAUXHALL ASTRA,7,E01031260,0,1
2024010511903,2024,010511903,4,9,0,3,3,5,1,0,0,0,0,0,0,0,2,1,6,6,1,35,6,1399,1,5,VAUXHALL ASTRA,6,E01017809,0,4
2024401460920,2024,401460920,1,9,0,-1,5,6,2,-1,0,0,0,0,0,0,1,1,-1,6,1,56,9,1686,2,12,VAUXHALL ASTRA,2,E01017594,0,2
2024351518234,2024,351518234,1,9,0,-1,19,1,5,-1,0,0,1,0,7,4,1,1,-1,1,1,29,6,1796,1,17,VAUXHALL ASTRA,-1,-1,0,-1
2024461457497,2024,461457497,1,9,0,-1,-1,-1,-1,-1,-1,-1,-1,-1,-1,0,1,9,-1,6,1,55,8,1399,1,7,VAUXHALL ASTRA,1,E01024397,0,1
2024010512261,2024,010512261,2,9,0,18,19,3,7,0,0,8,0,0,0,0,1,1,6,6,1,44,7,1598,2,7,VAUXHALL ASTRA,2,E01003507,0,3
2024552401431,2024,552401431,1,9,0,18,19,4,8,0,0,0,1,0,1,10,1,1,1,1,1,34,6,-1,-1,-1,VAUXHALL ASTRA,3,E01020574,0,3
2024991440473,2024,991440473,1,9,0,-1,19,8,4,-1,0,0,0,0,0,0,1,2,-1,9,2,42,7,1399,1,6,VAUXHALL ASTRA,-1,-1,0,-1
2024302500150,2024,302500150,1,9,0,16,19,7,2,0,0,0,1,0,0,0,3,1,1,1,1,69,10,1598,2,5,VAUXHALL ASTRA,3,E01007758,0,4
2024461433367,2024,461433367,2,9,0,-1,19,2,6,-1,0,0,1,0,0,0,1,1,-1,2,2,57,9,1598,1,21,VAUXHALL ASTRA,3,E01016030,0,3
2024201488651,2024,201488651,1,9,0,-1,19,7,3,-1,0,1,0,0,0,0,4,1,-1,2,2,51,8,1248,2,10,VAUXHALL ASTRA,1,E01009147,0,1
2024201537550,2024,201537550,1,9,0,-1,19,1,5,-1,0,8,0,0,0,0,1,1,-1,6,1,25,5,1398,1,10,VAUXHALL ASTRA,5,E01009032,0,1
2024461419850,2024,461419850,1,9,0,-1,5,3,7,-1,0,4,0,0,0,0,1,1,-1,9,1,85,11,1398,1,9,VAUXHALL ASTRA,6,E01024709,0,1
2024991523262,2024,991523262,1,9,0,-1,19,3,7,-1,0,1,0,0,0,0,1,1,-1,6,1,45,7,-1,-1,-1,VAUXHALL ASTRA,1,-1,0,1
2024231462582,2024,231462582,1,9,0,-1,9,1,7,-1,0,5,0,0,0,0,1,1,-1,2,2,30,6,1399,1,8,VAUXHALL ASTRA,10,E01031232,0,1
2024201402659,2024,201402659,2,9,0,-1,10,4,2,-1,0,1,0,0,0,0,4,1,-1,1,2,32,6,1399,1,5,VAUXHALL ASTRA,10,E01009436,0,2
2024991486553,2024,991486553,1,9,0,-1,19,5,1,-1,0,0,0,0,8,11,1,1,-1,9,1,20,4,1364,1,14,VAUXHALL ASTRA,4,-1,0,3
2024340WN2472,2024,340WN2472,1,9,0,-1,19,2,6,-1,0,4,0,0,0,0,3,1,-1,9,1,20,4,1796,1,19,VAUXHALL ASTRA,3,E01027175,0,1
2024131468098,2024,131468098,2,9,0,-1,4,3,5,-1,0,1,0,0,0,0,1,1,-1,9,1,35,6,1686,2,17,VAUXHALL ASTRA,2,E01011872,0,3
2024010498513,2024,010498513,2,9,0,99,99,9,9,99,99,9,9,99,9,99,1,9,6,6,1,35,6,1598,2,8,VAUXHALL ASTRA,4,E01002490,0,1
2024061532945,2024,061532945,1,9,0,-1,3,-1,-1,-1,99,0,0,0,0,0,1,1,-1,6,1,20,4,1398,1,12,VAUXHALL ASTRA,6,W01000926,0,5
2024552400939,2024,552400939,1,9,0,18,19,3,7,0,0,0,0,0,0,0,1,1,6,6,1,81,11,1598,1,18,VAUXHALL ASTRA,9,E01029207,0,4
2024461417502,2024,461417502,3,9,0,-1,2,0,0,-1,9,2,0,11,1,2,2,1,-1,6,-1,24,5,1399,1,5,VAUXHALL ASTRA,-1,-1,0,-1
2024411476014,2024,411476014,1,9,0,-1,11,6,2,-1,0,0,0,0,0,0,4,2,-1,6,1,28,6,1598,1,13,VAUXHALL ASTRA,6,E01018187,0,4
2024531536296,2024,531536296,1,9,0,-1,19,4,8,-1,0,4,1,0,0,0,1,1,-1,9,1,63,9,1598,2,10,VAUXHALL ASTRA,5,E01032475,0,4
2024010550344,2024,010550344,1,9,0,18,19,1,5,0,0,8,0,0,3,0,1,1,6,6,1,29,6,1598,1,9,VAUXHALL ASTRA,4,E01003353,0,3
2024531502672,2024,531502672,1,9,0,-1,19,6,2,-1,0,2,0,0,0,0,1,1,-1,6,2,30,6,1598,2,8,VAUXHALL ASTRA,5,E01032391,0,4
2024311469028,2024,311469028,1,9,0,-1,19,7,2,-1,0,2,0,0,0,0,1,1,-1,2,1,46,8,1796,1,15,VAUXHALL ASTRA,3,E01028020,0,1
202454D708124,2024,54D708124,1,9,0,18,19,3,7,0,0,0,0,0,0,0,4,1,6,6,1,63,9,1364,1,14,VAUXHALL ASTRA,6,E01032117,0,2
2024010523773,2024,010523773,1,9,0,9,9,1,6,0,0,2,0,0,0,0,0,1,6,6,2,64,9,1598,1,9,VAUXHALL ASTRA,2,E01003511,0,1
2024501464363,2024,501464363,2,9,0,-1,19,8,4,-1,0,1,0,0,1,0,1,1,-1,2,1,52,8,1956,2,9,VAUXHALL ASTRA,4,E01034849,0,2
2024401459941,2024,401459941,2,9,0,-1,19,6,2,-1,0,2,0,0,0,0,1,1,-1,9,2,26,6,1364,1,17,VAUXHALL ASTRA,5,E01015762,0,2
2024010538034,2024,010538034,2,9,0,18,19,3,7,0,0,0,0,0,0,0,2,1,6,6,3,-1,-1,1598,1,9,VAUXHALL ASTRA,-1,-1,0,-1
2024991412979,2024,991412979,1,9,0,-1,9,5,3,-1,0,1,0,0,0,0,1,1,-1,1,1,76,11,1598,1,9,VAUXHALL ASTRA,-1,-1,0,-1
2024131411048,2024,131411048,1,9,0,-1,11,5,1,-1,0,0,0,0,0,0,4,1,-1,2,1,53,8,1398,1,14,VAUXHALL ASTRA,7,E01011403,0,2
2024010523770,2024,010523770,2,9,0,2,2,0,0,0,0,0,0,0,0,0,1,1,6,6,3,-1,-1,1796,1,18,VAUXHALL ASTRA,-1,-1,0,-1
2024010507130,2024,010507130,2,9,0,6,6,7,7,0,0,6,0,0,0,0,4,1,2,2,1,33,6,1598,1,14,VAUXHALL ASTRA,6,E01003433,0,3
2024010546049,2024,010546049,1,9,0,18,19,5,1,0,0,0,0,0,0,0,0,1,6,6,2,35,6,1598,1,10,VAUXHALL ASTRA,2,E01001549,0,2
2024041521222,2024,041521222,2,9,0,-1,19,2,6,-1,0,8,0,0,0,0,3,1,-1,6,1,44,7,1686,2,13,VAUXHALL ASTRA,2,E01012658,0,1
2024371485154,2024,371485154,2,9,0,-1,19,5,1,-1,0,1,0,0,0,0,4,1,-1,9,2,28,6,1399,1,9,VAUXHALL ASTRA,8,E01030043,0,3
2024471442579,2024,471442579,2,9,0,-1,19,6,2,-1,0,2,0,0,0,0,1,1,-1,1,1,63,9,1248,2,17,VAUXHALL ASTRA,9,E01021231,0,3
2024052400944,2024,052400944,1,9,0,9,9,2,6,0,0,6,0,0,0,0,1,1,6,6,2,62,9,1956,2,11,VAUXHALL ASTRA,8,E01006539,0,1
2024430124197,2024,430124197,2,9,0,4,4,8,4,0,0,1,0,0,0,0,1,1,1,1,1,59,9,1796,1,17,VAUXHALL ASTRA,7,E01016836,0,1
2024201436598,2024,201436598,1,9,0,-1,19,6,2,-1,0,1,0,0,0,0,1,1,-1,6,1,24,5,1598,1,10,VAUXHALL ASTRA,5,E01009939,0,1
2024522500003,2024,522500003,1,9,0,3,3,6,2,0,0,0,0,0,0,0,2,1,6,6,2,24,5,1956,2,12,VAUXHALL ASTRA,5,E01014678,0,1
2024332400930,2024,332400930,1,9,0,-1,19,4,1,-1,0,8,0,0,1,11,1,1,-1,6,1,28,6,-1,-1,-1,VAUXHALL ASTRA,9,E01025968,0,2
2024411471674,2024,411471674,3,9,0,-1,2,0,0,-1,0,0,0,4,0,0,2,1,-1,6,-1,-1,-1,1686,2,18,VAUXHALL ASTRA,-1,-1,0,-1
2024131439568,2024,131439568,1,9,0,-1,19,5,1,-1,0,0,0,0,0,0,1,1,-1,6,1,35,6,1598,1,16,VAUXHALL ASTRA,1,E01011349,0,3
2024471468736,2024,471468736,2,9,0,-1,19,3,7,-1,0,1,0,0,0,0,1,1,-1,6,2,24,5,1796,1,17,VAUXHALL ASTRA,9,E01031714,0,1
2024010519381,2024,010519381,2,9,0,99,99,9,9,99,99,9,9,99,9,99,9,9,6,6,3,-1,-1,1598,1,14,VAUXHALL ASTRA,-1,-1,0,-1
2024631506332,2024,631506332,2,9,0,-1,19,6,2,-1,0,8,0,0,0,0,4,1,-1,1,1,22,5,1686,2,14,VAUXHALL ASTRA,4,W01000747,0,3
2024061417532,2024,061417532,1,9,0,-1,19,8,4,-1,0,0,5,0,2,7,4,1,-1,6,1,40,7,1956,2,11,VAUXHALL ASTRA,2,E01006832,0,4
2024471470265,2024,471470265,1,9,0,-1,9,1,2,-1,0,6,0,0,0,0,1,2,-1,9,1,73,10,-1,-1,-1,VAUXHALL ASTRA,9,E01030580,0,4
2024010508164,2024,010508164,2,9,0,18,19,1,5,0,0,0,0,0,0,0,1,1,6,6,1,25,5,1598,1,14,VAUXHALL ASTRA,6,E01021472,0,1
2024361422051,2024,361422051,1,9,0,-1,19,7,3,-1,0,1,0,7,0,0,1,1,-1,2,1,46,8,1796,1,16,VAUXHALL ASTRA,5,E01026651,0,1
2024320750454,2024,320750454,3,9,0,3,3,6,2,0,0,0,0,0,0,0,1,1,-1,-1,2,57,9,1598,2,7,VAUXHALL ASTRA,4,E01026174,0,3
2024201461814,2024,201461814,1,9,0,-1,19,8,4,-1,0,0,0,0,0,0,1,1,-1,6,1,25,5,1398,1,14,VAUXHALL ASTRA,2,E01010097,0,3
2024531496928,2024,531496928,3,9,0,-1,19,3,7,-1,0,1,0,0,0,0,2,1,-1,6,1,19,4,1598,1,12,VAUXHALL ASTRA,5,E01014843,0,4
2024041458572,2024,041458572,1,9,0,-1,4,1,5,-1,0,3,0,0,0,0,4,1,-1,9,1,57,9,1398,1,9,VAUXHALL ASTRA,9,E01024916,0,1
2024061511748,2024,061511748,2,9,0,-1,5,3,7,-1,0,1,0,0,0,0,1,9,-1,9,1,31,6,1399,1,8,VAUXHALL ASTRA,3,E01004832,0,1
2024520402288,2024,520402288,1,9,0,18,19,8,6,0,0,4,0,0,0,0,2,1,6,6,2,56,9,1598,2,10,VAUXHALL ASTRA,8,E01029145,0,1
2024010523152,2024,010523152,2,9,0,8,8,9,9,99,99,6,9,99,9,99,9,9,6,6,3,-1,-1,1364,1,17,VAUXHALL ASTRA,-1,-1,0,-1
2024332400112,2024,332400112,2,9,0,-1,19,4,1,-1,0,8,0,0,0,0,1,1,-1,6,1,77,11,1398,1,9,VAUXHALL ASTRA,-1,-1,0,-1
2024161485708,2024,161485708,1,9,0,-1,14,1,5,-1,0,1,0,0,0,0,1,1,-1,2,2,37,7,1398,1,10,VAUXHALL ASTRA,2,E01012992,0,2
2024461433587,2024,461433587,1,9,0,-1,9,1,8,-1,0,6,0,0,0,0,2,9,-1,6,3,30,6,1398,1,12,VAUXHALL ASTRA,-1,-1,0,-1
2024041529320,2024,041529320,2,9,0,-1,19,7,3,-1,0,0,0,0,0,0,2,1,-1,9,2,48,8,1956,2,11,VAUXHALL ASTRA,6,E01025202,0,2
2024201517089,2024,201517089,1,9,0,-1,9,8,6,-1,0,2,0,0,0,0,4,1,-1,6,1,34,6,1598,2,7,VAUXHALL ASTRA,1,E01009412,0,2
2024161492585,2024,161492585,2,9,0,-1,5,2,8,-1,0,4,0,0,0,0,1,1,-1,9,1,30,6,1598,2,7,VAUXHALL ASTRA,9,E01013110,0,1
2024471412099,2024,471412099,2,9,0,-1,-1,3,7,-1,-1,0,-1,-1,-1,0,1,9,-1,6,1,77,11,1956,2,12,VAUXHALL ASTRA,6,E01022941,0,2
2024631522007,2024,631522007,1,9,0,-1,19,7,3,-1,0,2,0,0,0,0,4,1,-1,6,2,31,6,1598,1,9,VAUXHALL ASTRA,3,W01000479,0,1
2024061433171,2024,061433171,2,9,0,-1,10,7,3,-1,0,5,0,0,0,0,2,1,-1,9,2,38,7,1598,1,10,VAUXHALL ASTRA,-1,-1,0,-1
2024461516645,2024,461516645,1,9,0,-1,5,5,7,-1,0,2,0,0,0,0,4,9,-1,2,2,44,7,1598,1,12,VAUXHALL ASTRA,5,E01024075,0,1
2024302400829,2024,302400829,2,9,0,3,3,4,8,0,0,2,0,0,0,0,2,1,1,1,2,23,5,1398,1,13,VAUXHALL ASTRA,3,E01019690,0,1
2024010499987,2024,010499987,1,9,0,18,19,7,3,0,0,1,0,0,0,0,3,1,1,1,2,31,6,1341,1,3,VAUXHALL ASTRA,2,E01003507,0,1
2024440555597,2024,440555597,2,9,0,18,19,8,4,0,0,1,0,0,0,0,1,1,6,6,1,34,6,1199,1,0,VAUXHALL ASTRA,10,E01022856,0,3
2024010528264,2024,010528264,2,9,9,99,99,9,9,99,99,0,9,99,9,99,9,9,6,6,3,-1,-1,1598,2,10,VAUXHALL ASTRA,-1,-1,0,-1
2024010520548,2024,010520548,1,9,0,9,9,5,2,0,0,6,0,0,0,0,4,1,6,6,1,21,5,1399,1,8,VAUXHALL ASTRA,-1,-1,0,-1
2024201447767,2024,201447767,2,9,0,-1,19,6,2,-1,0,8,0,0,0,0,1,1,-1,6,1,46,8,1998,1,21,VAUXHALL ASTRA,2,E01010429,0,2
2024332400702,2024,332400702,1,9,0,-1,13,7,3,-1,0,0,0,0,0,0,1,1,-1,6,1,26,6,1796,1,15,VAUXHALL ASTRA,10,E01025813,0,4
2024421526711,2024,421526711,2,9,0,-1,19,3,7,-1,0,4,0,0,1,9,3,1,-1,9,1,72,10,1598,1,7,VAUXHALL ASTRA,5,E01021976,0,3
2024201448459,2024,201448459,3,9,0,-1,2,0,0,-1,0,0,0,4,0,0,1,1,-1,6,-1,-1,-1,1364,1,19,VAUXHALL ASTRA,-1,-1,0,-1
2024481503775,2024,481503775,2,8,0,-1,2,1,5,-1,0,0,0,0,0,0,3,1,-1,2,1,40,7,1598,1,15,VAUXHALL ASTRA,-1,-1,0,-1
2024440547028,2024,440547028,2,9,0,16,19,1,4,0,0,8,0,0,0,0,3,1,6,6,1,-1,-1,1910,2,16,VAUXHALL ASTRA,-1,-1,0,-1
2024401463460,2024,401463460,1,9,0,-1,4,3,7,-1,0,1,0,0,0,0,1,9,-1,2,1,24,5,1686,2,12,VAUXHALL ASTRA,3,E01015730,0,3
2024201523427,2024,201523427,1,9,0,-1,19,4,8,-1,0,0,0,0,0,0,1,1,-1,6,-1,-1,-1,1598,1,14,VAUXHALL ASTRA,-1,-1,0,-1
2024991523528,2024,991523528,3,9,0,-1,3,5,1,-1,0,0,0,0,0,0,2,1,-1,6,2,63,9,1399,1,5,VAUXHALL ASTRA,3,-1,0,1
2024010533891,2024,010533891,1,9,0,9,9,5,2,0,0,5,0,0,7,0,1,1,6,6,1,34,6,1364,1,18,VAUXHALL ASTRA,2,E01001010,0,3
2024991535570,2024,991535570,1,9,0,-1,19,4,1,-1,0,4,0,0,0,0,1,1,-1,9,1,66,10,1364,1,13,VAUXHALL ASTRA,-1,-1,0,-1
2024010513934,2024,010513934,1,9,0,18,19,1,5,0,0,8,0,0,0,0,1,1,6,6,1,32,6,999,1,8,VAUXHALL ASTRA,5,E01002214,0,4
2024320711750,2024,320711750,1,9,0,-1,-1,8,4,0,0,1,0,0,7,10,4,1,-1,-1,2,27,6,1598,1,11,VAUXHALL ASTRA,8,E01026065,0,1
2024411434734,2024,411434734,1,9,0,-1,19,1,5,-1,0,1,0,0,0,0,4,1,-1,6,2,43,7,1364,1,15,VAUXHALL ASTRA,3,E01023876,0,1
2024122401095,2024,122401095,1,9,0,17,19,6,2,0,0,0,0,0,1,1,1,1,6,6,1,30,6,1598,2,7,VAUXHALL ASTRA,8,E01013407,0,1
2024552400439,2024,552400439,1,9,0,4,4,8,4,0,0,4,1,0,0,0,1,1,2,2,1,22,5,1399,1,5,VAUXHALL ASTRA,-1,-1,0,-1
2024520402510,2024,520402510,2,9,0,18,19,6,2,0,0,8,0,0,0,0,1,1,6,6,1,84,11,1598,1,21,VAUXHALL ASTRA,5,E01029053,0,1
2024302400595,2024,302400595,2,8,0,18,19,3,7,0,0,1,0,0,0,0,4,1,1,1,1,34,6,1598,2,8,VAUXHALL ASTRA,2,E01013483,0,1
2024430112745,2024,430112745,3,9,0,18,19,2,6,0,0,8,0,0,0,0,4,1,1,1,1,-1,-1,1598,2,5,VAUXHALL ASTRA,-1,-1,0,-1
2024161424076,2024,161424076,1,9,0,-1,19,7,3,-1,0,0,0,0,0,0,1,1,-1,6,2,20,4,1598,2,9,VAUXHALL ASTRA,1,E01012845,0,2
2024201495544,2024,201495544,2,9,0,-1,19,4,8,-1,0,3,0,0,0,0,1,1,-1,9,1,21,5,1956,2,12,VAUXHALL ASTRA,3,E01010042,0,1
2024052400286,2024,052400286,2,9,0,18,19,7,3,0,0,8,0,0,1,10,1,1,6,6,1,28,6,1598,2,8,VAUXHALL ASTRA,5,E01006427,0,3
2024010540574,2024,010540574,1,9,0,18,19,6,2,0,0,2,0,0,0,0,1,1,6,6,1,57,9,1598,1,19,VAUXHALL ASTRA,-1,-1,0,-1
2024302400322,2024,302400322,1,9,0,18,19,5,1,0,0,0,0,0,0,0,1,1,6,6,3,-1,-1,1598,1,11,VAUXHALL ASTRA,5,E01019456,0,3
2024311437163,2024,311437163,2,9,0,-1,9,1,2,-1,0,1,1,0,0,0,3,1,-1,2,1,23,5,1796,1,15,VAUXHALL ASTRA,8,E01007599,0,3
2024211523882,2024,211523882,1,9,0,-1,19,7,3,-1,0,0,5,10,1,11,1,1,-1,9,2,20,4,1598,1,17,VAUXHALL ASTRA,3,E01029804,0,3
2024440071211,2024,440071211,2,9,0,2,2,0,0,0,0,0,0,0,1,0,1,1,6,6,1,53,8,-1,-1,-1,VAUXHALL ASTRA,10,E01016201,0,3
2024311446441,2024,311446441,1,9,0,-1,19,7,3,-1,0,1,0,0,0,0,3,1,-1,9,2,68,10,1598,2,8,VAUXHALL ASTRA,8,E01028179,0,1
2024010544452,2024,010544452,2,9,0,99,99,9,9,99,99,9,9,99,9,99,9,9,6,6,3,-1,-1,1399,1,8,VAUXHALL ASTRA,-1,-1,0,-1
2024991519091,2024,991519091,1,9,0,-1,9,3,7,-1,0,8,1,0,1,11,4,1,-1,6,1,39,7,1598,1,9,VAUXHALL ASTRA,7,-1,0,2
2024041436074,2024,041436074,3,9,0,-1,19,5,5,-1,0,0,0,0,0,0,3,1,-1,9,2,55,8,1598,1,12,VAUXHALL ASTRA,-1,-1,0,-1
2024201509529,2024,201509529,2,9,0,-1,19,2,5,-1,0,8,0,0,0,0,2,1,-1,6,1,-1,-1,1956,2,9,VAUXHALL ASTRA,-1,-1,0,-1
2024501450832,2024,501450832,2,9,0,-1,2,0,0,-1,0,0,0,0,0,0,1,1,-1,6,1,-1,-1,1362,1,11,VAUXHALL ASTRA,7,E01019045,0,3
2024131458940,2024,131458940,2,9,0,-1,19,2,6,-1,0,2,0,0,0,0,0,1,-1,1,2,-1,-1,1499,2,1,VAUXHALL ASTRA,1,E01034582,0,1
2024010513044,2024,010513044,2,9,9,99,99,9,9,99,99,9,9,99,9,99,9,9,6,6,3,28,6,1399,1,5,VAUXHALL ASTRA,2,E01001339,0,1
2024010536553,2024,010536553,1,9,0,99,99,9,9,99,99,9,9,99,9,99,3,9,6,6,2,50,8,1796,1,16,VAUXHALL ASTRA,3,E01003586,0,1
2024041491590,2024,041491590,1,9,0,-1,19,1,5,-1,0,0,0,0,0,0,1,1,-1,6,3,-1,-1,1598,1,14,VAUXHALL ASTRA,-1,-1,0,-1