collision_index,collision_year,collision_ref_no,vehicle_reference,vehicle_type,towing_and_articulation,vehicle_manoeuvre_historic,vehicle_manoeuvre,vehicle_direction_from,vehicle_direction_to,vehicle_location_restricted_lane_historic,vehicle_location_restricted_lane,junction_location,skidding_and_overturning,hit_object_in_carriageway,vehicle_leaving_carriageway,hit_object_off_carriageway,first_point_of_impact,vehicle_left_hand_drive,journey_purpose_of_driver_historic,journey_purpose_of_driver,sex_of_driver,age_of_driver,age_band_of_driver,engine_capacity_cc,propulsion_code,age_of_vehicle,generic_make_model,driver_imd_decile,lsoa_of_driver,escooter_flag,driver_distance_banding
202460Q055217,2024,60Q055217,1,9,0,7,7,5,1,0,0,1,0,0,0,0,1,1,6,6,2,22,5,1686,2,13,VAUXHALL ASTRA,-1,-1,0,-1
2024991444235,2024,991444235,1,9,0,-1,2,0,0,-1,0,0,0,0,0,0,3,1,-1,6,2,41,7,1956,2,12,VAUXHALL ASTRA,5,-1,0,1
2024010515773,2024,010515773,2,9,0,7,7,3,6,0,0,8,0,0,0,0,4,1,1,1,2,31,6,1399,1,5,VAUXHALL ASTRA,5,E01002866,0,3
2024010532670,2024,010532670,2,9,0,9,9,6,4,0,0,1,0,0,0,0,3,1,1,1,1,29,6,1398,1,12,VAUXHALL ASTRA,10,E01002917,0,1
2024411460907,2024,411460907,1,9,0,-1,7,5,2,-1,9,2,0,0,1,11,1,1,-1,2,1,47,8,1598,1,14,VAUXHALL ASTRA,4,E01023899,0,4
2024451427991,2024,451427991,1,9,0,-1,19,7,3,-1,0,0,5,0,1,0,1,1,-1,6,1,56,9,1956,2,13,VAUXHALL ASTRA,1,E01012596,0,5
2024461421114,2024,461421114,1,9,0,-1,9,3,7,-1,0,0,0,0,0,0,1,1,-1,9,1,82,11,1598,1,10,VAUXHALL ASTRA,3,E01024264,0,2
2024340NN0762,2024,340NN0762,2,9,0,-1,9,5,1,-1,0,0,0,0,7,0,3,1,-1,2,1,45,7,-1,-1,-1,VAUXHALL ASTRA,3,E01009118,0,4
2024041422677,2024,041422677,1,9,0,-1,19,1,5,-1,0,0,0,0,8,0,1,1,-1,9,2,42,7,1398,1,10,VAUXHALL ASTRA,1,E01012619,0,1
2024010549098,2024,010549098,2,9,0,18,19,1,5,0,0,1,0,0,0,0,1,1,6,6,1,-1,-1,1598,1,13,VAUXHALL ASTRA,-1,-1,0,-1
2024320053791,2024,320053791,1,9,0,-1,-1,6,2,0,0,8,2,0,3,9,1,1,-1,-1,1,18,4,1686,2,12,VAUXHALL ASTRA,-1,-1,0,-1
2024010538582,2024,010538582,2,9,0,99,99,9,9,99,99,9,9,99,9,99,2,9,6,6,3,-1,-1,1398,1,13,VAUXHALL ASTRA,3,E01002774,0,1
2024332400371,2024,332400371,2,9,0,-1,1,7,3,-1,0,0,0,0,0,0,2,1,-1,6,1,31,6,1598,2,8,VAUXHALL ASTRA,3,E01013742,0,1
2024010549491,2024,010549491,1,9,9,99,99,9,9,99,99,9,9,99,9,99,9,9,6,6,3,-1,-1,1399,1,7,VAUXHALL ASTRA,-1,-1,0,-1
2024061511534,2024,061511534,5,9,0,-1,19,6,2,-1,0,0,0,0,0,0,1,9,-1,6,3,-1,-1,1398,1,13,VAUXHALL ASTRA,-1,-1,0,-1
2024201470149,2024,201470149,2,9,0,-1,19,4,8,-1,0,0,0,0,0,0,3,1,-1,6,1,59,9,1686,2,14,VAUXHALL ASTRA,1,E01010433,0,1
2024471513684,2024,471513684,1,9,0,-1,19,7,3,-1,0,8,0,0,0,0,1,1,-1,9,1,22,5,1686,2,11,VAUXHALL ASTRA,8,E01031461,0,1
2024010512488,2024,010512488,1,9,9,99,99,9,9,99,99,9,9,99,9,99,1,9,6,6,1,25,5,1598,1,10,VAUXHALL ASTRA,7,E01002427,0,3
2024991500542,2024,991500542,1,9,0,-1,19,5,1,-1,0,1,0,0,0,0,1,1,-1,9,1,52,8,1956,2,13,VAUXHALL ASTRA,7,-1,0,1
2024201454679,2024,201454679,1,9,0,-1,19,7,3,-1,0,1,0,0,0,0,1,9,-1,6,1,31,6,1598,2,8,VAUXHALL ASTRA,3,E01033893,0,1
2024201532611,2024,201532611,7,9,0,-1,2,0,0,-1,0,8,0,0,0,0,3,1,-1,6,-1,-1,-1,1598,1,11,VAUXHALL ASTRA,-1,-1,0,-1
2024010506816,2024,010506816,1,9,9,99,99,9,9,99,99,0,9,99,9,99,9,9,6,6,3,-1,-1,1398,1,13,VAUXHALL ASTRA,-1,-1,0,-1
202460Q150464,2024,60Q150464,1,9,0,18,19,5,1,0,0,1,0,0,0,0,1,1,6,6,3,-1,-1,1598,1,12,VAUXHALL ASTRA,-1,-1,0,-1
2024440354147,2024,440354147,2,9,0,18,19,3,7,0,0,8,0,0,0,0,1,1,6,6,1,-1,-1,1598,2,8,VAUXHALL ASTRA,-1,-1,0,-1
2024221435543,2024,221435543,1,9,0,-1,9,4,2,-1,0,5,0,0,0,0,1,9,-1,6,2,33,6,999,1,8,VAUXHALL ASTRA,7,E01032249,0,1
2024131436531,2024,131436531,3,9,0,-1,19,5,1,-1,0,0,5,0,0,0,4,1,-1,9,1,30,6,1598,2,8,VAUXHALL ASTRA,3,E01011908,0,2
2024471479973,2024,471479973,1,9,0,-1,9,3,1,-1,0,8,0,0,0,0,4,1,-1,6,1,24,5,1910,2,16,VAUXHALL ASTRA,4,E01016662,0,4
2024552400298,2024,552400298,1,9,0,18,19,8,4,0,0,0,0,0,0,0,3,1,2,2,2,57,9,1956,2,12,VAUXHALL ASTRA,7,E01020359,0,2
2024461528943,2024,461528943,1,9,0,-1,19,4,8,-1,0,4,0,0,0,0,1,1,-1,6,1,69,10,1399,1,8,VAUXHALL ASTRA,7,E01024350,0,1
2024010522485,2024,010522485,2,9,0,18,19,1,5,0,0,1,0,0,0,0,0,1,6,6,1,29,6,1399,1,5,VAUXHALL ASTRA,3,E01002401,0,1
2024461413543,2024,461413543,6,9,0,-1,2,0,0,-1,0,0,0,0,0,0,2,1,-1,6,-1,-1,-1,1598,1,14,VAUXHALL ASTRA,-1,-1,0,-1
2024201461138,2024,201461138,2,9,0,-1,19,1,5,-1,0,0,0,0,0,0,1,1,-1,9,1,31,6,1364,1,16,VAUXHALL ASTRA,2,E01010104,0,1
2024631414177,2024,631414177,2,9,0,-1,4,2,6,-1,0,0,0,0,0,0,2,1,-1,6,1,56,9,1598,1,12,VAUXHALL ASTRA,3,W01000626,0,2
2024010521821,2024,010521821,2,9,0,2,2,9,9,99,99,0,9,99,9,99,9,9,6,6,1,-1,-1,1598,1,13,VAUXHALL ASTRA,2,E01001155,0,3
2024131455821,2024,131455821,2,9,0,-1,19,2,6,-1,0,0,0,0,0,0,1,1,-1,9,2,33,6,1398,1,13,VAUXHALL ASTRA,1,E01011658,0,1
2024161416972,2024,161416972,1,9,0,-1,19,8,4,-1,0,1,1,10,2,11,1,1,-1,9,1,25,5,1598,1,19,VAUXHALL ASTRA,7,E01012950,0,1
2024201427527,2024,201427527,1,9,0,-1,19,7,3,-1,0,6,0,0,0,0,3,9,-1,6,2,28,6,1598,2,9,VAUXHALL ASTRA,1,E01009195,0,1
2024010543860,2024,010543860,2,9,0,99,99,9,9,99,99,9,9,99,9,99,9,9,6,6,3,-1,-1,1398,1,11,VAUXHALL ASTRA,5,E01003366,0,4
2024201427508,2024,201427508,1,9,0,-1,5,4,8,-1,0,0,0,0,0,0,1,9,-1,9,1,22,5,1364,1,8,VAUXHALL ASTRA,6,E01032404,0,4
2024401490037,2024,401490037,1,9,0,-1,19,1,5,-1,0,1,0,0,0,0,1,1,-1,6,2,40,7,1796,1,17,VAUXHALL ASTRA,3,E01017515,0,1
2024461405962,2024,461405962,1,9,0,-1,19,3,7,-1,0,0,0,0,0,0,3,1,-1,9,2,29,6,1399,1,7,VAUXHALL ASTRA,3,E01024742,0,2
2024131452590,2024,131452590,1,9,0,-1,6,1,5,-1,0,7,1,0,7,0,3,1,-1,6,2,24,5,1598,2,8,VAUXHALL ASTRA,1,E01011665,0,3
2024361528988,2024,361528988,1,9,0,-1,19,1,5,-1,0,0,0,0,0,0,1,1,-1,9,1,24,5,1998,1,16,VAUXHALL ASTRA,1,E01026603,0,1
2024010532553,2024,010532553,1,9,0,6,6,1,1,6,6,6,0,0,0,0,2,1,6,6,1,41,7,1364,1,14,VAUXHALL ASTRA,3,E01001731,0,1
2024430203991,2024,430203991,2,9,0,18,19,1,5,0,0,4,0,0,0,0,3,1,6,6,2,49,8,1399,1,5,VAUXHALL ASTRA,7,E01016288,0,3
2024332400639,2024,332400639,1,9,0,-1,5,6,2,-1,0,3,0,0,4,2,3,1,-1,2,2,38,7,1598,2,8,VAUXHALL ASTRA,1,E01013640,0,1
2024991408203,2024,991408203,1,9,0,-1,19,6,2,-1,0,0,5,0,1,10,4,1,-1,2,1,43,7,1686,2,10,VAUXHALL ASTRA,4,-1,0,3
2024501466618,2024,501466618,2,9,0,-1,19,4,3,-1,0,1,0,0,0,0,1,1,-1,6,1,-1,-1,1598,1,21,VAUXHALL ASTRA,-1,-1,0,-1
2024461534542,2024,461534542,1,9,0,-1,4,3,7,-1,0,0,0,0,0,0,0,1,-1,1,1,23,5,1598,2,5,VAUXHALL ASTRA,6,E01034997,0,3
2024161471763,2024,161471763,2,9,0,-1,19,6,2,-1,0,8,0,0,0,0,4,1,-1,6,1,31,6,1956,2,10,VAUXHALL ASTRA,1,E01013177,0,1
2024070395968,2024,070395968,3,9,0,3,3,5,1,0,0,0,0,0,0,0,1,1,2,2,2,42,7,1199,1,3,VAUXHALL ASTRA,1,E01018738,0,2
2024131527476,2024,131527476,1,9,0,-1,19,6,1,-1,0,0,0,0,0,0,1,1,-1,9,1,22,5,1598,2,8,VAUXHALL ASTRA,3,E01010914,0,1
2024010535235,2024,010535235,3,9,0,18,19,7,3,0,0,1,5,0,0,0,1,1,6,6,1,30,6,1598,1,19,VAUXHALL ASTRA,2,E01000931,0,2
2024501463165,2024,501463165,1,9,0,-1,13,5,1,-1,0,1,0,0,1,11,1,1,-1,6,1,29,6,1686,2,12,VAUXHALL ASTRA,1,E01015255,0,1
2024311427699,2024,311427699,1,9,0,-1,8,3,5,-1,0,1,0,0,0,0,4,1,-1,2,2,59,9,1796,1,17,VAUXHALL ASTRA,2,E01013813,0,1
2024631492594,2024,631492594,1,9,0,-1,5,4,8,-1,0,6,0,0,0,0,3,2,-1,9,1,82,11,1598,1,10,VAUXHALL ASTRA,6,E01032196,0,4
2024471467909,2024,471467909,1,9,0,-1,9,6,2,-1,0,6,0,0,0,0,1,9,-1,6,3,-1,-1,1598,2,10,VAUXHALL ASTRA,-1,-1,0,-1
202460Q179287,2024,60Q179287,2,9,0,18,19,7,3,0,0,0,0,0,0,0,3,1,6,6,1,42,7,1598,2,9,VAUXHALL ASTRA,-1,-1,0,-1
2024991438142,2024,991438142,2,9,0,-1,9,4,2,-1,0,8,0,0,0,0,3,1,-1,2,2,47,8,1398,1,10,VAUXHALL ASTRA,9,-1,0,1
2024361532499,2024,361532499,2,9,0,-1,10,4,2,-1,0,1,0,0,0,0,2,1,-1,6,1,39,7,1956,2,11,VAUXHALL ASTRA,6,E01026424,0,2
2024052400572,2024,052400572,2,9,0,18,19,3,7,0,0,8,0,0,0,0,1,1,6,6,1,44,7,1399,1,7,VAUXHALL ASTRA,3,E01006836,0,2
2024201512143,2024,201512143,1,9,0,-1,19,3,7,-1,0,1,0,0,0,0,1,1,-1,6,1,30,6,1598,1,19,VAUXHALL ASTRA,-1,-1,0,-1
2024361420712,2024,361420712,1,9,0,-1,13,7,3,-1,0,0,1,0,7,0,4,9,-1,1,1,28,6,1598,2,5,VAUXHALL ASTRA,4,E01026884,0,4
2024010508094,2024,010508094,1,9,0,7,7,3,5,8,6,6,0,0,0,0,1,1,1,1,1,63,9,1598,1,16,VAUXHALL ASTRA,5,E01001381,0,4
2024451419857,2024,451419857,2,9,0,-1,19,7,3,-1,0,1,0,0,0,0,1,1,-1,2,2,24,5,1796,1,14,VAUXHALL ASTRA,4,E01002490,0,3
2024201457739,2024,201457739,6,9,0,-1,19,6,2,-1,0,2,0,0,0,0,2,1,-1,6,2,36,7,1956,2,12,VAUXHALL ASTRA,-1,-1,0,-1
2024340NN2962,2024,340NN2962,2,9,0,-1,4,7,3,-1,0,0,0,0,0,0,2,1,-1,6,1,29,6,1598,1,21,VAUXHALL ASTRA,1,E01026965,0,1
2024231529170,2024,231529170,2,9,0,-1,19,4,8,-1,0,8,0,0,0,0,1,1,-1,6,1,52,8,1598,1,14,VAUXHALL ASTRA,1,E01013688,0,4
2024522402811,2024,522402811,2,9,0,18,19,9,9,0,0,0,0,0,0,0,1,1,6,6,1,-1,-1,1686,2,11,VAUXHALL ASTRA,7,E01014599,0,1
2024991486969,2024,991486969,1,9,0,-1,5,5,1,-1,0,6,0,0,0,0,1,1,-1,9,1,53,8,1598,1,11,VAUXHALL ASTRA,7,-1,0,3
2024622400229,2024,622400229,2,9,0,2,2,0,0,0,0,0,0,0,0,0,3,1,6,6,2,41,7,1598,1,11,VAUXHALL ASTRA,2,W01001990,0,1
2024543671724,2024,543671724,1,9,0,18,19,1,4,0,0,0,5,10,1,9,1,1,6,6,1,15,3,1956,2,12,VAUXHALL ASTRA,7,E01031857,0,2
2024430112745,2024,430112745,2,9,0,3,3,4,8,0,0,1,0,0,0,0,2,1,6,6,1,42,7,1598,1,20,VAUXHALL ASTRA,4,E01016395,0,1
2024010521910,2024,010521910,2,9,0,18,19,3,7,0,0,8,0,0,0,0,4,1,6,6,1,22,5,1364,1,16,VAUXHALL ASTRA,2,E01004304,0,1
2024401448910,2024,401448910,2,9,0,-1,19,1,5,-1,0,0,0,0,0,0,1,1,-1,9,1,66,10,1399,1,8,VAUXHALL ASTRA,6,E01018190,0,4
2024302400943,2024,302400943,1,9,0,4,4,3,7,0,0,1,0,0,0,0,2,1,6,6,2,30,6,1598,2,9,VAUXHALL ASTRA,9,E01028095,0,4
2024531426233,2024,531426233,1,9,0,-1,5,8,4,-1,0,4,0,0,0,0,1,1,-1,6,1,31,6,1598,8,0,VAUXHALL ASTRA,2,E01000151,0,5
2024991450135,2024,991450135,2,9,0,-1,4,7,3,-1,0,0,0,0,0,0,2,1,-1,9,1,19,4,1686,2,10,VAUXHALL ASTRA,4,-1,0,1
2024411440295,2024,411440295,2,9,0,-1,2,0,0,-1,0,0,0,0,0,0,2,1,-1,6,-1,-1,-1,1598,1,9,VAUXHALL ASTRA,-1,-1,0,-1
2024131453676,2024,131453676,1,9,0,-1,19,7,3,-1,0,8,0,4,0,0,1,1,-1,6,2,33,6,1910,2,16,VAUXHALL ASTRA,8,E01011929,0,1
2024010533683,2024,010533683,1,9,0,3,3,7,3,0,0,8,0,0,0,0,1,1,6,6,1,23,5,1598,1,12,VAUXHALL ASTRA,7,E01031616,0,4
2024010533450,2024,010533450,2,9,0,7,7,7,2,0,0,6,0,0,0,0,1,1,6,6,2,78,11,1796,1,18,VAUXHALL ASTRA,8,E01002287,0,1
2024440487723,2024,440487723,1,9,0,17,19,7,5,0,0,8,0,0,0,0,3,1,6,6,1,26,6,1686,2,15,VAUXHALL ASTRA,3,E01017079,0,2
2024430204063,2024,430204063,2,9,0,9,9,3,1,0,0,8,0,0,0,0,3,1,6,6,2,31,6,1398,1,10,VAUXHALL ASTRA,10,E01016294,0,4
2024461430699,2024,461430699,1,9,0,-1,7,1,3,-1,0,1,0,0,0,0,3,9,-1,6,1,-1,-1,-1,-1,-1,VAUXHALL ASTRA,7,E01023252,0,5
2024430108500,2024,430108500,1,9,0,16,19,1,4,0,0,2,2,0,7,11,1,1,6,6,1,20,4,1796,1,18,VAUXHALL ASTRA,10,E01028599,0,2
2024101479667,2024,101479667,2,9,0,-1,7,4,3,-1,0,0,0,0,0,0,3,1,-1,9,1,28,6,1598,2,9,VAUXHALL ASTRA,3,E01008349,0,1
2024010526074,2024,010526074,1,9,0,2,2,0,0,0,0,1,0,0,0,0,1,1,6,6,3,-1,-1,1398,1,12,VAUXHALL ASTRA,-1,-1,0,-1
2024541834924,2024,541834924,1,9,0,17,19,6,3,0,0,1,0,0,0,0,1,1,2,2,2,55,8,1598,1,14,VAUXHALL ASTRA,5,E01015519,0,2
2024461498510,2024,461498510,2,9,0,-1,19,6,2,-1,0,8,0,0,0,0,1,1,-1,9,2,78,11,1796,1,15,VAUXHALL ASTRA,5,E01024427,0,1
2024411463337,2024,411463337,2,9,0,-1,19,4,8,-1,0,2,0,0,0,0,1,1,-1,6,1,25,5,1598,1,11,VAUXHALL ASTRA,3,E01015701,0,2
2024430337985,2024,430337985,1,9,0,16,19,2,7,0,0,0,0,0,0,0,1,1,6,6,2,37,7,1686,2,14,VAUXHALL ASTRA,4,E01017904,0,1
2024010530982,2024,010530982,1,9,0,9,9,9,9,99,99,9,9,99,9,99,2,9,6,6,2,25,5,1399,1,6,VAUXHALL ASTRA,6,E01004621,0,1
2024010548021,2024,010548021,1,9,0,99,99,9,9,99,99,9,9,99,9,99,9,9,6,6,2,35,6,1399,1,5,VAUXHALL ASTRA,3,E01002766,0,1
2024401527008,2024,401527008,1,9,0,-1,19,4,8,-1,0,0,0,0,0,0,3,1,-1,1,1,47,8,1796,1,19,VAUXHALL ASTRA,6,E01015721,0,1
2024201448605,2024,201448605,2,9,0,-1,4,1,5,-1,0,1,0,0,0,0,2,9,-1,9,2,41,7,1686,2,12,VAUXHALL ASTRA,6,E01018052,0,5
2024122400958,2024,122400958,3,9,0,18,19,1,5,0,0,0,0,0,1,11,1,1,6,6,1,41,7,1362,1,11,VAUXHALL ASTRA,-1,-1,0,-1
2024010507860,2024,010507860,1,9,0,18,19,6,2,0,0,1,1,0,0,0,4,1,6,6,2,70,10,1399,1,7,VAUXHALL ASTRA,5,E01000383,0,1
2024991411786,2024,991411786,2,9,0,-1,19,7,3,-1,0,8,0,0,0,0,4,2,-1,9,2,46,8,1199,3,0,VAUXHALL ASTRA,8,-1,0,1
2024451395676,2024,451395676,2,9,0,-1,9,3,7,-1,0,8,0,0,0,0,3,1,-1,9,1,49,8,1598,1,8,VAUXHALL ASTRA,7,E01030520,0,1
2024052401702,2024,052401702,2,9,0,7,7,6,8,0,0,4,0,0,0,0,4,1,6,6,1,24,5,1399,1,5,VAUXHALL ASTRA,10,E01006985,0,3
2024010507428,2024,010507428,1,9,0,18,19,3,7,0,0,8,0,0,0,0,4,1,6,6,1,28,6,1398,1,10,VAUXHALL ASTRA,6,E01000979,0,1
2024430515330,2024,430515330,1,9,0,9,9,4,2,0,0,2,0,0,0,0,1,1,6,6,3,47,8,1598,1,12,VAUXHALL ASTRA,-1,-1,0,-1
2024340WN6712,2024,340WN6712,1,9,0,-1,13,3,7,-1,0,3,0,0,0,0,3,1,-1,6,1,-1,-1,1362,1,11,VAUXHALL ASTRA,-1,-1,0,-1
2024070822386,2024,070822386,2,9,0,-1,19,1,5,-1,0,0,0,0,0,0,1,1,-1,2,2,32,6,1686,2,13,VAUXHALL ASTRA,8,E01012386,0,1
2024351440787,2024,351440787,1,9,-1,-1,9,7,5,-1,0,6,0,0,0,0,1,1,-1,6,3,-1,-1,1598,1,14,VAUXHALL ASTRA,-1,-1,0,-1
2024991404103,2024,991404103,2,9,0,-1,5,8,5,-1,0,8,1,0,0,0,1,1,-1,9,1,40,7,1598,2,9,VAUXHALL ASTRA,9,-1,0,1
2024320476377,2024,320476377,3,9,0,-1,-1,3,7,0,0,1,0,0,0,0,1,1,-1,-1,2,31,6,1598,2,9,VAUXHALL ASTRA,7,E01026338,0,1
2024471423345,2024,471423345,1,9,0,-1,19,4,8,-1,0,0,0,0,0,0,1,1,-1,2,1,79,11,1399,1,5,VAUXHALL ASTRA,10,E01031748,0,2
2024122400245,2024,122400245,1,9,0,18,19,8,4,0,0,0,0,0,0,0,1,1,6,6,1,65,9,1364,1,14,VAUXHALL ASTRA,9,E01013392,0,1
2024440473378,2024,440473378,2,9,0,18,19,8,4,0,0,8,2,0,0,0,4,1,6,6,1,66,10,1598,1,23,VAUXHALL ASTRA,5,E01032883,0,1
2024302401354,2024,302401354,2,9,0,18,19,5,1,0,0,8,0,0,0,0,1,1,6,6,2,42,7,1686,2,14,VAUXHALL ASTRA,4,E01013525,0,1
2024071057382,2024,071057382,3,9,0,-1,10,1,3,-1,0,1,0,0,0,0,1,1,-1,6,2,38,7,1398,1,10,VAUXHALL ASTRA,10,E01018397,0,1
2024141511683,2024,141511683,1,9,0,-1,4,3,7,-1,0,1,0,0,0,0,1,2,-1,2,1,55,8,1598,1,13,VAUXHALL ASTRA,2,E01007982,0,1
2024201505660,2024,201505660,1,9,0,-1,5,1,5,-1,0,8,0,0,0,0,1,1,-1,6,1,36,7,1910,2,16,VAUXHALL ASTRA,5,E01009590,0,2
2024010507628,2024,010507628,1,9,0,18,19,1,5,0,0,1,0,0,0,0,4,1,2,2,1,59,9,1598,1,9,VAUXHALL ASTRA,7,E01016217,0,4
2024440249991,2024,440249991,2,9,0,5,5,3,7,0,0,4,0,0,0,0,1,1,6,6,2,-1,-1,1956,2,10,VAUXHALL ASTRA,9,E01023094,0,1
2024010541017,2024,010541017,2,9,0,99,99,9,9,99,99,9,9,99,9,99,1,9,6,6,1,36,7,1364,1,10,VAUXHALL ASTRA,2,E01000015,0,1
2024201530485,2024,201530485,1,9,0,-1,19,2,2,-1,0,8,0,0,0,0,1,1,-1,6,1,44,7,1796,1,15,VAUXHALL ASTRA,2,E01010240,0,1
2024031401693,2024,031401693,1,9,0,-1,19,7,3,-1,0,0,0,0,0,0,1,9,-1,9,1,25,5,1598,1,15,VAUXHALL ASTRA,2,E01019115,0,1
2024061481054,2024,061481054,1,9,0,-1,19,7,3,-1,0,1,1,0,0,0,1,1,-1,9,1,55,8,1998,1,18,VAUXHALL ASTRA,1,E01006296,0,1
2024440126579,2024,440126579,2,9,0,18,19,6,2,0,0,8,0,0,1,7,2,1,2,2,1,63,9,1796,1,23,VAUXHALL ASTRA,9,E01023227,0,2
2024361535236,2024,361535236,1,9,0,-1,19,5,2,-1,0,1,1,0,1,0,1,1,-1,9,1,39,7,1956,2,13,VAUXHALL ASTRA,1,E01026598,0,3
2024311475024,2024,311475024,2,9,0,-1,19,1,5,-1,0,0,5,0,0,0,4,1,-1,2,2,25,5,1956,2,12,VAUXHALL ASTRA,3,E01019508,0,3
2024231418676,2024,231418676,1,9,0,-1,19,2,6,-1,0,0,0,0,2,0,4,1,-1,9,1,40,7,1686,2,11,VAUXHALL ASTRA,2,E01031046,0,1
2024461497677,2024,461497677,1,9,0,-1,19,-1,-1,-1,0,1,0,0,0,0,1,9,-1,6,1,33,6,-1,-1,-1,VAUXHALL ASTRA,4,E01024841,0,3
2024221456198,2024,221456198,2,9,0,-1,3,7,3,-1,0,0,0,0,0,0,2,1,-1,2,2,26,6,999,1,8,VAUXHALL ASTRA,2,E01032260,0,2
2024361492607,2024,361492607,1,9,0,-1,7,1,3,-1,0,1,0,0,0,0,1,1,-1,6,2,58,9,1399,1,7,VAUXHALL ASTRA,10,E01026908,0,1
2024161533784,2024,161533784,1,9,0,-1,19,4,6,-1,0,0,0,0,1,4,1,1,-1,9,1,50,8,1598,1,18,VAUXHALL ASTRA,7,E01013288,0,3
2024421471436,2024,421471436,1,9,0,-1,9,2,1,-1,0,4,0,0,0,0,1,1,-1,6,2,57,9,1598,1,15,VAUXHALL ASTRA,2,E01021697,0,1
2024451484440,2024,451484440,3,9,0,-1,19,5,1,-1,0,0,0,0,0,0,0,1,-1,9,1,22,5,1598,2,5,VAUXHALL ASTRA,8,E01030800,0,4
2024010508326,2024,010508326,1,9,0,99,99,9,9,99,99,9,9,99,9,99,1,9,6,6,1,74,10,1598,1,12,VAUXHALL ASTRA,3,E01001602,0,1
2024052402475,2024,052402475,1,9,0,18,19,1,5,0,0,0,0,0,0,0,1,1,6,6,1,40,7,1956,2,12,VAUXHALL ASTRA,5,E01025228,0,4
2024141397924,2024,141397924,1,9,0,-1,19,3,7,-1,0,0,0,0,0,0,4,1,-1,9,1,80,11,1598,1,17,VAUXHALL ASTRA,6,E01007319,0,1
2024010544371,2024,010544371,1,9,0,2,2,0,0,0,0,0,0,0,0,0,0,1,6,6,3,-1,-1,1796,1,17,VAUXHALL ASTRA,-1,-1,0,-1
2024131480634,2024,131480634,2,9,0,-1,19,5,1,-1,0,0,0,0,8,0,1,1,-1,9,1,50,8,1399,1,7,VAUXHALL ASTRA,10,E01011382,0,1
2024471438424,2024,471438424,2,9,0,-1,8,7,1,-1,0,6,0,0,0,0,1,1,-1,6,1,57,9,-1,-1,-1,VAUXHALL ASTRA,8,E01031840,0,1
2024311408414,2024,311408414,2,9,0,-1,13,6,2,-1,0,0,0,0,0,0,2,1,-1,6,2,30,6,1398,1,12,VAUXHALL ASTRA,1,E01013884,0,1
2024991474595,2024,991474595,2,9,0,-1,19,8,3,-1,0,0,0,0,0,0,4,1,-1,9,1,64,9,1598,1,14,VAUXHALL ASTRA,1,-1,0,1
2024501476566,2024,501476566,1,9,0,-1,4,5,1,-1,0,0,0,0,0,0,0,1,-1,9,1,45,7,1598,1,11,VAUXHALL ASTRA,10,-1,0,5
2024061481089,2024,061481089,2,9,0,-1,1,-1,-1,-1,0,5,0,0,0,0,2,1,-1,6,1,44,7,1686,2,14,VAUXHALL ASTRA,4,E01005208,0,1
2024440517251,2024,440517251,1,9,0,9,9,6,2,0,0,8,0,0,0,0,3,1,6,6,1,59,9,1598,1,22,VAUXHALL ASTRA,2,E01017181,0,1
2024371412493,2024,371412493,1,9,0,-1,19,7,3,-1,0,0,1,0,0,0,1,1,-1,9,1,35,6,1598,1,15,VAUXHALL ASTRA,-1,-1,0,-1
2024052400429,2024,052400429,1,9,0,18,19,1,5,0,0,0,0,0,0,0,1,1,6,6,1,47,8,999,1,8,VAUXHALL ASTRA,1,E01006549,0,2
2024411490141,2024,411490141,2,9,0,-1,19,7,3,-1,0,1,0,0,0,0,1,1,-1,1,1,52,8,1598,2,8,VAUXHALL ASTRA,2,E01023860,0,1
2024440084251,2024,440084251,1,9,0,16,19,2,6,0,0,0,0,0,0,0,2,1,6,6,2,45,7,1598,1,13,VAUXHALL ASTRA,10,E01022989,0,1
2024421424222,2024,421424222,2,9,0,-1,5,6,3,-1,0,0,0,0,0,0,2,1,-1,1,2,37,7,1598,2,8,VAUXHALL ASTRA,3,E01000016,0,4
2024211449171,2024,211449171,1,9,0,-1,11,1,5,-1,0,0,5,10,1,0,4,1,-1,9,1,21,5,1956,2,9,VAUXHALL ASTRA,8,E01029391,0,4
2024421499957,2024,421499957,2,9,0,-1,19,3,7,-1,0,0,0,0,0,0,0,1,-1,6,1,25,5,1399,1,5,VAUXHALL ASTRA,9,E01015708,0,4
2024991493221,2024,991493221,2,9,0,-1,19,5,1,-1,0,0,0,0,7,0,1,1,-1,9,1,53,8,1598,2,5,VAUXHALL ASTRA,6,-1,0,5
2024311525236,2024,311525236,1,19,-1,-1,19,5,1,-1,0,1,0,0,1,0,1,1,-1,6,1,30,6,1910,2,13,VAUXHALL ASTRA,-1,-1,0,-1
2024141435340,2024,141435340,6,9,0,-1,19,5,1,-1,0,0,0,0,0,0,3,9,-1,6,1,53,8,1956,2,10,VAUXHALL ASTRA,2,E01007457,0,3
2024061526025,2024,061526025,2,9,-1,-1,19,2,6,-1,0,0,0,0,0,0,1,9,-1,6,1,58,9,1956,2,10,VAUXHALL ASTRA,8,E01005336,0,1
2024041534568,2024,041534568,1,9,0,-1,9,3,5,-1,0,6,0,0,0,0,1,2,-1,9,2,60,9,1364,1,17,VAUXHALL ASTRA,1,E01012695,0,1
2024401538515,2024,401538515,1,9,-1,-1,-1,-1,-1,-1,-1,-1,-1,-1,-1,0,1,9,-1,6,3,-1,-1,1598,1,12,VAUXHALL ASTRA,-1,-1,0,-1