collision_index,collision_year,collision_ref_no,vehicle_reference,vehicle_type,towing_and_articulation,vehicle_manoeuvre_historic,vehicle_manoeuvre,vehicle_direction_from,vehicle_direction_to,vehicle_location_restricted_lane_historic,vehicle_location_restricted_lane,junction_location,skidding_and_overturning,hit_object_in_carriageway,vehicle_leaving_carriageway,hit_object_off_carriageway,first_point_of_impact,vehicle_left_hand_drive,journey_purpose_of_driver_historic,journey_purpose_of_driver,sex_of_driver,age_of_driver,age_band_of_driver,engine_capacity_cc,propulsion_code,age_of_vehicle,generic_make_model,driver_imd_decile,lsoa_of_driver,escooter_flag,driver_distance_banding
2024211466980,2024,211466980,1,9,0,-1,3,5,3,-1,0,1,0,0,0,0,2,1,-1,9,1,49,8,1686,2,13,VAUXHALL ASTRA,6,E01010469,0,1
2024010498363,2024,010498363,1,9,0,18,19,3,7,0,0,1,0,7,7,10,1,1,6,6,1,24,5,1598,1,11,VAUXHALL ASTRA,9,E01030636,0,2
2024522401585,2024,522401585,2,9,0,18,19,9,9,0,0,8,0,0,0,0,9,1,6,6,3,-1,-1,1598,1,10,VAUXHALL ASTRA,-1,-1,0,-1
2024991535242,2024,991535242,1,9,0,-1,9,8,6,-1,0,5,0,0,0,0,4,1,-1,9,1,45,7,1686,2,11,VAUXHALL ASTRA,5,-1,0,4
2024141441126,2024,141441126,1,9,0,-1,10,8,7,-1,0,8,0,0,0,0,2,1,-1,9,1,32,6,1199,1,1,VAUXHALL ASTRA,3,E01007852,0,1
2024351463103,2024,351463103,2,9,0,-1,4,1,5,-1,0,0,0,0,0,0,2,1,-1,6,2,54,8,1686,2,11,VAUXHALL ASTRA,7,E01033144,0,4
2024520401904,2024,520401904,1,9,0,9,9,8,7,0,0,8,0,0,0,0,1,1,6,6,1,21,5,1598,1,18,VAUXHALL ASTRA,7,E01029225,0,2
2024361512515,2024,361512515,1,9,0,-1,7,5,1,-1,0,1,0,0,0,0,1,1,-1,6,1,44,7,1686,2,13,VAUXHALL ASTRA,1,E01026824,0,2
2024161404168,2024,161404168,1,9,0,-1,9,5,7,-1,0,8,0,11,0,0,1,1,-1,9,1,31,6,1598,1,12,VAUXHALL ASTRA,1,E01012892,0,1
2024371533883,2024,371533883,1,9,0,-1,19,3,7,-1,0,0,0,0,7,0,1,1,-1,9,1,24,5,1686,2,17,VAUXHALL ASTRA,5,E01013493,0,5
2024061450124,2024,061450124,2,9,-1,-1,-1,-1,-1,-1,-1,-1,-1,-1,-1,0,-1,9,-1,7,2,39,7,1398,1,11,VAUXHALL ASTRA,5,E01005648,0,1
2024302400383,2024,302400383,1,9,0,7,7,3,5,0,0,8,0,0,0,0,3,1,6,6,1,92,11,1399,1,5,VAUXHALL ASTRA,8,E01019603,0,2
2024031417446,2024,031417446,1,9,0,-1,8,7,3,-1,0,0,0,0,1,0,4,9,-1,9,1,41,7,1686,2,10,VAUXHALL ASTRA,2,E01033160,0,1
2024991474489,2024,991474489,1,9,0,-1,4,3,7,-1,0,8,0,0,0,0,1,1,-1,6,1,27,6,1796,1,16,VAUXHALL ASTRA,1,-1,0,1
2024221515739,2024,221515739,1,8,0,-1,5,6,2,-1,0,0,0,0,0,0,4,9,-1,1,1,45,7,1598,2,6,VAUXHALL ASTRA,2,E01010021,0,4
2024201418359,2024,201418359,1,9,0,-1,19,5,1,-1,0,0,0,0,0,0,1,1,-1,6,1,59,9,1956,2,9,VAUXHALL ASTRA,3,E01010538,0,2
2024320136422,2024,320136422,1,9,0,-1,-1,7,4,0,0,3,0,0,0,0,3,1,6,6,1,37,7,1686,2,10,VAUXHALL ASTRA,4,E01026253,0,3
2024411477265,2024,411477265,2,9,0,-1,19,1,5,-1,0,8,1,0,0,0,1,1,-1,6,3,-1,-1,1364,1,10,VAUXHALL ASTRA,-1,-1,0,-1
2024131460454,2024,131460454,2,9,0,-1,4,1,5,-1,0,0,0,0,0,0,2,1,-1,9,2,50,8,1398,1,13,VAUXHALL ASTRA,4,E01011184,0,1
2024131403132,2024,131403132,1,9,0,-1,19,7,3,-1,0,1,0,0,8,7,1,1,-1,6,1,46,8,1686,2,12,VAUXHALL ASTRA,4,E01010985,0,1
2024010522571,2024,010522571,1,9,0,18,19,7,3,0,0,8,0,0,0,0,1,1,6,6,2,25,5,1399,1,8,VAUXHALL ASTRA,2,E01002151,0,1
2024351502091,2024,351502091,2,9,0,-1,-1,-1,-1,-1,-1,-1,-1,-1,-1,0,-1,9,-1,9,1,25,5,1686,2,11,VAUXHALL ASTRA,1,E01015637,0,1
202454A604124,2024,54A604124,1,9,0,18,19,3,7,0,0,3,0,0,4,6,1,1,6,6,2,21,5,1364,1,14,VAUXHALL ASTRA,7,E01032007,0,1
2024991475849,2024,991475849,3,9,0,-1,2,0,0,-1,0,1,0,0,0,0,3,1,-1,6,-1,-1,-1,1364,1,16,VAUXHALL ASTRA,-1,-1,0,-1
2024471469546,2024,471469546,2,9,0,-1,19,5,1,-1,0,0,0,0,0,0,0,1,-1,1,2,52,8,1598,2,7,VAUXHALL ASTRA,4,E01031434,0,1
2024201431251,2024,201431251,2,9,0,-1,19,4,8,-1,0,1,0,0,0,0,1,9,-1,6,2,26,6,999,1,7,VAUXHALL ASTRA,1,E01009033,0,2
2024501438374,2024,501438374,1,9,0,-1,4,4,8,-1,0,0,0,0,0,0,1,1,-1,6,1,20,4,1598,2,9,VAUXHALL ASTRA,6,E01020179,0,1
2024501429840,2024,501429840,1,9,0,-1,4,3,7,-1,0,0,0,0,0,0,1,1,-1,9,2,55,8,1199,1,1,VAUXHALL ASTRA,1,E01019463,0,5
2024010510326,2024,010510326,2,9,0,99,99,9,9,99,99,6,9,99,9,99,1,9,6,6,3,-1,-1,1598,1,11,VAUXHALL ASTRA,2,E01004040,0,1
2024010515916,2024,010515916,1,9,0,18,19,3,7,0,0,6,0,0,0,0,3,2,6,6,1,51,8,1598,1,12,VAUXHALL ASTRA,2,E01001152,0,2
2024052402301,2024,052402301,1,9,0,18,19,2,5,0,0,0,0,0,0,0,1,1,6,6,2,48,8,1398,1,10,VAUXHALL ASTRA,1,E01006847,0,1
2024461481242,2024,461481242,1,9,0,-1,-1,-1,-1,-1,0,-1,0,0,0,0,1,9,-1,1,2,75,10,1598,1,11,VAUXHALL ASTRA,7,E01024360,0,1
2024161496061,2024,161496061,1,9,0,-1,3,4,8,-1,0,4,0,0,0,0,2,1,-1,9,2,33,6,1399,1,7,VAUXHALL ASTRA,4,E01013227,0,3
2024461498961,2024,461498961,2,9,-1,-1,8,-1,-1,-1,0,0,0,0,0,0,4,9,-1,6,1,35,6,1399,1,8,VAUXHALL ASTRA,9,E01016081,0,1
2024991466388,2024,991466388,1,9,0,-1,5,7,7,-1,0,1,0,10,1,0,1,1,-1,9,1,61,9,1598,1,19,VAUXHALL ASTRA,10,-1,0,1
2024332401079,2024,332401079,2,9,0,-1,19,3,7,-1,0,1,0,0,0,0,1,1,-1,9,2,22,5,1398,1,9,VAUXHALL ASTRA,7,E01025635,0,1
2024451451350,2024,451451350,1,9,0,-1,19,1,5,-1,0,8,0,0,0,0,3,1,-1,2,2,25,5,1398,1,14,VAUXHALL ASTRA,9,E01031730,0,3
2024991400603,2024,991400603,2,9,0,-1,19,3,7,-1,0,1,0,0,0,0,1,1,-1,9,1,77,11,1598,1,17,VAUXHALL ASTRA,3,-1,0,1
2024161422228,2024,161422228,2,9,0,-1,11,3,7,-1,0,1,0,0,0,0,4,1,-1,6,1,40,7,1248,2,13,VAUXHALL ASTRA,1,E01013136,0,1
2024041399217,2024,041399217,1,9,0,-1,7,5,1,-1,0,3,0,0,2,0,1,1,-1,9,1,42,7,1796,1,15,VAUXHALL ASTRA,4,E01025314,0,1
2024501400342,2024,501400342,1,9,0,-1,9,7,5,-1,0,8,0,0,0,0,3,1,-1,6,2,35,6,1399,1,8,VAUXHALL ASTRA,6,E01018750,0,3
2024302401239,2024,302401239,2,9,0,18,19,7,3,0,0,0,0,0,0,0,4,1,6,6,1,26,6,1399,1,7,VAUXHALL ASTRA,1,E01034055,0,4
2024552400307,2024,552400307,1,9,0,7,7,4,6,0,0,8,0,0,1,10,1,1,1,1,2,31,6,1364,1,17,VAUXHALL ASTRA,5,E01015441,0,1
2024010512322,2024,010512322,1,9,0,15,15,8,4,0,0,1,0,0,0,0,3,1,6,6,1,30,6,1598,1,14,VAUXHALL ASTRA,-1,-1,0,-1
2024471415203,2024,471415203,1,9,0,-1,9,3,1,-1,0,8,0,0,0,0,1,1,-1,9,1,40,7,1686,2,12,VAUXHALL ASTRA,9,E01017002,0,1
2024041412706,2024,041412706,2,9,0,-1,19,1,5,-1,0,0,0,0,0,0,2,1,-1,9,1,29,6,1364,1,15,VAUXHALL ASTRA,1,E01024877,0,1
2024302401120,2024,302401120,1,9,0,3,3,5,1,0,0,2,0,0,0,0,2,1,6,6,2,56,9,1364,1,14,VAUXHALL ASTRA,7,E01019634,0,3
2024320231568,2024,320231568,1,9,0,-1,-1,4,8,0,0,4,0,0,0,4,1,1,6,6,2,29,6,1598,2,7,VAUXHALL ASTRA,2,E01026113,0,1
2024501528022,2024,501528022,2,9,0,-1,19,7,2,-1,0,1,0,0,0,0,3,1,-1,2,2,53,8,1956,2,12,VAUXHALL ASTRA,8,E01015119,0,1
2024201511971,2024,201511971,1,9,0,-1,19,2,6,-1,0,2,0,0,0,0,1,1,-1,6,1,35,6,1399,1,8,VAUXHALL ASTRA,-1,-1,0,-1
2024041409160,2024,041409160,1,9,0,-1,5,5,1,-1,0,6,0,0,0,0,1,1,-1,9,1,56,9,1398,1,13,VAUXHALL ASTRA,1,E01034335,0,1
2024010526453,2024,010526453,2,9,0,9,9,5,3,0,0,1,0,0,0,0,3,1,6,6,1,27,6,1598,2,7,VAUXHALL ASTRA,5,E01000975,0,2
2024010489149,2024,010489149,1,9,0,18,19,1,5,0,0,1,0,0,0,0,0,1,1,1,1,31,6,1399,1,5,VAUXHALL ASTRA,4,E01004259,0,1
2024041413286,2024,041413286,1,9,0,-1,1,7,3,-1,0,1,0,0,0,0,2,1,-1,6,-1,-1,-1,1364,1,17,VAUXHALL ASTRA,-1,-1,0,-1
2024421476532,2024,421476532,1,9,0,-1,5,8,4,-1,0,6,0,0,0,0,4,1,-1,6,1,43,7,1598,2,7,VAUXHALL ASTRA,9,E01022076,0,3
2024430367638,2024,430367638,1,9,0,17,19,3,7,0,0,1,2,10,2,1,1,1,6,6,1,37,7,1364,1,10,VAUXHALL ASTRA,8,E01028716,0,2
2024361406879,2024,361406879,1,9,0,-1,19,5,1,-1,0,0,1,0,0,0,1,1,-1,2,1,52,8,1686,2,16,VAUXHALL ASTRA,5,E01026539,0,2
2024461457748,2024,461457748,2,9,0,-1,2,3,7,-1,0,0,0,0,0,0,2,9,-1,8,1,23,5,1598,2,5,VAUXHALL ASTRA,-1,-1,0,-1
2024430408492,2024,430408492,1,9,0,5,5,-1,-1,0,0,4,0,0,0,0,1,1,6,6,1,64,9,1956,2,11,VAUXHALL ASTRA,9,E01016808,0,1
2024010498769,2024,010498769,2,9,0,4,4,5,1,0,0,8,0,0,0,0,2,1,6,6,1,30,6,1796,1,15,VAUXHALL ASTRA,7,E01002962,0,4
2024122400418,2024,122400418,2,9,0,18,19,7,3,0,0,0,0,0,0,0,1,1,1,1,3,-1,-1,1598,1,12,VAUXHALL ASTRA,-1,-1,0,-1
2024430477659,2024,430477659,1,9,0,18,19,2,6,0,0,0,0,0,0,0,1,1,6,6,1,83,11,1399,1,8,VAUXHALL ASTRA,8,E01023850,0,4
2024471404514,2024,471404514,1,9,0,-1,19,3,7,-1,0,1,0,0,0,0,1,1,-1,9,1,23,5,1399,1,7,VAUXHALL ASTRA,9,E01031496,0,3
2024131448232,2024,131448232,1,9,0,-1,19,7,3,-1,0,1,0,0,0,0,2,1,-1,6,1,40,7,1598,1,13,VAUXHALL ASTRA,8,E01007705,0,4
2024361496732,2024,361496732,2,9,0,-1,4,3,7,-1,0,0,0,4,0,0,2,1,-1,2,2,65,9,1598,1,13,VAUXHALL ASTRA,5,E01026873,0,2
2024320015800,2024,320015800,1,9,0,18,19,2,7,0,0,8,0,0,0,0,4,1,-1,-1,1,78,11,1364,1,17,VAUXHALL ASTRA,5,E01026018,0,1
2024411416885,2024,411416885,1,9,-1,-1,-1,-1,-1,-1,-1,0,-1,-1,-1,0,-1,9,-1,6,1,-1,-1,1796,1,16,VAUXHALL ASTRA,-1,-1,0,-1
2024231509511,2024,231509511,2,9,0,-1,19,4,8,-1,0,0,0,0,7,9,1,1,-1,1,1,45,7,1199,1,0,VAUXHALL ASTRA,3,E01031064,0,3
2024231490410,2024,231490410,1,9,0,-1,13,8,4,-1,0,8,0,0,0,0,1,1,-1,1,1,48,8,1199,1,0,VAUXHALL ASTRA,6,E01031234,0,2
2024501488181,2024,501488181,2,9,0,-1,19,5,1,-1,0,1,0,0,0,0,1,1,-1,6,2,42,7,1956,2,12,VAUXHALL ASTRA,5,E01018904,0,2
2024552401315,2024,552401315,1,9,0,18,19,2,6,0,0,0,0,0,7,4,1,1,2,2,1,73,10,1598,2,9,VAUXHALL ASTRA,6,E01015392,0,4
2024101416038,2024,101416038,1,9,0,-1,9,4,6,-1,0,1,0,0,0,0,1,1,-1,6,2,47,8,1598,1,13,VAUXHALL ASTRA,4,E01008514,0,2
2024522401863,2024,522401863,1,9,0,18,19,3,7,0,0,8,0,0,0,0,4,1,6,6,2,79,11,1796,1,18,VAUXHALL ASTRA,6,E01015008,0,1
2024311404074,2024,311404074,2,9,0,-1,3,3,1,-1,0,8,0,0,0,0,2,1,-1,7,1,64,9,1956,2,10,VAUXHALL ASTRA,10,E01028151,0,3
2024111451852,2024,111451852,2,9,0,-1,19,7,3,-1,0,0,0,0,0,0,4,1,-1,2,1,22,5,1598,1,5,VAUXHALL ASTRA,6,E01035184,0,1
2024461458866,2024,461458866,2,9,0,-1,4,3,7,-1,0,0,0,0,0,0,1,2,-1,6,1,36,7,1598,2,8,VAUXHALL ASTRA,8,E01024343,0,3
2024371515583,2024,371515583,1,9,0,-1,19,1,5,-1,0,8,0,0,0,0,1,1,-1,9,1,65,9,1398,1,9,VAUXHALL ASTRA,9,E01029999,0,1
2024131411790,2024,131411790,1,9,0,-1,15,5,1,-1,0,8,5,4,0,0,4,1,-1,6,1,40,7,1598,1,12,VAUXHALL ASTRA,1,E01011729,0,1
2024440241073,2024,440241073,1,9,0,18,19,6,2,0,0,0,0,0,0,0,1,1,6,6,1,29,6,1956,2,11,VAUXHALL ASTRA,4,E01022800,0,3
2024141501287,2024,141501287,2,9,0,-1,9,5,3,-1,0,8,0,0,0,0,1,1,-1,7,2,29,6,1956,2,11,VAUXHALL ASTRA,1,E01007575,0,1
2024302500394,2024,302500394,1,9,0,-1,9,8,6,-1,0,8,0,0,0,0,1,1,-1,6,1,26,6,1956,2,13,VAUXHALL ASTRA,6,E01019585,0,1
2024351417311,2024,351417311,3,9,0,-1,4,1,3,-1,0,1,0,0,0,0,0,1,-1,8,-1,-1,-1,1598,2,6,VAUXHALL ASTRA,-1,-1,0,-1
2024061498767,2024,061498767,1,9,0,-1,19,-1,-1,-1,0,9,0,0,0,0,4,1,-1,9,1,51,8,1399,1,7,VAUXHALL ASTRA,1,E01004787,0,1
2024052400034,2024,052400034,1,9,0,9,9,2,1,0,0,6,0,0,0,0,1,1,2,2,1,19,4,1598,1,10,VAUXHALL ASTRA,7,E01007110,0,2
2024010513514,2024,010513514,2,9,0,18,19,5,1,0,0,4,0,0,0,0,3,1,6,6,2,56,9,1398,1,13,VAUXHALL ASTRA,6,E01030629,0,3
2024421408174,2024,421408174,1,9,0,-1,19,4,8,-1,0,0,0,0,0,0,1,1,-1,6,1,43,7,1686,2,15,VAUXHALL ASTRA,10,E01023444,0,2
2024401500612,2024,401500612,1,9,0,-1,19,1,5,-1,0,8,0,0,0,0,1,1,-1,6,1,22,5,1910,2,16,VAUXHALL ASTRA,6,E01015800,0,1
2024501469936,2024,501469936,3,9,0,-1,2,0,0,-1,0,0,1,0,1,0,3,1,-1,6,-1,-1,-1,1796,1,16,VAUXHALL ASTRA,-1,-1,0,-1
2024041462427,2024,041462427,1,9,0,-1,8,1,7,-1,0,6,0,0,0,0,1,1,-1,9,1,39,7,1598,2,6,VAUXHALL ASTRA,7,E01025720,0,5
2024320521744,2024,320521744,1,9,0,-1,-1,6,2,0,0,0,0,0,0,0,1,1,-1,-1,1,35,6,1248,2,10,VAUXHALL ASTRA,5,E01032995,0,3
2024010512073,2024,010512073,3,9,0,-1,-1,7,3,0,0,3,0,0,0,0,3,1,6,6,2,37,7,1598,2,5,VAUXHALL ASTRA,-1,-1,0,-1
2024052402864,2024,052402864,1,9,0,18,19,7,3,0,0,0,0,0,0,0,4,1,6,6,1,30,6,1686,2,14,VAUXHALL ASTRA,2,E01006956,0,1
2024101472699,2024,101472699,2,9,0,-1,19,6,2,-1,0,0,0,0,0,0,2,1,-1,2,2,69,10,1686,2,13,VAUXHALL ASTRA,6,E01008342,0,2
2024221523411,2024,221523411,2,9,0,-1,5,4,8,-1,0,0,0,0,0,0,2,1,-1,6,2,33,6,1956,2,12,VAUXHALL ASTRA,4,E01028958,0,1
2024211486269,2024,211486269,1,9,0,-1,19,8,4,-1,0,4,0,0,0,0,1,1,-1,9,1,28,6,1598,2,7,VAUXHALL ASTRA,9,E01029736,0,1
2024471506541,2024,471506541,1,9,0,-1,9,2,8,-1,0,8,0,0,0,0,4,1,-1,9,2,18,4,1199,1,1,VAUXHALL ASTRA,6,E01021022,0,3
2024501462274,2024,501462274,1,9,0,-1,9,2,8,-1,0,8,0,0,0,0,3,1,-1,6,1,-1,-1,1956,2,11,VAUXHALL ASTRA,1,E01015080,0,1
2024440399982,2024,440399982,2,9,0,18,19,1,5,0,0,3,0,0,0,0,1,1,2,2,2,29,6,1364,1,9,VAUXHALL ASTRA,9,E01022796,0,2
2024041434875,2024,041434875,1,9,0,-1,19,5,1,-1,0,1,1,0,1,10,1,1,-1,6,1,74,10,1598,1,19,VAUXHALL ASTRA,2,E01025263,0,1
2024131533795,2024,131533795,1,9,0,-1,19,6,5,-1,0,0,5,0,0,0,1,1,-1,6,3,20,4,1598,1,17,VAUXHALL ASTRA,-1,-1,0,-1
2024010533408,2024,010533408,1,9,0,99,99,9,9,99,99,9,9,99,9,99,2,9,6,6,3,-1,-1,1598,1,10,VAUXHALL ASTRA,-1,-1,0,-1
2024010533344,2024,010533344,2,9,0,18,19,3,7,0,0,1,0,0,0,0,1,1,6,6,2,75,10,1389,1,22,VAUXHALL ASTRA,2,E01001191,0,1
2024548841524,2024,548841524,2,9,0,18,19,3,7,0,0,1,0,0,0,0,4,1,6,6,2,59,9,1598,2,7,VAUXHALL ASTRA,6,E01032027,0,2
2024361413370,2024,361413370,1,9,0,-1,1,3,8,-1,0,0,0,0,0,0,2,9,-1,6,1,19,4,1364,1,15,VAUXHALL ASTRA,2,E01035134,0,2
2024351525540,2024,351525540,2,9,0,-1,5,2,5,-1,0,0,0,0,0,0,1,1,-1,6,2,18,4,1598,1,11,VAUXHALL ASTRA,9,E01018154,0,1
2024522403372,2024,522403372,1,9,0,9,9,6,5,0,0,5,0,0,0,0,4,1,6,6,1,29,6,1398,1,12,VAUXHALL ASTRA,1,E01014654,0,1
2024440313299,2024,440313299,2,9,0,12,12,6,2,0,0,7,0,0,0,0,2,1,2,2,2,54,8,1598,2,8,VAUXHALL ASTRA,9,E01022547,0,4
2024471510603,2024,471510603,1,9,0,-1,9,3,5,-1,0,8,0,0,0,0,1,1,-1,9,1,65,9,1686,2,20,VAUXHALL ASTRA,7,E01034828,0,1
2024421429948,2024,421429948,1,9,0,-1,19,5,1,-1,0,0,0,0,0,0,1,1,-1,6,2,-1,-1,1598,1,11,VAUXHALL ASTRA,3,E01022050,0,1
2024361407361,2024,361407361,1,9,0,-1,19,2,6,-1,0,0,0,0,0,0,3,9,-1,6,1,75,10,1398,1,13,VAUXHALL ASTRA,4,E01026780,0,1
2024141409030,2024,141409030,2,9,0,-1,6,5,5,-1,0,0,0,0,0,0,1,9,-1,6,3,-1,-1,1362,1,11,VAUXHALL ASTRA,-1,-1,0,-1
2024361417519,2024,361417519,2,9,0,-1,19,7,4,-1,0,8,0,0,0,0,3,1,-1,2,1,27,6,1910,2,16,VAUXHALL ASTRA,6,E01026629,0,2
2024440275424,2024,440275424,3,9,0,2,2,0,0,0,0,0,0,0,0,0,2,1,6,6,3,-1,-1,1796,1,18,VAUXHALL ASTRA,-1,-1,0,-1
2024471416209,2024,471416209,2,9,0,-1,2,0,0,-1,0,1,0,0,1,0,1,1,-1,6,-1,-1,-1,1598,1,21,VAUXHALL ASTRA,-1,-1,0,-1
2024131408165,2024,131408165,1,9,0,-1,19,7,3,-1,0,0,1,0,4,0,1,1,-1,9,2,30,6,1956,2,11,VAUXHALL ASTRA,2,E01011268,0,4
2024340NN2842,2024,340NN2842,1,9,0,-1,19,2,6,-1,0,1,0,0,0,0,1,1,-1,6,3,-1,-1,1598,2,7,VAUXHALL ASTRA,-1,-1,0,-1
2024211427332,2024,211427332,2,9,0,-1,19,8,4,-1,0,3,0,0,8,0,3,1,-1,9,1,53,8,-1,-1,-1,VAUXHALL ASTRA,8,E01029417,0,3
2024430539704,2024,430539704,1,9,0,9,9,4,2,0,0,5,0,0,0,0,1,1,2,2,2,39,7,1398,1,10,VAUXHALL ASTRA,10,E01016653,0,1
2024501438857,2024,501438857,1,9,0,-1,4,1,5,-1,0,0,0,0,0,0,1,2,-1,9,1,44,7,1598,2,7,VAUXHALL ASTRA,7,E01025985,0,5
2024201489859,2024,201489859,1,9,0,-1,19,3,7,-1,0,1,0,0,0,0,2,9,-1,6,1,57,9,1956,2,13,VAUXHALL ASTRA,1,E01009110,0,2
2024411458235,2024,411458235,1,9,0,-1,5,7,1,-1,0,4,0,0,0,0,4,1,-1,9,1,55,8,1398,1,10,VAUXHALL ASTRA,2,E01001551,0,1
202460Q021506,2024,60Q021506,1,9,0,9,9,1,7,0,0,6,0,0,1,9,1,1,6,6,1,33,6,1598,1,18,VAUXHALL ASTRA,-1,-1,0,-1
2024991409975,2024,991409975,2,9,0,-1,19,4,8,-1,0,0,0,0,0,0,1,1,-1,9,1,77,11,1399,1,7,VAUXHALL ASTRA,10,-1,0,2
2024101501210,2024,101501210,1,9,0,-1,19,5,1,-1,0,0,0,0,0,0,1,1,-1,6,1,63,9,1199,1,1,VAUXHALL ASTRA,9,E01027538,0,3
2024010547485,2024,010547485,2,9,0,18,19,5,1,0,0,0,0,0,0,0,3,1,2,2,1,33,6,1362,1,12,VAUXHALL ASTRA,2,E01000905,0,2
2024461436147,2024,461436147,1,9,0,-1,19,5,1,-1,0,0,0,0,0,0,1,1,-1,6,3,23,5,1796,1,15,VAUXHALL ASTRA,-1,-1,0,-1
2024211491637,2024,211491637,1,9,0,-1,19,8,4,-1,0,0,0,0,0,0,1,9,-1,6,2,-1,-1,1686,2,10,VAUXHALL ASTRA,-1,-1,0,-1
2024201453306,2024,201453306,2,9,0,-1,19,7,3,-1,0,0,0,0,0,0,2,9,-1,9,2,42,7,1686,2,15,VAUXHALL ASTRA,8,E01010395,0,1
2024010543075,2024,010543075,1,9,0,4,4,5,1,0,0,1,0,0,0,0,1,1,1,1,1,26,6,1796,1,14,VAUXHALL ASTRA,3,E01000046,0,1
2024070236115,2024,070236115,1,9,0,18,19,7,3,0,0,4,1,0,1,11,1,1,6,6,1,22,5,1598,1,13,VAUXHALL ASTRA,5,E01002448,0,5
2024052400497,2024,052400497,1,9,0,9,9,5,3,0,0,8,0,0,0,0,1,1,6,6,1,17,4,1398,1,11,VAUXHALL ASTRA,1,E01006604,0,1
2024320080397,2024,320080397,1,9,0,9,9,7,5,0,0,6,0,0,0,0,3,1,6,6,1,36,7,1598,1,14,VAUXHALL ASTRA,9,E01026406,0,2
2024201548260,2024,201548260,3,9,0,-1,20,0,0,-1,0,0,0,0,0,0,1,1,-1,6,2,37,7,1598,2,8,VAUXHALL ASTRA,2,E01010305,0,1
2024631425521,2024,631425521,2,9,0,-1,19,2,5,-1,0,0,0,0,1,10,1,1,-1,1,1,59,9,1598,2,5,VAUXHALL ASTRA,8,W01001897,0,3
2024101529551,2024,101529551,2,9,0,-1,3,1,5,-1,0,1,0,0,0,0,1,1,-1,9,2,55,8,1496,2,3,VAUXHALL ASTRA,5,E01035630,0,3
2024010528695,2024,010528695,1,9,0,99,99,9,9,99,99,9,9,99,9,99,2,9,6,6,1,22,5,1598,1,13,VAUXHALL ASTRA,4,E01000478,0,1
2024461464451,2024,461464451,2,9,0,-1,2,6,4,-1,0,0,0,0,0,0,2,1,-1,6,-1,-1,-1,1598,2,9,VAUXHALL ASTRA,-1,-1,0,-1
2024471411752,2024,471411752,5,9,0,-1,19,1,5,-1,0,0,0,0,0,0,0,1,-1,1,1,44,7,1598,2,5,VAUXHALL ASTRA,8,E01022786,0,4
2024371412808,2024,371412808,3,9,0,-1,4,8,4,-1,0,0,0,0,0,0,3,1,-1,6,1,19,4,1598,1,14,VAUXHALL ASTRA,8,E01030117,0,1
2024010526165,2024,010526165,2,9,0,99,99,9,9,99,99,9,9,99,9,99,1,9,6,6,3,50,8,1598,2,9,VAUXHALL ASTRA,6,E01009974,0,5
2024471431848,2024,471431848,1,9,0,-1,9,5,1,-1,0,1,0,0,0,0,1,1,-1,2,1,37,7,1364,1,15,VAUXHALL ASTRA,3,E01021092,0,2
2024201473855,2024,201473855,1,9,0,-1,19,2,6,-1,0,1,0,0,0,0,1,1,-1,6,2,51,8,1598,1,10,VAUXHALL ASTRA,1,E01010455,0,1
2024041399545,2024,041399545,1,9,0,-1,4,5,1,-1,0,0,0,0,0,0,2,2,-1,2,2,44,7,1956,2,13,VAUXHALL ASTRA,8,E01025416,0,1
2024010499158,2024,010499158,2,9,0,99,99,9,9,99,99,9,9,99,9,99,1,9,6,6,3,25,5,1398,1,14,VAUXHALL ASTRA,4,E01002650,0,1
2024041481740,2024,041481740,1,9,0,-1,7,1,7,-1,0,8,0,0,0,0,4,1,-1,6,2,34,6,1686,2,14,VAUXHALL ASTRA,4,E01012633,0,1
2024622400229,2024,622400229,1,9,0,18,19,8,4,0,0,0,1,0,0,0,1,1,6,6,3,-1,-1,1686,2,14,VAUXHALL ASTRA,-1,-1,0,-1
2024471417438,2024,471417438,1,9,0,-1,4,1,5,-1,0,1,0,0,0,0,1,1,-1,9,2,41,7,1598,1,10,VAUXHALL ASTRA,8,E01021221,0,1
2024131444895,2024,131444895,1,9,0,-1,19,5,1,-1,0,1,0,0,0,0,1,1,-1,9,1,28,6,1364,1,18,VAUXHALL ASTRA,1,E01011101,0,1
2024451439468,2024,451439468,2,9,0,-1,2,5,1,-1,0,0,1,0,1,11,1,1,-1,6,-1,-1,-1,1598,2,8,VAUXHALL ASTRA,-1,-1,0,-1
2024302400602,2024,302400602,2,9,0,18,19,8,4,0,0,8,0,0,0,0,1,1,2,2,1,46,8,1796,1,17,VAUXHALL ASTRA,1,E01013920,0,4
2024531507463,2024,531507463,1,9,0,-1,19,5,1,-1,9,0,0,0,0,0,1,1,-1,6,1,18,4,1598,1,18,VAUXHALL ASTRA,8,E01017821,0,5
2024440417671,2024,440417671,1,9,0,18,19,3,7,0,0,0,2,0,7,4,4,1,6,6,1,20,4,1796,1,17,VAUXHALL ASTRA,10,E01030868,0,2
2024302400707,2024,302400707,1,9,0,16,19,5,8,0,0,0,0,0,1,10,1,1,6,6,1,28,6,1956,2,9,VAUXHALL ASTRA,7,E01029825,0,4
2024201483812,2024,201483812,2,9,0,-1,9,5,3,-1,0,6,0,0,0,0,2,1,-1,6,1,25,5,1598,2,8,VAUXHALL ASTRA,4,E01009085,0,1
2024010487335,2024,010487335,1,9,0,12,12,3,7,0,0,2,0,0,0,0,4,1,6,6,1,39,7,1341,1,4,VAUXHALL ASTRA,10,E01003358,0,1
2024351496946,2024,351496946,1,9,0,-1,19,7,3,-1,0,0,0,0,0,0,-1,1,-1,6,2,-1,-1,1598,1,6,VAUXHALL ASTRA,8,E01033429,0,1