collision_index,collision_year,collision_ref_no,vehicle_reference,vehicle_type,towing_and_articulation,vehicle_manoeuvre_historic,vehicle_manoeuvre,vehicle_direction_from,vehicle_direction_to,vehicle_location_restricted_lane_historic,vehicle_location_restricted_lane,junction_location,skidding_and_overturning,hit_object_in_carriageway,vehicle_leaving_carriageway,hit_object_off_carriageway,first_point_of_impact,vehicle_left_hand_drive,journey_purpose_of_driver_historic,journey_purpose_of_driver,sex_of_driver,age_of_driver,age_band_of_driver,engine_capacity_cc,propulsion_code,age_of_vehicle,generic_make_model,driver_imd_decile,lsoa_of_driver,escooter_flag,driver_distance_banding
2024071085295,2024,071085295,1,9,0,-1,19,7,1,-1,0,5,0,0,0,1,1,1,-1,6,1,85,11,1598,1,10,VAUXHALL ASTRA,-1,-1,0,-1
2024552401074,2024,552401074,1,9,0,9,9,6,4,0,0,8,0,0,0,0,1,1,6,6,2,28,6,1686,2,13,VAUXHALL ASTRA,3,E01015308,0,1
2024111449868,2024,111449868,1,9,0,-1,19,5,1,-1,0,1,0,0,0,0,4,1,-1,6,1,37,7,1399,1,8,VAUXHALL ASTRA,8,-1,0,5
2024010523075,2024,010523075,3,9,0,2,2,0,0,0,0,0,0,0,0,0,1,1,6,6,3,-1,-1,1598,1,14,VAUXHALL ASTRA,-1,-1,0,-1
2024411535047,2024,411535047,2,9,-1,-1,19,-1,-1,-1,0,0,0,0,0,0,4,9,-1,9,2,53,8,1399,1,7,VAUXHALL ASTRA,4,E01023873,0,1
2024501416511,2024,501416511,1,9,0,-1,19,3,7,-1,0,2,0,0,0,0,1,1,-1,9,2,69,10,1956,2,13,VAUXHALL ASTRA,7,E01020219,0,1
2024461447885,2024,461447885,1,9,0,-1,9,1,7,-1,0,6,1,0,0,0,3,1,-1,9,1,23,5,-1,-1,-1,VAUXHALL ASTRA,-1,-1,0,-1
2024041452213,2024,041452213,1,9,0,-1,5,5,1,-1,0,0,0,0,0,0,1,1,-1,2,2,35,6,1598,2,7,VAUXHALL ASTRA,9,E01025316,0,3
2024421524041,2024,421524041,2,9,0,-1,19,3,1,-1,0,0,0,0,0,0,3,1,-1,2,1,59,9,1398,1,11,VAUXHALL ASTRA,6,E01023600,0,4
2024010505204,2024,010505204,1,9,0,99,99,9,9,99,99,9,9,99,9,99,1,9,6,6,3,-1,-1,1398,1,12,VAUXHALL ASTRA,-1,-1,0,-1
2024421405949,2024,421405949,1,9,0,-1,20,5,5,-1,9,0,0,0,7,0,1,1,-1,6,2,83,11,1598,1,21,VAUXHALL ASTRA,2,E01021314,0,1
2024010550603,2024,010550603,1,9,9,99,99,9,9,99,99,9,9,99,9,99,2,9,6,6,2,47,8,1399,1,7,VAUXHALL ASTRA,4,E01002444,0,2
2024401539751,2024,401539751,1,9,0,-1,7,1,3,-1,0,0,0,7,5,1,3,1,-1,2,2,48,8,1956,2,11,VAUXHALL ASTRA,5,E01017475,0,3
2024552401004,2024,552401004,1,9,0,9,9,5,3,0,0,5,0,0,0,0,4,1,6,6,1,35,6,1598,2,7,VAUXHALL ASTRA,4,E01017151,0,4
2024471534971,2024,471534971,1,9,0,-1,19,5,1,-1,0,4,0,0,0,0,1,9,-1,6,1,25,5,1362,1,12,VAUXHALL ASTRA,8,E01016928,0,2
2024010540604,2024,010540604,1,9,0,2,2,0,0,0,0,0,0,0,0,0,0,1,6,6,3,-1,-1,1598,1,14,VAUXHALL ASTRA,-1,-1,0,-1
2024010526075,2024,010526075,1,9,0,17,19,5,3,0,0,0,0,0,0,0,3,1,6,6,2,35,6,1598,1,13,VAUXHALL ASTRA,6,E01004078,0,1
2024201443904,2024,201443904,1,9,0,-1,9,5,3,-1,0,5,0,0,0,0,1,1,-1,6,1,31,6,1362,1,12,VAUXHALL ASTRA,1,E01008906,0,1
2024461485188,2024,461485188,4,9,0,-1,2,0,0,-1,-1,2,0,0,0,0,4,1,-1,6,1,24,5,-1,-1,-1,VAUXHALL ASTRA,9,E01035291,0,1
2024332400526,2024,332400526,1,9,0,-1,9,4,3,-1,0,6,0,0,0,0,3,1,-1,9,1,17,4,1598,1,21,VAUXHALL ASTRA,7,E01025958,0,1
2024010536677,2024,010536677,1,9,0,7,7,7,1,0,0,3,0,0,0,0,1,1,6,6,1,25,5,1399,1,7,VAUXHALL ASTRA,2,E01001334,0,1
2024501530935,2024,501530935,2,9,0,-1,19,6,2,-1,0,0,0,0,0,0,1,1,-1,9,2,46,8,1598,1,15,VAUXHALL ASTRA,6,E01019942,0,3
2024010533705,2024,010533705,2,9,0,18,19,7,3,0,0,0,0,0,0,0,3,1,6,6,2,51,8,1199,1,1,VAUXHALL ASTRA,4,E01001373,0,2
2024371506115,2024,371506115,1,9,0,-1,4,8,4,-1,0,4,1,0,3,0,1,1,-1,6,1,20,4,1598,1,18,VAUXHALL ASTRA,5,E01030073,0,1
2024401462718,2024,401462718,1,9,0,-1,19,3,7,-1,0,8,0,0,0,0,1,1,-1,1,2,32,6,1598,2,6,VAUXHALL ASTRA,2,E01033804,0,1
2024471445233,2024,471445233,2,9,0,-1,4,1,5,-1,0,4,0,0,0,0,2,2,-1,6,2,77,11,1796,1,19,VAUXHALL ASTRA,5,E01021216,0,1
2024201413505,2024,201413505,1,9,0,-1,19,1,5,-1,0,8,0,0,0,0,1,9,-1,6,1,23,5,1598,1,17,VAUXHALL ASTRA,2,E01010452,0,1
2024131516422,2024,131516422,2,9,0,-1,2,0,0,-1,0,0,0,0,0,0,2,1,-1,6,-1,-1,-1,1398,1,9,VAUXHALL ASTRA,-1,-1,0,-1
2024010501539,2024,010501539,2,9,9,99,99,9,9,99,99,9,9,99,9,99,9,9,6,6,3,-1,-1,1598,1,14,VAUXHALL ASTRA,-1,-1,0,-1
2024010533315,2024,010533315,1,9,0,18,19,1,5,0,0,8,0,0,0,0,3,1,6,6,2,23,5,999,1,6,VAUXHALL ASTRA,5,E01015717,0,4
2024361453875,2024,361453875,1,9,0,-1,19,5,1,-1,0,0,0,0,0,0,1,1,-1,9,1,42,7,1796,1,17,VAUXHALL ASTRA,2,E01026596,0,1
2024131518211,2024,131518211,2,9,0,-1,9,2,3,-1,0,5,0,0,0,0,4,1,-1,6,1,45,7,1248,2,16,VAUXHALL ASTRA,2,E01033689,0,1
2024332400193,2024,332400193,1,9,0,-1,5,3,7,-1,0,6,0,0,0,0,1,1,-1,9,1,21,5,1398,1,9,VAUXHALL ASTRA,2,E01025700,0,3
2024451498348,2024,451498348,2,9,0,-1,19,5,1,-1,0,0,0,0,0,0,2,1,-1,9,1,77,11,1598,1,9,VAUXHALL ASTRA,4,E01003102,0,4
2024631434893,2024,631434893,1,9,0,-1,19,2,6,-1,0,0,0,6,1,11,1,1,-1,6,1,42,7,1956,2,11,VAUXHALL ASTRA,7,W01000556,0,2
2024141423372,2024,141423372,1,9,0,-1,19,7,3,-1,0,0,0,0,0,0,1,1,-1,2,1,21,5,1956,2,11,VAUXHALL ASTRA,1,E01008118,0,1
2024622400596,2024,622400596,3,9,0,17,19,7,4,0,0,0,0,0,0,0,2,2,6,6,1,53,8,1686,2,13,VAUXHALL ASTRA,3,W01001271,0,2
2024131445771,2024,131445771,1,9,0,-1,19,5,1,-1,0,8,0,0,0,0,4,1,-1,6,1,49,8,1796,1,14,VAUXHALL ASTRA,2,E01033692,0,1
2024520403436,2024,520403436,1,9,0,7,7,2,5,0,0,1,2,0,7,1,1,1,6,6,1,18,4,1796,1,18,VAUXHALL ASTRA,5,E01029257,0,3
2024010537276,2024,010537276,1,9,0,7,7,5,7,6,6,8,0,0,0,0,3,1,2,2,1,52,8,1598,1,16,VAUXHALL ASTRA,2,E01001788,0,1
2024010497325,2024,010497325,1,9,0,3,3,5,1,0,0,1,0,0,0,0,4,1,2,2,2,35,6,1796,1,16,VAUXHALL ASTRA,7,E01004164,0,1
2024471403121,2024,471403121,1,9,0,-1,19,2,6,-1,0,0,0,0,0,0,3,9,-1,6,1,57,9,1686,2,21,VAUXHALL ASTRA,1,E01020995,0,2
2024501447781,2024,501447781,1,9,0,-1,5,3,5,-1,0,6,0,0,0,0,1,1,-1,9,1,58,9,-1,-1,-1,VAUXHALL ASTRA,6,E01020246,0,1
2024122400513,2024,122400513,3,9,0,2,2,0,0,0,0,1,0,0,0,0,2,1,6,6,3,-1,-1,1399,1,8,VAUXHALL ASTRA,-1,-1,0,-1
2024371504802,2024,371504802,2,9,0,-1,19,5,1,-1,0,0,0,0,0,0,3,1,-1,6,1,42,7,1364,1,14,VAUXHALL ASTRA,8,E01023365,0,5
2024010546032,2024,010546032,2,9,0,9,9,7,5,0,0,6,0,0,0,0,1,1,6,6,2,49,8,1598,1,12,VAUXHALL ASTRA,6,E01003760,0,1
2024141478293,2024,141478293,1,9,0,-1,19,4,3,-1,0,1,0,11,0,0,4,1,-1,9,1,56,9,1598,2,7,VAUXHALL ASTRA,1,E01007919,0,2
2024010547111,2024,010547111,2,9,9,99,99,9,9,99,99,9,9,99,9,99,4,2,6,6,3,21,5,1598,1,31,VAUXHALL ASTRA,3,E01001503,0,3
2024991508945,2024,991508945,1,9,0,-1,9,5,2,-1,0,1,0,0,0,0,1,1,-1,9,2,77,11,1598,1,25,VAUXHALL ASTRA,4,-1,0,2
2024131517359,2024,131517359,1,9,0,-1,5,5,1,-1,0,8,0,7,0,0,2,1,-1,6,1,-1,-1,1499,2,1,VAUXHALL ASTRA,-1,-1,0,-1
2024010514882,2024,010514882,2,9,0,99,99,9,9,99,99,9,9,99,9,99,9,9,6,6,3,32,6,1399,1,7,VAUXHALL ASTRA,5,E01003083,0,1
2024010510039,2024,010510039,2,9,0,9,9,1,8,0,0,5,1,0,7,11,4,1,6,6,1,67,10,1364,1,17,VAUXHALL ASTRA,2,E01001772,0,1
2024430243942,2024,430243942,2,9,0,18,19,6,2,0,0,4,0,0,0,0,1,1,6,6,2,-1,-1,1399,1,7,VAUXHALL ASTRA,-1,-1,0,-1
2024010497451,2024,010497451,1,9,0,9,9,5,4,0,0,8,0,0,0,0,1,1,1,1,2,48,8,1399,1,5,VAUXHALL ASTRA,2,E01004008,0,1
2024351447223,2024,351447223,1,9,0,-1,19,7,1,-1,0,0,0,0,2,0,1,1,-1,1,1,27,6,1598,2,5,VAUXHALL ASTRA,10,E01018306,0,1
2024631405265,2024,631405265,1,9,0,-1,19,6,2,-1,0,2,0,0,0,0,1,1,-1,9,1,25,5,1364,1,20,VAUXHALL ASTRA,8,W01000573,0,1
2024401497995,2024,401497995,1,9,-1,-1,-1,-1,-1,-1,-1,0,-1,-1,-1,0,-1,9,-1,6,3,-1,-1,1598,1,13,VAUXHALL ASTRA,-1,-1,0,-1
2024061419307,2024,061419307,2,9,0,-1,4,1,1,-1,0,-1,0,0,0,0,2,9,-1,9,1,29,6,1399,1,8,VAUXHALL ASTRA,4,E01019745,0,3
2024141458954,2024,141458954,1,9,0,-1,19,2,6,-1,0,1,1,0,1,0,4,9,-1,6,3,-1,-1,1199,1,0,VAUXHALL ASTRA,-1,-1,0,-1
2024010509698,2024,010509698,2,8,0,99,99,9,9,99,99,9,9,99,9,99,1,9,6,6,1,65,9,1598,2,7,VAUXHALL ASTRA,5,E01001310,0,3
2024101533911,2024,101533911,1,9,0,-1,19,4,6,-1,0,0,0,0,0,0,1,1,-1,6,2,51,8,1399,1,5,VAUXHALL ASTRA,4,E01027387,0,1
2024010511166,2024,010511166,1,9,0,99,99,9,9,99,99,9,9,99,9,99,2,9,1,1,1,33,6,1598,2,8,VAUXHALL ASTRA,3,E01000133,0,3
2024010512094,2024,010512094,1,9,0,1,1,5,1,0,0,0,0,0,0,0,2,1,6,6,3,-1,-1,1399,1,5,VAUXHALL ASTRA,-1,-1,0,-1
2024010533879,2024,010533879,2,9,0,2,2,0,0,6,6,0,0,0,0,0,2,1,6,6,3,-1,-1,1199,1,1,VAUXHALL ASTRA,-1,-1,0,-1
2024010519436,2024,010519436,2,9,0,18,19,1,5,0,0,1,0,0,0,0,1,1,6,6,3,-1,-1,1364,1,9,VAUXHALL ASTRA,-1,-1,0,-1
2024461442110,2024,461442110,2,9,0,-1,19,1,5,-1,0,8,0,0,0,0,-1,9,-1,2,1,40,7,1598,1,12,VAUXHALL ASTRA,5,E01016178,0,1
2024211471232,2024,211471232,2,9,0,-1,5,0,0,-1,0,0,0,0,0,0,1,1,-1,9,1,25,5,1956,2,11,VAUXHALL ASTRA,1,E01014242,0,4
2024061414553,2024,061414553,1,9,0,-1,19,8,4,-1,0,0,0,0,0,0,4,9,-1,6,3,-1,-1,1998,1,16,VAUXHALL ASTRA,-1,-1,0,-1
2024010531641,2024,010531641,1,9,0,5,5,1,5,0,0,8,0,0,0,0,3,1,2,2,1,58,9,1364,1,19,VAUXHALL ASTRA,7,E01003416,0,2
2024401452793,2024,401452793,2,9,0,-1,19,7,3,-1,0,0,1,0,0,0,1,1,-1,6,1,20,4,1686,2,10,VAUXHALL ASTRA,-1,-1,0,-1
2024211495983,2024,211495983,2,9,0,-1,19,3,7,-1,0,1,0,0,0,0,1,1,-1,6,1,31,6,1399,1,5,VAUXHALL ASTRA,-1,-1,0,-1
2024010540584,2024,010540584,1,9,0,8,8,8,1,1,1,3,0,0,0,0,4,1,1,1,2,21,5,1341,1,4,VAUXHALL ASTRA,2,E01004008,0,1
2024471430713,2024,471430713,2,9,0,-1,19,8,4,-1,0,2,0,0,0,0,2,1,-1,6,2,37,7,1796,1,16,VAUXHALL ASTRA,2,E01034826,0,1
2024122400360,2024,122400360,1,9,0,18,19,3,7,0,0,0,0,0,0,0,1,1,6,6,1,42,7,1598,1,11,VAUXHALL ASTRA,7,E01011299,0,3
2024010502274,2024,010502274,1,9,0,4,4,5,1,0,0,0,0,0,0,0,2,1,6,6,1,27,6,1598,1,14,VAUXHALL ASTRA,4,E01016503,0,1
2024361429235,2024,361429235,1,9,0,-1,1,4,2,-1,0,0,0,0,0,0,2,1,-1,6,2,28,6,1956,2,8,VAUXHALL ASTRA,9,E01034765,0,4
2024010538206,2024,010538206,3,9,0,9,9,7,6,0,0,1,0,0,0,0,0,1,1,1,1,31,6,1399,2,5,VAUXHALL ASTRA,-1,-1,0,-1
2024101481005,2024,101481005,2,9,0,-1,19,6,2,-1,0,8,0,0,0,0,1,1,-1,1,2,42,7,1598,1,9,VAUXHALL ASTRA,2,E01008601,0,1
2024340NN4722,2024,340NN4722,1,9,0,-1,19,5,1,-1,0,1,0,0,0,0,1,1,-1,6,1,32,6,1248,2,16,VAUXHALL ASTRA,-1,-1,0,-1
2024161431557,2024,161431557,2,9,0,-1,9,3,1,-1,0,8,0,0,0,0,1,1,-1,1,1,47,8,1598,1,20,VAUXHALL ASTRA,1,E01012865,0,2
2024201453274,2024,201453274,2,9,0,-1,3,7,3,-1,0,0,0,0,0,0,2,1,-1,9,2,32,6,1399,1,6,VAUXHALL ASTRA,1,E01009322,0,1
2024201405777,2024,201405777,4,9,0,-1,2,0,0,-1,0,1,0,0,0,0,1,9,-1,1,1,-1,-1,1598,2,5,VAUXHALL ASTRA,4,E01034744,0,1
2024320622052,2024,320622052,1,9,0,-1,-1,2,8,0,0,1,0,0,0,0,1,1,6,6,1,-1,-1,1598,1,6,VAUXHALL ASTRA,-1,-1,0,-1
202454D331624,2024,54D331624,3,9,0,2,2,0,0,0,0,1,0,0,0,0,3,1,6,6,3,-1,-1,1399,1,6,VAUXHALL ASTRA,7,E01034540,0,1
2024201457387,2024,201457387,1,9,0,-1,9,6,4,-1,0,6,0,0,0,0,1,9,-1,9,1,27,6,1598,1,11,VAUXHALL ASTRA,1,E01009326,0,1
2024501447949,2024,501447949,2,9,0,-1,19,3,7,-1,0,0,0,0,0,0,1,1,-1,9,1,40,7,1598,2,7,VAUXHALL ASTRA,4,E01020116,0,1
2024031511699,2024,031511699,1,9,0,-1,19,4,8,-1,0,1,0,0,0,0,1,1,-1,9,1,36,7,1956,2,12,VAUXHALL ASTRA,2,E01019199,0,1
2024031397927,2024,031397927,3,9,0,-1,2,0,0,-1,-1,2,0,0,0,0,2,1,-1,6,2,60,9,1598,2,8,VAUXHALL ASTRA,-1,-1,0,-1
2024161408265,2024,161408265,1,9,0,-1,19,8,4,-1,0,1,0,0,0,0,1,1,-1,9,1,30,6,1598,1,16,VAUXHALL ASTRA,1,E01013311,0,1
2024430543685,2024,430543685,3,9,0,1,1,8,4,0,0,0,0,0,0,0,2,1,6,6,1,-1,-1,1686,2,11,VAUXHALL ASTRA,-1,-1,0,-1
2024010534739,2024,010534739,1,9,0,99,99,9,9,99,99,1,9,99,9,99,9,9,2,2,2,37,7,1598,1,5,VAUXHALL ASTRA,3,E01001371,0,1
2024041560228,2024,041560228,1,9,0,-1,9,5,2,-1,0,8,0,0,0,0,1,1,-1,9,1,74,10,1956,2,13,VAUXHALL ASTRA,4,E01025017,0,4
2024010540463,2024,010540463,1,9,0,5,5,2,6,0,0,0,0,0,1,11,4,2,6,6,1,47,8,1399,1,6,VAUXHALL ASTRA,1,E01003486,0,1
2024010506109,2024,010506109,1,9,0,18,19,5,1,0,0,1,0,0,0,0,1,1,1,1,1,44,7,1364,1,15,VAUXHALL ASTRA,4,E01001174,0,2
2024061406136,2024,061406136,1,9,0,-1,9,3,1,-1,0,5,0,0,0,0,3,9,-1,9,1,78,11,1598,1,19,VAUXHALL ASTRA,1,E01004802,0,1
2024071007784,2024,071007784,1,9,0,-1,9,1,6,-1,0,1,0,0,0,0,3,1,-1,9,2,51,8,1956,2,13,VAUXHALL ASTRA,2,E01018546,0,1
2024131523447,2024,131523447,2,9,0,-1,2,0,0,-1,-1,0,0,0,0,0,3,1,-1,6,-1,-1,-1,1399,1,7,VAUXHALL ASTRA,-1,-1,0,-1
2024010518690,2024,010518690,2,9,0,18,19,7,3,0,0,1,0,0,0,0,4,1,6,6,2,77,11,1199,1,3,VAUXHALL ASTRA,-1,-1,0,-1
2024320268172,2024,320268172,1,9,0,-1,-1,8,4,0,0,2,0,0,0,0,4,1,6,6,2,41,7,1598,1,12,VAUXHALL ASTRA,-1,-1,0,-1
2024440404246,2024,440404246,2,9,0,9,9,4,2,0,0,5,0,0,0,0,4,1,2,2,2,51,8,1686,2,16,VAUXHALL ASTRA,2,E01022900,0,1
2024010524131,2024,010524131,2,9,0,99,99,9,9,99,99,9,9,99,9,99,1,9,6,6,2,43,7,1796,1,18,VAUXHALL ASTRA,5,E01001659,0,1
2024061434817,2024,061434817,2,9,0,-1,5,5,1,-1,0,2,0,0,0,0,3,1,-1,9,1,71,10,1364,1,8,VAUXHALL ASTRA,1,E01006306,0,2
2024041435320,2024,041435320,1,9,0,-1,19,1,5,-1,0,0,0,0,0,0,1,1,-1,2,2,37,7,1364,1,17,VAUXHALL ASTRA,4,E01025335,0,1
2024201491647,2024,201491647,1,9,0,-1,19,7,3,-1,0,0,0,0,0,0,1,1,-1,6,1,53,8,1399,1,6,VAUXHALL ASTRA,4,E01010426,0,1
2024161469974,2024,161469974,1,9,0,-1,12,7,3,-1,0,4,0,0,0,0,1,1,-1,6,1,22,5,1598,1,15,VAUXHALL ASTRA,5,E01013106,0,3
2024010486824,2024,010486824,2,9,0,2,2,0,0,0,0,0,0,0,0,0,4,1,6,6,3,-1,-1,1598,1,13,VAUXHALL ASTRA,-1,-1,0,-1
2024991409448,2024,991409448,2,9,0,-1,9,3,1,-1,0,8,0,0,1,11,4,1,-1,2,2,51,8,1686,2,14,VAUXHALL ASTRA,7,-1,0,3
2024302500090,2024,302500090,2,9,0,-1,9,6,3,-1,0,8,0,0,0,0,1,1,-1,2,2,30,6,1398,1,12,VAUXHALL ASTRA,3,E01019856,0,1
2024522401393,2024,522401393,1,9,0,9,9,5,3,0,0,5,0,0,0,0,4,1,6,6,1,50,8,1598,1,19,VAUXHALL ASTRA,3,E01014600,0,1
2024542167524,2024,542167524,1,9,0,15,15,8,4,0,0,3,0,0,0,0,1,1,6,6,1,34,6,1248,2,12,VAUXHALL ASTRA,1,E01015546,0,1
2024421467105,2024,421467105,2,9,0,-1,5,1,5,-1,0,0,0,0,0,0,2,1,-1,1,1,59,9,1496,2,4,VAUXHALL ASTRA,8,E01021613,0,1
2024610044624,2024,610044624,1,9,0,18,19,5,1,0,0,0,0,0,0,0,1,1,6,6,1,64,9,1686,2,11,VAUXHALL ASTRA,4,W01001415,0,1
2024010518454,2024,010518454,1,9,0,7,7,3,6,0,0,0,0,0,0,0,4,1,6,6,1,71,10,1399,1,7,VAUXHALL ASTRA,3,E01001701,0,1
2024201444093,2024,201444093,1,8,0,-1,19,3,6,-1,0,4,0,0,0,0,1,9,-1,9,1,53,8,1598,2,7,VAUXHALL ASTRA,1,E01009993,0,1
2024631473360,2024,631473360,1,9,0,-1,19,4,8,-1,0,8,0,0,0,0,1,1,-1,1,1,32,6,1598,2,10,VAUXHALL ASTRA,5,W01000728,0,4
2024401578226,2024,401578226,2,9,0,-1,19,6,2,-1,0,0,0,0,0,0,1,1,-1,6,2,36,7,1364,1,15,VAUXHALL ASTRA,4,E01017581,0,2
2024201510084,2024,201510084,1,9,0,-1,19,2,6,-1,0,8,0,0,0,0,1,1,-1,6,1,58,9,1598,1,18,VAUXHALL ASTRA,4,E01010427,0,1
2024332401198,2024,332401198,2,9,0,-1,19,5,1,-1,0,4,0,0,0,0,1,1,-1,9,2,54,8,1598,1,18,VAUXHALL ASTRA,4,E01013782,0,2
2024070552725,2024,070552725,2,9,0,18,19,7,3,0,0,8,0,0,1,9,1,1,6,6,1,35,6,1364,1,15,VAUXHALL ASTRA,8,W01000404,0,3
2024231451162,2024,231451162,2,9,0,-1,19,2,6,-1,0,0,0,0,0,0,0,1,-1,1,1,39,7,1598,2,7,VAUXHALL ASTRA,5,E01031171,0,2
2024161421245,2024,161421245,2,9,0,-1,4,1,5,-1,0,0,0,0,0,0,2,1,-1,1,1,49,8,1598,2,8,VAUXHALL ASTRA,9,E01013110,0,1
2024201444584,2024,201444584,1,9,0,-1,1,1,1,-1,0,0,0,0,0,0,2,1,-1,6,1,22,5,1686,2,13,VAUXHALL ASTRA,-1,-1,0,-1
2024211410775,2024,211410775,1,9,0,-1,19,5,8,-1,0,0,0,10,1,0,1,1,-1,6,1,78,11,1496,2,3,VAUXHALL ASTRA,1,E01029554,0,1
2024041430635,2024,041430635,2,9,0,-1,9,1,3,-1,0,1,0,0,0,0,3,1,-1,9,1,37,7,1364,1,15,VAUXHALL ASTRA,1,E01012751,0,1
2024201476698,2024,201476698,1,9,0,-1,19,2,6,-1,0,0,0,0,0,0,1,1,-1,6,1,20,4,1598,2,8,VAUXHALL ASTRA,1,E01010017,0,1
2024461422495,2024,461422495,2,9,0,-1,19,4,8,-1,0,0,0,0,0,0,1,1,-1,9,1,32,6,1398,1,10,VAUXHALL ASTRA,2,E01003932,0,4
2024122500119,2024,122500119,1,9,0,9,9,3,1,0,0,1,0,0,0,0,2,1,6,6,1,37,7,1598,2,9,VAUXHALL ASTRA,8,E01027746,0,1
2024332400716,2024,332400716,2,9,0,-1,19,1,5,-1,0,8,0,0,0,0,1,1,-1,6,1,60,9,1956,2,12,VAUXHALL ASTRA,4,E01013696,0,1
2024231504541,2024,231504541,1,9,0,-1,19,6,3,-1,0,0,0,0,0,0,1,9,-1,6,1,25,5,1956,2,12,VAUXHALL ASTRA,7,E01031208,0,1
2024010538352,2024,010538352,1,9,0,9,9,1,6,0,0,1,0,4,0,0,1,1,2,2,1,58,9,1364,1,9,VAUXHALL ASTRA,9,E01023837,0,4
2024101530570,2024,101530570,2,9,0,-1,2,0,0,-1,0,0,0,0,0,0,4,1,-1,6,2,40,7,1598,1,9,VAUXHALL ASTRA,4,E01027523,0,1
2024010515756,2024,010515756,2,9,0,99,99,9,9,99,99,9,9,99,9,99,9,9,6,6,3,-1,-1,1598,1,12,VAUXHALL ASTRA,-1,-1,0,-1
2024471396149,2024,471396149,4,9,0,-1,19,2,6,-1,0,0,0,0,0,0,0,1,-1,1,1,27,6,1598,2,5,VAUXHALL ASTRA,4,E01031434,0,1
2024131449195,2024,131449195,2,9,0,-1,2,0,0,-1,0,0,0,0,0,0,1,1,-1,6,-1,-1,-1,1399,1,7,VAUXHALL ASTRA,-1,-1,0,-1
2024401494958,2024,401494958,1,9,0,-1,9,3,1,-1,0,5,0,0,0,0,1,9,-1,6,1,22,5,1398,1,11,VAUXHALL ASTRA,3,E01015731,0,1
2024052402485,2024,052402485,1,9,0,9,9,1,6,0,0,1,0,0,0,0,1,1,6,6,1,71,10,1598,1,12,VAUXHALL ASTRA,3,E01007137,0,1
2024991445041,2024,991445041,1,9,0,-1,15,1,5,-1,0,2,0,0,7,0,1,1,-1,9,1,43,7,1686,2,14,VAUXHALL ASTRA,2,-1,0,1
2024052400058,2024,052400058,1,9,0,18,19,7,3,0,0,0,0,0,0,0,1,1,1,1,1,25,5,1399,1,5,VAUXHALL ASTRA,3,E01007174,0,1
2024421490560,2024,421490560,3,9,0,-1,19,8,4,-1,0,1,0,0,0,0,1,1,-1,2,1,36,7,1796,1,23,VAUXHALL ASTRA,2,E01022046,0,2
2024451495836,2024,451495836,1,9,0,-1,19,8,4,-1,0,8,0,0,0,0,4,1,-1,2,1,60,9,1399,1,7,VAUXHALL ASTRA,6,E01030363,0,1
2024122400665,2024,122400665,1,9,0,18,19,4,8,0,0,1,0,0,0,0,1,1,2,2,1,44,7,1910,2,17,VAUXHALL ASTRA,5,E01027776,0,1
2024311460159,2024,311460159,1,9,0,-1,19,4,4,-1,0,1,0,0,0,0,1,1,-1,2,1,34,6,1598,1,10,VAUXHALL ASTRA,9,E01028367,0,2
2024131431931,2024,131431931,1,9,0,-1,4,3,7,-1,0,0,0,0,0,0,2,1,-1,6,1,46,8,1598,1,14,VAUXHALL ASTRA,4,E01011831,0,1
2024010533478,2024,010533478,1,9,0,99,99,9,9,99,99,9,9,99,9,99,9,9,6,6,1,53,8,1199,1,1,VAUXHALL ASTRA,4,E01003530,0,1
2024010520215,2024,010520215,1,9,0,13,13,5,1,0,0,1,0,0,0,0,1,1,6,6,1,22,5,1199,1,1,VAUXHALL ASTRA,4,E01002795,0,1
2024361442113,2024,361442113,1,9,0,-1,5,2,6,-1,0,4,0,0,0,0,1,1,-1,6,1,64,9,1598,2,5,VAUXHALL ASTRA,1,E01026848,0,1
2024131522857,2024,131522857,2,9,0,-1,19,3,7,-1,0,8,0,0,0,0,4,1,-1,9,1,19,4,1598,1,16,VAUXHALL ASTRA,1,E01011735,0,2
2024302400950,2024,302400950,1,9,0,16,19,6,8,0,0,1,0,0,0,0,1,1,6,6,1,20,4,1956,2,13,VAUXHALL ASTRA,2,E01013588,0,1
2024070248899,2024,070248899,1,9,0,17,19,8,3,0,0,0,2,0,0,4,3,1,2,2,1,18,4,1796,1,15,VAUXHALL ASTRA,8,E01018699,0,2
2024991451028,2024,991451028,1,9,0,-1,19,8,4,-1,0,0,1,0,7,0,1,1,-1,6,1,18,4,1364,1,15,VAUXHALL ASTRA,2,-1,0,1
2024010541736,2024,010541736,2,9,0,99,99,9,9,99,99,9,9,99,9,99,1,9,6,6,3,-1,-1,1399,1,7,VAUXHALL ASTRA,-1,-1,0,-1
2024201527274,2024,201527274,2,9,0,-1,19,2,4,-1,0,4,0,7,2,1,1,1,-1,6,1,29,6,1598,1,15,VAUXHALL ASTRA,3,E01010068,0,2
2024010548949,2024,010548949,1,9,0,-1,-1,5,1,0,0,0,0,0,0,0,1,1,6,6,1,24,5,999,1,6,VAUXHALL ASTRA,4,E01004208,0,1
2024221408903,2024,221408903,1,9,0,-1,19,4,8,-1,0,0,0,0,0,0,1,1,-1,9,2,44,7,1598,1,11,VAUXHALL ASTRA,6,E01014078,0,1
2024041475559,2024,041475559,2,9,0,-1,9,5,1,-1,0,0,0,0,0,0,2,1,-1,9,2,41,7,1398,1,12,VAUXHALL ASTRA,6,E01025548,0,1
2024010550016,2024,010550016,3,9,0,-1,-1,1,5,0,0,1,0,0,0,0,1,1,6,6,2,34,6,1364,1,19,VAUXHALL ASTRA,-1,-1,0,-1