collision_index,collision_year,collision_ref_no,vehicle_reference,vehicle_type,towing_and_articulation,vehicle_manoeuvre_historic,vehicle_manoeuvre,vehicle_direction_from,vehicle_direction_to,vehicle_location_restricted_lane_historic,vehicle_location_restricted_lane,junction_location,skidding_and_overturning,hit_object_in_carriageway,vehicle_leaving_carriageway,hit_object_off_carriageway,first_point_of_impact,vehicle_left_hand_drive,journey_purpose_of_driver_historic,journey_purpose_of_driver,sex_of_driver,age_of_driver,age_band_of_driver,engine_capacity_cc,propulsion_code,age_of_vehicle,generic_make_model,driver_imd_decile,lsoa_of_driver,escooter_flag,driver_distance_banding
2024070238291,2024,070238291,1,9,0,13,13,3,7,0,0,0,1,10,7,2,1,1,6,6,1,72,10,1598,2,7,VAUXHALL ASTRA,6,E01007183,0,4
2024010508880,2024,010508880,3,9,0,4,4,1,5,0,0,0,0,0,0,0,2,1,6,6,1,26,6,1598,2,9,VAUXHALL ASTRA,8,E01000774,0,1
2024010541607,2024,010541607,2,9,0,7,7,6,8,0,0,1,0,0,0,0,1,1,6,6,1,22,5,1398,1,14,VAUXHALL ASTRA,5,E01001677,0,1
2024610040424,2024,610040424,1,9,0,16,19,7,2,0,0,0,1,0,0,0,2,1,2,2,1,30,6,-1,-1,-1,VAUXHALL ASTRA,6,E01029084,0,4
2024552400495,2024,552400495,2,9,0,7,7,2,3,0,0,5,0,0,0,0,4,1,6,6,1,60,9,-1,-1,-1,VAUXHALL ASTRA,7,E01020473,0,2
2024461483058,2024,461483058,2,9,0,-1,3,2,3,-1,0,0,0,0,0,0,2,1,-1,9,1,66,10,1399,1,7,VAUXHALL ASTRA,6,E01023987,0,4
2024340WN7162,2024,340WN7162,3,9,0,-1,4,7,3,-1,0,2,0,0,0,0,2,1,-1,9,2,40,7,1796,1,16,VAUXHALL ASTRA,3,E01018092,0,4
2024201461744,2024,201461744,2,9,0,-1,2,0,0,-1,0,2,0,4,0,0,1,1,-1,6,-1,-1,-1,1598,1,17,VAUXHALL ASTRA,-1,-1,0,-1
2024052400309,2024,052400309,2,9,0,18,19,5,1,0,0,8,0,0,0,0,1,1,2,2,1,47,8,1364,1,17,VAUXHALL ASTRA,2,E01006439,0,2
2024131451666,2024,131451666,1,9,0,-1,11,1,5,-1,0,0,0,0,0,0,0,1,-1,6,1,37,7,1364,1,14,VAUXHALL ASTRA,2,E01011763,0,2
2024041497737,2024,041497737,1,9,0,-1,19,5,1,-1,0,2,1,0,1,0,1,1,-1,9,2,39,7,1598,1,11,VAUXHALL ASTRA,8,E01025178,0,2
2024201527048,2024,201527048,2,9,0,-1,19,1,5,-1,0,8,0,0,0,0,3,1,-1,9,2,39,7,1598,1,13,VAUXHALL ASTRA,-1,-1,0,-1
2024471404450,2024,471404450,1,9,0,-1,19,3,7,-1,0,0,0,0,7,4,1,1,-1,9,1,25,5,1686,2,11,VAUXHALL ASTRA,5,E01031523,0,4
2024361501222,2024,361501222,2,9,0,-1,19,3,7,-1,0,8,5,0,7,0,1,1,-1,2,2,48,8,1598,1,16,VAUXHALL ASTRA,8,E01035153,0,1
2024991494591,2024,991494591,1,9,0,-1,7,4,7,-1,0,8,0,0,0,0,3,1,-1,9,2,39,7,1686,2,10,VAUXHALL ASTRA,-1,-1,0,-1
2024010535084,2024,010535084,2,9,9,99,99,9,9,99,99,6,9,99,9,99,9,9,6,6,3,-1,-1,1364,1,15,VAUXHALL ASTRA,-1,-1,0,-1
2024010537561,2024,010537561,1,9,0,18,19,4,8,0,0,6,0,10,1,1,4,1,2,2,2,35,6,1398,1,10,VAUXHALL ASTRA,8,E01000246,0,1
2024401444092,2024,401444092,2,9,-1,-1,-1,-1,-1,-1,-1,0,-1,-1,-1,0,2,9,-1,7,2,38,7,1398,1,12,VAUXHALL ASTRA,4,E01017522,0,1
2024461473052,2024,461473052,1,9,0,-1,11,1,3,-1,0,0,1,0,0,0,4,1,-1,6,1,22,5,1598,1,18,VAUXHALL ASTRA,5,E01023332,0,4
2024471468877,2024,471468877,1,9,0,-1,19,3,7,-1,0,0,0,0,0,0,1,1,-1,6,1,21,5,1364,1,16,VAUXHALL ASTRA,8,E01021073,0,1
2024131521892,2024,131521892,1,9,0,-1,19,3,7,-1,0,0,0,0,0,0,1,1,-1,9,1,20,4,1364,1,17,VAUXHALL ASTRA,2,E01011859,0,2
2024411430077,2024,411430077,2,9,0,-1,19,3,7,-1,0,2,0,0,0,0,4,1,-1,1,1,30,6,1956,2,10,VAUXHALL ASTRA,10,E01023626,0,1
2024041505208,2024,041505208,2,9,0,-1,19,1,5,-1,0,0,0,0,5,0,2,1,-1,6,1,59,9,1398,1,11,VAUXHALL ASTRA,1,E01010838,0,4
2024451399238,2024,451399238,2,9,0,-1,4,0,0,-1,0,2,0,0,0,0,0,1,-1,9,1,69,10,1398,1,11,VAUXHALL ASTRA,8,E01030730,0,1
2024471427071,2024,471427071,2,9,0,-1,19,7,3,-1,0,8,0,0,0,0,1,1,-1,6,1,43,7,1598,1,14,VAUXHALL ASTRA,9,E01031612,0,2
2024010539874,2024,010539874,1,9,0,99,99,9,9,99,99,9,9,99,9,99,2,9,6,6,3,-1,-1,1398,1,9,VAUXHALL ASTRA,-1,-1,0,-1
2024201526600,2024,201526600,1,9,0,-1,19,7,3,-1,0,1,0,0,0,0,1,1,-1,6,1,50,8,1956,2,14,VAUXHALL ASTRA,-1,-1,0,-1
2024622400574,2024,622400574,1,9,0,16,19,2,6,0,0,0,0,0,0,0,1,1,6,6,1,50,8,1598,2,8,VAUXHALL ASTRA,1,W01001239,0,1
2024010499401,2024,010499401,1,9,0,99,99,9,9,99,99,9,9,99,9,99,9,9,6,6,1,28,6,1598,2,8,VAUXHALL ASTRA,2,E01001151,0,1
2024451480952,2024,451480952,1,9,0,-1,2,0,0,-1,0,0,0,0,0,0,2,1,-1,1,1,74,10,1598,2,7,VAUXHALL ASTRA,5,E01030600,0,2
2024010514948,2024,010514948,3,9,0,18,19,8,4,0,0,1,0,0,0,0,0,1,6,6,1,52,8,1341,1,4,VAUXHALL ASTRA,-1,-1,0,-1
2024052401284,2024,052401284,2,9,0,18,19,3,7,0,0,0,0,0,0,0,3,1,1,1,1,36,7,1598,1,17,VAUXHALL ASTRA,6,E01006591,0,3
2024201516496,2024,201516496,2,9,0,-1,19,5,3,-1,0,3,0,0,0,0,0,1,-1,9,2,69,10,1598,1,14,VAUXHALL ASTRA,-1,-1,0,-1
2024451531487,2024,451531487,1,9,0,-1,19,2,6,-1,0,0,1,0,7,0,4,1,-1,9,1,19,4,1598,1,17,VAUXHALL ASTRA,7,E01031767,0,4
2024531505137,2024,531505137,1,9,0,-1,19,8,4,-1,0,0,5,0,1,0,1,1,-1,9,1,42,7,1686,2,13,VAUXHALL ASTRA,8,E01022408,0,1
2024010529632,2024,010529632,2,9,0,18,19,7,3,0,0,0,0,0,0,0,1,1,6,6,1,47,8,1598,1,13,VAUXHALL ASTRA,2,E01002530,0,2
2024070851178,2024,070851178,1,9,0,-1,3,2,6,-1,0,0,0,0,0,0,1,1,-1,6,1,40,7,1598,1,11,VAUXHALL ASTRA,8,E01018342,0,1
2024141506225,2024,141506225,2,9,0,-1,7,5,8,-1,0,1,0,0,0,0,1,1,-1,6,1,40,7,1956,2,13,VAUXHALL ASTRA,2,E01007656,0,1
2024010501947,2024,010501947,2,9,0,99,99,9,9,99,99,9,9,99,9,99,2,9,6,6,3,-1,-1,1364,1,15,VAUXHALL ASTRA,-1,-1,0,-1
2024302401621,2024,302401621,1,9,0,5,5,1,5,99,99,8,0,0,0,0,1,1,6,6,1,50,8,1598,2,9,VAUXHALL ASTRA,1,E01013573,0,1
2024440359888,2024,440359888,1,9,0,17,19,2,6,0,0,0,5,0,0,0,1,1,6,6,1,45,7,1796,1,15,VAUXHALL ASTRA,3,E01017347,0,2
2024991478599,2024,991478599,1,9,0,-1,19,1,5,-1,0,1,0,0,0,0,1,1,-1,9,1,35,6,1598,1,17,VAUXHALL ASTRA,1,-1,0,1
2024522401977,2024,522401977,2,9,0,2,2,0,0,0,0,0,0,0,0,0,1,1,6,6,3,-1,-1,1398,1,9,VAUXHALL ASTRA,-1,-1,0,-1
2024401471165,2024,401471165,1,9,0,-1,5,7,6,-1,0,0,0,0,0,0,0,1,-1,6,1,57,9,1796,1,14,VAUXHALL ASTRA,3,E01017618,0,1
2024061397557,2024,061397557,1,9,0,-1,19,5,1,-1,0,2,0,0,0,0,1,1,-1,9,1,56,9,1598,2,9,VAUXHALL ASTRA,1,E01005198,0,1
2024501409777,2024,501409777,1,9,0,-1,5,6,2,-1,0,3,0,0,3,0,4,1,-1,7,1,46,8,1496,2,4,VAUXHALL ASTRA,7,E01019058,0,1
2024231495609,2024,231495609,1,9,0,-1,19,2,6,-1,0,0,1,0,1,4,4,1,-1,6,1,19,4,1796,1,17,VAUXHALL ASTRA,4,E01031032,0,1
2024421510733,2024,421510733,1,9,0,-1,4,6,3,-1,0,2,0,0,0,0,1,1,-1,9,2,34,6,1398,1,9,VAUXHALL ASTRA,10,E01021939,0,1
2024141406999,2024,141406999,1,9,0,-1,12,1,5,-1,0,0,0,0,0,0,1,1,-1,9,1,31,6,1398,1,9,VAUXHALL ASTRA,6,E01007409,0,4
2024501461998,2024,501461998,2,9,0,-1,19,1,7,-1,0,1,0,0,0,0,3,1,-1,9,2,20,4,1399,1,7,VAUXHALL ASTRA,2,E01020216,0,1
2024351504503,2024,351504503,2,9,0,-1,9,2,1,-1,0,1,0,0,0,0,3,1,-1,6,1,22,5,1398,1,14,VAUXHALL ASTRA,10,E01018167,0,2
2024991399590,2024,991399590,1,9,0,-1,19,8,4,-1,0,0,1,0,7,9,4,1,-1,2,1,25,5,1686,2,14,VAUXHALL ASTRA,5,-1,0,2
2024041464317,2024,041464317,1,9,0,-1,19,7,3,-1,0,0,0,0,1,0,4,1,-1,6,2,22,5,1248,2,14,VAUXHALL ASTRA,1,E01025224,0,2
2024991497672,2024,991497672,1,9,0,-1,19,5,1,-1,0,0,0,0,1,0,3,1,-1,9,1,43,7,1199,1,1,VAUXHALL ASTRA,-1,-1,0,-1
2024461458552,2024,461458552,1,9,0,-1,9,7,3,-1,0,0,0,0,0,0,3,1,-1,1,1,28,6,1598,1,15,VAUXHALL ASTRA,5,E01024356,0,2
2024501514537,2024,501514537,1,9,0,-1,19,5,1,-1,0,0,0,0,0,0,1,1,-1,9,2,42,7,1956,2,12,VAUXHALL ASTRA,3,E01018761,0,1
2024361398906,2024,361398906,2,9,0,-1,19,5,1,-1,0,2,0,0,0,0,1,9,-1,6,1,44,7,1364,1,16,VAUXHALL ASTRA,1,E01026704,0,1
2024501422208,2024,501422208,1,9,0,-1,19,5,1,-1,0,0,0,0,0,0,1,1,-1,7,2,36,7,1686,2,11,VAUXHALL ASTRA,6,E01019935,0,1
2024161438603,2024,161438603,1,9,0,-1,9,7,5,-1,0,0,0,0,0,0,4,9,-1,6,1,27,6,1998,1,11,VAUXHALL ASTRA,2,E01033109,0,1
2024991426966,2024,991426966,3,9,0,-1,19,6,2,-1,0,1,0,0,0,0,3,1,-1,9,1,26,6,1199,1,3,VAUXHALL ASTRA,2,-1,0,1
2024010525594,2024,010525594,1,9,0,9,9,3,8,0,0,8,0,0,0,0,1,1,6,6,2,43,7,1598,1,12,VAUXHALL ASTRA,6,E01003664,0,1
2024332400007,2024,332400007,1,9,0,-1,19,1,5,-1,0,0,0,0,0,0,1,1,-1,6,3,-1,-1,-1,-1,-1,VAUXHALL ASTRA,-1,-1,0,-1
2024461503750,2024,461503750,1,9,0,-1,19,1,6,-1,0,1,0,0,0,0,1,1,-1,2,1,21,5,1364,1,18,VAUXHALL ASTRA,3,E01024103,0,3
2024440198017,2024,440198017,2,9,0,9,9,5,3,0,0,1,0,0,0,0,4,1,6,6,1,80,11,1598,1,17,VAUXHALL ASTRA,5,E01023068,0,1
2024122401096,2024,122401096,1,9,0,2,2,0,0,0,0,0,0,0,0,0,3,1,6,6,3,-1,-1,1399,1,8,VAUXHALL ASTRA,-1,-1,0,-1
2024351400383,2024,351400383,2,9,0,-1,19,4,8,-1,0,0,0,0,1,0,1,1,-1,9,1,38,7,1686,2,13,VAUXHALL ASTRA,5,E01018041,0,1
2024010539652,2024,010539652,1,9,0,18,19,5,1,0,0,1,0,0,0,0,1,1,6,6,3,-1,-1,1598,1,12,VAUXHALL ASTRA,-1,-1,0,-1
2024061499538,2024,061499538,2,9,0,-1,19,3,7,-1,0,1,0,0,0,0,1,9,-1,6,3,-1,-1,1686,2,11,VAUXHALL ASTRA,-1,-1,0,-1
2024041451789,2024,041451789,1,9,0,-1,19,5,1,-1,0,1,0,0,0,0,2,1,-1,9,1,45,7,1199,1,1,VAUXHALL ASTRA,3,E01025379,0,1
2024351490955,2024,351490955,1,9,0,-1,19,7,3,-1,0,0,5,0,5,6,1,1,-1,9,1,34,6,1598,1,17,VAUXHALL ASTRA,5,E01021815,0,4
2024340WN5742,2024,340WN5742,2,9,0,-1,8,1,3,-1,0,1,0,0,0,0,1,1,-1,6,1,25,5,1364,1,18,VAUXHALL ASTRA,4,E01027225,0,1
2024010534684,2024,010534684,1,9,0,99,99,9,9,99,99,9,9,99,9,99,2,9,6,6,2,30,6,1796,1,14,VAUXHALL ASTRA,4,E01004028,0,2
202460Q161192,2024,60Q161192,1,9,0,18,19,1,5,0,0,1,0,0,0,0,1,1,6,6,1,84,11,1686,2,19,VAUXHALL ASTRA,-1,-1,0,-1
2024010506161,2024,010506161,1,9,0,9,9,5,2,0,0,1,0,0,0,0,3,1,6,6,2,56,9,1598,2,8,VAUXHALL ASTRA,2,E01002076,0,2
2024552400626,2024,552400626,1,9,0,18,19,7,3,0,0,0,0,0,0,0,1,1,6,6,3,-1,-1,1796,1,15,VAUXHALL ASTRA,-1,-1,0,-1
2024131518167,2024,131518167,2,9,0,-1,2,0,0,-1,0,0,0,0,0,0,1,1,-1,2,1,65,9,1598,1,17,VAUXHALL ASTRA,1,E01011324,0,1
2024471412531,2024,471412531,2,9,0,-1,19,5,1,-1,0,1,0,0,0,0,4,1,-1,9,2,28,6,1686,2,11,VAUXHALL ASTRA,6,E01031396,0,1
2024201437664,2024,201437664,2,9,0,-1,5,1,5,-1,0,6,0,0,0,0,1,9,-1,6,1,35,6,1686,2,10,VAUXHALL ASTRA,9,E01009912,0,1
2024411496255,2024,411496255,2,9,0,-1,-1,-1,-1,-1,-1,0,-1,-1,-1,0,-1,1,-1,6,1,19,4,1364,1,13,VAUXHALL ASTRA,5,E01023780,0,1
2024010506388,2024,010506388,1,9,0,99,99,9,9,99,99,9,9,99,9,99,2,9,6,6,1,40,7,1598,1,11,VAUXHALL ASTRA,4,E01034611,0,1
2024070166490,2024,070166490,2,9,0,8,8,8,5,0,0,1,0,0,0,0,2,1,3,7,1,60,9,1399,1,5,VAUXHALL ASTRA,10,E01035384,0,1
2024991485677,2024,991485677,1,9,0,-1,9,8,6,-1,0,5,0,0,0,0,1,1,-1,1,1,49,8,-1,-1,-1,VAUXHALL ASTRA,3,-1,0,1
2024311522828,2024,311522828,1,9,0,-1,5,3,5,-1,0,2,0,0,0,0,3,9,-1,6,1,72,10,-1,-1,-1,VAUXHALL ASTRA,-1,-1,0,-1
2024131395101,2024,131395101,2,9,0,-1,19,3,1,-1,0,0,0,0,0,0,3,1,-1,9,1,79,11,1199,1,1,VAUXHALL ASTRA,2,E01011814,0,2
2024131526886,2024,131526886,3,9,0,-1,2,0,0,-1,0,0,0,0,0,0,3,1,-1,6,-1,-1,-1,1598,1,16,VAUXHALL ASTRA,-1,-1,0,-1
2024430309465,2024,430309465,2,9,0,18,19,3,7,0,0,1,0,0,0,0,1,1,6,6,1,-1,-1,1796,1,18,VAUXHALL ASTRA,-1,-1,0,-1
2024421510636,2024,421510636,1,9,0,-1,19,6,1,-1,0,0,0,0,0,0,1,1,-1,6,1,37,7,1598,1,17,VAUXHALL ASTRA,9,E01021352,0,1
2024070975988,2024,070975988,2,9,0,-1,12,1,2,-1,0,4,0,0,0,0,1,1,-1,6,2,52,8,1398,1,9,VAUXHALL ASTRA,3,E01018435,0,2
2024201519619,2024,201519619,2,9,0,-1,9,6,3,-1,0,1,0,0,0,0,4,1,-1,6,1,76,11,1399,1,7,VAUXHALL ASTRA,1,E01010141,0,1
2024061463666,2024,061463666,1,9,0,-1,19,1,2,-1,0,1,9,0,0,0,3,1,-1,2,2,26,6,1598,1,13,VAUXHALL ASTRA,4,E01005994,0,1
2024522403350,2024,522403350,1,9,0,18,19,3,7,0,0,0,0,0,7,10,3,1,6,6,2,41,7,1598,1,9,VAUXHALL ASTRA,1,E01014594,0,3
2024141528899,2024,141528899,1,9,0,-1,19,4,8,-1,0,0,1,0,0,0,1,1,-1,9,1,72,10,1796,1,16,VAUXHALL ASTRA,1,E01008118,0,1
2024010529638,2024,010529638,2,9,5,99,99,9,9,99,99,9,9,99,9,99,9,9,6,6,2,-1,-1,1364,1,16,VAUXHALL ASTRA,-1,-1,0,-1
2024010518342,2024,010518342,1,9,0,5,5,5,1,0,0,1,0,0,0,0,1,1,6,6,1,29,6,1598,2,7,VAUXHALL ASTRA,-1,-1,0,-1
2024010501604,2024,010501604,2,9,0,99,99,9,9,99,99,9,9,99,9,99,9,9,6,6,3,-1,-1,1399,1,5,VAUXHALL ASTRA,-1,-1,0,-1
202460Q174219,2024,60Q174219,1,9,0,18,19,7,3,0,0,4,0,0,0,0,4,1,6,6,1,40,7,1399,1,7,VAUXHALL ASTRA,-1,-1,0,-1
2024061482843,2024,061482843,1,9,0,-1,15,3,7,-1,0,0,0,0,0,0,1,1,-1,6,1,23,5,1956,2,11,VAUXHALL ASTRA,-1,-1,0,-1
2024631399672,2024,631399672,1,9,0,-1,12,8,4,-1,0,0,0,0,7,10,1,1,-1,6,1,80,11,1199,1,4,VAUXHALL ASTRA,5,W01000602,0,1
2024131468434,2024,131468434,2,9,0,-1,19,5,1,-1,0,2,0,0,0,0,4,1,-1,6,2,38,7,1796,1,17,VAUXHALL ASTRA,1,E01011656,0,1
2024501483077,2024,501483077,1,9,0,-1,19,3,7,-1,0,0,0,0,0,0,4,1,-1,6,1,57,9,1364,1,15,VAUXHALL ASTRA,1,E01015153,0,1
2024201458859,2024,201458859,1,9,0,-1,19,7,3,-1,0,0,0,0,0,0,1,9,-1,2,1,64,9,1598,1,12,VAUXHALL ASTRA,6,E01010079,0,2
2024221473705,2024,221473705,2,9,0,-1,2,0,0,-1,0,2,0,0,0,0,2,9,-1,6,3,59,9,1399,1,8,VAUXHALL ASTRA,-1,-1,0,-1
2024131421608,2024,131421608,2,9,0,-1,19,8,4,-1,0,0,0,0,0,0,2,1,-1,6,1,60,9,1598,1,16,VAUXHALL ASTRA,2,E01013836,0,4
2024041536445,2024,041536445,1,9,0,-1,19,1,5,-1,0,0,0,0,0,0,1,1,-1,9,1,41,7,1364,1,14,VAUXHALL ASTRA,2,E01034366,0,5
2024440174558,2024,440174558,1,19,0,16,19,5,8,0,0,1,0,0,0,0,3,1,2,2,1,31,6,1686,2,12,VAUXHALL ASTRA,9,E01022667,0,4
2024401400360,2024,401400360,2,9,0,-1,8,7,3,-1,0,4,0,0,0,0,2,9,-1,6,1,30,6,1399,1,7,VAUXHALL ASTRA,7,E01017498,0,1
2024401538552,2024,401538552,2,9,0,-1,3,5,1,-1,0,1,0,0,0,0,1,1,-1,1,1,33,6,1398,1,10,VAUXHALL ASTRA,8,E01017583,0,1
2024161465983,2024,161465983,2,9,0,-1,19,7,2,-1,0,1,0,0,0,0,3,1,-1,1,1,45,7,1956,2,11,VAUXHALL ASTRA,1,E01012842,0,2
2024010488554,2024,010488554,1,9,0,18,19,1,5,0,0,1,0,0,0,0,1,1,6,6,1,76,11,1598,2,8,VAUXHALL ASTRA,3,E01004402,0,1
2024010516473,2024,010516473,2,9,0,2,2,0,0,0,0,1,0,0,0,0,3,1,6,6,3,-1,-1,1598,2,6,VAUXHALL ASTRA,-1,-1,0,-1
2024991443341,2024,991443341,1,9,0,-1,9,5,3,-1,0,5,0,0,0,0,1,1,-1,6,3,-1,-1,1598,1,13,VAUXHALL ASTRA,-1,-1,0,-1
2024440313612,2024,440313612,2,9,0,18,19,8,4,0,0,1,0,0,0,0,1,1,6,6,1,57,9,1598,1,18,VAUXHALL ASTRA,6,E01035454,0,2
2024451398652,2024,451398652,1,9,0,-1,19,1,5,-1,0,2,0,0,0,0,1,1,-1,9,1,60,9,1956,2,11,VAUXHALL ASTRA,8,E01001022,0,3
2024501503690,2024,501503690,1,9,0,-1,19,1,5,-1,0,2,5,0,0,0,1,1,-1,6,2,23,5,1398,1,14,VAUXHALL ASTRA,4,E01018968,0,2
2024010544562,2024,010544562,1,9,9,18,19,1,5,99,99,9,9,99,9,99,9,9,6,6,1,28,6,1364,1,10,VAUXHALL ASTRA,8,E01002888,0,1
2024401479272,2024,401479272,2,9,0,-1,6,7,3,-1,0,1,0,0,0,0,1,1,-1,6,1,28,6,1910,2,16,VAUXHALL ASTRA,3,E01017501,0,4
2024131491721,2024,131491721,1,9,0,-1,19,4,7,-1,0,0,1,0,5,1,1,1,-1,9,1,58,9,1796,1,19,VAUXHALL ASTRA,2,E01011913,0,2
2024070220493,2024,070220493,1,9,0,3,3,1,3,0,0,1,0,0,0,0,1,1,6,6,2,37,7,1598,1,16,VAUXHALL ASTRA,5,E01034659,0,2
2024061400982,2024,061400982,1,9,0,-1,19,1,5,-1,0,8,0,0,0,0,1,1,-1,9,1,47,8,1398,1,9,VAUXHALL ASTRA,1,E01005430,0,1
2024991397735,2024,991397735,2,9,0,-1,2,8,8,-1,0,6,0,0,0,0,2,1,-1,6,-1,-1,-1,1686,2,13,VAUXHALL ASTRA,-1,-1,0,-1
2024302401252,2024,302401252,2,9,0,18,19,4,8,0,0,8,0,0,0,0,1,1,6,6,1,42,7,1362,1,12,VAUXHALL ASTRA,5,E01013898,0,2
2024221498981,2024,221498981,1,9,0,-1,4,6,2,-1,0,8,0,0,0,0,1,9,-1,6,2,24,5,1796,1,17,VAUXHALL ASTRA,7,E01032147,0,1
2024471465115,2024,471465115,4,9,0,-1,2,3,7,-1,0,0,0,0,0,0,2,1,-1,1,1,25,5,1598,2,5,VAUXHALL ASTRA,4,E01020951,0,2
2024010507468,2024,010507468,1,9,0,18,19,5,1,0,0,2,0,0,0,0,1,1,6,6,2,28,6,1399,1,6,VAUXHALL ASTRA,4,E01023330,0,4
2024211466581,2024,211466581,1,9,0,-1,4,2,5,-1,0,0,0,0,0,0,1,1,-1,9,1,25,5,1399,1,8,VAUXHALL ASTRA,-1,-1,0,-1
2024631414841,2024,631414841,3,9,0,-1,2,0,0,-1,-1,2,0,0,0,0,1,2,-1,6,-1,-1,-1,1389,1,19,VAUXHALL ASTRA,-1,-1,0,-1
2024991449847,2024,991449847,1,9,0,-1,19,3,6,-1,0,0,1,0,7,0,1,1,-1,9,1,47,8,1199,1,1,VAUXHALL ASTRA,4,-1,0,1
2024122500223,2024,122500223,1,9,0,17,19,3,8,0,0,0,2,0,0,0,1,1,6,6,2,19,4,1598,1,13,VAUXHALL ASTRA,4,E01027818,0,2
2024440468171,2024,440468171,1,9,0,17,19,5,1,0,0,0,0,0,0,0,3,1,6,6,2,41,7,1598,2,8,VAUXHALL ASTRA,6,E01034549,0,3
2024201511692,2024,201511692,1,9,0,-1,3,6,2,-1,0,0,0,0,0,0,2,1,-1,9,2,39,7,1399,1,7,VAUXHALL ASTRA,7,E01023435,0,5
202417M111524,2024,17M111524,2,9,0,-1,19,6,2,-1,0,8,0,0,0,0,1,1,-1,2,1,25,5,1399,1,6,VAUXHALL ASTRA,9,E01012063,0,2
2024010510038,2024,010510038,3,9,0,3,3,1,5,0,0,1,0,0,0,0,2,1,6,6,2,35,6,1598,1,11,VAUXHALL ASTRA,3,E01000195,0,4
2024340WN3752,2024,340WN3752,1,9,0,-1,19,3,7,-1,0,0,0,0,1,2,1,1,-1,2,1,51,8,1796,1,15,VAUXHALL ASTRA,4,E01027238,0,2
2024311395500,2024,311395500,1,9,0,-1,19,6,2,-1,0,8,0,0,0,0,1,1,-1,6,1,32,6,1686,2,14,VAUXHALL ASTRA,4,E01028228,0,1
2024302400833,2024,302400833,1,9,0,12,12,4,8,0,0,8,0,0,0,0,3,1,6,6,1,32,6,1910,2,17,VAUXHALL ASTRA,2,E01019515,0,1
2024131452974,2024,131452974,1,9,0,-1,19,4,8,-1,0,8,0,0,0,0,4,1,-1,9,2,37,7,1910,2,17,VAUXHALL ASTRA,1,E01010822,0,1
2024141463124,2024,141463124,3,9,0,-1,2,0,0,-1,0,0,0,0,0,0,3,1,-1,6,-1,-1,-1,1956,2,14,VAUXHALL ASTRA,-1,-1,0,-1
2024010539750,2024,010539750,1,9,0,99,99,9,9,99,99,9,9,99,9,99,9,9,6,6,1,23,5,1399,1,8,VAUXHALL ASTRA,3,E01002638,0,2
2024531503732,2024,531503732,1,9,0,-1,5,1,5,-1,0,4,0,0,0,0,1,1,-1,9,1,69,10,1598,2,8,VAUXHALL ASTRA,2,E01022290,0,1
2024351511203,2024,351511203,1,9,0,-1,14,1,5,-1,0,0,0,0,0,0,1,1,-1,6,1,47,8,1398,1,12,VAUXHALL ASTRA,3,E01018073,0,1
2024991494502,2024,991494502,2,9,0,-1,19,8,2,-1,0,1,0,0,0,0,2,1,-1,6,2,70,10,1364,1,14,VAUXHALL ASTRA,2,-1,0,1
2024201442307,2024,201442307,1,9,0,-1,19,7,3,-1,0,8,0,0,0,0,1,1,-1,6,1,53,8,1364,1,9,VAUXHALL ASTRA,7,E01032170,0,1
2024041421145,2024,041421145,1,9,0,-1,19,7,3,-1,0,0,0,0,0,0,3,1,-1,2,1,53,8,1398,1,9,VAUXHALL ASTRA,2,E01025269,0,1
2024161477765,2024,161477765,2,9,0,-1,3,4,8,-1,0,0,0,0,0,0,2,1,-1,9,1,81,11,1598,2,7,VAUXHALL ASTRA,10,E01013275,0,1
2024231491015,2024,231491015,2,9,0,-1,19,8,4,-1,0,8,0,0,0,0,1,1,-1,1,2,38,7,1796,1,19,VAUXHALL ASTRA,1,E01031116,0,1
2024010535988,2024,010535988,3,9,0,2,2,0,0,0,0,1,0,0,0,0,3,1,6,6,3,-1,-1,1598,1,18,VAUXHALL ASTRA,-1,-1,0,-1
2024131461399,2024,131461399,2,9,0,-1,19,1,5,-1,0,8,0,0,0,0,1,1,-1,6,1,43,7,1598,2,8,VAUXHALL ASTRA,2,E01011900,0,1
2024101444166,2024,101444166,1,9,0,-1,3,1,5,-1,0,1,0,0,0,0,1,9,-1,6,2,-1,-1,1399,1,5,VAUXHALL ASTRA,-1,-1,0,-1
2024351452539,2024,351452539,1,9,0,-1,19,8,4,-1,0,0,0,0,0,0,1,1,-1,9,1,33,6,1598,1,14,VAUXHALL ASTRA,-1,-1,0,-1
2024461451090,2024,461451090,2,9,0,-1,19,-1,-1,-1,0,8,0,0,0,0,2,9,-1,6,1,60,9,1499,2,1,VAUXHALL ASTRA,4,E01024843,0,1
2024501493189,2024,501493189,2,9,0,-1,19,7,3,-1,0,0,0,0,0,0,2,1,-1,9,1,22,5,1398,1,12,VAUXHALL ASTRA,1,E01018910,0,2
202454E882224,2024,54E882224,1,9,0,9,9,7,3,0,0,6,1,7,1,11,3,1,6,6,2,76,11,1598,1,21,VAUXHALL ASTRA,5,E01032090,0,1
2024340NN1682,2024,340NN1682,1,9,0,-1,9,1,7,-1,0,5,0,0,0,0,4,1,-1,9,1,52,8,1796,1,15,VAUXHALL ASTRA,7,E01032963,0,1
2024501483242,2024,501483242,4,9,0,-1,2,0,0,-1,0,0,0,0,0,0,2,1,-1,6,1,51,8,1598,2,8,VAUXHALL ASTRA,4,E01020116,0,1
2024010489798,2024,010489798,2,9,0,18,19,7,3,0,0,1,0,0,7,11,1,1,3,7,2,23,5,1598,1,14,VAUXHALL ASTRA,-1,-1,0,-1
2024471409258,2024,471409258,2,9,0,-1,9,7,7,-1,0,2,0,0,0,0,3,1,-1,6,1,46,8,1686,2,21,VAUXHALL ASTRA,1,E01020982,0,1