collision_index,collision_year,collision_ref_no,vehicle_reference,vehicle_type,towing_and_articulation,vehicle_manoeuvre_historic,vehicle_manoeuvre,vehicle_direction_from,vehicle_direction_to,vehicle_location_restricted_lane_historic,vehicle_location_restricted_lane,junction_location,skidding_and_overturning,hit_object_in_carriageway,vehicle_leaving_carriageway,hit_object_off_carriageway,first_point_of_impact,vehicle_left_hand_drive,journey_purpose_of_driver_historic,journey_purpose_of_driver,sex_of_driver,age_of_driver,age_band_of_driver,engine_capacity_cc,propulsion_code,age_of_vehicle,generic_make_model,driver_imd_decile,lsoa_of_driver,escooter_flag,driver_distance_banding
2024531396927,2024,531396927,1,9,0,-1,19,1,5,-1,0,0,0,0,0,0,1,1,-1,2,1,59,9,1598,1,10,VAUXHALL ASTRA,8,E01022300,0,1
2024461498465,2024,461498465,1,9,0,-1,3,3,7,-1,0,0,0,0,0,0,1,9,-1,6,1,-1,-1,1364,1,8,VAUXHALL ASTRA,6,E01024022,0,1
2024201466723,2024,201466723,1,9,0,-1,19,6,2,-1,0,8,0,0,0,0,1,1,-1,6,1,43,7,1364,1,15,VAUXHALL ASTRA,7,E01009532,0,1
2024520500211,2024,520500211,1,9,0,3,3,5,1,0,0,1,0,0,0,0,2,1,6,6,1,62,9,1399,1,5,VAUXHALL ASTRA,8,E01014449,0,3
2024471518278,2024,471518278,1,9,0,-1,19,1,5,-1,0,1,0,0,0,0,4,1,-1,1,1,65,9,1598,2,5,VAUXHALL ASTRA,4,E01020935,0,4
2024201428050,2024,201428050,1,9,0,-1,13,6,2,-1,0,0,0,0,0,0,1,1,-1,6,1,-1,-1,1598,1,17,VAUXHALL ASTRA,-1,-1,0,-1
2024451459794,2024,451459794,1,9,0,-1,19,3,7,-1,0,0,0,0,1,4,2,1,-1,7,1,18,4,1364,1,7,VAUXHALL ASTRA,8,E01030859,0,2
2024430439377,2024,430439377,1,9,0,18,19,1,5,0,0,0,0,0,0,0,3,1,2,2,1,48,8,1796,1,16,VAUXHALL ASTRA,4,E01032858,0,4
2024552401436,2024,552401436,1,9,0,18,19,5,1,0,0,8,0,0,3,11,1,1,6,6,1,31,6,1598,1,16,VAUXHALL ASTRA,10,E01020559,0,3
2024070137849,2024,070137849,1,9,0,18,19,3,7,0,0,0,0,0,0,0,1,1,1,1,1,24,5,1398,1,11,VAUXHALL ASTRA,2,W01000378,0,4
2024991436505,2024,991436505,1,9,0,-1,1,1,5,-1,0,2,0,0,0,0,2,1,-1,6,1,35,6,1598,1,18,VAUXHALL ASTRA,-1,-1,0,-1
2024421535212,2024,421535212,2,9,0,-1,19,1,5,-1,0,8,0,0,0,0,1,1,-1,9,2,48,8,1598,1,16,VAUXHALL ASTRA,6,E01021930,0,1
202460Q089135,2024,60Q089135,1,9,0,18,19,8,4,0,0,0,0,0,0,0,1,1,6,6,1,-1,-1,1598,2,7,VAUXHALL ASTRA,-1,-1,0,-1
2024552400325,2024,552400325,1,9,0,1,1,1,5,0,0,0,0,0,0,0,4,1,1,1,1,23,5,1598,2,5,VAUXHALL ASTRA,5,E01020577,0,1
2024351522199,2024,351522199,4,9,0,-1,19,5,1,-1,0,0,5,0,1,11,4,1,-1,9,1,27,6,1598,8,1,VAUXHALL ASTRA,7,E01015678,0,2
2024201514249,2024,201514249,1,9,0,-1,5,3,7,-1,0,0,0,0,0,0,1,1,-1,9,1,26,6,1398,1,11,VAUXHALL ASTRA,1,E01008979,0,2
2024631511726,2024,631511726,1,9,0,-1,19,3,7,-1,0,0,1,0,1,10,1,1,-1,6,2,35,6,1598,1,16,VAUXHALL ASTRA,6,W01000471,0,1
2024421513351,2024,421513351,1,9,0,-1,19,3,7,-1,0,0,0,0,0,0,4,1,-1,6,1,-1,-1,1686,2,11,VAUXHALL ASTRA,5,E01021874,0,3
2024461496994,2024,461496994,1,9,0,-1,19,4,8,-1,0,0,1,0,0,0,1,1,-1,1,1,43,7,1598,1,6,VAUXHALL ASTRA,9,E01024720,0,1
2024371517614,2024,371517614,2,9,0,-1,3,3,7,-1,0,0,0,0,0,0,2,1,-1,9,1,54,8,1598,1,15,VAUXHALL ASTRA,8,E01021382,0,4
2024031441492,2024,031441492,1,9,0,-1,19,2,5,-1,0,1,0,0,0,0,1,1,-1,6,1,63,9,1364,1,8,VAUXHALL ASTRA,2,E01019138,0,1
2024461442388,2024,461442388,1,9,0,-1,10,5,4,-1,9,0,0,0,0,0,4,2,-1,9,1,78,11,-1,-1,-1,VAUXHALL ASTRA,8,E01016105,0,1
2024201531937,2024,201531937,1,9,0,-1,19,7,3,-1,0,0,0,0,0,0,1,1,-1,9,1,35,6,1398,1,9,VAUXHALL ASTRA,6,E01009681,0,1
2024541897424,2024,541897424,2,9,0,3,3,7,3,0,0,0,0,0,0,0,2,1,6,6,1,25,5,1399,1,5,VAUXHALL ASTRA,5,E01007152,0,5
2024221481099,2024,221481099,1,9,0,-1,7,5,7,-1,0,6,1,0,3,0,3,1,-1,6,1,39,7,1598,2,7,VAUXHALL ASTRA,2,E01009095,0,4
2024161416569,2024,161416569,1,9,0,-1,6,1,3,-1,0,1,0,0,0,0,3,1,-1,9,1,35,6,1598,1,16,VAUXHALL ASTRA,-1,-1,0,-1
2024520402403,2024,520402403,2,9,0,99,99,9,9,0,0,6,0,0,0,0,1,1,6,6,1,28,6,1598,1,17,VAUXHALL ASTRA,8,E01029182,0,4
2024311472511,2024,311472511,1,9,0,-1,19,5,1,-1,0,6,0,0,0,0,3,1,-1,6,2,76,11,1686,2,13,VAUXHALL ASTRA,6,E01028175,0,1
2024311399625,2024,311399625,2,9,0,-1,10,7,3,-1,0,0,0,0,0,0,1,1,-1,9,2,44,7,1598,1,14,VAUXHALL ASTRA,3,E01033397,0,1
2024141466601,2024,141466601,2,9,0,-1,4,2,6,-1,0,4,0,0,0,0,1,1,-1,2,1,64,9,1364,1,6,VAUXHALL ASTRA,8,E01008025,0,1
2024122401216,2024,122401216,2,9,0,18,19,1,5,0,0,8,0,0,0,0,1,1,6,6,1,21,5,1598,1,16,VAUXHALL ASTRA,8,E01027836,0,1
2024201495124,2024,201495124,1,9,0,-1,7,3,5,-1,0,1,0,0,0,0,1,1,-1,6,1,58,9,1598,1,9,VAUXHALL ASTRA,5,E01010014,0,1
2024440452469,2024,440452469,2,9,0,18,19,3,7,0,0,0,0,0,0,0,1,1,2,2,1,30,6,1598,2,7,VAUXHALL ASTRA,9,E01020384,0,4
2024440537624,2024,440537624,2,9,0,9,9,1,7,0,0,6,0,0,0,0,1,1,6,6,2,75,10,1389,1,20,VAUXHALL ASTRA,-1,-1,0,-1
2024991448123,2024,991448123,1,9,0,-1,19,4,8,-1,0,0,0,0,0,0,1,1,-1,9,2,68,10,1364,1,14,VAUXHALL ASTRA,3,-1,0,4
2024332400613,2024,332400613,3,9,0,-1,19,3,7,-1,0,1,0,0,1,7,1,1,-1,1,1,28,6,-1,-1,-1,VAUXHALL ASTRA,3,E01019838,0,4
2024010512199,2024,010512199,2,9,0,18,19,1,5,0,0,6,0,0,0,0,4,1,6,6,3,-1,-1,1598,2,9,VAUXHALL ASTRA,-1,-1,0,-1
2024351420346,2024,351420346,2,9,0,-1,4,7,3,-1,0,0,0,0,0,0,2,1,-1,2,1,56,9,1686,2,15,VAUXHALL ASTRA,2,E01015634,0,3
2024552401434,2024,552401434,1,9,0,5,5,8,6,0,0,4,0,0,0,0,1,1,2,2,2,40,7,1598,2,7,VAUXHALL ASTRA,1,E01020555,0,4
2024010498291,2024,010498291,3,9,0,2,2,0,0,9,9,1,0,0,7,0,2,1,6,6,3,-1,-1,1399,1,8,VAUXHALL ASTRA,-1,-1,0,-1
2024010526606,2024,010526606,3,9,0,18,19,5,1,0,0,0,0,0,0,0,0,1,1,1,1,30,6,1399,1,5,VAUXHALL ASTRA,5,E01002010,0,3
2024131489285,2024,131489285,1,9,0,-1,9,1,7,-1,0,8,0,0,0,0,3,1,-1,9,1,46,8,1598,1,15,VAUXHALL ASTRA,2,E01011043,0,1
2024010541851,2024,010541851,2,9,0,99,99,9,9,99,99,9,9,99,9,99,2,9,6,6,2,29,6,1364,1,11,VAUXHALL ASTRA,-1,-1,0,-1
2024622400581,2024,622400581,1,9,0,18,19,7,3,0,0,0,0,0,0,0,1,1,6,6,1,38,7,1598,1,15,VAUXHALL ASTRA,1,W01001704,0,2
2024101516743,2024,101516743,2,9,-1,-1,19,1,6,-1,0,0,0,0,0,0,4,9,-1,6,2,33,6,1956,2,12,VAUXHALL ASTRA,1,E01008664,0,1
2024111460735,2024,111460735,3,9,0,-1,4,2,5,-1,0,0,0,0,0,0,2,1,-1,6,1,22,5,1598,2,5,VAUXHALL ASTRA,10,E01012361,0,1
2024401471648,2024,401471648,2,9,0,-1,19,4,1,-1,0,3,0,0,0,0,4,1,-1,9,2,35,6,1364,1,15,VAUXHALL ASTRA,8,E01034434,0,1
2024471440420,2024,471440420,1,9,0,-1,4,7,3,-1,0,8,0,0,0,0,1,1,-1,9,1,17,4,1796,1,16,VAUXHALL ASTRA,2,E01022902,0,3
2024461538057,2024,461538057,1,9,0,-1,19,1,5,-1,0,1,1,0,0,0,1,9,-1,6,3,-1,-1,1398,1,10,VAUXHALL ASTRA,-1,-1,0,-1
2024201453425,2024,201453425,2,9,0,-1,19,3,7,-1,0,0,0,0,0,0,2,1,-1,6,1,29,6,1598,2,5,VAUXHALL ASTRA,4,E01034744,0,1
2024010536062,2024,010536062,2,9,0,13,13,7,3,0,0,0,0,0,0,0,3,1,6,6,1,40,7,1598,1,11,VAUXHALL ASTRA,8,E01030698,0,1
2024010505510,2024,010505510,1,9,0,99,99,9,9,99,99,0,9,99,9,99,1,9,6,6,2,35,6,1598,1,11,VAUXHALL ASTRA,2,E01004035,0,1
2024061504048,2024,061504048,1,9,-1,-1,-1,-1,-1,-1,-1,0,-1,-1,-1,0,-1,9,-1,6,3,-1,-1,1399,1,7,VAUXHALL ASTRA,-1,-1,0,-1
2024010535456,2024,010535456,2,9,0,15,15,3,7,0,0,6,0,0,1,0,4,1,6,6,1,48,8,1598,2,9,VAUXHALL ASTRA,2,E01001152,0,2
2024520402129,2024,520402129,2,9,0,5,5,4,2,0,0,6,0,0,0,0,1,1,6,6,1,71,10,1956,2,10,VAUXHALL ASTRA,2,E01029105,0,1
2024131418092,2024,131418092,1,9,0,-1,19,1,3,-1,0,1,0,0,0,0,4,1,-1,7,2,35,6,1364,1,10,VAUXHALL ASTRA,1,E01011623,0,1
2024221446283,2024,221446283,3,9,0,-1,19,3,7,-1,0,8,0,0,0,0,1,9,-1,6,2,59,9,1598,1,15,VAUXHALL ASTRA,4,E01028928,0,1
2024010501642,2024,010501642,2,9,9,99,99,9,9,99,99,9,9,99,9,99,9,9,6,6,3,-1,-1,1796,1,16,VAUXHALL ASTRA,6,E01032656,0,4
2024371506078,2024,371506078,1,9,-1,-1,-1,-1,-1,-1,-1,0,-1,-1,-1,0,1,9,-1,2,2,37,7,1598,1,12,VAUXHALL ASTRA,9,E01030239,0,1
2024311427626,2024,311427626,1,9,0,-1,19,1,2,-1,0,0,1,0,1,4,3,1,-1,6,1,18,4,1248,2,17,VAUXHALL ASTRA,-1,-1,0,-1
2024201520812,2024,201520812,1,9,0,-1,19,6,2,-1,0,0,0,10,0,0,1,9,-1,1,1,-1,-1,1598,2,9,VAUXHALL ASTRA,2,E01010479,0,1
2024320676490,2024,320676490,2,9,0,-1,-1,3,7,0,0,8,1,0,1,10,3,2,1,1,2,38,7,1598,1,15,VAUXHALL ASTRA,4,E01026028,0,2
2024052402665,2024,052402665,2,9,0,18,19,2,6,0,0,0,0,0,0,0,2,1,6,6,1,34,6,1399,1,8,VAUXHALL ASTRA,1,E01007207,0,1
2024061518772,2024,061518772,1,9,0,-1,9,1,7,-1,0,5,0,0,0,0,1,1,-1,6,1,33,6,1598,1,12,VAUXHALL ASTRA,-1,-1,0,-1
2024010499908,2024,010499908,3,9,0,18,19,1,5,0,0,1,0,0,0,0,0,1,6,6,1,24,5,1399,1,5,VAUXHALL ASTRA,-1,-1,0,-1
2024221503268,2024,221503268,2,9,0,-1,3,5,1,-1,0,0,0,0,0,0,2,9,-1,2,1,32,6,1598,1,17,VAUXHALL ASTRA,7,E01028919,0,2
2024552400944,2024,552400944,1,9,0,9,9,1,8,0,0,6,0,0,0,0,1,1,6,6,1,31,6,1399,1,7,VAUXHALL ASTRA,6,E01033856,0,4
2024010544249,2024,010544249,1,9,0,18,19,3,7,0,0,8,0,0,0,0,1,1,2,2,2,67,10,1364,1,14,VAUXHALL ASTRA,7,E01000340,0,1
2024520401728,2024,520401728,1,9,0,4,4,7,3,0,0,0,0,0,0,0,2,1,6,6,2,30,6,1598,1,16,VAUXHALL ASTRA,6,E01029224,0,4
2024010551059,2024,010551059,2,9,0,18,19,1,5,0,0,0,0,0,0,0,1,1,6,6,1,25,5,1598,1,20,VAUXHALL ASTRA,4,E01032784,0,1
2024552400813,2024,552400813,2,9,0,4,4,4,8,0,0,0,0,0,0,0,1,1,2,2,1,33,6,1598,1,23,VAUXHALL ASTRA,5,E01015296,0,2
2024201522616,2024,201522616,1,9,0,-1,19,3,7,-1,0,0,0,0,0,0,1,9,-1,6,1,-1,-1,1686,2,10,VAUXHALL ASTRA,-1,-1,0,-1
2024430575223,2024,430575223,1,9,0,18,19,4,8,0,0,1,0,0,1,7,1,1,2,2,2,23,5,1796,1,17,VAUXHALL ASTRA,6,E01017922,0,2
2024522401665,2024,522401665,2,9,0,4,4,5,1,0,0,0,0,0,0,0,1,1,6,6,1,34,6,1686,2,12,VAUXHALL ASTRA,-1,-1,0,-1
2024547591724,2024,547591724,1,9,0,5,5,7,3,0,0,6,0,0,0,0,1,1,1,1,2,22,5,1956,2,10,VAUXHALL ASTRA,6,E01032027,0,3
2024141396810,2024,141396810,1,9,0,-1,19,5,1,-1,0,0,0,0,0,0,2,1,-1,9,2,22,5,1598,1,16,VAUXHALL ASTRA,2,E01007535,0,2
2024010532695,2024,010532695,3,9,0,18,19,5,1,0,0,8,0,0,0,0,1,1,6,6,1,30,6,1399,1,7,VAUXHALL ASTRA,4,E01033930,0,2
2024010551450,2024,010551450,2,19,0,18,19,7,3,0,0,8,0,0,0,0,1,1,6,6,1,35,6,1364,1,17,VAUXHALL ASTRA,4,E01001582,0,2
2024010519936,2024,010519936,1,9,0,18,19,5,1,0,0,8,0,0,0,0,1,1,6,6,1,67,10,1598,1,11,VAUXHALL ASTRA,6,E01003392,0,1
2024061437205,2024,061437205,2,9,0,-1,4,7,3,-1,0,0,0,0,0,0,2,1,-1,6,2,38,7,1686,2,14,VAUXHALL ASTRA,-1,-1,0,-1
2024041400838,2024,041400838,1,9,0,-1,19,6,2,-1,0,0,0,0,7,11,1,1,-1,9,1,39,7,1956,2,11,VAUXHALL ASTRA,10,E01027712,0,4
2024061454750,2024,061454750,3,9,0,-1,3,5,5,-1,0,0,0,0,0,0,2,1,-1,6,2,39,7,1399,1,5,VAUXHALL ASTRA,1,E01034124,0,1
2024010503500,2024,010503500,2,9,0,99,99,9,9,99,99,9,9,99,9,99,9,9,6,6,3,-1,-1,1496,2,4,VAUXHALL ASTRA,-1,-1,0,-1
2024501525991,2024,501525991,1,9,0,-1,19,2,6,-1,0,0,1,0,0,0,1,1,-1,9,2,43,7,1686,2,12,VAUXHALL ASTRA,5,E01019887,0,2
2024010501919,2024,010501919,2,9,0,2,2,0,0,9,9,2,0,0,0,0,2,1,6,6,3,-1,-1,1598,1,11,VAUXHALL ASTRA,-1,-1,0,-1
2024991429786,2024,991429786,1,9,0,-1,19,7,3,-1,0,0,0,0,0,0,1,1,-1,9,1,66,10,1598,2,9,VAUXHALL ASTRA,1,-1,0,1
2024161477021,2024,161477021,2,9,0,-1,19,4,8,-1,0,2,0,0,0,0,1,1,-1,9,2,52,8,1364,1,14,VAUXHALL ASTRA,1,E01035467,0,1
2024411452803,2024,411452803,2,9,0,-1,19,7,3,-1,0,0,1,0,1,7,3,1,-1,6,2,57,9,1364,1,19,VAUXHALL ASTRA,4,E01021051,0,5
2024161453418,2024,161453418,2,19,0,-1,19,2,6,-1,0,0,0,0,0,0,1,1,-1,6,1,41,7,1686,2,12,VAUXHALL ASTRA,8,E01013024,0,1
2024461497547,2024,461497547,1,9,0,-1,19,3,7,-1,0,1,0,0,1,10,1,1,-1,6,1,58,9,1598,1,15,VAUXHALL ASTRA,4,E01035006,0,1
2024311405757,2024,311405757,1,9,0,-1,19,2,6,-1,0,0,0,0,0,0,2,1,-1,1,1,35,6,1499,2,1,VAUXHALL ASTRA,6,E01028392,0,3
2024401401694,2024,401401694,1,9,0,-1,19,5,1,-1,0,0,0,0,7,0,1,9,-1,6,1,21,5,1796,1,18,VAUXHALL ASTRA,7,E01016757,0,4
2024041439375,2024,041439375,1,9,0,-1,13,3,7,-1,0,1,0,0,0,0,1,1,-1,6,1,27,6,1910,2,16,VAUXHALL ASTRA,1,E01025287,0,1
2024501501921,2024,501501921,2,9,0,-1,13,3,7,-1,0,8,0,0,0,0,1,1,-1,9,2,28,6,1686,2,10,VAUXHALL ASTRA,4,E01020325,0,1
2024401432229,2024,401432229,2,9,0,-1,2,0,0,-1,0,2,0,0,0,0,2,1,-1,9,1,67,10,1598,1,17,VAUXHALL ASTRA,5,E01015748,0,1
2024501452514,2024,501452514,1,9,0,-1,19,3,7,-1,0,0,0,0,0,0,1,1,-1,9,1,46,8,1598,2,7,VAUXHALL ASTRA,4,E01018815,0,2
2024401576687,2024,401576687,1,9,0,-1,19,3,7,-1,0,0,0,0,0,0,1,1,-1,9,2,40,7,1364,1,15,VAUXHALL ASTRA,2,E01015738,0,1
2024010502386,2024,010502386,1,9,0,9,9,7,5,0,0,6,0,0,0,0,1,1,1,1,1,25,5,1496,2,3,VAUXHALL ASTRA,4,E01004426,0,1
2024311525158,2024,311525158,3,9,0,-1,10,6,4,-1,0,8,0,0,0,0,1,1,-1,6,2,58,9,1796,1,17,VAUXHALL ASTRA,3,E01013939,0,1
2024010498631,2024,010498631,2,9,0,18,19,1,5,0,0,2,0,0,0,0,1,1,6,6,1,74,10,1399,1,7,VAUXHALL ASTRA,9,E01000452,0,1
2024141466032,2024,141466032,2,9,0,-1,9,1,7,-1,0,8,0,0,0,0,1,1,-1,9,2,23,5,1398,1,11,VAUXHALL ASTRA,1,E01007945,0,1
2024552401412,2024,552401412,1,9,0,18,19,2,6,0,0,0,0,0,0,0,1,1,2,2,2,45,7,1686,2,11,VAUXHALL ASTRA,4,E01015345,0,1
2024161426153,2024,161426153,3,9,0,-1,19,7,3,-1,0,0,0,0,0,0,2,1,-1,9,1,38,7,1956,2,12,VAUXHALL ASTRA,4,E01007850,0,4
2024010501733,2024,010501733,2,9,0,99,99,9,9,99,99,0,9,99,9,99,1,9,6,6,3,-1,-1,1598,1,13,VAUXHALL ASTRA,-1,-1,0,-1
2024010549742,2024,010549742,1,9,9,99,99,9,9,99,99,9,9,99,9,99,2,9,6,6,3,-1,-1,1796,1,17,VAUXHALL ASTRA,-1,-1,0,-1
2024010506549,2024,010506549,1,9,0,5,5,7,3,0,0,2,0,0,0,0,1,1,2,2,1,59,9,1598,1,11,VAUXHALL ASTRA,6,E01004086,0,2
2024010515027,2024,010515027,2,9,0,18,19,3,7,0,0,8,0,0,0,0,4,1,3,7,2,44,7,1598,1,11,VAUXHALL ASTRA,2,E01002872,0,1
2024522402997,2024,522402997,2,9,0,2,2,0,0,2,2,0,0,0,0,0,3,1,6,6,2,44,7,1796,1,15,VAUXHALL ASTRA,4,E01014623,0,1
2024451480654,2024,451480654,1,9,0,-1,7,7,3,-1,0,1,0,0,0,0,1,1,-1,9,2,49,8,1598,1,18,VAUXHALL ASTRA,9,E01030846,0,1
2024421396284,2024,421396284,2,9,0,-1,19,6,2,-1,0,1,0,0,0,0,2,1,-1,1,2,47,8,1598,2,8,VAUXHALL ASTRA,7,E01021544,0,4
2024451480174,2024,451480174,1,9,0,-1,14,1,5,-1,0,1,0,0,0,0,0,1,-1,9,2,26,6,1598,2,6,VAUXHALL ASTRA,9,E01030830,0,4
2024052401068,2024,052401068,1,9,0,4,4,6,8,0,0,0,0,0,0,0,0,1,6,6,1,51,8,1399,1,8,VAUXHALL ASTRA,2,E01034832,0,2
2024201414937,2024,201414937,2,9,0,-1,3,4,8,-1,0,8,0,0,0,0,2,1,-1,6,2,56,9,1598,1,11,VAUXHALL ASTRA,1,E01034309,0,2
2024010545947,2024,010545947,2,9,9,99,99,9,9,9,9,6,9,99,9,99,9,9,6,6,3,22,5,1598,1,13,VAUXHALL ASTRA,6,E01001908,0,2
2024161518632,2024,161518632,2,8,0,-1,19,1,5,-1,0,0,1,0,7,11,1,9,-1,1,1,-1,-1,1399,1,7,VAUXHALL ASTRA,-1,-1,0,-1
2024451530197,2024,451530197,2,9,0,-1,19,3,7,-1,0,8,0,0,0,0,4,1,-1,9,2,32,6,1598,1,14,VAUXHALL ASTRA,10,E01030585,0,1
2024522401454,2024,522401454,2,9,0,9,9,4,2,0,0,6,0,0,0,0,3,1,6,6,1,-1,-1,1956,2,9,VAUXHALL ASTRA,2,E01014578,0,1
2024351471915,2024,351471915,2,9,0,-1,3,4,1,-1,0,1,0,0,0,0,2,1,-1,6,2,47,8,1364,1,17,VAUXHALL ASTRA,9,E01018205,0,2
2024991414289,2024,991414289,2,9,0,-1,19,2,6,-1,0,0,0,0,0,0,3,1,-1,2,1,53,8,1598,2,6,VAUXHALL ASTRA,7,-1,0,1
2024061438737,2024,061438737,1,9,0,-1,19,4,8,-1,0,0,5,7,0,0,4,1,-1,9,1,22,5,1398,1,12,VAUXHALL ASTRA,4,E01006049,0,1
2024332400553,2024,332400553,2,9,0,-1,19,2,6,-1,0,1,0,0,0,0,1,1,-1,6,3,-1,-1,1910,2,17,VAUXHALL ASTRA,-1,-1,0,-1
2024501405018,2024,501405018,1,9,0,-1,19,3,7,-1,0,1,0,0,0,0,1,2,-1,9,1,66,10,1399,1,7,VAUXHALL ASTRA,1,E01019033,0,1
2024401527547,2024,401527547,3,9,0,-1,2,0,0,-1,0,0,0,0,0,0,3,1,-1,6,-1,31,6,1364,1,15,VAUXHALL ASTRA,1,E01015732,0,1
2024201535189,2024,201535189,2,9,0,-1,19,1,5,-1,0,0,0,0,0,0,1,1,-1,6,1,71,10,1686,2,14,VAUXHALL ASTRA,3,E01010422,0,1
2024122500150,2024,122500150,1,9,0,7,7,8,3,0,0,4,0,0,0,0,1,1,2,2,1,25,5,1364,1,14,VAUXHALL ASTRA,1,E01035190,0,4
2024211491531,2024,211491531,1,9,0,-1,15,3,1,-1,0,0,0,0,0,0,3,1,-1,9,1,25,5,1686,2,12,VAUXHALL ASTRA,-1,-1,0,-1
2024101531210,2024,101531210,1,9,0,-1,19,1,1,-1,0,0,0,0,0,0,1,1,-1,9,2,29,6,1398,1,13,VAUXHALL ASTRA,1,E01027431,0,3
2024631506731,2024,631506731,1,9,0,-1,19,3,6,-1,0,0,0,0,1,11,4,1,-1,2,2,21,5,1364,1,16,VAUXHALL ASTRA,6,W01000709,0,2
2024631520796,2024,631520796,2,9,0,-1,19,5,2,-1,0,2,0,0,0,0,3,1,-1,9,1,28,6,1598,1,10,VAUXHALL ASTRA,5,W01000543,0,4
2024320485193,2024,320485193,1,9,0,-1,-1,2,6,0,0,2,0,0,0,0,3,1,6,6,1,31,6,1686,2,11,VAUXHALL ASTRA,7,E01026236,0,1
2024421452692,2024,421452692,1,9,0,-1,4,3,3,-1,0,0,0,0,0,0,1,1,-1,1,1,33,6,1956,2,12,VAUXHALL ASTRA,1,E01021323,0,1
2024052400752,2024,052400752,1,9,0,9,9,3,1,0,0,8,0,0,0,0,1,1,2,2,1,59,9,1364,1,15,VAUXHALL ASTRA,1,E01006412,0,1
2024010548335,2024,010548335,3,9,0,18,19,1,5,0,0,0,0,0,0,0,1,1,6,6,1,32,6,1598,1,13,VAUXHALL ASTRA,8,E01023875,0,3
2024201457739,2024,201457739,5,9,0,-1,19,6,8,-1,0,2,0,0,0,0,2,1,-1,6,1,27,6,1199,1,1,VAUXHALL ASTRA,2,E01010264,0,1
2024311419544,2024,311419544,1,9,0,-1,19,3,7,-1,0,0,1,0,0,0,1,1,-1,9,1,20,4,1364,1,9,VAUXHALL ASTRA,1,E01028066,0,1
2024401402565,2024,401402565,1,9,0,-1,7,1,5,-1,0,1,0,0,0,0,1,9,-1,6,-1,50,8,1598,1,19,VAUXHALL ASTRA,1,E01015732,0,1
2024010542217,2024,010542217,1,9,0,10,10,5,2,0,0,1,0,0,0,0,1,1,6,6,1,32,6,1796,1,17,VAUXHALL ASTRA,2,E01000033,0,1
2024131456014,2024,131456014,2,9,0,-1,19,1,5,-1,0,0,0,0,0,0,2,1,-1,2,1,57,9,1598,2,6,VAUXHALL ASTRA,2,E01011813,0,3
2024531520893,2024,531520893,1,9,0,-1,15,7,3,-1,0,8,5,0,0,0,4,1,-1,9,1,19,4,1796,1,16,VAUXHALL ASTRA,7,E01032412,0,2
2024010521094,2024,010521094,1,9,0,18,19,5,1,0,0,0,0,0,0,0,0,2,1,1,1,34,6,1598,2,8,VAUXHALL ASTRA,4,E01032639,0,1
2024131483422,2024,131483422,1,9,0,-1,15,8,4,-1,0,3,0,0,0,0,-1,1,-1,6,3,-1,-1,1686,2,10,VAUXHALL ASTRA,-1,-1,0,-1
2024451427470,2024,451427470,1,9,0,-1,19,5,1,-1,0,0,0,0,0,0,1,1,-1,2,1,34,6,1199,1,3,VAUXHALL ASTRA,10,E01031654,0,3
2024070402699,2024,070402699,2,9,0,3,3,7,3,0,0,0,0,0,0,0,2,1,6,6,1,32,6,1910,2,16,VAUXHALL ASTRA,2,E01026170,0,5
2024311466653,2024,311466653,1,9,0,-1,19,8,4,-1,0,0,0,0,0,0,2,1,-1,9,1,49,8,1598,2,7,VAUXHALL ASTRA,7,E01028182,0,2
2024111404740,2024,111404740,2,9,0,-1,9,1,8,-1,0,1,0,0,0,0,4,1,-1,2,1,19,4,1399,1,8,VAUXHALL ASTRA,1,E01020898,0,1
2024231414529,2024,231414529,1,9,0,-1,19,8,4,-1,0,0,0,0,0,0,1,9,-1,7,2,25,5,1686,2,9,VAUXHALL ASTRA,8,E01031083,0,1
2024431439966,2024,431439966,1,9,0,-1,19,7,3,-1,0,0,5,4,0,0,1,1,-1,2,1,20,4,1398,1,12,VAUXHALL ASTRA,5,E01022539,0,4
2024041469391,2024,041469391,1,9,0,-1,11,3,7,-1,0,0,0,0,0,0,4,1,-1,9,1,91,11,1364,1,15,VAUXHALL ASTRA,1,E01012702,0,1
2024430259375,2024,430259375,1,9,0,9,9,5,3,0,0,8,0,0,0,0,1,1,6,6,1,22,5,1199,1,0,VAUXHALL ASTRA,-1,-1,0,-1
2024010524291,2024,010524291,2,9,0,18,19,6,2,0,0,0,0,0,0,0,4,1,6,6,1,78,11,1598,1,26,VAUXHALL ASTRA,8,E01003202,0,1
2024311525957,2024,311525957,3,9,0,-1,19,3,3,-1,0,0,0,0,0,0,2,1,-1,9,1,26,6,1598,1,12,VAUXHALL ASTRA,3,E01029409,0,4
2024320130855,2024,320130855,1,9,0,9,9,2,8,0,0,5,0,0,0,0,1,1,-1,-1,2,40,7,1956,2,14,VAUXHALL ASTRA,7,E01034684,0,4
2024430426156,2024,430426156,2,9,0,9,9,4,2,0,0,6,0,0,0,0,1,1,6,6,1,-1,-1,1598,1,19,VAUXHALL ASTRA,-1,-1,0,-1
2024440407813,2024,440407813,2,9,0,2,2,0,0,0,0,2,0,0,0,0,2,1,6,6,1,55,8,1499,2,1,VAUXHALL ASTRA,-1,-1,0,-1
2024010550667,2024,010550667,5,9,0,18,19,7,3,0,0,0,0,0,0,0,1,1,6,6,1,22,5,1399,1,7,VAUXHALL ASTRA,-1,-1,0,-1