collision_index,collision_year,collision_ref_no,vehicle_reference,vehicle_type,towing_and_articulation,vehicle_manoeuvre_historic,vehicle_manoeuvre,vehicle_direction_from,vehicle_direction_to,vehicle_location_restricted_lane_historic,vehicle_location_restricted_lane,junction_location,skidding_and_overturning,hit_object_in_carriageway,vehicle_leaving_carriageway,hit_object_off_carriageway,first_point_of_impact,vehicle_left_hand_drive,journey_purpose_of_driver_historic,journey_purpose_of_driver,sex_of_driver,age_of_driver,age_band_of_driver,engine_capacity_cc,propulsion_code,age_of_vehicle,generic_make_model,driver_imd_decile,lsoa_of_driver,escooter_flag,driver_distance_banding
2024371406844,2024,371406844,1,9,0,-1,7,3,7,-1,0,5,0,0,0,0,4,1,-1,9,2,26,6,1398,1,11,VAUXHALL ASTRA,2,E01026601,0,3
2024371487426,2024,371487426,3,9,0,-1,19,7,3,-1,0,0,0,0,0,0,3,1,-1,1,1,34,6,1598,8,2,VAUXHALL ASTRA,6,E01018042,0,4
2024471521817,2024,471521817,1,9,0,-1,19,4,8,-1,0,1,0,0,0,0,1,1,-1,2,2,38,7,1796,1,19,VAUXHALL ASTRA,7,E01020970,0,1
2024520401947,2024,520401947,2,9,0,17,19,6,2,0,0,0,0,0,0,0,1,1,6,6,1,53,8,-1,-1,-1,VAUXHALL ASTRA,8,E01029188,0,3
2024320198696,2024,320198696,2,9,0,3,3,4,8,0,0,2,0,0,0,0,2,1,-1,-1,2,64,9,1398,1,11,VAUXHALL ASTRA,3,E01003089,0,5
2024361533777,2024,361533777,1,9,0,-1,19,1,5,-1,0,0,0,0,1,0,1,1,-1,6,1,23,5,1598,1,16,VAUXHALL ASTRA,3,E01030234,0,4
2024461420092,2024,461420092,1,9,0,-1,19,5,8,-1,0,3,0,0,0,0,1,9,-1,6,1,77,11,1796,1,19,VAUXHALL ASTRA,7,E01027738,0,5
2024501467652,2024,501467652,1,9,0,-1,1,7,3,-1,0,1,0,0,7,10,2,1,-1,9,1,21,5,1598,1,17,VAUXHALL ASTRA,6,E01015123,0,2
2024991406815,2024,991406815,1,9,0,-1,19,5,1,-1,0,8,1,0,0,0,1,1,-1,7,2,29,6,1956,2,11,VAUXHALL ASTRA,7,-1,0,1
2024061521070,2024,061521070,1,9,0,-1,19,3,7,-1,0,0,0,0,0,0,1,1,-1,1,2,53,8,1398,1,9,VAUXHALL ASTRA,7,E01004974,0,1
2024122400387,2024,122400387,2,9,0,18,19,8,4,0,0,0,0,0,0,0,1,1,2,2,2,19,4,1399,1,5,VAUXHALL ASTRA,3,E01027833,0,1
2024010534111,2024,010534111,1,9,0,4,4,7,3,0,0,1,0,0,0,0,2,1,1,1,1,44,7,1598,1,14,VAUXHALL ASTRA,2,E01002314,0,3
2024471448105,2024,471448105,2,9,0,-1,19,1,5,-1,0,1,0,0,0,0,1,1,-1,9,2,30,6,1598,1,12,VAUXHALL ASTRA,7,E01031661,0,4
2024991453325,2024,991453325,1,9,0,-1,19,3,8,-1,0,0,0,0,1,9,1,1,-1,9,2,37,7,1598,1,13,VAUXHALL ASTRA,2,-1,0,4
2024991454869,2024,991454869,1,9,0,-1,19,3,7,-1,0,1,0,0,0,0,1,1,-1,9,1,36,7,1796,1,15,VAUXHALL ASTRA,9,-1,0,1
2024201564112,2024,201564112,2,9,0,-1,6,4,4,-1,0,6,0,0,0,0,3,1,-1,2,1,35,6,1598,1,18,VAUXHALL ASTRA,3,E01009928,0,1
2024501522449,2024,501522449,1,9,0,-1,19,4,8,-1,0,1,1,0,0,0,1,1,-1,9,1,28,6,1998,1,14,VAUXHALL ASTRA,4,E01018920,0,1
2024552400470,2024,552400470,1,9,0,18,19,4,8,0,0,0,0,0,0,0,1,1,6,6,1,33,6,1598,1,10,VAUXHALL ASTRA,5,E01015372,0,1
2024231535008,2024,231535008,2,9,0,-1,2,0,0,-1,0,0,0,0,0,0,2,1,-1,6,1,27,6,1399,1,7,VAUXHALL ASTRA,4,E01031060,0,1
2024320708156,2024,320708156,1,9,0,-1,-1,3,7,0,0,0,1,0,1,9,1,1,-1,-1,2,28,6,1598,1,16,VAUXHALL ASTRA,1,E01026115,0,1
2024010547731,2024,010547731,2,9,0,99,99,9,9,99,99,9,9,99,9,99,1,9,6,6,2,33,6,1399,1,6,VAUXHALL ASTRA,5,E01001038,0,1
2024010502116,2024,010502116,3,9,0,18,19,7,3,0,0,0,9,99,9,99,1,2,6,6,1,59,9,1364,1,8,VAUXHALL ASTRA,9,E01033022,0,4
2024351405551,2024,351405551,1,9,0,-1,19,1,5,-1,0,0,0,0,0,0,1,9,-1,6,3,-1,-1,1399,1,8,VAUXHALL ASTRA,-1,-1,0,-1
202454C960524,2024,54C960524,1,9,0,2,2,0,0,0,0,1,0,0,0,0,1,1,6,6,1,18,4,1598,1,17,VAUXHALL ASTRA,9,E01031883,0,1
2024461532303,2024,461532303,2,9,0,-1,13,5,1,-1,0,0,0,0,0,0,2,1,-1,6,1,40,7,1598,1,17,VAUXHALL ASTRA,5,E01021263,0,4
2024031463152,2024,031463152,1,9,0,-1,19,1,5,-1,0,0,0,0,0,0,4,1,-1,9,2,85,11,-1,-1,-1,VAUXHALL ASTRA,5,E01019259,0,1
2024401487213,2024,401487213,2,9,0,-1,4,2,6,-1,0,8,0,0,0,0,1,1,-1,6,1,20,4,1398,1,11,VAUXHALL ASTRA,3,E01015788,0,1
2024501467083,2024,501467083,1,9,0,-1,19,1,5,-1,0,0,0,11,0,0,1,1,-1,6,1,82,11,1796,1,18,VAUXHALL ASTRA,4,E01018844,0,5
2024421507073,2024,421507073,6,9,0,-1,2,0,0,-1,0,0,0,0,0,0,3,1,-1,6,3,-1,-1,1598,1,8,VAUXHALL ASTRA,-1,-1,0,-1
2024401476788,2024,401476788,2,9,0,-1,19,1,5,-1,0,0,0,0,0,0,4,1,-1,6,2,38,7,1910,2,16,VAUXHALL ASTRA,1,E01016811,0,4
2024211426540,2024,211426540,2,9,0,-1,2,0,0,-1,0,0,0,0,0,0,3,1,-1,6,2,38,7,1796,1,18,VAUXHALL ASTRA,4,E01014369,0,2
2024991415899,2024,991415899,2,9,0,-1,19,2,6,-1,0,8,0,0,0,0,1,1,-1,6,2,46,8,1364,1,7,VAUXHALL ASTRA,3,-1,0,1
2024201527222,2024,201527222,2,9,0,-1,19,1,4,-1,0,8,1,0,0,0,1,1,-1,9,1,29,6,1364,1,14,VAUXHALL ASTRA,2,E01010103,0,1
2024610034024,2024,610034024,2,9,0,18,19,3,7,0,0,8,0,0,0,0,1,1,6,6,1,54,8,1398,1,10,VAUXHALL ASTRA,2,W01001481,0,1
2024991485866,2024,991485866,2,9,0,-1,19,8,3,-1,0,8,0,0,0,0,1,1,-1,9,2,68,10,1796,1,16,VAUXHALL ASTRA,5,-1,0,5
2024461470273,2024,461470273,1,9,0,-1,19,3,7,-1,0,1,0,0,0,0,1,1,-1,6,1,24,5,1598,1,15,VAUXHALL ASTRA,-1,-1,0,-1
2024302401193,2024,302401193,2,9,0,17,19,8,5,0,0,8,0,0,0,0,4,1,6,6,2,40,7,1796,1,16,VAUXHALL ASTRA,6,E01033296,0,4
2024361479191,2024,361479191,1,9,0,-1,19,3,7,-1,0,8,0,0,0,0,1,1,-1,9,1,19,4,1598,1,12,VAUXHALL ASTRA,6,E01026863,0,1
2024111424954,2024,111424954,2,9,0,-1,19,1,5,-1,0,1,0,0,0,0,4,1,-1,2,2,61,9,1686,2,13,VAUXHALL ASTRA,2,E01020878,0,2
2024522402937,2024,522402937,1,9,0,5,5,1,5,0,0,6,0,0,0,0,1,1,6,6,1,26,6,1598,1,9,VAUXHALL ASTRA,8,E01032679,0,1
2024471418607,2024,471418607,1,9,0,-1,19,7,3,-1,0,0,0,0,1,11,1,1,-1,7,2,44,7,1956,2,13,VAUXHALL ASTRA,1,E01016885,0,1
202417L203024,2024,17L203024,1,9,0,18,19,3,7,0,0,5,0,0,3,0,3,1,1,1,1,18,4,1598,1,15,VAUXHALL ASTRA,1,E01033471,0,1
2024221431708,2024,221431708,1,9,0,-1,7,8,2,-1,0,4,0,0,0,0,4,1,-1,6,2,62,9,1398,1,13,VAUXHALL ASTRA,1,E01014116,0,1
2024631424708,2024,631424708,1,9,0,-1,13,2,6,-1,0,0,0,0,7,10,4,1,-1,9,1,25,5,1399,1,5,VAUXHALL ASTRA,6,W01002002,0,4
2024141457947,2024,141457947,1,9,0,-1,19,2,6,-1,0,0,0,0,0,0,1,2,-1,7,1,39,7,1399,1,7,VAUXHALL ASTRA,6,E01007706,0,1
2024141472551,2024,141472551,2,9,0,-1,19,5,1,-1,0,0,0,0,0,0,1,1,-1,9,1,32,6,1598,1,16,VAUXHALL ASTRA,7,E01011069,0,4
2024231523029,2024,231523029,1,9,0,-1,19,4,8,-1,0,0,2,0,4,0,1,1,-1,9,1,31,6,1796,1,15,VAUXHALL ASTRA,4,E01033567,0,4
2024501461669,2024,501461669,1,9,0,-1,19,3,7,-1,0,8,0,0,0,0,1,9,-1,6,1,26,6,1598,1,16,VAUXHALL ASTRA,6,E01014558,0,5
2024101476138,2024,101476138,2,9,0,-1,19,7,3,-1,0,1,0,0,0,0,1,1,-1,9,2,59,9,1598,1,12,VAUXHALL ASTRA,3,E01008511,0,1
2024010509739,2024,010509739,2,9,0,9,9,1,7,0,0,1,0,0,0,0,3,1,6,6,2,28,6,1796,1,17,VAUXHALL ASTRA,7,E01004143,0,1
2024471471616,2024,471471616,1,9,0,-1,19,2,6,-1,0,0,0,0,0,0,3,1,-1,7,2,32,6,1956,2,14,VAUXHALL ASTRA,1,E01016942,0,2
2024351507867,2024,351507867,1,5,0,-1,19,1,5,-1,0,1,0,0,0,0,1,1,-1,6,1,33,6,397,1,8,MAKE AND MODEL REDACTED,1,E01015637,0,2
2024430306707,2024,430306707,1,5,0,18,19,7,3,0,0,0,1,0,0,0,0,1,6,6,1,77,11,654,1,-1,MAKE AND MODEL REDACTED,9,E01017714,0,3
2024991469344,2024,991469344,1,4,0,-1,19,1,5,-1,0,1,0,0,0,0,1,1,-1,6,1,69,10,441,1,54,MAKE AND MODEL REDACTED,8,-1,0,3
202460Q139402,2024,60Q139402,1,4,0,18,19,5,1,0,0,0,1,12,0,0,1,1,6,6,1,57,9,495,1,-1,MAKE AND MODEL REDACTED,-1,-1,0,-1
2024501534811,2024,501534811,1,4,0,-1,19,1,5,-1,0,0,1,0,0,0,3,1,-1,9,1,69,10,500,1,66,MAKE AND MODEL REDACTED,7,E01032628,0,3
2024522401975,2024,522401975,1,5,0,9,9,6,2,0,0,1,0,0,0,0,1,1,6,6,1,62,9,650,1,-1,MAKE AND MODEL REDACTED,8,E01014847,0,1
2024471436210,2024,471436210,2,9,0,-1,9,7,3,-1,-1,0,0,0,0,0,1,1,-1,9,2,49,8,2497,1,1,MAKE AND MODEL REDACTED,7,E01031478,0,1
2024052402201,2024,052402201,1,9,0,18,19,5,1,0,0,8,0,0,0,0,1,1,6,6,1,54,8,2151,2,1,MAKE AND MODEL REDACTED,10,E01004950,0,4
2024340NN1222,2024,340NN1222,1,5,0,-1,19,2,6,-1,0,0,0,0,7,4,4,1,-1,9,1,60,9,1450,1,19,MAKE AND MODEL REDACTED,2,E01027155,0,3
2024451510159,2024,451510159,1,5,0,-1,9,5,1,-1,0,4,0,0,0,0,3,1,-1,1,1,35,6,1340,1,27,MAKE AND MODEL REDACTED,7,E01030429,0,3
2024131472470,2024,131472470,2,5,0,-1,3,7,3,-1,0,4,0,0,0,0,2,1,-1,9,1,63,9,1450,1,22,MAKE AND MODEL REDACTED,2,E01011223,0,3
2024631436760,2024,631436760,1,5,0,-1,19,5,1,-1,0,4,1,0,3,10,0,1,-1,6,1,33,6,883,1,23,MAKE AND MODEL REDACTED,10,W01001533,0,4
2024221412348,2024,221412348,1,5,0,-1,19,3,7,-1,0,0,1,0,0,0,4,1,-1,6,1,64,9,883,1,23,MAKE AND MODEL REDACTED,9,E01032337,0,3
2024471482792,2024,471482792,2,5,0,-1,14,5,1,-1,0,1,0,0,0,0,1,1,-1,6,1,30,6,883,1,18,MAKE AND MODEL REDACTED,7,E01021182,0,2
2024411515598,2024,411515598,2,5,-1,-1,-1,-1,-1,-1,-1,0,-1,-1,-1,0,-1,1,-1,6,1,63,9,883,1,25,MAKE AND MODEL REDACTED,6,E01023601,0,1
2024471475710,2024,471475710,2,5,0,-1,19,3,7,-1,0,0,0,0,0,0,1,1,-1,9,1,55,8,1200,1,24,MAKE AND MODEL REDACTED,9,E01017003,0,1
2024522403156,2024,522403156,1,5,0,18,19,2,6,0,0,0,0,0,0,0,1,1,6,6,1,69,10,883,1,22,MAKE AND MODEL REDACTED,10,E01014875,0,1
2024101426922,2024,101426922,1,5,0,-1,9,1,5,-1,0,0,0,0,1,0,4,1,-1,9,1,74,10,883,1,16,MAKE AND MODEL REDACTED,3,E01008857,0,4
2024471480888,2024,471480888,1,5,0,-1,14,5,1,-1,-1,0,0,0,0,0,4,1,-1,9,1,66,10,1200,1,24,MAKE AND MODEL REDACTED,9,E01004098,0,4
2024471457208,2024,471457208,2,5,0,-1,19,1,5,-1,0,0,0,0,0,0,1,1,-1,9,1,34,6,883,1,21,MAKE AND MODEL REDACTED,10,E01031740,0,1
2024010529230,2024,010529230,2,3,0,18,19,5,1,0,0,0,5,0,0,0,2,1,6,6,1,24,5,125,1,12,MAKE AND MODEL REDACTED,5,E01033457,0,4
2024131440868,2024,131440868,2,3,0,-1,19,1,5,-1,0,8,0,0,0,0,1,1,-1,6,1,17,4,125,1,13,MAKE AND MODEL REDACTED,9,E01011847,0,1
2024221462585,2024,221462585,2,3,0,-1,9,5,3,-1,0,0,0,0,0,0,3,1,-1,6,1,73,10,125,1,13,MAKE AND MODEL REDACTED,1,E01032469,0,1
2024231414686,2024,231414686,2,5,0,-1,19,4,8,-1,0,8,0,0,0,0,4,1,-1,6,1,61,9,647,1,6,MAKE AND MODEL REDACTED,2,E01013678,0,4
2024421415192,2024,421415192,2,98,0,-1,2,0,0,-1,0,0,0,0,0,0,2,1,-1,6,-1,-1,-1,3920,2,23,MAKE AND MODEL REDACTED,-1,-1,0,-1
2024111404831,2024,111404831,2,10,0,-1,3,2,4,-1,0,1,0,0,0,0,2,9,-1,1,2,57,9,-1,-1,-1,MAKE AND MODEL REDACTED,4,E01034489,0,1
2024101441454,2024,101441454,1,19,0,-1,19,1,5,-1,0,1,0,0,0,0,1,9,-1,6,3,75,10,5861,2,29,MAKE AND MODEL REDACTED,-1,-1,0,-1
2024131458571,2024,131458571,2,20,0,-1,19,5,1,-1,0,8,2,0,1,0,1,1,-1,9,1,52,8,5861,2,24,MAKE AND MODEL REDACTED,2,E01011851,0,4
2024461472226,2024,461472226,1,19,0,-1,19,8,4,-1,0,0,0,0,0,0,0,2,-1,1,1,29,6,-1,-1,-1,MAKE AND MODEL REDACTED,-1,-1,0,-1
2024552400351,2024,552400351,1,9,0,18,19,8,4,0,0,8,0,0,0,0,1,1,6,6,1,55,8,1599,1,19,MAKE AND MODEL REDACTED,5,E01023026,0,3
2024531506573,2024,531506573,1,9,0,-1,12,6,2,-1,0,0,0,0,0,0,3,9,-1,6,1,-1,-1,1599,1,19,MAKE AND MODEL REDACTED,10,E01022130,0,1
2024531465669,2024,531465669,1,9,0,-1,15,5,1,-1,0,1,0,0,0,0,4,1,-1,6,1,82,11,1599,1,19,MAKE AND MODEL REDACTED,3,E01022132,0,1
2024122400119,2024,122400119,2,9,0,3,3,3,7,0,0,1,0,0,0,0,2,1,6,6,2,25,5,1999,2,6,LAND ROVER RANGE ROVER VELAR,7,E01027921,0,3
2024010507685,2024,010507685,1,9,0,9,9,5,3,0,0,6,0,0,3,0,3,2,6,6,2,37,7,2993,2,4,LAND ROVER RANGE ROVER VELAR,2,E01000040,0,4
2024361461127,2024,361461127,3,9,0,-1,19,7,3,-1,0,0,0,0,0,0,1,1,-1,9,2,30,6,1999,2,7,LAND ROVER RANGE ROVER VELAR,4,E01026884,0,2
2024061406672,2024,061406672,1,9,-1,-1,-1,-1,-1,-1,-1,0,-1,-1,-1,0,-1,9,-1,6,2,-1,-1,1999,2,6,LAND ROVER RANGE ROVER VELAR,-1,-1,0,-1
2024010504764,2024,010504764,1,9,0,18,19,3,7,0,0,2,0,0,0,0,3,1,6,6,2,52,8,1997,1,6,LAND ROVER RANGE ROVER VELAR,9,E01002472,0,1
2024010512366,2024,010512366,1,9,0,9,9,3,8,0,0,2,0,0,0,0,4,1,6,6,2,64,9,1997,1,6,LAND ROVER RANGE ROVER VELAR,2,E01002748,0,1
2024411412744,2024,411412744,1,9,0,-1,19,2,5,-1,0,0,0,11,0,0,1,1,-1,7,1,35,6,1997,8,1,LAND ROVER RANGE ROVER VELAR,5,E01023399,0,3
2024501414809,2024,501414809,2,9,0,-1,19,7,3,-1,0,0,0,0,0,0,1,1,-1,6,1,74,10,2993,2,5,LAND ROVER RANGE ROVER VELAR,7,E01015223,0,2
2024471458252,2024,471458252,3,9,0,-1,3,3,7,-1,0,0,0,0,0,0,1,1,-1,6,1,43,7,1997,8,1,LAND ROVER RANGE ROVER VELAR,5,E01031373,0,2
2024461532672,2024,461532672,1,9,0,-1,19,7,3,-1,0,1,0,0,0,0,1,9,-1,6,1,43,7,1999,2,6,LAND ROVER RANGE ROVER VELAR,5,E01035271,0,1
2024041468265,2024,041468265,1,9,0,-1,19,1,1,-1,0,1,0,4,0,0,1,1,-1,6,1,49,8,1998,2,3,LAND ROVER RANGE ROVER VELAR,2,E01006948,0,3
2024501414830,2024,501414830,1,9,0,-1,19,4,8,-1,0,0,0,0,6,0,1,1,-1,6,1,42,7,1999,2,6,LAND ROVER RANGE ROVER VELAR,7,E01020209,0,1
2024451486641,2024,451486641,2,9,0,-1,19,1,5,-1,0,4,0,0,0,0,3,1,-1,9,1,33,6,1997,1,0,LAND ROVER RANGE ROVER VELAR,10,E01014767,0,5
2024471492590,2024,471492590,1,9,0,-1,7,7,1,-1,0,8,0,0,0,0,1,1,-1,9,1,71,10,1997,1,6,LAND ROVER RANGE ROVER VELAR,9,E01020945,0,1
2024622400088,2024,622400088,2,9,0,18,19,1,5,0,0,4,0,0,0,0,4,1,6,6,1,46,8,1997,1,4,LAND ROVER RANGE ROVER VELAR,2,W01001015,0,3
2024332400817,2024,332400817,1,9,0,-1,5,5,1,-1,0,1,0,0,0,0,1,1,-1,6,3,-1,-1,1999,2,6,LAND ROVER RANGE ROVER VELAR,-1,-1,0,-1
2024221481788,2024,221481788,2,9,0,-1,19,6,2,-1,0,0,0,0,0,0,3,1,-1,6,1,52,8,1999,2,6,LAND ROVER RANGE ROVER VELAR,5,E01035067,0,1
2024010515174,2024,010515174,2,9,9,99,99,9,9,99,99,9,9,99,9,99,9,9,6,6,3,-1,-1,1997,8,2,LAND ROVER RANGE ROVER VELAR,-1,-1,0,-1
2024411490592,2024,411490592,1,9,0,-1,13,7,3,-1,0,8,0,0,0,0,0,9,-1,6,2,32,6,1997,8,0,LAND ROVER RANGE ROVER VELAR,9,E01023470,0,4
2024111444589,2024,111444589,2,9,0,-1,19,3,7,-1,0,3,5,0,0,0,2,1,-1,9,1,38,7,2997,2,2,LAND ROVER RANGE ROVER VELAR,1,E01020885,0,2
2024141440873,2024,141440873,1,9,0,-1,7,8,2,-1,0,1,0,0,0,0,4,1,-1,9,1,29,6,2997,2,1,LAND ROVER RANGE ROVER VELAR,4,E01007460,0,1
2024161480701,2024,161480701,1,9,0,-1,19,3,7,-1,0,0,0,0,1,0,1,1,-1,9,1,39,7,1997,8,1,LAND ROVER RANGE ROVER VELAR,10,E01013090,0,1
2024361451908,2024,361451908,1,9,0,-1,19,1,5,-1,0,0,0,0,1,0,1,1,-1,6,1,57,9,1999,2,5,LAND ROVER RANGE ROVER VELAR,7,E01026536,0,2
2024320377311,2024,320377311,2,9,0,-1,-1,4,2,0,0,8,0,0,1,0,3,1,-1,-1,1,54,8,1997,8,2,LAND ROVER RANGE ROVER VELAR,9,E01014545,0,5
2024010504814,2024,010504814,1,9,9,99,99,9,9,99,99,9,9,99,9,99,9,9,6,6,2,46,8,1999,2,5,LAND ROVER RANGE ROVER VELAR,3,E01001109,0,1
2024231452077,2024,231452077,2,9,0,-1,4,2,6,-1,0,0,0,0,0,0,2,9,-1,9,2,27,6,1998,2,1,LAND ROVER RANGE ROVER VELAR,6,E01009657,0,2
2024231419170,2024,231419170,1,9,0,-1,19,4,8,-1,0,0,5,0,1,1,1,1,-1,9,1,22,5,1999,2,6,LAND ROVER RANGE ROVER VELAR,6,E01002489,0,5
2024340WN6062,2024,340WN6062,1,9,0,-1,4,5,7,-1,0,1,0,0,0,0,1,1,-1,9,1,40,7,1999,2,5,LAND ROVER RANGE ROVER VELAR,-1,-1,0,-1
2024471444178,2024,471444178,1,9,0,-1,6,7,3,-1,0,1,0,0,0,0,1,1,-1,9,1,37,7,1999,2,4,LAND ROVER RANGE ROVER VELAR,9,E01031369,0,2
2024010522554,2024,010522554,2,9,0,10,10,5,2,0,0,0,0,4,0,0,2,1,2,2,2,38,7,1998,1,7,LAND ROVER RANGE ROVER VELAR,-1,-1,0,-1
2024540590124,2024,540590124,1,9,0,17,19,5,8,0,0,8,0,0,0,0,1,1,6,6,1,57,9,1998,2,1,LAND ROVER RANGE ROVER VELAR,8,E01032709,0,2
2024010549025,2024,010549025,2,9,0,99,99,9,9,99,99,9,9,99,9,99,9,9,6,6,3,-1,-1,1999,2,6,LAND ROVER RANGE ROVER VELAR,-1,-1,0,-1
2024070360783,2024,070360783,4,9,0,2,2,0,0,0,0,0,0,0,0,0,2,1,6,6,3,-1,-1,1998,2,3,LAND ROVER RANGE ROVER VELAR,-1,-1,0,-1
2024010538919,2024,010538919,1,9,0,9,9,1,7,0,0,2,1,0,0,0,3,1,6,6,1,36,7,1999,2,6,LAND ROVER RANGE ROVER VELAR,2,E01000931,0,1
2024552401321,2024,552401321,2,9,0,3,3,3,7,0,0,0,0,0,0,0,2,1,2,2,2,37,7,1999,2,5,LAND ROVER RANGE ROVER VELAR,8,E01023066,0,1
2024451412804,2024,451412804,2,9,0,-1,19,3,7,-1,0,0,0,0,0,0,1,1,-1,1,2,44,7,1999,2,6,LAND ROVER RANGE ROVER VELAR,9,E01030313,0,1
2024531528140,2024,531528140,2,9,0,-1,2,0,0,-1,0,0,0,0,0,0,2,1,-1,6,-1,-1,-1,1997,8,0,LAND ROVER RANGE ROVER VELAR,-1,-1,0,-1
2024010515181,2024,010515181,2,9,0,99,99,9,9,99,99,9,9,99,9,99,9,9,6,6,1,-1,-1,1999,2,5,LAND ROVER RANGE ROVER VELAR,-1,-1,0,-1
2024411476797,2024,411476797,2,9,0,-1,4,6,2,-1,0,0,0,0,0,0,0,1,-1,6,1,46,8,1997,1,3,LAND ROVER RANGE ROVER VELAR,9,E01022063,0,3
2024340WN5352,2024,340WN5352,1,9,0,-1,19,7,3,-1,0,8,0,0,0,0,3,1,-1,6,2,46,8,2997,2,1,LAND ROVER RANGE ROVER VELAR,5,E01027136,0,1
2024010545250,2024,010545250,4,9,0,18,19,7,3,0,0,8,0,0,0,0,1,1,6,6,2,41,7,1999,2,5,LAND ROVER RANGE ROVER VELAR,6,E01003411,0,3
2024041424345,2024,041424345,1,9,0,-1,19,5,1,-1,0,0,0,0,0,0,1,1,-1,9,1,32,6,1999,2,5,LAND ROVER RANGE ROVER VELAR,9,-1,0,5
2024991483803,2024,991483803,2,9,0,-1,19,5,1,-1,0,0,0,0,1,0,1,1,-1,9,1,33,6,1999,2,5,LAND ROVER RANGE ROVER VELAR,9,-1,0,5
2024010527403,2024,010527403,2,9,0,99,99,9,9,99,99,9,9,99,9,99,0,9,6,6,2,26,6,1999,2,4,LAND ROVER RANGE ROVER VELAR,3,E01002503,0,1
2024041492694,2024,041492694,2,9,0,-1,19,5,1,-1,0,8,0,0,0,0,1,1,-1,9,1,56,9,1997,8,1,LAND ROVER RANGE ROVER VELAR,5,E01012635,0,1
2024201396240,2024,201396240,1,9,0,-1,9,2,8,-1,0,6,0,0,0,0,3,1,-1,2,1,40,7,1997,8,1,LAND ROVER RANGE ROVER VELAR,-1,-1,0,-1
2024440499981,2024,440499981,1,9,0,1,1,0,7,0,0,1,0,0,0,0,2,1,6,6,2,-1,-1,1997,1,2,LAND ROVER RANGE ROVER VELAR,-1,-1,0,-1
2024161485146,2024,161485146,1,9,0,-1,9,4,2,-1,0,1,0,0,0,0,2,1,-1,6,1,52,8,1999,2,4,LAND ROVER RANGE ROVER VELAR,-1,-1,0,-1
2024010504389,2024,010504389,1,9,0,2,2,0,0,0,0,1,0,0,0,0,3,1,6,6,3,-1,-1,1997,1,4,LAND ROVER RANGE ROVER VELAR,-1,-1,0,-1
2024070126341,2024,070126341,3,9,0,18,19,5,1,0,0,1,0,0,8,4,1,1,6,6,1,62,9,1999,2,5,LAND ROVER RANGE ROVER VELAR,-1,-1,0,-1
2024471485772,2024,471485772,2,9,9,-1,1,8,2,-1,0,0,0,0,0,0,1,1,-1,6,1,38,7,1997,8,0,LAND ROVER RANGE ROVER VELAR,6,E01000238,0,4
2024071045238,2024,071045238,1,9,0,-1,19,7,3,-1,0,0,0,0,0,0,1,1,-1,6,1,35,6,1998,2,1,LAND ROVER RANGE ROVER VELAR,7,E01029768,0,3
2024340WN4792,2024,340WN4792,1,9,0,-1,19,7,3,-1,0,0,0,0,0,0,4,1,-1,6,1,39,7,2997,2,1,LAND ROVER RANGE ROVER VELAR,7,E01026350,0,4
2024010514990,2024,010514990,2,9,0,18,19,2,6,0,0,1,0,0,1,0,1,1,6,6,2,28,6,1998,2,3,LAND ROVER RANGE ROVER VELAR,-1,-1,0,-1
2024201458032,2024,201458032,1,9,0,-1,2,0,0,-1,0,0,0,0,1,0,2,1,-1,1,1,61,9,1999,2,6,LAND ROVER RANGE ROVER VELAR,2,E01009999,0,3
2024101429940,2024,101429940,1,9,0,-1,4,1,5,-1,0,0,0,0,0,0,1,1,-1,6,1,48,8,1999,2,4,LAND ROVER RANGE ROVER VELAR,5,E01008795,0,2
2024421395585,2024,421395585,1,9,0,-1,19,7,3,-1,0,0,0,0,0,0,1,1,-1,6,1,35,6,1999,2,4,LAND ROVER RANGE ROVER VELAR,2,E01003048,0,4
2024070445342,2024,070445342,1,9,0,8,8,5,8,0,0,1,0,0,0,0,1,1,6,6,2,57,9,1999,2,6,LAND ROVER RANGE ROVER VELAR,9,E01006088,0,2
2024131426074,2024,131426074,1,9,0,-1,19,1,5,-1,0,1,0,0,0,0,1,1,-1,9,1,61,9,1999,2,5,LAND ROVER RANGE ROVER VELAR,3,E01011249,0,1
2024010524816,2024,010524816,2,9,0,18,19,5,1,0,0,1,1,7,4,1,1,1,6,6,3,-1,-1,1997,1,6,LAND ROVER RANGE ROVER VELAR,-1,-1,0,-1
2024010538969,2024,010538969,1,9,0,4,4,5,1,0,0,4,0,0,0,0,1,1,2,2,1,33,6,1998,2,0,LAND ROVER RANGE ROVER VELAR,2,E01000052,0,2
2024010499922,2024,010499922,3,9,0,18,19,7,3,0,0,0,0,0,0,0,0,1,2,2,2,27,6,1997,1,5,LAND ROVER RANGE ROVER VELAR,3,E01004455,0,2
2024421450734,2024,421450734,3,9,0,-1,2,0,0,-1,0,0,0,0,0,0,1,1,-1,6,-1,-1,-1,1999,2,5,LAND ROVER RANGE ROVER VELAR,-1,-1,0,-1