collision_index,collision_year,collision_ref_no,vehicle_reference,vehicle_type,towing_and_articulation,vehicle_manoeuvre_historic,vehicle_manoeuvre,vehicle_direction_from,vehicle_direction_to,vehicle_location_restricted_lane_historic,vehicle_location_restricted_lane,junction_location,skidding_and_overturning,hit_object_in_carriageway,vehicle_leaving_carriageway,hit_object_off_carriageway,first_point_of_impact,vehicle_left_hand_drive,journey_purpose_of_driver_historic,journey_purpose_of_driver,sex_of_driver,age_of_driver,age_band_of_driver,engine_capacity_cc,propulsion_code,age_of_vehicle,generic_make_model,driver_imd_decile,lsoa_of_driver,escooter_flag,driver_distance_banding
2024302400801,2024,302400801,2,9,0,18,19,2,6,0,0,0,0,0,0,0,1,1,6,6,1,57,9,1999,2,5,LAND ROVER RANGE ROVER VELAR,1,E01013484,0,1
2024010509957,2024,010509957,2,9,0,99,99,9,9,99,99,0,9,99,9,99,2,9,6,6,3,-1,-1,1997,8,1,LAND ROVER RANGE ROVER VELAR,-1,-1,0,-1
2024401509478,2024,401509478,2,9,0,-1,4,3,7,-1,0,0,0,0,0,0,2,1,-1,6,2,35,6,1997,1,0,LAND ROVER RANGE ROVER VELAR,8,E01033815,0,3
2024461509286,2024,461509286,2,9,0,-1,19,2,6,-1,0,1,0,0,0,0,1,2,-1,6,2,36,7,1999,2,6,LAND ROVER RANGE ROVER VELAR,4,E01024587,0,4
2024010503471,2024,010503471,1,9,0,17,19,1,5,0,0,1,0,11,0,0,2,2,6,6,1,32,6,1999,2,5,LAND ROVER RANGE ROVER VELAR,4,E01002706,0,4
2024531448795,2024,531448795,2,9,0,-1,19,7,3,-1,0,0,0,0,2,0,3,1,-1,6,1,31,6,1999,2,5,LAND ROVER RANGE ROVER VELAR,7,E01022225,0,4
2024122400307,2024,122400307,2,9,0,3,3,5,1,0,0,0,0,0,0,0,2,1,6,6,1,47,8,1999,2,5,LAND ROVER RANGE ROVER VELAR,10,E01013054,0,4
2024411530684,2024,411530684,1,9,-1,-1,-1,-1,-1,-1,-1,0,-1,-1,-1,0,1,9,-1,6,2,-1,-1,1999,2,5,LAND ROVER RANGE ROVER VELAR,-1,-1,0,-1
2024041419093,2024,041419093,1,9,0,-1,9,7,1,-1,0,8,0,0,0,0,1,1,-1,9,1,51,8,1998,2,1,LAND ROVER RANGE ROVER VELAR,1,E01012578,0,1
202454C720324,2024,54C720324,2,9,0,18,19,6,2,0,0,1,0,0,0,0,2,1,6,6,2,32,6,1999,2,6,LAND ROVER RANGE ROVER VELAR,10,E01028745,0,2
2024010505084,2024,010505084,2,9,0,3,3,7,3,0,0,2,0,0,0,0,0,1,6,6,1,49,8,1997,1,5,LAND ROVER RANGE ROVER VELAR,4,E01001499,0,1
2024221457187,2024,221457187,2,9,0,-1,19,8,5,-1,0,0,1,0,0,0,1,9,-1,6,1,71,10,1997,8,2,LAND ROVER RANGE ROVER VELAR,5,E01028866,0,1
2024161415456,2024,161415456,1,9,0,-1,10,6,2,-1,0,1,0,0,0,0,2,9,-1,9,1,53,8,1999,2,3,LAND ROVER RANGE ROVER VELAR,9,E01012813,0,1
2024161408226,2024,161408226,1,9,0,-1,19,1,5,-1,0,0,0,0,0,0,1,1,-1,9,1,45,7,1999,2,4,LAND ROVER RANGE ROVER VELAR,9,E01013241,0,1
2024610041424,2024,610041424,2,9,0,9,9,8,6,0,0,6,0,0,4,6,3,1,6,6,2,57,9,1999,2,6,LAND ROVER RANGE ROVER VELAR,6,W01001976,0,4
2024361426348,2024,361426348,2,9,0,-1,19,1,5,-1,0,8,2,0,1,1,4,1,-1,9,2,37,7,1999,2,4,LAND ROVER RANGE ROVER VELAR,3,E01026719,0,1
2024351528614,2024,351528614,1,9,0,-1,10,3,7,-1,0,1,0,0,0,0,1,1,-1,6,1,39,7,1999,2,6,LAND ROVER RANGE ROVER VELAR,5,E01018080,0,1
2024010511541,2024,010511541,2,9,0,99,99,9,9,99,99,9,9,99,9,99,2,9,6,6,3,-1,-1,2993,2,6,LAND ROVER RANGE ROVER VELAR,-1,-1,0,-1
2024010532802,2024,010532802,1,9,9,99,99,9,9,99,99,9,9,99,9,99,9,9,6,6,3,44,7,1999,2,7,LAND ROVER RANGE ROVER VELAR,3,E01035294,0,4
2024010547628,2024,010547628,1,8,0,99,99,9,9,99,99,9,9,99,9,99,9,9,1,1,1,43,7,1997,1,6,LAND ROVER RANGE ROVER VELAR,9,E01003744,0,4
2024010521523,2024,010521523,1,9,0,9,9,1,6,0,0,0,0,0,0,0,3,1,6,6,1,56,9,2993,2,5,LAND ROVER RANGE ROVER VELAR,8,E01000678,0,1
2024401486616,2024,401486616,3,9,0,-1,10,2,8,-1,0,1,0,0,0,0,1,1,-1,6,1,58,9,2995,1,6,LAND ROVER RANGE ROVER VELAR,9,E01017429,0,1
2024401400306,2024,401400306,3,9,0,-1,4,2,6,-1,0,0,0,0,0,0,4,9,-1,2,1,55,8,1997,8,1,LAND ROVER RANGE ROVER VELAR,7,E01017478,0,3
2024401507346,2024,401507346,2,9,0,-1,19,5,1,-1,0,0,1,0,0,0,2,1,-1,6,1,32,6,1999,2,6,LAND ROVER RANGE ROVER VELAR,4,E01021277,0,4
2024552401257,2024,552401257,2,9,0,3,3,8,4,0,0,0,0,0,1,4,2,1,2,2,1,36,7,1999,2,5,LAND ROVER RANGE ROVER VELAR,6,E01031985,0,4
2024421428494,2024,421428494,3,9,0,-1,19,6,2,-1,0,0,0,0,0,0,1,1,-1,6,2,34,6,1998,2,3,LAND ROVER RANGE ROVER VELAR,10,E01022085,0,1
2024520403046,2024,520403046,2,9,0,3,3,8,4,0,0,8,0,0,0,0,1,1,6,6,1,31,6,1997,8,0,LAND ROVER RANGE ROVER VELAR,9,E01029024,0,2
2024201513817,2024,201513817,2,9,0,-1,5,2,6,-1,0,8,0,0,0,0,1,1,-1,2,1,47,8,1997,8,0,LAND ROVER RANGE ROVER VELAR,-1,-1,0,-1
2024522402934,2024,522402934,1,9,0,18,19,1,5,0,0,8,0,0,0,0,1,1,6,6,2,50,8,1997,1,6,LAND ROVER RANGE ROVER VELAR,10,E01014932,0,3
2024010545267,2024,010545267,2,9,0,5,5,7,3,0,0,2,0,0,0,0,1,1,6,6,3,-1,-1,1999,2,6,LAND ROVER RANGE ROVER VELAR,-1,-1,0,-1
2024311474630,2024,311474630,2,9,-1,-1,19,3,5,-1,0,0,0,0,0,0,1,1,-1,6,1,30,6,2993,2,7,LAND ROVER RANGE ROVER VELAR,-1,-1,0,-1
2024430527707,2024,430527707,1,9,0,18,19,6,2,0,0,0,0,0,0,0,3,1,6,6,2,51,8,1999,2,6,LAND ROVER RANGE ROVER VELAR,10,E01016589,0,1
2024122400963,2024,122400963,3,9,0,13,13,5,1,0,0,0,0,0,0,0,1,1,6,6,1,44,7,1798,8,13,MAKE AND MODEL REDACTED,2,E01032658,0,5
2024131437011,2024,131437011,2,9,0,-1,4,1,5,-1,0,1,0,0,0,0,1,1,-1,9,1,32,6,1461,2,6,MERCEDES A CLASS,5,E01011440,0,3
2024461526147,2024,461526147,1,9,0,-1,13,3,7,-1,0,0,0,0,0,0,1,1,-1,2,2,34,6,1461,2,7,MERCEDES A CLASS,1,E01024682,0,4
2024461436296,2024,461436296,1,9,0,-1,19,5,1,-1,0,0,1,0,0,0,1,1,-1,6,1,26,6,1461,2,10,MERCEDES A CLASS,2,E01016068,0,3
2024520403263,2024,520403263,3,9,0,9,9,5,3,0,0,8,0,0,0,0,1,1,6,6,2,31,6,2143,2,9,MERCEDES A CLASS,6,E01029077,0,1
2024461468638,2024,461468638,2,9,0,-1,2,4,2,-1,0,0,0,0,0,0,3,9,-1,1,2,58,9,1498,1,13,MERCEDES A CLASS,5,E01024254,0,1
2024440086235,2024,440086235,1,9,0,17,19,6,2,0,0,8,0,0,1,1,1,1,6,6,2,25,5,1332,1,4,MERCEDES A CLASS,9,E01022930,0,1
2024411480042,2024,411480042,1,9,0,-1,7,4,8,-1,0,1,0,0,0,0,1,1,-1,9,2,35,6,2143,2,6,MERCEDES A CLASS,4,E01015796,0,2
2024010521949,2024,010521949,1,9,0,9,9,5,2,0,0,8,0,0,0,0,3,1,6,6,1,22,5,1332,1,3,MERCEDES A CLASS,3,E01003574,0,1
2024231512962,2024,231512962,2,9,0,-1,9,3,1,-1,0,6,0,0,0,0,3,1,-1,9,2,23,5,1461,2,8,MERCEDES A CLASS,6,E01031194,0,3
2024010505325,2024,010505325,2,9,0,9,9,3,1,0,0,8,0,0,0,0,3,1,6,6,1,28,6,1332,8,1,MERCEDES A CLASS,7,E01002438,0,2
2024332400948,2024,332400948,1,9,0,-1,19,7,3,-1,0,1,0,0,0,0,1,1,-1,1,2,39,7,1498,1,12,MERCEDES A CLASS,7,E01025889,0,1
2024201535458,2024,201535458,1,9,0,-1,10,6,1,-1,0,1,0,0,0,0,3,1,-1,9,2,30,6,1461,2,7,MERCEDES A CLASS,1,E01009097,0,1
2024010524538,2024,010524538,1,9,0,99,99,9,9,99,99,9,9,99,9,99,1,9,6,6,2,34,6,1991,1,4,MERCEDES A CLASS,10,E01021946,0,4
2024010545099,2024,010545099,1,9,0,3,3,1,5,0,0,2,0,0,0,0,4,1,6,6,1,54,8,1498,1,15,MERCEDES A CLASS,3,E01035649,0,3
2024010544521,2024,010544521,2,9,0,18,19,7,3,0,0,1,0,0,0,0,1,1,1,1,1,36,7,1595,1,7,MERCEDES A CLASS,-1,-1,0,-1
2024351472339,2024,351472339,1,9,0,-1,5,4,8,-1,0,8,0,0,0,0,1,1,-1,2,2,22,5,1461,2,5,MERCEDES A CLASS,6,E01030151,0,3
2024010493599,2024,010493599,2,9,0,99,99,9,9,99,99,0,9,99,9,99,9,9,6,6,3,-1,-1,2143,2,8,MERCEDES A CLASS,6,E01002882,0,1
2024010545697,2024,010545697,1,9,9,99,99,9,9,99,99,9,9,99,9,99,9,9,6,6,3,-1,-1,1991,1,10,MERCEDES A CLASS,-1,-1,0,-1
2024010497546,2024,010497546,1,9,9,99,99,9,9,99,99,9,9,99,9,99,9,9,6,6,2,62,9,1595,1,8,MERCEDES A CLASS,6,E01021473,0,2
2024401458436,2024,401458436,1,9,0,-1,9,4,2,-1,0,8,0,0,0,0,1,1,-1,7,2,28,6,1461,2,6,MERCEDES A CLASS,6,E01017508,0,1
2024471473597,2024,471473597,1,9,0,-1,19,2,5,-1,0,0,0,0,2,9,2,1,-1,9,1,35,6,2143,2,7,MERCEDES A CLASS,6,E01007684,0,5
2024010518422,2024,010518422,2,9,9,2,2,9,9,0,0,9,0,99,0,0,9,9,6,6,3,-1,-1,1595,1,6,MERCEDES A CLASS,-1,-1,0,-1
2024302400981,2024,302400981,2,9,0,11,11,2,8,0,0,8,0,0,0,0,4,1,2,2,2,34,6,1796,2,11,MERCEDES A CLASS,2,E01013552,0,1
2024061476305,2024,061476305,2,9,0,-1,19,2,8,-1,0,1,0,0,1,0,1,1,-1,6,1,30,6,1991,1,8,MERCEDES A CLASS,-1,-1,0,-1
2024052401132,2024,052401132,2,9,0,3,3,8,4,0,0,1,0,0,0,0,2,1,6,6,2,-1,-1,1332,1,2,MERCEDES A CLASS,10,E01007200,0,3
2024361511516,2024,361511516,1,9,0,-1,19,1,5,-1,0,1,0,0,0,0,1,1,-1,2,2,28,6,1332,1,4,MERCEDES A CLASS,9,E01026582,0,1
2024131424164,2024,131424164,1,9,0,-1,9,8,6,-1,0,8,0,0,0,0,1,1,-1,6,2,26,6,1461,2,8,MERCEDES A CLASS,5,E01011774,0,4
2024161428236,2024,161428236,1,9,0,-1,19,5,1,-1,0,1,0,0,0,0,1,1,-1,1,1,27,6,2143,2,8,MERCEDES A CLASS,5,E01012803,0,3
2024141511015,2024,141511015,3,9,0,-1,13,6,2,-1,0,0,0,0,0,0,4,1,-1,9,2,22,5,1332,1,1,MERCEDES A CLASS,2,E01008112,0,2
2024010519271,2024,010519271,1,9,0,7,7,5,7,0,0,3,0,0,0,0,1,1,6,6,1,81,11,1332,8,0,MERCEDES A CLASS,7,E01033928,0,3
2024010506039,2024,010506039,2,9,0,18,19,4,8,0,0,9,0,12,9,99,1,1,6,6,3,-1,-1,1950,2,5,MERCEDES A CLASS,-1,-1,0,-1
2024010505082,2024,010505082,2,9,0,99,99,9,9,99,99,9,9,99,9,99,9,9,6,6,3,-1,-1,1598,1,21,MERCEDES A CLASS,-1,-1,0,-1
2024010525733,2024,010525733,2,9,0,99,99,9,9,99,99,9,9,99,9,99,9,9,6,6,2,36,7,1498,1,18,MERCEDES A CLASS,7,E01003853,0,3
2024052401651,2024,052401651,3,9,0,18,19,7,3,0,0,0,1,0,0,0,1,1,6,6,2,57,9,1461,2,9,MERCEDES A CLASS,5,E01007014,0,1
2024430405952,2024,430405952,1,9,0,10,10,1,7,0,0,4,0,0,0,0,1,1,6,6,1,84,11,1332,1,3,MERCEDES A CLASS,5,E01016756,0,1
2024071060712,2024,071060712,1,9,0,-1,19,3,7,-1,0,0,5,4,0,0,1,1,-1,9,2,77,11,1461,2,5,MERCEDES A CLASS,8,E01018677,0,2
2024010514581,2024,010514581,2,9,0,2,2,0,0,0,0,0,0,0,0,0,0,1,6,6,3,-1,-1,1332,1,5,MERCEDES A CLASS,-1,-1,0,-1
2024101500407,2024,101500407,2,9,0,-1,3,8,4,-1,0,0,0,0,0,0,2,1,-1,6,1,29,6,1461,2,6,MERCEDES A CLASS,7,E01035617,0,1
2024311417053,2024,311417053,1,9,0,-1,5,1,5,-1,0,1,0,0,0,0,4,1,-1,6,2,43,7,1461,2,5,MERCEDES A CLASS,-1,-1,0,-1
2024131522254,2024,131522254,1,9,0,-1,19,1,1,-1,0,0,0,0,0,0,3,1,-1,2,2,26,6,1461,2,7,MERCEDES A CLASS,8,E01010863,0,1
2024010546040,2024,010546040,1,9,0,9,9,5,2,0,0,1,0,0,0,0,1,1,6,6,2,56,9,1332,1,6,MERCEDES A CLASS,7,E01030402,0,1
2024552400057,2024,552400057,2,9,0,9,9,8,6,0,0,6,0,0,0,0,3,1,6,6,2,33,6,1991,1,6,MERCEDES A CLASS,3,E01015289,0,1
2024141494398,2024,141494398,1,9,0,-1,19,3,7,-1,0,4,1,0,7,2,1,1,-1,9,2,22,5,1461,2,9,MERCEDES A CLASS,1,E01007320,0,3
2024052402834,2024,052402834,1,9,0,18,19,5,8,0,0,1,0,0,0,0,1,1,1,1,3,-1,-1,1498,1,16,MERCEDES A CLASS,-1,-1,0,-1
2024010501386,2024,010501386,1,9,0,18,19,3,7,0,0,0,0,0,0,0,3,1,6,6,1,34,6,1461,2,6,MERCEDES A CLASS,4,E01000477,0,4
2024041414126,2024,041414126,1,9,0,-1,19,5,1,-1,0,0,0,0,1,0,1,1,-1,6,2,23,5,1461,2,5,MERCEDES A CLASS,1,E01012577,0,1
2024440431396,2024,440431396,2,9,0,18,19,3,7,0,0,1,0,0,0,0,1,1,6,6,1,74,10,1461,2,8,MERCEDES A CLASS,10,E01023169,0,1
2024010551390,2024,010551390,2,9,0,99,99,9,9,99,99,0,9,8,9,99,4,9,6,6,3,40,7,1461,2,8,MERCEDES A CLASS,5,E01016158,0,4
2024201458319,2024,201458319,1,9,0,-1,9,1,7,-1,0,6,0,0,0,0,4,1,-1,6,2,33,6,1332,1,2,MERCEDES A CLASS,2,E01010449,0,1
2024351528651,2024,351528651,2,9,-1,-1,-1,-1,-1,-1,-1,0,-1,-1,-1,0,1,9,-1,6,1,21,5,2143,2,7,MERCEDES A CLASS,5,E01030210,0,5
2024131529610,2024,131529610,1,9,0,-1,1,4,8,-1,9,1,0,0,0,0,2,1,-1,6,3,-1,-1,1461,2,10,MERCEDES A CLASS,-1,-1,0,-1
2024201458137,2024,201458137,2,9,0,-1,5,5,2,-1,0,0,0,0,0,0,1,9,-1,6,2,41,7,1332,1,3,MERCEDES A CLASS,3,E01009856,0,1
2024411447249,2024,411447249,1,9,0,-1,7,7,3,-1,0,8,0,0,0,0,1,1,-1,2,2,26,6,1498,1,16,MERCEDES A CLASS,6,E01035564,0,3
2024610043624,2024,610043624,1,9,0,14,14,7,3,0,0,0,0,0,0,0,1,1,6,6,2,77,11,1332,1,1,MERCEDES A CLASS,10,W01001602,0,1
2024041404847,2024,041404847,1,9,0,-1,4,1,5,-1,0,1,0,0,0,0,1,1,-1,9,1,80,11,1498,1,15,MERCEDES A CLASS,3,E01025213,0,1
2024141397775,2024,141397775,2,9,0,-1,4,3,7,-1,0,0,0,0,0,0,2,1,-1,9,1,26,6,1461,2,6,MERCEDES A CLASS,1,E01005389,0,4
2024520401893,2024,520401893,2,9,0,9,9,2,3,0,0,8,0,0,0,0,3,1,6,6,2,47,8,1332,8,1,MERCEDES A CLASS,-1,-1,0,-1
2024351427507,2024,351427507,2,9,0,-1,3,3,7,-1,0,8,0,0,0,0,2,1,-1,9,2,33,6,1461,2,9,MERCEDES A CLASS,10,E01018202,0,4
2024061532970,2024,061532970,1,9,0,-1,9,5,3,-1,0,2,0,0,0,0,1,1,-1,6,1,26,6,1461,2,6,MERCEDES A CLASS,5,E01006355,0,1
2024451494606,2024,451494606,1,9,0,-1,19,3,5,-1,0,1,1,0,7,4,1,1,-1,9,1,20,4,1498,1,12,MERCEDES A CLASS,4,E01003448,0,4
2024430472021,2024,430472021,1,9,0,18,19,5,1,0,0,0,0,0,0,0,1,1,6,6,2,20,4,1461,2,9,MERCEDES A CLASS,9,E01028495,0,1
2024211511488,2024,211511488,1,9,0,-1,2,0,0,-1,0,0,0,0,0,0,1,1,-1,9,1,19,4,1595,1,6,MERCEDES A CLASS,-1,-1,0,-1
2024052400607,2024,052400607,1,9,0,18,19,8,4,0,0,0,0,0,0,0,1,1,6,6,3,-1,-1,2143,2,9,MERCEDES A CLASS,-1,-1,0,-1
2024201533600,2024,201533600,1,9,0,-1,19,7,3,-1,0,1,0,0,0,0,1,1,-1,6,1,29,6,2143,2,7,MERCEDES A CLASS,1,E01009996,0,1
2024041435875,2024,041435875,1,9,0,-1,12,5,1,-1,0,1,0,0,0,0,1,1,-1,6,2,45,7,1498,1,15,MERCEDES A CLASS,8,E01025272,0,2
2024161446242,2024,161446242,1,9,0,-1,3,5,1,-1,0,0,0,0,0,0,2,9,-1,2,2,31,6,1461,2,10,MERCEDES A CLASS,6,E01013188,0,1
2024543724524,2024,543724524,1,9,0,5,5,5,1,0,0,0,0,4,0,0,1,1,1,1,2,46,8,1991,2,15,MERCEDES A CLASS,8,E01032694,0,4
2024052402548,2024,052402548,2,9,0,18,19,6,2,0,0,1,0,0,0,0,3,1,6,6,1,40,7,1461,2,6,MERCEDES A CLASS,2,E01006522,0,2
2024320437899,2024,320437899,2,9,0,4,4,6,2,0,0,1,0,0,0,0,2,1,-1,-1,1,60,9,1332,8,3,MERCEDES A CLASS,7,E01026066,0,1
2024141532759,2024,141532759,1,9,0,-1,19,6,2,-1,0,0,0,0,0,0,2,1,-1,6,1,32,6,2143,2,9,MERCEDES A CLASS,4,E01007762,0,3
2024141527714,2024,141527714,1,9,0,-1,4,5,3,-1,0,1,0,0,0,0,2,1,-1,9,1,31,6,2143,2,9,MERCEDES A CLASS,1,E01007543,0,1
2024201434797,2024,201434797,2,9,0,-1,19,2,6,-1,0,1,0,0,0,0,3,9,-1,9,1,23,5,2143,2,6,MERCEDES A CLASS,1,E01009362,0,1
2024451527234,2024,451527234,1,9,0,-1,9,7,5,-1,0,0,0,0,0,0,1,1,-1,1,2,52,8,1461,2,8,MERCEDES A CLASS,7,E01030423,0,2
2024320116107,2024,320116107,1,9,0,-1,-1,4,8,0,0,1,0,0,0,0,1,1,-1,-1,1,29,6,1332,1,5,MERCEDES A CLASS,9,E01026118,0,3
2024141557321,2024,141557321,1,9,0,-1,5,1,5,-1,0,2,0,0,0,0,4,1,-1,6,2,32,6,1461,2,6,MERCEDES A CLASS,2,E01007680,0,1
2024430327253,2024,430327253,2,9,0,1,1,6,2,0,0,1,0,0,0,0,2,1,6,6,3,-1,-1,1332,1,4,MERCEDES A CLASS,-1,-1,0,-1
2024991516560,2024,991516560,1,9,0,-1,19,8,4,-1,0,1,0,0,0,0,1,1,-1,6,1,20,4,1332,1,5,MERCEDES A CLASS,-1,-1,0,-1
2024131492090,2024,131492090,1,9,0,-1,19,7,3,-1,0,0,0,0,0,0,1,1,-1,6,2,22,5,1461,2,10,MERCEDES A CLASS,2,E01010619,0,3
2024010512660,2024,010512660,2,9,0,99,99,9,9,99,99,9,9,99,9,99,2,9,6,6,3,-1,-1,1332,1,3,MERCEDES A CLASS,-1,-1,0,-1
2024131488161,2024,131488161,2,9,0,-1,19,5,5,-1,0,0,0,0,0,0,1,1,-1,9,1,53,8,1332,1,2,MERCEDES A CLASS,1,E01011720,0,1
2024221407938,2024,221407938,1,9,0,-1,7,5,7,-1,0,5,0,10,7,10,1,1,-1,6,1,28,6,1332,1,4,MERCEDES A CLASS,-1,-1,0,-1
2024010516408,2024,010516408,2,9,0,99,99,9,9,99,99,9,9,99,9,99,1,9,6,6,3,-1,-1,1332,8,4,MERCEDES A CLASS,3,E01023310,0,1
2024010527110,2024,010527110,1,9,0,9,9,1,7,0,0,8,0,0,0,0,3,1,6,6,1,55,8,1498,1,16,MERCEDES A CLASS,8,E01002163,0,1
2024311526903,2024,311526903,2,9,0,-1,19,5,3,-1,0,0,0,0,0,0,3,1,-1,9,1,22,5,1991,1,11,MERCEDES A CLASS,-1,-1,0,-1
2024411472398,2024,411472398,2,9,0,-1,10,7,3,-1,0,5,0,0,0,0,2,1,-1,2,1,34,6,1595,1,6,MERCEDES A CLASS,8,E01033028,0,1
2024131439303,2024,131439303,2,9,0,-1,2,0,0,-1,9,0,0,0,0,0,3,1,-1,6,-1,-1,-1,1461,2,5,MERCEDES A CLASS,-1,-1,0,-1
2024010518398,2024,010518398,2,9,0,99,99,9,9,99,99,9,9,99,9,99,1,9,6,6,3,-1,-1,2143,2,9,MERCEDES A CLASS,-1,-1,0,-1
2024430546409,2024,430546409,1,9,0,8,8,5,8,0,0,6,0,0,0,0,2,1,6,6,2,19,4,1397,1,21,MERCEDES A CLASS,7,E01028612,0,1
2024010524966,2024,010524966,1,9,0,18,19,1,5,0,0,1,0,0,0,0,1,1,6,6,3,-1,-1,1461,2,8,MERCEDES A CLASS,-1,-1,0,-1
2024332400829,2024,332400829,2,9,0,-1,19,3,7,-1,0,0,0,0,1,0,3,1,-1,9,2,24,5,1332,1,4,MERCEDES A CLASS,8,E01013643,0,1
2024101432483,2024,101432483,1,9,0,-1,19,8,4,-1,0,8,0,0,0,0,1,1,-1,9,2,20,4,1461,2,9,MERCEDES A CLASS,6,E01035634,0,3
2024070719053,2024,070719053,1,9,0,-1,19,9,9,-1,0,0,0,0,0,0,4,1,-1,6,1,27,6,1332,1,2,MERCEDES A CLASS,6,E01018610,0,1
2024522402252,2024,522402252,2,9,0,7,7,6,8,0,0,6,0,0,0,0,3,1,6,6,3,-1,-1,1461,2,6,MERCEDES A CLASS,-1,-1,0,-1
2024622400625,2024,622400625,3,9,0,2,2,0,0,0,0,1,0,0,0,0,2,1,6,6,3,-1,-1,1950,2,3,MERCEDES A CLASS,-1,-1,0,-1
2024010532506,2024,010532506,1,9,0,18,19,3,7,0,0,2,0,0,0,0,2,1,2,2,2,45,7,1461,2,7,MERCEDES A CLASS,3,E01003357,0,1
2024991449187,2024,991449187,2,9,0,-1,19,6,2,-1,0,1,0,0,0,0,3,1,-1,9,2,60,9,1461,2,8,MERCEDES A CLASS,1,-1,0,1
2024451500619,2024,451500619,2,9,0,-1,19,7,3,-1,0,0,0,0,0,0,2,1,-1,2,2,46,8,1498,1,13,MERCEDES A CLASS,9,E01030412,0,1
2024201535757,2024,201535757,1,9,0,-1,19,7,3,-1,0,0,1,4,0,0,4,1,-1,9,1,36,7,1796,2,11,MERCEDES A CLASS,1,E01010234,0,1
2024101419790,2024,101419790,2,9,0,-1,19,7,5,-1,0,0,0,0,0,0,1,1,-1,2,2,32,6,1461,2,7,MERCEDES A CLASS,7,E01027364,0,3
2024211537500,2024,211537500,1,9,0,-1,19,3,7,-1,0,0,0,99,0,0,1,1,-1,6,1,28,6,1461,2,5,MERCEDES A CLASS,3,E01029549,0,1
2024010551332,2024,010551332,1,9,0,99,99,9,9,99,99,9,9,99,9,99,9,9,6,6,3,23,5,1332,1,6,MERCEDES A CLASS,3,E01034204,0,1
2024440214197,2024,440214197,2,9,0,18,19,7,3,0,0,1,0,0,0,0,1,1,6,6,1,30,6,1991,2,13,MERCEDES A CLASS,1,E01017102,0,2
2024461466970,2024,461466970,1,9,0,-1,10,1,5,-1,0,1,0,0,0,0,2,1,-1,9,1,38,7,1332,1,3,MERCEDES A CLASS,7,E01000657,0,2
2024421440217,2024,421440217,2,9,0,-1,19,2,5,-1,0,0,0,0,0,0,2,1,-1,9,1,24,5,1595,1,6,MERCEDES A CLASS,7,E01015961,0,2
2024201464069,2024,201464069,1,9,0,-1,19,4,8,-1,0,2,1,10,7,0,1,1,-1,9,1,17,4,1332,1,3,MERCEDES A CLASS,9,E01029375,0,3
2024010532751,2024,010532751,2,9,0,18,19,1,5,0,0,1,0,0,0,0,2,1,6,6,1,37,7,1332,1,6,MERCEDES A CLASS,2,E01001770,0,1
2024010495346,2024,010495346,2,9,0,3,3,5,1,0,0,1,0,0,0,0,1,1,6,6,1,40,7,1498,1,14,MERCEDES A CLASS,-1,-1,0,-1
2024430226150,2024,430226150,1,9,0,18,19,7,3,0,0,0,2,0,7,9,1,1,6,6,1,20,4,1332,1,4,MERCEDES A CLASS,5,E01028498,0,2
2024320713765,2024,320713765,1,9,0,-1,-1,2,6,0,0,2,5,7,5,6,1,1,-1,-1,1,23,5,1332,1,5,MERCEDES A CLASS,4,E01015622,0,4
2024451505909,2024,451505909,1,9,0,-1,19,1,5,-1,0,0,0,0,0,0,2,1,-1,9,2,47,8,1595,1,8,MERCEDES A CLASS,10,E01023889,0,4
2024501398209,2024,501398209,1,9,0,-1,19,5,7,-1,0,0,0,0,0,0,4,9,-1,9,2,30,6,1332,8,1,MERCEDES A CLASS,-1,-1,0,-1
2024421417260,2024,421417260,2,9,0,-1,-1,-1,-1,-1,-1,0,-1,-1,-1,0,-1,9,-1,6,3,-1,-1,1333,1,6,MERCEDES A CLASS,-1,-1,0,-1
2024010550508,2024,010550508,2,9,0,99,99,9,9,99,99,0,9,99,9,99,1,9,6,6,3,-1,-1,1332,1,6,MERCEDES A CLASS,-1,-1,0,-1
2024221513138,2024,221513138,1,9,0,-1,19,6,2,-1,0,8,0,0,0,0,1,9,-1,6,1,31,6,1461,2,9,MERCEDES A CLASS,1,E01032434,0,1
2024421519561,2024,421519561,1,9,0,-1,19,2,6,-1,0,0,1,4,0,0,1,1,-1,9,1,85,11,1332,1,2,MERCEDES A CLASS,5,E01022008,0,1
2024141415993,2024,141415993,1,9,0,-1,19,5,1,-1,0,0,0,0,0,0,2,1,-1,9,2,25,5,1332,8,0,MERCEDES A CLASS,3,E01028028,0,1
2024440088236,2024,440088236,1,9,0,2,2,0,0,0,0,1,0,0,0,0,0,1,3,7,2,25,5,1950,2,3,MERCEDES A CLASS,8,E01022948,0,1