collision_index,collision_year,collision_ref_no,vehicle_reference,vehicle_type,towing_and_articulation,vehicle_manoeuvre_historic,vehicle_manoeuvre,vehicle_direction_from,vehicle_direction_to,vehicle_location_restricted_lane_historic,vehicle_location_restricted_lane,junction_location,skidding_and_overturning,hit_object_in_carriageway,vehicle_leaving_carriageway,hit_object_off_carriageway,first_point_of_impact,vehicle_left_hand_drive,journey_purpose_of_driver_historic,journey_purpose_of_driver,sex_of_driver,age_of_driver,age_band_of_driver,engine_capacity_cc,propulsion_code,age_of_vehicle,generic_make_model,driver_imd_decile,lsoa_of_driver,escooter_flag,driver_distance_banding
2024041506676,2024,041506676,2,9,0,-1,19,1,5,-1,0,0,0,0,0,0,2,1,-1,9,1,30,6,1332,8,4,MERCEDES A CLASS,5,E01025598,0,3
2024010523018,2024,010523018,1,9,0,18,19,3,7,0,0,8,0,0,0,0,4,1,6,6,1,32,6,1461,2,8,MERCEDES A CLASS,-1,-1,0,-1
2024061516681,2024,061516681,2,9,-1,-1,-1,-1,-1,-1,-1,0,-1,-1,-1,0,4,9,-1,2,2,33,6,1461,2,5,MERCEDES A CLASS,2,E01005702,0,3
2024052402334,2024,052402334,1,9,0,9,9,7,5,0,0,2,0,0,0,0,3,1,6,6,3,-1,-1,1498,1,18,MERCEDES A CLASS,-1,-1,0,-1
2024161466479,2024,161466479,2,9,0,-1,4,6,2,-1,0,0,0,0,0,0,2,1,-1,6,2,42,7,1461,2,6,MERCEDES A CLASS,1,E01012858,0,1
2024471484418,2024,471484418,1,9,0,-1,19,1,5,-1,0,1,2,0,0,0,1,1,-1,9,2,35,6,1461,2,7,MERCEDES A CLASS,1,E01021005,0,2
2024010507714,2024,010507714,1,9,0,9,9,7,5,0,0,8,0,0,0,0,4,1,2,2,2,55,8,1498,1,13,MERCEDES A CLASS,9,E01021787,0,3
2024631520598,2024,631520598,1,9,0,-1,19,1,5,-1,0,1,0,4,0,0,1,1,-1,6,1,-1,-1,2143,2,9,MERCEDES A CLASS,-1,-1,0,-1
2024010538914,2024,010538914,1,9,0,99,99,9,9,99,99,9,9,99,9,99,9,9,6,6,3,-1,-1,1461,2,7,MERCEDES A CLASS,7,E01003763,0,4
2024461486199,2024,461486199,2,9,0,-1,3,3,7,-1,0,0,0,0,0,0,2,1,-1,6,2,22,5,2143,2,9,MERCEDES A CLASS,5,E01024606,0,2
2024041424248,2024,041424248,2,9,0,-1,19,7,3,-1,0,1,0,0,0,0,2,1,-1,2,1,44,7,1461,2,7,MERCEDES A CLASS,7,E01025507,0,3
2024552400622,2024,552400622,3,9,0,18,19,7,3,0,0,0,0,0,0,0,2,1,6,6,1,31,6,1332,8,1,MERCEDES A CLASS,4,E01015343,0,1
2024201440404,2024,201440404,2,9,0,-1,19,1,4,-1,0,3,0,0,0,0,3,1,-1,6,1,29,6,1332,1,5,MERCEDES A CLASS,5,E01009617,0,1
2024991528757,2024,991528757,2,9,0,-1,19,3,3,-1,0,0,0,0,0,0,3,1,-1,2,2,53,8,1332,1,2,MERCEDES A CLASS,8,-1,0,1
2024311426192,2024,311426192,1,9,0,-1,12,5,1,-1,0,1,0,0,0,0,2,1,-1,6,2,37,7,1332,1,4,MERCEDES A CLASS,10,E01026359,0,4
2024010541461,2024,010541461,2,9,0,18,19,5,1,0,0,1,0,10,0,0,1,1,6,6,1,30,6,1461,2,7,MERCEDES A CLASS,8,E01003421,0,1
2024141451924,2024,141451924,1,9,0,-1,19,4,7,-1,0,1,0,0,0,0,3,9,-1,6,2,24,5,1461,2,7,MERCEDES A CLASS,6,E01008003,0,1
2024351514633,2024,351514633,2,9,-1,-1,-1,-1,-1,-1,-1,0,-1,-1,-1,0,-1,9,-1,6,2,34,6,1332,1,5,MERCEDES A CLASS,10,E01026510,0,5
2024041504215,2024,041504215,2,9,0,-1,9,5,7,-1,0,0,0,0,0,0,2,1,-1,1,1,30,6,1950,2,4,MERCEDES A CLASS,7,E01025081,0,1
2024161520242,2024,161520242,1,9,0,-1,4,3,7,-1,0,0,0,0,0,0,2,1,-1,6,1,29,6,2143,2,9,MERCEDES A CLASS,2,E01013238,0,1
2024010551257,2024,010551257,1,9,0,11,11,5,1,0,0,0,0,0,0,0,1,1,6,6,2,22,5,1332,1,6,MERCEDES A CLASS,2,W01001761,0,5
2024041499278,2024,041499278,1,9,0,-1,7,5,7,-1,0,4,0,0,0,0,3,1,-1,2,2,23,5,1332,1,5,MERCEDES A CLASS,6,E01025279,0,2
2024052400049,2024,052400049,2,9,0,18,19,7,3,0,0,0,0,0,0,0,1,1,6,6,1,29,6,1332,1,5,MERCEDES A CLASS,1,E01006548,0,2
2024111529140,2024,111529140,1,9,0,-1,9,2,7,-1,0,8,0,0,0,0,3,1,-1,6,1,92,11,1595,1,7,MERCEDES A CLASS,5,E01020772,0,1
2024010536407,2024,010536407,2,9,9,99,99,9,9,99,99,9,9,99,9,99,9,9,6,6,3,-1,-1,1950,2,3,MERCEDES A CLASS,-1,-1,0,-1
2024340WN0832,2024,340WN0832,1,9,0,-1,19,8,4,-1,0,0,0,0,8,11,1,1,-1,9,1,34,6,1498,1,16,MERCEDES A CLASS,10,E01027287,0,3
2024141401433,2024,141401433,2,9,0,-1,19,6,2,-1,0,4,0,0,0,0,1,1,-1,2,2,31,6,1461,2,10,MERCEDES A CLASS,3,E01007720,0,3
2024302400246,2024,302400246,2,9,0,4,4,1,5,0,0,0,0,0,0,0,2,1,6,6,2,27,6,1950,2,1,MERCEDES A CLASS,1,E01007714,0,4
2024010498687,2024,010498687,1,9,0,99,99,9,9,99,99,9,9,99,9,99,3,9,6,6,2,27,6,1332,1,5,MERCEDES A CLASS,2,E01033587,0,1
2024201507373,2024,201507373,1,9,0,-1,5,8,2,-1,0,6,0,0,0,0,1,9,-1,6,3,-1,-1,1498,1,16,MERCEDES A CLASS,-1,-1,0,-1
2024201456916,2024,201456916,1,9,0,-1,19,4,8,-1,0,8,0,0,0,0,3,1,-1,6,1,54,8,1461,2,9,MERCEDES A CLASS,3,E01009176,0,2
2024010503668,2024,010503668,1,9,0,99,99,9,9,99,99,9,9,99,9,99,9,9,6,6,2,32,6,1595,1,7,MERCEDES A CLASS,2,E01001218,0,1
2024010507191,2024,010507191,2,9,0,9,9,2,7,0,0,1,0,0,0,0,1,1,6,6,1,21,5,1332,1,3,MERCEDES A CLASS,6,E01002844,0,1
2024052401975,2024,052401975,1,9,0,18,19,1,5,0,0,1,0,0,0,0,1,1,6,6,3,-1,-1,1595,1,8,MERCEDES A CLASS,-1,-1,0,-1
2024201508776,2024,201508776,1,9,0,-1,19,1,5,-1,0,1,0,0,0,0,1,1,-1,6,2,52,8,1595,1,7,MERCEDES A CLASS,8,E01031023,0,2
2024501420459,2024,501420459,2,9,0,-1,19,5,1,-1,0,2,0,0,0,0,1,1,-1,9,2,25,5,1595,1,7,MERCEDES A CLASS,4,E01018918,0,1
2024361514807,2024,361514807,2,9,0,-1,19,5,2,-1,0,0,0,0,0,0,1,1,-1,6,2,26,6,1332,1,4,MERCEDES A CLASS,10,E01026906,0,3
2024411496986,2024,411496986,2,9,0,-1,19,3,7,-1,0,0,0,0,0,0,1,1,-1,6,1,24,5,1332,8,0,MERCEDES A CLASS,10,E01000186,0,1
2024302400591,2024,302400591,1,9,0,16,19,5,1,0,0,1,0,0,0,0,1,1,2,2,2,29,6,1991,2,12,MERCEDES A CLASS,9,E01008050,0,4
2024201427271,2024,201427271,1,9,0,-1,3,7,3,-1,0,0,0,0,0,0,2,9,-1,6,1,24,5,1461,2,6,MERCEDES A CLASS,1,E01009612,0,1
2024430598162,2024,430598162,2,9,0,11,11,2,6,0,0,8,0,0,0,0,1,1,6,6,3,-1,-1,1332,1,3,MERCEDES A CLASS,-1,-1,0,-1
2024542867924,2024,542867924,1,9,0,13,13,8,4,0,0,0,0,0,0,0,1,1,6,6,2,59,9,2035,1,18,MERCEDES A CLASS,7,E01032110,0,2
2024131455179,2024,131455179,3,9,0,-1,2,1,7,-1,0,1,0,0,0,0,1,1,-1,9,2,34,6,1461,2,7,MERCEDES A CLASS,8,E01032501,0,2
2024471452507,2024,471452507,3,9,0,-1,3,8,4,-1,0,0,0,0,0,0,0,1,-1,9,1,69,10,1950,2,4,MERCEDES A CLASS,9,E01035349,0,3
2024411528702,2024,411528702,2,9,0,-1,4,3,7,-1,0,0,1,1,0,0,1,1,-1,2,1,42,7,1397,1,20,MERCEDES A CLASS,9,E01023438,0,1
2024440273686,2024,440273686,2,9,0,12,12,1,5,0,0,1,0,0,0,0,3,1,6,6,1,23,5,1498,1,19,MERCEDES A CLASS,5,E01022734,0,2
2024010551169,2024,010551169,2,9,0,18,19,9,9,99,99,9,9,99,9,99,1,9,6,6,1,51,8,1498,1,14,MERCEDES A CLASS,3,E01001980,0,3
2024430241206,2024,430241206,1,9,0,3,3,2,6,0,0,8,0,0,0,0,2,1,2,2,2,34,6,1595,1,11,MERCEDES A CLASS,7,E01017846,0,1
2024471509667,2024,471509667,2,9,0,-1,9,5,3,-1,0,6,0,0,0,0,1,9,-1,6,1,23,5,1461,2,7,MERCEDES A CLASS,2,E01001181,0,4
2024371475060,2024,371475060,1,9,0,-1,19,7,3,-1,0,0,5,10,0,0,1,1,-1,1,1,48,8,1332,8,1,MERCEDES A CLASS,7,E01029896,0,1
2024010534975,2024,010534975,1,9,0,18,19,5,1,0,0,0,5,4,0,0,1,1,2,2,2,61,9,1498,1,14,MERCEDES A CLASS,6,E01003703,0,1
2024131519638,2024,131519638,1,9,0,-1,5,4,8,-1,9,8,0,0,0,0,0,1,-1,9,1,20,4,1461,2,7,MERCEDES A CLASS,6,E01010787,0,2
2024610028724,2024,610028724,2,9,0,18,19,3,7,0,0,0,1,0,0,0,2,1,6,6,1,27,6,1332,1,4,MERCEDES A CLASS,6,W01001367,0,4
2024201444974,2024,201444974,2,9,0,-1,19,4,8,-1,0,8,0,0,0,0,1,9,-1,2,1,23,5,1332,1,4,MERCEDES A CLASS,1,E01010524,0,1
2024101485965,2024,101485965,2,9,0,-1,13,3,7,-1,0,0,0,0,0,0,2,1,-1,9,2,30,6,1796,2,11,MERCEDES A CLASS,9,E01035636,0,2
2024201424132,2024,201424132,2,9,0,-1,4,6,2,-1,0,1,0,0,0,0,2,1,-1,6,1,37,7,1461,2,7,MERCEDES A CLASS,5,E01029367,0,3
2024010522437,2024,010522437,1,9,0,9,9,7,4,0,0,8,0,0,0,0,1,1,3,7,2,28,6,1332,1,4,MERCEDES A CLASS,1,E01004245,0,1
2024010510261,2024,010510261,1,9,0,18,19,1,5,0,0,1,0,0,0,0,1,1,6,6,2,24,5,1332,1,3,MERCEDES A CLASS,2,E01033148,0,1
2024302401505,2024,302401505,3,9,0,18,19,1,5,0,0,0,0,0,0,0,2,1,6,6,2,62,9,1332,1,3,MERCEDES A CLASS,8,E01028060,0,3
2024311439451,2024,311439451,1,9,0,-1,7,4,6,-1,0,5,0,0,0,0,1,1,-1,6,1,27,6,1461,2,6,MERCEDES A CLASS,-1,-1,0,-1
2024131504442,2024,131504442,1,9,0,-1,9,7,5,-1,4,8,0,0,0,0,1,1,-1,6,3,-1,-1,1595,1,10,MERCEDES A CLASS,-1,-1,0,-1
2024461439204,2024,461439204,2,9,0,-1,19,7,3,-1,0,8,0,0,0,0,3,1,-1,9,2,54,8,1332,1,2,MERCEDES A CLASS,9,E01016107,0,3
2024991511942,2024,991511942,1,9,0,-1,9,5,3,-1,0,1,0,0,0,0,1,1,-1,9,1,23,5,1332,1,5,MERCEDES A CLASS,10,-1,0,2
2024010514703,2024,010514703,1,9,0,5,5,1,5,0,0,1,0,0,0,0,1,1,6,6,2,25,5,1332,1,5,MERCEDES A CLASS,3,E01003106,0,2
2024332400270,2024,332400270,1,9,0,-1,9,1,7,-1,9,5,0,0,0,0,1,1,-1,6,3,-1,-1,1332,1,6,MERCEDES A CLASS,-1,-1,0,-1
2024010539536,2024,010539536,1,9,0,8,8,1,3,0,0,2,0,0,0,0,3,1,4,7,2,28,6,1461,2,5,MERCEDES A CLASS,2,E01035684,0,1
2024548332524,2024,548332524,2,9,0,4,4,4,8,0,0,6,0,0,0,0,1,1,2,2,2,37,7,1461,2,8,MERCEDES A CLASS,9,E01022281,0,4
2024052400252,2024,052400252,1,9,0,9,9,1,7,0,0,8,0,0,0,0,1,1,2,2,2,22,5,1461,2,8,MERCEDES A CLASS,1,E01006692,0,1
2024052402040,2024,052402040,2,9,0,18,19,6,2,0,0,0,0,0,0,0,0,1,6,6,1,31,6,1595,1,8,MERCEDES A CLASS,8,E01023880,0,5
2024161533271,2024,161533271,2,9,0,-1,9,4,2,-1,0,8,0,0,0,0,0,9,-1,6,3,-1,-1,1332,1,5,MERCEDES A CLASS,-1,-1,0,-1
2024010535232,2024,010535232,2,9,0,99,99,9,9,99,99,9,9,99,9,99,1,9,6,6,3,-1,-1,1332,1,2,MERCEDES A CLASS,-1,-1,0,-1
2024061502737,2024,061502737,1,9,0,-1,19,7,3,-1,0,0,0,0,0,0,1,1,-1,9,1,25,5,1595,1,11,MERCEDES A CLASS,1,E01005328,0,3
2024340WN0022,2024,340WN0022,1,9,0,-1,19,1,5,-1,0,0,0,0,0,6,1,1,-1,2,2,28,6,1332,1,5,MERCEDES A CLASS,3,E01010085,0,4
2024041396994,2024,041396994,2,9,0,-1,19,3,7,-1,0,1,0,0,0,0,1,1,-1,2,2,25,5,1461,2,11,MERCEDES A CLASS,4,E01012664,0,1
2024231460362,2024,231460362,2,9,0,-1,19,8,4,-1,0,0,0,0,0,0,1,1,-1,9,2,50,8,1461,2,4,MERCEDES A CLASS,6,E01031207,0,2
2024401446142,2024,401446142,1,9,0,-1,19,4,8,-1,0,0,0,0,0,0,1,1,-1,9,2,19,4,1332,8,1,MERCEDES A CLASS,2,E01015733,0,1
2024010531955,2024,010531955,2,9,0,7,7,4,5,0,0,7,0,0,7,0,4,1,6,6,2,42,7,1461,2,5,MERCEDES A CLASS,5,E01002342,0,1
2024201493205,2024,201493205,1,9,0,-1,19,6,2,-1,0,0,0,0,0,0,1,1,-1,6,2,35,6,1332,1,5,MERCEDES A CLASS,5,E01009519,0,1
2024501521233,2024,501521233,1,9,0,-1,5,1,3,-1,0,8,0,0,0,0,4,1,-1,6,1,54,8,2143,2,7,MERCEDES A CLASS,3,E01015150,0,1
2024061400294,2024,061400294,3,9,0,-1,19,8,4,-1,0,0,0,0,0,0,1,1,-1,9,1,38,7,2143,2,7,MERCEDES A CLASS,7,E01004845,0,1
2024031476621,2024,031476621,3,9,0,-1,19,1,5,-1,0,0,0,0,0,0,0,1,-1,9,2,33,6,1461,2,6,MERCEDES A CLASS,-1,-1,0,-1
2024122400737,2024,122400737,3,9,0,2,2,0,0,0,0,1,0,0,0,0,0,1,6,6,3,-1,-1,1332,1,1,MERCEDES A CLASS,-1,-1,0,-1
2024131524633,2024,131524633,1,9,0,-1,19,6,2,-1,0,2,1,0,1,2,1,1,-1,9,2,25,5,2143,2,8,MERCEDES A CLASS,1,E01005429,0,4
2024101518667,2024,101518667,1,9,0,-1,2,0,0,-1,0,0,0,0,0,0,0,2,-1,2,2,34,6,1595,1,7,MERCEDES A CLASS,8,E01008553,0,1
2024411457612,2024,411457612,2,9,0,-1,19,5,1,-1,0,0,0,0,0,0,2,1,-1,6,2,29,6,1461,2,8,MERCEDES A CLASS,6,E01023317,0,1
2024101515812,2024,101515812,2,9,0,-1,19,4,8,-1,0,0,1,0,0,0,1,1,-1,2,1,55,8,1991,2,16,MERCEDES A CLASS,-1,-1,0,-1
2024201458137,2024,201458137,1,9,0,-1,5,5,1,-1,0,0,0,0,0,0,1,9,-1,6,1,37,7,1332,1,3,MERCEDES A CLASS,2,E01009742,0,1
2024201516696,2024,201516696,2,9,0,-1,19,5,1,-1,0,8,0,10,0,0,4,9,-1,2,1,29,6,1332,1,4,MERCEDES A CLASS,6,E01010438,0,1
2024991547147,2024,991547147,1,9,0,-1,5,3,7,-1,0,0,0,0,0,0,2,1,-1,9,2,35,6,1950,2,4,MERCEDES A CLASS,9,-1,0,1
2024101530040,2024,101530040,1,9,0,-1,19,1,5,-1,0,2,0,0,0,0,1,1,-1,9,2,21,5,1461,2,9,MERCEDES A CLASS,3,E01008576,0,3
2024010529160,2024,010529160,1,9,0,7,7,9,9,99,99,5,9,99,9,99,9,9,6,6,1,29,6,1950,2,1,MERCEDES A CLASS,3,E01003258,0,2
2024010541489,2024,010541489,2,9,0,99,99,9,9,99,99,6,9,99,9,99,0,9,6,6,3,34,6,1498,1,15,MERCEDES A CLASS,6,E01024764,0,4
2024141474961,2024,141474961,1,9,0,-1,19,3,8,-1,0,0,1,0,7,2,1,1,-1,9,1,49,8,1498,1,19,MERCEDES A CLASS,1,E01007708,0,1
2024501420294,2024,501420294,2,9,0,-1,9,4,1,-1,0,1,5,0,0,0,3,1,-1,9,2,37,7,1991,2,13,MERCEDES A CLASS,4,E01018918,0,2
2024311472895,2024,311472895,1,9,0,-1,9,4,1,-1,0,0,0,0,0,0,1,1,-1,6,1,62,9,1332,1,5,MERCEDES A CLASS,10,E01028222,0,1
2024401498320,2024,401498320,2,9,-1,-1,19,-1,-1,-1,0,0,0,0,0,0,3,1,-1,2,2,45,7,1461,2,9,MERCEDES A CLASS,3,E01015701,0,1
2024041425217,2024,041425217,2,9,0,-1,19,1,5,-1,0,0,5,0,0,0,1,1,-1,9,2,19,4,1461,2,7,MERCEDES A CLASS,1,E01024876,0,4
2024052400461,2024,052400461,1,9,0,18,19,1,5,0,0,0,0,0,0,0,1,1,2,2,1,24,5,1332,1,5,MERCEDES A CLASS,5,E01006724,0,1
2024010509431,2024,010509431,1,9,0,18,19,1,5,0,0,1,0,0,0,0,1,1,6,6,3,-1,-1,1332,1,2,MERCEDES A CLASS,-1,-1,0,-1
2024101450321,2024,101450321,2,9,0,-1,4,5,1,-1,0,8,0,0,0,0,4,1,-1,6,1,46,8,1461,2,9,MERCEDES A CLASS,1,E01008828,0,1
2024061436782,2024,061436782,2,9,0,-1,5,5,1,-1,0,1,0,0,0,0,1,1,-1,9,1,62,9,1332,1,4,MERCEDES A CLASS,8,E01006150,0,2
2024010523348,2024,010523348,2,9,0,2,2,0,0,0,0,2,0,0,0,0,2,1,6,6,3,-1,-1,1332,1,2,MERCEDES A CLASS,-1,-1,0,-1
2024440073947,2024,440073947,1,9,0,3,3,5,1,0,0,1,0,0,0,0,2,1,6,6,2,59,9,1332,8,2,MERCEDES A CLASS,10,E01022109,0,5
2024430423725,2024,430423725,1,9,0,17,19,7,3,0,0,8,0,0,0,0,1,1,6,6,2,87,11,1498,1,12,MERCEDES A CLASS,7,E01028647,0,1
2024061524350,2024,061524350,1,9,0,-1,19,5,2,-1,9,0,0,0,0,0,3,1,-1,6,1,27,6,1332,1,4,MERCEDES A CLASS,1,E01005261,0,1
202417L210524,2024,17L210524,2,9,0,-1,2,0,0,-1,0,0,0,0,0,0,3,1,-1,9,1,28,6,2143,2,7,MERCEDES A CLASS,5,E01027871,0,4
2024010499437,2024,010499437,2,9,0,99,99,9,9,99,99,9,9,99,9,99,9,9,6,6,3,-1,-1,1461,2,5,MERCEDES A CLASS,-1,-1,0,-1
2024061458324,2024,061458324,1,9,0,-1,11,2,6,-1,0,1,0,0,0,0,1,9,-1,6,3,-1,-1,1461,2,7,MERCEDES A CLASS,-1,-1,0,-1
2024010509799,2024,010509799,2,9,0,5,5,8,4,0,0,5,0,0,0,0,1,1,6,6,1,35,6,1332,1,6,MERCEDES A CLASS,3,E01003689,0,1
202417H101824,2024,17H101824,2,9,0,-1,19,6,2,-1,0,2,0,0,0,0,1,1,-1,6,1,-1,-1,1332,8,3,MERCEDES A CLASS,-1,-1,0,-1
2024010517928,2024,010517928,1,9,0,9,9,7,5,0,0,8,0,0,0,0,3,1,6,6,1,22,5,1332,1,6,MERCEDES A CLASS,2,E01001437,0,1
2024010516075,2024,010516075,2,9,0,2,2,0,0,6,6,0,0,0,0,0,1,1,6,6,3,-1,-1,1461,2,7,MERCEDES A CLASS,-1,-1,0,-1
2024131534789,2024,131534789,1,9,0,-1,9,3,7,-1,0,1,1,0,1,11,1,1,-1,9,1,19,4,1461,2,6,MERCEDES A CLASS,1,E01011143,0,1
2024161470648,2024,161470648,1,9,0,-1,7,8,4,-1,0,0,0,0,0,0,1,9,-1,9,2,25,5,1461,2,6,MERCEDES A CLASS,5,E01013027,0,2
2024161415911,2024,161415911,3,9,0,-1,19,5,1,-1,0,1,0,0,0,0,1,1,-1,6,2,28,6,1461,2,6,MERCEDES A CLASS,6,E01012961,0,3
2024351465661,2024,351465661,2,9,0,-1,19,8,4,-1,0,0,0,0,0,0,2,1,-1,9,1,20,4,1461,2,5,MERCEDES A CLASS,7,E01030054,0,4
2024070931352,2024,070931352,1,9,0,-1,5,5,3,-1,0,6,0,0,0,0,1,1,-1,6,2,29,6,1332,1,5,MERCEDES A CLASS,1,E01005113,0,2
2024221443640,2024,221443640,2,9,0,-1,4,5,3,-1,0,8,0,0,0,0,2,9,-1,6,2,46,8,1461,2,9,MERCEDES A CLASS,3,E01009162,0,1
2024522402813,2024,522402813,3,9,0,2,2,0,0,0,0,0,0,0,0,0,4,1,6,6,1,17,4,1332,1,3,MERCEDES A CLASS,8,W01001715,0,4
2024471416594,2024,471416594,2,9,0,-1,19,2,6,-1,0,2,0,0,0,0,3,9,-1,9,2,52,8,2143,2,8,MERCEDES A CLASS,5,E01021087,0,1
2024010534545,2024,010534545,2,9,0,18,19,1,5,0,0,1,0,0,0,0,1,1,3,7,1,31,6,1461,2,6,MERCEDES A CLASS,3,E01000016,0,1
2024371430830,2024,371430830,1,9,-1,-1,-1,-1,-1,-1,-1,-1,-1,-1,-1,0,-1,9,-1,6,1,62,9,1332,8,0,MERCEDES A CLASS,8,E01030216,0,1
2024010548219,2024,010548219,2,9,0,9,9,6,4,0,0,6,0,0,0,0,1,1,6,6,2,33,6,1595,1,7,MERCEDES A CLASS,2,E01001438,0,3
2024320184788,2024,320184788,2,9,0,3,3,1,5,0,0,1,0,0,0,0,2,1,6,6,2,24,5,1332,1,5,MERCEDES A CLASS,8,E01012557,0,5
2024052402892,2024,052402892,1,9,0,17,19,5,1,0,0,0,1,0,1,9,4,1,6,6,1,25,5,2143,2,7,MERCEDES A CLASS,2,E01006969,0,3
2024231416415,2024,231416415,2,9,0,-1,19,8,4,-1,0,8,0,0,0,0,3,9,-1,6,2,39,7,1461,2,5,MERCEDES A CLASS,6,E01031017,0,1
2024201438874,2024,201438874,3,9,0,-1,1,4,8,-1,0,0,0,0,0,0,2,1,-1,9,1,19,4,1461,2,7,MERCEDES A CLASS,-1,-1,0,-1
2024010498872,2024,010498872,1,9,0,99,99,9,9,99,99,9,9,99,9,99,9,9,6,6,1,23,5,1461,2,7,MERCEDES A CLASS,6,E01001029,0,2
2024010518348,2024,010518348,1,9,0,2,2,0,0,2,2,1,0,0,0,0,2,1,6,6,3,-1,-1,1950,2,5,MERCEDES A CLASS,-1,-1,0,-1
2024221438407,2024,221438407,1,9,0,-1,4,8,4,-1,0,8,1,0,7,9,1,1,-1,6,1,21,5,1461,2,11,MERCEDES A CLASS,4,W01001297,0,4
2024061508504,2024,061508504,1,9,0,-1,19,1,5,-1,0,0,0,0,0,0,3,1,-1,6,1,35,6,1461,2,10,MERCEDES A CLASS,-1,-1,0,-1
2024131458621,2024,131458621,1,9,0,-1,19,7,5,-1,0,0,5,0,0,0,4,1,-1,9,1,32,6,1461,2,5,MERCEDES A CLASS,4,E01010633,0,1
2024991396536,2024,991396536,2,9,0,-1,19,8,4,-1,0,8,0,0,0,0,1,1,-1,2,2,34,6,1461,2,7,MERCEDES A CLASS,7,-1,0,2
2024010518576,2024,010518576,1,9,0,18,19,3,7,0,0,1,0,0,0,0,1,1,6,6,2,37,7,1498,1,14,MERCEDES A CLASS,7,E01001231,0,3
2024610033924,2024,610033924,1,9,0,5,5,7,3,0,0,8,0,0,0,0,3,1,6,6,2,26,6,1796,2,10,MERCEDES A CLASS,2,W01001456,0,1
2024010539818,2024,010539818,1,9,0,99,99,9,9,99,99,9,9,99,9,99,2,9,6,6,3,30,6,1461,2,6,MERCEDES A CLASS,5,E01033922,0,1
2024131479417,2024,131479417,2,9,0,-1,19,5,1,-1,0,0,0,0,0,0,1,1,-1,9,1,44,7,1332,8,0,MERCEDES A CLASS,3,E01011779,0,1
2024471512441,2024,471512441,1,9,0,-1,19,2,7,-1,0,0,0,0,7,4,1,1,-1,9,1,36,7,1461,2,7,MERCEDES A CLASS,2,E01020922,0,3
2024451533830,2024,451533830,1,9,0,-1,19,6,2,-1,9,0,0,0,7,4,1,1,-1,2,2,35,6,1461,2,6,MERCEDES A CLASS,5,E01023104,0,3
2024201491431,2024,201491431,1,9,0,-1,13,6,2,-1,0,8,0,0,0,0,1,2,-1,7,2,36,7,1796,2,10,MERCEDES A CLASS,2,E01010051,0,1
2024061396353,2024,061396353,4,9,0,-1,3,3,7,-1,0,0,0,0,0,0,2,1,-1,2,2,37,7,1950,2,1,MERCEDES A CLASS,2,E01006380,0,2
2024552401263,2024,552401263,1,9,0,11,11,6,2,0,0,0,0,0,0,0,4,1,6,6,3,-1,-1,1332,1,2,MERCEDES A CLASS,-1,-1,0,-1
2024131495515,2024,131495515,1,9,0,-1,9,1,3,-1,0,5,0,0,7,0,3,1,-1,6,2,50,8,1461,2,8,MERCEDES A CLASS,1,E01010733,0,1
2024131518865,2024,131518865,2,9,0,-1,5,4,8,-1,0,8,0,0,0,0,3,1,-1,2,2,41,7,1332,1,6,MERCEDES A CLASS,7,E01011393,0,1
2024421413463,2024,421413463,1,9,0,-1,19,2,6,-1,0,8,0,0,1,0,1,1,-1,6,-1,25,5,1332,1,5,MERCEDES A CLASS,2,E01032565,0,4
2024371484472,2024,371484472,2,9,0,-1,3,8,4,-1,0,1,0,0,0,0,2,1,-1,6,1,42,7,1991,2,15,MERCEDES A CLASS,5,E01026618,0,3
2024010535659,2024,010535659,1,9,0,99,99,9,9,99,99,9,9,99,9,99,9,9,6,6,3,50,8,1699,1,17,MERCEDES A CLASS,4,E01003036,0,3
2024010508488,2024,010508488,3,9,0,2,2,0,0,0,0,2,0,10,5,7,2,1,6,6,3,-1,-1,1461,2,5,MERCEDES A CLASS,-1,-1,0,-1
2024010540568,2024,010540568,1,9,0,18,19,5,1,0,0,0,0,0,0,0,1,1,6,6,1,24,5,1332,1,6,MERCEDES A CLASS,4,E01001370,0,1
2024070684855,2024,070684855,1,9,0,18,19,4,8,0,0,0,0,0,0,0,1,1,6,6,2,35,6,1595,1,8,MERCEDES A CLASS,10,E01018576,0,2
2024421512014,2024,421512014,5,9,0,-1,19,5,1,-1,0,0,0,0,0,0,2,1,-1,6,1,71,10,1332,1,2,MERCEDES A CLASS,9,E01018222,0,4
2024461528173,2024,461528173,3,9,0,-1,4,1,5,-1,0,1,0,0,0,0,2,9,-1,6,1,40,7,1332,1,2,MERCEDES A CLASS,9,E01000358,0,2
2024010520729,2024,010520729,1,9,0,7,7,3,6,0,0,1,0,0,0,0,4,1,6,6,1,29,6,1332,8,1,MERCEDES A CLASS,2,-1,0,5
2024131408344,2024,131408344,2,9,0,-1,19,1,5,-1,0,1,0,0,0,0,3,1,-1,1,2,46,8,1332,1,2,MERCEDES A CLASS,3,E01010595,0,2