collision_index,collision_year,collision_ref_no,vehicle_reference,vehicle_type,towing_and_articulation,vehicle_manoeuvre_historic,vehicle_manoeuvre,vehicle_direction_from,vehicle_direction_to,vehicle_location_restricted_lane_historic,vehicle_location_restricted_lane,junction_location,skidding_and_overturning,hit_object_in_carriageway,vehicle_leaving_carriageway,hit_object_off_carriageway,first_point_of_impact,vehicle_left_hand_drive,journey_purpose_of_driver_historic,journey_purpose_of_driver,sex_of_driver,age_of_driver,age_band_of_driver,engine_capacity_cc,propulsion_code,age_of_vehicle,generic_make_model,driver_imd_decile,lsoa_of_driver,escooter_flag,driver_distance_banding
2024010550138,2024,010550138,1,9,0,99,99,9,9,99,99,1,9,99,9,99,9,9,2,2,2,37,7,1595,1,8,MERCEDES A CLASS,8,E01002340,0,1
2024440343496,2024,440343496,1,9,0,18,19,1,5,0,0,3,0,7,0,0,4,1,6,6,2,18,4,1796,2,11,MERCEDES A CLASS,5,E01016392,0,3
2024440325336,2024,440325336,1,9,0,18,19,3,7,0,0,0,0,0,0,0,1,1,6,6,2,77,11,2143,2,6,MERCEDES A CLASS,3,E01023091,0,1
2024052402084,2024,052402084,5,9,0,2,2,0,0,0,0,0,0,0,0,0,2,1,6,6,3,-1,-1,2143,2,8,MERCEDES A CLASS,-1,-1,0,-1
2024440084467,2024,440084467,2,9,0,18,19,4,8,0,0,1,0,0,0,0,1,1,6,6,2,40,7,1498,1,15,MERCEDES A CLASS,10,E01022872,0,1
202417L110724,2024,17L110724,1,9,0,-1,19,6,2,-1,0,0,0,0,1,11,1,1,-1,9,2,29,6,1461,2,9,MERCEDES A CLASS,3,E01012181,0,1
2024451421215,2024,451421215,2,9,0,-1,9,1,5,-1,0,8,0,0,0,0,3,1,-1,9,2,24,5,1461,2,6,MERCEDES A CLASS,8,E01030687,0,1
2024052402839,2024,052402839,2,9,0,18,19,3,7,0,0,1,0,0,0,0,1,1,6,6,2,23,5,1461,2,5,MERCEDES A CLASS,6,E01006920,0,2
2024010550726,2024,010550726,1,9,0,5,5,5,1,0,0,1,0,0,0,0,0,1,2,2,1,39,7,1332,8,1,MERCEDES A CLASS,5,E01033918,0,1
2024061445269,2024,061445269,2,9,0,-1,19,1,1,-1,0,8,0,0,0,0,1,1,-1,9,2,29,6,1461,2,7,MERCEDES A CLASS,2,E01005462,0,1
2024010539288,2024,010539288,2,9,0,1,1,9,9,99,99,6,9,99,9,99,2,9,6,6,2,-1,-1,1461,2,9,MERCEDES A CLASS,2,E01000045,0,2
2024501421880,2024,501421880,1,9,0,-1,19,3,7,-1,0,2,0,0,0,0,4,1,-1,2,2,44,7,2143,2,10,MERCEDES A CLASS,6,E01034625,0,2
2024461487975,2024,461487975,1,9,0,-1,19,3,7,-1,0,1,0,0,0,0,1,1,-1,9,2,29,6,1461,2,10,MERCEDES A CLASS,9,E01024773,0,1
2024471412825,2024,471412825,1,9,0,-1,9,3,1,-1,0,8,0,0,0,0,3,1,-1,2,2,26,6,1796,2,11,MERCEDES A CLASS,6,E01020926,0,1
2024461492439,2024,461492439,2,9,0,-1,4,8,4,-1,0,0,0,0,0,0,2,1,-1,7,2,38,7,1332,1,5,MERCEDES A CLASS,1,E01016031,0,1
2024430317755,2024,430317755,2,9,0,18,19,6,2,0,0,0,0,0,0,0,2,1,6,6,2,50,8,1595,1,7,MERCEDES A CLASS,6,E01028437,0,1
2024340WN5452,2024,340WN5452,1,9,0,-1,19,3,7,-1,0,4,0,0,0,0,1,1,-1,6,2,65,9,1461,2,3,MERCEDES A CLASS,5,E01027138,0,2
2024461498450,2024,461498450,1,9,0,-1,9,5,3,-1,0,0,0,0,0,0,4,9,-1,6,1,-1,-1,2143,2,8,MERCEDES A CLASS,4,E01024651,0,1
2024061515767,2024,061515767,1,9,-1,-1,19,5,1,-1,0,8,0,0,0,0,1,9,-1,6,1,-1,-1,1332,1,5,MERCEDES A CLASS,-1,-1,0,-1
2024351498530,2024,351498530,1,9,0,-1,4,2,6,-1,0,2,0,0,0,0,2,1,-1,6,1,20,4,1991,2,13,MERCEDES A CLASS,5,E01017954,0,1
2024010530276,2024,010530276,1,9,9,99,99,9,9,99,99,9,9,99,9,99,9,9,6,6,2,37,7,1332,1,3,MERCEDES A CLASS,4,E01001469,0,2
2024010538967,2024,010538967,2,9,0,5,5,5,1,0,0,1,1,0,0,0,1,1,6,6,2,61,9,1699,1,17,MERCEDES A CLASS,8,E01001927,0,1
2024010519941,2024,010519941,1,9,0,99,99,9,9,99,99,9,9,99,9,99,2,9,6,6,2,33,6,1595,1,11,MERCEDES A CLASS,6,E01034486,0,1
2024311442770,2024,311442770,1,9,0,-1,7,1,2,-1,9,0,5,0,1,11,1,1,-1,9,2,76,11,1699,1,14,MERCEDES A CLASS,4,E01035383,0,5
2024622400715,2024,622400715,1,9,0,7,7,5,7,0,0,1,0,0,0,0,1,1,6,6,2,41,7,1992,2,16,MERCEDES A CLASS,1,W01000817,0,1
2024101497461,2024,101497461,2,9,0,-1,19,5,1,-1,0,0,0,0,0,0,2,1,-1,2,1,36,7,2143,2,10,MERCEDES A CLASS,3,E01020696,0,4
2024010511930,2024,010511930,2,9,0,9,9,1,8,0,0,6,0,0,0,0,3,1,6,6,2,38,7,1461,2,6,MERCEDES A CLASS,4,E01001050,0,1
2024010505858,2024,010505858,2,9,0,18,19,5,1,0,0,8,0,0,0,0,1,1,6,6,2,45,7,2143,2,7,MERCEDES A CLASS,2,E01003783,0,1
2024201524750,2024,201524750,1,9,0,-1,12,8,4,-1,0,0,0,0,0,0,0,1,-1,6,3,-1,-1,1950,2,5,MERCEDES A CLASS,-1,-1,0,-1
2024201410866,2024,201410866,2,9,0,-1,19,1,5,-1,0,8,0,0,0,0,2,9,-1,6,1,41,7,1461,2,7,MERCEDES A CLASS,1,E01009303,0,1
2024320697961,2024,320697961,2,9,0,-1,-1,2,6,0,0,8,1,0,1,2,1,1,-1,-1,1,43,7,2143,2,8,MERCEDES A CLASS,-1,-1,0,-1
2024991423898,2024,991423898,2,9,0,-1,13,2,6,-1,0,0,5,0,2,0,1,1,-1,9,1,24,5,1991,1,10,MERCEDES A CLASS,4,-1,0,4
2024010504299,2024,010504299,2,9,0,18,19,7,3,0,0,0,0,0,0,0,2,1,6,6,1,27,6,1332,1,5,MERCEDES A CLASS,2,E01001505,0,2
2024351505469,2024,351505469,2,9,0,-1,4,3,7,-1,0,0,0,0,0,0,1,1,-1,6,1,68,10,1595,1,8,MERCEDES A CLASS,5,E01006346,0,5
2024351430070,2024,351430070,2,9,0,-1,19,1,5,-1,0,0,0,0,0,0,1,1,-1,6,-1,-1,-1,1498,7,18,MERCEDES A CLASS,-1,-1,0,-1
2024332400297,2024,332400297,1,9,0,-1,19,5,1,-1,0,5,1,0,7,4,3,1,-1,2,2,35,6,1332,1,5,MERCEDES A CLASS,6,E01025746,0,1
2024201442030,2024,201442030,1,9,0,-1,19,2,6,-1,0,1,0,0,0,0,1,9,-1,9,2,23,5,1461,2,5,MERCEDES A CLASS,1,E01034913,0,1
2024201486449,2024,201486449,1,9,0,-1,19,5,7,-1,0,0,1,10,7,2,4,1,-1,6,2,17,4,1461,2,6,MERCEDES A CLASS,5,E01009798,0,1
2024332400464,2024,332400464,2,9,0,-1,9,8,5,-1,0,6,0,0,0,0,1,1,-1,6,2,45,7,1332,8,0,MERCEDES A CLASS,9,E01025876,0,2
2024440161866,2024,440161866,1,9,0,18,19,8,4,0,0,8,0,0,0,0,1,1,6,6,1,31,6,1332,1,4,MERCEDES A CLASS,10,E01030806,0,4
2024101424969,2024,101424969,2,9,0,-1,4,3,7,-1,0,0,0,0,0,0,2,1,-1,6,2,46,8,2143,2,8,MERCEDES A CLASS,-1,-1,0,-1
2024141439247,2024,141439247,1,9,0,-1,19,5,1,-1,0,0,0,0,0,0,2,1,-1,9,2,37,7,1595,1,10,MERCEDES A CLASS,1,E01011866,0,3
2024471515269,2024,471515269,1,9,0,-1,4,6,7,-1,0,4,0,0,0,0,2,1,-1,6,1,38,7,1332,1,6,MERCEDES A CLASS,3,E01016926,0,1
2024010541818,2024,010541818,1,9,0,18,19,7,3,0,0,2,0,0,0,0,2,1,6,6,2,22,5,1332,1,4,MERCEDES A CLASS,7,E01004749,0,3
2024161478007,2024,161478007,1,9,0,-1,19,2,6,-1,0,0,0,0,0,0,1,1,-1,6,1,24,5,2143,2,7,MERCEDES A CLASS,3,E01013135,0,1
2024010507345,2024,010507345,1,9,0,3,3,9,9,99,99,9,9,99,9,99,9,9,6,6,1,20,4,1461,2,8,MERCEDES A CLASS,3,E01000750,0,3
2024052401479,2024,052401479,1,9,0,18,19,7,3,0,0,3,0,0,0,0,4,1,6,6,1,27,6,1461,2,7,MERCEDES A CLASS,1,E01007128,0,1
2024211508636,2024,211508636,1,9,0,-1,11,5,1,-1,0,0,0,0,0,0,4,1,-1,9,2,24,5,1461,2,5,MERCEDES A CLASS,3,E01015988,0,5
2024320142922,2024,320142922,1,9,0,9,9,4,2,0,0,6,0,0,0,0,1,1,-1,-1,2,38,7,1332,1,5,MERCEDES A CLASS,6,E01026158,0,1
2024010523452,2024,010523452,1,9,0,5,5,3,7,0,0,1,0,0,0,0,3,1,6,6,2,32,6,1332,1,5,MERCEDES A CLASS,2,E01002741,0,1
2024351521634,2024,351521634,3,9,0,-1,3,5,1,-1,0,2,0,0,0,0,2,1,-1,6,1,39,7,1332,1,6,MERCEDES A CLASS,3,E01035552,0,1
2024332400410,2024,332400410,2,9,0,-1,7,1,3,-1,0,2,0,0,0,0,2,1,-1,6,2,22,5,1950,2,4,MERCEDES A CLASS,1,E01013603,0,1
2024101479315,2024,101479315,1,9,0,-1,19,7,3,-1,0,4,0,0,0,0,3,1,-1,6,2,33,6,2143,2,6,MERCEDES A CLASS,1,E01008295,0,1
2024061517533,2024,061517533,2,9,0,-1,19,-1,-1,-1,0,0,0,0,0,0,4,1,-1,6,1,-1,-1,1461,2,5,MERCEDES A CLASS,-1,-1,0,-1
2024361490232,2024,361490232,1,9,0,-1,3,5,1,-1,0,0,0,0,0,0,1,1,-1,2,2,42,7,1332,8,0,MERCEDES A CLASS,4,E01026905,0,1
2024361499345,2024,361499345,1,9,0,-1,19,7,4,-1,0,3,0,0,0,0,3,1,-1,2,1,42,7,1461,2,8,MERCEDES A CLASS,6,E01026797,0,1
2024010535233,2024,010535233,2,9,0,4,4,5,1,0,0,0,0,0,1,11,2,1,6,6,2,22,5,1461,2,5,MERCEDES A CLASS,3,E01003979,0,3
2024552400708,2024,552400708,1,9,0,14,14,2,4,0,0,6,0,0,0,0,4,1,6,6,2,25,5,1461,2,6,MERCEDES A CLASS,5,E01015372,0,1
2024010525727,2024,010525727,2,9,0,5,5,1,5,0,0,2,0,0,0,0,4,1,6,6,1,26,6,1595,1,7,MERCEDES A CLASS,2,E01000098,0,2
2024141397261,2024,141397261,1,9,0,-1,19,7,3,-1,0,6,0,0,0,0,1,9,-1,6,2,28,6,1461,2,9,MERCEDES A CLASS,2,E01007849,0,1
2024141457410,2024,141457410,1,9,0,-1,19,7,3,-1,0,0,0,0,0,0,4,1,-1,6,1,41,7,1991,2,14,MERCEDES A CLASS,1,E01008083,0,1
2024131453571,2024,131453571,2,9,0,-1,19,4,8,-1,0,1,0,0,0,0,1,1,-1,9,2,36,7,1461,2,8,MERCEDES A CLASS,2,E01010715,0,2
2024131476326,2024,131476326,2,9,0,-1,19,4,3,-1,0,8,0,0,0,0,1,1,-1,6,2,28,6,2143,2,7,MERCEDES A CLASS,1,E01010807,0,1
2024101455401,2024,101455401,2,9,0,-1,3,8,5,-1,0,1,0,0,0,0,2,1,-1,2,1,53,8,1332,8,2,MERCEDES A CLASS,3,E01008720,0,1
2024361501773,2024,361501773,1,9,0,-1,19,7,3,-1,0,0,0,0,0,0,1,1,-1,9,1,42,7,1991,2,12,MERCEDES A CLASS,8,E01035150,0,1
2024332400631,2024,332400631,1,9,0,-1,2,0,0,-1,0,0,0,0,0,0,2,1,-1,9,1,43,7,1461,2,7,MERCEDES A CLASS,4,E01026866,0,5
2024430035364,2024,430035364,2,9,0,17,19,3,2,0,0,1,0,0,0,0,1,1,6,6,2,33,6,1991,2,16,MERCEDES A CLASS,3,E01016729,0,2
2024122400365,2024,122400365,1,9,0,9,9,8,6,0,0,8,0,0,0,0,1,1,2,2,2,18,4,1461,2,10,MERCEDES A CLASS,10,E01027722,0,1
2024201530392,2024,201530392,1,9,0,-1,19,6,5,-1,0,0,0,0,0,0,1,9,-1,6,3,30,6,1461,2,6,MERCEDES A CLASS,-1,-1,0,-1
2024430579567,2024,430579567,2,9,0,18,19,1,5,0,0,0,0,0,0,0,4,1,6,6,2,32,6,1595,1,6,MERCEDES A CLASS,9,E01016269,0,1
2024201451709,2024,201451709,1,9,0,-1,9,5,3,-1,0,6,0,0,0,0,1,1,-1,6,-1,-1,-1,1991,2,16,MERCEDES A CLASS,-1,-1,0,-1
2024430312889,2024,430312889,2,9,0,13,13,7,3,0,0,8,0,10,4,1,1,1,6,6,1,23,5,1991,1,7,MERCEDES A CLASS,9,E01017406,0,3
2024451431974,2024,451431974,1,9,0,-1,3,7,3,-1,0,0,0,0,0,0,2,1,-1,9,2,37,7,1332,8,0,MERCEDES A CLASS,7,E01030949,0,1
2024201450856,2024,201450856,2,9,0,-1,7,2,5,-1,0,5,0,0,0,0,2,1,-1,9,1,42,7,1332,8,3,MERCEDES A CLASS,-1,-1,0,-1
2024471450224,2024,471450224,2,9,0,-1,13,2,7,-1,0,3,0,0,0,0,4,1,-1,6,1,48,8,1461,2,5,MERCEDES A CLASS,2,E01016906,0,1
2024411492967,2024,411492967,2,9,0,-1,19,-1,-1,-1,0,0,0,0,0,0,2,9,-1,9,2,28,6,1332,8,0,MERCEDES A CLASS,9,E01023479,0,4
2024010545392,2024,010545392,2,9,0,9,9,4,2,0,0,1,0,0,0,0,1,1,6,6,2,23,5,1461,2,9,MERCEDES A CLASS,9,E01003682,0,1
2024052400888,2024,052400888,1,9,0,10,10,7,5,0,0,6,0,0,0,0,1,1,2,2,1,62,9,1332,8,1,MERCEDES A CLASS,8,E01006680,0,1
2024501418245,2024,501418245,1,9,0,-1,14,2,6,-1,0,0,0,0,7,10,4,1,-1,2,2,27,6,1991,2,15,MERCEDES A CLASS,5,E01020101,0,1
2024201529993,2024,201529993,2,9,0,-1,3,2,6,-1,0,0,0,0,0,0,2,1,-1,9,2,57,9,1498,1,12,MERCEDES A CLASS,1,E01009500,0,1
2024161486936,2024,161486936,2,9,0,-1,19,3,1,-1,0,1,0,0,0,0,4,1,-1,9,1,59,9,1991,2,18,MERCEDES A CLASS,2,E01007635,0,3
2024141426454,2024,141426454,2,9,0,-1,19,6,2,-1,0,0,0,0,0,0,2,1,-1,9,2,25,5,1461,2,7,MERCEDES A CLASS,6,E01007565,0,4
2024421433894,2024,421433894,1,9,0,-1,9,6,3,-1,0,6,0,0,7,0,1,1,-1,9,2,31,6,1461,2,6,MERCEDES A CLASS,4,E01034356,0,1
2024461492740,2024,461492740,1,9,0,-1,19,2,6,-1,0,0,0,0,0,0,1,1,-1,6,2,23,5,1950,2,0,MERCEDES A CLASS,2,E01000079,0,4
2024421411978,2024,421411978,2,9,0,-1,4,1,5,-1,0,0,0,0,0,0,2,1,-1,9,2,53,8,2143,2,8,MERCEDES A CLASS,7,E01021656,0,3
2024461473272,2024,461473272,2,9,0,-1,19,-1,-1,-1,0,0,0,0,0,0,2,9,-1,6,2,27,6,1461,2,6,MERCEDES A CLASS,7,E01030628,0,3
2024010509106,2024,010509106,3,9,0,3,3,1,5,0,0,0,0,0,0,0,2,1,6,6,2,38,7,1332,8,3,MERCEDES A CLASS,6,E01004636,0,1
2024052400281,2024,052400281,4,9,0,3,3,5,1,0,0,0,0,0,0,0,2,1,2,2,2,24,5,1461,2,8,MERCEDES A CLASS,5,E01006462,0,2
2024201535619,2024,201535619,2,9,0,-1,8,5,1,-1,0,1,0,0,0,0,3,1,-1,9,2,27,6,1950,2,5,MERCEDES A CLASS,1,E01009051,0,1
2024430061485,2024,430061485,2,9,0,18,19,4,8,0,0,8,0,0,0,0,1,1,6,6,2,61,9,1461,2,10,MERCEDES A CLASS,7,E01016757,0,1
2024471510853,2024,471510853,2,9,0,-1,19,3,7,-1,0,1,0,0,0,0,1,1,-1,1,2,21,5,1461,2,6,MERCEDES A CLASS,2,E01020911,0,3
2024421460676,2024,421460676,1,9,0,-1,9,6,4,-1,0,8,0,0,0,0,1,9,-1,6,1,23,5,1461,2,7,MERCEDES A CLASS,6,E01002332,0,1
2024010500504,2024,010500504,3,9,0,2,2,0,0,0,0,2,0,0,0,0,1,1,6,6,3,-1,-1,1461,2,5,MERCEDES A CLASS,-1,-1,0,-1
2024010517364,2024,010517364,1,9,0,14,14,6,2,0,0,0,0,0,0,0,3,1,6,6,2,40,7,1461,2,6,MERCEDES A CLASS,4,E01001459,0,1
2024231404303,2024,231404303,1,9,0,-1,19,1,5,-1,0,0,0,0,0,0,1,9,-1,6,2,29,6,1461,2,8,MERCEDES A CLASS,4,E01031087,0,1
2024461471427,2024,461471427,1,9,0,-1,13,4,1,-1,0,0,0,0,0,0,1,1,-1,6,2,43,7,1332,1,4,MERCEDES A CLASS,7,E01024131,0,3
2024131406403,2024,131406403,2,9,0,-1,9,7,7,-1,0,8,5,0,0,0,4,1,-1,6,1,23,5,2143,2,10,MERCEDES A CLASS,2,E01011681,0,1
2024010508784,2024,010508784,1,9,0,18,19,5,1,0,0,5,0,4,0,0,1,1,6,6,1,21,5,1595,1,8,MERCEDES A CLASS,5,E01035647,0,3
2024461508904,2024,461508904,2,9,0,-1,19,1,5,-1,0,1,0,0,0,0,1,1,-1,9,2,36,7,1332,8,4,MERCEDES A CLASS,5,E01024551,0,1
2024430224142,2024,430224142,1,9,0,12,12,7,3,0,0,8,0,0,0,0,1,1,6,6,1,44,7,1332,8,3,MERCEDES A CLASS,6,W01001912,0,5
2024041493179,2024,041493179,1,9,0,-1,19,1,5,-1,0,0,0,0,0,0,3,1,-1,9,2,22,5,1332,1,2,MERCEDES A CLASS,2,E01012642,0,1
2024161518490,2024,161518490,1,9,0,-1,19,4,8,-1,0,0,5,4,0,0,1,9,-1,6,2,52,8,1397,1,22,MERCEDES A CLASS,1,E01012787,0,1
2024131406709,2024,131406709,1,9,0,-1,19,1,5,-1,0,0,0,0,0,0,1,1,-1,2,2,36,7,1461,2,9,MERCEDES A CLASS,1,E01010944,0,2
2024201421382,2024,201421382,4,9,0,-1,2,0,0,-1,0,0,0,0,0,0,1,1,-1,6,2,32,6,2143,2,7,MERCEDES A CLASS,9,E01009422,0,1
2024010529194,2024,010529194,2,9,0,99,99,9,9,99,99,9,9,99,9,99,9,9,6,6,3,26,6,1595,1,7,MERCEDES A CLASS,6,E01003954,0,1
2024631508165,2024,631508165,1,9,0,-1,19,7,2,-1,0,2,0,0,0,0,4,1,-1,6,1,20,4,1950,2,4,MERCEDES A CLASS,6,W01000709,0,3
2024421534637,2024,421534637,2,9,0,-1,2,0,0,-1,0,3,1,9,1,0,0,1,-1,6,1,21,5,1461,2,8,MERCEDES A CLASS,3,E01015986,0,2
2024211404995,2024,211404995,4,9,0,-1,4,5,8,-1,0,0,0,0,0,0,2,9,-1,9,2,-1,-1,1950,2,4,MERCEDES A CLASS,-1,-1,0,-1
2024010531391,2024,010531391,1,9,0,18,19,8,4,0,0,0,0,0,0,0,1,1,2,2,1,58,9,1595,1,9,MERCEDES A CLASS,3,E01003240,0,1
2024111404652,2024,111404652,1,9,0,-1,19,5,8,-1,0,0,1,0,1,0,1,1,-1,2,1,31,6,1332,1,4,MERCEDES A CLASS,1,E01020844,0,1
2024101442751,2024,101442751,1,9,0,-1,19,5,1,-1,0,0,0,0,0,0,4,1,-1,6,2,24,5,1595,1,10,MERCEDES A CLASS,1,E01008837,0,1
2024010515959,2024,010515959,1,9,0,99,99,9,9,99,99,9,9,99,9,99,9,9,2,2,2,27,6,1461,2,4,MERCEDES A CLASS,6,E01003223,0,1
2024991532076,2024,991532076,1,9,0,-1,19,8,5,-1,0,0,0,0,0,0,1,1,-1,9,1,22,5,1332,1,1,MERCEDES A CLASS,9,-1,0,4
2024131513668,2024,131513668,1,9,0,-1,19,3,7,-1,0,0,0,0,0,0,1,1,-1,9,1,33,6,2143,2,10,MERCEDES A CLASS,1,E01010609,0,1
2024071071357,2024,071071357,1,9,0,-1,9,6,4,-1,0,6,0,0,0,0,2,1,-1,9,2,23,5,1461,2,4,MERCEDES A CLASS,1,E01005135,0,4
2024010503037,2024,010503037,2,9,0,7,7,1,2,0,0,5,0,0,0,0,4,1,6,6,1,21,5,1332,1,5,MERCEDES A CLASS,3,E01003539,0,1
2024201521631,2024,201521631,1,9,0,-1,19,5,8,-1,0,0,0,0,0,0,1,9,-1,9,1,22,5,2143,2,8,MERCEDES A CLASS,1,E01009377,0,1
2024371492239,2024,371492239,1,9,0,-1,4,5,3,-1,0,8,0,10,3,3,1,1,-1,9,1,21,5,1991,1,8,MERCEDES A CLASS,5,E01029928,0,1
2024340NN0632,2024,340NN0632,2,9,0,-1,19,7,3,-1,0,8,0,0,0,0,1,1,-1,9,2,23,5,1461,2,9,MERCEDES A CLASS,8,E01035416,0,2
2024421478279,2024,421478279,1,9,0,-1,19,1,5,-1,0,0,0,0,0,0,3,1,-1,9,1,31,6,1461,2,10,MERCEDES A CLASS,9,E01021828,0,1
2024131440651,2024,131440651,2,9,0,-1,19,5,1,-1,0,1,0,0,0,0,1,1,-1,6,1,29,6,1461,2,8,MERCEDES A CLASS,1,E01011626,0,1
2024010532588,2024,010532588,1,9,0,99,99,9,9,99,99,9,9,99,9,99,9,9,2,2,2,34,6,2143,2,7,MERCEDES A CLASS,2,E01001482,0,1
2024311455837,2024,311455837,2,9,0,-1,19,3,5,-1,0,3,0,0,0,0,1,1,-1,6,1,48,8,1991,2,18,MERCEDES A CLASS,1,E01013920,0,1
2024122500099,2024,122500099,2,9,0,17,19,5,1,0,0,0,0,0,1,0,1,1,1,1,1,30,6,2143,2,8,MERCEDES A CLASS,3,E01012289,0,4
2024421509307,2024,421509307,2,9,0,-1,-1,-1,-1,-1,-1,-1,-1,-1,-1,0,-1,9,-1,6,1,32,6,1332,1,2,MERCEDES A CLASS,7,E01021520,0,1
2024440308643,2024,440308643,2,9,0,16,19,1,5,0,0,0,0,0,0,0,1,1,6,6,1,31,6,1332,1,4,MERCEDES A CLASS,-1,-1,0,-1
2024141450031,2024,141450031,2,9,0,-1,2,4,8,-1,0,0,0,0,0,0,3,1,-1,6,-1,-1,-1,2143,2,7,MERCEDES A CLASS,-1,-1,0,-1
2024061460597,2024,061460597,1,9,0,-1,6,3,7,-1,0,0,1,0,0,0,1,1,-1,1,1,47,8,1332,1,2,MERCEDES A CLASS,-1,-1,0,-1
2024041447697,2024,041447697,1,9,0,-1,19,1,5,-1,0,6,0,0,0,0,1,1,-1,6,1,52,8,1595,1,11,MERCEDES A CLASS,1,E01025084,0,1
2024531523472,2024,531523472,4,9,0,-1,4,3,7,-1,0,1,0,0,0,0,2,9,-1,6,2,31,6,1332,1,5,MERCEDES A CLASS,8,E01014953,0,4
2024461395380,2024,461395380,2,9,0,-1,19,1,4,-1,0,6,0,0,0,0,3,1,-1,9,1,40,7,1332,1,5,MERCEDES A CLASS,7,E01024245,0,1
2024461432027,2024,461432027,2,9,0,-1,19,-1,-1,-1,0,0,0,0,-1,0,2,9,-1,6,2,48,8,2143,2,9,MERCEDES A CLASS,8,E01024440,0,1
2024010542276,2024,010542276,1,9,0,12,12,1,5,0,0,2,0,0,0,0,3,1,1,1,2,57,9,1595,1,7,MERCEDES A CLASS,1,E01003515,0,2
2024320485826,2024,320485826,2,9,0,-1,-1,4,8,0,0,1,0,0,0,0,1,1,-1,-1,2,46,8,1498,1,17,MERCEDES A CLASS,9,E01013243,0,3
2024052400387,2024,052400387,1,9,0,9,9,1,7,0,0,8,0,0,0,0,3,1,6,6,1,36,7,1461,2,9,MERCEDES A CLASS,7,W01000210,0,4
2024471437561,2024,471437561,2,9,0,-1,7,-1,-1,-1,99,5,9,0,0,0,2,1,-1,6,1,34,6,1595,1,9,MERCEDES A CLASS,3,E01030547,0,3
2024201491883,2024,201491883,2,9,0,-1,2,0,0,-1,0,0,0,0,0,0,2,1,-1,6,2,22,5,1461,2,6,MERCEDES A CLASS,1,E01010374,0,1
2024061532781,2024,061532781,2,9,0,-1,6,-1,-1,-1,99,5,5,99,0,0,1,1,-1,6,1,-1,-1,2143,2,6,MERCEDES A CLASS,3,E01025391,0,3
2024010514969,2024,010514969,2,9,0,18,19,3,7,0,0,1,0,0,0,0,1,1,6,6,1,32,6,1595,1,6,MERCEDES A CLASS,-1,-1,0,-1
2024332400926,2024,332400926,3,9,0,-1,13,2,6,-1,0,0,1,0,0,0,4,1,-1,6,2,35,6,1461,2,8,MERCEDES A CLASS,3,E01025715,0,1
2024471498408,2024,471498408,1,9,0,-1,10,2,6,-1,0,1,0,0,0,0,2,1,-1,9,2,49,8,1461,2,8,MERCEDES A CLASS,9,E01031721,0,2
2024052401957,2024,052401957,1,9,0,9,9,2,1,0,0,1,0,0,0,0,1,1,6,6,1,32,6,1461,2,6,MERCEDES A CLASS,2,E01006439,0,1
2024201519948,2024,201519948,1,9,0,-1,7,8,2,-1,0,6,0,0,0,0,1,1,-1,6,1,18,4,1332,1,1,MERCEDES A CLASS,-1,-1,0,-1
2024201413751,2024,201413751,1,9,0,-1,13,2,6,-1,0,1,0,10,1,2,4,1,-1,6,1,26,6,1950,2,3,MERCEDES A CLASS,9,E01029364,0,4
2024991515478,2024,991515478,1,9,0,-1,5,5,8,-1,0,4,0,0,0,0,4,1,-1,9,1,19,4,2143,2,6,MERCEDES A CLASS,3,-1,0,1
2024340WN2172,2024,340WN2172,1,9,0,-1,5,3,7,-1,0,0,0,0,0,0,4,1,-1,6,1,32,6,1332,8,4,MERCEDES A CLASS,-1,-1,0,-1
2024311418434,2024,311418434,2,9,0,-1,19,1,3,-1,0,0,0,0,0,0,4,9,-1,2,2,22,5,1461,2,5,MERCEDES A CLASS,10,E01028404,0,2
2024010490433,2024,010490433,1,9,0,9,9,7,5,0,0,5,0,0,0,0,1,1,6,6,1,24,5,1332,1,5,MERCEDES A CLASS,2,E01001477,0,2
2024041493679,2024,041493679,2,9,0,-1,2,0,0,-1,0,8,0,0,0,0,1,1,-1,6,2,33,6,2143,2,8,MERCEDES A CLASS,1,E01025084,0,2
2024430418343,2024,430418343,2,9,0,18,19,1,5,0,0,8,1,0,1,0,1,1,6,6,2,60,9,1950,2,3,MERCEDES A CLASS,9,E01035727,0,4
2024520402658,2024,520402658,2,9,0,18,19,2,6,0,0,2,0,0,0,0,2,1,6,6,2,42,7,1595,1,6,MERCEDES A CLASS,5,E01029289,0,1
2024010499461,2024,010499461,1,9,0,99,99,9,9,99,99,9,9,99,9,99,2,9,6,6,2,32,6,1461,2,5,MERCEDES A CLASS,4,E01033738,0,2
2024010523213,2024,010523213,5,9,0,2,2,0,0,0,0,0,0,0,0,0,0,1,6,6,3,-1,-1,2143,2,7,MERCEDES A CLASS,-1,-1,0,-1