collision_index,collision_year,collision_ref_no,vehicle_reference,vehicle_type,towing_and_articulation,vehicle_manoeuvre_historic,vehicle_manoeuvre,vehicle_direction_from,vehicle_direction_to,vehicle_location_restricted_lane_historic,vehicle_location_restricted_lane,junction_location,skidding_and_overturning,hit_object_in_carriageway,vehicle_leaving_carriageway,hit_object_off_carriageway,first_point_of_impact,vehicle_left_hand_drive,journey_purpose_of_driver_historic,journey_purpose_of_driver,sex_of_driver,age_of_driver,age_band_of_driver,engine_capacity_cc,propulsion_code,age_of_vehicle,generic_make_model,driver_imd_decile,lsoa_of_driver,escooter_flag,driver_distance_banding
202460Q068359,2024,60Q068359,1,9,0,9,9,5,3,0,0,6,0,0,0,0,1,1,1,1,1,30,6,1950,2,3,MERCEDES A CLASS,-1,-1,0,-1
2024991477976,2024,991477976,3,9,0,-1,19,1,5,-1,0,1,0,0,0,0,2,1,-1,9,1,51,8,1332,1,1,MERCEDES A CLASS,10,-1,0,1
2024010533714,2024,010533714,2,9,0,18,19,7,3,0,0,2,0,0,0,0,1,1,6,6,2,30,6,1461,2,8,MERCEDES A CLASS,6,E01023903,0,3
2024361462725,2024,361462725,2,9,0,-1,19,7,3,-1,0,8,0,0,1,10,4,1,-1,9,1,25,5,1461,2,5,MERCEDES A CLASS,3,E01026663,0,3
2024010527944,2024,010527944,1,9,0,17,19,5,1,0,0,2,0,0,0,0,1,1,6,6,1,27,6,1332,1,6,MERCEDES A CLASS,2,E01033939,0,1
2024201439156,2024,201439156,3,9,0,-1,3,1,5,-1,0,0,0,0,0,0,1,1,-1,6,1,44,7,2143,2,9,MERCEDES A CLASS,1,E01010289,0,3
2024991535320,2024,991535320,1,9,0,-1,19,7,3,-1,0,0,5,0,1,11,1,1,-1,9,1,32,6,1991,1,8,MERCEDES A CLASS,-1,-1,0,-1
2024010507838,2024,010507838,2,9,0,9,9,6,4,0,0,8,0,0,0,0,4,1,6,6,2,26,6,1461,2,5,MERCEDES A CLASS,9,E01004281,0,2
2024221512038,2024,221512038,1,9,0,-1,19,3,6,-1,0,0,0,0,7,10,1,1,-1,6,1,28,6,1461,2,9,MERCEDES A CLASS,3,E01014005,0,3
2024201453697,2024,201453697,1,9,0,-1,9,8,2,-1,0,6,0,0,0,0,1,9,-1,9,2,24,5,1332,1,4,MERCEDES A CLASS,1,E01009341,0,1
2024010526541,2024,010526541,1,9,0,99,99,9,9,99,99,9,9,99,9,99,9,9,6,6,1,40,7,1332,1,2,MERCEDES A CLASS,5,E01001556,0,1
2024131473090,2024,131473090,1,9,0,-1,19,1,5,-1,0,1,0,0,0,0,1,1,-1,9,1,30,6,1332,1,2,MERCEDES A CLASS,3,E01011691,0,1
2024010538647,2024,010538647,3,9,0,3,3,7,3,0,0,8,0,0,0,0,3,1,6,6,1,37,7,2143,2,8,MERCEDES A CLASS,2,E01000781,0,1
2024031420461,2024,031420461,1,9,0,-1,1,6,5,-1,0,1,0,0,0,0,4,9,-1,7,1,40,7,1950,2,3,MERCEDES A CLASS,1,E01019142,0,1
2024010528569,2024,010528569,1,9,0,10,10,5,3,0,0,1,0,0,0,0,1,1,6,6,3,-1,-1,1461,2,10,MERCEDES A CLASS,4,E01002629,0,1
2024231498279,2024,231498279,3,9,0,-1,4,4,8,-1,0,0,0,0,0,0,1,1,-1,6,1,27,6,1461,2,5,MERCEDES A CLASS,1,E01009486,0,4
2024101468196,2024,101468196,1,9,0,-1,19,5,1,-1,0,0,0,0,0,0,1,1,-1,6,2,48,8,2143,2,8,MERCEDES A CLASS,1,E01008817,0,1
2024622400709,2024,622400709,4,9,0,18,19,8,4,0,0,1,0,0,0,0,2,1,6,6,2,35,6,1461,2,7,MERCEDES A CLASS,1,W01001288,0,2
2024411518626,2024,411518626,1,9,0,-1,9,3,8,-1,0,0,0,0,0,0,1,1,-1,6,2,42,7,1461,2,8,MERCEDES A CLASS,6,E01035181,0,3
2024010502602,2024,010502602,1,9,0,17,19,5,1,0,0,0,1,7,1,4,1,1,6,6,1,23,5,1461,2,5,MERCEDES A CLASS,3,E01001053,0,1
2024010498043,2024,010498043,1,9,0,3,3,3,7,0,0,1,0,0,0,0,2,1,6,6,2,41,7,2143,2,10,MERCEDES A CLASS,2,E01000483,0,1
2024332400966,2024,332400966,1,9,0,-1,19,5,1,-1,0,8,0,0,0,0,4,1,-1,7,2,31,6,1461,2,10,MERCEDES A CLASS,2,E01034018,0,1
2024161457046,2024,161457046,1,9,0,-1,19,1,5,-1,0,0,0,0,0,0,1,9,-1,6,2,59,9,1950,2,2,MERCEDES A CLASS,7,E01013247,0,3
2024010503147,2024,010503147,1,9,0,9,9,7,5,0,0,6,0,0,0,0,1,1,6,6,2,37,7,1461,2,7,MERCEDES A CLASS,1,E01001562,0,1
2024421440388,2024,421440388,2,9,0,-1,19,1,5,-1,0,0,0,0,0,0,2,1,-1,1,2,33,6,2143,2,10,MERCEDES A CLASS,8,E01033052,0,4
2024010548958,2024,010548958,2,9,0,18,19,9,9,99,99,1,9,99,9,99,9,9,6,6,3,47,8,1332,1,3,MERCEDES A CLASS,4,E01003916,0,1
2024421406957,2024,421406957,3,9,0,-1,19,8,4,-1,0,0,0,0,0,0,3,1,-1,9,2,38,7,1461,2,11,MERCEDES A CLASS,-1,-1,0,-1
2024531479884,2024,531479884,1,9,0,-1,5,5,1,-1,0,0,0,0,0,0,1,1,-1,9,1,22,5,1461,2,7,MERCEDES A CLASS,4,E01022228,0,1
2024991494730,2024,991494730,2,9,0,-1,19,2,6,-1,0,0,0,0,7,0,1,1,-1,9,1,52,8,1461,2,5,MERCEDES A CLASS,8,-1,0,4
2024010538380,2024,010538380,1,9,0,18,19,7,3,0,0,1,0,0,0,0,3,1,6,6,2,65,9,1332,1,2,MERCEDES A CLASS,-1,-1,0,-1
2024201479602,2024,201479602,1,9,0,-1,19,5,4,-1,0,3,0,0,0,0,1,1,-1,6,2,34,6,1498,1,13,MERCEDES A CLASS,1,E01009258,0,1
2024101444349,2024,101444349,1,9,0,-1,19,1,5,-1,0,2,0,0,0,0,1,1,-1,6,2,22,5,1796,2,11,MERCEDES A CLASS,2,E01008653,0,1
2024010518941,2024,010518941,1,9,0,18,19,5,1,0,0,0,0,0,0,0,1,1,6,6,1,21,5,1461,2,7,MERCEDES A CLASS,5,E01002119,0,4
2024461431998,2024,461431998,1,9,0,-1,7,5,8,-1,9,0,1,0,7,0,1,1,-1,9,1,17,4,1461,2,6,MERCEDES A CLASS,7,E01035286,0,1
2024061511615,2024,061511615,1,9,0,-1,19,6,2,-1,0,2,0,0,0,0,1,1,-1,9,2,23,5,1332,1,5,MERCEDES A CLASS,8,E01032485,0,2
2024351535762,2024,351535762,2,9,0,-1,19,7,5,-1,0,0,0,0,0,0,1,1,-1,6,2,33,6,1332,1,5,MERCEDES A CLASS,8,E01018296,0,1
2024610038424,2024,610038424,1,9,0,18,19,5,1,0,0,0,0,0,7,0,1,1,2,2,1,-1,-1,1461,2,9,MERCEDES A CLASS,6,W01001437,0,1
202460Q159477,2024,60Q159477,2,9,0,18,19,5,1,0,0,0,0,0,0,0,2,1,2,2,1,49,8,1332,8,2,MERCEDES A CLASS,-1,-1,0,-1
2024161436793,2024,161436793,1,9,0,-1,15,4,8,-1,0,1,0,0,0,0,1,1,-1,6,2,35,6,1991,2,14,MERCEDES A CLASS,1,E01012865,0,2
2024052500232,2024,052500232,2,9,0,10,10,7,5,0,0,1,0,0,0,0,3,1,6,6,1,47,8,1332,1,5,MERCEDES A CLASS,7,E01006421,0,1
2024471492004,2024,471492004,1,9,0,-1,19,3,7,-1,0,2,0,0,0,0,1,1,-1,6,2,23,5,2143,2,8,MERCEDES A CLASS,10,E01031695,0,1
2024351516230,2024,351516230,1,9,0,-1,9,1,6,-1,0,2,0,0,0,0,1,1,-1,2,2,37,7,2143,2,7,MERCEDES A CLASS,7,E01018053,0,1
2024010564289,2024,010564289,2,9,0,99,99,9,9,99,99,9,9,99,9,99,9,9,6,6,3,-1,-1,1461,2,9,MERCEDES A CLASS,-1,-1,0,-1
2024041491120,2024,041491120,2,9,0,-1,19,4,2,-1,0,1,0,0,0,0,1,1,-1,9,1,33,6,1332,1,3,MERCEDES A CLASS,6,E01025066,0,1
2024451538661,2024,451538661,1,9,0,-1,19,8,4,-1,0,0,1,0,7,4,1,1,-1,9,1,20,4,1461,2,5,MERCEDES A CLASS,4,E01001023,0,1
2024430086000,2024,430086000,1,9,0,18,19,1,5,0,0,0,5,0,0,0,1,1,6,6,1,50,8,1333,1,6,MERCEDES A CLASS,1,E01025447,0,5
2024101476518,2024,101476518,2,9,0,-1,19,7,3,-1,0,0,0,0,0,0,1,1,-1,6,2,57,9,1991,2,16,MERCEDES A CLASS,5,E01027453,0,3
2024010514498,2024,010514498,1,9,0,99,99,9,9,99,99,9,9,99,9,99,1,9,6,6,2,35,6,1461,2,7,MERCEDES A CLASS,8,E01002199,0,1
2024061407791,2024,061407791,1,9,0,-1,5,7,3,-1,0,2,0,0,1,0,1,1,-1,2,2,33,6,1461,2,6,MERCEDES A CLASS,6,E01005627,0,3
2024411481806,2024,411481806,2,9,0,-1,19,-1,-1,-1,0,0,0,0,0,0,4,9,-1,9,1,28,6,1461,2,7,MERCEDES A CLASS,4,E01023873,0,2
2024451489288,2024,451489288,1,9,0,-1,12,1,5,-1,0,3,0,0,0,0,3,1,-1,9,1,53,8,1461,2,4,MERCEDES A CLASS,4,E01030746,0,1
2024010507737,2024,010507737,2,9,0,99,99,9,9,99,99,9,9,99,9,99,9,1,6,6,3,-1,-1,1498,1,19,MERCEDES A CLASS,-1,-1,0,-1
2024501487295,2024,501487295,4,9,0,-1,4,5,1,-1,0,0,0,0,0,0,2,1,-1,6,1,24,5,1796,2,10,MERCEDES A CLASS,5,E01019981,0,2
2024421538664,2024,421538664,3,9,0,-1,19,5,1,-1,0,1,0,0,0,0,2,1,-1,6,1,32,6,1498,1,14,MERCEDES A CLASS,3,E01015934,0,1
2024101476360,2024,101476360,1,9,0,-1,19,5,1,-1,0,0,0,0,8,4,1,1,-1,9,2,37,7,1461,2,11,MERCEDES A CLASS,3,E01008208,0,4
2024010518840,2024,010518840,1,9,0,99,99,9,9,99,99,0,9,99,9,99,1,1,6,6,2,27,6,1332,1,5,MERCEDES A CLASS,4,E01001397,0,1
2024010503998,2024,010503998,2,9,0,18,19,1,5,0,0,0,0,4,0,0,1,1,2,2,2,28,6,1461,2,6,MERCEDES A CLASS,4,E01001674,0,1
2024131424733,2024,131424733,1,9,0,-1,19,1,1,-1,0,1,0,0,0,0,1,1,-1,9,1,40,7,1332,8,4,MERCEDES A CLASS,3,E01033900,0,1
2024440016148,2024,440016148,1,9,0,3,3,8,4,0,0,1,0,0,0,0,2,1,6,6,2,32,6,1595,1,8,MERCEDES A CLASS,5,E01022842,0,1
2024122400211,2024,122400211,2,9,0,18,19,3,7,0,0,8,0,0,1,4,1,1,6,6,1,39,7,1461,2,4,MERCEDES A CLASS,7,E01027760,0,3
2024991418849,2024,991418849,1,9,0,-1,9,8,6,-1,0,6,0,0,0,0,1,1,-1,9,1,60,9,1595,1,6,MERCEDES A CLASS,7,-1,0,1
2024141529756,2024,141529756,1,9,0,-1,19,2,6,-1,0,0,0,0,0,0,1,9,-1,6,1,41,7,1332,8,3,MERCEDES A CLASS,2,E01007967,0,1
2024010547980,2024,010547980,2,9,0,7,7,1,4,2,2,5,0,0,0,0,4,1,6,6,2,26,6,1461,2,8,MERCEDES A CLASS,-1,-1,0,-1
2024010546453,2024,010546453,2,9,0,99,99,9,9,99,99,9,9,99,9,99,1,9,2,2,2,53,8,1498,1,13,MERCEDES A CLASS,9,E01000765,0,2
2024061440173,2024,061440173,1,9,0,-1,19,-1,-1,-1,0,0,0,0,0,0,3,1,-1,2,1,58,9,1461,2,7,MERCEDES A CLASS,5,E01005268,0,2
2024552400028,2024,552400028,1,9,0,5,5,5,1,0,0,8,0,0,0,0,3,1,6,6,2,26,6,1461,2,7,MERCEDES A CLASS,4,E01015382,0,1
2024070728921,2024,070728921,1,9,0,-1,19,1,5,-1,0,1,0,0,0,0,1,1,-1,2,2,58,9,1461,2,10,MERCEDES A CLASS,5,E01018426,0,2
2024010542656,2024,010542656,2,9,0,99,99,9,9,99,99,9,9,99,9,99,9,9,6,6,3,-1,-1,1595,1,8,MERCEDES A CLASS,-1,-1,0,-1
202417M106924,2024,17M106924,2,9,0,-1,19,2,6,-1,0,8,0,0,0,0,1,1,-1,9,1,48,8,1461,2,9,MERCEDES A CLASS,8,E01012023,0,1
2024421461850,2024,421461850,2,9,0,-1,19,4,8,-1,0,1,0,0,0,0,1,1,-1,9,1,63,9,1950,2,4,MERCEDES A CLASS,5,E01021572,0,2
2024411473258,2024,411473258,1,9,0,-1,19,2,5,-1,0,1,0,4,0,0,1,1,-1,6,2,24,5,1461,2,6,MERCEDES A CLASS,8,E01023569,0,1
2024421419811,2024,421419811,3,9,-1,-1,10,5,2,-1,0,0,0,0,0,0,-1,1,-1,6,3,-1,-1,1332,1,4,MERCEDES A CLASS,-1,-1,0,-1
2024991463863,2024,991463863,2,9,0,-1,19,1,5,-1,0,0,0,0,0,0,2,1,-1,9,2,60,9,1332,8,3,MERCEDES A CLASS,8,E01019242,0,5
2024041495062,2024,041495062,2,9,0,-1,2,0,0,-1,0,0,0,0,0,0,2,1,-1,9,1,71,10,1595,1,9,MERCEDES A CLASS,8,E01025018,0,1
2024131460123,2024,131460123,1,9,0,-1,19,1,1,-1,0,1,0,0,0,0,3,1,-1,6,2,46,8,1461,2,9,MERCEDES A CLASS,6,E01011704,0,1
2024320736856,2024,320736856,1,9,0,-1,-1,2,6,0,0,0,0,0,0,0,1,1,-1,-1,2,25,5,1332,1,5,MERCEDES A CLASS,4,E01026254,0,3
2024201469072,2024,201469072,1,9,0,-1,7,6,2,-1,0,8,0,10,1,11,4,1,-1,9,2,42,7,1332,8,3,MERCEDES A CLASS,1,E01010484,0,1
2024421412681,2024,421412681,2,9,0,-1,2,5,1,-1,0,2,0,4,0,0,1,2,-1,6,-1,-1,-1,1332,8,4,MERCEDES A CLASS,-1,-1,0,-1
2024610010724,2024,610010724,2,9,0,2,2,0,0,0,0,0,0,0,0,0,1,1,6,6,2,33,6,1461,2,8,MERCEDES A CLASS,2,W01001341,0,1
2024010539022,2024,010539022,1,9,0,99,99,9,9,99,99,9,9,99,9,99,1,9,6,6,2,24,5,1461,2,7,MERCEDES A CLASS,10,E01028089,0,5
2024201525420,2024,201525420,1,9,0,-1,19,7,3,-1,0,1,0,0,0,0,4,1,-1,6,1,-1,-1,1461,2,7,MERCEDES A CLASS,-1,-1,0,-1
2024010523264,2024,010523264,2,9,0,99,99,9,9,99,99,9,9,99,9,99,1,9,6,6,1,71,10,1332,1,4,MERCEDES A CLASS,7,E01001922,0,1
2024440145643,2024,440145643,3,9,0,18,19,6,2,0,0,0,0,0,0,0,1,1,6,6,2,28,6,1332,1,4,MERCEDES A CLASS,5,E01017137,0,2
2024340WN2482,2024,340WN2482,1,9,0,-1,19,3,7,-1,0,3,0,0,0,0,1,1,-1,9,1,26,6,1461,2,8,MERCEDES A CLASS,8,E01027260,0,1
2024010531836,2024,010531836,2,9,0,6,6,1,1,0,0,1,0,0,7,0,3,2,6,6,3,-1,-1,1595,1,8,MERCEDES A CLASS,-1,-1,0,-1
2024041491456,2024,041491456,2,9,0,-1,9,4,6,-1,0,3,0,0,0,0,4,1,-1,9,2,22,5,1461,2,6,MERCEDES A CLASS,1,E01025215,0,1
2024411409741,2024,411409741,3,9,0,-1,3,5,1,-1,0,0,0,0,0,0,2,1,-1,6,1,52,8,1950,2,5,MERCEDES A CLASS,4,-1,0,5
2024211530811,2024,211530811,2,9,0,-1,19,5,1,-1,0,2,0,0,1,0,1,1,-1,6,2,59,9,1332,8,4,MERCEDES A CLASS,6,E01029778,0,1
2024131405517,2024,131405517,2,9,0,-1,19,1,5,-1,0,0,0,0,0,0,4,1,-1,6,1,41,7,1498,1,16,MERCEDES A CLASS,1,E01010960,0,1
2024302400199,2024,302400199,1,9,0,9,9,8,5,0,0,5,0,0,0,0,4,1,6,6,2,32,6,1461,2,6,MERCEDES A CLASS,5,E01013595,0,1
2024041398250,2024,041398250,1,9,0,-1,19,-1,-1,-1,0,1,0,0,0,0,1,9,-1,6,3,-1,-1,1332,8,1,MERCEDES A CLASS,-1,-1,0,-1
2024010526058,2024,010526058,1,9,0,99,99,9,9,99,99,9,9,99,9,99,9,9,6,6,1,53,8,1332,8,3,MERCEDES A CLASS,3,E01001188,0,1
2024041423606,2024,041423606,2,9,0,-1,3,5,1,-1,0,0,0,0,0,0,2,1,-1,6,2,32,6,1461,2,11,MERCEDES A CLASS,1,E01025182,0,1
2024010496024,2024,010496024,2,9,0,18,19,5,1,0,0,1,0,0,0,0,1,1,6,6,3,-1,-1,1332,1,4,MERCEDES A CLASS,-1,-1,0,-1
2024531494657,2024,531494657,1,9,0,-1,19,8,4,-1,0,1,0,0,7,4,1,1,-1,9,1,62,9,1332,1,5,MERCEDES A CLASS,7,E01022414,0,1
2024552400738,2024,552400738,2,9,0,18,19,5,1,0,0,0,0,0,0,0,1,1,2,2,2,36,7,1950,2,2,MERCEDES A CLASS,6,E01034375,0,2
2024131448232,2024,131448232,2,9,0,-1,19,3,7,-1,0,1,0,0,0,0,2,1,-1,9,2,25,5,1332,8,1,MERCEDES A CLASS,6,E01011521,0,2
2024010528636,2024,010528636,1,9,0,5,5,1,5,0,0,0,0,0,0,0,3,1,6,6,1,23,5,1461,2,6,MERCEDES A CLASS,5,E01001247,0,2
2024010533572,2024,010533572,1,9,0,17,19,1,5,0,0,0,1,7,0,0,1,1,2,2,1,28,6,1332,1,3,MERCEDES A CLASS,-1,-1,0,-1
2024520002861,2024,520002861,2,9,0,18,19,9,9,0,0,8,0,0,0,0,0,1,6,6,2,61,9,1332,8,4,MERCEDES A CLASS,10,E01014377,0,1
2024010507941,2024,010507941,2,9,0,99,99,9,9,99,99,9,9,99,9,99,1,9,6,6,3,-1,-1,1498,1,12,MERCEDES A CLASS,-1,-1,0,-1
2024010533115,2024,010533115,1,9,0,4,4,1,5,0,0,0,0,0,0,0,4,1,6,6,1,17,4,1332,1,6,MERCEDES A CLASS,8,E01000314,0,1
2024411485025,2024,411485025,1,9,-1,-1,-1,-1,-1,-1,-1,0,-1,-1,-1,0,-1,9,-1,6,2,-1,-1,1332,8,3,MERCEDES A CLASS,-1,-1,0,-1
2024311497101,2024,311497101,2,9,0,-1,19,1,5,-1,0,0,0,0,0,0,3,2,-1,6,1,55,8,1332,1,4,MERCEDES A CLASS,-1,-1,0,-1
2024010506184,2024,010506184,2,9,0,99,99,9,9,99,99,9,9,99,9,99,1,9,6,6,2,35,6,1332,1,6,MERCEDES A CLASS,2,E01003556,0,1
2024010530747,2024,010530747,1,9,0,9,9,7,5,0,0,5,0,0,0,0,3,1,6,6,1,21,5,1332,1,6,MERCEDES A CLASS,5,E01001973,0,2
2024201462721,2024,201462721,1,9,0,-1,19,6,2,-1,0,3,0,0,0,0,1,9,-1,6,2,37,7,1461,2,10,MERCEDES A CLASS,5,E01009179,0,2
2024471404449,2024,471404449,2,9,0,-1,19,1,5,-1,0,1,0,0,0,0,4,1,-1,9,1,28,6,1332,1,4,MERCEDES A CLASS,6,E01031452,0,1
2024371434878,2024,371434878,1,9,0,-1,19,4,8,-1,0,1,0,0,0,0,3,1,-1,6,2,22,5,1461,2,8,MERCEDES A CLASS,6,E01029876,0,4
2024201539232,2024,201539232,2,9,0,-1,19,5,1,-1,0,8,0,0,0,0,3,1,-1,6,2,26,6,1332,8,0,MERCEDES A CLASS,8,E01035014,0,3
2024061507358,2024,061507358,2,9,0,-1,19,8,7,-1,0,2,0,0,0,0,4,1,-1,6,2,26,6,2143,2,8,MERCEDES A CLASS,2,E01004980,0,1
2024201489255,2024,201489255,2,9,0,-1,3,8,4,-1,0,0,0,0,0,0,2,1,-1,6,1,44,7,2143,2,9,MERCEDES A CLASS,1,E01009309,0,3
2024401449784,2024,401449784,2,9,-1,-1,-1,-1,-1,-1,-1,-1,-1,-1,-1,0,-1,9,-1,2,2,28,6,1595,1,6,MERCEDES A CLASS,8,E01015747,0,1
2024991509021,2024,991509021,1,9,0,-1,19,5,1,-1,0,2,0,0,0,0,4,1,-1,6,1,35,6,1332,1,1,MERCEDES A CLASS,-1,-1,0,-1
202460Q106987,2024,60Q106987,2,9,0,18,19,3,7,0,0,0,0,0,0,0,3,1,6,6,2,70,10,1991,2,12,MERCEDES A CLASS,-1,-1,0,-1
2024070899819,2024,070899819,3,9,0,-1,19,7,3,-1,0,0,0,0,1,0,3,1,-1,2,2,28,6,1332,1,4,MERCEDES A CLASS,10,E01012503,0,3
2024401538906,2024,401538906,2,9,0,-1,4,5,1,-1,0,1,0,0,0,0,1,1,-1,6,2,29,6,1461,2,8,MERCEDES A CLASS,6,E01016737,0,3
2024010518015,2024,010518015,1,9,0,18,19,5,1,0,0,1,0,7,0,0,1,1,6,6,2,75,10,1332,1,4,MERCEDES A CLASS,7,E01002981,0,1
2024201454737,2024,201454737,1,9,0,-1,19,8,4,-1,0,8,0,0,0,0,2,9,-1,6,2,50,8,1333,1,6,MERCEDES A CLASS,9,E01010183,0,2
2024351402177,2024,351402177,1,9,0,-1,5,3,7,-1,0,4,0,0,0,0,3,1,-1,6,1,24,5,1332,1,4,MERCEDES A CLASS,7,E01018000,0,1
2024451469538,2024,451469538,2,9,0,-1,19,1,5,-1,0,0,0,0,0,0,1,1,-1,6,2,34,6,1595,1,9,MERCEDES A CLASS,9,E01030358,0,1
2024501461407,2024,501461407,4,9,0,-1,19,7,3,-1,0,2,0,0,0,0,3,1,-1,9,1,24,5,2143,2,8,MERCEDES A CLASS,2,E01015075,0,1
2024041423297,2024,041423297,1,9,0,-1,9,1,5,-1,0,1,0,0,1,11,1,1,-1,9,1,20,4,1461,2,5,MERCEDES A CLASS,8,E01006315,0,1
2024010532158,2024,010532158,1,9,0,5,5,0,1,0,0,1,0,0,0,0,2,1,6,6,2,64,9,1332,1,3,MERCEDES A CLASS,6,E01003311,0,1
2024061408868,2024,061408868,2,9,-1,-1,6,5,3,-1,0,0,0,0,0,0,3,9,-1,9,1,23,5,1332,8,1,MERCEDES A CLASS,1,E01005338,0,1
2024201439238,2024,201439238,2,9,0,-1,9,5,7,-1,0,8,0,0,0,0,1,1,-1,6,2,26,6,1332,1,5,MERCEDES A CLASS,1,E01008887,0,1
2024401425365,2024,401425365,1,9,0,-1,19,5,7,-1,0,1,0,0,7,0,1,1,-1,6,-1,-1,-1,1991,1,9,MERCEDES A CLASS,-1,-1,0,-1
2024211522574,2024,211522574,2,9,0,-1,19,1,5,-1,0,0,0,0,0,0,2,1,-1,6,1,35,6,1332,8,0,MERCEDES A CLASS,6,E01019196,0,5
2024010509005,2024,010509005,1,9,0,5,5,7,3,0,0,1,0,0,0,0,4,1,6,6,2,75,10,1332,1,4,MERCEDES A CLASS,10,E01003891,0,2
2024461528436,2024,461528436,1,9,0,-1,19,3,8,-1,0,0,0,0,0,0,1,1,-1,9,2,34,6,2143,2,8,MERCEDES A CLASS,4,E01024358,0,1
2024041412860,2024,041412860,1,9,0,-1,19,5,1,-1,0,0,1,0,1,0,1,1,-1,9,2,23,5,1950,2,3,MERCEDES A CLASS,3,E01012708,0,4
2024451431021,2024,451431021,2,9,0,-1,-1,-1,-1,-1,-1,0,-1,-1,-1,0,-1,9,-1,6,1,20,4,1950,2,4,MERCEDES A CLASS,4,E01003409,0,3
2024421445624,2024,421445624,1,9,0,-1,3,-1,-1,-1,0,1,0,0,0,0,1,1,-1,6,1,28,6,1332,8,4,MERCEDES A CLASS,7,E01021702,0,1
2024401511151,2024,401511151,2,9,0,-1,3,4,8,-1,0,2,0,0,0,0,2,1,-1,7,2,43,7,1333,1,6,MERCEDES A CLASS,3,E01017601,0,1
2024010507767,2024,010507767,1,9,0,11,11,3,7,0,0,0,0,0,0,0,4,1,2,2,1,29,6,1332,8,1,MERCEDES A CLASS,-1,-1,0,-1
2024010500984,2024,010500984,1,9,0,99,99,9,9,99,99,0,9,99,9,99,2,9,2,2,2,53,8,1461,2,4,MERCEDES A CLASS,9,E01023999,0,4
2024622400545,2024,622400545,1,9,0,15,15,7,3,0,0,0,1,0,1,9,1,1,6,6,1,22,5,1595,1,6,MERCEDES A CLASS,2,W01001810,0,1
2024461481339,2024,461481339,1,9,0,-1,9,7,3,-1,0,1,0,0,0,0,1,1,-1,9,2,45,7,1461,2,6,MERCEDES A CLASS,5,E01024023,0,4
2024131454631,2024,131454631,1,9,0,-1,19,5,5,-1,0,8,0,0,0,0,1,1,-1,6,2,25,5,2143,2,6,MERCEDES A CLASS,6,E01010636,0,1
2024010498054,2024,010498054,2,9,9,99,99,9,9,99,99,9,9,99,9,99,9,9,6,6,3,-1,-1,1332,1,4,MERCEDES A CLASS,-1,-1,0,-1
2024501410297,2024,501410297,2,9,0,-1,2,4,8,-1,0,2,0,0,0,0,4,9,-1,9,1,46,8,2143,2,9,MERCEDES A CLASS,4,E01015077,0,1
2024351414207,2024,351414207,2,9,0,-1,19,6,2,-1,0,1,1,0,7,9,1,9,-1,2,2,30,6,1461,2,11,MERCEDES A CLASS,8,E01018159,0,2
2024622500030,2024,622500030,3,9,0,4,4,2,6,0,0,0,0,0,0,0,2,1,6,6,1,68,10,1332,1,3,MERCEDES A CLASS,10,W01001985,0,1
2024440125871,2024,440125871,2,9,0,18,19,2,6,0,0,8,0,0,0,0,4,1,6,6,1,50,8,1461,2,5,MERCEDES A CLASS,9,E01023227,0,1
2024010503959,2024,010503959,1,9,0,18,19,3,7,0,0,8,0,0,0,0,2,1,6,6,1,25,5,1332,1,5,MERCEDES A CLASS,3,E01034591,0,3
2024361456533,2024,361456533,2,9,0,-1,19,6,2,-1,0,0,0,0,0,0,1,1,-1,6,1,36,7,1332,1,5,MERCEDES A CLASS,8,E01026480,0,3
2024401522698,2024,401522698,1,9,0,-1,19,4,8,-1,0,1,0,0,0,0,3,1,-1,6,1,25,5,1498,1,17,MERCEDES A CLASS,1,E01015771,0,1
2024430334080,2024,430334080,2,9,0,18,19,1,5,0,0,8,0,0,0,0,1,1,6,6,2,35,6,1332,8,1,MERCEDES A CLASS,6,E01035731,0,1
2024122400844,2024,122400844,1,9,0,9,9,5,3,0,0,5,0,0,0,0,3,1,6,6,1,25,5,1595,1,6,MERCEDES A CLASS,8,E01013450,0,1
2024131463171,2024,131463171,7,9,0,-1,19,3,7,-1,0,0,0,0,0,0,2,1,-1,9,2,35,6,1461,2,5,MERCEDES A CLASS,2,E01007349,0,3
2024340WN4202,2024,340WN4202,2,9,0,-1,9,1,7,-1,0,6,0,0,0,0,1,1,-1,6,2,28,6,2143,2,8,MERCEDES A CLASS,8,E01027141,0,1
2024991514921,2024,991514921,2,9,0,-1,4,5,1,-1,0,0,0,0,0,0,2,1,-1,6,2,23,5,1461,2,7,MERCEDES A CLASS,1,-1,0,2
2024320503132,2024,320503132,1,9,0,9,9,3,5,0,0,6,0,0,0,0,3,1,6,6,1,27,6,1461,2,8,MERCEDES A CLASS,8,E01013248,0,4
2024610026324,2024,610026324,1,9,0,9,9,1,7,0,0,8,0,0,0,0,1,1,6,6,1,25,5,1950,2,2,MERCEDES A CLASS,1,W01001652,0,1