collision_index,collision_year,collision_ref_no,vehicle_reference,vehicle_type,towing_and_articulation,vehicle_manoeuvre_historic,vehicle_manoeuvre,vehicle_direction_from,vehicle_direction_to,vehicle_location_restricted_lane_historic,vehicle_location_restricted_lane,junction_location,skidding_and_overturning,hit_object_in_carriageway,vehicle_leaving_carriageway,hit_object_off_carriageway,first_point_of_impact,vehicle_left_hand_drive,journey_purpose_of_driver_historic,journey_purpose_of_driver,sex_of_driver,age_of_driver,age_band_of_driver,engine_capacity_cc,propulsion_code,age_of_vehicle,generic_make_model,driver_imd_decile,lsoa_of_driver,escooter_flag,driver_distance_banding
2024302400799,2024,302400799,2,9,0,18,19,5,1,0,0,1,5,0,0,0,4,1,6,6,2,74,10,1498,1,13,MERCEDES A CLASS,9,E01019618,0,1
2024471487848,2024,471487848,1,9,0,-1,19,7,3,-1,0,1,2,0,1,3,4,1,-1,9,2,19,4,1595,1,11,MERCEDES A CLASS,8,E01021115,0,1
2024010517633,2024,010517633,2,9,0,18,19,7,3,0,0,8,1,4,0,0,1,1,6,6,1,29,6,1595,1,9,MERCEDES A CLASS,4,E01002101,0,1
2024340NN9082,2024,340NN9082,3,9,0,-1,19,1,5,-1,0,1,0,0,0,0,3,1,-1,9,1,30,6,1991,1,11,MERCEDES A CLASS,1,E01035413,0,2
2024031468840,2024,031468840,1,9,0,-1,19,3,7,-1,0,0,1,0,0,0,1,1,-1,9,2,24,5,1332,1,3,MERCEDES A CLASS,9,E01019326,0,4
2024010524524,2024,010524524,2,9,0,15,15,3,7,0,0,1,0,0,0,0,1,1,6,6,3,24,5,1332,8,0,MERCEDES A CLASS,4,E01034012,0,5
2024461456535,2024,461456535,1,9,0,-1,13,2,6,-1,0,1,1,0,0,0,1,1,-1,6,1,25,5,1461,2,9,MERCEDES A CLASS,6,E01024070,0,4
2024010506768,2024,010506768,2,9,0,99,99,9,9,99,99,9,9,99,9,99,1,9,6,6,3,-1,-1,1950,2,4,MERCEDES A CLASS,-1,-1,0,-1
2024520003096,2024,520003096,1,9,0,18,19,2,6,0,0,0,5,4,0,0,1,1,6,6,2,21,5,1498,1,17,MERCEDES A CLASS,7,E01014472,0,1
2024522403213,2024,522403213,2,9,0,9,9,7,5,0,0,8,0,0,0,0,1,1,6,6,1,29,6,1332,1,2,MERCEDES A CLASS,3,E01014830,0,1
2024430422803,2024,430422803,1,9,0,18,19,7,3,0,0,4,0,0,0,-1,1,1,6,6,1,33,6,1461,2,6,MERCEDES A CLASS,8,E01016830,0,1
2024340NN2792,2024,340NN2792,1,9,0,-1,19,5,1,-1,0,8,0,0,7,11,1,1,-1,9,2,57,9,1796,2,11,MERCEDES A CLASS,4,E01027350,0,1
2024010531673,2024,010531673,2,9,0,99,99,9,9,99,99,9,9,99,9,99,1,9,6,6,2,23,5,1595,1,7,MERCEDES A CLASS,1,E01000221,0,1
2024010497390,2024,010497390,1,9,0,4,4,5,1,0,0,8,0,0,0,0,2,1,6,6,2,18,4,1332,8,1,MERCEDES A CLASS,-1,-1,0,-1
2024411450272,2024,411450272,1,9,0,-1,4,3,7,-1,0,0,0,0,0,0,1,1,-1,1,1,35,6,1950,2,2,MERCEDES A CLASS,4,E01001501,0,2
2024471534399,2024,471534399,1,9,0,-1,19,8,4,-1,0,0,0,0,0,0,1,1,-1,9,1,52,8,1332,1,4,MERCEDES A CLASS,9,E01031580,0,3
2024421467377,2024,421467377,2,9,0,-1,19,3,7,-1,0,8,0,0,0,0,1,1,-1,9,2,38,7,2143,2,7,MERCEDES A CLASS,4,E01021979,0,2
2024311502146,2024,311502146,3,9,0,-1,19,5,1,-1,0,0,0,0,0,0,1,1,-1,6,3,-1,-1,1991,1,6,MERCEDES A CLASS,-1,-1,0,-1
2024531442318,2024,531442318,3,9,0,-1,19,1,5,-1,0,0,0,0,0,0,2,1,-1,6,2,54,8,1699,1,15,MERCEDES A CLASS,10,E01022146,0,1
2024311504138,2024,311504138,1,9,0,-1,7,1,8,-1,0,1,0,0,0,0,4,1,-1,6,1,52,8,2143,2,10,MERCEDES A CLASS,-1,-1,0,-1
2024522500092,2024,522500092,2,9,0,9,9,6,4,0,0,5,0,0,0,0,4,1,6,6,1,23,5,1461,2,8,MERCEDES A CLASS,2,E01014578,0,1
2024010509990,2024,010509990,1,9,0,10,10,4,2,0,0,1,0,0,0,0,1,1,6,6,1,35,6,2143,2,7,MERCEDES A CLASS,9,E01003383,0,1
2024010497444,2024,010497444,1,9,0,99,99,9,9,99,99,9,9,99,9,99,1,1,2,2,2,36,7,1332,1,5,MERCEDES A CLASS,4,E01000613,0,1
2024070143437,2024,070143437,2,9,0,3,3,3,7,0,0,3,0,0,0,0,2,1,6,6,2,26,6,1332,1,4,MERCEDES A CLASS,8,E01018580,0,2
2024991476284,2024,991476284,2,9,0,-1,19,4,7,-1,0,0,0,0,0,0,3,1,-1,9,1,19,4,1332,1,5,MERCEDES A CLASS,8,-1,0,2
2024311408737,2024,311408737,2,9,0,-1,19,4,4,-1,0,0,0,0,0,0,4,1,-1,9,2,23,5,1461,2,8,MERCEDES A CLASS,8,E01028146,0,4
2024351522178,2024,351522178,1,9,-1,-1,-1,-1,-1,-1,-1,0,-1,-1,-1,0,-1,9,-1,6,1,18,4,1461,2,8,MERCEDES A CLASS,3,E01017952,0,1
2024070464729,2024,070464729,1,9,0,5,5,1,4,0,0,1,0,0,7,0,3,1,6,6,1,54,8,1332,1,3,MERCEDES A CLASS,3,E01012507,0,1
2024201456016,2024,201456016,1,9,0,-1,19,4,8,-1,0,8,0,0,0,0,1,9,-1,6,1,32,6,1991,1,6,MERCEDES A CLASS,4,E01017723,0,5
2024461513241,2024,461513241,4,9,0,-1,19,7,3,-1,0,0,0,0,0,0,2,1,-1,6,1,24,5,1332,8,4,MERCEDES A CLASS,4,E01035007,0,3
2024061400388,2024,061400388,1,9,0,-1,19,1,5,-1,0,8,0,0,0,0,1,1,-1,2,1,34,6,1950,2,5,MERCEDES A CLASS,1,E01006241,0,1
2024311403400,2024,311403400,1,9,0,-1,19,4,4,-1,0,6,0,10,0,0,4,1,-1,9,2,23,5,2143,2,11,MERCEDES A CLASS,2,E01013908,0,3
2024501441927,2024,501441927,1,9,0,-1,1,2,6,-1,9,1,0,0,7,11,2,1,-1,6,1,28,6,1332,1,2,MERCEDES A CLASS,6,E01034634,0,1
2024061395671,2024,061395671,1,9,0,-1,4,6,1,-1,0,0,0,0,0,0,2,1,-1,9,2,36,7,1595,1,10,MERCEDES A CLASS,2,E01005308,0,2
2024010503893,2024,010503893,2,9,0,9,9,3,1,0,0,8,0,0,0,0,3,1,6,6,2,24,5,2143,2,10,MERCEDES A CLASS,2,E01001057,0,1
2024131413003,2024,131413003,2,9,0,-1,19,5,1,-1,0,8,0,0,0,0,2,1,-1,6,2,28,6,1461,2,4,MERCEDES A CLASS,1,E01010676,0,1
2024440015680,2024,440015680,1,9,0,7,7,4,6,0,0,5,0,0,0,0,1,1,6,6,1,84,11,1595,1,10,MERCEDES A CLASS,10,E01022868,0,1
2024311497258,2024,311497258,1,9,0,-1,5,5,2,-1,0,6,0,0,0,0,1,1,-1,7,2,44,7,1461,2,5,MERCEDES A CLASS,-1,-1,0,-1
2024430291461,2024,430291461,1,9,0,18,19,2,6,0,0,4,1,0,0,0,2,1,6,6,1,25,5,1332,1,5,MERCEDES A CLASS,-1,-1,0,-1
2024010523140,2024,010523140,1,9,0,18,19,8,4,0,0,0,0,0,1,0,3,2,6,6,2,39,7,1332,8,0,MERCEDES A CLASS,9,E01004100,0,1
2024131464404,2024,131464404,1,9,0,-1,19,3,7,-1,0,0,2,10,0,0,1,1,-1,6,1,21,5,1461,2,7,MERCEDES A CLASS,6,E01011005,0,2
2024010532905,2024,010532905,1,9,0,18,19,1,5,9,9,0,0,0,0,0,3,1,6,6,1,19,4,1950,2,4,MERCEDES A CLASS,10,E01016597,0,3
2024010525329,2024,010525329,2,9,0,18,19,3,7,0,0,0,1,0,0,0,1,1,6,6,3,-1,-1,1461,2,6,MERCEDES A CLASS,-1,-1,0,-1
2024010542995,2024,010542995,2,9,0,18,19,3,7,0,0,0,1,0,1,0,1,1,6,6,1,20,4,1461,2,6,MERCEDES A CLASS,8,E01030988,0,3
2024010514168,2024,010514168,2,9,0,99,99,9,9,99,99,9,9,99,9,99,9,9,6,6,3,-1,-1,1332,1,2,MERCEDES A CLASS,-1,-1,0,-1
2024061493775,2024,061493775,1,9,0,-1,19,5,5,-1,0,0,0,0,0,0,1,9,-1,6,1,27,6,1461,2,7,MERCEDES A CLASS,2,E01005972,0,1
2024991490726,2024,991490726,2,9,0,-1,19,3,7,-1,0,4,0,0,0,0,1,1,-1,6,1,20,4,1461,2,6,MERCEDES A CLASS,1,-1,0,1
2024010534878,2024,010534878,2,9,0,18,19,5,1,0,0,0,0,0,0,0,2,1,6,6,1,27,6,1595,1,6,MERCEDES A CLASS,1,E01000643,0,4
202417S413724,2024,17S413724,2,9,0,-1,19,8,4,-1,0,0,1,0,0,0,1,1,-1,9,2,52,8,1595,1,7,MERCEDES A CLASS,10,E01033479,0,2
2024010526613,2024,010526613,1,9,0,18,19,9,9,99,99,9,9,99,9,99,9,9,6,6,2,21,5,1332,1,6,MERCEDES A CLASS,4,E01001050,0,2
2024421488461,2024,421488461,1,9,0,-1,9,8,3,-1,-1,6,0,0,0,0,3,1,-1,9,2,50,8,1595,1,6,MERCEDES A CLASS,8,E01015823,0,1
2024201458965,2024,201458965,1,9,0,-1,19,4,8,-1,0,8,0,0,0,0,3,1,-1,6,2,23,5,2143,2,9,MERCEDES A CLASS,2,E01009890,0,1
2024451503306,2024,451503306,2,9,0,-1,19,1,5,-1,0,1,0,0,0,0,4,1,-1,1,1,33,6,1461,2,9,MERCEDES A CLASS,9,E01030331,0,1
2024010505316,2024,010505316,1,9,0,7,7,8,2,0,0,1,0,0,0,0,3,1,6,6,2,50,8,2143,2,7,MERCEDES A CLASS,6,E01003742,0,1
2024332401170,2024,332401170,2,9,0,-1,19,5,1,-1,0,8,0,0,0,0,1,1,-1,6,3,-1,-1,1461,2,10,MERCEDES A CLASS,-1,-1,0,-1
2024461412561,2024,461412561,2,9,0,-1,19,2,2,-1,0,3,0,0,0,0,4,1,-1,9,2,22,5,1595,1,6,MERCEDES A CLASS,1,E01024049,0,4
2024131460952,2024,131460952,1,9,0,-1,7,7,5,-1,0,6,0,0,0,0,1,1,-1,6,3,-1,-1,1461,2,6,MERCEDES A CLASS,-1,-1,0,-1
2024201458532,2024,201458532,1,9,0,-1,19,3,7,-1,0,0,0,0,0,0,1,9,-1,6,1,31,6,1332,8,1,MERCEDES A CLASS,5,E01009262,0,1
2024010544557,2024,010544557,2,9,0,18,19,7,3,0,0,0,0,0,0,0,2,1,3,7,2,46,8,1332,1,2,MERCEDES A CLASS,9,E01000179,0,3
2024311530843,2024,311530843,1,9,0,-1,5,1,5,-1,0,2,0,0,0,0,1,1,-1,6,3,-1,-1,1332,1,4,MERCEDES A CLASS,-1,-1,0,-1
2024471401854,2024,471401854,1,9,0,-1,11,7,7,-1,-1,2,0,0,0,0,3,1,-1,9,1,45,7,1332,1,2,MERCEDES A CLASS,-1,-1,0,-1
2024451497183,2024,451497183,2,9,0,-1,19,7,3,-1,0,0,0,0,0,0,1,1,-1,2,1,43,7,1950,2,4,MERCEDES A CLASS,10,E01024781,0,4
2024010531515,2024,010531515,2,9,9,99,99,9,9,99,99,9,9,99,9,99,1,9,6,6,3,-1,-1,1498,1,18,MERCEDES A CLASS,-1,-1,0,-1
2024501514511,2024,501514511,1,9,0,-1,1,5,1,-1,0,0,0,4,7,0,2,1,-1,9,2,86,11,1498,1,15,MERCEDES A CLASS,6,E01020181,0,1
2024221402069,2024,221402069,1,9,0,-1,19,7,3,-1,0,8,1,0,8,0,3,9,-1,6,1,27,6,1595,1,6,MERCEDES A CLASS,8,E01032190,0,4
2024131522992,2024,131522992,1,9,0,-1,19,3,6,-1,0,0,0,4,0,0,4,1,-1,6,1,37,7,1950,2,4,MERCEDES A CLASS,1,E01010814,0,1
2024010526810,2024,010526810,2,9,0,99,99,9,9,99,99,0,9,99,9,99,1,9,6,6,3,-1,-1,1461,2,9,MERCEDES A CLASS,3,E01003917,0,1
2024471436550,2024,471436550,2,9,0,-1,19,6,3,-1,0,8,0,0,0,0,1,1,-1,2,2,22,5,1461,2,5,MERCEDES A CLASS,4,E01031605,0,3
2024302401324,2024,302401324,3,9,0,18,19,2,6,0,0,0,0,0,0,0,1,2,6,6,2,78,11,1595,1,8,MERCEDES A CLASS,1,E01019799,0,1
2024131444186,2024,131444186,1,9,0,-1,19,5,1,-1,0,0,0,0,0,0,2,1,-1,9,1,63,9,1595,1,7,MERCEDES A CLASS,5,E01013831,0,4
2024421431881,2024,421431881,2,9,0,-1,19,4,8,-1,0,0,1,0,0,0,3,1,-1,9,2,20,4,1461,2,7,MERCEDES A CLASS,2,E01003245,0,4
2024201482183,2024,201482183,4,9,9,-1,19,4,8,-1,0,8,0,0,0,0,9,9,-1,6,1,26,6,1332,1,5,MERCEDES A CLASS,1,E01008898,0,1
2024010541429,2024,010541429,1,9,0,5,5,3,7,0,0,1,0,0,0,0,1,1,6,6,1,37,7,1498,1,14,MERCEDES A CLASS,-1,-1,0,-1
2024340WN6992,2024,340WN6992,1,9,0,-1,19,1,5,-1,0,0,0,0,0,0,4,1,-1,9,1,48,8,1332,8,1,MERCEDES A CLASS,10,E01027298,0,1
2024440558437,2024,440558437,2,9,0,5,5,5,1,0,0,8,0,0,0,0,4,1,6,6,1,20,4,1461,2,5,MERCEDES A CLASS,5,E01022973,0,1
2024061434114,2024,061434114,2,9,0,-1,3,-1,-1,-1,0,1,0,99,0,0,4,2,-1,6,3,-1,-1,1461,2,6,MERCEDES A CLASS,-1,-1,0,-1
2024351472096,2024,351472096,2,9,0,-1,11,-1,-1,-1,0,0,-1,-1,-1,0,2,1,-1,2,2,27,6,1332,1,2,MERCEDES A CLASS,8,E01018058,0,2
2024010529923,2024,010529923,1,9,0,99,99,9,9,99,99,9,9,99,9,99,2,9,6,6,1,34,6,2143,2,8,MERCEDES A CLASS,4,E01001647,0,3
2024440461059,2024,440461059,1,9,0,4,4,5,1,0,0,0,0,0,0,0,0,1,2,2,1,29,6,1332,8,0,MERCEDES A CLASS,9,E01022788,0,3
2024161454053,2024,161454053,3,9,0,-1,2,0,0,-1,4,0,0,0,0,0,1,1,-1,6,-1,-1,-1,2143,2,9,MERCEDES A CLASS,-1,-1,0,-1
2024061495749,2024,061495749,1,9,0,-1,19,7,3,-1,0,1,0,0,0,0,3,1,-1,9,1,59,9,1595,1,7,MERCEDES A CLASS,3,E01006115,0,1
2024010535838,2024,010535838,2,9,0,9,9,5,2,0,0,8,0,0,0,0,3,1,6,6,2,49,8,1498,1,12,MERCEDES A CLASS,3,E01001011,0,1
2024201524550,2024,201524550,1,9,0,-1,3,5,1,-1,0,1,0,0,0,0,2,1,-1,6,2,33,6,1332,1,5,MERCEDES A CLASS,1,E01034927,0,1
2024010545187,2024,010545187,1,9,0,18,19,1,5,0,0,8,0,0,0,0,1,1,6,6,2,28,6,1332,1,3,MERCEDES A CLASS,3,E01003299,0,3
202460Q050830,2024,60Q050830,1,9,0,17,19,3,8,0,0,0,0,0,1,4,1,1,6,6,1,19,4,1461,2,8,MERCEDES A CLASS,-1,-1,0,-1
2024052402725,2024,052402725,3,9,0,4,4,6,2,0,0,0,0,0,0,0,2,1,6,6,2,28,6,1461,2,11,MERCEDES A CLASS,1,E01006493,0,1
2024010530091,2024,010530091,1,9,0,18,19,3,7,0,0,2,0,0,0,0,1,1,6,6,2,23,5,1332,1,3,MERCEDES A CLASS,4,E01000474,0,1
2024101405841,2024,101405841,2,9,0,-1,4,2,6,-1,0,0,0,0,0,0,2,1,-1,9,2,42,7,2143,2,9,MERCEDES A CLASS,5,E01008774,0,1
2024161481296,2024,161481296,1,9,0,-1,19,3,7,-1,0,0,0,0,0,0,1,1,-1,1,2,55,8,1950,2,2,MERCEDES A CLASS,7,E01012794,0,1
2024332400045,2024,332400045,1,9,0,-1,9,8,5,-1,0,5,0,0,0,0,1,1,-1,9,2,38,7,1595,1,7,MERCEDES A CLASS,2,E01013624,0,1
2024122400573,2024,122400573,1,9,0,18,19,2,6,0,0,2,0,0,0,0,1,1,3,7,2,70,10,1595,1,6,MERCEDES A CLASS,8,E01027635,0,4
2024430616646,2024,430616646,1,9,0,18,19,6,2,0,0,0,0,0,0,0,3,1,1,1,1,32,6,1332,1,5,MERCEDES A CLASS,6,E01016388,0,3
2024010550579,2024,010550579,2,9,0,18,19,3,7,0,0,8,0,4,0,0,1,1,6,6,2,34,6,2143,2,8,MERCEDES A CLASS,2,E01004469,0,1
2024010545037,2024,010545037,1,9,0,7,7,1,3,0,0,1,0,0,0,0,1,1,2,2,1,58,9,1498,1,13,MERCEDES A CLASS,3,E01001493,0,4
2024461521865,2024,461521865,2,9,0,-1,19,7,3,-1,0,0,0,0,1,0,1,1,-1,6,1,55,8,1699,1,16,MERCEDES A CLASS,6,E01023987,0,1
2024991401149,2024,991401149,2,9,0,-1,9,6,4,-1,-1,1,0,0,0,0,3,1,-1,2,1,27,6,1461,2,9,MERCEDES A CLASS,5,-1,0,3
2024101531527,2024,101531527,2,9,0,-1,19,5,1,-1,0,0,0,0,0,0,2,1,-1,2,1,35,6,1332,1,3,MERCEDES A CLASS,7,E01034518,0,2
2024430538374,2024,430538374,2,9,0,18,19,6,2,0,0,0,1,0,0,0,3,1,6,6,2,67,10,1332,1,6,MERCEDES A CLASS,9,E01016691,0,1
2024440085931,2024,440085931,1,9,0,18,19,6,2,0,0,1,0,0,0,0,2,1,6,6,1,26,6,1991,1,5,MERCEDES A CLASS,8,E01023274,0,2
2024332400182,2024,332400182,1,9,0,-1,19,2,7,-1,0,0,0,0,1,4,4,1,-1,9,2,19,4,1333,1,6,MERCEDES A CLASS,6,E01001201,0,5
2024161522863,2024,161522863,1,8,0,-1,19,8,4,-1,99,3,0,0,0,0,2,1,-1,1,1,33,6,1461,2,6,MERCEDES A CLASS,9,E01013217,0,2
2024010519132,2024,010519132,2,9,0,2,2,0,0,9,9,0,0,0,0,0,4,1,6,6,3,-1,-1,1461,2,8,MERCEDES A CLASS,-1,-1,0,-1
2024361489374,2024,361489374,1,9,0,-1,3,-1,-1,-1,5,6,0,0,0,0,1,1,-1,9,2,62,9,1461,2,5,MERCEDES A CLASS,2,E01026803,0,1
2024461463637,2024,461463637,2,9,0,-1,7,4,8,-1,0,4,0,0,0,0,4,1,-1,6,2,23,5,1461,2,7,MERCEDES A CLASS,5,E01024703,0,2
2024440174478,2024,440174478,1,9,0,5,5,6,2,0,0,2,0,0,0,0,3,1,6,6,1,23,5,1332,1,3,MERCEDES A CLASS,10,E01022931,0,1
2024401411949,2024,401411949,1,9,0,-1,19,3,7,-1,0,1,0,0,0,0,1,1,-1,6,1,33,6,1332,8,3,MERCEDES A CLASS,3,E01009876,0,5
2024010502443,2024,010502443,1,9,0,18,19,3,7,0,0,6,0,0,0,0,1,1,6,6,1,20,4,1991,1,8,MERCEDES A CLASS,4,E01003767,0,1
2024010546501,2024,010546501,1,9,0,99,99,9,9,99,99,9,9,99,9,99,2,9,6,6,1,25,5,1461,2,5,MERCEDES A CLASS,3,E01001491,0,2
2024351419222,2024,351419222,1,9,0,-1,19,7,3,-1,0,8,0,0,0,0,1,9,-1,2,1,58,9,1461,2,6,MERCEDES A CLASS,3,E01015667,0,1
2024010541721,2024,010541721,1,9,9,99,99,9,9,99,99,9,9,99,9,99,9,9,6,6,3,29,6,1332,1,2,MERCEDES A CLASS,10,E01021896,0,4
2024471452103,2024,471452103,1,9,0,-1,19,8,4,-1,0,0,0,0,0,0,1,1,-1,9,2,79,11,1498,1,14,MERCEDES A CLASS,7,E01021110,0,1
2024552400948,2024,552400948,2,9,0,18,19,8,4,0,0,8,0,0,0,0,1,1,6,6,2,47,8,1461,2,10,MERCEDES A CLASS,2,E01010028,0,5
2024332400610,2024,332400610,2,9,0,-1,7,4,6,-1,4,5,0,0,0,0,4,1,-1,6,2,-1,-1,1796,2,10,MERCEDES A CLASS,-1,-1,0,-1
2024010499073,2024,010499073,2,9,0,99,99,9,9,99,99,9,9,99,9,99,9,9,6,6,3,48,8,1332,1,4,MERCEDES A CLASS,3,E01001546,0,1
2024061489377,2024,061489377,1,9,-1,-1,-1,-1,-1,-1,-1,-1,-1,-1,-1,0,-1,9,-1,6,1,18,4,1461,2,5,MERCEDES A CLASS,-1,-1,0,-1
2024010524813,2024,010524813,1,9,9,99,99,9,9,0,0,8,0,0,0,0,9,9,6,6,3,31,6,1461,2,8,MERCEDES A CLASS,2,E01003323,0,1
2024010516862,2024,010516862,1,9,0,99,99,9,9,99,99,9,9,99,9,99,9,9,2,2,1,39,7,2143,2,8,MERCEDES A CLASS,2,E01001257,0,1
2024061531429,2024,061531429,1,9,0,-1,4,-1,-1,-1,0,0,0,99,0,0,2,1,-1,6,1,30,6,1332,1,3,MERCEDES A CLASS,3,E01006272,0,4
2024421495276,2024,421495276,1,9,0,-1,19,5,1,-1,0,1,0,0,0,0,1,1,-1,6,2,79,11,1498,1,12,MERCEDES A CLASS,10,E01018282,0,2
2024610010224,2024,610010224,1,9,0,18,19,6,2,0,0,0,1,0,0,7,1,1,6,6,1,23,5,1332,8,1,MERCEDES A CLASS,-1,-1,0,-1
2024501499725,2024,501499725,1,9,0,-1,19,5,1,-1,0,0,0,0,0,0,3,1,-1,2,2,30,6,2143,2,7,MERCEDES A CLASS,4,E01018929,0,2
2024131490853,2024,131490853,1,9,0,-1,9,1,5,-1,0,1,0,0,0,0,1,1,-1,2,1,40,7,1991,1,5,MERCEDES A CLASS,3,E01010584,0,1
2024010492668,2024,010492668,2,9,0,2,2,0,0,0,0,1,0,0,0,0,1,1,6,6,3,-1,-1,1461,2,5,MERCEDES A CLASS,-1,-1,0,-1
2024421516509,2024,421516509,1,9,0,-1,19,7,3,-1,0,0,0,0,0,0,1,1,-1,9,1,26,6,1332,1,6,MERCEDES A CLASS,6,E01015937,0,1
2024010522028,2024,010522028,2,9,0,99,99,9,9,99,99,4,9,99,9,99,9,9,6,6,3,-1,-1,1991,1,5,MERCEDES A CLASS,-1,-1,0,-1
2024471505950,2024,471505950,1,9,0,-1,19,4,2,-1,0,1,0,0,1,1,1,1,-1,6,1,28,6,1461,2,9,MERCEDES A CLASS,2,E01020930,0,3
2024010535536,2024,010535536,1,9,0,18,19,5,1,0,0,6,0,0,0,0,1,1,2,2,2,45,7,1595,1,8,MERCEDES A CLASS,4,E01003268,0,1
2024041523394,2024,041523394,1,9,0,-1,9,3,7,-1,0,0,0,0,0,0,1,1,-1,9,1,37,7,1332,1,5,MERCEDES A CLASS,3,E01012750,0,1
2024421530028,2024,421530028,2,9,0,-1,4,2,5,-1,0,0,0,0,0,0,2,1,-1,9,1,27,6,1332,8,0,MERCEDES A CLASS,8,E01021708,0,1
2024141451593,2024,141451593,1,9,0,-1,19,5,1,-1,0,0,0,0,0,0,1,1,-1,2,2,27,6,1950,2,0,MERCEDES A CLASS,3,E01007557,0,1
2024131516610,2024,131516610,1,9,0,-1,2,0,0,-1,9,8,0,0,0,0,4,1,-1,9,2,46,8,1595,1,7,MERCEDES A CLASS,3,E01011245,0,1
2024991396135,2024,991396135,1,9,0,-1,6,4,3,-1,0,0,0,0,0,0,1,1,-1,6,1,56,9,1332,8,1,MERCEDES A CLASS,1,-1,0,1
2024421393910,2024,421393910,1,9,0,-1,19,3,7,-1,0,2,0,0,0,0,3,2,-1,1,1,24,5,1332,1,3,MERCEDES A CLASS,3,E01034354,0,2
2024430363787,2024,430363787,4,9,0,4,4,1,5,0,0,0,0,0,0,0,2,1,1,1,1,55,8,1332,8,0,MERCEDES A CLASS,8,E01035603,0,4
2024320520284,2024,320520284,1,9,0,9,9,4,2,0,0,6,0,0,0,0,3,1,-1,-1,2,66,10,2143,2,6,MERCEDES A CLASS,4,E01026259,0,3
2024161472574,2024,161472574,2,9,0,-1,3,5,1,-1,0,0,0,0,0,0,1,1,-1,9,2,25,5,1950,2,5,MERCEDES A CLASS,7,E01013101,0,3
2024340WN6642,2024,340WN6642,2,9,0,-1,19,7,3,-1,0,0,0,0,0,0,2,1,-1,9,2,36,7,1461,2,5,MERCEDES A CLASS,10,E01027324,0,3
2024451427713,2024,451427713,2,9,0,-1,19,5,1,-1,0,1,0,0,0,0,4,1,-1,2,1,60,9,2143,2,8,MERCEDES A CLASS,10,E01030762,0,3
2024010527387,2024,010527387,2,9,0,13,13,1,5,0,0,0,0,0,0,0,0,1,6,6,1,18,4,1461,2,10,MERCEDES A CLASS,5,E01000994,0,1
2024631467297,2024,631467297,1,9,0,-1,10,2,7,-1,0,8,0,0,0,0,2,1,-1,6,1,23,5,2143,2,11,MERCEDES A CLASS,5,W01000455,0,4
2024361536147,2024,361536147,2,9,0,-1,5,3,7,-1,0,1,0,0,0,0,1,1,-1,6,2,69,10,1991,2,16,MERCEDES A CLASS,9,E01026916,0,1
2024010518574,2024,010518574,2,9,0,99,99,9,9,99,99,0,9,99,9,99,9,9,6,6,3,-1,-1,1332,8,4,MERCEDES A CLASS,8,E01001027,0,4
2024201469480,2024,201469480,1,9,0,-1,4,2,6,-1,0,0,0,0,0,0,1,1,-1,6,1,32,6,1461,2,9,MERCEDES A CLASS,1,E01010142,0,1
2024010535416,2024,010535416,2,9,0,18,19,5,1,0,0,7,0,0,0,0,1,1,6,6,1,24,5,1333,1,6,MERCEDES A CLASS,2,E01004249,0,3
2024041465180,2024,041465180,1,9,0,-1,19,6,8,-1,0,0,0,0,0,0,1,1,-1,6,1,24,5,1461,2,10,MERCEDES A CLASS,8,E01012583,0,1
2024211418974,2024,211418974,1,9,0,-1,19,3,7,-1,0,1,0,0,3,0,1,9,-1,1,2,33,6,1991,2,15,MERCEDES A CLASS,6,E01014310,0,3
2024010547997,2024,010547997,1,9,0,18,19,1,5,0,0,0,1,4,0,0,4,1,2,2,2,55,8,1595,1,7,MERCEDES A CLASS,6,E01003411,0,1
2024991412732,2024,991412732,3,9,0,-1,2,0,0,-1,0,2,0,0,0,0,2,1,-1,6,-1,-1,-1,1498,1,13,MERCEDES A CLASS,-1,-1,0,-1
2024401477246,2024,401477246,2,9,0,-1,9,3,5,-1,0,6,0,0,0,0,2,1,-1,6,1,29,6,1461,2,11,MERCEDES A CLASS,5,E01015742,0,2
2024991520988,2024,991520988,1,9,0,-1,19,5,1,-1,9,2,0,10,3,11,1,1,-1,9,1,49,8,1595,1,6,MERCEDES A CLASS,5,-1,0,2
2024010513927,2024,010513927,2,9,0,2,2,0,0,9,9,0,0,0,0,0,1,1,6,6,3,-1,-1,1332,8,0,MERCEDES A CLASS,-1,-1,0,-1
2024201466577,2024,201466577,1,9,0,-1,12,2,6,-1,0,0,0,0,0,0,3,1,-1,1,1,28,6,1332,1,5,MERCEDES A CLASS,1,E01033646,0,2
2024991468532,2024,991468532,1,9,0,-1,9,3,6,-1,0,6,0,0,3,0,2,1,-1,9,1,25,5,1332,8,1,MERCEDES A CLASS,7,-1,0,1