collision_index,collision_year,collision_ref_no,vehicle_reference,vehicle_type,towing_and_articulation,vehicle_manoeuvre_historic,vehicle_manoeuvre,vehicle_direction_from,vehicle_direction_to,vehicle_location_restricted_lane_historic,vehicle_location_restricted_lane,junction_location,skidding_and_overturning,hit_object_in_carriageway,vehicle_leaving_carriageway,hit_object_off_carriageway,first_point_of_impact,vehicle_left_hand_drive,journey_purpose_of_driver_historic,journey_purpose_of_driver,sex_of_driver,age_of_driver,age_band_of_driver,engine_capacity_cc,propulsion_code,age_of_vehicle,generic_make_model,driver_imd_decile,lsoa_of_driver,escooter_flag,driver_distance_banding
2024201441527,2024,201441527,2,9,0,-1,9,3,1,-1,0,6,0,0,0,0,3,1,-1,6,2,49,8,1461,2,6,MERCEDES A CLASS,3,E01008952,0,1
2024010545475,2024,010545475,1,9,0,99,99,9,9,99,99,0,9,99,9,99,1,9,2,2,1,28,6,1332,1,6,MERCEDES A CLASS,6,E01000487,0,3
2024010544258,2024,010544258,1,9,0,16,19,3,7,0,0,3,0,0,0,0,1,1,6,6,2,21,5,1461,2,5,MERCEDES A CLASS,2,E01001328,0,1
2024052400392,2024,052400392,1,9,0,14,14,5,1,0,0,6,0,0,0,0,2,1,2,2,2,54,8,1332,1,1,MERCEDES A CLASS,6,E01006988,0,2
2024101425725,2024,101425725,2,9,-1,-1,19,5,1,-1,0,1,0,0,0,0,2,9,-1,9,1,38,7,1991,1,5,MERCEDES A CLASS,3,E01008717,0,1
2024201404242,2024,201404242,2,9,0,-1,19,3,8,-1,0,1,0,0,0,0,2,9,-1,9,2,26,6,2143,2,7,MERCEDES A CLASS,8,E01010151,0,2
2024411429697,2024,411429697,2,9,0,-1,5,3,7,-1,0,1,0,0,0,0,3,1,-1,6,2,62,9,1461,2,7,MERCEDES A CLASS,10,E01023449,0,3
2024010526106,2024,010526106,2,9,0,18,19,5,1,0,0,1,0,0,0,0,3,1,6,6,1,67,10,1332,1,5,MERCEDES A CLASS,9,E01002210,0,1
2024361448848,2024,361448848,3,9,0,-1,3,6,2,-1,0,0,0,0,0,0,2,1,-1,2,2,22,5,1332,8,2,MERCEDES A CLASS,6,E01029060,0,5
2024302400802,2024,302400802,2,9,0,2,2,0,0,0,0,0,0,0,0,0,3,1,6,6,3,-1,-1,2143,2,8,MERCEDES A CLASS,-1,-1,0,-1
2024401521950,2024,401521950,1,9,0,-1,19,1,5,-1,0,0,1,0,0,0,1,1,-1,1,2,22,5,1461,2,7,MERCEDES A CLASS,1,E01027140,0,4
2024371510255,2024,371510255,1,9,0,-1,3,6,2,-1,0,0,0,0,0,0,1,1,-1,9,2,30,6,1461,2,6,MERCEDES A CLASS,5,E01029922,0,4
2024461513343,2024,461513343,2,9,0,-1,3,5,1,-1,0,1,0,0,0,0,2,9,-1,2,1,43,7,1461,2,9,MERCEDES A CLASS,7,E01024302,0,1
2024131398882,2024,131398882,3,9,0,-1,19,4,8,-1,0,0,0,0,0,0,1,1,-1,2,1,24,5,1991,2,16,MERCEDES A CLASS,5,E01011356,0,1
2024549406724,2024,549406724,1,9,0,18,19,1,5,0,0,1,0,0,0,0,1,1,6,6,1,56,9,2143,2,7,MERCEDES A CLASS,8,E01022423,0,4
2024010522167,2024,010522167,1,9,9,99,99,9,9,99,99,9,9,99,9,99,9,9,6,6,3,-1,-1,1332,1,5,MERCEDES A CLASS,-1,-1,0,-1
2024041401845,2024,041401845,1,9,0,-1,19,7,3,-1,0,8,0,0,0,0,1,1,-1,7,2,21,5,1461,2,9,MERCEDES A CLASS,3,E01012644,0,1
2024052401643,2024,052401643,2,9,0,7,7,2,4,0,0,1,0,0,0,0,4,1,6,6,1,27,6,1461,2,7,MERCEDES A CLASS,1,E01034397,0,2
2024061488554,2024,061488554,2,9,0,-1,19,7,3,-1,0,0,0,0,0,0,2,1,-1,9,2,33,6,1332,8,0,MERCEDES A CLASS,2,E01005260,0,3
2024010513629,2024,010513629,2,9,0,18,19,3,7,0,0,1,0,0,0,0,1,1,6,6,1,19,4,1332,1,5,MERCEDES A CLASS,2,E01000508,0,3
2024501488613,2024,501488613,3,9,0,-1,2,0,0,-1,0,2,0,0,0,0,1,1,-1,6,-1,-1,-1,2143,2,7,MERCEDES A CLASS,-1,-1,0,-1
2024351406902,2024,351406902,2,9,0,-1,19,7,3,-1,0,2,0,0,0,0,1,1,-1,2,1,25,5,1332,1,5,MERCEDES A CLASS,9,E01035521,0,2
2024122400870,2024,122400870,3,9,0,4,4,5,1,0,0,0,0,0,0,0,1,1,6,6,1,78,11,1991,2,12,MERCEDES A CLASS,3,E01013386,0,2
2024991441535,2024,991441535,1,9,0,-1,5,1,6,-1,0,2,0,0,0,0,1,2,-1,2,2,30,6,2143,2,8,MERCEDES A CLASS,5,-1,0,2
2024010507963,2024,010507963,2,9,9,99,99,9,9,99,99,9,9,99,9,99,9,9,6,6,3,-1,-1,1461,2,5,MERCEDES A CLASS,-1,-1,0,-1
2024010524826,2024,010524826,2,9,0,18,19,6,2,0,0,1,1,0,0,0,1,1,2,2,1,22,5,1461,2,6,MERCEDES A CLASS,2,E01003514,0,2
2024061461001,2024,061461001,2,9,0,-1,10,-1,-1,-1,0,8,0,0,0,0,1,1,-1,6,2,-1,-1,1332,8,4,MERCEDES A CLASS,-1,-1,0,-1
2024340WN0132,2024,340WN0132,3,9,0,-1,4,6,2,-1,0,0,0,0,0,0,2,1,-1,6,1,67,10,1332,8,4,MERCEDES A CLASS,7,E01035395,0,4
2024531474104,2024,531474104,1,9,0,-1,19,5,1,-1,0,0,5,0,1,10,1,1,-1,6,2,21,5,1461,2,7,MERCEDES A CLASS,9,E01032396,0,3
2024101481051,2024,101481051,1,9,0,-1,5,3,7,-1,0,0,0,0,0,0,1,1,-1,6,1,21,5,1461,2,5,MERCEDES A CLASS,5,E01020772,0,4
2024461471373,2024,461471373,1,9,0,-1,5,4,5,-1,0,0,0,0,0,0,4,1,-1,6,1,20,4,1332,1,6,MERCEDES A CLASS,1,E01024658,0,2
2024991430636,2024,991430636,1,9,0,-1,19,5,1,-1,0,3,0,0,3,11,1,1,-1,6,1,18,4,1332,8,3,MERCEDES A CLASS,-1,-1,0,-1
2024010499952,2024,010499952,3,9,0,3,3,3,7,0,0,1,0,0,0,0,1,1,2,2,1,37,7,2143,2,8,MERCEDES A CLASS,4,E01000565,0,2
2024531436698,2024,531436698,1,9,0,-1,9,3,7,-1,0,1,0,0,0,0,4,9,-1,6,3,23,5,1332,8,4,MERCEDES A CLASS,2,E01022288,0,1
2024011510863,2024,011510863,2,9,0,-1,19,1,5,-1,0,1,0,0,0,0,1,1,-1,6,1,54,8,1461,2,9,MERCEDES A CLASS,-1,-1,0,-1
2024201482101,2024,201482101,1,9,0,-1,19,4,8,-1,0,8,0,10,3,11,4,1,-1,6,1,19,4,1332,1,3,MERCEDES A CLASS,9,E01010547,0,1
2024401471157,2024,401471157,2,9,0,-1,19,-1,-1,-1,0,0,0,0,0,0,4,9,-1,9,2,36,7,1595,1,8,MERCEDES A CLASS,3,E01015737,0,1
2024471500005,2024,471500005,1,9,0,-1,5,3,1,-1,0,2,0,0,0,0,1,1,-1,9,1,33,6,2143,2,8,MERCEDES A CLASS,1,E01004928,0,5
2024010518473,2024,010518473,1,8,0,99,99,9,9,99,99,9,9,99,9,99,2,9,6,6,2,28,6,1332,8,4,MERCEDES A CLASS,2,E01001528,0,1
2024421450551,2024,421450551,2,9,0,-1,19,3,7,-1,0,1,0,0,0,0,1,1,-1,2,1,22,5,1461,2,9,MERCEDES A CLASS,5,E01021769,0,2
2024421477162,2024,421477162,1,9,0,-1,7,4,8,-1,0,2,0,0,0,0,1,9,-1,6,2,27,6,1461,2,9,MERCEDES A CLASS,8,E01021515,0,1
2024010501988,2024,010501988,1,9,0,3,3,1,5,0,0,8,0,0,0,0,1,1,6,6,2,84,11,1595,1,10,MERCEDES A CLASS,10,E01030559,0,2
2024552401334,2024,552401334,2,9,0,18,19,8,4,0,0,8,0,0,0,0,4,1,2,2,2,33,6,2035,1,19,MERCEDES A CLASS,5,E01015377,0,1
2024471466290,2024,471466290,1,9,0,-1,3,3,7,-1,0,1,0,0,0,0,3,1,-1,7,1,41,7,1595,1,7,MERCEDES A CLASS,7,E01016950,0,1
2024201524102,2024,201524102,1,9,0,-1,19,4,7,-1,0,0,0,0,1,0,1,1,-1,6,1,20,4,1332,1,3,MERCEDES A CLASS,1,E01009321,0,1
2024010535946,2024,010535946,2,9,0,99,99,9,9,99,99,9,9,99,9,99,9,9,6,6,1,66,10,1397,1,21,MERCEDES A CLASS,4,E01024167,0,3
2024440200370,2024,440200370,2,9,0,2,2,0,0,0,0,0,0,0,0,0,2,1,6,6,2,50,8,1461,2,7,MERCEDES A CLASS,-1,-1,0,-1
2024041481808,2024,041481808,1,9,0,-1,7,8,5,-1,0,6,0,0,0,0,3,1,-1,6,2,50,8,1461,2,8,MERCEDES A CLASS,7,E01025400,0,1
2024371522805,2024,371522805,1,9,0,-1,19,1,5,-1,0,2,0,0,1,0,1,1,-1,6,1,63,9,1332,1,2,MERCEDES A CLASS,4,E01034776,0,4
2024010533989,2024,010533989,2,9,0,9,9,1,7,7,6,5,0,4,0,0,1,1,6,6,3,-1,-1,1332,1,3,MERCEDES A CLASS,-1,-1,0,-1
2024161410600,2024,161410600,2,9,0,-1,19,2,1,-1,0,1,0,0,0,0,4,1,-1,2,1,40,7,1461,2,6,MERCEDES A CLASS,6,E01017554,0,5
2024010537745,2024,010537745,1,9,0,99,99,9,9,99,99,9,9,99,9,99,1,9,6,6,3,-1,-1,1595,1,7,MERCEDES A CLASS,-1,-1,0,-1
2024010541689,2024,010541689,1,9,0,18,19,1,5,0,0,1,0,0,0,0,1,1,6,6,1,22,5,1332,1,6,MERCEDES A CLASS,2,E01001437,0,1
2024010516523,2024,010516523,1,9,0,18,19,3,7,0,0,1,0,0,0,0,1,1,6,6,1,25,5,1332,1,4,MERCEDES A CLASS,2,E01001515,0,1
2024501411355,2024,501411355,1,9,0,-1,19,5,8,-1,0,1,0,0,0,0,1,1,-1,6,2,25,5,1332,1,5,MERCEDES A CLASS,2,E01015239,0,2
2024421397337,2024,421397337,1,9,0,-1,5,8,5,-1,0,8,0,0,0,0,3,1,-1,6,1,57,9,1332,1,3,MERCEDES A CLASS,4,E01022024,0,1
2024440050498,2024,440050498,1,9,0,18,19,2,6,0,0,1,0,0,0,0,1,1,6,6,2,39,7,1332,1,3,MERCEDES A CLASS,8,E01023048,0,3
2024421499844,2024,421499844,2,9,0,-1,2,0,0,-1,9,0,0,0,0,0,4,1,-1,6,-1,-1,-1,1332,8,1,MERCEDES A CLASS,-1,-1,0,-1
2024451456290,2024,451456290,1,9,0,-1,6,5,1,-1,0,0,0,0,8,4,4,1,-1,9,2,32,6,1397,1,20,MERCEDES A CLASS,4,E01016157,0,4
2024052402026,2024,052402026,2,9,0,3,3,7,8,0,0,1,0,0,0,0,1,1,1,1,1,24,5,1461,2,7,MERCEDES A CLASS,2,E01007249,0,1
2024211500769,2024,211500769,2,9,0,-1,19,1,5,-1,0,0,0,0,0,0,2,1,-1,6,2,48,8,1991,2,14,MERCEDES A CLASS,-1,-1,0,-1
2024141428322,2024,141428322,1,9,0,-1,19,4,8,-1,0,0,1,0,0,0,1,1,-1,6,1,23,5,1332,1,2,MERCEDES A CLASS,1,E01007738,0,1
2024221537176,2024,221537176,1,9,0,-1,2,0,0,-1,0,0,0,0,0,0,3,9,-1,6,1,48,8,1332,1,3,MERCEDES A CLASS,10,E01032324,0,1
2024031424453,2024,031424453,2,9,0,-1,19,3,7,-1,0,0,0,0,0,0,2,1,-1,9,1,22,5,1461,2,8,MERCEDES A CLASS,-1,-1,0,-1
2024041485200,2024,041485200,2,9,0,-1,5,5,1,-1,0,0,0,0,0,0,2,1,-1,6,2,46,8,1461,2,6,MERCEDES A CLASS,2,E01024996,0,2
2024371469160,2024,371469160,1,9,0,-1,19,4,8,-1,0,0,0,4,0,0,3,1,-1,9,2,21,5,1461,2,8,MERCEDES A CLASS,1,E01030036,0,1
2024461431495,2024,461431495,1,9,0,-1,19,7,3,-1,0,0,1,0,7,0,1,1,-1,6,1,25,5,1461,2,4,MERCEDES A CLASS,-1,-1,0,-1
2024411427498,2024,411427498,1,9,0,-1,1,5,1,-1,0,0,0,0,0,0,2,9,-1,6,2,25,5,1461,2,6,MERCEDES A CLASS,3,E01023343,0,1
2024010543998,2024,010543998,1,9,0,15,15,9,9,99,99,0,9,99,9,99,3,9,6,6,3,-1,-1,1461,2,5,MERCEDES A CLASS,4,E01015926,0,3
2024610006424,2024,610006424,1,9,0,2,2,0,0,0,0,0,0,0,0,0,3,1,6,6,2,21,5,1332,1,4,MERCEDES A CLASS,5,W01001391,0,1
2024361397828,2024,361397828,2,9,0,-1,9,2,6,-1,0,1,0,0,0,0,3,1,-1,2,1,39,7,1332,8,4,MERCEDES A CLASS,8,E01035153,0,1
2024010533661,2024,010533661,1,9,0,18,19,7,3,0,0,8,0,0,0,0,1,1,6,6,1,20,4,1332,1,4,MERCEDES A CLASS,3,E01002052,0,3
2024010502837,2024,010502837,2,9,0,1,1,9,9,99,99,9,9,99,9,99,9,9,6,6,1,-1,-1,1461,2,5,MERCEDES A CLASS,4,E01003733,0,2
2024161397791,2024,161397791,2,9,0,-1,4,2,7,-1,0,0,0,0,0,0,2,1,-1,6,2,32,6,2143,2,7,MERCEDES A CLASS,1,E01013279,0,1
2024010540817,2024,010540817,3,9,0,2,2,0,0,0,0,1,0,0,0,0,4,1,6,6,3,-1,-1,2143,2,8,MERCEDES A CLASS,-1,-1,0,-1
2024522500251,2024,522500251,1,9,0,18,19,1,5,0,0,2,0,0,0,0,1,1,6,6,2,21,5,1332,1,4,MERCEDES A CLASS,9,E01014859,0,3
2024451425383,2024,451425383,1,9,0,-1,9,5,1,-1,0,0,0,0,0,0,4,1,-1,2,2,46,8,1461,2,9,MERCEDES A CLASS,7,E01023113,0,1
2024061456145,2024,061456145,2,9,-1,-1,-1,-1,-1,-1,-1,-1,-1,-1,-1,0,-1,9,-1,6,2,-1,-1,2143,2,9,MERCEDES A CLASS,8,E01005493,0,3
2024320699324,2024,320699324,3,9,0,4,4,8,4,0,0,1,0,0,0,0,2,1,6,6,2,52,8,1992,2,19,MERCEDES A CLASS,4,E01026025,0,3
2024010502387,2024,010502387,1,9,0,7,7,5,7,0,0,1,0,0,0,0,4,1,6,6,1,30,6,2084,1,21,MERCEDES A CLASS,8,E01000985,0,3
2024411419712,2024,411419712,1,9,0,-1,19,1,5,-1,0,0,1,0,7,6,1,1,-1,2,2,29,6,1991,1,9,MERCEDES A CLASS,3,E01015737,0,3
2024010538765,2024,010538765,1,9,0,99,99,9,9,99,99,9,9,99,9,99,2,9,6,6,1,48,8,1595,1,6,MERCEDES A CLASS,6,E01002541,0,2
2024010538074,2024,010538074,2,9,0,2,2,0,0,0,0,2,0,0,0,0,3,1,6,6,3,-1,-1,2143,2,8,MERCEDES A CLASS,-1,-1,0,-1
2024161460559,2024,161460559,2,9,0,-1,9,7,5,-1,0,1,0,0,0,0,3,1,-1,2,1,24,5,1461,2,10,MERCEDES A CLASS,4,E01013082,0,4
2024361472982,2024,361472982,2,9,0,-1,8,2,4,-1,0,2,0,0,0,0,2,1,-1,9,2,54,8,1950,2,3,MERCEDES A CLASS,10,E01018575,0,5
2024010508880,2024,010508880,2,9,0,3,3,1,5,0,0,0,2,0,0,0,1,1,1,1,1,42,7,1332,1,3,MERCEDES A CLASS,9,E01000804,0,1
2024332400418,2024,332400418,1,9,0,-1,19,3,7,-1,0,1,0,0,0,0,4,1,-1,1,2,29,6,1461,2,7,MERCEDES A CLASS,7,E01025654,0,2
2024061526823,2024,061526823,2,9,0,-1,7,3,7,-1,99,0,0,0,6,0,0,2,-1,6,3,-1,-1,1461,2,5,MERCEDES A CLASS,-1,-1,0,-1
2024201444690,2024,201444690,1,9,0,-1,19,1,5,-1,0,0,5,10,0,0,1,1,-1,6,1,30,6,1950,2,3,MERCEDES A CLASS,-1,-1,0,-1
2024991485137,2024,991485137,1,9,0,-1,4,4,8,-1,0,1,0,0,0,0,1,1,-1,6,1,50,8,2143,2,11,MERCEDES A CLASS,1,-1,0,1
2024520001834,2024,520001834,1,9,0,18,19,3,7,0,0,0,0,0,0,0,2,1,6,6,1,75,10,1498,1,16,MERCEDES A CLASS,3,E01014730,0,3
2024122400896,2024,122400896,1,9,0,18,19,7,3,0,0,5,0,0,0,0,1,1,6,6,1,53,8,1595,1,10,MERCEDES A CLASS,1,E01025570,0,4
2024041413062,2024,041413062,1,9,0,-1,19,3,7,-1,0,2,0,0,0,0,1,1,-1,9,1,24,5,2143,2,8,MERCEDES A CLASS,7,E01025557,0,1
2024070885374,2024,070885374,1,9,0,-1,5,4,8,-1,0,2,0,0,0,0,3,1,-1,7,1,34,6,1498,1,16,MERCEDES A CLASS,3,E01018454,0,1
2024531506293,2024,531506293,2,9,0,-1,19,3,7,-1,0,8,0,0,0,0,1,1,-1,9,1,47,8,1796,2,10,MERCEDES A CLASS,3,E01015491,0,4
2024361451170,2024,361451170,1,9,0,-1,19,6,2,-1,0,8,0,0,0,0,1,1,-1,6,2,41,7,1796,2,11,MERCEDES A CLASS,6,E01026449,0,4
2024010498991,2024,010498991,1,9,0,18,19,7,3,0,0,1,0,0,0,0,2,1,6,6,1,62,9,1461,2,5,MERCEDES A CLASS,6,E01026264,0,5
2024622400382,2024,622400382,2,9,0,18,19,2,6,0,0,3,0,0,0,0,1,1,6,6,1,65,9,1991,2,13,MERCEDES A CLASS,6,W01001878,0,1
2024471411285,2024,471411285,1,9,0,-1,19,4,8,-1,0,0,1,4,0,0,4,1,-1,9,1,34,6,1991,1,10,MERCEDES A CLASS,6,E01034823,0,1
2024332401008,2024,332401008,1,9,0,-1,19,8,4,-1,0,0,0,0,0,0,1,1,-1,6,1,25,5,1595,1,7,MERCEDES A CLASS,9,E01025876,0,3
2024041514936,2024,041514936,1,9,0,-1,7,3,5,-1,0,0,0,0,0,0,1,1,-1,9,2,23,5,1332,1,6,MERCEDES A CLASS,1,E01024987,0,1
2024991532451,2024,991532451,1,9,0,-1,19,1,6,-1,0,0,0,0,0,0,1,1,-1,9,2,31,6,1461,2,8,MERCEDES A CLASS,9,-1,0,1
2024531444856,2024,531444856,1,9,0,-1,9,1,5,-1,0,6,0,0,0,0,1,1,-1,1,1,29,6,2143,2,7,MERCEDES A CLASS,8,E01022411,0,3
2024122401187,2024,122401187,3,9,0,9,9,1,7,0,0,1,0,0,0,0,2,1,6,6,1,30,6,1332,1,4,MERCEDES A CLASS,2,E01011298,0,2
2024421460309,2024,421460309,2,9,0,-1,13,5,3,-1,0,0,1,0,0,0,4,1,-1,9,2,55,8,1332,8,1,MERCEDES A CLASS,4,E01022018,0,2
2024361506380,2024,361506380,1,9,0,-1,19,1,5,-1,0,8,0,0,0,0,1,1,-1,9,2,64,9,1332,1,4,MERCEDES A CLASS,2,E01026607,0,3
2024320117103,2024,320117103,1,9,0,7,7,3,6,0,0,6,0,0,0,0,1,1,-1,-1,2,35,6,2143,2,8,MERCEDES A CLASS,4,E01026016,0,3
2024471447265,2024,471447265,2,9,0,-1,4,1,3,-1,0,1,0,0,0,0,4,1,-1,9,1,71,10,1991,2,16,MERCEDES A CLASS,6,E01031402,0,1
2024411455675,2024,411455675,2,9,-1,-1,-1,-1,-1,-1,-1,0,-1,-1,-1,0,-1,9,-1,6,2,38,7,1991,2,15,MERCEDES A CLASS,9,E01023767,0,4
2024070627160,2024,070627160,1,9,0,13,13,6,2,0,0,1,0,0,0,0,1,1,6,6,2,-1,-1,1332,1,5,MERCEDES A CLASS,-1,-1,0,-1
2024501503401,2024,501503401,1,9,0,-1,7,1,3,-1,0,2,0,0,0,0,4,1,-1,6,1,82,11,1699,1,14,MERCEDES A CLASS,3,E01019051,0,1
2024131453019,2024,131453019,2,9,0,-1,19,3,7,-1,0,8,0,0,0,0,1,1,-1,6,2,86,11,1991,2,15,MERCEDES A CLASS,7,E01010593,0,2
2024101469244,2024,101469244,2,9,0,-1,2,0,0,-1,0,0,0,0,0,0,3,1,-1,7,2,26,6,1332,1,3,MERCEDES A CLASS,1,E01008666,0,1
2024010547881,2024,010547881,1,9,0,99,99,9,9,99,99,9,9,99,9,99,2,9,6,6,2,45,7,1498,1,14,MERCEDES A CLASS,2,E01033737,0,1
2024461511888,2024,461511888,1,9,0,-1,4,5,1,-1,0,0,0,0,0,0,1,1,-1,9,1,20,4,1595,1,9,MERCEDES A CLASS,9,E01010116,0,5
2024061469560,2024,061469560,4,9,0,-1,19,1,1,-1,0,0,0,0,0,0,1,1,-1,6,2,46,8,1595,1,7,MERCEDES A CLASS,10,E01005903,0,1
2024991431442,2024,991431442,1,9,0,-1,19,5,1,-1,0,0,0,0,0,0,1,1,-1,1,2,42,7,1595,1,11,MERCEDES A CLASS,2,-1,0,4
2024451417491,2024,451417491,2,9,0,-1,2,0,0,-1,0,1,0,0,0,0,4,1,-1,6,2,-1,-1,1498,1,14,MERCEDES A CLASS,10,E01030831,0,1
2024010505712,2024,010505712,2,9,0,18,19,1,5,0,0,4,1,0,0,0,3,1,6,6,1,38,7,1950,2,0,MERCEDES A CLASS,6,E01000459,0,1
2024010544772,2024,010544772,2,9,0,18,19,3,7,1,1,8,5,0,0,0,1,1,6,6,1,26,6,1991,1,5,MERCEDES A CLASS,3,E01023958,0,3
2024061417142,2024,061417142,2,9,-1,-1,-1,-1,-1,-1,-1,0,-1,-1,-1,0,2,9,-1,6,2,26,6,2143,2,9,MERCEDES A CLASS,2,E01006359,0,1
2024201457433,2024,201457433,1,9,0,-1,14,8,4,-1,0,0,0,0,0,0,1,9,-1,9,2,27,6,1461,2,8,MERCEDES A CLASS,4,E01009683,0,1
2024201522567,2024,201522567,1,9,0,-1,1,1,5,-1,0,0,0,0,0,0,2,1,-1,9,2,37,7,1950,2,5,MERCEDES A CLASS,-1,-1,0,-1
2024548473024,2024,548473024,1,9,0,18,19,6,3,0,0,0,1,0,1,0,1,1,6,6,1,29,6,1461,2,11,MERCEDES A CLASS,4,E01033826,0,4
2024610049724,2024,610049724,1,9,0,9,9,2,8,0,0,6,0,0,0,0,1,1,6,6,1,29,6,1461,2,11,MERCEDES A CLASS,5,W01001612,0,1
2024131394895,2024,131394895,2,9,0,-1,19,3,7,-1,0,0,0,0,0,0,0,1,-1,9,2,40,7,1461,2,10,MERCEDES A CLASS,6,E01011885,0,3
2024061496575,2024,061496575,1,9,0,-1,3,-1,-1,-1,0,1,1,0,0,0,2,1,-1,9,1,23,5,1332,1,5,MERCEDES A CLASS,3,E01006043,0,1
2024440499489,2024,440499489,2,9,0,2,2,0,0,0,0,0,0,0,0,0,2,1,6,6,3,-1,-1,1332,1,5,MERCEDES A CLASS,-1,-1,0,-1
2024411522500,2024,411522500,1,9,-1,-1,-1,-1,-1,-1,-1,0,-1,-1,-1,0,-1,9,-1,6,1,24,5,1332,1,6,MERCEDES A CLASS,5,E01002118,0,3
2024010542031,2024,010542031,1,9,0,99,99,9,9,99,99,9,9,99,9,99,9,9,6,6,3,-1,-1,1332,1,4,MERCEDES A CLASS,-1,-1,0,-1
2024010503657,2024,010503657,1,9,0,7,7,5,7,0,0,1,0,0,1,0,0,1,6,6,3,-1,-1,1332,8,1,MERCEDES A CLASS,5,E01004564,0,1
2024010507967,2024,010507967,1,9,0,14,14,1,5,0,0,1,0,0,0,0,1,1,6,6,1,44,7,1595,1,10,MERCEDES A CLASS,7,E01003139,0,2
2024010541849,2024,010541849,2,9,0,99,99,9,9,99,99,0,9,99,9,99,2,9,6,6,2,44,7,1332,8,0,MERCEDES A CLASS,3,E01001956,0,2
2024401484876,2024,401484876,2,9,0,-1,2,0,0,-1,0,2,0,0,0,0,4,1,-1,6,-1,-1,-1,1332,1,6,MERCEDES A CLASS,-1,-1,0,-1
2024010532763,2024,010532763,1,9,0,18,19,7,3,0,0,0,0,0,0,0,1,1,2,2,2,25,5,1950,2,3,MERCEDES A CLASS,2,E01000550,0,3
2024010512096,2024,010512096,1,9,0,5,5,7,3,0,0,0,0,0,0,0,1,1,6,6,1,27,6,1595,1,8,MERCEDES A CLASS,7,E01003646,0,3
2024041500555,2024,041500555,2,9,0,-1,19,5,1,-1,0,8,0,0,0,0,1,1,-1,1,1,24,5,2143,2,7,MERCEDES A CLASS,2,E01025037,0,1
2024451461516,2024,451461516,1,9,0,-1,19,7,3,-1,0,1,0,0,0,0,2,1,-1,9,1,54,8,1332,8,1,MERCEDES A CLASS,7,E01030722,0,1
2024411404310,2024,411404310,2,9,0,-1,19,7,3,-1,0,0,0,0,0,0,1,9,-1,1,1,27,6,1332,1,6,MERCEDES A CLASS,8,E01023872,0,1
2024041455626,2024,041455626,5,9,0,-1,19,3,7,-1,0,0,0,0,0,0,1,1,-1,2,1,35,6,1332,1,5,MERCEDES A CLASS,8,E01012613,0,1
2024010544772,2024,010544772,4,9,0,18,19,7,3,1,1,1,1,0,0,0,1,1,6,6,2,52,8,1332,1,4,MERCEDES A CLASS,9,E01001416,0,1
2024010516683,2024,010516683,1,9,0,8,8,1,4,0,0,1,0,0,0,0,1,1,6,6,1,23,5,1332,1,5,MERCEDES A CLASS,6,E01000920,0,1
2024010549389,2024,010549389,1,9,0,4,4,3,7,0,0,8,0,0,0,0,1,1,6,6,2,37,7,1950,2,4,MERCEDES A CLASS,4,E01001946,0,1
2024131435623,2024,131435623,1,9,0,-1,-1,-1,-1,-1,-1,-1,-1,-1,-1,0,-1,1,-1,6,3,-1,-1,1332,8,0,MERCEDES A CLASS,-1,-1,0,-1
2024522401982,2024,522401982,2,9,0,18,19,6,3,0,0,0,0,0,0,0,1,1,6,6,1,21,5,1332,1,5,MERCEDES A CLASS,7,E01014722,0,2
2024522403112,2024,522403112,2,9,0,9,9,5,3,0,0,6,0,0,0,0,1,1,6,6,1,72,10,1332,1,1,MERCEDES A CLASS,-1,-1,0,-1
2024421439093,2024,421439093,2,9,0,-1,19,2,8,-1,0,0,0,0,0,0,4,1,-1,6,2,21,5,1950,2,3,MERCEDES A CLASS,8,E01035180,0,2
2024302401328,2024,302401328,1,9,0,18,19,5,1,0,0,1,0,7,7,1,1,1,6,6,2,50,8,1699,1,14,MERCEDES A CLASS,4,E01019522,0,2
2024010545547,2024,010545547,1,9,0,99,99,9,9,99,99,9,9,99,9,99,9,9,6,6,3,-1,-1,1332,1,4,MERCEDES A CLASS,-1,-1,0,-1
2024430302635,2024,430302635,1,9,0,4,4,6,2,0,0,0,0,0,0,0,3,1,6,6,2,59,9,1498,1,17,MERCEDES A CLASS,6,E01017823,0,1
2024552400641,2024,552400641,1,9,0,18,19,2,6,0,0,0,5,0,1,10,0,1,6,6,2,80,11,1498,1,12,MERCEDES A CLASS,10,E01015399,0,1
2024631472935,2024,631472935,1,9,0,-1,19,6,2,-1,0,0,1,4,0,0,3,1,-1,6,1,35,6,1991,2,13,MERCEDES A CLASS,1,W01000606,0,1
2024131487474,2024,131487474,1,9,0,-1,9,5,7,-1,0,0,0,0,0,0,1,1,-1,7,2,40,7,1796,2,11,MERCEDES A CLASS,1,E01010617,0,1