collision_index,collision_year,collision_ref_no,vehicle_reference,vehicle_type,towing_and_articulation,vehicle_manoeuvre_historic,vehicle_manoeuvre,vehicle_direction_from,vehicle_direction_to,vehicle_location_restricted_lane_historic,vehicle_location_restricted_lane,junction_location,skidding_and_overturning,hit_object_in_carriageway,vehicle_leaving_carriageway,hit_object_off_carriageway,first_point_of_impact,vehicle_left_hand_drive,journey_purpose_of_driver_historic,journey_purpose_of_driver,sex_of_driver,age_of_driver,age_band_of_driver,engine_capacity_cc,propulsion_code,age_of_vehicle,generic_make_model,driver_imd_decile,lsoa_of_driver,escooter_flag,driver_distance_banding
2024052401863,2024,052401863,1,9,0,18,19,7,3,0,0,8,1,0,0,0,1,1,6,6,1,29,6,1461,2,17,RENAULT MEGANE,3,E01006717,0,1
2024520403129,2024,520403129,1,9,0,18,19,7,3,0,0,0,0,0,1,0,1,1,6,6,2,29,6,1461,2,11,RENAULT MEGANE,8,E01020075,0,1
2024211510117,2024,211510117,1,9,0,-1,4,7,3,-1,0,0,0,0,0,0,2,1,-1,2,2,48,8,1461,2,9,RENAULT MEGANE,4,E01014353,0,1
2024320134252,2024,320134252,1,9,0,-1,-1,6,2,0,0,8,0,0,0,0,1,1,6,6,2,38,7,1598,1,12,RENAULT MEGANE,1,E01026112,0,2
2024440554634,2024,440554634,2,9,0,18,19,3,7,0,0,6,0,0,0,0,3,1,6,6,2,38,7,1870,2,13,RENAULT MEGANE,6,E01023017,0,1
2024061450941,2024,061450941,1,9,0,-1,3,-1,-1,-1,0,0,0,0,0,0,2,1,-1,9,2,37,7,1598,1,13,RENAULT MEGANE,2,E01018730,0,4
2024131469844,2024,131469844,1,9,0,-1,19,7,7,-1,9,5,0,0,0,0,2,1,-1,7,2,34,6,1461,2,12,RENAULT MEGANE,10,E01011797,0,1
2024340WN9012,2024,340WN9012,3,9,0,-1,19,4,8,-1,0,0,0,0,0,0,0,1,-1,9,2,22,5,1461,2,11,RENAULT MEGANE,7,E01027277,0,1
2024411504554,2024,411504554,1,9,0,-1,5,1,7,-1,0,4,0,0,0,0,1,1,-1,1,1,38,7,1618,1,7,RENAULT MEGANE,10,E01035587,0,1
2024041455626,2024,041455626,4,9,0,-1,19,3,7,-1,0,0,0,0,0,0,1,1,-1,9,1,40,7,1461,2,14,RENAULT MEGANE,3,E01025065,0,3
2024131408618,2024,131408618,1,9,0,-1,19,3,7,-1,0,8,0,0,0,0,1,1,-1,6,1,19,4,1461,2,15,RENAULT MEGANE,2,E01012623,0,4
2024471458073,2024,471458073,2,9,0,-1,5,5,1,-1,0,0,0,1,0,0,1,1,-1,6,1,44,7,1461,2,9,RENAULT MEGANE,10,E01031668,0,2
2024332401173,2024,332401173,1,9,0,-1,9,2,8,-1,0,6,0,0,0,0,1,1,-1,9,2,55,8,1461,2,7,RENAULT MEGANE,6,E01035102,0,1
2024531414219,2024,531414219,1,9,0,-1,5,2,6,-1,0,6,0,0,0,0,1,9,-1,6,1,21,5,1461,2,16,RENAULT MEGANE,6,E01022388,0,1
2024332400781,2024,332400781,2,9,0,-1,9,8,6,-1,0,5,0,0,0,0,2,1,-1,9,1,28,6,1461,2,11,RENAULT MEGANE,9,E01025981,0,3
2024010514164,2024,010514164,1,9,0,18,19,3,7,0,0,0,0,0,0,0,1,1,6,6,1,36,7,-1,3,1,RENAULT MEGANE,9,E01032735,0,4
2024311441781,2024,311441781,3,9,0,-1,19,7,3,-1,0,8,0,0,0,0,2,1,-1,9,1,31,6,1598,1,12,RENAULT MEGANE,8,E01019616,0,4
2024201517451,2024,201517451,2,9,0,-1,19,2,6,-1,0,0,0,0,0,0,1,1,-1,6,2,41,7,1461,2,10,RENAULT MEGANE,2,E01010028,0,2
2024041532976,2024,041532976,1,9,0,-1,5,5,3,-1,9,0,0,0,0,0,1,1,-1,9,1,64,9,1598,1,18,RENAULT MEGANE,8,E01025542,0,1
2024411441070,2024,411441070,1,9,0,-1,13,1,5,-1,0,1,0,0,0,0,1,1,-1,6,1,23,5,1461,2,14,RENAULT MEGANE,-1,-1,0,-1
2024440341101,2024,440341101,2,9,0,17,19,1,5,0,0,0,0,0,0,0,1,1,6,6,2,81,11,1598,1,18,RENAULT MEGANE,5,E01023061,0,1
2024061434780,2024,061434780,1,9,0,-1,5,1,1,-1,9,1,0,4,0,0,1,1,-1,6,2,37,7,1461,2,15,RENAULT MEGANE,-1,-1,0,-1
2024421518620,2024,421518620,2,9,0,-1,19,7,3,-1,0,3,0,0,0,0,1,1,-1,6,1,40,7,1461,2,7,RENAULT MEGANE,5,E01015888,0,1
2024991521347,2024,991521347,1,8,0,-1,5,1,3,-1,0,2,0,0,7,0,3,1,-1,1,1,48,8,1461,2,4,RENAULT MEGANE,2,-1,0,3
202460Q013680,2024,60Q013680,1,9,0,5,5,6,2,0,0,1,0,0,0,0,1,1,1,1,2,46,8,1461,2,7,RENAULT MEGANE,-1,-1,0,-1
2024141530071,2024,141530071,1,9,0,-1,9,1,1,-1,0,8,0,0,0,0,1,1,-1,6,1,43,7,-1,3,1,RENAULT MEGANE,5,E01007366,0,4
2024221504319,2024,221504319,2,9,0,-1,4,5,2,-1,0,8,0,0,0,0,2,9,-1,9,1,38,7,1461,2,12,RENAULT MEGANE,5,E01028944,0,1
2024221498179,2024,221498179,1,9,0,-1,19,6,2,-1,0,0,0,0,0,0,3,1,-1,6,1,39,7,1461,2,13,RENAULT MEGANE,5,E01009211,0,1
2024122400119,2024,122400119,1,9,0,7,7,5,3,0,0,6,0,0,0,0,1,1,6,6,1,19,4,1598,2,14,SEAT IBIZA,6,E01006803,0,5
2024361456080,2024,361456080,2,9,0,-1,19,6,1,-1,0,0,0,0,5,0,2,1,-1,9,2,38,7,1390,1,17,SEAT IBIZA,5,E01030259,0,1
2024201524540,2024,201524540,1,9,0,-1,19,1,5,-1,0,1,0,0,0,0,4,1,-1,6,-1,-1,-1,1390,1,10,SEAT IBIZA,-1,-1,0,-1
2024131450358,2024,131450358,1,9,0,-1,13,6,2,-1,0,1,1,0,6,11,3,1,-1,1,1,44,7,1390,1,12,SEAT IBIZA,1,E01011617,0,1
2024041494109,2024,041494109,1,9,0,-1,19,1,5,-1,0,2,5,0,2,11,1,1,-1,6,1,19,4,999,1,0,SEAT IBIZA,1,E01012594,0,1
2024430289222,2024,430289222,2,9,0,13,13,1,5,0,0,0,0,0,0,0,3,1,2,2,1,36,7,1197,1,11,SEAT IBIZA,9,E01032297,0,4
2024430058062,2024,430058062,1,9,0,9,9,3,1,0,0,6,0,0,1,1,1,1,6,6,2,21,5,1598,1,15,SEAT IBIZA,2,E01016415,0,1
2024471460200,2024,471460200,1,9,0,-1,19,5,1,-1,0,0,0,0,1,10,1,1,-1,9,2,19,4,999,1,1,SEAT IBIZA,6,E01031632,0,2
2024010536106,2024,010536106,1,9,0,18,19,5,1,0,0,8,0,0,0,0,1,1,6,6,1,21,5,1390,1,13,SEAT IBIZA,3,E01004231,0,1
2024552401524,2024,552401524,1,9,0,18,19,1,5,0,0,0,0,0,0,0,1,1,1,1,2,26,6,1390,1,12,SEAT IBIZA,4,E01034284,0,1
2024461521427,2024,461521427,2,9,0,-1,4,1,5,-1,0,1,0,0,0,0,2,1,-1,9,2,38,7,999,1,6,SEAT IBIZA,4,E01016115,0,1
2024552401054,2024,552401054,1,9,0,18,19,5,1,0,0,8,0,0,3,9,4,1,6,6,2,46,8,999,1,5,SEAT IBIZA,9,E01020558,0,1
2024131463695,2024,131463695,1,9,0,-1,19,5,1,-1,0,0,0,0,0,0,4,1,-1,9,1,22,5,999,1,6,SEAT IBIZA,1,E01011339,0,1
2024991485826,2024,991485826,2,9,0,-1,19,7,3,-1,0,0,0,0,0,0,1,1,-1,9,1,26,6,999,1,6,SEAT IBIZA,9,-1,0,5
2024010538823,2024,010538823,2,9,0,9,9,1,7,0,0,1,0,0,0,0,3,1,1,1,1,50,8,999,1,4,SEAT IBIZA,6,E01001309,0,1
2024451408152,2024,451408152,1,9,0,-1,19,7,3,-1,0,3,2,0,0,0,1,1,-1,2,1,17,4,1390,1,15,SEAT IBIZA,10,E01030475,0,1
2024061496284,2024,061496284,1,9,0,-1,3,8,2,-1,0,0,0,0,0,0,2,1,-1,9,2,20,4,999,1,8,SEAT IBIZA,7,E01006045,0,4
2024122500079,2024,122500079,1,9,0,18,19,1,5,0,0,1,0,0,0,0,1,1,2,2,2,35,6,1390,1,14,SEAT IBIZA,4,E01034980,0,1
2024421510241,2024,421510241,2,9,0,-1,19,6,2,-1,0,1,0,0,0,0,0,1,-1,6,1,26,6,1197,1,8,SEAT IBIZA,4,E01021563,0,1
2024131501159,2024,131501159,1,9,0,-1,19,5,1,-1,0,8,0,0,0,0,4,1,-1,9,1,32,6,1197,1,9,SEAT IBIZA,7,E01011277,0,3
2024010547233,2024,010547233,1,9,0,17,19,1,5,9,9,0,1,10,1,2,1,1,6,6,2,29,6,1197,1,7,SEAT IBIZA,5,E01003715,0,1
2024041516358,2024,041516358,2,9,0,-1,19,3,7,-1,0,8,0,0,1,0,3,1,-1,6,2,25,5,999,1,6,SEAT IBIZA,4,E01012729,0,1
2024552401170,2024,552401170,1,9,0,18,19,2,6,0,0,0,0,0,0,0,1,1,6,6,1,18,4,1390,1,14,SEAT IBIZA,10,E01020523,0,1
2024201503348,2024,201503348,1,9,0,-1,19,1,5,-1,0,0,0,0,0,0,1,1,-1,6,1,28,6,1390,1,14,SEAT IBIZA,2,E01009151,0,2
2024461532261,2024,461532261,1,9,0,-1,19,7,3,-1,0,0,0,0,0,0,1,1,-1,2,1,39,7,1197,1,8,SEAT IBIZA,5,E01024393,0,1
2024421520764,2024,421520764,2,9,0,-1,19,5,1,-1,0,3,0,0,0,0,3,1,-1,9,1,17,4,1197,1,9,SEAT IBIZA,7,E01033720,0,4
2024231462111,2024,231462111,1,9,0,-1,10,3,8,-1,0,6,0,0,0,0,1,1,-1,9,2,21,5,1422,2,8,SEAT IBIZA,3,E01025866,0,4
2024991411188,2024,991411188,1,9,0,-1,9,8,6,-1,0,8,1,0,0,0,1,2,-1,9,1,50,8,999,1,5,SEAT IBIZA,8,-1,0,2
2024131524252,2024,131524252,3,9,0,-1,19,5,1,-1,0,1,0,0,0,0,1,1,-1,1,2,24,5,1390,1,11,SEAT IBIZA,4,E01011114,0,2
2024070855079,2024,070855079,1,9,0,-1,19,7,3,-1,0,3,1,10,1,4,1,1,-1,9,1,21,5,1798,1,8,SEAT IBIZA,7,E01018623,0,1
2024631481357,2024,631481357,1,9,0,-1,19,4,8,-1,0,0,0,0,0,0,1,1,-1,2,2,28,6,1390,1,13,SEAT IBIZA,5,W01000559,0,1
2024411498608,2024,411498608,2,9,0,-1,19,3,7,-1,0,2,0,0,0,0,1,1,-1,1,1,59,9,999,1,1,SEAT IBIZA,4,E01023646,0,2
202417M300924,2024,17M300924,1,9,0,9,9,2,8,0,0,8,0,0,0,0,1,1,6,6,1,83,11,999,1,4,SEAT IBIZA,4,E01012043,0,1
2024122400366,2024,122400366,2,9,0,3,3,6,2,0,0,0,0,0,0,0,2,1,6,6,2,44,7,1197,1,8,SEAT IBIZA,9,E01026182,0,5
2024622400645,2024,622400645,3,9,0,10,10,2,6,0,0,1,0,0,0,0,2,1,6,6,1,25,5,1498,1,6,SEAT IBIZA,7,W01001594,0,4
2024041461366,2024,041461366,1,9,0,-1,19,3,7,-1,0,1,0,0,0,0,4,1,-1,9,1,79,11,999,1,5,SEAT IBIZA,1,E01025139,0,1
2024101528326,2024,101528326,964,9,0,-1,9,1,2,-1,0,4,0,0,0,0,0,1,-1,9,2,51,8,1197,1,8,SEAT IBIZA,1,E01008730,0,1
2024201504058,2024,201504058,2,9,0,-1,3,5,1,-1,0,1,0,0,0,0,2,9,-1,6,1,21,5,1395,1,10,SEAT IBIZA,4,E01009037,0,1
202460Q189506,2024,60Q189506,1,9,0,9,9,2,6,0,0,1,0,0,0,0,1,1,6,6,1,19,4,999,1,0,SEAT IBIZA,-1,-1,0,-1
2024221498512,2024,221498512,1,9,0,-1,19,7,3,-1,0,6,0,0,0,0,3,9,-1,6,2,21,5,1390,1,10,SEAT IBIZA,2,E01028934,0,2
2024461451425,2024,461451425,1,9,0,-1,19,3,7,-1,0,0,0,0,0,0,1,2,-1,6,1,29,6,999,1,4,SEAT IBIZA,6,E01016871,0,4
2024201553873,2024,201553873,1,9,0,-1,9,3,1,-1,0,2,0,4,0,0,1,1,-1,9,1,24,5,999,1,3,SEAT IBIZA,2,E01010059,0,2
2024631440935,2024,631440935,1,9,0,-1,19,4,8,-1,0,0,5,0,2,10,3,1,-1,6,2,42,7,1390,1,12,SEAT IBIZA,5,W01000563,0,1
2024201496430,2024,201496430,2,9,0,-1,19,2,6,-1,0,8,0,0,0,0,1,1,-1,2,1,19,4,1197,1,8,SEAT IBIZA,2,E01034945,0,1
2024070633626,2024,070633626,2,9,0,18,19,3,7,0,0,8,0,0,0,0,4,1,6,6,2,42,7,1197,1,11,SEAT IBIZA,1,E01018466,0,1
2024332400655,2024,332400655,2,9,0,-1,4,2,6,-1,0,1,0,0,0,0,1,1,-1,6,1,39,7,1390,1,18,SEAT IBIZA,3,E01013614,0,1
202454C947124,2024,54C947124,1,9,0,18,19,3,7,0,0,0,1,0,7,10,1,1,6,6,1,20,4,1198,1,20,SEAT IBIZA,9,E01031887,0,2
2024031492505,2024,031492505,1,9,0,-1,19,7,3,-1,0,0,0,0,0,0,1,1,-1,6,1,18,4,999,1,0,SEAT IBIZA,-1,-1,0,-1
2024451418176,2024,451418176,1,9,0,-1,19,7,3,-1,0,0,0,0,0,0,1,1,-1,6,1,38,7,1198,1,15,SEAT IBIZA,5,E01017159,0,4
2024131431499,2024,131431499,1,9,0,-1,19,2,4,-1,0,2,1,0,1,7,4,1,-1,9,1,20,4,999,1,5,SEAT IBIZA,1,E01010624,0,2
2024141413769,2024,141413769,2,9,0,-1,19,2,6,-1,0,0,0,0,0,0,1,1,-1,9,1,89,11,1390,1,15,SEAT IBIZA,7,E01007750,0,1
2024131443839,2024,131443839,1,9,0,-1,19,1,7,-1,0,0,0,0,0,0,1,1,-1,6,1,24,5,1390,1,14,SEAT IBIZA,1,E01010744,0,1
2024471405610,2024,471405610,3,9,0,-1,10,3,7,-1,0,1,0,0,0,0,2,1,-1,2,2,23,5,999,1,4,SEAT IBIZA,5,E01021120,0,1
2024131486157,2024,131486157,3,9,0,-1,2,7,7,-1,0,8,0,4,1,0,2,1,-1,6,-1,-1,-1,1197,1,10,SEAT IBIZA,-1,-1,0,-1
2024211433893,2024,211433893,1,9,0,-1,9,8,5,-1,0,8,0,0,0,0,1,1,-1,6,2,21,5,1390,1,15,SEAT IBIZA,3,E01014240,0,1
2024622400451,2024,622400451,2,9,0,3,3,8,4,0,0,0,0,0,0,0,2,1,2,2,1,18,4,1390,1,11,SEAT IBIZA,4,W01001253,0,4
2024461440428,2024,461440428,1,9,0,-1,19,3,4,-1,9,6,0,0,0,0,3,1,-1,2,2,59,9,1390,1,19,SEAT IBIZA,1,E01024193,0,1
2024501417973,2024,501417973,1,9,0,-1,3,2,6,-1,0,8,0,0,0,0,3,1,-1,1,2,56,9,1390,1,15,SEAT IBIZA,7,E01015203,0,1
2024401535880,2024,401535880,2,9,0,-1,4,5,1,-1,0,0,0,0,0,0,1,1,-1,6,1,31,6,1390,1,9,SEAT IBIZA,6,E01017617,0,2
2024131403128,2024,131403128,1,9,0,-1,19,3,7,-1,0,1,5,0,0,0,1,1,-1,9,1,29,6,1197,1,8,SEAT IBIZA,6,E01010920,0,2
2024041418790,2024,041418790,2,9,0,-1,19,5,1,-1,0,0,0,0,0,0,4,1,-1,6,2,22,5,999,1,6,SEAT IBIZA,2,E01006352,0,2
2024122500109,2024,122500109,1,9,0,9,9,1,7,0,0,6,0,0,0,0,1,1,6,6,2,19,4,1197,1,9,SEAT IBIZA,10,E01013381,0,1
2024161492585,2024,161492585,1,9,0,-1,9,4,5,-1,0,8,0,0,0,0,4,1,-1,7,2,30,6,1598,2,13,SEAT IBIZA,6,E01013105,0,1
2024010545839,2024,010545839,2,9,0,18,19,1,5,0,0,4,1,0,1,10,1,1,6,6,1,20,4,1390,1,18,SEAT IBIZA,3,E01000103,0,1
2024549472824,2024,549472824,2,9,0,18,19,4,8,0,0,8,0,0,7,9,4,1,6,6,1,68,10,1598,2,14,SEAT IBIZA,10,E01023175,0,4
2024201441942,2024,201441942,1,9,0,-1,19,4,8,-1,0,0,0,0,0,0,1,9,-1,6,2,39,7,1198,1,15,SEAT IBIZA,3,E01010528,0,1
2024201466278,2024,201466278,2,9,0,-1,19,5,1,-1,0,1,0,0,0,0,1,9,-1,6,1,21,5,1390,1,13,SEAT IBIZA,2,E01009043,0,1
2024991471366,2024,991471366,2,9,0,-1,9,3,8,-1,0,0,0,0,0,0,1,1,-1,1,1,20,4,999,1,5,SEAT IBIZA,6,-1,0,2
2024401495892,2024,401495892,1,9,0,-1,7,7,2,-1,0,0,0,0,0,0,3,1,-1,6,1,24,5,999,1,5,SEAT IBIZA,7,E01017608,0,1
2024471438040,2024,471438040,3,9,0,-1,2,0,0,-1,0,0,0,0,0,0,2,1,-1,6,-1,-1,-1,1896,2,23,SEAT IBIZA,-1,-1,0,-1
2024501512013,2024,501512013,2,9,0,-1,19,6,2,-1,0,1,0,0,0,0,4,1,-1,9,2,19,4,1598,2,14,SEAT IBIZA,8,E01034858,0,4
2024361502482,2024,361502482,2,9,0,-1,9,6,1,-1,0,2,0,0,0,0,1,1,-1,6,2,75,10,1198,1,12,SEAT IBIZA,5,E01026761,0,3
2024221440220,2024,221440220,1,9,0,-1,-1,8,4,-1,-1,0,1,0,7,4,1,1,-1,-1,1,24,5,1390,1,12,SEAT IBIZA,1,E01009115,0,1
2024141413733,2024,141413733,2,9,0,-1,19,3,7,-1,0,0,0,0,0,0,2,1,-1,9,1,21,5,1199,2,13,SEAT IBIZA,8,E01028830,0,5
2024201456082,2024,201456082,2,9,0,-1,11,8,4,-1,0,0,0,0,0,0,2,1,-1,6,1,46,8,1197,1,13,SEAT IBIZA,1,E01008909,0,1
2024201482885,2024,201482885,1,9,0,-1,3,1,5,-1,0,6,0,0,0,0,1,9,-1,9,1,20,4,999,1,6,SEAT IBIZA,1,E01010066,0,1
2024201432565,2024,201432565,1,9,0,-1,19,2,6,-1,0,2,0,0,0,0,1,9,-1,9,2,26,6,1197,1,13,SEAT IBIZA,1,E01009877,0,1
2024991463336,2024,991463336,1,9,0,-1,7,3,5,-1,0,0,0,0,0,0,3,1,-1,6,2,38,7,1197,1,10,SEAT IBIZA,2,-1,0,1
2024311454571,2024,311454571,1,9,0,-1,19,1,5,-1,0,0,5,7,0,0,3,1,-1,9,2,24,5,1390,1,12,SEAT IBIZA,1,E01013881,0,2
2024041456895,2024,041456895,1,9,0,-1,5,2,6,-1,0,8,0,0,0,0,1,1,-1,9,1,33,6,999,1,6,SEAT IBIZA,1,E01024899,0,1
2024041483899,2024,041483899,2,9,0,-1,19,1,5,-1,0,0,0,0,0,0,2,1,-1,9,1,25,5,1498,1,6,SEAT IBIZA,8,E01024923,0,4
2024041507116,2024,041507116,3,9,0,-1,19,8,4,-1,0,1,0,0,0,0,1,1,-1,6,2,22,5,999,1,5,SEAT IBIZA,10,E01025278,0,2
2024211456219,2024,211456219,1,9,0,-1,9,6,4,-1,0,8,0,0,0,0,4,1,-1,6,2,18,4,1390,1,12,SEAT IBIZA,6,E01014360,0,1
2024141428056,2024,141428056,2,9,0,-1,2,0,0,-1,0,0,0,0,0,0,2,1,-1,6,-1,-1,-1,999,1,6,SEAT IBIZA,-1,-1,0,-1
2024010543240,2024,010543240,1,9,0,9,9,5,3,0,0,5,0,0,0,0,4,1,6,6,1,26,6,1390,1,18,SEAT IBIZA,7,E01002581,0,1
2024461434243,2024,461434243,2,9,0,-1,3,7,3,-1,0,1,0,0,0,0,2,9,-1,9,1,46,8,1598,2,14,SEAT IBIZA,2,E01024247,0,4
202454A674624,2024,54A674624,2,9,0,18,19,3,7,0,0,1,0,0,6,2,1,1,3,7,2,24,5,1390,1,15,SEAT IBIZA,6,E01034539,0,2
2024501446275,2024,501446275,2,9,0,-1,3,5,7,-1,0,1,0,0,0,0,2,9,-1,9,2,28,6,999,1,1,SEAT IBIZA,3,E01019047,0,1
2024411411989,2024,411411989,1,9,0,-1,19,4,8,-1,0,0,0,0,0,0,1,1,-1,2,2,31,6,1197,1,10,SEAT IBIZA,10,E01023735,0,1
2024552401435,2024,552401435,2,9,0,4,4,3,7,0,0,0,0,0,0,0,2,1,6,6,1,37,7,999,1,1,SEAT IBIZA,6,E01020434,0,4
2024610047824,2024,610047824,2,9,0,18,19,6,2,0,0,1,0,0,0,0,1,1,6,6,1,21,5,1390,1,10,SEAT IBIZA,-1,-1,0,-1
2024010548520,2024,010548520,3,9,0,5,5,7,3,0,0,1,2,0,0,0,1,1,6,6,1,35,6,1197,1,13,SEAT IBIZA,7,E01024448,0,3
2024401397143,2024,401397143,2,9,0,-1,19,1,5,-1,0,1,0,0,0,0,1,1,-1,6,1,73,10,1390,1,14,SEAT IBIZA,3,E01001557,0,4
2024122500186,2024,122500186,2,9,0,5,5,1,5,0,0,1,0,0,0,0,1,1,2,2,2,43,7,1390,1,11,SEAT IBIZA,8,E01027605,0,1
2024991493480,2024,991493480,2,9,0,-1,9,5,1,-1,0,6,0,0,2,0,1,1,-1,9,1,18,4,1390,1,13,SEAT IBIZA,2,-1,0,1
2024451398343,2024,451398343,1,9,0,-1,3,1,5,-1,0,0,0,0,0,0,2,9,-1,6,2,29,6,1390,1,14,SEAT IBIZA,4,E01030962,0,3
2024542580824,2024,542580824,1,9,0,17,19,6,3,0,0,1,2,0,1,4,1,1,1,1,2,24,5,1198,1,19,SEAT IBIZA,3,E01032118,0,1
2024122401250,2024,122401250,1,9,0,9,9,6,2,0,0,4,0,0,0,0,1,1,2,2,2,17,4,1390,1,10,SEAT IBIZA,4,E01027779,0,1
2024010537686,2024,010537686,1,9,0,99,99,9,9,99,99,0,9,99,9,99,1,9,1,1,1,23,5,999,1,1,SEAT IBIZA,6,E01003772,0,2
2024010519191,2024,010519191,3,9,0,2,2,0,0,0,0,0,0,0,0,0,1,1,6,6,3,-1,-1,1390,1,10,SEAT IBIZA,-1,-1,0,-1
2024320459180,2024,320459180,1,9,0,-1,-1,4,8,0,0,1,0,8,0,6,1,1,-1,-1,1,25,5,1390,1,14,SEAT IBIZA,9,E01013788,0,2
2024070768279,2024,070768279,2,9,0,-1,19,1,5,-1,0,1,0,0,0,0,1,1,-1,6,1,20,4,999,1,7,SEAT IBIZA,6,E01035065,0,4
2024010535571,2024,010535571,2,9,0,5,5,3,7,0,0,1,0,0,0,0,1,1,6,6,1,33,6,999,1,3,SEAT IBIZA,4,E01000428,0,1
2024131442448,2024,131442448,1,9,0,-1,19,3,3,-1,0,8,2,10,0,0,4,1,-1,2,1,18,4,999,1,6,SEAT IBIZA,4,E01010921,0,2
2024631441424,2024,631441424,1,9,0,-1,19,5,1,-1,0,0,0,4,0,0,1,1,-1,9,1,21,5,1798,1,7,SEAT IBIZA,7,W01000731,0,3
2024201432210,2024,201432210,1,9,0,-1,19,4,8,-1,0,1,0,0,0,0,1,9,-1,6,1,22,5,999,1,8,SEAT IBIZA,2,E01008889,0,2
2024201466728,2024,201466728,1,9,0,-1,13,5,1,-1,0,8,0,0,0,0,1,9,-1,6,1,20,4,999,1,7,SEAT IBIZA,-1,-1,0,-1
2024041407852,2024,041407852,2,9,0,-1,19,4,8,-1,0,0,0,0,2,0,1,1,-1,6,2,24,5,1197,1,12,SEAT IBIZA,2,E01010715,0,2
2024201462662,2024,201462662,1,9,0,-1,19,1,5,-1,0,2,0,0,0,0,1,1,-1,6,2,22,5,1390,1,14,SEAT IBIZA,2,E01009314,0,1
2024461395711,2024,461395711,1,9,0,-1,15,7,3,-1,0,0,1,0,7,0,4,1,-1,6,1,22,5,1198,1,16,SEAT IBIZA,9,E01024526,0,1
2024371454359,2024,371454359,1,9,0,-1,19,7,3,-1,0,2,0,0,0,0,1,1,-1,2,2,19,4,1390,1,10,SEAT IBIZA,9,E01034560,0,2
2024201490961,2024,201490961,1,9,0,-1,19,2,6,-1,0,1,0,0,0,0,1,9,-1,6,1,19,4,1390,1,13,SEAT IBIZA,3,E01032528,0,2
2024201462721,2024,201462721,2,9,0,-1,3,2,1,-1,0,3,0,0,0,0,2,1,-1,1,1,49,8,1390,1,11,SEAT IBIZA,2,E01009395,0,1
2024061508195,2024,061508195,1,9,0,-1,7,3,7,-1,0,1,0,0,0,0,3,1,-1,2,2,41,7,999,1,0,SEAT IBIZA,10,E01012513,0,3
2024351415743,2024,351415743,1,9,0,-1,19,6,3,-1,0,7,0,0,0,0,1,1,-1,6,2,31,6,1197,1,12,SEAT IBIZA,9,E01018216,0,1
2024411519171,2024,411519171,1,9,0,-1,19,7,5,-1,0,3,0,0,0,0,4,1,-1,6,1,28,6,1798,1,7,SEAT IBIZA,1,E01027978,0,5
2024361524996,2024,361524996,1,9,0,-1,19,3,7,-1,0,8,0,0,0,0,4,1,-1,9,2,18,4,1197,1,7,SEAT IBIZA,6,E01033539,0,4
2024461577020,2024,461577020,1,9,0,-1,19,5,2,-1,0,0,2,11,7,0,3,1,-1,2,1,20,4,1390,1,17,SEAT IBIZA,7,E01024734,0,1
2024501512013,2024,501512013,1,9,0,-1,19,8,4,-1,0,1,0,0,0,0,1,1,-1,9,1,18,4,1390,1,11,SEAT IBIZA,7,E01018934,0,2
2024302400542,2024,302400542,1,9,0,18,19,1,5,0,0,0,0,0,0,0,1,1,6,6,1,32,6,1198,1,17,SEAT IBIZA,3,E01013455,0,2
2024991523466,2024,991523466,3,9,0,-1,19,3,7,-1,0,1,0,0,0,0,1,1,-1,6,1,41,7,1390,1,15,SEAT IBIZA,1,-1,0,1
2024631436165,2024,631436165,1,9,0,-1,5,8,6,-1,0,6,0,0,0,0,3,1,-1,9,2,19,4,1390,1,13,SEAT IBIZA,4,W01000605,0,1
2024430517584,2024,430517584,2,9,0,18,19,8,4,0,0,8,0,0,0,0,4,1,3,7,2,36,7,1390,1,13,SEAT IBIZA,9,E01035727,0,1
2024211429335,2024,211429335,1,9,-1,-1,-1,5,4,-1,-1,-1,-1,-1,-1,-1,-1,9,-1,6,1,19,4,1198,1,10,SEAT IBIZA,6,E01014360,0,1
2024531490280,2024,531490280,3,9,0,-1,19,1,5,-1,0,0,0,0,0,0,1,1,-1,6,2,33,6,1197,1,9,SEAT IBIZA,8,E01022123,0,2
2024201521556,2024,201521556,1,9,0,-1,19,5,1,-1,0,4,0,0,0,0,1,1,-1,6,1,28,6,999,1,6,SEAT IBIZA,6,E01009657,0,1
2024461489159,2024,461489159,3,9,0,-1,4,6,2,-1,0,0,0,0,0,0,2,1,-1,9,1,61,9,1390,1,11,SEAT IBIZA,1,E01024687,0,3
2024122401091,2024,122401091,1,9,0,18,19,1,5,0,0,0,0,0,0,0,1,1,6,6,1,34,6,1197,1,7,SEAT IBIZA,2,E01034260,0,4
2024991530380,2024,991530380,1,9,0,-1,9,1,6,-1,0,0,0,0,0,0,4,1,-1,9,2,59,9,999,1,0,SEAT IBIZA,4,-1,0,1
2024430273641,2024,430273641,1,9,0,9,9,7,5,0,0,5,0,0,0,0,1,1,6,6,2,66,10,1568,1,15,SEAT IBIZA,7,E01028676,0,1
2024010543798,2024,010543798,2,9,0,3,3,1,5,0,0,1,0,0,0,0,2,1,6,6,1,34,6,1390,1,15,SEAT IBIZA,6,E01003741,0,2
2024201553744,2024,201553744,4,9,0,-1,3,5,1,-1,0,0,0,0,0,0,1,9,-1,6,2,18,4,999,1,0,SEAT IBIZA,1,E01009326,0,1