collision_index,collision_year,collision_ref_no,vehicle_reference,vehicle_type,towing_and_articulation,vehicle_manoeuvre_historic,vehicle_manoeuvre,vehicle_direction_from,vehicle_direction_to,vehicle_location_restricted_lane_historic,vehicle_location_restricted_lane,junction_location,skidding_and_overturning,hit_object_in_carriageway,vehicle_leaving_carriageway,hit_object_off_carriageway,first_point_of_impact,vehicle_left_hand_drive,journey_purpose_of_driver_historic,journey_purpose_of_driver,sex_of_driver,age_of_driver,age_band_of_driver,engine_capacity_cc,propulsion_code,age_of_vehicle,generic_make_model,driver_imd_decile,lsoa_of_driver,escooter_flag,driver_distance_banding
2024302400992,2024,302400992,2,9,0,18,19,6,2,0,0,0,0,0,0,0,2,1,6,6,1,28,6,999,1,3,SEAT IBIZA,8,E01019423,0,4
2024211458489,2024,211458489,2,9,0,-1,19,1,5,-1,0,0,0,0,0,0,3,1,-1,6,2,25,5,999,1,7,SEAT IBIZA,5,E01029611,0,1
2024501470525,2024,501470525,2,9,0,-1,4,3,7,-1,0,0,0,0,0,0,2,1,-1,9,2,58,9,1390,1,13,SEAT IBIZA,8,E01019035,0,2
2024421434598,2024,421434598,1,9,0,-1,19,8,2,-1,0,0,0,0,7,0,1,1,-1,9,1,19,4,1390,1,9,SEAT IBIZA,9,E01021643,0,2
2024991498858,2024,991498858,1,9,0,-1,19,4,1,-1,0,0,1,0,1,4,1,1,-1,9,1,17,4,1198,1,18,SEAT IBIZA,4,-1,0,1
2024340WN1362,2024,340WN1362,1,9,0,-1,19,8,4,-1,0,1,0,0,0,0,1,1,-1,2,1,36,7,1390,1,21,SEAT IBIZA,10,E01032983,0,1
2024221512568,2024,221512568,2,9,0,-1,9,8,6,-1,0,5,0,0,0,0,1,1,-1,6,2,18,4,1199,2,13,SEAT IBIZA,5,E01014059,0,2
2024211457113,2024,211457113,2,9,0,-1,19,2,6,-1,0,0,0,0,0,0,1,1,-1,6,2,22,5,1197,1,8,SEAT IBIZA,1,E01014224,0,1
2024531495490,2024,531495490,2,9,0,-1,19,4,8,-1,0,0,0,0,0,0,1,1,-1,9,2,22,5,999,1,6,SEAT IBIZA,8,E01032709,0,4
2024231531754,2024,231531754,1,9,0,-1,19,7,3,-1,0,8,0,0,0,0,1,2,-1,6,1,25,5,1598,2,14,SEAT IBIZA,-1,-1,0,-1
2024131500753,2024,131500753,2,9,0,-1,19,5,1,-1,0,0,0,0,0,0,2,1,-1,9,1,21,5,1390,1,10,SEAT IBIZA,8,E01032496,0,1
2024201477561,2024,201477561,1,9,0,-1,19,7,3,-1,0,6,0,0,0,0,1,1,-1,6,2,54,8,1390,1,9,SEAT IBIZA,1,E01034929,0,1
2024531403179,2024,531403179,3,9,0,-1,19,7,3,-1,0,8,5,0,1,0,3,1,-1,6,1,52,8,999,1,6,SEAT IBIZA,9,E01022115,0,3
2024471513154,2024,471513154,2,9,0,-1,19,3,7,-1,0,1,0,0,0,0,3,1,-1,9,1,18,4,1198,1,17,SEAT IBIZA,6,E01031445,0,1
2024311535640,2024,311535640,1,9,0,-1,9,4,8,-1,0,4,0,0,0,0,3,1,-1,9,2,25,5,999,1,7,SEAT IBIZA,7,E01028193,0,3
2024991495385,2024,991495385,2,9,0,-1,7,6,2,-1,0,0,0,0,1,4,1,1,-1,9,1,17,4,1390,1,12,SEAT IBIZA,7,-1,0,4
2024052401136,2024,052401136,2,9,0,18,19,1,5,0,0,1,0,0,0,0,1,1,6,6,1,18,4,1390,1,14,SEAT IBIZA,4,E01006887,0,1
2024552401190,2024,552401190,2,9,0,10,10,3,1,0,0,5,0,0,0,0,2,1,6,6,1,68,10,1390,1,13,SEAT IBIZA,5,E01020456,0,2
2024991481622,2024,991481622,1,9,0,-1,19,8,4,-1,0,0,0,0,0,0,4,1,-1,9,1,21,5,999,1,5,SEAT IBIZA,6,E01021186,0,5
2024061467079,2024,061467079,1,9,0,-1,19,-1,-1,-1,0,0,0,0,0,0,1,1,-1,9,1,41,7,999,1,5,SEAT IBIZA,3,E01006014,0,1
2024071015135,2024,071015135,1,9,0,-1,9,1,7,-1,0,8,0,0,0,0,1,1,-1,6,2,36,7,1197,1,9,SEAT IBIZA,9,E01012519,0,1
2024201456239,2024,201456239,1,9,0,-1,19,1,5,-1,0,0,1,10,1,0,1,1,-1,6,1,18,4,1198,1,15,SEAT IBIZA,2,E01009992,0,1
2024201477537,2024,201477537,1,9,0,-1,19,7,6,-1,0,8,0,0,0,0,1,1,-1,6,1,18,4,1390,1,15,SEAT IBIZA,1,E01034913,0,1
2024041495527,2024,041495527,2,9,0,-1,19,3,7,-1,0,0,1,0,2,7,0,1,-1,6,2,30,6,1390,1,14,SEAT IBIZA,1,E01024872,0,1
2024501481085,2024,501481085,2,9,0,-1,19,4,8,-1,0,1,0,0,0,0,1,1,-1,9,2,22,5,1199,2,14,SEAT IBIZA,4,E01018780,0,3
2024141507762,2024,141507762,1,9,0,-1,19,1,5,-1,0,0,0,0,0,0,1,1,-1,6,1,25,5,1199,2,10,SEAT IBIZA,1,E01008083,0,2
2024371484627,2024,371484627,1,9,0,-1,19,1,5,-1,0,1,0,0,0,0,4,1,-1,9,2,60,9,999,1,6,SEAT IBIZA,7,E01029875,0,2
2024440347575,2024,440347575,1,9,0,18,19,1,5,0,0,0,0,0,0,0,2,1,2,2,1,46,8,1390,1,18,SEAT IBIZA,8,E01016326,0,3
2024131428008,2024,131428008,2,9,0,-1,19,1,5,-1,0,0,0,0,0,0,2,1,-1,6,1,34,6,1390,1,14,SEAT IBIZA,1,E01011434,0,1
2024010542561,2024,010542561,1,9,0,18,19,7,3,0,0,1,0,0,0,0,1,1,6,6,1,21,5,999,1,9,SEAT IBIZA,-1,-1,0,-1
2024010519771,2024,010519771,1,9,0,18,19,3,7,9,9,2,0,0,7,2,1,1,6,6,1,55,8,1390,1,12,SEAT IBIZA,-1,-1,0,-1
2024131498554,2024,131498554,2,9,0,-1,2,1,5,-1,0,0,0,0,0,0,0,1,-1,6,3,-1,-1,1197,1,9,SEAT IBIZA,-1,-1,0,-1
2024991535720,2024,991535720,2,9,0,-1,19,7,3,-1,0,0,0,0,0,0,1,1,-1,9,2,33,6,999,1,5,SEAT IBIZA,7,-1,0,2
2024201488568,2024,201488568,1,9,0,-1,19,5,1,-1,0,8,0,0,0,0,1,1,-1,2,1,22,5,999,1,4,SEAT IBIZA,8,E01029743,0,4
2024010543456,2024,010543456,2,9,0,99,99,9,9,99,99,9,9,99,9,99,1,9,6,6,3,-1,-1,1198,1,17,SEAT IBIZA,7,E01015967,0,4
2024361480950,2024,361480950,1,9,0,-1,19,1,5,-1,0,0,5,0,1,4,4,1,-1,9,1,60,9,1598,2,15,SEAT IBIZA,3,E01026694,0,1
2024231416441,2024,231416441,1,9,0,-1,19,1,6,-1,0,8,0,0,1,9,1,1,-1,6,1,18,4,1197,1,11,SEAT IBIZA,2,E01029843,0,2
2024201451909,2024,201451909,2,9,0,-1,19,8,4,-1,0,1,2,10,7,2,1,1,-1,1,1,19,4,999,1,6,SEAT IBIZA,2,E01034931,0,1
2024211564270,2024,211564270,2,9,0,-1,19,1,3,-1,0,3,0,0,0,0,2,1,-1,6,2,28,6,999,1,3,SEAT IBIZA,7,E01029517,0,1
2024010529974,2024,010529974,2,9,0,99,99,9,9,99,99,9,9,99,9,99,9,9,6,6,3,37,7,999,1,0,SEAT IBIZA,3,E01000089,0,2
2024522500222,2024,522500222,1,9,0,18,19,2,6,0,0,0,0,0,0,0,1,1,6,6,2,47,8,1390,1,14,SEAT IBIZA,4,E01014603,0,1
202417M108624,2024,17M108624,1,9,0,-1,19,4,8,-1,0,1,0,0,0,0,4,1,-1,7,2,53,8,1390,1,12,SEAT IBIZA,1,E01012050,0,1
2024531451506,2024,531451506,1,9,0,-1,9,7,5,-1,0,5,0,0,0,0,4,1,-1,2,1,19,4,999,1,2,SEAT IBIZA,7,E01022397,0,4
2024201482793,2024,201482793,2,9,0,-1,19,5,1,-1,0,8,0,0,0,0,4,9,-1,6,2,40,7,1197,1,10,SEAT IBIZA,4,E01010159,0,1
2024211436190,2024,211436190,2,9,0,-1,7,6,2,-1,0,8,0,0,0,0,3,1,-1,9,2,19,4,1197,1,12,SEAT IBIZA,1,E01010466,0,1
2024131504435,2024,131504435,1,9,0,-1,19,7,3,-1,0,1,1,0,0,0,1,1,-1,9,1,47,8,1198,1,11,SEAT IBIZA,1,E01011378,0,1
2024421475047,2024,421475047,1,9,0,-1,19,1,4,-1,0,1,0,0,7,0,1,1,-1,2,1,20,4,1390,1,15,SEAT IBIZA,8,E01021382,0,2
2024631499186,2024,631499186,2,9,0,-1,3,6,2,-1,0,0,0,0,0,0,2,1,-1,6,2,47,8,1968,2,13,SEAT IBIZA,6,W01002002,0,3
2024991429375,2024,991429375,3,9,0,-1,19,6,2,-1,0,1,0,0,0,0,1,1,-1,6,2,25,5,999,1,5,SEAT IBIZA,10,-1,0,2
2024340WN2582,2024,340WN2582,1,9,0,-1,19,3,7,-1,0,0,0,0,0,0,4,1,-1,9,1,17,4,999,1,7,SEAT IBIZA,9,E01026998,0,2
2024440286056,2024,440286056,2,9,0,18,19,3,7,0,0,0,0,0,0,0,0,1,6,6,1,24,5,999,1,6,SEAT IBIZA,9,E01030488,0,4
2024302401554,2024,302401554,2,9,0,9,9,3,1,0,0,8,0,0,0,0,1,1,6,6,1,17,4,1390,1,14,SEAT IBIZA,2,E01019699,0,2
2024041479006,2024,041479006,1,9,0,-1,19,5,1,-1,0,0,0,0,1,0,1,1,-1,9,1,41,7,999,1,0,SEAT IBIZA,1,E01025260,0,3
2024041510199,2024,041510199,3,9,0,-1,2,5,1,-1,0,0,0,0,0,0,2,1,-1,6,-1,-1,-1,999,1,6,SEAT IBIZA,-1,-1,0,-1
2024401475143,2024,401475143,1,9,0,-1,19,3,7,-1,0,0,0,0,0,0,1,1,-1,6,1,-1,-1,1598,1,15,SEAT IBIZA,-1,-1,0,-1
2024131494448,2024,131494448,1,9,0,-1,9,1,5,-1,0,1,0,0,0,0,4,1,-1,6,1,22,5,999,1,1,SEAT IBIZA,5,E01011215,0,2
2024501513709,2024,501513709,2,9,0,-1,19,5,1,-1,0,8,0,0,0,0,1,1,-1,9,1,19,4,1598,2,13,SEAT IBIZA,3,E01018974,0,4
2024522402295,2024,522402295,5,9,0,2,2,0,0,0,0,0,0,0,0,0,3,1,6,6,3,-1,-1,1390,1,12,SEAT IBIZA,-1,-1,0,-1
2024311517229,2024,311517229,4,9,0,-1,3,7,3,-1,0,1,0,0,0,0,1,1,-1,6,2,54,8,999,1,4,SEAT IBIZA,-1,-1,0,-1
2024351515318,2024,351515318,1,9,4,-1,19,5,1,-1,0,0,0,0,0,0,1,1,-1,6,2,25,5,1390,1,9,SEAT IBIZA,9,E01032611,0,4
2024052400625,2024,052400625,2,9,0,18,19,7,3,0,0,1,0,0,0,0,1,1,6,6,1,74,10,1968,2,11,SEAT IBIZA,3,E01027312,0,5
2024061505264,2024,061505264,1,9,0,-1,-1,-1,-1,-1,-1,-1,-1,-1,-1,0,-1,1,-1,6,1,20,4,999,1,0,SEAT IBIZA,-1,-1,0,-1
2024201511944,2024,201511944,2,9,0,-1,19,5,1,-1,0,0,1,0,2,0,1,1,-1,9,1,21,5,999,1,4,SEAT IBIZA,3,E01009268,0,1
2024361439460,2024,361439460,1,9,0,-1,19,3,7,-1,0,8,0,0,0,0,1,1,-1,9,1,22,5,1390,1,10,SEAT IBIZA,10,E01016534,0,5
2024622400236,2024,622400236,1,9,0,5,5,6,2,0,0,1,0,0,0,0,1,1,6,6,1,34,6,1199,2,11,SEAT IBIZA,10,W01000859,0,1
2024141538994,2024,141538994,1,9,0,-1,19,1,1,-1,0,0,0,0,0,0,1,9,-1,6,3,57,9,1390,1,10,SEAT IBIZA,9,E01019795,0,1
2024070162140,2024,070162140,1,9,0,18,19,7,3,0,0,1,0,0,0,0,1,1,6,6,1,29,6,1197,1,10,SEAT IBIZA,8,E01018515,0,2
2024471503933,2024,471503933,1,9,0,-1,9,3,1,-1,0,8,0,0,0,0,1,1,-1,2,1,30,6,1390,1,12,SEAT IBIZA,9,E01024808,0,1
2024111479965,2024,111479965,1,9,0,-1,19,7,3,-1,0,0,0,0,0,0,4,1,-1,9,1,25,5,1197,1,9,SEAT IBIZA,2,E01020648,0,1
2024501409770,2024,501409770,1,9,0,-1,19,1,5,-1,0,8,0,0,0,0,9,9,-1,6,1,18,4,1390,1,11,SEAT IBIZA,2,E01020039,0,1
2024161464014,2024,161464014,2,9,0,-1,19,1,5,-1,0,0,0,0,1,0,1,1,-1,9,2,35,6,1390,1,10,SEAT IBIZA,6,E01013253,0,1
2024141401009,2024,141401009,2,9,0,-1,4,5,1,-1,0,1,0,0,0,0,1,1,-1,9,2,25,5,1598,2,14,SEAT IBIZA,1,E01008055,0,2
2024101488636,2024,101488636,1,9,0,-1,19,5,1,-1,0,1,1,0,1,0,4,1,-1,9,1,26,6,1197,1,8,SEAT IBIZA,6,E01027466,0,3
2024471496078,2024,471496078,1,9,0,-1,19,5,2,-1,0,1,0,0,1,0,1,1,-1,2,1,63,9,1390,1,21,SEAT IBIZA,8,E01021190,0,3
2024161454053,2024,161454053,1,9,0,-1,19,7,3,-1,5,0,0,0,0,0,1,1,-1,9,1,18,4,1390,1,17,SEAT IBIZA,1,E01012786,0,1
2024501524805,2024,501524805,2,9,0,-1,4,3,7,-1,0,1,1,0,0,0,1,1,-1,2,2,19,4,1197,1,11,SEAT IBIZA,3,E01034172,0,1
2024471478931,2024,471478931,1,9,0,-1,19,3,7,-1,0,0,5,4,0,0,1,1,-1,9,2,45,7,1390,1,10,SEAT IBIZA,8,E01016917,0,1
2024070138361,2024,070138361,1,9,0,18,19,7,3,0,0,0,5,0,7,9,1,1,6,6,1,18,4,999,1,4,SEAT IBIZA,5,E01018717,0,3
2024461447410,2024,461447410,1,9,0,-1,19,1,5,-1,0,0,0,0,0,0,1,1,-1,6,2,19,4,1198,1,12,SEAT IBIZA,2,E01023990,0,1
2024131528191,2024,131528191,1,9,0,-1,19,5,1,-1,0,1,0,0,0,0,3,1,-1,2,2,45,7,999,1,7,SEAT IBIZA,9,E01011306,0,3
2024031441108,2024,031441108,1,9,0,-1,19,2,5,-1,0,0,5,0,7,0,1,1,-1,9,1,19,4,1197,1,9,SEAT IBIZA,2,E01019277,0,2
2024622400377,2024,622400377,1,9,0,12,12,8,4,0,0,2,0,0,0,0,1,1,6,6,3,-1,-1,1198,1,16,SEAT IBIZA,-1,-1,0,-1
2024361425686,2024,361425686,2,9,0,-1,4,5,1,-1,0,1,0,0,0,0,2,1,-1,2,1,26,6,1198,1,12,SEAT IBIZA,1,E01026809,0,3
2024141450471,2024,141450471,1,9,0,-1,19,1,5,-1,0,0,0,0,7,2,1,1,-1,2,1,29,6,1390,1,10,SEAT IBIZA,9,E01011199,0,1
2024101502563,2024,101502563,1,9,0,-1,9,6,3,-1,0,8,0,0,0,0,1,1,-1,1,1,22,5,1390,1,11,SEAT IBIZA,5,E01008774,0,1
2024211467308,2024,211467308,2,9,0,-1,19,1,5,-1,0,1,0,0,0,0,1,1,-1,6,1,20,4,1390,1,19,SEAT IBIZA,-1,-1,0,-1
2024201463557,2024,201463557,2,9,0,-1,19,1,2,-1,0,1,0,0,0,0,3,9,-1,6,1,24,5,1390,1,13,SEAT IBIZA,1,E01034926,0,1
2024991503114,2024,991503114,1,9,0,-1,19,5,1,-1,0,0,2,0,1,0,1,1,-1,9,1,18,4,1598,1,15,SEAT IBIZA,-1,-1,0,-1
2024161478491,2024,161478491,1,9,0,-1,19,1,5,-1,0,0,0,0,0,0,2,1,-1,6,2,42,7,1598,2,13,SEAT IBIZA,1,E01012877,0,1
2024141431348,2024,141431348,1,9,0,-1,19,4,7,-1,0,0,0,0,0,0,1,1,-1,2,1,54,8,1197,1,9,SEAT IBIZA,4,E01007445,0,1
2024461420872,2024,461420872,6,9,0,-1,2,0,0,-1,9,0,0,0,0,0,4,1,-1,6,-1,-1,-1,1197,1,8,SEAT IBIZA,-1,-1,0,-1
2024201413513,2024,201413513,1,9,0,-1,19,1,6,-1,0,0,1,0,0,0,1,9,-1,2,1,19,4,1390,1,14,SEAT IBIZA,4,E01009046,0,3
2024161430220,2024,161430220,1,9,0,-1,19,2,6,-1,0,8,0,0,7,11,1,1,-1,9,1,32,6,1390,1,19,SEAT IBIZA,6,E01012922,0,3
2024211451293,2024,211451293,2,9,0,-1,19,6,6,-1,0,2,1,0,1,0,1,1,-1,9,1,17,4,1197,1,8,SEAT IBIZA,4,E01029831,0,2
2024141441990,2024,141441990,1,9,0,-1,19,2,6,-1,0,0,5,0,7,0,1,1,-1,6,2,21,5,1390,1,11,SEAT IBIZA,5,E01008034,0,2
2024401415680,2024,401415680,3,9,0,-1,2,0,0,-1,0,0,0,0,0,0,3,9,-1,6,-1,-1,-1,1390,1,16,SEAT IBIZA,-1,-1,0,-1
2024211437780,2024,211437780,2,9,-1,-1,8,8,2,-1,-1,0,-1,-1,-1,0,-1,1,-1,6,2,32,6,999,1,0,SEAT IBIZA,9,E01018494,0,4
2024451528274,2024,451528274,1,9,0,-1,12,7,3,-1,0,0,0,0,0,0,3,1,-1,2,1,61,9,999,1,3,SEAT IBIZA,6,E01034728,0,1
2024371395338,2024,371395338,2,9,0,-1,4,8,4,-1,0,0,0,0,0,0,2,1,-1,2,2,25,5,1390,1,9,SEAT IBIZA,10,E01030292,0,1
2024302401337,2024,302401337,2,9,0,18,19,6,2,0,0,8,0,0,0,0,1,1,6,6,1,43,7,999,1,5,SEAT IBIZA,1,E01019796,0,2
2024041433639,2024,041433639,3,9,0,-1,3,7,3,-1,0,0,0,0,0,0,2,1,-1,9,1,21,5,999,1,3,SEAT IBIZA,3,E01025234,0,1
2024041434854,2024,041434854,2,9,0,-1,9,1,5,-1,0,6,0,0,0,0,3,1,-1,2,1,21,5,1390,1,17,SEAT IBIZA,1,E01012674,0,1
2024211426151,2024,211426151,1,9,0,-1,19,6,2,-1,0,1,0,4,0,0,1,1,-1,6,1,18,4,1197,1,8,SEAT IBIZA,6,E01014324,0,1
2024430207432,2024,430207432,2,9,0,3,3,8,4,0,0,1,0,0,0,0,2,1,6,6,1,22,5,1395,1,9,SEAT IBIZA,2,E01033485,0,5
2024010534716,2024,010534716,1,9,0,-1,-1,7,3,0,0,8,0,0,0,0,1,1,6,6,1,34,6,1197,1,9,SEAT IBIZA,8,E01003455,0,2
2024546927224,2024,546927224,2,9,0,18,19,8,4,0,0,0,0,0,0,0,4,1,6,6,1,17,4,1390,1,15,SEAT IBIZA,7,E01023159,0,3
2024141469874,2024,141469874,3,9,0,-1,4,3,7,-1,0,0,0,0,0,0,1,1,-1,6,1,18,4,1197,1,11,SEAT IBIZA,6,E01019816,0,2
2024031462776,2024,031462776,1,9,0,-1,19,3,7,-1,0,6,0,0,0,0,1,1,-1,2,1,47,8,1390,1,11,SEAT IBIZA,4,E01019281,0,3
2024361455913,2024,361455913,1,9,0,-1,4,5,1,-1,0,0,0,0,0,0,1,1,-1,6,1,44,7,1390,1,13,SEAT IBIZA,3,E01026779,0,4
2024041490539,2024,041490539,4,9,0,-1,19,5,1,-1,0,0,0,0,0,0,2,1,-1,1,2,23,5,999,1,0,SEAT IBIZA,7,E01012597,0,3
2024122400588,2024,122400588,1,9,0,6,6,1,1,0,0,8,0,0,0,0,2,1,6,6,2,32,6,1197,1,11,SEAT IBIZA,3,E01011806,0,1
2024440502011,2024,440502011,4,9,0,18,19,5,1,0,0,1,0,0,0,0,1,1,2,2,1,29,6,1390,1,10,SEAT IBIZA,7,E01016348,0,2
2024411404788,2024,411404788,2,9,0,-1,-1,-1,-1,-1,0,-1,0,0,0,0,-1,9,-1,9,2,26,6,1390,1,11,SEAT IBIZA,5,E01030725,0,4
2024531467714,2024,531467714,1,9,0,-1,19,1,5,-1,0,0,0,0,0,0,1,1,-1,6,2,45,7,1390,1,14,SEAT IBIZA,2,E01010446,0,4
2024201450654,2024,201450654,1,9,0,-1,5,5,1,-1,0,0,0,0,0,0,3,1,-1,6,1,46,8,1390,1,10,SEAT IBIZA,1,E01009358,0,1
2024320384687,2024,320384687,2,9,0,-1,-1,5,1,0,0,8,0,0,0,0,3,1,-1,-1,1,21,5,1198,1,14,SEAT IBIZA,8,E01026155,0,1
2024311426886,2024,311426886,1,9,0,-1,19,5,1,-1,0,0,0,0,0,0,2,1,-1,9,1,21,5,1390,1,13,SEAT IBIZA,-1,-1,0,-1
2024461512399,2024,461512399,2,9,0,-1,19,5,1,-1,0,0,0,0,0,0,1,1,-1,9,1,72,10,1390,1,17,SEAT IBIZA,8,E01024845,0,2
2024041535700,2024,041535700,1,9,0,-1,19,3,7,-1,0,0,2,0,7,9,1,1,-1,9,1,17,4,1197,1,9,SEAT IBIZA,5,E01004840,0,2
2024361491736,2024,361491736,1,9,-1,-1,15,1,5,-1,0,1,-1,-1,-1,0,-1,9,-1,6,1,19,4,1395,1,9,SEAT IBIZA,1,E01026467,0,1
2024471420834,2024,471420834,2,9,0,-1,19,5,1,-1,0,8,0,0,0,0,1,1,-1,1,1,63,9,999,1,4,SEAT IBIZA,5,E01031523,0,2
2024010508565,2024,010508565,2,9,0,99,99,9,9,99,99,0,9,99,9,99,9,9,6,6,3,-1,-1,1197,1,11,SEAT IBIZA,-1,-1,0,-1
2024552400919,2024,552400919,2,9,0,9,9,8,6,0,0,5,0,0,0,0,3,1,6,6,1,24,5,1197,1,8,SEAT IBIZA,7,E01020361,0,1
2024471401456,2024,471401456,1,9,0,-1,19,3,3,-1,0,0,0,4,0,0,1,1,-1,9,1,25,5,1198,1,17,SEAT IBIZA,9,E01031717,0,1
2024201454837,2024,201454837,1,9,0,-1,7,1,4,-1,0,5,0,0,0,0,3,1,-1,7,2,51,8,1199,2,12,SEAT IBIZA,1,E01010130,0,3
2024991491160,2024,991491160,1,9,0,-1,9,3,1,-1,0,8,0,0,0,0,1,1,-1,6,1,38,7,1390,1,11,SEAT IBIZA,5,-1,0,3
2024131418138,2024,131418138,1,9,0,-1,19,7,3,-1,0,0,0,0,0,0,1,1,-1,6,1,-1,-1,1598,2,13,SEAT IBIZA,-1,-1,0,-1
202460Q095415,2024,60Q095415,2,9,0,17,19,3,7,0,0,0,5,0,0,0,1,1,2,2,2,27,6,1390,1,10,SEAT IBIZA,-1,-1,0,-1
2024041404484,2024,041404484,1,9,0,-1,19,6,2,-1,0,0,1,0,0,0,1,1,-1,9,2,19,4,999,1,6,SEAT IBIZA,8,E01025277,0,3
2024451457803,2024,451457803,2,9,0,-1,19,6,2,-1,0,1,0,0,0,0,1,1,-1,9,1,42,7,1198,1,20,SEAT IBIZA,10,E01031003,0,1
2024201440320,2024,201440320,2,9,0,-1,19,4,8,-1,0,8,0,0,0,0,1,9,-1,6,1,24,5,1197,1,12,SEAT IBIZA,1,E01034930,0,1
2024101503054,2024,101503054,1,9,0,-1,19,1,6,-1,0,0,1,0,8,11,1,1,-1,6,1,25,5,1390,1,15,SEAT IBIZA,5,E01008861,0,4
2024101489572,2024,101489572,1,9,0,-1,19,7,3,-1,0,2,0,0,0,0,3,1,-1,6,1,18,4,1197,1,9,SEAT IBIZA,2,E01008693,0,1
2024351536325,2024,351536325,1,9,0,-1,5,7,4,-1,-1,6,0,0,0,0,3,1,-1,9,1,29,6,999,1,3,SEAT IBIZA,3,E01015618,0,1
2024522402663,2024,522402663,1,9,0,18,19,6,2,0,0,0,0,0,0,0,1,1,6,6,1,26,6,1422,2,16,SEAT IBIZA,4,E01028876,0,5
2024201418177,2024,201418177,1,9,0,-1,19,6,2,-1,0,0,0,0,0,0,1,9,-1,6,1,30,6,999,1,4,SEAT IBIZA,-1,-1,0,-1
2024471459010,2024,471459010,3,9,0,-1,2,0,0,-1,0,0,0,0,0,0,4,9,-1,6,-1,-1,-1,1390,1,10,SEAT IBIZA,-1,-1,0,-1
2024131462081,2024,131462081,1,9,0,-1,9,5,1,-1,0,1,0,0,0,0,2,1,-1,2,1,42,7,1390,1,13,SEAT IBIZA,5,E01011356,0,2
2024141406029,2024,141406029,1,9,0,-1,4,4,8,-1,0,0,0,0,0,0,3,1,-1,9,1,28,6,999,1,5,SEAT IBIZA,1,E01008102,0,1
2024070559578,2024,070559578,2,9,0,18,19,1,6,0,0,1,0,0,1,0,3,1,2,2,2,25,5,999,1,5,SEAT IBIZA,5,E01018741,0,3
2024201472479,2024,201472479,1,9,0,-1,15,6,3,-1,0,0,0,0,0,0,4,1,-1,6,1,25,5,1390,1,14,SEAT IBIZA,-1,-1,0,-1
2024430175040,2024,430175040,1,9,0,18,19,7,3,0,0,0,0,0,1,0,1,1,6,6,1,33,6,1896,2,17,SEAT IBIZA,8,E01028443,0,3
2024340WN5632,2024,340WN5632,2,9,0,-1,19,4,8,-1,0,0,0,0,0,0,4,1,-1,2,1,19,4,999,1,5,SEAT IBIZA,4,E01035429,0,4
2024061450953,2024,061450953,3,9,0,-1,2,1,1,-1,0,0,0,0,0,0,1,1,-1,6,-1,-1,-1,1197,1,10,SEAT IBIZA,-1,-1,0,-1
2024461400192,2024,461400192,1,9,0,-1,19,3,8,-1,0,1,0,0,0,0,1,1,-1,2,1,59,9,1198,1,16,SEAT IBIZA,5,E01024606,0,1
2024552400419,2024,552400419,1,9,0,1,1,4,8,0,0,0,0,4,0,0,2,1,6,6,2,41,7,1199,2,13,SEAT IBIZA,6,E01020543,0,1
2024631442046,2024,631442046,1,9,0,-1,19,8,3,-1,0,0,1,0,0,0,1,1,-1,6,1,18,4,1390,1,13,SEAT IBIZA,6,W01000664,0,2
2024440021597,2024,440021597,1,9,0,18,19,1,5,0,0,0,1,0,2,4,2,1,6,6,1,32,6,1896,2,19,SEAT IBIZA,6,E01022507,0,1
2024610027724,2024,610027724,1,9,0,16,19,2,5,0,0,0,5,0,0,0,1,1,6,6,1,29,6,1422,2,16,SEAT IBIZA,4,W01001974,0,1
2024471425913,2024,471425913,1,9,0,-1,19,5,1,-1,0,3,0,0,0,0,1,1,-1,2,1,37,7,1390,1,21,SEAT IBIZA,-1,-1,0,-1
2024451443437,2024,451443437,1,9,0,-1,5,-1,-1,-1,0,6,0,0,0,0,0,1,-1,9,2,17,4,1198,1,12,SEAT IBIZA,9,E01030772,0,1
2024041496483,2024,041496483,1,9,0,-1,19,5,1,-1,0,0,0,0,0,0,3,1,-1,6,1,-1,-1,1199,2,13,SEAT IBIZA,-1,-1,0,-1
2024411396798,2024,411396798,1,9,0,-1,9,-1,-1,-1,0,1,0,0,0,0,3,9,-1,6,1,21,5,1197,1,8,SEAT IBIZA,1,E01026626,0,5
2024631529959,2024,631529959,1,9,0,-1,19,4,8,-1,0,0,2,0,8,3,1,1,-1,9,1,19,4,999,1,0,SEAT IBIZA,1,E01024278,0,5
2024440210396,2024,440210396,1,9,0,18,19,4,8,0,0,7,0,0,3,0,1,1,6,6,1,22,5,1395,1,9,SEAT IBIZA,10,E01022554,0,3
2024461534170,2024,461534170,1,9,0,-1,9,6,4,-1,0,1,0,0,0,0,1,1,-1,6,2,39,7,1968,2,13,SEAT IBIZA,2,E01024685,0,1
2024061473786,2024,061473786,2,9,0,-1,9,-1,-1,-1,4,0,0,0,0,0,1,1,-1,6,3,-1,-1,999,1,8,SEAT IBIZA,-1,-1,0,-1
2024221528740,2024,221528740,1,9,0,-1,19,8,6,-1,0,0,0,0,1,10,1,9,-1,6,2,43,7,1198,1,12,SEAT IBIZA,7,W01000484,0,2
2024201534844,2024,201534844,2,9,0,-1,3,6,2,-1,0,0,0,0,0,0,2,1,-1,6,2,38,7,1390,1,9,SEAT IBIZA,2,E01010452,0,1
2024131520058,2024,131520058,1,9,0,-1,19,5,3,-1,0,1,0,0,0,0,1,1,-1,9,1,18,4,999,1,2,SEAT IBIZA,8,E01011590,0,1
2024131418988,2024,131418988,1,9,0,-1,12,3,7,-1,-1,0,0,0,0,0,1,1,-1,1,1,19,4,1198,1,14,SEAT IBIZA,6,E01011308,0,1