collision_index,collision_year,collision_ref_no,vehicle_reference,vehicle_type,towing_and_articulation,vehicle_manoeuvre_historic,vehicle_manoeuvre,vehicle_direction_from,vehicle_direction_to,vehicle_location_restricted_lane_historic,vehicle_location_restricted_lane,junction_location,skidding_and_overturning,hit_object_in_carriageway,vehicle_leaving_carriageway,hit_object_off_carriageway,first_point_of_impact,vehicle_left_hand_drive,journey_purpose_of_driver_historic,journey_purpose_of_driver,sex_of_driver,age_of_driver,age_band_of_driver,engine_capacity_cc,propulsion_code,age_of_vehicle,generic_make_model,driver_imd_decile,lsoa_of_driver,escooter_flag,driver_distance_banding
2024221402214,2024,221402214,1,9,0,-1,13,2,5,-1,0,0,1,7,0,0,1,1,-1,6,1,31,6,1390,1,16,SEAT IBIZA,5,E01014046,0,2
2024991444657,2024,991444657,1,9,0,-1,19,8,3,-1,0,0,0,0,0,0,1,1,-1,9,1,21,5,999,1,4,SEAT IBIZA,-1,-1,0,-1
2024991435301,2024,991435301,1,9,0,-1,9,6,3,-1,0,6,0,0,0,0,1,1,-1,9,1,19,4,999,1,7,SEAT IBIZA,4,-1,0,2
2024131431254,2024,131431254,1,9,0,-1,19,7,3,-1,0,1,0,0,0,0,1,1,-1,6,2,38,7,1390,1,11,SEAT IBIZA,9,E01011905,0,3
2024201416459,2024,201416459,1,9,0,-1,19,3,7,-1,0,1,0,0,0,0,4,9,-1,6,1,-1,-1,1390,1,10,SEAT IBIZA,-1,-1,0,-1
2024302401364,2024,302401364,1,9,0,13,13,8,4,0,0,0,0,0,0,0,1,1,6,6,1,19,4,1395,1,10,SEAT IBIZA,6,E01007554,0,4
2024141514821,2024,141514821,1,9,0,-1,19,5,1,-1,0,0,0,0,0,0,1,1,-1,9,1,18,4,1198,1,12,SEAT IBIZA,6,E01007962,0,1
2024631423305,2024,631423305,1,9,0,-1,7,5,6,-1,0,6,0,0,0,0,1,1,-1,9,2,26,6,1390,1,12,SEAT IBIZA,6,W01000575,0,2
2024111448799,2024,111448799,1,9,0,-1,19,3,7,-1,0,0,0,0,0,0,4,1,-1,6,2,30,6,999,1,0,SEAT IBIZA,5,E01012323,0,1
2024302400617,2024,302400617,1,9,0,15,15,6,2,0,0,1,0,0,0,0,3,1,6,6,1,20,4,999,1,4,SEAT IBIZA,8,E01029590,0,4
2024991531911,2024,991531911,1,9,0,-1,19,6,2,-1,-1,1,0,0,0,0,2,1,-1,9,1,40,7,1390,1,14,SEAT IBIZA,2,-1,0,4
2024131488676,2024,131488676,1,9,0,-1,19,7,3,-1,0,0,1,4,0,0,4,1,-1,6,2,21,5,999,1,7,SEAT IBIZA,10,E01011213,0,2
2024070637549,2024,070637549,2,9,0,5,5,3,7,0,0,8,0,0,0,0,1,1,1,1,2,69,10,999,1,0,SEAT IBIZA,-1,-1,0,-1
2024131525246,2024,131525246,1,9,0,-1,19,1,5,-1,0,2,1,0,0,0,1,1,-1,9,1,18,4,1199,2,12,SEAT IBIZA,1,E01010812,0,1
2024131438986,2024,131438986,2,9,0,-1,19,5,1,-1,0,8,0,0,0,0,1,1,-1,9,1,22,5,999,1,5,SEAT IBIZA,5,E01033695,0,2
2024010509775,2024,010509775,1,9,0,18,19,1,5,9,9,1,1,10,0,0,1,1,2,2,1,19,4,1390,1,14,SEAT IBIZA,7,E01000748,0,1
2024141453113,2024,141453113,2,9,0,-1,9,7,5,-1,0,6,0,0,0,0,4,1,-1,9,1,18,4,1390,1,15,SEAT IBIZA,3,E01011804,0,4
2024141510143,2024,141510143,1,9,0,-1,5,8,4,-1,0,1,0,0,0,0,4,1,-1,9,1,54,8,999,1,2,SEAT IBIZA,9,E01008156,0,1
2024451512900,2024,451512900,2,9,0,-1,19,4,8,-1,0,0,1,0,7,6,2,1,-1,1,2,43,7,999,1,1,SEAT IBIZA,6,E01030684,0,1
2024201584334,2024,201584334,3,9,0,-1,3,7,4,-1,0,0,0,0,0,0,1,9,-1,6,2,22,5,1197,1,8,SEAT IBIZA,1,E01009490,0,2
2024141547862,2024,141547862,1,9,0,-1,19,1,7,-1,0,8,0,0,0,0,4,1,-1,9,1,45,7,1390,1,11,SEAT IBIZA,1,E01011899,0,3
2024501409404,2024,501409404,2,9,0,-1,3,7,2,-1,0,4,0,0,0,0,2,9,-1,6,2,42,7,1197,1,9,SEAT IBIZA,6,E01034860,0,1
2024161450945,2024,161450945,2,9,0,-1,19,8,4,-1,0,1,0,0,0,0,4,1,-1,9,2,42,7,1199,2,12,SEAT IBIZA,10,E01013054,0,2
2024061493678,2024,061493678,1,9,0,-1,9,4,2,-1,0,8,0,0,0,0,1,1,-1,9,2,19,4,999,1,0,SEAT IBIZA,1,E01006467,0,4
2024501460581,2024,501460581,2,9,0,-1,19,7,3,-1,0,0,0,0,0,0,2,1,-1,9,1,29,6,1390,1,13,SEAT IBIZA,5,E01018921,0,1
2024461479919,2024,461479919,2,9,0,-1,19,4,8,-1,0,0,0,11,0,0,4,1,-1,1,1,59,9,1199,2,13,SEAT IBIZA,7,E01032814,0,1
2024131525114,2024,131525114,1,9,0,-1,5,7,3,-1,0,8,0,0,0,0,3,1,-1,9,2,18,4,999,1,0,SEAT IBIZA,3,E01010741,0,3
2024131476279,2024,131476279,1,9,0,-1,19,5,1,-1,0,0,0,0,0,0,1,1,-1,9,1,24,5,1197,1,7,SEAT IBIZA,3,E01011098,0,2
2024101521955,2024,101521955,1,9,0,-1,19,5,2,-1,0,1,0,0,0,0,1,9,-1,6,1,45,7,1197,1,13,SEAT IBIZA,4,E01008778,0,1
2024552400021,2024,552400021,2,9,0,18,19,3,7,0,0,8,0,0,0,0,3,1,6,6,1,44,7,1390,1,16,SEAT IBIZA,3,E01033242,0,1
2024520001371,2024,520001371,1,9,0,4,4,1,5,0,0,0,0,0,0,0,2,1,6,6,1,20,4,1197,1,7,SEAT IBIZA,1,E01014458,0,2
2024131443351,2024,131443351,1,9,0,-1,7,3,7,-1,0,1,0,0,0,0,4,1,-1,9,1,41,7,1197,1,13,SEAT IBIZA,2,E01010796,0,1
2024320487664,2024,320487664,1,9,0,-1,-1,3,7,0,0,1,0,0,0,0,1,1,-1,-1,1,19,4,1390,1,9,SEAT IBIZA,7,E01034684,0,1
2024041498785,2024,041498785,1,9,0,-1,4,3,7,-1,0,0,0,0,0,0,4,1,-1,6,2,37,7,1197,1,10,SEAT IBIZA,1,E01012571,0,1
2024010505380,2024,010505380,1,9,0,9,9,7,5,0,0,8,0,0,0,0,1,1,6,6,1,52,8,1390,1,21,SEAT IBIZA,8,E01000447,0,1
2024201441102,2024,201441102,2,9,0,-1,19,4,2,-1,0,6,0,0,0,0,1,9,-1,9,1,30,6,1390,1,13,SEAT IBIZA,2,E01008999,0,1
2024131402686,2024,131402686,2,9,0,-1,3,7,3,-1,0,0,0,0,0,0,2,1,-1,9,1,31,6,999,1,5,SEAT IBIZA,6,E01017687,0,5
2024070763535,2024,070763535,1,9,0,-1,19,1,5,-1,0,0,0,0,0,0,1,1,-1,6,2,44,7,1198,1,17,SEAT IBIZA,3,E01018354,0,1
2024061439462,2024,061439462,2,9,0,-1,19,7,6,-1,0,1,0,0,0,0,4,1,-1,6,1,18,4,1390,1,12,SEAT IBIZA,4,E01006013,0,1
2024501497146,2024,501497146,2,9,0,-1,19,7,2,-1,0,8,0,0,0,0,1,1,-1,6,1,24,5,1198,1,18,SEAT IBIZA,6,E01018834,0,1
2024421499240,2024,421499240,1,9,0,-1,9,7,4,-1,0,6,0,0,0,0,3,1,-1,9,2,20,4,1390,1,11,SEAT IBIZA,2,E01003591,0,3
2024201460626,2024,201460626,2,9,0,-1,5,5,3,-1,0,0,0,0,0,0,4,1,-1,6,2,23,5,1390,1,14,SEAT IBIZA,1,E01009053,0,1
2024440214402,2024,440214402,1,9,0,18,19,2,6,0,0,1,0,0,0,0,1,1,6,6,1,86,11,1390,1,10,SEAT IBIZA,1,E01022968,0,1
2024430458892,2024,430458892,1,9,0,18,19,2,6,0,0,8,0,0,0,0,4,1,2,2,1,32,6,1197,1,8,SEAT IBIZA,10,E01033969,0,1
2024161502049,2024,161502049,2,9,0,-1,19,1,3,-1,0,1,0,0,0,0,1,1,-1,2,1,45,7,1390,1,9,SEAT IBIZA,8,E01013186,0,1
2024201464457,2024,201464457,1,9,0,-1,9,5,3,-1,0,6,0,10,1,2,4,1,-1,9,1,22,5,1198,1,14,SEAT IBIZA,-1,-1,0,-1
2024440055607,2024,440055607,1,9,0,18,19,1,5,0,0,1,0,0,0,0,1,1,6,6,1,25,5,1598,1,14,SEAT IBIZA,9,E01017046,0,1
2024231484074,2024,231484074,2,9,0,-1,4,4,8,-1,0,1,0,0,0,0,2,9,-1,9,2,18,4,999,1,0,SEAT IBIZA,3,E01031176,0,1
2024371553796,2024,371553796,1,9,0,-1,3,8,4,-1,0,0,0,0,0,0,1,1,-1,2,1,19,4,1390,1,13,SEAT IBIZA,8,E01030214,0,1
2024471425491,2024,471425491,1,9,0,-1,4,7,3,-1,0,1,0,0,0,0,1,1,-1,9,1,71,10,1197,1,7,SEAT IBIZA,10,E01030581,0,2
2024461461382,2024,461461382,1,9,0,-1,19,3,7,-1,0,2,0,0,0,0,1,1,-1,9,2,53,8,1198,1,17,SEAT IBIZA,8,E01024235,0,1
2024471517580,2024,471517580,2,9,0,-1,12,2,7,-1,0,1,0,0,0,0,4,1,-1,9,1,18,4,1198,1,15,SEAT IBIZA,3,E01020971,0,1
2024361463646,2024,361463646,1,9,0,-1,19,7,3,-1,0,1,0,0,0,0,3,1,-1,2,1,60,9,1598,2,10,SEAT IBIZA,1,E01026687,0,1
2024122400691,2024,122400691,1,9,0,13,13,5,1,0,0,0,0,0,0,0,3,1,2,2,2,42,7,999,1,2,SEAT IBIZA,6,E01012331,0,4
2024302400605,2024,302400605,2,9,0,18,19,1,5,0,0,8,0,0,0,0,1,2,6,6,2,26,6,999,1,5,SEAT IBIZA,6,E01028108,0,3
2024221537317,2024,221537317,1,9,0,-1,14,6,2,-1,0,0,5,4,0,0,1,9,-1,6,2,18,4,999,1,0,SEAT IBIZA,6,E01028975,0,1
2024440032357,2024,440032357,2,9,0,18,19,2,6,0,0,4,0,0,1,2,1,1,6,6,1,64,9,1390,1,12,SEAT IBIZA,6,E01030665,0,4
2024161513156,2024,161513156,2,9,0,-1,2,0,0,-1,0,1,0,0,0,0,1,1,-1,6,-1,-1,-1,999,1,6,SEAT IBIZA,-1,-1,0,-1
2024061429794,2024,061429794,1,9,0,-1,5,6,1,-1,0,0,0,0,0,0,3,1,-1,6,3,30,6,1390,1,10,SEAT IBIZA,-1,-1,0,-1
2024122400293,2024,122400293,1,9,0,18,19,8,4,0,0,8,0,0,0,0,1,1,6,6,2,67,10,1197,1,8,SEAT IBIZA,7,E01033070,0,1
2024471505568,2024,471505568,3,9,0,-1,2,0,0,-1,0,0,0,0,0,0,1,1,-1,6,-1,-1,-1,999,1,8,SEAT IBIZA,-1,-1,0,-1
2024501482122,2024,501482122,1,9,0,-1,19,2,6,-1,0,8,0,0,3,1,1,1,-1,6,1,32,6,1390,1,18,SEAT IBIZA,4,E01018945,0,1
2024131414959,2024,131414959,2,9,0,-1,12,5,1,-1,0,0,1,0,0,0,1,1,-1,1,2,50,8,999,1,5,SEAT IBIZA,5,E01011765,0,1
2024131467697,2024,131467697,1,9,0,-1,19,2,6,-1,0,0,0,0,0,0,1,1,-1,9,1,22,5,999,1,2,SEAT IBIZA,1,E01011540,0,1
2024531434526,2024,531434526,3,9,0,-1,19,1,5,-1,0,1,1,0,1,9,1,1,-1,6,2,25,5,1390,1,13,SEAT IBIZA,6,E01022400,0,4
2024451486159,2024,451486159,1,9,0,-1,9,5,3,-1,0,0,0,0,0,0,3,1,-1,9,1,28,6,1197,1,7,SEAT IBIZA,10,E01017631,0,4
2024010502653,2024,010502653,1,9,0,99,99,9,9,99,99,9,9,99,9,99,1,9,6,6,2,30,6,1390,1,13,SEAT IBIZA,2,E01000484,0,1
2024302401626,2024,302401626,1,9,0,18,19,1,5,0,0,1,0,0,5,6,1,1,6,6,1,21,5,1390,1,12,SEAT IBIZA,2,E01013512,0,1
2024471420807,2024,471420807,1,9,0,-1,19,6,2,-1,0,0,5,0,7,0,2,1,-1,9,1,18,4,1390,1,17,SEAT IBIZA,6,E01031490,0,3
2024430033449,2024,430033449,2,9,0,12,12,3,7,0,0,4,0,0,0,0,1,1,6,6,1,52,8,1598,1,14,SEAT IBIZA,-1,-1,0,-1
2024061468784,2024,061468784,1,9,0,-1,2,8,4,-1,99,0,0,0,0,0,4,1,-1,9,2,30,6,1197,1,10,SEAT IBIZA,4,E01006047,0,1
2024320230755,2024,320230755,2,9,0,-1,-1,5,1,0,0,8,2,0,1,9,3,1,-1,-1,1,18,4,999,1,5,SEAT IBIZA,3,E01007571,0,5
2024231506508,2024,231506508,2,9,0,-1,3,2,4,-1,0,1,0,0,0,0,2,9,-1,6,1,23,5,1390,1,14,SEAT IBIZA,9,E01025817,0,3
2024101473344,2024,101473344,3,9,0,-1,10,5,1,-1,0,1,0,0,0,0,2,1,-1,6,1,36,7,1197,1,10,SEAT IBIZA,3,E01008833,0,3
2024141531304,2024,141531304,2,9,0,-1,2,0,0,-1,0,0,0,0,0,0,3,9,-1,6,3,-1,-1,999,1,6,SEAT IBIZA,1,E01007402,0,1
2024311508852,2024,311508852,1,9,0,-1,19,1,5,-1,0,0,0,0,0,0,2,1,-1,9,2,30,6,999,1,2,SEAT IBIZA,-1,-1,0,-1
2024451434091,2024,451434091,2,9,0,-1,19,6,2,-1,0,1,0,0,0,0,4,9,-1,6,2,45,7,999,1,2,SEAT IBIZA,6,E01030633,0,1
2024161413489,2024,161413489,3,9,0,-1,2,0,0,-1,0,0,0,0,0,0,4,1,-1,6,-1,-1,-1,1199,2,12,SEAT IBIZA,-1,-1,0,-1
2024201416707,2024,201416707,1,9,0,-1,7,8,2,-1,0,5,0,0,0,0,1,9,-1,9,1,23,5,1390,1,13,SEAT IBIZA,1,E01009048,0,1
2024201544799,2024,201544799,1,9,0,-1,7,2,4,-1,0,0,0,0,0,0,2,1,-1,6,1,36,7,1598,2,14,SEAT IBIZA,2,E01009790,0,1
2024302401393,2024,302401393,2,9,0,18,19,4,8,0,0,8,0,0,0,0,1,1,6,6,2,47,8,999,1,8,SEAT IBIZA,9,E01019671,0,2
2024991419935,2024,991419935,1,9,0,-1,19,4,7,-1,0,0,0,0,0,0,1,1,-1,6,1,45,7,999,1,4,SEAT IBIZA,1,-1,0,1
2024991554266,2024,991554266,2,9,0,-1,19,6,2,-1,0,8,0,0,0,0,1,1,-1,6,1,22,5,1197,1,9,SEAT IBIZA,-1,-1,0,-1
2024041525685,2024,041525685,1,9,0,-1,7,1,4,-1,0,1,0,0,0,0,1,1,-1,9,2,41,7,1390,1,11,SEAT IBIZA,8,E01025191,0,3
2024141441400,2024,141441400,1,9,0,-1,19,2,6,-1,0,1,5,0,0,0,1,1,-1,6,1,18,4,1197,1,9,SEAT IBIZA,4,E01034246,0,1
2024501487355,2024,501487355,1,9,0,-1,19,7,3,-1,0,0,2,0,2,10,1,1,-1,9,1,18,4,1390,1,13,SEAT IBIZA,5,E01020097,0,1
2024461520573,2024,461520573,1,9,0,-1,19,5,1,-1,0,1,0,0,0,0,1,1,-1,6,1,18,4,999,1,6,SEAT IBIZA,7,E01024232,0,1
2024122400695,2024,122400695,2,9,0,7,7,7,1,0,0,1,0,0,0,0,3,1,6,6,1,27,6,1390,1,11,SEAT IBIZA,2,E01027872,0,1
2024071029066,2024,071029066,1,9,0,-1,19,4,8,-1,0,8,0,0,0,0,1,1,-1,6,2,26,6,1197,1,12,SEAT IBIZA,9,E01018376,0,1
2024041428823,2024,041428823,1,9,0,-1,19,1,5,-1,0,0,5,0,0,0,3,1,-1,9,1,21,5,999,1,5,SEAT IBIZA,9,E01024966,0,1
2024141459491,2024,141459491,2,9,0,-1,19,2,6,-1,0,0,0,0,0,0,1,1,-1,1,1,18,4,999,1,0,SEAT IBIZA,2,E01007414,0,2
2024221439844,2024,221439844,2,9,0,-1,10,3,8,-1,0,8,0,0,0,0,2,1,-1,1,2,30,6,999,1,4,SEAT IBIZA,10,E01009808,0,4
2024131398073,2024,131398073,1,9,0,-1,19,5,1,-1,0,2,0,0,0,0,1,1,-1,9,2,24,5,999,1,5,SEAT IBIZA,3,E01011608,0,2
2024411475108,2024,411475108,1,9,0,-1,5,3,4,-1,0,4,0,0,0,0,3,1,-1,1,1,29,6,999,1,7,SEAT IBIZA,10,E01023440,0,1
2024440293310,2024,440293310,1,9,0,18,19,1,5,0,0,1,0,0,0,0,1,1,1,1,1,47,8,1390,1,11,SEAT IBIZA,4,E01017289,0,1
2024041447302,2024,041447302,2,9,0,-1,5,1,5,-1,0,0,0,0,0,0,2,1,-1,7,2,42,7,999,1,3,SEAT IBIZA,7,E01025130,0,2
2024201431465,2024,201431465,1,9,0,-1,5,6,4,-1,0,6,0,0,0,0,1,1,-1,6,2,35,6,999,1,6,SEAT IBIZA,-1,-1,0,-1
2024201527026,2024,201527026,2,9,0,-1,19,8,4,-1,0,0,0,0,0,0,2,1,-1,6,1,31,6,1422,2,8,SEAT IBIZA,2,E01008939,0,2
2024361532707,2024,361532707,1,9,0,-1,13,-1,-1,-1,0,0,0,0,0,0,2,1,-1,6,3,-1,-1,999,1,4,SEAT IBIZA,-1,-1,0,-1
2024052402030,2024,052402030,1,9,0,5,5,5,1,0,0,4,0,0,0,0,1,1,2,2,1,26,6,999,1,5,SEAT IBIZA,9,E01007182,0,2
2024041431540,2024,041431540,2,9,0,-1,19,1,5,-1,0,8,1,11,0,0,4,1,-1,9,1,20,4,1390,1,10,SEAT IBIZA,9,E01012609,0,2
2024430559229,2024,430559229,1,9,0,18,19,4,8,0,0,0,2,0,1,11,1,1,6,6,1,21,5,1197,1,11,SEAT IBIZA,5,E01009521,0,5
2024041444202,2024,041444202,4,9,0,-1,3,3,7,-1,0,0,0,0,0,0,2,1,-1,6,2,58,9,1390,1,13,SEAT IBIZA,1,E01034401,0,3
2024211458578,2024,211458578,2,9,0,-1,19,5,1,-1,0,0,0,0,0,0,1,1,-1,6,1,24,5,1390,1,11,SEAT IBIZA,10,E01023200,0,5
2024161414352,2024,161414352,2,9,0,-1,19,1,5,-1,0,8,0,0,1,10,1,1,-1,9,2,34,6,1390,1,13,SEAT IBIZA,2,E01013238,0,1
2024320351279,2024,320351279,1,9,0,-1,-1,8,4,0,0,0,0,0,1,10,1,1,6,6,1,18,4,1390,1,12,SEAT IBIZA,7,E01026242,0,1
2024122400842,2024,122400842,2,9,0,18,19,7,2,0,0,0,0,0,0,0,1,1,6,6,2,36,7,1968,2,14,SEAT IBIZA,5,E01027630,0,3
2024440133762,2024,440133762,1,9,0,18,19,8,4,0,0,0,2,0,1,9,4,1,6,6,1,17,4,1197,1,11,SEAT IBIZA,7,E01023215,0,3
2024221521570,2024,221521570,1,9,0,-1,19,4,1,-1,0,0,0,0,0,0,1,1,-1,2,2,37,7,1198,1,20,SEAT IBIZA,3,E01032224,0,4
2024991472393,2024,991472393,2,9,0,-1,10,7,5,-1,0,2,0,0,0,0,3,1,-1,6,1,18,4,999,1,3,SEAT IBIZA,9,-1,0,4
2024141486396,2024,141486396,2,9,0,-1,19,3,7,-1,0,1,0,0,7,4,3,9,-1,6,1,19,4,1197,1,7,SEAT IBIZA,3,E01007817,0,1
2024421453359,2024,421453359,3,9,0,-1,10,1,7,-1,0,1,0,0,0,0,3,1,-1,9,1,53,8,1598,2,13,SEAT IBIZA,10,E01015850,0,1
2024991452771,2024,991452771,1,9,0,-1,19,7,2,-1,0,0,1,0,0,0,1,1,-1,9,1,19,4,1197,1,8,SEAT IBIZA,7,-1,0,1
2024201484153,2024,201484153,1,9,0,-1,1,1,5,-1,9,8,0,0,0,0,2,9,-1,6,2,20,4,1197,1,10,SEAT IBIZA,1,E01009122,0,2
2024201464910,2024,201464910,1,9,0,-1,1,6,2,-1,0,2,0,0,0,0,2,1,-1,6,1,18,4,1197,1,8,SEAT IBIZA,-1,-1,0,-1
2024010531658,2024,010531658,2,9,0,9,9,3,1,0,0,6,0,0,0,0,4,1,6,6,1,70,10,999,1,0,SEAT IBIZA,9,E01000182,0,1
2024610042524,2024,610042524,1,9,0,18,19,7,3,0,0,0,0,0,1,10,0,1,6,6,2,48,8,1390,1,16,SEAT IBIZA,5,W01001611,0,3
2024631461771,2024,631461771,1,23,0,-1,19,8,4,-1,0,8,1,0,7,10,1,1,-1,6,1,16,4,-1,3,0,MAKE AND MODEL REDACTED,4,W01000629,0,1
2024161448185,2024,161448185,2,23,0,-1,19,7,3,-1,4,1,0,0,3,0,1,1,-1,6,1,35,6,-1,3,1,MAKE AND MODEL REDACTED,2,E01012886,0,1
2024010543296,2024,010543296,1,4,0,18,19,3,7,0,0,1,0,0,0,0,1,1,2,2,1,39,7,-1,3,0,MAKE AND MODEL REDACTED,4,E01001369,0,2
2024041487785,2024,041487785,1,5,0,-1,19,1,5,-1,0,0,1,11,0,0,1,1,-1,9,2,48,8,805,1,14,MAKE AND MODEL REDACTED,3,E01025452,0,3
2024122400983,2024,122400983,1,5,0,16,19,7,8,0,0,0,0,0,0,0,4,1,6,6,1,67,10,805,1,10,MAKE AND MODEL REDACTED,7,E01027681,0,4
2024010500116,2024,010500116,1,5,0,99,99,9,9,99,99,9,9,99,9,99,9,1,2,2,1,48,8,805,1,10,MAKE AND MODEL REDACTED,7,E01002420,0,1
2024430272521,2024,430272521,1,4,0,18,19,5,1,0,0,0,0,0,0,0,1,1,2,2,1,56,9,805,1,8,MAKE AND MODEL REDACTED,3,E01016465,0,1
2024520401760,2024,520401760,1,5,0,13,13,4,8,0,0,1,0,0,0,0,3,1,6,6,1,23,5,805,1,26,MAKE AND MODEL REDACTED,1,W01001274,0,4
2024411522108,2024,411522108,1,5,-1,-1,-1,-1,-1,-1,-1,-1,-1,-1,-1,0,-1,1,-1,6,1,-1,-1,805,1,24,MAKE AND MODEL REDACTED,-1,-1,0,-1
2024421521929,2024,421521929,2,5,0,-1,7,5,1,-1,0,0,2,0,0,0,3,1,-1,9,2,55,8,865,1,8,MAKE AND MODEL REDACTED,1,E01021323,0,1
2024031441584,2024,031441584,2,5,0,-1,4,3,7,-1,0,1,1,0,0,0,1,1,-1,9,1,62,9,865,1,9,MAKE AND MODEL REDACTED,3,E01019210,0,4
2024522403126,2024,522403126,2,5,0,4,4,3,7,0,0,1,0,0,0,0,1,1,6,6,1,21,5,865,1,9,MAKE AND MODEL REDACTED,5,E01022383,0,4
2024991488542,2024,991488542,1,5,0,-1,19,7,3,-1,0,0,2,10,0,0,3,1,-1,9,1,53,8,865,1,8,MAKE AND MODEL REDACTED,1,-1,0,3
2024440525137,2024,440525137,2,5,0,18,19,2,6,0,0,8,0,0,0,0,4,1,6,6,1,61,9,865,1,10,MAKE AND MODEL REDACTED,10,E01022854,0,1
2024471516987,2024,471516987,2,5,0,-1,19,1,5,-1,0,0,0,0,0,0,1,1,-1,9,1,62,9,865,1,10,MAKE AND MODEL REDACTED,5,E01021100,0,4
2024552400581,2024,552400581,2,5,0,18,19,7,3,0,0,1,1,0,0,0,0,1,6,6,1,37,7,865,1,14,MAKE AND MODEL REDACTED,2,E01015367,0,2
2024111456789,2024,111456789,1,9,0,-1,19,1,5,-1,0,0,0,0,0,0,1,1,-1,2,1,26,6,1368,1,12,ALFA ROMEO MITO,1,E01020880,0,2
2024302401458,2024,302401458,2,9,0,17,19,3,8,0,0,0,0,0,0,0,3,1,2,2,2,18,4,875,1,8,ALFA ROMEO MITO,6,E01019457,0,1
2024461459552,2024,461459552,4,9,0,-1,19,6,6,-1,0,0,0,0,0,0,1,1,-1,6,1,30,6,1248,2,14,ALFA ROMEO MITO,4,E01024208,0,2
2024501406625,2024,501406625,1,9,0,-1,19,4,8,-1,0,0,2,0,0,0,4,1,-1,9,1,18,4,1368,1,14,ALFA ROMEO MITO,1,E01015267,0,2
2024010537749,2024,010537749,2,9,0,1,1,9,9,99,99,9,9,99,9,99,2,9,6,6,3,-1,-1,875,1,9,ALFA ROMEO MITO,-1,-1,0,-1
2024421490865,2024,421490865,1,9,0,-1,9,1,5,-1,0,2,0,0,0,0,1,9,-1,6,1,19,4,875,1,11,ALFA ROMEO MITO,8,E01021719,0,1
2024340WN4972,2024,340WN4972,1,9,0,-1,13,3,7,-1,0,0,5,7,4,1,1,1,-1,9,1,17,4,875,1,11,ALFA ROMEO MITO,4,E01027012,0,1
2024401476496,2024,401476496,2,9,0,-1,19,5,1,-1,0,0,0,0,0,0,2,1,-1,6,2,69,10,1368,1,13,ALFA ROMEO MITO,6,E01017616,0,1
2024440435072,2024,440435072,2,9,0,4,4,7,3,0,0,0,0,0,0,0,2,1,6,6,1,72,10,875,1,7,ALFA ROMEO MITO,10,E01022624,0,1
2024201489797,2024,201489797,2,9,0,-1,9,4,3,-1,0,8,0,0,0,0,4,1,-1,6,1,-1,-1,1368,1,15,ALFA ROMEO MITO,2,E01009744,0,1
2024401430863,2024,401430863,1,9,0,-1,19,6,2,-1,0,0,0,0,0,0,3,1,-1,6,1,40,7,1368,1,13,ALFA ROMEO MITO,6,E01015766,0,4
2024552400694,2024,552400694,1,9,0,9,9,2,1,7,6,5,0,0,0,0,4,1,6,6,2,32,6,1368,1,14,ALFA ROMEO MITO,7,E01028713,0,5
2024302401626,2024,302401626,2,9,0,4,4,1,5,0,0,1,0,0,0,0,2,1,6,6,2,19,4,1368,1,13,ALFA ROMEO MITO,6,E01035099,0,2
2024161526900,2024,161526900,1,9,0,-1,19,3,7,-1,0,1,0,4,0,0,1,1,-1,6,2,53,8,1368,1,13,ALFA ROMEO MITO,3,E01012943,0,1
2024610029424,2024,610029424,2,9,0,18,19,7,3,0,0,8,0,0,0,0,1,1,6,6,1,19,4,1368,1,15,ALFA ROMEO MITO,8,W01001631,0,1
2024351464824,2024,351464824,2,9,0,-1,19,2,6,-1,0,8,1,0,0,0,1,1,-1,9,2,33,6,1368,1,15,ALFA ROMEO MITO,10,E01018198,0,1
2024471460375,2024,471460375,1,9,0,-1,19,3,7,-1,0,8,0,0,0,0,1,9,-1,6,1,-1,-1,1368,1,15,ALFA ROMEO MITO,-1,-1,0,-1
2024010528813,2024,010528813,2,9,0,18,19,1,5,0,0,3,0,0,0,0,1,1,6,6,1,34,6,875,1,11,ALFA ROMEO MITO,3,E01002527,0,1
2024010520130,2024,010520130,1,9,0,17,19,1,5,0,0,0,0,0,0,0,1,1,6,6,2,65,9,1368,1,15,ALFA ROMEO MITO,-1,-1,0,-1
2024052402013,2024,052402013,2,9,0,18,19,5,1,0,0,1,0,0,0,0,3,1,6,6,1,49,8,1368,1,14,ALFA ROMEO MITO,1,E01006850,0,1
2024552400836,2024,552400836,1,9,0,7,7,4,6,0,0,3,0,0,0,0,4,1,6,6,1,41,7,1368,1,13,ALFA ROMEO MITO,4,E01017271,0,4
2024421436835,2024,421436835,1,9,0,-1,19,2,6,-1,0,0,0,0,0,0,1,1,-1,2,2,40,7,1598,2,14,ALFA ROMEO MITO,5,E01021865,0,1
2024421496516,2024,421496516,1,9,0,-1,19,8,4,-1,0,1,0,0,0,0,1,9,-1,6,3,-1,-1,1368,1,13,ALFA ROMEO MITO,-1,-1,0,-1
2024041439435,2024,041439435,2,9,0,-1,13,3,7,-1,0,0,0,0,0,0,1,1,-1,9,1,53,8,1368,1,11,ALFA ROMEO MITO,1,E01024855,0,1
2024622400732,2024,622400732,1,9,0,18,19,1,5,0,0,0,0,0,0,0,0,1,6,6,1,26,6,1368,1,13,ALFA ROMEO MITO,10,W01000770,0,1