collision_index,collision_year,collision_ref_no,vehicle_reference,vehicle_type,towing_and_articulation,vehicle_manoeuvre_historic,vehicle_manoeuvre,vehicle_direction_from,vehicle_direction_to,vehicle_location_restricted_lane_historic,vehicle_location_restricted_lane,junction_location,skidding_and_overturning,hit_object_in_carriageway,vehicle_leaving_carriageway,hit_object_off_carriageway,first_point_of_impact,vehicle_left_hand_drive,journey_purpose_of_driver_historic,journey_purpose_of_driver,sex_of_driver,age_of_driver,age_band_of_driver,engine_capacity_cc,propulsion_code,age_of_vehicle,generic_make_model,driver_imd_decile,lsoa_of_driver,escooter_flag,driver_distance_banding
2024221402618,2024,221402618,1,9,0,-1,19,5,1,-1,0,0,0,0,0,0,1,9,-1,6,2,56,9,1368,1,14,ALFA ROMEO MITO,10,E01032219,0,1
2024131478269,2024,131478269,2,9,0,-1,2,0,0,-1,0,8,0,0,0,0,2,1,-1,6,-1,-1,-1,1368,1,14,ALFA ROMEO MITO,-1,-1,0,-1
2024010508477,2024,010508477,1,9,0,99,99,9,9,99,99,9,9,99,9,99,2,9,6,6,2,34,6,1368,1,12,ALFA ROMEO MITO,3,E01001242,0,2
2024010531646,2024,010531646,1,9,0,9,9,3,1,0,0,8,0,0,0,0,3,1,6,6,1,24,5,1368,1,15,ALFA ROMEO MITO,9,E01034372,0,5
2024411463551,2024,411463551,1,9,0,-1,3,5,8,-1,0,2,0,0,0,0,2,1,-1,9,1,22,5,1368,1,15,ALFA ROMEO MITO,8,E01035601,0,1
2024332400524,2024,332400524,1,9,0,-1,19,3,7,-1,0,0,0,0,0,0,1,1,-1,9,1,52,8,1368,1,15,ALFA ROMEO MITO,7,E01013642,0,2
2024451479576,2024,451479576,1,9,0,-1,19,1,5,-1,0,8,0,0,0,0,1,1,-1,6,3,18,4,875,1,8,ALFA ROMEO MITO,-1,-1,0,-1
2024421410836,2024,421410836,1,9,0,-1,9,3,1,-1,0,1,0,0,0,0,0,1,-1,9,2,17,4,875,1,11,ALFA ROMEO MITO,10,E01021611,0,3
2024522500398,2024,522500398,2,9,0,7,7,6,8,0,0,4,0,0,0,0,1,1,6,6,3,-1,-1,875,1,8,ALFA ROMEO MITO,-1,-1,0,-1
2024302401413,2024,302401413,1,9,0,16,19,2,6,0,0,8,1,0,0,0,1,1,6,6,1,23,5,1368,1,13,ALFA ROMEO MITO,4,E01019742,0,1
2024070259500,2024,070259500,2,9,0,18,19,8,4,0,0,1,0,0,5,6,1,1,6,6,2,18,4,1368,1,14,ALFA ROMEO MITO,4,E01025543,0,4
2024041399075,2024,041399075,1,9,0,-1,19,5,1,-1,0,0,0,0,0,0,1,1,-1,2,2,43,7,1368,1,14,ALFA ROMEO MITO,1,E01012720,0,2
2024520002734,2024,520002734,1,9,0,18,19,3,7,0,0,0,0,0,0,0,1,1,6,6,3,-1,-1,1368,1,14,ALFA ROMEO MITO,-1,-1,0,-1
2024361483612,2024,361483612,1,9,0,-1,3,-1,-1,-1,0,3,0,0,0,0,1,1,-1,2,2,59,9,875,1,8,ALFA ROMEO MITO,8,E01026450,0,4
2024622400834,2024,622400834,3,9,0,18,19,8,4,0,0,0,0,0,0,0,1,1,6,6,1,60,9,1368,1,13,ALFA ROMEO MITO,10,W01001914,0,3
2024041472480,2024,041472480,2,9,0,-1,4,1,5,-1,0,0,0,0,2,11,2,1,-1,9,2,27,6,1368,1,15,ALFA ROMEO MITO,5,E01012616,0,1
2024461452107,2024,461452107,1,9,0,-1,5,7,1,-1,0,6,0,0,1,0,3,1,-1,9,2,73,10,1368,1,12,ALFA ROMEO MITO,2,E01024374,0,1
2024332401045,2024,332401045,2,9,0,-1,11,3,7,-1,0,3,0,0,0,0,1,1,-1,6,3,-1,-1,1598,2,12,ALFA ROMEO MITO,-1,-1,0,-1
2024411512658,2024,411512658,1,9,0,-1,11,5,1,-1,0,0,0,0,1,0,1,1,-1,6,1,29,6,1368,1,15,ALFA ROMEO MITO,4,E01023543,0,3
2024010504929,2024,010504929,1,9,0,9,9,5,2,0,0,6,0,0,0,0,1,1,6,6,1,19,4,1368,1,14,ALFA ROMEO MITO,8,E01016711,0,4
2024361444356,2024,361444356,1,9,0,-1,9,7,3,-1,0,1,0,0,0,0,3,1,-1,7,2,18,4,1368,1,7,ALFA ROMEO MITO,7,E01026545,0,3
2024332400894,2024,332400894,2,9,0,-1,19,6,2,-1,0,1,0,0,1,4,1,1,-1,9,1,76,11,1598,2,11,ALFA ROMEO MITO,9,E01013788,0,2
2024071078489,2024,071078489,1,9,0,-1,19,7,3,-1,0,0,0,0,0,0,1,1,-1,9,1,22,5,875,1,9,ALFA ROMEO MITO,2,E01018645,0,1
2024361428721,2024,361428721,1,9,0,-1,19,5,1,-1,0,0,0,0,0,0,3,1,-1,9,1,27,6,1248,2,11,ALFA ROMEO MITO,9,E01026742,0,4
2024471468134,2024,471468134,1,9,0,-1,19,8,4,-1,0,0,0,0,7,4,1,1,-1,9,1,22,5,1368,1,14,ALFA ROMEO MITO,7,E01035329,0,2
2024201495786,2024,201495786,2,9,0,-1,9,7,5,-1,0,5,0,0,0,0,4,9,-1,6,1,27,6,1368,1,15,ALFA ROMEO MITO,3,E01008970,0,1
202460Q193917,2024,60Q193917,1,9,0,16,19,4,8,0,0,0,0,0,8,10,1,1,6,6,1,20,4,1368,1,11,ALFA ROMEO MITO,-1,-1,0,-1
2024471456833,2024,471456833,2,9,0,-1,19,3,7,-1,0,1,0,0,0,0,3,1,-1,9,2,64,9,1368,1,15,ALFA ROMEO MITO,3,E01020975,0,3
2024461406076,2024,461406076,2,9,0,-1,19,6,2,-1,0,2,0,0,0,0,1,9,-1,2,2,44,7,875,1,10,ALFA ROMEO MITO,2,E01016136,0,1
2024371536759,2024,371536759,1,9,0,-1,19,1,5,-1,0,0,0,0,0,0,1,1,-1,6,1,21,5,875,1,8,ALFA ROMEO MITO,9,E01034559,0,2
2024451423951,2024,451423951,1,9,0,-1,19,1,5,-1,0,0,2,0,0,0,1,1,-1,2,1,17,4,1368,1,11,ALFA ROMEO MITO,6,E01030310,0,3
2024131514212,2024,131514212,2,9,0,-1,19,2,2,-1,0,8,0,0,0,0,3,1,-1,6,1,21,5,1368,1,13,ALFA ROMEO MITO,8,E01011873,0,1
2024131524632,2024,131524632,1,9,0,-1,19,5,6,-1,0,0,0,0,7,0,1,1,-1,6,-1,-1,-1,1368,1,8,ALFA ROMEO MITO,-1,-1,0,-1
202417S105924,2024,17S105924,1,9,0,-1,19,7,3,-1,0,8,0,0,0,0,4,1,-1,9,2,46,8,1368,1,15,ALFA ROMEO MITO,4,E01012218,0,1
2024531466651,2024,531466651,1,9,0,-1,14,1,5,-1,0,8,0,0,7,0,1,1,-1,2,2,22,5,1368,1,12,ALFA ROMEO MITO,10,E01022118,0,1
2024471525857,2024,471525857,1,9,0,-1,19,3,7,-1,0,0,0,0,1,0,1,1,-1,2,1,39,7,1368,1,12,ALFA ROMEO MITO,4,E01031594,0,1
2024221524669,2024,221524669,1,9,0,-1,4,7,3,-1,0,8,0,0,0,0,1,1,-1,6,2,20,4,1368,1,15,ALFA ROMEO MITO,-1,-1,0,-1
2024141450046,2024,141450046,1,9,0,-1,19,3,6,-1,0,2,0,0,0,0,3,1,-1,2,1,60,9,1598,2,9,ALFA ROMEO MITO,9,E01025816,0,5
2024471396076,2024,471396076,2,9,0,-1,19,1,5,-1,0,1,0,0,0,0,4,1,-1,9,2,64,9,1368,1,15,ALFA ROMEO MITO,3,E01020975,0,1
2024201465533,2024,201465533,2,9,0,-1,19,5,1,-1,0,0,0,0,0,0,2,9,-1,6,1,29,6,1368,1,14,ALFA ROMEO MITO,5,E01009462,0,1
2024411500716,2024,411500716,1,9,0,-1,9,-1,-1,-1,0,4,0,0,1,0,1,1,-1,6,2,27,6,1368,1,13,ALFA ROMEO MITO,2,E01035570,0,2
2024991463620,2024,991463620,1,9,0,-1,14,1,5,-1,0,0,0,4,0,0,1,1,-1,2,1,35,6,1469,8,0,MAKE AND MODEL REDACTED,10,-1,0,1
2024010530090,2024,010530090,2,9,0,13,13,7,3,0,0,8,0,0,0,0,4,1,6,6,1,59,9,1469,8,2,MAKE AND MODEL REDACTED,3,E01001215,0,3
2024161410632,2024,161410632,1,9,0,-1,19,7,3,-1,0,0,0,0,0,0,1,9,-1,1,1,53,8,1332,8,1,MAKE AND MODEL REDACTED,-1,-1,0,-1
2024010539434,2024,010539434,1,9,0,99,99,9,9,99,99,9,9,99,9,99,2,9,6,6,1,60,9,1469,8,0,MAKE AND MODEL REDACTED,7,E01017889,0,4
2024440105823,2024,440105823,1,3,0,18,19,8,4,0,0,1,0,0,0,0,1,1,6,6,1,19,4,124,1,2,APRILIA RS 125,5,E01022832,0,4
2024991440072,2024,991440072,1,3,0,-1,9,5,1,-1,0,0,1,0,7,0,1,1,-1,6,1,19,4,124,1,0,APRILIA RS 125,7,-1,0,3
2024991472661,2024,991472661,1,3,0,-1,19,7,3,-1,0,0,2,12,7,0,1,1,-1,9,1,27,6,124,1,1,APRILIA RS 125,-1,-1,0,-1
2024461510659,2024,461510659,1,3,0,-1,9,1,6,-1,0,0,2,0,0,0,3,1,-1,9,1,36,7,124,1,0,APRILIA RS 125,5,E01024005,0,4
2024010551089,2024,010551089,1,3,0,99,99,9,9,99,99,9,9,99,9,99,1,1,6,6,1,53,8,124,1,3,APRILIA RS 125,5,E01002232,0,1
2024991467172,2024,991467172,1,3,0,-1,19,4,7,-1,0,0,0,0,0,0,1,1,-1,6,1,18,4,124,1,1,APRILIA RS 125,-1,-1,0,-1
2024451496068,2024,451496068,2,3,0,-1,19,7,3,-1,0,1,1,0,7,0,1,1,-1,7,1,17,4,124,1,2,APRILIA RS 125,5,E01030974,0,1
2024041440918,2024,041440918,2,3,0,-1,19,1,5,-1,0,0,0,0,0,0,1,1,-1,7,1,19,4,124,1,2,APRILIA RS 125,6,E01034340,0,1
2024461538249,2024,461538249,2,3,0,-1,7,5,1,-1,0,0,0,0,0,0,4,1,-1,2,1,31,6,124,1,3,APRILIA RS 125,5,E01024512,0,1
2024471454037,2024,471454037,1,3,0,-1,19,1,5,-1,0,1,0,0,0,0,1,1,-1,9,1,18,4,124,1,2,APRILIA RS 125,3,E01031795,0,2
202454C208924,2024,54C208924,2,3,0,18,19,2,6,0,0,1,0,0,1,9,0,1,6,6,1,18,4,125,1,21,APRILIA RS 125,7,E01033840,0,1
2024010544211,2024,010544211,2,3,0,15,15,1,5,0,0,0,0,8,0,0,1,1,6,6,1,18,4,124,1,0,APRILIA RS 125,4,E01002491,0,1
2024361416557,2024,361416557,2,3,0,-1,19,1,5,-1,0,0,5,0,0,0,3,1,-1,9,1,19,4,124,1,2,APRILIA RS 125,6,E01030039,0,4
2024552401051,2024,552401051,1,3,0,14,14,5,1,0,0,8,0,0,0,0,1,1,6,6,1,18,4,125,1,18,APRILIA RS 125,3,E01020564,0,1
2024010521610,2024,010521610,2,3,0,18,19,1,5,0,0,1,0,0,0,0,1,1,6,6,1,25,5,124,1,3,APRILIA RS 125,4,E01002643,0,1
2024440019251,2024,440019251,1,4,0,18,19,2,6,0,0,0,1,4,0,0,1,1,6,6,1,37,7,125,1,17,APRILIA RS 125,2,E01022966,0,1
2024546584224,2024,546584224,1,3,0,7,7,4,6,0,0,1,0,0,0,0,1,1,6,6,1,18,4,124,1,1,APRILIA RS 125,9,E01031939,0,2
2024131488193,2024,131488193,1,3,0,-1,13,1,5,-1,0,0,0,0,0,0,4,1,-1,2,1,18,4,125,1,17,APRILIA RS 125,1,E01011106,0,1
2024141430689,2024,141430689,1,3,0,-1,19,7,3,-1,0,1,0,0,0,0,1,1,-1,2,1,23,5,125,1,19,APRILIA RS 125,1,E01028068,0,4
2024041472614,2024,041472614,1,3,0,-1,19,5,1,-1,0,0,0,0,0,0,1,1,-1,2,1,23,5,124,1,4,APRILIA RS 125,8,E01025564,0,2
2024061405143,2024,061405143,1,4,0,-1,15,3,7,-1,0,0,0,0,0,0,1,1,-1,2,1,26,6,124,1,2,APRILIA RS 125,9,E01005545,0,1
2024440271552,2024,440271552,1,3,0,14,14,3,7,0,0,1,0,0,0,0,1,1,6,6,1,20,4,124,1,2,APRILIA RS 125,7,E01023271,0,1
202460Q110413,2024,60Q110413,1,3,0,11,11,6,2,0,0,0,0,0,7,9,1,1,6,6,1,22,5,124,1,2,APRILIA RS 125,-1,-1,0,-1
2024520402895,2024,520402895,1,3,0,18,19,3,7,0,0,0,1,0,0,0,1,1,6,6,1,17,4,124,1,0,APRILIA RS 125,6,E01029316,0,2
2024302401558,2024,302401558,1,3,0,17,19,7,4,0,0,1,1,0,1,6,1,1,2,2,1,26,6,124,1,2,APRILIA RS 125,1,E01013855,0,3
2024401534413,2024,401534413,1,3,0,-1,5,3,7,-1,0,8,0,0,0,0,1,1,-1,9,1,17,4,124,1,5,APRILIA RS 125,6,E01017554,0,2
2024010519008,2024,010519008,1,4,0,14,14,1,5,0,0,0,0,10,0,0,4,1,2,2,1,28,6,124,1,2,APRILIA RS 125,2,E01016004,0,4
2024552400357,2024,552400357,3,3,0,7,7,4,5,0,0,5,0,0,0,0,2,1,6,6,1,18,4,125,1,18,APRILIA RS 125,3,E01020564,0,2
202460Q066760,2024,60Q066760,3,4,0,18,19,5,2,0,0,1,0,0,0,0,0,1,6,6,1,25,5,124,1,6,APRILIA RS 125,-1,-1,0,-1
2024302401535,2024,302401535,1,3,0,18,19,7,3,0,0,0,1,0,0,0,4,1,6,6,1,44,7,125,1,16,APRILIA RS 125,10,E01013556,0,2
2024010533363,2024,010533363,1,3,0,99,99,9,9,99,99,9,9,99,9,99,1,1,6,6,1,17,4,125,1,13,APRILIA RS 125,7,E01002931,0,2
2024430584801,2024,430584801,1,3,0,18,19,4,8,0,0,8,0,0,0,0,4,1,2,2,1,20,4,124,1,1,APRILIA RS 125,2,E01016397,0,3
2024471447886,2024,471447886,2,3,0,-1,19,7,3,-1,0,0,5,0,1,9,1,1,-1,9,1,54,8,125,1,13,APRILIA RS 125,10,E01021026,0,1
2024131528013,2024,131528013,1,9,0,-1,9,5,1,-1,0,1,0,0,0,0,1,1,-1,9,1,60,9,1527,2,24,CITROEN SAXO,3,E01011267,0,1
2024440189222,2024,440189222,1,9,0,18,19,5,1,0,0,0,0,0,0,0,1,1,6,6,1,21,5,1587,1,22,CITROEN SAXO,6,E01022584,0,4
2024411418415,2024,411418415,2,9,0,-1,19,4,8,-1,0,0,1,0,1,10,1,1,-1,6,1,23,5,1124,1,23,CITROEN SAXO,5,E01023331,0,1
2024631509689,2024,631509689,1,9,0,-1,13,2,6,-1,0,8,0,0,0,0,1,1,-1,6,1,94,11,1124,1,21,CITROEN SAXO,4,W01000617,0,4
2024041504162,2024,041504162,1,9,0,-1,19,7,3,-1,0,1,2,0,0,0,1,1,-1,9,1,17,4,1124,1,23,CITROEN SAXO,8,E01025166,0,1
2024231402076,2024,231402076,1,9,0,-1,4,6,2,-1,0,8,0,0,0,0,1,1,-1,2,1,27,6,1587,1,22,CITROEN SAXO,7,E01031248,0,1
2024361479886,2024,361479886,2,9,0,-1,2,0,0,-1,0,0,0,0,7,0,2,1,-1,9,1,79,11,1124,1,22,CITROEN SAXO,7,E01026948,0,3
2024010501057,2024,010501057,2,9,0,99,99,9,9,0,0,0,0,4,0,0,9,9,6,6,3,-1,-1,1124,1,23,CITROEN SAXO,5,E01000375,0,1
2024552400726,2024,552400726,1,9,0,18,19,6,2,0,0,0,1,0,2,10,1,1,6,6,1,40,7,1124,1,22,CITROEN SAXO,3,E01017220,0,4
2024161456788,2024,161456788,1,9,0,-1,19,4,8,-1,0,0,1,0,7,4,1,1,-1,6,1,18,4,1124,1,23,CITROEN SAXO,9,E01013120,0,2
2024552400618,2024,552400618,1,9,0,16,19,4,7,0,0,0,2,0,1,4,4,1,6,6,1,18,4,1124,1,21,CITROEN SAXO,6,E01020447,0,1
2024451435422,2024,451435422,2,9,0,-1,19,5,6,-1,0,0,0,0,0,0,1,1,-1,9,2,73,10,1124,1,23,CITROEN SAXO,9,E01030955,0,1
2024471526071,2024,471526071,1,9,0,-1,19,8,4,-1,0,2,0,0,0,0,4,1,-1,9,1,31,6,1124,1,24,CITROEN SAXO,5,E01021121,0,3
2024031481842,2024,031481842,1,9,0,-1,9,1,5,-1,0,8,0,0,0,0,4,1,-1,9,1,26,6,1124,1,23,CITROEN SAXO,6,E01026870,0,5
2024361496104,2024,361496104,1,9,0,-1,19,5,1,-1,0,1,0,4,1,0,1,1,-1,9,2,73,10,1124,1,22,CITROEN SAXO,4,E01026643,0,1
2024361485509,2024,361485509,1,9,0,-1,19,2,5,-1,0,1,0,0,0,0,1,1,-1,9,1,72,10,1124,1,23,CITROEN SAXO,6,E01034441,0,5
2024041522973,2024,041522973,5,9,0,-1,2,0,0,-1,0,0,0,0,0,0,1,1,-1,6,-1,-1,-1,1124,1,24,CITROEN SAXO,-1,-1,0,-1
2024471440523,2024,471440523,1,9,0,-1,19,4,8,-1,0,0,0,0,0,0,1,1,-1,6,2,31,6,1124,1,22,CITROEN SAXO,2,E01024699,0,4
2024520500081,2024,520500081,2,9,0,18,19,4,8,0,0,0,0,0,0,0,1,1,6,6,1,49,8,1997,1,18,CITROEN XSARA,6,E01029211,0,2
2024440407850,2024,440407850,1,9,0,9,9,8,6,0,0,6,0,0,0,0,3,1,6,6,1,89,11,1997,2,20,CITROEN XSARA,2,E01022934,0,3
2024041523987,2024,041523987,2,9,0,-1,19,4,8,-1,0,1,0,0,0,0,1,1,-1,9,1,61,9,1560,2,18,CITROEN XSARA,2,E01012697,0,1
202417M106624,2024,17M106624,1,9,0,-1,19,2,6,-1,0,8,0,0,0,0,1,1,-1,9,1,36,7,1587,1,17,CITROEN XSARA,1,E01012238,0,2
2024471457404,2024,471457404,4,9,0,-1,2,0,0,-1,0,0,0,0,0,0,3,1,-1,6,-1,-1,-1,1560,2,17,CITROEN XSARA,-1,-1,0,-1
2024320248088,2024,320248088,1,9,0,-1,-1,4,8,0,0,4,0,9,8,4,1,1,6,6,1,78,11,1587,1,19,CITROEN XSARA,1,E01012893,0,4
2024471492458,2024,471492458,2,9,0,-1,9,4,1,-1,0,3,0,0,0,0,4,1,-1,1,2,54,8,1587,1,23,CITROEN XSARA,4,E01020981,0,1
2024141509199,2024,141509199,2,9,0,-1,19,5,1,-1,0,1,0,0,0,0,1,1,-1,9,1,69,10,1587,1,20,CITROEN XSARA,1,E01008037,0,1
2024991435502,2024,991435502,1,9,0,-1,9,6,3,-1,0,6,0,0,0,0,1,1,-1,2,1,30,6,1761,1,26,CITROEN XSARA,10,-1,0,4
2024501580782,2024,501580782,1,9,0,-1,19,7,3,-1,0,2,0,0,0,0,1,1,-1,9,1,19,4,1587,1,14,CITROEN XSARA,8,E01029145,0,4
2024041478736,2024,041478736,1,9,0,-1,19,3,7,-1,0,0,2,0,7,11,1,1,-1,9,2,80,11,1587,1,19,CITROEN XSARA,2,E01010717,0,4
2024141493306,2024,141493306,1,9,0,-1,19,4,8,-1,0,1,0,0,0,0,3,9,-1,6,1,68,10,1560,2,15,CITROEN XSARA,3,E01007368,0,3
2024141437636,2024,141437636,1,9,0,-1,9,1,5,-1,0,1,0,0,0,0,1,1,-1,2,1,58,9,1997,2,19,CITROEN XSARA,7,E01019802,0,4
2024101398714,2024,101398714,1,9,0,-1,9,7,5,-1,0,8,0,0,0,0,3,1,-1,1,1,66,10,1560,2,16,CITROEN XSARA,2,E01008755,0,1
2024161445473,2024,161445473,2,9,0,-1,19,2,7,-1,0,1,0,0,0,0,1,9,-1,6,1,39,7,1587,1,18,CITROEN XSARA,-1,-1,0,-1
2024451403096,2024,451403096,1,9,0,-1,3,3,5,-1,0,4,0,0,0,0,2,1,-1,6,2,58,9,1587,1,16,CITROEN XSARA,8,E01022490,0,4
2024340WN3992,2024,340WN3992,1,9,0,-1,19,3,7,-1,0,0,1,0,7,9,2,1,-1,9,1,80,11,1587,1,18,CITROEN XSARA,9,E01010220,0,4
2024231419699,2024,231419699,1,9,0,-1,19,6,2,-1,0,0,2,0,7,4,3,1,-1,9,1,82,11,1749,1,23,CITROEN XSARA,2,E01009610,0,1
2024320129213,2024,320129213,2,9,0,9,9,7,5,0,0,5,0,0,0,0,3,1,-1,-1,1,46,8,1997,2,20,CITROEN XSARA,6,E01026058,0,4
2024201540769,2024,201540769,1,9,0,-1,9,7,5,-1,0,5,0,0,0,0,1,9,-1,6,1,62,9,1587,1,14,CITROEN XSARA,4,E01009046,0,1
2024501491211,2024,501491211,2,9,0,-1,19,5,1,-1,0,0,0,0,0,0,4,1,-1,6,1,68,10,1997,2,23,CITROEN XSARA,5,E01029313,0,4
2024311495511,2024,311495511,2,9,0,-1,19,1,5,-1,0,0,0,0,0,0,3,1,-1,6,1,39,7,1587,1,20,CITROEN XSARA,-1,-1,0,-1
202417S201624,2024,17S201624,1,9,0,9,9,6,4,0,0,8,0,0,0,0,1,1,2,2,2,35,6,1560,2,16,CITROEN XSARA,3,E01012196,0,1
2024041453126,2024,041453126,1,9,0,-1,19,1,5,-1,0,1,5,0,0,0,1,1,-1,6,1,19,4,1587,1,20,CITROEN XSARA,3,E01012699,0,1
2024061399591,2024,061399591,1,9,0,-1,19,6,2,-1,0,1,1,0,0,0,1,1,-1,9,1,87,11,1587,1,17,CITROEN XSARA,3,E01005710,0,1
2024461405609,2024,461405609,3,9,0,-1,2,0,0,-1,0,1,0,0,0,0,0,1,-1,6,2,33,6,1587,1,17,CITROEN XSARA,1,E01024610,0,1
2024041472853,2024,041472853,1,9,0,-1,19,3,7,-1,0,1,0,0,0,0,1,1,-1,2,1,47,8,1560,2,16,CITROEN XSARA,2,E01012615,0,2
2024501418095,2024,501418095,1,9,0,-1,19,4,8,-1,0,0,1,0,1,4,1,1,-1,6,2,47,8,1587,1,19,CITROEN XSARA,4,E01020302,0,1
2024052402865,2024,052402865,2,9,0,2,2,0,0,0,0,0,0,0,0,0,2,1,6,6,3,-1,-1,1560,2,17,CITROEN XSARA,-1,-1,0,-1
2024461522908,2024,461522908,1,9,0,-1,19,3,7,-1,0,1,0,0,0,0,1,1,-1,6,1,23,5,1587,1,21,CITROEN XSARA,1,E01024663,0,1
2024031433519,2024,031433519,1,9,0,-1,19,2,5,-1,0,8,0,0,0,0,1,1,-1,9,1,28,6,1560,2,14,CITROEN XSARA,3,E01019236,0,1
2024471518692,2024,471518692,2,9,0,-1,2,-1,-1,-1,0,0,0,0,0,0,3,1,-1,6,2,46,8,1560,2,16,CITROEN XSARA,4,E01016860,0,2
2024010523074,2024,010523074,3,9,0,4,4,5,1,0,0,2,0,4,0,0,2,1,1,1,1,31,6,1587,1,20,CITROEN XSARA,-1,-1,0,-1
2024552400787,2024,552400787,2,9,0,2,2,0,0,0,0,0,0,0,0,0,3,1,6,6,3,-1,-1,1997,1,17,CITROEN XSARA,-1,-1,0,-1
2024161467166,2024,161467166,1,9,0,-1,9,8,6,-1,0,0,1,7,0,0,3,1,-1,6,1,27,6,1560,2,15,CITROEN XSARA,6,E01013188,0,2
2024461421441,2024,461421441,1,9,0,-1,3,4,4,-1,0,8,0,0,6,11,1,1,-1,2,2,33,6,1997,1,18,CITROEN XSARA,4,E01035303,0,1
2024161467118,2024,161467118,3,9,0,-1,4,7,3,-1,0,0,0,4,0,0,2,1,-1,9,2,21,5,1587,1,18,CITROEN XSARA,1,E01013203,0,1
2024201432168,2024,201432168,3,9,0,-1,2,0,0,-1,0,1,0,4,0,0,1,9,-1,6,1,61,9,1560,2,18,CITROEN XSARA,2,E01010244,0,1
2024320664388,2024,320664388,1,9,0,-1,-1,2,6,0,0,0,2,0,7,1,1,1,-1,-1,2,55,8,1560,2,16,CITROEN XSARA,5,E01026054,0,1
2024471433675,2024,471433675,1,9,0,-1,1,1,4,-1,0,1,0,0,0,0,2,1,-1,9,1,48,8,1360,1,22,CITROEN XSARA,3,E01031400,0,1
2024320196132,2024,320196132,1,9,0,-1,-1,8,4,9,9,0,0,0,7,2,1,1,-1,-1,1,40,7,1587,1,15,CITROEN XSARA,5,E01032995,0,1
2024421417176,2024,421417176,1,9,0,-1,19,2,5,-1,0,0,2,10,7,0,4,1,-1,9,1,60,9,1587,1,17,CITROEN XSARA,5,E01021901,0,1
2024201530392,2024,201530392,2,9,0,-1,9,3,1,-1,0,0,1,0,0,0,2,1,-1,9,1,34,6,1560,2,16,CITROEN XSARA,3,E01010105,0,1
2024070514461,2024,070514461,2,9,0,18,19,7,3,0,0,8,0,0,0,0,1,1,1,1,1,61,9,1997,2,19,CITROEN XSARA,-1,-1,0,-1
2024501521558,2024,501521558,2,9,0,-1,3,1,5,-1,0,0,0,0,0,0,2,1,-1,6,1,37,7,1587,1,17,CITROEN XSARA,6,E01020335,0,3
2024070471922,2024,070471922,1,9,0,9,9,5,3,0,0,6,0,0,0,0,1,1,6,6,1,-1,-1,1587,1,21,CITROEN XSARA,4,E01018647,0,1
2024010542011,2024,010542011,1,9,0,99,99,9,9,99,99,9,9,99,9,99,9,9,6,6,2,38,7,1587,1,15,CITROEN XSARA,9,E01000808,0,1
2024332400643,2024,332400643,1,9,0,-1,19,2,6,-1,0,1,5,7,4,6,1,1,-1,9,1,30,6,1560,2,19,CITROEN XSARA,8,E01035092,0,2
2024041405351,2024,041405351,2,9,0,-1,19,7,3,-1,0,1,0,0,0,0,4,1,-1,7,2,43,7,1749,1,21,CITROEN XSARA,2,E01012666,0,1
2024031417873,2024,031417873,1,9,0,-1,19,3,1,-1,0,8,0,0,3,11,1,1,-1,9,1,43,7,1560,2,19,CITROEN XSARA,9,E01019179,0,1
2024552401394,2024,552401394,1,9,0,4,4,6,2,0,0,1,0,0,0,0,1,1,6,6,1,79,11,1587,1,14,CITROEN XSARA,8,E01020349,0,1
2024552400411,2024,552400411,2,9,0,2,2,0,0,0,0,0,0,0,0,0,3,1,6,6,3,-1,-1,1997,2,20,CITROEN XSARA,-1,-1,0,-1
2024552400310,2024,552400310,1,9,0,18,19,2,6,0,0,0,2,0,7,10,0,1,6,6,2,25,5,1560,2,18,CITROEN XSARA,6,E01020549,0,1
2024052401264,2024,052401264,1,9,0,9,9,8,6,0,0,8,0,0,0,0,1,1,6,6,1,50,8,1587,1,16,CITROEN XSARA,1,E01006549,0,2
2024440134490,2024,440134490,1,9,0,18,19,2,6,0,0,2,0,0,0,0,1,1,6,6,1,62,9,1587,1,17,CITROEN XSARA,4,E01017348,0,1
2024231406905,2024,231406905,2,9,0,-1,2,0,0,-1,0,0,0,0,0,0,2,1,-1,9,1,35,6,1587,1,21,CITROEN XSARA,8,E01031237,0,1
2024440009951,2024,440009951,1,9,0,18,19,1,5,0,0,8,0,0,0,0,4,1,2,2,1,65,9,1997,2,21,CITROEN XSARA,6,E01022927,0,1
2024549452224,2024,549452224,2,9,0,18,19,4,8,0,0,0,0,0,0,0,1,1,6,6,1,49,8,1997,2,22,CITROEN XSARA,5,E01031869,0,2
2024141419100,2024,141419100,2,9,0,-1,2,0,0,-1,0,1,0,0,1,0,1,1,-1,6,-1,-1,-1,1560,2,16,CITROEN XSARA,-1,-1,0,-1
2024010507751,2024,010507751,1,9,0,2,2,0,0,0,0,2,0,0,1,0,2,1,6,6,3,-1,-1,1997,1,17,CITROEN XSARA,-1,-1,0,-1