collision_index,collision_year,collision_ref_no,vehicle_reference,vehicle_type,towing_and_articulation,vehicle_manoeuvre_historic,vehicle_manoeuvre,vehicle_direction_from,vehicle_direction_to,vehicle_location_restricted_lane_historic,vehicle_location_restricted_lane,junction_location,skidding_and_overturning,hit_object_in_carriageway,vehicle_leaving_carriageway,hit_object_off_carriageway,first_point_of_impact,vehicle_left_hand_drive,journey_purpose_of_driver_historic,journey_purpose_of_driver,sex_of_driver,age_of_driver,age_band_of_driver,engine_capacity_cc,propulsion_code,age_of_vehicle,generic_make_model,driver_imd_decile,lsoa_of_driver,escooter_flag,driver_distance_banding
2024131447183,2024,131447183,1,19,0,-1,13,5,1,-1,0,8,0,0,0,0,1,1,-1,1,1,23,5,1997,2,1,PEUGEOT EXPERT,7,E01034268,0,2
2024070522357,2024,070522357,4,19,0,4,4,2,6,0,0,0,0,0,0,0,2,1,2,2,1,43,7,1997,2,1,PEUGEOT EXPERT,3,E01006854,0,4
2024041426597,2024,041426597,1,19,0,-1,19,5,1,-1,0,8,0,0,0,0,1,1,-1,1,2,30,6,1997,2,3,PEUGEOT EXPERT,1,E01012686,0,1
2024302401066,2024,302401066,1,19,0,16,19,2,5,0,0,1,0,0,0,0,1,1,1,1,1,31,6,1560,2,6,PEUGEOT EXPERT,7,E01019617,0,3
2024061481371,2024,061481371,1,19,0,-1,1,4,8,-1,0,0,0,0,0,0,2,9,-1,1,3,-1,-1,1560,2,9,PEUGEOT EXPERT,-1,-1,0,-1
2024061493706,2024,061493706,1,19,0,-1,19,7,3,-1,0,8,0,0,0,0,2,1,-1,1,1,33,6,1560,2,9,PEUGEOT EXPERT,1,E01033679,0,2
2024440327729,2024,440327729,2,19,0,7,7,3,5,0,0,6,0,0,0,0,3,1,6,6,1,34,6,1560,2,9,PEUGEOT EXPERT,2,E01017219,0,1
2024010533161,2024,010533161,1,19,0,9,9,3,1,0,0,8,0,0,0,0,1,1,1,1,1,53,8,2000,2,3,PEUGEOT EXPERT,8,E01035603,0,4
2024010538743,2024,010538743,1,19,0,18,19,7,3,0,0,0,0,0,0,0,4,1,2,2,1,33,6,1560,2,7,PEUGEOT EXPERT,-1,-1,0,-1
2024010526557,2024,010526557,1,19,0,17,19,5,3,9,9,2,0,0,2,7,4,1,6,6,1,37,7,-1,3,2,PEUGEOT EXPERT,6,E01003411,0,1
2024131458573,2024,131458573,1,19,0,-1,19,1,5,-1,0,0,0,0,0,0,3,1,-1,1,1,23,5,1997,2,1,PEUGEOT EXPERT,1,E01010730,0,1
2024010542983,2024,010542983,1,19,0,7,7,7,1,0,0,1,0,0,0,0,4,1,1,1,1,42,7,1499,2,0,PEUGEOT EXPERT,6,E01001040,0,2
2024311472702,2024,311472702,1,9,0,-1,8,1,5,-1,0,5,0,0,0,0,3,1,-1,6,1,61,9,1560,2,16,PEUGEOT EXPERT,3,E01028210,0,1
2024501489581,2024,501489581,2,19,0,-1,4,4,7,-1,0,8,0,0,0,0,3,1,-1,6,1,57,9,-1,3,1,PEUGEOT EXPERT,8,E01018859,0,4
2024010541732,2024,010541732,2,19,0,99,99,9,9,99,99,9,9,99,9,99,9,9,6,6,3,-1,-1,1560,2,7,PEUGEOT EXPERT,2,E01001078,0,3
2024531530237,2024,531530237,1,9,0,-1,9,2,8,-1,0,6,0,0,0,0,3,1,-1,1,1,51,8,-1,-1,-1,PEUGEOT EXPERT,8,E01034781,0,2
2024101482966,2024,101482966,1,19,0,-1,19,7,3,-1,2,0,0,0,0,0,2,1,-1,1,1,25,5,1560,2,9,PEUGEOT EXPERT,-1,-1,0,-1
2024501430514,2024,501430514,1,8,0,-1,19,4,8,-1,0,0,0,0,0,0,1,1,-1,6,1,26,6,1560,2,15,PEUGEOT EXPERT,-1,-1,0,-1
2024131474072,2024,131474072,4,9,0,-1,2,0,0,-1,0,0,0,4,0,0,1,1,-1,6,-1,-1,-1,1997,2,10,PEUGEOT EXPERT,-1,-1,0,-1
2024430161373,2024,430161373,1,19,0,18,19,6,2,0,0,0,0,0,0,0,2,1,1,1,1,53,8,1997,2,1,PEUGEOT EXPERT,9,E01016258,0,4
2024461473712,2024,461473712,1,19,0,-1,19,1,5,-1,0,0,0,0,0,0,3,9,-1,6,1,42,7,1997,2,6,PEUGEOT EXPERT,2,E01024741,0,1
2024010499465,2024,010499465,1,19,0,4,4,3,7,0,0,1,0,8,0,0,3,1,1,1,1,23,5,1499,2,0,PEUGEOT EXPERT,5,E01021297,0,4
2024461459552,2024,461459552,2,19,0,-1,19,6,6,-1,0,0,0,0,0,0,1,1,-1,2,1,30,6,1499,2,3,PEUGEOT EXPERT,8,E01032825,0,4
202460Q070357,2024,60Q070357,6,19,0,2,2,0,0,0,0,0,0,4,0,0,1,1,6,6,3,-1,-1,1997,2,13,PEUGEOT EXPERT,-1,-1,0,-1
2024010515643,2024,010515643,1,19,0,16,19,4,8,8,6,8,0,0,1,11,4,1,6,6,1,39,7,-1,3,1,PEUGEOT EXPERT,3,E01004445,0,2
2024501436226,2024,501436226,2,19,0,-1,4,4,8,-1,0,0,1,0,0,0,1,1,-1,1,2,44,7,1560,2,10,PEUGEOT EXPERT,4,E01015179,0,1
2024061407921,2024,061407921,2,19,-1,-1,19,3,7,-1,0,8,0,0,0,0,3,9,-1,6,1,51,8,1997,2,5,PEUGEOT EXPERT,10,E01024977,0,3
2024010527132,2024,010527132,1,19,0,9,9,6,4,0,0,6,0,0,0,0,4,1,1,1,1,43,7,1997,2,7,PEUGEOT EXPERT,6,E01020142,0,5
2024010514495,2024,010514495,2,19,0,18,19,3,7,0,0,8,0,0,0,0,3,1,2,2,1,54,8,-1,3,3,PEUGEOT EXPERT,-1,-1,0,-1
2024991434681,2024,991434681,1,19,0,-1,19,1,5,-1,0,0,0,0,0,0,1,1,-1,1,1,24,5,1560,2,8,PEUGEOT EXPERT,1,-1,0,2
2024201464260,2024,201464260,1,19,0,-1,19,2,6,-1,9,0,0,4,1,0,4,1,-1,1,1,35,6,1997,2,1,PEUGEOT EXPERT,-1,-1,0,-1
2024461495604,2024,461495604,1,19,0,-1,19,7,3,-1,0,0,0,0,0,0,1,9,-1,6,1,-1,-1,1500,2,2,PEUGEOT EXPERT,3,W01001885,0,5
2024221527960,2024,221527960,1,19,0,-1,19,5,2,-1,0,0,0,0,0,0,1,9,-1,1,2,33,6,-1,3,1,PEUGEOT EXPERT,5,E01032205,0,3
2024311407247,2024,311407247,2,19,0,-1,19,3,7,-1,0,1,0,0,0,0,1,9,-1,1,1,51,8,1500,2,3,PEUGEOT EXPERT,-1,-1,0,-1
2024471505567,2024,471505567,1,19,0,-1,19,7,5,-1,0,0,0,0,0,0,3,1,-1,2,1,27,6,1499,2,3,PEUGEOT EXPERT,4,E01021101,0,4
2024070627552,2024,070627552,1,19,0,4,4,2,6,0,0,0,0,0,0,0,1,1,6,6,2,26,6,1560,2,6,PEUGEOT EXPERT,2,E01012417,0,1
2024211446087,2024,211446087,1,19,0,-1,4,5,4,-1,0,0,0,0,0,0,1,1,-1,9,1,21,5,1997,2,21,PEUGEOT EXPERT,1,E01010017,0,4
2024320199311,2024,320199311,1,19,0,4,4,4,8,0,0,8,0,0,0,0,1,1,1,1,1,35,6,1499,2,1,PEUGEOT EXPERT,5,E01033414,0,3
2024471452725,2024,471452725,3,19,0,-1,19,8,4,-1,0,1,0,0,0,0,1,1,-1,1,1,24,5,1560,2,13,PEUGEOT EXPERT,4,E01031499,0,1
2024201449841,2024,201449841,1,19,0,-1,2,0,0,-1,0,0,0,0,0,0,4,1,-1,1,1,21,5,1560,2,10,PEUGEOT EXPERT,-1,-1,0,-1
2024320608371,2024,320608371,1,19,0,1,1,1,5,0,0,5,0,0,0,0,4,1,1,1,1,32,6,1997,2,12,PEUGEOT EXPERT,10,E01026233,0,1
2024010539653,2024,010539653,2,19,0,9,9,5,4,0,0,0,0,0,0,0,1,1,1,1,1,33,6,1499,2,0,PEUGEOT EXPERT,3,E01003229,0,2
2024070174214,2024,070174214,1,8,0,4,4,5,1,0,0,0,0,0,0,0,0,1,6,6,1,-1,-1,1997,2,14,PEUGEOT EXPERT,8,W01000256,0,3
2024010539101,2024,010539101,1,19,0,18,19,1,5,0,0,1,0,0,8,10,1,1,1,1,1,47,8,1560,2,7,PEUGEOT EXPERT,5,E01003307,0,2
2024070085203,2024,070085203,1,19,0,18,19,4,8,0,0,1,0,0,0,0,1,1,6,6,1,-1,-1,1560,2,16,PEUGEOT EXPERT,-1,-1,0,-1
2024411471129,2024,411471129,2,19,0,-1,9,8,5,-1,0,1,1,0,0,0,3,1,-1,1,2,33,6,-1,3,2,PEUGEOT EXPERT,5,E01023786,0,1
2024631510973,2024,631510973,1,19,0,-1,13,6,2,-1,0,0,0,0,0,0,0,1,-1,6,3,41,7,1499,2,3,PEUGEOT EXPERT,4,W01000591,0,2
2024221474303,2024,221474303,3,19,0,-1,2,0,0,-1,0,0,0,0,0,0,1,1,-1,1,2,28,6,-1,3,2,PEUGEOT EXPERT,9,E01013987,0,1
2024211394647,2024,211394647,1,19,-1,-1,9,4,2,-1,-1,-1,-1,-1,-1,0,-1,9,-1,1,1,-1,-1,-1,3,2,PEUGEOT EXPERT,-1,-1,0,-1
2024122400254,2024,122400254,1,19,0,18,19,3,7,0,0,8,0,0,7,0,3,1,1,1,1,34,6,1997,2,3,PEUGEOT EXPERT,6,E01027873,0,1
2024010531001,2024,010531001,2,19,0,99,99,9,9,99,99,9,9,99,9,99,1,9,6,6,3,-1,-1,1997,2,4,PEUGEOT EXPERT,-1,-1,0,-1
2024320007078,2024,320007078,2,19,0,4,4,4,8,0,0,0,1,0,0,0,2,1,1,1,2,28,6,1499,2,4,PEUGEOT EXPERT,5,E01026276,0,2
2024320110701,2024,320110701,2,19,0,4,4,6,2,0,0,0,0,0,0,0,1,1,1,1,1,65,9,-1,3,3,PEUGEOT EXPERT,6,E01026205,0,3
2024231440111,2024,231440111,1,19,0,-1,19,5,2,-1,0,0,0,0,0,0,1,9,-1,1,1,36,7,1997,2,3,PEUGEOT EXPERT,5,E01009135,0,3
2024141421160,2024,141421160,3,19,0,-1,19,1,5,-1,0,0,0,0,0,0,1,1,-1,1,1,41,7,1560,2,10,PEUGEOT EXPERT,1,E01007332,0,1
2024421497704,2024,421497704,2,9,0,-1,-1,-1,-1,-1,-1,0,-1,-1,-1,0,-1,9,-1,6,1,56,9,-1,-1,-1,PEUGEOT EXPERT,9,E01015894,0,1
2024010505757,2024,010505757,2,19,0,99,99,9,9,99,99,9,9,99,9,99,2,9,6,6,3,-1,-1,2000,2,5,PEUGEOT EXPERT,-1,-1,0,-1
2024010531805,2024,010531805,1,19,0,99,99,9,9,99,99,9,9,99,9,99,0,9,1,1,1,25,5,-1,3,3,PEUGEOT EXPERT,3,E01003143,0,2
2024010530670,2024,010530670,1,19,9,99,99,9,9,99,99,2,9,99,0,0,9,1,6,6,3,-1,-1,1560,2,5,PEUGEOT EXPERT,-1,-1,0,-1
2024451525164,2024,451525164,1,19,0,-1,19,1,5,-1,0,1,0,0,0,0,3,1,-1,2,1,51,8,1499,2,2,PEUGEOT EXPERT,10,E01030753,0,1
2024141499048,2024,141499048,1,19,0,-1,19,3,7,-1,0,0,0,0,1,0,1,1,-1,1,1,34,6,-1,3,0,PEUGEOT EXPERT,1,E01011428,0,4
2024010535480,2024,010535480,1,19,0,18,19,5,1,0,0,2,0,8,0,0,0,1,1,1,1,24,5,1560,2,8,PEUGEOT EXPERT,3,E01003015,0,2
202454B351024,2024,54B351024,1,19,0,18,19,3,7,0,0,3,0,0,0,0,1,1,6,6,1,55,8,1997,2,6,PEUGEOT EXPERT,-1,-1,0,-1
2024041420373,2024,041420373,1,19,0,-1,5,5,1,-1,0,8,0,0,0,0,1,1,-1,1,1,50,8,-1,3,2,PEUGEOT EXPERT,2,E01012742,0,1
2024440510598,2024,440510598,3,19,0,2,2,0,0,0,0,0,0,0,0,0,1,1,6,6,3,-1,-1,1560,2,8,PEUGEOT EXPERT,-1,-1,0,-1
2024131432833,2024,131432833,1,19,0,-1,19,3,7,-1,0,0,0,0,0,0,0,1,-1,1,1,27,6,1997,2,1,PEUGEOT EXPERT,7,E01034268,0,1
2024201518829,2024,201518829,2,19,0,-1,4,2,6,-1,0,0,0,0,0,0,3,1,-1,6,1,33,6,1560,2,13,PEUGEOT EXPERT,1,E01009359,0,2
2024010519819,2024,010519819,2,19,0,1,1,9,9,99,99,0,9,99,9,99,2,9,6,6,3,47,8,1997,2,8,PEUGEOT EXPERT,7,E01021856,0,4
2024010512057,2024,010512057,2,19,0,6,6,7,7,0,0,3,0,0,0,0,1,1,2,2,1,24,5,1499,2,2,PEUGEOT EXPERT,5,E01030725,0,2
2024361417678,2024,361417678,4,19,0,-1,19,7,3,-1,0,0,0,0,0,0,2,1,-1,1,1,27,6,1997,2,5,PEUGEOT EXPERT,7,E01026588,0,3
2024520403291,2024,520403291,1,19,0,3,3,2,6,0,0,0,0,0,0,0,2,1,6,6,1,28,6,2000,2,2,PEUGEOT EXPERT,8,E01020266,0,4
2024311458548,2024,311458548,1,19,0,-1,19,3,7,-1,0,0,0,0,0,0,1,1,-1,9,1,63,9,1997,2,11,PEUGEOT EXPERT,3,E01028254,0,3
2024010510601,2024,010510601,2,19,9,1,1,9,9,99,99,0,9,99,9,99,9,9,6,6,3,-1,-1,1997,2,7,PEUGEOT EXPERT,4,E01002641,0,1
2024010507580,2024,010507580,1,19,0,18,19,5,1,9,9,5,0,0,1,11,1,1,2,2,1,28,6,1997,2,0,PEUGEOT EXPERT,7,E01024316,0,4
2024440454026,2024,440454026,2,19,0,4,4,2,6,0,0,0,0,0,0,0,2,1,1,1,1,44,7,1499,2,1,PEUGEOT EXPERT,3,E01015442,0,4
202460Q140213,2024,60Q140213,1,19,0,4,4,3,6,0,0,0,0,0,0,0,1,1,1,1,1,36,7,1997,2,2,PEUGEOT EXPERT,-1,-1,0,-1
2024010533652,2024,010533652,2,19,0,14,14,7,3,0,0,1,0,0,0,0,3,1,6,6,1,29,6,1499,2,1,PEUGEOT EXPERT,2,E01002041,0,1
2024010549271,2024,010549271,2,19,0,5,5,1,5,0,0,0,2,0,0,0,1,1,6,6,1,59,9,1997,2,1,PEUGEOT EXPERT,2,E01003325,0,1
2024542594324,2024,542594324,1,19,0,9,9,6,2,0,0,6,0,0,0,0,3,1,1,1,1,40,7,1560,2,5,PEUGEOT EXPERT,4,W01000636,0,5
2024211521198,2024,211521198,1,19,0,-1,4,2,6,-1,0,1,0,0,0,0,1,1,-1,1,1,43,7,1997,2,5,PEUGEOT EXPERT,-1,-1,0,-1
2024061444103,2024,061444103,1,19,0,-1,20,3,7,-1,0,0,0,0,0,0,4,1,-1,1,1,61,9,1499,2,4,PEUGEOT EXPERT,-1,-1,0,-1
2024201413577,2024,201413577,2,19,0,-1,9,7,6,-1,0,6,0,0,0,0,3,9,-1,6,1,42,7,1560,2,6,PEUGEOT EXPERT,5,E01010023,0,1
2024371466527,2024,371466527,1,19,0,-1,9,5,3,-1,0,5,0,0,7,11,1,1,-1,6,1,-1,-1,1560,2,8,PEUGEOT EXPERT,-1,-1,0,-1
2024501445252,2024,501445252,1,20,0,-1,9,4,2,-1,0,6,0,0,0,0,0,1,-1,9,1,55,8,-1,-1,-1,PEUGEOT EXPERT,5,E01020278,0,1
2024332400891,2024,332400891,2,19,0,-1,19,8,4,-1,0,8,0,0,0,0,1,1,-1,2,1,28,6,1997,2,8,PEUGEOT EXPERT,3,E01026310,0,4
2024481503765,2024,481503765,2,19,0,-1,19,5,1,-1,0,1,0,0,0,0,1,1,-1,1,1,45,7,-1,3,2,PEUGEOT EXPERT,-1,-1,0,-1
2024052400614,2024,052400614,1,19,0,1,1,3,7,0,0,2,0,0,0,0,2,1,3,7,1,50,8,1997,2,10,PEUGEOT EXPERT,1,E01006705,0,1
2024351513870,2024,351513870,1,8,0,-1,2,0,0,-1,0,0,0,0,0,0,1,1,-1,1,1,39,7,1997,2,16,PEUGEOT EXPERT,2,E01018143,0,1
2024052401140,2024,052401140,1,19,0,18,19,7,3,0,0,3,0,0,0,0,4,1,1,1,1,56,9,1499,2,3,PEUGEOT EXPERT,4,E01006851,0,1
2024991400119,2024,991400119,1,19,0,-1,19,2,6,-1,0,0,0,0,0,0,1,1,-1,1,1,38,7,1997,2,3,PEUGEOT EXPERT,-1,-1,0,-1
2024401495883,2024,401495883,2,19,0,-1,20,7,3,-1,0,0,0,0,0,0,2,1,-1,9,1,41,7,1560,2,6,PEUGEOT EXPERT,2,E01003065,0,4
2024440079159,2024,440079159,2,19,0,2,2,0,0,0,0,2,0,0,0,0,3,1,1,1,3,-1,-1,-1,3,3,PEUGEOT EXPERT,-1,-1,0,-1
2024211457754,2024,211457754,3,19,0,-1,4,5,1,-1,0,0,0,0,0,0,1,1,-1,1,1,61,9,1560,2,6,PEUGEOT EXPERT,-1,-1,0,-1
2024010539757,2024,010539757,2,19,0,-1,-1,3,7,0,0,1,0,4,0,0,4,1,6,6,1,26,6,1997,2,6,PEUGEOT EXPERT,2,E01001961,0,3
2024401496719,2024,401496719,1,8,0,-1,3,5,1,-1,2,1,0,0,0,0,3,1,-1,1,1,72,10,1997,2,14,PEUGEOT EXPERT,4,E01015711,0,4
2024471430646,2024,471430646,2,19,0,-1,7,7,1,-1,0,6,0,0,3,0,1,1,-1,9,1,33,6,1560,2,9,PEUGEOT EXPERT,3,E01003121,0,4
2024471405919,2024,471405919,2,19,0,-1,7,6,8,-1,0,5,0,99,0,0,4,1,-1,6,1,60,9,1997,2,12,PEUGEOT EXPERT,5,E01016898,0,1
202417S214524,2024,17S214524,2,19,0,-1,4,5,1,-1,0,0,0,0,0,0,2,1,-1,1,1,28,6,1500,2,2,PEUGEOT EXPERT,2,E01008780,0,4
2024991450918,2024,991450918,1,19,0,-1,19,4,8,-1,0,1,1,0,4,1,4,1,-1,1,1,31,6,1997,2,1,PEUGEOT EXPERT,1,-1,0,1
2024201419730,2024,201419730,2,19,0,-1,2,0,0,-1,0,2,0,0,0,0,1,9,-1,1,1,-1,-1,-1,3,2,PEUGEOT EXPERT,-1,-1,0,-1
2024522500039,2024,522500039,2,19,0,18,19,6,2,0,0,0,0,0,0,0,1,1,6,6,1,59,9,1997,2,12,PEUGEOT EXPERT,2,E01029131,0,4
2024522402362,2024,522402362,1,19,0,1,1,1,5,0,0,0,0,0,0,0,2,1,6,6,1,33,6,1500,2,2,PEUGEOT EXPERT,2,E01033359,0,1
2024052401486,2024,052401486,1,19,0,18,19,6,2,0,0,8,0,0,0,0,1,1,6,6,3,-1,-1,1499,2,1,PEUGEOT EXPERT,-1,-1,0,-1
2024991506012,2024,991506012,1,19,0,-1,9,5,8,-1,9,1,0,0,0,0,1,1,-1,1,1,31,6,1997,2,1,PEUGEOT EXPERT,4,-1,0,4
2024631425994,2024,631425994,1,19,0,-1,19,4,8,-1,0,0,5,0,2,10,4,1,-1,9,1,58,9,1560,2,13,PEUGEOT EXPERT,7,W01000700,0,2
2024461473497,2024,461473497,2,19,0,-1,19,5,1,-1,0,0,0,0,0,0,1,1,-1,1,1,37,7,1500,2,2,PEUGEOT EXPERT,3,E01001703,0,4
2024311519131,2024,311519131,1,19,0,-1,7,3,7,-1,0,1,0,0,0,0,1,1,-1,6,1,35,6,1997,2,10,PEUGEOT EXPERT,-1,-1,0,-1
2024070975677,2024,070975677,2,19,0,-1,3,5,5,-1,0,1,0,0,0,0,2,1,-1,1,1,44,7,1997,2,2,PEUGEOT EXPERT,8,E01012499,0,2
2024061444713,2024,061444713,2,19,0,-1,13,-1,-1,-1,0,8,0,11,7,11,4,1,-1,6,3,-1,-1,1997,2,1,PEUGEOT EXPERT,-1,-1,0,-1
2024361493442,2024,361493442,1,19,0,-1,19,1,5,-1,0,1,0,0,0,0,1,9,-1,6,1,36,7,1499,2,2,PEUGEOT EXPERT,2,E01026689,0,1
2024332400637,2024,332400637,2,19,0,-1,3,4,8,-1,0,1,0,0,0,0,2,1,-1,1,1,24,5,1997,2,7,PEUGEOT EXPERT,10,E01028381,0,4
2024371404376,2024,371404376,1,19,0,-1,5,5,1,-1,9,0,0,0,0,0,-1,1,-1,1,1,62,9,-1,3,2,PEUGEOT EXPERT,7,E01030069,0,3
2024451430638,2024,451430638,2,19,0,-1,19,5,1,-1,0,0,0,0,0,0,1,1,-1,1,1,40,7,1560,2,9,PEUGEOT EXPERT,7,E01030850,0,1
2024010528536,2024,010528536,1,19,0,18,19,5,1,0,0,8,0,0,0,0,1,2,6,6,1,29,6,-1,3,1,PEUGEOT EXPERT,4,E01003264,0,1
2024440017219,2024,440017219,1,19,0,4,4,2,6,0,0,0,0,0,0,0,1,1,6,6,1,18,4,1499,2,3,PEUGEOT EXPERT,10,E01032616,0,3
2024311419071,2024,311419071,2,19,0,-1,5,7,5,-1,0,8,0,0,0,0,4,1,-1,1,1,21,5,1997,2,4,PEUGEOT EXPERT,2,E01013872,0,3
2024010502205,2024,010502205,2,19,0,99,99,9,9,99,99,9,9,99,9,99,2,9,6,6,3,-1,-1,1560,2,8,PEUGEOT EXPERT,-1,-1,0,-1
2024201433624,2024,201433624,1,19,0,-1,2,0,0,-1,0,2,0,0,0,0,4,2,-1,1,1,56,9,1499,2,4,PEUGEOT EXPERT,-1,-1,0,-1
2024010542213,2024,010542213,2,19,0,5,5,5,1,0,0,8,0,0,0,0,1,1,1,1,1,42,7,1499,2,0,PEUGEOT EXPERT,6,E01034818,0,4
2024501407372,2024,501407372,3,19,0,-1,4,3,6,-1,0,0,0,0,0,0,2,1,-1,1,1,41,7,1997,2,10,PEUGEOT EXPERT,3,E01018990,0,1
2024520403049,2024,520403049,1,19,0,18,19,5,1,0,0,0,0,0,0,0,1,1,6,6,2,58,9,1997,2,10,PEUGEOT EXPERT,10,E01014393,0,4
2024010532793,2024,010532793,1,19,0,99,99,9,9,99,99,9,9,99,9,99,9,9,6,6,1,27,6,1500,2,2,PEUGEOT EXPERT,10,E01024785,0,4
2024010519377,2024,010519377,2,19,0,99,99,9,9,99,99,9,9,99,9,99,3,9,6,6,3,-1,-1,1997,2,4,PEUGEOT EXPERT,3,E01002701,0,3
2024311481906,2024,311481906,2,19,0,-1,19,1,5,-1,0,0,0,0,0,0,1,1,-1,1,1,-1,-1,1560,2,5,PEUGEOT EXPERT,4,E01025288,0,5
2024031512654,2024,031512654,1,19,0,-1,2,0,0,-1,0,0,0,0,0,0,3,1,-1,1,1,47,8,1499,2,2,PEUGEOT EXPERT,1,E01004946,0,5
2024320541886,2024,320541886,1,19,0,-1,-1,2,6,0,0,4,0,0,0,0,1,1,6,6,1,48,8,1868,2,18,PEUGEOT EXPERT,4,E01013705,0,4
2024361415316,2024,361415316,1,19,0,-1,19,-1,-1,-1,0,0,0,0,0,0,3,9,-1,6,1,30,6,1499,2,1,PEUGEOT EXPERT,4,E01026057,0,4
2024010524037,2024,010524037,1,19,0,9,9,5,3,0,0,5,0,0,0,0,3,1,1,1,1,24,5,1560,2,7,PEUGEOT EXPERT,-1,-1,0,-1
2024440452064,2024,440452064,2,19,0,14,14,3,7,0,0,1,0,0,0,0,1,1,1,1,1,26,6,1500,2,2,PEUGEOT EXPERT,9,E01022611,0,3
2024401440685,2024,401440685,1,19,0,-1,19,8,4,-1,0,0,0,0,0,0,3,1,-1,6,1,38,7,1560,2,5,PEUGEOT EXPERT,10,E01017371,0,3
202460Q070357,2024,60Q070357,5,19,0,2,2,0,0,0,0,0,1,4,0,0,1,1,6,6,3,-1,-1,-1,-1,-1,PEUGEOT EXPERT,-1,-1,0,-1
2024340NN0892,2024,340NN0892,1,19,0,-1,19,2,6,-1,0,1,5,0,1,1,1,1,-1,1,1,49,8,1560,2,6,PEUGEOT EXPERT,6,E01026974,0,3
2024031468983,2024,031468983,2,19,0,-1,3,1,5,-1,0,1,0,0,0,0,2,1,-1,6,1,38,7,1499,2,2,PEUGEOT EXPERT,-1,-1,0,-1
2024411443572,2024,411443572,2,20,0,-1,4,8,4,-1,0,1,0,0,0,0,2,1,-1,1,1,27,6,-1,-1,-1,PEUGEOT EXPERT,7,E01021856,0,3
2024122400544,2024,122400544,2,19,0,10,10,7,3,0,0,5,0,0,0,0,2,1,1,1,1,19,4,1499,2,3,PEUGEOT EXPERT,7,E01010726,0,2
2024340WN4882,2024,340WN4882,3,19,0,-1,19,5,1,-1,0,0,0,0,0,0,2,1,-1,1,1,-1,-1,2000,2,4,PEUGEOT EXPERT,5,E01002129,0,4
2024471399063,2024,471399063,2,19,0,-1,3,1,6,-1,0,0,0,0,0,0,2,1,-1,9,1,60,9,-1,-1,-1,PEUGEOT EXPERT,4,E01031499,0,1
2024010535372,2024,010535372,1,19,0,18,19,6,2,0,0,2,0,0,0,0,1,1,1,1,1,61,9,-1,3,3,PEUGEOT EXPERT,2,E01001633,0,3
202417S115124,2024,17S115124,1,19,0,-1,19,8,4,-1,0,8,0,0,0,0,1,1,-1,1,1,-1,-1,1997,2,7,PEUGEOT EXPERT,-1,-1,0,-1
2024041516426,2024,041516426,2,19,0,-1,4,3,7,-1,0,0,0,0,0,0,1,1,-1,6,1,33,6,1997,2,2,PEUGEOT EXPERT,1,E01025389,0,4
2024430071346,2024,430071346,2,19,0,18,19,8,4,0,0,0,0,0,0,0,1,1,6,6,1,61,9,1499,2,1,PEUGEOT EXPERT,7,E01010124,0,4
2024010536742,2024,010536742,1,19,0,17,19,1,7,0,0,3,0,0,0,0,3,1,1,1,1,40,7,1997,2,4,PEUGEOT EXPERT,7,E01018488,0,5
2024501523702,2024,501523702,1,19,0,-1,9,7,5,-1,0,1,0,0,0,0,1,1,-1,6,1,25,5,1997,2,1,PEUGEOT EXPERT,3,E01020285,0,1
2024052401896,2024,052401896,1,19,0,18,19,3,7,0,0,0,0,0,0,0,1,1,1,1,2,60,9,1499,2,2,PEUGEOT EXPERT,3,E01006459,0,1
2024010527409,2024,010527409,1,19,0,7,7,6,8,0,0,7,0,0,0,0,4,1,1,1,1,51,8,1499,2,4,PEUGEOT EXPERT,3,E01003582,0,2
2024010527009,2024,010527009,2,19,0,1,1,9,9,99,99,0,9,99,9,99,2,9,6,6,3,-1,-1,1997,2,4,PEUGEOT EXPERT,1,E01001790,0,3
2024010533434,2024,010533434,2,19,0,7,7,1,4,0,0,1,0,0,0,0,4,1,1,1,1,43,7,1560,2,5,PEUGEOT EXPERT,5,E01015951,0,4
2024471448129,2024,471448129,2,9,0,-1,19,7,3,-1,0,3,0,0,0,0,4,1,-1,1,1,43,7,1997,2,12,PEUGEOT EXPERT,8,E01022639,0,4
2024161438359,2024,161438359,2,19,0,-1,19,1,5,-1,0,0,0,0,0,0,1,9,-1,6,1,32,6,1499,2,1,PEUGEOT EXPERT,8,E01013037,0,2
2024991511616,2024,991511616,1,19,0,-1,19,7,3,-1,0,6,0,0,0,0,1,1,-1,9,1,33,6,1560,2,5,PEUGEOT EXPERT,1,-1,0,1
2024010508167,2024,010508167,3,19,0,2,2,0,0,0,0,0,0,0,0,0,2,1,6,6,3,-1,-1,1560,2,5,PEUGEOT EXPERT,-1,-1,0,-1
2024544949824,2024,544949824,2,19,0,17,19,8,4,0,0,8,2,0,0,0,4,1,1,1,1,43,7,1560,2,5,PEUGEOT EXPERT,8,E01032693,0,2
2024411477380,2024,411477380,1,19,0,-1,5,3,6,-1,9,4,5,11,1,10,1,1,-1,6,1,46,8,1997,2,0,PEUGEOT EXPERT,2,E01000730,0,4
2024221432916,2024,221432916,2,19,0,-1,2,0,0,-1,0,0,0,0,0,0,0,9,-1,1,2,37,7,1499,2,4,PEUGEOT EXPERT,4,E01029005,0,2
2024401432266,2024,401432266,2,9,0,-1,2,0,0,-1,0,0,0,0,0,0,2,1,-1,1,1,37,7,-1,-1,-1,PEUGEOT EXPERT,5,E01015782,0,1
2024440520903,2024,440520903,1,19,0,3,3,5,1,0,0,0,0,0,7,0,0,1,1,1,1,59,9,1997,2,9,PEUGEOT EXPERT,10,E01022691,0,3