collision_index,collision_year,collision_ref_no,vehicle_reference,vehicle_type,towing_and_articulation,vehicle_manoeuvre_historic,vehicle_manoeuvre,vehicle_direction_from,vehicle_direction_to,vehicle_location_restricted_lane_historic,vehicle_location_restricted_lane,junction_location,skidding_and_overturning,hit_object_in_carriageway,vehicle_leaving_carriageway,hit_object_off_carriageway,first_point_of_impact,vehicle_left_hand_drive,journey_purpose_of_driver_historic,journey_purpose_of_driver,sex_of_driver,age_of_driver,age_band_of_driver,engine_capacity_cc,propulsion_code,age_of_vehicle,generic_make_model,driver_imd_decile,lsoa_of_driver,escooter_flag,driver_distance_banding
2024552400889,2024,552400889,1,19,0,5,5,6,8,0,0,6,0,0,0,0,3,1,2,2,1,37,7,1560,2,5,PEUGEOT EXPERT,9,E01020544,0,2
2024221449240,2024,221449240,2,19,0,-1,5,4,2,-1,0,4,0,0,0,0,2,9,-1,1,1,52,8,1997,2,7,PEUGEOT EXPERT,5,E01032128,0,1
2024631431360,2024,631431360,4,19,0,-1,19,8,4,-1,0,1,0,0,1,10,0,1,-1,6,1,41,7,1560,2,5,PEUGEOT EXPERT,2,E01029492,0,5
2024991406080,2024,991406080,1,19,0,-1,19,8,4,-1,0,1,1,4,0,0,3,1,-1,1,2,40,7,1997,2,1,PEUGEOT EXPERT,9,-1,0,2
2024471517427,2024,471517427,2,19,0,-1,19,1,5,-1,0,0,0,0,0,0,3,1,-1,1,1,45,7,1997,2,6,PEUGEOT EXPERT,2,E01020911,0,1
2024201491430,2024,201491430,1,19,0,-1,9,2,6,-1,0,8,0,0,0,0,1,1,-1,6,1,62,9,1560,2,13,PEUGEOT EXPERT,2,E01008897,0,2
2024440443504,2024,440443504,2,19,0,18,19,0,0,0,0,0,0,0,0,0,1,1,6,6,3,-1,-1,2000,2,2,PEUGEOT EXPERT,-1,-1,0,-1
2024421406007,2024,421406007,1,8,0,-1,19,5,3,-1,0,2,0,0,0,0,1,1,-1,1,1,68,10,1997,2,15,PEUGEOT EXPERT,5,E01015870,0,1
2024061398536,2024,061398536,1,19,0,-1,19,6,8,-1,0,2,0,0,0,0,1,1,-1,1,1,30,6,1499,2,3,PEUGEOT EXPERT,3,E01005437,0,3
2024461483067,2024,461483067,3,19,0,-1,4,1,5,-1,0,0,0,0,0,0,2,1,-1,1,1,36,7,2000,2,2,PEUGEOT EXPERT,6,E01024435,0,3
2024421471066,2024,421471066,1,19,0,-1,19,4,7,-1,0,4,0,0,0,0,1,1,-1,6,1,-1,-1,1997,2,1,PEUGEOT EXPERT,-1,-1,0,-1
2024231444001,2024,231444001,2,19,0,-1,2,0,0,-1,0,8,0,0,0,0,1,9,-1,6,1,58,9,1560,2,10,PEUGEOT EXPERT,5,E01031168,0,1
2024010541777,2024,010541777,1,19,0,1,1,5,1,9,9,0,0,0,0,0,2,1,6,6,3,-1,-1,1499,2,1,PEUGEOT EXPERT,-1,-1,0,-1
2024010504225,2024,010504225,1,19,0,9,9,3,8,8,6,2,0,0,0,0,2,1,1,1,1,48,8,1560,2,5,PEUGEOT EXPERT,2,E01001559,0,1
2024122400815,2024,122400815,1,19,0,16,19,5,1,0,0,0,1,0,0,0,1,1,1,1,1,59,9,1997,2,9,PEUGEOT EXPERT,4,E01012620,0,4
2024302401094,2024,302401094,2,19,0,18,19,1,5,0,0,0,0,0,0,0,1,1,1,1,1,24,5,-1,3,3,PEUGEOT EXPERT,4,E01013459,0,1
2024451408773,2024,451408773,1,19,0,-1,19,5,1,-1,0,1,0,0,0,0,1,1,-1,1,1,53,8,1997,2,7,PEUGEOT EXPERT,3,E01030432,0,1
2024430133172,2024,430133172,1,3,0,18,19,4,8,0,0,6,0,0,0,0,1,1,6,6,1,38,7,124,1,2,PIAGGIO LIBERTY,3,E01016499,0,1
2024531445820,2024,531445820,2,3,0,-1,4,1,5,-1,0,4,1,0,0,0,0,1,-1,1,1,46,8,124,1,2,PIAGGIO LIBERTY,1,E01022323,0,1
2024531449384,2024,531449384,1,3,0,-1,19,5,1,-1,0,0,0,0,0,0,1,1,-1,6,2,34,6,124,1,2,PIAGGIO LIBERTY,6,E01022442,0,1
2024010506346,2024,010506346,1,3,0,3,3,9,9,99,99,9,9,99,9,99,2,1,6,6,1,34,6,124,1,0,PIAGGIO LIBERTY,5,E01000543,0,1
2024070837655,2024,070837655,2,3,0,-1,19,7,3,-1,0,8,0,0,0,0,4,1,-1,6,1,38,7,124,1,0,PIAGGIO LIBERTY,-1,-1,0,-1
2024010510990,2024,010510990,2,3,0,18,19,3,7,0,0,4,0,0,0,0,1,1,6,6,1,18,4,124,1,4,PIAGGIO LIBERTY,7,E01001131,0,1
2024522500258,2024,522500258,1,3,0,15,15,7,3,2,2,8,0,0,0,0,0,1,6,6,1,30,6,124,1,1,PIAGGIO LIBERTY,10,E01015001,0,1
2024351427600,2024,351427600,2,2,0,-1,19,1,5,-1,0,8,0,0,0,0,1,1,-1,6,1,28,6,49,1,24,PIAGGIO LIBERTY,7,E01018065,0,1
2024010517682,2024,010517682,1,3,0,4,4,1,5,0,0,1,0,0,0,0,0,1,1,1,2,22,5,124,1,2,PIAGGIO LIBERTY,5,E01000224,0,1
2024010516130,2024,010516130,1,3,9,99,99,9,9,99,99,9,9,99,9,99,2,1,1,1,1,48,8,124,1,3,PIAGGIO LIBERTY,8,E01003417,0,1
2024010535611,2024,010535611,1,3,0,16,19,3,5,0,0,5,0,7,0,0,1,1,6,6,1,26,6,124,1,2,PIAGGIO LIBERTY,4,E01003405,0,2
2024471465563,2024,471465563,2,5,0,-1,19,4,8,-1,0,8,0,0,0,0,1,1,-1,6,1,39,7,-1,-1,-1,PIAGGIO LIBERTY,6,E01016871,0,1
2024010513389,2024,010513389,1,3,0,99,99,9,9,99,99,9,9,99,9,99,9,1,2,2,1,39,7,124,1,4,PIAGGIO LIBERTY,2,E01000509,0,2
2024061534222,2024,061534222,2,3,0,-1,19,4,8,-1,0,8,2,0,0,0,1,1,-1,6,1,62,9,124,1,2,PIAGGIO LIBERTY,5,E01004882,0,2
2024010537177,2024,010537177,1,3,0,14,14,3,7,0,0,1,0,0,0,0,2,1,2,2,2,47,8,124,1,3,PIAGGIO LIBERTY,3,E01002068,0,1
2024451487342,2024,451487342,1,3,0,-1,19,7,3,-1,0,0,2,0,0,0,3,1,-1,9,1,24,5,124,1,18,PIAGGIO LIBERTY,7,E01030630,0,1
2024010539625,2024,010539625,1,3,0,3,3,9,9,99,99,9,9,99,9,99,2,1,1,1,1,27,6,124,1,4,PIAGGIO LIBERTY,5,E01033083,0,1
2024010516054,2024,010516054,2,3,0,3,3,7,3,0,0,1,0,0,0,0,1,1,6,6,1,23,5,124,1,6,PIAGGIO LIBERTY,3,E01000089,0,1
2024010518572,2024,010518572,1,3,0,18,19,7,3,0,0,4,0,0,0,0,1,1,6,6,1,26,6,124,1,3,PIAGGIO LIBERTY,8,E01002452,0,3
2024332400361,2024,332400361,2,4,0,-1,19,4,8,-1,0,2,0,0,0,0,1,1,-1,6,1,-1,-1,124,1,3,PIAGGIO LIBERTY,-1,-1,0,-1
2024141460599,2024,141460599,2,3,0,-1,19,7,3,-1,0,2,0,0,0,0,1,1,-1,1,1,62,9,124,1,3,PIAGGIO LIBERTY,2,E01007694,0,3
2024010518070,2024,010518070,1,3,0,18,19,7,3,0,0,0,5,0,0,0,4,1,6,6,1,36,7,124,1,3,PIAGGIO LIBERTY,9,E01002318,0,2
2024061530421,2024,061530421,2,2,0,-1,7,3,1,-1,0,2,0,0,0,0,2,1,-1,6,1,50,8,124,1,2,PIAGGIO LIBERTY,-1,-1,0,-1
2024010527457,2024,010527457,2,3,0,18,19,3,7,0,0,1,0,0,0,0,1,1,6,6,1,21,5,124,1,4,PIAGGIO LIBERTY,-1,-1,0,-1
2024010523047,2024,010523047,1,3,0,7,7,5,7,0,0,1,0,0,0,0,1,1,6,6,1,43,7,124,1,2,PIAGGIO LIBERTY,3,E01004696,0,2
2024010518444,2024,010518444,3,3,0,4,4,1,5,0,0,0,0,0,0,0,2,1,6,6,1,24,5,124,1,5,PIAGGIO LIBERTY,4,E01000958,0,2
2024010521168,2024,010521168,1,3,0,99,99,9,9,99,99,9,9,99,9,99,1,1,1,1,3,28,6,124,1,0,PIAGGIO LIBERTY,5,E01002169,0,1
2024010500301,2024,010500301,2,3,0,18,19,3,7,0,0,8,0,0,0,0,1,1,1,1,1,29,6,124,1,7,PIAGGIO LIBERTY,4,E01000474,0,2
2024451502691,2024,451502691,1,3,0,-1,19,2,6,-1,99,8,0,0,0,0,1,1,-1,2,1,24,5,124,1,3,PIAGGIO LIBERTY,8,E01002945,0,1
202454B006824,2024,54B006824,2,3,0,18,19,4,7,0,0,8,0,0,0,0,4,1,2,2,1,37,7,124,1,0,PIAGGIO LIBERTY,9,E01029031,0,2
2024010525763,2024,010525763,1,3,0,99,99,9,9,99,99,9,9,99,9,99,1,1,1,1,3,25,5,124,1,4,PIAGGIO LIBERTY,5,E01001259,0,1
2024351435491,2024,351435491,1,4,0,-1,3,1,5,-1,0,0,0,0,0,0,1,1,-1,6,1,26,6,124,1,5,PIAGGIO LIBERTY,2,E01018063,0,3
2024461421868,2024,461421868,2,3,0,-1,5,-1,-1,-1,0,1,0,0,0,0,1,1,-1,1,1,23,5,124,1,6,PIAGGIO LIBERTY,4,E01000780,0,3
2024010531953,2024,010531953,2,3,0,99,99,9,9,99,99,9,9,99,9,99,9,1,2,2,1,26,6,124,1,4,PIAGGIO LIBERTY,5,E01000624,0,1
2024010529336,2024,010529336,1,3,0,99,99,9,9,99,99,0,9,99,9,99,9,1,6,6,1,85,11,124,1,1,PIAGGIO LIBERTY,8,E01000768,0,1
2024010514811,2024,010514811,1,3,0,18,19,1,5,0,0,1,5,0,0,0,3,1,2,2,1,37,7,124,1,2,PIAGGIO LIBERTY,8,E01001273,0,3
2024010522057,2024,010522057,2,3,0,9,9,5,2,0,0,5,0,0,0,0,1,1,6,6,1,35,6,124,1,7,PIAGGIO LIBERTY,2,E01001202,0,1
2024451513732,2024,451513732,2,3,0,-1,19,4,8,-1,0,0,2,0,7,4,1,1,-1,2,1,31,6,124,1,3,PIAGGIO LIBERTY,3,E01030676,0,3
2024302401432,2024,302401432,1,3,0,18,19,4,8,0,0,0,0,0,0,0,1,1,6,6,1,17,4,124,1,6,PIAGGIO LIBERTY,2,E01013588,0,1
2024430119980,2024,430119980,2,3,0,18,19,5,3,0,0,4,0,0,0,0,1,1,2,2,1,75,10,124,1,3,PIAGGIO LIBERTY,-1,-1,0,-1
202454C875124,2024,54C875124,2,3,0,18,19,5,1,0,0,1,0,0,0,0,1,1,1,1,1,27,6,124,1,4,PIAGGIO LIBERTY,10,E01015499,0,2
2024010525837,2024,010525837,1,3,0,18,19,3,7,0,0,1,0,0,0,0,4,1,6,6,1,29,6,124,1,1,PIAGGIO LIBERTY,4,E01002645,0,1
2024340WN1002,2024,340WN1002,1,2,0,-1,14,6,2,-1,0,2,1,0,0,0,1,1,-1,2,1,20,4,124,1,3,PIAGGIO LIBERTY,7,E01027221,0,1
2024471427316,2024,471427316,1,3,0,-1,9,8,6,-1,0,1,0,0,0,0,4,1,-1,6,2,31,6,124,1,4,PIAGGIO LIBERTY,6,E01016876,0,2
2024311512155,2024,311512155,1,3,0,-1,19,1,5,-1,0,0,0,0,0,0,1,1,-1,9,1,21,5,124,1,0,PIAGGIO LIBERTY,-1,-1,0,-1
2024010500805,2024,010500805,1,3,0,99,99,9,9,99,99,9,9,99,9,99,0,1,1,1,1,33,6,124,1,1,PIAGGIO LIBERTY,2,E01003497,0,4
2024010515650,2024,010515650,1,3,0,13,13,5,1,0,0,6,0,7,0,0,3,1,1,1,1,21,5,124,1,4,PIAGGIO LIBERTY,4,E01000999,0,1
2024302400579,2024,302400579,2,3,0,4,4,8,4,0,0,0,1,0,0,0,1,1,6,6,2,45,7,124,1,1,PIAGGIO LIBERTY,1,E01019650,0,4
2024010504750,2024,010504750,1,3,0,99,99,9,9,99,99,9,9,99,9,99,2,1,6,6,1,29,6,124,1,8,PIAGGIO LIBERTY,7,E01033463,0,1
2024471429016,2024,471429016,1,3,0,-1,19,3,7,-1,0,0,0,0,0,0,1,1,-1,1,1,19,4,124,1,1,PIAGGIO LIBERTY,4,E01021002,0,2
2024010505138,2024,010505138,1,3,0,99,99,9,9,99,99,1,9,99,9,99,9,1,1,1,3,50,8,124,1,5,PIAGGIO LIBERTY,6,E01004481,0,1
2024451513676,2024,451513676,1,3,0,-1,19,1,5,-1,0,8,5,0,0,0,1,1,-1,9,1,29,6,124,1,6,PIAGGIO LIBERTY,8,E01002941,0,2
2024010509269,2024,010509269,1,4,0,18,19,3,7,0,0,8,0,0,0,0,1,1,6,6,1,29,6,124,1,5,PIAGGIO LIBERTY,8,E01001046,0,1
2024010506775,2024,010506775,1,3,0,5,5,1,5,0,0,8,0,0,0,0,2,1,1,1,1,32,6,124,1,0,PIAGGIO LIBERTY,3,E01033934,0,1
2024010513722,2024,010513722,2,3,0,18,19,7,3,2,2,1,5,0,0,0,3,1,6,6,1,28,6,124,1,3,PIAGGIO LIBERTY,5,E01004743,0,1
2024010521640,2024,010521640,2,3,0,9,9,5,2,0,0,1,0,0,0,0,0,1,1,1,1,36,7,124,1,4,PIAGGIO LIBERTY,4,E01004302,0,2
2024010517075,2024,010517075,1,3,0,99,99,9,9,99,99,9,9,8,9,99,9,1,1,1,1,31,6,124,1,1,PIAGGIO LIBERTY,6,E01003705,0,1
2024440155270,2024,440155270,1,3,0,18,19,6,2,0,0,3,1,10,0,0,4,1,6,6,1,40,7,124,1,18,PIAGGIO LIBERTY,10,E01023270,0,4
2024010497396,2024,010497396,1,2,0,18,19,5,1,0,0,8,1,0,0,0,0,1,6,6,2,44,7,49,1,0,PIAGGIO LIBERTY,6,E01004163,0,1
2024201479410,2024,201479410,1,3,0,-1,14,1,5,-1,0,8,0,0,0,0,1,1,-1,6,1,55,8,124,1,3,PIAGGIO LIBERTY,1,E01010485,0,4
2024010505194,2024,010505194,1,3,0,99,99,9,9,99,99,9,9,99,9,99,9,1,6,6,3,29,6,124,1,0,PIAGGIO LIBERTY,8,E01021055,0,4
2024010514501,2024,010514501,1,3,0,18,19,5,1,6,6,0,0,0,0,0,1,1,2,2,1,40,7,124,1,3,PIAGGIO LIBERTY,4,E01002757,0,1
2024461518208,2024,461518208,1,3,0,-1,19,7,3,-1,0,0,0,0,0,0,1,1,-1,6,3,-1,-1,124,1,4,PIAGGIO LIBERTY,-1,-1,0,-1
2024010497708,2024,010497708,1,3,0,16,19,6,1,0,0,2,0,0,0,0,2,1,6,6,2,39,7,124,1,4,PIAGGIO LIBERTY,4,E01018968,0,5
2024440260142,2024,440260142,1,3,0,17,19,7,4,0,0,1,1,0,7,10,3,1,2,2,1,27,6,124,1,0,PIAGGIO LIBERTY,8,E01022722,0,1
2024201457477,2024,201457477,1,3,0,-1,19,6,2,-1,0,1,0,0,0,0,4,1,-1,6,1,26,6,124,1,0,PIAGGIO LIBERTY,1,E01009574,0,4
2024451468053,2024,451468053,2,3,0,-1,8,5,7,-1,0,6,0,0,0,0,2,1,-1,2,2,33,6,124,1,5,PIAGGIO LIBERTY,9,E01030485,0,2
2024010522423,2024,010522423,1,3,9,99,99,9,9,99,99,9,9,99,9,99,1,1,1,1,1,38,7,124,1,3,PIAGGIO LIBERTY,2,E01000508,0,1
2024010548107,2024,010548107,1,3,0,-1,-1,8,4,0,0,1,0,0,0,0,1,1,6,6,1,58,9,124,1,13,PIAGGIO LIBERTY,3,E01000853,0,1
2024351486799,2024,351486799,1,3,0,-1,4,5,1,-1,0,0,0,10,0,0,0,1,-1,6,1,33,6,124,1,0,PIAGGIO LIBERTY,10,E01018263,0,1
2024010545087,2024,010545087,1,3,0,18,19,2,6,0,0,0,0,0,0,0,1,1,6,6,1,32,6,124,1,0,PIAGGIO LIBERTY,2,E01034149,0,3
2024201413532,2024,201413532,2,3,0,-1,9,6,3,-1,0,6,0,0,0,0,1,1,-1,2,1,22,5,124,1,1,PIAGGIO LIBERTY,5,E01009749,0,1
2024010520609,2024,010520609,1,3,0,99,99,9,9,99,99,9,9,99,9,99,9,1,1,1,1,24,5,124,1,3,PIAGGIO LIBERTY,4,E01000999,0,1
2024131422516,2024,131422516,1,2,0,-1,-1,-1,-1,-1,-1,-1,-1,-1,-1,0,-1,1,-1,6,3,-1,-1,49,1,19,PIAGGIO LIBERTY,-1,-1,0,-1
2024052401168,2024,052401168,1,2,0,9,9,1,3,0,0,8,0,0,0,0,2,1,1,1,1,42,7,124,1,4,PIAGGIO LIBERTY,1,E01006673,0,1
2024141400749,2024,141400749,2,3,0,-1,19,2,6,-1,0,1,0,0,0,0,1,1,-1,6,1,18,4,124,1,1,PIAGGIO LIBERTY,5,E01007342,0,1
2024131498829,2024,131498829,1,3,0,-1,19,3,7,-1,0,8,5,0,0,0,1,1,-1,6,1,18,4,124,1,5,PIAGGIO LIBERTY,4,E01005558,0,3
2024010527972,2024,010527972,3,3,0,2,2,0,0,6,6,2,0,10,0,0,4,1,6,6,3,-1,-1,124,1,5,PIAGGIO LIBERTY,-1,-1,0,-1
2024010501259,2024,010501259,2,3,0,3,3,5,1,0,0,5,0,0,0,0,1,1,2,2,1,29,6,124,1,3,PIAGGIO LIBERTY,2,E01001334,0,1
2024010493914,2024,010493914,1,3,0,15,15,1,5,0,0,1,1,10,0,0,1,1,6,6,1,67,10,124,1,3,PIAGGIO LIBERTY,2,E01001944,0,1
2024451394853,2024,451394853,1,3,0,-1,19,3,7,-1,0,1,1,0,0,0,1,1,-1,1,1,34,6,124,1,4,PIAGGIO LIBERTY,4,E01002596,0,2
2024010520798,2024,010520798,1,3,0,18,19,5,1,0,0,1,2,0,0,0,3,1,6,6,1,23,5,124,1,3,PIAGGIO LIBERTY,3,E01000556,0,1
2024010522299,2024,010522299,1,3,0,18,19,3,7,2,2,1,0,0,2,1,3,1,6,6,1,22,5,124,1,6,PIAGGIO LIBERTY,6,E01004715,0,2
2024070961383,2024,070961383,1,3,0,-1,19,1,5,-1,0,8,1,0,0,0,0,1,-1,9,1,45,7,124,1,3,PIAGGIO LIBERTY,5,E01018648,0,1
2024010510290,2024,010510290,1,3,4,99,99,9,9,99,99,9,9,99,9,99,1,1,6,6,1,29,6,124,1,5,PIAGGIO LIBERTY,5,E01003743,0,1
2024010522859,2024,010522859,1,3,0,4,4,1,5,0,0,0,0,0,1,0,1,1,1,1,1,39,7,124,1,2,PIAGGIO LIBERTY,3,E01002608,0,2
2024010501024,2024,010501024,1,3,0,14,14,5,1,0,0,0,0,0,0,0,4,1,6,6,1,31,6,124,1,7,PIAGGIO LIBERTY,4,E01001278,0,2
2024101505315,2024,101505315,2,2,0,-1,19,1,5,-1,0,1,0,0,0,0,1,1,-1,1,1,27,6,124,1,5,PIAGGIO LIBERTY,3,E01008455,0,1
2024010508097,2024,010508097,1,3,0,9,9,3,1,0,0,6,0,0,0,0,2,1,1,1,1,22,5,124,1,1,PIAGGIO LIBERTY,2,E01000743,0,1
2024451441650,2024,451441650,1,3,0,-1,19,1,5,-1,0,0,0,0,0,0,4,1,-1,9,1,47,8,124,1,2,PIAGGIO LIBERTY,7,E01030659,0,1
2024010543169,2024,010543169,1,3,0,99,99,9,9,99,99,9,9,99,9,99,9,1,2,2,1,39,7,124,1,1,PIAGGIO LIBERTY,2,E01002073,0,2
2024010518388,2024,010518388,1,3,0,18,19,1,5,0,0,2,0,0,0,0,3,1,1,1,2,32,6,124,1,4,PIAGGIO LIBERTY,3,E01001215,0,1
2024010490154,2024,010490154,1,3,0,18,19,6,2,0,0,1,1,0,0,0,1,1,1,1,1,21,5,124,1,2,PIAGGIO LIBERTY,5,E01002584,0,1
2024010502975,2024,010502975,2,3,0,18,19,4,8,0,0,8,0,0,0,0,1,1,6,6,1,24,5,124,1,1,PIAGGIO LIBERTY,4,E01004538,0,2
2024010549010,2024,010549010,2,3,0,18,19,1,5,0,0,1,0,0,0,0,4,1,6,6,1,39,7,124,1,5,PIAGGIO LIBERTY,3,E01002774,0,1
2024010539428,2024,010539428,2,3,0,4,4,3,7,0,0,0,0,4,0,0,1,1,6,6,1,34,6,124,1,4,PIAGGIO LIBERTY,-1,-1,0,-1
2024010511848,2024,010511848,2,3,0,18,19,1,5,0,0,0,0,0,0,0,1,1,1,1,1,26,6,124,1,2,PIAGGIO LIBERTY,6,E01002636,0,2
2024991490618,2024,991490618,1,9,0,-1,19,2,6,-1,0,8,0,0,0,0,1,1,-1,9,1,24,5,1985,1,21,SAAB 9-3,6,-1,0,1
2024311409024,2024,311409024,2,9,0,-1,3,5,2,-1,0,6,0,0,0,0,2,1,-1,6,1,56,9,2000,1,16,SAAB 9-3,7,E01028015,0,1
2024201491868,2024,201491868,1,9,0,-1,9,4,2,-1,0,6,0,0,0,0,3,9,-1,6,3,18,4,2000,1,19,SAAB 9-3,-1,-1,0,-1
2024010529353,2024,010529353,2,9,0,99,99,9,9,99,99,9,9,99,9,99,2,9,6,6,3,-1,-1,2000,1,17,SAAB 9-3,-1,-1,0,-1
2024052400424,2024,052400424,2,9,0,3,3,1,5,0,0,1,0,0,0,0,2,1,6,6,2,31,6,2792,1,16,SAAB 9-3,7,E01007080,0,1
2024411497972,2024,411497972,2,9,0,-1,3,1,5,-1,0,8,0,0,0,0,2,1,-1,2,2,27,6,1998,1,16,SAAB 9-3,3,E01023437,0,1
2024010531049,2024,010531049,2,9,0,18,19,3,7,0,0,0,0,0,0,0,3,1,6,6,3,-1,-1,1910,2,16,SAAB 9-3,-1,-1,0,-1
2024421531517,2024,421531517,1,9,0,-1,9,3,7,-1,0,4,0,0,0,0,1,1,-1,6,1,-1,-1,2790,1,17,SAAB 9-3,-1,-1,0,-1
2024101461632,2024,101461632,2,9,0,-1,19,7,3,-1,0,2,0,0,1,0,1,1,-1,9,1,79,11,1910,2,13,SAAB 9-3,10,E01033714,0,2
2024131459643,2024,131459643,1,9,0,-1,19,5,1,-1,0,0,1,0,7,10,1,1,-1,6,1,59,9,1988,1,21,SAAB 9-3,1,E01011492,0,3
2024461428757,2024,461428757,1,9,0,-1,1,3,7,-1,0,0,0,0,0,0,2,1,-1,6,1,23,5,1910,2,15,SAAB 9-3,-1,-1,0,-1
2024401500691,2024,401500691,1,9,0,-1,1,-1,-1,-1,0,0,0,0,0,0,2,1,-1,6,1,54,8,1910,2,13,SAAB 9-3,4,E01017596,0,1
2024421530887,2024,421530887,1,9,0,-1,11,4,8,-1,0,0,1,7,0,0,1,1,-1,6,1,68,10,2000,1,20,SAAB 9-3,5,E01026501,0,5
2024401425800,2024,401425800,1,9,0,-1,19,7,3,-1,0,0,0,0,0,0,1,1,-1,6,1,63,9,1985,1,23,SAAB 9-3,7,E01017584,0,2
2024221400033,2024,221400033,2,9,0,-1,19,5,1,-1,0,1,0,0,0,0,1,9,-1,6,1,27,6,2000,1,19,SAAB 9-3,9,E01034320,0,1
2024371468896,2024,371468896,2,9,0,-1,4,5,1,-1,0,0,0,0,0,0,2,1,-1,9,1,38,7,1910,2,16,SAAB 9-3,6,E01029983,0,2
2024161416341,2024,161416341,1,9,0,-1,19,3,7,-1,0,2,5,0,0,0,1,1,-1,9,1,49,8,1796,1,15,SAAB 9-3,7,E01013022,0,1
2024101445623,2024,101445623,1,9,0,-1,19,7,3,-1,0,0,0,0,1,11,4,1,-1,6,1,36,7,2000,1,19,SAAB 9-3,4,E01008835,0,2
2024361465008,2024,361465008,1,9,0,-1,7,7,2,-1,0,0,0,0,0,0,4,9,-1,6,2,51,8,1910,2,17,SAAB 9-3,5,W01000057,0,5
2024302401493,2024,302401493,2,9,0,18,19,2,6,0,0,8,0,0,0,0,1,1,6,6,1,55,8,1910,2,15,SAAB 9-3,4,E01019455,0,2
2024451441575,2024,451441575,2,9,0,-1,19,5,1,-1,0,1,0,0,0,0,1,1,-1,6,1,45,7,1910,2,17,SAAB 9-3,-1,-1,0,-1
2024052402413,2024,052402413,2,9,0,18,19,6,2,0,0,8,0,0,0,0,1,1,6,6,1,54,8,1910,2,14,SAAB 9-3,4,E01005311,0,4
2024440329376,2024,440329376,2,9,0,18,19,4,8,0,0,1,0,0,0,0,1,1,6,6,2,62,9,1910,2,15,SAAB 9-3,5,E01017024,0,1
2024131528825,2024,131528825,2,9,0,-1,19,3,7,-1,0,8,0,0,0,0,3,1,-1,6,-1,-1,-1,1910,2,18,SAAB 9-3,-1,-1,0,-1
2024440327657,2024,440327657,3,9,0,3,3,5,1,0,0,1,0,0,0,0,2,1,6,6,1,59,9,1910,2,15,SAAB 9-3,7,E01023252,0,3
2024332400672,2024,332400672,2,9,0,-1,12,4,8,-1,0,1,0,0,0,0,3,1,-1,6,1,87,11,1985,1,22,SAAB 9-3,9,E01025981,0,2
2024622400391,2024,622400391,1,9,0,18,19,2,6,0,0,1,0,0,0,0,1,1,6,6,1,92,11,2000,1,18,SAAB 9-3,9,W01001090,0,1
2024061521367,2024,061521367,1,9,0,-1,19,7,3,-1,0,0,2,0,0,0,1,9,-1,9,1,47,8,1985,1,21,SAAB 9-3,1,E01033217,0,1
2024010500755,2024,010500755,1,9,0,18,19,3,7,0,0,0,0,0,0,0,1,1,6,6,1,47,8,2000,1,17,SAAB 9-3,8,E01001541,0,1
2024451440436,2024,451440436,2,9,0,-1,19,5,1,-1,0,1,0,0,0,0,1,1,-1,9,1,52,8,1910,2,16,SAAB 9-3,10,E01030623,0,1
2024440341124,2024,440341124,1,9,0,7,7,5,7,0,0,8,0,0,0,0,1,1,6,6,2,64,9,1910,2,14,SAAB 9-3,10,E01022987,0,1
2024631502978,2024,631502978,2,9,0,-1,10,6,4,-1,0,8,0,0,0,0,1,1,-1,9,1,27,6,1910,2,16,SAAB 9-3,3,W01001900,0,1
2024501413890,2024,501413890,2,9,0,-1,19,5,1,-1,0,0,0,0,8,6,2,1,-1,9,2,51,8,1910,2,18,SAAB 9-3,4,E01020571,0,4
2024991496897,2024,991496897,1,9,0,-1,2,0,0,-1,0,0,0,0,0,0,3,1,-1,9,1,58,9,1910,2,15,SAAB 9-3,4,-1,0,3
2024440433423,2024,440433423,1,9,0,18,19,5,1,0,0,5,0,0,1,7,4,1,6,6,1,70,10,2000,1,17,SAAB 9-3,6,E01022592,0,1
2024302500174,2024,302500174,1,9,0,-1,9,2,7,-1,0,8,0,0,0,0,1,1,-1,6,2,56,9,1910,2,14,SAAB 9-3,8,E01019746,0,1
2024501437729,2024,501437729,1,9,0,-1,4,8,4,-1,0,1,0,0,0,0,1,1,-1,6,1,76,11,2000,1,17,SAAB 9-3,1,E01019056,0,1
2024471456705,2024,471456705,2,9,0,-1,2,5,1,-1,-1,0,0,0,0,0,1,1,-1,6,1,66,10,2000,1,18,SAAB 9-3,8,E01021163,0,1
2024201489702,2024,201489702,1,9,0,-1,9,7,4,-1,0,5,0,0,0,0,1,1,-1,6,1,75,10,1985,1,24,SAAB 9-3,1,E01008909,0,1
2024461427002,2024,461427002,1,9,0,-1,9,1,5,-1,0,8,0,11,2,11,4,1,-1,9,1,17,4,1910,2,17,SAAB 9-3,4,E01024645,0,2
2024401395865,2024,401395865,2,9,0,-1,9,3,1,-1,0,3,0,0,0,0,1,9,-1,6,1,28,6,2790,1,17,SAAB 9-3,8,E01017529,0,1
2024141500056,2024,141500056,2,9,0,-1,19,2,6,-1,0,8,0,0,0,0,3,1,-1,6,1,36,7,1910,2,16,SAAB 9-3,2,E01007443,0,1
2024340WN4432,2024,340WN4432,1,9,0,-1,19,3,7,-1,0,6,1,0,0,0,1,1,-1,9,1,79,11,1998,1,19,SAAB 9-3,4,E01032976,0,3
2024471412197,2024,471412197,1,9,0,-1,9,1,7,-1,0,6,0,0,0,0,1,1,-1,9,1,26,6,2000,1,17,SAAB 9-3,9,E01031816,0,1