collision_index,collision_year,collision_ref_no,vehicle_reference,vehicle_type,towing_and_articulation,vehicle_manoeuvre_historic,vehicle_manoeuvre,vehicle_direction_from,vehicle_direction_to,vehicle_location_restricted_lane_historic,vehicle_location_restricted_lane,junction_location,skidding_and_overturning,hit_object_in_carriageway,vehicle_leaving_carriageway,hit_object_off_carriageway,first_point_of_impact,vehicle_left_hand_drive,journey_purpose_of_driver_historic,journey_purpose_of_driver,sex_of_driver,age_of_driver,age_band_of_driver,engine_capacity_cc,propulsion_code,age_of_vehicle,generic_make_model,driver_imd_decile,lsoa_of_driver,escooter_flag,driver_distance_banding
2024522402396,2024,522402396,1,9,0,18,19,7,3,0,0,8,0,0,0,0,2,1,6,6,1,53,8,1910,2,16,SAAB 9-3,3,E01031854,0,4
2024461531395,2024,461531395,1,9,0,-1,19,4,8,-1,0,2,0,0,0,0,1,1,-1,9,1,77,11,2000,1,19,SAAB 9-3,10,E01024463,0,1
2024401535791,2024,401535791,1,9,0,-1,19,6,2,-1,0,3,0,0,1,0,1,1,-1,6,1,85,11,1990,1,20,SAAB 9-3,6,E01017571,0,1
2024371420923,2024,371420923,3,9,0,-1,19,1,5,-1,0,1,0,0,0,0,2,1,-1,6,2,34,6,1910,2,17,SAAB 9-3,6,E01026462,0,4
2024101396264,2024,101396264,1,9,0,-1,19,1,5,-1,0,1,0,0,0,0,1,9,-1,2,1,65,9,1910,2,17,SAAB 9-3,3,E01008654,0,1
2024010544935,2024,010544935,2,9,9,99,99,9,9,99,99,9,9,99,9,99,9,9,6,6,3,-1,-1,1796,1,15,SAAB 9-3,-1,-1,0,-1
202417H102024,2024,17H102024,1,9,0,-1,19,8,4,-1,0,1,1,0,1,11,4,1,-1,6,3,-1,-1,2000,1,17,SAAB 9-3,-1,-1,0,-1
2024991503510,2024,991503510,2,9,0,-1,19,3,7,-1,0,1,0,0,1,0,1,1,-1,9,1,59,9,2790,1,17,SAAB 9-3,4,-1,0,4
2024451487947,2024,451487947,1,9,0,-1,4,-1,-1,-1,0,0,0,0,0,0,2,1,-1,9,2,41,7,1800,1,19,SAAB 9-3,7,E01001106,0,3
2024231472263,2024,231472263,1,9,0,-1,7,4,7,-1,0,4,0,7,3,11,2,9,-1,9,1,23,5,1910,2,16,SAAB 9-3,9,E01032894,0,1
2024371414218,2024,371414218,2,9,0,-1,19,7,3,-1,0,1,0,0,0,0,1,1,-1,9,2,85,11,1910,2,15,SAAB 9-3,9,E01030175,0,1
2024010513649,2024,010513649,1,9,0,18,19,1,5,0,0,1,0,0,0,0,1,1,6,6,1,46,8,1998,1,14,SAAB 9-3,4,E01001050,0,1
2024340WN6102,2024,340WN6102,2,9,0,-1,19,1,5,-1,0,8,0,0,0,0,4,1,-1,9,1,58,9,1910,2,15,SAAB 9-3,6,E01016817,0,4
2024501547304,2024,501547304,1,9,0,-1,19,2,6,-1,0,0,0,0,0,0,1,1,-1,6,1,42,7,1910,2,16,SAAB 9-3,4,E01018881,0,3
2024320696024,2024,320696024,2,9,0,2,2,0,0,0,0,0,0,0,0,0,1,1,-1,-1,1,55,8,1998,1,15,SAAB 9-3,6,E01026266,0,2
2024141529363,2024,141529363,2,9,0,-1,19,1,5,-1,0,0,0,0,0,0,2,1,-1,6,1,60,9,1910,2,15,SAAB 9-3,3,E01007515,0,1
2024351400383,2024,351400383,1,9,0,-1,19,8,4,-1,0,0,0,0,0,0,1,1,-1,6,-1,-1,-1,1910,2,17,SAAB 9-3,-1,-1,0,-1
2024361409028,2024,361409028,1,9,0,-1,19,7,3,-1,0,0,0,0,1,0,3,9,-1,1,1,25,5,1910,2,13,SAAB 9-3,10,E01026915,0,3
2024430595522,2024,430595522,2,9,0,18,19,1,5,0,0,0,0,0,0,0,1,1,2,2,1,50,8,1998,1,19,SAAB 9-3,7,E01028429,0,1
2024411432558,2024,411432558,1,9,0,-1,19,8,4,-1,0,1,0,0,0,0,1,1,-1,6,1,56,9,1910,2,17,SAAB 9-3,3,E01023957,0,3
2024221454742,2024,221454742,1,9,0,-1,4,7,3,-1,0,0,0,0,0,0,2,1,-1,6,2,77,11,1998,1,12,SAAB 9-3,8,E01009068,0,4
2024522401700,2024,522401700,2,9,0,11,11,5,8,0,0,3,0,0,0,0,2,1,6,6,1,-1,-1,1910,2,17,SAAB 9-3,5,E01017159,0,5
2024461480322,2024,461480322,1,9,0,-1,19,5,4,-1,0,3,0,0,0,0,1,9,-1,6,1,-1,-1,1998,1,20,SAAB 9-3,-1,-1,0,-1
2024141472697,2024,141472697,1,9,0,-1,19,7,3,-1,0,1,0,0,0,0,1,1,-1,2,1,72,10,2000,1,18,SAAB 9-3,7,E01007582,0,2
2024451471935,2024,451471935,1,9,0,-1,1,7,3,-1,5,0,0,0,0,0,2,1,-1,6,1,61,9,2792,1,16,SAAB 9-3,9,E01030441,0,1
2024991419659,2024,991419659,2,9,0,-1,5,2,4,-1,0,0,0,0,7,11,3,1,-1,2,1,26,6,1910,2,14,SAAB 9-3,8,-1,0,2
2024010544041,2024,010544041,2,9,0,18,19,9,9,99,99,0,9,99,9,99,1,9,6,6,3,-1,-1,2000,1,17,SAAB 9-3,-1,-1,0,-1
2024010529212,2024,010529212,2,9,0,18,19,6,2,0,0,4,0,99,0,0,9,1,6,6,2,-1,-1,2000,1,18,SAAB 9-3,-1,-1,0,-1
2024010506944,2024,010506944,1,9,0,1,1,7,1,9,9,1,0,0,0,0,1,1,6,6,3,-1,-1,1910,2,18,SAAB 9-3,-1,-1,0,-1
2024531439312,2024,531439312,1,9,0,-1,19,3,7,-1,0,6,0,0,0,0,1,1,-1,6,1,51,8,1910,2,16,SAAB 9-3,5,E01022296,0,2
2024501479885,2024,501479885,1,9,0,-1,19,4,8,-1,0,1,1,6,8,10,1,1,-1,1,1,30,6,1910,2,19,SAAB 9-3,7,E01020029,0,3
2024991428281,2024,991428281,1,9,0,-1,7,6,8,-1,0,8,0,0,0,0,4,1,-1,2,1,55,8,2000,1,17,SAAB 9-3,5,-1,0,1
2024201518748,2024,201518748,2,9,0,-1,19,4,2,-1,0,0,5,0,0,0,3,9,-1,6,3,16,4,2000,1,19,SAAB 9-3,-1,-1,0,-1
2024430427929,2024,430427929,2,9,0,4,4,5,1,0,0,0,0,0,0,0,1,1,2,2,1,46,8,1985,1,24,SAAB 9-3,8,E01028772,0,1
2024991442396,2024,991442396,2,9,0,-1,19,1,6,-1,0,1,0,0,0,0,1,1,-1,9,2,41,7,1910,2,16,SAAB 9-3,5,-1,0,1
2024111473665,2024,111473665,2,9,0,-1,19,3,7,-1,0,8,0,0,0,0,1,1,-1,6,1,39,7,1910,2,14,SAAB 9-3,1,E01020909,0,1
2024411407514,2024,411407514,2,9,0,-1,19,8,4,-1,0,0,0,0,0,0,3,9,-1,9,1,50,8,2000,1,18,SAAB 9-3,9,E01023849,0,1
2024421490817,2024,421490817,2,9,0,-1,3,3,7,-1,0,0,0,0,0,0,3,1,-1,6,1,57,9,1998,1,21,SAAB 9-3,6,E01021875,0,1
2024332400602,2024,332400602,1,9,0,-1,10,1,7,-1,0,8,0,0,0,0,2,1,-1,2,2,54,8,1910,2,18,SAAB 9-3,7,E01025720,0,1
2024141520874,2024,141520874,4,9,0,-1,4,3,7,-1,0,0,0,0,0,0,2,1,-1,9,1,36,7,1910,2,14,SAAB 9-3,5,E01019803,0,2
2024501461949,2024,501461949,2,9,0,-1,19,4,8,-1,0,0,0,0,0,0,3,1,-1,9,1,70,10,2000,1,20,SAAB 9-3,7,E01019973,0,1
2024201414954,2024,201414954,1,9,0,-1,19,2,6,-1,0,0,0,0,0,0,1,9,-1,6,1,-1,-1,1910,2,17,SAAB 9-3,-1,-1,0,-1
2024311512026,2024,311512026,3,9,0,-1,19,3,7,-1,0,0,0,0,0,0,1,1,-1,6,1,67,10,1998,1,14,SAAB 9-3,6,E01013970,0,1
2024211435316,2024,211435316,1,9,0,-1,19,4,8,-1,9,2,0,0,7,0,3,1,-1,6,1,57,9,2000,1,16,SAAB 9-3,7,E01029863,0,2
2024401510013,2024,401510013,1,9,0,-1,19,6,2,-1,0,0,0,0,0,0,1,1,-1,6,1,69,10,1998,1,14,SAAB 9-3,7,E01017464,0,1
2024361407417,2024,361407417,2,9,0,-1,19,8,4,-1,9,1,0,0,7,0,1,9,-1,6,1,43,7,2000,1,18,SAAB 9-3,4,E01026523,0,1
2024122500038,2024,122500038,1,9,0,18,19,2,6,0,0,0,0,0,0,0,4,1,6,6,1,72,10,1910,2,15,SAAB 9-3,6,E01027873,0,1
2024010502642,2024,010502642,1,9,0,18,19,7,3,6,6,0,0,0,0,0,3,1,6,6,1,72,10,2000,1,17,SAAB 9-3,6,E01004646,0,1
2024010518252,2024,010518252,1,9,0,5,5,5,1,0,0,1,0,0,0,0,3,2,6,6,1,44,7,2000,1,20,SAAB 9-3,7,E01002577,0,1
2024010505511,2024,010505511,1,9,0,2,2,0,0,0,0,0,0,0,0,0,3,1,6,6,3,-1,-1,2000,1,18,SAAB 9-3,-1,-1,0,-1
2024320559897,2024,320559897,1,9,0,-1,-1,2,6,0,0,0,0,0,0,0,4,1,6,6,3,-1,-1,1985,1,24,SAAB 9-3,-1,-1,0,-1
2024010541076,2024,010541076,1,9,0,99,99,9,9,99,99,9,9,99,9,99,1,1,6,6,1,51,8,2000,1,16,SAAB 9-3,6,E01004357,0,1
2024440450915,2024,440450915,2,9,0,18,19,4,8,0,0,1,1,0,1,11,3,1,6,6,2,46,8,1990,1,21,SAAB 9-3,1,E01017281,0,1
2024351452435,2024,351452435,1,9,0,-1,5,7,3,-1,0,6,0,0,0,0,3,1,-1,6,1,80,11,1910,2,17,SAAB 9-3,8,E01018296,0,1
2024010539446,2024,010539446,3,9,0,-1,-1,5,1,0,0,0,0,0,0,0,1,1,6,6,1,67,10,1985,1,22,SAAB 9-3,4,E01000769,0,1
2024010522501,2024,010522501,3,9,0,2,2,0,0,0,0,0,0,0,0,0,1,1,6,6,3,-1,-1,2790,1,18,SAAB 9-3,-1,-1,0,-1
2024991526975,2024,991526975,1,9,0,-1,19,1,6,-1,0,5,0,0,0,0,4,1,-1,6,1,45,7,1998,1,14,SAAB 9-3,3,-1,0,1
2024501444937,2024,501444937,1,9,0,-1,19,3,7,-1,0,0,2,0,0,0,3,1,-1,6,1,44,7,1910,2,16,SAAB 9-3,4,E01015031,0,3
2024622400146,2024,622400146,2,9,0,3,3,4,8,0,0,1,0,0,0,0,2,1,6,6,1,50,8,1910,2,16,SAAB 9-3,4,W01000809,0,2
2024461521452,2024,461521452,2,3,0,-1,5,2,4,-1,0,0,1,0,0,0,2,1,-1,2,2,28,6,125,1,1,MAKE AND MODEL REDACTED,2,E01024585,0,1
2024451510658,2024,451510658,2,3,0,-1,19,3,7,-1,0,0,5,0,0,0,1,1,-1,9,1,19,4,125,1,3,MAKE AND MODEL REDACTED,10,E01030330,0,1
2024320463038,2024,320463038,2,9,0,-1,-1,4,2,0,0,0,0,0,0,0,1,1,-1,-1,1,65,9,1968,2,4,SKODA KODIAQ,7,E01013226,0,4
2024501396061,2024,501396061,1,9,0,-1,19,5,1,-1,0,0,5,0,1,10,1,1,-1,9,1,76,11,1984,1,4,SKODA KODIAQ,6,E01020329,0,1
2024231464925,2024,231464925,1,9,0,-1,19,4,8,-1,0,0,0,0,1,4,1,1,-1,9,2,69,10,1498,1,3,SKODA KODIAQ,4,E01009065,0,4
2024430407204,2024,430407204,4,9,0,4,4,4,8,0,0,0,0,0,0,0,3,1,6,6,1,-1,-1,1984,1,2,SKODA KODIAQ,-1,-1,0,-1
2024440517158,2024,440517158,1,9,0,18,19,1,5,0,0,8,1,0,0,0,1,1,6,6,1,36,7,1968,2,7,SKODA KODIAQ,8,E01022622,0,1
2024231523127,2024,231523127,2,9,0,-1,4,5,1,-1,0,8,0,0,0,0,3,1,-1,6,2,34,6,1498,1,3,SKODA KODIAQ,6,E01010177,0,3
2024061490665,2024,061490665,3,9,0,-1,19,2,6,-1,0,8,0,0,0,0,0,1,-1,8,1,28,6,1498,1,1,SKODA KODIAQ,1,E01034113,0,3
2024991442398,2024,991442398,2,9,0,-1,10,8,5,-1,0,1,0,0,0,0,2,1,-1,6,2,45,7,1968,2,5,SKODA KODIAQ,8,-1,0,1
2024361524413,2024,361524413,3,9,0,-1,5,1,5,-1,0,6,0,0,0,0,2,1,-1,9,2,35,6,1498,1,1,SKODA KODIAQ,1,E01026690,0,1
2024421441606,2024,421441606,1,9,0,-1,19,7,5,-1,0,8,0,0,0,0,3,1,-1,9,1,34,6,1968,2,7,SKODA KODIAQ,4,E01016003,0,4
2024991449087,2024,991449087,1,9,0,-1,19,3,7,-1,0,0,5,4,0,0,1,1,-1,9,2,43,7,1968,2,6,SKODA KODIAQ,8,-1,0,1
2024122400998,2024,122400998,1,9,0,5,5,4,8,0,0,8,0,0,0,0,1,1,6,6,1,60,9,1498,1,1,SKODA KODIAQ,10,E01013061,0,3
2024101428785,2024,101428785,2,9,0,-1,19,3,7,-1,0,0,0,0,0,0,1,1,-1,9,1,66,10,1498,1,1,SKODA KODIAQ,8,E01008799,0,1
2024122500166,2024,122500166,1,9,0,10,10,7,3,0,0,8,0,0,0,0,0,1,6,6,1,45,7,1498,1,3,SKODA KODIAQ,6,E01011396,0,4
2024451432731,2024,451432731,1,9,0,-1,19,5,1,-1,0,0,1,10,0,0,1,1,-1,9,1,40,7,1968,2,3,SKODA KODIAQ,5,E01002948,0,1
2024991395299,2024,991395299,1,9,0,-1,19,4,8,-1,0,0,0,0,0,0,4,1,-1,9,1,55,8,1395,1,7,SKODA KODIAQ,5,-1,0,1
2024471505135,2024,471505135,1,9,0,-1,9,7,3,-1,0,6,0,0,0,0,4,1,-1,9,2,49,8,1498,1,4,SKODA KODIAQ,8,E01031780,0,1
2024991412917,2024,991412917,2,9,0,-1,19,7,3,-1,0,0,0,0,0,0,0,1,-1,9,2,36,7,1498,1,1,SKODA KODIAQ,6,-1,0,4
2024010492993,2024,010492993,1,9,0,18,19,1,5,0,0,6,0,0,0,0,2,1,6,6,1,51,8,1984,1,7,SKODA KODIAQ,9,E01004191,0,1
2024302401705,2024,302401705,2,9,0,-1,2,0,0,-1,0,0,0,0,0,0,3,1,-1,6,3,-1,-1,1968,2,4,SKODA KODIAQ,-1,-1,0,-1
2024010510533,2024,010510533,1,9,0,9,9,7,5,0,0,7,0,0,0,0,1,1,6,6,2,37,7,1498,1,2,SKODA KODIAQ,9,E01002935,0,1
2024501447919,2024,501447919,2,9,0,-1,19,8,4,-1,0,0,0,0,0,0,3,1,-1,9,1,68,10,1968,2,6,SKODA KODIAQ,1,E01020103,0,1
2024052402464,2024,052402464,1,9,0,5,5,5,1,0,0,1,0,0,0,0,1,1,6,6,1,69,10,1498,1,0,SKODA KODIAQ,2,E01006479,0,1
2024221441013,2024,221441013,2,9,0,-1,19,6,2,-1,0,1,0,0,0,0,1,9,-1,6,2,60,9,1984,1,0,SKODA KODIAQ,3,E01032132,0,1
2024501470025,2024,501470025,2,8,0,-1,19,6,4,-1,0,8,0,0,0,0,1,1,-1,1,1,47,8,1968,2,5,SKODA KODIAQ,4,E01015247,0,1
2024461484214,2024,461484214,2,9,0,-1,9,1,7,-1,0,1,0,0,7,0,3,1,-1,1,2,52,8,1968,2,5,SKODA KODIAQ,7,E01024375,0,4
2024211411277,2024,211411277,1,9,0,-1,7,5,8,-1,0,0,0,0,0,0,4,1,-1,6,1,71,10,1984,1,5,SKODA KODIAQ,5,E01029399,0,2
2024430565070,2024,430565070,2,9,0,18,19,1,5,0,0,-1,1,0,3,4,1,1,1,1,2,28,6,1968,2,1,SKODA KODIAQ,10,E01027205,0,4
2024231407489,2024,231407489,2,9,0,-1,4,8,4,-1,0,1,0,0,0,0,2,1,-1,9,1,45,7,1968,2,5,SKODA KODIAQ,5,E01025646,0,4
2024010503958,2024,010503958,5,9,0,3,3,5,1,0,0,6,0,0,0,0,1,1,6,6,2,45,7,1498,1,0,SKODA KODIAQ,8,E01003677,0,1
2024461446992,2024,461446992,1,9,0,-1,7,4,3,-1,9,0,0,0,1,0,4,9,-1,6,1,68,10,1498,1,2,SKODA KODIAQ,5,E01000975,0,4
2024421464048,2024,421464048,3,9,0,-1,19,1,5,-1,0,0,0,0,0,0,2,1,-1,6,1,37,7,1984,1,1,SKODA KODIAQ,4,E01030816,0,4
2024471405700,2024,471405700,3,9,0,-1,8,7,1,-1,0,1,0,0,0,0,3,1,-1,9,1,36,7,1395,1,7,SKODA KODIAQ,6,E01035332,0,2
2024010538347,2024,010538347,2,9,0,18,19,1,5,0,0,2,0,0,0,0,2,1,2,2,2,55,8,1498,1,1,SKODA KODIAQ,2,E01001911,0,2
2024522402873,2024,522402873,1,9,0,9,9,2,1,0,0,6,0,0,0,0,2,1,6,6,1,57,9,1498,1,3,SKODA KODIAQ,5,E01032516,0,1
2024131482308,2024,131482308,2,9,0,-1,19,7,3,-1,0,0,0,0,0,0,2,1,-1,9,2,41,7,1395,1,7,SKODA KODIAQ,3,E01005437,0,4
2024010535558,2024,010535558,2,9,9,99,99,9,9,99,99,9,9,99,9,99,9,9,6,6,1,28,6,1395,1,6,SKODA KODIAQ,4,E01002050,0,1
2024622400128,2024,622400128,1,9,0,5,5,1,5,0,0,8,0,7,1,1,1,1,6,6,2,37,7,1498,1,3,SKODA KODIAQ,2,W01000762,0,1
2024546061824,2024,546061824,1,9,0,15,15,7,3,0,0,2,0,0,1,1,1,1,6,6,1,43,7,1968,2,6,SKODA KODIAQ,3,E01020096,0,5
2024010493711,2024,010493711,1,9,0,18,19,1,5,0,0,1,0,0,0,0,1,1,6,6,1,46,8,1968,2,4,SKODA KODIAQ,6,E01000541,0,1
2024430548825,2024,430548825,1,9,0,18,19,-1,-1,0,0,0,0,0,0,0,0,1,3,7,1,47,8,1498,1,0,SKODA KODIAQ,8,E01034452,0,1
2024501491871,2024,501491871,2,9,0,-1,2,0,0,-1,0,0,0,0,1,0,2,1,-1,1,1,37,7,1968,2,4,SKODA KODIAQ,4,E01020087,0,4
2024221523328,2024,221523328,2,9,0,-1,3,5,1,-1,0,1,0,0,0,0,2,1,-1,2,1,48,8,1968,2,2,SKODA KODIAQ,6,E01032200,0,1
2024430565172,2024,430565172,2,9,0,18,19,6,2,0,0,0,0,0,0,0,1,1,3,7,2,36,7,1498,1,2,SKODA KODIAQ,7,E01017652,0,1
2024131460955,2024,131460955,3,9,0,-1,19,1,5,-1,0,0,0,0,0,0,1,1,-1,2,1,40,7,1968,2,7,SKODA KODIAQ,10,E01013090,0,4
2024010528333,2024,010528333,1,9,0,9,9,3,1,0,0,2,0,0,0,0,1,1,6,6,1,27,6,1498,1,0,SKODA KODIAQ,1,E01001798,0,1
2024211497006,2024,211497006,2,9,0,-1,3,1,5,-1,0,0,0,0,0,0,2,1,-1,6,1,53,8,1968,2,5,SKODA KODIAQ,8,E01029650,0,1
2024991419048,2024,991419048,2,9,0,-1,4,7,3,-1,0,0,0,0,0,0,2,1,-1,9,1,62,9,1968,2,7,SKODA KODIAQ,10,-1,0,3
2024201425515,2024,201425515,3,9,0,-1,19,1,5,-1,0,0,0,0,0,0,1,9,-1,6,2,48,8,1968,2,1,SKODA KODIAQ,8,E01029688,0,4
2024991520802,2024,991520802,1,9,0,-1,2,0,0,-1,9,2,0,0,0,0,3,1,-1,9,1,57,9,1968,2,1,SKODA KODIAQ,4,-1,0,4
2024131422905,2024,131422905,1,9,0,-1,19,7,3,-1,0,3,0,0,0,0,1,1,-1,7,2,40,7,1968,2,7,SKODA KODIAQ,6,E01010920,0,1
2024430031840,2024,430031840,1,9,0,9,9,2,8,0,0,3,0,0,0,0,1,1,6,6,3,31,6,1498,1,3,SKODA KODIAQ,10,E01016316,0,2
2024461517341,2024,461517341,2,9,0,-1,19,8,4,-1,0,0,0,11,0,0,1,1,-1,9,2,37,7,1498,1,3,SKODA KODIAQ,7,E01024813,0,2
2024440236312,2024,440236312,2,9,0,9,9,5,2,0,0,6,0,0,0,0,3,1,6,6,1,63,9,1968,2,6,SKODA KODIAQ,3,E01034065,0,3
2024041395796,2024,041395796,1,9,0,-1,19,7,3,-1,0,6,0,0,0,0,1,1,-1,9,2,39,7,1968,2,5,SKODA KODIAQ,4,E01025190,0,1
2024010490958,2024,010490958,2,9,0,18,19,4,8,0,0,0,0,0,0,0,2,1,6,6,1,38,7,1395,1,7,SKODA KODIAQ,8,E01000237,0,1
2024471521695,2024,471521695,1,9,0,-1,19,2,7,-1,0,0,0,0,7,0,1,1,-1,2,1,53,8,1968,2,5,SKODA KODIAQ,10,E01031702,0,2
2024430609749,2024,430609749,2,9,0,2,2,0,0,0,0,0,0,0,0,0,3,1,6,6,3,-1,-1,1498,1,1,SKODA KODIAQ,-1,-1,0,-1
2024471412192,2024,471412192,2,9,0,-1,19,8,4,-1,0,1,0,0,7,3,1,1,-1,9,2,75,10,1968,2,4,SKODA KODIAQ,9,E01031623,0,1
2024141520869,2024,141520869,2,9,0,-1,9,1,4,-1,0,2,1,0,0,0,2,1,-1,9,2,37,7,1984,1,6,SKODA KODIAQ,1,E01007530,0,1
2024010527927,2024,010527927,2,9,0,9,9,3,1,0,0,5,0,0,0,0,3,1,2,2,1,36,7,1968,2,5,SKODA KODIAQ,2,E01004615,0,3
2024010517996,2024,010517996,2,9,0,99,99,9,9,99,99,9,9,99,9,99,9,9,6,6,1,44,7,1498,1,2,SKODA KODIAQ,8,E01003138,0,1
2024411427165,2024,411427165,2,9,0,-1,19,1,5,-1,0,0,0,0,0,0,4,1,-1,9,2,31,6,1395,1,6,SKODA KODIAQ,5,E01030674,0,4
2024031503179,2024,031503179,1,9,0,-1,19,8,3,-1,0,0,0,0,0,0,2,1,-1,9,1,77,11,1984,1,2,SKODA KODIAQ,9,E01019396,0,1
2024201485172,2024,201485172,1,9,0,-1,19,8,4,-1,0,8,0,0,0,0,1,1,-1,9,1,59,9,1968,2,4,SKODA KODIAQ,6,E01010011,0,2
202454C135724,2024,54C135724,1,9,0,18,19,2,6,0,0,1,0,0,0,0,1,1,2,2,2,25,5,1968,2,4,SKODA KODIAQ,-1,-1,0,-1
2024411453742,2024,411453742,2,9,0,-1,19,5,1,-1,0,0,0,0,0,0,2,1,-1,6,1,71,10,1498,1,1,SKODA KODIAQ,8,E01016805,0,4
2024031497889,2024,031497889,2,9,0,-1,3,7,3,-1,0,1,0,0,0,0,2,1,-1,6,3,38,7,1395,1,6,SKODA KODIAQ,-1,-1,0,-1
2024371472515,2024,371472515,3,9,0,-1,2,0,0,-1,0,4,0,0,0,0,2,1,-1,6,2,56,9,1968,2,7,SKODA KODIAQ,1,E01030256,0,1
2024221402618,2024,221402618,2,9,0,-1,4,5,1,-1,0,0,0,0,0,0,2,9,-1,6,1,46,8,1498,1,5,SKODA KODIAQ,8,E01014040,0,3
2024320072150,2024,320072150,2,9,0,2,2,0,0,0,0,2,0,0,0,0,3,1,6,6,3,-1,-1,1968,2,4,SKODA KODIAQ,-1,-1,0,-1
2024371532793,2024,371532793,1,9,0,-1,19,2,7,-1,0,0,0,0,0,0,3,1,-1,9,2,44,7,1984,1,4,SKODA KODIAQ,6,E01029876,0,1
2024161396662,2024,161396662,2,9,0,-1,19,3,7,-1,0,4,0,0,7,0,4,1,-1,9,2,43,7,1968,2,5,SKODA KODIAQ,6,E01013105,0,1
2024010512060,2024,010512060,1,9,0,3,3,3,7,0,0,5,0,0,0,0,1,1,6,6,1,57,9,1498,1,1,SKODA KODIAQ,5,E01004345,0,1
2024010496977,2024,010496977,2,8,0,99,99,9,9,99,99,9,9,99,9,99,1,9,6,6,3,-1,-1,1498,1,4,SKODA KODIAQ,6,E01004614,0,1
2024010551658,2024,010551658,1,9,0,2,2,0,0,0,0,8,0,0,0,0,2,1,6,6,3,-1,-1,1984,1,5,SKODA KODIAQ,-1,-1,0,-1
2024430420176,2024,430420176,1,9,0,16,19,6,2,0,0,1,0,0,0,0,1,1,6,6,2,39,7,1498,1,0,SKODA KODIAQ,10,E01028661,0,1
2024991454064,2024,991454064,2,9,0,-1,9,8,4,-1,0,5,0,0,0,0,3,1,-1,9,1,53,8,1984,1,6,SKODA KODIAQ,2,E01014464,0,5
2024201493431,2024,201493431,2,9,0,-1,2,0,0,-1,0,0,0,0,0,0,2,9,-1,6,2,45,7,1498,1,3,SKODA KODIAQ,5,E01009253,0,1
2024320084103,2024,320084103,2,9,0,-1,-1,2,6,0,0,8,0,0,0,0,1,1,-1,-1,2,42,7,1984,1,2,SKODA KODIAQ,6,E01026387,0,2
2024010528405,2024,010528405,1,9,0,99,99,9,9,99,99,0,9,99,9,99,2,9,6,6,1,33,6,1968,2,1,SKODA KODIAQ,7,E01002617,0,1
2024522402103,2024,522402103,1,9,0,18,19,3,7,0,0,8,0,0,0,0,1,1,6,6,1,29,6,1498,1,3,SKODA KODIAQ,5,E01014530,0,1
2024010512719,2024,010512719,1,9,0,99,99,9,9,99,99,9,9,99,9,99,2,9,6,6,2,35,6,1498,1,1,SKODA KODIAQ,2,E01002735,0,1
2024201484780,2024,201484780,2,9,0,-1,19,8,4,-1,0,0,0,0,0,0,4,9,-1,6,1,49,8,1968,2,6,SKODA KODIAQ,1,E01009326,0,1
2024440220219,2024,440220219,1,9,0,3,3,6,2,0,0,0,0,0,0,0,2,1,6,6,2,58,9,1498,1,4,SKODA KODIAQ,9,E01017293,0,3
2024471425324,2024,471425324,2,9,0,-1,19,7,3,-1,0,1,0,0,0,0,4,1,-1,6,2,29,6,1968,2,7,SKODA KODIAQ,7,E01020970,0,1
2024122400512,2024,122400512,1,9,0,18,19,8,4,0,0,0,0,0,0,0,1,1,6,6,2,34,6,1984,1,6,SKODA KODIAQ,9,E01013426,0,2
2024161461982,2024,161461982,1,9,0,-1,19,7,3,-1,0,0,0,0,4,6,3,1,-1,9,1,37,7,1968,2,5,SKODA KODIAQ,-1,-1,0,-1
2024131462810,2024,131462810,1,9,0,-1,5,7,3,-1,0,4,0,0,0,0,2,1,-1,9,2,40,7,1984,1,5,SKODA KODIAQ,4,E01011921,0,1
2024041397792,2024,041397792,1,9,0,-1,19,7,3,-1,0,0,0,0,0,0,3,1,-1,9,1,38,7,1968,2,6,SKODA KODIAQ,5,E01025013,0,2
2024320494126,2024,320494126,2,9,0,-1,-1,4,8,0,0,1,0,0,0,0,2,1,-1,-1,2,30,6,1968,2,2,SKODA KODIAQ,8,E01026394,0,2
2024320052323,2024,320052323,2,9,0,-1,-1,2,6,0,0,0,0,0,1,0,1,1,6,6,1,57,9,1968,2,7,SKODA KODIAQ,9,E01026269,0,3
2024991413428,2024,991413428,1,8,0,-1,6,8,7,-1,0,0,0,0,1,0,3,1,-1,1,1,26,6,1968,2,4,SKODA KODIAQ,-1,-1,0,-1
2024631467297,2024,631467297,3,9,0,-1,19,2,6,-1,0,1,0,0,1,10,1,1,-1,9,1,32,6,1498,1,0,SKODA KODIAQ,8,W01001897,0,1
2024340NN1682,2024,340NN1682,2,9,0,-1,19,5,1,-1,0,1,0,0,0,0,1,1,-1,9,2,39,7,1968,2,1,SKODA KODIAQ,7,E01027043,0,1
2024991430195,2024,991430195,3,9,0,-1,3,3,7,-1,0,1,0,0,0,0,3,1,-1,1,2,46,8,1968,2,2,SKODA KODIAQ,2,-1,0,2
2024501450225,2024,501450225,1,9,-1,-1,9,1,7,-1,0,6,0,0,0,0,1,9,-1,6,2,35,6,1498,1,5,SKODA KODIAQ,10,E01020167,0,4
2024440159884,2024,440159884,2,9,0,2,2,0,0,0,0,2,0,0,0,0,2,1,6,6,1,75,10,1984,1,6,SKODA KODIAQ,-1,-1,0,-1
2024991462380,2024,991462380,1,9,0,-1,19,5,1,-1,0,0,2,0,1,3,4,1,-1,9,1,64,9,1968,2,2,SKODA KODIAQ,5,E01008648,0,5
2024161503361,2024,161503361,1,9,0,-1,2,0,0,-1,0,0,0,0,0,0,4,9,-1,6,3,-1,-1,1968,2,0,SKODA KODIAQ,-1,-1,0,-1