collision_index,collision_year,collision_ref_no,vehicle_reference,vehicle_type,towing_and_articulation,vehicle_manoeuvre_historic,vehicle_manoeuvre,vehicle_direction_from,vehicle_direction_to,vehicle_location_restricted_lane_historic,vehicle_location_restricted_lane,junction_location,skidding_and_overturning,hit_object_in_carriageway,vehicle_leaving_carriageway,hit_object_off_carriageway,first_point_of_impact,vehicle_left_hand_drive,journey_purpose_of_driver_historic,journey_purpose_of_driver,sex_of_driver,age_of_driver,age_band_of_driver,engine_capacity_cc,propulsion_code,age_of_vehicle,generic_make_model,driver_imd_decile,lsoa_of_driver,escooter_flag,driver_distance_banding
2024320063451,2024,320063451,3,9,0,10,10,2,8,0,0,2,0,0,0,0,1,1,6,6,1,61,9,1396,1,12,KIA VENGA,5,E01034691,0,2
2024141529799,2024,141529799,1,9,0,-1,3,1,5,-1,0,4,0,0,0,0,2,1,-1,9,1,36,7,1396,1,12,KIA VENGA,1,E01007902,0,1
2024471467568,2024,471467568,1,9,0,-1,5,3,1,-1,-1,6,0,0,0,0,1,1,-1,9,1,77,11,1591,1,7,KIA VENGA,4,E01031386,0,1
2024991458798,2024,991458798,2,9,0,-1,9,5,1,-1,0,8,1,0,0,0,1,1,-1,9,2,88,11,1396,1,8,KIA VENGA,8,-1,0,4
2024552400278,2024,552400278,1,9,0,5,5,1,5,9,9,6,0,4,3,11,1,1,6,6,2,96,11,1591,1,7,KIA VENGA,6,E01020440,0,2
2024320708129,2024,320708129,3,9,0,2,2,0,0,0,0,2,0,0,0,0,2,1,6,6,3,-1,-1,1582,2,10,KIA VENGA,-1,-1,0,-1
2024161472453,2024,161472453,1,9,0,-1,19,7,3,-1,0,1,0,0,0,0,1,1,-1,2,1,41,7,1396,2,11,KIA VENGA,8,E01013104,0,1
2024440200370,2024,440200370,1,9,0,18,19,8,4,0,0,0,0,0,0,0,1,1,6,6,2,76,11,1396,1,9,KIA VENGA,8,E01022780,0,1
2024211521678,2024,211521678,2,9,0,-1,19,1,5,-1,0,0,0,0,0,0,1,1,-1,6,1,77,11,1591,1,5,KIA VENGA,-1,-1,0,-1
2024141445080,2024,141445080,2,9,0,-1,19,5,1,-1,0,1,0,0,0,0,1,1,-1,1,2,53,8,1396,2,13,KIA VENGA,5,E01019433,0,4
2024041484329,2024,041484329,1,9,0,-1,11,3,8,-1,-1,0,0,0,0,0,4,1,-1,9,1,76,11,1396,1,11,KIA VENGA,1,E01024909,0,1
2024991528378,2024,991528378,1,9,0,-1,4,1,5,-1,0,2,0,0,0,0,3,1,-1,2,2,53,8,1396,1,11,KIA VENGA,5,-1,0,1
2024401509409,2024,401509409,1,9,0,-1,19,2,6,-1,0,1,0,0,0,0,1,1,-1,1,1,58,9,1591,1,11,KIA VENGA,9,E01017590,0,1
2024991479054,2024,991479054,1,9,0,-1,1,1,5,-1,0,0,0,0,0,0,2,1,-1,9,1,57,9,1591,1,8,KIA VENGA,6,E01003946,0,5
2024440022005,2024,440022005,1,9,0,18,19,8,5,0,0,0,5,4,0,0,1,1,6,6,1,88,11,1396,1,11,KIA VENGA,7,E01017361,0,1
2024221528920,2024,221528920,2,9,0,-1,19,5,1,-1,0,8,1,10,7,0,3,1,-1,6,1,19,4,1396,1,13,KIA VENGA,5,E01035068,0,1
2024311537162,2024,311537162,2,9,0,-1,19,5,1,-1,0,0,0,0,0,0,1,1,-1,6,2,54,8,1396,1,12,KIA VENGA,-1,-1,0,-1
2024211531998,2024,211531998,1,9,0,-1,7,7,8,-1,9,1,0,10,3,2,3,1,-1,9,2,87,11,1396,1,14,KIA VENGA,2,E01014276,0,1
2024991451277,2024,991451277,1,9,0,-1,5,1,7,-1,0,4,0,0,0,0,1,1,-1,6,2,72,10,1591,1,12,KIA VENGA,-1,-1,0,-1
2024421502848,2024,421502848,2,9,0,-1,2,0,0,-1,0,0,0,0,0,0,2,1,-1,6,-1,-1,-1,1591,1,12,KIA VENGA,-1,-1,0,-1
2024201504051,2024,201504051,1,9,0,-1,19,4,8,-1,0,0,0,0,0,0,1,9,-1,6,3,30,6,1396,1,12,KIA VENGA,-1,-1,0,-1
2024122401271,2024,122401271,1,9,0,18,19,3,7,0,0,0,0,0,0,0,1,1,6,6,1,89,11,1591,1,7,KIA VENGA,6,E01027775,0,1
2024461531987,2024,461531987,1,9,0,-1,9,3,1,-1,0,6,0,0,0,0,3,1,-1,9,2,83,11,1591,1,9,KIA VENGA,6,E01024540,0,2
2024221488870,2024,221488870,1,9,0,-1,19,7,3,-1,0,2,0,0,0,0,1,1,-1,6,2,55,8,1396,1,8,KIA VENGA,3,E01032131,0,1
2024440087357,2024,440087357,1,9,0,16,19,8,3,0,0,1,0,10,0,0,4,1,6,6,2,74,10,1591,1,7,KIA VENGA,2,E01017116,0,1
2024520401542,2024,520401542,1,9,0,18,19,6,1,0,0,8,0,0,0,0,1,1,6,6,1,79,11,1591,1,6,KIA VENGA,8,E01029142,0,1
2024421399043,2024,421399043,2,9,0,-1,4,1,5,-1,0,1,0,10,1,0,2,9,-1,2,1,35,6,1396,1,13,KIA VENGA,5,E01021732,0,2
2024010511031,2024,010511031,1,9,0,99,99,9,9,99,99,9,9,99,9,99,3,1,2,2,2,63,9,1591,1,11,KIA VENGA,2,E01000018,0,1
2024421521271,2024,421521271,2,9,0,-1,9,2,6,-1,0,0,0,99,0,0,4,1,-1,6,2,44,7,1396,1,11,KIA VENGA,5,E01021854,0,1
2024052401447,2024,052401447,2,9,0,2,2,0,0,0,0,0,0,0,0,0,2,1,6,6,3,-1,-1,1396,2,13,KIA VENGA,-1,-1,0,-1
2024131403502,2024,131403502,1,9,0,-1,10,7,3,-1,0,1,0,0,0,0,2,1,-1,9,1,19,4,1591,1,12,KIA VENGA,-1,-1,0,-1
202417S202224,2024,17S202224,1,9,0,10,10,8,4,0,0,1,0,0,0,0,2,1,6,6,2,30,6,1396,2,13,KIA VENGA,4,E01033467,0,3
2024471495558,2024,471495558,3,9,0,-1,19,3,7,-1,0,0,0,0,0,0,0,1,-1,6,1,53,8,1591,1,8,KIA VENGA,6,E01031712,0,2
2024501470035,2024,501470035,2,9,0,-1,2,0,0,-1,0,0,0,0,0,0,4,1,-1,6,-1,-1,-1,1582,2,7,KIA VENGA,-1,-1,0,-1
2024351463874,2024,351463874,1,9,0,-1,19,3,7,-1,0,8,0,0,0,0,-1,1,-1,6,2,71,10,1396,1,8,KIA VENGA,10,E01018282,0,2
2024991528689,2024,991528689,3,9,0,-1,19,2,6,-1,0,1,0,0,0,0,2,1,-1,1,2,34,6,1396,2,10,KIA VENGA,8,-1,0,3
2024522401408,2024,522401408,1,9,0,3,3,4,8,0,0,2,0,0,0,0,2,1,6,6,2,61,9,1591,1,7,KIA VENGA,2,E01014526,0,1
202460Q126940,2024,60Q126940,1,9,0,8,8,5,7,0,0,1,0,0,0,0,1,1,6,6,1,78,11,1591,1,10,KIA VENGA,-1,-1,0,-1
2024411399078,2024,411399078,1,9,0,-1,19,5,1,-1,0,0,2,11,1,10,1,9,-1,9,2,50,8,1591,1,6,KIA VENGA,10,E01023489,0,4
2024010550900,2024,010550900,2,9,0,99,99,9,9,99,99,9,9,99,9,99,2,9,6,6,3,-1,-1,1591,1,7,KIA VENGA,-1,-1,0,-1
2024631453409,2024,631453409,1,9,0,-1,19,1,5,-1,0,8,0,0,3,11,1,1,-1,9,2,87,11,1591,1,5,KIA VENGA,5,W01000566,0,1
2024320010360,2024,320010360,1,9,0,18,19,2,6,0,0,0,0,0,0,0,4,1,6,6,1,69,10,1591,1,11,KIA VENGA,8,E01032991,0,1
2024440331227,2024,440331227,2,9,0,18,19,3,7,0,0,0,0,0,0,0,1,1,6,6,2,28,6,1591,1,9,KIA VENGA,8,E01022952,0,2
2024010523672,2024,010523672,1,9,0,9,9,5,4,0,0,4,0,0,0,0,1,1,2,2,1,63,9,1591,1,8,KIA VENGA,4,E01001216,0,1
2024430614837,2024,430614837,1,9,0,18,19,1,5,0,0,0,0,0,0,0,4,1,6,6,2,79,11,1396,1,12,KIA VENGA,8,E01017766,0,2
2024471472161,2024,471472161,1,9,0,-1,19,6,2,-1,0,1,0,0,0,0,1,1,-1,6,3,-1,-1,1396,1,13,KIA VENGA,-1,-1,0,-1
202454B670724,2024,54B670724,2,9,0,18,19,6,2,0,0,0,0,0,0,0,1,1,2,2,2,61,9,1591,1,10,KIA VENGA,8,E01034524,0,3
2024122401025,2024,122401025,1,9,0,7,7,5,7,0,0,1,0,0,0,0,3,1,6,6,1,68,10,1591,1,8,KIA VENGA,10,E01013402,0,1
2024131520058,2024,131520058,2,9,0,-1,5,6,2,-1,0,4,0,0,0,0,1,1,-1,9,2,82,11,1582,2,7,KIA VENGA,7,E01011603,0,1
2024552400633,2024,552400633,2,9,0,18,19,8,4,0,0,0,0,0,0,0,1,1,6,6,2,82,11,1591,1,12,KIA VENGA,9,E01032035,0,2
2024371423097,2024,371423097,2,9,0,-1,19,5,8,-1,0,0,0,0,0,0,4,1,-1,9,2,76,11,1591,1,13,KIA VENGA,8,E01029885,0,2
2024340NN1432,2024,340NN1432,2,9,0,-1,19,4,8,-1,0,1,5,0,0,0,1,1,-1,2,2,56,9,1582,2,9,KIA VENGA,2,E01026963,0,1
2024201475878,2024,201475878,1,9,0,-1,5,5,3,-1,0,4,0,10,1,1,3,1,-1,6,2,29,6,1591,1,11,KIA VENGA,1,E01008907,0,1
2024320645997,2024,320645997,1,9,0,-1,-1,3,7,0,0,0,0,0,0,0,1,1,6,6,2,52,8,1396,1,7,KIA VENGA,8,E01026202,0,3
2024010511814,2024,010511814,2,9,0,99,99,9,9,99,99,9,9,99,9,99,9,9,6,6,2,-1,-1,1396,1,14,KIA VENGA,4,E01004752,0,1
2024101446546,2024,101446546,1,9,-1,-1,19,7,3,-1,0,4,0,0,0,0,1,9,-1,6,3,-1,-1,1396,2,14,KIA VENGA,-1,-1,0,-1
202460Q054534,2024,60Q054534,2,9,0,18,19,2,5,0,0,0,0,0,0,0,1,1,6,6,1,20,4,1591,1,7,KIA VENGA,-1,-1,0,-1
2024991468289,2024,991468289,1,9,0,-1,19,7,3,-1,0,0,1,0,7,0,1,1,-1,2,2,43,7,1396,1,11,KIA VENGA,6,-1,0,2
2024052401718,2024,052401718,2,9,0,18,19,1,5,0,0,8,0,0,0,0,1,1,2,2,2,68,10,1582,2,5,KIA VENGA,3,E01006925,0,1
2024311445485,2024,311445485,1,9,0,-1,20,3,7,-1,0,0,0,0,0,0,1,9,-1,6,2,52,8,1591,1,10,KIA VENGA,-1,-1,0,-1
2024010544772,2024,010544772,3,9,0,18,19,7,3,1,1,1,0,0,0,0,3,1,6,6,2,68,10,1591,1,11,KIA VENGA,6,E01001471,0,1
2024501406715,2024,501406715,1,9,0,-1,19,6,3,-1,0,4,0,0,0,0,3,1,-1,2,2,36,7,1591,1,9,KIA VENGA,4,E01018944,0,1
2024471484667,2024,471484667,1,9,0,-1,9,7,5,-1,0,8,0,0,0,0,1,1,-1,9,1,78,11,1591,1,8,KIA VENGA,3,E01031459,0,2
2024501398241,2024,501398241,2,9,0,-1,4,4,3,-1,0,1,0,0,0,0,4,9,-1,9,2,47,8,1396,2,9,KIA VENGA,10,E01020004,0,3
2024543015824,2024,543015824,2,9,0,18,19,4,8,0,0,1,0,0,0,0,1,1,6,6,2,73,10,1591,1,6,KIA VENGA,2,E01032064,0,1
2024061507200,2024,061507200,1,9,0,-1,19,6,2,-1,0,0,0,0,0,0,1,9,-1,6,1,84,11,1591,1,9,KIA VENGA,5,E01006055,0,1
2024471447185,2024,471447185,1,9,0,-1,19,8,4,-1,0,1,0,0,0,0,1,1,-1,2,2,58,9,1591,1,9,KIA VENGA,10,E01031774,0,3
2024991402253,2024,991402253,1,9,0,-1,11,2,7,-1,0,8,2,0,1,0,1,1,-1,9,2,67,10,1591,1,5,KIA VENGA,6,-1,0,4
2024471494864,2024,471494864,1,9,0,-1,19,7,3,-1,0,0,2,0,1,3,2,1,-1,2,2,49,8,1591,1,14,KIA VENGA,4,E01024831,0,2
2024010548320,2024,010548320,1,9,0,5,5,1,5,0,0,6,0,0,0,0,1,1,6,6,1,61,9,1591,1,13,KIA VENGA,3,E01001637,0,1
2024131525099,2024,131525099,1,9,0,-1,9,3,1,-1,0,8,0,0,0,0,1,1,-1,9,1,40,7,1396,2,13,KIA VENGA,2,E01011157,0,1
2024411461186,2024,411461186,2,9,-1,-1,19,-1,-1,-1,0,0,0,-1,-1,0,1,1,-1,2,2,45,7,1582,2,12,KIA VENGA,7,E01023623,0,1
2024471461214,2024,471461214,1,9,0,-1,10,5,7,-1,0,8,0,0,0,0,2,1,-1,7,2,40,7,1591,1,9,KIA VENGA,8,E01031812,0,1
2024311406968,2024,311406968,1,9,0,-1,19,7,3,-1,0,0,0,0,0,0,1,1,-1,9,1,67,10,1591,1,13,KIA VENGA,5,E01028250,0,1
2024440255105,2024,440255105,1,3,0,4,4,5,1,0,0,0,1,0,0,0,0,1,2,2,1,18,4,125,1,6,MAKE AND MODEL REDACTED,9,E01030795,0,2
2024141446770,2024,141446770,1,3,0,-1,9,5,3,-1,0,4,0,0,0,0,1,1,-1,2,1,37,7,125,1,7,MAKE AND MODEL REDACTED,1,E01007500,0,2
2024520401211,2024,520401211,1,4,0,18,19,5,1,0,0,0,0,4,0,0,1,1,6,6,2,17,4,125,1,8,KTM RC 125,10,E01029128,0,1
2024501474930,2024,501474930,1,3,0,-1,15,3,7,-1,0,0,0,0,0,0,1,1,-1,9,1,17,4,125,1,8,KTM RC 125,2,E01019053,0,2
202454C036224,2024,54C036224,1,3,0,4,4,5,1,0,0,0,0,0,0,0,1,1,6,6,1,18,4,125,1,8,KTM RC 125,9,E01015586,0,2
2024421497729,2024,421497729,2,3,0,-1,19,7,3,-1,0,0,0,0,0,0,1,1,-1,6,1,19,4,125,1,7,KTM RC 125,6,E01021595,0,2
2024052401667,2024,052401667,2,3,0,18,19,3,7,0,0,8,1,0,1,0,1,1,6,6,1,30,6,125,1,1,KTM RC 125,1,E01006637,0,1
2024332400711,2024,332400711,1,3,0,-1,13,4,8,-1,0,8,1,0,0,0,4,1,-1,6,1,28,6,125,1,8,KTM RC 125,9,E01025640,0,1
2024371414456,2024,371414456,2,3,0,-1,19,1,5,-1,0,8,0,0,0,0,3,1,-1,9,1,20,4,125,1,1,KTM RC 125,5,E01033127,0,1
2024471508137,2024,471508137,2,3,0,-1,14,8,4,-1,0,0,1,0,0,0,4,1,-1,6,1,47,8,125,1,1,KTM RC 125,5,E01021100,0,4
2024440553270,2024,440553270,1,3,0,7,7,5,1,0,0,4,0,0,0,0,2,1,6,6,1,17,4,125,1,4,KTM RC 125,6,E01022701,0,3
2024622400343,2024,622400343,1,3,0,17,19,2,6,0,0,0,1,10,1,0,1,1,2,2,1,37,7,125,1,5,KTM RC 125,3,W01000978,0,1
202460Q032729,2024,60Q032729,1,4,0,7,7,2,4,0,0,2,0,0,0,0,1,1,6,6,2,21,5,125,1,8,KTM RC 125,-1,-1,0,-1
2024991512390,2024,991512390,2,3,0,-1,19,1,5,-1,0,0,0,0,0,0,4,1,-1,9,1,23,5,125,1,1,KTM RC 125,9,-1,0,2
2024401517691,2024,401517691,1,4,0,-1,7,3,7,-1,0,5,5,0,0,0,1,1,-1,6,1,45,7,125,1,0,KTM RC 125,4,E01017538,0,1
2024052402258,2024,052402258,2,3,0,18,19,5,1,0,0,8,0,0,0,0,4,1,6,6,1,31,6,125,1,1,KTM RC 125,1,E01006637,0,2
2024501451315,2024,501451315,1,4,0,-1,19,4,8,-1,0,0,0,0,1,9,1,1,-1,7,1,17,4,125,1,0,KTM RC 125,5,E01020332,0,2
2024631403603,2024,631403603,1,3,0,-1,19,4,8,-1,0,0,1,0,1,4,4,1,-1,9,1,17,4,125,1,1,KTM RC 125,7,E01028988,0,4
2024361505327,2024,361505327,1,3,0,-1,19,8,4,-1,0,0,0,0,0,0,1,1,-1,6,1,18,4,125,1,8,KTM RC 125,6,E01026605,0,2
2024461470567,2024,461470567,1,3,0,-1,-1,-1,-1,-1,-1,0,5,-1,-1,0,-1,1,-1,6,1,-1,-1,125,1,6,KTM RC 125,8,E01032816,0,1
2024302400227,2024,302400227,1,4,0,17,19,6,4,0,0,8,0,0,7,1,1,1,2,2,1,28,6,125,1,6,KTM RC 125,3,E01019492,0,2
2024991492467,2024,991492467,1,3,0,-1,13,2,6,-1,0,0,0,0,7,11,4,1,-1,2,1,17,4,125,1,0,KTM RC 125,9,-1,0,1
2024991474528,2024,991474528,2,3,0,-1,19,8,4,-1,0,1,0,0,0,0,1,1,-1,9,1,21,5,125,1,9,KTM RC 125,1,-1,0,2
202454E247624,2024,54E247624,1,3,0,18,19,4,8,0,0,1,0,0,0,0,1,1,2,2,1,23,5,125,1,1,KTM RC 125,9,E01031858,0,1
2024552401248,2024,552401248,2,4,0,14,14,2,6,0,0,8,0,0,0,0,1,1,6,6,1,32,6,125,1,6,KTM RC 125,3,E01023018,0,4
2024111515024,2024,111515024,1,4,0,-1,13,5,1,-1,0,0,0,0,1,0,1,1,-1,9,1,20,4,125,1,4,KTM RC 125,5,E01020864,0,1
2024531469458,2024,531469458,2,3,0,-1,13,5,1,-1,0,8,0,0,7,11,4,1,-1,6,1,36,7,125,1,0,KTM RC 125,4,E01022325,0,2
2024461513751,2024,461513751,2,4,0,-1,4,1,5,-1,0,1,0,0,0,0,3,1,-1,7,1,17,4,125,1,0,KTM RC 125,3,E01032830,0,1
2024520403218,2024,520403218,1,3,0,14,14,6,2,0,0,8,0,0,0,0,1,1,6,6,1,61,9,125,1,1,KTM RC 125,10,E01014424,0,1
2024101458193,2024,101458193,3,3,0,-1,19,7,3,-1,0,0,0,0,0,0,3,1,-1,9,1,18,4,125,1,0,KTM RC 125,3,E01008567,0,4
2024311453908,2024,311453908,2,4,0,-1,5,4,2,-1,0,0,0,0,0,0,1,1,-1,6,1,21,5,125,1,1,KTM RC 125,10,E01028084,0,1
2024361442603,2024,361442603,1,3,0,-1,19,3,3,-1,0,1,0,0,0,0,1,1,-1,2,1,17,4,125,1,8,KTM RC 125,6,E01026565,0,1
2024052400548,2024,052400548,2,4,0,18,19,7,3,0,0,0,0,0,0,0,3,1,6,6,1,17,4,125,1,0,KTM RC 125,5,E01006804,0,1
2024320612162,2024,320612162,1,3,0,13,13,4,8,0,0,8,2,0,1,10,1,1,6,6,1,19,4,125,1,9,KTM RC 125,9,E01013172,0,2
2024552400849,2024,552400849,2,3,0,4,4,8,4,0,0,8,0,0,0,0,1,1,2,2,1,17,4,125,1,5,KTM RC 125,3,E01015306,0,1
2024430570944,2024,430570944,2,3,0,18,19,3,7,0,0,8,0,0,0,0,1,1,6,6,1,18,4,125,1,6,KTM RC 125,8,E01028806,0,1
2024371401177,2024,371401177,1,3,0,-1,19,4,8,-1,0,1,1,10,0,0,1,1,-1,9,1,17,4,125,1,1,KTM RC 125,2,E01030168,0,1
2024070072239,2024,070072239,1,3,0,18,19,1,5,0,0,0,0,0,0,0,0,1,6,6,2,18,4,125,1,6,KTM RC 125,10,E01018643,0,1
2024361526289,2024,361526289,2,3,0,-1,19,5,5,-1,0,0,0,0,0,0,1,1,-1,6,1,19,4,125,1,7,KTM RC 125,3,E01026792,0,1
2024548529624,2024,548529624,1,3,0,9,9,0,4,0,0,6,0,0,0,0,3,1,6,6,1,27,6,125,1,0,KTM RC 125,5,E01032065,0,1
2024501461083,2024,501461083,2,3,0,-1,19,1,5,-1,0,2,0,0,0,0,2,1,-1,6,1,32,6,125,1,5,KTM RC 125,1,E01018910,0,1
2024471417663,2024,471417663,1,9,0,-1,9,5,3,-1,0,1,0,0,0,0,4,1,-1,9,2,39,7,1999,2,7,LAND ROVER DISCOVERY,6,E01031506,0,2
2024061412336,2024,061412336,1,9,-1,-1,-1,-1,-1,-1,-1,0,-1,-1,-1,0,-1,9,-1,6,3,-1,-1,2993,2,12,LAND ROVER DISCOVERY,-1,-1,0,-1
2024131508875,2024,131508875,1,9,0,-1,19,2,6,-1,0,8,5,0,0,0,1,1,-1,6,1,44,7,2495,2,21,LAND ROVER DISCOVERY,1,E01008122,0,4
2024221439936,2024,221439936,1,9,0,-1,5,6,2,-1,0,6,0,0,0,0,4,1,-1,2,2,50,8,2720,2,16,LAND ROVER DISCOVERY,7,W01001548,0,2
2024991440995,2024,991440995,1,9,0,-1,19,3,7,-1,0,0,0,0,0,0,1,1,-1,9,1,28,6,1999,2,9,LAND ROVER DISCOVERY,6,-1,0,1
2024201497933,2024,201497933,1,9,0,-1,19,5,1,-1,0,0,0,0,0,0,1,1,-1,6,3,-1,-1,2993,2,6,LAND ROVER DISCOVERY,-1,-1,0,-1
2024221533281,2024,221533281,1,9,0,-1,19,4,8,-1,0,8,0,0,0,0,1,1,-1,9,2,38,7,2720,2,19,LAND ROVER DISCOVERY,2,E01032368,0,2
2024041559504,2024,041559504,1,9,0,-1,11,5,1,-1,0,0,0,0,0,0,4,1,-1,2,1,32,6,2997,2,2,LAND ROVER DISCOVERY,8,E01024923,0,3
2024430165166,2024,430165166,1,9,0,18,19,5,1,0,0,3,0,0,0,0,1,1,6,6,1,55,8,2720,2,18,LAND ROVER DISCOVERY,-1,-1,0,-1
2024161498389,2024,161498389,2,9,0,-1,19,8,4,-1,0,1,0,0,0,0,1,1,-1,9,1,28,6,2720,2,19,LAND ROVER DISCOVERY,1,E01012834,0,1
2024010536903,2024,010536903,4,9,0,18,19,1,5,0,0,0,0,0,0,0,2,1,6,6,1,23,5,1999,2,5,LAND ROVER DISCOVERY,7,E01000157,0,2
2024520401915,2024,520401915,1,9,0,18,19,8,2,0,0,7,0,0,0,0,1,1,6,6,2,36,7,1999,2,3,LAND ROVER DISCOVERY,8,E01029203,0,1
2024440231362,2024,440231362,1,9,0,18,19,4,8,0,0,0,0,0,0,0,1,1,6,6,1,27,6,1999,2,7,LAND ROVER DISCOVERY,8,E01016341,0,4
2024501454899,2024,501454899,3,9,0,-1,4,3,7,-1,0,0,0,2,0,0,2,1,-1,9,1,58,9,1999,2,9,LAND ROVER DISCOVERY,7,E01017351,0,5
2024471413736,2024,471413736,1,9,0,-1,3,1,5,-1,0,1,0,0,0,0,2,1,-1,9,1,35,6,1999,2,8,LAND ROVER DISCOVERY,6,E01020956,0,1
2024461525516,2024,461525516,1,9,0,-1,19,2,8,-1,9,6,1,0,1,0,1,1,-1,1,1,37,7,2720,2,19,LAND ROVER DISCOVERY,9,E01024376,0,1
2024201485084,2024,201485084,1,9,0,-1,19,7,3,-1,0,1,0,0,0,0,1,1,-1,6,1,62,9,2993,2,12,LAND ROVER DISCOVERY,4,E01010006,0,1
2024320323199,2024,320323199,3,9,0,-1,-1,2,6,0,0,0,0,0,0,0,3,1,-1,-1,1,63,9,1999,2,7,LAND ROVER DISCOVERY,9,E01023016,0,5
2024991556996,2024,991556996,1,9,0,-1,9,1,7,-1,9,2,1,11,1,2,1,1,-1,6,1,27,6,2993,2,14,LAND ROVER DISCOVERY,2,-1,0,1
2024501472751,2024,501472751,2,9,0,-1,19,4,8,-1,0,0,0,0,0,0,1,1,-1,9,2,56,9,2720,2,20,LAND ROVER DISCOVERY,7,E01029312,0,4
2024552400548,2024,552400548,2,9,0,2,2,0,0,0,0,0,0,0,0,0,3,1,6,6,3,-1,-1,1999,2,7,LAND ROVER DISCOVERY,-1,-1,0,-1
2024211502812,2024,211502812,1,9,0,-1,3,5,1,-1,0,1,0,0,0,0,2,1,-1,9,2,31,6,1999,2,8,LAND ROVER DISCOVERY,7,E01029476,0,1
2024430439752,2024,430439752,1,9,0,12,12,5,1,0,0,6,0,0,0,0,3,1,6,6,1,18,4,1999,2,6,LAND ROVER DISCOVERY,10,E01017774,0,3
2024302401663,2024,302401663,1,9,0,18,19,6,2,0,0,1,0,0,0,0,1,1,6,6,2,58,9,2495,2,23,LAND ROVER DISCOVERY,8,E01019755,0,1
2024451485779,2024,451485779,2,9,0,-1,19,5,1,-1,0,1,0,0,0,0,1,1,-1,9,2,50,8,1999,2,8,LAND ROVER DISCOVERY,8,E01030622,0,1
2024141501080,2024,141501080,1,9,0,-1,19,5,1,-1,0,0,0,0,0,0,4,1,-1,7,1,32,6,2495,2,20,LAND ROVER DISCOVERY,2,E01007349,0,3
2024061400431,2024,061400431,2,9,0,-1,3,2,6,-1,0,5,0,0,0,0,2,1,-1,9,1,34,6,2993,2,4,LAND ROVER DISCOVERY,-1,-1,0,-1
2024052402590,2024,052402590,1,9,0,7,7,5,1,0,0,8,0,0,6,4,1,1,6,6,3,-1,-1,1999,2,7,LAND ROVER DISCOVERY,-1,-1,0,-1
202417S400524,2024,17S400524,2,9,0,3,3,5,1,0,0,0,0,0,0,0,2,1,2,2,2,40,7,1999,2,7,LAND ROVER DISCOVERY,10,E01012298,0,1
2024421489543,2024,421489543,2,9,0,-1,19,6,3,-1,0,0,0,0,0,0,4,1,-1,6,1,66,10,2720,2,20,LAND ROVER DISCOVERY,10,E01021284,0,2
2024421503574,2024,421503574,2,9,0,-1,19,1,3,-1,0,1,0,0,0,0,1,1,-1,6,2,53,8,1999,2,5,LAND ROVER DISCOVERY,7,E01021695,0,1
2024520402892,2024,520402892,1,9,0,9,9,5,3,0,0,8,0,0,0,0,3,1,6,6,2,50,8,2993,2,14,LAND ROVER DISCOVERY,9,E01029022,0,1
2024451521895,2024,451521895,1,9,0,-1,19,5,1,-1,0,0,0,0,7,11,1,1,-1,6,1,29,6,2993,2,4,LAND ROVER DISCOVERY,9,E01030782,0,2
2024451524421,2024,451524421,2,9,0,-1,9,-1,-1,-1,-1,7,0,0,0,0,1,1,-1,6,2,-1,-1,2997,2,3,LAND ROVER DISCOVERY,9,E01031001,0,1
2024991462819,2024,991462819,1,9,0,-1,19,5,1,-1,0,1,0,0,0,0,4,1,-1,1,1,54,8,2993,2,14,LAND ROVER DISCOVERY,4,-1,0,5
2024991493221,2024,991493221,1,9,0,-1,19,1,5,-1,0,0,0,0,0,0,1,1,-1,9,1,49,8,1999,2,7,LAND ROVER DISCOVERY,-1,-1,0,-1
2024547619024,2024,547619024,2,9,0,4,4,6,2,0,0,1,0,0,0,0,2,1,6,6,1,63,9,1498,8,2,LAND ROVER DISCOVERY,6,E01015489,0,1
2024010505660,2024,010505660,2,9,0,99,99,9,9,99,99,9,9,99,9,99,9,9,6,6,3,57,9,2997,2,3,LAND ROVER DISCOVERY,6,E01003149,0,1
2024552401190,2024,552401190,1,9,0,18,19,3,7,0,0,8,0,0,0,0,1,1,6,6,2,52,8,1999,2,8,LAND ROVER DISCOVERY,5,E01020462,0,1
202454A841824,2024,54A841824,1,9,0,18,19,7,3,0,0,1,0,0,0,0,1,1,6,6,1,30,6,2495,2,23,LAND ROVER DISCOVERY,-1,-1,0,-1
2024070331136,2024,070331136,1,9,0,18,19,3,7,0,0,0,0,0,7,4,1,1,1,1,1,58,9,2720,2,19,LAND ROVER DISCOVERY,3,E01018746,0,1
2024991467737,2024,991467737,3,9,0,-1,19,7,3,-1,0,2,0,0,0,0,1,1,-1,9,1,61,9,1999,2,7,LAND ROVER DISCOVERY,5,-1,0,3
2024501474753,2024,501474753,1,9,0,-1,19,3,7,-1,0,0,5,0,0,0,1,1,-1,9,2,70,10,3947,1,28,LAND ROVER DISCOVERY,7,E01034937,0,5