collision_index,collision_year,collision_ref_no,vehicle_reference,vehicle_type,towing_and_articulation,vehicle_manoeuvre_historic,vehicle_manoeuvre,vehicle_direction_from,vehicle_direction_to,vehicle_location_restricted_lane_historic,vehicle_location_restricted_lane,junction_location,skidding_and_overturning,hit_object_in_carriageway,vehicle_leaving_carriageway,hit_object_off_carriageway,first_point_of_impact,vehicle_left_hand_drive,journey_purpose_of_driver_historic,journey_purpose_of_driver,sex_of_driver,age_of_driver,age_band_of_driver,engine_capacity_cc,propulsion_code,age_of_vehicle,generic_make_model,driver_imd_decile,lsoa_of_driver,escooter_flag,driver_distance_banding
2024471454164,2024,471454164,3,9,0,-1,19,2,4,-1,0,1,0,0,0,0,1,1,-1,6,1,51,8,1999,2,8,LAND ROVER DISCOVERY,7,E01031527,0,1
2024471483499,2024,471483499,1,9,0,-1,10,3,1,-1,0,1,0,0,0,0,3,1,-1,6,1,54,8,2993,2,13,LAND ROVER DISCOVERY,10,E01031615,0,4
2024471396149,2024,471396149,1,9,0,-1,19,6,2,-1,0,0,0,0,0,0,1,1,-1,9,1,46,8,1999,2,6,LAND ROVER DISCOVERY,6,E01034824,0,1
2024311497364,2024,311497364,1,9,0,-1,19,1,1,-1,0,1,0,0,0,0,1,1,-1,6,1,58,9,1999,2,5,LAND ROVER DISCOVERY,2,E01013907,0,1
2024361432102,2024,361432102,2,9,0,-1,4,2,6,-1,0,1,0,0,0,0,2,1,-1,6,2,44,7,1999,2,9,LAND ROVER DISCOVERY,8,E01026671,0,3
2024131483601,2024,131483601,1,9,0,-1,19,3,7,-1,9,2,0,0,3,2,1,1,-1,6,1,53,8,2993,2,13,LAND ROVER DISCOVERY,4,E01010893,0,1
2024520403399,2024,520403399,1,9,0,18,19,8,4,0,0,0,0,0,0,0,4,1,6,6,3,-1,-1,2993,2,12,LAND ROVER DISCOVERY,-1,-1,0,-1
2024332400259,2024,332400259,1,9,0,-1,19,8,4,-1,0,8,0,0,0,0,1,1,-1,6,1,75,10,1999,2,4,LAND ROVER DISCOVERY,10,E01025661,0,1
2024440084370,2024,440084370,2,9,0,18,19,2,6,0,0,0,0,0,0,0,1,1,6,6,2,42,7,1997,1,6,LAND ROVER DISCOVERY,7,E01023168,0,1
2024010525108,2024,010525108,2,9,0,18,19,3,7,0,0,8,0,0,0,0,2,1,6,6,2,52,8,1999,2,8,LAND ROVER DISCOVERY,4,E01003568,0,1
2024070620020,2024,070620020,2,9,0,18,19,3,1,0,0,8,0,0,0,0,3,1,2,2,2,56,9,1999,2,6,LAND ROVER DISCOVERY,1,E01006207,0,2
2024451520994,2024,451520994,2,9,0,-1,19,3,5,-1,0,0,0,0,0,0,1,1,-1,6,2,47,8,1997,1,5,LAND ROVER DISCOVERY,10,E01023523,0,4
2024461466259,2024,461466259,2,9,0,-1,19,-1,-1,-1,0,0,0,0,0,0,1,9,-1,6,2,39,7,1999,2,8,LAND ROVER DISCOVERY,3,E01032810,0,1
2024471504070,2024,471504070,1,9,0,-1,7,1,4,-1,0,6,0,0,1,0,1,1,-1,6,2,43,7,1999,2,5,LAND ROVER DISCOVERY,7,E01021094,0,2
2024231417048,2024,231417048,1,9,0,-1,13,6,2,-1,0,8,5,0,7,0,4,1,-1,1,1,30,6,1998,2,1,LAND ROVER DISCOVERY,3,E01031174,0,3
2024131433504,2024,131433504,1,9,0,-1,19,5,1,-1,0,1,0,0,0,0,1,1,-1,9,1,61,9,2993,2,13,LAND ROVER DISCOVERY,7,E01011512,0,1
2024010515758,2024,010515758,1,9,0,5,5,7,3,0,0,1,0,0,0,0,1,1,3,7,1,34,6,1999,2,4,LAND ROVER DISCOVERY,4,E01034611,0,1
2024221447714,2024,221447714,2,9,0,-1,4,1,5,-1,0,0,0,0,0,0,2,9,-1,6,2,40,7,2720,2,18,LAND ROVER DISCOVERY,7,E01007242,0,4
2024471403155,2024,471403155,2,9,0,-1,19,4,8,-1,0,0,0,0,0,0,1,1,-1,9,2,37,7,2720,2,18,LAND ROVER DISCOVERY,6,E01021193,0,1
2024371535844,2024,371535844,2,9,0,-1,2,0,0,-1,0,0,0,0,0,0,0,1,-1,6,-1,-1,-1,2720,2,18,LAND ROVER DISCOVERY,-1,-1,0,-1
2024531502525,2024,531502525,2,9,0,-1,3,1,7,-1,0,8,0,0,0,0,2,1,-1,6,2,71,10,1999,2,7,LAND ROVER DISCOVERY,4,E01022310,0,1
2024221491495,2024,221491495,3,9,0,-1,7,3,4,-1,0,6,0,0,0,0,1,1,-1,6,2,39,7,1999,2,6,LAND ROVER DISCOVERY,6,W01000434,0,1
2024552400511,2024,552400511,2,9,0,9,9,2,7,0,0,8,0,0,0,0,4,1,6,6,1,24,5,2720,2,18,LAND ROVER DISCOVERY,3,E01015289,0,2
2024471413081,2024,471413081,1,9,0,-1,5,1,5,-1,0,6,0,0,0,0,0,1,-1,6,1,43,7,2993,2,11,LAND ROVER DISCOVERY,4,E01031596,0,4
2024061399320,2024,061399320,6,9,0,-1,19,3,7,-1,0,0,0,0,0,0,3,1,-1,2,1,55,8,1498,8,3,LAND ROVER DISCOVERY,6,E01007609,0,4
2024361411729,2024,361411729,1,9,0,-1,19,8,5,-1,0,0,0,0,1,0,1,1,-1,6,1,44,7,2720,2,15,LAND ROVER DISCOVERY,6,E01033126,0,4
2024010543366,2024,010543366,2,9,0,4,4,3,7,0,0,1,0,10,0,0,3,1,2,2,1,40,7,1999,2,7,LAND ROVER DISCOVERY,-1,-1,0,-1
2024340WN2782,2024,340WN2782,3,9,0,-1,19,1,5,-1,0,1,0,0,1,0,1,1,-1,9,1,37,7,1999,2,4,LAND ROVER DISCOVERY,9,E01028708,0,4
2024451494566,2024,451494566,2,9,0,-1,19,4,8,-1,0,1,0,0,0,0,4,1,-1,9,1,46,8,1999,2,7,LAND ROVER DISCOVERY,8,E01030325,0,3
2024631504112,2024,631504112,3,9,0,-1,19,8,4,-1,0,0,0,0,0,0,1,1,-1,6,1,44,7,2993,2,14,LAND ROVER DISCOVERY,4,W01000535,0,1
2024010504069,2024,010504069,2,9,0,5,5,2,6,0,0,2,0,0,0,0,1,1,6,6,3,-1,-1,1999,2,8,LAND ROVER DISCOVERY,-1,-1,0,-1
202417H107724,2024,17H107724,1,9,0,-1,19,3,7,-1,0,0,0,0,0,0,1,1,-1,6,2,40,7,1999,2,7,LAND ROVER DISCOVERY,1,E01011981,0,1
2024991473361,2024,991473361,1,9,0,-1,19,5,8,-1,0,0,2,0,0,0,1,1,-1,2,1,39,7,2993,2,6,LAND ROVER DISCOVERY,9,-1,0,4
2024221522222,2024,221522222,1,9,0,-1,19,7,2,-1,0,0,2,0,0,0,3,1,-1,7,2,46,8,1999,2,6,LAND ROVER DISCOVERY,5,E01014050,0,1
2024010522899,2024,010522899,2,9,0,4,4,3,7,0,0,0,0,4,0,0,1,1,6,6,1,49,8,1999,2,7,LAND ROVER DISCOVERY,-1,-1,0,-1
2024302400444,2024,302400444,2,9,0,17,19,4,8,0,0,0,0,0,0,0,1,1,6,6,1,39,7,2179,2,9,LAND ROVER DISCOVERY,8,E01019714,0,1
2024440544568,2024,440544568,1,9,0,18,19,5,1,0,0,0,0,0,0,0,3,1,6,6,1,-1,-1,2179,2,9,LAND ROVER DISCOVERY,-1,-1,0,-1
2024531444750,2024,531444750,1,9,0,-1,19,5,1,-1,0,2,0,0,0,0,4,9,-1,9,1,26,6,1999,2,8,LAND ROVER DISCOVERY,10,E01032323,0,4
2024070001125,2024,070001125,2,9,9,-1,7,1,5,-1,0,6,0,0,0,0,4,1,-1,6,1,78,11,2720,2,17,LAND ROVER DISCOVERY,6,E01018369,0,2
2024991470475,2024,991470475,3,9,0,-1,19,3,7,-1,0,0,0,0,1,0,1,1,-1,9,1,32,6,2495,2,23,LAND ROVER DISCOVERY,1,-1,0,2
2024201505351,2024,201505351,2,9,0,-1,2,0,0,-1,0,0,0,0,0,0,2,9,-1,9,1,46,8,2993,2,13,LAND ROVER DISCOVERY,2,E01010481,0,1
2024211465803,2024,211465803,2,9,0,-1,19,1,5,-1,0,0,0,0,0,0,1,1,-1,6,1,77,11,2993,2,13,LAND ROVER DISCOVERY,3,E01029782,0,1
2024221468186,2024,221468186,1,9,0,-1,19,5,1,-1,0,0,0,0,0,0,4,1,-1,9,1,21,5,2993,2,14,LAND ROVER DISCOVERY,5,E01014000,0,3
2024041436198,2024,041436198,2,9,0,-1,5,7,5,-1,0,8,0,0,0,0,1,1,-1,9,1,65,9,2720,2,16,LAND ROVER DISCOVERY,4,E01012710,0,1
2024010534085,2024,010534085,2,9,0,10,10,5,4,0,0,1,0,0,0,0,2,1,6,6,1,37,7,1999,2,7,LAND ROVER DISCOVERY,2,E01003092,0,2
2024440546885,2024,440546885,1,9,0,7,7,1,3,0,0,6,0,0,0,0,1,1,2,2,1,-1,-1,2720,2,19,LAND ROVER DISCOVERY,-1,-1,0,-1
2024461516386,2024,461516386,2,9,0,-1,10,3,1,-1,0,1,0,0,0,0,2,1,-1,9,2,36,7,2993,2,13,LAND ROVER DISCOVERY,5,E01024379,0,1
2024552401273,2024,552401273,1,9,0,18,19,4,8,0,0,0,0,0,0,0,1,1,6,6,2,44,7,1999,2,5,LAND ROVER DISCOVERY,6,E01034282,0,1
2024461402613,2024,461402613,1,9,0,-1,19,1,5,-1,0,0,0,0,0,0,0,1,-1,1,1,36,7,2495,2,29,LAND ROVER DISCOVERY,1,E01024612,0,1
2024010522333,2024,010522333,1,9,0,18,19,1,5,0,0,2,1,0,7,1,1,1,6,6,1,38,7,1999,2,7,LAND ROVER DISCOVERY,-1,-1,0,-1
2024531440451,2024,531440451,1,9,0,-1,19,7,3,-1,0,1,0,0,0,0,1,1,-1,9,1,57,9,1999,2,8,LAND ROVER DISCOVERY,10,E01022208,0,4
2024451444226,2024,451444226,3,9,0,-1,3,3,7,-1,0,1,0,0,0,0,2,1,-1,9,1,61,9,2993,2,11,LAND ROVER DISCOVERY,3,E01024103,0,4
2024010498940,2024,010498940,2,9,0,3,3,5,1,0,0,8,0,0,0,0,2,1,6,6,1,57,9,2720,2,18,LAND ROVER DISCOVERY,5,E01021694,0,4
2024522403154,2024,522403154,1,9,0,18,19,1,5,0,0,1,0,0,0,0,4,1,6,6,2,61,9,2993,2,9,LAND ROVER DISCOVERY,7,E01014962,0,1
2024070199414,2024,070199414,1,9,0,9,9,4,2,0,0,6,0,10,1,11,1,1,6,6,1,21,5,1999,2,4,LAND ROVER DISCOVERY,10,E01018406,0,4
2024320533678,2024,320533678,2,9,0,4,4,8,4,0,0,2,0,0,0,0,2,1,-1,-1,1,43,7,1997,1,4,LAND ROVER DISCOVERY,7,E01034573,0,5
2024211431287,2024,211431287,2,9,0,-1,15,5,5,-1,0,0,0,0,0,0,1,9,-1,9,1,32,6,2720,2,18,LAND ROVER DISCOVERY,8,E01029590,0,1
2024201438897,2024,201438897,2,9,0,-1,4,3,7,-1,0,0,1,0,0,0,1,1,-1,6,1,37,7,2500,2,25,LAND ROVER DISCOVERY,1,E01010292,0,1
2024471476689,2024,471476689,1,9,0,-1,19,7,3,-1,9,0,0,0,0,0,1,1,-1,9,1,73,10,2495,2,23,LAND ROVER DISCOVERY,4,E01021207,0,4
2024361419698,2024,361419698,2,9,0,-1,19,0,0,-1,0,0,0,0,1,0,4,1,-1,6,2,60,9,2993,2,11,LAND ROVER DISCOVERY,6,E01026872,0,1
2024141406999,2024,141406999,3,9,0,-1,19,1,5,-1,0,0,0,0,0,0,4,1,-1,9,2,30,6,1999,2,8,LAND ROVER DISCOVERY,2,E01008053,0,2
2024520402779,2024,520402779,1,9,0,18,19,3,7,0,0,0,0,0,0,0,0,1,6,6,2,36,7,2720,2,19,LAND ROVER DISCOVERY,5,E01032081,0,2
2024531429020,2024,531429020,1,9,0,-1,9,7,1,-1,0,2,0,0,0,0,1,1,-1,9,2,63,9,1999,2,5,LAND ROVER DISCOVERY,9,E01035758,0,4
2024041532621,2024,041532621,1,9,0,-1,19,3,7,-1,0,8,0,0,0,0,1,1,-1,9,2,33,6,1999,2,8,LAND ROVER DISCOVERY,4,E01024894,0,1
2024520001152,2024,520001152,1,9,0,18,19,8,5,0,0,8,0,0,0,0,3,1,6,6,2,28,6,2993,2,5,LAND ROVER DISCOVERY,10,E01014460,0,2
2024351396062,2024,351396062,1,9,0,-1,-1,-1,-1,-1,-1,-1,-1,-1,-1,0,3,9,-1,6,1,87,11,2495,2,20,LAND ROVER DISCOVERY,10,E01018263,0,3
2024340WN0952,2024,340WN0952,1,9,0,-1,19,4,8,-1,0,0,0,0,0,0,1,1,-1,9,1,81,11,2720,2,18,LAND ROVER DISCOVERY,7,E01027024,0,1
2024501441136,2024,501441136,2,9,0,-1,7,2,4,-1,0,6,0,0,0,0,1,1,-1,9,2,57,9,1498,8,2,LAND ROVER DISCOVERY,4,E01020262,0,1
2024221458871,2024,221458871,2,9,3,-1,19,6,2,-1,0,0,2,0,1,0,2,1,-1,9,1,63,9,2495,2,20,LAND ROVER DISCOVERY,6,E01028322,0,5
2024531466782,2024,531466782,3,9,0,-1,2,0,0,-1,9,2,0,0,0,0,0,1,-1,6,3,-1,-1,2495,2,27,LAND ROVER DISCOVERY,-1,-1,0,-1
2024010523415,2024,010523415,2,9,0,18,19,9,9,99,99,9,9,99,9,99,1,9,6,6,1,-1,-1,2997,2,1,LAND ROVER DISCOVERY,7,E01003657,0,2
2024211528386,2024,211528386,1,9,0,-1,4,4,1,-1,0,0,0,0,0,0,1,1,-1,2,2,45,7,1999,2,5,LAND ROVER DISCOVERY,10,E01034051,0,1
2024010497427,2024,010497427,2,9,0,3,3,3,7,0,0,8,0,0,0,0,2,1,6,6,2,73,10,1999,2,8,LAND ROVER DISCOVERY,9,E01035269,0,4
2024010534106,2024,010534106,1,9,0,99,99,9,9,99,99,9,9,99,9,99,1,9,6,6,2,44,7,2996,1,3,LAND ROVER DISCOVERY,9,E01001422,0,1
2024471489667,2024,471489667,3,9,0,-1,9,6,2,-1,0,0,0,0,0,0,1,1,-1,9,2,56,9,1999,2,8,LAND ROVER DISCOVERY,7,E01031665,0,3
2024552400487,2024,552400487,1,9,0,9,9,6,4,0,0,8,0,0,0,0,3,1,6,6,2,31,6,2495,2,23,LAND ROVER DISCOVERY,6,E01020508,0,3
2024440456896,2024,440456896,2,9,0,17,19,5,1,0,0,3,0,0,0,0,1,1,6,6,1,25,5,2495,2,29,LAND ROVER DISCOVERY,4,E01023153,0,1
2024552400402,2024,552400402,2,9,0,3,3,6,2,0,0,1,0,0,0,0,2,1,6,6,1,36,7,1999,2,6,LAND ROVER DISCOVERY,6,E01020516,0,3
2024440277388,2024,440277388,2,9,4,16,19,5,1,0,0,0,0,0,0,0,4,1,1,1,1,42,7,2993,2,11,LAND ROVER DISCOVERY,-1,-1,0,-1
2024531448795,2024,531448795,1,9,0,-1,19,3,7,-1,0,0,1,0,0,0,3,1,-1,6,1,52,8,1999,2,6,LAND ROVER DISCOVERY,10,E01022105,0,1
202454E287424,2024,54E287424,1,9,0,18,19,3,7,0,0,0,0,0,0,0,1,1,6,6,1,79,11,1997,1,4,LAND ROVER DISCOVERY,7,E01023166,0,3
2024010532090,2024,010532090,3,9,0,16,19,5,7,0,0,1,0,0,0,0,1,1,6,6,2,60,9,1999,2,6,LAND ROVER DISCOVERY,10,E01002339,0,3
2024311495702,2024,311495702,2,9,0,-1,3,1,5,-1,0,0,0,0,0,0,2,1,-1,2,1,53,8,1999,2,7,LAND ROVER DISCOVERY,10,E01028391,0,3
2024340WN3922,2024,340WN3922,1,9,0,-1,9,3,1,-1,0,6,0,0,0,0,2,1,-1,2,2,51,8,2495,2,22,LAND ROVER DISCOVERY,6,E01027176,0,1
2024311420043,2024,311420043,2,9,0,-1,19,5,1,-1,0,3,0,0,0,0,4,1,-1,6,2,42,7,2495,2,28,LAND ROVER DISCOVERY,-1,-1,0,-1
2024546543524,2024,546543524,2,9,0,4,4,2,6,0,0,1,0,0,0,0,2,1,6,6,1,-1,-1,2993,2,8,LAND ROVER DISCOVERY,-1,-1,0,-1
2024141474215,2024,141474215,1,9,0,-1,3,1,5,-1,0,0,0,0,0,0,2,1,-1,6,1,51,8,1999,2,8,LAND ROVER DISCOVERY,9,E01007749,0,2
202460Q139980,2024,60Q139980,3,9,0,18,19,5,1,0,0,1,0,0,0,0,1,1,6,6,1,63,9,2495,2,21,LAND ROVER DISCOVERY,-1,-1,0,-1
2024440037915,2024,440037915,1,9,0,9,9,5,3,0,0,6,0,0,0,0,3,1,6,6,2,44,7,1999,2,7,LAND ROVER DISCOVERY,7,E01032618,0,1
2024351481861,2024,351481861,2,9,0,-1,2,0,0,-1,0,1,0,0,0,0,2,1,-1,6,-1,-1,-1,2495,2,20,LAND ROVER DISCOVERY,-1,-1,0,-1
2024440098313,2024,440098313,1,9,0,9,9,4,2,0,0,1,0,0,0,0,1,1,6,6,1,69,10,2993,2,15,LAND ROVER DISCOVERY,4,E01023019,0,2
2024548337324,2024,548337324,1,9,0,18,19,4,8,0,0,0,0,0,0,0,1,1,6,6,1,43,7,2495,2,21,LAND ROVER DISCOVERY,-1,-1,0,-1
2024010501483,2024,010501483,2,9,0,99,99,9,9,99,99,9,9,99,9,99,1,9,6,6,1,-1,-1,2997,2,3,LAND ROVER DISCOVERY,-1,-1,0,-1
2024471411676,2024,471411676,1,9,0,-1,5,5,1,-1,0,2,0,0,0,0,1,1,-1,7,2,33,6,2993,2,11,LAND ROVER DISCOVERY,6,E01031632,0,1
2024631402622,2024,631402622,2,9,5,-1,4,2,6,-1,0,0,0,0,0,0,0,1,-1,9,1,47,8,2993,2,4,LAND ROVER DISCOVERY,9,W01000441,0,2
2024991512366,2024,991512366,2,9,0,-1,19,7,3,-1,0,0,0,0,1,0,1,1,-1,1,2,56,9,2993,2,9,LAND ROVER DISCOVERY,6,-1,0,4
2024070501118,2024,070501118,1,9,0,8,8,8,6,0,0,1,0,0,7,10,1,1,6,6,1,63,9,1498,8,1,LAND ROVER DISCOVERY,8,E01018443,0,1
2024501422134,2024,501422134,1,9,0,-1,19,5,1,-1,0,1,0,0,7,4,1,1,-1,6,1,38,7,2720,2,18,LAND ROVER DISCOVERY,1,E01020094,0,1
2024411402589,2024,411402589,1,9,0,-1,19,-1,-1,-1,0,0,0,0,0,0,1,9,-1,6,2,32,6,1999,2,6,LAND ROVER DISCOVERY,6,E01023570,0,2
2024471484328,2024,471484328,2,9,0,-1,19,8,4,-1,0,6,5,0,7,11,3,1,-1,9,2,57,9,2993,2,7,LAND ROVER DISCOVERY,8,E01021086,0,3
2024221394800,2024,221394800,1,9,4,-1,1,5,1,-1,0,6,0,0,0,0,2,9,-1,6,1,25,5,2993,2,12,LAND ROVER DISCOVERY,1,E01032469,0,1
2024543989324,2024,543989324,3,9,0,18,19,5,1,0,0,2,5,0,0,0,3,1,2,2,1,44,7,1999,2,4,LAND ROVER DISCOVERY,7,E01028773,0,4
2024010535116,2024,010535116,1,9,0,3,3,7,3,0,0,0,0,0,0,0,1,1,6,6,2,68,10,1998,2,1,LAND ROVER DISCOVERY,9,E01000808,0,1
2024451471304,2024,451471304,1,9,0,-1,19,1,5,-1,99,0,0,99,0,0,4,1,-1,9,1,30,6,1999,2,6,LAND ROVER DISCOVERY,7,E01023123,0,2
2024131426763,2024,131426763,2,9,0,-1,6,5,1,-1,0,0,0,0,0,0,3,1,-1,9,1,67,10,2993,2,12,LAND ROVER DISCOVERY,3,E01011585,0,2
2024101403180,2024,101403180,1,9,0,-1,19,5,1,-1,0,0,0,0,0,0,1,1,-1,6,1,-1,-1,2993,2,8,LAND ROVER DISCOVERY,7,E01008469,0,1
2024211486573,2024,211486573,1,9,-1,-1,-1,6,-1,-1,-1,0,-1,-1,-1,0,-1,1,-1,6,3,-1,-1,2495,2,23,LAND ROVER DISCOVERY,-1,-1,0,-1
2024010517893,2024,010517893,2,9,0,6,6,9,9,99,99,0,9,99,9,99,9,9,6,6,3,-1,-1,1999,2,9,LAND ROVER DISCOVERY,-1,-1,0,-1
2024311475736,2024,311475736,1,9,0,-1,19,3,7,-1,0,3,0,0,0,0,4,1,-1,9,1,33,6,1999,2,7,LAND ROVER DISCOVERY,2,E01028026,0,1
2024311435389,2024,311435389,1,9,0,-1,19,5,1,-1,0,2,0,0,0,0,1,9,-1,6,1,52,8,2720,2,19,LAND ROVER DISCOVERY,-1,-1,0,-1
2024231460052,2024,231460052,1,9,0,-1,19,1,5,-1,0,0,0,0,0,0,1,9,-1,6,3,45,7,1999,2,7,LAND ROVER DISCOVERY,-1,-1,0,-1
2024991415184,2024,991415184,1,9,0,-1,19,7,3,-1,0,0,0,0,0,0,1,1,-1,9,1,31,6,2993,2,11,LAND ROVER DISCOVERY,6,-1,0,1
2024052402113,2024,052402113,2,9,0,18,19,3,7,0,0,8,0,0,0,0,1,1,6,6,1,41,7,2993,2,12,LAND ROVER DISCOVERY,1,E01006495,0,1
2024401509301,2024,401509301,1,9,-1,-1,-1,-1,-1,-1,-1,0,-1,-1,-1,0,-1,9,-1,6,1,56,9,2993,2,8,LAND ROVER DISCOVERY,10,E01017996,0,4
2024010519598,2024,010519598,1,9,0,9,9,7,5,0,0,1,0,0,0,0,1,1,6,6,1,23,5,2993,2,9,LAND ROVER DISCOVERY,-1,-1,0,-1
2024421465603,2024,421465603,2,9,0,-1,9,8,7,-1,0,0,0,0,0,0,3,9,-1,9,1,68,10,1999,2,6,LAND ROVER DISCOVERY,6,E01021535,0,1
2024421476519,2024,421476519,3,9,0,-1,19,1,3,-1,0,1,1,0,0,0,3,1,-1,6,1,71,10,2997,2,2,LAND ROVER DISCOVERY,7,E01021662,0,1
2024440514395,2024,440514395,2,9,0,18,19,4,8,0,0,8,0,0,0,0,1,1,3,7,2,25,5,2993,2,12,LAND ROVER DISCOVERY,9,E01022926,0,1
2024451403494,2024,451403494,2,9,0,-1,19,5,1,-1,0,0,0,0,0,0,1,1,-1,9,1,58,9,2993,2,4,LAND ROVER DISCOVERY,7,E01024430,0,1
2024311425022,2024,311425022,1,9,0,-1,4,7,3,-1,0,0,0,7,1,0,1,1,-1,6,2,51,8,2495,2,22,LAND ROVER DISCOVERY,1,E01027952,0,2
2024201516747,2024,201516747,2,9,0,-1,19,5,1,-1,0,8,0,0,0,0,4,9,-1,6,1,64,9,1999,2,8,LAND ROVER DISCOVERY,2,E01010086,0,3
202460Q100859,2024,60Q100859,1,9,0,7,7,4,8,0,0,4,0,0,0,0,0,1,6,6,1,69,10,1999,2,6,LAND ROVER DISCOVERY,-1,-1,0,-1
2024520401686,2024,520401686,3,9,0,18,19,7,3,0,0,0,0,0,0,0,1,1,6,6,2,37,7,2993,2,13,LAND ROVER DISCOVERY,8,E01035110,0,1
2024211404995,2024,211404995,2,9,0,-1,4,5,8,-1,0,0,0,0,0,0,2,9,-1,9,1,-1,-1,1999,2,7,LAND ROVER DISCOVERY,7,E01007061,0,4
2024531399163,2024,531399163,1,9,0,-1,9,5,1,-1,0,6,0,0,0,0,4,1,-1,2,2,40,7,2179,2,9,LAND ROVER DISCOVERY,9,E01022432,0,1
2024302401055,2024,302401055,1,9,0,1,1,8,3,0,0,8,0,0,0,0,4,1,6,6,2,37,7,2993,2,15,LAND ROVER DISCOVERY,1,E01019761,0,1
2024440191903,2024,440191903,1,9,0,18,19,2,6,0,0,0,0,0,0,0,1,1,6,6,1,39,7,1999,2,8,LAND ROVER DISCOVERY,10,E01022512,0,1
2024501448484,2024,501448484,2,9,0,-1,19,7,3,-1,0,0,5,0,1,4,1,1,-1,6,2,64,9,2993,2,8,LAND ROVER DISCOVERY,4,E01020052,0,1
2024549273524,2024,549273524,1,9,0,2,2,0,0,0,0,0,0,0,0,0,3,1,6,6,1,56,9,2997,2,0,LAND ROVER DISCOVERY,7,E01034520,0,3
2024340NN0812,2024,340NN0812,2,9,0,-1,9,6,4,-1,0,5,0,0,7,0,2,1,-1,9,1,46,8,2997,2,2,LAND ROVER DISCOVERY,8,E01027103,0,1
2024411447174,2024,411447174,2,9,0,-1,19,4,8,-1,0,1,1,0,0,0,1,1,-1,8,1,79,11,2720,2,16,LAND ROVER DISCOVERY,3,E01017562,0,1
2024302401348,2024,302401348,1,9,0,6,6,1,1,0,0,8,0,0,0,0,1,1,6,6,3,-1,-1,1999,2,7,LAND ROVER DISCOVERY,5,E01019456,0,3
2024221520873,2024,221520873,1,9,0,-1,19,2,6,-1,0,8,0,0,0,0,1,1,-1,6,3,24,5,2720,2,17,LAND ROVER DISCOVERY,-1,-1,0,-1
2024411425372,2024,411425372,2,9,0,-1,19,4,8,-1,0,1,0,0,0,0,1,1,-1,7,2,36,7,1498,8,1,LAND ROVER DISCOVERY,6,E01023943,0,1
2024991453034,2024,991453034,2,9,0,-1,19,7,3,-1,0,1,0,4,0,0,1,1,-1,9,1,35,6,2993,2,12,LAND ROVER DISCOVERY,3,-1,0,1
2024631443408,2024,631443408,2,9,4,-1,19,4,1,-1,0,0,0,0,0,0,0,1,-1,9,2,39,7,2993,2,7,LAND ROVER DISCOVERY,8,W01000610,0,2
2024122400722,2024,122400722,1,9,0,11,11,1,5,0,0,0,0,0,0,0,1,1,2,2,1,62,9,1999,2,6,LAND ROVER DISCOVERY,6,E01010908,0,4
2024631535510,2024,631535510,1,9,0,-1,19,6,2,-1,0,8,0,0,8,4,1,1,-1,9,1,43,7,2720,2,18,LAND ROVER DISCOVERY,4,W01000535,0,3
2024501407913,2024,501407913,1,9,0,-1,9,2,7,-1,0,5,0,0,0,0,1,1,-1,7,2,46,8,1999,2,6,LAND ROVER DISCOVERY,4,E01018880,0,1
2024221479548,2024,221479548,1,9,0,-1,9,7,5,-1,0,5,0,0,0,0,0,1,-1,9,1,66,10,2993,2,9,LAND ROVER DISCOVERY,2,E01034334,0,1
2024501433892,2024,501433892,1,9,0,-1,10,2,8,-1,0,8,0,0,0,0,2,1,-1,7,2,30,6,1999,2,8,LAND ROVER DISCOVERY,7,E01018901,0,1
2024520000034,2024,520000034,1,9,0,18,19,2,7,0,0,0,1,0,0,0,1,1,6,6,1,61,9,2495,2,27,LAND ROVER DISCOVERY,7,E01014446,0,2
2024461481049,2024,461481049,1,9,0,-1,19,2,6,-1,0,0,0,0,0,0,1,1,-1,6,1,41,7,2720,2,17,LAND ROVER DISCOVERY,3,E01000090,0,3
2024061397220,2024,061397220,1,9,0,-1,9,3,8,-1,0,8,0,0,0,0,1,1,-1,2,1,67,10,1999,2,7,LAND ROVER DISCOVERY,1,E01012537,0,4
2024161421245,2024,161421245,3,9,0,-1,4,1,5,-1,0,0,0,0,0,0,2,1,-1,1,2,41,7,1999,2,6,LAND ROVER DISCOVERY,8,E01013033,0,4
2024430071346,2024,430071346,1,9,0,18,19,4,8,0,0,0,0,0,0,0,1,1,6,6,2,28,6,2993,2,5,LAND ROVER DISCOVERY,3,E01000545,0,5
2024461505409,2024,461505409,1,9,0,-1,19,8,4,-1,0,1,0,0,0,0,1,1,-1,1,1,34,6,2993,2,8,LAND ROVER DISCOVERY,4,E01024364,0,3
2024371468580,2024,371468580,2,9,0,-1,19,1,5,-1,0,1,1,0,7,0,4,1,-1,6,1,47,8,2495,2,22,LAND ROVER DISCOVERY,6,E01030150,0,1