collision_index,collision_year,collision_ref_no,vehicle_reference,vehicle_type,towing_and_articulation,vehicle_manoeuvre_historic,vehicle_manoeuvre,vehicle_direction_from,vehicle_direction_to,vehicle_location_restricted_lane_historic,vehicle_location_restricted_lane,junction_location,skidding_and_overturning,hit_object_in_carriageway,vehicle_leaving_carriageway,hit_object_off_carriageway,first_point_of_impact,vehicle_left_hand_drive,journey_purpose_of_driver_historic,journey_purpose_of_driver,sex_of_driver,age_of_driver,age_band_of_driver,engine_capacity_cc,propulsion_code,age_of_vehicle,generic_make_model,driver_imd_decile,lsoa_of_driver,escooter_flag,driver_distance_banding
2024211503414,2024,211503414,3,9,0,-1,19,1,1,-1,0,1,0,0,0,0,1,1,-1,1,1,33,6,1969,8,2,VOLVO V60,-1,-1,0,-1
202454C944024,2024,54C944024,2,9,0,18,19,7,3,0,0,0,0,0,0,0,1,1,6,6,1,55,8,1969,1,6,VOLVO V60,9,E01030317,0,5
2024122400537,2024,122400537,2,9,0,17,19,4,8,0,0,0,0,0,0,0,1,1,6,6,2,73,10,1969,1,5,VOLVO V60,6,E01027780,0,2
2024211453342,2024,211453342,3,9,0,-1,19,4,4,-1,0,0,0,0,0,0,1,1,-1,8,1,34,6,1969,8,2,VOLVO V60,-1,-1,0,-1
2024231498949,2024,231498949,3,9,0,-1,19,4,8,-1,0,0,0,0,0,0,2,1,-1,6,1,49,8,1969,8,3,VOLVO V60,9,E01025817,0,3
2024221520302,2024,221520302,3,9,0,-1,19,8,5,-1,0,0,0,0,1,0,3,1,-1,9,1,84,11,2400,2,12,VOLVO V60,10,E01014067,0,2
2024231480376,2024,231480376,1,9,0,-1,19,2,5,-1,0,1,1,0,7,4,1,1,-1,1,1,31,6,1969,8,2,VOLVO V60,5,E01031309,0,3
2024501401415,2024,501401415,3,9,0,-1,19,2,6,-1,0,0,0,0,0,0,1,1,-1,6,1,65,9,1984,2,12,VOLVO V60,5,E01018783,0,1
2024552401480,2024,552401480,2,9,0,18,19,2,6,0,0,0,0,0,0,0,1,1,6,6,1,52,8,1969,8,1,VOLVO V60,7,E01015352,0,1
2024440085575,2024,440085575,1,9,0,18,19,2,6,0,0,8,1,0,1,0,1,1,1,1,1,30,6,1969,-1,1,VOLVO V60,-1,-1,0,-1
2024361404999,2024,361404999,1,9,0,-1,1,4,8,-1,0,0,0,0,0,0,2,1,-1,9,1,25,5,1560,2,12,VOLVO V60,6,E01026580,0,3
2024101426827,2024,101426827,2,9,0,-1,9,5,3,-1,0,8,0,0,0,0,3,1,-1,6,1,55,8,1560,2,12,VOLVO V60,6,E01008687,0,1
2024201458841,2024,201458841,1,9,0,-1,5,1,5,-1,0,0,0,0,0,0,1,9,-1,2,1,45,7,1969,2,5,VOLVO V60,1,E01009161,0,2
2024440524825,2024,440524825,3,9,0,18,19,7,3,0,0,6,0,0,0,0,0,1,6,6,1,-1,-1,1969,-1,0,VOLVO V60,-1,-1,0,-1
2024991506489,2024,991506489,2,9,0,-1,19,7,3,-1,0,1,0,0,0,0,4,1,-1,6,2,53,8,1969,8,4,VOLVO V60,-1,-1,0,-1
2024631475999,2024,631475999,2,9,0,-1,4,4,8,-1,0,0,0,0,0,0,2,1,-1,6,1,40,7,1560,2,11,VOLVO V60,1,E01006874,0,5
2024371417653,2024,371417653,1,9,0,-1,19,3,7,-1,0,0,0,0,0,0,3,1,-1,6,2,35,6,1560,2,11,VOLVO V60,6,E01030052,0,1
2024461406222,2024,461406222,2,9,0,-1,4,5,1,-1,0,0,0,0,0,0,1,9,-1,1,2,52,8,1560,2,10,VOLVO V60,6,E01024806,0,2
2024211512509,2024,211512509,1,9,0,-1,5,7,3,-1,0,1,0,0,0,0,1,1,-1,1,1,42,7,1969,12,2,VOLVO V60,-1,-1,0,-1
2024311480580,2024,311480580,3,9,0,-1,19,3,7,-1,0,1,0,0,0,0,1,1,-1,1,1,35,6,1969,2,8,VOLVO V60,-1,-1,0,-1
2024411455263,2024,411455263,1,9,0,-1,5,7,3,-1,0,8,0,0,0,0,1,1,-1,1,1,21,5,1969,12,0,VOLVO V60,9,E01023432,0,3
2024061399359,2024,061399359,2,9,0,-1,19,3,7,-1,0,0,0,0,0,0,2,9,-1,6,2,56,9,1969,8,3,VOLVO V60,10,E01018690,0,4
2024041424011,2024,041424011,2,9,0,-1,2,4,8,-1,0,0,0,0,0,0,4,1,-1,6,-1,-1,-1,1969,8,3,VOLVO V60,-1,-1,0,-1
2024631456162,2024,631456162,2,9,0,-1,4,6,2,-1,0,0,0,0,0,0,2,1,-1,6,1,74,10,1969,2,6,VOLVO V60,5,W01002012,0,1
2024461469355,2024,461469355,1,9,0,-1,19,6,4,-1,0,0,0,0,0,0,1,9,-1,6,1,46,8,2400,12,8,VOLVO V60,7,E01024456,0,1
2024361503668,2024,361503668,3,9,0,-1,2,0,0,-1,0,0,0,0,0,0,1,1,-1,6,1,37,7,1560,2,13,VOLVO V60,2,E01026630,0,2
2024201451096,2024,201451096,5,9,0,-1,19,1,6,-1,0,0,0,0,0,0,0,1,-1,8,2,28,6,1969,8,3,VOLVO V60,4,E01009234,0,3
2024131449863,2024,131449863,2,9,0,-1,2,7,3,-1,0,0,0,0,0,0,2,1,-1,6,3,-1,-1,1560,2,13,VOLVO V60,-1,-1,0,-1
2024411445691,2024,411445691,3,9,0,-1,19,6,2,-1,0,0,0,0,0,0,0,1,-1,1,1,32,6,1969,8,3,VOLVO V60,2,E01035570,0,3
2024351470781,2024,351470781,1,9,0,-1,2,0,0,-1,0,1,0,0,0,0,1,1,-1,1,1,-1,-1,1969,8,3,VOLVO V60,-1,-1,0,-1
2024361530832,2024,361530832,2,8,0,-1,19,3,7,-1,0,1,0,0,0,0,3,1,-1,1,2,53,8,1969,2,7,VOLVO V60,3,E01026602,0,1
2024522401616,2024,522401616,1,9,0,18,19,6,2,0,0,0,0,4,0,0,1,1,6,6,1,41,7,1984,2,11,VOLVO V60,7,E01014858,0,1
2024461437305,2024,461437305,2,9,0,-1,12,1,5,-1,0,0,0,0,0,0,1,9,-1,9,1,52,8,1969,2,6,VOLVO V60,10,E01030837,0,3
2024041512274,2024,041512274,1,9,0,-1,9,1,3,-1,0,8,0,0,0,0,1,1,-1,2,1,32,6,1560,2,12,VOLVO V60,9,E01006229,0,3
2024631405265,2024,631405265,2,9,0,-1,19,2,6,-1,0,1,0,0,0,0,1,1,-1,9,1,27,6,2400,2,11,VOLVO V60,3,W01000586,0,1
2024041492211,2024,041492211,1,3,0,-1,19,7,7,-1,0,1,0,0,0,0,1,1,-1,9,1,63,9,125,1,5,MAKE AND MODEL REDACTED,2,E01012692,0,1
2024421491596,2024,421491596,2,3,0,-1,19,4,1,-1,0,1,1,0,0,0,1,1,-1,9,2,18,4,125,1,4,MAKE AND MODEL REDACTED,4,E01021956,0,1
2024451482002,2024,451482002,2,3,0,-1,19,1,5,-1,0,1,0,0,0,0,1,1,-1,2,1,21,5,125,1,4,MAKE AND MODEL REDACTED,5,E01030459,0,2
2024522403372,2024,522403372,2,3,0,18,19,2,6,0,0,8,0,0,0,0,1,1,6,6,1,39,7,125,1,1,APRILIA SR GT,3,E01014736,0,2
2024141512768,2024,141512768,1,3,0,-1,19,4,8,-1,0,0,1,0,0,0,1,1,-1,2,1,19,4,125,1,2,APRILIA SR GT,2,E01007895,0,1
2024010512040,2024,010512040,1,3,0,18,19,3,7,0,0,2,0,0,0,0,1,1,6,6,1,39,7,125,1,0,APRILIA SR GT,4,E01002808,0,3
2024421423719,2024,421423719,2,3,0,-1,19,4,8,-1,0,1,0,0,0,0,1,1,-1,6,1,36,7,125,1,1,APRILIA SR GT,-1,-1,0,-1
2024010517493,2024,010517493,1,3,0,15,15,5,1,0,0,0,0,0,0,0,4,1,6,6,1,19,4,125,1,1,APRILIA SR GT,8,E01000237,0,3
2024440273686,2024,440273686,1,4,0,13,13,1,5,0,0,1,0,0,9,0,4,1,6,6,1,36,7,174,1,0,APRILIA SR GT,4,E01017121,0,2
2024010537954,2024,010537954,1,3,0,-1,-1,7,3,2,2,1,0,0,0,0,1,1,2,2,1,31,6,125,1,1,APRILIA SR GT,5,E01000505,0,3
2024010507934,2024,010507934,1,3,9,99,99,9,9,99,99,9,9,99,9,99,9,1,1,1,1,43,7,125,1,2,APRILIA SR GT,6,E01001245,0,1
2024411396054,2024,411396054,2,3,0,-1,19,7,3,-1,0,8,5,0,0,0,1,1,-1,6,1,41,7,125,1,2,APRILIA SR GT,8,E01033027,0,2
2024141435753,2024,141435753,1,3,0,-1,19,2,5,-1,0,2,0,11,1,2,1,1,-1,2,1,51,8,125,1,2,APRILIA SR GT,1,E01008122,0,2
2024430188656,2024,430188656,1,3,0,18,19,8,4,0,0,1,0,0,0,0,1,1,6,6,1,26,6,125,1,1,APRILIA SR GT,3,E01003373,0,4
2024010503409,2024,010503409,1,3,9,18,19,9,9,99,99,9,9,99,9,99,1,1,1,1,1,46,8,125,1,1,APRILIA SR GT,3,E01001180,0,1
2024311464026,2024,311464026,1,3,0,-1,19,4,8,-1,0,0,1,10,0,0,1,1,-1,1,1,25,5,125,1,0,APRILIA SR GT,2,E01013910,0,1
2024010519848,2024,010519848,2,3,0,18,19,1,5,4,4,1,0,0,0,0,3,1,6,6,1,46,8,125,1,1,APRILIA SR GT,3,E01003538,0,1
2024531527575,2024,531527575,2,3,0,-1,19,4,8,-1,0,1,0,0,0,0,1,1,-1,6,2,29,6,125,1,1,APRILIA SR GT,2,E01022458,0,1
2024010511526,2024,010511526,2,3,0,18,19,3,7,0,0,8,0,0,0,0,1,1,6,6,1,39,7,125,1,1,APRILIA SR GT,3,E01004679,0,1
2024411442656,2024,411442656,2,3,0,-1,5,7,3,-1,0,1,1,0,0,0,1,1,-1,2,1,38,7,125,1,2,APRILIA SR GT,7,E01023760,0,1
2024010530868,2024,010530868,1,3,0,99,99,9,9,99,99,9,9,99,9,99,2,1,6,6,1,26,6,125,1,1,APRILIA SR GT,3,E01000558,0,2
2024520000221,2024,520000221,1,4,0,18,19,8,4,0,0,0,0,0,0,0,1,1,6,6,1,33,6,125,1,1,APRILIA SR GT,-1,-1,0,-1
2024010500594,2024,010500594,1,3,0,99,99,9,9,99,99,9,9,99,9,99,9,1,2,2,1,43,7,125,1,2,APRILIA SR GT,6,E01001245,0,1
2024311399721,2024,311399721,2,3,0,-1,19,4,8,-1,0,1,1,0,0,0,4,1,-1,9,1,43,7,125,1,2,APRILIA SR GT,-1,-1,0,-1
2024430252183,2024,430252183,2,3,0,18,19,8,4,0,0,8,0,0,0,0,1,1,6,6,1,33,6,125,1,0,APRILIA SR GT,6,E01017812,0,1
2024010534189,2024,010534189,2,9,0,5,5,6,2,0,0,1,0,0,0,0,3,1,6,6,1,45,7,6752,1,12,MAKE AND MODEL REDACTED,6,E01015985,0,4
2024231440174,2024,231440174,1,9,0,-1,19,2,6,-1,0,1,0,0,0,0,2,9,-1,6,2,49,8,-1,3,0,MAKE AND MODEL REDACTED,10,E01031259,0,1
2024010493212,2024,010493212,1,9,0,18,19,7,3,0,0,8,0,0,0,0,1,1,6,6,1,61,9,-1,3,1,MAKE AND MODEL REDACTED,7,E01000572,0,3
2024411490008,2024,411490008,1,9,0,-1,19,5,1,-1,0,0,0,0,0,0,1,1,-1,6,2,32,6,-1,3,0,MAKE AND MODEL REDACTED,5,E01023533,0,1
2024010501854,2024,010501854,2,9,0,9,9,5,3,0,0,8,1,0,0,0,1,1,6,6,2,47,8,2993,3,1,MAKE AND MODEL REDACTED,-1,-1,0,-1
2024302400938,2024,302400938,1,9,0,9,9,7,5,0,0,8,0,0,0,0,1,1,3,7,1,46,8,-1,3,0,MAKE AND MODEL REDACTED,10,E01019830,0,1
2024061516260,2024,061516260,1,9,0,-1,3,-1,-1,-1,0,0,0,0,0,0,2,1,-1,9,1,25,5,-1,3,0,MAKE AND MODEL REDACTED,1,E01004957,0,3
2024010519409,2024,010519409,1,8,0,3,3,3,7,0,0,1,0,0,0,0,1,2,1,1,1,53,8,-1,3,0,MAKE AND MODEL REDACTED,8,E01003649,0,3
2024501518364,2024,501518364,1,9,0,-1,12,7,3,-1,0,0,0,0,0,0,3,1,-1,9,2,49,8,999,1,0,DACIA DUSTER,7,E01032628,0,2
2024361506409,2024,361506409,1,9,0,-1,7,3,7,-1,0,4,0,0,0,0,3,1,-1,9,1,53,8,1598,1,5,DACIA DUSTER,6,E01026837,0,4
2024991457819,2024,991457819,1,9,0,-1,19,3,7,-1,0,2,0,0,0,0,3,1,-1,6,2,74,10,1598,1,8,DACIA DUSTER,7,-1,0,3
2024991442993,2024,991442993,1,9,0,-1,5,2,6,-1,0,8,0,0,0,0,2,1,-1,9,1,50,8,1461,2,10,DACIA DUSTER,3,-1,0,1
2024421519516,2024,421519516,1,9,0,-1,5,1,1,-1,99,0,0,0,0,0,4,1,-1,2,2,57,9,1333,1,3,DACIA DUSTER,7,E01021573,0,1
2024041445267,2024,041445267,6,9,0,-1,4,3,7,-1,0,0,0,0,0,0,2,1,-1,6,2,33,6,1461,2,8,DACIA DUSTER,3,E01025391,0,3
2024101456952,2024,101456952,1,9,0,-1,19,7,3,-1,0,3,0,0,0,0,1,9,-1,6,1,32,6,1598,1,5,DACIA DUSTER,3,E01008639,0,1
2024161459945,2024,161459945,1,9,0,-1,19,6,2,-1,0,0,0,4,0,0,1,9,-1,6,2,33,6,1461,2,11,DACIA DUSTER,1,E01012888,0,1
2024340WN3092,2024,340WN3092,1,9,0,-1,19,7,3,-1,0,0,5,0,0,0,1,1,-1,9,1,45,7,1332,1,0,DACIA DUSTER,8,E01027000,0,2
2024501438330,2024,501438330,1,9,0,-1,19,3,7,-1,0,1,0,0,1,0,1,1,-1,9,2,41,7,1461,2,6,DACIA DUSTER,4,E01017666,0,5
2024501498474,2024,501498474,1,9,0,-1,10,7,3,-1,0,0,0,0,0,0,2,1,-1,9,1,48,8,1598,1,5,DACIA DUSTER,6,E01032085,0,5
2024440050092,2024,440050092,1,9,0,18,19,1,5,0,0,1,0,0,0,0,1,1,6,6,2,61,9,1598,1,5,DACIA DUSTER,7,E01023164,0,2
2024221515215,2024,221515215,1,9,0,-1,19,1,5,-1,0,8,0,0,7,10,4,9,-1,6,2,41,7,1333,1,2,DACIA DUSTER,4,E01032415,0,1
2024451400965,2024,451400965,1,9,0,-1,9,5,1,-1,0,4,0,0,0,0,1,1,-1,1,1,46,8,999,7,2,DACIA DUSTER,8,E01016979,0,4
2024211514725,2024,211514725,2,9,0,-1,19,1,5,-1,0,2,0,0,0,0,1,1,-1,6,2,53,8,1461,2,7,DACIA DUSTER,4,E01029535,0,2
2024340WN5662,2024,340WN5662,1,9,0,-1,19,5,1,-1,0,8,0,0,0,0,1,1,-1,9,2,64,9,1461,2,10,DACIA DUSTER,7,E01027262,0,1
2024421492484,2024,421492484,1,9,0,-1,19,5,1,-1,0,0,0,0,0,0,1,1,-1,6,2,24,5,1598,1,6,DACIA DUSTER,4,E01016003,0,2
2024061463361,2024,061463361,2,9,0,-1,2,0,0,-1,0,0,0,0,0,0,2,1,-1,6,-1,-1,-1,1332,1,0,DACIA DUSTER,-1,-1,0,-1
2024451427844,2024,451427844,1,9,0,-1,9,1,7,-1,0,0,1,0,0,0,3,1,-1,9,1,72,10,999,7,3,DACIA DUSTER,10,E01030986,0,1
2024411489410,2024,411489410,2,9,0,-1,2,0,0,-1,-1,0,0,0,0,0,2,1,-1,6,-1,-1,-1,1333,1,5,DACIA DUSTER,-1,-1,0,-1
2024161524064,2024,161524064,1,9,0,-1,4,3,7,-1,0,4,0,0,0,0,2,1,-1,9,2,38,7,1461,2,5,DACIA DUSTER,6,E01013119,0,2
2024440220047,2024,440220047,2,9,0,8,8,6,2,0,0,1,0,0,0,0,2,1,6,6,1,47,8,999,7,3,DACIA DUSTER,10,E01016343,0,4
2024010526794,2024,010526794,1,9,0,1,1,1,5,9,9,6,0,0,0,0,2,1,6,6,1,67,10,1461,2,9,DACIA DUSTER,2,E01001147,0,1
2024552401544,2024,552401544,2,9,0,18,19,6,2,0,0,8,0,0,0,0,4,1,6,6,2,58,9,1333,1,3,DACIA DUSTER,3,E01015429,0,1
2024421411839,2024,421411839,1,9,0,-1,4,1,5,-1,0,4,0,0,0,0,1,1,-1,2,1,56,9,1461,2,10,DACIA DUSTER,2,E01021327,0,4
2024061486137,2024,061486137,2,9,0,-1,19,7,4,-1,0,0,0,0,0,0,2,1,-1,6,1,68,10,999,1,4,DACIA DUSTER,1,E01005187,0,1
2024631521981,2024,631521981,1,9,0,-1,19,4,8,-1,0,0,1,0,1,10,1,1,-1,2,1,36,7,1598,1,5,DACIA DUSTER,1,W01000606,0,2
2024010530912,2024,010530912,2,9,0,1,1,1,5,0,0,1,0,0,0,0,2,1,6,6,1,58,9,1198,1,8,DACIA DUSTER,2,E01004090,0,1
2024340NN1812,2024,340NN1812,2,9,0,-1,19,1,5,-1,0,2,0,0,0,0,1,1,-1,9,2,62,9,1598,1,7,DACIA DUSTER,7,E01027031,0,3
2024141434929,2024,141434929,1,9,0,-1,19,2,6,-1,0,1,0,0,0,0,4,1,-1,9,1,64,9,1461,2,7,DACIA DUSTER,1,E01008124,0,1
2024131514594,2024,131514594,1,9,0,-1,19,1,5,-1,0,8,5,4,0,0,1,1,-1,9,1,38,7,999,1,2,DACIA DUSTER,4,E01011238,0,3
2024451520740,2024,451520740,2,9,0,-1,2,0,0,-1,0,0,0,0,0,0,2,1,-1,6,-1,-1,-1,1333,1,5,DACIA DUSTER,-1,-1,0,-1
2024131507822,2024,131507822,1,9,0,-1,9,2,3,-1,0,1,0,0,0,0,1,1,-1,6,1,51,8,1461,2,2,DACIA DUSTER,3,E01011175,0,2
2024141499352,2024,141499352,1,9,0,-1,1,7,3,-1,9,0,0,0,0,0,2,1,-1,6,2,44,7,1598,1,8,DACIA DUSTER,8,E01007891,0,1
2024161474444,2024,161474444,1,9,0,-1,1,5,1,-1,0,2,0,0,0,0,2,1,-1,1,1,43,7,999,1,0,DACIA DUSTER,3,E01013164,0,1
2024991449346,2024,991449346,1,9,0,-1,9,7,4,-1,0,1,0,0,0,0,4,1,-1,9,1,61,9,1461,2,10,DACIA DUSTER,-1,-1,0,-1
2024010511266,2024,010511266,2,9,0,18,19,2,6,99,99,9,0,0,9,99,9,1,6,6,3,-1,-1,1461,2,7,DACIA DUSTER,-1,-1,0,-1
2024451469054,2024,451469054,1,9,0,-1,19,6,2,-1,0,0,0,0,0,0,4,1,-1,1,1,51,8,-1,-1,-1,DACIA DUSTER,6,E01030681,0,1
2024031516916,2024,031516916,1,9,0,-1,19,1,5,-1,0,0,0,0,0,0,1,1,-1,2,1,59,9,1332,1,0,DACIA DUSTER,1,E01019295,0,1
2024052400422,2024,052400422,2,9,0,18,19,1,5,0,0,1,0,0,0,0,3,1,2,2,1,54,8,1598,1,8,DACIA DUSTER,5,E01006804,0,1
2024461451339,2024,461451339,2,9,0,-1,19,2,6,-1,0,1,0,0,0,0,1,1,-1,6,2,35,6,1461,2,9,DACIA DUSTER,2,E01023990,0,1
2024461449190,2024,461449190,1,9,0,-1,19,4,8,-1,0,8,0,0,0,0,4,1,-1,9,2,78,11,1461,2,9,DACIA DUSTER,6,E01023988,0,2
2024520402686,2024,520402686,1,9,0,18,19,3,7,0,0,8,0,0,0,0,1,1,6,6,2,32,6,1333,1,5,DACIA DUSTER,5,E01029167,0,1
2024010544872,2024,010544872,1,9,0,18,19,5,1,0,0,8,0,0,0,0,1,1,6,6,1,70,10,1333,1,2,DACIA DUSTER,3,E01001548,0,1
2024430236586,2024,430236586,2,9,0,18,19,2,6,0,0,8,0,0,0,0,2,1,6,6,2,41,7,1598,1,5,DACIA DUSTER,9,E01035733,0,1
2024430628451,2024,430628451,1,9,0,18,19,4,8,0,0,0,0,0,0,0,4,1,6,6,2,72,10,999,1,4,DACIA DUSTER,3,E01017709,0,1
2024221469346,2024,221469346,1,9,0,-1,9,5,3,-1,0,5,0,0,0,0,1,1,-1,6,2,59,9,1461,2,9,DACIA DUSTER,8,E01028883,0,3
2024371405287,2024,371405287,1,9,0,-1,9,7,8,-1,0,8,0,0,0,0,1,1,-1,9,1,79,11,1461,2,10,DACIA DUSTER,1,E01030021,0,1
2024631441330,2024,631441330,1,9,0,-1,14,2,6,-1,0,0,5,4,0,0,1,1,-1,9,1,62,9,1198,1,6,DACIA DUSTER,7,W01000731,0,1
2024340NN1852,2024,340NN1852,1,9,0,-1,19,5,1,-1,0,0,5,0,0,0,1,1,-1,2,1,45,7,1461,2,7,DACIA DUSTER,3,E01027319,0,4
2024991411939,2024,991411939,2,9,0,-1,19,3,7,-1,0,8,0,0,0,0,1,1,-1,2,1,52,8,999,1,1,DACIA DUSTER,-1,-1,0,-1
2024131506994,2024,131506994,2,9,0,-1,2,0,0,-1,0,0,0,0,1,0,2,1,-1,6,-1,-1,-1,1333,1,2,DACIA DUSTER,-1,-1,0,-1
2024421429833,2024,421429833,2,9,0,-1,19,6,2,-1,0,1,0,0,0,0,3,1,-1,9,1,64,9,1332,1,1,DACIA DUSTER,2,E01015861,0,1
2024070903093,2024,070903093,1,9,0,-1,4,1,7,-1,0,1,1,0,0,0,1,1,-1,6,1,33,6,1461,2,9,DACIA DUSTER,3,E01006335,0,4
2024211444780,2024,211444780,2,9,0,-1,19,6,3,-1,0,1,0,0,0,0,1,1,-1,6,2,36,7,1333,1,4,DACIA DUSTER,1,E01014210,0,1
2024101472963,2024,101472963,2,9,0,-1,3,-1,-1,-1,-1,0,0,0,0,0,2,9,-1,6,2,-1,-1,1461,2,8,DACIA DUSTER,-1,-1,0,-1
2024320038571,2024,320038571,3,9,0,-1,-1,0,0,0,0,0,0,0,0,0,2,1,6,6,2,50,8,1461,2,10,DACIA DUSTER,5,E01025887,0,1
2024122400252,2024,122400252,2,9,0,3,3,5,1,0,0,0,0,0,7,0,2,1,1,1,1,27,6,999,7,3,DACIA DUSTER,2,E01034974,0,3
2024501486053,2024,501486053,1,9,0,-1,4,-1,-1,-1,0,0,0,0,0,0,3,1,-1,9,2,64,9,1598,1,5,DACIA DUSTER,2,E01019034,0,1
2024501395793,2024,501395793,1,9,0,-1,19,3,7,-1,0,0,0,0,0,0,1,1,-1,6,2,39,7,1598,1,6,DACIA DUSTER,7,E01015116,0,1
2024201495284,2024,201495284,2,9,0,-1,19,6,2,-1,0,8,0,0,0,0,3,1,-1,9,2,63,9,1333,1,3,DACIA DUSTER,4,E01008961,0,1
2024522402695,2024,522402695,2,9,0,18,19,5,1,0,0,3,0,0,0,0,4,1,6,6,2,53,8,1598,1,6,DACIA DUSTER,4,E01014495,0,1
2024622500009,2024,622500009,4,9,0,3,3,4,8,0,0,4,0,0,0,0,2,1,6,6,1,38,7,1598,1,6,DACIA DUSTER,8,W01001775,0,1
2024101505466,2024,101505466,1,9,0,-1,1,8,4,-1,9,0,0,0,0,0,2,1,-1,6,2,66,10,999,1,3,DACIA DUSTER,1,E01027424,0,1
2024052400192,2024,052400192,2,9,0,18,19,1,5,0,0,8,0,0,0,0,1,1,6,6,2,48,8,1598,1,5,DACIA DUSTER,2,E01006784,0,1
2024461530178,2024,461530178,1,9,0,-1,5,4,8,-1,0,6,0,0,0,0,3,1,-1,6,1,63,9,1461,2,10,DACIA DUSTER,4,E01035315,0,1
2024451448677,2024,451448677,2,9,0,-1,19,4,8,-1,0,1,0,0,0,0,2,1,-1,9,2,34,6,1198,1,6,DACIA DUSTER,8,E01030390,0,1
2024631480241,2024,631480241,2,9,0,-1,3,1,4,-1,0,1,0,0,0,0,2,1,-1,2,2,53,8,999,7,3,DACIA DUSTER,3,W01000652,0,2
2024221455840,2024,221455840,2,9,0,-1,19,5,1,-1,0,8,0,0,0,0,1,1,-1,9,1,65,9,999,7,2,DACIA DUSTER,5,E01014059,0,3
2024501533227,2024,501533227,1,9,0,-1,19,1,5,-1,0,8,0,0,0,0,1,1,-1,9,1,65,9,1461,2,6,DACIA DUSTER,5,E01020097,0,1
2024071008628,2024,071008628,1,9,0,-1,19,1,5,-1,0,0,0,0,0,0,2,1,-1,9,2,41,7,1332,1,2,DACIA DUSTER,9,E01006062,0,4
2024101520401,2024,101520401,1,9,0,-1,19,7,3,-1,0,0,1,0,0,0,1,1,-1,9,1,70,10,1332,1,0,DACIA DUSTER,-1,-1,0,-1
2024542747224,2024,542747224,3,9,0,3,3,3,7,0,0,0,0,0,0,0,2,1,6,6,2,51,8,1598,1,6,DACIA DUSTER,6,E01031867,0,2
2024631535459,2024,631535459,2,9,0,-1,2,0,0,-1,0,0,0,4,0,0,1,1,-1,6,-1,-1,-1,1330,1,5,DACIA DUSTER,-1,-1,0,-1
2024440402710,2024,440402710,2,9,0,18,19,5,1,0,0,4,0,0,0,0,1,1,6,6,1,78,11,1332,1,1,DACIA DUSTER,3,E01017104,0,1
2024201460186,2024,201460186,3,9,0,-1,2,0,0,-1,0,0,0,0,0,0,0,1,-1,6,2,60,9,1461,2,4,DACIA DUSTER,6,E01031031,0,3
2024991451507,2024,991451507,1,9,0,-1,19,4,1,-1,0,2,0,0,0,0,1,1,-1,9,1,67,10,1333,1,2,DACIA DUSTER,-1,-1,0,-1
2024231482718,2024,231482718,2,9,0,-1,2,0,0,-1,0,0,0,0,0,0,1,9,-1,6,2,42,7,1461,2,11,DACIA DUSTER,6,E01031193,0,1
2024991468902,2024,991468902,1,9,0,-1,14,7,4,-1,0,0,0,0,0,0,2,1,-1,6,2,61,9,999,1,3,DACIA DUSTER,4,-1,0,1
202454D795324,2024,54D795324,1,9,0,18,19,1,5,0,0,0,0,0,0,0,1,1,1,1,1,28,6,1461,2,7,DACIA DUSTER,4,E01032036,0,4
2024101481029,2024,101481029,1,9,0,-1,19,4,8,-1,0,8,0,0,0,0,1,1,-1,6,2,39,7,1461,2,11,DACIA DUSTER,2,E01008699,0,1
2024631517454,2024,631517454,2,9,0,-1,19,8,4,-1,0,0,0,0,0,0,1,1,-1,9,2,43,7,1461,2,9,DACIA DUSTER,5,W01000673,0,3
2024991485164,2024,991485164,1,9,0,-1,19,7,2,-1,0,0,0,0,0,0,1,1,-1,9,1,60,9,1461,2,7,DACIA DUSTER,6,-1,0,3
2024061427629,2024,061427629,2,9,-1,-1,-1,-1,-1,-1,-1,0,-1,-1,-1,0,-1,9,-1,6,3,-1,-1,999,1,2,DACIA DUSTER,-1,-1,0,-1
2024221522156,2024,221522156,2,9,0,-1,2,0,0,-1,0,0,0,0,0,0,2,1,-1,9,1,78,11,999,7,0,DACIA DUSTER,-1,-1,0,-1
2024501498651,2024,501498651,1,9,0,-1,19,8,4,-1,0,0,5,4,0,0,1,1,-1,7,2,39,7,1461,2,11,DACIA DUSTER,1,E01015145,0,1
2024440273255,2024,440273255,1,9,0,9,9,1,7,0,0,6,0,0,0,0,3,1,6,6,1,74,10,1461,2,8,DACIA DUSTER,9,E01023197,0,4
2024311438166,2024,311438166,1,9,0,-1,19,1,5,-1,0,1,0,0,0,0,1,9,-1,6,1,-1,-1,1461,2,7,DACIA DUSTER,-1,-1,0,-1
2024052401300,2024,052401300,1,9,0,4,4,3,7,0,0,6,0,0,1,4,1,1,6,6,1,52,8,1598,1,5,DACIA DUSTER,9,E01012531,0,2
2024161458882,2024,161458882,1,9,0,-1,9,4,2,-1,0,1,0,0,0,0,1,1,-1,9,2,60,9,1461,2,11,DACIA DUSTER,9,E01012988,0,2
2024991511608,2024,991511608,1,9,0,-1,19,2,6,-1,0,0,0,0,0,0,1,1,-1,9,2,32,6,999,7,4,DACIA DUSTER,3,-1,0,3