collision_index,collision_year,collision_ref_no,vehicle_reference,vehicle_type,towing_and_articulation,vehicle_manoeuvre_historic,vehicle_manoeuvre,vehicle_direction_from,vehicle_direction_to,vehicle_location_restricted_lane_historic,vehicle_location_restricted_lane,junction_location,skidding_and_overturning,hit_object_in_carriageway,vehicle_leaving_carriageway,hit_object_off_carriageway,first_point_of_impact,vehicle_left_hand_drive,journey_purpose_of_driver_historic,journey_purpose_of_driver,sex_of_driver,age_of_driver,age_band_of_driver,engine_capacity_cc,propulsion_code,age_of_vehicle,generic_make_model,driver_imd_decile,lsoa_of_driver,escooter_flag,driver_distance_banding
2024070298800,2024,070298800,2,9,0,4,4,5,1,0,0,1,0,0,0,0,1,1,2,2,2,40,7,1798,8,10,LEXUS CT 200,7,E01029545,0,2
2024421415950,2024,421415950,1,9,0,-1,19,1,5,-1,0,8,0,0,0,0,1,1,-1,6,1,26,6,1791,8,12,LEXUS CT 200,2,E01015875,0,1
2024010540101,2024,010540101,1,8,0,18,19,7,3,0,0,0,0,0,0,0,1,1,1,1,1,57,9,1798,8,9,LEXUS CT 200,3,E01000553,0,1
2024311493818,2024,311493818,1,9,0,-1,1,1,5,-1,0,0,0,0,0,0,2,1,-1,9,1,74,10,1798,8,11,LEXUS CT 200,9,E01028375,0,1
2024010546600,2024,010546600,2,9,0,99,99,9,9,99,99,9,9,99,9,99,1,9,6,6,3,39,7,1798,8,10,LEXUS CT 200,6,E01035702,0,1
2024061466665,2024,061466665,1,9,0,-1,19,5,1,-1,0,0,0,0,0,0,1,1,-1,6,2,25,5,1798,8,11,LEXUS CT 200,1,E01034234,0,1
2024340WN5912,2024,340WN5912,1,9,0,-1,19,3,7,-1,0,0,0,0,0,0,1,1,-1,6,2,-1,-1,1798,8,7,LEXUS CT 200,-1,-1,0,-1
2024991446685,2024,991446685,1,9,0,-1,19,3,7,-1,9,6,0,0,0,0,4,2,-1,6,1,34,6,1798,8,11,LEXUS CT 200,1,-1,0,1
2024201431081,2024,201431081,2,8,0,-1,19,2,6,-1,0,0,1,0,0,0,1,1,-1,6,1,31,6,1798,8,8,LEXUS CT 200,1,E01013811,0,4
2024340WN5862,2024,340WN5862,1,9,0,-1,19,6,2,-1,0,0,0,0,0,0,1,1,-1,6,1,-1,-1,1791,8,12,LEXUS CT 200,-1,-1,0,-1
2024421497927,2024,421497927,3,9,0,-1,2,0,0,-1,0,0,0,0,0,0,1,1,-1,6,-1,-1,-1,1798,8,12,LEXUS CT 200,-1,-1,0,-1
2024010521507,2024,010521507,1,9,0,15,15,5,1,0,0,0,0,4,0,0,1,1,2,2,1,44,7,1798,8,10,LEXUS CT 200,2,E01002310,0,2
2024010551286,2024,010551286,1,9,0,9,9,4,2,0,0,1,0,0,0,0,4,1,6,6,2,62,9,1798,8,5,LEXUS CT 200,3,E01000127,0,1
2024010516460,2024,010516460,2,9,0,99,99,9,9,99,99,0,9,99,9,99,9,9,6,6,3,-1,-1,1798,8,9,LEXUS CT 200,-1,-1,0,-1
2024231412268,2024,231412268,2,9,0,-1,4,7,3,-1,0,0,0,0,0,0,2,1,-1,1,1,31,6,1798,8,8,LEXUS CT 200,1,E01034735,0,3
2024010506303,2024,010506303,2,9,0,99,99,9,9,99,99,9,9,99,9,99,1,9,6,6,1,28,6,1798,8,11,LEXUS CT 200,5,E01001150,0,3
2024010514016,2024,010514016,1,9,0,7,7,7,1,0,0,5,0,99,0,0,4,9,6,6,2,72,10,1798,8,7,LEXUS CT 200,8,E01003421,0,1
2024010545251,2024,010545251,2,9,0,18,19,3,7,0,0,2,0,0,0,0,3,1,1,1,1,33,6,1798,8,5,LEXUS CT 200,4,E01000875,0,2
2024010502213,2024,010502213,2,9,0,5,5,5,1,0,0,4,0,0,0,0,1,1,6,6,2,53,8,1798,8,7,LEXUS CT 200,10,E01000325,0,1
2024411525987,2024,411525987,3,9,0,-1,19,3,6,-1,0,0,0,0,0,0,3,1,-1,1,1,37,7,1791,8,12,LEXUS CT 200,3,E01004063,0,4
2024010521152,2024,010521152,2,9,9,99,99,9,9,99,99,9,9,99,9,99,9,9,6,6,3,-1,-1,1798,8,6,LEXUS CT 200,-1,-1,0,-1
2024010516054,2024,010516054,1,9,0,9,9,1,7,0,0,1,0,0,0,0,4,1,6,6,1,32,6,1791,8,13,LEXUS CT 200,3,E01002264,0,1
2024010508820,2024,010508820,1,9,0,7,7,3,5,0,0,1,0,0,1,0,1,2,6,6,1,63,9,1791,8,13,LEXUS CT 200,9,E01004638,0,1
2024311526265,2024,311526265,1,9,0,-1,5,3,7,-1,0,0,0,0,0,0,2,2,-1,1,1,27,6,1798,8,7,LEXUS CT 200,-1,-1,0,-1
2024401487905,2024,401487905,1,9,0,-1,9,7,3,-1,0,8,0,0,0,0,3,1,-1,6,1,35,6,1798,8,4,LEXUS CT 200,3,E01017552,0,1
2024211512088,2024,211512088,1,9,0,-1,7,6,8,-1,0,6,0,0,0,0,1,1,-1,6,1,42,7,1791,8,13,LEXUS CT 200,2,E01014355,0,1
2024340WN1522,2024,340WN1522,2,9,0,-1,5,6,2,-1,0,1,0,0,0,0,2,1,-1,9,2,75,10,1798,8,7,LEXUS CT 200,8,E01027141,0,1
2024332400132,2024,332400132,1,9,0,-1,3,1,5,-1,0,2,0,0,0,0,2,1,-1,6,2,35,6,1791,8,13,LEXUS CT 200,3,E01013772,0,1
2024311486890,2024,311486890,1,9,0,-1,9,1,6,-1,0,2,0,0,0,0,4,1,-1,9,2,36,7,1798,8,11,LEXUS CT 200,1,E01013954,0,1
2024501491609,2024,501491609,1,9,0,-1,19,3,8,-1,0,1,0,0,1,11,1,1,-1,9,2,83,11,1791,8,13,LEXUS CT 200,3,E01018991,0,1
2024010506942,2024,010506942,1,9,0,99,99,9,9,0,0,0,0,0,0,0,9,9,6,6,2,36,7,1798,8,5,LEXUS CT 200,3,E01000082,0,1
2024421452147,2024,421452147,1,9,0,-1,7,5,7,-1,0,0,0,0,0,0,4,1,-1,9,1,39,7,1791,8,13,LEXUS CT 200,7,E01015827,0,1
2024522403144,2024,522403144,2,9,0,18,19,3,7,0,0,8,0,0,0,0,4,1,6,6,1,63,9,1798,8,6,LEXUS CT 200,9,E01014784,0,1
2024061516854,2024,061516854,1,9,0,-1,9,1,7,-1,0,8,0,0,0,0,1,1,-1,2,1,52,8,1791,8,13,LEXUS CT 200,5,E01033987,0,2
2024010549414,2024,010549414,1,9,0,18,19,1,5,0,0,0,0,4,0,0,1,1,6,6,1,42,7,1798,8,10,LEXUS CT 200,-1,-1,0,-1
2024131427729,2024,131427729,1,9,0,-1,19,1,5,-1,0,0,0,0,0,0,2,1,-1,1,1,50,8,1798,8,12,LEXUS CT 200,3,E01011125,0,3
2024010535759,2024,010535759,2,9,9,99,99,9,9,99,99,9,9,99,9,99,9,9,6,6,3,-1,-1,1791,8,13,LEXUS CT 200,-1,-1,0,-1
2024430312889,2024,430312889,1,9,0,10,10,7,5,0,0,8,0,0,0,0,3,1,6,6,2,37,7,1791,8,13,LEXUS CT 200,5,E01016731,0,1
2024010489249,2024,010489249,1,9,0,18,19,4,8,0,0,0,0,0,0,0,1,1,2,2,1,47,8,1791,8,13,LEXUS CT 200,5,E01000067,0,1
2024201421481,2024,201421481,1,9,0,-1,5,0,1,-1,0,0,0,0,0,0,4,9,-1,6,1,30,6,1791,8,13,LEXUS CT 200,-1,-1,0,-1
2024231515564,2024,231515564,2,9,0,-1,19,4,1,-1,0,8,1,0,7,0,1,1,-1,1,1,52,8,1798,8,11,LEXUS CT 200,6,E01010200,0,3
2024101393686,2024,101393686,1,9,0,-1,19,1,5,-1,0,1,0,0,0,0,1,1,-1,2,1,27,6,1798,8,8,LEXUS CT 200,6,E01020821,0,4
2024522401639,2024,522401639,1,9,0,3,3,7,3,0,0,1,0,0,0,0,2,1,6,6,1,64,9,1791,8,13,LEXUS CT 200,10,E01035220,0,2
2024010527012,2024,010527012,2,9,0,18,19,7,3,0,0,1,9,0,0,0,1,1,6,6,2,59,9,1798,8,10,LEXUS CT 200,4,E01003716,0,1
2024010544955,2024,010544955,1,9,0,18,19,1,5,0,0,0,0,0,0,0,1,1,3,7,2,50,8,1791,8,13,LEXUS CT 200,5,E01000928,0,1
2024332400302,2024,332400302,1,9,0,-1,19,7,3,-1,0,6,0,0,0,0,3,1,-1,6,2,82,11,1798,8,5,LEXUS CT 200,9,E01025738,0,2
2024401484546,2024,401484546,1,9,0,-1,19,-1,-1,-1,0,4,0,0,0,0,1,9,-1,6,1,-1,-1,1791,8,13,LEXUS CT 200,3,E01017539,0,3
2024440502716,2024,440502716,1,9,0,18,19,7,5,0,0,6,0,0,0,0,4,1,6,6,1,34,6,1798,8,10,LEXUS CT 200,6,E01017025,0,1
2024501454506,2024,501454506,2,9,0,-1,19,1,5,-1,0,0,0,0,0,0,1,1,-1,6,2,39,7,1798,8,10,LEXUS CT 200,9,E01019964,0,2
2024070627864,2024,070627864,2,9,0,3,3,7,6,0,0,1,0,0,0,0,0,1,6,6,2,54,8,1798,8,4,LEXUS CT 200,8,E01005277,0,3
2024010539161,2024,010539161,2,9,0,18,19,1,5,0,0,0,0,0,0,0,0,1,6,6,1,22,5,1798,8,11,LEXUS CT 200,5,E01004601,0,1
2024010502275,2024,010502275,2,9,0,18,19,3,7,0,0,1,0,0,0,0,1,1,6,6,1,20,4,1798,8,5,LEXUS CT 200,9,E01002509,0,1
2024461405090,2024,461405090,1,9,0,-1,19,5,1,-1,0,0,0,0,0,0,1,9,-1,6,1,51,8,1798,8,11,LEXUS CT 200,2,E01024295,0,2
2024010506354,2024,010506354,1,9,0,5,5,1,5,0,0,1,0,0,0,0,1,1,6,6,1,40,7,1798,8,8,LEXUS CT 200,3,E01004403,0,1
2024211476399,2024,211476399,2,9,0,-1,3,5,5,-1,0,1,0,0,0,0,2,1,-1,6,2,45,7,1798,8,9,LEXUS CT 200,8,E01034105,0,1
2024501409617,2024,501409617,1,8,0,-1,19,1,5,-1,0,0,0,0,0,0,1,1,-1,1,1,36,7,1791,8,13,LEXUS CT 200,1,E01015180,0,1
2024010506552,2024,010506552,1,9,0,99,99,9,9,99,99,9,9,99,9,99,1,9,6,6,3,-1,-1,1798,8,11,LEXUS CT 200,-1,-1,0,-1
2024010507283,2024,010507283,2,9,0,12,12,5,1,6,6,0,0,0,0,0,3,1,6,6,1,60,9,1798,8,12,LEXUS CT 200,2,E01002804,0,2
2024520001460,2024,520001460,1,9,0,3,3,7,3,0,0,8,0,0,0,0,2,1,6,6,2,25,5,1798,8,7,LEXUS CT 200,9,E01014387,0,1
2024552500118,2024,552500118,1,9,0,18,19,6,2,0,0,0,0,0,0,0,3,1,6,6,2,36,7,1798,8,12,LEXUS CT 200,9,E01020367,0,1
2024131461695,2024,131461695,1,9,0,-1,19,1,3,-1,0,0,0,0,0,0,1,1,-1,9,2,48,8,1798,8,10,LEXUS CT 200,1,E01010843,0,1
2024131532286,2024,131532286,1,9,0,-1,19,1,5,-1,0,1,0,0,0,0,1,1,-1,6,3,-1,-1,1798,8,8,LEXUS CT 200,-1,-1,0,-1
2024332400455,2024,332400455,1,9,0,-1,19,2,6,-1,0,0,0,0,0,0,4,1,-1,9,1,36,7,1791,8,13,LEXUS CT 200,7,E01025702,0,3
2024131409793,2024,131409793,2,9,0,-1,2,1,5,-1,0,2,0,0,0,0,1,1,-1,9,1,43,7,1798,8,8,LEXUS CT 200,3,E01011261,0,1
2024010508321,2024,010508321,2,9,9,99,99,9,9,99,99,9,9,99,9,99,9,9,6,6,3,-1,-1,1798,8,10,LEXUS CT 200,-1,-1,0,-1
2024010526607,2024,010526607,1,9,0,18,19,3,7,0,0,8,0,0,0,0,1,1,1,1,1,38,7,1798,8,11,LEXUS CT 200,-1,-1,0,-1
2024010510901,2024,010510901,3,9,0,2,2,0,0,0,0,2,0,0,0,0,0,1,6,6,3,-1,-1,1798,8,12,LEXUS CT 200,-1,-1,0,-1
2024052400127,2024,052400127,2,8,0,18,19,7,3,0,0,1,0,0,0,0,3,1,1,1,1,35,6,1798,8,10,LEXUS CT 200,1,E01006702,0,1
2024451478976,2024,451478976,3,9,0,-1,19,1,5,-1,0,0,0,0,0,0,1,9,-1,6,2,35,6,1798,8,9,LEXUS CT 200,-1,-1,0,-1
2024010514044,2024,010514044,2,9,0,99,99,9,9,99,99,9,9,99,9,99,9,9,6,6,3,-1,-1,1791,8,13,LEXUS CT 200,-1,-1,0,-1
2024471439230,2024,471439230,1,9,0,-1,9,7,5,-1,0,4,0,0,0,0,1,1,-1,2,1,36,7,2231,2,14,LEXUS IS 220,8,E01022607,0,3
2024991424940,2024,991424940,2,9,0,-1,4,5,8,-1,0,1,0,0,0,0,2,1,-1,6,1,37,7,2231,2,18,LEXUS IS 220,7,-1,0,1
2024211501073,2024,211501073,2,9,0,-1,14,7,3,-1,0,0,0,0,0,0,4,1,-1,6,1,28,6,2231,2,17,LEXUS IS 220,6,E01029524,0,1
2024161482788,2024,161482788,2,9,0,-1,19,5,1,-1,0,1,0,0,0,0,1,1,-1,9,1,36,7,2231,2,18,LEXUS IS 220,1,E01013165,0,1
2024070424642,2024,070424642,3,9,0,2,2,0,0,0,0,0,0,0,0,0,2,1,6,6,3,-1,-1,2231,2,16,LEXUS IS 220,-1,-1,0,-1
2024430319771,2024,430319771,1,9,0,18,19,1,5,0,0,1,0,0,0,0,1,1,2,2,1,22,5,2231,2,15,LEXUS IS 220,10,E01028645,0,4
2024141524488,2024,141524488,1,9,0,-1,19,5,8,-1,0,1,0,0,0,0,1,1,-1,6,2,65,9,2231,2,14,LEXUS IS 220,2,E01007636,0,2
2024531525934,2024,531525934,1,9,0,-1,9,1,7,-1,0,6,0,0,0,0,0,9,-1,6,1,-1,-1,2231,2,16,LEXUS IS 220,-1,-1,0,-1
2024041401786,2024,041401786,1,9,0,-1,19,5,3,-1,0,0,0,0,0,0,1,1,-1,9,1,29,6,2231,2,16,LEXUS IS 220,1,E01025574,0,1
2024131499694,2024,131499694,1,9,0,-1,10,4,1,-1,0,8,0,0,0,0,1,1,-1,9,1,49,8,2231,2,16,LEXUS IS 220,3,E01011489,0,1
2024610011624,2024,610011624,1,9,0,7,7,1,3,0,0,8,0,0,0,0,4,1,2,2,1,48,8,2231,2,14,LEXUS IS 220,5,W01001612,0,1
2024451475632,2024,451475632,1,9,0,-1,19,4,7,-1,0,4,0,0,0,0,1,1,-1,9,1,76,11,2231,2,14,LEXUS IS 220,3,E01030676,0,1
2024361461252,2024,361461252,1,9,0,-1,12,7,5,-1,0,0,0,0,0,0,3,1,-1,9,1,72,10,2231,2,18,LEXUS IS 220,1,E01026704,0,1
2024041507122,2024,041507122,1,9,0,-1,19,1,5,-1,0,0,0,0,0,0,1,1,-1,6,-1,-1,-1,2231,2,14,LEXUS IS 220,-1,-1,0,-1
2024440482419,2024,440482419,2,9,0,18,19,7,3,0,0,0,0,2,1,1,1,1,6,6,1,66,10,2231,2,15,LEXUS IS 220,10,E01023052,0,1
2024211512860,2024,211512860,2,9,0,-1,19,6,2,-1,0,6,0,0,0,0,2,1,-1,6,1,58,9,2231,2,17,LEXUS IS 220,2,E01010061,0,4
2024522402602,2024,522402602,1,9,0,18,19,8,4,0,0,8,0,0,0,0,4,1,6,6,1,39,7,2231,2,14,LEXUS IS 220,7,E01014890,0,2
2024302400798,2024,302400798,1,9,0,9,9,5,3,0,0,8,0,0,0,0,1,1,6,6,1,55,8,2231,2,16,LEXUS IS 220,6,E01013518,0,1
2024351543925,2024,351543925,3,9,0,-1,19,2,6,-1,0,0,1,0,1,4,1,1,-1,6,1,28,6,2231,2,17,LEXUS IS 220,-1,-1,0,-1
2024041467432,2024,041467432,2,9,0,-1,2,0,0,-1,0,0,0,0,0,0,2,1,-1,6,-1,-1,-1,2231,2,15,LEXUS IS 220,-1,-1,0,-1
2024131429207,2024,131429207,1,9,0,-1,-1,-1,-1,-1,-1,8,-1,-1,-1,0,-1,1,-1,6,3,-1,-1,-1,3,0,MAKE AND MODEL REDACTED,-1,-1,0,-1
2024531442328,2024,531442328,1,3,0,-1,19,5,1,-1,0,0,5,10,1,10,3,1,-1,9,1,57,9,125,1,0,MAKE AND MODEL REDACTED,3,E01022159,0,3
2024361449866,2024,361449866,2,3,0,-1,19,5,1,-1,0,8,0,0,0,0,2,1,-1,2,1,20,4,125,1,2,MAKE AND MODEL REDACTED,8,E01026530,0,1
2024311472053,2024,311472053,1,3,0,-1,19,5,1,-1,2,0,0,0,1,0,3,1,-1,6,1,25,5,125,1,1,MAKE AND MODEL REDACTED,-1,-1,0,-1
2024552400746,2024,552400746,1,3,0,14,14,1,5,0,0,1,0,0,0,0,1,1,6,6,1,20,4,125,1,1,MAKE AND MODEL REDACTED,6,E01020566,0,2
2024991452163,2024,991452163,1,3,0,-1,19,7,3,-1,0,0,5,0,0,0,1,1,-1,2,1,62,9,125,1,4,MAKE AND MODEL REDACTED,10,-1,0,1
2024501412620,2024,501412620,1,2,0,-1,14,3,1,-1,0,1,0,0,0,0,1,1,-1,9,1,17,4,125,1,2,MAKE AND MODEL REDACTED,6,E01020187,0,2
2024552401427,2024,552401427,1,3,0,18,19,4,6,0,0,8,0,7,0,0,1,1,6,6,1,25,5,125,1,2,MAKE AND MODEL REDACTED,5,E01015380,0,1
2024010506922,2024,010506922,2,9,0,99,99,9,9,99,99,9,9,99,9,99,9,9,6,6,1,65,9,-1,3,6,NISSAN LEAF,8,E01003361,0,2
2024991399749,2024,991399749,2,9,0,-1,19,1,7,-1,0,6,0,0,0,0,1,2,-1,6,1,40,7,-1,3,7,NISSAN LEAF,7,-1,0,1
2024461445804,2024,461445804,3,9,0,-1,2,0,0,-1,0,0,0,0,0,0,1,1,-1,6,-1,-1,-1,-1,3,2,NISSAN LEAF,-1,-1,0,-1
2024440564554,2024,440564554,1,9,0,7,7,7,3,0,0,0,0,0,0,0,3,1,6,6,2,83,11,-1,3,6,NISSAN LEAF,-1,-1,0,-1
2024010546955,2024,010546955,1,8,0,99,99,9,9,99,99,9,9,99,9,99,9,9,6,6,1,72,10,-1,3,5,NISSAN LEAF,1,-1,0,5
2024501501180,2024,501501180,1,9,0,-1,9,7,4,-1,0,6,0,0,0,0,1,1,-1,6,1,33,6,-1,3,3,NISSAN LEAF,2,E01034160,0,1
2024501437476,2024,501437476,2,9,0,-1,9,6,4,-1,0,3,0,0,0,0,4,1,-1,9,2,29,6,-1,3,3,NISSAN LEAF,1,E01018933,0,1
2024010532086,2024,010532086,2,9,0,5,5,5,1,0,0,1,0,0,0,0,1,1,6,6,1,29,6,-1,3,3,NISSAN LEAF,4,E01034612,0,3
2024531554993,2024,531554993,1,9,0,-1,19,1,5,-1,0,0,0,0,0,0,1,1,-1,9,2,30,6,-1,3,4,NISSAN LEAF,5,E01022334,0,3
2024430108399,2024,430108399,2,9,0,9,9,2,8,0,0,2,0,0,0,0,1,1,6,6,1,-1,-1,-1,3,5,NISSAN LEAF,-1,-1,0,-1
2024461403590,2024,461403590,1,9,0,-1,7,3,4,-1,0,7,1,0,3,4,1,2,-1,7,1,17,4,-1,3,7,NISSAN LEAF,4,E01024208,0,1
2024520000417,2024,520000417,2,9,0,18,19,9,9,0,0,8,0,0,0,0,1,1,6,6,2,58,9,-1,3,1,NISSAN LEAF,1,E01014703,0,1
2024501412801,2024,501412801,2,9,0,-1,4,6,1,-1,0,8,0,0,0,0,2,9,-1,6,2,63,9,-1,3,4,NISSAN LEAF,8,E01018970,0,3
2024421406679,2024,421406679,1,9,0,-1,2,0,0,-1,0,0,0,0,0,0,2,9,-1,6,3,-1,-1,-1,3,7,NISSAN LEAF,-1,-1,0,-1
2024070694932,2024,070694932,2,9,0,3,3,2,6,0,0,1,0,0,0,0,2,2,6,6,1,44,7,-1,3,5,NISSAN LEAF,8,E01012538,0,1
2024201428202,2024,201428202,2,9,0,-1,9,4,2,-1,0,5,0,0,0,0,3,9,-1,2,1,26,6,-1,3,2,NISSAN LEAF,2,E01010001,0,2
2024010536597,2024,010536597,2,9,0,99,99,9,9,99,99,9,9,99,9,99,9,9,6,6,3,-1,-1,-1,3,5,NISSAN LEAF,-1,-1,0,-1
2024991466636,2024,991466636,1,8,0,-1,1,7,3,-1,0,0,0,0,0,0,2,1,-1,1,1,40,7,-1,3,4,NISSAN LEAF,1,-1,0,1
2024471530474,2024,471530474,1,9,0,-1,19,1,5,-1,0,2,0,0,3,0,1,1,-1,9,1,55,8,-1,3,0,NISSAN LEAF,1,E01020920,0,1
2024361414043,2024,361414043,2,9,0,-1,19,1,5,-1,0,8,0,0,0,0,1,1,-1,9,1,71,10,-1,3,7,NISSAN LEAF,-1,-1,0,-1
2024311418609,2024,311418609,1,8,0,-1,4,5,1,-1,0,2,0,0,0,0,-1,1,-1,1,1,-1,-1,-1,3,3,NISSAN LEAF,-1,-1,0,-1
2024010515988,2024,010515988,1,9,0,99,99,9,9,99,99,9,9,99,9,99,9,9,6,6,2,51,8,-1,3,2,NISSAN LEAF,6,E01002788,0,1
2024552401222,2024,552401222,1,9,0,9,9,7,4,0,0,6,0,0,0,0,3,1,6,6,1,64,9,-1,3,9,NISSAN LEAF,5,E01020469,0,1
2024221523994,2024,221523994,2,9,0,-1,19,1,6,-1,0,0,0,0,0,0,1,1,-1,9,2,45,7,-1,3,9,NISSAN LEAF,5,E01032181,0,2
2024010521500,2024,010521500,2,9,0,99,99,9,9,99,99,9,9,99,9,99,1,9,6,6,3,-1,-1,-1,3,1,NISSAN LEAF,-1,-1,0,-1
2024010524411,2024,010524411,1,9,0,99,99,9,9,99,99,9,9,99,9,99,2,9,6,6,1,26,6,-1,3,3,NISSAN LEAF,4,E01000608,0,3
2024631402642,2024,631402642,2,9,0,-1,19,3,8,-1,0,0,0,0,0,0,4,1,-1,9,2,50,8,-1,3,11,NISSAN LEAF,7,W01000579,0,2
2024010504869,2024,010504869,2,9,0,18,19,5,1,0,0,0,0,0,0,0,0,1,6,6,3,-1,-1,-1,3,2,NISSAN LEAF,-1,-1,0,-1
2024332400226,2024,332400226,1,9,0,-1,19,1,5,-1,0,0,1,0,1,9,1,1,-1,9,2,25,5,-1,3,2,NISSAN LEAF,3,E01031059,0,3
2024440387590,2024,440387590,1,9,0,9,9,7,5,0,0,2,0,0,0,0,1,1,6,6,1,51,8,-1,3,8,NISSAN LEAF,-1,-1,0,-1
2024421517003,2024,421517003,1,9,0,-1,19,5,1,-1,0,8,0,0,0,0,4,1,-1,9,1,60,9,-1,3,9,NISSAN LEAF,4,E01021799,0,2
2024010522188,2024,010522188,1,9,0,18,19,5,1,0,0,1,0,0,0,0,1,1,1,1,2,52,8,-1,3,3,NISSAN LEAF,-1,-1,0,-1
2024421428040,2024,421428040,4,9,0,-1,3,7,4,-1,0,0,0,0,0,0,1,1,-1,9,2,51,8,-1,3,10,NISSAN LEAF,7,E01022088,0,3
2024311499940,2024,311499940,1,9,0,-1,5,1,1,-1,0,3,0,0,0,0,1,1,-1,1,1,52,8,-1,3,8,NISSAN LEAF,-1,-1,0,-1
2024211431002,2024,211431002,2,9,0,-1,19,8,4,-1,0,1,0,0,0,0,1,9,-1,6,1,-1,-1,-1,3,4,NISSAN LEAF,3,E01018423,0,4
2024440085575,2024,440085575,2,9,0,9,9,8,6,0,0,6,0,0,7,11,4,1,6,6,1,71,10,-1,3,6,NISSAN LEAF,7,E01022481,0,1
2024440130789,2024,440130789,1,9,0,9,9,8,6,0,0,8,0,0,0,0,1,1,6,6,2,66,10,-1,3,2,NISSAN LEAF,9,E01022766,0,2
2024531495490,2024,531495490,1,9,0,-1,19,8,4,-1,0,0,0,2,4,1,1,1,-1,2,1,52,8,-1,3,5,NISSAN LEAF,8,E01032701,0,4
2024010513830,2024,010513830,1,9,0,5,5,3,7,0,0,1,0,0,0,0,1,1,6,6,1,49,8,-1,3,4,NISSAN LEAF,3,E01004184,0,1
2024041490848,2024,041490848,1,9,0,-1,5,1,7,-1,0,0,0,9,0,0,1,1,-1,6,1,67,10,-1,3,1,NISSAN LEAF,10,E01025534,0,1
2024010503895,2024,010503895,2,9,0,99,99,9,9,99,99,9,9,99,9,99,1,9,6,6,3,-1,-1,-1,3,3,NISSAN LEAF,3,E01023555,0,3
2024451457140,2024,451457140,2,9,0,-1,19,8,4,-1,0,1,0,0,0,0,4,1,-1,1,1,62,9,-1,3,6,NISSAN LEAF,3,E01034142,0,3
2024461486044,2024,461486044,2,9,0,-1,19,3,7,-1,0,0,0,0,0,0,1,1,-1,9,1,53,8,-1,3,5,NISSAN LEAF,1,E01024687,0,1
2024010527601,2024,010527601,1,9,0,18,19,1,5,0,0,1,0,0,0,0,1,1,1,1,1,51,8,-1,3,2,NISSAN LEAF,3,E01001672,0,3
2024471426924,2024,471426924,1,9,0,-1,9,2,8,-1,0,1,0,0,0,0,1,1,-1,6,2,39,7,-1,3,5,NISSAN LEAF,8,E01021098,0,4
2024430426689,2024,430426689,1,9,0,1,1,2,6,0,0,6,0,0,0,0,2,1,6,6,2,45,7,-1,3,2,NISSAN LEAF,9,E01017841,0,1
2024041406042,2024,041406042,1,9,0,-1,19,7,3,-1,0,0,0,0,0,0,4,1,-1,1,1,62,9,-1,3,7,NISSAN LEAF,2,E01012711,0,1
2024041443847,2024,041443847,1,9,0,-1,19,7,3,-1,0,0,5,0,7,11,1,1,-1,9,1,24,5,-1,3,2,NISSAN LEAF,4,E01006997,0,2
2024010509638,2024,010509638,1,9,0,18,19,1,5,0,0,8,0,0,0,0,1,2,3,7,1,24,5,-1,3,4,NISSAN LEAF,5,E01000504,0,1
2024161486416,2024,161486416,1,9,0,-1,1,8,4,-1,0,0,0,0,0,0,2,1,-1,6,1,29,6,-1,3,2,NISSAN LEAF,5,E01013132,0,1
2024501483906,2024,501483906,2,9,0,-1,19,5,1,-1,0,0,1,0,0,0,4,1,-1,9,1,36,7,-1,3,5,NISSAN LEAF,8,E01020169,0,2
2024131474542,2024,131474542,1,9,0,-1,19,8,4,-1,0,8,2,0,7,11,1,1,-1,9,1,45,7,-1,3,3,NISSAN LEAF,3,E01010595,0,1
2024351495250,2024,351495250,1,9,0,-1,19,3,7,-1,0,2,0,0,0,0,4,1,-1,1,1,56,9,-1,3,6,NISSAN LEAF,5,E01017953,0,1
2024010508408,2024,010508408,2,9,0,99,99,9,9,99,99,9,9,99,9,99,1,9,6,6,3,-1,-1,-1,3,6,NISSAN LEAF,-1,-1,0,-1
2024010526668,2024,010526668,1,9,0,4,4,1,5,0,0,1,0,0,4,0,2,1,6,6,1,58,9,-1,3,2,NISSAN LEAF,5,E01000242,0,1
2024201420638,2024,201420638,1,9,0,-1,5,8,4,-1,0,4,0,0,0,0,3,1,-1,2,1,37,7,-1,3,8,NISSAN LEAF,1,E01035017,0,3
2024440229894,2024,440229894,2,9,0,9,9,2,8,0,0,8,0,0,0,0,3,1,6,6,2,63,9,-1,3,1,NISSAN LEAF,3,E01034065,0,4
2024011505622,2024,011505622,1,9,0,-1,-1,2,6,-1,-1,8,0,0,0,0,1,1,-1,-1,-1,-1,-1,-1,3,10,NISSAN LEAF,-1,-1,0,-1
2024302500225,2024,302500225,1,9,0,-1,1,5,1,-1,9,8,0,0,0,0,2,1,-1,6,2,30,6,-1,3,4,NISSAN LEAF,3,E01019661,0,1
2024010515739,2024,010515739,1,8,0,99,99,9,9,99,99,9,9,99,9,99,9,9,6,6,1,35,6,-1,3,6,NISSAN LEAF,3,E01001722,0,1
2024122400984,2024,122400984,1,9,0,18,19,4,8,0,0,0,1,0,1,10,3,1,6,6,1,61,9,-1,3,9,NISSAN LEAF,5,E01027884,0,2
2024451434975,2024,451434975,2,9,0,-1,19,3,7,-1,0,0,1,0,0,0,3,1,-1,9,1,48,8,-1,3,7,NISSAN LEAF,9,E01030602,0,1