collision_index,collision_year,collision_ref_no,vehicle_reference,vehicle_type,towing_and_articulation,vehicle_manoeuvre_historic,vehicle_manoeuvre,vehicle_direction_from,vehicle_direction_to,vehicle_location_restricted_lane_historic,vehicle_location_restricted_lane,junction_location,skidding_and_overturning,hit_object_in_carriageway,vehicle_leaving_carriageway,hit_object_off_carriageway,first_point_of_impact,vehicle_left_hand_drive,journey_purpose_of_driver_historic,journey_purpose_of_driver,sex_of_driver,age_of_driver,age_band_of_driver,engine_capacity_cc,propulsion_code,age_of_vehicle,generic_make_model,driver_imd_decile,lsoa_of_driver,escooter_flag,driver_distance_banding
2024131421725,2024,131421725,1,9,0,-1,19,1,5,-1,0,8,0,0,0,0,1,1,-1,9,2,37,7,1395,1,7,SEAT LEON,6,E01011517,0,1
2024131528774,2024,131528774,2,9,0,-1,19,3,7,-1,0,0,0,0,0,0,3,1,-1,6,2,33,6,1798,1,11,SEAT LEON,2,E01011041,0,1
2024061493168,2024,061493168,1,9,0,-1,99,1,5,-1,0,8,0,0,0,0,1,1,-1,6,1,-1,-1,1598,2,11,SEAT LEON,-1,-1,0,-1
2024610048824,2024,610048824,1,9,0,18,19,1,5,0,0,0,0,0,0,0,1,1,6,6,1,32,6,1968,2,15,SEAT LEON,1,W01001457,0,3
2024361514114,2024,361514114,2,9,0,-1,9,4,1,-1,0,2,0,0,0,0,1,1,-1,9,1,60,9,1968,2,11,SEAT LEON,7,E01026584,0,1
2024311422581,2024,311422581,1,9,0,-1,7,3,6,-1,0,8,0,0,0,0,3,1,-1,9,1,17,4,1395,1,10,SEAT LEON,7,E01027984,0,1
2024201464041,2024,201464041,4,9,0,-1,4,2,4,-1,0,1,0,4,0,0,2,1,-1,9,1,26,6,1984,1,9,SEAT LEON,-1,-1,0,-1
2024401432266,2024,401432266,1,9,0,-1,19,7,3,-1,0,0,0,0,0,0,1,1,-1,6,1,18,4,1968,2,16,SEAT LEON,2,E01015704,0,1
2024070954493,2024,070954493,1,9,0,-1,19,2,6,-1,0,0,0,0,0,0,1,1,-1,6,1,65,9,1395,1,6,SEAT LEON,6,E01012371,0,2
2024201494633,2024,201494633,1,9,0,-1,9,5,3,-1,0,5,5,7,0,0,3,1,-1,6,1,24,5,1598,2,9,SEAT LEON,1,E01034924,0,2
2024991467696,2024,991467696,1,9,0,-1,7,3,5,-1,0,1,0,0,0,0,3,1,-1,6,1,38,7,1984,1,18,SEAT LEON,10,-1,0,1
2024371494148,2024,371494148,1,9,0,-1,19,-1,-1,-1,0,0,0,0,0,0,1,1,-1,6,1,50,8,1197,1,13,SEAT LEON,8,E01030237,0,1
2024061536477,2024,061536477,2,9,0,-1,19,3,7,-1,0,1,0,7,1,0,1,1,-1,6,1,36,7,1197,1,10,SEAT LEON,2,E01005548,0,3
2024361416900,2024,361416900,2,9,-1,-1,2,0,0,-1,-1,0,-1,-1,-1,0,-1,1,-1,6,3,31,6,1498,1,4,SEAT LEON,-1,-1,0,-1
2024401489830,2024,401489830,1,9,0,-1,12,1,5,-1,-1,0,0,0,0,0,1,1,-1,6,1,36,7,1968,2,13,SEAT LEON,3,E01017601,0,1
2024131435302,2024,131435302,1,9,0,-1,19,7,3,-1,0,0,0,0,0,0,1,1,-1,9,2,38,7,1498,1,4,SEAT LEON,1,E01011735,0,1
2024320084103,2024,320084103,1,9,0,-1,-1,4,8,0,0,8,0,0,0,0,3,1,6,6,1,28,6,1968,2,8,SEAT LEON,8,E01013170,0,3
2024211462422,2024,211462422,1,9,0,-1,19,4,8,-1,0,0,0,4,0,0,2,1,-1,9,2,53,8,1598,2,9,SEAT LEON,2,E01012615,0,5
2024141557303,2024,141557303,5,9,0,-1,4,1,5,-1,0,0,0,0,0,0,2,1,-1,6,2,-1,-1,1498,1,4,SEAT LEON,9,E01008023,0,3
2024371474172,2024,371474172,1,9,0,-1,19,3,7,-1,0,0,0,0,0,0,1,1,-1,9,2,29,6,1896,2,17,SEAT LEON,6,E01015651,0,4
2024991400125,2024,991400125,1,9,0,-1,19,2,5,-1,0,0,1,11,0,0,4,1,-1,9,1,27,6,1984,1,6,SEAT LEON,5,-1,0,1
2024201526559,2024,201526559,2,9,0,-1,5,4,8,-1,0,0,0,0,0,0,4,1,-1,6,1,30,6,1598,2,13,SEAT LEON,1,E01009338,0,1
2024440013118,2024,440013118,2,9,0,18,19,4,8,0,0,4,0,0,0,0,1,1,6,6,2,-1,-1,1598,2,12,SEAT LEON,-1,-1,0,-1
2024991495033,2024,991495033,2,9,0,-1,19,7,3,-1,0,0,0,0,0,0,0,9,-1,9,2,48,8,1598,2,11,SEAT LEON,9,-1,0,1
2024332400931,2024,332400931,3,9,0,-1,19,7,3,-1,0,4,0,0,0,0,0,1,-1,1,1,43,7,1984,1,4,SEAT LEON,-1,-1,0,-1
2024101417775,2024,101417775,1,9,0,-1,15,1,5,-1,0,1,0,0,0,0,1,1,-1,9,1,34,6,1968,2,9,SEAT LEON,1,E01008215,0,1
2024421433260,2024,421433260,2,9,0,-1,19,5,1,-1,0,0,0,0,1,0,1,1,-1,6,1,86,11,1595,1,18,SEAT LEON,6,E01022096,0,2
2024311429766,2024,311429766,2,9,0,-1,19,3,7,-1,0,1,0,0,0,0,1,2,-1,6,2,35,6,1498,1,2,SEAT LEON,2,E01028257,0,2
2024361532559,2024,361532559,1,9,0,-1,19,4,8,-1,0,0,0,0,0,0,1,1,-1,9,2,50,8,1197,1,9,SEAT LEON,4,E01026850,0,1
2024451533892,2024,451533892,3,9,0,-1,19,2,6,-1,0,1,0,0,0,0,1,1,-1,2,1,26,6,1498,1,5,SEAT LEON,9,E01021168,0,3
2024471421183,2024,471421183,1,9,0,-1,19,3,7,-1,0,1,0,0,0,0,1,1,-1,1,2,47,8,1395,1,7,SEAT LEON,5,E01021074,0,1
2024141426535,2024,141426535,1,9,0,-1,19,3,7,-1,0,1,0,0,0,0,1,1,-1,9,1,69,10,1197,1,13,SEAT LEON,1,E01007977,0,1
2024201496660,2024,201496660,1,9,0,-1,19,5,1,-1,0,2,0,0,0,0,1,1,-1,6,1,21,5,1781,1,20,SEAT LEON,3,E01009856,0,2
2024311444812,2024,311444812,2,9,0,-1,10,4,2,-1,0,1,0,0,0,0,3,1,-1,6,1,35,6,1498,1,5,SEAT LEON,7,E01028086,0,1
2024546642024,2024,546642024,1,9,0,18,19,1,5,0,0,0,0,0,0,0,1,1,6,6,1,20,4,1984,1,17,SEAT LEON,6,E01032109,0,1
2024161422283,2024,161422283,2,9,0,-1,3,1,5,-1,0,0,0,0,0,0,3,9,-1,6,1,21,5,1968,2,5,SEAT LEON,6,E01013007,0,1
2024401527712,2024,401527712,1,9,0,-1,4,3,7,-1,0,0,0,0,0,0,2,1,-1,6,2,66,10,1395,8,0,SEAT LEON,9,E01023470,0,4
202460Q043482,2024,60Q043482,2,9,0,10,10,6,4,0,0,1,0,0,0,0,1,1,6,6,1,28,6,1968,2,6,SEAT LEON,-1,-1,0,-1
2024201418909,2024,201418909,1,9,0,-1,19,8,5,-1,0,2,0,0,0,0,1,9,-1,1,1,28,6,1598,2,7,SEAT LEON,3,E01010070,0,1
2024201505062,2024,201505062,2,9,0,-1,19,7,3,-1,0,8,5,0,0,0,3,1,-1,6,1,18,4,1197,1,9,SEAT LEON,1,E01009093,0,2
2024201425368,2024,201425368,2,9,0,-1,19,1,5,-1,0,0,0,0,0,0,4,1,-1,6,2,22,5,1390,1,16,SEAT LEON,1,E01008905,0,2
2024061435117,2024,061435117,1,9,0,-1,19,1,5,-1,0,8,0,0,0,0,1,1,-1,6,-1,29,6,1968,2,12,SEAT LEON,1,E01005338,0,2
2024061453382,2024,061453382,1,9,0,-1,7,8,4,-1,4,8,0,0,0,0,4,1,-1,9,1,18,4,1498,1,2,SEAT LEON,1,E01034834,0,4
2024031476671,2024,031476671,1,9,0,-1,19,3,7,-1,0,0,0,0,0,0,1,1,-1,1,1,39,7,1896,2,15,SEAT LEON,6,E01019196,0,1
2024411513337,2024,411513337,1,9,0,-1,15,1,5,-1,0,3,0,0,0,0,1,1,-1,9,1,39,7,1984,1,16,SEAT LEON,1,E01001483,0,2
2024320417687,2024,320417687,1,9,0,-1,-1,8,4,0,0,1,0,2,0,10,1,1,-1,-1,1,51,8,1968,2,17,SEAT LEON,2,E01026172,0,1
2024411524952,2024,411524952,1,9,-1,-1,-1,-1,-1,-1,-1,-1,-1,-1,-1,0,-1,9,-1,6,1,-1,-1,1598,2,13,SEAT LEON,-1,-1,0,-1
2024071042345,2024,071042345,2,9,0,-1,3,1,5,-1,0,0,0,0,0,0,2,1,-1,9,2,35,6,1498,1,5,SEAT LEON,2,E01018701,0,1
2024010527802,2024,010527802,1,9,0,18,19,1,5,0,0,1,1,7,0,0,1,1,1,1,1,20,4,1395,8,4,SEAT LEON,8,E01027261,0,4
2024340WN5322,2024,340WN5322,2,9,0,-1,2,0,0,-1,0,0,0,0,0,0,3,1,-1,6,3,-1,-1,1984,1,16,SEAT LEON,-1,-1,0,-1
2024451474516,2024,451474516,1,9,0,-1,19,1,5,-1,0,0,0,0,0,0,1,1,-1,2,1,51,8,1395,1,8,SEAT LEON,4,E01022575,0,3
2024320286451,2024,320286451,2,9,0,9,9,3,1,0,0,8,0,0,0,0,3,1,-1,-1,2,37,7,1896,2,15,SEAT LEON,-1,-1,0,-1
2024161506843,2024,161506843,2,9,0,-1,19,4,8,-1,0,1,0,0,0,0,1,1,-1,9,2,65,9,1197,1,10,SEAT LEON,7,E01013269,0,3
2024501426848,2024,501426848,2,9,0,-1,4,5,1,-1,0,1,0,0,0,0,2,1,-1,9,1,42,7,1968,2,10,SEAT LEON,9,E01010248,0,5
2024061498822,2024,061498822,1,9,0,-1,19,7,3,-1,0,0,0,0,0,0,1,1,-1,6,1,32,6,1896,2,16,SEAT LEON,4,E01005724,0,1
2024101416245,2024,101416245,2,9,0,-1,3,6,2,-1,0,0,0,0,0,0,2,1,-1,6,1,19,4,1395,1,6,SEAT LEON,2,E01027397,0,1
2024332400709,2024,332400709,2,9,0,-1,19,9,9,-1,0,8,0,0,0,0,1,1,-1,6,2,-1,-1,1598,2,11,SEAT LEON,-1,-1,0,-1
2024320496680,2024,320496680,1,9,0,9,9,6,3,0,0,6,0,0,0,0,3,1,1,1,1,55,8,999,1,0,SEAT LEON,8,E01026200,0,2
2024461479182,2024,461479182,2,9,0,-1,2,0,0,-1,0,0,1,0,7,10,2,1,-1,6,3,-1,-1,999,1,3,SEAT LEON,-1,-1,0,-1
2024201411272,2024,201411272,1,9,0,-1,5,5,1,-1,0,2,0,0,0,0,1,9,-1,6,1,23,5,1595,1,18,SEAT LEON,1,E01009359,0,1
2024501492328,2024,501492328,2,9,0,-1,9,1,7,-1,0,8,0,0,0,0,1,1,-1,6,2,78,11,1498,1,5,SEAT LEON,8,E01020107,0,1
2024522402735,2024,522402735,2,9,0,1,1,3,7,0,0,0,0,0,0,0,2,1,6,6,1,20,4,1197,1,11,SEAT LEON,1,E01014585,0,1
2024061394124,2024,061394124,1,9,0,-1,19,7,3,-1,0,8,5,7,0,0,1,1,-1,6,1,36,7,1595,1,17,SEAT LEON,3,E01005997,0,1
2024131496714,2024,131496714,2,9,0,-1,19,3,7,-1,0,0,0,0,0,0,3,1,-1,6,1,44,7,1968,2,1,SEAT LEON,6,E01006038,0,4
2024311398589,2024,311398589,2,9,0,-1,9,5,1,-1,0,1,0,0,0,0,1,1,-1,2,1,40,7,1598,2,10,SEAT LEON,9,E01028104,0,3
2024141423818,2024,141423818,2,9,0,-1,5,5,2,-1,0,1,0,4,0,0,1,1,-1,6,3,-1,-1,1395,1,7,SEAT LEON,-1,-1,0,-1
2024141426009,2024,141426009,2,9,0,-1,15,6,1,-1,0,0,0,0,0,0,1,9,-1,6,1,20,4,1598,2,12,SEAT LEON,1,E01034842,0,1
2024440556386,2024,440556386,2,9,0,9,9,7,4,0,0,8,0,0,0,0,1,1,2,2,1,73,10,999,1,4,SEAT LEON,1,E01017118,0,1
2024010530047,2024,010530047,1,9,0,99,99,9,9,99,99,9,9,99,9,99,2,9,6,6,1,59,9,1968,2,7,SEAT LEON,7,E01001346,0,2
2024461498089,2024,461498089,1,9,0,-1,19,3,7,-1,0,0,0,0,0,0,1,9,-1,6,1,38,7,1794,1,19,TOYOTA AVENSIS,9,E01024143,0,1
2024010519735,2024,010519735,2,9,0,18,19,5,1,0,0,0,0,0,0,0,2,1,2,2,1,49,8,1798,1,8,TOYOTA AVENSIS,-1,-1,0,-1
2024332400902,2024,332400902,1,9,0,-1,5,5,1,-1,0,6,0,0,0,0,1,1,-1,9,1,46,8,1798,1,7,TOYOTA AVENSIS,8,E01032600,0,2
2024061522316,2024,061522316,1,9,-1,-1,-1,-1,-1,-1,-1,0,-1,-1,-1,0,-1,9,-1,6,3,-1,-1,1995,2,14,TOYOTA AVENSIS,-1,-1,0,-1
2024211398345,2024,211398345,2,9,0,-1,19,4,8,-1,0,0,0,0,0,0,1,1,-1,9,1,50,8,1798,1,12,TOYOTA AVENSIS,2,E01010270,0,3
2024440525314,2024,440525314,3,9,0,18,19,6,2,0,0,0,0,0,0,0,1,1,6,6,3,-1,-1,1995,2,12,TOYOTA AVENSIS,-1,-1,0,-1
2024201527206,2024,201527206,2,8,0,-1,19,2,8,-1,0,8,0,0,0,0,3,1,-1,1,1,52,8,1798,1,7,TOYOTA AVENSIS,1,E01009059,0,1
2024201477208,2024,201477208,1,9,0,-1,19,3,5,-1,0,6,0,0,0,0,1,1,-1,9,1,68,10,1998,2,16,TOYOTA AVENSIS,1,E01009889,0,3
2024201464703,2024,201464703,2,9,0,-1,19,5,1,-1,0,8,0,0,0,0,1,9,-1,1,1,55,8,1798,1,12,TOYOTA AVENSIS,-1,-1,0,-1
2024501400514,2024,501400514,1,9,0,-1,19,6,2,-1,0,0,1,0,0,0,1,1,-1,6,2,62,9,1995,2,18,TOYOTA AVENSIS,5,E01018992,0,2
2024201425361,2024,201425361,1,8,0,-1,19,2,6,-1,0,4,0,0,0,0,3,1,-1,2,1,39,7,1794,7,16,TOYOTA AVENSIS,1,E01008884,0,1
2024131411783,2024,131411783,1,9,0,-1,14,5,1,-1,0,2,0,0,0,0,4,1,-1,9,1,32,6,1798,1,15,TOYOTA AVENSIS,1,E01011374,0,1
2024211473442,2024,211473442,2,9,0,-1,7,7,3,-1,0,8,0,0,0,0,1,1,-1,1,1,40,7,1995,2,11,TOYOTA AVENSIS,1,E01014305,0,1
2024361438840,2024,361438840,1,9,0,-1,8,7,1,-1,0,1,0,0,0,0,3,1,-1,6,1,33,6,1794,1,19,TOYOTA AVENSIS,8,E01018159,0,5
2024010518581,2024,010518581,1,9,0,3,3,1,5,0,0,8,0,0,0,0,3,1,6,6,1,26,6,1794,1,16,TOYOTA AVENSIS,6,E01002410,0,4
2024131472170,2024,131472170,1,9,0,-1,19,7,3,-1,0,0,1,0,0,0,1,1,-1,2,1,30,6,1794,1,15,TOYOTA AVENSIS,4,E01011870,0,4
2024361491794,2024,361491794,2,9,0,-1,19,3,7,-1,0,0,0,0,0,0,1,1,-1,9,1,54,8,1995,2,19,TOYOTA AVENSIS,1,E01026869,0,3
2024010524253,2024,010524253,1,9,0,18,19,7,3,0,0,1,0,0,0,0,4,1,6,6,1,60,9,1798,1,14,TOYOTA AVENSIS,-1,-1,0,-1
2024991436675,2024,991436675,2,9,0,-1,19,6,2,-1,0,0,0,0,0,0,2,1,-1,9,1,66,10,1995,2,9,TOYOTA AVENSIS,3,-1,0,1
2024332400319,2024,332400319,1,9,0,-1,7,4,6,-1,0,6,0,0,0,0,1,1,-1,6,2,51,8,1598,2,8,TOYOTA AVENSIS,1,E01025725,0,1
2024440368888,2024,440368888,1,9,0,9,9,3,6,0,0,3,0,0,0,0,3,1,2,2,1,52,8,1794,1,17,TOYOTA AVENSIS,2,E01001509,0,4
2024211469073,2024,211469073,1,9,0,-1,19,1,5,-1,0,0,1,0,0,0,1,1,-1,1,1,45,7,2231,2,17,TOYOTA AVENSIS,6,E01029746,0,2
202454C923024,2024,54C923024,3,9,0,8,8,8,2,0,0,1,0,0,0,0,1,1,1,1,1,55,8,1598,2,8,TOYOTA AVENSIS,5,E01035462,0,4
2024302401081,2024,302401081,2,9,0,18,19,1,5,0,0,1,0,0,0,0,1,1,6,6,3,-1,-1,1998,2,14,TOYOTA AVENSIS,5,E01019456,0,4
2024010522810,2024,010522810,2,9,0,2,2,0,0,0,0,0,0,0,0,0,3,1,6,6,3,-1,-1,1798,1,13,TOYOTA AVENSIS,-1,-1,0,-1
2024061420880,2024,061420880,1,9,0,-1,1,4,4,-1,0,0,0,0,0,0,2,1,-1,6,1,45,7,1995,2,12,TOYOTA AVENSIS,-1,-1,0,-1
2024411519853,2024,411519853,1,9,0,-1,19,-1,-1,-1,0,0,0,0,0,0,1,1,-1,6,3,-1,-1,1794,1,20,TOYOTA AVENSIS,-1,-1,0,-1
2024451496429,2024,451496429,2,9,0,-1,5,5,1,-1,0,1,0,0,0,0,-1,9,-1,6,3,50,8,1995,2,12,TOYOTA AVENSIS,-1,-1,0,-1
2024010503791,2024,010503791,1,9,0,99,99,9,9,99,99,9,9,99,9,99,2,9,6,6,2,52,8,1794,1,20,TOYOTA AVENSIS,2,E01003046,0,1
2024302400526,2024,302400526,3,9,0,4,4,8,4,0,0,0,0,0,0,0,0,1,6,6,1,-1,-1,1794,1,18,TOYOTA AVENSIS,1,E01008083,0,3
2024122500239,2024,122500239,1,8,0,1,1,7,3,0,0,1,1,0,1,4,1,1,1,1,1,32,6,1995,2,7,TOYOTA AVENSIS,2,E01027580,0,3
2024010536391,2024,010536391,1,9,0,99,99,9,9,99,99,9,9,99,9,99,9,9,6,6,2,47,8,1798,1,13,TOYOTA AVENSIS,9,E01003652,0,1
2024430498333,2024,430498333,1,9,0,18,19,7,5,0,0,6,0,0,0,0,4,1,6,6,2,81,11,1762,1,24,TOYOTA AVENSIS,9,E01028492,0,1
2024010521447,2024,010521447,2,9,0,1,1,7,3,0,0,5,0,0,0,0,2,1,6,6,1,58,9,1598,2,8,TOYOTA AVENSIS,2,E01034176,0,1
2024131497370,2024,131497370,2,9,0,-1,4,5,1,-1,0,0,0,0,0,0,1,1,-1,6,1,58,9,1998,2,17,TOYOTA AVENSIS,1,E01010702,0,1
2024320182981,2024,320182981,2,9,0,4,4,6,2,0,0,1,0,0,0,0,2,1,-1,-1,2,57,9,1998,1,17,TOYOTA AVENSIS,3,E01026325,0,1
2024010498459,2024,010498459,2,9,0,18,19,1,5,0,0,0,0,4,0,0,1,1,3,7,1,71,10,1794,1,20,TOYOTA AVENSIS,7,E01002972,0,1
2024531520664,2024,531520664,2,9,0,-1,19,4,8,-1,0,8,0,0,0,0,4,1,-1,1,1,60,9,1995,2,9,TOYOTA AVENSIS,4,E01022149,0,1
2024041478030,2024,041478030,1,9,0,-1,9,7,5,-1,0,8,0,0,0,0,1,1,-1,9,1,66,10,2231,2,16,TOYOTA AVENSIS,3,E01025294,0,1
2024010508183,2024,010508183,3,9,0,3,3,7,3,0,0,1,0,0,0,0,1,1,6,6,1,54,8,1794,1,19,TOYOTA AVENSIS,3,E01001239,0,1
2024351427507,2024,351427507,1,9,0,-1,19,3,7,-1,0,4,0,0,0,0,1,1,-1,6,1,-1,-1,1794,1,18,TOYOTA AVENSIS,-1,-1,0,-1
2024522403067,2024,522403067,1,9,0,18,19,1,5,0,0,2,0,7,0,0,1,1,6,6,1,80,11,1794,1,21,TOYOTA AVENSIS,7,E01014648,0,1
2024430622684,2024,430622684,1,9,0,18,19,1,5,0,0,4,0,0,0,0,1,1,6,6,1,62,9,1794,1,21,TOYOTA AVENSIS,10,E01014424,0,4
2024461487782,2024,461487782,3,9,0,-1,5,7,3,-1,0,0,0,0,0,0,2,1,-1,9,2,44,7,1794,1,16,TOYOTA AVENSIS,8,E01024730,0,2
2024451422952,2024,451422952,2,9,0,-1,9,1,5,-1,0,8,0,0,0,0,1,1,-1,2,1,67,10,1995,2,18,TOYOTA AVENSIS,6,E01030665,0,2
2024201423327,2024,201423327,5,9,0,-1,2,0,0,-1,0,0,0,0,0,0,2,1,-1,6,-1,-1,-1,1794,1,18,TOYOTA AVENSIS,-1,-1,0,-1
2024302401183,2024,302401183,1,9,0,18,19,5,1,0,0,1,0,0,0,0,1,1,6,6,1,51,8,1998,2,9,TOYOTA AVENSIS,5,E01013937,0,3
2024231425301,2024,231425301,1,9,0,-1,19,7,3,-1,0,1,0,0,0,0,1,1,-1,6,1,37,7,1598,2,6,TOYOTA AVENSIS,2,E01032265,0,3
2024010546040,2024,010546040,2,9,0,18,19,1,5,0,0,1,0,0,0,0,1,1,1,1,1,23,5,1598,2,9,TOYOTA AVENSIS,4,E01021126,0,4
2024361534021,2024,361534021,1,9,0,-1,19,3,7,-1,0,0,5,0,0,0,1,1,-1,6,1,43,7,1998,2,16,TOYOTA AVENSIS,8,E01026470,0,3
2024010538479,2024,010538479,1,9,0,99,99,9,9,99,99,9,9,99,9,99,1,9,6,6,3,72,10,1798,1,12,TOYOTA AVENSIS,8,E01003815,0,1
2024440343302,2024,440343302,1,9,0,18,19,2,6,0,0,6,0,0,0,0,1,1,6,6,1,55,8,1794,1,17,TOYOTA AVENSIS,4,E01023330,0,5
2024522401359,2024,522401359,2,9,0,3,3,6,2,0,0,2,0,0,0,0,4,1,6,6,1,54,8,1598,2,6,TOYOTA AVENSIS,2,E01014568,0,1
2024061467472,2024,061467472,2,8,0,-1,19,2,4,-1,0,1,0,0,0,0,1,1,-1,1,1,56,9,1798,1,7,TOYOTA AVENSIS,6,E01005857,0,2
2024211438376,2024,211438376,1,8,-1,-1,5,2,6,-1,-1,-1,-1,-1,-1,0,-1,9,-1,1,1,40,7,1798,1,10,TOYOTA AVENSIS,3,E01010322,0,3
2024430302023,2024,430302023,2,9,0,2,2,0,0,0,0,2,0,0,0,0,3,1,3,7,2,38,7,1995,2,11,TOYOTA AVENSIS,6,E01035731,0,1
2024451523966,2024,451523966,1,9,0,-1,19,3,7,-1,0,0,0,0,0,0,1,1,-1,6,1,64,9,1598,2,8,TOYOTA AVENSIS,9,E01030932,0,1
2024501411337,2024,501411337,1,9,0,-1,19,4,8,-1,0,0,0,0,7,4,3,9,-1,9,1,51,8,1998,2,15,TOYOTA AVENSIS,4,E01018942,0,3
2024010511695,2024,010511695,2,9,0,99,99,9,9,99,99,9,9,99,9,99,9,9,6,6,3,34,6,1998,1,19,TOYOTA AVENSIS,3,E01001825,0,1
2024211481479,2024,211481479,2,9,0,-1,10,6,2,-1,0,0,0,0,0,0,2,1,-1,9,1,80,11,1995,2,17,TOYOTA AVENSIS,1,E01010286,0,2
2024211536128,2024,211536128,2,8,0,-1,19,1,5,-1,0,0,0,0,1,0,1,1,-1,1,1,74,10,1998,2,14,TOYOTA AVENSIS,7,E01019726,0,3
2024302401325,2024,302401325,2,9,0,9,9,3,1,0,0,8,0,0,0,0,1,1,6,6,2,30,6,1794,1,18,TOYOTA AVENSIS,6,E01019882,0,1
2024201400374,2024,201400374,1,9,0,-1,19,2,6,-1,0,1,0,0,0,0,1,1,-1,6,1,16,4,1798,7,7,TOYOTA AVENSIS,-1,-1,0,-1
2024010512784,2024,010512784,2,9,0,99,99,9,9,99,99,9,9,99,9,99,1,9,6,6,3,40,7,1798,1,13,TOYOTA AVENSIS,7,E01002747,0,1
2024131410886,2024,131410886,1,8,0,-1,19,1,5,-1,0,0,0,0,0,0,2,1,-1,2,1,52,8,1798,7,13,TOYOTA AVENSIS,1,E01010701,0,1
2024041461918,2024,041461918,1,9,0,-1,19,1,5,-1,0,2,0,0,3,0,1,1,-1,9,1,35,6,1995,2,10,TOYOTA AVENSIS,2,E01005238,0,4
2024041418197,2024,041418197,1,9,0,-1,19,1,5,-1,0,8,0,0,0,0,1,1,-1,1,1,54,8,1995,2,8,TOYOTA AVENSIS,1,E01012650,0,3
2024332400889,2024,332400889,1,9,0,-1,4,5,1,-1,0,1,0,0,0,0,2,1,-1,2,2,45,7,1794,1,17,TOYOTA AVENSIS,3,E01013732,0,1
2024131479953,2024,131479953,3,9,0,-1,10,7,1,-1,0,1,0,0,0,0,1,1,-1,9,1,56,9,1995,2,13,TOYOTA AVENSIS,1,E01011504,0,1
2024211504769,2024,211504769,1,9,0,-1,9,1,5,-1,0,6,0,0,0,0,1,1,-1,6,1,41,7,1794,1,21,TOYOTA AVENSIS,3,E01014283,0,1
2024231504841,2024,231504841,1,9,0,-1,19,4,8,-1,0,8,0,0,0,0,1,1,-1,6,1,64,9,2231,2,17,TOYOTA AVENSIS,6,E01031257,0,2
2024010517714,2024,010517714,1,9,0,4,4,3,7,0,0,0,0,0,0,0,2,1,2,2,1,46,8,1995,2,7,TOYOTA AVENSIS,3,E01034614,0,4
2024520000255,2024,520000255,1,9,0,18,19,8,4,0,0,0,0,0,0,0,9,1,6,6,3,-1,-1,1995,2,7,TOYOTA AVENSIS,-1,-1,0,-1
2024531473512,2024,531473512,2,9,0,-1,4,8,4,-1,0,1,0,0,0,0,2,1,-1,9,1,30,6,2231,2,17,TOYOTA AVENSIS,10,E01031689,0,5
2024010496841,2024,010496841,2,9,0,99,99,9,9,0,0,8,0,0,9,0,9,9,6,6,3,-1,-1,1794,1,16,TOYOTA AVENSIS,-1,-1,0,-1
2024401411931,2024,401411931,2,9,0,-1,6,7,2,-1,0,0,0,0,0,0,3,1,-1,9,1,54,8,2231,2,17,TOYOTA AVENSIS,2,E01015738,0,1
2024031497985,2024,031497985,2,9,0,-1,19,7,3,-1,0,1,0,0,0,0,1,1,-1,6,2,43,7,1798,1,14,TOYOTA AVENSIS,10,E01019368,0,1
2024141516649,2024,141516649,2,9,0,-1,19,6,2,-1,0,1,0,0,0,0,1,1,-1,1,1,37,7,1998,2,9,TOYOTA AVENSIS,1,E01007783,0,2
2024141470199,2024,141470199,1,9,0,-1,19,4,8,-1,0,1,0,0,7,11,1,1,-1,9,1,41,7,1794,1,19,TOYOTA AVENSIS,1,E01007729,0,1
2024371471220,2024,371471220,1,9,0,-1,19,3,7,-1,0,0,0,11,0,0,1,1,-1,6,1,76,11,1794,1,19,TOYOTA AVENSIS,10,E01018293,0,4
2024201534217,2024,201534217,1,9,0,-1,19,6,2,-1,0,0,0,0,0,0,3,2,-1,9,1,56,9,1798,1,13,TOYOTA AVENSIS,1,E01009152,0,1
2024451493663,2024,451493663,2,9,0,-1,19,1,7,-1,0,4,0,0,2,0,1,2,-1,2,1,30,6,2231,2,16,TOYOTA AVENSIS,2,E01024904,0,5
2024340WN3692,2024,340WN3692,1,9,0,-1,19,1,5,-1,0,0,0,0,0,0,1,1,-1,6,1,86,11,1998,1,25,TOYOTA AVENSIS,2,E01027248,0,1
2024211535302,2024,211535302,1,9,0,-1,19,5,5,-1,0,5,0,10,0,0,3,1,-1,6,1,85,11,1995,2,14,TOYOTA AVENSIS,5,E01014295,0,1
2024141514092,2024,141514092,1,9,0,-1,19,5,1,-1,0,8,0,0,0,0,4,1,-1,9,1,43,7,2231,2,16,TOYOTA AVENSIS,2,E01007535,0,1
2024061487209,2024,061487209,1,9,0,-1,1,2,6,-1,0,1,0,0,0,0,2,1,-1,9,1,69,10,1794,1,16,TOYOTA AVENSIS,1,E01009836,0,5
2024631440954,2024,631440954,1,9,0,-1,19,4,8,-1,0,2,0,4,0,0,1,1,-1,9,2,38,7,2231,2,15,TOYOTA AVENSIS,5,W01000455,0,1
2024201526376,2024,201526376,1,8,0,-1,19,1,5,-1,0,0,1,0,0,0,3,1,-1,1,1,52,8,1995,2,9,TOYOTA AVENSIS,1,E01014580,0,5
2024430319479,2024,430319479,1,9,0,17,19,2,7,0,0,0,0,0,1,4,1,1,6,6,1,44,7,2231,2,18,TOYOTA AVENSIS,-1,-1,0,-1