collision_index,collision_year,collision_ref_no,vehicle_reference,vehicle_type,towing_and_articulation,vehicle_manoeuvre_historic,vehicle_manoeuvre,vehicle_direction_from,vehicle_direction_to,vehicle_location_restricted_lane_historic,vehicle_location_restricted_lane,junction_location,skidding_and_overturning,hit_object_in_carriageway,vehicle_leaving_carriageway,hit_object_off_carriageway,first_point_of_impact,vehicle_left_hand_drive,journey_purpose_of_driver_historic,journey_purpose_of_driver,sex_of_driver,age_of_driver,age_band_of_driver,engine_capacity_cc,propulsion_code,age_of_vehicle,generic_make_model,driver_imd_decile,lsoa_of_driver,escooter_flag,driver_distance_banding
2024201517126,2024,201517126,3,9,0,-1,2,0,0,-1,0,0,0,4,0,0,3,1,-1,6,-1,-1,-1,1798,1,15,TOYOTA AVENSIS,-1,-1,0,-1
2024361473816,2024,361473816,1,9,0,-1,19,5,1,-1,0,0,0,0,0,0,1,1,-1,1,1,46,8,1598,2,7,TOYOTA AVENSIS,5,E01026466,0,4
2024061441347,2024,061441347,1,9,0,-1,9,4,1,-1,0,1,0,0,0,0,1,1,-1,6,1,24,5,1998,1,21,TOYOTA AVENSIS,4,E01005730,0,1
2024361454954,2024,361454954,2,9,0,-1,4,7,4,-1,0,1,0,0,0,0,2,1,-1,6,1,54,8,2231,2,12,TOYOTA AVENSIS,4,E01030231,0,4
2024131494082,2024,131494082,2,9,0,-1,9,2,2,-1,0,8,0,0,0,0,4,1,-1,6,1,72,10,1998,2,10,TOYOTA AVENSIS,2,E01010628,0,1
2024471415237,2024,471415237,1,8,0,-1,19,1,5,-1,0,8,0,0,0,0,1,1,-1,1,1,55,8,1995,2,7,TOYOTA AVENSIS,5,E01016884,0,1
2024531458501,2024,531458501,1,9,0,-1,19,7,3,-1,0,1,5,4,0,0,1,1,-1,1,1,55,8,1995,2,13,TOYOTA AVENSIS,3,E01022294,0,3
2024340WN4982,2024,340WN4982,2,9,0,-1,3,5,1,-1,0,1,0,0,1,10,2,1,-1,1,1,40,7,1998,1,20,TOYOTA AVENSIS,9,E01035402,0,1
2024332400318,2024,332400318,1,9,0,-1,19,4,8,-1,0,4,0,0,7,4,1,1,-1,9,1,47,8,1794,1,18,TOYOTA AVENSIS,3,E01025697,0,1
2024471466485,2024,471466485,2,9,0,-1,19,3,7,-1,0,0,0,0,0,0,4,2,-1,9,1,64,9,1998,1,16,TOYOTA AVENSIS,2,E01021049,0,1
2024311426341,2024,311426341,1,9,0,-1,19,2,2,-1,0,1,0,0,0,0,1,1,-1,6,1,52,8,1798,1,9,TOYOTA AVENSIS,8,E01028246,0,1
2024440432839,2024,440432839,2,9,0,7,7,1,3,0,0,2,0,0,0,0,1,1,3,7,1,50,8,1794,1,16,TOYOTA AVENSIS,2,E01023156,0,1
2024101436581,2024,101436581,2,9,0,-1,3,7,3,-1,0,0,0,0,0,0,2,9,-1,6,1,49,8,2231,2,17,TOYOTA AVENSIS,1,E01008291,0,2
2024201527028,2024,201527028,2,8,0,-1,19,6,2,-1,0,8,0,0,0,0,1,1,-1,6,1,34,6,1798,1,14,TOYOTA AVENSIS,3,E01009835,0,1
2024302400920,2024,302400920,2,9,0,17,19,5,3,0,0,0,0,0,0,0,1,1,6,6,1,63,9,1995,2,8,TOYOTA AVENSIS,8,E01019812,0,1
2024430009957,2024,430009957,2,9,0,4,4,5,1,0,0,1,0,0,0,0,2,1,6,6,2,50,8,1995,2,12,TOYOTA AVENSIS,6,E01028503,0,4
2024070473262,2024,070473262,1,9,0,13,13,1,5,0,0,0,0,0,0,0,1,1,6,6,1,32,6,1798,1,15,TOYOTA AVENSIS,5,E01008352,0,5
2024141443747,2024,141443747,2,9,0,-1,5,5,1,-1,0,6,0,0,0,0,1,9,-1,6,1,-1,-1,1995,2,9,TOYOTA AVENSIS,-1,-1,0,-1
2024340NN3422,2024,340NN3422,1,9,0,-1,19,8,4,-1,0,1,0,4,0,0,1,1,-1,9,1,77,11,2231,2,19,TOYOTA AVENSIS,6,E01027078,0,1
2024010535961,2024,010535961,1,9,0,7,7,1,3,9,9,4,0,0,1,0,1,1,2,2,2,61,9,1794,1,18,TOYOTA AVENSIS,6,E01001295,0,1
2024041420474,2024,041420474,2,9,0,-1,2,0,0,-1,0,0,0,0,0,0,1,1,-1,6,3,-1,-1,2231,2,14,TOYOTA AVENSIS,-1,-1,0,-1
2024231417048,2024,231417048,2,9,0,-1,7,6,8,-1,0,5,0,0,0,0,3,2,-1,1,1,47,8,1995,2,6,TOYOTA AVENSIS,10,E01030948,0,5
2024440469711,2024,440469711,2,9,0,18,19,6,4,0,0,6,0,0,0,0,3,1,6,6,1,-1,-1,1798,1,14,TOYOTA AVENSIS,-1,-1,0,-1
2024201460726,2024,201460726,1,8,0,-1,19,3,7,-1,0,2,0,0,0,0,1,1,-1,1,1,43,7,1798,1,13,TOYOTA AVENSIS,3,E01010327,0,1
2024351562157,2024,351562157,1,9,0,-1,9,1,7,-1,0,8,0,0,0,0,1,1,-1,6,1,47,8,1995,2,9,TOYOTA AVENSIS,4,E01015623,0,4
2024201472173,2024,201472173,2,9,0,-1,19,4,8,-1,0,0,0,0,0,0,4,9,-1,6,1,42,7,1798,7,13,TOYOTA AVENSIS,3,E01009922,0,1
2024131438855,2024,131438855,2,9,0,-1,-1,-1,-1,-1,-1,8,-1,-1,-1,-1,1,1,-1,6,3,-1,-1,1998,2,9,TOYOTA AVENSIS,-1,-1,0,-1
2024031443817,2024,031443817,4,9,0,-1,4,5,1,-1,0,0,0,0,0,0,2,1,-1,2,1,65,9,1995,2,12,TOYOTA AVENSIS,2,-1,0,5
202460Q170102,2024,60Q170102,2,9,0,17,19,6,2,0,0,0,0,0,1,0,1,1,6,6,1,72,10,1995,2,11,TOYOTA AVENSIS,-1,-1,0,-1
2024351429233,2024,351429233,1,9,0,-1,19,1,5,-1,0,0,0,0,0,0,4,1,-1,6,2,75,10,1798,1,7,TOYOTA AVENSIS,6,E01018110,0,1
2024061407948,2024,061407948,2,9,0,-1,19,1,1,-1,0,1,0,0,0,0,2,2,-1,6,1,53,8,1998,1,16,TOYOTA AVENSIS,1,E01005377,0,1
2024061487629,2024,061487629,2,9,0,-1,19,-1,-1,-1,0,9,1,0,0,0,2,1,-1,6,3,-1,-1,1995,2,19,TOYOTA AVENSIS,-1,-1,0,-1
2024411539388,2024,411539388,1,9,0,-1,19,4,8,-1,0,1,5,0,0,0,1,1,-1,7,2,27,6,1794,1,18,TOYOTA AVENSIS,7,E01023531,0,1
2024451473142,2024,451473142,1,9,0,-1,19,1,3,-1,0,1,0,0,0,0,2,2,-1,6,1,75,10,1995,2,20,TOYOTA AVENSIS,4,E01030981,0,1
2024052402544,2024,052402544,1,9,0,10,10,5,3,0,0,1,0,0,0,0,4,1,1,1,2,40,7,1798,1,10,TOYOTA AVENSIS,3,E01007050,0,1
2024451395320,2024,451395320,2,9,0,-1,2,0,0,-1,0,0,0,0,0,0,2,1,-1,6,-1,-1,-1,1794,1,21,TOYOTA AVENSIS,-1,-1,0,-1
2024141536068,2024,141536068,2,9,0,-1,5,5,6,-1,-1,6,0,0,0,0,1,1,-1,1,1,58,9,1598,2,6,TOYOTA AVENSIS,9,E01032926,0,2
2024041511486,2024,041511486,2,9,0,-1,19,5,1,-1,0,0,0,1,0,0,1,1,-1,6,1,43,7,1995,2,8,TOYOTA AVENSIS,1,E01005698,0,4
2024340NN9012,2024,340NN9012,1,9,0,-1,19,5,1,-1,0,1,0,0,0,0,1,1,-1,2,1,34,6,1995,2,12,TOYOTA AVENSIS,3,E01027233,0,4
2024010539683,2024,010539683,2,8,0,18,19,7,3,0,0,8,0,0,0,0,1,1,1,1,1,56,9,1798,1,6,TOYOTA AVENSIS,2,E01016041,0,4
2024520402792,2024,520402792,1,9,0,18,19,1,5,0,0,0,5,10,0,0,1,1,6,6,1,70,10,1995,2,12,TOYOTA AVENSIS,3,E01029170,0,1
2024471476574,2024,471476574,2,9,0,-1,19,6,2,-1,0,8,0,0,0,0,4,1,-1,9,2,65,9,2231,2,9,TOYOTA AVENSIS,9,E01021158,0,1
2024131480046,2024,131480046,1,9,0,-1,4,7,3,-1,4,8,0,0,0,0,2,1,-1,6,3,-1,-1,1995,2,19,TOYOTA AVENSIS,-1,-1,0,-1
2024610020324,2024,610020324,1,9,0,8,8,4,8,0,0,7,0,0,0,0,2,1,1,1,1,43,7,1995,2,11,TOYOTA AVENSIS,1,W01001687,0,1
2024610005224,2024,610005224,1,9,0,4,4,5,1,0,0,0,0,0,0,0,2,1,6,6,1,55,8,1798,1,13,TOYOTA AVENSIS,8,E01014863,0,4
2024430533856,2024,430533856,1,9,0,18,19,5,1,0,0,0,0,0,0,0,1,1,6,6,1,55,8,1598,1,21,TOYOTA AVENSIS,6,E01028437,0,1
2024041426041,2024,041426041,1,9,0,-1,19,3,7,-1,0,1,0,0,0,0,1,1,-1,7,2,45,7,1995,2,17,TOYOTA AVENSIS,2,E01012630,0,3
2024201505318,2024,201505318,2,9,0,-1,19,4,8,-1,0,8,0,0,0,0,1,9,-1,1,1,30,6,1798,1,12,TOYOTA AVENSIS,1,E01009007,0,1
2024361500665,2024,361500665,1,9,0,-1,2,0,0,-1,0,1,0,0,0,0,3,1,-1,6,3,-1,-1,1798,1,13,TOYOTA AVENSIS,-1,-1,0,-1
202454A581324,2024,54A581324,2,9,0,2,2,0,0,0,0,1,0,0,0,0,2,1,6,6,3,-1,-1,1995,2,19,TOYOTA AVENSIS,-1,-1,0,-1
2024010528352,2024,010528352,2,9,0,18,19,5,1,0,0,0,0,0,0,0,1,2,6,6,1,45,7,1798,1,12,TOYOTA AVENSIS,8,E01002534,0,1
2024430439311,2024,430439311,1,9,0,2,2,0,0,0,0,0,0,0,0,0,1,1,6,6,2,17,4,1794,1,23,TOYOTA AVENSIS,10,E01017797,0,1
2024302401069,2024,302401069,2,9,0,16,19,6,2,0,0,0,0,0,0,0,1,1,1,1,1,40,7,1794,1,16,TOYOTA AVENSIS,1,E01013487,0,1
2024010510239,2024,010510239,1,9,0,18,19,6,2,0,0,8,0,0,0,0,4,1,1,1,1,71,10,1598,2,8,TOYOTA AVENSIS,2,E01004398,0,3
2024311494354,2024,311494354,1,8,0,-1,19,1,5,-1,0,0,0,0,0,0,2,1,-1,1,1,33,6,1998,2,10,TOYOTA AVENSIS,-1,-1,0,-1
2024340NN3282,2024,340NN3282,2,8,0,-1,19,7,3,-1,0,0,0,0,0,0,1,1,-1,1,1,30,6,1995,2,11,TOYOTA AVENSIS,3,E01027224,0,3
2024361569488,2024,361569488,2,9,0,-1,19,3,7,-1,0,0,0,0,0,0,3,1,-1,9,1,76,11,1998,2,15,TOYOTA AVENSIS,7,E01026897,0,1
2024041483940,2024,041483940,1,9,0,-1,12,1,5,-1,0,1,0,0,0,0,3,1,-1,9,1,22,5,1995,2,12,TOYOTA AVENSIS,3,W01000328,0,4
2024201520901,2024,201520901,1,8,0,-1,19,3,7,-1,0,1,0,0,0,0,4,1,-1,1,1,44,7,1798,1,11,TOYOTA AVENSIS,3,E01010327,0,2
2024010498673,2024,010498673,1,9,0,4,4,7,3,0,0,8,0,0,0,0,2,1,6,6,1,47,8,1598,1,15,TOYOTA AVENSIS,6,E01004330,0,3
2024201458717,2024,201458717,1,9,0,-1,3,6,1,-1,0,0,0,0,0,0,2,9,-1,2,1,35,6,1995,2,13,TOYOTA AVENSIS,2,E01010477,0,1
2024061422418,2024,061422418,1,9,0,-1,10,-1,-1,-1,0,0,0,0,0,0,2,9,-1,6,3,-1,-1,1998,1,20,TOYOTA AVENSIS,-1,-1,0,-1
2024141479807,2024,141479807,1,9,0,-1,19,5,1,-1,0,0,0,0,0,0,4,1,-1,9,2,77,11,1995,2,19,TOYOTA AVENSIS,9,E01027263,0,5
2024221452707,2024,221452707,1,9,0,-1,19,7,3,-1,0,0,2,0,1,0,1,1,-1,6,1,25,5,1995,2,17,TOYOTA AVENSIS,1,E01009397,0,3
2024010510295,2024,010510295,1,9,0,5,5,0,2,0,0,0,0,0,0,0,3,1,6,6,1,29,6,1998,1,17,TOYOTA AVENSIS,6,E01000220,0,1
2024320385926,2024,320385926,2,9,0,-1,-1,5,1,0,0,0,0,0,0,0,1,1,-1,-1,1,66,10,1598,2,8,TOYOTA AVENSIS,3,E01007702,0,4
2024201524126,2024,201524126,1,9,0,-1,19,7,3,-1,9,0,0,0,1,0,1,1,-1,6,1,50,8,1798,1,12,TOYOTA AVENSIS,-1,-1,0,-1
2024201481101,2024,201481101,2,8,0,-1,19,6,2,-1,0,8,0,0,0,0,4,1,-1,1,1,33,6,1598,2,8,TOYOTA AVENSIS,3,E01009655,0,1
2024061464757,2024,061464757,3,9,0,-1,4,-1,-1,-1,0,1,0,0,0,0,2,1,-1,6,1,-1,-1,1798,1,14,TOYOTA AVENSIS,-1,-1,0,-1
2024211483977,2024,211483977,2,9,0,-1,19,5,1,-1,0,0,0,0,0,0,1,1,-1,6,2,37,7,1995,2,8,TOYOTA AVENSIS,-1,-1,0,-1
2024131411696,2024,131411696,1,9,0,-1,19,4,8,-1,0,8,0,0,0,0,1,1,-1,6,1,44,7,1995,2,10,TOYOTA AVENSIS,7,E01010587,0,2
2024471411285,2024,471411285,4,9,0,-1,2,0,0,-1,0,0,0,4,0,0,1,1,-1,6,-1,-1,-1,1794,1,19,TOYOTA AVENSIS,-1,-1,0,-1
2024041408686,2024,041408686,1,9,0,-1,9,7,3,-1,0,1,0,0,0,0,1,1,-1,9,1,40,7,1794,1,17,TOYOTA AVENSIS,3,E01012587,0,1
2024461527211,2024,461527211,1,9,0,-1,19,3,3,-1,0,8,0,0,0,0,1,1,-1,1,1,38,7,2231,2,15,TOYOTA AVENSIS,4,E01024694,0,1
2024471402038,2024,471402038,1,9,0,-1,9,7,3,-1,0,0,0,0,1,0,1,1,-1,6,1,63,9,1798,1,13,TOYOTA AVENSIS,9,E01017002,0,1
2024451529766,2024,451529766,1,9,0,-1,19,2,4,-1,0,1,0,0,7,0,4,2,-1,9,1,64,9,1998,1,19,TOYOTA AVENSIS,6,E01030842,0,2
2024311523755,2024,311523755,1,9,0,-1,20,5,1,-1,0,0,0,0,0,0,1,1,-1,6,1,69,10,1762,1,26,TOYOTA AVENSIS,4,E01035502,0,1
2024101533229,2024,101533229,2,8,0,-1,2,0,0,-1,0,0,0,0,0,0,1,1,-1,1,1,40,7,1598,2,6,TOYOTA AVENSIS,1,E01008836,0,1
2024201439676,2024,201439676,2,9,0,-1,10,6,3,-1,0,6,1,0,0,0,1,1,-1,9,2,31,6,1995,2,11,TOYOTA AVENSIS,-1,-1,0,-1
2024320030065,2024,320030065,2,9,0,-1,-1,8,4,0,0,0,0,0,0,0,1,1,-1,-1,2,58,9,1998,2,10,TOYOTA AVENSIS,6,E01026031,0,1
2024201457680,2024,201457680,1,9,0,-1,1,4,6,-1,0,0,0,4,0,0,2,1,-1,6,1,55,8,2231,2,13,TOYOTA AVENSIS,-1,-1,0,-1
2024101513260,2024,101513260,1,9,0,-1,19,7,3,-1,0,6,0,0,0,0,1,1,-1,9,2,51,8,1794,1,19,TOYOTA AVENSIS,3,E01035610,0,1
2024440466684,2024,440466684,1,9,0,18,19,2,6,0,0,0,0,0,0,0,1,1,6,6,1,78,11,1995,2,12,TOYOTA AVENSIS,10,E01020366,0,2
2024451458952,2024,451458952,2,9,0,-1,19,5,1,-1,0,8,0,0,0,0,1,1,-1,1,1,58,9,1598,2,6,TOYOTA AVENSIS,5,E01031577,0,2
2024201465122,2024,201465122,3,9,0,-1,19,5,1,-1,0,1,0,0,0,0,2,1,-1,6,1,41,7,1995,2,13,TOYOTA AVENSIS,-1,-1,0,-1
2024622400167,2024,622400167,2,9,0,16,19,4,8,0,0,3,0,0,0,0,1,1,6,6,2,68,10,1798,1,12,TOYOTA AVENSIS,6,W01001754,0,1
2024061513810,2024,061513810,1,9,-1,-1,-1,-1,-1,-1,-1,-1,-1,-1,-1,0,-1,9,-1,6,3,-1,-1,2231,2,16,TOYOTA AVENSIS,-1,-1,0,-1
2024052401180,2024,052401180,2,8,0,18,19,5,1,0,0,1,1,0,0,0,1,2,1,1,1,49,8,1598,2,8,TOYOTA AVENSIS,1,E01006616,0,1
2024010526234,2024,010526234,2,9,0,99,99,9,9,99,99,9,9,99,9,99,9,9,6,6,3,-1,-1,1798,1,9,TOYOTA AVENSIS,-1,-1,0,-1
2024451480276,2024,451480276,1,9,0,-1,19,3,7,-1,0,1,1,0,1,0,1,1,-1,9,1,46,8,1995,2,12,TOYOTA AVENSIS,8,E01030991,0,1
2024211420037,2024,211420037,1,8,0,-1,19,1,5,-1,-1,0,0,0,1,0,1,9,-1,1,1,22,5,2231,2,12,TOYOTA AVENSIS,1,E01009062,0,4
2024141445817,2024,141445817,2,9,0,-1,19,5,1,-1,0,0,0,0,0,0,2,1,-1,1,1,50,8,2231,2,11,TOYOTA AVENSIS,-1,-1,0,-1
2024201525809,2024,201525809,1,8,0,-1,9,7,5,-1,0,5,0,0,0,0,1,1,-1,1,1,44,7,1794,1,16,TOYOTA AVENSIS,1,E01009408,0,2
2024061427062,2024,061427062,1,9,0,-1,19,7,3,-1,0,8,0,0,0,0,1,1,-1,1,1,54,8,1598,2,8,TOYOTA AVENSIS,1,E01005376,0,1
2024991472035,2024,991472035,2,9,0,-1,9,1,7,-1,0,8,0,0,0,0,1,1,-1,6,1,44,7,1798,1,15,TOYOTA AVENSIS,3,-1,0,1
2024471467047,2024,471467047,3,9,0,-1,2,3,3,-1,0,1,0,0,0,0,3,1,-1,6,-1,-1,-1,2231,2,17,TOYOTA AVENSIS,-1,-1,0,-1
2024041508936,2024,041508936,2,9,0,-1,19,2,6,-1,0,1,0,0,0,0,1,1,-1,6,2,58,9,1995,2,12,TOYOTA AVENSIS,2,E01010312,0,5
2024041430556,2024,041430556,1,9,0,-1,19,5,1,-1,0,0,0,0,0,0,3,1,-1,9,1,-1,-1,1794,1,19,TOYOTA AVENSIS,9,E01024937,0,1
2024010528016,2024,010528016,2,9,9,99,99,9,9,99,99,9,9,99,9,99,9,9,6,6,3,-1,-1,1998,1,22,TOYOTA AVENSIS,-1,-1,0,-1
202454B134124,2024,54B134124,2,9,0,2,2,0,0,0,0,0,0,0,1,0,2,1,6,6,1,46,8,1995,2,10,TOYOTA AVENSIS,6,E01032114,0,1
2024421453236,2024,421453236,1,9,0,-1,11,1,5,-1,0,0,1,0,0,0,4,2,-1,9,1,62,9,1998,2,15,TOYOTA AVENSIS,4,E01026784,0,5
2024501513150,2024,501513150,2,9,0,-1,4,3,7,-1,0,4,0,0,0,0,1,1,-1,9,1,55,8,1995,2,11,TOYOTA AVENSIS,6,E01019048,0,4
2024552401341,2024,552401341,2,9,0,3,3,2,6,0,0,1,0,0,0,0,2,1,6,6,2,59,9,1995,2,19,TOYOTA AVENSIS,7,E01015436,0,1
2024411419729,2024,411419729,2,9,-1,-1,5,-1,-1,-1,0,1,0,0,0,0,1,9,-1,9,1,52,8,1794,1,19,TOYOTA AVENSIS,4,E01023899,0,1
2024211534516,2024,211534516,1,8,0,-1,6,5,1,-1,0,1,0,0,0,0,1,1,-1,6,1,55,8,1995,2,10,TOYOTA AVENSIS,2,E01014235,0,3
2024311491488,2024,311491488,2,9,0,-1,19,8,4,-1,0,8,1,0,0,0,1,1,-1,6,1,44,7,1798,1,15,TOYOTA AVENSIS,3,E01033398,0,1
2024361501804,2024,361501804,1,9,0,-1,19,6,2,-1,0,0,0,12,0,0,1,1,-1,6,1,62,9,1995,2,11,TOYOTA AVENSIS,9,E01026550,0,3
2024010498917,2024,010498917,1,9,0,18,19,5,1,0,0,0,0,0,0,0,2,1,6,6,1,52,8,1794,1,19,TOYOTA AVENSIS,4,E01004421,0,1
2024401465274,2024,401465274,2,9,0,-1,3,3,7,-1,0,0,0,0,0,0,0,1,-1,1,1,50,8,1998,2,16,TOYOTA AVENSIS,3,E01017453,0,1
2024221488974,2024,221488974,2,8,0,-1,19,3,7,-1,0,0,0,0,8,0,1,1,-1,1,1,57,9,1995,2,10,TOYOTA AVENSIS,9,E01035059,0,1
2024141419119,2024,141419119,2,9,0,-1,19,4,6,-1,0,8,0,0,0,0,4,1,-1,9,1,50,8,1995,2,12,TOYOTA AVENSIS,2,E01010740,0,4
2024451474503,2024,451474503,1,9,0,-1,4,5,1,-1,0,1,0,0,0,0,3,1,-1,9,2,29,6,1798,1,6,TOYOTA AVENSIS,9,E01030976,0,1
2024421436429,2024,421436429,2,9,0,-1,19,5,1,-1,0,0,0,0,7,0,2,1,-1,9,1,32,6,1998,2,14,TOYOTA AVENSIS,1,E01008333,0,5
2024141476109,2024,141476109,3,9,0,-1,2,0,0,-1,0,0,0,0,0,0,4,1,-1,6,-1,-1,-1,1998,2,14,TOYOTA AVENSIS,-1,-1,0,-1
2024201455309,2024,201455309,2,9,0,-1,19,5,1,-1,0,8,0,0,0,0,1,9,-1,6,2,51,8,1995,2,17,TOYOTA AVENSIS,2,E01010335,0,3
2024302400370,2024,302400370,1,9,0,18,19,6,2,0,0,8,0,0,0,0,4,1,6,6,1,29,6,1995,2,13,TOYOTA AVENSIS,3,E01019665,0,3
2024141402235,2024,141402235,2,9,0,-1,19,2,6,-1,0,0,0,0,0,0,1,9,-1,6,3,-1,-1,1762,1,24,TOYOTA AVENSIS,-1,-1,0,-1
2024631512733,2024,631512733,1,9,0,-1,19,5,1,-1,0,8,0,0,1,6,1,1,-1,6,1,90,11,1794,1,22,TOYOTA AVENSIS,2,W01000655,0,3
2024531501561,2024,531501561,6,9,0,-1,19,1,5,-1,0,0,0,0,0,0,2,1,-1,1,1,25,5,1995,2,13,TOYOTA AVENSIS,5,E01022321,0,2
2024201521118,2024,201521118,1,9,0,-1,19,8,4,-1,0,0,0,10,0,0,4,1,-1,1,1,-1,-1,1995,2,9,TOYOTA AVENSIS,3,E01010055,0,3
2024520002234,2024,520002234,3,9,0,18,19,7,3,0,0,0,0,0,0,0,4,1,6,6,2,46,8,1598,2,9,TOYOTA AVENSIS,6,E01032075,0,4
2024041501301,2024,041501301,3,9,0,-1,2,0,0,-1,0,1,0,4,0,0,3,1,-1,6,-1,-1,-1,1995,2,13,TOYOTA AVENSIS,-1,-1,0,-1
2024131431682,2024,131431682,1,9,0,-1,4,5,1,-1,0,8,0,0,1,10,1,1,-1,6,1,36,7,1798,1,13,TOYOTA AVENSIS,6,E01011704,0,3
2024302401555,2024,302401555,1,8,0,9,9,2,8,0,0,8,0,0,0,0,3,1,1,1,1,45,7,1995,2,9,TOYOTA AVENSIS,2,E01013845,0,4
2024522402036,2024,522402036,1,9,0,18,19,4,8,0,0,0,0,0,0,0,4,1,6,6,1,38,7,1794,1,16,TOYOTA AVENSIS,9,E01014908,0,1
2024411534316,2024,411534316,2,9,0,-1,13,7,3,-1,0,2,0,0,0,0,1,1,-1,2,1,24,5,1998,1,18,TOYOTA AVENSIS,6,E01023320,0,2
2024010533802,2024,010533802,2,9,0,11,11,9,9,99,99,5,9,99,9,99,9,9,6,6,3,-1,-1,1798,1,9,TOYOTA AVENSIS,-1,-1,0,-1
2024522401553,2024,522401553,2,9,0,18,19,9,9,0,0,4,0,0,0,0,1,1,6,6,3,-1,-1,1798,1,13,TOYOTA AVENSIS,-1,-1,0,-1
2024201460638,2024,201460638,2,9,0,-1,19,1,5,-1,0,6,0,10,1,0,2,1,-1,9,1,50,8,1598,2,8,TOYOTA AVENSIS,2,E01009481,0,1
2024311488579,2024,311488579,1,9,0,-1,19,6,2,-1,0,1,0,0,0,0,1,1,-1,6,1,31,6,1794,1,18,TOYOTA AVENSIS,3,E01033409,0,1
2024061470042,2024,061470042,4,9,0,-1,3,7,3,-1,0,2,0,0,0,0,3,1,-1,9,1,56,9,1995,2,10,TOYOTA AVENSIS,-1,-1,0,-1
2024421467377,2024,421467377,1,9,0,-1,19,7,3,-1,0,8,0,0,7,0,1,1,-1,9,1,28,6,1798,1,15,TOYOTA AVENSIS,2,E01000604,0,4
2024440201418,2024,440201418,2,9,0,9,9,8,5,0,0,8,0,0,0,0,1,1,6,6,1,75,10,1798,1,13,TOYOTA AVENSIS,9,E01035441,0,2
2024041481723,2024,041481723,1,9,0,-1,19,3,7,-1,0,0,0,0,0,0,4,1,-1,9,2,19,4,1998,2,14,TOYOTA AVENSIS,1,E01020849,0,5
2024461405431,2024,461405431,2,9,0,-1,19,6,2,-1,0,1,0,0,0,0,1,9,-1,6,1,53,8,1794,1,16,TOYOTA AVENSIS,3,E01001188,0,4
2024010532116,2024,010532116,3,9,0,99,99,9,9,99,99,9,9,99,9,99,1,9,6,6,1,80,11,1794,1,16,TOYOTA AVENSIS,10,E01002437,0,2
2024010532057,2024,010532057,3,9,0,2,2,0,0,0,0,8,0,0,3,0,1,1,6,6,3,-1,-1,1798,1,14,TOYOTA AVENSIS,-1,-1,0,-1
2024361461181,2024,361461181,1,9,0,-1,19,6,2,-1,0,0,0,0,0,0,1,1,-1,2,1,67,10,1794,1,16,TOYOTA AVENSIS,5,E01026433,0,1
2024451535142,2024,451535142,1,9,0,-1,19,0,0,-1,0,0,0,1,0,0,1,1,-1,9,2,39,7,1794,1,16,TOYOTA AVENSIS,8,E01030823,0,3
2024991420112,2024,991420112,1,9,0,-1,9,8,4,-1,0,5,0,0,0,0,0,1,-1,9,1,49,8,1998,2,16,TOYOTA AVENSIS,10,-1,0,2
2024311565098,2024,311565098,3,9,0,-1,5,7,3,-1,0,2,0,0,0,0,1,1,-1,6,1,36,7,1598,2,8,TOYOTA AVENSIS,-1,-1,0,-1
2024101522467,2024,101522467,2,9,0,-1,5,4,2,-1,0,2,0,0,0,0,3,1,-1,9,1,52,8,1995,2,10,TOYOTA AVENSIS,9,E01008322,0,2
2024451480459,2024,451480459,3,9,0,-1,19,1,3,-1,0,0,0,0,0,0,1,9,-1,6,1,30,6,1998,1,19,TOYOTA AVENSIS,-1,-1,0,-1
2024122401263,2024,122401263,1,9,0,10,10,1,3,0,0,1,0,0,0,0,1,1,1,1,1,38,7,1798,7,13,TOYOTA AVENSIS,2,E01033899,0,4
2024351490897,2024,351490897,2,9,0,-1,19,-1,-1,-1,0,1,0,-1,-1,0,2,1,-1,9,2,31,6,1995,2,19,TOYOTA AVENSIS,1,E01015593,0,2
2024201496783,2024,201496783,1,9,0,-1,19,5,1,-1,0,0,0,0,0,0,1,1,-1,6,1,43,7,1798,1,14,TOYOTA AVENSIS,6,E01009586,0,2
2024201526252,2024,201526252,1,9,0,-1,2,0,0,-1,0,2,0,0,0,0,4,1,-1,6,1,29,6,1598,2,8,TOYOTA AVENSIS,1,E01009270,0,1
2024211457699,2024,211457699,1,8,0,-1,5,3,7,-1,0,0,0,0,0,0,1,1,-1,1,1,20,4,1798,1,14,TOYOTA AVENSIS,1,E01014307,0,1
2024010513481,2024,010513481,2,9,0,99,99,9,9,99,99,9,9,99,9,99,9,9,6,6,3,-1,-1,1798,1,14,TOYOTA AVENSIS,-1,-1,0,-1
2024061433662,2024,061433662,1,8,0,-1,9,1,5,-1,0,2,0,0,0,0,3,1,-1,1,1,34,6,1995,2,12,TOYOTA AVENSIS,2,E01004814,0,1
2024540415124,2024,540415124,1,9,0,3,3,4,8,0,0,1,0,0,0,0,1,1,6,6,1,-1,-1,1798,1,15,TOYOTA AVENSIS,2,E01033846,0,1
2024440099264,2024,440099264,1,9,0,9,9,6,4,0,0,6,0,0,0,0,3,1,6,6,1,76,11,2231,2,17,TOYOTA AVENSIS,9,E01032615,0,1
2024211472938,2024,211472938,2,8,0,-1,19,4,8,-1,0,2,1,0,0,0,4,1,-1,1,1,65,9,1995,2,9,TOYOTA AVENSIS,1,E01014273,0,1
2024010516124,2024,010516124,1,9,0,1,1,7,3,0,0,2,0,0,0,0,1,1,6,6,1,67,10,1794,1,19,TOYOTA AVENSIS,5,E01001247,0,1
2024440247792,2024,440247792,4,9,0,2,2,0,0,0,0,0,0,0,0,0,2,1,6,6,3,-1,-1,1998,2,16,TOYOTA AVENSIS,-1,-1,0,-1