collision_index,collision_year,collision_ref_no,vehicle_reference,vehicle_type,towing_and_articulation,vehicle_manoeuvre_historic,vehicle_manoeuvre,vehicle_direction_from,vehicle_direction_to,vehicle_location_restricted_lane_historic,vehicle_location_restricted_lane,junction_location,skidding_and_overturning,hit_object_in_carriageway,vehicle_leaving_carriageway,hit_object_off_carriageway,first_point_of_impact,vehicle_left_hand_drive,journey_purpose_of_driver_historic,journey_purpose_of_driver,sex_of_driver,age_of_driver,age_band_of_driver,engine_capacity_cc,propulsion_code,age_of_vehicle,generic_make_model,driver_imd_decile,lsoa_of_driver,escooter_flag,driver_distance_banding
2024010540782,2024,010540782,1,5,0,18,19,1,5,0,0,1,0,0,0,0,4,1,1,1,1,37,7,689,1,2,YAMAHA MT,4,E01001023,0,2
2024401406731,2024,401406731,1,5,0,-1,19,8,4,-1,0,0,0,0,0,0,1,1,-1,6,1,27,6,689,1,9,YAMAHA MT,4,E01015785,0,2
2024302401707,2024,302401707,1,5,0,-1,19,7,3,-1,0,0,1,0,1,9,1,1,-1,6,3,-1,-1,847,1,7,YAMAHA MT,5,E01019456,0,4
2024131499414,2024,131499414,1,3,0,-1,19,5,1,-1,0,8,0,0,0,0,1,1,-1,6,1,35,6,124,1,0,YAMAHA MT,1,E01011038,0,1
2024501444771,2024,501444771,1,5,0,-1,7,6,2,-1,0,0,5,0,0,0,3,1,-1,9,1,61,9,689,1,6,YAMAHA MT,-1,-1,0,-1
2024010539963,2024,010539963,3,5,0,18,19,5,1,0,0,8,2,0,1,1,1,1,6,6,1,22,5,689,1,9,YAMAHA MT,-1,-1,0,-1
2024302401456,2024,302401456,2,5,0,9,9,4,1,0,0,8,0,0,0,0,3,1,6,6,1,46,8,998,1,6,YAMAHA MT,1,E01007783,0,4
2024061462869,2024,061462869,2,3,0,-1,19,7,3,-1,0,0,0,0,1,0,1,1,-1,9,1,18,4,124,1,4,YAMAHA MT,7,E01006059,0,2
2024471464358,2024,471464358,1,3,0,-1,19,7,3,-1,0,0,0,0,0,0,1,1,-1,9,1,19,4,124,1,7,YAMAHA MT,3,E01020974,0,2
2024071048388,2024,071048388,2,4,0,-1,19,1,5,-1,0,1,0,0,0,0,1,1,-1,9,1,23,5,689,1,2,YAMAHA MT,1,E01012408,0,1
2024221481660,2024,221481660,1,5,0,-1,19,1,6,-1,0,0,0,0,7,10,1,1,-1,6,1,19,4,689,1,5,YAMAHA MT,3,E01032251,0,1
2024440093106,2024,440093106,2,5,0,18,19,7,3,0,0,1,0,0,0,0,1,1,6,6,1,36,7,847,1,5,YAMAHA MT,2,E01017117,0,1
2024340NN4142,2024,340NN4142,2,3,0,-1,19,3,7,-1,9,8,2,0,7,11,1,1,-1,9,1,24,5,125,1,7,YAMAHA MT,3,E01027319,0,1
2024070762728,2024,070762728,1,3,0,-1,13,8,4,-1,0,0,0,0,0,0,3,1,-1,9,1,18,4,124,1,9,YAMAHA MT,6,E01012451,0,2
2024541864424,2024,541864424,2,5,0,4,4,7,3,0,0,4,0,0,0,0,2,1,6,6,1,19,4,689,1,2,YAMAHA MT,2,E01014390,0,4
2024010504222,2024,010504222,2,3,9,99,99,9,9,99,99,1,9,99,9,99,1,1,1,1,1,33,6,847,1,9,YAMAHA MT,3,E01002068,0,2
2024451414772,2024,451414772,1,3,0,-1,19,4,8,-1,0,0,0,11,7,6,1,1,-1,2,1,19,4,124,1,1,YAMAHA MT,2,E01016397,0,4
2024332400920,2024,332400920,1,3,0,-1,19,7,3,-1,0,8,0,0,0,0,1,1,-1,9,1,21,5,124,1,6,YAMAHA MT,8,E01025621,0,3
2024010508519,2024,010508519,1,5,0,99,99,9,9,99,99,0,9,99,9,99,9,1,2,2,1,41,7,689,1,6,YAMAHA MT,8,E01000236,0,1
2024401526030,2024,401526030,2,3,0,-1,13,6,2,-1,0,2,1,0,0,0,4,1,-1,2,1,19,4,124,1,3,YAMAHA MT,3,E01017562,0,1
2024451424667,2024,451424667,2,5,0,-1,19,7,3,-1,0,0,5,0,0,0,1,1,-1,9,1,22,5,689,1,6,YAMAHA MT,6,E01004152,0,4
2024421430994,2024,421430994,2,3,0,-1,4,7,2,-1,0,1,0,0,0,0,3,1,-1,9,1,51,8,689,1,1,YAMAHA MT,7,E01021660,0,2
2024501485610,2024,501485610,2,4,0,-1,4,5,1,-1,0,0,5,0,0,0,1,1,-1,9,1,65,9,321,1,3,YAMAHA MT,5,E01018849,0,3
2024552401312,2024,552401312,1,5,0,17,19,6,3,0,0,8,1,10,0,0,0,1,6,6,1,20,4,689,1,4,YAMAHA MT,8,E01015378,0,1
2024421514899,2024,421514899,2,3,0,-1,4,6,2,-1,0,0,0,0,0,0,2,1,-1,9,1,37,7,124,1,1,YAMAHA MT,6,E01004353,0,2
2024991452162,2024,991452162,2,5,0,-1,19,3,7,-1,0,0,0,0,0,0,3,1,-1,9,1,27,6,689,1,8,YAMAHA MT,10,-1,0,4
2024371496060,2024,371496060,2,3,0,-1,19,3,7,-1,0,0,5,0,0,0,1,1,-1,9,1,17,4,124,1,1,YAMAHA MT,3,E01029978,0,1
2024041448916,2024,041448916,1,5,0,-1,19,1,5,-1,0,1,0,0,0,0,0,1,-1,6,1,25,5,847,1,11,YAMAHA MT,2,E01012711,0,1
2024302400778,2024,302400778,2,5,0,18,19,6,1,0,0,8,1,0,0,0,1,1,6,6,1,20,4,689,1,4,YAMAHA MT,3,E01019690,0,3
2024311475657,2024,311475657,1,5,0,-1,5,6,2,-1,0,4,1,0,0,0,3,1,-1,9,1,61,9,998,1,1,YAMAHA MT,6,E01028322,0,3
2024211483151,2024,211483151,1,5,0,-1,19,5,1,-1,0,1,0,0,0,0,1,1,-1,9,1,24,5,689,1,8,YAMAHA MT,-1,-1,0,-1
2024440332376,2024,440332376,1,5,0,18,19,6,2,0,0,0,1,0,0,0,1,1,6,6,2,58,9,998,1,1,YAMAHA MT,10,E01022714,0,3
2024211462690,2024,211462690,1,3,0,-1,4,1,5,-1,0,1,1,0,0,0,1,1,-1,6,1,23,5,124,1,9,YAMAHA MT,4,E01029433,0,1
2024421437117,2024,421437117,2,5,0,-1,19,3,7,-1,0,0,0,0,0,0,1,1,-1,1,1,59,9,998,1,6,YAMAHA MT,-1,-1,0,-1
2024552401311,2024,552401311,1,4,0,7,7,1,4,0,0,3,1,9,0,0,1,1,6,6,1,20,4,321,1,2,YAMAHA MT,7,E01015448,0,2
2024440490840,2024,440490840,2,3,0,18,19,1,5,0,0,1,0,0,0,0,1,1,2,2,1,26,6,124,1,5,YAMAHA MT,9,E01015586,0,4
2024461462912,2024,461462912,1,3,0,-1,7,3,5,-1,0,1,0,0,0,0,1,1,-1,9,1,19,4,125,1,7,YAMAHA MT,7,E01024448,0,1
2024440313299,2024,440313299,1,5,0,18,19,6,2,0,0,1,0,0,0,0,1,1,2,2,1,23,5,689,1,7,YAMAHA MT,3,E01017228,0,1
2024221483258,2024,221483258,2,5,0,-1,19,4,8,-1,0,0,0,0,0,0,1,1,-1,9,1,52,8,847,1,9,YAMAHA MT,4,E01032415,0,4
2024332400122,2024,332400122,1,3,0,-1,19,7,3,-1,0,1,0,0,0,0,1,1,-1,6,1,34,6,124,1,2,YAMAHA MT,1,E01013621,0,1
2024461465132,2024,461465132,2,5,0,-1,19,1,5,-1,0,1,0,0,0,0,1,1,-1,9,1,21,5,689,1,1,YAMAHA MT,2,E01024311,0,1
2024531432074,2024,531432074,1,5,0,-1,5,4,6,-1,0,2,1,0,0,0,3,1,-1,2,1,25,5,689,1,8,YAMAHA MT,7,E01022445,0,1
2024361400481,2024,361400481,1,5,0,-1,8,7,1,-1,0,1,0,0,0,0,2,1,-1,6,1,49,8,689,1,4,YAMAHA MT,6,E01026896,0,2
2024430072789,2024,430072789,1,3,0,3,3,2,6,0,0,0,0,0,0,0,2,1,2,2,1,25,5,124,1,1,YAMAHA MT,3,E01016373,0,1
2024552400755,2024,552400755,1,3,0,18,19,4,8,0,0,0,0,0,0,0,0,1,6,6,1,18,4,124,1,1,YAMAHA MT,7,E01020509,0,3
2024440235174,2024,440235174,1,5,0,14,14,4,8,0,0,1,0,0,0,0,1,1,2,2,1,21,5,689,1,8,YAMAHA MT,-1,-1,0,-1
2024361484655,2024,361484655,1,4,0,-1,19,4,8,-1,0,1,0,0,0,0,1,1,-1,9,1,20,4,124,1,2,YAMAHA MT,6,E01026541,0,1
2024481558130,2024,481558130,2,3,0,-1,19,1,5,-1,0,1,0,0,0,0,2,1,-1,2,1,20,4,124,1,8,YAMAHA MT,-1,-1,0,-1
2024471453323,2024,471453323,2,3,0,-1,19,7,3,-1,0,1,0,0,0,0,1,1,-1,9,1,19,4,125,1,7,YAMAHA MT,8,E01031778,0,1
2024552400608,2024,552400608,1,5,0,18,19,4,8,0,0,0,1,0,0,0,0,1,6,6,1,33,6,998,1,1,YAMAHA MT,6,E01023056,0,3
2024010522461,2024,010522461,2,3,0,18,19,3,7,0,0,1,0,0,0,0,1,1,2,2,1,30,6,124,1,7,YAMAHA MT,6,E01001350,0,1
2024440499982,2024,440499982,1,5,0,18,19,2,6,0,0,0,0,11,0,0,1,1,6,6,1,59,9,998,1,0,YAMAHA MT,9,E01022798,0,3
2024552401007,2024,552401007,2,5,0,9,9,2,1,0,0,8,0,0,0,0,3,1,6,6,1,28,6,689,1,10,YAMAHA MT,5,E01020363,0,1
2024451450064,2024,451450064,2,5,0,-1,19,3,7,-1,0,1,0,0,0,0,1,1,-1,9,1,20,4,689,1,0,YAMAHA MT,6,E01032462,0,5
2024351471258,2024,351471258,1,5,0,-1,19,7,3,-1,0,0,2,0,1,0,1,1,-1,9,1,25,5,847,1,4,YAMAHA MT,5,E01029956,0,1
2024161448194,2024,161448194,1,3,0,-1,13,2,8,-1,0,1,2,0,0,0,4,1,-1,6,1,19,4,124,1,8,YAMAHA MT,9,E01012988,0,1
2024522402565,2024,522402565,2,3,0,18,19,2,6,0,0,0,0,0,1,9,1,1,6,6,1,18,4,124,1,6,YAMAHA MT,4,E01032673,0,1
2024010499927,2024,010499927,1,3,0,99,99,9,9,99,99,9,9,99,9,99,1,1,1,1,1,41,7,689,1,6,YAMAHA MT,10,E01024469,0,4
2024141470253,2024,141470253,1,5,0,-1,13,3,7,-1,0,0,2,0,0,0,3,1,-1,9,1,25,5,689,1,9,YAMAHA MT,2,E01028026,0,2
2024010527569,2024,010527569,1,5,0,9,9,1,7,0,0,4,0,0,0,0,1,1,6,6,1,25,5,689,1,4,YAMAHA MT,10,E01017745,0,4
2024440457604,2024,440457604,1,4,0,13,13,5,1,0,0,1,0,0,7,0,1,1,6,6,1,28,6,321,1,5,YAMAHA MT,2,E01017238,0,1
2024311523073,2024,311523073,1,5,0,-1,19,4,8,-1,0,8,0,0,0,0,1,1,-1,2,1,28,6,689,1,9,YAMAHA MT,2,E01013814,0,1
2024211522055,2024,211522055,1,5,0,-1,19,3,7,-1,0,0,0,4,0,0,1,1,-1,2,1,24,5,689,1,0,YAMAHA MT,5,E01029627,0,2
2024430215154,2024,430215154,1,3,0,18,19,7,3,0,0,1,0,0,0,0,0,1,6,6,2,17,4,124,1,1,YAMAHA MT,8,E01034448,0,1
2024101481143,2024,101481143,1,3,0,-1,13,4,8,-1,0,1,2,0,0,0,1,1,-1,1,1,31,6,124,1,1,YAMAHA MT,7,E01027364,0,2
2024211531531,2024,211531531,2,5,0,-1,19,7,3,-1,0,0,0,0,0,0,-1,1,-1,6,3,-1,-1,689,1,6,YAMAHA MT,-1,-1,0,-1
2024451519159,2024,451519159,1,3,0,-1,19,7,3,-1,0,0,0,0,0,0,4,1,-1,2,1,34,6,124,1,10,YAMAHA MT,8,E01030647,0,1
2024610023024,2024,610023024,1,5,0,18,19,6,2,0,0,0,1,0,1,0,0,1,6,6,1,31,6,689,1,9,YAMAHA MT,8,W01001984,0,4
2024320535101,2024,320535101,1,4,0,-1,-1,4,6,0,0,0,5,0,7,9,1,1,-1,-1,1,35,6,998,1,4,YAMAHA MT,2,E01035482,0,4
2024010520292,2024,010520292,1,5,0,99,99,9,9,99,99,9,9,99,9,99,1,1,6,6,1,27,6,689,1,5,YAMAHA MT,2,E01003338,0,3
2024010529675,2024,010529675,2,3,0,4,4,3,7,0,0,8,0,0,0,0,2,1,6,6,1,40,7,124,1,8,YAMAHA MT,6,E01024172,0,4
2024131478639,2024,131478639,2,4,0,-1,7,3,7,-1,0,1,5,0,1,0,1,1,-1,6,1,16,4,689,1,2,YAMAHA MT,2,E01010961,0,1
2024141411650,2024,141411650,1,3,0,-1,9,5,1,-1,0,8,5,0,0,0,4,1,-1,9,1,22,5,124,1,1,YAMAHA MT,5,E01007838,0,2
2024361473485,2024,361473485,1,5,0,-1,19,6,2,-1,0,1,1,0,0,0,4,1,-1,9,1,23,5,689,1,7,YAMAHA MT,1,E01026800,0,1
202460Q149039,2024,60Q149039,1,3,0,15,15,5,1,0,0,1,0,0,0,0,1,1,6,6,1,18,4,124,1,3,YAMAHA MT,-1,-1,0,-1
2024221506577,2024,221506577,1,3,0,-1,19,2,5,-1,0,0,0,10,1,0,1,1,-1,2,1,26,6,124,1,3,YAMAHA MT,9,E01032189,0,4
2024041402275,2024,041402275,1,5,0,-1,19,3,7,-1,0,0,1,0,0,0,1,1,-1,9,1,32,6,998,1,2,YAMAHA MT,8,E01024948,0,1
2024610008324,2024,610008324,2,3,0,18,19,2,6,0,0,8,0,0,0,0,1,1,6,6,1,26,6,124,1,5,YAMAHA MT,1,W01001617,0,1
2024440397933,2024,440397933,1,5,0,5,5,7,3,0,0,8,0,0,0,0,0,1,6,6,1,31,6,689,1,0,YAMAHA MT,6,E01034728,0,1
2024010509642,2024,010509642,2,4,0,18,19,2,6,0,0,1,0,0,0,0,1,1,6,6,1,21,5,124,1,4,YAMAHA MT,2,E01000990,0,1
2024010545793,2024,010545793,1,5,0,9,9,7,5,0,0,0,2,0,0,0,0,1,2,2,1,24,5,847,1,7,YAMAHA MT,2,E01001959,0,1
2024010509526,2024,010509526,1,3,0,3,3,3,7,0,0,1,0,0,0,0,2,1,2,2,1,38,7,847,1,7,YAMAHA MT,4,E01002647,0,3
2024010503181,2024,010503181,2,5,0,18,19,2,6,0,0,1,0,0,0,0,1,1,6,6,1,32,6,847,1,6,YAMAHA MT,2,E01033702,0,1
2024041470492,2024,041470492,1,3,0,-1,19,1,5,-1,0,0,1,0,1,0,0,1,-1,9,1,21,5,124,1,5,YAMAHA MT,8,E01005000,0,3
2024371510728,2024,371510728,1,3,0,-1,19,3,7,-1,0,0,1,0,0,0,1,1,-1,6,1,26,6,124,1,6,YAMAHA MT,4,E01026474,0,2
2024501508634,2024,501508634,2,4,0,-1,19,7,3,-1,0,3,0,0,0,0,1,1,-1,6,1,39,7,689,1,9,YAMAHA MT,2,E01015181,0,1
2024440111873,2024,440111873,1,3,0,13,13,8,4,0,0,1,0,0,0,0,1,1,2,2,1,27,6,124,1,9,YAMAHA MT,7,E01017247,0,1
2024440397660,2024,440397660,1,3,0,7,7,7,3,0,0,1,0,0,0,0,1,1,6,6,1,37,7,124,1,8,YAMAHA MT,2,E01033237,0,1
2024010500671,2024,010500671,1,5,0,18,19,7,3,0,0,0,0,0,0,0,1,1,2,2,1,49,8,689,1,5,YAMAHA MT,5,E01003527,0,2
2024440209712,2024,440209712,2,3,0,18,19,4,8,0,0,1,0,0,0,0,1,1,6,6,1,20,4,124,1,7,YAMAHA MT,2,E01016438,0,2
2024010515123,2024,010515123,1,5,0,18,19,1,5,2,2,2,0,0,0,0,1,1,6,6,1,37,7,890,1,1,YAMAHA MT,2,E01002720,0,2
2024010538321,2024,010538321,1,3,0,18,19,2,6,0,0,0,0,0,0,0,1,1,6,6,1,23,5,124,1,5,YAMAHA MT,5,E01000619,0,1
2024041475414,2024,041475414,1,4,0,-1,13,5,1,-1,0,1,5,0,0,0,1,1,-1,2,1,43,7,124,1,0,YAMAHA MT,1,E01012679,0,1
2024361460554,2024,361460554,1,5,0,-1,19,7,7,-1,0,4,0,0,0,0,1,1,-1,2,1,22,5,689,1,10,YAMAHA MT,6,E01026922,0,1
2024302400901,2024,302400901,2,5,0,13,13,2,6,0,0,1,0,0,0,0,4,1,6,6,1,29,6,847,1,10,YAMAHA MT,3,E01019569,0,1
2024351506527,2024,351506527,2,3,0,-1,3,3,7,-1,0,2,0,0,0,0,2,1,-1,6,1,20,4,124,1,3,YAMAHA MT,7,E01035526,0,1
2024461509818,2024,461509818,2,3,0,-1,19,7,3,-1,0,0,0,0,0,0,1,1,-1,2,1,25,5,124,1,0,YAMAHA MT,4,E01021498,0,4
2024070825179,2024,070825179,1,3,0,-1,19,5,1,-1,0,0,0,10,0,10,3,1,-1,2,2,22,5,124,1,8,YAMAHA MT,-1,-1,0,-1
2024471483771,2024,471483771,1,5,0,-1,19,8,4,-1,0,4,5,9,0,0,1,1,-1,9,1,25,5,689,1,0,YAMAHA MT,7,E01021010,0,2
2024010505166,2024,010505166,1,5,0,13,13,2,6,0,0,0,0,0,0,0,1,1,2,2,1,28,6,689,1,0,YAMAHA MT,7,E01030848,0,2
2024010538523,2024,010538523,1,2,0,99,99,9,9,99,99,9,9,99,9,99,1,1,1,1,3,23,5,847,1,4,YAMAHA MT,8,E01000204,0,3
2024010540759,2024,010540759,2,5,0,14,14,1,5,0,0,0,0,0,0,0,1,1,2,2,1,25,5,689,1,0,YAMAHA MT,10,E01030726,0,3
2024010527347,2024,010527347,1,3,0,99,99,9,9,99,99,9,9,99,9,99,9,1,6,6,1,24,5,847,1,9,YAMAHA MT,5,E01003080,0,1
2024010502315,2024,010502315,1,3,0,-1,-1,7,3,0,0,1,5,11,0,0,1,1,6,6,1,17,4,124,1,9,YAMAHA MT,7,E01001231,0,1
2024332400177,2024,332400177,1,5,0,-1,19,4,1,-1,0,0,0,0,0,0,4,1,-1,6,1,23,5,689,1,6,YAMAHA MT,1,E01013688,0,3
2024531480561,2024,531480561,2,5,0,-1,19,3,7,-1,0,0,1,0,1,0,1,1,-1,9,1,76,11,689,1,4,YAMAHA MT,9,E01022466,0,1
2024211504769,2024,211504769,2,5,0,-1,19,5,1,-1,0,1,0,0,0,0,1,1,-1,6,1,28,6,847,1,10,YAMAHA MT,1,E01014212,0,1
2024052400096,2024,052400096,2,3,0,18,19,8,4,0,0,8,0,0,0,0,1,1,6,6,1,19,4,124,1,9,YAMAHA MT,7,-1,0,4
2024122400537,2024,122400537,1,5,0,16,19,8,4,0,0,0,0,0,1,0,1,1,6,6,1,43,7,998,1,6,YAMAHA MT,1,E01011953,0,4
2024340NN3502,2024,340NN3502,1,4,0,-1,19,5,1,-1,0,0,0,0,0,0,0,1,-1,9,1,35,6,689,1,4,YAMAHA MT,2,E01035431,0,1
2024520401781,2024,520401781,2,3,0,18,19,2,6,0,0,8,0,0,1,10,1,1,6,6,1,19,4,124,1,8,YAMAHA MT,5,E01020057,0,3
2024471423387,2024,471423387,2,5,0,-1,19,5,1,-1,0,0,0,1,0,0,1,1,-1,9,1,19,4,689,1,0,YAMAHA MT,4,E01031569,0,2
2024361422171,2024,361422171,2,5,0,-1,19,2,6,-1,0,8,0,0,0,0,1,1,-1,6,1,35,6,847,1,7,YAMAHA MT,4,E01034774,0,2
2024430623797,2024,430623797,1,4,0,17,19,8,5,0,0,0,0,0,0,0,1,1,6,6,1,17,4,124,1,8,YAMAHA MT,5,E01016594,0,1
2024361493222,2024,361493222,1,5,0,-1,19,1,5,-1,0,0,1,0,0,0,4,1,-1,9,1,19,4,660,1,15,YAMAHA MT,5,E01026443,0,2
2024010532360,2024,010532360,1,5,0,13,13,4,8,0,0,0,0,0,0,0,4,1,2,2,1,53,8,847,1,8,YAMAHA MT,7,E01000790,0,3
2024451456311,2024,451456311,2,3,0,-1,19,5,1,-1,0,8,5,0,0,0,1,1,-1,9,1,17,4,124,1,8,YAMAHA MT,6,E01002602,0,1
2024631473996,2024,631473996,1,5,0,-1,12,4,7,-1,0,2,1,0,0,0,1,1,-1,9,1,37,7,890,1,2,YAMAHA MT,8,E01014077,0,4
2024552400032,2024,552400032,1,3,0,4,4,4,8,0,0,0,1,0,0,0,0,1,6,6,1,23,5,124,1,1,YAMAHA MT,5,E01020454,0,1
2024010506323,2024,010506323,1,4,0,14,14,1,5,0,0,1,0,0,0,0,1,1,6,6,1,24,5,124,1,5,YAMAHA MT,6,E01003703,0,1
2024122400381,2024,122400381,2,3,0,18,19,1,5,0,0,1,0,0,0,0,1,1,6,6,2,18,4,124,1,5,YAMAHA MT,6,E01027703,0,3
2024501494376,2024,501494376,1,3,0,-1,19,3,7,-1,0,0,0,4,0,0,1,1,-1,9,1,17,4,124,1,0,YAMAHA MT,3,E01015161,0,1
2024131467961,2024,131467961,2,3,0,-1,19,7,3,-1,0,8,0,0,0,0,1,1,-1,2,1,57,9,124,1,6,YAMAHA MT,7,E01011145,0,1
2024461452927,2024,461452927,2,5,0,-1,19,3,7,-1,0,1,0,0,0,0,1,1,-1,9,1,45,7,847,1,8,YAMAHA MT,4,E01016143,0,3
2024010549554,2024,010549554,1,5,0,5,5,1,5,0,0,1,0,0,0,0,1,1,6,6,1,34,6,847,1,6,YAMAHA MT,1,E01002713,0,1
2024461481218,2024,461481218,1,5,0,-1,19,6,2,-1,0,0,0,0,0,0,1,1,-1,9,1,32,6,998,1,8,YAMAHA MT,1,E01016069,0,1
2024991485934,2024,991485934,1,5,0,-1,15,5,1,-1,0,0,2,0,0,0,3,1,-1,9,1,40,7,847,1,6,YAMAHA MT,10,-1,0,4
2024430218532,2024,430218532,1,5,0,18,19,1,5,0,0,1,1,0,0,0,1,1,6,6,1,47,8,998,1,8,YAMAHA MT,8,E01016344,0,1
2024421464454,2024,421464454,1,3,0,-1,13,8,4,-1,0,0,1,0,0,0,4,1,-1,2,1,20,4,124,1,8,YAMAHA MT,9,E01021945,0,1
2024461538242,2024,461538242,1,4,0,-1,19,7,3,-1,0,0,0,4,0,0,1,1,-1,6,1,34,6,847,1,6,YAMAHA MT,3,E01016098,0,1
2024010507050,2024,010507050,2,3,0,18,19,3,7,0,0,8,0,0,0,0,1,1,6,6,1,23,5,124,1,0,YAMAHA MT,4,E01003389,0,1
2024411549601,2024,411549601,1,5,0,-1,19,3,7,-1,0,0,2,0,0,0,2,1,-1,6,1,56,9,890,1,3,YAMAHA MT,10,E01033025,0,2
2024141461878,2024,141461878,1,3,0,-1,19,2,6,-1,0,0,0,0,0,0,1,1,-1,9,1,58,9,124,1,3,YAMAHA MT,9,E01007442,0,1
2024991419618,2024,991419618,1,4,0,-1,19,8,5,-1,0,0,0,0,1,0,1,1,-1,6,1,49,8,321,1,6,YAMAHA MT,5,-1,0,2
2024101481072,2024,101481072,2,3,0,-1,19,3,7,-1,0,2,0,0,0,0,1,1,-1,9,1,74,10,890,1,0,YAMAHA MT,3,E01027550,0,4
2024311441501,2024,311441501,1,5,0,-1,19,7,3,-1,0,8,5,0,0,0,1,1,-1,6,1,67,10,998,1,4,YAMAHA MT,1,E01013861,0,1
2024451483602,2024,451483602,1,3,0,-1,4,6,2,-1,-1,1,1,0,0,0,1,1,-1,9,1,18,4,124,1,4,YAMAHA MT,6,E01030767,0,4
2024010544656,2024,010544656,2,3,0,15,15,5,1,0,0,1,0,0,0,0,1,1,4,7,1,18,4,124,1,9,YAMAHA MT,-1,-1,0,-1
2024531469407,2024,531469407,2,5,0,-1,19,7,3,-1,0,8,0,0,0,0,1,1,-1,9,1,40,7,689,1,7,YAMAHA MT,6,E01022264,0,4
2024320433752,2024,320433752,1,5,0,-1,-1,1,5,0,0,0,2,12,0,0,3,1,-1,-1,1,64,9,998,1,0,YAMAHA MT,8,E01026200,0,3
2024451469568,2024,451469568,2,3,0,-1,19,7,3,-1,0,3,5,0,0,0,3,1,-1,9,1,37,7,124,1,1,YAMAHA MT,5,E01030787,0,3
2024631443408,2024,631443408,1,5,0,-1,19,1,4,-1,0,0,0,0,1,10,1,1,-1,9,1,41,7,998,1,6,YAMAHA MT,7,W01000556,0,4
2024010527226,2024,010527226,2,5,0,18,19,7,3,0,0,1,0,0,0,0,1,1,6,6,1,28,6,847,1,9,YAMAHA MT,9,E01000446,0,3
2024010524978,2024,010524978,3,5,0,13,13,4,8,0,0,1,0,0,0,0,2,1,6,6,1,28,6,847,1,6,YAMAHA MT,2,E01002067,0,1
2024221531571,2024,221531571,3,5,0,-1,14,5,1,-1,0,8,0,0,0,0,1,1,-1,6,1,55,8,890,1,1,YAMAHA MT,8,E01032175,0,1
2024211397274,2024,211397274,1,4,0,-1,19,5,1,-1,0,6,0,0,0,0,4,1,-1,6,2,34,6,689,1,2,YAMAHA MT,-1,-1,0,-1
2024501482214,2024,501482214,1,3,0,-1,13,5,1,-1,0,0,1,11,1,10,3,1,-1,6,2,17,4,124,1,1,YAMAHA MT,2,E01015248,0,3
2024010525042,2024,010525042,1,5,0,18,19,3,7,0,0,0,0,10,0,0,1,1,2,2,1,32,6,998,1,3,YAMAHA MT,7,E01017446,0,4
2024471396776,2024,471396776,1,3,0,-1,9,1,5,-1,0,6,1,0,0,0,3,1,-1,6,1,25,5,124,1,1,YAMAHA MT,6,E01035327,0,1
2024010501681,2024,010501681,1,5,0,99,99,9,9,99,99,9,9,99,9,99,2,1,6,6,1,30,6,890,1,0,YAMAHA MT,3,E01000222,0,1
2024201558844,2024,201558844,2,2,0,-1,5,7,4,-1,0,0,0,0,0,0,1,1,-1,9,1,17,4,124,1,5,YAMAHA MT,2,E01009960,0,1
2024461428819,2024,461428819,1,5,0,-1,19,1,5,-1,0,0,0,0,0,0,1,1,-1,6,1,17,4,890,1,2,YAMAHA MT,1,E01016161,0,1
2024451463978,2024,451463978,1,5,0,-1,99,4,5,-1,99,8,0,0,0,0,3,1,-1,9,1,20,4,689,1,8,YAMAHA MT,6,E01001345,0,3
2024101494932,2024,101494932,2,3,0,-1,19,6,2,-1,0,1,0,0,0,0,1,1,-1,7,1,16,4,124,1,1,YAMAHA MT,5,E01035631,0,1
2024451455329,2024,451455329,3,3,0,-1,19,1,5,-1,0,1,2,0,7,0,1,1,-1,9,1,22,5,124,1,6,YAMAHA MT,10,E01030541,0,3
2024010522896,2024,010522896,1,3,0,18,19,7,3,0,0,0,0,10,7,11,1,1,6,6,1,20,4,124,1,6,YAMAHA MT,5,E01002743,0,4
2024622400618,2024,622400618,1,5,0,16,19,2,6,0,0,3,0,0,0,0,0,1,6,6,1,32,6,689,1,4,YAMAHA MT,2,W01000940,0,1
2024061480342,2024,061480342,2,5,0,-1,19,5,1,-1,0,0,5,0,0,0,4,1,-1,2,1,22,5,689,1,7,YAMAHA MT,8,E01005417,0,3
2024010504275,2024,010504275,1,5,0,99,99,9,9,99,99,1,9,99,9,99,1,1,6,6,1,26,6,689,1,6,YAMAHA MT,2,E01003059,0,2
2024440395596,2024,440395596,1,5,0,13,13,7,1,0,0,8,0,0,0,0,4,1,6,6,2,26,6,689,1,5,YAMAHA MT,1,E01017205,0,1
2024411419418,2024,411419418,2,5,0,-1,19,2,6,-1,0,1,0,0,0,0,3,1,-1,6,1,56,9,847,1,9,YAMAHA MT,6,E01002533,0,2
2024451432291,2024,451432291,3,4,0,-1,19,1,5,-1,0,0,0,0,0,0,3,1,-1,9,1,19,4,321,1,5,YAMAHA MT,10,E01030394,0,2
2024552400312,2024,552400312,1,5,0,18,19,3,7,0,0,0,0,12,0,0,1,1,2,2,2,36,7,689,1,5,YAMAHA MT,8,E01014373,0,4
2024991462398,2024,991462398,1,5,0,-1,19,2,6,-1,0,8,0,0,0,0,1,1,-1,6,1,20,4,689,1,5,YAMAHA MT,10,-1,0,2
2024991467737,2024,991467737,1,5,0,-1,19,3,6,-1,0,2,0,0,0,0,1,1,-1,9,1,52,8,847,1,8,YAMAHA MT,8,-1,0,5