collision_index,collision_year,collision_ref_no,vehicle_reference,vehicle_type,towing_and_articulation,vehicle_manoeuvre_historic,vehicle_manoeuvre,vehicle_direction_from,vehicle_direction_to,vehicle_location_restricted_lane_historic,vehicle_location_restricted_lane,junction_location,skidding_and_overturning,hit_object_in_carriageway,vehicle_leaving_carriageway,hit_object_off_carriageway,first_point_of_impact,vehicle_left_hand_drive,journey_purpose_of_driver_historic,journey_purpose_of_driver,sex_of_driver,age_of_driver,age_band_of_driver,engine_capacity_cc,propulsion_code,age_of_vehicle,generic_make_model,driver_imd_decile,lsoa_of_driver,escooter_flag,driver_distance_banding
2024471448140,2024,471448140,1,3,0,-1,19,7,3,-1,0,0,0,0,0,0,1,1,-1,9,1,19,4,124,1,0,YAMAHA MT,1,E01020912,0,2
2024221399594,2024,221399594,2,5,0,-1,19,5,1,-1,0,8,0,0,0,0,1,1,-1,6,1,29,6,847,1,9,YAMAHA MT,4,E01032301,0,1
2024061511132,2024,061511132,2,3,0,-1,19,1,5,-1,0,8,0,0,0,0,1,1,-1,6,1,18,4,125,1,7,YAMAHA MT,3,E01004889,0,3
2024320371514,2024,320371514,1,5,0,-1,-1,8,4,0,0,5,0,10,0,10,1,1,1,1,1,21,5,689,1,6,YAMAHA MT,10,E01020683,0,5
2024421451348,2024,421451348,1,3,0,-1,13,5,1,-1,0,0,0,0,0,0,1,1,-1,9,2,19,4,124,1,1,YAMAHA MT,7,E01002373,0,2
2024311543127,2024,311543127,1,3,0,-1,4,6,2,-1,0,6,1,0,0,0,0,1,-1,6,1,28,6,124,1,10,YAMAHA MT,-1,-1,0,-1
2024451430877,2024,451430877,2,5,0,-1,14,7,3,-1,0,0,0,0,0,0,4,1,-1,9,1,59,9,998,1,7,YAMAHA MT,4,E01030824,0,1
2024471432772,2024,471432772,1,3,0,-1,19,1,5,-1,0,0,0,0,0,0,1,1,-1,6,1,56,9,124,1,0,YAMAHA MT,7,E01016916,0,4
2024631535767,2024,631535767,1,5,0,-1,19,8,5,-1,0,0,1,0,1,10,1,1,-1,9,1,27,6,847,1,9,YAMAHA MT,1,W01001022,0,4
2024421467499,2024,421467499,2,3,0,-1,19,1,3,-1,0,0,0,0,0,0,4,1,-1,9,1,18,4,124,1,8,YAMAHA MT,10,E01021586,0,3
2024010541042,2024,010541042,1,3,0,18,19,5,1,0,0,2,1,10,0,0,1,1,6,6,1,25,5,124,1,8,YAMAHA MT,4,E01000406,0,1
2024371474547,2024,371474547,1,2,0,-1,19,5,1,-1,0,0,0,0,7,11,1,1,-1,6,1,19,4,124,1,3,YAMAHA MT,4,E01029960,0,1
2024430100987,2024,430100987,2,3,0,18,19,2,6,0,0,0,0,0,0,0,1,1,2,2,1,33,6,124,1,1,YAMAHA MT,6,E01023624,0,3
2024430212061,2024,430212061,2,5,0,14,14,5,1,0,0,8,0,0,0,0,1,1,6,6,1,-1,-1,689,1,5,YAMAHA MT,-1,-1,0,-1
2024231482526,2024,231482526,1,5,0,-1,19,7,2,-1,0,0,0,0,0,0,1,1,-1,9,1,38,7,689,1,9,YAMAHA MT,6,E01031107,0,1
2024440243967,2024,440243967,1,5,0,18,19,2,6,0,0,2,0,0,0,0,4,1,6,6,2,22,5,689,1,9,YAMAHA MT,9,E01022754,0,3
2024211475810,2024,211475810,1,5,0,-1,13,8,4,-1,0,0,0,0,0,0,1,1,-1,6,1,-1,-1,890,1,2,YAMAHA MT,-1,-1,0,-1
2024052402063,2024,052402063,2,5,0,18,19,1,5,0,0,8,0,0,0,0,4,1,2,2,1,55,8,998,1,8,YAMAHA MT,5,E01006930,0,3
2024010511662,2024,010511662,1,5,0,10,10,1,6,0,0,1,9,99,0,0,9,1,6,6,1,29,6,689,1,2,YAMAHA MT,2,E01003128,0,1
2024340NN1642,2024,340NN1642,1,5,0,-1,19,5,8,-1,0,0,0,10,4,0,1,1,-1,9,1,33,6,998,1,7,YAMAHA MT,6,E01026974,0,1
2024061518402,2024,061518402,1,3,0,-1,4,-1,-1,-1,0,1,0,0,0,0,1,1,-1,7,1,19,4,124,1,10,YAMAHA MT,6,E01034128,0,1
2024010507612,2024,010507612,2,5,0,13,13,3,7,0,0,1,0,0,7,10,1,1,6,6,1,23,5,689,1,2,YAMAHA MT,4,E01004337,0,3
2024451476800,2024,451476800,1,3,0,-1,7,1,3,-1,0,5,2,0,0,0,0,1,-1,6,1,18,4,124,1,2,YAMAHA MT,6,E01030721,0,1
2024302400550,2024,302400550,1,5,0,18,19,4,8,0,0,1,0,0,4,6,1,1,6,6,1,35,6,998,1,8,YAMAHA MT,3,E01013828,0,4
2024481507841,2024,481507841,1,5,0,-1,19,3,7,-1,0,0,0,0,0,0,1,1,-1,9,1,30,6,847,1,11,YAMAHA MT,-1,-1,0,-1
2024010501385,2024,010501385,1,5,0,10,10,5,3,0,0,1,0,0,0,0,3,1,6,6,1,39,7,847,1,9,YAMAHA MT,3,E01001676,0,1
2024052400509,2024,052400509,1,3,0,18,19,2,6,0,0,0,0,0,0,0,1,1,6,6,1,34,6,124,1,4,YAMAHA MT,8,E01006622,0,2
2024311509456,2024,311509456,2,4,0,-1,13,1,5,-1,0,1,0,0,7,11,1,1,-1,6,3,23,5,124,1,8,YAMAHA MT,7,E01028285,0,2
2024340NN4552,2024,340NN4552,1,5,0,-1,19,7,3,-1,0,0,0,0,0,1,1,1,-1,6,1,19,4,689,1,0,YAMAHA MT,10,E01025794,0,2
2024440511062,2024,440511062,1,3,0,18,19,8,4,0,0,8,0,0,0,0,1,1,6,6,1,18,4,124,1,1,YAMAHA MT,8,E01023245,0,2
2024520402908,2024,520402908,1,3,0,18,19,3,7,0,0,0,0,12,0,0,1,1,6,6,2,19,4,124,1,5,YAMAHA MT,2,E01035216,0,3
2024141405881,2024,141405881,1,5,0,-1,19,3,2,-1,0,2,0,0,0,0,3,1,-1,9,1,41,7,847,1,11,YAMAHA MT,9,E01007601,0,1
2024010494263,2024,010494263,1,4,0,18,19,3,7,0,0,2,0,0,0,0,4,1,6,6,1,23,5,689,1,5,YAMAHA MT,9,E01028822,0,5
2024010547714,2024,010547714,1,5,0,99,99,9,9,99,99,9,9,99,9,99,0,1,2,2,1,28,6,890,1,3,YAMAHA MT,3,E01003545,0,1
2024010543153,2024,010543153,2,5,0,18,19,7,3,0,0,1,0,0,0,0,3,1,2,2,1,61,9,998,1,1,YAMAHA MT,3,E01033933,0,2
2024010507624,2024,010507624,1,5,0,9,9,7,4,0,0,1,0,0,0,0,1,1,6,6,1,21,5,689,1,5,YAMAHA MT,3,E01002235,0,1
2024411503517,2024,411503517,2,5,0,-1,13,3,7,-1,0,1,1,0,0,0,1,1,-1,1,1,31,6,847,1,10,YAMAHA MT,4,E01021808,0,1
2024520001444,2024,520001444,2,3,0,16,19,-1,-1,0,0,0,0,0,0,0,1,1,6,6,1,35,6,847,1,10,YAMAHA MT,6,E01032114,0,3
2024010534058,2024,010534058,2,3,0,15,15,4,8,0,0,1,5,4,0,0,1,1,2,2,1,25,5,125,1,7,YAMAHA MT,5,E01002236,0,4
2024320217910,2024,320217910,2,5,0,8,8,6,2,0,0,8,5,0,0,0,3,1,6,6,1,42,7,998,1,8,YAMAHA MT,5,E01028291,0,3
2024161444622,2024,161444622,1,5,0,-1,19,3,7,-1,0,5,0,4,0,0,1,1,-1,6,-1,-1,-1,847,1,5,YAMAHA MT,-1,-1,0,-1
2024010531658,2024,010531658,1,3,0,5,5,1,5,0,0,1,0,0,0,0,1,1,6,6,2,26,6,124,1,3,YAMAHA MT,-1,-1,0,-1
2024520500018,2024,520500018,1,4,0,16,19,6,8,0,0,2,0,0,0,0,4,1,6,6,1,26,6,124,1,8,YAMAHA MT,3,E01032635,0,3
2024302400719,2024,302400719,1,5,0,18,19,1,5,0,0,0,0,0,7,0,2,1,6,6,1,44,7,847,1,10,YAMAHA MT,5,E01019534,0,4
2024552401147,2024,552401147,2,5,0,18,19,8,4,0,0,8,0,0,0,0,1,1,6,6,1,21,5,847,1,6,YAMAHA MT,7,E01015324,0,3
2024351448805,2024,351448805,1,3,0,-1,19,7,3,-1,0,0,0,4,0,0,4,1,-1,9,1,19,4,124,1,1,YAMAHA MT,6,E01017962,0,1
2024451472656,2024,451472656,1,5,0,-1,19,1,5,-1,0,0,5,0,1,1,4,1,-1,9,1,28,6,847,1,6,YAMAHA MT,8,E01022864,0,3
2024451479677,2024,451479677,2,3,0,-1,19,3,7,-1,0,8,0,0,0,0,4,1,-1,1,1,20,4,124,1,9,YAMAHA MT,10,E01030404,0,3
2024552400770,2024,552400770,1,4,0,18,19,8,4,0,0,0,0,0,0,0,0,1,6,6,1,17,4,124,1,9,YAMAHA MT,9,E01015431,0,1
2024430399022,2024,430399022,1,3,0,13,13,7,3,0,0,8,2,0,0,0,0,1,6,6,1,29,6,124,1,9,YAMAHA MT,-1,-1,0,-1
2024010525730,2024,010525730,2,3,0,18,19,3,7,0,0,1,2,0,1,0,1,1,6,6,1,31,6,124,1,9,YAMAHA MT,3,E01000441,0,3
2024010520318,2024,010520318,2,3,0,18,19,1,5,0,0,8,5,0,0,0,1,1,6,6,2,26,6,124,1,1,YAMAHA MT,5,E01002885,0,3
2024320469397,2024,320469397,2,3,0,-1,-1,5,1,0,0,8,5,0,0,0,4,1,6,6,1,78,11,689,1,0,YAMAHA MT,1,E01026094,0,1
2024031447303,2024,031447303,1,5,0,-1,19,5,1,-1,0,0,0,0,1,0,3,1,-1,9,2,54,8,689,1,5,YAMAHA MT,6,-1,0,5
2024041470186,2024,041470186,2,5,0,-1,13,5,1,-1,0,0,5,0,7,0,1,1,-1,9,1,25,5,847,1,11,YAMAHA MT,2,E01012711,0,1
2024522402739,2024,522402739,2,3,0,18,19,5,1,2,2,8,0,0,0,0,1,1,6,6,1,19,4,124,1,1,YAMAHA MT,1,E01014726,0,1
2024991429276,2024,991429276,1,5,0,-1,13,5,1,-1,0,0,5,0,1,0,1,1,-1,9,2,41,7,890,1,1,YAMAHA MT,6,-1,0,2
2024430272195,2024,430272195,1,5,0,16,19,4,7,0,0,0,0,0,7,0,1,1,6,6,1,21,5,689,1,5,YAMAHA MT,8,E01028472,0,3
2024461424877,2024,461424877,1,3,0,-1,13,1,5,-1,0,0,0,0,0,0,1,1,-1,6,1,17,4,124,1,3,YAMAHA MT,1,E01016111,0,1
2024010499095,2024,010499095,2,5,0,18,19,7,3,0,0,8,1,0,0,0,1,1,1,1,1,20,4,847,1,9,YAMAHA MT,1,E01001115,0,2
2024211526138,2024,211526138,1,5,0,-1,19,2,6,-1,0,1,0,0,0,0,1,1,-1,9,1,43,7,998,1,5,YAMAHA MT,1,E01010291,0,3
2024421477815,2024,421477815,2,5,0,-1,7,5,7,-1,0,4,0,0,0,0,4,1,-1,6,1,30,6,998,1,4,YAMAHA MT,2,E01021703,0,3
2024471532049,2024,471532049,1,3,0,-1,19,7,3,-1,0,8,5,0,0,0,1,1,-1,6,1,17,4,124,1,8,YAMAHA MT,2,E01016906,0,1
2024451441539,2024,451441539,1,5,0,-1,15,5,1,-1,0,0,0,0,7,9,1,1,-1,9,1,40,7,847,1,7,YAMAHA MT,10,E01024150,0,4
2024440314938,2024,440314938,1,3,0,18,19,2,6,0,0,0,0,0,0,0,1,1,6,6,1,28,6,125,1,7,YAMAHA MT,9,E01022828,0,2
202460Q137160,2024,60Q137160,2,5,0,18,19,2,6,0,0,1,5,0,0,0,1,1,6,6,1,33,6,890,1,0,YAMAHA MT,-1,-1,0,-1
2024421447654,2024,421447654,2,3,0,-1,13,7,3,-1,0,0,1,4,0,0,3,1,-1,6,1,17,4,124,1,1,YAMAHA MT,4,E01021955,0,1
2024201445028,2024,201445028,2,5,0,-1,19,6,2,-1,0,8,0,0,0,0,4,1,-1,2,1,25,5,847,1,6,YAMAHA MT,3,E01010070,0,1
2024430450753,2024,430450753,1,5,0,18,19,5,1,0,0,0,0,0,0,0,1,1,6,6,1,-1,-1,689,1,9,YAMAHA MT,-1,-1,0,-1
2024131472597,2024,131472597,2,5,0,-1,13,1,8,-1,0,1,0,0,0,0,1,1,-1,6,1,69,10,847,1,6,YAMAHA MT,5,E01005521,0,4
2024302401628,2024,302401628,1,3,0,18,19,7,3,0,0,1,0,0,0,0,1,1,6,6,1,24,5,124,1,4,YAMAHA MT,2,E01013538,0,3
2024622500012,2024,622500012,1,4,0,16,19,6,2,0,0,1,0,0,7,2,1,1,6,6,1,36,7,890,1,3,YAMAHA MT,7,W01001988,0,1
2024430478765,2024,430478765,1,5,0,12,12,8,4,0,0,0,0,0,0,0,0,1,2,2,1,30,6,998,1,8,YAMAHA MT,8,E01028806,0,3
2024451471665,2024,451471665,1,3,0,-1,19,3,7,-1,0,1,1,0,0,0,1,1,-1,1,1,21,5,124,1,1,YAMAHA MT,9,E01030911,0,1
2024411409704,2024,411409704,2,4,0,-1,19,1,5,-1,0,0,0,0,0,0,1,1,-1,2,1,57,9,689,1,10,YAMAHA MT,9,E01023706,0,2
2024010505265,2024,010505265,2,5,0,18,19,3,7,0,0,1,0,0,0,0,1,1,2,2,1,32,6,847,1,8,YAMAHA MT,2,E01001477,0,1
2024421527605,2024,421527605,1,2,0,-1,15,1,5,-1,0,0,0,0,0,0,1,1,-1,2,1,27,6,124,1,7,YAMAHA MT,-1,-1,0,-1
2024010504965,2024,010504965,2,5,0,14,14,1,5,0,0,1,0,0,0,0,1,1,1,1,1,32,6,847,1,6,YAMAHA MT,7,E01015588,0,4
2024411470661,2024,411470661,2,3,-1,-1,19,1,5,-1,0,8,0,0,0,0,1,1,-1,2,1,42,7,689,1,0,YAMAHA MT,4,E01002101,0,3
2024401526227,2024,401526227,1,4,0,-1,13,1,5,-1,0,8,0,0,0,0,1,1,-1,6,1,17,4,124,1,0,YAMAHA MT,9,E01017582,0,4
2024411428486,2024,411428486,1,5,0,-1,19,5,1,-1,0,0,0,0,1,0,1,1,-1,6,1,23,5,689,1,3,YAMAHA MT,9,E01023946,0,1
2024122401043,2024,122401043,2,3,0,14,14,7,3,0,0,8,0,0,0,0,1,1,6,6,1,32,6,124,1,4,YAMAHA MT,9,E01013357,0,2
2024401465366,2024,401465366,1,3,0,-1,9,5,1,-1,0,0,0,0,1,2,1,1,-1,6,1,18,4,124,1,9,YAMAHA MT,9,E01017450,0,2
2024161484825,2024,161484825,2,5,0,-1,12,4,8,-1,0,0,5,0,0,0,3,1,-1,6,1,21,5,847,1,10,YAMAHA MT,5,E01013285,0,2
2024311498559,2024,311498559,2,5,0,-1,13,5,1,-1,0,1,0,0,0,0,3,1,-1,6,1,45,7,847,1,8,YAMAHA MT,-1,-1,0,-1
2024332400302,2024,332400302,2,3,0,-1,19,5,1,-1,0,8,0,0,0,0,1,1,-1,6,1,17,4,124,1,9,YAMAHA MT,7,E01025939,0,2
2024211514893,2024,211514893,2,5,0,-1,19,3,7,-1,0,1,2,0,0,0,1,1,-1,6,1,31,6,847,1,10,YAMAHA MT,-1,-1,0,-1
2024010542149,2024,010542149,1,3,0,14,14,7,3,0,0,1,0,0,0,0,4,1,6,6,1,18,4,124,1,3,YAMAHA MT,5,E01002307,0,1
2024010503649,2024,010503649,2,3,0,99,99,9,9,99,99,9,9,99,9,99,9,1,6,6,3,-1,-1,124,1,4,YAMAHA MT,-1,-1,0,-1
2024501471403,2024,501471403,1,5,0,-1,19,4,8,-1,0,0,1,11,1,10,1,1,-1,9,1,21,5,689,1,9,YAMAHA MT,6,E01015200,0,1
2024361440172,2024,361440172,2,5,0,-1,19,1,5,-1,0,8,0,0,0,0,4,1,-1,9,1,32,6,890,1,2,YAMAHA MT,6,E01018042,0,2
2024211480713,2024,211480713,2,5,0,-1,19,3,7,-1,0,0,0,0,0,0,2,1,-1,6,1,49,8,689,1,2,YAMAHA MT,1,E01014367,0,2
2024010518163,2024,010518163,1,5,0,99,99,9,9,99,99,9,9,99,9,99,9,1,6,6,1,23,5,689,1,9,YAMAHA MT,2,E01003128,0,3
2024010515860,2024,010515860,1,4,0,14,14,8,4,0,0,1,0,0,0,0,3,1,6,6,1,24,5,689,1,9,YAMAHA MT,9,E01024450,0,3
2024461497397,2024,461497397,1,5,0,-1,19,3,5,-1,0,0,2,0,7,9,1,1,-1,9,1,46,8,998,1,1,YAMAHA MT,8,E01032825,0,4
2024070631808,2024,070631808,2,3,0,16,19,8,7,0,0,0,2,0,1,0,0,1,6,6,2,25,5,124,1,3,YAMAHA MT,-1,-1,0,-1
2024010506618,2024,010506618,1,3,0,14,14,1,5,0,0,1,5,0,0,0,4,1,6,6,1,34,6,124,1,2,YAMAHA MT,4,E01002704,0,3
2024010502386,2024,010502386,2,4,0,18,19,5,1,0,0,1,0,0,0,0,4,1,6,6,1,54,8,689,1,3,YAMAHA MT,5,E01003654,0,2
2024361487349,2024,361487349,2,3,0,-1,19,2,6,-1,0,0,0,0,0,0,2,1,-1,9,1,18,4,124,1,0,YAMAHA MT,10,E01026568,0,1
2024221521717,2024,221521717,2,3,0,-1,19,8,5,-1,0,0,0,0,1,0,4,1,-1,2,1,28,6,124,1,9,YAMAHA MT,1,E01009115,0,2
2024211456439,2024,211456439,1,3,0,-1,19,6,2,-1,0,0,0,0,0,0,1,1,-1,6,1,19,4,124,1,6,YAMAHA MT,-1,-1,0,-1
2024010515777,2024,010515777,2,5,0,15,15,3,7,2,2,1,0,0,3,0,3,1,6,6,1,21,5,689,1,6,YAMAHA MT,-1,-1,0,-1
2024451461630,2024,451461630,2,5,0,-1,13,1,5,-1,0,1,0,0,0,0,1,1,-1,6,1,42,7,998,1,5,YAMAHA MT,4,E01002591,0,3
2024010528271,2024,010528271,1,3,0,18,19,1,5,0,0,1,0,0,0,0,1,1,1,1,1,23,5,124,1,9,YAMAHA MT,4,E01003257,0,1
2024361430672,2024,361430672,1,5,0,-1,13,5,1,-1,0,1,0,0,0,0,3,1,-1,2,1,20,4,689,1,9,YAMAHA MT,4,E01026628,0,2
2024471430953,2024,471430953,1,3,0,-1,19,4,8,-1,9,0,0,0,0,0,1,1,-1,9,1,18,4,124,1,5,YAMAHA MT,7,E01016961,0,1
2024548530124,2024,548530124,1,4,0,16,19,3,7,0,0,0,0,0,7,0,3,1,6,6,2,49,8,124,1,3,YAMAHA MT,6,E01031849,0,1
2024010501213,2024,010501213,1,5,0,99,99,9,9,99,99,9,9,99,9,99,9,1,2,2,1,39,7,689,1,3,YAMAHA MT,3,E01003263,0,3
2024471529391,2024,471529391,2,3,0,-1,19,2,7,-1,0,1,0,0,0,0,1,1,-1,9,1,25,5,689,1,1,YAMAHA MT,9,E01031623,0,3
2024471421687,2024,471421687,1,4,0,-1,19,7,2,-1,0,0,0,0,0,0,4,1,-1,9,1,21,5,124,1,9,YAMAHA MT,4,E01003441,0,4
2024010543702,2024,010543702,1,5,0,18,19,3,7,0,0,1,5,0,0,0,1,1,1,1,1,44,7,689,1,6,YAMAHA MT,-1,-1,0,-1
2024340NN2012,2024,340NN2012,1,4,0,-1,12,1,5,-1,0,0,2,0,0,6,3,1,-1,9,1,18,4,124,1,9,YAMAHA MT,3,E01027035,0,1
2024010501203,2024,010501203,1,5,0,4,4,1,5,0,0,0,0,0,0,0,0,1,6,6,1,21,5,689,1,6,YAMAHA MT,3,E01000016,0,1
2024371516158,2024,371516158,2,3,0,-1,19,3,7,-1,0,0,5,0,0,0,1,1,-1,9,1,18,4,125,1,7,YAMAHA MT,5,E01030189,0,4
2024161523007,2024,161523007,1,9,0,-1,19,1,5,-1,0,4,0,0,1,11,1,1,-1,6,1,19,4,2969,2,17,MAKE AND MODEL REDACTED,1,E01013299,0,1
2024991499315,2024,991499315,1,9,0,-1,19,7,3,-1,0,0,0,0,0,0,4,1,-1,6,3,30,6,2698,2,17,MAKE AND MODEL REDACTED,-1,-1,0,-1
2024221422000,2024,221422000,1,9,0,-1,4,7,3,-1,0,1,0,0,0,0,1,9,-1,6,1,19,4,2698,2,17,MAKE AND MODEL REDACTED,-1,-1,0,-1
2024311410995,2024,311410995,2,9,0,-1,10,1,5,-1,0,1,0,0,0,0,0,1,-1,6,2,40,7,1968,2,13,AUDI Q5,-1,-1,0,-1
2024421421155,2024,421421155,2,9,0,-1,19,3,7,-1,0,0,0,0,0,0,1,1,-1,2,1,57,9,1968,2,4,AUDI Q5,8,E01021568,0,2
2024010527267,2024,010527267,1,9,0,3,3,7,3,0,0,1,0,0,0,0,2,1,6,6,1,43,7,1968,2,3,AUDI Q5,-1,-1,0,-1
2024371422120,2024,371422120,3,9,0,-1,2,0,0,-1,0,1,0,0,0,0,3,1,-1,6,-1,-1,-1,1968,2,9,AUDI Q5,-1,-1,0,-1
2024501509836,2024,501509836,2,9,0,-1,2,0,0,-1,0,0,0,0,0,0,2,1,-1,6,2,61,9,1968,2,6,AUDI Q5,9,E01020089,0,1
2024131419991,2024,131419991,7,9,0,-1,19,7,3,-1,0,1,0,0,0,0,2,1,-1,6,1,59,9,1968,2,10,AUDI Q5,1,E01010608,0,1
2024141421001,2024,141421001,4,9,0,-1,19,5,1,-1,0,0,1,0,0,0,1,1,-1,6,2,33,6,1968,2,10,AUDI Q5,3,E01007591,0,2
2024340WN4842,2024,340WN4842,2,9,0,-1,3,1,5,-1,0,0,0,0,0,0,2,1,-1,9,2,59,9,1984,1,2,AUDI Q5,10,E01035420,0,1
2024552401513,2024,552401513,3,9,0,17,19,7,4,0,0,8,0,0,0,0,2,1,6,6,1,44,7,1968,2,5,AUDI Q5,10,E01020386,0,2
2024131455232,2024,131455232,1,9,0,-1,5,1,5,-1,0,6,0,0,0,0,4,1,-1,6,2,30,6,1968,2,8,AUDI Q5,8,E01011200,0,1
2024501428616,2024,501428616,1,9,0,-1,3,5,1,-1,0,4,0,0,0,0,1,1,-1,9,1,39,7,1968,2,13,AUDI Q5,5,E01018890,0,4
2024010521789,2024,010521789,2,9,0,99,99,9,9,99,99,9,9,99,9,99,2,9,2,2,2,47,8,1968,2,9,AUDI Q5,4,E01002444,0,1
2024061429793,2024,061429793,2,9,-1,-1,-1,-1,-1,-1,-1,-1,-1,-1,-1,0,-1,9,-1,6,3,-1,-1,1968,2,6,AUDI Q5,-1,-1,0,-1
2024010540090,2024,010540090,1,9,0,18,19,1,5,0,0,2,0,0,0,0,3,1,6,6,2,59,9,1968,2,8,AUDI Q5,4,E01001995,0,2
2024010540694,2024,010540694,2,9,0,99,99,9,9,99,99,9,9,99,9,99,9,9,6,6,1,43,7,1968,2,8,AUDI Q5,2,E01003320,0,1
2024201522456,2024,201522456,1,9,0,-1,9,7,5,-1,0,8,0,0,0,0,4,1,-1,9,2,38,7,1984,1,15,AUDI Q5,-1,-1,0,-1
2024211423008,2024,211423008,3,9,0,-1,19,3,7,-1,0,0,0,0,0,0,1,1,-1,6,1,52,8,1968,2,12,AUDI Q5,5,E01029449,0,1
2024031393713,2024,031393713,2,9,0,-1,5,4,8,-1,0,1,0,0,0,0,4,1,-1,9,1,54,8,1968,2,2,AUDI Q5,7,E01019240,0,1
2024440206503,2024,440206503,1,9,0,9,9,3,1,0,0,8,0,0,7,1,1,1,3,7,1,37,7,1968,2,11,AUDI Q5,3,E01017220,0,1
2024461473168,2024,461473168,2,9,0,-1,4,3,7,-1,0,0,0,0,0,0,2,1,-1,9,1,36,7,1984,8,4,AUDI Q5,7,E01024158,0,3
2024101485401,2024,101485401,1,9,0,-1,19,3,7,-1,0,0,0,0,0,0,1,1,-1,6,1,40,7,1968,2,1,AUDI Q5,-1,-1,0,-1
2024401492952,2024,401492952,1,9,0,-1,3,5,1,-1,0,2,0,0,0,0,3,1,-1,6,1,29,6,1984,1,4,AUDI Q5,8,E01034417,0,1
2024010516894,2024,010516894,1,9,0,18,19,1,5,0,0,9,0,99,0,0,2,1,6,6,3,-1,-1,1968,2,5,AUDI Q5,-1,-1,0,-1
2024522401320,2024,522401320,1,9,0,2,2,0,0,0,0,0,0,0,0,0,2,1,6,6,2,50,8,1968,2,14,AUDI Q5,4,E01014495,0,1
2024501430517,2024,501430517,2,9,0,-1,19,7,3,-1,0,0,0,0,0,0,1,1,-1,6,1,86,11,1968,2,11,AUDI Q5,5,E01018757,0,4
2024461456934,2024,461456934,1,9,0,-1,19,3,7,-1,0,0,0,0,0,0,2,1,-1,9,1,65,9,1968,2,10,AUDI Q5,10,E01017763,0,5
2024340NN3112,2024,340NN3112,1,9,0,-1,19,5,1,-1,0,1,0,0,0,0,1,1,-1,6,1,61,9,1968,2,13,AUDI Q5,4,E01026318,0,4
2024122400624,2024,122400624,1,9,0,18,19,3,7,0,0,3,0,0,1,2,1,1,6,6,1,86,11,1968,2,8,AUDI Q5,7,E01027646,0,1
2024991530959,2024,991530959,1,9,0,-1,3,3,5,-1,0,0,0,0,0,0,1,1,-1,2,1,42,7,1968,2,8,AUDI Q5,-1,-1,0,-1
202417M114724,2024,17M114724,2,9,0,-1,19,7,2,-1,0,1,0,0,0,0,1,1,-1,9,1,-1,-1,2967,2,10,AUDI Q5,-1,-1,0,-1
2024411473413,2024,411473413,1,9,0,-1,5,5,1,-1,0,0,0,0,0,0,1,1,-1,6,1,45,7,1968,2,5,AUDI Q5,7,E01020538,0,5
2024421525450,2024,421525450,2,9,0,-1,2,0,0,-1,0,0,0,0,0,0,3,1,-1,6,3,-1,-1,1968,2,6,AUDI Q5,-1,-1,0,-1
2024351413120,2024,351413120,2,9,0,-1,10,-1,-1,-1,0,3,0,0,0,0,2,9,-1,2,2,36,7,1968,2,5,AUDI Q5,7,E01015636,0,2
2024131403551,2024,131403551,2,9,0,-1,2,0,0,-1,0,0,0,0,0,0,2,1,-1,6,-1,-1,-1,1968,2,6,AUDI Q5,-1,-1,0,-1
2024211488606,2024,211488606,2,9,0,-1,9,0,0,-1,0,0,0,0,0,0,1,1,-1,2,2,20,4,1968,2,0,AUDI Q5,9,E01009816,0,1
2024421461068,2024,421461068,3,9,0,-1,10,4,8,-1,0,0,0,0,0,0,2,1,-1,9,2,33,6,1968,2,5,AUDI Q5,9,E01021428,0,1
2024451453795,2024,451453795,2,9,0,-1,10,1,5,-1,0,6,0,0,0,0,3,1,-1,6,2,44,7,1984,8,2,AUDI Q5,10,E01030369,0,1
2024201535635,2024,201535635,2,9,0,-1,19,2,6,-1,0,8,0,0,0,0,1,1,-1,6,-1,-1,-1,2967,2,9,AUDI Q5,-1,-1,0,-1
2024041478542,2024,041478542,2,9,0,-1,19,3,7,-1,0,8,0,0,0,0,1,1,-1,9,1,65,9,1968,2,3,AUDI Q5,6,E01027484,0,5
2024161395908,2024,161395908,1,9,0,-1,2,0,0,-1,0,0,0,0,0,0,3,9,-1,2,1,35,6,1968,2,3,AUDI Q5,7,E01033105,0,1
2024361409599,2024,361409599,1,9,0,-1,9,1,1,-1,0,8,0,0,0,0,4,9,-1,9,1,41,7,2967,2,14,AUDI Q5,6,E01026664,0,1
2024991401422,2024,991401422,4,9,0,-1,19,5,1,-1,0,0,0,0,0,0,1,1,-1,6,1,36,7,1968,2,9,AUDI Q5,1,-1,0,2
2024010534466,2024,010534466,5,9,0,18,19,1,5,0,0,0,0,0,0,0,1,1,6,6,1,29,6,1984,1,6,AUDI Q5,-1,-1,0,-1
2024010535055,2024,010535055,1,9,0,9,9,7,5,0,0,2,0,0,0,0,1,1,6,6,1,70,10,1984,1,3,AUDI Q5,-1,-1,0,-1
2024421424797,2024,421424797,1,9,0,-1,19,7,3,-1,0,4,0,0,0,0,1,9,-1,6,1,55,8,1968,2,4,AUDI Q5,-1,-1,0,-1
2024010532025,2024,010532025,1,9,0,18,19,1,5,0,0,8,0,0,0,0,0,1,6,6,3,-1,-1,1968,2,3,AUDI Q5,3,E01004033,0,1
2024440079254,2024,440079254,2,9,0,3,3,7,3,0,0,8,0,0,0,0,2,1,6,6,2,43,7,1968,2,9,AUDI Q5,7,E01022627,0,3
2024010532089,2024,010532089,2,9,0,18,19,7,3,0,0,8,0,0,0,0,1,1,6,6,2,46,8,1984,1,3,AUDI Q5,10,E01000263,0,1