collision_index,collision_year,collision_ref_no,vehicle_reference,vehicle_type,towing_and_articulation,vehicle_manoeuvre_historic,vehicle_manoeuvre,vehicle_direction_from,vehicle_direction_to,vehicle_location_restricted_lane_historic,vehicle_location_restricted_lane,junction_location,skidding_and_overturning,hit_object_in_carriageway,vehicle_leaving_carriageway,hit_object_off_carriageway,first_point_of_impact,vehicle_left_hand_drive,journey_purpose_of_driver_historic,journey_purpose_of_driver,sex_of_driver,age_of_driver,age_band_of_driver,engine_capacity_cc,propulsion_code,age_of_vehicle,generic_make_model,driver_imd_decile,lsoa_of_driver,escooter_flag,driver_distance_banding
2024010540039,2024,010540039,1,9,0,18,19,5,1,0,0,1,0,0,0,0,1,1,6,6,1,53,8,1984,1,2,AUDI Q5,10,E01003884,0,1
2024061504165,2024,061504165,1,9,0,-1,19,7,3,-1,0,1,0,0,0,0,1,1,-1,9,1,25,5,1968,2,12,AUDI Q5,9,E01005855,0,2
2024440503638,2024,440503638,2,9,0,7,7,4,6,0,0,8,0,0,0,0,1,1,6,6,1,62,9,1968,2,8,AUDI Q5,10,E01023273,0,1
2024421497597,2024,421497597,2,9,0,-1,2,0,0,-1,0,0,0,0,0,0,3,1,-1,6,3,-1,-1,1968,2,7,AUDI Q5,-1,-1,0,-1
2024010553542,2024,010553542,2,9,0,99,99,9,9,99,99,9,9,99,9,99,1,9,6,6,3,56,9,1968,2,5,AUDI Q5,4,E01002241,0,1
2024131487784,2024,131487784,1,9,0,-1,19,1,3,-1,0,8,0,0,0,0,1,1,-1,9,2,47,8,1968,2,10,AUDI Q5,5,E01011648,0,1
2024010522529,2024,010522529,1,9,0,9,9,1,6,0,0,1,0,0,0,0,0,1,2,2,1,64,9,1984,1,9,AUDI Q5,2,E01003330,0,1
2024061449551,2024,061449551,1,9,0,-1,1,3,7,-1,0,0,0,0,0,0,2,1,-1,6,1,62,9,1984,8,5,AUDI Q5,-1,-1,0,-1
2024010551661,2024,010551661,2,9,0,4,4,3,7,0,0,1,0,0,0,0,1,1,6,6,1,24,5,1984,1,6,AUDI Q5,1,E01001730,0,2
2024070941915,2024,070941915,2,9,0,-1,9,5,7,-1,0,8,0,0,0,0,4,1,-1,1,1,56,9,1984,8,2,AUDI Q5,8,E01018636,0,1
2024141494072,2024,141494072,2,9,0,-1,2,0,0,-1,0,2,0,4,0,0,3,1,-1,6,1,65,9,1968,2,10,AUDI Q5,1,E01007946,0,1
2024552401247,2024,552401247,2,9,0,18,19,3,7,0,0,8,0,0,0,0,4,1,2,2,2,57,9,2967,2,9,AUDI Q5,5,E01020500,0,4
2024010507409,2024,010507409,1,9,0,18,19,3,7,0,0,0,5,10,7,2,1,1,6,6,1,48,8,1968,2,8,AUDI Q5,10,E01004105,0,1
2024421502296,2024,421502296,2,9,0,-1,19,1,5,-1,0,0,0,0,1,0,1,1,-1,6,2,35,6,1968,2,3,AUDI Q5,10,E01033055,0,1
2024622400575,2024,622400575,1,9,0,18,19,4,8,0,0,6,0,0,0,0,1,1,6,6,1,25,5,1968,2,10,AUDI Q5,5,W01001065,0,1
2024211480876,2024,211480876,2,9,0,-1,4,3,7,-1,0,1,0,0,0,0,1,1,-1,2,2,35,6,1984,1,6,AUDI Q5,-1,-1,0,-1
2024061416183,2024,061416183,1,9,0,-1,19,6,2,-1,0,0,0,0,0,0,1,1,-1,9,1,42,7,1968,2,7,AUDI Q5,6,E01005010,0,1
2024552400368,2024,552400368,2,9,0,3,3,6,2,0,0,8,0,0,0,0,2,1,2,2,2,50,8,1968,2,0,AUDI Q5,7,E01015428,0,3
2024361426741,2024,361426741,3,9,0,-1,19,3,7,-1,0,0,0,0,0,0,3,9,-1,6,1,30,6,1984,1,14,AUDI Q5,2,E01015938,0,5
2024031411258,2024,031411258,1,9,0,-1,7,2,7,-1,0,5,0,0,0,0,1,1,-1,9,2,35,6,1968,2,8,AUDI Q5,1,E01019112,0,3
2024010547633,2024,010547633,2,9,0,99,99,9,9,99,99,9,9,99,9,99,1,9,6,6,1,56,9,1984,1,2,AUDI Q5,10,E01000353,0,1
2024201430730,2024,201430730,1,9,0,-1,2,0,0,-1,0,0,0,0,0,0,1,1,-1,9,-1,43,7,1968,2,13,AUDI Q5,8,E01009686,0,1
2024141473895,2024,141473895,2,9,0,-1,4,2,6,-1,0,1,0,0,0,0,1,1,-1,9,2,60,9,1968,2,12,AUDI Q5,1,E01007652,0,3
2024122400778,2024,122400778,2,9,0,18,19,8,4,0,0,8,1,0,7,0,1,1,6,6,2,44,7,1968,2,14,AUDI Q5,4,E01027803,0,1
2024361472332,2024,361472332,1,9,0,-1,19,3,7,-1,0,1,0,0,0,0,1,1,-1,9,1,33,6,1968,2,9,AUDI Q5,4,E01030270,0,4
2024010547902,2024,010547902,2,9,0,99,99,9,9,99,99,9,9,99,9,99,1,9,6,6,3,-1,-1,1984,8,1,AUDI Q5,-1,-1,0,-1
2024421456894,2024,421456894,2,9,0,-1,3,1,5,-1,0,1,0,0,0,0,2,9,-1,6,1,27,6,1984,1,1,AUDI Q5,5,E01021417,0,4
2024061437349,2024,061437349,1,9,0,-1,-1,-1,-1,-1,-1,0,-1,-1,-1,0,-1,1,-1,6,3,-1,-1,1968,2,4,AUDI Q5,-1,-1,0,-1
2024010532459,2024,010532459,1,9,0,5,5,5,1,0,0,2,0,0,0,0,1,1,6,6,2,37,7,1968,2,3,AUDI Q5,6,E01004488,0,1
2024421513612,2024,421513612,1,9,0,-1,3,7,3,-1,0,0,0,0,0,0,4,1,-1,2,1,56,9,1968,2,5,AUDI Q5,8,E01021555,0,4
2024361525598,2024,361525598,1,9,0,-1,9,8,7,-1,0,1,0,0,1,0,1,1,-1,2,1,58,9,1984,1,3,AUDI Q5,5,E01026443,0,4
2024131431950,2024,131431950,2,9,0,-1,3,8,3,-1,0,0,0,10,0,0,1,1,-1,6,2,54,8,1984,1,2,AUDI Q5,9,E01011419,0,2
2024411475096,2024,411475096,1,9,0,-1,19,8,4,-1,0,0,0,0,0,0,1,1,-1,6,1,34,6,1968,2,7,AUDI Q5,5,E01023547,0,2
2024302401403,2024,302401403,1,9,0,9,9,4,3,0,0,5,0,0,0,0,3,1,2,2,1,48,8,1984,1,6,AUDI Q5,3,E01019665,0,1
2024201509099,2024,201509099,2,9,0,-1,19,2,4,-1,0,0,0,0,0,0,2,1,-1,6,1,34,6,1968,2,2,AUDI Q5,9,E01031254,0,2
2024041508847,2024,041508847,2,9,0,-1,19,2,6,-1,0,0,0,0,1,0,1,1,-1,9,2,32,6,1968,2,9,AUDI Q5,9,E01024966,0,2
2024622400787,2024,622400787,2,9,0,18,19,3,1,0,0,8,0,0,0,0,3,1,2,2,1,66,10,1984,1,3,AUDI Q5,4,W01000887,0,1
2024351489862,2024,351489862,2,9,0,-1,19,2,6,-1,0,0,0,0,0,0,3,1,-1,6,1,69,10,1984,8,4,AUDI Q5,10,E01018211,0,2
2024501529825,2024,501529825,2,9,0,-1,5,2,6,-1,0,0,0,0,0,0,1,1,-1,6,1,79,11,1984,1,2,AUDI Q5,6,E01020231,0,3
2024451520209,2024,451520209,4,9,0,-1,2,0,0,-1,9,1,0,0,0,0,0,1,-1,6,-1,-1,-1,1984,1,5,AUDI Q5,-1,-1,0,-1
2024461529531,2024,461529531,1,9,0,-1,19,5,7,-1,0,0,0,0,0,0,3,9,-1,6,2,66,10,1968,2,5,AUDI Q5,2,E01034477,0,4
2024421488113,2024,421488113,2,9,0,-1,4,5,1,-1,0,0,0,0,4,0,2,1,-1,9,1,72,10,1984,1,5,AUDI Q5,4,E01017125,0,5
2024440523135,2024,440523135,3,9,0,18,19,1,5,0,0,0,0,0,0,0,1,1,6,6,2,56,9,1968,2,1,AUDI Q5,8,E01023170,0,1
2024010521312,2024,010521312,3,9,0,18,19,1,5,0,0,0,0,0,0,0,2,1,6,6,2,62,9,1968,2,1,AUDI Q5,6,E01023025,0,5
2024471445447,2024,471445447,1,9,0,-1,3,7,3,-1,0,0,0,0,0,0,2,1,-1,9,2,35,6,1968,2,6,AUDI Q5,9,E01035352,0,4
202417H104324,2024,17H104324,1,9,0,-1,19,4,8,-1,0,8,0,0,0,0,1,1,-1,9,1,55,8,1968,2,2,AUDI Q5,9,E01012003,0,1
2024101525283,2024,101525283,2,9,0,-1,3,7,3,-1,0,1,0,0,1,0,2,1,-1,6,1,79,11,1968,2,10,AUDI Q5,6,E01027484,0,2
2024552401477,2024,552401477,2,9,0,18,19,8,4,0,0,8,0,0,0,0,1,1,2,2,1,71,10,1984,1,6,AUDI Q5,7,E01015436,0,1
2024010504486,2024,010504486,1,9,0,18,19,7,3,0,0,1,0,0,0,0,3,1,6,6,1,31,6,1968,2,5,AUDI Q5,2,E01003046,0,1
2024501457533,2024,501457533,2,9,0,-1,19,1,5,-1,0,0,1,0,0,0,1,1,-1,9,1,32,6,1984,1,9,AUDI Q5,7,E01015223,0,4
2024010549575,2024,010549575,1,9,0,-1,-1,5,1,2,2,1,0,0,7,0,1,1,6,6,1,28,6,1968,2,2,AUDI Q5,-1,-1,0,-1
2024122400183,2024,122400183,1,9,0,17,19,6,3,0,0,0,1,0,1,10,1,1,2,2,2,40,7,1968,2,2,AUDI Q5,2,E01011805,0,1
2024430576297,2024,430576297,1,9,0,18,19,6,2,0,0,3,0,0,0,0,1,1,6,6,2,44,7,1968,2,5,AUDI Q5,7,E01016770,0,1
2024122400673,2024,122400673,2,9,0,18,19,5,1,0,0,1,0,0,0,0,1,1,1,1,3,31,6,2967,2,13,AUDI Q5,9,E01011698,0,1
2024031455354,2024,031455354,1,9,0,-1,19,6,1,-1,0,5,0,6,0,0,1,1,-1,6,1,27,6,1968,2,8,AUDI Q5,5,E01019338,0,4
2024010523182,2024,010523182,2,9,0,7,7,3,5,0,0,5,0,0,1,0,4,1,6,6,1,33,6,1984,1,3,AUDI Q5,6,E01004052,0,1
2024421536355,2024,421536355,1,9,0,-1,2,-1,-1,-1,99,0,0,4,0,0,4,1,-1,6,2,31,6,1984,1,5,AUDI Q5,4,E01021840,0,1
2024010549887,2024,010549887,1,9,0,9,9,3,1,0,0,5,0,0,0,0,3,1,6,6,1,42,7,1984,8,3,AUDI Q5,-1,-1,0,-1
2024201536040,2024,201536040,1,9,0,-1,13,6,2,-1,0,0,0,0,0,0,1,1,-1,6,1,33,6,3996,1,4,MAKE AND MODEL REDACTED,7,E01032390,0,4
2024010522520,2024,010522520,1,9,0,13,13,3,7,0,0,0,0,0,1,0,1,1,6,6,1,23,5,3996,1,4,MAKE AND MODEL REDACTED,-1,-1,0,-1
2024201475314,2024,201475314,1,9,0,-1,7,5,7,-1,0,5,0,0,0,0,1,1,-1,6,1,24,5,3996,1,4,MAKE AND MODEL REDACTED,1,E01034933,0,1
2024041453861,2024,041453861,1,9,0,-1,7,5,7,-1,0,2,0,0,0,0,1,1,-1,6,1,34,6,3996,1,1,MAKE AND MODEL REDACTED,1,E01025293,0,1
2024461506801,2024,461506801,1,9,0,-1,6,1,5,-1,0,0,0,0,0,0,3,9,-1,6,1,-1,-1,3996,1,1,MAKE AND MODEL REDACTED,-1,-1,0,-1
2024010543995,2024,010543995,2,9,0,-1,-1,2,6,0,0,8,1,0,8,10,1,2,6,6,1,42,7,3996,1,0,MAKE AND MODEL REDACTED,5,E01003700,0,1
2024010520202,2024,010520202,1,9,0,5,5,1,5,0,0,0,0,0,0,0,3,1,6,6,3,-1,-1,3996,1,4,MAKE AND MODEL REDACTED,-1,-1,0,-1
2024471470544,2024,471470544,2,5,0,-1,19,5,1,-1,0,1,1,0,0,0,1,1,-1,6,1,58,9,1171,1,20,BMW K SERIES,6,E01035323,0,2
2024131438842,2024,131438842,2,5,0,-1,19,7,3,-1,0,8,2,0,0,0,1,1,-1,9,1,25,5,1293,1,13,BMW K SERIES,1,E01008485,0,5
2024070139839,2024,070139839,2,5,0,18,19,8,4,0,0,1,5,0,4,0,4,1,6,6,1,62,9,1649,1,5,BMW K SERIES,6,E01007286,0,2
2024221471537,2024,221471537,1,5,0,-1,19,2,6,-1,0,0,0,12,0,0,1,1,-1,6,1,71,10,1293,1,14,BMW K SERIES,5,E01014180,0,2
2024010510564,2024,010510564,1,5,0,99,99,9,9,99,99,9,9,99,9,99,9,1,6,6,1,64,9,1649,1,2,BMW K SERIES,8,E01017916,0,4
2024411455253,2024,411455253,2,5,-1,-1,12,7,3,-1,0,8,0,0,0,0,4,1,-1,2,1,45,7,1293,1,14,BMW K SERIES,5,E01016841,0,4
2024302400938,2024,302400938,2,5,0,18,19,5,1,0,0,1,0,0,0,0,1,1,6,6,1,61,9,1157,1,16,BMW K SERIES,8,E01027973,0,3
2024101471327,2024,101471327,1,3,0,-1,7,7,1,-1,0,8,2,0,0,0,1,1,-1,9,1,66,10,1200,1,23,BMW K SERIES,4,E01008506,0,2
2024411448881,2024,411448881,2,4,0,-1,19,7,2,-1,0,3,0,11,0,0,2,1,-1,1,1,29,6,1293,1,14,BMW K SERIES,10,E01023607,0,3
2024010502434,2024,010502434,2,5,0,18,19,5,1,0,0,0,0,0,0,0,1,1,6,6,1,46,8,1157,1,18,BMW K SERIES,-1,-1,0,-1
2024361421285,2024,361421285,1,5,0,-1,19,7,3,-1,0,0,1,0,0,0,1,1,-1,6,1,37,7,1293,1,15,BMW K SERIES,6,E01018076,0,2
2024471456377,2024,471456377,1,5,0,-1,12,2,6,-1,0,0,1,0,1,0,2,1,-1,9,1,31,6,1157,1,19,BMW K SERIES,5,E01031577,0,1
2024401449839,2024,401449839,2,5,0,-1,19,1,7,-1,0,8,0,0,0,0,4,1,-1,9,1,71,10,1649,1,7,BMW K SERIES,10,E01016826,0,2
2024052400943,2024,052400943,1,5,0,18,19,7,3,0,0,0,0,0,0,0,1,1,2,2,1,52,8,1157,1,15,BMW K SERIES,5,E01006475,0,1
2024421479154,2024,421479154,2,5,0,-1,13,4,8,-1,0,1,0,0,0,0,1,1,-1,6,1,31,6,1293,1,14,BMW K SERIES,6,E01021906,0,4
2024440325945,2024,440325945,1,5,0,18,19,6,2,0,0,1,0,0,0,0,4,1,6,6,1,57,9,1649,1,3,BMW K SERIES,9,E01022659,0,4
2024991451426,2024,991451426,1,5,0,-1,19,4,8,-1,0,4,0,0,0,0,1,1,-1,6,1,51,8,1293,1,12,BMW K SERIES,10,-1,0,2
2024201460496,2024,201460496,2,5,0,-1,19,3,7,-1,0,8,0,0,0,0,4,1,-1,2,1,65,9,1649,1,6,BMW K SERIES,2,E01010087,0,3
2024101451554,2024,101451554,2,5,0,-1,11,7,3,-1,0,8,0,0,0,0,4,1,-1,6,1,64,9,1298,1,10,BMW K SERIES,1,E01008485,0,1
2024461510299,2024,461510299,2,5,0,-1,19,3,7,-1,0,0,0,0,0,0,1,1,-1,2,1,41,7,1157,1,18,BMW K SERIES,1,E01016153,0,3
2024221452561,2024,221452561,1,5,0,-1,19,1,5,-1,0,0,0,11,0,0,1,1,-1,9,1,81,11,750,1,38,BMW K SERIES,8,E01009919,0,2
2024401483020,2024,401483020,2,5,0,-1,-1,-1,-1,-1,-1,-1,-1,-1,-1,0,-1,1,-1,1,1,61,9,1649,1,0,BMW K SERIES,4,E01032639,0,4
2024501490705,2024,501490705,1,5,0,-1,19,5,1,-1,0,1,1,0,0,0,0,1,-1,2,1,57,9,1649,1,2,BMW K SERIES,6,E01020442,0,5
2024430216587,2024,430216587,2,9,0,3,3,8,4,0,0,0,0,0,0,0,2,1,2,2,2,44,7,1200,1,3,CITROEN C5,7,E01016239,0,1
2024991456389,2024,991456389,1,9,0,-1,19,1,5,-1,0,0,0,0,1,11,4,1,-1,9,1,41,7,1997,2,21,CITROEN C5,10,-1,0,5
2024991438327,2024,991438327,1,9,0,-1,12,7,3,-1,0,0,0,0,0,0,3,1,-1,6,2,37,7,1200,1,5,CITROEN C5,9,-1,0,3
2024131510671,2024,131510671,1,9,0,-1,7,2,6,-1,0,0,0,0,0,0,1,1,-1,6,-1,-1,-1,1200,1,2,CITROEN C5,-1,-1,0,-1
2024101498914,2024,101498914,1,9,0,-1,19,1,5,-1,0,8,0,0,0,0,1,1,-1,6,2,53,8,1499,2,5,CITROEN C5,1,E01008389,0,1
2024071031097,2024,071031097,2,9,0,-1,2,0,0,-1,0,0,0,0,0,0,4,1,-1,6,2,37,7,1598,8,0,CITROEN C5,4,E01018712,0,1
2024061489135,2024,061489135,2,9,0,-1,4,-1,-1,-1,0,0,0,0,0,0,2,9,-1,9,1,63,9,1500,2,3,CITROEN C5,6,E01005620,0,1
2024320086751,2024,320086751,2,9,0,9,9,6,3,0,0,5,0,0,0,0,3,1,-1,-1,1,60,9,1199,1,1,CITROEN C5,5,E01026018,0,1
2024131461394,2024,131461394,1,9,0,-1,19,2,6,-1,0,8,0,0,0,0,1,1,-1,9,1,67,10,1499,2,1,CITROEN C5,2,E01032607,0,1
2024991424201,2024,991424201,1,9,0,-1,4,5,1,-1,0,0,0,0,0,0,1,1,-1,9,1,39,7,1499,2,1,CITROEN C5,-1,-1,0,-1
2024351515698,2024,351515698,1,9,0,-1,5,3,7,-1,0,4,0,0,0,0,1,1,-1,6,1,73,10,1997,2,5,CITROEN C5,7,E01015628,0,1
2024440430421,2024,440430421,2,9,0,18,19,3,7,0,0,8,1,0,3,1,1,1,2,2,1,47,8,1560,2,16,CITROEN C5,7,E01017223,0,1
2024461504705,2024,461504705,2,9,0,-1,19,5,1,-1,0,0,0,0,0,0,1,1,-1,9,2,47,8,1499,2,4,CITROEN C5,3,E01024001,0,2
2024141418985,2024,141418985,5,9,0,-1,19,1,5,-1,0,0,0,0,0,0,1,1,-1,6,2,29,6,1199,1,1,CITROEN C5,2,E01007470,0,2
2024552500004,2024,552500004,2,9,0,2,2,0,0,0,0,0,0,0,0,0,4,1,6,6,1,51,8,1997,2,19,CITROEN C5,2,E01015367,0,1
2024101523992,2024,101523992,2,8,0,-1,19,8,4,-1,0,8,0,0,0,0,4,1,-1,1,1,38,7,1500,2,3,CITROEN C5,3,E01008396,0,1
2024070787851,2024,070787851,2,9,0,-1,19,3,7,-1,0,0,0,0,0,0,1,1,-1,6,2,45,7,1200,1,4,CITROEN C5,5,E01007143,0,2
2024131421352,2024,131421352,2,9,0,-1,2,0,0,-1,0,0,0,0,0,0,1,1,-1,6,-1,-1,-1,1598,1,2,CITROEN C5,-1,-1,0,-1
2024461432013,2024,461432013,1,9,0,-1,19,4,1,-1,0,0,5,0,1,0,1,9,-1,9,1,44,7,1499,2,1,CITROEN C5,10,E01024853,0,1
2024010524761,2024,010524761,1,9,0,16,19,5,1,0,0,1,0,0,0,0,0,1,6,6,2,29,6,1199,1,1,CITROEN C5,5,E01001530,0,2
2024010503848,2024,010503848,1,9,0,99,99,9,9,0,0,0,9,99,9,99,2,9,6,6,2,61,9,1200,1,4,CITROEN C5,6,E01017592,0,4
2024010540232,2024,010540232,2,9,0,99,99,9,9,99,99,9,9,99,9,99,9,1,6,6,1,35,6,1997,2,15,CITROEN C5,6,E01002531,0,2
2024440351170,2024,440351170,1,9,0,1,1,7,3,0,0,0,0,4,0,0,2,1,6,6,1,21,5,1200,1,3,CITROEN C5,-1,-1,0,-1
2024131464571,2024,131464571,2,9,0,-1,2,0,0,-1,0,8,0,0,0,0,4,1,-1,6,3,-1,-1,1200,1,5,CITROEN C5,-1,-1,0,-1
2024101397581,2024,101397581,1,9,0,-1,19,1,5,-1,0,0,0,0,0,0,1,1,-1,6,1,60,9,1199,1,1,CITROEN C5,2,E01008166,0,1
2024211471232,2024,211471232,3,9,0,-1,5,5,6,-1,0,0,0,0,0,0,0,1,-1,9,1,55,8,1499,2,5,CITROEN C5,10,E01029572,0,1
2024131491113,2024,131491113,2,9,0,-1,19,4,2,-1,0,8,0,0,0,0,1,1,-1,9,1,46,8,1598,8,1,CITROEN C5,3,E01011897,0,1
2024471476802,2024,471476802,1,9,0,-1,19,1,5,-1,0,0,0,0,7,0,1,1,-1,6,1,60,9,1200,1,4,CITROEN C5,8,E01017010,0,1
202460Q056473,2024,60Q056473,1,9,0,14,14,1,5,0,0,1,0,0,0,0,1,1,3,7,2,37,7,1200,1,3,CITROEN C5,-1,-1,0,-1
2024351510726,2024,351510726,1,9,0,-1,19,1,5,-1,0,0,0,0,0,0,1,1,-1,2,1,41,7,1499,2,2,CITROEN C5,7,E01026240,0,3
2024351570068,2024,351570068,2,9,0,-1,19,5,1,-1,0,0,1,0,0,0,1,1,-1,6,2,28,6,1598,1,5,CITROEN C5,3,E01018087,0,1
2024411526109,2024,411526109,1,9,0,-1,3,8,2,-1,0,1,0,0,0,0,3,1,-1,6,2,41,7,1199,1,1,CITROEN C5,4,E01023870,0,1
2024430580266,2024,430580266,2,9,0,1,1,1,5,0,0,6,0,0,0,0,0,1,6,6,2,-1,-1,1199,1,1,CITROEN C5,7,E01028559,0,1
2024501412085,2024,501412085,2,9,0,-1,19,7,3,-1,0,1,0,0,0,0,3,9,-1,9,1,49,8,1997,2,16,CITROEN C5,6,E01020221,0,1
2024041421500,2024,041421500,2,9,0,-1,9,1,3,-1,0,1,0,0,0,0,1,1,-1,2,1,59,9,1997,2,13,CITROEN C5,8,E01025214,0,1
2024471454964,2024,471454964,2,9,0,-1,19,7,3,-1,0,1,0,0,1,0,1,1,-1,1,1,46,8,1199,1,1,CITROEN C5,6,E01031750,0,3
2024340WN4292,2024,340WN4292,1,9,0,-1,9,6,4,-1,0,6,0,0,0,0,3,1,-1,9,1,80,11,1598,1,5,CITROEN C5,4,E01033497,0,3
2024610022624,2024,610022624,1,9,0,9,9,4,2,0,0,8,5,10,0,0,3,1,2,2,2,31,6,1997,2,14,CITROEN C5,5,W01001263,0,4
2024440228420,2024,440228420,1,9,0,4,4,2,6,0,0,0,0,0,0,0,2,1,6,6,1,30,6,1200,1,5,CITROEN C5,5,W01001603,0,5
2024131440752,2024,131440752,2,9,0,-1,4,1,1,-1,0,4,0,0,0,0,2,1,-1,6,1,56,9,1200,1,3,CITROEN C5,1,E01011357,0,1
2024201517561,2024,201517561,1,9,0,-1,4,5,1,-1,0,0,0,0,0,0,1,1,-1,6,2,60,9,1199,1,1,CITROEN C5,9,E01018275,0,5
2024361439330,2024,361439330,6,9,0,-1,19,1,5,-1,0,1,0,0,0,0,0,1,-1,6,2,40,7,1560,2,14,CITROEN C5,6,E01029870,0,4
2024351448949,2024,351448949,2,9,-1,-1,-1,-1,-1,-1,-1,-1,-1,-1,-1,0,1,9,-1,6,2,46,8,1997,2,17,CITROEN C5,4,E01026285,0,3
2024411537137,2024,411537137,1,9,0,-1,19,5,1,-1,0,0,0,0,0,0,2,1,-1,6,2,42,7,1499,2,0,CITROEN C5,1,-1,0,5
2024010493776,2024,010493776,2,9,0,99,99,9,9,99,99,9,9,99,9,99,9,1,6,6,3,-1,-1,1200,1,4,CITROEN C5,-1,-1,0,-1
2024430043156,2024,430043156,2,9,0,18,19,1,5,0,0,0,0,0,0,0,3,1,6,6,1,59,9,1499,2,4,CITROEN C5,9,E01027267,0,3
2024141431443,2024,141431443,2,9,0,-1,19,8,4,-1,0,0,0,0,0,0,1,1,-1,6,3,47,8,1997,2,11,CITROEN C5,-1,-1,0,-1
2024471533260,2024,471533260,2,9,0,-1,8,3,7,-1,0,1,0,0,0,0,2,1,-1,6,1,43,7,1199,1,1,CITROEN C5,5,E01021064,0,3
2024991509660,2024,991509660,1,9,0,-1,5,8,4,-1,0,0,0,0,0,0,3,1,-1,2,2,48,8,1997,2,16,CITROEN C5,1,-1,0,1
2024332400934,2024,332400934,1,9,0,-1,2,0,0,-1,0,0,0,0,0,0,3,1,-1,7,2,36,7,1199,8,0,CITROEN C5,5,E01025625,0,1
2024201431649,2024,201431649,2,9,0,-1,9,7,5,-1,0,8,0,0,0,0,1,9,-1,6,2,70,10,1499,2,1,CITROEN C5,1,E01009059,0,1
2024440418678,2024,440418678,1,9,0,7,7,3,5,0,0,4,0,0,0,0,4,1,6,6,1,65,9,1598,1,5,CITROEN C5,8,E01022762,0,2
2024501407090,2024,501407090,1,9,0,-1,19,8,4,-1,0,0,0,0,0,0,2,1,-1,2,1,28,6,1499,2,2,CITROEN C5,6,E01018752,0,4
2024221486794,2024,221486794,1,9,0,-1,5,7,3,-1,0,0,0,4,0,0,3,1,-1,6,1,42,7,2179,2,15,CITROEN C5,2,W01000378,0,4
2024231532896,2024,231532896,1,9,0,-1,9,4,1,-1,0,4,0,0,0,0,3,1,-1,6,2,30,6,1499,2,4,CITROEN C5,6,E01031091,0,1
2024101464327,2024,101464327,1,9,0,-1,19,2,6,-1,0,4,0,0,7,0,1,1,-1,9,1,75,10,1598,1,5,CITROEN C5,1,E01008651,0,1
2024052401856,2024,052401856,2,9,0,4,4,1,5,0,0,0,0,0,0,0,2,1,6,6,1,63,9,1500,2,2,CITROEN C5,1,E01006506,0,1
2024340WN7292,2024,340WN7292,1,9,0,-1,19,1,5,-1,0,1,0,0,0,0,1,1,-1,6,1,32,6,1598,8,1,CITROEN C5,1,E01009579,0,4
2024141423802,2024,141423802,1,9,0,-1,19,2,6,-1,0,0,0,12,0,0,3,1,-1,9,1,25,5,1200,1,2,CITROEN C5,9,E01032926,0,3
2024471454904,2024,471454904,2,9,0,-1,19,5,1,-1,0,4,0,0,0,0,0,1,-1,9,1,36,7,1500,2,2,CITROEN C5,9,E01032838,0,1
2024421403229,2024,421403229,1,9,0,-1,4,5,1,-1,0,0,0,0,0,0,1,1,-1,6,2,38,7,1200,1,5,CITROEN C5,4,E01034368,0,1
2024302401245,2024,302401245,1,9,0,7,7,4,6,0,0,8,0,0,0,0,1,1,6,6,1,-1,-1,1997,2,15,CITROEN C5,8,E01019840,0,3
2024991449420,2024,991449420,1,9,0,-1,19,8,4,-1,0,0,5,0,7,9,1,1,-1,9,1,19,4,1560,2,14,CITROEN C5,4,-1,0,4
2024451502966,2024,451502966,2,9,0,-1,19,3,7,-1,0,1,0,0,0,0,4,1,-1,6,1,83,11,1997,2,16,CITROEN C5,5,E01031519,0,2
2024471513457,2024,471513457,1,9,0,-1,19,7,3,-1,0,0,0,0,0,0,1,1,-1,6,2,57,9,1500,2,2,CITROEN C5,5,E01031809,0,2
2024371469349,2024,371469349,1,9,0,-1,9,2,6,-1,0,8,0,0,0,0,1,1,-1,9,1,70,10,1500,2,3,CITROEN C5,5,E01032523,0,4
2024141434668,2024,141434668,1,9,0,-1,19,4,8,-1,0,1,5,0,0,0,3,1,-1,2,2,66,10,1200,1,4,CITROEN C5,2,E01007405,0,2
2024451412781,2024,451412781,1,9,0,-1,3,7,3,-1,0,0,0,0,0,0,2,1,-1,9,2,52,8,1200,1,5,CITROEN C5,5,E01031595,0,4
2024221441215,2024,221441215,2,9,0,-1,19,4,8,-1,0,4,0,0,0,0,1,9,-1,6,1,48,8,1997,2,14,CITROEN C5,-1,-1,0,-1
2024041436063,2024,041436063,2,9,0,-1,19,2,2,-1,0,1,0,0,0,0,1,1,-1,2,1,56,9,1997,2,15,CITROEN C5,5,E01025013,0,1
2024411525281,2024,411525281,1,9,0,-1,19,7,3,-1,0,0,0,0,1,2,1,1,-1,9,2,51,8,1199,8,0,CITROEN C5,4,E01023487,0,3
2024421456570,2024,421456570,2,9,0,-1,3,3,5,-1,0,3,0,0,0,0,2,1,-1,2,1,42,7,1199,1,1,CITROEN C5,4,E01005594,0,5
2024211425943,2024,211425943,1,9,0,-1,19,7,3,-1,0,0,0,0,0,0,2,1,-1,9,1,78,11,1500,2,2,CITROEN C5,1,E01014250,0,2
2024631420376,2024,631420376,1,9,0,-1,19,2,6,-1,0,0,0,0,0,0,1,1,-1,9,1,20,4,1499,2,5,CITROEN C5,7,W01000482,0,1