collision_index,collision_year,collision_ref_no,vehicle_reference,vehicle_type,towing_and_articulation,vehicle_manoeuvre_historic,vehicle_manoeuvre,vehicle_direction_from,vehicle_direction_to,vehicle_location_restricted_lane_historic,vehicle_location_restricted_lane,junction_location,skidding_and_overturning,hit_object_in_carriageway,vehicle_leaving_carriageway,hit_object_off_carriageway,first_point_of_impact,vehicle_left_hand_drive,journey_purpose_of_driver_historic,journey_purpose_of_driver,sex_of_driver,age_of_driver,age_band_of_driver,engine_capacity_cc,propulsion_code,age_of_vehicle,generic_make_model,driver_imd_decile,lsoa_of_driver,escooter_flag,driver_distance_banding
2024070344591,2024,070344591,2,9,0,2,2,0,0,0,0,0,0,0,0,0,2,1,6,6,1,61,9,1598,1,5,CITROEN C5,-1,-1,0,-1
2024131501358,2024,131501358,1,9,0,-1,19,1,5,-1,0,0,0,0,0,0,1,1,-1,9,1,45,7,1199,1,2,CITROEN C5,7,E01027600,0,4
2024421480822,2024,421480822,1,9,0,-1,19,5,1,-1,0,0,0,0,1,4,1,1,-1,9,1,23,5,1499,2,4,CITROEN C5,5,E01024421,0,3
2024991524380,2024,991524380,1,9,0,-1,19,1,5,-1,0,0,1,0,7,0,1,1,-1,6,1,36,7,1199,1,1,CITROEN C5,-1,-1,0,-1
2024991476903,2024,991476903,3,9,0,-1,19,6,2,-1,0,0,0,0,0,0,2,1,-1,6,2,48,8,1598,1,5,CITROEN C5,7,-1,0,3
2024501454379,2024,501454379,1,9,0,-1,4,3,7,-1,0,1,0,0,0,0,2,1,-1,9,1,83,11,1598,8,2,CITROEN C5,4,E01019059,0,2
2024311486010,2024,311486010,1,9,0,-1,15,1,5,-1,0,0,1,7,1,0,1,1,-1,9,1,59,9,1997,2,22,CITROEN C5,9,E01030067,0,5
2024351435511,2024,351435511,1,9,0,-1,5,5,1,-1,0,4,0,0,0,0,1,1,-1,6,1,58,9,1499,2,2,CITROEN C5,6,E01029930,0,4
2024622400572,2024,622400572,1,9,0,18,19,4,8,0,0,0,0,0,0,0,1,1,6,6,1,33,6,1200,1,4,CITROEN C5,3,W01001071,0,1
2024041420371,2024,041420371,2,9,0,-1,19,3,7,-1,0,1,0,0,0,0,1,1,-1,9,1,31,6,1997,2,22,CITROEN C5,1,E01012721,0,1
2024031559731,2024,031559731,2,9,0,-1,9,5,1,-1,0,5,0,0,0,0,4,1,-1,9,2,57,9,1200,1,5,CITROEN C5,7,E01019203,0,2
2024131451369,2024,131451369,4,9,0,-1,2,0,0,-1,0,0,0,4,0,0,2,1,-1,6,-1,-1,-1,1598,8,1,CITROEN C5,-1,-1,0,-1
2024351526063,2024,351526063,1,9,0,-1,19,1,5,-1,0,0,0,0,0,0,1,1,-1,2,2,38,7,1200,1,5,CITROEN C5,8,E01026979,0,4
2024201512871,2024,201512871,1,9,0,-1,19,3,5,-1,0,4,0,0,0,0,1,1,-1,6,2,61,9,1200,1,3,CITROEN C5,-1,-1,0,-1
2024010509514,2024,010509514,1,9,0,18,19,5,1,0,0,0,0,0,0,0,4,1,6,6,1,22,5,1199,1,1,CITROEN C5,4,E01034027,0,3
2024010517515,2024,010517515,2,9,0,99,99,9,9,99,99,9,9,99,9,99,1,9,6,6,3,-1,-1,1598,1,5,CITROEN C5,-1,-1,0,-1
2024430269736,2024,430269736,1,4,0,18,19,6,2,0,0,4,0,0,0,0,1,1,6,6,1,55,8,904,1,25,MAKE AND MODEL REDACTED,6,E01017809,0,3
2024041459572,2024,041459572,1,5,0,-1,4,3,7,-1,0,0,0,4,0,0,1,1,-1,9,1,62,9,996,1,19,MAKE AND MODEL REDACTED,9,E01025008,0,3
2024631444582,2024,631444582,1,5,0,-1,19,2,5,-1,0,2,1,0,7,10,1,1,-1,9,1,27,6,996,1,26,MAKE AND MODEL REDACTED,5,E01014371,0,5
2024101447221,2024,101447221,2,5,0,-1,19,5,1,-1,0,0,0,0,0,0,3,1,-1,2,1,50,8,583,1,26,MAKE AND MODEL REDACTED,8,E01027405,0,3
2024531461419,2024,531461419,1,4,0,-1,19,1,5,-1,0,0,0,0,0,0,4,1,-1,9,1,35,6,350,1,44,MAKE AND MODEL REDACTED,3,E01022309,0,3
2024520401890,2024,520401890,1,19,0,17,19,6,2,0,0,0,0,0,0,0,3,1,6,6,1,57,9,2402,2,16,FORD TRANSIT,2,E01029307,0,1
2024061513306,2024,061513306,1,19,0,-1,9,-1,-1,-1,99,9,9,0,0,0,1,1,-1,6,3,-1,-1,999,1,0,FORD TRANSIT,-1,-1,0,-1
2024010521142,2024,010521142,2,19,0,3,3,1,5,0,0,0,0,0,0,0,2,1,1,1,1,33,6,1995,2,5,FORD TRANSIT,6,E01002353,0,3
2024311489268,2024,311489268,1,21,0,-1,4,6,1,-1,0,1,0,0,0,0,3,1,-1,6,1,51,8,-1,-1,-1,FORD TRANSIT,-1,-1,0,-1
2024201500507,2024,201500507,1,19,0,-1,7,8,2,-1,0,0,0,0,0,0,3,1,-1,1,1,-1,-1,1995,2,1,FORD TRANSIT,-1,-1,0,-1
2024440195373,2024,440195373,2,19,0,18,19,3,7,0,0,0,0,0,0,0,1,1,1,1,1,36,7,2402,2,18,FORD TRANSIT,7,E01022963,0,4
2024622400589,2024,622400589,2,19,0,4,4,2,6,0,0,1,0,0,0,0,1,1,1,1,1,33,6,2402,2,14,FORD TRANSIT,-1,-1,0,-1
2024010531571,2024,010531571,1,19,0,7,7,4,7,0,0,1,0,0,0,0,1,1,1,1,1,51,8,1995,2,7,FORD TRANSIT,5,E01000219,0,3
2024351472368,2024,351472368,3,19,0,-1,19,8,4,-1,0,0,0,0,0,0,3,1,-1,1,1,57,9,1995,2,1,FORD TRANSIT,4,E01026720,0,4
2024471397401,2024,471397401,1,19,0,-1,19,7,3,-1,0,2,0,0,0,0,1,1,-1,1,1,24,5,1995,2,2,FORD TRANSIT,7,E01024846,0,3
2024010503781,2024,010503781,1,19,0,9,9,3,1,0,0,1,0,0,0,0,1,1,6,6,3,-1,-1,1995,2,3,FORD TRANSIT,-1,-1,0,-1
2024010522117,2024,010522117,1,19,0,10,10,3,1,2,2,2,0,0,0,0,1,1,6,6,1,32,6,-1,3,2,FORD TRANSIT,3,E01001298,0,3
2024520500331,2024,520500331,2,19,0,4,4,2,6,0,0,8,1,0,0,0,1,1,6,6,1,48,8,2198,2,12,FORD TRANSIT,1,E01029293,0,2
2024522401463,2024,522401463,1,19,0,2,2,0,0,0,0,0,0,0,0,0,3,1,6,6,3,-1,-1,2402,2,15,FORD TRANSIT,-1,-1,0,-1
2024161526952,2024,161526952,4,19,0,-1,2,7,3,-1,9,0,0,0,0,0,4,1,-1,6,-1,-1,-1,2198,2,8,FORD TRANSIT,-1,-1,0,-1
2024421512913,2024,421512913,2,19,0,-1,-1,-1,-1,-1,-1,0,-1,-1,-1,0,-1,9,-1,6,1,-1,-1,1995,2,2,FORD TRANSIT,-1,-1,0,-1
202460Q012989,2024,60Q012989,1,19,0,18,19,7,3,0,0,0,0,0,0,0,3,1,6,6,1,63,9,2198,2,11,FORD TRANSIT,-1,-1,0,-1
2024131447780,2024,131447780,2,19,0,-1,4,7,3,-1,0,8,0,0,0,0,2,1,-1,1,1,52,8,1995,2,8,FORD TRANSIT,2,E01032492,0,1
2024071004889,2024,071004889,1,19,0,-1,19,1,5,-1,0,5,0,0,0,0,3,1,-1,1,1,34,6,1995,2,3,FORD TRANSIT,1,E01006288,0,3
2024421407941,2024,421407941,2,19,0,-1,19,1,1,-1,0,1,0,0,0,0,1,1,-1,7,2,39,7,1995,2,6,FORD TRANSIT,-1,-1,0,-1
2024010532535,2024,010532535,1,19,0,18,19,5,1,0,0,0,0,0,0,0,1,1,6,6,1,34,6,2198,2,10,FORD TRANSIT,2,E01002074,0,1
2024010506870,2024,010506870,2,19,0,99,99,9,9,99,99,9,9,99,9,99,9,9,6,6,3,-1,-1,1995,2,2,FORD TRANSIT,-1,-1,0,-1
2024131410718,2024,131410718,3,19,0,-1,19,7,3,-1,0,0,1,0,0,0,1,1,-1,1,1,52,8,2402,2,13,FORD TRANSIT,8,E01011641,0,1
2024131503165,2024,131503165,1,19,0,-1,19,7,3,-1,0,8,0,0,0,0,4,1,-1,6,3,-1,-1,2198,2,12,FORD TRANSIT,-1,-1,0,-1
2024520401566,2024,520401566,2,21,0,18,19,3,7,0,0,0,0,0,0,0,2,1,6,6,1,37,7,2402,2,16,FORD TRANSIT,7,E01029277,0,1
2024451427873,2024,451427873,2,19,0,-1,3,1,5,-1,0,0,0,0,0,0,-1,9,-1,9,3,-1,-1,1995,2,4,FORD TRANSIT,-1,-1,0,-1
2024461414726,2024,461414726,1,19,0,-1,11,8,4,-1,0,0,2,0,0,0,1,1,-1,2,1,49,8,1995,2,7,FORD TRANSIT,6,E01024282,0,3
2024201433388,2024,201433388,1,19,0,-1,7,7,1,-1,0,6,0,0,0,0,1,9,-1,6,1,-1,-1,1995,2,5,FORD TRANSIT,10,E01034102,0,4
2024440336727,2024,440336727,2,19,0,7,7,7,2,0,0,8,0,0,0,0,4,1,6,6,1,-1,-1,2198,2,15,FORD TRANSIT,-1,-1,0,-1
2024451439547,2024,451439547,2,19,0,-1,19,1,5,-1,0,0,0,0,0,0,2,1,-1,6,1,45,7,1995,2,7,FORD TRANSIT,2,E01001775,0,4
2024141452695,2024,141452695,1,19,0,-1,19,1,5,-1,0,8,0,0,0,0,1,1,-1,1,1,56,9,1995,2,2,FORD TRANSIT,3,E01008576,0,5
2024552400422,2024,552400422,1,19,0,7,7,6,8,0,0,4,0,0,0,0,1,1,6,6,1,53,8,2198,2,10,FORD TRANSIT,7,E01015457,0,2
2024010541928,2024,010541928,1,19,0,9,9,2,7,0,0,6,0,0,0,0,3,1,1,1,1,41,7,1995,2,5,FORD TRANSIT,6,E01002628,0,1
2024161410699,2024,161410699,1,19,0,-1,19,3,7,-1,0,0,0,0,0,0,1,9,-1,6,1,38,7,2402,2,18,FORD TRANSIT,4,E01034983,0,3
202454E863324,2024,54E863324,1,19,0,4,4,7,3,0,0,1,0,0,0,0,2,1,6,6,1,64,9,2198,2,12,FORD TRANSIT,6,E01032031,0,3
2024111499539,2024,111499539,3,20,4,-1,19,5,1,-1,0,0,0,0,0,0,2,1,-1,1,1,51,8,2198,2,10,FORD TRANSIT,9,E01020817,0,2
2024471470845,2024,471470845,1,19,0,-1,19,1,7,-1,0,3,0,0,0,0,1,1,-1,1,1,18,4,1995,2,0,FORD TRANSIT,6,E01031538,0,4
2024471477927,2024,471477927,1,19,0,-1,4,1,5,-1,0,8,0,0,0,0,0,1,-1,6,1,38,7,2198,2,11,FORD TRANSIT,5,E01017204,0,4
2024340WN7342,2024,340WN7342,2,19,0,-1,19,1,5,-1,0,5,1,0,0,0,4,1,-1,2,1,36,7,2198,2,11,FORD TRANSIT,7,E01027219,0,2
2024122400994,2024,122400994,1,20,0,18,19,7,3,0,0,0,0,0,0,0,1,1,6,6,1,27,6,-1,-1,-1,FORD TRANSIT,5,E01027798,0,3
2024361412037,2024,361412037,1,20,0,-1,2,0,0,-1,9,0,0,0,0,0,2,1,-1,6,1,58,9,2198,2,8,FORD TRANSIT,4,E01026668,0,4
2024471452797,2024,471452797,2,19,0,-1,4,4,8,-1,0,0,0,0,0,0,2,1,-1,1,1,26,6,1995,2,2,FORD TRANSIT,8,E01031659,0,4
2024311403662,2024,311403662,1,19,0,-1,3,7,3,-1,0,0,0,0,0,0,2,1,-1,1,1,23,5,1995,2,1,FORD TRANSIT,3,E01019672,0,2
2024010532482,2024,010532482,1,19,0,12,12,9,9,99,99,9,9,99,9,99,9,9,6,6,3,38,7,1995,2,6,FORD TRANSIT,4,E01013782,0,5
2024440063296,2024,440063296,1,20,0,18,19,4,8,0,0,1,0,0,0,0,4,1,1,1,1,-1,-1,1995,2,2,FORD TRANSIT,-1,-1,0,-1
2024141503935,2024,141503935,2,19,0,-1,19,-1,-1,-1,0,8,0,0,0,0,1,9,-1,6,3,-1,-1,2198,2,11,FORD TRANSIT,-1,-1,0,-1
2024122400259,2024,122400259,1,19,0,18,19,4,8,0,0,1,0,0,0,0,2,1,1,1,1,20,4,1995,2,5,FORD TRANSIT,1,E01025062,0,4
2024361487875,2024,361487875,1,19,0,-1,10,2,6,-1,0,8,0,0,0,0,2,1,-1,1,1,20,4,1995,2,1,FORD TRANSIT,6,E01029907,0,4
2024010516620,2024,010516620,1,19,0,18,19,5,1,0,0,1,0,0,0,0,1,1,1,1,1,68,10,1995,2,4,FORD TRANSIT,2,E01002090,0,2
2024461497508,2024,461497508,1,10,0,-1,19,5,1,-1,0,1,0,0,0,0,4,1,-1,1,2,61,9,-1,-1,-1,FORD TRANSIT,3,E01024384,0,1
2024122400832,2024,122400832,1,19,0,9,9,5,3,0,0,6,0,0,0,0,4,1,6,6,1,53,8,2198,2,14,FORD TRANSIT,9,E01034761,0,3
2024161440134,2024,161440134,1,19,0,-1,19,5,1,-1,0,0,0,0,0,0,3,1,-1,9,1,38,7,2198,2,16,FORD TRANSIT,4,E01012976,0,2
2024010509587,2024,010509587,2,19,0,1,1,9,9,99,99,9,9,99,9,99,2,9,6,6,1,34,6,-1,3,1,FORD TRANSIT,10,E01035718,0,2
2024440363827,2024,440363827,3,19,0,9,9,6,1,0,0,1,0,0,0,0,1,1,6,6,1,46,8,1998,2,23,FORD TRANSIT,2,E01017051,0,1
2024440534311,2024,440534311,2,19,0,18,19,8,4,0,0,1,0,0,0,0,1,1,1,1,1,-1,-1,2402,2,21,FORD TRANSIT,-1,-1,0,-1
2024131453001,2024,131453001,1,19,0,-1,-1,-1,-1,-1,-1,-1,-1,-1,-1,-1,-1,1,-1,6,3,-1,-1,2198,2,11,FORD TRANSIT,-1,-1,0,-1
2024501407986,2024,501407986,1,19,-1,-1,19,1,5,-1,0,2,0,0,0,0,4,9,-1,6,1,28,6,1995,2,4,FORD TRANSIT,5,E01019887,0,3
2024461473266,2024,461473266,1,19,0,-1,4,5,1,-1,0,0,0,0,0,0,1,9,-1,6,1,-1,-1,1995,2,6,FORD TRANSIT,2,E01015634,0,5
2024010508535,2024,010508535,1,19,0,99,99,9,9,99,99,9,9,99,9,99,1,9,6,6,3,-1,-1,1995,2,5,FORD TRANSIT,-1,-1,0,-1
2024010498955,2024,010498955,2,19,0,99,99,9,9,99,99,6,9,99,9,99,3,9,6,6,3,-1,-1,1995,2,5,FORD TRANSIT,-1,-1,0,-1
2024440402792,2024,440402792,2,19,0,18,19,7,3,0,0,0,0,0,0,0,1,1,1,1,1,39,7,2198,2,10,FORD TRANSIT,7,E01022792,0,4
2024430077486,2024,430077486,1,19,0,18,19,3,7,0,0,0,0,0,0,0,1,1,2,2,1,45,7,1995,2,7,FORD TRANSIT,4,E01000613,0,4
2024421477607,2024,421477607,1,19,0,-1,1,7,3,-1,0,0,0,0,0,0,2,1,-1,6,1,-1,-1,2198,2,14,FORD TRANSIT,-1,-1,0,-1
2024411490607,2024,411490607,2,19,0,-1,19,1,5,-1,0,0,0,0,1,7,2,1,-1,1,1,65,9,2402,2,15,FORD TRANSIT,5,E01000606,0,3
2024010508972,2024,010508972,2,19,0,99,99,9,9,99,99,9,9,99,9,99,1,9,6,6,3,-1,-1,1995,2,6,FORD TRANSIT,-1,-1,0,-1
2024311407301,2024,311407301,1,19,0,-1,13,7,3,-1,0,1,0,0,0,0,1,9,-1,9,1,25,5,1995,2,1,FORD TRANSIT,7,E01028021,0,2
2024101460579,2024,101460579,1,19,0,-1,19,1,5,-1,0,1,0,0,1,0,1,1,-1,1,1,28,6,2198,2,9,FORD TRANSIT,7,E01027554,0,3
2024430546622,2024,430546622,1,19,0,18,19,1,5,0,0,0,0,0,0,0,1,1,6,6,1,23,5,2198,2,12,FORD TRANSIT,-1,-1,0,-1
2024010500817,2024,010500817,2,19,0,18,19,6,2,0,0,2,0,0,0,0,4,1,1,1,1,42,7,1995,2,7,FORD TRANSIT,8,E01001538,0,1
2024070367842,2024,070367842,1,19,0,6,6,7,3,0,0,2,0,0,0,0,2,1,6,6,1,-1,-1,2198,2,9,FORD TRANSIT,-1,-1,0,-1
2024471461380,2024,471461380,1,19,0,-1,5,4,8,-1,0,8,0,0,0,0,1,1,-1,6,1,61,9,1995,2,3,FORD TRANSIT,4,E01021207,0,2
2024111412049,2024,111412049,1,19,0,-1,19,7,3,-1,0,4,0,0,0,0,1,9,-1,6,3,34,6,2198,2,12,FORD TRANSIT,2,E01020788,0,1
2024010517745,2024,010517745,1,19,0,3,3,7,3,0,0,0,0,0,0,0,2,1,1,1,1,52,8,1995,2,1,FORD TRANSIT,7,E01004442,0,3
2024010501626,2024,010501626,3,19,0,99,99,9,9,99,99,9,9,99,9,99,0,9,6,6,1,-1,-1,2402,2,17,FORD TRANSIT,-1,-1,0,-1
2024522401673,2024,522401673,2,19,0,5,5,1,6,0,0,8,0,7,0,0,2,1,6,6,3,-1,-1,2402,2,17,FORD TRANSIT,-1,-1,0,-1
2024010557443,2024,010557443,2,19,9,99,99,9,9,99,99,9,9,99,9,99,1,9,6,6,1,-1,-1,1995,2,7,FORD TRANSIT,-1,-1,0,-1
2024122400328,2024,122400328,3,19,0,18,19,4,8,0,0,0,0,0,0,0,1,1,1,1,1,28,6,2198,2,9,FORD TRANSIT,4,E01025789,0,5
2024070727324,2024,070727324,3,20,0,-1,2,0,0,-1,-1,0,0,0,0,0,2,1,-1,1,1,32,6,1995,2,5,FORD TRANSIT,5,E01004988,0,4
2024010508925,2024,010508925,2,90,1,18,19,5,1,0,0,0,0,0,0,0,1,1,1,1,1,27,6,-1,-1,-1,FORD TRANSIT,7,E01000983,0,1
2024010499990,2024,010499990,1,90,0,17,19,7,5,0,0,8,0,0,0,0,0,1,6,6,1,44,7,1995,2,1,FORD TRANSIT,2,E01003239,0,2
2024010530680,2024,010530680,2,19,0,18,19,3,7,0,0,1,0,0,0,0,1,1,6,6,1,21,5,1995,2,7,FORD TRANSIT,2,E01002748,0,3
2024161496833,2024,161496833,2,19,0,-1,5,1,5,-1,0,0,0,0,0,0,3,1,-1,9,1,50,8,2198,2,9,FORD TRANSIT,8,E01013028,0,2
2024401477242,2024,401477242,1,20,0,-1,19,8,4,-1,0,0,0,0,0,0,1,1,-1,2,1,62,9,2198,2,8,FORD TRANSIT,3,E01017433,0,3
2024041489720,2024,041489720,1,19,0,-1,6,5,5,-1,0,0,0,0,0,0,3,1,-1,1,1,50,8,1995,2,4,FORD TRANSIT,-1,-1,0,-1
2024451490237,2024,451490237,2,19,0,-1,19,1,5,-1,0,1,0,0,0,0,4,1,-1,1,1,37,7,1995,2,3,FORD TRANSIT,8,E01030900,0,3
2024201517483,2024,201517483,2,20,0,-1,2,0,0,-1,0,0,0,0,0,0,1,2,-1,1,1,25,5,1995,2,2,FORD TRANSIT,5,E01010267,0,2
2024061442692,2024,061442692,2,19,0,-1,7,-1,-1,-1,0,0,0,0,0,0,3,1,-1,6,3,-1,-1,1995,2,0,FORD TRANSIT,5,E01030667,0,5
2024451435289,2024,451435289,2,10,0,-1,19,5,1,-1,0,0,0,0,0,0,2,9,-1,6,2,59,9,2198,2,7,FORD TRANSIT,3,E01030744,0,4
202454B975524,2024,54B975524,1,19,0,18,19,5,1,0,0,0,0,0,0,0,3,1,2,2,1,22,5,2198,2,9,FORD TRANSIT,10,E01031934,0,2
2024531466312,2024,531466312,1,19,0,-1,19,0,0,-1,0,0,0,0,0,0,3,1,-1,6,3,-1,-1,1995,2,3,FORD TRANSIT,-1,-1,0,-1
2024991492684,2024,991492684,1,19,0,-1,19,2,5,-1,0,0,1,0,7,0,1,1,-1,1,1,40,7,1995,2,4,FORD TRANSIT,5,-1,0,2
2024421506492,2024,421506492,2,19,0,-1,19,6,2,-1,0,0,1,0,0,0,2,1,-1,1,1,46,8,1995,2,1,FORD TRANSIT,7,E01026351,0,4
2024010504299,2024,010504299,4,19,0,5,5,7,3,0,0,0,0,0,0,0,1,1,2,2,1,40,7,2198,2,8,FORD TRANSIT,-1,-1,0,-1
2024211433792,2024,211433792,2,19,0,-1,19,5,1,-1,0,0,0,0,0,0,1,1,-1,6,1,25,5,2402,2,13,FORD TRANSIT,2,E01014276,0,1
2024501506659,2024,501506659,2,19,0,-1,19,7,3,-1,0,1,0,0,0,0,1,1,-1,1,1,59,9,1995,2,6,FORD TRANSIT,6,E01020124,0,4
2024471427992,2024,471427992,1,19,0,-1,9,2,7,-1,0,1,0,0,0,0,1,1,-1,1,1,52,8,1995,2,1,FORD TRANSIT,7,E01021007,0,4
2024061484381,2024,061484381,2,19,0,-1,19,7,2,-1,0,0,0,0,0,0,2,1,-1,1,1,29,6,1995,2,2,FORD TRANSIT,3,E01006839,0,2
2024340NN0902,2024,340NN0902,3,19,0,-1,2,0,0,-1,0,8,0,0,0,0,1,1,-1,6,3,-1,-1,2402,2,14,FORD TRANSIT,-1,-1,0,-1
2024201520122,2024,201520122,2,19,0,-1,19,4,7,-1,0,8,0,0,0,0,2,1,-1,6,1,28,6,1995,2,6,FORD TRANSIT,4,E01009223,0,1
2024361410091,2024,361410091,2,20,0,-1,5,3,7,-1,0,0,0,0,0,0,1,1,-1,1,1,26,6,2402,2,18,FORD TRANSIT,5,E01026745,0,1
2024991522427,2024,991522427,2,19,0,-1,4,7,2,-1,0,0,0,0,0,0,1,1,-1,2,1,30,6,2198,2,11,FORD TRANSIT,-1,-1,0,-1
2024320283858,2024,320283858,1,10,0,-1,-1,4,8,0,0,8,0,0,0,0,1,1,-1,-1,1,55,8,1995,2,4,FORD TRANSIT,8,E01026185,0,1
2024631508257,2024,631508257,1,19,0,-1,12,8,4,-1,0,0,0,0,0,0,1,1,-1,6,1,34,6,1995,2,7,FORD TRANSIT,5,W01000648,0,1
2024010505870,2024,010505870,2,19,5,3,3,3,7,0,0,1,0,0,0,0,1,1,1,1,1,27,6,1995,2,2,FORD TRANSIT,8,E01001402,0,1
2024371472399,2024,371472399,2,19,0,-1,5,1,5,-1,0,1,0,0,0,0,3,1,-1,1,1,50,8,1995,2,1,FORD TRANSIT,5,E01030080,0,3
2024061509728,2024,061509728,1,10,0,-1,4,6,2,-1,0,0,0,0,0,0,0,9,-1,1,2,39,7,-1,-1,-1,FORD TRANSIT,6,E01005523,0,4
2024010552511,2024,010552511,1,19,9,99,99,9,9,99,99,9,9,99,9,99,9,9,6,6,1,-1,-1,1995,2,2,FORD TRANSIT,-1,-1,0,-1
2024430619893,2024,430619893,2,19,0,18,19,5,1,0,0,0,0,0,0,0,1,1,1,1,1,46,8,1996,2,0,FORD TRANSIT,10,E01028622,0,4
2024131395101,2024,131395101,1,19,0,-1,11,5,1,-1,0,0,0,0,0,0,4,1,-1,6,1,-1,-1,1995,2,3,FORD TRANSIT,-1,-1,0,-1
2024411450354,2024,411450354,1,19,0,-1,4,2,6,-1,0,0,1,0,0,0,1,1,-1,1,1,38,7,1995,2,7,FORD TRANSIT,3,E01001529,0,3
2024440196163,2024,440196163,1,19,4,18,19,8,4,0,0,0,3,4,0,0,1,1,2,2,1,31,6,1995,2,5,FORD TRANSIT,7,E01022918,0,1
2024010505733,2024,010505733,1,19,0,18,19,3,7,0,0,0,0,0,0,0,1,1,6,6,1,31,6,1995,2,6,FORD TRANSIT,-1,-1,0,-1
2024522402244,2024,522402244,2,19,0,1,1,8,4,0,0,6,0,0,0,0,2,1,6,6,1,38,7,1995,2,7,FORD TRANSIT,3,W01001885,0,4
2024520403135,2024,520403135,1,19,0,7,7,1,3,0,0,8,0,0,0,0,1,1,1,1,1,37,7,2198,2,17,FORD TRANSIT,8,E01014821,0,3
2024531445334,2024,531445334,2,19,0,-1,19,1,5,-1,0,2,0,0,0,0,0,1,-1,9,1,40,7,2198,2,12,FORD TRANSIT,2,E01032932,0,1
2024421507111,2024,421507111,1,19,0,-1,9,6,7,-1,0,2,0,0,0,0,4,1,-1,6,1,-1,-1,1995,2,5,FORD TRANSIT,2,E01021268,0,3
2024461526087,2024,461526087,1,19,0,-1,19,3,7,-1,0,0,0,0,0,0,1,9,-1,6,1,-1,-1,2198,2,18,FORD TRANSIT,-1,-1,0,-1
2024010518180,2024,010518180,2,19,0,99,99,9,9,99,99,9,9,99,9,99,1,9,6,6,3,-1,-1,-1,3,0,FORD TRANSIT,7,E01001851,0,2
2024101407957,2024,101407957,1,19,0,-1,19,2,6,-1,0,8,0,0,0,0,1,9,-1,6,1,40,7,2198,2,10,FORD TRANSIT,3,E01008833,0,3
2024471489333,2024,471489333,3,19,0,-1,4,4,8,-1,0,0,0,0,0,0,1,1,-1,1,1,34,6,1995,2,2,FORD TRANSIT,3,E01021131,0,4
202417S108224,2024,17S108224,1,19,0,-1,6,4,4,-1,0,0,0,0,0,0,1,1,-1,1,1,63,9,2198,2,15,FORD TRANSIT,2,E01020763,0,4
2024010533951,2024,010533951,3,19,0,3,3,5,1,0,0,1,0,0,0,0,0,1,1,1,1,46,8,1995,2,-1,FORD TRANSIT,3,E01001362,0,1
2024221529931,2024,221529931,3,19,0,-1,19,2,6,-1,0,8,0,0,0,0,1,1,-1,1,1,51,8,1995,2,0,FORD TRANSIT,7,E01014080,0,1
2024421507103,2024,421507103,2,19,0,-1,4,4,8,-1,0,0,0,0,0,0,2,1,-1,1,1,29,6,1995,2,1,FORD TRANSIT,7,E01029825,0,5
2024221504321,2024,221504321,1,19,4,-1,19,6,2,-1,0,0,0,0,0,0,2,1,-1,1,1,24,5,2198,2,10,FORD TRANSIT,9,E01032125,0,2
2024471532238,2024,471532238,2,19,0,-1,-1,-1,-1,-1,-1,-1,-1,-1,-1,0,-1,1,-1,6,1,48,8,1995,2,2,FORD TRANSIT,-1,-1,0,-1
2024440090783,2024,440090783,2,19,0,4,4,2,6,0,0,0,0,0,0,0,2,1,2,2,1,35,6,1995,2,7,FORD TRANSIT,3,E01017220,0,3
2024340WN2022,2024,340WN2022,2,19,0,-1,19,8,4,-1,0,1,0,0,7,0,1,1,-1,1,1,63,9,2198,2,14,FORD TRANSIT,7,E01025620,0,4
2024211433869,2024,211433869,1,19,0,-1,15,5,1,-1,0,0,0,0,0,0,3,1,-1,6,3,50,8,2198,2,9,FORD TRANSIT,-1,-1,0,-1
2024421517891,2024,421517891,1,19,0,-1,19,3,7,-1,0,0,0,0,0,0,4,1,-1,6,1,46,8,2198,2,9,FORD TRANSIT,7,E01035590,0,1
2024010540350,2024,010540350,2,20,0,18,19,1,5,0,0,0,0,0,0,0,1,1,1,1,1,27,6,-1,-1,-1,FORD TRANSIT,1,E01002036,0,1
2024141509681,2024,141509681,1,19,0,-1,5,3,7,-1,0,0,0,0,7,0,1,1,-1,1,1,58,9,1995,2,0,FORD TRANSIT,1,E01007643,0,3
2024221418763,2024,221418763,2,19,0,-1,5,7,3,-1,0,1,0,0,0,0,0,1,-1,6,1,61,9,1995,2,6,FORD TRANSIT,7,E01022445,0,1
2024041399069,2024,041399069,2,19,0,-1,19,5,1,-1,0,0,0,0,0,0,1,1,-1,1,1,36,7,2402,2,13,FORD TRANSIT,1,E01024895,0,2
2024101426613,2024,101426613,1,19,0,-1,5,3,7,-1,0,6,0,0,0,0,0,1,-1,9,1,24,5,2198,2,12,FORD TRANSIT,2,E01008324,0,4
2024340NN1552,2024,340NN1552,1,19,0,-1,19,8,4,-1,0,1,0,0,0,0,1,1,-1,1,1,30,6,2198,2,8,FORD TRANSIT,2,E01032538,0,4
2024991499690,2024,991499690,1,10,0,-1,19,3,7,-1,0,0,5,0,7,9,1,1,-1,1,2,35,6,2198,2,9,FORD TRANSIT,10,-1,0,3