collision_index,collision_year,collision_ref_no,vehicle_reference,vehicle_type,towing_and_articulation,vehicle_manoeuvre_historic,vehicle_manoeuvre,vehicle_direction_from,vehicle_direction_to,vehicle_location_restricted_lane_historic,vehicle_location_restricted_lane,junction_location,skidding_and_overturning,hit_object_in_carriageway,vehicle_leaving_carriageway,hit_object_off_carriageway,first_point_of_impact,vehicle_left_hand_drive,journey_purpose_of_driver_historic,journey_purpose_of_driver,sex_of_driver,age_of_driver,age_band_of_driver,engine_capacity_cc,propulsion_code,age_of_vehicle,generic_make_model,driver_imd_decile,lsoa_of_driver,escooter_flag,driver_distance_banding
2024010494817,2024,010494817,2,19,0,4,4,2,6,0,0,0,0,0,0,0,0,1,1,1,1,30,6,1995,2,5,FORD TRANSIT,2,E01001947,0,3
2024052400499,2024,052400499,2,19,0,18,19,5,1,0,0,1,0,0,1,4,1,1,1,1,1,36,7,2198,2,8,FORD TRANSIT,7,E01025507,0,4
2024302400737,2024,302400737,2,19,0,3,3,6,2,0,0,0,0,0,0,0,2,1,2,2,1,39,7,1995,2,6,FORD TRANSIT,6,E01029428,0,1
2024622400146,2024,622400146,1,19,0,9,9,4,2,0,0,8,0,0,0,0,1,1,1,1,1,37,7,-1,3,1,FORD TRANSIT,6,W01000798,0,2
2024010542743,2024,010542743,1,19,0,16,19,1,5,0,0,0,0,0,0,0,1,1,6,6,1,22,5,2198,2,8,FORD TRANSIT,4,E01015930,0,3
2024010507126,2024,010507126,3,19,0,2,2,0,0,0,0,1,0,0,0,0,3,1,6,6,3,-1,-1,1998,2,19,FORD TRANSIT,-1,-1,0,-1
2024221464871,2024,221464871,2,19,0,-1,19,4,8,-1,0,8,0,0,0,0,1,9,-1,1,1,38,7,1995,2,6,FORD TRANSIT,7,E01032286,0,2
2024531452792,2024,531452792,1,19,0,-1,19,5,1,-1,0,1,0,0,0,0,1,1,-1,2,1,51,8,1995,2,7,FORD TRANSIT,6,W01000598,0,5
2024010531001,2024,010531001,1,19,0,99,99,9,9,99,99,9,9,99,9,99,2,9,1,1,2,60,9,1995,2,6,FORD TRANSIT,2,E01033883,0,3
2024231478752,2024,231478752,4,19,0,-1,4,4,8,-1,0,0,0,0,0,0,2,1,-1,1,1,60,9,1995,2,4,FORD TRANSIT,4,E01021368,0,5
2024041514923,2024,041514923,2,19,0,-1,2,0,0,-1,0,0,0,0,0,0,2,1,-1,6,-1,-1,-1,2402,2,12,FORD TRANSIT,-1,-1,0,-1
2024991488617,2024,991488617,1,19,0,-1,5,3,7,-1,0,1,0,0,0,0,2,1,-1,2,1,42,7,1995,2,2,FORD TRANSIT,-1,-1,0,-1
2024061481210,2024,061481210,1,19,0,-1,19,5,1,-1,0,8,0,0,0,0,1,1,-1,6,1,39,7,2402,2,15,FORD TRANSIT,1,E01025067,0,4
2024141473818,2024,141473818,2,19,0,-1,4,5,1,-1,0,0,0,0,0,0,4,1,-1,6,3,-1,-1,2198,2,8,FORD TRANSIT,-1,-1,0,-1
2024461528948,2024,461528948,1,19,0,-1,19,3,7,-1,0,0,0,0,7,10,1,1,-1,9,1,27,6,2198,2,13,FORD TRANSIT,3,E01024248,0,1
2024991461785,2024,991461785,1,19,0,-1,19,1,5,-1,0,4,0,0,0,0,2,1,-1,6,3,18,4,2402,2,16,FORD TRANSIT,-1,-1,0,-1
2024041412582,2024,041412582,1,19,0,-1,19,7,3,-1,0,2,0,0,1,11,1,9,-1,9,1,35,6,2402,2,21,FORD TRANSIT,7,E01024905,0,1
2024010538151,2024,010538151,1,19,0,1,1,3,7,0,0,1,0,0,0,0,2,1,6,6,1,41,7,1995,2,7,FORD TRANSIT,-1,-1,0,-1
2024010527367,2024,010527367,2,19,0,99,99,9,9,99,99,9,9,99,9,99,9,9,6,6,3,-1,-1,1995,2,5,FORD TRANSIT,-1,-1,0,-1
2024320366105,2024,320366105,2,19,0,3,3,6,2,0,0,0,0,0,0,0,2,1,-1,-1,1,36,7,1995,2,5,FORD TRANSIT,6,E01027039,0,4
2024201475652,2024,201475652,1,19,0,-1,9,6,5,-1,0,5,0,0,0,0,1,2,-1,2,1,65,9,2198,2,8,FORD TRANSIT,1,E01009016,0,2
2024340NN0082,2024,340NN0082,1,19,0,-1,19,1,5,-1,0,8,0,0,0,0,4,1,-1,1,1,63,9,1995,2,3,FORD TRANSIT,1,E01027127,0,1
2024052400357,2024,052400357,1,19,0,1,1,1,5,0,0,6,0,0,0,0,2,1,1,1,1,37,7,1995,2,2,FORD TRANSIT,1,E01007215,0,2
2024061416740,2024,061416740,2,90,0,-1,19,5,1,-1,0,0,0,0,0,0,2,1,-1,6,1,28,6,-1,-1,-1,FORD TRANSIT,8,E01006230,0,1
2024101478403,2024,101478403,1,19,0,-1,19,1,6,-1,0,8,0,0,0,0,1,9,-1,6,1,-1,-1,2198,2,12,FORD TRANSIT,-1,-1,0,-1
2024131456537,2024,131456537,3,19,0,-1,2,0,0,-1,0,2,0,0,0,0,2,1,-1,6,-1,-1,-1,2198,2,9,FORD TRANSIT,-1,-1,0,-1
2024010510325,2024,010510325,1,19,0,18,19,7,3,0,0,0,0,0,0,0,1,1,6,6,3,-1,-1,1995,2,5,FORD TRANSIT,4,E01031862,0,4
2024371438796,2024,371438796,1,19,0,-1,9,3,1,-1,0,8,0,0,0,0,3,1,-1,1,1,20,4,1995,2,3,FORD TRANSIT,5,E01022009,0,4
2024041421613,2024,041421613,2,19,0,-1,19,2,6,-1,0,8,0,0,0,0,1,1,-1,1,1,33,6,2198,2,11,FORD TRANSIT,4,E01012701,0,1
2024010526766,2024,010526766,3,19,0,18,19,8,4,0,0,1,0,0,0,0,1,1,6,6,1,40,7,2402,2,15,FORD TRANSIT,3,E01003275,0,1
2024010498880,2024,010498880,3,19,0,18,19,1,5,0,0,0,0,0,0,0,1,1,6,6,1,70,10,1995,2,5,FORD TRANSIT,-1,-1,0,-1
2024311479421,2024,311479421,1,19,0,-1,19,1,5,-1,0,0,0,0,0,0,1,1,-1,1,1,-1,-1,1995,2,2,FORD TRANSIT,-1,-1,0,-1
2024411445033,2024,411445033,3,19,-1,-1,-1,-1,-1,-1,-1,1,-1,-1,-1,0,-1,9,-1,6,1,75,10,2198,2,9,FORD TRANSIT,10,E01023550,0,1
2024421468305,2024,421468305,1,19,0,-1,9,1,7,-1,0,6,0,0,0,0,4,1,-1,6,3,27,6,1995,2,3,FORD TRANSIT,6,E01029944,0,4
2024201420706,2024,201420706,2,19,0,-1,19,6,2,-1,0,8,0,0,0,0,3,1,-1,6,1,-1,-1,1995,2,7,FORD TRANSIT,-1,-1,0,-1
2024101432870,2024,101432870,1,19,0,-1,19,5,1,-1,0,0,0,0,0,0,1,1,-1,6,1,35,6,1995,2,1,FORD TRANSIT,9,E01027521,0,1
2024101428815,2024,101428815,1,19,0,-1,19,7,3,-1,0,0,0,0,0,0,1,9,-1,6,1,38,7,2402,2,18,FORD TRANSIT,1,E01008484,0,1
2024991449661,2024,991449661,1,19,0,-1,19,6,1,-1,0,4,1,0,0,0,1,1,-1,6,3,-1,-1,2198,2,13,FORD TRANSIT,-1,-1,0,-1
2024471417436,2024,471417436,1,19,0,-1,5,2,6,-1,0,1,0,0,0,0,-1,9,-1,6,1,26,6,2402,2,19,FORD TRANSIT,4,E01033827,0,4
2024361505630,2024,361505630,2,19,0,-1,19,3,7,-1,0,0,0,0,0,0,1,1,-1,9,1,27,6,2198,2,11,FORD TRANSIT,5,E01026712,0,1
2024201400398,2024,201400398,1,19,0,-1,19,4,8,-1,0,2,0,0,0,0,3,1,-1,6,1,-1,-1,2198,2,9,FORD TRANSIT,-1,-1,0,-1
2024231500623,2024,231500623,1,19,0,-1,12,3,7,-1,0,0,0,0,0,0,3,9,-1,6,1,40,7,1995,2,3,FORD TRANSIT,6,E01015790,0,4
2024461465038,2024,461465038,1,19,0,-1,19,7,5,-1,0,0,0,0,1,0,1,1,-1,6,1,36,7,1995,2,1,FORD TRANSIT,3,E01016173,0,1
2024131526742,2024,131526742,1,19,0,-1,7,5,1,-1,0,1,0,0,0,0,-1,1,-1,6,3,-1,-1,1995,2,3,FORD TRANSIT,-1,-1,0,-1
2024991411738,2024,991411738,2,90,0,-1,2,0,0,-1,0,0,0,0,0,0,2,1,-1,6,2,66,10,2402,2,13,FORD TRANSIT,2,-1,0,1
2024010545770,2024,010545770,1,19,0,2,2,0,0,0,0,2,0,0,0,0,2,1,6,6,3,-1,-1,1995,2,6,FORD TRANSIT,-1,-1,0,-1
2024461449625,2024,461449625,2,19,5,-1,19,7,3,-1,0,0,0,0,0,0,2,1,-1,2,1,25,5,1995,2,4,FORD TRANSIT,1,E01024580,0,2
2024061395250,2024,061395250,1,19,0,-1,4,7,3,-1,0,0,0,0,0,0,1,1,-1,1,1,49,8,1995,2,3,FORD TRANSIT,5,E01005556,0,2
2024440090716,2024,440090716,1,19,0,13,13,4,8,0,0,2,0,0,7,0,4,1,1,1,1,29,6,1995,2,1,FORD TRANSIT,5,E01022640,0,2
2024451432874,2024,451432874,1,19,0,-1,19,1,5,-1,0,0,0,0,0,0,1,1,-1,1,1,19,4,1995,2,3,FORD TRANSIT,6,E01030765,0,2
2024010544573,2024,010544573,1,19,0,10,10,5,3,0,0,1,1,0,0,0,1,1,1,1,1,36,7,1995,2,6,FORD TRANSIT,-1,-1,0,-1
2024141516886,2024,141516886,2,19,0,-1,19,4,7,-1,0,0,0,0,0,0,1,1,-1,9,1,25,5,2402,2,13,FORD TRANSIT,2,E01007843,0,2
2024302400939,2024,302400939,2,19,0,2,2,0,0,0,0,0,0,0,0,0,2,1,6,6,3,-1,-1,2198,2,10,FORD TRANSIT,-1,-1,0,-1
2024041501229,2024,041501229,1,19,0,-1,12,7,3,-1,0,0,0,0,0,0,1,1,-1,6,1,40,7,2198,2,17,FORD TRANSIT,2,E01025285,0,1
2024440159317,2024,440159317,2,19,0,17,19,6,3,0,0,0,0,0,0,0,3,1,1,1,1,75,10,2198,2,8,FORD TRANSIT,9,E01022971,0,2
2024522401715,2024,522401715,1,19,0,9,9,6,4,0,0,5,0,0,0,0,1,1,6,6,1,39,7,1995,2,5,FORD TRANSIT,4,E01031895,0,4
2024440378465,2024,440378465,1,19,0,18,19,6,3,0,0,0,0,0,0,0,1,1,2,2,3,-1,-1,2198,2,8,FORD TRANSIT,-1,-1,0,-1
2024010509784,2024,010509784,2,19,0,18,19,1,5,0,0,2,0,0,0,0,1,1,1,1,1,45,7,1995,2,2,FORD TRANSIT,5,E01001240,0,1
2024340NN9112,2024,340NN9112,1,19,0,-1,2,3,7,-1,0,0,0,0,0,0,0,1,-1,6,1,30,6,1995,2,1,FORD TRANSIT,3,E01033124,0,5
2024061403757,2024,061403757,2,19,0,-1,2,0,0,-1,0,0,0,0,0,0,3,9,-1,1,1,34,6,-1,3,1,FORD TRANSIT,4,E01005208,0,1
2024440215835,2024,440215835,3,19,0,3,3,4,8,0,0,1,0,0,0,0,2,1,2,2,2,44,7,2198,2,12,FORD TRANSIT,-1,-1,0,-1
2024451521783,2024,451521783,1,10,0,-1,19,4,8,-1,0,2,0,0,0,0,3,1,-1,1,1,52,8,2198,2,8,FORD TRANSIT,4,E01030634,0,2
2024371399856,2024,371399856,3,19,0,-1,10,1,5,-1,0,1,0,0,0,0,1,1,-1,1,1,51,8,2198,2,11,FORD TRANSIT,2,E01030265,0,3
2024131473571,2024,131473571,2,19,0,-1,19,1,5,-1,0,0,0,0,0,0,1,1,-1,6,-1,-1,-1,1995,2,2,FORD TRANSIT,-1,-1,0,-1
2024411463551,2024,411463551,2,19,0,-1,19,5,8,-1,0,2,0,0,0,0,1,1,-1,9,1,58,9,2402,2,14,FORD TRANSIT,6,E01023413,0,1
2024070296890,2024,070296890,1,19,0,18,19,1,3,9,9,5,5,0,7,4,1,1,6,6,1,59,9,1998,2,19,FORD TRANSIT,3,E01018631,0,1
2024351437036,2024,351437036,1,19,0,-1,19,1,5,-1,0,0,0,0,0,0,1,1,-1,1,1,28,6,1995,2,7,FORD TRANSIT,10,E01021570,0,4
2024471473504,2024,471473504,1,19,0,-1,4,4,1,-1,0,0,0,0,7,0,1,1,-1,1,1,49,8,2198,2,12,FORD TRANSIT,8,E01021167,0,4
2024201517382,2024,201517382,2,19,0,-1,1,6,2,-1,0,0,0,0,0,0,2,1,-1,6,3,-1,-1,1995,2,7,FORD TRANSIT,-1,-1,0,-1
2024311480333,2024,311480333,1,19,0,-1,4,8,4,-1,0,0,0,0,0,0,2,2,-1,6,1,49,8,1995,2,5,FORD TRANSIT,2,E01003092,0,5
2024161444646,2024,161444646,2,19,0,-1,19,4,8,-1,0,0,0,0,1,0,1,1,-1,1,1,31,6,1995,2,2,FORD TRANSIT,9,E01035478,0,4
2024421493123,2024,421493123,1,19,0,-1,19,1,4,-1,0,0,0,0,0,0,0,1,-1,1,1,34,6,1995,2,2,FORD TRANSIT,5,E01021550,0,3
2024010532698,2024,010532698,1,19,0,3,3,7,3,0,0,1,0,0,0,0,2,1,1,1,1,23,5,-1,3,1,FORD TRANSIT,6,E01002654,0,2
2024421421156,2024,421421156,1,19,0,-1,19,7,3,-1,0,8,0,0,0,0,1,1,-1,1,1,24,5,1995,2,2,FORD TRANSIT,1,E01034096,0,3
2024440177959,2024,440177959,1,19,0,18,19,2,6,0,0,2,1,0,0,0,1,1,1,1,1,39,7,1995,2,4,FORD TRANSIT,3,E01031482,0,4
2024010510249,2024,010510249,1,19,0,9,9,2,1,0,0,6,0,0,0,0,4,1,6,6,1,35,6,1995,2,7,FORD TRANSIT,6,E01002523,0,4
2024440274061,2024,440274061,2,19,0,7,7,3,7,0,0,1,0,0,0,0,1,1,6,6,3,-1,-1,2198,2,9,FORD TRANSIT,-1,-1,0,-1
2024070874774,2024,070874774,2,19,0,-1,2,0,0,-1,-1,3,0,0,0,0,1,1,-1,1,1,39,7,1995,2,1,FORD TRANSIT,4,E01032684,0,3
2024351458378,2024,351458378,1,19,0,-1,19,1,5,-1,0,0,0,0,7,9,1,1,-1,1,1,30,6,1995,2,1,FORD TRANSIT,6,E01033113,0,2
2024501517750,2024,501517750,2,19,0,-1,2,0,0,-1,0,0,0,0,0,0,2,1,-1,6,1,21,5,1995,2,7,FORD TRANSIT,10,E01020004,0,4
2024041405923,2024,041405923,1,19,0,-1,1,8,5,-1,1,8,0,0,0,0,2,1,-1,1,1,63,9,2198,2,11,FORD TRANSIT,1,E01025295,0,1
2024430445798,2024,430445798,2,19,0,3,3,2,6,0,0,1,0,0,0,0,2,1,2,2,1,61,9,1995,2,2,FORD TRANSIT,-1,-1,0,-1
2024031397919,2024,031397919,1,19,0,-1,19,1,5,-1,0,0,2,0,1,11,1,1,-1,1,1,42,7,1995,2,6,FORD TRANSIT,9,E01028672,0,5
2024461559289,2024,461559289,1,19,0,-1,19,6,2,-1,0,0,0,0,1,11,3,9,-1,6,3,-1,-1,2198,2,12,FORD TRANSIT,-1,-1,0,-1
2024471497237,2024,471497237,1,19,0,-1,19,5,1,-1,0,0,1,0,1,1,1,1,-1,6,1,44,7,2198,2,12,FORD TRANSIT,2,E01016918,0,4
2024010544802,2024,010544802,2,19,0,5,5,7,3,0,0,3,0,0,0,0,1,1,6,6,3,-1,-1,2198,2,11,FORD TRANSIT,-1,-1,0,-1
2024421517168,2024,421517168,2,19,0,-1,4,7,3,-1,0,1,0,0,0,0,3,1,-1,9,1,52,8,2198,2,11,FORD TRANSIT,6,E01021722,0,1
2024430333008,2024,430333008,2,19,0,18,19,8,4,0,0,0,0,0,0,0,1,1,1,1,1,30,6,2198,2,9,FORD TRANSIT,-1,-1,0,-1
2024440020254,2024,440020254,1,19,0,12,12,6,2,0,0,0,0,0,0,0,3,1,1,1,1,27,6,1995,2,3,FORD TRANSIT,9,E01022971,0,4
2024361408243,2024,361408243,3,19,0,-1,2,3,2,-1,-1,1,0,4,0,0,2,9,-1,6,-1,-1,-1,1995,2,2,FORD TRANSIT,-1,-1,0,-1
2024421470156,2024,421470156,1,19,0,-1,19,3,7,-1,0,1,0,0,1,0,1,1,-1,6,-1,-1,-1,1998,2,19,FORD TRANSIT,-1,-1,0,-1
2024122500458,2024,122500458,1,19,0,18,19,7,3,0,0,0,0,0,0,0,1,1,1,1,1,44,7,1995,2,6,FORD TRANSIT,7,E01013419,0,1
2024070741012,2024,070741012,1,19,0,-1,5,4,8,-1,0,6,0,0,0,0,1,1,-1,2,1,45,7,1995,2,1,FORD TRANSIT,2,E01010929,0,4
2024131394444,2024,131394444,1,19,0,-1,19,7,3,-1,0,3,0,0,0,0,3,1,-1,6,3,-1,-1,1995,2,3,FORD TRANSIT,3,E01011546,0,3
2024010547115,2024,010547115,1,19,0,18,19,1,5,0,0,1,0,0,0,0,1,1,1,1,1,50,8,1995,2,2,FORD TRANSIT,-1,-1,0,-1
2024411405507,2024,411405507,1,19,0,-1,19,1,5,-1,0,0,0,0,5,6,2,9,-1,1,1,35,6,1995,2,6,FORD TRANSIT,-1,-1,0,-1
2024501427695,2024,501427695,1,19,0,-1,19,7,3,-1,0,0,5,0,0,0,1,1,-1,2,1,33,6,1995,2,5,FORD TRANSIT,2,E01015156,0,4
2024101403985,2024,101403985,2,20,0,-1,9,5,1,-1,0,1,0,0,7,0,1,1,-1,1,1,57,9,-1,-1,-1,FORD TRANSIT,4,E01008402,0,4
2024361438410,2024,361438410,1,19,0,-1,9,7,4,-1,0,8,0,0,0,0,3,1,-1,1,1,27,6,1995,2,5,FORD TRANSIT,4,E01026606,0,3
2024041400828,2024,041400828,2,19,0,-1,19,6,2,-1,0,1,0,0,0,0,1,1,-1,2,1,58,9,1995,2,5,FORD TRANSIT,7,E01012636,0,1
2024440465006,2024,440465006,3,19,0,3,3,5,1,0,0,1,0,0,0,0,2,1,6,6,1,61,9,1995,2,2,FORD TRANSIT,3,E01017220,0,3
2024010536503,2024,010536503,2,19,0,18,19,7,3,0,0,0,0,0,0,0,1,1,1,1,1,24,5,-1,3,1,FORD TRANSIT,4,E01002491,0,2
2024332400975,2024,332400975,1,19,0,-1,19,7,3,-1,0,0,0,0,0,0,1,1,-1,2,1,52,8,2198,2,12,FORD TRANSIT,4,E01013729,0,2
2024361482598,2024,361482598,1,19,0,-1,5,7,7,-1,0,0,0,0,0,0,1,1,-1,1,1,69,10,1995,2,1,FORD TRANSIT,7,E01029871,0,4
2024320038571,2024,320038571,2,19,4,2,2,0,0,0,0,0,0,0,0,0,2,1,6,6,1,42,7,2402,2,19,FORD TRANSIT,6,E01026649,0,4
2024041482371,2024,041482371,1,19,0,-1,1,8,4,-1,0,0,0,0,0,0,2,1,-1,6,1,21,5,2198,2,14,FORD TRANSIT,1,E01012578,0,1
2024440233075,2024,440233075,3,19,0,3,3,3,7,0,0,2,0,0,0,0,3,1,6,6,3,-1,-1,2198,2,14,FORD TRANSIT,-1,-1,0,-1
2024010521455,2024,010521455,1,19,0,18,19,8,4,0,0,2,0,0,0,0,1,1,6,6,1,42,7,1995,2,4,FORD TRANSIT,4,E01000980,0,1
2024471534439,2024,471534439,1,19,0,-1,19,2,7,-1,0,1,0,0,0,0,3,1,-1,1,1,34,6,1995,2,0,FORD TRANSIT,10,E01030593,0,3
2024351420272,2024,351420272,2,19,0,-1,4,6,2,-1,0,0,0,0,0,0,2,1,-1,1,1,25,5,1995,2,3,FORD TRANSIT,3,E01026684,0,3
2024010502165,2024,010502165,1,19,0,9,9,5,3,0,0,2,0,0,0,0,1,2,1,1,1,32,6,-1,3,1,FORD TRANSIT,8,E01001996,0,3
2024010508150,2024,010508150,2,19,0,18,19,5,1,0,0,1,0,0,0,0,1,1,6,6,3,-1,-1,2402,2,13,FORD TRANSIT,-1,-1,0,-1
2024340WN1062,2024,340WN1062,1,19,0,-1,9,2,6,-1,0,8,5,7,0,1,4,1,-1,1,1,52,8,1995,2,1,FORD TRANSIT,9,E01027148,0,1
2024161450929,2024,161450929,1,19,0,-1,19,8,4,-1,0,0,0,0,1,4,1,1,-1,6,1,75,10,2198,2,18,FORD TRANSIT,3,E01013133,0,2
2024522402168,2024,522402168,2,19,0,18,19,7,3,0,0,0,5,0,2,10,3,1,6,6,1,36,7,2198,2,12,FORD TRANSIT,7,E01015585,0,4
2024010532671,2024,010532671,2,19,0,18,19,1,5,0,0,8,0,0,0,0,4,1,1,1,1,23,5,1995,2,1,FORD TRANSIT,3,E01035668,0,1
2024522401824,2024,522401824,1,19,0,11,11,2,6,0,0,1,0,0,0,0,1,1,6,6,1,33,6,1995,2,2,FORD TRANSIT,8,E01014773,0,3
2024371517175,2024,371517175,1,19,0,-1,19,7,4,-1,0,0,0,0,0,0,1,1,-1,1,1,38,7,2198,2,18,FORD TRANSIT,4,E01004417,0,4
2024552401502,2024,552401502,1,19,0,18,19,8,4,0,0,0,1,0,0,0,1,1,1,1,1,24,5,2198,2,13,FORD TRANSIT,-1,-1,0,-1
2024451485759,2024,451485759,2,19,0,-1,-1,1,5,-1,-1,2,0,0,0,0,4,1,-1,-1,1,29,6,2402,2,17,FORD TRANSIT,4,E01031585,0,2
2024421510216,2024,421510216,2,19,0,-1,19,6,2,-1,0,0,0,0,0,0,2,1,-1,6,1,35,6,1995,2,7,FORD TRANSIT,6,E01003706,0,2
2024401412253,2024,401412253,3,19,0,-1,2,0,0,-1,0,0,0,0,0,0,1,1,-1,6,1,65,9,2198,2,11,FORD TRANSIT,8,E01035609,0,3
2024401528659,2024,401528659,1,19,0,-1,5,7,8,-1,0,4,0,0,0,0,1,1,-1,1,1,46,8,1995,2,5,FORD TRANSIT,10,E01018245,0,4
2024440531818,2024,440531818,2,19,0,18,19,7,3,0,0,8,0,0,0,0,1,1,1,1,1,35,6,2198,2,16,FORD TRANSIT,6,E01017256,0,1
202454E493324,2024,54E493324,1,19,0,5,5,7,3,0,0,4,0,0,0,0,1,1,1,1,1,23,5,1995,2,2,FORD TRANSIT,6,E01034550,0,1
2024010492538,2024,010492538,1,19,0,9,9,7,5,0,0,6,0,0,0,0,1,1,1,1,1,64,9,1995,2,4,FORD TRANSIT,3,E01003275,0,1
2024401454324,2024,401454324,2,90,0,-1,5,7,3,-1,0,2,0,0,0,0,1,1,-1,1,1,42,7,-1,-1,-1,FORD TRANSIT,10,E01017399,0,3
2024061458230,2024,061458230,2,19,0,-1,19,3,7,-1,-1,1,0,0,0,0,2,1,-1,1,1,32,6,1995,2,0,FORD TRANSIT,3,E01006159,0,3
2024361525034,2024,361525034,1,20,0,-1,19,3,7,-1,0,1,0,0,0,0,1,1,-1,6,1,32,6,-1,-1,-1,FORD TRANSIT,8,E01026856,0,1
2024010551077,2024,010551077,2,19,0,2,2,0,0,0,0,0,0,0,0,0,2,2,6,6,3,-1,-1,1995,2,5,FORD TRANSIT,-1,-1,0,-1
2024320080481,2024,320080481,1,19,0,-1,-1,1,5,0,0,0,1,0,1,3,1,1,1,1,1,26,6,1995,2,4,FORD TRANSIT,1,E01034264,0,4
2024010498167,2024,010498167,2,20,0,5,5,5,1,0,0,1,0,0,0,0,1,1,1,1,1,41,7,1995,2,2,FORD TRANSIT,2,E01002054,0,1
2024231553062,2024,231553062,2,19,0,-1,2,0,0,-1,-1,0,0,0,0,0,1,1,-1,1,1,74,10,1499,2,0,FORD TRANSIT,5,E01032306,0,4
2024101416718,2024,101416718,1,19,0,-1,1,7,3,-1,0,0,0,0,0,0,2,1,-1,9,1,41,7,2402,2,17,FORD TRANSIT,2,E01008489,0,1
2024461425216,2024,461425216,1,19,0,-1,19,2,6,-1,0,0,0,0,0,0,1,9,-1,6,1,26,6,1995,2,3,FORD TRANSIT,2,E01024600,0,3
2024221506236,2024,221506236,1,19,0,-1,19,2,4,-1,0,0,0,0,0,0,1,1,-1,1,1,28,6,2198,2,10,FORD TRANSIT,2,E01010449,0,4
2024131481251,2024,131481251,1,19,0,-1,9,7,5,-1,0,5,0,0,0,0,4,1,-1,1,1,27,6,2198,2,9,FORD TRANSIT,1,E01011665,0,1
2024201440823,2024,201440823,1,19,0,-1,19,2,6,-1,0,8,0,0,0,0,4,1,-1,9,1,42,7,2198,2,18,FORD TRANSIT,2,E01009487,0,2
2024471410386,2024,471410386,2,20,0,-1,19,2,7,-1,0,0,0,0,1,10,3,1,-1,1,1,60,9,-1,-1,-1,FORD TRANSIT,8,E01021209,0,4
2024461489951,2024,461489951,3,19,0,-1,2,0,0,-1,0,0,0,0,0,0,1,9,-1,9,1,54,8,-1,-1,-1,FORD TRANSIT,4,E01024565,0,1
2024547761124,2024,547761124,2,19,4,4,4,2,6,0,0,0,0,0,0,0,4,1,2,2,1,42,7,2198,2,10,FORD TRANSIT,7,E01034540,0,1
2024461453364,2024,461453364,1,19,0,-1,19,1,5,-1,0,0,1,11,7,11,1,1,-1,9,1,46,8,2402,2,17,FORD TRANSIT,-1,-1,0,-1
2024201439975,2024,201439975,1,19,0,-1,19,5,1,-1,0,1,0,0,0,0,1,1,-1,6,1,-1,-1,2402,2,14,FORD TRANSIT,1,E01009479,0,3
2024010536502,2024,010536502,1,19,0,18,19,5,1,0,0,0,0,0,0,0,3,1,6,6,1,37,7,1995,2,7,FORD TRANSIT,-1,-1,0,-1
2024141450232,2024,141450232,1,19,0,-1,9,5,1,-1,0,1,0,0,0,0,1,1,-1,1,1,59,9,2198,2,8,FORD TRANSIT,2,E01007627,0,4
2024501402248,2024,501402248,2,19,0,-1,19,7,3,-1,0,0,1,0,0,0,3,1,-1,1,1,27,6,1995,2,2,FORD TRANSIT,2,E01015171,0,4
2024522400795,2024,522400795,1,19,0,18,19,4,8,0,0,2,0,0,0,0,1,1,6,6,1,32,6,2402,2,13,FORD TRANSIT,1,E01014658,0,1
2024471533656,2024,471533656,3,19,0,-1,19,4,8,-1,0,0,0,0,0,0,3,1,-1,9,1,40,7,2198,2,8,FORD TRANSIT,4,E01021013,0,3
2024332400241,2024,332400241,1,10,0,-1,19,1,5,-1,0,3,5,0,1,1,1,1,-1,6,1,28,6,2198,2,15,FORD TRANSIT,3,E01009656,0,3
2024010498291,2024,010498291,2,19,0,18,19,2,6,0,0,8,0,10,7,10,4,1,1,1,1,34,6,2402,2,15,FORD TRANSIT,4,E01015926,0,2
2024010528695,2024,010528695,2,20,0,99,99,9,9,99,99,9,9,99,9,99,1,9,6,6,1,27,6,-1,-1,-1,FORD TRANSIT,5,E01000471,0,1
2024471430477,2024,471430477,1,19,0,-1,19,2,6,-1,0,0,0,0,0,0,4,1,-1,1,1,23,5,1995,2,1,FORD TRANSIT,1,E01020985,0,4
2024351488861,2024,351488861,2,19,0,-1,19,3,7,-1,0,0,0,0,0,0,1,1,-1,1,1,24,5,1995,2,3,FORD TRANSIT,8,E01023672,0,4
2024070287398,2024,070287398,2,19,0,-1,-1,1,5,0,0,0,0,4,0,0,1,1,6,6,1,37,7,2198,2,15,FORD TRANSIT,3,E01012432,0,2
2024010529342,2024,010529342,2,19,0,12,12,3,7,0,0,0,0,0,0,0,1,1,1,1,1,48,8,2198,2,12,FORD TRANSIT,5,E01016768,0,4
2024131465135,2024,131465135,1,19,0,-1,19,7,3,-1,0,3,5,0,1,0,4,1,-1,1,1,23,5,1995,2,5,FORD TRANSIT,1,E01011662,0,1
2024351468394,2024,351468394,2,19,0,-1,19,4,8,-1,0,1,0,0,0,0,4,1,-1,1,1,60,9,1995,2,2,FORD TRANSIT,7,E01018279,0,1
2024061534243,2024,061534243,1,19,0,-1,19,5,1,-1,0,0,0,0,0,0,1,1,-1,1,1,45,7,-1,3,1,FORD TRANSIT,3,E01005179,0,2