collision_index,collision_year,collision_ref_no,vehicle_reference,vehicle_type,towing_and_articulation,vehicle_manoeuvre_historic,vehicle_manoeuvre,vehicle_direction_from,vehicle_direction_to,vehicle_location_restricted_lane_historic,vehicle_location_restricted_lane,junction_location,skidding_and_overturning,hit_object_in_carriageway,vehicle_leaving_carriageway,hit_object_off_carriageway,first_point_of_impact,vehicle_left_hand_drive,journey_purpose_of_driver_historic,journey_purpose_of_driver,sex_of_driver,age_of_driver,age_band_of_driver,engine_capacity_cc,propulsion_code,age_of_vehicle,generic_make_model,driver_imd_decile,lsoa_of_driver,escooter_flag,driver_distance_banding
2024061499280,2024,061499280,1,19,0,-1,2,0,0,-1,9,0,0,0,0,0,1,9,-1,6,3,-1,-1,2198,2,8,FORD TRANSIT,-1,-1,0,-1
2024041499885,2024,041499885,1,19,4,-1,4,5,1,-1,0,0,0,0,0,0,1,1,-1,1,1,38,7,1995,2,0,FORD TRANSIT,3,E01025097,0,1
2024010522593,2024,010522593,1,20,0,3,3,7,3,0,0,1,0,0,0,0,2,1,1,1,1,62,9,-1,-1,-1,FORD TRANSIT,3,E01001858,0,3
2024070412612,2024,070412612,1,19,0,18,19,7,3,0,0,0,1,0,0,0,1,1,6,6,1,35,6,2402,2,20,FORD TRANSIT,-1,-1,0,-1
2024991525314,2024,991525314,1,19,0,-1,7,6,8,-1,0,1,0,0,0,0,1,1,-1,1,1,64,9,1995,2,3,FORD TRANSIT,3,-1,0,3
2024302500105,2024,302500105,1,19,0,-1,19,1,5,-1,9,1,0,0,1,11,1,1,-1,6,1,28,6,2402,2,18,FORD TRANSIT,5,E01019436,0,2
2024010517070,2024,010517070,1,19,0,18,19,7,3,0,0,1,0,11,0,0,4,1,1,1,1,27,6,1995,2,2,FORD TRANSIT,5,E01034419,0,4
2024010533990,2024,010533990,2,19,9,99,99,9,9,99,99,9,9,99,9,99,9,9,6,6,3,-1,-1,2402,2,23,FORD TRANSIT,-1,-1,0,-1
2024332401040,2024,332401040,4,20,0,-1,19,4,6,-1,0,0,0,0,0,0,3,1,-1,6,3,-1,-1,-1,-1,-1,FORD TRANSIT,-1,-1,0,-1
2024421535606,2024,421535606,1,19,0,-1,19,5,1,-1,0,0,0,0,0,0,1,1,-1,9,1,58,9,2198,2,11,FORD TRANSIT,2,E01021485,0,4
2024332401161,2024,332401161,1,19,0,-1,19,5,1,-1,0,3,0,0,0,0,3,1,-1,9,1,57,9,2198,2,9,FORD TRANSIT,5,E01025749,0,2
2024430521935,2024,430521935,1,19,0,18,19,4,8,0,0,2,0,0,0,0,1,1,1,1,1,55,8,1995,2,7,FORD TRANSIT,6,E01016471,0,2
2024522500003,2024,522500003,2,19,0,18,19,6,2,0,0,0,0,0,0,0,1,1,6,6,1,-1,-1,1995,2,5,FORD TRANSIT,7,E01014648,0,2
2024522401476,2024,522401476,2,19,0,18,19,4,8,0,0,0,0,0,0,0,1,1,6,6,3,-1,-1,2402,2,23,FORD TRANSIT,-1,-1,0,-1
2024010515860,2024,010515860,2,19,0,18,19,5,1,0,0,8,0,0,7,10,1,1,6,6,1,58,9,-1,3,1,FORD TRANSIT,-1,-1,0,-1
2024010505215,2024,010505215,1,19,0,1,1,5,1,0,0,2,0,4,0,0,2,1,6,6,1,24,5,2402,2,14,FORD TRANSIT,-1,-1,0,-1
2024041488808,2024,041488808,1,19,0,-1,19,7,3,-1,0,1,0,0,0,0,1,1,-1,1,1,39,7,1995,2,6,FORD TRANSIT,2,E01012536,0,4
202460Q154313,2024,60Q154313,1,20,1,18,19,3,7,0,0,0,0,0,0,0,0,1,6,6,1,17,4,1995,2,2,FORD TRANSIT,-1,-1,0,-1
2024471514991,2024,471514991,1,19,0,-1,19,5,1,-1,0,8,0,0,0,0,1,1,-1,2,1,53,8,1995,2,0,FORD TRANSIT,4,E01015948,0,4
2024010511505,2024,010511505,2,20,0,9,9,7,4,0,0,1,0,0,0,0,0,1,6,6,1,43,7,-1,-1,-1,FORD TRANSIT,9,E01003828,0,3
2024471435245,2024,471435245,1,19,0,-1,-1,-1,-1,-1,-1,0,-1,-1,-1,0,-1,1,-1,1,1,35,6,1995,2,2,FORD TRANSIT,2,E01001576,0,4
2024421524533,2024,421524533,1,19,0,-1,19,1,5,-1,0,0,0,0,0,0,1,1,-1,1,1,42,7,1995,2,1,FORD TRANSIT,5,E01024181,0,4
2024552401148,2024,552401148,2,19,0,2,2,0,0,0,0,0,0,0,0,0,1,1,6,6,3,-1,-1,1995,2,2,FORD TRANSIT,-1,-1,0,-1
2024451398623,2024,451398623,1,19,0,-1,5,2,6,-1,0,4,0,0,0,0,3,1,-1,1,1,56,9,1995,2,8,FORD TRANSIT,9,E01030727,0,1
2024471508809,2024,471508809,1,19,0,-1,-1,-1,-1,-1,0,1,0,0,0,0,2,1,-1,6,1,36,7,1995,2,4,FORD TRANSIT,9,E01018307,0,5
2024520402659,2024,520402659,1,19,0,18,19,7,3,0,0,1,0,0,0,0,1,1,6,6,1,40,7,1995,2,3,FORD TRANSIT,7,E01029227,0,3
2024231413599,2024,231413599,2,19,0,-1,4,7,3,-1,0,0,0,0,1,0,2,9,-1,1,1,20,4,2198,2,17,FORD TRANSIT,10,E01010166,0,3
2024010508146,2024,010508146,2,19,0,9,9,3,1,0,0,1,0,0,0,0,3,1,6,6,1,43,7,2198,2,15,FORD TRANSIT,3,E01034484,0,1
2024010536760,2024,010536760,1,19,0,18,19,5,1,0,0,8,0,0,0,0,3,1,6,6,1,58,9,1995,2,7,FORD TRANSIT,5,E01024452,0,4
2024131482129,2024,131482129,1,19,0,-1,9,1,5,-1,0,1,0,0,0,0,1,1,-1,6,3,-1,-1,2198,2,9,FORD TRANSIT,-1,-1,0,-1
2024631490533,2024,631490533,2,19,0,-1,19,3,7,-1,0,0,0,0,0,0,1,1,-1,1,2,35,6,2198,2,15,FORD TRANSIT,5,W01000528,0,3
2024161506751,2024,161506751,2,19,9,-1,7,-1,-1,-1,99,1,9,99,9,0,9,9,-1,6,1,-1,-1,2198,2,12,FORD TRANSIT,-1,-1,0,-1
2024430580884,2024,430580884,1,19,4,18,19,2,6,0,0,0,5,0,0,6,3,1,1,1,1,-1,-1,2402,2,14,FORD TRANSIT,-1,-1,0,-1
2024122401151,2024,122401151,1,19,0,4,4,2,6,0,0,0,0,0,0,0,2,1,1,1,1,59,9,2198,2,14,FORD TRANSIT,9,E01027619,0,3
2024430589752,2024,430589752,1,19,0,18,19,5,1,0,0,0,0,0,0,0,1,1,6,6,1,32,6,2198,2,14,FORD TRANSIT,-1,-1,0,-1
2024131401255,2024,131401255,1,19,0,-1,1,5,1,-1,0,1,0,0,0,0,4,1,-1,1,1,25,5,2402,2,13,FORD TRANSIT,2,E01010621,0,1
2024010510406,2024,010510406,2,19,0,18,19,1,5,0,0,8,0,0,0,0,4,1,1,1,1,48,8,1995,2,3,FORD TRANSIT,3,E01000622,0,2
2024440354166,2024,440354166,2,19,0,17,19,5,2,0,0,8,0,0,0,0,3,1,6,6,1,30,6,2198,2,12,FORD TRANSIT,3,E01017179,0,3
2024320644226,2024,320644226,1,19,0,1,1,6,2,9,9,6,0,0,0,0,2,1,1,1,1,35,6,1995,2,3,FORD TRANSIT,-1,-1,0,-1
2024010525091,2024,010525091,1,19,0,7,7,5,7,0,0,7,0,0,0,0,4,1,1,1,1,25,5,1995,2,3,FORD TRANSIT,4,E01003929,0,2
2024101534201,2024,101534201,3,19,0,-1,2,5,1,-1,0,0,0,0,0,0,0,1,-1,6,1,62,9,1995,2,4,FORD TRANSIT,4,E01027375,0,1
2024070519079,2024,070519079,1,19,0,3,3,4,8,9,9,8,0,0,0,0,4,1,1,1,1,53,8,1995,2,6,FORD TRANSIT,4,E01005362,0,4
2024010550841,2024,010550841,2,19,0,5,5,7,3,0,0,6,0,0,0,0,1,1,6,6,3,-1,-1,-1,3,0,FORD TRANSIT,-1,-1,0,-1
2024440020277,2024,440020277,2,19,0,18,19,4,8,0,0,0,0,0,0,0,2,1,1,1,1,19,4,2402,2,14,FORD TRANSIT,10,E01023092,0,4
2024141461103,2024,141461103,1,19,0,-1,19,1,5,-1,9,0,0,0,0,0,2,9,-1,9,1,18,4,2198,2,17,FORD TRANSIT,7,E01007399,0,1
2024531444816,2024,531444816,2,19,0,-1,4,1,5,-1,0,1,0,0,0,0,3,1,-1,9,1,51,8,2402,2,15,FORD TRANSIT,10,E01022366,0,1
2024461440485,2024,461440485,1,19,0,-1,13,8,4,-1,0,0,0,0,0,0,4,1,-1,2,1,26,6,1995,2,2,FORD TRANSIT,7,E01024285,0,1
2024440328023,2024,440328023,1,19,0,17,19,1,5,0,0,0,0,0,2,4,1,1,1,1,1,29,6,1995,2,1,FORD TRANSIT,5,E01017368,0,1
2024061409182,2024,061409182,1,19,0,-1,1,8,4,-1,0,1,0,0,0,0,2,9,-1,6,3,-1,-1,2198,2,13,FORD TRANSIT,-1,-1,0,-1
2024211436321,2024,211436321,2,19,0,-1,19,3,7,-1,0,0,0,0,0,0,1,1,-1,6,1,37,7,2198,2,13,FORD TRANSIT,9,E01029767,0,1
2024010518601,2024,010518601,2,19,0,99,99,9,9,99,99,9,9,99,9,99,1,9,6,6,3,-1,-1,1995,2,2,FORD TRANSIT,8,E01004762,0,1
2024991502805,2024,991502805,6,19,0,-1,2,1,1,-1,0,0,0,0,0,0,1,9,-1,6,-1,-1,-1,1995,2,6,FORD TRANSIT,-1,-1,0,-1
2024101497461,2024,101497461,4,19,0,-1,19,5,1,-1,0,0,0,0,0,0,2,1,-1,1,1,70,10,2198,2,10,FORD TRANSIT,2,E01008719,0,2
2024141486815,2024,141486815,2,19,0,-1,5,-1,-1,-1,0,0,0,0,0,0,-1,9,-1,6,1,24,5,1995,2,3,FORD TRANSIT,1,E01008119,0,2
2024311521691,2024,311521691,1,19,0,-1,9,6,4,-1,0,6,0,0,0,0,3,1,-1,6,1,48,8,2402,2,16,FORD TRANSIT,1,E01013868,0,1
2024991416334,2024,991416334,8,19,0,-1,2,0,0,-1,0,0,0,0,0,0,4,1,-1,6,-1,-1,-1,2198,2,8,FORD TRANSIT,-1,-1,0,-1
2024430103736,2024,430103736,1,19,0,18,19,1,5,0,0,1,0,0,0,0,1,1,1,1,1,31,6,1995,2,2,FORD TRANSIT,6,E01035743,0,1
2024440201386,2024,440201386,1,19,0,18,19,2,6,0,0,0,0,0,0,0,2,1,6,6,1,39,7,1995,2,0,FORD TRANSIT,3,E01016030,0,5
2024010500565,2024,010500565,2,19,0,16,19,5,1,0,0,1,0,0,0,0,4,1,1,1,1,64,9,1995,2,4,FORD TRANSIT,6,E01002563,0,3
2024211505675,2024,211505675,2,19,0,-1,19,1,5,-1,0,8,1,10,7,1,1,1,-1,6,1,36,7,2198,2,17,FORD TRANSIT,-1,-1,0,-1
2024052400511,2024,052400511,2,19,0,18,19,6,2,0,0,0,0,0,0,0,3,1,6,6,1,32,6,2198,2,14,FORD TRANSIT,1,E01006461,0,3
2024052402676,2024,052402676,2,19,0,18,19,3,7,0,0,0,0,0,0,0,1,1,6,6,1,66,10,2198,2,14,FORD TRANSIT,1,E01007228,0,1
2024141453417,2024,141453417,2,19,0,-1,19,6,2,-1,0,0,0,0,0,0,3,1,-1,1,1,60,9,2198,2,10,FORD TRANSIT,3,E01007488,0,1
2024010541778,2024,010541778,2,19,0,99,99,9,9,99,99,9,9,99,9,99,9,9,6,6,3,-1,-1,1995,2,5,FORD TRANSIT,2,E01004722,0,2
2024401499489,2024,401499489,1,19,0,-1,19,4,8,-1,0,0,0,0,0,0,1,1,-1,1,1,33,6,1995,2,3,FORD TRANSIT,5,E01027123,0,4
2024201470651,2024,201470651,1,19,0,-1,15,4,8,-1,0,0,0,0,0,0,2,1,-1,6,3,-1,-1,2400,2,22,FORD TRANSIT,-1,-1,0,-1
2024010518111,2024,010518111,1,20,0,17,19,1,5,0,0,1,0,0,0,0,1,1,6,6,3,-1,-1,-1,-1,-1,FORD TRANSIT,-1,-1,0,-1
2024010541151,2024,010541151,2,19,0,18,19,1,5,99,99,9,0,0,0,0,9,1,6,6,3,-1,-1,1996,2,0,FORD TRANSIT,-1,-1,0,-1
2024451490680,2024,451490680,2,19,0,-1,19,1,3,-1,0,0,0,0,0,0,3,1,-1,6,3,57,9,2198,2,16,FORD TRANSIT,3,E01002923,0,3
2024010528619,2024,010528619,1,19,0,18,19,3,7,0,0,8,0,0,0,0,1,1,1,1,1,25,5,-1,3,1,FORD TRANSIT,6,E01002601,0,3
2024631471871,2024,631471871,2,10,0,-1,13,4,8,-1,0,1,0,0,0,0,4,1,-1,9,2,50,8,2198,2,11,FORD TRANSIT,7,W01000451,0,3
2024471396148,2024,471396148,2,19,0,-1,19,3,7,-1,0,2,0,0,0,0,1,1,-1,1,1,38,7,2198,2,12,FORD TRANSIT,3,E01031811,0,1
2024371437352,2024,371437352,1,19,0,-1,19,3,7,-1,0,0,0,0,0,0,1,1,-1,1,1,35,6,1995,2,6,FORD TRANSIT,10,E01030078,0,1
2024991414106,2024,991414106,2,19,0,-1,19,7,4,-1,0,6,0,0,0,0,1,1,-1,1,1,63,9,2198,2,9,FORD TRANSIT,2,-1,0,3
2024311430042,2024,311430042,1,19,0,-1,12,2,6,-1,0,0,0,0,0,0,1,1,-1,6,3,-1,-1,2198,2,9,FORD TRANSIT,-1,-1,0,-1
2024010531919,2024,010531919,2,19,0,99,99,9,9,99,99,9,9,99,9,99,2,9,6,6,1,45,7,1995,2,4,FORD TRANSIT,7,E01001600,0,3
2024440039483,2024,440039483,3,19,0,2,2,0,0,0,0,0,0,0,0,0,2,1,6,6,3,-1,-1,1995,2,1,FORD TRANSIT,-1,-1,0,-1
2024552400979,2024,552400979,3,19,0,18,19,2,8,0,0,0,0,0,0,0,4,1,6,6,1,32,6,2198,2,11,FORD TRANSIT,4,E01030816,0,5
2024010532937,2024,010532937,1,19,0,18,19,7,3,0,0,0,0,0,0,0,1,1,6,6,1,44,7,1995,2,4,FORD TRANSIT,2,E01002067,0,1
2024201512018,2024,201512018,3,19,0,-1,19,6,2,-1,0,8,0,0,0,0,2,1,-1,6,1,31,6,2402,2,14,FORD TRANSIT,3,E01027967,0,4
2024161407638,2024,161407638,1,19,0,-1,5,7,3,-1,0,8,0,0,0,0,4,1,-1,1,1,58,9,1995,2,2,FORD TRANSIT,7,E01013264,0,4
2024161520561,2024,161520561,1,19,0,-1,19,8,4,-1,0,0,0,0,7,4,1,1,-1,1,1,55,8,1996,2,0,FORD TRANSIT,4,E01012976,0,2
2024991496787,2024,991496787,2,19,0,-1,19,7,4,-1,0,3,0,0,0,0,1,1,-1,6,1,72,10,2198,2,11,FORD TRANSIT,7,-1,0,2
2024552400286,2024,552400286,1,20,0,7,7,3,6,0,0,4,0,0,0,0,3,1,1,1,3,-1,-1,2402,2,13,FORD TRANSIT,-1,-1,0,-1
2024320692631,2024,320692631,1,19,0,-1,-1,4,8,9,9,0,0,0,0,0,2,1,1,1,1,32,6,1995,2,6,FORD TRANSIT,3,E01026075,0,4
2024371461346,2024,371461346,2,19,0,-1,19,5,2,-1,0,0,0,0,0,0,3,1,-1,2,1,36,7,2198,2,8,FORD TRANSIT,8,E01029890,0,1
2024010541808,2024,010541808,2,19,0,99,99,9,9,99,99,9,9,99,9,99,9,9,6,6,3,-1,-1,1995,2,5,FORD TRANSIT,-1,-1,0,-1
2024010528711,2024,010528711,1,19,0,3,3,1,5,0,0,1,0,0,0,0,2,1,1,1,1,31,6,-1,3,1,FORD TRANSIT,3,E01003599,0,2
2024010536950,2024,010536950,1,19,0,9,9,3,2,9,9,5,0,0,0,0,4,1,1,1,1,32,6,1995,2,5,FORD TRANSIT,3,E01002370,0,1
2024302401154,2024,302401154,1,19,0,18,19,2,6,0,0,1,0,0,0,0,1,1,1,1,1,45,7,1995,2,1,FORD TRANSIT,1,E01013485,0,1
2024221473252,2024,221473252,2,19,0,-1,19,4,8,-1,0,8,0,0,0,0,4,9,-1,6,1,35,6,2402,2,22,FORD TRANSIT,4,E01028849,0,1
2024311457382,2024,311457382,2,19,0,-1,4,-1,-1,-1,0,0,0,0,0,0,1,1,-1,6,1,-1,-1,2198,2,10,FORD TRANSIT,-1,-1,0,-1
2024161534066,2024,161534066,1,19,0,-1,7,3,5,-1,0,8,0,0,0,0,4,9,-1,6,1,-1,-1,2402,2,22,FORD TRANSIT,-1,-1,0,-1
2024302401111,2024,302401111,1,19,0,14,14,1,5,0,0,0,0,0,0,0,4,1,6,6,1,30,6,2198,2,11,FORD TRANSIT,9,E01027108,0,4
2024501510796,2024,501510796,1,19,0,-1,19,4,8,-1,0,1,0,0,0,0,1,1,-1,1,1,34,6,2402,2,16,FORD TRANSIT,7,E01020029,0,4
2024991493777,2024,991493777,2,19,0,-1,15,7,3,-1,0,1,0,0,0,0,4,1,-1,1,1,33,6,1995,2,0,FORD TRANSIT,7,-1,0,4
2024340NN3292,2024,340NN3292,2,19,0,-1,19,7,3,-1,0,8,0,0,0,0,1,1,-1,6,3,-1,-1,2198,2,14,FORD TRANSIT,-1,-1,0,-1
2024302401305,2024,302401305,1,19,0,9,9,2,8,0,0,0,0,0,0,0,4,2,6,6,1,38,7,1998,2,22,FORD TRANSIT,1,E01019668,0,1
2024440122353,2024,440122353,1,19,0,18,19,4,8,0,0,0,5,10,1,9,4,1,1,1,1,36,7,1995,2,2,FORD TRANSIT,8,E01022952,0,2
2024010544313,2024,010544313,1,19,0,9,9,7,6,0,0,5,0,0,0,0,1,2,1,1,1,44,7,1995,2,1,FORD TRANSIT,5,E01003228,0,3
2024522401147,2024,522401147,1,19,0,9,9,5,3,0,0,5,0,0,0,0,1,1,6,6,1,38,7,2198,2,12,FORD TRANSIT,1,E01014581,0,1
2024501433166,2024,501433166,3,19,0,-1,5,7,3,-1,0,0,0,0,0,0,1,1,-1,1,1,43,7,2198,2,10,FORD TRANSIT,4,E01015024,0,1
2024221429147,2024,221429147,1,19,0,-1,19,8,4,-1,0,0,0,0,0,0,1,9,-1,6,1,45,7,2198,2,9,FORD TRANSIT,-1,-1,0,-1
2024052400511,2024,052400511,1,19,0,13,13,6,2,0,0,0,0,0,0,0,4,1,6,6,1,66,10,1995,2,7,FORD TRANSIT,1,E01006507,0,2
2024411515074,2024,411515074,2,19,0,-1,2,0,0,-1,0,0,0,0,0,0,2,1,-1,6,-1,-1,-1,1995,2,4,FORD TRANSIT,-1,-1,0,-1
2024461483067,2024,461483067,1,20,0,-1,19,1,5,-1,0,0,1,0,0,0,1,1,-1,1,1,45,7,1995,2,5,FORD TRANSIT,4,E01024162,0,4
2024501440917,2024,501440917,2,19,0,-1,2,7,3,-1,0,8,0,0,0,0,3,1,-1,6,-1,-1,-1,2198,2,16,FORD TRANSIT,-1,-1,0,-1
2024531444776,2024,531444776,1,19,0,-1,19,1,5,-1,0,0,0,0,0,0,1,1,-1,6,1,18,4,1998,2,18,FORD TRANSIT,9,E01022101,0,3
2024141495174,2024,141495174,3,19,0,-1,19,1,4,-1,0,0,0,0,0,0,1,9,-1,6,3,-1,-1,1995,2,7,FORD TRANSIT,-1,-1,0,-1
2024010510321,2024,010510321,1,20,0,99,99,9,9,99,99,9,9,99,9,99,0,9,1,1,1,65,9,1995,2,1,FORD TRANSIT,4,E01003480,0,1
2024421503591,2024,421503591,2,19,0,-1,5,7,5,-1,0,0,0,0,0,0,3,1,-1,1,1,52,8,2402,2,19,FORD TRANSIT,7,E01021264,0,2
2024031492199,2024,031492199,2,19,0,-1,19,3,7,-1,0,8,0,0,0,0,2,1,-1,9,1,56,9,2402,2,14,FORD TRANSIT,5,E01019371,0,1
2024010521181,2024,010521181,1,19,0,10,10,5,2,0,0,5,0,0,0,0,3,1,1,1,1,38,7,1995,2,7,FORD TRANSIT,7,E01003434,0,2
2024361467784,2024,361467784,3,19,0,-1,20,0,0,-1,0,0,0,0,0,0,1,1,-1,1,1,26,6,1995,2,2,FORD TRANSIT,4,E01026894,0,4
2024231501370,2024,231501370,1,19,0,-1,19,1,5,-1,0,6,0,0,3,4,1,1,-1,6,1,46,8,2402,2,22,FORD TRANSIT,4,E01031086,0,1
2024471472385,2024,471472385,1,10,0,-1,19,7,3,-1,0,0,0,0,0,0,1,9,-1,6,1,74,10,2198,2,6,FORD TRANSIT,7,E01031438,0,2
2024010547684,2024,010547684,3,19,0,18,19,7,3,0,0,2,0,0,0,0,1,1,1,1,1,19,4,-1,3,2,FORD TRANSIT,4,E01004628,0,1
2024320673494,2024,320673494,2,19,0,3,3,8,4,0,0,0,0,0,0,0,2,1,1,1,1,54,8,1995,2,6,FORD TRANSIT,-1,-1,0,-1
2024161401662,2024,161401662,1,19,0,-1,7,3,5,-1,0,8,0,0,0,0,1,9,-1,6,1,33,6,1995,2,1,FORD TRANSIT,-1,-1,0,-1
2024141476168,2024,141476168,2,19,0,-1,4,7,3,-1,0,1,0,0,0,0,1,1,-1,1,1,43,7,1995,2,1,FORD TRANSIT,1,E01011130,0,4
2024201449841,2024,201449841,2,19,0,-1,1,5,1,-1,0,0,0,8,0,0,2,1,-1,9,1,34,6,2402,2,19,FORD TRANSIT,1,E01009128,0,1
2024547240524,2024,547240524,4,19,0,3,3,7,3,0,0,0,0,0,0,0,2,1,1,1,1,58,9,1995,2,3,FORD TRANSIT,-1,-1,0,-1
2024991472822,2024,991472822,1,19,0,-1,2,8,4,-1,0,0,0,0,0,0,1,1,-1,6,1,16,4,2402,2,20,FORD TRANSIT,1,-1,0,1
2024501501408,2024,501501408,2,19,0,-1,19,2,6,-1,0,0,0,0,0,0,1,1,-1,1,1,30,6,2198,2,9,FORD TRANSIT,1,E01029297,0,4
2024401501729,2024,401501729,1,19,0,-1,7,2,6,-1,0,0,0,0,0,0,4,1,-1,1,1,37,7,1995,2,5,FORD TRANSIT,3,E01002086,0,4
2024231525271,2024,231525271,3,19,0,-1,19,7,2,-1,0,0,0,0,0,0,1,1,-1,1,1,43,7,1995,2,1,FORD TRANSIT,7,E01031137,0,4
2024211469309,2024,211469309,1,19,0,-1,19,1,1,-1,0,0,0,0,0,0,4,1,-1,1,1,59,9,1995,2,0,FORD TRANSIT,8,E01029525,0,4
2024471449852,2024,471449852,2,19,0,-1,19,3,7,-1,0,3,0,0,0,0,4,1,-1,6,1,46,8,2198,2,13,FORD TRANSIT,6,E01034823,0,1
2024010534776,2024,010534776,1,19,0,10,10,5,2,0,0,1,0,0,0,0,3,1,1,1,1,36,7,-1,3,1,FORD TRANSIT,5,E01001718,0,1
2024430383068,2024,430383068,1,19,0,18,19,3,7,0,0,0,0,0,0,0,1,1,6,6,1,38,7,1995,2,6,FORD TRANSIT,6,E01015644,0,5
2024501398061,2024,501398061,2,19,0,-1,19,2,6,-1,0,0,0,0,0,0,1,1,-1,9,1,76,11,2402,2,18,FORD TRANSIT,3,E01020286,0,2
2024010520374,2024,010520374,1,19,0,5,5,7,3,0,0,2,0,0,0,0,2,1,1,1,1,21,5,1995,2,3,FORD TRANSIT,3,E01001701,0,1
2024371462048,2024,371462048,2,19,0,-1,19,5,1,-1,0,1,0,0,0,0,2,1,-1,1,1,29,6,1995,2,3,FORD TRANSIT,6,E01033719,0,4
2024111462670,2024,111462670,2,19,0,-1,2,0,0,-1,0,0,0,0,0,0,1,1,-1,1,1,43,7,1995,2,2,FORD TRANSIT,4,-1,0,5
2024010544058,2024,010544058,2,19,0,18,19,7,3,0,0,1,0,0,0,0,2,1,2,2,1,56,9,-1,3,1,FORD TRANSIT,-1,-1,0,-1
2024052402509,2024,052402509,1,19,0,4,4,2,6,0,0,0,0,0,0,0,1,1,6,6,1,36,7,2198,2,12,FORD TRANSIT,3,E01006831,0,1
2024440039483,2024,440039483,1,19,0,18,19,2,6,0,0,0,0,4,0,0,1,1,6,6,1,50,8,2402,2,22,FORD TRANSIT,3,E01023122,0,1
2024520402843,2024,520402843,1,19,0,18,19,2,6,0,0,0,0,0,0,0,4,1,6,6,1,64,9,2198,2,12,FORD TRANSIT,10,E01014421,0,2
2024991494726,2024,991494726,1,19,0,-1,9,1,2,-1,0,1,0,0,0,0,3,2,-1,1,1,25,5,1995,2,2,FORD TRANSIT,7,-1,0,4
2024361508119,2024,361508119,1,19,0,-1,1,5,1,-1,0,0,0,0,0,0,2,1,-1,1,1,63,9,1499,2,0,FORD TRANSIT,6,E01026682,0,1
2024161453358,2024,161453358,1,19,0,-1,19,8,4,-1,0,0,0,0,0,0,4,1,-1,6,1,48,8,2496,2,26,FORD TRANSIT,1,E01012888,0,2
2024421513229,2024,421513229,1,19,0,-1,19,1,5,-1,0,0,2,0,0,0,4,1,-1,6,1,40,7,2198,2,13,FORD TRANSIT,4,E01022016,0,1
2024311441676,2024,311441676,2,19,0,-1,8,5,3,-1,0,3,0,0,1,0,1,1,-1,6,1,18,4,2198,2,9,FORD TRANSIT,1,E01028311,0,1
2024411497972,2024,411497972,1,19,0,-1,4,1,5,-1,0,1,0,0,0,0,1,9,-1,6,1,39,7,1995,2,2,FORD TRANSIT,7,E01016820,0,4
2024320741875,2024,320741875,2,19,0,2,2,0,0,0,0,0,0,0,0,0,2,1,1,1,1,20,4,1995,2,0,FORD TRANSIT,5,E01026162,0,4
2024522402028,2024,522402028,1,19,0,4,4,4,8,0,0,0,0,0,0,0,4,1,6,6,1,30,6,2198,2,13,FORD TRANSIT,7,E01014858,0,1
2024371479691,2024,371479691,2,19,0,-1,19,3,6,-1,0,2,0,0,0,0,1,1,-1,1,1,41,7,1995,2,5,FORD TRANSIT,5,E01030016,0,1
2024371493747,2024,371493747,1,19,0,-1,19,3,7,-1,0,0,0,0,1,0,1,1,-1,1,1,24,5,1995,2,3,FORD TRANSIT,2,E01029988,0,4
2024010490235,2024,010490235,2,19,0,99,99,9,9,99,99,5,9,99,9,99,9,9,6,6,3,-1,-1,1995,2,3,FORD TRANSIT,-1,-1,0,-1
2024010529926,2024,010529926,1,19,0,18,19,3,7,0,0,1,5,4,0,0,1,1,6,6,1,19,4,2402,2,16,FORD TRANSIT,2,E01000720,0,4
2024501491319,2024,501491319,1,19,0,-1,19,7,3,-1,0,0,0,0,0,0,1,1,-1,1,1,24,5,1998,2,19,FORD TRANSIT,5,E01020017,0,4
2024061496342,2024,061496342,1,19,0,-1,19,-1,-1,-1,0,0,0,0,0,0,2,1,-1,1,1,60,9,1995,2,3,FORD TRANSIT,1,W01001928,0,4
2024010542265,2024,010542265,1,10,0,99,99,9,9,99,99,9,9,99,9,99,1,9,6,6,1,62,9,1995,2,4,FORD TRANSIT,3,E01003990,0,1
2024340NN9052,2024,340NN9052,4,19,0,-1,19,5,1,-1,0,0,5,0,1,0,1,1,-1,1,1,41,7,1995,2,6,FORD TRANSIT,3,E01027082,0,3
2024211410469,2024,211410469,1,19,0,-1,3,6,2,-1,0,0,0,0,0,0,3,9,-1,1,1,35,6,2198,2,7,FORD TRANSIT,-1,-1,0,-1
2024010518964,2024,010518964,1,19,0,18,19,5,1,0,0,0,1,0,0,0,3,1,6,6,1,40,7,1995,2,1,FORD TRANSIT,6,E01003469,0,2
2024451523397,2024,451523397,2,19,0,-1,1,1,5,-1,0,0,0,0,0,0,4,1,-1,1,1,19,4,1995,2,3,FORD TRANSIT,2,E01001128,0,4
202460Q064383,2024,60Q064383,1,19,0,17,19,5,1,0,0,0,1,0,1,11,1,1,2,2,1,21,5,2198,2,15,FORD TRANSIT,-1,-1,0,-1
2024361460721,2024,361460721,1,19,0,-1,-1,-1,-1,-1,-1,0,-1,-1,-1,0,-1,9,-1,6,1,70,10,-1,-1,-1,FORD TRANSIT,7,W01000070,0,5