collision_index,collision_year,collision_ref_no,vehicle_reference,vehicle_type,towing_and_articulation,vehicle_manoeuvre_historic,vehicle_manoeuvre,vehicle_direction_from,vehicle_direction_to,vehicle_location_restricted_lane_historic,vehicle_location_restricted_lane,junction_location,skidding_and_overturning,hit_object_in_carriageway,vehicle_leaving_carriageway,hit_object_off_carriageway,first_point_of_impact,vehicle_left_hand_drive,journey_purpose_of_driver_historic,journey_purpose_of_driver,sex_of_driver,age_of_driver,age_band_of_driver,engine_capacity_cc,propulsion_code,age_of_vehicle,generic_make_model,driver_imd_decile,lsoa_of_driver,escooter_flag,driver_distance_banding
2024991411318,2024,991411318,2,20,4,-1,2,5,1,-1,0,0,0,4,0,0,1,1,-1,6,-1,-1,-1,1995,2,2,FORD TRANSIT,-1,-1,0,-1
2024401502480,2024,401502480,2,90,0,-1,19,3,8,-1,0,8,0,0,0,0,4,1,-1,1,1,49,8,1995,2,1,FORD TRANSIT,3,E01015744,0,3
2024052402559,2024,052402559,4,19,0,4,4,8,4,0,0,2,1,0,1,10,1,1,2,2,1,29,6,1995,2,1,FORD TRANSIT,1,E01006648,0,1
2024471459276,2024,471459276,1,19,0,-1,19,5,8,-1,0,0,0,0,0,0,1,1,-1,1,1,37,7,1995,2,4,FORD TRANSIT,9,E01031384,0,1
2024361508835,2024,361508835,2,19,0,-1,4,3,1,-1,0,0,0,0,0,0,2,1,-1,1,1,42,7,1995,2,3,FORD TRANSIT,1,E01022001,0,4
2024122401296,2024,122401296,2,19,0,2,2,0,0,0,0,1,0,0,0,0,1,1,1,1,1,42,7,2402,2,14,FORD TRANSIT,8,E01027635,0,1
2024440223503,2024,440223503,1,19,0,18,19,6,2,0,0,2,0,0,0,0,1,1,1,1,1,67,10,1995,2,0,FORD TRANSIT,8,E01022935,0,4
2024471444245,2024,471444245,1,19,0,-1,19,5,1,-1,0,8,0,0,1,0,1,1,-1,9,1,31,6,2198,2,14,FORD TRANSIT,5,E01034819,0,1
2024010519851,2024,010519851,2,19,9,99,99,9,9,99,99,0,9,99,9,99,9,9,6,6,3,-1,-1,1995,2,5,FORD TRANSIT,-1,-1,0,-1
2024302401001,2024,302401001,1,19,0,16,19,2,6,0,0,0,0,0,0,0,1,1,1,1,1,35,6,2198,2,8,FORD TRANSIT,7,E01025963,0,3
2024522401507,2024,522401507,1,19,0,12,12,2,6,0,0,0,0,0,0,0,3,1,6,6,1,36,7,2198,2,9,FORD TRANSIT,4,E01014603,0,1
2024361445889,2024,361445889,2,20,0,-1,4,6,1,-1,0,0,0,0,0,0,2,1,-1,1,1,47,8,-1,-1,-1,FORD TRANSIT,7,E01033454,0,4
2024430527707,2024,430527707,2,19,0,11,11,6,2,0,0,0,0,0,0,0,4,1,6,6,1,39,7,1995,2,3,FORD TRANSIT,-1,-1,0,-1
2024052400267,2024,052400267,2,19,0,3,3,1,5,0,0,1,0,0,0,0,2,1,6,6,1,67,10,2198,2,16,FORD TRANSIT,2,E01007181,0,1
2024430060634,2024,430060634,2,19,0,18,19,2,6,0,0,1,0,0,1,9,3,1,1,1,1,22,5,1499,2,0,FORD TRANSIT,6,E01028813,0,2
2024430147612,2024,430147612,1,19,0,18,19,8,4,0,0,4,0,0,0,0,1,1,6,6,1,32,6,2198,2,12,FORD TRANSIT,-1,-1,0,-1
2024052400669,2024,052400669,2,19,0,4,4,3,7,0,0,1,0,0,0,0,2,1,6,6,1,53,8,2198,2,13,FORD TRANSIT,4,E01006485,0,1
2024471462346,2024,471462346,1,19,0,-1,19,5,1,-1,0,8,0,0,0,0,1,1,-1,1,1,34,6,-1,3,2,FORD TRANSIT,5,E01031565,0,4
2024302401548,2024,302401548,1,19,0,18,19,4,8,0,0,0,0,0,0,0,1,1,2,2,1,40,7,2198,2,13,FORD TRANSIT,3,E01019667,0,1
2024361531458,2024,361531458,2,19,0,-1,19,6,3,-1,0,8,0,0,0,0,4,1,-1,9,1,27,6,1995,2,7,FORD TRANSIT,5,E01026575,0,1
2024010521108,2024,010521108,2,19,0,99,99,9,9,99,99,9,9,99,9,99,0,9,6,6,3,63,9,1995,2,0,FORD TRANSIT,7,E01015968,0,4
2024351455208,2024,351455208,3,19,-1,-1,-1,-1,-1,-1,-1,0,-1,-1,-1,0,-1,9,-1,6,1,-1,-1,1995,2,2,FORD TRANSIT,-1,-1,0,-1
2024122400479,2024,122400479,1,19,0,9,9,5,1,0,0,5,0,0,0,0,1,1,1,1,1,37,7,-1,3,2,FORD TRANSIT,1,E01007410,0,4
2024430249158,2024,430249158,1,19,0,18,19,3,7,0,0,1,0,0,0,0,1,1,2,2,1,-1,-1,2198,2,10,FORD TRANSIT,-1,-1,0,-1
2024010539853,2024,010539853,1,19,0,99,99,9,9,99,99,9,9,99,9,99,9,9,6,6,3,-1,-1,1995,2,4,FORD TRANSIT,4,E01001183,0,3
2024161526952,2024,161526952,3,19,0,-1,2,7,3,-1,9,0,0,0,0,0,4,1,-1,6,-1,-1,-1,2198,2,9,FORD TRANSIT,-1,-1,0,-1
2024161477021,2024,161477021,3,19,0,-1,2,0,0,-1,9,2,0,0,0,0,1,1,-1,6,-1,-1,-1,2198,2,15,FORD TRANSIT,-1,-1,0,-1
2024010503279,2024,010503279,1,19,3,4,4,3,7,0,0,8,0,0,0,0,0,1,1,1,1,51,8,1995,2,7,FORD TRANSIT,10,E01002937,0,1
2024461532359,2024,461532359,1,19,0,-1,19,5,7,-1,0,2,0,0,0,0,1,9,-1,6,1,24,5,1995,2,6,FORD TRANSIT,5,E01016457,0,4
2024471397029,2024,471397029,2,19,0,-1,4,6,2,-1,0,1,0,0,1,0,2,1,-1,1,1,39,7,2198,2,7,FORD TRANSIT,5,E01031687,0,1
2024052402312,2024,052402312,1,19,0,9,9,4,1,0,0,8,0,0,0,0,4,1,6,6,1,58,9,2198,2,9,FORD TRANSIT,2,E01006725,0,1
2024991474310,2024,991474310,1,19,0,-1,9,6,4,-1,0,1,0,0,0,0,3,1,-1,1,1,34,6,1995,2,1,FORD TRANSIT,1,-1,0,4
2024991476903,2024,991476903,1,19,0,-1,19,6,2,-1,0,0,0,0,0,0,1,1,-1,1,1,40,7,1995,2,1,FORD TRANSIT,3,-1,0,4
2024141410831,2024,141410831,1,19,0,-1,19,4,1,-1,0,1,0,0,0,0,1,1,-1,1,1,53,8,1995,2,2,FORD TRANSIT,8,E01007898,0,1
2024522400808,2024,522400808,2,19,0,11,11,6,2,0,0,0,0,0,0,0,4,1,6,6,1,49,8,2198,2,17,FORD TRANSIT,6,E01029461,0,5
2024531483709,2024,531483709,1,19,0,-1,5,6,2,-1,0,6,0,0,0,0,2,1,-1,9,1,47,8,2198,2,11,FORD TRANSIT,10,E01022367,0,1
2024131515867,2024,131515867,1,19,0,-1,14,1,5,-1,0,8,0,0,0,0,1,1,-1,2,1,31,6,2198,2,12,FORD TRANSIT,1,E01011429,0,3
2024440007705,2024,440007705,1,19,0,9,9,1,7,0,0,8,0,0,0,0,4,1,6,6,2,63,9,2198,2,12,FORD TRANSIT,4,E01035447,0,1
2024411535865,2024,411535865,1,19,0,-1,19,5,1,-1,0,0,0,0,0,0,1,1,-1,2,1,41,7,1995,2,1,FORD TRANSIT,5,E01023533,0,1
2024361439330,2024,361439330,1,19,0,-1,19,1,5,-1,0,1,0,0,0,0,1,1,-1,9,1,61,9,2198,2,16,FORD TRANSIT,9,E01026554,0,4
2024471488759,2024,471488759,2,19,0,-1,4,2,6,-1,0,1,0,0,0,0,1,9,-1,1,1,-1,-1,1995,2,6,FORD TRANSIT,-1,-1,0,-1
2024010508353,2024,010508353,1,19,0,18,19,1,5,0,0,0,0,0,0,0,0,1,1,1,1,34,6,1995,2,6,FORD TRANSIT,9,E01024415,0,4
2024010541422,2024,010541422,1,19,0,99,99,9,9,99,99,9,9,99,9,99,9,9,6,6,1,34,6,1995,2,2,FORD TRANSIT,3,E01010810,0,5
2024480543306,2024,480543306,2,19,9,99,99,9,9,99,99,9,9,99,9,99,9,9,6,6,3,-1,-1,1995,2,4,FORD TRANSIT,-1,-1,0,-1
2024010533027,2024,010533027,1,19,0,18,19,8,4,0,0,1,0,0,0,0,1,1,1,1,1,61,9,-1,3,0,FORD TRANSIT,5,E01000158,0,1
2024461430528,2024,461430528,2,19,0,-1,9,6,4,-1,0,8,0,0,0,0,4,1,-1,2,1,31,6,1995,2,7,FORD TRANSIT,4,E01024200,0,3
2024421440107,2024,421440107,1,19,0,-1,11,1,5,-1,0,1,0,0,0,0,4,1,-1,6,1,-1,-1,1995,2,3,FORD TRANSIT,-1,-1,0,-1
2024311534799,2024,311534799,1,19,0,-1,19,6,1,-1,0,0,0,0,0,0,4,1,-1,6,1,26,6,1995,2,5,FORD TRANSIT,6,E01027962,0,1
2024010540884,2024,010540884,3,19,4,2,2,0,0,0,0,4,0,4,0,0,3,1,6,6,3,-1,-1,1995,2,7,FORD TRANSIT,-1,-1,0,-1
2024010526280,2024,010526280,1,19,0,18,19,7,3,0,0,0,0,0,0,0,1,1,1,1,1,46,8,1995,2,2,FORD TRANSIT,4,E01003529,0,1
2024430553940,2024,430553940,2,19,0,18,19,3,7,0,0,0,0,0,0,0,1,1,6,6,3,-1,-1,2198,2,13,FORD TRANSIT,-1,-1,0,-1
2024161472772,2024,161472772,1,19,0,-1,19,7,3,-1,0,8,1,0,0,0,1,1,-1,1,1,33,6,2402,2,17,FORD TRANSIT,1,E01012918,0,2
2024041428481,2024,041428481,3,19,0,-1,2,1,5,-1,1,1,0,0,0,0,3,1,-1,6,-1,-1,-1,2402,2,17,FORD TRANSIT,-1,-1,0,-1
2024101430674,2024,101430674,1,20,0,-1,19,7,3,-1,0,4,0,0,1,7,1,1,-1,1,1,31,6,2198,2,8,FORD TRANSIT,-1,-1,0,-1
2024010510267,2024,010510267,2,19,0,99,99,9,9,99,99,9,9,99,9,99,9,9,6,6,3,49,8,1995,2,1,FORD TRANSIT,3,E01034608,0,4
2024101461563,2024,101461563,1,19,0,-1,19,6,3,-1,0,1,0,0,0,0,1,1,-1,6,1,55,8,2198,2,14,FORD TRANSIT,2,E01008477,0,1
2024122400656,2024,122400656,1,19,0,18,19,1,5,0,0,0,0,0,0,0,3,1,1,1,1,27,6,1995,2,7,FORD TRANSIT,10,E01027675,0,2
2024430154976,2024,430154976,1,20,0,9,9,1,7,0,0,5,0,0,0,0,1,1,2,2,1,33,6,-1,-1,-1,FORD TRANSIT,3,E01016444,0,1
2024401477278,2024,401477278,1,19,0,-1,19,5,1,-1,0,1,0,0,0,0,1,1,-1,1,1,40,7,1995,2,2,FORD TRANSIT,1,E01015616,0,4
2024010543790,2024,010543790,2,19,0,1,1,3,7,0,0,1,0,0,0,0,2,1,1,1,1,23,5,1995,2,3,FORD TRANSIT,1,E01000605,0,1
2024010498604,2024,010498604,1,19,0,18,19,8,4,0,0,0,0,10,1,2,1,1,1,1,1,57,9,1995,2,4,FORD TRANSIT,6,E01001527,0,2
2024010523780,2024,010523780,1,19,0,9,9,1,7,0,0,6,0,0,0,0,1,1,6,6,3,23,5,1995,2,1,FORD TRANSIT,-1,-1,0,-1
2024010520283,2024,010520283,1,19,0,18,19,8,4,0,0,8,0,0,0,0,1,1,6,6,3,44,7,2198,2,8,FORD TRANSIT,-1,-1,0,-1
2024471526534,2024,471526534,2,19,0,-1,7,1,3,-1,0,8,0,0,0,0,4,1,-1,6,1,34,6,2198,2,11,FORD TRANSIT,6,E01017012,0,2
2024010531520,2024,010531520,2,19,0,7,7,9,9,99,99,9,9,99,9,99,4,9,6,6,1,43,7,1995,2,5,FORD TRANSIT,3,E01023343,0,4
2024440124277,2024,440124277,1,20,0,13,13,5,1,0,0,0,0,0,0,0,4,1,6,6,1,41,7,1995,2,6,FORD TRANSIT,5,E01017016,0,1
2024201532953,2024,201532953,2,19,0,-1,4,6,2,-1,0,1,0,0,0,0,2,1,-1,1,1,55,8,2198,2,8,FORD TRANSIT,2,E01009997,0,1
2024461426330,2024,461426330,3,19,0,-1,2,0,0,-1,0,1,0,0,0,0,2,1,-1,1,1,21,5,1995,2,1,FORD TRANSIT,1,E01012058,0,5
2024451449608,2024,451449608,2,19,0,-1,19,7,3,-1,0,0,1,99,0,0,1,1,-1,6,3,30,6,1995,2,1,FORD TRANSIT,-1,-1,0,-1
2024991509573,2024,991509573,1,19,0,-1,4,3,7,-1,0,0,0,0,0,0,4,1,-1,1,1,32,6,-1,3,2,FORD TRANSIT,1,-1,0,1
2024401489448,2024,401489448,1,19,0,-1,19,5,1,-1,0,0,0,0,0,0,1,1,-1,1,-1,-1,-1,2402,2,19,FORD TRANSIT,-1,-1,0,-1
2024052402617,2024,052402617,1,19,0,1,1,8,4,0,0,0,0,0,0,0,2,1,1,1,1,43,7,1995,2,4,FORD TRANSIT,9,E01012448,0,4
2024010505063,2024,010505063,2,19,0,2,2,0,0,0,0,1,0,0,0,0,1,1,6,6,3,-1,-1,2198,2,10,FORD TRANSIT,-1,-1,0,-1
2024440376433,2024,440376433,1,19,0,16,19,4,7,0,0,0,0,0,7,3,1,1,2,2,1,34,6,2198,2,14,FORD TRANSIT,4,E01017312,0,1
2024010547033,2024,010547033,1,19,0,18,19,6,2,0,0,0,0,0,1,11,1,1,6,6,1,30,6,1995,2,3,FORD TRANSIT,3,E01004402,0,2
2024461491979,2024,461491979,1,19,0,-1,19,5,1,-1,0,0,0,0,0,0,3,9,-1,9,1,36,7,1995,2,2,FORD TRANSIT,6,E01024460,0,3
2024010507005,2024,010507005,2,19,0,99,99,9,9,99,99,0,9,99,9,99,1,9,6,6,3,-1,-1,1995,2,6,FORD TRANSIT,-1,-1,0,-1
2024421399137,2024,421399137,1,19,0,-1,9,3,8,-1,0,1,0,0,0,0,1,1,-1,1,1,61,9,1995,2,5,FORD TRANSIT,3,E01015902,0,1
2024320062397,2024,320062397,1,19,0,-1,-1,6,2,0,0,1,0,0,0,0,1,1,-1,-1,1,19,4,1995,2,4,FORD TRANSIT,3,E01007487,0,4
2024010530180,2024,010530180,2,19,0,99,99,9,9,99,99,9,9,99,9,99,9,9,6,6,3,-1,-1,1995,2,1,FORD TRANSIT,3,E01002527,0,3
2024361474387,2024,361474387,1,19,0,-1,19,5,1,-1,0,0,0,0,0,0,1,1,-1,2,1,31,6,2198,2,15,FORD TRANSIT,5,E01026788,0,2
2024010510796,2024,010510796,2,19,0,18,19,5,1,0,0,1,0,0,0,0,4,1,1,1,1,25,5,1995,2,6,FORD TRANSIT,3,E01003634,0,1
2024991469358,2024,991469358,2,19,0,-1,19,1,5,-1,0,1,0,4,0,0,3,1,-1,1,1,50,8,1995,2,5,FORD TRANSIT,4,-1,0,4
2024461491018,2024,461491018,1,19,0,-1,19,5,1,-1,0,0,0,0,0,0,1,1,-1,1,1,46,8,1995,2,2,FORD TRANSIT,3,E01003240,0,4
2024451495135,2024,451495135,1,19,0,-1,6,1,5,-1,0,1,0,0,0,0,3,1,-1,2,2,64,9,2198,2,13,FORD TRANSIT,5,E01030786,0,1
2024991515968,2024,991515968,1,19,0,-1,19,6,2,-1,0,0,0,0,0,0,1,1,-1,2,1,59,9,2198,2,14,FORD TRANSIT,3,-1,0,2
2024991499250,2024,991499250,2,19,0,-1,13,2,6,-1,0,0,0,0,0,0,3,1,-1,2,1,45,7,2198,2,12,FORD TRANSIT,7,-1,0,2
2024010530876,2024,010530876,2,19,0,18,19,1,5,0,0,4,0,0,0,0,1,1,6,6,1,24,5,2402,2,14,FORD TRANSIT,-1,-1,0,-1
2024302400877,2024,302400877,2,19,0,14,14,6,2,0,0,0,0,0,0,0,1,1,1,1,1,37,7,2402,2,12,FORD TRANSIT,2,E01019699,0,1
2024311495581,2024,311495581,1,19,0,-1,9,8,4,-1,0,0,1,0,1,4,4,1,-1,1,1,18,4,2198,2,9,FORD TRANSIT,-1,-1,0,-1
2024451403265,2024,451403265,2,19,0,-1,2,0,0,-1,0,0,0,4,0,0,3,1,-1,6,-1,-1,-1,1995,2,2,FORD TRANSIT,-1,-1,0,-1
2024131492396,2024,131492396,1,19,0,-1,19,3,7,-1,0,0,0,0,0,0,1,2,-1,6,3,-1,-1,1995,2,2,FORD TRANSIT,-1,-1,0,-1
2024351541968,2024,351541968,2,19,0,-1,9,7,3,-1,0,0,0,0,1,9,4,1,-1,1,1,27,6,1996,2,0,FORD TRANSIT,3,E01027227,0,4
2024522500399,2024,522500399,2,19,0,18,19,6,2,0,0,0,0,0,0,0,3,1,6,6,3,-1,-1,1995,2,3,FORD TRANSIT,-1,-1,0,-1
2024552400708,2024,552400708,3,10,0,18,19,4,8,0,0,8,0,0,0,0,1,1,6,6,2,54,8,2402,2,16,FORD TRANSIT,2,E01015313,0,1
2024411513925,2024,411513925,1,19,0,-1,19,6,2,-1,0,0,0,0,0,0,1,1,-1,1,1,22,5,1995,2,0,FORD TRANSIT,9,E01017716,0,4
2024131521638,2024,131521638,1,19,0,-1,1,1,5,-1,9,8,0,0,0,0,1,1,-1,2,1,47,8,2402,2,19,FORD TRANSIT,1,E01010612,0,2
2024111488350,2024,111488350,1,19,0,-1,19,7,3,-1,0,8,1,0,0,0,1,1,-1,1,1,58,9,2198,2,9,FORD TRANSIT,2,E01008719,0,2
2024201498007,2024,201498007,1,19,0,-1,3,1,2,-1,0,0,0,0,1,0,2,1,-1,6,1,23,5,2402,2,20,FORD TRANSIT,-1,-1,0,-1
2024991476555,2024,991476555,2,19,0,-1,7,5,8,-1,0,8,0,0,0,0,4,1,-1,1,1,35,6,2402,2,13,FORD TRANSIT,3,-1,0,1
2024201504916,2024,201504916,2,19,0,-1,19,1,5,-1,0,0,0,0,0,0,2,1,-1,1,1,37,7,1995,2,6,FORD TRANSIT,-1,-1,0,-1
2024010523123,2024,010523123,1,19,5,5,5,0,5,0,0,0,0,0,0,0,2,1,1,1,1,24,5,1995,2,4,FORD TRANSIT,6,E01023804,0,4
2024041465438,2024,041465438,3,19,0,-1,4,2,6,-1,0,0,0,0,0,0,2,9,-1,6,1,48,8,2402,2,15,FORD TRANSIT,5,E01025080,0,1
2024471490224,2024,471490224,1,19,0,-1,19,5,1,-1,0,1,0,0,0,0,1,1,-1,6,1,68,10,2198,2,11,FORD TRANSIT,3,E01031358,0,1
2024471437201,2024,471437201,1,19,0,-1,19,5,1,-1,0,0,0,0,0,0,2,1,-1,6,1,38,7,2198,2,10,FORD TRANSIT,6,E01021205,0,4
2024461413440,2024,461413440,1,19,0,-1,19,1,5,-1,0,0,0,0,0,0,1,1,-1,1,1,38,7,2198,2,9,FORD TRANSIT,3,E01024395,0,4
2024991421464,2024,991421464,1,20,0,-1,19,4,8,-1,0,1,0,0,0,0,1,1,-1,1,1,44,7,1995,2,6,FORD TRANSIT,1,-1,0,3
2024351526508,2024,351526508,1,19,0,-1,7,4,7,-1,0,5,0,0,0,0,4,1,-1,1,1,38,7,-1,3,1,FORD TRANSIT,6,E01035547,0,4
2024461528101,2024,461528101,1,19,0,-1,4,3,7,-1,0,0,0,0,0,0,1,1,-1,6,1,-1,-1,2402,2,13,FORD TRANSIT,-1,-1,0,-1
2024010523298,2024,010523298,2,19,9,99,99,9,9,99,99,9,0,99,9,99,9,9,6,6,3,-1,-1,2198,2,11,FORD TRANSIT,-1,-1,0,-1
2024201441569,2024,201441569,3,19,0,-1,2,0,0,-1,0,0,0,0,0,0,3,1,-1,6,1,-1,-1,1995,2,1,FORD TRANSIT,-1,-1,0,-1
2024501482277,2024,501482277,1,20,0,-1,9,2,8,-1,0,4,0,0,0,0,2,9,-1,6,1,64,9,1995,2,3,FORD TRANSIT,6,E01018915,0,3
2024302400747,2024,302400747,1,19,0,16,19,8,3,0,0,0,0,0,0,0,1,1,2,2,1,62,9,2198,2,13,FORD TRANSIT,5,E01019520,0,1
2024631460934,2024,631460934,2,19,0,-1,19,5,2,-1,0,1,0,0,0,0,1,1,-1,2,1,64,9,1995,2,3,FORD TRANSIT,3,W01000657,0,1
2024211453036,2024,211453036,1,19,4,-1,19,8,4,-1,0,1,1,0,1,0,1,2,-1,9,1,36,7,2198,2,9,FORD TRANSIT,5,E01019402,0,4
2024471474098,2024,471474098,2,19,0,-1,19,4,8,-1,0,0,0,0,0,0,3,1,-1,9,1,55,8,2198,2,10,FORD TRANSIT,10,E01003007,0,4
2024631434874,2024,631434874,1,19,0,-1,19,5,1,-1,0,0,0,0,1,3,1,1,-1,1,1,36,7,1995,2,2,FORD TRANSIT,6,W01000242,0,4
2024351486272,2024,351486272,2,19,0,-1,19,1,5,-1,0,8,0,0,0,0,4,1,-1,9,1,61,9,1995,2,2,FORD TRANSIT,9,E01033809,0,3
2024451461007,2024,451461007,2,19,0,-1,4,5,1,-1,0,0,0,0,0,0,0,9,-1,6,1,35,6,2402,2,14,FORD TRANSIT,-1,-1,0,-1
2024201456123,2024,201456123,2,19,0,-1,9,5,1,-1,0,8,0,0,0,0,1,9,-1,1,1,17,4,1995,2,6,FORD TRANSIT,2,E01010045,0,2
2024010523116,2024,010523116,1,19,0,18,19,3,7,0,0,1,0,0,0,0,1,1,1,1,1,32,6,-1,3,1,FORD TRANSIT,5,E01003714,0,3
2024451520994,2024,451520994,1,19,0,-1,4,5,1,-1,0,0,1,0,0,0,1,1,-1,6,1,47,8,1995,2,7,FORD TRANSIT,2,E01004140,0,3
2024471466462,2024,471466462,2,19,0,-1,19,4,8,-1,0,4,0,0,0,0,1,1,-1,6,1,29,6,1995,2,7,FORD TRANSIT,4,E01031608,0,1
2024211479208,2024,211479208,1,19,0,-1,1,5,1,-1,0,0,0,0,0,0,2,1,-1,1,1,35,6,1995,2,6,FORD TRANSIT,6,E01029609,0,1
2024010536856,2024,010536856,1,19,0,9,9,1,7,0,0,1,0,0,0,0,3,1,1,1,1,28,6,1995,2,0,FORD TRANSIT,2,E01024893,0,5
2024421426625,2024,421426625,2,19,0,-1,1,5,1,-1,0,0,0,0,0,0,2,1,-1,9,1,22,5,2402,2,15,FORD TRANSIT,3,E01021283,0,1
2024461502259,2024,461502259,1,19,0,-1,9,2,1,-1,0,6,0,0,0,0,1,1,-1,6,1,52,8,1995,2,7,FORD TRANSIT,2,E01024305,0,1
2024543395024,2024,543395024,12,19,0,18,19,4,8,0,0,0,1,0,0,10,1,1,6,6,1,68,10,1995,2,5,FORD TRANSIT,4,E01014426,0,4
2024451517866,2024,451517866,1,19,0,-1,9,8,6,-1,0,0,0,0,0,0,3,1,-1,2,1,27,6,2198,2,16,FORD TRANSIT,6,E01030516,0,3
2024440015260,2024,440015260,2,19,0,2,2,0,0,0,0,0,0,0,0,0,4,1,6,6,3,-1,-1,2402,2,14,FORD TRANSIT,-1,-1,0,-1
2024221411467,2024,221411467,1,19,0,-1,19,6,1,-1,0,0,0,0,0,0,3,9,-1,6,1,42,7,2198,2,8,FORD TRANSIT,3,E01029538,0,4
2024411438774,2024,411438774,3,19,0,-1,4,5,1,-1,0,0,0,0,0,0,4,1,-1,1,1,48,8,2198,2,8,FORD TRANSIT,10,E01017405,0,4
2024361400428,2024,361400428,2,19,0,-1,4,3,7,-1,0,1,0,0,0,0,1,1,-1,1,1,35,6,1995,2,2,FORD TRANSIT,1,E01026687,0,1
2024101484616,2024,101484616,1,19,4,-1,4,7,3,-1,0,1,1,4,0,0,1,1,-1,1,1,27,6,2402,2,15,FORD TRANSIT,4,E01008554,0,2
2024471437993,2024,471437993,1,19,0,-1,19,3,7,-1,0,4,0,0,0,0,1,1,-1,1,1,43,7,2402,2,13,FORD TRANSIT,3,E01031956,0,5
2024440502716,2024,440502716,3,19,0,18,19,1,5,0,0,8,0,0,0,0,0,1,6,6,3,-1,-1,1995,2,1,FORD TRANSIT,-1,-1,0,-1
2024041506542,2024,041506542,2,19,0,-1,19,5,1,-1,0,0,0,0,0,0,2,1,-1,1,1,33,6,1995,2,1,FORD TRANSIT,3,E01006584,0,4
2024201466565,2024,201466565,2,19,0,-1,9,3,1,-1,0,8,0,0,0,0,4,1,-1,1,1,39,7,2198,2,8,FORD TRANSIT,3,E01029527,0,3
2024451494974,2024,451494974,4,19,0,-1,19,6,2,-1,0,0,0,0,0,0,1,1,-1,1,1,34,6,1995,2,5,FORD TRANSIT,7,E01001341,0,4
2024520402186,2024,520402186,2,19,0,2,2,0,0,0,0,0,0,0,0,0,1,1,6,6,3,-1,-1,1995,2,2,FORD TRANSIT,-1,-1,0,-1
2024010487163,2024,010487163,1,19,0,9,9,7,4,0,0,8,0,0,0,0,3,1,1,1,1,35,6,1995,2,3,FORD TRANSIT,2,E01015931,0,4
2024610045624,2024,610045624,1,20,0,18,19,6,3,0,0,8,0,0,4,6,1,1,1,1,1,39,7,1995,2,4,FORD TRANSIT,1,W01001308,0,4
2024501519322,2024,501519322,2,19,0,-1,19,6,3,-1,0,1,0,0,0,0,1,1,-1,1,1,42,7,1995,2,1,FORD TRANSIT,4,E01018815,0,2
2024430263959,2024,430263959,1,19,0,18,19,7,3,0,0,0,0,0,0,0,1,1,1,1,1,35,6,1995,2,2,FORD TRANSIT,6,E01028580,0,4
2024201488338,2024,201488338,1,19,0,-1,19,3,7,-1,5,0,0,0,0,0,1,1,-1,2,1,54,8,2198,2,14,FORD TRANSIT,5,E01009617,0,1
2024411500641,2024,411500641,3,19,0,-1,19,7,3,-1,0,0,0,0,0,0,2,1,-1,1,1,28,6,1995,2,4,FORD TRANSIT,8,E01002868,0,4
2024010531179,2024,010531179,1,19,0,7,7,1,3,0,0,6,0,0,0,0,1,1,1,1,1,55,8,1995,2,4,FORD TRANSIT,3,E01000718,0,1
2024071001058,2024,071001058,3,19,0,-1,19,7,3,-1,0,0,0,11,0,0,1,1,-1,6,1,38,7,2198,2,8,FORD TRANSIT,7,E01018338,0,2
2024010531638,2024,010531638,1,10,0,10,10,5,3,0,0,1,0,0,0,0,1,1,1,1,1,56,9,1996,2,5,FORD TRANSIT,7,E01001383,0,1
2024501492555,2024,501492555,1,19,0,-1,5,3,5,-1,0,1,0,0,0,0,4,1,-1,1,1,46,8,1995,2,0,FORD TRANSIT,1,E01018868,0,4
2024141415603,2024,141415603,2,19,0,-1,9,8,6,-1,0,2,0,0,0,0,3,1,-1,1,1,47,8,1995,2,5,FORD TRANSIT,6,E01008105,0,1
2024052400644,2024,052400644,2,19,0,18,19,5,1,0,0,1,0,0,0,0,4,1,1,1,1,64,9,1995,2,2,FORD TRANSIT,2,E01006452,0,2
2024010530888,2024,010530888,1,19,0,18,19,3,7,0,0,3,0,0,0,0,4,1,6,6,1,24,5,-1,3,1,FORD TRANSIT,2,E01001332,0,1
2024991474039,2024,991474039,2,19,0,-1,19,4,8,-1,0,0,0,0,0,0,2,1,-1,2,1,29,6,2402,2,13,FORD TRANSIT,3,-1,0,4
2024471457546,2024,471457546,1,19,0,-1,5,1,5,-1,0,3,0,0,0,0,1,1,-1,6,1,43,7,2198,2,8,FORD TRANSIT,9,E01020942,0,2
2024131491901,2024,131491901,1,19,0,-1,19,5,1,-1,0,0,0,0,0,0,1,1,-1,2,1,29,6,1995,2,1,FORD TRANSIT,5,E01027916,0,1
2024421518255,2024,421518255,1,19,0,-1,19,1,5,-1,0,8,0,0,0,0,1,1,-1,9,1,36,7,2198,2,12,FORD TRANSIT,9,E01021927,0,2
2024411508773,2024,411508773,2,19,0,-1,19,7,3,-1,0,0,0,0,0,0,1,1,-1,6,1,25,5,2198,2,13,FORD TRANSIT,5,E01015748,0,3