collision_index,collision_year,collision_ref_no,vehicle_reference,vehicle_type,towing_and_articulation,vehicle_manoeuvre_historic,vehicle_manoeuvre,vehicle_direction_from,vehicle_direction_to,vehicle_location_restricted_lane_historic,vehicle_location_restricted_lane,junction_location,skidding_and_overturning,hit_object_in_carriageway,vehicle_leaving_carriageway,hit_object_off_carriageway,first_point_of_impact,vehicle_left_hand_drive,journey_purpose_of_driver_historic,journey_purpose_of_driver,sex_of_driver,age_of_driver,age_band_of_driver,engine_capacity_cc,propulsion_code,age_of_vehicle,generic_make_model,driver_imd_decile,lsoa_of_driver,escooter_flag,driver_distance_banding
2024991484449,2024,991484449,2,19,0,-1,19,5,1,-1,0,1,1,0,0,0,1,1,-1,1,1,34,6,2402,2,19,FORD TRANSIT,-1,-1,0,-1
2024131500943,2024,131500943,1,19,0,-1,1,8,4,-1,0,2,0,0,0,0,1,1,-1,6,3,-1,-1,1995,2,7,FORD TRANSIT,-1,-1,0,-1
2024101443881,2024,101443881,2,19,0,-1,19,1,5,-1,0,0,0,0,0,0,1,1,-1,9,1,37,7,1995,2,3,FORD TRANSIT,2,E01008663,0,1
2024101438222,2024,101438222,2,19,0,-1,5,6,2,-1,0,0,0,0,0,0,2,9,-1,6,1,52,8,2198,2,10,FORD TRANSIT,2,E01027398,0,2
2024320063451,2024,320063451,1,19,0,9,9,4,2,0,0,8,0,0,0,0,1,1,1,1,1,22,5,2402,2,13,FORD TRANSIT,10,E01028315,0,4
2024010516315,2024,010516315,1,19,0,99,99,9,9,99,99,9,9,99,9,99,2,9,2,2,1,29,6,2198,2,9,FORD TRANSIT,9,E01030331,0,3
2024501462165,2024,501462165,1,19,0,-1,13,3,7,-1,0,0,0,0,0,0,2,1,-1,1,2,26,6,1995,2,2,FORD TRANSIT,6,E01035210,0,5
2024991416887,2024,991416887,1,19,0,-1,19,1,5,-1,0,0,0,0,0,0,1,1,-1,1,1,41,7,2402,2,14,FORD TRANSIT,4,-1,0,3
2024041460984,2024,041460984,3,19,0,-1,12,5,1,-1,0,0,0,0,0,0,0,9,-1,6,1,23,5,1995,2,5,FORD TRANSIT,1,E01025250,0,4
2024010533886,2024,010533886,2,19,0,9,9,1,7,0,0,8,0,0,0,0,1,2,1,1,1,23,5,1995,2,7,FORD TRANSIT,8,E01004731,0,1
2024010513656,2024,010513656,2,90,0,1,1,3,7,0,0,6,0,0,0,0,2,1,1,1,1,36,7,-1,-1,-1,FORD TRANSIT,8,E01001227,0,3
2024361474717,2024,361474717,1,19,0,-1,19,5,1,-1,0,0,0,0,0,0,3,1,-1,1,1,19,4,1995,2,3,FORD TRANSIT,8,E01026929,0,3
2024211468164,2024,211468164,1,19,0,-1,19,1,5,-1,0,0,0,0,0,0,3,1,-1,6,1,39,7,2198,2,11,FORD TRANSIT,3,E01015294,0,5
2024332400498,2024,332400498,2,19,0,-1,19,1,5,-1,0,1,0,0,0,0,1,1,-1,2,1,38,7,1995,2,2,FORD TRANSIT,1,E01013722,0,1
2024411424504,2024,411424504,1,19,0,-1,19,-1,-1,-1,0,0,0,0,0,0,1,9,-1,1,1,32,6,1995,2,3,FORD TRANSIT,4,E01030746,0,4
2024101471766,2024,101471766,1,19,0,-1,19,4,8,-1,0,0,0,0,0,0,1,1,-1,1,1,60,9,1995,2,1,FORD TRANSIT,5,E01020617,0,3
2024231431402,2024,231431402,1,19,0,-1,19,8,4,-1,0,0,1,4,7,0,1,1,-1,6,1,23,5,2402,2,16,FORD TRANSIT,1,E01031116,0,1
2024471412644,2024,471412644,2,19,0,-1,19,7,3,-1,0,0,0,0,0,0,3,1,-1,6,1,41,7,2198,2,10,FORD TRANSIT,6,E01020986,0,3
2024440056131,2024,440056131,2,19,0,18,19,7,3,0,0,0,0,0,0,0,3,1,1,1,1,44,7,1995,2,5,FORD TRANSIT,6,E01022736,0,1
2024010549143,2024,010549143,3,19,0,2,2,0,0,0,0,0,0,0,0,0,2,1,6,6,3,-1,-1,2402,2,20,FORD TRANSIT,-1,-1,0,-1
2024440505616,2024,440505616,2,19,0,18,19,8,4,0,0,1,0,0,0,0,1,1,6,6,1,-1,-1,2198,2,13,FORD TRANSIT,-1,-1,0,-1
2024061457480,2024,061457480,1,19,0,-1,4,6,2,-1,0,4,0,0,0,0,0,1,-1,6,1,58,9,2198,2,10,FORD TRANSIT,1,E01006360,0,3
2024552401285,2024,552401285,1,19,0,7,7,5,7,0,0,5,0,0,0,0,1,1,6,6,1,26,6,2198,2,10,FORD TRANSIT,8,E01020408,0,1
2024302400824,2024,302400824,1,19,0,18,19,7,3,0,0,0,0,0,0,0,0,1,6,6,3,-1,-1,2402,2,19,FORD TRANSIT,-1,-1,0,-1
2024221395469,2024,221395469,2,19,0,-1,19,5,8,-1,0,0,0,0,0,0,1,1,-1,6,1,53,8,2198,2,12,FORD TRANSIT,4,E01028880,0,1
2024141430580,2024,141430580,2,19,0,-1,19,3,7,-1,0,1,0,0,0,0,1,1,-1,1,1,34,6,2198,2,8,FORD TRANSIT,6,E01007554,0,2
2024211406151,2024,211406151,1,19,0,-1,19,2,6,-1,0,4,0,0,0,0,1,9,-1,6,1,52,8,1995,2,3,FORD TRANSIT,4,E01029386,0,1
2024991451748,2024,991451748,2,19,0,-1,19,4,8,-1,0,0,0,0,0,0,1,1,-1,1,1,40,7,1995,2,6,FORD TRANSIT,5,-1,0,4
2024211410469,2024,211410469,2,19,0,-1,3,6,2,-1,0,0,0,0,0,0,2,9,-1,1,1,35,6,2198,2,7,FORD TRANSIT,9,E01029744,0,4
2024070089614,2024,070089614,1,19,0,18,19,5,1,0,0,0,5,0,0,0,3,1,2,2,1,36,7,2402,2,16,FORD TRANSIT,3,E01006171,0,3
2024440215781,2024,440215781,2,19,0,18,19,8,4,0,0,0,0,0,0,0,1,1,1,1,1,27,6,2198,2,10,FORD TRANSIT,9,E01023191,0,3
2024471417361,2024,471417361,1,19,0,-1,19,2,6,-1,0,0,1,0,0,0,1,1,-1,9,1,50,8,2198,2,13,FORD TRANSIT,1,E01021136,0,3
2024501420857,2024,501420857,2,19,0,-1,5,7,3,-1,0,4,0,0,0,0,2,1,-1,1,1,51,8,2402,2,15,FORD TRANSIT,6,E01020241,0,1
2024401446142,2024,401446142,3,19,0,-1,2,0,0,-1,0,0,0,0,0,0,2,1,-1,6,-1,-1,-1,2402,2,13,FORD TRANSIT,-1,-1,0,-1
2024201474020,2024,201474020,2,19,0,-1,9,2,8,-1,0,5,0,0,0,0,1,1,-1,6,-1,-1,-1,2402,2,12,FORD TRANSIT,-1,-1,0,-1
2024522401669,2024,522401669,2,19,0,11,11,7,3,0,0,1,0,0,0,0,1,1,6,6,1,-1,-1,2402,2,19,FORD TRANSIT,-1,-1,0,-1
2024471494894,2024,471494894,2,19,0,-1,4,1,5,-1,0,1,0,0,0,0,2,1,-1,2,1,30,6,1995,2,0,FORD TRANSIT,5,E01017261,0,5
2024430115626,2024,430115626,2,20,1,17,19,8,2,0,0,0,0,0,0,0,1,1,1,1,1,60,9,-1,-1,-1,FORD TRANSIT,6,E01026339,0,4
2024010518424,2024,010518424,1,10,0,5,5,1,5,0,0,0,1,0,0,0,1,1,3,7,1,28,6,2198,2,6,FORD TRANSIT,4,E01001727,0,1
2024041413080,2024,041413080,1,19,0,-1,9,7,3,-1,0,8,0,0,0,0,1,1,-1,2,1,27,6,2198,2,11,FORD TRANSIT,2,E01025292,0,1
2024547725624,2024,547725624,2,19,5,4,4,6,2,0,0,1,0,0,0,0,2,1,1,1,1,31,6,2198,2,11,FORD TRANSIT,7,E01014698,0,4
2024302400329,2024,302400329,1,19,0,3,3,1,5,0,0,8,0,0,0,0,2,1,6,6,1,21,5,2198,2,10,FORD TRANSIT,5,E01019402,0,1
2024461400461,2024,461400461,2,19,0,-1,19,5,4,-1,0,0,0,0,0,0,1,1,-1,2,1,56,9,1995,2,1,FORD TRANSIT,2,E01000729,0,2
2024010517935,2024,010517935,1,19,0,12,12,7,3,0,0,2,0,0,0,0,3,1,6,6,1,36,7,2198,2,12,FORD TRANSIT,2,E01002100,0,1
2024010514095,2024,010514095,2,19,0,2,2,0,0,0,0,2,0,0,0,0,1,1,6,6,3,-1,-1,2198,2,8,FORD TRANSIT,-1,-1,0,-1
2024440030596,2024,440030596,2,19,0,18,19,4,8,0,0,0,1,0,1,0,2,1,1,1,1,70,10,1995,2,7,FORD TRANSIT,2,E01017115,0,4
2024440027056,2024,440027056,1,19,0,18,19,2,6,0,0,0,0,0,0,0,4,1,6,6,2,81,11,2198,2,12,FORD TRANSIT,6,E01023015,0,2
2024041476402,2024,041476402,2,19,0,-1,19,5,1,-1,0,0,0,0,0,0,3,1,-1,1,1,44,7,2198,2,12,FORD TRANSIT,7,E01025576,0,1
2024041496508,2024,041496508,1,19,0,-1,19,3,7,-1,0,0,0,0,0,0,1,1,-1,1,1,34,6,2198,2,10,FORD TRANSIT,4,E01034344,0,1
2024451526191,2024,451526191,2,19,0,-1,4,5,1,-1,0,0,0,0,0,0,1,1,-1,2,1,29,6,1995,2,4,FORD TRANSIT,8,E01004144,0,4
2024501421737,2024,501421737,1,19,0,-1,6,7,3,-1,0,0,0,0,0,0,2,1,-1,6,1,67,10,2496,2,27,FORD TRANSIT,5,E01020088,0,2
2024421409555,2024,421409555,2,19,0,-1,20,2,6,-1,0,2,0,0,0,0,0,1,-1,1,1,60,9,1995,2,1,FORD TRANSIT,8,E01021396,0,1
2024010525936,2024,010525936,3,19,0,4,4,3,7,0,0,0,0,0,0,0,3,1,6,6,3,-1,-1,-1,3,2,FORD TRANSIT,-1,-1,0,-1
2024461407419,2024,461407419,2,90,0,-1,2,0,0,-1,0,0,0,0,0,0,2,1,-1,9,1,68,10,2402,2,17,FORD TRANSIT,5,E01031078,0,5
2024320130855,2024,320130855,2,19,0,-1,-1,8,6,0,0,8,0,0,0,0,1,1,1,1,1,31,6,2198,2,8,FORD TRANSIT,7,E01015628,0,3
2024461396392,2024,461396392,1,19,0,-1,1,3,7,-1,0,0,0,0,0,0,2,9,-1,6,1,-1,-1,1995,2,1,FORD TRANSIT,-1,-1,0,-1
2024610009024,2024,610009024,1,19,0,1,1,1,3,0,0,5,0,0,0,0,2,1,1,1,1,25,5,2198,2,12,FORD TRANSIT,5,W01001551,0,4
2024501449697,2024,501449697,1,19,0,-1,14,8,4,-1,0,0,0,0,0,0,1,2,-1,1,1,34,6,1995,2,7,FORD TRANSIT,3,E01019001,0,1
2024501502148,2024,501502148,1,19,0,-1,19,5,1,-1,0,0,5,0,0,0,3,1,-1,1,1,36,7,1995,2,2,FORD TRANSIT,1,E01015266,0,4
2024122500219,2024,122500219,2,19,0,18,19,3,7,0,0,1,0,0,0,0,1,1,6,6,1,41,7,1995,2,3,FORD TRANSIT,9,E01027708,0,3
2024041459214,2024,041459214,1,19,0,-1,1,7,3,-1,0,1,0,0,0,0,2,1,-1,1,1,56,9,1995,2,3,FORD TRANSIT,5,E01012164,0,5
2024471401364,2024,471401364,1,19,0,-1,19,5,1,-1,0,0,1,4,0,0,1,1,-1,2,1,59,9,2402,2,14,FORD TRANSIT,4,E01016902,0,1
2024010519870,2024,010519870,2,19,0,99,99,9,9,0,0,9,0,99,9,99,9,9,6,6,3,-1,-1,1995,2,7,FORD TRANSIT,-1,-1,0,-1
2024010509255,2024,010509255,2,19,9,99,99,9,9,99,99,9,9,99,9,99,1,9,6,6,3,-1,-1,1995,2,6,FORD TRANSIT,-1,-1,0,-1
2024101409169,2024,101409169,1,21,4,-1,19,7,3,-1,0,0,0,0,0,0,3,1,-1,1,1,63,9,1995,2,3,FORD TRANSIT,-1,-1,0,-1
2024451498658,2024,451498658,3,19,0,-1,19,5,1,-1,0,0,0,0,0,0,2,1,-1,1,1,56,9,1995,2,1,FORD TRANSIT,4,E01002587,0,3
2024552401291,2024,552401291,1,19,0,9,9,6,3,0,0,1,0,0,0,0,3,1,1,1,1,32,6,1995,2,1,FORD TRANSIT,4,E01017087,0,4
2024131500253,2024,131500253,1,19,0,-1,19,4,8,-1,0,2,0,0,0,0,1,1,-1,6,3,-1,-1,2198,2,14,FORD TRANSIT,-1,-1,0,-1
2024401465235,2024,401465235,1,19,0,-1,11,7,1,-1,0,3,0,0,0,0,4,1,-1,2,1,64,9,2198,2,13,FORD TRANSIT,3,E01017518,0,1
2024531477841,2024,531477841,2,19,0,-1,4,7,3,-1,0,0,0,0,0,0,2,1,-1,9,1,36,7,2198,2,10,FORD TRANSIT,9,E01030122,0,5
2024201459438,2024,201459438,2,19,0,-1,19,2,6,-1,0,8,0,0,0,0,1,1,-1,6,1,38,7,2198,2,9,FORD TRANSIT,-1,-1,0,-1
2024031453530,2024,031453530,2,19,0,-1,19,3,7,-1,0,1,0,4,0,0,1,1,-1,1,1,23,5,1995,2,0,FORD TRANSIT,5,E01027487,0,4
2024201441318,2024,201441318,3,19,0,-1,2,0,0,-1,0,2,0,0,0,0,2,1,-1,1,1,39,7,2198,2,11,FORD TRANSIT,-1,-1,0,-1
2024311484870,2024,311484870,2,19,0,-1,19,6,6,-1,0,1,0,0,0,0,1,1,-1,1,1,35,6,2198,2,11,FORD TRANSIT,9,E01028123,0,2
2024320711771,2024,320711771,2,19,0,3,3,3,7,0,0,0,0,0,0,0,2,1,-1,-1,1,25,5,1998,2,20,FORD TRANSIT,-1,-1,0,-1
2024340WN4612,2024,340WN4612,2,19,0,-1,19,5,1,-1,0,0,0,0,0,0,1,1,-1,1,1,49,8,1995,2,6,FORD TRANSIT,4,E01032981,0,3
2024211432256,2024,211432256,2,20,0,-1,9,2,8,-1,0,6,0,0,0,0,2,1,-1,6,1,59,9,-1,-1,-1,FORD TRANSIT,9,E01029744,0,1
2024531534607,2024,531534607,1,19,0,-1,13,7,3,-1,0,8,0,0,0,0,4,1,-1,2,1,42,7,1995,2,3,FORD TRANSIT,10,E01032707,0,4
2024545412424,2024,545412424,2,19,0,4,4,5,1,0,0,0,0,0,0,0,2,1,6,6,1,26,6,1995,2,0,FORD TRANSIT,5,E01032066,0,1
2024552400106,2024,552400106,1,19,0,18,19,8,4,0,0,8,0,0,0,0,4,1,1,1,1,31,6,1995,2,4,FORD TRANSIT,9,E01015451,0,4
2024311516876,2024,311516876,3,19,0,-1,2,0,0,-1,0,0,0,0,0,0,4,1,-1,6,1,55,8,2198,2,16,FORD TRANSIT,-1,-1,0,-1
2024552400246,2024,552400246,1,19,0,18,19,5,1,0,0,8,0,0,0,0,1,1,1,1,1,53,8,-1,3,2,FORD TRANSIT,9,E01015364,0,1
2024320210679,2024,320210679,1,19,0,-1,-1,7,3,0,0,0,0,0,0,0,1,1,6,6,1,35,6,2198,2,11,FORD TRANSIT,5,E01013313,0,3
2024461424651,2024,461424651,2,19,0,-1,3,4,8,-1,0,0,0,7,0,0,2,1,-1,1,1,32,6,1995,2,2,FORD TRANSIT,5,E01024223,0,4
2024440103598,2024,440103598,2,19,0,13,13,3,7,0,0,0,0,0,0,0,4,1,6,6,3,-1,-1,1995,2,5,FORD TRANSIT,-1,-1,0,-1
2024501421196,2024,501421196,2,19,0,-1,19,5,1,-1,0,1,0,0,0,0,1,1,-1,2,1,29,6,1995,2,1,FORD TRANSIT,9,E01019406,0,5
2024052401267,2024,052401267,2,19,0,18,19,7,3,0,0,0,0,0,0,0,2,1,6,6,1,34,6,2198,2,9,FORD TRANSIT,2,E01006915,0,1
2024101434343,2024,101434343,1,19,0,-1,2,3,6,-1,0,2,0,0,0,0,2,1,-1,9,1,30,6,2198,2,14,FORD TRANSIT,1,E01008189,0,1
202454E206824,2024,54E206824,1,19,0,5,5,7,5,0,0,4,0,0,0,0,1,1,6,6,1,67,10,2198,2,13,FORD TRANSIT,-1,-1,0,-1
2024461429562,2024,461429562,3,10,0,-1,2,7,7,-1,9,0,0,0,0,0,3,2,-1,6,-1,-1,-1,2402,2,19,FORD TRANSIT,-1,-1,0,-1
2024451455335,2024,451455335,1,19,0,-1,19,1,1,-1,0,0,0,0,0,0,1,1,-1,1,1,35,6,2402,2,17,FORD TRANSIT,2,E01000789,0,4
2024361555508,2024,361555508,2,19,0,-1,19,1,5,-1,0,8,0,0,0,0,4,1,-1,6,1,-1,-1,2198,2,13,FORD TRANSIT,3,E01026631,0,2
2024501515902,2024,501515902,2,19,0,-1,19,1,5,-1,0,0,5,0,1,10,3,1,-1,2,1,52,8,2198,2,14,FORD TRANSIT,5,E01018959,0,1
2024221510966,2024,221510966,2,19,0,-1,19,8,4,-1,0,8,0,0,0,0,1,1,-1,2,1,35,6,2198,2,14,FORD TRANSIT,5,E01032397,0,4
2024531526253,2024,531526253,2,19,0,-1,19,1,5,-1,0,0,0,0,0,0,2,1,-1,6,-1,-1,-1,1995,2,5,FORD TRANSIT,-1,-1,0,-1
2024991520802,2024,991520802,2,19,0,-1,19,2,6,-1,0,2,0,4,0,0,1,1,-1,6,1,43,7,1995,2,1,FORD TRANSIT,2,-1,0,1
2024311411855,2024,311411855,2,19,0,-1,5,5,1,-1,0,0,0,0,0,0,1,1,-1,1,1,25,5,1995,2,1,FORD TRANSIT,-1,-1,0,-1
2024622400877,2024,622400877,2,19,0,18,19,8,4,0,0,0,0,0,0,0,1,1,1,1,1,26,6,1995,2,3,FORD TRANSIT,1,E01033366,0,4
2024141442877,2024,141442877,1,19,0,-1,19,8,4,-1,0,0,0,0,0,0,1,1,-1,2,1,38,7,1995,2,1,FORD TRANSIT,4,E01007434,0,1
2024311410353,2024,311410353,1,19,0,-1,19,5,1,-1,0,1,0,0,0,0,1,1,-1,1,1,41,7,1995,2,1,FORD TRANSIT,5,E01031037,0,4
2024421526796,2024,421526796,3,19,0,-1,19,2,6,-1,0,0,0,0,0,0,2,1,-1,1,1,60,9,1995,2,1,FORD TRANSIT,4,E01021779,0,4
2024461420441,2024,461420441,2,19,0,-1,19,6,6,-1,0,1,0,0,0,0,1,1,-1,2,1,24,5,2198,2,17,FORD TRANSIT,7,E01024403,0,1
2024411495307,2024,411495307,1,19,0,-1,4,3,3,-1,0,0,0,0,0,0,1,1,-1,1,1,41,7,2198,2,8,FORD TRANSIT,3,E01015730,0,3
2024440257704,2024,440257704,2,19,0,10,10,6,4,0,0,1,0,0,0,0,2,1,1,1,1,27,6,2198,2,9,FORD TRANSIT,6,E01022700,0,2
2024411513902,2024,411513902,1,19,0,-1,19,2,4,-1,0,1,0,0,0,0,1,1,-1,6,1,-1,-1,1995,2,6,FORD TRANSIT,3,E01023555,0,1
2024461455032,2024,461455032,2,19,0,-1,19,8,4,-1,0,8,0,0,0,0,1,1,-1,1,1,23,5,1995,2,4,FORD TRANSIT,8,E01024434,0,1
2024010519363,2024,010519363,2,19,0,18,19,3,7,0,0,6,0,0,0,0,1,1,6,6,1,32,6,-1,3,1,FORD TRANSIT,1,E01001847,0,1
2024010503275,2024,010503275,1,19,0,17,19,3,7,0,0,0,0,0,0,0,1,1,1,1,1,32,6,1995,2,2,FORD TRANSIT,5,E01002677,0,4
2024311543672,2024,311543672,2,19,0,-1,2,4,2,-1,0,0,0,4,0,0,2,1,-1,6,1,47,8,1995,2,3,FORD TRANSIT,7,E01027961,0,2
2024430418938,2024,430418938,2,19,0,18,19,6,2,0,0,2,0,0,0,0,1,1,6,6,1,-1,-1,2198,2,12,FORD TRANSIT,-1,-1,0,-1
2024471497122,2024,471497122,3,19,0,-1,19,3,7,-1,0,2,0,0,0,0,3,1,-1,1,1,27,6,2198,2,11,FORD TRANSIT,6,E01034823,0,4
2024411486596,2024,411486596,2,19,0,-1,1,4,8,-1,0,0,0,0,0,0,2,1,-1,1,1,27,6,1995,2,4,FORD TRANSIT,3,E01003579,0,4
2024401494868,2024,401494868,1,19,0,-1,4,6,2,-1,0,1,0,0,0,0,1,1,-1,6,1,42,7,2198,2,11,FORD TRANSIT,6,E01034432,0,1
2024991488859,2024,991488859,2,19,0,-1,5,2,6,-1,0,1,0,0,0,0,4,1,-1,6,-1,31,6,2198,2,11,FORD TRANSIT,1,-1,0,3
2024461473647,2024,461473647,1,19,0,-1,19,7,3,-1,0,0,0,0,0,0,3,2,-1,2,1,48,8,2496,2,29,FORD TRANSIT,4,E01024194,0,3
2024311469452,2024,311469452,1,19,0,-1,8,5,7,-1,0,0,0,0,0,0,1,1,-1,2,1,38,7,2198,2,13,FORD TRANSIT,1,E01013861,0,1
2024201398839,2024,201398839,1,19,0,-1,3,7,3,-1,0,1,0,0,0,0,1,9,-1,6,1,50,8,1998,2,19,FORD TRANSIT,-1,-1,0,-1
202460Q046894,2024,60Q046894,1,19,0,18,19,3,7,0,0,1,0,4,0,0,1,1,6,6,1,23,5,1995,2,4,FORD TRANSIT,-1,-1,0,-1
2024531470911,2024,531470911,1,19,0,-1,19,6,2,-1,0,8,0,0,0,0,1,1,-1,6,3,-1,-1,2198,2,9,FORD TRANSIT,-1,-1,0,-1
2024631402951,2024,631402951,2,19,0,-1,19,8,4,-1,0,0,2,0,2,10,1,1,-1,2,1,42,7,1995,2,4,FORD TRANSIT,7,W01000429,0,2
2024421439023,2024,421439023,1,19,0,-1,19,1,4,-1,0,0,0,0,0,0,1,1,-1,1,1,66,10,2198,2,10,FORD TRANSIT,2,E01021315,0,4
2024552400593,2024,552400593,1,19,0,14,14,1,5,0,0,0,0,0,0,0,1,1,2,2,1,43,7,2198,2,12,FORD TRANSIT,6,E01020566,0,1
2024610004024,2024,610004024,1,19,0,18,19,4,8,0,0,0,0,0,0,0,4,1,1,1,1,88,11,2198,2,9,FORD TRANSIT,5,W01001412,0,1
2024631487158,2024,631487158,2,19,0,-1,2,7,3,-1,0,8,0,0,0,0,0,1,-1,6,2,56,9,2198,2,16,FORD TRANSIT,7,W01000634,0,1
2024041482722,2024,041482722,3,19,0,-1,19,1,5,-1,0,0,0,0,0,0,1,1,-1,1,1,40,7,1995,2,3,FORD TRANSIT,1,E01005324,0,4
2024351526648,2024,351526648,3,19,0,-1,2,0,0,-1,0,1,0,0,0,0,2,1,-1,6,-1,-1,-1,1995,2,3,FORD TRANSIT,-1,-1,0,-1
2024131405920,2024,131405920,1,19,0,-1,19,1,2,-1,0,8,0,0,0,0,3,1,-1,9,1,37,7,2402,2,15,FORD TRANSIT,6,E01010911,0,1
2024010508805,2024,010508805,1,20,0,18,19,3,7,0,0,2,0,0,0,0,3,1,1,1,1,34,6,-1,-1,-1,FORD TRANSIT,2,E01001839,0,4
2024320476404,2024,320476404,1,19,0,-1,-1,2,6,0,0,1,0,0,7,10,1,1,1,1,1,31,6,1995,2,4,FORD TRANSIT,9,E01033780,0,4
2024131506634,2024,131506634,3,19,0,-1,2,0,0,-1,0,8,0,0,1,1,2,1,-1,6,-1,-1,-1,1995,2,2,FORD TRANSIT,-1,-1,0,-1
2024991449607,2024,991449607,2,19,4,-1,19,7,3,-1,0,0,0,0,0,0,3,1,-1,1,1,57,9,1995,2,1,FORD TRANSIT,4,-1,0,4
2024131498773,2024,131498773,1,10,0,-1,13,1,5,-1,0,0,0,0,0,0,4,1,-1,6,3,-1,-1,2198,2,12,FORD TRANSIT,-1,-1,0,-1
2024440037113,2024,440037113,2,20,0,18,19,8,4,0,0,1,0,0,0,0,1,1,1,1,1,63,9,1995,2,1,FORD TRANSIT,1,E01022903,0,3
2024101441443,2024,101441443,1,20,0,-1,19,3,7,-1,0,0,0,0,0,0,1,1,-1,9,1,23,5,-1,-1,-1,FORD TRANSIT,5,E01027487,0,1
2024471403990,2024,471403990,2,19,0,-1,2,0,0,-1,0,1,0,0,0,0,2,1,-1,6,-1,-1,-1,2402,2,21,FORD TRANSIT,-1,-1,0,-1
2024471509135,2024,471509135,1,19,0,-1,19,1,5,-1,0,0,0,0,0,0,1,9,-1,6,1,-1,-1,1998,2,19,FORD TRANSIT,-1,-1,0,-1
2024531419687,2024,531419687,1,19,0,-1,19,7,3,-1,0,0,0,0,0,0,1,1,-1,2,1,28,6,2198,2,10,FORD TRANSIT,3,E01022132,0,1
2024131442112,2024,131442112,2,19,0,-1,19,7,3,-1,0,1,5,0,0,0,4,1,-1,1,1,34,6,1995,2,2,FORD TRANSIT,2,E01033692,0,3
2024430265721,2024,430265721,2,19,0,18,19,4,8,0,0,0,0,0,0,0,1,1,6,6,1,55,8,2402,2,19,FORD TRANSIT,5,E01017659,0,1
2024010500461,2024,010500461,2,19,9,18,19,3,7,99,99,9,9,11,9,99,9,9,6,6,3,-1,-1,1995,2,3,FORD TRANSIT,-1,-1,0,-1
2024552400825,2024,552400825,1,19,0,18,19,3,7,0,0,0,0,0,0,0,2,1,2,2,1,37,7,2198,2,12,FORD TRANSIT,8,E01020505,0,2
202460Q156638,2024,60Q156638,2,20,4,18,19,1,5,0,0,1,4,0,0,0,4,1,1,1,1,33,6,2198,2,11,FORD TRANSIT,-1,-1,0,-1
2024471414275,2024,471414275,2,19,0,-1,9,5,7,-1,0,6,0,0,0,0,3,1,-1,1,1,28,6,-1,-1,-1,FORD TRANSIT,2,E01020925,0,2
2024010538309,2024,010538309,2,19,0,18,19,5,1,0,0,1,0,0,0,0,1,1,1,1,1,43,7,1995,2,7,FORD TRANSIT,4,E01003062,0,2
2024430442426,2024,430442426,1,10,0,18,19,1,5,0,0,8,0,0,7,7,1,1,2,2,1,30,6,-1,-1,-1,FORD TRANSIT,-1,-1,0,-1
2024361408912,2024,361408912,2,19,0,-1,20,5,5,-1,0,0,0,0,0,0,2,9,-1,6,-1,-1,-1,1995,2,4,FORD TRANSIT,-1,-1,0,-1
2024461534466,2024,461534466,4,19,0,-1,19,1,5,-1,0,0,0,0,0,0,2,1,-1,1,1,28,6,1995,2,0,FORD TRANSIT,4,E01015933,0,4
2024010529641,2024,010529641,3,19,0,18,19,7,3,7,6,5,0,0,1,0,1,1,6,6,3,-1,-1,2198,2,9,FORD TRANSIT,-1,-1,0,-1
2024010534561,2024,010534561,1,10,0,11,11,5,1,0,0,1,0,0,0,0,1,1,6,6,1,25,5,2198,2,6,FORD TRANSIT,2,E01000890,0,2
2024501522950,2024,501522950,2,19,0,-1,19,3,7,-1,0,0,0,0,0,0,2,1,-1,6,1,47,8,2198,2,13,FORD TRANSIT,3,E01015148,0,1
2024440539330,2024,440539330,2,19,0,2,2,0,0,0,0,0,0,0,0,0,4,1,6,6,1,35,6,2198,2,10,FORD TRANSIT,4,E01017123,0,1
2024161451622,2024,161451622,2,20,0,-1,7,1,3,-1,0,8,0,0,0,0,4,1,-1,1,1,61,9,1995,2,7,FORD TRANSIT,9,E01033107,0,2
2024411440803,2024,411440803,2,19,0,-1,2,0,0,-1,0,0,0,0,0,0,3,1,-1,1,1,50,8,1995,2,4,FORD TRANSIT,9,E01035567,0,3
2024041498137,2024,041498137,1,19,0,-1,1,1,5,-1,0,8,0,0,0,0,2,1,-1,1,1,22,5,1995,2,5,FORD TRANSIT,1,E01025385,0,3
2024010523667,2024,010523667,1,19,0,7,7,8,2,0,0,8,0,0,0,0,4,1,1,1,1,61,9,1995,2,3,FORD TRANSIT,7,E01004107,0,4
2024461518935,2024,461518935,2,19,0,-1,5,5,7,-1,0,1,0,0,0,0,1,2,-1,2,1,49,8,2198,2,17,FORD TRANSIT,7,E01024094,0,4
2024501533391,2024,501533391,1,19,0,-1,19,7,3,-1,0,0,0,0,0,0,1,1,-1,1,1,35,6,1996,2,0,FORD TRANSIT,4,E01020123,0,2
2024991510175,2024,991510175,2,19,0,-1,19,4,8,-1,0,0,0,0,0,0,1,1,-1,2,1,33,6,2402,2,17,FORD TRANSIT,6,-1,0,1