collision_index,collision_year,collision_ref_no,vehicle_reference,vehicle_type,towing_and_articulation,vehicle_manoeuvre_historic,vehicle_manoeuvre,vehicle_direction_from,vehicle_direction_to,vehicle_location_restricted_lane_historic,vehicle_location_restricted_lane,junction_location,skidding_and_overturning,hit_object_in_carriageway,vehicle_leaving_carriageway,hit_object_off_carriageway,first_point_of_impact,vehicle_left_hand_drive,journey_purpose_of_driver_historic,journey_purpose_of_driver,sex_of_driver,age_of_driver,age_band_of_driver,engine_capacity_cc,propulsion_code,age_of_vehicle,generic_make_model,driver_imd_decile,lsoa_of_driver,escooter_flag,driver_distance_banding
2024201434524,2024,201434524,1,19,0,-1,11,6,2,-1,0,0,0,0,0,0,1,1,-1,6,1,25,5,2198,2,13,FORD TRANSIT,1,E01009016,0,2
2024010521690,2024,010521690,2,19,0,5,5,3,7,0,0,1,0,0,0,0,1,1,2,2,1,31,6,1995,2,6,FORD TRANSIT,2,E01033881,0,2
2024101400576,2024,101400576,1,19,0,-1,19,3,7,-1,0,8,0,0,0,0,1,1,-1,1,1,-1,-1,1995,2,4,FORD TRANSIT,-1,-1,0,-1
2024461451068,2024,461451068,1,19,0,-1,3,2,4,-1,0,0,0,0,0,0,1,9,-1,6,1,32,6,2198,2,13,FORD TRANSIT,4,E01024767,0,1
2024622400698,2024,622400698,2,19,0,18,19,8,4,0,0,1,0,0,0,0,2,1,1,1,1,34,6,2198,2,12,FORD TRANSIT,10,W01001892,0,1
2024201473594,2024,201473594,1,19,0,-1,9,4,2,-1,0,5,0,0,0,0,1,1,-1,6,3,-1,-1,2198,2,13,FORD TRANSIT,-1,-1,0,-1
2024340WN1922,2024,340WN1922,1,19,4,-1,19,4,8,-1,0,1,0,0,0,0,1,1,-1,2,1,28,6,1995,2,2,FORD TRANSIT,5,E01027236,0,3
2024101440183,2024,101440183,1,19,0,-1,4,4,8,-1,0,0,0,0,0,0,1,1,-1,1,1,38,7,-1,3,2,FORD TRANSIT,6,E01008856,0,1
2024440132199,2024,440132199,2,19,0,1,1,8,4,0,0,1,0,0,0,0,2,1,6,6,1,-1,-1,2402,2,21,FORD TRANSIT,-1,-1,0,-1
2024161423847,2024,161423847,1,19,0,-1,19,7,3,-1,0,8,2,0,0,0,4,1,-1,9,1,40,7,2198,2,10,FORD TRANSIT,-1,-1,0,-1
2024010536237,2024,010536237,1,19,0,99,99,9,9,99,99,9,9,99,9,99,2,9,1,1,1,49,8,1995,2,7,FORD TRANSIT,2,E01000106,0,2
2024231474588,2024,231474588,2,19,0,-1,19,7,3,-1,0,8,0,0,0,0,1,1,-1,9,1,40,7,2402,2,19,FORD TRANSIT,4,E01031030,0,1
2024340NN1052,2024,340NN1052,1,19,0,-1,5,8,4,-1,0,0,0,0,1,0,1,1,-1,1,1,29,6,1995,2,1,FORD TRANSIT,4,E01035430,0,1
2024371533096,2024,371533096,2,19,0,-1,19,7,8,-1,0,0,0,0,0,0,1,1,-1,6,1,81,11,2198,2,13,FORD TRANSIT,7,E01022097,0,2
2024010525539,2024,010525539,1,20,0,14,14,1,5,0,0,0,0,0,0,0,1,1,2,2,1,49,8,1995,2,3,FORD TRANSIT,3,E01003135,0,3
2024010549230,2024,010549230,1,19,0,7,7,6,1,0,0,5,0,0,0,0,4,2,6,6,1,30,6,1995,2,3,FORD TRANSIT,3,E01001311,0,2
2024161419779,2024,161419779,1,11,0,-1,19,4,8,-1,0,1,0,0,0,0,1,1,-1,6,1,57,9,2402,2,19,FORD TRANSIT,-1,-1,0,-1
2024421401226,2024,421401226,1,19,0,-1,19,-1,-1,-1,-1,0,-1,-1,-1,0,1,9,-1,6,3,-1,-1,2402,2,21,FORD TRANSIT,-1,-1,0,-1
2024111509779,2024,111509779,1,19,0,-1,19,3,7,-1,0,8,0,0,0,0,1,1,-1,6,1,30,6,2198,2,10,FORD TRANSIT,-1,-1,0,-1
2024010501831,2024,010501831,2,19,0,18,19,5,1,0,0,8,0,0,0,0,1,1,6,6,1,52,8,2198,2,8,FORD TRANSIT,3,E01000511,0,1
2024440503640,2024,440503640,2,19,0,2,2,0,0,0,0,0,0,0,0,0,3,1,1,1,3,-1,-1,2198,2,8,FORD TRANSIT,-1,-1,0,-1
2024010499251,2024,010499251,2,90,0,18,19,3,7,0,0,1,0,0,0,0,1,1,1,1,1,30,6,-1,-1,-1,FORD TRANSIT,3,E01000127,0,1
2024451524045,2024,451524045,1,20,0,-1,-1,-1,-1,-1,-1,0,-1,-1,-1,0,-1,1,-1,6,3,-1,-1,2198,2,10,FORD TRANSIT,-1,-1,0,-1
2024421476066,2024,421476066,1,20,0,-1,5,8,4,-1,0,1,0,0,0,0,3,1,-1,6,1,25,5,1995,2,7,FORD TRANSIT,2,E01021771,0,3
2024031470924,2024,031470924,1,19,0,-1,1,3,7,-1,9,0,0,0,0,0,2,1,-1,6,1,33,6,2198,2,14,FORD TRANSIT,2,E01019159,0,1
2024101401133,2024,101401133,1,19,0,-1,19,1,5,-1,0,0,0,0,0,0,1,1,-1,6,1,50,8,2402,2,15,FORD TRANSIT,4,-1,0,4
2024211450356,2024,211450356,1,19,0,-1,3,4,8,-1,0,0,0,0,0,0,2,1,-1,1,1,34,6,1995,2,7,FORD TRANSIT,6,E01014360,0,2
2024461498510,2024,461498510,3,19,4,-1,3,8,4,-1,0,1,0,0,0,0,3,1,-1,1,1,37,7,1995,2,7,FORD TRANSIT,5,E01024485,0,2
2024221411579,2024,221411579,3,19,0,-1,3,7,3,-1,0,0,0,0,0,0,2,9,-1,1,1,32,6,1995,2,7,FORD TRANSIT,8,E01028936,0,1
2024501523535,2024,501523535,2,19,0,-1,10,8,6,-1,0,8,0,0,0,0,4,1,-1,6,1,31,6,1995,2,0,FORD TRANSIT,5,E01015571,0,5
2024531500473,2024,531500473,1,19,0,-1,19,7,3,-1,0,0,0,0,0,0,1,1,-1,9,1,52,8,2198,2,13,FORD TRANSIT,2,E01008053,0,5
2024101462963,2024,101462963,1,19,-1,-1,19,8,4,-1,0,0,0,0,0,0,1,9,-1,1,1,-1,-1,1995,2,7,FORD TRANSIT,-1,-1,0,-1
2024332400637,2024,332400637,4,19,0,-1,3,4,8,-1,0,1,0,0,0,0,2,1,-1,1,1,54,8,1995,2,2,FORD TRANSIT,1,E01013876,0,4
2024211404011,2024,211404011,1,19,0,-1,7,4,6,-1,0,0,0,0,1,0,4,9,-1,1,1,74,10,2198,2,16,FORD TRANSIT,7,E01029780,0,1
2024451460651,2024,451460651,1,19,0,-1,19,1,5,-1,0,0,5,10,0,0,4,1,-1,6,1,27,6,2402,2,16,FORD TRANSIT,4,E01030816,0,2
2024122400111,2024,122400111,1,19,0,9,9,2,6,0,0,6,0,0,0,0,3,1,1,1,1,64,9,1995,2,2,FORD TRANSIT,8,E01027656,0,1
2024101425418,2024,101425418,1,20,0,-1,1,7,3,-1,0,0,0,0,0,0,2,2,-1,6,1,42,7,2402,2,17,FORD TRANSIT,2,E01008489,0,1
2024231511141,2024,231511141,1,19,4,-1,19,2,6,-1,0,1,1,0,0,0,1,1,-1,1,1,39,7,1995,2,1,FORD TRANSIT,1,E01009978,0,4
2024461460486,2024,461460486,1,19,0,-1,19,7,4,-1,0,0,0,0,0,0,1,9,-1,6,1,37,7,1995,2,2,FORD TRANSIT,6,E01003945,0,5
2024010546913,2024,010546913,1,19,0,9,9,3,1,8,6,3,0,0,0,0,1,1,2,2,1,30,6,1995,2,0,FORD TRANSIT,4,E01016503,0,2
2024421503250,2024,421503250,1,19,0,-1,19,3,7,-1,0,0,0,0,0,0,1,1,-1,6,1,-1,-1,2198,2,13,FORD TRANSIT,-1,-1,0,-1
2024221454797,2024,221454797,2,19,0,-1,19,7,3,-1,0,0,0,0,0,0,2,9,-1,6,1,20,4,2198,2,11,FORD TRANSIT,2,E01032389,0,2
2024991487325,2024,991487325,1,19,0,-1,19,3,7,-1,0,0,5,0,8,0,3,1,-1,6,1,58,9,2402,2,16,FORD TRANSIT,6,-1,0,2
2024421408407,2024,421408407,1,19,0,-1,5,2,8,-1,0,4,0,0,0,0,1,1,-1,2,1,36,7,1995,2,6,FORD TRANSIT,5,E01021493,0,1
2024131408154,2024,131408154,2,20,0,-1,2,1,5,-1,0,0,0,0,0,0,2,1,-1,1,1,56,9,1995,2,3,FORD TRANSIT,1,E01011130,0,3
2024991436396,2024,991436396,1,19,0,-1,19,3,7,-1,0,0,5,0,2,0,1,1,-1,9,1,24,5,1995,2,5,FORD TRANSIT,4,-1,0,4
2024451496343,2024,451496343,1,19,0,-1,7,3,5,-1,0,6,0,0,0,0,1,1,-1,1,1,67,10,1995,2,1,FORD TRANSIT,4,E01031575,0,2
2024071046476,2024,071046476,1,19,0,-1,4,7,3,-1,0,7,0,0,0,0,1,1,-1,1,1,22,5,1996,2,0,FORD TRANSIT,8,W01000203,0,4
2024010529511,2024,010529511,2,20,0,99,99,9,9,99,99,9,9,99,9,99,2,9,6,6,3,-1,-1,-1,-1,-1,FORD TRANSIT,-1,-1,0,-1
2024320558248,2024,320558248,1,10,0,-1,-1,8,6,0,0,0,0,0,0,0,1,1,6,6,1,60,9,2402,2,14,FORD TRANSIT,8,E01026258,0,4
2024061489330,2024,061489330,3,19,0,-1,2,6,6,-1,0,8,0,0,0,0,1,1,-1,6,1,39,7,-1,-1,-1,FORD TRANSIT,1,E01006050,0,1
2024991420029,2024,991420029,1,19,0,-1,19,2,6,-1,0,0,5,0,7,3,1,1,-1,1,1,59,9,1995,2,3,FORD TRANSIT,3,-1,0,3
2024421478861,2024,421478861,2,19,0,-1,19,7,3,-1,0,1,0,0,0,0,2,1,-1,1,1,35,6,1995,2,2,FORD TRANSIT,6,E01021722,0,1
2024340WN4752,2024,340WN4752,1,19,0,-1,19,8,4,-1,0,0,0,0,0,0,4,1,-1,1,1,23,5,1995,2,1,FORD TRANSIT,7,E01025757,0,4
2024991528242,2024,991528242,2,19,5,-1,2,8,5,-1,0,1,0,0,0,0,2,1,-1,1,1,55,8,1995,2,2,FORD TRANSIT,3,-1,0,5
2024320301392,2024,320301392,1,10,0,4,4,2,6,0,0,0,0,0,0,0,0,1,1,1,1,-1,-1,2198,2,8,FORD TRANSIT,-1,-1,0,-1
2024522402526,2024,522402526,1,19,0,16,19,3,7,0,0,8,0,0,0,0,4,1,6,6,1,40,7,2198,2,13,FORD TRANSIT,7,E01014838,0,1
2024361500054,2024,361500054,1,19,0,-1,5,1,-1,-1,0,6,0,0,0,0,1,9,-1,6,1,58,9,1995,2,8,FORD TRANSIT,3,E01026024,0,4
2024311465520,2024,311465520,2,19,0,-1,2,1,5,-1,0,1,0,0,0,0,3,1,-1,1,1,58,9,1995,2,0,FORD TRANSIT,3,E01028064,0,4
2024991497379,2024,991497379,2,19,0,-1,19,3,8,-1,0,0,0,0,0,0,3,1,-1,6,3,-1,-1,1995,2,7,FORD TRANSIT,-1,-1,0,-1
2024010505792,2024,010505792,2,19,0,99,99,9,9,99,99,9,9,99,9,99,9,1,6,6,1,-1,-1,1995,2,2,FORD TRANSIT,10,E01023516,0,4
2024361433326,2024,361433326,3,19,0,-1,2,0,0,-1,0,0,0,0,0,0,0,1,-1,9,1,49,8,1995,2,3,FORD TRANSIT,4,E01026638,0,3
2024361420363,2024,361420363,1,19,0,-1,19,1,5,-1,0,0,0,0,0,0,3,1,-1,1,1,25,5,1995,2,3,FORD TRANSIT,2,E01026828,0,1
2024122400699,2024,122400699,1,19,0,18,19,3,7,0,0,0,0,0,1,1,4,1,6,6,1,53,8,2198,2,14,FORD TRANSIT,-1,-1,0,-1
2024451434006,2024,451434006,2,19,0,-1,19,4,1,-1,0,1,1,0,0,0,4,1,-1,1,1,55,8,2198,2,8,FORD TRANSIT,9,E01030761,0,2
2024361418796,2024,361418796,1,19,0,-1,19,6,1,-1,0,8,0,0,1,0,1,1,-1,6,1,55,8,1995,2,2,FORD TRANSIT,9,E01002417,0,5
2024302401590,2024,302401590,1,19,0,18,19,4,8,9,9,2,0,0,0,0,0,1,6,6,1,36,7,1995,2,2,FORD TRANSIT,5,E01019456,0,3
2024522401527,2024,522401527,2,11,0,18,19,1,5,0,0,0,0,0,0,0,1,1,6,6,1,59,9,1995,2,4,FORD TRANSIT,10,E01014866,0,3
2024211501356,2024,211501356,2,19,0,-1,19,3,5,-1,0,0,0,0,0,0,1,9,-1,6,3,35,6,2198,2,9,FORD TRANSIT,-1,-1,0,-1
2024010501812,2024,010501812,2,19,0,99,99,9,9,99,99,5,9,99,9,99,9,9,6,6,1,-1,-1,-1,3,1,FORD TRANSIT,7,E01002513,0,3
2024461436756,2024,461436756,1,19,0,-1,19,8,4,-1,0,0,0,0,0,0,1,1,-1,9,1,57,9,1995,2,8,FORD TRANSIT,8,E01016148,0,3
2024501403882,2024,501403882,1,19,0,-1,4,2,6,-1,0,0,1,0,0,0,1,1,-1,1,1,42,7,1995,2,3,FORD TRANSIT,1,E01015144,0,3
2024440356900,2024,440356900,1,19,0,18,19,8,4,0,0,0,0,0,0,4,1,1,2,2,1,22,5,1995,2,1,FORD TRANSIT,9,E01022727,0,3
2024052402277,2024,052402277,2,19,0,18,19,5,1,0,0,1,0,0,0,0,0,1,6,6,1,28,6,2198,2,17,FORD TRANSIT,1,E01007175,0,1
2024522402543,2024,522402543,1,19,0,5,5,7,3,0,0,6,0,0,0,0,1,1,6,6,1,68,10,1995,2,8,FORD TRANSIT,3,E01014501,0,2
2024421435657,2024,421435657,1,19,0,-1,19,3,7,-1,0,0,0,0,0,0,1,9,-1,1,1,36,7,2198,2,8,FORD TRANSIT,-1,-1,0,-1
2024421527424,2024,421527424,1,19,0,-1,9,1,7,-1,0,8,0,0,0,0,1,2,-1,6,1,48,8,1995,2,8,FORD TRANSIT,3,E01021267,0,1
2024461433329,2024,461433329,1,19,0,-1,19,3,5,-1,0,0,0,0,0,0,1,9,-1,6,1,-1,-1,1995,2,7,FORD TRANSIT,2,E01016150,0,3
2024070085203,2024,070085203,2,19,0,3,3,4,8,0,0,1,0,0,0,0,2,1,6,6,1,64,9,2198,2,13,FORD TRANSIT,4,E01035392,0,1
2024010539629,2024,010539629,1,19,0,2,2,0,0,0,0,0,0,0,0,0,2,1,6,6,3,-1,-1,2198,2,8,FORD TRANSIT,-1,-1,0,-1
2024461457392,2024,461457392,1,19,0,-1,19,5,7,-1,0,8,0,0,0,0,0,9,-1,6,1,-1,-1,1995,2,2,FORD TRANSIT,3,E01003015,0,4
2024061455565,2024,061455565,2,19,0,-1,9,6,4,-1,0,1,0,0,0,0,4,1,-1,1,1,29,6,2198,2,12,FORD TRANSIT,3,E01006177,0,3
2024440073019,2024,440073019,1,19,0,18,19,6,2,0,0,8,0,0,0,0,1,1,1,1,1,30,6,1995,2,5,FORD TRANSIT,8,E01023245,0,1
2024041505197,2024,041505197,1,19,0,-1,19,5,1,-1,0,4,0,0,0,0,1,1,-1,6,1,32,6,1995,2,0,FORD TRANSIT,9,E01025533,0,3
2024631458071,2024,631458071,1,19,0,-1,19,8,4,-1,0,0,0,0,0,0,1,1,-1,1,1,21,5,1995,2,0,FORD TRANSIT,6,W01000487,0,4
2024010512225,2024,010512225,1,10,0,2,2,0,0,6,6,0,0,0,0,0,0,1,6,6,3,-1,-1,2198,2,6,FORD TRANSIT,-1,-1,0,-1
2024461429995,2024,461429995,2,19,0,-1,19,7,3,-1,0,1,0,0,1,0,1,1,-1,1,1,57,9,1998,2,18,FORD TRANSIT,4,E01023986,0,1
2024302400835,2024,302400835,1,19,0,4,4,2,6,0,0,0,0,0,0,0,2,1,1,1,1,31,6,2198,2,10,FORD TRANSIT,3,E01007591,0,4
2024631422033,2024,631422033,1,19,4,-1,9,5,2,-1,0,6,0,0,1,11,0,1,-1,1,1,53,8,1995,2,1,FORD TRANSIT,8,W01000642,0,4
2024542967424,2024,542967424,1,19,0,18,19,5,1,0,0,1,0,0,0,0,1,1,1,1,1,65,9,1995,2,2,FORD TRANSIT,9,E01034788,0,4
2024101453733,2024,101453733,1,19,0,-1,5,1,5,-1,0,0,0,0,0,0,3,9,-1,6,1,41,7,-1,3,0,FORD TRANSIT,-1,-1,0,-1
2024351420993,2024,351420993,2,10,0,-1,19,1,5,-1,0,0,1,0,7,9,2,1,-1,7,2,61,9,2402,2,17,FORD TRANSIT,10,E01034705,0,3
202417S104924,2024,17S104924,1,19,0,-1,19,2,6,-1,0,0,0,0,0,0,1,1,-1,6,3,-1,-1,2198,2,11,FORD TRANSIT,-1,-1,0,-1
2024161502862,2024,161502862,1,19,0,-1,19,5,1,-1,0,2,0,0,0,0,4,1,-1,9,1,41,7,2402,2,21,FORD TRANSIT,1,E01013138,0,1
2024471505813,2024,471505813,1,19,0,-1,9,3,1,-1,0,8,0,0,0,0,1,1,-1,6,1,-1,-1,2198,2,10,FORD TRANSIT,-1,-1,0,-1
2024351430358,2024,351430358,2,19,0,-1,19,4,8,-1,0,8,0,0,0,0,4,1,-1,2,1,29,6,2198,2,7,FORD TRANSIT,7,E01003647,0,4
2024141403059,2024,141403059,2,19,0,-1,19,1,7,-1,0,8,5,0,3,0,1,1,-1,1,1,27,6,1995,2,4,FORD TRANSIT,1,E01001790,0,5
2024231516872,2024,231516872,1,19,0,-1,19,8,4,-1,0,8,0,0,0,0,1,9,-1,6,1,55,8,2198,2,11,FORD TRANSIT,9,E01031269,0,3
2024501428591,2024,501428591,1,19,0,-1,9,1,7,-1,0,8,0,0,0,0,1,1,-1,1,1,45,7,1995,2,6,FORD TRANSIT,6,E01018786,0,4
2024010536728,2024,010536728,3,19,0,18,19,7,3,0,0,1,0,0,0,0,3,1,1,1,1,-1,-1,1995,2,2,FORD TRANSIT,8,E01024183,0,1
2024461420793,2024,461420793,1,19,0,-1,3,4,8,-1,0,1,0,0,0,0,1,1,-1,6,1,62,9,1995,2,1,FORD TRANSIT,1,E01021020,0,4
2024010544439,2024,010544439,1,19,0,18,19,7,3,0,0,0,0,0,0,0,1,1,1,1,1,24,5,1995,2,6,FORD TRANSIT,4,E01002491,0,1
2024610043224,2024,610043224,2,19,0,17,19,2,7,0,0,0,0,0,0,0,1,1,1,1,1,18,4,1995,2,3,FORD TRANSIT,8,E01014982,0,4
2024501461998,2024,501461998,3,19,0,-1,19,1,7,-1,0,1,0,0,0,0,1,1,-1,9,1,33,6,2198,2,17,FORD TRANSIT,7,E01020029,0,4
2024471420733,2024,471420733,2,19,0,-1,19,5,1,-1,0,4,0,0,0,0,1,1,-1,6,1,-1,-1,2402,2,13,FORD TRANSIT,-1,-1,0,-1
2024122400997,2024,122400997,2,19,0,3,3,2,5,0,0,1,0,0,0,0,1,1,6,6,1,18,4,2198,2,18,FORD TRANSIT,3,E01012328,0,4
2024031452136,2024,031452136,1,19,0,-1,19,3,7,-1,0,0,0,0,0,0,4,1,-1,1,1,32,6,1995,2,3,FORD TRANSIT,1,E01012892,0,5
2024010544294,2024,010544294,1,19,0,18,19,3,7,0,0,0,0,0,0,0,4,1,1,1,1,61,9,1995,2,7,FORD TRANSIT,8,E01016549,0,4
2024010547593,2024,010547593,1,19,1,99,99,9,9,99,99,9,9,99,9,99,9,9,6,6,3,-1,-1,-1,3,2,FORD TRANSIT,-1,-1,0,-1
2024991487268,2024,991487268,1,19,0,-1,2,0,0,-1,1,0,0,0,0,0,3,1,-1,6,1,40,7,1995,2,5,FORD TRANSIT,-1,-1,0,-1
2024351484995,2024,351484995,1,10,0,-1,19,1,5,-1,0,0,0,0,1,0,1,1,-1,1,1,26,6,-1,-1,-1,FORD TRANSIT,1,E01007677,0,5
202454B972924,2024,54B972924,1,19,0,18,19,6,2,0,0,2,0,0,0,0,4,1,6,6,1,44,7,1995,2,2,FORD TRANSIT,6,E01034538,0,1
2024211469073,2024,211469073,2,19,0,-1,19,5,5,-1,0,0,0,0,0,0,1,2,-1,1,1,23,5,-1,3,1,FORD TRANSIT,6,E01014135,0,4
2024052401373,2024,052401373,1,19,0,9,9,5,3,0,0,8,0,0,0,0,3,1,1,1,1,36,7,1995,2,3,FORD TRANSIT,9,E01006895,0,3
2024101518179,2024,101518179,1,19,0,-1,19,6,2,-1,0,0,0,0,0,0,4,9,-1,1,1,65,9,2198,2,13,FORD TRANSIT,5,E01008741,0,1
2024211513194,2024,211513194,3,19,0,-1,4,1,5,-1,0,0,0,0,0,0,1,1,-1,6,1,33,6,2198,2,14,FORD TRANSIT,4,E01029555,0,1
2024522401995,2024,522401995,2,19,0,1,1,4,8,0,0,0,0,0,0,0,2,1,6,6,3,-1,-1,2198,2,17,FORD TRANSIT,-1,-1,0,-1
2024101404648,2024,101404648,1,19,0,-1,19,6,2,-1,0,0,0,0,0,0,1,9,-1,6,3,-1,-1,1995,2,5,FORD TRANSIT,-1,-1,0,-1
2024461407344,2024,461407344,2,19,0,-1,19,5,1,-1,0,8,0,0,0,0,1,1,-1,1,1,55,8,1995,2,2,FORD TRANSIT,8,E01024451,0,1
2024302401576,2024,302401576,2,19,0,18,19,1,5,0,0,0,0,0,1,4,1,1,2,2,1,62,9,2402,2,13,FORD TRANSIT,4,E01028045,0,3
2024501408652,2024,501408652,2,19,0,-1,19,2,7,-1,0,8,0,0,0,0,4,9,-1,6,2,33,6,-1,-1,-1,FORD TRANSIT,4,E01020198,0,3
2024071040709,2024,071040709,2,20,0,-1,4,1,5,-1,0,0,0,0,0,0,2,1,-1,1,1,44,7,1995,2,1,FORD TRANSIT,1,E01012396,0,3
2024440362709,2024,440362709,1,19,0,9,9,7,3,0,0,1,0,0,0,0,3,1,2,2,1,26,6,1995,2,4,FORD TRANSIT,4,E01023260,0,2
2024141453596,2024,141453596,1,19,0,-1,19,6,2,-1,0,1,0,0,0,0,1,1,-1,6,1,47,8,2402,2,14,FORD TRANSIT,8,E01034843,0,1
2024552401304,2024,552401304,1,19,0,18,19,5,1,0,0,6,0,0,0,0,4,1,1,1,1,47,8,1995,2,6,FORD TRANSIT,3,E01020551,0,4
2024010550366,2024,010550366,1,19,9,99,99,9,9,99,99,9,9,99,9,99,1,9,6,6,3,-1,-1,1995,2,6,FORD TRANSIT,2,E01032575,0,4
2024421527385,2024,421527385,1,19,0,-1,19,1,5,-1,0,1,1,0,0,0,1,1,-1,1,1,32,6,1995,2,0,FORD TRANSIT,5,E01003757,0,4
2024461413090,2024,461413090,1,19,0,-1,1,0,0,-1,0,1,0,0,0,0,2,9,-1,6,1,60,9,2198,2,13,FORD TRANSIT,6,E01002555,0,4
2024451484376,2024,451484376,2,19,0,-1,11,2,6,-1,0,0,0,0,0,0,4,9,-1,1,1,27,6,2402,2,17,FORD TRANSIT,-1,-1,0,-1
2024010522778,2024,010522778,2,19,9,99,99,9,9,99,99,9,9,99,9,99,0,9,6,6,1,40,7,1995,2,6,FORD TRANSIT,3,E01001488,0,2
2024991442622,2024,991442622,3,19,0,-1,19,1,3,-1,0,1,0,0,0,0,1,1,-1,6,3,60,9,2198,2,8,FORD TRANSIT,-1,-1,0,-1
2024320638584,2024,320638584,1,19,0,-1,-1,6,2,0,0,0,2,0,0,0,0,1,6,6,1,21,5,1995,2,2,FORD TRANSIT,-1,-1,0,-1
2024461475787,2024,461475787,1,19,0,-1,19,3,7,-1,0,0,0,0,0,0,1,1,-1,6,1,30,6,1995,2,7,FORD TRANSIT,5,E01031606,0,4
2024061461973,2024,061461973,1,19,0,-1,9,5,3,-1,0,5,0,0,0,0,1,1,-1,1,1,26,6,1995,2,1,FORD TRANSIT,1,E01005180,0,2
2024430150520,2024,430150520,2,19,0,18,19,5,1,0,0,2,0,0,0,0,1,1,6,6,1,-1,-1,2198,2,18,FORD TRANSIT,8,E01016344,0,1
2024070669429,2024,070669429,2,19,0,7,7,1,3,0,0,8,0,0,0,0,3,1,2,2,1,24,5,1995,2,2,FORD TRANSIT,-1,-1,0,-1
2024201420507,2024,201420507,1,19,0,-1,6,4,4,-1,0,0,0,10,1,11,3,1,-1,9,1,26,6,2198,2,16,FORD TRANSIT,5,E01009634,0,1
2024122400516,2024,122400516,1,19,0,18,19,6,2,0,0,0,0,0,0,0,1,1,6,6,1,28,6,2198,2,17,FORD TRANSIT,9,E01027859,0,1
2024332401169,2024,332401169,2,19,0,-1,9,2,8,-1,0,6,0,0,0,0,3,1,-1,6,3,-1,-1,2198,2,14,FORD TRANSIT,-1,-1,0,-1
2024361492501,2024,361492501,1,19,-1,-1,13,-1,-1,-1,0,-1,0,0,0,0,4,9,-1,6,1,58,9,2198,2,9,FORD TRANSIT,4,E01026706,0,1
2024010536984,2024,010536984,2,19,0,99,99,9,9,99,99,0,9,99,9,99,1,9,6,6,1,-1,-1,2198,2,10,FORD TRANSIT,6,E01004163,0,1
2024631509961,2024,631509961,1,19,0,-1,13,4,8,-1,0,8,0,0,0,0,1,1,-1,9,1,72,10,2198,2,16,FORD TRANSIT,1,W01000600,0,2
2024201425693,2024,201425693,1,19,0,-1,4,4,8,-1,0,0,0,0,0,0,2,9,-1,2,1,30,6,2402,2,14,FORD TRANSIT,2,E01010309,0,3
2024610021924,2024,610021924,2,19,0,4,4,6,2,0,0,8,0,0,0,0,2,1,1,1,1,28,6,1995,2,7,FORD TRANSIT,8,W01001631,0,1
2024440462864,2024,440462864,1,19,0,16,19,1,5,0,0,3,0,0,0,0,2,1,1,1,1,54,8,1995,2,0,FORD TRANSIT,7,E01023203,0,1
2024122400720,2024,122400720,1,19,0,18,19,3,7,0,0,4,0,0,0,0,1,1,6,6,1,24,5,2198,2,12,FORD TRANSIT,1,E01025181,0,3
2024122400782,2024,122400782,1,19,0,11,11,4,8,0,0,1,0,0,0,0,1,1,1,1,1,22,5,2198,2,9,FORD TRANSIT,6,E01010765,0,5
2024311416226,2024,311416226,2,19,0,-1,9,8,5,-1,0,6,0,0,0,0,3,1,-1,1,1,28,6,2402,2,16,FORD TRANSIT,2,E01028259,0,1
2024411528660,2024,411528660,2,19,0,-1,9,1,7,-1,0,6,0,0,0,0,1,1,-1,6,3,-1,-1,2402,2,15,FORD TRANSIT,-1,-1,0,-1
2024201422139,2024,201422139,2,19,0,-1,7,2,4,-1,0,5,0,0,0,0,1,9,-1,6,3,-1,-1,2198,2,10,FORD TRANSIT,4,E01009913,0,2
2024010518223,2024,010518223,1,20,0,3,3,1,5,0,0,1,0,0,0,0,1,1,1,1,1,44,7,1995,2,6,FORD TRANSIT,6,E01004451,0,3
2024401525972,2024,401525972,2,19,-1,-1,2,0,0,-1,-1,-1,-1,-1,-1,0,3,9,-1,1,3,-1,-1,1995,2,0,FORD TRANSIT,-1,-1,0,-1
2024131397645,2024,131397645,1,19,0,-1,19,7,7,-1,0,1,0,0,0,0,1,1,-1,6,3,-1,-1,2198,2,11,FORD TRANSIT,-1,-1,0,-1
2024061492381,2024,061492381,2,19,0,-1,19,8,4,-1,0,8,0,0,0,0,1,9,-1,6,1,30,6,2198,2,10,FORD TRANSIT,-1,-1,0,-1
2024101435945,2024,101435945,1,19,0,-1,19,3,8,-1,0,1,0,0,0,0,4,1,-1,1,1,45,7,1995,2,6,FORD TRANSIT,1,E01027412,0,4
2024451409455,2024,451409455,1,19,0,-1,19,1,5,-1,0,1,0,0,0,0,1,1,-1,1,1,34,6,1995,2,2,FORD TRANSIT,2,E01023990,0,4
2024501486605,2024,501486605,1,19,0,-1,1,6,2,-1,0,0,0,0,0,0,2,1,-1,6,3,-1,-1,1995,2,7,FORD TRANSIT,-1,-1,0,-1
2024340NN2022,2024,340NN2022,2,19,0,-1,2,0,0,-1,0,2,0,0,0,0,1,1,-1,6,1,-1,-1,1995,2,3,FORD TRANSIT,-1,-1,0,-1