collision_index,collision_year,collision_ref_no,vehicle_reference,vehicle_type,towing_and_articulation,vehicle_manoeuvre_historic,vehicle_manoeuvre,vehicle_direction_from,vehicle_direction_to,vehicle_location_restricted_lane_historic,vehicle_location_restricted_lane,junction_location,skidding_and_overturning,hit_object_in_carriageway,vehicle_leaving_carriageway,hit_object_off_carriageway,first_point_of_impact,vehicle_left_hand_drive,journey_purpose_of_driver_historic,journey_purpose_of_driver,sex_of_driver,age_of_driver,age_band_of_driver,engine_capacity_cc,propulsion_code,age_of_vehicle,generic_make_model,driver_imd_decile,lsoa_of_driver,escooter_flag,driver_distance_banding
2024421526121,2024,421526121,1,19,0,-1,19,7,3,-1,0,0,1,0,0,0,1,1,-1,1,1,48,8,1995,2,3,FORD TRANSIT,3,E01001362,0,4
2024010515518,2024,010515518,1,10,0,9,9,5,2,0,0,8,0,0,0,0,1,1,2,2,1,61,9,2198,2,9,FORD TRANSIT,1,E01000596,0,2
2024991526355,2024,991526355,1,19,0,-1,19,4,7,-1,0,0,0,0,0,0,1,1,-1,9,1,23,5,2402,2,16,FORD TRANSIT,1,-1,0,1
2024061433777,2024,061433777,1,19,0,-1,19,3,8,-1,0,0,0,4,0,0,3,1,-1,6,1,32,6,1995,2,7,FORD TRANSIT,1,E01006305,0,2
2024201461855,2024,201461855,1,19,0,-1,19,4,8,-1,0,0,0,0,0,0,1,9,-1,6,1,30,6,1995,2,4,FORD TRANSIT,-1,-1,0,-1
2024131439742,2024,131439742,3,19,0,-1,13,6,2,-1,0,0,0,0,0,0,1,2,-1,6,-1,-1,-1,2402,2,18,FORD TRANSIT,-1,-1,0,-1
2024111423064,2024,111423064,1,19,4,-1,19,5,1,-1,0,0,0,0,0,0,1,1,-1,6,1,55,8,2402,2,13,FORD TRANSIT,1,E01034069,0,5
2024131492116,2024,131492116,1,19,0,-1,19,1,1,-1,0,8,1,0,0,0,1,1,-1,1,1,45,7,1995,2,4,FORD TRANSIT,1,E01011468,0,1
2024311530878,2024,311530878,2,19,0,-1,7,7,3,-1,0,1,0,0,0,0,4,1,-1,1,1,30,6,1995,2,3,FORD TRANSIT,-1,-1,0,-1
2024010505582,2024,010505582,4,10,0,9,9,7,4,0,0,8,0,0,0,0,1,1,2,2,1,63,9,2402,2,17,FORD TRANSIT,9,E01003669,0,2
2024421504472,2024,421504472,4,19,0,-1,2,5,5,-1,-1,0,0,0,0,0,0,1,-1,1,1,30,6,1995,2,7,FORD TRANSIT,7,E01000377,0,3
2024010544036,2024,010544036,2,19,0,99,99,9,9,99,99,0,9,99,9,99,1,9,6,6,3,-1,-1,1995,2,3,FORD TRANSIT,-1,-1,0,-1
2024531480561,2024,531480561,1,19,0,-1,19,5,1,-1,0,0,0,0,0,0,1,1,-1,1,1,47,8,1995,2,3,FORD TRANSIT,2,E01009566,0,4
2024501526798,2024,501526798,2,19,0,-1,19,3,7,-1,0,8,1,0,7,0,3,1,-1,2,1,46,8,2402,2,13,FORD TRANSIT,9,E01020058,0,3
2024549821824,2024,549821824,1,19,0,18,19,7,2,0,0,1,0,0,0,0,1,1,2,2,1,32,6,2402,2,16,FORD TRANSIT,5,E01022218,0,4
2024061413385,2024,061413385,1,19,0,-1,19,6,2,-1,0,1,0,0,0,0,4,1,-1,6,3,-1,-1,2198,2,15,FORD TRANSIT,-1,-1,0,-1
2024631460934,2024,631460934,1,19,4,-1,12,2,5,-1,0,2,1,0,0,0,1,1,-1,2,1,34,6,2198,2,10,FORD TRANSIT,3,W01000658,0,1
2024451528469,2024,451528469,2,19,0,-1,10,1,5,-1,0,0,0,0,0,0,2,1,-1,6,1,38,7,1995,2,1,FORD TRANSIT,6,E01016482,0,3
2024471438516,2024,471438516,1,19,0,-1,5,5,3,-1,-1,6,0,0,0,0,3,1,-1,9,1,68,10,1998,2,19,FORD TRANSIT,9,E01004098,0,4
2024231522535,2024,231522535,1,19,0,-1,19,8,4,-1,0,0,0,0,0,0,1,1,-1,2,1,53,8,1995,2,6,FORD TRANSIT,10,E01027086,0,4
2024010537055,2024,010537055,1,19,0,14,14,5,1,0,0,2,0,0,0,0,1,2,1,1,1,37,7,1995,2,2,FORD TRANSIT,3,E01015813,0,4
2024010548799,2024,010548799,2,19,0,18,19,5,1,0,0,1,0,0,0,0,1,1,1,1,1,26,6,1995,2,3,FORD TRANSIT,1,E01024397,0,4
2024440504059,2024,440504059,1,19,0,5,5,0,1,0,0,6,0,0,0,0,3,1,1,1,1,32,6,2198,2,8,FORD TRANSIT,10,E01022838,0,1
2024610044124,2024,610044124,1,19,5,17,19,1,7,0,0,8,0,0,0,0,4,1,6,6,1,49,8,2198,2,11,FORD TRANSIT,2,W01001481,0,3
2024471451365,2024,471451365,2,19,0,-1,2,0,0,-1,0,2,0,0,0,0,2,1,-1,6,-1,-1,-1,2198,2,11,FORD TRANSIT,-1,-1,0,-1
2024052400058,2024,052400058,2,19,0,3,3,7,3,0,0,0,0,0,0,0,2,1,2,2,1,50,8,1995,2,7,FORD TRANSIT,2,E01007214,0,2
2024131534905,2024,131534905,3,19,0,-1,2,0,0,-1,9,2,0,0,0,0,2,1,-1,6,-1,-1,-1,2402,2,23,FORD TRANSIT,-1,-1,0,-1
2024211488126,2024,211488126,2,19,0,-1,19,8,4,-1,0,1,5,0,7,0,3,1,-1,2,1,51,8,2402,2,13,FORD TRANSIT,6,E01029401,0,4
202454F078924,2024,54F078924,2,19,0,2,2,0,0,0,0,0,0,0,0,0,2,1,6,6,3,-1,-1,1998,2,22,FORD TRANSIT,-1,-1,0,-1
2024501455076,2024,501455076,2,19,0,-1,2,0,0,-1,0,0,0,0,0,0,2,1,-1,6,-1,-1,-1,2198,2,12,FORD TRANSIT,-1,-1,0,-1
2024421410856,2024,421410856,1,19,0,-1,19,7,3,-1,0,1,0,0,0,0,4,1,-1,9,1,27,6,1995,2,6,FORD TRANSIT,7,E01021967,0,1
2024131527077,2024,131527077,1,19,0,-1,19,3,7,-1,0,1,0,0,0,0,3,1,-1,1,1,34,6,1995,2,2,FORD TRANSIT,8,E01011185,0,4
2024421455395,2024,421455395,1,19,0,-1,9,6,2,-1,0,0,0,0,0,0,1,1,-1,9,1,59,9,2198,2,9,FORD TRANSIT,-1,-1,0,-1
2024361399808,2024,361399808,1,19,0,-1,4,4,8,-1,0,0,0,0,0,0,1,1,-1,1,1,49,8,1995,2,6,FORD TRANSIT,4,E01026888,0,4
2024421492818,2024,421492818,1,19,0,-1,10,5,3,-1,2,8,0,0,0,0,0,1,-1,2,1,61,9,2198,2,11,FORD TRANSIT,5,E01021866,0,1
2024520403047,2024,520403047,2,19,0,18,19,5,1,0,0,0,0,0,0,0,1,1,6,6,1,39,7,2402,2,14,FORD TRANSIT,6,E01029195,0,2
2024010526969,2024,010526969,2,19,4,1,1,9,9,99,99,0,9,99,9,99,0,9,6,6,3,-1,-1,2198,2,8,FORD TRANSIT,-1,-1,0,-1
2024461408454,2024,461408454,1,19,0,-1,19,2,6,-1,0,1,0,0,0,0,3,1,-1,2,1,54,8,1995,2,2,FORD TRANSIT,4,E01024373,0,1
2024461484868,2024,461484868,1,19,0,-1,19,2,3,-1,0,0,0,0,0,0,4,9,-1,6,1,57,9,2198,2,10,FORD TRANSIT,7,E01032820,0,3
2024501522347,2024,501522347,1,19,0,-1,9,4,1,-1,0,1,0,0,0,0,1,1,-1,2,1,36,7,1995,2,5,FORD TRANSIT,4,E01019980,0,1
2024361454673,2024,361454673,1,19,0,-1,19,5,1,-1,0,0,0,4,0,0,1,1,-1,1,1,43,7,1995,2,3,FORD TRANSIT,7,E01026556,0,2
202417L200124,2024,17L200124,1,19,0,18,19,4,8,0,0,2,0,0,0,0,1,1,1,1,1,59,9,1995,2,5,FORD TRANSIT,2,E01012171,0,1
2024471428434,2024,471428434,2,19,0,-1,19,1,3,-1,0,0,0,0,0,0,1,1,-1,2,1,59,9,1995,2,1,FORD TRANSIT,10,E01024150,0,4
2024161422390,2024,161422390,1,19,0,-1,11,7,3,-1,0,0,0,0,0,0,4,1,-1,1,1,45,7,1995,2,1,FORD TRANSIT,1,E01035464,0,2
2024052402223,2024,052402223,2,19,0,18,19,7,3,0,0,0,0,0,0,0,1,1,1,1,1,27,6,-1,3,2,FORD TRANSIT,2,E01012391,0,3
2024991514690,2024,991514690,1,19,0,-1,5,3,7,-1,0,0,0,4,0,0,1,1,-1,6,1,60,9,2402,2,15,FORD TRANSIT,-1,-1,0,-1
2024061528107,2024,061528107,2,19,0,-1,7,-1,-1,-1,0,9,5,0,0,0,4,1,-1,6,1,-1,-1,2198,2,9,FORD TRANSIT,1,E01005379,0,2
2024122400101,2024,122400101,1,19,0,18,19,1,5,0,0,0,0,0,0,0,1,1,1,1,1,34,6,1995,2,4,FORD TRANSIT,2,E01007770,0,4
2024221492156,2024,221492156,1,19,0,-1,1,1,5,-1,0,0,0,0,0,0,2,1,-1,1,1,21,5,1995,2,0,FORD TRANSIT,1,E01010374,0,4
2024440273114,2024,440273114,2,19,0,10,10,3,5,0,0,1,0,0,0,0,3,1,1,1,1,36,7,2402,2,13,FORD TRANSIT,8,E01030687,0,4
2024201422706,2024,201422706,1,19,0,-1,19,3,1,-1,0,1,0,0,0,0,1,9,-1,6,1,40,7,2198,2,17,FORD TRANSIT,-1,-1,0,-1
2024471414792,2024,471414792,1,20,0,-1,13,6,2,-1,0,0,0,0,0,0,2,1,-1,1,1,54,8,2198,2,9,FORD TRANSIT,4,E01031605,0,1
2024010543458,2024,010543458,2,19,0,12,12,7,3,0,0,0,0,0,0,0,3,1,1,1,1,35,6,2198,2,8,FORD TRANSIT,2,E01016160,0,4
2024041408688,2024,041408688,3,19,0,-1,2,0,0,-1,9,0,0,0,0,0,2,1,-1,6,-1,-1,-1,2402,2,17,FORD TRANSIT,-1,-1,0,-1
2024440558595,2024,440558595,1,19,0,16,19,6,1,0,0,1,0,0,0,0,1,1,6,6,1,62,9,2402,2,15,FORD TRANSIT,8,E01023232,0,1
2024440359044,2024,440359044,1,90,0,18,19,1,5,0,0,0,2,0,0,0,3,1,6,6,2,45,7,2496,2,37,FORD TRANSIT,7,E01031882,0,4
2024531485795,2024,531485795,1,19,0,-1,19,4,8,-1,0,0,0,0,0,0,1,1,-1,1,1,46,8,2198,2,9,FORD TRANSIT,2,E01015082,0,5
2024010546282,2024,010546282,1,19,0,18,19,7,3,0,0,2,0,0,4,11,0,1,1,1,1,58,9,1995,2,3,FORD TRANSIT,8,E01016690,0,4
2024332400459,2024,332400459,1,19,0,-1,19,3,7,-1,0,1,0,0,0,0,3,1,-1,1,1,59,9,1995,2,2,FORD TRANSIT,6,E01026005,0,1
2024311448000,2024,311448000,1,19,0,-1,6,5,5,-1,9,3,0,0,0,0,4,1,-1,9,1,59,9,2198,2,16,FORD TRANSIT,-1,-1,0,-1
2024131517507,2024,131517507,1,19,0,-1,7,7,2,-1,0,2,0,0,0,0,4,1,-1,2,1,51,8,2198,2,8,FORD TRANSIT,1,E01011427,0,1
2024010499483,2024,010499483,1,19,0,7,7,1,4,0,0,1,0,0,0,0,1,1,1,1,1,41,7,1995,2,5,FORD TRANSIT,2,E01000085,0,4
2024161445450,2024,161445450,2,19,0,-1,19,1,5,-1,0,0,0,0,0,0,1,9,-1,6,1,-1,-1,2402,2,14,FORD TRANSIT,-1,-1,0,-1
2024010547430,2024,010547430,1,19,0,9,9,1,7,0,0,5,0,0,0,0,1,1,6,6,1,57,9,2198,2,7,FORD TRANSIT,5,E01000505,0,1
2024010529606,2024,010529606,2,19,0,18,19,5,1,0,0,1,0,0,0,0,4,1,6,6,1,34,6,1995,2,3,FORD TRANSIT,2,E01004013,0,1
2024010526186,2024,010526186,2,19,0,1,1,3,7,0,0,0,0,99,0,0,2,9,6,6,1,-1,-1,1995,2,3,FORD TRANSIT,-1,-1,0,-1
2024522402393,2024,522402393,2,19,0,7,7,2,4,0,0,5,0,0,0,0,4,1,6,6,3,-1,-1,2198,2,11,FORD TRANSIT,-1,-1,0,-1
2024351472314,2024,351472314,2,19,0,-1,19,7,3,-1,0,1,0,0,0,0,1,1,-1,6,1,-1,-1,2402,2,13,FORD TRANSIT,3,E01018090,0,1
2024201498830,2024,201498830,1,19,0,-1,19,3,7,-1,0,1,0,0,0,0,1,1,-1,2,1,30,6,1995,2,2,FORD TRANSIT,5,E01009246,0,1
2024461521598,2024,461521598,1,19,0,-1,19,5,1,-1,0,0,0,0,0,0,1,9,-1,6,2,-1,-1,2402,2,19,FORD TRANSIT,5,E01024048,0,3
2024052402762,2024,052402762,2,19,0,2,2,0,0,0,0,0,0,0,0,0,3,1,6,6,3,-1,-1,2198,2,12,FORD TRANSIT,-1,-1,0,-1
2024141479957,2024,141479957,2,19,0,-1,9,5,3,-1,0,1,0,0,0,0,1,9,-1,6,1,-1,-1,2402,2,12,FORD TRANSIT,-1,-1,0,-1
2024221476495,2024,221476495,1,19,0,-1,1,5,1,-1,0,0,1,4,0,0,2,1,-1,1,1,49,8,1995,2,4,FORD TRANSIT,2,E01028962,0,1
2024122400975,2024,122400975,2,19,0,18,19,3,7,0,0,8,0,0,0,0,4,1,1,1,1,40,7,1995,2,0,FORD TRANSIT,1,E01011318,0,4
2024451434829,2024,451434829,2,19,0,-1,9,1,7,-1,0,6,0,0,0,0,1,1,-1,1,1,41,7,1995,2,5,FORD TRANSIT,10,E01002208,0,4
2024302400502,2024,302400502,3,19,0,18,19,5,1,0,0,0,0,0,0,0,1,1,6,6,3,-1,-1,1995,2,3,FORD TRANSIT,-1,-1,0,-1
2024311454692,2024,311454692,3,19,0,-1,19,1,1,-1,0,0,0,0,0,0,2,1,-1,1,2,46,8,1995,2,1,FORD TRANSIT,-1,-1,0,-1
2024010499023,2024,010499023,2,19,0,18,19,1,5,0,0,0,0,0,0,0,1,1,1,1,1,34,6,1995,2,7,FORD TRANSIT,5,E01004396,0,1
2024010526389,2024,010526389,2,19,0,18,19,7,3,0,0,8,0,0,0,0,3,1,1,1,1,43,7,1995,2,6,FORD TRANSIT,5,E01003740,0,1
2024411522143,2024,411522143,2,19,0,-1,3,1,5,-1,0,0,0,0,0,0,2,9,-1,1,1,26,6,-1,-1,-1,FORD TRANSIT,7,E01000909,0,4
2024101501210,2024,101501210,2,19,0,-1,19,5,1,-1,0,0,0,0,0,0,2,1,-1,1,1,40,7,2402,2,13,FORD TRANSIT,5,E01008343,0,4
2024010549564,2024,010549564,1,19,0,18,19,7,3,0,0,2,0,0,0,0,1,1,6,6,1,20,4,-1,3,0,FORD TRANSIT,1,E01003515,0,2
2024461483451,2024,461483451,2,19,0,-1,19,7,3,-1,0,1,0,0,7,0,1,1,-1,1,1,30,6,2198,2,12,FORD TRANSIT,6,E01024410,0,2
2024010546855,2024,010546855,2,19,0,9,9,5,2,0,0,8,0,0,0,0,3,1,1,1,1,30,6,1995,2,0,FORD TRANSIT,2,E01001528,0,1
2024461492242,2024,461492242,1,19,0,-1,19,2,2,-1,0,0,1,0,0,0,1,1,-1,6,1,26,6,1995,2,3,FORD TRANSIT,4,E01024204,0,1
2024541981224,2024,541981224,2,19,0,4,4,1,5,0,0,0,0,0,0,0,2,1,1,1,1,43,7,2198,2,9,FORD TRANSIT,7,E01034541,0,2
2024131437989,2024,131437989,2,20,0,-1,9,7,3,-1,0,5,0,0,0,0,3,1,-1,6,1,39,7,-1,-1,-1,FORD TRANSIT,1,E01011134,0,2
2024421455450,2024,421455450,1,19,0,-1,10,7,5,-1,0,2,0,0,0,0,1,1,-1,2,1,40,7,2402,2,18,FORD TRANSIT,2,E01015855,0,1
2024010516982,2024,010516982,1,19,0,5,5,7,3,0,0,2,0,0,0,0,1,1,1,1,1,36,7,-1,3,1,FORD TRANSIT,3,E01003989,0,3
2024361398574,2024,361398574,2,19,0,-1,19,8,4,-1,0,8,0,0,0,0,1,1,-1,9,1,42,7,2198,2,12,FORD TRANSIT,6,E01026701,0,3
2024461421868,2024,461421868,1,19,0,-1,1,-1,-1,-1,0,1,0,0,0,0,2,9,-1,6,3,-1,-1,1995,2,1,FORD TRANSIT,-1,-1,0,-1
2024302401211,2024,302401211,1,19,0,1,1,6,2,0,0,0,0,0,0,0,2,1,6,6,1,26,6,-1,3,1,FORD TRANSIT,1,E01013600,0,4
2024311458567,2024,311458567,1,19,0,-1,1,7,7,-1,0,0,0,0,0,0,2,1,-1,1,1,30,6,2402,2,14,FORD TRANSIT,-1,-1,0,-1
2024351401587,2024,351401587,3,20,0,-1,1,1,5,-1,0,0,0,0,0,0,2,9,-1,2,1,-1,-1,-1,-1,-1,FORD TRANSIT,-1,-1,0,-1
2024340WN5592,2024,340WN5592,2,19,0,-1,19,1,5,-1,0,0,0,0,0,0,1,1,-1,2,1,33,6,1995,2,7,FORD TRANSIT,9,E01027303,0,2
2024991482178,2024,991482178,3,19,0,-1,19,4,8,-1,0,0,5,0,1,0,1,1,-1,1,1,62,9,1995,2,1,FORD TRANSIT,1,-1,0,4
2024471401590,2024,471401590,1,19,0,-1,5,2,5,-1,0,6,0,0,0,0,1,1,-1,2,1,26,6,2198,2,13,FORD TRANSIT,5,E01016991,0,1
2024371470803,2024,371470803,1,19,0,-1,19,1,5,-1,0,0,0,0,0,0,1,1,-1,6,1,45,7,2402,2,15,FORD TRANSIT,1,E01030258,0,3
2024501531609,2024,501531609,1,19,0,-1,6,1,1,-1,0,0,0,0,0,0,3,1,-1,6,1,29,6,2198,2,9,FORD TRANSIT,6,E01019982,0,4
2024461536106,2024,461536106,1,19,0,-1,9,7,4,-1,0,0,0,0,0,0,3,1,-1,9,1,29,6,2198,2,13,FORD TRANSIT,4,E01024587,0,4
2024501451331,2024,501451331,1,10,0,-1,19,2,6,-1,0,1,0,4,0,0,4,1,-1,2,1,38,7,2402,2,21,FORD TRANSIT,5,E01018757,0,3
2024451502074,2024,451502074,1,19,0,-1,9,5,7,-1,0,0,0,0,0,0,3,1,-1,1,1,51,8,1995,2,3,FORD TRANSIT,10,E01030428,0,3
2024501512813,2024,501512813,1,20,0,-1,2,0,0,-1,4,1,0,0,0,0,2,1,-1,6,-1,-1,-1,2402,2,13,FORD TRANSIT,-1,-1,0,-1
2024131448423,2024,131448423,1,19,0,-1,19,1,5,-1,0,0,0,0,0,0,1,1,-1,9,1,47,8,1995,2,7,FORD TRANSIT,1,E01010617,0,1
2024010513647,2024,010513647,7,19,0,18,19,5,1,0,0,0,0,0,0,0,2,1,1,1,1,38,7,1995,2,2,FORD TRANSIT,4,E01000477,0,4
2024440159491,2024,440159491,2,19,0,18,19,3,7,0,0,1,0,0,0,0,1,1,6,6,3,-1,-1,2198,2,16,FORD TRANSIT,-1,-1,0,-1
2024041473907,2024,041473907,1,19,0,-1,19,5,1,-1,0,0,0,0,0,0,1,1,-1,1,1,47,8,1995,2,6,FORD TRANSIT,7,E01005701,0,4
2024061484621,2024,061484621,2,19,0,-1,19,4,1,-1,0,8,0,0,0,0,3,1,-1,6,1,44,7,1995,2,6,FORD TRANSIT,5,E01004840,0,2
2024421488817,2024,421488817,2,19,0,-1,4,3,7,-1,0,0,0,0,0,0,2,1,-1,6,1,55,8,2198,2,12,FORD TRANSIT,6,E01021758,0,4
2024461432828,2024,461432828,2,19,0,-1,2,1,1,-1,0,0,0,0,0,0,2,9,-1,6,-1,45,7,2198,2,9,FORD TRANSIT,2,E01024596,0,2
2024430588377,2024,430588377,3,19,0,10,10,-1,-1,0,0,2,0,0,0,0,1,1,1,1,1,26,6,1995,2,0,FORD TRANSIT,10,E01016792,0,1
2024371455780,2024,371455780,1,19,0,-1,19,-1,-1,-1,0,1,0,0,0,0,3,9,-1,6,1,-1,-1,2402,2,12,FORD TRANSIT,-1,-1,0,-1
2024471411161,2024,471411161,1,19,0,-1,5,7,3,-1,0,6,0,0,0,0,1,1,-1,9,1,29,6,1995,2,1,FORD TRANSIT,6,-1,0,5
2024211397443,2024,211397443,1,19,0,-1,9,2,3,-1,0,1,0,0,0,0,1,1,-1,6,1,54,8,1995,2,5,FORD TRANSIT,3,E01034058,0,1
2024991456838,2024,991456838,1,19,0,-1,19,5,8,-1,0,0,1,0,7,0,1,1,-1,1,1,52,8,1995,2,5,FORD TRANSIT,-1,-1,0,-1
2024440080227,2024,440080227,2,19,0,18,19,6,2,0,0,0,0,4,0,0,1,1,6,6,3,-1,-1,2402,2,20,FORD TRANSIT,-1,-1,0,-1
2024231414502,2024,231414502,1,19,0,-1,9,1,7,-1,0,5,0,0,0,0,4,9,-1,1,1,28,6,-1,3,2,FORD TRANSIT,4,E01031054,0,1
2024361475302,2024,361475302,1,19,0,-1,19,3,4,-1,0,0,0,0,0,0,1,1,-1,2,1,39,7,1995,2,0,FORD TRANSIT,4,E01015606,0,4
2024221490524,2024,221490524,1,19,0,-1,19,3,7,-1,0,0,0,0,0,0,1,1,-1,1,1,42,7,1995,2,0,FORD TRANSIT,1,E01010471,0,4
2024010533720,2024,010533720,1,90,0,7,7,1,3,0,0,1,0,0,0,0,1,1,1,1,2,28,6,1995,2,1,FORD TRANSIT,6,E01024180,0,3
2024211430983,2024,211430983,1,19,0,-1,1,4,8,-1,-1,-1,0,0,0,0,-1,9,-1,1,1,36,7,2198,2,9,FORD TRANSIT,-1,-1,0,-1
2024111436294,2024,111436294,2,19,0,-1,19,5,1,-1,0,0,0,0,0,0,2,1,-1,1,1,43,7,1995,2,6,FORD TRANSIT,5,E01008433,0,4
2024221533593,2024,221533593,2,19,0,-1,4,2,7,-1,0,0,1,0,0,0,1,1,-1,6,1,28,6,1995,2,8,FORD TRANSIT,-1,-1,0,-1
2024542766124,2024,542766124,2,19,0,2,2,0,0,0,0,0,0,0,0,0,1,1,6,6,3,-1,-1,2198,2,14,FORD TRANSIT,-1,-1,0,-1
2024351420272,2024,351420272,1,19,0,-1,4,6,2,-1,0,0,0,0,0,0,2,1,-1,1,1,40,7,1995,2,4,FORD TRANSIT,6,E01035547,0,4
2024991527101,2024,991527101,2,19,0,-1,12,3,1,-1,0,2,0,0,0,0,1,1,-1,1,1,45,7,2402,2,13,FORD TRANSIT,-1,-1,0,-1
2024010514766,2024,010514766,3,19,5,2,2,0,0,0,0,1,0,0,0,0,2,1,6,6,3,-1,-1,1995,2,1,FORD TRANSIT,-1,-1,0,-1
2024122500560,2024,122500560,1,19,0,18,19,3,7,0,0,0,0,0,0,0,1,1,6,6,1,36,7,2198,2,17,FORD TRANSIT,8,E01027702,0,3
2024011564369,2024,011564369,2,19,0,-1,19,7,3,-1,0,1,0,0,0,0,4,1,-1,1,1,26,6,1995,2,2,FORD TRANSIT,-1,-1,0,-1
2024320702123,2024,320702123,2,19,0,-1,-1,2,6,0,0,0,0,0,0,0,3,1,1,1,1,61,9,2198,2,8,FORD TRANSIT,-1,-1,0,-1
2024991416334,2024,991416334,10,19,0,-1,2,0,0,-1,0,0,0,0,0,0,2,1,-1,6,-1,-1,-1,2402,2,13,FORD TRANSIT,-1,-1,0,-1
2024061528989,2024,061528989,2,19,0,-1,19,-1,-1,-1,0,1,0,0,0,0,4,1,-1,6,1,-1,-1,2198,2,12,FORD TRANSIT,-1,-1,0,-1
2024430589746,2024,430589746,2,20,5,18,19,6,2,0,0,0,0,0,0,0,1,1,6,6,1,28,6,2198,2,11,FORD TRANSIT,-1,-1,0,-1
2024471408833,2024,471408833,1,19,0,-1,9,1,7,-1,0,6,0,0,0,0,1,1,-1,1,1,48,8,1995,2,5,FORD TRANSIT,1,E01021136,0,1
2024501432251,2024,501432251,1,19,0,-1,9,3,7,-1,0,5,0,0,0,0,1,1,-1,1,1,60,9,2198,2,12,FORD TRANSIT,7,E01020178,0,1
2024451500811,2024,451500811,1,19,0,-1,19,3,7,-1,0,0,0,0,0,0,1,1,-1,1,1,25,5,1995,2,6,FORD TRANSIT,4,E01016163,0,4
2024010521977,2024,010521977,2,90,0,18,19,3,7,0,0,8,0,0,0,0,4,1,1,1,1,27,6,-1,-1,-1,FORD TRANSIT,6,E01003742,0,3
2024131410809,2024,131410809,1,19,0,-1,19,1,5,-1,0,0,0,0,0,0,1,1,-1,1,1,55,8,1995,2,2,FORD TRANSIT,1,E01005086,0,4
2024311458054,2024,311458054,2,19,0,-1,7,1,7,-1,0,6,0,0,0,0,3,9,-1,1,1,23,5,1995,2,0,FORD TRANSIT,-1,-1,0,-1
2024211535663,2024,211535663,1,19,0,-1,5,1,1,-1,0,0,0,0,0,0,0,9,-1,6,2,-1,-1,1995,2,3,FORD TRANSIT,-1,-1,0,-1
2024161503580,2024,161503580,1,19,0,-1,7,7,1,-1,0,2,1,0,0,0,1,1,-1,1,1,53,8,2198,2,8,FORD TRANSIT,1,E01012867,0,2
2024101462658,2024,101462658,2,19,0,-1,19,2,6,-1,0,8,0,0,0,0,4,1,-1,6,1,41,7,2198,2,10,FORD TRANSIT,2,E01008625,0,1
2024332400250,2024,332400250,1,21,0,-1,13,4,1,-1,0,0,0,0,0,0,4,1,-1,1,1,49,8,1995,2,1,FORD TRANSIT,1,E01013652,0,4
2024131474289,2024,131474289,1,19,0,-1,-1,-1,-1,-1,-1,-1,-1,-1,-1,-1,-1,1,-1,6,3,-1,-1,1995,2,2,FORD TRANSIT,-1,-1,0,-1
2024461490128,2024,461490128,2,19,0,-1,13,3,7,-1,0,0,0,0,0,0,3,1,-1,6,-1,-1,-1,2402,2,18,FORD TRANSIT,-1,-1,0,-1
2024302400722,2024,302400722,1,19,0,16,19,5,1,0,0,1,0,0,0,0,1,1,6,6,1,39,7,2198,2,16,FORD TRANSIT,2,E01019453,0,1
2024010503592,2024,010503592,1,19,0,7,7,5,8,0,0,8,0,0,0,0,1,1,6,6,3,-1,-1,-1,3,1,FORD TRANSIT,-1,-1,0,-1
2024610008324,2024,610008324,1,19,0,9,9,4,1,0,0,8,0,0,0,0,1,1,6,6,1,43,7,2198,2,12,FORD TRANSIT,2,W01001620,0,1
2024421407737,2024,421407737,1,19,0,-1,19,6,1,-1,0,0,0,0,1,0,1,1,-1,2,1,35,6,1995,2,2,FORD TRANSIT,4,E01021955,0,2
2024440428063,2024,440428063,2,19,0,18,19,7,3,0,0,0,0,0,0,0,2,1,1,1,1,43,7,2198,2,11,FORD TRANSIT,8,E01023245,0,2
2024211417839,2024,211417839,2,19,0,-1,19,1,5,-1,0,0,0,0,0,0,2,1,-1,6,1,38,7,2198,2,8,FORD TRANSIT,-1,-1,0,-1
2024061510140,2024,061510140,2,19,0,-1,19,-1,-1,-1,99,0,9,99,7,99,3,1,-1,6,3,-1,-1,1995,2,6,FORD TRANSIT,-1,-1,0,-1
2024041480180,2024,041480180,3,19,0,-1,19,5,1,-1,0,8,0,0,0,0,1,1,-1,1,1,31,6,1995,2,4,FORD TRANSIT,9,E01006320,0,4
2024371510295,2024,371510295,2,19,0,-1,5,5,5,-1,0,0,0,0,0,0,1,1,-1,1,1,28,6,1995,2,3,FORD TRANSIT,2,E01030024,0,2
2024991520180,2024,991520180,1,19,0,-1,9,1,7,-1,0,0,0,0,0,0,4,1,-1,1,1,24,5,1995,2,2,FORD TRANSIT,9,-1,0,3
2024010535393,2024,010535393,2,19,0,18,19,1,5,0,0,1,0,0,0,0,4,1,6,6,1,45,7,-1,3,1,FORD TRANSIT,8,E01021082,0,4
2024440230758,2024,440230758,1,19,0,13,13,2,4,0,0,3,0,0,0,0,4,1,1,1,1,53,8,2198,2,11,FORD TRANSIT,3,E01017184,0,3
2024320312593,2024,320312593,1,19,0,-1,-1,6,2,0,0,0,0,0,0,0,1,1,1,1,1,20,4,1995,2,2,FORD TRANSIT,-1,-1,0,-1