collision_index,collision_year,collision_ref_no,vehicle_reference,vehicle_type,towing_and_articulation,vehicle_manoeuvre_historic,vehicle_manoeuvre,vehicle_direction_from,vehicle_direction_to,vehicle_location_restricted_lane_historic,vehicle_location_restricted_lane,junction_location,skidding_and_overturning,hit_object_in_carriageway,vehicle_leaving_carriageway,hit_object_off_carriageway,first_point_of_impact,vehicle_left_hand_drive,journey_purpose_of_driver_historic,journey_purpose_of_driver,sex_of_driver,age_of_driver,age_band_of_driver,engine_capacity_cc,propulsion_code,age_of_vehicle,generic_make_model,driver_imd_decile,lsoa_of_driver,escooter_flag,driver_distance_banding
2024131441130,2024,131441130,2,5,0,-1,19,7,3,-1,0,0,0,0,0,0,1,1,-1,6,1,40,7,599,1,19,HONDA CB,5,E01010788,0,3
2024451397140,2024,451397140,1,4,0,-1,19,3,7,-1,0,1,2,0,3,0,4,1,-1,2,1,28,6,471,1,9,HONDA CB,6,E01030332,0,1
2024440546945,2024,440546945,2,3,0,17,19,7,3,0,0,8,0,0,0,0,4,1,6,6,1,20,4,124,1,0,HONDA CB,2,E01017265,0,2
2024010536703,2024,010536703,2,4,0,5,5,4,8,0,0,1,0,0,0,0,1,1,6,6,1,22,5,471,1,7,HONDA CB,3,E01001669,0,1
2024141470646,2024,141470646,1,4,0,-1,14,3,7,-1,0,1,0,0,0,0,4,1,-1,2,1,56,9,234,1,25,HONDA CB,1,E01011906,0,3
2024440264109,2024,440264109,1,5,0,4,4,5,1,0,0,1,0,0,0,0,4,1,6,6,1,42,7,649,1,7,HONDA CB,10,E01030454,0,4
2024451426193,2024,451426193,2,4,0,-1,19,7,3,-1,0,0,5,0,0,0,1,1,-1,9,1,22,5,471,1,4,HONDA CB,7,E01000981,0,4
2024010519502,2024,010519502,2,4,0,99,99,9,9,99,99,9,9,99,9,99,9,1,2,2,1,21,5,471,1,6,HONDA CB,3,E01000972,0,1
2024302400761,2024,302400761,1,5,0,17,19,1,5,0,0,8,1,0,0,0,4,1,6,6,1,33,6,599,1,25,HONDA CB,6,E01007660,0,3
2024471501179,2024,471501179,2,5,0,-1,15,3,7,-1,0,0,1,0,0,0,1,1,-1,6,1,47,8,599,1,22,HONDA CB,4,E01016882,0,1
2024010517042,2024,010517042,1,5,0,18,19,9,9,99,99,9,9,99,9,99,1,1,6,6,1,33,6,649,1,9,HONDA CB,3,E01000783,0,3
2024070908826,2024,070908826,1,5,0,-1,13,4,8,-1,0,1,0,0,0,0,1,1,-1,6,1,75,10,998,1,14,HONDA CB,9,E01018529,0,1
2024311468102,2024,311468102,1,5,0,-1,19,1,4,-1,0,0,0,0,0,0,0,1,-1,9,1,34,6,998,1,13,HONDA CB,8,E01007846,0,3
2024421416805,2024,421416805,1,5,0,-1,19,2,6,-1,0,0,1,0,1,0,3,1,-1,2,1,27,6,755,1,1,HONDA CB,5,E01021833,0,2
2024201518769,2024,201518769,1,4,0,-1,19,1,5,-1,0,0,0,0,0,0,1,1,-1,9,1,81,11,471,1,2,HONDA CB,4,E01026259,0,5
2024461499721,2024,461499721,2,5,0,-1,14,3,7,-1,0,0,0,0,0,0,3,1,-1,6,1,40,7,471,1,3,HONDA CB,7,E01023777,0,4
2024461519742,2024,461519742,2,4,0,-1,19,5,1,-1,0,1,0,0,0,0,1,1,-1,2,1,38,7,471,1,6,HONDA CB,5,E01024452,0,1
2024052400824,2024,052400824,2,4,0,9,9,3,1,0,0,1,0,0,0,0,3,1,1,1,1,28,6,471,1,8,HONDA CB,1,E01006599,0,1
2024471413081,2024,471413081,2,3,0,-1,19,3,7,-1,0,1,0,0,0,0,4,1,-1,2,1,42,7,124,1,0,HONDA CB,6,E01021018,0,1
2024061397220,2024,061397220,2,4,0,-1,5,6,3,-1,0,8,0,0,0,0,1,1,-1,6,1,27,6,471,1,8,HONDA CB,1,E01004926,0,3
2024351482229,2024,351482229,1,4,0,-1,19,5,1,-1,0,0,1,0,7,0,3,1,-1,6,1,19,4,499,1,25,HONDA CB,8,E01026314,0,4
2024440329916,2024,440329916,1,5,0,18,19,4,8,0,0,2,0,0,0,0,0,1,6,6,1,19,4,599,1,25,HONDA CB,6,E01017138,0,4
2024401438404,2024,401438404,2,5,0,-1,7,1,3,-1,0,6,1,0,0,0,4,1,-1,2,1,32,6,649,1,8,HONDA CB,2,E01017519,0,2
2024101511325,2024,101511325,1,4,0,-1,19,1,5,-1,0,1,1,0,0,0,0,1,-1,6,1,20,4,447,1,31,HONDA CB,-1,-1,0,-1
2024622400609,2024,622400609,1,5,0,18,19,3,7,0,0,2,0,0,0,0,3,1,6,6,1,42,7,755,1,1,HONDA CB,5,W01000871,0,1
2024221458985,2024,221458985,2,4,0,-1,19,4,8,-1,0,0,0,0,0,0,1,1,-1,9,1,78,11,234,1,29,HONDA CB,7,E01028995,0,4
2024010517723,2024,010517723,2,4,0,4,4,7,3,0,0,0,0,0,0,0,4,1,6,6,1,43,7,471,1,4,HONDA CB,7,E01002171,0,4
2024031436297,2024,031436297,1,5,0,-1,19,1,5,-1,0,0,0,0,1,11,1,1,-1,9,1,73,10,1284,1,17,HONDA CB,4,E01018744,0,5
2024010523092,2024,010523092,1,3,0,99,99,9,9,99,99,9,9,99,9,99,1,1,6,6,1,25,5,649,1,8,HONDA CB,7,E01003395,0,2
2024010516746,2024,010516746,2,4,0,18,19,7,3,0,0,8,0,0,0,0,1,1,1,1,1,37,7,471,1,2,HONDA CB,3,E01004584,0,1
2024461531577,2024,461531577,2,3,0,-1,1,1,5,-1,0,1,0,0,0,0,1,1,-1,9,2,28,6,124,1,0,HONDA CB,5,E01032808,0,1
2024231482352,2024,231482352,1,5,0,-1,19,7,3,-1,0,0,1,0,1,11,1,1,-1,6,1,46,8,998,1,14,HONDA CB,8,E01035015,0,2
2024440113235,2024,440113235,1,5,0,18,19,7,3,0,0,1,0,0,0,0,1,1,6,6,1,36,7,599,1,21,HONDA CB,2,E01022913,0,1
2024522500069,2024,522500069,1,3,0,3,3,2,6,0,0,1,0,0,0,0,1,1,6,6,1,42,7,124,1,0,HONDA CB,10,E01014988,0,3
2024010502236,2024,010502236,1,4,0,99,99,9,9,99,99,0,9,99,9,99,1,1,2,2,1,25,5,499,1,21,HONDA CB,2,E01002755,0,2
2024461454295,2024,461454295,2,5,0,-1,19,1,1,-1,0,0,0,0,0,0,1,1,-1,6,1,19,4,471,1,5,HONDA CB,2,E01024061,0,2
2024010534030,2024,010534030,1,4,0,99,99,9,9,99,99,9,9,99,9,99,9,1,6,6,1,30,6,471,1,3,HONDA CB,6,E01002332,0,2
2024131470115,2024,131470115,2,5,0,-1,19,7,3,-1,0,1,0,0,0,0,1,1,-1,9,1,34,6,649,1,7,HONDA CB,3,E01011606,0,1
2024010531754,2024,010531754,1,4,0,99,99,9,9,99,99,9,9,99,9,99,9,1,6,6,1,44,7,471,1,4,HONDA CB,4,E01002650,0,2
2024471440508,2024,471440508,1,5,0,-1,13,8,4,-1,0,0,1,0,7,0,1,1,-1,2,1,31,6,649,1,8,HONDA CB,2,E01020917,0,3
2024440425506,2024,440425506,1,5,0,4,4,4,8,0,0,0,0,0,0,0,1,1,6,6,1,60,9,755,1,1,HONDA CB,10,E01022663,0,3
2024131532505,2024,131532505,1,5,0,-1,19,3,7,-1,0,0,1,0,0,0,3,1,-1,9,1,34,6,599,1,16,HONDA CB,8,E01011151,0,1
2024231478856,2024,231478856,1,3,0,-1,19,5,3,-1,0,0,1,0,0,0,3,1,-1,9,2,32,6,124,1,0,HONDA CB,7,E01031253,0,1
2024440275696,2024,440275696,2,5,0,18,19,3,7,0,0,8,0,0,0,0,4,1,6,6,2,49,8,755,1,0,HONDA CB,5,E01023110,0,4
2024401466461,2024,401466461,2,4,0,-1,15,6,2,-1,0,0,0,0,1,10,1,1,-1,6,1,19,4,499,1,26,HONDA CB,2,E01015773,0,1
2024471412116,2024,471412116,1,5,0,-1,19,8,4,-1,0,8,5,0,0,0,1,1,-1,9,1,25,5,599,1,22,HONDA CB,8,E01021163,0,3
2024010525056,2024,010525056,2,4,0,18,19,1,5,0,0,1,0,0,0,0,3,1,6,6,1,44,7,471,1,8,HONDA CB,-1,-1,0,-1
2024131505627,2024,131505627,2,4,0,-1,13,6,1,-1,0,8,0,0,0,0,4,1,-1,9,1,42,7,471,1,1,HONDA CB,7,E01011072,0,2
2024010531653,2024,010531653,1,9,0,9,9,5,2,0,0,5,0,0,0,0,3,1,1,1,1,39,7,998,1,16,HONDA CB,3,E01001920,0,1
2024010518439,2024,010518439,1,4,0,99,99,9,9,99,99,9,9,99,9,99,9,1,1,1,3,35,6,471,1,10,HONDA CB,3,E01001111,0,1
2024471417273,2024,471417273,2,5,0,-1,19,1,5,-1,0,1,5,0,0,0,1,1,-1,6,1,63,9,599,1,21,HONDA CB,9,E01016999,0,1
2024991481047,2024,991481047,1,5,0,-1,19,3,7,-1,0,0,2,0,0,0,1,1,-1,9,1,36,7,998,1,11,HONDA CB,2,-1,0,4
2024221456785,2024,221456785,2,5,0,-1,19,4,8,-1,0,0,0,0,0,0,0,1,-1,9,2,55,8,599,1,17,HONDA CB,6,E01032296,0,3
2024991464670,2024,991464670,2,4,0,-1,19,8,4,-1,0,1,1,0,0,0,1,1,-1,9,1,67,10,499,1,26,HONDA CB,6,-1,0,1
2024552400443,2024,552400443,2,4,0,18,19,6,2,0,0,0,0,0,4,0,4,1,6,6,1,59,9,499,1,24,HONDA CB,1,E01015279,0,3
2024211484437,2024,211484437,1,5,0,-1,19,3,7,-1,0,0,2,0,0,0,3,1,-1,6,1,26,6,599,1,25,HONDA CB,5,E01029374,0,2
2024421476066,2024,421476066,2,5,0,-1,19,8,4,-1,0,1,0,0,0,0,3,1,-1,6,1,49,8,471,1,8,HONDA CB,3,E01021864,0,1
2024122400639,2024,122400639,1,4,0,18,19,3,7,0,0,0,0,0,0,0,1,1,6,6,1,73,10,471,1,2,HONDA CB,8,E01027568,0,1
2024010545381,2024,010545381,2,4,0,5,5,5,1,0,0,1,0,0,3,0,3,1,6,6,1,38,7,471,1,7,HONDA CB,-1,-1,0,-1
2024440153862,2024,440153862,1,3,0,18,19,6,2,0,0,1,0,0,0,0,1,1,6,6,1,40,7,124,1,0,HONDA CB,4,E01022976,0,1
2024141485753,2024,141485753,2,5,0,-1,19,4,8,-1,0,1,5,0,0,0,1,1,-1,9,1,46,8,998,1,4,HONDA CB,3,E01007371,0,1
2024231467888,2024,231467888,1,5,9,-1,19,1,5,-1,0,0,0,4,0,0,1,1,-1,6,1,30,6,599,1,17,HONDA CB,-1,-1,0,-1
2024010543849,2024,010543849,1,3,0,15,15,2,6,2,2,0,0,0,1,0,1,1,6,6,1,22,5,471,1,6,HONDA CB,2,E01000934,0,2
2024010526234,2024,010526234,1,5,0,99,99,9,9,99,99,9,9,99,9,99,1,1,1,1,3,27,6,599,1,16,HONDA CB,8,E01016972,0,4
2024010514856,2024,010514856,2,5,0,4,4,7,3,0,0,1,0,0,0,0,2,1,2,2,1,41,7,649,1,3,HONDA CB,3,E01034608,0,1
2024461399123,2024,461399123,2,5,0,-1,19,3,7,-1,0,8,1,0,0,0,1,1,-1,6,1,59,9,1284,1,20,HONDA CB,5,E01028888,0,5
2024552400311,2024,552400311,2,5,0,18,19,2,6,0,0,8,0,0,0,0,1,1,6,6,1,61,9,755,1,1,HONDA CB,4,E01015339,0,1
2024440337062,2024,440337062,1,4,0,18,19,4,8,0,0,1,0,0,0,0,1,1,6,6,1,33,6,755,1,1,HONDA CB,3,E01017350,0,4
2024141440442,2024,141440442,2,4,0,-1,19,4,8,-1,0,0,5,0,0,0,1,1,-1,6,1,56,9,471,1,9,HONDA CB,1,E01008060,0,1
2024440303782,2024,440303782,2,5,0,18,19,5,1,0,0,1,0,0,0,0,1,1,6,6,1,67,10,471,1,1,HONDA CB,5,E01017368,0,3
2024010537568,2024,010537568,1,5,0,3,3,5,1,0,0,1,5,0,0,0,0,1,6,6,1,27,6,755,1,0,HONDA CB,6,E01002135,0,2
2024332400654,2024,332400654,2,5,0,-1,19,3,8,-1,0,3,0,0,0,0,4,1,-1,2,1,32,6,599,1,26,HONDA CB,4,E01013696,0,3
2024010539573,2024,010539573,1,4,0,18,19,3,7,0,0,2,0,0,0,0,3,1,2,2,1,42,7,471,1,2,HONDA CB,7,E01022071,0,4
2024461467112,2024,461467112,1,3,0,-1,19,1,5,-1,0,0,1,0,0,0,3,1,-1,9,1,48,8,599,1,17,HONDA CB,8,E01024451,0,1
2024010541244,2024,010541244,1,5,0,18,19,3,7,4,4,0,0,0,0,0,1,1,6,6,1,51,8,649,1,7,HONDA CB,3,E01004573,0,2
2024461428535,2024,461428535,1,5,0,-1,15,4,8,-1,0,0,5,7,0,0,3,1,-1,6,1,47,8,599,1,13,HONDA CB,3,E01016071,0,4
2024451412731,2024,451412731,2,5,0,-1,13,5,1,-1,0,0,0,0,0,0,4,1,-1,1,1,32,6,998,1,10,HONDA CB,6,E01024276,0,4
2024010543024,2024,010543024,2,4,0,18,19,7,3,0,0,1,0,0,0,0,4,1,2,2,1,30,6,471,1,2,HONDA CB,10,E01024445,0,3
2024552500033,2024,552500033,2,5,0,18,19,7,3,0,0,0,0,0,0,0,4,1,6,6,1,23,5,599,1,25,HONDA CB,6,E01015440,0,1
2024010522465,2024,010522465,1,5,0,18,19,3,7,0,0,1,2,0,0,0,1,1,6,6,1,28,6,599,1,19,HONDA CB,2,E01033939,0,1
2024549123924,2024,549123924,1,5,0,16,19,1,4,0,0,0,2,0,7,9,1,1,6,6,1,45,7,998,1,5,HONDA CB,6,E01022190,0,2
2024010500519,2024,010500519,1,4,0,99,99,9,9,99,99,9,9,99,9,99,9,1,1,1,1,26,6,471,1,8,HONDA CB,3,E01003143,0,1
2024610030524,2024,610030524,2,3,0,13,13,2,5,0,0,0,1,0,0,0,4,1,6,6,1,18,4,124,1,26,MAKE AND MODEL REDACTED,7,W01001556,0,2
2024471475270,2024,471475270,1,3,0,-1,19,3,1,-1,0,4,0,0,0,0,4,1,-1,9,1,35,6,124,1,22,MAKE AND MODEL REDACTED,4,E01031433,0,2
2024122401040,2024,122401040,1,3,0,16,19,5,8,0,0,0,0,0,0,0,1,1,6,6,1,17,4,124,1,22,MAKE AND MODEL REDACTED,5,E01034968,0,2
2024531442392,2024,531442392,1,3,0,-1,19,0,4,-1,0,0,1,10,0,0,4,1,-1,2,1,21,5,124,1,23,MAKE AND MODEL REDACTED,9,E01022357,0,1
2024340WN2472,2024,340WN2472,2,3,0,-1,9,6,4,-1,0,3,5,0,0,0,1,1,-1,6,1,18,4,124,1,21,MAKE AND MODEL REDACTED,1,E01027177,0,1
2024161481123,2024,161481123,2,3,0,-1,9,5,4,-1,0,8,0,0,0,0,1,1,-1,6,1,17,4,124,1,28,MAKE AND MODEL REDACTED,4,E01012767,0,1
2024421483055,2024,421483055,1,4,0,-1,19,4,8,-1,0,1,0,0,0,0,3,1,-1,6,1,57,9,233,1,25,MAKE AND MODEL REDACTED,6,E01021509,0,1
2024461407449,2024,461407449,1,5,0,-1,19,5,1,-1,0,0,2,0,0,0,0,1,-1,6,1,56,9,889,1,2,MAKE AND MODEL REDACTED,5,E01024495,0,1
2024411504554,2024,411504554,2,5,0,-1,5,1,5,-1,0,8,0,0,0,0,2,1,-1,6,1,68,10,889,1,3,MAKE AND MODEL REDACTED,7,E01022098,0,3
2024610019824,2024,610019824,2,5,0,7,7,7,2,0,0,3,0,0,7,7,4,1,6,6,1,25,5,889,1,3,MAKE AND MODEL REDACTED,3,E01026246,0,5
2024161470145,2024,161470145,2,5,0,-1,19,7,3,-1,0,0,0,0,0,0,1,1,-1,9,1,44,7,889,1,2,MAKE AND MODEL REDACTED,8,E01013058,0,2
2024010523638,2024,010523638,2,5,0,18,19,5,1,0,0,1,0,0,0,0,1,1,6,6,1,58,9,-1,-1,-1,MAKE AND MODEL REDACTED,3,E01001701,0,1
2024351530776,2024,351530776,2,4,0,-1,19,1,5,-1,0,0,0,0,1,0,1,1,-1,6,1,19,4,125,1,9,MAKE AND MODEL REDACTED,10,E01018285,0,1
2024501426068,2024,501426068,1,3,0,-1,19,7,3,-1,0,0,5,0,1,0,1,1,-1,9,1,46,8,125,1,8,MAKE AND MODEL REDACTED,5,E01015051,0,4
2024421479791,2024,421479791,2,3,0,-1,19,1,5,-1,0,8,0,0,0,0,1,1,-1,2,1,44,7,125,1,8,MAKE AND MODEL REDACTED,2,E01015824,0,1
2024531481606,2024,531481606,1,3,0,-1,19,1,5,-1,0,0,0,0,0,0,1,1,-1,9,1,23,5,125,1,9,MAKE AND MODEL REDACTED,9,E01022466,0,2
2024201399775,2024,201399775,1,3,0,-1,13,4,8,-1,0,8,0,0,0,0,1,1,-1,2,1,18,4,125,1,9,MAKE AND MODEL REDACTED,1,E01009746,0,1
2024010519388,2024,010519388,1,9,0,18,19,1,5,0,0,1,0,0,0,0,2,1,2,2,2,47,8,1490,8,0,MAKE AND MODEL REDACTED,3,E01021858,0,3
2024501468086,2024,501468086,2,9,0,-1,5,6,2,-1,0,0,0,0,0,0,1,1,-1,9,1,62,9,1490,8,0,MAKE AND MODEL REDACTED,10,E01009705,0,5
2024631439647,2024,631439647,1,9,0,-1,13,5,1,-1,0,8,0,0,0,0,1,1,-1,9,1,38,7,1490,8,0,MAKE AND MODEL REDACTED,7,E01004153,0,5
2024010539700,2024,010539700,1,9,0,9,9,2,1,0,0,6,0,0,0,0,3,1,6,6,2,28,6,1490,8,0,MAKE AND MODEL REDACTED,-1,-1,0,-1
2024010519232,2024,010519232,1,8,0,99,99,9,9,99,99,9,9,99,9,99,2,9,2,2,1,64,9,2776,2,7,LONDON TAXIS INT. TX4,7,E01004359,0,2
2024010498790,2024,010498790,1,8,0,7,7,5,7,0,0,8,0,0,0,0,1,1,1,1,1,72,10,2499,2,9,LONDON TAXIS INT. TX4,8,E01021744,0,3
2024061466714,2024,061466714,2,8,0,-1,10,5,2,-1,0,1,0,0,0,0,2,9,-1,1,1,44,7,2499,2,11,LONDON TAXIS INT. TX4,-1,-1,0,-1
2024061505706,2024,061505706,1,8,0,-1,19,1,5,-1,0,1,0,0,0,0,1,1,-1,2,1,75,10,2499,2,10,LONDON TAXIS INT. TX4,4,E01005850,0,2
2024411509508,2024,411509508,1,8,0,-1,19,7,3,-1,0,2,0,0,0,0,1,9,-1,6,1,77,11,2499,2,10,LONDON TAXIS INT. TX4,4,E01023560,0,1
2024010548837,2024,010548837,2,8,0,99,99,9,9,99,99,9,9,99,9,99,9,9,6,6,3,57,9,2776,2,7,LONDON TAXIS INT. TX4,-1,-1,0,-1
2024010520981,2024,010520981,1,8,0,18,19,3,7,0,0,0,0,0,0,0,1,1,6,6,1,65,9,2499,2,10,LONDON TAXIS INT. TX4,7,E01030300,0,4
2024430460807,2024,430460807,1,8,0,18,19,6,2,0,0,1,0,0,0,0,1,1,1,1,1,-1,-1,2776,2,7,LONDON TAXIS INT. TX4,-1,-1,0,-1
2024010527921,2024,010527921,3,8,0,3,3,5,1,0,0,1,0,0,0,0,2,1,1,1,1,46,8,2776,2,8,LONDON TAXIS INT. TX4,3,E01018087,0,5
2024010520013,2024,010520013,1,8,0,18,19,3,7,0,0,1,0,0,0,0,1,1,6,6,3,-1,-1,2499,2,10,LONDON TAXIS INT. TX4,-1,-1,0,-1
2024010548737,2024,010548737,1,8,0,6,6,1,1,0,0,0,0,0,0,0,1,1,1,1,1,49,8,2776,2,8,LONDON TAXIS INT. TX4,6,E01000284,0,3
2024010537018,2024,010537018,2,8,0,18,19,1,5,0,0,8,0,0,0,0,3,1,1,1,1,53,8,2499,2,10,LONDON TAXIS INT. TX4,5,E01003638,0,3
2024052402477,2024,052402477,1,8,0,18,19,3,7,0,0,0,0,0,0,0,1,1,1,1,1,58,9,2499,2,14,LONDON TAXIS INT. TX4,2,E01006479,0,2
2024010510552,2024,010510552,1,8,0,16,19,3,7,0,0,1,0,0,0,0,1,1,1,1,1,67,10,2499,2,10,LONDON TAXIS INT. TX4,10,E01023454,0,4
2024430367366,2024,430367366,1,8,0,18,19,5,1,0,0,0,0,4,0,0,1,1,1,1,1,50,8,2499,2,14,LONDON TAXIS INT. TX4,3,E01028577,0,1
2024421418724,2024,421418724,1,8,0,-1,19,5,1,-1,0,0,5,0,0,0,1,1,-1,1,1,72,10,2499,2,12,LONDON TAXIS INT. TX4,7,E01002365,0,3
2024010521655,2024,010521655,2,8,0,99,99,9,9,99,99,9,9,99,9,99,9,9,6,6,3,53,8,2499,2,9,LONDON TAXIS INT. TX4,2,E01000952,0,2
2024010549476,2024,010549476,2,8,0,99,99,9,9,99,99,9,9,99,9,99,1,9,6,6,3,49,8,2499,2,10,LONDON TAXIS INT. TX4,-1,-1,0,-1
2024010540238,2024,010540238,2,8,0,2,2,0,0,2,2,1,0,8,0,0,3,1,6,6,3,-1,-1,2499,2,9,LONDON TAXIS INT. TX4,-1,-1,0,-1
2024061422023,2024,061422023,1,8,0,-1,19,1,5,-1,0,0,0,0,0,0,4,9,-1,1,1,76,11,2776,2,7,LONDON TAXIS INT. TX4,3,E01006115,0,1
2024481567023,2024,481567023,2,8,0,-1,4,3,7,-1,0,1,0,0,0,0,2,1,-1,1,1,55,8,2499,2,9,LONDON TAXIS INT. TX4,-1,-1,0,-1
2024052401347,2024,052401347,1,8,0,18,19,4,1,0,0,1,0,0,0,0,1,1,1,1,3,-1,-1,2499,2,13,LONDON TAXIS INT. TX4,-1,-1,0,-1
2024332401208,2024,332401208,2,9,0,-1,19,2,7,-1,0,8,0,0,0,0,4,1,-1,1,1,58,9,-1,-1,-1,LONDON TAXIS INT. TX4,7,E01013712,0,1
2024010499322,2024,010499322,1,8,0,5,5,1,5,0,0,6,0,0,0,0,1,1,1,1,1,65,9,2499,2,10,LONDON TAXIS INT. TX4,8,E01000768,0,3
2024010512102,2024,010512102,1,8,0,1,1,2,6,0,0,0,0,4,0,0,2,1,1,1,1,70,10,2499,2,9,LONDON TAXIS INT. TX4,2,E01004205,0,2
2024010546062,2024,010546062,2,8,0,9,9,1,7,0,0,8,0,0,0,0,1,1,1,1,1,67,10,2776,2,9,LONDON TAXIS INT. TX4,4,E01002233,0,3
2024201535906,2024,201535906,2,8,0,-1,2,0,0,-1,0,1,1,4,0,0,2,1,-1,1,1,46,8,2499,2,15,LONDON TAXIS INT. TX4,-1,-1,0,-1
2024061425414,2024,061425414,2,8,0,-1,19,5,1,-1,0,1,0,0,0,0,1,1,-1,1,1,50,8,2776,2,8,LONDON TAXIS INT. TX4,4,E01006141,0,2
2024991499877,2024,991499877,1,8,0,-1,19,7,5,-1,9,0,0,0,7,0,1,1,-1,1,1,62,9,2500,7,13,LONDON TAXIS INT. TX4,10,-1,0,2
2024010545918,2024,010545918,1,8,0,99,99,9,9,99,99,9,9,99,9,99,9,9,6,6,1,69,10,2776,2,7,LONDON TAXIS INT. TX4,5,E01004056,0,1
2024201430588,2024,201430588,2,8,0,-1,19,8,3,-1,0,5,0,0,0,0,4,1,-1,7,1,57,9,1998,7,14,LONDON TAXIS INT. TX4,6,E01009040,0,1
2024010545240,2024,010545240,2,8,0,16,19,5,1,0,0,1,0,0,0,0,1,1,1,1,1,55,8,2776,2,7,LONDON TAXIS INT. TX4,9,E01021787,0,3
2024991521039,2024,991521039,1,8,0,-1,19,3,7,-1,0,8,0,0,0,0,1,1,-1,1,1,62,9,1998,2,13,LONDON TAXIS INT. TX4,2,-1,0,1
2024052402776,2024,052402776,2,8,0,5,5,7,3,0,0,0,0,0,0,0,3,1,6,6,1,60,9,2499,2,17,LONDON TAXIS INT. TX4,1,E01006696,0,1
2024010551158,2024,010551158,1,8,0,9,9,1,6,0,0,2,0,0,0,0,3,1,1,1,1,57,9,2499,2,9,LONDON TAXIS INT. TX4,2,E01001820,0,2
2024010547315,2024,010547315,1,8,0,18,19,3,7,4,4,0,0,10,0,0,0,1,6,6,1,57,9,2776,2,7,LONDON TAXIS INT. TX4,8,E01021375,0,4
2024010530319,2024,010530319,1,8,0,6,6,9,9,99,99,9,9,99,9,99,9,9,6,6,1,-1,-1,2776,2,7,LONDON TAXIS INT. TX4,-1,-1,0,-1
2024010530213,2024,010530213,2,9,9,2,2,9,9,99,99,0,9,99,9,99,9,9,6,6,3,-1,-1,-1,-1,-1,LONDON TAXIS INT. TX4,-1,-1,0,-1
2024010523159,2024,010523159,1,8,0,18,19,7,3,0,0,0,0,0,0,0,1,1,1,1,1,54,8,2499,2,10,LONDON TAXIS INT. TX4,7,E01000340,0,3
2024010523740,2024,010523740,1,8,0,18,19,5,1,0,0,2,0,0,0,0,3,1,1,1,1,55,8,2499,2,10,LONDON TAXIS INT. TX4,4,E01000780,0,2
2024141434595,2024,141434595,2,9,0,-1,19,8,4,-1,0,0,0,0,0,0,1,1,-1,1,1,29,6,-1,-1,-1,LONDON TAXIS INT. TX4,2,E01007914,0,2
2024010524757,2024,010524757,2,8,0,9,9,2,7,0,0,5,0,0,0,0,1,1,2,2,1,64,9,2499,2,11,LONDON TAXIS INT. TX4,6,E01021770,0,4
2024010544234,2024,010544234,1,8,0,18,19,7,3,0,0,4,0,0,0,0,1,1,6,6,3,-1,-1,2499,2,9,LONDON TAXIS INT. TX4,-1,-1,0,-1
2024052401697,2024,052401697,1,8,0,1,1,1,7,0,0,0,0,0,0,0,2,1,6,6,1,-1,-1,2499,2,14,LONDON TAXIS INT. TX4,-1,-1,0,-1
2024052500001,2024,052500001,2,8,0,18,19,1,5,0,0,8,0,0,0,0,1,1,1,1,1,71,10,2499,2,17,LONDON TAXIS INT. TX4,1,E01006564,0,1
2024351475983,2024,351475983,1,8,-1,-1,-1,-1,-1,-1,-1,-1,-1,-1,-1,0,-1,9,-1,1,1,67,10,2499,2,9,LONDON TAXIS INT. TX4,2,E01015604,0,1
2024201470183,2024,201470183,1,8,0,-1,19,2,6,-1,0,0,0,0,0,0,1,9,-1,6,1,70,10,2499,2,14,LONDON TAXIS INT. TX4,1,E01009125,0,1
2024010513103,2024,010513103,1,8,0,99,99,9,9,99,99,9,9,99,9,99,1,9,1,1,1,56,9,2499,2,11,LONDON TAXIS INT. TX4,7,E01023335,0,3
2024061431356,2024,061431356,2,8,0,-1,19,7,3,-1,0,1,0,0,0,0,1,1,-1,1,1,44,7,2499,2,12,LONDON TAXIS INT. TX4,1,E01034120,0,3
2024010537416,2024,010537416,1,8,0,99,99,9,9,99,99,9,9,99,9,99,9,9,6,6,3,45,7,2776,2,7,LONDON TAXIS INT. TX4,-1,-1,0,-1
2024991459114,2024,991459114,2,8,0,-1,19,2,5,-1,0,0,0,0,0,0,1,1,-1,1,1,60,9,2499,2,17,LONDON TAXIS INT. TX4,1,-1,0,1
2024231470665,2024,231470665,1,9,0,-1,19,2,6,-1,0,0,0,0,0,0,1,1,-1,6,1,33,6,-1,-1,-1,LONDON TAXIS INT. TX4,1,E01009567,0,2
2024010503748,2024,010503748,1,8,0,4,4,7,3,0,0,2,0,0,0,0,4,1,1,1,1,71,10,2776,2,8,LONDON TAXIS INT. TX4,-1,-1,0,-1