collision_index,collision_year,collision_ref_no,vehicle_reference,vehicle_type,towing_and_articulation,vehicle_manoeuvre_historic,vehicle_manoeuvre,vehicle_direction_from,vehicle_direction_to,vehicle_location_restricted_lane_historic,vehicle_location_restricted_lane,junction_location,skidding_and_overturning,hit_object_in_carriageway,vehicle_leaving_carriageway,hit_object_off_carriageway,first_point_of_impact,vehicle_left_hand_drive,journey_purpose_of_driver_historic,journey_purpose_of_driver,sex_of_driver,age_of_driver,age_band_of_driver,engine_capacity_cc,propulsion_code,age_of_vehicle,generic_make_model,driver_imd_decile,lsoa_of_driver,escooter_flag,driver_distance_banding
2024371490005,2024,371490005,1,9,0,-1,19,5,1,-1,0,0,0,0,0,0,2,1,-1,9,2,39,7,1498,1,0,VOLKSWAGEN TIGUAN,2,E01030013,0,1
2024201461766,2024,201461766,2,9,0,-1,19,4,8,-1,0,8,0,0,0,0,4,1,-1,1,1,60,9,1984,1,4,VOLKSWAGEN TIGUAN,6,E01009529,0,1
2024070720297,2024,070720297,3,9,0,-1,3,7,3,-1,0,4,0,0,0,0,1,1,-1,9,1,62,9,1968,2,8,VOLKSWAGEN TIGUAN,10,E01015846,0,5
2024631458190,2024,631458190,1,9,0,-1,19,5,1,-1,0,0,0,0,0,0,3,1,-1,9,1,70,10,1968,2,10,VOLKSWAGEN TIGUAN,7,W01000581,0,3
2024401459323,2024,401459323,2,9,0,-1,5,5,1,-1,0,8,0,0,0,0,1,1,-1,6,1,47,8,1498,1,1,VOLKSWAGEN TIGUAN,5,E01015782,0,1
2024010517386,2024,010517386,1,9,0,99,99,9,9,99,99,9,9,99,9,99,9,9,6,6,1,59,9,1968,2,8,VOLKSWAGEN TIGUAN,4,E01002802,0,1
2024430615605,2024,430615605,2,9,0,18,19,4,8,0,0,0,0,0,0,0,1,1,6,6,1,29,6,1968,2,7,VOLKSWAGEN TIGUAN,9,E01027255,0,4
2024411510439,2024,411510439,1,9,0,-1,6,7,3,-1,0,0,0,0,0,0,3,9,-1,6,1,-1,-1,1968,2,3,VOLKSWAGEN TIGUAN,-1,-1,0,-1
2024161426502,2024,161426502,1,9,0,-1,19,7,7,-1,0,0,0,4,0,0,1,1,-1,9,2,35,6,1968,2,4,VOLKSWAGEN TIGUAN,7,E01013167,0,1
2024131421195,2024,131421195,1,9,0,-1,19,2,6,-1,0,8,0,0,0,0,4,1,-1,2,2,45,7,1498,1,2,VOLKSWAGEN TIGUAN,3,E01011085,0,1
2024031469031,2024,031469031,1,9,0,-1,19,4,5,-1,0,0,0,0,0,0,1,1,-1,1,2,-1,-1,1498,1,2,VOLKSWAGEN TIGUAN,8,E01019352,0,3
2024141467627,2024,141467627,2,9,0,-1,19,5,1,-1,0,0,0,0,1,0,1,1,-1,9,1,34,6,1968,2,5,VOLKSWAGEN TIGUAN,6,E01007707,0,1
2024461506315,2024,461506315,2,9,0,-1,9,3,7,-1,0,1,0,0,0,0,4,9,-1,9,2,56,9,1498,1,1,VOLKSWAGEN TIGUAN,8,E01024053,0,1
2024010529615,2024,010529615,1,9,0,14,14,7,3,0,0,0,0,0,0,0,4,1,3,7,2,31,6,1968,2,4,VOLKSWAGEN TIGUAN,3,E01001981,0,1
2024101394655,2024,101394655,1,9,0,-1,7,1,8,-1,0,8,0,0,0,0,4,1,-1,6,1,55,8,1968,2,13,VOLKSWAGEN TIGUAN,3,E01008175,0,1
2024041411761,2024,041411761,3,9,0,-1,2,0,0,-1,0,0,0,4,0,0,2,1,-1,6,-1,-1,-1,1968,2,5,VOLKSWAGEN TIGUAN,-1,-1,0,-1
2024440497291,2024,440497291,2,9,0,2,2,0,0,0,0,0,0,0,0,0,2,1,6,6,3,-1,-1,1968,2,9,VOLKSWAGEN TIGUAN,-1,-1,0,-1
2024211434110,2024,211434110,2,9,0,-1,7,6,8,-1,0,0,0,0,0,0,4,9,-1,6,2,32,6,1968,2,5,VOLKSWAGEN TIGUAN,7,E01029582,0,1
2024361488396,2024,361488396,1,9,0,-1,19,3,7,-1,0,0,1,0,1,1,1,1,-1,6,2,52,8,1968,2,13,VOLKSWAGEN TIGUAN,4,E01026894,0,4
2024531455811,2024,531455811,1,9,0,-1,9,5,1,-1,0,6,0,0,0,0,1,1,-1,9,2,31,6,1498,1,4,VOLKSWAGEN TIGUAN,8,E01022207,0,1
2024111471034,2024,111471034,2,9,0,-1,19,8,4,-1,0,1,0,0,0,0,1,1,-1,6,1,30,6,1968,2,15,VOLKSWAGEN TIGUAN,1,E01020765,0,1
2024311464798,2024,311464798,1,9,0,-1,13,5,1,-1,0,0,0,0,0,0,4,1,-1,2,1,39,7,1968,2,4,VOLKSWAGEN TIGUAN,8,E01028172,0,1
2024520402552,2024,520402552,2,9,0,10,10,6,4,0,0,8,0,0,0,0,2,1,6,6,1,41,7,1968,2,13,VOLKSWAGEN TIGUAN,10,E01014761,0,3
2024052402680,2024,052402680,1,8,0,18,19,2,6,0,0,1,0,7,0,0,1,1,1,1,1,-1,-1,1498,1,5,VOLKSWAGEN TIGUAN,-1,-1,0,-1
2024451440988,2024,451440988,1,9,0,-1,19,4,8,-1,0,1,0,0,0,0,1,1,-1,9,2,33,6,1968,2,4,VOLKSWAGEN TIGUAN,9,E01030343,0,3
2024201429057,2024,201429057,2,9,0,-1,19,4,8,-1,0,0,0,0,0,0,4,1,-1,1,1,41,7,1968,2,7,VOLKSWAGEN TIGUAN,1,E01010408,0,1
2024311478444,2024,311478444,1,9,0,-1,19,3,7,-1,0,0,0,0,0,0,3,1,-1,6,1,29,6,1968,2,15,VOLKSWAGEN TIGUAN,4,E01027975,0,1
2024411454859,2024,411454859,2,9,0,-1,19,2,6,-1,0,0,0,0,0,0,1,1,-1,2,1,29,6,1498,1,5,VOLKSWAGEN TIGUAN,8,E01017583,0,4
2024461405280,2024,461405280,1,9,0,-1,19,2,6,-1,0,0,0,4,0,0,1,1,-1,1,2,23,5,1498,1,1,VOLKSWAGEN TIGUAN,5,E01003685,0,4
2024061409362,2024,061409362,1,9,0,-1,19,6,2,-1,0,1,0,0,0,0,1,1,-1,6,1,18,4,1968,2,15,VOLKSWAGEN TIGUAN,3,E01004941,0,1
2024061415063,2024,061415063,3,9,0,-1,20,0,0,-1,9,0,0,0,0,0,1,1,-1,9,2,48,8,1498,1,1,VOLKSWAGEN TIGUAN,8,E01006210,0,1
2024311509256,2024,311509256,1,9,0,-1,19,2,6,-1,0,0,0,0,1,0,1,9,-1,6,3,-1,-1,1968,2,14,VOLKSWAGEN TIGUAN,-1,-1,0,-1
2024522402135,2024,522402135,1,8,0,3,3,2,6,0,0,1,0,0,0,0,2,1,6,6,1,38,7,1968,2,2,VOLKSWAGEN TIGUAN,10,E01014881,0,2
2024991464570,2024,991464570,2,9,0,-1,19,2,6,-1,0,0,0,0,0,0,1,1,-1,9,1,50,8,1498,1,1,VOLKSWAGEN TIGUAN,5,-1,0,2
2024141465420,2024,141465420,2,9,0,-1,19,6,2,-1,0,1,0,0,0,0,4,1,-1,6,2,51,8,1968,2,14,VOLKSWAGEN TIGUAN,1,E01007462,0,1
2024041462512,2024,041462512,2,9,0,-1,19,2,5,-1,0,8,0,0,0,0,4,1,-1,9,2,33,6,1498,1,4,VOLKSWAGEN TIGUAN,8,E01025241,0,3
2024991511022,2024,991511022,1,9,0,-1,5,2,4,-1,0,6,0,0,0,0,1,1,-1,9,2,39,7,1498,1,3,VOLKSWAGEN TIGUAN,6,-1,0,1
2024010530596,2024,010530596,1,9,0,99,99,9,9,99,99,9,9,99,9,99,1,9,6,6,2,28,6,1498,1,3,VOLKSWAGEN TIGUAN,6,E01035705,0,2
2024131514990,2024,131514990,2,9,0,-1,19,3,7,-1,0,2,0,0,0,0,1,1,-1,9,2,44,7,1498,1,1,VOLKSWAGEN TIGUAN,10,E01010771,0,1
2024231396714,2024,231396714,1,9,0,-1,19,4,8,-1,0,0,0,0,0,0,1,9,-1,6,-1,25,5,1968,2,16,VOLKSWAGEN TIGUAN,-1,-1,0,-1
2024361479575,2024,361479575,2,9,0,-1,19,1,5,-1,0,0,0,0,0,0,1,1,-1,9,1,62,9,1968,2,8,VOLKSWAGEN TIGUAN,6,E01026451,0,2
2024430321069,2024,430321069,1,9,0,1,1,6,2,9,9,6,0,0,0,0,2,1,6,6,2,47,8,1968,2,10,VOLKSWAGEN TIGUAN,10,E01028464,0,1
2024610009424,2024,610009424,2,9,0,9,9,6,4,0,0,2,0,0,0,0,1,1,6,6,1,61,9,1968,2,11,VOLKSWAGEN TIGUAN,2,W01001503,0,1
2024421502582,2024,421502582,1,9,0,-1,19,2,6,-1,0,0,0,0,0,0,1,1,-1,7,2,34,6,1498,1,2,VOLKSWAGEN TIGUAN,8,E01021752,0,1
2024631396087,2024,631396087,1,9,0,-1,19,1,4,-1,0,1,0,0,0,0,1,1,-1,9,2,25,5,1968,2,6,VOLKSWAGEN TIGUAN,5,W01000599,0,1
2024531499074,2024,531499074,4,9,0,-1,3,3,7,-1,0,1,0,0,0,0,2,9,-1,6,2,54,8,1968,2,9,VOLKSWAGEN TIGUAN,5,E01022321,0,1
2024622400789,2024,622400789,1,9,0,1,1,3,7,0,0,1,0,0,0,0,2,1,6,6,2,28,6,1498,1,0,VOLKSWAGEN TIGUAN,1,W01001209,0,1
2024211432328,2024,211432328,1,9,0,-1,19,5,1,-1,0,1,0,0,0,0,1,1,-1,6,2,37,7,1968,2,8,VOLKSWAGEN TIGUAN,-1,-1,0,-1
2024141492214,2024,141492214,2,9,0,-1,19,3,7,-1,0,0,0,0,0,0,4,1,-1,9,1,68,10,1968,2,9,VOLKSWAGEN TIGUAN,8,E01011185,0,2
2024161474671,2024,161474671,1,9,0,-1,19,2,6,-1,0,0,0,0,0,0,2,9,-1,6,1,71,10,1968,2,14,VOLKSWAGEN TIGUAN,3,E01013197,0,1
2024991460613,2024,991460613,3,9,0,-1,19,5,1,-1,0,0,1,0,1,0,1,1,-1,9,2,49,8,1968,2,6,VOLKSWAGEN TIGUAN,2,-1,0,5
2024411440648,2024,411440648,1,9,0,-1,-1,-1,-1,-1,-1,-1,-1,-1,-1,0,4,9,-1,6,3,-1,-1,1498,1,3,VOLKSWAGEN TIGUAN,-1,-1,0,-1
202460Q081595,2024,60Q081595,1,9,0,4,4,1,5,0,0,1,0,0,0,0,1,1,6,6,2,29,6,1968,2,12,VOLKSWAGEN TIGUAN,-1,-1,0,-1
2024052401051,2024,052401051,1,9,0,6,6,3,3,0,0,0,0,0,0,0,3,1,6,6,2,34,6,1968,2,4,VOLKSWAGEN TIGUAN,1,E01006734,0,1
2024451502905,2024,451502905,1,9,0,-1,7,2,6,-1,0,8,0,0,0,0,1,1,-1,9,2,59,9,1968,2,11,VOLKSWAGEN TIGUAN,9,E01030970,0,1
2024101403421,2024,101403421,1,9,0,-1,19,7,3,-1,0,0,0,0,0,0,4,1,-1,9,2,36,7,1968,2,6,VOLKSWAGEN TIGUAN,7,E01027514,0,1
2024101475676,2024,101475676,1,9,0,-1,7,5,1,-1,0,0,0,0,0,0,1,1,-1,9,1,45,7,1968,2,15,VOLKSWAGEN TIGUAN,5,E01027477,0,1
2024122401223,2024,122401223,1,9,0,13,13,3,7,0,0,0,0,0,1,4,1,1,6,6,2,29,6,1968,2,12,VOLKSWAGEN TIGUAN,9,E01013356,0,1
2024401438192,2024,401438192,2,9,0,-1,5,7,1,-1,0,1,0,0,0,0,3,1,-1,6,1,37,7,1968,2,5,VOLKSWAGEN TIGUAN,8,E01015693,0,1
2024451437567,2024,451437567,2,9,0,-1,11,7,3,-1,0,1,0,0,0,0,4,1,-1,6,2,50,8,1498,1,1,VOLKSWAGEN TIGUAN,-1,-1,0,-1
2024991483803,2024,991483803,1,9,0,-1,19,1,5,-1,0,0,0,0,0,0,1,1,-1,9,1,78,11,1498,1,5,VOLKSWAGEN TIGUAN,9,E01032379,0,5
2024010519315,2024,010519315,2,9,0,2,2,0,0,0,0,0,0,0,0,0,0,1,6,6,3,-1,-1,1498,1,4,VOLKSWAGEN TIGUAN,-1,-1,0,-1
2024361522561,2024,361522561,1,9,0,-1,1,5,1,-1,5,0,0,0,0,0,2,1,-1,6,2,57,9,1498,1,1,VOLKSWAGEN TIGUAN,6,E01026437,0,4
2024351521634,2024,351521634,1,9,0,-1,4,5,1,-1,0,2,0,0,0,0,1,1,-1,6,1,26,6,1968,2,16,VOLKSWAGEN TIGUAN,9,E01018191,0,3
2024201492579,2024,201492579,1,9,0,-1,19,6,2,-1,0,0,0,10,1,11,1,9,-1,6,1,38,7,1498,1,2,VOLKSWAGEN TIGUAN,8,E01010516,0,1
2024332400277,2024,332400277,1,9,0,-1,19,9,9,-1,0,0,0,0,0,0,3,1,-1,6,2,-1,-1,1968,2,6,VOLKSWAGEN TIGUAN,-1,-1,0,-1
2024141517217,2024,141517217,2,9,0,-1,9,3,2,-1,0,6,0,0,0,0,1,1,-1,2,2,56,9,1498,1,0,VOLKSWAGEN TIGUAN,1,E01007365,0,1
2024221520023,2024,221520023,1,9,0,-1,9,4,2,-1,0,6,0,0,0,0,0,9,-1,6,1,79,11,1968,2,8,VOLKSWAGEN TIGUAN,4,E01035071,0,1
2024010543990,2024,010543990,1,9,0,4,4,5,1,0,0,2,0,0,0,0,2,1,6,6,1,60,9,1968,2,8,VOLKSWAGEN TIGUAN,2,E01015716,0,4
2024010501627,2024,010501627,1,9,0,18,19,5,1,9,9,5,0,0,1,0,1,1,6,6,1,33,6,1395,8,3,VOLKSWAGEN TIGUAN,3,E01002712,0,3
2024461414064,2024,461414064,1,9,0,-1,19,5,1,-1,0,0,1,0,0,0,3,9,-1,6,1,-1,-1,1968,2,16,VOLKSWAGEN TIGUAN,-1,-1,0,-1
2024010500129,2024,010500129,1,9,0,99,99,9,9,99,99,9,9,99,9,99,2,9,6,6,2,36,7,1498,1,1,VOLKSWAGEN TIGUAN,2,E01001155,0,2
2024131416291,2024,131416291,2,9,0,-1,19,5,1,-1,0,0,0,0,0,0,3,1,-1,9,1,42,7,1498,1,4,VOLKSWAGEN TIGUAN,10,E01011564,0,1
2024201463363,2024,201463363,1,9,0,-1,19,6,2,-1,0,0,0,0,0,0,1,1,-1,6,1,45,7,1968,2,4,VOLKSWAGEN TIGUAN,5,E01009072,0,1
2024302400210,2024,302400210,1,9,0,7,7,7,2,0,0,8,0,0,0,0,3,1,6,6,2,52,8,1498,1,1,VOLKSWAGEN TIGUAN,2,E01019777,0,2
2024010528894,2024,010528894,1,9,0,2,2,0,0,0,0,0,0,0,0,0,0,1,6,6,3,-1,-1,1498,1,5,VOLKSWAGEN TIGUAN,-1,-1,0,-1
2024461435974,2024,461435974,2,9,0,-1,3,8,8,-1,0,0,0,0,0,0,2,1,-1,9,1,68,10,1968,2,9,VOLKSWAGEN TIGUAN,2,E01016040,0,4
2024631534450,2024,631534450,1,9,0,-1,19,5,2,-1,0,0,1,0,1,10,3,1,-1,6,1,66,10,1968,2,12,VOLKSWAGEN TIGUAN,5,W01000537,0,1
2024991448681,2024,991448681,1,9,0,-1,19,2,6,-1,0,0,0,0,7,11,1,1,-1,6,2,59,9,1968,2,9,VOLKSWAGEN TIGUAN,7,-1,0,1
2024201510848,2024,201510848,1,9,0,-1,2,0,0,-1,0,0,0,0,0,0,4,1,-1,6,2,58,9,1968,2,5,VOLKSWAGEN TIGUAN,1,E01008898,0,1
2024461401107,2024,461401107,1,9,0,-1,2,0,0,-1,0,0,0,0,0,0,3,9,-1,6,3,-1,-1,1968,2,9,VOLKSWAGEN TIGUAN,-1,-1,0,-1
2024010546985,2024,010546985,1,9,0,9,9,7,5,0,0,1,0,0,0,0,1,1,6,6,3,-1,-1,1498,1,1,VOLKSWAGEN TIGUAN,-1,-1,0,-1
2024231411539,2024,231411539,2,9,0,-1,19,5,1,-1,0,8,1,0,0,0,1,1,-1,9,1,59,9,1984,1,7,VOLKSWAGEN TIGUAN,8,E01022182,0,3
2024501506964,2024,501506964,2,9,0,-1,3,7,3,-1,0,0,0,0,0,0,2,1,-1,9,2,33,6,1984,1,7,VOLKSWAGEN TIGUAN,5,E01018975,0,2
2024461496134,2024,461496134,1,9,0,-1,19,7,3,-1,0,0,0,0,4,6,1,9,-1,6,1,29,6,1498,8,0,VOLKSWAGEN TIGUAN,5,E01016158,0,1
2024430587656,2024,430587656,1,9,0,18,19,6,2,0,0,4,5,7,0,6,3,1,6,6,1,23,5,1968,2,16,VOLKSWAGEN TIGUAN,10,E01022847,0,2
2024201462179,2024,201462179,2,9,0,-1,7,6,8,-1,0,6,0,0,0,0,3,1,-1,9,1,37,7,1968,2,5,VOLKSWAGEN TIGUAN,1,E01009477,0,1
2024131488611,2024,131488611,1,9,0,-1,19,5,1,-1,0,1,5,0,1,2,4,1,-1,6,-1,-1,-1,1968,2,14,VOLKSWAGEN TIGUAN,-1,-1,0,-1
2024311418831,2024,311418831,1,9,0,-1,6,3,3,-1,0,1,0,0,0,0,3,1,-1,6,1,42,7,1968,2,3,VOLKSWAGEN TIGUAN,2,E01013918,0,1
2024010527027,2024,010527027,1,9,0,99,99,9,9,99,99,9,9,99,9,99,1,9,6,6,1,49,8,1498,1,3,VOLKSWAGEN TIGUAN,3,E01002413,0,1
2024141488175,2024,141488175,2,9,0,-1,19,3,7,-1,0,1,0,0,0,0,1,1,-1,2,2,27,6,1968,2,5,VOLKSWAGEN TIGUAN,1,E01007549,0,1
2024231514652,2024,231514652,2,9,0,-1,10,3,1,-1,0,1,0,0,0,0,4,9,-1,9,1,36,7,1498,1,1,VOLKSWAGEN TIGUAN,2,E01031142,0,1
2024501471761,2024,501471761,2,9,0,-1,19,1,5,-1,0,1,0,0,0,0,1,1,-1,9,2,60,9,1968,2,9,VOLKSWAGEN TIGUAN,4,E01020291,0,2
2024010551093,2024,010551093,1,9,0,3,3,7,3,0,0,0,0,0,0,0,2,1,6,6,1,24,5,1498,1,4,VOLKSWAGEN TIGUAN,4,E01004259,0,1
2024302400438,2024,302400438,1,9,0,4,4,7,3,0,0,0,0,0,0,0,1,1,6,6,2,44,7,1968,2,13,VOLKSWAGEN TIGUAN,4,E01019491,0,1
2024631477467,2024,631477467,1,9,0,-1,19,5,8,-1,0,1,0,0,0,0,1,1,-1,9,1,54,8,1968,2,4,VOLKSWAGEN TIGUAN,5,E01021139,0,5
2024531471901,2024,531471901,1,9,0,-1,9,6,2,-1,0,5,0,0,0,0,4,1,-1,9,1,28,6,1984,1,5,VOLKSWAGEN TIGUAN,5,E01022377,0,1
2024440497234,2024,440497234,1,9,0,18,19,4,8,0,0,6,0,0,0,0,1,1,6,6,2,36,7,1498,1,2,VOLKSWAGEN TIGUAN,8,E01022622,0,1
2024451529447,2024,451529447,1,9,0,-1,19,5,1,-1,0,1,0,0,0,0,1,1,-1,9,1,51,8,1968,2,3,VOLKSWAGEN TIGUAN,10,E01022847,0,1
2024631474810,2024,631474810,2,9,0,-1,2,0,0,-1,0,0,0,0,0,0,0,1,-1,6,3,-1,-1,1968,2,12,VOLKSWAGEN TIGUAN,-1,-1,0,-1
2024552400724,2024,552400724,1,9,0,13,13,7,3,0,0,0,0,0,0,0,4,1,6,6,3,-1,-1,1968,2,5,VOLKSWAGEN TIGUAN,-1,-1,0,-1
202417M109724,2024,17M109724,2,9,0,-1,9,2,6,-1,0,8,0,0,0,0,3,1,-1,9,1,61,9,1968,2,8,VOLKSWAGEN TIGUAN,1,E01012150,0,1
2024451458668,2024,451458668,2,9,0,-1,4,3,7,-1,0,2,0,0,0,0,2,1,-1,9,2,61,9,1968,2,3,VOLKSWAGEN TIGUAN,9,E01030761,0,2
2024070403528,2024,070403528,1,9,0,-1,-1,4,8,0,0,0,0,0,7,4,1,1,6,6,2,56,9,1968,2,15,VOLKSWAGEN TIGUAN,6,E01018356,0,2
2024201413419,2024,201413419,1,9,0,-1,19,4,8,-1,0,0,0,4,1,0,1,1,-1,9,2,47,8,1968,2,9,VOLKSWAGEN TIGUAN,4,E01010009,0,1
2024401479519,2024,401479519,2,9,0,-1,2,0,0,-1,0,0,0,0,0,0,4,1,-1,6,-1,-1,-1,1498,1,5,VOLKSWAGEN TIGUAN,-1,-1,0,-1
2024141453443,2024,141453443,2,9,0,-1,2,0,0,-1,9,2,0,0,0,0,0,1,-1,6,-1,-1,-1,1968,2,7,VOLKSWAGEN TIGUAN,-1,-1,0,-1
202460Q034042,2024,60Q034042,1,9,0,18,19,5,1,0,0,2,0,0,1,3,3,1,6,6,2,79,11,1968,2,14,VOLKSWAGEN TIGUAN,-1,-1,0,-1
2024411430304,2024,411430304,1,9,0,-1,19,6,5,-1,9,1,1,0,1,0,1,1,-1,9,2,35,6,1498,1,4,VOLKSWAGEN TIGUAN,10,E01023667,0,3
2024141476109,2024,141476109,2,9,0,-1,2,0,0,-1,0,0,0,0,0,0,3,1,-1,6,-1,-1,-1,1968,2,13,VOLKSWAGEN TIGUAN,-1,-1,0,-1
2024430407340,2024,430407340,2,9,0,4,4,6,2,0,0,1,0,0,0,0,2,1,6,6,3,-1,-1,1395,1,6,VOLKSWAGEN TIGUAN,-1,-1,0,-1
2024991442759,2024,991442759,2,9,0,-1,4,7,3,-1,0,0,0,0,0,0,2,1,-1,6,1,49,8,1968,2,11,VOLKSWAGEN TIGUAN,8,-1,0,4
2024010527386,2024,010527386,1,9,0,4,4,5,1,0,0,0,0,0,0,0,1,1,6,6,1,55,8,1968,2,0,VOLKSWAGEN TIGUAN,4,E01002487,0,1
2024031536034,2024,031536034,1,9,0,-1,19,7,3,-1,0,0,0,0,0,0,4,9,-1,6,2,-1,-1,1498,8,0,VOLKSWAGEN TIGUAN,-1,-1,0,-1
2024010540882,2024,010540882,2,9,9,99,99,9,9,99,99,9,9,99,9,99,9,9,6,6,3,-1,-1,1498,1,1,VOLKSWAGEN TIGUAN,-1,-1,0,-1
2024451502958,2024,451502958,1,9,0,-1,9,6,5,-1,0,5,0,0,0,0,3,1,-1,9,1,53,8,1395,1,7,VOLKSWAGEN TIGUAN,10,E01030507,0,1
2024010514398,2024,010514398,2,9,0,99,99,9,9,99,99,9,9,99,9,99,9,9,6,6,3,-1,-1,1968,2,9,VOLKSWAGEN TIGUAN,-1,-1,0,-1
2024311450543,2024,311450543,1,9,0,-1,19,5,1,-1,0,2,0,0,0,0,3,1,-1,9,2,35,6,1968,2,9,VOLKSWAGEN TIGUAN,4,E01028239,0,2
2024231510711,2024,231510711,2,9,0,-1,14,1,5,-1,0,0,0,0,1,0,1,1,-1,6,2,30,6,1968,2,9,VOLKSWAGEN TIGUAN,8,E01031020,0,1
2024010545020,2024,010545020,3,9,0,18,19,7,3,0,0,2,0,0,0,0,3,1,6,6,2,80,11,1498,1,5,VOLKSWAGEN TIGUAN,3,E01001548,0,1
2024552400685,2024,552400685,2,9,0,2,2,0,0,0,0,0,0,0,0,0,3,1,6,6,3,-1,-1,1968,2,8,VOLKSWAGEN TIGUAN,-1,-1,0,-1
2024461406353,2024,461406353,2,9,0,-1,19,5,1,-1,0,1,0,0,0,0,4,9,-1,9,2,45,7,1498,1,4,VOLKSWAGEN TIGUAN,10,E01024404,0,1
2024041457637,2024,041457637,1,9,0,-1,19,1,5,-1,0,3,0,0,0,0,4,1,-1,2,2,48,8,1498,1,4,VOLKSWAGEN TIGUAN,5,E01012719,0,1
2024010503884,2024,010503884,2,9,0,18,19,1,5,0,0,0,0,0,0,0,1,1,6,6,1,43,7,1968,2,5,VOLKSWAGEN TIGUAN,8,E01000117,0,1
2024991416599,2024,991416599,1,9,0,-1,19,6,2,-1,0,0,0,0,0,0,1,9,-1,9,2,29,6,1968,2,3,VOLKSWAGEN TIGUAN,9,-1,0,3
2024440049877,2024,440049877,2,9,0,18,19,8,4,0,0,1,0,0,0,0,1,1,6,6,2,51,8,1968,2,13,VOLKSWAGEN TIGUAN,9,E01016193,0,1
2024520402768,2024,520402768,1,9,0,3,3,6,2,0,0,1,0,0,0,0,2,1,6,6,1,60,9,1968,2,4,VOLKSWAGEN TIGUAN,6,E01020074,0,2
2024430349943,2024,430349943,1,9,0,18,19,1,5,0,0,1,0,0,0,0,3,1,6,6,2,26,6,1968,2,15,VOLKSWAGEN TIGUAN,6,E01028480,0,3
2024131395567,2024,131395567,2,9,0,-1,3,1,5,-1,0,1,0,0,0,0,2,1,-1,9,1,50,8,1498,1,2,VOLKSWAGEN TIGUAN,5,E01011774,0,1
2024141525539,2024,141525539,1,9,0,-1,19,1,2,-1,0,0,0,0,0,0,1,1,-1,6,2,38,7,1968,2,4,VOLKSWAGEN TIGUAN,1,E01007809,0,3
2024131428373,2024,131428373,1,9,0,-1,15,6,2,-1,0,1,0,10,0,0,3,1,-1,6,1,-1,-1,1968,2,5,VOLKSWAGEN TIGUAN,-1,-1,0,-1
2024440518281,2024,440518281,2,9,0,5,5,2,6,0,0,4,0,0,0,0,1,1,6,6,1,78,11,1968,2,7,VOLKSWAGEN TIGUAN,10,E01022981,0,4
2024201516236,2024,201516236,2,9,0,-1,19,4,8,-1,0,0,1,0,0,0,3,1,-1,2,1,53,8,1968,2,5,VOLKSWAGEN TIGUAN,1,E01008995,0,2
2024332400872,2024,332400872,2,9,0,-1,19,6,2,-1,0,0,1,0,0,0,4,1,-1,6,1,60,9,1968,2,7,VOLKSWAGEN TIGUAN,-1,-1,0,-1
2024061457755,2024,061457755,2,9,0,-1,2,0,0,-1,0,0,0,0,0,0,2,1,-1,6,-1,-1,-1,1968,2,10,VOLKSWAGEN TIGUAN,-1,-1,0,-1
2024302400822,2024,302400822,2,9,0,18,19,7,3,0,0,8,0,0,0,0,4,1,6,6,2,25,5,1968,2,7,VOLKSWAGEN TIGUAN,10,E01019599,0,1
2024302500298,2024,302500298,2,9,0,-1,13,3,7,-1,0,0,0,0,0,0,4,1,-1,9,1,61,9,1498,1,1,VOLKSWAGEN TIGUAN,9,E01019589,0,2
2024371421117,2024,371421117,1,9,0,-1,5,1,5,-1,0,2,0,0,0,0,3,1,-1,6,2,36,7,1968,2,5,VOLKSWAGEN TIGUAN,6,E01030097,0,1
2024430545149,2024,430545149,1,9,0,18,19,8,4,0,0,0,0,0,0,0,1,1,6,6,1,60,9,1968,2,11,VOLKSWAGEN TIGUAN,9,E01016547,0,1
2024052400377,2024,052400377,1,9,0,5,5,4,8,0,0,8,0,0,0,0,3,1,6,6,1,47,8,1968,2,3,VOLKSWAGEN TIGUAN,2,E01006520,0,1
2024461432828,2024,461432828,5,9,0,-1,2,1,1,-1,0,0,0,0,0,0,2,9,-1,6,1,60,9,1968,2,8,VOLKSWAGEN TIGUAN,6,E01024592,0,1
2024631478906,2024,631478906,1,9,0,-1,19,1,5,-1,0,0,5,0,7,0,1,1,-1,9,2,63,9,1498,1,0,VOLKSWAGEN TIGUAN,4,W01000928,0,4
2024061460125,2024,061460125,1,9,0,-1,3,-1,-1,-1,0,1,0,0,0,0,2,1,-1,9,2,37,7,1968,2,7,VOLKSWAGEN TIGUAN,2,E01005369,0,1
2024010529293,2024,010529293,1,9,0,5,5,1,5,0,0,8,0,0,0,0,1,1,6,6,2,53,8,1498,1,0,VOLKSWAGEN TIGUAN,3,E01003124,0,1
2024531522598,2024,531522598,2,9,0,-1,19,1,5,-1,0,2,0,0,0,0,1,1,-1,6,1,71,10,1968,2,3,VOLKSWAGEN TIGUAN,9,E01022305,0,2
2024221533291,2024,221533291,2,9,0,-1,19,4,8,-1,0,0,0,0,0,0,1,1,-1,6,1,43,7,1968,2,5,VOLKSWAGEN TIGUAN,10,E01009845,0,3
2024421502719,2024,421502719,1,9,0,-1,19,7,3,-1,0,0,0,0,0,0,1,1,-1,9,1,77,11,1968,2,0,VOLKSWAGEN TIGUAN,6,E01021986,0,1
2024071048393,2024,071048393,1,9,0,-1,19,6,2,-1,0,0,0,0,0,0,1,1,-1,2,1,81,11,1498,1,2,VOLKSWAGEN TIGUAN,6,E01012451,0,1
2024010522445,2024,010522445,1,9,0,18,19,7,3,0,0,1,0,0,0,0,3,1,6,6,1,40,7,1968,2,6,VOLKSWAGEN TIGUAN,2,E01024717,0,4
2024451427932,2024,451427932,1,9,0,-1,19,3,7,-1,0,8,0,0,0,0,1,1,-1,2,1,24,5,1390,1,14,VOLKSWAGEN TIGUAN,9,E01030731,0,1
2024010534142,2024,010534142,2,9,0,1,1,9,9,99,99,9,9,99,9,99,2,9,6,6,3,-1,-1,1968,2,6,VOLKSWAGEN TIGUAN,-1,-1,0,-1
2024471508242,2024,471508242,1,9,0,-1,3,8,4,-1,0,1,0,0,0,0,2,1,-1,9,1,44,7,1968,2,3,VOLKSWAGEN TIGUAN,8,E01021069,0,1
2024101428598,2024,101428598,2,9,0,-1,4,6,2,-1,0,0,0,0,0,0,2,9,-1,6,2,41,7,1498,1,4,VOLKSWAGEN TIGUAN,10,E01027455,0,1