collision_index,collision_year,collision_ref_no,vehicle_reference,vehicle_type,towing_and_articulation,vehicle_manoeuvre_historic,vehicle_manoeuvre,vehicle_direction_from,vehicle_direction_to,vehicle_location_restricted_lane_historic,vehicle_location_restricted_lane,junction_location,skidding_and_overturning,hit_object_in_carriageway,vehicle_leaving_carriageway,hit_object_off_carriageway,first_point_of_impact,vehicle_left_hand_drive,journey_purpose_of_driver_historic,journey_purpose_of_driver,sex_of_driver,age_of_driver,age_band_of_driver,engine_capacity_cc,propulsion_code,age_of_vehicle,generic_make_model,driver_imd_decile,lsoa_of_driver,escooter_flag,driver_distance_banding
2024010542998,2024,010542998,2,9,0,99,99,9,9,99,99,9,9,99,9,99,1,9,6,6,2,40,7,1968,2,3,VOLKSWAGEN TIGUAN,5,E01021762,0,3
2024531438792,2024,531438792,2,9,0,-1,19,3,7,-1,0,8,0,0,0,0,3,1,-1,6,1,55,8,1968,2,8,VOLKSWAGEN TIGUAN,7,E01022163,0,1
2024520403033,2024,520403033,1,9,0,18,19,1,5,0,0,0,0,0,0,0,4,1,6,6,2,-1,-1,1498,1,0,VOLKSWAGEN TIGUAN,-1,-1,0,-1
202454C208924,2024,54C208924,1,9,0,18,19,5,1,0,0,6,0,0,0,0,0,1,6,6,2,34,6,1968,2,6,VOLKSWAGEN TIGUAN,7,E01033843,0,1
2024201475006,2024,201475006,2,9,0,-1,19,5,4,-1,0,2,0,0,0,0,4,1,-1,9,1,22,5,1968,2,14,VOLKSWAGEN TIGUAN,2,E01009481,0,1
2024010531036,2024,010531036,2,9,0,9,9,2,8,0,0,8,0,0,0,0,1,1,6,6,1,68,10,1498,1,4,VOLKSWAGEN TIGUAN,3,E01009268,0,5
2024991488238,2024,991488238,1,9,0,-1,19,8,6,-1,0,1,0,0,0,0,1,1,-1,9,1,36,7,1968,2,7,VOLKSWAGEN TIGUAN,5,-1,0,1
2024131497758,2024,131497758,2,9,0,-1,13,2,6,-1,0,0,0,0,0,0,1,1,-1,6,2,28,6,1968,2,9,VOLKSWAGEN TIGUAN,2,E01010621,0,1
2024351482199,2024,351482199,2,9,0,-1,2,5,1,-1,0,0,0,0,0,0,3,1,-1,6,1,82,11,1498,1,2,VOLKSWAGEN TIGUAN,1,E01018108,0,3
2024471494894,2024,471494894,4,9,0,-1,12,1,5,-1,0,1,0,0,0,0,2,1,-1,9,2,32,6,1498,1,1,VOLKSWAGEN TIGUAN,6,E01024793,0,3
2024311545092,2024,311545092,1,9,0,-1,9,2,2,-1,0,8,0,0,0,0,1,1,-1,6,1,45,7,1968,2,9,VOLKSWAGEN TIGUAN,1,E01013824,0,1
2024471447541,2024,471447541,2,9,0,-1,19,4,8,-1,0,8,0,0,0,0,3,1,-1,9,1,44,7,1968,2,11,VOLKSWAGEN TIGUAN,3,E01031492,0,2
2024531424259,2024,531424259,1,9,0,-1,19,3,7,-1,0,2,0,0,0,0,1,1,-1,9,1,73,10,1498,1,2,VOLKSWAGEN TIGUAN,8,E01022177,0,1
2024351399070,2024,351399070,1,9,0,-1,9,8,4,-1,0,5,0,0,0,0,1,9,-1,6,1,32,6,1498,1,5,VOLKSWAGEN TIGUAN,10,E01017959,0,2
2024041433382,2024,041433382,1,9,0,-1,19,7,3,-1,0,0,1,0,7,3,1,1,-1,6,1,25,5,1968,2,7,VOLKSWAGEN TIGUAN,2,E01012608,0,1
2024041436152,2024,041436152,2,9,0,-1,19,1,5,-1,0,0,5,0,0,0,3,1,-1,6,2,79,11,1498,1,4,VOLKSWAGEN TIGUAN,5,E01025231,0,3
2024010525730,2024,010525730,1,9,0,7,7,3,5,0,0,5,0,0,1,0,1,1,6,6,1,50,8,1498,1,3,VOLKSWAGEN TIGUAN,6,E01035702,0,1
2024622400021,2024,622400021,2,9,0,7,7,6,8,0,0,1,0,0,0,0,1,1,6,6,1,29,6,1968,2,16,VOLKSWAGEN TIGUAN,2,W01001169,0,1
202460Q066918,2024,60Q066918,2,9,0,18,19,3,7,0,0,1,0,0,0,0,4,1,6,6,1,62,9,1498,1,4,VOLKSWAGEN TIGUAN,-1,-1,0,-1
2024461410695,2024,461410695,1,9,0,-1,12,7,3,-1,0,0,0,0,0,0,0,1,-1,6,2,38,7,1968,2,4,VOLKSWAGEN TIGUAN,7,E01024094,0,1
2024411440226,2024,411440226,2,9,0,-1,4,1,5,-1,0,0,0,0,0,0,2,1,-1,6,1,40,7,1498,1,4,VOLKSWAGEN TIGUAN,3,E01001508,0,3
2024421410162,2024,421410162,1,9,0,-1,9,6,3,-1,0,8,0,0,0,0,3,1,-1,6,2,45,7,1968,2,4,VOLKSWAGEN TIGUAN,6,E01031514,0,5
2024010532858,2024,010532858,1,9,0,9,9,5,2,0,0,6,0,0,0,0,1,1,1,1,1,37,7,1968,2,4,VOLKSWAGEN TIGUAN,4,E01004296,0,2
2024231415656,2024,231415656,1,9,0,-1,19,7,3,-1,0,0,0,0,0,0,1,1,-1,7,2,30,6,1968,2,8,VOLKSWAGEN TIGUAN,9,E01035024,0,2
2024141408221,2024,141408221,1,9,0,-1,19,1,5,-1,0,0,0,0,0,0,4,1,-1,2,1,30,6,1968,2,6,VOLKSWAGEN TIGUAN,10,E01019794,0,2
2024041462397,2024,041462397,1,9,0,-1,19,5,1,-1,0,0,0,0,0,0,1,1,-1,2,1,52,8,1968,2,2,VOLKSWAGEN TIGUAN,2,E01024942,0,3
2024010502364,2024,010502364,2,9,0,2,2,0,0,0,0,0,0,0,0,0,4,1,6,6,3,-1,-1,1968,2,6,VOLKSWAGEN TIGUAN,-1,-1,0,-1
2024101485918,2024,101485918,2,9,0,-1,19,1,5,-1,0,0,0,0,0,0,1,1,-1,6,1,45,7,1968,2,11,VOLKSWAGEN TIGUAN,4,E01008578,0,1
2024461561756,2024,461561756,3,9,0,-1,19,3,7,-1,0,0,0,0,0,0,3,9,-1,2,1,50,8,1968,2,4,VOLKSWAGEN TIGUAN,9,E01016172,0,2
2024131405781,2024,131405781,1,9,0,-1,19,1,5,-1,0,8,0,0,0,0,3,1,-1,9,1,43,7,1968,2,10,VOLKSWAGEN TIGUAN,3,E01010763,0,1
2024010529340,2024,010529340,2,9,0,99,99,9,9,99,99,0,9,99,9,99,1,9,6,6,1,-1,-1,1395,1,6,VOLKSWAGEN TIGUAN,10,E01000449,0,1
2024010503272,2024,010503272,1,9,0,99,99,9,9,99,99,9,9,99,9,99,9,9,1,1,2,24,5,1968,2,1,VOLKSWAGEN TIGUAN,6,E01026492,0,5
2024440002786,2024,440002786,3,9,0,18,19,6,2,0,0,0,0,0,0,0,2,1,2,2,1,49,8,1968,2,6,VOLKSWAGEN TIGUAN,8,E01022591,0,3
2024161412482,2024,161412482,2,9,0,-1,7,3,5,-1,0,6,0,0,0,0,3,9,-1,6,2,-1,-1,1968,2,14,VOLKSWAGEN TIGUAN,-1,-1,0,-1
2024010497351,2024,010497351,2,9,0,99,99,9,9,99,99,0,9,99,9,99,1,9,6,6,1,-1,-1,1498,1,2,VOLKSWAGEN TIGUAN,3,E01001143,0,2
2024361408968,2024,361408968,2,9,0,-1,19,6,1,-1,0,7,0,0,0,0,3,1,-1,6,1,39,7,1968,2,5,VOLKSWAGEN TIGUAN,10,E01026915,0,3
2024010524338,2024,010524338,2,9,0,99,99,9,9,99,99,9,9,99,9,99,9,9,6,6,3,-1,-1,1968,2,6,VOLKSWAGEN TIGUAN,-1,-1,0,-1
2024552400415,2024,552400415,2,10,0,3,3,2,6,0,0,4,0,0,0,0,2,1,6,6,1,77,11,-1,-1,-1,VOLKSWAGEN TIGUAN,10,E01020383,0,1
2024332400653,2024,332400653,2,9,0,-1,19,4,8,-1,0,0,0,0,1,10,3,1,-1,9,2,27,6,1498,1,4,VOLKSWAGEN TIGUAN,9,E01025642,0,2
2024471442093,2024,471442093,1,9,0,-1,19,5,1,-1,0,0,0,0,0,0,1,1,-1,6,1,85,11,1498,1,4,VOLKSWAGEN TIGUAN,8,E01031542,0,2
2024111495894,2024,111495894,1,9,0,-1,15,5,1,-1,0,0,0,0,1,0,1,1,-1,6,2,49,8,1968,2,12,VOLKSWAGEN TIGUAN,1,E01020907,0,1
2024371487080,2024,371487080,1,9,0,-1,19,3,7,-1,0,1,0,0,0,0,1,1,-1,6,2,45,7,1968,2,7,VOLKSWAGEN TIGUAN,8,E01030288,0,1
2024371433618,2024,371433618,2,9,0,-1,9,5,2,-1,0,1,0,0,0,0,3,1,-1,6,2,55,8,1968,2,5,VOLKSWAGEN TIGUAN,8,E01029951,0,1
2024501461000,2024,501461000,1,9,0,-1,19,3,7,-1,0,0,0,0,0,0,4,9,-1,6,2,68,10,1968,2,0,VOLKSWAGEN TIGUAN,8,E01019890,0,1
2024991473626,2024,991473626,1,9,0,-1,19,3,8,-1,0,6,0,0,0,0,1,1,-1,9,1,49,8,1498,1,4,VOLKSWAGEN TIGUAN,10,-1,0,4
2024622400873,2024,622400873,1,9,0,9,9,5,3,0,0,6,0,0,0,0,4,1,6,6,1,28,6,1968,2,7,VOLKSWAGEN TIGUAN,1,W01000810,0,1
2024451440926,2024,451440926,2,9,0,-1,4,1,5,-1,0,0,1,0,0,0,2,1,-1,2,1,42,7,1968,2,6,VOLKSWAGEN TIGUAN,7,E01022604,0,3
2024332401028,2024,332401028,2,9,0,-1,3,6,2,-1,0,2,0,0,0,0,2,1,-1,6,2,30,6,1498,1,0,VOLKSWAGEN TIGUAN,9,E01013559,0,4
2024421490870,2024,421490870,2,9,0,-1,19,5,1,-1,0,0,0,0,0,0,2,1,-1,6,2,40,7,1498,1,1,VOLKSWAGEN TIGUAN,9,E01021481,0,1
2024421498818,2024,421498818,1,9,0,-1,19,5,1,-1,0,2,0,0,0,0,4,1,-1,9,1,71,10,1968,2,14,VOLKSWAGEN TIGUAN,8,E01022092,0,1
2024010508066,2024,010508066,2,9,0,10,10,1,6,0,0,8,0,0,0,0,1,1,6,6,1,40,7,1968,2,7,VOLKSWAGEN TIGUAN,3,E01003521,0,2
2024522403334,2024,522403334,1,9,0,18,19,2,6,0,0,0,0,0,0,0,1,1,6,6,1,51,8,1968,2,4,VOLKSWAGEN TIGUAN,1,E01014593,0,1
2024061455341,2024,061455341,2,9,0,-1,19,5,1,-1,-1,0,1,0,1,7,4,1,-1,9,1,41,7,1968,2,3,VOLKSWAGEN TIGUAN,-1,-1,0,-1
2024010548980,2024,010548980,1,9,0,99,99,9,9,99,99,0,9,99,9,99,2,9,2,2,1,53,8,1968,2,9,VOLKSWAGEN TIGUAN,3,E01001703,0,4
2024411500538,2024,411500538,2,9,0,-1,19,-1,-1,-1,0,0,0,11,8,0,4,1,-1,2,2,50,8,1968,2,10,VOLKSWAGEN TIGUAN,9,E01017920,0,4
2024201436752,2024,201436752,2,9,0,-1,19,3,7,-1,0,0,0,0,0,0,1,1,-1,6,1,32,6,1968,2,6,VOLKSWAGEN TIGUAN,1,E01010443,0,1
2024161445317,2024,161445317,1,9,0,-1,19,1,5,-1,0,3,0,0,0,0,1,1,-1,6,2,38,7,1498,1,1,VOLKSWAGEN TIGUAN,1,E01012845,0,2
2024991429707,2024,991429707,1,9,0,-1,5,7,2,-1,0,0,5,0,1,9,4,1,-1,9,1,83,11,1968,2,12,VOLKSWAGEN TIGUAN,6,-1,0,4
2024451398899,2024,451398899,1,9,0,-1,19,3,7,-1,0,1,1,0,0,0,1,1,-1,9,2,35,6,1498,1,5,VOLKSWAGEN TIGUAN,9,E01030388,0,1
2024201519753,2024,201519753,2,9,0,-1,3,4,8,-1,0,0,0,0,0,0,2,9,-1,9,1,41,7,1498,1,0,VOLKSWAGEN TIGUAN,7,E01009652,0,1
2024031443687,2024,031443687,1,9,0,-1,19,6,2,-1,0,1,0,0,0,0,1,1,-1,6,1,56,9,1968,2,9,VOLKSWAGEN TIGUAN,10,E01019176,0,1
2024421473842,2024,421473842,2,9,0,-1,19,1,5,-1,0,0,0,0,0,0,3,9,-1,9,2,30,6,1968,2,6,VOLKSWAGEN TIGUAN,2,E01021270,0,1
2024451481549,2024,451481549,1,9,0,-1,19,1,5,-1,0,1,0,0,0,0,1,1,-1,2,1,61,9,1390,1,15,VOLKSWAGEN TIGUAN,9,E01031004,0,1
2024131437989,2024,131437989,1,9,0,-1,19,3,7,-1,0,2,0,0,0,0,1,1,-1,2,2,25,5,1968,2,7,VOLKSWAGEN TIGUAN,1,E01010814,0,1
2024421420856,2024,421420856,2,9,0,-1,19,6,2,-1,0,0,0,0,0,0,2,1,-1,9,2,43,7,1498,1,1,VOLKSWAGEN TIGUAN,-1,-1,0,-1
2024052402452,2024,052402452,1,9,0,18,19,1,7,0,0,0,0,0,0,0,3,1,6,6,1,40,7,1968,2,7,VOLKSWAGEN TIGUAN,4,E01006640,0,1
2024461399465,2024,461399465,1,9,0,-1,19,2,2,-1,0,0,0,0,0,0,1,9,-1,9,2,32,6,1968,2,5,VOLKSWAGEN TIGUAN,6,E01024432,0,1
2024991426599,2024,991426599,1,9,0,-1,19,4,7,-1,0,1,0,0,3,2,1,1,-1,6,1,29,6,1968,2,13,VOLKSWAGEN TIGUAN,2,-1,0,1
2024501484808,2024,501484808,2,9,0,-1,19,5,1,-1,0,1,0,0,0,0,1,1,-1,9,1,35,6,1968,2,10,VOLKSWAGEN TIGUAN,3,E01018974,0,1
2024501429380,2024,501429380,2,9,0,-1,9,8,4,-1,0,6,0,0,0,0,1,2,-1,9,2,46,8,1968,2,15,VOLKSWAGEN TIGUAN,7,E01020108,0,1
2024010511709,2024,010511709,1,9,0,99,99,9,9,99,99,0,9,99,9,99,3,9,6,6,2,37,7,1498,1,1,VOLKSWAGEN TIGUAN,6,E01002943,0,3
2024221535089,2024,221535089,1,9,0,-1,9,3,2,-1,0,6,0,0,0,0,1,9,-1,6,1,64,9,1498,8,0,VOLKSWAGEN TIGUAN,4,E01022251,0,1
2024520402579,2024,520402579,1,9,0,4,4,3,8,0,0,0,0,0,0,0,2,1,6,6,2,31,6,1968,2,3,VOLKSWAGEN TIGUAN,8,E01008799,0,5
2024161477681,2024,161477681,1,9,0,-1,5,6,2,-1,0,1,0,0,0,0,1,1,-1,2,2,34,6,1968,2,5,VOLKSWAGEN TIGUAN,9,E01035478,0,1
2024052401340,2024,052401340,2,9,0,17,19,5,1,0,0,3,0,0,0,0,3,1,6,6,2,46,8,1498,1,5,VOLKSWAGEN TIGUAN,1,E01025236,0,4
2024070635998,2024,070635998,2,9,0,5,5,5,1,0,0,1,0,0,0,0,4,1,6,6,1,58,9,1968,2,2,VOLKSWAGEN TIGUAN,10,E01018632,0,2
2024461434128,2024,461434128,2,9,0,-1,15,7,3,-1,0,1,0,0,0,0,4,1,-1,9,1,31,6,1498,1,0,VOLKSWAGEN TIGUAN,4,E01024111,0,2
2024461423048,2024,461423048,2,9,0,-1,19,4,5,-1,0,0,0,0,0,0,2,9,-1,6,2,34,6,1498,1,1,VOLKSWAGEN TIGUAN,10,E01021438,0,3
2024201486549,2024,201486549,2,9,0,-1,19,7,3,-1,0,0,0,0,0,0,1,1,-1,6,1,33,6,1968,2,10,VOLKSWAGEN TIGUAN,-1,-1,0,-1
2024010538405,2024,010538405,2,9,0,18,19,1,5,0,0,8,0,0,0,0,4,1,6,6,2,40,7,1968,2,6,VOLKSWAGEN TIGUAN,2,E01033938,0,1
2024052400930,2024,052400930,2,9,0,2,2,0,0,0,0,0,0,0,0,0,2,1,6,6,2,47,8,1498,1,1,VOLKSWAGEN TIGUAN,4,E01025517,0,3
2024010516370,2024,010516370,2,9,0,4,4,3,7,0,0,1,0,0,0,0,2,1,6,6,2,28,6,1498,1,1,VOLKSWAGEN TIGUAN,4,E01004380,0,3
2024522401232,2024,522401232,1,9,0,18,19,2,6,0,0,0,0,0,0,0,4,1,6,6,2,38,7,1498,1,4,VOLKSWAGEN TIGUAN,6,E01015019,0,1
2024070816339,2024,070816339,2,9,0,-1,19,7,3,-1,0,0,1,0,0,6,3,1,-1,2,1,20,4,1498,8,0,VOLKSWAGEN TIGUAN,10,E01012477,0,3
2024991404103,2024,991404103,1,9,0,-1,9,5,3,-1,0,1,0,0,0,0,1,1,-1,6,1,43,7,1498,1,3,VOLKSWAGEN TIGUAN,-1,-1,0,-1
2024010541620,2024,010541620,2,9,0,1,1,9,9,99,99,0,9,99,9,99,2,9,6,6,3,-1,-1,1498,1,5,VOLKSWAGEN TIGUAN,-1,-1,0,-1
2024991450365,2024,991450365,1,9,0,-1,19,8,4,-1,0,0,0,0,8,7,1,1,-1,9,2,39,7,1984,1,0,VOLKSWAGEN TIGUAN,8,-1,0,1
2024010509922,2024,010509922,2,9,0,6,6,1,1,0,0,0,1,0,0,0,1,1,6,6,1,56,9,1968,2,9,VOLKSWAGEN TIGUAN,4,E01032772,0,1
2024461506096,2024,461506096,3,9,0,-1,19,5,1,-1,0,0,0,0,0,0,1,1,-1,9,2,47,8,1968,2,8,VOLKSWAGEN TIGUAN,3,E01003720,0,4
2024201438124,2024,201438124,1,9,0,-1,19,2,6,-1,0,4,0,0,0,0,1,9,-1,6,2,34,6,1968,2,1,VOLKSWAGEN TIGUAN,7,E01032403,0,4
2024010511309,2024,010511309,1,9,0,99,99,9,9,99,99,9,9,99,9,99,2,9,6,6,1,40,7,1395,1,6,VOLKSWAGEN TIGUAN,9,E01003382,0,1
2024010523209,2024,010523209,1,9,0,99,99,9,9,99,99,9,9,99,9,99,9,9,6,6,1,30,6,1498,1,0,VOLKSWAGEN TIGUAN,8,E01001273,0,1
2024461400776,2024,461400776,2,9,0,-1,19,6,2,-1,0,0,0,0,0,0,1,1,-1,6,2,33,6,1498,1,5,VOLKSWAGEN TIGUAN,6,E01035002,0,2
2024451467191,2024,451467191,1,9,0,-1,3,5,1,-1,0,1,0,2,0,0,1,9,-1,9,2,36,7,1984,1,3,VOLKSWAGEN TIGUAN,9,E01030536,0,1
2024501407155,2024,501407155,1,9,0,-1,19,2,6,-1,0,0,0,0,0,0,1,9,-1,1,2,33,6,1498,1,1,VOLKSWAGEN TIGUAN,9,E01020023,0,4
2024161533250,2024,161533250,2,9,0,-1,19,7,3,-1,0,0,0,0,0,0,1,9,-1,9,2,-1,-1,1968,2,7,VOLKSWAGEN TIGUAN,-1,-1,0,-1
2024010542316,2024,010542316,1,9,0,12,12,1,5,0,0,1,0,0,0,0,3,1,3,7,1,33,6,1498,1,0,VOLKSWAGEN TIGUAN,6,E01003681,0,1
2024101509852,2024,101509852,1,9,0,-1,11,4,7,-1,0,8,0,0,0,0,1,1,-1,6,1,41,7,1498,1,3,VOLKSWAGEN TIGUAN,7,-1,0,5
2024122400069,2024,122400069,1,9,0,18,19,1,5,0,0,0,0,0,0,0,0,1,6,6,1,78,11,1968,2,8,VOLKSWAGEN TIGUAN,8,E01027096,0,5
2024141498170,2024,141498170,2,9,0,-1,3,5,1,-1,0,0,0,0,0,0,2,1,-1,6,3,-1,-1,1968,2,1,VOLKSWAGEN TIGUAN,-1,-1,0,-1
2024052402209,2024,052402209,1,9,0,18,19,3,7,0,0,1,5,0,0,0,3,1,6,6,1,47,8,1968,2,5,VOLKSWAGEN TIGUAN,8,E01006409,0,2
2024010529272,2024,010529272,2,9,0,9,9,5,3,0,0,1,0,0,0,0,1,1,6,6,1,44,7,1968,2,2,VOLKSWAGEN TIGUAN,6,E01015945,0,4
2024361525544,2024,361525544,2,9,0,-1,10,1,8,-1,0,1,0,0,0,0,2,1,-1,9,2,35,6,1968,2,10,VOLKSWAGEN TIGUAN,4,E01026643,0,1
2024520002990,2024,520002990,2,9,0,2,2,0,0,0,0,1,0,0,0,0,2,1,6,6,3,-1,-1,1498,8,0,VOLKSWAGEN TIGUAN,-1,-1,0,-1
2024010516703,2024,010516703,1,9,0,18,19,6,2,0,0,0,0,0,0,0,1,1,6,6,1,63,9,1968,2,5,VOLKSWAGEN TIGUAN,-1,-1,0,-1
2024061524071,2024,061524071,1,9,0,-1,10,-1,-1,-1,0,2,0,0,0,0,4,1,-1,2,1,48,8,1498,1,3,VOLKSWAGEN TIGUAN,1,E01005638,0,1
2024552400287,2024,552400287,2,9,0,18,19,4,8,0,0,1,0,0,0,0,1,1,2,2,2,31,6,1968,2,10,VOLKSWAGEN TIGUAN,6,E01020510,0,1
2024332401091,2024,332401091,1,9,0,-1,19,2,6,-1,0,1,0,0,0,0,1,1,-1,6,3,-1,-1,1498,1,0,VOLKSWAGEN TIGUAN,-1,-1,0,-1
2024010534129,2024,010534129,2,9,0,18,19,7,3,0,0,0,0,10,0,0,1,1,6,6,2,46,8,1968,2,5,VOLKSWAGEN TIGUAN,2,E01004398,0,1
2024211458578,2024,211458578,1,9,0,-1,19,1,5,-1,0,0,0,0,0,0,1,1,-1,6,2,73,10,1498,1,3,VOLKSWAGEN TIGUAN,10,E01029483,0,1
2024122400682,2024,122400682,1,9,0,9,9,7,5,0,0,8,0,0,0,0,3,1,6,6,2,45,7,1498,1,3,VOLKSWAGEN TIGUAN,10,E01011563,0,2
2024010539761,2024,010539761,2,9,0,2,2,0,0,0,0,1,0,0,0,0,2,1,6,6,3,-1,-1,1390,1,12,VOLKSWAGEN TIGUAN,-1,-1,0,-1
2024440130195,2024,440130195,1,9,0,18,19,4,8,0,0,0,0,4,0,0,1,1,6,6,2,27,6,1498,1,3,VOLKSWAGEN TIGUAN,7,E01023198,0,1
2024631417355,2024,631417355,2,9,0,-1,19,8,4,-1,0,8,0,0,0,0,4,1,-1,9,2,28,6,1968,2,7,VOLKSWAGEN TIGUAN,8,W01000644,0,1
2024052400258,2024,052400258,1,9,0,18,19,4,8,0,0,8,0,0,0,0,3,1,2,2,2,32,6,1498,1,1,VOLKSWAGEN TIGUAN,2,E01006510,0,1
2024052402268,2024,052402268,2,9,0,18,19,3,7,0,0,8,0,0,0,0,1,1,6,6,2,41,7,1968,2,7,VOLKSWAGEN TIGUAN,1,E01034401,0,1
2024430162191,2024,430162191,2,9,0,18,19,6,2,0,0,8,0,0,0,0,1,1,6,6,1,-1,-1,1395,8,1,VOLKSWAGEN TIGUAN,7,W01001677,0,5
2024340NN1112,2024,340NN1112,1,9,0,-1,7,4,7,-1,0,3,0,0,0,0,1,1,-1,9,1,54,8,1968,2,6,VOLKSWAGEN TIGUAN,8,E01035416,0,3
2024131431525,2024,131431525,1,9,0,-1,4,8,4,-1,0,0,0,0,0,0,2,1,-1,6,1,45,7,1968,2,6,VOLKSWAGEN TIGUAN,5,E01011248,0,1
2024061471496,2024,061471496,2,9,0,-1,3,1,6,-1,0,1,0,0,0,0,2,9,-1,6,1,35,6,1498,1,3,VOLKSWAGEN TIGUAN,8,E01004791,0,1
2024461516992,2024,461516992,1,9,0,-1,5,3,7,-1,0,1,0,0,0,0,1,1,-1,9,1,26,6,1968,2,13,VOLKSWAGEN TIGUAN,8,E01024708,0,1
2024201447994,2024,201447994,1,9,0,-1,19,6,2,-1,0,2,0,0,0,0,4,1,-1,6,1,60,9,1968,2,10,VOLKSWAGEN TIGUAN,-1,-1,0,-1
2024010499191,2024,010499191,1,9,0,7,7,6,1,2,2,1,0,0,0,0,4,1,6,6,1,36,7,1984,1,2,VOLKSWAGEN TIGUAN,4,E01002070,0,1
2024211538024,2024,211538024,1,9,0,-1,19,4,3,-1,0,0,0,0,0,0,2,1,-1,6,1,35,6,1498,1,4,VOLKSWAGEN TIGUAN,1,E01034311,0,4
2024461524578,2024,461524578,2,9,0,-1,19,3,7,-1,0,1,0,0,0,0,0,1,-1,2,2,32,6,1968,2,6,VOLKSWAGEN TIGUAN,4,E01024381,0,1
2024501448627,2024,501448627,2,9,0,-1,19,7,3,-1,0,8,0,0,0,0,1,1,-1,6,2,67,10,1968,2,13,VOLKSWAGEN TIGUAN,6,E01018832,0,3
2024052401759,2024,052401759,2,9,0,5,5,2,6,0,0,6,0,0,0,0,3,1,2,2,2,38,7,1498,1,1,VOLKSWAGEN TIGUAN,3,E01007049,0,1
2024052401428,2024,052401428,2,9,0,18,19,3,7,0,0,0,0,0,0,0,1,1,6,6,1,54,8,1498,8,0,VOLKSWAGEN TIGUAN,1,E01006645,0,1
2024430612972,2024,430612972,1,9,0,9,9,1,4,0,0,5,0,0,0,0,1,1,6,6,2,47,8,1968,2,4,VOLKSWAGEN TIGUAN,8,E01017821,0,1
202460Q108770,2024,60Q108770,1,9,0,5,5,7,3,0,0,1,0,0,0,0,2,1,1,1,1,35,6,1968,2,4,VOLKSWAGEN TIGUAN,-1,-1,0,-1
2024031511021,2024,031511021,1,9,0,-1,4,3,7,-1,0,0,0,0,0,0,2,1,-1,1,1,60,9,1968,2,10,VOLKSWAGEN TIGUAN,3,E01008349,0,4
2024430452381,2024,430452381,2,9,0,18,19,4,8,0,0,0,0,0,0,0,1,1,6,6,1,75,10,1498,1,0,VOLKSWAGEN TIGUAN,7,E01016366,0,3
2024991531453,2024,991531453,1,9,0,-1,19,2,6,-1,0,0,0,0,1,0,1,1,-1,6,1,53,8,1968,2,5,VOLKSWAGEN TIGUAN,3,-1,0,3
2024070645953,2024,070645953,1,9,0,-1,-1,3,7,0,0,0,0,0,0,0,1,1,6,6,3,-1,-1,1498,1,1,VOLKSWAGEN TIGUAN,-1,-1,0,-1
2024070731940,2024,070731940,1,9,0,-1,9,2,3,-1,0,2,0,0,0,0,4,1,-1,9,2,55,8,1968,2,0,VOLKSWAGEN TIGUAN,10,E01018506,0,1
2024411540828,2024,411540828,1,9,0,-1,19,-1,-1,-1,0,8,0,0,0,0,9,1,-1,6,1,-1,-1,1498,1,1,VOLKSWAGEN TIGUAN,-1,-1,0,-1
2024122400296,2024,122400296,2,9,0,18,19,2,6,0,0,8,0,0,0,0,0,1,6,6,2,38,7,1498,1,2,VOLKSWAGEN TIGUAN,10,E01027675,0,1
2024421518451,2024,421518451,2,9,0,-1,3,7,1,-1,0,0,0,0,0,0,2,1,-1,9,2,25,5,1498,1,3,VOLKSWAGEN TIGUAN,7,E01015943,0,1
2024061414747,2024,061414747,2,9,0,-1,19,2,7,-1,0,0,0,0,0,0,1,1,-1,2,2,36,7,1498,1,2,VOLKSWAGEN TIGUAN,7,E01005530,0,1
2024131520572,2024,131520572,2,9,0,-1,19,1,5,-1,0,1,0,0,0,0,1,1,-1,2,1,50,8,1968,2,9,VOLKSWAGEN TIGUAN,3,E01010794,0,1
2024061498614,2024,061498614,1,9,0,-1,19,5,8,-1,0,2,0,0,0,0,1,1,-1,2,2,52,8,1498,1,5,VOLKSWAGEN TIGUAN,2,E01004972,0,1
2024070054758,2024,070054758,1,9,0,18,19,1,5,0,0,0,0,7,1,11,4,1,6,6,2,33,6,1968,2,5,VOLKSWAGEN TIGUAN,10,W01000368,0,3
2024440284824,2024,440284824,1,9,0,18,19,5,1,0,0,1,1,0,0,0,3,1,6,6,2,38,7,1968,2,14,VOLKSWAGEN TIGUAN,1,E01022903,0,1
2024131487232,2024,131487232,2,9,0,-1,9,5,2,-1,0,0,0,0,0,0,1,1,-1,9,1,43,7,1498,1,3,VOLKSWAGEN TIGUAN,1,E01033021,0,1
2024061409004,2024,061409004,2,9,0,-1,19,7,3,-1,0,0,0,0,0,0,4,9,-1,6,2,45,7,1498,1,2,VOLKSWAGEN TIGUAN,1,E01005762,0,2
2024131530398,2024,131530398,2,9,0,-1,19,7,3,-1,0,0,0,0,0,0,1,1,-1,1,1,36,7,1498,1,4,VOLKSWAGEN TIGUAN,6,E01011598,0,4
2024332400626,2024,332400626,2,9,0,-1,19,2,6,-1,0,0,0,0,0,0,3,1,-1,9,1,32,6,1968,2,11,VOLKSWAGEN TIGUAN,10,E01025835,0,1
2024131532961,2024,131532961,2,9,0,-1,19,7,7,-1,0,1,0,0,0,0,1,1,-1,6,1,25,5,1968,2,7,VOLKSWAGEN TIGUAN,1,E01011422,0,1
2024061428542,2024,061428542,1,9,0,-1,19,2,6,-1,0,1,0,0,0,0,1,1,-1,6,1,48,8,1395,8,1,VOLKSWAGEN TIGUAN,1,E01005527,0,1
2024332400479,2024,332400479,1,9,0,-1,19,8,5,-1,0,0,0,0,1,1,1,1,-1,9,1,25,5,1968,2,7,VOLKSWAGEN TIGUAN,5,E01018214,0,4
2024221467770,2024,221467770,1,9,0,-1,19,2,6,-1,0,8,5,0,0,0,3,9,-1,1,1,49,8,1395,8,1,VOLKSWAGEN TIGUAN,8,E01009904,0,4
2024141519579,2024,141519579,1,9,0,-1,19,5,1,-1,0,1,0,0,0,0,1,1,-1,9,1,33,6,1968,2,9,VOLKSWAGEN TIGUAN,2,E01011854,0,4