collision_index,collision_year,collision_ref_no,vehicle_reference,vehicle_type,towing_and_articulation,vehicle_manoeuvre_historic,vehicle_manoeuvre,vehicle_direction_from,vehicle_direction_to,vehicle_location_restricted_lane_historic,vehicle_location_restricted_lane,junction_location,skidding_and_overturning,hit_object_in_carriageway,vehicle_leaving_carriageway,hit_object_off_carriageway,first_point_of_impact,vehicle_left_hand_drive,journey_purpose_of_driver_historic,journey_purpose_of_driver,sex_of_driver,age_of_driver,age_band_of_driver,engine_capacity_cc,propulsion_code,age_of_vehicle,generic_make_model,driver_imd_decile,lsoa_of_driver,escooter_flag,driver_distance_banding
2024501431846,2024,501431846,2,9,0,-1,9,6,4,-1,0,1,0,0,0,0,4,1,-1,9,2,40,7,1968,2,8,VOLKSWAGEN TIGUAN,4,E01018861,0,3
2024351467880,2024,351467880,1,9,-1,-1,-1,1,5,-1,-1,0,-1,-1,-1,0,-1,9,-1,6,3,-1,-1,1968,2,7,VOLKSWAGEN TIGUAN,-1,-1,0,-1
2024010515243,2024,010515243,1,9,0,9,9,7,5,0,0,8,0,0,0,0,3,2,6,6,2,42,7,1498,1,2,VOLKSWAGEN TIGUAN,5,E01002232,0,3
2024201435148,2024,201435148,2,9,0,-1,19,2,6,-1,0,1,0,0,0,0,2,1,-1,6,1,25,5,1968,2,6,VOLKSWAGEN TIGUAN,3,E01009604,0,4
2024010501471,2024,010501471,1,9,0,18,19,5,1,0,0,1,0,0,0,0,1,1,6,6,1,51,8,1395,8,1,VOLKSWAGEN TIGUAN,10,E01023377,0,4
2024010537640,2024,010537640,1,9,0,99,99,9,9,99,99,9,9,99,9,99,2,9,6,6,2,45,7,1498,1,4,VOLKSWAGEN TIGUAN,6,E01002295,0,3
2024131396888,2024,131396888,2,9,0,-1,5,3,7,-1,0,8,0,0,0,0,1,1,-1,6,1,77,11,1968,2,6,VOLKSWAGEN TIGUAN,8,E01011826,0,4
2024131498405,2024,131498405,1,9,0,-1,19,5,1,-1,0,1,0,0,0,0,1,1,-1,6,1,25,5,1968,2,12,VOLKSWAGEN TIGUAN,1,E01010842,0,2
2024541105624,2024,541105624,2,9,0,9,9,5,3,0,0,8,0,0,0,0,3,1,6,6,2,32,6,1498,1,3,VOLKSWAGEN TIGUAN,7,E01034552,0,2
2024520402262,2024,520402262,1,9,0,4,4,6,2,0,0,2,0,0,0,0,2,1,6,6,1,59,9,1498,1,3,VOLKSWAGEN TIGUAN,10,E01028397,0,5
2024010528271,2024,010528271,2,9,0,18,19,1,5,0,0,2,0,0,0,0,1,1,6,6,1,43,7,1984,1,15,VOLKSWAGEN TIGUAN,6,E01003218,0,1
2024332400878,2024,332400878,1,9,0,-1,19,7,3,-1,0,8,0,0,1,1,1,1,-1,9,1,35,6,1984,1,2,VOLKSWAGEN TIGUAN,9,E01035085,0,1
2024131499059,2024,131499059,2,9,0,-1,2,0,0,-1,0,0,0,0,0,0,0,1,-1,6,3,-1,-1,1968,2,9,VOLKSWAGEN TIGUAN,-1,-1,0,-1
2024991483209,2024,991483209,2,9,3,-1,19,8,4,-1,0,0,0,0,0,0,1,1,-1,9,1,32,6,1968,2,5,VOLKSWAGEN TIGUAN,8,-1,0,3
2024421488691,2024,421488691,1,9,0,-1,1,5,1,-1,9,0,0,0,0,0,2,1,-1,9,2,42,7,1498,1,5,VOLKSWAGEN TIGUAN,8,E01021755,0,1
2024421509854,2024,421509854,1,9,0,-1,19,2,5,-1,0,2,0,0,0,0,1,1,-1,6,2,42,7,1984,1,4,VOLKSWAGEN TIGUAN,3,E01021638,0,1
2024010534382,2024,010534382,1,9,0,18,19,5,1,0,0,0,0,0,0,0,1,1,1,1,1,71,10,1498,1,1,VOLKSWAGEN TIGUAN,7,E01023832,0,3
2024471473597,2024,471473597,2,9,0,-1,19,5,2,-1,0,0,0,0,0,0,1,1,-1,9,2,31,6,1498,1,4,VOLKSWAGEN TIGUAN,6,E01024425,0,3
2024041471764,2024,041471764,2,9,0,-1,19,7,3,-1,0,1,0,0,0,0,3,1,-1,9,1,44,7,1968,2,4,VOLKSWAGEN TIGUAN,2,E01025268,0,4
2024421409662,2024,421409662,2,9,0,-1,2,0,0,-1,0,0,0,0,0,0,2,9,-1,6,3,-1,-1,1968,2,6,VOLKSWAGEN TIGUAN,-1,-1,0,-1
2024122400620,2024,122400620,1,9,0,12,12,7,3,0,0,7,0,0,0,0,1,1,6,6,1,42,7,1968,2,14,VOLKSWAGEN TIGUAN,8,E01027808,0,4
2024451400326,2024,451400326,1,9,0,-1,19,3,7,-1,0,1,0,0,0,0,1,1,-1,7,2,47,8,1968,2,5,VOLKSWAGEN TIGUAN,5,E01030569,0,1
2024101422816,2024,101422816,2,9,0,-1,3,3,6,-1,0,4,0,0,0,0,2,1,-1,9,2,37,7,1968,2,8,VOLKSWAGEN TIGUAN,9,E01008516,0,2
2024471396572,2024,471396572,2,9,0,-1,19,1,5,-1,0,0,0,0,0,0,2,1,-1,6,2,50,8,1498,1,5,VOLKSWAGEN TIGUAN,10,E01031635,0,3
2024141441307,2024,141441307,3,9,0,-1,19,1,5,-1,0,0,0,0,0,0,2,9,-1,6,1,63,9,1968,2,10,VOLKSWAGEN TIGUAN,6,E01007707,0,3
2024421436540,2024,421436540,1,9,0,-1,19,5,1,-1,0,1,0,0,0,0,1,1,-1,9,1,21,5,1968,2,16,VOLKSWAGEN TIGUAN,9,E01021692,0,1
2024361528776,2024,361528776,1,9,0,-1,19,3,7,-1,0,0,0,0,0,0,1,1,-1,9,1,70,10,1968,2,10,VOLKSWAGEN TIGUAN,6,E01026682,0,2
2024351448986,2024,351448986,2,9,0,-1,3,4,8,-1,0,1,0,0,0,0,2,9,-1,2,2,43,7,1984,1,7,VOLKSWAGEN TIGUAN,5,E01017991,0,1
2024201485825,2024,201485825,2,9,0,-1,19,8,4,-1,0,0,0,0,0,0,1,1,-1,9,1,45,7,1395,1,6,VOLKSWAGEN TIGUAN,1,E01010129,0,1
2024461428207,2024,461428207,2,9,0,-1,11,8,4,-1,0,0,0,0,0,0,2,1,-1,6,2,64,9,1498,1,3,VOLKSWAGEN TIGUAN,9,E01024139,0,1
2024361476912,2024,361476912,2,9,0,-1,19,6,2,-1,0,0,0,0,0,0,2,1,-1,9,2,57,9,1968,2,14,VOLKSWAGEN TIGUAN,8,E01026938,0,1
2024031458526,2024,031458526,2,9,0,-1,19,2,6,-1,0,1,0,0,0,0,3,1,-1,9,1,31,6,1968,2,9,VOLKSWAGEN TIGUAN,2,E01019265,0,1
2024101505795,2024,101505795,2,9,-1,-1,-1,-1,-1,-1,-1,-1,-1,-1,-1,0,2,9,-1,6,2,54,8,1968,2,11,VOLKSWAGEN TIGUAN,-1,-1,0,-1
2024991403112,2024,991403112,1,9,0,-1,19,3,7,-1,0,0,1,0,0,0,1,1,-1,6,1,62,9,1968,2,9,VOLKSWAGEN TIGUAN,9,-1,0,1
2024201535222,2024,201535222,2,9,4,-1,19,7,4,-1,0,0,0,0,0,0,4,1,-1,1,1,63,9,1498,1,1,VOLKSWAGEN TIGUAN,7,E01010546,0,3
2024361518912,2024,361518912,1,9,0,-1,19,-1,-1,-1,0,1,0,0,0,0,1,1,-1,6,2,63,9,1968,2,16,VOLKSWAGEN TIGUAN,6,E01026797,0,1
2024351538229,2024,351538229,2,9,0,-1,10,-1,-1,-1,0,-1,0,0,0,0,-1,1,-1,9,2,47,8,1968,2,12,VOLKSWAGEN TIGUAN,6,E01018051,0,3
2024161492833,2024,161492833,2,9,9,-1,19,6,2,-1,0,1,9,99,9,0,2,9,-1,6,3,-1,-1,1968,2,12,VOLKSWAGEN TIGUAN,-1,-1,0,-1
2024041533535,2024,041533535,1,9,0,-1,19,5,1,-1,0,6,0,0,0,0,1,1,-1,6,2,31,6,1498,1,0,VOLKSWAGEN TIGUAN,6,E01005345,0,4
2024041523890,2024,041523890,2,9,0,-1,2,0,0,-1,9,0,0,0,1,0,4,1,-1,6,-1,-1,-1,1498,1,1,VOLKSWAGEN TIGUAN,-1,-1,0,-1
2024052401972,2024,052401972,2,9,0,4,4,8,4,0,0,1,0,0,0,0,2,1,2,2,1,38,7,1968,2,5,VOLKSWAGEN TIGUAN,10,E01012447,0,4
2024991395677,2024,991395677,1,9,0,-1,19,4,8,-1,0,0,1,0,7,0,1,1,-1,9,2,40,7,1968,2,12,VOLKSWAGEN TIGUAN,1,-1,0,3
2024131468791,2024,131468791,2,9,0,-1,4,2,1,-1,0,1,0,0,0,0,2,1,-1,9,2,59,9,1498,1,3,VOLKSWAGEN TIGUAN,3,E01010895,0,1
2024451405978,2024,451405978,2,9,0,-1,19,3,7,-1,0,1,0,0,0,0,3,1,-1,9,2,33,6,1968,2,9,VOLKSWAGEN TIGUAN,9,E01030315,0,1
2024010508071,2024,010508071,1,9,0,7,7,5,7,0,0,1,0,0,0,0,1,1,6,6,1,51,8,1498,1,2,VOLKSWAGEN TIGUAN,3,E01001823,0,1
2024471411594,2024,471411594,1,9,0,-1,19,7,3,-1,0,1,0,0,0,0,1,1,-1,6,2,49,8,1968,2,9,VOLKSWAGEN TIGUAN,10,E01031627,0,1
2024361483105,2024,361483105,1,9,0,-1,19,6,2,-1,0,0,0,0,7,0,1,1,-1,9,2,64,9,1968,2,12,VOLKSWAGEN TIGUAN,6,E01026887,0,2
2024061425595,2024,061425595,2,9,9,-1,19,6,4,-1,0,1,0,0,0,0,1,1,-1,6,3,-1,-1,1968,2,6,VOLKSWAGEN TIGUAN,9,E01029509,0,4
2024010536853,2024,010536853,2,9,0,13,13,7,3,0,0,2,0,0,0,0,3,1,6,6,3,-1,-1,1498,1,3,VOLKSWAGEN TIGUAN,-1,-1,0,-1
2024440293125,2024,440293125,2,9,0,18,19,3,7,0,0,1,0,0,0,0,3,1,1,1,1,-1,-1,1395,1,7,VOLKSWAGEN TIGUAN,-1,-1,0,-1
2024430277071,2024,430277071,1,9,0,18,19,5,1,0,0,1,0,0,7,2,1,1,6,6,2,77,11,1984,1,5,VOLKSWAGEN TIGUAN,-1,-1,0,-1
2024101438116,2024,101438116,2,8,0,-1,11,3,7,-1,0,3,0,0,0,0,4,1,-1,1,2,53,8,1968,2,4,VOLKSWAGEN TIGUAN,2,E01008336,0,1
2024461399652,2024,461399652,2,9,0,-1,11,6,2,-1,0,0,0,0,5,6,4,9,-1,6,1,57,9,1968,2,1,VOLKSWAGEN TIGUAN,4,E01030304,0,4
2024052400901,2024,052400901,1,9,0,18,19,4,1,0,0,1,0,0,0,0,1,1,6,6,2,-1,-1,1968,2,7,VOLKSWAGEN TIGUAN,-1,-1,0,-1
2024991421963,2024,991421963,3,9,0,-1,3,3,7,-1,0,1,0,0,0,0,1,2,-1,2,2,44,7,1498,8,0,VOLKSWAGEN TIGUAN,9,-1,0,3
2024531437547,2024,531437547,1,9,0,-1,19,3,7,-1,0,1,0,0,0,0,1,1,-1,9,2,61,9,1968,2,6,VOLKSWAGEN TIGUAN,6,E01022216,0,1
2024361458607,2024,361458607,1,9,0,-1,19,4,7,-1,0,0,0,0,0,0,0,1,-1,9,2,43,7,1968,2,12,VOLKSWAGEN TIGUAN,5,E01026538,0,3
2024340NN0222,2024,340NN0222,2,9,0,-1,2,0,0,-1,0,0,0,4,0,0,2,1,-1,6,3,-1,-1,1968,2,6,VOLKSWAGEN TIGUAN,-1,-1,0,-1
2024201524619,2024,201524619,3,9,0,-1,2,0,0,-1,0,0,0,0,0,0,4,1,-1,6,-1,-1,-1,1968,2,15,VOLKSWAGEN TIGUAN,-1,-1,0,-1
2024991499062,2024,991499062,2,9,0,-1,19,6,2,-1,0,0,0,0,0,0,1,1,-1,2,2,32,6,1498,1,0,VOLKSWAGEN TIGUAN,7,-1,0,2
2024361485509,2024,361485509,2,9,0,-1,10,2,5,-1,0,1,0,0,0,0,2,1,-1,6,1,33,6,1498,8,0,VOLKSWAGEN TIGUAN,7,E01026885,0,4
2024010528303,2024,010528303,1,9,0,99,99,9,9,0,0,1,0,0,0,0,9,1,6,6,3,-1,-1,1498,1,4,VOLKSWAGEN TIGUAN,-1,-1,0,-1
2024451424309,2024,451424309,1,9,0,-1,5,5,1,-1,0,2,0,0,0,0,1,1,-1,9,1,43,7,1968,2,7,VOLKSWAGEN TIGUAN,10,E01030427,0,2
2024430394285,2024,430394285,2,9,0,4,4,1,5,0,0,0,0,0,0,0,2,1,6,6,2,31,6,1984,1,4,VOLKSWAGEN TIGUAN,2,E01015738,0,4
2024010521246,2024,010521246,1,9,0,18,19,5,1,0,0,1,0,0,0,0,1,1,6,6,2,57,9,1498,1,4,VOLKSWAGEN TIGUAN,5,E01001348,0,1
2024320579737,2024,320579737,2,9,0,4,4,4,8,0,0,0,0,0,0,0,2,1,-1,-1,1,35,6,1968,2,6,VOLKSWAGEN TIGUAN,8,E01026372,0,3
2024041503878,2024,041503878,2,9,0,-1,19,7,3,-1,0,1,0,0,0,0,2,1,-1,6,2,51,8,1498,1,4,VOLKSWAGEN TIGUAN,6,E01025144,0,1
2024320277472,2024,320277472,3,9,0,-1,-1,4,8,0,0,0,0,0,0,0,1,1,-1,-1,1,31,6,1968,2,9,VOLKSWAGEN TIGUAN,5,E01031159,0,5
2024211479859,2024,211479859,1,9,0,-1,19,3,7,-1,0,0,0,0,0,0,1,1,-1,9,1,29,6,1498,1,5,VOLKSWAGEN TIGUAN,7,E01029385,0,1
2024461521504,2024,461521504,2,9,0,-1,19,8,6,-1,0,8,0,0,0,0,4,1,-1,7,2,27,6,1968,2,15,VOLKSWAGEN TIGUAN,4,E01016055,0,1
2024471526612,2024,471526612,2,9,0,-1,4,7,3,-1,0,0,0,0,0,0,2,1,-1,7,2,45,7,1968,2,7,VOLKSWAGEN TIGUAN,10,E01031476,0,1
2024010530070,2024,010530070,4,9,0,3,3,7,3,0,0,4,0,0,0,0,2,1,6,6,2,63,9,1968,2,5,VOLKSWAGEN TIGUAN,8,E01001680,0,1
2024141401022,2024,141401022,1,9,0,-1,19,6,2,-1,0,0,0,0,7,11,1,1,-1,9,2,40,7,1968,2,13,VOLKSWAGEN TIGUAN,3,E01007346,0,1
2024010550037,2024,010550037,1,9,0,99,99,9,9,99,99,0,9,99,9,99,2,9,6,6,1,48,8,1968,2,7,VOLKSWAGEN TIGUAN,5,E01003654,0,2
2024991407368,2024,991407368,2,9,0,-1,19,6,2,-1,0,1,0,0,0,0,4,1,-1,6,2,46,8,1968,2,10,VOLKSWAGEN TIGUAN,9,-1,0,1
2024010542146,2024,010542146,1,9,0,99,99,9,9,0,0,0,0,0,0,0,9,9,6,6,3,71,10,1968,2,1,VOLKSWAGEN TIGUAN,9,E01021828,0,3
2024991517692,2024,991517692,2,9,0,-1,5,4,8,-1,0,4,0,0,0,0,1,1,-1,2,2,71,10,1968,2,3,VOLKSWAGEN TIGUAN,4,-1,0,1
2024451527146,2024,451527146,1,9,0,-1,19,3,7,-1,0,0,0,0,0,0,4,1,-1,9,2,54,8,1498,1,3,VOLKSWAGEN TIGUAN,9,E01030933,0,1
2024501481700,2024,501481700,1,9,0,-1,19,6,2,-1,0,0,1,0,0,0,1,1,-1,6,2,28,6,1498,1,5,VOLKSWAGEN TIGUAN,-1,-1,0,-1
2024610034824,2024,610034824,1,9,0,18,19,9,9,0,0,1,0,0,0,0,1,1,6,6,2,23,5,1498,1,5,VOLKSWAGEN TIGUAN,3,W01001577,0,1
2024010510466,2024,010510466,2,9,0,2,2,0,0,0,0,0,0,0,0,0,2,1,6,6,3,-1,-1,1968,2,4,VOLKSWAGEN TIGUAN,-1,-1,0,-1
2024421426542,2024,421426542,1,9,0,-1,19,6,2,-1,0,0,0,0,0,0,1,1,-1,6,2,41,7,1498,1,0,VOLKSWAGEN TIGUAN,9,E01022063,0,1
2024101424830,2024,101424830,2,9,0,-1,3,1,1,-1,0,0,0,0,0,0,2,9,-1,9,1,36,7,1968,2,13,VOLKSWAGEN TIGUAN,-1,-1,0,-1
2024991457341,2024,991457341,2,9,0,-1,19,7,3,-1,0,1,0,0,0,0,2,1,-1,9,1,57,9,1968,2,12,VOLKSWAGEN TIGUAN,-1,-1,0,-1
2024501433793,2024,501433793,1,9,0,-1,7,3,6,-1,0,8,0,0,0,0,1,9,-1,6,2,32,6,1968,2,4,VOLKSWAGEN TIGUAN,5,E01020147,0,1
2024320104675,2024,320104675,1,9,0,-1,-1,6,2,0,0,0,0,4,0,0,1,1,-1,-1,1,80,11,1968,2,6,VOLKSWAGEN TIGUAN,-1,-1,0,-1
2024041505082,2024,041505082,1,9,0,-1,19,5,1,-1,0,0,0,0,0,0,3,1,-1,2,1,34,6,1498,1,3,VOLKSWAGEN TIGUAN,7,E01025033,0,3
2024010531528,2024,010531528,2,9,9,99,99,9,9,99,99,9,9,99,9,99,9,9,6,6,3,-1,-1,1498,1,1,VOLKSWAGEN TIGUAN,-1,-1,0,-1
2024340NN1532,2024,340NN1532,2,9,0,-1,4,5,1,-1,0,1,0,0,0,0,2,1,-1,6,1,30,6,1968,2,4,VOLKSWAGEN TIGUAN,4,E01027327,0,2
2024991444604,2024,991444604,1,9,0,-1,19,8,4,-1,0,0,5,0,0,0,1,1,-1,6,1,68,10,1968,2,10,VOLKSWAGEN TIGUAN,8,-1,0,1
2024991513554,2024,991513554,2,9,0,-1,3,7,3,-1,0,0,0,0,0,0,2,1,-1,6,2,38,7,1395,8,1,VOLKSWAGEN TIGUAN,6,-1,0,1
2024010529700,2024,010529700,1,9,0,10,10,9,9,99,99,9,9,99,9,99,1,9,6,6,2,38,7,1395,1,6,VOLKSWAGEN TIGUAN,5,E01001158,0,1
2024131464566,2024,131464566,2,9,0,-1,-1,-1,-1,-1,0,1,-1,-1,-1,0,-1,1,-1,6,3,-1,-1,1968,2,16,VOLKSWAGEN TIGUAN,-1,-1,0,-1
2024361531000,2024,361531000,1,9,0,-1,19,3,7,-1,0,0,0,0,1,3,1,1,-1,9,1,35,6,1498,1,2,VOLKSWAGEN TIGUAN,7,E01026723,0,1
2024010523968,2024,010523968,2,9,0,18,19,1,5,0,0,1,0,0,0,0,0,1,6,6,2,50,8,1498,1,2,VOLKSWAGEN TIGUAN,5,E01001268,0,3
2024411452908,2024,411452908,2,9,0,-1,-1,-1,-1,-1,-1,-1,-1,-1,-1,0,2,9,-1,9,2,31,6,1498,1,1,VOLKSWAGEN TIGUAN,4,E01023330,0,1
2024421475218,2024,421475218,2,9,0,-1,19,3,7,-1,0,1,5,0,0,0,1,1,-1,6,2,34,6,1498,1,3,VOLKSWAGEN TIGUAN,5,E01021954,0,1
2024991497888,2024,991497888,1,9,0,-1,19,3,7,-1,0,1,5,0,0,0,1,1,-1,9,1,34,6,1498,1,5,VOLKSWAGEN TIGUAN,-1,-1,0,-1
2024302401035,2024,302401035,2,9,0,10,10,6,4,0,0,8,0,0,0,0,1,1,6,6,1,66,10,1498,1,5,VOLKSWAGEN TIGUAN,4,E01019823,0,1
2024211514893,2024,211514893,1,9,0,-1,19,7,3,-1,0,1,0,0,0,0,1,1,-1,6,2,32,6,1968,2,8,VOLKSWAGEN TIGUAN,-1,-1,0,-1
2024052401125,2024,052401125,1,9,0,9,9,3,1,0,0,1,0,0,1,0,1,1,6,6,2,30,6,1968,2,11,VOLKSWAGEN TIGUAN,7,E01025507,0,2
2024111451662,2024,111451662,2,9,0,-1,8,1,2,-1,0,2,0,0,0,0,2,1,-1,6,2,39,7,1968,2,7,VOLKSWAGEN TIGUAN,10,E01020683,0,1
2024471512989,2024,471512989,2,9,0,-1,9,2,1,-1,0,5,0,0,0,0,4,1,-1,6,2,37,7,1498,1,0,VOLKSWAGEN TIGUAN,7,E01031493,0,1
2024122400097,2024,122400097,2,9,0,18,19,8,4,0,0,8,0,0,0,0,1,1,6,6,1,51,8,1968,2,4,VOLKSWAGEN TIGUAN,8,E01027693,0,2
2024131481904,2024,131481904,1,9,0,-1,1,1,1,-1,9,0,0,0,0,0,4,1,-1,6,1,36,7,1968,2,11,VOLKSWAGEN TIGUAN,1,E01010739,0,1
2024311399212,2024,311399212,1,9,0,-1,11,7,1,-1,0,0,0,0,0,0,0,9,-1,9,1,22,5,1498,1,5,VOLKSWAGEN TIGUAN,7,E01028183,0,3
2024440022060,2024,440022060,1,9,0,2,2,0,0,0,0,0,0,0,0,0,3,1,3,7,3,-1,-1,1498,1,5,VOLKSWAGEN TIGUAN,-1,-1,0,-1
2024010512956,2024,010512956,1,9,0,99,99,9,9,99,99,8,9,99,9,99,9,9,6,6,1,32,6,1498,1,0,VOLKSWAGEN TIGUAN,6,E01003703,0,1
2024430569031,2024,430569031,1,9,0,18,19,5,1,0,0,8,0,0,0,0,1,1,3,7,1,40,7,1498,1,0,VOLKSWAGEN TIGUAN,7,E01017818,0,1
2024430034233,2024,430034233,1,9,0,16,19,3,6,0,0,0,0,0,0,0,1,1,3,7,2,37,7,1968,2,2,VOLKSWAGEN TIGUAN,10,E01028789,0,1
2024440528866,2024,440528866,1,9,0,18,19,3,7,0,0,0,0,0,0,0,1,1,6,6,1,-1,-1,1968,2,13,VOLKSWAGEN TIGUAN,-1,-1,0,-1
2024340WN5082,2024,340WN5082,1,9,0,-1,19,1,5,-1,0,0,5,4,0,0,1,1,-1,9,2,32,6,1968,2,8,VOLKSWAGEN TIGUAN,2,E01027229,0,1
2024522402964,2024,522402964,1,9,0,9,9,3,1,0,0,5,0,0,0,0,3,1,6,6,1,35,6,1498,1,3,VOLKSWAGEN TIGUAN,4,E01014686,0,1
2024161523767,2024,161523767,1,9,0,-1,19,6,2,-1,0,0,9,99,0,0,2,1,-1,6,1,78,11,1968,2,12,VOLKSWAGEN TIGUAN,1,E01012898,0,1
2024371505401,2024,371505401,2,9,0,-1,5,5,3,-1,0,1,0,0,0,0,1,1,-1,6,1,71,10,1968,2,9,VOLKSWAGEN TIGUAN,6,E01030020,0,2
2024340WN0762,2024,340WN0762,2,9,0,-1,2,0,0,-1,0,2,0,0,0,0,1,1,-1,6,3,-1,-1,1968,2,15,VOLKSWAGEN TIGUAN,-1,-1,0,-1
2024622400348,2024,622400348,1,9,0,18,19,2,6,0,0,0,0,0,0,0,1,1,6,6,2,41,7,1498,1,3,VOLKSWAGEN TIGUAN,2,W01000741,0,1
2024440031586,2024,440031586,1,9,0,9,9,8,5,0,0,1,0,0,0,0,1,1,6,6,1,74,10,1498,1,5,VOLKSWAGEN TIGUAN,4,E01017073,0,1
2024122500203,2024,122500203,1,9,0,18,19,5,1,0,0,0,1,0,1,4,1,1,6,6,1,38,7,1968,2,5,VOLKSWAGEN TIGUAN,5,E01027884,0,1
2024010512057,2024,010512057,3,9,5,18,19,5,1,0,0,3,0,0,0,0,0,1,6,6,1,35,6,1498,1,1,VOLKSWAGEN TIGUAN,7,E01003888,0,1
2024231452471,2024,231452471,1,9,0,-1,9,4,2,-1,0,6,0,0,0,0,4,9,-1,6,1,29,6,1968,2,15,VOLKSWAGEN TIGUAN,1,E01035016,0,2
2024302401384,2024,302401384,1,9,0,18,19,3,7,0,0,8,0,0,0,0,1,1,6,6,2,35,6,1968,2,4,VOLKSWAGEN TIGUAN,8,E01019616,0,2
2024631507006,2024,631507006,2,9,0,-1,19,5,2,-1,0,0,0,0,0,0,1,1,-1,1,2,39,7,1968,2,9,VOLKSWAGEN TIGUAN,7,W01000506,0,2
2024421508139,2024,421508139,1,9,0,-1,9,2,8,-1,0,0,0,0,0,0,1,1,-1,2,2,54,8,1498,1,2,VOLKSWAGEN TIGUAN,3,E01021800,0,1
2024361455114,2024,361455114,2,9,0,-1,4,5,1,-1,0,1,0,0,0,0,2,1,-1,9,1,64,9,1968,2,4,VOLKSWAGEN TIGUAN,4,E01026522,0,1
2024531523239,2024,531523239,1,9,0,-1,9,3,1,-1,0,8,0,0,0,0,4,9,-1,6,1,76,11,1968,2,11,VOLKSWAGEN TIGUAN,8,E01022209,0,2
2024522402200,2024,522402200,1,9,0,18,19,4,8,0,0,2,0,0,0,0,2,1,6,6,2,45,7,1498,1,4,VOLKSWAGEN TIGUAN,10,E01014932,0,1
2024211462429,2024,211462429,2,9,0,-1,9,2,8,-1,0,6,0,0,1,0,1,1,-1,6,1,84,11,1968,2,16,VOLKSWAGEN TIGUAN,8,E01029422,0,4
2024061460703,2024,061460703,1,9,0,-1,19,3,7,-1,0,1,0,0,0,0,1,1,-1,6,1,32,6,1968,2,14,VOLKSWAGEN TIGUAN,2,E01005514,0,2
2024010517013,2024,010517013,1,9,0,9,9,1,7,0,0,5,0,0,0,0,1,1,2,2,1,47,8,1984,1,6,VOLKSWAGEN TIGUAN,5,E01004484,0,1
2024061437395,2024,061437395,2,9,0,-1,19,5,1,-1,0,1,0,0,0,0,1,1,-1,9,1,46,8,1968,2,14,VOLKSWAGEN TIGUAN,4,E01006186,0,1
2024041407664,2024,041407664,1,9,0,-1,19,5,1,-1,0,0,0,0,7,11,1,1,-1,9,2,39,7,1968,2,6,VOLKSWAGEN TIGUAN,10,E01025327,0,1
2024421529272,2024,421529272,1,9,0,-1,10,5,8,-1,0,0,0,0,0,0,2,1,-1,9,1,30,6,1968,2,4,VOLKSWAGEN TIGUAN,3,E01021307,0,4
2024041395692,2024,041395692,2,9,0,-1,19,2,6,-1,0,1,0,0,0,0,4,1,-1,9,1,21,5,1498,1,4,VOLKSWAGEN TIGUAN,1,E01025293,0,1
2024201475630,2024,201475630,2,9,0,-1,19,6,2,-1,0,0,0,0,0,0,1,9,-1,6,1,23,5,1395,1,7,VOLKSWAGEN TIGUAN,6,E01008968,0,1
2024461476487,2024,461476487,1,9,0,-1,8,5,1,-1,0,1,0,0,0,0,1,1,-1,9,1,46,8,1498,1,5,VOLKSWAGEN TIGUAN,6,E01016167,0,4
2024201463008,2024,201463008,2,9,0,-1,19,6,2,-1,0,0,0,0,0,0,4,9,-1,9,1,58,9,1968,2,5,VOLKSWAGEN TIGUAN,9,E01004085,0,5
2024421529379,2024,421529379,2,9,0,-1,3,7,3,-1,0,1,0,0,0,0,3,1,-1,6,2,43,7,1968,2,1,VOLKSWAGEN TIGUAN,7,E01021457,0,1
2024010529675,2024,010529675,1,9,0,4,4,3,7,0,0,8,0,0,0,0,1,1,6,6,3,23,5,1498,1,5,VOLKSWAGEN TIGUAN,-1,-1,0,-1
2024031486757,2024,031486757,3,9,0,-1,19,3,7,-1,0,1,5,0,1,0,1,1,-1,1,2,41,7,1498,1,2,VOLKSWAGEN TIGUAN,8,E01024944,0,5
2024211470927,2024,211470927,3,9,0,-1,9,1,3,-1,0,1,0,0,0,0,1,2,-1,9,2,40,7,1968,2,11,VOLKSWAGEN TIGUAN,6,E01029733,0,2
2024201458407,2024,201458407,1,9,0,-1,9,5,3,-1,0,6,0,0,0,0,4,1,-1,6,2,18,4,1968,2,0,VOLKSWAGEN TIGUAN,-1,-1,0,-1
2024430443770,2024,430443770,1,9,0,18,19,4,8,0,0,0,0,0,0,0,4,1,6,6,1,-1,-1,1498,1,1,VOLKSWAGEN TIGUAN,-1,-1,0,-1
2024201489325,2024,201489325,1,9,0,-1,19,7,3,-1,0,1,0,0,0,0,1,1,-1,6,1,69,10,1390,1,9,VOLKSWAGEN TIGUAN,2,E01009788,0,1
2024430000269,2024,430000269,2,9,0,18,19,6,4,0,0,6,0,0,0,0,1,1,6,6,2,30,6,1968,2,15,VOLKSWAGEN TIGUAN,-1,-1,0,-1
2024221438272,2024,221438272,2,9,0,-1,19,6,2,-1,0,8,0,0,0,0,1,1,-1,6,1,79,11,1968,2,8,VOLKSWAGEN TIGUAN,5,E01032212,0,2
2024010519678,2024,010519678,2,9,9,99,99,9,9,99,99,9,9,99,9,99,9,9,6,6,3,-1,-1,1498,1,3,VOLKSWAGEN TIGUAN,-1,-1,0,-1
2024421413920,2024,421413920,4,9,0,-1,2,3,7,-1,0,0,0,0,0,0,2,1,-1,6,1,32,6,1968,2,1,VOLKSWAGEN TIGUAN,8,E01034365,0,1
2024010529206,2024,010529206,2,9,0,18,19,5,1,0,0,1,0,0,0,0,3,1,6,6,1,27,6,1968,2,9,VOLKSWAGEN TIGUAN,8,E01001965,0,2
2024461500345,2024,461500345,3,9,0,-1,4,3,7,-1,0,0,0,0,0,0,2,2,-1,9,1,33,6,1968,2,14,VOLKSWAGEN TIGUAN,6,E01024716,0,2
2024070971745,2024,070971745,2,9,0,-1,19,7,3,-1,0,0,0,0,0,0,3,1,-1,9,1,56,9,1395,1,7,VOLKSWAGEN TIGUAN,10,E01018675,0,2
2024401486278,2024,401486278,1,9,0,-1,19,7,3,-1,0,1,0,0,0,0,1,1,-1,6,2,36,7,1968,2,7,VOLKSWAGEN TIGUAN,3,E01015783,0,1