collision_index,collision_year,collision_ref_no,vehicle_reference,vehicle_type,towing_and_articulation,vehicle_manoeuvre_historic,vehicle_manoeuvre,vehicle_direction_from,vehicle_direction_to,vehicle_location_restricted_lane_historic,vehicle_location_restricted_lane,junction_location,skidding_and_overturning,hit_object_in_carriageway,vehicle_leaving_carriageway,hit_object_off_carriageway,first_point_of_impact,vehicle_left_hand_drive,journey_purpose_of_driver_historic,journey_purpose_of_driver,sex_of_driver,age_of_driver,age_band_of_driver,engine_capacity_cc,propulsion_code,age_of_vehicle,generic_make_model,driver_imd_decile,lsoa_of_driver,escooter_flag,driver_distance_banding
2024141467316,2024,141467316,1,9,0,-1,19,1,3,-1,9,1,0,0,0,0,3,1,-1,9,2,35,6,1968,2,15,VOLKSWAGEN TIGUAN,3,E01007591,0,3
2024430433418,2024,430433418,1,9,0,5,5,5,1,0,0,1,0,0,0,0,3,1,6,6,1,75,10,1968,2,0,VOLKSWAGEN TIGUAN,10,E01017625,0,4
2024131510130,2024,131510130,1,9,0,-1,19,8,5,-1,0,0,0,0,0,0,1,1,-1,6,2,-1,-1,1968,2,6,VOLKSWAGEN TIGUAN,-1,-1,0,-1
2024520402857,2024,520402857,2,9,0,18,19,7,3,0,0,0,0,0,0,0,1,1,6,6,2,63,9,1968,2,5,VOLKSWAGEN TIGUAN,10,E01029030,0,1
2024311516511,2024,311516511,2,9,0,-1,19,4,8,-1,0,0,0,0,0,0,1,1,-1,6,1,23,5,1498,1,5,VOLKSWAGEN TIGUAN,7,E01028183,0,1
2024052400486,2024,052400486,2,9,0,9,9,5,1,0,0,1,0,0,0,0,3,1,6,6,2,54,8,1968,2,8,VOLKSWAGEN TIGUAN,9,E01007264,0,1
2024440026093,2024,440026093,1,9,0,2,2,0,0,0,0,0,0,0,0,0,3,1,6,6,3,-1,-1,1968,2,13,VOLKSWAGEN TIGUAN,-1,-1,0,-1
2024122400514,2024,122400514,2,9,0,18,19,7,3,0,0,0,0,0,1,11,1,1,6,6,2,26,6,1968,2,6,VOLKSWAGEN TIGUAN,8,E01027783,0,3
2024991453885,2024,991453885,1,9,0,-1,9,1,7,-1,0,6,0,0,0,0,4,1,-1,6,1,53,8,1968,2,5,VOLKSWAGEN TIGUAN,-1,-1,0,-1
2024548838424,2024,548838424,2,9,0,16,19,6,1,0,0,1,0,0,0,0,1,1,6,6,2,82,11,1968,2,8,VOLKSWAGEN TIGUAN,9,E01031955,0,2
2024451454542,2024,451454542,2,9,0,-1,11,3,3,-1,0,0,0,0,0,0,3,1,-1,1,1,48,8,1984,1,1,VOLKSWAGEN TIGUAN,10,E01030903,0,1
2024201435003,2024,201435003,1,9,0,-1,9,2,1,-1,0,6,0,0,0,0,1,9,-1,7,1,50,8,1395,8,1,VOLKSWAGEN TIGUAN,4,E01009218,0,1
2024302400473,2024,302400473,1,9,0,9,9,1,6,0,0,8,0,0,0,0,4,1,2,2,2,46,8,1968,2,13,VOLKSWAGEN TIGUAN,4,E01019693,0,1
2024010533722,2024,010533722,1,9,0,5,5,3,7,4,4,8,0,0,0,0,1,1,1,1,1,45,7,1968,2,0,VOLKSWAGEN TIGUAN,6,E01035280,0,4
2024122500118,2024,122500118,1,9,0,18,19,6,2,0,0,0,0,0,1,0,1,1,6,6,1,28,6,1968,2,6,VOLKSWAGEN TIGUAN,1,E01020909,0,3
2024501511800,2024,501511800,2,9,0,-1,19,8,4,-1,0,1,0,0,0,0,1,1,-1,9,1,32,6,1968,2,6,VOLKSWAGEN TIGUAN,6,E01020231,0,1
2024440451409,2024,440451409,1,9,0,13,13,6,2,0,0,0,0,0,0,0,1,1,2,2,2,26,6,1968,2,9,VOLKSWAGEN TIGUAN,8,E01022615,0,1
2024010510724,2024,010510724,2,9,0,5,5,1,5,0,0,8,0,0,0,0,0,1,6,6,1,28,6,1498,1,1,VOLKSWAGEN TIGUAN,3,E01000535,0,1
2024552401343,2024,552401343,1,9,0,18,19,2,6,0,0,0,1,0,1,4,1,1,6,6,2,67,10,1968,2,10,VOLKSWAGEN TIGUAN,9,E01020464,0,1
2024141499272,2024,141499272,2,9,0,-1,2,3,7,-1,0,0,0,0,0,0,0,1,-1,6,-1,-1,-1,1498,1,0,VOLKSWAGEN TIGUAN,-1,-1,0,-1
2024991504695,2024,991504695,2,9,0,-1,19,7,3,-1,0,2,0,0,0,0,4,1,-1,6,1,36,7,1968,2,7,VOLKSWAGEN TIGUAN,3,-1,0,1
2024401464867,2024,401464867,1,9,0,-1,19,1,2,-1,0,2,0,0,0,0,1,1,-1,6,2,19,4,1968,2,12,VOLKSWAGEN TIGUAN,10,E01017392,0,1
2024631515937,2024,631515937,1,9,0,-1,19,3,7,-1,0,2,0,0,0,0,1,1,-1,9,2,20,4,1968,2,8,VOLKSWAGEN TIGUAN,4,W01000535,0,1
2024070714901,2024,070714901,2,9,0,-1,19,5,5,-1,0,0,0,0,0,0,0,1,-1,6,2,25,5,1968,2,5,VOLKSWAGEN TIGUAN,6,E01018722,0,2
2024471449615,2024,471449615,2,9,0,-1,2,0,0,-1,0,0,0,0,0,0,3,1,-1,6,3,-1,-1,1498,1,3,VOLKSWAGEN TIGUAN,-1,-1,0,-1
2024041433510,2024,041433510,2,9,0,-1,2,2,6,-1,0,1,0,0,0,0,2,1,-1,9,1,70,10,1968,2,12,VOLKSWAGEN TIGUAN,4,E01033281,0,4
2024471466700,2024,471466700,1,9,0,-1,-1,-1,-1,-1,-1,-1,-1,-1,-1,0,-1,1,-1,7,1,45,7,1968,2,2,VOLKSWAGEN TIGUAN,2,E01020990,0,1
2024122401170,2024,122401170,2,9,0,3,3,3,7,0,0,1,0,0,0,0,2,1,6,6,1,57,9,1395,8,0,VOLKSWAGEN TIGUAN,7,E01006255,0,5
2024010500750,2024,010500750,2,9,9,99,99,9,9,99,99,9,9,99,9,99,9,9,6,6,2,41,7,1498,1,4,VOLKSWAGEN TIGUAN,8,E01003817,0,1
2024061483384,2024,061483384,1,9,0,-1,4,-1,-1,-1,0,0,0,0,0,0,2,1,-1,2,1,44,7,1498,1,5,VOLKSWAGEN TIGUAN,8,E01005738,0,2
2024471463234,2024,471463234,2,9,0,-1,4,3,7,-1,0,0,0,0,0,0,1,1,-1,6,2,38,7,1968,2,14,VOLKSWAGEN TIGUAN,3,E01031350,0,1
2024041407711,2024,041407711,1,9,0,-1,7,5,8,-1,0,6,0,0,0,0,1,1,-1,9,1,54,8,1968,2,7,VOLKSWAGEN TIGUAN,9,E01025240,0,1
2024411515691,2024,411515691,2,9,0,-1,8,7,5,-1,0,0,0,0,0,0,1,1,-1,6,2,42,7,1984,1,4,VOLKSWAGEN TIGUAN,8,E01023907,0,1
2024430127635,2024,430127635,2,9,0,7,7,5,7,0,0,5,0,0,0,0,1,1,6,6,1,43,7,1498,1,1,VOLKSWAGEN TIGUAN,-1,-1,0,-1
2024201440501,2024,201440501,1,9,0,-1,7,4,6,-1,0,6,0,0,0,0,1,1,-1,9,1,47,8,1968,2,7,VOLKSWAGEN TIGUAN,5,E01009066,0,1
2024461526436,2024,461526436,2,9,0,-1,3,2,6,-1,0,0,0,0,1,3,2,1,-1,6,2,52,8,1968,2,6,VOLKSWAGEN TIGUAN,9,E01024256,0,2
2024531473623,2024,531473623,1,9,0,-1,19,5,1,-1,0,0,0,0,0,0,1,1,-1,9,1,73,10,1498,1,5,VOLKSWAGEN TIGUAN,5,E01014057,0,1
2024520003106,2024,520003106,3,9,0,18,19,8,4,0,0,1,0,0,0,0,1,1,6,6,1,51,8,1498,1,1,VOLKSWAGEN TIGUAN,3,E01014461,0,1
2024201494445,2024,201494445,1,9,0,-1,7,2,4,-1,0,3,0,0,0,0,3,9,-1,6,3,-1,-1,1498,1,3,VOLKSWAGEN TIGUAN,-1,-1,0,-1
2024361475954,2024,361475954,1,9,0,-1,1,1,7,-1,0,2,0,0,0,0,3,1,-1,9,2,46,8,1968,2,12,VOLKSWAGEN TIGUAN,1,E01026635,0,1
2024440525144,2024,440525144,1,9,0,10,10,5,7,0,0,1,0,0,0,0,2,1,6,6,2,61,9,1968,2,9,VOLKSWAGEN TIGUAN,9,E01022978,0,1
2024991425128,2024,991425128,1,9,0,-1,19,5,1,-1,0,0,0,0,0,0,1,1,-1,2,2,49,8,1968,2,5,VOLKSWAGEN TIGUAN,8,-1,0,1
2024052401736,2024,052401736,1,9,0,1,1,7,3,0,0,0,0,0,0,0,2,1,6,6,1,31,6,1498,1,4,VOLKSWAGEN TIGUAN,5,E01007069,0,1
2024552400850,2024,552400850,1,9,0,9,9,3,1,0,0,5,0,0,0,0,3,1,6,6,2,51,8,1968,2,11,VOLKSWAGEN TIGUAN,9,E01020409,0,1
2024052400989,2024,052400989,2,9,0,3,3,5,1,0,0,1,0,0,0,0,2,1,6,6,1,61,9,1498,1,5,VOLKSWAGEN TIGUAN,9,E01007032,0,3
2024311520881,2024,311520881,1,9,0,-1,2,0,0,-1,0,0,0,0,0,0,2,1,-1,9,1,49,8,1968,2,1,VOLKSWAGEN TIGUAN,6,E01028283,0,1
2024201492579,2024,201492579,2,9,0,-1,19,6,2,-1,0,0,0,0,0,0,1,1,-1,6,1,44,7,1968,2,7,VOLKSWAGEN TIGUAN,2,E01010429,0,1
2024101517978,2024,101517978,2,9,0,-1,2,1,5,-1,0,0,0,0,0,0,2,1,-1,9,1,35,6,1968,2,5,VOLKSWAGEN TIGUAN,7,E01011591,0,5
2024141532266,2024,141532266,2,9,0,-1,9,4,2,-1,0,6,0,0,0,0,1,1,-1,1,1,25,5,1498,8,0,VOLKSWAGEN TIGUAN,3,E01007545,0,3
2024451414206,2024,451414206,1,9,0,-1,4,3,3,-1,0,0,0,0,0,0,2,1,-1,1,1,64,9,1395,8,2,VOLKSWAGEN TIGUAN,9,E01030526,0,2
2024461519856,2024,461519856,4,9,0,-1,4,5,1,-1,0,0,0,0,0,0,2,1,-1,9,2,39,7,1968,2,4,VOLKSWAGEN TIGUAN,3,E01016043,0,4
2024010499949,2024,010499949,2,9,0,99,99,9,9,99,99,9,9,99,9,99,1,9,6,6,3,-1,-1,1498,1,1,VOLKSWAGEN TIGUAN,-1,-1,0,-1
2024991534668,2024,991534668,1,9,0,-1,19,6,2,-1,0,8,0,0,0,0,1,1,-1,2,1,34,6,1968,2,8,VOLKSWAGEN TIGUAN,1,-1,0,1
2024061521528,2024,061521528,2,9,0,-1,4,1,5,-1,0,0,0,0,0,0,1,1,-1,6,2,37,7,1968,2,4,VOLKSWAGEN TIGUAN,5,E01025395,0,4
2024552401040,2024,552401040,1,9,0,18,19,7,3,0,0,0,5,0,2,2,1,1,6,6,2,37,7,1498,1,3,VOLKSWAGEN TIGUAN,10,E01020463,0,1
2024211470927,2024,211470927,1,9,0,-1,19,4,1,-1,0,1,0,0,0,0,1,2,-1,2,1,42,7,1968,2,7,VOLKSWAGEN TIGUAN,7,E01029798,0,1
2024411487149,2024,411487149,1,9,0,-1,11,7,3,-1,0,8,0,0,0,0,3,1,-1,2,2,27,6,1395,1,6,VOLKSWAGEN TIGUAN,6,E01023598,0,4
2024221397587,2024,221397587,2,9,0,-1,7,2,4,-1,0,5,0,0,0,0,1,1,-1,6,1,80,11,1498,1,4,VOLKSWAGEN TIGUAN,7,E01032253,0,1
2024031531949,2024,031531949,2,9,0,-1,19,7,3,-1,0,0,0,0,0,0,1,1,-1,9,2,63,9,1968,2,7,VOLKSWAGEN TIGUAN,-1,-1,0,-1
2024161397977,2024,161397977,2,9,0,-1,19,3,7,-1,0,8,0,0,0,0,3,1,-1,9,1,53,8,1968,2,7,VOLKSWAGEN TIGUAN,8,E01013321,0,1
2024440003731,2024,440003731,1,9,0,18,19,4,8,0,0,1,0,0,0,0,1,1,6,6,2,31,6,1498,1,1,VOLKSWAGEN TIGUAN,8,E01023245,0,3
2024522401565,2024,522401565,1,9,0,2,2,0,0,0,0,1,0,0,0,0,3,1,6,6,3,-1,-1,1968,2,7,VOLKSWAGEN TIGUAN,-1,-1,0,-1
202460Q162549,2024,60Q162549,1,9,0,13,13,3,7,0,0,0,0,0,7,0,1,1,6,6,2,32,6,1968,2,8,VOLKSWAGEN TIGUAN,-1,-1,0,-1
2024201489114,2024,201489114,1,9,0,-1,19,3,7,-1,0,8,0,10,7,11,1,1,-1,9,1,38,7,1968,2,16,VOLKSWAGEN TIGUAN,5,E01032128,0,2
2024010529532,2024,010529532,1,9,0,99,99,9,9,99,99,9,9,99,9,99,9,1,6,6,3,26,6,1968,2,9,VOLKSWAGEN TIGUAN,1,E01003506,0,3
2024421509151,2024,421509151,2,9,0,-1,2,0,0,-1,0,2,0,0,0,0,2,1,-1,6,1,43,7,1968,2,10,VOLKSWAGEN TIGUAN,-1,-1,0,-1
2024010515100,2024,010515100,3,9,0,18,19,2,6,0,0,1,0,0,0,0,2,1,6,6,1,51,8,1968,2,8,VOLKSWAGEN TIGUAN,10,E01000793,0,1
2024461420878,2024,461420878,1,9,0,-1,19,4,8,-1,0,4,5,0,0,0,1,1,-1,6,2,42,7,1498,1,2,VOLKSWAGEN TIGUAN,2,E01015938,0,3
2024430501091,2024,430501091,2,9,0,9,9,4,2,0,0,1,0,0,0,0,2,1,1,1,3,33,6,1968,2,6,VOLKSWAGEN TIGUAN,9,E01023197,0,4
2024451495840,2024,451495840,1,9,0,-1,4,7,3,-1,0,0,0,0,0,0,2,1,-1,9,2,31,6,1984,1,6,VOLKSWAGEN TIGUAN,10,E01030637,0,1
2024131518231,2024,131518231,1,9,0,-1,6,1,5,-1,0,5,0,0,-1,0,-1,1,-1,6,2,44,7,1498,1,0,VOLKSWAGEN TIGUAN,1,E01010838,0,1
2024010511344,2024,010511344,1,9,0,3,3,3,7,0,0,0,0,0,0,0,2,1,6,6,1,61,9,1498,1,2,VOLKSWAGEN TIGUAN,4,E01003803,0,3
2024070298800,2024,070298800,3,9,0,4,4,5,1,0,0,1,0,0,0,0,2,1,2,2,2,46,8,1395,1,6,VOLKSWAGEN TIGUAN,3,E01029593,0,3
2024010547718,2024,010547718,2,9,0,99,99,9,9,99,99,9,9,99,9,99,1,9,6,6,3,68,10,1498,1,3,VOLKSWAGEN TIGUAN,2,E01032565,0,2
2024010533020,2024,010533020,2,9,0,99,99,9,9,99,99,9,9,99,9,99,9,9,6,6,3,-1,-1,1968,2,6,VOLKSWAGEN TIGUAN,-1,-1,0,-1
2024991420002,2024,991420002,1,9,0,-1,19,1,5,-1,0,0,0,0,0,0,3,1,-1,9,1,67,10,1968,2,5,VOLKSWAGEN TIGUAN,4,-1,0,1
2024010542736,2024,010542736,1,9,0,18,19,6,2,0,0,1,0,10,6,4,1,1,1,1,1,28,6,1968,2,9,VOLKSWAGEN TIGUAN,8,E01000877,0,1
2024461412295,2024,461412295,2,9,0,-1,4,1,5,-1,0,1,0,0,0,0,-1,9,-1,6,1,45,7,1968,2,6,VOLKSWAGEN TIGUAN,8,E01024434,0,1
2024041492175,2024,041492175,1,9,0,-1,9,3,1,-1,0,8,0,0,0,0,3,1,-1,1,1,66,10,1968,2,9,VOLKSWAGEN TIGUAN,4,E01025402,0,1
2024201519155,2024,201519155,2,9,0,-1,2,0,0,-1,0,8,0,0,0,0,2,9,-1,6,-1,-1,-1,1498,1,2,VOLKSWAGEN TIGUAN,-1,-1,0,-1
2024520402302,2024,520402302,2,9,0,18,19,2,6,0,0,0,0,0,0,0,2,1,6,6,1,77,11,1968,2,9,VOLKSWAGEN TIGUAN,6,E01029060,0,1
2024340WN4482,2024,340WN4482,1,9,0,-1,19,7,3,-1,0,0,0,7,3,1,2,1,-1,9,1,71,10,1968,2,5,VOLKSWAGEN TIGUAN,9,E01027018,0,1
2024010544404,2024,010544404,2,9,0,18,19,5,1,0,0,8,0,0,0,0,1,1,6,6,1,49,8,1968,2,4,VOLKSWAGEN TIGUAN,6,E01004647,0,1
2024421437691,2024,421437691,1,9,0,-1,6,1,3,-1,0,0,0,0,0,0,1,1,-1,6,2,45,7,1498,1,4,VOLKSWAGEN TIGUAN,7,E01021761,0,1
2024421457007,2024,421457007,1,9,-1,-1,19,2,7,-1,0,4,0,0,0,0,1,9,-1,6,3,-1,-1,1968,2,12,VOLKSWAGEN TIGUAN,-1,-1,0,-1
2024340NN1032,2024,340NN1032,1,9,0,-1,19,3,7,-1,0,0,0,0,0,0,1,1,-1,6,1,33,6,1968,2,7,VOLKSWAGEN TIGUAN,7,E01027323,0,2
2024546195024,2024,546195024,1,9,0,18,19,5,1,0,0,0,0,0,0,0,1,1,6,6,2,35,6,1395,1,6,VOLKSWAGEN TIGUAN,6,E01015489,0,1
2024332401143,2024,332401143,1,9,0,-1,7,4,6,-1,0,6,0,0,0,0,2,1,-1,9,1,83,11,1968,2,11,VOLKSWAGEN TIGUAN,10,E01025713,0,1
2024061435699,2024,061435699,2,9,0,-1,-1,-1,-1,-1,-1,0,-1,-1,-1,0,-1,9,-1,6,3,-1,-1,1498,1,3,VOLKSWAGEN TIGUAN,-1,-1,0,-1
2024430505465,2024,430505465,2,9,0,18,19,0,0,0,0,0,0,0,1,11,-1,1,6,6,3,-1,-1,1498,1,3,VOLKSWAGEN TIGUAN,-1,-1,0,-1
2024411452912,2024,411452912,2,9,0,-1,19,5,1,-1,0,0,0,0,0,0,2,1,-1,9,1,55,8,1968,2,10,VOLKSWAGEN TIGUAN,10,E01025478,0,5
2024440530324,2024,440530324,1,9,0,18,19,1,5,0,0,0,0,0,0,0,1,1,6,6,1,70,10,1390,1,10,VOLKSWAGEN TIGUAN,6,E01022911,0,1
2024201497817,2024,201497817,2,9,0,-1,5,3,7,-1,0,2,0,0,0,0,3,1,-1,6,1,35,6,1498,1,1,VOLKSWAGEN TIGUAN,1,E01009141,0,1
2024991399620,2024,991399620,1,9,0,-1,7,1,4,-1,0,0,0,0,0,0,1,1,-1,9,1,70,10,1498,1,2,VOLKSWAGEN TIGUAN,10,-1,0,3
2024501508634,2024,501508634,1,9,0,-1,7,1,3,-1,0,3,0,0,0,0,1,1,-1,9,2,33,6,1498,1,5,VOLKSWAGEN TIGUAN,1,E01015048,0,1
2024430461305,2024,430461305,2,9,0,18,19,5,1,0,0,0,0,0,0,0,1,1,6,6,2,43,7,1984,1,14,VOLKSWAGEN TIGUAN,9,E01032947,0,3
2024141497790,2024,141497790,1,9,0,-1,19,3,8,-1,0,1,0,0,0,0,3,1,-1,2,1,24,5,1498,1,3,VOLKSWAGEN TIGUAN,1,E01007472,0,1
2024451410431,2024,451410431,2,9,0,-1,19,3,7,-1,0,0,0,0,0,0,2,1,-1,6,2,51,8,1968,2,15,VOLKSWAGEN TIGUAN,8,E01001062,0,3
2024430630819,2024,430630819,1,9,0,2,2,-1,-1,0,0,0,0,0,0,0,4,1,6,6,1,28,6,1498,1,0,VOLKSWAGEN TIGUAN,4,E01015724,0,4
2024010509509,2024,010509509,3,9,0,5,5,0,5,9,9,1,0,0,0,0,1,1,6,6,2,44,7,1498,1,1,VOLKSWAGEN TIGUAN,2,E01003313,0,1
2024221412836,2024,221412836,2,9,0,-1,19,8,5,-1,0,2,0,0,0,0,3,9,-1,6,2,55,8,1498,1,4,VOLKSWAGEN TIGUAN,2,E01014144,0,2
2024471534748,2024,471534748,2,9,0,-1,19,1,7,-1,0,1,0,0,0,0,4,1,-1,9,2,38,7,1968,2,9,VOLKSWAGEN TIGUAN,4,E01031415,0,1
2024440526398,2024,440526398,2,9,0,2,2,0,0,0,0,2,0,0,0,0,4,1,6,6,1,-1,-1,1498,1,4,VOLKSWAGEN TIGUAN,-1,-1,0,-1
2024041511006,2024,041511006,2,9,0,-1,19,3,7,-1,0,0,0,0,0,0,2,1,-1,6,2,26,6,1498,1,1,VOLKSWAGEN TIGUAN,2,E01025075,0,2
2024010499925,2024,010499925,2,9,0,4,4,5,1,0,0,4,0,0,0,0,2,1,6,6,1,62,9,1498,1,4,VOLKSWAGEN TIGUAN,2,E01000661,0,4
2024461501326,2024,461501326,2,9,0,-1,19,2,6,-1,0,0,0,0,1,0,1,1,-1,6,2,40,7,1968,2,7,VOLKSWAGEN TIGUAN,6,E01024361,0,2
2024161422322,2024,161422322,1,9,0,-1,7,7,1,-1,0,5,0,0,0,0,4,9,-1,9,2,30,6,1968,2,6,VOLKSWAGEN TIGUAN,7,E01013035,0,2
2024302401298,2024,302401298,2,9,0,9,9,4,1,0,0,1,0,0,0,0,3,1,6,6,2,38,7,1984,1,5,VOLKSWAGEN TIGUAN,10,E01002937,0,5
2024031469949,2024,031469949,1,9,0,-1,5,4,4,-1,0,1,0,0,0,0,4,1,-1,2,2,50,8,1498,1,5,VOLKSWAGEN TIGUAN,-1,-1,0,-1
2024061540722,2024,061540722,1,9,0,-1,12,1,5,-1,0,2,0,0,0,0,1,9,-1,6,3,-1,-1,1498,1,0,VOLKSWAGEN TIGUAN,-1,-1,0,-1
2024461534088,2024,461534088,2,9,0,-1,19,5,1,-1,0,0,0,0,0,0,3,9,-1,9,1,34,6,1968,2,9,VOLKSWAGEN TIGUAN,2,E01024664,0,1
2024131507665,2024,131507665,1,9,0,-1,19,1,5,-1,0,8,0,0,0,0,-1,1,-1,6,3,-1,-1,1968,2,7,VOLKSWAGEN TIGUAN,-1,-1,0,-1
2024101486803,2024,101486803,3,9,0,-1,3,5,1,-1,0,0,0,0,0,0,2,1,-1,9,2,60,9,1968,2,6,VOLKSWAGEN TIGUAN,2,E01027528,0,1
2024461501184,2024,461501184,2,9,0,-1,3,7,3,-1,0,0,0,0,0,0,2,1,-1,1,2,30,6,1968,2,5,VOLKSWAGEN TIGUAN,5,E01016029,0,3
2024461532366,2024,461532366,4,9,0,-1,4,3,7,-1,0,0,0,0,0,0,2,1,-1,6,2,40,7,1498,1,5,VOLKSWAGEN TIGUAN,8,E01024313,0,1
2024131434897,2024,131434897,1,9,0,-1,5,0,0,-1,-1,0,0,0,0,0,1,1,-1,6,1,34,6,1968,2,12,VOLKSWAGEN TIGUAN,1,E01011791,0,1
2024052402386,2024,052402386,1,9,0,18,19,2,6,0,0,0,0,0,0,0,1,1,6,6,1,49,8,1498,1,0,VOLKSWAGEN TIGUAN,1,E01006760,0,1
2024522401156,2024,522401156,1,9,0,7,7,2,4,0,0,2,0,0,0,0,1,1,6,6,2,31,6,1498,1,5,VOLKSWAGEN TIGUAN,10,E01014715,0,1
2024501463559,2024,501463559,1,9,0,-1,19,7,3,-1,0,1,0,0,0,0,1,1,-1,1,1,62,9,1968,2,11,VOLKSWAGEN TIGUAN,3,E01020218,0,4
2024361520418,2024,361520418,2,9,0,-1,19,1,5,-1,0,8,0,0,0,0,4,1,-1,6,2,55,8,1968,2,9,VOLKSWAGEN TIGUAN,4,E01026874,0,3
2024010520004,2024,010520004,1,9,0,9,9,3,8,0,0,2,0,0,0,0,0,1,6,6,1,49,8,1968,2,7,VOLKSWAGEN TIGUAN,3,E01001726,0,1
2024361469104,2024,361469104,2,9,0,-1,19,6,1,-1,0,1,0,0,0,0,1,1,-1,9,2,36,7,1968,2,3,VOLKSWAGEN TIGUAN,8,E01026500,0,1
2024361485452,2024,361485452,2,9,0,-1,8,5,1,-1,0,0,0,0,0,0,2,1,-1,2,2,53,8,1498,1,5,VOLKSWAGEN TIGUAN,9,E01026454,0,3
2024302401631,2024,302401631,2,9,0,4,4,8,4,0,0,0,0,0,0,0,2,1,6,6,1,28,6,1968,2,6,VOLKSWAGEN TIGUAN,5,E01019861,0,2
2024471523672,2024,471523672,1,9,0,-1,3,2,6,-1,0,1,0,0,0,0,2,1,-1,6,1,52,8,1968,2,1,VOLKSWAGEN TIGUAN,9,E01031590,0,1
2024351422703,2024,351422703,2,9,0,-1,19,5,1,-1,0,0,0,0,0,0,1,1,-1,2,1,44,7,1498,1,3,VOLKSWAGEN TIGUAN,8,E01029957,0,1
2024552400579,2024,552400579,1,9,0,18,19,2,6,0,0,8,0,9,7,1,1,1,2,2,1,26,6,1968,2,9,VOLKSWAGEN TIGUAN,8,E01019929,0,4
202454D642924,2024,54D642924,3,9,0,3,3,2,7,0,0,3,0,0,0,0,2,1,6,6,2,27,6,1984,1,4,VOLKSWAGEN TIGUAN,5,E01020057,0,5
2024320622954,2024,320622954,3,9,0,4,4,5,1,0,0,0,0,0,0,0,2,1,6,6,1,50,8,1968,2,11,VOLKSWAGEN TIGUAN,-1,-1,0,-1
2024201478240,2024,201478240,1,9,0,-1,19,8,4,-1,0,1,0,10,7,0,2,9,-1,6,3,53,8,1968,2,3,VOLKSWAGEN TIGUAN,5,E01010167,0,1
2024451444199,2024,451444199,1,9,0,-1,4,1,5,-1,0,0,0,0,0,0,2,1,-1,1,1,60,9,1498,1,5,VOLKSWAGEN TIGUAN,2,E01001528,0,4
2024440204617,2024,440204617,1,9,0,5,5,3,7,0,0,6,0,0,0,0,4,1,6,6,1,60,9,1498,1,4,VOLKSWAGEN TIGUAN,8,E01023280,0,1
2024010545229,2024,010545229,1,9,0,99,99,9,9,99,99,9,9,99,9,99,9,9,2,2,2,43,7,1968,2,0,VOLKSWAGEN TIGUAN,6,E01002630,0,3
2024010519131,2024,010519131,2,9,0,18,19,1,5,0,0,8,1,0,0,0,1,1,6,6,1,53,8,1968,2,8,VOLKSWAGEN TIGUAN,9,E01002322,0,1
2024991462282,2024,991462282,1,9,0,-1,5,4,8,-1,0,3,0,10,7,0,1,1,-1,6,1,30,6,1968,2,14,VOLKSWAGEN TIGUAN,-1,-1,0,-1
2024552400374,2024,552400374,2,9,0,4,4,7,3,0,0,8,0,0,0,0,2,1,6,6,2,53,8,1968,2,10,VOLKSWAGEN TIGUAN,5,E01020485,0,1
2024440361517,2024,440361517,1,9,0,9,9,5,3,0,0,8,0,0,0,0,3,1,6,6,1,31,6,1968,2,7,VOLKSWAGEN TIGUAN,10,E01023272,0,1
2024311436178,2024,311436178,2,9,0,-1,5,7,3,-1,0,5,0,0,0,0,3,1,-1,9,2,41,7,1968,2,9,VOLKSWAGEN TIGUAN,5,E01013937,0,1
2024061422448,2024,061422448,2,9,-1,-1,-1,-1,-1,-1,-1,0,-1,-1,-1,0,-1,9,-1,6,1,-1,-1,1968,2,7,VOLKSWAGEN TIGUAN,9,E01005742,0,1
2024311486892,2024,311486892,1,9,0,-1,19,7,2,-1,0,8,0,0,0,0,1,1,-1,6,1,77,11,1498,1,1,VOLKSWAGEN TIGUAN,6,E01028295,0,3
2024010536387,2024,010536387,1,9,0,99,99,9,9,99,99,9,9,99,9,99,2,9,6,6,2,49,8,1968,2,6,VOLKSWAGEN TIGUAN,7,E01002365,0,1
2024501468411,2024,501468411,2,9,0,-1,19,5,1,-1,0,8,0,0,0,0,4,1,-1,2,2,43,7,1968,2,5,VOLKSWAGEN TIGUAN,6,E01019897,0,1
2024052401249,2024,052401249,2,9,0,18,19,5,1,0,0,0,0,0,0,0,2,1,1,1,1,59,9,1498,1,2,VOLKSWAGEN TIGUAN,8,E01006992,0,3
2024061414860,2024,061414860,1,9,0,-1,7,-1,-1,-1,0,4,0,0,0,0,1,1,-1,6,2,43,7,1968,2,15,VOLKSWAGEN TIGUAN,9,E01005843,0,3
2024471432772,2024,471432772,2,9,0,-1,19,1,5,-1,0,0,0,0,0,0,2,1,-1,9,2,26,6,1968,2,15,VOLKSWAGEN TIGUAN,8,E01031664,0,1
2024010534706,2024,010534706,1,9,0,-1,-1,1,5,0,0,8,0,0,0,0,0,1,6,6,3,-1,-1,1498,1,2,VOLKSWAGEN TIGUAN,-1,-1,0,-1
2024201529848,2024,201529848,2,9,0,-1,3,8,4,-1,0,4,0,0,0,0,2,1,-1,9,2,57,9,1498,1,1,VOLKSWAGEN TIGUAN,2,E01034932,0,1
2024440197323,2024,440197323,3,9,0,3,3,1,5,0,0,1,0,0,0,0,2,1,6,6,1,45,7,1968,2,5,VOLKSWAGEN TIGUAN,9,E01022202,0,5
2024311476096,2024,311476096,2,9,0,-1,2,5,1,-1,0,0,0,0,0,0,1,1,-1,6,2,31,6,1498,1,3,VOLKSWAGEN TIGUAN,10,E01028346,0,3
2024440216101,2024,440216101,2,9,0,9,9,5,3,0,0,8,0,0,0,0,1,1,6,6,1,76,11,1968,2,11,VOLKSWAGEN TIGUAN,3,E01017079,0,1
2024421509725,2024,421509725,2,9,0,-1,5,1,5,-1,0,3,0,0,0,0,3,1,-1,6,1,33,6,1968,2,6,VOLKSWAGEN TIGUAN,2,E01003488,0,4
2024421436506,2024,421436506,2,9,0,-1,19,4,8,-1,0,0,1,0,0,0,1,1,-1,9,2,38,7,1968,2,9,VOLKSWAGEN TIGUAN,10,E01022070,0,4