collision_index,collision_year,collision_ref_no,vehicle_reference,vehicle_type,towing_and_articulation,vehicle_manoeuvre_historic,vehicle_manoeuvre,vehicle_direction_from,vehicle_direction_to,vehicle_location_restricted_lane_historic,vehicle_location_restricted_lane,junction_location,skidding_and_overturning,hit_object_in_carriageway,vehicle_leaving_carriageway,hit_object_off_carriageway,first_point_of_impact,vehicle_left_hand_drive,journey_purpose_of_driver_historic,journey_purpose_of_driver,sex_of_driver,age_of_driver,age_band_of_driver,engine_capacity_cc,propulsion_code,age_of_vehicle,generic_make_model,driver_imd_decile,lsoa_of_driver,escooter_flag,driver_distance_banding
2024421458127,2024,421458127,2,9,0,-1,19,6,2,-1,0,0,0,0,0,0,2,1,-1,2,2,54,8,1984,1,2,VOLKSWAGEN TIGUAN,5,E01034082,0,2
2024010526411,2024,010526411,1,9,0,18,19,8,4,0,0,1,0,0,0,0,2,1,6,6,1,78,11,1984,1,6,VOLKSWAGEN TIGUAN,-1,-1,0,-1
2024131447960,2024,131447960,1,9,0,-1,5,1,1,-1,0,8,0,0,0,0,1,1,-1,6,2,28,6,1968,2,5,VOLKSWAGEN TIGUAN,1,E01010631,0,2
2024471484306,2024,471484306,2,9,0,-1,19,5,1,-1,0,0,0,0,0,0,3,1,-1,9,2,35,6,1968,2,6,VOLKSWAGEN TIGUAN,7,E01002349,0,4
2024421484092,2024,421484092,1,9,0,-1,9,1,5,-1,0,2,0,0,0,0,1,1,-1,6,1,-1,-1,1498,8,0,VOLKSWAGEN TIGUAN,-1,-1,0,-1
2024111427125,2024,111427125,2,9,0,-1,10,6,3,-1,0,1,0,0,0,0,2,1,-1,6,2,45,7,1984,1,1,VOLKSWAGEN TIGUAN,4,E01034490,0,1
2024522402761,2024,522402761,1,9,0,18,19,8,4,0,0,1,0,0,0,0,1,1,6,6,3,-1,-1,1498,1,2,VOLKSWAGEN TIGUAN,-1,-1,0,-1
2024070692190,2024,070692190,1,9,0,18,19,8,4,0,0,8,5,0,0,0,4,1,6,6,1,40,7,1968,2,10,VOLKSWAGEN TIGUAN,6,E01034668,0,1
2024461439122,2024,461439122,1,9,0,-1,19,3,7,-1,0,0,0,0,0,0,1,1,-1,9,2,34,6,1498,1,0,VOLKSWAGEN TIGUAN,8,E01016138,0,2
2024122401211,2024,122401211,1,9,0,4,4,5,1,0,0,0,0,0,0,0,0,1,6,6,1,59,9,1968,2,0,VOLKSWAGEN TIGUAN,5,E01022321,0,5
2024041531430,2024,041531430,2,9,0,-1,5,1,5,-1,0,1,0,0,0,0,3,1,-1,9,1,78,11,1498,1,1,VOLKSWAGEN TIGUAN,2,E01024959,0,4
2024631492034,2024,631492034,2,9,0,-1,10,6,2,-1,0,8,0,0,0,0,2,1,-1,6,2,56,9,1968,2,6,VOLKSWAGEN TIGUAN,8,E01014111,0,5
2024451439672,2024,451439672,2,9,0,-1,3,6,2,-1,0,1,0,0,0,0,2,1,-1,9,2,47,8,1498,8,0,VOLKSWAGEN TIGUAN,8,E01030687,0,1
2024010488473,2024,010488473,2,9,0,18,19,1,5,0,0,0,0,0,0,0,1,1,6,6,2,29,6,1968,2,5,VOLKSWAGEN TIGUAN,-1,-1,0,-1
2024421462631,2024,421462631,2,9,0,-1,19,3,7,-1,0,0,0,0,0,0,4,1,-1,6,2,40,7,1968,2,7,VOLKSWAGEN TIGUAN,8,E01021463,0,3
2024122400528,2024,122400528,2,9,0,5,5,7,3,0,0,6,0,0,0,0,3,1,6,6,2,55,8,1498,1,3,VOLKSWAGEN TIGUAN,10,E01027641,0,1
2024131510671,2024,131510671,2,9,0,-1,19,3,7,-1,0,0,0,0,0,0,2,1,-1,9,1,46,8,1968,2,10,VOLKSWAGEN TIGUAN,1,E01010610,0,1
2024221486680,2024,221486680,1,9,0,-1,19,1,6,-1,0,2,0,0,1,4,1,1,-1,9,1,53,8,1498,1,3,VOLKSWAGEN TIGUAN,4,E01028992,0,1
2024010524446,2024,010524446,2,9,0,99,99,9,9,99,99,9,9,99,9,99,1,9,6,6,3,-1,-1,1968,2,6,VOLKSWAGEN TIGUAN,-1,-1,0,-1
2024351463877,2024,351463877,1,9,0,-1,4,7,3,-1,0,0,0,0,0,0,1,1,-1,6,1,53,8,1968,2,1,VOLKSWAGEN TIGUAN,4,E01015614,0,1
2024031481620,2024,031481620,1,9,0,-1,19,1,7,-1,0,0,0,0,0,0,1,1,-1,9,2,27,6,1968,2,9,VOLKSWAGEN TIGUAN,-1,-1,0,-1
2024991404842,2024,991404842,1,9,0,-1,19,1,5,-1,0,0,0,0,0,0,1,1,-1,2,1,62,9,1968,2,3,VOLKSWAGEN TIGUAN,5,-1,0,4
2024451474970,2024,451474970,1,9,0,-1,19,8,4,-1,0,0,0,0,0,0,4,1,-1,9,1,39,7,1498,1,5,VOLKSWAGEN TIGUAN,10,W01001130,0,5
2024141411887,2024,141411887,1,9,0,-1,19,7,3,-1,0,0,0,0,0,0,1,1,-1,6,1,54,8,1968,2,7,VOLKSWAGEN TIGUAN,1,E01007563,0,1
2024221421301,2024,221421301,2,9,0,-1,19,5,1,-1,0,0,0,0,0,0,2,9,-1,1,2,26,6,1968,2,6,VOLKSWAGEN TIGUAN,5,E01032309,0,1
2024461452107,2024,461452107,2,9,0,-1,19,5,1,-1,0,1,0,0,0,0,4,1,-1,9,2,56,9,1968,2,12,VOLKSWAGEN TIGUAN,6,E01035003,0,2
2024010544922,2024,010544922,2,9,0,99,99,9,9,99,99,0,9,99,9,99,1,9,6,6,3,-1,-1,1498,1,4,VOLKSWAGEN TIGUAN,-1,-1,0,-1
2024411506561,2024,411506561,1,9,0,-1,19,1,5,-1,0,1,0,0,0,0,1,1,-1,6,2,41,7,1968,2,1,VOLKSWAGEN TIGUAN,6,E01022095,0,3
2024041477070,2024,041477070,3,9,0,-1,2,1,5,-1,0,2,0,0,0,0,0,1,-1,6,-1,-1,-1,1968,2,1,VOLKSWAGEN TIGUAN,-1,-1,0,-1
2024501507754,2024,501507754,1,9,0,-1,19,3,7,-1,0,0,0,0,0,0,1,1,-1,6,1,50,8,1968,2,10,VOLKSWAGEN TIGUAN,4,E01018987,0,2
2024421438419,2024,421438419,1,9,0,-1,19,8,4,-1,0,0,0,0,0,0,1,1,-1,9,1,73,10,1968,2,10,VOLKSWAGEN TIGUAN,10,E01021739,0,1
2024371526215,2024,371526215,1,9,0,-1,14,1,5,-1,0,0,0,0,0,0,1,1,-1,9,1,69,10,1968,2,12,VOLKSWAGEN TIGUAN,4,E01026648,0,1
2024131472450,2024,131472450,1,9,0,-1,7,1,7,-1,0,1,0,0,1,0,4,1,-1,9,2,54,8,1968,2,12,VOLKSWAGEN TIGUAN,3,E01010825,0,1
2024010549366,2024,010549366,1,9,0,2,2,0,0,1,1,0,0,0,7,0,1,1,6,6,3,-1,-1,1968,2,5,VOLKSWAGEN TIGUAN,-1,-1,0,-1
2024010548092,2024,010548092,1,9,0,99,99,9,9,99,99,9,9,99,9,99,9,9,6,6,2,36,7,1498,1,3,VOLKSWAGEN TIGUAN,3,E01002646,0,1
2024061532700,2024,061532700,2,9,0,-1,19,7,3,-1,0,8,0,0,0,0,1,1,-1,6,1,59,9,1968,2,13,VOLKSWAGEN TIGUAN,-1,-1,0,-1
2024131438436,2024,131438436,1,9,0,-1,9,0,0,-1,0,8,0,0,0,0,1,1,-1,7,2,31,6,1968,2,7,VOLKSWAGEN TIGUAN,6,E01010588,0,2
2024161425145,2024,161425145,1,9,0,-1,7,1,3,-1,0,0,0,0,1,0,4,1,-1,9,1,85,11,1498,1,5,VOLKSWAGEN TIGUAN,8,E01012935,0,1
2024351532089,2024,351532089,1,9,0,-1,19,1,5,-1,0,0,5,0,0,0,1,1,-1,6,2,49,8,1968,2,2,VOLKSWAGEN TIGUAN,5,E01033180,0,1
2024211501595,2024,211501595,1,9,0,-1,1,1,5,-1,0,0,0,0,0,0,2,1,-1,6,2,20,4,1395,1,6,VOLKSWAGEN TIGUAN,-1,-1,0,-1
2024631424617,2024,631424617,2,9,0,-1,19,1,4,-1,0,1,0,0,0,0,4,1,-1,6,1,67,10,1498,1,3,VOLKSWAGEN TIGUAN,4,W01001964,0,4
2024421449727,2024,421449727,1,9,0,-1,5,7,3,-1,0,1,0,0,0,0,1,9,-1,6,3,-1,-1,1395,8,2,VOLKSWAGEN TIGUAN,-1,-1,0,-1
2024991500772,2024,991500772,2,9,0,-1,19,5,1,-1,9,1,0,0,7,0,1,1,-1,2,1,57,9,1968,2,8,VOLKSWAGEN TIGUAN,-1,-1,0,-1
2024010545420,2024,010545420,2,9,0,9,9,5,3,0,0,8,0,0,0,0,1,1,6,6,1,30,6,1498,1,1,VOLKSWAGEN TIGUAN,10,E01023567,0,3
2024371506537,2024,371506537,2,9,0,-1,19,7,3,-1,0,0,0,0,0,0,4,1,-1,9,2,30,6,1968,2,7,VOLKSWAGEN TIGUAN,8,E01030107,0,1
2024340NN1382,2024,340NN1382,3,9,0,-1,3,7,3,-1,0,2,0,0,0,0,2,1,-1,9,1,48,8,1395,8,1,VOLKSWAGEN TIGUAN,9,E01015684,0,4
2024401533930,2024,401533930,1,9,0,-1,19,3,7,-1,0,0,1,10,1,7,3,1,-1,6,1,46,8,1498,1,0,VOLKSWAGEN TIGUAN,4,E01017536,0,1
2024201450592,2024,201450592,1,9,0,-1,5,3,4,-1,9,6,0,0,0,0,1,1,-1,7,2,36,7,1498,1,1,VOLKSWAGEN TIGUAN,5,E01008951,0,1
2024070942348,2024,070942348,1,9,0,-1,19,7,3,-1,0,0,0,0,0,0,4,1,-1,6,2,32,6,1498,1,5,VOLKSWAGEN TIGUAN,4,E01035382,0,1
2024211538024,2024,211538024,3,9,0,-1,19,7,8,-1,0,0,0,0,0,0,1,1,-1,6,2,37,7,1968,2,12,VOLKSWAGEN TIGUAN,9,E01031939,0,5
2024311461565,2024,311461565,1,9,0,-1,6,7,3,-1,0,0,0,0,0,0,3,1,-1,6,1,79,11,1968,2,16,VOLKSWAGEN TIGUAN,5,E01007583,0,4
2024010543430,2024,010543430,1,9,0,18,19,7,3,0,0,0,0,0,0,0,1,1,6,6,2,34,6,1968,2,2,VOLKSWAGEN TIGUAN,2,E01000034,0,1
2024531521856,2024,531521856,3,9,0,-1,4,1,5,-1,0,1,0,0,0,0,2,1,-1,9,1,45,7,1968,2,8,VOLKSWAGEN TIGUAN,10,E01022113,0,1
2024461532883,2024,461532883,5,9,0,-1,19,1,5,-1,0,0,0,0,0,0,2,1,-1,1,1,72,10,1498,1,0,VOLKSWAGEN TIGUAN,7,E01024245,0,3
2024122400388,2024,122400388,2,9,0,18,19,5,1,0,0,1,1,0,0,0,1,1,6,6,1,58,9,1968,2,1,VOLKSWAGEN TIGUAN,9,E01032593,0,4
2024010522417,2024,010522417,2,9,0,99,99,9,9,99,99,9,9,99,9,99,1,9,6,6,3,-1,-1,1968,2,6,VOLKSWAGEN TIGUAN,-1,-1,0,-1
2024501459915,2024,501459915,1,9,0,-1,2,0,0,-1,0,0,0,0,0,0,2,9,-1,6,2,42,7,1968,2,10,VOLKSWAGEN TIGUAN,3,E01015084,0,1
2024211461513,2024,211461513,2,9,0,-1,19,5,1,-1,0,0,0,0,0,0,2,1,-1,9,2,28,6,1984,1,8,VOLKSWAGEN TIGUAN,10,E01029380,0,1
2024461401869,2024,461401869,1,9,0,-1,9,6,8,-1,0,5,0,0,6,0,3,1,-1,2,2,28,6,1968,2,16,VOLKSWAGEN TIGUAN,3,E01024535,0,1
2024430371781,2024,430371781,2,9,0,18,19,6,2,0,0,3,0,0,0,0,3,1,6,6,2,23,5,1498,1,1,VOLKSWAGEN TIGUAN,2,E01013910,0,4
2024411452384,2024,411452384,1,9,-1,-1,-1,-1,-1,-1,-1,-1,-1,-1,-1,0,3,9,-1,6,1,34,6,1498,1,5,VOLKSWAGEN TIGUAN,9,E01023655,0,1
2024010549710,2024,010549710,1,9,0,99,99,9,9,99,99,9,9,99,9,99,1,9,6,6,3,-1,-1,1498,1,5,VOLKSWAGEN TIGUAN,7,E01015694,0,4
2024010550400,2024,010550400,2,9,0,18,19,1,5,0,0,8,0,0,0,0,3,1,6,6,2,39,7,1498,1,1,VOLKSWAGEN TIGUAN,8,E01021752,0,1
2024991458140,2024,991458140,2,9,0,-1,9,4,2,-1,0,3,0,0,0,0,4,1,-1,6,1,30,6,1498,1,0,VOLKSWAGEN TIGUAN,1,-1,0,2
2024052400639,2024,052400639,1,9,0,9,9,6,4,0,0,8,0,0,0,0,1,1,6,6,1,34,6,1498,1,1,VOLKSWAGEN TIGUAN,1,E01006556,0,1
2024471421466,2024,471421466,1,9,0,-1,7,7,1,-1,0,0,0,0,0,0,1,1,-1,6,1,32,6,1395,1,7,VOLKSWAGEN TIGUAN,2,E01016911,0,1
2024161504122,2024,161504122,1,9,0,-1,6,5,5,-1,0,1,0,0,0,0,3,1,-1,2,2,33,6,1498,1,5,VOLKSWAGEN TIGUAN,3,E01012901,0,4
2024010522800,2024,010522800,1,9,0,99,99,9,9,99,99,0,9,99,9,99,9,9,6,6,1,32,6,1498,1,1,VOLKSWAGEN TIGUAN,5,E01033099,0,1
2024041534033,2024,041534033,2,9,0,-1,8,3,7,-1,0,0,0,0,0,0,2,1,-1,9,1,57,9,1968,2,14,VOLKSWAGEN TIGUAN,3,E01025065,0,1
2024131398706,2024,131398706,2,9,0,-1,19,7,3,-1,0,0,0,0,0,0,1,1,-1,9,1,63,9,1968,2,9,VOLKSWAGEN TIGUAN,1,E01011339,0,2
2024111535775,2024,111535775,1,9,0,-1,1,0,0,-1,0,1,0,0,0,0,2,1,-1,6,2,75,10,1968,2,9,VOLKSWAGEN TIGUAN,5,E01034511,0,2
2024991439617,2024,991439617,1,9,0,-1,19,4,8,-1,0,1,1,0,1,5,4,1,-1,6,1,29,6,1968,2,10,VOLKSWAGEN TIGUAN,3,-1,0,2
2024010506966,2024,010506966,2,9,0,18,19,1,5,0,0,1,0,0,0,0,3,1,6,6,2,34,6,1498,1,0,VOLKSWAGEN TIGUAN,4,E01000189,0,2
2024332401219,2024,332401219,1,9,0,-1,5,8,4,-1,0,0,0,0,0,0,1,1,-1,6,1,65,9,1498,8,0,VOLKSWAGEN TIGUAN,10,E01025783,0,2
2024401439812,2024,401439812,5,9,0,-1,2,0,0,-1,0,2,0,4,0,0,2,1,-1,6,-1,-1,-1,1968,2,6,VOLKSWAGEN TIGUAN,-1,-1,0,-1
2024070635998,2024,070635998,1,9,0,9,9,8,5,0,0,1,0,0,0,0,1,1,6,6,2,36,7,1498,1,2,VOLKSWAGEN TIGUAN,1,E01019761,0,2
2024010544234,2024,010544234,3,9,0,18,19,7,3,0,0,4,0,0,0,0,4,1,2,2,1,57,9,1395,8,2,VOLKSWAGEN TIGUAN,-1,-1,0,-1
2024461414802,2024,461414802,3,9,0,-1,19,7,3,-1,0,0,0,0,0,0,3,1,-1,2,1,51,8,1968,2,8,VOLKSWAGEN TIGUAN,9,E01032735,0,1
2024211451788,2024,211451788,2,9,0,-1,5,5,7,-1,0,1,0,0,0,0,4,9,-1,6,1,41,7,1968,2,5,VOLKSWAGEN TIGUAN,8,E01029435,0,1
2024061513137,2024,061513137,1,9,0,-1,19,5,1,-1,0,2,0,0,0,0,1,1,-1,9,1,36,7,1498,8,0,VOLKSWAGEN TIGUAN,2,E01005976,0,1
2024501490700,2024,501490700,1,9,0,-1,19,1,5,-1,0,1,5,0,0,0,1,1,-1,9,1,70,10,1968,2,12,VOLKSWAGEN TIGUAN,9,E01025886,0,5
2024010545911,2024,010545911,2,9,0,99,99,9,9,99,99,9,9,99,9,99,1,9,6,6,3,-1,-1,1498,1,5,VOLKSWAGEN TIGUAN,3,E01001325,0,1
2024421519812,2024,421519812,4,9,0,-1,19,5,1,-1,0,0,0,0,0,0,1,1,-1,1,1,50,8,1968,2,5,VOLKSWAGEN TIGUAN,1,E01021305,0,2
2024552401152,2024,552401152,2,9,0,18,19,2,6,0,0,8,0,0,0,0,1,1,2,2,2,48,8,1968,2,16,VOLKSWAGEN TIGUAN,5,E01020577,0,3
2024010544473,2024,010544473,1,9,4,99,99,9,9,99,99,9,9,99,9,99,1,9,6,6,2,43,7,1968,2,5,VOLKSWAGEN TIGUAN,9,E01000647,0,1
2024010508717,2024,010508717,3,9,0,18,19,5,1,0,0,2,0,0,0,0,0,1,6,6,1,46,8,1968,2,5,VOLKSWAGEN TIGUAN,3,E01021276,0,4
2024131473746,2024,131473746,2,9,0,-1,3,5,1,-1,0,1,0,0,0,0,2,1,-1,2,1,49,8,1968,2,11,VOLKSWAGEN TIGUAN,2,E01010665,0,1
2024131440757,2024,131440757,3,9,0,-1,2,0,0,-1,0,2,0,0,0,0,2,1,-1,6,-1,-1,-1,1968,2,0,VOLKSWAGEN TIGUAN,-1,-1,0,-1
2024010504607,2024,010504607,2,9,0,99,99,9,9,99,99,9,9,99,9,99,2,9,6,6,3,-1,-1,1968,2,1,VOLKSWAGEN TIGUAN,-1,-1,0,-1
2024041461692,2024,041461692,1,9,0,-1,9,5,7,-1,0,0,0,0,0,0,4,1,-1,9,1,86,11,1968,2,10,VOLKSWAGEN TIGUAN,3,E01025442,0,1
2024991414761,2024,991414761,2,9,0,-1,19,6,2,-1,0,0,0,0,0,0,1,1,-1,9,1,69,10,1560,2,15,VOLVO C30,3,-1,0,3
2024101407262,2024,101407262,2,9,0,-1,9,7,5,-1,0,6,0,0,0,0,3,1,-1,9,1,39,7,1560,2,12,VOLVO C30,4,E01008496,0,1
2024332400617,2024,332400617,2,9,0,-1,19,7,3,-1,0,8,0,0,0,0,1,1,-1,9,1,50,8,1997,2,14,VOLVO C30,9,E01025640,0,2
2024141511644,2024,141511644,2,9,0,-1,2,0,0,-1,9,0,0,0,0,0,4,1,-1,6,-1,-1,-1,1999,1,13,VOLVO C30,-1,-1,0,-1
2024531478926,2024,531478926,1,9,0,-1,11,5,5,-1,0,0,0,0,0,0,1,1,-1,2,1,60,9,1560,2,16,VOLVO C30,8,E01033850,0,4
2024421524118,2024,421524118,1,9,0,-1,19,2,6,-1,0,0,0,0,0,0,1,9,-1,6,1,25,5,1596,1,15,VOLVO C30,10,E01015914,0,2
2024501475354,2024,501475354,1,9,0,-1,19,1,5,-1,0,0,1,4,0,0,1,1,-1,6,1,20,4,1560,2,14,VOLVO C30,5,E01015237,0,1
2024161529996,2024,161529996,2,9,0,-1,19,1,5,-1,0,0,0,0,0,0,1,1,-1,6,2,34,6,1560,2,13,VOLVO C30,3,E01013192,0,1
202460Q089558,2024,60Q089558,3,9,0,18,19,1,5,0,0,0,1,0,0,0,1,1,6,6,1,74,10,1596,1,17,VOLVO C30,-1,-1,0,-1
2024522403248,2024,522403248,1,9,0,4,4,5,1,0,0,0,0,0,0,0,2,1,6,6,1,21,5,1560,2,13,VOLVO C30,10,E01014616,0,4
2024991530490,2024,991530490,2,9,0,-1,19,3,7,-1,0,3,0,0,0,0,3,2,-1,9,1,37,7,1560,2,15,VOLVO C30,7,-1,0,3
2024061422453,2024,061422453,1,9,0,-1,19,2,6,-1,0,0,0,0,7,1,1,1,-1,6,1,28,6,1999,1,17,VOLVO C30,1,E01005733,0,2
202417L307224,2024,17L307224,1,9,0,-1,19,7,3,-1,0,8,0,0,0,0,3,1,-1,9,2,32,6,1560,2,13,VOLVO C30,2,E01012101,0,1
2024231486425,2024,231486425,2,9,0,-1,19,6,2,-1,0,8,0,0,0,0,1,9,-1,6,1,39,7,1984,2,13,VOLVO C30,6,E01031033,0,1
2024221504011,2024,221504011,1,9,0,-1,19,1,5,-1,0,0,0,0,0,0,1,9,-1,6,2,30,6,1997,2,14,VOLVO C30,3,E01014010,0,2
2024061419229,2024,061419229,2,9,-1,-1,-1,-1,-1,-1,-1,0,-1,-1,-1,0,-1,9,-1,6,1,-1,-1,2521,1,17,VOLVO C30,5,E01005507,0,2
2024010510846,2024,010510846,1,9,0,7,7,5,7,0,0,1,0,0,0,0,1,1,6,6,1,63,9,1596,1,16,VOLVO C30,3,E01001449,0,1
2024430343596,2024,430343596,2,9,0,17,19,8,6,0,0,0,0,0,0,0,3,1,6,6,1,45,7,1560,2,15,VOLVO C30,-1,-1,0,-1
2024991414354,2024,991414354,4,9,0,-1,4,3,6,-1,0,1,0,0,0,0,2,1,-1,2,2,43,7,1560,2,11,VOLVO C30,-1,-1,0,-1
2024131531093,2024,131531093,1,9,0,-1,19,1,4,-1,0,1,0,0,0,0,1,1,-1,6,-1,-1,-1,1997,2,14,VOLVO C30,-1,-1,0,-1
2024122401013,2024,122401013,1,9,0,18,19,2,6,0,0,0,5,10,2,4,4,1,2,2,2,60,9,1560,2,11,VOLVO C30,6,E01027744,0,2
2024122400749,2024,122400749,2,9,0,18,19,3,7,0,0,1,0,0,0,0,1,1,6,6,1,43,7,1998,2,17,VOLVO C30,9,E01027900,0,1
2024131512689,2024,131512689,1,9,0,-1,11,2,6,-1,0,0,0,0,0,0,4,1,-1,6,3,-1,-1,1560,2,14,VOLVO C30,-1,-1,0,-1
2024351516159,2024,351516159,2,9,0,-1,19,1,5,-1,0,0,0,0,0,0,1,1,-1,6,2,60,9,1560,2,15,VOLVO C30,9,E01018299,0,2
2024471501002,2024,471501002,1,9,0,-1,19,4,8,-1,0,1,0,0,0,0,1,1,-1,2,2,60,9,1596,1,14,VOLVO C30,5,E01021084,0,2
2024340WN6952,2024,340WN6952,1,9,0,-1,19,7,3,-1,0,0,0,0,0,0,1,1,-1,2,1,42,7,1560,2,13,VOLVO C30,9,E01027074,0,3
2024440074815,2024,440074815,2,9,0,4,4,2,6,0,0,2,0,0,0,0,2,1,6,6,2,58,9,1997,2,15,VOLVO C30,-1,-1,0,-1
2024010548926,2024,010548926,1,9,0,99,99,9,9,99,99,9,9,99,9,99,3,1,6,6,1,38,7,1999,1,16,VOLVO C30,9,E01004281,0,1
2024221479683,2024,221479683,1,9,0,-1,19,8,4,-1,0,8,0,0,0,0,1,1,-1,6,2,33,6,1596,1,14,VOLVO C30,2,E01014047,0,4
2024131505670,2024,131505670,1,9,0,-1,19,5,3,-1,0,0,0,0,0,0,1,1,-1,6,1,33,6,1560,2,15,VOLVO C30,1,E01011838,0,1
2024340NN0982,2024,340NN0982,1,9,0,-1,19,1,5,-1,0,0,0,0,0,0,1,1,-1,9,1,18,4,1560,2,14,VOLVO C30,7,E01011707,0,5
2024991456000,2024,991456000,1,9,0,-1,19,5,7,-1,0,0,0,0,0,0,1,1,-1,6,2,18,4,1984,2,13,VOLVO C30,8,-1,0,1
2024201472467,2024,201472467,2,9,0,-1,9,4,2,-1,0,5,0,0,0,0,1,1,-1,6,1,26,6,1596,1,17,VOLVO C30,3,E01025308,0,5
2024010502274,2024,010502274,2,9,0,18,19,5,1,0,0,0,0,0,0,0,1,1,6,6,2,38,7,2435,1,17,VOLVO C30,3,E01033924,0,4
202460Q117212,2024,60Q117212,1,9,0,18,19,7,3,0,0,0,0,0,0,0,1,1,6,6,1,33,6,1560,2,14,VOLVO C30,-1,-1,0,-1
2024631510573,2024,631510573,2,9,0,-1,19,7,3,-1,0,0,0,0,0,0,1,1,-1,2,2,24,5,1560,2,14,VOLVO C30,5,W01000452,0,4
2024991399601,2024,991399601,1,9,0,-1,4,2,6,-1,0,3,0,4,0,0,1,1,-1,6,1,19,4,1598,1,14,VOLVO C30,-1,-1,0,-1
2024411484642,2024,411484642,1,9,0,-1,19,3,7,-1,0,0,0,0,0,0,1,1,-1,2,1,19,4,1596,1,15,VOLVO C30,6,E01023762,0,2
2024122500017,2024,122500017,2,9,0,9,9,3,5,0,0,1,0,7,0,0,3,1,6,6,2,32,6,1560,2,15,VOLVO C30,5,E01027798,0,1
2024501450781,2024,501450781,2,9,0,-1,19,3,7,-1,0,0,2,0,1,4,2,1,-1,9,2,70,10,1999,1,12,VOLVO C30,5,E01020070,0,4
2024061458227,2024,061458227,2,9,0,-1,2,7,7,-1,0,2,0,0,0,0,2,1,-1,6,-1,-1,-1,1560,2,14,VOLVO C30,-1,-1,0,-1
2024010509617,2024,010509617,2,9,0,99,99,9,9,99,99,6,9,99,9,99,9,9,6,6,3,-1,-1,1999,1,12,VOLVO C30,-1,-1,0,-1
202460Q110460,2024,60Q110460,1,9,0,9,9,6,2,0,0,1,0,0,0,0,3,1,6,6,1,18,4,1560,2,17,VOLVO C30,-1,-1,0,-1
2024471530978,2024,471530978,1,9,0,-1,19,2,6,-1,0,0,0,0,0,0,3,1,-1,2,1,48,8,1560,2,14,VOLVO C30,5,E01021133,0,2
2024991486590,2024,991486590,1,9,0,-1,6,3,7,-1,0,0,0,0,0,0,1,1,-1,6,1,22,5,1999,1,16,VOLVO C30,3,-1,0,1
2024991431301,2024,991431301,1,9,0,-1,19,8,4,-1,0,0,0,0,0,0,4,1,-1,9,-1,24,5,1596,1,16,VOLVO C30,-1,-1,0,-1
2024361393714,2024,361393714,1,9,0,-1,9,1,3,-1,0,1,0,0,0,0,1,1,-1,2,2,60,9,1596,1,14,VOLVO C30,4,E01026806,0,1
2024461400442,2024,461400442,1,9,0,-1,13,3,7,-1,0,0,1,0,0,0,1,9,-1,6,2,49,8,1596,1,14,VOLVO C30,5,E01024485,0,1
2024211464019,2024,211464019,1,9,0,-1,19,3,7,-1,0,1,0,0,0,0,4,1,-1,2,2,43,7,2435,1,16,VOLVO C30,-1,-1,0,-1
2024401513528,2024,401513528,1,9,0,-1,19,3,7,-1,0,0,0,0,0,0,1,1,-1,6,1,70,10,1999,1,12,VOLVO C30,-1,-1,0,-1
2024440531295,2024,440531295,1,9,0,4,4,7,3,0,0,1,0,0,0,0,1,1,6,6,2,66,10,1560,2,14,VOLVO C30,5,E01017124,0,1
2024430156816,2024,430156816,1,9,0,10,10,3,1,0,0,1,0,0,0,0,2,1,6,6,1,60,9,-1,-1,-1,-1,8,E01017814,0,1
2024052401865,2024,052401865,2,9,0,18,19,3,7,0,0,3,0,0,0,0,0,1,2,2,1,51,8,-1,-1,-1,-1,1,E01007228,0,4
2024131423986,2024,131423986,1,1,0,-1,9,2,1,-1,0,5,0,4,0,0,3,1,-1,6,1,13,3,-1,-1,-1,-1,2,E01011754,0,1
2024440312905,2024,440312905,1,1,0,18,19,7,3,0,0,8,0,0,0,0,4,1,6,6,1,74,10,-1,-1,-1,-1,6,E01022735,0,1
2024411476152,2024,411476152,2,1,0,-1,19,6,2,-1,0,8,0,0,0,0,4,1,-1,6,1,9,2,-1,-1,-1,-1,3,E01023613,0,1
2024010543429,2024,010543429,2,1,0,15,15,5,1,0,0,8,0,0,1,0,1,1,6,6,1,62,9,-1,-1,-1,-1,3,E01001744,0,1
2024501472272,2024,501472272,2,1,0,-1,19,2,6,-1,0,0,0,0,1,0,3,1,-1,1,1,27,6,-1,-1,-1,-1,2,E01020014,0,1
2024010487826,2024,010487826,1,8,0,99,99,9,9,99,99,0,9,99,9,99,2,9,6,6,1,38,7,-1,-1,-1,-1,8,E01000225,0,2
2024451401550,2024,451401550,1,98,0,-1,19,7,3,-1,0,0,0,0,0,0,1,1,-1,6,3,40,7,-1,-1,-1,-1,-1,-1,0,-1
2024010544423,2024,010544423,1,1,9,99,99,9,9,99,99,1,9,99,9,99,9,1,1,1,3,18,4,-1,-1,-1,-1,3,E01023538,0,3
2024401477381,2024,401477381,2,1,0,-1,19,6,2,-1,5,0,0,0,0,0,3,1,-1,6,1,49,8,-1,-1,-1,-1,7,E01034424,0,1
2024430621900,2024,430621900,3,9,0,10,10,1,5,0,0,1,0,0,0,0,0,1,6,6,1,40,7,-1,-1,-1,-1,-1,-1,0,-1
2024010489374,2024,010489374,1,19,0,18,19,7,3,0,0,0,0,0,0,0,1,1,6,6,3,-1,-1,-1,-1,-1,-1,-1,-1,0,-1
2024430160698,2024,430160698,1,9,0,18,19,7,2,0,0,3,0,0,0,0,1,1,6,6,1,49,8,-1,-1,-1,-1,-1,-1,0,-1
2024131401832,2024,131401832,1,9,0,-1,-1,-1,-1,-1,-1,8,-1,-1,-1,0,-1,1,-1,6,3,-1,-1,-1,-1,-1,-1,-1,-1,0,-1
2024101424157,2024,101424157,1,9,0,-1,19,4,8,-1,0,8,0,0,0,0,1,1,-1,6,1,-1,-1,-1,-1,-1,-1,-1,-1,0,-1
2024010494998,2024,010494998,1,9,0,99,99,9,9,99,99,0,9,99,9,99,2,1,6,6,2,24,5,-1,-1,-1,-1,6,E01000264,0,1