collision_index,collision_year,collision_ref_no,vehicle_reference,vehicle_type,towing_and_articulation,vehicle_manoeuvre_historic,vehicle_manoeuvre,vehicle_direction_from,vehicle_direction_to,vehicle_location_restricted_lane_historic,vehicle_location_restricted_lane,junction_location,skidding_and_overturning,hit_object_in_carriageway,vehicle_leaving_carriageway,hit_object_off_carriageway,first_point_of_impact,vehicle_left_hand_drive,journey_purpose_of_driver_historic,journey_purpose_of_driver,sex_of_driver,age_of_driver,age_band_of_driver,engine_capacity_cc,propulsion_code,age_of_vehicle,generic_make_model,driver_imd_decile,lsoa_of_driver,escooter_flag,driver_distance_banding
2024991484005,2024,991484005,1,9,0,-1,7,8,1,-1,0,6,0,0,0,0,3,1,-1,6,2,30,6,-1,-1,-1,-1,-1,-1,0,-1
202417H100224,2024,17H100224,3,9,0,2,2,0,0,0,0,2,0,0,0,0,2,1,6,6,2,-1,-1,-1,-1,-1,-1,3,E01011986,0,1
2024010547343,2024,010547343,2,9,0,99,99,9,9,0,0,8,0,99,9,0,9,1,6,6,3,-1,-1,-1,-1,-1,-1,-1,-1,0,-1
2024440007705,2024,440007705,2,-1,0,18,19,5,1,0,0,4,0,0,0,0,1,1,6,6,2,37,7,-1,-1,-1,-1,4,E01035447,1,1
2024010495088,2024,010495088,2,9,0,1,1,1,5,0,0,2,0,0,0,0,1,1,6,6,3,-1,-1,-1,-1,-1,-1,-1,-1,0,-1
2024010545692,2024,010545692,1,9,9,9,9,3,1,99,99,6,9,99,9,99,1,9,6,6,3,-1,-1,-1,-1,-1,-1,-1,-1,0,-1
2024010525565,2024,010525565,1,9,0,99,99,9,9,99,99,9,9,99,9,99,9,9,6,6,3,-1,-1,-1,-1,-1,-1,-1,-1,0,-1
2024010497102,2024,010497102,2,9,0,18,19,1,5,0,0,1,0,11,0,0,4,1,6,6,1,22,5,-1,-1,-1,-1,8,E01001069,0,4
2024201436888,2024,201436888,1,99,0,-1,19,2,6,-1,0,0,0,0,0,0,4,9,-1,1,1,63,9,-1,-1,-1,-1,-1,-1,0,-1
2024131415415,2024,131415415,1,9,0,-1,-1,-1,-1,-1,-1,-1,-1,-1,-1,-1,-1,1,-1,6,3,-1,-1,-1,-1,-1,-1,-1,-1,0,-1
2024041471805,2024,041471805,1,9,0,-1,5,7,3,-1,0,0,0,0,0,0,1,1,-1,9,1,54,8,-1,-1,-1,-1,4,E01025282,0,1
2024351434650,2024,351434650,1,9,-1,-1,-1,-1,-1,-1,-1,-1,-1,-1,-1,0,-1,9,-1,6,3,-1,-1,-1,-1,-1,-1,-1,-1,0,-1
2024461407527,2024,461407527,1,19,0,-1,12,3,7,-1,0,0,0,0,0,0,3,9,-1,6,3,-1,-1,-1,-1,-1,-1,-1,-1,0,-1
2024010517450,2024,010517450,1,1,9,99,99,9,9,99,99,9,9,99,9,99,9,1,2,2,2,33,6,-1,-1,-1,-1,4,E01003793,0,1
2024010520347,2024,010520347,2,9,0,99,99,9,9,99,99,0,9,99,9,99,2,9,6,6,3,-1,-1,-1,-1,-1,-1,-1,-1,0,-1
2024070935906,2024,070935906,2,1,9,-1,19,3,7,-1,9,0,0,0,0,0,9,1,-1,9,1,77,11,-1,-1,-1,-1,2,E01006439,0,3
2024411407514,2024,411407514,1,9,-1,-1,19,4,8,-1,0,0,0,0,0,0,3,9,-1,6,3,-1,-1,-1,-1,-1,-1,-1,-1,0,-1
2024451435275,2024,451435275,1,90,0,-1,19,1,5,-1,0,0,0,0,0,0,1,1,-1,1,1,31,6,-1,-1,-1,-1,10,E01003442,0,3
2024501521371,2024,501521371,1,9,0,-1,13,1,5,-1,0,0,1,0,1,10,3,1,-1,6,1,54,8,-1,-1,-1,-1,8,E01015097,0,4
202417H104024,2024,17H104024,2,1,0,-1,19,1,5,-1,0,6,0,0,0,0,1,1,-1,9,1,11,3,-1,-1,-1,-1,-1,-1,0,-1
2024131396093,2024,131396093,1,9,0,-1,19,4,8,-1,0,0,0,0,0,0,1,1,-1,6,1,-1,-1,-1,-1,-1,-1,-1,-1,0,-1
2024991404555,2024,991404555,1,9,0,-1,19,3,7,-1,0,0,2,0,8,0,3,1,-1,9,1,75,10,-1,-1,-1,-1,9,-1,0,5
2024141526361,2024,141526361,2,9,0,-1,7,1,7,-1,0,3,0,0,2,0,1,1,-1,2,1,19,4,-1,-1,-1,-1,2,E01007333,0,2
2024061473348,2024,061473348,1,1,0,-1,19,1,5,-1,4,5,2,0,1,0,1,1,-1,1,1,16,4,-1,-1,-1,-1,2,E01005178,0,1
2024201496660,2024,201496660,2,9,0,-1,3,5,1,-1,0,2,0,0,0,0,2,1,-1,2,1,27,6,-1,-1,-1,-1,-1,-1,0,-1
2024010541187,2024,010541187,3,1,0,18,19,4,8,0,0,0,2,0,1,0,3,1,2,2,1,31,6,-1,-1,-1,-1,5,E01000606,0,2
2024411524644,2024,411524644,4,9,0,-1,19,7,3,-1,0,0,0,0,0,0,1,9,-1,6,3,25,5,-1,-1,-1,-1,-1,-1,0,-1
2024440549341,2024,440549341,1,9,0,9,9,8,4,0,0,6,0,0,0,0,1,1,6,6,2,39,7,-1,-1,-1,-1,10,E01022891,0,2
2024221462195,2024,221462195,2,9,0,-1,4,1,5,-1,0,1,0,0,0,0,2,1,-1,6,1,40,7,-1,-1,-1,-1,5,E01014025,0,1
2024430127187,2024,430127187,2,9,0,18,19,3,7,0,0,1,0,0,0,0,1,1,6,6,2,61,9,-1,-1,-1,-1,10,E01017881,0,1
2024411441201,2024,411441201,2,1,0,-1,19,5,1,-1,0,0,0,0,0,0,3,1,-1,1,1,60,9,-1,-1,-1,-1,5,E01023369,0,2
2024010521829,2024,010521829,1,1,9,99,99,9,9,99,99,9,9,99,9,99,9,1,2,2,1,60,9,-1,-1,-1,-1,10,E01003881,0,2
2024522402635,2024,522402635,1,1,0,18,19,6,2,4,4,0,0,8,0,0,1,1,6,6,1,31,6,-1,-1,-1,-1,2,E01014489,0,1
2024061422805,2024,061422805,1,9,0,-1,-1,-1,-1,-1,-1,-1,-1,-1,-1,0,-1,2,-1,6,3,-1,-1,-1,-1,-1,-1,-1,-1,0,-1
2024311512501,2024,311512501,1,11,0,-1,19,2,6,-1,0,0,0,0,0,0,0,1,-1,1,1,-1,-1,-1,-1,-1,-1,-1,-1,0,-1
2024440376739,2024,440376739,1,9,0,18,19,3,7,0,0,1,1,0,0,0,1,1,6,6,1,70,10,-1,-1,-1,-1,8,E01022710,0,1
2024061446273,2024,061446273,2,1,-1,-1,19,5,1,-1,0,1,-1,0,0,0,3,1,-1,6,1,43,7,-1,-1,-1,-1,9,E01006086,0,1
2024010546650,2024,010546650,2,1,0,3,3,3,7,0,0,2,0,0,0,0,4,1,1,1,2,25,5,-1,-1,-1,-1,3,E01034387,0,1
2024010529034,2024,010529034,1,9,0,99,99,9,9,99,99,9,9,99,9,99,1,9,6,6,3,-1,-1,-1,-1,-1,-1,-1,-1,0,-1
2024461451857,2024,461451857,1,9,0,-1,9,3,1,-1,0,8,0,0,0,0,1,9,-1,6,3,-1,-1,-1,-1,-1,-1,-1,-1,0,-1
2024430295578,2024,430295578,2,1,0,18,19,6,2,0,0,2,0,0,0,0,3,1,6,6,1,-1,-1,-1,-1,-1,-1,4,E01016439,0,1
2024010547530,2024,010547530,1,1,9,99,99,9,9,99,99,9,9,99,9,99,9,1,2,2,1,60,9,-1,-1,-1,-1,10,E01003822,0,4
2024471523778,2024,471523778,3,9,0,-1,19,1,5,-1,0,0,0,0,0,0,0,9,-1,6,3,-1,-1,-1,-1,-1,-1,-1,-1,0,-1
2024361448830,2024,361448830,1,9,0,-1,19,8,4,-1,0,8,0,0,0,0,1,9,-1,9,1,74,10,-1,-1,-1,-1,5,E01026485,0,3
2024010549791,2024,010549791,2,1,0,18,19,5,1,0,0,1,0,0,0,0,1,1,2,2,1,27,6,-1,-1,-1,-1,8,E01003271,0,1
2024421481399,2024,421481399,2,9,0,-1,10,5,1,-1,0,1,0,0,0,0,2,1,-1,9,2,34,6,-1,-1,-1,-1,7,E01021361,0,1
2024010489785,2024,010489785,1,1,9,99,99,9,9,99,99,9,9,99,9,99,9,1,2,2,1,28,6,-1,-1,-1,-1,7,E01004620,0,1
2024610015824,2024,610015824,2,19,0,9,9,1,6,0,0,8,0,0,0,0,3,1,1,1,1,53,8,-1,-1,-1,-1,7,W01001568,0,4
2024531466830,2024,531466830,2,1,0,-1,19,3,7,-1,0,0,0,0,0,0,3,1,-1,2,2,42,7,-1,-1,-1,-1,4,E01022161,0,1
2024122400257,2024,122400257,1,9,0,18,19,3,7,0,0,0,0,11,0,0,1,1,6,6,1,20,4,-1,-1,-1,-1,5,E01027807,0,1
2024201554091,2024,201554091,2,1,0,-1,5,6,2,-1,0,8,0,0,0,0,1,1,-1,6,1,50,8,-1,-1,-1,-1,-1,-1,0,-1
2024552400247,2024,552400247,2,9,0,4,4,1,5,0,0,3,0,0,0,0,2,1,6,6,2,41,7,-1,-1,-1,-1,9,E01034378,0,4
2024010495928,2024,010495928,2,19,0,99,99,9,9,99,99,9,9,99,9,99,9,9,6,6,3,-1,-1,-1,-1,-1,-1,-1,-1,0,-1
2024631399173,2024,631399173,2,19,0,-1,19,1,5,-1,0,8,0,0,0,0,1,1,-1,2,1,39,7,-1,-1,-1,-1,4,W01000533,0,3
2024131466351,2024,131466351,1,90,0,-1,-1,-1,-1,-1,-1,-1,-1,-1,-1,-1,-1,1,-1,6,3,-1,-1,-1,-1,-1,-1,-1,-1,0,-1
2024211519533,2024,211519533,1,99,0,-1,19,1,5,-1,0,0,0,0,0,0,4,1,-1,6,3,21,5,-1,-1,-1,-1,-1,-1,0,-1
2024010536067,2024,010536067,1,1,9,99,99,9,9,99,99,1,9,99,9,99,9,1,6,6,3,29,6,-1,-1,-1,-1,4,E01004531,0,1
2024010545667,2024,010545667,1,1,9,99,99,9,9,99,99,9,9,99,9,99,1,1,2,2,1,33,6,-1,-1,-1,-1,5,E01004601,0,1
2024522402393,2024,522402393,1,1,0,18,19,2,6,0,0,8,0,0,0,0,3,1,6,6,1,37,7,-1,-1,-1,-1,2,E01014497,0,1
2024411493028,2024,411493028,1,9,0,-1,19,2,6,-1,0,1,0,0,0,0,1,1,-1,1,1,39,7,-1,-1,-1,-1,10,E01023451,0,1
2024061529236,2024,061529236,5,9,0,-1,4,8,4,-1,0,0,0,0,0,0,1,1,-1,2,1,51,8,-1,-1,-1,-1,10,E01005739,0,3
2024041458293,2024,041458293,2,97,0,-1,19,5,1,-1,0,1,2,0,0,0,1,1,-1,9,1,58,9,-1,-1,-1,-1,7,E01025576,0,1
2024540579824,2024,540579824,1,9,0,9,9,8,4,0,0,0,0,0,0,0,3,1,6,6,1,67,10,-1,-1,-1,-1,6,E01031989,0,1
2024471402339,2024,471402339,1,9,0,-1,-1,-1,-1,-1,-1,0,-1,-1,-1,0,-1,9,-1,6,3,-1,-1,-1,-1,-1,-1,-1,-1,0,-1
2024991456122,2024,991456122,1,1,0,-1,19,5,1,-1,0,2,0,0,0,0,3,1,-1,9,1,32,6,-1,-1,-1,-1,10,-1,0,1
2024302400918,2024,302400918,2,1,0,16,19,2,5,0,0,8,0,0,0,0,3,1,2,2,1,45,7,-1,-1,-1,-1,-1,-1,0,-1
2024552500083,2024,552500083,2,10,0,2,2,0,0,0,0,0,0,0,0,0,2,1,6,6,1,34,6,-1,-1,-1,-1,6,E01029189,0,3
2024461450808,2024,461450808,1,9,0,-1,19,4,6,-1,0,0,5,10,3,0,1,1,-1,9,1,49,8,-1,-1,-1,-1,3,E01016072,0,3
2024610003824,2024,610003824,1,9,0,9,9,8,5,0,0,2,0,0,0,0,4,1,6,6,1,43,7,-1,-1,-1,-1,1,W01001692,0,1
2024610002824,2024,610002824,2,1,0,18,19,1,5,0,0,1,0,0,0,0,1,1,6,6,1,15,3,-1,-1,-1,-1,1,W01001666,0,1
2024471466700,2024,471466700,3,9,0,-1,-1,-1,-1,-1,-1,-1,-1,-1,-1,0,-1,1,-1,6,2,-1,-1,-1,-1,-1,-1,-1,-1,0,-1
2024010516168,2024,010516168,2,1,0,18,19,2,6,0,0,7,0,0,0,0,1,1,1,1,1,21,5,-1,-1,-1,-1,3,E01002787,0,1
2024041513238,2024,041513238,1,23,0,-1,19,3,7,-1,0,1,0,0,0,0,1,1,-1,9,2,15,3,-1,-1,-1,-1,1,E01012601,0,1
2024101424996,2024,101424996,1,11,0,-1,19,3,7,-1,0,0,0,0,0,0,1,1,-1,1,1,25,5,-1,-1,-1,-1,-1,-1,0,-1
2024545578724,2024,545578724,1,9,0,18,19,5,1,0,0,1,0,0,0,0,1,1,6,6,3,-1,-1,-1,-1,-1,-1,-1,-1,0,-1
2024320541502,2024,320541502,2,9,0,-1,-1,1,5,0,0,8,0,0,0,0,3,2,-1,-1,1,67,10,-1,-1,-1,-1,5,E01026018,0,1
2024631513986,2024,631513986,1,-1,0,-1,19,4,8,-1,0,0,0,0,0,0,0,1,-1,6,1,20,4,-1,-1,-1,-1,2,W01000659,1,1
2024622400480,2024,622400480,2,9,0,5,5,2,6,0,0,3,0,0,0,0,1,1,6,6,3,-1,-1,-1,-1,-1,-1,-1,-1,0,-1
2024471534857,2024,471534857,1,19,0,-1,2,0,0,-1,0,0,0,0,0,0,3,9,-1,6,-1,-1,-1,-1,-1,-1,-1,-1,-1,0,-1
2024071018043,2024,071018043,4,9,0,-1,3,7,3,-1,0,1,0,0,0,0,2,1,-1,2,2,35,6,-1,-1,-1,-1,7,W01000297,0,4
2024430204115,2024,430204115,1,9,0,5,5,7,3,0,0,6,0,0,0,0,1,1,6,6,2,73,10,-1,-1,-1,-1,-1,-1,0,-1
2024501434898,2024,501434898,1,1,0,-1,19,3,7,-1,0,0,0,0,0,0,1,1,-1,9,1,26,6,-1,-1,-1,-1,10,E01023180,0,5
2024522402888,2024,522402888,2,1,0,12,12,1,5,0,0,0,0,0,0,0,1,1,6,6,1,10,2,-1,-1,-1,-1,3,E01014674,0,1
2024041415095,2024,041415095,2,98,0,-1,19,1,5,-1,0,0,0,0,0,0,2,1,-1,1,1,28,6,-1,-1,-1,-1,1,E01004830,0,4
2024421525584,2024,421525584,1,19,-1,-1,-1,-1,-1,-1,-1,-1,-1,-1,-1,0,-1,9,-1,6,3,-1,-1,-1,-1,-1,-1,-1,-1,0,-1
2024010537105,2024,010537105,2,1,0,18,19,7,3,0,0,9,0,0,0,0,1,1,2,2,1,63,9,-1,-1,-1,-1,4,E01002267,0,1
2024041405019,2024,041405019,3,9,0,-1,4,5,1,-1,0,1,0,0,0,0,2,1,-1,9,1,78,11,-1,-1,-1,-1,4,E01012701,0,1
2024340WN3432,2024,340WN3432,2,1,0,-1,19,7,3,-1,0,8,0,0,0,0,1,1,-1,6,1,55,8,-1,-1,-1,-1,3,E01027154,0,1
2024451512330,2024,451512330,1,9,0,-1,5,0,3,-1,0,0,0,0,0,0,4,9,-1,6,1,39,7,-1,-1,-1,-1,5,E01001035,0,4
2024010526898,2024,010526898,2,1,0,18,19,1,5,0,0,2,0,0,0,0,1,1,1,1,1,23,5,-1,-1,-1,-1,8,E01002164,0,3
2024010547053,2024,010547053,2,9,0,99,99,9,9,99,99,9,9,99,9,99,0,9,6,6,3,-1,-1,-1,-1,-1,-1,6,E01021595,0,4
2024501510450,2024,501510450,3,9,0,-1,3,7,3,-1,0,0,0,0,0,0,2,1,-1,9,1,43,7,-1,-1,-1,-1,7,E01020273,0,4
2024201418858,2024,201418858,1,9,0,-1,7,7,1,-1,0,6,0,0,0,0,1,9,-1,6,3,20,4,-1,-1,-1,-1,-1,-1,0,-1
2024361416900,2024,361416900,1,9,0,-1,-1,-1,-1,-1,-1,0,-1,-1,-1,0,-1,9,-1,6,3,-1,-1,-1,-1,-1,-1,-1,-1,0,-1
2024061488493,2024,061488493,1,9,0,-1,3,2,5,-1,-1,1,0,0,1,0,4,1,-1,6,3,-1,-1,-1,-1,-1,-1,-1,-1,0,-1
2024052402203,2024,052402203,1,9,0,18,19,8,4,0,0,0,0,0,0,0,1,1,6,6,3,-1,-1,-1,-1,-1,-1,-1,-1,0,-1
2024421493234,2024,421493234,2,1,0,-1,7,2,5,-1,0,1,0,0,0,0,3,1,-1,9,1,50,8,-1,-1,-1,-1,10,E01021483,0,3
2024302500093,2024,302500093,2,1,0,-1,99,9,9,-1,0,0,0,0,0,0,9,1,-1,6,1,-1,-1,-1,-1,-1,-1,-1,-1,0,-1
2024010535986,2024,010535986,1,1,9,99,99,9,9,99,99,9,9,99,9,99,1,1,6,6,1,24,5,-1,-1,-1,-1,3,E01000130,0,1
2024052401397,2024,052401397,1,2,0,18,19,3,7,0,0,0,0,0,0,0,1,1,1,1,1,19,4,-1,-1,-1,-1,1,E01006705,0,1
2024302401295,2024,302401295,3,9,0,4,4,5,1,0,0,1,0,0,0,0,0,1,6,6,3,-1,-1,-1,-1,-1,-1,5,E01019456,0,3
2024351473682,2024,351473682,3,1,0,-1,19,7,3,-1,0,8,0,0,0,0,1,1,-1,9,1,59,9,-1,-1,-1,-1,5,E01017947,0,3
2024451508085,2024,451508085,1,1,0,-1,19,3,7,-1,0,0,0,0,1,0,3,1,-1,9,1,77,11,-1,-1,-1,-1,9,E01030992,0,3
2024010503410,2024,010503410,1,9,9,99,99,9,9,99,99,0,9,99,9,99,9,9,6,6,3,-1,-1,-1,-1,-1,-1,-1,-1,0,-1
2024010545388,2024,010545388,1,4,0,16,19,1,5,0,0,1,0,0,0,0,3,1,6,6,3,-1,-1,-1,-1,-1,-1,-1,-1,0,-1
2024451494974,2024,451494974,1,9,0,-1,19,6,2,-1,0,0,0,0,0,0,2,1,-1,6,1,35,6,-1,-1,-1,-1,8,E01030822,0,3
2024440513499,2024,440513499,1,9,0,9,9,3,1,0,0,1,0,0,0,0,1,1,6,6,2,24,5,-1,-1,-1,-1,6,E01023042,0,3
2024201504517,2024,201504517,1,1,0,-1,19,7,3,-1,0,0,0,0,0,0,1,1,-1,9,1,22,5,-1,-1,-1,-1,4,E01033567,0,1
2024141491308,2024,141491308,1,9,0,-1,19,1,6,-1,0,0,1,11,7,11,1,1,-1,6,1,24,5,-1,-1,-1,-1,7,E01011849,0,4
2024122400600,2024,122400600,2,17,0,18,19,1,5,0,0,0,0,0,0,0,1,1,1,1,1,46,8,-1,-1,-1,-1,8,E01034964,0,4
2024501415297,2024,501415297,2,1,0,-1,19,6,2,-1,0,0,1,0,0,0,4,1,-1,6,1,21,5,-1,-1,-1,-1,5,E01019994,0,1
2024221412772,2024,221412772,2,9,0,-1,19,6,2,-1,0,4,0,0,0,0,1,9,-1,6,1,65,9,-1,-1,-1,-1,10,E01032419,0,1
2024201442137,2024,201442137,3,97,0,-1,19,8,4,-1,0,2,0,0,0,0,1,1,-1,6,3,-1,-1,-1,-1,-1,-1,-1,-1,0,-1
2024041513623,2024,041513623,1,9,0,-1,11,5,1,-1,0,0,0,0,0,0,1,1,-1,9,2,58,9,-1,-1,-1,-1,7,E01025130,0,2
2024320520652,2024,320520652,1,9,0,-1,-1,2,6,9,9,1,0,0,0,0,1,1,6,6,1,-1,-1,-1,-1,-1,-1,-1,-1,0,-1
2024010492574,2024,010492574,2,9,9,99,99,9,9,99,99,9,9,99,9,99,9,9,6,6,3,-1,-1,-1,-1,-1,-1,-1,-1,0,-1
2024041482732,2024,041482732,1,-1,0,-1,19,3,7,-1,9,0,0,0,0,0,1,1,-1,6,3,-1,-1,-1,-1,-1,-1,-1,-1,1,-1
2024471473597,2024,471473597,3,17,4,-1,19,5,2,-1,0,0,0,0,0,0,0,9,-1,6,3,-1,-1,-1,-1,-1,-1,-1,-1,0,-1
2024440405237,2024,440405237,1,1,0,18,19,7,3,0,0,8,0,0,0,0,3,1,4,7,1,15,3,-1,-1,-1,-1,6,E01035436,0,1
2024451530604,2024,451530604,2,9,0,-1,19,3,7,-1,0,1,0,0,0,0,1,1,-1,2,2,48,8,-1,-1,-1,-1,10,E01030328,0,1
2024552400077,2024,552400077,1,9,0,18,19,1,5,0,0,8,0,0,1,11,4,1,1,1,1,17,4,-1,-1,-1,-1,6,E01020405,0,1
2024010489214,2024,010489214,1,9,0,99,99,9,9,99,99,0,9,99,9,99,2,9,6,6,1,42,7,-1,-1,-1,-1,2,E01004268,0,1
2024010491188,2024,010491188,2,9,0,99,99,9,9,99,99,0,9,99,9,99,1,9,6,6,3,-1,-1,-1,-1,-1,-1,-1,-1,0,-1
2024231404279,2024,231404279,1,21,1,-1,12,8,4,-1,0,0,0,0,0,0,1,2,-1,1,1,58,9,-1,-1,-1,-1,-1,-1,0,-1
2024522401847,2024,522401847,1,20,0,18,19,3,7,0,0,0,0,0,0,0,4,1,6,6,3,-1,-1,-1,-1,-1,-1,-1,-1,0,-1
2024101471671,2024,101471671,1,19,0,-1,19,6,2,-1,0,0,0,0,0,0,1,9,-1,6,1,27,6,-1,-1,-1,-1,5,E01027524,0,1
2024451494293,2024,451494293,2,9,0,-1,19,6,2,-1,0,0,0,0,0,0,1,1,-1,1,1,65,9,-1,-1,-1,-1,5,E01021666,0,5
2024201400062,2024,201400062,1,9,0,-1,1,2,6,-1,9,0,0,0,0,0,2,1,-1,6,1,60,9,-1,-1,-1,-1,9,E01013596,0,4
2024131443744,2024,131443744,2,9,0,-1,5,2,6,-1,0,0,0,0,0,0,1,1,-1,6,2,58,9,-1,-1,-1,-1,7,E01011569,0,2
2024440547488,2024,440547488,2,19,0,18,19,1,5,0,0,1,0,0,0,0,1,1,6,6,3,-1,-1,-1,-1,-1,-1,-1,-1,0,-1
2024522402576,2024,522402576,1,1,0,18,19,4,8,0,0,8,0,0,0,0,9,1,6,6,1,38,7,-1,-1,-1,-1,2,E01014578,0,1
2024201433232,2024,201433232,1,9,0,-1,19,3,7,-1,0,4,0,0,0,0,3,1,-1,7,2,43,7,-1,-1,-1,-1,1,E01009412,0,1
2024010490686,2024,010490686,1,10,0,5,5,3,7,0,0,2,0,0,0,0,4,1,1,1,1,70,10,-1,-1,-1,-1,8,E01004102,0,1
2024010549824,2024,010549824,1,9,0,-1,-1,5,1,0,0,0,0,0,0,0,1,1,6,6,1,40,7,-1,-1,-1,-1,6,E01002563,0,1
2024122401122,2024,122401122,2,23,0,18,19,2,6,0,0,1,0,0,0,0,1,1,6,6,1,13,3,-1,-1,-1,-1,9,E01013392,0,1
2024201471094,2024,201471094,2,11,0,-1,19,7,3,-1,0,8,0,0,0,0,1,1,-1,6,3,-1,-1,-1,-1,-1,-1,-1,-1,0,-1
2024440241286,2024,440241286,1,1,0,18,19,8,4,0,0,1,0,0,0,0,3,1,6,6,1,13,3,-1,-1,-1,-1,-1,-1,0,-1
2024991529981,2024,991529981,1,9,0,-1,19,6,2,-1,0,4,0,0,0,0,1,1,-1,9,2,38,7,-1,-1,-1,-1,7,-1,0,1
2024161498389,2024,161498389,1,-1,0,-1,19,4,8,-1,0,6,0,0,0,0,1,1,-1,9,1,23,5,-1,-1,-1,-1,1,E01012840,1,1
2024471512227,2024,471512227,1,9,0,-1,3,8,4,-1,0,1,0,0,0,0,2,1,-1,9,1,53,8,-1,-1,-1,-1,10,E01031797,0,1
2024010504710,2024,010504710,1,1,0,18,19,5,1,2,2,1,0,0,0,0,1,1,6,6,1,23,5,-1,-1,-1,-1,4,E01003788,0,1
2024201443309,2024,201443309,1,8,0,-1,19,1,5,-1,0,0,0,0,0,0,1,1,-1,1,1,50,8,-1,-1,-1,-1,3,E01009045,0,2
2024131490774,2024,131490774,2,23,0,-1,-1,-1,-1,-1,-1,8,-1,-1,-1,0,-1,1,-1,6,1,16,4,-1,-1,-1,-1,1,E01010832,0,1
2024010511439,2024,010511439,2,1,0,18,19,1,5,0,0,1,0,0,0,0,2,1,1,1,1,62,9,-1,-1,-1,-1,-1,-1,0,-1
2024552400829,2024,552400829,1,9,0,9,9,4,2,0,0,5,0,0,0,0,1,1,6,6,3,-1,-1,-1,-1,-1,-1,-1,-1,0,-1
2024361441636,2024,361441636,2,8,0,-1,19,7,2,-1,0,1,0,0,1,0,3,2,-1,9,2,52,8,-1,-1,-1,-1,5,E01026443,0,3
2024481567205,2024,481567205,1,8,0,-1,5,5,1,-1,0,1,0,0,0,0,0,1,-1,1,1,40,7,-1,-1,-1,-1,-1,-1,0,-1
2024010522600,2024,010522600,2,9,0,6,6,9,9,99,99,9,9,99,9,99,9,9,6,6,3,-1,-1,-1,-1,-1,-1,-1,-1,0,-1
2024522402213,2024,522402213,2,9,0,18,19,1,5,0,0,1,0,0,0,0,9,1,6,6,3,-1,-1,-1,-1,-1,-1,-1,-1,0,-1
2024471443209,2024,471443209,1,9,0,-1,19,1,5,-1,0,1,0,0,0,0,1,9,-1,6,3,-1,-1,-1,-1,-1,-1,-1,-1,0,-1
2024061515228,2024,061515228,1,9,0,-1,9,2,7,-1,0,5,0,0,0,0,4,1,-1,6,2,71,10,-1,-1,-1,-1,6,E01005010,0,2
2024061429397,2024,061429397,1,1,9,-1,3,-1,-1,-1,0,0,5,0,0,0,1,1,-1,2,1,36,7,-1,-1,-1,-1,2,E01034118,0,1
2024221463156,2024,221463156,1,9,0,-1,9,3,8,-1,0,5,0,0,1,4,4,1,-1,6,1,65,9,-1,-1,-1,-1,7,E01005749,0,5
2024010491817,2024,010491817,2,9,9,99,99,9,9,99,99,9,9,99,9,99,9,9,6,6,3,-1,-1,-1,-1,-1,-1,-1,-1,0,-1
202417H103524,2024,17H103524,2,9,0,-1,19,6,2,-1,0,1,0,0,0,0,1,1,-1,6,2,-1,-1,-1,-1,-1,-1,-1,-1,0,-1
2024332400411,2024,332400411,1,9,0,-1,19,6,2,-1,0,0,0,0,0,0,1,1,-1,1,2,-1,-1,-1,-1,-1,-1,4,E01034024,0,2
2024461500968,2024,461500968,1,1,0,-1,99,7,3,-1,0,0,0,0,0,0,1,1,-1,6,1,-1,-1,-1,-1,-1,-1,-1,-1,0,-1
2024520402350,2024,520402350,2,9,0,6,6,1,1,0,0,0,0,0,0,0,1,1,6,6,2,46,8,-1,-1,-1,-1,5,E01029222,0,3
2024421435792,2024,421435792,2,1,0,-1,19,7,3,-1,0,1,0,0,0,0,1,1,-1,6,1,49,8,-1,-1,-1,-1,3,E01021598,0,1
2024610014624,2024,610014624,1,9,0,13,13,8,4,0,0,1,0,0,0,0,1,1,6,6,1,18,4,-1,-1,-1,-1,5,W01001360,0,1
2024430451033,2024,430451033,2,9,0,9,9,4,2,0,0,5,0,0,0,0,1,1,6,6,1,-1,-1,-1,-1,-1,-1,-1,-1,0,-1
2024221499555,2024,221499555,1,19,0,-1,5,1,5,-1,0,0,0,0,0,0,1,1,-1,6,1,38,7,-1,-1,-1,-1,5,E01014070,0,1
2024161476398,2024,161476398,1,9,0,-1,19,7,3,-1,0,0,0,0,0,0,4,9,-1,6,3,-1,-1,-1,-1,-1,-1,-1,-1,0,-1
2024010487488,2024,010487488,1,9,9,99,99,9,9,99,99,9,9,99,9,99,9,9,6,6,3,-1,-1,-1,-1,-1,-1,-1,-1,0,-1
2024010538446,2024,010538446,2,8,0,99,99,9,9,99,99,9,9,99,9,99,1,9,6,6,3,-1,-1,-1,-1,-1,-1,-1,-1,0,-1
2024531458648,2024,531458648,1,9,0,-1,19,1,5,-1,0,8,0,0,0,0,1,1,-1,1,1,18,4,-1,-1,-1,-1,2,E01022288,0,1
2024101509385,2024,101509385,2,1,0,-1,3,8,4,-1,0,8,5,0,0,0,2,1,-1,6,2,37,7,-1,-1,-1,-1,5,E01008535,0,1
2024061504097,2024,061504097,1,9,0,-1,19,2,7,-1,2,0,9,0,3,99,1,1,-1,6,3,-1,-1,-1,-1,-1,-1,-1,-1,0,-1
2024010496656,2024,010496656,2,1,0,18,19,3,7,0,0,1,0,0,0,0,1,1,6,6,1,43,7,-1,-1,-1,-1,6,E01001295,0,1
2024010486908,2024,010486908,1,9,0,4,4,1,5,0,0,3,0,0,0,0,1,1,6,6,1,40,7,-1,-1,-1,-1,9,E01023308,0,2
2024211500769,2024,211500769,1,9,0,-1,19,1,5,-1,0,0,0,0,0,0,1,1,-1,6,1,57,9,-1,-1,-1,-1,-1,-1,0,-1
2024430606289,2024,430606289,2,9,0,18,19,8,4,0,0,1,0,0,0,0,1,1,6,6,1,-1,-1,-1,-1,-1,-1,-1,-1,0,-1
2024320004098,2024,320004098,2,1,0,18,19,2,7,0,0,8,5,0,0,0,4,1,6,6,1,61,9,-1,-1,-1,-1,2,E01026156,0,1
2024991532455,2024,991532455,2,9,0,-1,4,2,6,-1,0,0,0,0,0,0,2,1,-1,2,1,72,10,-1,-1,-1,-1,6,-1,0,1
2024131513057,2024,131513057,2,1,0,-1,19,7,3,-1,4,1,0,0,0,0,4,1,-1,9,1,77,11,-1,-1,-1,-1,2,E01010628,0,1