collision_index,collision_year,collision_ref_no,vehicle_reference,vehicle_type,towing_and_articulation,vehicle_manoeuvre_historic,vehicle_manoeuvre,vehicle_direction_from,vehicle_direction_to,vehicle_location_restricted_lane_historic,vehicle_location_restricted_lane,junction_location,skidding_and_overturning,hit_object_in_carriageway,vehicle_leaving_carriageway,hit_object_off_carriageway,first_point_of_impact,vehicle_left_hand_drive,journey_purpose_of_driver_historic,journey_purpose_of_driver,sex_of_driver,age_of_driver,age_band_of_driver,engine_capacity_cc,propulsion_code,age_of_vehicle,generic_make_model,driver_imd_decile,lsoa_of_driver,escooter_flag,driver_distance_banding
2024061443540,2024,061443540,1,9,0,-1,19,1,5,-1,0,0,0,0,0,0,1,1,-1,6,1,25,5,-1,-1,-1,-1,2,E01004824,0,1
2024451492529,2024,451492529,2,1,0,-1,19,3,7,-1,0,0,0,0,0,0,1,1,-1,2,2,58,9,-1,-1,-1,-1,10,E01031002,0,1
2024101414728,2024,101414728,1,9,0,-1,19,5,1,-1,0,1,0,11,0,0,4,1,-1,2,1,56,9,-1,-1,-1,-1,2,E01008819,0,1
2024451483162,2024,451483162,1,1,0,-1,7,7,3,-1,0,3,1,0,0,0,1,1,-1,2,1,35,6,-1,-1,-1,-1,5,E01030971,0,1
2024501419910,2024,501419910,1,9,0,-1,19,6,2,-1,1,0,1,0,1,9,4,1,-1,9,1,37,7,-1,-1,-1,-1,10,E01023563,0,5
2024010548490,2024,010548490,1,3,0,3,3,3,7,0,0,8,0,0,1,0,2,1,1,1,1,35,6,-1,-1,-1,-1,3,E01003630,0,2
2024010487266,2024,010487266,2,2,0,5,5,1,5,0,0,8,0,0,0,0,1,1,2,2,1,21,5,-1,-1,-1,-1,2,E01001820,0,1
2024161481856,2024,161481856,2,9,0,-1,19,8,4,-1,0,0,0,0,0,0,3,9,-1,6,3,-1,-1,-1,-1,-1,-1,-1,-1,0,-1
2024421464425,2024,421464425,1,5,0,-1,19,3,7,-1,0,1,2,0,0,0,1,1,-1,6,1,22,5,-1,-1,-1,-1,8,E01015847,0,1
202454T000024,2024,54T000024,1,9,0,18,19,7,3,0,0,4,0,9,0,0,1,1,6,6,1,17,4,-1,-1,-1,-1,7,E01033861,0,2
2024010543785,2024,010543785,1,9,0,18,19,5,1,0,0,8,0,0,0,0,2,1,6,6,3,-1,-1,-1,-1,-1,-1,-1,-1,0,-1
2024211502089,2024,211502089,2,1,0,-1,19,4,8,-1,5,1,0,0,0,0,2,1,-1,2,2,62,9,-1,-1,-1,-1,1,E01014223,0,1
2024440401574,2024,440401574,1,1,0,16,19,6,1,0,0,1,0,0,0,0,3,1,2,2,1,45,7,-1,-1,-1,-1,9,E01017248,0,1
2024411427869,2024,411427869,2,9,0,-1,3,8,4,-1,0,1,0,0,0,0,2,1,-1,9,2,35,6,-1,-1,-1,-1,5,E01023929,0,1
2024201500446,2024,201500446,2,23,0,-1,19,4,8,-1,0,4,0,0,0,0,4,1,-1,9,2,54,8,-1,-1,-1,-1,5,E01003292,0,5
2024430485134,2024,430485134,1,1,0,18,19,5,1,0,0,2,0,0,0,0,1,1,6,6,3,-1,-1,-1,-1,-1,-1,-1,-1,0,-1
2024010502966,2024,010502966,1,1,9,99,99,9,9,99,99,9,9,99,9,99,9,1,2,2,2,29,6,-1,-1,-1,-1,7,E01004534,0,1
2024501520250,2024,501520250,2,9,0,-1,2,0,0,-1,0,2,0,0,0,0,2,1,-1,6,-1,-1,-1,-1,-1,-1,-1,-1,-1,0,-1
202454A322624,2024,54A322624,1,9,4,18,19,6,2,0,0,0,0,0,0,0,4,1,6,6,3,-1,-1,-1,-1,-1,-1,-1,-1,0,-1
2024010490650,2024,010490650,1,11,0,99,99,9,9,99,99,9,9,99,9,99,9,9,6,6,3,-1,-1,-1,-1,-1,-1,-1,-1,0,-1
2024201416422,2024,201416422,1,98,1,-1,-1,4,8,-1,-1,0,0,0,0,0,3,1,-1,-1,1,55,8,-1,-1,-1,-1,-1,-1,0,-1
2024201404242,2024,201404242,1,9,0,-1,19,3,8,-1,0,1,0,0,0,0,1,9,-1,9,1,30,6,-1,-1,-1,-1,1,E01009028,0,1
2024010535702,2024,010535702,1,9,0,18,19,2,6,0,0,1,0,0,0,0,1,1,6,6,3,-1,-1,-1,-1,-1,-1,-1,-1,0,-1
2024141418627,2024,141418627,2,9,0,-1,19,7,3,-1,0,0,1,0,0,0,2,1,-1,6,1,32,6,-1,-1,-1,-1,8,E01011183,0,3
2024522402831,2024,522402831,4,9,0,4,4,4,8,0,0,0,0,0,0,0,1,1,6,6,1,39,7,-1,-1,-1,-1,8,E01015500,0,4
2024101400814,2024,101400814,1,9,0,-1,4,1,5,-1,0,2,0,0,0,0,1,1,-1,9,2,39,7,-1,-1,-1,-1,5,E01027474,0,1
2024070131331,2024,070131331,2,1,0,17,19,7,5,0,0,8,0,0,0,0,4,1,6,6,1,83,11,-1,-1,-1,-1,10,E01018687,0,1
2024010528325,2024,010528325,1,1,9,18,19,9,9,4,4,0,9,99,9,99,9,1,6,6,1,30,6,-1,-1,-1,-1,4,E01002775,0,1
2024430110133,2024,430110133,2,1,0,18,19,1,5,0,0,0,0,0,0,0,3,1,6,6,1,-1,-1,-1,-1,-1,-1,-1,-1,0,-1
2024520401213,2024,520401213,1,9,0,17,19,5,1,0,0,0,0,0,0,0,1,1,6,6,2,63,9,-1,-1,-1,-1,8,E01029294,0,2
2024010532094,2024,010532094,1,1,0,18,19,2,6,0,0,8,5,0,0,0,1,1,2,2,2,31,6,-1,-1,-1,-1,8,E01004051,0,1
2024361419694,2024,361419694,2,1,0,-1,19,3,1,-1,0,8,2,0,0,0,1,1,-1,6,1,39,7,-1,-1,-1,-1,8,E01026571,0,1
2024430103734,2024,430103734,1,19,0,5,5,7,3,0,0,8,0,0,0,0,1,1,6,6,1,-1,-1,-1,-1,-1,-1,-1,-1,0,-1
2024991528647,2024,991528647,2,9,0,-1,19,4,8,-1,0,0,0,0,0,0,1,1,-1,6,2,35,6,-1,-1,-1,-1,-1,-1,0,-1
2024332400103,2024,332400103,2,9,0,-1,19,5,1,-1,0,0,0,0,0,0,1,1,-1,6,2,-1,-1,-1,-1,-1,-1,-1,-1,0,-1
2024161451534,2024,161451534,1,22,0,-1,19,8,4,-1,0,1,0,0,0,0,1,1,-1,6,2,33,6,-1,-1,-1,-1,1,E01013144,0,1
2024361529105,2024,361529105,2,1,0,-1,5,1,5,-1,0,3,0,0,0,0,1,1,-1,6,1,14,3,-1,-1,-1,-1,2,E01026662,0,1
2024010487446,2024,010487446,1,9,0,99,99,9,9,99,99,9,9,99,9,99,9,9,1,1,1,66,10,-1,-1,-1,-1,8,E01002421,0,1
2024010497875,2024,010497875,1,1,9,3,3,1,5,9,9,9,9,99,9,99,9,1,2,2,1,70,10,-1,-1,-1,-1,3,E01003387,0,1
2024201413507,2024,201413507,1,9,0,-1,9,2,7,-1,0,5,1,0,0,0,1,9,-1,6,2,25,5,-1,-1,-1,-1,10,E01010152,0,1
2024311414791,2024,311414791,2,9,0,-1,19,4,8,-1,0,1,0,0,0,0,0,1,-1,6,-1,-1,-1,-1,-1,-1,-1,-1,-1,0,-1
2024531429777,2024,531429777,2,9,0,-1,13,1,5,-1,0,0,0,0,0,0,0,9,-1,6,3,-1,-1,-1,-1,-1,-1,-1,-1,0,-1
2024161442959,2024,161442959,2,9,0,-1,2,0,0,-1,0,0,0,0,0,0,3,1,-1,6,-1,-1,-1,-1,-1,-1,-1,-1,-1,0,-1
2024041456004,2024,041456004,1,9,0,-1,19,4,8,-1,0,0,0,0,0,0,1,1,-1,2,2,72,10,-1,-1,-1,-1,5,E01025331,0,1
2024351539218,2024,351539218,1,9,0,-1,5,1,5,-1,0,8,0,0,0,0,1,1,-1,6,1,20,4,-1,-1,-1,-1,3,E01018091,0,2
2024302500122,2024,302500122,2,19,0,-1,9,8,6,-1,0,1,0,0,0,0,3,1,-1,6,1,42,7,-1,-1,-1,-1,6,E01033536,0,1
202460Q161608,2024,60Q161608,1,9,0,3,3,5,1,0,0,0,1,0,0,0,1,1,6,6,2,30,6,-1,-1,-1,-1,-1,-1,0,-1
2024052400466,2024,052400466,1,19,0,18,19,2,7,0,0,5,0,0,0,0,3,1,1,1,1,64,9,-1,-1,-1,-1,3,E01006584,0,1
2024231522211,2024,231522211,1,8,0,-1,1,8,4,-1,9,0,0,99,0,0,2,9,-1,1,3,50,8,-1,-1,-1,-1,-1,-1,0,-1
2024320665668,2024,320665668,1,9,0,-1,-1,8,4,0,0,8,0,0,0,0,1,1,6,6,1,21,5,-1,-1,-1,-1,4,E01026082,0,1
2024010495942,2024,010495942,1,1,9,99,99,9,9,99,99,9,9,99,9,99,9,1,2,2,1,53,8,-1,-1,-1,-1,10,E01030296,0,3
2024141482810,2024,141482810,2,97,0,-1,13,8,4,-1,0,0,0,0,0,0,1,1,-1,9,1,31,6,-1,-1,-1,-1,1,E01008022,0,2
2024111520641,2024,111520641,2,9,0,-1,19,4,1,-1,0,1,0,0,0,0,4,1,-1,6,-1,30,6,-1,-1,-1,-1,-1,-1,0,-1
2024451527611,2024,451527611,1,9,0,-1,2,-1,-1,-1,-1,0,0,0,-1,0,-1,1,-1,7,1,-1,-1,-1,-1,-1,-1,-1,-1,0,-1
2024221520479,2024,221520479,2,9,0,-1,8,6,8,-1,0,3,0,0,0,0,2,1,-1,6,3,56,9,-1,-1,-1,-1,-1,-1,0,-1
2024010487041,2024,010487041,2,-1,0,18,19,5,1,4,4,0,0,0,0,0,1,1,6,6,1,55,8,-1,-1,-1,-1,6,E01002670,1,1
2024351407559,2024,351407559,1,9,0,-1,7,-1,-1,-1,0,8,0,0,0,0,1,9,-1,6,3,-1,-1,-1,-1,-1,-1,-1,-1,0,-1
2024552400763,2024,552400763,2,1,0,18,19,6,2,0,0,8,0,0,0,0,3,1,6,6,1,30,6,-1,-1,-1,-1,5,E01002652,0,5
2024061494155,2024,061494155,2,9,0,-1,3,-1,-1,-1,0,0,0,0,0,0,1,1,-1,6,1,-1,-1,-1,-1,-1,-1,5,E01004899,0,1
2024361470779,2024,361470779,2,1,-1,-1,19,-1,-1,-1,0,1,2,0,0,0,0,1,-1,9,1,51,8,-1,-1,-1,-1,4,E01026787,0,2
2024101434562,2024,101434562,1,9,0,-1,4,7,3,-1,0,0,0,0,0,0,2,1,-1,6,2,58,9,-1,-1,-1,-1,9,E01008526,0,1
2024421426602,2024,421426602,2,9,0,-1,19,7,3,-1,0,8,0,0,0,0,3,1,-1,9,2,45,7,-1,-1,-1,-1,5,E01003654,0,1
2024461442846,2024,461442846,2,9,0,-1,19,3,7,-1,0,1,0,0,0,0,1,1,-1,6,2,35,6,-1,-1,-1,-1,5,E01024674,0,1
2024070715576,2024,070715576,2,1,0,-1,19,3,7,-1,0,8,0,0,0,0,3,1,-1,6,1,13,3,-1,-1,-1,-1,3,E01018378,0,1
2024552400880,2024,552400880,1,9,0,9,9,7,4,0,0,6,0,0,0,0,1,1,6,6,3,-1,-1,-1,-1,-1,-1,-1,-1,0,-1
2024201513025,2024,201513025,1,9,0,-1,19,8,4,-1,0,0,0,0,0,0,1,1,-1,6,1,50,8,-1,-1,-1,-1,-1,-1,0,-1
2024545458624,2024,545458624,1,98,1,18,19,6,1,0,0,0,0,0,0,0,3,1,6,6,1,38,7,-1,-1,-1,-1,-1,-1,0,-1
2024131458098,2024,131458098,2,9,0,-1,3,1,5,-1,0,8,0,0,0,0,2,1,-1,9,2,29,6,-1,-1,-1,-1,4,E01010598,0,1
2024430438466,2024,430438466,1,3,0,18,19,2,6,0,0,1,0,0,0,0,1,1,1,1,2,48,8,-1,-1,-1,-1,3,E01017580,0,2
2024131456928,2024,131456928,1,9,0,-1,9,3,7,-1,0,0,0,0,1,11,1,1,-1,9,1,23,5,-1,-1,-1,-1,3,E01034585,0,1
2024302400174,2024,302400174,1,9,0,6,6,1,1,0,0,0,0,0,0,0,1,1,6,6,1,53,8,-1,-1,-1,-1,8,E01028348,0,4
2024340WN5952,2024,340WN5952,2,1,0,-1,19,3,7,-1,0,8,0,0,0,0,3,1,-1,6,2,22,5,-1,-1,-1,-1,3,E01026992,0,1
2024010547469,2024,010547469,2,11,0,2,2,0,0,0,0,0,0,0,0,0,0,1,6,6,3,-1,-1,-1,-1,-1,-1,-1,-1,0,-1
2024471522446,2024,471522446,1,9,0,-1,19,6,2,-1,0,0,0,0,0,0,1,2,-1,9,2,60,9,-1,-1,-1,-1,-1,-1,0,-1
2024540377624,2024,540377624,2,9,0,18,19,4,8,0,0,1,0,0,0,0,1,1,6,6,1,80,11,-1,-1,-1,-1,6,E01031893,0,3
2024430373212,2024,430373212,1,8,0,99,99,9,9,0,0,0,0,0,0,0,9,9,6,6,1,35,6,-1,-1,-1,-1,-1,-1,0,-1
2024531484230,2024,531484230,1,9,0,-1,9,8,6,-1,0,8,0,0,0,0,3,1,-1,9,1,33,6,-1,-1,-1,-1,-1,-1,0,-1
2024010509197,2024,010509197,2,9,0,99,99,9,9,99,99,9,9,99,9,99,1,9,6,6,3,-1,-1,-1,-1,-1,-1,-1,-1,0,-1
2024201434301,2024,201434301,1,9,0,-1,9,6,4,-1,0,6,0,0,0,0,1,9,-1,6,1,30,6,-1,-1,-1,-1,-1,-1,0,-1
2024122400705,2024,122400705,2,1,0,18,19,5,2,0,0,8,0,0,0,0,4,1,6,6,1,81,11,-1,-1,-1,-1,9,E01011419,0,2
2024131440032,2024,131440032,2,23,0,-1,14,1,5,-1,0,1,0,0,0,0,-1,1,-1,6,3,-1,-1,-1,-1,-1,-1,-1,-1,0,-1
2024552401386,2024,552401386,1,9,0,18,19,6,2,0,0,0,0,0,0,0,1,1,6,6,2,84,11,-1,-1,-1,-1,5,E01020462,0,1
2024010490981,2024,010490981,2,9,0,18,19,1,5,0,0,8,0,0,0,0,1,1,6,6,3,-1,-1,-1,-1,-1,-1,-1,-1,0,-1
2024131475775,2024,131475775,1,1,0,-1,19,7,3,-1,9,0,0,0,0,0,1,1,-1,6,3,32,6,-1,-1,-1,-1,1,E01011316,0,1
2024061473182,2024,061473182,1,23,0,-1,5,1,3,-1,9,0,0,0,0,0,1,1,-1,9,2,33,6,-1,-1,-1,-1,2,E01004972,0,1
2024010493325,2024,010493325,2,9,0,18,19,7,3,0,0,6,0,0,0,0,1,1,6,6,1,20,4,-1,-1,-1,-1,8,E01000574,0,1
2024991475331,2024,991475331,2,9,0,-1,19,6,2,-1,0,0,0,0,0,0,3,2,-1,9,1,46,8,-1,-1,-1,-1,-1,-1,0,-1
2024010498678,2024,010498678,1,1,9,99,99,9,9,99,99,0,9,99,9,99,9,1,6,6,1,34,6,-1,-1,-1,-1,4,E01002047,0,1
2024010489130,2024,010489130,1,9,0,9,9,3,1,0,0,8,0,0,0,0,1,1,6,6,1,72,10,-1,-1,-1,-1,4,E01000571,0,3
2024052400154,2024,052400154,2,1,0,18,19,3,5,0,0,5,0,0,1,0,0,1,6,6,1,27,6,-1,-1,-1,-1,1,E01006692,0,1
2024011416663,2024,011416663,1,21,0,-1,-1,7,3,-1,-1,0,0,0,0,0,1,2,-1,-1,1,42,7,-1,-1,-1,-1,-1,-1,0,-1
2024010500512,2024,010500512,1,9,0,18,19,1,5,0,0,0,0,0,0,0,1,1,6,6,1,75,10,-1,-1,-1,-1,-1,-1,0,-1
2024471500911,2024,471500911,3,19,0,-1,3,4,8,-1,0,1,0,0,0,0,0,9,-1,6,3,-1,-1,-1,-1,-1,-1,-1,-1,0,-1
2024010493365,2024,010493365,1,9,0,9,9,2,8,0,0,8,0,0,0,0,1,1,6,6,1,45,7,-1,-1,-1,-1,7,E01003416,0,1
2024430118196,2024,430118196,1,9,0,4,4,6,2,0,0,0,0,0,0,0,2,1,6,6,2,45,7,-1,-1,-1,-1,-1,-1,0,-1
2024010537531,2024,010537531,1,1,9,99,99,9,9,99,99,9,9,99,9,99,9,1,2,2,1,61,9,-1,-1,-1,-1,2,E01003207,0,1
2024010500477,2024,010500477,1,9,0,1,1,3,7,0,0,0,0,0,0,0,2,1,6,6,1,22,5,-1,-1,-1,-1,1,E01002026,0,2
2024101514663,2024,101514663,1,9,0,-1,19,3,7,-1,0,3,0,0,0,0,0,9,-1,6,3,-1,-1,-1,-1,-1,-1,-1,-1,0,-1
2024070801352,2024,070801352,3,16,0,-1,19,7,3,-1,0,0,0,0,0,0,2,1,-1,9,2,51,8,-1,-1,-1,-1,7,E01018372,0,3
2024991489380,2024,991489380,2,9,0,-1,2,0,0,-1,0,1,0,0,0,0,2,1,-1,9,2,63,9,-1,-1,-1,-1,9,-1,0,1
2024010505403,2024,010505403,1,3,0,99,99,9,9,99,99,9,9,99,9,99,1,1,6,6,3,-1,-1,-1,-1,-1,-1,-1,-1,0,-1
2024131525548,2024,131525548,2,1,0,-1,19,3,7,-1,4,1,0,0,0,0,3,1,-1,6,1,30,6,-1,-1,-1,-1,2,E01011594,0,1
2024622400390,2024,622400390,2,23,0,9,9,4,2,0,0,8,0,0,0,0,1,1,1,1,1,25,5,-1,-1,-1,-1,4,W01001760,0,1
2024471465487,2024,471465487,1,9,0,-1,19,5,1,-1,0,0,1,0,1,2,3,1,-1,9,2,40,7,-1,-1,-1,-1,10,E01031820,0,1
2024411471231,2024,411471231,1,9,0,-1,3,1,5,-1,0,3,0,0,0,0,0,1,-1,6,2,25,5,-1,-1,-1,-1,5,E01017586,0,4
2024201469443,2024,201469443,1,9,0,-1,7,6,8,-1,0,5,0,0,0,0,1,1,-1,6,1,50,8,-1,-1,-1,-1,9,E01035477,0,5
2024461469290,2024,461469290,1,9,0,-1,19,7,3,-1,0,8,0,0,0,0,1,1,-1,1,1,24,5,-1,-1,-1,-1,2,E01035297,0,2
2024520400802,2024,520400802,1,9,0,18,19,4,2,0,0,2,0,0,0,0,1,1,6,6,2,21,5,-1,-1,-1,-1,6,E01029045,0,1
2024010495655,2024,010495655,1,9,0,9,9,5,2,0,0,6,0,0,0,0,1,1,6,6,1,44,7,-1,-1,-1,-1,6,E01004046,0,3
2024131447876,2024,131447876,2,1,0,-1,19,1,3,-1,0,8,0,0,0,0,2,1,-1,6,-1,-1,-1,-1,-1,-1,-1,-1,-1,0,-1
2024010491901,2024,010491901,2,9,0,5,5,7,3,0,0,6,0,0,0,0,1,1,6,6,1,23,5,-1,-1,-1,-1,3,E01034204,0,1
2024010503310,2024,010503310,1,1,9,99,99,9,9,99,99,9,9,99,9,99,9,1,2,2,2,33,6,-1,-1,-1,-1,6,E01002062,0,1
2024302401689,2024,302401689,1,9,0,-1,11,1,6,-1,0,8,0,0,0,0,4,1,-1,6,3,-1,-1,-1,-1,-1,-1,5,E01019456,0,4
2024546207924,2024,546207924,2,9,0,18,19,8,4,0,0,0,0,0,0,0,3,1,6,6,3,-1,-1,-1,-1,-1,-1,-1,-1,0,-1
2024531541993,2024,531541993,1,98,0,-1,9,7,5,-1,0,0,0,0,0,0,4,1,-1,9,1,24,5,-1,-1,-1,-1,5,E01014059,0,4
2024010510238,2024,010510238,2,19,0,99,99,9,9,99,99,9,9,99,9,99,1,9,6,6,3,-1,-1,-1,-1,-1,-1,-1,-1,0,-1
2024311481566,2024,311481566,1,9,0,-1,19,1,5,-1,0,0,1,0,0,0,1,1,-1,6,2,65,9,-1,-1,-1,-1,9,E01028178,0,1
2024440017318,2024,440017318,1,9,0,5,5,6,2,0,0,0,0,0,0,0,1,1,6,6,1,-1,-1,-1,-1,-1,-1,-1,-1,0,-1
2024131458433,2024,131458433,1,9,0,-1,-1,-1,-1,-1,-1,-1,-1,-1,-1,-1,-1,1,-1,6,3,-1,-1,-1,-1,-1,-1,-1,-1,0,-1
2024101438222,2024,101438222,1,9,-1,-1,19,6,2,-1,0,0,0,0,0,0,1,9,-1,6,3,-1,-1,-1,-1,-1,-1,-1,-1,0,-1
2024320334340,2024,320334340,1,9,0,7,7,4,6,0,0,2,0,0,0,0,0,1,6,6,3,-1,-1,-1,-1,-1,-1,-1,-1,0,-1
2024430161794,2024,430161794,2,1,0,18,19,8,4,0,0,4,0,0,0,0,3,1,6,6,2,56,9,-1,-1,-1,-1,8,E01017653,0,1
2024010495265,2024,010495265,1,9,0,99,99,9,9,99,99,5,9,99,9,99,9,9,6,6,1,52,8,-1,-1,-1,-1,4,E01002441,0,1
2024471458352,2024,471458352,1,98,0,-1,19,7,3,-1,0,2,0,0,0,0,1,1,-1,2,1,40,7,-1,-1,-1,-1,1,E01017112,0,3
2024071071576,2024,071071576,1,21,1,-1,12,7,3,-1,0,0,0,0,0,0,0,9,-1,6,3,-1,-1,-1,-1,-1,-1,-1,-1,0,-1
2024430234717,2024,430234717,1,9,0,18,19,2,6,0,0,4,0,0,0,0,2,1,6,6,1,72,10,-1,-1,-1,-1,3,E01035242,0,4
2024201501049,2024,201501049,2,19,0,-1,1,3,7,-1,0,0,0,0,0,0,2,1,-1,6,1,27,6,-1,-1,-1,-1,1,E01010286,0,1
2024010542265,2024,010542265,2,1,9,99,99,9,9,99,99,9,9,99,9,99,9,1,6,6,2,36,7,-1,-1,-1,-1,2,E01003245,0,1
2024010525803,2024,010525803,1,1,9,99,99,9,9,99,99,9,9,99,9,99,2,1,2,2,2,31,6,-1,-1,-1,-1,1,E01002783,0,1
2024371406765,2024,371406765,2,1,0,-1,19,8,4,-1,0,8,0,0,0,0,2,1,-1,2,2,48,8,-1,-1,-1,-1,6,E01029915,0,1
2024010504414,2024,010504414,2,9,0,99,99,9,9,99,99,9,9,99,9,99,1,9,6,6,3,-1,-1,-1,-1,-1,-1,3,E01002401,0,3
2024010494598,2024,010494598,1,4,0,15,15,3,7,4,4,1,1,0,0,0,1,1,6,6,1,75,10,-1,-1,-1,-1,9,E01003462,0,2
2024131520243,2024,131520243,2,9,0,-1,19,3,7,-1,0,1,0,0,0,0,1,1,-1,6,1,64,9,-1,-1,-1,-1,-1,-1,0,-1
2024991419604,2024,991419604,1,9,0,-1,19,5,1,-1,0,1,2,0,0,0,1,1,-1,9,1,34,6,-1,-1,-1,-1,8,-1,0,2
2024610057924,2024,610057924,1,5,0,5,5,9,9,0,0,1,0,0,0,0,1,1,6,6,1,59,9,-1,-1,-1,-1,1,W01001473,0,1
2024520403095,2024,520403095,1,9,0,18,19,4,8,0,0,0,0,0,0,0,3,1,6,6,3,-1,-1,-1,-1,-1,-1,-1,-1,0,-1
2024010512838,2024,010512838,1,1,9,99,99,9,9,99,99,9,9,99,9,99,1,1,6,6,1,26,6,-1,-1,-1,-1,4,E01001879,0,1
2024201428329,2024,201428329,2,1,0,-1,19,5,1,-1,0,1,5,0,0,0,1,1,-1,1,1,49,8,-1,-1,-1,-1,1,E01009396,0,1
2024122400959,2024,122400959,2,5,0,16,19,1,4,0,0,0,1,0,2,10,1,1,6,6,1,69,10,-1,-1,-1,-1,10,E01027732,0,3
2024061457543,2024,061457543,2,1,0,-1,19,6,2,-1,0,8,2,0,0,0,1,1,-1,9,1,58,9,-1,-1,-1,-1,5,E01004809,0,1
2024351402546,2024,351402546,2,1,0,-1,19,-1,-1,-1,0,8,0,0,0,0,9,1,-1,2,1,58,9,-1,-1,-1,-1,10,E01018295,0,1
2024071060212,2024,071060212,2,98,0,-1,2,0,0,-1,0,0,0,0,0,0,2,1,-1,1,1,36,7,-1,-1,-1,-1,1,E01013568,0,4
2024471432641,2024,471432641,2,9,0,-1,3,3,8,-1,0,4,0,0,0,0,1,1,-1,6,1,-1,-1,-1,-1,-1,-1,9,E01016980,0,3
2024501412713,2024,501412713,1,9,0,-1,4,3,7,-1,0,0,0,0,0,0,1,9,-1,6,3,-1,-1,-1,-1,-1,-1,-1,-1,0,-1
2024211517849,2024,211517849,2,9,0,-1,19,1,5,-1,0,0,0,0,0,0,1,1,-1,2,1,65,9,-1,-1,-1,-1,10,E01029657,0,1
2024332400013,2024,332400013,2,9,0,-1,19,1,5,-1,0,0,0,0,0,0,1,1,-1,6,1,47,8,-1,-1,-1,-1,1,E01013726,0,2
2024010505481,2024,010505481,2,1,0,18,19,1,5,4,4,1,2,0,0,0,0,1,2,2,1,29,6,-1,-1,-1,-1,4,E01002055,0,2
2024302400839,2024,302400839,2,9,0,17,19,6,4,0,0,0,0,0,1,0,3,1,1,1,1,34,6,-1,-1,-1,-1,7,E01019628,0,4
2024061441180,2024,061441180,1,1,0,-1,9,-1,-1,-1,0,6,9,0,0,0,9,1,-1,2,1,32,6,-1,-1,-1,-1,1,E01005317,0,1
2024552400584,2024,552400584,1,9,0,18,19,6,2,0,0,0,0,0,0,0,1,1,6,6,3,-1,-1,-1,-1,-1,-1,-1,-1,0,-1
2024622400652,2024,622400652,1,9,0,18,19,4,8,0,0,0,0,0,0,0,1,1,6,6,3,-1,-1,-1,-1,-1,-1,-1,-1,0,-1
2024231404172,2024,231404172,1,9,0,-1,6,5,5,-1,0,0,0,0,0,0,3,1,-1,6,1,49,8,-1,-1,-1,-1,8,E01031337,0,1
2024041463794,2024,041463794,2,1,0,-1,9,1,2,-1,0,1,0,0,0,0,3,1,-1,6,1,34,6,-1,-1,-1,-1,1,E01025579,0,1
2024320227025,2024,320227025,1,9,0,18,19,1,6,0,0,0,1,0,1,9,1,1,6,6,1,22,5,-1,-1,-1,-1,6,E01026020,0,4
2024221404192,2024,221404192,2,9,0,-1,19,4,8,-1,0,2,0,10,0,0,4,9,-1,6,2,29,6,-1,-1,-1,-1,4,E01028871,0,3
2024371552605,2024,371552605,1,9,0,-1,19,6,2,-1,0,4,0,0,0,0,1,1,-1,6,1,33,6,-1,-1,-1,-1,5,E01032523,0,3
2024010497102,2024,010497102,1,9,0,18,19,3,7,0,0,8,0,0,0,0,1,1,6,6,1,54,8,-1,-1,-1,-1,2,E01015725,0,4
2024552400800,2024,552400800,2,1,0,5,5,7,3,0,0,0,0,0,0,0,4,1,6,6,1,6,2,-1,-1,-1,-1,3,E01015439,0,3
2024549878224,2024,549878224,2,1,0,18,19,8,4,0,0,1,0,0,0,0,1,1,6,6,1,30,6,-1,-1,-1,-1,10,E01014473,0,3
2024471396838,2024,471396838,2,9,0,-1,19,3,6,-1,0,0,0,0,1,0,1,1,-1,2,1,26,6,-1,-1,-1,-1,10,E01031759,0,1
2024522401662,2024,522401662,1,1,0,5,5,3,7,0,0,1,0,0,0,0,3,1,6,6,1,35,6,-1,-1,-1,-1,5,E01033364,0,1
2024010496609,2024,010496609,3,3,0,15,15,2,6,0,0,1,0,0,0,0,1,1,6,6,1,18,4,-1,-1,-1,-1,5,E01000491,0,1
2024991467694,2024,991467694,1,1,0,-1,19,5,1,-1,0,1,0,0,0,0,1,1,-1,1,1,33,6,-1,-1,-1,-1,-1,-1,0,-1
2024010497362,2024,010497362,1,1,9,99,99,9,9,99,99,1,9,99,9,99,1,1,2,2,2,36,7,-1,-1,-1,-1,4,E01001243,0,2
2024010507725,2024,010507725,2,1,0,10,10,6,3,0,0,8,0,0,0,0,1,1,6,6,1,42,7,-1,-1,-1,-1,6,E01030633,0,4
2024430057927,2024,430057927,2,9,0,3,3,5,1,0,0,0,0,0,0,0,2,1,6,6,1,65,9,-1,-1,-1,-1,10,E01016622,0,3
2024010492007,2024,010492007,1,3,0,99,99,9,9,99,99,9,9,99,9,99,9,1,1,1,1,37,7,-1,-1,-1,-1,3,E01033704,0,1
2024010510182,2024,010510182,2,9,0,99,99,9,9,99,99,9,9,99,9,99,1,9,6,6,3,-1,-1,-1,-1,-1,-1,-1,-1,0,-1
2024010518485,2024,010518485,2,1,0,9,9,8,6,4,4,1,0,0,0,0,1,1,2,2,1,51,8,-1,-1,-1,-1,6,E01003227,0,2
2024421396284,2024,421396284,1,9,0,-1,19,6,2,-1,0,1,0,0,0,0,1,1,-1,1,1,35,6,-1,-1,-1,-1,3,E01021283,0,4
2024411403890,2024,411403890,1,9,0,-1,19,1,4,-1,0,4,0,0,0,0,1,9,-1,6,3,-1,-1,-1,-1,-1,-1,-1,-1,0,-1
202454B006824,2024,54B006824,1,19,0,18,19,5,1,0,0,4,0,0,0,0,1,1,2,2,1,22,5,-1,-1,-1,-1,-1,-1,0,-1
2024010517972,2024,010517972,1,1,9,99,99,9,9,99,99,9,9,99,9,99,9,1,2,2,1,42,7,-1,-1,-1,-1,3,E01003726,0,3
2024421421484,2024,421421484,1,5,0,-1,13,4,8,-1,0,0,2,0,0,0,4,1,-1,9,1,53,8,-1,-1,-1,-1,2,E01000040,0,3
2024201488721,2024,201488721,1,9,0,-1,1,2,6,-1,0,5,0,0,0,0,2,1,-1,6,1,-1,-1,-1,-1,-1,-1,-1,-1,0,-1