collision_index,collision_year,collision_ref_no,vehicle_reference,vehicle_type,towing_and_articulation,vehicle_manoeuvre_historic,vehicle_manoeuvre,vehicle_direction_from,vehicle_direction_to,vehicle_location_restricted_lane_historic,vehicle_location_restricted_lane,junction_location,skidding_and_overturning,hit_object_in_carriageway,vehicle_leaving_carriageway,hit_object_off_carriageway,first_point_of_impact,vehicle_left_hand_drive,journey_purpose_of_driver_historic,journey_purpose_of_driver,sex_of_driver,age_of_driver,age_band_of_driver,engine_capacity_cc,propulsion_code,age_of_vehicle,generic_make_model,driver_imd_decile,lsoa_of_driver,escooter_flag,driver_distance_banding
2024010545959,2024,010545959,1,9,9,99,99,9,9,99,99,0,9,99,9,99,9,9,6,6,3,-1,-1,-1,-1,-1,-1,-1,-1,0,-1
2024010517285,2024,010517285,2,1,0,18,19,7,3,0,0,1,0,0,0,0,1,1,2,2,1,30,6,-1,-1,-1,-1,4,E01034028,0,2
2024471465505,2024,471465505,2,1,0,-1,19,8,5,-1,0,8,0,0,0,0,2,1,-1,2,2,40,7,-1,-1,-1,-1,7,E01031688,0,1
2024201517586,2024,201517586,2,9,0,-1,7,1,5,-1,0,0,0,0,0,0,1,1,-1,6,1,36,7,-1,-1,-1,-1,7,E01035026,0,3
2024421415128,2024,421415128,1,9,0,-1,5,-1,-1,-1,0,0,-1,-1,-1,0,1,9,-1,6,3,-1,-1,-1,-1,-1,-1,-1,-1,0,-1
2024201456916,2024,201456916,2,-1,0,-1,5,6,2,-1,0,8,0,0,0,0,1,1,-1,6,1,18,4,-1,-1,-1,-1,1,E01034917,1,1
2024311411726,2024,311411726,2,1,0,-1,5,1,5,-1,0,0,0,0,0,0,1,1,-1,6,1,37,7,-1,-1,-1,-1,-1,-1,0,-1
2024361480442,2024,361480442,2,19,0,-1,10,1,5,-1,0,0,1,0,0,0,2,1,-1,1,2,53,8,-1,-1,-1,-1,7,E01026876,0,1
2024061465214,2024,061465214,2,9,0,-1,10,-1,-1,-1,99,1,9,99,0,0,3,1,-1,6,3,-1,-1,-1,-1,-1,-1,-1,-1,0,-1
2024010491470,2024,010491470,2,1,0,18,19,4,8,0,0,1,5,0,0,0,1,1,1,1,1,27,6,-1,-1,-1,-1,5,E01001240,0,2
2024622400729,2024,622400729,2,9,0,18,19,6,2,0,0,0,0,0,0,0,1,1,2,2,1,23,5,-1,-1,-1,-1,8,W01001108,0,1
2024211528538,2024,211528538,1,99,0,-1,19,1,5,-1,0,0,0,12,0,0,1,9,-1,6,3,40,7,-1,-1,-1,-1,-1,-1,0,-1
2024311398304,2024,311398304,1,9,0,-1,19,2,8,-1,0,1,0,0,0,0,1,1,-1,6,1,58,9,-1,-1,-1,-1,10,E01028345,0,1
2024010488586,2024,010488586,1,8,0,16,19,3,7,0,0,0,0,0,0,0,3,1,6,6,1,39,7,-1,-1,-1,-1,5,E01003766,0,1
2024201527359,2024,201527359,2,1,0,-1,19,4,8,-1,0,8,0,0,0,0,1,1,-1,6,1,52,8,-1,-1,-1,-1,8,E01009908,0,1
2024201527338,2024,201527338,1,9,0,-1,12,3,7,-1,0,2,0,0,0,0,3,1,-1,6,1,-1,-1,-1,-1,-1,-1,-1,-1,0,-1
2024052400780,2024,052400780,2,9,0,3,3,4,8,0,0,1,0,0,0,0,2,1,6,6,2,23,5,-1,-1,-1,-1,6,E01033756,0,1
2024041426548,2024,041426548,1,97,0,-1,19,1,5,-1,0,0,0,0,0,0,1,1,-1,9,1,28,6,-1,-1,-1,-1,4,E01034345,0,1
2024010498902,2024,010498902,2,1,0,18,19,6,2,0,0,1,0,0,0,0,1,1,6,6,1,14,3,-1,-1,-1,-1,4,E01004331,0,3
2024201436845,2024,201436845,1,9,0,-1,5,7,3,-1,0,0,0,0,0,0,1,9,-1,6,1,30,6,-1,-1,-1,-1,-1,-1,0,-1
2024351501633,2024,351501633,2,1,0,-1,19,7,3,-1,0,6,0,0,0,0,3,1,-1,7,2,13,3,-1,-1,-1,-1,7,E01035527,0,1
2024161459320,2024,161459320,1,9,0,-1,19,3,7,-1,0,0,0,0,0,0,1,9,-1,6,1,57,9,-1,-1,-1,-1,6,E01012766,0,1
2024311412794,2024,311412794,1,9,0,-1,19,5,1,-1,0,8,0,0,0,0,4,9,-1,6,1,-1,-1,-1,-1,-1,-1,-1,-1,0,-1
2024440180137,2024,440180137,2,1,0,18,19,2,6,0,0,1,0,0,0,0,1,1,1,1,3,-1,-1,-1,-1,-1,-1,-1,-1,0,-1
2024451517764,2024,451517764,2,90,0,-1,19,5,7,-1,0,3,0,0,0,0,3,1,-1,1,1,44,7,-1,-1,-1,-1,9,E01030960,0,3
2024371417096,2024,371417096,2,9,0,-1,9,6,4,-1,0,6,0,0,0,0,1,1,-1,6,1,40,7,-1,-1,-1,-1,8,E01029997,0,1
2024010489011,2024,010489011,2,9,0,2,2,0,0,0,0,0,0,0,0,0,2,1,6,6,3,-1,-1,-1,-1,-1,-1,-1,-1,0,-1
2024061531997,2024,061531997,1,9,0,-1,4,-1,-1,-1,0,1,0,0,0,0,3,1,-1,6,3,-1,-1,-1,-1,-1,-1,-1,-1,0,-1
2024010543663,2024,010543663,1,9,0,18,19,3,7,0,0,0,0,0,0,0,1,1,6,6,3,-1,-1,-1,-1,-1,-1,-1,-1,0,-1
2024010545804,2024,010545804,1,9,0,18,19,3,7,0,0,0,0,0,0,0,0,1,6,6,1,39,7,-1,-1,-1,-1,10,E01023096,0,4
2024440301611,2024,440301611,1,3,0,18,19,2,6,0,0,0,0,0,0,0,4,1,6,6,1,21,5,-1,-1,-1,-1,3,E01022649,0,2
2024531439028,2024,531439028,2,1,0,-1,19,3,7,-1,0,3,5,0,0,0,4,1,-1,2,1,43,7,-1,-1,-1,-1,8,E01022279,0,1
2024122401234,2024,122401234,1,19,0,18,19,1,5,0,0,1,0,0,0,0,1,1,1,1,1,44,7,-1,-1,-1,-1,8,E01027886,0,3
2024501463139,2024,501463139,1,-1,0,-1,19,6,2,-1,0,0,0,4,0,0,1,9,-1,6,1,-1,-1,-1,-1,-1,-1,-1,-1,1,-1
2024440427077,2024,440427077,2,9,0,18,19,5,3,0,0,8,0,0,0,0,4,1,2,2,2,18,4,-1,-1,-1,-1,9,E01022504,0,3
2024141423977,2024,141423977,2,1,0,-1,19,1,5,-1,0,0,0,0,0,0,3,1,-1,1,1,25,5,-1,-1,-1,-1,-1,-1,0,-1
2024141519434,2024,141519434,1,1,0,-1,19,5,1,-1,4,1,5,0,0,0,1,1,-1,2,1,41,7,-1,-1,-1,-1,5,E01008113,0,1
2024122401196,2024,122401196,1,1,0,18,19,3,1,0,0,0,0,0,0,0,4,1,6,6,1,13,3,-1,-1,-1,-1,10,E01013440,0,2
2024320559529,2024,320559529,1,9,0,13,13,2,6,0,0,1,0,11,3,10,1,1,-1,-1,1,63,9,-1,-1,-1,-1,8,E01026372,0,1
2024311423685,2024,311423685,1,9,0,-1,19,4,8,-1,0,1,0,0,0,0,1,1,-1,6,3,-1,-1,-1,-1,-1,-1,-1,-1,0,-1
2024201396907,2024,201396907,1,9,0,-1,7,2,4,-1,0,3,0,0,0,0,1,9,-1,6,3,-1,-1,-1,-1,-1,-1,-1,-1,0,-1
2024010513864,2024,010513864,1,9,0,5,5,8,4,0,0,0,0,0,0,0,2,1,6,6,1,28,6,-1,-1,-1,-1,6,E01021986,0,4
2024010492338,2024,010492338,2,9,0,15,15,3,7,9,9,0,1,10,7,9,1,1,6,6,1,56,9,-1,-1,-1,-1,8,E01003677,0,1
2024161467989,2024,161467989,1,9,4,-1,19,5,1,-1,0,1,0,0,0,0,9,9,-1,6,1,-1,-1,-1,-1,-1,-1,3,E01013386,0,4
2024061473228,2024,061473228,2,1,0,-1,19,1,5,-1,4,8,0,0,0,0,1,1,-1,9,1,69,10,-1,-1,-1,-1,3,E01004874,0,1
2024430457165,2024,430457165,1,1,0,18,19,8,4,0,0,2,0,0,0,0,1,1,6,6,1,43,7,-1,-1,-1,-1,10,E01016335,0,1
2024320383773,2024,320383773,1,99,0,18,19,5,1,0,0,1,0,0,0,0,0,1,6,6,1,20,4,-1,-1,-1,-1,4,E01000644,0,5
2024101474034,2024,101474034,1,9,0,-1,5,5,3,-1,0,8,0,0,0,0,1,1,-1,9,1,44,7,-1,-1,-1,-1,-1,-1,0,-1
2024010512750,2024,010512750,1,1,9,99,99,9,9,99,99,9,9,99,9,99,9,1,2,2,1,23,5,-1,-1,-1,-1,3,E01004203,0,1
2024471466555,2024,471466555,1,1,0,-1,19,7,3,-1,4,0,0,0,0,0,4,1,-1,9,1,28,6,-1,-1,-1,-1,6,E01016856,0,1
2024131472953,2024,131472953,2,1,0,-1,19,3,7,-1,0,0,0,0,0,0,3,1,-1,9,2,44,7,-1,-1,-1,-1,9,E01011874,0,2
2024010531936,2024,010531936,2,9,0,2,2,0,0,0,0,0,0,8,0,0,3,1,6,6,3,-1,-1,-1,-1,-1,-1,-1,-1,0,-1
2024010490598,2024,010490598,1,10,0,18,19,5,1,0,0,1,0,0,0,0,4,1,6,6,1,30,6,-1,-1,-1,-1,3,E01002401,0,1
2024440431124,2024,440431124,1,9,0,18,19,1,5,0,0,2,0,0,0,0,1,1,6,6,1,61,9,-1,-1,-1,-1,5,E01022761,0,2
2024010545217,2024,010545217,1,9,0,99,99,9,9,99,99,9,9,99,9,99,2,9,2,2,2,31,6,-1,-1,-1,-1,3,E01023310,0,3
2024010491864,2024,010491864,1,3,9,99,99,9,9,99,99,9,9,99,9,99,1,1,1,1,1,25,5,-1,-1,-1,-1,2,E01000533,0,2
2024161434700,2024,161434700,1,9,0,-1,19,4,8,-1,0,0,0,0,0,0,-1,9,-1,6,2,-1,-1,-1,-1,-1,-1,-1,-1,0,-1
2024010541261,2024,010541261,1,1,0,18,19,6,2,0,0,1,0,0,0,0,1,1,6,6,1,47,8,-1,-1,-1,-1,3,E01033324,0,1
2024522403045,2024,522403045,2,1,0,18,19,4,8,0,0,8,0,0,0,0,1,1,6,6,1,60,9,-1,-1,-1,-1,6,E01014563,0,1
2024221504369,2024,221504369,2,1,0,-1,19,6,2,-1,0,0,0,0,0,0,3,1,-1,6,2,43,7,-1,-1,-1,-1,7,E01028940,0,1
2024430298166,2024,430298166,1,9,0,9,9,6,3,0,0,5,0,0,0,0,9,1,6,6,3,-1,-1,-1,-1,-1,-1,-1,-1,0,-1
2024311423659,2024,311423659,1,1,0,-1,19,2,6,-1,0,1,0,0,0,0,1,1,-1,2,1,55,8,-1,-1,-1,-1,-1,-1,0,-1
2024010550306,2024,010550306,1,8,9,99,99,9,9,99,99,9,9,99,9,99,9,9,6,6,3,-1,-1,-1,-1,-1,-1,4,E01004677,0,1
2024161474465,2024,161474465,2,1,0,-1,19,4,8,-1,0,8,0,0,0,0,1,1,-1,6,1,76,11,-1,-1,-1,-1,3,E01012943,0,1
2024231526012,2024,231526012,1,1,0,-1,19,6,2,-1,0,0,0,0,0,0,1,1,-1,6,1,28,6,-1,-1,-1,-1,-1,-1,0,-1
2024440362358,2024,440362358,2,19,0,18,19,6,4,0,0,8,0,0,0,0,1,1,2,2,1,57,9,-1,-1,-1,-1,10,E01030773,0,4
2024010498166,2024,010498166,2,1,9,99,99,9,9,99,99,9,9,99,9,99,1,1,6,6,1,-1,-1,-1,-1,-1,-1,-1,-1,0,-1
2024461464697,2024,461464697,2,1,0,-1,19,5,1,-1,0,1,0,0,0,0,3,1,-1,9,1,12,3,-1,-1,-1,-1,9,E01016086,0,1
2024010526284,2024,010526284,2,1,0,18,19,5,1,0,0,8,0,0,0,0,1,1,2,2,1,22,5,-1,-1,-1,-1,4,E01004201,0,1
2024351480026,2024,351480026,2,1,0,-1,-1,-1,-1,-1,-1,-1,-1,-1,-1,0,-1,1,-1,6,1,42,7,-1,-1,-1,-1,10,E01018141,0,1
2024010512296,2024,010512296,2,1,0,5,5,3,7,0,0,1,0,0,0,0,1,1,1,1,1,22,5,-1,-1,-1,-1,2,E01003918,0,1
2024010497494,2024,010497494,2,9,0,9,9,1,7,0,0,8,0,0,0,0,1,1,6,6,3,-1,-1,-1,-1,-1,-1,-1,-1,0,-1
2024122500453,2024,122500453,2,1,0,18,19,5,1,0,0,8,0,0,0,0,2,1,6,6,1,65,9,-1,-1,-1,-1,10,E01027700,0,1
2024520400791,2024,520400791,1,9,0,18,19,5,1,0,0,0,0,0,0,0,1,1,6,6,1,50,8,-1,-1,-1,-1,6,E01029169,0,1
2024332400117,2024,332400117,2,9,0,-1,19,5,1,-1,0,8,0,0,0,0,0,1,-1,9,1,18,4,-1,-1,-1,-1,1,E01013601,0,1
2024070559801,2024,070559801,2,1,0,18,19,3,7,0,0,8,0,0,0,0,4,1,6,6,1,16,4,-1,-1,-1,-1,10,E01033375,0,1
202417M110024,2024,17M110024,1,1,0,-1,19,5,1,-1,0,0,0,0,0,0,1,1,-1,9,1,35,6,-1,-1,-1,-1,2,E01012042,0,1
2024340WN2722,2024,340WN2722,1,19,0,-1,19,4,8,-1,0,4,0,0,0,0,1,1,-1,1,1,52,8,-1,-1,-1,-1,7,E01027019,0,2
2024101394514,2024,101394514,1,97,0,-1,19,7,3,-1,0,1,0,0,0,0,1,1,-1,6,1,27,6,-1,-1,-1,-1,-1,-1,0,-1
2024421488666,2024,421488666,1,9,0,-1,19,1,5,-1,0,0,0,0,0,0,0,9,-1,6,3,50,8,-1,-1,-1,-1,-1,-1,0,-1
2024440346335,2024,440346335,1,1,0,9,9,1,3,0,0,6,0,0,0,0,1,1,6,6,1,11,3,-1,-1,-1,-1,9,E01023111,0,1
2024320020370,2024,320020370,2,1,0,-1,-1,5,2,0,0,8,5,0,0,0,1,1,-1,-1,1,64,9,-1,-1,-1,-1,7,E01026344,0,1
2024351471192,2024,351471192,2,1,0,-1,19,1,5,-1,5,8,0,0,0,0,1,1,-1,2,1,27,6,-1,-1,-1,-1,4,E01018009,0,1
2024371471662,2024,371471662,2,1,0,-1,19,5,1,-1,0,1,0,0,0,0,2,1,-1,6,1,57,9,-1,-1,-1,-1,5,E01030189,0,1
2024131414736,2024,131414736,1,9,0,-1,12,8,4,-1,0,8,0,0,0,0,1,1,-1,6,1,27,6,-1,-1,-1,-1,7,E01011825,0,2
2024161407492,2024,161407492,2,9,0,-1,7,4,6,-1,0,8,0,0,0,0,0,9,-1,6,3,40,7,-1,-1,-1,-1,-1,-1,0,-1
2024461519672,2024,461519672,1,10,0,-1,19,4,8,-1,0,1,0,0,0,0,1,2,-1,6,1,33,6,-1,-1,-1,-1,-1,-1,0,-1
2024302400370,2024,302400370,2,9,0,7,7,8,2,0,0,4,0,0,0,0,1,2,6,6,3,-1,-1,-1,-1,-1,-1,5,E01019456,0,3
2024311488347,2024,311488347,1,9,0,-1,19,1,5,-1,0,0,0,0,0,0,1,1,-1,6,1,-1,-1,-1,-1,-1,-1,-1,-1,0,-1
2024010524007,2024,010524007,1,1,9,99,99,9,9,99,99,9,9,99,9,99,1,1,2,2,2,38,7,-1,-1,-1,-1,7,E01002385,0,1
2024430031145,2024,430031145,2,9,0,18,19,8,4,0,0,1,0,0,0,0,0,1,1,1,1,-1,-1,-1,-1,-1,-1,6,E01033500,0,4
2024421421911,2024,421421911,2,9,0,-1,19,7,3,-1,0,0,0,0,0,0,0,9,-1,6,-1,-1,-1,-1,-1,-1,-1,-1,-1,0,-1
2024010510697,2024,010510697,1,1,9,99,99,9,9,99,99,9,9,99,9,99,9,1,2,2,1,33,6,-1,-1,-1,-1,2,E01004008,0,2
2024010549555,2024,010549555,2,9,0,99,99,9,9,99,99,9,9,99,9,99,3,9,6,6,1,27,6,-1,-1,-1,-1,8,E01030859,0,1
2024430019284,2024,430019284,2,9,0,18,19,5,1,0,0,4,0,0,0,0,1,1,6,6,1,35,6,-1,-1,-1,-1,9,E01017840,0,1
2024351497554,2024,351497554,1,9,0,-1,9,5,3,-1,0,1,0,0,0,0,1,1,-1,2,2,46,8,-1,-1,-1,-1,4,E01035537,0,1
2024010519153,2024,010519153,1,1,9,99,99,9,9,99,99,9,9,99,9,99,1,1,6,6,1,25,5,-1,-1,-1,-1,4,E01033870,0,1
2024311501794,2024,311501794,2,2,0,-1,5,1,3,-1,0,6,1,0,0,0,3,1,-1,6,1,15,3,-1,-1,-1,-1,-1,-1,0,-1
2024010533645,2024,010533645,1,9,0,18,19,1,5,0,0,4,0,0,0,0,0,1,6,6,3,-1,-1,-1,-1,-1,-1,-1,-1,0,-1
2024471423900,2024,471423900,2,9,0,-1,4,4,7,-1,0,0,1,1,1,0,2,1,-1,6,1,-1,-1,-1,-1,-1,-1,-1,-1,0,-1
2024041419590,2024,041419590,2,9,0,-1,19,8,1,-1,0,0,0,0,0,0,1,1,-1,6,1,40,7,-1,-1,-1,-1,8,E01034353,0,3
2024311451550,2024,311451550,2,1,0,-1,19,6,2,-1,9,0,0,0,0,0,1,1,-1,6,2,18,4,-1,-1,-1,-1,-1,-1,0,-1
2024371489229,2024,371489229,1,9,0,-1,19,7,3,-1,0,2,0,0,1,0,1,1,-1,6,1,59,9,-1,-1,-1,-1,2,E01030168,0,3
2024061485265,2024,061485265,3,8,0,-1,7,1,7,-1,-1,4,0,0,1,0,3,1,-1,1,1,39,7,-1,-1,-1,-1,1,E01005141,0,3
2024522403303,2024,522403303,1,-1,0,18,19,7,4,0,0,8,0,0,0,0,4,1,6,6,1,20,4,-1,-1,-1,-1,3,E01014569,1,1
2024201536204,2024,201536204,1,9,0,-1,19,1,5,-1,0,1,0,0,0,0,1,9,-1,6,3,-1,-1,-1,-1,-1,-1,-1,-1,0,-1
2024101526997,2024,101526997,1,9,0,-1,19,6,1,-1,0,4,0,0,0,0,1,1,-1,6,1,56,9,-1,-1,-1,-1,7,E01012415,0,5
2024201484650,2024,201484650,1,9,0,-1,19,4,3,-1,0,0,0,0,0,0,1,1,-1,6,1,30,6,-1,-1,-1,-1,-1,-1,0,-1
2024461451228,2024,461451228,2,9,0,-1,7,7,1,-1,0,0,0,0,0,0,4,1,-1,2,1,47,8,-1,-1,-1,-1,7,E01024073,0,4
2024401510081,2024,401510081,1,9,-1,-1,-1,-1,-1,-1,-1,0,-1,-1,-1,0,-1,9,-1,6,1,-1,-1,-1,-1,-1,-1,-1,-1,0,-1
2024010545770,2024,010545770,2,9,0,18,19,4,8,0,0,8,0,4,0,0,1,1,6,6,1,34,6,-1,-1,-1,-1,4,E01003543,0,1
2024010490683,2024,010490683,2,19,0,3,3,3,7,0,0,0,0,0,0,0,1,1,6,6,1,39,7,-1,-1,-1,-1,4,E01002250,0,2
2024010548233,2024,010548233,1,19,0,9,9,1,7,0,0,1,0,0,0,0,3,1,1,1,1,49,8,-1,-1,-1,-1,6,E01000211,0,1
2024991423540,2024,991423540,1,1,0,-1,9,3,7,-1,0,1,0,0,0,0,3,1,-1,9,1,18,4,-1,-1,-1,-1,2,-1,0,1
2024010518117,2024,010518117,1,1,0,4,4,2,6,99,99,4,2,0,9,0,2,1,4,7,1,12,3,-1,-1,-1,-1,1,E01000605,0,2
2024311456647,2024,311456647,1,9,0,-1,19,5,1,-1,0,0,0,0,0,0,1,9,-1,6,3,9,2,-1,-1,-1,-1,-1,-1,0,-1
2024421401192,2024,421401192,2,1,0,-1,19,-1,-1,-1,0,0,0,0,0,0,2,1,-1,6,1,27,6,-1,-1,-1,-1,9,E01018238,0,1
2024991507639,2024,991507639,1,9,0,-1,7,5,8,-1,4,1,0,0,0,0,4,1,-1,6,1,66,10,-1,-1,-1,-1,1,-1,0,4
2024501413197,2024,501413197,1,19,0,-1,7,3,5,-1,0,1,0,0,0,0,4,9,-1,6,3,-1,-1,-1,-1,-1,-1,-1,-1,0,-1
2024010511437,2024,010511437,2,22,0,18,19,3,7,0,0,2,0,0,0,0,1,1,6,6,1,84,11,-1,-1,-1,-1,2,E01002096,0,1
2024010501978,2024,010501978,1,1,9,99,99,9,9,99,99,9,9,99,9,99,2,1,2,2,1,31,6,-1,-1,-1,-1,3,E01033488,0,2
2024211532033,2024,211532033,2,1,0,-1,19,8,4,-1,0,8,0,0,0,0,1,1,-1,2,1,36,7,-1,-1,-1,-1,-1,-1,0,-1
2024061523083,2024,061523083,1,8,0,-1,9,-1,-1,-1,0,5,0,0,0,0,1,1,-1,6,3,-1,-1,-1,-1,-1,-1,-1,-1,0,-1
2024440042285,2024,440042285,1,9,0,18,19,8,4,0,0,0,0,0,0,0,1,1,6,6,1,71,10,-1,-1,-1,-1,6,E01022736,0,1
2024302400584,2024,302400584,2,9,0,17,19,1,6,0,0,1,0,0,0,0,3,1,6,6,1,41,7,-1,-1,-1,-1,3,E01019531,0,1
2024122400718,2024,122400718,2,9,0,18,19,5,1,0,0,8,0,0,0,0,2,1,6,6,2,24,5,-1,-1,-1,-1,10,E01027899,0,1
2024201466587,2024,201466587,1,9,0,-1,19,1,5,-1,0,0,0,0,0,0,1,1,-1,6,1,51,8,-1,-1,-1,-1,1,E01009631,0,1
2024430444168,2024,430444168,2,4,0,18,19,2,6,0,0,8,0,0,0,0,1,1,1,1,1,53,8,-1,-1,-1,-1,6,E01016287,0,4
2024320593540,2024,320593540,2,9,0,-1,-1,6,2,0,0,0,0,0,0,0,1,1,-1,-1,2,30,6,-1,-1,-1,-1,6,E01026399,0,1
2024061437193,2024,061437193,1,1,0,-1,10,-1,-1,-1,0,1,5,0,0,0,3,1,-1,9,2,31,6,-1,-1,-1,-1,2,E01005199,0,1
2024131422762,2024,131422762,1,90,0,-1,-1,-1,-1,-1,-1,-1,-1,-1,-1,0,-1,1,-1,6,3,-1,-1,-1,-1,-1,-1,-1,-1,0,-1
2024430118262,2024,430118262,1,11,0,18,19,4,8,0,0,0,0,0,0,0,4,1,6,6,3,-1,-1,-1,-1,-1,-1,-1,-1,0,-1
2024070978199,2024,070978199,2,1,0,-1,19,1,7,-1,0,8,0,0,0,0,1,1,-1,6,1,31,6,-1,-1,-1,-1,8,E01034409,0,4
2024161419255,2024,161419255,2,1,0,-1,19,1,5,-1,0,1,5,0,0,0,1,1,-1,6,1,14,3,-1,-1,-1,-1,-1,-1,0,-1
2024070276038,2024,070276038,2,9,0,18,19,1,6,0,0,8,0,0,0,0,1,1,6,6,2,25,5,-1,-1,-1,-1,9,E01018420,0,1
2024440191356,2024,440191356,1,9,0,5,5,8,4,0,0,6,0,0,0,0,1,1,6,6,3,-1,-1,-1,-1,-1,-1,-1,-1,0,-1
2024070505433,2024,070505433,2,9,0,4,4,8,4,5,5,8,0,0,0,0,1,1,6,6,2,-1,-1,-1,-1,-1,-1,-1,-1,0,-1
2024430228988,2024,430228988,2,1,0,18,19,3,7,0,0,2,0,0,0,0,1,1,6,6,1,43,7,-1,-1,-1,-1,-1,-1,0,-1
2024010487471,2024,010487471,1,9,0,18,19,8,4,0,0,0,0,0,0,0,0,1,1,1,2,33,6,-1,-1,-1,-1,3,E01002133,0,3
2024131454728,2024,131454728,1,98,0,-1,-1,-1,-1,-1,-1,-1,-1,-1,-1,-1,-1,1,-1,6,3,-1,-1,-1,-1,-1,-1,-1,-1,0,-1
2024041466792,2024,041466792,1,9,0,-1,19,1,5,-1,0,0,0,0,0,0,1,1,-1,6,1,39,7,-1,-1,-1,-1,9,E01024916,0,2
2024302400057,2024,302400057,1,9,0,4,4,1,5,0,0,1,0,0,0,0,2,1,6,6,3,-1,-1,-1,-1,-1,-1,5,E01019456,0,3
2024122401018,2024,122401018,2,1,0,18,19,6,2,0,0,0,0,0,0,0,3,1,2,2,1,59,9,-1,-1,-1,-1,5,E01027729,0,1
2024522403433,2024,522403433,1,-1,0,5,5,7,7,0,0,8,0,0,0,0,1,1,6,6,1,33,6,-1,-1,-1,-1,7,E01014525,1,1
2024010492928,2024,010492928,2,9,0,99,99,9,9,99,99,0,9,99,9,99,9,9,6,6,1,33,6,-1,-1,-1,-1,2,E01004420,0,3
2024311535848,2024,311535848,2,19,0,-1,19,2,6,-1,0,0,0,0,0,0,1,1,-1,6,3,-1,-1,-1,-1,-1,-1,-1,-1,0,-1
2024010547476,2024,010547476,1,1,9,99,99,9,9,99,99,9,9,99,9,99,9,1,2,2,2,56,9,-1,-1,-1,-1,2,E01002715,0,2
2024131439099,2024,131439099,1,9,0,-1,-1,-1,-1,-1,-1,0,-1,-1,-1,-1,-1,1,-1,6,3,-1,-1,-1,-1,-1,-1,-1,-1,0,-1
2024302500272,2024,302500272,1,9,0,-1,19,2,7,-1,0,1,1,0,1,1,4,1,-1,6,1,24,5,-1,-1,-1,-1,6,E01013506,0,1
2024631431360,2024,631431360,3,9,4,-1,19,4,8,-1,0,8,3,0,7,10,1,1,-1,1,1,28,6,-1,-1,-1,-1,6,W01000487,0,1
2024361471499,2024,361471499,1,9,0,-1,19,6,2,-1,0,2,0,0,0,0,4,1,-1,6,3,38,7,-1,-1,-1,-1,-1,-1,0,-1
2024340NN1582,2024,340NN1582,1,9,0,-1,9,5,2,-1,0,5,5,0,0,0,4,1,-1,6,2,40,7,-1,-1,-1,-1,7,E01027338,0,1
2024221407944,2024,221407944,1,9,0,-1,19,4,8,-1,0,0,1,0,1,4,1,1,-1,2,1,42,7,-1,-1,-1,-1,7,E01032153,0,3
2024471483876,2024,471483876,2,97,0,-1,19,5,1,-1,0,0,0,0,0,0,0,1,-1,6,-1,-1,-1,-1,-1,-1,-1,-1,-1,0,-1
2024302401010,2024,302401010,2,1,0,17,19,5,1,0,0,3,0,0,0,0,1,1,6,6,1,41,7,-1,-1,-1,-1,9,E01034653,0,1
2024010504971,2024,010504971,2,9,9,99,99,9,9,99,99,9,9,99,9,99,9,9,6,6,3,-1,-1,-1,-1,-1,-1,-1,-1,0,-1
2024101483627,2024,101483627,1,9,0,-1,5,6,3,-1,0,6,0,0,0,0,3,9,-1,6,3,30,6,-1,-1,-1,-1,-1,-1,0,-1
2024430432968,2024,430432968,1,9,0,18,19,6,2,0,0,0,0,0,0,0,3,1,6,6,1,25,5,-1,-1,-1,-1,2,E01002545,0,3
2024010522628,2024,010522628,1,3,0,18,19,5,1,0,0,8,0,0,0,0,1,1,6,6,1,26,6,-1,-1,-1,-1,9,E01000873,0,2
2024332400398,2024,332400398,1,1,0,-1,19,9,9,-1,0,0,0,0,0,0,0,1,-1,7,1,12,3,-1,-1,-1,-1,5,E01026003,0,1
2024430030164,2024,430030164,1,9,0,18,19,8,4,0,0,0,0,0,0,0,1,1,6,6,2,38,7,-1,-1,-1,-1,6,E01017791,0,1
2024122400979,2024,122400979,1,1,0,17,19,5,2,0,0,7,0,0,0,0,1,1,2,2,2,21,5,-1,-1,-1,-1,3,E01033067,0,1
2024522402298,2024,522402298,1,9,9,17,19,9,9,0,0,0,0,0,0,0,9,1,6,6,3,-1,-1,-1,-1,-1,-1,-1,-1,0,-1
2024052401215,2024,052401215,1,97,0,18,19,9,9,0,0,0,9,0,1,0,9,1,6,6,3,-1,-1,-1,-1,-1,-1,-1,-1,0,-1
2024221484996,2024,221484996,2,9,0,-1,7,6,8,-1,0,6,0,0,0,0,1,9,-1,6,1,56,9,-1,-1,-1,-1,8,E01029742,0,3
2024122401264,2024,122401264,2,1,0,18,19,7,3,0,0,1,0,0,0,0,1,1,2,2,2,27,6,-1,-1,-1,-1,1,E01013443,0,1
2024311474895,2024,311474895,1,9,0,-1,9,1,6,-1,0,8,0,0,0,0,1,1,-1,6,3,-1,-1,-1,-1,-1,-1,-1,-1,0,-1
2024010514183,2024,010514183,1,9,0,18,19,1,5,0,0,9,0,0,9,0,1,9,6,6,2,-1,-1,-1,-1,-1,-1,-1,-1,0,-1
2024411499191,2024,411499191,1,9,-1,-1,4,4,8,-1,0,1,0,0,0,0,1,9,-1,6,3,-1,-1,-1,-1,-1,-1,-1,-1,0,-1
2024471458975,2024,471458975,2,98,0,-1,19,1,5,-1,0,0,0,0,0,0,1,1,-1,1,1,51,8,-1,-1,-1,-1,8,E01030613,0,3
2024061452700,2024,061452700,1,-1,0,-1,19,7,3,-1,0,2,0,0,0,0,1,1,-1,9,1,12,3,-1,-1,-1,-1,1,E01005164,1,1
2024131446682,2024,131446682,1,19,0,-1,19,4,8,-1,0,0,0,0,0,0,3,1,-1,1,1,41,7,-1,-1,-1,-1,8,E01010573,0,3
2024991465634,2024,991465634,3,9,0,-1,19,7,3,-1,0,0,0,0,0,0,4,2,-1,6,1,38,7,-1,-1,-1,-1,-1,-1,0,-1
2024221410025,2024,221410025,3,20,5,-1,9,6,5,-1,0,6,0,0,0,0,2,1,-1,1,3,58,9,-1,-1,-1,-1,-1,-1,0,-1
2024061435699,2024,061435699,3,9,-1,-1,-1,-1,-1,-1,-1,0,-1,-1,-1,0,-1,9,-1,6,3,-1,-1,-1,-1,-1,-1,-1,-1,0,-1