collision_index,collision_year,collision_ref_no,vehicle_reference,vehicle_type,towing_and_articulation,vehicle_manoeuvre_historic,vehicle_manoeuvre,vehicle_direction_from,vehicle_direction_to,vehicle_location_restricted_lane_historic,vehicle_location_restricted_lane,junction_location,skidding_and_overturning,hit_object_in_carriageway,vehicle_leaving_carriageway,hit_object_off_carriageway,first_point_of_impact,vehicle_left_hand_drive,journey_purpose_of_driver_historic,journey_purpose_of_driver,sex_of_driver,age_of_driver,age_band_of_driver,engine_capacity_cc,propulsion_code,age_of_vehicle,generic_make_model,driver_imd_decile,lsoa_of_driver,escooter_flag,driver_distance_banding
2024010505635,2024,010505635,1,1,9,99,99,9,9,99,99,4,9,99,9,99,9,1,2,2,1,43,7,-1,-1,-1,-1,5,E01001038,0,2
2024361418199,2024,361418199,2,9,0,-1,9,5,3,-1,0,8,0,0,0,0,1,1,-1,9,2,30,6,-1,-1,-1,-1,8,E01026587,0,2
2024991487630,2024,991487630,2,90,0,-1,19,6,2,-1,0,0,0,0,0,0,1,2,-1,9,1,67,10,-1,-1,-1,-1,-1,-1,0,-1
2024131393812,2024,131393812,1,9,0,-1,19,1,5,-1,0,2,0,0,0,0,1,1,-1,2,1,75,10,-1,-1,-1,-1,8,E01011595,0,3
2024520002250,2024,520002250,1,1,0,18,19,3,7,0,0,0,0,0,0,0,3,1,6,6,1,58,9,-1,-1,-1,-1,10,E01014460,0,2
2024221517822,2024,221517822,1,8,0,-1,19,3,7,-1,0,0,0,0,0,0,1,9,-1,1,2,46,8,-1,-1,-1,-1,5,E01014099,0,2
2024101397219,2024,101397219,1,9,0,-1,19,7,3,-1,0,1,0,0,0,0,3,1,-1,6,2,66,10,-1,-1,-1,-1,7,E01008534,0,1
2024302400059,2024,302400059,1,19,0,18,19,8,4,0,0,0,0,0,0,0,4,1,6,6,3,-1,-1,-1,-1,-1,-1,5,E01019456,0,2
2024010495088,2024,010495088,1,3,0,14,14,1,5,0,0,2,0,0,0,0,1,1,6,6,1,18,4,-1,-1,-1,-1,2,E01004665,0,1
2024041439135,2024,041439135,1,9,0,-1,19,5,1,-1,0,0,0,0,0,0,1,1,-1,6,3,-1,-1,-1,-1,-1,-1,-1,-1,0,-1
2024010531100,2024,010531100,1,9,0,10,10,4,1,0,0,5,0,0,0,0,4,1,6,6,1,29,6,-1,-1,-1,-1,9,E01000425,0,1
2024111465061,2024,111465061,2,5,0,-1,19,5,1,-1,0,0,0,0,0,0,1,1,-1,6,1,18,4,-1,-1,-1,-1,1,E01012352,0,1
2024010489706,2024,010489706,1,9,9,18,19,1,5,99,99,9,9,99,9,99,9,1,6,6,1,65,9,-1,-1,-1,-1,2,E01001746,0,1
2024991475352,2024,991475352,1,-1,0,-1,4,4,8,-1,0,0,0,0,0,0,1,1,-1,9,1,67,10,-1,-1,-1,-1,-1,-1,1,-1
2024061507163,2024,061507163,1,1,0,-1,19,-1,-1,-1,9,8,0,0,0,0,1,1,-1,2,1,19,4,-1,-1,-1,-1,5,E01006366,0,1
2024320700955,2024,320700955,2,9,0,-1,-1,3,7,0,0,2,0,4,0,0,1,1,-1,-1,1,24,5,-1,-1,-1,-1,2,E01026142,0,1
2024161516976,2024,161516976,2,1,0,-1,9,4,1,-1,0,8,0,0,0,0,1,1,-1,6,1,55,8,-1,-1,-1,-1,1,E01013201,0,1
2024201411007,2024,201411007,2,9,0,-1,19,8,4,-1,0,0,0,0,0,0,2,1,-1,9,2,40,7,-1,-1,-1,-1,8,E01027096,0,4
2024010493389,2024,010493389,2,9,0,99,99,9,9,99,99,0,9,99,9,99,9,1,6,6,2,-1,-1,-1,-1,-1,-1,-1,-1,0,-1
2024501519346,2024,501519346,1,1,0,-1,19,-1,-1,-1,0,8,0,0,0,0,4,1,-1,2,1,56,9,-1,-1,-1,-1,6,E01018794,0,1
2024302400077,2024,302400077,1,9,0,5,5,2,8,0,0,8,0,0,0,0,1,1,6,6,1,75,10,-1,-1,-1,-1,4,E01019776,0,2
2024010538711,2024,010538711,2,1,0,13,13,5,1,0,0,1,0,0,0,0,1,1,6,6,1,51,8,-1,-1,-1,-1,5,E01001138,0,1
2024041431558,2024,041431558,8,9,0,-1,2,7,3,-1,0,2,0,0,0,0,1,9,-1,6,-1,-1,-1,-1,-1,-1,-1,-1,-1,0,-1
2024421518275,2024,421518275,3,9,0,-1,5,6,3,-1,0,0,0,0,0,0,0,1,-1,6,3,-1,-1,-1,-1,-1,-1,-1,-1,0,-1
2024430342145,2024,430342145,1,9,0,9,9,5,3,0,0,8,0,0,0,0,1,1,6,6,2,33,6,-1,-1,-1,-1,-1,-1,0,-1
2024010542301,2024,010542301,1,1,0,18,19,3,7,0,0,0,0,4,0,0,1,1,4,7,1,12,3,-1,-1,-1,-1,3,E01034180,0,1
2024501396875,2024,501396875,1,9,0,-1,19,7,4,-1,0,1,0,0,0,0,1,9,-1,6,2,60,9,-1,-1,-1,-1,4,E01020287,0,2
2024552400317,2024,552400317,1,9,0,17,19,4,1,0,0,6,0,0,0,0,1,1,1,1,3,-1,-1,-1,-1,-1,-1,-1,-1,0,-1
2024061449130,2024,061449130,1,23,0,-1,5,4,1,-1,0,6,5,0,0,0,1,1,-1,6,1,18,4,-1,-1,-1,-1,2,E01006380,0,1
2024101424138,2024,101424138,1,9,0,-1,4,1,5,-1,0,0,0,0,0,0,1,1,-1,6,3,-1,-1,-1,-1,-1,-1,-1,-1,0,-1
2024052401977,2024,052401977,2,1,0,18,19,4,8,0,0,1,0,0,0,0,1,1,6,6,1,33,6,-1,-1,-1,-1,2,E01006797,0,1
2024201524761,2024,201524761,2,1,0,-1,99,1,1,-1,0,0,0,99,0,0,2,1,-1,6,1,36,7,-1,-1,-1,-1,3,E01009922,0,1
2024010536857,2024,010536857,2,1,0,18,19,7,3,0,0,6,0,0,0,0,4,1,2,2,1,23,5,-1,-1,-1,-1,4,E01035670,0,1
2024332400671,2024,332400671,2,1,0,-1,19,4,8,-1,0,8,0,0,0,0,1,1,-1,6,1,44,7,-1,-1,-1,-1,9,E01032894,0,4
2024430044905,2024,430044905,1,3,0,6,6,4,4,0,0,0,0,0,0,0,3,1,6,6,1,50,8,-1,-1,-1,-1,-1,-1,0,-1
2024211476830,2024,211476830,1,1,0,-1,-1,-1,-1,-1,-1,-1,-1,-1,-1,0,-1,1,-1,6,1,-1,-1,-1,-1,-1,-1,-1,-1,0,-1
202417S406724,2024,17S406724,1,1,0,-1,19,5,1,-1,0,0,0,0,0,0,4,1,-1,9,1,55,8,-1,-1,-1,-1,9,E01033475,0,1
2024010550461,2024,010550461,1,1,0,18,19,7,3,0,0,1,0,0,0,0,3,1,6,6,1,27,6,-1,-1,-1,-1,7,E01003397,0,1
2024991491097,2024,991491097,4,9,0,-1,19,1,5,-1,0,0,1,0,0,0,2,1,-1,2,2,37,7,-1,-1,-1,-1,3,-1,0,2
2024522401483,2024,522401483,2,9,0,12,12,6,2,0,0,0,0,0,0,0,3,1,6,6,3,-1,-1,-1,-1,-1,-1,-1,-1,0,-1
2024421454592,2024,421454592,2,9,0,-1,2,-1,-1,-1,0,-1,0,0,0,0,3,1,-1,6,2,40,7,-1,-1,-1,-1,4,E01021957,0,2
2024411542443,2024,411542443,1,9,0,-1,9,4,2,-1,0,1,0,0,0,0,1,1,-1,6,-1,59,9,-1,-1,-1,-1,2,E01015677,0,4
2024520001544,2024,520001544,1,97,0,18,19,9,9,9,9,0,0,0,0,0,9,1,6,6,3,-1,-1,-1,-1,-1,-1,-1,-1,0,-1
2024010493170,2024,010493170,2,1,0,18,19,1,5,0,0,0,2,0,0,0,1,1,6,6,1,33,6,-1,-1,-1,-1,6,E01023663,0,4
2024991497065,2024,991497065,1,9,0,-1,13,4,8,-1,0,1,0,0,0,0,4,1,-1,9,2,42,7,-1,-1,-1,-1,1,-1,0,2
2024010509943,2024,010509943,2,9,0,2,2,0,0,0,0,1,0,0,0,0,0,1,6,6,3,-1,-1,-1,-1,-1,-1,-1,-1,0,-1
2024122500442,2024,122500442,1,9,0,18,19,3,7,0,0,0,0,0,0,0,1,9,6,6,3,-1,-1,-1,-1,-1,-1,-1,-1,0,-1
2024010491339,2024,010491339,3,9,0,99,99,9,9,99,99,9,9,99,9,99,0,9,6,6,3,-1,-1,-1,-1,-1,-1,-1,-1,0,-1
2024052400958,2024,052400958,1,1,0,18,19,7,3,0,0,1,0,0,0,0,1,1,6,6,1,26,6,-1,-1,-1,-1,1,E01006967,0,1
2024201515982,2024,201515982,3,1,0,-1,19,1,5,-1,0,0,5,0,0,0,1,1,-1,6,-1,-1,-1,-1,-1,-1,-1,-1,-1,0,-1
2024451478186,2024,451478186,1,9,0,-1,19,1,5,-1,0,0,1,11,0,0,3,1,-1,9,1,23,5,-1,-1,-1,-1,1,E01009215,0,5
2024122500022,2024,122500022,1,21,0,5,5,3,5,0,0,1,0,0,0,0,1,1,1,1,2,31,6,-1,-1,-1,-1,1,E01012946,0,4
2024201407579,2024,201407579,1,9,-1,-1,1,1,5,-1,0,1,0,0,0,0,2,9,-1,6,1,-1,-1,-1,-1,-1,-1,-1,-1,0,-1
2024461495667,2024,461495667,1,9,-1,-1,-1,-1,-1,-1,-1,0,-1,-1,-1,0,-1,9,-1,6,3,-1,-1,-1,-1,-1,-1,-1,-1,0,-1
2024522401867,2024,522401867,2,1,0,18,19,7,3,0,0,8,0,0,0,0,1,1,6,6,1,67,10,-1,-1,-1,-1,5,E01014500,0,1
2024231454684,2024,231454684,2,9,0,-1,19,2,6,-1,0,0,0,0,1,0,3,9,-1,9,1,27,6,-1,-1,-1,-1,7,E01031068,0,2
2024211522852,2024,211522852,2,5,0,-1,19,7,5,-1,0,0,0,0,0,0,1,1,-1,6,1,49,8,-1,-1,-1,-1,10,E01029523,0,4
2024430133778,2024,430133778,2,9,0,18,19,6,2,0,0,0,0,0,0,0,2,1,6,6,1,27,6,-1,-1,-1,-1,2,E01028569,0,1
2024010516928,2024,010516928,1,19,0,99,99,9,9,99,99,0,9,99,9,99,2,9,6,6,3,-1,-1,-1,-1,-1,-1,4,E01034012,0,5
2024041529340,2024,041529340,2,1,0,-1,19,-1,-1,-1,0,4,0,0,0,0,-1,1,-1,6,1,46,8,-1,-1,-1,-1,1,E01012649,0,1
2024010530879,2024,010530879,1,1,9,99,99,9,9,99,99,9,9,99,9,99,9,1,2,2,1,64,9,-1,-1,-1,-1,6,E01003840,0,1
2024430131744,2024,430131744,2,9,0,18,19,7,2,0,0,4,0,0,0,0,1,1,6,6,3,-1,-1,-1,-1,-1,-1,-1,-1,0,-1
2024340NN0192,2024,340NN0192,1,-1,0,-1,9,1,6,-1,0,1,0,0,0,0,1,1,-1,9,1,16,4,-1,-1,-1,-1,10,E01035410,1,1
2024302400970,2024,302400970,2,11,0,2,2,0,0,0,0,0,0,0,0,0,0,1,1,1,3,-1,-1,-1,-1,-1,-1,-1,-1,0,-1
2024052401611,2024,052401611,2,1,0,9,9,1,7,0,0,1,0,0,0,0,4,1,6,6,2,28,6,-1,-1,-1,-1,7,E01007066,0,3
2024471536083,2024,471536083,4,1,0,-1,19,6,2,-1,0,0,0,0,0,0,2,1,-1,6,1,39,7,-1,-1,-1,-1,5,E01021109,0,1
2024010528045,2024,010528045,2,1,0,4,4,7,3,0,0,1,0,0,0,0,1,1,6,6,1,22,5,-1,-1,-1,-1,2,E01001976,0,1
2024451450824,2024,451450824,1,9,0,-1,19,3,7,-1,0,8,0,0,0,0,1,1,-1,6,2,32,6,-1,-1,-1,-1,10,E01024423,0,4
202454B697524,2024,54B697524,2,1,0,18,19,2,6,0,0,0,0,0,0,0,2,1,4,7,1,8,2,-1,-1,-1,-1,6,E01031846,0,1
2024101528045,2024,101528045,2,9,0,-1,19,7,3,-1,0,1,0,0,0,0,1,1,-1,2,1,30,6,-1,-1,-1,-1,2,E01008401,0,1
2024141460731,2024,141460731,1,97,0,-1,19,-1,-1,-1,0,1,0,0,0,0,1,1,-1,6,3,-1,-1,-1,-1,-1,-1,-1,-1,0,-1
2024010489215,2024,010489215,1,1,9,99,99,9,9,99,99,9,9,99,9,99,9,1,2,2,1,37,7,-1,-1,-1,-1,8,E01001455,0,1
2024052401872,2024,052401872,1,9,0,7,7,5,7,0,0,2,0,0,0,0,1,1,6,6,3,-1,-1,-1,-1,-1,-1,-1,-1,0,-1
2024430607958,2024,430607958,2,9,0,18,19,8,4,0,0,8,0,0,0,0,1,1,6,6,1,39,7,-1,-1,-1,-1,6,E01033855,0,4
2024430295068,2024,430295068,1,1,0,9,9,7,5,0,0,8,0,0,0,0,4,1,6,6,1,63,9,-1,-1,-1,-1,6,E01028597,0,1
2024430084292,2024,430084292,2,1,0,18,19,4,8,0,0,8,0,0,0,0,1,1,6,6,1,39,7,-1,-1,-1,-1,-1,-1,0,-1
2024430345185,2024,430345185,1,9,0,18,19,1,5,0,0,0,0,0,0,0,1,1,6,6,1,66,10,-1,-1,-1,-1,10,E01016552,0,1
2024010512009,2024,010512009,2,1,0,18,19,1,5,0,0,1,5,0,0,0,1,1,6,6,2,28,6,-1,-1,-1,-1,8,E01027028,0,4
2024351504381,2024,351504381,2,1,-1,-1,-1,-1,-1,-1,-1,-1,-1,-1,-1,0,3,1,-1,2,2,25,5,-1,-1,-1,-1,7,E01035522,0,1
2024221439844,2024,221439844,1,9,0,-1,19,3,7,-1,0,8,0,0,0,0,1,1,-1,2,1,37,7,-1,-1,-1,-1,6,E01031234,0,4
2024010534162,2024,010534162,1,3,0,11,11,5,1,0,0,4,0,0,0,0,4,1,6,6,1,21,5,-1,-1,-1,-1,2,E01001331,0,1
2024531406533,2024,531406533,2,9,0,-1,19,5,1,-1,0,0,0,0,0,0,1,1,-1,1,1,41,7,-1,-1,-1,-1,10,E01022339,0,3
2024311478609,2024,311478609,2,-1,0,-1,19,5,1,-1,0,8,0,0,0,0,1,1,-1,6,1,17,4,-1,-1,-1,-1,-1,-1,1,-1
2024351458378,2024,351458378,2,9,0,-1,19,5,1,-1,0,0,0,0,1,9,1,1,-1,9,1,46,8,-1,-1,-1,-1,10,E01018306,0,2
2024010520754,2024,010520754,2,11,9,99,99,9,9,99,99,0,9,99,9,99,9,9,6,6,3,-1,-1,-1,-1,-1,-1,-1,-1,0,-1
2024070463500,2024,070463500,3,9,0,18,19,8,3,0,0,8,0,0,1,0,3,1,6,6,2,50,8,-1,-1,-1,-1,9,E01018568,0,2
2024221465138,2024,221465138,3,9,0,-1,19,7,2,-1,0,0,0,0,0,0,0,1,-1,6,3,54,8,-1,-1,-1,-1,3,E01032461,0,1
2024010490117,2024,010490117,1,23,0,18,19,3,7,0,0,0,0,0,0,0,1,1,6,6,3,-1,-1,-1,-1,-1,-1,-1,-1,0,-1
2024430111252,2024,430111252,1,9,0,3,3,3,7,0,0,1,0,0,0,0,2,1,6,6,1,74,10,-1,-1,-1,-1,7,E01033972,0,3
2024421446069,2024,421446069,2,22,0,-1,19,7,3,-1,5,1,0,0,0,0,3,1,-1,1,2,84,11,-1,-1,-1,-1,-1,-1,0,-1
2024010534379,2024,010534379,1,3,0,99,99,9,9,99,99,9,0,99,9,99,9,1,2,2,1,28,6,-1,-1,-1,-1,-1,-1,0,-1
2024010523065,2024,010523065,1,1,0,18,19,5,1,0,0,1,0,0,0,0,9,1,6,6,2,-1,-1,-1,-1,-1,-1,-1,-1,0,-1
2024401529288,2024,401529288,1,9,0,-1,19,1,3,-1,0,8,0,0,0,0,1,9,-1,6,2,-1,-1,-1,-1,-1,-1,-1,-1,0,-1
2024430283055,2024,430283055,1,1,0,18,19,6,2,0,0,0,0,0,0,0,3,1,6,6,1,68,10,-1,-1,-1,-1,-1,-1,0,-1
2024010523796,2024,010523796,1,9,0,99,99,9,9,99,99,9,9,99,9,99,9,9,6,6,3,-1,-1,-1,-1,-1,-1,-1,-1,0,-1
2024010491896,2024,010491896,1,9,0,99,99,9,9,99,99,9,9,99,9,99,2,9,6,6,2,29,6,-1,-1,-1,-1,3,E01001325,0,1
2024161519144,2024,161519144,1,1,0,-1,19,5,1,-1,0,1,0,0,0,0,9,1,-1,7,1,12,3,-1,-1,-1,-1,1,E01012880,0,1
2024141397772,2024,141397772,3,9,0,-1,19,5,1,-1,0,0,0,0,0,0,2,9,-1,6,1,49,8,-1,-1,-1,-1,4,E01007444,0,2
2024010511888,2024,010511888,2,-1,0,18,19,1,5,0,0,1,0,0,0,0,0,1,6,6,2,18,4,-1,-1,-1,-1,3,E01004436,1,1
2024430416443,2024,430416443,2,9,0,18,19,2,2,0,0,1,-1,0,0,0,-1,1,6,6,1,63,9,-1,-1,-1,-1,-1,-1,0,-1
2024430565070,2024,430565070,3,9,0,18,19,1,5,0,0,-1,1,0,3,4,1,1,6,6,2,20,4,-1,-1,-1,-1,-1,-1,0,-1
2024161518020,2024,161518020,2,1,0,-1,19,4,8,-1,0,0,0,0,0,0,3,1,-1,6,2,70,10,-1,-1,-1,-1,2,E01013202,0,1
2024010521352,2024,010521352,2,1,9,99,99,9,9,4,4,9,9,99,9,99,0,1,6,6,1,46,8,-1,-1,-1,-1,3,E01004327,0,1
2024101474579,2024,101474579,2,1,0,-1,19,5,1,-1,9,1,0,0,0,0,1,1,-1,2,1,35,6,-1,-1,-1,-1,3,E01034512,0,1
2024311526371,2024,311526371,3,9,0,-1,19,7,3,-1,0,0,0,0,0,0,3,1,-1,6,1,42,7,-1,-1,-1,-1,8,E01025888,0,3
2024430233999,2024,430233999,1,9,0,18,19,1,5,0,0,8,0,0,0,0,4,1,6,6,2,-1,-1,-1,-1,-1,-1,8,E01022536,0,1
2024451460802,2024,451460802,1,1,0,-1,9,1,1,-1,0,0,0,0,0,0,2,1,-1,6,3,35,6,-1,-1,-1,-1,9,E01030488,0,2
2024461530192,2024,461530192,1,9,0,-1,9,6,4,-1,0,1,0,0,0,0,0,9,-1,6,3,30,6,-1,-1,-1,-1,-1,-1,0,-1
2024631394170,2024,631394170,1,9,0,-1,19,6,2,-1,0,0,0,0,8,10,1,1,-1,9,2,59,9,-1,-1,-1,-1,5,W01000531,0,4
2024010487442,2024,010487442,2,1,9,99,99,9,9,99,99,6,9,99,9,99,9,1,6,6,1,-1,-1,-1,-1,-1,-1,7,E01000438,0,1
2024010518353,2024,010518353,1,9,0,18,19,5,1,0,0,1,0,0,0,0,1,1,6,6,2,34,6,-1,-1,-1,-1,-1,-1,0,-1
2024010529519,2024,010529519,1,1,9,99,99,9,9,99,99,9,9,99,9,99,9,1,6,6,2,29,6,-1,-1,-1,-1,3,E01004044,0,1
2024430148643,2024,430148643,2,1,0,18,19,7,3,0,0,0,0,0,0,0,2,1,2,2,1,66,10,-1,-1,-1,-1,10,E01035754,0,1
2024201486840,2024,201486840,2,1,0,-1,19,5,1,-1,0,8,0,0,0,0,3,1,-1,6,1,29,6,-1,-1,-1,-1,1,E01009351,0,1
2024221478763,2024,221478763,2,1,0,-1,4,1,3,-1,0,1,0,0,0,0,2,1,-1,6,2,18,4,-1,-1,-1,-1,1,E01014164,0,1
2024451523404,2024,451523404,2,9,0,-1,11,5,1,-1,0,8,0,0,0,0,2,1,-1,6,2,55,8,-1,-1,-1,-1,8,E01031633,0,4
2024141435340,2024,141435340,2,9,0,-1,19,5,1,-1,0,0,0,0,0,0,1,9,-1,6,1,29,6,-1,-1,-1,-1,2,E01007397,0,3
2024161429575,2024,161429575,2,9,0,-1,4,3,7,-1,0,1,0,0,0,0,1,9,-1,6,1,-1,-1,-1,-1,-1,-1,-1,-1,0,-1
2024201413933,2024,201413933,1,9,0,-1,19,3,5,-1,0,4,1,0,0,0,3,9,-1,6,3,24,5,-1,-1,-1,-1,-1,-1,0,-1
2024430289705,2024,430289705,2,1,0,9,9,5,3,0,0,1,0,0,0,0,4,1,6,6,1,20,4,-1,-1,-1,-1,10,E01028563,0,1
2024311524660,2024,311524660,1,1,0,-1,19,3,7,-1,0,0,1,0,0,0,1,1,-1,6,1,48,8,-1,-1,-1,-1,-1,-1,0,-1
2024471532952,2024,471532952,2,9,0,-1,19,7,3,-1,0,0,0,0,0,0,-1,9,-1,6,3,-1,-1,-1,-1,-1,-1,-1,-1,0,-1
2024010490849,2024,010490849,1,9,0,99,99,9,9,99,99,9,9,99,9,99,9,9,2,2,2,53,8,-1,-1,-1,-1,1,E01003506,0,1
2024552400684,2024,552400684,1,99,0,18,19,4,8,0,0,8,0,0,0,0,1,1,6,6,3,-1,-1,-1,-1,-1,-1,-1,-1,0,-1
2024461536065,2024,461536065,1,9,0,-1,9,6,3,-1,0,2,0,0,0,0,1,1,-1,2,1,55,8,-1,-1,-1,-1,5,E01024095,0,1
2024361456630,2024,361456630,1,9,0,-1,19,1,5,-1,0,2,0,0,0,0,-1,9,-1,6,3,-1,-1,-1,-1,-1,-1,-1,-1,0,-1
2024351421916,2024,351421916,2,-1,0,-1,12,3,2,-1,0,1,0,0,0,0,0,1,-1,9,1,26,6,-1,-1,-1,-1,6,E01032612,1,4
2024440289244,2024,440289244,1,9,0,4,4,1,5,0,0,2,0,0,0,0,2,1,6,6,1,-1,-1,-1,-1,-1,-1,-1,-1,0,-1
2024010505385,2024,010505385,2,1,0,9,9,1,7,0,0,2,0,0,0,0,2,1,2,2,1,59,9,-1,-1,-1,-1,7,E01000270,0,2
2024111479159,2024,111479159,1,9,0,-1,19,6,2,-1,0,0,0,0,0,0,1,1,-1,9,1,27,6,-1,-1,-1,-1,3,E01034509,0,1
2024010492256,2024,010492256,2,9,0,99,99,9,9,99,99,9,9,99,9,99,1,9,6,6,2,82,11,-1,-1,-1,-1,7,E01035001,0,2
2024010494784,2024,010494784,3,9,0,5,5,0,1,0,0,0,0,0,1,0,2,1,6,6,2,36,7,-1,-1,-1,-1,4,E01000819,0,1
2024522402931,2024,522402931,1,1,0,18,19,7,3,0,0,8,0,0,0,0,4,1,6,6,1,33,6,-1,-1,-1,-1,7,E01014856,0,2
2024991472478,2024,991472478,2,1,0,-1,19,6,2,-1,0,1,0,0,0,0,3,1,-1,6,1,15,3,-1,-1,-1,-1,1,-1,0,1
2024211458837,2024,211458837,1,19,0,-1,19,7,7,-1,0,1,0,0,0,0,4,1,-1,2,1,53,8,-1,-1,-1,-1,2,E01014359,0,2
2024010532079,2024,010532079,1,1,9,99,99,9,9,99,99,9,9,99,9,99,1,1,2,2,1,17,4,-1,-1,-1,-1,6,E01003314,0,1
2024201457406,2024,201457406,1,9,0,-1,19,8,2,-1,0,0,0,0,0,0,1,9,-1,9,1,43,7,-1,-1,-1,-1,1,E01009021,0,1
2024430074500,2024,430074500,2,97,0,18,19,4,8,0,0,8,0,0,0,0,1,1,6,6,1,-1,-1,-1,-1,-1,-1,-1,-1,0,-1
2024302401703,2024,302401703,1,1,0,-1,99,5,1,-1,0,1,0,0,0,0,1,1,-1,6,1,60,9,-1,-1,-1,-1,3,E01013457,0,1
2024061411706,2024,061411706,2,9,0,-1,13,7,3,-1,0,1,0,0,0,0,1,1,-1,8,1,31,6,-1,-1,-1,-1,-1,-1,0,-1
2024010497262,2024,010497262,1,1,9,99,99,9,9,99,99,9,9,99,9,99,9,1,6,6,1,21,5,-1,-1,-1,-1,4,E01004038,0,1
2024991490765,2024,991490765,1,99,0,-1,19,2,6,-1,0,0,0,0,0,0,1,1,-1,6,3,-1,-1,-1,-1,-1,-1,-1,-1,0,-1
2024332400462,2024,332400462,1,1,0,-1,19,1,5,-1,9,8,0,0,0,0,1,1,-1,6,1,15,3,-1,-1,-1,-1,5,E01025749,0,1
2024010535571,2024,010535571,1,1,0,5,5,5,1,0,0,1,0,0,0,0,4,1,6,6,1,11,3,-1,-1,-1,-1,4,E01000428,0,1
2024311499960,2024,311499960,2,11,0,-1,9,3,5,-1,0,8,0,0,0,0,1,1,-1,1,1,-1,-1,-1,-1,-1,-1,-1,-1,0,-1
2024201517355,2024,201517355,2,90,0,-1,19,3,7,-1,0,0,0,0,0,0,2,1,-1,6,1,44,7,-1,-1,-1,-1,1,E01034309,0,1
2024351414168,2024,351414168,2,1,0,-1,19,4,8,-1,0,0,0,0,0,0,1,1,-1,6,1,15,3,-1,-1,-1,-1,2,E01033111,0,1
2024010543072,2024,010543072,1,1,0,5,5,1,5,0,0,1,0,0,0,0,1,1,6,6,1,18,4,-1,-1,-1,-1,7,E01003139,0,1
2024141460395,2024,141460395,2,9,0,-1,-1,-1,-1,-1,-1,-1,-1,-1,-1,0,-1,9,-1,6,3,-1,-1,-1,-1,-1,-1,-1,-1,0,-1
2024010494541,2024,010494541,2,8,0,6,6,3,3,0,0,1,0,0,0,0,1,1,1,1,1,43,7,-1,-1,-1,-1,3,E01003094,0,1
2024010511845,2024,010511845,2,1,0,7,7,1,2,0,0,1,0,0,0,0,1,1,6,6,2,55,8,-1,-1,-1,-1,3,E01004041,0,1
2024070232946,2024,070232946,2,1,0,18,19,7,5,0,0,1,0,0,0,0,3,1,6,6,2,31,6,-1,-1,-1,-1,10,E01012558,0,1
2024421485958,2024,421485958,1,9,0,-1,19,3,7,-1,0,0,0,0,0,0,1,1,-1,1,1,71,10,-1,-1,-1,-1,3,E01011761,0,5
2024010516720,2024,010516720,1,9,0,99,99,9,9,99,99,9,9,99,9,99,9,9,6,6,3,-1,-1,-1,-1,-1,-1,-1,-1,0,-1
2024520402352,2024,520402352,1,19,0,18,19,9,9,0,0,0,0,0,0,0,9,1,6,6,3,-1,-1,-1,-1,-1,-1,-1,-1,0,-1
2024430597354,2024,430597354,2,1,0,18,19,4,8,5,5,8,0,0,0,0,3,1,4,7,2,12,3,-1,-1,-1,-1,9,E01028511,0,1
2024481569665,2024,481569665,1,1,0,-1,9,1,7,-1,5,8,0,0,0,0,3,1,-1,2,2,25,5,-1,-1,-1,-1,-1,-1,0,-1
2024141432647,2024,141432647,4,98,4,-1,19,2,6,-1,0,0,0,0,0,0,1,1,-1,1,1,40,7,-1,-1,-1,-1,9,E01019787,0,3
2024010524482,2024,010524482,2,9,9,99,99,9,9,99,99,9,9,99,9,99,9,1,6,6,1,31,6,-1,-1,-1,-1,3,E01000522,0,2
2024201504142,2024,201504142,1,99,0,-1,5,7,3,-1,0,4,0,0,0,0,1,9,-1,6,3,33,6,-1,-1,-1,-1,-1,-1,0,-1
2024201480540,2024,201480540,2,1,0,-1,19,5,1,-1,0,8,0,0,0,0,2,1,-1,2,1,30,6,-1,-1,-1,-1,7,E01034937,0,1
2024010516346,2024,010516346,1,1,0,7,7,2,5,9,9,6,0,0,1,0,1,1,6,6,1,23,5,-1,-1,-1,-1,3,E01035645,0,1
2024540162024,2024,540162024,2,9,0,18,19,8,4,0,0,0,0,0,0,0,2,1,6,6,2,48,8,-1,-1,-1,-1,7,E01015588,0,1
2024421527251,2024,421527251,1,9,0,-1,19,7,2,-1,0,2,0,0,0,0,1,9,-1,9,3,-1,-1,-1,-1,-1,-1,-1,-1,0,-1
2024010494803,2024,010494803,1,19,0,4,4,5,1,0,0,0,0,0,0,0,2,1,6,6,1,39,7,-1,-1,-1,-1,5,E01013623,0,5
2024010494138,2024,010494138,1,3,0,99,99,9,9,99,99,9,9,99,9,99,9,1,1,1,1,26,6,-1,-1,-1,-1,6,E01000244,0,3
2024471433078,2024,471433078,2,90,0,-1,19,5,1,-1,0,0,0,0,0,0,1,9,-1,6,2,29,6,-1,-1,-1,-1,6,E01021187,0,2
2024010494047,2024,010494047,2,97,0,99,99,9,9,99,99,9,9,99,9,99,1,1,6,6,3,-1,-1,-1,-1,-1,-1,-1,-1,0,-1
2024221434997,2024,221434997,2,9,0,-1,9,3,1,-1,0,6,0,0,0,0,1,9,-1,6,3,20,4,-1,-1,-1,-1,-1,-1,0,-1
2024131426497,2024,131426497,1,90,0,-1,-1,-1,-1,-1,-1,-1,-1,-1,-1,-1,-1,1,-1,6,1,32,6,-1,-1,-1,-1,1,E01011803,0,1
2024461517266,2024,461517266,1,9,0,-1,5,8,3,-1,0,0,0,0,0,0,1,1,-1,6,1,41,7,-1,-1,-1,-1,8,E01024011,0,4
2024010520531,2024,010520531,1,1,9,99,99,9,9,99,99,9,9,99,9,99,9,1,6,6,2,33,6,-1,-1,-1,-1,6,E01003153,0,1
2024122400980,2024,122400980,2,1,0,18,19,2,6,0,0,8,0,0,0,0,3,1,4,7,2,17,4,-1,-1,-1,-1,10,E01013388,0,1
2024122400397,2024,122400397,1,19,0,18,19,7,3,0,0,0,0,0,0,0,1,1,6,6,1,22,5,-1,-1,-1,-1,-1,-1,0,-1
2024991491791,2024,991491791,1,90,0,-1,19,8,5,-1,0,0,0,0,0,0,1,1,-1,1,1,42,7,-1,-1,-1,-1,2,-1,0,5