collision_index,collision_year,collision_ref_no,vehicle_reference,vehicle_type,towing_and_articulation,vehicle_manoeuvre_historic,vehicle_manoeuvre,vehicle_direction_from,vehicle_direction_to,vehicle_location_restricted_lane_historic,vehicle_location_restricted_lane,junction_location,skidding_and_overturning,hit_object_in_carriageway,vehicle_leaving_carriageway,hit_object_off_carriageway,first_point_of_impact,vehicle_left_hand_drive,journey_purpose_of_driver_historic,journey_purpose_of_driver,sex_of_driver,age_of_driver,age_band_of_driver,engine_capacity_cc,propulsion_code,age_of_vehicle,generic_make_model,driver_imd_decile,lsoa_of_driver,escooter_flag,driver_distance_banding
2024131469865,2024,131469865,1,9,0,-1,-1,-1,-1,-1,-1,-1,-1,-1,-1,-1,-1,1,-1,6,3,-1,-1,-1,-1,-1,-1,-1,-1,0,-1
2024311400338,2024,311400338,1,9,0,-1,19,5,1,-1,0,1,0,0,0,0,1,1,-1,6,1,49,8,-1,-1,-1,-1,-1,-1,0,-1
2024221457650,2024,221457650,2,9,0,-1,4,2,6,-1,0,0,0,0,0,0,2,9,-1,6,3,42,7,-1,-1,-1,-1,-1,-1,0,-1
2024421498057,2024,421498057,3,9,0,-1,-1,-1,-1,-1,-1,-1,-1,-1,-1,0,-1,9,-1,6,3,-1,-1,-1,-1,-1,-1,-1,-1,0,-1
2024010517785,2024,010517785,2,9,0,99,99,9,9,99,99,9,9,99,9,99,9,9,6,6,3,-1,-1,-1,-1,-1,-1,-1,-1,0,-1
2024101486367,2024,101486367,1,8,0,-1,5,1,2,-1,0,0,0,0,0,0,0,1,-1,1,1,-1,-1,-1,-1,-1,-1,-1,-1,0,-1
2024461451270,2024,461451270,2,1,0,-1,19,1,5,-1,0,1,0,0,0,0,1,1,-1,9,1,57,9,-1,-1,-1,-1,10,E01024781,0,4
2024332401175,2024,332401175,2,9,0,-1,2,0,0,-1,-1,1,0,0,0,0,3,1,-1,6,2,77,11,-1,-1,-1,-1,8,E01032599,0,1
2024131434331,2024,131434331,1,1,0,-1,19,5,1,-1,9,8,0,0,0,0,1,1,-1,6,1,33,6,-1,-1,-1,-1,2,E01010815,0,1
2024401458395,2024,401458395,1,8,0,-1,1,2,6,-1,0,0,5,4,0,0,1,1,-1,9,1,20,4,-1,-1,-1,-1,2,E01015704,0,1
2024071054965,2024,071054965,1,9,0,-1,19,2,6,-1,0,8,0,0,1,0,1,1,-1,6,2,74,10,-1,-1,-1,-1,9,E01018470,0,1
2024311463998,2024,311463998,2,1,0,-1,19,1,5,-1,0,0,0,0,0,0,3,1,-1,9,1,15,3,-1,-1,-1,-1,-1,-1,0,-1
2024052401881,2024,052401881,1,1,0,18,19,4,8,0,0,0,0,0,0,0,1,1,6,6,1,14,3,-1,-1,-1,-1,3,E01007236,0,1
2024010532590,2024,010532590,2,3,0,99,99,9,9,99,99,9,9,99,9,99,1,1,6,6,3,-1,-1,-1,-1,-1,-1,-1,-1,0,-1
2024461440673,2024,461440673,1,9,0,-1,19,1,5,-1,0,0,0,0,0,0,4,9,-1,6,3,-1,-1,-1,-1,-1,-1,-1,-1,0,-1
2024501515849,2024,501515849,2,22,0,-1,19,4,8,-1,0,0,5,0,0,0,3,1,-1,6,2,89,11,-1,-1,-1,-1,6,E01020231,0,1
2024010490749,2024,010490749,1,9,0,9,9,7,5,0,0,8,0,0,0,0,1,1,6,6,3,-1,-1,-1,-1,-1,-1,-1,-1,0,-1
2024211464819,2024,211464819,2,9,-1,-1,-1,-1,-1,-1,-1,-1,-1,-1,-1,0,-1,9,-1,1,1,-1,-1,-1,-1,-1,-1,-1,-1,0,-1
2024010543152,2024,010543152,1,1,9,99,99,9,9,99,99,9,9,99,9,99,9,1,6,6,1,28,6,-1,-1,-1,-1,5,E01001863,0,2
2024010487649,2024,010487649,1,9,0,99,99,9,9,99,99,9,9,99,9,99,1,9,6,6,3,-1,-1,-1,-1,-1,-1,-1,-1,0,-1
2024010496814,2024,010496814,1,9,0,18,19,5,1,0,0,0,0,0,0,0,2,1,6,6,1,21,5,-1,-1,-1,-1,6,E01003312,0,2
2024501482373,2024,501482373,2,9,0,-1,19,7,3,-1,0,0,0,0,0,0,1,1,-1,2,1,42,7,-1,-1,-1,-1,3,E01015209,0,3
2024311429543,2024,311429543,1,9,0,-1,19,1,5,-1,0,1,0,0,0,0,1,1,-1,6,1,40,7,-1,-1,-1,-1,-1,-1,0,-1
2024221461218,2024,221461218,1,1,0,-1,19,2,6,-1,9,8,0,0,0,0,1,1,-1,9,1,15,3,-1,-1,-1,-1,8,E01013988,0,1
2024302401299,2024,302401299,2,1,0,18,19,4,8,0,0,8,1,0,0,0,3,1,6,6,1,58,9,-1,-1,-1,-1,2,E01013598,0,1
2024401528717,2024,401528717,1,9,0,-1,19,1,3,-1,0,3,0,0,0,0,1,9,-1,6,1,-1,-1,-1,-1,-1,-1,-1,-1,0,-1
2024010488946,2024,010488946,2,9,0,99,99,9,9,99,99,9,9,99,9,99,1,9,6,6,3,-1,-1,-1,-1,-1,-1,-1,-1,0,-1
2024070734663,2024,070734663,2,5,0,-1,3,3,7,-1,0,1,0,0,0,0,2,1,-1,9,1,46,8,-1,-1,-1,-1,7,W01000206,0,4
2024231493530,2024,231493530,2,9,0,-1,19,2,6,-1,0,8,0,0,0,0,0,9,-1,6,1,62,9,-1,-1,-1,-1,10,E01017436,0,4
2024010524090,2024,010524090,1,1,9,99,99,9,9,99,99,9,9,99,9,99,9,1,6,6,2,26,6,-1,-1,-1,-1,3,E01001731,0,1
2024440134516,2024,440134516,1,9,0,7,7,3,5,0,0,5,0,0,0,0,4,1,6,6,1,39,7,-1,-1,-1,-1,10,E01022793,0,1
2024421422363,2024,421422363,2,9,0,-1,4,7,3,-1,0,0,0,0,0,0,2,9,-1,6,1,41,7,-1,-1,-1,-1,2,E01021270,0,3
2024010539429,2024,010539429,2,1,0,18,19,3,7,0,0,1,0,0,0,0,1,1,6,6,1,12,3,-1,-1,-1,-1,9,E01001018,0,1
2024010540824,2024,010540824,2,9,0,99,99,9,9,99,99,9,9,99,9,99,9,9,6,6,3,-1,-1,-1,-1,-1,-1,-1,-1,0,-1
2024101484164,2024,101484164,1,9,0,-1,19,8,4,-1,0,0,0,0,0,0,1,9,-1,6,1,55,8,-1,-1,-1,-1,5,E01008686,0,2
2024010544665,2024,010544665,1,11,0,4,4,3,7,0,0,1,0,0,0,0,0,1,6,6,1,53,8,-1,-1,-1,-1,3,E01030745,0,2
2024041481133,2024,041481133,1,9,0,-1,19,2,6,-1,0,1,0,0,0,0,1,9,-1,6,3,-1,-1,-1,-1,-1,-1,-1,-1,0,-1
2024411531538,2024,411531538,2,1,0,-1,4,2,6,-1,0,4,1,0,0,0,1,1,-1,7,1,17,4,-1,-1,-1,-1,5,E01023324,0,1
2024201463402,2024,201463402,2,9,0,-1,9,7,6,-1,0,5,0,0,0,0,3,9,-1,6,1,42,7,-1,-1,-1,-1,3,E01010501,0,2
2024061519914,2024,061519914,3,9,0,-1,3,1,5,-1,0,0,0,0,0,0,2,1,-1,6,1,61,9,-1,-1,-1,-1,-1,-1,0,-1
2024010526083,2024,010526083,1,4,0,99,99,9,9,99,99,9,9,99,9,99,1,1,6,6,3,-1,-1,-1,-1,-1,-1,-1,-1,0,-1
2024041499271,2024,041499271,2,23,0,-1,19,1,5,-1,0,8,5,0,0,0,1,1,-1,9,1,63,9,-1,-1,-1,-1,1,E01012683,0,1
2024010491543,2024,010491543,2,9,9,99,99,9,9,99,99,9,9,99,9,99,9,9,6,6,3,-1,-1,-1,-1,-1,-1,-1,-1,0,-1
2024440404961,2024,440404961,2,1,0,18,19,1,5,0,0,6,0,0,0,0,3,1,4,7,1,11,3,-1,-1,-1,-1,6,E01035434,0,1
2024010492455,2024,010492455,1,9,0,9,9,5,3,0,0,1,0,0,0,0,3,1,6,6,1,20,4,-1,-1,-1,-1,1,E01004005,0,1
2024461532366,2024,461532366,3,9,0,-1,4,3,7,-1,0,0,0,0,0,0,2,1,-1,6,2,26,6,-1,-1,-1,-1,6,E01035281,0,1
2024201518370,2024,201518370,2,-1,0,-1,19,8,5,-1,0,8,0,0,0,0,4,1,-1,9,1,17,4,-1,-1,-1,-1,1,E01009371,1,1
2024351462656,2024,351462656,1,98,0,-1,14,3,7,-1,0,0,0,4,0,0,1,1,-1,2,1,44,7,-1,-1,-1,-1,3,E01015652,0,2
2024440281482,2024,440281482,2,9,0,4,4,1,5,0,0,0,0,0,0,0,3,1,6,6,1,69,10,-1,-1,-1,-1,9,E01004596,0,5
2024101417712,2024,101417712,1,9,0,-1,5,4,8,-1,0,1,0,0,0,0,1,1,-1,6,1,45,7,-1,-1,-1,-1,-1,-1,0,-1
2024440214197,2024,440214197,4,9,0,18,19,1,5,0,0,8,0,0,0,0,1,1,6,6,2,62,9,-1,-1,-1,-1,10,E01032616,0,2
2024522402982,2024,522402982,1,9,0,1,1,1,5,0,0,2,0,0,0,0,2,1,6,6,3,-1,-1,-1,-1,-1,-1,-1,-1,0,-1
2024201517547,2024,201517547,1,9,0,-1,19,5,8,-1,0,0,0,0,0,0,1,1,-1,9,1,46,8,-1,-1,-1,-1,-1,-1,0,-1
2024010503999,2024,010503999,2,11,0,5,5,3,7,0,0,1,0,0,0,0,1,1,6,6,3,-1,-1,-1,-1,-1,-1,-1,-1,0,-1
2024010510054,2024,010510054,2,1,0,18,19,1,5,0,0,8,0,0,0,0,1,1,1,1,1,29,6,-1,-1,-1,-1,3,E01004062,0,1
2024302401340,2024,302401340,2,19,0,2,2,0,0,0,0,0,0,0,0,0,0,1,6,6,3,-1,-1,-1,-1,-1,-1,-1,-1,0,-1
2024010488129,2024,010488129,2,9,0,99,99,9,9,99,99,0,9,99,9,99,9,9,6,6,3,-1,-1,-1,-1,-1,-1,-1,-1,0,-1
2024201470353,2024,201470353,1,9,0,-1,9,6,4,-1,0,6,0,0,0,0,1,1,-1,6,2,40,7,-1,-1,-1,-1,-1,-1,0,-1
2024302400593,2024,302400593,2,17,0,18,19,6,2,0,0,0,0,0,0,0,0,1,6,6,3,-1,-1,-1,-1,-1,-1,5,E01019456,0,3
2024010529440,2024,010529440,2,9,0,4,4,5,1,0,0,0,0,0,0,0,2,1,6,6,1,49,8,-1,-1,-1,-1,2,E01001971,0,3
2024320706728,2024,320706728,2,1,0,-1,-1,8,4,0,0,0,5,0,0,0,3,1,6,6,1,41,7,-1,-1,-1,-1,1,E01026010,0,1
2024221474483,2024,221474483,1,21,1,-1,19,8,4,-1,0,0,0,0,0,0,3,2,-1,1,1,39,7,-1,-1,-1,-1,-1,-1,0,-1
2024161423200,2024,161423200,2,1,0,-1,19,3,7,-1,0,0,0,0,0,0,2,1,-1,6,2,38,7,-1,-1,-1,-1,10,E01013060,0,3
2024041507202,2024,041507202,2,1,0,-1,19,7,3,-1,0,2,0,0,3,0,4,1,-1,9,1,17,4,-1,-1,-1,-1,3,E01025312,0,1
2024010495656,2024,010495656,3,9,0,18,19,1,5,0,0,1,0,0,0,0,1,1,6,6,2,76,11,-1,-1,-1,-1,8,E01003417,0,1
2024451525630,2024,451525630,3,90,0,-1,19,5,1,-1,0,0,0,0,0,0,0,9,-1,6,1,30,6,-1,-1,-1,-1,-1,-1,0,-1
2024061451084,2024,061451084,1,1,-1,-1,19,5,1,-1,0,1,0,0,0,0,-1,1,-1,6,1,-1,-1,-1,-1,-1,-1,-1,-1,0,-1
2024161463926,2024,161463926,1,1,0,-1,19,6,2,-1,0,0,0,0,0,0,0,1,-1,6,2,49,8,-1,-1,-1,-1,1,E01012893,0,1
2024111435128,2024,111435128,1,9,0,-1,19,2,6,-1,0,1,0,0,0,0,4,9,-1,6,2,60,9,-1,-1,-1,-1,5,E01020660,0,3
2024201513000,2024,201513000,1,9,0,-1,19,2,6,-1,0,0,0,0,0,0,1,2,-1,6,1,-1,-1,-1,-1,-1,-1,-1,-1,0,-1
2024481561729,2024,481561729,2,1,0,-1,19,3,7,-1,0,2,0,0,0,0,3,1,-1,2,2,37,7,-1,-1,-1,-1,-1,-1,0,-1
2024161412695,2024,161412695,2,1,0,-1,19,6,2,-1,4,8,0,0,0,0,1,1,-1,6,1,45,7,-1,-1,-1,-1,-1,-1,0,-1
2024010540828,2024,010540828,2,1,0,18,19,7,3,0,0,8,5,0,3,0,4,1,2,2,2,36,7,-1,-1,-1,-1,4,E01004525,0,2
2024010495931,2024,010495931,1,9,0,99,99,9,9,99,99,0,9,99,9,99,2,9,6,6,2,31,6,-1,-1,-1,-1,2,E01002392,0,1
2024131449992,2024,131449992,2,1,0,-1,19,5,1,-1,0,0,0,0,0,0,4,1,-1,9,1,10,2,-1,-1,-1,-1,2,E01011355,0,1
2024421398595,2024,421398595,1,9,0,-1,19,4,8,-1,0,0,0,0,1,0,1,1,-1,6,1,41,7,-1,-1,-1,-1,1,E01021968,0,1
2024010497003,2024,010497003,2,9,0,99,99,9,9,99,99,0,9,99,9,99,9,9,6,6,3,-1,-1,-1,-1,-1,-1,-1,-1,0,-1
2024010539913,2024,010539913,2,1,0,5,5,3,7,0,0,0,0,0,0,0,1,1,6,6,1,32,6,-1,-1,-1,-1,4,E01004006,0,1
2024351447161,2024,351447161,1,9,-1,-1,-1,-1,-1,-1,-1,0,-1,-1,-1,0,-1,9,-1,6,2,-1,-1,-1,-1,-1,-1,-1,-1,0,-1
2024371515710,2024,371515710,1,9,0,-1,19,5,1,-1,0,0,0,0,0,0,1,1,-1,6,2,30,6,-1,-1,-1,-1,-1,-1,0,-1
2024471428178,2024,471428178,2,-1,0,-1,19,4,2,-1,0,4,0,0,0,0,4,1,-1,6,1,26,6,-1,-1,-1,-1,5,E01016974,1,1
2024141525463,2024,141525463,1,1,0,-1,19,6,2,-1,0,1,5,0,0,0,3,1,-1,2,1,57,9,-1,-1,-1,-1,2,E01007782,0,1
2024010548316,2024,010548316,2,11,0,99,99,9,9,99,99,9,9,99,9,99,9,9,6,6,3,-1,-1,-1,-1,-1,-1,-1,-1,0,-1
2024201485751,2024,201485751,1,99,0,-1,5,1,1,-1,0,0,0,0,0,0,1,1,-1,6,1,-1,-1,-1,-1,-1,-1,-1,-1,0,-1
2024010499176,2024,010499176,2,9,0,18,19,1,5,0,0,1,0,0,0,0,1,1,6,6,1,55,8,-1,-1,-1,-1,8,E01001399,0,2
2024542984124,2024,542984124,2,9,0,18,19,2,6,0,0,1,0,0,0,0,2,1,6,6,1,60,9,-1,-1,-1,-1,7,E01015520,0,1
2024471450331,2024,471450331,2,1,0,-1,19,7,3,-1,0,1,0,0,0,0,4,1,-1,9,1,51,8,-1,-1,-1,-1,9,E01031339,0,1
2024552401061,2024,552401061,1,19,0,9,9,3,2,0,0,6,0,0,0,0,3,1,1,1,1,28,6,-1,-1,-1,-1,7,E01020392,0,2
2024471435124,2024,471435124,1,1,0,-1,5,7,3,-1,0,0,0,0,0,0,1,1,-1,6,1,12,3,-1,-1,-1,-1,-1,-1,0,-1
2024010497209,2024,010497209,2,3,0,11,11,5,1,0,0,8,0,0,0,0,1,1,1,1,1,50,8,-1,-1,-1,-1,4,E01004425,0,2
2024430342844,2024,430342844,2,5,0,18,19,7,3,0,0,8,0,0,0,0,1,1,6,6,1,57,9,-1,-1,-1,-1,5,E01032340,0,4
2024302401413,2024,302401413,5,9,0,13,13,6,2,0,0,1,0,0,0,0,0,1,6,6,3,-1,-1,-1,-1,-1,-1,5,E01019456,0,4
2024461456446,2024,461456446,2,9,0,-1,19,6,2,-1,0,0,1,0,1,3,1,1,-1,9,2,27,6,-1,-1,-1,-1,2,E01023973,0,1
2024211448151,2024,211448151,2,9,0,-1,4,6,2,-1,0,0,0,0,0,0,2,9,-1,6,2,-1,-1,-1,-1,-1,-1,-1,-1,0,-1
2024010519829,2024,010519829,2,1,0,18,19,1,5,0,0,1,0,0,0,0,1,1,6,6,1,17,4,-1,-1,-1,-1,5,E01001301,0,3
2024481503873,2024,481503873,1,1,0,-1,3,3,7,-1,0,0,0,0,0,0,2,1,-1,2,2,38,7,-1,-1,-1,-1,-1,-1,0,-1
2024201504104,2024,201504104,2,1,0,-1,19,3,7,-1,0,1,0,0,0,0,1,1,-1,6,1,17,4,-1,-1,-1,-1,1,E01010275,0,2
2024411482613,2024,411482613,2,9,0,-1,14,5,1,-1,0,0,1,0,7,10,4,1,-1,6,1,21,5,-1,-1,-1,-1,9,E01023688,0,2
2024411515691,2024,411515691,1,1,0,-1,19,5,1,-1,9,0,0,0,0,0,1,1,-1,6,1,37,7,-1,-1,-1,-1,8,E01023907,0,1
202417M206024,2024,17M206024,1,9,0,-1,3,7,3,-1,0,0,0,0,0,0,2,1,-1,6,2,41,7,-1,-1,-1,-1,2,E01012042,0,2
2024440178927,2024,440178927,2,9,0,18,19,6,2,0,0,1,0,0,0,0,1,1,6,6,1,71,10,-1,-1,-1,-1,4,E01017297,0,2
2024421467736,2024,421467736,1,9,0,-1,5,7,3,-1,0,6,0,0,0,0,3,1,-1,6,1,22,5,-1,-1,-1,-1,3,E01034088,0,2
2024131529740,2024,131529740,1,9,0,-1,19,6,4,-1,0,0,0,0,0,0,2,1,-1,6,3,-1,-1,-1,-1,-1,-1,-1,-1,0,-1
2024211529757,2024,211529757,1,99,0,-1,19,3,7,-1,0,6,0,0,0,0,4,9,-1,6,3,21,5,-1,-1,-1,-1,-1,-1,0,-1
2024010544135,2024,010544135,1,9,0,18,19,1,5,0,0,8,0,0,0,0,1,1,6,6,3,-1,-1,-1,-1,-1,-1,-1,-1,0,-1
2024471481946,2024,471481946,1,1,0,-1,19,5,1,-1,0,1,0,0,0,0,3,1,-1,6,1,13,3,-1,-1,-1,-1,2,E01021091,0,1
202460Q017442,2024,60Q017442,1,9,0,9,9,3,7,0,0,3,0,0,0,0,1,1,6,6,1,20,4,-1,-1,-1,-1,-1,-1,0,-1
2024131415527,2024,131415527,1,1,0,-1,19,6,2,-1,0,0,0,0,0,0,3,1,-1,2,1,35,6,-1,-1,-1,-1,7,E01010572,0,2
2024421440403,2024,421440403,2,1,0,-1,19,1,5,-1,0,3,1,0,0,0,1,1,-1,2,1,32,6,-1,-1,-1,-1,5,E01035171,0,1
2024010533346,2024,010533346,2,1,0,18,19,4,8,0,0,0,0,0,0,0,1,1,1,1,1,25,5,-1,-1,-1,-1,5,E01004513,0,1
2024552401135,2024,552401135,2,23,0,18,19,3,7,0,0,8,0,0,0,0,1,1,6,6,1,17,4,-1,-1,-1,-1,4,E01015382,0,1
2024010547333,2024,010547333,1,9,0,99,99,9,9,99,99,9,9,99,9,99,1,9,6,6,3,-1,-1,-1,-1,-1,-1,3,E01001832,0,1
2024610056524,2024,610056524,2,9,0,11,11,8,4,0,0,0,0,0,0,0,0,1,6,6,1,-1,-1,-1,-1,-1,-1,-1,-1,0,-1
2024610018724,2024,610018724,1,9,0,18,19,8,4,0,0,0,0,0,0,0,1,1,6,6,2,39,7,-1,-1,-1,-1,2,W01001375,0,3
2024430256161,2024,430256161,1,-1,0,18,19,6,2,9,9,2,0,0,0,0,1,1,6,6,1,27,6,-1,-1,-1,-1,-1,-1,1,-1
2024451533181,2024,451533181,1,9,0,-1,19,1,3,-1,0,0,0,0,0,0,1,9,-1,6,3,24,5,-1,-1,-1,-1,-1,-1,0,-1
2024421506551,2024,421506551,1,9,0,-1,4,7,3,-1,0,1,0,0,0,0,1,2,-1,6,3,17,4,-1,-1,-1,-1,-1,-1,0,-1
2024351485475,2024,351485475,1,9,0,-1,19,7,3,-1,0,0,0,0,1,0,1,1,-1,6,2,80,11,-1,-1,-1,-1,5,E01032523,0,3
2024430458916,2024,430458916,1,9,0,18,19,7,3,0,0,4,0,0,0,0,1,1,6,6,1,47,8,-1,-1,-1,-1,-1,-1,0,-1
2024061484348,2024,061484348,1,9,0,-1,19,3,7,-1,0,8,0,0,0,0,1,1,-1,6,-1,40,7,-1,-1,-1,-1,-1,-1,0,-1
2024101400746,2024,101400746,1,98,0,-1,19,3,7,-1,0,8,0,0,0,0,1,1,-1,1,1,54,8,-1,-1,-1,-1,8,E01029713,0,5
2024311433244,2024,311433244,1,9,0,-1,19,5,1,-1,0,0,0,0,0,0,1,9,-1,6,3,30,6,-1,-1,-1,-1,-1,-1,0,-1
2024010541244,2024,010541244,2,1,0,18,19,3,7,0,0,0,0,0,0,0,1,1,6,6,1,28,6,-1,-1,-1,-1,3,E01001894,0,1
2024161450128,2024,161450128,2,1,0,-1,19,5,1,-1,0,0,2,0,0,0,1,1,-1,9,1,34,6,-1,-1,-1,-1,-1,-1,0,-1
2024991475331,2024,991475331,3,9,0,-1,19,6,2,-1,0,0,0,0,7,0,1,1,-1,9,1,58,9,-1,-1,-1,-1,-1,-1,0,-1
2024010526352,2024,010526352,1,1,0,18,19,1,5,0,0,4,0,0,0,0,1,1,2,2,1,32,6,-1,-1,-1,-1,3,E01034038,0,1
2024010490057,2024,010490057,2,9,9,99,99,9,9,99,99,9,9,99,9,99,1,9,6,6,3,-1,-1,-1,-1,-1,-1,-1,-1,0,-1
2024340WN2892,2024,340WN2892,1,9,0,-1,19,4,8,-1,0,-1,0,0,0,0,3,1,-1,2,2,39,7,-1,-1,-1,-1,8,E01027216,0,1
2024010505561,2024,010505561,1,-1,9,99,99,9,9,99,99,9,9,99,9,99,9,9,6,6,1,21,5,-1,-1,-1,-1,-1,-1,1,-1
2024411432279,2024,411432279,1,9,0,-1,5,5,3,-1,9,0,0,0,0,0,1,9,-1,6,2,45,7,-1,-1,-1,-1,9,E01023701,0,1
2024531454990,2024,531454990,1,9,0,-1,12,3,7,-1,0,1,0,0,0,0,1,1,-1,1,1,34,6,-1,-1,-1,-1,5,W01000846,0,5
2024010539446,2024,010539446,2,9,0,-1,-1,3,7,0,0,0,0,0,0,0,1,1,6,6,1,71,10,-1,-1,-1,-1,8,E01000791,0,2
2024201517973,2024,201517973,1,9,0,-1,5,8,4,-1,0,6,0,0,0,0,1,9,-1,6,3,-1,-1,-1,-1,-1,-1,-1,-1,0,-1
2024332400115,2024,332400115,1,19,0,-1,9,1,7,-1,0,5,0,0,0,0,4,1,-1,9,1,41,7,-1,-1,-1,-1,5,E01025824,0,1
2024991429375,2024,991429375,1,9,0,-1,9,8,6,-1,0,6,0,0,0,0,0,1,-1,6,3,50,8,-1,-1,-1,-1,-1,-1,0,-1
2024010525140,2024,010525140,1,9,0,18,19,7,3,0,0,1,0,0,0,0,1,2,6,6,1,40,7,-1,-1,-1,-1,-1,-1,0,-1
2024501456466,2024,501456466,1,1,0,-1,19,8,4,-1,0,0,0,0,0,0,9,1,-1,6,1,-1,-1,-1,-1,-1,-1,-1,-1,0,-1
2024401425749,2024,401425749,1,9,0,-1,-1,-1,-1,-1,-1,-1,-1,-1,-1,0,-1,9,-1,6,2,35,6,-1,-1,-1,-1,-1,-1,0,-1
2024430437091,2024,430437091,2,1,0,18,19,5,1,0,0,8,0,0,0,0,1,1,6,6,1,38,7,-1,-1,-1,-1,-1,-1,0,-1
2024070943735,2024,070943735,1,9,0,-1,19,1,1,-1,0,2,0,0,0,0,4,1,-1,2,1,42,7,-1,-1,-1,-1,4,E01018396,0,1
2024010490616,2024,010490616,2,9,0,12,12,7,3,0,0,1,0,0,0,0,3,1,1,1,1,58,9,-1,-1,-1,-1,-1,-1,0,-1
2024010492575,2024,010492575,2,9,0,2,2,0,0,0,0,0,0,0,0,0,0,1,6,6,3,-1,-1,-1,-1,-1,-1,-1,-1,0,-1
2024371462492,2024,371462492,3,9,0,-1,19,6,2,-1,0,0,0,0,0,0,2,1,-1,6,-1,-1,-1,-1,-1,-1,-1,-1,-1,0,-1
2024010497236,2024,010497236,1,1,9,99,99,9,9,99,99,9,9,99,9,99,1,1,2,2,1,32,6,-1,-1,-1,-1,2,E01001430,0,1
2024332401151,2024,332401151,2,9,0,-1,19,7,3,-1,0,1,0,0,0,0,1,1,-1,6,1,-1,-1,-1,-1,-1,-1,-1,-1,0,-1
2024231468607,2024,231468607,1,1,0,-1,19,5,1,-1,0,6,0,0,0,0,1,1,-1,9,1,16,4,-1,-1,-1,-1,3,E01031265,0,1
2024522402853,2024,522402853,1,1,0,18,19,1,5,5,5,0,0,0,0,0,1,1,6,6,1,27,6,-1,-1,-1,-1,7,E01014505,0,1
2024070878126,2024,070878126,1,9,0,-1,19,3,7,-1,0,1,2,0,7,4,4,1,-1,2,1,24,5,-1,-1,-1,-1,10,E01018475,0,2
2024991459132,2024,991459132,2,90,0,-1,19,6,2,-1,0,8,0,0,0,0,1,1,-1,1,2,24,5,-1,-1,-1,-1,1,-1,0,1
2024131435335,2024,131435335,2,9,0,-1,2,0,0,-1,0,0,0,0,0,0,2,1,-1,6,-1,-1,-1,-1,-1,-1,-1,-1,-1,0,-1
2024201522486,2024,201522486,1,9,0,-1,19,8,4,-1,0,1,0,0,0,0,1,1,-1,6,3,-1,-1,-1,-1,-1,-1,-1,-1,0,-1
2024010487681,2024,010487681,1,9,0,18,19,1,5,9,9,0,0,0,7,10,1,1,6,6,1,73,10,-1,-1,-1,-1,3,E01003593,0,4
2024451465212,2024,451465212,1,1,0,-1,4,3,3,-1,0,0,1,0,0,0,0,1,-1,9,1,50,8,-1,-1,-1,-1,10,E01030624,0,2
2024010500827,2024,010500827,2,1,0,18,19,1,5,5,5,3,0,0,0,0,1,1,6,6,2,24,5,-1,-1,-1,-1,5,E01002833,0,1
2024010495571,2024,010495571,1,1,9,15,15,9,9,99,99,0,9,99,9,99,9,1,2,2,1,34,6,-1,-1,-1,-1,-1,-1,0,-1
2024010492984,2024,010492984,1,3,0,99,99,9,9,99,99,0,9,8,9,99,1,1,1,1,1,26,6,-1,-1,-1,-1,5,E01000468,0,3
2024231462638,2024,231462638,1,17,4,-1,19,3,7,-1,0,1,0,0,0,0,1,9,-1,6,3,40,7,-1,-1,-1,-1,-1,-1,0,-1
2024461505269,2024,461505269,2,22,0,-1,19,7,3,-1,0,0,0,0,0,0,4,1,-1,6,2,31,6,-1,-1,-1,-1,1,E01016033,0,1
2024302400108,2024,302400108,2,-1,0,18,19,2,6,9,9,8,0,0,0,0,3,1,6,6,2,34,6,-1,-1,-1,-1,3,E01019672,1,1
2024010496723,2024,010496723,2,9,0,99,99,9,9,99,99,9,9,99,9,99,9,9,6,6,3,-1,-1,-1,-1,-1,-1,-1,-1,0,-1
2024421492883,2024,421492883,1,9,0,-1,19,1,5,-1,0,2,0,0,0,0,1,9,-1,6,3,-1,-1,-1,-1,-1,-1,-1,-1,0,-1
2024061472009,2024,061472009,2,90,0,-1,5,0,0,-1,0,1,1,0,0,0,3,1,-1,6,3,35,6,-1,-1,-1,-1,-1,-1,0,-1
2024201436475,2024,201436475,2,1,0,-1,19,3,7,-1,9,8,0,0,0,0,1,1,-1,7,1,14,3,-1,-1,-1,-1,2,E01010525,0,1
2024010532467,2024,010532467,1,1,9,18,19,9,9,99,99,9,9,8,9,99,9,1,6,6,1,69,10,-1,-1,-1,-1,3,E01004734,0,1
2024010534398,2024,010534398,2,9,0,99,99,9,9,99,99,9,9,99,9,99,9,9,6,6,3,-1,-1,-1,-1,-1,-1,-1,-1,0,-1
2024361400597,2024,361400597,1,9,0,-1,3,-1,-1,-1,0,0,1,0,0,0,3,9,-1,6,3,-1,-1,-1,-1,-1,-1,-1,-1,0,-1
2024141402655,2024,141402655,2,1,0,-1,19,7,2,-1,0,1,0,0,0,0,1,1,-1,6,1,-1,-1,-1,-1,-1,-1,-1,-1,0,-1
2024430479148,2024,430479148,3,9,0,3,3,2,5,0,0,0,0,0,0,0,2,1,6,6,2,50,8,-1,-1,-1,-1,2,E01017707,0,1
2024320278142,2024,320278142,2,9,0,-1,-1,2,6,0,0,0,0,0,0,0,1,1,-1,-1,1,35,6,-1,-1,-1,-1,7,E01034684,0,4
2024010488471,2024,010488471,1,9,0,5,5,6,2,0,0,2,0,0,0,0,1,1,6,6,2,39,7,-1,-1,-1,-1,2,E01002392,0,1
2024010508681,2024,010508681,2,19,0,6,6,3,3,0,0,0,0,0,7,0,1,1,6,6,1,52,8,-1,-1,-1,-1,2,E01001824,0,1
2024201500092,2024,201500092,2,1,0,-1,9,6,4,-1,0,5,0,0,0,0,1,1,-1,6,1,11,3,-1,-1,-1,-1,1,E01009310,0,1
2024052401388,2024,052401388,1,9,0,18,19,8,5,0,0,1,0,0,0,0,1,1,6,6,3,-1,-1,-1,-1,-1,-1,-1,-1,0,-1
2024531475841,2024,531475841,2,9,0,-1,19,1,5,-1,0,0,0,0,0,0,0,9,-1,6,-1,-1,-1,-1,-1,-1,-1,-1,-1,0,-1
2024471464037,2024,471464037,1,9,0,-1,9,3,1,-1,0,5,0,0,0,0,1,2,-1,9,1,46,8,-1,-1,-1,-1,4,E01031386,0,3
2024401525356,2024,401525356,1,9,0,-1,19,5,1,-1,0,0,2,0,1,0,1,1,-1,6,1,27,6,-1,-1,-1,-1,9,E01033833,0,2