collision_index,collision_year,collision_ref_no,vehicle_reference,vehicle_type,towing_and_articulation,vehicle_manoeuvre_historic,vehicle_manoeuvre,vehicle_direction_from,vehicle_direction_to,vehicle_location_restricted_lane_historic,vehicle_location_restricted_lane,junction_location,skidding_and_overturning,hit_object_in_carriageway,vehicle_leaving_carriageway,hit_object_off_carriageway,first_point_of_impact,vehicle_left_hand_drive,journey_purpose_of_driver_historic,journey_purpose_of_driver,sex_of_driver,age_of_driver,age_band_of_driver,engine_capacity_cc,propulsion_code,age_of_vehicle,generic_make_model,driver_imd_decile,lsoa_of_driver,escooter_flag,driver_distance_banding
2024041489689,2024,041489689,2,9,0,-1,19,5,1,-1,0,0,0,0,1,7,1,1,-1,6,1,37,7,-1,-1,-1,-1,1,E01009047,0,5
2024010540982,2024,010540982,2,1,0,18,19,3,7,0,0,1,0,0,9,99,3,1,6,6,1,34,6,-1,-1,-1,-1,6,E01004395,0,4
2024501414681,2024,501414681,1,90,0,-1,19,5,2,-1,0,0,5,11,0,0,4,9,-1,6,2,36,7,-1,-1,-1,-1,5,E01015215,0,1
2024501447919,2024,501447919,1,90,0,-1,5,8,4,-1,0,0,0,0,0,0,4,1,-1,6,-1,-1,-1,-1,-1,-1,-1,-1,-1,0,-1
2024111528074,2024,111528074,1,9,0,-1,19,2,6,-1,0,0,0,0,0,0,1,1,-1,6,3,30,6,-1,-1,-1,-1,-1,-1,0,-1
2024010503533,2024,010503533,1,1,9,99,99,9,9,99,99,9,9,99,9,99,9,1,6,6,2,31,6,-1,-1,-1,-1,5,E01004591,0,1
2024010497912,2024,010497912,2,9,0,99,99,9,9,99,99,9,9,99,9,99,9,9,6,6,3,-1,-1,-1,-1,-1,-1,4,E01002079,0,1
2024010545873,2024,010545873,2,1,9,99,99,9,9,99,99,9,9,99,0,0,9,1,3,7,1,14,3,-1,-1,-1,-1,7,E01003270,0,1
2024010532295,2024,010532295,2,11,0,9,9,5,3,0,0,8,0,0,0,0,2,1,6,6,3,-1,-1,-1,-1,-1,-1,-1,-1,0,-1
2024371427330,2024,371427330,2,1,0,-1,19,3,7,-1,5,0,0,0,0,0,0,1,-1,9,2,59,9,-1,-1,-1,-1,2,E01030079,0,1
2024010492654,2024,010492654,1,9,0,9,9,5,2,0,0,6,0,0,0,0,1,1,2,2,1,69,10,-1,-1,-1,-1,6,E01000069,0,1
2024010494231,2024,010494231,2,19,0,99,99,9,9,99,99,9,9,99,9,99,1,9,6,6,1,48,8,-1,-1,-1,-1,2,E01001263,0,1
2024010535456,2024,010535456,1,1,0,18,19,1,5,0,0,1,0,0,0,0,3,1,6,6,1,22,5,-1,-1,-1,-1,3,E01003288,0,1
2024031485628,2024,031485628,1,9,0,-1,19,2,5,-1,0,0,0,4,0,0,1,1,-1,9,1,20,4,-1,-1,-1,-1,4,E01019218,0,1
2024501531281,2024,501531281,2,1,0,-1,2,0,0,-1,9,0,0,0,7,0,1,1,-1,6,1,15,3,-1,-1,-1,-1,7,E01015035,0,1
2024010537808,2024,010537808,1,9,0,99,99,9,9,99,99,9,9,99,9,99,9,9,6,6,3,-1,-1,-1,-1,-1,-1,-1,-1,0,-1
2024471458901,2024,471458901,2,23,0,-1,6,3,3,-1,9,0,0,0,0,0,4,1,-1,6,3,-1,-1,-1,-1,-1,-1,-1,-1,0,-1
2024010540788,2024,010540788,2,1,9,99,99,9,9,0,0,0,9,99,9,99,0,1,6,6,1,-1,-1,-1,-1,-1,-1,-1,-1,0,-1
2024010551142,2024,010551142,1,1,9,99,99,9,9,99,99,9,9,99,9,99,1,1,6,6,2,58,9,-1,-1,-1,-1,3,E01001983,0,1
2024141510282,2024,141510282,1,9,0,-1,7,4,7,-1,0,3,0,0,0,0,1,9,-1,6,1,-1,-1,-1,-1,-1,-1,-1,-1,0,-1
2024451451395,2024,451451395,2,1,0,-1,19,1,5,-1,0,8,5,0,0,0,3,1,-1,6,1,26,6,-1,-1,-1,-1,-1,-1,0,-1
2024010486835,2024,010486835,1,9,0,18,19,1,5,0,0,0,0,0,0,0,1,1,1,1,1,55,8,-1,-1,-1,-1,6,E01024411,0,4
2024131501125,2024,131501125,1,-1,0,-1,-1,-1,-1,-1,-1,0,-1,-1,-1,0,-1,1,-1,9,1,14,3,-1,-1,-1,-1,4,E01011896,1,1
2024520401404,2024,520401404,2,9,0,18,19,2,6,0,0,8,0,0,0,0,1,1,6,6,3,-1,-1,-1,-1,-1,-1,-1,-1,0,-1
2024231506362,2024,231506362,1,9,0,-1,19,8,2,-1,0,6,0,0,0,0,1,1,-1,1,1,35,6,-1,-1,-1,-1,7,E01034319,0,4
2024501430898,2024,501430898,1,22,0,-1,19,5,1,-1,9,5,5,0,0,0,0,1,-1,9,2,78,11,-1,-1,-1,-1,7,E01018789,0,1
2024010545123,2024,010545123,2,1,0,18,19,1,5,0,0,8,0,0,0,0,1,1,6,6,2,33,6,-1,-1,-1,-1,3,E01001774,0,1
2024010506830,2024,010506830,1,1,9,99,99,9,9,99,99,9,9,99,9,99,9,1,2,2,1,51,8,-1,-1,-1,-1,7,E01000197,0,1
2024451407805,2024,451407805,2,9,0,-1,19,5,1,-1,0,8,0,0,0,0,1,9,-1,6,3,30,6,-1,-1,-1,-1,-1,-1,0,-1
2024461476660,2024,461476660,2,-1,0,-1,19,5,1,-1,0,8,0,0,0,0,4,1,-1,9,1,64,9,-1,-1,-1,-1,2,E01033215,1,1
2024471431488,2024,471431488,2,1,0,-1,19,8,4,-1,0,1,0,4,0,0,1,1,-1,9,1,47,8,-1,-1,-1,-1,10,E01031680,0,1
2024010488109,2024,010488109,2,9,0,99,99,9,9,99,99,9,9,99,9,99,9,9,6,6,3,-1,-1,-1,-1,-1,-1,-1,-1,0,-1
2024061408813,2024,061408813,2,8,0,-1,19,8,4,-1,0,1,0,0,0,0,4,9,-1,1,3,-1,-1,-1,-1,-1,-1,-1,-1,0,-1
2024461517645,2024,461517645,2,1,0,-1,19,3,7,-1,0,3,0,0,0,0,2,1,-1,6,1,12,3,-1,-1,-1,-1,7,E01032820,0,1
2024010496769,2024,010496769,1,9,0,18,19,1,5,0,0,2,0,0,0,0,1,1,6,6,3,-1,-1,-1,-1,-1,-1,-1,-1,0,-1
2024340WN3532,2024,340WN3532,2,9,0,-1,19,1,5,-1,0,3,1,0,8,6,3,1,-1,2,1,38,7,-1,-1,-1,-1,3,E01027082,0,3
2024061458502,2024,061458502,2,1,0,-1,19,1,5,-1,0,0,0,0,0,0,4,1,-1,6,1,9,2,-1,-1,-1,-1,1,E01032558,0,1
2024010487254,2024,010487254,2,9,0,99,99,9,9,99,99,9,9,99,9,99,9,9,6,6,3,-1,-1,-1,-1,-1,-1,-1,-1,0,-1
2024461462045,2024,461462045,1,9,0,-1,19,7,3,-1,0,0,0,0,0,0,1,9,-1,6,3,-1,-1,-1,-1,-1,-1,-1,-1,0,-1
2024010490339,2024,010490339,1,9,0,99,99,9,9,99,99,9,9,99,9,99,2,9,2,2,2,18,4,-1,-1,-1,-1,5,E01024171,0,3
2024061403429,2024,061403429,2,-1,0,-1,9,1,6,-1,0,8,0,0,0,0,3,1,-1,1,2,23,5,-1,-1,-1,-1,5,E01006180,1,2
2024371526215,2024,371526215,3,98,0,-1,2,0,0,-1,0,0,0,0,0,0,0,1,-1,6,-1,-1,-1,-1,-1,-1,-1,-1,-1,0,-1
2024501517258,2024,501517258,1,9,0,-1,19,-1,-1,-1,0,0,0,0,0,0,4,1,-1,6,3,-1,-1,-1,-1,-1,-1,-1,-1,0,-1
2024010488062,2024,010488062,1,9,0,9,9,5,3,0,0,2,0,0,0,0,1,1,2,2,1,31,6,-1,-1,-1,-1,5,E01001041,0,2
2024041505305,2024,041505305,1,9,0,-1,19,7,3,-1,0,0,0,0,0,0,1,1,-1,6,2,55,8,-1,-1,-1,-1,3,E01012708,0,1
2024501486989,2024,501486989,2,9,0,-1,9,3,1,-1,0,6,0,0,0,0,3,1,-1,2,1,77,11,-1,-1,-1,-1,-1,-1,0,-1
2024231433479,2024,231433479,2,5,0,-1,4,3,1,-1,0,1,0,0,0,0,3,1,-1,9,1,65,9,-1,-1,-1,-1,8,E01031301,0,2
2024522403023,2024,522403023,2,9,0,99,99,9,9,9,9,8,0,0,0,0,9,1,6,6,3,-1,-1,-1,-1,-1,-1,-1,-1,0,-1
2024501517336,2024,501517336,2,1,0,-1,19,3,7,-1,0,2,5,0,0,0,1,1,-1,6,1,38,7,-1,-1,-1,-1,7,E01019920,0,1
2024332400890,2024,332400890,2,9,0,-1,19,7,3,-1,0,3,0,0,0,0,1,1,-1,6,2,43,7,-1,-1,-1,-1,6,E01013606,0,1
2024351438659,2024,351438659,1,9,0,-1,19,5,1,-1,0,2,2,0,7,9,1,1,-1,6,1,61,9,-1,-1,-1,-1,3,E01018087,0,1
2024501470995,2024,501470995,2,1,0,-1,19,1,4,-1,0,6,0,0,0,0,1,1,-1,6,1,12,3,-1,-1,-1,-1,1,E01015261,0,1
2024451417086,2024,451417086,1,9,0,-1,19,1,5,-1,0,0,0,0,0,0,1,1,-1,1,1,34,6,-1,-1,-1,-1,6,E01002138,0,4
2024061507197,2024,061507197,1,23,0,-1,5,3,7,-1,9,0,1,10,1,0,1,1,-1,6,1,17,4,-1,-1,-1,-1,-1,-1,0,-1
202417M308024,2024,17M308024,1,-1,0,-1,19,3,7,-1,0,6,0,0,0,0,1,1,-1,9,1,14,3,-1,-1,-1,-1,1,E01012045,1,1
2024010527954,2024,010527954,2,1,0,18,19,1,5,0,0,1,0,0,1,0,1,1,6,6,1,60,9,-1,-1,-1,-1,10,E01023885,0,2
2024010505968,2024,010505968,1,1,9,99,99,9,9,99,99,9,9,8,9,99,9,1,2,2,2,41,7,-1,-1,-1,-1,6,E01004621,0,2
202460Q155251,2024,60Q155251,1,19,0,18,19,2,6,0,0,0,0,0,0,0,4,-1,6,6,3,-1,-1,-1,-1,-1,-1,-1,-1,0,-1
2024351423134,2024,351423134,2,1,0,-1,19,7,3,-1,0,0,0,0,0,0,4,1,-1,7,2,16,4,-1,-1,-1,-1,6,E01015659,0,1
2024471468921,2024,471468921,1,1,0,-1,-1,-1,-1,-1,-1,0,-1,-1,-1,0,1,1,-1,6,3,-1,-1,-1,-1,-1,-1,-1,-1,0,-1
202417L211424,2024,17L211424,2,1,0,-1,19,5,1,-1,0,8,0,0,0,0,3,1,-1,2,1,42,7,-1,-1,-1,-1,1,E01012170,0,1
2024461460382,2024,461460382,1,9,0,-1,19,5,1,-1,0,0,0,0,0,0,4,1,-1,9,1,20,4,-1,-1,-1,-1,2,E01016025,0,1
2024351516322,2024,351516322,2,-1,0,-1,19,8,4,-1,1,8,0,0,0,0,4,9,-1,9,2,29,6,-1,-1,-1,-1,10,E01018251,1,2
2024131494570,2024,131494570,2,1,0,-1,19,1,1,-1,0,3,0,0,0,0,2,1,-1,6,1,55,8,-1,-1,-1,-1,9,E01011278,0,1
2024031403690,2024,031403690,1,97,0,-1,19,4,8,-1,0,0,0,4,0,0,1,1,-1,6,1,17,4,-1,-1,-1,-1,3,E01019284,0,1
2024421536377,2024,421536377,1,-1,0,-1,19,-1,-1,-1,9,0,9,11,0,0,1,1,-1,6,3,-1,-1,-1,-1,-1,-1,-1,-1,0,-1
2024430100189,2024,430100189,1,9,0,17,19,2,7,0,0,0,0,0,1,4,1,1,2,2,1,54,8,-1,-1,-1,-1,6,E01017852,0,2
2024010516829,2024,010516829,1,1,9,99,99,9,9,99,99,9,9,99,9,99,2,1,2,2,2,45,7,-1,-1,-1,-1,10,E01004157,0,1
2024471449127,2024,471449127,2,1,0,-1,15,7,4,-1,0,8,0,0,0,0,4,1,-1,6,1,50,8,-1,-1,-1,-1,-1,-1,0,-1
2024361433617,2024,361433617,3,1,0,-1,19,7,3,-1,0,1,2,0,0,0,1,1,-1,6,2,45,7,-1,-1,-1,-1,3,E01026602,0,1
2024302400746,2024,302400746,1,9,0,18,19,3,7,0,0,2,0,0,0,0,4,1,6,6,2,36,7,-1,-1,-1,-1,4,E01019574,0,1
2024010493953,2024,010493953,1,11,0,18,19,5,1,0,0,8,0,0,0,0,1,1,1,1,1,49,8,-1,-1,-1,-1,2,E01000798,0,3
2024010527872,2024,010527872,1,1,0,13,13,3,7,4,4,0,0,0,0,0,1,1,2,2,1,47,8,-1,-1,-1,-1,5,E01001863,0,2
2024430189074,2024,430189074,1,9,0,18,19,2,6,0,0,0,1,0,1,0,2,1,6,6,2,24,5,-1,-1,-1,-1,2,E01016520,0,1
2024211522352,2024,211522352,1,1,0,-1,14,-1,-1,-1,0,0,5,10,1,99,3,1,-1,2,1,47,8,-1,-1,-1,-1,9,E01035100,0,3
2024061479481,2024,061479481,2,1,0,-1,-1,1,-1,-1,-1,0,-1,-1,-1,0,3,1,-1,6,1,-1,-1,-1,-1,-1,-1,-1,-1,0,-1
2024131412123,2024,131412123,1,9,0,-1,-1,-1,-1,-1,-1,-1,-1,-1,-1,-1,-1,1,-1,6,3,-1,-1,-1,-1,-1,-1,-1,-1,0,-1
2024201483738,2024,201483738,2,1,0,-1,19,4,8,-1,0,1,0,0,0,0,4,1,-1,1,1,51,8,-1,-1,-1,-1,7,E01009614,0,1
2024231404462,2024,231404462,1,9,0,-1,19,6,2,-1,0,1,0,0,0,0,2,9,-1,6,1,35,6,-1,-1,-1,-1,-1,-1,0,-1
2024010493438,2024,010493438,2,9,0,99,99,9,9,99,99,9,9,99,9,99,9,9,6,6,3,-1,-1,-1,-1,-1,-1,-1,-1,0,-1
2024351420649,2024,351420649,1,9,-1,-1,-1,-1,-1,-1,-1,-1,-1,-1,-1,0,-1,9,-1,6,3,-1,-1,-1,-1,-1,-1,-1,-1,0,-1
2024461412097,2024,461412097,2,11,0,-1,19,7,3,-1,0,6,0,0,0,0,2,9,-1,1,3,-1,-1,-1,-1,-1,-1,-1,-1,0,-1
2024010536500,2024,010536500,2,1,0,18,19,8,4,0,0,1,0,0,0,0,1,1,2,2,1,33,6,-1,-1,-1,-1,2,E01002505,0,1
2024161445408,2024,161445408,1,1,0,-1,19,5,1,-1,0,1,0,0,0,0,2,1,-1,6,2,15,3,-1,-1,-1,-1,1,E01013203,0,1
2024052401459,2024,052401459,1,9,0,18,19,4,8,0,0,0,0,0,0,0,2,1,6,6,3,-1,-1,-1,-1,-1,-1,-1,-1,0,-1
2024161490494,2024,161490494,2,9,0,-1,19,2,6,-1,0,0,0,0,0,0,2,1,-1,6,1,52,8,-1,-1,-1,-1,8,E01013011,0,3
2024131416280,2024,131416280,2,1,0,-1,7,3,7,-1,0,2,0,0,0,0,1,1,-1,1,2,42,7,-1,-1,-1,-1,1,E01011667,0,1
2024221528849,2024,221528849,2,1,0,-1,9,6,4,-1,0,5,0,0,0,0,2,1,-1,6,1,48,8,-1,-1,-1,-1,5,E01028948,0,1
2024320348491,2024,320348491,1,9,0,-1,-1,6,2,0,0,1,0,0,0,0,1,1,6,6,3,-1,-1,-1,-1,-1,-1,-1,-1,0,-1
2024991402731,2024,991402731,2,9,0,-1,3,3,7,-1,0,0,0,0,0,0,1,1,-1,6,2,28,6,-1,-1,-1,-1,6,-1,0,1
2024421471357,2024,421471357,1,1,0,-1,14,1,6,-1,0,1,0,0,0,0,1,1,-1,2,1,24,5,-1,-1,-1,-1,6,E01021355,0,1
2024440326597,2024,440326597,2,1,0,15,15,8,8,0,0,0,0,0,0,0,1,1,6,6,1,57,9,-1,-1,-1,-1,4,E01017034,0,1
2024332401064,2024,332401064,2,9,0,-1,1,5,1,-1,0,0,0,0,0,0,2,1,-1,6,3,-1,-1,-1,-1,-1,-1,-1,-1,0,-1
2024451533568,2024,451533568,1,1,0,-1,19,1,5,-1,0,0,0,0,0,0,1,1,-1,9,1,68,10,-1,-1,-1,-1,9,E01030861,0,1
2024552400996,2024,552400996,2,9,0,9,9,7,5,0,0,5,0,0,0,0,4,1,6,6,2,53,8,-1,-1,-1,-1,4,E01032087,0,4
2024052401939,2024,052401939,1,-1,0,18,19,1,5,0,0,1,0,0,0,0,1,1,6,6,1,20,4,-1,-1,-1,-1,1,E01006697,1,1
2024010488442,2024,010488442,2,8,0,9,9,5,3,0,0,8,0,0,0,0,3,1,1,1,1,52,8,-1,-1,-1,-1,2,E01033605,0,1
2024411510749,2024,411510749,2,1,0,-1,3,5,1,-1,0,1,0,0,0,0,3,1,-1,2,2,50,8,-1,-1,-1,-1,7,E01023856,0,1
2024010547719,2024,010547719,1,1,9,99,99,9,9,99,99,9,9,99,9,99,2,1,6,6,1,59,9,-1,-1,-1,-1,4,E01003532,0,1
2024131476155,2024,131476155,2,1,0,-1,13,5,1,-1,0,2,0,0,0,0,1,1,-1,2,1,28,6,-1,-1,-1,-1,3,E01011670,0,1
2024522401802,2024,522401802,1,-1,0,18,19,2,6,0,0,0,0,0,0,0,3,1,6,6,1,21,5,-1,-1,-1,-1,8,E01014511,1,1
2024201545228,2024,201545228,1,9,0,-1,19,4,8,-1,0,1,0,0,0,0,1,9,-1,6,1,-1,-1,-1,-1,-1,-1,-1,-1,0,-1
2024010496760,2024,010496760,1,1,9,99,99,9,9,99,99,9,9,99,9,99,9,1,6,6,1,20,4,-1,-1,-1,-1,7,E01002965,0,1
2024361427304,2024,361427304,1,1,0,-1,9,3,1,-1,0,1,0,0,0,0,3,1,-1,9,1,61,9,-1,-1,-1,-1,10,E01026813,0,2
2024520400348,2024,520400348,1,19,0,18,19,5,1,0,0,0,0,0,0,0,4,1,6,6,1,58,9,-1,-1,-1,-1,7,E01035113,0,3
2024451396355,2024,451396355,1,9,0,-1,5,7,3,-1,0,6,0,0,0,0,1,1,-1,1,1,56,9,-1,-1,-1,-1,8,E01035361,0,1
2024010534706,2024,010534706,2,1,0,-1,-1,3,7,0,0,8,0,0,0,0,1,1,2,2,1,46,8,-1,-1,-1,-1,10,E01004196,0,3
2024070409849,2024,070409849,1,9,0,1,1,3,7,0,0,8,0,0,0,0,2,1,6,6,1,-1,-1,-1,-1,-1,-1,-1,-1,0,-1
2024041450920,2024,041450920,1,9,0,-1,19,3,5,-1,9,2,5,0,1,11,1,1,-1,6,2,55,8,-1,-1,-1,-1,3,E01012587,0,1
2024361416557,2024,361416557,1,9,-1,-1,-1,1,5,-1,-1,0,-1,-1,-1,0,-1,1,-1,6,3,-1,-1,-1,-1,-1,-1,-1,-1,0,-1
2024351468634,2024,351468634,3,5,0,-1,2,5,1,-1,0,0,0,0,0,0,1,1,-1,6,-1,-1,-1,-1,-1,-1,-1,-1,-1,0,-1
2024161410516,2024,161410516,1,11,0,-1,19,4,8,-1,0,1,0,0,0,0,0,9,-1,1,1,-1,-1,-1,-1,-1,-1,-1,-1,0,-1
2024010532734,2024,010532734,2,1,0,18,19,5,1,0,0,1,0,0,0,0,1,1,6,6,1,18,4,-1,-1,-1,-1,3,E01000641,0,1
2024010512032,2024,010512032,2,1,0,14,14,7,3,0,0,3,0,8,0,0,1,1,6,6,1,58,9,-1,-1,-1,-1,5,E01000580,0,1
2024231460457,2024,231460457,2,99,0,-1,19,1,5,-1,0,0,0,0,0,0,0,9,-1,6,3,30,6,-1,-1,-1,-1,-1,-1,0,-1
2024010497989,2024,010497989,1,9,0,7,7,7,1,0,0,1,0,0,0,0,1,1,6,6,3,-1,-1,-1,-1,-1,-1,-1,-1,0,-1
2024430193690,2024,430193690,2,9,0,18,19,6,2,0,0,8,0,0,0,0,1,2,6,6,2,65,9,-1,-1,-1,-1,-1,-1,0,-1
2024010525160,2024,010525160,2,1,0,18,19,3,7,4,4,8,0,0,0,0,1,1,6,6,1,40,7,-1,-1,-1,-1,2,E01004286,0,1
2024440165405,2024,440165405,1,9,0,3,3,1,5,0,0,1,0,0,0,0,2,1,6,6,3,-1,-1,-1,-1,-1,-1,-1,-1,0,-1
2024010541838,2024,010541838,1,9,0,6,6,7,7,0,0,8,0,0,0,0,3,1,6,6,3,-1,-1,-1,-1,-1,-1,-1,-1,0,-1
2024010488427,2024,010488427,2,1,0,18,19,5,1,0,0,1,0,0,0,0,4,1,1,1,1,37,7,-1,-1,-1,-1,4,E01003841,0,1
2024070306785,2024,070306785,1,9,0,18,19,6,4,0,0,0,0,0,0,0,3,2,6,6,1,-1,-1,-1,-1,-1,-1,-1,-1,0,-1
2024131440304,2024,131440304,2,21,0,-1,19,1,5,-1,0,0,0,0,0,0,2,2,-1,1,1,37,7,-1,-1,-1,-1,3,E01001700,0,5
2024471504975,2024,471504975,2,9,0,-1,4,5,1,-1,0,0,0,0,0,0,2,2,-1,1,1,39,7,-1,-1,-1,-1,8,E01021163,0,1
2024010523158,2024,010523158,1,9,0,9,9,5,3,0,0,1,0,0,0,0,1,1,6,6,1,31,6,-1,-1,-1,-1,4,E01002324,0,3
2024111445983,2024,111445983,2,1,-1,-1,19,4,8,-1,0,1,0,0,0,0,1,1,-1,7,1,9,2,-1,-1,-1,-1,2,E01033206,0,1
2024010526896,2024,010526896,2,22,0,18,19,7,3,0,0,1,0,0,0,0,1,1,6,6,1,74,10,-1,-1,-1,-1,-1,-1,0,-1
2024052400316,2024,052400316,1,9,0,9,9,1,7,0,0,1,0,0,1,1,1,1,6,6,3,-1,-1,-1,-1,-1,-1,-1,-1,0,-1
2024052402834,2024,052402834,2,1,0,18,19,1,5,0,0,1,0,0,0,0,1,1,6,6,1,19,4,-1,-1,-1,-1,3,E01006497,0,1
2024141400389,2024,141400389,2,90,0,-1,19,4,8,-1,0,0,0,0,0,0,1,9,-1,6,3,-1,-1,-1,-1,-1,-1,-1,-1,0,-1
2024111414154,2024,111414154,2,1,0,-1,19,5,8,-1,0,1,0,0,0,0,1,1,-1,6,1,33,6,-1,-1,-1,-1,8,E01020710,0,1
2024201431175,2024,201431175,1,9,0,-1,5,4,4,-1,0,0,0,0,0,0,4,1,-1,6,3,40,7,-1,-1,-1,-1,-1,-1,0,-1
2024471524605,2024,471524605,2,1,0,-1,19,2,6,-1,0,8,0,0,0,0,4,1,-1,6,2,59,9,-1,-1,-1,-1,5,E01031403,0,1
2024201524930,2024,201524930,2,-1,0,-1,19,3,4,-1,0,8,0,0,0,0,1,1,-1,9,1,17,4,-1,-1,-1,-1,1,E01009073,1,1
2024991407870,2024,991407870,2,9,0,-1,19,1,5,-1,0,1,0,0,0,0,4,1,-1,1,1,48,8,-1,-1,-1,-1,5,-1,0,1
2024010521154,2024,010521154,2,22,0,18,19,7,3,0,0,2,0,0,0,0,3,1,6,6,1,42,7,-1,-1,-1,-1,3,-1,0,5
2024141506569,2024,141506569,1,-1,0,-1,19,5,1,-1,9,0,0,0,0,0,0,1,-1,9,1,61,9,-1,-1,-1,-1,4,E01007382,1,1
2024991403175,2024,991403175,1,9,0,-1,19,7,3,-1,0,1,0,0,0,0,1,1,-1,6,1,25,5,-1,-1,-1,-1,2,-1,0,2
2024302400937,2024,302400937,2,9,0,2,2,0,0,0,0,0,0,0,0,0,0,1,6,6,3,-1,-1,-1,-1,-1,-1,5,E01019456,0,4
2024522500316,2024,522500316,2,9,0,13,13,5,1,0,0,8,0,0,0,0,4,1,6,6,3,-1,-1,-1,-1,-1,-1,-1,-1,0,-1
2024201521009,2024,201521009,1,99,0,-1,19,-1,-1,-1,0,0,0,0,0,0,1,9,-1,9,1,42,7,-1,-1,-1,-1,1,E01010140,0,1
2024041479748,2024,041479748,1,9,0,-1,19,1,5,-1,0,0,0,0,0,0,1,1,-1,1,1,30,6,-1,-1,-1,-1,10,E01012393,0,4
2024010502880,2024,010502880,2,9,0,18,19,1,5,0,0,1,0,0,0,0,1,1,6,6,3,-1,-1,-1,-1,-1,-1,-1,-1,0,-1
2024010488856,2024,010488856,2,9,0,18,19,4,8,0,0,0,0,0,0,0,4,1,6,6,3,-1,-1,-1,-1,-1,-1,-1,-1,0,-1
2024010522869,2024,010522869,1,8,0,3,3,5,1,0,0,0,0,0,0,0,3,1,6,6,1,-1,-1,-1,-1,-1,-1,9,E01003648,0,3
2024351425942,2024,351425942,2,9,0,-1,19,7,3,-1,0,0,0,0,0,0,1,1,-1,1,1,72,10,-1,-1,-1,-1,4,E01022241,0,5
2024010489287,2024,010489287,3,9,0,18,19,1,5,0,0,1,0,0,0,0,1,1,6,6,2,32,6,-1,-1,-1,-1,6,E01011633,0,5
2024302401746,2024,302401746,2,1,0,-1,19,3,8,-1,0,1,0,0,0,0,1,1,-1,6,1,18,4,-1,-1,-1,-1,1,E01019729,0,1
2024421517542,2024,421517542,1,1,0,-1,19,3,7,-1,0,8,1,0,0,0,1,1,-1,9,1,18,4,-1,-1,-1,-1,3,E01021319,0,1
2024302400498,2024,302400498,2,5,0,18,19,6,2,0,0,8,1,0,0,0,1,1,6,6,1,40,7,-1,-1,-1,-1,1,E01019509,0,2
2024070911513,2024,070911513,1,9,9,-1,15,5,-1,-1,-1,0,-1,0,0,0,2,9,-1,6,3,-1,-1,-1,-1,-1,-1,-1,-1,0,-1
2024991535515,2024,991535515,2,97,0,-1,19,5,1,-1,0,8,0,0,0,0,1,1,-1,6,1,15,3,-1,-1,-1,-1,1,-1,0,1
2024052400977,2024,052400977,2,9,0,18,19,1,5,0,0,6,0,0,0,0,3,1,6,6,1,29,6,-1,-1,-1,-1,9,E01007078,0,2
2024411509446,2024,411509446,2,9,0,-1,-1,-1,-1,-1,-1,-1,-1,-1,-1,0,-1,9,-1,9,1,60,9,-1,-1,-1,-1,9,E01023308,0,1
2024010523433,2024,010523433,2,9,0,99,99,9,9,99,99,9,9,99,9,99,9,9,6,6,3,-1,-1,-1,-1,-1,-1,-1,-1,0,-1
2024421450032,2024,421450032,2,1,0,-1,19,7,3,-1,0,8,0,0,0,0,1,1,-1,9,1,43,7,-1,-1,-1,-1,6,E01001803,0,3
2024622400633,2024,622400633,2,1,0,18,19,2,6,0,0,0,0,0,0,0,1,1,6,6,1,9,2,-1,-1,-1,-1,5,W01001038,0,1
2024010493848,2024,010493848,3,19,0,4,4,5,1,0,0,1,0,0,0,0,1,1,2,2,1,24,5,-1,-1,-1,-1,3,E01003081,0,1
2024544345624,2024,544345624,2,1,0,18,19,1,5,0,0,0,0,0,0,0,2,1,6,6,1,54,8,-1,-1,-1,-1,-1,-1,0,-1
2024332401071,2024,332401071,2,9,0,-1,19,7,3,-1,0,6,0,0,0,0,1,1,-1,6,2,-1,-1,-1,-1,-1,-1,-1,-1,0,-1
2024411448997,2024,411448997,1,9,0,-1,20,5,1,-1,0,0,0,0,7,4,1,1,-1,6,1,72,10,-1,-1,-1,-1,8,E01023709,0,1
2024501482319,2024,501482319,2,1,0,-1,19,8,4,-1,0,0,5,0,1,0,9,1,-1,6,1,13,3,-1,-1,-1,-1,6,E01019891,0,1
2024061465745,2024,061465745,2,1,0,-1,19,8,4,-1,0,1,0,0,0,0,4,1,-1,2,2,45,7,-1,-1,-1,-1,2,E01005222,0,1
2024531465288,2024,531465288,2,1,0,-1,19,1,5,-1,0,0,2,4,0,0,1,1,-1,9,1,53,8,-1,-1,-1,-1,7,E01031308,0,4
2024010516389,2024,010516389,2,1,0,18,19,5,1,0,0,1,0,0,0,0,1,1,6,6,1,23,5,-1,-1,-1,-1,-1,-1,0,-1
2024131517299,2024,131517299,2,1,0,-1,19,6,2,-1,0,0,0,0,0,0,1,1,-1,7,1,17,4,-1,-1,-1,-1,1,E01011850,0,1
2024552400607,2024,552400607,2,1,0,18,19,5,1,0,0,0,0,0,0,0,3,1,6,6,1,48,8,-1,-1,-1,-1,9,E01024753,0,5
2024531448547,2024,531448547,1,9,0,-1,19,8,4,-1,0,8,0,0,0,0,1,1,-1,6,1,27,6,-1,-1,-1,-1,6,E01022262,0,4
2024622400751,2024,622400751,2,9,0,2,2,0,0,0,0,0,0,0,0,0,2,1,2,2,1,49,8,-1,-1,-1,-1,8,W01001005,0,2
2024101430300,2024,101430300,1,9,0,-1,11,7,3,-1,0,8,0,0,0,0,1,1,-1,6,2,-1,-1,-1,-1,-1,-1,7,-1,0,5
2024010530050,2024,010530050,2,9,0,99,99,9,9,99,99,9,9,99,9,99,9,9,6,6,3,-1,-1,-1,-1,-1,-1,-1,-1,0,-1
2024531501823,2024,531501823,1,9,0,-1,7,1,5,-1,0,1,1,0,0,0,4,1,-1,2,1,56,9,-1,-1,-1,-1,7,E01020047,0,5
2024010539940,2024,010539940,1,9,0,-1,-1,3,7,0,0,1,0,0,0,0,1,1,1,1,1,49,8,-1,-1,-1,-1,1,E01001410,0,3
2024340WN3152,2024,340WN3152,2,9,0,-1,19,1,5,-1,0,3,0,0,0,0,4,1,-1,9,1,75,10,-1,-1,-1,-1,9,E01027290,0,4
2024430407398,2024,430407398,2,9,0,18,19,-1,-1,0,0,0,0,0,0,0,2,1,2,2,2,27,6,-1,-1,-1,-1,7,E01034464,0,2