collision_index,collision_year,collision_ref_no,vehicle_reference,vehicle_type,towing_and_articulation,vehicle_manoeuvre_historic,vehicle_manoeuvre,vehicle_direction_from,vehicle_direction_to,vehicle_location_restricted_lane_historic,vehicle_location_restricted_lane,junction_location,skidding_and_overturning,hit_object_in_carriageway,vehicle_leaving_carriageway,hit_object_off_carriageway,first_point_of_impact,vehicle_left_hand_drive,journey_purpose_of_driver_historic,journey_purpose_of_driver,sex_of_driver,age_of_driver,age_band_of_driver,engine_capacity_cc,propulsion_code,age_of_vehicle,generic_make_model,driver_imd_decile,lsoa_of_driver,escooter_flag,driver_distance_banding
2024331432997,2024,331432997,3,9,0,-1,-1,2,6,-1,-1,0,0,0,0,0,2,9,-1,-1,3,40,7,-1,-1,-1,-1,-1,-1,0,-1
2024010488072,2024,010488072,3,19,0,18,19,1,5,0,0,0,0,0,0,0,1,1,1,1,1,47,8,-1,-1,-1,-1,3,E01001366,0,1
2024010519430,2024,010519430,2,19,0,99,99,9,9,99,99,9,9,99,9,99,2,9,6,6,3,-1,-1,-1,-1,-1,-1,-1,-1,0,-1
2024010497068,2024,010497068,1,5,0,18,19,7,3,0,0,0,0,0,0,0,1,1,6,6,1,36,7,-1,-1,-1,-1,5,E01016015,0,4
2024320667675,2024,320667675,2,9,0,-1,-1,8,4,0,0,8,0,0,0,0,3,1,6,6,1,65,9,-1,-1,-1,-1,9,E01026119,0,4
2024041495701,2024,041495701,2,1,0,-1,19,1,5,-1,0,0,0,0,0,0,2,1,-1,6,1,74,10,-1,-1,-1,-1,4,E01033281,0,1
2024101492392,2024,101492392,2,1,0,-1,19,7,6,-1,0,8,0,0,0,0,3,1,-1,9,1,56,9,-1,-1,-1,-1,2,E01008252,0,3
2024010530270,2024,010530270,2,1,0,4,4,5,1,0,0,5,0,0,0,0,1,1,6,6,2,30,6,-1,-1,-1,-1,3,E01004033,0,1
2024010548808,2024,010548808,1,1,0,5,5,3,7,0,0,8,0,0,0,0,2,1,6,6,2,76,11,-1,-1,-1,-1,5,E01035689,0,1
2024622400251,2024,622400251,2,9,0,4,4,8,6,0,0,0,0,0,0,0,1,1,6,6,2,36,7,-1,-1,-1,-1,10,W01000837,0,1
2024481442514,2024,481442514,1,11,0,-1,2,1,5,-1,0,0,0,0,0,0,0,1,-1,1,1,40,7,-1,-1,-1,-1,-1,-1,0,-1
2024010530164,2024,010530164,2,11,0,99,99,9,9,99,99,9,9,99,9,99,2,9,6,6,2,50,8,-1,-1,-1,-1,9,E01003872,0,2
2024522500432,2024,522500432,2,9,0,18,19,2,6,0,0,0,0,0,0,0,1,1,6,6,3,-1,-1,-1,-1,-1,-1,-1,-1,0,-1
2024201441365,2024,201441365,2,1,0,-1,19,2,6,-1,0,0,0,0,0,0,4,1,-1,2,1,29,6,-1,-1,-1,-1,2,E01009054,0,1
2024141554235,2024,141554235,2,9,0,-1,19,6,1,-1,0,0,0,0,0,0,1,9,-1,6,3,-1,-1,-1,-1,-1,-1,-1,-1,0,-1
2024622400738,2024,622400738,1,1,0,18,19,7,3,0,0,1,0,0,0,0,1,1,1,1,1,21,5,-1,-1,-1,-1,4,W01001713,0,1
2024552400690,2024,552400690,1,1,0,18,19,4,8,9,9,0,0,0,0,0,0,1,6,6,1,52,8,-1,-1,-1,-1,10,E01030350,0,5
2024010503035,2024,010503035,1,1,0,18,19,7,3,4,4,0,0,0,0,0,1,1,2,2,2,26,6,-1,-1,-1,-1,9,E01003478,0,2
2024010548799,2024,010548799,1,9,0,8,8,5,8,0,0,1,0,0,0,0,2,1,6,6,2,60,9,-1,-1,-1,-1,8,E01001027,0,1
2024010538705,2024,010538705,2,1,9,99,99,9,9,99,99,9,9,99,9,99,9,1,6,6,3,-1,-1,-1,-1,-1,-1,-1,-1,0,-1
2024501441137,2024,501441137,1,19,0,-1,19,8,2,-1,0,3,0,0,0,0,4,9,-1,6,2,-1,-1,-1,-1,-1,-1,-1,-1,0,-1
2024010546806,2024,010546806,2,9,0,-1,-1,3,7,0,0,0,0,0,0,0,1,1,6,6,1,40,7,-1,-1,-1,-1,9,E01023134,0,4
2024451478015,2024,451478015,1,98,0,-1,19,1,5,-1,0,0,0,0,0,0,1,1,-1,1,1,64,9,-1,-1,-1,-1,7,E01004143,0,4
2024041510534,2024,041510534,2,1,0,-1,19,7,3,-1,0,8,0,0,0,0,1,1,-1,9,1,42,7,-1,-1,-1,-1,9,E01025595,0,1
2024471411752,2024,471411752,1,9,0,-1,19,5,1,-1,0,0,0,0,0,0,0,9,-1,6,3,-1,-1,-1,-1,-1,-1,-1,-1,0,-1
2024451412190,2024,451412190,1,1,0,-1,19,5,1,-1,4,1,0,0,0,0,1,1,-1,6,1,56,9,-1,-1,-1,-1,6,E01030665,0,1
2024010502989,2024,010502989,2,3,0,18,19,1,5,0,0,8,0,0,0,0,1,1,6,6,3,-1,-1,-1,-1,-1,-1,-1,-1,0,-1
2024231405596,2024,231405596,2,9,0,-1,15,8,4,-1,0,0,0,0,0,0,0,9,-1,6,3,30,6,-1,-1,-1,-1,-1,-1,0,-1
2024010517675,2024,010517675,1,1,9,99,99,9,9,99,99,9,9,99,9,99,9,1,2,2,1,48,8,-1,-1,-1,-1,8,E01001987,0,1
2024041445765,2024,041445765,1,97,0,-1,13,3,7,-1,0,0,1,0,0,0,1,1,-1,9,1,16,4,-1,-1,-1,-1,1,E01012655,0,1
2024052401352,2024,052401352,1,1,0,18,19,4,8,0,0,2,0,0,0,0,1,1,6,6,1,47,8,-1,-1,-1,-1,1,E01006699,0,1
2024010503155,2024,010503155,1,1,9,99,99,9,9,99,99,1,9,99,9,99,9,1,6,6,1,31,6,-1,-1,-1,-1,6,E01001573,0,1
2024522402941,2024,522402941,2,9,0,15,15,3,7,0,0,0,0,0,0,0,1,1,6,6,3,-1,-1,-1,-1,-1,-1,-1,-1,0,-1
2024161526433,2024,161526433,1,-1,0,-1,19,3,7,-1,9,1,0,0,0,0,1,9,-1,6,3,-1,-1,-1,-1,-1,-1,-1,-1,1,-1
2024440367135,2024,440367135,1,9,4,5,5,3,7,0,0,0,0,0,0,0,0,1,2,2,2,39,7,-1,-1,-1,-1,7,E01023074,0,1
2024010522177,2024,010522177,1,1,9,99,99,9,9,99,99,9,9,99,9,99,9,1,6,6,1,57,9,-1,-1,-1,-1,7,E01004619,0,2
2024010493048,2024,010493048,1,3,0,99,99,9,9,99,99,9,9,99,9,99,9,1,1,1,3,20,4,-1,-1,-1,-1,3,E01001969,0,1
2024440526058,2024,440526058,1,1,0,18,19,2,6,0,0,8,0,0,0,0,4,1,1,1,2,21,5,-1,-1,-1,-1,8,E01017150,0,1
2024201517115,2024,201517115,1,9,0,-1,3,8,5,-1,0,0,0,0,0,0,1,9,-1,6,2,-1,-1,-1,-1,-1,-1,-1,-1,0,-1
2024010499833,2024,010499833,1,97,0,18,19,8,4,0,0,8,0,0,0,0,1,1,6,6,3,-1,-1,-1,-1,-1,-1,-1,-1,0,-1
2024071015914,2024,071015914,1,9,9,-1,9,7,3,-1,0,5,0,0,0,0,0,9,-1,6,2,-1,-1,-1,-1,-1,-1,-1,-1,0,-1
2024351460938,2024,351460938,2,1,0,-1,19,3,7,-1,0,8,5,0,0,0,4,1,-1,2,2,53,8,-1,-1,-1,-1,4,E01015623,0,1
2024610019424,2024,610019424,1,9,0,18,19,8,4,0,0,0,2,0,0,0,1,1,6,6,1,49,8,-1,-1,-1,-1,8,W01001581,0,3
2024421482486,2024,421482486,1,22,0,-1,19,5,1,-1,9,2,0,0,0,0,1,1,-1,9,1,80,11,-1,-1,-1,-1,4,E01021996,0,1
2024052402611,2024,052402611,2,1,0,18,19,6,2,0,0,0,0,0,0,0,1,1,2,2,2,42,7,-1,-1,-1,-1,2,E01006772,0,1
2024421477596,2024,421477596,2,1,0,-1,19,2,6,-1,0,1,0,0,0,0,0,1,-1,9,1,61,9,-1,-1,-1,-1,10,E01021586,0,1
2024101441815,2024,101441815,1,9,0,-1,1,1,1,-1,0,0,0,0,0,0,3,1,-1,1,1,57,9,-1,-1,-1,-1,9,E01008367,0,1
2024991522872,2024,991522872,2,1,0,-1,19,7,3,-1,0,0,0,0,0,0,2,1,-1,6,2,53,8,-1,-1,-1,-1,7,-1,0,1
2024471522034,2024,471522034,2,1,0,-1,15,4,6,-1,0,4,0,99,0,0,3,1,-1,6,1,82,11,-1,-1,-1,-1,-1,-1,0,-1
2024501447672,2024,501447672,1,9,0,-1,19,4,8,-1,0,8,0,0,0,0,1,1,-1,6,2,51,8,-1,-1,-1,-1,10,E01015131,0,2
2024440536916,2024,440536916,2,9,0,18,19,7,3,0,0,1,0,0,0,0,1,1,1,1,1,43,7,-1,-1,-1,-1,10,E01032854,0,4
2024471525858,2024,471525858,1,9,0,-1,19,6,2,-1,0,0,0,0,0,0,1,1,-1,2,1,22,5,-1,-1,-1,-1,5,E01021089,0,2
2024421442310,2024,421442310,1,19,0,-1,19,2,6,-1,0,0,0,0,0,0,1,1,-1,1,1,-1,-1,-1,-1,-1,-1,-1,-1,0,-1
2024421529562,2024,421529562,2,1,0,-1,19,3,7,-1,0,1,0,0,0,0,4,1,-1,2,1,16,4,-1,-1,-1,-1,2,E01015840,0,1
2024401415737,2024,401415737,1,98,0,-1,19,6,2,-1,0,8,0,0,0,0,0,1,-1,1,1,31,6,-1,-1,-1,-1,6,E01015766,0,1
2024041470322,2024,041470322,1,9,0,-1,19,3,7,-1,0,0,0,0,0,0,1,1,-1,6,1,28,6,-1,-1,-1,-1,2,E01025072,0,3
2024010520784,2024,010520784,2,19,9,99,99,9,9,99,99,9,9,99,9,99,1,1,6,6,3,-1,-1,-1,-1,-1,-1,3,E01024352,0,4
2024340WN2512,2024,340WN2512,2,1,0,-1,19,1,5,-1,0,1,0,0,0,0,3,1,-1,6,2,75,10,-1,-1,-1,-1,8,E01027193,0,1
202460Q095415,2024,60Q095415,1,19,0,16,19,7,3,0,0,0,0,0,0,0,1,1,1,1,1,53,8,-1,-1,-1,-1,-1,-1,0,-1
2024991534390,2024,991534390,2,23,0,-1,19,3,7,-1,0,1,0,0,0,0,1,1,-1,1,1,18,4,-1,-1,-1,-1,1,-1,0,1
2024010548384,2024,010548384,2,1,0,-1,-1,1,5,0,0,1,0,0,0,0,1,1,6,6,1,40,7,-1,-1,-1,-1,4,E01001156,0,1
2024320009809,2024,320009809,2,1,0,18,19,4,8,0,0,8,0,0,0,0,3,1,6,6,1,20,4,-1,-1,-1,-1,4,E01026032,0,1
2024031478047,2024,031478047,1,9,0,-1,5,5,2,-1,0,8,0,0,0,0,4,1,-1,9,1,66,10,-1,-1,-1,-1,5,E01019123,0,3
2024545248624,2024,545248624,1,9,0,5,5,1,5,0,0,1,0,0,0,0,4,1,6,6,2,21,5,-1,-1,-1,-1,1,E01015575,0,1
2024061520743,2024,061520743,2,1,0,-1,19,6,2,-1,0,0,0,0,0,0,3,1,-1,2,1,24,5,-1,-1,-1,-1,-1,-1,0,-1
2024010508698,2024,010508698,2,8,0,99,99,9,9,99,99,9,9,99,9,99,9,9,6,6,3,-1,-1,-1,-1,-1,-1,-1,-1,0,-1
2024010506043,2024,010506043,1,90,0,18,19,1,5,0,0,0,0,0,0,0,0,1,6,6,3,-1,-1,-1,-1,-1,-1,-1,-1,0,-1
2024010543157,2024,010543157,1,1,9,99,99,9,9,99,99,9,9,99,9,99,9,1,6,6,2,44,7,-1,-1,-1,-1,7,E01002747,0,1
2024520401303,2024,520401303,1,9,0,18,19,1,5,0,0,0,0,10,0,0,1,1,6,6,1,21,5,-1,-1,-1,-1,5,E01029289,0,1
2024501504406,2024,501504406,2,9,0,-1,2,0,0,-1,1,0,0,0,0,0,1,1,-1,6,-1,-1,-1,-1,-1,-1,-1,-1,-1,0,-1
2024052400992,2024,052400992,1,-1,0,18,19,5,1,0,0,1,0,0,0,0,4,1,2,2,1,32,6,-1,-1,-1,-1,7,E01007105,1,2
2024411422358,2024,411422358,2,9,0,-1,19,2,8,-1,0,0,1,0,0,0,1,1,-1,6,1,46,8,-1,-1,-1,-1,10,E01023502,0,4
2024430144076,2024,430144076,2,9,0,9,9,8,6,0,0,6,0,0,0,0,1,1,6,6,1,41,7,-1,-1,-1,-1,6,E01017858,0,1
2024010496084,2024,010496084,2,19,0,18,19,7,3,0,0,8,0,0,0,0,1,1,1,1,1,23,5,-1,-1,-1,-1,6,E01021917,0,4
2024131468530,2024,131468530,2,9,0,-1,2,3,3,-1,0,0,0,0,0,0,2,1,-1,6,-1,-1,-1,-1,-1,-1,-1,-1,-1,0,-1
2024430564982,2024,430564982,1,9,0,18,19,6,2,0,0,7,0,0,0,0,3,1,6,6,3,-1,-1,-1,-1,-1,-1,-1,-1,0,-1
2024501509173,2024,501509173,2,1,0,-1,19,6,2,-1,0,0,2,0,0,0,1,1,-1,6,1,49,8,-1,-1,-1,-1,3,E01019000,0,2
2024552401530,2024,552401530,1,9,0,18,19,6,2,0,0,8,0,0,0,0,1,1,6,6,3,-1,-1,-1,-1,-1,-1,-1,-1,0,-1
2024430564120,2024,430564120,1,1,0,18,19,5,1,9,9,0,0,0,0,0,1,1,6,6,1,-1,-1,-1,-1,-1,-1,-1,-1,0,-1
2024401516640,2024,401516640,1,97,0,-1,19,2,6,-1,0,1,0,0,0,0,3,1,-1,9,1,40,7,-1,-1,-1,-1,7,E01015764,0,1
2024411501683,2024,411501683,2,9,-1,-1,-1,-1,-1,-1,-1,0,-1,-1,-1,0,-1,9,-1,6,3,-1,-1,-1,-1,-1,-1,-1,-1,0,-1
2024122400609,2024,122400609,2,20,0,17,19,3,7,0,0,0,2,0,0,0,1,1,6,6,1,57,9,-1,-1,-1,-1,10,E01011696,0,4
2024991486993,2024,991486993,2,9,0,-1,19,7,3,-1,0,0,0,0,0,0,2,1,-1,9,1,54,8,-1,-1,-1,-1,8,-1,0,3
2024010540775,2024,010540775,1,1,0,18,19,7,3,0,0,1,0,0,0,0,2,1,6,6,1,24,5,-1,-1,-1,-1,3,E01000481,0,1
2024520401298,2024,520401298,1,9,0,18,19,4,8,0,0,0,0,0,0,0,1,1,6,6,2,20,4,-1,-1,-1,-1,4,E01029111,0,1
2024440503844,2024,440503844,1,9,0,18,19,5,1,0,0,0,0,0,8,10,4,1,6,6,3,-1,-1,-1,-1,-1,-1,-1,-1,0,-1
2024201532343,2024,201532343,2,23,0,-1,14,6,2,-1,0,8,5,0,0,0,1,1,-1,6,1,23,5,-1,-1,-1,-1,7,E01009442,0,1
2024010489221,2024,010489221,2,9,9,99,99,9,9,99,99,9,9,99,9,99,9,9,6,6,3,-1,-1,-1,-1,-1,-1,-1,-1,0,-1
2024010550343,2024,010550343,2,1,0,5,5,8,4,0,0,1,0,0,0,0,1,1,6,6,2,73,10,-1,-1,-1,-1,6,E01002668,0,1
2024061518960,2024,061518960,3,9,0,-1,5,3,7,-1,0,0,0,0,0,0,4,1,-1,6,1,55,8,-1,-1,-1,-1,3,E01005286,0,1
2024371448331,2024,371448331,1,9,-1,-1,-1,-1,-1,-1,-1,0,-1,-1,-1,0,-1,9,-1,6,3,-1,-1,-1,-1,-1,-1,-1,-1,0,-1
2024401471122,2024,401471122,1,3,-1,-1,19,5,1,-1,9,0,0,0,0,0,2,1,-1,6,3,-1,-1,-1,-1,-1,-1,-1,-1,0,-1
2024221487820,2024,221487820,1,9,0,-1,19,6,1,-1,0,0,0,0,0,0,1,9,-1,6,3,18,4,-1,-1,-1,-1,-1,-1,0,-1
2024010525310,2024,010525310,3,19,0,18,19,7,3,0,0,0,0,0,0,0,1,1,6,6,3,-1,-1,-1,-1,-1,-1,-1,-1,0,-1
2024101491643,2024,101491643,2,1,-1,-1,19,7,3,-1,0,1,0,0,0,0,4,1,-1,6,1,16,4,-1,-1,-1,-1,1,E01008854,0,1
2024411478836,2024,411478836,2,9,0,-1,9,4,2,-1,0,1,0,0,0,0,3,1,-1,6,1,39,7,-1,-1,-1,-1,6,E01033311,0,1
2024010499668,2024,010499668,2,9,0,99,99,9,9,99,99,9,9,99,9,99,9,9,6,6,3,-1,-1,-1,-1,-1,-1,7,E01002887,0,1
2024481510838,2024,481510838,2,1,0,-1,5,1,5,-1,0,1,0,0,0,0,3,1,-1,2,2,30,6,-1,-1,-1,-1,-1,-1,0,-1
2024010487916,2024,010487916,1,9,0,99,99,9,9,99,99,9,9,99,9,99,9,9,6,6,1,30,6,-1,-1,-1,-1,2,E01035709,0,1
2024131508583,2024,131508583,1,9,0,-1,-1,-1,-1,-1,-1,0,-1,-1,-1,-1,-1,1,-1,6,3,-1,-1,-1,-1,-1,-1,-1,-1,0,-1
2024440537525,2024,440537525,2,1,0,18,19,6,2,0,0,8,0,0,0,0,1,1,6,6,1,-1,-1,-1,-1,-1,-1,-1,-1,0,-1
2024010541396,2024,010541396,2,-1,0,18,19,1,5,0,0,8,0,0,0,0,1,1,6,6,1,25,5,-1,-1,-1,-1,1,E01002853,1,1
2024471472709,2024,471472709,1,9,0,-1,19,2,7,-1,0,0,0,0,1,0,-1,9,-1,6,3,-1,-1,-1,-1,-1,-1,-1,-1,0,-1
2024522401664,2024,522401664,2,9,0,7,7,1,3,0,0,6,0,0,0,0,1,1,6,6,1,68,10,-1,-1,-1,-1,7,E01014858,0,1
2024471416491,2024,471416491,1,9,0,-1,19,5,1,-1,9,0,1,0,1,7,1,1,-1,9,1,52,8,-1,-1,-1,-1,6,E01021108,0,3
2024531480938,2024,531480938,1,9,0,-1,19,2,6,-1,0,0,0,0,8,4,1,1,-1,2,1,19,4,-1,-1,-1,-1,9,E01022213,0,1
2024421509614,2024,421509614,2,9,0,-1,3,6,2,-1,0,0,0,0,0,0,2,1,-1,6,1,41,7,-1,-1,-1,-1,6,E01001403,0,4
2024311416197,2024,311416197,1,9,0,-1,3,7,3,-1,0,0,0,0,0,0,2,1,-1,9,2,34,6,-1,-1,-1,-1,1,E01032597,0,4
2024552401122,2024,552401122,2,2,0,14,14,2,6,0,0,8,0,0,0,0,4,1,6,6,2,17,4,-1,-1,-1,-1,4,E01015409,0,1
2024522403365,2024,522403365,1,9,0,18,19,8,4,0,0,8,0,0,0,0,4,1,6,6,2,27,6,-1,-1,-1,-1,1,E01014638,0,2
2024552401481,2024,552401481,1,9,0,18,19,5,1,0,0,4,0,0,0,0,1,1,6,6,3,-1,-1,-1,-1,-1,-1,-1,-1,0,-1
2024221493020,2024,221493020,2,9,0,-1,10,4,2,-1,0,8,0,0,0,0,2,1,-1,2,2,25,5,-1,-1,-1,-1,8,E01034255,0,5
2024351504879,2024,351504879,2,1,0,-1,19,3,7,-1,0,1,0,0,0,0,3,1,-1,9,2,43,7,-1,-1,-1,-1,4,E01021956,0,4
2024440510834,2024,440510834,1,9,0,14,14,7,3,0,0,0,0,0,0,0,1,1,6,6,1,78,11,-1,-1,-1,-1,4,E01017164,0,1
2024311534704,2024,311534704,1,9,0,-1,19,6,2,-1,0,0,2,0,1,0,-1,1,-1,6,1,66,10,-1,-1,-1,-1,3,E01019775,0,4
2024010541976,2024,010541976,1,1,9,99,99,9,9,99,99,9,9,99,9,99,9,1,2,2,1,50,8,-1,-1,-1,-1,6,E01003711,0,3
2024430011789,2024,430011789,1,1,0,18,19,5,1,0,0,0,0,0,0,0,2,1,1,1,1,25,5,-1,-1,-1,-1,8,E01016418,0,1
2024471482647,2024,471482647,4,9,-1,-1,4,1,5,-1,0,0,0,0,0,0,0,9,-1,6,3,-1,-1,-1,-1,-1,-1,-1,-1,0,-1
2024201511631,2024,201511631,1,9,0,-1,19,6,2,-1,0,2,0,0,0,0,4,1,-1,6,3,-1,-1,-1,-1,-1,-1,-1,-1,0,-1
2024501434067,2024,501434067,2,19,0,-1,19,3,7,-1,0,3,0,0,0,0,3,2,-1,9,2,69,10,-1,-1,-1,-1,8,E01015271,0,2
2024421412596,2024,421412596,1,9,0,-1,4,5,6,-1,0,4,0,0,0,0,3,9,-1,6,3,50,8,-1,-1,-1,-1,-1,-1,0,-1
2024332400868,2024,332400868,1,17,0,-1,5,6,2,-1,0,6,0,0,0,0,3,1,-1,1,1,20,4,-1,-1,-1,-1,7,E01025910,0,1
2024061526039,2024,061526039,1,9,0,-1,-1,-1,-1,-1,-1,-1,-1,-1,-1,0,-1,1,-1,6,1,32,6,-1,-1,-1,-1,7,E01025373,0,4
202460Q171589,2024,60Q171589,2,1,0,18,19,1,6,0,0,4,0,0,0,0,1,1,6,6,1,32,6,-1,-1,-1,-1,-1,-1,0,-1
2024052402632,2024,052402632,2,1,0,18,19,5,1,0,0,0,0,0,0,0,1,1,4,7,2,15,3,-1,-1,-1,-1,1,E01005639,0,3
2024421393680,2024,421393680,1,9,0,-1,19,5,1,-1,0,0,0,0,0,0,2,1,-1,6,1,34,6,-1,-1,-1,-1,-1,-1,0,-1
2024440089988,2024,440089988,2,1,0,18,19,4,8,0,0,1,0,0,0,0,1,1,6,6,2,65,9,-1,-1,-1,-1,3,E01034067,0,1
2024041512693,2024,041512693,1,98,0,-1,19,3,7,-1,0,8,0,0,0,0,4,1,-1,1,2,26,6,-1,-1,-1,-1,1,E01006248,0,4
2024122400847,2024,122400847,2,1,0,18,19,7,3,0,0,6,0,0,0,0,1,1,6,6,2,-1,-1,-1,-1,-1,-1,-1,-1,0,-1
2024461477600,2024,461477600,1,98,0,-1,19,3,7,-1,0,0,0,0,0,0,3,9,-1,6,1,21,5,-1,-1,-1,-1,8,E01017838,0,4
2024522402678,2024,522402678,1,23,0,18,19,7,3,0,0,0,0,4,0,0,1,1,6,6,1,23,5,-1,-1,-1,-1,4,E01014623,0,1
2024010487933,2024,010487933,1,3,0,99,99,9,9,99,99,9,9,99,9,99,9,1,1,1,1,33,6,-1,-1,-1,-1,2,E01001554,0,3
2024010510345,2024,010510345,2,4,0,-1,-1,1,5,0,0,0,0,0,0,0,1,1,6,6,2,38,7,-1,-1,-1,-1,2,E01002090,0,1
2024552400830,2024,552400830,1,2,0,13,13,5,1,0,0,0,0,0,0,0,1,1,6,6,3,-1,-1,-1,-1,-1,-1,-1,-1,0,-1
2024010523842,2024,010523842,2,9,0,5,5,3,7,0,0,1,0,0,0,0,2,1,6,6,2,31,6,-1,-1,-1,-1,-1,-1,0,-1
2024411473849,2024,411473849,1,-1,-1,-1,19,5,1,-1,0,0,0,0,0,0,1,1,-1,6,1,20,4,-1,-1,-1,-1,-1,-1,1,-1
2024010494794,2024,010494794,1,9,0,7,7,1,3,0,0,1,0,0,0,0,1,1,2,2,2,32,6,-1,-1,-1,-1,8,E01000671,0,1
2024010535613,2024,010535613,1,1,9,99,99,9,9,99,99,9,9,99,9,99,9,1,1,1,2,38,7,-1,-1,-1,-1,3,E01004563,0,1
2024991510586,2024,991510586,1,23,0,-1,19,1,5,-1,0,0,0,0,0,0,1,1,-1,9,1,29,6,-1,-1,-1,-1,-1,-1,0,-1
2024201520431,2024,201520431,1,9,0,-1,9,6,5,-1,0,2,0,0,0,0,3,9,-1,6,1,-1,-1,-1,-1,-1,-1,-1,-1,0,-1
2024421411004,2024,421411004,1,9,0,-1,19,6,4,-1,0,4,0,0,0,0,1,1,-1,9,1,29,6,-1,-1,-1,-1,8,E01035176,0,1
2024451492370,2024,451492370,1,9,0,-1,19,3,7,-1,0,1,0,0,0,0,1,1,-1,2,1,19,4,-1,-1,-1,-1,10,E01030641,0,1
2024340WN5792,2024,340WN5792,2,1,0,-1,19,8,4,-1,0,8,0,0,0,0,1,1,-1,6,1,70,10,-1,-1,-1,-1,6,E01027292,0,2
2024010536372,2024,010536372,2,-1,0,18,19,1,5,0,0,1,0,0,0,0,1,1,6,6,1,17,4,-1,-1,-1,-1,-1,-1,1,-1
2024010504164,2024,010504164,1,-1,0,99,99,9,9,99,99,9,9,99,9,99,1,9,6,6,3,-1,-1,-1,-1,-1,-1,-1,-1,1,-1
2024421536139,2024,421536139,2,22,0,-1,-1,-1,-1,-1,-1,0,-1,-1,-1,0,-1,1,-1,6,1,88,11,-1,-1,-1,-1,10,E01015912,0,1
2024131413368,2024,131413368,2,9,0,-1,19,7,1,-1,0,8,0,0,0,0,1,1,-1,1,2,46,8,-1,-1,-1,-1,3,E01010669,0,1
2024340WN0682,2024,340WN0682,1,9,0,-1,19,4,8,-1,0,1,0,0,0,0,1,1,-1,6,1,-1,-1,-1,-1,-1,-1,-1,-1,0,-1
2024421448745,2024,421448745,1,11,0,-1,19,5,2,-1,0,4,2,9,3,0,3,1,-1,1,1,66,10,-1,-1,-1,-1,-1,-1,0,-1
2024010542742,2024,010542742,2,9,0,99,99,9,9,99,99,9,9,99,9,99,1,9,6,6,3,-1,-1,-1,-1,-1,-1,-1,-1,0,-1
2024201533659,2024,201533659,1,9,0,-1,5,2,6,-1,0,1,1,0,0,0,1,1,-1,8,1,37,7,-1,-1,-1,-1,5,E01004733,0,5
2024421523224,2024,421523224,2,19,0,-1,19,8,2,-1,0,8,0,0,0,0,0,1,-1,6,3,30,6,-1,-1,-1,-1,-1,-1,0,-1
2024340NN0522,2024,340NN0522,1,9,0,-1,19,4,8,-1,0,1,0,0,0,0,1,1,-1,6,3,-1,-1,-1,-1,-1,-1,-1,-1,0,-1
2024010533116,2024,010533116,1,1,9,99,99,9,9,99,99,9,9,99,9,99,9,1,2,2,1,31,6,-1,-1,-1,-1,5,E01035170,0,4
2024461464720,2024,461464720,2,1,0,-1,19,7,3,-1,0,2,0,0,0,0,3,1,-1,9,1,44,7,-1,-1,-1,-1,4,E01024293,0,1
2024031448523,2024,031448523,1,97,0,-1,19,8,7,-1,9,0,0,0,0,0,1,1,-1,6,1,14,3,-1,-1,-1,-1,-1,-1,0,-1
2024340NN3782,2024,340NN3782,1,9,0,-1,19,1,5,-1,0,0,0,0,0,0,1,1,-1,6,1,-1,-1,-1,-1,-1,-1,-1,-1,0,-1
2024411526514,2024,411526514,2,1,0,-1,19,1,5,-1,0,3,0,0,0,0,2,1,-1,6,1,52,8,-1,-1,-1,-1,-1,-1,0,-1
2024010493436,2024,010493436,2,9,0,99,99,9,9,99,99,6,9,99,9,99,1,9,6,6,2,-1,-1,-1,-1,-1,-1,-1,-1,0,-1
2024010493194,2024,010493194,1,1,9,99,99,9,9,99,99,9,9,99,9,99,9,1,2,2,2,54,8,-1,-1,-1,-1,6,E01002410,0,1
2024010500844,2024,010500844,1,1,9,99,99,9,9,99,99,9,9,99,9,99,9,1,2,2,1,22,5,-1,-1,-1,-1,2,E01002735,0,1
2024610014424,2024,610014424,1,9,0,13,13,5,2,0,0,1,0,0,1,0,1,1,1,1,1,59,9,-1,-1,-1,-1,2,W01001482,0,1
2024411399442,2024,411399442,3,9,0,-1,19,1,5,-1,0,0,0,0,0,0,2,9,-1,9,2,38,7,-1,-1,-1,-1,7,E01025757,0,5
2024201434992,2024,201434992,2,97,0,-1,19,8,2,-1,0,0,0,0,0,0,2,1,-1,2,1,46,8,-1,-1,-1,-1,2,E01009982,0,1
202460Q040873,2024,60Q040873,1,9,0,18,19,5,1,0,0,1,2,0,8,10,4,1,6,6,1,18,4,-1,-1,-1,-1,-1,-1,0,-1
2024101395578,2024,101395578,2,9,0,-1,19,7,4,-1,0,2,0,0,0,0,3,9,-1,6,2,50,8,-1,-1,-1,-1,1,E01008837,0,1
2024010491119,2024,010491119,2,9,0,99,99,9,9,99,99,9,9,99,9,99,9,9,6,6,3,-1,-1,-1,-1,-1,-1,-1,-1,0,-1
2024010488788,2024,010488788,2,9,0,99,99,9,9,99,99,9,9,99,9,99,9,9,6,6,2,48,8,-1,-1,-1,-1,-1,-1,0,-1
2024231460755,2024,231460755,1,1,0,-1,19,3,7,-1,0,6,0,0,0,0,1,1,-1,6,1,13,3,-1,-1,-1,-1,6,E01031033,0,1
2024010493266,2024,010493266,2,1,0,5,5,5,1,0,0,1,0,0,0,0,4,1,6,6,1,51,8,-1,-1,-1,-1,5,E01002894,0,1
2024440321006,2024,440321006,1,-1,0,18,19,3,7,9,9,0,0,0,0,0,1,1,6,6,1,21,5,-1,-1,-1,-1,2,E01017168,1,1
2024010550039,2024,010550039,2,1,9,99,99,9,9,99,99,9,9,99,9,99,9,9,6,6,3,-1,-1,-1,-1,-1,-1,5,E01003855,0,1
2024041509284,2024,041509284,2,9,0,-1,19,5,1,-1,0,0,0,0,0,0,2,1,-1,9,2,42,7,-1,-1,-1,-1,9,E01019179,0,4
2024221526363,2024,221526363,1,9,0,-1,19,3,7,-1,0,1,0,0,0,0,1,1,-1,6,3,24,5,-1,-1,-1,-1,-1,-1,0,-1
2024430092150,2024,430092150,2,1,0,18,19,5,1,0,0,8,0,0,0,0,1,1,6,6,1,21,5,-1,-1,-1,-1,-1,-1,0,-1