collision_index,collision_year,collision_ref_no,vehicle_reference,vehicle_type,towing_and_articulation,vehicle_manoeuvre_historic,vehicle_manoeuvre,vehicle_direction_from,vehicle_direction_to,vehicle_location_restricted_lane_historic,vehicle_location_restricted_lane,junction_location,skidding_and_overturning,hit_object_in_carriageway,vehicle_leaving_carriageway,hit_object_off_carriageway,first_point_of_impact,vehicle_left_hand_drive,journey_purpose_of_driver_historic,journey_purpose_of_driver,sex_of_driver,age_of_driver,age_band_of_driver,engine_capacity_cc,propulsion_code,age_of_vehicle,generic_make_model,driver_imd_decile,lsoa_of_driver,escooter_flag,driver_distance_banding
2024421461414,2024,421461414,2,1,0,-1,7,8,3,-1,0,1,0,0,0,0,1,1,-1,6,1,51,8,-1,-1,-1,-1,4,E01021636,0,1
2024122400945,2024,122400945,1,9,0,15,15,1,5,0,0,1,0,0,0,0,0,1,6,6,1,58,9,-1,-1,-1,-1,4,E01013353,0,1
2024010522946,2024,010522946,1,1,0,18,19,7,3,0,0,1,0,0,0,0,1,1,6,6,2,37,7,-1,-1,-1,-1,10,E01032638,0,1
2024010522627,2024,010522627,1,19,0,99,99,9,9,99,99,0,9,99,9,99,9,1,6,6,3,-1,-1,-1,-1,-1,-1,-1,-1,0,-1
2024010526893,2024,010526893,2,9,0,2,2,0,0,0,0,1,0,0,0,0,4,1,6,6,3,-1,-1,-1,-1,-1,-1,-1,-1,0,-1
2024010496347,2024,010496347,1,9,0,99,99,9,9,99,99,9,9,99,9,99,2,9,6,6,2,39,7,-1,-1,-1,-1,5,E01003700,0,4
2024141508094,2024,141508094,1,1,0,-1,19,8,4,-1,4,0,5,0,1,2,3,1,-1,9,1,65,9,-1,-1,-1,-1,4,E01007704,0,2
2024340WN0662,2024,340WN0662,1,9,0,-1,19,3,7,-1,0,4,0,0,7,11,3,1,-1,1,2,23,5,-1,-1,-1,-1,5,E01027179,0,1
2024540271424,2024,540271424,1,9,0,9,9,2,8,0,0,1,0,0,0,0,3,1,2,2,2,41,7,-1,-1,-1,-1,6,E01015579,0,2
2024061535139,2024,061535139,1,1,0,-1,19,-1,-1,-1,0,8,0,0,0,0,1,1,-1,2,1,22,5,-1,-1,-1,-1,1,E01005067,0,1
2024201488430,2024,201488430,2,1,0,-1,19,8,4,-1,0,8,0,0,0,0,4,1,-1,2,1,49,8,-1,-1,-1,-1,10,E01010150,0,2
2024052400877,2024,052400877,2,9,0,9,9,6,4,0,0,8,1,0,7,1,3,1,2,2,1,49,8,-1,-1,-1,-1,3,E01006681,0,2
2024010538129,2024,010538129,2,1,0,18,19,7,3,0,0,8,0,0,0,0,1,1,6,6,1,17,4,-1,-1,-1,-1,5,E01001928,0,2
2024010512949,2024,010512949,1,1,9,99,99,9,9,99,99,9,9,99,9,99,9,1,6,6,2,74,10,-1,-1,-1,-1,7,E01001290,0,1
2024351498530,2024,351498530,2,1,0,-1,5,2,6,-1,0,2,0,0,0,0,1,1,-1,6,1,31,6,-1,-1,-1,-1,-1,-1,0,-1
2024421395357,2024,421395357,1,9,0,-1,9,7,4,-1,0,8,0,0,0,0,3,1,-1,9,1,30,6,-1,-1,-1,-1,9,E01033614,0,1
2024122400480,2024,122400480,1,1,0,5,5,3,6,0,0,4,0,0,0,0,2,1,6,6,1,59,9,-1,-1,-1,-1,7,E01027661,0,1
2024440122480,2024,440122480,2,1,0,18,19,6,2,0,0,8,0,0,0,0,1,1,2,2,1,31,6,-1,-1,-1,-1,3,E01032751,0,3
2024010549692,2024,010549692,1,8,0,99,99,9,9,99,99,9,9,99,9,99,9,1,6,6,1,34,6,-1,-1,-1,-1,3,E01032729,0,4
2024101410929,2024,101410929,1,9,0,-1,19,2,6,-1,0,4,0,0,0,0,3,9,-1,6,1,-1,-1,-1,-1,-1,-1,-1,-1,0,-1
2024451398586,2024,451398586,2,9,0,-1,19,3,7,-1,0,0,0,0,0,0,0,9,-1,6,3,45,7,-1,-1,-1,-1,-1,-1,0,-1
2024010535931,2024,010535931,1,9,0,99,99,9,9,99,99,9,9,99,9,99,1,9,6,6,3,-1,-1,-1,-1,-1,-1,-1,-1,0,-1
2024421445416,2024,421445416,1,9,0,-1,4,6,2,-1,0,1,0,0,0,0,1,1,-1,9,2,28,6,-1,-1,-1,-1,3,E01021888,0,3
2024122401311,2024,122401311,2,1,0,18,19,8,3,0,0,3,0,0,0,0,4,1,6,6,1,19,4,-1,-1,-1,-1,6,E01013384,0,2
2024010499008,2024,010499008,1,1,9,99,99,9,9,99,99,9,9,99,9,99,1,1,6,6,1,20,4,-1,-1,-1,-1,2,E01004310,0,2
202417S410624,2024,17S410624,2,1,0,-1,9,2,8,-1,0,8,0,0,0,0,3,1,-1,9,1,18,4,-1,-1,-1,-1,9,E01012200,0,1
2024010492753,2024,010492753,1,9,0,99,99,9,9,99,99,0,9,99,9,99,2,1,6,6,3,-1,-1,-1,-1,-1,-1,-1,-1,0,-1
2024211525657,2024,211525657,1,9,0,-1,19,6,6,-1,0,0,0,0,0,0,2,1,-1,9,1,42,7,-1,-1,-1,-1,1,E01013590,0,4
202454A853124,2024,54A853124,2,19,0,16,19,7,2,0,0,0,0,0,0,0,4,1,6,6,1,68,10,-1,-1,-1,-1,9,E01031890,0,1
2024440069637,2024,440069637,1,22,0,18,19,8,4,0,0,8,0,0,0,0,1,1,6,6,2,65,9,-1,-1,-1,-1,9,E01022611,0,1
2024010490591,2024,010490591,2,19,0,18,19,3,7,0,0,1,0,0,0,0,1,1,6,6,1,20,4,-1,-1,-1,-1,7,E01004108,0,1
2024302401440,2024,302401440,1,9,0,5,5,3,7,9,9,1,0,0,0,0,1,1,6,6,3,-1,-1,-1,-1,-1,-1,5,E01019456,0,4
2024461498601,2024,461498601,2,9,0,-1,19,5,1,-1,0,1,0,0,0,0,1,1,-1,1,2,40,7,-1,-1,-1,-1,4,E01024087,0,1
2024501473140,2024,501473140,1,9,0,-1,19,2,6,-1,0,0,0,0,0,0,1,1,-1,1,1,44,7,-1,-1,-1,-1,2,E01019074,0,4
2024430507014,2024,430507014,2,-1,0,18,19,1,5,0,0,6,0,0,0,0,2,1,4,7,1,15,3,-1,-1,-1,-1,-1,-1,1,-1
2024010490979,2024,010490979,1,9,0,99,99,9,9,99,99,9,9,99,9,99,9,9,6,6,1,49,8,-1,-1,-1,-1,7,E01002939,0,1
2024461518143,2024,461518143,2,9,0,-1,4,5,1,-1,0,0,0,0,0,0,2,9,-1,6,2,31,6,-1,-1,-1,-1,2,E01024192,0,4
2024361410927,2024,361410927,1,19,0,-1,19,-1,-1,-1,0,2,0,0,0,0,4,1,-1,6,3,-1,-1,-1,-1,-1,-1,-1,-1,0,-1
2024211533111,2024,211533111,3,2,0,-1,19,1,5,-1,0,1,0,0,0,0,1,1,-1,2,1,18,4,-1,-1,-1,-1,3,E01029568,0,1
2024552500094,2024,552500094,1,19,0,18,19,6,2,9,9,6,0,0,0,0,1,1,6,6,3,-1,-1,-1,-1,-1,-1,-1,-1,0,-1
2024531484798,2024,531484798,1,9,0,-1,19,3,7,-1,0,0,0,0,0,0,0,1,-1,6,1,78,11,-1,-1,-1,-1,10,E01022197,0,3
2024440490229,2024,440490229,1,-1,0,18,19,1,5,9,9,1,0,0,0,0,1,1,2,2,3,-1,-1,-1,-1,-1,-1,-1,-1,1,-1
2024010495566,2024,010495566,1,1,9,99,99,9,9,99,99,9,9,99,9,99,9,1,6,6,3,44,7,-1,-1,-1,-1,9,E01003827,0,1
2024061528907,2024,061528907,2,98,0,-1,1,-1,-1,-1,99,0,0,0,1,99,2,1,-1,6,3,-1,-1,-1,-1,-1,-1,-1,-1,0,-1
2024041501248,2024,041501248,1,9,0,-1,19,7,1,-1,0,0,5,0,1,0,4,1,-1,9,2,28,6,-1,-1,-1,-1,7,E01024921,0,2
2024010543211,2024,010543211,2,1,0,18,19,5,1,0,0,0,0,0,0,0,4,1,6,6,2,55,8,-1,-1,-1,-1,3,E01001930,0,1
2024010524209,2024,010524209,2,1,0,17,19,7,4,0,0,8,5,0,0,0,1,1,6,6,1,39,7,-1,-1,-1,-1,3,E01003288,0,2
2024010534320,2024,010534320,2,1,9,99,99,9,9,99,99,6,9,99,9,99,9,1,6,6,3,-1,-1,-1,-1,-1,-1,4,E01003686,0,1
2024161513163,2024,161513163,1,1,0,-1,19,8,4,-1,5,2,2,0,0,0,1,1,-1,6,1,38,7,-1,-1,-1,-1,2,E01035481,0,1
2024311497470,2024,311497470,1,11,0,-1,4,1,5,-1,0,1,0,0,0,0,0,1,-1,1,1,48,8,-1,-1,-1,-1,-1,-1,0,-1
2024481563462,2024,481563462,2,1,0,-1,19,5,1,-1,0,1,0,0,0,0,4,1,-1,2,1,38,7,-1,-1,-1,-1,-1,-1,0,-1
2024010492277,2024,010492277,1,9,0,9,9,7,4,0,0,1,0,0,0,0,1,1,6,6,2,62,9,-1,-1,-1,-1,2,E01000020,0,1
2024010502923,2024,010502923,1,9,0,99,99,9,9,99,99,9,9,99,9,99,2,9,2,2,2,52,8,-1,-1,-1,-1,2,E01001257,0,1
2024010497178,2024,010497178,2,9,0,9,9,8,5,0,0,1,0,0,0,0,1,1,6,6,1,39,7,-1,-1,-1,-1,3,E01001744,0,2
2024201465223,2024,201465223,2,9,0,-1,13,6,2,-1,0,0,0,0,0,0,4,1,-1,6,3,-1,-1,-1,-1,-1,-1,-1,-1,0,-1
2024122400703,2024,122400703,2,19,0,5,5,7,3,0,0,0,0,0,0,0,2,1,2,2,1,53,8,-1,-1,-1,-1,5,E01027835,0,1
2024010545011,2024,010545011,2,1,0,18,19,7,3,4,4,8,0,0,0,0,1,1,6,6,1,26,6,-1,-1,-1,-1,2,E01004219,0,1
2024991444010,2024,991444010,2,1,0,-1,5,7,4,-1,0,8,0,0,0,0,1,1,-1,9,1,48,8,-1,-1,-1,-1,1,-1,0,1
2024201469186,2024,201469186,2,9,0,-1,5,8,4,-1,0,8,0,0,0,0,1,9,-1,1,2,46,8,-1,-1,-1,-1,2,E01010056,0,1
2024451539382,2024,451539382,2,99,-1,-1,-1,-1,-1,-1,-1,0,-1,-1,-1,0,-1,1,-1,6,1,30,6,-1,-1,-1,-1,-1,-1,0,-1
2024010489476,2024,010489476,1,9,0,9,9,4,2,0,0,5,0,0,0,0,3,1,1,1,2,42,7,-1,-1,-1,-1,3,E01003431,0,1
2024010512096,2024,010512096,2,1,0,5,5,7,3,0,0,0,0,10,0,0,2,1,6,6,1,52,8,-1,-1,-1,-1,4,E01004212,0,1
2024061410331,2024,061410331,2,1,-1,-1,-1,-1,-1,-1,-1,-1,-1,-1,-1,0,-1,1,-1,6,1,-1,-1,-1,-1,-1,-1,3,E01033661,0,1
2024010535096,2024,010535096,1,9,5,11,11,5,1,0,0,3,1,0,0,0,1,1,1,1,2,23,5,-1,-1,-1,-1,8,E01003845,0,1
2024461469465,2024,461469465,3,21,1,-1,19,6,2,-1,0,0,0,0,0,0,0,2,-1,1,1,18,4,-1,-1,-1,-1,-1,-1,0,-1
2024991489833,2024,991489833,2,1,0,-1,19,8,4,-1,0,1,0,0,0,0,2,1,-1,9,1,58,9,-1,-1,-1,-1,8,-1,0,2
2024991456011,2024,991456011,2,22,0,-1,19,5,1,-1,0,0,0,0,0,0,3,1,-1,6,2,60,9,-1,-1,-1,-1,3,-1,0,1
2024061436101,2024,061436101,2,1,0,-1,19,3,7,-1,0,1,0,0,0,0,1,1,-1,6,1,34,6,-1,-1,-1,-1,1,E01005205,0,1
2024010523965,2024,010523965,1,1,9,99,99,9,9,99,99,9,9,99,9,99,1,1,2,2,1,27,6,-1,-1,-1,-1,8,E01001913,0,1
2024522402722,2024,522402722,1,2,0,18,19,6,2,0,0,0,0,0,0,0,1,1,6,6,1,22,5,-1,-1,-1,-1,1,E01014800,0,1
2024010507424,2024,010507424,2,1,0,9,9,1,7,0,0,1,0,0,0,0,1,1,6,6,1,27,6,-1,-1,-1,-1,3,E01001557,0,2
2024161538816,2024,161538816,1,11,0,-1,19,2,6,-1,0,0,0,0,0,0,0,9,-1,1,1,37,7,-1,-1,-1,-1,2,E01027812,0,4
2024010489696,2024,010489696,2,19,9,99,99,9,9,99,99,6,0,99,9,99,9,9,6,6,1,-1,-1,-1,-1,-1,-1,-1,-1,0,-1
2024010492949,2024,010492949,2,9,0,99,99,9,9,99,99,1,9,99,9,99,9,9,6,6,3,-1,-1,-1,-1,-1,-1,-1,-1,0,-1
2024430253972,2024,430253972,1,-1,0,18,19,8,4,9,9,1,0,0,0,0,2,1,6,6,1,55,8,-1,-1,-1,-1,6,E01016212,1,1
2024010548686,2024,010548686,1,9,0,18,19,5,1,0,0,8,0,0,0,0,3,1,1,1,1,25,5,-1,-1,-1,-1,3,E01034144,0,2
2024471426724,2024,471426724,1,9,0,-1,4,6,2,-1,0,0,0,0,0,0,2,1,-1,9,1,60,9,-1,-1,-1,-1,-1,-1,0,-1
2024461428002,2024,461428002,2,9,0,-1,19,3,7,-1,0,0,0,0,0,0,4,9,-1,2,1,42,7,-1,-1,-1,-1,3,E01024795,0,4
2024440101091,2024,440101091,1,19,0,4,4,1,5,0,0,0,0,0,0,0,2,1,1,1,1,-1,-1,-1,-1,-1,-1,-1,-1,0,-1
2024440251939,2024,440251939,1,9,0,18,19,2,6,0,0,0,0,0,0,0,4,1,6,6,1,24,5,-1,-1,-1,-1,8,E01022718,0,2
2024010539393,2024,010539393,2,98,9,99,99,9,9,0,0,9,9,99,9,99,1,9,6,6,3,-1,-1,-1,-1,-1,-1,-1,-1,0,-1
2024371532092,2024,371532092,1,9,0,-1,19,7,3,-1,0,0,0,0,0,0,1,1,-1,1,1,53,8,-1,-1,-1,-1,6,E01030151,0,1
2024421518890,2024,421518890,1,9,0,-1,19,3,7,-1,0,4,0,0,0,0,4,1,-1,6,1,59,9,-1,-1,-1,-1,7,E01021902,0,2
2024010537498,2024,010537498,1,-1,0,18,19,4,8,9,9,0,0,0,0,0,0,1,6,6,1,30,6,-1,-1,-1,-1,2,E01004055,1,2
2024351530776,2024,351530776,1,9,0,-1,9,1,7,-1,0,0,0,0,0,0,3,1,-1,6,1,42,7,-1,-1,-1,-1,10,E01018284,0,1
2024531413019,2024,531413019,2,97,0,-1,14,5,1,-1,0,1,0,0,0,0,4,1,-1,9,1,36,7,-1,-1,-1,-1,6,E01032117,0,4
2024041463500,2024,041463500,1,9,0,-1,9,4,1,-1,0,1,0,0,0,0,1,1,-1,9,1,61,9,-1,-1,-1,-1,4,-1,0,5
2024351465630,2024,351465630,1,9,0,-1,13,1,5,-1,0,0,2,0,1,4,1,1,-1,9,1,22,5,-1,-1,-1,-1,5,E01026679,0,2
2024302400650,2024,302400650,1,9,0,17,19,1,4,0,0,1,0,0,0,0,1,1,1,1,1,-1,-1,-1,-1,-1,-1,5,E01019456,0,3
2024010512842,2024,010512842,2,1,9,11,11,9,9,99,99,5,9,99,9,99,9,1,6,6,2,-1,-1,-1,-1,-1,-1,2,E01004301,0,1
2024010526730,2024,010526730,1,1,9,99,99,9,9,99,99,9,9,99,9,99,1,1,2,2,1,35,6,-1,-1,-1,-1,7,E01003397,0,1
2024052400156,2024,052400156,1,9,0,18,19,7,3,0,0,0,1,0,0,0,1,1,6,6,1,27,6,-1,-1,-1,-1,2,E01004140,0,5
2024141528314,2024,141528314,2,1,0,-1,19,4,8,-1,0,1,0,0,0,0,1,1,-1,6,1,24,5,-1,-1,-1,-1,9,E01007581,0,2
2024061508163,2024,061508163,1,99,-1,-1,-1,-1,-1,-1,-1,0,-1,-1,-1,0,-1,9,-1,6,3,-1,-1,-1,-1,-1,-1,-1,-1,0,-1
2024991448407,2024,991448407,2,-1,0,-1,5,7,3,-1,0,1,0,0,0,0,1,1,-1,6,1,13,3,-1,-1,-1,-1,-1,-1,1,-1
2024991415184,2024,991415184,2,9,0,-1,19,7,3,-1,0,0,0,0,0,0,2,1,-1,9,1,46,8,-1,-1,-1,-1,8,-1,0,1
2024401539350,2024,401539350,1,9,0,-1,9,6,2,-1,0,1,0,0,0,0,1,1,-1,9,2,40,7,-1,-1,-1,-1,10,E01018245,0,2
2024010496787,2024,010496787,1,19,0,18,19,3,7,0,0,2,0,0,0,0,3,1,1,1,1,40,7,-1,-1,-1,-1,4,E01030710,0,4
2024430563502,2024,430563502,3,9,0,18,19,2,6,0,0,0,0,0,0,0,2,1,2,2,1,-1,-1,-1,-1,-1,-1,-1,-1,0,-1
2024122500319,2024,122500319,2,1,0,18,19,1,5,0,0,1,0,0,0,0,1,1,6,6,1,30,6,-1,-1,-1,-1,3,E01013445,0,1
2024010502361,2024,010502361,2,9,0,99,99,9,9,99,99,9,9,99,9,99,9,9,6,6,3,-1,-1,-1,-1,-1,-1,-1,-1,0,-1
2024501426691,2024,501426691,1,1,0,-1,19,5,1,-1,0,1,0,0,0,0,3,1,-1,2,1,17,4,-1,-1,-1,-1,4,E01019916,0,1
2024131465106,2024,131465106,1,9,0,-1,-1,-1,-1,-1,-1,0,-1,-1,-1,-1,-1,1,-1,6,3,-1,-1,-1,-1,-1,-1,-1,-1,0,-1
2024010490381,2024,010490381,1,9,0,18,19,7,3,0,0,2,0,0,1,0,1,1,6,6,1,57,9,-1,-1,-1,-1,10,E01021244,0,4
2024010493756,2024,010493756,1,9,0,99,99,9,9,99,99,9,9,99,9,99,2,9,6,6,1,26,6,-1,-1,-1,-1,9,E01002192,0,2
2024610048324,2024,610048324,1,9,0,18,19,7,3,0,0,1,0,0,0,0,1,1,6,6,1,17,4,-1,-1,-1,-1,1,W01001453,0,2
2024610057324,2024,610057324,3,9,0,3,3,6,2,0,0,1,0,0,0,0,2,1,6,6,2,30,6,-1,-1,-1,-1,2,W01001325,0,2
2024141473548,2024,141473548,2,1,0,-1,19,2,6,-1,9,0,0,0,0,0,2,1,-1,6,1,-1,-1,-1,-1,-1,-1,-1,-1,0,-1
2024010496244,2024,010496244,2,19,0,99,99,9,9,99,99,9,9,99,9,99,9,9,6,6,3,40,7,-1,-1,-1,-1,4,E01000722,0,3
2024010534598,2024,010534598,1,9,0,99,99,9,9,99,99,9,9,99,9,99,1,9,6,6,3,-1,-1,-1,-1,-1,-1,-1,-1,0,-1
2024201498623,2024,201498623,1,9,0,-1,9,2,8,-1,0,6,0,0,0,0,3,1,-1,6,1,31,6,-1,-1,-1,-1,8,E01023880,0,5
2024052400298,2024,052400298,1,1,0,18,19,3,7,0,0,0,0,4,0,0,1,1,6,6,1,-1,-1,-1,-1,-1,-1,-1,-1,0,-1
2024010506945,2024,010506945,1,8,0,18,19,5,1,2,2,0,0,0,0,0,1,1,6,6,3,-1,-1,-1,-1,-1,-1,-1,-1,0,-1
2024231482114,2024,231482114,2,1,0,-1,19,8,4,-1,0,8,0,0,0,0,4,1,-1,6,1,38,7,-1,-1,-1,-1,8,E01031236,0,1
2024201453514,2024,201453514,2,99,0,-1,19,8,4,-1,0,0,0,0,0,0,0,1,-1,6,3,25,5,-1,-1,-1,-1,-1,-1,0,-1
2024201510903,2024,201510903,2,1,0,-1,19,5,1,-1,0,0,5,0,0,0,3,1,-1,2,1,36,7,-1,-1,-1,-1,3,E01009296,0,1
2024501535479,2024,501535479,2,1,0,-1,19,3,7,-1,0,1,0,0,0,0,1,1,-1,6,1,48,8,-1,-1,-1,-1,6,E01015201,0,2
2024010498065,2024,010498065,1,1,9,99,99,9,9,99,99,0,9,99,9,99,9,1,2,2,1,28,6,-1,-1,-1,-1,10,E01000874,0,1
2024201414408,2024,201414408,2,9,0,-1,19,4,8,-1,0,0,0,0,0,0,3,1,-1,6,1,-1,-1,-1,-1,-1,-1,-1,-1,0,-1
2024052401963,2024,052401963,1,23,0,9,9,1,7,0,0,8,0,0,0,0,1,1,6,6,1,32,6,-1,-1,-1,-1,3,E01007302,0,1
2024451459352,2024,451459352,1,11,0,-1,3,1,5,-1,0,0,0,0,0,0,-1,2,-1,1,1,21,5,-1,-1,-1,-1,8,E01016609,0,2
2024010505718,2024,010505718,2,9,0,99,99,9,9,99,99,5,9,99,9,99,1,9,6,6,3,-1,-1,-1,-1,-1,-1,-1,-1,0,-1
2024010542945,2024,010542945,2,9,0,99,99,9,9,99,99,9,9,99,9,99,1,9,6,6,3,-1,-1,-1,-1,-1,-1,-1,-1,0,-1
2024131462664,2024,131462664,2,9,0,-1,19,5,1,-1,0,8,0,0,0,0,1,1,-1,1,1,31,6,-1,-1,-1,-1,5,E01011026,0,3
2024010491204,2024,010491204,2,9,0,99,99,9,9,99,99,9,9,99,9,99,9,9,6,6,3,-1,-1,-1,-1,-1,-1,-1,-1,0,-1
2024991426993,2024,991426993,1,9,0,-1,19,7,3,-1,0,0,1,0,1,7,1,1,-1,2,1,47,8,-1,-1,-1,-1,2,-1,0,2
2024531456542,2024,531456542,1,23,0,-1,19,6,2,-1,0,0,0,10,0,0,1,1,-1,6,1,18,4,-1,-1,-1,-1,10,E01022135,0,1
2024010498463,2024,010498463,1,1,9,99,99,9,9,99,99,0,9,99,9,99,9,1,6,6,1,19,4,-1,-1,-1,-1,3,E01003605,0,1
2024411404310,2024,411404310,1,1,0,-1,19,1,5,-1,9,0,0,0,0,0,1,1,-1,1,1,29,6,-1,-1,-1,-1,5,E01023869,0,1
2024440289551,2024,440289551,2,9,0,3,3,3,7,0,0,0,0,0,0,0,2,1,6,6,2,-1,-1,-1,-1,-1,-1,8,E01023109,0,2
2024991421330,2024,991421330,1,9,0,-1,19,1,4,-1,0,0,1,0,0,0,1,1,-1,1,1,46,8,-1,-1,-1,-1,-1,-1,0,-1
2024010494962,2024,010494962,1,10,0,5,5,0,5,0,0,1,0,0,0,0,1,1,6,6,3,-1,-1,-1,-1,-1,-1,-1,-1,0,-1
2024131534519,2024,131534519,1,98,0,-1,-1,-1,-1,-1,-1,-1,-1,-1,-1,-1,-1,1,-1,6,3,-1,-1,-1,-1,-1,-1,-1,-1,0,-1
2024451521890,2024,451521890,1,9,0,-1,19,3,1,-1,0,0,5,0,0,0,1,9,-1,6,-1,26,6,-1,-1,-1,-1,2,E01001056,0,1
2024311509038,2024,311509038,1,9,0,-1,19,2,5,-1,0,0,0,0,0,0,1,1,-1,6,1,59,9,-1,-1,-1,-1,5,E01033782,0,1
2024401537533,2024,401537533,1,21,1,-1,12,3,7,-1,0,0,0,0,0,0,1,2,-1,1,1,49,8,-1,-1,-1,-1,-1,-1,0,-1
2024411435235,2024,411435235,1,9,0,-1,3,2,4,-1,0,1,0,0,0,0,1,1,-1,6,2,35,6,-1,-1,-1,-1,7,E01023341,0,1
2024010521875,2024,010521875,2,1,9,99,99,9,9,99,99,0,9,99,9,99,1,1,6,6,1,-1,-1,-1,-1,-1,-1,8,E01000420,0,1
2024552401182,2024,552401182,2,1,0,18,19,7,3,0,0,8,0,0,0,0,1,1,4,7,1,22,5,-1,-1,-1,-1,-1,-1,0,-1
2024010520004,2024,010520004,2,1,0,18,19,1,5,0,0,1,0,0,0,0,3,1,1,1,1,33,6,-1,-1,-1,-1,-1,-1,0,-1
2024622400722,2024,622400722,1,19,0,18,19,3,7,0,0,0,2,0,5,6,1,1,6,6,1,86,11,-1,-1,-1,-1,8,W01001005,0,2
2024501509260,2024,501509260,1,9,0,-1,19,6,2,-1,0,0,5,0,7,4,1,1,-1,9,1,20,4,-1,-1,-1,-1,7,E01020281,0,1
2024010518582,2024,010518582,1,3,0,99,99,9,9,99,99,9,9,99,9,99,2,1,1,1,1,35,6,-1,-1,-1,-1,4,E01002620,0,2
2024440219537,2024,440219537,1,1,0,18,19,3,7,0,0,1,0,0,0,0,1,1,6,6,2,35,6,-1,-1,-1,-1,6,E01023028,0,3
2024141422250,2024,141422250,2,-1,0,-1,19,6,3,-1,0,1,0,0,0,0,1,9,-1,6,1,11,3,-1,-1,-1,-1,2,E01008053,1,1
2024991459974,2024,991459974,2,1,0,-1,19,2,6,-1,0,8,0,0,0,0,4,1,-1,2,2,45,7,-1,-1,-1,-1,8,-1,0,2
2024501453182,2024,501453182,2,1,0,-1,19,5,1,-1,0,8,0,0,0,0,4,1,-1,9,1,57,9,-1,-1,-1,-1,3,E01018869,0,1
2024430532710,2024,430532710,2,1,0,9,9,7,5,0,0,6,0,0,0,0,3,1,6,6,1,18,4,-1,-1,-1,-1,8,E01028592,0,1
2024061512532,2024,061512532,2,9,0,-1,19,1,4,-1,0,0,0,0,0,0,1,1,-1,6,1,-1,-1,-1,-1,-1,-1,-1,-1,0,-1
2024991441782,2024,991441782,1,5,0,-1,19,8,3,-1,0,0,1,0,0,0,3,1,-1,9,1,59,9,-1,-1,-1,-1,-1,-1,0,-1
2024471514119,2024,471514119,1,9,0,-1,6,1,1,-1,0,0,0,0,0,0,0,9,-1,6,3,-1,-1,-1,-1,-1,-1,-1,-1,0,-1
2024211486554,2024,211486554,1,9,0,-1,9,5,1,-1,0,2,0,0,0,0,4,1,-1,9,1,45,7,-1,-1,-1,-1,-1,-1,0,-1
2024311439606,2024,311439606,2,1,0,-1,19,5,1,-1,0,0,0,0,0,0,1,1,-1,9,1,39,7,-1,-1,-1,-1,-1,-1,0,-1
2024991449687,2024,991449687,2,9,0,-1,12,7,3,-1,0,0,0,0,0,0,2,9,-1,6,3,24,5,-1,-1,-1,-1,-1,-1,0,-1
2024622400764,2024,622400764,1,9,0,18,19,6,2,0,0,0,0,4,0,0,1,1,6,6,1,89,11,-1,-1,-1,-1,6,W01000949,0,3
2024340WN0032,2024,340WN0032,1,1,0,-1,6,8,8,-1,0,0,0,0,0,0,1,1,-1,1,1,18,4,-1,-1,-1,-1,1,E01027140,0,2
2024231515791,2024,231515791,1,9,0,-1,19,5,6,-1,0,4,0,0,0,0,1,9,-1,6,3,45,7,-1,-1,-1,-1,-1,-1,0,-1
2024552400723,2024,552400723,2,9,0,18,19,5,1,0,0,8,0,0,0,0,4,1,2,2,2,49,8,-1,-1,-1,-1,8,E01015332,0,1
2024991514335,2024,991514335,2,22,0,-1,19,4,8,-1,0,5,5,0,0,0,4,1,-1,9,2,65,9,-1,-1,-1,-1,1,-1,0,1
2024101430796,2024,101430796,1,9,0,-1,1,1,7,-1,0,0,0,0,0,0,2,1,-1,6,1,41,7,-1,-1,-1,-1,3,E01008396,0,1
2024501444174,2024,501444174,2,1,0,-1,19,2,6,-1,0,1,0,0,0,0,2,1,-1,2,2,32,6,-1,-1,-1,-1,4,E01015077,0,1
2024010495305,2024,010495305,1,3,9,99,99,9,9,99,99,9,9,99,9,99,9,1,1,1,1,35,6,-1,-1,-1,-1,8,E01004175,0,4
2024010551754,2024,010551754,3,9,0,5,5,0,4,0,0,1,0,0,0,0,4,1,6,6,3,-1,-1,-1,-1,-1,-1,-1,-1,0,-1
2024111524528,2024,111524528,3,9,0,-1,19,5,1,-1,0,0,0,0,0,0,1,1,-1,6,1,39,7,-1,-1,-1,-1,9,E01008863,0,3
2024070802744,2024,070802744,1,9,0,-1,19,7,3,-1,0,2,0,0,0,0,1,1,-1,2,1,55,8,-1,-1,-1,-1,10,E01018490,0,1
2024010513658,2024,010513658,1,9,0,18,19,7,3,0,0,8,0,0,0,0,1,9,6,6,3,-1,-1,-1,-1,-1,-1,-1,-1,0,-1
2024430116852,2024,430116852,2,9,0,18,19,1,5,9,9,0,0,0,0,0,1,1,6,6,1,31,6,-1,-1,-1,-1,-1,-1,0,-1
2024201514249,2024,201514249,2,1,0,-1,5,5,1,-1,0,0,0,0,0,0,1,1,-1,6,1,58,9,-1,-1,-1,-1,-1,-1,0,-1
2024010491881,2024,010491881,2,9,0,99,99,9,9,99,99,9,9,99,9,99,2,9,6,6,3,-1,-1,-1,-1,-1,-1,-1,-1,0,-1
2024332400939,2024,332400939,2,1,0,-1,19,3,7,-1,0,8,0,0,0,0,4,1,-1,6,1,30,6,-1,-1,-1,-1,9,E01029509,0,4
2024520402953,2024,520402953,2,1,0,18,19,5,1,9,9,1,0,0,0,0,1,1,6,6,1,28,6,-1,-1,-1,-1,2,E01029097,0,1
2024010491062,2024,010491062,2,9,0,9,9,3,1,0,0,1,0,0,0,0,0,1,1,1,1,25,5,-1,-1,-1,-1,7,E01021807,0,4
2024101459950,2024,101459950,1,2,0,-1,19,2,4,-1,0,1,0,0,0,0,1,1,-1,6,1,15,3,-1,-1,-1,-1,3,E01008532,0,1
2024010523673,2024,010523673,2,1,0,18,19,5,1,0,0,2,0,0,0,0,3,1,6,6,1,28,6,-1,-1,-1,-1,3,E01001764,0,1
2024302401197,2024,302401197,2,9,0,4,4,2,8,0,0,0,1,0,0,0,1,1,6,6,1,18,4,-1,-1,-1,-1,9,E01019618,0,2