collision_index,collision_year,collision_ref_no,vehicle_reference,vehicle_type,towing_and_articulation,vehicle_manoeuvre_historic,vehicle_manoeuvre,vehicle_direction_from,vehicle_direction_to,vehicle_location_restricted_lane_historic,vehicle_location_restricted_lane,junction_location,skidding_and_overturning,hit_object_in_carriageway,vehicle_leaving_carriageway,hit_object_off_carriageway,first_point_of_impact,vehicle_left_hand_drive,journey_purpose_of_driver_historic,journey_purpose_of_driver,sex_of_driver,age_of_driver,age_band_of_driver,engine_capacity_cc,propulsion_code,age_of_vehicle,generic_make_model,driver_imd_decile,lsoa_of_driver,escooter_flag,driver_distance_banding
2024010529806,2024,010529806,1,9,0,18,19,1,5,0,0,0,0,0,0,0,1,1,6,6,3,-1,-1,-1,-1,-1,-1,-1,-1,0,-1
2024101441002,2024,101441002,1,9,0,-1,19,3,7,-1,0,0,0,0,0,0,4,9,-1,6,2,-1,-1,-1,-1,-1,-1,-1,-1,0,-1
2024401407108,2024,401407108,1,9,0,-1,-1,-1,-1,-1,0,4,0,0,0,0,-1,9,-1,6,3,-1,-1,-1,-1,-1,-1,-1,-1,0,-1
2024201455236,2024,201455236,1,19,0,-1,19,6,2,-1,0,4,0,0,0,0,2,9,-1,6,3,-1,-1,-1,-1,-1,-1,-1,-1,0,-1
2024522500172,2024,522500172,2,9,0,18,19,8,4,0,0,4,0,0,0,0,1,1,6,6,3,-1,-1,-1,-1,-1,-1,-1,-1,0,-1
2024010523978,2024,010523978,1,1,9,18,19,7,3,4,4,9,9,99,9,99,9,1,2,2,1,47,8,-1,-1,-1,-1,10,E01003858,0,2
2024131497026,2024,131497026,1,9,0,-1,-1,-1,-1,-1,-1,-1,-1,-1,-1,-1,-1,1,-1,6,3,-1,-1,-1,-1,-1,-1,-1,-1,0,-1
2024481503981,2024,481503981,1,1,0,-1,19,3,7,-1,0,1,0,0,0,0,3,1,-1,2,1,30,6,-1,-1,-1,-1,-1,-1,0,-1
2024101513723,2024,101513723,1,23,0,-1,7,1,3,-1,9,1,0,0,0,0,4,1,-1,6,1,16,4,-1,-1,-1,-1,-1,-1,0,-1
2024010538734,2024,010538734,2,1,0,18,19,4,8,0,0,8,0,0,0,0,1,1,1,1,1,29,6,-1,-1,-1,-1,3,E01033934,0,1
2024010499945,2024,010499945,1,1,0,4,4,5,1,9,9,1,0,0,0,0,0,1,6,6,1,72,10,-1,-1,-1,-1,5,E01000224,0,1
2024010489434,2024,010489434,2,19,0,99,99,9,9,99,99,9,9,99,9,99,9,9,6,6,1,24,5,-1,-1,-1,-1,6,E01002998,0,1
2024351398870,2024,351398870,2,-1,0,-1,-1,-1,-1,-1,0,4,0,-1,-1,0,-1,1,-1,9,1,24,5,-1,-1,-1,-1,5,E01017960,1,1
2024421422376,2024,421422376,2,1,-1,-1,19,1,5,-1,0,0,0,0,0,0,3,1,-1,6,1,74,10,-1,-1,-1,-1,6,E01021768,0,2
2024010496744,2024,010496744,1,3,0,99,99,9,9,99,99,9,9,99,9,99,9,1,1,1,1,32,6,-1,-1,-1,-1,2,E01002072,0,3
2024061523648,2024,061523648,1,9,0,-1,11,6,2,-1,0,0,0,0,0,0,2,9,-1,6,3,18,4,-1,-1,-1,-1,-1,-1,0,-1
2024430043653,2024,430043653,1,-1,0,18,19,6,2,0,0,8,0,0,0,0,1,1,6,6,1,-1,-1,-1,-1,-1,-1,-1,-1,1,-1
2024320659432,2024,320659432,1,9,0,-1,-1,6,2,0,0,0,0,4,0,0,4,1,6,6,3,-1,-1,-1,-1,-1,-1,-1,-1,0,-1
2024471486540,2024,471486540,5,9,0,-1,2,0,0,-1,0,0,0,0,0,0,0,1,-1,6,-1,-1,-1,-1,-1,-1,-1,-1,-1,0,-1
2024010519341,2024,010519341,2,9,0,99,99,9,9,99,99,9,9,99,9,99,9,9,6,6,3,-1,-1,-1,-1,-1,-1,-1,-1,0,-1
2024052402196,2024,052402196,1,9,0,18,19,2,5,0,0,3,0,0,0,0,4,1,2,2,2,22,5,-1,-1,-1,-1,8,E01006407,0,3
2024440292397,2024,440292397,1,1,0,5,5,7,3,0,0,4,0,0,0,0,0,1,2,2,1,57,9,-1,-1,-1,-1,8,E01023076,0,1
2024351443571,2024,351443571,1,8,0,-1,99,-1,-1,-1,0,9,0,99,0,0,0,9,-1,6,3,-1,-1,-1,-1,-1,-1,-1,-1,0,-1
2024010521742,2024,010521742,1,1,9,9,9,9,9,99,99,9,9,99,9,99,2,1,6,6,1,36,7,-1,-1,-1,-1,5,E01003272,0,1
2024010528305,2024,010528305,1,1,9,99,99,9,9,99,99,0,9,99,9,99,9,1,2,2,1,56,9,-1,-1,-1,-1,5,E01001615,0,1
2024451410875,2024,451410875,2,9,0,-1,19,5,1,-1,0,0,0,0,0,0,4,1,-1,9,1,18,4,-1,-1,-1,-1,10,E01022874,0,1
2024122500188,2024,122500188,1,9,0,9,9,3,1,0,0,8,0,0,0,0,1,1,6,6,2,27,6,-1,-1,-1,-1,9,E01013414,0,1
2024302400656,2024,302400656,2,1,0,18,19,5,1,0,0,8,0,0,0,0,1,1,6,6,1,42,7,-1,-1,-1,-1,9,E01019659,0,3
2024131431927,2024,131431927,1,19,0,-1,7,-1,-1,-1,0,0,-1,-1,-1,0,-1,1,-1,6,3,-1,-1,-1,-1,-1,-1,-1,-1,0,-1
2024991471406,2024,991471406,1,98,1,-1,19,8,4,-1,0,1,0,0,0,0,4,1,-1,1,1,25,5,-1,-1,-1,-1,-1,-1,0,-1
2024010548608,2024,010548608,2,1,0,18,19,3,7,0,0,8,0,0,0,0,1,1,6,6,3,-1,-1,-1,-1,-1,-1,-1,-1,0,-1
2024451491049,2024,451491049,1,1,0,-1,-1,-1,-1,-1,-1,-1,-1,-1,-1,0,-1,1,-1,6,2,49,8,-1,-1,-1,-1,9,E01030552,0,1
2024430320786,2024,430320786,1,9,0,13,13,1,5,0,0,2,0,0,0,0,0,1,1,1,1,-1,-1,-1,-1,-1,-1,-1,-1,0,-1
2024131424609,2024,131424609,1,9,0,-1,9,1,5,-1,0,6,0,0,0,0,3,1,-1,9,2,46,8,-1,-1,-1,-1,2,E01010665,0,1
2024461528069,2024,461528069,2,1,0,-1,19,1,5,-1,0,1,0,0,0,0,1,1,-1,6,1,19,4,-1,-1,-1,-1,3,E01024099,0,1
2024430127312,2024,430127312,1,9,0,3,3,1,5,0,0,1,0,0,0,0,2,1,6,6,3,-1,-1,-1,-1,-1,-1,-1,-1,0,-1
2024332400978,2024,332400978,1,9,0,-1,19,9,9,-1,0,0,0,0,0,0,1,1,-1,6,3,-1,-1,-1,-1,-1,-1,-1,-1,0,-1
2024371492314,2024,371492314,1,9,0,-1,7,3,7,-1,0,1,5,10,0,0,4,1,-1,6,1,31,6,-1,-1,-1,-1,6,E01026649,0,2
2024201476969,2024,201476969,2,1,0,-1,3,7,3,-1,0,1,0,0,0,0,1,1,-1,9,1,48,8,-1,-1,-1,-1,1,E01009410,0,1
2024371504840,2024,371504840,2,1,0,-1,10,3,1,-1,0,1,5,0,0,0,1,1,-1,9,2,40,7,-1,-1,-1,-1,5,E01030275,0,1
2024201401079,2024,201401079,3,9,0,-1,19,6,2,-1,0,0,0,0,0,0,1,9,-1,9,2,36,7,-1,-1,-1,-1,3,E01009001,0,1
2024052400699,2024,052400699,2,3,0,9,9,3,1,0,0,3,0,0,0,0,4,1,2,2,2,22,5,-1,-1,-1,-1,1,E01007055,0,1
2024421422376,2024,421422376,1,9,0,-1,15,1,5,-1,0,0,0,0,0,0,3,9,-1,6,3,-1,-1,-1,-1,-1,-1,-1,-1,0,-1
2024201443396,2024,201443396,3,1,0,-1,4,2,6,-1,0,0,0,0,0,0,0,1,-1,6,-1,-1,-1,-1,-1,-1,-1,-1,-1,0,-1
2024010522537,2024,010522537,1,9,0,18,19,7,3,0,0,1,0,0,0,0,1,1,2,2,1,27,6,-1,-1,-1,-1,-1,-1,0,-1
2024361399172,2024,361399172,2,1,0,-1,19,1,5,-1,0,2,0,0,0,0,3,1,-1,6,1,16,4,-1,-1,-1,-1,6,E01026722,0,1
2024010496883,2024,010496883,1,11,0,5,5,1,5,2,2,1,0,0,0,0,0,1,1,1,1,38,7,-1,-1,-1,-1,2,E01003048,0,1
2024361497917,2024,361497917,1,9,0,-1,2,5,1,-1,0,2,0,4,0,0,1,9,-1,6,3,-1,-1,-1,-1,-1,-1,-1,-1,0,-1
2024430195912,2024,430195912,1,9,0,7,7,2,4,0,0,5,0,0,1,4,1,1,2,2,2,48,8,-1,-1,-1,-1,8,E01016805,0,3
2024010543482,2024,010543482,1,8,0,18,19,5,1,0,0,1,0,0,0,0,3,2,1,1,1,38,7,-1,-1,-1,-1,3,E01000948,0,1
2024010538466,2024,010538466,2,9,0,18,19,5,1,0,0,0,0,0,0,0,1,1,6,6,3,-1,-1,-1,-1,-1,-1,-1,-1,0,-1
202460Q082478,2024,60Q082478,4,9,0,18,19,7,3,0,0,1,0,0,0,0,1,1,6,6,2,38,7,-1,-1,-1,-1,-1,-1,0,-1
2024052401907,2024,052401907,2,9,0,18,19,2,6,0,0,1,0,0,0,0,1,1,6,6,1,37,7,-1,-1,-1,-1,1,E01006567,0,1
2024522401767,2024,522401767,2,1,0,18,19,4,8,2,2,8,0,0,0,0,1,1,6,6,1,47,8,-1,-1,-1,-1,7,E01014649,0,1
2024070526964,2024,070526964,1,9,0,18,19,2,6,0,0,8,0,0,0,0,1,1,6,6,3,-1,-1,-1,-1,-1,-1,-1,-1,0,-1
2024010500092,2024,010500092,1,1,0,5,5,5,1,0,0,1,5,0,0,0,1,1,2,2,1,43,7,-1,-1,-1,-1,2,E01003912,0,1
2024320719638,2024,320719638,2,1,0,-1,-1,3,8,0,0,8,5,0,0,0,4,1,-1,-1,1,59,9,-1,-1,-1,-1,2,E01026030,0,1
2024052400634,2024,052400634,1,9,0,9,9,7,5,0,0,8,0,0,0,0,3,1,6,6,1,52,8,-1,-1,-1,-1,9,E01007021,0,2
2024010494963,2024,010494963,1,8,0,17,19,5,1,0,0,1,0,0,1,4,1,1,6,6,1,49,8,-1,-1,-1,-1,9,E01004103,0,1
2024320169943,2024,320169943,2,1,0,14,14,2,6,0,0,1,5,0,0,0,2,1,-1,-1,1,49,8,-1,-1,-1,-1,2,E01026046,0,1
2024141491125,2024,141491125,1,11,0,-1,5,2,6,-1,0,0,0,0,0,0,3,1,-1,6,-1,-1,-1,-1,-1,-1,-1,-1,-1,0,-1
2024010512641,2024,010512641,1,1,9,99,99,9,9,99,99,9,9,99,9,99,9,1,2,2,1,49,8,-1,-1,-1,-1,6,E01002023,0,1
2024122400303,2024,122400303,1,9,0,9,9,6,4,0,0,6,0,0,0,0,3,1,1,1,1,54,8,-1,-1,-1,-1,6,E01033774,0,4
2024421501121,2024,421501121,1,9,0,-1,14,7,3,-1,0,2,0,0,0,0,4,1,-1,2,3,-1,-1,-1,-1,-1,-1,-1,-1,0,-1
2024101423701,2024,101423701,1,1,0,-1,19,6,1,-1,0,1,0,0,0,0,3,1,-1,1,1,20,4,-1,-1,-1,-1,-1,-1,0,-1
2024430463839,2024,430463839,1,-1,0,18,19,-1,-1,9,9,0,0,0,0,0,1,1,6,6,1,16,4,-1,-1,-1,-1,6,E01033500,1,1
2024010499529,2024,010499529,1,1,9,99,99,9,9,99,99,9,9,99,9,99,9,1,2,2,1,39,7,-1,-1,-1,-1,8,E01001985,0,1
2024070133077,2024,070133077,1,9,0,18,19,3,7,0,0,0,0,10,7,9,1,1,2,2,1,27,6,-1,-1,-1,-1,9,E01018537,0,1
2024401454912,2024,401454912,2,1,0,-1,19,6,2,-1,0,0,0,0,0,0,0,1,-1,6,1,18,4,-1,-1,-1,-1,4,E01015734,0,1
2024010502464,2024,010502464,3,9,0,2,2,0,0,0,0,0,0,0,0,0,1,1,6,6,3,-1,-1,-1,-1,-1,-1,-1,-1,0,-1
2024010536358,2024,010536358,2,9,0,99,99,9,9,99,99,9,9,99,9,99,1,9,6,6,3,-1,-1,-1,-1,-1,-1,-1,-1,0,-1
2024010510130,2024,010510130,1,1,0,18,19,2,6,0,0,1,0,0,0,0,0,1,4,7,1,19,4,-1,-1,-1,-1,2,E01001959,0,1
2024610011224,2024,610011224,2,9,0,18,19,2,6,0,0,8,0,0,0,0,1,1,6,6,1,20,4,-1,-1,-1,-1,8,W01001903,0,3
2024401422455,2024,401422455,1,9,0,-1,19,5,1,-1,0,1,0,0,0,0,1,9,-1,9,3,-1,-1,-1,-1,-1,-1,-1,-1,0,-1
2024010493031,2024,010493031,1,3,0,99,99,9,9,99,99,0,9,99,9,99,9,1,1,1,1,33,6,-1,-1,-1,-1,3,E01000499,0,3
2024201467426,2024,201467426,1,9,0,-1,19,5,1,-1,0,0,0,0,0,0,0,1,-1,1,2,57,9,-1,-1,-1,-1,1,E01008905,0,2
2024010518062,2024,010518062,1,1,0,18,19,7,3,0,0,1,0,0,0,0,2,1,6,6,1,24,5,-1,-1,-1,-1,4,E01004760,0,1
2024010493382,2024,010493382,3,9,0,9,9,3,1,0,0,6,0,0,0,0,0,1,2,2,1,52,8,-1,-1,-1,-1,8,E01033029,0,3
2024520403279,2024,520403279,1,4,0,18,19,2,6,0,0,0,0,0,0,0,4,1,6,6,1,25,5,-1,-1,-1,-1,4,E01029171,0,1
2024010496552,2024,010496552,2,9,9,99,99,9,9,99,99,9,9,99,9,99,9,9,6,6,3,-1,-1,-1,-1,-1,-1,-1,-1,0,-1
2024430502056,2024,430502056,2,1,0,18,19,8,4,0,0,0,0,0,0,0,3,1,6,6,1,13,3,-1,-1,-1,-1,4,E01016435,0,1
2024010543952,2024,010543952,1,1,9,18,19,9,9,99,99,9,9,99,9,99,1,1,6,6,1,26,6,-1,-1,-1,-1,6,E01004481,0,1
2024461509687,2024,461509687,1,20,1,-1,19,3,7,-1,0,1,0,0,0,0,1,2,-1,1,1,62,9,-1,-1,-1,-1,-1,-1,0,-1
2024052402671,2024,052402671,1,19,0,18,19,1,5,0,0,0,0,0,0,0,4,1,6,6,3,-1,-1,-1,-1,-1,-1,-1,-1,0,-1
2024221448985,2024,221448985,1,9,0,-1,19,8,4,-1,0,0,0,0,0,0,1,9,-1,6,1,74,10,-1,-1,-1,-1,-1,-1,0,-1
2024122400223,2024,122400223,2,9,0,16,19,2,5,0,0,0,0,0,0,0,1,1,1,1,1,31,6,-1,-1,-1,-1,8,E01027694,0,1
2024552401156,2024,552401156,1,9,0,18,19,4,8,0,0,0,0,0,0,0,1,1,6,6,3,-1,-1,-1,-1,-1,-1,-1,-1,0,-1
2024161424402,2024,161424402,1,-1,0,-1,19,1,5,-1,0,0,5,0,0,0,1,1,-1,6,1,9,2,-1,-1,-1,-1,2,E01013237,1,1
2024451497941,2024,451497941,2,90,0,-1,19,7,3,-1,0,0,0,0,0,0,4,1,-1,2,1,58,9,-1,-1,-1,-1,6,E01030649,0,1
2024010487095,2024,010487095,1,3,0,13,13,6,2,0,0,1,0,0,0,0,1,1,2,2,1,37,7,-1,-1,-1,-1,6,E01004474,0,1
2024010489207,2024,010489207,1,9,0,18,19,7,3,0,0,0,0,0,0,0,1,1,2,2,2,34,6,-1,-1,-1,-1,4,E01001323,0,2
2024122400399,2024,122400399,1,19,0,18,19,1,5,0,0,2,0,0,0,0,4,1,6,6,3,-1,-1,-1,-1,-1,-1,-1,-1,0,-1
2024501426985,2024,501426985,1,9,0,-1,19,6,1,-1,0,2,0,0,0,0,0,1,-1,9,1,20,4,-1,-1,-1,-1,7,E01020047,0,2
2024522403038,2024,522403038,1,1,0,18,19,1,5,0,0,8,0,0,0,0,3,1,6,6,1,55,8,-1,-1,-1,-1,2,E01014636,0,1
2024010489902,2024,010489902,1,9,0,99,99,9,9,99,99,0,9,99,9,99,1,9,6,6,1,76,11,-1,-1,-1,-1,6,E01001573,0,1
2024010536759,2024,010536759,2,-1,0,18,19,1,5,99,99,9,0,99,0,0,9,1,4,7,2,-1,-1,-1,-1,-1,-1,5,E01001194,1,1
2024101469187,2024,101469187,1,9,4,-1,9,6,4,-1,0,8,0,0,0,0,1,1,-1,6,1,32,6,-1,-1,-1,-1,3,E01008871,0,2
2024141442880,2024,141442880,2,1,0,-1,14,8,4,-1,0,1,0,0,0,0,1,1,-1,6,2,43,7,-1,-1,-1,-1,8,E01007423,0,1
2024520003031,2024,520003031,2,9,0,5,5,4,8,0,0,7,0,0,0,0,1,1,6,6,3,-1,-1,-1,-1,-1,-1,-1,-1,0,-1
2024421455450,2024,421455450,2,1,0,-1,19,5,1,-1,0,1,0,0,0,0,4,1,-1,9,1,64,9,-1,-1,-1,-1,8,E01021948,0,1
2024010526070,2024,010526070,1,1,0,4,4,7,3,0,0,1,0,0,0,0,2,1,2,2,1,44,7,-1,-1,-1,-1,9,E01030978,0,4
2024010542137,2024,010542137,1,1,9,99,99,9,9,99,99,9,9,99,9,99,9,1,6,6,2,63,9,-1,-1,-1,-1,4,E01001294,0,1
2024411505053,2024,411505053,1,1,0,-1,19,-1,-1,-1,0,0,0,0,0,0,3,1,-1,6,1,-1,-1,-1,-1,-1,-1,-1,-1,0,-1
2024010529342,2024,010529342,1,21,1,5,5,3,7,0,0,0,0,0,0,0,2,2,1,1,1,62,9,-1,-1,-1,-1,-1,-1,0,-1
2024010546342,2024,010546342,2,1,0,14,14,5,1,0,0,1,0,0,0,0,1,1,6,6,1,67,10,-1,-1,-1,-1,8,E01004703,0,1
2024061424563,2024,061424563,1,8,0,-1,5,7,3,-1,0,1,0,0,0,0,1,9,-1,1,1,-1,-1,-1,-1,-1,-1,-1,-1,0,-1
2024061434488,2024,061434488,1,9,0,-1,19,4,1,-1,0,1,0,0,0,0,-1,9,-1,6,2,-1,-1,-1,-1,-1,-1,-1,-1,0,-1
2024631400558,2024,631400558,1,9,0,-1,19,7,4,-1,0,0,5,11,2,10,1,1,-1,9,2,36,7,-1,-1,-1,-1,6,W01000689,0,1
2024010496335,2024,010496335,5,19,0,18,19,5,1,0,0,1,0,0,0,0,0,1,1,1,1,33,6,-1,-1,-1,-1,5,E01003666,0,3
2024010512421,2024,010512421,1,1,9,18,19,9,9,99,99,9,9,99,9,99,3,1,6,6,1,24,5,-1,-1,-1,-1,3,E01035668,0,1
2024141530369,2024,141530369,2,1,0,-1,19,7,3,-1,0,6,0,0,0,0,1,1,-1,6,1,11,3,-1,-1,-1,-1,1,E01007566,0,1
2024010522151,2024,010522151,2,19,0,99,99,9,9,99,99,9,9,99,9,99,9,9,6,6,3,-1,-1,-1,-1,-1,-1,-1,-1,0,-1
2024302400889,2024,302400889,2,11,0,2,2,0,0,0,0,0,0,0,0,0,0,1,1,1,3,-1,-1,-1,-1,-1,-1,5,E01019456,0,3
2024311397976,2024,311397976,2,9,0,-1,7,4,7,-1,0,4,0,0,0,0,1,9,-1,6,3,30,6,-1,-1,-1,-1,-1,-1,0,-1
2024440062606,2024,440062606,1,-1,0,18,19,7,3,0,0,1,0,0,0,0,0,1,6,6,1,24,5,-1,-1,-1,-1,3,E01017185,1,1
2024461520752,2024,461520752,2,9,0,-1,19,4,8,-1,0,1,0,0,0,0,3,1,-1,6,1,45,7,-1,-1,-1,-1,5,E01024198,0,3
2024340WN1512,2024,340WN1512,2,1,0,-1,19,6,2,-1,0,1,0,0,2,0,4,1,-1,9,1,58,9,-1,-1,-1,-1,4,E01027119,0,3
2024552401354,2024,552401354,2,1,0,18,19,6,2,0,0,5,0,0,0,0,1,1,6,6,2,38,7,-1,-1,-1,-1,6,E01015363,0,1
2024622400145,2024,622400145,1,9,0,18,19,4,8,0,0,1,0,4,0,0,1,1,6,6,1,79,11,-1,-1,-1,-1,1,W01001785,0,1
2024161394942,2024,161394942,2,-1,0,-1,19,5,1,-1,0,4,0,0,0,0,1,1,-1,9,1,54,8,-1,-1,-1,-1,1,E01012879,1,1
2024461484892,2024,461484892,2,9,0,-1,3,7,3,-1,0,0,0,0,0,0,2,1,-1,2,2,26,6,-1,-1,-1,-1,7,E01024521,0,1
202417H106324,2024,17H106324,1,9,0,-1,19,4,8,-1,0,0,0,0,0,0,4,1,-1,9,1,39,7,-1,-1,-1,-1,10,E01012303,0,4
2024461453716,2024,461453716,1,9,0,-1,7,-1,-1,-1,0,0,0,0,0,0,0,9,-1,6,3,-1,-1,-1,-1,-1,-1,-1,-1,0,-1
2024440499830,2024,440499830,1,1,0,16,19,6,2,0,0,0,0,0,0,0,1,1,6,6,1,72,10,-1,-1,-1,-1,8,E01022651,0,2
2024131416433,2024,131416433,1,11,0,-1,-1,-1,-1,-1,-1,0,-1,-1,-1,0,-1,1,-1,6,3,-1,-1,-1,-1,-1,-1,-1,-1,0,-1
2024371404665,2024,371404665,2,1,0,-1,19,2,6,-1,0,2,0,4,0,0,-1,1,-1,9,1,17,4,-1,-1,-1,-1,5,E01029970,0,1
2024041437470,2024,041437470,2,9,0,-1,19,5,1,-1,0,0,1,0,1,2,1,1,-1,6,1,80,11,-1,-1,-1,-1,2,E01025245,0,1
2024302401312,2024,302401312,2,1,0,12,12,3,6,0,0,0,0,0,1,0,1,1,6,6,1,50,8,-1,-1,-1,-1,5,E01019534,0,1
2024010493150,2024,010493150,1,9,0,4,4,3,7,0,0,8,0,0,0,0,2,1,2,2,1,52,8,-1,-1,-1,-1,2,E01034479,0,1
2024010491283,2024,010491283,2,9,0,99,99,9,9,99,99,9,9,99,9,99,9,9,6,6,3,-1,-1,-1,-1,-1,-1,-1,-1,0,-1
2024131516808,2024,131516808,1,1,0,-1,11,2,6,-1,0,0,5,0,1,0,4,1,-1,9,1,29,6,-1,-1,-1,-1,7,E01011413,0,1
2024010505239,2024,010505239,1,9,0,18,19,1,5,0,0,1,0,0,0,0,1,1,6,6,2,27,6,-1,-1,-1,-1,2,E01021315,0,4
2024010492893,2024,010492893,1,9,0,18,19,1,5,0,0,0,0,0,0,0,1,1,6,6,3,-1,-1,-1,-1,-1,-1,-1,-1,0,-1
2024540165424,2024,540165424,1,21,1,3,3,5,1,0,0,0,0,0,0,0,1,1,1,1,1,27,6,-1,-1,-1,-1,1,E01029100,0,4
2024031473540,2024,031473540,1,99,4,-1,19,1,5,-1,0,8,0,0,0,0,-1,1,-1,6,3,-1,-1,-1,-1,-1,-1,-1,-1,0,-1
2024010521359,2024,010521359,1,1,9,99,99,9,9,99,99,9,9,99,9,99,0,1,2,2,1,32,6,-1,-1,-1,-1,5,E01003186,0,1
2024010491573,2024,010491573,2,1,0,18,19,7,3,0,0,8,0,0,0,0,1,1,6,6,2,44,7,-1,-1,-1,-1,2,E01001815,0,1
2024010540753,2024,010540753,1,1,0,18,19,3,7,0,0,8,0,0,0,0,4,1,6,6,1,33,6,-1,-1,-1,-1,3,E01001338,0,3
2024101429739,2024,101429739,2,17,4,-1,9,1,6,-1,0,1,0,0,0,0,3,1,-1,1,1,37,7,-1,-1,-1,-1,4,E01027523,0,3
2024131457018,2024,131457018,1,9,0,-1,14,1,5,-1,0,8,0,0,0,0,0,9,-1,6,3,-1,-1,-1,-1,-1,-1,-1,-1,0,-1
2024201531315,2024,201531315,2,-1,0,-1,19,4,8,-1,0,1,0,0,0,0,1,1,-1,6,2,18,4,-1,-1,-1,-1,2,E01010472,1,1
2024311533242,2024,311533242,2,9,0,-1,19,1,1,-1,0,0,0,0,0,0,1,1,-1,9,1,20,4,-1,-1,-1,-1,-1,-1,0,-1
2024302400454,2024,302400454,3,9,0,9,9,1,7,0,0,8,0,0,0,0,4,1,6,6,2,28,6,-1,-1,-1,-1,5,E01019480,0,1
2024501396941,2024,501396941,3,9,0,-1,4,8,4,-1,0,0,0,0,0,0,2,1,-1,1,1,39,7,-1,-1,-1,-1,10,E01020001,0,4
2024141531484,2024,141531484,1,9,0,-1,9,3,7,-1,0,8,0,0,0,0,1,1,-1,9,1,49,8,-1,-1,-1,-1,2,E01028008,0,3
2024332400419,2024,332400419,2,1,0,-1,19,3,7,-1,0,0,0,0,1,0,2,1,-1,9,1,54,8,-1,-1,-1,-1,10,E01034101,0,4
2024010514224,2024,010514224,2,1,0,5,5,5,1,0,0,1,0,0,0,0,1,1,2,2,1,29,6,-1,-1,-1,-1,8,E01004586,0,1
2024010493411,2024,010493411,2,9,0,99,99,9,9,99,99,4,9,99,9,99,9,9,6,6,3,-1,-1,-1,-1,-1,-1,-1,-1,0,-1
2024010507450,2024,010507450,1,1,9,99,99,9,9,99,99,9,9,99,9,99,1,1,6,6,1,37,7,-1,-1,-1,-1,6,E01034578,0,1
2024141474350,2024,141474350,1,1,0,-1,19,5,1,-1,0,0,5,0,0,0,1,1,-1,9,1,40,7,-1,-1,-1,-1,1,E01007508,0,1
2024101536194,2024,101536194,3,-1,0,-1,19,7,3,-1,0,4,0,0,0,0,1,1,-1,6,1,17,4,-1,-1,-1,-1,2,E01008645,1,1
2024340NN4342,2024,340NN4342,1,9,0,-1,3,1,5,-1,0,0,0,0,0,0,1,1,-1,6,1,-1,-1,-1,-1,-1,-1,-1,-1,0,-1
2024010489730,2024,010489730,1,19,0,-1,-1,1,5,0,0,2,0,0,0,0,3,1,6,6,1,28,6,-1,-1,-1,-1,2,E01033581,0,3
2024421511099,2024,421511099,1,9,0,-1,19,7,3,-1,0,0,0,4,0,0,0,1,-1,9,1,33,6,-1,-1,-1,-1,2,E01021312,0,2
2024111437975,2024,111437975,2,16,0,-1,19,8,3,-1,0,0,0,10,0,0,0,1,-1,9,2,60,9,-1,-1,-1,-1,5,E01034511,0,1
2024332400151,2024,332400151,2,23,0,-1,19,3,7,-1,0,2,1,0,7,0,1,1,-1,9,1,29,6,-1,-1,-1,-1,8,E01025687,0,2
2024010487238,2024,010487238,1,9,0,18,19,5,1,0,0,8,0,0,0,0,2,1,6,6,1,38,7,-1,-1,-1,-1,1,E01002066,0,2
2024031489659,2024,031489659,1,9,0,-1,19,5,1,-1,0,0,1,0,0,0,1,1,-1,9,2,52,8,-1,-1,-1,-1,5,E01019090,0,1
2024010526988,2024,010526988,1,1,9,99,99,9,9,99,99,9,9,99,9,99,9,1,2,2,1,54,8,-1,-1,-1,-1,3,E01004402,0,1
2024131459591,2024,131459591,1,97,0,-1,7,-1,-1,-1,0,2,-1,-1,-1,-1,-1,1,-1,6,3,-1,-1,-1,-1,-1,-1,-1,-1,0,-1
2024010494773,2024,010494773,1,9,0,99,99,9,9,99,99,9,9,99,9,99,1,9,6,6,3,34,6,-1,-1,-1,-1,5,E01000255,0,3
2024131467546,2024,131467546,2,1,0,-1,19,5,1,-1,0,8,5,0,0,0,1,1,-1,7,2,13,3,-1,-1,-1,-1,6,E01011214,0,1
2024340NN1042,2024,340NN1042,1,-1,0,-1,19,1,5,-1,9,0,5,0,0,0,1,1,-1,6,2,-1,-1,-1,-1,-1,-1,-1,-1,1,-1
2024010497176,2024,010497176,1,9,0,18,19,7,3,0,0,0,0,0,0,0,1,1,6,6,1,79,11,-1,-1,-1,-1,10,E01023885,0,2
2024501493185,2024,501493185,2,1,0,-1,10,6,2,-1,0,0,0,0,7,0,3,1,-1,9,1,54,8,-1,-1,-1,-1,5,E01018820,0,2
2024401534026,2024,401534026,2,1,0,-1,-1,-1,-1,-1,-1,-1,-1,-1,-1,0,4,1,-1,9,1,50,8,-1,-1,-1,-1,7,E01017513,0,1
2024010551498,2024,010551498,1,19,0,7,7,9,9,99,99,9,9,99,9,99,9,9,6,6,3,-1,-1,-1,-1,-1,-1,-1,-1,0,-1
2024010491738,2024,010491738,2,9,0,99,99,9,9,99,99,9,9,99,9,99,1,9,6,6,3,-1,-1,-1,-1,-1,-1,-1,-1,0,-1
2024411427160,2024,411427160,1,9,-1,-1,19,5,1,-1,0,0,0,0,0,0,3,9,-1,6,3,-1,-1,-1,-1,-1,-1,-1,-1,0,-1
2024332401222,2024,332401222,1,-1,0,-1,19,7,3,-1,0,0,0,0,0,0,2,1,-1,9,1,14,3,-1,-1,-1,-1,5,E01013648,1,1
2024010494856,2024,010494856,1,19,0,1,1,7,3,0,0,2,0,0,0,0,2,1,1,1,1,55,8,-1,-1,-1,-1,9,E01002430,0,4
2024201580146,2024,201580146,1,23,0,-1,5,7,7,-1,0,2,0,0,1,0,1,1,-1,6,1,15,3,-1,-1,-1,-1,1,E01009367,0,1
2024010525569,2024,010525569,2,1,0,18,19,5,1,0,0,1,5,99,9,99,9,1,6,6,1,45,7,-1,-1,-1,-1,6,E01004002,0,2
2024101516129,2024,101516129,1,9,-1,-1,19,2,6,-1,0,1,0,0,0,0,1,9,-1,1,1,48,8,-1,-1,-1,-1,1,E01008829,0,1