collision_index,collision_year,collision_ref_no,vehicle_reference,vehicle_type,towing_and_articulation,vehicle_manoeuvre_historic,vehicle_manoeuvre,vehicle_direction_from,vehicle_direction_to,vehicle_location_restricted_lane_historic,vehicle_location_restricted_lane,junction_location,skidding_and_overturning,hit_object_in_carriageway,vehicle_leaving_carriageway,hit_object_off_carriageway,first_point_of_impact,vehicle_left_hand_drive,journey_purpose_of_driver_historic,journey_purpose_of_driver,sex_of_driver,age_of_driver,age_band_of_driver,engine_capacity_cc,propulsion_code,age_of_vehicle,generic_make_model,driver_imd_decile,lsoa_of_driver,escooter_flag,driver_distance_banding
2024320492932,2024,320492932,2,1,0,-1,-1,3,7,9,9,0,0,0,0,0,3,1,6,6,1,5,1,-1,-1,-1,-1,4,E01035537,0,4
2024302400143,2024,302400143,1,9,0,18,19,4,8,0,0,2,0,0,0,0,3,1,6,6,2,57,9,-1,-1,-1,-1,3,E01019496,0,2
2024430587329,2024,430587329,1,9,0,18,19,4,8,0,0,0,0,0,0,0,1,1,6,6,1,45,7,-1,-1,-1,-1,9,E01017649,0,4
2024332400081,2024,332400081,2,-1,0,-1,19,6,2,-1,0,6,0,0,0,0,1,1,-1,9,1,15,3,-1,-1,-1,-1,5,E01025863,0,1
2024531525117,2024,531525117,2,9,0,-1,19,3,7,-1,0,1,0,0,0,0,1,1,-1,6,2,32,6,-1,-1,-1,-1,8,E01022423,0,1
2024131507110,2024,131507110,2,9,0,-1,19,1,5,-1,0,0,0,0,0,0,3,1,-1,9,2,19,4,-1,-1,-1,-1,2,E01026049,0,5
2024421409110,2024,421409110,1,21,1,-1,19,6,2,-1,0,0,0,0,0,0,3,2,-1,1,1,57,9,-1,-1,-1,-1,-1,-1,0,-1
2024010491030,2024,010491030,1,9,0,2,2,9,9,99,99,1,9,99,9,99,2,9,6,6,2,27,6,-1,-1,-1,-1,4,E01002241,0,3
2024520002307,2024,520002307,2,9,9,99,99,9,9,0,0,0,0,0,0,0,9,9,6,6,3,-1,-1,-1,-1,-1,-1,-1,-1,0,-1
2024010541178,2024,010541178,2,1,0,18,19,5,1,0,0,2,0,0,0,0,4,1,6,6,1,19,4,-1,-1,-1,-1,3,E01001747,0,1
2024010488122,2024,010488122,1,9,0,99,99,9,9,99,99,0,9,99,9,99,9,9,6,6,3,-1,-1,-1,-1,-1,-1,-1,-1,0,-1
2024010491316,2024,010491316,2,5,0,17,19,7,3,0,0,1,2,0,0,0,4,1,6,6,1,39,7,-1,-1,-1,-1,-1,-1,0,-1
2024430592941,2024,430592941,1,90,0,18,19,1,5,0,0,4,-1,0,3,1,1,1,2,2,2,18,4,-1,-1,-1,-1,1,E01016842,0,2
2024221420705,2024,221420705,2,1,0,-1,19,8,5,-1,0,8,0,0,0,0,2,1,-1,6,2,72,10,-1,-1,-1,-1,8,E01028977,0,3
2024070977288,2024,070977288,2,1,9,-1,19,1,5,-1,0,6,0,0,9,99,9,1,-1,6,1,15,3,-1,-1,-1,-1,-1,-1,0,-1
2024161511045,2024,161511045,1,9,0,-1,19,6,2,-1,0,1,0,0,1,0,4,1,-1,9,1,24,5,-1,-1,-1,-1,3,E01013233,0,1
2024010524101,2024,010524101,1,1,0,18,19,1,5,0,0,1,0,12,0,0,0,1,6,6,1,37,7,-1,-1,-1,-1,1,E01001813,0,2
2024010492190,2024,010492190,1,98,0,5,5,5,1,0,0,2,0,0,0,0,1,1,6,6,3,-1,-1,-1,-1,-1,-1,-1,-1,0,-1
2024451536125,2024,451536125,1,9,0,-1,19,6,2,-1,0,0,0,0,0,0,1,2,-1,9,1,37,7,-1,-1,-1,-1,8,E01030302,0,1
2024052400413,2024,052400413,1,9,0,18,19,2,6,0,0,1,0,0,0,0,1,1,6,6,3,-1,-1,-1,-1,-1,-1,-1,-1,0,-1
2024010531019,2024,010531019,2,1,0,18,19,2,6,0,0,2,0,0,0,0,1,1,6,6,1,15,3,-1,-1,-1,-1,6,E01002849,0,1
2024201461737,2024,201461737,1,9,0,-1,19,2,6,-1,0,0,0,0,0,0,4,1,-1,6,1,30,6,-1,-1,-1,-1,5,E01009582,0,1
2024052401954,2024,052401954,1,1,0,18,19,8,4,0,0,0,0,0,0,0,1,1,6,6,1,25,5,-1,-1,-1,-1,1,E01006728,0,1
2024320369840,2024,320369840,2,1,0,-1,-1,6,2,0,0,8,5,0,0,0,4,1,6,6,1,22,5,-1,-1,-1,-1,2,E01026166,0,1
2024122400356,2024,122400356,1,9,0,9,9,3,1,0,0,5,0,0,0,0,1,1,2,2,2,18,4,-1,-1,-1,-1,9,E01027894,0,2
2024101440123,2024,101440123,1,19,0,-1,4,1,5,-1,0,8,0,0,0,0,1,9,-1,6,1,35,6,-1,-1,-1,-1,-1,-1,0,-1
2024461393694,2024,461393694,20,9,0,-1,4,4,8,-1,0,0,0,0,0,0,3,2,-1,9,1,50,8,-1,-1,-1,-1,-1,-1,0,-1
2024010489835,2024,010489835,1,3,9,99,99,9,9,99,99,9,9,99,9,99,9,1,6,6,3,37,7,-1,-1,-1,-1,5,E01001276,0,1
2024501491294,2024,501491294,2,9,0,-1,19,4,8,-1,0,0,0,0,0,0,3,1,-1,9,1,37,7,-1,-1,-1,-1,4,E01018825,0,3
2024231429943,2024,231429943,1,9,0,-1,19,8,4,-1,0,0,0,0,0,0,1,1,-1,9,1,39,7,-1,-1,-1,-1,10,E01032895,0,1
2024231396766,2024,231396766,1,9,0,-1,9,6,4,-1,0,8,0,0,0,0,1,1,-1,9,2,81,11,-1,-1,-1,-1,10,E01031175,0,1
2024471475490,2024,471475490,2,9,0,-1,19,3,6,-1,0,8,0,0,0,0,4,1,-1,1,2,64,9,-1,-1,-1,-1,4,E01029174,0,5
2024522402453,2024,522402453,1,1,0,18,19,1,5,2,2,8,0,0,0,0,1,1,6,6,1,23,5,-1,-1,-1,-1,10,E01014717,0,1
2024531485582,2024,531485582,1,1,0,-1,19,3,7,-1,0,4,0,0,0,0,4,1,-1,1,1,33,6,-1,-1,-1,-1,7,E01022277,0,3
2024501409919,2024,501409919,1,1,0,-1,19,1,5,-1,0,0,5,0,0,0,2,1,-1,9,1,21,5,-1,-1,-1,-1,5,E01034855,0,1
2024010527670,2024,010527670,2,9,0,11,11,9,9,99,99,9,9,99,9,99,9,9,6,6,2,-1,-1,-1,-1,-1,-1,-1,-1,0,-1
2024991503297,2024,991503297,1,9,0,-1,19,5,1,-1,0,4,0,0,0,0,3,1,-1,2,1,58,9,-1,-1,-1,-1,9,-1,0,1
2024010526220,2024,010526220,2,1,9,99,99,9,9,99,99,0,9,99,9,99,9,1,6,6,3,-1,-1,-1,-1,-1,-1,-1,-1,0,-1
2024461461526,2024,461461526,2,9,0,-1,19,3,7,-1,0,0,0,0,0,0,1,1,-1,9,2,35,6,-1,-1,-1,-1,5,E01024039,0,1
2024440042246,2024,440042246,1,19,0,7,7,3,5,0,0,8,0,0,0,0,1,1,6,6,1,-1,-1,-1,-1,-1,-1,-1,-1,0,-1
2024401465686,2024,401465686,2,1,0,-1,19,1,6,-1,0,0,0,0,0,0,1,1,-1,9,1,66,10,-1,-1,-1,-1,8,E01017441,0,4
2024010519224,2024,010519224,1,1,9,99,99,9,9,99,99,0,9,99,9,99,9,1,1,1,3,20,4,-1,-1,-1,-1,7,E01001867,0,2
2024061422398,2024,061422398,2,9,-1,-1,-1,-1,-1,-1,-1,-1,-1,-1,-1,0,-1,9,-1,6,1,-1,-1,-1,-1,-1,-1,5,E01004833,0,2
2024430597757,2024,430597757,1,9,0,18,19,4,8,0,0,1,0,0,0,0,1,1,6,6,1,-1,-1,-1,-1,-1,-1,-1,-1,0,-1
2024141532515,2024,141532515,2,1,0,-1,19,2,6,-1,0,1,0,0,0,0,1,1,-1,9,1,14,3,-1,-1,-1,-1,8,E01007898,0,1
2024302401064,2024,302401064,1,9,0,18,19,2,6,0,0,8,0,0,0,0,1,1,6,6,1,58,9,-1,-1,-1,-1,6,E01013529,0,1
2024010522781,2024,010522781,1,-1,0,18,19,3,7,0,0,8,0,0,0,0,0,1,6,6,1,14,3,-1,-1,-1,-1,3,E01002702,1,1
2024010521676,2024,010521676,2,1,0,14,14,1,5,0,0,1,0,0,0,0,1,1,6,6,1,37,7,-1,-1,-1,-1,9,E01004604,0,2
2024161527558,2024,161527558,2,9,0,-1,7,3,5,-1,0,6,0,0,0,0,1,1,-1,6,2,29,6,-1,-1,-1,-1,-1,-1,0,-1
2024010487965,2024,010487965,2,9,0,99,99,9,9,99,99,0,9,99,9,99,9,9,6,6,3,-1,-1,-1,-1,-1,-1,-1,-1,0,-1
2024010490268,2024,010490268,1,9,0,99,99,9,9,99,99,9,9,99,9,99,2,9,6,6,1,25,5,-1,-1,-1,-1,4,E01001329,0,2
2024401489605,2024,401489605,1,1,0,-1,5,7,3,-1,0,6,0,0,0,0,0,1,-1,6,1,45,7,-1,-1,-1,-1,1,E01015771,0,1
2024010491422,2024,010491422,1,3,0,99,99,9,9,99,99,9,9,99,9,99,9,1,6,6,1,32,6,-1,-1,-1,-1,3,E01004036,0,3
2024201460186,2024,201460186,4,9,0,-1,4,2,6,-1,0,0,0,0,0,0,1,1,-1,6,1,55,8,-1,-1,-1,-1,1,E01009335,0,1
2024371414723,2024,371414723,1,99,-1,-1,19,5,7,-1,0,4,0,0,0,0,1,9,-1,6,3,-1,-1,-1,-1,-1,-1,-1,-1,0,-1
2024421416998,2024,421416998,2,9,0,-1,-1,6,2,-1,-1,0,0,0,0,0,2,1,-1,-1,1,-1,-1,-1,-1,-1,-1,10,E01033968,0,4
2024052401374,2024,052401374,2,1,0,18,19,8,4,0,0,1,0,0,0,0,1,1,6,6,1,12,3,-1,-1,-1,-1,1,E01006964,0,1
2024010509400,2024,010509400,1,4,9,99,99,9,9,99,99,9,9,99,9,99,9,1,6,6,1,-1,-1,-1,-1,-1,-1,-1,-1,0,-1
2024430593028,2024,430593028,2,9,0,18,19,8,4,0,0,0,0,0,0,0,1,1,6,6,3,-1,-1,-1,-1,-1,-1,-1,-1,0,-1
2024461533056,2024,461533056,2,1,0,-1,19,1,5,-1,0,8,0,0,0,0,4,1,-1,2,1,31,6,-1,-1,-1,-1,1,E01024584,0,1
2024131480537,2024,131480537,1,9,0,-1,19,7,3,-1,9,8,0,11,0,0,1,1,-1,1,1,21,5,-1,-1,-1,-1,3,E01010914,0,1
2024141413793,2024,141413793,1,9,0,-1,19,1,5,-1,0,0,5,11,0,0,4,1,-1,6,1,47,8,-1,-1,-1,-1,7,E01014195,0,5
2024070741370,2024,070741370,2,1,0,-1,14,3,7,-1,0,0,0,0,0,0,3,1,-1,6,1,59,9,-1,-1,-1,-1,10,E01018653,0,1
2024440340418,2024,440340418,1,1,0,18,19,2,6,0,0,2,0,0,0,0,1,1,6,6,2,51,8,-1,-1,-1,-1,6,E01023075,0,1
2024481507940,2024,481507940,1,3,0,-1,19,5,1,-1,0,0,0,0,0,0,1,1,-1,6,1,40,7,-1,-1,-1,-1,-1,-1,0,-1
2024031497251,2024,031497251,1,9,0,-1,19,3,7,-1,0,1,0,0,0,0,1,1,-1,6,1,33,6,-1,-1,-1,-1,3,-1,0,3
2024451464458,2024,451464458,2,9,0,-1,19,5,1,-1,0,0,0,0,0,0,1,9,-1,6,1,20,4,-1,-1,-1,-1,-1,-1,0,-1
2024010495336,2024,010495336,2,9,0,99,99,9,9,99,99,9,9,99,9,99,1,9,6,6,3,35,6,-1,-1,-1,-1,5,E01003095,0,1
2024421437117,2024,421437117,1,9,0,-1,19,3,7,-1,0,0,0,0,0,0,2,1,-1,9,1,52,8,-1,-1,-1,-1,7,E01021434,0,2
2024411415858,2024,411415858,1,9,0,-1,-1,1,6,-1,0,0,-1,-1,-1,0,-1,9,-1,6,3,-1,-1,-1,-1,-1,-1,-1,-1,0,-1
2024010490300,2024,010490300,2,8,0,99,99,9,9,99,99,9,9,99,9,99,1,9,6,6,3,-1,-1,-1,-1,-1,-1,-1,-1,0,-1
2024401480405,2024,401480405,1,9,0,-1,19,8,4,-1,0,0,0,0,0,0,1,1,-1,6,1,55,8,-1,-1,-1,-1,4,E01027119,0,4
2024101480993,2024,101480993,2,1,0,-1,19,4,8,-1,0,8,5,0,0,0,4,1,-1,1,2,38,7,-1,-1,-1,-1,1,E01008575,0,2
2024411412364,2024,411412364,2,9,0,-1,19,1,5,-1,0,0,0,0,0,0,1,1,-1,6,1,65,9,-1,-1,-1,-1,7,E01023480,0,3
2024430232573,2024,430232573,2,1,0,17,19,1,7,0,0,8,0,0,0,0,2,1,2,2,1,23,5,-1,-1,-1,-1,9,E01028708,0,1
2024361498600,2024,361498600,2,1,-1,-1,19,-1,-1,-1,0,8,0,0,0,0,1,1,-1,9,1,11,3,-1,-1,-1,-1,2,E01033040,0,1
2024031442309,2024,031442309,2,1,0,-1,19,5,1,-1,0,1,0,0,0,0,1,1,-1,6,1,56,9,-1,-1,-1,-1,-1,-1,0,-1
2024010545007,2024,010545007,1,1,9,99,99,9,9,99,99,9,9,99,9,99,2,1,6,6,2,50,8,-1,-1,-1,-1,6,E01003085,0,1
2024421402075,2024,421402075,1,9,0,-1,19,5,1,-1,0,0,5,7,0,0,1,1,-1,9,1,23,5,-1,-1,-1,-1,5,E01021422,0,2
2024010545676,2024,010545676,2,1,0,17,19,1,5,0,0,0,0,0,0,0,1,1,4,7,1,16,4,-1,-1,-1,-1,7,E01000480,0,1
2024010512481,2024,010512481,1,1,9,99,99,9,9,99,99,1,9,99,9,99,1,1,2,2,1,52,8,-1,-1,-1,-1,7,E01004186,0,1
2024201520958,2024,201520958,1,1,0,-1,19,1,5,-1,9,0,0,0,0,0,1,1,-1,6,1,25,5,-1,-1,-1,-1,-1,-1,0,-1
2024545530624,2024,545530624,1,9,0,18,19,8,4,0,0,0,0,0,0,0,1,1,6,6,1,-1,-1,-1,-1,-1,-1,-1,-1,0,-1
2024320767224,2024,320767224,1,9,0,9,9,1,6,0,0,8,0,0,2,10,4,1,6,6,1,55,8,-1,-1,-1,-1,4,E01026057,0,2
2024430108330,2024,430108330,2,9,0,18,19,8,4,0,0,0,0,0,0,0,3,1,6,6,2,60,9,-1,-1,-1,-1,10,E01017651,0,1
2024141520874,2024,141520874,1,9,0,-1,4,3,7,-1,0,0,0,0,0,0,0,1,-1,6,-1,-1,-1,-1,-1,-1,-1,-1,-1,0,-1
2024010536361,2024,010536361,1,9,0,9,9,4,3,0,0,2,0,0,0,0,1,1,6,6,3,-1,-1,-1,-1,-1,-1,-1,-1,0,-1
2024522402625,2024,522402625,2,98,0,16,19,4,8,0,0,8,0,0,0,0,0,1,6,6,3,-1,-1,-1,-1,-1,-1,-1,-1,0,-1
2024010520044,2024,010520044,1,1,9,99,99,9,9,99,99,0,9,99,9,99,1,1,6,6,1,22,5,-1,-1,-1,-1,4,E01001153,0,1
2024991404119,2024,991404119,1,9,0,-1,12,7,3,-1,0,0,0,0,0,0,0,9,-1,6,3,40,7,-1,-1,-1,-1,-1,-1,0,-1
2024501450781,2024,501450781,1,19,0,-1,12,3,7,-1,0,0,0,0,0,0,0,1,-1,6,3,-1,-1,-1,-1,-1,-1,-1,-1,0,-1
2024010532984,2024,010532984,1,1,9,99,99,9,9,99,99,9,9,99,9,99,9,1,6,6,1,-1,-1,-1,-1,-1,-1,2,E01004321,0,1
2024010542828,2024,010542828,2,1,9,99,99,9,9,99,99,9,9,99,9,99,9,1,2,2,1,36,7,-1,-1,-1,-1,3,E01004471,0,1
2024302401693,2024,302401693,2,1,0,18,19,2,6,0,0,2,0,0,0,0,0,1,6,6,3,-1,-1,-1,-1,-1,-1,5,E01019456,0,3
2024010492655,2024,010492655,2,19,0,99,99,9,9,99,99,9,9,99,9,99,9,9,6,6,3,-1,-1,-1,-1,-1,-1,-1,-1,0,-1
2024010497313,2024,010497313,1,97,0,99,99,9,9,99,99,9,9,99,9,99,1,1,6,6,1,18,4,-1,-1,-1,-1,10,E01000276,0,1
2024010542578,2024,010542578,1,9,0,18,19,7,3,0,0,1,0,0,0,0,1,1,6,6,1,71,10,-1,-1,-1,-1,4,E01001359,0,1
2024520403060,2024,520403060,2,9,0,18,19,7,3,0,0,0,0,0,0,0,4,1,6,6,3,-1,-1,-1,-1,-1,-1,-1,-1,0,-1
2024411460777,2024,411460777,1,9,0,-1,5,8,4,-1,0,5,0,0,0,0,1,1,-1,6,1,58,9,-1,-1,-1,-1,6,E01023765,0,1
2024031498572,2024,031498572,1,8,-1,-1,19,5,1,-1,0,-1,0,0,0,0,4,9,-1,6,3,-1,-1,-1,-1,-1,-1,-1,-1,0,-1
2024041429509,2024,041429509,2,1,0,-1,19,3,7,-1,0,0,0,0,0,0,3,1,-1,7,1,15,3,-1,-1,-1,-1,1,E01025290,0,1
2024010518808,2024,010518808,1,97,9,99,99,9,9,99,99,0,9,99,9,99,9,1,6,6,3,-1,-1,-1,-1,-1,-1,-1,-1,0,-1
2024061458889,2024,061458889,2,1,0,-1,19,4,2,-1,0,0,0,0,0,0,2,1,-1,9,1,36,7,-1,-1,-1,-1,1,E01033330,0,1
2024311494831,2024,311494831,2,1,0,-1,19,1,5,-1,0,1,0,0,0,0,1,1,-1,2,2,25,5,-1,-1,-1,-1,-1,-1,0,-1
2024010523536,2024,010523536,2,9,0,99,99,9,9,99,99,0,9,99,9,99,1,9,6,6,3,-1,-1,-1,-1,-1,-1,-1,-1,0,-1
2024631505202,2024,631505202,3,9,0,-1,19,1,5,-1,0,1,0,0,0,0,0,1,-1,6,2,70,10,-1,-1,-1,-1,5,W01000539,0,1
2024552400687,2024,552400687,1,-1,0,9,9,2,8,0,0,1,0,0,0,0,1,1,6,6,2,12,3,-1,-1,-1,-1,7,E01015324,1,1
2024010549919,2024,010549919,2,19,0,99,99,9,9,99,99,9,9,99,9,99,1,9,6,6,3,-1,-1,-1,-1,-1,-1,2,E01004204,0,1
2024041474956,2024,041474956,1,98,0,-1,19,1,5,-1,0,0,0,0,0,0,-1,9,-1,6,3,-1,-1,-1,-1,-1,-1,-1,-1,0,-1
2024031402540,2024,031402540,1,-1,0,-1,19,3,6,-1,0,1,0,0,0,0,1,1,-1,6,1,10,2,-1,-1,-1,-1,1,E01019245,1,1
2024010525792,2024,010525792,2,9,0,99,99,9,9,0,0,9,9,99,9,99,1,9,6,6,3,-1,-1,-1,-1,-1,-1,-1,-1,0,-1
2024010491131,2024,010491131,1,9,0,99,99,9,9,99,99,0,9,99,9,99,2,9,6,6,1,64,9,-1,-1,-1,-1,9,E01000753,0,1
2024201439459,2024,201439459,1,9,0,-1,5,1,5,-1,0,0,0,0,0,0,1,1,-1,6,-1,-1,-1,-1,-1,-1,-1,-1,-1,0,-1
2024332400831,2024,332400831,2,1,0,-1,19,6,2,-1,0,0,0,0,2,0,3,1,-1,2,1,53,8,-1,-1,-1,-1,1,E01025699,0,1
2024010495238,2024,010495238,1,19,0,9,9,5,3,0,0,1,0,0,0,0,3,1,6,6,1,57,9,-1,-1,-1,-1,2,E01015735,0,4
2024332400230,2024,332400230,1,9,0,-1,3,5,1,-1,9,6,0,0,0,0,4,1,-1,2,2,43,7,-1,-1,-1,-1,7,E01025674,0,3
2024522403208,2024,522403208,1,9,0,7,7,1,4,0,0,6,0,0,0,0,1,1,6,6,1,34,6,-1,-1,-1,-1,6,E01014960,0,1
2024610049924,2024,610049924,1,23,0,18,19,5,1,0,0,0,0,4,0,0,1,1,6,6,1,33,6,-1,-1,-1,-1,4,W01001973,0,1
2024991503922,2024,991503922,2,1,0,-1,19,5,1,-1,0,8,0,0,0,0,3,1,-1,2,1,42,7,-1,-1,-1,-1,10,-1,0,2
2024010493665,2024,010493665,2,9,0,18,19,3,7,0,0,0,0,0,0,0,1,1,6,6,1,58,9,-1,-1,-1,-1,4,E01000035,0,1
2024161513498,2024,161513498,2,1,0,-1,19,3,7,-1,0,8,2,0,0,0,4,1,-1,6,1,11,3,-1,-1,-1,-1,4,E01013280,0,1
2024201530017,2024,201530017,1,9,0,-1,19,6,2,-1,0,8,0,0,0,0,4,1,-1,2,2,31,6,-1,-1,-1,-1,7,E01010138,0,1
2024010539161,2024,010539161,1,1,0,18,19,1,5,0,0,0,0,4,0,0,3,1,6,6,1,31,6,-1,-1,-1,-1,3,E01035495,0,1
2024411432966,2024,411432966,2,98,1,-1,19,1,5,-1,0,0,0,0,0,0,2,2,-1,1,1,40,7,-1,-1,-1,-1,-1,-1,0,-1
2024052402257,2024,052402257,1,-1,0,18,19,4,8,0,0,1,0,0,0,0,1,1,6,6,1,12,3,-1,-1,-1,-1,9,E01006796,1,1
2024411538148,2024,411538148,2,9,0,-1,10,1,5,-1,0,1,0,0,0,0,3,1,-1,6,1,61,9,-1,-1,-1,-1,7,E01023445,0,1
2024010501761,2024,010501761,2,9,0,99,99,9,9,99,99,5,9,99,9,99,1,9,6,6,3,-1,-1,-1,-1,-1,-1,3,E01004563,0,1
2024520403227,2024,520403227,1,9,0,18,19,2,6,0,0,2,0,0,0,0,4,1,6,6,3,-1,-1,-1,-1,-1,-1,-1,-1,0,-1
2024311395500,2024,311395500,2,9,0,-1,9,2,8,-1,0,8,0,0,0,0,4,1,-1,6,2,54,8,-1,-1,-1,-1,10,E01013465,0,4
2024430015267,2024,430015267,2,9,0,4,4,8,4,0,0,0,0,0,0,0,2,1,3,7,2,21,5,-1,-1,-1,-1,8,E01017692,0,3
2024141436038,2024,141436038,2,1,0,-1,19,1,5,-1,0,1,0,0,0,0,1,1,-1,2,1,29,6,-1,-1,-1,-1,4,E01008136,0,1
2024010532596,2024,010532596,2,1,0,15,15,5,1,9,9,1,1,0,0,0,1,1,2,2,2,25,5,-1,-1,-1,-1,2,E01004306,0,1
2024122400523,2024,122400523,1,21,1,18,19,1,5,0,0,8,0,0,0,0,3,1,6,6,3,-1,-1,-1,-1,-1,-1,-1,-1,0,-1
2024070024623,2024,070024623,2,9,0,18,19,3,7,0,0,0,0,0,0,0,2,1,6,6,1,77,11,-1,-1,-1,-1,10,E01018533,0,3
2024421404127,2024,421404127,2,1,0,-1,19,7,3,-1,0,0,0,0,0,0,4,1,-1,6,1,58,9,-1,-1,-1,-1,4,E01021602,0,1
2024010526170,2024,010526170,1,1,0,18,19,6,2,0,0,1,0,0,1,0,1,1,6,6,1,46,8,-1,-1,-1,-1,-1,-1,0,-1
2024522500358,2024,522500358,3,9,0,2,2,0,0,0,0,0,0,0,0,0,3,1,6,6,3,-1,-1,-1,-1,-1,-1,-1,-1,0,-1
2024201437879,2024,201437879,3,99,0,-1,15,2,6,-1,0,1,0,0,0,0,1,9,-1,9,3,-1,-1,-1,-1,-1,-1,-1,-1,0,-1
2024010501112,2024,010501112,1,1,0,99,99,9,9,99,99,9,9,99,9,99,2,1,6,6,1,25,5,-1,-1,-1,-1,5,E01002307,0,3
2024440070695,2024,440070695,1,9,0,18,19,1,5,0,0,2,0,0,0,0,1,1,6,6,3,-1,-1,-1,-1,-1,-1,-1,-1,0,-1
2024010535240,2024,010535240,1,11,0,99,99,9,9,99,99,9,0,0,0,0,1,1,6,6,3,-1,-1,-1,-1,-1,-1,-1,-1,0,-1
2024010526039,2024,010526039,1,1,9,99,99,9,9,99,99,9,9,99,9,99,1,1,2,2,1,28,6,-1,-1,-1,-1,3,E01003050,0,1
2024010540288,2024,010540288,1,1,0,18,19,7,3,4,4,1,0,0,0,0,1,1,6,6,1,24,5,-1,-1,-1,-1,-1,-1,0,-1
2024010521082,2024,010521082,1,1,0,15,15,1,5,3,2,0,0,8,0,0,1,1,2,2,1,58,9,-1,-1,-1,-1,5,E01003953,0,1
2024522401795,2024,522401795,2,9,0,5,5,3,7,0,0,4,0,0,0,0,1,1,6,6,1,-1,-1,-1,-1,-1,-1,-1,-1,0,-1
2024351467965,2024,351467965,2,98,1,-1,3,3,7,-1,0,0,0,0,0,0,2,1,-1,1,1,28,6,-1,-1,-1,-1,-1,-1,0,-1
2024991534781,2024,991534781,1,1,0,-1,9,4,2,-1,0,4,0,0,0,0,3,1,-1,9,1,67,10,-1,-1,-1,-1,1,-1,0,1
2024320381942,2024,320381942,1,9,0,18,19,1,5,0,0,1,0,0,1,1,1,1,-1,-1,2,75,10,-1,-1,-1,-1,6,E01026239,0,3
2024340WN5092,2024,340WN5092,1,-1,0,-1,19,3,7,-1,0,0,0,0,0,0,1,1,-1,6,1,12,3,-1,-1,-1,-1,5,E01027247,1,1
2024501472295,2024,501472295,2,9,0,-1,4,3,1,-1,0,0,0,0,0,0,1,9,-1,6,1,30,6,-1,-1,-1,-1,3,E01015056,0,2
2024451404905,2024,451404905,1,9,0,-1,19,1,5,-1,0,0,0,0,0,0,1,1,-1,2,1,64,9,-1,-1,-1,-1,9,E01030997,0,2
2024201498755,2024,201498755,1,3,0,-1,19,3,7,-1,0,8,0,0,0,0,1,1,-1,9,1,15,3,-1,-1,-1,-1,1,E01010410,0,1
2024430340277,2024,430340277,2,1,0,18,19,6,2,0,0,8,0,0,0,0,1,1,2,2,2,25,5,-1,-1,-1,-1,8,E01028545,0,1
2024010492215,2024,010492215,2,1,0,18,19,1,5,0,0,1,0,7,0,0,3,1,6,6,1,59,9,-1,-1,-1,-1,6,E01000339,0,1
2024141474677,2024,141474677,2,9,0,-1,-1,-1,-1,-1,-1,0,-1,-1,-1,0,-1,9,-1,6,3,-1,-1,-1,-1,-1,-1,-1,-1,0,-1
2024010527519,2024,010527519,2,1,0,5,5,0,7,0,0,2,0,0,0,0,4,1,6,6,2,29,6,-1,-1,-1,-1,3,E01035679,0,1
2024131484680,2024,131484680,1,9,0,-1,-1,-1,-1,-1,-1,-1,-1,-1,-1,-1,-1,1,-1,6,3,-1,-1,-1,-1,-1,-1,-1,-1,0,-1
2024131427529,2024,131427529,1,1,0,-1,19,7,3,-1,0,0,0,0,0,0,3,1,-1,6,1,64,9,-1,-1,-1,-1,6,E01010592,0,2
2024401539421,2024,401539421,1,9,0,-1,19,5,1,-1,0,0,0,0,0,0,1,1,-1,6,-1,36,7,-1,-1,-1,-1,7,E01015745,0,1
2024141493165,2024,141493165,1,97,0,-1,19,3,7,-1,0,0,0,0,0,0,1,1,-1,9,1,62,9,-1,-1,-1,-1,5,E01007669,0,3
2024520403119,2024,520403119,1,9,0,17,19,3,7,0,0,2,0,0,1,11,1,1,6,6,3,-1,-1,-1,-1,-1,-1,-1,-1,0,-1
2024010489010,2024,010489010,1,9,0,3,3,1,5,0,0,1,0,0,0,0,2,1,2,2,2,36,7,-1,-1,-1,-1,2,E01034149,0,2
2024340WN5802,2024,340WN5802,3,9,0,-1,3,1,5,-1,0,0,0,0,0,0,2,1,-1,6,3,-1,-1,-1,-1,-1,-1,-1,-1,0,-1
2024440046252,2024,440046252,1,21,1,12,12,4,8,0,0,8,0,0,0,0,3,1,1,1,1,28,6,-1,-1,-1,-1,-1,-1,0,-1
2024201426657,2024,201426657,1,9,0,-1,19,8,4,-1,0,1,0,0,0,0,1,9,-1,6,1,-1,-1,-1,-1,-1,-1,-1,-1,0,-1
2024141443392,2024,141443392,2,1,0,-1,19,8,5,-1,0,1,5,0,0,0,1,1,-1,9,1,50,8,-1,-1,-1,-1,3,E01007340,0,1
2024302401196,2024,302401196,1,1,0,17,19,7,3,0,0,0,0,0,0,0,4,1,6,6,2,58,9,-1,-1,-1,-1,10,E01018619,0,3
2024061510391,2024,061510391,2,1,0,-1,19,8,6,-1,0,1,0,0,0,0,1,1,-1,2,1,51,8,-1,-1,-1,-1,2,E01004972,0,1
2024131457656,2024,131457656,1,90,0,-1,19,1,5,-1,0,0,0,0,0,0,2,1,-1,6,1,16,4,-1,-1,-1,-1,7,E01011630,0,1
2024332400731,2024,332400731,1,1,0,-1,4,7,3,-1,0,1,0,0,0,0,3,1,-1,2,1,28,6,-1,-1,-1,-1,1,E01013640,0,1
2024320036664,2024,320036664,2,9,0,2,2,0,0,0,0,2,0,0,0,0,4,1,6,6,2,33,6,-1,-1,-1,-1,-1,-1,0,-1
2024010528377,2024,010528377,2,1,0,18,19,2,6,0,0,2,0,0,0,0,4,1,6,6,1,31,6,-1,-1,-1,-1,4,E01001903,0,2
2024332401016,2024,332401016,2,9,0,-1,19,5,1,-1,0,8,0,0,7,10,1,1,-1,6,1,21,5,-1,-1,-1,-1,4,E01013715,0,1
2024131530047,2024,131530047,2,9,0,-1,19,3,7,-1,0,0,0,0,0,0,0,1,-1,9,2,30,6,-1,-1,-1,-1,6,E01007526,0,4
2024340NN4332,2024,340NN4332,1,9,0,-1,9,1,7,-1,0,8,0,0,0,0,4,1,-1,6,3,-1,-1,-1,-1,-1,-1,-1,-1,0,-1