collision_index,collision_year,collision_ref_no,vehicle_reference,vehicle_type,towing_and_articulation,vehicle_manoeuvre_historic,vehicle_manoeuvre,vehicle_direction_from,vehicle_direction_to,vehicle_location_restricted_lane_historic,vehicle_location_restricted_lane,junction_location,skidding_and_overturning,hit_object_in_carriageway,vehicle_leaving_carriageway,hit_object_off_carriageway,first_point_of_impact,vehicle_left_hand_drive,journey_purpose_of_driver_historic,journey_purpose_of_driver,sex_of_driver,age_of_driver,age_band_of_driver,engine_capacity_cc,propulsion_code,age_of_vehicle,generic_make_model,driver_imd_decile,lsoa_of_driver,escooter_flag,driver_distance_banding
2024010502081,2024,010502081,1,97,0,18,19,1,5,9,9,0,0,10,0,0,1,1,6,6,3,-1,-1,-1,-1,-1,-1,-1,-1,0,-1
2024041468477,2024,041468477,2,90,0,-1,19,3,7,-1,0,2,0,0,0,0,2,1,-1,9,1,32,6,-1,-1,-1,-1,7,E01024999,0,2
2024010505511,2024,010505511,2,1,0,18,19,1,5,0,0,0,0,4,0,0,1,1,2,2,1,43,7,-1,-1,-1,-1,1,E01000105,0,1
2024332400747,2024,332400747,1,11,0,-1,19,5,1,-1,0,0,0,0,1,0,4,1,-1,6,3,-1,-1,-1,-1,-1,-1,-1,-1,0,-1
2024010535138,2024,010535138,1,23,0,18,19,5,1,0,0,8,0,0,0,0,1,1,6,6,1,23,5,-1,-1,-1,-1,2,E01003046,0,1
2024010503860,2024,010503860,2,8,0,99,99,9,9,99,99,9,9,99,9,99,9,9,6,6,3,-1,-1,-1,-1,-1,-1,-1,-1,0,-1
2024010496131,2024,010496131,2,9,0,99,99,9,9,99,99,9,9,99,9,99,9,9,6,6,3,-1,-1,-1,-1,-1,-1,7,E01004635,0,3
2024052402702,2024,052402702,1,9,0,9,9,2,6,0,0,8,0,0,0,0,1,1,6,6,3,-1,-1,-1,-1,-1,-1,-1,-1,0,-1
2024471521544,2024,471521544,2,1,0,-1,19,2,6,-1,0,8,0,0,0,0,1,1,-1,7,1,15,3,-1,-1,-1,-1,4,E01031671,0,1
2024010549789,2024,010549789,1,1,9,99,99,9,9,99,99,1,9,99,9,99,1,1,2,2,1,26,6,-1,-1,-1,-1,3,E01004125,0,3
2024201414537,2024,201414537,1,9,0,-1,13,2,7,-1,0,0,0,0,0,0,3,9,-1,6,3,-1,-1,-1,-1,-1,-1,-1,-1,0,-1
2024010498272,2024,010498272,2,9,0,99,99,9,9,99,99,9,9,99,9,99,9,9,6,6,3,-1,-1,-1,-1,-1,-1,-1,-1,0,-1
2024010496005,2024,010496005,1,9,0,9,9,5,3,0,0,0,0,0,0,0,1,1,6,6,2,43,7,-1,-1,-1,-1,3,E01000305,0,3
2024010488653,2024,010488653,2,1,0,9,9,1,7,0,0,1,0,0,0,0,2,1,6,6,1,26,6,-1,-1,-1,-1,3,E01002703,0,1
2024061451698,2024,061451698,2,9,0,-1,5,-1,-1,-1,0,1,0,0,0,0,1,1,-1,6,3,-1,-1,-1,-1,-1,-1,-1,-1,0,-1
2024361497442,2024,361497442,2,1,0,-1,19,1,7,-1,0,3,0,0,0,0,1,1,-1,6,1,43,7,-1,-1,-1,-1,7,E01026881,0,1
2024461450262,2024,461450262,1,1,0,-1,4,-1,-1,-1,5,0,0,0,0,0,3,1,-1,9,1,43,7,-1,-1,-1,-1,6,E01024692,0,1
2024311426108,2024,311426108,1,9,0,-1,19,4,8,-1,0,8,0,0,0,0,1,9,-1,6,1,-1,-1,-1,-1,-1,-1,-1,-1,0,-1
2024231486415,2024,231486415,1,9,0,-1,19,6,2,-1,0,0,0,0,6,6,1,9,-1,6,2,60,9,-1,-1,-1,-1,-1,-1,0,-1
2024520401181,2024,520401181,2,9,0,9,9,1,8,0,0,6,0,0,0,0,2,1,6,6,1,66,10,-1,-1,-1,-1,7,E01029262,0,1
2024421515705,2024,421515705,2,9,0,-1,4,5,1,-1,0,0,0,0,0,0,2,1,-1,1,1,46,8,-1,-1,-1,-1,5,E01021380,0,3
2024351471663,2024,351471663,1,9,0,-1,19,5,1,-1,0,3,0,10,1,1,1,1,-1,6,1,32,6,-1,-1,-1,-1,6,E01018190,0,1
2024010494105,2024,010494105,1,98,0,99,99,9,9,99,99,9,9,99,9,99,2,9,6,6,1,42,7,-1,-1,-1,-1,8,E01023910,0,3
2024010547988,2024,010547988,1,1,9,99,99,9,9,99,99,9,9,99,9,99,1,1,6,6,1,26,6,-1,-1,-1,-1,6,E01002698,0,1
2024440090279,2024,440090279,1,1,0,18,19,8,4,0,0,2,0,0,0,0,3,1,2,2,1,59,9,-1,-1,-1,-1,4,E01017020,0,1
2024010524034,2024,010524034,2,1,0,18,19,3,7,0,0,4,0,0,0,0,4,1,6,6,2,24,5,-1,-1,-1,-1,4,E01004628,0,4
2024501441989,2024,501441989,2,1,0,-1,19,6,2,-1,0,0,0,0,0,0,2,1,-1,6,1,85,11,-1,-1,-1,-1,3,E01019001,0,1
2024461452394,2024,461452394,1,97,0,-1,19,3,7,-1,0,0,0,0,0,0,1,1,-1,6,3,-1,-1,-1,-1,-1,-1,-1,-1,0,-1
2024010500508,2024,010500508,1,1,0,99,99,9,9,4,4,1,0,0,9,99,1,1,2,2,1,34,6,-1,-1,-1,-1,5,E01004375,0,1
2024221490524,2024,221490524,2,90,0,-1,15,3,7,-1,0,0,0,0,0,0,2,1,-1,6,1,66,10,-1,-1,-1,-1,2,E01019563,0,5
2024010543186,2024,010543186,3,9,0,99,99,9,9,99,99,9,9,99,9,99,2,9,6,6,3,-1,-1,-1,-1,-1,-1,7,E01000391,0,1
2024351462643,2024,351462643,2,1,-1,-1,-1,-1,-1,-1,-1,0,-1,-1,-1,0,-1,1,-1,2,1,48,8,-1,-1,-1,-1,5,E01033120,0,1
2024010508958,2024,010508958,2,9,0,99,99,9,9,99,99,9,9,99,9,99,9,9,6,6,3,-1,-1,-1,-1,-1,-1,-1,-1,0,-1
2024520000121,2024,520000121,1,9,0,18,19,3,7,0,0,0,0,0,0,0,1,2,6,6,1,80,11,-1,-1,-1,-1,-1,-1,0,-1
2024010512361,2024,010512361,2,1,0,18,19,1,5,0,0,8,0,0,0,0,4,1,6,6,1,55,8,-1,-1,-1,-1,4,E01034610,0,1
2024052402499,2024,052402499,1,9,0,17,19,5,2,0,0,2,0,0,0,0,3,1,6,6,3,-1,-1,-1,-1,-1,-1,-1,-1,0,-1
2024010544826,2024,010544826,2,9,0,5,5,7,3,0,0,1,0,0,0,0,1,1,6,6,1,37,7,-1,-1,-1,-1,4,E01003537,0,3
2024471442263,2024,471442263,2,1,0,-1,5,1,5,-1,0,8,5,0,0,0,4,1,-1,2,-1,37,7,-1,-1,-1,-1,1,E01016868,0,1
2024520402011,2024,520402011,2,1,0,18,19,5,8,0,0,8,0,0,0,0,3,1,6,6,3,-1,-1,-1,-1,-1,-1,-1,-1,0,-1
2024161474171,2024,161474171,1,9,0,-1,19,6,2,-1,0,0,0,0,0,0,4,9,-1,6,1,44,7,-1,-1,-1,-1,1,E01013083,0,4
2024332400569,2024,332400569,2,99,0,-1,6,6,6,-1,0,0,0,0,0,0,4,1,-1,6,3,-1,-1,-1,-1,-1,-1,-1,-1,0,-1
2024401427857,2024,401427857,3,9,0,-1,4,6,2,-1,0,0,0,0,0,0,2,1,-1,1,1,37,7,-1,-1,-1,-1,2,E01015720,0,1
2024201457549,2024,201457549,2,1,0,-1,19,2,6,-1,0,0,0,0,0,0,4,1,-1,7,1,15,3,-1,-1,-1,-1,4,E01008891,0,1
2024010532859,2024,010532859,1,1,9,99,99,9,9,99,99,9,9,99,9,99,9,1,6,6,1,45,7,-1,-1,-1,-1,4,E01003042,0,1
2024010516454,2024,010516454,1,1,9,99,99,9,9,99,99,9,9,0,0,0,9,1,6,6,1,-1,-1,-1,-1,-1,-1,-1,-1,0,-1
2024311479591,2024,311479591,2,1,0,-1,5,6,4,-1,0,0,0,0,0,0,0,1,-1,6,1,23,5,-1,-1,-1,-1,2,E01027986,0,2
2024052401993,2024,052401993,1,23,0,18,19,2,6,0,0,0,0,0,0,0,1,1,6,6,1,17,4,-1,-1,-1,-1,6,E01007183,0,1
202454C686824,2024,54C686824,1,9,0,18,19,2,6,0,0,2,0,0,0,0,1,1,6,6,3,-1,-1,-1,-1,-1,-1,-1,-1,0,-1
2024552400742,2024,552400742,2,1,0,18,19,8,4,0,0,8,0,0,0,0,3,1,6,6,1,53,8,-1,-1,-1,-1,6,E01015363,0,1
2024010545112,2024,010545112,2,1,0,18,19,7,3,0,0,1,0,0,3,0,1,1,6,6,1,18,4,-1,-1,-1,-1,6,E01001343,0,1
2024010500375,2024,010500375,2,9,0,99,99,9,9,99,99,9,9,99,9,99,1,9,6,6,3,-1,-1,-1,-1,-1,-1,-1,-1,0,-1
2024122400809,2024,122400809,2,1,0,5,5,5,1,0,0,0,0,0,0,0,2,1,6,6,1,24,5,-1,-1,-1,-1,9,E01013368,0,1
2024010513885,2024,010513885,1,1,9,99,99,9,9,99,99,9,9,99,9,99,2,1,2,2,1,41,7,-1,-1,-1,-1,8,E01033736,0,2
2024010547550,2024,010547550,1,9,0,1,1,5,1,0,0,0,0,0,0,0,2,1,6,6,3,-1,-1,-1,-1,-1,-1,-1,-1,0,-1
2024231460821,2024,231460821,1,23,0,-1,19,8,4,-1,0,1,0,0,0,0,1,1,-1,6,1,26,6,-1,-1,-1,-1,5,E01031311,0,1
2024451507215,2024,451507215,2,9,0,-1,4,7,3,-1,0,1,0,0,0,0,1,1,-1,9,1,33,6,-1,-1,-1,-1,6,E01023135,0,3
2024501400161,2024,501400161,2,1,0,-1,19,5,3,-1,0,0,0,0,0,0,1,1,-1,6,1,57,9,-1,-1,-1,-1,2,E01018860,0,1
2024201553053,2024,201553053,3,9,0,-1,2,0,0,-1,0,0,0,4,0,0,1,9,-1,6,-1,-1,-1,-1,-1,-1,-1,-1,-1,0,-1
2024010489737,2024,010489737,1,9,0,18,19,1,5,0,0,1,0,0,0,0,3,1,6,6,2,19,4,-1,-1,-1,-1,2,E01000091,0,2
2024461517346,2024,461517346,2,9,0,-1,2,0,0,-1,0,1,0,4,0,0,2,1,-1,9,1,55,8,-1,-1,-1,-1,9,E01016091,0,1
202417L100324,2024,17L100324,2,1,0,18,19,4,8,0,0,8,0,0,0,0,4,1,6,6,1,57,9,-1,-1,-1,-1,-1,-1,0,-1
2024010550299,2024,010550299,1,1,9,99,99,9,9,99,99,9,9,99,9,99,1,1,1,1,1,36,7,-1,-1,-1,-1,2,E01033879,0,1
2024052402337,2024,052402337,1,1,0,18,19,8,4,0,0,1,0,0,0,0,1,1,6,6,1,11,3,-1,-1,-1,-1,1,E01006676,0,1
2024101447918,2024,101447918,2,9,0,-1,19,8,4,-1,0,4,0,0,0,0,4,1,-1,6,1,23,5,-1,-1,-1,-1,-1,-1,0,-1
2024010511741,2024,010511741,2,90,0,99,99,9,9,99,99,9,9,99,9,99,1,9,6,6,3,-1,-1,-1,-1,-1,-1,-1,-1,0,-1
2024421405233,2024,421405233,1,19,0,-1,1,-1,-1,-1,0,0,0,0,0,0,-1,1,-1,6,1,-1,-1,-1,-1,-1,-1,8,E01022092,0,4
2024411406526,2024,411406526,2,9,0,-1,3,8,4,-1,0,4,0,0,0,0,2,1,-1,9,1,58,9,-1,-1,-1,-1,10,E01033609,0,3
2024531424001,2024,531424001,1,9,0,-1,19,1,5,-1,0,0,0,0,0,0,1,1,-1,2,1,25,5,-1,-1,-1,-1,5,E01034805,0,1
2024010516076,2024,010516076,1,9,0,16,19,7,3,0,0,2,0,0,0,0,2,1,6,6,3,-1,-1,-1,-1,-1,-1,-1,-1,0,-1
2024311410420,2024,311410420,2,1,0,-1,19,1,5,-1,0,8,2,11,1,0,1,1,-1,2,1,29,6,-1,-1,-1,-1,1,E01013921,0,1
2024471434998,2024,471434998,1,9,0,-1,19,3,7,-1,0,1,0,0,0,0,1,1,-1,2,1,49,8,-1,-1,-1,-1,5,E01021064,0,1
2024411498608,2024,411498608,1,9,0,-1,19,1,5,-1,0,1,0,0,0,0,4,1,-1,6,1,19,4,-1,-1,-1,-1,6,E01023801,0,1
2024010536302,2024,010536302,2,1,0,18,19,5,1,0,0,1,0,0,0,0,4,1,2,2,1,21,5,-1,-1,-1,-1,3,E01001860,0,1
2024542898724,2024,542898724,4,9,0,18,19,6,2,0,0,0,0,0,0,0,1,1,6,6,2,49,8,-1,-1,-1,-1,9,E01015451,0,4
2024111465463,2024,111465463,2,9,0,-1,13,2,6,-1,0,0,5,0,7,0,4,1,-1,1,1,18,4,-1,-1,-1,-1,5,E01020650,0,3
2024061408758,2024,061408758,2,1,0,-1,19,7,3,-1,0,1,0,0,0,0,1,1,-1,6,1,18,4,-1,-1,-1,-1,1,E01005187,0,1
2024010534896,2024,010534896,2,9,0,99,99,9,9,99,99,9,9,99,9,99,1,9,6,6,2,-1,-1,-1,-1,-1,-1,-1,-1,0,-1
2024010526878,2024,010526878,2,1,0,18,19,8,4,0,0,8,0,0,0,0,4,1,6,6,1,21,5,-1,-1,-1,-1,3,E01003960,0,2
2024010522962,2024,010522962,1,1,9,99,99,9,9,99,99,9,9,99,9,99,1,1,2,2,2,29,6,-1,-1,-1,-1,10,E01003403,0,1
2024461455663,2024,461455663,1,9,0,-1,19,5,8,-1,0,1,0,0,0,0,-1,9,-1,9,3,-1,-1,-1,-1,-1,-1,-1,-1,0,-1
2024520402169,2024,520402169,2,90,0,18,19,2,8,0,0,0,0,0,0,0,1,1,6,6,1,62,9,-1,-1,-1,-1,7,E01029158,0,1
2024061404915,2024,061404915,1,9,0,-1,19,2,6,-1,0,1,0,0,0,0,1,9,-1,6,2,39,7,-1,-1,-1,-1,1,E01006326,0,1
2024131535565,2024,131535565,1,-1,0,-1,19,1,5,-1,9,0,0,0,0,0,1,1,-1,9,2,33,6,-1,-1,-1,-1,2,E01032923,1,1
2024211504929,2024,211504929,1,90,0,-1,13,8,4,-1,5,1,0,0,0,0,1,1,-1,2,1,41,7,-1,-1,-1,-1,8,E01029860,0,3
2024440331747,2024,440331747,2,9,0,5,5,4,8,0,0,6,0,0,0,0,1,1,6,6,1,-1,-1,-1,-1,-1,-1,-1,-1,0,-1
2024131428665,2024,131428665,2,9,0,-1,19,6,2,-1,0,0,0,0,0,0,1,1,-1,9,2,56,9,-1,-1,-1,-1,7,E01011829,0,1
2024010553900,2024,010553900,1,1,0,5,5,1,5,0,0,9,0,0,0,0,0,1,6,6,1,56,9,-1,-1,-1,-1,4,E01001804,0,2
2024010535660,2024,010535660,1,19,0,99,99,9,9,99,99,9,9,99,9,99,1,9,6,6,3,-1,-1,-1,-1,-1,-1,-1,-1,0,-1
2024052400750,2024,052400750,1,5,0,6,6,1,1,0,0,0,0,0,0,0,2,1,6,6,1,21,5,-1,-1,-1,-1,3,E01003073,0,5
2024332400974,2024,332400974,1,9,0,-1,9,5,3,-1,0,6,0,0,0,0,1,1,-1,6,1,-1,-1,-1,-1,-1,-1,-1,-1,0,-1
2024070801426,2024,070801426,1,1,0,-1,7,1,5,-1,0,2,0,0,0,0,1,1,-1,6,1,11,3,-1,-1,-1,-1,10,E01018666,0,1
2024122400530,2024,122400530,1,9,0,18,19,5,1,0,0,2,0,0,0,0,1,1,6,6,3,-1,-1,-1,-1,-1,-1,-1,-1,0,-1
2024010512666,2024,010512666,2,9,9,12,12,9,9,99,99,9,9,99,9,99,9,9,6,6,3,-1,-1,-1,-1,-1,-1,-1,-1,0,-1
2024010516767,2024,010516767,2,9,0,99,99,9,9,99,99,9,9,99,9,99,1,9,6,6,3,-1,-1,-1,-1,-1,-1,-1,-1,0,-1
2024010503272,2024,010503272,2,9,9,99,99,9,9,99,99,9,9,99,9,99,9,9,6,6,3,-1,-1,-1,-1,-1,-1,-1,-1,0,-1
2024231436967,2024,231436967,2,1,0,-1,19,1,5,-1,9,8,0,0,0,0,1,1,-1,6,1,78,11,-1,-1,-1,-1,9,E01031251,0,1
2024010530701,2024,010530701,2,9,0,99,99,9,9,99,99,9,9,99,9,99,9,9,6,6,1,63,9,-1,-1,-1,-1,2,E01001979,0,1
2024070574413,2024,070574413,1,9,0,7,7,7,1,0,0,0,0,0,1,0,1,1,6,6,3,-1,-1,-1,-1,-1,-1,-1,-1,0,-1
2024010548680,2024,010548680,2,19,0,99,99,9,9,99,99,9,9,99,9,99,4,9,6,6,3,-1,-1,-1,-1,-1,-1,-1,-1,0,-1
2024471495034,2024,471495034,2,1,0,-1,9,5,3,-1,0,8,0,0,0,0,3,1,-1,6,1,62,9,-1,-1,-1,-1,2,E01021137,0,1
2024461460136,2024,461460136,1,9,0,-1,5,5,5,-1,0,0,0,0,0,0,3,9,-1,6,1,24,5,-1,-1,-1,-1,7,E01024350,0,4
2024010495724,2024,010495724,2,9,9,99,99,9,9,99,99,9,9,99,9,99,1,9,6,6,3,64,9,-1,-1,-1,-1,2,E01001161,0,1
2024010529457,2024,010529457,2,1,0,15,15,5,1,0,0,8,0,0,0,0,1,1,1,1,1,23,5,-1,-1,-1,-1,1,E01002713,0,1
2024010493275,2024,010493275,1,9,9,99,99,9,9,99,99,9,9,99,9,99,9,9,6,6,1,25,5,-1,-1,-1,-1,1,E01000105,0,2
2024211527952,2024,211527952,2,1,0,-1,19,8,4,-1,0,8,0,0,0,0,3,1,-1,2,1,20,4,-1,-1,-1,-1,4,E01029598,0,1
2024211490177,2024,211490177,1,9,0,-1,9,6,4,-1,0,1,0,0,0,0,1,1,-1,6,1,34,6,-1,-1,-1,-1,6,E01014351,0,1
2024332400096,2024,332400096,1,9,0,-1,19,4,8,-1,0,0,0,0,1,0,4,1,-1,6,1,66,10,-1,-1,-1,-1,7,E01013789,0,2
202417H102124,2024,17H102124,1,1,0,-1,19,5,1,-1,0,0,0,0,0,0,2,1,-1,9,1,64,9,-1,-1,-1,-1,7,E01011969,0,1
2024061398624,2024,061398624,2,9,0,-1,2,3,7,-1,0,0,0,0,1,10,2,1,-1,6,-1,-1,-1,-1,-1,-1,-1,-1,-1,0,-1
2024141439019,2024,141439019,3,9,0,-1,2,0,0,-1,9,1,0,0,0,0,0,1,-1,6,-1,-1,-1,-1,-1,-1,-1,-1,-1,0,-1
2024201395061,2024,201395061,2,1,0,-1,19,8,4,-1,0,3,0,0,0,0,2,1,-1,6,2,34,6,-1,-1,-1,-1,7,E01009039,0,1
2024010497919,2024,010497919,2,9,0,18,19,1,5,0,0,1,0,0,0,0,1,1,6,6,3,22,5,-1,-1,-1,-1,-1,-1,0,-1
2024010504971,2024,010504971,1,1,9,99,99,9,9,99,99,9,9,99,9,99,9,1,6,6,1,31,6,-1,-1,-1,-1,3,E01004422,0,1
2024320577038,2024,320577038,2,9,0,4,4,4,8,0,0,1,0,0,0,0,2,1,6,6,2,-1,-1,-1,-1,-1,-1,-1,-1,0,-1
2024010533231,2024,010533231,2,19,0,9,9,1,7,5,5,5,0,0,0,0,4,1,1,1,1,34,6,-1,-1,-1,-1,4,E01004453,0,3
2024440013796,2024,440013796,2,9,0,17,19,5,2,0,0,1,0,0,0,0,1,1,6,6,1,59,9,-1,-1,-1,-1,7,E01017351,0,1
2024440238960,2024,440238960,2,-1,0,18,19,3,7,0,0,0,0,0,0,0,4,1,4,7,1,16,4,-1,-1,-1,-1,9,E01034709,1,1
2024311492016,2024,311492016,1,9,0,-1,19,2,6,-1,0,0,0,0,0,0,4,1,-1,6,1,25,5,-1,-1,-1,-1,9,E01033780,0,1
2024010506747,2024,010506747,1,3,0,3,3,7,1,0,0,1,0,0,0,0,1,1,1,1,1,28,6,-1,-1,-1,-1,2,E01001110,0,1
2024451486113,2024,451486113,1,1,0,-1,19,5,3,-1,0,0,0,0,0,0,1,1,-1,6,1,26,6,-1,-1,-1,-1,7,E01002927,0,3
2024991475934,2024,991475934,2,9,0,-1,3,6,2,-1,0,0,0,0,0,0,2,1,-1,6,1,49,8,-1,-1,-1,-1,8,-1,0,2
2024010500898,2024,010500898,1,1,9,99,99,9,9,99,99,9,9,99,9,99,2,1,3,7,1,31,6,-1,-1,-1,-1,6,E01034579,0,1
2024010490070,2024,010490070,1,1,9,99,99,9,9,99,99,1,9,99,9,99,9,1,6,6,1,46,8,-1,-1,-1,-1,6,E01002636,0,1
2024461426812,2024,461426812,1,9,0,-1,19,5,1,-1,0,0,0,0,0,0,1,9,-1,6,3,-1,-1,-1,-1,-1,-1,-1,-1,0,-1
2024522401787,2024,522401787,1,1,0,18,19,5,1,0,0,8,0,0,0,0,4,1,6,6,1,35,6,-1,-1,-1,-1,6,E01015005,0,1
2024010490103,2024,010490103,1,1,0,99,99,9,9,99,99,9,9,99,9,99,9,9,6,6,3,-1,-1,-1,-1,-1,-1,-1,-1,0,-1
2024061471323,2024,061471323,1,97,0,-1,19,7,3,-1,0,1,0,4,0,0,1,1,-1,6,1,18,4,-1,-1,-1,-1,1,E01005123,0,1
2024201405475,2024,201405475,1,9,0,-1,19,7,1,-1,0,5,0,0,0,0,1,1,-1,6,1,-1,-1,-1,-1,-1,-1,-1,-1,0,-1
2024430399598,2024,430399598,1,21,0,18,19,4,8,0,0,0,0,0,0,0,4,1,1,1,1,56,9,-1,-1,-1,-1,3,E01003727,0,4
2024311501502,2024,311501502,2,1,0,-1,19,3,7,-1,0,1,0,0,0,0,1,1,-1,6,1,17,4,-1,-1,-1,-1,1,E01013826,0,1
2024991394106,2024,991394106,1,9,0,-1,7,1,4,-1,0,1,0,0,0,0,1,1,-1,6,3,-1,-1,-1,-1,-1,-1,-1,-1,0,-1
2024010514556,2024,010514556,2,1,0,18,19,1,5,4,4,8,0,0,0,0,1,1,6,6,1,39,7,-1,-1,-1,-1,1,E01001210,0,3
2024351537285,2024,351537285,1,9,-1,-1,-1,-1,-1,-1,-1,0,-1,-1,-1,0,-1,9,-1,6,2,-1,-1,-1,-1,-1,-1,-1,-1,0,-1
2024520401241,2024,520401241,1,5,0,18,19,6,2,0,0,8,0,0,0,0,1,1,6,6,1,52,8,-1,-1,-1,-1,6,E01022341,0,4
2024421488018,2024,421488018,2,9,0,-1,19,5,1,-1,0,8,0,0,0,0,1,1,-1,1,1,76,11,-1,-1,-1,-1,-1,-1,0,-1
2024991435424,2024,991435424,2,1,0,-1,19,3,7,-1,0,0,0,0,0,0,1,1,-1,9,1,61,9,-1,-1,-1,-1,8,-1,0,2
2024520500125,2024,520500125,2,22,0,18,19,7,3,0,0,1,0,0,0,0,4,1,6,6,2,64,9,-1,-1,-1,-1,5,E01029226,0,1
2024531461857,2024,531461857,2,1,0,-1,19,1,5,-1,0,0,2,0,1,0,1,1,-1,6,1,14,3,-1,-1,-1,-1,4,E01022243,0,1
2024010536560,2024,010536560,2,9,9,99,99,9,9,99,99,9,9,99,9,99,9,9,6,6,3,-1,-1,-1,-1,-1,-1,-1,-1,0,-1
2024041479478,2024,041479478,2,9,0,-1,-1,-1,-1,-1,-1,0,-1,-1,-1,0,-1,9,-1,6,3,-1,-1,-1,-1,-1,-1,-1,-1,0,-1
2024320410602,2024,320410602,2,1,0,-1,-1,2,6,0,0,0,5,0,1,0,0,1,6,6,1,55,8,-1,-1,-1,-1,6,E01026058,0,1
2024141412998,2024,141412998,2,1,0,-1,19,2,6,-1,0,1,0,0,0,0,2,1,-1,9,2,59,9,-1,-1,-1,-1,10,E01007939,0,1
2024371451585,2024,371451585,1,9,0,-1,19,1,5,-1,0,8,0,0,0,0,3,1,-1,6,1,32,6,-1,-1,-1,-1,8,E01016001,0,4
2024411544257,2024,411544257,2,9,0,-1,19,1,5,-1,0,0,0,0,0,0,2,1,-1,1,1,55,8,-1,-1,-1,-1,8,E01034434,0,4
2024131487394,2024,131487394,2,23,0,-1,19,7,3,-1,0,0,0,0,0,0,1,1,-1,6,2,39,7,-1,-1,-1,-1,1,E01011472,0,1
2024010490504,2024,010490504,1,1,9,99,99,9,9,99,99,0,9,99,9,99,1,1,2,2,2,29,6,-1,-1,-1,-1,6,E01002933,0,1
2024471476290,2024,471476290,2,1,0,-1,19,8,4,-1,0,0,5,0,0,0,4,1,-1,9,1,80,11,-1,-1,-1,-1,3,E01016922,0,1
2024461475815,2024,461475815,1,2,0,-1,19,7,3,-1,0,0,0,4,0,0,1,1,-1,6,3,-1,-1,-1,-1,-1,-1,-1,-1,0,-1
2024451450948,2024,451450948,2,9,0,-1,19,1,7,-1,0,0,0,0,0,0,1,1,-1,6,1,40,7,-1,-1,-1,-1,10,E01030863,0,1
2024010514938,2024,010514938,1,9,0,3,3,7,3,0,0,1,0,0,0,0,1,1,6,6,3,-1,-1,-1,-1,-1,-1,-1,-1,0,-1
2024622400221,2024,622400221,2,9,0,18,19,2,6,0,0,8,0,0,0,0,4,1,6,6,1,23,5,-1,-1,-1,-1,2,W01001862,0,1
2024131397668,2024,131397668,1,9,0,-1,-1,-1,-1,-1,-1,-1,-1,-1,-1,-1,-1,1,-1,6,3,-1,-1,-1,-1,-1,-1,2,E01010628,0,1
2024311505506,2024,311505506,1,9,0,-1,7,5,1,-1,0,8,0,0,0,0,1,1,-1,6,3,-1,-1,-1,-1,-1,-1,-1,-1,0,-1
2024302400159,2024,302400159,2,9,0,7,7,5,7,0,0,3,0,0,0,0,1,1,6,6,2,51,8,-1,-1,-1,-1,3,E01013474,0,2
2024010492160,2024,010492160,1,3,0,99,99,9,9,99,99,9,9,99,9,99,1,1,1,1,2,27,6,-1,-1,-1,-1,5,E01000636,0,1
2024451431633,2024,451431633,1,9,0,-1,5,7,3,-1,0,8,0,0,0,0,3,1,-1,2,1,30,6,-1,-1,-1,-1,8,E01030687,0,3
2024010527241,2024,010527241,1,1,9,99,99,9,9,99,99,9,9,99,9,99,9,1,6,6,1,32,6,-1,-1,-1,-1,3,E01000948,0,1
2024421408189,2024,421408189,1,19,0,-1,19,1,5,-1,0,0,0,0,0,0,1,1,-1,6,1,45,7,-1,-1,-1,-1,-1,-1,0,-1
2024041530444,2024,041530444,1,9,0,-1,19,7,3,-1,0,0,0,0,0,0,1,1,-1,2,1,27,6,-1,-1,-1,-1,8,E01034347,0,3
2024302400066,2024,302400066,2,1,0,17,19,2,6,0,0,8,0,0,0,0,2,1,2,2,1,53,8,-1,-1,-1,-1,5,E01034647,0,1
2024010532868,2024,010532868,1,9,0,99,99,9,9,99,99,9,9,99,9,99,1,9,6,6,3,49,8,-1,-1,-1,-1,4,E01004028,0,1
2024552401210,2024,552401210,3,21,1,18,19,5,1,0,0,0,0,0,0,0,0,1,1,1,3,-1,-1,-1,-1,-1,-1,-1,-1,0,-1
2024411463886,2024,411463886,1,9,0,-1,4,3,5,-1,0,8,0,0,0,0,1,1,-1,1,2,27,6,-1,-1,-1,-1,10,E01023851,0,2
2024010551110,2024,010551110,1,11,9,99,99,9,9,99,99,9,9,99,9,99,9,1,6,6,3,-1,-1,-1,-1,-1,-1,-1,-1,0,-1
2024430084334,2024,430084334,2,1,0,7,7,3,5,0,0,8,0,0,0,0,2,1,1,1,1,18,4,-1,-1,-1,-1,10,E01035755,0,2
2024010493793,2024,010493793,1,-1,9,99,99,9,9,99,99,9,9,99,0,0,9,9,6,6,3,-1,-1,-1,-1,-1,-1,-1,-1,1,-1
2024010511842,2024,010511842,2,1,0,7,7,7,1,0,0,6,5,0,0,0,1,1,6,6,1,26,6,-1,-1,-1,-1,6,E01035491,0,2
2024010529273,2024,010529273,1,1,9,99,99,9,9,99,99,1,9,99,9,99,1,1,2,2,1,48,8,-1,-1,-1,-1,5,E01003034,0,1
2024010523525,2024,010523525,1,19,0,99,99,9,9,99,99,5,9,99,9,99,9,9,6,6,3,-1,-1,-1,-1,-1,-1,-1,-1,0,-1
2024010503657,2024,010503657,2,1,0,5,5,5,1,0,0,1,0,0,1,0,4,1,6,6,1,35,6,-1,-1,-1,-1,9,E01004692,0,1
2024430302634,2024,430302634,1,1,0,18,19,5,1,0,0,8,0,0,0,0,1,1,6,6,2,16,4,-1,-1,-1,-1,7,E01016331,0,1
2024221451839,2024,221451839,1,9,0,-1,19,7,3,-1,0,0,0,0,0,0,1,9,-1,6,1,24,5,-1,-1,-1,-1,4,E01029638,0,4
2024320091134,2024,320091134,1,9,0,9,9,4,1,0,0,5,0,0,0,0,1,1,6,6,1,-1,-1,-1,-1,-1,-1,-1,-1,0,-1
2024421521243,2024,421521243,1,3,0,-1,13,1,5,-1,0,0,0,0,1,0,1,1,-1,6,3,-1,-1,-1,-1,-1,-1,-1,-1,0,-1
2024010490836,2024,010490836,1,3,9,18,19,5,1,0,0,0,9,0,0,0,2,1,1,1,1,30,6,-1,-1,-1,-1,5,E01003685,0,3