collision_index,collision_year,collision_ref_no,vehicle_reference,vehicle_type,towing_and_articulation,vehicle_manoeuvre_historic,vehicle_manoeuvre,vehicle_direction_from,vehicle_direction_to,vehicle_location_restricted_lane_historic,vehicle_location_restricted_lane,junction_location,skidding_and_overturning,hit_object_in_carriageway,vehicle_leaving_carriageway,hit_object_off_carriageway,first_point_of_impact,vehicle_left_hand_drive,journey_purpose_of_driver_historic,journey_purpose_of_driver,sex_of_driver,age_of_driver,age_band_of_driver,engine_capacity_cc,propulsion_code,age_of_vehicle,generic_make_model,driver_imd_decile,lsoa_of_driver,escooter_flag,driver_distance_banding
2024131432547,2024,131432547,1,9,0,-1,19,3,7,-1,0,0,-1,-1,-1,-1,1,1,-1,6,3,-1,-1,-1,-1,-1,-1,-1,-1,0,-1
2024991418923,2024,991418923,1,9,0,-1,15,5,1,-1,0,1,0,0,0,0,1,1,-1,6,1,32,6,-1,-1,-1,-1,6,-1,0,2
2024501437161,2024,501437161,1,9,0,-1,19,1,5,-1,0,0,0,11,0,0,1,1,-1,6,2,78,11,-1,-1,-1,-1,7,E01020317,0,1
2024052402863,2024,052402863,1,23,0,18,19,1,2,0,0,0,1,0,0,0,0,1,6,6,1,15,3,-1,-1,-1,-1,1,E01006661,0,1
2024221447155,2024,221447155,1,9,0,-1,9,6,4,-1,0,5,0,0,0,0,1,9,-1,6,1,31,6,-1,-1,-1,-1,10,E01032139,0,3
2024010488349,2024,010488349,1,4,0,99,99,9,9,99,99,9,9,99,9,99,2,1,1,1,1,53,8,-1,-1,-1,-1,3,E01003097,0,3
2024010538977,2024,010538977,2,1,9,99,99,9,9,99,99,9,9,99,9,99,1,1,6,6,3,-1,-1,-1,-1,-1,-1,8,E01033569,0,1
2024010496660,2024,010496660,1,9,0,5,5,1,5,0,0,8,1,0,0,0,4,1,2,2,2,37,7,-1,-1,-1,-1,3,E01003689,0,1
2024010496702,2024,010496702,1,3,0,9,9,8,6,0,0,2,0,0,0,0,3,1,1,1,1,24,5,-1,-1,-1,-1,4,E01034155,0,2
2024411471169,2024,411471169,1,3,0,-1,12,3,5,-1,0,0,0,0,0,0,4,1,-1,6,1,32,6,-1,-1,-1,-1,7,E01023902,0,1
2024061485729,2024,061485729,1,90,0,-1,19,8,4,-1,4,1,0,0,0,0,1,1,-1,9,1,28,6,-1,-1,-1,-1,-1,-1,0,-1
2024221410037,2024,221410037,3,9,0,-1,10,3,1,-1,0,8,0,0,0,0,1,1,-1,1,1,20,4,-1,-1,-1,-1,7,E01032317,0,3
2024010536302,2024,010536302,1,9,9,15,15,1,5,0,0,1,0,0,0,0,3,9,6,6,3,-1,-1,-1,-1,-1,-1,-1,-1,0,-1
2024010487958,2024,010487958,1,5,0,2,2,0,0,9,9,1,0,0,0,0,0,1,6,6,3,-1,-1,-1,-1,-1,-1,-1,-1,0,-1
2024421506757,2024,421506757,1,-1,-1,-1,-1,-1,-1,-1,-1,0,-1,-1,-1,0,-1,9,-1,6,2,34,6,-1,-1,-1,-1,1,E01015916,1,1
2024101534832,2024,101534832,1,20,0,-1,19,6,2,-1,0,4,0,0,0,0,0,9,-1,6,3,-1,-1,-1,-1,-1,-1,-1,-1,0,-1
202460Q033062,2024,60Q033062,1,19,0,18,19,7,3,0,0,0,0,0,0,0,0,1,6,6,1,80,11,-1,-1,-1,-1,-1,-1,0,-1
2024010532384,2024,010532384,2,19,0,99,99,9,9,99,99,9,9,99,9,99,9,9,6,6,3,-1,-1,-1,-1,-1,-1,-1,-1,0,-1
2024401502604,2024,401502604,4,99,0,-1,19,2,6,-1,0,0,0,0,0,0,1,9,-1,6,3,-1,-1,-1,-1,-1,-1,-1,-1,0,-1
2024411396217,2024,411396217,1,9,0,-1,3,-1,-1,-1,0,0,0,0,0,0,1,9,-1,2,2,63,9,-1,-1,-1,-1,10,E01023803,0,1
2024440469223,2024,440469223,3,9,0,18,19,3,7,0,0,1,0,0,0,0,1,1,1,1,1,31,6,-1,-1,-1,-1,7,E01022566,0,1
2024320641217,2024,320641217,1,5,0,-1,-1,2,6,0,0,0,2,0,1,0,4,1,-1,-1,1,68,10,-1,-1,-1,-1,3,E01026033,0,4
2024010498411,2024,010498411,2,9,0,99,99,9,9,99,99,9,9,99,9,99,9,9,6,6,3,-1,-1,-1,-1,-1,-1,-1,-1,0,-1
2024010543004,2024,010543004,1,11,0,5,5,0,1,0,0,1,0,0,0,0,2,1,6,6,3,-1,-1,-1,-1,-1,-1,-1,-1,0,-1
2024401456669,2024,401456669,1,-1,-1,-1,-1,-1,-1,-1,-1,0,-1,-1,-1,0,-1,1,-1,6,3,-1,-1,-1,-1,-1,-1,-1,-1,1,-1
2024320624984,2024,320624984,1,9,0,9,9,7,5,0,0,6,0,0,0,0,1,1,-1,-1,1,67,10,-1,-1,-1,-1,7,E01013289,0,4
2024061516989,2024,061516989,1,9,0,-1,6,8,8,-1,0,8,0,0,0,0,0,9,-1,6,3,-1,-1,-1,-1,-1,-1,-1,-1,0,-1
2024430430780,2024,430430780,1,1,0,4,4,8,4,0,0,4,0,0,0,0,1,1,6,6,1,47,8,-1,-1,-1,-1,-1,-1,0,-1
2024311526479,2024,311526479,1,9,-1,-1,19,-1,-1,-1,0,-1,0,0,0,0,1,9,-1,6,3,-1,-1,-1,-1,-1,-1,-1,-1,0,-1
2024010544532,2024,010544532,2,9,0,99,99,9,9,99,99,9,9,99,9,99,1,9,6,6,1,44,7,-1,-1,-1,-1,4,E01002808,0,1
2024010494462,2024,010494462,2,20,0,18,19,7,3,99,99,0,0,0,9,0,4,9,1,1,1,42,7,-1,-1,-1,-1,6,E01003130,0,1
2024061458351,2024,061458351,1,9,0,-1,19,3,7,-1,0,8,0,0,0,0,1,1,-1,1,1,59,9,-1,-1,-1,-1,5,E01011147,0,4
2024201428614,2024,201428614,2,9,0,-1,19,4,8,-1,0,8,0,10,7,0,4,9,-1,6,2,20,4,-1,-1,-1,-1,2,E01010452,0,1
2024440411262,2024,440411262,2,1,0,18,19,4,8,0,0,8,0,0,0,0,1,1,6,6,1,18,4,-1,-1,-1,-1,6,E01022960,0,1
2024010510293,2024,010510293,2,1,0,3,3,4,8,4,4,0,0,0,1,0,1,1,2,2,1,41,7,-1,-1,-1,-1,3,E01035654,0,2
2024451417645,2024,451417645,1,1,0,-1,19,1,5,-1,0,0,0,0,0,0,0,1,-1,6,1,63,9,-1,-1,-1,-1,9,E01030944,0,1
2024010499085,2024,010499085,1,9,0,9,9,3,1,4,4,8,0,0,0,0,1,1,1,1,1,34,6,-1,-1,-1,-1,4,E01002650,0,1
2024332400446,2024,332400446,2,4,0,-1,19,7,3,-1,2,8,0,0,0,0,1,1,-1,6,1,31,6,-1,-1,-1,-1,2,E01013684,0,1
2024010496683,2024,010496683,2,9,0,99,99,9,9,99,99,9,9,99,0,0,9,9,6,6,3,39,7,-1,-1,-1,-1,3,E01003629,0,1
2024211411924,2024,211411924,2,1,0,-1,19,7,3,-1,0,0,0,0,0,0,0,1,-1,9,1,62,9,-1,-1,-1,-1,-1,-1,0,-1
2024010538130,2024,010538130,1,1,9,99,99,9,9,99,99,9,9,99,9,99,9,1,6,6,2,42,7,-1,-1,-1,-1,3,E01004004,0,1
2024451526186,2024,451526186,2,9,0,-1,19,5,1,-1,99,4,0,0,1,0,4,1,-1,6,2,50,8,-1,-1,-1,-1,9,E01031001,0,1
2024010542823,2024,010542823,1,1,0,7,7,3,6,0,0,8,0,0,0,0,3,1,1,1,1,46,8,-1,-1,-1,-1,5,E01003934,0,1
2024371506078,2024,371506078,2,1,-1,-1,-1,-1,-1,-1,-1,0,-1,-1,-1,0,-1,1,-1,7,2,11,3,-1,-1,-1,-1,3,E01030253,0,1
2024041409160,2024,041409160,4,9,0,-1,2,0,0,-1,0,1,0,0,0,0,4,1,-1,6,-1,-1,-1,-1,-1,-1,-1,-1,-1,0,-1
2024122400430,2024,122400430,1,9,0,4,4,4,8,0,0,4,0,0,0,0,2,1,6,6,2,71,10,-1,-1,-1,-1,7,E01012942,0,3
2024991419768,2024,991419768,2,1,0,-1,7,5,8,-1,0,0,0,0,0,0,1,1,-1,6,1,36,7,-1,-1,-1,-1,4,-1,0,1
2024401452010,2024,401452010,1,19,1,-1,3,1,7,-1,0,0,0,0,0,0,1,1,-1,1,1,31,6,-1,-1,-1,-1,5,E01003721,0,4
2024161412481,2024,161412481,1,1,0,-1,19,3,7,-1,0,0,0,0,0,0,3,1,-1,2,1,41,7,-1,-1,-1,-1,4,E01012801,0,1
2024991455737,2024,991455737,2,1,0,-1,19,3,8,-1,0,8,0,0,0,0,4,1,-1,6,1,30,6,-1,-1,-1,-1,-1,-1,0,-1
2024471426782,2024,471426782,1,23,0,-1,19,1,5,-1,0,1,0,0,0,0,1,1,-1,6,3,-1,-1,-1,-1,-1,-1,-1,-1,0,-1
2024440003459,2024,440003459,2,9,0,18,19,1,5,0,0,1,0,0,0,0,1,1,6,6,2,42,7,-1,-1,-1,-1,9,E01023265,0,3
2024351529138,2024,351529138,2,9,0,-1,19,6,2,-1,0,0,0,0,0,0,2,9,-1,6,1,49,8,-1,-1,-1,-1,6,E01026541,0,4
2024010490654,2024,010490654,1,9,0,99,99,9,9,99,99,9,9,99,9,99,2,9,6,6,2,30,6,-1,-1,-1,-1,2,E01002588,0,1
2024010536910,2024,010536910,2,11,0,99,99,9,9,99,99,9,9,99,9,99,9,9,6,6,3,-1,-1,-1,-1,-1,-1,-1,-1,0,-1
2024320461277,2024,320461277,2,1,0,9,9,2,8,0,0,2,0,0,0,0,1,1,6,6,1,74,10,-1,-1,-1,-1,6,E01007404,0,5
2024010497151,2024,010497151,1,5,0,17,19,3,8,0,0,0,0,0,0,0,1,1,6,6,1,43,7,-1,-1,-1,-1,-1,-1,0,-1
2024302400394,2024,302400394,2,9,0,7,7,8,2,0,0,8,0,0,0,0,0,1,6,6,3,-1,-1,-1,-1,-1,-1,5,E01019456,0,3
2024221404406,2024,221404406,3,9,0,-1,14,6,2,-1,0,0,0,0,0,0,3,1,-1,6,2,20,4,-1,-1,-1,-1,5,E01028943,0,1
2024221518073,2024,221518073,2,1,0,-1,19,1,5,-1,0,8,0,0,0,0,1,1,-1,6,1,64,9,-1,-1,-1,-1,6,E01014084,0,1
2024010495631,2024,010495631,2,1,0,15,15,5,1,0,0,1,0,0,0,0,3,1,2,2,2,25,5,-1,-1,-1,-1,4,E01001953,0,1
2024340WN3912,2024,340WN3912,1,20,0,-1,9,1,6,-1,0,6,0,0,0,0,3,1,-1,1,1,33,6,-1,-1,-1,-1,1,E01010239,0,4
2024371479904,2024,371479904,2,9,4,-1,19,3,7,-1,0,0,0,0,0,0,2,1,-1,6,2,56,9,-1,-1,-1,-1,6,E01029944,0,3
2024440231624,2024,440231624,1,-1,0,9,9,4,2,0,0,2,0,0,0,0,1,1,6,6,2,-1,-1,-1,-1,-1,-1,-1,-1,1,-1
2024010510038,2024,010510038,1,9,0,18,19,1,5,0,0,1,0,0,0,0,1,1,6,6,2,37,7,-1,-1,-1,-1,3,E01023530,0,4
2024311439379,2024,311439379,2,16,0,-1,19,4,8,-1,0,0,0,0,0,0,2,1,-1,6,2,36,7,-1,-1,-1,-1,-1,-1,0,-1
2024411489495,2024,411489495,1,9,0,-1,19,5,1,-1,0,1,1,0,0,0,1,1,-1,6,1,33,6,-1,-1,-1,-1,6,E01023506,0,1
2024010514510,2024,010514510,1,1,9,99,99,9,9,99,99,9,9,99,9,99,9,1,2,2,2,38,7,-1,-1,-1,-1,10,E01004122,0,3
2024122400091,2024,122400091,2,9,0,18,19,5,1,0,0,0,0,0,0,0,2,1,2,2,2,23,5,-1,-1,-1,-1,4,E01027779,0,4
2024010517257,2024,010517257,1,1,9,99,99,9,9,4,4,1,9,99,9,99,9,1,6,6,1,43,7,-1,-1,-1,-1,4,E01003053,0,1
2024451419467,2024,451419467,2,9,0,-1,19,6,8,-1,0,0,0,99,0,0,9,1,-1,6,3,40,7,-1,-1,-1,-1,-1,-1,0,-1
2024010488830,2024,010488830,2,19,9,99,99,9,9,99,99,9,9,99,9,99,1,9,6,6,3,-1,-1,-1,-1,-1,-1,-1,-1,0,-1
2024161532254,2024,161532254,2,9,0,-1,19,3,7,-1,0,1,0,0,0,0,-1,9,-1,6,1,-1,-1,-1,-1,-1,-1,-1,-1,0,-1
2024010512998,2024,010512998,1,1,9,99,99,9,9,99,99,9,9,99,9,99,9,1,6,6,2,55,8,-1,-1,-1,-1,4,E01004124,0,1
2024141523452,2024,141523452,1,9,0,-1,19,2,6,-1,0,2,0,0,0,0,1,9,-1,6,1,26,6,-1,-1,-1,-1,1,E01007529,0,3
2024211476399,2024,211476399,1,19,0,-1,3,5,5,-1,0,1,0,0,0,0,1,9,-1,6,3,30,6,-1,-1,-1,-1,-1,-1,0,-1
2024010539644,2024,010539644,1,1,9,99,99,9,9,99,99,9,9,99,9,99,9,1,2,2,2,25,5,-1,-1,-1,-1,3,E01003162,0,2
2024161512814,2024,161512814,2,9,0,-1,9,1,6,-1,0,8,0,0,0,0,1,1,-1,6,1,65,9,-1,-1,-1,-1,1,E01012888,0,1
2024430197186,2024,430197186,1,1,0,18,19,8,4,0,0,2,0,0,0,0,3,1,2,2,2,42,7,-1,-1,-1,-1,4,E01016369,0,1
2024010512086,2024,010512086,2,1,0,15,15,1,5,0,0,1,1,0,0,0,1,1,1,1,1,17,4,-1,-1,-1,-1,3,E01000143,0,1
2024010493639,2024,010493639,1,9,0,99,99,9,9,99,99,9,9,99,9,99,9,9,6,6,2,35,6,-1,-1,-1,-1,3,E01004409,0,1
2024061497361,2024,061497361,1,9,0,-1,9,7,4,-1,0,2,0,0,0,0,3,1,-1,9,1,37,7,-1,-1,-1,-1,4,E01005900,0,1
2024061475715,2024,061475715,2,21,1,-1,19,1,5,-1,0,0,0,0,0,0,2,1,-1,1,1,30,6,-1,-1,-1,-1,-1,-1,0,-1
2024421453504,2024,421453504,3,9,0,-1,19,3,7,-1,0,0,0,0,0,0,1,1,-1,1,1,49,8,-1,-1,-1,-1,2,E01035162,0,3
2024161484556,2024,161484556,3,1,0,-1,19,6,2,-1,0,1,0,0,0,0,9,1,-1,6,1,49,8,-1,-1,-1,-1,-1,-1,0,-1
2024522403318,2024,522403318,2,9,0,3,3,5,1,0,0,1,0,0,0,0,2,1,6,6,1,38,7,-1,-1,-1,-1,7,E01029070,0,4
2024430297518,2024,430297518,1,9,0,7,7,8,2,0,0,5,0,0,0,0,4,1,6,6,1,19,4,-1,-1,-1,-1,9,E01030929,0,4
2024010531965,2024,010531965,2,1,0,-1,-1,5,1,0,0,1,0,0,0,0,1,1,6,6,2,53,8,-1,-1,-1,-1,4,E01003999,0,2
2024010497104,2024,010497104,4,9,0,18,19,3,7,1,1,2,0,99,0,0,1,1,2,2,1,44,7,-1,-1,-1,-1,4,E01000472,0,2
2024501481053,2024,501481053,1,9,0,-1,5,5,3,-1,0,2,0,0,0,0,1,1,-1,6,1,77,11,-1,-1,-1,-1,9,E01019940,0,2
2024451526867,2024,451526867,2,90,0,-1,19,8,4,-1,0,0,0,0,0,0,3,1,-1,1,1,29,6,-1,-1,-1,-1,7,E01024375,0,4
2024991440805,2024,991440805,1,9,0,-1,19,2,6,-1,0,0,0,0,0,0,1,1,-1,6,1,25,5,-1,-1,-1,-1,4,-1,0,1
2024010534281,2024,010534281,2,1,0,-1,-1,1,5,0,0,1,0,0,0,0,1,1,6,6,1,59,9,-1,-1,-1,-1,1,E01002040,0,1
2024101414377,2024,101414377,1,98,0,-1,19,7,3,-1,0,0,2,0,1,11,1,1,-1,2,1,54,8,-1,-1,-1,-1,4,E01033718,0,2
2024461419142,2024,461419142,1,98,-1,-1,19,2,6,-1,0,0,0,0,0,0,4,9,-1,6,3,-1,-1,-1,-1,-1,-1,-1,-1,0,-1
2024610035524,2024,610035524,2,22,0,18,19,4,8,0,0,0,0,0,0,0,4,1,6,6,2,85,11,-1,-1,-1,-1,4,W01001634,0,1
2024071075221,2024,071075221,1,9,0,-1,19,4,8,-1,0,0,0,0,0,0,1,1,-1,9,1,85,11,-1,-1,-1,-1,9,E01028351,0,5
2024010508987,2024,010508987,1,1,9,99,99,9,9,99,99,9,9,99,9,99,1,1,2,2,1,45,7,-1,-1,-1,-1,2,E01004321,0,1
2024010492410,2024,010492410,2,9,0,2,2,0,0,0,0,8,0,0,0,0,3,1,6,6,3,-1,-1,-1,-1,-1,-1,-1,-1,0,-1
2024471456951,2024,471456951,2,9,0,-1,9,6,3,-1,0,0,0,0,0,0,2,9,-1,6,3,-1,-1,-1,-1,-1,-1,-1,-1,0,-1
2024471472484,2024,471472484,1,9,0,-1,19,7,3,-1,0,1,0,0,0,0,1,1,-1,9,2,61,9,-1,-1,-1,-1,3,E01031348,0,3
2024010491885,2024,010491885,2,9,0,99,99,9,9,99,99,9,9,99,9,99,1,9,6,6,3,-1,-1,-1,-1,-1,-1,-1,-1,0,-1
2024430012955,2024,430012955,1,9,0,18,19,1,5,0,0,2,0,0,0,0,1,1,6,6,1,-1,-1,-1,-1,-1,-1,-1,-1,0,-1
2024471396075,2024,471396075,2,9,0,-1,10,7,6,-1,0,1,0,0,0,0,2,1,-1,1,1,55,8,-1,-1,-1,-1,5,E01020967,0,1
2024430096887,2024,430096887,2,1,0,18,19,2,6,0,0,8,0,0,0,0,1,1,6,6,1,49,8,-1,-1,-1,-1,8,E01028545,0,1
2024340WN4412,2024,340WN4412,1,1,0,-1,19,1,4,-1,0,0,0,0,0,0,3,1,-1,2,1,40,7,-1,-1,-1,-1,2,E01027230,0,2
2024451420888,2024,451420888,1,9,0,-1,19,5,1,-1,0,0,0,0,0,0,1,2,-1,6,2,32,6,-1,-1,-1,-1,10,E01030894,0,1
2024351435939,2024,351435939,1,9,-1,-1,14,5,1,-1,0,0,0,0,0,0,4,1,-1,6,3,-1,-1,-1,-1,-1,-1,-1,-1,0,-1
2024430506848,2024,430506848,2,19,0,18,19,2,6,0,0,0,0,0,0,0,1,1,6,6,1,35,6,-1,-1,-1,-1,-1,-1,0,-1
2024061445647,2024,061445647,1,1,9,-1,19,-1,-1,-1,0,0,5,0,0,0,1,1,-1,2,1,31,6,-1,-1,-1,-1,2,E01034110,0,1
2024401500940,2024,401500940,2,98,0,-1,19,8,4,-1,0,0,0,0,0,0,1,1,-1,9,1,48,8,-1,-1,-1,-1,7,E01034785,0,4
2024010494169,2024,010494169,1,9,0,99,99,9,9,99,99,0,9,99,9,99,2,9,6,6,2,49,8,-1,-1,-1,-1,1,E01002093,0,1
2024010533068,2024,010533068,1,97,0,18,19,1,5,0,0,9,0,99,0,0,9,1,6,6,3,-1,-1,-1,-1,-1,-1,-1,-1,0,-1
2024311529095,2024,311529095,1,9,0,-1,19,1,5,-1,0,1,0,0,0,0,1,9,-1,6,2,30,6,-1,-1,-1,-1,-1,-1,0,-1
2024070205326,2024,070205326,1,9,0,5,5,3,7,0,0,2,0,0,0,0,0,1,6,6,3,-1,-1,-1,-1,-1,-1,-1,-1,0,-1
2024231405486,2024,231405486,3,21,1,-1,19,8,4,-1,0,0,0,0,0,0,4,1,-1,1,1,25,5,-1,-1,-1,-1,1,E01014306,0,4
2024430624298,2024,430624298,2,1,0,18,19,4,8,0,0,0,0,0,1,9,2,1,6,6,1,58,9,-1,-1,-1,-1,-1,-1,0,-1
2024041453967,2024,041453967,2,1,0,-1,19,3,7,-1,0,8,0,0,0,0,1,1,-1,6,1,60,9,-1,-1,-1,-1,3,E01012632,0,3
2024340WN1242,2024,340WN1242,1,9,0,-1,19,1,5,-1,0,0,1,0,0,0,4,1,-1,6,3,-1,-1,-1,-1,-1,-1,-1,-1,0,-1
2024010502525,2024,010502525,1,1,0,9,9,5,3,0,0,1,0,0,0,0,3,1,6,6,2,44,7,-1,-1,-1,-1,4,E01004331,0,4
2024302400922,2024,302400922,2,1,0,18,19,7,3,0,0,8,0,0,0,0,4,1,6,6,1,26,6,-1,-1,-1,-1,4,E01019470,0,1
2024010497244,2024,010497244,1,8,0,99,99,9,9,99,99,0,9,99,9,99,2,9,6,6,1,49,8,-1,-1,-1,-1,9,E01015939,0,3
2024522500429,2024,522500429,2,1,0,5,5,7,3,0,0,1,0,0,0,0,1,1,6,6,1,28,6,-1,-1,-1,-1,6,E01015004,0,1
2024010492952,2024,010492952,1,9,0,99,99,9,9,99,99,0,9,99,9,99,1,9,2,2,2,43,7,-1,-1,-1,-1,5,E01035647,0,2
2024430490684,2024,430490684,2,1,0,18,19,2,6,0,0,6,0,0,0,0,1,1,6,6,1,47,8,-1,-1,-1,-1,2,E01028518,0,1
2024061517349,2024,061517349,1,1,0,-1,19,8,4,-1,4,0,0,0,0,0,3,1,-1,2,1,43,7,-1,-1,-1,-1,-1,-1,0,-1
2024010491847,2024,010491847,2,9,0,99,99,9,9,99,99,9,9,99,9,99,1,9,6,6,3,56,9,-1,-1,-1,-1,4,E01000307,0,1
2024010496925,2024,010496925,2,9,9,3,3,5,1,99,99,0,9,0,0,0,1,9,6,6,3,-1,-1,-1,-1,-1,-1,-1,-1,0,-1
2024631418003,2024,631418003,1,19,4,-1,5,2,6,-1,0,6,0,0,0,0,0,1,-1,6,3,-1,-1,-1,-1,-1,-1,-1,-1,0,-1
2024451480790,2024,451480790,2,9,0,-1,-1,-1,-1,-1,-1,0,-1,-1,-1,0,-1,9,-1,6,3,-1,-1,-1,-1,-1,-1,-1,-1,0,-1
2024010540170,2024,010540170,2,9,0,18,19,1,5,0,0,2,0,0,0,0,1,1,6,6,1,76,11,-1,-1,-1,-1,10,E01023474,0,4
2024141432241,2024,141432241,2,9,0,-1,19,7,1,-1,0,8,0,0,0,0,0,9,-1,6,3,-1,-1,-1,-1,-1,-1,-1,-1,0,-1
2024010500002,2024,010500002,1,1,9,99,99,9,9,99,99,2,9,99,9,99,9,1,2,2,2,36,7,-1,-1,-1,-1,3,E01032765,0,1
202417M208924,2024,17M208924,1,-1,0,-1,19,2,6,-1,0,8,0,0,0,0,1,1,-1,9,1,12,3,-1,-1,-1,-1,1,E01012058,0,1
2024440193251,2024,440193251,2,9,0,5,5,7,3,0,0,4,0,0,0,0,2,1,6,6,1,-1,-1,-1,-1,-1,-1,-1,-1,0,-1
2024010539405,2024,010539405,3,9,0,18,19,7,3,0,0,3,0,0,0,0,1,1,2,2,1,50,8,-1,-1,-1,-1,3,E01002429,0,1
2024131478715,2024,131478715,1,9,0,-1,11,1,5,-1,0,0,0,0,0,0,4,1,-1,6,1,-1,-1,-1,-1,-1,-1,-1,-1,0,-1
2024991474633,2024,991474633,1,23,0,-1,19,6,2,-1,5,0,0,0,0,0,1,1,-1,6,1,16,4,-1,-1,-1,-1,3,-1,0,1
2024430060823,2024,430060823,2,1,0,18,19,5,1,0,0,4,0,0,0,0,2,1,6,6,2,50,8,-1,-1,-1,-1,4,E01028494,0,1
202460Q084669,2024,60Q084669,2,1,0,18,19,7,3,0,0,1,0,0,0,0,1,1,6,6,2,65,9,-1,-1,-1,-1,-1,-1,0,-1
202460Q109483,2024,60Q109483,1,5,0,18,19,5,1,0,0,1,0,0,0,0,3,1,6,6,1,54,8,-1,-1,-1,-1,-1,-1,0,-1
2024061497176,2024,061497176,2,1,0,-1,19,1,5,-1,4,8,0,0,0,0,1,1,-1,9,2,20,4,-1,-1,-1,-1,1,E01005288,0,1
2024201514431,2024,201514431,1,19,0,-1,19,2,6,-1,0,0,0,0,0,0,1,1,-1,6,1,30,6,-1,-1,-1,-1,-1,-1,0,-1
2024010489929,2024,010489929,2,9,9,99,99,9,9,99,99,0,9,99,9,99,9,9,6,6,3,-1,-1,-1,-1,-1,-1,-1,-1,0,-1
2024991474633,2024,991474633,2,1,0,-1,9,8,6,-1,5,0,0,0,0,0,3,1,-1,6,1,60,9,-1,-1,-1,-1,4,-1,0,1
2024461412097,2024,461412097,1,9,0,-1,19,7,3,-1,0,4,0,0,0,0,1,9,-1,9,3,-1,-1,-1,-1,-1,-1,-1,-1,0,-1
2024010493538,2024,010493538,3,9,0,18,19,7,3,0,0,0,0,0,0,0,2,1,6,6,1,39,7,-1,-1,-1,-1,2,E01004316,0,1
2024320701804,2024,320701804,1,19,0,-1,-1,4,8,0,0,1,0,0,0,0,1,1,6,6,1,-1,-1,-1,-1,-1,-1,-1,-1,0,-1
2024201500590,2024,201500590,1,9,0,-1,1,5,1,-1,0,1,0,0,0,0,2,1,-1,6,3,-1,-1,-1,-1,-1,-1,-1,-1,0,-1
2024430042796,2024,430042796,1,9,0,7,7,5,7,0,0,6,0,0,0,0,1,1,6,6,2,74,10,-1,-1,-1,-1,5,E01030801,0,3
2024461431998,2024,461431998,3,9,0,-1,2,0,0,-1,-1,0,0,0,0,0,4,1,-1,6,-1,-1,-1,-1,-1,-1,-1,-1,-1,0,-1
2024461487867,2024,461487867,1,9,0,-1,7,-1,-1,-1,0,4,0,0,0,0,1,9,-1,6,1,-1,-1,-1,-1,-1,-1,-1,-1,0,-1
2024052400559,2024,052400559,1,-1,0,18,19,5,1,0,0,8,0,0,0,0,1,1,6,6,1,14,3,-1,-1,-1,-1,1,E01006849,1,1
2024061504843,2024,061504843,1,1,0,-1,10,-1,-1,-1,99,1,0,99,0,0,3,1,-1,2,1,39,7,-1,-1,-1,-1,7,E01005083,0,1
2024471396767,2024,471396767,3,90,0,-1,-1,-1,-1,-1,0,1,-1,-1,-1,0,-1,9,-1,6,3,-1,-1,-1,-1,-1,-1,-1,-1,0,-1
2024552400824,2024,552400824,2,2,0,17,19,5,2,0,0,8,0,0,0,0,3,1,6,6,1,34,6,-1,-1,-1,-1,3,E01015294,0,1
2024141448709,2024,141448709,1,97,0,-1,-1,-1,-1,-1,-1,0,-1,-1,-1,0,-1,1,-1,6,3,-1,-1,-1,-1,-1,-1,-1,-1,0,-1
2024010519290,2024,010519290,2,1,9,99,99,9,9,99,99,9,9,99,9,99,9,1,6,6,1,28,6,-1,-1,-1,-1,-1,-1,0,-1
2024010490780,2024,010490780,1,9,0,18,19,7,3,0,0,1,0,0,0,0,3,1,6,6,2,62,9,-1,-1,-1,-1,7,E01002412,0,1
2024101498914,2024,101498914,2,1,0,-1,9,5,3,-1,0,8,0,0,0,0,2,1,-1,2,2,53,8,-1,-1,-1,-1,10,E01008497,0,3
2024010497912,2024,010497912,1,3,4,99,99,9,9,99,99,9,9,99,9,99,9,1,6,6,1,-1,-1,-1,-1,-1,-1,8,E01023311,0,3
2024332400314,2024,332400314,2,1,0,-1,9,1,7,-1,0,5,0,0,0,0,1,1,-1,6,1,15,3,-1,-1,-1,-1,4,E01013705,0,1
2024430078486,2024,430078486,1,9,0,18,19,4,8,0,0,4,0,0,0,0,3,1,6,6,1,-1,-1,-1,-1,-1,-1,-1,-1,0,-1
2024010497200,2024,010497200,1,3,0,99,99,9,9,99,99,9,9,99,9,99,1,1,6,6,1,25,5,-1,-1,-1,-1,3,E01000009,0,1
2024101488783,2024,101488783,1,9,0,-1,19,1,5,-1,0,0,0,0,7,0,3,1,-1,6,1,86,11,-1,-1,-1,-1,8,E01027495,0,3
2024010515244,2024,010515244,2,1,0,18,19,7,3,0,0,5,0,0,0,0,1,1,6,6,2,47,8,-1,-1,-1,-1,3,E01034046,0,1
2024010543289,2024,010543289,1,9,0,18,19,1,5,0,0,0,0,0,0,0,1,1,6,6,2,24,5,-1,-1,-1,-1,-1,-1,0,-1
2024461517648,2024,461517648,2,9,0,-1,19,2,6,-1,0,0,0,0,0,0,3,9,-1,6,1,-1,-1,-1,-1,-1,-1,4,E01024293,0,1
2024991532535,2024,991532535,2,23,0,-1,19,8,4,-1,0,0,0,0,0,0,1,1,-1,9,1,16,4,-1,-1,-1,-1,1,-1,0,1
2024052402731,2024,052402731,1,9,0,5,5,7,3,0,0,4,0,0,0,0,1,1,6,6,3,-1,-1,-1,-1,-1,-1,-1,-1,0,-1
2024061522072,2024,061522072,1,9,0,-1,7,2,5,-1,0,8,0,7,0,0,3,1,-1,9,1,77,11,-1,-1,-1,-1,9,E01005926,0,1
2024221537352,2024,221537352,1,9,0,-1,19,5,1,-1,0,0,0,0,2,4,1,1,-1,6,1,35,6,-1,-1,-1,-1,6,E01032457,0,1
2024991494591,2024,991494591,2,1,0,-1,19,3,7,-1,0,1,0,0,0,0,4,1,-1,2,1,75,10,-1,-1,-1,-1,3,-1,0,1
2024231441160,2024,231441160,2,9,0,-1,19,3,7,-1,0,0,0,0,0,0,1,1,-1,9,1,50,8,-1,-1,-1,-1,6,E01031107,0,1
2024522401715,2024,522401715,2,1,0,18,19,2,6,2,2,8,0,0,0,0,4,1,6,6,2,37,7,-1,-1,-1,-1,4,E01033342,0,1