collision_index,collision_year,collision_ref_no,vehicle_reference,vehicle_type,towing_and_articulation,vehicle_manoeuvre_historic,vehicle_manoeuvre,vehicle_direction_from,vehicle_direction_to,vehicle_location_restricted_lane_historic,vehicle_location_restricted_lane,junction_location,skidding_and_overturning,hit_object_in_carriageway,vehicle_leaving_carriageway,hit_object_off_carriageway,first_point_of_impact,vehicle_left_hand_drive,journey_purpose_of_driver_historic,journey_purpose_of_driver,sex_of_driver,age_of_driver,age_band_of_driver,engine_capacity_cc,propulsion_code,age_of_vehicle,generic_make_model,driver_imd_decile,lsoa_of_driver,escooter_flag,driver_distance_banding
2024010531474,2024,010531474,1,11,0,18,19,6,2,0,0,8,0,0,0,0,0,1,6,6,3,-1,-1,-1,-1,-1,-1,-1,-1,0,-1
2024522401714,2024,522401714,1,1,0,18,19,3,7,0,0,2,0,0,0,0,1,1,6,6,1,30,6,-1,-1,-1,-1,5,E01033364,0,1
2024010494546,2024,010494546,1,3,0,99,99,9,9,99,99,0,9,99,9,99,1,1,1,1,1,38,7,-1,-1,-1,-1,3,E01003525,0,1
2024430247282,2024,430247282,2,1,0,5,5,3,6,0,0,4,0,0,0,0,2,1,6,6,2,46,8,-1,-1,-1,-1,9,E01017703,0,3
2024010490114,2024,010490114,1,8,0,99,99,9,9,99,99,9,9,99,9,99,1,9,1,1,1,59,9,-1,-1,-1,-1,2,E01003509,0,1
2024991512039,2024,991512039,1,9,0,-1,7,5,7,-1,0,1,0,0,0,0,1,9,-1,6,3,50,8,-1,-1,-1,-1,-1,-1,0,-1
2024471396748,2024,471396748,3,9,0,-1,19,4,8,-1,0,0,0,0,1,0,2,1,-1,6,1,26,6,-1,-1,-1,-1,9,E01035352,0,3
2024361506268,2024,361506268,2,1,0,-1,19,6,2,-1,0,0,0,0,0,0,2,1,-1,1,1,43,7,-1,-1,-1,-1,7,E01033441,0,1
2024010538765,2024,010538765,2,9,0,99,99,9,9,99,99,9,9,99,9,99,9,9,6,6,3,-1,-1,-1,-1,-1,-1,-1,-1,0,-1
2024471506398,2024,471506398,1,9,0,-1,19,2,6,-1,0,0,0,0,0,0,-1,9,-1,6,2,-1,-1,-1,-1,-1,-1,-1,-1,0,-1
2024302400928,2024,302400928,3,9,0,2,2,0,0,0,0,2,0,0,0,0,0,1,6,6,3,-1,-1,-1,-1,-1,-1,-1,-1,0,-1
2024010502572,2024,010502572,1,9,0,18,19,1,5,0,0,0,0,0,0,0,2,1,6,6,1,38,7,-1,-1,-1,-1,9,E01030712,0,4
2024440027574,2024,440027574,1,9,0,2,2,0,0,0,0,0,0,0,0,0,2,1,1,1,1,28,6,-1,-1,-1,-1,8,E01023274,0,1
2024010528440,2024,010528440,2,1,9,99,99,9,9,99,99,9,9,99,9,99,9,1,6,6,1,32,6,-1,-1,-1,-1,4,E01004392,0,1
2024141432125,2024,141432125,2,1,0,-1,19,5,1,-1,0,0,0,0,0,0,2,1,-1,6,1,43,7,-1,-1,-1,-1,4,E01008136,0,1
2024010550170,2024,010550170,2,1,0,-1,-1,5,1,0,0,2,0,0,0,0,1,1,6,6,1,75,10,-1,-1,-1,-1,2,E01001206,0,1
2024061422624,2024,061422624,1,8,-1,-1,-1,-1,-1,-1,-1,0,-1,-1,-1,0,-1,9,-1,6,3,-1,-1,-1,-1,-1,-1,-1,-1,0,-1
2024440209837,2024,440209837,3,1,0,17,19,8,5,0,0,1,0,0,0,0,1,1,6,6,1,30,6,-1,-1,-1,-1,-1,-1,0,-1
2024041504982,2024,041504982,2,-1,0,-1,19,3,7,-1,0,1,0,0,0,0,4,1,-1,9,2,19,4,-1,-1,-1,-1,1,E01025287,1,1
2024221488982,2024,221488982,1,9,0,-1,4,6,3,-1,0,1,0,0,0,0,4,1,-1,6,1,37,7,-1,-1,-1,-1,4,E01014122,0,1
2024201536172,2024,201536172,1,9,0,-1,2,0,0,-1,0,4,0,0,0,0,1,1,-1,6,1,50,8,-1,-1,-1,-1,-1,-1,0,-1
2024131408064,2024,131408064,1,9,0,-1,-1,-1,-1,-1,-1,-1,-1,-1,-1,-1,-1,1,-1,6,3,-1,-1,-1,-1,-1,-1,-1,-1,0,-1
2024122401224,2024,122401224,1,1,0,17,19,2,6,0,0,0,0,0,0,0,0,1,6,6,1,61,9,-1,-1,-1,-1,10,E01027662,0,3
2024010487450,2024,010487450,1,1,9,99,99,9,9,99,99,9,9,99,9,99,9,1,2,2,1,40,7,-1,-1,-1,-1,4,E01003376,0,3
2024471524201,2024,471524201,2,1,0,-1,19,4,2,-1,0,1,0,0,0,0,4,1,-1,6,1,16,4,-1,-1,-1,-1,4,E01031833,0,1
2024610013424,2024,610013424,3,9,0,18,19,8,4,0,0,1,0,0,0,0,1,1,6,6,2,56,9,-1,-1,-1,-1,10,W01001793,0,2
2024320254776,2024,320254776,2,9,0,-1,-1,7,3,0,0,8,0,0,0,0,1,1,6,6,2,25,5,-1,-1,-1,-1,-1,-1,0,-1
2024010491666,2024,010491666,2,9,0,99,99,9,9,99,99,9,9,99,9,99,9,9,6,6,3,-1,-1,-1,-1,-1,-1,-1,-1,0,-1
2024141410022,2024,141410022,2,1,0,-1,19,3,7,-1,0,1,0,0,0,0,1,1,-1,6,1,44,7,-1,-1,-1,-1,1,E01008086,0,1
2024332400679,2024,332400679,2,1,0,-1,14,5,1,-1,0,8,0,0,0,0,1,1,-1,9,1,19,4,-1,-1,-1,-1,1,E01013651,0,1
2024010543106,2024,010543106,1,1,0,18,19,1,5,0,0,2,0,0,0,0,1,1,2,2,1,20,4,-1,-1,-1,-1,2,E01003338,0,2
2024440328369,2024,440328369,1,1,0,18,19,7,3,9,9,0,0,0,1,11,1,1,6,6,1,69,10,-1,-1,-1,-1,-1,-1,0,-1
2024201427210,2024,201427210,1,9,0,-1,8,3,5,-1,0,1,0,0,0,0,1,1,-1,6,1,28,6,-1,-1,-1,-1,-1,-1,0,-1
2024131441851,2024,131441851,2,1,0,-1,19,1,5,-1,0,1,0,0,0,0,1,1,-1,6,2,11,3,-1,-1,-1,-1,6,E01010816,0,1
2024052401934,2024,052401934,1,9,0,18,19,2,6,0,0,1,0,0,0,0,1,1,6,6,3,-1,-1,-1,-1,-1,-1,-1,-1,0,-1
2024010503228,2024,010503228,2,9,0,99,99,9,9,99,99,9,9,99,9,99,9,9,6,6,3,31,6,-1,-1,-1,-1,2,E01023339,0,3
2024430043134,2024,430043134,1,9,0,18,19,1,5,0,0,1,0,0,0,0,1,1,6,6,1,83,11,-1,-1,-1,-1,4,E01016421,0,1
2024501521325,2024,501521325,2,1,0,-1,19,5,1,-1,0,1,1,0,0,0,1,1,-1,6,1,53,8,-1,-1,-1,-1,6,E01034860,0,3
2024131470550,2024,131470550,2,9,0,-1,19,7,3,-1,0,0,0,4,7,11,1,1,-1,6,-1,-1,-1,-1,-1,-1,-1,-1,-1,0,-1
2024501501947,2024,501501947,1,9,0,-1,19,5,1,-1,0,0,0,0,7,0,1,9,-1,6,1,-1,-1,-1,-1,-1,-1,-1,-1,0,-1
2024161485073,2024,161485073,2,9,0,-1,19,5,1,-1,0,0,0,0,0,0,2,9,-1,6,1,51,8,-1,-1,-1,-1,10,E01034757,0,1
2024430109870,2024,430109870,2,9,0,18,19,1,5,0,0,8,0,0,0,0,3,1,6,6,1,-1,-1,-1,-1,-1,-1,-1,-1,0,-1
2024991445316,2024,991445316,1,5,0,-1,19,8,4,-1,0,0,0,0,7,7,1,1,-1,9,1,34,6,-1,-1,-1,-1,6,-1,0,2
2024061459535,2024,061459535,1,9,0,-1,19,5,1,-1,0,2,0,0,0,0,0,1,-1,1,3,20,4,-1,-1,-1,-1,-1,-1,0,-1
2024440312262,2024,440312262,2,9,0,18,19,6,2,0,0,8,0,0,0,0,1,1,6,6,2,42,7,-1,-1,-1,-1,5,E01017243,0,2
2024010514868,2024,010514868,2,1,0,18,19,1,5,2,2,1,0,0,0,0,4,1,6,6,1,18,4,-1,-1,-1,-1,5,E01003276,0,1
2024101450321,2024,101450321,1,1,0,-1,19,7,3,-1,9,8,5,0,0,0,1,1,-1,9,1,10,2,-1,-1,-1,-1,4,E01008768,0,1
2024052401557,2024,052401557,2,1,0,11,11,3,7,0,0,0,0,0,0,0,1,1,6,6,2,18,4,-1,-1,-1,-1,1,E01006957,0,1
2024610019124,2024,610019124,2,9,0,18,19,1,5,0,0,2,0,0,0,0,3,1,6,6,2,49,8,-1,-1,-1,-1,7,W01001372,0,1
2024201467913,2024,201467913,1,1,0,-1,5,5,1,-1,0,6,0,0,0,0,1,1,-1,6,1,20,4,-1,-1,-1,-1,1,E01010445,0,1
2024340WN6502,2024,340WN6502,1,9,0,-1,13,3,7,-1,0,0,0,0,1,10,1,1,-1,2,1,20,4,-1,-1,-1,-1,1,E01008906,0,4
2024201489350,2024,201489350,1,9,0,-1,19,4,8,-1,0,0,0,0,0,0,3,9,-1,6,1,35,6,-1,-1,-1,-1,-1,-1,0,-1
2024010538479,2024,010538479,2,1,9,99,99,9,9,99,99,9,9,99,9,99,9,1,6,6,1,42,7,-1,-1,-1,-1,7,E01003867,0,1
2024211463391,2024,211463391,1,1,0,-1,19,7,3,-1,0,0,1,0,0,0,1,1,-1,9,1,12,3,-1,-1,-1,-1,-1,-1,0,-1
2024041457203,2024,041457203,1,9,0,-1,19,-1,-1,-1,0,0,0,0,0,0,-1,9,-1,6,3,-1,-1,-1,-1,-1,-1,-1,-1,0,-1
2024010514075,2024,010514075,3,4,0,5,5,5,1,0,0,1,0,0,0,0,2,1,6,6,1,57,9,-1,-1,-1,-1,4,E01023956,0,4
2024332401197,2024,332401197,2,9,0,-1,19,7,3,-1,0,0,0,0,0,0,4,1,-1,6,3,-1,-1,-1,-1,-1,-1,-1,-1,0,-1
2024631433020,2024,631433020,2,1,0,-1,19,2,6,-1,0,0,0,0,0,0,0,1,-1,6,1,63,9,-1,-1,-1,-1,8,W01000481,0,1
2024531521237,2024,531521237,1,9,0,-1,19,7,3,-1,0,0,1,0,0,0,1,1,-1,6,1,55,8,-1,-1,-1,-1,7,E01022234,0,1
2024371538545,2024,371538545,2,1,0,-1,19,4,8,-1,0,1,5,0,0,0,2,1,-1,6,1,57,9,-1,-1,-1,-1,6,E01030020,0,1
2024351443588,2024,351443588,2,1,0,-1,19,-1,-1,-1,0,-1,2,0,0,0,4,1,-1,6,2,30,6,-1,-1,-1,-1,4,E01017945,0,1
2024131475265,2024,131475265,2,1,0,-1,19,2,6,-1,0,8,0,0,0,0,4,1,-1,6,1,74,10,-1,-1,-1,-1,9,E01010953,0,3
2024010490874,2024,010490874,2,3,0,15,15,5,1,0,0,5,0,10,0,0,4,1,2,2,1,44,7,-1,-1,-1,-1,8,E01003673,0,1
2024461462415,2024,461462415,2,9,0,-1,19,3,7,-1,0,1,0,0,1,0,1,1,-1,9,2,62,9,-1,-1,-1,-1,6,E01024205,0,2
2024351466996,2024,351466996,1,98,0,-1,19,1,5,-1,0,0,0,0,0,0,3,2,-1,1,1,61,9,-1,-1,-1,-1,6,E01013048,0,5
2024471433322,2024,471433322,1,9,0,-1,13,8,4,-1,0,1,0,0,0,0,4,9,-1,6,1,-1,-1,-1,-1,-1,-1,-1,-1,0,-1
2024111487238,2024,111487238,1,9,0,-1,8,4,7,-1,0,2,0,0,0,0,2,1,-1,6,1,26,6,-1,-1,-1,-1,2,E01020894,0,1
2024010518989,2024,010518989,2,1,0,5,5,5,1,0,0,0,0,10,1,0,1,1,6,6,2,28,6,-1,-1,-1,-1,2,E01004248,0,1
2024061438931,2024,061438931,1,9,0,-1,-1,-1,-1,-1,-1,0,-1,-1,-1,0,-1,1,-1,6,3,-1,-1,-1,-1,-1,-1,-1,-1,0,-1
2024052400618,2024,052400618,1,1,0,18,19,1,5,0,0,0,0,0,0,0,1,1,2,2,1,37,7,-1,-1,-1,-1,3,E01012368,0,2
2024141529255,2024,141529255,1,9,0,-1,19,8,4,-1,0,0,0,0,0,0,1,1,-1,1,2,67,10,-1,-1,-1,-1,1,E01007726,0,1
2024010494814,2024,010494814,2,9,0,99,99,9,9,99,99,9,9,99,9,99,1,9,6,6,3,-1,-1,-1,-1,-1,-1,-1,-1,0,-1
2024061482066,2024,061482066,1,9,0,-1,19,-1,-1,-1,0,8,0,1,0,0,3,1,-1,2,2,57,9,-1,-1,-1,-1,3,E01005498,0,2
2024010516087,2024,010516087,1,3,0,99,99,9,9,99,99,9,9,99,9,99,1,1,6,6,3,-1,-1,-1,-1,-1,-1,-1,-1,0,-1
2024010496865,2024,010496865,1,11,0,4,4,1,5,0,0,0,0,0,0,0,4,1,1,1,1,34,6,-1,-1,-1,-1,5,E01031554,0,4
2024161461591,2024,161461591,2,1,0,-1,19,7,3,-1,0,0,0,0,0,0,3,1,-1,6,1,13,3,-1,-1,-1,-1,2,E01013195,0,1
2024221412772,2024,221412772,1,1,0,-1,19,4,8,-1,0,8,0,0,0,0,1,1,-1,2,1,65,9,-1,-1,-1,-1,2,E01032474,0,1
2024010525219,2024,010525219,2,97,0,15,15,9,9,99,99,0,9,99,9,99,1,1,6,6,3,-1,-1,-1,-1,-1,-1,-1,-1,0,-1
2024351509799,2024,351509799,2,9,-1,-1,9,1,5,-1,0,0,0,0,0,0,-1,9,-1,6,3,-1,-1,-1,-1,-1,-1,-1,-1,0,-1
2024351398439,2024,351398439,1,-1,0,-1,7,3,8,-1,0,0,0,0,0,0,1,9,-1,6,1,19,4,-1,-1,-1,-1,7,E01035522,1,1
2024520500115,2024,520500115,2,9,9,18,19,9,9,0,0,8,0,0,0,0,9,9,6,6,3,-1,-1,-1,-1,-1,-1,-1,-1,0,-1
2024141405316,2024,141405316,2,9,0,-1,19,1,5,-1,0,8,0,0,0,0,1,1,-1,2,1,51,8,-1,-1,-1,-1,1,E01007737,0,1
2024061407224,2024,061407224,1,9,0,-1,19,1,1,-1,0,1,0,0,0,0,1,2,-1,6,3,30,6,-1,-1,-1,-1,-1,-1,0,-1
2024302400069,2024,302400069,1,-1,0,7,7,8,2,0,0,8,0,0,0,0,0,1,6,6,1,17,4,-1,-1,-1,-1,8,E01034254,1,1
2024552401418,2024,552401418,1,9,0,18,19,2,6,0,0,0,0,0,0,0,1,1,6,6,3,-1,-1,-1,-1,-1,-1,-1,-1,0,-1
2024010508305,2024,010508305,1,9,0,5,5,0,7,0,0,8,0,0,0,0,1,1,6,6,3,-1,-1,-1,-1,-1,-1,-1,-1,0,-1
2024610019124,2024,610019124,1,9,0,18,19,5,1,0,0,1,0,0,0,0,3,1,6,6,2,78,11,-1,-1,-1,-1,4,W01001401,0,2
2024501492438,2024,501492438,1,9,0,-1,19,3,1,-1,0,1,0,0,0,0,4,1,-1,6,3,-1,-1,-1,-1,-1,-1,-1,-1,0,-1
2024122400040,2024,122400040,2,1,0,18,19,1,5,0,0,8,0,0,0,0,4,1,6,6,1,45,7,-1,-1,-1,-1,10,E01013411,0,1
2024552400518,2024,552400518,1,2,0,18,19,6,2,0,0,0,1,0,0,0,1,1,6,6,1,16,4,-1,-1,-1,-1,8,E01020497,0,2
2024010519077,2024,010519077,2,9,9,99,99,9,9,99,99,9,9,99,9,99,9,1,6,6,1,49,8,-1,-1,-1,-1,4,E01004711,0,1
2024351430101,2024,351430101,1,19,0,-1,3,-1,-1,-1,0,1,0,0,0,0,1,9,-1,6,3,-1,-1,-1,-1,-1,-1,-1,-1,0,-1
2024052401616,2024,052401616,2,1,0,18,19,5,1,0,0,3,0,0,0,0,4,1,6,6,1,70,10,-1,-1,-1,-1,3,E01006805,0,1
2024991503717,2024,991503717,2,9,0,-1,4,5,1,-1,0,1,0,0,0,0,2,1,-1,6,1,77,11,-1,-1,-1,-1,7,-1,0,1
2024421399626,2024,421399626,2,9,0,-1,4,1,5,-1,0,0,0,0,0,0,2,9,-1,9,1,55,8,-1,-1,-1,-1,1,E01027239,0,4
2024211405222,2024,211405222,1,9,0,-1,19,1,6,-1,0,8,0,0,0,0,3,1,-1,6,1,37,7,-1,-1,-1,-1,3,E01014296,0,1
2024221473703,2024,221473703,2,1,0,-1,19,6,2,-1,0,0,0,0,0,0,1,1,-1,9,2,12,3,-1,-1,-1,-1,6,E01014078,0,1
2024161497094,2024,161497094,1,1,0,-1,19,1,5,-1,0,0,0,0,0,0,3,1,-1,6,2,11,3,-1,-1,-1,-1,5,E01013106,0,1
2024361404123,2024,361404123,1,9,0,-1,4,6,2,-1,0,1,0,0,0,0,1,9,-1,6,1,84,11,-1,-1,-1,-1,5,E01026727,0,1
2024421406819,2024,421406819,2,3,0,-1,19,6,2,-1,0,8,0,0,1,0,4,1,-1,6,1,30,6,-1,-1,-1,-1,6,E01001091,0,4
2024320583093,2024,320583093,2,1,0,-1,-1,3,7,0,0,0,0,0,1,0,2,1,-1,-1,2,11,3,-1,-1,-1,-1,2,E01026170,0,1
2024430594332,2024,430594332,2,1,0,18,19,4,8,0,0,1,0,0,0,0,4,1,6,6,1,22,5,-1,-1,-1,-1,-1,-1,0,-1
2024411404680,2024,411404680,2,22,0,-1,5,7,3,-1,0,0,0,0,0,0,4,1,-1,6,2,36,7,-1,-1,-1,-1,8,E01023517,0,1
2024141444860,2024,141444860,1,9,0,-1,19,6,2,-1,0,0,0,0,0,0,1,1,-1,9,1,44,7,-1,-1,-1,-1,3,E01007346,0,4
2024471417287,2024,471417287,3,9,-1,-1,19,4,1,-1,0,0,0,0,0,0,0,9,-1,6,3,-1,-1,-1,-1,-1,-1,-1,-1,0,-1
2024471408023,2024,471408023,1,1,0,-1,19,1,5,-1,0,1,0,0,0,0,4,1,-1,2,1,33,6,-1,-1,-1,-1,4,E01016869,0,1
2024041412941,2024,041412941,3,98,0,-1,4,3,7,-1,0,0,0,0,0,0,2,1,-1,6,-1,-1,-1,-1,-1,-1,-1,-1,-1,0,-1
2024010499375,2024,010499375,2,9,0,99,99,9,9,99,99,9,9,99,9,99,9,9,6,6,3,-1,-1,-1,-1,-1,-1,-1,-1,0,-1
2024010548958,2024,010548958,1,1,9,10,10,9,9,99,99,5,9,99,9,99,9,1,6,6,1,69,10,-1,-1,-1,-1,2,E01003188,0,1
2024061519437,2024,061519437,2,9,0,-1,9,1,7,-1,0,0,0,0,0,0,2,9,-1,2,1,29,6,-1,-1,-1,-1,9,E01005645,0,1
2024430218880,2024,430218880,1,9,0,18,19,5,1,0,0,0,0,0,0,0,1,1,6,6,2,46,8,-1,-1,-1,-1,9,E01016542,0,1
2024131426763,2024,131426763,1,9,0,-1,19,5,5,-1,0,0,0,0,0,0,1,1,-1,6,1,22,5,-1,-1,-1,-1,3,E01011033,0,1
2024201529903,2024,201529903,3,19,0,-1,19,5,1,-1,0,0,0,0,0,0,1,1,-1,6,2,56,9,-1,-1,-1,-1,-1,-1,0,-1
2024101405102,2024,101405102,1,-1,0,-1,19,3,7,-1,0,0,0,0,0,0,1,1,-1,9,1,8,2,-1,-1,-1,-1,4,E01027362,1,1
2024451510337,2024,451510337,1,98,0,-1,12,7,3,-1,0,0,0,0,0,0,0,9,-1,6,-1,30,6,-1,-1,-1,-1,-1,-1,0,-1
2024311460631,2024,311460631,2,1,0,-1,19,3,4,-1,0,2,0,0,0,0,3,1,-1,9,1,7,2,-1,-1,-1,-1,1,E01013824,0,1
2024461505269,2024,461505269,1,9,0,-1,19,3,7,-1,0,0,0,0,0,0,1,9,-1,6,2,-1,-1,-1,-1,-1,-1,-1,-1,0,-1
2024010492069,2024,010492069,1,9,0,99,99,9,9,99,99,9,9,99,9,99,2,9,6,6,1,26,6,-1,-1,-1,-1,6,E01003781,0,1
2024101510251,2024,101510251,2,1,0,-1,19,3,7,-1,0,0,5,0,0,0,3,1,-1,6,1,34,6,-1,-1,-1,-1,8,E01008527,0,1
2024201526625,2024,201526625,1,11,0,-1,19,2,6,-1,2,0,0,0,0,0,1,9,-1,1,3,-1,-1,-1,-1,-1,-1,-1,-1,0,-1
2024010489969,2024,010489969,1,11,0,18,19,7,3,2,2,1,0,0,0,0,1,1,1,1,1,62,9,-1,-1,-1,-1,4,E01001261,0,2
2024201447740,2024,201447740,1,9,0,-1,10,1,2,-1,0,0,0,0,0,0,4,9,-1,6,1,58,9,-1,-1,-1,-1,1,E01009130,0,1
2024302500102,2024,302500102,2,9,0,-1,2,0,0,-1,0,1,0,0,0,0,0,1,-1,6,3,-1,-1,-1,-1,-1,-1,-1,-1,0,-1
2024440307494,2024,440307494,1,9,0,9,9,2,8,0,0,5,0,0,0,0,4,1,6,6,1,31,6,-1,-1,-1,-1,10,E01022708,0,3
2024161453063,2024,161453063,2,22,0,-1,9,2,4,-1,0,2,0,0,0,0,3,1,-1,9,2,78,11,-1,-1,-1,-1,9,E01034759,0,1
2024161524567,2024,161524567,1,9,0,-1,9,6,4,-1,0,6,0,0,0,0,1,1,-1,2,1,45,7,-1,-1,-1,-1,9,E01013243,0,1
2024991396085,2024,991396085,1,97,0,-1,13,7,3,-1,0,1,0,0,0,0,1,1,-1,6,1,20,4,-1,-1,-1,-1,1,-1,0,1
2024010537275,2024,010537275,2,1,9,99,99,9,9,99,99,9,9,99,9,99,9,1,6,6,3,-1,-1,-1,-1,-1,-1,-1,-1,0,-1
2024421474562,2024,421474562,1,9,0,-1,19,6,2,-1,0,2,0,0,0,0,1,9,-1,6,3,-1,-1,-1,-1,-1,-1,-1,-1,0,-1
2024461411329,2024,461411329,1,9,0,-1,9,5,4,-1,0,2,0,0,0,0,1,1,-1,1,1,61,9,-1,-1,-1,-1,7,E01024316,0,4
2024552400892,2024,552400892,2,1,0,18,19,8,4,4,4,8,0,0,0,0,1,1,6,6,1,12,3,-1,-1,-1,-1,4,E01015339,0,1
2024010517785,2024,010517785,1,1,9,99,99,9,9,99,99,9,9,99,9,99,9,1,6,6,1,46,8,-1,-1,-1,-1,-1,-1,0,-1
2024161459976,2024,161459976,2,1,0,-1,19,3,7,-1,0,0,0,0,0,0,3,1,-1,6,1,17,4,-1,-1,-1,-1,-1,-1,0,-1
2024461528173,2024,461528173,1,8,0,-1,9,1,5,-1,0,1,0,0,0,0,4,9,-1,6,1,-1,-1,-1,-1,-1,-1,-1,-1,0,-1
2024421470739,2024,421470739,1,9,0,-1,1,8,4,-1,0,0,0,0,0,0,2,9,-1,6,3,-1,-1,-1,-1,-1,-1,-1,-1,0,-1
2024610052824,2024,610052824,1,9,0,18,19,3,6,0,0,5,0,0,0,0,4,1,6,6,1,72,10,-1,-1,-1,-1,2,W01001443,0,1
2024302400964,2024,302400964,2,1,0,18,19,2,6,0,0,1,0,0,0,0,1,1,6,6,1,8,2,-1,-1,-1,-1,1,E01013486,0,1
2024052401693,2024,052401693,2,1,0,7,7,1,3,0,0,1,0,0,0,0,4,1,6,6,3,-1,-1,-1,-1,-1,-1,-1,-1,0,-1
2024421422798,2024,421422798,1,1,0,-1,5,7,3,-1,0,8,2,0,0,0,1,1,-1,7,1,11,3,-1,-1,-1,-1,7,E01035168,0,1
2024471533449,2024,471533449,1,9,0,-1,19,7,4,-1,0,1,0,0,0,0,1,1,-1,1,1,21,5,-1,-1,-1,-1,4,E01016882,0,1
202417M113324,2024,17M113324,2,-1,0,-1,19,7,7,-1,0,1,0,0,0,0,1,1,-1,6,1,62,9,-1,-1,-1,-1,7,E01035196,1,1
2024522401699,2024,522401699,2,9,9,18,19,5,1,0,0,1,0,0,0,0,1,1,6,6,3,-1,-1,-1,-1,-1,-1,-1,-1,0,-1
2024010508260,2024,010508260,2,19,0,2,2,9,9,99,99,0,9,99,9,99,2,9,6,6,3,-1,-1,-1,-1,-1,-1,3,E01003575,0,1
2024010495315,2024,010495315,2,9,0,99,99,9,9,0,0,0,0,0,0,0,9,1,6,6,1,-1,-1,-1,-1,-1,-1,-1,-1,0,-1
2024010499927,2024,010499927,2,9,0,99,99,9,9,99,99,9,9,99,9,99,9,9,6,6,3,-1,-1,-1,-1,-1,-1,-1,-1,0,-1
2024302400675,2024,302400675,2,9,0,18,19,1,5,0,0,0,0,0,0,0,0,1,6,6,3,-1,-1,-1,-1,-1,-1,5,E01019456,0,4
2024411403949,2024,411403949,1,9,0,-1,11,3,7,-1,0,8,1,0,0,0,1,9,-1,6,1,-1,-1,-1,-1,-1,-1,-1,-1,0,-1
2024141557555,2024,141557555,2,9,0,-1,19,5,1,-1,0,1,0,0,0,0,1,9,-1,6,3,-1,-1,-1,-1,-1,-1,-1,-1,0,-1
2024010527747,2024,010527747,2,9,0,18,19,5,1,0,0,0,0,0,0,0,1,1,6,6,3,-1,-1,-1,-1,-1,-1,-1,-1,0,-1
2024010534033,2024,010534033,2,9,0,18,19,9,9,99,99,0,9,99,9,99,1,9,6,6,3,-1,-1,-1,-1,-1,-1,-1,-1,0,-1
2024061420921,2024,061420921,2,1,-1,-1,19,5,8,-1,-1,0,0,0,0,0,3,1,-1,2,1,24,5,-1,-1,-1,-1,4,E01005231,0,1
2024010516415,2024,010516415,2,9,0,9,9,7,4,0,0,8,0,0,0,0,3,1,1,1,1,34,6,-1,-1,-1,-1,1,E01020972,0,4
2024061522438,2024,061522438,2,9,0,-1,2,0,0,-1,-1,0,0,0,0,0,2,1,-1,6,-1,-1,-1,-1,-1,-1,-1,-1,-1,0,-1
2024361399142,2024,361399142,2,1,0,-1,19,5,1,-1,0,1,0,0,0,0,3,1,-1,2,2,11,3,-1,-1,-1,-1,-1,-1,0,-1
2024131504622,2024,131504622,1,9,0,-1,-1,-1,-1,-1,-1,-1,-1,-1,-1,-1,-1,1,-1,6,3,-1,-1,-1,-1,-1,-1,-1,-1,0,-1
2024161449180,2024,161449180,2,9,0,-1,19,4,8,-1,0,0,1,0,1,0,3,1,-1,6,1,58,9,-1,-1,-1,-1,8,E01027808,0,3
2024010500948,2024,010500948,2,1,0,18,19,5,1,0,0,1,0,0,0,0,0,1,6,6,1,51,8,-1,-1,-1,-1,8,E01004194,0,1
2024361415862,2024,361415862,1,1,0,-1,-1,-1,-1,-1,-1,-1,-1,-1,-1,0,-1,1,-1,6,1,15,3,-1,-1,-1,-1,7,E01026593,0,2
2024010544885,2024,010544885,2,9,0,18,19,7,3,0,0,0,5,10,7,0,1,1,6,6,1,19,4,-1,-1,-1,-1,7,E01002260,0,2
2024010536276,2024,010536276,2,1,0,4,4,7,3,0,0,2,2,0,0,0,4,1,1,1,1,27,6,-1,-1,-1,-1,5,E01001085,0,2
2024411414069,2024,411414069,1,9,-1,-1,-1,-1,-1,-1,-1,0,-1,-1,-1,0,-1,9,-1,6,2,-1,-1,-1,-1,-1,-1,-1,-1,0,-1
2024991474111,2024,991474111,2,9,0,-1,9,3,1,-1,0,1,0,0,0,0,1,1,-1,9,1,49,8,-1,-1,-1,-1,-1,-1,0,-1
2024471477849,2024,471477849,2,5,0,-1,19,1,5,-1,0,1,0,0,0,0,1,1,-1,9,1,33,6,-1,-1,-1,-1,4,E01024587,0,4
2024111510495,2024,111510495,1,9,0,-1,19,4,8,-1,0,0,0,0,0,0,3,1,-1,6,3,30,6,-1,-1,-1,-1,-1,-1,0,-1
2024141464657,2024,141464657,1,9,0,-1,19,3,7,-1,0,8,1,0,1,2,3,1,-1,9,2,32,6,-1,-1,-1,-1,3,E01007576,0,2
2024221519438,2024,221519438,1,9,0,-1,5,6,2,-1,0,0,0,0,0,0,4,1,-1,6,2,20,4,-1,-1,-1,-1,-1,-1,0,-1
2024111420731,2024,111420731,1,9,-1,-1,3,8,4,-1,0,1,0,0,0,0,1,9,-1,6,1,60,9,-1,-1,-1,-1,-1,-1,0,-1
2024141479322,2024,141479322,1,-1,0,-1,19,4,8,-1,4,8,2,0,0,0,0,1,-1,2,1,45,7,-1,-1,-1,-1,4,E01007816,1,3
2024052402345,2024,052402345,1,9,0,18,19,3,7,0,0,8,0,0,0,0,4,1,6,6,3,-1,-1,-1,-1,-1,-1,-1,-1,0,-1
2024401506505,2024,401506505,1,9,0,-1,-1,-1,-1,-1,-1,0,-1,-1,-1,0,1,1,-1,6,1,-1,-1,-1,-1,-1,-1,-1,-1,0,-1
2024010536759,2024,010536759,3,-1,0,18,19,1,5,99,99,9,0,99,0,0,9,1,3,7,2,47,8,-1,-1,-1,-1,5,E01001194,1,1
2024421459359,2024,421459359,1,9,0,-1,19,6,2,-1,0,0,0,0,0,0,4,9,-1,6,3,-1,-1,-1,-1,-1,-1,-1,-1,0,-1
2024201407115,2024,201407115,1,99,0,-1,19,7,3,-1,0,0,0,0,0,0,1,9,-1,6,3,-1,-1,-1,-1,-1,-1,-1,-1,0,-1
2024991427329,2024,991427329,1,9,0,-1,19,1,5,-1,0,0,0,0,0,0,1,1,-1,2,2,58,9,-1,-1,-1,-1,3,-1,0,1
2024211477042,2024,211477042,1,9,0,-1,13,2,6,-1,0,1,0,0,0,0,0,9,-1,6,3,-1,-1,-1,-1,-1,-1,-1,-1,0,-1