collision_index,collision_year,collision_ref_no,vehicle_reference,vehicle_type,towing_and_articulation,vehicle_manoeuvre_historic,vehicle_manoeuvre,vehicle_direction_from,vehicle_direction_to,vehicle_location_restricted_lane_historic,vehicle_location_restricted_lane,junction_location,skidding_and_overturning,hit_object_in_carriageway,vehicle_leaving_carriageway,hit_object_off_carriageway,first_point_of_impact,vehicle_left_hand_drive,journey_purpose_of_driver_historic,journey_purpose_of_driver,sex_of_driver,age_of_driver,age_band_of_driver,engine_capacity_cc,propulsion_code,age_of_vehicle,generic_make_model,driver_imd_decile,lsoa_of_driver,escooter_flag,driver_distance_banding
2024440259168,2024,440259168,2,9,0,18,19,6,2,0,0,1,0,0,0,0,1,1,2,2,1,49,8,-1,-1,-1,-1,10,E01022512,0,2
2024622400148,2024,622400148,2,1,0,18,19,4,8,0,0,0,0,0,0,0,2,1,2,2,1,52,8,-1,-1,-1,-1,1,W01001255,0,1
2024531507692,2024,531507692,2,1,0,-1,19,5,1,-1,0,1,0,0,0,0,-1,1,-1,6,1,18,4,-1,-1,-1,-1,2,E01022332,0,1
2024991497189,2024,991497189,2,4,0,-1,4,7,3,-1,0,2,2,0,0,0,4,1,-1,9,1,23,5,-1,-1,-1,-1,10,-1,0,1
2024010505435,2024,010505435,2,9,0,99,99,9,9,99,99,1,9,99,9,99,9,9,6,6,3,-1,-1,-1,-1,-1,-1,-1,-1,0,-1
2024451456018,2024,451456018,3,9,0,-1,19,6,2,-1,0,0,0,0,0,0,1,1,-1,9,1,19,4,-1,-1,-1,-1,7,E01030628,0,3
2024161503316,2024,161503316,2,9,0,-1,19,8,4,-1,0,0,0,0,0,0,1,9,-1,6,3,-1,-1,-1,-1,-1,-1,-1,-1,0,-1
2024010530611,2024,010530611,2,9,0,99,99,9,9,99,99,9,9,99,9,99,9,9,6,6,3,-1,-1,-1,-1,-1,-1,-1,-1,0,-1
2024501400123,2024,501400123,1,9,0,-1,19,1,5,-1,0,0,0,0,0,0,1,1,-1,9,2,18,4,-1,-1,-1,-1,1,E01020103,0,1
2024041481456,2024,041481456,1,9,0,-1,-1,-1,-1,-1,-1,0,-1,-1,-1,0,-1,9,-1,6,3,-1,-1,-1,-1,-1,-1,-1,-1,0,-1
2024522402300,2024,522402300,1,1,0,18,19,1,5,0,0,0,0,0,0,0,1,1,6,6,1,55,8,-1,-1,-1,-1,7,E01014712,0,1
2024201525391,2024,201525391,2,-1,0,-1,19,1,5,-1,0,1,0,0,0,0,1,1,-1,6,1,27,6,-1,-1,-1,-1,1,E01010370,1,1
2024010538043,2024,010538043,2,90,9,99,99,9,9,99,99,9,9,99,9,99,9,9,6,6,3,-1,-1,-1,-1,-1,-1,-1,-1,0,-1
2024461471501,2024,461471501,1,9,0,-1,19,-1,-1,-1,0,0,0,0,0,0,-1,9,-1,6,3,-1,-1,-1,-1,-1,-1,-1,-1,0,-1
2024010534667,2024,010534667,1,1,9,99,99,9,9,99,99,9,9,99,9,99,1,1,6,6,1,33,6,-1,-1,-1,-1,7,E01004496,0,1
2024141424045,2024,141424045,2,1,0,-1,13,6,2,-1,0,1,0,0,0,0,1,1,-1,1,1,23,5,-1,-1,-1,-1,1,E01008123,0,1
2024131431045,2024,131431045,1,9,0,-1,19,4,8,-1,0,2,0,0,0,0,2,1,-1,2,1,57,9,-1,-1,-1,-1,3,E01011784,0,2
2024311496625,2024,311496625,1,11,0,-1,4,5,1,-1,0,0,0,0,1,0,4,1,-1,1,3,-1,-1,-1,-1,-1,-1,-1,-1,0,-1
2024010498648,2024,010498648,1,9,0,18,19,5,1,2,2,1,0,0,0,0,1,1,1,1,1,58,9,-1,-1,-1,-1,3,E01001742,0,1
2024401427556,2024,401427556,1,21,1,-1,11,4,8,-1,0,0,0,0,0,0,4,2,-1,1,1,43,7,-1,-1,-1,-1,-1,-1,0,-1
2024161421530,2024,161421530,1,9,0,-1,19,6,2,-1,0,0,2,0,7,0,4,1,-1,6,1,70,10,-1,-1,-1,-1,5,E01027857,0,4
2024010533030,2024,010533030,1,9,0,9,9,8,5,0,0,2,0,0,0,0,3,1,2,2,2,20,4,-1,-1,-1,-1,2,E01001551,0,3
2024122400123,2024,122400123,1,9,0,18,19,1,5,0,0,2,0,0,3,0,1,1,6,6,1,22,5,-1,-1,-1,-1,4,E01009460,0,5
2024010529591,2024,010529591,2,1,0,5,5,8,4,0,0,1,0,0,0,0,2,1,1,1,1,24,5,-1,-1,-1,-1,2,E01032744,0,2
2024010490925,2024,010490925,2,5,0,9,9,7,4,0,0,5,0,0,0,0,4,1,2,2,1,31,6,-1,-1,-1,-1,2,E01003324,0,1
2024440484326,2024,440484326,2,9,0,9,9,5,3,0,0,8,0,0,0,0,1,1,6,6,1,-1,-1,-1,-1,-1,-1,-1,-1,0,-1
2024471450713,2024,471450713,3,9,0,-1,10,8,6,-1,0,1,0,0,0,0,0,9,-1,6,3,-1,-1,-1,-1,-1,-1,-1,-1,0,-1
2024991475934,2024,991475934,3,9,0,-1,3,6,2,-1,0,0,0,0,0,0,2,1,-1,6,1,44,7,-1,-1,-1,-1,-1,-1,0,-1
2024311526127,2024,311526127,1,9,0,-1,5,7,3,-1,0,6,0,11,0,0,2,2,-1,2,1,61,9,-1,-1,-1,-1,9,E01013982,0,1
2024010506176,2024,010506176,1,9,0,18,19,1,5,0,0,0,0,0,0,0,1,1,6,6,1,48,8,-1,-1,-1,-1,7,E01015448,0,5
2024010551572,2024,010551572,1,9,9,99,99,9,9,99,99,0,9,99,9,99,9,1,6,6,3,-1,-1,-1,-1,-1,-1,-1,-1,0,-1
2024520403166,2024,520403166,1,1,0,18,19,7,3,0,0,8,0,0,0,0,3,1,6,6,2,51,8,-1,-1,-1,-1,9,E01029263,0,1
2024010488615,2024,010488615,1,9,0,18,19,3,7,0,0,1,0,0,0,0,4,1,1,1,1,36,7,-1,-1,-1,-1,10,E01024819,0,4
2024520000158,2024,520000158,2,1,0,5,5,0,0,0,0,8,0,0,0,0,1,1,6,6,1,34,6,-1,-1,-1,-1,-1,-1,0,-1
2024010529194,2024,010529194,1,1,9,99,99,9,9,99,99,9,9,99,9,99,1,1,2,2,1,45,7,-1,-1,-1,-1,4,E01003916,0,1
2024010518514,2024,010518514,1,1,0,15,15,5,1,0,0,3,0,8,0,0,1,1,2,2,2,37,7,-1,-1,-1,-1,1,E01000524,0,1
2024471434047,2024,471434047,1,1,0,-1,19,1,5,-1,0,8,0,0,0,0,4,1,-1,9,1,34,6,-1,-1,-1,-1,9,E01034298,0,1
2024041499946,2024,041499946,3,9,0,-1,2,0,0,-1,0,8,0,0,0,0,1,1,-1,6,-1,-1,-1,-1,-1,-1,-1,-1,-1,0,-1
2024201464482,2024,201464482,1,9,0,-1,19,2,6,-1,0,0,0,10,1,0,1,1,-1,6,3,-1,-1,-1,-1,-1,-1,-1,-1,0,-1
2024010510913,2024,010510913,1,1,9,99,99,9,9,99,99,9,9,99,9,99,0,1,2,2,1,34,6,-1,-1,-1,-1,2,E01003921,0,1
2024430149649,2024,430149649,2,3,0,18,19,3,7,0,0,8,0,0,0,0,4,1,6,6,2,-1,-1,-1,-1,-1,-1,-1,-1,0,-1
202417M301324,2024,17M301324,1,9,0,3,3,8,4,0,0,0,0,0,0,0,2,1,2,2,1,60,9,-1,-1,-1,-1,8,E01032594,0,1
2024010560415,2024,010560415,1,1,9,99,99,9,9,99,99,1,9,99,9,99,1,1,1,1,3,27,6,-1,-1,-1,-1,-1,-1,0,-1
2024010494391,2024,010494391,2,9,0,99,99,9,9,99,99,9,9,99,9,99,1,9,6,6,3,-1,-1,-1,-1,-1,-1,-1,-1,0,-1
2024540144324,2024,540144324,1,9,0,18,19,8,4,0,0,0,1,0,5,6,3,1,6,6,1,32,6,-1,-1,-1,-1,3,E01015488,0,2
2024201493692,2024,201493692,1,9,0,-1,19,5,1,-1,0,4,0,0,0,0,1,9,-1,6,3,-1,-1,-1,-1,-1,-1,-1,-1,0,-1
2024430248972,2024,430248972,2,-1,0,18,19,3,7,0,0,8,0,0,0,0,3,1,6,6,2,23,5,-1,-1,-1,-1,7,E01016770,0,1
2024061425756,2024,061425756,1,9,0,-1,19,1,1,-1,0,0,0,0,0,0,1,2,-1,6,3,30,6,-1,-1,-1,-1,-1,-1,0,-1
2024361506062,2024,361506062,1,9,-1,-1,19,1,5,-1,0,1,0,0,0,0,-1,9,-1,6,3,-1,-1,-1,-1,-1,-1,-1,-1,0,-1
2024201504295,2024,201504295,1,9,0,-1,19,3,7,-1,0,1,0,10,7,4,1,9,-1,9,1,29,6,-1,-1,-1,-1,1,E01009298,0,2
2024991432764,2024,991432764,2,1,0,-1,19,3,7,-1,0,1,0,0,0,0,1,1,-1,1,1,40,7,-1,-1,-1,-1,7,-1,0,1
2024340NN0032,2024,340NN0032,1,9,0,-1,19,4,8,-1,0,0,0,0,0,7,1,1,-1,6,2,41,7,-1,-1,-1,-1,1,E01027318,0,2
202417S412924,2024,17S412924,1,9,0,-1,9,2,8,-1,0,8,0,0,0,0,1,1,-1,9,1,68,10,-1,-1,-1,-1,10,E01012299,0,1
2024101455655,2024,101455655,2,9,0,-1,19,5,1,-1,0,0,0,0,0,0,3,1,-1,2,1,59,9,-1,-1,-1,-1,9,E01027449,0,4
2024101402874,2024,101402874,1,9,0,-1,19,1,5,-1,0,4,0,0,0,0,1,9,-1,6,1,44,7,-1,-1,-1,-1,1,E01008573,0,1
2024520500146,2024,520500146,2,9,0,18,19,5,1,0,0,1,0,0,0,0,9,1,6,6,3,-1,-1,-1,-1,-1,-1,-1,-1,0,-1
2024052400779,2024,052400779,1,9,0,1,1,3,7,0,0,0,0,0,0,0,2,1,6,6,3,-1,-1,-1,-1,-1,-1,-1,-1,0,-1
2024061502711,2024,061502711,1,18,-1,-1,19,1,5,-1,1,0,0,0,0,0,1,1,-1,1,1,54,8,-1,-1,-1,-1,7,E01005051,0,3
2024461414337,2024,461414337,1,9,0,-1,19,3,7,-1,0,0,0,0,0,0,1,9,-1,6,3,-1,-1,-1,-1,-1,-1,-1,-1,0,-1
2024311526371,2024,311526371,1,9,0,-1,19,3,7,-1,0,0,0,0,0,0,1,1,-1,6,1,68,10,-1,-1,-1,-1,7,E01025964,0,3
2024545670424,2024,545670424,2,9,0,18,19,8,4,0,0,0,1,0,0,0,1,1,6,6,2,40,7,-1,-1,-1,-1,5,E01015555,0,2
2024542481724,2024,542481724,2,9,0,18,19,6,2,0,0,8,0,0,0,0,4,1,1,1,1,37,7,-1,-1,-1,-1,5,E01032070,0,1
2024010487656,2024,010487656,2,9,0,18,19,5,1,0,0,4,0,0,0,0,1,1,6,6,2,-1,-1,-1,-1,-1,-1,2,E01003732,0,2
2024311479591,2024,311479591,1,9,0,-1,4,5,1,-1,0,0,0,0,0,0,1,1,-1,6,3,-1,-1,-1,-1,-1,-1,-1,-1,0,-1
2024010513843,2024,010513843,1,1,9,99,99,9,9,99,99,9,9,99,9,99,1,1,6,6,1,18,4,-1,-1,-1,-1,2,E01001719,0,1
2024991481624,2024,991481624,2,1,0,-1,19,8,4,-1,0,1,0,0,0,0,4,1,-1,9,1,44,7,-1,-1,-1,-1,9,-1,0,1
2024010490093,2024,010490093,1,9,0,99,99,9,9,99,99,9,9,99,9,99,9,9,6,6,1,-1,-1,-1,-1,-1,-1,6,E01003833,0,3
2024131475888,2024,131475888,1,1,0,-1,19,8,3,-1,0,0,5,10,0,0,1,1,-1,2,1,34,6,-1,-1,-1,-1,4,E01025370,0,1
2024430572845,2024,430572845,2,9,0,18,19,4,8,0,0,0,0,0,0,0,1,1,6,6,1,58,9,-1,-1,-1,-1,4,E01032282,0,4
2024010498654,2024,010498654,1,1,9,99,99,9,9,99,99,9,9,99,9,99,9,1,2,2,1,35,6,-1,-1,-1,-1,4,E01002711,0,2
2024430614119,2024,430614119,2,19,0,11,11,8,2,0,0,4,0,0,0,0,4,1,6,6,2,48,8,-1,-1,-1,-1,-1,-1,0,-1
2024430440599,2024,430440599,2,9,0,3,3,8,4,0,0,8,0,0,0,0,2,2,2,2,1,31,6,-1,-1,-1,-1,6,E01017687,0,4
2024320272244,2024,320272244,1,9,0,-1,-1,7,3,0,0,1,0,0,1,0,1,1,-1,-1,2,25,5,-1,-1,-1,-1,-1,-1,0,-1
2024061426317,2024,061426317,2,1,0,-1,19,5,1,-1,4,8,0,0,0,0,1,1,-1,9,1,58,9,-1,-1,-1,-1,6,E01005078,0,2
2024471512379,2024,471512379,1,9,0,-1,5,7,3,-1,0,1,0,0,0,0,1,1,-1,9,1,62,9,-1,-1,-1,-1,9,E01029509,0,5
2024320572483,2024,320572483,2,9,0,4,4,2,6,0,0,1,0,0,0,0,2,1,-1,-1,2,59,9,-1,-1,-1,-1,10,E01026364,0,1
2024340NN3182,2024,340NN3182,1,9,0,-1,19,7,2,-1,0,0,1,0,1,4,1,1,-1,9,2,82,11,-1,-1,-1,-1,3,E01026962,0,2
2024101410952,2024,101410952,1,9,0,-1,15,5,1,-1,0,0,0,0,0,0,4,9,-1,6,3,-1,-1,-1,-1,-1,-1,-1,-1,0,-1
2024430428780,2024,430428780,2,1,0,18,19,3,7,0,0,0,0,0,0,0,3,1,6,6,2,22,5,-1,-1,-1,-1,2,E01016450,0,1
2024010494394,2024,010494394,2,9,0,99,99,9,9,99,99,0,9,99,9,99,2,9,6,6,3,-1,-1,-1,-1,-1,-1,-1,-1,0,-1
2024481503994,2024,481503994,2,1,0,-1,19,5,7,-1,0,8,0,0,0,0,3,1,-1,2,1,37,7,-1,-1,-1,-1,-1,-1,0,-1
2024010489517,2024,010489517,1,9,0,99,99,9,9,99,99,9,9,99,9,99,9,9,6,6,2,27,6,-1,-1,-1,-1,2,E01000025,0,1
2024471444525,2024,471444525,2,11,0,-1,20,0,0,-1,0,1,0,0,0,0,0,9,-1,6,3,-1,-1,-1,-1,-1,-1,-1,-1,0,-1
2024010515832,2024,010515832,1,1,0,18,19,8,4,9,9,1,0,0,0,0,1,1,6,6,1,33,6,-1,-1,-1,-1,3,E01004287,0,2
2024101437446,2024,101437446,1,9,0,-1,7,2,6,-1,0,1,0,0,0,0,1,9,-1,6,3,-1,-1,-1,-1,-1,-1,-1,-1,0,-1
2024161483386,2024,161483386,1,9,0,-1,8,2,5,-1,0,1,0,0,0,0,2,1,-1,9,1,50,8,-1,-1,-1,-1,3,E01034753,0,1
2024522402776,2024,522402776,2,1,0,17,19,5,3,0,0,8,0,0,0,0,1,1,6,6,1,40,7,-1,-1,-1,-1,5,E01014534,0,1
2024320743870,2024,320743870,1,9,0,-1,-1,5,1,0,0,0,0,0,7,4,1,1,6,6,1,28,6,-1,-1,-1,-1,3,E01026415,0,3
2024201503067,2024,201503067,1,9,0,-1,19,6,2,-1,0,1,0,0,0,0,1,9,-1,6,3,30,6,-1,-1,-1,-1,-1,-1,0,-1
2024411443686,2024,411443686,2,19,0,-1,19,6,2,-1,0,0,0,0,0,0,3,1,-1,6,1,62,9,-1,-1,-1,-1,6,E01023765,0,3
2024421531038,2024,421531038,2,1,0,-1,19,5,1,-1,0,4,0,0,0,0,3,1,-1,1,1,61,9,-1,-1,-1,-1,3,E01015843,0,1
2024010514573,2024,010514573,1,1,0,16,19,1,5,99,99,3,0,0,9,99,4,1,2,2,1,46,8,-1,-1,-1,-1,3,E01003235,0,1
2024010520598,2024,010520598,1,1,9,99,99,9,9,99,99,9,9,99,9,99,9,1,6,6,2,25,5,-1,-1,-1,-1,3,E01001969,0,1
2024471442324,2024,471442324,2,-1,0,-1,19,3,7,-1,0,0,0,0,0,0,1,1,-1,6,2,17,4,-1,-1,-1,-1,3,E01031795,1,1
2024161528102,2024,161528102,2,19,4,-1,19,5,1,-1,0,1,0,0,0,0,3,9,-1,6,3,-1,-1,-1,-1,-1,-1,-1,-1,0,-1
2024010521844,2024,010521844,2,1,0,18,19,5,1,0,0,1,0,0,0,0,1,1,2,2,1,24,5,-1,-1,-1,-1,10,E01000766,0,3
2024010506675,2024,010506675,1,9,0,1,1,6,2,5,5,8,0,0,0,0,2,1,1,1,1,24,5,-1,-1,-1,-1,7,E01003370,0,3
2024231496253,2024,231496253,1,9,0,-1,19,3,7,-1,0,0,0,0,0,0,1,1,-1,6,1,47,8,-1,-1,-1,-1,6,E01031130,0,1
2024010496802,2024,010496802,1,1,9,99,99,9,9,99,99,9,9,99,9,99,9,1,6,6,1,52,8,-1,-1,-1,-1,5,E01004644,0,2
2024070512494,2024,070512494,2,1,0,4,4,5,1,0,0,1,0,0,0,0,1,1,6,6,1,46,8,-1,-1,-1,-1,10,E01018590,0,1
2024440359169,2024,440359169,1,1,0,18,19,5,2,0,0,0,0,8,0,0,1,1,6,6,2,45,7,-1,-1,-1,-1,6,E01017072,0,1
2024311514734,2024,311514734,2,1,0,-1,5,1,5,-1,0,1,5,0,0,0,1,1,-1,6,1,27,6,-1,-1,-1,-1,-1,-1,0,-1
2024010491311,2024,010491311,3,9,9,99,99,9,9,0,0,9,9,99,9,0,9,9,6,6,3,-1,-1,-1,-1,-1,-1,4,E01002598,0,1
2024010503662,2024,010503662,2,1,0,7,7,5,7,0,0,3,0,0,0,0,3,1,6,6,1,40,7,-1,-1,-1,-1,2,E01000012,0,1
2024161494316,2024,161494316,1,1,0,-1,19,5,1,-1,0,0,0,4,3,0,1,1,-1,7,1,14,3,-1,-1,-1,-1,1,E01012881,0,1
2024101434926,2024,101434926,1,9,0,-1,9,7,3,-1,0,8,0,0,0,0,1,1,-1,2,1,18,4,-1,-1,-1,-1,2,E01008613,0,3
2024991398193,2024,991398193,2,1,0,-1,19,8,4,-1,0,8,2,0,0,0,4,1,-1,9,1,44,7,-1,-1,-1,-1,7,-1,0,1
2024111534996,2024,111534996,1,9,0,-1,9,1,5,-1,0,0,0,0,0,0,1,1,-1,6,3,30,6,-1,-1,-1,-1,-1,-1,0,-1
2024070174983,2024,070174983,1,90,0,18,19,5,1,0,0,1,5,0,7,0,1,1,2,2,1,20,4,-1,-1,-1,-1,5,E01034678,0,4
2024201407068,2024,201407068,1,11,0,-1,3,2,5,-1,2,0,0,0,0,0,0,1,-1,1,1,-1,-1,-1,-1,-1,-1,-1,-1,0,-1
2024010522368,2024,010522368,1,1,9,99,99,9,9,99,99,9,9,99,9,99,1,1,6,6,2,29,6,-1,-1,-1,-1,5,E01035662,0,2
2024010518837,2024,010518837,1,1,9,99,99,9,9,99,99,9,9,99,9,99,4,1,2,2,2,47,8,-1,-1,-1,-1,5,E01004232,0,1
2024010496051,2024,010496051,2,9,0,99,99,9,9,99,99,9,9,99,9,99,9,9,6,6,3,-1,-1,-1,-1,-1,-1,-1,-1,0,-1
2024371393683,2024,371393683,1,9,0,-1,19,6,2,-1,0,0,0,0,7,4,1,9,-1,2,1,37,7,-1,-1,-1,-1,4,E01029927,0,2
2024041451340,2024,041451340,1,23,0,-1,19,1,5,-1,0,1,5,0,0,0,1,1,-1,9,1,18,4,-1,-1,-1,-1,3,E01025213,0,1
2024010542366,2024,010542366,1,1,0,18,19,5,1,0,0,0,0,0,0,0,1,1,2,2,1,38,7,-1,-1,-1,-1,3,E01002027,0,1
2024371422120,2024,371422120,2,9,0,-1,2,0,0,-1,0,1,0,0,0,0,2,1,-1,6,-1,-1,-1,-1,-1,-1,-1,-1,-1,0,-1
2024141484782,2024,141484782,2,97,0,-1,19,7,3,-1,0,1,0,0,0,0,1,1,-1,9,1,16,4,-1,-1,-1,-1,2,E01007497,0,1
2024531484394,2024,531484394,1,9,0,-1,19,3,7,-1,0,0,1,0,2,10,3,9,-1,6,1,-1,-1,-1,-1,-1,-1,-1,-1,0,-1
2024302400610,2024,302400610,3,9,0,6,6,6,6,0,0,0,0,0,0,0,0,1,6,6,3,-1,-1,-1,-1,-1,-1,5,E01019456,0,2
2024221527798,2024,221527798,1,9,0,-1,9,7,4,-1,0,6,0,0,0,0,1,9,-1,2,1,39,7,-1,-1,-1,-1,3,E01014104,0,1
2024010540007,2024,010540007,2,9,0,99,99,9,9,99,99,9,9,99,9,99,9,9,6,6,3,-1,-1,-1,-1,-1,-1,-1,-1,0,-1
2024010497429,2024,010497429,2,23,0,5,5,1,5,0,0,6,0,0,0,0,0,1,6,6,3,-1,-1,-1,-1,-1,-1,-1,-1,0,-1
2024430259962,2024,430259962,1,8,0,18,19,7,3,0,0,1,0,0,0,0,1,1,1,1,1,-1,-1,-1,-1,-1,-1,-1,-1,0,-1
2024430303647,2024,430303647,2,9,0,3,3,5,1,0,0,0,0,0,0,0,2,1,3,7,1,37,7,-1,-1,-1,-1,8,E01033816,0,2
2024302400043,2024,302400043,1,19,0,18,19,1,5,0,0,0,0,0,7,10,1,1,6,6,1,74,10,-1,-1,-1,-1,3,E01019508,0,1
2024010512255,2024,010512255,1,97,0,18,19,1,5,9,9,8,0,0,0,0,1,1,6,6,3,-1,-1,-1,-1,-1,-1,-1,-1,0,-1
2024411445958,2024,411445958,2,1,0,-1,9,5,3,-1,0,1,0,0,0,0,2,1,-1,6,1,65,9,-1,-1,-1,-1,10,E01023420,0,3
2024991498112,2024,991498112,2,1,0,-1,19,5,1,-1,0,1,0,0,0,0,4,1,-1,6,1,28,6,-1,-1,-1,-1,-1,-1,0,-1
2024131494417,2024,131494417,1,9,0,-1,19,-1,-1,-1,0,4,0,-1,-1,0,-1,1,-1,6,3,40,7,-1,-1,-1,-1,-1,-1,0,-1
2024010489015,2024,010489015,1,3,0,13,13,5,1,0,0,1,0,0,0,0,1,1,6,6,1,35,6,-1,-1,-1,-1,2,E01001555,0,1
2024061479775,2024,061479775,2,1,0,-1,99,-1,-1,-1,99,9,9,99,9,99,3,1,-1,6,1,-1,-1,-1,-1,-1,-1,-1,-1,0,-1
2024052400073,2024,052400073,4,9,0,3,3,1,5,0,0,0,0,0,0,0,2,1,6,6,1,53,8,-1,-1,-1,-1,3,E01006793,0,1
2024320056452,2024,320056452,1,9,0,-1,-1,2,7,0,0,0,0,0,0,0,0,1,6,6,3,-1,-1,-1,-1,-1,-1,-1,-1,0,-1
2024010540799,2024,010540799,1,9,0,4,4,5,1,0,0,0,0,0,0,0,1,1,1,1,1,54,8,-1,-1,-1,-1,3,E01000638,0,1
2024010493382,2024,010493382,1,9,0,2,2,0,0,0,0,1,0,0,0,0,2,2,6,6,3,-1,-1,-1,-1,-1,-1,-1,-1,0,-1
2024501496856,2024,501496856,2,19,0,-1,19,5,1,-1,0,0,0,0,0,0,0,1,-1,1,2,30,6,-1,-1,-1,-1,4,E01018914,0,1
2024531475380,2024,531475380,1,-1,0,-1,19,5,1,-1,0,4,5,0,0,0,4,1,-1,9,1,17,4,-1,-1,-1,-1,6,E01022343,1,3
2024010492484,2024,010492484,1,1,9,99,99,9,9,99,99,0,9,99,9,99,9,1,1,1,1,21,5,-1,-1,-1,-1,3,E01003560,0,1
2024131437142,2024,131437142,2,8,0,-1,-1,-1,-1,-1,-1,-1,-1,-1,-1,-1,-1,1,-1,6,3,-1,-1,-1,-1,-1,-1,-1,-1,0,-1
2024361488343,2024,361488343,1,9,0,-1,5,3,1,-1,0,6,0,0,0,0,1,1,-1,6,1,56,9,-1,-1,-1,-1,9,E01018278,0,4
2024481566726,2024,481566726,2,1,0,-1,13,5,1,-1,0,0,0,0,0,0,4,1,-1,1,1,24,5,-1,-1,-1,-1,-1,-1,0,-1
2024031476633,2024,031476633,1,9,0,-1,19,7,3,-1,0,0,0,0,0,0,0,9,-1,6,3,-1,-1,-1,-1,-1,-1,-1,-1,0,-1
2024010507034,2024,010507034,1,90,0,99,99,9,9,99,99,9,9,99,9,99,1,9,6,6,1,29,6,-1,-1,-1,-1,7,E01002166,0,1
2024471467949,2024,471467949,2,9,0,-1,4,8,5,-1,0,1,0,0,0,0,1,1,-1,6,2,-1,-1,-1,-1,-1,-1,3,E01031657,0,4
2024010499046,2024,010499046,1,1,9,99,99,9,9,99,99,0,9,99,9,99,9,1,6,6,1,32,6,-1,-1,-1,-1,6,E01004521,0,1
2024031461034,2024,031461034,2,1,-1,-1,-1,-1,-1,-1,-1,0,-1,-1,-1,0,-1,1,-1,2,1,48,8,-1,-1,-1,-1,-1,-1,0,-1
2024430087742,2024,430087742,2,1,0,18,19,2,6,0,0,0,0,10,1,0,4,1,6,6,1,60,9,-1,-1,-1,-1,7,E01016239,0,2
2024052402382,2024,052402382,2,1,0,18,19,5,1,0,0,8,0,0,0,0,3,1,6,6,1,49,8,-1,-1,-1,-1,1,E01034836,0,1
2024010487503,2024,010487503,2,9,0,99,99,9,9,99,99,9,9,99,9,99,9,9,6,6,3,-1,-1,-1,-1,-1,-1,-1,-1,0,-1
2024061492738,2024,061492738,2,1,0,-1,19,1,5,-1,-1,0,-1,0,0,0,4,1,-1,6,2,60,9,-1,-1,-1,-1,5,E01005790,0,1
2024061517118,2024,061517118,1,1,0,-1,13,-1,-1,-1,0,0,1,0,0,0,4,1,-1,2,1,54,8,-1,-1,-1,-1,6,E01019738,0,2
2024010500825,2024,010500825,1,1,9,99,99,9,9,99,99,9,9,99,9,99,1,1,6,6,1,29,6,-1,-1,-1,-1,9,E01003875,0,1
2024010493306,2024,010493306,2,9,0,1,1,1,5,0,0,4,0,0,0,0,1,1,6,6,1,53,8,-1,-1,-1,-1,3,E01000404,0,1
2024471406907,2024,471406907,2,1,0,-1,19,3,5,-1,0,3,0,0,0,0,3,1,-1,6,2,-1,-1,-1,-1,-1,-1,3,E01021017,0,1
2024111425983,2024,111425983,1,9,0,-1,9,5,3,-1,0,8,0,0,0,0,1,1,-1,9,1,53,8,-1,-1,-1,-1,2,E01020648,0,3
2024041462419,2024,041462419,1,1,0,-1,19,1,5,-1,0,0,5,0,1,9,1,1,-1,6,1,59,9,-1,-1,-1,-1,10,E01003891,0,5
2024522402337,2024,522402337,1,1,0,12,12,1,5,4,4,2,0,0,0,0,1,1,6,6,1,28,6,-1,-1,-1,-1,9,E01014669,0,1
2024061481168,2024,061481168,1,9,0,-1,19,7,3,-1,0,1,0,0,0,0,1,1,-1,9,2,33,6,-1,-1,-1,-1,9,E01005572,0,1
2024010521155,2024,010521155,2,19,9,99,99,9,9,99,99,9,9,99,9,99,9,9,6,6,3,-1,-1,-1,-1,-1,-1,-1,-1,0,-1
2024101426412,2024,101426412,2,1,0,-1,19,7,3,-1,0,4,0,0,0,0,1,1,-1,6,1,40,7,-1,-1,-1,-1,1,E01027533,0,1
2024010518460,2024,010518460,2,8,0,99,99,9,9,99,99,9,9,99,9,99,1,9,6,6,3,-1,-1,-1,-1,-1,-1,-1,-1,0,-1
2024430011789,2024,430011789,2,9,0,18,19,5,1,0,0,0,0,0,0,0,1,1,6,6,3,-1,-1,-1,-1,-1,-1,-1,-1,0,-1
2024010489634,2024,010489634,1,3,9,99,99,9,9,99,99,9,9,99,9,99,9,1,1,1,2,25,5,-1,-1,-1,-1,3,E01001808,0,1
2024430438780,2024,430438780,1,1,0,18,19,2,6,0,0,8,0,0,0,0,4,1,2,2,1,51,8,-1,-1,-1,-1,8,E01016334,0,3
2024421507073,2024,421507073,1,16,5,-1,10,4,1,-1,0,0,0,7,2,0,4,1,-1,9,1,70,10,-1,-1,-1,-1,7,E01021656,0,1
2024052402867,2024,052402867,1,9,0,18,19,4,8,0,0,0,1,0,1,4,1,1,6,6,1,21,5,-1,-1,-1,-1,1,E01033747,0,1
2024111495121,2024,111495121,2,1,0,-1,19,3,7,-1,0,8,5,0,0,0,3,1,-1,6,1,65,9,-1,-1,-1,-1,8,E01011965,0,2
2024471527821,2024,471527821,2,1,0,-1,19,4,8,-1,0,2,5,0,0,0,1,1,-1,1,1,45,7,-1,-1,-1,-1,1,E01020912,0,1
2024411421009,2024,411421009,1,19,0,-1,19,6,2,-1,0,0,0,0,0,0,4,1,-1,6,1,-1,-1,-1,-1,-1,-1,-1,-1,0,-1
2024031511059,2024,031511059,2,9,0,-1,9,5,7,-1,0,6,0,0,0,0,1,1,-1,6,1,82,11,-1,-1,-1,-1,-1,-1,0,-1
2024010488896,2024,010488896,5,9,0,2,2,0,0,0,0,1,0,0,0,0,4,1,6,6,3,-1,-1,-1,-1,-1,-1,-1,-1,0,-1
2024421448886,2024,421448886,2,1,0,-1,19,3,7,-1,0,1,0,0,0,0,1,1,-1,6,2,59,9,-1,-1,-1,-1,5,E01021489,0,1
2024371539819,2024,371539819,2,1,0,-1,19,3,7,-1,0,0,0,0,0,0,1,1,-1,9,1,9,2,-1,-1,-1,-1,-1,-1,0,-1
2024010541052,2024,010541052,2,1,0,18,19,7,3,4,4,1,0,0,1,0,1,1,6,6,1,28,6,-1,-1,-1,-1,3,E01000404,0,3