collision_index,collision_year,collision_ref_no,vehicle_reference,vehicle_type,towing_and_articulation,vehicle_manoeuvre_historic,vehicle_manoeuvre,vehicle_direction_from,vehicle_direction_to,vehicle_location_restricted_lane_historic,vehicle_location_restricted_lane,junction_location,skidding_and_overturning,hit_object_in_carriageway,vehicle_leaving_carriageway,hit_object_off_carriageway,first_point_of_impact,vehicle_left_hand_drive,journey_purpose_of_driver_historic,journey_purpose_of_driver,sex_of_driver,age_of_driver,age_band_of_driver,engine_capacity_cc,propulsion_code,age_of_vehicle,generic_make_model,driver_imd_decile,lsoa_of_driver,escooter_flag,driver_distance_banding
2024010517177,2024,010517177,1,1,9,99,99,9,9,99,99,9,9,99,9,99,9,1,6,6,1,25,5,-1,-1,-1,-1,4,E01001174,0,1
2024411427978,2024,411427978,2,9,0,-1,3,-1,-1,-1,0,0,0,0,0,0,2,9,-1,9,1,40,7,-1,-1,-1,-1,8,E01002150,0,1
2024211505168,2024,211505168,1,1,0,-1,19,5,1,-1,0,0,0,0,0,0,3,1,-1,2,2,-1,-1,-1,-1,-1,-1,-1,-1,0,-1
2024131499128,2024,131499128,2,1,0,-1,19,6,2,-1,0,8,0,0,0,0,4,1,-1,6,2,60,9,-1,-1,-1,-1,9,E01011513,0,1
2024421476906,2024,421476906,4,98,0,-1,4,3,7,-1,0,1,0,0,0,0,0,1,-1,6,-1,-1,-1,-1,-1,-1,-1,-1,-1,0,-1
2024010532370,2024,010532370,1,97,0,18,19,5,1,0,0,9,0,0,0,0,1,1,6,6,3,-1,-1,-1,-1,-1,-1,-1,-1,0,-1
2024430043134,2024,430043134,2,1,0,18,19,5,1,0,0,2,0,0,0,0,3,1,6,6,1,15,3,-1,-1,-1,-1,3,E01016391,0,1
2024010528202,2024,010528202,1,9,0,5,5,3,7,0,0,0,0,0,0,0,1,1,6,6,1,32,6,-1,-1,-1,-1,7,E01001346,0,1
2024401456565,2024,401456565,1,9,-1,-1,-1,-1,-1,-1,-1,3,-1,-1,-1,0,-1,9,-1,6,3,-1,-1,-1,-1,-1,-1,-1,-1,0,-1
2024061467098,2024,061467098,1,9,0,-1,19,7,3,-1,0,0,0,4,1,0,1,1,-1,6,1,49,8,-1,-1,-1,-1,7,E01006252,0,2
2024440439519,2024,440439519,2,9,0,18,19,8,4,0,0,0,0,0,0,0,1,1,6,6,1,59,9,-1,-1,-1,-1,4,E01022657,0,1
2024461439261,2024,461439261,1,9,0,-1,19,5,1,-1,0,0,2,4,8,0,1,1,-1,6,1,32,6,-1,-1,-1,-1,5,E01024206,0,1
2024401525844,2024,401525844,2,9,0,-1,19,4,7,-1,0,0,0,0,0,0,1,1,-1,6,2,28,6,-1,-1,-1,-1,7,E01015694,0,1
2024411467927,2024,411467927,1,9,0,-1,19,6,2,-1,0,0,0,0,0,0,1,1,-1,6,2,35,6,-1,-1,-1,-1,6,E01023518,0,1
2024041523099,2024,041523099,1,9,0,-1,19,-1,-1,-1,0,0,0,0,0,0,-1,1,-1,6,3,-1,-1,-1,-1,-1,-1,-1,-1,0,-1
2024371474356,2024,371474356,2,22,0,-1,19,7,3,-1,0,0,0,0,0,0,3,1,-1,9,1,85,11,-1,-1,-1,-1,8,E01030269,0,1
2024161527443,2024,161527443,2,11,0,-1,19,1,5,-1,0,8,0,0,0,0,3,1,-1,6,1,-1,-1,-1,-1,-1,-1,-1,-1,0,-1
2024010489567,2024,010489567,1,3,0,99,99,9,9,99,99,1,9,99,9,99,1,1,6,6,1,21,5,-1,-1,-1,-1,3,E01015701,0,4
2024010538624,2024,010538624,2,1,9,99,99,9,9,99,99,9,9,99,9,99,1,1,6,6,1,43,7,-1,-1,-1,-1,1,E01035639,0,1
2024522401323,2024,522401323,1,-1,0,18,19,1,5,5,5,8,0,0,0,0,1,1,6,6,3,-1,-1,-1,-1,-1,-1,-1,-1,1,-1
2024010534205,2024,010534205,2,1,0,9,9,3,8,0,0,8,0,0,0,0,4,1,1,1,1,19,4,-1,-1,-1,-1,3,E01001789,0,1
2024302401049,2024,302401049,1,4,0,18,19,2,6,0,0,0,1,0,0,0,4,1,2,2,1,26,6,-1,-1,-1,-1,7,E01019553,0,3
2024010487299,2024,010487299,1,1,9,99,99,9,9,99,99,9,9,99,9,99,1,1,2,2,1,49,8,-1,-1,-1,-1,4,E01002088,0,1
2024010522645,2024,010522645,2,1,0,9,9,1,6,0,0,8,0,0,0,0,3,1,6,6,2,21,5,-1,-1,-1,-1,2,E01008963,0,5
2024361444356,2024,361444356,2,9,0,-1,19,7,3,-1,0,1,0,0,0,0,1,1,-1,6,1,26,6,-1,-1,-1,-1,8,E01026880,0,1
2024141413729,2024,141413729,1,9,0,-1,9,7,4,-1,0,5,0,0,0,0,1,9,-1,6,3,-1,-1,-1,-1,-1,-1,-1,-1,0,-1
2024411509853,2024,411509853,2,19,0,-1,19,5,1,-1,0,2,0,0,0,0,1,1,-1,1,1,-1,-1,-1,-1,-1,-1,5,E01023537,0,1
2024010518053,2024,010518053,2,1,9,99,99,9,9,99,99,1,9,99,9,99,9,1,2,2,1,32,6,-1,-1,-1,-1,3,E01004060,0,1
2024471425491,2024,471425491,2,9,0,-1,19,7,3,-1,0,4,0,0,0,0,2,1,-1,1,1,60,9,-1,-1,-1,-1,6,E01024466,0,4
2024010491532,2024,010491532,1,9,0,3,3,1,5,0,0,1,0,0,0,0,2,1,6,6,1,36,7,-1,-1,-1,-1,4,E01003372,0,1
2024010501903,2024,010501903,2,1,0,18,19,3,7,0,0,8,0,0,0,0,4,1,1,1,1,27,6,-1,-1,-1,-1,2,E01003604,0,1
2024430480332,2024,430480332,2,1,0,9,9,4,2,0,0,8,0,0,0,0,1,1,6,6,1,22,5,-1,-1,-1,-1,4,E01016207,0,4
2024101535357,2024,101535357,1,9,-1,-1,19,8,3,-1,0,1,0,0,0,0,-1,9,-1,6,1,-1,-1,-1,-1,-1,-1,8,E01006580,0,5
2024010548988,2024,010548988,1,9,9,18,19,1,5,0,0,9,0,99,9,0,1,1,6,6,3,-1,-1,-1,-1,-1,-1,-1,-1,0,-1
2024201431672,2024,201431672,2,9,0,-1,7,1,7,-1,0,5,0,0,0,0,1,9,-1,6,3,-1,-1,-1,-1,-1,-1,-1,-1,0,-1
2024622400197,2024,622400197,2,9,0,15,15,2,6,0,0,0,0,0,0,0,2,1,6,6,3,-1,-1,-1,-1,-1,-1,-1,-1,0,-1
2024010541982,2024,010541982,1,9,0,99,99,9,9,99,99,9,9,99,9,99,1,9,6,6,3,-1,-1,-1,-1,-1,-1,-1,-1,0,-1
2024520000784,2024,520000784,3,9,0,3,3,5,1,0,0,1,0,0,0,0,2,1,6,6,1,62,9,-1,-1,-1,-1,4,E01029038,0,3
2024010514769,2024,010514769,2,-1,0,18,19,1,5,0,0,1,2,0,0,0,1,1,2,2,1,37,7,-1,-1,-1,-1,7,E01003408,1,1
2024430342640,2024,430342640,2,1,0,18,19,6,2,0,0,8,0,0,0,0,3,1,6,6,1,24,5,-1,-1,-1,-1,3,E01016726,0,1
2024010523885,2024,010523885,2,9,0,18,19,1,5,0,0,1,0,0,0,0,1,9,6,6,3,-1,-1,-1,-1,-1,-1,-1,-1,0,-1
2024010545832,2024,010545832,1,1,9,99,99,9,9,99,99,9,9,99,9,99,0,1,1,1,1,20,4,-1,-1,-1,-1,4,E01033654,0,5
2024061484179,2024,061484179,1,9,0,-1,19,3,7,-1,0,0,0,0,0,0,1,1,-1,1,1,40,7,-1,-1,-1,-1,7,E01019754,0,4
2024010495447,2024,010495447,1,5,0,13,13,1,5,0,0,1,0,0,0,0,4,1,2,2,1,51,8,-1,-1,-1,-1,4,E01021808,0,3
2024161444601,2024,161444601,2,9,0,-1,19,7,3,-1,0,0,0,0,0,0,1,1,-1,6,-1,-1,-1,-1,-1,-1,-1,-1,-1,0,-1
2024010531329,2024,010531329,1,1,9,99,99,9,9,99,99,9,9,99,9,99,9,1,2,2,1,46,8,-1,-1,-1,-1,10,E01004095,0,3
2024010520626,2024,010520626,2,1,0,18,19,1,5,9,9,1,0,0,0,0,1,1,6,6,1,38,7,-1,-1,-1,-1,10,E01030327,0,2
2024010533978,2024,010533978,2,1,0,18,19,3,7,0,0,8,1,0,0,0,1,1,6,6,1,74,10,-1,-1,-1,-1,-1,-1,0,-1
2024361432679,2024,361432679,2,1,0,-1,19,4,8,-1,0,8,0,0,0,0,4,1,-1,7,2,16,4,-1,-1,-1,-1,5,E01030241,0,2
2024041458922,2024,041458922,2,9,0,-1,19,5,1,-1,0,0,0,0,0,0,4,1,-1,9,1,57,9,-1,-1,-1,-1,4,E01001972,0,5
2024361510134,2024,361510134,2,1,-1,-1,-1,-1,-1,-1,-1,0,-1,-1,-1,0,-1,1,-1,6,2,11,3,-1,-1,-1,-1,6,E01026887,0,1
2024010545837,2024,010545837,1,1,9,99,99,9,9,99,99,9,9,99,9,99,9,1,6,6,1,25,5,-1,-1,-1,-1,2,E01004247,0,1
2024302400987,2024,302400987,2,1,0,18,19,6,2,0,0,8,0,0,0,0,1,1,6,6,1,13,3,-1,-1,-1,-1,8,E01019707,0,1
2024052402611,2024,052402611,1,9,0,2,2,0,0,0,0,0,0,0,0,0,3,1,6,6,2,-1,-1,-1,-1,-1,-1,-1,-1,0,-1
2024010487723,2024,010487723,4,19,0,2,2,0,0,0,0,0,0,0,0,0,3,1,6,6,3,-1,-1,-1,-1,-1,-1,-1,-1,0,-1
2024010504342,2024,010504342,2,9,0,99,99,9,9,99,99,6,9,99,9,99,9,9,6,6,3,-1,-1,-1,-1,-1,-1,7,E01024285,0,4
2024161406285,2024,161406285,2,9,0,-1,8,1,3,-1,0,1,0,0,0,0,1,9,-1,6,2,38,7,-1,-1,-1,-1,7,E01013182,0,1
2024211496684,2024,211496684,2,9,0,-1,19,6,2,-1,0,1,0,0,0,0,1,1,-1,6,2,64,9,-1,-1,-1,-1,-1,-1,0,-1
2024351522054,2024,351522054,1,9,0,-1,19,5,1,-1,0,0,0,0,0,0,1,9,-1,6,3,-1,-1,-1,-1,-1,-1,-1,-1,0,-1
2024311398140,2024,311398140,1,9,0,-1,19,5,1,-1,0,0,0,0,0,0,1,1,-1,6,3,20,4,-1,-1,-1,-1,-1,-1,0,-1
2024010534129,2024,010534129,1,9,0,2,2,0,0,0,0,0,0,0,0,0,3,1,6,6,3,-1,-1,-1,-1,-1,-1,-1,-1,0,-1
2024461466140,2024,461466140,2,-1,0,-1,14,7,3,-1,0,0,0,0,0,0,1,1,-1,9,1,19,4,-1,-1,-1,-1,2,E01024315,1,1
2024411429186,2024,411429186,2,1,0,-1,19,3,7,-1,0,3,0,0,0,0,3,1,-1,6,2,57,9,-1,-1,-1,-1,7,E01023682,0,1
2024131502464,2024,131502464,1,90,0,-1,9,3,2,-1,0,4,0,0,0,0,1,1,-1,6,3,-1,-1,-1,-1,-1,-1,-1,-1,0,-1
2024061475939,2024,061475939,2,1,0,-1,19,1,3,-1,0,3,5,0,0,0,1,1,-1,2,2,34,6,-1,-1,-1,-1,7,E01005783,0,1
2024430036863,2024,430036863,1,3,0,18,19,5,1,0,0,0,0,0,0,0,1,1,1,1,2,36,7,-1,-1,-1,-1,5,E01016357,0,1
2024010494180,2024,010494180,2,2,0,99,99,9,9,99,99,9,9,99,9,99,1,1,6,6,3,25,5,-1,-1,-1,-1,2,E01015367,0,5
2024430392402,2024,430392402,2,19,0,18,19,4,8,0,0,1,0,0,0,0,1,1,6,6,1,30,6,-1,-1,-1,-1,-1,-1,0,-1
2024010553055,2024,010553055,2,1,0,99,99,9,9,99,99,9,9,0,9,99,1,1,6,6,1,32,6,-1,-1,-1,-1,-1,-1,0,-1
2024552400531,2024,552400531,1,9,0,18,19,6,2,9,9,0,0,0,7,11,1,1,2,2,2,43,7,-1,-1,-1,-1,7,E01020509,0,4
2024010506910,2024,010506910,2,1,0,7,7,1,4,0,0,3,2,0,0,0,4,1,1,1,1,66,10,-1,-1,-1,-1,6,E01035705,0,1
2024361437798,2024,361437798,1,9,0,-1,19,3,7,-1,0,1,5,0,7,2,1,1,-1,6,1,29,6,-1,-1,-1,-1,7,E01026528,0,1
2024231471516,2024,231471516,2,9,0,-1,19,8,4,-1,0,1,0,0,0,0,2,9,-1,2,2,65,9,-1,-1,-1,-1,9,E01033251,0,2
2024501525009,2024,501525009,1,5,0,-1,19,5,1,-1,0,8,2,0,0,0,3,1,-1,9,1,21,5,-1,-1,-1,-1,2,E01015182,0,1
2024111469425,2024,111469425,1,5,0,-1,19,7,3,-1,0,0,0,0,1,0,1,1,-1,9,1,53,8,-1,-1,-1,-1,-1,-1,0,-1
2024010509571,2024,010509571,1,1,9,18,19,4,8,0,0,7,9,8,0,0,1,1,6,6,2,15,3,-1,-1,-1,-1,2,E01004702,0,1
2024531481018,2024,531481018,2,9,0,-1,19,5,3,-1,0,8,0,0,0,0,3,1,-1,9,2,57,9,-1,-1,-1,-1,6,E01022464,0,3
2024131510499,2024,131510499,2,97,0,-1,6,3,7,-1,0,8,1,0,0,0,0,1,-1,9,1,38,7,-1,-1,-1,-1,1,E01011626,0,1
2024061477592,2024,061477592,2,9,0,-1,19,2,6,-1,0,0,0,0,0,0,2,1,-1,1,1,62,9,-1,-1,-1,-1,6,E01006803,0,4
2024361471471,2024,361471471,1,9,0,-1,7,4,8,-1,0,1,0,0,0,0,0,1,-1,6,3,44,7,-1,-1,-1,-1,-1,-1,0,-1
2024061408799,2024,061408799,1,9,0,-1,19,3,7,-1,0,0,0,0,0,0,1,9,-1,6,1,35,6,-1,-1,-1,-1,-1,-1,0,-1
2024010522329,2024,010522329,2,1,0,-1,-1,7,3,0,0,1,0,0,0,0,4,1,6,6,1,50,8,-1,-1,-1,-1,6,E01033867,0,1
2024010506681,2024,010506681,2,1,0,4,4,3,7,0,0,1,0,0,0,0,2,1,6,6,2,49,8,-1,-1,-1,-1,5,E01004580,0,1
2024440401712,2024,440401712,2,1,0,18,19,8,4,0,0,2,0,0,0,0,3,1,2,2,1,68,10,-1,-1,-1,-1,-1,-1,0,-1
2024320136422,2024,320136422,2,21,0,-1,-1,7,4,0,0,3,0,0,1,0,4,1,1,1,1,41,7,-1,-1,-1,-1,2,E01008813,0,5
2024430176573,2024,430176573,1,9,0,5,5,6,8,0,0,6,0,0,0,0,1,1,6,6,1,59,9,-1,-1,-1,-1,7,E01017720,0,3
2024010505803,2024,010505803,2,1,0,18,19,7,3,1,1,8,0,0,0,0,3,1,6,6,1,48,8,-1,-1,-1,-1,3,E01032583,0,1
2024101475667,2024,101475667,1,9,0,-1,19,1,5,-1,0,3,0,0,0,0,4,1,-1,6,-1,20,4,-1,-1,-1,-1,-1,-1,0,-1
2024061451064,2024,061451064,1,9,-1,-1,19,8,4,-1,0,1,0,0,0,0,1,9,-1,6,3,-1,-1,-1,-1,-1,-1,-1,-1,0,-1
2024340WN3292,2024,340WN3292,1,19,0,-1,13,5,1,-1,0,1,0,0,0,0,1,1,-1,6,1,-1,-1,-1,-1,-1,-1,-1,-1,0,-1
2024430124049,2024,430124049,2,9,0,18,19,2,6,0,0,1,0,0,0,0,1,1,6,6,3,-1,-1,-1,-1,-1,-1,-1,-1,0,-1
2024010530143,2024,010530143,1,9,0,99,99,9,9,99,99,9,9,99,9,99,9,9,6,6,2,-1,-1,-1,-1,-1,-1,-1,-1,0,-1
2024010494628,2024,010494628,1,9,0,99,99,9,9,99,99,9,9,99,9,99,9,9,2,2,1,52,8,-1,-1,-1,-1,2,E01000073,0,2
2024061442209,2024,061442209,3,9,0,-1,19,1,3,-1,0,8,0,4,0,0,1,1,-1,6,1,29,6,-1,-1,-1,-1,2,E01005222,0,1
2024440295766,2024,440295766,1,9,0,9,9,5,2,0,0,8,0,0,0,0,3,1,2,2,1,22,5,-1,-1,-1,-1,6,E01034729,0,1
2024111515843,2024,111515843,1,9,0,-1,12,7,4,-1,0,0,2,7,0,0,3,1,-1,6,1,81,11,-1,-1,-1,-1,6,E01020697,0,1
2024421404780,2024,421404780,3,9,0,-1,19,4,8,-1,0,1,0,0,0,0,1,1,-1,2,1,65,9,-1,-1,-1,-1,3,E01000062,0,3
2024131524047,2024,131524047,1,9,0,-1,-1,-1,-1,-1,-1,-1,-1,-1,-1,-1,-1,1,-1,6,3,-1,-1,-1,-1,-1,-1,-1,-1,0,-1
2024010524403,2024,010524403,2,1,0,4,4,1,5,0,0,5,0,0,1,0,2,1,2,2,1,20,4,-1,-1,-1,-1,4,E01004043,0,1
2024010511866,2024,010511866,1,9,9,9,9,1,7,0,0,5,0,0,0,0,1,9,6,6,3,-1,-1,-1,-1,-1,-1,-1,-1,0,-1
2024010536044,2024,010536044,2,19,0,18,19,1,5,0,0,1,0,0,0,0,1,1,6,6,3,34,6,-1,-1,-1,-1,-1,-1,0,-1
2024461476002,2024,461476002,2,5,0,-1,19,6,2,-1,0,0,0,0,0,0,3,1,-1,9,1,39,7,-1,-1,-1,-1,10,E01030791,0,4
2024052402010,2024,052402010,1,9,0,18,19,6,1,0,0,1,0,0,0,0,1,1,6,6,3,-1,-1,-1,-1,-1,-1,-1,-1,0,-1
2024201534328,2024,201534328,2,9,0,-1,19,1,5,-1,0,0,0,0,0,0,4,9,-1,2,1,51,8,-1,-1,-1,-1,7,E01029825,0,3
2024010534795,2024,010534795,2,1,0,18,19,1,5,0,0,1,0,0,0,0,1,1,6,6,2,28,6,-1,-1,-1,-1,4,E01003169,0,2
2024320230672,2024,320230672,1,9,0,7,7,2,4,0,0,5,0,0,0,0,1,1,6,6,1,-1,-1,-1,-1,-1,-1,-1,-1,0,-1
2024010508330,2024,010508330,2,19,0,99,99,9,9,99,99,9,9,99,9,99,1,9,6,6,1,-1,-1,-1,-1,-1,-1,4,E01001704,0,3
2024430455390,2024,430455390,1,9,0,3,3,4,8,0,0,0,0,0,0,0,2,1,3,7,2,33,6,-1,-1,-1,-1,1,E01016372,0,1
2024421530937,2024,421530937,2,1,0,-1,19,5,1,-1,0,1,2,0,0,0,1,1,-1,2,1,47,8,-1,-1,-1,-1,7,E01015866,0,1
2024010487105,2024,010487105,1,9,0,18,19,3,7,0,0,8,0,0,0,0,4,1,6,6,2,25,5,-1,-1,-1,-1,1,E01002081,0,1
2024010489990,2024,010489990,1,1,9,99,99,9,9,9,9,1,9,99,9,99,4,1,2,2,2,32,6,-1,-1,-1,-1,4,E01030337,0,3
2024010487959,2024,010487959,1,9,0,99,99,9,9,99,99,9,9,99,9,99,2,9,6,6,1,21,5,-1,-1,-1,-1,5,E01001863,0,3
2024610030624,2024,610030624,1,9,0,9,9,2,8,0,0,8,0,0,0,0,3,1,1,1,1,30,6,-1,-1,-1,-1,1,W01001621,0,1
2024501498131,2024,501498131,2,1,0,-1,19,6,2,-1,0,0,5,0,0,0,2,1,-1,6,2,41,7,-1,-1,-1,-1,-1,-1,0,-1
2024010491805,2024,010491805,1,19,0,18,19,1,5,0,0,1,0,0,0,0,2,1,1,1,1,34,6,-1,-1,-1,-1,2,E01005470,0,5
2024010544318,2024,010544318,1,9,0,18,19,5,1,0,0,8,0,0,1,0,4,1,6,6,3,-1,-1,-1,-1,-1,-1,-1,-1,0,-1
2024010501494,2024,010501494,2,1,0,18,19,7,3,0,0,8,0,0,0,0,1,1,6,6,1,32,6,-1,-1,-1,-1,7,E01002343,0,3
2024991398514,2024,991398514,2,1,0,-1,19,1,5,-1,0,8,5,0,0,0,4,1,-1,2,1,60,9,-1,-1,-1,-1,4,-1,0,1
2024101456044,2024,101456044,1,1,0,-1,19,3,7,-1,9,8,0,0,0,0,1,1,-1,6,1,-1,-1,-1,-1,-1,-1,-1,-1,0,-1
2024010492546,2024,010492546,1,1,9,99,99,9,9,99,99,9,9,99,9,99,9,1,2,2,1,32,6,-1,-1,-1,-1,2,E01004014,0,1
2024131480513,2024,131480513,2,1,0,-1,3,1,7,-1,0,0,0,0,0,0,3,1,-1,2,2,39,7,-1,-1,-1,-1,6,E01011689,0,1
2024010535951,2024,010535951,2,-1,0,4,4,5,1,0,0,0,0,0,0,0,1,1,6,6,1,62,9,-1,-1,-1,-1,2,E01002075,1,1
2024041506675,2024,041506675,1,9,0,-1,19,7,3,-1,0,6,0,0,0,0,1,1,-1,9,1,84,11,-1,-1,-1,-1,8,E01025549,0,3
2024010541483,2024,010541483,2,8,0,99,99,9,9,99,99,9,9,99,9,99,1,9,6,6,3,-1,-1,-1,-1,-1,-1,-1,-1,0,-1
2024471518734,2024,471518734,3,9,0,-1,19,1,5,-1,0,8,0,0,0,0,-1,9,-1,6,3,-1,-1,-1,-1,-1,-1,-1,-1,0,-1
2024061436441,2024,061436441,1,1,0,-1,19,-1,-1,-1,0,2,0,0,0,0,1,1,-1,2,1,61,9,-1,-1,-1,-1,7,E01005920,0,2
2024201484754,2024,201484754,1,9,0,-1,19,8,4,-1,0,8,0,0,0,0,1,9,-1,6,3,-1,-1,-1,-1,-1,-1,-1,-1,0,-1
2024631426201,2024,631426201,2,1,0,-1,19,1,5,-1,0,2,0,0,0,0,4,1,-1,2,2,52,8,-1,-1,-1,-1,4,E01035071,0,3
2024520403087,2024,520403087,1,9,0,4,4,5,1,0,0,1,0,0,0,0,1,1,6,6,1,58,9,-1,-1,-1,-1,5,E01029053,0,1
2024122401261,2024,122401261,2,1,0,16,19,4,8,0,0,0,0,0,0,0,1,1,6,6,1,5,1,-1,-1,-1,-1,4,E01027710,0,4
2024141508279,2024,141508279,1,9,0,-1,19,6,2,-1,0,1,0,0,0,0,1,9,-1,6,3,-1,-1,-1,-1,-1,-1,-1,-1,0,-1
2024351414207,2024,351414207,1,9,0,-1,9,5,2,-1,0,6,0,0,0,0,4,9,-1,6,1,60,9,-1,-1,-1,-1,-1,-1,0,-1
2024991488282,2024,991488282,1,9,0,-1,19,4,8,-1,0,0,0,0,0,0,1,9,-1,6,3,40,7,-1,-1,-1,-1,-1,-1,0,-1
2024111503819,2024,111503819,2,1,0,-1,19,4,8,-1,9,0,0,0,0,0,0,1,-1,9,1,6,2,-1,-1,-1,-1,5,E01034492,0,1
2024010487443,2024,010487443,2,9,0,17,19,3,7,0,0,0,0,0,0,0,1,1,6,6,1,58,9,-1,-1,-1,-1,9,E01030636,0,3
2024010492672,2024,010492672,1,90,0,5,5,5,1,0,0,1,0,0,0,0,0,1,1,1,1,29,6,-1,-1,-1,-1,7,E01003456,0,2
2024010490836,2024,010490836,2,9,0,99,99,9,9,0,0,0,9,0,0,0,1,2,6,6,3,-1,-1,-1,-1,-1,-1,-1,-1,0,-1
2024071016695,2024,071016695,1,20,0,-1,19,5,1,-1,0,0,0,0,0,0,1,9,-1,6,3,-1,-1,-1,-1,-1,-1,-1,-1,0,-1
2024010518348,2024,010518348,2,1,0,18,19,5,1,2,2,1,5,0,0,0,1,1,6,6,1,27,6,-1,-1,-1,-1,3,E01001864,0,1
2024501475868,2024,501475868,3,9,0,-1,19,3,7,-1,0,0,0,0,0,0,3,1,-1,9,1,77,11,-1,-1,-1,-1,9,E01035291,0,5
2024320583362,2024,320583362,2,1,0,8,8,1,3,0,0,4,5,0,0,0,3,1,-1,-1,2,42,7,-1,-1,-1,-1,10,E01034703,0,1
2024070426323,2024,070426323,1,9,0,18,19,2,6,0,0,0,0,0,0,0,1,1,6,6,1,80,11,-1,-1,-1,-1,10,E01018667,0,1
2024351460289,2024,351460289,2,9,0,-1,19,3,7,-1,0,8,0,0,0,0,3,1,-1,2,1,51,8,-1,-1,-1,-1,5,E01010213,0,4
2024430458325,2024,430458325,1,9,0,18,19,6,2,0,0,4,1,0,0,0,1,1,6,6,1,39,7,-1,-1,-1,-1,-1,-1,0,-1
2024501470869,2024,501470869,1,9,0,-1,19,3,1,-1,0,1,0,0,0,0,0,1,-1,6,3,-1,-1,-1,-1,-1,-1,-1,-1,0,-1
2024010525971,2024,010525971,2,1,0,18,19,4,8,4,4,2,0,0,0,0,1,1,6,6,1,29,6,-1,-1,-1,-1,3,E01003595,0,2
2024991507136,2024,991507136,2,1,0,-1,7,8,3,-1,4,8,0,0,0,0,4,1,-1,6,1,51,8,-1,-1,-1,-1,2,-1,0,1
2024010536824,2024,010536824,1,1,0,9,9,3,8,0,0,1,0,0,0,0,1,1,6,6,1,16,4,-1,-1,-1,-1,-1,-1,0,-1
2024010496343,2024,010496343,1,4,0,18,19,1,5,0,0,4,0,0,0,0,3,1,6,6,1,26,6,-1,-1,-1,-1,7,E01003416,0,2
2024010492628,2024,010492628,1,9,0,3,3,1,5,0,0,2,0,0,0,0,2,1,6,6,1,52,8,-1,-1,-1,-1,5,E01032782,0,1
2024010492142,2024,010492142,1,9,0,18,19,5,1,0,0,8,0,0,0,0,3,1,6,6,2,52,8,-1,-1,-1,-1,7,E01004186,0,1
2024421512052,2024,421512052,1,9,0,-1,11,5,1,-1,0,0,0,0,0,0,0,2,-1,6,3,-1,-1,-1,-1,-1,-1,-1,-1,0,-1
2024101435558,2024,101435558,2,1,0,-1,19,4,1,-1,0,8,0,0,0,0,3,1,-1,6,1,28,6,-1,-1,-1,-1,3,E01008598,0,1
2024122400429,2024,122400429,1,9,0,16,19,5,1,0,0,0,1,6,1,11,3,1,6,6,1,42,7,-1,-1,-1,-1,6,E01027701,0,2
2024010511964,2024,010511964,2,1,0,18,19,5,1,0,0,8,0,0,0,0,4,1,6,6,1,22,5,-1,-1,-1,-1,5,E01002733,0,1
2024010490100,2024,010490100,1,3,0,99,99,9,9,99,99,9,9,99,9,99,9,1,1,1,1,34,6,-1,-1,-1,-1,3,E01003570,0,1
2024451470600,2024,451470600,2,9,0,-1,19,-1,-1,-1,0,0,0,0,0,0,1,1,-1,6,3,-1,-1,-1,-1,-1,-1,-1,-1,0,-1
202417H103224,2024,17H103224,2,1,0,-1,19,3,7,-1,0,2,0,0,0,0,3,1,-1,7,1,13,3,-1,-1,-1,-1,-1,-1,0,-1
2024501494951,2024,501494951,1,1,0,-1,5,3,7,-1,5,1,1,0,0,0,3,1,-1,2,1,39,7,-1,-1,-1,-1,4,E01015062,0,1
2024332401068,2024,332401068,2,1,0,-1,19,8,4,-1,0,0,0,0,0,0,1,1,-1,6,1,26,6,-1,-1,-1,-1,3,E01013641,0,1
2024010531571,2024,010531571,2,1,0,18,19,4,8,0,0,1,0,0,0,0,3,1,2,2,1,29,6,-1,-1,-1,-1,1,E01002857,0,1
2024481503775,2024,481503775,1,1,0,-1,19,1,5,-1,0,0,0,0,0,0,1,1,-1,1,1,42,7,-1,-1,-1,-1,-1,-1,0,-1
2024141523091,2024,141523091,3,9,0,-1,2,0,0,-1,0,0,0,0,0,0,3,9,-1,6,3,-1,-1,-1,-1,-1,-1,-1,-1,0,-1
2024010497561,2024,010497561,3,4,0,18,19,7,3,0,0,1,0,0,0,0,0,1,1,1,1,-1,-1,-1,-1,-1,-1,-1,-1,0,-1
2024631473507,2024,631473507,3,98,4,-1,4,5,1,-1,0,0,0,0,0,0,0,1,-1,6,1,42,7,-1,-1,-1,-1,6,W01000560,0,3
2024141538246,2024,141538246,1,9,0,-1,19,-1,-1,-1,0,0,0,0,0,0,3,9,-1,6,3,-1,-1,-1,-1,-1,-1,-1,-1,0,-1
2024991465392,2024,991465392,2,9,0,-1,7,2,5,-1,0,3,0,0,0,0,4,1,-1,1,1,30,6,-1,-1,-1,-1,9,E01029198,0,5
2024320744490,2024,320744490,1,1,0,-1,-1,6,2,0,0,8,5,0,0,0,4,1,6,6,1,15,3,-1,-1,-1,-1,1,E01026114,0,1
2024010490364,2024,010490364,2,1,0,18,19,1,5,4,4,1,0,0,0,0,1,1,6,6,2,50,8,-1,-1,-1,-1,10,E01003884,0,1
2024401447198,2024,401447198,3,9,0,-1,2,0,0,-1,0,1,0,0,0,0,2,1,-1,9,1,58,9,-1,-1,-1,-1,-1,-1,0,-1
2024010523962,2024,010523962,1,1,9,99,99,9,9,99,99,9,9,99,9,99,9,1,2,2,2,60,9,-1,-1,-1,-1,4,E01003169,0,1
2024430089840,2024,430089840,2,9,0,18,19,1,5,0,0,1,0,0,0,0,1,1,6,6,1,30,6,-1,-1,-1,-1,-1,-1,0,-1
2024061474522,2024,061474522,1,1,0,-1,99,-1,-1,-1,4,0,9,99,0,0,9,1,-1,1,1,27,6,-1,-1,-1,-1,1,E01005432,0,1
2024010542400,2024,010542400,2,1,0,18,19,2,6,0,0,1,0,0,0,0,1,1,1,1,1,28,6,-1,-1,-1,-1,2,E01001979,0,2
2024052401824,2024,052401824,1,-1,0,18,19,7,3,0,0,2,0,0,0,0,1,1,6,6,3,-1,-1,-1,-1,-1,-1,-1,-1,1,-1
2024010490399,2024,010490399,2,9,0,99,99,9,9,99,99,9,9,99,9,99,9,9,6,6,3,-1,-1,-1,-1,-1,-1,9,E01004133,0,1