collision_index,collision_year,collision_ref_no,vehicle_reference,vehicle_type,towing_and_articulation,vehicle_manoeuvre_historic,vehicle_manoeuvre,vehicle_direction_from,vehicle_direction_to,vehicle_location_restricted_lane_historic,vehicle_location_restricted_lane,junction_location,skidding_and_overturning,hit_object_in_carriageway,vehicle_leaving_carriageway,hit_object_off_carriageway,first_point_of_impact,vehicle_left_hand_drive,journey_purpose_of_driver_historic,journey_purpose_of_driver,sex_of_driver,age_of_driver,age_band_of_driver,engine_capacity_cc,propulsion_code,age_of_vehicle,generic_make_model,driver_imd_decile,lsoa_of_driver,escooter_flag,driver_distance_banding
2024201547595,2024,201547595,2,9,0,-1,19,1,7,-1,0,1,0,0,0,0,4,9,-1,6,1,19,4,-1,-1,-1,-1,2,E01009515,0,2
2024010510235,2024,010510235,1,1,9,99,99,9,9,99,99,9,9,99,9,99,9,1,6,6,2,29,6,-1,-1,-1,-1,4,E01034185,0,1
2024010504744,2024,010504744,1,23,0,99,99,9,9,99,99,9,9,99,9,99,9,1,1,1,1,24,5,-1,-1,-1,-1,2,E01000905,0,1
2024201461032,2024,201461032,1,9,0,-1,2,0,0,-1,9,0,0,4,1,11,2,1,-1,9,1,33,6,-1,-1,-1,-1,2,E01009573,0,1
2024320106880,2024,320106880,2,21,0,-1,-1,8,4,0,0,2,0,0,0,0,1,1,6,6,1,44,7,-1,-1,-1,-1,4,E01008832,0,5
2024010494547,2024,010494547,1,1,9,99,99,9,9,99,99,9,9,99,9,99,1,1,2,2,1,50,8,-1,-1,-1,-1,5,E01030862,0,4
2024010532267,2024,010532267,1,1,9,14,14,9,9,99,99,9,9,8,9,99,1,1,6,6,1,46,8,-1,-1,-1,-1,3,E01000630,0,1
2024161408891,2024,161408891,2,9,0,-1,7,2,5,-1,0,0,0,0,0,0,1,9,-1,6,1,-1,-1,-1,-1,-1,-1,-1,-1,0,-1
2024522402171,2024,522402171,5,9,0,4,4,4,8,0,0,0,0,0,0,0,1,1,6,6,1,45,7,-1,-1,-1,-1,7,E01031961,0,4
2024010531591,2024,010531591,1,1,9,99,99,9,9,99,99,9,9,99,9,99,1,1,2,2,1,23,5,-1,-1,-1,-1,6,E01002998,0,1
2024201404022,2024,201404022,2,9,0,-1,19,4,8,-1,0,1,0,0,0,0,2,9,-1,6,3,-1,-1,-1,-1,-1,-1,-1,-1,0,-1
2024451409961,2024,451409961,2,1,0,-1,19,5,1,-1,0,1,0,0,0,0,1,1,-1,6,1,65,9,-1,-1,-1,-1,8,E01024948,0,5
2024041404470,2024,041404470,1,9,0,-1,19,8,6,-1,0,0,0,0,0,0,1,1,-1,2,1,53,8,-1,-1,-1,-1,1,E01025041,0,2
2024440529412,2024,440529412,2,9,0,18,19,5,1,0,0,8,0,0,0,0,1,1,2,2,2,24,5,-1,-1,-1,-1,10,E01022704,0,2
2024421420194,2024,421420194,2,9,0,-1,4,3,7,-1,0,0,0,0,0,0,3,1,-1,6,2,34,6,-1,-1,-1,-1,5,E01021818,0,1
2024010551471,2024,010551471,3,23,0,15,15,5,1,0,0,8,0,0,1,0,1,1,6,6,1,17,4,-1,-1,-1,-1,4,E01003436,0,1
2024041505779,2024,041505779,2,1,0,-1,19,1,1,-1,0,2,5,0,0,0,4,1,-1,9,1,57,9,-1,-1,-1,-1,4,E01012607,0,1
2024131565182,2024,131565182,2,1,0,-1,19,1,5,-1,0,8,0,0,1,0,2,1,-1,6,1,15,3,-1,-1,-1,-1,1,E01011663,0,1
2024010519106,2024,010519106,2,9,0,99,99,9,9,99,99,0,9,99,9,99,9,9,6,6,3,-1,-1,-1,-1,-1,-1,-1,-1,0,-1
2024052401160,2024,052401160,2,1,0,7,7,4,6,0,0,2,0,0,0,0,1,1,1,1,2,25,5,-1,-1,-1,-1,1,E01007129,0,1
2024461507761,2024,461507761,2,9,0,-1,19,5,1,-1,0,8,0,0,0,0,2,1,-1,2,1,44,7,-1,-1,-1,-1,8,E01024343,0,4
2024430458251,2024,430458251,2,98,0,12,12,8,4,0,0,0,0,0,0,0,3,1,6,6,1,-1,-1,-1,-1,-1,-1,-1,-1,0,-1
2024221541350,2024,221541350,2,9,4,-1,19,1,5,-1,0,8,0,0,0,0,1,1,-1,6,1,45,7,-1,-1,-1,-1,5,E01028846,0,4
2024430475048,2024,430475048,1,9,0,18,19,3,7,0,0,4,0,0,0,0,4,1,6,6,1,-1,-1,-1,-1,-1,-1,-1,-1,0,-1
2024010494700,2024,010494700,1,3,0,9,9,3,1,0,0,8,5,0,0,0,3,1,6,6,1,38,7,-1,-1,-1,-1,5,E01000592,0,1
2024311397325,2024,311397325,1,9,0,-1,19,3,7,-1,0,1,0,0,0,0,1,1,-1,6,3,35,6,-1,-1,-1,-1,-1,-1,0,-1
2024061437319,2024,061437319,1,1,0,-1,19,-1,-1,-1,2,0,1,0,0,0,3,1,-1,2,1,39,7,-1,-1,-1,-1,8,E01005508,0,2
2024522401679,2024,522401679,3,19,0,18,19,3,7,0,0,0,0,1,0,0,1,2,6,6,1,39,7,-1,-1,-1,-1,-1,-1,0,-1
2024010503730,2024,010503730,2,1,0,18,19,7,3,0,0,1,0,0,0,0,1,1,6,6,1,40,7,-1,-1,-1,-1,2,E01002090,0,1
2024201450289,2024,201450289,1,9,0,-1,19,8,2,-1,0,0,0,0,0,0,4,1,-1,7,1,43,7,-1,-1,-1,-1,1,E01009259,0,1
2024010512261,2024,010512261,1,9,0,9,9,7,4,0,0,1,0,0,0,0,4,1,6,6,1,19,4,-1,-1,-1,-1,4,E01000035,0,1
2024451522775,2024,451522775,2,1,0,-1,5,1,1,-1,5,0,0,0,0,0,1,1,-1,6,1,17,4,-1,-1,-1,-1,5,E01030677,0,1
2024010506795,2024,010506795,2,1,0,18,19,1,5,0,0,1,2,0,0,0,1,1,2,2,2,48,8,-1,-1,-1,-1,5,E01003272,0,1
2024061423015,2024,061423015,1,1,0,-1,19,-1,-1,-1,0,8,0,0,0,0,3,1,-1,2,1,35,6,-1,-1,-1,-1,8,E01005155,0,1
2024440403292,2024,440403292,1,1,0,3,3,4,8,0,0,1,0,0,0,0,2,1,6,6,1,71,10,-1,-1,-1,-1,2,E01017238,0,2
2024141486400,2024,141486400,2,9,0,-1,5,4,7,-1,0,1,0,0,0,0,1,9,-1,6,3,-1,-1,-1,-1,-1,-1,-1,-1,0,-1
2024010541683,2024,010541683,2,1,9,99,99,9,9,99,99,0,9,99,9,99,1,1,6,6,3,-1,-1,-1,-1,-1,-1,-1,-1,0,-1
2024351473682,2024,351473682,7,1,0,-1,19,7,3,-1,0,8,0,0,0,0,1,1,-1,9,1,62,9,-1,-1,-1,-1,7,E01018255,0,3
2024071042538,2024,071042538,2,1,0,-1,19,7,3,-1,0,8,0,0,1,0,3,1,-1,6,1,25,5,-1,-1,-1,-1,8,E01018330,0,1
2024010551423,2024,010551423,1,9,0,99,99,9,9,99,99,9,9,99,9,99,4,9,6,6,1,35,6,-1,-1,-1,-1,4,E01032772,0,1
2024010488274,2024,010488274,1,1,9,99,99,9,9,99,99,9,9,99,9,99,2,1,2,2,2,37,7,-1,-1,-1,-1,7,E01004518,0,1
2024010525155,2024,010525155,2,9,0,99,99,9,9,99,99,0,9,99,9,99,9,9,6,6,3,-1,-1,-1,-1,-1,-1,-1,-1,0,-1
2024501456883,2024,501456883,1,9,0,-1,10,1,5,-1,0,1,0,0,0,0,1,1,-1,6,3,-1,-1,-1,-1,-1,-1,-1,-1,0,-1
2024071054597,2024,071054597,2,5,0,-1,19,7,3,-1,0,2,5,0,0,0,3,1,-1,1,1,44,7,-1,-1,-1,-1,-1,-1,0,-1
2024010490574,2024,010490574,2,9,0,99,99,9,9,99,99,9,9,99,9,99,1,9,6,6,3,-1,-1,-1,-1,-1,-1,-1,-1,0,-1
2024371514133,2024,371514133,1,21,1,-1,14,6,2,-1,0,0,0,0,0,0,2,1,-1,1,1,56,9,-1,-1,-1,-1,4,E01026278,0,5
2024010504832,2024,010504832,2,1,0,4,4,3,7,0,0,1,0,0,0,0,3,1,6,6,1,19,4,-1,-1,-1,-1,3,E01004271,0,1
2024010497029,2024,010497029,1,9,0,9,9,5,3,0,0,2,0,0,0,0,1,1,2,2,1,42,7,-1,-1,-1,-1,5,E01000037,0,3
2024622500018,2024,622500018,2,9,0,18,19,6,2,0,0,1,0,0,0,0,2,1,6,6,2,52,8,-1,-1,-1,-1,7,W01001882,0,1
2024010488654,2024,010488654,1,2,0,15,15,2,6,0,0,1,0,0,0,0,1,1,6,6,1,22,5,-1,-1,-1,-1,6,E01003703,0,1
2024010487561,2024,010487561,2,9,0,18,19,1,5,0,0,8,0,0,0,0,4,1,6,6,2,44,7,-1,-1,-1,-1,3,E01015527,0,4
2024440215835,2024,440215835,2,19,0,18,19,4,8,0,0,1,0,0,0,0,1,1,6,6,2,53,8,-1,-1,-1,-1,9,E01022943,0,2
2024010532342,2024,010532342,1,1,9,99,99,9,9,99,99,9,9,99,9,99,1,1,6,6,1,52,8,-1,-1,-1,-1,5,E01004579,0,1
2024041467425,2024,041467425,1,97,0,-1,13,5,1,-1,0,8,0,0,0,0,1,1,-1,6,1,30,6,-1,-1,-1,-1,3,E01025246,0,1
2024451509123,2024,451509123,1,1,0,-1,19,2,4,-1,0,0,0,0,0,0,0,1,-1,9,1,43,7,-1,-1,-1,-1,10,E01030808,0,1
2024010496217,2024,010496217,1,9,0,18,19,7,3,0,0,2,0,0,0,0,3,1,6,6,1,61,9,-1,-1,-1,-1,2,E01001735,0,3
2024010509564,2024,010509564,1,1,9,99,99,9,9,99,99,9,9,99,9,99,9,1,2,2,1,44,7,-1,-1,-1,-1,4,E01034155,0,1
2024411440302,2024,411440302,2,1,0,-1,4,1,5,-1,0,0,2,0,1,0,3,1,-1,6,1,52,8,-1,-1,-1,-1,10,E01023715,0,1
2024010521547,2024,010521547,1,8,0,99,99,9,9,99,99,9,9,99,9,99,1,9,6,6,3,-1,-1,-1,-1,-1,-1,-1,-1,0,-1
2024501443896,2024,501443896,2,1,0,-1,9,5,4,-1,0,1,0,0,0,0,1,1,-1,6,1,13,3,-1,-1,-1,-1,3,E01015204,0,1
2024221529098,2024,221529098,2,9,0,-1,2,0,0,-1,0,0,0,10,1,0,2,9,-1,9,1,72,10,-1,-1,-1,-1,1,E01029007,0,1
2024421429540,2024,421429540,1,9,0,-1,19,-1,-1,-1,0,0,0,0,0,0,0,9,-1,6,3,-1,-1,-1,-1,-1,-1,-1,-1,0,-1
2024320228634,2024,320228634,2,1,0,-1,-1,8,4,0,0,1,0,4,0,0,1,1,6,6,1,45,7,-1,-1,-1,-1,8,E01026038,0,1
2024141431750,2024,141431750,1,9,0,-1,9,3,8,-1,0,4,0,0,0,0,1,1,-1,9,2,34,6,-1,-1,-1,-1,9,E01019778,0,3
2024501408810,2024,501408810,3,21,0,-1,19,7,3,-1,0,0,0,0,0,0,3,1,-1,1,1,33,6,-1,-1,-1,-1,6,E01018981,0,1
2024010527499,2024,010527499,2,1,9,99,99,9,9,99,99,9,9,99,9,99,1,1,6,6,3,-1,-1,-1,-1,-1,-1,3,E01000315,0,1
2024471437500,2024,471437500,2,99,0,-1,-1,-1,-1,-1,0,1,0,0,0,0,1,1,-1,6,3,-1,-1,-1,-1,-1,-1,-1,-1,0,-1
2024501497087,2024,501497087,2,1,0,-1,19,8,4,-1,0,0,0,0,0,0,3,1,-1,9,1,48,8,-1,-1,-1,-1,6,E01015202,0,2
2024471397177,2024,471397177,1,9,0,-1,19,7,3,-1,0,1,0,0,0,0,1,9,-1,6,3,-1,-1,-1,-1,-1,-1,-1,-1,0,-1
2024052401325,2024,052401325,1,9,0,18,19,1,5,0,0,0,0,0,0,0,1,1,6,6,3,-1,-1,-1,-1,-1,-1,-1,-1,0,-1
2024301402226,2024,301402226,2,9,0,-1,19,5,1,-1,0,0,0,0,0,0,2,1,-1,1,1,42,7,-1,-1,-1,-1,1,E01007378,0,4
2024010491937,2024,010491937,2,9,0,18,19,1,5,0,0,1,0,0,0,0,2,1,6,6,3,-1,-1,-1,-1,-1,-1,-1,-1,0,-1
2024411478756,2024,411478756,2,1,0,-1,19,3,7,-1,0,1,0,0,0,0,3,1,-1,6,1,14,3,-1,-1,-1,-1,10,E01023724,0,1
2024101427685,2024,101427685,2,9,0,-1,19,7,3,-1,0,0,0,0,0,0,1,2,-1,9,2,19,4,-1,-1,-1,-1,8,E01027499,0,2
2024010521954,2024,010521954,3,9,0,9,9,3,1,0,0,1,0,0,0,0,0,1,6,6,3,-1,-1,-1,-1,-1,-1,-1,-1,0,-1
2024070257406,2024,070257406,2,1,0,18,19,5,7,0,0,1,0,0,0,0,3,1,2,2,2,50,8,-1,-1,-1,-1,9,E01018513,0,1
2024471485488,2024,471485488,1,1,0,-1,19,3,7,-1,0,0,0,0,0,0,4,1,-1,9,1,40,7,-1,-1,-1,-1,4,E01016861,0,1
2024010550594,2024,010550594,1,9,0,5,5,0,3,0,0,8,0,0,0,0,1,1,6,6,3,-1,-1,-1,-1,-1,-1,-1,-1,0,-1
2024221431708,2024,221431708,2,1,0,-1,7,8,2,-1,0,3,0,10,0,0,3,1,-1,6,1,57,9,-1,-1,-1,-1,6,E01035070,0,2
2024361462088,2024,361462088,1,9,0,-1,19,8,5,-1,0,0,0,0,0,0,1,1,-1,6,1,21,5,-1,-1,-1,-1,3,E01026685,0,3
202454E898924,2024,54E898924,1,9,0,18,19,8,4,0,0,2,0,0,0,0,1,1,6,6,1,25,5,-1,-1,-1,-1,7,E01034552,0,1
2024131457661,2024,131457661,1,9,0,-1,-1,-1,-1,-1,-1,-1,-1,-1,-1,-1,-1,1,-1,6,3,-1,-1,-1,-1,-1,-1,-1,-1,0,-1
2024991451748,2024,991451748,1,97,0,-1,13,8,4,-1,0,0,0,0,0,0,1,1,-1,9,1,41,7,-1,-1,-1,-1,6,-1,0,5
2024010533085,2024,010533085,1,1,0,99,99,9,9,4,4,9,0,99,0,0,9,1,2,2,1,59,9,-1,-1,-1,-1,3,E01000385,0,3
2024991486127,2024,991486127,2,5,0,-1,19,4,8,-1,0,0,1,0,0,0,2,1,-1,9,1,65,9,-1,-1,-1,-1,9,-1,0,4
2024010493517,2024,010493517,1,9,0,99,99,9,9,0,0,8,0,0,9,99,1,9,6,6,3,-1,-1,-1,-1,-1,-1,-1,-1,0,-1
2024302401565,2024,302401565,1,19,0,9,9,6,2,0,0,0,0,0,0,0,0,1,6,6,3,-1,-1,-1,-1,-1,-1,5,E01019456,0,3
2024481567020,2024,481567020,2,3,0,-1,19,7,3,-1,0,8,0,0,0,0,3,1,-1,1,1,20,4,-1,-1,-1,-1,-1,-1,0,-1
2024201423867,2024,201423867,1,9,0,-1,19,2,6,-1,0,0,0,0,0,0,1,9,-1,6,2,-1,-1,-1,-1,-1,-1,-1,-1,0,-1
2024451459896,2024,451459896,2,11,0,-1,19,1,3,-1,0,0,0,0,0,0,4,1,-1,6,3,40,7,-1,-1,-1,-1,-1,-1,0,-1
2024440055835,2024,440055835,2,9,0,18,19,6,2,0,0,0,0,0,0,0,3,1,6,6,1,-1,-1,-1,-1,-1,-1,-1,-1,0,-1
2024302400617,2024,302400617,3,9,0,9,9,6,2,0,0,8,0,0,0,0,0,1,6,6,3,-1,-1,-1,-1,-1,-1,5,E01019456,0,4
2024161515339,2024,161515339,3,9,0,-1,4,1,7,-1,0,4,0,0,0,0,1,1,-1,6,3,-1,-1,-1,-1,-1,-1,-1,-1,0,-1
2024320316774,2024,320316774,1,19,0,-1,-1,1,3,0,0,6,0,0,0,0,1,1,1,1,1,-1,-1,-1,-1,-1,-1,-1,-1,0,-1
2024411449001,2024,411449001,2,1,0,-1,19,4,8,-1,0,4,0,0,0,0,1,1,-1,9,1,29,6,-1,-1,-1,-1,10,E01023953,0,1
2024061434296,2024,061434296,1,9,0,-1,19,3,7,-1,0,1,0,0,0,0,1,1,-1,6,3,-1,-1,-1,-1,-1,-1,-1,-1,0,-1
2024991451067,2024,991451067,2,9,0,-1,19,5,1,-1,0,1,0,0,0,0,1,1,-1,9,2,60,9,-1,-1,-1,-1,-1,-1,0,-1
2024451458304,2024,451458304,2,97,0,-1,19,5,1,-1,0,4,0,0,0,0,1,1,-1,1,1,25,5,-1,-1,-1,-1,8,E01022622,0,4
2024440496994,2024,440496994,1,1,0,18,19,4,8,0,0,0,0,0,0,0,1,1,6,6,1,46,8,-1,-1,-1,-1,9,E01022862,0,1
2024320268938,2024,320268938,2,1,0,-1,-1,6,2,0,0,3,5,0,0,0,1,1,6,6,1,62,9,-1,-1,-1,-1,-1,-1,0,-1
2024010491748,2024,010491748,2,9,0,4,4,5,1,0,0,8,0,0,0,0,1,1,6,6,1,45,7,-1,-1,-1,-1,6,E01001034,0,1
2024211463626,2024,211463626,1,9,0,-1,5,8,5,-1,0,6,0,0,0,0,3,1,-1,9,2,63,9,-1,-1,-1,-1,10,E01029442,0,3
2024010505984,2024,010505984,1,1,9,99,99,9,9,99,99,9,9,99,9,99,9,1,2,2,2,31,6,-1,-1,-1,-1,1,E01003291,0,1
2024991406024,2024,991406024,2,9,0,-1,6,2,1,-1,0,8,0,0,0,0,3,1,-1,9,2,33,6,-1,-1,-1,-1,3,-1,0,1
2024351459413,2024,351459413,2,1,-1,-1,-1,-1,-1,-1,-1,-1,-1,-1,-1,0,-1,1,-1,6,1,69,10,-1,-1,-1,-1,6,E01018170,0,1
2024501506147,2024,501506147,1,9,0,-1,19,5,1,-1,0,1,0,0,0,0,4,1,-1,6,3,-1,-1,-1,-1,-1,-1,-1,-1,0,-1
2024430187280,2024,430187280,1,9,0,1,1,7,3,0,0,0,0,0,0,0,2,1,6,6,1,-1,-1,-1,-1,-1,-1,-1,-1,0,-1
2024101533267,2024,101533267,1,9,0,-1,4,4,8,-1,0,4,1,0,0,0,0,1,-1,6,1,23,5,-1,-1,-1,-1,6,E01008696,0,2
2024070900655,2024,070900655,2,9,9,-1,19,7,3,-1,0,5,0,0,0,0,2,9,-1,6,3,-1,-1,-1,-1,-1,-1,-1,-1,0,-1
2024161431557,2024,161431557,1,-1,0,-1,19,7,3,-1,0,8,0,0,0,0,3,1,-1,9,1,13,3,-1,-1,-1,-1,9,E01012954,1,1
2024041453319,2024,041453319,1,1,0,-1,19,7,3,-1,0,1,0,0,0,0,1,1,-1,6,2,36,7,-1,-1,-1,-1,1,E01012745,0,1
2024052400476,2024,052400476,2,-1,0,18,19,8,4,0,0,0,0,0,0,0,2,1,6,6,2,29,6,-1,-1,-1,-1,1,E01006677,1,1
2024622400272,2024,622400272,2,9,0,18,19,8,4,0,0,1,0,0,0,0,4,1,6,6,2,20,4,-1,-1,-1,-1,6,W01001204,0,4
2024061512868,2024,061512868,3,9,0,-1,2,0,0,-1,0,0,0,0,0,0,2,1,-1,6,-1,-1,-1,-1,-1,-1,-1,-1,-1,0,-1
2024010526452,2024,010526452,2,90,0,99,99,9,9,99,99,9,9,99,9,99,1,9,6,6,3,-1,-1,-1,-1,-1,-1,-1,-1,0,-1
2024161452934,2024,161452934,1,1,0,-1,10,5,4,-1,0,4,0,0,0,0,2,1,-1,6,2,56,9,-1,-1,-1,-1,8,E01013011,0,1
2024311508284,2024,311508284,2,9,0,-1,1,1,5,-1,0,0,0,0,0,0,2,1,-1,6,1,-1,-1,-1,-1,-1,-1,-1,-1,0,-1
2024010487134,2024,010487134,2,3,0,15,15,1,5,0,0,0,0,0,0,0,4,1,1,1,1,31,6,-1,-1,-1,-1,9,E01004683,0,1
2024421521697,2024,421521697,1,9,0,-1,1,5,1,-1,0,0,0,0,0,0,2,1,-1,6,1,41,7,-1,-1,-1,-1,5,E01021954,0,1
2024421515546,2024,421515546,2,9,0,-1,19,2,6,-1,0,1,0,0,0,0,3,1,-1,6,2,18,4,-1,-1,-1,-1,9,E01021255,0,1
2024010542696,2024,010542696,1,1,9,99,99,9,9,99,99,1,9,99,9,99,1,1,6,6,1,22,5,-1,-1,-1,-1,4,E01003014,0,1
2024451481064,2024,451481064,1,97,0,-1,19,5,1,-1,0,0,0,0,0,0,1,1,-1,6,1,53,8,-1,-1,-1,-1,6,E01002533,0,4
2024010498381,2024,010498381,2,9,0,99,99,9,9,99,99,9,9,99,9,99,2,9,6,6,3,-1,-1,-1,-1,-1,-1,-1,-1,0,-1
2024302400456,2024,302400456,1,19,0,3,3,1,5,0,0,1,0,0,0,0,0,1,6,6,3,-1,-1,-1,-1,-1,-1,5,E01019456,0,4
2024122401160,2024,122401160,1,11,0,4,4,3,1,2,2,0,0,0,0,0,0,1,1,1,2,28,6,-1,-1,-1,-1,4,E01012976,0,4
2024010491612,2024,010491612,1,9,0,99,99,9,9,99,99,9,9,99,9,99,3,9,6,6,2,22,5,-1,-1,-1,-1,5,E01000619,0,1
2024010507977,2024,010507977,1,5,0,12,12,7,3,0,0,0,2,0,0,0,0,1,6,6,1,43,7,-1,-1,-1,-1,2,E01000097,0,2
2024010487282,2024,010487282,1,9,0,9,9,3,1,0,0,8,0,0,0,0,1,1,2,2,2,31,6,-1,-1,-1,-1,6,E01003312,0,1
2024010490668,2024,010490668,1,3,0,99,99,9,9,99,99,9,9,99,9,99,1,1,6,6,1,23,5,-1,-1,-1,-1,6,E01002371,0,4
2024010549028,2024,010549028,2,1,0,9,9,1,8,0,0,6,2,0,0,0,3,1,2,2,1,31,6,-1,-1,-1,-1,2,E01003932,0,2
2024010513633,2024,010513633,2,1,0,9,9,8,5,0,0,1,0,0,1,0,1,1,6,6,1,18,4,-1,-1,-1,-1,2,E01024135,0,4
2024440509768,2024,440509768,2,9,0,18,19,3,7,0,0,3,0,0,0,0,1,1,6,6,1,-1,-1,-1,-1,-1,-1,-1,-1,0,-1
2024010493602,2024,010493602,1,1,9,99,99,9,9,99,99,9,9,99,9,99,9,1,2,2,1,33,6,-1,-1,-1,-1,9,E01023604,0,4
2024231534424,2024,231534424,1,9,0,-1,2,0,0,-1,0,0,0,0,0,0,0,1,-1,6,3,-1,-1,-1,-1,-1,-1,-1,-1,0,-1
2024010507404,2024,010507404,2,1,0,18,19,7,3,0,0,0,0,0,0,0,3,1,1,1,1,24,5,-1,-1,-1,-1,9,E01003458,0,2
2024061441772,2024,061441772,1,1,0,-1,5,-1,-1,-1,4,0,0,0,1,0,3,1,-1,2,1,25,5,-1,-1,-1,-1,2,E01005220,0,1
2024010540063,2024,010540063,2,1,0,18,19,5,1,0,0,1,0,0,0,0,4,1,2,2,1,54,8,-1,-1,-1,-1,7,E01003643,0,1
2024041471760,2024,041471760,1,9,0,-1,19,4,8,-1,0,0,5,0,7,9,3,1,-1,9,2,75,10,-1,-1,-1,-1,5,E01006933,0,1
2024320757646,2024,320757646,3,9,0,-1,-1,2,6,0,0,0,0,0,0,0,0,1,-1,-1,2,52,8,-1,-1,-1,-1,1,E01026112,0,1
2024622400210,2024,622400210,1,1,0,18,19,5,1,0,0,0,0,0,0,0,1,1,6,6,1,39,7,-1,-1,-1,-1,8,W01000892,0,1
2024010532099,2024,010532099,1,1,0,18,19,1,5,0,0,8,0,0,0,0,3,1,6,6,2,36,7,-1,-1,-1,-1,2,E01003253,0,4
2024201456060,2024,201456060,1,9,0,-1,19,4,8,-1,1,0,0,0,0,0,3,9,-1,6,3,25,5,-1,-1,-1,-1,-1,-1,0,-1
2024411466374,2024,411466374,1,9,0,-1,19,8,4,-1,0,0,0,0,0,0,1,1,-1,6,1,25,5,-1,-1,-1,-1,7,E01023328,0,1
2024320026419,2024,320026419,1,9,0,18,19,8,4,0,0,0,1,0,1,4,1,1,6,6,1,66,10,-1,-1,-1,-1,1,E01015663,0,4
2024201509489,2024,201509489,2,-1,0,-1,5,2,6,-1,0,2,0,0,0,0,3,1,-1,6,1,16,4,-1,-1,-1,-1,-1,-1,1,-1
2024052401458,2024,052401458,1,8,0,4,4,1,5,0,0,0,0,0,0,0,0,1,1,1,1,71,10,-1,-1,-1,-1,1,E01033763,0,1
2024311426197,2024,311426197,2,1,0,-1,19,8,4,-1,0,8,1,0,0,0,1,1,-1,6,1,31,6,-1,-1,-1,-1,6,E01013928,0,1
202417L305024,2024,17L305024,2,9,0,-1,19,6,2,-1,0,8,0,0,0,0,1,1,-1,6,1,-1,-1,-1,-1,-1,-1,-1,-1,0,-1
2024231506362,2024,231506362,2,9,0,-1,19,1,5,-1,0,8,0,0,0,0,3,1,-1,1,1,62,9,-1,-1,-1,-1,6,E01029861,0,2
2024471530501,2024,471530501,1,9,0,-1,19,4,8,-1,0,0,0,0,7,3,1,1,-1,2,1,43,7,-1,-1,-1,-1,4,E01003529,0,4
2024010495570,2024,010495570,1,11,0,9,9,5,3,0,0,1,0,0,0,0,0,1,1,1,1,37,7,-1,-1,-1,-1,2,E01000034,0,3
2024010544715,2024,010544715,2,9,0,9,9,1,7,0,0,1,0,0,0,0,1,1,6,6,1,25,5,-1,-1,-1,-1,5,E01000337,0,1
2024010496982,2024,010496982,1,3,0,99,99,9,9,99,99,9,9,99,9,99,9,1,6,6,3,30,6,-1,-1,-1,-1,3,E01034145,0,2
2024421403189,2024,421403189,3,9,0,-1,4,1,5,-1,0,1,0,0,0,0,2,1,-1,9,2,57,9,-1,-1,-1,-1,10,E01021751,0,1
2024471454544,2024,471454544,3,1,0,-1,19,3,7,-1,0,6,2,0,0,0,4,1,-1,9,1,11,3,-1,-1,-1,-1,6,E01034823,0,1
2024430430750,2024,430430750,2,9,0,4,4,1,5,0,0,0,0,0,0,0,2,1,6,6,1,-1,-1,-1,-1,-1,-1,-1,-1,0,-1
2024430061348,2024,430061348,2,9,0,18,19,5,1,2,2,3,0,0,0,0,3,1,6,6,3,-1,-1,-1,-1,-1,-1,-1,-1,0,-1
2024991414767,2024,991414767,2,1,0,-1,19,1,5,-1,0,1,0,0,0,0,1,1,-1,6,2,26,6,-1,-1,-1,-1,10,-1,0,1
2024101405841,2024,101405841,1,9,0,-1,19,2,6,-1,0,0,0,0,0,0,1,1,-1,6,2,35,6,-1,-1,-1,-1,-1,-1,0,-1
2024610053924,2024,610053924,2,9,0,18,19,3,7,0,0,1,0,0,1,0,3,1,1,1,1,39,7,-1,-1,-1,-1,7,W01001452,0,2
2024622500034,2024,622500034,1,9,0,18,19,2,6,0,0,0,0,4,0,0,1,1,6,6,2,62,9,-1,-1,-1,-1,4,W01000887,0,2
2024430488791,2024,430488791,1,9,0,18,19,3,7,0,0,3,0,0,0,0,1,1,6,6,1,-1,-1,-1,-1,-1,-1,-1,-1,0,-1
2024522401518,2024,522401518,2,9,0,18,19,6,2,0,0,6,0,0,0,0,1,1,6,6,3,-1,-1,-1,-1,-1,-1,-1,-1,0,-1
2024010490391,2024,010490391,2,9,0,3,3,7,3,0,0,1,0,0,0,0,0,1,6,6,2,39,7,-1,-1,-1,-1,3,E01034191,0,3
2024010501254,2024,010501254,2,19,0,99,99,9,9,99,99,9,9,99,9,99,2,9,6,6,3,37,7,-1,-1,-1,-1,4,E01001737,0,1
2024010532470,2024,010532470,1,9,9,99,99,9,9,99,99,9,9,99,9,99,9,9,6,6,3,-1,-1,-1,-1,-1,-1,-1,-1,0,-1
2024131451600,2024,131451600,1,9,0,-1,19,5,1,-1,0,1,0,0,0,0,1,1,-1,1,1,36,7,-1,-1,-1,-1,2,E01011907,0,2
2024201502429,2024,201502429,1,19,0,-1,2,0,0,-1,0,0,0,0,0,0,0,2,-1,6,3,-1,-1,-1,-1,-1,-1,-1,-1,0,-1
2024430034478,2024,430034478,1,9,0,18,19,5,1,0,0,0,0,0,0,0,1,1,6,6,1,65,9,-1,-1,-1,-1,6,E01017860,0,3
2024010486898,2024,010486898,2,9,0,6,6,7,7,0,0,0,0,0,7,0,3,1,6,6,1,26,6,-1,-1,-1,-1,3,E01003334,0,1
2024010543867,2024,010543867,1,9,0,9,9,3,1,0,0,6,0,0,0,0,1,2,6,6,1,28,6,-1,-1,-1,-1,6,E01004463,0,1
2024501467083,2024,501467083,2,9,0,-1,19,5,1,-1,0,0,0,11,0,0,1,1,-1,6,1,33,6,-1,-1,-1,-1,6,E01020044,0,3
2024311521220,2024,311521220,2,9,-1,-1,-1,-1,-1,-1,-1,-1,-1,-1,-1,0,-1,9,-1,6,3,-1,-1,-1,-1,-1,-1,-1,-1,0,-1
2024332400690,2024,332400690,1,9,0,-1,19,3,7,-1,0,4,0,0,0,0,3,1,-1,6,1,74,10,-1,-1,-1,-1,10,E01027163,0,4
2024010548545,2024,010548545,2,23,0,14,14,1,5,0,0,0,0,0,0,0,4,1,2,2,2,53,8,-1,-1,-1,-1,8,E01004629,0,1