collision_index,collision_year,collision_ref_no,vehicle_reference,vehicle_type,towing_and_articulation,vehicle_manoeuvre_historic,vehicle_manoeuvre,vehicle_direction_from,vehicle_direction_to,vehicle_location_restricted_lane_historic,vehicle_location_restricted_lane,junction_location,skidding_and_overturning,hit_object_in_carriageway,vehicle_leaving_carriageway,hit_object_off_carriageway,first_point_of_impact,vehicle_left_hand_drive,journey_purpose_of_driver_historic,journey_purpose_of_driver,sex_of_driver,age_of_driver,age_band_of_driver,engine_capacity_cc,propulsion_code,age_of_vehicle,generic_make_model,driver_imd_decile,lsoa_of_driver,escooter_flag,driver_distance_banding
2024010515746,2024,010515746,2,-1,0,18,19,1,5,0,0,0,0,0,0,0,1,1,6,6,1,34,6,-1,-1,-1,-1,-1,-1,1,-1
2024101416086,2024,101416086,1,9,0,-1,9,2,7,-1,0,8,0,0,0,0,0,9,-1,6,3,-1,-1,-1,-1,-1,-1,-1,-1,0,-1
2024010492631,2024,010492631,2,9,0,9,9,4,2,0,0,1,0,0,0,0,1,1,6,6,1,60,9,-1,-1,-1,-1,2,E01001820,0,4
2024010493829,2024,010493829,2,9,0,5,5,5,1,0,0,4,0,0,0,0,1,1,6,6,1,49,8,-1,-1,-1,-1,-1,-1,0,-1
2024010495242,2024,010495242,1,9,0,9,9,3,1,0,0,8,0,0,0,0,1,1,6,6,1,23,5,-1,-1,-1,-1,5,E01002307,0,1
2024010489243,2024,010489243,2,1,0,18,19,8,4,0,0,8,0,0,0,0,1,1,2,2,2,55,8,-1,-1,-1,-1,8,E01001390,0,1
2024010493411,2024,010493411,1,3,0,99,99,9,9,99,99,2,9,99,9,99,9,1,6,6,1,28,6,-1,-1,-1,-1,4,E01034184,0,1
2024311401950,2024,311401950,2,1,0,-1,19,1,5,-1,0,0,0,0,0,0,1,1,-1,7,2,14,3,-1,-1,-1,-1,1,E01013846,0,1
2024332400697,2024,332400697,1,1,0,-1,19,9,9,-1,0,8,0,0,0,0,4,1,-1,2,1,29,6,-1,-1,-1,-1,5,E01025653,0,1
2024440180118,2024,440180118,2,9,0,7,7,4,6,0,0,5,0,0,0,0,1,1,6,6,3,-1,-1,-1,-1,-1,-1,-1,-1,0,-1
2024010528303,2024,010528303,2,22,0,18,19,3,7,0,0,1,0,0,0,0,9,1,6,6,2,-1,-1,-1,-1,-1,-1,9,E01002192,0,1
2024221395511,2024,221395511,1,9,0,-1,19,5,1,-1,0,1,0,0,0,0,1,1,-1,1,2,35,6,-1,-1,-1,-1,7,E01035055,0,1
2024010505376,2024,010505376,1,1,9,99,99,9,9,99,99,1,9,99,9,99,9,1,6,6,2,45,7,-1,-1,-1,-1,3,E01004290,0,1
2024411412340,2024,411412340,1,1,0,-1,19,4,8,-1,9,1,0,0,0,0,1,1,-1,9,1,14,3,-1,-1,-1,-1,4,E01023488,0,1
2024320507935,2024,320507935,1,9,0,-1,-1,8,4,0,0,0,0,0,0,0,4,1,6,6,2,-1,-1,-1,-1,-1,-1,-1,-1,0,-1
2024631508761,2024,631508761,1,9,0,-1,7,4,7,-1,0,5,0,0,0,0,3,1,-1,6,3,-1,-1,-1,-1,-1,-1,-1,-1,0,-1
2024010519313,2024,010519313,2,1,0,3,3,3,7,0,0,0,0,8,0,0,3,1,6,6,2,37,7,-1,-1,-1,-1,4,E01003018,0,1
2024101522063,2024,101522063,1,9,0,-1,19,2,5,-1,0,1,0,0,0,0,1,9,-1,6,1,47,8,-1,-1,-1,-1,6,E01020608,0,3
2024361442113,2024,361442113,2,1,0,-1,19,8,5,-1,0,8,0,0,0,0,4,1,-1,6,2,70,10,-1,-1,-1,-1,4,E01026841,0,1
2024340WN1682,2024,340WN1682,1,4,0,-1,19,1,5,-1,0,4,1,0,0,0,1,1,-1,9,2,16,4,-1,-1,-1,-1,7,E01027210,0,1
2024061499100,2024,061499100,2,1,0,-1,19,7,3,-1,0,8,0,0,0,0,3,1,-1,6,2,31,6,-1,-1,-1,-1,7,E01005152,0,1
2024010488590,2024,010488590,2,9,0,99,99,9,9,99,99,9,9,99,9,99,1,9,6,6,3,-1,-1,-1,-1,-1,-1,-1,-1,0,-1
2024552400450,2024,552400450,2,1,0,18,19,6,2,0,0,0,0,0,0,0,2,1,2,2,1,62,9,-1,-1,-1,-1,6,E01020439,0,2
2024010487984,2024,010487984,2,11,0,9,9,1,6,0,0,6,0,0,0,0,3,1,1,1,1,48,8,-1,-1,-1,-1,2,E01001349,0,1
2024141453596,2024,141453596,2,1,0,-1,19,4,8,-1,0,1,0,0,0,0,4,1,-1,1,1,21,5,-1,-1,-1,-1,1,E01033269,0,1
2024201512926,2024,201512926,2,1,0,-1,19,8,4,-1,0,8,0,0,0,0,1,1,-1,6,2,31,6,-1,-1,-1,-1,-1,-1,0,-1
2024622400432,2024,622400432,2,1,0,18,19,8,4,0,0,0,0,0,0,0,1,1,6,6,2,16,4,-1,-1,-1,-1,6,W01000889,0,2
2024131484428,2024,131484428,1,9,0,-1,9,-1,-1,-1,0,2,0,0,0,0,1,1,-1,6,3,-1,-1,-1,-1,-1,-1,-1,-1,0,-1
2024430547805,2024,430547805,1,8,0,17,19,3,1,0,0,2,0,0,0,0,1,1,1,1,1,53,8,-1,-1,-1,-1,4,E01016446,0,1
2024430497324,2024,430497324,2,9,0,11,11,8,4,0,0,6,0,0,0,0,4,1,6,6,3,-1,-1,-1,-1,-1,-1,-1,-1,0,-1
2024070728791,2024,070728791,1,9,0,-1,19,5,1,-1,0,1,0,0,0,0,1,1,-1,1,2,19,4,-1,-1,-1,-1,7,E01018670,0,2
2024101406073,2024,101406073,2,1,0,-1,19,8,4,-1,0,8,0,0,0,0,1,1,-1,9,1,60,9,-1,-1,-1,-1,5,E01027553,0,1
2024010496736,2024,010496736,2,19,9,99,99,9,9,99,99,9,9,99,9,99,2,9,6,6,3,-1,-1,-1,-1,-1,-1,-1,-1,0,-1
2024231431375,2024,231431375,2,9,0,-1,1,2,8,-1,0,6,0,0,0,0,2,9,-1,6,2,50,8,-1,-1,-1,-1,6,E01031031,0,1
2024622400852,2024,622400852,1,9,0,1,1,3,7,0,0,1,0,0,0,0,2,1,6,6,1,39,7,-1,-1,-1,-1,9,W01002025,0,2
2024010516290,2024,010516290,1,1,9,99,99,9,9,99,99,9,9,99,9,99,2,1,3,7,1,41,7,-1,-1,-1,-1,3,E01003263,0,1
2024440477408,2024,440477408,1,9,0,18,19,7,3,0,0,0,0,0,1,1,4,1,6,6,1,39,7,-1,-1,-1,-1,4,E01022957,0,1
2024430426156,2024,430426156,1,1,0,18,19,8,4,0,0,1,0,0,0,0,3,1,3,7,1,13,3,-1,-1,-1,-1,5,E01016580,0,1
2024010494318,2024,010494318,1,1,9,99,99,9,9,99,99,9,9,99,9,99,1,1,6,6,1,27,6,-1,-1,-1,-1,3,E01003112,0,1
2024201455283,2024,201455283,1,9,0,-1,19,3,7,-1,0,1,0,0,0,0,1,9,-1,6,1,35,6,-1,-1,-1,-1,-1,-1,0,-1
2024010518432,2024,010518432,2,1,0,18,19,5,1,4,4,1,0,0,0,0,1,1,2,2,1,60,9,-1,-1,-1,-1,4,E01001322,0,1
2024041434930,2024,041434930,2,1,0,-1,19,5,1,-1,0,8,5,0,0,0,4,1,-1,9,1,45,7,-1,-1,-1,-1,3,E01025460,0,4
2024010525494,2024,010525494,1,1,0,18,19,5,1,0,0,0,0,0,9,0,4,1,6,6,1,-1,-1,-1,-1,-1,-1,-1,-1,0,-1
2024351439750,2024,351439750,2,21,1,-1,4,3,7,-1,0,0,0,0,0,0,2,1,-1,1,1,25,5,-1,-1,-1,-1,-1,-1,0,-1
2024122401062,2024,122401062,1,19,0,17,19,3,7,0,0,3,0,0,0,0,1,1,6,6,3,-1,-1,-1,-1,-1,-1,-1,-1,0,-1
2024371408955,2024,371408955,1,99,-1,-1,19,3,7,-1,0,2,0,0,0,0,-1,9,-1,6,3,-1,-1,-1,-1,-1,-1,-1,-1,0,-1
2024522402240,2024,522402240,2,1,0,18,19,3,7,0,0,8,0,0,0,0,1,1,6,6,1,30,6,-1,-1,-1,-1,2,E01032517,0,1
2024010495717,2024,010495717,2,9,9,99,99,9,9,99,99,9,9,99,9,99,9,9,6,6,3,-1,-1,-1,-1,-1,-1,-1,-1,0,-1
2024501509967,2024,501509967,2,9,0,-1,2,6,2,-1,0,0,0,4,0,0,4,1,-1,9,2,78,11,-1,-1,-1,-1,8,E01015271,0,1
2024010530067,2024,010530067,2,19,0,99,99,9,9,99,99,5,9,99,9,99,4,9,6,6,3,-1,-1,-1,-1,-1,-1,-1,-1,0,-1
2024201498756,2024,201498756,1,9,0,-1,11,3,1,-1,0,0,0,0,0,0,1,9,-1,9,1,50,8,-1,-1,-1,-1,-1,-1,0,-1
2024161496061,2024,161496061,2,19,0,-1,5,4,8,-1,0,4,0,0,0,0,1,9,-1,6,3,-1,-1,-1,-1,-1,-1,-1,-1,0,-1
2024531500470,2024,531500470,2,1,0,-1,19,3,5,-1,0,3,0,0,0,0,2,1,-1,1,2,47,8,-1,-1,-1,-1,4,E01022424,0,1
2024041394048,2024,041394048,2,9,0,-1,4,1,5,-1,0,0,0,0,0,0,0,1,-1,9,2,58,9,-1,-1,-1,-1,9,E01025491,0,2
2024201526252,2024,201526252,2,9,0,-1,1,2,6,-1,0,2,0,0,0,0,2,9,-1,6,3,23,5,-1,-1,-1,-1,1,E01009353,0,1
2024622400485,2024,622400485,1,9,0,18,19,3,7,0,0,1,0,0,0,0,1,1,6,6,3,-1,-1,-1,-1,-1,-1,-1,-1,0,-1
2024201445230,2024,201445230,1,9,0,-1,7,1,3,-1,0,6,0,0,0,0,1,9,-1,6,3,-1,-1,-1,-1,-1,-1,-1,-1,0,-1
2024010492748,2024,010492748,1,9,0,99,99,9,9,99,99,9,9,99,9,99,9,9,6,6,1,52,8,-1,-1,-1,-1,5,E01004465,0,2
2024010496837,2024,010496837,1,9,0,18,19,7,3,0,0,0,0,0,0,0,0,1,6,6,2,68,10,-1,-1,-1,-1,5,E01032742,0,1
2024201426608,2024,201426608,1,9,0,-1,19,4,8,-1,0,1,0,0,0,0,1,1,-1,6,3,-1,-1,-1,-1,-1,-1,-1,-1,0,-1
2024430253762,2024,430253762,1,9,0,18,19,9,9,0,0,1,0,0,0,0,1,1,6,6,2,40,7,-1,-1,-1,-1,-1,-1,0,-1
2024522402030,2024,522402030,2,1,0,18,19,4,8,0,0,6,0,0,0,0,3,1,6,6,1,9,2,-1,-1,-1,-1,1,E01033369,0,1
2024201537455,2024,201537455,3,9,0,-1,19,3,3,-1,0,0,0,0,0,0,1,1,-1,6,1,35,6,-1,-1,-1,-1,2,E01009906,0,1
2024302400674,2024,302400674,3,9,0,4,4,4,8,0,0,1,0,0,0,0,0,1,6,6,3,-1,-1,-1,-1,-1,-1,5,E01019456,0,3
2024221479695,2024,221479695,1,9,0,-1,19,1,4,-1,0,0,0,0,0,0,0,1,-1,6,3,46,8,-1,-1,-1,-1,-1,-1,0,-1
2024010516944,2024,010516944,1,9,0,17,19,4,1,0,0,8,0,0,0,0,1,1,6,6,3,-1,-1,-1,-1,-1,-1,-1,-1,0,-1
2024221474635,2024,221474635,1,90,0,-1,9,7,4,-1,0,6,0,0,0,0,1,9,-1,9,1,18,4,-1,-1,-1,-1,10,E01032154,0,1
2024610010624,2024,610010624,1,9,0,18,19,4,8,0,0,0,0,0,0,0,1,1,6,6,3,-1,-1,-1,-1,-1,-1,-1,-1,0,-1
2024010488233,2024,010488233,2,9,0,99,99,9,9,99,99,9,9,99,9,99,0,9,6,6,3,-1,-1,-1,-1,-1,-1,-1,-1,0,-1
2024421530605,2024,421530605,1,9,0,-1,19,5,1,-1,0,0,0,0,0,0,1,1,-1,2,1,39,7,-1,-1,-1,-1,-1,-1,0,-1
2024010496960,2024,010496960,1,9,0,4,4,7,3,0,0,0,0,0,0,0,0,1,1,1,1,40,7,-1,-1,-1,-1,-1,-1,0,-1
2024010512837,2024,010512837,2,9,4,99,99,9,9,99,99,9,9,99,9,99,1,9,6,6,3,51,8,-1,-1,-1,-1,8,E01013058,0,5
2024010543902,2024,010543902,1,1,9,99,99,9,9,99,99,9,9,99,9,99,9,1,6,6,1,32,6,-1,-1,-1,-1,1,E01001845,0,2
2024440059730,2024,440059730,2,22,0,18,19,1,5,0,0,2,0,0,0,0,3,1,6,6,1,88,11,-1,-1,-1,-1,6,E01022764,0,1
2024421458040,2024,421458040,2,19,0,-1,9,7,5,-1,0,0,0,0,7,0,2,1,-1,9,1,72,10,-1,-1,-1,-1,7,E01033056,0,1
2024010522063,2024,010522063,1,9,9,99,99,9,9,99,99,9,9,99,9,99,9,9,6,6,3,-1,-1,-1,-1,-1,-1,-1,-1,0,-1
2024131444259,2024,131444259,2,1,0,-1,7,1,7,-1,0,0,5,0,0,0,3,1,-1,2,1,51,8,-1,-1,-1,-1,8,E01011929,0,1
2024332400737,2024,332400737,2,9,0,-1,99,9,9,-1,0,2,0,0,0,0,1,1,-1,6,2,-1,-1,-1,-1,-1,-1,-1,-1,0,-1
202460Q037278,2024,60Q037278,1,9,0,9,9,3,1,0,0,6,0,0,0,0,1,1,6,6,1,52,8,-1,-1,-1,-1,-1,-1,0,-1
2024461456549,2024,461456549,1,9,0,-1,3,7,3,-1,0,1,0,0,0,0,1,9,-1,6,3,-1,-1,-1,-1,-1,-1,-1,-1,0,-1
2024461419284,2024,461419284,1,9,0,-1,19,-1,-1,-1,0,3,0,0,0,0,1,9,-1,6,3,-1,-1,-1,-1,-1,-1,-1,-1,0,-1
2024010535485,2024,010535485,1,9,0,18,19,2,6,0,0,1,0,0,0,0,3,1,6,6,1,-1,-1,-1,-1,-1,-1,-1,-1,0,-1
2024610054824,2024,610054824,2,9,0,2,2,0,0,0,0,0,0,0,0,0,2,1,6,6,3,-1,-1,-1,-1,-1,-1,-1,-1,0,-1
2024122400320,2024,122400320,2,21,1,2,2,0,0,0,0,0,0,0,0,0,2,2,6,6,1,66,10,-1,-1,-1,-1,-1,-1,0,-1
2024501455903,2024,501455903,1,1,0,-1,19,5,1,-1,0,0,5,0,0,0,4,1,-1,9,1,48,8,-1,-1,-1,-1,4,E01020022,0,1
2024161490047,2024,161490047,2,1,0,-1,5,3,7,-1,0,0,2,0,0,0,1,1,-1,6,1,20,4,-1,-1,-1,-1,9,E01034759,0,1
2024010530188,2024,010530188,1,9,9,99,99,9,9,0,0,9,9,99,9,99,9,9,6,6,3,-1,-1,-1,-1,-1,-1,-1,-1,0,-1
2024010538231,2024,010538231,1,90,0,18,19,6,2,0,0,8,0,0,0,0,1,1,6,6,3,-1,-1,-1,-1,-1,-1,-1,-1,0,-1
2024411518045,2024,411518045,3,9,0,-1,-1,-1,-1,-1,-1,-1,-1,-1,-1,0,2,9,-1,6,1,-1,-1,-1,-1,-1,-1,7,E01017455,0,4
2024061489966,2024,061489966,1,9,0,-1,19,7,3,-1,0,0,0,0,0,0,1,1,-1,1,1,55,8,-1,-1,-1,-1,5,E01004864,0,2
2024520402560,2024,520402560,2,9,0,17,19,1,3,0,0,1,0,0,0,0,1,1,6,6,1,89,11,-1,-1,-1,-1,8,E01029194,0,2
2024351406671,2024,351406671,1,21,1,-1,5,5,1,-1,0,8,0,0,0,0,3,2,-1,1,1,49,8,-1,-1,-1,-1,-1,-1,0,-1
2024522402392,2024,522402392,1,9,0,9,9,3,7,0,0,8,0,0,0,0,1,1,6,6,3,-1,-1,-1,-1,-1,-1,-1,-1,0,-1
2024061509325,2024,061509325,1,1,0,-1,19,-1,-1,-1,4,8,2,0,0,0,1,1,-1,2,2,54,8,-1,-1,-1,-1,6,E01005172,0,1
2024010488767,2024,010488767,1,3,0,99,99,9,9,99,99,0,9,99,9,99,9,1,6,6,3,59,9,-1,-1,-1,-1,2,E01001441,0,4
2024361445610,2024,361445610,2,23,0,-1,3,5,1,-1,0,1,0,0,0,0,1,1,-1,6,2,35,6,-1,-1,-1,-1,9,E01026558,0,1
2024332400193,2024,332400193,2,1,0,-1,19,1,5,-1,0,8,0,0,0,0,1,1,-1,6,1,66,10,-1,-1,-1,-1,5,E01025762,0,1
2024010529422,2024,010529422,2,1,9,99,99,9,9,99,99,9,9,99,9,99,9,1,6,6,2,-1,-1,-1,-1,-1,-1,-1,-1,0,-1
2024471444173,2024,471444173,1,9,0,-1,1,1,5,-1,9,0,0,0,0,0,2,1,-1,6,2,38,7,-1,-1,-1,-1,10,E01031666,0,1
2024320178165,2024,320178165,1,9,0,-1,-1,2,6,0,0,1,0,0,1,0,1,1,6,6,1,57,9,-1,-1,-1,-1,1,E01026176,0,1
2024302400012,2024,302400012,1,9,0,18,19,3,7,0,0,2,0,0,0,0,1,1,6,6,3,-1,-1,-1,-1,-1,-1,5,E01019456,0,3
2024531466291,2024,531466291,2,9,0,-1,9,1,5,-1,0,8,0,0,0,0,2,1,-1,1,1,54,8,-1,-1,-1,-1,9,E01022429,0,3
2024122401087,2024,122401087,2,1,0,18,19,1,5,0,0,8,0,0,0,0,2,1,1,1,1,45,7,-1,-1,-1,-1,10,E01027719,0,1
2024461403826,2024,461403826,1,9,0,-1,19,3,7,-1,0,0,0,0,0,0,1,9,-1,6,1,23,5,-1,-1,-1,-1,9,E01024088,0,1
2024421481128,2024,421481128,1,1,0,-1,19,3,7,-1,0,1,0,0,0,0,0,1,-1,9,1,77,11,-1,-1,-1,-1,10,E01021517,0,3
2024010528317,2024,010528317,2,8,0,99,99,9,9,99,99,9,9,99,9,99,1,9,6,6,3,-1,-1,-1,-1,-1,-1,-1,-1,0,-1
2024010523018,2024,010523018,2,1,0,9,9,3,2,0,0,8,0,0,0,0,3,1,6,6,2,11,3,-1,-1,-1,-1,6,E01003100,0,1
2024131505673,2024,131505673,2,9,0,-1,19,6,2,-1,0,0,1,10,0,0,1,1,-1,6,2,34,6,-1,-1,-1,-1,8,E01011514,0,3
2024631528073,2024,631528073,2,98,0,-1,19,2,6,-1,0,8,0,0,0,0,1,1,-1,6,1,23,5,-1,-1,-1,-1,7,W01000651,0,1
2024430420946,2024,430420946,1,90,0,18,19,4,8,0,0,1,0,0,0,0,4,1,2,2,1,37,7,-1,-1,-1,-1,3,E01017709,0,1
2024221484891,2024,221484891,1,5,0,-1,19,4,8,-1,0,0,1,0,0,0,3,1,-1,9,1,72,10,-1,-1,-1,-1,9,E01016800,0,5
2024201478136,2024,201478136,3,9,0,-1,2,0,0,-1,0,0,0,0,0,0,2,9,-1,6,3,-1,-1,-1,-1,-1,-1,-1,-1,0,-1
2024201394595,2024,201394595,1,9,0,-1,19,8,4,-1,0,2,0,0,0,0,1,9,-1,6,3,40,7,-1,-1,-1,-1,-1,-1,0,-1
2024052401813,2024,052401813,2,1,0,18,19,6,2,0,0,1,0,0,0,0,3,1,6,6,1,36,7,-1,-1,-1,-1,1,E01006739,0,2
2024531393655,2024,531393655,1,1,0,-1,7,6,2,-1,0,0,1,0,0,0,3,1,-1,9,1,80,11,-1,-1,-1,-1,6,E01022262,0,2
2024101469892,2024,101469892,2,23,0,-1,19,1,5,-1,0,0,0,0,0,0,1,1,-1,6,1,18,4,-1,-1,-1,-1,1,E01008291,0,2
2024991453581,2024,991453581,1,1,0,-1,19,1,6,-1,0,0,5,0,7,0,1,1,-1,9,1,19,4,-1,-1,-1,-1,2,-1,0,1
2024531478311,2024,531478311,2,1,0,-1,19,3,7,-1,0,8,2,0,0,0,4,1,-1,6,1,18,4,-1,-1,-1,-1,-1,-1,0,-1
2024010491342,2024,010491342,1,11,0,5,5,7,3,0,0,2,0,0,0,0,1,1,1,1,1,23,5,-1,-1,-1,-1,4,E01004212,0,1
2024010492894,2024,010492894,2,9,0,99,99,9,9,99,99,9,9,99,9,99,9,9,6,6,3,-1,-1,-1,-1,-1,-1,-1,-1,0,-1
2024010515649,2024,010515649,2,9,0,99,99,9,9,99,99,0,9,99,9,99,9,9,6,6,3,-1,-1,-1,-1,-1,-1,-1,-1,0,-1
2024010492488,2024,010492488,2,-1,0,3,3,3,7,0,0,8,0,0,0,0,4,1,6,6,1,45,7,-1,-1,-1,-1,2,E01003966,1,1
2024201479922,2024,201479922,3,9,0,-1,3,8,4,-1,0,0,0,0,0,0,0,9,-1,6,-1,-1,-1,-1,-1,-1,-1,-1,-1,0,-1
2024070975884,2024,070975884,1,9,0,-1,3,5,1,-1,0,1,0,0,0,0,1,1,-1,6,3,30,6,-1,-1,-1,-1,-1,-1,0,-1
2024010516963,2024,010516963,1,1,9,99,99,9,9,4,4,0,9,99,9,99,2,1,2,2,1,18,4,-1,-1,-1,-1,3,E01003182,0,2
2024010496093,2024,010496093,2,9,0,9,9,5,3,0,0,1,1,0,0,0,4,1,6,6,1,21,5,-1,-1,-1,-1,6,E01001266,0,2
2024010544124,2024,010544124,1,9,0,99,99,9,9,99,99,9,9,99,9,99,9,9,6,6,3,-1,-1,-1,-1,-1,-1,-1,-1,0,-1
2024010494994,2024,010494994,1,3,0,99,99,9,9,99,99,9,9,99,9,99,9,1,1,1,1,32,6,-1,-1,-1,-1,6,E01002661,0,1
2024010491919,2024,010491919,1,9,0,99,99,9,9,99,99,9,9,99,9,99,9,9,6,6,3,30,6,-1,-1,-1,-1,7,E01004493,0,2
2024320504379,2024,320504379,2,9,0,2,2,0,0,0,0,0,0,0,0,0,4,1,6,6,3,-1,-1,-1,-1,-1,-1,-1,-1,0,-1
2024161402096,2024,161402096,1,9,0,-1,3,3,7,-1,0,0,0,0,0,0,2,9,-1,1,2,18,4,-1,-1,-1,-1,9,E01012813,0,1
2024311400229,2024,311400229,2,1,0,-1,19,1,5,-1,0,8,0,0,0,0,2,1,-1,6,1,45,7,-1,-1,-1,-1,9,E01028386,0,2
2024430014672,2024,430014672,2,9,0,18,19,2,6,0,0,0,0,0,0,0,1,1,6,6,2,42,7,-1,-1,-1,-1,6,E01017911,0,3
2024440425114,2024,440425114,1,1,0,4,4,3,7,0,0,1,0,0,0,0,0,1,6,6,1,62,9,-1,-1,-1,-1,4,E01017129,0,1
2024061495233,2024,061495233,1,9,0,-1,19,8,4,-1,0,0,0,0,3,0,0,1,-1,6,3,-1,-1,-1,-1,-1,-1,-1,-1,0,-1
2024122400946,2024,122400946,2,19,0,16,19,1,5,0,0,0,0,0,0,0,1,1,6,6,2,50,8,-1,-1,-1,-1,8,E01027556,0,2
2024101465151,2024,101465151,2,9,0,-1,19,2,6,-1,0,8,0,0,0,0,1,1,-1,9,2,32,6,-1,-1,-1,-1,2,E01008186,0,1
2024201462734,2024,201462734,1,97,0,-1,19,6,2,-1,0,8,0,0,0,0,1,1,-1,6,1,18,4,-1,-1,-1,-1,-1,-1,0,-1
2024010506320,2024,010506320,2,1,0,13,13,1,5,0,0,2,0,0,0,0,3,1,2,2,1,23,5,-1,-1,-1,-1,2,E01001900,0,1
2024440068968,2024,440068968,1,9,0,18,19,6,2,0,0,1,0,0,0,0,1,1,6,6,1,61,9,-1,-1,-1,-1,7,E01035448,0,1
2024010544645,2024,010544645,2,9,0,99,99,9,9,99,99,9,9,99,9,99,1,9,6,6,1,23,5,-1,-1,-1,-1,5,E01002302,0,2
2024041479380,2024,041479380,1,1,0,-1,19,3,7,-1,0,2,0,0,0,0,4,1,-1,9,1,22,5,-1,-1,-1,-1,2,E01025152,0,1
2024302400308,2024,302400308,4,19,0,7,7,8,2,0,0,6,0,0,0,0,0,1,6,6,3,-1,-1,-1,-1,-1,-1,5,E01019456,0,4
2024991421128,2024,991421128,1,9,0,-1,1,3,7,-1,9,0,0,0,0,0,2,1,-1,9,2,20,4,-1,-1,-1,-1,-1,-1,0,-1
2024302401545,2024,302401545,2,1,0,18,19,2,6,0,0,0,0,0,0,0,4,1,6,6,2,7,2,-1,-1,-1,-1,1,E01019663,0,1
2024010504205,2024,010504205,2,1,0,18,19,5,1,0,0,1,0,0,1,0,1,1,2,2,1,31,6,-1,-1,-1,-1,5,E01001984,0,1
2024522401799,2024,522401799,1,1,0,18,19,6,2,0,0,0,0,0,0,0,3,1,6,6,1,41,7,-1,-1,-1,-1,2,E01014661,0,1
2024430306937,2024,430306937,1,9,0,9,9,5,4,0,0,1,0,11,0,0,3,1,6,6,1,84,11,-1,-1,-1,-1,-1,-1,0,-1
2024010506188,2024,010506188,3,9,0,99,99,9,9,99,99,9,9,99,9,99,9,9,6,6,3,-1,-1,-1,-1,-1,-1,-1,-1,0,-1
2024430022348,2024,430022348,1,9,0,18,19,8,4,0,0,1,2,0,7,0,3,1,6,6,1,18,4,-1,-1,-1,-1,5,E01015587,0,4
2024332400347,2024,332400347,1,9,0,-1,19,1,5,-1,0,0,0,0,0,0,3,1,-1,9,1,53,8,-1,-1,-1,-1,3,E01013658,0,1
2024061426042,2024,061426042,1,9,0,-1,3,1,1,-1,0,1,0,0,0,0,1,2,-1,6,-1,20,4,-1,-1,-1,-1,-1,-1,0,-1
202417L305024,2024,17L305024,1,9,0,-1,19,4,8,-1,0,8,0,0,0,0,1,1,-1,9,2,61,9,-1,-1,-1,-1,5,E01032560,0,1
2024041476926,2024,041476926,1,9,0,-1,19,1,5,-1,0,4,0,0,0,0,1,1,-1,9,1,72,10,-1,-1,-1,-1,3,E01012726,0,1
2024991472789,2024,991472789,1,1,0,-1,4,6,3,-1,0,4,0,0,0,0,2,1,-1,9,1,79,11,-1,-1,-1,-1,4,-1,0,3
2024161443959,2024,161443959,2,1,0,-1,19,3,7,-1,9,0,0,0,0,0,3,1,-1,9,1,16,4,-1,-1,-1,-1,9,E01035479,0,1
2024010537137,2024,010537137,1,9,0,99,99,9,9,99,99,9,9,99,9,99,9,9,6,6,3,-1,-1,-1,-1,-1,-1,-1,-1,0,-1
2024440312005,2024,440312005,1,9,0,18,19,5,3,0,0,0,0,0,0,0,1,1,6,6,3,-1,-1,-1,-1,-1,-1,-1,-1,0,-1
2024010519523,2024,010519523,2,9,0,99,99,9,9,99,99,9,9,99,9,99,2,9,6,6,3,-1,-1,-1,-1,-1,-1,-1,-1,0,-1
2024311536082,2024,311536082,3,99,0,-1,5,5,1,-1,0,0,0,0,0,0,0,9,-1,6,3,17,4,-1,-1,-1,-1,-1,-1,0,-1
2024430302042,2024,430302042,1,9,0,5,5,9,9,0,0,4,0,0,0,0,1,1,3,7,2,32,6,-1,-1,-1,-1,-1,-1,0,-1
2024430440632,2024,430440632,2,19,0,4,4,4,8,0,0,3,0,0,0,0,2,1,1,1,1,44,7,-1,-1,-1,-1,6,E01020143,0,5
2024451421218,2024,451421218,2,1,0,-1,19,7,3,-1,0,0,0,0,0,0,1,1,-1,6,3,45,7,-1,-1,-1,-1,-1,-1,0,-1
2024421489900,2024,421489900,1,9,0,-1,19,1,5,-1,0,4,0,0,0,0,2,1,-1,6,1,-1,-1,-1,-1,-1,-1,-1,-1,0,-1
2024052400883,2024,052400883,1,9,0,18,19,3,7,0,0,0,0,0,0,0,1,1,6,6,3,-1,-1,-1,-1,-1,-1,-1,-1,0,-1
2024010534667,2024,010534667,2,9,0,99,99,9,9,99,99,9,9,99,9,99,9,9,6,6,3,-1,-1,-1,-1,-1,-1,-1,-1,0,-1
2024610024324,2024,610024324,1,9,0,5,5,0,8,0,0,0,0,0,0,0,0,1,6,6,2,43,7,-1,-1,-1,-1,6,W01001908,0,1
2024371494144,2024,371494144,2,1,0,-1,19,7,3,-1,0,0,5,0,0,0,2,1,-1,6,2,65,9,-1,-1,-1,-1,6,E01030057,0,1
2024522500431,2024,522500431,2,19,0,12,12,6,2,0,0,2,0,0,0,0,3,1,6,6,1,-1,-1,-1,-1,-1,-1,-1,-1,0,-1
2024451394021,2024,451394021,1,98,0,-1,19,1,5,-1,0,1,0,0,0,0,1,1,-1,2,1,34,6,-1,-1,-1,-1,5,E01032724,0,4
2024122400477,2024,122400477,3,9,0,4,4,7,3,0,0,0,0,0,0,0,2,1,6,6,1,47,8,-1,-1,-1,-1,10,E01011376,0,3
2024010496131,2024,010496131,3,9,0,99,99,9,9,99,99,9,9,99,9,99,2,9,6,6,3,33,6,-1,-1,-1,-1,-1,-1,0,-1
2024351496093,2024,351496093,2,1,0,-1,5,-1,-1,-1,0,0,0,0,0,0,3,1,-1,9,2,27,6,-1,-1,-1,-1,4,E01015692,0,1
2024430549999,2024,430549999,1,1,0,18,19,8,4,0,0,2,0,0,0,0,3,1,2,2,1,16,4,-1,-1,-1,-1,4,E01016455,0,1
2024010493846,2024,010493846,2,1,0,18,19,1,5,4,4,1,0,0,0,0,3,1,2,2,1,42,7,-1,-1,-1,-1,9,E01004191,0,1
2024311536396,2024,311536396,2,1,0,-1,19,5,1,-1,0,1,0,0,0,0,1,1,-1,1,1,52,8,-1,-1,-1,-1,-1,-1,0,-1