collision_index,collision_year,collision_ref_no,vehicle_reference,vehicle_type,towing_and_articulation,vehicle_manoeuvre_historic,vehicle_manoeuvre,vehicle_direction_from,vehicle_direction_to,vehicle_location_restricted_lane_historic,vehicle_location_restricted_lane,junction_location,skidding_and_overturning,hit_object_in_carriageway,vehicle_leaving_carriageway,hit_object_off_carriageway,first_point_of_impact,vehicle_left_hand_drive,journey_purpose_of_driver_historic,journey_purpose_of_driver,sex_of_driver,age_of_driver,age_band_of_driver,engine_capacity_cc,propulsion_code,age_of_vehicle,generic_make_model,driver_imd_decile,lsoa_of_driver,escooter_flag,driver_distance_banding
2024010525363,2024,010525363,2,1,0,18,19,5,1,0,0,0,0,0,0,0,1,1,6,6,1,19,4,-1,-1,-1,-1,2,E01000525,0,1
2024010491059,2024,010491059,1,90,0,99,99,9,9,99,99,9,9,99,9,99,1,9,6,6,3,-1,-1,-1,-1,-1,-1,-1,-1,0,-1
2024421494204,2024,421494204,1,5,0,-1,19,3,6,-1,0,8,1,0,0,0,4,1,-1,9,1,79,11,-1,-1,-1,-1,9,E01021873,0,2
2024161411715,2024,161411715,2,9,0,-1,4,3,7,-1,0,0,0,0,0,0,2,1,-1,2,1,22,5,-1,-1,-1,-1,10,E01013275,0,1
2024471496889,2024,471496889,1,1,0,-1,9,3,1,-1,9,5,0,0,0,0,3,1,-1,6,1,12,3,-1,-1,-1,-1,7,E01021025,0,1
2024302400489,2024,302400489,2,9,0,9,9,5,2,0,0,8,0,0,0,0,4,1,1,1,1,29,6,-1,-1,-1,-1,8,E01025951,0,1
2024302400204,2024,302400204,1,9,0,18,19,7,3,0,0,1,0,0,0,0,1,1,6,6,3,-1,-1,-1,-1,-1,-1,5,E01019456,0,3
2024070886378,2024,070886378,2,1,0,-1,19,1,4,-1,0,4,0,0,0,0,3,1,-1,6,1,54,8,-1,-1,-1,-1,6,E01034675,0,1
2024471530374,2024,471530374,2,9,0,-1,15,1,5,-1,0,1,0,0,0,0,4,9,-1,6,3,-1,-1,-1,-1,-1,-1,-1,-1,0,-1
2024010486866,2024,010486866,1,9,0,18,19,1,5,0,0,0,0,0,0,0,1,1,6,6,1,18,4,-1,-1,-1,-1,2,E01003176,0,1
2024221499097,2024,221499097,1,9,0,-1,19,3,7,-1,0,1,0,0,0,0,1,1,-1,6,1,37,7,-1,-1,-1,-1,2,E01014199,0,2
2024522402989,2024,522402989,2,22,0,18,19,1,5,0,0,1,0,0,0,0,2,1,6,6,2,47,8,-1,-1,-1,-1,1,E01014829,0,1
202417S105924,2024,17S105924,2,9,0,-1,7,1,3,-1,0,6,0,0,0,0,1,1,-1,9,1,53,8,-1,-1,-1,-1,-1,-1,0,-1
2024101402003,2024,101402003,1,9,0,-1,19,1,5,-1,0,0,0,0,0,0,1,1,-1,9,2,80,11,-1,-1,-1,-1,-1,-1,0,-1
2024421530679,2024,421530679,2,9,0,-1,3,7,3,-1,0,1,0,0,0,0,2,1,-1,6,2,40,7,-1,-1,-1,-1,8,E01021948,0,2
2024010528240,2024,010528240,1,1,0,18,19,1,5,0,0,3,1,0,0,0,1,1,1,1,1,35,6,-1,-1,-1,-1,3,E01002445,0,1
2024991497173,2024,991497173,2,9,0,-1,19,4,8,-1,0,0,0,0,0,0,2,1,-1,9,1,57,9,-1,-1,-1,-1,-1,-1,0,-1
2024440398423,2024,440398423,2,9,0,18,19,2,6,0,0,6,0,0,0,0,1,1,6,6,3,-1,-1,-1,-1,-1,-1,-1,-1,0,-1
2024201397197,2024,201397197,1,11,0,-1,19,2,6,-1,0,4,0,0,0,0,1,1,-1,1,1,-1,-1,-1,-1,-1,-1,-1,-1,0,-1
2024610048924,2024,610048924,2,19,0,18,19,8,4,0,0,0,0,0,0,0,1,1,6,6,3,-1,-1,-1,-1,-1,-1,-1,-1,0,-1
2024101457817,2024,101457817,1,9,0,-1,12,5,1,-1,0,0,0,0,0,0,3,1,-1,9,1,19,4,-1,-1,-1,-1,3,E01027359,0,4
2024010489250,2024,010489250,1,9,0,16,19,7,3,0,0,0,0,0,0,0,1,1,6,6,2,84,11,-1,-1,-1,-1,6,E01002218,0,1
2024201438519,2024,201438519,2,9,0,-1,19,2,7,-1,0,8,0,0,0,0,2,9,-1,6,1,22,5,-1,-1,-1,-1,-1,-1,0,-1
2024131506104,2024,131506104,1,9,0,-1,-1,-1,-1,-1,-1,-1,-1,-1,-1,-1,-1,1,-1,6,3,-1,-1,-1,-1,-1,-1,-1,-1,0,-1
2024010499269,2024,010499269,3,9,9,99,99,9,9,99,99,9,9,99,9,99,9,9,6,6,1,79,11,-1,-1,-1,-1,3,E01003960,0,2
2024461468672,2024,461468672,1,9,0,-1,19,8,4,-1,0,0,0,0,0,0,1,9,-1,6,3,-1,-1,-1,-1,-1,-1,-1,-1,0,-1
2024332401252,2024,332401252,2,9,0,-1,2,0,0,-1,0,0,0,0,0,0,1,1,-1,6,3,-1,-1,-1,-1,-1,-1,-1,-1,0,-1
2024010550553,2024,010550553,1,1,0,2,2,0,0,0,0,2,0,0,0,0,0,1,6,6,3,-1,-1,-1,-1,-1,-1,-1,-1,0,-1
2024201458664,2024,201458664,1,9,0,-1,19,2,6,-1,0,1,0,0,0,0,1,1,-1,6,3,-1,-1,-1,-1,-1,-1,-1,-1,0,-1
202460Q078518,2024,60Q078518,2,9,0,18,19,4,1,0,0,8,0,0,0,0,3,1,6,6,1,70,10,-1,-1,-1,-1,-1,-1,0,-1
2024010491131,2024,010491131,2,9,0,99,99,9,9,99,99,0,9,99,9,99,2,9,6,6,2,-1,-1,-1,-1,-1,-1,10,E01000755,0,1
2024211538443,2024,211538443,2,9,0,-1,19,5,1,-1,0,0,0,0,0,0,1,9,-1,6,2,65,9,-1,-1,-1,-1,5,E01014295,0,1
2024010531240,2024,010531240,1,1,9,99,99,9,9,99,99,8,9,99,9,99,2,1,2,2,1,26,6,-1,-1,-1,-1,7,E01003157,0,1
2024430015121,2024,430015121,1,19,0,18,19,4,8,0,0,0,0,0,1,0,1,1,1,1,1,33,6,-1,-1,-1,-1,10,E01015533,0,3
2024141461076,2024,141461076,1,9,0,-1,19,7,3,-1,0,0,0,0,0,0,1,9,-1,6,1,-1,-1,-1,-1,-1,-1,-1,-1,0,-1
2024101417205,2024,101417205,2,11,0,-1,19,4,7,-1,0,8,0,0,0,0,0,1,-1,1,1,61,9,-1,-1,-1,-1,2,E01020615,0,2
2024010503076,2024,010503076,1,1,0,4,4,3,7,4,4,5,0,0,0,0,1,1,6,6,3,25,5,-1,-1,-1,-1,-1,-1,0,-1
2024231443725,2024,231443725,2,1,0,-1,5,1,5,-1,0,0,0,0,0,0,2,1,-1,6,2,14,3,-1,-1,-1,-1,4,E01031332,0,1
2024461480730,2024,461480730,2,9,0,-1,2,0,0,-1,0,0,0,0,0,0,3,1,-1,6,1,26,6,-1,-1,-1,-1,6,E01024079,0,2
2024320111449,2024,320111449,1,9,0,-1,-1,1,5,0,0,0,1,0,0,0,1,1,-1,-1,1,80,11,-1,-1,-1,-1,6,E01026260,0,4
2024231454740,2024,231454740,2,1,0,-1,9,3,1,-1,0,5,0,0,0,0,4,1,-1,2,1,31,6,-1,-1,-1,-1,10,E01031232,0,1
2024010493679,2024,010493679,2,9,0,99,99,9,9,99,99,9,9,99,9,99,1,9,6,6,1,41,7,-1,-1,-1,-1,3,E01003528,0,1
2024010491784,2024,010491784,2,1,0,15,15,1,5,0,0,1,0,0,0,0,2,1,6,6,1,27,6,-1,-1,-1,-1,-1,-1,0,-1
2024201466470,2024,201466470,2,9,0,-1,19,2,6,-1,0,8,0,0,0,0,2,9,-1,9,1,24,5,-1,-1,-1,-1,1,E01009124,0,1
2024010528202,2024,010528202,2,-1,0,5,5,7,3,0,0,0,0,0,0,0,2,1,6,6,1,16,4,-1,-1,-1,-1,7,E01001346,1,1
2024522402893,2024,522402893,2,9,0,4,4,4,8,0,0,0,0,0,0,0,2,1,6,6,2,57,9,-1,-1,-1,-1,9,E01014871,0,2
2024010532025,2024,010532025,2,1,0,18,19,1,5,0,0,8,0,0,0,0,0,1,1,1,1,22,5,-1,-1,-1,-1,-1,-1,0,-1
2024201510074,2024,201510074,2,9,0,-1,19,2,6,-1,0,0,0,0,0,0,1,1,-1,6,2,48,8,-1,-1,-1,-1,2,E01010500,0,1
2024610046724,2024,610046724,2,9,0,2,2,0,0,0,0,0,0,0,0,0,-1,1,6,6,3,-1,-1,-1,-1,-1,-1,-1,-1,0,-1
2024340NN0112,2024,340NN0112,1,99,0,-1,5,3,7,-1,0,1,0,0,0,0,1,1,-1,6,3,-1,-1,-1,-1,-1,-1,-1,-1,0,-1
2024371437293,2024,371437293,2,9,0,-1,19,2,6,-1,0,1,0,0,0,0,4,1,-1,6,2,53,8,-1,-1,-1,-1,5,E01029941,0,1
2024010551771,2024,010551771,1,9,0,99,99,9,9,99,99,9,9,99,9,99,1,9,6,6,3,-1,-1,-1,-1,-1,-1,-1,-1,0,-1
2024471490984,2024,471490984,1,9,0,-1,19,-1,-1,-1,0,4,0,0,0,0,0,9,-1,6,3,-1,-1,-1,-1,-1,-1,-1,-1,0,-1
2024501477453,2024,501477453,2,9,0,-1,9,8,4,-1,0,1,0,0,0,0,2,1,-1,9,1,71,10,-1,-1,-1,-1,8,E01019929,0,4
2024430335034,2024,430335034,1,9,0,18,19,3,7,0,0,2,0,0,0,0,1,1,6,6,3,-1,-1,-1,-1,-1,-1,-1,-1,0,-1
2024061438868,2024,061438868,1,9,0,-1,3,-1,-1,-1,99,0,0,0,1,0,0,2,-1,6,3,-1,-1,-1,-1,-1,-1,-1,-1,0,-1
2024440182186,2024,440182186,2,1,0,18,19,5,1,0,0,8,0,0,0,0,4,1,4,7,1,13,3,-1,-1,-1,-1,4,E01017045,0,1
2024010518349,2024,010518349,2,9,0,99,99,9,9,99,99,9,9,99,9,99,9,1,6,6,1,-1,-1,-1,-1,-1,-1,-1,-1,0,-1
2024010490410,2024,010490410,1,9,0,17,19,3,7,0,0,2,1,0,0,0,1,1,6,6,2,47,8,-1,-1,-1,-1,4,E01002491,0,2
2024320387392,2024,320387392,2,1,0,-1,-1,2,6,0,0,8,0,0,0,0,4,1,-1,-1,2,25,5,-1,-1,-1,-1,9,E01034698,0,1
2024010490085,2024,010490085,2,3,0,18,19,4,8,0,0,1,0,0,0,0,1,1,6,6,1,27,6,-1,-1,-1,-1,2,E01001110,0,3
2024201498014,2024,201498014,1,9,0,-1,13,3,7,-1,0,2,0,0,0,0,4,9,-1,6,3,-1,-1,-1,-1,-1,-1,-1,-1,0,-1
2024211528391,2024,211528391,1,9,0,-1,1,2,4,-1,0,1,0,0,0,0,2,9,-1,6,1,68,10,-1,-1,-1,-1,8,E01029460,0,1
2024531479226,2024,531479226,1,1,0,-1,19,2,6,-1,0,0,2,0,0,0,4,1,-1,6,1,25,5,-1,-1,-1,-1,-1,-1,0,-1
2024010518886,2024,010518886,2,9,0,99,99,9,9,99,99,9,9,99,9,99,9,9,6,6,3,-1,-1,-1,-1,-1,-1,-1,-1,0,-1
2024211477972,2024,211477972,2,1,0,-1,9,7,4,-1,0,1,0,0,0,0,3,1,-1,9,1,14,3,-1,-1,-1,-1,3,E01029679,0,1
2024111430246,2024,111430246,2,98,0,-1,19,1,5,-1,0,1,0,0,0,0,1,1,-1,1,1,25,5,-1,-1,-1,-1,1,E01008743,0,4
2024010546641,2024,010546641,2,9,9,99,99,9,9,99,99,1,5,99,9,99,9,9,6,6,3,-1,-1,-1,-1,-1,-1,-1,-1,0,-1
2024010492929,2024,010492929,1,19,0,99,99,9,9,99,99,9,9,99,9,99,2,9,6,6,3,-1,-1,-1,-1,-1,-1,2,E01003500,0,3
2024052401113,2024,052401113,1,1,0,4,4,1,5,0,0,1,0,0,0,0,1,1,6,6,1,52,8,-1,-1,-1,-1,1,E01006877,0,1
2024131429747,2024,131429747,1,9,0,-1,-1,-1,-1,-1,-1,8,-1,-1,-1,0,-1,1,-1,6,3,-1,-1,-1,-1,-1,-1,-1,-1,0,-1
2024332400364,2024,332400364,1,9,0,-1,19,6,2,-1,0,8,0,0,0,0,1,1,-1,9,1,22,5,-1,-1,-1,-1,2,E01034008,0,1
2024010527637,2024,010527637,2,9,0,18,19,9,9,99,99,1,9,99,9,99,1,9,6,6,3,-1,-1,-1,-1,-1,-1,-1,-1,0,-1
2024311440151,2024,311440151,1,9,0,-1,19,3,7,-1,0,1,0,0,0,0,1,9,-1,6,3,-1,-1,-1,-1,-1,-1,-1,-1,0,-1
2024421473100,2024,421473100,1,1,0,-1,19,8,5,-1,0,8,0,0,0,0,1,1,-1,6,1,59,9,-1,-1,-1,-1,4,E01015990,0,1
2024101406095,2024,101406095,2,1,0,-1,19,4,8,-1,0,8,0,0,0,0,1,1,-1,9,1,40,7,-1,-1,-1,-1,7,E01008642,0,1
2024440293927,2024,440293927,2,1,0,18,19,7,3,0,0,1,0,0,0,0,1,1,6,6,2,57,9,-1,-1,-1,-1,1,E01017039,0,1
2024401482265,2024,401482265,1,9,-1,-1,-1,-1,-1,-1,-1,0,-1,-1,-1,0,-1,9,-1,6,3,-1,-1,-1,-1,-1,-1,-1,-1,0,-1
2024471447809,2024,471447809,2,9,0,-1,19,6,2,-1,0,0,0,0,0,0,0,9,-1,6,3,-1,-1,-1,-1,-1,-1,-1,-1,0,-1
2024451461629,2024,451461629,1,9,0,-1,19,1,3,-1,0,0,0,0,0,0,1,9,-1,6,3,-1,-1,-1,-1,-1,-1,-1,-1,0,-1
2024440435398,2024,440435398,2,1,0,18,19,3,6,0,0,3,0,0,0,0,2,1,6,6,2,59,9,-1,-1,-1,-1,6,E01022614,0,1
2024401457554,2024,401457554,2,9,0,-1,19,-1,-1,-1,0,0,0,0,0,0,3,9,-1,6,3,-1,-1,-1,-1,-1,-1,-1,-1,0,-1
2024361465077,2024,361465077,1,4,0,-1,19,5,1,-1,0,8,2,0,0,0,1,1,-1,9,1,19,4,-1,-1,-1,-1,5,E01018067,0,2
2024461514316,2024,461514316,2,97,0,-1,15,7,3,-1,0,6,5,0,0,0,1,1,-1,6,1,20,4,-1,-1,-1,-1,3,E01016128,0,2
2024010536416,2024,010536416,1,1,9,99,99,9,9,99,99,9,9,99,9,99,9,1,2,2,1,24,5,-1,-1,-1,-1,7,E01003427,0,2
2024991519616,2024,991519616,3,9,0,-1,19,8,4,-1,0,0,0,0,0,0,0,1,-1,6,-1,30,6,-1,-1,-1,-1,-1,-1,0,-1
2024440403292,2024,440403292,2,9,0,4,4,4,8,0,0,1,0,0,0,0,1,1,6,6,1,43,7,-1,-1,-1,-1,2,E01023006,0,1
2024010490591,2024,010490591,1,9,0,18,19,3,7,0,0,1,0,0,0,0,0,1,6,6,1,36,7,-1,-1,-1,-1,9,E01004116,0,2
2024010521389,2024,010521389,2,9,0,18,19,9,9,99,99,9,9,99,9,99,1,9,6,6,3,-1,-1,-1,-1,-1,-1,3,E01016423,0,4
2024471523407,2024,471523407,1,1,0,-1,19,3,7,-1,0,0,0,0,0,0,1,1,-1,2,2,46,8,-1,-1,-1,-1,8,E01021041,0,1
2024461420578,2024,461420578,1,9,0,-1,19,7,3,-1,0,0,0,0,0,0,1,9,-1,6,1,-1,-1,-1,-1,-1,-1,-1,-1,0,-1
2024451528944,2024,451528944,1,9,0,-1,9,-1,-1,-1,0,1,0,99,0,0,1,1,-1,6,3,-1,-1,-1,-1,-1,-1,-1,-1,0,-1
2024552400835,2024,552400835,2,1,0,17,19,7,4,0,0,8,0,0,0,0,4,1,6,6,1,29,6,-1,-1,-1,-1,7,E01020537,0,2
2024991486934,2024,991486934,1,9,0,-1,7,7,3,-1,0,1,0,0,0,0,1,1,-1,2,2,38,7,-1,-1,-1,-1,-1,-1,0,-1
2024430124634,2024,430124634,1,9,0,13,13,8,4,0,0,0,0,0,0,0,4,1,6,6,3,-1,-1,-1,-1,-1,-1,-1,-1,0,-1
2024071067032,2024,071067032,1,19,0,-1,19,2,6,-1,0,0,0,0,0,0,4,-1,-1,6,1,-1,-1,-1,-1,-1,-1,-1,-1,0,-1
2024101417083,2024,101417083,2,1,0,-1,14,7,3,-1,0,1,0,0,0,0,2,1,-1,9,2,35,6,-1,-1,-1,-1,1,E01008846,0,1
2024010492662,2024,010492662,1,9,0,99,99,9,9,99,99,9,9,99,9,99,2,9,6,6,1,45,7,-1,-1,-1,-1,3,E01000622,0,1
2024302401106,2024,302401106,2,9,0,18,19,8,4,0,0,8,0,0,0,0,1,1,2,2,1,45,7,-1,-1,-1,-1,9,E01013469,0,1
2024631431360,2024,631431360,2,9,0,-1,10,8,6,-1,0,8,0,0,1,10,2,1,-1,9,2,50,8,-1,-1,-1,-1,6,W01000477,0,3
2024311489219,2024,311489219,2,19,0,-1,19,1,5,-1,0,0,0,0,0,0,0,9,-1,6,3,-1,-1,-1,-1,-1,-1,-1,-1,0,-1
2024122400396,2024,122400396,2,1,0,18,19,3,7,0,0,6,1,0,0,0,1,1,6,6,1,76,11,-1,-1,-1,-1,3,E01011717,0,3
2024201511712,2024,201511712,1,1,0,-1,19,5,1,-1,0,0,2,0,0,0,0,1,-1,6,1,54,8,-1,-1,-1,-1,-1,-1,0,-1
2024010539264,2024,010539264,1,9,0,99,99,9,9,99,99,9,9,99,9,99,9,9,6,6,3,-1,-1,-1,-1,-1,-1,-1,-1,0,-1
2024610041924,2024,610041924,1,9,0,9,9,8,7,0,0,8,0,0,0,0,3,1,2,2,1,52,8,-1,-1,-1,-1,4,W01002032,0,1
2024031493186,2024,031493186,1,1,0,-1,19,8,4,-1,9,2,0,0,0,0,0,1,-1,9,1,58,9,-1,-1,-1,-1,-1,-1,0,-1
2024531502646,2024,531502646,3,9,0,-1,19,3,7,-1,0,0,0,0,0,0,2,1,-1,9,2,23,5,-1,-1,-1,-1,2,E01022322,0,1
2024371476165,2024,371476165,2,1,0,-1,19,7,3,-1,0,0,1,0,0,0,1,1,-1,9,2,66,10,-1,-1,-1,-1,6,E01031194,0,5
2024131407657,2024,131407657,1,9,0,-1,-1,-1,-1,-1,-1,0,-1,-1,-1,0,-1,1,-1,6,3,-1,-1,-1,-1,-1,-1,-1,-1,0,-1
2024010537905,2024,010537905,1,1,9,99,99,9,9,99,99,9,9,99,9,99,2,1,6,6,1,40,7,-1,-1,-1,-1,7,E01001865,0,1
2024010487375,2024,010487375,3,19,0,18,19,3,7,0,0,0,0,0,0,0,1,1,6,6,1,46,8,-1,-1,-1,-1,10,E01024150,0,2
2024010514211,2024,010514211,2,-1,0,18,19,1,5,0,0,0,0,0,0,0,1,1,6,6,2,27,6,-1,-1,-1,-1,-1,-1,1,-1
2024061458006,2024,061458006,1,1,0,-1,5,3,7,-1,0,1,0,0,0,0,1,1,-1,2,1,41,7,-1,-1,-1,-1,-1,-1,0,-1
2024061529988,2024,061529988,2,9,0,-1,19,-1,-1,-1,0,8,0,0,0,0,1,1,-1,6,3,-1,-1,-1,-1,-1,-1,-1,-1,0,-1
2024041452248,2024,041452248,1,9,0,-1,7,1,7,-1,0,1,0,0,0,0,3,1,-1,9,2,29,6,-1,-1,-1,-1,2,E01025388,0,1
2024010516804,2024,010516804,1,8,0,18,19,5,1,0,0,1,0,0,0,0,1,1,6,6,3,24,5,-1,-1,-1,-1,-1,-1,0,-1
2024401519100,2024,401519100,1,9,0,-1,19,7,3,-1,0,0,2,10,0,0,1,1,-1,6,1,39,7,-1,-1,-1,-1,2,E01017509,0,3
2024161462989,2024,161462989,2,1,0,-1,99,5,1,-1,99,0,9,99,9,99,4,1,-1,6,2,13,3,-1,-1,-1,-1,-1,-1,0,-1
202460Q062830,2024,60Q062830,1,9,0,15,15,1,5,0,0,0,0,0,0,0,3,1,6,6,3,-1,-1,-1,-1,-1,-1,-1,-1,0,-1
2024211481195,2024,211481195,1,9,0,-1,2,0,0,-1,9,0,0,0,0,0,4,1,-1,9,2,56,9,-1,-1,-1,-1,9,E01029712,0,4
2024201433669,2024,201433669,2,9,0,-1,19,4,8,-1,0,8,1,10,0,0,2,1,-1,6,1,64,9,-1,-1,-1,-1,-1,-1,0,-1
2024340NN0842,2024,340NN0842,1,19,4,-1,15,6,2,-1,0,0,0,0,0,0,2,1,-1,6,1,-1,-1,-1,-1,-1,-1,-1,-1,0,-1
2024010509816,2024,010509816,2,1,0,18,19,8,4,0,0,1,0,0,0,0,1,1,6,6,2,51,8,-1,-1,-1,-1,2,E01001850,0,1
2024010550732,2024,010550732,1,9,0,18,19,1,5,0,0,1,0,0,0,0,1,1,6,6,3,23,5,-1,-1,-1,-1,-1,-1,0,-1
2024440518504,2024,440518504,2,1,0,18,19,2,6,0,0,0,0,0,0,0,2,1,6,6,1,55,8,-1,-1,-1,-1,5,E01023192,0,2
2024010509478,2024,010509478,2,1,0,18,19,2,6,4,4,1,0,0,0,0,1,1,6,6,2,51,8,-1,-1,-1,-1,3,E01004364,0,1
2024361512706,2024,361512706,1,9,-1,-1,-1,-1,-1,-1,-1,0,-1,-1,-1,0,-1,9,-1,6,3,-1,-1,-1,-1,-1,-1,5,E01026724,0,2
2024161535065,2024,161535065,1,5,0,-1,19,7,3,-1,0,0,0,4,0,0,1,1,-1,6,1,35,6,-1,-1,-1,-1,10,E01034757,0,1
2024010550718,2024,010550718,2,1,0,15,15,1,5,0,0,1,0,0,0,0,3,1,1,1,1,20,4,-1,-1,-1,-1,3,E01003634,0,1
2024141407796,2024,141407796,2,1,0,-1,9,2,6,-1,0,0,0,0,0,0,3,1,-1,6,1,36,7,-1,-1,-1,-1,1,E01007328,0,1
2024052401964,2024,052401964,2,1,0,18,19,3,7,0,0,0,0,0,0,0,3,1,6,6,1,32,6,-1,-1,-1,-1,1,E01006766,0,1
2024010486821,2024,010486821,2,9,9,99,99,9,9,99,99,9,9,99,9,99,9,9,6,6,3,-1,-1,-1,-1,-1,-1,-1,-1,0,-1
2024531496928,2024,531496928,4,9,0,-1,10,3,7,-1,0,1,0,0,0,0,2,1,-1,6,2,76,11,-1,-1,-1,-1,9,E01022453,0,1
2024010538044,2024,010538044,2,9,0,99,99,9,9,99,99,9,9,99,9,99,1,9,6,6,3,-1,-1,-1,-1,-1,-1,-1,-1,0,-1
2024010505201,2024,010505201,1,-1,0,18,19,5,1,9,9,1,0,0,0,0,2,1,1,1,1,47,8,-1,-1,-1,-1,3,E01003265,1,1
2024471454501,2024,471454501,2,9,0,-1,7,5,7,-1,0,6,0,0,0,0,1,9,-1,6,2,-1,-1,-1,-1,-1,-1,-1,-1,0,-1
2024461524698,2024,461524698,2,98,0,-1,7,1,5,-1,0,4,0,0,0,0,1,1,-1,6,3,40,7,-1,-1,-1,-1,-1,-1,0,-1
2024041491603,2024,041491603,1,9,0,-1,19,7,3,-1,0,0,0,0,0,0,3,9,-1,6,3,-1,-1,-1,-1,-1,-1,-1,-1,0,-1
2024221490544,2024,221490544,2,9,0,-1,19,4,8,-1,0,8,0,0,0,0,1,1,-1,7,2,43,7,-1,-1,-1,-1,4,E01014149,0,2
2024201448177,2024,201448177,2,97,0,-1,15,7,3,-1,0,8,0,0,0,0,3,1,-1,6,1,19,4,-1,-1,-1,-1,1,E01009172,0,1
2024430238527,2024,430238527,2,9,0,2,2,5,1,0,0,1,0,0,0,0,2,1,2,2,2,38,7,-1,-1,-1,-1,10,E01028652,0,1
2024302400350,2024,302400350,2,1,0,16,19,5,7,0,0,3,0,0,0,0,3,1,6,6,1,73,10,-1,-1,-1,-1,7,E01019700,0,1
202454B422224,2024,54B422224,1,9,0,4,4,7,3,0,0,0,0,0,0,0,1,1,6,6,2,38,7,-1,-1,-1,-1,9,E01015525,0,1
2024421450734,2024,421450734,2,9,0,-1,4,5,1,-1,0,0,0,0,0,0,1,1,-1,9,1,59,9,-1,-1,-1,-1,3,E01021279,0,3
2024010549871,2024,010549871,2,19,0,99,99,9,9,99,99,9,9,99,9,99,1,9,6,6,3,-1,-1,-1,-1,-1,-1,-1,-1,0,-1
2024201455989,2024,201455989,2,9,0,-1,19,3,7,-1,0,0,0,0,0,0,2,1,-1,6,1,31,6,-1,-1,-1,-1,-1,-1,0,-1
2024010533540,2024,010533540,2,1,0,18,19,3,7,0,0,1,0,0,0,0,1,1,6,6,1,50,8,-1,-1,-1,-1,5,E01000586,0,1
2024010493097,2024,010493097,2,9,0,99,99,9,9,99,99,9,9,99,9,99,1,9,6,6,3,-1,-1,-1,-1,-1,-1,-1,-1,0,-1
2024991466680,2024,991466680,2,11,0,-1,19,3,7,-1,0,0,0,0,0,0,3,1,-1,1,1,66,10,-1,-1,-1,-1,7,-1,0,5
2024471469001,2024,471469001,2,9,0,-1,19,1,4,-1,0,1,0,0,0,0,-1,1,-1,6,3,-1,-1,-1,-1,-1,-1,-1,-1,0,-1
2024421481645,2024,421481645,2,9,0,-1,2,7,3,-1,0,2,0,0,0,0,2,1,-1,6,3,-1,-1,-1,-1,-1,-1,-1,-1,0,-1
2024010488830,2024,010488830,1,1,9,99,99,9,9,99,99,9,9,99,9,99,1,1,2,2,1,49,8,-1,-1,-1,-1,6,E01000921,0,1
2024201434795,2024,201434795,2,1,0,-1,19,7,3,-1,0,0,0,0,0,0,2,1,-1,2,1,32,6,-1,-1,-1,-1,4,E01009779,0,1
2024010509736,2024,010509736,1,1,9,99,99,9,9,99,99,9,9,99,9,99,1,1,6,6,1,35,6,-1,-1,-1,-1,2,E01004309,0,1
2024070877328,2024,070877328,1,9,0,-1,9,1,3,-1,9,8,0,0,0,1,1,1,-1,6,1,60,9,-1,-1,-1,-1,-1,-1,0,-1
2024131501159,2024,131501159,2,1,0,-1,19,3,7,-1,9,6,0,0,0,0,1,1,-1,9,1,45,7,-1,-1,-1,-1,1,E01011316,0,1
2024010551884,2024,010551884,2,9,0,99,99,9,9,99,99,9,9,99,9,99,1,9,6,6,3,-1,-1,-1,-1,-1,-1,6,E01035579,0,2
2024461499381,2024,461499381,1,17,1,-1,19,1,5,-1,0,0,0,0,0,0,1,9,-1,1,1,-1,-1,-1,-1,-1,-1,-1,-1,0,-1
2024430430780,2024,430430780,2,9,0,4,4,8,4,0,0,8,0,0,0,0,2,1,6,6,3,-1,-1,-1,-1,-1,-1,-1,-1,0,-1
2024101459920,2024,101459920,2,9,0,-1,19,5,1,-1,0,8,0,0,0,0,4,1,-1,9,1,38,7,-1,-1,-1,-1,7,E01035617,0,3
2024311474519,2024,311474519,1,9,0,-1,19,1,5,-1,0,0,0,0,0,0,0,9,-1,6,3,-1,-1,-1,-1,-1,-1,-1,-1,0,-1
2024141412452,2024,141412452,2,1,0,-1,19,5,1,-1,0,8,2,0,0,0,4,1,-1,6,1,-1,-1,-1,-1,-1,-1,-1,-1,0,-1
2024311449658,2024,311449658,2,9,0,-1,19,2,5,-1,0,4,0,0,0,0,1,1,-1,6,-1,-1,-1,-1,-1,-1,-1,-1,-1,0,-1
2024351567910,2024,351567910,3,21,0,-1,4,5,1,-1,0,0,0,0,0,0,2,1,-1,2,1,41,7,-1,-1,-1,-1,10,E01035351,0,5
2024161463926,2024,161463926,2,8,0,-1,19,6,2,-1,0,0,0,0,0,0,0,9,-1,1,1,-1,-1,-1,-1,-1,-1,-1,-1,0,-1
2024430016174,2024,430016174,1,9,0,18,19,8,4,0,0,1,0,0,0,0,2,1,6,6,1,53,8,-1,-1,-1,-1,10,E01032759,0,1
2024061410486,2024,061410486,1,9,-1,-1,-1,-1,-1,-1,-1,0,-1,-1,-1,0,-1,9,-1,6,3,-1,-1,-1,-1,-1,-1,-1,-1,0,-1
2024161444636,2024,161444636,2,1,0,-1,19,7,3,-1,0,0,0,0,0,0,1,1,-1,6,1,11,3,-1,-1,-1,-1,9,E01012954,0,1
2024010490008,2024,010490008,1,9,0,99,99,9,9,99,99,9,9,99,9,99,1,9,2,2,2,65,9,-1,-1,-1,-1,2,E01000087,0,1
2024991513686,2024,991513686,1,9,0,-1,19,4,8,-1,0,0,0,0,0,0,1,1,-1,6,1,57,9,-1,-1,-1,-1,1,-1,0,2
2024070432121,2024,070432121,2,1,0,10,10,1,5,0,0,8,0,0,0,0,2,1,6,6,1,40,7,-1,-1,-1,-1,9,E01018403,0,2
202460Q060805,2024,60Q060805,1,9,0,5,5,3,7,0,0,6,0,0,0,0,1,1,6,6,2,56,9,-1,-1,-1,-1,-1,-1,0,-1
2024302401079,2024,302401079,1,1,0,18,19,2,6,0,0,1,0,0,0,0,1,1,6,6,3,-1,-1,-1,-1,-1,-1,5,E01019456,0,4
2024010503983,2024,010503983,1,9,0,18,19,5,1,0,0,0,0,0,0,0,1,1,6,6,3,-1,-1,-1,-1,-1,-1,-1,-1,0,-1
2024471529885,2024,471529885,1,9,0,-1,19,1,5,-1,0,1,2,0,1,0,3,1,-1,9,2,18,4,-1,-1,-1,-1,7,E01021010,0,2