collision_index,collision_year,collision_ref_no,vehicle_reference,vehicle_type,towing_and_articulation,vehicle_manoeuvre_historic,vehicle_manoeuvre,vehicle_direction_from,vehicle_direction_to,vehicle_location_restricted_lane_historic,vehicle_location_restricted_lane,junction_location,skidding_and_overturning,hit_object_in_carriageway,vehicle_leaving_carriageway,hit_object_off_carriageway,first_point_of_impact,vehicle_left_hand_drive,journey_purpose_of_driver_historic,journey_purpose_of_driver,sex_of_driver,age_of_driver,age_band_of_driver,engine_capacity_cc,propulsion_code,age_of_vehicle,generic_make_model,driver_imd_decile,lsoa_of_driver,escooter_flag,driver_distance_banding
2024131458233,2024,131458233,1,90,0,-1,19,5,1,-1,0,8,0,0,0,0,1,1,-1,9,1,19,4,-1,-1,-1,-1,3,E01011822,0,1
2024471461329,2024,471461329,2,1,0,-1,19,1,5,-1,0,0,0,0,0,0,3,1,-1,9,1,59,9,-1,-1,-1,-1,10,E01031680,0,2
2024461517643,2024,461517643,2,1,0,-1,19,5,1,-1,0,2,0,0,0,0,1,1,-1,6,1,14,3,-1,-1,-1,-1,9,E01024849,0,1
2024471489964,2024,471489964,1,9,0,-1,19,8,2,-1,0,0,0,0,7,4,1,1,-1,1,1,60,9,-1,-1,-1,-1,3,E01017007,0,2
2024430220435,2024,430220435,1,9,0,3,3,4,8,0,0,1,0,0,0,0,2,1,6,6,1,58,9,-1,-1,-1,-1,7,E01016317,0,1
2024010487260,2024,010487260,2,9,0,99,99,9,9,99,99,9,9,99,9,99,1,9,6,6,3,30,6,-1,-1,-1,-1,4,E01004525,0,1
2024122400245,2024,122400245,2,1,0,18,19,8,4,4,4,0,0,0,0,0,2,1,1,1,2,52,8,-1,-1,-1,-1,10,E01027675,0,4
2024010492426,2024,010492426,1,9,0,4,4,7,3,0,0,2,0,0,0,0,1,1,6,6,3,-1,-1,-1,-1,-1,-1,-1,-1,0,-1
2024010490947,2024,010490947,2,9,0,5,5,5,1,0,0,1,0,0,0,0,1,1,1,1,1,64,9,-1,-1,-1,-1,10,E01004196,0,2
2024430610849,2024,430610849,2,9,0,18,19,-1,-1,0,0,0,0,99,9,99,4,1,6,6,2,50,8,-1,-1,-1,-1,-1,-1,0,-1
2024231478834,2024,231478834,2,8,0,-1,5,6,2,-1,0,6,0,10,1,0,4,1,-1,1,1,27,6,-1,-1,-1,-1,2,E01009014,0,4
2024010490137,2024,010490137,1,9,0,99,99,9,9,99,99,9,9,99,9,99,2,9,6,6,1,42,7,-1,-1,-1,-1,5,E01002492,0,3
2024010543178,2024,010543178,1,1,9,99,99,9,9,99,99,9,9,99,9,99,1,1,6,6,1,32,6,-1,-1,-1,-1,5,E01004441,0,2
2024010521507,2024,010521507,2,9,0,2,2,0,0,0,0,0,0,0,0,0,2,1,6,6,3,-1,-1,-1,-1,-1,-1,-1,-1,0,-1
2024141408702,2024,141408702,2,1,0,-1,19,8,5,-1,0,0,5,0,1,0,4,1,-1,6,1,21,5,-1,-1,-1,-1,7,E01007711,0,4
2024010496342,2024,010496342,1,11,0,15,15,5,1,2,2,1,0,0,0,0,1,1,1,1,1,35,6,-1,-1,-1,-1,2,E01002075,0,1
2024302400050,2024,302400050,1,4,0,18,19,2,4,0,0,1,0,0,0,0,1,1,6,6,1,34,6,-1,-1,-1,-1,4,E01013460,0,1
2024052401608,2024,052401608,1,1,0,7,7,2,6,0,0,1,0,0,0,0,1,1,6,6,1,19,4,-1,-1,-1,-1,5,E01006669,0,2
2024430484860,2024,430484860,1,9,0,18,19,4,8,0,0,0,0,0,0,0,1,1,6,6,3,-1,-1,-1,-1,-1,-1,-1,-1,0,-1
2024010540286,2024,010540286,2,3,0,99,99,9,9,99,99,9,9,99,9,99,1,1,6,6,3,-1,-1,-1,-1,-1,-1,-1,-1,0,-1
2024440464885,2024,440464885,2,9,0,5,5,0,6,8,6,2,0,0,0,0,1,1,6,6,1,-1,-1,-1,-1,-1,-1,-1,-1,0,-1
2024501470659,2024,501470659,2,-1,0,-1,19,4,2,-1,0,0,0,0,0,0,1,9,-1,9,2,10,2,-1,-1,-1,-1,6,E01034625,1,1
2024101512938,2024,101512938,1,9,0,-1,19,3,7,-1,0,0,0,0,0,0,1,1,-1,6,1,23,5,-1,-1,-1,-1,7,E01027554,0,3
2024141427767,2024,141427767,2,9,0,-1,2,0,0,-1,0,1,0,0,0,0,0,9,-1,6,-1,-1,-1,-1,-1,-1,-1,-1,-1,0,-1
2024201473478,2024,201473478,1,9,0,-1,19,5,1,-1,0,1,0,0,0,0,1,9,-1,6,1,54,8,-1,-1,-1,-1,6,E01010200,0,1
2024461456238,2024,461456238,1,9,0,-1,19,6,2,-1,0,0,0,0,0,0,3,2,-1,6,-1,-1,-1,-1,-1,-1,-1,-1,-1,0,-1
2024531471184,2024,531471184,1,-1,0,-1,19,7,3,-1,0,8,0,0,0,0,1,1,-1,6,1,28,6,-1,-1,-1,-1,9,E01022100,1,3
2024052402838,2024,052402838,1,19,0,18,19,3,7,0,0,1,0,0,0,0,1,1,6,6,3,-1,-1,-1,-1,-1,-1,-1,-1,0,-1
2024010539558,2024,010539558,1,9,0,18,19,1,5,0,0,0,0,0,0,0,1,1,6,6,3,-1,-1,-1,-1,-1,-1,-1,-1,0,-1
2024545412424,2024,545412424,1,9,0,5,5,5,1,0,0,0,0,0,0,0,1,1,6,6,2,44,7,-1,-1,-1,-1,8,E01032694,0,3
2024991431547,2024,991431547,1,9,0,-1,19,6,2,-1,0,0,1,0,7,4,1,1,-1,1,1,28,6,-1,-1,-1,-1,7,-1,0,4
2024131458189,2024,131458189,1,9,0,-1,-1,-1,-1,-1,-1,1,-1,-1,-1,0,-1,1,-1,6,3,-1,-1,-1,-1,-1,-1,-1,-1,0,-1
2024522402989,2024,522402989,1,9,0,18,19,1,5,0,0,1,0,0,0,0,1,1,6,6,3,-1,-1,-1,-1,-1,-1,-1,-1,0,-1
2024010487633,2024,010487633,2,9,0,3,3,3,7,0,0,1,0,0,0,0,2,1,6,6,1,51,8,-1,-1,-1,-1,7,E01004619,0,2
2024061469492,2024,061469492,2,1,0,-1,19,7,3,-1,4,8,0,0,0,0,2,1,-1,6,1,76,11,-1,-1,-1,-1,6,E01006166,0,1
2024351422776,2024,351422776,2,-1,0,-1,10,6,4,-1,0,8,0,0,0,0,1,1,-1,6,2,20,4,-1,-1,-1,-1,9,E01017998,1,1
2024501533880,2024,501533880,1,9,0,-1,19,6,2,-1,0,2,0,0,0,0,1,1,-1,2,2,24,5,-1,-1,-1,-1,4,E01018968,0,2
2024122401199,2024,122401199,2,1,0,13,13,2,8,0,0,4,0,0,0,0,1,1,6,6,1,41,7,-1,-1,-1,-1,8,E01034959,0,1
2024221488984,2024,221488984,2,1,0,-1,19,3,6,-1,0,8,0,0,0,0,1,1,-1,9,2,52,8,-1,-1,-1,-1,8,E01028917,0,1
2024430027490,2024,430027490,2,1,0,5,5,3,8,0,0,4,0,0,0,0,3,1,6,6,2,31,6,-1,-1,-1,-1,10,E01028563,0,1
2024010497341,2024,010497341,1,2,0,5,5,5,1,0,0,1,0,0,0,0,1,1,6,6,2,23,5,-1,-1,-1,-1,-1,-1,0,-1
2024361527187,2024,361527187,2,9,0,-1,4,6,2,-1,0,0,0,0,0,0,2,1,-1,9,1,73,10,-1,-1,-1,-1,8,E01034362,0,5
2024991529484,2024,991529484,1,9,0,-1,7,5,7,-1,0,2,0,0,0,0,3,1,-1,6,1,46,8,-1,-1,-1,-1,3,-1,0,1
2024070225773,2024,070225773,1,5,0,13,13,4,8,0,0,0,0,0,0,0,1,1,6,6,1,43,7,-1,-1,-1,-1,1,E01014212,0,3
2024061475325,2024,061475325,2,22,0,-1,19,3,6,-1,0,8,5,0,0,0,1,1,-1,9,2,49,8,-1,-1,-1,-1,1,E01006167,0,1
2024421488054,2024,421488054,2,9,0,-1,3,3,7,-1,0,4,0,0,0,0,2,1,-1,6,2,63,9,-1,-1,-1,-1,4,E01034370,0,3
2024101460881,2024,101460881,1,9,0,-1,19,2,6,-1,0,8,1,0,3,10,1,1,-1,6,1,22,5,-1,-1,-1,-1,2,E01027552,0,1
2024430268498,2024,430268498,1,9,0,18,19,3,7,0,0,1,0,0,0,0,1,1,6,6,1,39,7,-1,-1,-1,-1,8,E01035250,0,1
2024302400238,2024,302400238,2,9,0,3,3,6,2,0,0,1,0,0,0,0,2,1,6,6,2,23,5,-1,-1,-1,-1,3,E01019661,0,3
2024010496102,2024,010496102,1,9,0,99,99,9,9,99,99,9,9,99,9,99,2,9,6,6,1,34,6,-1,-1,-1,-1,5,E01002611,0,1
2024411429549,2024,411429549,2,1,0,-1,-1,-1,-1,-1,-1,0,-1,-1,-1,0,-1,1,-1,6,1,11,3,-1,-1,-1,-1,5,E01023828,0,1
2024141515219,2024,141515219,2,1,0,-1,19,4,1,-1,0,4,0,0,0,0,2,1,-1,6,1,14,3,-1,-1,-1,-1,3,E01007569,0,2
2024221487906,2024,221487906,2,1,0,-1,9,8,5,-1,0,5,0,0,0,0,4,1,-1,9,1,8,2,-1,-1,-1,-1,2,E01032437,0,1
2024610013824,2024,610013824,1,19,0,1,1,2,6,0,0,8,0,0,0,0,2,1,6,6,2,42,7,-1,-1,-1,-1,1,E01032518,0,4
2024231518545,2024,231518545,2,9,0,-1,13,8,4,-1,0,0,1,0,1,0,0,9,-1,6,1,53,8,-1,-1,-1,-1,-1,-1,0,-1
2024631477168,2024,631477168,2,9,0,-1,19,3,7,-1,0,0,0,0,0,0,1,1,-1,6,3,-1,-1,-1,-1,-1,-1,-1,-1,0,-1
2024010499397,2024,010499397,2,1,0,13,13,4,8,0,0,8,0,0,0,0,0,1,6,6,3,23,5,-1,-1,-1,-1,-1,-1,0,-1
2024461533094,2024,461533094,3,9,0,-1,2,0,0,-1,0,0,0,0,0,0,2,1,-1,9,1,53,8,-1,-1,-1,-1,2,E01024633,0,1
2024161434449,2024,161434449,1,1,0,-1,19,2,6,-1,0,0,0,0,0,0,4,1,-1,7,1,13,3,-1,-1,-1,-1,3,E01012774,0,1
2024991467590,2024,991467590,1,9,0,-1,19,6,2,-1,0,0,0,0,0,0,1,1,-1,6,1,20,4,-1,-1,-1,-1,1,-1,0,2
2024471407238,2024,471407238,2,-1,0,-1,19,3,7,-1,0,1,0,0,0,0,4,1,-1,6,3,14,3,-1,-1,-1,-1,-1,-1,1,-1
2024411519265,2024,411519265,2,9,-1,-1,-1,-1,-1,-1,-1,0,-1,-1,-1,0,-1,9,-1,6,3,-1,-1,-1,-1,-1,-1,-1,-1,0,-1
2024302401414,2024,302401414,1,1,0,18,19,3,7,0,0,0,0,0,0,0,1,1,6,6,3,-1,-1,-1,-1,-1,-1,5,E01019456,0,3
2024631415206,2024,631415206,1,9,0,-1,19,1,4,-1,0,1,1,0,0,0,1,1,-1,6,3,-1,-1,-1,-1,-1,-1,-1,-1,0,-1
2024101520960,2024,101520960,1,1,0,-1,15,5,1,-1,0,0,0,0,0,0,0,1,-1,6,3,-1,-1,-1,-1,-1,-1,-1,-1,0,-1
2024610013424,2024,610013424,4,8,0,18,19,8,4,0,0,1,0,0,0,0,1,1,6,6,1,31,6,-1,-1,-1,-1,3,W01001348,0,2
2024010499776,2024,010499776,1,1,9,18,19,9,9,99,99,1,9,99,9,99,1,1,2,2,1,25,5,-1,-1,-1,-1,6,E01001245,0,1
2024201584334,2024,201584334,1,9,0,-1,19,3,7,-1,0,0,0,0,0,0,1,9,-1,6,3,-1,-1,-1,-1,-1,-1,-1,-1,0,-1
2024302400563,2024,302400563,2,1,0,9,9,6,4,0,0,8,0,0,0,0,3,1,6,6,1,21,5,-1,-1,-1,-1,5,E01019428,0,3
2024340WN2792,2024,340WN2792,2,9,0,-1,3,5,1,-1,0,1,0,0,0,0,2,1,-1,6,1,40,7,-1,-1,-1,-1,8,E01027160,0,1
2024101398781,2024,101398781,1,9,0,-1,19,1,5,-1,0,6,0,7,0,0,1,1,-1,6,2,87,11,-1,-1,-1,-1,7,E01008873,0,1
2024070332092,2024,070332092,1,19,0,5,5,1,5,0,0,0,0,0,0,0,1,1,6,6,1,-1,-1,-1,-1,-1,-1,-1,-1,0,-1
2024430190379,2024,430190379,1,11,0,18,19,6,2,0,0,0,0,0,0,0,1,1,1,1,3,-1,-1,-1,-1,-1,-1,-1,-1,0,-1
2024010515111,2024,010515111,1,9,0,99,99,9,9,99,99,9,9,99,9,99,2,9,6,6,2,25,5,-1,-1,-1,-1,10,E01028823,0,4
2024991484141,2024,991484141,2,98,0,-1,19,1,5,-1,0,8,0,0,0,0,1,1,-1,1,1,58,9,-1,-1,-1,-1,7,-1,0,1
2024010492102,2024,010492102,1,9,0,7,7,5,6,0,0,4,0,0,0,0,1,1,2,2,2,54,8,-1,-1,-1,-1,3,E01002552,0,1
2024010489854,2024,010489854,2,9,0,99,99,9,9,99,99,0,9,99,9,99,9,9,6,6,3,-1,-1,-1,-1,-1,-1,-1,-1,0,-1
2024440464081,2024,440464081,1,1,0,18,19,6,2,0,0,2,0,0,0,0,4,1,2,2,1,18,4,-1,-1,-1,-1,6,E01017212,0,1
2024421481556,2024,421481556,2,9,0,-1,19,6,2,-1,0,8,0,0,0,0,1,1,-1,9,1,18,4,-1,-1,-1,-1,8,E01021756,0,4
2024552400724,2024,552400724,2,1,0,18,19,7,3,0,0,0,0,0,0,0,3,1,6,6,1,32,6,-1,-1,-1,-1,7,E01015977,0,5
2024101497050,2024,101497050,2,1,0,-1,19,3,7,-1,0,0,0,0,0,0,3,1,-1,6,1,16,4,-1,-1,-1,-1,-1,-1,0,-1
2024010491413,2024,010491413,1,8,9,99,99,9,9,99,99,9,9,99,9,99,9,9,1,1,1,54,8,-1,-1,-1,-1,6,E01001312,0,1
202417S105824,2024,17S105824,2,9,0,-1,19,4,8,-1,0,0,0,0,0,0,1,1,-1,6,3,-1,-1,-1,-1,-1,-1,-1,-1,0,-1
2024302401708,2024,302401708,2,9,0,18,19,5,1,0,0,8,0,0,0,0,1,1,6,6,2,83,11,-1,-1,-1,-1,10,E01019641,0,1
2024010544622,2024,010544622,1,9,0,99,99,9,9,99,99,9,9,99,9,99,4,9,6,6,1,33,6,-1,-1,-1,-1,5,E01002369,0,2
2024010533357,2024,010533357,3,9,0,4,4,5,1,0,0,1,0,0,0,0,2,1,6,6,2,33,6,-1,-1,-1,-1,-1,-1,0,-1
2024010544556,2024,010544556,1,9,0,99,99,9,9,99,99,9,9,99,9,99,9,9,6,6,3,-1,-1,-1,-1,-1,-1,-1,-1,0,-1
2024351539380,2024,351539380,2,9,0,-1,19,4,8,-1,0,1,0,0,0,0,1,9,-1,6,3,-1,-1,-1,-1,-1,-1,-1,-1,0,-1
2024520401735,2024,520401735,1,9,0,18,19,6,2,0,0,0,0,0,0,0,9,1,6,6,3,-1,-1,-1,-1,-1,-1,-1,-1,0,-1
2024461515468,2024,461515468,1,1,0,-1,19,1,5,-1,0,0,0,0,1,0,2,1,-1,2,1,26,6,-1,-1,-1,-1,8,E01024203,0,1
2024548475024,2024,548475024,1,1,0,18,19,5,1,0,0,6,0,0,0,0,3,1,6,6,1,36,7,-1,-1,-1,-1,6,E01015478,0,1
202417M101224,2024,17M101224,2,9,0,3,3,1,5,0,0,0,0,0,0,0,3,1,2,2,1,31,6,-1,-1,-1,-1,1,E01012041,0,1
2024451471995,2024,451471995,1,11,0,-1,19,1,3,-1,0,0,0,0,0,0,0,9,-1,1,1,58,9,-1,-1,-1,-1,10,E01031672,0,3
2024010526090,2024,010526090,1,1,9,18,19,9,9,99,99,9,9,8,9,99,1,1,6,6,1,14,3,-1,-1,-1,-1,4,E01001370,0,1
2024522402786,2024,522402786,1,19,0,7,7,7,1,0,0,5,0,0,0,0,4,1,6,6,2,59,9,-1,-1,-1,-1,7,E01014864,0,2
2024501458563,2024,501458563,1,9,0,-1,19,8,3,-1,0,0,0,0,1,10,1,1,-1,6,1,22,5,-1,-1,-1,-1,5,E01020324,0,1
2024522402178,2024,522402178,1,9,0,18,19,6,1,0,0,8,0,0,0,0,1,1,6,6,1,34,6,-1,-1,-1,-1,7,E01014916,0,2
2024340WN5262,2024,340WN5262,2,9,0,-1,19,5,1,-1,0,0,2,0,1,4,1,1,-1,6,2,35,6,-1,-1,-1,-1,9,E01027006,0,3
2024531472713,2024,531472713,1,9,0,-1,5,-1,3,-1,0,1,0,0,0,0,1,9,-1,6,3,-1,-1,-1,-1,-1,-1,-1,-1,0,-1
2024471405839,2024,471405839,2,1,0,-1,19,1,5,-1,0,8,0,0,0,0,1,1,-1,6,1,72,10,-1,-1,-1,-1,10,E01020940,0,1
2024440527064,2024,440527064,2,9,0,4,4,5,1,0,0,1,0,0,0,0,1,1,6,6,1,32,6,-1,-1,-1,-1,2,E01023006,0,1
2024010513135,2024,010513135,1,9,9,99,99,9,9,99,99,0,9,99,0,0,9,1,6,6,3,-1,-1,-1,-1,-1,-1,-1,-1,0,-1
2024010516748,2024,010516748,1,1,0,18,19,7,3,0,0,0,0,0,0,0,1,1,6,6,1,16,4,-1,-1,-1,-1,4,E01021741,0,4
2024430154526,2024,430154526,1,9,0,9,9,4,2,0,0,5,0,0,0,0,4,1,2,2,1,42,7,-1,-1,-1,-1,9,E01002451,0,4
2024522402507,2024,522402507,2,9,0,13,13,2,6,0,0,1,0,0,0,0,4,1,6,6,3,-1,-1,-1,-1,-1,-1,-1,-1,0,-1
2024010526334,2024,010526334,2,1,0,5,5,5,1,0,0,8,0,0,0,0,0,1,6,6,2,23,5,-1,-1,-1,-1,3,E01003917,0,1
2024010530364,2024,010530364,1,19,0,99,99,9,9,99,99,9,9,99,9,99,2,9,6,6,3,-1,-1,-1,-1,-1,-1,-1,-1,0,-1
2024031521840,2024,031521840,2,9,0,-1,19,3,7,-1,0,0,1,0,1,0,2,2,-1,2,1,32,6,-1,-1,-1,-1,1,E01019157,0,3
2024211464246,2024,211464246,2,1,0,-1,3,4,8,-1,9,0,0,0,0,0,1,1,-1,9,1,12,3,-1,-1,-1,-1,10,E01029412,0,1
2024041473057,2024,041473057,2,9,0,-1,19,6,4,-1,0,8,0,0,0,0,3,1,-1,6,2,37,7,-1,-1,-1,-1,5,E01025598,0,1
2024401547393,2024,401547393,1,2,0,-1,19,5,1,-1,0,0,0,0,0,0,1,1,-1,6,1,22,5,-1,-1,-1,-1,6,E01017616,0,2
2024010527478,2024,010527478,2,1,0,18,19,8,4,1,1,1,0,0,0,0,2,1,6,6,1,21,5,-1,-1,-1,-1,3,E01000510,0,1
202417S308924,2024,17S308924,1,1,0,-1,19,3,4,-1,0,1,0,0,0,0,1,1,-1,9,1,15,3,-1,-1,-1,-1,2,E01012291,0,1
2024421541990,2024,421541990,1,1,0,-1,19,5,1,-1,0,0,0,0,0,0,3,1,-1,6,1,50,8,-1,-1,-1,-1,-1,-1,0,-1
2024041484729,2024,041484729,1,98,0,-1,19,5,1,-1,0,0,0,0,0,0,0,9,-1,6,1,-1,-1,-1,-1,-1,-1,-1,-1,0,-1
2024010494832,2024,010494832,1,9,0,4,4,3,7,0,0,2,0,0,0,0,2,1,2,2,1,37,7,-1,-1,-1,-1,7,E01032963,0,5
2024991409125,2024,991409125,1,9,0,-1,19,4,8,-1,0,0,2,0,1,0,1,1,-1,6,2,43,7,-1,-1,-1,-1,3,-1,0,1
2024461465629,2024,461465629,1,9,-1,-1,4,1,5,-1,0,4,0,0,0,0,-1,9,-1,6,3,-1,-1,-1,-1,-1,-1,-1,-1,0,-1
2024211478862,2024,211478862,1,9,0,-1,4,4,8,-1,0,0,0,0,0,0,2,1,-1,9,1,79,11,-1,-1,-1,-1,8,E01029713,0,2
2024010523249,2024,010523249,1,9,0,18,19,1,5,0,0,1,0,99,0,0,1,9,6,6,3,-1,-1,-1,-1,-1,-1,-1,-1,0,-1
2024440019380,2024,440019380,2,19,0,9,9,6,3,0,0,5,0,0,0,0,1,1,6,6,1,20,4,-1,-1,-1,-1,10,E01022931,0,1
202417M112024,2024,17M112024,1,-1,0,-1,19,2,6,-1,0,0,0,0,0,0,1,1,-1,6,1,-1,-1,-1,-1,-1,-1,-1,-1,1,-1
2024501477025,2024,501477025,2,1,0,-1,19,4,8,-1,0,0,0,0,0,0,4,1,-1,9,1,52,8,-1,-1,-1,-1,6,E01020329,0,3
2024522403335,2024,522403335,2,1,0,18,19,5,1,0,0,8,0,0,0,0,4,1,6,6,2,39,7,-1,-1,-1,-1,2,E01014806,0,1
2024302400363,2024,302400363,1,9,0,17,19,2,8,0,0,2,0,0,1,4,1,1,1,1,2,44,7,-1,-1,-1,-1,5,E01013515,0,1
2024010543941,2024,010543941,2,1,9,99,99,9,9,99,99,0,9,99,9,99,9,1,6,6,3,-1,-1,-1,-1,-1,-1,-1,-1,0,-1
2024520002250,2024,520002250,2,9,0,13,13,3,7,0,0,0,0,0,0,0,1,1,6,6,3,-1,-1,-1,-1,-1,-1,-1,-1,0,-1
2024010492590,2024,010492590,1,9,0,99,99,9,9,99,99,0,9,99,9,99,2,9,6,6,2,75,10,-1,-1,-1,-1,4,E01002313,0,1
2024440404249,2024,440404249,1,1,0,18,19,1,5,9,9,0,0,0,0,0,1,1,6,6,2,40,7,-1,-1,-1,-1,-1,-1,0,-1
2024070279249,2024,070279249,1,9,0,9,9,4,8,0,0,1,0,0,0,0,4,1,6,6,2,50,8,-1,-1,-1,-1,10,E01018468,0,4
2024010523583,2024,010523583,2,8,0,99,99,9,9,99,99,9,9,99,9,99,9,9,6,6,3,-1,-1,-1,-1,-1,-1,-1,-1,0,-1
2024131421200,2024,131421200,2,1,0,-1,9,6,2,-1,0,1,0,0,0,0,0,1,-1,9,2,29,6,-1,-1,-1,-1,1,E01010839,0,1
2024010540444,2024,010540444,2,9,0,99,99,9,9,99,99,9,9,99,9,99,9,9,6,6,3,-1,-1,-1,-1,-1,-1,-1,-1,0,-1
2024010501792,2024,010501792,1,11,0,18,19,1,5,2,2,1,0,0,0,0,0,1,1,1,1,62,9,-1,-1,-1,-1,-1,-1,0,-1
2024010542150,2024,010542150,2,1,0,15,15,1,5,4,4,1,0,0,0,0,1,1,6,6,1,22,5,-1,-1,-1,-1,5,E01001291,0,1
2024010522204,2024,010522204,2,1,9,99,99,9,9,99,99,9,9,99,9,99,9,1,6,6,3,-1,-1,-1,-1,-1,-1,-1,-1,0,-1
2024440493568,2024,440493568,1,1,0,18,19,2,6,0,0,8,0,0,0,0,1,1,2,2,1,50,8,-1,-1,-1,-1,5,E01023095,0,1
2024991547552,2024,991547552,1,9,0,-1,7,7,1,-1,0,1,0,0,0,0,1,2,-1,6,2,24,5,-1,-1,-1,-1,3,-1,0,2
2024010494534,2024,010494534,1,9,0,7,7,6,1,0,0,6,0,0,0,0,3,1,6,6,1,38,7,-1,-1,-1,-1,3,E01004263,0,1
2024201433742,2024,201433742,1,9,0,-1,15,7,3,-1,0,0,0,0,0,0,4,9,-1,9,3,-1,-1,-1,-1,-1,-1,-1,-1,0,-1
2024430098298,2024,430098298,1,9,0,18,19,4,8,0,0,0,0,0,0,0,3,1,6,6,1,32,6,-1,-1,-1,-1,5,E01009716,0,5
2024332400128,2024,332400128,1,19,0,-1,12,5,1,-1,0,0,0,0,0,0,0,1,-1,6,3,-1,-1,-1,-1,-1,-1,-1,-1,0,-1
2024061526069,2024,061526069,1,9,-1,-1,-1,-1,-1,-1,-1,8,-1,-1,-1,0,-1,9,-1,6,3,-1,-1,-1,-1,-1,-1,-1,-1,0,-1
2024010515862,2024,010515862,1,1,9,99,99,9,9,99,99,9,9,99,9,99,9,1,2,2,1,44,7,-1,-1,-1,-1,4,E01003118,0,1
2024361469625,2024,361469625,1,9,0,-1,19,7,3,-1,0,0,0,0,0,0,1,1,-1,9,1,37,7,-1,-1,-1,-1,7,E01033540,0,1
2024010492593,2024,010492593,2,9,0,99,99,9,9,99,99,9,9,99,9,99,9,9,6,6,3,-1,-1,-1,-1,-1,-1,-1,-1,0,-1
2024010528166,2024,010528166,1,1,9,99,99,9,9,99,99,9,9,99,9,99,1,1,6,6,1,59,9,-1,-1,-1,-1,5,E01002567,0,1
2024991481439,2024,991481439,1,9,0,-1,19,3,7,-1,0,6,0,10,0,0,4,9,-1,6,3,-1,-1,-1,-1,-1,-1,-1,-1,0,-1
2024501484695,2024,501484695,1,9,0,-1,1,6,2,-1,0,1,0,0,0,0,2,1,-1,6,1,73,10,-1,-1,-1,-1,5,E01018849,0,1
2024201442006,2024,201442006,2,90,0,-1,2,0,0,-1,0,2,0,0,0,0,2,9,-1,2,1,53,8,-1,-1,-1,-1,7,E01032126,0,1
2024011503798,2024,011503798,2,1,0,-1,14,1,5,-1,0,0,0,0,0,0,1,1,-1,9,1,30,6,-1,-1,-1,-1,-1,-1,0,-1
2024161484612,2024,161484612,1,9,0,-1,19,7,3,-1,0,0,0,0,0,0,1,2,-1,9,1,79,11,-1,-1,-1,-1,1,E01011476,0,4
2024421477141,2024,421477141,1,98,1,-1,19,8,4,-1,0,0,0,0,0,0,1,2,-1,1,1,38,7,-1,-1,-1,-1,-1,-1,0,-1
2024501522529,2024,501522529,1,9,0,-1,19,4,8,-1,0,0,0,0,0,0,1,1,-1,2,1,46,8,-1,-1,-1,-1,4,E01014622,0,5
2024211490668,2024,211490668,1,1,0,-1,9,1,5,-1,0,1,0,0,0,0,2,1,-1,6,1,63,9,-1,-1,-1,-1,9,E01029769,0,1
2024161441039,2024,161441039,1,9,9,-1,10,5,1,-1,0,1,9,0,0,0,2,9,-1,6,1,-1,-1,-1,-1,-1,-1,-1,-1,0,-1
2024332401174,2024,332401174,1,9,0,-1,19,9,9,-1,0,0,0,0,0,0,4,1,-1,6,3,-1,-1,-1,-1,-1,-1,-1,-1,0,-1
2024421432487,2024,421432487,2,1,0,-1,19,5,1,-1,0,8,0,0,0,0,4,1,-1,2,1,69,10,-1,-1,-1,-1,2,E01003712,0,4
2024041424273,2024,041424273,2,-1,0,-1,19,7,3,-1,0,8,0,0,0,0,3,1,-1,6,1,15,3,-1,-1,-1,-1,3,E01012585,1,1
2024430459951,2024,430459951,2,9,0,1,1,2,6,0,0,1,0,0,0,0,2,1,6,6,2,30,6,-1,-1,-1,-1,-1,-1,0,-1
2024010546211,2024,010546211,2,-1,0,4,4,5,1,0,0,2,0,0,0,0,1,1,6,6,1,52,8,-1,-1,-1,-1,4,E01003736,1,1
2024311522125,2024,311522125,1,9,0,-1,19,5,1,-1,0,0,0,0,0,0,3,9,-1,6,3,-1,-1,-1,-1,-1,-1,-1,-1,0,-1
2024010492484,2024,010492484,2,8,0,99,99,9,9,99,99,0,9,99,9,99,9,9,6,6,3,-1,-1,-1,-1,-1,-1,-1,-1,0,-1
2024471529295,2024,471529295,2,9,0,-1,19,4,8,-1,0,0,0,0,0,0,1,1,-1,6,3,-1,-1,-1,-1,-1,-1,-1,-1,0,-1
2024451444799,2024,451444799,1,22,0,-1,5,5,1,-1,0,6,0,0,0,0,4,1,-1,9,1,89,11,-1,-1,-1,-1,9,E01030733,0,1
2024061428542,2024,061428542,2,23,0,-1,19,4,8,-1,0,6,0,0,0,0,3,1,-1,6,1,20,4,-1,-1,-1,-1,-1,-1,0,-1
2024041404263,2024,041404263,1,97,0,-1,-1,-1,-1,-1,-1,1,-1,-1,-1,0,-1,1,-1,6,3,-1,-1,-1,-1,-1,-1,-1,-1,0,-1
2024061410048,2024,061410048,1,9,0,-1,19,5,2,-1,0,0,1,0,1,11,3,1,-1,9,1,19,4,-1,-1,-1,-1,3,E01005332,0,2
2024440449665,2024,440449665,1,23,0,4,4,6,2,0,0,8,0,0,0,0,3,1,2,2,2,47,8,-1,-1,-1,-1,5,E01017279,0,2
2024010522567,2024,010522567,2,1,0,3,3,3,7,2,2,1,0,0,0,0,2,1,6,6,1,35,6,-1,-1,-1,-1,2,E01004289,0,1
2024010525426,2024,010525426,1,19,0,1,1,1,5,0,0,1,0,0,0,0,2,1,6,6,1,-1,-1,-1,-1,-1,-1,-1,-1,0,-1
2024101465481,2024,101465481,3,9,0,-1,3,3,7,-1,0,0,1,0,0,0,1,1,-1,1,1,42,7,-1,-1,-1,-1,3,E01008704,0,1
2024131491252,2024,131491252,1,9,0,-1,-1,-1,-1,-1,-1,0,-1,-1,-1,-1,-1,1,-1,6,3,-1,-1,-1,-1,-1,-1,-1,-1,0,-1
2024010498597,2024,010498597,1,5,0,18,19,3,7,0,0,0,1,0,1,2,2,1,1,1,1,46,8,-1,-1,-1,-1,3,E01002284,0,1
2024010512420,2024,010512420,1,1,9,99,99,9,9,99,99,9,9,99,9,99,9,1,2,2,1,42,7,-1,-1,-1,-1,10,E01000348,0,1
2024010521965,2024,010521965,1,1,9,99,99,9,9,99,99,9,9,99,9,99,1,1,1,1,1,17,4,-1,-1,-1,-1,3,E01002753,0,1