collision_index,collision_year,collision_ref_no,vehicle_reference,vehicle_type,towing_and_articulation,vehicle_manoeuvre_historic,vehicle_manoeuvre,vehicle_direction_from,vehicle_direction_to,vehicle_location_restricted_lane_historic,vehicle_location_restricted_lane,junction_location,skidding_and_overturning,hit_object_in_carriageway,vehicle_leaving_carriageway,hit_object_off_carriageway,first_point_of_impact,vehicle_left_hand_drive,journey_purpose_of_driver_historic,journey_purpose_of_driver,sex_of_driver,age_of_driver,age_band_of_driver,engine_capacity_cc,propulsion_code,age_of_vehicle,generic_make_model,driver_imd_decile,lsoa_of_driver,escooter_flag,driver_distance_banding
2024131410650,2024,131410650,1,98,0,-1,-1,-1,-1,-1,-1,0,-1,-1,-1,-1,-1,1,-1,6,3,-1,-1,-1,-1,-1,-1,-1,-1,0,-1
2024010494914,2024,010494914,2,22,0,18,19,8,4,0,0,8,0,0,0,0,4,1,6,6,1,82,11,-1,-1,-1,-1,4,E01003353,0,1
2024401480405,2024,401480405,2,9,0,-1,9,6,4,-1,0,0,0,0,0,0,1,1,-1,6,2,66,10,-1,-1,-1,-1,6,E01017547,0,2
2024201464710,2024,201464710,1,9,0,-1,5,6,4,-1,0,6,0,0,0,0,1,1,-1,6,2,53,8,-1,-1,-1,-1,-1,-1,0,-1
2024421440603,2024,421440603,1,9,-1,-1,19,7,3,-1,0,0,0,0,0,0,4,9,-1,6,3,-1,-1,-1,-1,-1,-1,-1,-1,0,-1
2024320041038,2024,320041038,1,9,0,-1,-1,2,6,0,0,0,0,0,1,9,1,1,-1,-1,1,19,4,-1,-1,-1,-1,5,E01026286,0,2
2024010501342,2024,010501342,2,9,0,4,4,3,7,0,0,0,0,0,0,0,2,1,6,6,1,28,6,-1,-1,-1,-1,2,E01033845,0,5
2024061424229,2024,061424229,1,9,0,-1,19,7,3,-1,0,1,0,0,0,0,3,1,-1,1,1,53,8,-1,-1,-1,-1,10,E01004967,0,3
2024010533735,2024,010533735,1,98,0,99,99,9,9,99,99,0,9,99,9,99,9,9,6,6,3,-1,-1,-1,-1,-1,-1,-1,-1,0,-1
2024010547198,2024,010547198,2,19,0,13,13,9,9,99,99,5,9,99,9,99,1,9,6,6,3,-1,-1,-1,-1,-1,-1,5,E01016158,0,4
2024010543870,2024,010543870,1,19,0,-1,-1,2,6,0,0,2,0,0,0,0,3,1,6,6,3,-1,-1,-1,-1,-1,-1,-1,-1,0,-1
2024010528000,2024,010528000,1,1,9,99,99,9,9,99,99,9,9,99,9,99,9,1,2,2,2,42,7,-1,-1,-1,-1,5,E01001611,0,1
2024161534323,2024,161534323,2,9,0,-1,19,3,7,-1,0,1,0,0,0,0,-1,9,-1,6,2,-1,-1,-1,-1,-1,-1,-1,-1,0,-1
2024461421851,2024,461421851,2,9,0,-1,19,3,1,-1,0,0,0,0,0,0,4,9,-1,6,1,27,6,-1,-1,-1,-1,8,E01024629,0,3
2024231415309,2024,231415309,1,9,0,-1,5,2,4,-1,0,4,0,0,0,0,1,9,-1,9,2,49,8,-1,-1,-1,-1,8,E01035031,0,1
2024332400285,2024,332400285,1,9,0,-1,19,3,7,-1,0,1,0,0,0,0,1,1,-1,6,3,-1,-1,-1,-1,-1,-1,-1,-1,0,-1
2024122400913,2024,122400913,1,9,0,17,19,1,5,9,9,0,0,0,7,11,1,1,6,6,1,20,4,-1,-1,-1,-1,9,E01027900,0,1
2024421512094,2024,421512094,2,1,0,-1,19,5,1,-1,0,1,5,0,0,0,3,1,-1,6,1,30,6,-1,-1,-1,-1,6,E01021589,0,1
2024010502523,2024,010502523,2,9,0,99,99,9,9,99,99,9,9,99,9,99,9,9,6,6,2,-1,-1,-1,-1,-1,-1,6,E01002745,0,1
2024041394984,2024,041394984,1,1,0,-1,19,5,1,-1,0,0,0,0,0,0,1,1,-1,2,2,56,9,-1,-1,-1,-1,1,E01012637,0,1
2024430433418,2024,430433418,2,-1,0,18,19,3,7,5,5,1,-1,0,0,0,1,1,6,6,2,27,6,-1,-1,-1,-1,9,E01016828,1,1
2024991525427,2024,991525427,2,1,0,-1,7,8,5,-1,0,3,0,0,0,0,4,1,-1,9,1,58,9,-1,-1,-1,-1,6,-1,0,1
2024302400051,2024,302400051,2,9,0,2,2,0,0,0,0,0,0,0,0,0,3,1,6,6,3,-1,-1,-1,-1,-1,-1,-1,-1,0,-1
2024010494386,2024,010494386,2,9,0,18,19,7,3,0,0,0,0,0,0,0,1,1,2,2,2,35,6,-1,-1,-1,-1,1,E01002673,0,1
2024991430133,2024,991430133,2,9,0,-1,19,1,5,-1,0,1,0,0,0,0,1,1,-1,9,1,26,6,-1,-1,-1,-1,9,-1,0,5
2024141469803,2024,141469803,2,1,0,-1,19,5,1,-1,0,1,0,0,0,0,1,1,-1,6,1,23,5,-1,-1,-1,-1,4,E01007382,0,1
2024061400294,2024,061400294,7,9,0,-1,19,8,4,-1,0,0,0,0,0,0,1,1,-1,9,2,23,5,-1,-1,-1,-1,2,E01012615,0,3
2024471506798,2024,471506798,1,1,0,-1,19,8,4,-1,0,0,0,0,1,0,3,1,-1,9,1,28,6,-1,-1,-1,-1,7,E01016987,0,3
2024010512521,2024,010512521,1,1,9,99,99,9,9,99,99,9,9,99,9,99,9,1,2,2,1,41,7,-1,-1,-1,-1,7,E01023923,0,3
2024010515316,2024,010515316,2,1,0,5,5,4,8,0,0,1,0,0,0,0,1,1,3,7,1,15,3,-1,-1,-1,-1,7,E01001915,0,1
2024010535401,2024,010535401,1,1,9,99,99,9,9,5,5,9,9,99,0,99,9,1,6,6,1,33,6,-1,-1,-1,-1,3,E01000556,0,1
2024501473216,2024,501473216,1,4,0,-1,19,7,1,-1,0,1,2,99,9,99,4,1,-1,6,3,-1,-1,-1,-1,-1,-1,-1,-1,0,-1
2024061442375,2024,061442375,1,1,0,-1,19,-1,-1,-1,4,1,2,0,0,0,3,1,-1,9,1,30,6,-1,-1,-1,-1,3,E01005893,0,1
2024101396161,2024,101396161,1,9,0,-1,15,7,3,-1,0,1,0,0,0,0,1,1,-1,2,1,17,4,-1,-1,-1,-1,-1,-1,0,-1
2024421492608,2024,421492608,1,1,0,-1,19,1,3,-1,0,0,2,0,0,0,1,1,-1,9,1,46,8,-1,-1,-1,-1,8,E01033460,0,3
2024061493148,2024,061493148,2,1,0,-1,10,1,5,-1,0,0,0,0,0,0,1,1,-1,9,2,40,7,-1,-1,-1,-1,8,E01006100,0,1
2024010509697,2024,010509697,2,1,9,99,99,9,9,99,99,9,9,99,9,99,1,1,6,6,3,-1,-1,-1,-1,-1,-1,4,E01002446,0,4
2024401474655,2024,401474655,1,9,0,-1,9,5,2,-1,0,1,0,0,0,0,3,1,-1,6,1,48,8,-1,-1,-1,-1,7,E01017455,0,1
2024010548501,2024,010548501,1,9,0,99,99,9,9,99,99,9,9,99,9,99,9,9,6,6,3,-1,-1,-1,-1,-1,-1,-1,-1,0,-1
2024201436719,2024,201436719,1,1,0,-1,19,6,2,-1,0,0,0,10,1,0,3,1,-1,9,1,22,5,-1,-1,-1,-1,1,E01010463,0,1
2024451469761,2024,451469761,1,1,0,-1,19,5,1,-1,9,0,0,0,0,0,1,1,-1,1,3,30,6,-1,-1,-1,-1,-1,-1,0,-1
2024351489534,2024,351489534,2,1,-1,-1,-1,-1,-1,-1,-1,0,-1,-1,-1,0,-1,1,-1,6,1,36,7,-1,-1,-1,-1,10,E01018232,0,1
2024201501764,2024,201501764,1,1,0,-1,19,6,2,-1,0,0,0,10,1,0,3,1,-1,6,1,26,6,-1,-1,-1,-1,10,E01032151,0,2
2024010491626,2024,010491626,1,9,0,18,19,2,6,0,0,1,5,7,0,0,1,1,6,6,2,26,6,-1,-1,-1,-1,3,E01000226,0,2
2024401498313,2024,401498313,1,9,-1,-1,-1,-1,-1,-1,-1,-1,-1,-1,-1,0,-1,9,-1,6,3,-1,-1,-1,-1,-1,-1,-1,-1,0,-1
2024302400162,2024,302400162,1,9,0,18,19,6,2,0,0,8,0,0,0,0,3,1,6,6,2,43,7,-1,-1,-1,-1,3,E01034649,0,1
2024332400749,2024,332400749,3,9,0,-1,19,5,1,-1,0,0,0,0,0,0,1,1,-1,1,3,-1,-1,-1,-1,-1,-1,-1,-1,0,-1
2024461411878,2024,461411878,1,90,0,-1,1,3,7,-1,0,6,0,0,0,0,4,9,-1,6,3,-1,-1,-1,-1,-1,-1,-1,-1,0,-1
2024010526975,2024,010526975,1,1,9,99,99,9,9,99,99,9,9,99,9,99,1,1,2,2,1,56,9,-1,-1,-1,-1,9,E01023493,0,4
2024421439286,2024,421439286,1,9,0,-1,3,1,5,-1,0,0,0,0,0,0,3,1,-1,9,1,53,8,-1,-1,-1,-1,-1,-1,0,-1
2024061441858,2024,061441858,1,1,0,-1,-1,-1,-1,-1,-1,-1,-1,-1,-1,0,-1,1,-1,6,1,29,6,-1,-1,-1,-1,6,E01005176,0,3
2024421527657,2024,421527657,2,1,0,-1,19,3,7,-1,0,1,0,0,0,0,1,1,-1,6,1,6,2,-1,-1,-1,-1,-1,-1,0,-1
2024010524098,2024,010524098,1,2,0,18,19,5,1,0,0,8,0,0,0,0,0,1,6,6,3,-1,-1,-1,-1,-1,-1,-1,-1,0,-1
2024010494379,2024,010494379,1,9,0,18,19,1,5,0,0,8,0,0,0,0,0,2,6,6,1,46,8,-1,-1,-1,-1,2,E01000939,0,1
2024501503169,2024,501503169,2,1,0,-1,19,8,4,-1,0,0,0,0,0,0,1,1,-1,6,1,50,8,-1,-1,-1,-1,-1,-1,0,-1
2024010504515,2024,010504515,3,90,0,15,15,3,7,0,0,1,0,0,0,0,0,1,1,1,1,31,6,-1,-1,-1,-1,2,E01034149,0,1
2024631508174,2024,631508174,1,21,4,-1,19,2,6,-1,0,0,0,0,0,0,3,1,-1,6,3,-1,-1,-1,-1,-1,-1,-1,-1,0,-1
2024041461605,2024,041461605,1,9,0,-1,7,3,7,-1,0,3,0,0,1,0,1,1,-1,9,1,43,7,-1,-1,-1,-1,7,E01025029,0,1
2024211483480,2024,211483480,1,9,0,-1,9,6,3,-1,0,6,0,0,7,0,1,1,-1,6,1,33,6,-1,-1,-1,-1,-1,-1,0,-1
2024010489320,2024,010489320,2,9,0,3,3,7,3,0,0,0,0,0,0,0,2,1,6,6,1,-1,-1,-1,-1,-1,-1,3,E01032581,0,3
2024440485384,2024,440485384,2,9,0,9,9,4,1,0,0,8,0,0,0,0,3,1,2,2,1,-1,-1,-1,-1,-1,-1,-1,-1,0,-1
2024131416300,2024,131416300,1,9,0,-1,19,1,5,-1,0,0,0,0,0,0,1,1,-1,6,1,33,6,-1,-1,-1,-1,3,E01010629,0,2
2024010516375,2024,010516375,1,1,9,99,99,9,9,99,99,9,9,99,9,99,0,1,6,6,1,38,7,-1,-1,-1,-1,3,E01001943,0,2
2024010491422,2024,010491422,2,9,0,99,99,9,9,99,99,9,9,99,9,99,9,9,6,6,3,-1,-1,-1,-1,-1,-1,-1,-1,0,-1
2024340NN3722,2024,340NN3722,1,1,0,-1,-1,7,3,-1,0,8,0,0,0,0,1,1,-1,6,1,60,9,-1,-1,-1,-1,2,E01026949,0,1
202454C211324,2024,54C211324,2,1,0,18,19,1,6,0,0,0,0,0,0,0,3,1,6,6,1,60,9,-1,-1,-1,-1,8,E01015549,0,1
2024131418956,2024,131418956,1,11,0,-1,-1,-1,-1,-1,-1,0,-1,-1,-1,-1,-1,1,-1,6,3,-1,-1,-1,-1,-1,-1,-1,-1,0,-1
2024471511434,2024,471511434,3,19,0,-1,9,2,1,-1,0,6,0,0,0,0,0,9,-1,6,3,-1,-1,-1,-1,-1,-1,-1,-1,0,-1
2024052400975,2024,052400975,1,9,0,18,19,3,7,0,0,0,0,0,0,0,1,1,6,6,1,-1,-1,-1,-1,-1,-1,-1,-1,0,-1
2024041461148,2024,041461148,1,9,0,-1,19,-1,-1,-1,0,1,0,0,0,0,-1,9,-1,6,3,-1,-1,-1,-1,-1,-1,-1,-1,0,-1
2024302400062,2024,302400062,1,9,0,18,19,2,6,0,0,0,0,0,0,0,1,1,6,6,3,-1,-1,-1,-1,-1,-1,5,E01019456,0,3
2024430078234,2024,430078234,2,1,0,9,9,6,4,0,0,8,0,0,0,0,1,1,2,2,1,73,10,-1,-1,-1,-1,8,E01017758,0,2
2024052402874,2024,052402874,1,9,0,18,19,1,5,0,0,0,0,0,0,0,4,1,6,6,3,-1,-1,-1,-1,-1,-1,-1,-1,0,-1
2024131512324,2024,131512324,1,9,0,-1,12,1,3,-1,2,0,0,0,2,0,0,1,-1,6,-1,-1,-1,-1,-1,-1,-1,-1,-1,0,-1
2024991468007,2024,991468007,2,1,0,-1,19,4,1,-1,0,0,0,0,0,0,1,1,-1,9,1,32,6,-1,-1,-1,-1,8,-1,0,4
2024471521830,2024,471521830,2,1,0,-1,9,5,1,-1,0,1,0,0,0,0,3,1,-1,6,1,45,7,-1,-1,-1,-1,4,E01031652,0,1
2024522402672,2024,522402672,2,9,0,18,19,5,1,0,0,0,0,0,0,0,1,1,6,6,3,-1,-1,-1,-1,-1,-1,-1,-1,0,-1
2024010495924,2024,010495924,2,9,0,18,19,3,7,0,0,1,0,0,0,0,1,1,6,6,1,35,6,-1,-1,-1,-1,-1,-1,0,-1
2024991461351,2024,991461351,1,11,0,-1,19,1,6,-1,0,1,0,4,7,2,1,2,-1,1,1,61,9,-1,-1,-1,-1,10,-1,0,3
2024201476886,2024,201476886,2,21,0,-1,2,0,0,-1,0,0,0,0,0,0,1,1,-1,6,-1,-1,-1,-1,-1,-1,-1,-1,-1,0,-1
2024221476137,2024,221476137,1,9,0,-1,19,4,7,-1,0,0,0,0,0,0,3,9,-1,6,1,38,7,-1,-1,-1,-1,5,E01013991,0,3
2024010486863,2024,010486863,1,8,0,9,9,1,7,0,0,4,0,0,0,0,1,1,1,1,1,46,8,-1,-1,-1,-1,6,E01002616,0,2
2024201484118,2024,201484118,2,1,0,-1,19,8,4,-1,0,8,0,0,0,0,1,1,-1,6,1,52,8,-1,-1,-1,-1,2,E01008984,0,2
2024061447604,2024,061447604,1,1,9,-1,19,-1,-1,-1,0,1,5,0,0,0,3,1,-1,2,1,25,5,-1,-1,-1,-1,1,E01033985,0,1
2024010503417,2024,010503417,2,9,0,99,99,9,9,99,99,9,9,99,9,99,2,9,6,6,3,-1,-1,-1,-1,-1,-1,2,E01000289,0,2
2024010490812,2024,010490812,1,19,0,18,19,7,3,0,0,0,0,0,0,0,1,1,1,1,1,29,6,-1,-1,-1,-1,3,E01016005,0,3
2024440196646,2024,440196646,2,9,0,18,19,6,2,0,0,0,0,0,0,0,1,1,6,6,3,-1,-1,-1,-1,-1,-1,-1,-1,0,-1
2024440198688,2024,440198688,1,1,0,18,19,3,7,0,0,2,0,0,0,0,2,1,6,6,2,59,9,-1,-1,-1,-1,4,E01017081,0,1
2024101505214,2024,101505214,1,9,0,-1,6,7,3,-1,0,0,0,0,0,0,2,1,-1,6,1,21,5,-1,-1,-1,-1,9,E01008472,0,1
2024101414048,2024,101414048,1,9,0,-1,2,5,1,-1,0,0,0,0,0,0,3,1,-1,6,2,46,8,-1,-1,-1,-1,2,E01008752,0,4
2024010510380,2024,010510380,1,9,9,99,99,9,9,99,99,0,9,99,9,99,9,9,6,6,1,42,7,-1,-1,-1,-1,8,E01001965,0,2
2024101490339,2024,101490339,2,1,0,-1,19,7,3,-1,0,2,5,0,0,0,3,1,-1,9,1,9,2,-1,-1,-1,-1,-1,-1,0,-1
2024451402514,2024,451402514,3,9,0,-1,5,1,3,-1,0,1,0,0,0,0,1,1,-1,2,1,35,6,-1,-1,-1,-1,7,E01002115,0,4
2024421492533,2024,421492533,2,19,0,-1,2,1,2,-1,-1,0,0,0,0,0,0,1,-1,6,1,44,7,-1,-1,-1,-1,4,E01005850,0,5
202417S204524,2024,17S204524,1,9,0,18,19,8,4,0,0,0,0,0,0,0,1,1,6,6,1,-1,-1,-1,-1,-1,-1,-1,-1,0,-1
2024010538783,2024,010538783,2,-1,0,13,13,3,7,0,0,2,0,0,0,0,1,1,6,6,2,21,5,-1,-1,-1,-1,3,E01003563,1,1
2024010490100,2024,010490100,2,9,0,99,99,9,9,99,99,9,9,99,9,99,1,9,6,6,3,-1,-1,-1,-1,-1,-1,-1,-1,0,-1
2024010488992,2024,010488992,1,9,0,3,3,3,7,0,0,1,0,0,0,0,3,1,6,6,1,23,5,-1,-1,-1,-1,3,E01001489,0,3
2024440339532,2024,440339532,1,-1,0,18,19,6,2,9,9,1,0,0,0,0,4,1,6,6,1,14,3,-1,-1,-1,-1,10,E01022588,1,1
2024010511193,2024,010511193,1,1,0,18,19,1,5,4,4,0,5,0,0,0,4,1,6,6,1,38,7,-1,-1,-1,-1,2,E01002053,0,1
2024010490031,2024,010490031,1,9,0,99,99,9,9,99,99,9,9,99,9,99,1,9,6,6,2,47,8,-1,-1,-1,-1,2,E01001437,0,1
2024010490024,2024,010490024,1,9,9,99,99,9,9,99,99,0,9,99,9,99,9,9,6,6,3,-1,-1,-1,-1,-1,-1,-1,-1,0,-1
2024231425430,2024,231425430,2,9,0,-1,19,2,6,-1,0,0,0,0,1,0,1,1,-1,2,1,75,10,-1,-1,-1,-1,8,E01010151,0,4
2024461430677,2024,461430677,1,99,0,-1,19,1,4,-1,0,0,0,0,0,0,1,9,-1,6,3,-1,-1,-1,-1,-1,-1,-1,-1,0,-1
2024371402812,2024,371402812,1,19,-1,-1,19,1,5,-1,0,2,0,0,0,0,4,9,-1,6,3,-1,-1,-1,-1,-1,-1,-1,-1,0,-1
2024161398601,2024,161398601,3,9,0,-1,19,6,2,-1,0,0,0,10,7,0,1,1,-1,6,2,45,7,-1,-1,-1,-1,6,E01013039,0,1
2024201403139,2024,201403139,1,9,0,-1,5,6,2,-1,0,1,0,0,0,0,1,1,-1,9,1,85,11,-1,-1,-1,-1,3,E01009956,0,1
2024371500060,2024,371500060,1,9,0,-1,7,2,4,-1,0,1,0,0,0,0,3,1,-1,6,2,-1,-1,-1,-1,-1,-1,-1,-1,0,-1
2024131457540,2024,131457540,1,9,0,-1,7,1,3,-1,0,8,0,0,0,0,1,1,-1,6,3,-1,-1,-1,-1,-1,-1,-1,-1,0,-1
2024340NN2252,2024,340NN2252,2,-1,0,-1,19,7,3,-1,0,8,1,0,0,0,0,1,-1,6,1,43,7,-1,-1,-1,-1,1,E01027083,1,1
2024461465578,2024,461465578,1,22,0,-1,19,3,7,-1,0,1,0,0,0,0,1,1,-1,1,1,24,5,-1,-1,-1,-1,3,E01004367,0,4
2024302401604,2024,302401604,1,9,0,18,19,7,5,0,0,8,1,0,1,11,4,1,6,6,1,22,5,-1,-1,-1,-1,1,E01013591,0,3
2024440115632,2024,440115632,1,1,0,11,11,4,8,0,0,1,0,0,0,0,2,1,6,6,1,70,10,-1,-1,-1,-1,9,E01022658,0,1
2024421482202,2024,421482202,3,9,0,-1,-1,-1,-1,-1,-1,0,-1,-1,-1,0,-1,9,-1,6,1,-1,-1,-1,-1,-1,-1,-1,-1,0,-1
2024201488856,2024,201488856,2,21,1,-1,2,0,0,-1,0,0,0,0,0,0,1,2,-1,6,-1,-1,-1,-1,-1,-1,-1,-1,-1,0,-1
2024010516725,2024,010516725,1,9,9,18,19,3,7,99,99,9,9,99,0,0,1,9,6,6,3,-1,-1,-1,-1,-1,-1,-1,-1,0,-1
2024010544958,2024,010544958,1,9,0,99,99,9,9,99,99,9,0,99,9,0,9,9,1,1,1,28,6,-1,-1,-1,-1,4,E01001090,0,3
2024070724542,2024,070724542,2,9,0,-1,5,5,2,-1,0,4,0,0,0,0,2,1,-1,9,2,74,10,-1,-1,-1,-1,1,E01012409,0,1
2024010488023,2024,010488023,1,3,0,99,99,9,9,99,99,9,9,99,9,99,9,1,2,2,1,24,5,-1,-1,-1,-1,4,E01004031,0,1
2024520500124,2024,520500124,1,17,0,18,19,8,4,0,0,0,0,4,7,10,1,1,6,6,1,70,10,-1,-1,-1,-1,6,E01029321,0,1
2024471412955,2024,471412955,2,1,0,-1,19,3,8,-1,0,8,0,0,0,0,0,1,-1,6,2,51,8,-1,-1,-1,-1,3,E01031483,0,1
2024010495233,2024,010495233,2,9,0,99,99,9,9,99,99,9,9,99,9,99,2,9,6,6,3,-1,-1,-1,-1,-1,-1,-1,-1,0,-1
2024010495399,2024,010495399,1,1,9,99,99,9,9,99,99,9,9,99,9,99,1,1,6,6,3,-1,-1,-1,-1,-1,-1,-1,-1,0,-1
2024122500104,2024,122500104,2,1,0,18,19,5,1,0,0,2,0,0,0,0,1,1,6,6,1,49,8,-1,-1,-1,-1,10,E01027699,0,1
2024010550425,2024,010550425,3,9,0,3,3,7,3,0,0,1,0,0,0,0,2,1,6,6,1,47,8,-1,-1,-1,-1,2,E01004204,0,2
2024302401523,2024,302401523,1,9,0,9,9,3,1,0,0,5,0,0,7,0,1,1,6,6,3,-1,-1,-1,-1,-1,-1,5,E01019456,0,4
2024141439222,2024,141439222,2,1,0,-1,19,6,2,-1,0,6,5,0,0,0,1,1,-1,9,1,6,2,-1,-1,-1,-1,1,E01008102,0,1
2024430581673,2024,430581673,2,1,0,18,19,1,5,0,0,0,0,0,0,0,1,1,1,1,1,25,5,-1,-1,-1,-1,5,E01016406,0,1
2024622400631,2024,622400631,1,1,0,18,19,2,6,0,0,0,0,0,0,0,1,1,6,6,3,-1,-1,-1,-1,-1,-1,-1,-1,0,-1
2024201510648,2024,201510648,1,9,0,-1,1,8,4,-1,0,6,0,0,0,0,2,1,-1,6,-1,30,6,-1,-1,-1,-1,-1,-1,0,-1
2024010529719,2024,010529719,1,9,0,5,5,3,7,0,0,3,0,0,0,0,4,1,6,6,2,32,6,-1,-1,-1,-1,2,E01000789,0,4
2024010528555,2024,010528555,1,1,0,18,19,7,3,4,4,1,0,0,0,0,1,1,6,6,2,33,6,-1,-1,-1,-1,6,E01001352,0,1
2024440279115,2024,440279115,1,9,0,18,19,6,2,0,0,0,0,0,7,0,1,1,6,6,2,21,5,-1,-1,-1,-1,10,E01022686,0,1
2024141486595,2024,141486595,1,22,0,-1,19,7,3,-1,0,6,0,0,0,0,3,1,-1,9,1,80,11,-1,-1,-1,-1,2,E01008089,0,1
2024991476555,2024,991476555,1,-1,0,-1,19,7,4,-1,0,8,2,0,0,0,1,1,-1,1,1,15,3,-1,-1,-1,-1,-1,-1,1,-1
2024520402439,2024,520402439,2,9,0,18,19,3,7,0,0,8,0,0,0,0,1,1,6,6,3,-1,-1,-1,-1,-1,-1,-1,-1,0,-1
2024440270868,2024,440270868,2,9,0,18,19,6,2,0,0,0,0,0,0,0,3,1,6,6,3,-1,-1,-1,-1,-1,-1,-1,-1,0,-1
2024131487580,2024,131487580,1,9,0,-1,-1,-1,-1,-1,-1,-1,-1,-1,-1,-1,-1,1,-1,6,3,-1,-1,-1,-1,-1,-1,-1,-1,0,-1
2024201480859,2024,201480859,2,1,0,-1,5,3,7,-1,0,0,0,8,0,0,1,1,-1,1,2,59,9,-1,-1,-1,-1,10,E01010205,0,1
2024481472322,2024,481472322,2,1,0,-1,19,1,5,-1,0,8,0,0,0,0,1,1,-1,1,1,51,8,-1,-1,-1,-1,-1,-1,0,-1
2024201492062,2024,201492062,2,9,0,-1,19,8,4,-1,0,1,0,0,0,0,4,9,-1,6,1,58,9,-1,-1,-1,-1,8,E01009440,0,1
2024101490558,2024,101490558,2,1,0,-1,5,3,7,-1,4,1,5,0,0,0,4,1,-1,2,2,31,6,-1,-1,-1,-1,10,E01008589,0,2
2024440075362,2024,440075362,1,1,0,18,19,6,2,0,0,8,0,0,0,0,1,1,2,2,1,54,8,-1,-1,-1,-1,10,E01023188,0,1
2024010533471,2024,010533471,1,1,0,9,9,5,3,0,0,8,0,0,0,0,4,1,6,6,1,24,5,-1,-1,-1,-1,-1,-1,0,-1
2024430174261,2024,430174261,2,1,0,18,19,7,3,4,4,1,0,0,0,0,3,1,6,6,1,47,8,-1,-1,-1,-1,-1,-1,0,-1
2024010527041,2024,010527041,1,1,0,17,19,5,3,0,0,0,0,0,0,0,1,1,6,6,1,51,8,-1,-1,-1,-1,6,E01002614,0,1
2024610012824,2024,610012824,1,9,0,9,9,5,3,0,0,4,0,0,0,0,2,1,6,6,1,37,7,-1,-1,-1,-1,3,W01001388,0,2
2024401504026,2024,401504026,2,9,0,-1,2,0,0,-1,0,0,0,0,0,0,0,9,-1,6,3,-1,-1,-1,-1,-1,-1,-1,-1,0,-1
2024201426053,2024,201426053,1,9,0,-1,7,1,7,-1,0,4,0,0,0,0,4,1,-1,6,1,22,5,-1,-1,-1,-1,-1,-1,0,-1
2024131468539,2024,131468539,2,1,0,-1,19,6,2,-1,9,0,0,0,0,0,1,1,-1,6,1,43,7,-1,-1,-1,-1,1,E01010632,0,1
2024041439692,2024,041439692,1,9,0,-1,-1,-1,-1,-1,-1,0,-1,-1,-1,0,-1,9,-1,6,3,-1,-1,-1,-1,-1,-1,-1,-1,0,-1
2024141453038,2024,141453038,2,1,0,-1,-1,8,4,-1,-1,1,5,0,0,0,1,1,-1,-1,1,50,8,-1,-1,-1,-1,2,E01011868,0,1
2024201486286,2024,201486286,1,19,0,-1,19,5,1,-1,0,1,0,0,0,0,1,1,-1,9,-1,-1,-1,-1,-1,-1,-1,-1,-1,0,-1
2024221405163,2024,221405163,2,9,0,-1,19,4,8,-1,0,0,0,0,0,0,4,9,-1,9,1,43,7,-1,-1,-1,-1,5,E01032217,0,1
2024501430435,2024,501430435,3,9,0,-1,19,7,3,-1,0,0,0,0,0,0,1,1,-1,6,2,70,10,-1,-1,-1,-1,5,E01033289,0,1
2024991471659,2024,991471659,2,9,0,-1,19,4,8,-1,0,0,0,0,0,0,2,1,-1,6,3,30,6,-1,-1,-1,-1,-1,-1,0,-1
202417M111724,2024,17M111724,2,9,0,-1,9,4,2,-1,0,8,0,0,0,0,1,1,-1,6,1,-1,-1,-1,-1,-1,-1,-1,-1,0,-1
2024320517276,2024,320517276,2,20,0,-1,-1,4,8,0,0,1,0,0,0,0,1,1,6,6,3,-1,-1,-1,-1,-1,-1,-1,-1,0,-1
2024010495548,2024,010495548,1,3,0,99,99,9,9,99,99,9,9,99,9,99,1,1,1,1,1,37,7,-1,-1,-1,-1,4,E01001391,0,2
2024010521481,2024,010521481,1,9,0,10,10,1,8,0,0,6,0,0,0,0,1,1,6,6,3,-1,-1,-1,-1,-1,-1,-1,-1,0,-1
2024141419606,2024,141419606,1,9,0,-1,5,3,7,-1,0,0,0,0,3,4,1,2,-1,9,1,18,4,-1,-1,-1,-1,4,E01007762,0,1
2024430417630,2024,430417630,1,-1,0,12,12,7,3,0,0,8,0,0,0,0,3,1,6,6,1,20,4,-1,-1,-1,-1,-1,-1,1,-1
2024451499234,2024,451499234,2,1,0,-1,19,3,7,-1,0,8,0,0,0,0,3,1,-1,7,1,13,3,-1,-1,-1,-1,8,E01030668,0,1
2024101465350,2024,101465350,1,9,0,-1,3,6,2,-1,0,0,0,0,0,0,3,1,-1,9,2,23,5,-1,-1,-1,-1,8,E01008538,0,3
2024421437693,2024,421437693,2,1,0,-1,12,5,1,-1,0,1,0,0,0,0,3,1,-1,9,1,11,3,-1,-1,-1,-1,7,E01021995,0,1
2024122400797,2024,122400797,2,1,0,14,14,7,3,0,0,1,0,8,0,0,1,1,2,2,1,42,7,-1,-1,-1,-1,2,E01013444,0,1
2024101534201,2024,101534201,1,9,0,-1,19,5,1,-1,0,0,1,0,7,0,1,1,-1,6,2,60,9,-1,-1,-1,-1,7,E01027390,0,1
2024401521534,2024,401521534,1,9,-1,-1,-1,-1,-1,-1,-1,-1,-1,-1,-1,0,-1,9,-1,6,3,-1,-1,-1,-1,-1,-1,-1,-1,0,-1
2024010514245,2024,010514245,2,9,0,18,19,7,3,0,0,8,0,0,0,0,0,1,6,6,3,-1,-1,-1,-1,-1,-1,-1,-1,0,-1
2024101436518,2024,101436518,2,9,0,-1,19,1,5,-1,0,0,0,0,1,0,1,1,-1,1,1,51,8,-1,-1,-1,-1,-1,-1,0,-1
2024461397650,2024,461397650,1,9,0,-1,19,3,7,-1,0,0,0,0,0,0,4,9,-1,6,2,-1,-1,-1,-1,-1,-1,-1,-1,0,-1
2024101539467,2024,101539467,2,90,0,-1,19,4,8,-1,0,0,0,4,0,0,1,1,-1,6,1,57,9,-1,-1,-1,-1,6,E01027428,0,3
2024010507855,2024,010507855,2,1,0,3,3,1,5,0,0,1,0,0,0,0,3,1,1,1,1,24,5,-1,-1,-1,-1,3,E01033863,0,2
2024010547693,2024,010547693,1,1,9,99,99,9,9,99,99,9,9,99,9,99,9,1,2,2,2,29,6,-1,-1,-1,-1,9,E01024754,0,4
2024141437636,2024,141437636,2,90,0,-1,19,5,1,-1,0,1,0,0,0,0,1,1,-1,6,1,14,3,-1,-1,-1,-1,10,E01007430,0,3