collision_index,collision_year,collision_ref_no,vehicle_reference,vehicle_type,towing_and_articulation,vehicle_manoeuvre_historic,vehicle_manoeuvre,vehicle_direction_from,vehicle_direction_to,vehicle_location_restricted_lane_historic,vehicle_location_restricted_lane,junction_location,skidding_and_overturning,hit_object_in_carriageway,vehicle_leaving_carriageway,hit_object_off_carriageway,first_point_of_impact,vehicle_left_hand_drive,journey_purpose_of_driver_historic,journey_purpose_of_driver,sex_of_driver,age_of_driver,age_band_of_driver,engine_capacity_cc,propulsion_code,age_of_vehicle,generic_make_model,driver_imd_decile,lsoa_of_driver,escooter_flag,driver_distance_banding
2024430265073,2024,430265073,1,9,0,10,10,7,5,0,0,6,0,0,0,0,1,1,2,2,2,24,5,-1,-1,-1,-1,5,E01031027,0,4
2024010501683,2024,010501683,1,1,9,99,99,9,9,99,99,9,9,99,9,99,9,1,2,2,1,49,8,-1,-1,-1,-1,3,E01003326,0,1
2024010491458,2024,010491458,1,4,0,18,19,7,3,0,0,0,0,0,0,0,1,1,6,6,1,26,6,-1,-1,-1,-1,3,E01004755,0,1
2024430165214,2024,430165214,2,9,0,12,12,7,3,0,0,0,0,0,0,0,3,1,6,6,1,45,7,-1,-1,-1,-1,-1,-1,0,-1
2024351512195,2024,351512195,2,1,0,-1,3,3,7,-1,0,0,0,0,0,0,2,1,-1,6,2,32,6,-1,-1,-1,-1,8,E01017990,0,1
2024010509788,2024,010509788,2,1,0,18,19,1,5,2,2,1,0,0,0,0,1,1,6,6,1,58,9,-1,-1,-1,-1,5,E01003084,0,1
2024061450410,2024,061450410,1,1,0,-1,19,-1,-1,-1,4,1,0,0,0,0,3,1,-1,2,1,29,6,-1,-1,-1,-1,4,E01006141,0,1
2024131400989,2024,131400989,3,9,0,-1,19,6,2,-1,0,0,0,0,0,0,-1,1,-1,6,3,-1,-1,-1,-1,-1,-1,-1,-1,0,-1
2024501505040,2024,501505040,2,1,0,-1,19,3,7,-1,0,3,0,0,0,0,1,1,-1,6,1,58,9,-1,-1,-1,-1,5,E01020279,0,3
2024010505369,2024,010505369,2,1,0,9,9,3,8,0,0,1,0,0,0,0,2,1,6,6,1,71,10,-1,-1,-1,-1,4,E01003562,0,1
2024041489489,2024,041489489,2,1,0,-1,19,5,1,-1,0,4,0,0,0,0,4,1,-1,6,1,17,4,-1,-1,-1,-1,3,E01024952,0,3
2024010502909,2024,010502909,1,1,9,99,99,9,9,99,99,9,9,99,9,99,9,1,2,2,3,23,5,-1,-1,-1,-1,8,E01016956,0,4
2024161456326,2024,161456326,1,97,0,-1,19,3,7,-1,0,0,0,0,0,0,4,1,-1,6,1,78,11,-1,-1,-1,-1,6,E01013048,0,2
2024430507802,2024,430507802,2,9,0,4,4,6,2,0,0,1,0,0,0,0,2,1,6,6,3,-1,-1,-1,-1,-1,-1,-1,-1,0,-1
2024061483051,2024,061483051,1,1,0,-1,19,-1,-1,-1,0,2,0,0,0,0,1,1,-1,2,1,43,7,-1,-1,-1,-1,5,E01006391,0,1
2024041494312,2024,041494312,1,9,0,-1,19,-1,-1,-1,0,1,0,0,0,0,-1,9,-1,6,3,-1,-1,-1,-1,-1,-1,-1,-1,0,-1
2024531409615,2024,531409615,2,9,0,-1,19,3,7,-1,0,0,0,0,0,0,3,9,-1,6,1,23,5,-1,-1,-1,-1,8,E01022221,0,2
2024010501555,2024,010501555,1,1,9,99,99,9,9,99,99,9,9,99,9,99,1,1,6,6,2,31,6,-1,-1,-1,-1,3,E01004226,0,1
2024161488779,2024,161488779,1,1,0,-1,19,7,3,-1,0,0,0,0,0,0,1,1,-1,9,1,14,3,-1,-1,-1,-1,4,E01012828,0,1
2024010488459,2024,010488459,2,9,0,99,99,9,9,99,99,9,9,99,9,99,9,9,6,6,3,-1,-1,-1,-1,-1,-1,-1,-1,0,-1
2024631529739,2024,631529739,2,1,0,-1,19,8,4,-1,0,1,0,0,1,10,0,1,-1,6,2,41,7,-1,-1,-1,-1,2,W01000659,0,1
2024061399320,2024,061399320,4,9,0,-1,19,3,7,-1,0,0,0,0,0,0,2,1,-1,1,1,41,7,-1,-1,-1,-1,4,E01008001,0,4
2024440309744,2024,440309744,2,9,0,18,19,2,6,0,0,0,0,0,0,0,1,1,6,6,2,23,5,-1,-1,-1,-1,-1,-1,0,-1
2024320499908,2024,320499908,1,90,0,13,13,5,1,0,0,1,0,0,0,0,3,-1,-1,-1,1,27,6,-1,-1,-1,-1,-1,-1,0,-1
2024201469000,2024,201469000,1,9,0,-1,19,1,5,-1,0,1,0,0,0,0,1,9,-1,6,3,-1,-1,-1,-1,-1,-1,-1,-1,0,-1
2024010527043,2024,010527043,1,1,0,18,19,5,1,0,0,8,0,0,0,0,1,1,6,6,1,28,6,-1,-1,-1,-1,4,E01032764,0,1
2024440520292,2024,440520292,1,1,0,18,19,5,1,0,0,6,0,0,0,0,3,1,6,6,1,13,3,-1,-1,-1,-1,7,E01022713,0,1
2024010488297,2024,010488297,2,9,0,99,99,9,9,99,99,0,9,99,9,99,1,9,6,6,2,-1,-1,-1,-1,-1,-1,2,E01001687,0,1
202417S101724,2024,17S101724,2,9,0,18,19,2,6,0,0,8,0,0,0,0,2,1,6,6,2,19,4,-1,-1,-1,-1,2,E01012247,0,1
2024161429882,2024,161429882,2,9,0,-1,7,7,1,-1,0,1,0,0,0,0,2,9,-1,6,3,-1,-1,-1,-1,-1,-1,-1,-1,0,-1
2024010488939,2024,010488939,1,4,0,18,19,3,7,0,0,2,0,0,0,0,1,1,6,6,3,-1,-1,-1,-1,-1,-1,-1,-1,0,-1
2024430045124,2024,430045124,2,9,0,18,19,1,5,0,0,6,0,0,0,0,1,1,6,6,1,-1,-1,-1,-1,-1,-1,-1,-1,0,-1
2024201463402,2024,201463402,1,9,0,-1,19,6,1,-1,0,1,0,10,1,11,1,9,-1,6,1,39,7,-1,-1,-1,-1,2,E01010409,0,1
2024010519829,2024,010519829,1,9,0,18,19,1,5,0,0,1,0,0,0,0,1,1,6,6,3,-1,-1,-1,-1,-1,-1,-1,-1,0,-1
2024991475707,2024,991475707,2,5,0,-1,13,8,4,-1,0,0,0,0,7,1,4,1,-1,6,1,70,10,-1,-1,-1,-1,-1,-1,0,-1
2024052402608,2024,052402608,1,9,0,18,19,3,7,0,0,0,0,0,0,0,1,1,6,6,3,-1,-1,-1,-1,-1,-1,-1,-1,0,-1
2024221492084,2024,221492084,3,9,0,-1,19,4,8,-1,0,0,0,0,0,0,1,1,-1,6,2,33,6,-1,-1,-1,-1,9,E01032183,0,1
2024010548091,2024,010548091,1,9,0,99,99,9,9,99,99,9,9,99,9,99,2,9,6,6,3,-1,-1,-1,-1,-1,-1,-1,-1,0,-1
2024302401614,2024,302401614,2,4,0,18,19,3,7,0,0,8,0,0,0,0,1,1,6,6,1,17,4,-1,-1,-1,-1,8,E01019812,0,1
2024430611916,2024,430611916,1,9,0,18,19,5,1,0,0,4,0,0,0,0,1,1,6,6,2,47,8,-1,-1,-1,-1,9,E01028788,0,1
2024010494111,2024,010494111,1,3,0,99,99,9,9,99,99,9,9,99,9,99,9,1,1,1,1,25,5,-1,-1,-1,-1,6,E01000244,0,3
2024520000347,2024,520000347,1,9,0,16,19,-1,-1,0,0,0,0,0,0,0,0,1,6,6,2,28,6,-1,-1,-1,-1,6,E01035206,0,1
2024010494685,2024,010494685,1,3,0,99,99,9,9,99,99,9,9,99,9,99,9,1,1,1,1,30,6,-1,-1,-1,-1,2,E01002041,0,1
2024061463377,2024,061463377,2,1,0,-1,19,-1,-1,-1,0,0,0,0,0,0,0,1,-1,1,1,50,8,-1,-1,-1,-1,2,E01005946,0,1
2024340WN1382,2024,340WN1382,1,9,0,-1,19,2,6,-1,0,4,0,0,0,0,1,1,-1,6,1,-1,-1,-1,-1,-1,-1,-1,-1,0,-1
2024131503158,2024,131503158,1,9,0,-1,-1,-1,-1,-1,-1,0,-1,-1,-1,-1,-1,1,-1,6,3,-1,-1,-1,-1,-1,-1,-1,-1,0,-1
2024041400235,2024,041400235,2,9,0,-1,19,5,1,-1,0,1,0,0,0,0,1,1,-1,2,1,27,6,-1,-1,-1,-1,8,E01025272,0,3
2024201513489,2024,201513489,2,9,0,-1,19,7,3,-1,0,0,0,0,0,0,3,1,-1,6,1,33,6,-1,-1,-1,-1,1,E01034735,0,4
2024501396141,2024,501396141,1,-1,0,-1,19,8,3,-1,0,0,0,0,0,0,3,1,-1,9,1,35,6,-1,-1,-1,-1,1,E01020103,1,1
2024111512944,2024,111512944,2,1,0,-1,19,5,1,-1,0,8,0,0,0,0,4,1,-1,9,2,56,9,-1,-1,-1,-1,7,E01008761,0,3
2024010497851,2024,010497851,1,90,0,99,99,9,9,99,99,9,9,99,9,99,1,9,6,6,3,-1,-1,-1,-1,-1,-1,-1,-1,0,-1
2024440340418,2024,440340418,2,19,0,1,1,6,2,0,0,1,0,0,0,0,2,1,6,6,1,-1,-1,-1,-1,-1,-1,-1,-1,0,-1
2024522500580,2024,522500580,1,9,0,16,19,2,5,0,0,0,0,0,0,0,4,1,6,6,3,-1,-1,-1,-1,-1,-1,-1,-1,0,-1
2024010503144,2024,010503144,1,1,9,99,99,9,9,99,99,0,9,99,9,99,1,1,2,2,1,31,6,-1,-1,-1,-1,2,E01001750,0,1
2024010524726,2024,010524726,1,1,9,99,99,9,9,99,99,9,9,99,9,99,0,1,6,6,1,32,6,-1,-1,-1,-1,4,E01003169,0,1
2024010548962,2024,010548962,1,19,0,99,99,9,9,99,99,9,9,99,9,99,9,9,6,6,3,-1,-1,-1,-1,-1,-1,-1,-1,0,-1
2024122401079,2024,122401079,1,9,0,4,4,5,1,0,0,1,0,0,0,0,2,1,6,6,1,71,10,-1,-1,-1,-1,6,E01008030,0,4
2024161475009,2024,161475009,2,9,0,-1,20,5,1,-1,0,0,0,0,0,0,3,9,-1,6,3,-1,-1,-1,-1,-1,-1,-1,-1,0,-1
2024461469177,2024,461469177,2,1,0,-1,19,3,7,-1,0,0,0,0,0,0,1,1,-1,6,1,11,3,-1,-1,-1,-1,-1,-1,0,-1
2024340NN2092,2024,340NN2092,2,9,0,-1,19,5,1,-1,0,1,0,0,0,0,3,1,-1,6,1,23,5,-1,-1,-1,-1,8,E01027040,0,1
2024430196913,2024,430196913,2,98,0,12,12,2,6,0,0,5,0,0,0,0,3,1,6,6,1,20,4,-1,-1,-1,-1,-1,-1,0,-1
2024010489139,2024,010489139,1,11,0,18,19,1,5,2,2,1,0,0,0,0,0,1,1,1,1,37,7,-1,-1,-1,-1,3,E01002445,0,4
2024122500211,2024,122500211,2,1,0,18,19,3,7,0,0,1,0,0,0,0,3,1,6,6,1,41,7,-1,-1,-1,-1,10,E01012339,0,3
2024430528620,2024,430528620,1,9,0,9,9,5,2,0,0,6,0,0,0,0,3,1,2,2,2,40,7,-1,-1,-1,-1,-1,-1,0,-1
2024031536034,2024,031536034,2,9,0,-1,-1,-1,-1,-1,-1,0,-1,-1,-1,0,4,9,-1,6,1,30,6,-1,-1,-1,-1,2,E01019285,0,1
2024522401389,2024,522401389,1,19,0,1,1,7,3,0,0,6,0,0,0,0,2,1,1,1,3,-1,-1,-1,-1,-1,-1,-1,-1,0,-1
2024041494404,2024,041494404,3,9,0,-1,19,-1,-1,-1,0,8,0,0,0,0,-1,9,-1,6,3,-1,-1,-1,-1,-1,-1,-1,-1,0,-1
2024131404457,2024,131404457,1,9,0,-1,-1,-1,-1,-1,-1,0,-1,-1,-1,-1,-1,1,-1,6,3,-1,-1,-1,-1,-1,-1,-1,-1,0,-1
2024010491222,2024,010491222,1,3,0,99,99,9,9,99,99,9,9,99,9,99,9,1,6,6,3,44,7,-1,-1,-1,-1,7,E01003139,0,1
2024311441561,2024,311441561,2,1,0,-1,19,3,7,-1,0,0,0,0,1,0,1,1,-1,9,1,22,5,-1,-1,-1,-1,2,E01013866,0,1
2024010495242,2024,010495242,2,3,0,18,19,7,3,0,0,1,0,0,0,0,1,1,6,6,1,24,5,-1,-1,-1,-1,6,E01002327,0,1
2024361399283,2024,361399283,1,9,0,-1,19,1,5,-1,0,1,1,0,0,0,4,1,-1,2,1,27,6,-1,-1,-1,-1,7,E01026436,0,3
2024311451754,2024,311451754,1,5,0,-1,19,2,7,-1,0,0,1,0,1,0,0,1,-1,9,1,54,8,-1,-1,-1,-1,9,E01028214,0,2
2024552401183,2024,552401183,2,1,0,18,19,6,2,4,4,8,0,0,0,0,4,1,6,6,1,21,5,-1,-1,-1,-1,2,E01015280,0,1
2024332400388,2024,332400388,3,19,0,-1,2,0,0,-1,0,0,0,0,1,0,1,1,-1,6,3,-1,-1,-1,-1,-1,-1,-1,-1,0,-1
2024061536838,2024,061536838,1,9,0,-1,19,-1,-1,-1,0,8,0,0,0,0,4,1,-1,6,2,55,8,-1,-1,-1,-1,1,E01004957,0,1
2024010537794,2024,010537794,2,1,0,7,7,4,6,0,0,1,0,0,0,0,2,1,6,6,1,15,3,-1,-1,-1,-1,3,E01034180,0,1
2024052400463,2024,052400463,2,1,0,18,19,5,1,0,0,1,0,0,0,0,1,1,2,2,1,38,7,-1,-1,-1,-1,5,E01006934,0,1
2024211438440,2024,211438440,1,9,0,-1,1,8,6,-1,0,0,0,0,0,0,2,1,-1,6,2,77,11,-1,-1,-1,-1,9,E01029705,0,1
2024010502164,2024,010502164,1,9,0,17,19,1,6,0,0,0,5,4,0,0,1,1,6,6,1,59,9,-1,-1,-1,-1,5,E01023542,0,3
2024010492410,2024,010492410,1,9,0,5,5,0,1,0,0,2,0,0,0,0,4,1,2,2,2,42,7,-1,-1,-1,-1,8,E01002465,0,2
2024461450403,2024,461450403,1,98,0,-1,19,5,1,-1,0,0,0,0,0,0,1,1,-1,6,3,-1,-1,-1,-1,-1,-1,2,E01024633,0,1
2024010491751,2024,010491751,1,9,0,17,19,5,1,0,0,0,1,0,0,0,1,1,6,6,1,19,4,-1,-1,-1,-1,6,E01024833,0,4
2024991463485,2024,991463485,2,9,0,-1,19,3,1,-1,0,0,0,0,0,0,3,1,-1,9,2,23,5,-1,-1,-1,-1,1,-1,0,2
2024501428790,2024,501428790,2,9,0,-1,19,8,7,-1,0,1,0,0,0,0,1,9,-1,6,1,33,6,-1,-1,-1,-1,4,E01020123,0,1
2024552400932,2024,552400932,1,1,0,18,19,8,4,0,0,8,0,0,0,0,1,1,6,6,1,75,10,-1,-1,-1,-1,4,E01020394,0,1
2024311424028,2024,311424028,1,18,0,-1,19,1,5,-1,1,1,0,0,0,0,1,1,-1,1,1,61,9,-1,-1,-1,-1,1,E01013833,0,1
2024010499146,2024,010499146,1,9,0,18,19,1,5,0,0,8,0,0,0,0,1,1,6,6,1,29,6,-1,-1,-1,-1,4,E01001167,0,2
2024052402819,2024,052402819,2,9,0,9,9,5,2,0,0,1,0,0,7,0,3,1,6,6,1,26,6,-1,-1,-1,-1,3,E01007174,0,1
2024010501006,2024,010501006,2,19,0,99,99,9,9,99,99,6,9,99,9,99,9,9,6,6,3,-1,-1,-1,-1,-1,-1,-1,-1,0,-1
2024522403406,2024,522403406,2,19,0,18,19,5,1,0,0,8,0,0,0,0,3,1,6,6,1,60,9,-1,-1,-1,-1,6,E01014986,0,4
2024010507642,2024,010507642,2,1,0,18,19,5,1,0,0,1,0,0,0,0,1,1,6,6,1,24,5,-1,-1,-1,-1,3,E01035643,0,1
2024522401658,2024,522401658,2,1,0,14,14,1,5,0,0,8,0,0,0,0,1,1,6,6,1,80,11,-1,-1,-1,-1,7,E01014648,0,1
2024010493017,2024,010493017,2,-1,9,99,99,9,9,99,99,9,9,99,9,99,9,1,6,6,2,-1,-1,-1,-1,-1,-1,-1,-1,1,-1
2024421508688,2024,421508688,1,9,0,-1,19,1,5,-1,0,8,0,0,0,0,4,1,-1,9,1,18,4,-1,-1,-1,-1,5,E01015835,0,1
2024010538416,2024,010538416,2,11,9,99,99,9,9,99,99,9,9,99,9,99,9,9,6,6,3,-1,-1,-1,-1,-1,-1,-1,-1,0,-1
2024041522973,2024,041522973,1,9,0,-1,19,2,4,-1,0,0,0,0,0,0,1,1,-1,6,1,47,8,-1,-1,-1,-1,8,E01025349,0,1
2024501478300,2024,501478300,3,9,0,-1,2,0,0,-1,0,0,0,4,0,0,1,1,-1,6,-1,-1,-1,-1,-1,-1,-1,-1,-1,0,-1
202460Q182289,2024,60Q182289,1,9,0,18,19,8,4,0,0,1,0,0,0,0,2,1,3,7,2,33,6,-1,-1,-1,-1,-1,-1,0,-1
2024101436303,2024,101436303,1,1,0,-1,19,2,5,-1,0,1,0,0,0,0,1,1,-1,7,1,11,3,-1,-1,-1,-1,4,E01008675,0,1
2024430098841,2024,430098841,1,9,0,11,11,7,3,0,0,0,0,0,0,0,4,1,6,6,2,30,6,-1,-1,-1,-1,-1,-1,0,-1
2024501454773,2024,501454773,1,9,0,-1,19,5,1,-1,0,0,0,0,0,0,4,9,-1,6,3,-1,-1,-1,-1,-1,-1,-1,-1,0,-1
2024401493087,2024,401493087,1,-1,0,-1,-1,-1,-1,-1,-1,-1,-1,-1,-1,0,1,1,-1,6,1,-1,-1,-1,-1,-1,-1,-1,-1,1,-1
2024545074724,2024,545074724,2,1,0,9,9,6,5,0,0,4,0,0,0,0,2,1,6,6,1,42,7,-1,-1,-1,-1,5,E01015532,0,1
2024531466682,2024,531466682,3,9,0,-1,4,6,2,-1,0,4,0,0,0,0,0,9,-1,6,3,-1,-1,-1,-1,-1,-1,-1,-1,0,-1
2024010487450,2024,010487450,2,9,0,99,99,9,9,99,99,9,9,99,9,99,1,9,6,6,3,-1,-1,-1,-1,-1,-1,-1,-1,0,-1
2024501505933,2024,501505933,2,9,0,-1,19,1,5,-1,0,0,1,99,0,0,1,1,-1,6,3,-1,-1,-1,-1,-1,-1,-1,-1,0,-1
2024010514418,2024,010514418,1,1,0,18,19,2,6,0,0,0,0,0,0,0,1,1,6,6,1,40,7,-1,-1,-1,-1,7,E01002204,0,1
2024552401227,2024,552401227,2,1,0,18,19,7,3,0,0,8,0,0,0,0,1,1,4,7,1,16,4,-1,-1,-1,-1,5,E01020353,0,1
2024501407506,2024,501407506,1,9,0,-1,13,3,7,-1,0,0,0,0,0,0,4,9,-1,6,3,-1,-1,-1,-1,-1,-1,-1,-1,0,-1
2024010516928,2024,010516928,2,1,9,99,99,9,9,99,99,0,9,99,9,99,9,1,2,2,2,25,5,-1,-1,-1,-1,2,E01003246,0,1
2024010495240,2024,010495240,1,3,0,99,99,9,9,99,99,9,9,99,9,99,1,1,1,1,1,27,6,-1,-1,-1,-1,5,E01001895,0,1
2024471396422,2024,471396422,1,9,0,-1,5,3,-1,-1,0,4,0,0,0,0,1,9,-1,6,3,-1,-1,-1,-1,-1,-1,-1,-1,0,-1
2024548466824,2024,548466824,2,9,0,18,19,5,1,0,0,1,0,0,0,0,1,1,6,6,1,34,6,-1,-1,-1,-1,5,E01031869,0,2
2024131504069,2024,131504069,1,9,0,-1,-1,-1,-1,-1,-1,8,-1,-1,-1,0,-1,1,-1,6,3,-1,-1,-1,-1,-1,-1,-1,-1,0,-1
2024041493392,2024,041493392,2,1,0,-1,19,2,6,-1,0,0,0,0,0,0,1,1,-1,7,1,16,4,-1,-1,-1,-1,3,E01025442,0,2
2024520403337,2024,520403337,2,9,0,99,99,9,9,0,0,8,0,0,0,0,9,1,6,6,1,29,6,-1,-1,-1,-1,4,E01029119,0,3
2024010509827,2024,010509827,2,9,0,99,99,9,9,99,99,9,9,99,9,99,9,9,6,6,3,22,5,-1,-1,-1,-1,4,E01001090,0,1
2024332400380,2024,332400380,1,1,0,-1,19,3,7,-1,0,0,0,0,0,0,2,1,-1,2,1,44,7,-1,-1,-1,-1,7,E01025702,0,1
2024010488240,2024,010488240,2,9,3,16,19,5,1,0,0,2,0,0,0,0,1,1,6,6,2,33,6,-1,-1,-1,-1,5,E01015953,0,3
2024201397671,2024,201397671,1,9,0,-1,19,5,1,-1,0,0,0,0,0,0,1,1,-1,6,3,-1,-1,-1,-1,-1,-1,-1,-1,0,-1
2024991488099,2024,991488099,2,1,0,-1,19,3,7,-1,0,0,0,0,0,0,1,1,-1,1,1,50,8,-1,-1,-1,-1,6,-1,0,3
2024440021698,2024,440021698,2,1,0,18,19,6,2,0,0,8,0,0,0,0,1,1,6,6,1,47,8,-1,-1,-1,-1,5,E01017030,0,1
2024451524034,2024,451524034,1,1,0,-1,-1,-1,-1,-1,-1,0,-1,-1,-1,0,-1,1,-1,9,1,10,2,-1,-1,-1,-1,8,E01030836,0,1
2024010494994,2024,010494994,2,9,0,99,99,9,9,99,99,9,9,99,9,99,9,9,6,6,3,-1,-1,-1,-1,-1,-1,-1,-1,0,-1
2024631488560,2024,631488560,2,1,0,-1,19,7,3,-1,0,1,0,0,0,0,1,1,-1,6,1,40,7,-1,-1,-1,-1,3,W01000711,0,1
2024010507534,2024,010507534,2,9,0,99,99,9,9,99,99,9,9,99,9,99,2,9,6,6,3,-1,-1,-1,-1,-1,-1,-1,-1,0,-1
2024010508380,2024,010508380,1,1,9,99,99,9,9,99,99,9,9,99,9,99,1,1,2,2,2,33,6,-1,-1,-1,-1,5,E01001542,0,1
2024010521832,2024,010521832,1,1,0,18,19,5,1,9,9,0,0,0,0,0,1,1,6,6,1,24,5,-1,-1,-1,-1,-1,-1,0,-1
2024010489227,2024,010489227,1,9,0,18,19,3,7,0,0,1,0,0,0,0,1,1,6,6,1,39,7,-1,-1,-1,-1,2,E01003111,0,2
2024010520477,2024,010520477,1,9,0,99,99,9,9,99,99,9,9,99,9,99,1,9,6,6,3,-1,-1,-1,-1,-1,-1,-1,-1,0,-1
2024010514827,2024,010514827,1,1,9,99,99,9,9,99,99,9,9,99,9,99,1,1,2,2,1,42,7,-1,-1,-1,-1,10,E01002938,0,2
2024010541679,2024,010541679,1,9,0,18,19,8,4,0,0,8,0,0,0,0,1,1,6,6,1,22,5,-1,-1,-1,-1,5,E01004487,0,1
2024041452244,2024,041452244,1,1,0,-1,7,1,7,-1,0,3,1,4,0,0,1,1,-1,6,1,51,8,-1,-1,-1,-1,1,E01012681,0,2
2024401465689,2024,401465689,1,9,-1,-1,-1,-1,-1,-1,-1,3,-1,-1,-1,0,-1,9,-1,6,3,-1,-1,-1,-1,-1,-1,-1,-1,0,-1
2024010489232,2024,010489232,3,9,0,7,7,6,8,0,0,2,0,0,0,0,0,1,1,1,1,35,6,-1,-1,-1,-1,8,E01004498,0,1
2024371493952,2024,371493952,2,98,1,-1,19,6,2,-1,0,8,0,0,0,0,1,1,-1,6,-1,-1,-1,-1,-1,-1,-1,-1,-1,0,-1
2024010511098,2024,010511098,1,1,9,99,99,9,9,99,99,0,9,99,9,99,9,1,2,2,1,31,6,-1,-1,-1,-1,3,E01001180,0,1
2024471455252,2024,471455252,2,9,0,-1,2,0,0,-1,-1,0,0,0,0,0,2,1,-1,6,1,55,8,-1,-1,-1,-1,6,E01021145,0,1
2024010505342,2024,010505342,1,9,0,6,6,1,1,0,0,1,0,0,0,0,2,1,3,7,2,46,8,-1,-1,-1,-1,4,E01004356,0,1
2024461494773,2024,461494773,2,1,0,-1,19,7,3,-1,0,0,0,0,0,0,2,1,-1,9,1,44,7,-1,-1,-1,-1,3,E01001011,0,3
2024010493729,2024,010493729,1,9,0,9,9,7,5,0,0,5,0,0,0,0,1,1,6,6,1,34,6,-1,-1,-1,-1,5,E01035599,0,3
202454C683124,2024,54C683124,1,9,0,4,4,3,7,0,0,0,0,0,0,0,2,1,6,6,1,24,5,-1,-1,-1,-1,6,E01031996,0,2
2024522401647,2024,522401647,1,9,0,18,19,7,3,0,0,0,0,0,1,9,1,1,6,6,2,18,4,-1,-1,-1,-1,7,E01014856,0,2
2024361394605,2024,361394605,2,1,0,-1,-1,-1,-1,-1,0,8,0,0,0,0,2,1,-1,6,1,33,6,-1,-1,-1,-1,4,E01026697,0,2
2024010488754,2024,010488754,2,9,0,99,99,9,9,99,99,9,9,99,9,99,1,9,6,6,3,-1,-1,-1,-1,-1,-1,-1,-1,0,-1
202460Q141345,2024,60Q141345,2,9,0,18,19,5,7,0,0,1,0,0,0,0,4,1,6,6,2,40,7,-1,-1,-1,-1,-1,-1,0,-1
2024052402669,2024,052402669,2,-1,0,18,19,8,4,0,0,8,0,0,0,0,1,1,6,6,1,57,9,-1,-1,-1,-1,2,E01006514,1,2
2024111498064,2024,111498064,1,-1,0,-1,19,7,3,-1,0,0,5,0,0,0,4,1,-1,9,1,14,3,-1,-1,-1,-1,3,E01012340,1,1
2024010508666,2024,010508666,1,1,9,99,99,9,9,99,99,1,9,99,9,99,1,1,6,6,1,31,6,-1,-1,-1,-1,6,E01000140,0,1
2024201426401,2024,201426401,2,9,0,-1,19,5,1,-1,0,8,0,0,0,0,3,1,-1,1,1,56,9,-1,-1,-1,-1,-1,-1,0,-1
2024141403349,2024,141403349,1,9,0,-1,19,1,5,-1,0,0,0,0,0,0,3,1,-1,9,1,23,5,-1,-1,-1,-1,8,E01007756,0,1
2024101444843,2024,101444843,2,1,0,-1,5,4,6,-1,0,4,0,0,0,0,2,1,-1,6,1,60,9,-1,-1,-1,-1,2,E01027423,0,1
2024320136603,2024,320136603,1,9,4,-1,-1,6,2,0,0,0,0,0,0,0,0,1,6,6,3,-1,-1,-1,-1,-1,-1,-1,-1,0,-1
2024421481209,2024,421481209,2,9,0,-1,19,2,5,-1,0,0,0,1,0,0,1,1,-1,9,1,39,7,-1,-1,-1,-1,2,E01001673,0,4
2024361530065,2024,361530065,2,9,0,-1,10,1,5,-1,0,0,0,0,0,0,2,1,-1,9,2,54,8,-1,-1,-1,-1,8,E01026450,0,1
2024471520172,2024,471520172,2,9,0,-1,2,0,0,-1,-1,1,0,0,0,0,4,1,-1,6,-1,-1,-1,-1,-1,-1,-1,-1,-1,0,-1
2024991426336,2024,991426336,1,9,0,-1,19,6,2,-1,0,0,0,0,0,0,3,1,-1,2,1,32,6,-1,-1,-1,-1,7,-1,0,1
2024041486085,2024,041486085,1,9,0,-1,7,2,6,-1,0,1,0,0,0,0,3,1,-1,1,1,58,9,-1,-1,-1,-1,8,E01025547,0,1
2024010540775,2024,010540775,2,9,0,9,9,3,1,0,0,1,0,0,0,0,1,1,6,6,3,-1,-1,-1,-1,-1,-1,-1,-1,0,-1
2024302500137,2024,302500137,1,9,0,-1,9,2,7,-1,0,2,0,0,0,0,4,1,-1,6,1,61,9,-1,-1,-1,-1,10,E01007939,0,3
2024522401993,2024,522401993,1,1,0,18,19,2,6,0,0,0,0,8,0,0,1,1,6,6,1,45,7,-1,-1,-1,-1,5,E01014537,0,1
2024440326464,2024,440326464,2,9,0,18,19,3,7,0,0,0,0,0,0,0,1,1,6,6,1,42,7,-1,-1,-1,-1,6,E01023042,0,1
2024010534397,2024,010534397,2,9,0,99,99,9,9,99,99,9,9,99,9,99,2,9,6,6,3,-1,-1,-1,-1,-1,-1,-1,-1,0,-1
2024451507203,2024,451507203,2,90,0,-1,15,7,3,-1,0,1,9,0,0,0,4,9,-1,6,1,22,5,-1,-1,-1,-1,-1,-1,0,-1
2024141405366,2024,141405366,1,9,0,-1,19,1,5,-1,0,2,0,0,0,0,1,1,-1,6,1,44,7,-1,-1,-1,-1,9,E01013251,0,3
2024622400498,2024,622400498,2,1,0,18,19,6,2,0,0,1,0,0,0,0,4,1,6,6,2,53,8,-1,-1,-1,-1,4,W01000947,0,1
2024201499521,2024,201499521,1,9,0,-1,19,2,5,-1,0,0,0,0,0,0,1,1,-1,6,1,-1,-1,-1,-1,-1,-1,-1,-1,0,-1
2024052400525,2024,052400525,1,1,0,18,19,2,6,0,0,1,0,0,0,0,4,1,1,1,1,41,7,-1,-1,-1,-1,1,E01006540,0,1
2024522401697,2024,522401697,2,1,0,18,19,5,1,0,0,0,0,0,0,0,1,1,6,6,1,23,5,-1,-1,-1,-1,5,E01029068,0,4
2024531473435,2024,531473435,1,9,0,-1,19,1,3,-1,0,0,0,0,0,0,1,9,-1,6,3,-1,-1,-1,-1,-1,-1,-1,-1,0,-1
2024101472712,2024,101472712,1,1,0,-1,19,2,6,-1,0,8,0,0,0,0,3,1,-1,6,1,10,2,-1,-1,-1,-1,-1,-1,0,-1
2024311464193,2024,311464193,1,1,0,-1,19,7,3,-1,9,2,0,0,0,0,1,1,-1,6,1,-1,-1,-1,-1,-1,-1,-1,-1,0,-1
2024201531386,2024,201531386,2,9,0,-1,19,5,1,-1,0,0,1,0,0,0,3,1,-1,2,1,39,7,-1,-1,-1,-1,5,E01008965,0,1
2024451527417,2024,451527417,1,9,0,-1,4,3,7,-1,0,0,0,0,0,0,2,1,-1,6,1,31,6,-1,-1,-1,-1,6,E01024189,0,4