collision_index,collision_year,collision_ref_no,vehicle_reference,vehicle_type,towing_and_articulation,vehicle_manoeuvre_historic,vehicle_manoeuvre,vehicle_direction_from,vehicle_direction_to,vehicle_location_restricted_lane_historic,vehicle_location_restricted_lane,junction_location,skidding_and_overturning,hit_object_in_carriageway,vehicle_leaving_carriageway,hit_object_off_carriageway,first_point_of_impact,vehicle_left_hand_drive,journey_purpose_of_driver_historic,journey_purpose_of_driver,sex_of_driver,age_of_driver,age_band_of_driver,engine_capacity_cc,propulsion_code,age_of_vehicle,generic_make_model,driver_imd_decile,lsoa_of_driver,escooter_flag,driver_distance_banding
2024211529116,2024,211529116,2,9,0,-1,19,5,1,-1,0,0,0,0,0,0,2,1,-1,9,1,30,6,-1,-1,-1,-1,-1,-1,0,-1
2024544225624,2024,544225624,3,1,0,18,19,3,7,0,0,8,0,0,0,0,4,1,6,6,1,34,6,-1,-1,-1,-1,10,E01015564,0,1
2024052401827,2024,052401827,2,9,0,18,19,5,1,0,0,0,0,0,0,0,1,1,2,2,1,25,5,-1,-1,-1,-1,4,E01006617,0,2
2024010520981,2024,010520981,2,1,0,18,19,7,3,0,0,0,0,0,0,0,1,1,6,6,1,38,7,-1,-1,-1,-1,7,-1,0,5
2024010507265,2024,010507265,1,1,9,99,99,9,9,99,99,9,9,99,9,99,9,1,6,6,1,16,4,-1,-1,-1,-1,5,E01001194,0,1
2024010507045,2024,010507045,2,9,9,14,14,3,7,99,99,0,9,99,9,99,9,9,6,6,2,-1,-1,-1,-1,-1,-1,5,E01001099,0,1
2024421427301,2024,421427301,2,9,0,-1,19,1,5,-1,0,1,1,0,0,0,1,1,-1,6,1,27,6,-1,-1,-1,-1,9,E01021533,0,1
2024430098847,2024,430098847,2,9,0,18,19,2,6,0,0,1,0,0,0,0,1,1,6,6,2,-1,-1,-1,-1,-1,-1,-1,-1,0,-1
2024161494337,2024,161494337,2,1,0,-1,19,5,1,-1,0,0,5,0,0,0,2,1,-1,7,1,15,3,-1,-1,-1,-1,6,E01013318,0,1
2024010500286,2024,010500286,1,1,9,99,99,9,9,99,99,9,9,99,9,99,1,1,6,6,1,37,7,-1,-1,-1,-1,3,E01003545,0,1
2024010537497,2024,010537497,1,1,0,18,19,3,7,0,0,2,0,0,1,0,3,1,6,6,1,25,5,-1,-1,-1,-1,9,E01001305,0,3
2024010490058,2024,010490058,2,9,0,9,9,5,3,0,0,4,0,0,0,0,3,1,2,2,2,63,9,-1,-1,-1,-1,3,E01000485,0,1
202460Q139662,2024,60Q139662,1,9,0,18,19,7,3,0,0,0,2,0,1,9,4,1,6,6,1,17,4,-1,-1,-1,-1,-1,-1,0,-1
2024041400146,2024,041400146,1,9,0,-1,9,7,5,-1,0,6,0,0,0,0,1,1,-1,6,3,-1,-1,-1,-1,-1,-1,-1,-1,0,-1
2024010517633,2024,010517633,1,19,0,2,2,0,0,0,0,1,0,0,0,0,2,1,6,6,3,-1,-1,-1,-1,-1,-1,-1,-1,0,-1
2024010494245,2024,010494245,2,9,0,18,19,1,5,0,0,1,0,0,0,0,1,1,1,1,1,27,6,-1,-1,-1,-1,2,E01001152,0,1
2024141516962,2024,141516962,2,9,0,-1,7,6,8,-1,0,2,0,0,0,0,1,9,-1,6,3,-1,-1,-1,-1,-1,-1,-1,-1,0,-1
2024430541450,2024,430541450,1,1,0,18,19,2,6,0,0,1,0,0,0,0,1,1,6,6,1,21,5,-1,-1,-1,-1,-1,-1,0,-1
2024010529240,2024,010529240,2,1,0,15,15,1,5,0,0,1,0,0,1,0,4,1,1,1,1,34,6,-1,-1,-1,-1,2,E01004424,0,1
2024430157740,2024,430157740,1,9,0,18,19,1,5,0,0,0,0,0,0,0,0,1,6,6,1,17,4,-1,-1,-1,-1,8,E01034449,0,1
2024440053781,2024,440053781,2,1,0,18,19,5,1,0,0,8,0,0,0,0,1,1,6,6,1,51,8,-1,-1,-1,-1,4,E01022603,0,4
2024141501346,2024,141501346,2,9,0,-1,19,3,7,-1,0,1,0,10,5,0,1,1,-1,9,1,89,11,-1,-1,-1,-1,6,E01034253,0,1
2024010530421,2024,010530421,1,1,9,99,99,9,9,99,99,9,9,99,9,99,1,1,6,6,1,55,8,-1,-1,-1,-1,2,E01034176,0,1
2024332400222,2024,332400222,2,1,0,-1,19,5,1,-1,0,8,0,0,0,0,4,1,-1,6,1,16,4,-1,-1,-1,-1,5,E01026003,0,1
2024302400299,2024,302400299,2,1,0,5,5,3,7,0,0,1,0,0,0,0,3,1,4,7,1,14,3,-1,-1,-1,-1,6,E01013495,0,1
2024302400118,2024,302400118,1,19,0,9,9,4,2,0,0,8,0,0,0,0,4,1,1,1,1,23,5,-1,-1,-1,-1,1,E01013566,0,1
2024010535872,2024,010535872,1,9,0,99,99,9,9,99,99,9,9,99,9,99,9,9,1,1,1,51,8,-1,-1,-1,-1,3,E01003723,0,4
2024101526592,2024,101526592,2,9,0,-1,19,3,7,-1,0,8,0,0,0,0,1,9,-1,6,1,-1,-1,-1,-1,-1,-1,-1,-1,0,-1
2024430030500,2024,430030500,1,9,0,9,9,3,1,0,0,1,0,0,0,0,0,1,6,6,1,62,9,-1,-1,-1,-1,-1,-1,0,-1
2024010509850,2024,010509850,1,23,0,-1,-1,3,7,9,9,0,0,8,0,0,1,1,6,6,1,34,6,-1,-1,-1,-1,3,E01003179,0,1
2024010513783,2024,010513783,2,-1,0,9,9,1,6,0,0,1,0,0,0,0,1,1,6,6,1,20,4,-1,-1,-1,-1,2,E01001958,1,1
2024531498964,2024,531498964,2,9,0,-1,4,1,5,-1,0,0,0,0,0,0,1,9,-1,6,1,50,8,-1,-1,-1,-1,6,E01022341,0,2
2024440058914,2024,440058914,2,1,0,18,19,6,2,0,0,8,0,0,0,0,4,1,6,6,2,40,7,-1,-1,-1,-1,-1,-1,0,-1
2024430118922,2024,430118922,1,9,0,18,19,4,8,0,0,6,0,0,0,0,3,1,6,6,1,-1,-1,-1,-1,-1,-1,-1,-1,0,-1
2024010519373,2024,010519373,2,1,9,99,99,9,9,99,99,9,9,99,9,99,2,1,6,6,1,62,9,-1,-1,-1,-1,5,E01004071,0,1
2024070694357,2024,070694357,2,1,0,18,19,5,1,0,0,3,0,0,0,0,4,1,6,6,1,59,9,-1,-1,-1,-1,9,E01018593,0,1
2024461529728,2024,461529728,1,9,0,-1,19,5,1,-1,0,1,0,0,0,0,1,9,-1,6,3,-1,-1,-1,-1,-1,-1,-1,-1,0,-1
2024552401225,2024,552401225,2,1,0,18,19,3,7,0,0,0,0,4,0,0,1,1,6,6,2,17,4,-1,-1,-1,-1,-1,-1,0,-1
2024221492566,2024,221492566,1,9,0,-1,19,2,1,-1,0,0,2,0,7,4,1,1,-1,6,1,73,10,-1,-1,-1,-1,5,E01029011,0,4
2024010514163,2024,010514163,1,1,9,99,99,9,9,99,99,9,9,99,9,99,1,1,6,6,1,39,7,-1,-1,-1,-1,9,E01000808,0,4
2024631479325,2024,631479325,2,5,0,-1,4,5,1,-1,0,0,0,0,0,0,1,1,-1,9,1,47,8,-1,-1,-1,-1,7,W01000558,0,2
2024010519916,2024,010519916,2,9,0,13,13,1,5,0,0,1,0,0,0,0,0,1,6,6,3,-1,-1,-1,-1,-1,-1,-1,-1,0,-1
2024471403527,2024,471403527,1,1,0,-1,3,7,2,-1,0,4,0,0,0,0,2,1,-1,6,1,50,8,-1,-1,-1,-1,5,E01031786,0,1
2024211485367,2024,211485367,2,1,0,-1,19,5,1,-1,0,0,0,0,1,0,1,1,-1,6,1,50,8,-1,-1,-1,-1,-1,-1,0,-1
2024141557334,2024,141557334,1,9,0,-1,1,3,3,-1,9,2,0,0,0,0,1,9,-1,6,3,-1,-1,-1,-1,-1,-1,-1,-1,0,-1
2024461484045,2024,461484045,2,1,0,-1,4,2,4,-1,0,0,1,0,0,0,1,1,-1,1,1,41,7,-1,-1,-1,-1,7,E01016139,0,2
2024010495474,2024,010495474,3,9,0,99,99,9,9,99,99,9,9,99,9,99,2,9,6,6,3,-1,-1,-1,-1,-1,-1,5,E01001855,0,2
202417L311724,2024,17L311724,2,9,0,-1,4,1,5,-1,0,0,0,0,0,0,2,1,-1,6,1,-1,-1,-1,-1,-1,-1,-1,-1,0,-1
2024201453741,2024,201453741,1,99,0,-1,2,3,7,-1,0,0,0,0,0,0,2,9,-1,7,3,-1,-1,-1,-1,-1,-1,-1,-1,0,-1
2024161459252,2024,161459252,2,1,0,-1,19,7,3,-1,0,0,0,0,0,0,1,1,-1,6,1,14,3,-1,-1,-1,-1,-1,-1,0,-1
2024411458411,2024,411458411,2,1,0,-1,15,6,2,-1,0,0,0,0,0,0,1,1,-1,6,1,56,9,-1,-1,-1,-1,9,E01017429,0,4
2024131532514,2024,131532514,3,9,0,-1,2,0,0,-1,-1,0,0,0,0,0,1,1,-1,6,-1,-1,-1,-1,-1,-1,-1,-1,-1,0,-1
2024302400951,2024,302400951,1,9,0,18,19,6,2,0,0,2,0,0,0,0,1,1,1,1,1,-1,-1,-1,-1,-1,-1,2,E01009790,0,4
2024052400293,2024,052400293,1,9,0,5,5,2,6,0,0,0,0,0,0,0,1,1,6,6,3,-1,-1,-1,-1,-1,-1,-1,-1,0,-1
2024461501970,2024,461501970,1,9,0,-1,19,4,6,-1,0,0,0,0,0,0,4,9,-1,6,3,-1,-1,-1,-1,-1,-1,-1,-1,0,-1
2024131442260,2024,131442260,2,1,0,-1,19,1,5,-1,0,1,0,0,0,0,1,1,-1,9,2,30,6,-1,-1,-1,-1,1,E01032500,0,1
2024161489603,2024,161489603,2,1,0,-1,99,1,5,-1,99,0,0,0,2,0,1,1,-1,6,2,16,4,-1,-1,-1,-1,-1,-1,0,-1
2024131485483,2024,131485483,1,1,0,-1,-1,-1,-1,-1,-1,0,-1,-1,-1,-1,-1,1,-1,6,3,-1,-1,-1,-1,-1,-1,-1,-1,0,-1
2024010493448,2024,010493448,1,3,0,99,99,9,9,99,99,2,9,99,9,99,9,1,1,1,1,33,6,-1,-1,-1,-1,6,E01000911,0,1
2024041509178,2024,041509178,1,9,0,-1,19,-1,-1,-1,0,0,0,0,0,0,4,9,-1,6,3,-1,-1,-1,-1,-1,-1,-1,-1,0,-1
2024161450253,2024,161450253,2,22,0,-1,19,3,7,-1,0,0,0,0,0,0,4,1,-1,6,1,81,11,-1,-1,-1,-1,1,E01012898,0,1
2024540148424,2024,540148424,1,9,0,17,19,4,2,0,0,0,0,4,0,0,1,1,6,6,1,54,8,-1,-1,-1,-1,4,E01032040,0,1
2024440386070,2024,440386070,2,1,0,7,7,3,5,0,0,6,0,0,0,0,3,1,6,6,1,40,7,-1,-1,-1,-1,4,E01017083,0,1
2024201427652,2024,201427652,1,9,0,-1,19,6,2,-1,0,4,0,0,0,0,1,1,-1,6,1,20,4,-1,-1,-1,-1,-1,-1,0,-1
2024041445498,2024,041445498,2,98,0,-1,19,2,8,-1,0,3,0,0,0,0,4,1,-1,2,2,27,6,-1,-1,-1,-1,7,E01025411,0,1
2024010505528,2024,010505528,1,1,9,99,99,9,9,99,99,9,9,99,9,99,9,1,2,2,2,30,6,-1,-1,-1,-1,5,E01001038,0,1
2024211478862,2024,211478862,3,19,4,-1,19,4,7,-1,0,0,0,0,0,0,1,1,-1,1,1,54,8,-1,-1,-1,-1,7,E01029683,0,2
2024010519018,2024,010519018,1,9,0,99,99,9,9,99,99,0,9,99,9,99,1,9,6,6,1,33,6,-1,-1,-1,-1,3,E01003630,0,1
2024991457559,2024,991457559,1,9,0,-1,19,5,8,-1,0,0,1,0,0,0,1,1,-1,9,1,25,5,-1,-1,-1,-1,10,-1,0,3
2024052400402,2024,052400402,1,4,0,18,19,2,6,0,0,8,1,0,0,0,1,1,6,6,1,29,6,-1,-1,-1,-1,1,E01006544,0,2
2024201497999,2024,201497999,1,9,0,-1,7,6,1,-1,0,3,0,0,0,0,2,1,-1,6,2,50,8,-1,-1,-1,-1,6,E01009594,0,1
2024201404387,2024,201404387,1,9,0,-1,19,5,8,-1,0,8,0,0,0,0,3,1,-1,6,3,-1,-1,-1,-1,-1,-1,-1,-1,0,-1
2024141482816,2024,141482816,2,90,0,-1,2,0,0,-1,0,0,0,0,0,0,4,1,-1,1,-1,42,7,-1,-1,-1,-1,-1,-1,0,-1
2024131411517,2024,131411517,1,4,0,-1,19,3,7,-1,0,8,0,0,0,0,1,1,-1,9,1,57,9,-1,-1,-1,-1,10,E01011649,0,1
2024522401142,2024,522401142,1,9,0,18,19,2,6,0,0,1,0,4,0,0,1,1,6,6,1,18,4,-1,-1,-1,-1,10,E01014397,0,2
2024010551332,2024,010551332,2,1,9,99,99,9,9,99,99,9,9,99,9,99,1,1,6,6,1,59,9,-1,-1,-1,-1,2,E01003540,0,1
2024131468791,2024,131468791,1,9,0,-1,-1,-1,-1,-1,-1,-1,-1,-1,-1,-1,-1,1,-1,6,3,-1,-1,-1,-1,-1,-1,-1,-1,0,-1
2024552401117,2024,552401117,3,9,0,3,3,8,4,0,0,0,0,0,0,0,2,1,2,2,1,40,7,-1,-1,-1,-1,10,E01024800,0,5
2024351500626,2024,351500626,2,1,0,-1,15,7,3,-1,4,0,0,0,0,0,1,1,-1,2,1,31,6,-1,-1,-1,-1,8,E01018287,0,1
2024201395604,2024,201395604,2,9,0,-1,8,4,6,-1,0,1,0,0,0,0,2,1,-1,6,1,58,9,-1,-1,-1,-1,9,E01010154,0,3
2024010525541,2024,010525541,1,9,0,18,19,7,3,0,0,1,0,0,0,0,1,2,6,6,1,26,6,-1,-1,-1,-1,4,E01001694,0,1
2024010513976,2024,010513976,1,1,9,18,19,9,9,99,99,9,9,99,9,99,9,1,2,2,2,28,6,-1,-1,-1,-1,4,E01003169,0,1
2024010513750,2024,010513750,2,19,0,99,99,9,9,99,99,0,9,99,9,99,2,9,6,6,3,54,8,-1,-1,-1,-1,4,E01001252,0,2
2024471443798,2024,471443798,2,1,0,-1,19,3,7,-1,0,1,0,0,0,0,4,1,-1,9,1,16,4,-1,-1,-1,-1,2,E01032832,0,1
2024122400246,2024,122400246,2,1,0,18,19,4,8,4,4,8,0,0,0,0,1,1,2,2,1,33,6,-1,-1,-1,-1,9,E01013431,0,1
2024010525159,2024,010525159,2,97,0,17,19,1,5,0,0,1,0,0,0,0,1,1,6,6,3,-1,-1,-1,-1,-1,-1,-1,-1,0,-1
2024610013624,2024,610013624,2,9,0,11,11,3,8,0,0,3,0,0,0,0,4,1,2,2,2,38,7,-1,-1,-1,-1,3,W01001454,0,3
2024451539734,2024,451539734,1,1,0,-1,19,1,5,-1,0,0,0,0,0,0,1,1,-1,1,2,28,6,-1,-1,-1,-1,5,E01030946,0,1
2024311501879,2024,311501879,2,9,-1,-1,6,3,7,-1,0,2,0,0,0,0,-1,9,-1,6,3,-1,-1,-1,-1,-1,-1,-1,-1,0,-1
2024010537859,2024,010537859,1,1,9,99,99,9,9,99,99,9,9,99,9,99,9,1,1,1,1,19,4,-1,-1,-1,-1,3,E01035681,0,1
2024101496969,2024,101496969,2,1,0,-1,19,5,1,-1,0,1,1,0,0,0,0,1,-1,2,1,55,8,-1,-1,-1,-1,-1,-1,0,-1
2024161466205,2024,161466205,2,9,0,-1,9,1,7,-1,0,8,0,0,0,0,1,9,-1,6,3,-1,-1,-1,-1,-1,-1,-1,-1,0,-1
2024340WN5322,2024,340WN5322,1,9,0,-1,19,5,1,-1,0,0,0,4,7,10,1,1,-1,6,1,20,4,-1,-1,-1,-1,2,E01027170,0,1
2024421493884,2024,421493884,3,9,0,-1,3,3,7,-1,0,0,0,0,0,0,2,1,-1,9,2,25,5,-1,-1,-1,-1,5,E01030185,0,4
2024010531202,2024,010531202,1,-1,0,18,19,3,7,0,0,0,0,0,0,0,1,1,6,6,3,-1,-1,-1,-1,-1,-1,-1,-1,1,-1
2024041523126,2024,041523126,1,9,0,-1,4,5,1,-1,0,0,0,0,0,0,2,1,-1,6,1,44,7,-1,-1,-1,-1,6,E01007028,0,2
2024501535012,2024,501535012,1,9,0,-1,19,1,5,-1,0,0,1,0,7,11,0,1,-1,9,1,31,6,-1,-1,-1,-1,8,E01020268,0,1
2024010504224,2024,010504224,2,1,0,18,19,3,7,0,0,1,0,0,0,0,1,1,2,2,1,27,6,-1,-1,-1,-1,4,E01032784,0,1
2024340NN4032,2024,340NN4032,1,-1,0,-1,9,2,8,-1,0,8,0,0,0,0,2,1,-1,6,1,22,5,-1,-1,-1,-1,1,E01027131,1,1
2024451477789,2024,451477789,1,1,0,-1,19,3,7,-1,0,0,0,0,0,0,1,1,-1,9,1,24,5,-1,-1,-1,-1,8,E01030390,0,1
2024201464887,2024,201464887,1,9,0,-1,19,6,2,-1,0,0,0,0,0,0,1,1,-1,6,1,48,8,-1,-1,-1,-1,1,E01009748,0,1
2024461436147,2024,461436147,4,19,0,-1,2,0,0,-1,0,0,0,0,0,0,3,1,-1,6,-1,19,4,-1,-1,-1,-1,-1,-1,0,-1
2024010536800,2024,010536800,2,1,0,9,9,3,1,0,0,5,0,0,0,0,2,1,6,6,1,30,6,-1,-1,-1,-1,7,E01004275,0,1
2024141477568,2024,141477568,2,1,0,-1,19,1,5,-1,0,8,0,0,0,0,3,1,-1,9,2,32,6,-1,-1,-1,-1,6,E01007981,0,2
2024471458553,2024,471458553,1,-1,0,-1,19,8,4,-1,0,0,2,0,0,0,1,1,-1,6,1,51,8,-1,-1,-1,-1,2,E01016905,1,1
2024451497078,2024,451497078,2,1,0,-1,19,1,6,-1,0,0,0,0,0,0,1,1,-1,6,2,61,9,-1,-1,-1,-1,8,E01030655,0,1
2024371514122,2024,371514122,1,19,-1,-1,3,5,1,-1,0,1,0,0,0,0,-1,9,-1,6,3,-1,-1,-1,-1,-1,-1,-1,-1,0,-1
2024471459309,2024,471459309,1,9,0,-1,19,2,6,-1,0,0,0,0,0,0,1,9,-1,6,3,-1,-1,-1,-1,-1,-1,-1,-1,0,-1
2024101515031,2024,101515031,1,9,0,-1,19,8,4,-1,0,0,0,0,0,0,1,1,-1,1,1,30,6,-1,-1,-1,-1,10,E01020683,0,2
2024061438924,2024,061438924,1,9,0,-1,19,6,3,-1,0,0,1,0,1,9,1,1,-1,6,2,19,4,-1,-1,-1,-1,-1,-1,0,-1
2024010541478,2024,010541478,1,1,9,99,99,9,9,99,99,9,9,99,9,99,9,1,6,6,1,49,8,-1,-1,-1,-1,5,E01033099,0,1
2024041458293,2024,041458293,1,9,0,-1,12,5,1,-1,0,1,0,0,0,0,2,1,-1,9,2,41,7,-1,-1,-1,-1,3,E01012663,0,2
2024010522728,2024,010522728,1,9,0,9,9,1,7,0,0,2,0,0,0,0,1,1,6,6,1,17,4,-1,-1,-1,-1,4,E01003492,0,1
2024161472280,2024,161472280,1,9,0,-1,9,1,6,-1,0,6,0,0,7,10,1,1,-1,9,1,19,4,-1,-1,-1,-1,4,E01013050,0,1
2024531452201,2024,531452201,2,9,0,-1,19,3,7,-1,0,0,0,0,0,0,3,9,-1,6,-1,-1,-1,-1,-1,-1,-1,-1,-1,0,-1
2024421491805,2024,421491805,1,1,0,-1,19,0,0,-1,0,1,5,0,0,0,1,1,-1,9,1,33,6,-1,-1,-1,-1,2,E01004420,0,4
2024161528228,2024,161528228,1,1,0,-1,19,6,2,-1,4,1,0,0,0,0,1,1,-1,6,1,35,6,-1,-1,-1,-1,2,E01012871,0,1
2024501479773,2024,501479773,2,1,0,-1,19,1,5,-1,0,1,0,0,0,0,1,1,-1,6,1,-1,-1,-1,-1,-1,-1,-1,-1,0,-1
2024010488139,2024,010488139,1,9,0,99,99,9,9,0,0,1,0,0,0,0,1,1,6,6,1,-1,-1,-1,-1,-1,-1,4,E01004429,0,3
2024311522157,2024,311522157,1,9,0,-1,19,2,6,-1,0,0,0,0,1,9,1,1,-1,2,1,27,6,-1,-1,-1,-1,-1,-1,0,-1
2024311461443,2024,311461443,2,9,0,-1,19,5,1,-1,0,3,0,0,0,0,0,9,-1,6,3,-1,-1,-1,-1,-1,-1,-1,-1,0,-1
2024991394795,2024,991394795,1,9,0,-1,19,7,3,-1,0,6,0,0,0,0,3,1,-1,9,2,57,9,-1,-1,-1,-1,6,-1,0,3
2024161437424,2024,161437424,1,9,9,-1,1,5,3,-1,0,1,0,0,0,0,9,9,-1,6,1,65,9,-1,-1,-1,-1,-1,-1,0,-1
2024010541142,2024,010541142,2,9,0,99,99,9,9,99,99,9,9,99,9,99,1,9,6,6,3,-1,-1,-1,-1,-1,-1,-1,-1,0,-1
2024010565719,2024,010565719,1,1,9,99,99,9,9,99,99,9,9,99,9,99,9,1,6,6,2,28,6,-1,-1,-1,-1,6,E01003327,0,1
2024320262450,2024,320262450,2,9,0,-1,-1,6,2,0,0,8,0,0,0,0,1,1,6,6,1,79,11,-1,-1,-1,-1,3,E01026117,0,2
2024311492804,2024,311492804,1,99,0,-1,19,5,1,-1,0,0,0,0,0,0,1,1,-1,6,1,30,6,-1,-1,-1,-1,-1,-1,0,-1
2024311529835,2024,311529835,1,9,0,-1,4,5,1,-1,0,0,0,0,0,0,1,1,-1,9,1,33,6,-1,-1,-1,-1,-1,-1,0,-1
2024010547265,2024,010547265,1,1,9,99,99,9,9,99,99,9,9,99,9,99,1,1,6,6,3,-1,-1,-1,-1,-1,-1,-1,-1,0,-1
2024430531958,2024,430531958,3,9,0,18,19,1,5,0,0,0,0,0,0,0,2,1,6,6,1,50,8,-1,-1,-1,-1,8,E01032285,0,4
2024302500269,2024,302500269,2,9,0,-1,19,8,5,-1,0,1,0,0,0,0,0,1,-1,6,3,-1,-1,-1,-1,-1,-1,5,E01019456,0,4
2024411469294,2024,411469294,1,9,0,-1,3,7,3,-1,0,1,0,0,0,0,1,9,-1,6,3,-1,-1,-1,-1,-1,-1,-1,-1,0,-1
2024451504660,2024,451504660,1,1,0,-1,9,5,1,-1,0,0,0,0,0,0,1,1,-1,2,1,47,8,-1,-1,-1,-1,6,E01030482,0,1
2024302401450,2024,302401450,1,9,0,18,19,2,6,0,0,0,5,0,0,0,1,1,6,6,2,64,9,-1,-1,-1,-1,9,E01019409,0,1
2024471485875,2024,471485875,2,1,0,-1,19,2,6,-1,0,8,0,0,0,0,1,1,-1,6,1,28,6,-1,-1,-1,-1,5,E01016991,0,1
2024041410240,2024,041410240,1,9,0,-1,9,7,3,-1,0,1,0,0,0,0,0,9,-1,6,3,-1,-1,-1,-1,-1,-1,-1,-1,0,-1
2024440208487,2024,440208487,2,9,0,18,19,5,1,0,0,0,0,0,0,0,1,1,6,6,1,-1,-1,-1,-1,-1,-1,-1,-1,0,-1
2024010529351,2024,010529351,1,1,9,9,9,5,2,0,0,9,9,99,9,99,9,1,6,6,2,39,7,-1,-1,-1,-1,2,E01003060,0,1
2024011513158,2024,011513158,1,19,0,-1,5,2,6,-1,0,4,0,0,0,0,1,1,-1,9,1,29,6,-1,-1,-1,-1,-1,-1,0,-1
2024991394418,2024,991394418,1,9,0,-1,19,5,1,-1,0,0,0,0,0,0,1,1,-1,6,1,40,7,-1,-1,-1,-1,-1,-1,0,-1
2024061500850,2024,061500850,1,9,0,-1,5,1,1,-1,0,3,0,0,0,0,4,1,-1,2,1,55,8,-1,-1,-1,-1,6,E01004998,0,4
2024010530162,2024,010530162,1,1,9,99,99,9,9,99,99,9,9,99,9,99,9,1,2,2,2,42,7,-1,-1,-1,-1,9,E01003908,0,1
2024320583889,2024,320583889,1,9,0,9,9,6,4,0,0,6,0,0,0,0,1,1,-1,-1,2,56,9,-1,-1,-1,-1,1,E01026092,0,2
2024161430406,2024,161430406,1,9,0,-1,1,6,2,-1,0,0,0,0,0,0,2,9,-1,9,1,25,5,-1,-1,-1,-1,2,E01013130,0,1
2024471441193,2024,471441193,1,1,0,-1,19,3,7,-1,0,4,0,0,0,0,3,1,-1,9,1,30,6,-1,-1,-1,-1,6,E01031405,0,2
2024061501834,2024,061501834,3,9,-1,-1,-1,-1,-1,-1,-1,0,-1,-1,-1,0,-1,9,-1,6,3,-1,-1,-1,-1,-1,-1,-1,-1,0,-1
2024501426728,2024,501426728,1,1,0,-1,5,4,8,-1,0,0,5,0,0,0,2,1,-1,9,1,12,3,-1,-1,-1,-1,8,E01018806,0,1
2024501427449,2024,501427449,2,1,0,-1,19,2,6,-1,0,0,0,0,0,0,1,1,-1,6,1,87,11,-1,-1,-1,-1,3,E01020018,0,1
2024991516414,2024,991516414,2,1,0,-1,9,6,2,-1,0,1,0,0,0,0,1,1,-1,2,1,25,5,-1,-1,-1,-1,6,-1,0,1
2024010502512,2024,010502512,1,1,9,99,99,9,9,99,99,1,9,99,9,99,9,1,2,2,2,26,6,-1,-1,-1,-1,4,E01001354,0,1
2024451428119,2024,451428119,1,97,0,-1,13,3,1,-1,0,1,0,0,0,0,4,1,-1,6,3,34,6,-1,-1,-1,-1,-1,-1,0,-1
2024311413717,2024,311413717,2,1,0,-1,19,3,7,-1,0,2,0,0,0,0,1,1,-1,9,1,34,6,-1,-1,-1,-1,-1,-1,0,-1
2024010495305,2024,010495305,2,9,9,99,99,9,9,99,99,9,9,99,9,99,1,9,6,6,3,-1,-1,-1,-1,-1,-1,-1,-1,0,-1
2024430013335,2024,430013335,1,9,0,9,9,8,6,0,0,5,0,0,0,0,4,1,6,6,1,30,6,-1,-1,-1,-1,-1,-1,0,-1
2024461506353,2024,461506353,3,9,0,-1,2,7,7,-1,-1,0,0,0,0,0,2,1,-1,2,1,32,6,-1,-1,-1,-1,1,E01033767,0,5
2024010494216,2024,010494216,1,9,0,99,99,9,9,99,99,9,9,99,9,99,3,9,1,1,1,34,6,-1,-1,-1,-1,5,E01002682,0,2
2024451516479,2024,451516479,2,1,0,-1,19,3,7,-1,0,1,0,0,0,0,4,1,-1,9,1,62,9,-1,-1,-1,-1,9,E01030992,0,1
2024201433449,2024,201433449,2,1,0,-1,19,3,8,-1,0,8,0,0,0,0,1,1,-1,1,1,56,9,-1,-1,-1,-1,7,E01009682,0,1
2024131494617,2024,131494617,2,3,0,-1,19,7,3,-1,0,6,2,0,1,0,1,1,-1,9,1,14,3,-1,-1,-1,-1,1,E01010777,0,1
2024991527576,2024,991527576,1,19,0,-1,19,4,8,-1,0,0,0,0,1,0,1,1,-1,2,1,34,6,-1,-1,-1,-1,8,-1,0,3
2024401505368,2024,401505368,1,9,0,-1,19,4,8,-1,0,0,0,0,0,0,1,9,-1,6,1,-1,-1,-1,-1,-1,-1,-1,-1,0,-1
2024070148765,2024,070148765,2,9,0,6,6,7,3,0,0,0,0,0,0,0,3,1,2,2,1,33,6,-1,-1,-1,-1,4,E01035382,0,1
2024131446092,2024,131446092,1,9,0,-1,-1,-1,-1,-1,-1,-1,-1,-1,-1,-1,-1,1,-1,6,3,-1,-1,-1,-1,-1,-1,-1,-1,0,-1
2024430283031,2024,430283031,2,9,0,18,19,2,6,0,0,1,0,0,0,0,1,1,6,6,3,-1,-1,-1,-1,-1,-1,-1,-1,0,-1
2024122400965,2024,122400965,1,1,0,16,19,5,3,0,0,8,0,0,7,11,1,1,4,7,1,44,7,-1,-1,-1,-1,6,E01005041,0,5
2024531536296,2024,531536296,2,9,0,-1,19,4,8,-1,0,4,0,0,3,0,2,1,-1,9,2,37,7,-1,-1,-1,-1,9,E01031968,0,4
2024471507113,2024,471507113,2,1,0,-1,19,4,6,-1,0,1,0,0,0,0,1,1,-1,6,1,71,10,-1,-1,-1,-1,9,E01031532,0,2
2024010516290,2024,010516290,2,19,9,99,99,9,9,99,99,9,9,99,9,99,1,9,6,6,3,-1,-1,-1,-1,-1,-1,-1,-1,0,-1
2024401498750,2024,401498750,2,-1,0,-1,19,3,7,-1,0,1,0,0,0,0,1,1,-1,6,2,-1,-1,-1,-1,-1,-1,3,E01015715,1,1
2024221470644,2024,221470644,2,9,0,-1,19,3,7,-1,0,0,0,0,0,0,3,9,-1,9,1,69,10,-1,-1,-1,-1,4,E01010006,0,4
2024052401187,2024,052401187,2,9,0,18,19,5,1,0,0,0,0,0,0,0,2,1,6,6,2,59,9,-1,-1,-1,-1,1,E01006913,0,1
2024122401117,2024,122401117,2,9,0,9,9,2,7,0,0,1,0,0,0,0,4,1,6,6,3,-1,-1,-1,-1,-1,-1,-1,-1,0,-1
2024332401261,2024,332401261,1,9,0,-1,3,2,6,-1,0,0,0,0,0,0,4,1,-1,6,3,-1,-1,-1,-1,-1,-1,-1,-1,0,-1
2024430246318,2024,430246318,2,1,0,18,19,3,7,0,0,8,0,10,0,0,1,1,1,1,1,20,4,-1,-1,-1,-1,2,E01016397,0,1
2024010516277,2024,010516277,2,1,0,18,19,1,5,0,0,8,0,0,1,11,4,1,6,6,1,22,5,-1,-1,-1,-1,10,E01013113,0,5
2024411468263,2024,411468263,1,9,0,-1,5,6,3,-1,0,0,0,0,0,0,0,9,-1,6,3,-1,-1,-1,-1,-1,-1,-1,-1,0,-1