collision_index,collision_year,collision_ref_no,vehicle_reference,vehicle_type,towing_and_articulation,vehicle_manoeuvre_historic,vehicle_manoeuvre,vehicle_direction_from,vehicle_direction_to,vehicle_location_restricted_lane_historic,vehicle_location_restricted_lane,junction_location,skidding_and_overturning,hit_object_in_carriageway,vehicle_leaving_carriageway,hit_object_off_carriageway,first_point_of_impact,vehicle_left_hand_drive,journey_purpose_of_driver_historic,journey_purpose_of_driver,sex_of_driver,age_of_driver,age_band_of_driver,engine_capacity_cc,propulsion_code,age_of_vehicle,generic_make_model,driver_imd_decile,lsoa_of_driver,escooter_flag,driver_distance_banding
2024361555508,2024,361555508,1,9,0,-1,5,3,5,-1,0,6,0,0,0,0,1,1,-1,9,2,42,7,-1,-1,-1,-1,8,E01030269,0,3
2024501495849,2024,501495849,2,1,0,-1,19,6,2,-1,0,1,5,0,0,0,1,1,-1,9,1,49,8,-1,-1,-1,-1,6,E01020074,0,1
2024010487769,2024,010487769,1,9,0,99,99,9,9,99,99,0,9,99,9,99,9,9,6,6,2,64,9,-1,-1,-1,-1,5,E01001348,0,2
2024471481221,2024,471481221,1,1,0,-1,19,1,5,-1,0,0,0,0,0,0,4,1,-1,9,1,42,7,-1,-1,-1,-1,6,E01021143,0,3
2024340WN2182,2024,340WN2182,2,1,0,-1,19,2,6,-1,0,1,0,0,0,0,4,1,-1,9,1,22,5,-1,-1,-1,-1,-1,-1,0,-1
2024010507592,2024,010507592,1,1,9,99,99,9,9,99,99,0,9,99,9,99,9,1,2,2,1,36,7,-1,-1,-1,-1,7,E01001302,0,3
2024361422874,2024,361422874,2,1,0,-1,19,5,1,-1,0,0,0,8,0,0,4,1,-1,6,1,45,7,-1,-1,-1,-1,1,E01026625,0,1
2024501484565,2024,501484565,2,3,0,-1,19,4,8,-1,0,1,2,0,7,0,0,1,-1,6,1,71,10,-1,-1,-1,-1,10,E01019909,0,4
2024161457046,2024,161457046,2,1,0,-1,19,3,7,-1,0,0,0,0,0,0,1,1,-1,7,1,-1,-1,-1,-1,-1,-1,-1,-1,0,-1
2024010528485,2024,010528485,2,1,0,17,19,1,5,0,0,1,0,0,0,0,1,1,6,6,1,20,4,-1,-1,-1,-1,4,E01002704,0,1
2024430117495,2024,430117495,1,9,0,18,19,5,1,0,0,0,0,0,0,0,1,1,3,7,1,36,7,-1,-1,-1,-1,-1,-1,0,-1
2024501410869,2024,501410869,1,20,0,-1,4,7,3,-1,0,1,0,0,0,0,0,9,-1,1,1,35,6,-1,-1,-1,-1,7,E01019908,0,3
2024041528460,2024,041528460,1,98,0,-1,9,3,1,-1,-1,0,0,0,1,0,3,1,-1,9,1,58,9,-1,-1,-1,-1,8,E01025105,0,2
2024501467933,2024,501467933,2,9,0,-1,5,5,7,-1,0,1,0,0,0,0,1,9,-1,6,3,-1,-1,-1,-1,-1,-1,-1,-1,0,-1
2024101534432,2024,101534432,1,9,0,-1,19,2,7,-1,0,0,0,0,0,0,4,9,-1,6,3,35,6,-1,-1,-1,-1,-1,-1,0,-1
2024302401329,2024,302401329,1,9,0,5,5,2,6,0,0,4,0,0,0,0,1,1,2,2,1,44,7,-1,-1,-1,-1,7,E01019411,0,1
2024201474898,2024,201474898,3,9,0,-1,19,5,1,-1,0,8,0,0,0,0,4,1,-1,6,2,58,9,-1,-1,-1,-1,5,E01009183,0,1
2024101477255,2024,101477255,1,21,1,-1,11,7,3,-1,0,8,0,0,0,0,4,1,-1,1,1,52,8,-1,-1,-1,-1,3,E01011915,0,5
2024991394919,2024,991394919,1,9,0,-1,9,7,3,-1,0,6,0,0,0,0,2,1,-1,6,1,35,6,-1,-1,-1,-1,-1,-1,0,-1
2024440301929,2024,440301929,1,1,0,18,19,3,7,0,0,8,0,0,0,0,1,1,6,6,1,52,8,-1,-1,-1,-1,1,E01012683,0,5
2024161530173,2024,161530173,2,9,0,-1,7,3,5,-1,0,0,0,0,0,0,1,1,-1,6,1,27,6,-1,-1,-1,-1,7,E01013228,0,2
2024320533278,2024,320533278,2,9,0,-1,-1,7,2,0,0,0,0,0,0,0,3,1,-1,-1,1,55,8,-1,-1,-1,-1,-1,-1,0,-1
2024010539545,2024,010539545,2,9,9,99,99,9,9,99,99,9,9,99,9,99,9,9,6,6,3,-1,-1,-1,-1,-1,-1,-1,-1,0,-1
202454E415024,2024,54E415024,2,1,0,18,19,4,8,0,0,0,0,0,0,0,4,1,6,6,1,33,6,-1,-1,-1,-1,8,E01032704,0,2
2024010537294,2024,010537294,1,9,0,18,19,7,3,0,0,4,0,0,0,0,1,1,6,6,3,-1,-1,-1,-1,-1,-1,-1,-1,0,-1
2024340WN0482,2024,340WN0482,1,19,0,-1,11,4,8,-1,0,0,0,0,0,0,4,1,-1,6,3,-1,-1,-1,-1,-1,-1,-1,-1,0,-1
2024371408644,2024,371408644,3,9,0,-1,3,7,3,-1,0,1,0,0,0,0,2,1,-1,6,2,46,8,-1,-1,-1,-1,5,E01030106,0,1
2024141519580,2024,141519580,2,1,0,-1,19,5,1,-1,0,1,0,0,0,0,1,1,-1,6,1,34,6,-1,-1,-1,-1,1,E01008090,0,2
2024991450576,2024,991450576,2,90,0,-1,19,1,5,-1,0,8,0,0,0,0,1,1,-1,9,1,82,11,-1,-1,-1,-1,-1,-1,0,-1
2024141516162,2024,141516162,1,1,0,-1,19,7,3,-1,0,0,5,0,0,0,1,1,-1,6,1,56,9,-1,-1,-1,-1,-1,-1,0,-1
2024131489180,2024,131489180,1,1,0,-1,19,3,7,-1,0,1,0,0,0,0,0,1,-1,6,1,62,9,-1,-1,-1,-1,7,E01011188,0,1
2024010496084,2024,010496084,1,9,0,18,19,5,1,0,0,8,0,0,0,0,3,1,1,1,1,34,6,-1,-1,-1,-1,3,E01003550,0,3
2024231439850,2024,231439850,2,1,0,-1,19,2,6,-1,4,8,0,0,0,0,4,1,-1,6,1,38,7,-1,-1,-1,-1,9,E01031329,0,1
2024010516193,2024,010516193,2,9,0,99,99,9,9,99,99,0,9,99,9,99,4,9,6,6,3,-1,-1,-1,-1,-1,-1,-1,-1,0,-1
2024451433030,2024,451433030,1,1,0,-1,19,5,1,-1,0,8,5,0,0,0,1,1,-1,2,1,41,7,-1,-1,-1,-1,5,E01001158,0,3
2024061506042,2024,061506042,2,9,-1,-1,-1,-1,-1,-1,-1,-1,-1,-1,-1,0,-1,9,-1,6,3,-1,-1,-1,-1,-1,-1,-1,-1,0,-1
2024010490708,2024,010490708,1,9,0,5,5,5,1,0,0,6,0,0,0,0,1,1,6,6,2,51,8,-1,-1,-1,-1,3,E01000195,0,1
2024311471476,2024,311471476,1,1,0,-1,19,1,5,-1,0,1,0,0,0,0,0,1,-1,1,1,30,6,-1,-1,-1,-1,-1,-1,0,-1
2024101530044,2024,101530044,1,9,0,-1,4,1,5,-1,0,0,0,0,0,0,1,9,-1,9,2,31,6,-1,-1,-1,-1,10,E01013152,0,5
2024401398471,2024,401398471,2,1,0,-1,5,4,8,-1,0,8,2,0,0,0,1,1,-1,2,1,31,6,-1,-1,-1,-1,9,E01017614,0,1
2024010494823,2024,010494823,1,3,0,99,99,9,9,99,99,9,9,99,9,99,9,1,1,1,3,48,8,-1,-1,-1,-1,2,E01002051,0,1
2024010528711,2024,010528711,3,9,0,18,19,1,5,0,0,1,0,0,0,0,1,1,6,6,1,37,7,-1,-1,-1,-1,9,E01004589,0,2
2024451519949,2024,451519949,2,9,0,-1,9,1,1,-1,0,6,0,0,0,0,3,1,-1,6,1,55,8,-1,-1,-1,-1,-1,-1,0,-1
2024061526268,2024,061526268,1,1,0,-1,10,-1,-1,-1,0,8,5,0,0,0,2,1,-1,6,2,42,7,-1,-1,-1,-1,2,E01004855,0,1
2024411462290,2024,411462290,2,1,0,-1,19,7,3,-1,0,0,0,0,0,0,1,1,-1,6,1,80,11,-1,-1,-1,-1,7,E01001566,0,2
2024520401176,2024,520401176,2,9,0,18,19,3,7,0,0,8,1,0,0,0,3,1,6,6,1,17,4,-1,-1,-1,-1,5,E01029066,0,1
2024320506784,2024,320506784,2,1,0,-1,-1,6,2,0,0,8,0,0,0,0,3,1,-1,-1,1,56,9,-1,-1,-1,-1,10,E01026324,0,1
2024010487723,2024,010487723,1,9,0,13,13,7,3,0,0,0,0,0,0,0,4,1,6,6,1,84,11,-1,-1,-1,-1,10,E01002920,0,2
2024340WN0602,2024,340WN0602,1,19,0,-1,19,1,5,-1,0,1,0,0,0,0,1,1,-1,6,3,-1,-1,-1,-1,-1,-1,-1,-1,0,-1
2024010542234,2024,010542234,2,1,0,18,19,1,5,0,0,1,5,8,1,0,1,1,1,1,1,34,6,-1,-1,-1,-1,8,E01032775,0,1
2024061410477,2024,061410477,1,9,-1,-1,19,-1,-1,-1,-1,0,0,0,0,0,-1,9,-1,6,3,-1,-1,-1,-1,-1,-1,-1,-1,0,-1
2024101458698,2024,101458698,1,9,0,-1,15,3,7,-1,0,8,0,0,0,0,3,9,-1,6,3,30,6,-1,-1,-1,-1,-1,-1,0,-1
2024631479139,2024,631479139,2,1,0,-1,19,8,4,-1,0,0,1,0,0,0,3,1,-1,6,1,34,6,-1,-1,-1,-1,2,E01002786,0,5
2024430608214,2024,430608214,1,5,0,18,19,8,4,0,0,1,1,0,7,0,1,1,6,6,1,24,5,-1,-1,-1,-1,10,E01028637,0,3
2024010526397,2024,010526397,2,1,0,18,19,5,1,0,0,1,0,0,0,0,1,1,6,6,1,26,6,-1,-1,-1,-1,6,E01034181,0,1
2024471493538,2024,471493538,1,9,0,-1,5,3,7,-1,0,8,0,0,0,0,3,1,-1,6,1,78,11,-1,-1,-1,-1,3,E01033328,0,1
2024440553270,2024,440553270,2,9,0,18,19,5,1,0,0,4,0,0,0,0,1,1,6,6,3,-1,-1,-1,-1,-1,-1,-1,-1,0,-1
2024010488160,2024,010488160,2,9,0,99,99,9,9,99,99,9,9,99,9,99,9,9,6,6,3,-1,-1,-1,-1,-1,-1,-1,-1,0,-1
2024461435023,2024,461435023,2,1,0,-1,19,7,3,-1,0,0,0,0,0,0,2,1,-1,6,1,37,7,-1,-1,-1,-1,5,E01035293,0,1
2024010519797,2024,010519797,2,1,0,18,19,7,3,0,0,8,0,0,0,0,1,1,2,2,2,39,7,-1,-1,-1,-1,5,E01002024,0,1
2024332401100,2024,332401100,2,9,0,-1,19,2,6,-1,0,8,0,0,0,0,1,1,-1,6,3,-1,-1,-1,-1,-1,-1,-1,-1,0,-1
2024622400233,2024,622400233,1,9,0,18,19,3,6,0,0,1,0,0,0,0,2,1,6,6,3,-1,-1,-1,-1,-1,-1,-1,-1,0,-1
2024340WN0562,2024,340WN0562,2,9,0,-1,19,1,5,-1,0,0,0,0,8,6,2,1,-1,9,2,48,8,-1,-1,-1,-1,10,E01013539,0,4
2024010495842,2024,010495842,1,3,0,99,99,9,9,99,99,9,9,99,9,99,1,1,1,1,1,41,7,-1,-1,-1,-1,8,E01004074,0,1
2024010517271,2024,010517271,2,9,0,99,99,9,9,99,99,9,9,99,9,99,9,9,6,6,3,-1,-1,-1,-1,-1,-1,-1,-1,0,-1
2024010544418,2024,010544418,2,1,9,99,99,9,9,4,4,1,9,99,9,99,1,1,6,6,1,-1,-1,-1,-1,-1,-1,2,E01000526,0,2
2024161417534,2024,161417534,1,97,0,-1,19,-1,-1,-1,0,2,0,4,0,0,1,1,-1,6,1,16,4,-1,-1,-1,-1,1,E01012854,0,1
2024201467764,2024,201467764,1,-1,0,-1,19,5,1,-1,0,4,0,0,0,0,2,1,-1,6,1,31,6,-1,-1,-1,-1,5,E01009283,1,2
2024401504390,2024,401504390,1,9,0,-1,7,-1,-1,-1,0,8,0,0,0,0,0,1,-1,6,3,-1,-1,-1,-1,-1,-1,-1,-1,0,-1
2024351548092,2024,351548092,1,9,0,-1,9,5,3,-1,0,0,0,0,0,0,1,1,-1,6,2,18,4,-1,-1,-1,-1,6,E01023663,0,3
2024361395331,2024,361395331,2,1,4,-1,19,-1,-1,-1,0,8,5,0,0,0,4,1,-1,9,1,59,9,-1,-1,-1,-1,1,E01033436,0,1
2024161474093,2024,161474093,1,9,0,-1,9,8,6,-1,0,1,0,0,0,0,4,1,-1,6,1,50,8,-1,-1,-1,-1,3,E01013198,0,1
2024201454028,2024,201454028,1,9,0,-1,19,8,4,-1,0,8,0,0,0,0,4,9,-1,6,3,-1,-1,-1,-1,-1,-1,-1,-1,0,-1
2024010547566,2024,010547566,2,9,0,99,99,9,9,99,99,9,9,99,9,99,1,9,6,6,3,-1,-1,-1,-1,-1,-1,-1,-1,0,-1
2024010489492,2024,010489492,1,1,0,18,19,5,1,5,5,0,0,0,0,0,1,1,2,2,2,37,7,-1,-1,-1,-1,10,E01016586,0,4
2024061532639,2024,061532639,1,9,-1,-1,9,3,1,-1,0,8,0,0,0,0,-1,9,-1,6,2,-1,-1,-1,-1,-1,-1,-1,-1,0,-1
2024221526374,2024,221526374,1,19,0,-1,1,7,3,-1,0,1,0,0,0,0,2,9,-1,6,3,44,7,-1,-1,-1,-1,-1,-1,0,-1
2024010506353,2024,010506353,2,9,9,5,5,9,9,99,99,0,9,99,9,99,4,9,6,6,2,-1,-1,-1,-1,-1,-1,-1,-1,0,-1
2024010495255,2024,010495255,1,9,0,18,19,5,1,9,9,1,0,0,7,2,1,1,2,2,1,71,10,-1,-1,-1,-1,1,E01033879,0,1
2024010491282,2024,010491282,1,9,0,99,99,9,9,99,99,9,9,99,9,99,9,9,6,6,1,79,11,-1,-1,-1,-1,5,E01000240,0,2
2024010506422,2024,010506422,2,1,0,5,5,7,3,0,0,0,0,0,0,0,0,1,6,6,1,29,6,-1,-1,-1,-1,2,E01001558,0,2
2024010543861,2024,010543861,2,1,0,18,19,5,1,0,0,4,0,4,3,0,1,1,6,6,1,19,4,-1,-1,-1,-1,4,E01001199,0,1
2024311427935,2024,311427935,1,9,0,-1,9,2,6,-1,0,8,0,0,0,0,4,1,-1,9,1,86,11,-1,-1,-1,-1,8,E01028018,0,1
2024010502396,2024,010502396,2,97,0,99,99,9,9,99,99,9,9,99,9,99,2,9,6,6,3,-1,-1,-1,-1,-1,-1,-1,-1,0,-1
2024552401099,2024,552401099,1,-1,0,18,19,8,4,9,9,0,0,0,0,0,1,1,6,6,3,-1,-1,-1,-1,-1,-1,-1,-1,1,-1
2024522401774,2024,522401774,2,1,0,18,19,4,1,0,0,8,0,0,0,0,1,1,6,6,1,67,10,-1,-1,-1,-1,10,E01014990,0,1
2024201489763,2024,201489763,1,97,0,-1,19,2,6,-1,0,8,0,0,0,0,4,1,-1,6,1,19,4,-1,-1,-1,-1,-1,-1,0,-1
2024010528261,2024,010528261,1,9,0,18,19,1,5,0,0,1,0,0,1,0,1,1,6,6,3,24,5,-1,-1,-1,-1,-1,-1,0,-1
2024501506514,2024,501506514,1,19,0,-1,19,2,6,-1,0,1,0,0,0,0,1,1,-1,6,3,-1,-1,-1,-1,-1,-1,-1,-1,0,-1
2024231473801,2024,231473801,2,1,0,-1,19,4,8,-1,0,8,0,0,0,0,1,1,-1,9,1,12,3,-1,-1,-1,-1,3,E01009589,0,1
2024340NN4742,2024,340NN4742,2,1,0,-1,19,5,1,-1,0,8,0,0,0,0,4,1,-1,2,1,41,7,-1,-1,-1,-1,6,E01027079,0,1
2024010490265,2024,010490265,1,19,0,9,9,1,7,0,0,1,0,0,0,0,1,1,6,6,1,39,7,-1,-1,-1,-1,3,E01001864,0,1
2024461396435,2024,461396435,2,1,0,-1,19,5,1,-1,0,1,0,0,0,0,3,1,-1,6,1,50,8,-1,-1,-1,-1,7,E01024360,0,2
2024461485287,2024,461485287,1,98,-1,-1,19,5,1,-1,0,0,0,0,0,0,1,9,-1,6,1,35,6,-1,-1,-1,-1,6,E01024022,0,1
2024010519699,2024,010519699,2,1,0,18,19,1,5,0,0,1,0,4,0,0,1,1,6,6,1,28,6,-1,-1,-1,-1,3,E01001722,0,1
2024440117518,2024,440117518,1,9,0,18,19,3,7,0,0,1,0,0,0,0,4,1,6,6,3,-1,-1,-1,-1,-1,-1,-1,-1,0,-1
2024010543101,2024,010543101,2,9,0,11,11,9,9,99,99,1,9,99,9,99,1,9,6,6,3,-1,-1,-1,-1,-1,-1,8,E01034049,0,5
2024041469615,2024,041469615,2,1,0,-1,19,1,5,-1,0,1,0,0,0,0,1,1,-1,9,1,39,7,-1,-1,-1,-1,9,E01004807,0,3
2024401455671,2024,401455671,6,9,-1,-1,-1,-1,-1,-1,-1,1,-1,-1,-1,0,-1,9,-1,6,3,-1,-1,-1,-1,-1,-1,-1,-1,0,-1
2024991421437,2024,991421437,2,90,0,-1,9,3,1,-1,0,0,0,0,0,0,1,1,-1,9,1,42,7,-1,-1,-1,-1,9,-1,0,2
2024211472351,2024,211472351,1,9,-1,-1,-1,-1,-1,-1,-1,-1,-1,-1,-1,0,-1,9,-1,6,3,-1,-1,-1,-1,-1,-1,-1,-1,0,-1
2024122400855,2024,122400855,1,9,0,13,13,3,7,0,0,0,0,0,7,7,1,1,1,1,2,44,7,-1,-1,-1,-1,4,E01025459,0,4
2024461399535,2024,461399535,1,9,0,-1,19,8,4,-1,0,0,0,0,0,0,1,9,-1,6,1,56,9,-1,-1,-1,-1,9,E01016081,0,1
2024061464677,2024,061464677,1,1,0,-1,19,8,4,-1,0,0,0,0,0,0,1,1,-1,6,1,40,7,-1,-1,-1,-1,5,E01005347,0,1
2024010495070,2024,010495070,2,9,0,11,11,3,7,0,0,0,1,0,0,0,1,1,6,6,1,31,6,-1,-1,-1,-1,5,E01002369,0,1
2024501470599,2024,501470599,1,1,0,-1,19,8,4,-1,9,0,0,0,0,0,0,1,-1,6,2,-1,-1,-1,-1,-1,-1,2,E01019995,0,1
2024052401895,2024,052401895,3,9,0,18,19,7,4,0,0,1,0,0,0,0,0,1,6,6,1,25,5,-1,-1,-1,-1,6,E01006927,0,1
2024451408505,2024,451408505,2,1,0,-1,19,1,4,-1,0,0,0,0,0,0,1,1,-1,9,1,56,9,-1,-1,-1,-1,9,E01030760,0,1
2024010522817,2024,010522817,2,1,0,18,19,1,5,0,0,1,0,0,0,0,3,1,6,6,1,17,4,-1,-1,-1,-1,2,E01001487,0,2
2024501412451,2024,501412451,2,1,0,-1,4,5,1,-1,0,0,0,0,0,0,1,1,-1,9,2,64,9,-1,-1,-1,-1,6,E01018985,0,2
2024461511424,2024,461511424,2,9,0,-1,4,5,1,-1,0,0,1,10,0,0,2,1,-1,1,1,42,7,-1,-1,-1,-1,5,E01024238,0,4
2024010539416,2024,010539416,1,1,9,99,99,9,9,99,99,0,9,0,0,0,1,1,6,6,1,-1,-1,-1,-1,-1,-1,-1,-1,0,-1
2024041530806,2024,041530806,1,11,0,-1,4,1,5,-1,-1,1,0,0,0,0,4,9,-1,6,3,-1,-1,-1,-1,-1,-1,-1,-1,0,-1
2024622500006,2024,622500006,2,9,0,17,19,4,8,0,0,0,0,0,0,0,2,1,6,6,2,32,6,-1,-1,-1,-1,2,W01001810,0,3
2024430371796,2024,430371796,1,11,0,13,13,1,5,0,0,0,0,0,0,0,4,1,1,1,1,62,9,-1,-1,-1,-1,-1,-1,0,-1
2024010535678,2024,010535678,2,1,0,18,19,8,4,0,0,4,0,0,0,0,1,1,2,2,1,41,7,-1,-1,-1,-1,10,E01000276,0,2
2024010522421,2024,010522421,3,1,0,18,19,5,1,4,4,1,0,0,0,0,1,1,6,6,1,55,8,-1,-1,-1,-1,-1,-1,0,-1
2024451430882,2024,451430882,1,1,0,-1,19,6,2,-1,0,0,0,0,0,0,1,1,-1,9,1,26,6,-1,-1,-1,-1,-1,-1,0,-1
2024201462768,2024,201462768,1,9,0,-1,19,1,5,-1,0,8,0,0,0,0,4,9,-1,6,1,-1,-1,-1,-1,-1,-1,-1,-1,0,-1
2024070923723,2024,070923723,1,1,0,-1,19,7,3,-1,9,1,0,10,0,0,1,1,-1,6,1,29,6,-1,-1,-1,-1,1,E01005063,0,3
2024141483769,2024,141483769,4,9,0,-1,2,0,0,-1,0,1,0,0,0,0,2,1,-1,6,-1,-1,-1,-1,-1,-1,-1,-1,-1,0,-1
2024522402363,2024,522402363,2,10,0,5,5,9,9,0,0,4,0,0,0,0,1,1,6,6,3,-1,-1,-1,-1,-1,-1,-1,-1,0,-1
2024010497356,2024,010497356,2,9,0,99,99,9,9,99,99,9,9,99,9,99,1,9,6,6,1,20,4,-1,-1,-1,-1,3,E01000081,0,1
2024451436593,2024,451436593,2,98,0,-1,7,3,5,-1,0,1,0,0,0,0,1,9,-1,6,1,40,7,-1,-1,-1,-1,-1,-1,0,-1
2024010494460,2024,010494460,1,9,9,99,99,9,9,99,99,9,9,0,9,99,9,9,6,6,3,-1,-1,-1,-1,-1,-1,-1,-1,0,-1
2024361414060,2024,361414060,1,9,0,-1,19,2,6,-1,0,0,0,0,0,0,1,1,-1,1,1,45,7,-1,-1,-1,-1,8,E01026439,0,2
2024430118680,2024,430118680,1,9,0,9,9,6,3,0,0,5,0,0,0,0,3,1,6,6,1,47,8,-1,-1,-1,-1,8,E01017750,0,1
2024010491785,2024,010491785,2,9,0,18,19,5,1,0,0,2,0,0,0,0,1,1,6,6,2,23,5,-1,-1,-1,-1,6,E01001289,0,1
2024531438768,2024,531438768,1,9,0,-1,19,6,2,-1,0,0,0,0,0,0,1,9,-1,6,3,-1,-1,-1,-1,-1,-1,-1,-1,0,-1
2024101532305,2024,101532305,2,1,0,-1,19,2,6,-1,0,8,0,0,0,0,1,1,-1,6,1,55,8,-1,-1,-1,-1,10,E01008523,0,1
2024430352720,2024,430352720,1,9,0,9,9,4,2,0,0,6,0,0,0,0,0,1,6,6,3,-1,-1,-1,-1,-1,-1,-1,-1,0,-1
2024201517451,2024,201517451,3,9,0,-1,19,1,5,-1,0,0,0,0,0,0,2,9,-1,6,3,-1,-1,-1,-1,-1,-1,-1,-1,0,-1
2024211464246,2024,211464246,1,9,9,-1,19,3,7,-1,0,0,9,99,0,0,1,9,-1,6,1,-1,-1,-1,-1,-1,-1,-1,-1,0,-1
2024010515581,2024,010515581,1,1,0,15,15,1,5,0,0,0,0,0,0,0,0,1,6,6,2,53,8,-1,-1,-1,-1,7,E01035492,0,2
2024440462434,2024,440462434,4,9,0,18,19,7,2,0,0,0,0,0,0,0,1,1,6,6,1,19,4,-1,-1,-1,-1,6,E01035455,0,4
2024052402024,2024,052402024,1,11,0,99,99,8,4,0,0,0,0,99,9,99,0,1,1,1,1,60,9,-1,-1,-1,-1,3,E01006831,0,3
2024101442826,2024,101442826,2,1,0,-1,19,6,2,-1,0,0,0,0,0,0,1,1,-1,6,1,10,2,-1,-1,-1,-1,6,E01008856,0,1
2024520401339,2024,520401339,2,1,0,18,19,8,4,0,0,8,0,0,0,0,1,1,6,6,1,27,6,-1,-1,-1,-1,2,E01029042,0,1
2024061509193,2024,061509193,1,9,0,-1,4,1,5,-1,0,0,0,0,0,0,1,1,-1,9,1,32,6,-1,-1,-1,-1,-1,-1,0,-1
202460Q174219,2024,60Q174219,2,1,0,18,19,1,5,0,0,8,0,0,0,0,3,1,6,6,2,-1,-1,-1,-1,-1,-1,-1,-1,0,-1
2024010511712,2024,010511712,1,97,0,18,19,1,5,0,0,1,0,0,0,0,1,1,6,6,3,-1,-1,-1,-1,-1,-1,-1,-1,0,-1
2024411489129,2024,411489129,1,99,0,-1,19,1,5,-1,0,1,0,0,1,0,9,9,-1,6,3,-1,-1,-1,-1,-1,-1,-1,-1,0,-1
2024451423764,2024,451423764,2,1,0,-1,19,3,1,-1,0,0,0,0,0,0,3,1,-1,6,1,48,8,-1,-1,-1,-1,8,E01030669,0,1
2024010493667,2024,010493667,2,19,0,99,99,9,9,99,99,0,9,99,9,99,9,9,6,6,3,-1,-1,-1,-1,-1,-1,-1,-1,0,-1
2024461442966,2024,461442966,1,9,0,-1,19,7,3,-1,0,3,0,0,0,0,4,1,-1,6,2,57,9,-1,-1,-1,-1,10,E01024748,0,1
2024010503886,2024,010503886,1,1,9,99,99,9,9,99,99,9,9,99,9,99,1,1,6,6,2,27,6,-1,-1,-1,-1,6,E01004608,0,1
2024010494279,2024,010494279,1,1,0,12,12,5,1,0,0,1,0,0,0,0,2,1,1,1,1,30,6,-1,-1,-1,-1,7,E01004634,0,1
2024411469270,2024,411469270,4,9,0,-1,19,1,5,-1,0,0,0,0,0,0,1,1,-1,6,1,41,7,-1,-1,-1,-1,6,E01023769,0,1
2024471412835,2024,471412835,1,9,0,-1,1,-1,-1,-1,-1,-1,-1,-1,-1,0,-1,9,-1,6,2,57,9,-1,-1,-1,-1,5,E01031832,0,1
2024010544391,2024,010544391,1,23,0,99,99,9,9,99,99,9,9,99,9,99,9,1,1,1,3,23,5,-1,-1,-1,-1,3,E01000176,0,1
2024010489083,2024,010489083,2,9,0,9,9,3,1,0,0,8,0,0,0,0,4,1,6,6,2,33,6,-1,-1,-1,-1,3,E01002401,0,1
2024320151243,2024,320151243,1,9,0,-1,-1,6,2,0,0,0,0,0,0,0,3,1,6,6,1,53,8,-1,-1,-1,-1,9,E01013149,0,4
2024430446002,2024,430446002,3,9,0,18,19,2,8,0,0,0,0,0,0,0,0,1,6,6,3,-1,-1,-1,-1,-1,-1,-1,-1,0,-1
2024111535588,2024,111535588,1,23,0,-1,19,3,7,-1,0,0,0,0,0,0,1,1,-1,6,1,18,4,-1,-1,-1,-1,-1,-1,0,-1
2024010497048,2024,010497048,1,9,9,99,99,9,9,99,99,9,9,99,9,99,9,9,6,6,3,-1,-1,-1,-1,-1,-1,-1,-1,0,-1
2024052400181,2024,052400181,2,1,0,18,19,4,8,0,0,8,0,0,0,0,2,1,6,6,1,41,7,-1,-1,-1,-1,-1,-1,0,-1
2024332400610,2024,332400610,1,1,0,-1,19,4,8,-1,4,8,1,0,1,0,1,1,-1,9,1,24,5,-1,-1,-1,-1,8,E01013643,0,1
2024041494404,2024,041494404,2,9,0,-1,4,1,1,-1,0,1,0,0,0,0,2,1,-1,9,1,20,4,-1,-1,-1,-1,3,E01012753,0,1
2024052401486,2024,052401486,3,9,0,3,3,6,2,0,0,8,0,0,0,0,2,1,6,6,1,65,9,-1,-1,-1,-1,2,E01006910,0,1
2024522500275,2024,522500275,2,97,0,18,19,6,2,0,0,0,0,0,0,0,4,1,6,6,3,-1,-1,-1,-1,-1,-1,-1,-1,0,-1
2024351429541,2024,351429541,1,19,0,-1,19,3,7,-1,0,0,0,0,0,0,1,1,-1,1,1,35,6,-1,-1,-1,-1,3,E01017539,0,4
2024010489302,2024,010489302,2,9,0,99,99,9,9,99,99,9,9,99,9,99,9,9,6,6,3,-1,-1,-1,-1,-1,-1,-1,-1,0,-1
2024451454187,2024,451454187,1,9,0,-1,19,3,7,-1,0,0,0,0,0,0,3,1,-1,9,1,64,9,-1,-1,-1,-1,8,E01030622,0,1
2024451409552,2024,451409552,1,9,0,-1,4,7,3,-1,0,1,0,0,0,0,3,1,-1,9,1,54,8,-1,-1,-1,-1,9,E01030501,0,1
2024461507201,2024,461507201,2,9,0,-1,9,7,3,-1,0,0,0,0,0,0,2,1,-1,9,1,41,7,-1,-1,-1,-1,2,E01023973,0,3
2024311484531,2024,311484531,2,1,0,-1,19,4,8,-1,0,2,0,0,0,0,4,1,-1,6,1,33,6,-1,-1,-1,-1,-1,-1,0,-1
2024461470101,2024,461470101,1,9,0,-1,19,8,3,-1,0,1,2,0,1,0,4,1,-1,6,1,25,5,-1,-1,-1,-1,10,E01000767,0,3
2024010496359,2024,010496359,1,9,0,10,10,5,3,0,0,4,0,0,0,0,3,1,6,6,2,38,7,-1,-1,-1,-1,-1,-1,0,-1
2024461478886,2024,461478886,2,9,0,-1,4,7,3,-1,0,8,0,0,0,0,4,1,-1,1,1,28,6,-1,-1,-1,-1,2,E01024677,0,3
2024401396322,2024,401396322,1,9,-1,-1,13,-1,-1,-1,0,0,0,0,0,0,3,9,-1,6,3,-1,-1,-1,-1,-1,-1,-1,-1,0,-1
2024141455472,2024,141455472,2,1,0,-1,19,8,7,-1,0,1,0,0,0,0,1,1,-1,6,1,27,6,-1,-1,-1,-1,1,E01007947,0,1
2024531459644,2024,531459644,2,1,0,-1,19,5,1,-1,0,0,0,0,0,0,2,1,-1,6,1,14,3,-1,-1,-1,-1,3,E01022157,0,1
2024411504370,2024,411504370,1,21,2,-1,7,8,2,-1,0,1,0,0,0,0,2,1,-1,6,1,45,7,-1,-1,-1,-1,4,E01000613,0,3
2024411468329,2024,411468329,2,1,0,-1,19,1,5,-1,0,0,1,0,1,0,1,1,-1,9,1,62,9,-1,-1,-1,-1,-1,-1,0,-1
2024010505609,2024,010505609,2,9,0,7,7,8,1,0,0,1,0,0,0,0,1,1,2,2,2,22,5,-1,-1,-1,-1,2,E01033926,0,1