collision_index,collision_year,collision_ref_no,vehicle_reference,vehicle_type,towing_and_articulation,vehicle_manoeuvre_historic,vehicle_manoeuvre,vehicle_direction_from,vehicle_direction_to,vehicle_location_restricted_lane_historic,vehicle_location_restricted_lane,junction_location,skidding_and_overturning,hit_object_in_carriageway,vehicle_leaving_carriageway,hit_object_off_carriageway,first_point_of_impact,vehicle_left_hand_drive,journey_purpose_of_driver_historic,journey_purpose_of_driver,sex_of_driver,age_of_driver,age_band_of_driver,engine_capacity_cc,propulsion_code,age_of_vehicle,generic_make_model,driver_imd_decile,lsoa_of_driver,escooter_flag,driver_distance_banding
2024010491858,2024,010491858,1,9,0,99,99,9,9,99,99,9,9,99,9,99,1,9,6,6,3,27,6,-1,-1,-1,-1,6,E01002654,0,1
2024421542310,2024,421542310,1,-1,-1,-1,19,-1,-1,-1,9,8,-1,-1,-1,0,-1,1,-1,6,1,-1,-1,-1,-1,-1,-1,-1,-1,1,-1
2024201440486,2024,201440486,2,90,0,-1,19,2,6,-1,0,1,0,0,0,0,2,9,-1,6,3,-1,-1,-1,-1,-1,-1,-1,-1,0,-1
2024010488776,2024,010488776,1,9,0,4,4,5,1,0,0,1,0,0,0,0,1,1,2,2,1,47,8,-1,-1,-1,-1,6,E01002921,0,3
2024161525403,2024,161525403,1,98,4,-1,19,3,7,-1,0,0,0,0,0,0,0,9,-1,6,3,-1,-1,-1,-1,-1,-1,-1,-1,0,-1
2024201497252,2024,201497252,1,9,0,-1,7,4,6,-1,0,6,0,0,0,0,1,9,-1,6,1,24,5,-1,-1,-1,-1,-1,-1,0,-1
2024320419581,2024,320419581,2,9,0,-1,-1,1,5,0,0,0,0,0,1,0,3,1,-1,-1,2,67,10,-1,-1,-1,-1,7,E01026091,0,3
2024010535768,2024,010535768,2,1,9,99,99,9,9,99,99,1,9,99,9,99,9,1,6,6,3,-1,-1,-1,-1,-1,-1,-1,-1,0,-1
2024501463524,2024,501463524,2,9,0,-1,4,3,7,-1,0,2,0,0,0,0,2,9,-1,6,3,-1,-1,-1,-1,-1,-1,-1,-1,0,-1
2024010490270,2024,010490270,1,23,0,99,99,9,9,99,99,9,9,99,9,99,1,1,6,6,3,-1,-1,-1,-1,-1,-1,-1,-1,0,-1
2024440427930,2024,440427930,2,9,0,9,9,5,2,0,0,8,0,0,0,0,3,1,2,2,1,40,7,-1,-1,-1,-1,4,E01017251,0,1
2024061436441,2024,061436441,2,9,0,-1,7,-1,-1,-1,0,2,0,0,0,0,4,1,-1,6,3,-1,-1,-1,-1,-1,-1,-1,-1,0,-1
2024010528918,2024,010528918,1,1,9,99,99,9,9,99,99,9,9,99,9,99,1,1,2,2,1,33,6,-1,-1,-1,-1,3,E01033923,0,1
2024010499906,2024,010499906,1,9,0,18,19,5,1,0,0,0,0,0,0,0,1,1,6,6,3,-1,-1,-1,-1,-1,-1,-1,-1,0,-1
2024010551114,2024,010551114,1,1,9,99,99,9,9,99,99,9,9,99,9,99,9,1,6,6,2,44,7,-1,-1,-1,-1,7,E01000309,0,2
2024461469127,2024,461469127,1,9,0,-1,9,7,3,-1,0,1,0,0,0,0,3,9,-1,6,2,-1,-1,-1,-1,-1,-1,-1,-1,0,-1
2024371515719,2024,371515719,2,1,0,-1,19,2,6,-1,0,1,0,0,0,0,1,1,-1,2,1,33,6,-1,-1,-1,-1,5,E01030030,0,1
2024061512141,2024,061512141,1,1,0,-1,19,-1,-1,-1,0,1,0,0,0,0,1,1,-1,2,1,24,5,-1,-1,-1,-1,8,E01005775,0,1
2024340NN0362,2024,340NN0362,2,-1,0,-1,19,1,5,-1,0,6,0,0,0,0,4,1,-1,2,1,40,7,-1,-1,-1,-1,1,E01026968,1,1
2024461538057,2024,461538057,2,1,0,-1,19,1,5,-1,0,2,0,0,0,0,0,1,-1,9,1,17,4,-1,-1,-1,-1,2,E01024315,0,1
2024061467612,2024,061467612,1,9,0,-1,19,-1,-1,-1,0,0,0,0,0,0,3,1,-1,6,3,-1,-1,-1,-1,-1,-1,-1,-1,0,-1
2024201493546,2024,201493546,2,-1,0,-1,19,2,6,-1,0,8,0,0,0,0,1,1,-1,6,1,47,8,-1,-1,-1,-1,1,E01033888,1,1
2024010522793,2024,010522793,2,9,0,99,99,9,9,99,99,9,9,99,9,99,2,9,6,6,3,-1,-1,-1,-1,-1,-1,-1,-1,0,-1
2024052400243,2024,052400243,1,1,0,4,4,3,7,0,0,0,0,0,0,0,1,1,6,6,2,42,7,-1,-1,-1,-1,2,E01012370,0,1
2024361405014,2024,361405014,1,9,0,-1,19,7,3,-1,0,8,0,0,0,0,4,1,-1,6,1,38,7,-1,-1,-1,-1,6,E01026672,0,1
2024010524453,2024,010524453,1,1,0,18,19,5,1,4,4,1,0,0,0,0,4,1,2,2,1,21,5,-1,-1,-1,-1,3,E01003182,0,1
2024461426243,2024,461426243,2,9,0,-1,2,0,0,-1,0,0,0,0,0,0,4,1,-1,6,-1,-1,-1,-1,-1,-1,-1,-1,-1,0,-1
2024071058151,2024,071058151,1,19,0,-1,19,7,3,-1,0,0,0,0,0,0,4,9,-1,6,3,-1,-1,-1,-1,-1,-1,-1,-1,0,-1
2024010506620,2024,010506620,1,1,9,99,99,9,9,99,99,1,9,99,9,99,1,1,6,6,3,36,7,-1,-1,-1,-1,3,E01004226,0,1
2024111412878,2024,111412878,1,9,0,-1,9,5,2,-1,0,1,0,0,1,0,1,1,-1,9,1,18,4,-1,-1,-1,-1,4,E01020620,0,1
2024061507690,2024,061507690,1,1,0,-1,19,-1,-1,-1,0,8,0,0,0,0,3,1,-1,7,1,14,3,-1,-1,-1,-1,9,E01006163,0,1
2024440171357,2024,440171357,1,1,0,18,19,6,2,0,0,1,0,0,0,0,1,1,6,6,2,51,8,-1,-1,-1,-1,1,E01017038,0,1
2024010487633,2024,010487633,3,9,0,3,3,3,7,0,0,1,0,0,0,0,2,1,6,6,2,25,5,-1,-1,-1,-1,4,E01000819,0,2
2024471523308,2024,471523308,2,9,0,-1,19,6,2,-1,0,3,0,0,0,0,1,1,-1,1,2,25,5,-1,-1,-1,-1,2,E01031451,0,3
2024041468126,2024,041468126,1,1,0,-1,19,7,3,-1,0,0,0,0,0,0,1,1,-1,2,1,52,8,-1,-1,-1,-1,2,E01025313,0,1
2024101513735,2024,101513735,2,1,-1,-1,19,3,1,-1,9,0,0,0,0,0,1,1,-1,6,1,-1,-1,-1,-1,-1,-1,-1,-1,0,-1
2024010491641,2024,010491641,1,3,0,99,99,9,9,99,99,9,9,99,9,99,1,1,2,2,1,25,5,-1,-1,-1,-1,3,E01001154,0,1
2024010544429,2024,010544429,2,1,0,18,19,5,1,0,0,2,0,0,0,0,3,1,1,1,1,49,8,-1,-1,-1,-1,4,E01001909,0,1
2024010535595,2024,010535595,1,1,9,99,99,9,9,99,99,9,9,99,9,99,1,1,6,6,1,22,5,-1,-1,-1,-1,4,E01002650,0,1
2024111481220,2024,111481220,1,99,0,-1,19,5,1,-1,0,0,0,0,0,0,1,9,-1,6,3,30,6,-1,-1,-1,-1,-1,-1,0,-1
2024991473398,2024,991473398,2,1,0,-1,19,5,1,-1,0,0,0,0,0,0,1,1,-1,9,1,54,8,-1,-1,-1,-1,10,-1,0,3
2024010531373,2024,010531373,2,1,0,5,5,5,1,5,5,1,0,0,0,0,1,1,2,2,2,29,6,-1,-1,-1,-1,7,E01003283,0,1
2024610050924,2024,610050924,2,9,0,18,19,1,5,0,0,0,1,0,0,0,1,1,6,6,3,-1,-1,-1,-1,-1,-1,-1,-1,0,-1
2024010494467,2024,010494467,2,19,0,18,19,3,7,0,0,6,0,0,0,0,1,1,1,1,1,50,8,-1,-1,-1,-1,3,E01002771,0,3
2024231491912,2024,231491912,2,90,0,-1,19,2,6,-1,0,0,0,0,0,0,1,9,-1,9,1,10,2,-1,-1,-1,-1,10,E01035037,0,1
2024201518995,2024,201518995,2,1,0,-1,19,5,1,-1,0,8,0,0,0,0,2,1,-1,6,1,12,3,-1,-1,-1,-1,1,E01009297,0,1
2024010544921,2024,010544921,2,-1,0,18,19,7,3,0,0,2,0,0,0,0,1,1,6,6,1,38,7,-1,-1,-1,-1,2,E01001428,1,1
2024141430807,2024,141430807,2,9,0,-1,9,1,8,-1,0,1,0,0,0,0,1,1,-1,6,1,-1,-1,-1,-1,-1,-1,-1,-1,0,-1
2024211533760,2024,211533760,1,1,0,-1,19,3,7,-1,0,6,0,0,0,0,2,1,-1,6,1,17,4,-1,-1,-1,-1,7,E01010553,0,1
2024131481106,2024,131481106,1,11,0,-1,19,1,5,-1,0,8,0,0,0,0,0,1,-1,1,1,27,6,-1,-1,-1,-1,1,E01010845,0,3
2024010530796,2024,010530796,1,1,9,99,99,9,9,99,99,9,9,99,9,99,1,1,6,6,3,-1,-1,-1,-1,-1,-1,-1,-1,0,-1
2024201472980,2024,201472980,2,1,0,-1,5,1,2,-1,0,0,0,0,0,0,2,1,-1,1,1,20,4,-1,-1,-1,-1,4,E01009620,0,1
2024522401761,2024,522401761,1,9,0,1,1,9,9,0,0,8,0,0,0,0,1,1,6,6,3,-1,-1,-1,-1,-1,-1,-1,-1,0,-1
2024302400605,2024,302400605,3,19,0,2,2,0,0,0,0,1,0,0,0,0,0,1,6,6,3,-1,-1,-1,-1,-1,-1,-1,-1,0,-1
2024010490506,2024,010490506,2,1,0,18,19,6,2,0,0,8,0,0,0,0,3,1,6,6,1,20,4,-1,-1,-1,-1,5,E01035486,0,1
2024320335193,2024,320335193,1,9,0,-1,-1,6,2,0,0,1,0,0,0,0,1,1,6,6,3,-1,-1,-1,-1,-1,-1,-1,-1,0,-1
2024101491949,2024,101491949,1,9,0,-1,19,1,5,-1,0,0,0,0,0,0,1,9,-1,6,3,-1,-1,-1,-1,-1,-1,-1,-1,0,-1
2024311503997,2024,311503997,1,22,0,-1,19,5,2,-1,0,0,0,0,0,0,4,1,-1,9,1,88,11,-1,-1,-1,-1,2,E01013907,0,1
2024010529395,2024,010529395,2,1,0,18,19,3,7,0,0,1,0,0,0,0,0,1,6,6,2,32,6,-1,-1,-1,-1,2,E01004068,0,1
2024010543243,2024,010543243,1,1,9,99,99,9,9,99,99,1,9,99,9,99,1,1,2,2,1,35,6,-1,-1,-1,-1,2,E01001877,0,1
2024471438010,2024,471438010,2,90,0,-1,19,2,4,-1,0,0,0,0,0,0,1,9,-1,6,1,35,6,-1,-1,-1,-1,10,E01031646,0,2
2024332400157,2024,332400157,2,9,0,-1,19,3,7,-1,0,0,0,0,0,0,1,1,-1,6,3,-1,-1,-1,-1,-1,-1,-1,-1,0,-1
2024131543335,2024,131543335,2,1,0,-1,19,1,1,-1,0,1,0,0,0,0,1,1,-1,2,1,42,7,-1,-1,-1,-1,2,E01011236,0,1
2024451480006,2024,451480006,1,1,0,-1,19,1,5,-1,0,0,5,0,0,0,0,1,-1,9,1,80,11,-1,-1,-1,-1,10,E01030998,0,1
2024520401739,2024,520401739,1,20,0,16,19,2,1,0,0,1,0,0,0,0,1,1,6,6,1,27,6,-1,-1,-1,-1,8,E01029194,0,3
2024430432068,2024,430432068,1,9,0,18,19,3,1,0,0,6,0,0,0,0,1,1,6,6,1,74,10,-1,-1,-1,-1,6,E01028638,0,1
2024610017224,2024,610017224,1,9,0,4,4,7,3,0,0,0,2,12,7,11,3,1,1,1,2,57,9,-1,-1,-1,-1,1,W01001479,0,1
2024311474519,2024,311474519,2,1,0,-1,19,1,5,-1,0,0,1,10,7,0,3,1,-1,6,1,15,3,-1,-1,-1,-1,-1,-1,0,-1
2024010488039,2024,010488039,2,9,0,4,4,7,3,1,1,2,0,0,0,0,3,1,6,6,1,46,8,-1,-1,-1,-1,5,E01000519,0,1
2024010545269,2024,010545269,1,9,0,6,6,5,5,0,0,0,0,0,0,0,1,1,6,6,3,-1,-1,-1,-1,-1,-1,-1,-1,0,-1
2024010540703,2024,010540703,2,9,0,99,99,9,9,99,99,9,9,99,9,99,9,9,6,6,3,-1,-1,-1,-1,-1,-1,-1,-1,0,-1
2024332400838,2024,332400838,2,1,0,-1,19,3,7,-1,0,8,0,0,0,0,1,1,-1,6,1,57,9,-1,-1,-1,-1,10,E01025741,0,1
2024070890948,2024,070890948,2,9,0,-1,19,5,1,-1,0,0,0,0,0,0,1,1,-1,9,2,56,9,-1,-1,-1,-1,7,E01018670,0,1
2024010548397,2024,010548397,1,1,9,99,99,9,9,99,99,9,9,99,9,99,1,1,6,6,1,24,5,-1,-1,-1,-1,3,E01001784,0,1
2024421440228,2024,421440228,1,9,0,-1,1,3,7,-1,5,1,0,0,0,0,2,1,-1,6,1,40,7,-1,-1,-1,-1,5,E01021769,0,2
2024520402606,2024,520402606,2,1,0,18,19,7,3,0,0,0,0,0,0,0,1,1,6,6,1,50,8,-1,-1,-1,-1,-1,-1,0,-1
2024010529706,2024,010529706,1,9,0,3,3,5,1,0,0,0,0,0,0,0,4,1,1,1,1,68,10,-1,-1,-1,-1,-1,-1,0,-1
2024041480123,2024,041480123,2,9,0,-1,19,5,1,-1,0,0,5,0,0,0,3,1,-1,9,2,60,9,-1,-1,-1,-1,8,E01025108,0,1
2024501445451,2024,501445451,2,1,-1,-1,19,1,5,-1,0,8,5,0,0,0,4,1,-1,6,1,40,7,-1,-1,-1,-1,8,E01015098,0,1
2024010487555,2024,010487555,2,9,0,2,2,0,0,0,0,2,0,0,0,0,3,1,6,6,3,-1,-1,-1,-1,-1,-1,-1,-1,0,-1
2024010487375,2024,010487375,1,9,0,18,19,3,7,0,0,0,0,0,0,0,2,1,1,1,1,47,8,-1,-1,-1,-1,5,E01016065,0,4
2024010514352,2024,010514352,1,9,0,18,19,1,5,0,0,2,0,0,0,0,1,1,1,1,1,59,9,-1,-1,-1,-1,2,E01002784,0,2
2024201439311,2024,201439311,1,9,0,-1,19,4,8,-1,0,0,0,0,0,0,1,1,-1,6,1,30,6,-1,-1,-1,-1,-1,-1,0,-1
2024201509389,2024,201509389,1,9,0,-1,19,1,5,-1,0,5,0,0,0,0,1,9,-1,6,3,-1,-1,-1,-1,-1,-1,-1,-1,0,-1
2024010492788,2024,010492788,2,9,0,99,99,9,9,99,99,9,9,99,9,99,2,9,6,6,3,56,9,-1,-1,-1,-1,5,E01000375,0,1
2024061504389,2024,061504389,2,-1,0,-1,19,3,7,-1,0,0,0,0,0,0,3,1,-1,6,1,35,6,-1,-1,-1,-1,-1,-1,1,-1
2024610014124,2024,610014124,1,5,0,18,19,3,7,0,0,1,0,0,0,0,1,1,6,6,1,25,5,-1,-1,-1,-1,2,W01001663,0,1
2024451485456,2024,451485456,1,90,0,-1,13,5,1,-1,0,1,0,0,0,0,1,1,-1,9,1,19,4,-1,-1,-1,-1,9,E01030696,0,1
2024471444793,2024,471444793,2,1,0,-1,19,5,1,-1,0,1,0,11,0,0,1,1,-1,9,1,46,8,-1,-1,-1,-1,4,E01024831,0,4
2024010494868,2024,010494868,1,3,0,99,99,9,9,99,99,9,9,99,9,99,9,1,1,1,1,29,6,-1,-1,-1,-1,6,E01003085,0,1
2024471515389,2024,471515389,2,1,-1,-1,19,5,2,-1,0,1,0,0,0,0,0,1,-1,6,1,71,10,-1,-1,-1,-1,8,E01021147,0,1
2024010491966,2024,010491966,2,19,0,9,9,2,7,0,0,0,0,0,0,0,3,1,6,6,1,59,9,-1,-1,-1,-1,2,E01021273,0,3
2024231412107,2024,231412107,2,9,0,-1,10,8,5,-1,0,1,0,0,0,0,2,9,-1,9,2,27,6,-1,-1,-1,-1,2,E01031092,0,1
2024010487331,2024,010487331,1,90,0,99,99,9,9,99,99,9,9,99,9,99,2,9,6,6,1,58,9,-1,-1,-1,-1,9,E01001274,0,1
2024010503503,2024,010503503,2,9,0,3,3,3,7,0,0,1,0,0,0,0,1,2,2,2,1,25,5,-1,-1,-1,-1,2,E01002032,0,1
2024501507850,2024,501507850,2,1,0,-1,4,4,8,-1,9,1,0,0,0,0,1,1,-1,7,2,6,2,-1,-1,-1,-1,2,E01020015,0,1
2024351535073,2024,351535073,1,9,-1,-1,9,3,7,-1,0,6,1,0,0,0,1,9,-1,6,1,-1,-1,-1,-1,-1,-1,-1,-1,0,-1
202460Q171961,2024,60Q171961,1,9,0,18,19,5,1,0,0,7,0,0,0,0,4,1,6,6,3,-1,-1,-1,-1,-1,-1,-1,-1,0,-1
2024010516747,2024,010516747,1,1,0,18,19,2,6,0,0,8,0,0,0,0,1,1,2,2,1,28,6,-1,-1,-1,-1,6,E01034580,0,2
2024010517207,2024,010517207,1,9,0,18,19,1,5,0,0,1,0,0,0,0,1,1,6,6,3,-1,-1,-1,-1,-1,-1,-1,-1,0,-1
2024010496462,2024,010496462,2,1,0,18,19,1,5,0,0,1,0,0,0,0,2,1,6,6,2,40,7,-1,-1,-1,-1,1,E01004199,0,1
2024010492592,2024,010492592,1,1,9,99,99,9,9,99,99,9,9,99,9,99,1,1,2,2,1,17,4,-1,-1,-1,-1,4,E01001444,0,1
2024010503306,2024,010503306,1,1,0,18,19,7,3,4,4,8,0,0,0,0,3,1,2,2,1,31,6,-1,-1,-1,-1,3,E01003126,0,1
2024010521807,2024,010521807,2,19,0,99,99,9,9,99,99,2,9,99,9,99,9,9,6,6,3,30,6,-1,-1,-1,-1,3,E01003564,0,2
2024411437774,2024,411437774,1,9,-1,-1,5,3,7,-1,0,6,0,0,0,0,3,9,-1,6,1,-1,-1,-1,-1,-1,-1,-1,-1,0,-1
2024201412529,2024,201412529,1,9,0,-1,9,8,4,-1,0,5,0,0,0,0,1,9,-1,6,1,-1,-1,-1,-1,-1,-1,-1,-1,0,-1
2024610016124,2024,610016124,1,9,0,18,19,8,6,0,0,8,0,0,0,0,1,1,6,6,1,24,5,-1,-1,-1,-1,3,W01001402,0,1
2024221527938,2024,221527938,1,-1,0,-1,19,7,3,-1,9,8,0,0,0,0,1,1,-1,9,1,14,3,-1,-1,-1,-1,8,E01032299,1,1
2024610001424,2024,610001424,3,19,0,18,19,2,6,0,0,0,0,0,5,6,1,1,1,1,1,28,6,-1,-1,-1,-1,6,W01001472,0,4
2024010545148,2024,010545148,2,19,0,9,9,5,3,0,0,5,0,0,0,0,1,1,1,1,1,37,7,-1,-1,-1,-1,4,E01002487,0,2
2024201396736,2024,201396736,2,1,0,-1,19,6,2,-1,0,4,2,0,0,0,1,1,-1,9,2,78,11,-1,-1,-1,-1,5,E01009179,0,1
2024340NN3132,2024,340NN3132,1,9,0,-1,20,5,1,-1,0,1,0,0,0,0,1,1,-1,6,2,-1,-1,-1,-1,-1,-1,-1,-1,0,-1
2024461530550,2024,461530550,2,1,0,-1,19,2,6,-1,0,8,0,0,0,0,4,1,-1,2,1,21,5,-1,-1,-1,-1,4,E01016163,0,1
2024010492445,2024,010492445,1,9,0,18,19,7,3,0,0,8,0,0,0,0,1,1,6,6,1,57,9,-1,-1,-1,-1,6,E01002724,0,1
2024010515022,2024,010515022,2,19,0,18,19,7,3,0,0,0,0,0,0,0,1,1,6,6,3,-1,-1,-1,-1,-1,-1,-1,-1,0,-1
2024070402783,2024,070402783,1,9,0,18,19,3,7,0,0,0,0,0,0,0,1,1,6,6,3,-1,-1,-1,-1,-1,-1,-1,-1,0,-1
2024351449484,2024,351449484,2,1,-1,-1,-1,-1,-1,-1,-1,0,-1,-1,-1,0,3,1,-1,2,1,36,7,-1,-1,-1,-1,2,E01015608,0,1
2024320703802,2024,320703802,2,1,0,-1,-1,6,2,0,0,8,5,0,0,0,4,1,6,6,1,24,5,-1,-1,-1,-1,1,E01026152,0,1
2024041530524,2024,041530524,1,9,0,-1,19,3,7,-1,0,0,0,0,7,0,1,1,-1,9,1,33,6,-1,-1,-1,-1,7,E01025507,0,1
2024501426302,2024,501426302,2,23,0,-1,19,7,3,-1,0,8,5,0,0,0,1,1,-1,6,1,41,7,-1,-1,-1,-1,1,E01015080,0,1
2024010514042,2024,010514042,1,8,0,9,9,1,7,0,0,2,0,0,0,0,1,1,1,1,1,45,7,-1,-1,-1,-1,5,E01003217,0,1
2024211496970,2024,211496970,2,22,0,-1,5,1,5,-1,0,0,0,0,0,0,-1,1,-1,9,1,73,10,-1,-1,-1,-1,-1,-1,0,-1
2024302400836,2024,302400836,1,9,0,1,1,7,3,0,0,8,0,0,0,0,2,1,2,2,1,30,6,-1,-1,-1,-1,4,E01019491,0,1
2024549184024,2024,549184024,1,9,0,4,4,4,8,0,0,1,0,0,0,0,1,1,1,1,1,54,8,-1,-1,-1,-1,-1,-1,0,-1
2024631429219,2024,631429219,1,9,0,-1,12,2,6,-1,0,0,0,0,7,7,1,1,-1,9,1,27,6,-1,-1,-1,-1,8,W01000554,0,4
2024430606279,2024,430606279,1,9,0,7,7,8,2,0,0,6,0,0,0,0,1,1,6,6,1,60,9,-1,-1,-1,-1,-1,-1,0,-1
2024522401906,2024,522401906,2,97,0,18,19,9,9,0,0,0,0,0,0,0,1,1,6,6,3,-1,-1,-1,-1,-1,-1,-1,-1,0,-1
2024041471904,2024,041471904,1,1,0,-1,19,7,3,-1,0,1,0,0,0,0,1,1,-1,9,1,18,4,-1,-1,-1,-1,5,E01025231,0,1
2024361495660,2024,361495660,2,1,0,-1,19,7,3,-1,0,8,0,0,0,0,1,1,-1,9,1,33,6,-1,-1,-1,-1,7,E01026928,0,2
2024231447575,2024,231447575,1,1,0,-1,19,2,5,-1,0,8,1,0,0,0,0,1,-1,9,2,42,7,-1,-1,-1,-1,6,E01010221,0,2
2024461411921,2024,461411921,1,9,0,-1,9,2,3,-1,0,2,0,0,0,0,3,9,-1,6,3,-1,-1,-1,-1,-1,-1,-1,-1,0,-1
2024340NN4322,2024,340NN4322,2,9,0,-1,9,3,1,-1,0,3,0,0,0,0,4,1,-1,9,2,44,7,-1,-1,-1,-1,3,E01027038,0,1
2024010549631,2024,010549631,2,1,0,18,19,6,2,0,0,1,0,0,0,0,4,1,2,2,1,36,7,-1,-1,-1,-1,5,E01000038,0,1
2024010537071,2024,010537071,2,9,0,99,99,9,9,99,99,9,9,99,9,99,1,9,6,6,1,26,6,-1,-1,-1,-1,3,E01004402,0,2
2024131464395,2024,131464395,1,1,0,-1,19,2,2,-1,0,6,0,0,0,0,0,1,-1,9,1,49,8,-1,-1,-1,-1,1,E01011431,0,1
2024320751165,2024,320751165,1,9,0,14,14,2,6,0,0,0,0,0,0,0,3,1,6,6,1,43,7,-1,-1,-1,-1,4,E01026366,0,4
2024610021124,2024,610021124,1,-1,0,18,19,4,8,0,0,0,0,0,0,0,1,1,6,6,1,27,6,-1,-1,-1,-1,3,W01001605,1,1
2024010487674,2024,010487674,2,1,9,99,99,9,9,99,99,0,9,99,9,99,0,1,6,6,2,-1,-1,-1,-1,-1,-1,2,E01035677,0,1
2024010542039,2024,010542039,2,1,0,18,19,5,1,0,0,1,0,0,0,0,1,1,2,2,1,54,8,-1,-1,-1,-1,4,E01001015,0,3
2024311467974,2024,311467974,2,1,0,-1,5,2,6,-1,0,1,0,0,0,0,1,1,-1,6,1,20,4,-1,-1,-1,-1,1,E01013948,0,1
2024101569025,2024,101569025,1,9,0,-1,19,2,6,-1,0,2,0,0,0,0,3,1,-1,6,2,25,5,-1,-1,-1,-1,2,E01008719,0,4
2024161484612,2024,161484612,3,16,0,-1,19,7,3,-1,0,0,0,0,0,0,2,1,-1,9,1,62,9,-1,-1,-1,-1,6,E01012937,0,1
2024201522205,2024,201522205,2,23,0,-1,19,1,2,-1,0,0,0,0,0,0,4,1,-1,6,2,-1,-1,-1,-1,-1,-1,-1,-1,0,-1
2024061403757,2024,061403757,1,20,0,-1,19,7,3,-1,0,0,0,0,0,0,1,9,-1,6,1,-1,-1,-1,-1,-1,-1,-1,-1,0,-1
2024010491358,2024,010491358,2,9,0,2,2,0,0,0,0,1,0,0,0,0,1,1,6,6,3,-1,-1,-1,-1,-1,-1,-1,-1,0,-1
2024520001693,2024,520001693,2,9,0,18,19,5,3,0,0,8,0,0,0,0,1,1,6,6,3,-1,-1,-1,-1,-1,-1,-1,-1,0,-1
202460Q179287,2024,60Q179287,4,17,4,18,19,3,7,0,0,0,0,0,0,0,0,1,1,1,1,40,7,-1,-1,-1,-1,-1,-1,0,-1
2024010491438,2024,010491438,1,5,0,99,99,9,9,99,99,9,9,99,9,99,9,1,6,6,1,44,7,-1,-1,-1,-1,3,E01002235,0,2
2024010496031,2024,010496031,2,1,0,18,19,1,5,0,0,8,0,0,0,0,4,1,6,6,1,23,5,-1,-1,-1,-1,-1,-1,0,-1
2024361440367,2024,361440367,1,9,0,-1,4,-1,-1,-1,-1,-1,0,0,0,0,1,9,-1,6,2,-1,-1,-1,-1,-1,-1,-1,-1,0,-1
2024451532590,2024,451532590,2,90,0,-1,19,2,6,-1,9,1,5,0,0,0,1,1,-1,6,1,38,7,-1,-1,-1,-1,9,E01030692,0,1
2024010491141,2024,010491141,2,9,9,99,99,9,9,99,99,9,9,99,9,99,9,9,6,6,3,-1,-1,-1,-1,-1,-1,-1,-1,0,-1
2024131428834,2024,131428834,1,9,0,-1,19,5,1,-1,0,0,0,0,0,0,1,1,-1,1,1,33,6,-1,-1,-1,-1,4,E01010664,0,2
2024041489225,2024,041489225,2,1,0,-1,19,3,7,-1,0,1,0,0,0,0,1,1,-1,6,1,6,2,-1,-1,-1,-1,1,E01024906,0,1
2024101456558,2024,101456558,1,9,0,-1,19,3,7,-1,0,0,0,0,0,0,4,1,-1,9,2,17,4,-1,-1,-1,-1,9,E01008556,0,1
2024461496010,2024,461496010,1,21,-1,-1,12,7,7,-1,0,0,0,0,0,0,3,9,-1,2,1,-1,-1,-1,-1,-1,-1,-1,-1,0,-1
2024411423066,2024,411423066,2,9,0,-1,3,1,5,-1,0,1,0,0,0,0,2,1,-1,9,2,44,7,-1,-1,-1,-1,8,E01000258,0,1
2024320546164,2024,320546164,1,9,0,-1,-1,8,4,0,0,1,0,0,0,0,1,1,1,1,1,50,8,-1,-1,-1,-1,3,E01026043,0,1
2024340NN9052,2024,340NN9052,2,17,0,-1,19,1,5,-1,0,0,0,0,0,0,3,1,-1,1,1,28,6,-1,-1,-1,-1,5,E01028897,0,5
2024430524952,2024,430524952,2,9,0,4,4,7,3,-1,-1,0,0,0,0,0,2,1,2,2,2,19,4,-1,-1,-1,-1,7,E01016739,0,1
2024991484040,2024,991484040,1,9,0,-1,5,2,6,-1,0,6,0,0,0,0,1,2,-1,1,1,63,9,-1,-1,-1,-1,7,-1,0,1
2024371421528,2024,371421528,1,9,0,-1,19,1,5,-1,0,8,0,0,0,0,1,1,-1,2,1,41,7,-1,-1,-1,-1,3,E01000057,0,5
2024010486915,2024,010486915,1,9,0,5,5,7,3,0,0,3,0,0,0,0,4,1,6,6,1,43,7,-1,-1,-1,-1,5,E01000067,0,1
2024131533806,2024,131533806,1,9,0,-1,19,1,5,-1,0,0,1,10,0,0,1,1,-1,9,1,28,6,-1,-1,-1,-1,1,E01011318,0,1
2024131493491,2024,131493491,1,9,0,-1,-1,-1,-1,-1,-1,6,-1,-1,-1,0,-1,1,-1,6,3,-1,-1,-1,-1,-1,-1,-1,-1,0,-1
2024061397502,2024,061397502,1,9,-1,-1,19,-1,-1,-1,0,0,0,0,0,0,-1,9,-1,6,2,27,6,-1,-1,-1,-1,5,E01033660,0,1
2024351471007,2024,351471007,1,97,-1,-1,-1,-1,-1,-1,-1,-1,-1,-1,-1,0,-1,1,-1,6,1,-1,-1,-1,-1,-1,-1,-1,-1,0,-1
2024101518580,2024,101518580,1,17,0,-1,9,4,2,-1,0,5,0,0,0,0,3,1,-1,1,1,65,9,-1,-1,-1,-1,6,E01027511,0,1
2024430037288,2024,430037288,1,97,0,18,19,3,7,0,0,8,0,0,0,0,4,1,1,1,1,23,5,-1,-1,-1,-1,-1,-1,0,-1
2024131463168,2024,131463168,1,1,0,-1,19,3,7,-1,0,8,0,0,0,0,1,1,-1,9,1,65,9,-1,-1,-1,-1,6,E01011214,0,2
2024991411123,2024,991411123,1,9,0,-1,13,1,5,-1,0,0,1,0,7,0,3,1,-1,6,1,32,6,-1,-1,-1,-1,10,-1,0,3
2024461513751,2024,461513751,1,98,1,-1,13,1,5,-1,0,1,0,0,0,0,4,9,-1,6,3,-1,-1,-1,-1,-1,-1,-1,-1,0,-1
2024131461979,2024,131461979,1,97,0,-1,19,1,1,-1,0,0,1,10,1,2,1,1,-1,6,1,27,6,-1,-1,-1,-1,1,E01010666,0,2
2024010495473,2024,010495473,2,9,0,3,3,5,1,0,0,0,0,0,0,0,2,1,2,2,2,57,9,-1,-1,-1,-1,4,E01003062,0,1
2024201439564,2024,201439564,1,1,0,-1,19,1,4,-1,0,0,0,0,0,0,3,1,-1,6,1,15,3,-1,-1,-1,-1,-1,-1,0,-1