collision_index,collision_year,collision_ref_no,vehicle_reference,vehicle_type,towing_and_articulation,vehicle_manoeuvre_historic,vehicle_manoeuvre,vehicle_direction_from,vehicle_direction_to,vehicle_location_restricted_lane_historic,vehicle_location_restricted_lane,junction_location,skidding_and_overturning,hit_object_in_carriageway,vehicle_leaving_carriageway,hit_object_off_carriageway,first_point_of_impact,vehicle_left_hand_drive,journey_purpose_of_driver_historic,journey_purpose_of_driver,sex_of_driver,age_of_driver,age_band_of_driver,engine_capacity_cc,propulsion_code,age_of_vehicle,generic_make_model,driver_imd_decile,lsoa_of_driver,escooter_flag,driver_distance_banding
2024041518714,2024,041518714,1,9,0,-1,9,1,5,-1,0,1,0,0,0,0,1,1,-1,7,1,31,6,-1,-1,-1,-1,8,E01012583,0,1
2024010495878,2024,010495878,2,9,0,99,99,9,9,99,99,9,9,99,9,99,9,9,6,6,3,-1,-1,-1,-1,-1,-1,-1,-1,0,-1
2024211453076,2024,211453076,1,9,0,-1,7,3,8,-1,0,5,1,7,2,0,1,1,-1,9,1,23,5,-1,-1,-1,-1,9,E01032421,0,4
2024131526331,2024,131526331,2,1,0,-1,19,5,5,-1,0,0,0,0,0,0,1,1,-1,1,1,44,7,-1,-1,-1,-1,1,E01011838,0,1
2024440267889,2024,440267889,2,9,0,18,19,1,5,0,0,8,0,0,0,0,1,1,2,2,1,27,6,-1,-1,-1,-1,7,E01035448,0,1
2024430384776,2024,430384776,1,3,0,14,14,7,3,0,0,0,0,0,0,0,1,1,1,1,1,29,6,-1,-1,-1,-1,5,E01001570,0,4
2024010493257,2024,010493257,1,9,0,18,19,7,3,0,0,0,0,0,0,0,1,1,6,6,1,34,6,-1,-1,-1,-1,3,E01023538,0,3
2024430035745,2024,430035745,2,1,0,18,19,7,3,0,0,1,0,0,0,0,1,1,6,6,1,45,7,-1,-1,-1,-1,-1,-1,0,-1
2024340WN5862,2024,340WN5862,2,9,0,-1,3,6,2,-1,0,0,0,0,0,0,2,1,-1,9,2,29,6,-1,-1,-1,-1,2,E01027178,0,1
2024211528859,2024,211528859,2,20,0,-1,19,-1,-1,-1,0,0,9,0,0,0,3,2,-1,6,3,-1,-1,-1,-1,-1,-1,-1,-1,0,-1
2024010502685,2024,010502685,2,9,0,5,5,1,5,0,0,6,0,0,0,0,3,2,6,6,1,35,6,-1,-1,-1,-1,2,E01000661,0,1
2024010508318,2024,010508318,2,9,0,18,19,1,5,0,0,8,0,0,0,0,1,1,1,1,1,46,8,-1,-1,-1,-1,6,E01034589,0,1
2024131474065,2024,131474065,1,9,0,-1,12,5,1,-1,0,0,1,7,1,0,3,1,-1,2,1,50,8,-1,-1,-1,-1,1,E01010731,0,2
2024430004314,2024,430004314,1,9,0,10,10,2,8,0,0,1,0,0,0,0,2,1,6,6,3,-1,-1,-1,-1,-1,-1,-1,-1,0,-1
2024471443449,2024,471443449,3,9,0,-1,19,7,3,-1,0,0,0,0,0,0,3,1,-1,6,-1,-1,-1,-1,-1,-1,-1,-1,-1,0,-1
2024010514729,2024,010514729,2,1,0,18,19,8,4,0,0,8,0,0,0,0,3,1,1,1,1,38,7,-1,-1,-1,-1,5,E01033922,0,1
2024430057927,2024,430057927,1,9,0,18,19,5,1,0,0,0,0,0,0,0,1,1,6,6,1,75,10,-1,-1,-1,-1,3,E01004645,0,4
2024522401170,2024,522401170,3,9,0,8,8,2,3,0,0,5,0,0,0,0,2,1,6,6,3,-1,-1,-1,-1,-1,-1,-1,-1,0,-1
2024070877672,2024,070877672,2,9,0,-1,19,1,7,-1,0,6,0,0,0,0,4,1,-1,6,1,25,5,-1,-1,-1,-1,1,E01012424,0,1
2024320011815,2024,320011815,1,2,0,-1,-1,4,8,0,0,1,0,0,0,0,1,1,6,6,1,-1,-1,-1,-1,-1,-1,-1,-1,0,-1
2024201532925,2024,201532925,1,9,0,-1,7,4,7,-1,0,6,0,0,0,0,1,1,-1,6,3,24,5,-1,-1,-1,-1,-1,-1,0,-1
2024340NN0202,2024,340NN0202,2,1,0,-1,9,6,3,-1,0,8,0,0,0,0,4,1,-1,6,1,24,5,-1,-1,-1,-1,4,E01026956,0,1
2024010546758,2024,010546758,2,1,9,99,99,9,9,99,99,9,9,99,9,99,2,1,6,6,3,-1,-1,-1,-1,-1,-1,2,E01001787,0,1
2024302400122,2024,302400122,1,9,0,5,5,4,8,0,0,1,0,0,0,0,1,1,6,6,1,58,9,-1,-1,-1,-1,8,E01034254,0,2
2024320423010,2024,320423010,2,9,0,-1,-1,1,5,0,0,0,0,0,0,0,1,1,6,6,3,-1,-1,-1,-1,-1,-1,-1,-1,0,-1
2024010490347,2024,010490347,2,9,0,99,99,9,9,99,99,0,9,99,9,99,9,9,6,6,3,-1,-1,-1,-1,-1,-1,2,E01000604,0,3
2024052400587,2024,052400587,2,1,0,99,99,9,9,0,0,9,0,99,9,99,2,1,6,6,1,23,5,-1,-1,-1,-1,1,E01006699,0,1
2024351437775,2024,351437775,2,1,-1,-1,-1,-1,-1,-1,-1,0,-1,-1,-1,0,-1,1,-1,9,1,24,5,-1,-1,-1,-1,7,E01017989,0,1
2024101464173,2024,101464173,2,1,0,-1,5,7,2,-1,0,4,0,0,0,0,1,1,-1,9,1,71,10,-1,-1,-1,-1,2,E01008474,0,1
2024010532437,2024,010532437,2,1,0,18,19,2,6,0,0,4,0,0,0,0,1,1,2,2,1,28,6,-1,-1,-1,-1,7,E01003867,0,1
2024231463799,2024,231463799,1,-1,0,-1,19,3,7,-1,0,0,0,0,0,0,1,1,-1,6,2,33,6,-1,-1,-1,-1,6,E01031062,1,1
2024451442087,2024,451442087,2,9,-1,-1,19,1,5,-1,0,0,2,0,0,0,1,9,-1,6,3,30,6,-1,-1,-1,-1,-1,-1,0,-1
202454A735224,2024,54A735224,1,9,0,16,19,4,7,0,0,0,1,0,0,0,1,1,6,6,1,17,4,-1,-1,-1,-1,8,E01034535,0,3
2024010535357,2024,010535357,2,9,9,99,99,9,9,99,99,9,9,99,9,99,9,9,6,6,3,-1,-1,-1,-1,-1,-1,-1,-1,0,-1
2024010524736,2024,010524736,2,97,0,13,13,7,3,0,0,2,0,0,0,0,1,1,6,6,3,-1,-1,-1,-1,-1,-1,-1,-1,0,-1
2024361451719,2024,361451719,2,9,0,-1,19,7,3,-1,0,1,0,0,7,0,1,1,-1,2,1,57,9,-1,-1,-1,-1,5,E01026591,0,4
2024522402247,2024,522402247,2,9,0,5,5,7,1,0,0,4,0,0,0,0,1,1,6,6,1,-1,-1,-1,-1,-1,-1,-1,-1,0,-1
2024320599128,2024,320599128,2,1,0,-1,-1,6,2,0,0,0,0,0,0,0,2,1,-1,-1,2,57,9,-1,-1,-1,-1,-1,-1,0,-1
2024010522220,2024,010522220,2,1,0,18,19,3,7,0,0,1,0,0,0,0,3,1,6,6,1,24,5,-1,-1,-1,-1,4,E01004760,0,1
2024302401610,2024,302401610,4,9,0,2,2,0,0,9,9,1,0,0,0,0,2,1,6,6,3,-1,-1,-1,-1,-1,-1,-1,-1,0,-1
2024010528335,2024,010528335,1,-1,0,7,7,5,7,0,0,1,0,0,0,0,4,1,6,6,1,54,8,-1,-1,-1,-1,2,E01003065,1,1
2024991492081,2024,991492081,1,3,0,-1,19,3,7,-1,0,1,0,0,0,0,4,1,-1,6,1,18,4,-1,-1,-1,-1,1,-1,0,1
2024131472816,2024,131472816,2,1,0,-1,19,8,4,-1,0,1,0,0,0,0,3,1,-1,6,1,61,9,-1,-1,-1,-1,2,E01010930,0,1
2024440242200,2024,440242200,2,1,0,18,19,6,2,0,0,1,0,0,0,0,1,1,6,6,1,71,10,-1,-1,-1,-1,4,E01023085,0,1
2024010507082,2024,010507082,1,2,0,17,19,7,3,0,0,1,0,0,0,0,1,1,6,6,1,-1,-1,-1,-1,-1,-1,-1,-1,0,-1
2024430530658,2024,430530658,1,9,0,18,19,8,4,0,0,4,0,0,1,2,1,1,6,6,1,37,7,-1,-1,-1,-1,8,E01010161,0,4
2024010513948,2024,010513948,2,9,0,11,11,3,7,0,0,0,0,0,0,0,4,1,6,6,1,40,7,-1,-1,-1,-1,3,E01015935,0,3
2024010493728,2024,010493728,2,9,0,18,19,1,5,0,0,4,0,0,0,0,1,1,6,6,2,84,11,-1,-1,-1,-1,-1,-1,0,-1
2024371425723,2024,371425723,1,9,0,-1,19,4,8,-1,0,0,0,0,0,0,4,1,-1,6,2,50,8,-1,-1,-1,-1,10,E01030206,0,1
2024351544974,2024,351544974,2,-1,0,-1,19,3,8,-1,0,8,0,0,0,0,4,1,-1,2,2,33,6,-1,-1,-1,-1,2,E01017948,1,1
2024501424106,2024,501424106,1,9,0,-1,19,2,6,-1,9,1,0,0,1,0,1,1,-1,6,3,-1,-1,-1,-1,-1,-1,-1,-1,0,-1
2024430530696,2024,430530696,1,9,0,7,7,4,6,0,0,8,0,0,0,0,4,1,6,6,3,-1,-1,-1,-1,-1,-1,-1,-1,0,-1
2024010492560,2024,010492560,2,3,0,15,15,6,2,4,4,8,1,0,0,0,1,1,1,1,1,36,7,-1,-1,-1,-1,8,E01004504,0,1
2024531440451,2024,531440451,3,9,0,-1,9,7,3,-1,0,2,0,0,0,0,0,9,-1,6,3,-1,-1,-1,-1,-1,-1,-1,-1,0,-1
2024010507453,2024,010507453,5,1,9,99,99,9,9,99,99,9,9,99,9,99,9,1,6,6,1,-1,-1,-1,-1,-1,-1,-1,-1,0,-1
2024351521577,2024,351521577,2,1,0,-1,19,8,4,-1,0,0,0,0,0,0,4,1,-1,2,2,38,7,-1,-1,-1,-1,10,E01018283,0,1
2024010502899,2024,010502899,2,9,0,3,3,3,7,0,0,1,0,0,0,0,1,1,6,6,3,-1,-1,-1,-1,-1,-1,-1,-1,0,-1
2024991507703,2024,991507703,2,1,0,-1,19,2,7,-1,4,1,0,0,0,0,1,1,-1,6,2,50,8,-1,-1,-1,-1,6,-1,0,1
2024010490187,2024,010490187,1,11,0,18,19,5,1,2,2,1,0,0,0,0,0,1,1,1,1,53,8,-1,-1,-1,-1,3,E01032574,0,2
2024010512160,2024,010512160,2,1,0,18,19,2,6,0,0,8,5,0,0,0,3,1,6,6,1,42,7,-1,-1,-1,-1,7,E01000196,0,1
2024430048536,2024,430048536,1,1,0,18,19,5,1,0,0,8,0,0,0,0,3,1,6,6,1,77,11,-1,-1,-1,-1,10,E01017739,0,1
2024201433412,2024,201433412,1,9,0,-1,4,5,1,-1,0,1,0,0,0,0,1,1,-1,6,3,18,4,-1,-1,-1,-1,-1,-1,0,-1
2024161427513,2024,161427513,1,-1,0,-1,19,7,3,-1,9,0,0,0,0,0,1,1,-1,6,3,-1,-1,-1,-1,-1,-1,-1,-1,1,-1
2024010497157,2024,010497157,2,9,0,99,99,9,9,99,99,9,9,99,9,99,9,9,6,6,3,-1,-1,-1,-1,-1,-1,-1,-1,0,-1
2024201528796,2024,201528796,1,9,0,-1,19,3,7,-1,0,1,0,0,0,0,1,1,-1,6,1,43,7,-1,-1,-1,-1,7,E01025743,0,4
2024010543281,2024,010543281,2,1,0,18,19,3,7,0,0,1,0,0,0,0,1,1,6,6,2,31,6,-1,-1,-1,-1,4,E01034028,0,2
2024302400176,2024,302400176,2,21,1,17,19,6,2,0,0,1,0,0,0,0,1,1,1,1,1,57,9,-1,-1,-1,-1,7,E01019716,0,1
2024201501332,2024,201501332,2,18,-1,-1,19,4,8,-1,0,0,0,0,0,0,1,1,-1,6,1,53,8,-1,-1,-1,-1,2,E01034312,0,1
2024061467733,2024,061467733,2,1,0,-1,15,8,2,-1,0,1,0,0,0,0,1,1,-1,1,1,-1,-1,-1,-1,-1,-1,1,E01005081,0,2
2024161407369,2024,161407369,2,1,0,-1,9,1,3,-1,0,8,0,0,0,0,1,1,-1,6,2,45,7,-1,-1,-1,-1,6,E01012771,0,1
2024451398343,2024,451398343,2,9,0,-1,19,1,5,-1,0,0,0,0,0,0,1,9,-1,6,1,36,7,-1,-1,-1,-1,-1,-1,0,-1
2024010493765,2024,010493765,1,8,0,99,99,9,9,99,99,9,9,99,9,99,2,9,2,2,1,60,9,-1,-1,-1,-1,3,E01004183,0,1
2024141394832,2024,141394832,1,1,0,-1,19,1,5,-1,0,0,5,0,0,0,1,1,-1,6,1,71,10,-1,-1,-1,-1,8,E01007713,0,1
2024201548959,2024,201548959,2,8,0,-1,19,3,7,-1,0,0,0,0,0,0,3,1,-1,6,1,36,7,-1,-1,-1,-1,4,E01009188,0,1
2024111416649,2024,111416649,1,9,0,-1,2,1,5,-1,0,0,0,0,0,0,4,1,-1,6,3,30,6,-1,-1,-1,-1,-1,-1,0,-1
2024430160271,2024,430160271,1,9,0,1,1,5,1,0,0,2,0,0,0,0,2,1,6,6,1,-1,-1,-1,-1,-1,-1,-1,-1,0,-1
2024461402154,2024,461402154,1,9,0,-1,7,3,7,-1,0,0,0,0,0,0,1,9,-1,9,3,-1,-1,-1,-1,-1,-1,-1,-1,0,-1
2024010516369,2024,010516369,1,1,0,18,19,7,3,0,0,0,0,0,1,0,0,1,6,6,1,58,9,-1,-1,-1,-1,6,E01032780,0,4
2024231433509,2024,231433509,2,1,0,-1,19,1,5,-1,0,8,0,0,0,0,1,1,-1,2,2,53,8,-1,-1,-1,-1,10,E01035039,0,1
2024010527520,2024,010527520,2,1,0,18,19,6,2,0,0,8,0,0,0,0,1,1,1,1,1,17,4,-1,-1,-1,-1,6,E01003140,0,1
2024041400801,2024,041400801,2,1,0,-1,19,1,5,-1,0,0,0,0,0,0,1,1,-1,6,1,21,5,-1,-1,-1,-1,1,E01025260,0,1
2024010530283,2024,010530283,2,1,0,18,19,5,1,0,0,1,0,0,0,0,1,1,1,1,1,22,5,-1,-1,-1,-1,3,E01004260,0,2
2024520400349,2024,520400349,2,3,0,18,19,7,3,0,0,8,0,0,0,0,1,1,6,6,2,27,6,-1,-1,-1,-1,6,E01014480,0,4
2024401507346,2024,401507346,1,9,0,-1,19,5,1,-1,0,0,0,0,0,0,-1,9,-1,6,3,-1,-1,-1,-1,-1,-1,-1,-1,0,-1
2024061471620,2024,061471620,3,4,0,-1,19,7,3,-1,0,0,0,0,0,0,0,1,-1,6,1,-1,-1,-1,-1,-1,-1,-1,-1,0,-1
2024010489854,2024,010489854,1,3,0,99,99,9,9,99,99,0,9,99,9,99,1,1,1,1,1,30,6,-1,-1,-1,-1,1,E01000596,0,3
2024371414723,2024,371414723,2,1,0,-1,19,3,7,-1,0,8,0,0,0,0,4,1,-1,6,1,57,9,-1,-1,-1,-1,4,E01030267,0,1
2024471518083,2024,471518083,2,1,0,-1,19,1,5,-1,0,8,0,0,0,0,2,1,-1,6,1,31,6,-1,-1,-1,-1,8,E01031814,0,1
2024552400522,2024,552400522,2,19,0,10,10,2,7,0,0,5,0,0,0,0,2,1,1,1,1,35,6,-1,-1,-1,-1,4,E01015327,0,1
2024430380410,2024,430380410,2,8,0,4,4,2,6,0,0,1,0,0,0,0,2,1,1,1,1,43,7,-1,-1,-1,-1,5,E01016566,0,1
2024061417057,2024,061417057,1,9,0,-1,19,4,8,-1,0,0,0,0,0,0,1,9,-1,6,1,-1,-1,-1,-1,-1,-1,3,E01005355,0,1
2024401538975,2024,401538975,1,98,0,-1,19,5,1,-1,0,0,0,0,0,0,1,2,-1,6,1,-1,-1,-1,-1,-1,-1,8,E01034254,0,5
2024552500044,2024,552500044,1,9,0,18,19,7,3,0,0,6,0,0,0,0,1,1,6,6,1,53,8,-1,-1,-1,-1,8,E01020474,0,1
2024010526392,2024,010526392,2,9,0,99,99,9,9,99,99,9,9,99,9,99,1,9,6,6,3,-1,-1,-1,-1,-1,-1,-1,-1,0,-1
2024141412193,2024,141412193,2,9,0,-1,7,5,7,-1,0,8,0,0,0,0,3,1,-1,2,1,31,6,-1,-1,-1,-1,4,E01008136,0,2
2024010549687,2024,010549687,1,1,9,99,99,9,9,99,99,9,9,99,9,99,1,1,6,6,1,30,6,-1,-1,-1,-1,3,E01003079,0,1
2024010533869,2024,010533869,1,9,0,99,99,9,9,99,99,9,9,99,9,99,1,9,6,6,3,-1,-1,-1,-1,-1,-1,-1,-1,0,-1
2024010500127,2024,010500127,2,9,0,13,13,8,4,0,0,0,0,0,0,0,1,1,6,6,3,-1,-1,-1,-1,-1,-1,-1,-1,0,-1
2024010490934,2024,010490934,1,9,0,99,99,9,9,99,99,9,9,99,9,99,9,9,6,6,1,26,6,-1,-1,-1,-1,9,E01030761,0,4
2024010496281,2024,010496281,1,9,0,4,4,6,2,0,0,1,0,4,0,0,1,1,6,6,2,48,8,-1,-1,-1,-1,2,E01004539,0,2
2024211499892,2024,211499892,1,9,-1,-1,12,7,3,-1,0,0,0,0,0,0,1,9,-1,6,3,-1,-1,-1,-1,-1,-1,-1,-1,0,-1
2024010502692,2024,010502692,2,9,0,99,99,9,9,99,99,9,9,99,9,99,2,9,6,6,3,-1,-1,-1,-1,-1,-1,-1,-1,0,-1
2024461480323,2024,461480323,1,5,0,-1,19,2,3,-1,0,0,1,0,0,0,1,1,-1,9,1,63,9,-1,-1,-1,-1,7,E01032822,0,1
2024010512307,2024,010512307,1,90,0,18,19,1,5,0,0,0,0,0,0,0,3,1,2,2,1,44,7,-1,-1,-1,-1,2,E01003047,0,1
2024531434647,2024,531434647,1,9,0,-1,19,3,7,-1,0,0,0,0,0,0,1,1,-1,2,1,33,6,-1,-1,-1,-1,4,E01032430,0,4
2024440446540,2024,440446540,1,1,0,4,4,7,3,0,0,8,-1,0,0,0,3,1,6,6,2,13,3,-1,-1,-1,-1,4,E01023120,0,1
2024631535349,2024,631535349,2,1,0,-1,19,2,6,-1,-1,8,0,0,0,0,1,1,-1,6,1,13,3,-1,-1,-1,-1,6,W01000664,0,1
2024141431866,2024,141431866,2,9,0,-1,19,5,7,-1,0,3,0,0,0,0,2,9,-1,6,3,24,5,-1,-1,-1,-1,-1,-1,0,-1
2024011437269,2024,011437269,1,11,0,-1,19,5,1,-1,0,0,0,0,0,0,1,1,-1,1,1,70,10,-1,-1,-1,-1,-1,-1,0,-1
2024010528302,2024,010528302,1,1,9,99,99,9,9,99,99,9,9,99,9,99,9,1,2,2,1,41,7,-1,-1,-1,-1,8,E01030991,0,4
2024311449657,2024,311449657,1,1,0,-1,19,2,6,-1,0,1,1,0,0,0,1,1,-1,6,1,50,8,-1,-1,-1,-1,5,E01013542,0,4
2024501406675,2024,501406675,2,9,0,-1,10,7,5,-1,0,1,0,0,0,0,2,1,-1,6,2,51,8,-1,-1,-1,-1,8,E01015120,0,1
2024991416449,2024,991416449,2,1,0,-1,19,5,8,-1,0,8,0,0,0,0,1,1,-1,6,1,47,8,-1,-1,-1,-1,10,-1,0,1
2024161471869,2024,161471869,1,1,0,-1,19,3,7,-1,4,0,0,0,1,7,0,1,-1,6,3,-1,-1,-1,-1,-1,-1,-1,-1,0,-1
2024010528347,2024,010528347,2,1,0,18,19,5,1,0,0,8,0,0,0,0,3,1,6,6,1,23,5,-1,-1,-1,-1,3,E01033150,0,1
2024010491728,2024,010491728,2,9,0,99,99,9,9,99,99,9,9,99,9,99,1,9,6,6,3,-1,-1,-1,-1,-1,-1,-1,-1,0,-1
2024991421621,2024,991421621,1,9,0,-1,13,2,6,-1,0,0,0,0,8,9,1,1,-1,9,1,59,9,-1,-1,-1,-1,-1,-1,0,-1
2024421456566,2024,421456566,2,1,0,-1,14,7,5,-1,0,2,0,0,0,0,1,1,-1,2,1,41,7,-1,-1,-1,-1,10,E01021517,0,1
2024010510641,2024,010510641,1,9,9,99,99,9,9,99,99,9,9,99,9,99,9,9,6,6,3,-1,-1,-1,-1,-1,-1,-1,-1,0,-1
2024041431464,2024,041431464,1,9,0,-1,5,8,4,-1,0,4,0,0,0,0,1,1,-1,9,2,41,7,-1,-1,-1,-1,2,E01024890,0,1
2024131424086,2024,131424086,2,1,0,-1,19,8,4,-1,0,1,0,0,0,0,1,1,-1,6,1,32,6,-1,-1,-1,-1,5,E01010903,0,1
2024010517395,2024,010517395,1,8,0,5,5,1,5,0,0,1,0,0,0,0,1,1,1,1,1,47,8,-1,-1,-1,-1,4,E01002752,0,2
2024010493890,2024,010493890,1,9,0,5,5,7,3,0,0,1,0,0,0,0,4,1,6,6,2,33,6,-1,-1,-1,-1,4,E01002593,0,2
2024161486255,2024,161486255,2,9,0,-1,10,6,2,-1,0,0,0,0,0,0,2,1,-1,6,1,34,6,-1,-1,-1,-1,6,E01013095,0,1
2024010489887,2024,010489887,1,1,9,99,99,9,9,99,99,9,9,99,9,99,1,1,2,2,2,27,6,-1,-1,-1,-1,5,E01004065,0,1
2024340WN3532,2024,340WN3532,1,9,0,-1,11,1,5,-1,0,3,0,0,0,0,0,1,-1,6,3,-1,-1,-1,-1,-1,-1,-1,-1,0,-1
2024430019942,2024,430019942,4,9,0,18,19,3,7,0,0,0,1,0,0,0,1,1,1,1,2,49,8,-1,-1,-1,-1,5,E01003076,0,4
2024161448194,2024,161448194,2,9,0,-1,9,8,6,-1,0,1,0,0,0,0,3,1,-1,6,2,25,5,-1,-1,-1,-1,4,E01013049,0,2
2024471423266,2024,471423266,2,90,0,-1,19,1,5,-1,0,0,0,0,0,0,1,1,-1,1,1,62,9,-1,-1,-1,-1,4,E01031605,0,1
2024010521628,2024,010521628,1,1,9,99,99,9,9,99,99,9,9,99,9,99,1,1,2,2,1,28,6,-1,-1,-1,-1,3,E01032765,0,1
2024531495441,2024,531495441,2,1,0,-1,19,8,4,-1,0,0,5,0,0,0,0,1,-1,9,2,32,6,-1,-1,-1,-1,3,E01022121,0,1
2024991468532,2024,991468532,2,9,0,-1,19,4,8,-1,0,8,0,0,0,0,1,1,-1,6,2,22,5,-1,-1,-1,-1,1,-1,0,1
2024010521631,2024,010521631,2,1,0,5,5,5,1,0,0,2,0,0,0,0,4,1,6,6,1,16,4,-1,-1,-1,-1,3,E01003533,0,1
2024421499640,2024,421499640,1,1,0,-1,19,4,8,-1,0,0,0,0,1,10,3,1,-1,9,1,57,9,-1,-1,-1,-1,3,E01021289,0,2
2024010542983,2024,010542983,2,1,0,18,19,1,5,0,0,1,0,0,0,0,1,1,2,2,1,27,6,-1,-1,-1,-1,4,E01004756,0,3
2024041443074,2024,041443074,1,9,0,-1,19,1,7,-1,0,4,0,0,0,0,1,1,-1,9,1,59,9,-1,-1,-1,-1,6,E01005365,0,4
2024211530966,2024,211530966,2,1,0,-1,19,7,4,-1,0,1,0,0,0,0,1,1,-1,6,1,55,8,-1,-1,-1,-1,-1,-1,0,-1
2024430557900,2024,430557900,2,1,0,4,4,7,3,0,0,1,0,0,0,0,3,1,6,6,1,52,8,-1,-1,-1,-1,5,E01016406,0,1
2024311458002,2024,311458002,2,9,0,-1,5,8,8,-1,0,0,0,0,0,0,1,1,-1,1,1,39,7,-1,-1,-1,-1,5,E01010418,0,4
2024351526992,2024,351526992,2,1,0,-1,-1,-1,-1,-1,-1,-1,-1,-1,-1,0,1,1,-1,7,2,15,3,-1,-1,-1,-1,6,E01017994,0,1
2024430036583,2024,430036583,1,21,1,18,19,3,7,0,0,1,0,0,0,0,1,2,1,1,1,49,8,-1,-1,-1,-1,-1,-1,0,-1
2024461528249,2024,461528249,1,97,0,-1,19,3,7,-1,0,0,0,0,0,0,1,1,-1,6,1,-1,-1,-1,-1,-1,-1,-1,-1,0,-1
2024440404559,2024,440404559,1,9,0,18,19,5,1,0,0,7,0,0,0,0,2,1,6,6,2,23,5,-1,-1,-1,-1,7,E01033860,0,4
2024122401076,2024,122401076,1,1,0,4,4,7,3,0,0,0,0,10,0,0,1,1,6,6,1,25,5,-1,-1,-1,-1,3,E01002710,0,5
2024201532993,2024,201532993,1,99,0,-1,19,3,6,-1,0,0,0,0,0,0,1,1,-1,6,3,18,4,-1,-1,-1,-1,-1,-1,0,-1
2024311506503,2024,311506503,2,9,0,-1,19,3,7,-1,0,4,0,0,0,0,4,1,-1,6,2,40,7,-1,-1,-1,-1,9,E01028394,0,2
2024131482673,2024,131482673,1,1,0,-1,19,3,7,-1,0,8,0,0,0,0,1,1,-1,9,1,8,2,-1,-1,-1,-1,2,E01011253,0,1
2024052400682,2024,052400682,1,8,0,18,19,3,7,0,0,0,0,0,0,0,1,1,1,1,3,-1,-1,-1,-1,-1,-1,-1,-1,0,-1
2024010509809,2024,010509809,2,1,0,18,19,5,1,0,0,1,0,0,0,0,1,1,2,2,1,39,7,-1,-1,-1,-1,4,E01001286,0,1
2024010521751,2024,010521751,1,9,0,18,19,4,8,0,0,0,0,0,0,0,1,1,6,6,1,23,5,-1,-1,-1,-1,-1,-1,0,-1
2024052400939,2024,052400939,1,9,0,9,9,7,5,0,0,1,0,0,0,0,3,1,6,6,3,-1,-1,-1,-1,-1,-1,-1,-1,0,-1
2024520401193,2024,520401193,3,9,0,17,19,6,4,0,0,0,0,0,0,0,1,1,6,6,1,30,6,-1,-1,-1,-1,3,E01029341,0,2
2024131458485,2024,131458485,1,9,0,-1,-1,-1,-1,-1,-1,0,-1,-1,-1,-1,-1,1,-1,6,3,-1,-1,-1,-1,-1,-1,-1,-1,0,-1
2024010525926,2024,010525926,1,1,9,99,99,9,9,99,99,9,9,99,9,99,1,1,6,6,1,28,6,-1,-1,-1,-1,8,E01002922,0,1
2024010513103,2024,010513103,2,1,9,99,99,9,9,99,99,9,9,99,9,99,1,1,6,6,3,-1,-1,-1,-1,-1,-1,-1,-1,0,-1
2024010488382,2024,010488382,2,9,0,99,99,9,9,99,99,9,9,99,9,99,1,9,6,6,3,-1,-1,-1,-1,-1,-1,-1,-1,0,-1
2024302400020,2024,302400020,2,9,0,18,19,1,5,0,0,0,0,0,0,0,0,1,6,6,3,-1,-1,-1,-1,-1,-1,5,E01019456,0,4
2024010493097,2024,010493097,1,1,9,99,99,9,9,99,99,9,9,99,9,99,1,1,6,6,1,57,9,-1,-1,-1,-1,3,E01032765,0,1
2024451529436,2024,451529436,1,9,0,-1,9,3,1,-1,0,8,0,0,0,0,3,1,-1,9,1,25,5,-1,-1,-1,-1,9,E01030639,0,1
2024111451516,2024,111451516,1,9,0,-1,19,6,4,-1,0,1,0,0,0,0,1,1,-1,6,2,30,6,-1,-1,-1,-1,-1,-1,0,-1
2024421412924,2024,421412924,1,9,0,-1,19,-1,-1,-1,0,0,0,0,0,0,1,1,-1,6,3,-1,-1,-1,-1,-1,-1,-1,-1,0,-1
2024052400550,2024,052400550,1,1,0,18,19,2,6,0,0,0,0,0,0,0,1,1,6,6,1,35,6,-1,-1,-1,-1,2,E01006712,0,1
2024471488938,2024,471488938,1,98,0,-1,19,7,3,-1,5,0,0,0,0,0,1,9,-1,6,3,-1,-1,-1,-1,-1,-1,-1,-1,0,-1
2024991439191,2024,991439191,1,9,0,-1,4,2,6,-1,0,1,0,0,0,0,4,1,-1,9,1,30,6,-1,-1,-1,-1,4,-1,0,3
2024010491402,2024,010491402,1,11,0,5,5,1,5,0,0,2,0,0,0,0,0,1,1,1,1,48,8,-1,-1,-1,-1,1,E01003515,0,2
2024010540334,2024,010540334,2,9,9,99,99,9,9,0,0,5,9,99,9,99,9,9,6,6,3,-1,-1,-1,-1,-1,-1,-1,-1,0,-1
2024461497677,2024,461497677,2,1,0,-1,19,-1,-1,-1,0,1,0,0,0,0,1,1,-1,6,1,-1,-1,-1,-1,-1,-1,8,E01024343,0,1
2024332400925,2024,332400925,2,1,0,-1,19,5,1,-1,0,8,0,0,0,0,1,1,-1,6,2,63,9,-1,-1,-1,-1,9,E01007425,0,5
2024351402480,2024,351402480,2,9,0,-1,10,1,5,-1,0,0,0,0,0,0,4,9,-1,9,1,71,10,-1,-1,-1,-1,7,E01026341,0,4
2024622400510,2024,622400510,1,9,0,18,19,2,6,0,0,8,0,0,0,0,1,1,6,6,2,28,6,-1,-1,-1,-1,1,W01001696,0,1
2024430025722,2024,430025722,1,9,0,18,19,8,4,0,0,1,0,0,0,0,4,1,6,6,3,-1,-1,-1,-1,-1,-1,-1,-1,0,-1
2024201433805,2024,201433805,2,9,0,-1,5,5,1,-1,0,0,0,0,0,0,1,9,-1,6,1,37,7,-1,-1,-1,-1,6,E01009975,0,1
2024201491300,2024,201491300,2,1,0,-1,19,2,6,-1,0,0,0,0,0,0,3,1,-1,9,1,14,3,-1,-1,-1,-1,2,E01010481,0,3
2024131488480,2024,131488480,2,9,0,-1,19,4,8,-1,0,0,0,0,0,0,3,1,-1,9,1,24,5,-1,-1,-1,-1,10,E01011213,0,1
2024131527893,2024,131527893,2,90,0,-1,-1,-1,-1,-1,-1,8,-1,-1,-1,0,1,1,-1,6,3,-1,-1,-1,-1,-1,-1,-1,-1,0,-1