collision_index,collision_year,collision_ref_no,vehicle_reference,vehicle_type,towing_and_articulation,vehicle_manoeuvre_historic,vehicle_manoeuvre,vehicle_direction_from,vehicle_direction_to,vehicle_location_restricted_lane_historic,vehicle_location_restricted_lane,junction_location,skidding_and_overturning,hit_object_in_carriageway,vehicle_leaving_carriageway,hit_object_off_carriageway,first_point_of_impact,vehicle_left_hand_drive,journey_purpose_of_driver_historic,journey_purpose_of_driver,sex_of_driver,age_of_driver,age_band_of_driver,engine_capacity_cc,propulsion_code,age_of_vehicle,generic_make_model,driver_imd_decile,lsoa_of_driver,escooter_flag,driver_distance_banding
2024052401343,2024,052401343,1,9,0,9,9,8,6,0,0,8,1,7,0,0,4,1,6,6,2,53,8,-1,-1,-1,-1,-1,-1,0,-1
2024302401549,2024,302401549,1,9,0,16,19,4,7,0,0,2,0,0,0,0,3,1,6,6,3,-1,-1,-1,-1,-1,-1,5,E01019456,0,3
2024440088236,2024,440088236,2,19,0,18,19,6,2,0,0,1,0,0,0,0,3,1,6,6,1,-1,-1,-1,-1,-1,-1,-1,-1,0,-1
2024501458175,2024,501458175,1,1,0,-1,19,2,6,-1,0,6,5,0,0,0,9,1,-1,6,1,14,3,-1,-1,-1,-1,8,E01015034,0,1
2024451439762,2024,451439762,1,1,0,-1,19,5,1,-1,0,0,0,0,0,0,1,1,-1,9,1,42,7,-1,-1,-1,-1,10,E01016196,0,1
2024371518035,2024,371518035,2,1,-1,-1,-1,-1,-1,-1,-1,-1,-1,-1,-1,0,-1,1,-1,7,2,12,3,-1,-1,-1,-1,2,E01030024,0,1
2024544727124,2024,544727124,3,9,0,7,7,7,1,0,0,6,0,0,0,0,3,1,6,6,2,75,10,-1,-1,-1,-1,10,E01015533,0,1
2024430045806,2024,430045806,1,9,0,17,19,3,1,0,0,1,0,0,0,0,1,1,6,6,1,-1,-1,-1,-1,-1,-1,-1,-1,0,-1
2024531533705,2024,531533705,2,1,0,-1,19,2,6,-1,0,1,0,0,0,0,1,1,-1,6,2,41,7,-1,-1,-1,-1,10,E01022114,0,1
2024340WN2952,2024,340WN2952,2,1,0,-1,9,5,1,-1,0,1,0,0,0,0,1,1,-1,6,1,42,7,-1,-1,-1,-1,4,E01027187,0,1
2024141425629,2024,141425629,3,90,0,-1,19,5,1,-1,0,0,0,0,0,0,3,1,-1,6,3,-1,-1,-1,-1,-1,-1,-1,-1,0,-1
2024351489451,2024,351489451,1,5,0,-1,19,1,5,-1,0,1,0,0,0,0,1,1,-1,1,1,53,8,-1,-1,-1,-1,4,E01018109,0,1
2024010495387,2024,010495387,2,9,0,99,99,9,9,99,99,9,9,99,9,99,1,9,6,6,3,-1,-1,-1,-1,-1,-1,5,E01004363,0,2
2024061482824,2024,061482824,1,9,0,-1,19,6,3,-1,0,0,0,0,0,0,4,1,-1,6,3,30,6,-1,-1,-1,-1,-1,-1,0,-1
2024141397729,2024,141397729,1,1,0,-1,19,7,3,-1,9,1,0,0,0,0,1,1,-1,9,1,21,5,-1,-1,-1,-1,2,E01007579,0,1
2024041477546,2024,041477546,2,9,0,-1,19,4,8,-1,0,0,0,0,0,0,3,1,-1,9,1,18,4,-1,-1,-1,-1,6,E01025421,0,2
2024991426966,2024,991426966,2,22,0,-1,19,8,7,-1,0,8,2,0,0,0,1,1,-1,9,1,88,11,-1,-1,-1,-1,4,-1,0,1
2024991488105,2024,991488105,2,1,0,-1,19,1,5,-1,0,0,2,8,0,0,1,1,-1,9,1,67,10,-1,-1,-1,-1,6,-1,0,1
2024010524974,2024,010524974,2,97,0,99,99,9,9,99,99,9,9,99,9,99,9,1,6,6,3,-1,-1,-1,-1,-1,-1,-1,-1,0,-1
2024991499563,2024,991499563,2,1,0,-1,19,7,3,-1,0,1,0,0,0,0,1,1,-1,9,1,41,7,-1,-1,-1,-1,8,-1,0,1
2024430014544,2024,430014544,1,9,0,9,9,8,6,0,0,5,0,0,0,0,1,1,2,2,1,18,4,-1,-1,-1,-1,7,E01033967,0,4
2024010511118,2024,010511118,1,-1,0,5,5,0,5,9,9,1,0,0,0,0,1,1,6,6,1,23,5,-1,-1,-1,-1,2,E01000017,1,1
2024010488990,2024,010488990,2,9,0,99,99,9,9,99,99,0,9,99,9,99,1,9,6,6,3,-1,-1,-1,-1,-1,-1,-1,-1,0,-1
2024991488670,2024,991488670,1,9,0,-1,19,8,4,-1,0,0,2,0,0,0,1,2,-1,9,1,21,5,-1,-1,-1,-1,-1,-1,0,-1
2024010494468,2024,010494468,1,9,0,18,19,7,3,0,0,1,0,0,0,0,4,1,2,2,1,48,8,-1,-1,-1,-1,2,E01001191,0,2
2024010501524,2024,010501524,1,9,0,7,7,7,1,4,4,1,0,0,0,0,1,1,6,6,3,-1,-1,-1,-1,-1,-1,-1,-1,0,-1
2024010494378,2024,010494378,1,9,0,99,99,9,9,0,0,1,9,99,9,99,2,9,6,6,2,44,7,-1,-1,-1,-1,9,E01001028,0,1
2024451436566,2024,451436566,1,9,0,-1,19,1,5,-1,0,0,0,0,1,11,1,1,-1,2,1,20,4,-1,-1,-1,-1,9,E01030421,0,2
2024320013448,2024,320013448,1,9,0,18,19,3,7,0,0,0,5,0,0,0,3,1,6,6,1,23,5,-1,-1,-1,-1,7,E01026338,0,1
2024991423852,2024,991423852,1,9,0,-1,15,6,2,-1,0,0,0,0,0,0,2,1,-1,9,1,38,7,-1,-1,-1,-1,6,-1,0,1
2024361400870,2024,361400870,2,1,-1,-1,-1,-1,-1,-1,-1,0,-1,-1,-1,0,1,1,-1,6,1,-1,-1,-1,-1,-1,-1,-1,-1,0,-1
2024371418402,2024,371418402,1,9,0,-1,19,3,7,-1,0,0,0,0,0,0,1,1,-1,9,1,74,10,-1,-1,-1,-1,2,E01030289,0,1
2024101481005,2024,101481005,1,97,0,-1,7,4,6,-1,0,8,5,0,0,0,1,1,-1,6,1,-1,-1,-1,-1,-1,-1,-1,-1,0,-1
202417M313124,2024,17M313124,1,2,0,-1,19,7,3,-1,0,0,0,0,1,0,1,1,-1,9,1,22,5,-1,-1,-1,-1,-1,-1,0,-1
2024311493435,2024,311493435,1,-1,0,-1,19,2,6,-1,9,2,0,0,0,0,1,9,-1,6,2,30,6,-1,-1,-1,-1,-1,-1,1,-1
2024430092786,2024,430092786,1,9,0,18,19,8,4,0,0,1,0,0,0,0,3,1,2,2,2,35,6,-1,-1,-1,-1,10,E01016532,0,1
2024430461015,2024,430461015,2,1,0,18,19,4,8,0,0,1,0,0,0,0,3,1,6,6,1,57,9,-1,-1,-1,-1,8,E01016515,0,1
2024010538457,2024,010538457,2,9,0,9,9,8,6,0,0,1,0,0,0,0,1,1,6,6,1,52,8,-1,-1,-1,-1,-1,-1,0,-1
2024211421096,2024,211421096,2,9,0,-1,19,6,2,-1,0,0,0,0,0,0,1,9,-1,6,1,44,7,-1,-1,-1,-1,10,E01029776,0,1
2024351502100,2024,351502100,2,-1,0,-1,19,5,8,-1,0,2,0,0,0,0,2,1,-1,9,1,15,3,-1,-1,-1,-1,2,E01035538,1,1
2024332400714,2024,332400714,2,9,0,-1,9,8,6,-1,0,5,0,0,0,0,0,1,-1,6,3,-1,-1,-1,-1,-1,-1,-1,-1,0,-1
2024201500031,2024,201500031,1,9,0,-1,19,7,3,-1,0,0,0,4,0,0,1,1,-1,6,1,29,6,-1,-1,-1,-1,3,E01009084,0,1
2024010487134,2024,010487134,1,8,0,4,4,1,5,0,0,0,0,0,0,0,3,1,1,1,1,28,6,-1,-1,-1,-1,9,E01030389,0,3
2024131463585,2024,131463585,2,1,0,-1,19,1,5,-1,0,1,0,0,0,0,4,1,-1,6,1,70,10,-1,-1,-1,-1,2,E01011027,0,2
2024311395316,2024,311395316,1,9,0,-1,19,1,5,-1,0,0,0,0,1,0,1,1,-1,6,1,17,4,-1,-1,-1,-1,-1,-1,0,-1
2024201404775,2024,201404775,1,9,0,-1,9,1,7,-1,0,6,0,0,0,0,1,9,-1,6,3,-1,-1,-1,-1,-1,-1,-1,-1,0,-1
2024320330503,2024,320330503,1,1,0,-1,-1,1,5,0,0,1,0,0,0,0,2,1,-1,-1,1,13,3,-1,-1,-1,-1,3,E01026102,0,1
2024161447757,2024,161447757,1,9,0,-1,19,4,8,-1,9,0,0,0,0,0,4,9,-1,6,2,-1,-1,-1,-1,-1,-1,-1,-1,0,-1
2024061476636,2024,061476636,2,1,0,-1,19,7,3,-1,0,6,5,0,0,0,3,1,-1,6,1,62,9,-1,-1,-1,-1,2,E01005260,0,1
2024522402780,2024,522402780,2,9,0,9,9,7,5,0,0,6,0,0,0,0,1,1,6,6,1,37,7,-1,-1,-1,-1,5,E01035223,0,1
2024010524987,2024,010524987,2,1,0,18,19,1,5,4,4,1,0,0,0,0,3,1,6,6,1,61,9,-1,-1,-1,-1,2,E01001328,0,1
2024552400814,2024,552400814,2,1,0,18,19,8,4,4,4,0,0,0,0,0,3,1,6,6,1,38,7,-1,-1,-1,-1,4,E01015321,0,1
2024311439163,2024,311439163,2,1,0,-1,19,6,1,-1,0,0,1,0,0,0,1,1,-1,6,1,72,10,-1,-1,-1,-1,-1,-1,0,-1
2024542273124,2024,542273124,2,10,0,3,3,6,2,0,0,0,0,0,0,0,2,1,1,1,1,59,9,-1,-1,-1,-1,10,E01031903,0,3
2024440405498,2024,440405498,1,9,0,18,19,5,1,0,0,0,0,0,0,0,3,1,6,6,3,-1,-1,-1,-1,-1,-1,-1,-1,0,-1
2024531523675,2024,531523675,2,9,0,-1,19,1,5,-1,0,1,0,0,0,0,1,1,-1,9,1,66,10,-1,-1,-1,-1,10,E01022415,0,1
2024131416892,2024,131416892,2,1,0,-1,19,6,2,-1,0,1,0,0,0,0,3,1,-1,6,1,19,4,-1,-1,-1,-1,3,E01011670,0,1
2024010506184,2024,010506184,1,1,9,99,99,9,9,99,99,9,9,99,9,99,9,1,2,2,1,29,6,-1,-1,-1,-1,3,E01034205,0,1
2024231531721,2024,231531721,1,21,1,-1,4,2,6,-1,0,0,0,0,5,6,1,1,-1,1,1,57,9,-1,-1,-1,-1,6,E01034656,0,4
2024052401864,2024,052401864,2,1,0,18,19,7,3,0,0,1,0,0,0,0,3,1,2,2,1,18,4,-1,-1,-1,-1,1,E01006871,0,1
2024320401144,2024,320401144,2,9,0,-1,-1,2,6,0,0,0,0,0,1,4,3,1,6,6,2,39,7,-1,-1,-1,-1,1,E01026083,0,1
2024141413084,2024,141413084,1,9,0,-1,19,4,8,-1,9,0,1,0,2,11,1,1,-1,9,1,28,6,-1,-1,-1,-1,1,E01034842,0,1
2024302401167,2024,302401167,2,22,0,18,19,1,5,9,9,2,0,0,0,0,4,1,6,6,1,77,11,-1,-1,-1,-1,2,E01013598,0,1
2024010493145,2024,010493145,2,9,0,99,99,9,9,99,99,9,9,99,9,99,1,9,6,6,3,-1,-1,-1,-1,-1,-1,-1,-1,0,-1
2024010530144,2024,010530144,2,9,9,99,99,9,9,99,99,9,9,99,9,99,9,1,6,6,3,-1,-1,-1,-1,-1,-1,-1,-1,0,-1
2024311484806,2024,311484806,2,23,0,-1,19,1,5,-1,0,1,0,0,1,0,1,1,-1,6,1,-1,-1,-1,-1,-1,-1,-1,-1,0,-1
2024131483855,2024,131483855,2,1,0,-1,19,7,3,-1,0,0,0,0,0,0,3,1,-1,9,1,53,8,-1,-1,-1,-1,5,E01011228,0,1
2024131518410,2024,131518410,2,9,0,-1,19,7,3,-1,0,8,1,0,7,0,1,1,-1,6,1,25,5,-1,-1,-1,-1,1,E01011344,0,1
2024421393910,2024,421393910,2,90,0,-1,5,1,6,-1,0,2,0,0,0,0,1,2,-1,1,1,35,6,-1,-1,-1,-1,1,E01021323,0,1
2024211546186,2024,211546186,1,9,0,-1,7,5,1,-1,0,1,0,0,0,0,4,9,-1,6,3,-1,-1,-1,-1,-1,-1,-1,-1,0,-1
2024471490613,2024,471490613,2,1,0,-1,19,1,5,-1,0,8,0,0,0,0,2,1,-1,6,1,53,8,-1,-1,-1,-1,7,E01016912,0,1
2024411475154,2024,411475154,2,9,-1,-1,-1,-1,-1,-1,-1,1,-1,-1,-1,0,-1,9,-1,6,3,-1,-1,-1,-1,-1,-1,-1,-1,0,-1
2024461424368,2024,461424368,5,17,0,-1,2,0,0,-1,0,0,0,0,0,0,2,1,-1,6,-1,-1,-1,-1,-1,-1,-1,-1,-1,0,-1
2024440431979,2024,440431979,2,9,0,10,10,7,1,0,0,0,0,0,0,0,1,1,1,1,1,47,8,-1,-1,-1,-1,5,E01035459,0,2
2024440336939,2024,440336939,1,9,0,18,19,7,3,0,0,0,0,0,0,0,1,1,6,6,1,52,8,-1,-1,-1,-1,4,E01017022,0,1
2024141434928,2024,141434928,2,-1,0,-1,5,4,8,-1,0,6,0,0,0,0,1,1,-1,6,1,11,3,-1,-1,-1,-1,6,E01007753,1,1
2024010527437,2024,010527437,1,1,9,99,99,9,9,99,99,9,9,99,9,99,9,1,6,6,1,15,3,-1,-1,-1,-1,6,E01003223,0,1
2024461511695,2024,461511695,2,9,0,-1,19,7,3,-1,0,0,0,0,0,0,3,2,-1,6,1,52,8,-1,-1,-1,-1,-1,-1,0,-1
2024552401032,2024,552401032,1,8,0,18,19,8,4,0,0,0,0,0,0,0,4,1,6,6,3,-1,-1,-1,-1,-1,-1,-1,-1,0,-1
2024320455280,2024,320455280,2,9,0,4,4,4,8,0,0,0,0,0,1,9,2,1,-1,-1,1,73,10,-1,-1,-1,-1,-1,-1,0,-1
2024201394377,2024,201394377,1,9,0,-1,19,5,1,-1,0,1,0,0,0,0,1,1,-1,6,2,-1,-1,-1,-1,-1,-1,-1,-1,0,-1
2024010519849,2024,010519849,1,9,0,18,19,1,5,0,0,0,0,0,0,0,1,1,6,6,1,19,4,-1,-1,-1,-1,-1,-1,0,-1
2024991503263,2024,991503263,3,9,0,-1,19,7,3,-1,0,0,0,0,0,0,1,1,-1,2,1,53,8,-1,-1,-1,-1,-1,-1,0,-1
2024010533539,2024,010533539,1,1,0,5,5,5,1,0,0,2,0,0,0,0,1,1,2,2,2,51,8,-1,-1,-1,-1,4,E01004752,0,1
2024010497019,2024,010497019,2,9,0,99,99,9,9,99,99,9,9,99,9,99,9,9,6,6,3,-1,-1,-1,-1,-1,-1,-1,-1,0,-1
2024451526703,2024,451526703,2,97,0,-1,19,3,3,-1,0,1,0,0,8,0,4,1,-1,2,1,61,9,-1,-1,-1,-1,2,E01016906,0,4
2024201446137,2024,201446137,2,1,0,-1,5,2,6,-1,0,4,0,0,0,0,1,1,-1,2,1,24,5,-1,-1,-1,-1,1,E01008899,0,1
2024991460462,2024,991460462,2,9,0,-1,5,1,1,-1,0,4,0,0,0,0,2,1,-1,6,2,22,5,-1,-1,-1,-1,5,-1,0,4
2024010525435,2024,010525435,1,9,0,18,19,1,5,0,0,1,0,0,0,0,1,1,2,2,1,39,7,-1,-1,-1,-1,2,E01001282,0,3
2024461512990,2024,461512990,1,2,0,-1,19,-1,-1,-1,0,1,0,0,0,0,-1,1,-1,6,1,19,4,-1,-1,-1,-1,-1,-1,0,-1
2024430031145,2024,430031145,1,9,0,9,9,8,6,0,0,5,1,0,1,7,1,1,6,6,3,-1,-1,-1,-1,-1,-1,-1,-1,0,-1
2024552400984,2024,552400984,2,9,0,18,19,2,6,0,0,8,0,0,0,0,1,1,6,6,1,19,4,-1,-1,-1,-1,7,E01015352,0,1
2024461420872,2024,461420872,7,9,0,-1,2,0,0,-1,9,0,0,0,0,0,4,1,-1,6,-1,-1,-1,-1,-1,-1,-1,-1,-1,0,-1
2024430406454,2024,430406454,1,9,0,18,19,6,2,0,0,0,0,0,0,0,4,1,6,6,3,-1,-1,-1,-1,-1,-1,-1,-1,0,-1
2024221424521,2024,221424521,1,9,4,-1,19,3,7,-1,0,8,0,0,0,0,1,1,-1,1,1,28,6,-1,-1,-1,-1,5,E01014004,0,3
2024041536335,2024,041536335,2,1,0,-1,5,5,7,-1,0,6,0,0,0,0,3,1,-1,6,1,56,9,-1,-1,-1,-1,4,E01025100,0,1
202460Q093784,2024,60Q093784,2,1,0,18,19,8,4,0,0,8,0,0,0,0,1,1,6,6,2,60,9,-1,-1,-1,-1,-1,-1,0,-1
2024451473142,2024,451473142,2,9,0,-1,19,1,3,-1,0,1,0,0,0,0,1,2,-1,6,2,30,6,-1,-1,-1,-1,10,E01030948,0,1
2024610018124,2024,610018124,2,9,0,4,4,3,7,0,0,0,0,0,0,0,1,1,6,6,2,24,5,-1,-1,-1,-1,2,W01001332,0,1
2024501459614,2024,501459614,2,9,0,-1,5,4,8,-1,0,0,1,0,1,10,3,2,-1,9,2,71,10,-1,-1,-1,-1,-1,-1,0,-1
2024361440909,2024,361440909,2,1,0,-1,19,4,7,-1,0,1,0,0,0,0,1,1,-1,6,1,17,4,-1,-1,-1,-1,-1,-1,0,-1
2024010549872,2024,010549872,3,90,0,18,19,3,7,1,1,1,1,0,0,0,0,1,1,1,1,32,6,-1,-1,-1,-1,6,E01024554,0,4
2024010529585,2024,010529585,2,9,0,99,99,9,9,99,99,9,9,99,9,99,1,9,6,6,3,34,6,-1,-1,-1,-1,-1,-1,0,-1
2024371488025,2024,371488025,1,9,0,-1,19,4,4,-1,0,1,0,0,0,0,1,2,-1,9,1,48,8,-1,-1,-1,-1,-1,-1,0,-1
2024041551066,2024,041551066,1,9,0,-1,19,5,1,-1,0,1,0,0,0,0,-1,9,-1,6,3,-1,-1,-1,-1,-1,-1,-1,-1,0,-1
2024340WN7112,2024,340WN7112,1,9,0,-1,9,7,5,-1,0,6,0,0,0,0,3,1,-1,9,1,41,7,-1,-1,-1,-1,10,E01027307,0,1
2024361568629,2024,361568629,1,9,0,-1,19,1,5,-1,0,8,0,0,0,0,4,1,-1,6,3,-1,-1,-1,-1,-1,-1,-1,-1,0,-1
2024010519946,2024,010519946,2,1,0,18,19,7,3,0,0,0,5,0,0,0,1,1,6,6,1,16,4,-1,-1,-1,-1,1,E01000782,0,1
2024010493971,2024,010493971,1,8,9,99,99,9,9,99,99,9,9,99,9,99,2,9,6,6,3,-1,-1,-1,-1,-1,-1,-1,-1,0,-1
2024141513594,2024,141513594,2,1,0,-1,19,3,7,-1,0,1,0,0,0,0,1,1,-1,6,1,19,4,-1,-1,-1,-1,-1,-1,0,-1
2024430004425,2024,430004425,1,9,0,4,4,3,7,0,0,0,0,0,0,0,1,1,2,2,1,35,6,-1,-1,-1,-1,10,E01017777,0,1
2024421414851,2024,421414851,1,9,0,-1,19,3,7,-1,0,0,0,0,0,0,1,1,-1,6,3,-1,-1,-1,-1,-1,-1,-1,-1,0,-1
2024302400011,2024,302400011,1,9,0,9,9,2,1,0,0,8,0,0,0,0,1,1,6,6,2,56,9,-1,-1,-1,-1,3,E01019420,0,3
2024371489396,2024,371489396,1,9,0,-1,19,7,3,-1,0,0,0,0,0,0,0,1,-1,2,1,51,8,-1,-1,-1,-1,10,E01030204,0,2
2024991516948,2024,991516948,1,97,0,-1,19,5,8,-1,0,1,2,0,0,0,3,1,-1,6,3,20,4,-1,-1,-1,-1,-1,-1,0,-1
2024302400253,2024,302400253,5,19,0,2,2,0,0,0,0,2,0,0,0,0,3,1,6,6,3,-1,-1,-1,-1,-1,-1,-1,-1,0,-1
2024010514289,2024,010514289,1,98,9,99,99,9,9,99,99,9,9,99,9,99,9,9,6,6,3,-1,-1,-1,-1,-1,-1,-1,-1,0,-1
2024010488602,2024,010488602,2,9,0,99,99,9,9,99,99,9,9,99,9,99,9,9,6,6,3,-1,-1,-1,-1,-1,-1,-1,-1,0,-1
2024010534723,2024,010534723,2,1,0,14,14,7,3,0,0,8,5,0,0,0,1,1,1,1,1,52,8,-1,-1,-1,-1,3,E01000099,0,2
2024340NN2342,2024,340NN2342,2,1,0,-1,19,7,2,-1,0,8,0,0,0,0,2,1,-1,2,1,64,9,-1,-1,-1,-1,3,E01026972,0,1
2024010500069,2024,010500069,1,1,9,99,99,9,9,99,99,9,9,99,9,99,9,1,6,6,2,29,6,-1,-1,-1,-1,2,E01004286,0,2
2024471472141,2024,471472141,1,9,0,-1,9,5,7,-1,0,8,0,0,0,0,1,1,-1,9,1,58,9,-1,-1,-1,-1,10,E01024733,0,4
2024430078163,2024,430078163,2,9,0,18,19,6,2,0,0,0,0,0,0,0,3,1,6,6,1,33,6,-1,-1,-1,-1,-1,-1,0,-1
2024201470189,2024,201470189,2,9,0,-1,19,2,6,-1,0,0,0,0,0,0,1,1,-1,6,1,43,7,-1,-1,-1,-1,1,E01008938,0,1
2024451508280,2024,451508280,2,1,0,-1,19,8,8,-1,0,3,0,0,0,0,4,1,-1,1,1,41,7,-1,-1,-1,-1,6,E01004699,0,4
2024010524918,2024,010524918,2,90,0,99,99,9,9,99,99,9,9,99,9,99,1,9,6,6,3,-1,-1,-1,-1,-1,-1,9,E01002960,0,1
2024201502161,2024,201502161,1,9,0,-1,19,5,1,-1,0,0,0,0,0,0,2,1,-1,6,1,47,8,-1,-1,-1,-1,1,E01008927,0,1
2024010539168,2024,010539168,3,99,9,99,99,9,9,99,99,9,9,99,9,99,9,9,6,6,3,-1,-1,-1,-1,-1,-1,-1,-1,0,-1
2024010492326,2024,010492326,1,9,0,16,19,2,6,0,0,3,0,0,0,0,1,1,1,1,1,55,8,-1,-1,-1,-1,5,E01004580,0,2
2024211431656,2024,211431656,2,1,0,-1,19,8,4,-1,0,1,0,0,0,0,4,1,-1,6,1,44,7,-1,-1,-1,-1,7,E01014315,0,1
2024010551664,2024,010551664,2,1,9,99,99,9,9,99,99,9,9,99,9,99,9,1,6,6,3,-1,-1,-1,-1,-1,-1,4,E01001002,0,1
2024501498080,2024,501498080,3,9,0,-1,10,5,1,-1,0,1,0,0,0,0,2,1,-1,6,2,32,6,-1,-1,-1,-1,5,E01020174,0,2
2024421418558,2024,421418558,1,9,0,-1,19,2,6,-1,0,0,0,4,0,0,4,1,-1,9,1,43,7,-1,-1,-1,-1,7,E01021264,0,1
2024340NN4732,2024,340NN4732,2,1,0,-1,9,7,5,-1,0,8,0,0,0,0,1,1,-1,9,1,55,8,-1,-1,-1,-1,-1,-1,0,-1
2024010488987,2024,010488987,2,9,0,9,9,1,7,0,0,6,0,0,0,0,3,1,2,2,2,38,7,-1,-1,-1,-1,4,E01003282,0,1
2024010538995,2024,010538995,2,1,0,18,19,5,1,0,0,8,0,0,0,0,1,1,2,2,1,25,5,-1,-1,-1,-1,4,E01003561,0,2
2024010531410,2024,010531410,2,1,0,9,9,6,3,0,0,8,0,0,0,0,3,1,6,6,1,23,5,-1,-1,-1,-1,6,E01003664,0,1
2024010519728,2024,010519728,1,9,0,18,19,1,5,0,0,0,0,4,0,0,1,1,6,6,2,90,11,-1,-1,-1,-1,8,E01002269,0,2
2024991464417,2024,991464417,2,9,0,-1,19,3,7,-1,0,1,0,0,0,0,1,1,-1,9,1,58,9,-1,-1,-1,-1,2,-1,0,4
2024440365806,2024,440365806,1,1,0,18,19,6,2,0,0,8,0,0,0,0,2,1,2,2,2,29,6,-1,-1,-1,-1,6,E01017023,0,1
2024010496207,2024,010496207,1,9,0,9,9,5,3,0,0,5,0,0,0,0,4,1,2,2,2,39,7,-1,-1,-1,-1,7,E01035707,0,1
2024221456396,2024,221456396,1,9,0,-1,9,4,2,-1,0,5,0,0,0,0,0,2,-1,6,1,57,9,-1,-1,-1,-1,-1,-1,0,-1
2024052401638,2024,052401638,1,90,0,18,19,3,7,0,0,1,0,0,0,0,1,1,6,6,1,20,4,-1,-1,-1,-1,1,E01007162,0,1
2024141542369,2024,141542369,2,9,0,-1,19,7,3,-1,0,0,0,0,0,0,1,1,-1,6,2,-1,-1,-1,-1,-1,-1,6,E01007400,0,1
2024010505241,2024,010505241,2,9,0,99,99,9,9,99,99,9,9,99,9,99,1,9,6,6,3,-1,-1,-1,-1,-1,-1,-1,-1,0,-1
2024421516546,2024,421516546,1,-1,0,-1,19,1,5,-1,0,0,0,0,0,0,1,1,-1,6,1,22,5,-1,-1,-1,-1,1,E01022025,1,1
2024010489742,2024,010489742,2,9,0,18,19,7,3,0,0,0,1,0,1,0,4,1,2,2,2,27,6,-1,-1,-1,-1,6,E01016231,0,3
2024221452916,2024,221452916,2,1,0,-1,19,5,2,-1,0,8,0,0,0,0,4,1,-1,2,1,49,8,-1,-1,-1,-1,4,E01032275,0,1
2024010534783,2024,010534783,1,9,9,99,99,9,9,99,99,9,9,99,9,99,9,9,6,6,3,-1,-1,-1,-1,-1,-1,-1,-1,0,-1
2024332400903,2024,332400903,2,1,0,-1,13,7,3,-1,0,8,0,0,0,0,1,1,-1,6,1,42,7,-1,-1,-1,-1,7,E01019885,0,2
2024010522778,2024,010522778,1,1,9,99,99,9,9,99,99,9,9,99,9,99,9,1,6,6,1,37,7,-1,-1,-1,-1,5,E01002011,0,1
2024010491547,2024,010491547,2,9,0,99,99,9,9,99,99,9,9,99,9,99,9,9,6,6,2,27,6,-1,-1,-1,-1,4,E01001459,0,2
2024061416740,2024,061416740,1,9,0,-1,1,7,3,-1,0,0,0,0,0,0,2,1,-1,6,3,-1,-1,-1,-1,-1,-1,-1,-1,0,-1
2024201486536,2024,201486536,2,19,0,-1,9,6,4,-1,0,6,0,0,0,0,3,1,-1,9,1,61,9,-1,-1,-1,-1,5,E01009284,0,1
2024351477614,2024,351477614,1,9,-1,-1,1,-1,-1,-1,-1,-1,-1,-1,-1,0,2,9,-1,6,3,-1,-1,-1,-1,-1,-1,-1,-1,0,-1
2024010532230,2024,010532230,2,9,0,99,99,9,9,99,99,9,9,99,9,99,1,9,6,6,3,-1,-1,-1,-1,-1,-1,-1,-1,0,-1
2024141526778,2024,141526778,4,23,0,-1,13,5,1,-1,0,0,2,4,0,0,3,1,-1,6,1,27,6,-1,-1,-1,-1,1,E01007573,0,1
2024052402699,2024,052402699,1,9,4,5,5,6,8,0,0,6,0,0,0,0,0,1,6,6,3,-1,-1,-1,-1,-1,-1,-1,-1,0,-1
2024461439782,2024,461439782,1,9,0,-1,5,6,2,-1,0,8,0,0,0,0,4,1,-1,7,2,33,6,-1,-1,-1,-1,7,E01024839,0,1
2024501396145,2024,501396145,1,9,0,-1,19,8,4,-1,0,8,1,0,0,0,1,9,-1,6,1,27,6,-1,-1,-1,-1,7,E01019912,0,1
2024010491357,2024,010491357,2,8,0,3,3,5,1,0,0,1,0,0,0,0,2,1,1,1,1,59,9,-1,-1,-1,-1,1,E01000528,0,1
2024010540997,2024,010540997,1,9,0,99,99,9,9,0,0,1,0,0,0,0,1,9,6,6,1,65,9,-1,-1,-1,-1,-1,-1,0,-1
2024340WN0372,2024,340WN0372,2,9,0,-1,7,6,8,-1,0,5,0,0,0,0,4,1,-1,2,2,37,7,-1,-1,-1,-1,5,E01027158,0,1
2024010510293,2024,010510293,1,9,0,6,6,4,4,0,0,0,0,0,0,0,0,1,2,2,1,49,8,-1,-1,-1,-1,2,E01034727,0,4
2024471444099,2024,471444099,2,5,0,-1,19,3,7,-1,0,1,0,0,0,0,1,1,-1,9,1,64,9,-1,-1,-1,-1,3,E01024497,0,4
2024010548887,2024,010548887,1,1,0,16,19,5,1,0,0,6,0,0,1,0,1,1,1,1,1,27,6,-1,-1,-1,-1,3,E01004323,0,1
2024010530405,2024,010530405,1,1,0,18,19,5,1,0,0,6,0,0,0,0,1,1,6,6,1,23,5,-1,-1,-1,-1,6,E01001295,0,2
2024010498441,2024,010498441,1,1,0,7,7,1,4,0,0,1,0,0,0,0,1,1,6,6,3,-1,-1,-1,-1,-1,-1,-1,-1,0,-1
2024041523510,2024,041523510,2,9,0,-1,2,0,0,-1,0,0,0,0,1,11,1,1,-1,6,-1,-1,-1,-1,-1,-1,-1,-1,-1,0,-1
2024546693324,2024,546693324,1,9,0,5,5,1,5,0,0,6,0,0,0,0,2,1,6,6,1,64,9,-1,-1,-1,-1,8,E01034529,0,1
2024461528173,2024,461528173,2,1,0,-1,4,3,7,-1,0,1,0,0,0,0,1,1,-1,6,1,19,4,-1,-1,-1,-1,3,E01001638,0,3
2024010530700,2024,010530700,2,1,9,18,19,9,9,99,99,0,9,99,9,99,1,1,6,6,1,26,6,-1,-1,-1,-1,6,E01004560,0,1
2024311438757,2024,311438757,2,9,0,-1,10,3,7,-1,0,1,0,0,0,0,2,1,-1,9,2,45,7,-1,-1,-1,-1,6,E01028236,0,1
2024201396784,2024,201396784,1,9,0,-1,14,2,7,-1,0,0,0,0,0,0,1,9,-1,6,2,44,7,-1,-1,-1,-1,-1,-1,0,-1
2024141536697,2024,141536697,1,1,0,-1,10,1,1,-1,1,2,0,0,0,0,3,1,-1,9,1,14,3,-1,-1,-1,-1,6,E01007962,0,1
2024201461574,2024,201461574,1,9,0,-1,19,8,4,-1,0,0,0,0,0,0,3,9,-1,6,1,-1,-1,-1,-1,-1,-1,-1,-1,0,-1