collision_index,collision_year,collision_ref_no,vehicle_reference,vehicle_type,towing_and_articulation,vehicle_manoeuvre_historic,vehicle_manoeuvre,vehicle_direction_from,vehicle_direction_to,vehicle_location_restricted_lane_historic,vehicle_location_restricted_lane,junction_location,skidding_and_overturning,hit_object_in_carriageway,vehicle_leaving_carriageway,hit_object_off_carriageway,first_point_of_impact,vehicle_left_hand_drive,journey_purpose_of_driver_historic,journey_purpose_of_driver,sex_of_driver,age_of_driver,age_band_of_driver,engine_capacity_cc,propulsion_code,age_of_vehicle,generic_make_model,driver_imd_decile,lsoa_of_driver,escooter_flag,driver_distance_banding
2024010537265,2024,010537265,1,97,0,14,14,7,3,0,0,8,0,0,0,0,1,1,6,6,3,-1,-1,-1,-1,-1,-1,-1,-1,0,-1
2024010523580,2024,010523580,1,21,1,18,19,5,1,0,0,0,1,0,0,0,1,1,1,1,1,43,7,-1,-1,-1,-1,10,E01016535,0,4
2024411425673,2024,411425673,1,9,-1,-1,-1,-1,-1,-1,-1,-1,-1,-1,-1,0,-1,9,-1,6,3,-1,-1,-1,-1,-1,-1,-1,-1,0,-1
2024451399166,2024,451399166,2,9,0,-1,19,5,1,-1,0,1,0,0,0,0,1,1,-1,1,1,52,8,-1,-1,-1,-1,9,E01030580,0,1
2024010487317,2024,010487317,3,9,0,2,2,0,0,9,9,8,0,0,0,0,1,1,6,6,3,-1,-1,-1,-1,-1,-1,-1,-1,0,-1
2024161451455,2024,161451455,1,9,0,-1,9,3,7,-1,0,1,0,0,0,0,1,9,-1,6,3,-1,-1,-1,-1,-1,-1,-1,-1,0,-1
2024010522766,2024,010522766,1,-1,9,99,99,9,9,99,99,9,9,99,9,99,1,1,6,6,2,12,3,-1,-1,-1,-1,1,E01002280,1,1
2024991500374,2024,991500374,1,1,0,-1,19,5,1,-1,0,0,0,0,0,0,3,1,-1,9,1,23,5,-1,-1,-1,-1,3,-1,0,1
2024010487897,2024,010487897,1,9,0,10,10,1,7,0,0,8,0,0,0,0,1,1,6,6,2,43,7,-1,-1,-1,-1,2,E01035676,0,1
2024010488375,2024,010488375,1,11,0,4,4,7,3,0,0,2,0,0,0,0,4,1,1,1,1,57,9,-1,-1,-1,-1,2,E01002072,0,1
2024141414532,2024,141414532,1,9,0,-1,9,5,1,-1,0,1,0,0,0,0,3,1,-1,9,2,28,6,-1,-1,-1,-1,7,E01028000,0,4
2024010487085,2024,010487085,1,3,0,99,99,9,9,99,99,9,9,99,9,99,1,1,2,2,1,31,6,-1,-1,-1,-1,5,E01000589,0,2
2024520401088,2024,520401088,2,9,0,18,19,5,1,0,0,1,0,0,0,0,1,1,6,6,1,87,11,-1,-1,-1,-1,5,E01029180,0,2
2024302401090,2024,302401090,2,1,0,18,19,5,2,0,0,8,0,0,0,0,1,1,6,6,1,32,6,-1,-1,-1,-1,2,E01013588,0,1
2024430595541,2024,430595541,2,9,0,18,19,1,5,0,0,0,0,0,0,0,3,1,2,2,1,54,8,-1,-1,-1,-1,2,E01022655,0,4
2024141394319,2024,141394319,1,9,-1,-1,-1,-1,-1,-1,-1,0,-1,-1,-1,0,-1,9,-1,9,1,24,5,-1,-1,-1,-1,1,E01007848,0,1
2024010489808,2024,010489808,2,9,9,99,99,9,9,99,99,9,9,99,9,99,9,9,6,6,3,-1,-1,-1,-1,-1,-1,-1,-1,0,-1
2024010553773,2024,010553773,1,1,9,99,99,9,9,99,99,9,9,99,9,99,9,1,6,6,1,25,5,-1,-1,-1,-1,3,E01003631,0,1
2024332400359,2024,332400359,1,1,0,-1,19,1,5,-1,4,0,0,0,0,0,1,1,-1,9,1,38,7,-1,-1,-1,-1,6,E01025763,0,2
2024010527496,2024,010527496,2,1,0,15,15,4,8,0,0,1,0,0,0,0,1,1,6,6,1,35,6,-1,-1,-1,-1,4,E01001087,0,2
2024010521842,2024,010521842,1,1,9,99,99,9,9,99,99,9,9,99,9,99,9,1,2,2,1,32,6,-1,-1,-1,-1,6,E01001070,0,1
2024041515824,2024,041515824,1,9,0,-1,9,7,3,-1,0,1,0,0,0,0,4,9,-1,6,3,-1,-1,-1,-1,-1,-1,-1,-1,0,-1
2024320249580,2024,320249580,1,9,0,-1,-1,3,7,0,0,1,0,0,0,0,4,1,6,6,1,-1,-1,-1,-1,-1,-1,-1,-1,0,-1
2024041431842,2024,041431842,1,9,0,-1,19,1,5,-1,9,0,0,0,0,0,-1,9,-1,6,3,-1,-1,-1,-1,-1,-1,-1,-1,0,-1
2024991448673,2024,991448673,2,9,4,-1,4,8,5,-1,0,0,0,0,0,0,2,1,-1,6,1,54,8,-1,-1,-1,-1,-1,-1,0,-1
2024520402205,2024,520402205,1,9,0,18,19,2,8,0,0,8,0,0,0,0,1,1,6,6,3,-1,-1,-1,-1,-1,-1,-1,-1,0,-1
2024010542238,2024,010542238,1,3,0,5,5,3,7,0,0,8,0,0,0,0,0,1,6,6,1,34,6,-1,-1,-1,-1,-1,-1,0,-1
2024991527520,2024,991527520,2,1,0,-1,19,7,3,-1,0,0,0,0,1,10,2,1,-1,9,1,34,6,-1,-1,-1,-1,4,-1,0,3
2024010495778,2024,010495778,1,9,0,9,9,3,1,0,0,1,0,0,0,0,1,1,2,2,1,45,7,-1,-1,-1,-1,10,E01023551,0,1
2024061414285,2024,061414285,1,1,-1,-1,19,8,6,-1,9,0,0,0,0,0,0,1,-1,6,3,-1,-1,-1,-1,-1,-1,-1,-1,0,-1
2024010543433,2024,010543433,1,1,9,99,99,9,9,99,99,9,9,99,9,99,9,1,2,2,1,48,8,-1,-1,-1,-1,7,E01001212,0,1
2024131493385,2024,131493385,1,9,0,-1,-1,-1,-1,-1,-1,-1,-1,-1,-1,-1,-1,1,-1,6,3,-1,-1,-1,-1,-1,-1,-1,-1,0,-1
2024061474712,2024,061474712,2,9,0,-1,6,6,6,-1,0,1,0,0,0,0,3,1,-1,6,1,39,7,-1,-1,-1,-1,9,E01004937,0,2
2024010537650,2024,010537650,2,9,9,99,99,9,9,99,99,9,9,99,9,99,9,9,6,6,3,-1,-1,-1,-1,-1,-1,-1,-1,0,-1
2024430135782,2024,430135782,1,9,0,18,19,8,4,0,0,0,0,0,2,4,1,1,6,6,1,21,5,-1,-1,-1,-1,3,E01016486,0,4
2024101498631,2024,101498631,2,1,0,-1,19,1,5,-1,0,0,0,8,0,0,1,1,-1,2,1,47,8,-1,-1,-1,-1,3,E01008375,0,1
2024451534779,2024,451534779,2,9,0,-1,13,5,1,-1,0,0,0,0,0,0,4,1,-1,1,1,22,5,-1,-1,-1,-1,10,E01030382,0,1
2024451408491,2024,451408491,1,90,0,-1,19,5,1,-1,0,0,1,10,0,0,3,1,-1,1,1,78,11,-1,-1,-1,-1,10,E01030418,0,1
2024010531021,2024,010531021,2,1,9,99,99,9,9,99,99,9,9,99,9,99,1,1,6,6,3,-1,-1,-1,-1,-1,-1,-1,-1,0,-1
2024070552573,2024,070552573,1,17,0,18,19,7,3,0,0,2,0,0,0,0,1,2,6,6,1,-1,-1,-1,-1,-1,-1,-1,-1,0,-1
2024010508477,2024,010508477,2,9,0,99,99,9,9,99,99,9,9,99,9,99,1,9,6,6,3,-1,-1,-1,-1,-1,-1,-1,-1,0,-1
2024052400647,2024,052400647,1,-1,0,18,19,2,6,0,0,0,0,0,0,0,1,1,6,6,1,10,2,-1,-1,-1,-1,1,E01006909,1,1
2024061528264,2024,061528264,2,1,0,-1,19,4,8,-1,4,8,0,0,0,0,4,1,-1,2,1,62,9,-1,-1,-1,-1,-1,-1,0,-1
2024451504520,2024,451504520,3,9,0,-1,4,5,1,-1,0,0,0,0,0,0,2,1,-1,9,1,24,5,-1,-1,-1,-1,3,E01017228,0,4
2024041494357,2024,041494357,2,9,0,-1,2,3,8,-1,0,0,0,0,0,0,2,1,-1,6,-1,-1,-1,-1,-1,-1,-1,-1,-1,0,-1
2024522401643,2024,522401643,2,9,0,9,9,3,1,0,0,6,1,0,0,0,4,1,6,6,1,-1,-1,-1,-1,-1,-1,-1,-1,0,-1
2024010526776,2024,010526776,1,1,9,99,99,9,9,99,99,9,9,99,9,99,9,1,6,6,1,32,6,-1,-1,-1,-1,3,E01001844,0,1
2024010493868,2024,010493868,1,19,0,4,4,7,3,0,0,1,0,0,0,0,0,1,1,1,1,50,8,-1,-1,-1,-1,1,E01001517,0,4
2024141406458,2024,141406458,1,9,0,-1,19,6,2,-1,0,0,0,0,0,0,1,1,-1,6,2,32,6,-1,-1,-1,-1,3,E01007538,0,1
2024622400337,2024,622400337,1,9,0,9,9,1,7,0,0,2,0,0,0,0,1,1,6,6,2,41,7,-1,-1,-1,-1,9,E01032052,0,4
2024141522078,2024,141522078,1,9,0,-1,1,-1,-1,-1,0,0,0,0,0,0,2,9,-1,6,3,-1,-1,-1,-1,-1,-1,-1,-1,0,-1
2024411489531,2024,411489531,1,90,0,-1,19,-1,-1,-1,0,0,0,0,0,0,3,9,-1,6,1,17,4,-1,-1,-1,-1,-1,-1,0,-1
2024161402740,2024,161402740,2,1,0,-1,19,6,2,-1,0,8,0,0,0,0,4,1,-1,6,1,22,5,-1,-1,-1,-1,8,E01013151,0,2
2024010488750,2024,010488750,2,5,0,18,19,1,5,0,0,8,2,0,0,0,1,1,6,6,1,21,5,-1,-1,-1,-1,2,E01001001,0,1
2024010495551,2024,010495551,2,9,0,99,99,9,9,99,99,9,9,99,9,99,9,9,6,6,3,-1,-1,-1,-1,-1,-1,7,E01001049,0,1
2024010488665,2024,010488665,2,9,0,2,2,0,0,0,0,0,0,4,0,0,1,1,6,6,3,-1,-1,-1,-1,-1,-1,-1,-1,0,-1
2024520403395,2024,520403395,1,1,0,7,7,2,4,0,0,6,0,0,0,0,4,1,6,6,1,66,10,-1,-1,-1,-1,6,E01029275,0,1
2024401477290,2024,401477290,1,9,-1,-1,-1,-1,-1,-1,-1,0,-1,-1,-1,0,-1,9,-1,6,3,-1,-1,-1,-1,-1,-1,-1,-1,0,-1
2024991483251,2024,991483251,1,9,0,-1,19,7,3,-1,0,1,0,0,0,0,1,1,-1,6,1,69,10,-1,-1,-1,-1,7,-1,0,1
2024430000536,2024,430000536,2,9,0,13,13,7,3,0,0,0,0,0,0,0,4,1,6,6,3,-1,-1,-1,-1,-1,-1,-1,-1,0,-1
2024440170287,2024,440170287,2,1,0,18,19,1,5,0,0,8,0,0,0,0,1,1,6,6,1,37,7,-1,-1,-1,-1,3,E01017079,0,1
2024101503407,2024,101503407,1,9,0,-1,19,5,1,-1,0,0,0,0,0,0,4,1,-1,6,2,40,7,-1,-1,-1,-1,7,E01008197,0,1
2024010550381,2024,010550381,2,1,0,13,13,1,5,0,0,1,0,0,0,0,4,1,6,6,1,26,6,-1,-1,-1,-1,5,E01000417,0,1
2024522403426,2024,522403426,2,4,0,18,19,8,4,0,0,8,0,0,0,0,1,1,6,6,1,59,9,-1,-1,-1,-1,4,E01014607,0,1
2024471414006,2024,471414006,2,1,0,-1,19,8,3,-1,0,1,0,0,0,0,1,1,-1,9,1,50,8,-1,-1,-1,-1,8,E01035722,0,4
2024141453185,2024,141453185,2,1,0,-1,19,6,2,-1,2,8,5,0,0,0,1,1,-1,6,2,28,6,-1,-1,-1,-1,1,E01007566,0,4
2024991503656,2024,991503656,1,9,0,-1,5,1,5,-1,0,0,0,0,0,0,1,1,-1,6,1,44,7,-1,-1,-1,-1,7,-1,0,2
2024070360213,2024,070360213,1,1,0,18,19,4,7,0,0,0,0,0,0,0,1,1,6,6,1,-1,-1,-1,-1,-1,-1,1,E01006249,0,1
2024411499094,2024,411499094,2,1,0,-1,19,7,3,-1,0,3,0,0,0,0,2,1,-1,2,1,41,7,-1,-1,-1,-1,9,E01023319,0,1
2024371436966,2024,371436966,1,9,0,-1,13,5,1,-1,0,0,0,0,1,9,1,1,-1,6,1,41,7,-1,-1,-1,-1,2,E01026818,0,4
2024302401345,2024,302401345,2,1,0,18,19,5,1,0,0,8,0,0,0,0,3,1,4,7,1,12,3,-1,-1,-1,-1,8,E01019705,0,1
2024010492475,2024,010492475,1,9,0,99,99,9,9,99,99,9,9,99,9,99,2,9,6,6,1,27,6,-1,-1,-1,-1,3,E01001731,0,1
2024531520744,2024,531520744,2,9,0,-1,12,7,3,-1,0,1,0,0,0,0,0,9,-1,6,-1,-1,-1,-1,-1,-1,-1,-1,-1,0,-1
2024041505985,2024,041505985,1,23,0,-1,19,1,5,-1,0,0,0,0,0,0,3,1,-1,9,1,14,3,-1,-1,-1,-1,2,E01025521,0,1
2024010530598,2024,010530598,1,1,9,99,99,9,9,99,99,9,9,99,9,99,1,1,2,2,1,28,6,-1,-1,-1,-1,4,E01003637,0,1
2024041508554,2024,041508554,2,97,0,-1,13,6,2,-1,0,5,0,0,0,0,1,1,-1,9,2,19,4,-1,-1,-1,-1,10,E01025466,0,1
2024430465753,2024,430465753,1,9,0,18,19,1,5,0,0,1,0,0,0,0,1,1,6,6,1,20,4,-1,-1,-1,-1,-1,-1,0,-1
2024010496388,2024,010496388,2,9,0,2,2,0,0,0,0,0,0,0,0,0,0,1,6,6,3,-1,-1,-1,-1,-1,-1,-1,-1,0,-1
2024131415553,2024,131415553,1,8,0,-1,-1,-1,-1,-1,-1,-1,-1,-1,-1,-1,-1,1,-1,6,3,-1,-1,-1,-1,-1,-1,-1,-1,0,-1
2024010524595,2024,010524595,2,1,0,-1,-1,5,1,0,0,0,0,0,0,0,1,1,1,1,2,29,6,-1,-1,-1,-1,3,E01000007,0,1
2024332400842,2024,332400842,1,9,0,-1,19,1,5,-1,0,2,5,10,2,4,3,1,-1,9,1,88,11,-1,-1,-1,-1,10,E01025783,0,1
2024010493463,2024,010493463,2,-1,0,18,19,3,7,0,0,1,0,0,0,0,1,1,6,6,2,17,4,-1,-1,-1,-1,4,E01004686,1,1
2024010542495,2024,010542495,2,1,9,18,19,9,9,99,99,9,9,99,9,99,0,1,6,6,3,-1,-1,-1,-1,-1,-1,-1,-1,0,-1
2024010496228,2024,010496228,1,9,0,18,19,5,1,0,0,2,0,0,0,0,1,1,6,6,3,-1,-1,-1,-1,-1,-1,-1,-1,0,-1
2024010523789,2024,010523789,1,1,9,18,19,5,1,0,0,9,9,99,0,0,9,1,6,6,1,22,5,-1,-1,-1,-1,8,E01004504,0,1
2024311492939,2024,311492939,2,-1,0,-1,19,7,3,-1,0,0,0,0,0,0,1,2,-1,9,2,18,4,-1,-1,-1,-1,-1,-1,1,-1
2024161512050,2024,161512050,2,9,0,-1,3,5,3,-1,0,1,0,0,0,0,1,1,-1,6,1,45,7,-1,-1,-1,-1,-1,-1,0,-1
2024010517174,2024,010517174,2,1,0,18,19,1,5,0,0,1,0,0,0,0,1,1,6,6,1,8,2,-1,-1,-1,-1,2,E01004541,0,1
2024471402921,2024,471402921,2,4,0,-1,19,5,1,-1,0,1,0,0,0,0,1,1,-1,6,1,37,7,-1,-1,-1,-1,8,E01031474,0,1
2024010540568,2024,010540568,2,1,0,18,19,3,7,0,0,0,0,0,0,0,4,1,6,6,1,27,6,-1,-1,-1,-1,4,E01001370,0,1
2024010510430,2024,010510430,1,9,0,99,99,9,9,99,99,9,9,99,9,99,9,9,6,6,3,-1,-1,-1,-1,-1,-1,-1,-1,0,-1
2024631451545,2024,631451545,2,9,0,-1,9,6,4,-1,0,5,0,0,0,0,3,1,-1,9,2,48,8,-1,-1,-1,-1,7,W01000523,0,4
2024440066592,2024,440066592,1,9,0,9,9,5,3,0,0,5,0,0,0,0,1,1,6,6,1,44,7,-1,-1,-1,-1,9,E01017284,0,2
2024440389281,2024,440389281,1,9,0,4,4,5,1,0,0,1,0,0,0,0,1,1,6,6,3,-1,-1,-1,-1,-1,-1,-1,-1,0,-1
202454A582424,2024,54A582424,1,21,0,18,19,3,7,0,0,0,0,0,0,0,3,1,6,6,3,-1,-1,-1,-1,-1,-1,-1,-1,0,-1
2024471450713,2024,471450713,2,9,0,-1,4,8,4,-1,0,1,0,0,0,0,2,1,-1,9,2,41,7,-1,-1,-1,-1,4,E01020957,0,1
2024010495938,2024,010495938,1,9,0,99,99,9,9,0,0,0,9,99,9,99,2,9,1,1,2,29,6,-1,-1,-1,-1,6,E01001951,0,2
2024010511108,2024,010511108,1,19,9,99,99,9,9,0,0,0,0,99,9,99,9,1,6,6,3,-1,-1,-1,-1,-1,-1,-1,-1,0,-1
2024221510455,2024,221510455,1,9,0,-1,19,4,8,-1,0,0,0,4,0,0,1,9,-1,9,2,27,6,-1,-1,-1,-1,4,E01028836,0,1
2024231491037,2024,231491037,1,9,0,-1,19,2,6,-1,0,0,0,0,0,0,1,9,-1,6,3,45,7,-1,-1,-1,-1,-1,-1,0,-1
2024501496756,2024,501496756,2,9,0,-1,19,3,7,-1,0,1,0,0,1,0,1,1,-1,1,1,50,8,-1,-1,-1,-1,1,E01015030,0,1
2024010522848,2024,010522848,2,1,9,99,99,9,9,99,99,9,9,99,9,99,9,1,6,6,1,33,6,-1,-1,-1,-1,6,E01001935,0,1
2024010530701,2024,010530701,1,1,9,99,99,9,9,99,99,9,9,99,9,99,9,1,6,6,1,25,5,-1,-1,-1,-1,2,E01002100,0,1
2024351508065,2024,351508065,1,21,1,-1,19,1,5,-1,0,0,0,0,0,0,-1,1,-1,6,1,-1,-1,-1,-1,-1,-1,-1,-1,0,-1
2024061527024,2024,061527024,1,1,0,-1,19,-1,-1,-1,0,3,0,0,0,0,2,1,-1,6,1,53,8,-1,-1,-1,-1,8,E01006130,0,1
2024351398966,2024,351398966,1,9,0,-1,13,8,4,-1,0,0,0,0,0,0,3,9,-1,2,1,33,6,-1,-1,-1,-1,5,E01018139,0,4
2024061529021,2024,061529021,1,9,0,-1,9,1,6,-1,0,1,0,0,0,0,1,9,-1,6,1,-1,-1,-1,-1,-1,-1,-1,-1,0,-1
2024201472016,2024,201472016,2,23,0,-1,3,5,1,-1,0,1,5,0,0,0,1,1,-1,6,1,16,4,-1,-1,-1,-1,2,E01010315,0,1
2024440263717,2024,440263717,2,1,0,18,19,3,7,0,0,8,0,0,0,0,1,1,6,6,2,29,6,-1,-1,-1,-1,1,E01017039,0,1
2024501508632,2024,501508632,1,-1,0,-1,19,1,5,-1,0,8,1,0,0,0,1,1,-1,9,1,14,3,-1,-1,-1,-1,3,E01015192,1,1
2024361511147,2024,361511147,2,9,0,-1,9,3,1,-1,0,0,0,0,0,0,3,1,-1,2,1,61,9,-1,-1,-1,-1,4,E01026523,0,1
2024061489780,2024,061489780,1,9,0,-1,19,8,4,-1,0,1,0,0,0,0,1,1,-1,6,3,-1,-1,-1,-1,-1,-1,-1,-1,0,-1
2024991433103,2024,991433103,2,9,0,-1,19,3,7,-1,0,0,0,0,0,0,3,1,-1,9,1,65,9,-1,-1,-1,-1,9,-1,0,2
2024421434458,2024,421434458,1,9,0,-1,19,2,6,-1,0,0,0,0,0,0,0,9,-1,6,3,16,4,-1,-1,-1,-1,-1,-1,0,-1
2024010487180,2024,010487180,2,5,0,18,19,7,3,9,9,0,2,0,6,0,1,1,6,6,1,29,6,-1,-1,-1,-1,4,E01002629,0,1
2024451409997,2024,451409997,2,98,0,-1,2,0,0,-1,0,1,0,0,0,0,2,1,-1,1,1,24,5,-1,-1,-1,-1,6,E01017259,0,4
2024052400934,2024,052400934,1,9,0,5,5,1,5,0,0,1,0,0,0,0,1,1,6,6,1,-1,-1,-1,-1,-1,-1,-1,-1,0,-1
2024010498405,2024,010498405,1,9,0,18,19,3,7,0,0,2,0,0,0,0,1,1,6,6,3,-1,-1,-1,-1,-1,-1,-1,-1,0,-1
2024131468830,2024,131468830,2,1,0,-1,19,5,1,-1,0,8,0,0,0,0,1,1,-1,9,1,50,8,-1,-1,-1,-1,1,E01011138,0,2
2024471530474,2024,471530474,2,1,0,-1,19,6,2,-1,0,8,0,0,0,0,4,1,-1,2,1,39,7,-1,-1,-1,-1,2,E01020911,0,1
2024141489775,2024,141489775,2,1,0,-1,19,5,1,-1,0,2,0,0,0,0,2,1,-1,6,1,16,4,-1,-1,-1,-1,6,E01007615,0,2
2024010491340,2024,010491340,1,9,0,99,99,9,9,99,99,9,9,99,9,99,2,9,6,6,1,56,9,-1,-1,-1,-1,7,E01003419,0,1
2024401526466,2024,401526466,1,9,-1,-1,-1,-1,-1,-1,-1,-1,-1,-1,-1,0,-1,9,-1,6,3,-1,-1,-1,-1,-1,-1,-1,-1,0,-1
2024302400989,2024,302400989,2,1,0,7,7,3,5,0,0,2,0,0,0,0,1,1,6,6,1,53,8,-1,-1,-1,-1,5,E01019456,0,1
2024141508831,2024,141508831,1,9,0,-1,19,8,2,-1,0,0,1,0,0,0,1,1,-1,9,1,20,4,-1,-1,-1,-1,2,E01007391,0,1
2024010489404,2024,010489404,2,3,0,18,19,3,7,0,0,8,0,0,0,0,3,1,1,1,1,26,6,-1,-1,-1,-1,1,E01000643,0,1
2024010537093,2024,010537093,2,1,0,18,19,3,7,4,4,8,1,0,0,0,1,1,2,2,1,25,5,-1,-1,-1,-1,3,E01003112,0,2
2024010494477,2024,010494477,1,3,0,99,99,9,9,99,99,1,9,99,9,99,1,1,1,1,1,21,5,-1,-1,-1,-1,7,E01001308,0,1
2024061431226,2024,061431226,1,9,0,-1,2,0,0,-1,9,2,0,0,0,0,4,1,-1,9,1,21,5,-1,-1,-1,-1,1,E01004839,0,1
2024122400491,2024,122400491,1,9,0,10,10,3,7,0,0,8,0,0,0,0,0,1,6,6,3,-1,-1,-1,-1,-1,-1,-1,-1,0,-1
2024010494561,2024,010494561,2,1,0,5,5,3,7,0,0,8,0,0,0,0,2,1,6,6,2,31,6,-1,-1,-1,-1,4,E01003043,0,1
2024351530725,2024,351530725,1,9,0,-1,-1,-1,-1,-1,-1,-1,-1,-1,-1,0,-1,9,-1,6,2,-1,-1,-1,-1,-1,-1,-1,-1,0,-1
202454T000024,2024,54T000024,2,9,0,18,19,7,3,0,0,4,0,0,0,0,0,1,1,1,3,-1,-1,-1,-1,-1,-1,-1,-1,0,-1
2024351515792,2024,351515792,2,1,0,-1,19,7,3,-1,0,2,0,0,0,0,3,1,-1,6,1,71,10,-1,-1,-1,-1,10,E01018055,0,1
2024430079863,2024,430079863,2,9,0,9,9,6,4,0,0,6,0,0,0,0,1,1,2,2,1,63,9,-1,-1,-1,-1,5,E01017588,0,3
2024320020166,2024,320020166,1,9,0,-1,-1,5,1,0,0,0,1,0,1,0,4,1,-1,-1,2,28,6,-1,-1,-1,-1,-1,-1,0,-1
2024461530215,2024,461530215,1,21,1,-1,12,3,7,-1,0,0,0,0,0,0,1,2,-1,1,1,26,6,-1,-1,-1,-1,-1,-1,0,-1
2024010492872,2024,010492872,2,1,0,5,5,7,3,0,0,6,0,0,0,0,2,1,2,2,1,57,9,-1,-1,-1,-1,4,E01001898,0,1
2024010500449,2024,010500449,2,1,0,18,19,8,4,0,0,1,0,0,0,0,3,1,6,6,1,19,4,-1,-1,-1,-1,3,E01003983,0,1
2024010526100,2024,010526100,2,1,0,18,19,1,5,4,4,0,0,0,0,0,2,1,2,2,1,26,6,-1,-1,-1,-1,2,E01004423,0,1
2024201512438,2024,201512438,2,1,0,-1,6,5,1,-1,0,0,0,0,0,0,3,1,-1,9,1,38,7,-1,-1,-1,-1,2,E01009006,0,1
2024311537483,2024,311537483,1,9,0,-1,7,5,1,-1,9,0,5,0,0,0,3,1,-1,6,1,26,6,-1,-1,-1,-1,6,E01028034,0,1
2024010557631,2024,010557631,2,1,9,99,99,9,9,99,99,9,9,99,9,99,9,1,6,6,1,-1,-1,-1,-1,-1,-1,-1,-1,0,-1
2024010515649,2024,010515649,1,1,9,99,99,9,9,99,99,0,9,99,9,99,9,1,2,2,1,45,7,-1,-1,-1,-1,9,E01001305,0,2
2024010494318,2024,010494318,2,9,0,99,99,9,9,99,99,9,9,99,9,99,1,9,6,6,2,-1,-1,-1,-1,-1,-1,8,E01004170,0,3
2024340NN4512,2024,340NN4512,2,22,0,-1,19,7,3,-1,0,0,5,0,0,0,1,1,-1,6,1,39,7,-1,-1,-1,-1,3,E01027065,0,1
2024320757284,2024,320757284,2,9,0,-1,-1,8,4,0,0,4,0,0,0,0,1,1,6,6,3,-1,-1,-1,-1,-1,-1,-1,-1,0,-1
2024101511552,2024,101511552,1,-1,0,-1,19,8,5,-1,0,3,0,0,0,0,1,1,-1,6,1,44,7,-1,-1,-1,-1,7,E01008467,1,1
2024991483156,2024,991483156,4,9,0,-1,2,0,0,-1,0,0,0,0,0,0,3,1,-1,6,-1,-1,-1,-1,-1,-1,-1,-1,-1,0,-1
2024010492575,2024,010492575,1,9,0,4,4,7,3,9,9,0,0,4,7,4,1,1,6,6,2,66,10,-1,-1,-1,-1,4,E01033789,0,3
2024010488461,2024,010488461,2,9,0,99,99,9,9,99,99,9,9,99,9,99,9,9,6,6,1,58,9,-1,-1,-1,-1,2,E01002748,0,1
2024010495852,2024,010495852,3,1,9,99,99,9,9,99,99,9,9,99,9,99,9,1,6,6,1,-1,-1,-1,-1,-1,-1,-1,-1,0,-1
2024311454845,2024,311454845,1,9,0,-1,19,8,8,-1,0,0,0,0,0,0,0,1,-1,6,3,16,4,-1,-1,-1,-1,-1,-1,0,-1
2024010542307,2024,010542307,2,9,0,99,99,9,9,99,99,9,9,99,9,99,1,9,6,6,3,-1,-1,-1,-1,-1,-1,-1,-1,0,-1
2024131448010,2024,131448010,2,1,0,-1,19,1,1,-1,0,6,0,0,0,0,1,1,-1,9,1,6,2,-1,-1,-1,-1,1,E01010926,0,1
2024010516335,2024,010516335,2,19,0,99,99,9,9,99,99,9,9,99,9,99,9,9,6,6,3,-1,-1,-1,-1,-1,-1,-1,-1,0,-1
2024401447565,2024,401447565,2,90,0,-1,19,5,1,-1,0,1,0,0,0,0,-1,9,-1,6,1,-1,-1,-1,-1,-1,-1,-1,-1,0,-1
2024010496967,2024,010496967,1,3,0,99,99,9,9,99,99,9,9,99,9,99,9,1,1,1,2,29,6,-1,-1,-1,-1,3,E01003143,0,2
2024440094655,2024,440094655,2,9,0,5,5,2,6,0,0,4,0,0,0,0,1,1,6,6,1,55,8,-1,-1,-1,-1,4,E01017275,0,1
2024101416384,2024,101416384,1,97,0,-1,19,3,7,-1,0,0,0,0,0,0,1,1,-1,6,1,15,3,-1,-1,-1,-1,-1,-1,0,-1
2024302401258,2024,302401258,2,9,0,7,7,5,7,0,0,0,0,0,1,9,2,1,6,6,1,57,9,-1,-1,-1,-1,10,E01013527,0,1
202460Q112200,2024,60Q112200,1,97,0,4,4,1,5,0,0,0,5,0,0,0,4,1,6,6,1,80,11,-1,-1,-1,-1,-1,-1,0,-1
2024052401779,2024,052401779,2,1,0,18,19,1,5,0,0,0,0,0,0,0,4,1,2,2,1,52,8,-1,-1,-1,-1,1,E01007293,0,1
2024471452198,2024,471452198,1,21,0,-1,19,3,7,-1,0,0,0,0,7,0,3,1,-1,1,1,61,9,-1,-1,-1,-1,10,E01022746,0,4
2024101429879,2024,101429879,2,9,0,-1,4,1,5,-1,0,0,0,0,0,0,2,1,-1,6,1,76,11,-1,-1,-1,-1,8,E01008627,0,1
2024010494806,2024,010494806,1,9,0,7,7,7,8,0,0,0,0,10,0,0,0,1,6,6,2,76,11,-1,-1,-1,-1,5,E01004676,0,1
2024461401895,2024,461401895,1,9,0,-1,19,6,3,-1,0,2,2,0,0,0,1,9,-1,2,1,48,8,-1,-1,-1,-1,4,E01024565,0,1
2024161494328,2024,161494328,1,9,0,-1,7,7,1,-1,0,8,0,0,0,0,1,1,-1,6,3,-1,-1,-1,-1,-1,-1,-1,-1,0,-1
2024010491128,2024,010491128,2,1,0,18,19,3,7,0,0,6,9,0,0,0,1,1,6,6,2,25,5,-1,-1,-1,-1,4,E01004729,0,1
2024522403416,2024,522403416,1,1,0,18,19,4,8,0,0,8,0,0,0,0,1,1,6,6,1,36,7,-1,-1,-1,-1,5,E01014720,0,1
2024010498432,2024,010498432,1,9,0,18,19,1,5,9,9,1,0,0,0,0,4,1,6,6,3,34,6,-1,-1,-1,-1,-1,-1,0,-1
2024141509708,2024,141509708,2,9,0,-1,2,0,0,-1,0,0,0,0,0,0,2,1,-1,6,-1,-1,-1,-1,-1,-1,-1,-1,-1,0,-1
2024041502653,2024,041502653,1,9,0,-1,8,7,1,-1,0,0,0,0,0,0,1,1,-1,6,1,53,8,-1,-1,-1,-1,4,E01034344,0,1
2024061464009,2024,061464009,2,9,0,-1,99,5,1,-1,0,1,0,0,0,0,1,1,-1,6,3,-1,-1,-1,-1,-1,-1,-1,-1,0,-1
2024161513865,2024,161513865,2,9,0,-1,19,4,8,-1,0,2,0,0,0,0,1,9,-1,6,3,-1,-1,-1,-1,-1,-1,-1,-1,0,-1