collision_index,collision_year,collision_ref_no,vehicle_reference,vehicle_type,towing_and_articulation,vehicle_manoeuvre_historic,vehicle_manoeuvre,vehicle_direction_from,vehicle_direction_to,vehicle_location_restricted_lane_historic,vehicle_location_restricted_lane,junction_location,skidding_and_overturning,hit_object_in_carriageway,vehicle_leaving_carriageway,hit_object_off_carriageway,first_point_of_impact,vehicle_left_hand_drive,journey_purpose_of_driver_historic,journey_purpose_of_driver,sex_of_driver,age_of_driver,age_band_of_driver,engine_capacity_cc,propulsion_code,age_of_vehicle,generic_make_model,driver_imd_decile,lsoa_of_driver,escooter_flag,driver_distance_banding
2024471402345,2024,471402345,1,9,0,-1,9,5,2,-1,0,5,0,0,0,0,1,1,-1,7,2,17,4,-1,-1,-1,-1,9,E01021208,0,1
2024311480137,2024,311480137,2,-1,0,-1,19,5,1,-1,0,6,5,0,8,0,1,1,-1,6,2,28,6,-1,-1,-1,-1,1,E01013864,1,1
2024010540169,2024,010540169,1,1,9,3,3,9,9,99,99,2,9,99,9,99,9,1,2,2,1,45,7,-1,-1,-1,-1,6,E01003954,0,1
2024131416433,2024,131416433,2,1,0,-1,19,5,1,-1,2,0,0,0,0,0,0,1,-1,2,1,34,6,-1,-1,-1,-1,8,E01011690,0,1
2024221518532,2024,221518532,2,1,0,-1,19,6,2,-1,0,4,0,0,0,0,2,1,-1,2,1,20,4,-1,-1,-1,-1,9,E01028966,0,1
2024311488615,2024,311488615,1,9,0,-1,19,3,7,-1,0,0,1,0,0,0,1,1,-1,9,2,38,7,-1,-1,-1,-1,-1,-1,0,-1
2024010541756,2024,010541756,2,1,9,99,99,9,9,99,99,9,9,99,9,99,9,1,6,6,3,-1,-1,-1,-1,-1,-1,-1,-1,0,-1
2024010495608,2024,010495608,1,4,0,13,13,5,1,0,0,8,2,0,0,0,1,1,2,2,1,25,5,-1,-1,-1,-1,3,E01001834,0,3
2024010496472,2024,010496472,2,-1,0,3,3,2,6,0,0,1,0,0,0,0,0,1,6,6,1,22,5,-1,-1,-1,-1,4,E01002620,1,1
2024010497907,2024,010497907,1,9,0,99,99,9,9,99,99,9,9,99,9,99,2,9,6,6,3,-1,-1,-1,-1,-1,-1,-1,-1,0,-1
2024531510998,2024,531510998,1,9,0,-1,19,4,8,-1,0,0,0,0,0,0,1,1,-1,9,1,57,9,-1,-1,-1,-1,6,E01022155,0,4
2024010511335,2024,010511335,2,1,0,18,19,5,1,0,0,1,0,0,0,0,4,1,6,6,2,65,9,-1,-1,-1,-1,8,E01004751,0,1
2024371419484,2024,371419484,2,1,0,-1,19,-1,-1,-1,0,1,0,0,0,0,1,1,-1,2,1,31,6,-1,-1,-1,-1,6,E01030005,0,1
2024991410018,2024,991410018,1,1,0,-1,19,1,5,-1,0,3,2,0,0,0,4,1,-1,2,1,60,9,-1,-1,-1,-1,8,-1,0,1
2024610012924,2024,610012924,2,3,0,18,19,7,3,0,0,0,0,0,0,0,4,1,6,6,1,53,8,-1,-1,-1,-1,3,W01001353,0,1
2024010509721,2024,010509721,1,1,9,99,99,9,9,99,99,1,9,99,9,99,9,1,2,2,1,48,8,-1,-1,-1,-1,4,E01003484,0,2
2024471417374,2024,471417374,3,98,0,-1,19,8,4,-1,0,0,0,0,0,0,0,9,-1,6,-1,-1,-1,-1,-1,-1,-1,-1,-1,0,-1
2024340WN1202,2024,340WN1202,1,9,0,-1,19,5,1,-1,0,6,0,0,0,0,1,1,-1,6,2,-1,-1,-1,-1,-1,-1,-1,-1,0,-1
2024010491798,2024,010491798,2,1,0,18,19,5,1,4,4,0,0,8,1,0,1,1,2,2,2,34,6,-1,-1,-1,-1,5,E01001168,0,1
2024010490043,2024,010490043,2,4,0,3,3,8,4,0,0,1,0,0,0,0,2,1,6,6,1,40,7,-1,-1,-1,-1,5,E01033739,0,1
2024991443777,2024,991443777,2,1,0,-1,15,1,5,-1,0,1,0,8,0,0,3,1,-1,2,2,28,6,-1,-1,-1,-1,2,-1,0,1
2024010528491,2024,010528491,2,9,0,18,19,9,9,99,99,9,9,99,9,99,1,9,6,6,3,-1,-1,-1,-1,-1,-1,3,E01003073,0,1
2024547341624,2024,547341624,1,1,0,18,19,1,5,0,0,1,0,0,0,0,3,1,6,6,1,7,2,-1,-1,-1,-1,8,E01032704,0,1
2024302401411,2024,302401411,1,21,1,11,11,5,1,0,0,1,0,0,0,0,4,1,1,1,2,43,7,-1,-1,-1,-1,2,-1,0,5
2024131455061,2024,131455061,1,9,0,-1,-1,-1,-1,-1,-1,0,-1,-1,-1,0,3,1,-1,6,3,-1,-1,-1,-1,-1,-1,-1,-1,0,-1
2024041469955,2024,041469955,1,9,0,-1,19,3,7,-1,0,0,0,0,0,0,1,1,-1,6,3,-1,-1,-1,-1,-1,-1,-1,-1,0,-1
2024052402059,2024,052402059,1,9,0,18,19,4,8,0,0,0,0,0,0,0,1,1,6,6,3,-1,-1,-1,-1,-1,-1,-1,-1,0,-1
202417L303924,2024,17L303924,2,9,0,-1,19,7,3,-1,0,0,0,0,0,0,1,1,-1,6,1,-1,-1,-1,-1,-1,-1,-1,-1,0,-1
2024991527101,2024,991527101,1,1,0,-1,3,7,1,-1,0,1,0,0,0,0,4,1,-1,6,1,27,6,-1,-1,-1,-1,-1,-1,0,-1
2024461475569,2024,461475569,2,1,0,-1,4,6,2,-1,0,1,0,0,0,0,0,1,-1,9,1,85,11,-1,-1,-1,-1,7,E01024113,0,1
2024061453332,2024,061453332,2,1,0,-1,19,2,5,-1,0,1,0,0,0,0,1,1,-1,9,1,51,8,-1,-1,-1,-1,5,E01005153,0,1
2024101440183,2024,101440183,2,1,0,-1,19,6,2,-1,0,0,0,0,0,0,3,1,-1,9,1,7,2,-1,-1,-1,-1,1,E01008858,0,1
2024010551761,2024,010551761,3,9,0,18,19,3,7,0,0,1,0,0,0,0,2,1,6,6,2,18,4,-1,-1,-1,-1,6,E01032619,0,3
2024991448476,2024,991448476,2,1,0,-1,19,5,1,-1,9,0,0,8,0,0,1,1,-1,6,1,11,3,-1,-1,-1,-1,-1,-1,0,-1
2024302401498,2024,302401498,2,9,0,3,3,8,4,0,0,0,0,0,0,0,0,1,6,6,3,-1,-1,-1,-1,-1,-1,5,E01019456,0,4
2024320704702,2024,320704702,1,9,0,-1,-1,2,6,0,0,0,0,0,0,0,1,1,-1,-1,1,21,5,-1,-1,-1,-1,5,E01026276,0,2
2024161417946,2024,161417946,1,1,0,-1,19,3,7,-1,4,1,1,0,0,0,0,1,-1,9,2,34,6,-1,-1,-1,-1,2,E01033104,0,1
2024552401402,2024,552401402,1,9,0,18,19,7,3,0,0,0,0,0,0,0,4,1,6,6,3,-1,-1,-1,-1,-1,-1,-1,-1,0,-1
2024451419857,2024,451419857,1,9,0,-1,19,3,7,-1,0,1,0,0,0,0,1,1,-1,2,2,25,5,-1,-1,-1,-1,5,E01030946,0,1
2024522403040,2024,522403040,2,9,0,9,9,6,5,0,0,5,0,0,0,0,3,1,6,6,3,-1,-1,-1,-1,-1,-1,-1,-1,0,-1
2024440502083,2024,440502083,2,1,0,18,19,4,8,0,0,2,0,0,0,0,1,1,6,6,1,51,8,-1,-1,-1,-1,6,E01022701,0,3
2024010518398,2024,010518398,1,1,9,99,99,9,9,99,99,9,9,99,9,99,9,1,6,6,1,50,8,-1,-1,-1,-1,5,E01000916,0,3
2024052400062,2024,052400062,1,9,0,18,19,7,3,0,0,1,0,0,0,0,1,1,6,6,3,-1,-1,-1,-1,-1,-1,-1,-1,0,-1
2024010539968,2024,010539968,2,1,0,18,19,1,5,0,0,1,0,0,0,0,1,1,6,6,1,18,4,-1,-1,-1,-1,4,E01003529,0,1
2024320396860,2024,320396860,1,22,0,18,19,2,6,9,9,0,5,0,1,0,4,1,6,6,1,93,11,-1,-1,-1,-1,2,E01026030,0,1
2024101449764,2024,101449764,1,97,0,-1,19,7,3,-1,0,1,2,11,0,0,4,1,-1,9,1,32,6,-1,-1,-1,-1,7,E01008279,0,1
2024451411953,2024,451411953,2,9,0,-1,2,8,4,-1,0,0,0,0,0,0,2,1,-1,6,-1,-1,-1,-1,-1,-1,-1,-1,-1,0,-1
2024010537492,2024,010537492,2,1,0,18,19,8,4,0,0,8,0,0,0,0,0,1,1,1,1,38,7,-1,-1,-1,-1,5,E01003494,0,3
2024430227257,2024,430227257,1,9,0,16,19,4,8,0,0,0,1,0,7,0,3,1,6,6,2,50,8,-1,-1,-1,-1,4,E01028819,0,2
2024010543555,2024,010543555,2,1,9,99,99,9,9,99,99,9,9,99,9,99,9,1,6,6,3,-1,-1,-1,-1,-1,-1,-1,-1,0,-1
2024010490829,2024,010490829,2,9,0,99,99,9,9,99,99,9,0,99,9,99,9,9,6,6,3,-1,-1,-1,-1,-1,-1,-1,-1,0,-1
2024010533475,2024,010533475,2,-1,0,16,19,1,2,0,0,2,0,0,0,0,3,1,6,6,1,47,8,-1,-1,-1,-1,3,E01003221,1,1
2024430301573,2024,430301573,1,1,0,18,19,8,4,0,0,8,0,0,0,0,9,1,6,6,2,11,3,-1,-1,-1,-1,7,E01033962,0,1
2024010487452,2024,010487452,2,11,0,5,5,1,5,0,0,1,0,0,0,0,1,1,1,1,1,21,5,-1,-1,-1,-1,3,E01003275,0,1
2024471515194,2024,471515194,3,9,0,-1,19,7,3,-1,0,0,0,2,0,0,4,9,-1,6,3,-1,-1,-1,-1,-1,-1,-1,-1,0,-1
2024201522825,2024,201522825,2,1,0,-1,19,4,8,-1,0,8,0,0,0,0,1,1,-1,6,1,46,8,-1,-1,-1,-1,7,E01010345,0,3
2024311431027,2024,311431027,2,1,0,-1,19,8,4,-1,0,0,0,0,0,0,1,1,-1,6,1,13,3,-1,-1,-1,-1,-1,-1,0,-1
2024991457063,2024,991457063,4,9,0,-1,10,8,4,-1,0,5,0,0,0,0,0,9,-1,6,-1,50,8,-1,-1,-1,-1,-1,-1,0,-1
202417L108424,2024,17L108424,2,9,0,-1,9,6,4,-1,0,4,0,0,0,0,1,1,-1,6,3,-1,-1,-1,-1,-1,-1,-1,-1,0,-1
2024440105684,2024,440105684,1,9,0,18,19,8,4,0,0,1,0,0,0,0,1,1,6,6,1,30,6,-1,-1,-1,-1,4,E01017192,0,2
2024430549633,2024,430549633,1,1,0,18,19,8,4,0,0,1,0,0,0,0,9,1,6,6,1,17,4,-1,-1,-1,-1,1,E01016811,0,1
2024302400217,2024,302400217,3,9,0,18,19,8,4,0,0,8,0,0,0,0,1,1,1,1,1,31,6,-1,-1,-1,-1,8,E01019609,0,2
2024010516780,2024,010516780,1,9,0,9,9,5,3,0,0,8,0,0,0,0,1,1,6,6,1,47,8,-1,-1,-1,-1,5,E01001251,0,1
2024101482755,2024,101482755,4,9,0,-1,19,6,2,-1,0,1,0,0,0,0,3,1,-1,1,1,56,9,-1,-1,-1,-1,10,E01008421,0,1
2024522401626,2024,522401626,1,9,0,3,3,5,1,0,0,1,0,0,0,0,2,1,6,6,2,37,7,-1,-1,-1,-1,10,E01014878,0,1
2024302400026,2024,302400026,2,9,0,9,9,6,4,0,0,5,0,0,0,0,1,1,2,2,1,-1,-1,-1,-1,-1,-1,-1,-1,0,-1
2024010491042,2024,010491042,2,9,0,99,99,9,9,99,99,9,9,99,9,99,9,9,6,6,3,-1,-1,-1,-1,-1,-1,-1,-1,0,-1
2024041396094,2024,041396094,1,9,0,-1,13,8,4,-1,0,0,0,0,7,11,1,1,-1,2,1,32,6,-1,-1,-1,-1,8,E01012583,0,3
2024161419697,2024,161419697,2,1,0,-1,19,3,7,-1,0,0,0,0,0,0,4,1,-1,6,1,60,9,-1,-1,-1,-1,1,E01012809,0,1
2024552400188,2024,552400188,2,9,0,5,5,8,4,0,0,0,0,0,0,0,1,1,6,6,2,76,11,-1,-1,-1,-1,7,E01015454,0,1
2024991524998,2024,991524998,2,9,0,-1,2,0,0,-1,0,0,0,0,0,0,2,1,-1,6,-1,-1,-1,-1,-1,-1,-1,-1,-1,0,-1
2024101455319,2024,101455319,2,19,0,-1,10,1,5,-1,0,0,0,0,0,0,1,1,-1,6,1,50,8,-1,-1,-1,-1,6,E01035634,0,4
2024010487469,2024,010487469,1,9,0,9,9,1,7,0,0,8,0,0,0,0,1,1,6,6,2,48,8,-1,-1,-1,-1,2,E01001955,0,1
2024461411760,2024,461411760,2,9,0,-1,19,7,3,-1,0,0,0,0,0,0,1,1,-1,2,1,23,5,-1,-1,-1,-1,6,E01024234,0,4
2024010487818,2024,010487818,2,9,0,13,13,3,7,0,0,0,0,0,0,0,2,1,6,6,1,57,9,-1,-1,-1,-1,3,E01000100,0,2
2024122500227,2024,122500227,2,1,0,5,5,7,3,0,0,4,0,0,0,0,1,1,6,6,1,33,6,-1,-1,-1,-1,3,E01013366,0,1
2024401466229,2024,401466229,1,9,0,-1,19,7,3,-1,0,2,0,0,0,0,3,1,-1,9,1,75,10,-1,-1,-1,-1,7,E01017478,0,2
2024450512335,2024,450512335,1,1,0,10,10,5,2,0,0,5,5,0,0,0,2,1,6,6,1,47,8,-1,-1,-1,-1,10,E01004105,0,1
2024461498901,2024,461498901,1,19,0,-1,19,7,4,-1,0,0,0,0,0,0,1,2,-1,1,1,24,5,-1,-1,-1,-1,-1,-1,0,-1
2024052402177,2024,052402177,1,9,0,5,5,6,2,0,0,1,0,0,0,0,1,1,6,6,3,-1,-1,-1,-1,-1,-1,-1,-1,0,-1
2024421473652,2024,421473652,2,1,0,-1,4,8,4,-1,0,0,0,0,0,0,2,1,-1,9,1,49,8,-1,-1,-1,-1,4,E01004355,0,2
2024010541006,2024,010541006,1,1,9,18,19,9,9,99,99,0,9,99,9,99,9,1,2,2,1,41,7,-1,-1,-1,-1,5,E01000975,0,1
2024201527048,2024,201527048,1,9,0,-1,9,5,3,-1,0,5,0,0,0,0,1,1,-1,6,3,23,5,-1,-1,-1,-1,-1,-1,0,-1
2024411455209,2024,411455209,2,1,-1,-1,2,5,1,-1,0,1,0,0,0,0,3,1,-1,9,1,22,5,-1,-1,-1,-1,6,E01023388,0,1
2024211520015,2024,211520015,1,9,0,-1,13,5,1,-1,0,0,0,0,0,0,3,1,-1,6,3,-1,-1,-1,-1,-1,-1,-1,-1,0,-1
2024010495774,2024,010495774,2,9,0,99,99,9,9,99,99,9,9,99,9,99,9,9,6,6,3,-1,-1,-1,-1,-1,-1,-1,-1,0,-1
2024031517399,2024,031517399,2,1,0,-1,19,6,2,-1,0,0,0,0,0,0,1,1,-1,2,2,-1,-1,-1,-1,-1,-1,-1,-1,0,-1
2024546727424,2024,546727424,1,9,0,16,19,8,4,0,0,3,0,0,0,0,1,1,3,7,2,53,8,-1,-1,-1,-1,7,E01032077,0,1
2024211528870,2024,211528870,2,1,0,-1,10,4,8,-1,0,1,0,0,0,0,3,1,-1,6,1,23,5,-1,-1,-1,-1,7,E01033750,0,4
2024010488106,2024,010488106,1,9,0,99,99,9,9,99,99,9,9,99,9,99,9,9,6,6,1,38,7,-1,-1,-1,-1,3,E01001834,0,1
2024141467604,2024,141467604,3,10,0,-1,2,0,0,-1,9,1,0,0,0,0,0,1,-1,6,-1,-1,-1,-1,-1,-1,-1,-1,-1,0,-1
2024221470682,2024,221470682,1,1,0,-1,19,1,5,-1,0,1,0,0,0,0,1,1,-1,6,1,16,4,-1,-1,-1,-1,-1,-1,0,-1
2024361474700,2024,361474700,1,9,0,-1,19,1,5,-1,0,0,0,0,0,0,1,1,-1,9,1,61,9,-1,-1,-1,-1,4,E01026806,0,1
2024141505723,2024,141505723,1,9,0,-1,19,3,7,-1,0,0,2,11,0,0,1,1,-1,6,1,29,6,-1,-1,-1,-1,8,E01011181,0,3
2024010488590,2024,010488590,1,3,0,99,99,9,9,99,99,9,9,99,9,99,1,1,6,6,1,19,4,-1,-1,-1,-1,4,E01032764,0,1
2024010500338,2024,010500338,2,9,0,99,99,9,9,99,99,0,9,99,9,99,9,9,6,6,3,-1,-1,-1,-1,-1,-1,2,E01000431,0,1
2024991487904,2024,991487904,2,1,0,-1,19,4,8,-1,0,8,0,0,0,0,1,1,-1,9,1,62,9,-1,-1,-1,-1,1,-1,0,1
2024411452545,2024,411452545,2,9,0,-1,2,0,0,-1,9,0,0,0,0,0,1,1,-1,6,-1,-1,-1,-1,-1,-1,-1,-1,-1,0,-1
2024010542308,2024,010542308,1,1,9,99,99,9,9,99,99,9,9,99,9,99,1,1,6,6,1,28,6,-1,-1,-1,-1,4,E01002070,0,1
2024010532553,2024,010532553,2,1,0,17,19,5,1,0,0,2,0,0,0,0,1,1,6,6,1,28,6,-1,-1,-1,-1,3,E01001733,0,1
2024010548066,2024,010548066,1,9,0,18,19,5,1,0,0,8,0,0,0,0,4,1,6,6,3,-1,-1,-1,-1,-1,-1,-1,-1,0,-1
2024622400835,2024,622400835,2,9,0,18,19,2,6,0,0,1,0,0,0,0,1,1,6,6,1,19,4,-1,-1,-1,-1,8,W01001755,0,1
2024371410922,2024,371410922,1,98,0,-1,7,7,1,-1,0,8,0,0,0,0,2,1,-1,6,3,-1,-1,-1,-1,-1,-1,-1,-1,0,-1
2024010540399,2024,010540399,2,1,0,18,19,7,3,0,0,2,0,0,0,0,1,1,6,6,1,20,4,-1,-1,-1,-1,3,E01000095,0,1
2024010524525,2024,010524525,2,9,0,99,99,9,9,99,99,9,9,99,9,99,1,9,6,6,3,-1,-1,-1,-1,-1,-1,3,E01002627,0,1
2024340NN0782,2024,340NN0782,1,9,0,-1,19,2,6,-1,0,0,1,0,1,11,1,1,-1,6,1,25,5,-1,-1,-1,-1,4,E01027327,0,1
2024201513842,2024,201513842,2,1,0,-1,19,6,2,-1,0,8,0,0,0,0,1,1,-1,6,1,14,3,-1,-1,-1,-1,10,E01010181,0,1
202460Q076696,2024,60Q076696,2,1,0,18,19,1,5,0,0,1,0,0,0,0,3,1,6,6,1,54,8,-1,-1,-1,-1,-1,-1,0,-1
2024471413196,2024,471413196,2,9,-1,-1,1,4,-1,-1,0,1,0,0,0,0,2,9,-1,6,2,-1,-1,-1,-1,-1,-1,-1,-1,0,-1
2024201452007,2024,201452007,1,9,0,-1,19,5,1,-1,0,1,0,0,0,0,1,9,-1,6,1,60,9,-1,-1,-1,-1,-1,-1,0,-1
2024332400026,2024,332400026,1,1,0,-1,19,1,5,-1,0,8,0,0,0,0,3,1,-1,6,1,40,7,-1,-1,-1,-1,3,E01013683,0,1
2024320304818,2024,320304818,2,1,0,9,9,4,2,0,0,5,5,0,0,0,2,1,6,6,1,65,9,-1,-1,-1,-1,8,E01026237,0,3
2024320660384,2024,320660384,1,19,0,-1,-1,4,8,0,0,1,0,0,0,0,3,1,6,6,2,-1,-1,-1,-1,-1,-1,-1,-1,0,-1
2024332400485,2024,332400485,2,9,0,-1,9,4,2,-1,0,6,0,0,0,0,3,1,-1,6,3,-1,-1,-1,-1,-1,-1,-1,-1,0,-1
2024332400812,2024,332400812,1,9,0,-1,19,1,5,-1,0,2,0,0,0,0,0,1,-1,6,1,68,10,-1,-1,-1,-1,-1,-1,0,-1
2024201406143,2024,201406143,1,9,0,-1,19,2,6,-1,0,0,0,0,0,0,1,1,-1,6,1,20,4,-1,-1,-1,-1,-1,-1,0,-1
2024010495016,2024,010495016,1,9,0,4,4,5,1,0,0,2,0,0,0,0,1,1,6,6,2,26,6,-1,-1,-1,-1,4,E01003031,0,2
2024010558225,2024,010558225,2,90,0,99,99,9,9,99,99,9,9,99,9,99,9,9,6,6,3,-1,-1,-1,-1,-1,-1,-1,-1,0,-1
2024351429897,2024,351429897,1,9,0,-1,19,5,1,-1,0,0,1,0,8,0,1,1,-1,6,1,-1,-1,-1,-1,-1,-1,-1,-1,0,-1
2024451413054,2024,451413054,2,9,0,-1,19,1,5,-1,0,1,0,0,0,0,1,1,-1,9,2,19,4,-1,-1,-1,-1,7,E01030591,0,1
2024340NN2362,2024,340NN2362,1,9,0,-1,9,1,6,-1,0,8,0,0,3,1,1,1,-1,1,2,81,11,-1,-1,-1,-1,9,E01027042,0,1
2024501440564,2024,501440564,1,9,0,-1,5,5,1,-1,0,1,0,0,0,0,1,1,-1,1,1,35,6,-1,-1,-1,-1,4,E01019013,0,4
2024201466723,2024,201466723,2,9,0,-1,19,6,2,-1,0,8,0,0,0,0,2,1,-1,6,1,45,7,-1,-1,-1,-1,2,E01034745,0,1
2024522401401,2024,522401401,2,1,0,18,19,2,6,0,0,1,0,0,0,0,1,1,6,6,1,36,7,-1,-1,-1,-1,4,E01014632,0,1
2024531510549,2024,531510549,3,9,0,-1,19,8,4,-1,0,1,0,1,0,0,1,1,-1,2,2,21,5,-1,-1,-1,-1,9,E01028485,0,4
2024061394078,2024,061394078,1,9,0,-1,19,7,4,-1,0,1,0,0,0,0,1,1,-1,9,1,51,8,-1,-1,-1,-1,1,E01005338,0,1
2024010509735,2024,010509735,2,1,0,18,19,1,5,4,4,8,0,0,0,0,1,1,6,6,1,37,7,-1,-1,-1,-1,4,E01000639,0,1
2024522403231,2024,522403231,1,-1,0,18,19,9,9,9,9,8,0,0,0,0,1,1,6,6,1,-1,-1,-1,-1,-1,-1,-1,-1,1,-1
2024461407048,2024,461407048,1,19,0,-1,9,7,5,-1,0,0,0,0,0,0,1,1,-1,9,2,38,7,-1,-1,-1,-1,5,E01002326,0,4
2024440546597,2024,440546597,2,1,0,18,19,4,8,0,0,1,0,0,0,0,3,1,6,6,1,12,3,-1,-1,-1,-1,5,E01022814,0,1
2024401523176,2024,401523176,1,9,0,-1,15,5,1,-1,0,1,0,0,7,0,1,1,-1,6,1,93,11,-1,-1,-1,-1,9,E01017372,0,1
2024041397380,2024,041397380,2,9,0,-1,3,5,1,-1,0,0,0,0,0,0,4,1,-1,6,1,27,6,-1,-1,-1,-1,7,E01025487,0,1
2024161500697,2024,161500697,1,1,0,-1,7,8,2,-1,0,1,0,0,0,0,1,1,-1,6,3,-1,-1,-1,-1,-1,-1,-1,-1,0,-1
2024211533760,2024,211533760,2,9,0,-1,19,1,5,-1,0,1,0,0,0,0,1,1,-1,6,3,-1,-1,-1,-1,-1,-1,-1,-1,0,-1
2024320630226,2024,320630226,2,1,0,-1,-1,2,6,0,0,8,0,0,0,0,1,1,-1,-1,1,28,6,-1,-1,-1,-1,6,E01026151,0,1
2024430207535,2024,430207535,1,9,0,7,7,3,5,0,0,5,0,0,0,0,2,1,6,6,2,39,7,-1,-1,-1,-1,10,E01035754,0,3
2024991428014,2024,991428014,2,90,0,-1,3,4,8,-1,0,0,0,0,0,0,3,1,-1,6,1,65,9,-1,-1,-1,-1,4,-1,0,1
2024201444070,2024,201444070,1,9,0,-1,1,1,5,-1,0,2,0,0,0,0,2,9,-1,6,1,25,5,-1,-1,-1,-1,-1,-1,0,-1
2024451444226,2024,451444226,1,9,0,-1,19,3,7,-1,0,1,0,0,1,0,1,1,-1,6,-1,-1,-1,-1,-1,-1,-1,-1,-1,0,-1
2024401432183,2024,401432183,2,9,0,-1,9,2,6,-1,0,3,0,0,0,0,2,1,-1,2,2,21,5,-1,-1,-1,-1,5,E01017579,0,1
2024430115013,2024,430115013,2,9,0,18,19,6,2,0,0,8,0,0,0,0,1,1,2,2,2,35,6,-1,-1,-1,-1,-1,-1,0,-1
2024131486121,2024,131486121,2,9,0,-1,-1,-1,-1,-1,-1,0,-1,-1,-1,0,-1,1,-1,6,3,-1,-1,-1,-1,-1,-1,-1,-1,0,-1
2024351540952,2024,351540952,2,1,0,-1,19,7,3,-1,0,2,0,0,0,0,2,1,-1,9,1,59,9,-1,-1,-1,-1,6,E01035546,0,1
2024131480723,2024,131480723,1,1,0,-1,19,4,8,-1,0,1,0,0,0,0,0,1,-1,6,2,20,4,-1,-1,-1,-1,2,E01010778,0,1
2024010491159,2024,010491159,2,1,0,18,19,5,1,0,0,1,0,0,0,0,1,1,6,6,1,37,7,-1,-1,-1,-1,-1,-1,0,-1
2024421504382,2024,421504382,2,9,0,-1,4,4,8,-1,0,0,0,0,0,0,2,1,-1,9,2,60,9,-1,-1,-1,-1,10,E01021458,0,3
2024371459486,2024,371459486,2,90,0,-1,19,5,1,-1,0,2,0,0,0,0,4,1,-1,1,1,48,8,-1,-1,-1,-1,6,E01030186,0,4
2024101434024,2024,101434024,1,9,0,-1,4,1,5,-1,0,1,0,0,0,0,1,9,-1,6,3,-1,-1,-1,-1,-1,-1,-1,-1,0,-1
2024052400660,2024,052400660,1,9,0,4,4,5,1,0,0,0,0,0,0,0,1,1,1,1,3,-1,-1,-1,-1,-1,-1,-1,-1,0,-1
2024461439943,2024,461439943,2,1,0,-1,19,5,1,-1,0,0,0,0,0,0,1,1,-1,6,1,57,9,-1,-1,-1,-1,9,E01024006,0,2
2024010487533,2024,010487533,1,9,9,99,99,9,9,99,99,9,9,99,9,99,1,1,6,6,1,64,9,-1,-1,-1,-1,3,E01003579,0,1
2024131536556,2024,131536556,1,90,0,-1,-1,-1,-1,-1,-1,0,-1,-1,-1,0,-1,1,-1,6,3,-1,-1,-1,-1,-1,-1,-1,-1,0,-1
2024161410571,2024,161410571,1,1,0,-1,19,1,5,-1,0,0,0,0,0,0,1,1,-1,6,1,53,8,-1,-1,-1,-1,1,E01012892,0,1
2024010494254,2024,010494254,1,4,0,99,99,9,9,99,99,9,9,99,9,99,9,1,1,1,1,31,6,-1,-1,-1,-1,2,E01000223,0,3
2024302401275,2024,302401275,2,-1,0,14,14,1,5,0,0,0,0,0,0,0,1,1,6,6,2,39,7,-1,-1,-1,-1,2,E01013512,1,1
2024010526523,2024,010526523,2,1,9,99,99,9,9,99,99,9,9,99,9,99,9,1,6,6,1,67,10,-1,-1,-1,-1,2,E01033148,0,2
2024320279742,2024,320279742,1,9,0,-1,-1,5,1,0,0,0,0,0,7,9,1,1,6,6,2,56,9,-1,-1,-1,-1,4,E01026105,0,1
2024332400759,2024,332400759,2,9,0,-1,19,1,5,-1,0,0,0,0,0,0,1,1,-1,6,3,-1,-1,-1,-1,-1,-1,-1,-1,0,-1
2024141492212,2024,141492212,2,1,0,-1,19,6,3,-1,0,1,0,0,0,0,1,1,-1,9,1,37,7,-1,-1,-1,-1,2,E01007733,0,1
2024201531071,2024,201531071,1,9,0,-1,9,5,1,-1,0,5,0,0,0,0,1,9,-1,6,2,35,6,-1,-1,-1,-1,-1,-1,0,-1
2024221534877,2024,221534877,2,9,0,-1,5,4,8,-1,0,6,0,0,0,0,1,1,-1,6,1,39,7,-1,-1,-1,-1,7,E01014100,0,4
2024552400117,2024,552400117,2,1,0,18,19,6,2,0,0,8,0,0,0,0,4,1,6,6,1,15,3,-1,-1,-1,-1,10,E01022994,0,1
2024531500466,2024,531500466,2,1,0,-1,19,2,7,-1,0,8,0,0,0,0,1,1,-1,9,2,62,9,-1,-1,-1,-1,10,E01022113,0,1
2024010545935,2024,010545935,2,1,0,-1,-1,1,5,0,0,1,0,0,0,0,1,1,2,2,1,52,8,-1,-1,-1,-1,2,E01004574,0,1
2024052400032,2024,052400032,2,1,0,18,19,5,1,0,0,0,0,0,0,0,1,1,6,6,1,30,6,-1,-1,-1,-1,-1,-1,0,-1
2024201437664,2024,201437664,1,2,0,-1,6,3,3,-1,0,1,0,0,0,0,4,1,-1,6,1,29,6,-1,-1,-1,-1,4,E01009913,0,1
2024311413549,2024,311413549,1,1,0,-1,4,5,1,-1,0,0,5,0,0,0,2,1,-1,6,1,25,5,-1,-1,-1,-1,-1,-1,0,-1
2024201466327,2024,201466327,1,9,0,-1,19,-1,-1,-1,0,0,0,0,0,0,4,9,-1,6,3,-1,-1,-1,-1,-1,-1,-1,-1,0,-1
2024010521637,2024,010521637,2,23,0,7,7,3,6,0,0,1,0,0,0,0,3,1,6,6,1,17,4,-1,-1,-1,-1,2,E01001409,0,3
2024010498290,2024,010498290,1,9,0,99,99,9,9,99,99,9,9,99,9,99,2,9,6,6,1,51,8,-1,-1,-1,-1,3,E01002283,0,1
2024052400720,2024,052400720,2,1,0,18,19,7,3,0,0,3,0,0,0,0,4,1,2,2,1,29,6,-1,-1,-1,-1,4,E01032507,0,2
2024101458645,2024,101458645,2,1,0,-1,3,7,3,-1,0,1,2,0,0,0,2,1,-1,6,1,70,10,-1,-1,-1,-1,-1,-1,0,-1
2024010494169,2024,010494169,2,9,0,99,99,9,9,99,99,0,9,99,9,99,1,9,6,6,3,-1,-1,-1,-1,-1,-1,-1,-1,0,-1
2024052400082,2024,052400082,1,-1,0,18,19,5,1,0,0,0,0,0,0,0,1,1,6,6,3,-1,-1,-1,-1,-1,-1,-1,-1,1,-1
2024010505681,2024,010505681,2,1,9,99,99,9,9,99,99,9,9,99,9,99,1,1,6,6,1,-1,-1,-1,-1,-1,-1,10,E01000449,0,2
2024501487361,2024,501487361,2,19,0,-1,4,7,3,-1,0,0,9,0,0,0,1,1,-1,6,1,32,6,-1,-1,-1,-1,-1,-1,0,-1