collision_index,collision_year,collision_ref_no,vehicle_reference,vehicle_type,towing_and_articulation,vehicle_manoeuvre_historic,vehicle_manoeuvre,vehicle_direction_from,vehicle_direction_to,vehicle_location_restricted_lane_historic,vehicle_location_restricted_lane,junction_location,skidding_and_overturning,hit_object_in_carriageway,vehicle_leaving_carriageway,hit_object_off_carriageway,first_point_of_impact,vehicle_left_hand_drive,journey_purpose_of_driver_historic,journey_purpose_of_driver,sex_of_driver,age_of_driver,age_band_of_driver,engine_capacity_cc,propulsion_code,age_of_vehicle,generic_make_model,driver_imd_decile,lsoa_of_driver,escooter_flag,driver_distance_banding
2024161471997,2024,161471997,1,1,0,-1,19,3,7,-1,0,0,0,0,0,0,2,1,-1,6,1,69,10,-1,-1,-1,-1,4,E01012966,0,1
2024440366373,2024,440366373,2,1,0,18,19,7,3,0,0,0,0,0,0,0,4,1,6,6,1,5,1,-1,-1,-1,-1,1,E01017250,0,1
2024010503212,2024,010503212,1,1,0,18,19,1,5,0,0,6,0,0,0,0,1,1,2,2,1,24,5,-1,-1,-1,-1,3,E01002771,0,1
2024401522001,2024,401522001,2,1,0,-1,19,5,1,-1,0,1,0,0,0,0,1,1,-1,6,1,34,6,-1,-1,-1,-1,2,E01015754,0,1
2024201395230,2024,201395230,2,1,0,-1,5,5,1,-1,0,1,0,0,0,0,2,1,-1,6,1,16,4,-1,-1,-1,-1,3,E01010512,0,1
2024010537806,2024,010537806,2,1,0,7,7,7,1,0,0,6,0,0,0,0,4,1,4,7,1,15,3,-1,-1,-1,-1,4,E01003453,0,1
2024010490886,2024,010490886,1,9,0,99,99,9,9,99,99,9,9,99,9,99,1,9,6,6,3,-1,-1,-1,-1,-1,-1,6,E01000285,0,1
2024201494876,2024,201494876,2,9,0,-1,5,4,8,-1,0,4,0,0,0,0,1,9,-1,6,3,30,6,-1,-1,-1,-1,-1,-1,0,-1
2024010501864,2024,010501864,1,1,0,18,19,8,4,0,0,1,0,0,0,0,1,1,6,6,1,24,5,-1,-1,-1,-1,-1,-1,0,-1
2024451411619,2024,451411619,1,9,0,-1,19,5,1,-1,0,0,0,0,0,0,1,9,-1,9,2,60,9,-1,-1,-1,-1,4,E01030815,0,3
2024161467403,2024,161467403,1,9,0,-1,9,2,8,-1,0,6,0,0,0,0,3,1,-1,9,1,62,9,-1,-1,-1,-1,8,E01027896,0,1
2024552400972,2024,552400972,1,9,0,15,15,2,7,0,0,0,0,0,0,0,3,1,6,6,3,-1,-1,-1,-1,-1,-1,-1,-1,0,-1
2024430162307,2024,430162307,2,9,0,1,1,8,4,0,0,0,0,0,0,0,4,1,6,6,1,-1,-1,-1,-1,-1,-1,-1,-1,0,-1
2024010495265,2024,010495265,2,9,0,99,99,9,9,99,99,6,9,99,9,99,1,9,6,6,3,-1,-1,-1,-1,-1,-1,6,E01002439,0,2
2024471496589,2024,471496589,2,9,0,-1,19,2,6,-1,0,1,0,0,0,0,1,1,-1,1,2,27,6,-1,-1,-1,-1,5,E01021084,0,1
2024010531586,2024,010531586,1,9,0,99,99,9,9,99,99,0,9,99,9,99,9,9,6,6,3,-1,-1,-1,-1,-1,-1,6,E01001652,0,1
2024031402678,2024,031402678,1,9,-1,-1,-1,-1,-1,-1,-1,-1,-1,-1,-1,0,-1,9,-1,6,3,-1,-1,-1,-1,-1,-1,-1,-1,0,-1
2024010535040,2024,010535040,1,3,0,99,99,9,9,99,99,9,9,99,9,99,9,1,6,6,3,-1,-1,-1,-1,-1,-1,-1,-1,0,-1
2024101531864,2024,101531864,1,9,-1,-1,-1,8,6,-1,-1,-1,-1,-1,-1,0,-1,9,-1,6,1,45,7,-1,-1,-1,-1,-1,-1,0,-1
2024010501531,2024,010501531,1,1,0,18,19,1,5,0,0,1,0,0,0,0,1,1,6,6,1,47,8,-1,-1,-1,-1,4,E01001355,0,1
202417L208024,2024,17L208024,2,9,0,-1,19,2,6,-1,0,1,0,0,0,0,1,1,-1,9,1,33,6,-1,-1,-1,-1,1,E01012170,0,1
2024471530995,2024,471530995,2,1,0,-1,19,2,6,-1,0,8,0,0,0,0,1,1,-1,9,1,24,5,-1,-1,-1,-1,5,E01016966,0,1
2024061405181,2024,061405181,2,1,0,-1,19,3,7,-1,0,8,0,0,0,0,4,1,-1,6,1,43,7,-1,-1,-1,-1,1,E01005239,0,1
2024351396028,2024,351396028,1,21,-1,-1,-1,-1,-1,-1,-1,0,-1,-1,-1,0,-1,9,-1,1,1,56,9,-1,-1,-1,-1,6,-1,0,5
2024471431351,2024,471431351,1,9,0,-1,19,3,7,-1,0,2,2,0,0,0,1,1,-1,1,2,39,7,-1,-1,-1,-1,4,E01032013,0,4
2024010493146,2024,010493146,1,9,0,9,9,5,2,0,0,1,0,0,0,0,3,1,6,6,1,24,5,-1,-1,-1,-1,7,E01003754,0,1
2024302400898,2024,302400898,1,9,0,18,19,8,4,0,0,8,0,0,3,11,1,1,6,6,2,-1,-1,-1,-1,-1,-1,7,E01019513,0,4
2024430471081,2024,430471081,1,8,0,9,9,1,7,0,0,5,0,0,0,0,3,1,3,7,1,77,11,-1,-1,-1,-1,5,E01016359,0,1
2024010528257,2024,010528257,2,1,0,18,19,7,3,5,5,8,0,0,0,0,4,1,6,6,1,24,5,-1,-1,-1,-1,9,E01002575,0,1
2024991466562,2024,991466562,2,90,0,-1,4,2,6,-1,0,0,0,0,0,0,1,1,-1,1,1,21,5,-1,-1,-1,-1,7,-1,0,4
2024522401649,2024,522401649,1,1,0,99,99,9,9,0,0,8,0,0,0,0,9,1,6,6,2,26,6,-1,-1,-1,-1,6,E01032671,0,1
2024361493977,2024,361493977,1,9,0,-1,9,3,1,-1,0,1,0,0,0,0,3,1,-1,2,2,50,8,-1,-1,-1,-1,3,E01026696,0,1
2024351405139,2024,351405139,2,1,0,-1,19,5,1,-1,0,8,5,0,0,0,1,1,-1,2,1,32,6,-1,-1,-1,-1,3,E01017978,0,1
2024351521944,2024,351521944,2,1,-1,-1,19,2,5,-1,0,0,0,0,0,0,1,1,-1,9,1,11,3,-1,-1,-1,-1,8,E01018215,0,1
2024010500304,2024,010500304,2,9,0,2,2,0,0,0,0,0,0,0,0,0,1,1,6,6,3,-1,-1,-1,-1,-1,-1,-1,-1,0,-1
2024302400098,2024,302400098,1,97,0,18,19,8,4,0,0,1,0,0,0,0,1,1,6,6,1,17,4,-1,-1,-1,-1,2,E01013550,0,1
2024010522039,2024,010522039,2,2,0,11,11,9,9,99,99,5,9,99,9,99,9,1,6,6,3,-1,-1,-1,-1,-1,-1,-1,-1,0,-1
2024141422497,2024,141422497,1,90,0,-1,19,7,3,-1,0,1,0,0,0,0,-1,9,-1,6,3,-1,-1,-1,-1,-1,-1,-1,-1,0,-1
2024411541288,2024,411541288,2,9,0,-1,19,5,1,-1,0,0,0,0,0,0,1,1,-1,6,1,28,6,-1,-1,-1,-1,6,E01023491,0,2
2024010531899,2024,010531899,2,1,0,18,19,4,8,0,0,8,0,0,0,0,3,1,6,6,1,39,7,-1,-1,-1,-1,6,E01000530,0,1
2024010488739,2024,010488739,1,9,0,99,99,9,9,99,99,9,9,99,9,99,1,9,6,6,2,33,6,-1,-1,-1,-1,3,E01003438,0,1
2024461471484,2024,461471484,2,1,0,-1,19,3,7,-1,0,1,0,0,0,0,0,1,-1,6,1,16,4,-1,-1,-1,-1,7,E01024519,0,1
2024622400445,2024,622400445,1,97,0,18,19,4,8,0,0,0,0,4,0,0,1,1,6,6,1,19,4,-1,-1,-1,-1,2,W01001141,0,1
2024471447088,2024,471447088,2,1,0,-1,9,8,6,-1,0,8,0,0,0,0,3,1,-1,7,1,12,3,-1,-1,-1,-1,3,E01031553,0,1
2024010487214,2024,010487214,1,9,0,1,1,7,3,0,0,9,0,0,0,0,2,1,6,6,1,78,11,-1,-1,-1,-1,7,E01003407,0,1
2024501459490,2024,501459490,1,9,4,-1,19,5,1,-1,0,0,5,0,7,0,1,1,-1,1,1,51,8,-1,-1,-1,-1,6,E01020188,0,3
2024052400235,2024,052400235,1,1,0,18,19,7,3,0,0,0,0,0,0,0,3,1,6,6,1,33,6,-1,-1,-1,-1,4,E01006837,0,1
2024010489083,2024,010489083,1,9,0,5,5,7,3,0,0,8,0,0,0,0,1,1,6,6,1,51,8,-1,-1,-1,-1,4,E01002409,0,1
2024522500315,2024,522500315,1,1,0,18,19,9,9,0,0,0,0,0,0,0,2,1,6,6,1,43,7,-1,-1,-1,-1,9,E01014619,0,1
2024131516582,2024,131516582,2,1,0,-1,7,1,1,-1,0,8,0,0,0,0,1,1,-1,9,1,18,4,-1,-1,-1,-1,1,E01010995,0,1
2024131443678,2024,131443678,2,1,0,-1,19,7,3,-1,0,1,0,0,0,0,4,1,-1,6,-1,-1,-1,-1,-1,-1,-1,-1,-1,0,-1
2024451488076,2024,451488076,1,1,0,-1,19,5,1,-1,0,8,5,0,0,0,3,1,-1,2,1,25,5,-1,-1,-1,-1,4,E01004037,0,4
2024501463176,2024,501463176,2,9,0,-1,19,7,3,-1,0,0,0,0,0,0,3,1,-1,9,2,34,6,-1,-1,-1,-1,4,E01020309,0,3
2024201524761,2024,201524761,1,9,0,-1,99,1,1,-1,0,0,0,99,0,0,1,9,-1,6,3,-1,-1,-1,-1,-1,-1,-1,-1,0,-1
2024991458148,2024,991458148,1,9,0,-1,19,1,4,-1,0,0,5,4,0,0,1,1,-1,9,1,80,11,-1,-1,-1,-1,9,-1,0,1
2024010522883,2024,010522883,1,1,9,99,99,9,9,99,99,9,9,99,9,99,1,1,6,6,1,25,5,-1,-1,-1,-1,5,E01035663,0,3
2024010538498,2024,010538498,2,9,0,18,19,9,9,99,99,9,9,99,9,99,9,9,6,6,3,-1,-1,-1,-1,-1,-1,-1,-1,0,-1
2024010522387,2024,010522387,2,1,0,18,19,9,9,0,0,1,0,0,0,0,9,1,6,6,3,-1,-1,-1,-1,-1,-1,2,E01001850,0,1
2024302400115,2024,302400115,2,-1,0,18,19,3,7,0,0,0,0,0,0,0,3,1,6,6,1,13,3,-1,-1,-1,-1,3,E01013513,1,1
2024351538442,2024,351538442,2,1,0,-1,5,6,1,-1,0,4,2,0,0,0,3,1,-1,2,1,23,5,-1,-1,-1,-1,2,E01035538,0,1
2024201484532,2024,201484532,2,9,0,-1,2,0,0,-1,0,2,0,0,0,0,1,1,-1,6,3,-1,-1,-1,-1,-1,-1,-1,-1,0,-1
2024010496466,2024,010496466,2,1,9,99,99,9,9,99,99,9,9,99,9,99,9,1,6,6,3,-1,-1,-1,-1,-1,-1,-1,-1,0,-1
2024010547225,2024,010547225,1,1,9,99,99,9,9,99,99,9,9,99,9,99,9,1,6,6,3,25,5,-1,-1,-1,-1,6,E01001644,0,2
2024010497308,2024,010497308,2,9,0,99,99,9,9,99,99,9,9,99,9,99,9,9,6,6,3,-1,-1,-1,-1,-1,-1,-1,-1,0,-1
2024440399936,2024,440399936,1,9,0,7,7,5,7,0,0,6,0,0,0,0,1,1,6,6,2,85,11,-1,-1,-1,-1,-1,-1,0,-1
2024520402210,2024,520402210,2,9,0,2,2,0,0,0,0,0,0,0,0,0,3,1,6,6,3,-1,-1,-1,-1,-1,-1,-1,-1,0,-1
2024522403022,2024,522403022,2,1,0,11,11,3,7,0,0,6,0,0,0,0,1,1,6,6,1,50,8,-1,-1,-1,-1,2,E01014578,0,1
2024430100640,2024,430100640,2,9,0,16,19,4,7,0,0,0,0,0,0,0,3,1,6,6,3,-1,-1,-1,-1,-1,-1,-1,-1,0,-1
2024010547230,2024,010547230,2,1,9,99,99,9,9,99,99,9,9,99,9,99,9,1,6,6,3,-1,-1,-1,-1,-1,-1,-1,-1,0,-1
2024010543732,2024,010543732,2,1,0,13,13,3,7,0,0,1,0,0,0,0,1,1,6,6,1,28,6,-1,-1,-1,-1,5,E01033579,0,3
2024440018621,2024,440018621,2,9,0,18,19,2,6,0,0,0,0,0,5,6,2,1,6,6,1,51,8,-1,-1,-1,-1,9,E01022580,0,3
2024522401779,2024,522401779,1,1,0,18,19,9,9,0,0,6,0,0,0,0,9,1,6,6,1,36,7,-1,-1,-1,-1,9,E01031930,0,3
2024061462835,2024,061462835,1,23,0,-1,7,7,1,-1,0,0,0,4,0,0,1,1,-1,6,1,19,4,-1,-1,-1,-1,-1,-1,0,-1
2024501410729,2024,501410729,3,9,0,-1,10,5,1,-1,0,1,0,0,0,0,0,9,-1,6,-1,-1,-1,-1,-1,-1,-1,-1,-1,0,-1
2024010525120,2024,010525120,1,-1,0,18,19,3,7,9,9,2,0,0,0,0,1,1,6,6,1,46,8,-1,-1,-1,-1,1,E01001790,1,1
2024610018524,2024,610018524,1,9,0,14,14,2,6,0,0,0,0,4,0,0,1,1,6,6,1,35,6,-1,-1,-1,-1,1,W01001361,0,2
2024010499624,2024,010499624,2,9,0,99,99,9,9,99,99,0,9,99,9,99,1,9,6,6,3,-1,-1,-1,-1,-1,-1,-1,-1,0,-1
2024010504430,2024,010504430,2,1,0,18,19,7,3,2,2,1,0,0,0,0,1,1,2,2,1,31,6,-1,-1,-1,-1,2,E01002003,0,1
2024332400103,2024,332400103,1,1,0,-1,19,1,5,-1,0,0,1,0,0,0,1,1,-1,1,1,26,6,-1,-1,-1,-1,2,E01013678,0,1
2024071075152,2024,071075152,2,5,0,-1,19,4,2,-1,0,1,2,0,0,4,4,1,-1,6,1,59,9,-1,-1,-1,-1,2,E01012383,0,1
2024991534795,2024,991534795,2,9,0,-1,19,1,5,-1,0,8,1,0,7,6,1,1,-1,2,1,53,8,-1,-1,-1,-1,9,-1,0,2
2024991533689,2024,991533689,2,1,0,-1,19,8,4,-1,0,0,0,0,0,0,1,1,-1,6,1,23,5,-1,-1,-1,-1,-1,-1,0,-1
2024010543155,2024,010543155,1,1,9,99,99,9,9,99,99,9,9,99,9,99,9,1,6,6,1,62,9,-1,-1,-1,-1,10,E01003881,0,1
2024520402406,2024,520402406,2,9,9,18,19,8,2,0,0,1,0,0,0,0,1,9,6,6,3,-1,-1,-1,-1,-1,-1,-1,-1,0,-1
2024991403393,2024,991403393,1,9,0,-1,19,1,5,-1,0,0,1,0,1,9,1,1,-1,6,1,77,11,-1,-1,-1,-1,7,-1,0,4
202417L500824,2024,17L500824,1,9,0,1,1,0,4,-1,-1,0,0,0,0,11,1,1,6,6,2,57,9,-1,-1,-1,-1,2,E01012165,0,1
2024421495291,2024,421495291,1,9,0,-1,-1,-1,-1,-1,-1,-1,-1,-1,-1,0,-1,9,-1,6,3,-1,-1,-1,-1,-1,-1,-1,-1,0,-1
2024161531329,2024,161531329,1,9,0,-1,5,3,7,-1,0,0,1,4,1,0,1,1,-1,9,1,80,11,-1,-1,-1,-1,10,E01013089,0,1
2024010544464,2024,010544464,1,9,9,99,99,9,9,99,99,9,9,99,9,99,9,9,6,6,3,-1,-1,-1,-1,-1,-1,-1,-1,0,-1
2024061427415,2024,061427415,2,1,0,-1,19,1,5,-1,0,8,0,0,0,0,1,1,-1,2,1,68,10,-1,-1,-1,-1,-1,-1,0,-1
2024520402216,2024,520402216,3,9,0,18,19,6,2,0,0,0,0,0,0,0,3,1,6,6,1,69,10,-1,-1,-1,-1,10,E01009704,0,5
2024131413291,2024,131413291,1,9,0,-1,19,6,2,-1,-1,8,-1,-1,-1,-1,1,1,-1,6,3,-1,-1,-1,-1,-1,-1,-1,-1,0,-1
2024052401097,2024,052401097,1,4,0,-1,-1,6,2,0,0,0,-1,0,0,0,-1,1,6,6,3,-1,-1,-1,-1,-1,-1,-1,-1,0,-1
2024221462863,2024,221462863,2,1,0,-1,19,4,8,-1,0,0,0,0,0,0,3,1,-1,6,1,32,6,-1,-1,-1,-1,7,E01014082,0,1
2024131460460,2024,131460460,2,22,0,-1,2,0,0,-1,9,8,0,0,0,0,1,1,-1,9,1,74,10,-1,-1,-1,-1,3,E01011267,0,1
2024010516055,2024,010516055,2,1,0,18,19,2,6,0,0,1,0,0,0,0,1,1,6,6,1,25,5,-1,-1,-1,-1,10,E01000793,0,3
2024131435349,2024,131435349,1,1,0,-1,12,4,8,-1,0,1,0,0,0,0,1,1,-1,7,1,18,4,-1,-1,-1,-1,9,E01011186,0,2
2024010543627,2024,010543627,2,1,0,18,19,7,3,0,0,2,0,0,0,0,1,1,2,2,2,20,4,-1,-1,-1,-1,4,E01003532,0,1
2024201437150,2024,201437150,2,1,0,-1,19,5,1,-1,0,0,0,0,0,0,1,1,-1,6,1,10,2,-1,-1,-1,-1,2,E01010041,0,1
2024471532049,2024,471532049,2,8,0,-1,9,5,2,-1,99,6,0,0,0,0,1,1,-1,6,1,-1,-1,-1,-1,-1,-1,-1,-1,0,-1
2024302401250,2024,302401250,2,1,0,18,19,1,6,0,0,3,1,0,0,0,4,1,6,6,2,31,6,-1,-1,-1,-1,10,E01013574,0,1
2024351397094,2024,351397094,1,9,0,-1,19,-1,-1,-1,0,0,1,0,7,0,-1,9,-1,6,3,-1,-1,-1,-1,-1,-1,-1,-1,0,-1
2024461526633,2024,461526633,1,19,0,-1,19,1,5,-1,0,2,0,0,0,0,4,9,-1,6,3,-1,-1,-1,-1,-1,-1,-1,-1,0,-1
2024522401160,2024,522401160,2,19,0,3,3,8,4,0,0,0,0,0,0,0,2,1,6,6,2,34,6,-1,-1,-1,-1,10,E01014393,0,3
2024010519109,2024,010519109,1,1,9,99,99,9,9,99,99,1,9,99,9,99,1,1,2,2,2,22,5,-1,-1,-1,-1,8,E01015876,0,4
2024552400964,2024,552400964,2,1,0,18,19,2,6,0,0,0,0,0,0,0,3,1,6,6,1,42,7,-1,-1,-1,-1,8,E01015453,0,1
2024010488883,2024,010488883,1,9,0,99,99,9,9,99,99,0,9,99,9,99,9,9,6,6,1,52,8,-1,-1,-1,-1,3,E01034204,0,1
2024010535108,2024,010535108,1,9,0,10,10,5,2,0,0,1,0,0,0,0,1,1,6,6,2,62,9,-1,-1,-1,-1,3,E01001180,0,1
2024041489225,2024,041489225,1,9,0,-1,19,1,1,-1,0,1,0,0,0,0,1,1,-1,6,3,-1,-1,-1,-1,-1,-1,-1,-1,0,-1
202460Q093025,2024,60Q093025,2,9,0,18,19,6,2,0,0,1,0,0,0,0,1,1,6,6,1,40,7,-1,-1,-1,-1,-1,-1,0,-1
2024211511938,2024,211511938,3,9,0,-1,2,1,5,-1,-1,0,0,0,0,0,3,1,-1,9,2,28,6,-1,-1,-1,-1,6,E01029556,0,3
2024010488955,2024,010488955,2,9,0,99,99,9,9,99,99,9,9,99,9,99,1,9,6,6,3,-1,-1,-1,-1,-1,-1,5,E01033916,0,1
2024552400784,2024,552400784,1,9,0,9,9,8,6,0,0,8,0,0,0,0,1,1,6,6,1,25,5,-1,-1,-1,-1,10,W01001919,0,5
2024010541098,2024,010541098,2,9,9,99,99,9,9,99,99,0,9,99,9,99,9,1,6,6,2,-1,-1,-1,-1,-1,-1,-1,-1,0,-1
2024461512367,2024,461512367,2,9,0,-1,19,7,3,-1,0,0,0,0,0,0,1,2,-1,2,1,30,6,-1,-1,-1,-1,2,E01024091,0,3
2024010494862,2024,010494862,2,1,0,4,4,5,1,0,0,2,0,0,0,0,1,1,6,6,2,58,9,-1,-1,-1,-1,3,E01003321,0,1
2024471515949,2024,471515949,2,1,0,-1,19,6,1,-1,0,0,0,0,0,0,1,1,-1,6,1,17,4,-1,-1,-1,-1,5,E01031834,0,1
2024010544324,2024,010544324,1,8,0,4,4,1,5,0,0,9,0,99,9,99,0,1,6,6,1,24,5,-1,-1,-1,-1,-1,-1,0,-1
2024141461076,2024,141461076,2,1,0,-1,19,3,7,-1,0,0,0,0,0,0,1,1,-1,6,1,9,2,-1,-1,-1,-1,1,E01007352,0,1
2024622400327,2024,622400327,1,19,0,1,1,2,6,0,0,1,0,0,0,0,2,1,1,1,1,56,9,-1,-1,-1,-1,3,W01001185,0,1
2024411428004,2024,411428004,1,9,0,-1,2,4,8,-1,0,0,0,0,0,0,4,1,-1,6,2,28,6,-1,-1,-1,-1,5,E01021769,0,4
2024010489219,2024,010489219,1,10,0,9,9,5,2,0,0,2,0,11,0,0,1,1,1,1,1,49,8,-1,-1,-1,-1,3,E01003120,0,3
2024421518944,2024,421518944,1,1,0,-1,19,4,1,-1,0,1,0,0,1,0,0,1,-1,6,1,-1,-1,-1,-1,-1,-1,-1,-1,0,-1
2024010549100,2024,010549100,1,1,9,99,99,9,9,99,99,9,9,99,9,99,2,1,1,1,1,36,7,-1,-1,-1,-1,5,E01004513,0,1
2024161428441,2024,161428441,1,19,0,-1,6,7,3,-1,0,0,0,0,0,0,3,2,-1,1,1,59,9,-1,-1,-1,-1,6,E01013078,0,3
2024991514157,2024,991514157,1,1,0,-1,12,7,4,-1,0,1,0,0,0,0,3,1,-1,6,2,35,6,-1,-1,-1,-1,-1,-1,0,-1
2024070476929,2024,070476929,1,9,0,18,19,4,8,0,0,0,0,0,0,0,1,1,6,6,1,38,7,-1,-1,-1,-1,3,E01018552,0,1
2024141443799,2024,141443799,1,9,0,-1,19,7,3,-1,0,0,0,0,0,0,4,9,-1,6,3,-1,-1,-1,-1,-1,-1,-1,-1,0,-1
2024010492180,2024,010492180,1,3,0,99,99,9,9,99,99,9,9,99,9,99,1,1,1,1,1,33,6,-1,-1,-1,-1,3,E01000553,0,2
202417S110924,2024,17S110924,1,19,0,-1,10,4,1,-1,0,8,0,0,0,0,2,1,-1,1,2,25,5,-1,-1,-1,-1,9,E01012211,0,1
2024430432068,2024,430432068,2,1,0,18,19,1,5,0,0,6,0,0,0,0,4,1,6,6,1,52,8,-1,-1,-1,-1,-1,-1,0,-1
2024131486475,2024,131486475,2,9,0,-1,19,4,8,-1,0,8,0,0,0,0,1,1,-1,1,1,63,9,-1,-1,-1,-1,4,E01011732,0,1
2024451406892,2024,451406892,1,9,0,-1,3,5,1,-1,0,1,0,0,0,0,2,2,-1,6,2,41,7,-1,-1,-1,-1,10,E01030435,0,1
2024471509770,2024,471509770,1,1,0,-1,4,1,5,-1,4,1,0,0,1,0,3,1,-1,2,1,26,6,-1,-1,-1,-1,7,E01016878,0,1
2024430188750,2024,430188750,1,3,0,7,7,8,4,0,0,6,1,0,0,0,0,1,1,1,2,17,4,-1,-1,-1,-1,10,E01028685,0,1
2024010492205,2024,010492205,1,9,0,99,99,9,9,99,99,0,9,99,9,99,9,9,6,6,1,39,7,-1,-1,-1,-1,6,E01002742,0,2
2024430280330,2024,430280330,2,1,0,18,19,3,7,0,0,8,0,0,0,0,4,1,6,6,1,66,10,-1,-1,-1,-1,10,E01023425,0,1
2024052401153,2024,052401153,2,9,0,18,19,7,3,0,0,1,0,0,0,0,1,1,6,6,3,-1,-1,-1,-1,-1,-1,-1,-1,0,-1
2024010517063,2024,010517063,2,1,0,18,19,8,4,0,0,1,0,0,0,0,1,1,6,6,1,33,6,-1,-1,-1,-1,7,E01004662,0,1
2024010488377,2024,010488377,2,9,0,99,99,9,9,99,99,9,9,99,9,99,9,9,6,6,3,-1,-1,-1,-1,-1,-1,-1,-1,0,-1
2024440021700,2024,440021700,1,1,0,3,3,3,7,0,0,1,0,0,0,0,2,1,6,6,1,52,8,-1,-1,-1,-1,8,E01032664,0,1
2024320659432,2024,320659432,2,9,0,2,2,0,0,0,0,0,0,0,0,0,3,1,6,6,2,28,6,-1,-1,-1,-1,4,E01026288,0,1
2024010507081,2024,010507081,1,9,9,99,99,9,9,99,99,9,9,99,9,99,9,9,6,6,3,-1,-1,-1,-1,-1,-1,-1,-1,0,-1
2024010544866,2024,010544866,2,1,0,-1,-1,7,3,0,0,1,0,0,1,0,3,1,6,6,1,37,7,-1,-1,-1,-1,2,E01001388,0,1
2024010507799,2024,010507799,2,1,0,18,19,3,7,0,0,2,0,0,0,0,0,1,6,6,1,37,7,-1,-1,-1,-1,2,E01000931,0,1
2024520401792,2024,520401792,1,19,0,18,19,7,2,0,0,0,0,0,0,0,4,1,6,6,3,-1,-1,-1,-1,-1,-1,-1,-1,0,-1
2024010498890,2024,010498890,2,9,0,9,9,5,3,0,0,7,0,0,0,0,1,1,6,6,3,-1,-1,-1,-1,-1,-1,-1,-1,0,-1
2024440154594,2024,440154594,1,-1,0,18,19,6,2,0,0,1,0,0,0,0,0,1,6,6,1,31,6,-1,-1,-1,-1,8,E01032605,1,1
2024520401859,2024,520401859,2,-1,0,18,19,7,3,0,0,8,0,0,0,0,4,1,6,6,2,-1,-1,-1,-1,-1,-1,-1,-1,1,-1
2024010544710,2024,010544710,1,1,9,99,99,9,9,99,99,9,9,99,9,99,9,1,2,2,2,29,6,-1,-1,-1,-1,4,E01004531,0,1
2024010548911,2024,010548911,1,9,0,99,99,9,9,99,99,9,9,99,9,99,1,9,6,6,2,60,9,-1,-1,-1,-1,6,E01001201,0,1
2024552400392,2024,552400392,1,9,0,18,19,4,8,0,0,0,1,0,8,4,3,1,6,6,1,18,4,-1,-1,-1,-1,9,E01020580,0,1
2024440034240,2024,440034240,2,1,0,18,19,7,3,0,0,1,0,0,0,0,1,1,6,6,1,41,7,-1,-1,-1,-1,2,E01032878,0,1
2024010511962,2024,010511962,2,1,0,16,19,6,2,0,0,1,5,0,0,0,2,1,6,6,2,25,5,-1,-1,-1,-1,5,E01001720,0,1
2024501513769,2024,501513769,2,9,0,-1,19,1,5,-1,0,1,0,0,7,0,1,1,-1,2,1,56,9,-1,-1,-1,-1,4,E01018968,0,2
2024430539420,2024,430539420,2,1,0,18,19,6,2,4,4,8,0,0,0,0,1,1,6,6,1,35,6,-1,-1,-1,-1,10,E01028594,0,1
2024010492212,2024,010492212,2,9,0,18,19,5,1,0,0,8,0,0,0,0,3,1,6,6,2,63,9,-1,-1,-1,-1,1,E01023536,0,1
2024320448986,2024,320448986,2,1,0,-1,-1,4,8,0,0,3,5,0,0,0,4,1,-1,-1,1,51,8,-1,-1,-1,-1,7,E01015636,0,1
2024552400662,2024,552400662,2,1,0,18,19,6,2,0,0,8,0,0,0,0,1,1,2,2,1,22,5,-1,-1,-1,-1,1,E01015384,0,1
2024471480485,2024,471480485,2,-1,0,-1,19,6,2,-1,0,1,0,0,0,0,1,1,-1,6,1,15,3,-1,-1,-1,-1,1,E01020920,1,1
2024010493325,2024,010493325,1,9,0,11,11,7,3,0,0,1,0,0,0,0,1,1,2,2,1,73,10,-1,-1,-1,-1,9,E01035572,0,3
2024991401819,2024,991401819,2,1,0,-1,19,2,7,-1,0,8,0,0,0,0,4,1,-1,9,1,50,8,-1,-1,-1,-1,10,-1,0,1
2024421395393,2024,421395393,1,9,0,-1,9,4,2,-1,0,8,0,0,0,0,1,9,-1,1,1,55,8,-1,-1,-1,-1,6,E01021258,0,1
2024010528507,2024,010528507,2,9,0,18,19,5,1,0,0,8,0,0,0,0,1,1,6,6,3,-1,-1,-1,-1,-1,-1,-1,-1,0,-1
2024052400911,2024,052400911,1,9,0,5,5,8,4,0,0,1,0,0,0,0,1,1,6,6,1,40,7,-1,-1,-1,-1,9,E01007068,0,1
2024522403014,2024,522403014,1,9,0,18,19,1,5,0,0,1,0,0,0,0,1,1,6,6,3,-1,-1,-1,-1,-1,-1,-1,-1,0,-1
2024631523933,2024,631523933,1,9,0,-1,19,4,8,-1,0,8,0,0,0,0,1,2,-1,9,1,47,8,-1,-1,-1,-1,5,W01001925,0,1
2024122400057,2024,122400057,1,1,0,18,19,7,3,0,0,0,0,0,0,0,1,1,6,6,1,47,8,-1,-1,-1,-1,8,E01027645,0,4
2024520401291,2024,520401291,1,9,0,18,19,4,8,0,0,8,0,7,0,0,4,1,6,6,2,50,8,-1,-1,-1,-1,4,E01029102,0,1
2024161529164,2024,161529164,1,11,0,-1,2,0,0,-1,0,2,0,0,0,0,0,9,-1,1,2,40,7,-1,-1,-1,-1,1,E01012894,0,1
2024010536336,2024,010536336,2,1,0,18,19,3,7,0,0,8,0,0,0,0,1,1,6,6,2,38,7,-1,-1,-1,-1,4,E01000819,0,2
2024052402053,2024,052402053,2,1,0,18,19,3,7,0,0,0,0,0,0,0,1,1,6,6,1,36,7,-1,-1,-1,-1,1,E01006548,0,1
2024010514721,2024,010514721,1,1,0,18,19,3,7,0,0,1,0,0,0,0,4,1,2,2,1,25,5,-1,-1,-1,-1,8,E01028640,0,4
2024061485258,2024,061485258,2,98,1,-1,5,1,5,-1,0,1,0,0,0,0,2,9,-1,1,1,37,7,-1,-1,-1,-1,8,E01026470,0,5
2024302401253,2024,302401253,2,1,0,18,19,7,3,0,0,0,0,0,0,0,1,1,6,6,2,56,9,-1,-1,-1,-1,9,E01013580,0,2