collision_index,collision_year,collision_ref_no,vehicle_reference,vehicle_type,towing_and_articulation,vehicle_manoeuvre_historic,vehicle_manoeuvre,vehicle_direction_from,vehicle_direction_to,vehicle_location_restricted_lane_historic,vehicle_location_restricted_lane,junction_location,skidding_and_overturning,hit_object_in_carriageway,vehicle_leaving_carriageway,hit_object_off_carriageway,first_point_of_impact,vehicle_left_hand_drive,journey_purpose_of_driver_historic,journey_purpose_of_driver,sex_of_driver,age_of_driver,age_band_of_driver,engine_capacity_cc,propulsion_code,age_of_vehicle,generic_make_model,driver_imd_decile,lsoa_of_driver,escooter_flag,driver_distance_banding
2024010495656,2024,010495656,2,9,0,10,10,3,1,0,0,1,0,0,0,0,1,1,6,6,1,45,7,-1,-1,-1,-1,9,E01004155,0,1
2024061423199,2024,061423199,1,1,0,-1,19,-1,-1,-1,0,8,0,0,0,0,4,1,-1,2,2,30,6,-1,-1,-1,-1,2,E01004860,0,1
2024061455875,2024,061455875,3,9,0,-1,19,8,4,-1,0,0,0,0,0,0,1,9,-1,6,2,57,9,-1,-1,-1,-1,2,E01005438,0,1
2024340NN0312,2024,340NN0312,1,9,0,-1,7,1,5,-1,0,3,0,0,0,0,4,1,-1,6,1,41,7,-1,-1,-1,-1,6,E01027051,0,1
2024010490994,2024,010490994,1,9,0,18,19,5,1,0,0,0,0,0,0,0,1,1,6,6,3,-1,-1,-1,-1,-1,-1,-1,-1,0,-1
2024010491900,2024,010491900,1,9,0,99,99,9,9,99,99,9,9,99,9,99,1,9,6,6,2,27,6,-1,-1,-1,-1,3,E01000130,0,1
2024010512266,2024,010512266,2,9,0,18,19,5,1,0,0,0,1,0,0,0,1,1,1,1,1,32,6,-1,-1,-1,-1,6,E01002335,0,2
2024991398486,2024,991398486,1,9,0,-1,19,8,4,-1,0,0,5,4,0,0,1,1,-1,9,1,86,11,-1,-1,-1,-1,7,-1,0,4
2024440352878,2024,440352878,1,1,0,18,19,8,4,0,0,1,0,0,0,0,1,1,2,2,2,51,8,-1,-1,-1,-1,8,E01023170,0,1
2024991496503,2024,991496503,1,19,0,-1,19,7,3,-1,0,0,0,0,0,0,1,1,-1,1,1,50,8,-1,-1,-1,-1,8,-1,0,4
2024546207724,2024,546207724,1,19,0,18,19,8,4,0,0,1,0,0,0,0,1,1,1,1,1,26,6,-1,-1,-1,-1,3,E01010458,0,5
2024991499660,2024,991499660,2,9,0,-1,9,5,2,-1,0,0,0,0,0,0,4,1,-1,9,2,27,6,-1,-1,-1,-1,1,-1,0,1
2024010491667,2024,010491667,2,9,0,99,99,9,9,99,99,9,9,99,9,99,1,9,6,6,3,-1,-1,-1,-1,-1,-1,-1,-1,0,-1
2024041471858,2024,041471858,2,23,0,-1,19,6,8,-1,0,8,5,0,0,0,3,1,-1,1,1,31,6,-1,-1,-1,-1,2,E01025274,0,1
2024101419891,2024,101419891,1,9,0,-1,15,5,1,-1,0,2,0,0,0,0,4,1,-1,6,2,65,9,-1,-1,-1,-1,9,E01008322,0,1
2024010491546,2024,010491546,1,9,0,18,19,3,7,0,0,8,0,0,0,0,1,1,1,1,1,45,7,-1,-1,-1,-1,3,E01034202,0,4
2024440258322,2024,440258322,1,9,0,13,13,3,7,0,0,0,0,0,0,0,0,1,6,6,3,-1,-1,-1,-1,-1,-1,-1,-1,0,-1
2024622400754,2024,622400754,2,22,0,9,9,6,4,0,0,2,0,0,0,0,4,1,6,6,1,75,10,-1,-1,-1,-1,8,W01001877,0,1
2024221461611,2024,221461611,1,9,0,-1,4,4,8,-1,0,0,0,0,0,0,0,9,-1,6,3,57,9,-1,-1,-1,-1,-1,-1,0,-1
2024131505672,2024,131505672,2,1,0,-1,19,7,3,-1,0,1,0,0,0,0,1,1,-1,2,1,37,7,-1,-1,-1,-1,1,E01011917,0,1
2024411490068,2024,411490068,1,9,0,-1,19,-1,-1,-1,0,0,0,0,0,0,3,9,-1,6,3,-1,-1,-1,-1,-1,-1,-1,-1,0,-1
2024201533245,2024,201533245,2,1,0,-1,5,5,1,-1,0,2,0,0,0,0,1,1,-1,6,1,14,3,-1,-1,-1,-1,1,E01009057,0,1
2024231439850,2024,231439850,1,9,0,-1,7,8,2,-1,0,5,0,0,0,0,9,9,-1,6,1,35,6,-1,-1,-1,-1,-1,-1,0,-1
2024010489484,2024,010489484,1,5,0,5,5,7,3,0,0,0,1,0,0,0,0,1,6,6,1,44,7,-1,-1,-1,-1,7,E01000326,0,1
2024201458527,2024,201458527,1,99,0,-1,1,4,8,-1,9,8,0,0,0,0,2,9,-1,6,3,-1,-1,-1,-1,-1,-1,-1,-1,0,-1
2024010491490,2024,010491490,2,9,0,9,9,1,7,0,0,8,0,0,0,0,1,1,6,6,1,49,8,-1,-1,-1,-1,7,E01000198,0,1
2024010542340,2024,010542340,1,1,9,99,99,9,9,99,99,9,9,99,9,99,9,1,6,6,2,35,6,-1,-1,-1,-1,3,E01001749,0,1
2024061495548,2024,061495548,2,9,0,-1,19,2,6,-1,0,0,0,0,0,0,1,1,-1,9,1,77,11,-1,-1,-1,-1,-1,-1,0,-1
2024201430966,2024,201430966,2,9,0,-1,3,4,8,-1,0,0,0,0,0,0,0,1,-1,9,1,46,8,-1,-1,-1,-1,5,E01009888,0,1
2024010519868,2024,010519868,1,1,9,99,99,9,9,99,99,9,9,99,9,99,9,1,6,6,1,41,7,-1,-1,-1,-1,2,E01035682,0,2
2024461461087,2024,461461087,1,9,0,-1,19,5,1,-1,0,0,0,0,0,0,1,1,-1,6,2,59,9,-1,-1,-1,-1,6,E01016134,0,3
2024010509627,2024,010509627,1,1,9,99,99,9,9,99,99,9,9,99,9,99,1,1,2,2,2,24,5,-1,-1,-1,-1,6,E01001829,0,1
2024610016024,2024,610016024,1,9,0,18,19,8,4,0,0,0,0,0,0,0,1,1,6,6,3,-1,-1,-1,-1,-1,-1,-1,-1,0,-1
2024010530879,2024,010530879,2,9,0,99,99,9,9,99,99,9,9,99,9,99,9,9,6,6,3,-1,-1,-1,-1,-1,-1,-1,-1,0,-1
2024061479214,2024,061479214,1,-1,0,-1,19,1,5,-1,2,1,0,0,0,0,1,1,-1,9,1,36,7,-1,-1,-1,-1,2,E01004824,1,1
2024010525685,2024,010525685,2,9,9,2,2,0,0,99,99,9,9,99,9,99,9,9,6,6,3,-1,-1,-1,-1,-1,-1,-1,-1,0,-1
2024010493004,2024,010493004,2,19,0,3,3,7,3,0,0,1,0,0,0,0,2,1,1,1,1,36,7,-1,-1,-1,-1,7,E01000119,0,2
2024221395839,2024,221395839,1,9,0,-1,5,7,3,-1,0,0,0,0,0,0,1,9,-1,6,2,-1,-1,-1,-1,-1,-1,8,E01032463,0,3
2024161492287,2024,161492287,2,9,0,-1,6,7,3,-1,0,1,0,0,0,0,3,1,-1,6,1,-1,-1,-1,-1,-1,-1,-1,-1,0,-1
2024010494658,2024,010494658,1,9,0,16,19,4,8,0,0,0,0,0,0,0,4,1,6,6,2,54,8,-1,-1,-1,-1,3,E01000058,0,1
2024122401126,2024,122401126,2,9,0,18,19,3,7,0,0,0,0,0,7,0,1,1,6,6,1,79,11,-1,-1,-1,-1,8,E01027895,0,1
2024311453561,2024,311453561,2,1,0,-1,19,1,5,-1,0,0,0,0,0,0,1,1,-1,6,1,54,8,-1,-1,-1,-1,-1,-1,0,-1
2024010493929,2024,010493929,2,9,0,3,3,8,4,0,0,1,0,0,0,0,3,1,6,6,1,72,10,-1,-1,-1,-1,9,E01002471,0,1
2024052402769,2024,052402769,2,10,0,18,19,2,6,0,0,8,0,0,0,0,1,1,1,1,1,44,7,-1,-1,-1,-1,1,E01006691,0,1
2024991514275,2024,991514275,1,5,0,-1,19,2,6,-1,0,0,0,12,0,0,1,1,-1,9,1,32,6,-1,-1,-1,-1,-1,-1,0,-1
2024430600270,2024,430600270,2,1,0,12,12,4,8,0,0,8,0,0,0,0,2,1,6,6,2,21,5,-1,-1,-1,-1,7,E01016680,0,1
2024131484651,2024,131484651,1,19,0,-1,-1,-1,-1,-1,-1,-1,-1,-1,-1,-1,-1,1,-1,6,3,-1,-1,-1,-1,-1,-1,-1,-1,0,-1
2024010529210,2024,010529210,2,1,0,18,19,1,5,0,0,2,0,0,0,0,3,1,6,6,1,35,6,-1,-1,-1,-1,1,E01000605,0,1
2024010507347,2024,010507347,2,9,0,18,19,1,5,0,0,1,0,4,0,0,1,1,6,6,1,34,6,-1,-1,-1,-1,5,E01035712,0,1
2024440508691,2024,440508691,1,1,0,18,19,4,8,0,0,0,1,0,0,0,0,1,6,6,1,45,7,-1,-1,-1,-1,9,E01022667,0,3
2024131515819,2024,131515819,2,1,0,-1,19,1,5,-1,0,0,0,0,0,0,0,1,-1,2,1,39,7,-1,-1,-1,-1,1,E01010826,0,2
2024010529293,2024,010529293,2,1,0,18,19,3,7,0,0,1,0,0,0,0,1,1,2,2,1,27,6,-1,-1,-1,-1,4,E01001176,0,2
2024471489044,2024,471489044,1,9,0,-1,1,8,4,-1,0,0,0,0,0,0,2,1,-1,6,1,-1,-1,-1,-1,-1,-1,10,E01016939,0,4
2024302400193,2024,302400193,3,9,0,4,4,4,8,0,0,1,0,0,0,0,2,1,2,2,2,36,7,-1,-1,-1,-1,8,E01013593,0,1
2024201493692,2024,201493692,2,1,0,-1,19,7,2,-1,0,8,0,0,0,0,2,1,-1,6,1,28,6,-1,-1,-1,-1,1,E01009638,0,1
2024461447410,2024,461447410,2,1,0,-1,19,5,1,-1,0,0,1,0,0,0,0,1,-1,9,2,59,9,-1,-1,-1,-1,3,E01023981,0,1
2024061442183,2024,061442183,1,9,0,-1,19,1,5,-1,0,0,0,0,0,0,1,1,-1,1,1,27,6,-1,-1,-1,-1,3,E01006335,0,3
2024302400187,2024,302400187,1,9,0,10,10,5,3,0,0,5,0,0,7,0,2,1,6,6,1,18,4,-1,-1,-1,-1,8,E01007867,0,4
2024371482591,2024,371482591,2,9,0,-1,7,4,7,-1,0,8,0,0,0,0,3,1,-1,9,2,77,11,-1,-1,-1,-1,8,E01030046,0,2
2024531410734,2024,531410734,2,-1,0,-1,19,7,3,-1,0,8,0,0,0,0,3,1,-1,2,2,28,6,-1,-1,-1,-1,6,E01022155,1,1
2024991487804,2024,991487804,2,1,0,-1,19,2,6,-1,5,0,5,0,0,0,3,1,-1,9,2,35,6,-1,-1,-1,-1,10,-1,0,1
2024361498875,2024,361498875,1,9,0,-1,9,5,2,-1,0,0,0,0,0,0,1,1,-1,6,1,44,7,-1,-1,-1,-1,3,E01034768,0,3
2024010532808,2024,010532808,2,1,0,18,19,1,5,0,0,0,0,0,0,0,3,1,4,7,1,14,3,-1,-1,-1,-1,4,E01001793,0,1
2024161490935,2024,161490935,1,-1,0,-1,19,7,3,-1,9,0,0,0,0,0,4,1,-1,6,3,-1,-1,-1,-1,-1,-1,-1,-1,0,-1
2024430022973,2024,430022973,2,9,0,18,19,6,2,0,0,8,0,0,7,0,1,1,1,1,2,44,7,-1,-1,-1,-1,6,E01017717,0,1
2024010519557,2024,010519557,2,1,0,18,19,1,5,0,0,8,0,0,0,0,1,1,2,2,1,53,8,-1,-1,-1,-1,6,E01001592,0,3
2024461417854,2024,461417854,1,9,0,-1,2,7,3,-1,0,0,0,0,0,0,2,9,-1,9,1,37,7,-1,-1,-1,-1,7,E01024538,0,4
2024010511870,2024,010511870,1,11,0,5,5,0,1,0,0,8,0,0,0,0,0,1,6,6,3,-1,-1,-1,-1,-1,-1,-1,-1,0,-1
2024010515336,2024,010515336,1,20,1,99,99,9,9,99,99,9,9,99,9,99,2,9,6,6,1,34,6,-1,-1,-1,-1,8,E01023872,0,4
2024010487211,2024,010487211,1,1,9,99,99,9,9,99,99,9,9,99,9,99,1,1,2,2,1,51,8,-1,-1,-1,-1,9,E01030539,0,4
2024010496161,2024,010496161,2,9,0,99,99,9,9,0,0,0,9,99,9,99,1,9,6,6,3,-1,-1,-1,-1,-1,-1,-1,-1,0,-1
2024010542034,2024,010542034,1,9,0,3,3,1,5,0,0,1,0,0,0,0,1,1,6,6,2,85,11,-1,-1,-1,-1,7,E01002789,0,1
2024401420584,2024,401420584,2,1,0,-1,19,7,3,-1,4,0,0,0,0,0,2,1,-1,2,1,60,9,-1,-1,-1,-1,4,E01017567,0,1
2024010488974,2024,010488974,2,1,0,5,5,3,7,0,0,8,0,0,0,0,1,1,6,6,2,38,7,-1,-1,-1,-1,3,E01035660,0,1
2024430111226,2024,430111226,1,9,0,18,19,7,3,0,0,0,1,0,7,4,1,1,6,6,1,18,4,-1,-1,-1,-1,3,E01016377,0,3
2024010550234,2024,010550234,2,9,0,99,99,9,9,99,99,9,9,99,9,99,9,9,6,6,3,-1,-1,-1,-1,-1,-1,-1,-1,0,-1
2024361527123,2024,361527123,1,97,0,-1,5,1,2,-1,0,0,0,0,0,0,1,1,-1,6,1,54,8,-1,-1,-1,-1,-1,-1,0,-1
2024451441544,2024,451441544,2,1,0,-1,19,2,6,-1,0,0,5,0,0,0,2,1,-1,9,1,27,6,-1,-1,-1,-1,4,E01003054,0,4
2024010492440,2024,010492440,1,9,0,9,9,6,4,0,0,5,0,0,7,0,3,1,6,6,1,35,6,-1,-1,-1,-1,4,E01001435,0,1
2024010550666,2024,010550666,1,1,0,4,4,3,7,0,0,5,0,0,0,0,4,1,4,7,1,16,4,-1,-1,-1,-1,4,E01002645,0,1
2024461423191,2024,461423191,1,21,1,-1,12,7,3,-1,0,0,0,0,0,0,3,2,-1,1,1,57,9,-1,-1,-1,-1,-1,-1,0,-1
2024161494328,2024,161494328,2,1,0,-1,19,1,5,-1,4,1,0,0,0,0,2,1,-1,6,1,12,3,-1,-1,-1,-1,1,E01035464,0,1
2024440445621,2024,440445621,1,9,0,18,19,4,5,0,0,8,0,0,0,0,1,1,6,6,1,24,5,-1,-1,-1,-1,1,E01022917,0,1
2024010528732,2024,010528732,1,9,0,99,99,9,9,99,99,9,9,99,9,99,9,9,6,6,3,-1,-1,-1,-1,-1,-1,-1,-1,0,-1
2024461411397,2024,461411397,1,19,0,-1,19,7,3,-1,0,3,0,0,0,0,3,9,-1,6,3,-1,-1,-1,-1,-1,-1,-1,-1,0,-1
2024052400701,2024,052400701,1,1,0,18,19,2,6,0,0,0,0,0,0,0,1,1,6,6,1,26,6,-1,-1,-1,-1,1,E01034403,0,1
2024161443127,2024,161443127,2,9,0,-1,4,7,3,-1,0,0,0,0,0,0,3,9,-1,6,1,-1,-1,-1,-1,-1,-1,-1,-1,0,-1
2024471463285,2024,471463285,4,9,0,-1,20,0,0,-1,0,1,0,0,0,0,2,1,-1,6,-1,-1,-1,-1,-1,-1,-1,-1,-1,0,-1
2024622400568,2024,622400568,2,9,0,18,19,3,7,0,0,0,0,0,0,0,1,1,6,6,1,41,7,-1,-1,-1,-1,3,W01001289,0,1
2024351512947,2024,351512947,2,9,0,-1,3,-1,-1,-1,0,1,0,0,0,0,1,9,-1,6,3,-1,-1,-1,-1,-1,-1,-1,-1,0,-1
2024311519012,2024,311519012,2,9,0,-1,3,5,1,-1,0,0,0,0,0,0,2,1,-1,6,1,41,7,-1,-1,-1,-1,-1,-1,0,-1
2024351463264,2024,351463264,2,1,0,-1,19,7,3,-1,0,1,0,0,0,0,1,1,-1,6,1,43,7,-1,-1,-1,-1,7,E01017969,0,1
2024131463569,2024,131463569,1,90,0,-1,-1,-1,-1,-1,-1,8,-1,-1,-1,0,-1,1,-1,6,3,-1,-1,-1,-1,-1,-1,-1,-1,0,-1
2024421504257,2024,421504257,1,98,1,-1,-1,-1,-1,-1,-1,-1,-1,-1,-1,0,-1,9,-1,6,1,-1,-1,-1,-1,-1,-1,-1,-1,0,-1
2024430315510,2024,430315510,2,9,0,1,1,2,6,0,0,6,0,0,0,0,2,1,6,6,2,-1,-1,-1,-1,-1,-1,-1,-1,0,-1
2024421479442,2024,421479442,1,21,2,-1,19,3,7,-1,0,0,0,0,0,0,1,1,-1,1,1,62,9,-1,-1,-1,-1,-1,-1,0,-1
2024010498039,2024,010498039,2,9,9,99,99,9,9,99,99,9,9,99,9,99,1,1,6,6,2,-1,-1,-1,-1,-1,-1,-1,-1,0,-1
2024010496592,2024,010496592,2,9,0,99,99,9,9,99,99,9,9,99,9,99,9,9,6,6,2,28,6,-1,-1,-1,-1,5,E01002162,0,1
2024010522087,2024,010522087,1,9,0,99,99,9,9,99,99,9,9,99,9,99,9,9,6,6,3,-1,-1,-1,-1,-1,-1,-1,-1,0,-1
2024161480922,2024,161480922,2,-1,0,-1,15,1,3,-1,0,3,0,0,2,0,2,1,-1,9,2,41,7,-1,-1,-1,-1,-1,-1,1,-1
2024010535301,2024,010535301,1,1,9,99,99,9,9,99,99,9,9,99,9,99,1,1,6,6,2,31,6,-1,-1,-1,-1,6,E01034579,0,1
2024991480034,2024,991480034,2,1,0,-1,19,6,2,-1,0,0,5,0,1,0,1,1,-1,9,1,47,8,-1,-1,-1,-1,10,-1,0,3
2024320213012,2024,320213012,1,19,0,-1,-1,1,5,0,0,8,0,0,0,0,1,1,6,6,3,-1,-1,-1,-1,-1,-1,-1,-1,0,-1
2024052400695,2024,052400695,1,9,0,18,19,2,6,0,0,1,0,0,0,0,1,1,6,6,3,-1,-1,-1,-1,-1,-1,-1,-1,0,-1
2024461411690,2024,461411690,3,1,0,-1,19,3,7,-1,0,0,0,0,0,0,2,1,-1,9,1,84,11,-1,-1,-1,-1,8,E01024545,0,1
2024201406101,2024,201406101,1,9,0,-1,19,2,6,-1,0,0,0,0,0,0,3,9,-1,6,3,-1,-1,-1,-1,-1,-1,-1,-1,0,-1
2024302400179,2024,302400179,1,9,4,5,5,7,3,0,0,0,0,0,0,0,2,1,1,1,1,54,8,-1,-1,-1,-1,8,E01019868,0,1
2024041517176,2024,041517176,1,9,0,-1,9,3,5,-1,0,1,0,0,0,0,1,1,-1,6,1,32,6,-1,-1,-1,-1,2,E01012676,0,1
2024201502510,2024,201502510,1,9,0,-1,5,1,7,-1,0,1,0,0,0,0,1,9,-1,6,1,30,6,-1,-1,-1,-1,-1,-1,0,-1
2024041430565,2024,041430565,1,9,0,-1,19,3,7,-1,0,0,0,0,0,0,1,1,-1,6,3,-1,-1,-1,-1,-1,-1,-1,-1,0,-1
2024421475335,2024,421475335,2,1,0,-1,19,3,7,-1,0,1,0,0,0,0,3,1,-1,6,1,10,2,-1,-1,-1,-1,4,E01021849,0,1
2024131405694,2024,131405694,1,1,0,-1,19,2,7,-1,0,0,0,0,0,0,4,1,-1,6,1,14,3,-1,-1,-1,-1,1,E01011364,0,1
2024010529310,2024,010529310,1,19,0,18,19,1,5,2,2,1,0,0,0,0,3,1,6,6,3,-1,-1,-1,-1,-1,-1,-1,-1,0,-1
2024201527318,2024,201527318,1,9,0,-1,9,4,2,-1,0,6,0,0,0,0,1,1,-1,6,3,17,4,-1,-1,-1,-1,-1,-1,0,-1
2024010489096,2024,010489096,2,9,0,99,99,9,9,99,99,9,9,99,9,99,2,9,6,6,2,31,6,-1,-1,-1,-1,5,E01003900,0,3
2024411539424,2024,411539424,1,1,0,-1,19,7,3,-1,0,3,0,0,0,0,4,1,-1,2,2,34,6,-1,-1,-1,-1,7,E01023605,0,1
2024991512968,2024,991512968,1,9,0,-1,7,1,4,-1,0,8,5,4,7,0,1,1,-1,9,1,90,11,-1,-1,-1,-1,-1,-1,0,-1
2024522401642,2024,522401642,1,1,0,18,19,5,1,0,0,8,0,0,0,0,4,1,6,6,1,38,7,-1,-1,-1,-1,4,E01014686,0,2
2024052400582,2024,052400582,2,11,0,14,14,4,8,0,0,0,0,0,0,0,4,1,1,1,1,31,6,-1,-1,-1,-1,1,E01006739,0,1
2024201520982,2024,201520982,2,1,0,-1,19,3,1,-1,0,0,0,0,0,0,2,1,-1,9,1,29,6,-1,-1,-1,-1,2,E01008987,0,1
2024131452891,2024,131452891,1,98,0,-1,-1,-1,-1,-1,-1,-1,-1,-1,-1,-1,-1,1,-1,6,3,-1,-1,-1,-1,-1,-1,-1,-1,0,-1
2024201480912,2024,201480912,1,9,0,-1,1,8,4,-1,0,0,0,0,0,0,2,9,-1,6,1,35,6,-1,-1,-1,-1,2,E01009934,0,1
2024471420834,2024,471420834,3,9,0,-1,3,2,6,-1,0,1,0,0,0,0,1,1,-1,2,1,62,9,-1,-1,-1,-1,5,E01031523,0,2
2024332401095,2024,332401095,1,1,0,-1,9,2,8,-1,0,6,0,0,0,0,3,1,-1,9,1,29,6,-1,-1,-1,-1,7,E01025895,0,1
2024010491866,2024,010491866,1,3,9,99,99,9,9,99,99,9,9,99,9,99,9,1,6,6,1,44,7,-1,-1,-1,-1,2,E01033086,0,2
2024371471734,2024,371471734,1,9,0,-1,19,1,5,-1,0,8,0,0,0,0,2,1,-1,9,1,48,8,-1,-1,-1,-1,5,E01030189,0,4
2024991506012,2024,991506012,2,-1,0,-1,19,8,5,-1,9,1,0,0,0,0,1,1,-1,6,1,28,6,-1,-1,-1,-1,6,-1,1,1
2024522402442,2024,522402442,2,9,0,18,19,9,9,0,0,0,0,0,0,0,9,1,6,6,3,-1,-1,-1,-1,-1,-1,-1,-1,0,-1
2024522500039,2024,522500039,4,19,0,18,19,6,2,0,0,0,0,0,0,0,4,1,6,6,1,-1,-1,-1,-1,-1,-1,4,E01032359,0,4
2024501444579,2024,501444579,1,9,0,-1,15,3,1,-1,0,1,0,0,0,0,0,1,-1,6,1,64,9,-1,-1,-1,-1,3,E01015148,0,1
2024010490279,2024,010490279,1,9,0,18,19,3,7,0,0,8,0,0,0,0,1,1,6,6,1,40,7,-1,-1,-1,-1,9,E01002191,0,1
2024371493310,2024,371493310,3,9,0,-1,3,3,7,-1,0,0,0,0,0,0,2,1,-1,6,-1,-1,-1,-1,-1,-1,-1,-1,-1,0,-1
2024211447866,2024,211447866,2,9,0,-1,19,4,8,-1,0,1,0,0,0,0,1,2,-1,9,1,46,8,-1,-1,-1,-1,-1,-1,0,-1
2024010524416,2024,010524416,2,1,0,14,14,1,5,0,0,1,0,0,0,0,1,1,6,6,1,16,4,-1,-1,-1,-1,2,E01001559,0,1
2024501499709,2024,501499709,2,1,0,-1,19,8,4,-1,0,2,5,0,0,0,2,1,-1,6,1,15,3,-1,-1,-1,-1,8,E01015098,0,1
2024052400387,2024,052400387,2,1,0,18,19,1,5,0,0,8,0,0,0,0,3,1,1,1,2,47,8,-1,-1,-1,-1,1,E01007274,0,1
2024421418132,2024,421418132,2,1,0,-1,5,3,7,-1,0,0,0,0,0,0,3,1,-1,6,1,13,3,-1,-1,-1,-1,-1,-1,0,-1
2024201524168,2024,201524168,1,9,0,-1,19,7,3,-1,0,1,0,0,0,0,1,9,-1,6,1,-1,-1,-1,-1,-1,-1,-1,-1,0,-1
2024010488172,2024,010488172,1,9,0,99,99,9,9,99,99,9,9,99,9,99,9,9,2,2,2,44,7,-1,-1,-1,-1,3,E01001362,0,1
2024540882024,2024,540882024,2,1,0,18,19,1,5,0,0,1,0,0,0,0,1,1,6,6,1,50,8,-1,-1,-1,-1,9,E01016292,0,4
2024361439136,2024,361439136,1,9,0,-1,8,1,5,-1,0,6,0,0,0,0,1,9,-1,6,1,57,9,-1,-1,-1,-1,8,E01026587,0,3
2024552400483,2024,552400483,2,1,0,18,19,7,3,0,0,8,0,0,0,0,4,1,2,2,1,36,7,-1,-1,-1,-1,9,E01015451,0,1
2024061407537,2024,061407537,2,1,-1,-1,-1,-1,-1,-1,-1,-1,-1,-1,-1,0,-1,1,-1,6,1,37,7,-1,-1,-1,-1,3,E01005302,0,1
2024010542021,2024,010542021,2,1,0,13,13,4,8,0,0,0,0,0,7,0,1,1,1,1,1,29,6,-1,-1,-1,-1,2,E01003320,0,2
2024221506915,2024,221506915,1,9,0,-1,19,2,6,-1,0,5,5,0,0,0,1,1,-1,1,1,32,6,-1,-1,-1,-1,4,E01014122,0,4
2024041468105,2024,041468105,1,1,0,-1,19,3,7,-1,9,1,0,0,0,0,1,1,-1,6,1,15,3,-1,-1,-1,-1,8,E01024920,0,1
2024010530169,2024,010530169,1,1,9,99,99,9,9,99,99,9,9,99,9,99,9,1,6,6,1,18,4,-1,-1,-1,-1,3,E01003099,0,3
2024122401146,2024,122401146,2,1,0,18,19,8,4,0,0,8,0,0,0,0,1,1,6,6,2,28,6,-1,-1,-1,-1,10,E01013361,0,1
2024552400603,2024,552400603,2,1,0,4,4,6,2,9,9,0,0,0,0,0,1,1,6,6,1,17,4,-1,-1,-1,-1,3,E01015294,0,1
2024371404178,2024,371404178,1,9,0,-1,19,8,2,-1,0,0,0,0,0,0,0,1,-1,9,1,52,8,-1,-1,-1,-1,7,E01029898,0,3
2024311543672,2024,311543672,1,9,0,-1,4,4,2,-1,0,0,0,4,0,0,1,1,-1,6,1,61,9,-1,-1,-1,-1,4,E01019450,0,3
2024010526353,2024,010526353,2,9,0,99,99,9,9,99,99,9,9,99,9,99,0,9,6,6,3,77,11,-1,-1,-1,-1,8,E01002341,0,1
2024031420587,2024,031420587,2,9,0,-1,7,7,2,-1,0,4,0,0,0,0,1,1,-1,6,3,-1,-1,-1,-1,-1,-1,-1,-1,0,-1
2024520401195,2024,520401195,1,9,0,18,19,4,8,0,0,0,0,0,0,0,3,1,6,6,2,81,11,-1,-1,-1,-1,3,E01029341,0,3
2024440164674,2024,440164674,2,1,0,18,19,7,3,0,0,1,0,0,0,0,3,1,6,6,1,58,9,-1,-1,-1,-1,1,E01017035,0,1
2024010495169,2024,010495169,1,9,0,18,19,3,7,0,0,2,0,10,0,0,3,1,6,6,2,19,4,-1,-1,-1,-1,6,E01002258,0,1
2024522402754,2024,522402754,2,1,0,18,19,5,1,0,0,8,0,0,0,0,1,1,6,6,1,30,6,-1,-1,-1,-1,2,E01014492,0,1
2024010542655,2024,010542655,2,1,9,99,99,9,9,99,99,9,9,99,9,99,9,1,6,6,1,30,6,-1,-1,-1,-1,5,E01001301,0,1
2024430402717,2024,430402717,1,9,0,18,19,4,8,0,0,2,0,0,0,0,1,1,6,6,3,-1,-1,-1,-1,-1,-1,-1,-1,0,-1
2024010514111,2024,010514111,1,1,0,18,19,1,5,4,4,8,0,0,0,0,1,1,2,2,1,40,7,-1,-1,-1,-1,7,E01003956,0,2
2024131533241,2024,131533241,1,9,0,-1,-1,-1,-1,-1,-1,-1,-1,-1,-1,-1,-1,1,-1,6,3,-1,-1,-1,-1,-1,-1,-1,-1,0,-1
2024010540281,2024,010540281,1,1,9,99,99,9,9,99,99,9,9,99,9,99,1,1,6,6,3,-1,-1,-1,-1,-1,-1,-1,-1,0,-1
2024211440432,2024,211440432,1,9,0,-1,9,3,8,-1,0,0,0,0,0,0,4,9,-1,6,3,30,6,-1,-1,-1,-1,-1,-1,0,-1
2024070262689,2024,070262689,1,9,0,18,19,7,3,9,9,1,0,0,0,0,1,2,6,6,3,-1,-1,-1,-1,-1,-1,-1,-1,0,-1
2024010524948,2024,010524948,1,9,0,9,9,1,7,0,0,3,0,0,0,0,1,1,6,6,1,28,6,-1,-1,-1,-1,4,E01002308,0,1
2024010489150,2024,010489150,1,9,0,99,99,9,9,99,99,9,9,99,9,99,2,9,6,6,1,60,9,-1,-1,-1,-1,3,E01001448,0,2
2024461514613,2024,461514613,2,9,0,-1,2,0,0,-1,0,0,0,4,0,0,2,1,-1,9,2,39,7,-1,-1,-1,-1,5,E01024181,0,1
2024010487555,2024,010487555,4,9,0,2,2,0,0,0,0,8,0,0,0,0,2,1,6,6,3,-1,-1,-1,-1,-1,-1,-1,-1,0,-1
2024201437038,2024,201437038,1,-1,0,-1,19,1,5,-1,9,8,0,0,0,0,1,9,-1,2,1,27,6,-1,-1,-1,-1,1,E01034925,1,1
2024231454684,2024,231454684,1,9,0,-1,19,6,2,-1,0,0,0,0,0,0,3,1,-1,1,1,54,8,-1,-1,-1,-1,8,E01031182,0,1
2024221525459,2024,221525459,2,9,0,-1,3,6,2,-1,0,0,0,0,0,0,2,1,-1,1,1,61,9,-1,-1,-1,-1,9,E01014170,0,2
2024010509301,2024,010509301,2,9,0,18,19,7,3,0,0,0,0,0,0,0,1,1,1,1,1,44,7,-1,-1,-1,-1,8,E01004609,0,3
2024010510541,2024,010510541,1,1,9,99,99,9,9,99,99,9,9,99,9,99,1,1,2,2,2,29,6,-1,-1,-1,-1,6,E01033494,0,1
2024010518800,2024,010518800,1,9,0,9,9,5,3,0,0,1,0,0,0,0,1,1,6,6,1,61,9,-1,-1,-1,-1,3,E01001360,0,1
2024421463254,2024,421463254,1,9,0,-1,19,4,1,-1,0,0,0,4,0,0,3,1,-1,9,2,51,8,-1,-1,-1,-1,10,E01015914,0,1