collision_index,collision_year,collision_ref_no,vehicle_reference,vehicle_type,towing_and_articulation,vehicle_manoeuvre_historic,vehicle_manoeuvre,vehicle_direction_from,vehicle_direction_to,vehicle_location_restricted_lane_historic,vehicle_location_restricted_lane,junction_location,skidding_and_overturning,hit_object_in_carriageway,vehicle_leaving_carriageway,hit_object_off_carriageway,first_point_of_impact,vehicle_left_hand_drive,journey_purpose_of_driver_historic,journey_purpose_of_driver,sex_of_driver,age_of_driver,age_band_of_driver,engine_capacity_cc,propulsion_code,age_of_vehicle,generic_make_model,driver_imd_decile,lsoa_of_driver,escooter_flag,driver_distance_banding
2024531395735,2024,531395735,2,90,0,-1,19,2,6,-1,0,8,0,0,0,0,4,1,-1,1,1,43,7,-1,-1,-1,-1,9,E01034811,0,1
2024131408639,2024,131408639,1,9,0,-1,19,7,3,-1,0,8,0,0,0,0,3,1,-1,9,1,53,8,-1,-1,-1,-1,3,E01010602,0,1
2024540364224,2024,540364224,2,9,0,4,4,7,3,0,0,1,0,0,0,0,2,1,6,6,3,-1,-1,-1,-1,-1,-1,-1,-1,0,-1
2024430623814,2024,430623814,2,9,0,18,19,5,1,0,0,4,0,0,0,0,1,1,6,6,1,-1,-1,-1,-1,-1,-1,-1,-1,0,-1
2024451529399,2024,451529399,1,9,0,-1,19,5,1,-1,0,1,0,0,0,0,1,1,-1,6,1,55,8,-1,-1,-1,-1,10,E01030623,0,1
2024052402182,2024,052402182,1,9,0,18,19,2,6,0,0,0,0,0,0,0,2,1,6,6,3,-1,-1,-1,-1,-1,-1,-1,-1,0,-1
2024520401482,2024,520401482,2,9,0,5,5,4,1,0,0,6,0,0,0,0,1,1,6,6,1,19,4,-1,-1,-1,-1,6,E01029228,0,3
2024131440871,2024,131440871,2,1,0,-1,19,1,5,-1,0,8,0,0,0,0,4,1,-1,6,2,53,8,-1,-1,-1,-1,10,E01011516,0,1
202454B003524,2024,54B003524,1,9,0,5,5,3,7,0,0,5,0,0,0,0,1,1,6,6,3,-1,-1,-1,-1,-1,-1,-1,-1,0,-1
2024440540085,2024,440540085,2,9,0,18,19,4,8,0,0,1,0,0,0,0,1,1,6,6,2,47,8,-1,-1,-1,-1,10,E01023047,0,1
2024440514312,2024,440514312,1,9,0,16,19,7,3,0,0,1,0,0,0,0,1,1,6,6,2,-1,-1,-1,-1,-1,-1,-1,-1,0,-1
2024010490332,2024,010490332,2,9,0,99,99,9,9,99,99,9,9,99,9,99,9,9,6,6,3,-1,-1,-1,-1,-1,-1,-1,-1,0,-1
2024461429021,2024,461429021,1,9,0,-1,19,5,5,-1,0,1,1,10,1,1,1,9,-1,9,2,40,7,-1,-1,-1,-1,4,E01024200,0,1
2024311498553,2024,311498553,2,1,0,-1,19,7,3,-1,0,8,0,0,0,0,2,1,-1,6,2,17,4,-1,-1,-1,-1,4,E01028017,0,1
2024302401072,2024,302401072,2,1,0,18,19,5,1,0,0,8,0,0,0,0,1,1,6,6,1,15,3,-1,-1,-1,-1,-1,-1,0,-1
2024041486065,2024,041486065,1,1,0,-1,19,7,3,-1,0,1,0,0,1,0,1,1,-1,9,1,33,6,-1,-1,-1,-1,2,E01025306,0,1
2024311433239,2024,311433239,2,1,0,-1,19,1,5,-1,0,0,0,0,0,0,1,1,-1,6,1,44,7,-1,-1,-1,-1,-1,-1,0,-1
2024320476217,2024,320476217,1,9,0,4,4,2,6,0,0,0,0,0,0,0,2,1,6,6,3,-1,-1,-1,-1,-1,-1,-1,-1,0,-1
2024430371781,2024,430371781,1,9,0,11,11,6,2,0,0,3,0,0,0,0,4,1,6,6,3,-1,-1,-1,-1,-1,-1,-1,-1,0,-1
2024010493094,2024,010493094,2,9,0,7,7,4,6,0,0,8,0,11,0,0,1,1,6,6,1,24,5,-1,-1,-1,-1,-1,-1,0,-1
2024010510453,2024,010510453,1,1,0,18,19,3,7,0,0,8,0,0,0,0,1,1,6,6,1,23,5,-1,-1,-1,-1,2,E01004298,0,1
2024421512637,2024,421512637,2,1,0,-1,19,-1,-1,-1,0,4,5,0,0,0,3,1,-1,2,1,46,8,-1,-1,-1,-1,4,E01034370,0,1
2024430350060,2024,430350060,2,1,0,18,19,7,3,0,0,8,0,0,0,0,4,1,2,2,1,22,5,-1,-1,-1,-1,2,E01028435,0,1
2024010530742,2024,010530742,3,9,0,3,3,5,1,0,0,1,0,0,0,0,1,1,6,6,2,46,8,-1,-1,-1,-1,6,E01034590,0,1
2024201440245,2024,201440245,2,1,0,-1,5,6,2,-1,0,0,0,0,0,0,4,1,-1,1,1,21,5,-1,-1,-1,-1,3,E01029634,0,4
2024070733194,2024,070733194,1,9,0,-1,9,3,1,-1,0,8,0,0,0,0,4,1,-1,6,3,29,6,-1,-1,-1,-1,-1,-1,0,-1
2024201519386,2024,201519386,2,9,0,-1,5,3,1,-1,0,1,0,0,0,0,1,9,-1,6,-1,-1,-1,-1,-1,-1,-1,-1,-1,0,-1
2024531533155,2024,531533155,1,9,0,-1,13,3,7,-1,0,0,0,0,0,0,1,1,-1,9,1,29,6,-1,-1,-1,-1,6,W01001587,0,1
2024010505718,2024,010505718,1,1,9,99,99,9,9,99,99,1,9,99,9,99,9,1,2,2,1,35,6,-1,-1,-1,-1,5,E01033325,0,1
2024010531162,2024,010531162,1,-1,0,18,19,5,1,9,9,0,2,0,0,0,1,1,6,6,2,34,6,-1,-1,-1,-1,-1,-1,1,-1
2024161502696,2024,161502696,2,9,0,-1,19,1,5,-1,0,1,0,0,0,0,1,1,-1,6,3,-1,-1,-1,-1,-1,-1,-1,-1,0,-1
2024221434269,2024,221434269,2,1,0,-1,9,4,2,-1,0,5,0,0,0,0,2,1,-1,2,2,26,6,-1,-1,-1,-1,2,E01028873,0,1
2024340WN3952,2024,340WN3952,2,22,0,-1,19,1,5,-1,0,0,0,0,0,0,4,1,-1,6,1,78,11,-1,-1,-1,-1,2,E01032978,0,1
2024401410190,2024,401410190,1,9,0,-1,5,4,8,-1,0,0,0,0,1,0,1,1,-1,6,1,45,7,-1,-1,-1,-1,9,E01017398,0,3
2024061415973,2024,061415973,1,9,0,-1,9,3,8,-1,0,5,0,0,0,0,1,1,-1,9,1,53,8,-1,-1,-1,-1,5,E01006006,0,1
2024061494604,2024,061494604,2,1,0,-1,19,3,7,-1,0,3,2,0,0,0,4,1,-1,2,1,36,7,-1,-1,-1,-1,8,E01005852,0,1
2024340NN0682,2024,340NN0682,1,-1,0,-1,19,5,1,-1,9,1,0,0,0,10,1,1,-1,9,1,13,3,-1,-1,-1,-1,6,E01027311,1,1
2024010548490,2024,010548490,2,9,0,4,4,1,5,0,0,6,0,0,0,0,1,1,6,6,1,64,9,-1,-1,-1,-1,6,E01000180,0,2
2024041430199,2024,041430199,2,9,0,-1,19,1,5,-1,0,0,0,0,0,0,3,1,-1,2,1,26,6,-1,-1,-1,-1,3,E01024887,0,4
2024471452274,2024,471452274,1,1,0,-1,12,3,8,-1,0,0,0,0,0,0,1,1,-1,9,1,17,4,-1,-1,-1,-1,4,E01031377,0,1
2024010534373,2024,010534373,2,-1,0,99,99,9,9,99,99,9,0,99,0,0,9,1,6,6,1,-1,-1,-1,-1,-1,-1,3,E01034143,1,1
2024631472022,2024,631472022,1,9,0,-1,19,8,4,-1,0,6,0,0,3,10,1,1,-1,9,1,22,5,-1,-1,-1,-1,2,W01001375,0,4
2024010519777,2024,010519777,2,9,0,13,13,9,9,99,99,5,9,99,9,99,1,9,6,6,3,-1,-1,-1,-1,-1,-1,-1,-1,0,-1
2024320294073,2024,320294073,1,9,0,-1,-1,3,8,0,0,0,0,0,0,0,1,1,6,6,1,-1,-1,-1,-1,-1,-1,-1,-1,0,-1
2024421514830,2024,421514830,1,9,0,-1,3,5,7,-1,0,1,0,0,0,0,3,1,-1,2,1,55,8,-1,-1,-1,-1,10,E01021600,0,1
2024201520113,2024,201520113,1,9,0,-1,6,7,3,-1,0,1,0,0,0,0,1,1,-1,6,3,30,6,-1,-1,-1,-1,-1,-1,0,-1
2024052401752,2024,052401752,2,1,0,17,19,2,6,0,0,0,0,0,0,0,4,1,2,2,1,70,10,-1,-1,-1,-1,3,E01006554,0,3
2024552400739,2024,552400739,2,1,0,18,19,1,5,0,0,1,0,0,0,0,1,1,6,6,1,24,5,-1,-1,-1,-1,5,E01015441,0,2
2024522403170,2024,522403170,2,9,0,17,19,5,2,0,0,0,0,0,0,0,1,1,6,6,1,20,4,-1,-1,-1,-1,6,E01014733,0,1
2024522402564,2024,522402564,2,9,0,18,19,3,7,0,0,8,0,0,0,0,1,1,6,6,1,26,6,-1,-1,-1,-1,8,E01014771,0,1
2024451421817,2024,451421817,2,9,0,-1,19,2,6,-1,0,1,0,0,0,0,4,1,-1,1,1,32,6,-1,-1,-1,-1,7,E01030858,0,1
2024440335875,2024,440335875,2,9,0,18,19,8,4,0,0,2,0,0,0,0,3,1,2,2,1,51,8,-1,-1,-1,-1,9,E01023281,0,3
2024010502500,2024,010502500,2,1,0,7,7,3,4,0,0,8,0,0,0,0,2,1,6,6,1,42,7,-1,-1,-1,-1,5,E01035690,0,1
2024340WN2152,2024,340WN2152,1,9,0,-1,7,5,8,-1,0,5,1,0,1,4,1,1,-1,7,2,29,6,-1,-1,-1,-1,7,E01026987,0,1
202417S104724,2024,17S104724,2,9,0,-1,19,6,2,-1,0,0,0,0,0,0,0,1,-1,9,1,25,5,-1,-1,-1,-1,8,E01033480,0,2
2024010492644,2024,010492644,1,9,0,99,99,9,9,99,99,9,9,99,9,99,9,9,6,6,1,34,6,-1,-1,-1,-1,5,E01001347,0,1
2024451448117,2024,451448117,2,1,0,-1,19,1,5,-1,0,0,0,0,0,0,1,1,-1,9,1,14,3,-1,-1,-1,-1,6,E01030765,0,1
2024010513281,2024,010513281,1,9,0,99,99,9,9,99,99,0,9,99,9,99,9,9,6,6,3,-1,-1,-1,-1,-1,-1,-1,-1,0,-1
2024010521001,2024,010521001,2,1,0,18,19,1,5,2,2,1,5,0,0,0,1,1,1,1,2,26,6,-1,-1,-1,-1,2,E01002760,0,1
2024451532590,2024,451532590,1,9,0,-1,19,7,1,-1,0,8,0,0,0,0,1,1,-1,9,1,30,6,-1,-1,-1,-1,10,E01030691,0,1
2024421516990,2024,421516990,2,1,0,-1,10,8,4,-1,0,6,0,0,0,0,1,1,-1,9,1,65,9,-1,-1,-1,-1,9,E01021693,0,1
2024991394494,2024,991394494,2,17,0,-1,5,2,4,-1,0,4,0,0,0,0,1,1,-1,6,2,47,8,-1,-1,-1,-1,-1,-1,0,-1
2024401457625,2024,401457625,2,-1,0,-1,5,1,5,-1,0,0,0,0,0,0,1,1,-1,6,1,14,3,-1,-1,-1,-1,7,E01017578,1,1
2024520402781,2024,520402781,2,1,0,18,19,3,7,0,0,0,0,0,0,0,1,1,6,6,1,16,4,-1,-1,-1,-1,10,E01014421,0,3
2024010519332,2024,010519332,2,9,0,18,19,5,1,0,0,0,0,0,0,0,1,1,6,6,1,-1,-1,-1,-1,-1,-1,3,E01003550,0,1
2024122400895,2024,122400895,2,9,0,4,4,5,1,0,0,8,0,0,0,0,2,2,6,6,1,67,10,-1,-1,-1,-1,-1,-1,0,-1
2024471497981,2024,471497981,1,1,0,-1,19,5,1,-1,0,4,0,0,0,0,1,1,-1,2,1,54,8,-1,-1,-1,-1,4,E01031599,0,1
2024010523083,2024,010523083,1,1,9,99,99,9,9,99,99,9,9,99,9,99,2,1,6,6,1,29,6,-1,-1,-1,-1,5,E01003228,0,1
2024501438301,2024,501438301,2,9,0,-1,7,2,6,-1,0,8,0,0,0,0,1,9,-1,2,2,27,6,-1,-1,-1,-1,4,E01020126,0,1
2024471409048,2024,471409048,2,1,0,-1,5,1,5,-1,0,8,0,0,0,0,2,1,-1,6,1,63,9,-1,-1,-1,-1,6,E01031807,0,1
2024440237047,2024,440237047,2,9,0,4,4,1,5,0,0,1,0,0,0,0,2,1,6,6,1,-1,-1,-1,-1,-1,-1,-1,-1,0,-1
2024201482652,2024,201482652,2,1,0,-1,19,2,6,-1,0,8,0,0,0,0,1,1,-1,6,1,26,6,-1,-1,-1,-1,-1,-1,0,-1
2024991510947,2024,991510947,1,9,0,-1,19,1,5,-1,0,0,0,4,1,0,1,1,-1,9,1,34,6,-1,-1,-1,-1,3,-1,0,1
2024010505365,2024,010505365,2,9,0,99,99,9,9,99,99,9,9,99,9,99,9,9,6,6,3,-1,-1,-1,-1,-1,-1,-1,-1,0,-1
2024411400232,2024,411400232,1,9,0,-1,19,3,1,-1,0,1,0,0,0,0,1,9,-1,6,3,-1,-1,-1,-1,-1,-1,-1,-1,0,-1
2024411524702,2024,411524702,1,9,0,-1,11,8,4,-1,0,8,0,0,0,0,0,9,-1,6,3,-1,-1,-1,-1,-1,-1,-1,-1,0,-1
2024041400839,2024,041400839,1,97,0,-1,19,6,2,-1,0,1,5,0,1,0,1,1,-1,9,1,21,5,-1,-1,-1,-1,2,E01025051,0,1
2024522401416,2024,522401416,2,1,0,18,19,7,3,0,0,2,0,0,0,0,1,1,6,6,1,17,4,-1,-1,-1,-1,-1,-1,0,-1
2024010523665,2024,010523665,1,1,9,99,99,9,9,99,99,9,9,99,9,99,1,1,2,2,1,25,5,-1,-1,-1,-1,5,E01002004,0,1
2024061521490,2024,061521490,1,1,0,-1,14,-1,-1,-1,0,0,0,8,1,0,1,1,-1,2,2,48,8,-1,-1,-1,-1,10,E01005789,0,2
2024311416779,2024,311416779,1,97,0,-1,19,5,1,-1,0,1,0,0,0,0,2,1,-1,9,1,23,5,-1,-1,-1,-1,-1,-1,0,-1
2024531425508,2024,531425508,1,9,0,-1,19,3,7,-1,0,0,0,0,0,0,1,1,-1,2,1,47,8,-1,-1,-1,-1,7,E01022165,0,1
2024122500029,2024,122500029,1,9,0,16,19,5,2,0,0,0,0,0,7,9,1,1,6,6,2,52,8,-1,-1,-1,-1,9,E01027904,0,1
2024041480060,2024,041480060,1,9,0,-1,19,3,7,-1,0,0,0,0,0,0,1,1,-1,9,1,31,6,-1,-1,-1,-1,3,E01024889,0,1
2024010545058,2024,010545058,1,9,0,7,7,4,6,0,0,1,0,0,0,0,1,1,6,6,3,-1,-1,-1,-1,-1,-1,-1,-1,0,-1
2024010531011,2024,010531011,1,16,9,99,99,9,9,99,99,9,9,99,9,99,9,1,6,6,3,-1,-1,-1,-1,-1,-1,-1,-1,0,-1
2024010537202,2024,010537202,1,9,9,99,99,9,9,99,99,9,0,99,9,99,9,9,6,6,1,-1,-1,-1,-1,-1,-1,4,E01004458,0,1
2024371423694,2024,371423694,1,1,0,-1,19,3,7,-1,4,1,0,0,0,0,4,1,-1,6,1,17,4,-1,-1,-1,-1,3,E01029996,0,1
2024070248705,2024,070248705,1,21,0,16,19,6,2,0,0,0,0,0,0,0,3,1,1,1,1,28,6,-1,-1,-1,-1,4,E01018638,0,3
2024010491901,2024,010491901,1,9,0,18,19,1,5,0,0,8,0,7,1,10,1,1,6,6,1,61,9,-1,-1,-1,-1,6,E01003741,0,1
2024311498522,2024,311498522,1,9,0,-1,13,8,4,-1,0,2,0,0,7,0,1,1,-1,9,1,21,5,-1,-1,-1,-1,4,E01013934,0,3
2024010548938,2024,010548938,1,1,9,99,99,9,9,99,99,9,9,99,9,99,2,1,1,1,1,42,7,-1,-1,-1,-1,5,E01004513,0,1
2024430112506,2024,430112506,1,1,0,18,19,5,1,0,0,8,0,0,0,0,1,1,2,2,1,18,4,-1,-1,-1,-1,3,E01016373,0,1
2024461437530,2024,461437530,2,1,0,-1,3,7,3,-1,0,2,0,0,0,0,1,1,-1,9,1,47,8,-1,-1,-1,-1,7,E01024109,0,1
2024052401394,2024,052401394,1,9,0,14,14,5,1,0,0,2,0,0,0,0,4,1,6,6,3,-1,-1,-1,-1,-1,-1,-1,-1,0,-1
2024041513752,2024,041513752,2,1,0,-1,19,7,7,-1,9,1,0,0,0,0,1,1,-1,7,1,15,3,-1,-1,-1,-1,8,E01025277,0,2
2024461455057,2024,461455057,1,1,0,-1,19,5,1,-1,0,0,2,0,0,0,3,1,-1,9,1,88,11,-1,-1,-1,-1,7,E01024405,0,3
2024061432400,2024,061432400,1,1,0,-1,19,-1,-1,-1,0,1,0,10,7,0,3,1,-1,9,1,52,8,-1,-1,-1,-1,7,E01006127,0,2
2024501417673,2024,501417673,1,9,9,-1,19,8,4,-1,0,0,0,0,0,0,1,9,-1,6,3,-1,-1,-1,-1,-1,-1,-1,-1,0,-1
2024010511571,2024,010511571,3,9,0,2,2,0,0,9,9,1,0,0,0,0,2,1,6,6,3,-1,-1,-1,-1,-1,-1,-1,-1,0,-1
2024522402171,2024,522402171,4,19,0,4,4,4,8,0,0,0,0,0,0,0,1,1,6,6,1,44,7,-1,-1,-1,-1,9,E01015485,0,4
2024010509478,2024,010509478,1,9,0,9,9,7,5,5,5,5,0,0,0,0,4,1,3,7,2,28,6,-1,-1,-1,-1,2,E01004423,0,1
2024010517061,2024,010517061,2,1,9,99,99,9,9,99,99,0,9,99,9,99,9,1,2,2,1,59,9,-1,-1,-1,-1,4,E01003277,0,1
2024010523484,2024,010523484,2,9,0,3,3,7,3,0,0,1,0,0,0,0,2,1,6,6,1,36,7,-1,-1,-1,-1,-1,-1,0,-1
2024201513043,2024,201513043,1,9,0,-1,19,4,8,-1,0,1,0,0,0,0,1,9,-1,6,1,20,4,-1,-1,-1,-1,2,E01010103,0,1
2024010550280,2024,010550280,1,1,9,99,99,9,9,99,99,9,9,99,9,99,9,1,2,2,1,39,7,-1,-1,-1,-1,8,E01002946,0,1
2024351473682,2024,351473682,8,1,0,-1,19,7,3,-1,0,8,0,0,0,0,1,1,-1,9,1,49,8,-1,-1,-1,-1,8,E01017983,0,3
2024401423538,2024,401423538,1,1,-1,-1,-1,-1,-1,-1,-1,0,-1,-1,-1,0,-1,1,-1,6,1,13,3,-1,-1,-1,-1,8,E01033191,0,1
2024991419659,2024,991419659,1,9,0,-1,19,8,4,-1,0,0,0,0,1,11,1,1,-1,2,1,63,9,-1,-1,-1,-1,8,-1,0,1
2024451394601,2024,451394601,2,9,0,-1,19,1,5,-1,0,0,0,0,0,0,2,9,-1,6,2,45,7,-1,-1,-1,-1,-1,-1,0,-1
2024041399069,2024,041399069,1,9,0,-1,9,1,5,-1,0,0,0,0,0,0,1,1,-1,9,2,76,11,-1,-1,-1,-1,3,E01025213,0,2
2024610055224,2024,610055224,1,9,0,4,4,3,1,0,0,1,0,0,0,0,2,1,6,6,1,58,9,-1,-1,-1,-1,8,W01001596,0,1
2024010509980,2024,010509980,2,1,0,18,19,3,7,5,5,1,0,0,0,0,1,1,6,6,1,38,7,-1,-1,-1,-1,9,E01002416,0,1
2024332400042,2024,332400042,1,9,0,-1,19,3,7,-1,0,8,1,0,0,0,4,1,-1,6,1,57,9,-1,-1,-1,-1,7,E01025702,0,3
2024010533903,2024,010533903,2,1,9,99,99,9,9,99,99,9,9,99,9,99,9,1,2,2,1,37,7,-1,-1,-1,-1,3,E01003519,0,2
2024010507001,2024,010507001,2,1,0,18,19,2,6,0,0,8,0,0,0,0,1,1,1,1,1,41,7,-1,-1,-1,-1,5,E01002426,0,1
2024430566456,2024,430566456,1,19,0,7,7,5,7,0,0,6,0,0,0,0,3,1,6,6,1,-1,-1,-1,-1,-1,-1,-1,-1,0,-1
2024010494981,2024,010494981,2,9,0,99,99,9,9,99,99,9,9,99,9,99,1,9,6,6,3,-1,-1,-1,-1,-1,-1,8,E01003445,0,1
2024522403239,2024,522403239,1,1,0,18,19,5,1,0,0,8,0,0,0,0,1,1,6,6,3,-1,-1,-1,-1,-1,-1,-1,-1,0,-1
2024471486957,2024,471486957,2,1,0,-1,19,7,3,-1,0,1,0,0,0,0,3,1,-1,9,1,38,7,-1,-1,-1,-1,6,E01016856,0,1
2024070224505,2024,070224505,1,9,0,18,19,1,5,0,0,0,0,0,0,0,1,1,6,6,1,21,5,-1,-1,-1,-1,4,E01007046,0,4
2024421531446,2024,421531446,2,9,0,-1,6,-1,-1,-1,0,0,0,0,0,0,1,1,-1,6,3,-1,-1,-1,-1,-1,-1,-1,-1,0,-1
2024411429152,2024,411429152,2,9,0,-1,19,8,4,-1,0,8,0,0,0,0,1,1,-1,2,1,-1,-1,-1,-1,-1,-1,3,E01021858,0,4
2024111420620,2024,111420620,2,11,0,-1,19,5,1,-1,0,1,0,0,0,0,0,9,-1,1,1,27,6,-1,-1,-1,-1,3,E01027531,0,4
2024471434684,2024,471434684,1,1,0,-1,19,1,5,-1,0,1,0,0,0,0,1,1,-1,6,1,18,4,-1,-1,-1,-1,9,E01021227,0,2
2024010550457,2024,010550457,1,9,0,18,19,1,5,0,0,1,0,0,0,0,1,1,6,6,3,-1,-1,-1,-1,-1,-1,-1,-1,0,-1
2024010508660,2024,010508660,1,19,0,99,99,9,9,99,99,9,9,99,9,99,9,9,6,6,3,-1,-1,-1,-1,-1,-1,4,E01000031,0,3
2024070402783,2024,070402783,2,1,0,18,19,3,7,9,9,0,0,0,0,0,1,1,6,6,2,41,7,-1,-1,-1,-1,8,E01012385,0,1
2024010543580,2024,010543580,1,1,0,18,19,6,2,0,0,1,0,7,0,0,1,1,6,6,1,48,8,-1,-1,-1,-1,9,E01004073,0,2
2024201406906,2024,201406906,1,9,0,-1,3,8,4,-1,0,0,0,0,0,0,1,9,-1,6,3,-1,-1,-1,-1,-1,-1,-1,-1,0,-1
2024131497299,2024,131497299,1,19,0,-1,-1,-1,-1,-1,-1,0,-1,-1,-1,-1,-1,1,-1,6,3,-1,-1,-1,-1,-1,-1,-1,-1,0,-1
2024041444654,2024,041444654,1,97,0,-1,19,-1,-1,-1,0,1,0,0,0,0,1,1,-1,6,1,21,5,-1,-1,-1,-1,6,E01025608,0,1
2024371471193,2024,371471193,2,1,0,-1,19,5,1,-1,0,3,0,0,0,0,4,1,-1,2,1,32,6,-1,-1,-1,-1,3,E01029996,0,1
2024010508784,2024,010508784,2,9,0,18,19,5,1,0,0,5,0,0,0,0,2,1,6,6,1,29,6,-1,-1,-1,-1,3,E01004400,0,2
2024131489077,2024,131489077,1,9,0,-1,-1,-1,-1,-1,-1,-1,-1,-1,-1,-1,-1,1,-1,6,3,-1,-1,-1,-1,-1,-1,-1,-1,0,-1
2024010517542,2024,010517542,2,1,0,18,19,3,7,0,0,1,5,0,0,0,1,1,6,6,1,39,7,-1,-1,-1,-1,3,E01000222,0,2
2024141485883,2024,141485883,2,-1,0,-1,19,5,1,-1,0,1,0,0,0,0,1,1,-1,9,2,12,3,-1,-1,-1,-1,3,E01007436,1,1
202460Q037278,2024,60Q037278,2,1,0,18,19,3,7,0,0,8,5,0,0,0,4,1,6,6,1,23,5,-1,-1,-1,-1,-1,-1,0,-1
2024461534702,2024,461534702,2,9,0,-1,19,2,7,-1,0,8,0,0,0,0,1,1,-1,6,1,55,8,-1,-1,-1,-1,3,E01024488,0,3
2024991474884,2024,991474884,2,9,0,-1,19,7,3,-1,0,0,0,0,1,9,3,1,-1,9,1,70,10,-1,-1,-1,-1,7,-1,0,2
2024461468013,2024,461468013,2,9,0,-1,4,6,2,-1,0,0,0,0,0,0,2,9,-1,9,1,69,10,-1,-1,-1,-1,3,E01003584,0,3
2024041522004,2024,041522004,2,1,0,-1,19,3,7,-1,0,1,0,0,0,0,1,1,-1,2,1,17,4,-1,-1,-1,-1,1,E01012674,0,1
2024010540344,2024,010540344,1,1,0,18,19,5,1,0,0,0,0,10,1,0,1,1,6,6,1,18,4,-1,-1,-1,-1,9,E01000451,0,1
2024481569665,2024,481569665,2,1,0,-1,19,5,1,-1,5,8,0,0,0,0,1,1,-1,2,2,31,6,-1,-1,-1,-1,-1,-1,0,-1
2024311427937,2024,311427937,2,-1,0,-1,19,-1,-1,-1,0,0,0,0,0,0,-1,1,-1,9,2,14,3,-1,-1,-1,-1,5,E01028164,1,1
2024411536314,2024,411536314,1,9,0,-1,3,6,2,-1,0,0,0,0,0,0,2,1,-1,9,1,36,7,-1,-1,-1,-1,5,E01030569,0,4
2024421505335,2024,421505335,1,9,0,-1,1,1,3,-1,0,0,0,0,0,0,4,9,-1,6,2,-1,-1,-1,-1,-1,-1,-1,-1,0,-1
2024622400423,2024,622400423,2,1,0,18,19,6,2,0,0,1,0,0,0,0,1,1,6,6,1,30,6,-1,-1,-1,-1,5,W01001725,0,1
2024522403169,2024,522403169,2,1,0,5,5,5,1,0,0,6,0,0,0,0,4,1,6,6,1,19,4,-1,-1,-1,-1,1,E01014654,0,1
2024010493049,2024,010493049,1,3,0,18,19,1,5,0,0,2,2,0,0,0,3,1,6,6,1,33,6,-1,-1,-1,-1,4,E01001406,0,1
2024101522596,2024,101522596,1,9,0,-1,19,8,6,-1,0,1,0,0,0,0,1,9,-1,6,1,-1,-1,-1,-1,-1,-1,-1,-1,0,-1
2024010542251,2024,010542251,1,1,9,99,99,9,9,99,99,9,9,99,9,99,1,1,2,2,1,27,6,-1,-1,-1,-1,2,E01002734,0,1
2024010490400,2024,010490400,1,9,0,99,99,9,9,99,99,9,9,99,9,99,1,9,6,6,2,78,11,-1,-1,-1,-1,9,E01023849,0,1
2024010494607,2024,010494607,1,4,0,18,19,1,5,0,0,0,0,0,0,0,3,1,6,6,1,20,4,-1,-1,-1,-1,4,E01003372,0,1
2024052402696,2024,052402696,1,1,0,18,19,4,8,0,0,1,0,0,0,0,1,1,6,6,3,-1,-1,-1,-1,-1,-1,-1,-1,0,-1
2024010525841,2024,010525841,1,1,9,99,99,9,9,99,99,1,9,99,9,99,9,1,2,2,1,31,6,-1,-1,-1,-1,2,E01001955,0,1
2024031506517,2024,031506517,1,9,4,-1,4,2,6,-1,0,0,1,0,0,0,1,1,-1,9,1,79,11,-1,-1,-1,-1,6,E01026391,0,5
2024122400946,2024,122400946,1,5,0,17,19,5,1,0,0,0,0,0,1,4,3,1,6,6,1,77,11,-1,-1,-1,-1,-1,-1,0,-1
2024010510581,2024,010510581,2,1,9,99,99,9,9,99,99,9,9,99,9,99,9,1,6,6,3,-1,-1,-1,-1,-1,-1,-1,-1,0,-1
2024430234498,2024,430234498,1,9,0,18,19,6,2,0,0,0,0,0,0,0,1,1,6,6,2,62,9,-1,-1,-1,-1,-1,-1,0,-1
2024010509752,2024,010509752,1,1,9,99,99,9,9,99,99,9,9,99,9,99,9,1,6,6,3,-1,-1,-1,-1,-1,-1,-1,-1,0,-1
2024010496778,2024,010496778,1,3,0,99,99,9,9,99,99,1,9,99,9,99,9,1,6,6,1,54,8,-1,-1,-1,-1,3,E01000143,0,1
2024302400606,2024,302400606,2,1,0,9,9,4,8,0,0,0,0,0,0,0,3,1,6,6,3,55,8,-1,-1,-1,-1,4,E01013537,0,1
202454A725524,2024,54A725524,1,9,0,5,5,5,1,9,9,6,0,0,0,0,1,1,1,1,2,36,7,-1,-1,-1,-1,9,E01032058,0,3
2024010543119,2024,010543119,1,1,9,99,99,9,9,99,99,9,9,99,9,99,1,1,1,1,1,32,6,-1,-1,-1,-1,2,E01001802,0,1
2024361548755,2024,361548755,2,22,0,-1,19,3,7,-1,0,2,0,0,0,0,4,1,-1,6,2,63,9,-1,-1,-1,-1,4,E01026610,0,1
2024010499483,2024,010499483,2,1,0,18,19,1,5,0,0,1,0,0,1,0,1,1,2,2,2,55,8,-1,-1,-1,-1,5,E01000964,0,1
2024411407133,2024,411407133,1,9,0,-1,4,4,8,-1,0,1,0,0,0,0,1,1,-1,6,1,57,9,-1,-1,-1,-1,3,E01004341,0,4
2024201513073,2024,201513073,1,1,0,-1,19,6,2,-1,0,0,0,0,0,0,4,1,-1,6,1,30,6,-1,-1,-1,-1,1,E01009327,0,1
2024430037689,2024,430037689,2,9,0,9,9,2,8,0,0,5,0,0,0,0,1,1,3,7,2,34,6,-1,-1,-1,-1,4,E01016705,0,1
2024061534259,2024,061534259,2,9,0,-1,19,-1,-1,-1,99,0,0,0,0,0,4,1,-1,6,3,-1,-1,-1,-1,-1,-1,-1,-1,0,-1
2024010522147,2024,010522147,3,9,0,2,2,0,0,0,0,1,0,0,0,0,1,1,6,6,3,-1,-1,-1,-1,-1,-1,-1,-1,0,-1
2024991465860,2024,991465860,2,9,0,-1,19,1,5,-1,0,0,0,0,0,0,1,1,-1,9,1,56,9,-1,-1,-1,-1,6,-1,0,2
2024010493901,2024,010493901,2,9,0,10,10,3,8,0,0,1,0,0,3,0,1,1,6,6,1,22,5,-1,-1,-1,-1,3,E01010361,0,5
2024010534456,2024,010534456,1,1,9,99,99,9,9,99,99,9,9,99,9,99,9,1,2,2,2,58,9,-1,-1,-1,-1,8,E01004627,0,1