collision_index,collision_year,collision_ref_no,vehicle_reference,vehicle_type,towing_and_articulation,vehicle_manoeuvre_historic,vehicle_manoeuvre,vehicle_direction_from,vehicle_direction_to,vehicle_location_restricted_lane_historic,vehicle_location_restricted_lane,junction_location,skidding_and_overturning,hit_object_in_carriageway,vehicle_leaving_carriageway,hit_object_off_carriageway,first_point_of_impact,vehicle_left_hand_drive,journey_purpose_of_driver_historic,journey_purpose_of_driver,sex_of_driver,age_of_driver,age_band_of_driver,engine_capacity_cc,propulsion_code,age_of_vehicle,generic_make_model,driver_imd_decile,lsoa_of_driver,escooter_flag,driver_distance_banding
2024311461292,2024,311461292,2,9,0,-1,19,2,7,-1,0,4,0,0,0,0,3,1,-1,2,2,43,7,-1,-1,-1,-1,1,E01027976,0,3
2024070229186,2024,070229186,1,9,0,1,1,3,7,0,0,0,0,0,0,0,2,1,6,6,1,-1,-1,-1,-1,-1,-1,-1,-1,0,-1
2024471504601,2024,471504601,1,21,0,-1,19,8,4,-1,9,0,5,11,1,10,1,1,-1,1,1,45,7,-1,-1,-1,-1,2,E01021327,0,4
2024010512211,2024,010512211,2,1,0,5,5,5,1,0,0,1,0,0,0,0,1,1,6,6,1,62,9,-1,-1,-1,-1,4,E01000742,0,1
2024461443326,2024,461443326,2,9,0,-1,19,6,2,-1,0,0,1,0,0,0,3,1,-1,1,1,39,7,-1,-1,-1,-1,6,E01035003,0,4
2024161490605,2024,161490605,2,9,0,-1,3,4,8,-1,0,0,0,0,0,0,2,1,-1,6,2,35,6,-1,-1,-1,-1,9,E01013191,0,1
2024010491813,2024,010491813,2,1,0,18,19,1,5,0,0,8,0,4,0,0,1,1,2,2,2,33,6,-1,-1,-1,-1,8,E01000910,0,1
2024440295307,2024,440295307,1,1,0,3,3,6,2,0,0,1,0,0,0,0,2,1,6,6,2,37,7,-1,-1,-1,-1,8,E01017150,0,1
2024010535708,2024,010535708,1,1,9,99,99,9,9,99,99,0,9,99,9,99,0,1,2,2,1,40,7,-1,-1,-1,-1,7,E01004193,0,1
2024101528306,2024,101528306,1,9,0,-1,19,1,1,-1,0,0,0,0,0,0,4,1,-1,6,1,91,11,-1,-1,-1,-1,9,E01008722,0,2
2024361456630,2024,361456630,2,1,0,-1,5,1,5,-1,0,2,0,0,0,0,-1,1,-1,1,1,37,7,-1,-1,-1,-1,4,E01026610,0,2
2024311424918,2024,311424918,2,9,0,-1,19,1,1,-1,0,1,0,0,0,0,1,1,-1,6,1,51,8,-1,-1,-1,-1,9,E01028095,0,1
2024552400366,2024,552400366,1,9,0,18,19,2,6,0,0,0,0,0,0,0,1,1,6,6,3,-1,-1,-1,-1,-1,-1,-1,-1,0,-1
2024052400510,2024,052400510,2,1,0,18,19,7,3,0,0,1,0,0,0,0,1,1,2,2,2,52,8,-1,-1,-1,-1,3,E01007302,0,1
2024302401398,2024,302401398,2,9,0,17,19,8,5,0,0,0,0,0,0,0,3,1,6,6,2,37,7,-1,-1,-1,-1,-1,-1,0,-1
2024332401225,2024,332401225,1,9,0,-1,14,4,8,-1,0,8,0,0,0,0,1,1,-1,6,1,29,6,-1,-1,-1,-1,6,E01033386,0,1
2024010500684,2024,010500684,2,9,0,3,3,1,5,0,0,1,0,0,0,0,3,1,6,6,2,55,8,-1,-1,-1,-1,2,E01000484,0,1
2024451529387,2024,451529387,1,1,0,-1,19,1,5,-1,0,8,5,0,0,0,1,1,-1,2,1,30,6,-1,-1,-1,-1,10,E01030923,0,1
2024552401319,2024,552401319,2,1,0,18,19,2,6,0,0,8,0,0,0,0,4,1,6,6,1,58,9,-1,-1,-1,-1,3,E01033242,0,1
2024041482815,2024,041482815,1,1,0,-1,19,1,3,-1,0,8,0,0,0,0,4,1,-1,9,1,31,6,-1,-1,-1,-1,3,E01012685,0,3
2024010536107,2024,010536107,1,1,0,17,19,7,3,5,5,1,0,0,0,0,1,1,4,7,1,14,3,-1,-1,-1,-1,2,E01000789,0,4
2024101427024,2024,101427024,2,9,0,-1,3,1,5,-1,0,8,0,0,0,0,2,1,-1,6,1,34,6,-1,-1,-1,-1,2,E01008769,0,3
2024361489374,2024,361489374,2,1,0,-1,19,-1,-1,-1,5,8,0,0,0,0,3,1,-1,2,1,54,8,-1,-1,-1,-1,4,E01035137,0,1
2024010518950,2024,010518950,1,-1,9,99,99,9,9,99,99,9,9,99,9,99,9,9,6,6,2,-1,-1,-1,-1,-1,-1,4,E01001478,1,1
2024430063160,2024,430063160,1,9,0,18,19,7,3,0,0,0,0,0,0,0,3,1,2,2,1,48,8,-1,-1,-1,-1,7,E01017795,0,1
2024480542975,2024,480542975,2,1,9,99,99,9,9,99,99,9,9,99,9,99,1,1,6,6,3,-1,-1,-1,-1,-1,-1,-1,-1,0,-1
2024201526531,2024,201526531,1,19,0,-1,19,6,2,-1,0,0,0,0,0,0,1,1,-1,6,1,-1,-1,-1,-1,-1,-1,-1,-1,0,-1
2024161473884,2024,161473884,1,9,0,-1,19,7,4,-1,0,0,0,0,0,0,1,9,-1,6,1,29,6,-1,-1,-1,-1,7,E01013098,0,1
2024430488655,2024,430488655,1,9,0,18,19,4,8,0,0,8,0,0,0,0,1,1,6,6,3,-1,-1,-1,-1,-1,-1,-1,-1,0,-1
2024302400423,2024,302400423,1,9,0,11,11,4,8,0,0,1,0,0,0,0,4,1,6,6,3,-1,-1,-1,-1,-1,-1,5,E01019456,0,4
2024010535837,2024,010535837,2,1,0,5,5,5,1,0,0,8,0,0,0,0,2,1,6,6,1,41,7,-1,-1,-1,-1,6,E01002674,0,1
2024010503874,2024,010503874,1,1,9,99,99,9,9,99,99,9,9,99,9,99,9,1,2,2,1,34,6,-1,-1,-1,-1,3,E01002765,0,1
2024010547656,2024,010547656,2,11,0,99,99,9,9,99,99,9,9,99,9,99,0,9,6,6,3,-1,-1,-1,-1,-1,-1,-1,-1,0,-1
2024351407999,2024,351407999,1,9,0,-1,5,5,1,-1,9,0,0,0,0,0,1,9,-1,6,2,-1,-1,-1,-1,-1,-1,-1,-1,0,-1
2024061495695,2024,061495695,1,19,0,-1,-1,-1,-1,-1,-1,0,-1,-1,-1,0,-1,1,-1,6,3,-1,-1,-1,-1,-1,-1,-1,-1,0,-1
2024010530011,2024,010530011,1,9,9,18,19,3,7,99,99,9,9,99,9,99,9,9,6,6,3,-1,-1,-1,-1,-1,-1,-1,-1,0,-1
2024161419545,2024,161419545,5,9,0,-1,2,0,0,-1,0,0,0,0,0,0,1,1,-1,6,-1,-1,-1,-1,-1,-1,-1,-1,-1,0,-1
2024010487977,2024,010487977,1,3,0,99,99,9,9,99,99,9,9,99,9,99,9,1,6,6,1,23,5,-1,-1,-1,-1,2,E01000533,0,2
2024070837557,2024,070837557,2,9,0,-1,19,5,1,-1,0,1,1,0,1,0,3,1,-1,9,1,56,9,-1,-1,-1,-1,10,E01018471,0,1
2024461502617,2024,461502617,1,9,0,-1,19,2,2,-1,0,8,0,0,0,0,4,1,-1,6,1,22,5,-1,-1,-1,-1,7,E01024721,0,1
2024991498468,2024,991498468,1,9,0,-1,4,2,6,-1,0,4,0,0,0,0,1,1,-1,6,3,30,6,-1,-1,-1,-1,-1,-1,0,-1
2024061433969,2024,061433969,1,1,0,-1,19,-1,-1,-1,0,8,0,0,0,0,3,1,-1,1,1,21,5,-1,-1,-1,-1,2,E01005032,0,1
2024522402634,2024,522402634,1,1,0,18,19,4,8,0,0,6,0,0,0,0,1,1,6,6,1,15,3,-1,-1,-1,-1,3,E01014498,0,1
2024101500074,2024,101500074,1,9,-1,-1,19,7,2,-1,0,4,0,0,0,0,1,9,-1,6,2,80,11,-1,-1,-1,-1,-1,-1,0,-1
2024302401499,2024,302401499,1,9,0,3,3,6,2,0,0,0,0,0,0,0,2,1,6,6,1,30,6,-1,-1,-1,-1,9,E01029469,0,3
2024101420340,2024,101420340,2,1,0,-1,19,1,5,-1,0,3,0,0,0,0,4,1,-1,9,1,35,6,-1,-1,-1,-1,4,E01008445,0,1
2024010493729,2024,010493729,2,3,0,18,19,3,7,0,0,1,0,0,0,0,1,1,1,1,1,32,6,-1,-1,-1,-1,4,E01001435,0,1
2024531509343,2024,531509343,2,-1,0,-1,19,7,3,-1,0,3,0,0,0,0,1,1,-1,2,1,58,9,-1,-1,-1,-1,2,E01022324,1,1
2024131405586,2024,131405586,1,9,0,-1,-1,-1,-1,-1,-1,-1,-1,-1,-1,-1,-1,1,-1,6,3,-1,-1,-1,-1,-1,-1,-1,-1,0,-1
2024010538274,2024,010538274,1,9,9,99,99,9,9,99,99,0,9,99,9,0,9,9,6,6,3,-1,-1,-1,-1,-1,-1,-1,-1,0,-1
2024052401748,2024,052401748,1,9,0,9,9,1,7,0,0,5,0,0,0,0,1,1,6,6,1,76,11,-1,-1,-1,-1,3,E01006994,0,1
2024440458164,2024,440458164,2,9,0,17,19,6,2,0,0,0,1,0,0,0,1,1,1,1,1,56,9,-1,-1,-1,-1,10,E01022573,0,2
2024010527214,2024,010527214,2,9,0,99,99,9,9,99,99,9,9,99,9,99,9,9,6,6,3,-1,-1,-1,-1,-1,-1,-1,-1,0,-1
2024010488821,2024,010488821,2,4,0,18,19,5,1,0,0,0,0,0,0,0,0,1,6,6,1,51,8,-1,-1,-1,-1,3,E01034483,0,1
2024501411360,2024,501411360,2,9,0,-1,19,8,3,-1,0,0,0,0,0,0,1,1,-1,9,1,36,7,-1,-1,-1,-1,9,E01019900,0,2
2024401397132,2024,401397132,2,1,0,-1,19,1,6,-1,0,3,0,0,0,0,4,1,-1,2,2,45,7,-1,-1,-1,-1,5,E01015746,0,1
2024451395463,2024,451395463,1,1,0,-1,19,7,3,-1,0,0,0,0,0,0,4,1,-1,9,1,52,8,-1,-1,-1,-1,10,E01030372,0,2
2024010491315,2024,010491315,3,9,0,2,2,0,0,0,0,0,0,0,0,0,2,1,6,6,3,-1,-1,-1,-1,-1,-1,-1,-1,0,-1
2024141557277,2024,141557277,2,98,0,-1,19,6,1,-1,0,0,0,0,0,0,3,9,-1,6,3,-1,-1,-1,-1,-1,-1,-1,-1,0,-1
2024010496066,2024,010496066,1,3,9,99,99,9,9,9,9,1,9,99,9,99,4,1,2,2,1,30,6,-1,-1,-1,-1,7,E01030414,0,3
2024421401468,2024,421401468,1,19,0,-1,19,5,1,-1,0,0,0,0,0,0,1,9,-1,6,1,-1,-1,-1,-1,-1,-1,-1,-1,0,-1
2024401420584,2024,401420584,1,11,0,-1,19,3,7,-1,4,0,0,11,0,0,1,9,-1,1,3,-1,-1,-1,-1,-1,-1,-1,-1,0,-1
2024010545353,2024,010545353,2,1,9,99,99,9,9,99,99,9,9,99,9,99,1,1,2,2,2,43,7,-1,-1,-1,-1,4,E01003603,0,3
2024010532708,2024,010532708,2,-1,0,18,19,1,5,99,99,9,0,0,0,0,1,9,6,6,1,-1,-1,-1,-1,-1,-1,-1,-1,1,-1
2024211396582,2024,211396582,1,9,0,-1,4,4,8,-1,0,0,2,0,1,3,1,9,-1,2,1,33,6,-1,-1,-1,-1,3,E01029729,0,2
2024302401015,2024,302401015,1,21,0,13,13,2,6,0,0,2,0,0,0,0,0,1,1,1,1,56,9,-1,-1,-1,-1,7,E01027995,0,3
2024311500969,2024,311500969,1,11,0,-1,19,5,1,-1,0,2,0,0,0,0,1,1,-1,1,3,-1,-1,-1,-1,-1,-1,-1,-1,0,-1
2024340WN1702,2024,340WN1702,2,9,0,-1,13,8,4,-1,0,1,0,7,4,1,1,1,-1,9,1,27,6,-1,-1,-1,-1,4,E01016724,0,3
2024421494791,2024,421494791,2,9,0,-1,19,8,5,-1,0,0,0,0,0,0,1,1,-1,9,1,37,7,-1,-1,-1,-1,4,E01021799,0,1
2024451440470,2024,451440470,1,1,0,-1,19,3,7,-1,0,8,0,0,0,0,4,1,-1,2,1,36,7,-1,-1,-1,-1,9,E01030317,0,1
2024161423065,2024,161423065,2,1,0,-1,19,3,7,-1,0,1,0,0,0,0,3,1,-1,1,1,37,7,-1,-1,-1,-1,9,E01013316,0,1
2024010495791,2024,010495791,1,9,0,4,4,6,2,0,0,1,0,4,0,0,1,1,6,6,2,28,6,-1,-1,-1,-1,2,E01001079,0,1
202454D347824,2024,54D347824,2,9,0,10,10,4,1,0,0,2,0,0,0,0,2,1,1,1,1,44,7,-1,-1,-1,-1,6,E01032027,0,2
2024440426352,2024,440426352,2,1,0,18,19,2,6,0,0,1,0,0,0,0,1,1,2,2,1,57,9,-1,-1,-1,-1,1,E01017130,0,1
2024501408779,2024,501408779,2,1,0,-1,19,4,1,-1,0,8,-1,0,-1,0,1,1,-1,9,1,32,6,-1,-1,-1,-1,4,E01034157,0,3
202460Q133612,2024,60Q133612,1,22,0,13,13,1,5,0,0,2,0,0,0,0,1,1,6,6,1,76,11,-1,-1,-1,-1,-1,-1,0,-1
2024340NN0742,2024,340NN0742,2,1,0,-1,19,3,7,-1,0,0,0,0,0,0,2,1,-1,2,1,51,8,-1,-1,-1,-1,5,E01027092,0,1
2024320558753,2024,320558753,1,19,0,-1,-1,4,8,0,0,0,0,0,0,0,3,1,1,1,3,-1,-1,-1,-1,-1,-1,-1,-1,0,-1
2024430092541,2024,430092541,1,1,0,18,19,7,3,0,0,8,0,0,0,0,4,1,6,6,2,23,5,-1,-1,-1,-1,8,E01017838,0,1
2024010549037,2024,010549037,1,1,9,99,99,9,9,99,99,9,9,99,9,99,9,1,6,6,2,25,5,-1,-1,-1,-1,5,E01003344,0,2
2024010535699,2024,010535699,2,9,0,99,99,9,9,99,99,9,9,99,9,99,1,9,6,6,3,-1,-1,-1,-1,-1,-1,-1,-1,0,-1
2024010493222,2024,010493222,1,1,0,18,19,1,5,0,0,8,0,4,0,0,1,1,6,6,1,43,7,-1,-1,-1,-1,9,E01000356,0,1
2024010536273,2024,010536273,2,9,9,99,99,9,9,99,99,9,9,99,9,99,9,9,6,6,3,-1,-1,-1,-1,-1,-1,-1,-1,0,-1
2024451480654,2024,451480654,3,9,0,-1,2,1,5,-1,9,1,0,0,0,0,1,1,-1,6,-1,-1,-1,-1,-1,-1,-1,-1,-1,0,-1
2024351470781,2024,351470781,2,9,0,-1,5,3,7,-1,0,1,0,0,0,0,1,1,-1,6,3,-1,-1,-1,-1,-1,-1,-1,-1,0,-1
2024631535459,2024,631535459,3,9,0,-1,2,0,0,-1,0,0,0,0,0,0,2,1,-1,6,-1,-1,-1,-1,-1,-1,-1,-1,-1,0,-1
2024471400435,2024,471400435,1,9,0,-1,-1,-1,-1,-1,-1,0,-1,-1,-1,0,-1,9,-1,6,3,-1,-1,-1,-1,-1,-1,-1,-1,0,-1
2024461462090,2024,461462090,1,-1,0,-1,19,1,5,-1,0,0,0,0,0,0,1,9,-1,6,2,-1,-1,-1,-1,-1,-1,-1,-1,1,-1
2024302401058,2024,302401058,1,9,0,9,9,5,3,0,0,8,0,0,0,0,4,1,2,2,1,36,7,-1,-1,-1,-1,5,E01027948,0,2
2024052400436,2024,052400436,1,9,0,5,5,1,5,0,0,0,0,0,0,0,1,1,6,6,3,-1,-1,-1,-1,-1,-1,-1,-1,0,-1
2024010489808,2024,010489808,1,3,0,99,99,9,9,99,99,9,9,99,9,99,9,1,1,1,2,34,6,-1,-1,-1,-1,3,E01002049,0,1
2024010507885,2024,010507885,1,9,0,7,7,1,4,9,9,5,1,10,1,11,1,1,6,6,1,24,5,-1,-1,-1,-1,2,E01000223,0,1
2024010526874,2024,010526874,1,1,9,99,99,9,9,99,99,9,9,99,9,99,9,1,6,6,3,-1,-1,-1,-1,-1,-1,-1,-1,0,-1
2024440387996,2024,440387996,1,1,0,18,19,6,2,0,0,8,0,0,0,0,4,1,6,6,1,61,9,-1,-1,-1,-1,8,E01022722,0,1
2024052402167,2024,052402167,2,19,0,18,19,2,6,0,0,0,0,10,1,0,2,1,6,6,2,29,6,-1,-1,-1,-1,3,E01006925,0,2
2024010497602,2024,010497602,1,9,0,18,19,3,7,0,0,1,0,0,0,0,1,1,6,6,3,-1,-1,-1,-1,-1,-1,-1,-1,0,-1
2024211408286,2024,211408286,1,9,0,-1,19,6,2,-1,0,1,0,0,0,0,1,1,-1,9,1,23,5,-1,-1,-1,-1,10,E01029572,0,1
202417H101824,2024,17H101824,1,9,0,-1,10,6,4,-1,0,2,0,0,0,0,2,1,-1,9,2,28,6,-1,-1,-1,-1,5,E01011968,0,1
2024010526766,2024,010526766,1,9,0,18,19,4,8,0,0,8,0,0,0,0,1,1,6,6,3,-1,-1,-1,-1,-1,-1,-1,-1,0,-1
2024010491119,2024,010491119,1,1,9,99,99,9,9,99,99,9,9,99,9,99,1,1,6,6,1,28,6,-1,-1,-1,-1,4,E01000922,0,1
2024010524725,2024,010524725,1,1,0,99,99,9,9,0,0,1,0,99,9,99,9,1,6,6,1,27,6,-1,-1,-1,-1,-1,-1,0,-1
2024461459520,2024,461459520,3,21,1,-1,19,3,7,-1,0,0,0,0,0,0,3,2,-1,1,1,37,7,-1,-1,-1,-1,-1,-1,0,-1
2024131462381,2024,131462381,2,1,0,-1,19,6,2,-1,0,1,0,0,0,0,1,1,-1,9,1,12,3,-1,-1,-1,-1,1,E01011695,0,1
2024010515528,2024,010515528,1,1,9,99,99,9,9,99,99,9,9,99,9,99,9,1,6,6,1,39,7,-1,-1,-1,-1,3,E01003297,0,1
2024421529411,2024,421529411,3,9,0,-1,2,0,0,-1,-1,0,0,4,0,0,2,1,-1,6,1,30,6,-1,-1,-1,-1,-1,-1,0,-1
2024501418630,2024,501418630,1,1,0,-1,19,7,3,-1,0,1,0,0,0,0,1,1,-1,9,1,46,8,-1,-1,-1,-1,1,E01015149,0,1
2024991443054,2024,991443054,1,9,0,-1,19,2,6,-1,0,0,0,0,7,4,1,1,-1,2,1,23,5,-1,-1,-1,-1,8,-1,0,2
2024201416704,2024,201416704,2,1,0,-1,3,2,1,-1,0,0,5,0,0,0,2,1,-1,7,1,13,3,-1,-1,-1,-1,2,E01009044,0,1
2024201520204,2024,201520204,2,9,0,-1,19,2,3,-1,0,8,0,0,0,0,1,1,-1,9,1,52,8,-1,-1,-1,-1,3,E01034737,0,1
2024421424222,2024,421424222,1,1,0,-1,5,6,2,-1,0,0,0,0,0,0,1,1,-1,9,1,37,7,-1,-1,-1,-1,10,E01021364,0,1
2024543540524,2024,543540524,1,21,0,9,9,2,8,0,0,2,0,0,0,0,3,1,1,1,1,18,4,-1,-1,-1,-1,10,E01034704,0,5
2024421524247,2024,421524247,2,1,0,-1,-1,-1,-1,-1,-1,0,-1,-1,-1,0,-1,1,-1,6,1,42,7,-1,-1,-1,-1,-1,-1,0,-1
2024430484812,2024,430484812,2,1,5,18,19,7,3,5,5,0,0,0,0,0,1,1,6,6,1,-1,-1,-1,-1,-1,-1,-1,-1,0,-1
2024520002936,2024,520002936,2,19,0,1,1,1,5,0,0,1,0,0,0,0,2,1,6,6,3,-1,-1,-1,-1,-1,-1,-1,-1,0,-1
2024461518055,2024,461518055,1,97,0,-1,13,1,5,-1,0,1,1,0,0,0,1,1,-1,6,3,-1,-1,-1,-1,-1,-1,-1,-1,0,-1
2024221477414,2024,221477414,2,1,0,-1,19,7,2,-1,0,0,0,0,1,10,3,1,-1,9,1,34,6,-1,-1,-1,-1,7,E01028940,0,2
202454E954024,2024,54E954024,2,9,0,18,19,4,8,0,0,0,0,0,0,0,1,1,6,6,1,37,7,-1,-1,-1,-1,8,E01034451,0,4
2024131457783,2024,131457783,2,1,0,-1,19,1,5,-1,0,3,1,0,0,0,3,1,-1,2,1,61,9,-1,-1,-1,-1,10,E01010768,0,1
2024430444763,2024,430444763,2,1,0,18,19,8,4,9,9,0,0,0,0,0,1,1,6,6,1,-1,-1,-1,-1,-1,-1,-1,-1,0,-1
2024552400656,2024,552400656,2,9,0,18,19,2,6,0,0,0,0,0,0,0,2,1,6,6,1,19,4,-1,-1,-1,-1,5,E01015365,0,1
2024610001624,2024,610001624,1,90,0,18,19,2,6,0,0,8,0,0,0,0,1,1,6,6,1,16,4,-1,-1,-1,-1,1,W01001689,0,1
2024440162765,2024,440162765,2,19,0,2,2,0,0,0,0,2,0,0,0,0,3,1,6,6,3,-1,-1,-1,-1,-1,-1,-1,-1,0,-1
2024461486701,2024,461486701,1,9,0,-1,-1,-1,-1,-1,-1,0,-1,-1,-1,0,-1,9,-1,6,2,23,5,-1,-1,-1,-1,8,E01024145,0,1
2024041431385,2024,041431385,2,1,0,-1,19,1,5,-1,0,0,0,0,0,0,2,1,-1,9,1,27,6,-1,-1,-1,-1,2,E01025208,0,1
2024101405886,2024,101405886,1,9,0,-1,19,7,5,-1,0,8,0,0,0,0,4,9,-1,6,3,25,5,-1,-1,-1,-1,-1,-1,0,-1
2024451498869,2024,451498869,1,9,0,-1,19,1,4,-1,0,0,0,0,0,0,1,9,-1,6,3,-1,-1,-1,-1,-1,-1,-1,-1,0,-1
2024010495018,2024,010495018,1,8,0,5,5,1,5,5,5,1,0,0,0,0,1,1,1,1,1,55,8,-1,-1,-1,-1,8,E01002150,0,3
2024471533656,2024,471533656,4,9,0,-1,19,4,8,-1,0,0,0,0,1,0,1,1,-1,2,1,66,10,-1,-1,-1,-1,3,E01020928,0,2
2024401403844,2024,401403844,1,99,0,-1,5,3,7,-1,0,0,0,0,0,0,1,9,-1,7,2,39,7,-1,-1,-1,-1,3,E01015807,0,1
2024361435678,2024,361435678,1,21,0,-1,4,7,3,-1,0,1,0,0,0,0,1,2,-1,1,1,-1,-1,-1,-1,-1,-1,-1,-1,0,-1
2024501419311,2024,501419311,1,9,0,-1,19,7,3,-1,0,6,0,0,0,0,4,9,-1,9,3,-1,-1,-1,-1,-1,-1,-1,-1,0,-1
2024010500673,2024,010500673,3,9,9,99,99,9,9,99,99,9,9,99,9,99,9,9,6,6,3,-1,-1,-1,-1,-1,-1,-1,-1,0,-1
2024010491288,2024,010491288,1,8,0,7,7,7,2,0,0,1,0,0,0,0,4,1,1,1,1,53,8,-1,-1,-1,-1,5,E01002948,0,4
2024161404926,2024,161404926,2,9,0,-1,19,2,6,-1,0,0,0,0,4,0,4,2,-1,2,1,57,9,-1,-1,-1,-1,1,E01012945,0,1
2024430165682,2024,430165682,1,9,0,18,19,3,7,0,0,0,0,0,0,0,1,1,1,1,1,28,6,-1,-1,-1,-1,10,E01016228,0,3
2024131460944,2024,131460944,2,1,0,-1,19,1,5,-1,0,0,0,0,1,0,1,1,-1,9,1,8,2,-1,-1,-1,-1,8,E01010645,0,1
2024111526560,2024,111526560,1,9,0,-1,5,2,6,-1,0,0,0,0,0,0,1,1,-1,6,3,30,6,-1,-1,-1,-1,-1,-1,0,-1
2024010496730,2024,010496730,1,1,9,99,99,9,9,99,99,9,9,99,9,99,9,1,2,2,1,30,6,-1,-1,-1,-1,5,E01002307,0,4
2024421533205,2024,421533205,2,1,0,-1,19,6,2,-1,0,0,0,0,0,0,2,1,-1,6,1,53,8,-1,-1,-1,-1,5,E01021819,0,1
2024070649318,2024,070649318,2,9,0,4,4,5,1,9,9,8,0,0,0,0,4,1,2,2,1,47,8,-1,-1,-1,-1,8,E01018586,0,1
2024332400243,2024,332400243,1,9,0,-1,19,6,2,-1,0,0,5,10,1,0,1,1,-1,2,1,38,7,-1,-1,-1,-1,10,E01028408,0,2
202417H100624,2024,17H100624,2,19,0,18,19,3,7,0,0,8,0,0,0,0,3,1,6,6,1,60,9,-1,-1,-1,-1,-1,-1,0,-1
2024481558055,2024,481558055,2,1,0,-1,19,3,7,-1,4,1,0,0,0,0,1,1,-1,2,2,32,6,-1,-1,-1,-1,-1,-1,0,-1
2024141557303,2024,141557303,3,9,0,-1,19,3,7,-1,0,0,0,0,0,0,2,9,-1,6,3,-1,-1,-1,-1,-1,-1,-1,-1,0,-1
2024010526735,2024,010526735,1,1,0,18,19,1,5,4,4,1,0,0,0,0,1,1,6,6,2,33,6,-1,-1,-1,-1,9,E01002892,0,1
2024041444587,2024,041444587,2,9,0,-1,19,5,1,-1,0,8,0,0,0,0,3,1,-1,9,2,59,9,-1,-1,-1,-1,1,E01025287,0,1
2024041523980,2024,041523980,2,1,0,-1,19,7,3,-1,0,1,0,0,0,0,2,1,-1,6,1,45,7,-1,-1,-1,-1,10,E01006237,0,3
2024552400416,2024,552400416,2,1,0,18,19,4,8,4,4,8,0,0,0,0,3,1,6,6,1,57,9,-1,-1,-1,-1,5,E01020364,0,1
2024010535125,2024,010535125,1,1,9,99,99,9,9,99,99,9,9,99,9,99,9,1,2,2,1,49,8,-1,-1,-1,-1,3,E01002086,0,1
2024440383306,2024,440383306,1,9,0,18,19,7,3,0,0,1,0,0,0,0,1,1,6,6,1,-1,-1,-1,-1,-1,-1,-1,-1,0,-1
2024401406340,2024,401406340,1,9,0,-1,13,1,5,-1,0,4,0,0,0,0,4,9,-1,6,3,-1,-1,-1,-1,-1,-1,-1,-1,0,-1
2024421440043,2024,421440043,1,9,0,-1,9,5,1,-1,0,0,0,0,0,0,3,9,-1,1,1,53,8,-1,-1,-1,-1,3,E01015868,0,3
2024010516549,2024,010516549,1,9,0,18,19,5,1,0,0,1,0,0,0,0,1,1,6,6,3,-1,-1,-1,-1,-1,-1,-1,-1,0,-1
2024052401334,2024,052401334,1,1,0,18,19,5,1,0,0,0,0,0,1,10,1,1,6,6,1,57,9,-1,-1,-1,-1,5,E01006375,0,4
2024201434969,2024,201434969,1,9,0,-1,5,3,1,-1,0,0,0,0,0,0,1,1,-1,6,-1,-1,-1,-1,-1,-1,-1,-1,-1,0,-1
2024440020415,2024,440020415,1,9,0,1,1,3,7,0,0,6,0,0,0,0,2,1,6,6,3,-1,-1,-1,-1,-1,-1,-1,-1,0,-1
2024111442449,2024,111442449,2,99,0,-1,19,6,2,-1,0,0,0,0,0,0,1,9,-1,6,3,30,6,-1,-1,-1,-1,-1,-1,0,-1
2024010494441,2024,010494441,1,3,0,99,99,9,9,99,99,9,9,99,9,99,1,1,1,1,1,29,6,-1,-1,-1,-1,2,E01002067,0,4
2024010506091,2024,010506091,2,9,0,13,13,1,5,0,0,1,0,0,0,0,1,1,6,6,3,-1,-1,-1,-1,-1,-1,-1,-1,0,-1
2024481437378,2024,481437378,1,1,0,-1,12,1,5,-1,5,2,0,0,0,0,1,1,-1,6,1,35,6,-1,-1,-1,-1,-1,-1,0,-1
2024010493702,2024,010493702,1,9,0,18,19,3,7,0,0,8,0,0,0,0,1,1,6,6,2,38,7,-1,-1,-1,-1,3,E01002493,0,1
2024010497271,2024,010497271,2,9,0,99,99,9,9,99,99,9,9,99,9,99,9,9,6,6,3,-1,-1,-1,-1,-1,-1,-1,-1,0,-1
2024610050324,2024,610050324,3,9,0,18,19,5,1,0,0,1,0,0,0,0,1,1,1,1,1,54,8,-1,-1,-1,-1,4,W01001384,0,4
2024010534507,2024,010534507,1,3,0,18,19,3,7,0,0,1,0,0,0,0,1,1,1,1,1,26,6,-1,-1,-1,-1,3,E01003574,0,3
2024010535135,2024,010535135,2,9,0,99,99,9,9,99,99,9,9,99,9,99,9,1,6,6,3,-1,-1,-1,-1,-1,-1,-1,-1,0,-1
2024302401150,2024,302401150,1,1,0,18,19,6,2,0,0,1,0,0,0,0,1,1,6,6,1,45,7,-1,-1,-1,-1,1,E01013456,0,1
2024010494448,2024,010494448,1,2,0,18,19,3,7,0,0,3,0,0,0,0,2,1,6,6,1,29,6,-1,-1,-1,-1,4,E01001171,0,1
2024221469663,2024,221469663,2,1,0,-1,19,1,5,-1,0,0,0,0,0,0,2,1,-1,9,1,37,7,-1,-1,-1,-1,5,E01028980,0,1
2024010494935,2024,010494935,2,9,0,5,5,0,1,8,6,2,0,0,0,0,1,1,1,1,1,65,9,-1,-1,-1,-1,3,E01003536,0,2
2024991436541,2024,991436541,1,9,0,-1,19,5,1,-1,0,0,0,0,7,0,1,1,-1,9,1,66,10,-1,-1,-1,-1,5,-1,0,5
2024351509888,2024,351509888,1,19,-1,-1,-1,-1,-1,-1,-1,-1,-1,-1,-1,0,-1,9,-1,6,3,-1,-1,-1,-1,-1,-1,-1,-1,0,-1
2024010496854,2024,010496854,2,4,0,18,19,8,4,0,0,1,0,0,0,0,1,1,6,6,1,48,8,-1,-1,-1,-1,8,E01000714,0,1
2024221504319,2024,221504319,1,9,0,-1,9,5,2,-1,0,8,0,0,0,0,1,9,-1,6,2,75,10,-1,-1,-1,-1,6,E01028971,0,2
2024311506705,2024,311506705,1,9,0,-1,19,2,7,-1,0,2,2,0,1,2,3,1,-1,9,1,18,4,-1,-1,-1,-1,6,E01028295,0,2
2024451514768,2024,451514768,1,1,0,-1,19,1,5,-1,0,3,2,0,0,0,4,1,-1,7,1,17,4,-1,-1,-1,-1,10,E01030948,0,1