collision_index,collision_year,collision_ref_no,vehicle_reference,vehicle_type,towing_and_articulation,vehicle_manoeuvre_historic,vehicle_manoeuvre,vehicle_direction_from,vehicle_direction_to,vehicle_location_restricted_lane_historic,vehicle_location_restricted_lane,junction_location,skidding_and_overturning,hit_object_in_carriageway,vehicle_leaving_carriageway,hit_object_off_carriageway,first_point_of_impact,vehicle_left_hand_drive,journey_purpose_of_driver_historic,journey_purpose_of_driver,sex_of_driver,age_of_driver,age_band_of_driver,engine_capacity_cc,propulsion_code,age_of_vehicle,generic_make_model,driver_imd_decile,lsoa_of_driver,escooter_flag,driver_distance_banding
2024041437141,2024,041437141,1,9,0,-1,19,5,1,-1,0,0,0,0,4,0,3,1,-1,9,1,56,9,-1,-1,-1,-1,5,E01006160,0,4
2024430563502,2024,430563502,1,4,0,16,19,3,6,0,0,0,0,0,0,0,4,1,6,6,3,-1,-1,-1,-1,-1,-1,-1,-1,0,-1
2024411407569,2024,411407569,1,9,0,-1,4,1,5,-1,0,0,0,0,4,0,2,9,-1,1,2,38,7,-1,-1,-1,-1,5,E01033916,0,4
2024201434440,2024,201434440,1,9,0,-1,19,3,7,-1,0,0,0,0,0,0,1,9,-1,6,3,-1,-1,-1,-1,-1,-1,-1,-1,0,-1
2024141457500,2024,141457500,1,9,0,-1,2,0,0,-1,0,0,0,0,0,0,2,1,-1,6,3,-1,-1,-1,-1,-1,-1,-1,-1,0,-1
2024010518902,2024,010518902,1,1,0,18,19,1,5,0,0,8,0,0,0,0,4,1,1,1,1,35,6,-1,-1,-1,-1,5,E01033099,0,1
2024411484540,2024,411484540,2,9,-1,-1,-1,-1,-1,-1,-1,4,-1,-1,-1,0,-1,9,-1,6,3,-1,-1,-1,-1,-1,-1,-1,-1,0,-1
2024061480224,2024,061480224,2,9,0,-1,12,-1,-1,-1,0,9,0,0,0,0,9,1,-1,6,3,-1,-1,-1,-1,-1,-1,-1,-1,0,-1
2024010547985,2024,010547985,1,1,9,99,99,9,9,99,99,0,9,99,9,99,2,1,6,6,1,42,7,-1,-1,-1,-1,2,E01003551,0,2
2024010513844,2024,010513844,1,97,0,18,19,5,1,0,0,8,0,0,0,0,4,1,1,1,3,23,5,-1,-1,-1,-1,-1,-1,0,-1
2024061509080,2024,061509080,2,1,0,-1,19,5,1,-1,0,8,5,0,0,0,3,1,-1,9,1,66,10,-1,-1,-1,-1,-1,-1,0,-1
2024010508376,2024,010508376,1,9,9,99,99,9,9,99,99,0,9,99,9,99,9,1,6,6,3,-1,-1,-1,-1,-1,-1,-1,-1,0,-1
2024201515322,2024,201515322,1,9,0,-1,12,7,2,-1,0,0,0,0,0,0,1,1,-1,1,1,21,5,-1,-1,-1,-1,10,E01009666,0,1
2024131461004,2024,131461004,2,1,0,-1,19,5,1,-1,0,8,0,0,1,0,1,1,-1,6,1,20,4,-1,-1,-1,-1,3,E01010825,0,1
2024461521972,2024,461521972,1,98,0,-1,19,7,1,-1,0,0,0,0,0,0,3,9,-1,6,3,-1,-1,-1,-1,-1,-1,-1,-1,0,-1
2024610036224,2024,610036224,2,9,0,2,2,0,0,0,0,0,0,0,0,0,3,1,6,6,1,31,6,-1,-1,-1,-1,3,W01001395,0,1
2024351463508,2024,351463508,1,9,0,-1,19,5,2,-1,0,0,1,0,7,0,3,1,-1,6,2,44,7,-1,-1,-1,-1,6,-1,0,5
2024461406375,2024,461406375,1,9,0,-1,3,7,2,-1,0,1,0,0,0,0,1,9,-1,6,3,-1,-1,-1,-1,-1,-1,-1,-1,0,-1
2024010493733,2024,010493733,1,19,0,18,19,5,1,0,0,0,0,0,0,0,1,1,1,1,1,57,9,-1,-1,-1,-1,3,E01000630,0,2
2024031427194,2024,031427194,1,9,0,-1,9,7,3,-1,0,1,0,0,0,0,1,9,-1,6,1,50,8,-1,-1,-1,-1,-1,-1,0,-1
2024010509646,2024,010509646,2,1,0,15,15,5,1,0,0,8,0,8,0,0,1,1,6,6,1,24,5,-1,-1,-1,-1,4,E01003529,0,1
2024991456131,2024,991456131,1,1,0,-1,19,3,7,-1,0,1,5,0,0,0,1,1,-1,9,1,6,2,-1,-1,-1,-1,5,-1,0,1
2024481503960,2024,481503960,2,1,0,-1,19,3,7,-1,0,1,0,0,0,0,1,1,-1,9,1,28,6,-1,-1,-1,-1,-1,-1,0,-1
2024010537183,2024,010537183,2,1,9,99,99,9,9,99,99,1,9,99,9,99,9,1,6,6,1,12,3,-1,-1,-1,-1,4,E01004642,0,1
2024010494965,2024,010494965,2,1,0,3,3,7,3,0,0,2,0,0,0,0,2,1,2,2,1,42,7,-1,-1,-1,-1,3,E01003124,0,1
2024540892224,2024,540892224,2,9,0,2,2,0,0,0,0,0,0,0,0,0,2,1,6,6,1,-1,-1,-1,-1,-1,-1,-1,-1,0,-1
2024471450224,2024,471450224,1,1,0,-1,19,2,7,-1,0,8,0,0,0,0,9,1,-1,2,2,46,8,-1,-1,-1,-1,6,E01016872,0,1
2024451401265,2024,451401265,1,9,0,-1,19,5,1,-1,0,6,0,0,0,0,1,2,-1,1,2,57,9,-1,-1,-1,-1,10,E01030828,0,1
2024320028380,2024,320028380,1,23,0,18,19,2,6,0,0,1,2,0,0,0,0,1,6,6,1,24,5,-1,-1,-1,-1,8,E01032992,0,1
2024461513818,2024,461513818,2,1,0,-1,19,1,5,-1,0,4,5,0,0,0,4,1,-1,9,1,55,8,-1,-1,-1,-1,8,E01034990,0,4
2024461467765,2024,461467765,1,9,0,-1,19,7,3,-1,0,0,0,0,7,0,1,9,-1,6,1,60,9,-1,-1,-1,-1,1,E01020909,0,5
2024501496873,2024,501496873,1,9,0,-1,19,3,7,-1,0,0,0,0,0,0,1,1,-1,9,1,42,7,-1,-1,-1,-1,7,E01018803,0,2
2024010545623,2024,010545623,1,9,0,99,99,9,9,99,99,9,9,99,9,99,0,9,6,6,3,-1,-1,-1,-1,-1,-1,-1,-1,0,-1
2024421463614,2024,421463614,1,23,0,-1,19,7,3,-1,0,2,1,0,0,0,1,1,-1,9,1,20,4,-1,-1,-1,-1,7,E01021950,0,1
2024351501714,2024,351501714,2,9,-1,-1,19,5,1,-1,0,0,0,0,0,0,0,9,-1,6,3,-1,-1,-1,-1,-1,-1,-1,-1,0,-1
2024010488211,2024,010488211,1,9,0,99,99,9,9,99,99,9,9,99,9,99,2,9,2,2,2,48,8,-1,-1,-1,-1,6,E01002123,0,1
2024010516499,2024,010516499,1,-1,0,18,19,3,7,0,0,0,0,0,0,0,1,1,6,6,1,23,5,-1,-1,-1,-1,3,E01001491,1,1
2024201475225,2024,201475225,1,9,0,-1,19,2,6,-1,0,1,0,0,0,0,1,1,-1,6,2,20,4,-1,-1,-1,-1,-1,-1,0,-1
2024401433645,2024,401433645,1,2,0,-1,19,1,1,-1,0,0,5,0,0,0,1,1,-1,9,1,10,2,-1,-1,-1,-1,8,E01017428,0,1
2024421466382,2024,421466382,1,1,0,-1,15,2,6,-1,0,8,5,0,0,0,1,1,-1,9,1,30,6,-1,-1,-1,-1,6,E01021344,0,1
2024010550956,2024,010550956,1,1,0,5,5,5,1,0,0,8,5,0,0,0,1,1,6,6,1,34,6,-1,-1,-1,-1,5,E01002718,0,1
2024471452034,2024,471452034,2,9,0,-1,19,4,8,-1,0,4,0,0,0,0,1,1,-1,6,3,-1,-1,-1,-1,-1,-1,-1,-1,0,-1
2024010504507,2024,010504507,2,9,9,99,99,9,9,99,99,9,9,99,9,99,9,9,6,6,3,-1,-1,-1,-1,-1,-1,-1,-1,0,-1
2024501443937,2024,501443937,3,1,0,-1,19,5,1,-1,0,8,0,0,0,0,1,1,-1,6,1,34,6,-1,-1,-1,-1,5,E01015092,0,1
2024302400957,2024,302400957,2,9,0,2,2,0,0,0,0,0,0,0,0,0,4,1,6,6,3,-1,-1,-1,-1,-1,-1,-1,-1,0,-1
2024061419015,2024,061419015,1,23,0,-1,19,1,5,-1,0,0,0,0,1,0,1,1,-1,6,3,-1,-1,-1,-1,-1,-1,-1,-1,0,-1
2024010493370,2024,010493370,1,20,0,99,99,9,9,99,99,9,9,99,9,99,2,9,6,6,1,41,7,-1,-1,-1,-1,2,E01001331,0,3
2024010509672,2024,010509672,1,9,0,99,99,9,9,99,99,9,9,99,9,99,1,9,6,6,1,55,8,-1,-1,-1,-1,6,E01002161,0,1
2024010492861,2024,010492861,1,1,9,99,99,9,9,99,99,9,9,99,9,99,9,1,2,2,1,23,5,-1,-1,-1,-1,3,E01004267,0,2
2024010537262,2024,010537262,1,9,0,18,19,3,7,0,0,2,0,0,0,0,1,1,6,6,3,-1,-1,-1,-1,-1,-1,-1,-1,0,-1
2024010531942,2024,010531942,2,-1,0,18,19,5,1,9,9,8,0,0,0,0,1,1,6,6,1,17,4,-1,-1,-1,-1,8,E01004170,1,1
2024201499884,2024,201499884,2,1,0,-1,19,5,1,-1,9,0,1,0,0,0,0,1,-1,2,1,20,4,-1,-1,-1,-1,2,E01010270,0,1
2024101424357,2024,101424357,1,1,0,-1,19,2,7,-1,0,6,0,0,0,0,1,1,-1,9,1,16,4,-1,-1,-1,-1,1,E01008382,0,1
2024010496913,2024,010496913,2,1,0,18,19,1,5,0,0,8,5,0,0,0,2,1,2,2,2,30,6,-1,-1,-1,-1,3,E01001170,0,1
2024010499772,2024,010499772,1,1,9,99,99,9,9,99,99,9,9,99,9,99,9,1,6,6,2,52,8,-1,-1,-1,-1,9,E01003827,0,1
2024351411894,2024,351411894,1,99,0,-1,19,-1,-1,-1,0,0,0,0,0,0,1,9,-1,6,3,-1,-1,-1,-1,-1,-1,-1,-1,0,-1
2024011570196,2024,011570196,2,1,0,-1,19,1,5,-1,0,1,0,0,0,0,1,1,-1,9,2,25,5,-1,-1,-1,-1,-1,-1,0,-1
2024010488583,2024,010488583,1,3,0,18,19,3,7,0,0,1,0,0,0,0,1,1,2,2,1,44,7,-1,-1,-1,-1,5,E01004601,0,3
2024010550726,2024,010550726,2,9,0,5,5,3,7,0,0,4,0,0,0,0,1,1,2,2,1,40,7,-1,-1,-1,-1,8,E01000256,0,1
2024430528144,2024,430528144,1,5,0,5,5,1,5,0,0,0,0,4,0,0,1,1,2,2,1,37,7,-1,-1,-1,-1,10,E01028460,0,1
2024211518016,2024,211518016,1,98,0,-1,7,7,3,-1,0,8,0,0,0,0,0,1,-1,1,1,31,6,-1,-1,-1,-1,-1,-1,0,-1
2024131419991,2024,131419991,9,9,0,-1,19,3,7,-1,0,1,0,0,0,0,3,1,-1,6,1,44,7,-1,-1,-1,-1,2,E01010740,0,1
2024461451425,2024,461451425,2,20,0,-1,19,7,3,-1,0,0,0,0,0,0,1,1,-1,1,1,29,6,-1,-1,-1,-1,9,E01024814,0,2
2024010528624,2024,010528624,1,9,0,18,19,5,1,0,0,8,0,0,0,0,1,1,6,6,3,-1,-1,-1,-1,-1,-1,-1,-1,0,-1
2024211477173,2024,211477173,1,9,0,-1,19,7,4,-1,0,0,0,0,0,0,1,1,-1,1,2,51,8,-1,-1,-1,-1,-1,-1,0,-1
2024010543005,2024,010543005,1,9,9,99,99,9,9,99,99,9,9,99,9,99,9,9,6,6,3,-1,-1,-1,-1,-1,-1,-1,-1,0,-1
2024351480457,2024,351480457,1,-1,0,-1,99,-1,-1,-1,9,0,0,0,0,0,9,1,-1,6,3,-1,-1,-1,-1,-1,-1,-1,-1,1,-1
2024471468259,2024,471468259,1,9,0,-1,19,5,1,-1,0,0,0,0,0,0,1,9,-1,6,1,52,8,-1,-1,-1,-1,5,E01016898,0,1
2024221516176,2024,221516176,2,9,0,-1,19,5,1,-1,0,1,0,0,0,0,3,9,-1,6,2,55,8,-1,-1,-1,-1,1,E01032252,0,1
2024122400591,2024,122400591,2,22,0,18,19,2,6,0,0,8,0,0,0,0,4,1,6,6,1,74,10,-1,-1,-1,-1,7,E01027863,0,1
2024161471324,2024,161471324,1,90,0,-1,-1,-1,-1,-1,-1,0,-1,-1,-1,0,-1,1,-1,6,3,-1,-1,-1,-1,-1,-1,-1,-1,0,-1
2024991440098,2024,991440098,1,97,0,-1,19,2,6,-1,0,0,1,4,0,0,2,1,-1,9,1,17,4,-1,-1,-1,-1,-1,-1,0,-1
2024070694932,2024,070694932,1,1,0,-1,-1,2,6,0,0,1,0,4,0,0,1,1,6,6,1,28,6,-1,-1,-1,-1,2,E01033300,0,1
2024052402037,2024,052402037,1,9,0,18,19,8,5,0,0,1,0,0,0,0,1,1,6,6,2,-1,-1,-1,-1,-1,-1,-1,-1,0,-1
2024440050509,2024,440050509,1,9,0,18,19,1,5,0,0,2,0,0,0,0,1,1,6,6,3,-1,-1,-1,-1,-1,-1,-1,-1,0,-1
2024461395770,2024,461395770,2,9,0,-1,19,3,7,-1,0,0,1,0,0,0,1,1,-1,9,2,35,6,-1,-1,-1,-1,5,E01024571,0,1
2024430412111,2024,430412111,2,-1,-1,-1,-1,-1,-1,-1,-1,-1,-1,-1,-1,-1,-1,-1,6,6,1,-1,-1,-1,-1,-1,-1,-1,-1,0,-1
2024430012263,2024,430012263,1,9,0,3,3,2,6,0,0,2,0,0,0,0,2,1,6,6,2,32,6,-1,-1,-1,-1,10,E01016658,0,2
2024201479882,2024,201479882,2,1,0,-1,19,6,2,-1,0,0,0,0,0,0,1,1,-1,6,2,58,9,-1,-1,-1,-1,4,E01009139,0,1
2024061419157,2024,061419157,2,1,0,-1,19,8,4,-1,0,8,5,0,0,0,4,1,-1,2,1,45,7,-1,-1,-1,-1,10,E01006151,0,2
2024361526008,2024,361526008,1,9,0,-1,19,3,7,-1,0,0,0,0,0,0,4,9,-1,6,2,35,6,-1,-1,-1,-1,-1,-1,0,-1
2024631421511,2024,631421511,2,9,0,-1,4,3,1,-1,0,8,0,0,0,0,2,1,-1,9,1,56,9,-1,-1,-1,-1,4,W01000456,0,1
2024010529310,2024,010529310,2,1,0,18,19,1,5,2,2,1,0,0,0,0,4,1,6,6,1,29,6,-1,-1,-1,-1,10,E01030296,0,3
2024010505059,2024,010505059,2,9,0,99,99,9,9,99,99,9,9,99,9,99,0,9,6,6,3,-1,-1,-1,-1,-1,-1,-1,-1,0,-1
2024332400172,2024,332400172,2,9,0,-1,19,2,6,-1,0,0,0,0,0,0,3,1,-1,6,3,-1,-1,-1,-1,-1,-1,-1,-1,0,-1
2024991517086,2024,991517086,1,9,0,-1,19,7,3,-1,0,2,0,0,0,0,0,9,-1,6,1,-1,-1,-1,-1,-1,-1,-1,-1,0,-1
2024430473221,2024,430473221,2,9,0,3,3,8,4,0,0,1,0,0,0,0,4,1,6,6,2,55,8,-1,-1,-1,-1,-1,-1,0,-1
2024461444910,2024,461444910,1,90,0,-1,19,3,7,-1,0,0,0,0,7,0,1,1,-1,1,1,29,6,-1,-1,-1,-1,3,E01024352,0,4
2024010526084,2024,010526084,2,9,0,99,99,9,9,99,99,9,9,99,9,99,9,9,6,6,3,-1,-1,-1,-1,-1,-1,-1,-1,0,-1
2024501409777,2024,501409777,2,1,0,-1,7,4,8,-1,0,3,0,0,7,0,2,1,-1,1,2,35,6,-1,-1,-1,-1,2,E01019074,0,1
2024201508806,2024,201508806,2,22,0,-1,19,7,3,-1,0,0,0,0,0,0,1,1,-1,6,1,52,8,-1,-1,-1,-1,1,E01009631,0,1
2024031470912,2024,031470912,1,9,0,-1,19,2,5,-1,0,0,0,0,0,0,1,1,-1,6,1,20,4,-1,-1,-1,-1,8,E01018515,0,5
2024302401485,2024,302401485,1,4,0,18,19,3,7,0,0,8,0,0,7,0,1,1,6,6,1,34,6,-1,-1,-1,-1,10,E01023379,0,5
2024141480048,2024,141480048,3,9,0,-1,2,0,0,-1,0,1,0,4,0,0,3,1,-1,6,-1,-1,-1,-1,-1,-1,-1,-1,-1,0,-1
2024302400897,2024,302400897,1,5,0,18,19,5,1,0,0,0,1,4,1,0,1,1,6,6,1,31,6,-1,-1,-1,-1,4,E01019844,0,4
2024461515680,2024,461515680,1,1,0,-1,19,5,1,-1,0,1,0,0,0,0,1,1,-1,6,1,-1,-1,-1,-1,-1,-1,-1,-1,0,-1
2024302400078,2024,302400078,1,3,0,18,19,2,6,0,0,0,0,0,4,6,4,1,6,6,1,18,4,-1,-1,-1,-1,9,E01029469,0,3
2024141458986,2024,141458986,2,1,-1,-1,13,2,6,-1,0,0,5,0,0,0,4,1,-1,6,1,35,6,-1,-1,-1,-1,2,E01007497,0,1
2024201407263,2024,201407263,3,9,0,-1,19,6,2,-1,0,8,0,0,0,0,1,9,-1,6,1,51,8,-1,-1,-1,-1,6,E01009926,0,1
2024161513455,2024,161513455,2,9,0,-1,19,2,6,-1,0,0,0,0,0,0,1,9,-1,6,3,-1,-1,-1,-1,-1,-1,-1,-1,0,-1
2024411474820,2024,411474820,1,90,0,-1,19,-1,-1,-1,0,0,0,0,0,0,0,9,-1,1,1,-1,-1,-1,-1,-1,-1,-1,-1,0,-1
2024070705396,2024,070705396,2,1,0,-1,5,8,4,-1,9,1,0,0,0,0,1,1,-1,6,1,40,7,-1,-1,-1,-1,4,E01035392,0,1
2024141531304,2024,141531304,1,-1,0,-1,19,1,6,-1,0,0,0,0,0,0,3,1,-1,6,1,39,7,-1,-1,-1,-1,2,E01007405,1,1
2024430314581,2024,430314581,2,1,0,18,19,4,8,0,0,1,0,0,0,0,1,1,6,6,1,-1,-1,-1,-1,-1,-1,8,E01016370,0,1
2024010504839,2024,010504839,1,19,0,18,19,2,6,9,9,0,0,0,1,0,1,1,6,6,3,-1,-1,-1,-1,-1,-1,-1,-1,0,-1
2024411459429,2024,411459429,1,9,0,-1,-1,-1,-1,-1,-1,-1,-1,-1,-1,0,-1,9,-1,6,3,-1,-1,-1,-1,-1,-1,-1,-1,0,-1
2024481561755,2024,481561755,1,11,0,-1,5,5,1,-1,0,0,0,0,0,0,0,1,-1,1,1,35,6,-1,-1,-1,-1,-1,-1,0,-1
2024141428309,2024,141428309,1,1,0,-1,19,3,7,-1,0,0,1,0,0,0,1,1,-1,6,1,9,2,-1,-1,-1,-1,1,E01008084,0,1
2024421505884,2024,421505884,2,99,0,-1,2,-1,-1,-1,0,0,0,0,0,0,3,1,-1,6,3,-1,-1,-1,-1,-1,-1,-1,-1,0,-1
2024061466394,2024,061466394,3,9,-1,-1,-1,-1,-1,-1,-1,-1,-1,-1,-1,0,-1,9,-1,6,1,-1,-1,-1,-1,-1,-1,-1,-1,0,-1
2024430199202,2024,430199202,2,9,0,18,19,3,7,0,0,8,0,0,0,0,1,1,6,6,1,27,6,-1,-1,-1,-1,4,E01017904,0,1
2024070201176,2024,070201176,2,1,0,18,19,6,2,0,0,1,0,0,0,0,0,1,6,6,1,53,8,-1,-1,-1,-1,8,E01018668,0,1
2024430181941,2024,430181941,2,9,0,18,19,6,2,0,0,8,0,0,0,0,1,1,6,6,3,-1,-1,-1,-1,-1,-1,-1,-1,0,-1
2024430254642,2024,430254642,3,19,0,3,3,4,8,0,0,0,0,0,0,0,0,1,6,6,3,-1,-1,-1,-1,-1,-1,-1,-1,0,-1
2024451449289,2024,451449289,1,9,0,-1,9,3,1,-1,0,6,0,0,0,0,3,1,-1,1,1,48,8,-1,-1,-1,-1,4,E01003841,0,3
2024471405636,2024,471405636,2,1,0,-1,19,6,3,-1,0,0,0,0,0,0,3,1,-1,6,1,28,6,-1,-1,-1,-1,5,E01020916,0,1
2024421467736,2024,421467736,2,1,0,-1,19,6,2,-1,0,1,0,0,0,0,1,1,-1,9,1,56,9,-1,-1,-1,-1,6,E01015814,0,2
2024010487070,2024,010487070,2,9,0,99,99,9,9,99,99,9,9,99,9,99,9,9,6,6,3,-1,-1,-1,-1,-1,-1,-1,-1,0,-1
2024010486828,2024,010486828,1,11,0,9,9,7,5,0,0,3,0,0,0,0,1,1,1,1,1,59,9,-1,-1,-1,-1,3,E01003193,0,2
2024430318568,2024,430318568,1,9,0,18,19,6,2,0,0,0,0,0,0,0,4,1,6,6,2,-1,-1,-1,-1,-1,-1,-1,-1,0,-1
2024201419874,2024,201419874,2,-1,0,-1,19,6,2,-1,9,8,2,0,0,0,1,1,-1,2,1,26,6,-1,-1,-1,-1,-1,-1,1,-1
2024440540035,2024,440540035,2,9,0,11,11,5,1,0,0,4,0,0,0,0,4,1,6,6,1,-1,-1,-1,-1,-1,-1,-1,-1,0,-1
2024161501911,2024,161501911,2,9,0,-1,19,7,3,-1,0,0,0,0,0,0,1,9,-1,6,3,-1,-1,-1,-1,-1,-1,-1,-1,0,-1
2024461486245,2024,461486245,2,1,-1,-1,19,5,1,-1,0,0,1,0,0,0,2,1,-1,6,1,64,9,-1,-1,-1,-1,2,E01016136,0,1
2024010496994,2024,010496994,1,1,9,99,99,9,9,99,99,9,9,99,9,99,9,1,6,6,1,36,7,-1,-1,-1,-1,2,E01002003,0,1
2024101420802,2024,101420802,1,9,0,-1,19,1,5,-1,0,6,0,0,0,0,3,1,-1,6,1,35,6,-1,-1,-1,-1,8,E01008507,0,2
2024010531013,2024,010531013,1,1,9,99,99,9,9,99,99,9,9,99,9,99,9,1,6,6,2,54,8,-1,-1,-1,-1,4,E01003257,0,2
2024010545608,2024,010545608,2,1,9,99,99,9,9,99,99,9,9,99,9,99,9,1,2,2,2,58,9,-1,-1,-1,-1,5,E01003080,0,1
2024451526299,2024,451526299,2,1,0,-1,19,6,6,-1,0,1,0,0,0,0,1,1,-1,1,1,41,7,-1,-1,-1,-1,5,E01030801,0,1
2024991484390,2024,991484390,2,9,0,-1,9,1,5,-1,0,2,0,0,0,0,3,1,-1,7,2,39,7,-1,-1,-1,-1,3,-1,0,1
2024010508689,2024,010508689,2,1,0,18,19,3,7,2,2,1,5,0,0,0,1,1,6,6,1,16,4,-1,-1,-1,-1,3,E01002572,0,1
2024201446237,2024,201446237,7,9,0,-1,2,0,0,-1,0,2,0,0,0,0,1,9,-1,1,1,19,4,-1,-1,-1,-1,7,E01032146,0,1
2024041449101,2024,041449101,2,9,0,-1,4,3,7,-1,0,0,0,0,0,0,2,1,-1,6,2,37,7,-1,-1,-1,-1,6,E01004912,0,4
2024211498855,2024,211498855,1,9,0,-1,14,7,7,-1,0,0,5,4,0,0,1,1,-1,6,2,23,5,-1,-1,-1,-1,9,E01029420,0,1
2024371453057,2024,371453057,1,9,0,-1,15,5,1,-1,0,8,0,4,0,0,4,1,-1,6,1,79,11,-1,-1,-1,-1,7,E01029911,0,2
202417M116524,2024,17M116524,2,1,0,-1,19,2,6,-1,0,8,0,0,0,0,1,1,-1,9,1,17,4,-1,-1,-1,-1,2,E01012051,0,1
2024031511021,2024,031511021,3,9,0,-1,4,3,7,-1,0,0,1,0,0,0,1,1,-1,6,1,77,11,-1,-1,-1,-1,7,E01019200,0,1
2024451440293,2024,451440293,2,9,0,-1,5,1,2,-1,0,0,0,0,1,0,1,9,-1,6,2,30,6,-1,-1,-1,-1,-1,-1,0,-1
2024010547714,2024,010547714,2,19,0,99,99,9,9,99,99,9,9,99,9,99,9,9,6,6,3,-1,-1,-1,-1,-1,-1,-1,-1,0,-1
2024010510440,2024,010510440,1,1,9,99,99,9,9,99,99,9,9,99,9,99,2,1,6,6,1,19,4,-1,-1,-1,-1,2,E01000289,0,3
2024131441721,2024,131441721,1,1,0,-1,19,5,1,-1,0,4,0,0,0,0,2,1,-1,9,1,16,4,-1,-1,-1,-1,1,E01011431,0,1
2024430174660,2024,430174660,1,9,0,13,13,4,8,0,0,0,0,0,5,6,3,1,6,6,2,63,9,-1,-1,-1,-1,8,E01005357,0,5
2024010502411,2024,010502411,2,11,0,99,99,9,9,99,99,0,9,99,9,99,9,9,6,6,3,-1,-1,-1,-1,-1,-1,-1,-1,0,-1
2024430024462,2024,430024462,1,9,0,9,9,8,5,0,0,6,0,0,7,3,1,1,6,6,2,33,6,-1,-1,-1,-1,10,E01017787,0,1
2024302400301,2024,302400301,2,1,0,18,19,5,1,0,0,1,0,0,1,0,2,1,2,2,1,21,5,-1,-1,-1,-1,4,E01028252,0,2
2024340WN2532,2024,340WN2532,2,1,0,-1,19,5,1,-1,0,8,0,0,0,0,1,1,-1,6,1,59,9,-1,-1,-1,-1,8,E01035086,0,3
2024161467325,2024,161467325,1,19,0,-1,19,7,3,-1,0,8,1,0,0,0,1,2,-1,1,1,35,6,-1,-1,-1,-1,-1,-1,0,-1
2024061465214,2024,061465214,1,1,0,-1,10,-1,-1,-1,99,1,0,99,0,0,4,1,-1,2,1,34,6,-1,-1,-1,-1,1,E01005135,0,1
2024440009834,2024,440009834,1,9,0,18,19,6,2,0,0,0,0,0,0,0,1,1,2,2,1,57,9,-1,-1,-1,-1,9,E01023275,0,1
2024041427557,2024,041427557,1,9,0,-1,19,5,1,-1,0,0,0,0,0,0,1,9,-1,9,2,30,6,-1,-1,-1,-1,1,E01012748,0,1
2024351532127,2024,351532127,2,90,0,-1,19,3,7,-1,0,0,0,0,0,0,3,1,-1,6,1,69,10,-1,-1,-1,-1,6,E01018126,0,1
2024010511240,2024,010511240,2,9,0,99,99,9,9,99,99,9,9,99,9,99,9,9,6,6,3,-1,-1,-1,-1,-1,-1,-1,-1,0,-1
2024461402086,2024,461402086,1,9,0,-1,19,3,7,-1,0,0,0,0,0,0,1,9,-1,6,3,-1,-1,-1,-1,-1,-1,-1,-1,0,-1
2024010508736,2024,010508736,2,9,0,9,9,8,7,0,0,8,0,0,0,0,0,1,6,6,3,-1,-1,-1,-1,-1,-1,-1,-1,0,-1
2024070615717,2024,070615717,2,9,0,18,19,7,3,0,0,1,0,0,0,0,1,1,6,6,1,19,4,-1,-1,-1,-1,9,E01012562,0,1
2024471457778,2024,471457778,1,90,0,-1,19,2,6,-1,0,0,0,0,0,0,0,9,-1,6,3,-1,-1,-1,-1,-1,-1,-1,-1,0,-1
2024010495198,2024,010495198,1,3,0,18,19,3,7,0,0,8,0,0,0,0,1,1,6,6,1,18,4,-1,-1,-1,-1,1,E01033456,0,1
2024401576687,2024,401576687,2,-1,0,-1,19,5,1,-1,0,0,5,0,0,0,3,1,-1,6,2,36,7,-1,-1,-1,-1,2,E01033803,1,1
2024010492031,2024,010492031,2,9,0,99,99,9,9,99,99,0,9,99,9,99,9,9,6,6,3,-1,-1,-1,-1,-1,-1,-1,-1,0,-1
2024471423151,2024,471423151,2,1,0,-1,19,1,5,-1,0,0,0,0,0,0,3,1,-1,6,1,28,6,-1,-1,-1,-1,9,E01016980,0,1
2024451472508,2024,451472508,1,9,0,-1,19,4,5,-1,0,0,0,0,0,0,3,1,-1,9,1,63,9,-1,-1,-1,-1,8,E01030703,0,2
2024010490781,2024,010490781,1,8,0,9,9,1,6,0,0,1,0,0,0,0,1,1,1,1,1,54,8,-1,-1,-1,-1,2,E01004222,0,2
2024010522618,2024,010522618,1,97,0,99,99,9,9,0,0,1,0,0,0,0,9,1,6,6,3,-1,-1,-1,-1,-1,-1,-1,-1,0,-1
2024010509082,2024,010509082,2,1,0,18,19,4,8,0,0,8,2,0,0,0,1,1,1,1,2,26,6,-1,-1,-1,-1,8,E01030703,0,3
2024451455755,2024,451455755,1,1,0,-1,19,6,2,-1,4,0,5,0,1,0,0,1,-1,9,1,25,5,-1,-1,-1,-1,6,E01031520,0,4
2024430323592,2024,430323592,1,19,0,18,19,7,3,0,0,0,0,0,0,0,1,1,1,1,1,51,8,-1,-1,-1,-1,9,E01017703,0,3
2024010516547,2024,010516547,2,1,0,5,5,1,5,0,0,8,0,0,0,0,1,1,6,6,1,10,2,-1,-1,-1,-1,7,E01003393,0,1
2024010519351,2024,010519351,2,-1,0,18,19,1,5,0,0,1,0,0,0,0,1,1,2,2,1,27,6,-1,-1,-1,-1,3,E01001801,1,1
2024340WN2342,2024,340WN2342,1,9,0,-1,9,5,3,-1,0,5,0,0,0,0,1,1,-1,1,1,36,7,-1,-1,-1,-1,8,E01027186,0,2
2024122400724,2024,122400724,2,9,0,7,7,3,5,0,0,0,0,0,1,0,2,1,6,6,2,59,9,-1,-1,-1,-1,6,E01027744,0,4
2024552400624,2024,552400624,1,19,0,18,19,5,1,0,0,0,0,0,0,0,1,1,6,6,1,36,7,-1,-1,-1,-1,10,E01015433,0,1
2024010520539,2024,010520539,1,1,9,99,99,9,9,99,99,9,9,99,9,99,2,1,6,6,2,38,7,-1,-1,-1,-1,2,E01004272,0,1
2024010527471,2024,010527471,1,1,0,18,19,1,5,4,4,1,0,0,0,0,2,1,1,1,1,31,6,-1,-1,-1,-1,2,E01001976,0,2
2024531409528,2024,531409528,3,19,0,-1,4,4,8,-1,0,3,0,0,0,0,0,9,-1,6,3,-1,-1,-1,-1,-1,-1,-1,-1,0,-1
2024430065337,2024,430065337,1,9,0,18,19,2,6,0,0,0,0,0,0,0,1,1,6,6,2,43,7,-1,-1,-1,-1,9,E01016266,0,1