collision_index,collision_year,collision_ref_no,vehicle_reference,vehicle_type,towing_and_articulation,vehicle_manoeuvre_historic,vehicle_manoeuvre,vehicle_direction_from,vehicle_direction_to,vehicle_location_restricted_lane_historic,vehicle_location_restricted_lane,junction_location,skidding_and_overturning,hit_object_in_carriageway,vehicle_leaving_carriageway,hit_object_off_carriageway,first_point_of_impact,vehicle_left_hand_drive,journey_purpose_of_driver_historic,journey_purpose_of_driver,sex_of_driver,age_of_driver,age_band_of_driver,engine_capacity_cc,propulsion_code,age_of_vehicle,generic_make_model,driver_imd_decile,lsoa_of_driver,escooter_flag,driver_distance_banding
2024010542259,2024,010542259,2,9,0,99,99,9,9,99,99,9,9,99,9,99,9,9,6,6,3,45,7,-1,-1,-1,-1,6,E01002656,0,3
2024010507351,2024,010507351,2,9,0,6,6,7,7,0,0,0,0,0,0,0,4,1,6,6,3,-1,-1,-1,-1,-1,-1,-1,-1,0,-1
2024421528171,2024,421528171,1,9,0,-1,5,3,7,-1,0,0,0,0,0,0,1,9,-1,6,3,-1,-1,-1,-1,-1,-1,-1,-1,0,-1
2024520401555,2024,520401555,1,9,0,18,19,8,4,0,0,0,0,0,0,0,1,1,6,6,3,-1,-1,-1,-1,-1,-1,-1,-1,0,-1
2024010539605,2024,010539605,2,9,0,99,99,9,9,99,99,9,9,99,9,99,9,9,6,6,1,-1,-1,-1,-1,-1,-1,4,E01034185,0,3
2024231460448,2024,231460448,1,9,0,-1,19,6,2,-1,0,0,0,0,0,0,1,1,-1,7,2,36,7,-1,-1,-1,-1,4,E01029820,0,1
2024010489258,2024,010489258,1,3,0,99,99,9,9,99,99,9,9,99,9,99,9,1,1,1,3,34,6,-1,-1,-1,-1,7,E01003139,0,1
2024440552714,2024,440552714,1,9,0,18,19,5,1,0,0,0,0,0,0,0,4,1,6,6,3,-1,-1,-1,-1,-1,-1,-1,-1,0,-1
2024991512125,2024,991512125,1,9,0,-1,19,5,1,-1,0,0,0,0,0,0,1,1,-1,6,1,60,9,-1,-1,-1,-1,-1,-1,0,-1
2024520401554,2024,520401554,2,9,9,99,99,9,9,0,0,0,0,0,0,0,9,9,6,6,3,-1,-1,-1,-1,-1,-1,-1,-1,0,-1
2024302401612,2024,302401612,2,19,0,2,2,0,0,0,0,0,0,0,0,0,0,1,6,6,3,-1,-1,-1,-1,-1,-1,-1,-1,0,-1
2024552401270,2024,552401270,1,9,0,18,19,8,4,0,0,6,0,0,0,0,1,1,6,6,3,-1,-1,-1,-1,-1,-1,-1,-1,0,-1
2024052400188,2024,052400188,1,9,0,18,19,1,5,0,0,0,0,11,7,2,1,1,6,6,1,38,7,-1,-1,-1,-1,7,E01007110,0,1
2024010550060,2024,010550060,2,1,0,18,19,5,1,0,0,1,0,0,0,0,4,1,6,6,2,33,6,-1,-1,-1,-1,2,E01033699,0,1
2024010489209,2024,010489209,1,3,0,99,99,9,9,99,99,9,9,99,9,99,9,1,6,6,1,33,6,-1,-1,-1,-1,8,E01002209,0,1
2024061410331,2024,061410331,1,9,-1,-1,-1,-1,-1,-1,-1,-1,-1,-1,-1,0,-1,9,-1,6,3,-1,-1,-1,-1,-1,-1,-1,-1,0,-1
2024010487768,2024,010487768,1,9,0,4,4,5,1,9,9,2,0,0,0,0,1,1,6,6,1,31,6,-1,-1,-1,-1,5,E01000491,0,1
2024010543166,2024,010543166,1,1,0,18,19,5,1,0,0,1,0,0,0,0,1,1,4,7,1,14,3,-1,-1,-1,-1,2,E01001428,0,1
2024430086000,2024,430086000,2,21,1,18,19,1,5,0,0,0,0,0,0,0,2,2,1,1,1,59,9,-1,-1,-1,-1,-1,-1,0,-1
2024122401161,2024,122401161,2,1,0,18,19,3,1,0,0,1,0,0,0,0,3,1,6,6,1,18,4,-1,-1,-1,-1,4,E01027779,0,1
2024332400802,2024,332400802,2,9,0,-1,19,9,9,-1,0,0,0,0,0,0,1,1,-1,6,3,-1,-1,-1,-1,-1,-1,-1,-1,0,-1
2024991448587,2024,991448587,1,5,0,-1,19,5,8,-1,0,0,1,0,0,0,3,1,-1,9,1,63,9,-1,-1,-1,-1,-1,-1,0,-1
2024010522220,2024,010522220,1,19,0,18,19,5,1,0,0,1,0,0,0,0,1,1,6,6,3,-1,-1,-1,-1,-1,-1,-1,-1,0,-1
2024522403011,2024,522403011,1,9,0,18,19,4,8,0,0,8,0,0,0,0,3,1,6,6,1,73,10,-1,-1,-1,-1,1,E01014832,0,4
2024010495932,2024,010495932,1,9,0,99,99,9,9,99,99,9,9,99,0,0,9,9,1,1,1,33,6,-1,-1,-1,-1,3,E01003521,0,1
2024302400650,2024,302400650,2,1,0,17,19,1,4,0,0,1,0,0,0,0,2,1,6,6,1,34,6,-1,-1,-1,-1,3,E01019709,0,1
2024520402428,2024,520402428,2,9,0,16,19,1,5,0,0,0,0,0,0,0,3,1,6,6,3,-1,-1,-1,-1,-1,-1,-1,-1,0,-1
2024070045606,2024,070045606,1,9,0,18,19,8,4,0,0,0,0,0,0,0,4,1,6,6,3,-1,-1,-1,-1,-1,-1,-1,-1,0,-1
202454B001124,2024,54B001124,2,97,0,9,9,5,2,0,0,3,0,0,0,0,1,1,6,6,1,17,4,-1,-1,-1,-1,8,E01032041,0,1
2024371410907,2024,371410907,3,9,0,-1,4,5,1,-1,0,1,0,0,0,0,3,1,-1,9,2,56,9,-1,-1,-1,-1,4,E01030295,0,3
2024221407442,2024,221407442,1,19,0,-1,19,6,2,-1,0,2,0,0,0,0,3,9,-1,6,1,59,9,-1,-1,-1,-1,7,E01032390,0,1
2024302400023,2024,302400023,1,4,0,17,19,8,5,0,0,8,0,0,0,0,1,1,6,6,1,24,5,-1,-1,-1,-1,2,E01019581,0,1
2024010519224,2024,010519224,2,19,0,99,99,9,9,99,99,0,9,99,9,99,9,9,6,6,1,66,10,-1,-1,-1,-1,3,E01004404,0,3
2024010521205,2024,010521205,1,98,0,99,99,9,9,0,0,1,0,0,0,0,1,1,6,6,3,-1,-1,-1,-1,-1,-1,-1,-1,0,-1
2024501505219,2024,501505219,3,9,0,-1,2,0,0,-1,0,0,0,0,0,0,1,1,-1,6,3,-1,-1,-1,-1,-1,-1,-1,-1,0,-1
2024991528906,2024,991528906,2,1,0,-1,19,4,8,-1,0,8,0,0,0,0,1,1,-1,9,1,17,4,-1,-1,-1,-1,10,-1,0,1
2024141503928,2024,141503928,1,1,0,-1,19,1,4,-1,0,1,0,0,0,0,1,1,-1,6,2,25,5,-1,-1,-1,-1,2,E01008112,0,1
2024471477361,2024,471477361,2,1,0,-1,9,7,3,-1,0,1,0,0,0,0,4,1,-1,6,1,45,7,-1,-1,-1,-1,6,E01016850,0,1
2024440330487,2024,440330487,1,9,0,18,19,7,3,0,0,0,0,0,0,0,1,1,6,6,2,59,9,-1,-1,-1,-1,4,E01023088,0,1
2024311467272,2024,311467272,2,9,0,-1,19,8,4,-1,0,1,0,0,0,0,1,9,-1,6,2,-1,-1,-1,-1,-1,-1,-1,-1,0,-1
2024070335461,2024,070335461,2,1,0,18,19,2,6,0,0,0,0,0,0,0,2,1,6,6,2,54,8,-1,-1,-1,-1,7,E01034672,0,1
2024211533020,2024,211533020,1,9,-1,-1,-1,-1,-1,-1,-1,0,-1,-1,-1,0,-1,9,-1,6,3,32,6,-1,-1,-1,-1,-1,-1,0,-1
2024061471290,2024,061471290,2,1,0,-1,19,5,1,-1,0,0,0,0,0,0,3,1,-1,6,1,13,3,-1,-1,-1,-1,2,E01005670,0,1
2024010489321,2024,010489321,1,4,0,18,19,3,7,0,0,0,0,0,0,0,1,1,6,6,1,27,6,-1,-1,-1,-1,4,E01002070,0,2
2024131447631,2024,131447631,1,9,0,-1,-1,-1,-1,-1,-1,-1,-1,-1,-1,-1,-1,1,-1,6,3,-1,-1,-1,-1,-1,-1,-1,-1,0,-1
2024010490085,2024,010490085,1,9,0,9,9,1,6,0,0,5,0,0,0,0,4,1,6,6,2,71,10,-1,-1,-1,-1,6,E01004581,0,1
2024501524629,2024,501524629,1,9,0,-1,19,2,6,-1,9,0,0,10,7,10,1,1,-1,2,1,25,5,-1,-1,-1,-1,4,E01015183,0,1
2024421490362,2024,421490362,1,9,0,-1,19,6,2,-1,0,1,0,0,0,0,4,1,-1,6,2,-1,-1,-1,-1,-1,-1,-1,-1,0,-1
2024361467876,2024,361467876,1,9,0,-1,19,5,1,-1,0,8,5,0,0,0,1,1,-1,6,1,62,9,-1,-1,-1,-1,2,E01026488,0,1
2024311433597,2024,311433597,1,19,0,-1,19,3,7,-1,0,1,0,0,0,0,1,1,-1,9,1,60,9,-1,-1,-1,-1,7,E01028100,0,1
2024302400559,2024,302400559,1,5,0,18,19,8,4,0,0,0,0,0,0,0,1,1,6,6,1,63,9,-1,-1,-1,-1,1,E01018462,0,4
2024010547096,2024,010547096,2,1,9,99,99,9,9,99,99,9,9,99,9,99,9,1,2,2,1,44,7,-1,-1,-1,-1,5,E01001859,0,3
2024010490391,2024,010490391,1,3,0,18,19,7,3,0,0,1,1,0,0,0,0,1,6,6,2,37,7,-1,-1,-1,-1,4,E01002841,0,1
2024101483358,2024,101483358,2,1,0,-1,19,4,8,-1,0,0,0,0,0,0,0,1,-1,9,1,62,9,-1,-1,-1,-1,4,E01027435,0,3
2024131463656,2024,131463656,2,1,-1,-1,-1,-1,-1,-1,-1,-1,-1,-1,-1,0,-1,1,-1,9,1,12,3,-1,-1,-1,-1,6,E01010932,0,1
2024471512525,2024,471512525,2,1,0,-1,19,7,3,-1,9,8,0,0,0,0,1,1,-1,7,1,-1,-1,-1,-1,-1,-1,10,E01031476,0,1
2024052402430,2024,052402430,1,1,0,9,9,8,6,0,0,1,0,0,0,0,1,1,6,6,1,-1,-1,-1,-1,-1,-1,-1,-1,0,-1
2024201494978,2024,201494978,2,90,0,-1,19,8,4,-1,0,8,0,0,0,0,1,1,-1,6,1,46,8,-1,-1,-1,-1,1,E01010288,0,1
2024440261823,2024,440261823,1,1,0,18,19,5,1,0,0,1,0,0,0,0,1,1,6,6,1,21,5,-1,-1,-1,-1,-1,-1,0,-1
2024531474585,2024,531474585,2,9,0,-1,9,3,7,-1,0,0,0,0,0,0,2,1,-1,1,2,48,8,-1,-1,-1,-1,7,E01022230,0,2
2024070488756,2024,070488756,2,9,0,18,19,1,5,0,0,1,0,0,0,0,1,1,6,6,2,29,6,-1,-1,-1,-1,7,E01012527,0,1
2024101457479,2024,101457479,1,-1,0,-1,19,5,1,-1,0,0,0,0,0,0,4,1,-1,6,1,30,6,-1,-1,-1,-1,-1,-1,0,-1
2024991463969,2024,991463969,1,-1,0,-1,12,3,7,-1,1,1,0,0,0,0,3,1,-1,9,1,54,8,-1,-1,-1,-1,4,-1,1,1
2024010527680,2024,010527680,1,9,0,18,19,3,7,0,0,1,0,0,0,0,1,1,6,6,3,-1,-1,-1,-1,-1,-1,-1,-1,0,-1
2024430178932,2024,430178932,1,9,0,9,9,2,8,0,0,8,0,0,0,0,3,1,6,6,1,-1,-1,-1,-1,-1,-1,-1,-1,0,-1
2024302401070,2024,302401070,2,9,0,17,19,8,4,0,0,0,1,0,0,0,3,1,6,6,1,45,7,-1,-1,-1,-1,2,E01013597,0,3
2024201467238,2024,201467238,1,19,0,-1,9,6,4,-1,0,5,0,0,0,0,2,9,-1,6,1,35,6,-1,-1,-1,-1,-1,-1,0,-1
2024010491129,2024,010491129,1,9,0,99,99,9,9,99,99,9,9,99,9,99,1,9,2,2,2,28,6,-1,-1,-1,-1,3,E01003097,0,1
2024010487102,2024,010487102,2,9,0,99,99,9,9,99,99,9,9,99,9,99,2,9,6,6,1,27,6,-1,-1,-1,-1,2,E01003601,0,2
2024010531983,2024,010531983,2,1,9,99,99,9,9,99,99,9,9,99,9,99,9,1,2,2,1,35,6,-1,-1,-1,-1,7,E01004372,0,1
2024991443787,2024,991443787,2,9,0,-1,4,3,7,-1,0,1,0,0,0,0,1,1,-1,9,2,65,9,-1,-1,-1,-1,3,-1,0,1
2024201529277,2024,201529277,2,19,0,-1,12,-1,-1,-1,0,0,0,0,0,0,4,1,-1,6,3,-1,-1,-1,-1,-1,-1,-1,-1,0,-1
2024302400803,2024,302400803,2,-1,0,5,5,1,5,0,0,0,5,0,0,0,3,1,6,6,2,10,2,-1,-1,-1,-1,1,E01013583,1,1
2024031481217,2024,031481217,1,9,0,-1,9,1,2,-1,0,8,0,0,0,0,1,2,-1,9,1,48,8,-1,-1,-1,-1,-1,-1,0,-1
2024401522091,2024,401522091,1,9,0,-1,7,3,5,-1,0,8,0,0,0,0,4,9,-1,6,3,-1,-1,-1,-1,-1,-1,-1,-1,0,-1
2024141561510,2024,141561510,2,1,0,-1,12,8,6,-1,0,2,2,0,0,0,1,1,-1,6,1,26,6,-1,-1,-1,-1,-1,-1,0,-1
2024010528722,2024,010528722,1,9,0,15,15,5,1,0,0,0,0,0,0,0,4,1,6,6,1,59,9,-1,-1,-1,-1,2,E01001696,0,1
2024430086654,2024,430086654,1,9,0,7,7,5,6,0,0,6,0,0,1,0,3,1,2,2,1,22,5,-1,-1,-1,-1,10,E01028774,0,3
2024991410816,2024,991410816,2,9,0,-1,2,0,0,-1,0,0,0,0,0,0,4,1,-1,6,-1,-1,-1,-1,-1,-1,-1,-1,-1,0,-1
2024421447168,2024,421447168,2,1,0,-1,19,5,1,-1,0,2,0,0,0,0,4,1,-1,9,1,42,7,-1,-1,-1,-1,8,E01021513,0,1
2024061511108,2024,061511108,1,9,0,-1,-1,-1,-1,-1,-1,0,-1,-1,-1,0,-1,1,-1,9,3,-1,-1,-1,-1,-1,-1,-1,-1,0,-1
2024010506542,2024,010506542,1,9,0,18,19,6,2,0,0,6,0,0,0,0,1,1,6,6,3,-1,-1,-1,-1,-1,-1,-1,-1,0,-1
2024010488691,2024,010488691,2,1,0,18,19,3,7,0,0,1,5,0,0,0,1,1,2,2,1,20,4,-1,-1,-1,-1,4,E01004201,0,1
2024622400267,2024,622400267,1,9,0,9,9,6,4,0,0,8,0,0,0,0,1,1,6,6,3,-1,-1,-1,-1,-1,-1,-1,-1,0,-1
2024010520230,2024,010520230,1,9,0,99,99,9,9,99,99,6,9,99,9,99,1,9,6,6,3,-1,-1,-1,-1,-1,-1,-1,-1,0,-1
2024520002195,2024,520002195,1,1,0,18,19,3,7,0,0,8,0,0,0,0,4,1,6,6,2,61,9,-1,-1,-1,-1,10,E01014410,0,1
2024351420920,2024,351420920,2,9,0,-1,4,1,5,-1,0,0,0,0,0,0,3,9,-1,9,1,34,6,-1,-1,-1,-1,5,E01018131,0,1
2024010531950,2024,010531950,1,1,0,18,19,5,1,0,0,8,0,0,0,0,1,1,6,6,1,27,6,-1,-1,-1,-1,3,E01003567,0,1
2024461427784,2024,461427784,2,1,0,-1,19,5,1,-1,0,0,2,0,0,0,1,1,-1,2,2,58,9,-1,-1,-1,-1,10,E01024817,0,1
2024543461024,2024,543461024,1,1,0,18,19,1,5,0,0,1,0,0,0,0,3,1,6,6,1,17,4,-1,-1,-1,-1,6,E01015574,0,1
2024430071903,2024,430071903,2,1,0,9,9,7,5,0,0,6,0,0,0,0,1,1,6,6,2,26,6,-1,-1,-1,-1,9,E01035740,0,1
2024302401020,2024,302401020,1,9,0,9,9,1,7,0,0,8,0,0,0,0,3,1,6,6,3,-1,-1,-1,-1,-1,-1,5,E01019456,0,4
2024041510180,2024,041510180,1,23,0,-1,15,8,7,-1,0,0,0,0,0,0,1,1,-1,6,1,20,4,-1,-1,-1,-1,-1,-1,0,-1
2024501445685,2024,501445685,1,9,0,-1,19,1,4,-1,0,0,0,0,0,0,1,9,-1,6,2,-1,-1,-1,-1,-1,-1,-1,-1,0,-1
202460Q089287,2024,60Q089287,1,1,0,18,19,1,4,0,0,0,0,0,0,0,1,1,2,2,1,38,7,-1,-1,-1,-1,-1,-1,0,-1
2024070018016,2024,070018016,2,1,0,18,19,3,7,0,0,1,0,0,0,0,1,1,1,1,1,38,7,-1,-1,-1,-1,-1,-1,0,-1
2024461422851,2024,461422851,2,9,0,-1,3,5,1,-1,0,0,0,0,0,0,2,1,-1,1,1,55,8,-1,-1,-1,-1,4,E01024587,0,4
2024351464833,2024,351464833,2,1,0,-1,19,-1,-1,-1,5,0,0,0,0,0,1,1,-1,6,1,29,6,-1,-1,-1,-1,5,E01015675,0,1
2024340NN4402,2024,340NN4402,1,90,0,-1,-1,-1,-1,-1,0,6,0,0,0,0,1,1,-1,6,3,-1,-1,-1,-1,-1,-1,-1,-1,0,-1
2024522402390,2024,522402390,1,1,0,18,19,1,5,0,0,8,0,0,0,0,1,1,6,6,1,38,7,-1,-1,-1,-1,5,E01035226,0,1
2024451528422,2024,451528422,2,22,0,-1,19,7,3,-1,0,0,0,0,0,0,0,1,-1,9,1,84,11,-1,-1,-1,-1,9,E01030782,0,1
2024311449004,2024,311449004,1,9,0,-1,1,4,8,-1,0,0,0,0,0,0,2,9,-1,6,1,-1,-1,-1,-1,-1,-1,-1,-1,0,-1
2024311426197,2024,311426197,1,9,0,-1,9,1,6,-1,0,5,0,0,0,0,4,1,-1,9,2,30,6,-1,-1,-1,-1,-1,-1,0,-1
2024010495995,2024,010495995,1,9,0,6,6,1,1,0,0,0,0,0,0,0,3,1,2,2,1,53,8,-1,-1,-1,-1,1,E01001429,0,3
2024041454234,2024,041454234,1,98,0,-1,7,5,6,-1,0,1,0,0,3,11,1,1,-1,9,2,39,7,-1,-1,-1,-1,7,E01025199,0,2
2024010491896,2024,010491896,2,9,0,99,99,9,9,99,99,9,9,99,9,99,1,9,6,6,3,-1,-1,-1,-1,-1,-1,-1,-1,0,-1
2024610013224,2024,610013224,2,1,0,18,19,5,1,0,0,0,0,0,0,0,3,1,6,6,1,16,4,-1,-1,-1,-1,10,W01001774,0,2
2024161507654,2024,161507654,2,9,0,-1,19,2,6,-1,0,0,0,0,0,0,2,1,-1,6,2,55,8,-1,-1,-1,-1,8,E01034242,0,4
2024221473703,2024,221473703,1,9,0,-1,19,8,4,-1,0,0,0,0,0,0,1,9,-1,6,2,61,9,-1,-1,-1,-1,8,E01014077,0,1
2024552401120,2024,552401120,2,1,0,18,19,3,7,0,0,8,0,0,0,0,1,1,6,6,1,19,4,-1,-1,-1,-1,1,E01015338,0,2
2024070034980,2024,070034980,2,1,0,18,19,8,5,0,0,4,2,0,0,0,1,1,6,6,2,39,7,-1,-1,-1,-1,4,E01032931,0,1
2024061534155,2024,061534155,1,9,-1,-1,-1,-1,-1,-1,-1,5,-1,-1,-1,0,-1,9,-1,6,3,-1,-1,-1,-1,-1,-1,-1,-1,0,-1
2024451511121,2024,451511121,1,9,0,-1,19,3,1,-1,0,3,0,0,0,0,1,9,-1,6,3,22,5,-1,-1,-1,-1,-1,-1,0,-1
2024440256639,2024,440256639,1,1,0,18,19,3,7,0,0,2,0,0,0,0,4,1,6,6,1,38,7,-1,-1,-1,-1,4,E01017121,0,2
2024520402357,2024,520402357,1,98,0,5,5,8,4,0,0,0,0,0,0,0,1,1,6,6,1,27,6,-1,-1,-1,-1,8,E01035118,0,1
2024522402523,2024,522402523,1,1,0,18,19,9,9,4,4,2,0,0,0,0,9,1,6,6,1,64,9,-1,-1,-1,-1,3,E01014835,0,1
2024061502337,2024,061502337,1,9,0,-1,9,3,1,-1,0,6,0,0,0,0,0,1,-1,9,3,-1,-1,-1,-1,-1,-1,-1,-1,0,-1
2024451486243,2024,451486243,2,9,0,-1,2,0,0,-1,9,0,0,0,0,0,0,1,-1,6,-1,-1,-1,-1,-1,-1,-1,-1,-1,0,-1
2024332400788,2024,332400788,2,1,0,-1,19,6,2,-1,0,0,0,0,0,0,1,1,-1,6,2,9,2,-1,-1,-1,-1,10,E01026356,0,1
2024631458460,2024,631458460,1,9,0,-1,19,5,1,-1,0,0,5,0,2,10,4,1,-1,6,2,72,10,-1,-1,-1,-1,8,W01000481,0,1
2024411515055,2024,411515055,1,9,0,-1,4,3,7,-1,0,0,0,0,0,0,2,1,-1,9,2,47,8,-1,-1,-1,-1,8,E01033027,0,1
2024010514049,2024,010514049,1,9,9,99,99,9,9,99,99,9,9,99,9,99,9,9,6,6,3,-1,-1,-1,-1,-1,-1,-1,-1,0,-1
2024440206405,2024,440206405,1,9,0,18,19,6,2,0,0,0,0,0,0,0,1,1,6,6,2,48,8,-1,-1,-1,-1,4,E01022527,0,3
2024411411520,2024,411411520,1,99,0,-1,19,-1,-1,-1,0,0,0,0,0,0,1,9,-1,6,1,45,7,-1,-1,-1,-1,7,E01023892,0,1
2024010538306,2024,010538306,1,1,9,99,99,9,9,99,99,9,9,99,9,99,9,1,6,6,2,24,5,-1,-1,-1,-1,6,E01001881,0,1
2024520401086,2024,520401086,1,9,0,7,7,4,6,0,0,8,2,0,4,6,3,1,6,6,1,17,4,-1,-1,-1,-1,6,E01029218,0,2
2024070155287,2024,070155287,1,20,0,18,19,5,1,0,0,0,0,0,0,0,1,2,6,6,1,34,6,-1,-1,-1,-1,-1,-1,0,-1
2024010491806,2024,010491806,1,9,0,5,5,3,7,0,0,1,0,0,0,0,2,1,2,2,1,27,6,-1,-1,-1,-1,5,E01001157,0,1
2024141557614,2024,141557614,2,9,0,-1,5,1,5,-1,0,1,0,0,0,0,1,1,-1,6,3,-1,-1,-1,-1,-1,-1,-1,-1,0,-1
2024161507972,2024,161507972,1,9,0,-1,19,4,8,-1,0,0,0,0,0,0,1,9,-1,6,3,-1,-1,-1,-1,-1,-1,-1,-1,0,-1
2024010524500,2024,010524500,1,1,9,99,99,9,9,99,99,9,9,99,9,99,1,1,6,6,2,24,5,-1,-1,-1,-1,2,E01003092,0,1
2024522402962,2024,522402962,2,-1,0,18,19,4,8,0,0,8,0,0,0,0,1,1,6,6,1,27,6,-1,-1,-1,-1,6,E01014531,1,1
2024010532555,2024,010532555,1,9,0,99,99,9,9,99,99,9,9,99,9,99,1,9,6,6,3,-1,-1,-1,-1,-1,-1,-1,-1,0,-1
2024010489460,2024,010489460,1,5,0,99,99,9,9,99,99,9,9,99,9,99,1,1,1,1,1,40,7,-1,-1,-1,-1,4,E01000488,0,2
2024010519083,2024,010519083,2,9,0,99,99,9,9,99,99,9,9,99,9,99,1,9,6,6,3,-1,-1,-1,-1,-1,-1,-1,-1,0,-1
2024311509054,2024,311509054,1,9,0,-1,19,5,1,-1,0,1,0,0,0,0,1,1,-1,6,1,30,6,-1,-1,-1,-1,10,E01026393,0,4
202417M110924,2024,17M110924,2,9,0,-1,19,4,8,-1,0,1,0,0,0,0,1,1,-1,6,3,-1,-1,-1,-1,-1,-1,-1,-1,0,-1
2024010496504,2024,010496504,3,8,0,18,19,1,5,0,0,8,0,0,0,0,1,1,1,1,1,54,8,-1,-1,-1,-1,8,E01021793,0,3
2024010518125,2024,010518125,2,9,0,99,99,9,9,99,99,9,9,99,9,99,1,9,6,6,3,-1,-1,-1,-1,-1,-1,-1,-1,0,-1
2024201534580,2024,201534580,2,9,0,-1,4,2,8,-1,0,0,0,0,0,0,1,1,-1,9,2,37,7,-1,-1,-1,-1,1,E01009096,0,1
2024522401664,2024,522401664,1,1,0,18,19,7,3,0,0,8,0,0,0,0,4,1,6,6,1,45,7,-1,-1,-1,-1,8,E01014754,0,1
2024332400592,2024,332400592,1,9,0,-1,9,8,6,-1,4,5,0,0,0,0,4,1,-1,6,1,50,8,-1,-1,-1,-1,1,E01013677,0,2
2024101452023,2024,101452023,2,1,0,-1,10,2,8,-1,0,5,0,0,3,0,2,1,-1,6,1,39,7,-1,-1,-1,-1,-1,-1,0,-1
2024010494608,2024,010494608,2,3,0,99,99,9,9,99,99,5,9,99,9,99,1,1,6,6,3,-1,-1,-1,-1,-1,-1,-1,-1,0,-1
2024211521687,2024,211521687,1,9,0,-1,19,4,1,-1,0,8,0,0,0,0,3,1,-1,6,1,22,5,-1,-1,-1,-1,5,E01010118,0,4
2024421486991,2024,421486991,2,1,0,-1,19,3,7,-1,9,3,0,0,1,0,4,1,-1,9,1,19,4,-1,-1,-1,-1,2,E01021292,0,1
2024131492217,2024,131492217,2,1,0,-1,19,1,5,-1,0,8,0,0,0,0,1,1,-1,1,1,43,7,-1,-1,-1,-1,6,E01011521,0,2
2024440224925,2024,440224925,1,19,0,7,7,5,8,0,0,6,0,0,0,0,3,1,1,1,1,56,9,-1,-1,-1,-1,9,E01022699,0,3
2024991450463,2024,991450463,2,1,0,-1,19,3,7,-1,0,0,0,0,0,0,1,1,-1,6,2,28,6,-1,-1,-1,-1,-1,-1,0,-1
2024122400502,2024,122400502,2,1,0,18,19,8,4,0,0,1,0,0,0,0,4,1,1,1,2,50,8,-1,-1,-1,-1,10,E01013432,0,1
2024361540806,2024,361540806,1,97,0,-1,19,3,7,-1,0,0,0,0,0,0,1,1,-1,9,1,21,5,-1,-1,-1,-1,2,E01018071,0,1
2024451497726,2024,451497726,1,9,0,-1,19,5,1,-1,0,1,0,0,0,0,1,2,-1,6,3,38,7,-1,-1,-1,-1,-1,-1,0,-1
2024302400341,2024,302400341,2,9,0,16,19,6,2,0,0,0,0,0,1,0,1,1,6,6,1,57,9,-1,-1,-1,-1,-1,-1,0,-1
2024010543011,2024,010543011,1,9,9,99,99,9,9,99,99,9,9,99,9,99,9,9,6,6,3,-1,-1,-1,-1,-1,-1,-1,-1,0,-1
2024471395124,2024,471395124,1,98,0,-1,19,3,7,-1,0,1,0,0,0,0,1,9,-1,6,3,-1,-1,-1,-1,-1,-1,-1,-1,0,-1
2024440037899,2024,440037899,2,-1,0,18,19,7,3,0,0,8,0,0,0,0,1,1,6,6,1,22,5,-1,-1,-1,-1,6,E01022503,1,1
2024101464854,2024,101464854,1,1,0,-1,19,8,4,-1,0,8,0,0,0,0,1,1,-1,9,1,12,3,-1,-1,-1,-1,7,E01027418,0,1
202460Q007676,2024,60Q007676,1,9,0,18,19,7,3,0,0,8,0,0,7,0,4,1,6,6,2,29,6,-1,-1,-1,-1,-1,-1,0,-1
2024010522945,2024,010522945,1,1,0,18,19,1,5,0,0,8,0,0,0,0,1,1,6,6,2,49,8,-1,-1,-1,-1,10,E01000794,0,1
2024430578500,2024,430578500,1,9,0,9,9,4,2,0,0,6,0,0,0,0,3,1,6,6,2,-1,-1,-1,-1,-1,-1,-1,-1,0,-1
2024351436937,2024,351436937,1,9,0,-1,8,1,3,-1,-1,1,0,0,0,0,0,1,-1,1,1,36,7,-1,-1,-1,-1,8,E01030237,0,5
2024052401506,2024,052401506,1,9,0,18,19,7,3,0,0,1,0,0,0,0,1,1,6,6,3,-1,-1,-1,-1,-1,-1,-1,-1,0,-1
2024010487523,2024,010487523,2,9,0,99,99,9,9,99,99,9,9,99,9,99,9,9,6,6,3,-1,-1,-1,-1,-1,-1,-1,-1,0,-1
2024440118673,2024,440118673,1,1,0,18,19,4,8,0,0,0,0,0,0,0,1,1,6,6,1,33,6,-1,-1,-1,-1,-1,-1,0,-1
2024440469694,2024,440469694,2,9,0,18,19,0,0,0,0,2,0,0,0,0,0,1,6,6,3,-1,-1,-1,-1,-1,-1,-1,-1,0,-1
2024421503882,2024,421503882,2,19,0,-1,19,7,3,-1,0,4,0,0,0,0,3,1,-1,1,1,43,7,-1,-1,-1,-1,5,E01017497,0,4
2024231537119,2024,231537119,1,16,0,-1,19,3,7,-1,0,0,0,0,0,0,3,1,-1,9,2,30,6,-1,-1,-1,-1,7,E01031248,0,3
2024320172691,2024,320172691,1,9,0,-1,-1,7,3,0,0,2,0,0,0,0,4,1,6,6,2,-1,-1,-1,-1,-1,-1,-1,-1,0,-1
2024351411884,2024,351411884,2,1,0,-1,19,1,5,-1,0,1,0,0,0,0,1,1,-1,6,1,24,5,-1,-1,-1,-1,10,E01033425,0,1
2024010506729,2024,010506729,1,90,0,99,99,9,9,99,99,9,9,99,9,99,1,9,1,1,1,30,6,-1,-1,-1,-1,8,E01000671,0,1
2024041419590,2024,041419590,1,9,0,-1,13,8,1,-1,0,0,0,0,0,0,0,9,-1,6,3,-1,-1,-1,-1,-1,-1,-1,-1,0,-1
2024461486245,2024,461486245,1,9,-1,-1,-1,-1,-1,-1,-1,0,-1,-1,-1,0,-1,9,-1,6,1,-1,-1,-1,-1,-1,-1,-1,-1,0,-1
2024122500182,2024,122500182,2,1,0,18,19,7,3,0,0,0,0,0,0,0,1,1,1,1,1,59,9,-1,-1,-1,-1,6,E01027878,0,1
2024010516148,2024,010516148,2,8,9,4,4,4,8,99,99,9,0,99,9,99,9,9,1,1,1,-1,-1,-1,-1,-1,-1,2,E01001719,0,1
2024052401914,2024,052401914,1,9,0,14,14,6,8,0,0,1,0,0,0,0,1,1,6,6,1,22,5,-1,-1,-1,-1,3,E01006996,0,1
2024041421417,2024,041421417,2,1,0,-1,12,1,5,-1,0,0,0,0,0,0,2,1,-1,7,1,12,3,-1,-1,-1,-1,4,E01012700,0,1