collision_index,collision_year,collision_ref_no,vehicle_reference,vehicle_type,towing_and_articulation,vehicle_manoeuvre_historic,vehicle_manoeuvre,vehicle_direction_from,vehicle_direction_to,vehicle_location_restricted_lane_historic,vehicle_location_restricted_lane,junction_location,skidding_and_overturning,hit_object_in_carriageway,vehicle_leaving_carriageway,hit_object_off_carriageway,first_point_of_impact,vehicle_left_hand_drive,journey_purpose_of_driver_historic,journey_purpose_of_driver,sex_of_driver,age_of_driver,age_band_of_driver,engine_capacity_cc,propulsion_code,age_of_vehicle,generic_make_model,driver_imd_decile,lsoa_of_driver,escooter_flag,driver_distance_banding
2024430445976,2024,430445976,1,9,0,18,19,8,4,0,0,0,1,0,0,0,1,1,6,6,1,21,5,-1,-1,-1,-1,9,E01030485,0,3
2024411427888,2024,411427888,2,1,0,-1,9,5,3,-1,0,0,0,0,0,0,1,1,-1,6,2,35,6,-1,-1,-1,-1,5,E01023936,0,1
2024010521773,2024,010521773,2,9,0,99,99,9,9,99,99,6,9,99,9,99,9,9,6,6,1,30,6,-1,-1,-1,-1,-1,-1,0,-1
2024461518665,2024,461518665,1,9,0,-1,10,3,7,-1,0,1,0,0,0,0,3,9,-1,6,3,-1,-1,-1,-1,-1,-1,-1,-1,0,-1
2024451450623,2024,451450623,1,1,0,-1,19,-1,-1,-1,0,0,0,0,0,0,0,1,-1,6,1,42,7,-1,-1,-1,-1,5,E01030971,0,1
2024451405549,2024,451405549,1,1,0,-1,5,5,1,-1,5,8,0,0,0,0,3,1,-1,2,1,17,4,-1,-1,-1,-1,9,E01030340,0,1
2024010539622,2024,010539622,1,19,0,1,1,3,7,9,9,1,0,0,0,0,2,1,6,6,3,-1,-1,-1,-1,-1,-1,-1,-1,0,-1
2024201520773,2024,201520773,1,9,0,-1,12,7,3,-1,0,0,0,0,0,0,1,9,-1,6,3,-1,-1,-1,-1,-1,-1,-1,-1,0,-1
2024430596307,2024,430596307,1,22,0,18,19,1,5,0,0,0,0,0,0,0,4,1,6,6,1,44,7,-1,-1,-1,-1,5,E01016404,0,1
2024161415609,2024,161415609,1,9,0,-1,9,3,1,-1,0,4,1,0,1,0,4,1,-1,9,2,22,5,-1,-1,-1,-1,6,E01013324,0,1
2024010551286,2024,010551286,2,1,0,18,19,8,4,0,0,1,0,0,0,0,1,1,6,6,1,23,5,-1,-1,-1,-1,5,E01000543,0,1
2024010487303,2024,010487303,6,9,0,2,2,0,0,0,0,2,0,0,0,0,2,1,6,6,3,-1,-1,-1,-1,-1,-1,-1,-1,0,-1
2024131401389,2024,131401389,2,9,0,-1,2,7,3,-1,0,8,0,0,0,0,4,1,-1,6,3,-1,-1,-1,-1,-1,-1,-1,-1,0,-1
2024010530344,2024,010530344,2,1,0,16,19,3,5,0,0,1,0,0,0,0,1,1,6,6,2,26,6,-1,-1,-1,-1,6,E01035704,0,2
2024371451770,2024,371451770,2,9,0,-1,5,1,1,-1,0,0,0,0,0,0,1,1,-1,9,1,30,6,-1,-1,-1,-1,4,E01029892,0,3
2024141491109,2024,141491109,2,98,0,-1,9,8,6,-1,0,6,0,0,0,0,0,9,-1,6,3,-1,-1,-1,-1,-1,-1,-1,-1,0,-1
2024471511279,2024,471511279,2,-1,0,-1,19,5,1,-1,0,8,0,0,0,0,3,9,-1,6,1,-1,-1,-1,-1,-1,-1,-1,-1,1,-1
2024010520204,2024,010520204,1,19,0,4,4,1,5,0,0,1,0,0,0,0,1,1,6,6,1,50,8,-1,-1,-1,-1,5,E01000589,0,1
2024361497618,2024,361497618,1,9,-1,-1,-1,-1,-1,-1,-1,0,-1,-1,-1,0,-1,9,-1,6,3,-1,-1,-1,-1,-1,-1,-1,-1,0,-1
2024991440347,2024,991440347,1,9,0,-1,19,8,4,-1,0,0,0,0,0,0,1,1,-1,6,1,22,5,-1,-1,-1,-1,8,-1,0,1
2024010549600,2024,010549600,1,1,9,99,99,9,9,99,99,9,9,99,9,99,1,1,2,2,1,39,7,-1,-1,-1,-1,3,E01002777,0,1
2024311509050,2024,311509050,1,-1,0,-1,19,1,5,-1,0,0,0,0,0,0,0,1,-1,9,2,14,3,-1,-1,-1,-1,2,E01013916,1,1
2024501505415,2024,501505415,2,9,0,-1,19,1,5,-1,0,1,0,0,0,0,1,1,-1,2,2,48,8,-1,-1,-1,-1,4,E01015178,0,1
2024430374195,2024,430374195,1,1,0,18,19,8,4,0,0,1,0,0,7,0,1,1,6,6,2,24,5,-1,-1,-1,-1,4,E01032731,0,1
2024131410822,2024,131410822,6,9,0,-1,10,6,2,-1,0,1,0,0,0,0,1,1,-1,6,1,71,10,-1,-1,-1,-1,5,E01011164,0,1
2024010497258,2024,010497258,2,-1,0,18,19,4,8,0,0,1,0,0,0,0,1,1,3,7,1,16,4,-1,-1,-1,-1,2,E01003324,1,1
2024311449466,2024,311449466,1,1,0,-1,10,8,6,-1,9,0,1,0,0,0,1,1,-1,6,1,16,4,-1,-1,-1,-1,-1,-1,0,-1
2024421447667,2024,421447667,2,9,0,-1,3,3,7,-1,0,6,0,0,0,0,1,1,-1,2,1,43,7,-1,-1,-1,-1,5,E01015888,0,3
2024451453442,2024,451453442,2,9,0,-1,19,7,3,-1,0,0,0,0,0,0,1,1,-1,9,2,51,8,-1,-1,-1,-1,5,E01031144,0,5
2024421438484,2024,421438484,2,9,0,-1,4,7,5,-1,0,8,0,0,0,0,3,1,-1,6,2,22,5,-1,-1,-1,-1,6,E01015816,0,2
2024141441464,2024,141441464,2,9,0,-1,7,6,2,-1,0,0,0,0,0,0,4,1,-1,2,1,38,7,-1,-1,-1,-1,1,E01007370,0,2
2024010542734,2024,010542734,2,1,0,18,19,3,7,0,0,1,0,0,1,0,2,1,1,1,1,23,5,-1,-1,-1,-1,2,E01003546,0,2
2024061488493,2024,061488493,2,9,0,-1,3,2,5,-1,-1,1,0,0,0,0,0,1,-1,9,1,53,8,-1,-1,-1,-1,6,E01005394,0,1
2024991475692,2024,991475692,1,9,0,-1,19,7,3,-1,0,0,5,0,1,0,1,1,-1,6,1,45,7,-1,-1,-1,-1,3,E01020871,0,5
2024010488247,2024,010488247,1,1,9,99,99,9,9,99,99,9,9,99,9,99,1,1,6,6,1,46,8,-1,-1,-1,-1,3,E01001744,0,1
2024010548937,2024,010548937,1,3,0,99,99,9,9,99,99,9,9,99,9,99,2,1,2,2,1,19,4,-1,-1,-1,-1,4,E01000722,0,2
2024311431230,2024,311431230,2,9,0,-1,5,3,5,-1,0,1,0,0,0,0,3,9,-1,6,3,30,6,-1,-1,-1,-1,-1,-1,0,-1
2024101475714,2024,101475714,2,9,0,-1,19,1,5,-1,0,1,0,0,0,0,4,1,-1,9,1,41,7,-1,-1,-1,-1,5,E01027365,0,4
2024010549736,2024,010549736,2,9,0,2,2,0,0,0,0,2,0,0,0,0,1,1,6,6,3,-1,-1,-1,-1,-1,-1,-1,-1,0,-1
2024451424165,2024,451424165,1,98,0,-1,19,5,1,-1,0,0,0,0,0,0,1,2,-1,9,1,39,7,-1,-1,-1,-1,-1,-1,0,-1
2024010537117,2024,010537117,1,9,0,18,19,1,5,0,0,4,0,0,0,0,1,1,2,2,1,23,5,-1,-1,-1,-1,7,E01000668,0,2
2024461401096,2024,461401096,4,9,0,-1,19,5,1,-1,0,0,1,0,0,0,1,9,-1,9,1,48,8,-1,-1,-1,-1,2,E01024600,0,3
2024010543504,2024,010543504,1,8,0,18,19,1,5,0,0,8,0,0,0,0,1,1,1,1,1,34,6,-1,-1,-1,-1,4,E01002593,0,3
2024430226325,2024,430226325,2,9,0,9,9,8,6,0,0,8,0,0,0,0,1,1,6,6,3,-1,-1,-1,-1,-1,-1,-1,-1,0,-1
2024061464258,2024,061464258,2,20,0,-1,99,-1,-1,-1,0,9,0,0,0,0,1,2,-1,6,1,-1,-1,-1,-1,-1,-1,1,E01005461,0,3
2024010523645,2024,010523645,2,9,0,99,99,9,9,99,99,9,9,99,9,99,9,9,6,6,3,-1,-1,-1,-1,-1,-1,-1,-1,0,-1
2024421400219,2024,421400219,2,9,0,-1,3,4,8,-1,0,0,0,0,0,0,2,1,-1,2,1,46,8,-1,-1,-1,-1,6,E01022096,0,4
2024461395648,2024,461395648,2,9,0,-1,19,6,5,-1,0,6,0,0,1,11,3,9,-1,9,1,18,4,-1,-1,-1,-1,3,E01024669,0,1
2024010494628,2024,010494628,2,9,9,99,99,9,9,99,99,9,9,99,9,99,9,9,6,6,3,-1,-1,-1,-1,-1,-1,-1,-1,0,-1
2024201395158,2024,201395158,1,9,0,-1,3,6,2,-1,0,1,0,0,0,0,2,9,-1,6,1,80,11,-1,-1,-1,-1,5,E01010109,0,2
2024010512305,2024,010512305,2,1,0,18,19,3,7,0,0,1,5,0,0,0,2,1,6,6,1,57,9,-1,-1,-1,-1,-1,-1,0,-1
2024141528194,2024,141528194,1,9,0,-1,19,8,4,-1,0,4,0,0,0,0,1,9,-1,6,1,58,9,-1,-1,-1,-1,2,E01007579,0,1
2024010492923,2024,010492923,1,9,0,18,19,7,3,0,0,0,1,0,0,0,0,1,6,6,2,49,8,-1,-1,-1,-1,10,E01003466,0,2
2024522500412,2024,522500412,2,9,0,5,5,8,4,0,0,6,0,0,0,0,1,1,6,6,3,-1,-1,-1,-1,-1,-1,-1,-1,0,-1
202454B902924,2024,54B902924,1,19,0,13,13,6,2,0,0,1,1,0,0,0,1,1,1,1,1,25,5,-1,-1,-1,-1,3,E01032118,0,3
2024411548574,2024,411548574,2,1,0,-1,19,7,3,-1,0,8,5,0,0,0,1,1,-1,1,1,23,5,-1,-1,-1,-1,4,E01023924,0,3
2024430115068,2024,430115068,2,1,0,18,19,3,7,0,0,8,0,0,7,0,4,1,2,2,1,58,9,-1,-1,-1,-1,7,E01016285,0,2
2024131458926,2024,131458926,1,9,0,-1,5,-1,-1,-1,0,6,-1,-1,-1,-1,-1,1,-1,6,3,-1,-1,-1,-1,-1,-1,-1,-1,0,-1
2024991433689,2024,991433689,1,9,0,-1,19,3,6,-1,0,0,0,0,0,0,4,1,-1,6,3,20,4,-1,-1,-1,-1,-1,-1,0,-1
2024131415359,2024,131415359,2,9,0,-1,19,5,1,-1,0,0,0,0,1,1,1,1,-1,2,1,62,9,-1,-1,-1,-1,10,E01014181,0,5
2024010519108,2024,010519108,2,1,0,17,19,3,7,0,0,1,0,0,0,0,1,1,6,6,1,11,3,-1,-1,-1,-1,6,E01001309,0,1
2024548099824,2024,548099824,2,9,0,4,4,3,7,0,0,1,0,0,0,0,3,1,6,6,1,30,6,-1,-1,-1,-1,4,E01032104,0,1
2024440452612,2024,440452612,2,1,0,18,19,3,7,3,2,0,0,0,0,0,4,1,6,6,2,16,4,-1,-1,-1,-1,5,E01022842,0,1
2024991531009,2024,991531009,2,19,0,-1,19,2,6,-1,0,0,0,0,0,0,1,9,-1,1,1,67,10,-1,-1,-1,-1,4,-1,0,3
2024991463805,2024,991463805,1,5,0,-1,13,7,3,-1,0,0,2,0,0,0,1,1,-1,9,1,29,6,-1,-1,-1,-1,2,-1,0,4
2024430321715,2024,430321715,1,9,0,17,19,6,2,0,0,0,0,0,0,0,3,1,6,6,2,50,8,-1,-1,-1,-1,9,E01017752,0,1
2024361456410,2024,361456410,1,9,0,-1,19,2,6,-1,0,0,0,0,1,0,4,1,-1,9,1,33,6,-1,-1,-1,-1,7,E01026427,0,4
2024131404720,2024,131404720,2,8,0,-1,4,-1,-1,-1,0,8,0,-1,-1,0,2,1,-1,6,3,-1,-1,-1,-1,-1,-1,-1,-1,0,-1
2024201425359,2024,201425359,1,9,0,-1,19,4,8,-1,0,8,0,0,0,0,1,9,-1,6,3,-1,-1,-1,-1,-1,-1,-1,-1,0,-1
2024010546319,2024,010546319,2,9,0,99,99,9,9,99,99,9,0,99,0,0,9,9,6,6,3,-1,-1,-1,-1,-1,-1,-1,-1,0,-1
2024211431242,2024,211431242,1,9,0,-1,19,8,4,-1,0,1,0,0,0,0,1,9,-1,6,2,46,8,-1,-1,-1,-1,8,E01029743,0,1
2024451401336,2024,451401336,1,9,0,-1,19,7,3,-1,0,1,0,0,0,0,1,1,-1,6,3,-1,-1,-1,-1,-1,-1,-1,-1,0,-1
2024471473925,2024,471473925,1,1,0,-1,19,7,3,-1,0,0,0,4,0,0,1,1,-1,6,1,75,10,-1,-1,-1,-1,7,E01031535,0,2
2024421453236,2024,421453236,2,21,1,-1,19,1,5,-1,0,0,0,0,0,0,3,1,-1,1,1,42,7,-1,-1,-1,-1,-1,-1,0,-1
2024991482489,2024,991482489,1,90,0,-1,19,6,2,-1,0,0,0,0,0,0,1,1,-1,1,1,46,8,-1,-1,-1,-1,9,E01025461,0,5
2024320654242,2024,320654242,2,1,0,-1,-1,6,2,0,0,8,0,0,0,0,3,1,6,6,1,54,8,-1,-1,-1,-1,1,E01026383,0,1
2024340WN4682,2024,340WN4682,1,9,0,-1,19,3,7,-1,0,0,0,0,0,0,1,1,-1,6,1,-1,-1,-1,-1,-1,-1,-1,-1,0,-1
2024070893886,2024,070893886,2,1,0,-1,19,5,1,-1,9,0,0,0,0,0,2,1,-1,9,1,10,2,-1,-1,-1,-1,1,E01012537,0,1
2024451521895,2024,451521895,2,9,0,-1,2,1,5,-1,0,0,0,0,0,0,1,1,-1,6,-1,-1,-1,-1,-1,-1,-1,-1,-1,0,-1
2024311458587,2024,311458587,1,9,0,-1,19,1,5,-1,0,0,1,0,7,4,1,1,-1,1,1,30,6,-1,-1,-1,-1,4,E01028211,0,2
2024440309864,2024,440309864,2,-1,0,18,19,3,7,0,0,0,0,0,0,0,2,1,6,6,1,34,6,-1,-1,-1,-1,2,E01017107,1,1
2024052400459,2024,052400459,1,9,0,1,1,5,1,0,0,0,0,0,0,0,2,1,6,6,2,52,8,-1,-1,-1,-1,2,E01006910,0,1
2024631456802,2024,631456802,3,9,0,-1,19,8,4,-1,0,0,0,0,0,0,1,1,-1,9,1,57,9,-1,-1,-1,-1,5,W01000650,0,3
2024010537995,2024,010537995,2,1,0,16,19,5,8,0,0,1,0,0,0,0,1,1,1,1,1,26,6,-1,-1,-1,-1,1,E01002081,0,1
2024440003491,2024,440003491,2,9,0,18,19,4,8,0,0,1,0,0,0,0,1,1,6,6,1,71,10,-1,-1,-1,-1,9,E01022991,0,2
2024010491295,2024,010491295,1,9,0,17,19,5,1,0,0,1,0,0,1,0,1,1,1,1,1,40,7,-1,-1,-1,-1,9,E01022136,0,5
2024211457754,2024,211457754,1,9,0,-1,4,5,1,-1,0,0,0,0,0,0,2,1,-1,1,1,58,9,-1,-1,-1,-1,9,E01031039,0,3
2024010517902,2024,010517902,2,3,0,99,99,9,9,99,99,9,9,99,9,99,9,9,6,6,3,-1,-1,-1,-1,-1,-1,-1,-1,0,-1
2024161402395,2024,161402395,1,1,0,-1,19,4,8,-1,4,0,0,4,0,0,1,1,-1,9,1,15,3,-1,-1,-1,-1,1,E01032595,0,1
2024351543015,2024,351543015,2,1,0,-1,19,7,3,-1,0,8,0,0,0,0,4,1,-1,6,1,55,8,-1,-1,-1,-1,2,E01015654,0,1
2024052401100,2024,052401100,2,1,0,18,19,1,5,0,0,0,0,0,0,0,2,1,6,6,1,47,8,-1,-1,-1,-1,2,E01006953,0,1
2024211426444,2024,211426444,1,9,0,-1,1,5,1,-1,0,0,0,0,0,0,2,9,-1,6,3,-1,-1,-1,-1,-1,-1,-1,-1,0,-1
2024371473928,2024,371473928,1,9,0,-1,19,1,5,-1,0,1,0,0,0,0,1,1,-1,9,1,36,7,-1,-1,-1,-1,-1,-1,0,-1
2024991416899,2024,991416899,2,9,0,-1,9,8,6,-1,0,5,0,0,0,0,2,1,-1,6,2,44,7,-1,-1,-1,-1,4,-1,0,1
2024622400780,2024,622400780,2,1,0,18,19,2,6,0,0,8,0,0,0,0,4,1,6,6,1,65,9,-1,-1,-1,-1,5,W01001068,0,1
2024421398595,2024,421398595,2,9,0,-1,19,4,8,-1,0,0,0,0,0,0,2,1,-1,6,1,67,10,-1,-1,-1,-1,4,E01021984,0,1
2024010502107,2024,010502107,1,9,0,7,7,5,7,0,0,6,0,0,0,0,1,1,6,6,1,24,5,-1,-1,-1,-1,5,E01002501,0,3
2024041526593,2024,041526593,2,9,0,-1,19,1,5,-1,0,0,0,0,0,0,1,1,-1,6,2,27,6,-1,-1,-1,-1,5,E01025395,0,1
2024231447575,2024,231447575,2,9,0,-1,19,5,2,-1,0,8,0,0,0,0,0,9,-1,6,-1,45,7,-1,-1,-1,-1,-1,-1,0,-1
2024351582939,2024,351582939,2,9,0,-1,3,3,8,-1,0,3,0,0,0,0,2,1,-1,6,1,45,7,-1,-1,-1,-1,6,E01034441,0,1
2024201458646,2024,201458646,3,9,0,-1,19,6,2,-1,0,0,0,0,0,0,1,9,-1,6,1,25,5,-1,-1,-1,-1,3,E01009089,0,1
2024010523620,2024,010523620,1,1,9,18,19,9,9,99,99,9,9,99,9,99,1,1,2,2,1,25,5,-1,-1,-1,-1,7,E01030949,0,4
2024070193153,2024,070193153,1,9,0,9,9,1,6,0,0,1,0,0,0,0,3,1,2,2,1,21,5,-1,-1,-1,-1,3,E01012505,0,1
2024552401357,2024,552401357,1,9,0,18,19,6,2,0,0,0,0,0,0,0,1,1,2,2,1,34,6,-1,-1,-1,-1,1,E01015288,0,1
2024520401093,2024,520401093,1,9,0,18,19,3,7,0,0,0,0,0,0,0,1,1,6,6,2,25,5,-1,-1,-1,-1,9,E01029024,0,3
2024010510898,2024,010510898,1,1,0,3,3,3,7,0,0,1,0,0,0,0,3,1,2,2,1,30,6,-1,-1,-1,-1,3,E01002729,0,1
2024010506382,2024,010506382,2,1,0,14,14,5,1,0,0,8,0,0,0,0,1,1,1,1,1,21,5,-1,-1,-1,-1,3,E01002806,0,1
2024991483875,2024,991483875,2,9,0,-1,2,0,0,-1,9,2,0,4,0,0,2,1,-1,6,-1,-1,-1,-1,-1,-1,-1,-1,-1,0,-1
2024010511137,2024,010511137,2,5,0,-1,-1,5,1,0,0,0,2,0,0,0,1,1,6,6,1,28,6,-1,-1,-1,-1,5,E01002759,0,1
2024451474473,2024,451474473,2,9,0,-1,19,1,1,-1,0,0,1,0,1,0,1,1,-1,6,1,55,8,-1,-1,-1,-1,5,E01030600,0,1
2024211422502,2024,211422502,1,9,0,-1,7,8,3,-1,0,2,0,0,0,0,4,9,-1,6,3,-1,-1,-1,-1,-1,-1,-1,-1,0,-1
2024991508783,2024,991508783,2,23,0,-1,19,1,5,-1,0,8,5,0,0,0,1,1,-1,9,1,31,6,-1,-1,-1,-1,2,-1,0,1
202454D287124,2024,54D287124,1,9,0,18,19,5,1,0,0,8,0,0,0,0,3,1,6,6,1,78,11,-1,-1,-1,-1,10,E01031966,0,2
2024471476460,2024,471476460,2,1,0,-1,19,8,7,-1,0,1,0,0,0,0,2,1,-1,6,2,-1,-1,-1,-1,-1,-1,4,E01016860,0,1
2024010492310,2024,010492310,1,8,0,7,7,7,1,0,0,1,0,0,1,11,1,1,1,1,1,39,7,-1,-1,-1,-1,4,E01001896,0,1
2024401502075,2024,401502075,2,1,-1,-1,-1,-1,-1,-1,-1,0,-1,-1,-1,0,-1,1,-1,6,2,21,5,-1,-1,-1,-1,4,E01017597,0,1
2024010501524,2024,010501524,2,1,0,18,19,7,3,4,4,8,0,0,0,0,3,1,1,1,1,19,4,-1,-1,-1,-1,5,E01004391,0,2
2024201425359,2024,201425359,2,9,0,-1,10,4,2,-1,0,8,0,0,0,0,2,1,-1,6,1,47,8,-1,-1,-1,-1,4,E01009235,0,1
2024010503637,2024,010503637,2,1,0,14,14,5,1,0,0,2,0,0,0,0,1,1,6,6,1,54,8,-1,-1,-1,-1,2,E01003174,0,2
2024010524301,2024,010524301,2,9,0,9,9,9,9,99,99,5,9,99,9,99,9,9,6,6,1,39,7,-1,-1,-1,-1,6,E01032780,0,1
2024111467938,2024,111467938,2,9,0,-1,19,1,4,-1,0,0,0,0,0,0,3,1,-1,6,3,30,6,-1,-1,-1,-1,-1,-1,0,-1
2024351465752,2024,351465752,2,9,0,-1,2,0,0,-1,0,0,0,0,0,0,1,1,-1,6,-1,-1,-1,-1,-1,-1,-1,-1,-1,0,-1
2024010529122,2024,010529122,1,9,0,18,19,5,1,0,0,1,0,0,0,0,1,1,6,6,3,-1,-1,-1,-1,-1,-1,-1,-1,0,-1
2024320612028,2024,320612028,1,9,0,-1,-1,6,2,0,0,4,0,0,0,0,1,1,-1,-1,1,23,5,-1,-1,-1,-1,4,E01026227,0,4
2024010513933,2024,010513933,1,9,0,99,99,9,9,0,0,1,0,0,0,0,3,9,2,2,1,55,8,-1,-1,-1,-1,3,E01034180,0,1
2024010522954,2024,010522954,2,9,0,99,99,9,9,99,99,9,9,99,9,99,9,9,6,6,3,-1,-1,-1,-1,-1,-1,-1,-1,0,-1
2024010489445,2024,010489445,2,9,0,99,99,9,9,99,99,6,9,99,9,99,0,9,6,6,3,-1,-1,-1,-1,-1,-1,-1,-1,0,-1
2024010494834,2024,010494834,1,1,9,99,99,9,9,99,99,9,9,99,9,99,1,1,6,6,1,44,7,-1,-1,-1,-1,9,E01030322,0,1
202460Q020304,2024,60Q020304,1,9,0,11,11,3,7,0,0,0,1,0,1,3,1,1,6,6,1,33,6,-1,-1,-1,-1,-1,-1,0,-1
2024010540452,2024,010540452,2,1,0,3,3,5,1,0,0,2,2,0,0,0,1,1,6,6,2,13,3,-1,-1,-1,-1,8,E01003796,0,1
2024430462814,2024,430462814,3,9,0,18,19,3,7,0,0,8,0,0,0,0,1,1,6,6,1,20,4,-1,-1,-1,-1,9,E01018882,0,5
2024430053204,2024,430053204,1,9,0,18,19,3,7,0,0,0,0,10,1,0,1,1,6,6,2,40,7,-1,-1,-1,-1,-1,-1,0,-1
2024461492739,2024,461492739,1,9,0,-1,19,3,7,-1,0,8,0,0,0,0,1,9,-1,6,3,-1,-1,-1,-1,-1,-1,-1,-1,0,-1
2024451459700,2024,451459700,1,1,0,-1,19,1,5,-1,0,0,0,0,1,4,1,1,-1,6,1,43,7,-1,-1,-1,-1,5,E01030787,0,3
2024471485488,2024,471485488,2,9,-1,-1,19,3,7,-1,0,0,0,0,0,0,4,9,-1,6,1,57,9,-1,-1,-1,-1,9,E01016985,0,1
2024122400968,2024,122400968,1,1,0,18,19,7,3,0,0,0,0,0,0,0,2,1,6,6,2,42,7,-1,-1,-1,-1,8,E01027566,0,1
2024522401354,2024,522401354,2,9,9,9,9,5,3,0,0,6,0,0,0,0,2,1,6,6,3,-1,-1,-1,-1,-1,-1,-1,-1,0,-1
2024522402832,2024,522402832,2,1,0,18,19,8,4,0,0,2,0,8,0,0,4,1,6,6,2,58,9,-1,-1,-1,-1,10,E01014716,0,1
2024320046925,2024,320046925,1,9,0,-1,-1,6,2,0,0,0,0,0,0,0,4,1,6,6,2,-1,-1,-1,-1,-1,-1,-1,-1,0,-1
2024010492138,2024,010492138,1,3,0,13,13,1,5,0,0,5,0,0,0,0,1,1,6,6,2,33,6,-1,-1,-1,-1,5,E01002619,0,1
2024451432703,2024,451432703,3,9,0,-1,3,5,1,-1,0,0,0,0,0,0,0,9,-1,6,3,55,8,-1,-1,-1,-1,-1,-1,0,-1
2024010494806,2024,010494806,2,4,0,9,9,7,5,0,0,0,0,10,0,0,0,1,2,2,1,55,8,-1,-1,-1,-1,3,E01000499,0,1
2024520002237,2024,520002237,2,9,0,18,19,5,7,0,0,4,0,0,0,0,9,1,6,6,3,-1,-1,-1,-1,-1,-1,-1,-1,0,-1
2024430424074,2024,430424074,1,1,0,18,19,6,2,0,0,1,0,0,0,0,1,1,6,6,1,12,3,-1,-1,-1,-1,6,E01016469,0,1
2024010551114,2024,010551114,2,9,0,99,99,9,9,99,99,9,9,99,9,99,9,9,6,6,3,49,8,-1,-1,-1,-1,4,E01034027,0,1
2024010517800,2024,010517800,2,1,0,5,5,1,5,0,0,1,0,0,0,0,1,1,2,2,2,31,6,-1,-1,-1,-1,2,E01033882,0,1
2024371449385,2024,371449385,2,21,0,-1,19,7,3,-1,0,1,0,0,0,0,2,1,-1,1,1,58,9,-1,-1,-1,-1,1,E01009585,0,5
2024430550475,2024,430550475,1,1,0,18,19,1,5,0,0,1,0,0,0,0,1,1,6,6,1,14,3,-1,-1,-1,-1,-1,-1,0,-1
2024231465281,2024,231465281,2,1,0,-1,19,8,6,-1,0,0,0,0,1,9,1,1,-1,9,2,54,8,-1,-1,-1,-1,8,E01031286,0,4
2024010529021,2024,010529021,2,1,0,13,13,1,5,0,0,0,0,0,0,0,1,1,6,6,1,27,6,-1,-1,-1,-1,5,E01002950,0,1
2024201521505,2024,201521505,1,9,0,-1,19,4,8,-1,0,2,0,4,0,0,9,9,-1,9,3,-1,-1,-1,-1,-1,-1,-1,-1,0,-1
2024052401413,2024,052401413,2,1,0,5,5,7,3,0,0,1,0,0,0,0,1,1,6,6,1,45,7,-1,-1,-1,-1,1,E01006646,0,1
2024231452516,2024,231452516,1,-1,0,-1,19,1,5,-1,9,6,0,0,0,0,3,1,-1,6,1,39,7,-1,-1,-1,-1,8,E01031192,1,1
2024010533023,2024,010533023,1,1,9,99,99,9,9,99,99,1,9,99,9,99,9,1,6,6,1,24,5,-1,-1,-1,-1,4,E01033942,0,2
2024041467055,2024,041467055,2,9,0,-1,19,7,7,-1,0,1,0,0,0,0,1,1,-1,2,1,52,8,-1,-1,-1,-1,1,E01025120,0,1
2024340WN2232,2024,340WN2232,2,1,0,-1,19,3,7,-1,0,8,0,0,0,0,3,1,-1,2,1,55,8,-1,-1,-1,-1,2,E01027156,0,1
2024411525917,2024,411525917,1,98,0,-1,19,1,6,-1,0,0,0,0,0,0,1,1,-1,2,1,26,6,-1,-1,-1,-1,5,E01021422,0,4
2024011471020,2024,011471020,3,1,0,-1,-1,5,1,-1,-1,8,0,0,0,0,2,1,-1,-1,1,63,9,-1,-1,-1,-1,5,E01002987,0,1
2024010516877,2024,010516877,1,1,9,18,19,9,9,99,99,0,9,99,9,99,0,1,2,2,1,39,7,-1,-1,-1,-1,5,E01000949,0,2
2024211499966,2024,211499966,2,9,0,-1,13,2,5,-1,0,0,0,0,0,0,3,1,-1,9,1,59,9,-1,-1,-1,-1,7,E01029517,0,3
2024161469718,2024,161469718,1,9,0,-1,19,2,6,-1,0,0,0,0,0,0,4,9,-1,6,2,24,5,-1,-1,-1,-1,-1,-1,0,-1
2024010518393,2024,010518393,1,1,9,99,99,9,9,99,99,0,9,99,9,99,9,1,6,6,1,24,5,-1,-1,-1,-1,3,E01000336,0,1
2024010493060,2024,010493060,1,11,0,5,5,7,3,0,0,0,0,0,0,0,4,1,1,1,1,40,7,-1,-1,-1,-1,3,E01004231,0,2
2024430415880,2024,430415880,2,1,0,18,19,2,6,0,0,1,0,0,0,0,1,1,6,6,1,30,6,-1,-1,-1,-1,8,E01017804,0,1
2024201515827,2024,201515827,1,19,0,-1,19,5,3,-1,0,2,0,0,0,0,1,1,-1,6,1,25,5,-1,-1,-1,-1,-1,-1,0,-1
2024010531784,2024,010531784,1,9,9,7,7,1,3,0,0,5,0,0,9,0,4,9,6,6,3,-1,-1,-1,-1,-1,-1,-1,-1,0,-1
2024201467638,2024,201467638,3,19,0,-1,2,0,0,-1,0,0,0,0,0,0,1,9,-1,6,-1,-1,-1,-1,-1,-1,-1,-1,-1,0,-1
2024302400104,2024,302400104,3,9,0,18,19,8,4,0,0,0,0,0,0,0,2,1,6,6,2,35,6,-1,-1,-1,-1,2,E01013565,0,1
2024421534143,2024,421534143,2,9,0,-1,2,0,0,-1,0,1,0,0,0,0,2,1,-1,6,1,63,9,-1,-1,-1,-1,9,E01015838,0,1
2024991463297,2024,991463297,2,1,0,-1,19,2,6,-1,0,0,0,0,0,0,2,1,-1,9,1,41,7,-1,-1,-1,-1,-1,-1,0,-1
2024440510405,2024,440510405,1,1,0,18,19,4,8,0,0,1,0,0,0,0,1,1,2,2,2,23,5,-1,-1,-1,-1,5,E01022832,0,1
2024421427066,2024,421427066,1,9,-1,-1,-1,-1,-1,-1,-1,0,-1,-1,-1,0,-1,9,-1,6,3,-1,-1,-1,-1,-1,-1,-1,-1,0,-1
2024010547748,2024,010547748,2,1,0,18,19,7,3,0,0,8,0,0,0,0,4,1,2,2,1,65,9,-1,-1,-1,-1,6,E01022096,0,4
2024451431578,2024,451431578,2,1,0,-1,19,3,7,-1,0,0,0,0,0,0,2,1,-1,6,1,17,4,-1,-1,-1,-1,10,E01030518,0,2
2024122500116,2024,122500116,1,9,5,9,9,1,5,0,0,1,0,0,0,0,1,1,1,1,1,20,4,-1,-1,-1,-1,7,E01010596,0,3