collision_index,collision_year,collision_ref_no,vehicle_reference,vehicle_type,towing_and_articulation,vehicle_manoeuvre_historic,vehicle_manoeuvre,vehicle_direction_from,vehicle_direction_to,vehicle_location_restricted_lane_historic,vehicle_location_restricted_lane,junction_location,skidding_and_overturning,hit_object_in_carriageway,vehicle_leaving_carriageway,hit_object_off_carriageway,first_point_of_impact,vehicle_left_hand_drive,journey_purpose_of_driver_historic,journey_purpose_of_driver,sex_of_driver,age_of_driver,age_band_of_driver,engine_capacity_cc,propulsion_code,age_of_vehicle,generic_make_model,driver_imd_decile,lsoa_of_driver,escooter_flag,driver_distance_banding
2024340NN0332,2024,340NN0332,5,9,0,-1,19,5,1,-1,0,0,0,0,0,0,1,1,-1,6,1,22,5,-1,-1,-1,-1,3,E01027336,0,2
2024010529852,2024,010529852,1,1,0,18,19,1,5,0,0,1,0,0,1,0,4,1,6,6,1,38,7,-1,-1,-1,-1,3,E01004467,0,1
2024041486434,2024,041486434,1,1,0,-1,19,1,5,-1,0,0,0,0,0,0,1,1,-1,9,1,7,2,-1,-1,-1,-1,8,E01012660,0,1
2024461523768,2024,461523768,3,9,0,-1,4,5,1,-1,0,0,0,0,0,0,2,1,-1,9,1,30,6,-1,-1,-1,-1,-1,-1,0,-1
2024201426146,2024,201426146,2,-1,0,-1,19,2,6,-1,0,0,0,0,0,0,2,9,-1,6,1,40,7,-1,-1,-1,-1,1,E01009985,1,1
2024440102119,2024,440102119,1,9,0,9,9,7,6,0,0,8,0,0,0,0,1,1,6,6,3,-1,-1,-1,-1,-1,-1,-1,-1,0,-1
2024501531681,2024,501531681,1,11,0,-1,4,8,4,-1,2,0,0,0,1,0,4,1,-1,1,1,55,8,-1,-1,-1,-1,4,E01020198,0,3
2024411519431,2024,411519431,2,99,-1,-1,-1,5,1,-1,-1,1,-1,-1,-1,0,-1,9,-1,6,3,-1,-1,-1,-1,-1,-1,-1,-1,0,-1
2024340NN4282,2024,340NN4282,1,9,0,-1,3,9,9,-1,0,1,0,0,0,0,1,1,-1,6,1,-1,-1,-1,-1,-1,-1,-1,-1,0,-1
2024361511507,2024,361511507,1,9,0,-1,9,7,3,-1,0,1,0,0,0,0,3,1,-1,9,1,47,8,-1,-1,-1,-1,6,E01026886,0,1
2024052401866,2024,052401866,1,11,0,18,19,6,2,0,0,2,0,0,0,0,4,1,1,1,1,65,9,-1,-1,-1,-1,3,E01006543,0,1
2024991433221,2024,991433221,1,9,0,-1,19,8,3,-1,0,0,1,10,6,7,2,1,-1,9,1,49,8,-1,-1,-1,-1,-1,-1,0,-1
2024531438754,2024,531438754,1,9,0,-1,1,3,7,-1,0,0,0,0,0,0,2,9,-1,6,3,-1,-1,-1,-1,-1,-1,-1,-1,0,-1
2024311453401,2024,311453401,1,-1,0,-1,19,1,5,-1,0,1,0,0,0,0,1,1,-1,9,1,16,4,-1,-1,-1,-1,3,E01027927,1,2
2024010490911,2024,010490911,2,9,0,99,99,9,9,99,99,9,9,99,9,99,9,9,6,6,3,-1,-1,-1,-1,-1,-1,4,E01002409,0,1
2024332400106,2024,332400106,2,1,0,-1,19,6,2,-1,0,0,0,0,0,0,1,1,-1,6,2,15,3,-1,-1,-1,-1,4,E01025718,0,1
2024302400022,2024,302400022,1,9,0,7,7,6,2,0,0,3,1,0,1,0,1,1,6,6,1,20,4,-1,-1,-1,-1,3,E01033778,0,3
2024010500451,2024,010500451,2,9,0,99,99,9,9,99,99,9,9,99,9,99,1,9,6,6,3,-1,-1,-1,-1,-1,-1,10,E01000276,0,2
2024440209331,2024,440209331,1,1,0,7,7,5,7,0,0,8,0,0,0,0,3,1,6,6,1,28,6,-1,-1,-1,-1,2,E01017116,0,1
2024010523006,2024,010523006,2,9,0,99,99,9,9,99,99,9,9,99,9,99,2,9,6,6,1,36,7,-1,-1,-1,-1,3,E01016449,0,3
2024471398116,2024,471398116,1,9,0,-1,19,2,8,-1,0,0,2,10,2,11,1,1,-1,9,1,19,4,-1,-1,-1,-1,3,E01021003,0,1
2024501401562,2024,501401562,2,1,0,-1,19,1,5,-1,0,0,0,0,0,0,3,1,-1,2,1,61,9,-1,-1,-1,-1,4,E01018871,0,1
2024010520906,2024,010520906,3,9,0,3,3,5,1,0,0,1,0,0,0,0,3,1,6,6,1,22,5,-1,-1,-1,-1,1,E01001517,0,1
2024010513158,2024,010513158,2,9,0,99,99,9,9,99,99,9,9,99,9,99,9,9,6,6,3,-1,-1,-1,-1,-1,-1,-1,-1,0,-1
2024010488458,2024,010488458,1,1,0,16,19,5,1,0,0,0,0,0,0,0,1,1,1,1,1,36,7,-1,-1,-1,-1,2,E01001786,0,2
2024010535342,2024,010535342,1,9,0,18,19,1,5,9,9,6,0,0,0,0,1,1,1,1,1,31,6,-1,-1,-1,-1,3,E01003930,0,1
2024010573567,2024,010573567,2,9,0,99,99,9,9,99,99,9,9,99,9,99,9,9,6,6,3,-1,-1,-1,-1,-1,-1,-1,-1,0,-1
2024340WN5822,2024,340WN5822,2,1,0,-1,19,7,3,-1,0,8,0,0,0,0,3,1,-1,9,1,74,10,-1,-1,-1,-1,5,E01027136,0,1
2024010494548,2024,010494548,2,4,0,18,19,7,3,0,0,0,1,0,1,0,3,1,2,2,1,36,7,-1,-1,-1,-1,7,E01023901,0,3
2024061450001,2024,061450001,1,1,0,-1,-1,-1,-1,-1,-1,0,-1,-1,-1,0,-1,1,-1,2,1,44,7,-1,-1,-1,-1,2,E01006036,0,1
2024332400189,2024,332400189,1,9,0,-1,19,9,9,-1,0,0,0,0,0,0,1,1,-1,6,2,-1,-1,-1,-1,-1,-1,-1,-1,0,-1
2024332401159,2024,332401159,1,97,0,-1,19,7,1,-1,0,1,0,0,0,0,1,1,-1,6,3,-1,-1,-1,-1,-1,-1,-1,-1,0,-1
2024010519845,2024,010519845,2,9,0,99,99,9,9,99,99,9,9,99,9,99,9,9,6,6,3,-1,-1,-1,-1,-1,-1,-1,-1,0,-1
2024461488881,2024,461488881,2,9,0,-1,19,7,3,-1,0,4,1,9,1,10,4,9,-1,2,2,26,6,-1,-1,-1,-1,2,E01024390,0,4
2024451407810,2024,451407810,4,9,0,-1,19,3,1,-1,0,0,0,0,0,0,2,9,-1,6,3,34,6,-1,-1,-1,-1,-1,-1,0,-1
2024231536711,2024,231536711,2,9,0,-1,4,6,2,-1,0,8,0,0,0,0,3,1,-1,1,1,43,7,-1,-1,-1,-1,3,E01031176,0,1
2024161524064,2024,161524064,2,9,0,-1,19,3,7,-1,0,4,0,99,0,0,1,1,-1,6,3,-1,-1,-1,-1,-1,-1,-1,-1,0,-1
2024010497380,2024,010497380,2,9,0,99,99,9,9,99,99,6,9,99,9,99,9,9,6,6,3,-1,-1,-1,-1,-1,-1,-1,-1,0,-1
2024010542628,2024,010542628,2,1,0,18,19,5,1,0,0,1,0,0,0,0,1,1,6,6,1,23,5,-1,-1,-1,-1,7,E01002216,0,3
2024549875924,2024,549875924,1,97,0,18,19,8,4,0,0,0,1,0,0,0,0,1,6,6,1,35,6,-1,-1,-1,-1,6,E01032075,0,1
2024111444577,2024,111444577,1,1,0,-1,19,4,8,-1,0,4,0,0,0,0,1,1,-1,9,1,50,8,-1,-1,-1,-1,1,E01012314,0,1
2024070036139,2024,070036139,1,9,0,17,19,1,5,0,0,0,1,10,1,4,1,1,6,6,1,38,7,-1,-1,-1,-1,1,E01005265,0,3
2024401423486,2024,401423486,1,9,0,-1,-1,-1,-1,-1,-1,0,-1,-1,-1,0,-1,9,-1,6,3,-1,-1,-1,-1,-1,-1,-1,-1,0,-1
2024231533943,2024,231533943,1,9,0,-1,19,2,6,-1,0,1,0,0,0,0,1,9,-1,6,1,38,7,-1,-1,-1,-1,-1,-1,0,-1
2024991522061,2024,991522061,1,9,0,-1,13,7,5,-1,0,1,0,0,1,0,4,1,-1,1,1,30,6,-1,-1,-1,-1,-1,-1,0,-1
2024501395552,2024,501395552,2,9,0,-1,19,5,1,-1,0,1,0,0,0,0,1,9,-1,6,-1,-1,-1,-1,-1,-1,-1,-1,-1,0,-1
2024430160698,2024,430160698,2,9,0,9,9,4,2,0,0,3,0,0,0,0,4,-1,6,6,2,46,8,-1,-1,-1,-1,7,E01016740,0,1
2024430291636,2024,430291636,2,1,0,99,99,9,9,0,0,1,9,0,0,0,3,1,2,2,1,37,7,-1,-1,-1,-1,-1,-1,0,-1
2024101512449,2024,101512449,2,9,0,-1,19,1,7,-1,0,1,0,0,0,0,0,1,-1,9,1,19,4,-1,-1,-1,-1,5,E01033556,0,1
2024211455142,2024,211455142,2,9,0,-1,4,1,5,-1,0,0,0,0,0,0,2,1,-1,9,2,57,9,-1,-1,-1,-1,7,E01029622,0,1
2024401541222,2024,401541222,1,9,0,-1,19,8,4,-1,0,1,0,0,0,0,1,1,-1,6,1,21,5,-1,-1,-1,-1,4,E01013734,0,5
2024010545076,2024,010545076,1,1,0,18,19,1,5,0,0,1,0,0,0,0,1,1,2,2,2,45,7,-1,-1,-1,-1,6,E01000299,0,2
2024010508959,2024,010508959,1,9,0,99,99,9,9,99,99,9,9,99,9,99,9,9,1,1,3,45,7,-1,-1,-1,-1,3,E01000498,0,3
2024411465213,2024,411465213,2,1,0,-1,5,7,3,-1,0,1,0,0,0,0,1,1,-1,9,1,43,7,-1,-1,-1,-1,8,E01023672,0,3
2024440217816,2024,440217816,1,9,0,18,19,3,7,0,0,1,0,0,0,0,1,1,6,6,2,-1,-1,-1,-1,-1,-1,-1,-1,0,-1
2024332400764,2024,332400764,2,9,0,-1,19,8,4,-1,0,0,0,0,0,0,1,1,-1,1,1,36,7,-1,-1,-1,-1,6,E01025884,0,1
2024421524247,2024,421524247,1,9,0,-1,-1,-1,-1,-1,-1,0,-1,-1,-1,0,-1,9,-1,6,3,-1,-1,-1,-1,-1,-1,-1,-1,0,-1
2024332401023,2024,332401023,2,1,0,-1,19,8,4,-1,0,8,0,0,0,0,1,1,-1,6,1,12,3,-1,-1,-1,-1,1,E01013726,0,1
2024471531957,2024,471531957,2,98,0,-1,19,5,1,-1,0,1,0,0,0,0,1,1,-1,6,3,-1,-1,-1,-1,-1,-1,-1,-1,0,-1
2024221511183,2024,221511183,2,1,0,-1,10,6,4,-1,0,1,0,0,0,0,3,1,-1,2,1,33,6,-1,-1,-1,-1,5,E01028896,0,1
2024545005324,2024,545005324,1,1,0,9,9,0,0,0,0,4,0,0,0,0,4,1,1,1,1,59,9,-1,-1,-1,-1,2,E01015537,0,1
2024070232334,2024,070232334,2,9,0,3,3,2,6,0,0,1,0,0,0,0,2,1,6,6,1,43,7,-1,-1,-1,-1,10,E01018468,0,1
2024010492604,2024,010492604,1,1,9,99,99,9,9,99,99,9,9,99,9,99,9,1,6,6,2,25,5,-1,-1,-1,-1,3,E01003275,0,1
2024421469100,2024,421469100,1,9,0,-1,5,1,5,-1,0,0,0,0,0,0,1,1,-1,2,2,29,6,-1,-1,-1,-1,8,E01021424,0,2
2024131497469,2024,131497469,1,23,0,-1,7,1,3,-1,0,5,0,0,0,0,1,1,-1,6,3,17,4,-1,-1,-1,-1,-1,-1,0,-1
2024311438443,2024,311438443,2,21,0,-1,19,5,1,-1,0,0,0,0,0,0,3,1,-1,1,1,37,7,-1,-1,-1,-1,10,W01000286,0,5
2024010495890,2024,010495890,2,9,9,18,19,7,3,0,0,8,9,99,9,99,9,9,6,6,1,49,8,-1,-1,-1,-1,3,E01032583,0,1
2024320448305,2024,320448305,1,1,0,-1,-1,6,2,0,0,0,0,0,0,0,1,1,6,6,1,16,4,-1,-1,-1,-1,1,E01026115,0,1
2024371477595,2024,371477595,2,1,0,-1,7,2,6,-1,0,0,5,0,0,0,1,1,-1,9,1,11,3,-1,-1,-1,-1,8,E01029997,0,1
2024052402511,2024,052402511,1,9,0,18,19,8,4,0,0,0,0,0,0,0,4,1,6,6,3,-1,-1,-1,-1,-1,-1,-1,-1,0,-1
2024461512990,2024,461512990,2,1,0,-1,19,1,5,-1,0,8,1,0,0,0,4,1,-1,6,1,12,3,-1,-1,-1,-1,7,E01024573,0,1
2024010523265,2024,010523265,2,-1,0,18,19,5,1,0,0,1,0,0,0,0,1,1,2,2,1,19,4,-1,-1,-1,-1,7,E01004077,1,1
2024471471095,2024,471471095,2,19,0,-1,7,8,4,-1,0,0,0,0,0,0,4,9,-1,6,1,-1,-1,-1,-1,-1,-1,-1,-1,0,-1
2024471406188,2024,471406188,2,9,0,-1,19,3,7,-1,0,0,1,0,1,0,1,1,-1,9,2,18,4,-1,-1,-1,-1,7,E01031417,0,4
2024010488236,2024,010488236,1,1,9,99,99,9,9,99,99,9,9,8,9,99,1,1,1,1,1,25,5,-1,-1,-1,-1,4,E01004303,0,1
2024371449731,2024,371449731,2,1,0,-1,19,3,7,-1,0,0,0,0,0,0,0,1,-1,9,1,61,9,-1,-1,-1,-1,7,E01030083,0,2
2024141418883,2024,141418883,1,97,0,-1,19,5,1,-1,9,0,0,0,1,11,1,1,-1,6,1,18,4,-1,-1,-1,-1,1,E01007462,0,1
2024302401690,2024,302401690,1,9,0,-1,7,2,4,-1,0,8,0,0,0,0,3,1,-1,6,3,-1,-1,-1,-1,-1,-1,5,E01019456,0,3
2024320707364,2024,320707364,3,9,0,3,3,6,2,0,0,0,0,0,0,0,2,1,6,6,3,-1,-1,-1,-1,-1,-1,-1,-1,0,-1
2024430391000,2024,430391000,1,22,0,18,19,5,1,0,0,1,0,0,0,0,1,1,6,6,2,-1,-1,-1,-1,-1,-1,-1,-1,0,-1
2024010551414,2024,010551414,2,23,0,18,19,1,5,0,0,0,0,0,0,0,1,1,6,6,1,12,3,-1,-1,-1,-1,8,E01000366,0,1
2024101513631,2024,101513631,2,1,0,-1,19,5,1,-1,0,3,0,0,0,0,1,1,-1,6,2,40,7,-1,-1,-1,-1,-1,-1,0,-1
2024010543507,2024,010543507,1,1,0,18,19,5,1,0,0,0,0,0,0,0,1,1,6,6,1,59,9,-1,-1,-1,-1,10,E01000707,0,1
2024010503322,2024,010503322,2,-1,0,4,4,5,1,0,0,1,0,0,0,0,3,1,2,2,1,23,5,-1,-1,-1,-1,5,E01002186,1,1
2024543574524,2024,543574524,2,1,0,3,3,5,1,0,0,1,0,0,0,0,1,1,2,2,1,55,8,-1,-1,-1,-1,3,E01031914,0,1
2024010502698,2024,010502698,1,9,0,99,99,9,9,99,99,9,9,99,9,99,1,1,6,6,3,-1,-1,-1,-1,-1,-1,-1,-1,0,-1
2024631527842,2024,631527842,1,9,0,-1,19,5,1,-1,0,8,0,4,3,10,1,1,-1,9,1,18,4,-1,-1,-1,-1,6,W01000500,0,1
2024201527517,2024,201527517,1,9,0,-1,19,7,8,-1,0,8,0,0,0,0,1,1,-1,6,-1,-1,-1,-1,-1,-1,-1,-1,-1,0,-1
2024010496161,2024,010496161,1,9,0,99,99,9,9,0,0,0,9,99,9,99,2,9,6,6,2,20,4,-1,-1,-1,-1,4,E01033790,0,4
2024010493147,2024,010493147,1,9,0,18,19,1,5,0,0,1,0,0,0,0,1,1,6,6,3,-1,-1,-1,-1,-1,-1,-1,-1,0,-1
2024461447344,2024,461447344,1,1,0,-1,19,3,8,-1,0,1,1,0,0,0,1,1,-1,9,1,14,3,-1,-1,-1,-1,1,E01016069,0,1
2024061493897,2024,061493897,3,11,0,-1,19,3,7,-1,0,0,0,0,0,0,2,1,-1,1,1,46,8,-1,-1,-1,-1,8,E01005453,0,2
2024211428734,2024,211428734,5,9,0,-1,2,0,0,-1,0,0,0,0,0,0,4,1,-1,6,-1,-1,-1,-1,-1,-1,-1,-1,-1,0,-1
2024131412313,2024,131412313,2,1,0,-1,19,5,1,-1,0,1,0,0,0,0,1,1,-1,9,1,42,7,-1,-1,-1,-1,7,E01011714,0,1
2024520000205,2024,520000205,1,4,0,3,3,8,4,0,0,8,0,0,0,0,1,1,6,6,1,31,6,-1,-1,-1,-1,-1,-1,0,-1
2024340WN4712,2024,340WN4712,1,9,0,-1,19,1,5,-1,0,0,0,4,0,0,1,1,-1,9,1,19,4,-1,-1,-1,-1,2,E01015643,0,4
2024101433290,2024,101433290,1,9,0,-1,19,3,7,-1,0,1,0,0,0,0,1,1,-1,6,3,-1,-1,-1,-1,-1,-1,-1,-1,0,-1
2024361438514,2024,361438514,2,9,0,-1,19,1,1,-1,0,0,0,0,0,0,0,1,-1,2,1,20,4,-1,-1,-1,-1,5,E01026766,0,1
2024010488804,2024,010488804,2,3,9,99,99,9,9,99,99,0,9,99,9,99,9,1,6,6,3,-1,-1,-1,-1,-1,-1,2,E01003987,0,1
2024131443775,2024,131443775,2,1,0,-1,19,6,5,-1,0,1,0,4,0,0,1,1,-1,9,1,24,5,-1,-1,-1,-1,9,E01013194,0,5
2024481563462,2024,481563462,1,9,0,-1,12,5,1,-1,0,1,0,0,0,0,3,1,-1,2,1,28,6,-1,-1,-1,-1,-1,-1,0,-1
2024010488610,2024,010488610,1,3,9,99,99,9,9,99,99,9,9,99,9,99,9,1,1,1,1,31,6,-1,-1,-1,-1,5,E01000475,0,1
2024201444897,2024,201444897,1,9,0,-1,19,5,1,-1,0,2,0,0,0,0,0,9,-1,6,3,30,6,-1,-1,-1,-1,-1,-1,0,-1
2024351532081,2024,351532081,1,9,0,-1,19,1,5,-1,0,0,0,0,1,0,3,1,-1,2,1,60,9,-1,-1,-1,-1,3,E01015638,0,2
2024010492384,2024,010492384,2,9,0,7,7,5,8,0,0,1,0,0,0,0,1,1,6,6,2,48,8,-1,-1,-1,-1,-1,-1,0,-1
2024430327798,2024,430327798,1,-1,0,18,19,7,3,0,0,0,0,0,0,0,0,1,6,6,2,22,5,-1,-1,-1,-1,9,E01035742,1,1
2024351436937,2024,351436937,2,1,0,-1,4,3,7,-1,-1,1,0,0,0,0,1,1,-1,2,1,38,7,-1,-1,-1,-1,7,E01018000,0,1
2024501484764,2024,501484764,2,1,0,-1,19,6,2,-1,0,0,0,0,0,0,3,1,-1,9,1,57,9,-1,-1,-1,-1,8,E01019889,0,1
2024421428192,2024,421428192,1,98,0,-1,13,2,6,-1,0,1,0,0,0,0,1,1,-1,6,3,-1,-1,-1,-1,-1,-1,-1,-1,0,-1
2024631395376,2024,631395376,1,98,0,-1,12,2,6,-1,0,0,0,0,0,0,0,1,-1,6,3,20,4,-1,-1,-1,-1,7,W01000720,0,3
2024546602524,2024,546602524,1,9,0,5,5,2,6,0,0,1,0,0,0,0,1,1,6,6,3,-1,-1,-1,-1,-1,-1,-1,-1,0,-1
2024411498301,2024,411498301,2,1,0,-1,19,-1,-1,-1,0,8,0,0,0,0,0,1,-1,9,1,52,8,-1,-1,-1,-1,8,E01023897,0,2
2024010509262,2024,010509262,1,1,9,99,99,9,9,99,99,9,9,99,9,99,1,1,6,6,3,-1,-1,-1,-1,-1,-1,-1,-1,0,-1
2024010494526,2024,010494526,1,9,0,17,19,5,1,0,0,1,0,0,0,0,0,1,6,6,3,-1,-1,-1,-1,-1,-1,-1,-1,0,-1
2024061526823,2024,061526823,1,1,0,-1,3,3,7,-1,4,0,0,0,0,0,1,1,-1,2,1,42,7,-1,-1,-1,-1,3,E01005719,0,1
2024340WN0932,2024,340WN0932,1,9,0,-1,9,5,2,-1,0,6,0,0,0,0,2,1,-1,9,2,51,8,-1,-1,-1,-1,9,-1,0,5
2024010497104,2024,010497104,3,8,0,99,99,9,9,99,99,9,9,99,9,99,9,1,6,6,1,69,10,-1,-1,-1,-1,4,E01000497,0,1
2024122400486,2024,122400486,2,20,0,18,19,8,4,0,0,1,0,0,7,10,1,1,1,1,1,39,7,-1,-1,-1,-1,2,E01020809,0,4
2024461530357,2024,461530357,2,9,0,-1,19,7,3,-1,0,0,0,0,0,0,1,1,-1,6,1,34,6,-1,-1,-1,-1,-1,-1,0,-1
2024201512548,2024,201512548,1,9,0,-1,1,4,8,-1,0,0,0,0,0,0,3,9,-1,6,3,-1,-1,-1,-1,-1,-1,-1,-1,0,-1
2024531539921,2024,531539921,1,9,0,-1,19,1,5,-1,0,0,-1,0,0,0,1,9,-1,6,3,-1,-1,-1,-1,-1,-1,-1,-1,0,-1
2024302400119,2024,302400119,1,9,0,18,19,7,3,0,0,0,0,0,7,11,1,1,6,6,1,35,6,-1,-1,-1,-1,7,E01019771,0,1
2024041483697,2024,041483697,1,1,0,-1,19,5,1,-1,9,0,0,0,0,0,4,1,-1,6,1,4,1,-1,-1,-1,-1,8,E01024944,0,1
2024010540242,2024,010540242,2,1,0,18,19,5,1,0,0,1,0,0,0,0,2,1,6,6,1,16,4,-1,-1,-1,-1,1,E01000782,0,1
2024430597610,2024,430597610,1,9,0,18,19,2,6,0,0,3,0,0,0,0,3,1,6,6,1,31,6,-1,-1,-1,-1,9,E01016323,0,1
2024010518965,2024,010518965,2,19,0,99,99,9,9,99,99,9,9,99,9,99,0,9,6,6,3,-1,-1,-1,-1,-1,-1,-1,-1,0,-1
2024430061708,2024,430061708,3,19,0,18,19,2,6,0,0,0,0,0,0,0,1,1,6,6,1,-1,-1,-1,-1,-1,-1,-1,-1,0,-1
2024332400061,2024,332400061,2,9,0,-1,19,3,7,-1,0,8,0,0,0,0,1,1,-1,6,3,-1,-1,-1,-1,-1,-1,-1,-1,0,-1
2024201478934,2024,201478934,1,9,0,-1,9,1,7,-1,0,5,0,0,0,0,1,1,-1,6,1,36,7,-1,-1,-1,-1,7,E01029653,0,3
2024231528759,2024,231528759,1,9,0,-1,7,4,5,-1,0,1,0,0,3,0,1,1,-1,6,1,67,10,-1,-1,-1,-1,-1,-1,0,-1
2024231445483,2024,231445483,2,1,0,-1,19,5,1,-1,4,8,0,0,0,0,3,1,-1,2,1,54,8,-1,-1,-1,-1,6,E01031091,0,1
2024041461789,2024,041461789,2,97,0,-1,9,6,2,-1,0,2,0,0,7,0,1,1,-1,6,1,85,11,-1,-1,-1,-1,2,E01024890,0,1
2024131554460,2024,131554460,2,9,0,-1,-1,-1,-1,-1,-1,8,-1,-1,-1,0,-1,1,-1,6,3,-1,-1,-1,-1,-1,-1,-1,-1,0,-1
2024061517187,2024,061517187,3,9,0,-1,19,7,3,-1,0,2,0,0,0,0,2,1,-1,6,1,49,8,-1,-1,-1,-1,4,E01006294,0,2
2024010523937,2024,010523937,1,9,0,7,7,6,1,9,9,5,0,7,0,0,1,1,6,6,2,22,5,-1,-1,-1,-1,2,E01001428,0,1
2024461405076,2024,461405076,1,90,0,-1,19,3,7,-1,0,1,0,0,0,0,1,9,-1,6,1,44,7,-1,-1,-1,-1,4,E01035305,0,1
2024041447892,2024,041447892,1,1,0,-1,19,-1,-1,-1,0,1,0,0,0,0,-1,1,-1,6,1,12,3,-1,-1,-1,-1,1,E01025227,0,1
2024991440763,2024,991440763,2,9,0,-1,4,0,3,-1,0,2,0,0,0,0,3,1,-1,9,1,24,5,-1,-1,-1,-1,-1,-1,0,-1
2024061477016,2024,061477016,1,1,0,-1,5,1,5,-1,0,0,0,0,0,0,1,1,-1,6,1,9,2,-1,-1,-1,-1,7,E01004775,0,1
2024010513088,2024,010513088,1,11,0,99,99,9,9,99,99,9,9,99,9,99,9,9,6,6,3,-1,-1,-1,-1,-1,-1,-1,-1,0,-1
2024451482311,2024,451482311,1,1,0,-1,4,1,5,-1,0,3,9,0,1,0,9,1,-1,2,1,47,8,-1,-1,-1,-1,7,E01030872,0,1
2024461515738,2024,461515738,2,1,0,-1,19,1,7,-1,5,0,0,0,0,0,1,1,-1,9,2,56,9,-1,-1,-1,-1,4,E01001794,0,4
2024070287398,2024,070287398,1,4,0,2,2,0,0,0,0,0,0,0,0,0,1,1,6,6,1,28,6,-1,-1,-1,-1,1,E01012436,0,1
2024010494046,2024,010494046,2,9,0,18,19,9,9,99,99,9,9,99,9,99,1,9,6,6,3,-1,-1,-1,-1,-1,-1,5,E01002307,0,4
2024010509556,2024,010509556,1,1,9,99,99,9,9,99,99,9,9,99,9,99,9,1,6,6,1,37,7,-1,-1,-1,-1,2,E01001828,0,1
2024052402822,2024,052402822,1,9,0,18,19,7,3,0,0,1,0,0,0,0,1,1,6,6,3,-1,-1,-1,-1,-1,-1,-1,-1,0,-1
2024161513931,2024,161513931,1,1,0,-1,5,3,7,-1,0,8,2,0,0,0,1,1,-1,6,1,56,9,-1,-1,-1,-1,1,E01012891,0,2
2024141488730,2024,141488730,2,1,0,-1,19,6,1,-1,0,0,0,0,0,0,1,1,-1,1,1,23,5,-1,-1,-1,-1,3,E01007679,0,3
2024461485115,2024,461485115,2,9,0,-1,4,4,8,-1,0,0,0,0,1,9,1,1,-1,1,1,25,5,-1,-1,-1,-1,4,E01035315,0,2
2024451480208,2024,451480208,1,9,0,-1,3,1,5,-1,0,0,0,0,0,0,2,1,-1,2,1,32,6,-1,-1,-1,-1,7,E01030562,0,2
2024010487479,2024,010487479,1,9,0,7,7,2,4,0,0,6,0,0,0,0,1,1,6,6,3,34,6,-1,-1,-1,-1,-1,-1,0,-1
2024010491647,2024,010491647,1,9,0,99,99,9,9,99,99,9,9,99,9,99,9,9,6,6,2,39,7,-1,-1,-1,-1,3,E01003545,0,1
2024471411755,2024,471411755,1,1,0,-1,19,1,5,-1,0,8,0,0,0,0,4,1,-1,9,1,55,8,-1,-1,-1,-1,10,E01017001,0,1
2024111438665,2024,111438665,1,2,0,-1,13,1,5,-1,0,1,0,0,0,0,1,1,-1,6,1,16,4,-1,-1,-1,-1,-1,-1,0,-1
2024201465434,2024,201465434,1,9,0,-1,19,1,5,-1,0,0,0,12,0,0,1,1,-1,9,2,32,6,-1,-1,-1,-1,2,E01008977,0,2
2024471520335,2024,471520335,1,9,0,-1,19,8,4,-1,0,0,0,0,0,0,1,9,-1,6,3,-1,-1,-1,-1,-1,-1,-1,-1,0,-1
202454D912724,2024,54D912724,1,9,0,13,13,1,5,0,0,0,1,0,7,9,1,1,6,6,1,18,4,-1,-1,-1,-1,8,E01033850,0,1
2024010494633,2024,010494633,1,9,0,4,4,7,3,0,0,0,0,0,0,0,4,1,3,7,2,40,7,-1,-1,-1,-1,9,E01002263,0,1
2024361514147,2024,361514147,1,21,1,-1,5,1,5,-1,0,0,0,0,0,0,3,1,-1,1,1,61,9,-1,-1,-1,-1,-1,-1,0,-1
2024010491501,2024,010491501,2,11,0,5,5,5,1,0,0,1,0,0,0,0,1,1,6,6,1,68,10,-1,-1,-1,-1,4,E01024279,0,4
2024520401479,2024,520401479,1,9,0,18,19,5,8,0,0,8,0,0,0,0,1,1,6,6,2,66,10,-1,-1,-1,-1,4,E01029327,0,1
2024031493966,2024,031493966,2,1,0,-1,19,7,3,-1,0,0,0,0,0,0,2,1,-1,2,2,55,8,-1,-1,-1,-1,4,E01019309,0,2
2024522403173,2024,522403173,2,1,0,15,15,1,5,0,0,8,0,0,0,0,1,1,6,6,1,46,8,-1,-1,-1,-1,10,E01014713,0,1
2024351553743,2024,351553743,1,9,0,-1,19,4,8,-1,0,0,0,0,0,0,1,1,-1,2,1,36,7,-1,-1,-1,-1,10,E01018285,0,1
2024122401289,2024,122401289,2,1,0,18,19,5,3,0,0,0,0,0,0,0,2,1,2,2,2,39,7,-1,-1,-1,-1,6,E01013441,0,1
2024430099422,2024,430099422,1,9,0,1,1,2,6,9,9,1,0,0,0,0,2,1,6,6,1,40,7,-1,-1,-1,-1,-1,-1,0,-1
2024522402682,2024,522402682,2,1,0,5,5,1,5,0,0,0,0,0,0,0,1,1,6,6,2,13,3,-1,-1,-1,-1,1,E01032515,0,1
2024041467595,2024,041467595,2,9,0,-1,19,1,2,-1,0,1,0,0,0,0,1,1,-1,9,1,43,7,-1,-1,-1,-1,4,E01024891,0,1
2024520403009,2024,520403009,4,9,4,9,9,7,6,0,0,6,0,0,0,0,0,1,6,6,3,-1,-1,-1,-1,-1,-1,-1,-1,0,-1
2024010528074,2024,010528074,1,19,0,18,19,3,7,0,0,0,0,0,0,0,1,1,6,6,3,-1,-1,-1,-1,-1,-1,-1,-1,0,-1
2024522402193,2024,522402193,1,1,0,18,19,6,2,0,0,0,0,8,0,0,4,1,6,6,1,38,7,-1,-1,-1,-1,6,E01014487,0,2
2024161510153,2024,161510153,2,98,-1,-1,5,7,3,-1,0,4,0,0,0,0,1,9,-1,6,3,-1,-1,-1,-1,-1,-1,-1,-1,0,-1
2024161519181,2024,161519181,2,1,0,-1,7,5,7,-1,0,4,0,0,0,0,1,1,-1,6,1,36,7,-1,-1,-1,-1,4,E01013320,0,2
2024351467857,2024,351467857,1,9,-1,-1,-1,-1,-1,-1,-1,-1,-1,-1,-1,0,-1,9,-1,6,3,-1,-1,-1,-1,-1,-1,-1,-1,0,-1
2024461460273,2024,461460273,1,9,0,-1,19,6,2,-1,0,0,0,0,0,0,4,9,-1,6,1,-1,-1,-1,-1,-1,-1,-1,-1,0,-1