collision_index,collision_year,collision_ref_no,vehicle_reference,vehicle_type,towing_and_articulation,vehicle_manoeuvre_historic,vehicle_manoeuvre,vehicle_direction_from,vehicle_direction_to,vehicle_location_restricted_lane_historic,vehicle_location_restricted_lane,junction_location,skidding_and_overturning,hit_object_in_carriageway,vehicle_leaving_carriageway,hit_object_off_carriageway,first_point_of_impact,vehicle_left_hand_drive,journey_purpose_of_driver_historic,journey_purpose_of_driver,sex_of_driver,age_of_driver,age_band_of_driver,engine_capacity_cc,propulsion_code,age_of_vehicle,generic_make_model,driver_imd_decile,lsoa_of_driver,escooter_flag,driver_distance_banding
2024131522124,2024,131522124,1,9,0,-1,7,5,3,-1,0,6,0,0,0,0,1,1,-1,6,3,-1,-1,-1,-1,-1,-1,9,E01010764,0,4
2024052401100,2024,052401100,1,9,0,18,19,1,5,0,0,0,0,0,0,0,4,1,6,6,3,-1,-1,-1,-1,-1,-1,-1,-1,0,-1
2024401412371,2024,401412371,2,1,0,-1,19,8,4,-1,0,8,0,0,0,0,3,1,-1,9,1,45,7,-1,-1,-1,-1,8,E01016722,0,3
2024111451605,2024,111451605,2,1,0,-1,19,1,5,-1,0,2,5,0,0,0,4,1,-1,6,1,12,3,-1,-1,-1,-1,2,E01020672,0,1
2024010551744,2024,010551744,1,9,0,99,99,9,9,99,99,9,9,99,9,99,3,9,6,6,2,75,10,-1,-1,-1,-1,3,E01003584,0,1
2024131423790,2024,131423790,1,9,0,-1,19,8,4,-1,0,0,0,0,0,0,1,1,-1,9,1,31,6,-1,-1,-1,-1,2,E01011859,0,2
2024010490065,2024,010490065,1,1,9,99,99,9,9,99,99,9,9,99,9,99,9,1,2,2,1,16,4,-1,-1,-1,-1,9,E01030388,0,1
2024471477918,2024,471477918,4,9,0,-1,19,8,4,-1,0,0,0,0,0,0,3,2,-1,6,1,44,7,-1,-1,-1,-1,-1,-1,0,-1
2024991450467,2024,991450467,2,9,0,-1,19,3,7,-1,0,0,2,0,0,0,1,1,-1,1,1,36,7,-1,-1,-1,-1,9,-1,0,5
2024471437982,2024,471437982,2,1,0,-1,19,8,6,-1,0,1,0,0,0,0,1,1,-1,6,1,17,4,-1,-1,-1,-1,8,E01016893,0,1
2024451408461,2024,451408461,2,9,0,-1,2,0,0,-1,9,0,0,0,0,0,2,1,-1,6,2,47,8,-1,-1,-1,-1,9,E01023111,0,3
2024010505450,2024,010505450,1,1,9,99,99,9,9,99,99,9,9,99,9,99,1,1,2,2,1,31,6,-1,-1,-1,-1,5,E01004513,0,1
2024401514822,2024,401514822,2,9,0,-1,19,1,5,-1,0,1,0,0,0,0,1,1,-1,6,1,45,7,-1,-1,-1,-1,9,E01017439,0,2
2024371405268,2024,371405268,1,9,-1,-1,-1,-1,-1,-1,-1,0,-1,-1,-1,0,-1,9,-1,6,3,-1,-1,-1,-1,-1,-1,-1,-1,0,-1
2024010518339,2024,010518339,2,9,0,99,99,9,9,99,99,9,9,99,9,99,9,9,6,6,3,-1,-1,-1,-1,-1,-1,-1,-1,0,-1
2024010541078,2024,010541078,4,9,0,3,3,7,3,0,0,1,0,0,0,0,4,1,6,6,1,22,5,-1,-1,-1,-1,-1,-1,0,-1
2024411407934,2024,411407934,1,9,0,-1,19,4,8,-1,0,8,0,0,0,0,4,1,-1,2,2,23,5,-1,-1,-1,-1,8,E01023910,0,2
2024221422380,2024,221422380,1,9,0,-1,9,2,1,-1,0,5,0,0,0,0,2,1,-1,9,1,31,6,-1,-1,-1,-1,10,E01010156,0,2
2024361417228,2024,361417228,2,9,0,-1,7,4,7,-1,0,3,1,0,0,0,4,1,-1,9,1,17,4,-1,-1,-1,-1,8,E01026450,0,3
2024052402032,2024,052402032,1,1,0,18,19,4,8,0,0,1,0,0,0,0,1,1,6,6,1,54,8,-1,-1,-1,-1,6,E01034409,0,1
2024141429775,2024,141429775,1,9,0,-1,9,8,5,-1,0,0,0,0,0,0,1,1,-1,7,1,32,6,-1,-1,-1,-1,2,E01007364,0,1
2024010499958,2024,010499958,2,9,0,99,99,9,9,99,99,9,9,99,9,99,9,9,6,6,3,-1,-1,-1,-1,-1,-1,-1,-1,0,-1
2024161526433,2024,161526433,2,1,0,-1,19,1,5,-1,0,1,0,0,0,0,3,1,-1,6,1,79,11,-1,-1,-1,-1,7,E01012815,0,1
2024302401426,2024,302401426,2,9,0,4,4,1,2,0,0,0,0,0,0,0,0,1,6,6,3,-1,-1,-1,-1,-1,-1,5,E01019456,0,3
202417M208224,2024,17M208224,2,1,0,-1,19,7,3,-1,0,1,0,0,0,0,1,1,-1,9,1,16,4,-1,-1,-1,-1,-1,-1,0,-1
2024010490796,2024,010490796,1,9,0,5,5,5,1,0,0,3,0,0,0,0,1,1,6,6,1,19,4,-1,-1,-1,-1,5,E01024356,0,4
2024351397517,2024,351397517,2,21,1,-1,19,-1,-1,-1,0,0,0,0,0,0,1,9,-1,6,3,-1,-1,-1,-1,-1,-1,-1,-1,0,-1
2024010534840,2024,010534840,2,4,0,18,19,6,2,0,0,1,0,4,0,0,1,1,6,6,1,22,5,-1,-1,-1,-1,6,E01002496,0,1
2024221451512,2024,221451512,2,9,0,-1,6,5,5,-1,0,8,0,0,0,0,0,9,-1,6,3,24,5,-1,-1,-1,-1,-1,-1,0,-1
2024430503911,2024,430503911,2,9,0,11,11,1,5,0,0,0,0,0,0,0,4,1,6,6,2,-1,-1,-1,-1,-1,-1,-1,-1,0,-1
2024991465385,2024,991465385,2,1,0,-1,19,8,4,-1,0,8,0,0,0,0,1,1,-1,2,1,42,7,-1,-1,-1,-1,5,-1,0,1
2024430621144,2024,430621144,2,9,0,16,19,8,3,0,0,0,0,0,0,0,0,1,6,6,3,-1,-1,-1,-1,-1,-1,-1,-1,0,-1
2024010514700,2024,010514700,2,9,0,99,99,9,9,99,99,9,9,99,9,99,1,9,6,6,3,32,6,-1,-1,-1,-1,4,E01001329,0,1
2024052400819,2024,052400819,2,1,0,9,9,5,3,0,0,1,0,0,0,0,3,1,6,6,1,13,3,-1,-1,-1,-1,1,E01033793,0,1
2024430417630,2024,430417630,2,9,0,18,19,7,3,0,0,8,0,0,0,0,4,1,6,6,1,26,6,-1,-1,-1,-1,3,E01016741,0,1
2024010509649,2024,010509649,2,1,3,18,19,5,1,0,0,6,0,0,0,0,4,1,2,2,1,60,9,-1,-1,-1,-1,3,E01001726,0,2
2024531473751,2024,531473751,2,1,0,-1,19,1,7,-1,0,3,0,0,0,0,2,1,-1,9,1,14,3,-1,-1,-1,-1,8,E01022144,0,1
2024440258322,2024,440258322,2,1,0,18,19,3,7,0,0,0,0,0,0,0,0,1,6,6,1,30,6,-1,-1,-1,-1,7,E01023123,0,3
2024010539176,2024,010539176,2,9,9,99,99,9,9,99,99,9,9,99,9,99,2,9,6,6,3,-1,-1,-1,-1,-1,-1,1,E01009360,0,5
2024451494793,2024,451494793,1,1,0,-1,19,7,3,-1,0,8,0,0,0,0,4,1,-1,2,2,49,8,-1,-1,-1,-1,10,E01030320,0,1
2024461425142,2024,461425142,2,9,0,-1,10,5,1,-1,0,0,0,0,0,0,3,1,-1,6,1,32,6,-1,-1,-1,-1,5,E01024283,0,1
2024111453763,2024,111453763,1,1,0,-1,4,7,3,-1,0,1,0,0,0,0,1,1,-1,6,1,9,2,-1,-1,-1,-1,2,E01020618,0,1
2024070124857,2024,070124857,1,5,0,4,4,4,8,0,0,1,2,0,4,6,1,1,6,6,1,31,6,-1,-1,-1,-1,8,E01018699,0,3
2024430020645,2024,430020645,1,9,0,8,8,3,5,0,0,1,0,0,0,0,2,1,6,6,2,37,7,-1,-1,-1,-1,5,E01017845,0,1
2024522401683,2024,522401683,2,9,0,1,1,2,6,0,0,0,0,0,0,0,2,1,6,6,3,-1,-1,-1,-1,-1,-1,-1,-1,0,-1
2024161426502,2024,161426502,2,9,0,-1,2,0,0,-1,0,0,0,0,0,0,3,1,-1,6,1,39,7,-1,-1,-1,-1,8,E01013155,0,1
2024041474457,2024,041474457,1,98,0,-1,1,1,5,-1,0,1,0,0,0,0,2,1,-1,6,3,-1,-1,-1,-1,-1,-1,-1,-1,0,-1
2024010497194,2024,010497194,3,9,0,18,19,5,1,0,0,2,0,0,0,0,4,1,6,6,1,53,8,-1,-1,-1,-1,5,E01000504,0,1
2024070112589,2024,070112589,2,1,0,18,19,7,3,0,0,1,0,0,0,0,2,1,2,2,1,58,9,-1,-1,-1,-1,4,E01012454,0,1
2024010487294,2024,010487294,1,5,0,18,19,7,3,0,0,8,1,0,0,0,4,1,2,2,1,50,8,-1,-1,-1,-1,2,E01000954,0,1
2024101507714,2024,101507714,1,9,0,-1,19,5,1,-1,-1,0,0,4,1,0,1,1,-1,9,1,78,11,-1,-1,-1,-1,7,E01027473,0,1
2024010491213,2024,010491213,2,9,9,99,99,9,9,99,99,9,9,99,9,99,1,9,6,6,3,-1,-1,-1,-1,-1,-1,-1,-1,0,-1
2024010550763,2024,010550763,1,90,9,99,99,9,9,99,99,9,9,99,9,99,9,9,6,6,3,-1,-1,-1,-1,-1,-1,-1,-1,0,-1
2024061505897,2024,061505897,2,1,0,-1,19,-1,-1,-1,9,0,1,0,0,0,4,1,-1,7,1,20,4,-1,-1,-1,-1,10,E01012347,0,5
2024010489239,2024,010489239,3,90,0,99,99,9,9,0,0,0,9,99,9,99,2,9,6,6,3,-1,-1,-1,-1,-1,-1,3,E01016070,0,4
2024010514411,2024,010514411,1,1,9,18,19,9,9,99,99,9,9,99,9,99,1,1,2,2,2,53,8,-1,-1,-1,-1,5,E01001138,0,2
2024302401130,2024,302401130,2,1,0,18,19,6,2,0,0,0,0,0,0,0,1,1,4,7,1,11,3,-1,-1,-1,-1,2,E01013473,0,1
2024010497290,2024,010497290,2,1,0,3,3,3,7,0,0,1,0,0,0,0,1,1,6,6,1,43,7,-1,-1,-1,-1,6,E01004486,0,1
2024010486936,2024,010486936,1,9,0,9,9,3,1,0,0,8,0,0,0,0,4,1,6,6,1,28,6,-1,-1,-1,-1,5,E01000733,0,1
2024070075755,2024,070075755,1,9,0,9,9,1,7,0,0,4,0,0,0,0,1,1,6,6,2,64,9,-1,-1,-1,-1,6,E01018380,0,1
2024201468389,2024,201468389,2,9,0,-1,19,5,1,-1,0,6,0,0,0,0,4,1,-1,6,1,25,5,-1,-1,-1,-1,3,E01009875,0,1
2024010503456,2024,010503456,2,1,0,4,4,7,3,0,0,1,0,0,0,0,1,1,6,6,2,27,6,-1,-1,-1,-1,3,E01000523,0,1
2024052402041,2024,052402041,2,1,0,18,19,6,2,0,0,1,0,0,0,0,1,1,4,7,1,-1,-1,-1,-1,-1,-1,9,E01006937,0,1
2024131463536,2024,131463536,1,9,0,-1,-1,-1,-1,-1,-1,0,-1,-1,-1,-1,-1,1,-1,6,3,-1,-1,-1,-1,-1,-1,-1,-1,0,-1
2024010525397,2024,010525397,1,1,9,99,99,9,9,99,99,9,9,99,9,99,9,1,6,6,3,27,6,-1,-1,-1,-1,9,E01028584,0,4
2024061417088,2024,061417088,1,8,-1,-1,-1,-1,-1,-1,-1,-1,-1,-1,-1,0,-1,9,-1,6,3,-1,-1,-1,-1,-1,-1,-1,-1,0,-1
2024010519626,2024,010519626,2,9,0,99,99,9,9,99,99,9,9,99,9,99,1,9,6,6,1,-1,-1,-1,-1,-1,-1,-1,-1,0,-1
2024451507693,2024,451507693,4,9,0,-1,19,1,5,-1,0,0,0,0,0,0,0,1,-1,9,2,62,9,-1,-1,-1,-1,9,E01030589,0,1
2024201503067,2024,201503067,2,1,0,-1,5,6,2,-1,0,1,0,0,0,0,1,1,-1,6,1,24,5,-1,-1,-1,-1,-1,-1,0,-1
2024461530215,2024,461530215,2,9,0,-1,19,3,7,-1,0,0,0,0,0,0,4,1,-1,9,1,52,8,-1,-1,-1,-1,5,E01000379,0,4
2024201471756,2024,201471756,2,19,0,-1,19,3,7,-1,0,0,0,0,0,0,3,9,-1,6,3,18,4,-1,-1,-1,-1,-1,-1,0,-1
2024231458428,2024,231458428,1,9,0,-1,5,7,3,-1,0,2,0,0,0,0,1,9,-1,6,2,77,11,-1,-1,-1,-1,-1,-1,0,-1
2024010494411,2024,010494411,2,19,9,99,99,9,9,99,99,0,9,99,9,99,9,1,6,6,3,-1,-1,-1,-1,-1,-1,-1,-1,0,-1
2024451523477,2024,451523477,2,9,0,-1,19,5,1,-1,0,4,0,0,0,0,1,1,-1,9,1,37,7,-1,-1,-1,-1,7,E01030722,0,1
2024421500586,2024,421500586,1,9,0,-1,-1,-1,-1,-1,-1,-1,-1,-1,-1,0,-1,9,-1,6,3,-1,-1,-1,-1,-1,-1,-1,-1,0,-1
2024010488557,2024,010488557,2,3,0,18,19,5,1,0,0,1,1,0,0,0,1,1,1,1,1,29,6,-1,-1,-1,-1,8,E01002109,0,1
2024320334638,2024,320334638,2,5,0,13,13,4,8,0,0,1,2,0,0,0,1,1,-1,-1,1,28,6,-1,-1,-1,-1,-1,-1,0,-1
2024461423773,2024,461423773,3,9,0,-1,3,7,3,-1,0,0,0,0,0,0,2,1,-1,6,1,23,5,-1,-1,-1,-1,6,E01034987,0,1
2024320192818,2024,320192818,1,9,0,-1,-1,2,6,0,0,0,0,0,0,0,1,1,-1,-1,1,39,7,-1,-1,-1,-1,9,E01026402,0,1
2024010494300,2024,010494300,1,2,0,99,99,9,9,99,99,9,9,99,9,99,1,1,6,6,3,-1,-1,-1,-1,-1,-1,-1,-1,0,-1
2024430503310,2024,430503310,2,9,0,18,19,1,5,0,0,3,1,0,0,0,2,1,6,6,1,55,8,-1,-1,-1,-1,10,E01030779,0,2
2024010539889,2024,010539889,1,9,0,99,99,9,9,99,99,9,9,99,9,99,1,1,6,6,1,32,6,-1,-1,-1,-1,10,E01000348,0,1
2024010524122,2024,010524122,1,1,9,99,99,9,9,99,99,9,9,99,9,99,1,1,2,2,1,23,5,-1,-1,-1,-1,7,E01001235,0,2
2024501499138,2024,501499138,1,4,0,-1,19,1,5,-1,0,8,0,10,0,0,1,1,-1,6,1,57,9,-1,-1,-1,-1,6,E01018817,0,2
2024141523498,2024,141523498,1,9,0,-1,19,8,5,-1,0,0,0,0,0,0,1,1,-1,9,1,38,7,-1,-1,-1,-1,1,E01007856,0,2
2024010513620,2024,010513620,1,1,9,99,99,9,9,99,99,9,9,99,9,99,1,1,2,2,1,25,5,-1,-1,-1,-1,3,E01002235,0,3
2024161506333,2024,161506333,2,97,9,-1,6,7,3,-1,99,0,9,99,9,0,9,1,-1,6,1,-1,-1,-1,-1,-1,-1,-1,-1,0,-1
2024010543589,2024,010543589,1,1,0,18,19,5,1,0,0,0,0,0,0,0,0,1,6,6,1,36,7,-1,-1,-1,-1,4,E01000402,0,1
2024430167641,2024,430167641,2,9,0,18,19,7,3,0,0,0,0,0,0,0,1,1,6,6,2,-1,-1,-1,-1,-1,-1,-1,-1,0,-1
2024201526557,2024,201526557,1,1,0,-1,19,3,7,-1,0,8,0,0,0,0,3,1,-1,1,1,30,6,-1,-1,-1,-1,2,E01010428,0,1
2024010551117,2024,010551117,1,9,0,18,19,3,7,0,0,8,0,0,0,0,3,1,6,6,1,23,5,-1,-1,-1,-1,4,E01001294,0,2
2024010497166,2024,010497166,2,9,9,99,99,9,9,99,99,9,9,99,9,99,9,9,6,6,3,-1,-1,-1,-1,-1,-1,-1,-1,0,-1
2024361417155,2024,361417155,1,9,0,-1,19,4,8,-1,0,1,0,0,0,0,1,9,-1,6,3,-1,-1,-1,-1,-1,-1,-1,-1,0,-1
2024010489179,2024,010489179,1,9,0,99,99,9,9,99,99,9,9,99,9,99,1,9,6,6,3,-1,-1,-1,-1,-1,-1,-1,-1,0,-1
2024010503365,2024,010503365,1,3,0,18,19,1,5,0,0,1,0,0,0,0,1,1,2,2,1,44,7,-1,-1,-1,-1,4,E01003216,0,1
2024010540199,2024,010540199,1,1,9,99,99,9,9,99,99,9,9,99,9,99,1,1,2,2,1,28,6,-1,-1,-1,-1,5,E01001664,0,1
2024010552763,2024,010552763,2,90,0,99,99,9,9,99,99,9,9,99,9,99,1,9,6,6,3,-1,-1,-1,-1,-1,-1,5,E01000982,0,2
2024010522225,2024,010522225,2,1,0,18,19,3,7,0,0,1,0,0,0,0,1,1,6,6,1,41,7,-1,-1,-1,-1,5,E01004565,0,1
2024501478618,2024,501478618,2,9,0,-1,19,3,7,-1,0,1,0,0,0,0,1,1,-1,1,1,39,7,-1,-1,-1,-1,2,E01010362,0,5
2024061476892,2024,061476892,1,9,0,-1,3,-1,-1,-1,99,3,0,0,0,0,2,1,-1,2,1,45,7,-1,-1,-1,-1,2,E01006464,0,4
2024070398464,2024,070398464,1,1,0,15,15,5,1,0,0,1,0,0,0,0,1,1,6,6,1,35,6,-1,-1,-1,-1,-1,-1,0,-1
2024302400613,2024,302400613,1,9,0,18,19,8,4,0,0,2,0,0,0,0,1,1,6,6,3,-1,-1,-1,-1,-1,-1,5,E01019456,0,3
2024451502639,2024,451502639,2,9,0,-1,19,8,4,-1,0,0,0,0,0,0,1,1,-1,6,1,30,6,-1,-1,-1,-1,-1,-1,0,-1
2024991474974,2024,991474974,1,1,0,-1,19,4,8,-1,0,2,5,0,0,0,1,1,-1,9,2,53,8,-1,-1,-1,-1,9,E01025240,0,5
2024010490585,2024,010490585,1,9,0,18,19,4,8,0,0,0,0,0,0,0,0,1,6,6,2,62,9,-1,-1,-1,-1,5,E01023936,0,3
2024471445494,2024,471445494,1,9,0,-1,19,1,5,-1,0,4,0,0,0,0,1,1,-1,2,2,27,6,-1,-1,-1,-1,10,E01032839,0,2
2024991436385,2024,991436385,2,9,0,-1,4,3,7,-1,0,0,0,0,0,0,2,1,-1,9,1,57,9,-1,-1,-1,-1,1,-1,0,3
2024010490749,2024,010490749,2,9,0,18,19,3,7,0,0,1,0,0,1,0,1,1,2,2,1,76,11,-1,-1,-1,-1,4,E01001137,0,1
2024070131797,2024,070131797,2,1,0,18,19,7,3,0,0,0,0,0,0,0,4,1,6,6,1,6,2,-1,-1,-1,-1,10,E01018632,0,1
2024371475056,2024,371475056,1,9,0,-1,9,7,4,-1,0,8,0,0,0,0,4,1,-1,9,1,56,9,-1,-1,-1,-1,7,E01030051,0,1
2024101427959,2024,101427959,2,1,0,-1,9,3,2,-1,0,8,5,0,0,0,2,1,-1,6,1,49,8,-1,-1,-1,-1,9,E01008556,0,1
2024991438660,2024,991438660,2,9,0,-1,19,7,3,-1,0,0,0,0,0,0,2,1,-1,1,1,57,9,-1,-1,-1,-1,8,-1,0,4
2024340WN5762,2024,340WN5762,1,9,0,-1,6,3,3,-1,0,0,0,0,0,0,1,1,-1,6,1,-1,-1,-1,-1,-1,-1,-1,-1,0,-1
2024231498279,2024,231498279,4,9,0,-1,4,4,8,-1,0,0,0,0,0,0,2,1,-1,6,1,44,7,-1,-1,-1,-1,5,E01016488,0,4
2024010546926,2024,010546926,2,1,0,7,7,7,1,0,0,6,0,0,0,0,2,1,6,6,2,63,9,-1,-1,-1,-1,5,E01004484,0,1
2024501487164,2024,501487164,2,1,0,-1,19,3,7,-1,0,8,5,0,0,0,1,1,-1,6,2,-1,-1,-1,-1,-1,-1,-1,-1,0,-1
2024361483730,2024,361483730,1,5,0,-1,13,7,3,-1,0,0,0,0,1,0,1,1,-1,6,1,48,8,-1,-1,-1,-1,1,E01026809,0,4
2024061434424,2024,061434424,2,1,0,-1,19,-1,-1,-1,0,8,0,0,0,0,1,1,-1,6,1,29,6,-1,-1,-1,-1,-1,-1,0,-1
2024010538416,2024,010538416,1,11,0,99,99,9,9,99,99,9,9,99,9,99,9,9,6,6,3,-1,-1,-1,-1,-1,-1,-1,-1,0,-1
2024010517393,2024,010517393,2,9,0,5,5,1,5,0,0,2,0,0,0,0,0,1,6,6,3,-1,-1,-1,-1,-1,-1,-1,-1,0,-1
2024430115456,2024,430115456,1,9,0,9,9,3,1,0,0,6,0,0,0,0,1,1,6,6,1,20,4,-1,-1,-1,-1,-1,-1,0,-1
2024361450811,2024,361450811,2,1,-1,-1,-1,-1,-1,-1,-1,-1,-1,-1,-1,0,3,1,-1,9,1,43,7,-1,-1,-1,-1,8,E01026849,0,1
2024302401799,2024,302401799,1,9,0,5,5,8,4,9,9,1,0,0,1,0,4,1,6,6,1,72,10,-1,-1,-1,-1,4,E01019745,0,1
2024411513925,2024,411513925,2,9,0,-1,4,6,2,-1,0,0,0,0,0,0,2,1,-1,9,2,28,6,-1,-1,-1,-1,6,E01023630,0,1
2024552401162,2024,552401162,2,1,0,18,19,4,8,0,0,8,0,0,0,0,1,1,6,6,1,16,4,-1,-1,-1,-1,10,E01015400,0,1
2024520402269,2024,520402269,2,9,9,99,99,9,9,0,0,0,0,0,0,0,9,9,6,6,1,-1,-1,-1,-1,-1,-1,-1,-1,0,-1
2024161470730,2024,161470730,1,9,0,-1,19,3,7,-1,0,0,0,0,0,0,-1,9,-1,6,3,-1,-1,-1,-1,-1,-1,-1,-1,0,-1
202454E668024,2024,54E668024,1,9,0,18,19,3,7,0,0,0,5,0,0,0,3,1,6,6,1,18,4,-1,-1,-1,-1,7,E01031894,0,1
2024430126630,2024,430126630,1,11,0,18,19,2,6,0,0,0,0,0,0,0,1,1,1,1,1,-1,-1,-1,-1,-1,-1,-1,-1,0,-1
2024471509600,2024,471509600,1,1,0,-1,19,6,3,-1,4,8,0,0,0,0,3,1,-1,2,1,45,7,-1,-1,-1,-1,4,E01031583,0,1
2024332400795,2024,332400795,2,9,0,-1,19,7,3,-1,0,8,0,0,0,0,1,1,-1,6,3,-1,-1,-1,-1,-1,-1,-1,-1,0,-1
2024010507698,2024,010507698,2,19,0,99,99,9,9,99,99,9,9,99,0,0,9,9,6,6,3,-1,-1,-1,-1,-1,-1,-1,-1,0,-1
2024542737324,2024,542737324,1,9,0,18,19,7,3,0,0,1,0,0,0,0,1,1,6,6,3,-1,-1,-1,-1,-1,-1,-1,-1,0,-1
202454A544524,2024,54A544524,1,9,0,18,19,7,3,0,0,0,0,0,0,0,1,1,6,6,1,29,6,-1,-1,-1,-1,8,E01015562,0,1
2024332400403,2024,332400403,2,9,0,-1,9,6,4,-1,0,5,0,0,0,0,1,1,-1,6,1,-1,-1,-1,-1,-1,-1,-1,-1,0,-1
2024501480372,2024,501480372,1,1,0,-1,19,-1,-1,-1,0,1,1,99,0,0,1,1,-1,2,1,41,7,-1,-1,-1,-1,3,E01015166,0,2
2024332400986,2024,332400986,1,9,0,-1,19,1,5,-1,0,0,5,0,1,0,1,1,-1,6,1,59,9,-1,-1,-1,-1,1,E01013692,0,2
2024548912124,2024,548912124,1,5,0,18,19,2,6,0,0,1,0,0,1,0,1,1,6,6,1,37,7,-1,-1,-1,-1,8,E01032088,0,1
2024010493094,2024,010493094,1,9,0,18,19,5,1,0,0,8,0,0,0,0,1,1,6,6,1,63,9,-1,-1,-1,-1,2,E01004068,0,1
2024320260973,2024,320260973,3,9,0,-1,-1,1,5,0,0,0,0,0,0,0,2,1,6,6,1,66,10,-1,-1,-1,-1,4,E01019228,0,5
2024320464047,2024,320464047,2,22,0,-1,-1,4,8,0,0,0,0,0,0,0,3,1,-1,-1,1,60,9,-1,-1,-1,-1,3,E01026353,0,1
2024052402577,2024,052402577,1,1,0,18,19,1,5,0,0,8,0,0,0,0,1,1,6,6,1,18,4,-1,-1,-1,-1,4,E01007221,0,2
2024320080397,2024,320080397,2,1,0,-1,-1,5,1,0,0,8,5,0,0,0,1,1,6,6,1,37,7,-1,-1,-1,-1,7,E01026153,0,1
2024010511136,2024,010511136,4,9,0,18,19,5,1,0,0,5,0,0,0,0,0,1,6,6,1,37,7,-1,-1,-1,-1,4,E01004711,0,1
2024231431366,2024,231431366,1,9,0,-1,19,2,6,-1,0,0,0,0,1,4,1,1,-1,6,1,29,6,-1,-1,-1,-1,5,E01014070,0,4
2024161408571,2024,161408571,1,19,0,-1,19,5,1,-1,0,1,0,0,0,0,1,1,-1,6,1,45,7,-1,-1,-1,-1,-1,-1,0,-1
2024531393710,2024,531393710,2,9,0,-1,19,4,8,-1,0,8,5,0,0,0,4,1,-1,9,2,56,9,-1,-1,-1,-1,2,E01022164,0,1
2024052402052,2024,052402052,2,1,0,18,19,3,8,0,0,1,0,0,0,0,1,1,2,2,1,19,4,-1,-1,-1,-1,6,E01007225,0,2
2024031458748,2024,031458748,2,1,0,-1,4,6,6,-1,0,0,1,0,0,0,1,1,-1,9,1,50,8,-1,-1,-1,-1,5,E01019866,0,5
2024520402424,2024,520402424,1,1,0,18,19,8,4,0,0,0,0,0,0,0,1,1,6,6,2,69,10,-1,-1,-1,-1,5,E01029068,0,1
2024311439011,2024,311439011,1,9,0,-1,19,5,8,-1,0,0,0,0,0,0,1,1,-1,6,1,-1,-1,-1,-1,-1,-1,-1,-1,0,-1
2024320614465,2024,320614465,2,1,0,3,3,6,2,0,0,0,0,0,0,0,2,1,6,6,2,23,5,-1,-1,-1,-1,-1,-1,0,-1
2024991492961,2024,991492961,2,1,0,-1,19,8,5,-1,0,8,5,4,0,0,1,1,-1,9,1,67,10,-1,-1,-1,-1,9,-1,0,1
2024332400690,2024,332400690,2,1,0,-1,19,1,5,-1,0,8,0,0,0,0,1,1,-1,6,1,55,8,-1,-1,-1,-1,6,E01034020,0,1
202417L205324,2024,17L205324,2,1,0,-1,19,4,8,-1,0,0,0,0,0,0,3,1,-1,9,1,16,4,-1,-1,-1,-1,5,E01020619,0,4
2024421526519,2024,421526519,1,9,0,-1,19,7,3,-1,0,0,0,0,0,0,1,9,-1,6,1,-1,-1,-1,-1,-1,-1,-1,-1,0,-1
2024010542623,2024,010542623,1,9,0,99,99,9,9,99,99,9,9,99,9,99,1,9,6,6,3,-1,-1,-1,-1,-1,-1,3,E01000058,0,1
2024991399495,2024,991399495,1,9,0,-1,19,8,4,-1,0,0,0,0,0,0,1,1,-1,1,1,42,7,-1,-1,-1,-1,2,-1,0,1
2024340NN3782,2024,340NN3782,2,9,0,-1,2,0,0,-1,0,0,0,0,0,0,3,1,-1,6,3,-1,-1,-1,-1,-1,-1,-1,-1,0,-1
2024010489766,2024,010489766,2,11,0,99,99,9,9,99,99,9,9,99,9,99,9,9,6,6,3,-1,-1,-1,-1,-1,-1,-1,-1,0,-1
2024302401560,2024,302401560,2,1,0,18,19,3,7,4,4,1,0,0,0,0,4,1,6,6,2,57,9,-1,-1,-1,-1,7,E01019771,0,1
2024010489232,2024,010489232,2,9,0,18,19,2,6,0,0,1,0,0,0,0,1,1,6,6,1,26,6,-1,-1,-1,-1,3,E01003431,0,1
2024440022941,2024,440022941,1,3,0,18,19,8,4,0,0,1,0,0,0,0,0,1,1,1,2,18,4,-1,-1,-1,-1,-1,-1,0,-1
2024401466230,2024,401466230,2,1,0,-1,19,7,4,-1,0,0,0,0,0,0,1,1,-1,7,1,11,3,-1,-1,-1,-1,4,E01015711,0,1
2024440411792,2024,440411792,2,-1,0,18,19,4,8,0,0,1,0,0,0,0,1,1,6,6,1,33,6,-1,-1,-1,-1,5,E01023151,1,1
2024010512665,2024,010512665,2,9,0,99,99,9,9,99,99,9,9,99,9,99,1,9,6,6,3,-1,-1,-1,-1,-1,-1,-1,-1,0,-1
2024010494272,2024,010494272,2,9,0,99,99,9,9,99,99,9,9,99,9,99,9,9,6,6,3,-1,-1,-1,-1,-1,-1,-1,-1,0,-1
2024010502710,2024,010502710,1,9,0,18,19,1,5,0,0,1,0,0,0,0,3,1,6,6,3,-1,-1,-1,-1,-1,-1,-1,-1,0,-1
2024361520249,2024,361520249,2,1,0,-1,19,8,5,-1,9,0,0,0,1,11,1,1,-1,9,1,42,7,-1,-1,-1,-1,10,E01035144,0,1
2024161447576,2024,161447576,1,1,0,-1,19,5,2,-1,0,4,0,0,0,0,4,1,-1,6,1,15,3,-1,-1,-1,-1,10,E01013108,0,1
2024010524609,2024,010524609,2,1,0,18,19,7,3,0,0,2,5,0,0,0,1,1,6,6,1,18,4,-1,-1,-1,-1,3,E01000167,0,2
2024451490517,2024,451490517,2,1,0,-1,19,7,3,-1,0,1,0,0,0,0,1,1,-1,6,2,27,6,-1,-1,-1,-1,10,E01030419,0,2
2024451516925,2024,451516925,2,1,0,-1,19,1,5,-1,0,0,0,0,0,0,0,1,-1,7,1,12,3,-1,-1,-1,-1,7,E01030420,0,1
2024010536504,2024,010536504,2,1,9,99,99,9,9,99,99,9,9,99,9,99,9,1,3,7,2,14,3,-1,-1,-1,-1,5,E01003161,0,1
2024141413052,2024,141413052,2,9,0,-1,3,1,5,-1,0,0,0,0,0,0,2,1,-1,1,1,51,8,-1,-1,-1,-1,3,E01007436,0,3