collision_index,collision_year,collision_ref_no,vehicle_reference,vehicle_type,towing_and_articulation,vehicle_manoeuvre_historic,vehicle_manoeuvre,vehicle_direction_from,vehicle_direction_to,vehicle_location_restricted_lane_historic,vehicle_location_restricted_lane,junction_location,skidding_and_overturning,hit_object_in_carriageway,vehicle_leaving_carriageway,hit_object_off_carriageway,first_point_of_impact,vehicle_left_hand_drive,journey_purpose_of_driver_historic,journey_purpose_of_driver,sex_of_driver,age_of_driver,age_band_of_driver,engine_capacity_cc,propulsion_code,age_of_vehicle,generic_make_model,driver_imd_decile,lsoa_of_driver,escooter_flag,driver_distance_banding
2024421493342,2024,421493342,1,98,1,-1,19,3,7,-1,0,1,0,0,1,11,1,1,-1,1,1,63,9,-1,-1,-1,-1,4,E01002267,0,4
2024010537104,2024,010537104,1,1,0,18,19,7,3,0,0,1,0,0,0,0,2,1,6,6,1,30,6,-1,-1,-1,-1,-1,-1,0,-1
2024430288956,2024,430288956,1,9,0,18,19,4,8,0,0,2,0,0,0,0,4,1,6,6,3,-1,-1,-1,-1,-1,-1,-1,-1,0,-1
202417S212824,2024,17S212824,1,3,0,-1,14,0,0,-1,0,0,0,0,0,0,3,1,-1,2,1,19,4,-1,-1,-1,-1,9,E01012297,0,1
2024131484313,2024,131484313,2,1,0,-1,19,7,3,-1,4,1,0,0,0,0,1,1,-1,9,2,17,4,-1,-1,-1,-1,1,E01010744,0,3
2024010531163,2024,010531163,1,1,0,18,19,6,2,0,0,1,0,0,0,0,1,1,6,6,1,24,5,-1,-1,-1,-1,3,E01002809,0,1
2024501450439,2024,501450439,2,1,0,-1,19,7,1,-1,0,1,5,4,0,0,1,1,-1,6,2,-1,-1,-1,-1,-1,-1,4,E01018793,0,1
2024101528592,2024,101528592,1,9,0,-1,19,7,3,-1,0,0,0,0,0,0,3,1,-1,6,3,-1,-1,-1,-1,-1,-1,-1,-1,0,-1
2024411452908,2024,411452908,1,9,0,-1,-1,-1,-1,-1,-1,-1,-1,-1,-1,0,-1,9,-1,6,2,-1,-1,-1,-1,-1,-1,-1,-1,0,-1
2024141502652,2024,141502652,1,97,0,-1,19,3,7,-1,0,1,0,0,0,0,1,1,-1,6,3,-1,-1,-1,-1,-1,-1,-1,-1,0,-1
2024430060495,2024,430060495,1,1,0,18,19,5,1,9,9,8,0,0,0,0,1,1,2,2,1,24,5,-1,-1,-1,-1,4,E01016439,0,1
2024531466813,2024,531466813,2,9,0,-1,19,1,5,-1,0,0,0,0,0,0,1,1,-1,2,1,28,6,-1,-1,-1,-1,7,E01022205,0,1
2024052401159,2024,052401159,1,9,0,99,99,9,9,0,0,9,0,99,0,0,9,9,6,6,1,36,7,-1,-1,-1,-1,3,E01006793,0,2
2024430114387,2024,430114387,2,1,0,18,19,6,2,0,0,0,0,0,0,0,3,1,6,6,2,13,3,-1,-1,-1,-1,-1,-1,0,-1
2024061440780,2024,061440780,2,1,0,-1,19,3,7,-1,0,2,0,0,0,0,3,1,-1,1,1,58,9,-1,-1,-1,-1,3,E01004874,0,1
2024552400004,2024,552400004,2,1,0,17,19,4,2,0,0,8,0,0,0,0,4,1,6,6,1,46,8,-1,-1,-1,-1,8,E01015333,0,1
2024451458615,2024,451458615,1,9,0,-1,19,7,3,-1,0,1,0,0,0,0,1,1,-1,6,1,50,8,-1,-1,-1,-1,8,E01030865,0,4
2024010514733,2024,010514733,1,1,0,18,19,5,1,0,0,1,0,8,0,0,1,1,2,2,2,42,7,-1,-1,-1,-1,2,E01001202,0,1
2024010494784,2024,010494784,2,19,0,2,2,0,0,0,0,0,0,0,0,0,1,1,6,6,3,-1,-1,-1,-1,-1,-1,-1,-1,0,-1
2024010506448,2024,010506448,1,9,0,18,19,3,7,0,0,0,0,0,0,0,3,1,1,1,1,51,8,-1,-1,-1,-1,6,E01035181,0,4
2024371516295,2024,371516295,2,1,0,-1,19,1,5,-1,0,4,1,0,0,0,1,1,-1,6,2,31,6,-1,-1,-1,-1,8,E01030000,0,1
2024461531439,2024,461531439,1,11,0,-1,4,2,6,-1,0,0,1,0,0,0,1,1,-1,2,1,42,7,-1,-1,-1,-1,5,E01024345,0,2
2024010494338,2024,010494338,2,9,9,12,12,4,8,99,99,1,9,0,0,0,9,1,6,6,1,42,7,-1,-1,-1,-1,6,E01016477,0,3
2024332400924,2024,332400924,2,9,0,-1,19,4,8,-1,0,8,0,0,0,0,1,1,-1,6,1,75,10,-1,-1,-1,-1,7,E01013636,0,1
2024471407229,2024,471407229,1,16,0,-1,19,8,4,-1,0,0,0,0,0,0,0,1,-1,9,1,83,11,-1,-1,-1,-1,6,E01021186,0,1
2024461534501,2024,461534501,1,9,0,-1,19,7,2,-1,0,1,0,0,0,0,1,9,-1,6,1,67,10,-1,-1,-1,-1,10,E01024330,0,1
2024161501911,2024,161501911,1,1,0,-1,19,7,3,-1,0,0,0,0,0,0,2,1,-1,6,1,33,6,-1,-1,-1,-1,1,E01035464,0,2
2024010495201,2024,010495201,2,9,0,18,19,2,6,0,0,1,0,0,0,0,1,1,6,6,1,44,7,-1,-1,-1,-1,3,E01003923,0,1
2024332401002,2024,332401002,2,9,0,-1,19,1,5,-1,0,8,0,0,0,0,1,1,-1,2,1,30,6,-1,-1,-1,-1,3,E01013698,0,1
2024010511069,2024,010511069,2,9,9,2,2,0,0,99,99,9,9,99,9,99,9,9,6,6,3,-1,-1,-1,-1,-1,-1,-1,-1,0,-1
2024320221901,2024,320221901,2,19,0,-1,-1,2,6,0,0,0,5,0,1,0,1,1,-1,-1,1,57,9,-1,-1,-1,-1,-1,-1,0,-1
2024411430077,2024,411430077,1,1,0,-1,19,5,1,-1,5,2,1,0,0,0,1,1,-1,6,2,18,4,-1,-1,-1,-1,10,E01023664,0,3
2024052401288,2024,052401288,1,9,0,5,5,8,4,0,0,0,0,0,0,0,1,1,6,6,1,-1,-1,-1,-1,-1,-1,-1,-1,0,-1
2024471417648,2024,471417648,2,99,-1,-1,19,3,7,-1,0,1,0,0,0,0,1,9,-1,6,3,-1,-1,-1,-1,-1,-1,-1,-1,0,-1
2024010548148,2024,010548148,1,9,0,18,19,2,6,0,0,0,0,0,0,0,3,1,6,6,3,-1,-1,-1,-1,-1,-1,-1,-1,0,-1
2024010543381,2024,010543381,2,-1,0,18,19,3,7,0,0,0,0,0,0,0,1,1,6,6,1,23,5,-1,-1,-1,-1,-1,-1,1,-1
2024010517450,2024,010517450,2,19,0,99,99,9,9,99,99,9,9,99,9,99,9,9,6,6,3,-1,-1,-1,-1,-1,-1,-1,-1,0,-1
2024010543618,2024,010543618,1,8,0,18,19,6,2,0,0,1,0,0,0,0,1,1,6,6,3,-1,-1,-1,-1,-1,-1,-1,-1,0,-1
2024221491281,2024,221491281,2,9,0,-1,19,2,6,-1,0,0,0,0,0,0,3,1,-1,9,2,17,4,-1,-1,-1,-1,5,E01014020,0,2
2024302400566,2024,302400566,1,9,0,7,7,6,8,0,0,2,0,0,0,0,1,1,1,1,1,-1,-1,-1,-1,-1,-1,5,E01019456,0,3
2024010523783,2024,010523783,1,1,0,18,19,4,8,5,5,2,0,0,0,0,3,1,6,6,1,42,7,-1,-1,-1,-1,2,E01000861,0,1
2024010488805,2024,010488805,2,9,0,11,11,5,1,0,0,1,0,0,0,0,4,2,6,6,3,34,6,-1,-1,-1,-1,-1,-1,0,-1
2024351452465,2024,351452465,2,1,0,-1,19,7,3,-1,0,1,0,0,0,0,1,1,-1,6,2,33,6,-1,-1,-1,-1,3,E01017971,0,1
2024122400709,2024,122400709,2,1,0,4,4,7,3,0,0,1,0,0,0,0,1,1,6,6,1,30,6,-1,-1,-1,-1,2,E01013399,0,1
2024010512534,2024,010512534,1,1,9,99,99,9,9,99,99,9,9,99,9,99,9,1,2,2,2,33,6,-1,-1,-1,-1,4,E01004427,0,1
2024522402413,2024,522402413,1,17,4,18,19,1,5,0,0,8,5,0,0,0,4,1,1,1,1,34,6,-1,-1,-1,-1,2,E01009997,0,5
2024430480292,2024,430480292,2,1,0,18,19,7,3,0,0,8,0,0,0,0,1,1,6,6,1,20,4,-1,-1,-1,-1,-1,-1,0,-1
2024401421812,2024,401421812,1,98,0,-1,4,5,1,-1,0,1,0,0,0,0,1,9,-1,6,1,-1,-1,-1,-1,-1,-1,-1,-1,0,-1
2024461419081,2024,461419081,3,21,1,-1,19,3,7,-1,0,0,0,0,0,0,4,2,-1,1,1,42,7,-1,-1,-1,-1,-1,-1,0,-1
2024010519993,2024,010519993,1,9,0,18,19,3,7,0,0,1,0,0,0,0,1,1,1,1,1,49,8,-1,-1,-1,-1,8,E01000569,0,2
2024351409334,2024,351409334,2,1,0,-1,19,6,2,-1,0,8,5,0,0,0,4,1,-1,6,1,36,7,-1,-1,-1,-1,5,E01017973,0,1
2024520402222,2024,520402222,1,1,0,18,19,8,4,0,0,8,0,0,0,0,1,1,6,6,1,13,3,-1,-1,-1,-1,2,E01029109,0,1
2024010494738,2024,010494738,1,9,0,9,9,1,6,0,0,5,0,0,0,0,4,1,6,6,1,55,8,-1,-1,-1,-1,5,E01004127,0,1
2024010492052,2024,010492052,2,9,9,99,99,9,9,99,99,9,9,99,9,99,9,9,6,6,3,-1,-1,-1,-1,-1,-1,-1,-1,0,-1
2024041453126,2024,041453126,2,9,0,-1,19,2,5,-1,0,1,0,0,0,0,0,1,-1,6,2,30,6,-1,-1,-1,-1,4,E01012712,0,1
2024010517968,2024,010517968,2,9,9,99,99,9,9,99,99,9,9,99,9,99,9,9,6,6,3,-1,-1,-1,-1,-1,-1,-1,-1,0,-1
2024544222324,2024,544222324,1,9,0,18,19,5,1,0,0,0,0,0,0,0,3,1,6,6,2,37,7,-1,-1,-1,-1,7,E01032696,0,2
2024531430681,2024,531430681,3,98,0,-1,3,3,7,-1,0,4,0,0,0,0,3,1,-1,1,2,36,7,-1,-1,-1,-1,5,E01022428,0,1
2024201405965,2024,201405965,1,9,0,-1,19,7,3,-1,0,1,0,0,0,0,1,9,-1,6,2,51,8,-1,-1,-1,-1,3,E01009656,0,1
2024430038719,2024,430038719,1,9,0,7,7,3,5,0,0,1,0,0,0,0,2,1,2,2,1,50,8,-1,-1,-1,-1,4,E01016475,0,1
2024010523828,2024,010523828,2,1,0,9,9,3,2,0,0,3,0,0,0,0,0,1,6,6,1,12,3,-1,-1,-1,-1,8,E01000233,0,1
2024061439412,2024,061439412,2,1,0,-1,19,1,5,-1,0,0,0,0,0,0,2,1,-1,6,1,13,3,-1,-1,-1,-1,2,E01006254,0,1
2024122500227,2024,122500227,1,19,0,16,19,5,1,0,0,4,0,0,0,0,1,1,6,6,3,-1,-1,-1,-1,-1,-1,-1,-1,0,-1
2024430181132,2024,430181132,2,9,0,18,19,5,2,0,0,1,0,0,0,0,1,1,6,6,2,31,6,-1,-1,-1,-1,-1,-1,0,-1
2024201486198,2024,201486198,1,9,0,-1,1,2,6,-1,0,0,0,0,0,0,1,9,-1,6,1,-1,-1,-1,-1,-1,-1,-1,-1,0,-1
2024201470232,2024,201470232,2,9,0,-1,19,8,6,-1,0,0,0,0,0,0,1,9,-1,6,2,44,7,-1,-1,-1,-1,2,E01009165,0,2
2024332400791,2024,332400791,2,9,0,-1,19,1,7,-1,0,0,0,0,0,0,1,1,-1,6,3,-1,-1,-1,-1,-1,-1,-1,-1,0,-1
2024141458775,2024,141458775,2,-1,0,-1,19,3,7,-1,9,1,0,0,0,0,1,9,-1,6,1,9,2,-1,-1,-1,-1,1,E01007507,1,1
2024522402370,2024,522402370,2,1,0,17,19,6,4,0,0,0,0,0,0,0,1,1,6,6,2,13,3,-1,-1,-1,-1,10,E01014616,0,1
2024631407415,2024,631407415,2,1,0,-1,14,3,7,-1,0,0,0,0,0,0,3,1,-1,2,1,38,7,-1,-1,-1,-1,2,W01000659,0,1
2024430326099,2024,430326099,1,9,0,9,9,2,8,0,0,1,0,0,0,0,4,1,6,6,1,47,8,-1,-1,-1,-1,-1,-1,0,-1
2024010495431,2024,010495431,1,1,9,99,99,9,9,4,4,9,9,99,9,99,1,1,2,2,1,26,6,-1,-1,-1,-1,8,E01004293,0,1
2024061425073,2024,061425073,1,9,0,-1,19,5,1,-1,0,0,2,0,1,2,4,1,-1,6,1,69,10,-1,-1,-1,-1,8,E01006281,0,1
2024010511781,2024,010511781,1,1,0,10,10,1,7,0,0,1,5,0,0,0,1,1,6,6,2,32,6,-1,-1,-1,-1,4,E01003301,0,2
2024010496701,2024,010496701,1,9,0,18,19,1,5,0,0,1,0,0,0,0,4,1,6,6,1,38,7,-1,-1,-1,-1,1,E01000221,0,3
202417M118024,2024,17M118024,2,1,0,-1,19,4,8,-1,0,8,0,0,0,0,4,1,-1,2,1,37,7,-1,-1,-1,-1,1,E01012018,0,1
2024421529251,2024,421529251,1,8,0,-1,19,1,5,-1,0,0,0,0,0,0,0,1,-1,6,1,-1,-1,-1,-1,-1,-1,-1,-1,0,-1
2024010524798,2024,010524798,1,97,0,18,19,4,8,0,0,1,0,0,0,0,0,1,6,6,3,-1,-1,-1,-1,-1,-1,-1,-1,0,-1
2024221490089,2024,221490089,1,9,0,-1,9,3,1,-1,0,6,0,0,0,0,0,9,-1,6,3,44,7,-1,-1,-1,-1,-1,-1,0,-1
2024052400434,2024,052400434,1,9,0,5,5,1,5,0,0,0,0,0,0,0,1,1,6,6,3,-1,-1,-1,-1,-1,-1,-1,-1,0,-1
2024010495474,2024,010495474,1,3,0,99,99,9,9,99,99,9,9,99,9,99,2,1,1,1,1,28,6,-1,-1,-1,-1,7,E01003283,0,2
2024221490427,2024,221490427,2,1,0,-1,19,3,8,-1,0,8,0,0,0,0,4,1,-1,6,1,57,9,-1,-1,-1,-1,8,E01029688,0,3
2024371515710,2024,371515710,2,1,0,-1,19,7,1,-1,0,0,5,0,0,0,2,1,-1,6,2,16,4,-1,-1,-1,-1,6,E01030071,0,1
2024451459808,2024,451459808,2,9,0,-1,2,0,0,-1,0,0,0,0,0,0,1,1,-1,9,1,56,9,-1,-1,-1,-1,8,E01030869,0,2
2024401419427,2024,401419427,2,-1,0,-1,19,6,2,-1,0,0,0,0,0,0,1,1,-1,1,1,32,6,-1,-1,-1,-1,2,E01015698,1,1
2024010510523,2024,010510523,2,9,0,99,99,9,9,99,99,9,0,99,9,99,9,9,6,6,2,-1,-1,-1,-1,-1,-1,-1,-1,0,-1
2024421496510,2024,421496510,1,9,0,-1,19,8,4,-1,0,0,0,0,0,0,1,1,-1,6,3,-1,-1,-1,-1,-1,-1,-1,-1,0,-1
2024101437818,2024,101437818,1,9,0,-1,19,3,7,-1,0,0,0,0,0,0,4,9,-1,6,3,-1,-1,-1,-1,-1,-1,-1,-1,0,-1
2024201485812,2024,201485812,1,9,0,-1,5,5,1,-1,0,1,0,0,0,0,1,9,-1,6,1,50,8,-1,-1,-1,-1,7,E01008967,0,1
2024430182505,2024,430182505,1,5,0,18,19,4,8,0,0,0,0,10,0,0,4,1,6,6,1,40,7,-1,-1,-1,-1,4,E01030285,0,5
2024221512082,2024,221512082,1,99,0,-1,19,1,5,-1,0,0,0,0,0,0,1,9,-1,6,3,47,8,-1,-1,-1,-1,-1,-1,0,-1
2024010489035,2024,010489035,1,9,0,18,19,3,7,0,0,0,0,4,0,0,1,1,6,6,1,26,6,-1,-1,-1,-1,2,E01033926,0,1
2024041486153,2024,041486153,4,9,0,-1,19,3,7,-1,0,0,0,0,0,0,2,1,-1,1,2,52,8,-1,-1,-1,-1,1,E01025068,0,2
2024061453531,2024,061453531,2,1,0,-1,19,5,1,-1,9,0,0,0,0,0,1,1,-1,9,1,16,4,-1,-1,-1,-1,2,E01005538,0,1
2024991401042,2024,991401042,1,98,0,-1,19,4,8,-1,0,0,5,0,0,0,3,1,-1,1,1,48,8,-1,-1,-1,-1,1,-1,0,4
2024451433949,2024,451433949,1,1,0,-1,19,7,3,-1,0,8,0,0,0,0,3,1,-1,9,1,43,7,-1,-1,-1,-1,8,E01030298,0,1
2024610026524,2024,610026524,2,9,0,18,19,5,1,0,0,0,0,0,0,0,1,1,6,6,3,-1,-1,-1,-1,-1,-1,-1,-1,0,-1
2024302401295,2024,302401295,1,19,0,18,19,5,1,0,0,1,0,0,0,0,1,1,6,6,2,43,7,-1,-1,-1,-1,5,E01019866,0,4
2024520402592,2024,520402592,2,1,0,18,19,8,4,0,0,0,0,0,0,0,1,1,6,6,1,21,5,-1,-1,-1,-1,8,E01029319,0,1
2024991452064,2024,991452064,1,1,0,-1,5,7,3,-1,0,1,0,0,0,0,1,1,-1,9,1,55,8,-1,-1,-1,-1,2,-1,0,1
2024531474808,2024,531474808,2,1,0,-1,19,1,3,-1,0,0,0,0,0,0,2,1,-1,9,1,13,3,-1,-1,-1,-1,7,E01022232,0,1
2024461491277,2024,461491277,1,9,-1,-1,-1,6,1,-1,-1,8,-1,-1,-1,0,-1,9,-1,6,3,-1,-1,-1,-1,-1,-1,-1,-1,0,-1
2024061466440,2024,061466440,1,9,-1,-1,-1,-1,-1,-1,-1,-1,-1,-1,-1,0,-1,9,-1,6,3,-1,-1,-1,-1,-1,-1,-1,-1,0,-1
2024440423745,2024,440423745,1,19,0,10,10,8,5,0,0,1,0,0,0,0,4,1,3,7,1,44,7,-1,-1,-1,-1,-1,-1,0,-1
2024010527985,2024,010527985,1,9,0,99,99,9,9,99,99,9,9,99,9,99,1,9,6,6,3,-1,-1,-1,-1,-1,-1,-1,-1,0,-1
2024122400522,2024,122400522,1,1,0,18,19,3,7,9,9,0,0,0,0,0,1,1,6,6,1,58,9,-1,-1,-1,-1,10,E01027880,0,1
2024440293310,2024,440293310,2,9,0,3,3,1,5,0,0,1,0,0,0,0,2,1,1,1,3,-1,-1,-1,-1,-1,-1,-1,-1,0,-1
2024161412880,2024,161412880,2,1,0,-1,15,1,5,-1,0,1,0,0,0,0,1,1,-1,6,1,-1,-1,-1,-1,-1,-1,-1,-1,0,-1
2024131488193,2024,131488193,2,90,0,-1,-1,-1,-1,-1,-1,0,-1,-1,-1,-1,-1,1,-1,6,3,-1,-1,-1,-1,-1,-1,-1,-1,0,-1
2024122400515,2024,122400515,3,9,0,3,3,7,3,0,0,1,0,0,0,0,3,1,6,6,1,68,10,-1,-1,-1,-1,7,E01027622,0,1
2024010532374,2024,010532374,1,9,0,7,7,1,3,0,0,5,0,0,0,0,1,1,6,6,3,-1,-1,-1,-1,-1,-1,-1,-1,0,-1
2024430595629,2024,430595629,2,8,0,18,19,5,1,0,0,8,0,0,0,0,3,1,6,6,1,44,7,-1,-1,-1,-1,7,E01016328,0,1
2024451459621,2024,451459621,1,1,0,-1,7,3,7,-1,0,0,0,0,0,0,3,1,-1,9,1,55,8,-1,-1,-1,-1,4,E01030601,0,3
2024010535873,2024,010535873,1,1,9,99,99,9,9,99,99,9,9,99,9,99,1,1,2,2,1,28,6,-1,-1,-1,-1,3,E01001722,0,1
2024351403673,2024,351403673,2,1,0,-1,-1,-1,-1,-1,0,-1,0,0,0,0,-1,1,-1,2,1,34,6,-1,-1,-1,-1,6,E01017962,0,1
2024141399542,2024,141399542,2,97,0,-1,19,8,4,-1,0,1,0,0,0,0,1,1,-1,6,1,29,6,-1,-1,-1,-1,1,E01007500,0,1
2024161515732,2024,161515732,2,1,0,-1,19,1,5,-1,0,1,0,0,0,0,1,1,-1,6,1,18,4,-1,-1,-1,-1,3,E01012866,0,1
2024351454717,2024,351454717,1,8,-1,-1,10,-1,-1,-1,0,6,0,0,0,0,-1,9,-1,1,1,30,6,-1,-1,-1,-1,4,E01015622,0,1
2024201502621,2024,201502621,1,9,0,-1,5,6,2,-1,0,0,0,0,0,0,1,9,-1,6,3,40,7,-1,-1,-1,-1,-1,-1,0,-1
2024351459939,2024,351459939,2,1,0,-1,5,8,4,-1,0,2,0,0,0,0,4,1,-1,9,1,12,3,-1,-1,-1,-1,6,E01018061,0,1
2024201426058,2024,201426058,2,9,0,-1,2,0,0,-1,0,0,0,0,0,0,3,9,-1,1,1,53,8,-1,-1,-1,-1,3,E01009970,0,1
2024070527013,2024,070527013,1,9,0,5,5,7,3,0,0,1,0,0,0,0,1,1,6,6,1,64,9,-1,-1,-1,-1,10,E01018406,0,1
2024501451415,2024,501451415,2,90,0,-1,4,1,5,-1,0,1,0,0,0,0,1,1,-1,6,1,60,9,-1,-1,-1,-1,4,E01018780,0,1
2024991459119,2024,991459119,1,1,0,-1,19,8,4,-1,0,0,0,0,0,0,2,1,-1,9,1,68,10,-1,-1,-1,-1,3,-1,0,4
2024520002980,2024,520002980,1,1,0,18,19,2,6,0,0,8,0,0,0,0,1,1,6,6,1,27,6,-1,-1,-1,-1,-1,-1,0,-1
2024522402623,2024,522402623,2,9,0,18,19,3,7,0,0,8,0,0,0,0,4,1,6,6,2,35,6,-1,-1,-1,-1,9,E01014757,0,3
2024411458291,2024,411458291,1,9,-1,-1,-1,-1,-1,-1,-1,-1,-1,-1,-1,0,-1,9,-1,6,1,-1,-1,-1,-1,-1,-1,-1,-1,0,-1
2024010520707,2024,010520707,1,1,0,18,19,5,1,0,0,0,0,0,0,0,1,1,6,6,3,-1,-1,-1,-1,-1,-1,-1,-1,0,-1
2024010547608,2024,010547608,1,9,0,18,19,1,5,0,0,8,0,0,0,0,1,1,6,6,3,24,5,-1,-1,-1,-1,-1,-1,0,-1
2024061457601,2024,061457601,1,1,0,-1,19,-1,-1,-1,4,8,0,0,1,99,3,1,-1,2,1,20,4,-1,-1,-1,-1,3,E01005271,0,1
2024070164698,2024,070164698,2,9,0,10,10,4,8,0,0,1,0,0,0,0,2,1,6,6,1,38,7,-1,-1,-1,-1,9,E01018680,0,2
2024430478887,2024,430478887,1,9,0,7,7,7,1,0,0,6,0,0,0,0,1,1,6,6,1,46,8,-1,-1,-1,-1,3,E01035242,0,1
202417H104224,2024,17H104224,2,23,0,-1,19,5,1,-1,0,8,0,0,0,0,1,1,-1,9,1,20,4,-1,-1,-1,-1,5,E01011985,0,1
2024531505013,2024,531505013,1,9,0,-1,19,7,3,-1,0,8,5,0,0,0,3,1,-1,1,1,22,5,-1,-1,-1,-1,8,E01014863,0,4
2024430295578,2024,430295578,1,9,0,18,19,2,6,0,0,1,0,0,0,0,3,1,6,6,2,34,6,-1,-1,-1,-1,2,E01016438,0,1
2024010513431,2024,010513431,2,9,0,6,6,9,9,99,99,9,9,99,9,99,9,9,6,6,3,-1,-1,-1,-1,-1,-1,6,E01000218,0,2
2024231430072,2024,231430072,3,1,0,-1,19,3,7,-1,9,0,0,4,0,0,3,1,-1,6,2,14,3,-1,-1,-1,-1,4,E01031170,0,1
2024010487445,2024,010487445,1,9,0,18,19,2,6,0,0,1,0,0,0,0,1,1,6,6,2,20,4,-1,-1,-1,-1,7,E01034034,0,2
2024211527958,2024,211527958,2,1,-1,-1,-1,-1,-1,-1,-1,0,-1,-1,-1,0,-1,1,-1,7,1,11,3,-1,-1,-1,-1,3,E01029410,0,1
2024060120180,2024,060120180,2,9,0,18,19,5,1,0,0,0,0,0,0,0,1,1,2,2,1,23,5,-1,-1,-1,-1,2,E01005337,0,4
2024010514255,2024,010514255,2,1,0,18,19,7,3,0,0,1,0,0,0,0,1,1,4,7,1,11,3,-1,-1,-1,-1,3,E01001769,0,1
2024010507389,2024,010507389,3,1,0,18,19,7,3,0,0,0,0,8,0,0,0,1,6,6,2,79,11,-1,-1,-1,-1,8,E01001927,0,1
2024010528126,2024,010528126,1,11,0,99,99,9,9,99,99,9,9,99,9,99,9,9,6,6,3,49,8,-1,-1,-1,-1,6,E01004046,0,2
2024010495119,2024,010495119,2,9,0,18,19,7,3,0,0,5,0,0,0,0,1,1,6,6,3,-1,-1,-1,-1,-1,-1,-1,-1,0,-1
2024211491593,2024,211491593,2,1,0,-1,3,2,7,-1,0,2,0,0,0,0,1,1,-1,6,1,50,8,-1,-1,-1,-1,-1,-1,0,-1
2024610016624,2024,610016624,2,9,0,18,19,8,4,0,0,0,0,0,0,0,1,1,2,2,1,63,9,-1,-1,-1,-1,7,W01001510,0,2
2024451531680,2024,451531680,1,1,0,-1,19,8,2,-1,0,8,5,0,0,0,1,1,-1,2,1,47,8,-1,-1,-1,-1,9,E01030802,0,1
2024211519656,2024,211519656,1,99,0,-1,19,1,5,-1,0,0,0,0,0,0,0,9,-1,6,3,20,4,-1,-1,-1,-1,-1,-1,0,-1
2024221444990,2024,221444990,2,1,0,-1,19,2,6,-1,0,8,0,0,0,0,1,1,-1,6,1,34,6,-1,-1,-1,-1,3,E01028965,0,1
2024461527692,2024,461527692,2,1,0,-1,19,7,3,-1,0,8,0,0,0,0,4,1,-1,6,1,38,7,-1,-1,-1,-1,6,E01035008,0,1
2024991475849,2024,991475849,1,9,0,-1,19,4,1,-1,0,2,1,4,7,0,3,9,-1,6,1,25,5,-1,-1,-1,-1,-1,-1,0,-1
2024010489294,2024,010489294,2,9,0,18,19,7,3,0,0,8,0,0,0,0,3,1,3,7,2,28,6,-1,-1,-1,-1,3,E01000972,0,1
2024052402424,2024,052402424,1,9,0,18,19,6,2,0,0,1,0,0,0,0,1,1,6,6,3,-1,-1,-1,-1,-1,-1,-1,-1,0,-1
2024361495183,2024,361495183,1,9,0,-1,8,4,8,-1,0,0,0,0,0,0,-1,9,-1,6,3,-1,-1,-1,-1,-1,-1,-1,-1,0,-1
2024010542991,2024,010542991,2,1,9,99,99,9,9,99,99,9,9,99,9,99,9,1,2,2,1,29,6,-1,-1,-1,-1,3,E01001489,0,1
2024010524397,2024,010524397,1,9,0,10,10,5,3,0,0,6,0,0,0,0,1,1,6,6,2,65,9,-1,-1,-1,-1,7,E01002700,0,1
2024471510018,2024,471510018,1,9,0,-1,-1,-1,-1,-1,0,1,0,0,0,0,1,9,-1,6,2,59,9,-1,-1,-1,-1,4,E01031494,0,1
2024302400041,2024,302400041,1,9,0,4,4,4,8,0,0,0,0,4,0,0,1,1,6,6,2,22,5,-1,-1,-1,-1,2,E01019483,0,1
2024010496619,2024,010496619,2,98,9,18,19,1,5,99,99,9,9,99,9,99,9,9,6,6,3,-1,-1,-1,-1,-1,-1,-1,-1,0,-1
2024052400389,2024,052400389,2,4,0,18,19,5,1,0,0,8,0,0,0,0,3,1,6,6,1,47,8,-1,-1,-1,-1,1,E01006950,0,1
2024320268938,2024,320268938,1,1,0,-1,-1,6,2,0,0,6,0,0,0,0,3,1,6,6,1,48,8,-1,-1,-1,-1,-1,-1,0,-1
2024311501989,2024,311501989,1,9,0,-1,4,6,2,-1,0,1,0,0,0,0,2,9,-1,6,2,-1,-1,-1,-1,-1,-1,-1,-1,0,-1
2024131470276,2024,131470276,1,9,0,-1,-1,-1,-1,-1,-1,8,-1,-1,-1,0,-1,1,-1,6,3,-1,-1,-1,-1,-1,-1,-1,-1,0,-1
2024010551736,2024,010551736,1,1,9,99,99,9,9,99,99,9,9,99,9,99,9,1,6,6,2,28,6,-1,-1,-1,-1,5,E01001741,0,1
2024411422338,2024,411422338,1,9,-1,-1,-1,-1,-1,-1,-1,-1,0,0,0,0,-1,9,-1,6,1,32,6,-1,-1,-1,-1,5,E01023529,0,1
2024161528698,2024,161528698,2,9,0,-1,7,4,6,-1,0,8,0,0,0,0,1,9,-1,6,3,-1,-1,-1,-1,-1,-1,-1,-1,0,-1
2024010514458,2024,010514458,1,1,9,99,99,9,9,99,99,9,9,99,9,99,9,1,2,2,1,43,7,-1,-1,-1,-1,9,E01030381,0,3
2024440110500,2024,440110500,1,22,0,7,7,3,5,0,0,8,0,0,0,0,3,1,6,6,1,87,11,-1,-1,-1,-1,1,E01022843,0,1
2024010496531,2024,010496531,1,9,0,99,99,9,9,99,99,9,9,99,9,99,1,9,1,1,1,21,5,-1,-1,-1,-1,4,E01000114,0,3
2024320227065,2024,320227065,1,9,0,-1,-1,4,8,0,0,0,0,0,1,11,1,1,-1,-1,1,22,5,-1,-1,-1,-1,6,E01026316,0,2
2024522402287,2024,522402287,2,22,0,5,5,8,4,0,0,0,0,0,0,0,4,1,6,6,2,50,8,-1,-1,-1,-1,-1,-1,0,-1
2024430605578,2024,430605578,1,9,0,18,19,4,8,0,0,8,0,0,0,0,3,1,6,6,1,30,6,-1,-1,-1,-1,-1,-1,0,-1
2024052400603,2024,052400603,1,9,0,18,19,6,2,0,0,2,0,0,0,0,1,1,6,6,3,-1,-1,-1,-1,-1,-1,-1,-1,0,-1
2024221460306,2024,221460306,1,9,0,-1,13,6,8,-1,0,0,0,0,0,0,4,9,-1,6,3,56,9,-1,-1,-1,-1,-1,-1,0,-1
2024461508460,2024,461508460,1,9,0,-1,19,5,1,-1,0,7,0,0,0,0,4,9,-1,6,3,-1,-1,-1,-1,-1,-1,-1,-1,0,-1
2024041468126,2024,041468126,2,9,0,-1,7,1,3,-1,9,0,0,0,0,0,1,1,-1,6,2,26,6,-1,-1,-1,-1,7,E01025507,0,3