collision_index,collision_year,collision_ref_no,vehicle_reference,vehicle_type,towing_and_articulation,vehicle_manoeuvre_historic,vehicle_manoeuvre,vehicle_direction_from,vehicle_direction_to,vehicle_location_restricted_lane_historic,vehicle_location_restricted_lane,junction_location,skidding_and_overturning,hit_object_in_carriageway,vehicle_leaving_carriageway,hit_object_off_carriageway,first_point_of_impact,vehicle_left_hand_drive,journey_purpose_of_driver_historic,journey_purpose_of_driver,sex_of_driver,age_of_driver,age_band_of_driver,engine_capacity_cc,propulsion_code,age_of_vehicle,generic_make_model,driver_imd_decile,lsoa_of_driver,escooter_flag,driver_distance_banding
2024610044024,2024,610044024,1,1,0,18,19,3,7,0,0,8,0,0,0,0,1,1,2,2,1,27,6,-1,-1,-1,-1,1,W01001345,0,1
2024010508773,2024,010508773,1,1,0,18,19,1,5,0,0,1,0,0,0,0,1,1,6,6,1,38,7,-1,-1,-1,-1,3,E01001982,0,1
2024141406666,2024,141406666,1,1,0,-1,5,1,5,-1,0,0,0,0,0,0,3,1,-1,9,1,38,7,-1,-1,-1,-1,7,E01007983,0,1
2024430341946,2024,430341946,1,1,0,18,19,3,7,0,0,1,0,0,0,0,3,1,4,7,1,16,4,-1,-1,-1,-1,7,E01033967,0,1
2024520401315,2024,520401315,1,9,0,9,9,1,7,0,0,8,0,0,0,0,1,1,6,6,2,36,7,-1,-1,-1,-1,4,E01029334,0,1
2024411489537,2024,411489537,2,5,0,-1,9,3,1,-1,0,3,0,0,0,0,4,1,-1,2,1,44,7,-1,-1,-1,-1,9,E01023438,0,1
2024501397148,2024,501397148,1,9,0,-1,19,3,8,-1,0,0,2,0,0,0,3,9,-1,2,1,74,10,-1,-1,-1,-1,5,E01020308,0,1
2024231407168,2024,231407168,2,1,0,-1,19,6,2,-1,0,8,0,0,1,0,1,1,-1,6,1,45,7,-1,-1,-1,-1,5,E01031309,0,1
2024161444601,2024,161444601,1,1,0,-1,19,7,3,-1,0,0,0,0,0,0,1,1,-1,6,1,52,8,-1,-1,-1,-1,1,E01012783,0,1
2024010516190,2024,010516190,2,9,0,99,99,9,9,99,99,9,9,99,9,99,1,9,6,6,3,-1,-1,-1,-1,-1,-1,-1,-1,0,-1
2024010510992,2024,010510992,1,11,9,16,19,5,1,99,99,4,9,99,9,99,4,1,6,6,3,-1,-1,-1,-1,-1,-1,-1,-1,0,-1
2024991512436,2024,991512436,2,9,0,-1,10,4,2,-1,0,0,0,0,0,0,3,1,-1,6,1,28,6,-1,-1,-1,-1,-1,-1,0,-1
2024471445597,2024,471445597,1,9,0,-1,4,7,3,-1,0,1,0,0,0,0,2,1,-1,6,1,79,11,-1,-1,-1,-1,7,E01021106,0,1
2024501414358,2024,501414358,1,9,0,-1,19,7,3,-1,0,8,0,0,0,0,1,9,-1,9,1,19,4,-1,-1,-1,-1,9,E01019937,0,1
2024161513205,2024,161513205,1,9,0,-1,19,7,3,-1,0,8,5,0,0,0,4,1,-1,6,1,30,6,-1,-1,-1,-1,1,E01013142,0,1
2024010546430,2024,010546430,2,1,0,18,19,5,1,5,5,1,0,0,0,0,4,1,6,6,1,17,4,-1,-1,-1,-1,2,E01001940,0,1
2024010500782,2024,010500782,1,1,0,7,7,8,3,0,0,2,0,0,0,0,1,1,2,2,1,37,7,-1,-1,-1,-1,2,E01003633,0,2
2024991513640,2024,991513640,2,9,0,-1,1,3,7,-1,0,2,0,0,0,0,2,1,-1,6,1,56,9,-1,-1,-1,-1,4,-1,0,1
2024430331403,2024,430331403,1,1,0,18,19,7,3,0,0,8,0,0,0,0,2,1,6,6,1,70,10,-1,-1,-1,-1,10,E01016424,0,1
2024351510726,2024,351510726,2,9,0,-1,4,1,5,-1,0,0,0,0,1,4,2,1,-1,2,1,56,9,-1,-1,-1,-1,8,E01027044,0,3
2024010530634,2024,010530634,2,90,4,99,99,9,9,0,0,1,9,0,0,0,9,1,6,6,3,-1,-1,-1,-1,-1,-1,-1,-1,0,-1
2024430397787,2024,430397787,1,19,0,18,19,5,1,0,0,0,0,0,0,0,1,1,6,6,1,77,11,-1,-1,-1,-1,5,E01028636,0,1
2024010494221,2024,010494221,2,9,0,16,19,5,7,0,0,1,0,0,0,0,1,1,6,6,3,-1,-1,-1,-1,-1,-1,-1,-1,0,-1
2024070510728,2024,070510728,1,9,0,4,4,1,4,0,0,0,0,0,0,0,4,1,6,6,2,82,11,-1,-1,-1,-1,10,E01005787,0,1
2024131398911,2024,131398911,1,98,0,-1,5,2,6,-1,0,8,0,0,0,0,1,1,-1,6,1,-1,-1,-1,-1,-1,-1,-1,-1,0,-1
2024010543717,2024,010543717,1,1,0,18,19,7,3,0,0,0,5,0,0,0,1,1,4,7,1,11,3,-1,-1,-1,-1,3,E01000889,0,1
2024010524623,2024,010524623,1,1,3,18,19,7,3,0,0,8,0,0,0,0,1,1,6,6,1,56,9,-1,-1,-1,-1,2,E01001202,0,1
2024010495424,2024,010495424,2,8,0,99,99,9,9,99,99,9,9,99,9,99,1,9,6,6,3,-1,-1,-1,-1,-1,-1,-1,-1,0,-1
2024010497957,2024,010497957,1,9,0,99,99,9,9,99,99,9,9,99,9,99,9,9,6,6,3,-1,-1,-1,-1,-1,-1,-1,-1,0,-1
2024061407537,2024,061407537,1,9,-1,-1,-1,-1,-1,-1,-1,-1,-1,-1,-1,0,-1,1,-1,6,1,-1,-1,-1,-1,-1,-1,-1,-1,0,-1
2024201476764,2024,201476764,3,9,0,-1,3,6,2,-1,0,0,0,0,0,0,3,9,-1,6,3,-1,-1,-1,-1,-1,-1,-1,-1,0,-1
2024211493596,2024,211493596,2,1,0,-1,19,2,6,-1,0,4,0,0,0,0,2,1,-1,6,1,58,9,-1,-1,-1,-1,8,E01029742,0,2
2024320661963,2024,320661963,1,8,0,9,9,2,8,0,0,6,0,0,0,0,1,1,1,1,3,-1,-1,-1,-1,-1,-1,-1,-1,0,-1
2024010494254,2024,010494254,2,9,9,99,99,9,9,99,99,9,9,99,9,99,9,9,6,6,3,-1,-1,-1,-1,-1,-1,-1,-1,0,-1
2024471435181,2024,471435181,1,1,0,-1,4,6,3,-1,0,1,0,0,0,0,1,1,-1,9,2,41,7,-1,-1,-1,-1,5,E01016989,0,1
2024111441088,2024,111441088,1,99,0,-1,9,6,4,-1,0,6,0,0,0,0,0,9,-1,6,3,30,6,-1,-1,-1,-1,-1,-1,0,-1
2024320009809,2024,320009809,1,9,0,18,19,2,6,0,0,1,0,0,0,0,1,1,6,6,2,56,9,-1,-1,-1,-1,3,E01034679,0,1
2024332400317,2024,332400317,1,1,0,-1,19,9,9,-1,0,0,0,0,0,0,1,1,-1,6,3,-1,-1,-1,-1,-1,-1,-1,-1,0,-1
2024141437699,2024,141437699,2,1,0,-1,19,6,2,-1,0,8,0,0,0,0,1,1,-1,6,1,20,4,-1,-1,-1,-1,10,E01028711,0,5
2024052401745,2024,052401745,2,1,0,18,19,1,6,0,0,8,0,0,0,0,1,1,6,6,2,25,5,-1,-1,-1,-1,1,E01007220,0,1
2024201456278,2024,201456278,1,19,0,-1,19,4,8,-1,0,0,0,0,0,0,4,1,-1,6,-1,-1,-1,-1,-1,-1,-1,-1,-1,0,-1
2024461474347,2024,461474347,1,9,0,-1,19,7,3,-1,0,0,5,0,1,0,0,1,-1,1,2,58,9,-1,-1,-1,-1,6,E01024067,0,4
2024052401238,2024,052401238,1,9,0,5,5,5,1,0,0,1,0,0,0,0,1,1,6,6,3,-1,-1,-1,-1,-1,-1,-1,-1,0,-1
2024010496136,2024,010496136,2,9,0,99,99,9,9,99,99,6,9,99,9,99,9,9,6,6,3,-1,-1,-1,-1,-1,-1,-1,-1,0,-1
2024991403035,2024,991403035,1,9,0,-1,19,1,5,-1,0,0,5,0,7,4,1,1,-1,9,1,17,4,-1,-1,-1,-1,7,-1,0,2
2024010541626,2024,010541626,1,1,0,99,99,9,9,0,0,1,0,0,0,0,0,1,2,2,1,43,7,-1,-1,-1,-1,1,E01000105,0,1
2024201473650,2024,201473650,2,-1,0,-1,19,6,2,-1,9,1,0,0,0,0,2,9,-1,6,1,-1,-1,-1,-1,-1,-1,-1,-1,1,-1
2024430449909,2024,430449909,1,1,0,9,9,1,7,0,0,5,0,0,0,0,1,1,6,6,1,17,4,-1,-1,-1,-1,4,E01016421,0,2
2024361507846,2024,361507846,1,9,0,-1,19,3,7,-1,0,0,0,0,0,0,1,1,-1,6,3,-1,-1,-1,-1,-1,-1,-1,-1,0,-1
2024010487499,2024,010487499,1,21,1,3,3,3,7,0,0,8,0,0,0,0,1,1,1,1,1,43,7,-1,-1,-1,-1,4,E01034369,0,4
2024010516981,2024,010516981,1,1,9,99,99,9,9,99,99,0,9,99,9,99,1,1,2,2,1,45,7,-1,-1,-1,-1,9,E01030666,0,4
2024471484324,2024,471484324,1,1,0,-1,19,-1,-1,-1,4,1,0,8,2,11,1,1,-1,9,1,34,6,-1,-1,-1,-1,2,E01017011,0,2
2024010532467,2024,010532467,2,9,0,2,2,9,9,99,99,9,9,99,9,99,9,9,6,6,3,-1,-1,-1,-1,-1,-1,10,W01001036,0,5
2024320097724,2024,320097724,2,9,0,-1,-1,1,5,0,0,0,0,0,0,0,1,1,6,6,1,41,7,-1,-1,-1,-1,7,E01026412,0,2
2024461400461,2024,461400461,1,9,0,-1,19,1,1,-1,0,0,0,0,0,0,2,9,-1,2,1,61,9,-1,-1,-1,-1,9,E01000647,0,3
2024010548035,2024,010548035,2,9,3,18,19,3,7,0,0,0,0,0,0,0,1,1,6,6,3,23,5,-1,-1,-1,-1,-1,-1,0,-1
2024010489353,2024,010489353,2,9,0,5,5,1,5,0,0,8,0,0,0,0,1,1,2,2,1,23,5,-1,-1,-1,-1,4,E01003602,0,1
2024440197139,2024,440197139,2,9,0,4,4,8,4,0,0,8,0,0,0,0,2,1,6,6,2,20,4,-1,-1,-1,-1,7,E01022938,0,2
2024010503633,2024,010503633,1,9,0,99,99,9,9,99,99,9,9,99,9,99,2,9,6,6,1,36,7,-1,-1,-1,-1,2,E01003267,0,2
2024010493392,2024,010493392,1,3,0,99,99,9,9,99,99,9,9,99,9,99,1,1,1,1,3,20,4,-1,-1,-1,-1,3,E01001446,0,3
2024361424528,2024,361424528,2,9,0,-1,19,5,4,-1,0,0,1,0,7,6,1,9,-1,6,1,75,10,-1,-1,-1,-1,4,E01030263,0,2
2024010539007,2024,010539007,2,1,0,18,19,1,5,0,0,0,0,0,0,0,1,1,6,6,1,11,3,-1,-1,-1,-1,2,E01002314,0,1
2024332400415,2024,332400415,1,9,0,-1,19,1,5,-1,0,8,0,0,1,2,1,1,-1,9,2,32,6,-1,-1,-1,-1,8,E01025864,0,1
2024991524611,2024,991524611,1,90,0,-1,5,3,5,-1,0,0,0,0,0,0,1,9,-1,9,1,10,2,-1,-1,-1,-1,-1,-1,0,-1
2024101433783,2024,101433783,1,9,0,-1,19,3,7,-1,0,1,0,0,0,0,4,9,-1,1,1,54,8,-1,-1,-1,-1,-1,-1,0,-1
2024010525573,2024,010525573,2,1,0,18,19,1,5,0,0,3,0,0,0,0,2,1,6,6,1,57,9,-1,-1,-1,-1,9,E01004135,0,1
2024471461578,2024,471461578,2,19,0,-1,19,-1,-1,-1,0,1,0,0,0,0,0,1,-1,6,3,-1,-1,-1,-1,-1,-1,-1,-1,0,-1
2024011563928,2024,011563928,1,1,0,-1,19,5,1,-1,0,0,0,0,0,0,1,1,-1,2,1,42,7,-1,-1,-1,-1,-1,-1,0,-1
2024332400448,2024,332400448,2,1,0,-1,19,5,1,-1,0,2,0,0,0,0,1,1,-1,6,1,63,9,-1,-1,-1,-1,2,E01031074,0,2
2024010544112,2024,010544112,2,9,0,9,9,1,7,0,0,2,0,0,0,0,3,1,2,2,2,32,6,-1,-1,-1,-1,4,E01000788,0,1
2024461433726,2024,461433726,4,9,0,-1,-1,-1,-1,-1,-1,2,-1,-1,-1,0,-1,9,-1,9,3,-1,-1,-1,-1,-1,-1,-1,-1,0,-1
2024010533441,2024,010533441,1,9,0,99,99,9,9,99,99,6,9,99,9,99,9,9,6,6,3,-1,-1,-1,-1,-1,-1,-1,-1,0,-1
2024631495546,2024,631495546,2,9,0,-1,19,3,7,-1,0,0,0,0,0,0,1,1,-1,6,1,36,7,-1,-1,-1,-1,5,W01000426,0,1
2024161460568,2024,161460568,1,-1,0,-1,9,4,2,-1,4,1,0,0,0,0,3,1,-1,6,1,13,3,-1,-1,-1,-1,1,E01012857,1,1
2024141422497,2024,141422497,2,1,0,-1,19,1,5,-1,0,1,0,0,0,0,2,1,-1,2,1,28,6,-1,-1,-1,-1,1,E01007597,0,1
2024451526230,2024,451526230,2,9,0,-1,7,7,3,-1,0,0,1,99,0,0,3,1,-1,6,2,-1,-1,-1,-1,-1,-1,-1,-1,0,-1
2024991497081,2024,991497081,1,19,0,-1,19,3,7,-1,0,2,0,0,0,0,2,1,-1,9,1,59,9,-1,-1,-1,-1,8,-1,0,5
2024122400486,2024,122400486,1,9,0,9,9,7,8,0,0,6,0,0,1,10,3,1,2,2,1,59,9,-1,-1,-1,-1,9,E01012158,0,3
2024991511745,2024,991511745,1,9,0,-1,19,2,6,-1,0,0,0,0,0,0,1,1,-1,9,2,45,7,-1,-1,-1,-1,5,-1,0,2
2024010489033,2024,010489033,2,9,0,2,2,0,0,0,0,2,0,0,0,0,3,1,6,6,3,-1,-1,-1,-1,-1,-1,-1,-1,0,-1
2024430276071,2024,430276071,2,5,0,18,19,8,4,0,0,0,0,0,0,0,3,1,6,6,1,35,6,-1,-1,-1,-1,3,E01017605,0,3
2024010497371,2024,010497371,2,9,9,99,99,9,9,99,99,9,9,99,9,99,9,9,6,6,3,-1,-1,-1,-1,-1,-1,-1,-1,0,-1
2024101501468,2024,101501468,2,1,0,-1,19,5,1,-1,0,0,5,0,0,0,1,1,-1,9,1,25,5,-1,-1,-1,-1,-1,-1,0,-1
2024101429166,2024,101429166,1,9,0,-1,19,1,5,-1,0,0,0,0,0,0,1,9,-1,6,2,-1,-1,-1,-1,-1,-1,-1,-1,0,-1
2024552400820,2024,552400820,1,9,0,18,19,3,7,0,0,8,0,4,0,0,4,1,6,6,2,73,10,-1,-1,-1,-1,10,E01017786,0,5
2024361431886,2024,361431886,2,1,0,-1,19,8,5,-1,0,3,0,0,0,0,1,1,-1,1,1,42,7,-1,-1,-1,-1,8,E01026938,0,3
2024010516792,2024,010516792,2,1,9,18,19,9,9,99,99,0,9,99,9,99,9,1,6,6,1,-1,-1,-1,-1,-1,-1,-1,-1,0,-1
2024430602030,2024,430602030,1,9,0,7,7,6,8,0,0,6,0,0,0,0,1,1,6,6,1,47,8,-1,-1,-1,-1,-1,-1,0,-1
2024061460438,2024,061460438,1,9,0,-1,19,7,3,-1,0,2,0,0,0,0,1,9,-1,6,3,-1,-1,-1,-1,-1,-1,-1,-1,0,-1
2024010497237,2024,010497237,1,11,0,5,5,3,7,0,0,6,0,0,0,0,0,1,1,1,1,52,8,-1,-1,-1,-1,3,E01000024,0,1
2024430226304,2024,430226304,1,1,0,18,19,5,1,0,0,0,0,0,0,0,3,1,6,6,1,9,2,-1,-1,-1,-1,-1,-1,0,-1
202454D780524,2024,54D780524,2,9,0,16,19,7,1,0,0,8,0,0,0,0,4,1,2,2,1,58,9,-1,-1,-1,-1,2,E01015539,0,1
2024471445728,2024,471445728,1,9,0,-1,19,-1,-1,-1,99,9,0,0,0,0,1,1,-1,6,3,-1,-1,-1,-1,-1,-1,-1,-1,0,-1
2024991454270,2024,991454270,2,1,0,-1,7,5,7,-1,0,1,0,0,0,0,1,1,-1,6,1,51,8,-1,-1,-1,-1,8,-1,0,1
2024201500483,2024,201500483,2,1,0,-1,19,1,5,-1,0,8,0,0,0,0,1,1,-1,6,1,17,4,-1,-1,-1,-1,1,E01008979,0,1
2024221463005,2024,221463005,2,9,0,-1,19,5,2,-1,0,8,0,0,0,0,1,1,-1,2,1,46,8,-1,-1,-1,-1,8,E01032446,0,1
2024010502048,2024,010502048,1,97,0,18,19,7,3,0,0,0,0,0,0,0,1,1,6,6,3,-1,-1,-1,-1,-1,-1,-1,-1,0,-1
2024610014824,2024,610014824,2,9,0,18,19,5,8,0,0,3,0,0,0,0,1,1,6,6,1,32,6,-1,-1,-1,-1,5,W01001671,0,3
2024520401122,2024,520401122,1,9,0,18,19,7,3,0,0,0,1,0,7,10,4,1,6,6,2,38,7,-1,-1,-1,-1,6,E01029195,0,1
2024161409603,2024,161409603,3,-1,0,-1,19,8,4,-1,0,0,0,0,0,0,3,1,-1,6,1,17,4,-1,-1,-1,-1,2,E01035481,1,1
2024010545243,2024,010545243,1,9,0,99,99,9,9,99,99,9,9,99,9,99,9,9,6,6,3,-1,-1,-1,-1,-1,-1,-1,-1,0,-1
2024010494862,2024,010494862,1,19,0,1,1,5,1,0,0,2,0,0,0,0,2,1,1,1,1,62,9,-1,-1,-1,-1,6,E01000663,0,3
2024010517359,2024,010517359,2,9,0,99,99,9,9,99,99,9,9,99,9,99,1,9,6,6,3,-1,-1,-1,-1,-1,-1,3,E01034474,0,4
2024101536194,2024,101536194,2,1,0,-1,19,7,3,-1,0,4,0,0,0,0,1,1,-1,6,1,15,3,-1,-1,-1,-1,4,E01008640,0,1
2024010508676,2024,010508676,1,1,9,99,99,9,9,99,99,9,9,99,9,99,9,1,2,2,1,46,8,-1,-1,-1,-1,3,E01004063,0,2
2024201490566,2024,201490566,2,1,0,-1,19,6,2,-1,0,0,0,0,0,0,1,1,-1,6,1,12,3,-1,-1,-1,-1,1,E01010131,0,1
2024201468269,2024,201468269,2,9,0,-1,3,2,6,-1,0,0,0,0,0,0,2,9,-1,9,2,29,6,-1,-1,-1,-1,1,E01009212,0,1
2024461447745,2024,461447745,3,9,0,-1,19,2,5,-1,0,0,0,1,0,0,3,1,-1,2,1,62,9,-1,-1,-1,-1,7,E01024380,0,2
2024522402312,2024,522402312,1,1,0,18,19,1,5,0,0,1,0,0,0,0,1,1,6,6,1,29,6,-1,-1,-1,-1,8,E01014514,0,1
2024481563912,2024,481563912,1,19,0,-1,1,3,7,-1,0,0,0,0,0,0,2,1,-1,1,2,32,6,-1,-1,-1,-1,-1,-1,0,-1
2024531501554,2024,531501554,2,9,0,-1,19,1,5,-1,0,0,0,0,0,0,2,1,-1,9,1,26,6,-1,-1,-1,-1,8,E01034800,0,1
2024211436046,2024,211436046,2,9,0,-1,19,5,1,-1,0,0,0,0,0,0,1,1,-1,6,2,-1,-1,-1,-1,-1,-1,9,E01029816,0,2
2024111450692,2024,111450692,2,5,0,-1,19,5,1,-1,0,0,0,0,0,0,1,1,-1,9,1,56,9,-1,-1,-1,-1,2,E01012216,0,3
2024010512870,2024,010512870,1,1,9,99,99,9,9,99,99,9,9,99,9,99,1,1,6,6,1,27,6,-1,-1,-1,-1,8,E01004508,0,1
2024351490972,2024,351490972,2,1,-1,-1,19,1,3,-1,0,8,0,0,0,0,4,1,-1,6,1,23,5,-1,-1,-1,-1,7,E01018264,0,1
2024010536751,2024,010536751,1,9,0,9,9,5,2,0,0,6,0,0,0,0,1,1,1,1,1,32,6,-1,-1,-1,-1,10,E01024272,0,4
2024131527893,2024,131527893,1,1,0,-1,-1,-1,-1,-1,-1,8,-1,-1,-1,0,4,1,-1,9,1,60,9,-1,-1,-1,-1,1,E01010814,0,1
2024010546101,2024,010546101,2,1,0,5,5,3,7,0,0,8,0,0,0,0,3,1,2,2,1,54,8,-1,-1,-1,-1,1,E01033650,0,5
2024010550466,2024,010550466,2,1,0,9,9,5,3,0,0,8,0,0,0,0,1,1,6,6,2,26,6,-1,-1,-1,-1,4,E01003264,0,3
2024361454318,2024,361454318,2,1,0,-1,19,2,6,-1,0,2,0,0,0,0,2,1,-1,9,1,14,3,-1,-1,-1,-1,1,E01026624,0,1
2024351431773,2024,351431773,2,1,0,-1,3,-1,-1,-1,0,0,0,0,0,0,3,1,-1,6,1,25,5,-1,-1,-1,-1,6,E01017997,0,1
2024141418753,2024,141418753,1,9,0,-1,9,1,7,-1,0,1,0,0,0,0,3,1,-1,9,2,25,5,-1,-1,-1,-1,4,E01007699,0,2
2024010489072,2024,010489072,1,1,9,99,99,9,9,99,99,9,9,8,9,99,1,1,6,6,1,35,6,-1,-1,-1,-1,5,E01000973,0,1
2024010497231,2024,010497231,1,11,0,5,5,1,5,0,0,0,0,0,0,0,0,1,1,1,1,52,8,-1,-1,-1,-1,4,E01000035,0,3
2024052402526,2024,052402526,1,9,0,5,5,4,8,0,0,0,0,0,0,0,1,1,6,6,3,-1,-1,-1,-1,-1,-1,-1,-1,0,-1
2024010544693,2024,010544693,2,9,0,99,99,9,9,99,99,9,9,99,9,99,9,9,6,6,3,-1,-1,-1,-1,-1,-1,-1,-1,0,-1
2024421423778,2024,421423778,1,4,0,-1,19,3,7,-1,0,0,0,0,0,0,1,1,-1,9,1,21,5,-1,-1,-1,-1,5,E01021822,0,4
2024052402459,2024,052402459,2,1,0,18,19,1,5,0,0,1,0,0,0,0,2,1,6,6,1,20,4,-1,-1,-1,-1,2,E01006535,0,1
2024010535225,2024,010535225,1,1,9,99,99,9,9,99,99,9,9,99,9,99,0,1,6,6,2,34,6,-1,-1,-1,-1,10,E01003851,0,1
2024451493585,2024,451493585,2,98,0,-1,-1,-1,-1,-1,-1,0,-1,-1,-1,0,-1,9,-1,6,3,-1,-1,-1,-1,-1,-1,-1,-1,0,-1
2024010547861,2024,010547861,2,1,9,99,99,9,9,99,99,9,9,99,9,99,1,1,2,2,1,34,6,-1,-1,-1,-1,9,E01026570,0,5
2024440262102,2024,440262102,1,9,0,9,9,3,1,0,0,5,0,0,0,0,4,1,6,6,2,21,5,-1,-1,-1,-1,8,E01032605,0,1
2024010490695,2024,010490695,2,9,0,18,19,1,5,0,0,8,0,0,0,0,1,1,6,6,1,49,8,-1,-1,-1,-1,2,E01001773,0,1
2024010529378,2024,010529378,1,1,9,99,99,9,9,99,99,1,9,99,9,99,9,1,6,6,1,19,4,-1,-1,-1,-1,2,E01001702,0,1
2024010528160,2024,010528160,2,1,0,18,19,1,5,0,0,8,5,0,0,0,2,1,6,6,1,38,7,-1,-1,-1,-1,8,E01015965,0,4
2024311469028,2024,311469028,2,1,0,-1,19,3,7,-1,0,2,0,0,0,0,4,1,-1,6,2,37,7,-1,-1,-1,-1,5,E01028022,0,1
2024061450213,2024,061450213,2,11,0,-1,12,-1,-1,-1,0,0,0,0,0,0,3,1,-1,6,3,-1,-1,-1,-1,-1,-1,-1,-1,0,-1
2024991454572,2024,991454572,1,9,0,-1,19,1,5,-1,0,0,0,0,4,6,1,1,-1,9,1,34,6,-1,-1,-1,-1,4,-1,0,4
2024451502233,2024,451502233,2,1,0,-1,5,3,7,-1,0,8,0,0,0,0,4,1,-1,2,1,34,6,-1,-1,-1,-1,10,E01030925,0,1
2024061522319,2024,061522319,1,4,0,-1,19,1,7,-1,0,0,0,0,0,0,3,1,-1,6,1,57,9,-1,-1,-1,-1,3,E01005760,0,1
2024010493787,2024,010493787,1,9,0,7,7,7,1,0,0,5,0,0,0,0,4,1,1,1,1,34,6,-1,-1,-1,-1,6,E01003437,0,3
2024501474876,2024,501474876,1,9,0,-1,19,4,8,-1,0,0,2,0,2,3,4,1,-1,9,1,21,5,-1,-1,-1,-1,4,E01020314,0,4
2024552400928,2024,552400928,2,23,0,18,19,4,8,0,0,8,0,0,0,0,1,1,6,6,1,16,4,-1,-1,-1,-1,7,E01020513,0,1
2024052402284,2024,052402284,1,9,0,18,19,3,7,0,0,4,0,0,0,0,1,1,2,2,1,58,9,-1,-1,-1,-1,1,E01034834,0,1
2024010523719,2024,010523719,1,1,0,18,19,1,5,0,0,8,0,0,0,0,4,1,2,2,2,30,6,-1,-1,-1,-1,5,E01003247,0,1
2024010541868,2024,010541868,1,9,0,18,19,2,6,0,0,3,0,0,0,0,3,1,6,6,3,-1,-1,-1,-1,-1,-1,-1,-1,0,-1
2024010501017,2024,010501017,2,9,9,99,99,9,9,99,99,9,9,99,9,99,9,9,6,6,3,-1,-1,-1,-1,-1,-1,-1,-1,0,-1
202417M109524,2024,17M109524,1,1,0,-1,19,2,6,-1,0,8,0,0,0,0,2,1,-1,2,1,55,8,-1,-1,-1,-1,1,E01012111,0,2
2024010490377,2024,010490377,1,1,9,99,99,9,9,99,99,9,9,99,9,99,2,1,6,6,1,27,6,-1,-1,-1,-1,2,E01003918,0,1
2024440262590,2024,440262590,2,9,0,7,7,5,3,0,0,6,0,0,0,0,1,1,6,6,3,-1,-1,-1,-1,-1,-1,-1,-1,0,-1
2024010492623,2024,010492623,2,9,0,99,99,9,9,99,99,9,9,99,9,99,9,9,6,6,3,-1,-1,-1,-1,-1,-1,-1,-1,0,-1
2024522500434,2024,522500434,2,19,4,7,7,5,7,0,0,5,0,0,0,0,4,1,6,6,3,-1,-1,-1,-1,-1,-1,-1,-1,0,-1
2024010559230,2024,010559230,2,9,0,99,99,9,9,99,99,9,9,99,9,99,9,9,6,6,3,-1,-1,-1,-1,-1,-1,8,E01002813,0,1
202454A735224,2024,54A735224,2,9,0,17,19,7,4,0,0,0,0,0,0,0,1,1,6,6,1,31,6,-1,-1,-1,-1,4,E01032113,0,1
2024131401004,2024,131401004,2,9,0,-1,13,1,5,-1,0,0,0,0,0,0,-1,1,-1,6,3,-1,-1,-1,-1,-1,-1,-1,-1,0,-1
2024010491485,2024,010491485,1,9,0,18,19,5,1,9,9,5,0,0,7,0,1,1,6,6,1,33,6,-1,-1,-1,-1,3,E01001796,0,1
2024440109771,2024,440109771,1,19,0,18,19,8,4,0,0,0,0,0,0,0,1,1,1,1,3,-1,-1,-1,-1,-1,-1,-1,-1,0,-1
2024010514741,2024,010514741,2,1,0,18,19,1,5,0,0,0,0,0,0,0,2,1,6,6,1,39,7,-1,-1,-1,-1,2,E01003509,0,2
2024010522092,2024,010522092,2,19,9,99,99,9,9,99,99,0,9,99,9,99,4,1,6,6,3,-1,-1,-1,-1,-1,-1,6,E01017674,0,4
2024461530192,2024,461530192,3,98,1,-1,19,6,2,-1,0,1,0,0,0,0,1,1,-1,6,-1,30,6,-1,-1,-1,-1,-1,-1,0,-1
2024010492861,2024,010492861,2,9,0,9,9,7,5,0,0,9,0,99,0,0,9,1,6,6,1,33,6,-1,-1,-1,-1,10,E01030416,0,4
2024131433710,2024,131433710,2,1,0,-1,5,2,2,-1,0,2,0,0,0,0,2,1,-1,9,1,13,3,-1,-1,-1,-1,2,E01011321,0,1
2024010494700,2024,010494700,2,9,0,18,19,1,5,0,0,8,0,0,0,0,1,2,2,2,1,24,5,-1,-1,-1,-1,7,E01002216,0,2
2024101442003,2024,101442003,1,1,0,-1,19,2,6,-1,0,8,5,0,0,0,1,1,-1,6,1,-1,-1,-1,-1,-1,-1,-1,-1,0,-1
2024010520199,2024,010520199,1,1,0,7,7,2,4,0,0,8,0,0,1,0,1,1,6,6,1,32,6,-1,-1,-1,-1,4,E01002796,0,1
2024520001798,2024,520001798,1,1,0,18,19,8,5,0,0,0,0,0,0,0,9,1,6,6,1,26,6,-1,-1,-1,-1,4,E01014401,0,1
2024161452808,2024,161452808,2,9,0,-1,7,5,8,-1,0,1,0,0,0,0,1,9,-1,6,1,-1,-1,-1,-1,-1,-1,-1,-1,0,-1
2024351423618,2024,351423618,2,1,0,-1,19,5,1,-1,4,8,0,0,3,0,3,1,-1,2,1,25,5,-1,-1,-1,-1,10,E01018234,0,2
2024010527549,2024,010527549,2,1,9,99,99,9,9,99,99,9,9,99,9,99,1,1,6,6,1,-1,-1,-1,-1,-1,-1,3,E01003124,0,1
2024201444455,2024,201444455,2,9,0,-1,19,4,8,-1,0,0,0,0,0,0,3,1,-1,9,1,43,7,-1,-1,-1,-1,3,E01014159,0,4
2024440338378,2024,440338378,1,-1,0,18,19,3,7,0,0,8,0,0,0,0,3,1,6,6,1,14,3,-1,-1,-1,-1,8,E01017175,1,1
2024311411721,2024,311411721,2,1,0,-1,19,1,5,-1,0,0,0,0,0,0,1,1,-1,6,1,34,6,-1,-1,-1,-1,-1,-1,0,-1
2024010494814,2024,010494814,1,3,0,99,99,9,9,99,99,9,9,99,9,99,9,1,6,6,1,29,6,-1,-1,-1,-1,3,E01002774,0,2
2024340WN0872,2024,340WN0872,2,9,0,-1,3,6,2,-1,0,0,0,0,7,0,2,1,-1,6,2,51,8,-1,-1,-1,-1,8,E01032792,0,4
2024440539544,2024,440539544,1,1,0,10,10,6,4,0,0,8,0,0,0,0,2,1,2,2,1,32,6,-1,-1,-1,-1,4,E01023260,0,2