collision_index,collision_year,collision_ref_no,vehicle_reference,vehicle_type,towing_and_articulation,vehicle_manoeuvre_historic,vehicle_manoeuvre,vehicle_direction_from,vehicle_direction_to,vehicle_location_restricted_lane_historic,vehicle_location_restricted_lane,junction_location,skidding_and_overturning,hit_object_in_carriageway,vehicle_leaving_carriageway,hit_object_off_carriageway,first_point_of_impact,vehicle_left_hand_drive,journey_purpose_of_driver_historic,journey_purpose_of_driver,sex_of_driver,age_of_driver,age_band_of_driver,engine_capacity_cc,propulsion_code,age_of_vehicle,generic_make_model,driver_imd_decile,lsoa_of_driver,escooter_flag,driver_distance_banding
2024010543365,2024,010543365,1,1,0,15,15,5,1,0,0,1,0,4,0,0,1,1,6,6,1,58,9,-1,-1,-1,-1,9,E01004387,0,1
2024041442900,2024,041442900,1,9,0,-1,19,4,3,-1,0,1,0,0,0,0,1,1,-1,6,1,37,7,-1,-1,-1,-1,6,E01025608,0,2
2024010517926,2024,010517926,1,-1,0,18,19,1,5,0,0,0,0,0,0,0,0,1,6,6,1,21,5,-1,-1,-1,-1,4,E01034616,1,3
2024211520448,2024,211520448,4,9,5,-1,2,5,1,-1,-1,0,0,4,0,0,2,1,-1,9,1,58,9,-1,-1,-1,-1,-1,-1,0,-1
2024010496664,2024,010496664,2,9,0,99,99,9,9,99,99,9,9,99,0,0,2,9,6,6,3,-1,-1,-1,-1,-1,-1,-1,-1,0,-1
2024501522523,2024,501522523,1,9,0,-1,19,4,8,-1,0,0,0,0,0,0,1,9,-1,6,3,-1,-1,-1,-1,-1,-1,-1,-1,0,-1
2024520401474,2024,520401474,1,9,0,18,19,1,5,0,0,0,0,0,0,0,3,1,6,6,2,28,6,-1,-1,-1,-1,2,E01029112,0,3
2024070228858,2024,070228858,3,9,0,18,19,4,8,0,0,1,0,0,0,0,1,1,3,7,1,71,10,-1,-1,-1,-1,5,E01018532,0,3
2024161498910,2024,161498910,1,21,4,-1,4,8,4,-1,0,0,0,0,0,0,2,1,-1,1,1,60,9,-1,-1,-1,-1,4,E01012986,0,4
2024010535430,2024,010535430,2,90,0,18,19,5,1,0,0,0,0,0,0,0,3,1,6,6,1,29,6,-1,-1,-1,-1,-1,-1,0,-1
2024631533583,2024,631533583,1,9,0,-1,14,5,1,-1,0,0,0,0,0,0,4,1,-1,1,1,60,9,-1,-1,-1,-1,-1,-1,0,-1
2024101410849,2024,101410849,1,23,0,-1,19,5,1,-1,0,1,1,0,1,0,1,1,-1,6,1,14,3,-1,-1,-1,-1,8,E01008235,0,1
2024461437182,2024,461437182,2,9,0,-1,19,7,3,-1,0,1,2,0,7,0,1,1,-1,6,1,40,7,-1,-1,-1,-1,2,E01023973,0,3
2024061457727,2024,061457727,1,9,0,-1,19,1,5,-1,0,1,0,0,0,0,1,1,-1,9,2,73,10,-1,-1,-1,-1,5,E01005648,0,1
2024610043124,2024,610043124,1,8,0,18,19,3,7,0,0,0,0,0,0,0,1,1,1,1,3,-1,-1,-1,-1,-1,-1,-1,-1,0,-1
2024010492586,2024,010492586,2,9,0,6,6,5,5,0,0,0,0,0,0,0,1,1,6,6,1,23,5,-1,-1,-1,-1,3,E01000138,0,1
202454C912924,2024,54C912924,1,9,0,16,19,1,3,0,0,0,0,0,0,0,0,1,6,6,3,-1,-1,-1,-1,-1,-1,-1,-1,0,-1
2024522402047,2024,522402047,2,1,0,18,19,3,7,0,0,8,0,0,0,0,1,1,6,6,1,52,8,-1,-1,-1,-1,7,E01014712,0,3
2024010509914,2024,010509914,2,1,0,18,19,7,3,0,0,6,0,0,0,0,4,1,6,6,1,27,6,-1,-1,-1,-1,-1,-1,0,-1
2024440457942,2024,440457942,1,90,0,18,19,1,5,0,0,8,0,0,0,0,1,1,6,6,1,37,7,-1,-1,-1,-1,2,E01017266,0,1
2024010536254,2024,010536254,1,1,9,99,99,9,9,99,99,0,9,8,9,99,2,1,6,6,1,26,6,-1,-1,-1,-1,2,E01003243,0,1
2024010495515,2024,010495515,1,3,9,99,99,9,9,99,99,1,9,99,9,99,2,1,2,2,1,23,5,-1,-1,-1,-1,4,E01000618,0,1
2024340NN2462,2024,340NN2462,1,9,0,-1,11,3,7,-1,0,0,0,0,0,0,0,1,-1,6,3,-1,-1,-1,-1,-1,-1,-1,-1,0,-1
2024430597354,2024,430597354,1,9,0,7,7,4,8,0,0,5,0,0,0,0,4,1,6,6,3,-1,-1,-1,-1,-1,-1,-1,-1,0,-1
2024311428669,2024,311428669,2,9,-1,-1,19,1,5,-1,0,0,0,0,0,0,0,9,-1,6,3,-1,-1,-1,-1,-1,-1,-1,-1,0,-1
2024421449254,2024,421449254,1,11,0,-1,5,7,3,-1,0,0,0,0,0,0,4,1,-1,1,1,42,7,-1,-1,-1,-1,4,E01015871,0,3
2024430289248,2024,430289248,2,1,0,18,19,6,2,9,9,8,0,0,0,0,1,1,6,6,2,-1,-1,-1,-1,-1,-1,-1,-1,0,-1
2024010487359,2024,010487359,2,9,0,99,99,9,9,0,0,9,9,99,9,99,1,9,6,6,3,-1,-1,-1,-1,-1,-1,-1,-1,0,-1
2024221462682,2024,221462682,2,1,0,-1,19,5,1,-1,0,8,0,0,0,0,1,1,-1,6,2,28,6,-1,-1,-1,-1,7,E01009067,0,2
2024501412486,2024,501412486,1,9,9,-1,19,-1,-1,-1,0,1,0,0,0,0,1,9,-1,2,2,-1,-1,-1,-1,-1,-1,-1,-1,0,-1
2024010497091,2024,010497091,2,9,0,4,4,2,6,0,0,0,0,0,0,0,1,1,6,6,1,30,6,-1,-1,-1,-1,4,E01004380,0,1
2024451459752,2024,451459752,2,97,0,-1,19,5,1,-1,0,1,0,0,0,0,3,1,-1,6,1,71,10,-1,-1,-1,-1,9,E01030532,0,1
2024371423444,2024,371423444,2,1,0,-1,19,1,5,-1,0,8,0,0,0,0,4,1,-1,6,1,42,7,-1,-1,-1,-1,5,E01030130,0,1
2024991511714,2024,991511714,1,9,0,-1,19,6,2,-1,0,0,2,0,0,0,4,1,-1,2,2,37,7,-1,-1,-1,-1,3,-1,0,3
2024010523139,2024,010523139,1,9,9,99,99,9,9,99,99,9,9,99,9,99,9,9,6,6,3,-1,-1,-1,-1,-1,-1,-1,-1,0,-1
2024010489887,2024,010489887,2,9,0,99,99,9,9,99,99,9,9,99,9,99,1,9,6,6,3,-1,-1,-1,-1,-1,-1,-1,-1,0,-1
2024991464417,2024,991464417,1,97,0,-1,14,7,3,-1,0,1,0,0,0,0,1,1,-1,9,1,48,8,-1,-1,-1,-1,-1,-1,0,-1
2024061455490,2024,061455490,1,1,0,-1,19,-1,-1,-1,0,0,0,0,0,0,3,1,-1,2,1,55,8,-1,-1,-1,-1,10,E01004771,0,4
2024522403394,2024,522403394,2,9,0,1,1,1,5,0,0,6,0,0,0,0,2,1,6,6,1,36,7,-1,-1,-1,-1,9,E01014955,0,1
2024010521730,2024,010521730,5,9,0,18,19,4,8,0,0,0,0,0,0,0,1,1,6,6,3,-1,-1,-1,-1,-1,-1,-1,-1,0,-1
2024131535638,2024,131535638,2,90,0,-1,19,2,6,-1,0,1,0,0,0,0,-1,1,-1,6,3,-1,-1,-1,-1,-1,-1,-1,-1,0,-1
2024010534392,2024,010534392,1,9,9,18,19,5,1,0,0,2,9,99,0,0,0,9,6,6,3,-1,-1,-1,-1,-1,-1,-1,-1,0,-1
2024010534442,2024,010534442,1,3,0,99,99,9,9,99,99,9,9,99,9,99,1,1,6,6,3,-1,-1,-1,-1,-1,-1,-1,-1,0,-1
2024010527314,2024,010527314,2,90,0,99,99,9,9,99,99,9,9,99,9,99,9,9,6,6,3,-1,-1,-1,-1,-1,-1,-1,-1,0,-1
2024471443311,2024,471443311,1,9,0,-1,19,1,5,-1,0,0,0,0,0,0,4,1,-1,9,2,92,11,-1,-1,-1,-1,8,E01021098,0,4
2024052402818,2024,052402818,1,9,0,9,9,5,3,0,0,0,0,0,0,0,3,1,6,6,3,-1,-1,-1,-1,-1,-1,-1,-1,0,-1
2024101527749,2024,101527749,1,97,0,-1,9,8,5,-1,0,8,5,0,0,0,1,1,-1,6,1,-1,-1,-1,-1,-1,-1,-1,-1,0,-1
2024201426629,2024,201426629,1,9,0,-1,19,3,7,-1,0,0,0,0,0,0,1,9,-1,6,1,35,6,-1,-1,-1,-1,-1,-1,0,-1
2024010493543,2024,010493543,1,9,0,6,6,1,1,0,0,1,0,0,0,0,2,1,6,6,2,56,9,-1,-1,-1,-1,5,E01003262,0,1
2024010525729,2024,010525729,2,1,0,18,19,3,7,2,2,1,0,0,0,0,3,1,6,6,1,39,7,-1,-1,-1,-1,3,E01035657,0,2
2024311493219,2024,311493219,2,9,0,-1,4,1,5,-1,0,0,0,0,0,0,1,1,-1,9,2,62,9,-1,-1,-1,-1,-1,-1,0,-1
202460Q041041,2024,60Q041041,2,9,0,18,19,5,2,0,0,1,0,0,0,0,1,1,2,2,2,67,10,-1,-1,-1,-1,-1,-1,0,-1
2024061435167,2024,061435167,1,5,0,-1,4,-1,-1,-1,0,1,1,10,1,0,4,1,-1,2,1,37,7,-1,-1,-1,-1,9,E01005742,0,1
2024361451059,2024,361451059,1,9,0,-1,19,1,5,-1,0,1,0,0,0,0,1,1,-1,2,1,21,5,-1,-1,-1,-1,5,E01026433,0,3
2024430001671,2024,430001671,1,9,0,18,19,4,8,0,0,1,0,0,0,0,1,1,6,6,2,76,11,-1,-1,-1,-1,8,E01016786,0,1
2024340WN3452,2024,340WN3452,1,19,0,-1,19,3,7,-1,0,0,0,0,0,0,1,1,-1,1,1,39,7,-1,-1,-1,-1,1,E01009353,0,4
2024010498810,2024,010498810,1,9,0,99,99,9,9,99,99,9,9,99,9,99,2,9,6,6,2,26,6,-1,-1,-1,-1,4,E01003722,0,2
2024010492069,2024,010492069,2,9,0,99,99,9,9,99,99,9,9,99,9,99,1,9,6,6,2,28,6,-1,-1,-1,-1,5,E01003690,0,1
2024520403044,2024,520403044,2,9,0,18,19,5,1,0,0,0,0,0,0,0,1,1,6,6,3,-1,-1,-1,-1,-1,-1,-1,-1,0,-1
2024010497276,2024,010497276,2,1,0,18,19,3,7,0,0,0,0,0,0,0,1,1,6,6,1,25,5,-1,-1,-1,-1,2,E01033455,0,1
2024010549014,2024,010549014,2,9,0,1,1,9,9,99,99,9,9,99,9,99,2,9,6,6,3,-1,-1,-1,-1,-1,-1,-1,-1,0,-1
202417S309624,2024,17S309624,2,1,0,-1,19,5,1,-1,0,8,0,0,0,0,4,1,-1,9,1,83,11,-1,-1,-1,-1,-1,-1,0,-1
2024141531468,2024,141531468,2,1,0,-1,19,1,5,-1,0,8,0,0,0,0,1,1,-1,6,1,13,3,-1,-1,-1,-1,1,E01008082,0,1
2024131432723,2024,131432723,1,9,0,-1,15,1,5,-1,0,0,0,0,0,0,3,1,-1,6,3,-1,-1,-1,-1,-1,-1,-1,-1,0,-1
2024461493172,2024,461493172,1,1,0,-1,7,2,5,-1,0,6,0,0,0,0,1,1,-1,9,1,13,3,-1,-1,-1,-1,2,E01024305,0,1
2024010493721,2024,010493721,2,3,0,4,4,3,7,0,0,8,0,0,0,0,1,1,6,6,1,21,5,-1,-1,-1,-1,2,E01003246,0,1
2024451474839,2024,451474839,5,1,0,-1,19,3,7,-1,0,0,0,0,0,0,1,1,-1,9,1,71,10,-1,-1,-1,-1,8,E01003831,0,3
2024430429836,2024,430429836,1,1,0,18,19,2,6,0,0,6,0,0,0,0,1,1,6,6,1,12,3,-1,-1,-1,-1,5,E01035735,0,1
2024991409909,2024,991409909,1,19,0,-1,7,3,5,-1,0,6,0,0,3,0,1,1,-1,2,1,31,6,-1,-1,-1,-1,1,E01013208,0,5
2024031470777,2024,031470777,2,1,0,-1,-1,-1,-1,-1,-1,0,-1,-1,-1,0,-1,1,-1,9,1,34,6,-1,-1,-1,-1,5,E01019363,0,2
2024461528417,2024,461528417,1,98,1,-1,12,3,7,-1,0,0,0,0,0,0,3,2,-1,1,1,33,6,-1,-1,-1,-1,-1,-1,0,-1
2024131444116,2024,131444116,1,1,0,-1,19,8,6,-1,0,0,1,0,0,0,1,1,-1,6,2,41,7,-1,-1,-1,-1,3,E01011722,0,1
2024052401559,2024,052401559,1,9,0,18,19,4,1,0,0,1,0,0,0,0,1,1,6,6,3,-1,-1,-1,-1,-1,-1,-1,-1,0,-1
2024451432633,2024,451432633,2,9,9,-1,3,5,1,-1,0,0,0,0,0,0,3,1,-1,6,1,40,7,-1,-1,-1,-1,-1,-1,0,-1
2024010488110,2024,010488110,1,3,0,99,99,9,9,99,99,9,9,99,9,99,9,1,1,1,3,24,5,-1,-1,-1,-1,2,E01001553,0,3
2024010535727,2024,010535727,1,1,9,99,99,9,9,99,99,9,9,99,9,99,9,1,6,6,1,46,8,-1,-1,-1,-1,2,E01003601,0,1
2024430035637,2024,430035637,2,9,0,18,19,6,2,0,0,1,0,0,0,0,1,1,6,6,2,44,7,-1,-1,-1,-1,7,E01016191,0,1
2024201534016,2024,201534016,1,9,0,-1,9,2,8,-1,0,5,0,0,0,0,3,9,-1,6,1,39,7,-1,-1,-1,-1,1,E01010131,0,1
2024010539310,2024,010539310,2,1,9,99,99,9,9,99,99,0,9,99,9,99,2,1,6,6,2,37,7,-1,-1,-1,-1,5,E01003034,0,1
2024610017824,2024,610017824,4,9,0,2,2,0,0,0,0,0,0,0,0,0,3,1,6,6,3,-1,-1,-1,-1,-1,-1,-1,-1,0,-1
2024351471062,2024,351471062,1,98,-1,-1,-1,-1,-1,-1,-1,0,-1,-1,-1,0,-1,9,-1,6,3,-1,-1,-1,-1,-1,-1,-1,-1,0,-1
2024010511580,2024,010511580,5,9,0,3,3,3,7,0,0,1,0,0,0,0,2,1,6,6,1,59,9,-1,-1,-1,-1,3,E01003544,0,2
2024440496863,2024,440496863,3,9,0,18,19,5,1,0,0,0,0,0,0,0,2,1,6,6,1,58,9,-1,-1,-1,-1,10,E01014944,0,4
2024010492692,2024,010492692,1,1,0,18,19,3,7,0,0,0,0,10,1,7,4,1,6,6,2,72,10,-1,-1,-1,-1,4,E01001873,0,2
2024010500473,2024,010500473,1,9,9,99,99,9,9,0,0,3,9,99,0,0,1,9,6,6,3,-1,-1,-1,-1,-1,-1,-1,-1,0,-1
2024131458485,2024,131458485,2,1,0,-1,19,7,3,-1,4,0,0,0,0,0,1,1,-1,6,1,22,5,-1,-1,-1,-1,5,E01011678,0,1
2024631523309,2024,631523309,1,9,0,-1,19,4,8,-1,0,0,0,0,0,0,4,1,-1,2,1,50,8,-1,-1,-1,-1,5,W01001925,0,1
2024131434484,2024,131434484,2,1,0,-1,19,4,2,-1,4,1,0,0,0,0,4,1,-1,6,1,68,10,-1,-1,-1,-1,8,E01011716,0,1
2024010540058,2024,010540058,2,9,0,1,1,1,5,9,9,0,0,0,0,0,0,1,6,6,3,-1,-1,-1,-1,-1,-1,-1,-1,0,-1
2024461523800,2024,461523800,1,9,0,-1,19,2,8,-1,0,0,0,0,0,0,1,1,-1,9,1,35,6,-1,-1,-1,-1,2,E01024604,0,4
2024122400650,2024,122400650,2,9,0,9,9,1,5,0,0,8,1,0,7,0,3,1,6,6,1,74,10,-1,-1,-1,-1,5,E01012941,0,4
2024010530164,2024,010530164,1,1,9,99,99,9,9,99,99,9,9,99,9,99,1,1,2,2,1,43,7,-1,-1,-1,-1,6,E01001254,0,2
2024522500040,2024,522500040,2,23,0,15,15,6,2,0,0,1,0,0,0,0,1,1,6,6,1,24,5,-1,-1,-1,-1,5,E01014548,0,1
2024010545723,2024,010545723,1,9,0,99,99,9,9,99,99,9,9,99,9,99,9,9,6,6,3,-1,-1,-1,-1,-1,-1,-1,-1,0,-1
202460Q190418,2024,60Q190418,1,19,0,9,9,6,2,0,0,8,0,0,0,0,4,1,6,6,3,-1,-1,-1,-1,-1,-1,-1,-1,0,-1
2024010538085,2024,010538085,1,1,9,99,99,9,9,99,99,9,9,99,9,99,9,1,2,2,2,42,7,-1,-1,-1,-1,3,E01001999,0,2
2024991402573,2024,991402573,2,9,0,-1,19,6,3,-1,0,8,0,0,0,0,1,1,-1,9,1,68,10,-1,-1,-1,-1,9,-1,0,4
2024351511206,2024,351511206,2,1,0,-1,7,-1,-1,-1,0,0,0,0,0,0,4,1,-1,9,2,16,4,-1,-1,-1,-1,4,E01018095,0,1
2024010486981,2024,010486981,1,9,0,18,19,5,1,0,0,4,0,0,0,0,1,1,2,2,1,51,8,-1,-1,-1,-1,4,E01002596,0,2
2024531468279,2024,531468279,2,1,0,-1,19,6,2,-1,0,0,0,0,0,0,3,1,-1,2,2,40,7,-1,-1,-1,-1,5,E01022344,0,1
2024010503837,2024,010503837,1,1,9,99,99,9,9,99,99,9,9,99,9,99,1,1,6,6,1,61,9,-1,-1,-1,-1,8,E01003138,0,3
2024010501380,2024,010501380,1,1,9,99,99,9,9,99,99,9,9,99,9,99,9,1,2,2,1,57,9,-1,-1,-1,-1,5,E01034040,0,1
2024010490744,2024,010490744,2,19,0,13,13,3,7,0,0,1,0,0,0,0,1,1,1,1,1,26,6,-1,-1,-1,-1,7,E01000306,0,3
2024010524099,2024,010524099,1,9,0,18,19,7,3,0,0,1,0,0,0,0,1,1,6,6,3,-1,-1,-1,-1,-1,-1,-1,-1,0,-1
2024371441030,2024,371441030,1,99,0,-1,19,-1,-1,-1,0,0,0,0,0,0,1,9,-1,6,3,-1,-1,-1,-1,-1,-1,-1,-1,0,-1
2024440243575,2024,440243575,1,9,0,1,1,4,8,0,0,0,0,0,0,0,2,1,6,6,1,-1,-1,-1,-1,-1,-1,-1,-1,0,-1
2024461472927,2024,461472927,1,9,0,-1,19,4,1,-1,0,0,2,10,1,4,4,2,-1,9,1,23,5,-1,-1,-1,-1,2,E01024028,0,2
2024622400753,2024,622400753,2,1,0,18,19,6,2,0,0,8,0,0,0,0,1,1,6,6,1,21,5,-1,-1,-1,-1,-1,-1,0,-1
2024302400115,2024,302400115,1,9,0,18,19,3,7,0,0,0,0,0,0,0,4,1,6,6,3,-1,-1,-1,-1,-1,-1,5,E01019456,0,3
2024201482533,2024,201482533,2,9,0,-1,19,6,2,-1,0,8,5,0,0,0,2,9,-1,1,2,39,7,-1,-1,-1,-1,5,E01034104,0,3
2024430302654,2024,430302654,1,9,0,18,19,5,1,0,0,1,0,0,0,0,1,1,6,6,1,20,4,-1,-1,-1,-1,-1,-1,0,-1
2024141498823,2024,141498823,2,1,0,-1,19,6,1,-1,0,0,2,0,0,0,1,1,-1,6,1,10,2,-1,-1,-1,-1,2,E01007967,0,1
2024010537603,2024,010537603,2,1,0,18,19,8,4,0,0,2,1,10,0,0,3,1,6,6,1,34,6,-1,-1,-1,-1,4,E01002749,0,1
2024161486497,2024,161486497,2,1,0,-1,19,5,1,-1,5,1,0,0,0,0,1,1,-1,6,1,-1,-1,-1,-1,-1,-1,-1,-1,0,-1
2024010522758,2024,010522758,2,9,0,18,19,3,7,0,0,0,0,0,0,0,1,1,6,6,1,24,5,-1,-1,-1,-1,6,E01004021,0,2
2024991493472,2024,991493472,2,99,0,-1,15,3,7,-1,0,0,0,0,0,0,1,9,-1,6,3,24,5,-1,-1,-1,-1,-1,-1,0,-1
2024010496488,2024,010496488,1,9,0,18,19,6,2,0,0,0,5,4,0,0,1,1,6,6,2,18,4,-1,-1,-1,-1,9,E01000694,0,1
2024031506177,2024,031506177,2,1,0,-1,19,7,2,-1,0,0,0,0,0,0,4,1,-1,9,1,12,3,-1,-1,-1,-1,8,E01019329,0,1
2024401397233,2024,401397233,1,9,0,-1,19,1,5,-1,0,0,0,0,0,0,1,9,-1,6,2,-1,-1,-1,-1,-1,-1,-1,-1,0,-1
2024061439644,2024,061439644,2,9,-1,-1,-1,-1,-1,-1,-1,0,-1,-1,-1,0,-1,9,-1,6,3,-1,-1,-1,-1,-1,-1,-1,-1,0,-1
2024231498239,2024,231498239,2,1,0,-1,19,5,1,-1,0,0,0,0,0,0,3,1,-1,6,2,15,3,-1,-1,-1,-1,6,E01035020,0,1
2024471536183,2024,471536183,2,1,0,-1,19,5,1,-1,0,0,0,1,0,0,2,1,-1,6,1,22,5,-1,-1,-1,-1,-1,-1,0,-1
2024010494941,2024,010494941,1,9,0,18,19,1,5,0,0,2,0,4,0,0,1,1,6,6,2,40,7,-1,-1,-1,-1,3,E01003630,0,1
2024430465451,2024,430465451,1,9,0,18,19,5,1,0,0,0,0,0,0,0,1,1,6,6,3,-1,-1,-1,-1,-1,-1,-1,-1,0,-1
2024421471437,2024,421471437,2,1,0,-1,19,3,7,-1,0,1,0,0,0,0,3,1,-1,9,1,36,7,-1,-1,-1,-1,6,E01004347,0,2
2024501532387,2024,501532387,2,9,0,-1,2,0,0,-1,0,0,0,0,1,0,1,1,-1,9,2,49,8,-1,-1,-1,-1,1,E01019056,0,2
2024161502243,2024,161502243,2,1,0,-1,5,5,1,-1,0,6,0,0,0,0,1,1,-1,6,2,11,3,-1,-1,-1,-1,1,E01013159,0,1
2024161459320,2024,161459320,2,1,0,-1,19,1,5,-1,0,0,0,0,0,0,1,1,-1,6,1,14,3,-1,-1,-1,-1,-1,-1,0,-1
2024161533850,2024,161533850,1,9,0,-1,19,2,6,-1,0,1,0,0,0,0,1,9,-1,6,3,-1,-1,-1,-1,-1,-1,-1,-1,0,-1
2024332400230,2024,332400230,2,-1,0,-1,19,7,3,-1,9,8,0,0,0,0,1,1,-1,6,2,-1,-1,-1,-1,-1,-1,-1,-1,1,-1
2024501500854,2024,501500854,2,9,0,-1,19,5,1,-1,0,0,0,0,0,0,0,9,-1,6,3,-1,-1,-1,-1,-1,-1,-1,-1,0,-1
2024010491674,2024,010491674,2,11,0,99,99,9,9,99,99,9,9,99,9,99,2,9,6,6,3,-1,-1,-1,-1,-1,-1,-1,-1,0,-1
2024010487630,2024,010487630,1,11,0,5,5,3,7,0,0,1,0,0,0,0,0,1,1,1,1,30,6,-1,-1,-1,-1,2,E01033865,0,2
2024010518178,2024,010518178,2,17,0,18,19,3,7,0,0,8,0,0,0,0,3,1,1,1,1,40,7,-1,-1,-1,-1,2,E01016009,0,3
2024041534062,2024,041534062,1,9,0,-1,5,2,2,-1,0,1,0,0,0,0,1,2,-1,6,1,-1,-1,-1,-1,-1,-1,-1,-1,0,-1
2024010520826,2024,010520826,2,1,9,99,99,9,9,99,99,9,9,99,9,99,9,1,6,6,2,24,5,-1,-1,-1,-1,10,E01004106,0,3
2024461404790,2024,461404790,2,9,0,-1,19,5,1,-1,0,8,0,0,0,0,3,9,-1,9,1,24,5,-1,-1,-1,-1,1,E01024662,0,1
2024131420429,2024,131420429,1,9,0,-1,1,7,3,-1,0,1,0,0,0,0,2,1,-1,6,3,-1,-1,-1,-1,-1,-1,-1,-1,0,-1
2024010486907,2024,010486907,2,9,9,99,99,9,9,99,99,9,9,99,9,99,9,9,6,6,1,62,9,-1,-1,-1,-1,3,E01003563,0,1
2024010510946,2024,010510946,1,1,9,99,99,9,9,99,99,9,9,99,9,99,1,1,6,6,3,-1,-1,-1,-1,-1,-1,-1,-1,0,-1
2024101403761,2024,101403761,1,9,0,-1,19,2,8,-1,0,0,0,0,0,0,1,1,-1,6,1,23,5,-1,-1,-1,-1,10,E01008371,0,1
2024010537568,2024,010537568,2,19,0,3,3,5,1,0,0,8,0,0,0,0,0,1,6,6,3,-1,-1,-1,-1,-1,-1,-1,-1,0,-1
2024031494393,2024,031494393,1,19,-1,-1,19,5,1,-1,0,0,0,0,0,0,1,9,-1,6,1,-1,-1,-1,-1,-1,-1,-1,-1,0,-1
2024361421746,2024,361421746,1,9,0,-1,19,3,7,-1,0,1,1,10,1,10,4,1,-1,9,1,40,7,-1,-1,-1,-1,7,E01026881,0,2
2024010489501,2024,010489501,1,9,0,9,9,1,7,0,0,6,0,0,1,0,1,1,6,6,2,68,10,-1,-1,-1,-1,3,E01001969,0,1
2024010490928,2024,010490928,1,9,0,9,9,5,3,0,0,5,0,0,0,0,1,1,2,2,2,47,8,-1,-1,-1,-1,5,E01000375,0,3
2024461420540,2024,461420540,1,9,0,-1,19,5,1,-1,0,1,0,0,0,0,1,9,-1,6,1,29,6,-1,-1,-1,-1,4,E01024492,0,1
2024131460841,2024,131460841,2,1,0,-1,19,6,2,-1,0,8,0,0,0,0,1,1,-1,6,1,58,9,-1,-1,-1,-1,6,E01011879,0,1
2024010489281,2024,010489281,2,9,0,99,99,9,9,99,99,9,9,99,9,99,9,9,6,6,2,-1,-1,-1,-1,-1,-1,3,E01002771,0,1
2024201456939,2024,201456939,2,1,0,-1,13,4,8,-1,0,8,0,0,0,0,2,1,-1,1,1,28,6,-1,-1,-1,-1,2,E01009389,0,1
2024010496961,2024,010496961,1,1,9,99,99,9,9,99,99,9,9,99,9,99,9,1,2,2,1,58,9,-1,-1,-1,-1,4,E01004329,0,1
2024430289887,2024,430289887,2,3,0,18,19,2,6,0,0,8,0,0,0,0,1,1,6,6,1,44,7,-1,-1,-1,-1,7,E01016778,0,1
2024010531963,2024,010531963,1,1,9,5,5,9,9,99,99,9,9,99,9,99,9,1,6,6,1,63,9,-1,-1,-1,-1,7,E01001290,0,1
2024010510346,2024,010510346,1,1,9,99,99,9,9,99,99,9,9,99,9,99,9,1,2,2,1,23,5,-1,-1,-1,-1,6,E01002602,0,1
2024101493235,2024,101493235,2,9,0,-1,19,4,8,-1,0,1,0,0,0,0,1,1,-1,6,1,71,10,-1,-1,-1,-1,6,-1,0,4
2024440134490,2024,440134490,2,1,0,18,19,8,4,0,0,1,0,0,0,0,4,1,6,6,1,57,9,-1,-1,-1,-1,4,E01017319,0,1
2024010490251,2024,010490251,1,11,0,9,9,7,5,0,0,8,0,0,0,0,1,1,1,1,1,46,8,-1,-1,-1,-1,4,E01001336,0,1
2024010497385,2024,010497385,2,9,0,99,99,9,9,99,99,0,9,99,9,99,1,9,6,6,3,42,7,-1,-1,-1,-1,2,E01034471,0,1
2024061516854,2024,061516854,3,1,0,-1,19,3,7,-1,0,8,0,0,0,0,1,1,-1,2,1,45,7,-1,-1,-1,-1,10,E01005717,0,3
2024010543837,2024,010543837,2,9,9,99,99,9,9,99,99,9,9,99,9,99,9,9,6,6,3,-1,-1,-1,-1,-1,-1,-1,-1,0,-1
2024052400676,2024,052400676,1,9,0,18,19,1,5,0,0,0,0,0,0,0,1,1,6,6,3,-1,-1,-1,-1,-1,-1,-1,-1,0,-1
2024131413690,2024,131413690,2,1,0,-1,5,6,2,-1,9,0,0,0,0,0,3,1,-1,9,1,34,6,-1,-1,-1,-1,3,E01010652,0,1
2024010543066,2024,010543066,1,1,9,99,99,9,9,99,99,9,9,99,9,99,9,1,2,2,1,38,7,-1,-1,-1,-1,3,E01003221,0,1
2024010489308,2024,010489308,1,9,0,99,99,9,9,99,99,9,9,99,9,99,2,9,2,2,2,57,9,-1,-1,-1,-1,7,E01000288,0,1
2024061502279,2024,061502279,1,9,0,-1,4,-1,-1,-1,0,0,0,0,0,0,2,1,-1,9,1,33,6,-1,-1,-1,-1,2,E01006298,0,1
2024421447160,2024,421447160,1,8,0,-1,19,2,6,-1,0,0,0,0,0,0,1,9,-1,1,1,-1,-1,-1,-1,-1,-1,-1,-1,0,-1
2024052400172,2024,052400172,1,19,0,18,19,5,1,0,0,6,0,0,0,0,1,1,6,6,1,42,7,-1,-1,-1,-1,-1,-1,0,-1
2024111435202,2024,111435202,1,9,0,-1,1,3,7,-1,0,0,0,0,0,0,2,9,-1,6,3,30,6,-1,-1,-1,-1,-1,-1,0,-1
2024351515698,2024,351515698,2,1,0,-1,5,3,7,-1,0,4,0,0,0,0,4,1,-1,9,2,64,9,-1,-1,-1,-1,7,E01015627,0,1
2024010497009,2024,010497009,1,3,0,99,99,9,9,99,99,9,9,99,9,99,9,1,1,1,1,40,7,-1,-1,-1,-1,7,E01024129,0,4
2024071033587,2024,071033587,1,9,0,-1,19,7,3,-1,0,0,1,11,0,4,1,1,-1,9,1,31,6,-1,-1,-1,-1,10,E01018693,0,3
2024010491397,2024,010491397,2,3,0,18,19,3,7,0,0,4,0,0,0,0,4,1,6,6,2,29,6,-1,-1,-1,-1,-1,-1,0,-1
2024610045424,2024,610045424,2,1,0,18,19,2,6,0,0,8,0,0,0,0,1,1,6,6,1,46,8,-1,-1,-1,-1,8,W01001397,0,1
2024010529652,2024,010529652,1,-1,0,3,3,5,1,0,0,1,0,0,0,0,4,1,2,2,1,50,8,-1,-1,-1,-1,4,E01003074,1,1
2024010540946,2024,010540946,3,1,9,99,99,9,9,99,99,9,9,99,9,99,9,1,6,6,3,-1,-1,-1,-1,-1,-1,-1,-1,0,-1