collision_index,collision_year,collision_ref_no,vehicle_reference,vehicle_type,towing_and_articulation,vehicle_manoeuvre_historic,vehicle_manoeuvre,vehicle_direction_from,vehicle_direction_to,vehicle_location_restricted_lane_historic,vehicle_location_restricted_lane,junction_location,skidding_and_overturning,hit_object_in_carriageway,vehicle_leaving_carriageway,hit_object_off_carriageway,first_point_of_impact,vehicle_left_hand_drive,journey_purpose_of_driver_historic,journey_purpose_of_driver,sex_of_driver,age_of_driver,age_band_of_driver,engine_capacity_cc,propulsion_code,age_of_vehicle,generic_make_model,driver_imd_decile,lsoa_of_driver,escooter_flag,driver_distance_banding
2024520002774,2024,520002774,1,9,0,9,9,8,5,0,0,5,0,0,0,0,1,1,6,6,1,53,8,-1,-1,-1,-1,6,E01035210,0,1
2024010496560,2024,010496560,2,21,0,99,99,9,9,99,99,0,9,99,9,99,1,9,6,6,1,47,8,-1,-1,-1,-1,2,E01003832,0,4
2024520401780,2024,520401780,1,1,0,18,19,2,6,0,0,0,0,0,0,0,2,1,6,6,1,74,10,-1,-1,-1,-1,9,E01020054,0,3
2024351479549,2024,351479549,2,1,0,-1,19,7,3,-1,2,6,0,0,0,0,1,1,-1,1,1,32,6,-1,-1,-1,-1,6,E01018169,0,1
2024061506051,2024,061506051,2,9,0,-1,99,-1,-1,-1,0,4,9,0,0,0,1,1,-1,6,3,-1,-1,-1,-1,-1,-1,-1,-1,0,-1
2024552400866,2024,552400866,2,1,0,15,15,4,8,0,0,8,0,0,0,0,1,1,2,2,2,32,6,-1,-1,-1,-1,7,E01033286,0,1
2024010528260,2024,010528260,2,19,0,99,99,9,9,99,99,9,9,99,9,99,9,9,6,6,3,-1,-1,-1,-1,-1,-1,-1,-1,0,-1
2024161402741,2024,161402741,1,9,0,-1,19,6,2,-1,0,1,0,0,0,0,1,1,-1,9,1,33,6,-1,-1,-1,-1,8,E01012911,0,1
2024421401899,2024,421401899,1,98,0,-1,19,1,5,-1,0,0,0,0,0,0,4,9,-1,6,1,-1,-1,-1,-1,-1,-1,-1,-1,0,-1
2024141419606,2024,141419606,2,9,0,-1,9,1,7,-1,0,0,0,0,0,0,0,9,-1,6,3,-1,-1,-1,-1,-1,-1,-1,-1,0,-1
2024430450156,2024,430450156,1,9,0,9,9,8,6,0,0,5,0,0,0,0,3,1,6,6,2,75,10,-1,-1,-1,-1,8,E01028716,0,1
2024010510423,2024,010510423,2,1,0,18,19,5,1,5,5,1,0,0,0,0,1,1,1,1,1,23,5,-1,-1,-1,-1,2,E01003500,0,1
2024461396123,2024,461396123,2,9,0,-1,5,3,7,-1,0,1,0,0,0,0,1,1,-1,6,1,30,6,-1,-1,-1,-1,-1,-1,0,-1
2024430207826,2024,430207826,2,1,0,18,19,1,5,4,4,0,1,0,0,0,1,1,2,2,2,21,5,-1,-1,-1,-1,9,E01035742,0,1
2024061448995,2024,061448995,2,1,0,-1,19,-1,-1,-1,9,9,0,0,0,0,9,1,-1,6,1,-1,-1,-1,-1,-1,-1,9,E01005572,0,1
2024101524620,2024,101524620,2,9,0,-1,9,5,1,-1,0,0,0,0,0,0,3,1,-1,9,2,50,8,-1,-1,-1,-1,2,E01008401,0,3
2024421465465,2024,421465465,2,21,1,-1,2,3,7,-1,0,0,0,0,0,0,2,2,-1,1,1,46,8,-1,-1,-1,-1,-1,-1,0,-1
2024522402325,2024,522402325,1,19,0,18,19,9,9,0,0,0,0,0,0,0,9,1,6,6,3,-1,-1,-1,-1,-1,-1,-1,-1,0,-1
2024141394319,2024,141394319,2,9,0,-1,-1,-1,-1,-1,-1,0,-1,-1,-1,0,-1,9,-1,6,2,-1,-1,-1,-1,-1,-1,-1,-1,0,-1
2024430449173,2024,430449173,1,9,0,18,19,8,4,0,0,0,0,0,0,0,2,1,2,2,2,52,8,-1,-1,-1,-1,4,E01016400,0,1
2024161523451,2024,161523451,1,9,0,-1,19,4,3,-1,0,1,0,0,0,0,1,1,-1,9,1,17,4,-1,-1,-1,-1,8,E01013321,0,1
2024430207843,2024,430207843,2,8,0,18,19,3,7,0,0,2,0,0,0,0,2,1,6,6,2,-1,-1,-1,-1,-1,-1,-1,-1,0,-1
2024440270055,2024,440270055,2,9,0,18,19,5,1,0,0,0,0,0,0,0,4,1,6,6,2,-1,-1,-1,-1,-1,-1,-1,-1,0,-1
2024010533703,2024,010533703,1,1,0,18,19,5,1,0,0,1,0,0,0,0,0,1,6,6,1,48,8,-1,-1,-1,-1,3,E01002797,0,1
2024522401835,2024,522401835,1,1,0,18,19,5,1,0,0,8,0,0,0,0,1,1,6,6,1,29,6,-1,-1,-1,-1,2,E01014694,0,1
2024010523516,2024,010523516,2,9,9,99,99,9,9,99,99,9,9,99,9,99,9,9,6,6,3,-1,-1,-1,-1,-1,-1,-1,-1,0,-1
2024351529275,2024,351529275,2,1,0,-1,19,1,5,-1,0,0,0,0,0,0,0,1,-1,6,1,51,8,-1,-1,-1,-1,9,E01017950,0,1
2024122401040,2024,122401040,2,3,0,17,19,8,5,0,0,0,0,0,0,0,1,1,6,6,1,50,8,-1,-1,-1,-1,-1,-1,0,-1
2024430482555,2024,430482555,1,3,0,14,14,8,4,0,0,2,0,0,0,0,4,1,1,1,1,30,6,-1,-1,-1,-1,9,E01035268,0,2
2024131472152,2024,131472152,1,9,0,-1,-1,-1,-1,-1,-1,0,-1,-1,-1,-1,-1,1,-1,6,3,-1,-1,-1,-1,-1,-1,-1,-1,0,-1
2024522500236,2024,522500236,2,9,0,13,13,8,4,0,0,1,0,0,0,0,1,1,6,6,3,-1,-1,-1,-1,-1,-1,-1,-1,0,-1
2024430038306,2024,430038306,2,9,0,18,19,6,2,0,0,0,0,0,0,0,1,1,6,6,1,26,6,-1,-1,-1,-1,2,E01014842,0,4
2024631517319,2024,631517319,3,9,0,-1,19,6,2,-1,0,0,0,0,0,0,0,1,-1,6,1,33,6,-1,-1,-1,-1,3,E01005149,0,5
2024131447688,2024,131447688,2,9,0,-1,19,1,5,-1,0,1,0,0,0,0,1,1,-1,2,1,75,10,-1,-1,-1,-1,2,E01011914,0,2
2024010510435,2024,010510435,2,1,0,18,19,5,1,0,0,1,0,0,0,0,1,1,6,6,1,24,5,-1,-1,-1,-1,2,E01035664,0,1
2024010547566,2024,010547566,1,1,9,99,99,9,9,99,99,9,9,99,9,99,9,1,2,2,1,56,9,-1,-1,-1,-1,8,E01000246,0,1
2024430074943,2024,430074943,1,3,0,18,19,7,3,0,0,8,0,0,0,0,1,1,1,1,1,28,6,-1,-1,-1,-1,4,E01017904,0,1
2024231477767,2024,231477767,2,1,0,-1,19,4,8,-1,0,6,0,0,0,0,3,1,-1,6,2,26,6,-1,-1,-1,-1,2,E01031075,0,1
2024430044758,2024,430044758,1,9,0,3,3,2,6,0,0,3,0,0,0,0,4,1,6,6,2,29,6,-1,-1,-1,-1,-1,-1,0,-1
2024010487863,2024,010487863,1,8,9,99,99,9,9,99,99,9,9,99,0,0,9,9,6,6,3,61,9,-1,-1,-1,-1,4,E01004034,0,2
2024522402399,2024,522402399,1,1,0,18,19,9,9,0,0,8,0,0,0,0,9,1,6,6,1,22,5,-1,-1,-1,-1,3,E01014690,0,2
2024041500805,2024,041500805,3,1,0,-1,19,3,1,-1,0,0,5,0,0,0,3,1,-1,9,1,65,9,-1,-1,-1,-1,5,E01025024,0,3
2024010547364,2024,010547364,2,9,0,99,99,9,9,99,99,6,9,99,9,99,1,9,6,6,3,-1,-1,-1,-1,-1,-1,-1,-1,0,-1
2024131530802,2024,131530802,1,9,0,-1,19,5,1,-1,0,0,0,0,1,7,1,1,-1,6,1,80,11,-1,-1,-1,-1,-1,-1,0,-1
2024302401335,2024,302401335,2,1,0,9,9,8,6,0,0,8,0,0,0,0,4,1,6,6,1,53,8,-1,-1,-1,-1,8,E01019839,0,1
2024010521148,2024,010521148,1,1,0,-1,-1,5,1,0,0,0,0,4,0,0,1,1,6,6,1,44,7,-1,-1,-1,-1,2,E01001172,0,1
2024991472058,2024,991472058,2,1,0,-1,19,2,6,-1,0,0,0,0,0,0,2,1,-1,9,1,27,6,-1,-1,-1,-1,1,-1,0,1
2024122401174,2024,122401174,2,1,0,18,19,3,7,9,9,0,0,0,0,0,4,1,6,6,1,10,2,-1,-1,-1,-1,6,E01013398,0,1
2024991470705,2024,991470705,1,90,0,-1,4,7,3,-1,0,1,1,0,0,0,0,1,-1,2,1,16,4,-1,-1,-1,-1,-1,-1,0,-1
2024010520005,2024,010520005,2,1,9,99,99,9,9,99,99,9,9,99,9,99,2,1,1,1,1,20,4,-1,-1,-1,-1,3,E01000222,0,2
2024070865019,2024,070865019,2,1,0,-1,19,2,6,-1,0,8,0,0,0,0,3,1,-1,6,1,26,6,-1,-1,-1,-1,7,E01035380,0,1
2024610050124,2024,610050124,3,9,0,18,19,7,3,0,0,0,0,0,0,0,1,1,2,2,1,39,7,-1,-1,-1,-1,4,W01001964,0,4
2024440002786,2024,440002786,1,9,0,18,19,6,2,0,0,0,0,0,0,0,1,1,2,2,2,24,5,-1,-1,-1,-1,4,E01022579,0,2
2024131438248,2024,131438248,1,11,0,-1,-1,-1,-1,-1,-1,0,-1,-1,-1,-1,-1,1,-1,6,3,-1,-1,-1,-1,-1,-1,-1,-1,0,-1
2024440286083,2024,440286083,2,9,0,18,19,1,5,0,0,0,0,0,0,0,3,1,6,6,3,-1,-1,-1,-1,-1,-1,-1,-1,0,-1
2024361496333,2024,361496333,3,1,0,-1,19,7,2,-1,0,8,0,0,0,0,0,1,-1,9,1,8,2,-1,-1,-1,-1,7,E01026881,0,1
2024131408693,2024,131408693,2,9,0,-1,9,3,1,-1,0,6,0,0,0,0,3,1,-1,9,2,31,6,-1,-1,-1,-1,7,E01010876,0,2
2024430396890,2024,430396890,2,1,0,18,19,4,8,9,9,8,1,0,0,0,1,1,6,6,3,28,6,-1,-1,-1,-1,10,E01028573,0,1
2024546258624,2024,546258624,5,9,0,2,2,0,0,0,0,2,0,0,0,0,1,1,6,6,3,-1,-1,-1,-1,-1,-1,-1,-1,0,-1
2024010525662,2024,010525662,3,9,0,2,2,0,0,0,0,1,0,0,1,0,3,1,6,6,3,-1,-1,-1,-1,-1,-1,-1,-1,0,-1
2024440513238,2024,440513238,1,9,0,18,19,2,6,0,0,6,0,0,0,0,1,1,6,6,3,-1,-1,-1,-1,-1,-1,-1,-1,0,-1
2024052400388,2024,052400388,1,-1,0,18,19,7,3,0,0,8,0,0,0,0,1,1,6,6,2,32,6,-1,-1,-1,-1,1,E01006662,1,2
2024101490896,2024,101490896,1,98,-1,-1,19,3,7,-1,0,0,0,0,0,0,1,9,-1,6,1,-1,-1,-1,-1,-1,-1,-1,-1,0,-1
2024440488102,2024,440488102,1,9,0,18,19,2,6,0,0,0,0,0,0,0,1,1,6,6,3,-1,-1,-1,-1,-1,-1,-1,-1,0,-1
2024461430691,2024,461430691,1,19,0,-1,4,6,3,-1,0,0,0,0,0,0,1,9,-1,6,1,-1,-1,-1,-1,-1,-1,1,E01024682,0,4
2024520402680,2024,520402680,1,5,0,16,19,1,4,0,0,0,0,0,0,0,1,1,6,6,1,53,8,-1,-1,-1,-1,7,E01035108,0,3
2024451405943,2024,451405943,1,9,0,-1,19,1,5,-1,0,0,0,0,0,0,2,9,-1,6,3,45,7,-1,-1,-1,-1,-1,-1,0,-1
2024421459045,2024,421459045,2,1,0,-1,19,7,3,-1,0,8,2,0,0,0,1,1,-1,9,2,51,8,-1,-1,-1,-1,3,E01022054,0,1
2024361520387,2024,361520387,1,9,0,-1,11,5,3,-1,0,0,0,0,0,0,1,1,-1,2,1,52,8,-1,-1,-1,-1,5,E01026873,0,3
2024531484965,2024,531484965,1,9,0,-1,5,2,6,-1,0,1,0,0,0,0,4,9,-1,6,1,81,11,-1,-1,-1,-1,7,E01014864,0,4
2024031511638,2024,031511638,2,9,0,-1,2,0,0,-1,0,0,0,4,1,0,1,1,-1,6,-1,-1,-1,-1,-1,-1,-1,-1,-1,0,-1
202417M300724,2024,17M300724,1,9,0,18,19,3,7,0,0,0,0,0,0,0,1,1,1,1,1,22,5,-1,-1,-1,-1,4,E01035201,0,2
2024010490400,2024,010490400,2,9,9,99,99,9,9,99,99,9,9,99,9,99,9,9,6,6,3,-1,-1,-1,-1,-1,-1,-1,-1,0,-1
2024010494768,2024,010494768,2,9,0,18,19,5,1,0,0,7,1,0,0,0,1,1,6,6,1,28,6,-1,-1,-1,-1,5,E01000471,0,1
2024201499373,2024,201499373,1,9,0,-1,19,7,3,-1,0,1,0,0,0,0,1,9,-1,6,1,30,6,-1,-1,-1,-1,-1,-1,0,-1
2024471512448,2024,471512448,1,1,0,-1,19,1,5,-1,0,1,0,0,0,0,1,1,-1,9,1,55,8,-1,-1,-1,-1,10,E01016984,0,1
2024991470970,2024,991470970,1,9,0,-1,19,5,1,-1,0,0,2,0,7,4,3,1,-1,9,1,42,7,-1,-1,-1,-1,5,-1,0,5
2024332400924,2024,332400924,1,19,0,-1,19,2,6,-1,0,8,0,0,0,0,4,1,-1,1,1,61,9,-1,-1,-1,-1,3,E01013681,0,1
2024201525237,2024,201525237,2,1,0,-1,19,6,2,-1,0,8,0,0,0,0,1,1,-1,6,1,20,4,-1,-1,-1,-1,1,E01010053,0,2
2024010506532,2024,010506532,1,1,9,99,99,9,9,99,99,2,9,99,9,99,1,1,6,6,2,25,5,-1,-1,-1,-1,6,E01004475,0,1
2024122400659,2024,122400659,2,1,0,18,19,3,7,0,0,8,0,0,0,0,1,1,6,6,1,34,6,-1,-1,-1,-1,2,E01013448,0,1
2024122500454,2024,122500454,2,9,0,18,19,1,5,0,0,1,2,0,1,10,3,1,6,6,2,37,7,-1,-1,-1,-1,4,E01027803,0,1
2024071065577,2024,071065577,1,9,0,-1,19,9,9,-1,0,1,-1,-1,0,0,3,9,-1,6,3,-1,-1,-1,-1,-1,-1,-1,-1,0,-1
2024061433606,2024,061433606,2,-1,0,-1,-1,-1,-1,-1,-1,-1,-1,-1,-1,0,-1,1,-1,6,3,-1,-1,-1,-1,-1,-1,-1,-1,0,-1
2024501530336,2024,501530336,2,3,0,-1,2,0,0,-1,0,-1,5,0,0,0,-1,1,-1,6,1,32,6,-1,-1,-1,-1,4,E01015142,0,1
2024531496454,2024,531496454,1,9,0,-1,19,2,4,-1,0,1,0,0,0,0,1,1,-1,1,1,41,7,-1,-1,-1,-1,6,E01034777,0,3
2024520500144,2024,520500144,2,9,0,6,6,5,5,0,0,0,0,0,0,0,3,1,6,6,1,62,9,-1,-1,-1,-1,7,E01035112,0,1
2024010512144,2024,010512144,1,3,0,14,14,1,5,0,0,9,0,99,0,0,2,1,6,6,3,-1,-1,-1,-1,-1,-1,-1,-1,0,-1
2024430432239,2024,430432239,1,9,0,13,13,5,1,0,0,0,0,0,0,0,4,1,6,6,3,-1,-1,-1,-1,-1,-1,-1,-1,0,-1
2024010492346,2024,010492346,1,1,9,99,99,9,9,99,99,2,9,99,9,99,1,1,6,6,1,34,6,-1,-1,-1,-1,5,E01033884,0,1
2024610020124,2024,610020124,2,9,0,5,5,5,1,0,0,4,0,0,0,0,1,1,2,2,1,40,7,-1,-1,-1,-1,7,W01001507,0,1
2024010541128,2024,010541128,2,1,0,5,5,3,7,0,0,2,0,0,0,0,3,1,6,6,2,38,7,-1,-1,-1,-1,3,E01002502,0,1
2024201428391,2024,201428391,3,9,0,-1,19,1,5,-1,0,0,0,0,0,0,1,1,-1,9,2,30,6,-1,-1,-1,-1,2,E01010086,0,2
2024421429023,2024,421429023,1,9,0,-1,19,4,8,-1,0,2,0,0,0,0,3,9,-1,6,2,57,9,-1,-1,-1,-1,7,E01021510,0,1
2024010514695,2024,010514695,2,9,0,99,99,9,9,99,99,9,9,99,9,99,9,9,6,6,3,-1,-1,-1,-1,-1,-1,-1,-1,0,-1
2024531484394,2024,531484394,2,9,0,-1,3,7,3,-1,0,0,0,0,0,0,3,1,-1,9,2,35,6,-1,-1,-1,-1,8,E01034810,0,1
2024052400430,2024,052400430,2,9,0,9,9,1,7,0,0,1,0,0,0,0,3,1,6,6,1,79,11,-1,-1,-1,-1,5,E01006802,0,1
2024351530575,2024,351530575,1,9,-1,-1,-1,-1,-1,-1,-1,0,-1,-1,-1,0,-1,9,-1,6,3,-1,-1,-1,-1,-1,-1,-1,-1,0,-1
2024461526099,2024,461526099,2,1,0,-1,19,7,3,-1,0,0,0,0,0,0,1,1,-1,6,2,58,9,-1,-1,-1,-1,4,E01024111,0,1
2024010492574,2024,010492574,1,3,0,99,99,9,9,99,99,9,9,99,9,99,9,1,1,1,2,26,6,-1,-1,-1,-1,6,E01000779,0,3
2024061517862,2024,061517862,1,19,0,-1,4,-1,-1,-1,0,0,0,0,0,0,2,1,-1,7,2,55,8,-1,-1,-1,-1,1,E01005104,0,2
2024052402161,2024,052402161,1,9,0,18,19,8,4,0,0,1,0,0,0,0,1,1,6,6,3,-1,-1,-1,-1,-1,-1,-1,-1,0,-1
2024201505635,2024,201505635,1,9,0,-1,5,7,3,-1,0,6,0,0,0,0,1,1,-1,6,-1,-1,-1,-1,-1,-1,-1,-1,-1,0,-1
2024401501692,2024,401501692,2,1,0,-1,19,5,1,-1,0,0,0,0,0,0,0,1,-1,9,1,22,5,-1,-1,-1,-1,9,E01023565,0,4
2024520401369,2024,520401369,2,9,0,18,19,7,4,0,0,0,0,0,0,0,1,1,6,6,1,25,5,-1,-1,-1,-1,2,E01029109,0,1
2024522401483,2024,522401483,1,1,0,14,14,2,6,0,0,0,0,0,0,0,3,1,6,6,1,53,8,-1,-1,-1,-1,7,E01014677,0,1
2024010502741,2024,010502741,1,-1,0,18,19,4,8,0,0,1,0,0,0,0,1,1,6,6,1,19,4,-1,-1,-1,-1,3,E01004010,1,1
2024010489066,2024,010489066,2,9,0,99,99,9,9,99,99,9,9,99,9,99,2,9,6,6,3,-1,-1,-1,-1,-1,-1,-1,-1,0,-1
2024320606634,2024,320606634,1,9,0,-1,-1,4,8,0,0,2,5,0,0,3,1,1,6,6,1,18,4,-1,-1,-1,-1,3,E01026102,0,3
2024101471248,2024,101471248,2,1,0,-1,19,1,5,-1,0,-1,0,0,0,0,1,1,-1,6,1,26,6,-1,-1,-1,-1,1,E01008203,0,1
2024010527504,2024,010527504,2,1,0,18,19,7,3,0,0,0,0,0,0,0,3,1,6,6,1,43,7,-1,-1,-1,-1,-1,-1,0,-1
2024302401065,2024,302401065,1,9,0,17,19,3,8,0,0,0,0,0,0,0,1,1,6,6,3,-1,-1,-1,-1,-1,-1,5,E01019456,0,4
2024201488322,2024,201488322,2,9,0,-1,19,6,2,-1,0,2,0,0,0,0,0,1,-1,6,-1,17,4,-1,-1,-1,-1,-1,-1,0,-1
2024531496259,2024,531496259,2,1,0,-1,19,7,3,-1,0,8,0,0,0,0,1,1,-1,6,1,55,8,-1,-1,-1,-1,9,E01022129,0,2
2024010544859,2024,010544859,1,1,9,99,99,9,9,99,99,9,9,99,9,99,9,1,2,2,1,45,7,-1,-1,-1,-1,6,E01001033,0,1
2024010544564,2024,010544564,1,1,9,99,99,9,9,99,99,1,9,99,9,99,9,1,6,6,3,17,4,-1,-1,-1,-1,3,E01000640,0,2
2024010514552,2024,010514552,2,1,0,18,19,5,1,0,0,8,0,0,0,0,3,1,2,2,1,28,6,-1,-1,-1,-1,10,E01004087,0,1
2024302401685,2024,302401685,1,9,0,-1,5,7,3,-1,0,0,0,0,0,0,1,1,-1,9,2,39,7,-1,-1,-1,-1,6,E01019651,0,1
2024461576544,2024,461576544,1,98,1,-1,12,2,6,-1,0,0,0,0,0,0,3,2,-1,1,1,44,7,-1,-1,-1,-1,-1,-1,0,-1
2024201471158,2024,201471158,2,1,0,-1,19,5,1,-1,0,6,0,0,0,0,3,1,-1,2,1,30,6,-1,-1,-1,-1,2,E01033642,0,1
2024010491878,2024,010491878,1,9,0,99,99,9,9,99,99,9,9,99,9,99,1,9,6,6,2,43,7,-1,-1,-1,-1,6,E01002680,0,1
2024161410571,2024,161410571,2,9,0,-1,19,7,3,-1,0,0,0,0,0,0,1,9,-1,6,1,-1,-1,-1,-1,-1,-1,-1,-1,0,-1
2024052400590,2024,052400590,2,1,0,18,19,7,3,0,0,1,0,0,0,0,1,1,2,2,1,27,6,-1,-1,-1,-1,1,E01006691,0,1
2024131510138,2024,131510138,2,23,0,-1,14,5,1,-1,0,0,0,0,0,0,1,1,-1,1,1,21,5,-1,-1,-1,-1,1,E01010850,0,1
2024552400587,2024,552400587,1,99,0,1,1,1,5,0,0,0,0,0,0,0,2,1,6,6,3,-1,-1,-1,-1,-1,-1,-1,-1,0,-1
2024221409003,2024,221409003,2,1,0,-1,19,1,5,-1,0,6,0,0,0,0,1,1,-1,2,2,12,3,-1,-1,-1,-1,2,E01034331,0,1
2024311464455,2024,311464455,1,1,0,-1,5,2,5,-1,0,0,0,0,0,0,2,1,-1,6,1,12,3,-1,-1,-1,-1,4,E01028045,0,1
2024010539288,2024,010539288,1,1,9,18,19,9,9,99,99,1,9,99,9,99,1,1,2,2,2,50,8,-1,-1,-1,-1,3,E01003574,0,1
2024111487215,2024,111487215,1,9,0,-1,19,1,5,-1,0,0,0,0,0,0,0,9,-1,6,3,30,6,-1,-1,-1,-1,-1,-1,0,-1
2024052402481,2024,052402481,2,1,0,18,19,3,7,0,0,8,0,0,0,0,3,1,6,6,1,59,9,-1,-1,-1,-1,2,E01007181,0,1
2024031442713,2024,031442713,2,9,4,-1,19,7,4,-1,0,1,0,0,0,0,4,1,-1,2,1,34,6,-1,-1,-1,-1,1,E01019193,0,1
2024010534240,2024,010534240,1,1,0,18,19,7,3,0,0,1,0,0,7,0,1,1,1,1,1,18,4,-1,-1,-1,-1,3,E01034395,0,3
2024991514334,2024,991514334,1,9,0,-1,19,4,8,-1,0,0,2,0,8,0,1,1,-1,6,1,21,5,-1,-1,-1,-1,8,-1,0,2
2024302400617,2024,302400617,4,9,0,1,1,2,6,0,0,8,0,0,0,0,0,1,6,6,3,-1,-1,-1,-1,-1,-1,5,E01019456,0,4
2024122400323,2024,122400323,2,1,0,18,19,5,1,0,0,0,0,0,0,0,3,1,2,2,1,29,6,-1,-1,-1,-1,5,E01027892,0,2
2024430140928,2024,430140928,1,9,0,18,19,9,9,0,0,0,2,0,1,0,1,1,6,6,2,23,5,-1,-1,-1,-1,10,E01022892,0,2
2024211513175,2024,211513175,1,9,0,-1,19,1,5,-1,0,0,1,0,1,0,1,1,-1,6,1,22,5,-1,-1,-1,-1,6,E01029532,0,1
2024031507193,2024,031507193,1,9,0,-1,19,7,4,-1,0,1,1,0,1,11,1,1,-1,6,1,24,5,-1,-1,-1,-1,3,E01019099,0,3
2024622400255,2024,622400255,1,9,0,16,19,2,5,0,0,0,1,0,2,7,4,1,6,6,1,21,5,-1,-1,-1,-1,9,E01035229,0,4
2024010492116,2024,010492116,1,9,0,18,19,3,7,0,0,1,0,11,0,0,1,1,2,2,1,23,5,-1,-1,-1,-1,4,E01001252,0,2
2024010491677,2024,010491677,2,9,0,99,99,9,9,99,99,9,9,99,9,99,1,9,6,6,3,-1,-1,-1,-1,-1,-1,-1,-1,0,-1
2024451432420,2024,451432420,2,9,0,-1,19,3,7,-1,0,0,0,0,1,0,3,1,-1,1,1,32,6,-1,-1,-1,-1,6,E01030653,0,1
2024311524164,2024,311524164,2,9,0,-1,19,2,6,-1,0,4,0,0,0,0,1,9,-1,6,2,-1,-1,-1,-1,-1,-1,-1,-1,0,-1
2024531400432,2024,531400432,2,1,0,-1,19,7,3,-1,0,8,0,0,0,0,4,1,-1,9,1,55,8,-1,-1,-1,-1,10,E01022339,0,1
2024421511217,2024,421511217,1,9,0,-1,15,1,5,-1,0,0,0,0,0,0,0,9,-1,6,3,-1,-1,-1,-1,-1,-1,-1,-1,0,-1
2024421417627,2024,421417627,2,1,0,-1,15,1,5,-1,9,0,0,0,1,0,0,1,-1,2,2,48,8,-1,-1,-1,-1,3,E01022044,0,1
2024201527884,2024,201527884,1,9,0,-1,19,1,5,-1,0,0,1,7,1,0,1,1,-1,2,1,19,4,-1,-1,-1,-1,2,E01009747,0,1
2024401449527,2024,401449527,2,9,0,-1,19,5,1,-1,0,1,0,0,0,0,1,1,-1,2,1,26,6,-1,-1,-1,-1,6,E01035553,0,4
2024991488376,2024,991488376,1,97,0,-1,19,7,3,-1,0,4,0,0,0,0,0,1,-1,9,1,66,10,-1,-1,-1,-1,-1,-1,0,-1
2024430287925,2024,430287925,2,11,0,3,3,7,3,0,0,0,0,0,0,0,0,1,1,1,3,-1,-1,-1,-1,-1,-1,-1,-1,0,-1
2024302400775,2024,302400775,3,5,0,13,13,5,1,0,0,1,0,0,0,0,4,1,6,6,1,52,8,-1,-1,-1,-1,6,W01000162,0,5
2024991492921,2024,991492921,2,98,0,-1,9,3,7,-1,0,0,0,0,0,0,1,1,-1,1,1,24,5,-1,-1,-1,-1,4,-1,0,2
2024440162765,2024,440162765,1,1,0,18,19,3,7,0,0,2,0,4,0,0,1,1,6,6,1,50,8,-1,-1,-1,-1,2,E01017119,0,1
2024552400483,2024,552400483,1,9,0,18,19,1,5,0,0,4,0,0,0,0,1,1,6,6,1,87,11,-1,-1,-1,-1,10,E01015452,0,1
2024991407746,2024,991407746,1,1,0,-1,19,3,7,-1,0,0,0,0,0,0,4,1,-1,9,1,20,4,-1,-1,-1,-1,2,-1,0,1
2024361568679,2024,361568679,1,1,0,-1,19,3,7,-1,0,0,0,0,0,0,0,1,-1,6,1,38,7,-1,-1,-1,-1,1,E01026626,0,1
2024201528785,2024,201528785,1,9,0,-1,4,7,3,-1,0,4,0,0,0,0,1,1,-1,1,1,54,8,-1,-1,-1,-1,3,E01017054,0,5
2024440459325,2024,440459325,1,9,0,18,19,1,5,0,0,4,0,0,0,0,1,1,6,6,3,-1,-1,-1,-1,-1,-1,-1,-1,0,-1
2024340NN4182,2024,340NN4182,1,9,0,-1,4,1,5,-1,0,0,0,0,0,0,1,1,-1,9,1,57,9,-1,-1,-1,-1,10,E01027324,0,1
2024332400717,2024,332400717,4,9,0,-1,2,0,0,-1,0,0,0,0,0,0,0,1,-1,6,3,-1,-1,-1,-1,-1,-1,-1,-1,0,-1
2024461445306,2024,461445306,1,1,0,-1,19,3,7,-1,9,1,0,0,0,0,1,1,-1,2,-1,45,7,-1,-1,-1,-1,3,E01035313,0,3
2024461405280,2024,461405280,5,9,0,-1,3,2,6,-1,0,0,0,0,0,0,2,1,-1,1,1,31,6,-1,-1,-1,-1,5,E01003148,0,4
2024010536602,2024,010536602,1,1,9,99,99,9,9,99,99,9,9,99,9,99,1,1,2,2,1,49,8,-1,-1,-1,-1,5,E01003247,0,1
2024401432922,2024,401432922,2,1,-1,-1,-1,-1,-1,-1,-1,-1,-1,-1,-1,0,-1,1,-1,9,2,50,8,-1,-1,-1,-1,8,E01017467,0,1
2024010546407,2024,010546407,1,97,9,99,99,9,9,0,0,9,9,0,0,0,1,1,6,6,3,-1,-1,-1,-1,-1,-1,-1,-1,0,-1
2024481472433,2024,481472433,1,9,0,-1,19,3,7,-1,0,8,0,0,0,0,1,1,-1,6,1,77,11,-1,-1,-1,-1,-1,-1,0,-1
2024421461460,2024,421461460,2,-1,0,-1,19,7,3,-1,5,0,0,0,0,0,1,1,-1,9,1,15,3,-1,-1,-1,-1,-1,-1,1,-1
2024010492026,2024,010492026,1,1,9,99,99,9,9,99,99,1,9,99,9,99,1,1,6,6,1,31,6,-1,-1,-1,-1,5,E01003029,0,1
2024221521206,2024,221521206,1,20,0,-1,9,7,6,-1,0,6,0,0,0,0,1,9,-1,1,1,60,9,-1,-1,-1,-1,8,E01022451,0,1
2024041487800,2024,041487800,2,1,0,-1,19,3,7,-1,0,1,0,0,0,0,1,1,-1,9,1,36,7,-1,-1,-1,-1,6,E01008104,0,4
2024520401342,2024,520401342,2,17,4,18,19,1,5,0,0,0,0,0,0,0,2,1,6,6,1,34,6,-1,-1,-1,-1,6,E01020547,0,4
202454E684524,2024,54E684524,1,9,0,18,19,1,5,0,0,1,0,0,0,0,1,1,6,6,2,-1,-1,-1,-1,-1,-1,-1,-1,0,-1
2024461523104,2024,461523104,2,1,0,-1,19,5,1,-1,9,1,1,0,0,0,1,1,-1,6,1,32,6,-1,-1,-1,-1,3,E01024166,0,1
2024361503810,2024,361503810,1,9,0,-1,19,1,5,-1,0,0,0,0,0,0,1,1,-1,6,2,69,10,-1,-1,-1,-1,4,E01030263,0,2
2024061470119,2024,061470119,1,9,0,-1,19,4,8,-1,0,1,0,0,0,0,1,9,-1,6,3,-1,-1,-1,-1,-1,-1,-1,-1,0,-1