collision_index,collision_year,collision_ref_no,vehicle_reference,vehicle_type,towing_and_articulation,vehicle_manoeuvre_historic,vehicle_manoeuvre,vehicle_direction_from,vehicle_direction_to,vehicle_location_restricted_lane_historic,vehicle_location_restricted_lane,junction_location,skidding_and_overturning,hit_object_in_carriageway,vehicle_leaving_carriageway,hit_object_off_carriageway,first_point_of_impact,vehicle_left_hand_drive,journey_purpose_of_driver_historic,journey_purpose_of_driver,sex_of_driver,age_of_driver,age_band_of_driver,engine_capacity_cc,propulsion_code,age_of_vehicle,generic_make_model,driver_imd_decile,lsoa_of_driver,escooter_flag,driver_distance_banding
2024411533955,2024,411533955,2,9,0,-1,3,7,1,-1,0,0,0,0,0,0,2,1,-1,2,1,46,8,-1,-1,-1,-1,8,E01015806,0,3
2024311420402,2024,311420402,2,1,0,-1,19,2,6,-1,0,0,5,0,1,10,3,1,-1,2,1,37,7,-1,-1,-1,-1,7,E01028100,0,1
2024332400614,2024,332400614,1,9,0,-1,9,1,8,-1,0,6,0,0,0,0,3,1,-1,6,1,50,8,-1,-1,-1,-1,4,E01013767,0,2
2024991413663,2024,991413663,2,9,0,-1,19,2,6,-1,0,1,0,0,7,11,4,1,-1,9,2,41,7,-1,-1,-1,-1,2,-1,0,1
2024340WN7342,2024,340WN7342,1,9,0,-1,12,1,5,-1,0,5,0,0,0,0,3,1,-1,6,2,62,9,-1,-1,-1,-1,-1,-1,0,-1
2024010492281,2024,010492281,2,9,0,13,13,3,7,0,0,8,0,0,0,0,1,1,6,6,3,-1,-1,-1,-1,-1,-1,-1,-1,0,-1
2024010492545,2024,010492545,2,8,0,-1,-1,1,5,0,0,1,0,0,0,0,4,1,6,6,1,43,7,-1,-1,-1,-1,5,E01002326,0,3
2024010525283,2024,010525283,2,23,0,5,5,1,5,0,0,1,0,0,0,0,1,1,6,6,1,26,6,-1,-1,-1,-1,8,E01023625,0,4
2024201499806,2024,201499806,1,17,4,-1,19,6,2,-1,0,0,0,0,0,0,4,1,-1,1,1,37,7,-1,-1,-1,-1,-1,-1,0,-1
2024010542856,2024,010542856,2,1,0,18,19,7,3,0,0,1,0,0,0,0,4,1,6,6,1,20,4,-1,-1,-1,-1,3,E01004400,0,1
2024201476095,2024,201476095,2,1,0,-1,19,8,4,-1,0,1,0,10,1,0,3,1,-1,2,1,37,7,-1,-1,-1,-1,1,E01008962,0,1
2024471451465,2024,471451465,2,1,0,-1,-1,-1,-1,-1,-1,0,-1,-1,-1,0,-1,1,-1,6,1,13,3,-1,-1,-1,-1,9,E01031458,0,1
2024201512242,2024,201512242,2,9,0,-1,4,4,2,-1,0,1,0,0,0,0,1,1,-1,9,2,36,7,-1,-1,-1,-1,-1,-1,0,-1
2024302401341,2024,302401341,1,9,0,18,19,4,8,0,0,2,0,0,0,0,1,1,6,6,2,22,5,-1,-1,-1,-1,9,E01010116,0,4
2024501511419,2024,501511419,1,90,9,-1,99,1,5,-1,0,8,9,99,0,0,9,9,-1,6,3,-1,-1,-1,-1,-1,-1,-1,-1,0,-1
2024340WN4042,2024,340WN4042,1,9,0,-1,5,5,1,-1,0,0,0,0,0,0,1,1,-1,9,1,39,7,-1,-1,-1,-1,7,E01033817,0,4
2024211494661,2024,211494661,1,90,0,-1,19,4,7,-1,0,0,1,0,1,4,1,1,-1,9,1,16,4,-1,-1,-1,-1,4,E01029817,0,1
2024010493498,2024,010493498,2,3,0,99,99,9,9,99,99,9,9,99,9,99,1,1,6,6,3,22,5,-1,-1,-1,-1,2,E01000525,0,1
2024552400353,2024,552400353,2,1,0,10,10,2,8,0,0,5,0,0,0,0,2,1,6,6,1,23,5,-1,-1,-1,-1,1,E01015384,0,1
2024010490127,2024,010490127,2,9,0,18,19,1,5,0,0,1,0,0,0,0,2,1,6,6,2,38,7,-1,-1,-1,-1,8,E01002163,0,1
2024320571800,2024,320571800,2,1,0,-1,-1,8,4,0,0,0,2,0,1,0,2,1,-1,-1,1,55,8,-1,-1,-1,-1,-1,-1,0,-1
2024131483248,2024,131483248,3,9,0,-1,19,5,1,-1,0,1,0,0,0,0,1,1,-1,6,3,-1,-1,-1,-1,-1,-1,-1,-1,0,-1
2024430626328,2024,430626328,2,9,0,18,19,-1,-1,0,0,4,0,0,0,0,1,1,6,6,1,-1,-1,-1,-1,-1,-1,-1,-1,0,-1
2024501495689,2024,501495689,2,22,0,-1,19,6,2,-1,0,0,5,0,0,0,0,1,-1,6,1,54,8,-1,-1,-1,-1,1,E01015046,0,1
2024010507336,2024,010507336,2,9,0,18,19,7,3,0,0,8,0,7,7,1,1,1,6,6,1,59,9,-1,-1,-1,-1,3,E01024169,0,1
2024501474022,2024,501474022,1,19,0,-1,7,1,3,-1,0,2,0,0,0,0,4,1,-1,6,1,48,8,-1,-1,-1,-1,1,E01020103,0,1
2024031485850,2024,031485850,1,4,5,-1,19,2,6,-1,0,0,5,0,0,0,4,1,-1,6,1,74,10,-1,-1,-1,-1,-1,-1,0,-1
2024052401422,2024,052401422,1,1,0,18,19,1,5,0,0,6,0,0,0,0,1,1,6,6,1,40,7,-1,-1,-1,-1,1,E01006871,0,1
2024501470995,2024,501470995,1,9,0,-1,5,8,4,-1,0,2,0,0,0,0,4,2,-1,2,2,52,8,-1,-1,-1,-1,5,E01015237,0,1
2024340NN4252,2024,340NN4252,1,99,0,-1,1,1,5,-1,0,0,0,0,0,0,2,1,-1,6,3,-1,-1,-1,-1,-1,-1,-1,-1,0,-1
2024010491195,2024,010491195,1,3,0,3,3,5,1,0,0,6,0,10,1,2,2,1,2,2,1,37,7,-1,-1,-1,-1,5,E01000995,0,1
2024010547653,2024,010547653,2,1,0,18,19,3,7,0,0,8,0,0,0,0,3,1,4,7,1,16,4,-1,-1,-1,-1,8,E01001521,0,2
2024010547284,2024,010547284,2,1,0,18,19,1,5,0,0,2,0,0,0,0,1,1,1,1,1,16,4,-1,-1,-1,-1,7,E01000304,0,2
2024421518184,2024,421518184,2,9,-1,-1,3,-1,-1,-1,0,0,0,0,0,0,2,9,-1,6,2,23,5,-1,-1,-1,-1,10,E01035587,0,4
2024221474836,2024,221474836,1,9,0,-1,19,7,3,-1,0,8,0,0,0,0,1,1,-1,9,2,81,11,-1,-1,-1,-1,2,E01014048,0,3
2024131478420,2024,131478420,1,90,0,-1,19,7,3,-1,0,0,0,0,0,0,3,1,-1,6,1,-1,-1,-1,-1,-1,-1,-1,-1,0,-1
2024211472645,2024,211472645,1,1,0,-1,19,3,7,-1,0,1,0,0,0,0,1,1,-1,9,1,29,6,-1,-1,-1,-1,1,E01014275,0,1
2024522402099,2024,522402099,2,1,0,9,9,8,6,0,0,6,0,0,0,0,2,1,6,6,1,40,7,-1,-1,-1,-1,9,E01035230,0,2
2024122400813,2024,122400813,2,1,0,18,19,7,3,0,0,0,0,0,0,0,2,1,6,6,3,-1,-1,-1,-1,-1,-1,-1,-1,0,-1
2024421525782,2024,421525782,1,9,0,-1,7,8,3,-1,0,3,0,0,0,0,1,1,-1,9,1,47,8,-1,-1,-1,-1,8,E01021717,0,1
2024161479560,2024,161479560,1,1,0,-1,3,4,8,-1,0,0,0,0,0,0,1,1,-1,9,2,43,7,-1,-1,-1,-1,8,E01011169,0,5
2024311509570,2024,311509570,2,1,0,-1,19,1,5,-1,0,8,0,0,0,0,1,1,-1,9,2,21,5,-1,-1,-1,-1,4,E01035507,0,1
2024421503637,2024,421503637,3,-1,0,-1,19,5,1,-1,9,8,0,0,0,0,1,1,-1,9,2,14,3,-1,-1,-1,-1,9,E01022074,1,1
2024201438897,2024,201438897,1,9,0,-1,3,3,7,-1,0,0,0,0,0,0,2,1,-1,6,1,52,8,-1,-1,-1,-1,1,E01010283,0,1
2024471501541,2024,471501541,2,1,0,-1,13,1,5,-1,0,0,0,0,0,0,1,1,-1,6,1,-1,-1,-1,-1,-1,-1,2,E01016905,0,1
2024010531644,2024,010531644,2,19,0,99,99,9,9,99,99,9,9,99,9,99,9,9,6,6,3,-1,-1,-1,-1,-1,-1,-1,-1,0,-1
2024461408490,2024,461408490,1,-1,0,-1,19,7,3,-1,9,0,0,0,0,0,1,1,-1,9,1,40,7,-1,-1,-1,-1,3,E01024695,1,1
2024421467254,2024,421467254,2,1,0,-1,19,7,3,-1,0,1,0,0,0,0,2,1,-1,9,1,56,9,-1,-1,-1,-1,10,E01021893,0,2
2024010531161,2024,010531161,1,1,9,99,99,9,9,99,99,9,9,99,9,99,1,1,2,2,1,36,7,-1,-1,-1,-1,2,E01003313,0,2
2024061528903,2024,061528903,1,9,0,-1,19,-1,-1,-1,0,2,0,0,0,0,3,1,-1,6,2,78,11,-1,-1,-1,-1,10,E01005883,0,2
2024070533546,2024,070533546,2,4,0,13,13,5,1,0,0,1,0,0,0,0,1,1,6,6,1,17,4,-1,-1,-1,-1,-1,-1,0,-1
2024061493399,2024,061493399,2,1,0,-1,19,1,5,-1,0,1,0,0,0,0,1,1,-1,6,1,61,9,-1,-1,-1,-1,10,E01004951,0,1
2024010490212,2024,010490212,2,9,0,18,19,5,1,0,0,0,0,0,0,0,1,1,6,6,2,49,8,-1,-1,-1,-1,3,E01021811,0,3
2024122401235,2024,122401235,2,1,0,18,19,7,3,0,0,1,0,0,0,0,4,1,1,1,1,43,7,-1,-1,-1,-1,4,E01013390,0,1
2024010551177,2024,010551177,2,1,0,18,19,2,6,0,0,8,5,0,0,0,1,1,1,1,1,25,5,-1,-1,-1,-1,2,E01032744,0,3
2024332400872,2024,332400872,1,9,0,-1,12,6,2,-1,0,0,0,0,0,0,1,1,-1,6,3,-1,-1,-1,-1,-1,-1,-1,-1,0,-1
2024440103327,2024,440103327,1,-1,0,18,19,7,3,0,0,0,0,0,0,0,1,1,6,6,1,46,8,-1,-1,-1,-1,2,E01017106,1,1
2024311428375,2024,311428375,2,1,0,-1,19,3,7,-1,0,1,0,0,0,0,4,1,-1,9,2,34,6,-1,-1,-1,-1,-1,-1,0,-1
2024201495468,2024,201495468,1,1,0,-1,9,6,2,-1,0,8,0,0,0,0,1,1,-1,6,2,44,7,-1,-1,-1,-1,4,E01009907,0,1
2024421455444,2024,421455444,2,1,0,-1,19,2,6,-1,0,8,0,0,0,0,1,1,-1,9,2,28,6,-1,-1,-1,-1,2,E01016009,0,1
2024010544477,2024,010544477,1,1,9,99,99,9,9,99,99,9,9,99,9,99,9,1,6,6,1,33,6,-1,-1,-1,-1,7,E01032573,0,1
2024631530775,2024,631530775,2,9,0,-1,2,0,0,-1,-1,2,0,0,0,0,2,1,-1,6,-1,-1,-1,-1,-1,-1,-1,-1,-1,0,-1
2024141529357,2024,141529357,1,9,0,-1,19,7,3,-1,0,0,5,0,0,0,4,1,-1,6,2,46,8,-1,-1,-1,-1,10,E01007934,0,1
2024320169374,2024,320169374,2,1,0,-1,-1,3,7,0,0,0,5,0,1,0,1,1,-1,-1,1,34,6,-1,-1,-1,-1,-1,-1,0,-1
2024440305007,2024,440305007,3,9,0,18,19,4,8,0,0,1,0,0,0,0,4,1,6,6,2,21,5,-1,-1,-1,-1,7,E01023257,0,3
2024010489746,2024,010489746,1,3,0,99,99,9,9,99,99,9,9,99,9,99,9,1,6,6,3,25,5,-1,-1,-1,-1,8,E01000118,0,2
2024010520245,2024,010520245,2,1,0,18,19,3,7,0,0,5,0,4,0,0,1,1,1,1,1,40,7,-1,-1,-1,-1,2,E01003576,0,1
2024371510347,2024,371510347,2,1,0,-1,19,2,6,-1,0,1,0,0,0,0,0,1,-1,9,2,76,11,-1,-1,-1,-1,6,E01029919,0,1
2024991451891,2024,991451891,1,9,0,-1,9,1,6,-1,0,6,0,0,0,0,4,1,-1,9,2,21,5,-1,-1,-1,-1,7,-1,0,1
2024631417585,2024,631417585,2,16,0,-1,19,3,7,-1,0,0,0,0,0,0,4,1,-1,6,2,53,8,-1,-1,-1,-1,5,W01000719,0,1
2024332401061,2024,332401061,1,-1,0,-1,19,7,3,-1,0,1,0,0,0,0,1,1,-1,6,1,19,4,-1,-1,-1,-1,5,E01032868,1,1
2024411421009,2024,411421009,2,1,0,-1,19,6,2,-1,0,0,0,0,0,0,4,1,-1,6,1,63,9,-1,-1,-1,-1,9,E01023493,0,1
2024311406959,2024,311406959,2,1,0,-1,19,1,5,-1,0,8,2,0,0,0,1,1,-1,1,1,49,8,-1,-1,-1,-1,-1,-1,0,-1
2024010540035,2024,010540035,1,9,4,7,7,1,4,0,0,8,0,0,0,0,4,1,6,6,1,29,6,-1,-1,-1,-1,7,E01004597,0,2
2024320429785,2024,320429785,2,9,0,-1,-1,5,3,0,0,0,0,0,0,0,0,1,6,6,3,-1,-1,-1,-1,-1,-1,-1,-1,0,-1
2024010490449,2024,010490449,2,9,0,18,19,5,1,0,0,8,0,0,0,0,1,1,1,1,1,29,6,-1,-1,-1,-1,4,E01004259,0,1
2024131584149,2024,131584149,2,1,0,-1,9,5,1,-1,0,8,0,0,0,0,1,1,-1,9,1,14,3,-1,-1,-1,-1,1,E01010777,0,1
2024141471285,2024,141471285,1,9,0,-1,19,2,6,-1,0,0,0,0,0,0,2,1,-1,1,1,35,6,-1,-1,-1,-1,5,E01007882,0,3
2024041510968,2024,041510968,2,9,0,-1,19,3,7,-1,0,0,0,0,0,0,4,1,-1,9,2,60,9,-1,-1,-1,-1,4,E01024998,0,2
2024052400148,2024,052400148,1,9,0,18,19,5,1,0,0,1,0,0,0,0,2,1,6,6,3,-1,-1,-1,-1,-1,-1,-1,-1,0,-1
2024231500410,2024,231500410,1,1,0,-1,19,3,7,-1,4,6,0,0,0,0,1,1,-1,7,1,11,3,-1,-1,-1,-1,9,E01031315,0,1
2024430253607,2024,430253607,1,9,0,18,19,2,6,0,0,0,0,0,0,0,1,1,6,6,3,-1,-1,-1,-1,-1,-1,-1,-1,0,-1
2024010492662,2024,010492662,2,9,0,99,99,9,9,99,99,9,9,99,9,99,2,9,6,6,3,-1,-1,-1,-1,-1,-1,-1,-1,0,-1
2024010525711,2024,010525711,2,9,9,1,1,9,9,99,99,0,9,99,9,99,9,9,6,6,3,-1,-1,-1,-1,-1,-1,-1,-1,0,-1
2024010493386,2024,010493386,1,9,0,18,19,2,6,0,0,8,0,0,0,0,1,1,6,6,2,43,7,-1,-1,-1,-1,3,E01001445,0,3
2024131423666,2024,131423666,1,9,0,-1,-1,-1,-1,-1,-1,0,-1,-1,-1,-1,-1,1,-1,6,3,-1,-1,-1,-1,-1,-1,-1,-1,0,-1
2024311512155,2024,311512155,2,99,0,-1,19,1,1,-1,0,0,0,0,0,0,1,1,-1,6,3,-1,-1,-1,-1,-1,-1,-1,-1,0,-1
2024302400143,2024,302400143,2,19,0,9,9,2,8,0,0,2,0,0,0,0,1,1,2,2,1,48,8,-1,-1,-1,-1,5,E01019791,0,1
2024231489651,2024,231489651,2,9,0,-1,19,7,3,-1,0,6,0,0,0,0,4,1,-1,6,1,26,6,-1,-1,-1,-1,3,E01031012,0,2
2024440241286,2024,440241286,2,19,0,13,13,8,4,0,0,1,0,0,0,0,4,1,6,6,3,-1,-1,-1,-1,-1,-1,-1,-1,0,-1
2024421449957,2024,421449957,2,9,0,-1,4,3,1,-1,0,5,0,0,0,0,4,1,-1,2,1,61,9,-1,-1,-1,-1,-1,-1,0,-1
2024471461653,2024,471461653,1,1,0,-1,5,7,4,-1,0,1,0,0,0,0,1,1,-1,2,2,39,7,-1,-1,-1,-1,6,E01031656,0,1
2024311451906,2024,311451906,2,1,0,-1,5,3,1,-1,0,6,0,0,0,0,1,1,-1,2,1,21,5,-1,-1,-1,-1,1,E01013954,0,1
2024010506023,2024,010506023,3,9,0,2,2,0,0,9,9,0,0,4,0,0,4,1,6,6,3,-1,-1,-1,-1,-1,-1,-1,-1,0,-1
2024231501151,2024,231501151,1,21,1,-1,19,4,8,-1,0,0,0,0,0,0,3,9,-1,1,3,48,8,-1,-1,-1,-1,-1,-1,0,-1
2024520401889,2024,520401889,1,9,0,9,9,3,7,0,0,8,0,0,0,0,2,1,6,6,1,68,10,-1,-1,-1,-1,9,E01029065,0,1
2024010514053,2024,010514053,2,9,0,99,99,9,9,99,99,9,9,99,9,99,9,9,6,6,3,-1,-1,-1,-1,-1,-1,-1,-1,0,-1
2024501420961,2024,501420961,2,9,0,-1,19,1,5,-1,0,1,0,0,0,0,1,9,-1,6,1,33,6,-1,-1,-1,-1,5,E01018890,0,1
2024332400353,2024,332400353,1,9,0,-1,19,9,9,-1,0,1,0,0,0,0,1,1,-1,6,1,-1,-1,-1,-1,-1,-1,-1,-1,0,-1
2024161475636,2024,161475636,1,1,0,-1,19,3,7,-1,0,1,0,0,0,0,-1,1,-1,1,1,64,9,-1,-1,-1,-1,1,E01007790,0,4
2024311509456,2024,311509456,1,9,0,-1,9,1,5,-1,0,8,0,0,0,0,3,1,-1,6,3,52,8,-1,-1,-1,-1,7,E01028353,0,1
2024440170821,2024,440170821,2,9,0,4,4,6,2,0,0,1,0,0,0,0,2,1,2,2,2,32,6,-1,-1,-1,-1,5,E01023027,0,3
2024440009002,2024,440009002,3,1,0,18,19,7,3,0,0,0,0,0,0,0,3,1,6,6,2,59,9,-1,-1,-1,-1,9,E01022719,0,3
2024010525777,2024,010525777,2,9,0,7,7,7,1,0,0,8,0,0,0,0,1,1,6,6,3,-1,-1,-1,-1,-1,-1,-1,-1,0,-1
2024010493106,2024,010493106,2,1,0,18,19,5,1,4,4,1,0,0,0,0,1,1,2,2,2,45,7,-1,-1,-1,-1,3,E01004533,0,1
2024010495290,2024,010495290,2,9,0,99,99,9,9,99,99,9,9,99,9,99,1,9,6,6,3,-1,-1,-1,-1,-1,-1,-1,-1,0,-1
2024340NN0942,2024,340NN0942,1,9,0,-1,12,5,1,-1,0,2,0,0,0,0,0,1,-1,6,1,-1,-1,-1,-1,-1,-1,-1,-1,0,-1
2024231403424,2024,231403424,1,9,0,-1,11,6,8,-1,0,4,0,0,0,0,4,9,-1,6,1,45,7,-1,-1,-1,-1,-1,-1,0,-1
2024141450297,2024,141450297,2,97,0,-1,9,6,3,-1,0,1,0,0,0,0,1,1,-1,6,1,17,4,-1,-1,-1,-1,3,E01007667,0,1
2024010493656,2024,010493656,2,9,0,99,99,9,9,99,99,9,9,99,9,99,9,9,6,6,2,-1,-1,-1,-1,-1,-1,-1,-1,0,-1
2024010518907,2024,010518907,1,1,0,18,19,5,1,0,0,5,0,8,0,0,1,1,1,1,2,51,8,-1,-1,-1,-1,4,E01001278,0,1
2024320732359,2024,320732359,1,9,0,9,9,4,2,0,0,5,0,0,0,0,3,1,6,6,1,-1,-1,-1,-1,-1,-1,-1,-1,0,-1
2024440481510,2024,440481510,1,1,0,18,19,7,2,0,0,8,0,0,0,0,4,1,1,1,1,37,7,-1,-1,-1,-1,4,E01023121,0,1
2024451403364,2024,451403364,1,9,0,-1,19,6,2,-1,0,7,0,0,7,0,1,1,-1,6,1,35,6,-1,-1,-1,-1,5,E01022939,0,4
2024501415321,2024,501415321,2,1,0,-1,19,2,6,-1,0,1,5,4,0,0,1,1,-1,9,1,28,6,-1,-1,-1,-1,9,E01019952,0,3
2024440365113,2024,440365113,1,9,0,3,3,4,8,0,0,1,0,0,0,0,2,1,6,6,1,20,4,-1,-1,-1,-1,5,E01017306,0,2
2024991466562,2024,991466562,1,9,0,-1,4,2,7,-1,0,0,0,0,0,0,0,9,-1,6,-1,50,8,-1,-1,-1,-1,-1,-1,0,-1
2024010539816,2024,010539816,2,1,0,12,12,1,5,0,0,6,0,0,0,0,1,1,6,6,1,26,6,-1,-1,-1,-1,2,E01001729,0,1
2024131447420,2024,131447420,1,1,0,-1,19,1,5,-1,0,8,0,0,0,0,1,1,-1,6,1,23,5,-1,-1,-1,-1,8,E01011207,0,2
2024211502361,2024,211502361,1,8,0,-1,5,1,1,-1,0,1,0,0,0,0,4,1,-1,1,1,40,7,-1,-1,-1,-1,-1,-1,0,-1
2024332400454,2024,332400454,1,23,0,-1,19,3,7,-1,0,0,0,0,0,0,1,1,-1,6,1,16,4,-1,-1,-1,-1,7,E01025855,0,1
2024010516168,2024,010516168,1,9,0,9,9,2,8,0,0,7,0,0,0,0,3,1,1,1,1,54,8,-1,-1,-1,-1,8,E01024351,0,4
2024141406422,2024,141406422,2,-1,0,-1,19,5,1,-1,0,0,2,0,0,0,1,9,-1,6,2,-1,-1,-1,-1,-1,-1,-1,-1,1,-1
2024201412796,2024,201412796,1,9,0,-1,19,8,4,-1,0,0,0,0,0,0,1,1,-1,6,1,-1,-1,-1,-1,-1,-1,-1,-1,0,-1
2024010497364,2024,010497364,2,19,0,18,19,5,1,0,0,8,0,0,0,0,0,1,6,6,3,-1,-1,-1,-1,-1,-1,-1,-1,0,-1
2024430517071,2024,430517071,1,9,0,17,19,4,1,0,0,2,0,0,1,4,1,1,1,1,1,36,7,-1,-1,-1,-1,7,E01028598,0,2
2024440219534,2024,440219534,2,9,0,18,19,1,5,0,0,1,0,0,0,0,1,1,6,6,3,-1,-1,-1,-1,-1,-1,-1,-1,0,-1
2024411457450,2024,411457450,2,9,0,-1,9,6,7,-1,0,8,0,0,0,0,1,1,-1,2,1,25,5,-1,-1,-1,-1,9,E01023969,0,1
2024111500290,2024,111500290,1,9,0,-1,9,1,5,-1,0,0,0,0,0,0,1,1,-1,9,2,23,5,-1,-1,-1,-1,2,E01020820,0,2
2024010543953,2024,010543953,2,9,0,18,19,2,6,0,0,8,0,0,0,0,1,1,6,6,3,-1,-1,-1,-1,-1,-1,-1,-1,0,-1
2024141512414,2024,141512414,1,1,0,-1,19,7,3,-1,0,0,0,0,0,0,1,1,-1,9,1,14,3,-1,-1,-1,-1,4,E01034844,0,1
2024010549902,2024,010549902,1,11,0,5,5,0,1,2,2,1,0,0,0,0,0,1,3,7,1,47,8,-1,-1,-1,-1,3,E01034482,0,3
2024221481664,2024,221481664,2,1,0,-1,19,2,6,-1,9,8,0,0,0,0,1,1,-1,6,1,56,9,-1,-1,-1,-1,2,E01033248,0,1
2024430557799,2024,430557799,1,9,0,16,19,1,4,0,0,0,0,0,0,0,1,1,6,6,1,30,6,-1,-1,-1,-1,-1,-1,0,-1
2024061453987,2024,061453987,1,1,0,-1,4,-1,-1,-1,99,0,0,0,0,0,2,1,-1,2,2,47,8,-1,-1,-1,-1,4,E01005500,0,1
2024010531574,2024,010531574,2,1,9,99,99,9,9,99,99,9,9,99,9,99,1,1,2,2,2,28,6,-1,-1,-1,-1,7,E01004496,0,2
2024010521021,2024,010521021,1,9,0,99,99,9,9,99,99,9,9,99,9,99,1,9,6,6,3,-1,-1,-1,-1,-1,-1,4,E01001397,0,3
2024010539893,2024,010539893,1,9,0,99,99,9,9,99,99,9,9,99,9,99,9,9,6,6,3,-1,-1,-1,-1,-1,-1,-1,-1,0,-1
2024131486897,2024,131486897,1,9,0,-1,9,5,3,-1,0,0,0,0,0,0,1,1,-1,1,1,68,10,-1,-1,-1,-1,10,E01029628,0,5
2024010513421,2024,010513421,2,98,0,99,99,9,9,99,99,9,9,99,9,99,9,9,6,6,3,-1,-1,-1,-1,-1,-1,-1,-1,0,-1
2024010488182,2024,010488182,1,9,0,18,19,5,1,0,0,2,0,0,0,0,4,1,3,7,2,38,7,-1,-1,-1,-1,2,E01000073,0,1
2024522402141,2024,522402141,2,9,0,18,19,8,4,0,0,0,0,0,0,0,1,1,6,6,2,45,7,-1,-1,-1,-1,5,W01002027,0,4
2024131530964,2024,131530964,2,9,0,-1,19,5,1,-1,0,0,0,0,0,0,2,1,-1,6,1,73,10,-1,-1,-1,-1,10,E01019670,0,4
2024201486659,2024,201486659,1,9,0,-1,11,7,3,-1,0,0,0,0,0,0,1,9,-1,1,1,55,8,-1,-1,-1,-1,4,E01010006,0,4
2024010501889,2024,010501889,2,1,0,16,19,7,3,0,0,0,0,0,7,0,4,1,6,6,1,35,6,-1,-1,-1,-1,6,E01035493,0,1
2024440329096,2024,440329096,2,90,0,18,19,3,7,0,0,0,0,0,0,0,2,1,6,6,3,-1,-1,-1,-1,-1,-1,-1,-1,0,-1
2024010487012,2024,010487012,1,9,0,18,19,5,1,0,0,0,0,0,0,0,1,1,6,6,1,-1,-1,-1,-1,-1,-1,-1,-1,0,-1
2024161448185,2024,161448185,1,9,0,-1,9,3,1,-1,0,5,0,0,0,0,1,2,-1,2,2,29,6,-1,-1,-1,-1,1,E01012848,0,2
2024201521437,2024,201521437,2,1,0,-1,19,1,5,-1,0,8,0,0,0,0,1,1,-1,6,2,44,7,-1,-1,-1,-1,5,E01032172,0,1
2024201400430,2024,201400430,1,9,0,-1,19,2,6,-1,0,0,0,0,0,0,1,1,-1,6,2,-1,-1,-1,-1,-1,-1,-1,-1,0,-1
2024991424274,2024,991424274,2,1,0,-1,19,2,7,-1,0,8,0,0,0,0,2,1,-1,9,1,47,8,-1,-1,-1,-1,7,-1,0,2
2024311468922,2024,311468922,1,11,0,-1,15,4,2,-1,0,1,0,0,0,0,1,1,-1,1,1,60,9,-1,-1,-1,-1,-1,-1,0,-1
2024131565185,2024,131565185,2,9,0,-1,19,-1,-1,-1,0,8,-1,-1,-1,0,-1,1,-1,6,3,-1,-1,-1,-1,-1,-1,-1,-1,0,-1
2024010529365,2024,010529365,2,9,0,99,99,9,9,99,99,9,9,99,9,99,1,9,6,6,3,-1,-1,-1,-1,-1,-1,-1,-1,0,-1
2024010487020,2024,010487020,2,1,0,7,7,1,4,0,0,1,0,0,0,0,4,1,1,1,1,23,5,-1,-1,-1,-1,-1,-1,0,-1
2024411453742,2024,411453742,1,9,0,-1,19,5,1,-1,0,0,0,0,0,0,0,1,-1,1,1,39,7,-1,-1,-1,-1,9,E01009543,0,5
2024461475790,2024,461475790,2,1,0,-1,19,5,1,-1,0,8,0,0,0,0,1,1,-1,1,2,44,7,-1,-1,-1,-1,8,E01023993,0,1
2024201527338,2024,201527338,2,1,0,-1,19,4,8,-1,0,8,0,0,0,0,1,1,-1,6,1,30,6,-1,-1,-1,-1,5,E01033559,0,1
2024010507043,2024,010507043,1,1,0,18,19,1,5,0,0,6,0,0,0,0,3,1,1,1,2,25,5,-1,-1,-1,-1,2,E01003046,0,2
2024311478051,2024,311478051,1,11,0,-1,2,1,5,-1,0,0,0,0,0,0,0,1,-1,6,2,58,9,-1,-1,-1,-1,-1,-1,0,-1
2024501451890,2024,501451890,1,9,0,-1,9,5,3,-1,0,8,0,0,0,0,1,1,-1,1,1,58,9,-1,-1,-1,-1,6,E01020329,0,4
2024471469322,2024,471469322,1,9,0,-1,10,-1,-1,-1,0,4,-1,-1,-1,0,-1,9,-1,6,2,-1,-1,-1,-1,-1,-1,-1,-1,0,-1
2024320758872,2024,320758872,1,9,0,-1,-1,6,2,0,0,8,0,0,0,0,1,1,6,6,1,76,11,-1,-1,-1,-1,6,E01026282,0,1
2024141450281,2024,141450281,1,9,0,-1,19,3,7,-1,0,1,0,0,0,0,1,1,-1,9,2,31,6,-1,-1,-1,-1,2,E01007394,0,1
2024161461591,2024,161461591,1,9,0,-1,19,1,5,-1,0,0,0,0,0,0,1,1,-1,2,2,49,8,-1,-1,-1,-1,10,E01013171,0,1
2024371454494,2024,371454494,1,19,0,-1,2,4,7,-1,0,0,0,0,0,0,3,1,-1,1,1,46,8,-1,-1,-1,-1,10,E01029903,0,3
2024471536262,2024,471536262,1,9,0,-1,9,1,4,-1,0,3,0,0,0,0,3,1,-1,9,2,72,10,-1,-1,-1,-1,1,E01020995,0,1
2024430301573,2024,430301573,2,9,0,1,1,7,3,0,0,6,0,0,0,0,3,1,6,6,1,60,9,-1,-1,-1,-1,-1,-1,0,-1
2024320303447,2024,320303447,1,9,0,-1,-1,8,4,0,0,0,0,0,0,0,1,1,6,6,1,-1,-1,-1,-1,-1,-1,-1,-1,0,-1
2024430584732,2024,430584732,2,9,0,18,19,4,8,0,0,8,0,0,0,0,1,1,6,6,1,32,6,-1,-1,-1,-1,5,E01002118,0,4
2024041397931,2024,041397931,2,1,0,-1,19,3,7,-1,0,0,0,0,0,0,1,1,-1,9,1,37,7,-1,-1,-1,-1,9,E01024112,0,5
2024471484775,2024,471484775,2,9,0,-1,99,-1,-1,-1,0,1,9,99,0,0,9,1,-1,6,3,-1,-1,-1,-1,-1,-1,-1,-1,0,-1
2024061490153,2024,061490153,1,1,0,-1,19,1,5,-1,4,8,0,0,0,0,3,1,-1,2,2,29,6,-1,-1,-1,-1,10,E01019758,0,3
2024070965605,2024,070965605,2,98,5,-1,19,3,7,-1,0,2,0,0,0,0,4,1,-1,6,3,-1,-1,-1,-1,-1,-1,-1,-1,0,-1
2024231442272,2024,231442272,2,21,1,-1,19,5,1,-1,0,0,0,0,0,0,0,1,-1,6,3,50,8,-1,-1,-1,-1,-1,-1,0,-1