collision_index,collision_year,collision_ref_no,vehicle_reference,vehicle_type,towing_and_articulation,vehicle_manoeuvre_historic,vehicle_manoeuvre,vehicle_direction_from,vehicle_direction_to,vehicle_location_restricted_lane_historic,vehicle_location_restricted_lane,junction_location,skidding_and_overturning,hit_object_in_carriageway,vehicle_leaving_carriageway,hit_object_off_carriageway,first_point_of_impact,vehicle_left_hand_drive,journey_purpose_of_driver_historic,journey_purpose_of_driver,sex_of_driver,age_of_driver,age_band_of_driver,engine_capacity_cc,propulsion_code,age_of_vehicle,generic_make_model,driver_imd_decile,lsoa_of_driver,escooter_flag,driver_distance_banding
2024211436884,2024,211436884,1,1,0,-1,19,1,5,-1,0,0,0,0,0,0,1,1,-1,6,1,-1,-1,-1,-1,-1,-1,-1,-1,0,-1
2024351503794,2024,351503794,2,9,0,-1,19,5,1,-1,0,8,0,0,4,0,4,1,-1,9,2,39,7,-1,-1,-1,-1,6,E01026282,0,4
2024010548221,2024,010548221,1,-1,9,99,99,9,9,99,99,9,9,99,9,99,9,9,6,6,1,32,6,-1,-1,-1,-1,5,E01002179,1,1
2024501439211,2024,501439211,1,5,0,-1,12,3,7,-1,0,0,1,0,0,0,4,1,-1,2,1,49,8,-1,-1,-1,-1,6,E01018752,0,3
2024010526485,2024,010526485,2,9,0,18,19,5,1,0,0,8,0,0,0,0,1,1,6,6,3,-1,-1,-1,-1,-1,-1,-1,-1,0,-1
2024401472270,2024,401472270,2,1,0,-1,4,8,1,-1,0,4,0,0,0,0,1,1,-1,6,2,60,9,-1,-1,-1,-1,4,E01015769,0,1
2024010543469,2024,010543469,1,19,0,3,3,1,5,0,0,0,0,0,0,0,2,1,2,2,1,43,7,-1,-1,-1,-1,-1,-1,0,-1
2024461517836,2024,461517836,1,99,0,-1,19,3,7,-1,0,2,0,0,0,0,2,9,-1,6,3,24,5,-1,-1,-1,-1,-1,-1,0,-1
2024340WN5432,2024,340WN5432,1,21,0,-1,12,1,5,-1,0,0,0,0,0,0,1,1,-1,1,1,56,9,-1,-1,-1,-1,4,-1,0,5
2024010514284,2024,010514284,1,1,9,99,99,9,9,99,99,0,9,99,9,99,9,1,2,2,1,35,6,-1,-1,-1,-1,4,E01004212,0,4
2024991434402,2024,991434402,2,1,0,-1,19,2,6,-1,4,8,0,0,0,0,1,1,-1,1,1,36,7,-1,-1,-1,-1,1,-1,0,1
2024201553072,2024,201553072,2,9,0,-1,5,4,8,-1,0,8,0,0,0,0,4,9,-1,2,1,47,8,-1,-1,-1,-1,4,E01029666,0,1
2024010486866,2024,010486866,2,9,0,18,19,5,1,0,0,0,0,0,0,0,1,1,6,6,1,31,6,-1,-1,-1,-1,3,E01003439,0,2
2024010537885,2024,010537885,1,1,9,15,15,3,7,0,0,9,9,0,9,99,2,1,6,6,1,-1,-1,-1,-1,-1,-1,-1,-1,0,-1
2024311497113,2024,311497113,1,1,0,-1,19,1,5,-1,0,1,0,0,0,0,2,1,-1,6,1,33,6,-1,-1,-1,-1,-1,-1,0,-1
2024371417933,2024,371417933,2,1,0,-1,19,3,7,-1,0,8,0,0,0,0,3,1,-1,6,2,50,8,-1,-1,-1,-1,9,E01030196,0,1
2024543627824,2024,543627824,2,1,0,5,5,5,1,0,0,0,5,0,0,0,4,1,6,6,1,9,2,-1,-1,-1,-1,2,E01033846,0,1
2024141530071,2024,141530071,2,1,0,-1,19,1,5,-1,0,2,0,0,0,0,1,1,-1,6,1,53,8,-1,-1,-1,-1,8,E01033280,0,2
2024201421939,2024,201421939,1,9,0,-1,19,3,7,-1,0,8,0,0,0,0,1,9,-1,6,1,60,9,-1,-1,-1,-1,8,E01032532,0,1
2024411515055,2024,411515055,2,9,0,-1,4,3,7,-1,0,0,0,0,1,0,1,1,-1,9,1,20,4,-1,-1,-1,-1,10,E01023626,0,2
2024421417983,2024,421417983,1,1,0,-1,19,5,1,-1,0,0,0,0,0,0,1,1,-1,9,1,65,9,-1,-1,-1,-1,4,E01002016,0,3
2024471435450,2024,471435450,1,9,0,-1,19,5,1,-1,0,0,5,0,1,0,1,1,-1,2,1,39,7,-1,-1,-1,-1,9,E01021156,0,1
2024552401208,2024,552401208,2,1,0,18,19,4,8,0,0,8,0,0,0,0,4,1,4,7,1,14,3,-1,-1,-1,-1,8,E01015389,0,1
2024421535742,2024,421535742,1,9,0,-1,19,7,3,-1,0,8,0,0,0,0,1,1,-1,9,1,27,6,-1,-1,-1,-1,2,E01035161,0,4
2024052400151,2024,052400151,1,9,0,5,5,3,7,0,0,1,0,0,0,0,4,1,6,6,3,-1,-1,-1,-1,-1,-1,-1,-1,0,-1
2024131426680,2024,131426680,2,1,0,-1,19,1,1,-1,0,8,0,0,0,0,1,1,-1,6,1,37,7,-1,-1,-1,-1,2,E01010805,0,1
2024201493420,2024,201493420,1,9,0,-1,19,1,5,-1,0,1,0,0,0,0,1,9,-1,6,1,20,4,-1,-1,-1,-1,-1,-1,0,-1
2024010516916,2024,010516916,2,1,0,18,19,1,5,0,0,1,0,0,0,0,1,1,6,6,1,29,6,-1,-1,-1,-1,3,E01001774,0,1
2024010508518,2024,010508518,1,9,9,99,99,9,9,99,99,9,0,99,9,99,9,9,6,6,3,-1,-1,-1,-1,-1,-1,-1,-1,0,-1
2024440209331,2024,440209331,2,11,0,18,19,5,1,0,0,8,0,0,0,0,1,1,1,1,3,-1,-1,-1,-1,-1,-1,-1,-1,0,-1
2024010487397,2024,010487397,2,9,0,2,2,0,0,0,0,0,0,0,0,0,4,1,6,6,3,-1,-1,-1,-1,-1,-1,-1,-1,0,-1
2024010528452,2024,010528452,1,1,9,18,19,9,9,99,99,0,9,8,9,99,9,1,1,1,1,32,6,-1,-1,-1,-1,4,E01003916,0,2
2024010489281,2024,010489281,1,4,0,99,99,9,9,99,99,9,9,99,9,99,9,1,2,2,1,41,7,-1,-1,-1,-1,5,E01023332,0,3
2024411536316,2024,411536316,2,1,0,-1,19,7,5,-1,0,4,0,0,0,0,3,1,-1,6,1,54,8,-1,-1,-1,-1,4,E01023296,0,1
2024991395313,2024,991395313,1,9,0,-1,19,6,2,-1,0,2,0,0,0,0,1,1,-1,6,1,30,6,-1,-1,-1,-1,-1,-1,0,-1
2024201467132,2024,201467132,2,1,0,-1,19,6,2,-1,0,6,0,0,0,0,3,1,-1,1,1,34,6,-1,-1,-1,-1,1,E01009141,0,1
2024610019224,2024,610019224,1,9,0,18,19,6,2,0,0,0,0,0,1,1,1,1,6,6,1,20,4,-1,-1,-1,-1,2,W01001750,0,2
2024161463445,2024,161463445,2,9,0,-1,9,4,1,-1,0,1,0,0,0,0,3,9,-1,6,2,-1,-1,-1,-1,-1,-1,-1,-1,0,-1
2024421454332,2024,421454332,2,1,0,-1,19,1,5,-1,0,0,0,0,0,0,4,1,-1,9,1,64,9,-1,-1,-1,-1,9,E01035177,0,1
2024201431317,2024,201431317,1,97,0,-1,19,3,7,-1,0,1,0,10,1,2,1,1,-1,6,1,14,3,-1,-1,-1,-1,1,E01034306,0,1
2024520401226,2024,520401226,1,9,0,9,9,2,8,0,0,8,0,0,0,0,1,1,6,6,1,38,7,-1,-1,-1,-1,2,E01029239,0,3
2024440267291,2024,440267291,2,1,0,18,19,5,1,0,0,0,0,0,0,0,1,1,6,6,1,43,7,-1,-1,-1,-1,1,E01017155,0,2
2024320479113,2024,320479113,2,1,0,-1,-1,2,6,0,0,0,5,0,0,0,1,1,6,6,1,10,2,-1,-1,-1,-1,8,E01026322,0,1
2024471481186,2024,471481186,2,-1,0,-1,9,6,4,-1,0,0,0,0,0,0,3,1,-1,6,1,15,3,-1,-1,-1,-1,6,E01031345,1,1
2024430017314,2024,430017314,1,9,0,4,4,2,6,0,0,1,0,0,0,0,2,1,2,2,1,43,7,-1,-1,-1,-1,10,E01033968,0,3
2024161478001,2024,161478001,1,9,0,-1,19,7,3,-1,0,8,0,0,0,0,1,1,-1,6,1,36,7,-1,-1,-1,-1,7,E01033105,0,2
2024332401024,2024,332401024,1,9,0,-1,19,1,5,-1,0,0,0,0,0,0,3,1,-1,9,2,26,6,-1,-1,-1,-1,10,E01025665,0,1
2024141480571,2024,141480571,1,9,0,-1,9,2,8,-1,0,6,0,0,0,0,1,1,-1,1,1,58,9,-1,-1,-1,-1,4,E01007780,0,2
2024991481725,2024,991481725,2,9,0,-1,3,8,4,-1,0,1,0,0,0,0,2,1,-1,1,1,46,8,-1,-1,-1,-1,4,-1,0,5
2024010546987,2024,010546987,1,9,0,1,1,7,3,0,0,0,0,0,0,0,2,1,1,1,1,44,7,-1,-1,-1,-1,5,E01004733,0,1
2024311505853,2024,311505853,2,9,-1,-1,15,4,1,-1,0,2,0,0,0,0,0,9,-1,6,1,-1,-1,-1,-1,-1,-1,-1,-1,0,-1
2024010544298,2024,010544298,1,9,0,99,99,9,9,99,99,0,0,0,9,0,9,9,6,6,3,-1,-1,-1,-1,-1,-1,-1,-1,0,-1
2024440442493,2024,440442493,2,9,0,2,2,0,0,0,0,0,0,0,0,0,4,1,6,6,3,-1,-1,-1,-1,-1,-1,-1,-1,0,-1
2024061534279,2024,061534279,2,8,0,-1,19,5,1,-1,0,2,0,0,0,0,1,1,-1,1,1,45,7,-1,-1,-1,-1,1,E01005569,0,2
2024010491294,2024,010491294,3,9,0,4,4,1,5,0,0,1,0,0,0,0,2,1,6,6,2,44,7,-1,-1,-1,-1,7,E01003429,0,1
2024311397054,2024,311397054,1,97,0,-1,19,2,6,-1,9,2,0,0,0,0,1,1,-1,6,3,-1,-1,-1,-1,-1,-1,-1,-1,0,-1
2024302401787,2024,302401787,2,1,0,-1,19,4,8,-1,4,8,0,0,0,0,3,1,-1,6,1,26,6,-1,-1,-1,-1,7,E01019700,0,1
2024440426923,2024,440426923,2,1,0,18,19,3,7,0,0,8,0,0,0,0,4,1,2,2,2,47,8,-1,-1,-1,-1,4,E01017071,0,1
2024141515110,2024,141515110,1,9,0,-1,-1,-1,-1,-1,-1,0,-1,-1,-1,0,-1,9,-1,6,3,-1,-1,-1,-1,-1,-1,-1,-1,0,-1
2024041399337,2024,041399337,2,9,0,-1,19,1,5,-1,0,8,1,0,0,0,4,1,-1,2,1,42,7,-1,-1,-1,-1,7,E01024921,0,2
2024010489551,2024,010489551,1,1,9,99,99,9,9,99,99,9,9,99,9,99,9,1,2,2,1,33,6,-1,-1,-1,-1,7,E01004476,0,2
2024131529337,2024,131529337,1,9,0,-1,-1,-1,-1,-1,-1,-1,-1,-1,-1,-1,-1,1,-1,6,3,-1,-1,-1,-1,-1,-1,-1,-1,0,-1
2024451514269,2024,451514269,1,9,0,-1,-1,-1,-1,-1,-1,-1,-1,-1,-1,0,-1,9,-1,6,3,45,7,-1,-1,-1,-1,-1,-1,0,-1
2024161471535,2024,161471535,1,9,0,-1,19,7,3,-1,0,0,0,0,0,0,4,1,-1,6,1,42,7,-1,-1,-1,-1,2,E01012992,0,4
2024461398731,2024,461398731,1,9,0,-1,4,4,2,-1,0,0,1,0,0,0,3,9,-1,6,3,-1,-1,-1,-1,-1,-1,-1,-1,0,-1
2024401536211,2024,401536211,3,9,0,-1,3,1,5,-1,0,0,0,0,0,0,1,1,-1,9,1,54,8,-1,-1,-1,-1,7,E01017420,0,3
2024010517905,2024,010517905,1,1,9,99,99,9,9,99,99,0,9,99,9,99,9,1,6,6,2,40,7,-1,-1,-1,-1,8,E01003817,0,2
2024061440171,2024,061440171,1,9,0,-1,19,1,1,-1,0,0,0,0,0,0,1,2,-1,6,-1,30,6,-1,-1,-1,-1,-1,-1,0,-1
2024231452805,2024,231452805,1,9,0,-1,19,5,1,-1,0,8,0,0,0,0,4,1,-1,6,1,25,5,-1,-1,-1,-1,10,E01028628,0,5
2024201476077,2024,201476077,2,9,0,-1,19,3,7,-1,0,4,0,0,0,0,4,9,-1,6,2,29,6,-1,-1,-1,-1,7,E01029476,0,4
2024010488211,2024,010488211,2,9,0,99,99,9,9,99,99,9,9,99,9,99,1,9,6,6,3,-1,-1,-1,-1,-1,-1,-1,-1,0,-1
2024201403815,2024,201403815,5,9,0,-1,19,4,8,-1,0,0,1,0,0,0,1,9,-1,9,1,48,8,-1,-1,-1,-1,4,E01009138,0,1
2024010512965,2024,010512965,1,1,9,99,99,9,9,99,99,9,9,99,9,99,9,1,6,6,1,30,6,-1,-1,-1,-1,6,E01003226,0,2
2024991396306,2024,991396306,1,9,0,-1,4,5,1,-1,0,0,0,0,0,0,1,1,-1,6,1,35,6,-1,-1,-1,-1,4,-1,0,1
2024430126630,2024,430126630,2,9,0,18,19,2,6,0,0,0,0,0,0,0,0,1,6,6,3,-1,-1,-1,-1,-1,-1,-1,-1,0,-1
2024522401374,2024,522401374,2,1,0,18,19,1,5,5,5,0,0,0,0,0,1,1,6,6,3,-1,-1,-1,-1,-1,-1,-1,-1,0,-1
2024471473529,2024,471473529,2,1,0,-1,19,3,7,-1,0,1,0,0,0,0,1,1,-1,6,1,23,5,-1,-1,-1,-1,2,E01016945,0,1
2024421470945,2024,421470945,1,-1,0,-1,19,6,2,-1,9,0,0,0,1,0,1,1,-1,6,1,20,4,-1,-1,-1,-1,-1,-1,1,-1
2024061457188,2024,061457188,4,9,0,-1,19,7,3,-1,0,0,0,0,0,0,1,1,-1,1,2,49,8,-1,-1,-1,-1,8,E01025358,0,4
2024430545119,2024,430545119,1,9,0,18,19,5,1,0,0,0,0,0,0,0,0,1,6,6,1,-1,-1,-1,-1,-1,-1,-1,-1,0,-1
2024332400627,2024,332400627,1,1,0,-1,19,6,1,-1,0,0,0,0,7,11,1,1,-1,6,1,44,7,-1,-1,-1,-1,10,E01034005,0,1
2024010507886,2024,010507886,2,19,0,99,99,9,9,99,99,9,9,99,9,99,9,9,6,6,3,-1,-1,-1,-1,-1,-1,-1,-1,0,-1
2024010509415,2024,010509415,1,1,9,99,99,9,9,99,99,9,9,99,9,99,9,1,2,2,1,35,6,-1,-1,-1,-1,8,E01017910,0,4
2024101500869,2024,101500869,2,1,0,-1,19,5,1,-1,0,0,5,0,0,0,3,1,-1,1,1,29,6,-1,-1,-1,-1,3,E01008396,0,1
2024010487224,2024,010487224,1,9,0,18,19,2,6,0,0,2,0,0,0,0,1,1,6,6,3,-1,-1,-1,-1,-1,-1,-1,-1,0,-1
2024010495231,2024,010495231,1,9,0,9,9,4,2,0,0,1,0,0,1,0,1,1,2,2,1,51,8,-1,-1,-1,-1,6,E01003327,0,1
2024141410993,2024,141410993,1,9,0,-1,1,3,7,-1,0,0,0,0,0,0,0,1,-1,9,1,55,8,-1,-1,-1,-1,2,E01007559,0,1
2024610052924,2024,610052924,1,9,0,18,19,5,1,0,0,0,0,0,0,0,1,1,6,6,1,66,10,-1,-1,-1,-1,2,W01001482,0,1
2024522402937,2024,522402937,2,1,0,18,19,7,3,0,0,8,0,0,0,0,1,1,6,6,1,69,10,-1,-1,-1,-1,7,E01029147,0,3
202417M108524,2024,17M108524,2,9,0,-1,12,2,6,-1,0,0,0,0,0,0,3,1,-1,6,3,-1,-1,-1,-1,-1,-1,-1,-1,0,-1
2024201487702,2024,201487702,2,1,0,-1,19,4,7,-1,0,1,0,0,0,0,4,1,-1,9,2,52,8,-1,-1,-1,-1,4,E01010457,0,1
2024991486131,2024,991486131,2,9,0,-1,2,0,0,-1,9,0,0,0,0,0,4,1,-1,6,-1,-1,-1,-1,-1,-1,-1,-1,-1,0,-1
202460Q012386,2024,60Q012386,2,1,0,18,19,3,7,0,0,1,0,0,0,0,1,1,6,6,2,50,8,-1,-1,-1,-1,-1,-1,0,-1
2024610047524,2024,610047524,1,9,0,17,19,7,5,0,0,0,5,0,1,8,1,1,6,6,1,17,4,-1,-1,-1,-1,8,W01001658,0,1
2024351399457,2024,351399457,1,9,0,-1,5,7,3,-1,0,0,0,7,0,0,2,1,-1,9,1,42,7,-1,-1,-1,-1,2,E01015615,0,1
2024010513174,2024,010513174,1,1,9,99,99,9,9,99,99,9,9,99,9,99,1,1,2,2,2,34,6,-1,-1,-1,-1,2,E01003061,0,3
2024231442723,2024,231442723,1,21,1,-1,11,8,4,-1,0,0,0,0,0,0,3,9,-1,6,3,55,8,-1,-1,-1,-1,-1,-1,0,-1
2024111467802,2024,111467802,1,19,0,-1,19,5,7,-1,0,3,1,0,0,0,4,1,-1,6,3,30,6,-1,-1,-1,-1,-1,-1,0,-1
2024311464567,2024,311464567,1,99,0,-1,19,3,7,-1,0,0,0,0,0,0,4,2,-1,6,3,-1,-1,-1,-1,-1,-1,-1,-1,0,-1
2024010489683,2024,010489683,2,1,0,4,4,8,4,0,0,0,0,0,0,0,0,1,2,2,1,33,6,-1,-1,-1,-1,2,E01033880,0,1
2024061505564,2024,061505564,1,8,0,-1,5,3,6,-1,0,8,0,0,0,0,1,9,-1,9,3,-1,-1,-1,-1,-1,-1,-1,-1,0,-1
2024430014092,2024,430014092,2,9,0,1,1,7,3,5,5,0,0,0,0,0,2,1,6,6,1,20,4,-1,-1,-1,-1,6,E01016827,0,1
2024131527856,2024,131527856,2,1,0,-1,19,5,1,-1,0,0,0,8,0,0,4,1,-1,2,1,16,4,-1,-1,-1,-1,1,E01011337,0,1
2024340WN1552,2024,340WN1552,1,20,0,-1,19,2,6,-1,0,1,0,0,0,0,1,1,-1,7,1,27,6,-1,-1,-1,-1,2,E01027351,0,4
2024411486381,2024,411486381,2,1,0,-1,-1,-1,-1,-1,-1,-1,-1,-1,-1,0,-1,1,-1,6,1,56,9,-1,-1,-1,-1,8,E01023680,0,1
2024451510950,2024,451510950,2,9,0,-1,19,5,1,-1,9,2,0,0,1,0,4,1,-1,9,2,45,7,-1,-1,-1,-1,4,E01002557,0,1
2024201411217,2024,201411217,2,-1,0,-1,19,8,4,-1,0,0,0,0,0,0,3,1,-1,6,2,17,4,-1,-1,-1,-1,8,E01009649,1,1
2024421530067,2024,421530067,2,9,0,-1,19,1,5,-1,0,0,0,0,0,0,0,9,-1,6,3,-1,-1,-1,-1,-1,-1,-1,-1,0,-1
2024531430698,2024,531430698,1,9,0,-1,19,5,1,-1,0,0,0,0,0,0,1,1,-1,6,1,-1,-1,-1,-1,-1,-1,-1,-1,0,-1
2024010508704,2024,010508704,3,1,0,18,19,1,5,0,0,1,0,0,0,0,3,1,6,6,1,65,9,-1,-1,-1,-1,9,E01000209,0,1
2024371462171,2024,371462171,2,1,0,-1,19,1,5,-1,0,0,0,0,0,0,2,1,-1,1,1,52,8,-1,-1,-1,-1,10,E01018013,0,1
202454B554524,2024,54B554524,1,1,0,18,19,3,7,0,0,0,0,0,0,0,1,1,6,6,3,-1,-1,-1,-1,-1,-1,-1,-1,0,-1
2024201400868,2024,201400868,1,9,0,-1,5,4,8,-1,0,0,0,4,0,0,1,9,-1,6,3,40,7,-1,-1,-1,-1,-1,-1,0,-1
2024430103627,2024,430103627,2,11,0,2,2,0,0,0,0,0,0,0,0,0,0,1,1,1,1,35,6,-1,-1,-1,-1,-1,-1,0,-1
2024010490279,2024,010490279,2,9,0,18,19,3,7,0,0,8,0,0,0,0,2,1,6,6,2,24,5,-1,-1,-1,-1,9,E01002192,0,1
2024411466367,2024,411466367,2,90,0,-1,19,7,3,-1,0,1,0,0,0,0,1,1,-1,6,1,59,9,-1,-1,-1,-1,10,E01023675,0,3
2024201523192,2024,201523192,1,9,0,-1,19,6,2,-1,0,0,0,0,0,0,1,1,-1,6,2,39,7,-1,-1,-1,-1,1,E01009511,0,1
2024031464552,2024,031464552,1,9,0,-1,7,7,1,-1,0,2,0,0,0,0,1,1,-1,6,2,44,7,-1,-1,-1,-1,10,E01019251,0,1
2024010488220,2024,010488220,1,1,9,99,99,9,9,99,99,1,9,99,9,99,9,1,1,1,3,26,6,-1,-1,-1,-1,4,E01004259,0,1
2024010517500,2024,010517500,2,1,0,18,19,8,4,0,0,2,0,0,0,0,4,1,6,6,1,43,7,-1,-1,-1,-1,4,E01002559,0,1
2024010502517,2024,010502517,2,9,0,4,4,2,6,0,0,0,0,0,0,0,2,1,1,1,1,41,7,-1,-1,-1,-1,-1,-1,0,-1
2024991451297,2024,991451297,1,1,0,-1,19,5,1,-1,9,1,5,0,0,0,3,1,-1,9,1,5,1,-1,-1,-1,-1,4,-1,0,1
2024010530025,2024,010530025,1,1,0,18,19,5,1,0,0,1,5,0,0,0,1,1,2,2,1,27,6,-1,-1,-1,-1,4,E01002839,0,1
2024430194734,2024,430194734,2,9,0,18,19,6,2,0,0,0,0,0,0,0,1,1,6,6,1,-1,-1,-1,-1,-1,-1,4,E01016273,0,1
2024010488526,2024,010488526,1,9,0,7,7,1,3,0,0,3,0,0,0,0,1,2,6,6,2,32,6,-1,-1,-1,-1,4,E01000769,0,1
2024010488247,2024,010488247,2,9,0,99,99,9,9,99,99,9,9,99,9,99,1,9,6,6,2,38,7,-1,-1,-1,-1,2,E01001055,0,4
2024010491818,2024,010491818,2,9,0,4,4,3,7,0,0,1,0,0,0,0,2,1,2,2,1,48,8,-1,-1,-1,-1,5,E01015768,0,4
2024010506818,2024,010506818,1,9,0,3,3,9,9,99,99,9,9,99,9,99,9,9,6,6,1,44,7,-1,-1,-1,-1,4,E01002704,0,2
2024201443825,2024,201443825,2,9,0,-1,19,6,2,-1,0,8,0,0,0,0,1,1,-1,6,2,36,7,-1,-1,-1,-1,2,E01010409,0,1
2024201533608,2024,201533608,1,9,0,-1,19,3,7,-1,0,0,0,0,0,0,1,1,-1,9,1,31,6,-1,-1,-1,-1,1,E01010413,0,2
2024302401051,2024,302401051,3,19,0,18,19,8,4,0,0,2,0,0,0,0,0,1,6,6,3,-1,-1,-1,-1,-1,-1,5,E01019456,0,3
2024010531630,2024,010531630,2,1,0,18,19,5,1,0,0,1,0,0,0,0,1,1,6,6,1,34,6,-1,-1,-1,-1,6,E01003392,0,1
2024311441740,2024,311441740,2,1,0,-1,19,1,5,-1,0,6,0,0,0,0,1,1,-1,6,1,25,5,-1,-1,-1,-1,-1,-1,0,-1
2024991419129,2024,991419129,2,9,0,-1,3,6,2,-1,0,4,0,0,7,0,2,1,-1,1,1,51,8,-1,-1,-1,-1,2,-1,0,4
2024010498870,2024,010498870,1,9,0,99,99,9,9,99,99,9,9,99,9,99,2,9,6,6,2,29,6,-1,-1,-1,-1,5,E01023537,0,2
2024052400476,2024,052400476,1,19,0,18,19,8,4,0,0,0,0,0,0,0,1,1,6,6,3,-1,-1,-1,-1,-1,-1,-1,-1,0,-1
2024201467701,2024,201467701,1,9,0,-1,19,7,4,-1,0,0,1,4,0,0,1,1,-1,6,3,32,6,-1,-1,-1,-1,-1,-1,0,-1
2024531476855,2024,531476855,2,1,0,-1,19,2,6,-1,0,0,0,0,0,0,1,1,-1,6,1,60,9,-1,-1,-1,-1,2,E01022290,0,1
2024451487214,2024,451487214,1,98,4,-1,19,3,7,-1,0,0,0,0,0,0,0,1,-1,9,1,31,6,-1,-1,-1,-1,5,E01024357,0,4
2024221406305,2024,221406305,1,9,0,-1,9,8,6,-1,0,5,0,0,0,0,1,9,-1,6,1,58,9,-1,-1,-1,-1,-1,-1,0,-1
2024041526442,2024,041526442,1,1,0,-1,19,4,8,-1,0,0,1,0,1,3,1,1,-1,9,1,59,9,-1,-1,-1,-1,6,E01025338,0,2
2024991521022,2024,991521022,1,9,0,-1,19,1,5,-1,0,0,0,0,0,0,3,1,-1,6,3,18,4,-1,-1,-1,-1,-1,-1,0,-1
2024320657078,2024,320657078,1,9,0,9,9,3,8,0,0,6,0,0,0,0,1,1,1,1,1,50,8,-1,-1,-1,-1,2,E01026056,0,3
2024052400390,2024,052400390,1,1,0,18,19,3,7,0,0,8,0,0,0,0,1,1,6,6,1,16,4,-1,-1,-1,-1,1,E01033228,0,1
2024522500142,2024,522500142,1,5,0,4,4,1,5,0,0,0,1,0,0,0,1,1,6,6,1,22,5,-1,-1,-1,-1,9,E01035231,0,1
2024361487057,2024,361487057,2,9,0,-1,19,7,3,-1,0,1,0,0,0,0,1,1,-1,9,1,70,10,-1,-1,-1,-1,7,E01026673,0,2
2024061511471,2024,061511471,1,1,0,-1,19,-1,-1,-1,0,0,0,0,0,0,9,1,-1,9,1,75,10,-1,-1,-1,-1,9,E01006400,0,1
2024371405675,2024,371405675,2,9,0,-1,3,4,8,-1,0,2,0,0,0,0,2,1,-1,1,1,20,4,-1,-1,-1,-1,6,E01021647,0,3
2024010494304,2024,010494304,2,9,9,99,99,9,9,99,99,9,9,99,9,99,9,9,6,6,3,-1,-1,-1,-1,-1,-1,-1,-1,0,-1
2024010531549,2024,010531549,2,9,9,99,99,9,9,99,99,0,9,99,9,99,9,9,6,6,3,-1,-1,-1,-1,-1,-1,-1,-1,0,-1
2024010518349,2024,010518349,3,9,0,99,99,9,9,99,99,9,9,99,9,99,1,1,6,6,2,-1,-1,-1,-1,-1,-1,-1,-1,0,-1
2024010490579,2024,010490579,1,1,9,99,99,9,9,99,99,9,9,99,9,99,9,1,2,2,1,48,8,-1,-1,-1,-1,7,E01003419,0,1
2024161470609,2024,161470609,1,-1,0,-1,19,8,4,-1,9,1,0,0,0,0,0,9,-1,6,3,-1,-1,-1,-1,-1,-1,-1,-1,1,-1
2024631428503,2024,631428503,3,98,0,-1,20,0,0,-1,0,0,0,0,0,0,3,1,-1,6,-1,-1,-1,-1,-1,-1,-1,-1,-1,0,-1
2024201438370,2024,201438370,2,9,0,-1,12,2,6,-1,0,8,0,0,0,0,1,9,-1,6,2,25,5,-1,-1,-1,-1,10,E01010190,0,2
2024010534443,2024,010534443,1,1,0,18,19,5,1,0,0,8,0,0,0,0,4,1,2,2,1,25,5,-1,-1,-1,-1,8,E01003027,0,1
2024010538697,2024,010538697,1,1,0,18,19,1,5,2,2,9,0,99,9,0,9,1,2,2,2,22,5,-1,-1,-1,-1,2,E01002784,0,1
2024320598581,2024,320598581,1,19,0,-1,-1,6,2,0,0,1,0,0,0,0,1,1,6,6,3,-1,-1,-1,-1,-1,-1,-1,-1,0,-1
2024201499501,2024,201499501,5,9,0,-1,19,7,4,-1,0,0,0,0,0,0,0,1,-1,8,1,-1,-1,-1,-1,-1,-1,4,E01009234,0,2
2024161452169,2024,161452169,1,9,0,-1,5,5,1,-1,0,1,0,0,0,0,1,1,-1,9,2,74,10,-1,-1,-1,-1,8,E01013065,0,1
2024421428545,2024,421428545,2,11,0,-1,19,2,6,-1,0,1,0,0,0,0,3,1,-1,1,1,31,6,-1,-1,-1,-1,2,E01023339,0,4
2024010503752,2024,010503752,2,9,0,18,19,3,7,0,0,1,0,0,7,0,4,1,6,6,2,29,6,-1,-1,-1,-1,4,E01003230,0,1
2024461397539,2024,461397539,2,9,0,-1,2,0,0,-1,0,2,0,7,0,0,1,1,-1,2,2,44,7,-1,-1,-1,-1,4,E01024586,0,3
2024010545919,2024,010545919,1,1,9,99,99,9,9,99,99,0,9,99,9,99,2,1,2,2,1,30,6,-1,-1,-1,-1,3,E01003105,0,1
2024351460010,2024,351460010,2,8,0,-1,5,2,6,-1,0,8,0,0,0,0,-1,9,-1,1,3,-1,-1,-1,-1,-1,-1,-1,-1,0,-1
2024311418755,2024,311418755,2,9,0,-1,19,4,8,-1,0,2,0,0,0,0,1,9,-1,6,1,-1,-1,-1,-1,-1,-1,-1,-1,0,-1
2024991507039,2024,991507039,2,1,0,-1,9,7,3,-1,0,1,0,0,0,0,3,1,-1,6,1,66,10,-1,-1,-1,-1,-1,-1,0,-1
2024631448308,2024,631448308,1,5,0,-1,10,2,8,-1,0,8,0,0,0,0,3,1,-1,9,1,33,6,-1,-1,-1,-1,6,E01004925,0,5
2024010505392,2024,010505392,2,1,0,18,19,1,5,0,0,1,0,0,0,0,4,1,2,2,1,51,8,-1,-1,-1,-1,9,E01002575,0,1
2024061444219,2024,061444219,1,9,0,-1,10,-1,-1,-1,0,0,0,0,0,0,1,1,-1,6,3,-1,-1,-1,-1,-1,-1,-1,-1,0,-1
2024010491680,2024,010491680,2,1,0,18,19,7,3,0,0,1,1,0,0,0,1,1,6,6,1,25,5,-1,-1,-1,-1,8,E01002902,0,1
2024131462617,2024,131462617,1,90,0,-1,19,1,5,-1,0,0,0,0,0,0,3,1,-1,6,3,-1,-1,-1,-1,-1,-1,-1,-1,0,-1
2024371484907,2024,371484907,2,1,0,-1,19,5,1,-1,0,1,0,0,0,0,1,1,-1,2,1,32,6,-1,-1,-1,-1,1,E01029980,0,1
2024201580431,2024,201580431,3,1,0,-1,5,1,5,-1,0,1,0,0,0,0,1,1,-1,6,1,20,4,-1,-1,-1,-1,1,E01009215,0,1
2024010508083,2024,010508083,2,1,0,18,19,1,5,0,0,0,0,0,0,0,1,1,6,6,1,9,2,-1,-1,-1,-1,4,E01000402,0,1