collision_index,collision_year,collision_ref_no,vehicle_reference,vehicle_type,towing_and_articulation,vehicle_manoeuvre_historic,vehicle_manoeuvre,vehicle_direction_from,vehicle_direction_to,vehicle_location_restricted_lane_historic,vehicle_location_restricted_lane,junction_location,skidding_and_overturning,hit_object_in_carriageway,vehicle_leaving_carriageway,hit_object_off_carriageway,first_point_of_impact,vehicle_left_hand_drive,journey_purpose_of_driver_historic,journey_purpose_of_driver,sex_of_driver,age_of_driver,age_band_of_driver,engine_capacity_cc,propulsion_code,age_of_vehicle,generic_make_model,driver_imd_decile,lsoa_of_driver,escooter_flag,driver_distance_banding
2024351401686,2024,351401686,1,9,0,-1,19,7,3,-1,0,0,0,0,1,0,1,1,-1,6,1,54,8,-1,-1,-1,-1,-1,-1,0,-1
2024141500857,2024,141500857,1,1,0,-1,9,2,7,-1,0,8,5,0,0,0,4,1,-1,6,1,20,4,-1,-1,-1,-1,1,E01008057,0,1
2024461504252,2024,461504252,1,9,0,-1,19,4,2,-1,0,0,0,0,0,0,1,9,-1,6,3,-1,-1,-1,-1,-1,-1,-1,-1,0,-1
2024440474781,2024,440474781,2,9,0,18,19,6,2,0,0,8,0,0,0,0,1,1,6,6,2,34,6,-1,-1,-1,-1,-1,-1,0,-1
2024010491774,2024,010491774,2,9,0,99,99,9,9,99,99,9,9,99,9,99,9,9,6,6,3,-1,-1,-1,-1,-1,-1,-1,-1,0,-1
2024371410907,2024,371410907,2,9,0,-1,19,5,1,-1,0,1,0,0,0,0,0,1,-1,6,3,-1,-1,-1,-1,-1,-1,-1,-1,0,-1
2024161417946,2024,161417946,2,9,0,-1,9,7,3,-1,0,1,0,0,0,0,0,9,-1,6,2,35,6,-1,-1,-1,-1,-1,-1,0,-1
2024543036224,2024,543036224,3,8,0,18,19,5,1,0,0,0,0,0,1,0,1,1,6,6,1,36,7,-1,-1,-1,-1,5,E01029367,0,5
2024010521500,2024,010521500,1,1,9,99,99,9,9,99,99,9,9,99,9,99,9,1,2,2,2,34,6,-1,-1,-1,-1,3,E01035642,0,1
2024031436398,2024,031436398,1,9,4,-1,10,2,8,-1,0,0,0,0,0,0,3,1,-1,6,1,55,8,-1,-1,-1,-1,7,-1,0,4
2024010541094,2024,010541094,1,1,9,18,19,9,9,99,99,9,9,99,9,99,9,1,2,2,1,38,7,-1,-1,-1,-1,6,E01003948,0,3
2024531505629,2024,531505629,1,9,0,-1,6,1,5,-1,0,0,0,0,0,0,1,9,-1,6,3,-1,-1,-1,-1,-1,-1,-1,-1,0,-1
2024041410031,2024,041410031,2,1,0,-1,19,7,3,-1,0,8,0,0,0,0,4,1,-1,2,1,52,8,-1,-1,-1,-1,8,E01025540,0,1
2024351442559,2024,351442559,2,1,-1,-1,-1,-1,-1,-1,-1,-1,-1,-1,-1,0,-1,1,-1,6,1,-1,-1,-1,-1,-1,-1,2,E01015640,0,1
2024421408174,2024,421408174,2,90,0,-1,19,3,8,-1,0,0,0,0,0,0,4,1,-1,9,1,14,3,-1,-1,-1,-1,8,E01034363,0,1
2024371518908,2024,371518908,2,1,0,-1,19,-1,-1,-1,0,1,0,0,0,0,1,1,-1,7,1,17,4,-1,-1,-1,-1,9,E01030008,0,1
2024440335875,2024,440335875,1,9,0,18,19,4,8,0,0,1,0,0,0,0,3,1,2,2,1,38,7,-1,-1,-1,-1,10,E01022518,0,3
2024430510775,2024,430510775,1,9,0,7,7,7,3,0,0,6,0,0,0,0,1,1,6,6,3,-1,-1,-1,-1,-1,-1,-1,-1,0,-1
2024221507326,2024,221507326,2,1,0,-1,19,6,2,-1,0,8,0,0,0,0,4,1,-1,2,1,42,7,-1,-1,-1,-1,10,E01014102,0,1
2024010536115,2024,010536115,2,1,9,99,99,9,9,99,99,9,9,99,9,99,1,1,6,6,3,-1,-1,-1,-1,-1,-1,-1,-1,0,-1
2024520401342,2024,520401342,1,9,0,18,19,5,1,0,0,0,0,0,0,0,3,1,6,6,2,62,9,-1,-1,-1,-1,6,E01014439,0,1
2024131402231,2024,131402231,1,9,0,-1,19,8,4,-1,0,0,0,10,0,0,1,1,-1,9,2,33,6,-1,-1,-1,-1,9,E01011180,0,1
2024440183024,2024,440183024,1,1,0,18,19,3,7,0,0,8,0,0,0,0,4,1,6,6,1,43,7,-1,-1,-1,-1,1,E01017280,0,1
2024010495563,2024,010495563,1,9,0,99,99,9,9,99,99,9,9,99,9,99,1,9,6,6,3,-1,-1,-1,-1,-1,-1,-1,-1,0,-1
2024522500169,2024,522500169,1,9,0,12,12,8,4,0,0,0,0,0,0,0,1,1,6,6,1,30,6,-1,-1,-1,-1,1,E01014647,0,1
2024010494973,2024,010494973,2,9,0,99,99,9,9,99,99,9,9,99,9,99,9,9,6,6,3,-1,-1,-1,-1,-1,-1,-1,-1,0,-1
2024010494087,2024,010494087,1,3,0,99,99,9,9,99,99,9,9,99,9,99,9,1,1,1,3,29,6,-1,-1,-1,-1,4,E01004617,0,1
2024010511950,2024,010511950,1,97,0,18,19,8,4,0,0,2,0,0,0,0,1,1,6,6,3,-1,-1,-1,-1,-1,-1,-1,-1,0,-1
2024221431055,2024,221431055,2,9,0,-1,19,5,1,-1,0,8,0,0,0,0,1,1,-1,9,1,75,10,-1,-1,-1,-1,7,E01032191,0,2
2024340WN2192,2024,340WN2192,1,9,0,-1,19,7,3,-1,0,1,0,0,0,0,1,1,-1,6,1,-1,-1,-1,-1,-1,-1,-1,-1,0,-1
2024411431767,2024,411431767,1,1,0,-1,19,3,7,-1,0,8,0,0,0,0,1,1,-1,9,1,46,8,-1,-1,-1,-1,5,E01023324,0,1
2024010531490,2024,010531490,1,9,9,99,99,9,9,99,99,9,9,99,9,99,9,9,6,6,3,-1,-1,-1,-1,-1,-1,-1,-1,0,-1
2024440238899,2024,440238899,1,1,0,18,19,5,1,0,0,0,0,0,0,0,3,1,2,2,1,52,8,-1,-1,-1,-1,3,E01017299,0,2
2024311499881,2024,311499881,1,9,0,-1,9,5,2,-1,0,1,0,8,0,0,3,2,-1,6,2,42,7,-1,-1,-1,-1,1,E01013810,0,1
2024520401149,2024,520401149,2,9,0,18,19,2,4,0,0,3,0,0,0,0,3,1,6,6,1,28,6,-1,-1,-1,-1,9,E01029258,0,1
2024061426139,2024,061426139,2,1,0,-1,19,1,5,-1,0,8,0,0,0,0,1,1,-1,6,1,49,8,-1,-1,-1,-1,3,E01004939,0,2
2024010526257,2024,010526257,2,1,0,12,12,7,3,0,0,6,0,0,0,0,0,1,6,6,1,71,10,-1,-1,-1,-1,3,E01002105,0,2
2024401508076,2024,401508076,1,9,0,-1,19,-1,-1,-1,0,0,0,0,0,0,1,9,-1,6,3,-1,-1,-1,-1,-1,-1,-1,-1,0,-1
2024010550841,2024,010550841,3,90,0,2,2,0,0,0,0,2,0,0,0,0,3,1,6,6,3,-1,-1,-1,-1,-1,-1,-1,-1,0,-1
2024052400112,2024,052400112,1,1,0,7,7,5,1,0,0,8,1,0,0,0,1,1,6,6,1,45,7,-1,-1,-1,-1,3,E01025469,0,3
2024141534885,2024,141534885,1,9,0,-1,19,1,5,-1,0,1,0,0,0,0,1,1,-1,9,2,34,6,-1,-1,-1,-1,1,E01007790,0,1
2024010539989,2024,010539989,2,1,9,99,99,9,9,99,99,9,9,99,9,99,9,1,2,2,2,21,5,-1,-1,-1,-1,2,E01000501,0,1
2024010493167,2024,010493167,1,9,9,99,99,9,9,0,0,9,9,0,0,0,9,1,6,6,3,-1,-1,-1,-1,-1,-1,-1,-1,0,-1
2024010492325,2024,010492325,2,9,0,18,19,1,5,0,0,1,0,0,0,0,0,1,1,1,1,33,6,-1,-1,-1,-1,7,E01002514,0,2
2024031442905,2024,031442905,2,9,0,-1,19,1,5,-1,0,0,0,0,0,0,3,1,-1,1,1,32,6,-1,-1,-1,-1,5,W01001551,0,5
2024440478176,2024,440478176,1,9,0,18,19,1,5,0,0,0,0,0,0,0,1,1,6,6,3,-1,-1,-1,-1,-1,-1,-1,-1,0,-1
2024440204683,2024,440204683,1,-1,0,18,19,3,7,0,0,8,0,0,0,0,4,1,2,2,1,24,5,-1,-1,-1,-1,5,E01017158,1,1
2024101394292,2024,101394292,2,1,0,-1,19,8,5,-1,0,0,0,0,0,0,2,1,-1,2,1,64,9,-1,-1,-1,-1,1,E01008390,0,2
2024991493463,2024,991493463,1,9,0,-1,2,5,1,-1,0,0,0,0,0,0,3,1,-1,6,2,44,7,-1,-1,-1,-1,3,-1,0,1
2024161434147,2024,161434147,2,1,0,-1,19,3,7,-1,4,8,0,0,0,0,3,1,-1,6,1,26,6,-1,-1,-1,-1,1,E01012862,0,1
2024340NN9102,2024,340NN9102,1,9,0,-1,19,7,3,-1,0,0,0,0,0,0,1,1,-1,6,1,60,9,-1,-1,-1,-1,10,E01027333,0,2
2024421518007,2024,421518007,1,99,0,-1,-1,-1,-1,-1,-1,0,-1,-1,-1,0,-1,9,-1,6,3,-1,-1,-1,-1,-1,-1,-1,-1,0,-1
2024520401671,2024,520401671,2,5,0,18,19,8,4,0,0,0,1,0,0,0,1,1,6,6,1,35,6,-1,-1,-1,-1,4,E01035117,0,1
2024221438177,2024,221438177,1,21,1,-1,12,8,2,-1,0,7,0,0,0,0,3,9,-1,1,1,36,7,-1,-1,-1,-1,-1,-1,0,-1
2024052402478,2024,052402478,1,9,0,13,13,7,3,0,0,0,0,0,0,0,4,1,6,6,3,-1,-1,-1,-1,-1,-1,-1,-1,0,-1
2024411466756,2024,411466756,2,1,0,-1,19,3,7,-1,0,1,0,0,0,0,1,1,-1,9,1,14,3,-1,-1,-1,-1,6,E01023593,0,1
2024041408431,2024,041408431,1,9,0,-1,19,3,5,-1,0,0,0,0,0,0,1,1,-1,2,1,52,8,-1,-1,-1,-1,9,E01025569,0,1
2024440313485,2024,440313485,2,9,0,9,9,1,7,0,0,8,0,0,0,0,3,1,6,6,2,63,9,-1,-1,-1,-1,5,E01023140,0,1
2024010528954,2024,010528954,2,9,0,18,19,1,5,0,0,0,0,0,0,0,3,1,6,6,3,-1,-1,-1,-1,-1,-1,-1,-1,0,-1
2024010548937,2024,010548937,2,9,0,99,99,9,9,99,99,9,9,99,9,99,2,9,6,6,2,35,6,-1,-1,-1,-1,1,E01000782,0,1
2024221529880,2024,221529880,2,9,0,-1,19,8,4,-1,0,8,0,0,0,0,1,1,-1,6,3,26,6,-1,-1,-1,-1,-1,-1,0,-1
2024440365516,2024,440365516,2,9,0,18,19,6,2,0,0,4,0,0,0,0,3,1,6,6,3,-1,-1,-1,-1,-1,-1,-1,-1,0,-1
2024010521092,2024,010521092,1,9,0,99,99,9,9,99,99,9,9,99,9,99,9,9,6,6,3,-1,-1,-1,-1,-1,-1,-1,-1,0,-1
2024101472728,2024,101472728,1,9,0,-1,19,4,6,-1,0,8,0,0,0,0,3,1,-1,6,3,-1,-1,-1,-1,-1,-1,-1,-1,0,-1
2024991474533,2024,991474533,1,9,0,-1,19,4,7,-1,0,8,1,0,0,0,3,1,-1,9,1,69,10,-1,-1,-1,-1,5,-1,0,3
2024371515764,2024,371515764,1,9,0,-1,19,1,5,-1,0,0,0,0,0,0,1,1,-1,9,1,24,5,-1,-1,-1,-1,5,E01030189,0,2
2024430160032,2024,430160032,2,1,0,10,10,7,5,0,0,2,0,0,0,0,1,1,6,6,1,54,8,-1,-1,-1,-1,9,E01032950,0,1
2024991515882,2024,991515882,1,9,0,-1,5,6,3,-1,0,8,0,0,0,0,1,1,-1,2,1,28,6,-1,-1,-1,-1,8,-1,0,3
2024201525809,2024,201525809,2,9,0,-1,19,4,8,-1,0,8,0,0,0,0,1,1,-1,6,2,21,5,-1,-1,-1,-1,10,E01026004,0,4
2024340WN3062,2024,340WN3062,2,9,0,-1,19,1,5,-1,0,0,0,0,0,0,3,1,-1,2,1,56,9,-1,-1,-1,-1,10,E01025798,0,3
2024522401573,2024,522401573,1,1,0,18,19,6,2,0,0,8,0,0,0,0,1,1,6,6,1,22,5,-1,-1,-1,-1,6,E01014487,0,1
202417M111024,2024,17M111024,1,9,0,-1,9,5,3,-1,0,8,0,0,0,0,3,1,-1,9,1,-1,-1,-1,-1,-1,-1,-1,-1,0,-1
2024501442517,2024,501442517,2,1,0,-1,3,6,2,-1,0,1,0,0,1,0,3,1,-1,9,1,37,7,-1,-1,-1,-1,1,E01015046,0,1
2024461521716,2024,461521716,1,19,0,-1,5,7,3,-1,0,6,1,0,0,0,3,1,-1,9,1,54,8,-1,-1,-1,-1,6,E01024807,0,2
2024411474806,2024,411474806,2,9,0,-1,4,6,2,-1,0,1,0,0,0,0,3,1,-1,6,1,58,9,-1,-1,-1,-1,4,E01023921,0,1
2024010489475,2024,010489475,1,9,0,9,9,4,2,7,6,5,0,0,0,0,1,1,6,6,1,47,8,-1,-1,-1,-1,6,E01000332,0,1
2024520401961,2024,520401961,2,1,0,18,19,6,1,0,0,8,0,0,0,0,3,1,6,6,1,51,8,-1,-1,-1,-1,2,E01029291,0,1
2024141432335,2024,141432335,1,9,0,-1,19,7,3,-1,0,2,0,0,0,0,1,1,-1,1,1,31,6,-1,-1,-1,-1,4,E01019574,0,3
2024070184942,2024,070184942,1,9,0,4,4,3,7,0,0,0,0,0,0,0,1,2,6,6,3,-1,-1,-1,-1,-1,-1,-1,-1,0,-1
2024201447201,2024,201447201,3,9,0,-1,19,5,1,-1,0,8,1,0,0,0,1,1,-1,6,1,-1,-1,-1,-1,-1,-1,-1,-1,0,-1
2024010543435,2024,010543435,1,9,9,99,99,9,9,99,99,9,9,99,9,99,9,9,6,6,3,-1,-1,-1,-1,-1,-1,-1,-1,0,-1
2024430079729,2024,430079729,2,9,0,10,10,8,6,0,0,1,0,0,0,0,2,1,6,6,2,22,5,-1,-1,-1,-1,9,E01033851,0,3
2024131423662,2024,131423662,2,-1,0,-1,19,5,1,-1,0,8,5,0,0,0,3,1,-1,6,1,14,3,-1,-1,-1,-1,3,E01011035,1,1
2024010490829,2024,010490829,1,3,0,99,99,9,9,99,99,9,0,99,9,99,9,1,1,1,1,37,7,-1,-1,-1,-1,3,E01034204,0,2
2024430200390,2024,430200390,1,1,0,15,15,3,7,4,4,1,0,0,0,0,0,1,6,6,2,87,11,-1,-1,-1,-1,8,E01028562,0,1
2024411538486,2024,411538486,1,98,0,-1,19,1,5,-1,0,1,0,0,0,0,1,1,-1,1,1,32,6,-1,-1,-1,-1,4,E01015785,0,3
2024010494249,2024,010494249,1,1,0,18,19,7,3,4,4,0,0,0,0,0,1,1,6,6,3,-1,-1,-1,-1,-1,-1,-1,-1,0,-1
2024411427206,2024,411427206,2,9,-1,-1,-1,-1,-1,-1,-1,0,-1,-1,-1,0,-1,9,-1,6,1,40,7,-1,-1,-1,-1,3,E01023302,0,1
2024131491783,2024,131491783,1,1,0,-1,19,5,1,-1,0,1,0,0,0,0,0,1,-1,9,1,49,8,-1,-1,-1,-1,1,E01012952,0,4
2024010491905,2024,010491905,1,-1,0,15,15,7,3,0,0,1,0,0,0,0,1,1,2,2,1,19,4,-1,-1,-1,-1,2,E01003912,1,1
2024161434272,2024,161434272,2,9,0,-1,4,6,2,-1,0,0,0,0,0,0,1,1,-1,9,1,49,8,-1,-1,-1,-1,8,E01011945,0,4
2024461469292,2024,461469292,1,3,5,-1,19,1,5,-1,0,0,2,0,0,0,0,1,-1,6,2,-1,-1,-1,-1,-1,-1,-1,-1,0,-1
2024131515819,2024,131515819,1,9,0,-1,19,5,1,-1,0,0,0,0,0,0,0,1,-1,6,3,-1,-1,-1,-1,-1,-1,-1,-1,0,-1
2024010501853,2024,010501853,1,1,9,99,99,9,9,99,99,9,9,99,9,99,9,1,2,2,1,32,6,-1,-1,-1,-1,4,E01003133,0,1
2024131403025,2024,131403025,1,90,0,-1,19,8,4,-1,0,0,0,0,0,0,1,1,-1,1,1,25,5,-1,-1,-1,-1,7,E01011252,0,3
2024501501638,2024,501501638,2,22,0,-1,19,3,7,-1,0,2,5,0,0,0,3,1,-1,6,2,87,11,-1,-1,-1,-1,3,E01018998,0,1
2024052401936,2024,052401936,2,23,0,18,19,1,5,0,0,0,1,4,0,0,1,1,6,6,1,23,5,-1,-1,-1,-1,1,E01006417,0,2
2024461517341,2024,461517341,3,9,4,-1,2,8,4,-1,0,0,0,11,0,0,0,1,-1,1,1,44,7,-1,-1,-1,-1,6,E01021130,0,4
2024101470320,2024,101470320,1,9,0,-1,9,1,6,-1,0,8,0,0,0,0,1,1,-1,6,1,30,6,-1,-1,-1,-1,-1,-1,0,-1
202454A516824,2024,54A516824,2,9,0,18,19,4,8,0,0,0,0,0,0,0,0,1,6,6,3,-1,-1,-1,-1,-1,-1,-1,-1,0,-1
2024010493171,2024,010493171,1,9,0,18,19,6,2,0,0,1,0,0,0,0,1,1,6,6,1,40,7,-1,-1,-1,-1,3,E01003950,0,1
2024161501961,2024,161501961,2,9,0,-1,19,5,1,-1,0,0,0,0,0,0,1,9,-1,6,3,-1,-1,-1,-1,-1,-1,-1,-1,0,-1
2024320714410,2024,320714410,1,9,0,13,13,1,5,0,0,0,0,0,1,0,1,1,-1,-1,1,48,8,-1,-1,-1,-1,5,E01013329,0,2
2024501407436,2024,501407436,1,1,0,-1,19,5,1,-1,0,0,0,0,0,0,1,1,-1,1,1,-1,-1,-1,-1,-1,-1,-1,-1,0,-1
2024010537836,2024,010537836,2,1,9,99,99,9,9,99,99,9,9,99,9,99,9,1,6,6,2,-1,-1,-1,-1,-1,-1,-1,-1,0,-1
2024101444406,2024,101444406,2,1,0,-1,2,0,0,-1,0,0,0,0,0,0,4,1,-1,9,2,15,3,-1,-1,-1,-1,2,E01027397,0,1
2024010487849,2024,010487849,1,4,0,5,5,2,6,0,0,1,0,0,0,0,1,1,6,6,1,22,5,-1,-1,-1,-1,4,E01004329,0,2
2024201463423,2024,201463423,1,9,0,-1,19,8,4,-1,0,0,0,0,0,0,1,9,-1,6,2,60,9,-1,-1,-1,-1,7,E01029385,0,3
2024141557303,2024,141557303,4,9,0,-1,19,3,7,-1,0,0,0,0,0,0,-1,9,-1,6,3,-1,-1,-1,-1,-1,-1,-1,-1,0,-1
2024320178664,2024,320178664,2,1,0,-1,-1,8,4,0,0,0,5,0,7,0,4,1,-1,-1,2,75,10,-1,-1,-1,-1,6,E01026040,0,4
2024010497143,2024,010497143,1,3,0,99,99,9,9,99,99,9,9,99,9,99,1,1,1,1,1,26,6,-1,-1,-1,-1,4,E01001444,0,3
2024010548231,2024,010548231,1,97,0,18,19,1,5,0,0,0,0,0,0,0,1,1,6,6,3,-1,-1,-1,-1,-1,-1,-1,-1,0,-1
2024371506509,2024,371506509,1,9,0,-1,19,1,5,-1,0,8,0,0,1,0,1,1,-1,9,1,21,5,-1,-1,-1,-1,2,E01026633,0,3
2024531420851,2024,531420851,1,9,0,-1,9,3,7,-1,0,8,0,0,0,0,1,1,-1,9,1,19,4,-1,-1,-1,-1,5,E01022268,0,1
2024201510071,2024,201510071,1,9,0,-1,19,1,1,-1,0,0,0,4,0,0,1,9,-1,6,3,20,4,-1,-1,-1,-1,-1,-1,0,-1
2024061484275,2024,061484275,1,9,0,-1,4,3,7,-1,0,1,0,0,0,0,1,1,-1,9,1,58,9,-1,-1,-1,-1,-1,-1,0,-1
2024430113236,2024,430113236,1,9,0,14,14,1,5,0,0,0,5,4,0,0,1,1,6,6,2,23,5,-1,-1,-1,-1,4,E01028440,0,1
2024430108873,2024,430108873,2,1,0,18,19,3,7,0,0,1,0,0,0,0,2,1,2,2,1,61,9,-1,-1,-1,-1,-1,-1,0,-1
2024231438725,2024,231438725,2,1,0,-1,19,7,4,-1,0,8,0,0,0,0,1,1,-1,9,1,26,6,-1,-1,-1,-1,3,E01031008,0,1
2024411459366,2024,411459366,2,9,0,-1,-1,-1,-1,-1,-1,-1,-1,-1,-1,0,2,1,-1,9,1,76,11,-1,-1,-1,-1,6,E01023462,0,1
2024481564378,2024,481564378,1,1,0,-1,19,7,3,-1,0,2,0,0,0,0,1,1,-1,2,1,27,6,-1,-1,-1,-1,-1,-1,0,-1
2024991409609,2024,991409609,2,1,0,-1,19,3,7,-1,0,8,5,0,0,0,1,1,-1,2,1,60,9,-1,-1,-1,-1,8,-1,0,1
2024010496482,2024,010496482,2,9,0,2,2,0,0,0,0,0,0,0,0,0,2,1,6,6,3,-1,-1,-1,-1,-1,-1,-1,-1,0,-1
2024351430862,2024,351430862,2,9,0,-1,19,2,6,-1,0,1,0,0,0,0,1,1,-1,2,2,41,7,-1,-1,-1,-1,9,E01035559,0,3
2024311461663,2024,311461663,1,-1,0,-1,19,3,7,-1,0,0,0,0,0,0,1,1,-1,6,1,19,4,-1,-1,-1,-1,-1,-1,1,-1
2024052401502,2024,052401502,1,9,0,7,7,1,5,0,0,4,0,0,0,0,4,1,6,6,3,-1,-1,-1,-1,-1,-1,-1,-1,0,-1
2024320421586,2024,320421586,1,9,0,1,1,5,1,0,0,0,0,0,0,0,2,1,6,6,2,-1,-1,-1,-1,-1,-1,-1,-1,0,-1
2024471467909,2024,471467909,2,1,0,-1,19,2,6,-1,0,2,0,0,0,0,2,1,-1,6,2,54,8,-1,-1,-1,-1,6,E01016890,0,1
2024010492851,2024,010492851,1,3,0,99,99,9,9,99,99,0,9,99,9,99,1,1,1,1,3,35,6,-1,-1,-1,-1,5,E01030751,0,2
2024010535612,2024,010535612,2,1,0,3,3,1,5,0,0,1,0,0,0,0,2,1,2,2,1,47,8,-1,-1,-1,-1,7,E01002986,0,1
2024501480949,2024,501480949,1,9,0,-1,19,7,3,-1,0,6,1,0,1,4,1,1,-1,6,1,45,7,-1,-1,-1,-1,7,E01019920,0,1
2024401506980,2024,401506980,1,9,0,-1,-1,-1,-1,-1,-1,0,-1,-1,-1,0,-1,9,-1,6,3,-1,-1,-1,-1,-1,-1,-1,-1,0,-1
2024340WN3152,2024,340WN3152,1,5,0,-1,19,1,5,-1,0,3,1,0,0,0,2,1,-1,9,1,41,7,-1,-1,-1,-1,5,E01027134,0,1
2024131517155,2024,131517155,2,1,0,-1,7,6,2,-1,0,1,5,0,0,0,3,1,-1,2,1,31,6,-1,-1,-1,-1,8,E01011694,0,1
2024631472935,2024,631472935,2,9,0,-1,2,0,0,-1,0,0,0,0,0,0,4,1,-1,6,-1,-1,-1,-1,-1,-1,-1,-1,-1,0,-1
2024111420620,2024,111420620,1,9,0,-1,7,2,4,-1,0,6,0,0,0,0,0,9,-1,6,3,-1,-1,-1,-1,-1,-1,-1,-1,0,-1
2024552401003,2024,552401003,2,1,0,18,19,8,4,9,9,8,0,0,0,0,1,1,6,6,1,15,3,-1,-1,-1,-1,6,E01015392,0,1
2024010512887,2024,010512887,2,3,9,99,99,7,3,99,99,9,9,99,9,99,9,1,6,6,3,-1,-1,-1,-1,-1,-1,-1,-1,0,-1
2024061409762,2024,061409762,1,1,-1,-1,-1,-1,-1,-1,-1,-1,-1,-1,-1,0,-1,1,-1,6,1,27,6,-1,-1,-1,-1,3,E01005181,0,1
2024320694453,2024,320694453,1,9,0,7,7,2,6,0,0,6,0,0,0,0,3,1,6,6,1,-1,-1,-1,-1,-1,-1,-1,-1,0,-1
2024010547493,2024,010547493,2,9,0,99,99,9,9,99,99,9,9,99,9,99,9,9,6,6,3,-1,-1,-1,-1,-1,-1,8,E01000136,0,1
2024010488959,2024,010488959,1,9,0,18,19,1,5,0,0,1,0,0,0,0,3,1,6,6,1,52,8,-1,-1,-1,-1,4,E01034210,0,2
2024430281635,2024,430281635,2,1,0,7,7,7,1,0,0,5,0,0,0,0,3,1,6,6,2,50,8,-1,-1,-1,-1,10,E01028824,0,1
2024501445129,2024,501445129,1,9,0,-1,19,4,8,-1,0,8,1,0,0,0,1,9,-1,6,2,-1,-1,-1,-1,-1,-1,-1,-1,0,-1
2024430556985,2024,430556985,1,-1,0,18,19,3,7,0,0,0,0,0,0,0,3,1,6,6,1,23,5,-1,-1,-1,-1,3,E01016738,1,1
2024161497745,2024,161497745,1,9,0,-1,10,1,7,-1,0,1,0,0,9,0,9,9,-1,6,2,-1,-1,-1,-1,-1,-1,-1,-1,0,-1
2024361519659,2024,361519659,1,9,0,-1,19,1,5,-1,0,0,0,0,0,0,1,1,-1,6,1,41,7,-1,-1,-1,-1,2,E01026821,0,1
2024010505566,2024,010505566,1,1,9,99,99,9,9,99,99,9,9,99,9,99,2,1,2,2,2,27,6,-1,-1,-1,-1,6,E01002005,0,1
2024522403288,2024,522403288,1,9,0,18,19,2,6,0,0,8,0,0,0,0,1,1,6,6,3,-1,-1,-1,-1,-1,-1,-1,-1,0,-1
2024552500023,2024,552500023,1,9,0,18,19,3,7,0,0,8,0,0,0,0,1,1,6,6,1,44,7,-1,-1,-1,-1,5,E01020587,0,4
2024340WN1912,2024,340WN1912,1,9,0,-1,19,2,6,-1,0,3,1,4,0,7,3,1,-1,6,1,22,5,-1,-1,-1,-1,3,E01027191,0,1
2024522500049,2024,522500049,2,1,0,3,3,2,6,0,0,1,0,0,0,0,1,1,6,6,1,38,7,-1,-1,-1,-1,8,E01014507,0,1
2024010492915,2024,010492915,1,3,0,99,99,9,9,99,99,9,9,99,9,99,1,1,1,1,3,33,6,-1,-1,-1,-1,4,E01004453,0,1
2024430296263,2024,430296263,1,9,0,18,19,6,2,0,0,0,0,0,0,0,1,1,2,2,2,40,7,-1,-1,-1,-1,-1,-1,0,-1
2024010520041,2024,010520041,2,1,0,18,19,7,3,0,0,1,0,0,0,0,1,1,1,1,1,19,4,-1,-1,-1,-1,4,E01002490,0,3
2024010527144,2024,010527144,1,9,0,99,99,9,9,99,99,9,9,99,9,99,9,1,6,6,3,-1,-1,-1,-1,-1,-1,-1,-1,0,-1
2024311445656,2024,311445656,1,90,-1,-1,19,7,3,-1,0,1,0,0,0,0,3,9,-1,6,1,-1,-1,-1,-1,-1,-1,-1,-1,0,-1
2024461511278,2024,461511278,1,9,0,-1,19,6,3,-1,0,1,0,0,0,0,4,9,-1,6,1,22,5,-1,-1,-1,-1,5,E01024086,0,2
2024010515715,2024,010515715,2,1,0,18,19,1,5,4,4,8,0,0,0,0,1,1,2,2,1,30,6,-1,-1,-1,-1,1,E01000596,0,1
2024010488265,2024,010488265,1,9,0,99,99,9,9,99,99,9,9,99,9,99,1,9,6,6,3,-1,-1,-1,-1,-1,-1,-1,-1,0,-1
2024010536525,2024,010536525,1,9,0,99,99,9,9,99,99,9,9,99,9,99,9,9,6,6,3,-1,-1,-1,-1,-1,-1,-1,-1,0,-1
2024041497010,2024,041497010,2,1,0,-1,19,-1,-1,-1,0,1,0,0,0,0,-1,1,-1,6,1,67,10,-1,-1,-1,-1,8,E01024862,0,1
2024101433097,2024,101433097,1,9,0,-1,19,6,2,-1,0,0,0,0,0,0,1,9,-1,6,1,-1,-1,-1,-1,-1,-1,-1,-1,0,-1
2024411464733,2024,411464733,1,9,0,-1,11,3,7,-1,0,0,0,0,0,0,2,1,-1,6,2,23,5,-1,-1,-1,-1,3,E01023348,0,3
2024161462386,2024,161462386,2,1,0,-1,19,1,5,-1,0,1,0,0,0,0,2,1,-1,6,1,41,7,-1,-1,-1,-1,8,E01012955,0,1
2024451449631,2024,451449631,2,1,0,-1,19,3,7,-1,5,0,5,0,1,0,2,1,-1,9,1,48,8,-1,-1,-1,-1,9,E01030552,0,1
2024010489560,2024,010489560,1,9,0,99,99,9,9,99,99,0,9,99,9,99,9,9,6,6,3,-1,-1,-1,-1,-1,-1,-1,-1,0,-1
2024991468090,2024,991468090,1,9,0,-1,19,6,2,-1,0,0,0,0,0,0,1,1,-1,9,1,66,10,-1,-1,-1,-1,10,-1,0,1
2024131515549,2024,131515549,2,23,0,-1,-1,-1,-1,-1,-1,-1,-1,-1,-1,-1,-1,1,-1,6,3,-1,-1,-1,-1,-1,-1,-1,-1,0,-1
2024430074022,2024,430074022,1,9,0,18,19,6,2,0,0,8,0,0,0,0,3,1,6,6,2,56,9,-1,-1,-1,-1,7,E01016220,0,1
2024010496907,2024,010496907,2,9,0,2,2,0,0,0,0,0,0,0,7,0,4,1,6,6,3,-1,-1,-1,-1,-1,-1,-1,-1,0,-1
2024221411561,2024,221411561,1,9,0,-1,15,5,2,-1,0,6,0,0,0,0,3,9,-1,6,2,59,9,-1,-1,-1,-1,10,E01014091,0,1
2024332400244,2024,332400244,2,1,0,-1,19,1,5,-1,0,8,0,0,0,0,1,1,-1,9,1,25,5,-1,-1,-1,-1,3,E01013744,0,1
2024131449324,2024,131449324,2,1,0,-1,19,7,3,-1,4,8,0,0,0,0,1,1,-1,9,1,54,8,-1,-1,-1,-1,7,E01011603,0,2
2024501531732,2024,501531732,1,19,0,-1,9,1,6,-1,0,5,0,0,0,0,1,1,-1,2,1,61,9,-1,-1,-1,-1,6,E01020243,0,1
2024471491510,2024,471491510,1,9,0,-1,9,7,3,-1,0,1,0,0,0,0,4,1,-1,9,2,44,7,-1,-1,-1,-1,7,E01021141,0,1