collision_index,collision_year,collision_ref_no,vehicle_reference,vehicle_type,towing_and_articulation,vehicle_manoeuvre_historic,vehicle_manoeuvre,vehicle_direction_from,vehicle_direction_to,vehicle_location_restricted_lane_historic,vehicle_location_restricted_lane,junction_location,skidding_and_overturning,hit_object_in_carriageway,vehicle_leaving_carriageway,hit_object_off_carriageway,first_point_of_impact,vehicle_left_hand_drive,journey_purpose_of_driver_historic,journey_purpose_of_driver,sex_of_driver,age_of_driver,age_band_of_driver,engine_capacity_cc,propulsion_code,age_of_vehicle,generic_make_model,driver_imd_decile,lsoa_of_driver,escooter_flag,driver_distance_banding
2024010497205,2024,010497205,2,3,0,18,19,5,1,0,0,0,0,8,0,0,1,1,2,2,1,36,7,-1,-1,-1,-1,5,E01002785,0,3
2024311400949,2024,311400949,1,9,0,-1,19,7,3,-1,0,0,0,0,0,0,2,1,-1,6,1,52,8,-1,-1,-1,-1,6,E01013887,0,2
2024010530431,2024,010530431,3,1,0,18,19,5,1,0,0,1,0,10,0,0,1,1,6,6,1,60,9,-1,-1,-1,-1,6,E01001289,0,1
2024411435994,2024,411435994,2,1,-1,-1,-1,-1,-1,-1,-1,-1,-1,-1,-1,0,-1,1,-1,9,2,38,7,-1,-1,-1,-1,10,E01023526,0,1
2024201525081,2024,201525081,2,1,0,-1,19,4,8,-1,0,2,0,0,0,0,2,1,-1,6,1,27,6,-1,-1,-1,-1,1,E01009366,0,1
2024131460796,2024,131460796,1,9,0,-1,-1,-1,-1,-1,-1,-1,-1,-1,-1,-1,-1,1,-1,6,3,-1,-1,-1,-1,-1,-1,-1,-1,0,-1
2024520401226,2024,520401226,2,9,0,18,19,8,4,0,0,8,0,0,0,0,4,1,6,6,2,59,9,-1,-1,-1,-1,7,E01029078,0,3
2024430188020,2024,430188020,1,9,0,18,19,4,8,0,0,0,0,0,0,0,3,1,6,6,3,-1,-1,-1,-1,-1,-1,-1,-1,0,-1
2024461492999,2024,461492999,1,21,1,-1,6,7,3,-1,0,5,0,0,0,0,4,2,-1,1,1,40,7,-1,-1,-1,-1,-1,-1,0,-1
2024231457143,2024,231457143,1,9,0,-1,19,1,5,-1,0,0,0,0,8,4,1,1,-1,6,1,39,7,-1,-1,-1,-1,6,E01031130,0,1
2024010487799,2024,010487799,1,9,0,18,19,1,5,0,0,1,0,4,0,0,1,1,6,6,3,-1,-1,-1,-1,-1,-1,-1,-1,0,-1
2024010487169,2024,010487169,2,9,0,99,99,9,9,99,99,9,9,99,9,99,1,9,6,6,3,-1,-1,-1,-1,-1,-1,7,E01021827,0,4
2024010546537,2024,010546537,2,9,0,99,99,9,9,99,99,9,9,99,9,99,2,9,6,6,3,-1,-1,-1,-1,-1,-1,-1,-1,0,-1
2024201486707,2024,201486707,2,1,0,-1,19,4,8,-1,0,8,0,0,0,0,4,1,-1,6,1,51,8,-1,-1,-1,-1,4,E01029394,0,1
2024061434138,2024,061434138,1,1,0,-1,19,2,6,-1,0,0,0,0,1,0,2,1,-1,1,1,28,6,-1,-1,-1,-1,1,E01005350,0,1
2024421459019,2024,421459019,2,1,0,-1,19,1,6,-1,0,8,0,0,0,0,4,1,-1,9,1,51,8,-1,-1,-1,-1,9,E01021964,0,2
2024041434986,2024,041434986,2,9,0,-1,9,2,8,-1,0,8,0,0,0,0,1,1,-1,9,1,49,8,-1,-1,-1,-1,9,E01012609,0,3
2024501450832,2024,501450832,3,1,0,-1,19,6,2,-1,0,0,0,0,0,0,1,1,-1,9,1,14,3,-1,-1,-1,-1,6,E01018973,0,1
2024461474061,2024,461474061,2,1,0,-1,19,0,0,-1,0,1,0,0,0,0,1,1,-1,6,1,50,8,-1,-1,-1,-1,2,E01024294,0,1
2024010516199,2024,010516199,1,9,9,99,99,9,9,99,99,9,9,99,9,99,9,9,6,6,3,-1,-1,-1,-1,-1,-1,-1,-1,0,-1
2024610014524,2024,610014524,1,22,0,18,19,4,8,0,0,0,0,0,6,4,1,1,1,1,1,53,8,-1,-1,-1,-1,3,W01001577,0,3
2024430044818,2024,430044818,1,97,0,14,14,7,3,0,0,0,0,0,0,0,1,1,1,1,1,30,6,-1,-1,-1,-1,-1,-1,0,-1
2024371532257,2024,371532257,2,1,0,-1,19,3,7,-1,0,0,0,0,0,0,3,1,-1,6,2,13,3,-1,-1,-1,-1,4,E01029920,0,1
2024041447717,2024,041447717,2,1,0,-1,19,1,5,-1,0,1,0,0,0,0,1,1,-1,7,1,14,3,-1,-1,-1,-1,1,E01012678,0,1
2024131451656,2024,131451656,1,9,0,-1,-1,-1,-1,-1,-1,-1,-1,-1,-1,-1,-1,1,-1,6,3,-1,-1,-1,-1,-1,-1,-1,-1,0,-1
2024070700225,2024,070700225,2,9,0,3,3,6,2,0,0,1,0,0,0,0,2,1,6,6,3,-1,-1,-1,-1,-1,-1,-1,-1,0,-1
2024010492794,2024,010492794,1,9,0,99,99,9,9,99,99,9,9,99,9,99,2,9,6,6,3,-1,-1,-1,-1,-1,-1,4,E01000497,0,1
2024010499836,2024,010499836,1,1,9,99,99,9,9,99,99,9,9,99,9,99,9,1,2,2,1,29,6,-1,-1,-1,-1,5,E01002798,0,1
2024010551166,2024,010551166,1,1,3,18,19,5,1,0,0,5,0,0,0,0,1,1,6,6,1,23,5,-1,-1,-1,-1,5,E01002083,0,1
2024211519417,2024,211519417,2,1,0,-1,13,7,3,-1,0,1,0,0,0,0,1,1,-1,2,1,49,8,-1,-1,-1,-1,1,E01014358,0,1
2024010499932,2024,010499932,1,9,0,4,4,7,3,0,0,0,0,0,0,0,2,1,6,6,2,57,9,-1,-1,-1,-1,8,E01001062,0,1
2024440173956,2024,440173956,1,1,0,18,19,7,3,0,0,8,0,0,0,0,1,1,6,6,1,47,8,-1,-1,-1,-1,7,E01022831,0,1
2024061455341,2024,061455341,1,99,0,-1,19,5,1,-1,-1,0,0,0,1,0,1,9,-1,6,3,40,7,-1,-1,-1,-1,-1,-1,0,-1
2024010506369,2024,010506369,1,1,9,99,99,9,9,99,99,0,9,99,9,99,1,1,6,6,2,-1,-1,-1,-1,-1,-1,-1,-1,0,-1
2024401534031,2024,401534031,3,90,-1,-1,-1,-1,-1,-1,-1,0,-1,-1,-1,0,-1,9,-1,1,3,-1,-1,-1,-1,-1,-1,-1,-1,0,-1
2024131456403,2024,131456403,2,1,0,-1,9,3,5,-1,0,4,0,0,0,0,4,1,-1,6,1,48,8,-1,-1,-1,-1,10,E01010768,0,1
2024010497906,2024,010497906,2,1,0,7,7,4,6,0,0,1,0,0,0,0,2,1,1,1,1,29,6,-1,-1,-1,-1,2,E01004324,0,1
2024010523292,2024,010523292,2,-1,0,5,5,1,5,0,0,1,0,0,0,0,3,9,6,6,1,26,6,-1,-1,-1,-1,5,E01003941,1,1
2024351505020,2024,351505020,1,9,-1,-1,-1,-1,-1,-1,-1,0,-1,-1,-1,0,-1,9,-1,6,3,-1,-1,-1,-1,-1,-1,-1,-1,0,-1
2024332401065,2024,332401065,2,1,0,-1,19,6,2,-1,0,0,0,0,0,0,1,1,-1,6,1,11,3,-1,-1,-1,-1,8,E01025854,0,1
2024010550722,2024,010550722,2,9,0,99,99,9,9,99,99,9,9,99,9,99,1,9,6,6,3,-1,-1,-1,-1,-1,-1,-1,-1,0,-1
2024471424466,2024,471424466,2,1,0,-1,5,5,1,-1,0,2,0,0,0,0,1,1,-1,7,1,14,3,-1,-1,-1,-1,1,E01020929,0,1
2024471521996,2024,471521996,1,9,0,-1,19,3,7,-1,0,1,0,0,0,0,0,9,-1,6,3,-1,-1,-1,-1,-1,-1,-1,-1,0,-1
2024451484008,2024,451484008,2,9,0,-1,2,0,0,-1,0,1,0,0,0,0,1,9,-1,6,3,-1,-1,-1,-1,-1,-1,-1,-1,0,-1
2024131485915,2024,131485915,1,9,0,-1,19,1,5,-1,0,0,5,0,0,0,0,1,-1,6,-1,-1,-1,-1,-1,-1,-1,-1,-1,0,-1
2024440202900,2024,440202900,1,1,0,18,19,3,7,0,0,2,0,0,0,0,3,1,2,2,1,49,8,-1,-1,-1,-1,4,E01022723,0,1
2024610028424,2024,610028424,2,1,0,10,10,1,7,0,0,1,0,0,0,0,1,1,6,6,1,24,5,-1,-1,-1,-1,5,W01001521,0,1
2024440225672,2024,440225672,1,1,0,16,19,3,6,0,0,8,0,0,0,0,0,1,6,6,1,16,4,-1,-1,-1,-1,1,E01017130,0,1
2024401524817,2024,401524817,2,1,-1,-1,-1,-1,-1,-1,-1,-1,-1,-1,-1,0,-1,1,-1,6,1,55,8,-1,-1,-1,-1,8,E01017526,0,1
2024302400452,2024,302400452,1,9,0,5,5,2,6,0,0,2,0,0,0,0,1,1,6,6,1,53,8,-1,-1,-1,-1,2,E01019565,0,2
2024520401384,2024,520401384,1,9,0,9,9,3,1,0,0,6,0,0,0,0,1,1,6,6,2,30,6,-1,-1,-1,-1,8,E01029242,0,1
2024471469258,2024,471469258,1,1,0,-1,19,1,5,-1,0,0,0,0,0,0,1,1,-1,9,1,15,3,-1,-1,-1,-1,4,E01031836,0,1
2024461532816,2024,461532816,1,19,0,-1,19,1,3,-1,0,8,0,0,0,0,1,9,-1,6,3,-1,-1,-1,-1,-1,-1,-1,-1,0,-1
2024141411041,2024,141411041,2,22,0,-1,19,7,4,-1,0,2,0,0,0,0,1,1,-1,9,2,78,11,-1,-1,-1,-1,2,E01007759,0,1
2024332401014,2024,332401014,1,9,0,-1,19,7,3,-1,0,8,0,0,0,0,1,1,-1,1,3,-1,-1,-1,-1,-1,-1,-1,-1,0,-1
2024471470544,2024,471470544,1,97,0,-1,7,5,1,-1,0,1,0,0,0,0,2,1,-1,9,1,56,9,-1,-1,-1,-1,-1,-1,0,-1
2024061528431,2024,061528431,2,9,0,-1,8,-1,-1,-1,0,6,0,0,0,0,3,1,-1,6,1,-1,-1,-1,-1,-1,-1,8,E01005443,0,4
2024052401121,2024,052401121,3,9,0,2,2,0,0,0,0,1,0,0,0,0,2,1,6,6,3,-1,-1,-1,-1,-1,-1,-1,-1,0,-1
2024010520356,2024,010520356,2,9,0,18,19,7,3,0,0,2,0,0,0,0,1,1,6,6,1,42,7,-1,-1,-1,-1,4,E01034368,0,3
2024010539680,2024,010539680,1,9,0,18,19,5,1,9,9,1,0,0,0,0,1,1,6,6,2,32,6,-1,-1,-1,-1,5,E01021313,0,4
2024010541070,2024,010541070,1,9,0,99,99,9,9,99,99,9,9,99,9,99,9,9,6,6,1,34,6,-1,-1,-1,-1,4,E01001552,0,2
2024010490021,2024,010490021,1,9,0,5,5,1,5,0,0,8,0,0,0,0,1,1,6,6,2,62,9,-1,-1,-1,-1,2,E01004272,0,1
2024010530695,2024,010530695,1,1,9,99,99,9,9,99,99,9,9,99,9,99,1,1,6,6,1,45,7,-1,-1,-1,-1,5,E01000504,0,2
2024401540793,2024,401540793,2,1,0,-1,19,5,1,-1,0,1,0,0,0,0,1,1,-1,2,1,42,7,-1,-1,-1,-1,-1,-1,0,-1
2024501402653,2024,501402653,2,9,0,-1,4,3,7,-1,0,1,0,0,0,0,2,1,-1,9,1,53,8,-1,-1,-1,-1,3,E01019991,0,2
2024991511640,2024,991511640,1,1,0,-1,14,7,3,-1,0,1,0,0,0,0,2,1,-1,6,1,37,7,-1,-1,-1,-1,8,-1,0,2
2024221467824,2024,221467824,2,1,0,-1,19,8,4,-1,0,8,0,0,0,0,1,1,-1,6,2,57,9,-1,-1,-1,-1,5,E01028872,0,2
2024010505333,2024,010505333,2,9,0,99,99,9,9,99,99,9,9,99,9,99,9,9,6,6,3,-1,-1,-1,-1,-1,-1,-1,-1,0,-1
2024610014224,2024,610014224,1,4,0,16,19,2,5,0,0,0,1,0,0,0,0,1,6,6,1,17,4,-1,-1,-1,-1,10,W01001894,0,4
2024010538689,2024,010538689,1,1,9,99,99,9,9,99,99,9,9,99,9,99,0,1,6,6,3,-1,-1,-1,-1,-1,-1,-1,-1,0,-1
2024231498239,2024,231498239,1,9,0,-1,19,7,3,-1,0,0,0,0,0,0,1,1,-1,6,2,35,6,-1,-1,-1,-1,-1,-1,0,-1
2024411524263,2024,411524263,1,9,0,-1,9,1,7,-1,0,1,0,0,0,0,3,1,-1,6,1,48,8,-1,-1,-1,-1,2,E01003783,0,4
2024201477129,2024,201477129,1,9,0,-1,19,6,2,-1,0,0,0,0,0,0,4,9,-1,6,3,-1,-1,-1,-1,-1,-1,-1,-1,0,-1
2024451442738,2024,451442738,2,9,3,-1,19,1,5,-1,0,0,0,0,0,0,4,9,-1,6,1,31,6,-1,-1,-1,-1,9,E01030545,0,3
202460Q055092,2024,60Q055092,2,1,0,18,19,5,1,0,0,1,0,0,0,0,1,1,6,6,1,65,9,-1,-1,-1,-1,-1,-1,0,-1
2024010488508,2024,010488508,2,90,0,99,99,9,9,99,99,9,9,99,9,99,9,9,6,6,3,43,7,-1,-1,-1,-1,5,E01002212,0,3
2024531459644,2024,531459644,1,9,0,-1,19,5,1,-1,0,0,0,0,0,0,1,9,-1,6,3,-1,-1,-1,-1,-1,-1,-1,-1,0,-1
2024340NN0412,2024,340NN0412,2,9,0,-1,4,7,3,-1,0,0,0,0,0,0,2,1,-1,9,2,45,7,-1,-1,-1,-1,10,E01025794,0,1
2024411514819,2024,411514819,1,9,0,-1,15,1,5,-1,0,0,0,0,0,0,4,1,-1,6,1,74,10,-1,-1,-1,-1,7,E01023495,0,1
2024010551810,2024,010551810,1,1,9,99,99,9,9,99,99,9,9,99,9,99,2,1,6,6,3,-1,-1,-1,-1,-1,-1,-1,-1,0,-1
2024440258411,2024,440258411,1,1,0,18,19,5,1,0,0,1,0,0,0,0,1,1,6,6,1,11,3,-1,-1,-1,-1,2,E01022913,0,1
2024010507560,2024,010507560,1,9,0,4,4,5,1,0,0,1,0,0,0,0,2,1,6,6,1,30,6,-1,-1,-1,-1,4,E01002101,0,1
2024161406052,2024,161406052,1,9,0,-1,19,3,8,-1,0,0,0,10,0,0,1,1,-1,6,1,38,7,-1,-1,-1,-1,1,E01013201,0,2
2024430145746,2024,430145746,1,9,0,9,9,3,1,0,0,6,0,0,0,0,3,1,6,6,2,48,8,-1,-1,-1,-1,9,E01017912,0,1
2024201452600,2024,201452600,1,9,0,-1,9,7,5,-1,0,5,0,0,0,0,1,9,-1,6,1,-1,-1,-1,-1,-1,-1,1,E01010067,0,2
2024430012878,2024,430012878,2,1,-1,-1,-1,2,6,-1,-1,-1,-1,-1,-1,-1,-1,1,6,6,1,22,5,-1,-1,-1,-1,-1,-1,0,-1
2024311445774,2024,311445774,2,9,0,-1,13,1,5,-1,0,8,0,0,0,0,1,9,-1,6,3,-1,-1,-1,-1,-1,-1,-1,-1,0,-1
2024361522462,2024,361522462,4,9,0,-1,19,2,6,-1,0,0,0,0,0,0,1,1,-1,9,1,31,6,-1,-1,-1,-1,6,E01026899,0,3
2024101451630,2024,101451630,1,9,0,-1,19,5,1,-1,0,8,0,0,0,0,1,1,-1,6,1,31,6,-1,-1,-1,-1,4,E01033548,0,4
2024421414319,2024,421414319,3,9,0,-1,15,1,5,-1,0,0,0,0,0,0,0,1,-1,6,1,-1,-1,-1,-1,-1,-1,-1,-1,0,-1
2024991454465,2024,991454465,2,9,0,-1,19,5,1,-1,0,1,0,0,0,0,1,9,-1,6,1,30,6,-1,-1,-1,-1,-1,-1,0,-1
2024070597950,2024,070597950,1,1,0,3,3,6,4,0,0,8,0,0,0,0,1,1,6,6,1,14,3,-1,-1,-1,-1,2,E01012480,0,1
2024501533565,2024,501533565,2,1,0,-1,19,7,3,-1,0,1,5,0,0,0,1,1,-1,9,1,53,8,-1,-1,-1,-1,10,E01019963,0,2
202417H105024,2024,17H105024,1,9,0,-1,19,4,8,-1,0,2,5,10,1,11,1,1,-1,9,2,72,10,-1,-1,-1,-1,8,E01011965,0,1
2024131488609,2024,131488609,1,1,0,-1,19,5,5,-1,0,1,0,0,0,0,1,1,-1,9,1,62,9,-1,-1,-1,-1,3,E01011242,0,2
2024430074022,2024,430074022,2,9,0,18,19,4,8,0,0,8,0,0,0,0,1,1,6,6,3,-1,-1,-1,-1,-1,-1,-1,-1,0,-1
2024010520772,2024,010520772,2,9,0,5,5,9,9,99,99,2,9,99,9,99,9,9,6,6,3,-1,-1,-1,-1,-1,-1,-1,-1,0,-1
2024010545618,2024,010545618,1,9,0,99,99,9,9,99,99,0,9,99,9,99,2,9,6,6,3,-1,-1,-1,-1,-1,-1,-1,-1,0,-1
2024471526553,2024,471526553,2,98,1,-1,19,5,1,-1,0,0,0,0,0,0,3,2,-1,1,1,38,7,-1,-1,-1,-1,-1,-1,0,-1
2024351469725,2024,351469725,2,1,0,-1,19,5,1,-1,0,1,0,0,0,0,1,1,-1,6,1,9,2,-1,-1,-1,-1,-1,-1,0,-1
2024622400552,2024,622400552,1,97,0,18,19,6,2,0,0,4,0,0,0,0,1,1,6,6,3,-1,-1,-1,-1,-1,-1,-1,-1,0,-1
2024010548411,2024,010548411,2,9,0,99,99,9,9,99,99,9,9,99,9,99,1,9,6,6,3,-1,-1,-1,-1,-1,-1,-1,-1,0,-1
2024471504638,2024,471504638,1,9,0,-1,9,6,3,-1,0,8,0,0,0,0,1,1,-1,2,1,48,8,-1,-1,-1,-1,7,E01031777,0,1
2024430074029,2024,430074029,1,9,0,9,9,2,8,0,0,4,0,0,0,0,1,1,6,6,2,49,8,-1,-1,-1,-1,9,E01035269,0,1
2024052401228,2024,052401228,2,9,0,5,5,5,1,0,0,1,0,0,0,0,3,1,6,6,2,-1,-1,-1,-1,-1,-1,-1,-1,0,-1
2024631527460,2024,631527460,2,9,0,-1,5,6,2,-1,0,0,0,0,0,0,2,1,-1,9,2,33,6,-1,-1,-1,-1,6,W01000653,0,1
2024991483359,2024,991483359,1,9,0,-1,4,4,8,-1,0,1,0,0,0,0,2,1,-1,6,1,28,6,-1,-1,-1,-1,9,E01028783,0,5
2024430261781,2024,430261781,1,1,0,18,19,6,2,0,0,0,0,0,0,0,3,1,2,2,1,34,6,-1,-1,-1,-1,3,E01017665,0,1
2024211485963,2024,211485963,1,1,0,-1,19,1,1,-1,0,0,5,0,0,0,1,1,-1,6,1,20,4,-1,-1,-1,-1,3,E01029561,0,1
2024552401036,2024,552401036,2,1,0,4,4,8,4,0,0,1,0,0,0,0,3,1,2,2,1,77,11,-1,-1,-1,-1,5,E01032010,0,2
2024302401059,2024,302401059,1,9,0,9,9,6,4,0,0,8,0,0,0,0,3,1,6,6,1,60,9,-1,-1,-1,-1,7,E01019801,0,1
2024471410784,2024,471410784,1,9,0,-1,-1,-1,-1,-1,-1,1,-1,-1,-1,0,-1,9,-1,6,3,-1,-1,-1,-1,-1,-1,-1,-1,0,-1
2024461399072,2024,461399072,3,9,0,-1,4,7,3,-1,0,0,1,0,0,0,1,9,-1,1,1,-1,-1,-1,-1,-1,-1,5,E01000401,0,2
2024351439868,2024,351439868,2,1,-1,-1,-1,-1,-1,-1,-1,-1,-1,-1,-1,0,-1,1,-1,7,1,18,4,-1,-1,-1,-1,3,E01018147,0,1
2024010526244,2024,010526244,1,9,0,18,19,5,1,0,0,0,2,4,0,0,1,1,2,2,1,67,10,-1,-1,-1,-1,7,E01001058,0,1
2024991481156,2024,991481156,1,9,0,-1,19,7,2,-1,0,0,5,0,2,4,1,1,-1,6,1,64,9,-1,-1,-1,-1,6,-1,0,2
2024461491790,2024,461491790,2,9,0,-1,19,3,7,-1,0,0,1,0,0,0,4,2,-1,1,1,27,6,-1,-1,-1,-1,8,E01024762,0,2
2024010512775,2024,010512775,2,9,0,99,99,9,9,99,99,0,9,99,9,99,9,9,6,6,3,-1,-1,-1,-1,-1,-1,-1,-1,0,-1
2024161483545,2024,161483545,1,9,0,-1,10,6,2,-1,0,1,0,0,0,0,4,1,-1,9,1,34,6,-1,-1,-1,-1,5,E01034969,0,4
2024991405988,2024,991405988,1,9,0,-1,13,1,5,-1,0,0,2,0,1,0,4,1,-1,6,1,31,6,-1,-1,-1,-1,4,-1,0,4
2024010549380,2024,010549380,1,9,0,18,19,7,3,0,0,0,0,0,0,0,1,1,6,6,3,-1,-1,-1,-1,-1,-1,-1,-1,0,-1
2024131428463,2024,131428463,3,23,0,-1,19,1,5,-1,0,0,0,0,0,0,3,1,-1,9,2,21,5,-1,-1,-1,-1,3,E01011908,0,3
2024010540018,2024,010540018,1,1,9,99,99,9,9,99,99,9,9,99,9,99,1,1,6,6,1,48,8,-1,-1,-1,-1,4,E01001199,0,1
2024052402699,2024,052402699,3,1,0,18,19,4,8,0,0,8,0,0,0,0,3,1,6,6,1,30,6,-1,-1,-1,-1,1,E01007131,0,1
2024010491000,2024,010491000,2,9,0,99,99,9,9,99,99,9,9,99,9,99,9,9,6,6,3,-1,-1,-1,-1,-1,-1,-1,-1,0,-1
2024010487293,2024,010487293,2,3,0,5,5,3,7,0,0,2,0,0,0,0,0,1,1,1,1,27,6,-1,-1,-1,-1,6,E01002161,0,1
2024131405047,2024,131405047,2,23,0,-1,-1,-1,-1,-1,-1,6,-1,-1,-1,0,-1,1,-1,6,1,16,4,-1,-1,-1,-1,9,E01011939,0,1
2024010528282,2024,010528282,2,9,0,2,2,0,0,9,9,1,0,0,0,0,2,1,6,6,3,-1,-1,-1,-1,-1,-1,-1,-1,0,-1
2024122400234,2024,122400234,2,1,0,18,19,7,3,0,0,0,0,0,0,0,2,1,6,6,1,39,7,-1,-1,-1,-1,10,E01034976,0,3
2024991468123,2024,991468123,1,1,0,-1,19,1,5,-1,0,0,0,0,0,0,1,1,-1,6,1,12,3,-1,-1,-1,-1,1,-1,0,1
2024302401182,2024,302401182,2,17,0,17,19,6,3,0,0,0,0,0,0,0,1,1,1,1,1,35,6,-1,-1,-1,-1,8,E01019616,0,2
202460Q073444,2024,60Q073444,1,9,0,9,9,4,1,0,0,8,0,0,0,0,1,1,6,6,2,37,7,-1,-1,-1,-1,-1,-1,0,-1
2024430623675,2024,430623675,1,9,0,17,19,1,6,0,0,2,1,0,1,0,1,1,6,6,1,23,5,-1,-1,-1,-1,9,E01028482,0,3
2024052400291,2024,052400291,1,9,0,18,19,1,5,0,0,1,0,0,0,0,4,1,6,6,3,-1,-1,-1,-1,-1,-1,-1,-1,0,-1
2024531401437,2024,531401437,2,1,0,-1,19,5,2,-1,0,8,0,0,0,0,3,1,-1,9,1,40,7,-1,-1,-1,-1,4,E01022156,0,1
2024451511468,2024,451511468,1,1,0,-1,19,7,3,-1,0,0,2,10,0,0,1,1,-1,6,1,57,9,-1,-1,-1,-1,10,E01030726,0,1
2024411526650,2024,411526650,2,1,-1,-1,-1,-1,-1,-1,-1,-1,-1,-1,-1,0,-1,1,-1,9,1,12,3,-1,-1,-1,-1,7,E01035581,0,1
2024010536804,2024,010536804,2,1,5,5,5,1,5,9,9,3,0,0,0,0,0,1,6,6,2,-1,-1,-1,-1,-1,-1,5,E01000467,0,1
2024430174286,2024,430174286,2,9,0,18,19,8,4,0,0,8,0,0,0,0,3,1,2,2,1,47,8,-1,-1,-1,-1,-1,-1,0,-1
2024421498642,2024,421498642,1,1,0,-1,19,1,5,-1,9,1,0,0,0,0,1,1,-1,6,1,18,4,-1,-1,-1,-1,4,E01021706,0,1
2024610015024,2024,610015024,2,5,0,4,4,1,5,0,0,1,0,0,1,11,2,1,6,6,1,29,6,-1,-1,-1,-1,1,W01001326,0,3
2024481569583,2024,481569583,1,1,0,-1,19,8,4,-1,0,2,0,0,0,0,1,1,-1,6,1,25,5,-1,-1,-1,-1,-1,-1,0,-1
202454B052024,2024,54B052024,2,9,0,9,9,3,1,0,0,8,0,0,0,0,4,1,6,6,1,60,9,-1,-1,-1,-1,2,E01032064,0,1
2024010487493,2024,010487493,1,9,0,9,9,1,6,0,0,1,0,0,0,0,1,1,6,6,3,-1,-1,-1,-1,-1,-1,-1,-1,0,-1
2024501493990,2024,501493990,2,1,0,-1,19,3,7,-1,0,0,2,0,0,0,1,1,-1,6,1,25,5,-1,-1,-1,-1,-1,-1,0,-1
2024471407283,2024,471407283,1,19,0,-1,8,7,1,-1,0,6,0,0,0,0,1,2,-1,6,1,48,8,-1,-1,-1,-1,7,E01031457,0,1
2024052401965,2024,052401965,2,1,0,18,19,2,6,0,0,3,0,0,0,0,4,1,6,6,1,51,8,-1,-1,-1,-1,9,E01006932,0,3
2024451416781,2024,451416781,2,1,0,-1,19,4,8,-1,0,0,0,0,0,0,3,1,-1,9,1,32,6,-1,-1,-1,-1,4,E01001903,0,3
2024010490871,2024,010490871,2,-1,0,3,3,1,5,9,9,6,0,0,0,0,1,1,6,6,1,36,7,-1,-1,-1,-1,5,E01001658,1,1
2024161506461,2024,161506461,1,1,0,-1,19,7,3,-1,4,1,0,0,0,0,1,1,-1,2,1,20,4,-1,-1,-1,-1,9,E01012812,0,1
2024161462219,2024,161462219,1,1,0,-1,19,8,4,-1,0,1,0,0,0,0,1,1,-1,6,1,67,10,-1,-1,-1,-1,1,E01012945,0,1
202417M202424,2024,17M202424,1,1,0,18,19,4,8,0,0,0,0,0,0,0,3,1,2,2,1,34,6,-1,-1,-1,-1,1,E01012148,0,1
2024010491243,2024,010491243,1,9,0,18,19,3,7,0,0,0,0,0,0,0,3,1,6,6,2,59,9,-1,-1,-1,-1,10,E01000878,0,1
2024010532936,2024,010532936,2,22,0,18,19,2,6,0,0,1,0,0,0,0,1,1,6,6,2,72,10,-1,-1,-1,-1,2,E01000551,0,1
2024070138143,2024,070138143,2,9,0,3,3,1,5,0,0,1,0,0,0,0,2,1,6,6,1,34,6,-1,-1,-1,-1,7,E01018374,0,1
2024440253927,2024,440253927,1,9,0,18,19,4,8,0,0,3,0,0,0,0,0,1,6,6,1,48,8,-1,-1,-1,-1,6,E01020398,0,4
2024411423525,2024,411423525,3,9,0,-1,19,7,3,-1,0,1,0,0,0,0,2,1,-1,9,1,45,7,-1,-1,-1,-1,10,E01023747,0,3
2024430611916,2024,430611916,2,1,0,9,9,3,1,0,0,3,0,0,0,0,4,1,2,2,2,52,8,-1,-1,-1,-1,9,E01028785,0,1
2024471440971,2024,471440971,2,1,0,-1,5,3,7,-1,0,8,0,0,0,0,3,1,-1,6,1,12,3,-1,-1,-1,-1,5,E01031806,0,1
2024451478846,2024,451478846,2,9,0,-1,3,3,7,-1,0,0,0,0,0,0,2,1,-1,2,1,55,8,-1,-1,-1,-1,5,E01004172,0,2
2024010497292,2024,010497292,1,8,0,9,9,7,5,0,0,1,0,0,0,0,3,1,1,1,1,63,9,-1,-1,-1,-1,2,E01003991,0,1
2024622400190,2024,622400190,1,9,0,18,19,3,7,0,0,2,0,0,0,0,1,1,6,6,3,-1,-1,-1,-1,-1,-1,-1,-1,0,-1
2024041507859,2024,041507859,1,22,0,-1,19,-1,-1,-1,9,1,0,0,0,0,-1,1,-1,9,1,88,11,-1,-1,-1,-1,3,E01012753,0,1
2024991495853,2024,991495853,2,9,0,-1,2,0,0,-1,0,2,0,0,0,0,3,1,-1,6,1,80,11,-1,-1,-1,-1,10,-1,0,1
2024131517155,2024,131517155,1,9,0,-1,-1,-1,-1,-1,-1,-1,-1,-1,-1,-1,-1,1,-1,6,3,-1,-1,-1,-1,-1,-1,-1,-1,0,-1
2024010488699,2024,010488699,1,3,0,18,19,1,5,0,0,8,0,0,0,0,1,1,2,2,1,36,7,-1,-1,-1,-1,2,E01003041,0,1
2024061450078,2024,061450078,2,9,0,-1,7,-1,-1,-1,0,1,9,0,0,0,1,1,-1,6,2,-1,-1,-1,-1,-1,-1,-1,-1,0,-1
2024471402444,2024,471402444,1,9,0,-1,19,4,8,-1,0,0,0,0,0,0,4,9,-1,6,3,-1,-1,-1,-1,-1,-1,-1,-1,0,-1
2024522402398,2024,522402398,2,9,0,18,19,6,2,0,0,1,0,0,0,0,1,1,6,6,3,-1,-1,-1,-1,-1,-1,-1,-1,0,-1
2024461419731,2024,461419731,1,19,0,-1,19,7,3,-1,0,1,0,0,0,0,4,9,-1,6,3,-1,-1,-1,-1,-1,-1,-1,-1,0,-1
2024010537024,2024,010537024,2,1,9,99,99,9,9,99,99,9,9,99,9,99,9,1,6,6,1,-1,-1,-1,-1,-1,-1,-1,-1,0,-1
2024421402216,2024,421402216,2,9,0,-1,19,5,1,-1,0,0,0,0,0,0,4,1,-1,6,1,73,10,-1,-1,-1,-1,6,E01021875,0,1
2024141471285,2024,141471285,2,9,0,-1,19,4,6,-1,0,0,0,0,0,0,1,1,-1,2,2,18,4,-1,-1,-1,-1,7,E01011825,0,4
2024201526018,2024,201526018,1,9,0,-1,19,8,4,-1,0,1,0,0,0,0,1,9,-1,6,3,-1,-1,-1,-1,-1,-1,-1,-1,0,-1