collision_index,collision_year,collision_ref_no,vehicle_reference,vehicle_type,towing_and_articulation,vehicle_manoeuvre_historic,vehicle_manoeuvre,vehicle_direction_from,vehicle_direction_to,vehicle_location_restricted_lane_historic,vehicle_location_restricted_lane,junction_location,skidding_and_overturning,hit_object_in_carriageway,vehicle_leaving_carriageway,hit_object_off_carriageway,first_point_of_impact,vehicle_left_hand_drive,journey_purpose_of_driver_historic,journey_purpose_of_driver,sex_of_driver,age_of_driver,age_band_of_driver,engine_capacity_cc,propulsion_code,age_of_vehicle,generic_make_model,driver_imd_decile,lsoa_of_driver,escooter_flag,driver_distance_banding
2024010532116,2024,010532116,2,9,9,99,99,9,9,99,99,9,9,99,9,99,9,1,6,6,3,-1,-1,-1,-1,-1,-1,-1,-1,0,-1
2024010517521,2024,010517521,2,1,9,18,19,9,9,99,99,0,9,99,9,99,1,1,6,6,3,-1,-1,-1,-1,-1,-1,-1,-1,0,-1
2024211411277,2024,211411277,2,1,0,-1,19,4,8,-1,0,0,0,0,0,0,1,1,-1,6,1,19,4,-1,-1,-1,-1,5,E01034104,0,2
2024141557883,2024,141557883,2,22,0,-1,2,1,1,-1,0,0,0,0,0,0,1,1,-1,6,2,51,8,-1,-1,-1,-1,2,E01007465,0,1
2024010487525,2024,010487525,1,2,0,99,99,9,9,99,99,9,9,99,9,99,9,1,2,2,1,28,6,-1,-1,-1,-1,7,E01000250,0,2
2024311469117,2024,311469117,1,18,-1,-1,19,4,8,-1,1,0,0,0,0,0,1,1,-1,1,1,40,7,-1,-1,-1,-1,1,E01013833,0,2
2024201535906,2024,201535906,3,99,0,-1,2,0,0,-1,0,1,0,0,0,0,4,1,-1,6,3,-1,-1,-1,-1,-1,-1,-1,-1,0,-1
202460Q086759,2024,60Q086759,1,9,0,18,19,7,3,0,0,4,0,0,3,0,3,1,2,2,1,21,5,-1,-1,-1,-1,-1,-1,0,-1
2024111498988,2024,111498988,2,1,0,-1,9,6,4,-1,0,1,5,0,0,0,3,1,-1,6,1,15,3,-1,-1,-1,-1,7,E01033482,0,3
2024141457256,2024,141457256,2,1,0,-1,15,3,7,-1,0,0,0,0,0,0,4,1,-1,6,1,25,5,-1,-1,-1,-1,1,E01007531,0,1
2024361443335,2024,361443335,2,1,0,-1,14,-1,-1,-1,0,1,0,0,0,0,4,1,-1,2,2,55,8,-1,-1,-1,-1,4,E01026884,0,3
2024161483932,2024,161483932,1,9,0,-1,19,1,5,-1,0,1,0,0,1,0,1,1,-1,6,1,60,9,-1,-1,-1,-1,4,E01013079,0,4
2024131493898,2024,131493898,2,1,0,-1,7,5,2,-1,0,0,0,0,0,0,1,1,-1,6,1,17,4,-1,-1,-1,-1,8,E01011185,0,1
2024371443317,2024,371443317,1,1,0,-1,19,-1,-1,-1,0,4,0,0,0,0,1,1,-1,6,1,-1,-1,-1,-1,-1,-1,-1,-1,0,-1
2024481569571,2024,481569571,2,1,0,-1,19,3,7,-1,0,8,0,0,0,0,3,1,-1,2,1,32,6,-1,-1,-1,-1,-1,-1,0,-1
2024211466750,2024,211466750,2,9,0,-1,19,3,7,-1,0,1,0,0,0,0,4,9,-1,6,2,39,7,-1,-1,-1,-1,4,E01029598,0,2
2024052401243,2024,052401243,1,9,4,11,11,1,5,0,0,0,0,0,0,0,4,1,6,6,3,-1,-1,-1,-1,-1,-1,-1,-1,0,-1
2024522402682,2024,522402682,1,9,0,18,19,5,1,0,0,0,0,0,0,0,1,1,6,6,2,50,8,-1,-1,-1,-1,-1,-1,0,-1
2024552400882,2024,552400882,2,1,0,18,19,6,2,0,0,0,0,0,0,0,3,1,6,6,1,75,10,-1,-1,-1,-1,4,E01034271,0,1
2024010541276,2024,010541276,2,1,0,18,19,6,2,0,0,1,0,0,0,0,1,1,6,6,1,27,6,-1,-1,-1,-1,5,E01004503,0,1
2024501526707,2024,501526707,1,9,0,-1,19,2,6,-1,0,1,1,0,0,0,1,2,-1,1,1,26,6,-1,-1,-1,-1,7,E01019912,0,3
2024552400571,2024,552400571,2,90,0,2,2,0,0,0,0,0,0,0,0,0,0,1,1,1,1,53,8,-1,-1,-1,-1,7,E01015340,0,1
2024361566697,2024,361566697,2,9,0,-1,9,5,7,-1,0,1,0,0,0,0,0,1,-1,6,1,56,9,-1,-1,-1,-1,3,E01026639,0,3
2024041478272,2024,041478272,2,1,0,-1,19,1,5,-1,0,1,0,0,0,0,1,1,-1,6,1,80,11,-1,-1,-1,-1,1,E01012649,0,1
2024361518913,2024,361518913,1,9,0,-1,7,1,5,-1,0,0,0,0,7,4,1,1,-1,6,1,44,7,-1,-1,-1,-1,3,E01026453,0,1
2024010496736,2024,010496736,1,4,0,99,99,9,9,99,99,9,9,99,9,99,1,1,6,6,1,28,6,-1,-1,-1,-1,2,E01002840,0,1
2024010496075,2024,010496075,2,9,0,99,99,9,9,0,0,5,0,0,1,0,1,9,6,6,1,23,5,-1,-1,-1,-1,-1,-1,0,-1
2024451394568,2024,451394568,2,9,0,-1,19,7,3,-1,0,8,0,0,0,0,4,9,-1,6,3,45,7,-1,-1,-1,-1,-1,-1,0,-1
2024201482179,2024,201482179,1,1,0,-1,19,5,1,-1,0,0,0,0,0,0,2,1,-1,9,2,23,5,-1,-1,-1,-1,1,E01009413,0,1
2024471533656,2024,471533656,2,9,0,-1,19,4,8,-1,0,0,0,0,0,0,3,1,-1,9,1,77,11,-1,-1,-1,-1,8,E01021214,0,3
2024131467533,2024,131467533,2,98,0,-1,9,7,3,-1,0,8,0,0,0,0,1,1,-1,1,1,25,5,-1,-1,-1,-1,9,E01011572,0,1
2024131513123,2024,131513123,1,1,0,-1,19,1,5,-1,0,8,0,0,0,0,1,1,-1,2,1,60,9,-1,-1,-1,-1,8,E01011583,0,1
2024010540679,2024,010540679,2,9,0,18,19,3,7,0,0,9,0,99,9,0,9,9,6,6,2,-1,-1,-1,-1,-1,-1,-1,-1,0,-1
2024131403095,2024,131403095,2,1,0,-1,19,8,4,-1,0,0,0,0,0,0,1,1,-1,6,1,47,8,-1,-1,-1,-1,1,E01011332,0,1
2024411487156,2024,411487156,1,98,-1,-1,-1,-1,-1,-1,-1,0,-1,-1,-1,0,-1,9,-1,1,1,24,5,-1,-1,-1,-1,10,E01017773,0,4
2024461510299,2024,461510299,1,9,0,-1,12,3,7,-1,0,0,0,0,0,0,1,9,-1,6,1,45,7,-1,-1,-1,-1,8,E01024313,0,2
2024010487874,2024,010487874,2,8,0,9,9,7,4,0,0,2,0,0,0,0,2,1,1,1,1,61,9,-1,-1,-1,-1,7,E01001280,0,3
2024161443570,2024,161443570,1,9,0,-1,9,4,2,-1,0,1,0,0,0,0,3,1,-1,2,2,32,6,-1,-1,-1,-1,9,E01035478,0,1
2024052400498,2024,052400498,1,9,0,9,9,5,3,0,0,1,0,0,0,0,3,1,6,6,3,-1,-1,-1,-1,-1,-1,-1,-1,0,-1
2024461437442,2024,461437442,1,9,0,-1,1,3,7,-1,0,0,0,0,0,0,2,9,-1,6,3,-1,-1,-1,-1,-1,-1,-1,-1,0,-1
2024010490856,2024,010490856,2,97,9,99,99,9,9,99,99,9,9,99,9,99,9,1,6,6,3,23,5,-1,-1,-1,-1,8,E01021171,0,4
2024010503173,2024,010503173,2,9,0,13,13,1,5,9,9,1,0,0,7,4,1,1,6,6,1,24,5,-1,-1,-1,-1,-1,-1,0,-1
2024411529008,2024,411529008,2,9,0,-1,19,1,5,-1,0,0,0,0,0,0,1,1,-1,6,1,29,6,-1,-1,-1,-1,6,E01023769,0,4
2024010496327,2024,010496327,1,9,0,3,3,7,3,0,0,1,0,0,0,0,2,1,6,6,1,69,10,-1,-1,-1,-1,8,E01024605,0,4
2024610032824,2024,610032824,2,1,0,18,19,8,4,0,0,0,0,0,0,0,1,1,6,6,1,11,3,-1,-1,-1,-1,2,W01001531,0,1
2024010546909,2024,010546909,1,9,0,18,19,7,3,0,0,8,0,0,0,0,1,1,6,6,1,54,8,-1,-1,-1,-1,8,E01002132,0,1
2024131522236,2024,131522236,2,1,0,-1,-1,-1,-1,-1,-1,-1,-1,-1,-1,0,-1,1,-1,6,1,62,9,-1,-1,-1,-1,1,E01011332,0,1
2024061500994,2024,061500994,1,-1,0,-1,19,8,4,-1,9,0,0,0,0,0,1,1,-1,7,1,-1,-1,-1,-1,-1,-1,-1,-1,0,-1
2024070686085,2024,070686085,2,1,0,-1,-1,4,2,0,0,4,0,0,0,0,1,1,6,6,1,37,7,-1,-1,-1,-1,-1,-1,0,-1
2024010508545,2024,010508545,2,9,0,99,99,9,9,99,99,9,9,99,9,99,2,9,6,6,3,-1,-1,-1,-1,-1,-1,-1,-1,0,-1
2024501423475,2024,501423475,1,9,0,-1,19,5,1,-1,0,0,0,0,-1,0,3,9,-1,6,3,-1,-1,-1,-1,-1,-1,-1,-1,0,-1
2024010495943,2024,010495943,2,1,0,18,19,4,8,0,0,1,0,10,0,0,3,1,6,6,1,31,6,-1,-1,-1,-1,-1,-1,0,-1
2024201395230,2024,201395230,1,9,0,-1,19,4,8,-1,0,1,0,0,0,0,1,9,-1,6,1,-1,-1,-1,-1,-1,-1,-1,-1,0,-1
2024010533171,2024,010533171,1,19,0,18,19,5,1,0,0,0,0,0,0,0,2,1,6,6,1,57,9,-1,-1,-1,-1,1,E01002095,0,1
2024421474239,2024,421474239,2,1,0,-1,19,-1,-1,-1,0,0,0,0,0,0,3,1,-1,9,1,39,7,-1,-1,-1,-1,8,E01016001,0,1
2024371419775,2024,371419775,1,9,-1,-1,19,1,5,-1,0,1,0,0,0,0,1,9,-1,6,3,-1,-1,-1,-1,-1,-1,-1,-1,0,-1
2024520001372,2024,520001372,1,9,9,99,99,9,9,0,0,1,0,0,0,0,9,9,6,6,3,-1,-1,-1,-1,-1,-1,-1,-1,0,-1
2024010542251,2024,010542251,2,9,0,99,99,9,9,99,99,9,9,99,9,99,9,9,6,6,3,-1,-1,-1,-1,-1,-1,-1,-1,0,-1
2024061448058,2024,061448058,2,1,0,-1,19,1,5,-1,0,4,0,0,0,0,1,1,-1,9,1,54,8,-1,-1,-1,-1,1,E01006005,0,1
2024010493494,2024,010493494,2,9,0,99,99,9,9,99,99,9,9,99,9,99,0,9,6,6,3,-1,-1,-1,-1,-1,-1,3,E01003377,0,1
2024131453566,2024,131453566,1,9,0,-1,-1,-1,-1,-1,-1,-1,-1,-1,-1,-1,-1,1,-1,6,3,-1,-1,-1,-1,-1,-1,-1,-1,0,-1
2024430087372,2024,430087372,1,9,0,18,19,8,4,0,0,1,0,0,0,0,1,1,6,6,1,-1,-1,-1,-1,-1,-1,-1,-1,0,-1
2024320393167,2024,320393167,2,1,0,-1,-1,4,8,0,0,0,0,0,0,0,3,1,6,6,1,34,6,-1,-1,-1,-1,-1,-1,0,-1
2024231471503,2024,231471503,2,19,0,-1,19,4,8,-1,0,0,0,0,1,9,1,9,-1,2,1,61,9,-1,-1,-1,-1,6,E01031189,0,3
2024461532654,2024,461532654,1,9,0,-1,7,5,7,-1,0,2,0,0,0,0,1,9,-1,9,2,38,7,-1,-1,-1,-1,10,E01024850,0,1
2024061515173,2024,061515173,1,99,-1,-1,-1,-1,-1,-1,-1,-1,-1,-1,-1,0,-1,9,-1,6,3,-1,-1,-1,-1,-1,-1,-1,-1,0,-1
2024361525469,2024,361525469,2,1,0,-1,19,5,1,-1,0,0,0,0,0,0,2,1,-1,6,1,26,6,-1,-1,-1,-1,5,E01026738,0,1
2024010491390,2024,010491390,1,9,0,5,5,1,5,0,0,3,0,10,0,0,1,1,6,6,1,75,10,-1,-1,-1,-1,8,E01002436,0,1
2024161487353,2024,161487353,1,1,0,-1,19,6,2,-1,0,5,0,0,0,0,1,1,-1,6,1,52,8,-1,-1,-1,-1,6,E01013119,0,1
2024052402215,2024,052402215,1,9,0,7,7,2,5,0,0,8,0,0,0,0,0,1,6,6,1,78,11,-1,-1,-1,-1,1,E01006703,0,1
2024421499567,2024,421499567,1,9,0,-1,10,3,1,-1,0,6,0,0,0,0,3,1,-1,6,2,24,5,-1,-1,-1,-1,3,E01021864,0,1
2024991448111,2024,991448111,1,5,0,-1,4,5,1,-1,0,1,5,0,1,10,0,1,-1,9,1,60,9,-1,-1,-1,-1,-1,-1,0,-1
2024471514281,2024,471514281,2,1,0,-1,19,1,5,-1,0,3,0,0,0,0,4,1,-1,2,1,46,8,-1,-1,-1,-1,3,E01031360,0,2
2024010513239,2024,010513239,1,9,9,99,99,9,9,99,99,9,9,99,9,99,9,9,6,6,3,-1,-1,-1,-1,-1,-1,-1,-1,0,-1
2024421407441,2024,421407441,2,9,0,-1,19,-1,-1,-1,0,0,0,0,0,0,0,1,-1,6,1,51,8,-1,-1,-1,-1,3,E01001412,0,3
2024131444255,2024,131444255,2,-1,0,-1,5,3,7,-1,0,8,0,0,0,0,1,1,-1,9,1,11,3,-1,-1,-1,-1,1,E01010777,1,1
2024131533678,2024,131533678,1,9,0,-1,19,1,1,-1,0,0,1,0,0,0,1,1,-1,6,2,18,4,-1,-1,-1,-1,10,E01007619,0,4
2024010514086,2024,010514086,1,1,9,99,99,9,9,99,99,1,9,99,9,99,1,1,2,2,2,30,6,-1,-1,-1,-1,6,E01002006,0,2
2024451447313,2024,451447313,1,1,0,-1,19,3,7,-1,0,0,2,0,0,0,0,1,-1,9,1,74,10,-1,-1,-1,-1,9,E01030809,0,1
2024111476784,2024,111476784,1,1,0,-1,19,8,4,-1,0,0,0,0,0,0,1,1,-1,9,2,13,3,-1,-1,-1,-1,4,E01020832,0,1
2024991502302,2024,991502302,1,90,0,-1,19,3,7,-1,5,0,0,0,0,0,1,1,-1,6,3,18,4,-1,-1,-1,-1,-1,-1,0,-1
2024070802744,2024,070802744,2,1,0,-1,19,3,7,-1,0,1,0,0,0,0,1,1,-1,2,1,24,5,-1,-1,-1,-1,3,E01018482,0,1
2024041394509,2024,041394509,1,9,0,-1,19,7,3,-1,0,1,0,0,0,0,1,1,-1,9,2,18,4,-1,-1,-1,-1,9,E01025273,0,2
2024061434863,2024,061434863,1,19,0,-1,19,6,2,-1,0,0,0,0,0,0,2,1,-1,2,1,46,8,-1,-1,-1,-1,2,E01006010,0,1
2024010496087,2024,010496087,2,8,0,99,99,9,9,99,99,9,9,99,9,99,1,9,6,6,3,-1,-1,-1,-1,-1,-1,-1,-1,0,-1
2024010532962,2024,010532962,3,97,0,3,3,5,1,0,0,1,0,0,0,0,2,1,6,6,1,-1,-1,-1,-1,-1,-1,-1,-1,0,-1
2024340WN2812,2024,340WN2812,2,9,0,-1,19,5,2,-1,0,8,0,0,0,0,4,1,-1,9,1,44,7,-1,-1,-1,-1,5,E01035424,0,2
2024440360755,2024,440360755,2,9,0,18,19,7,3,0,0,1,0,0,0,0,2,1,6,6,1,60,9,-1,-1,-1,-1,7,E01022795,0,1
202454C324524,2024,54C324524,1,9,0,5,5,7,3,0,0,1,0,0,0,0,1,1,6,6,2,59,9,-1,-1,-1,-1,8,E01032693,0,1
2024211431105,2024,211431105,1,9,0,-1,19,5,1,-1,0,1,0,0,0,0,1,1,-1,6,2,41,7,-1,-1,-1,-1,8,E01029505,0,1
2024010529086,2024,010529086,1,1,0,18,19,3,7,4,4,8,0,0,0,0,1,1,6,6,1,58,9,-1,-1,-1,-1,2,E01000097,0,1
2024131423662,2024,131423662,1,9,0,-1,-1,-1,-1,-1,-1,-1,-1,-1,-1,-1,-1,1,-1,6,3,-1,-1,-1,-1,-1,-1,-1,-1,0,-1
2024010496780,2024,010496780,1,19,0,99,99,9,9,99,99,0,9,99,9,99,2,9,1,1,1,59,9,-1,-1,-1,-1,5,E01004549,0,2
2024421518791,2024,421518791,2,1,0,-1,19,-1,-1,-1,0,0,2,0,0,0,1,1,-1,9,1,17,4,-1,-1,-1,-1,2,E01015896,0,1
2024201502621,2024,201502621,3,99,0,-1,5,6,2,-1,0,0,0,0,0,0,0,1,-1,6,3,40,7,-1,-1,-1,-1,1,E01010421,0,2
2024010494690,2024,010494690,2,9,0,99,99,9,9,99,99,0,9,99,9,99,1,9,6,6,3,-1,-1,-1,-1,-1,-1,-1,-1,0,-1
2024531472234,2024,531472234,1,9,0,-1,19,7,3,-1,0,0,0,0,0,0,1,9,-1,6,3,-1,-1,-1,-1,-1,-1,-1,-1,0,-1
2024010489343,2024,010489343,1,9,9,99,99,9,9,99,99,9,9,99,9,99,1,9,6,6,3,-1,-1,-1,-1,-1,-1,-1,-1,0,-1
2024320176966,2024,320176966,1,9,0,9,9,2,8,0,0,6,0,0,0,0,3,1,-1,-1,2,39,7,-1,-1,-1,-1,7,E01028353,0,3
2024461530800,2024,461530800,2,1,0,-1,15,6,2,-1,0,0,0,0,0,0,4,1,-1,6,1,-1,-1,-1,-1,-1,-1,5,E01024647,0,1
2024010543310,2024,010543310,2,9,0,99,99,9,9,99,99,9,9,99,9,99,1,9,6,6,3,-1,-1,-1,-1,-1,-1,-1,-1,0,-1
2024052401344,2024,052401344,2,1,0,18,19,1,5,0,0,1,0,0,0,0,1,1,6,6,1,47,8,-1,-1,-1,-1,1,E01006761,0,1
2024201529678,2024,201529678,1,9,0,-1,7,2,1,-1,0,6,0,0,0,0,3,9,-1,6,3,30,6,-1,-1,-1,-1,-1,-1,0,-1
2024010488065,2024,010488065,1,1,9,99,99,9,9,99,99,9,9,99,9,99,1,1,6,6,1,37,7,-1,-1,-1,-1,9,E01003477,0,1
2024201564110,2024,201564110,1,9,0,-1,19,8,4,-1,0,8,0,0,0,0,3,1,-1,6,2,54,8,-1,-1,-1,-1,-1,-1,0,-1
2024421518447,2024,421518447,1,9,0,-1,19,8,3,-1,0,8,0,0,0,0,1,1,-1,1,1,36,7,-1,-1,-1,-1,6,E01021595,0,4
2024010494107,2024,010494107,1,9,0,4,4,5,1,0,0,8,0,0,0,0,2,1,1,1,1,58,9,-1,-1,-1,-1,2,E01033086,0,1
2024471467367,2024,471467367,1,23,0,-1,19,3,7,-1,0,0,0,4,0,0,1,1,-1,6,1,31,6,-1,-1,-1,-1,8,E01016932,0,1
2024440428239,2024,440428239,2,1,0,18,19,6,2,0,0,1,0,0,0,0,1,1,2,2,1,23,5,-1,-1,-1,-1,9,E01017147,0,1
2024361448602,2024,361448602,1,9,0,-1,19,7,3,-1,0,0,0,0,0,0,4,1,-1,9,2,33,6,-1,-1,-1,-1,7,E01026528,0,1
2024430066657,2024,430066657,2,1,0,18,19,6,2,0,0,6,0,0,0,0,4,1,6,6,2,59,9,-1,-1,-1,-1,-1,-1,0,-1
2024401400297,2024,401400297,2,-1,0,-1,19,1,5,-1,0,8,5,0,0,0,3,9,-1,9,1,44,7,-1,-1,-1,-1,4,E01017535,1,1
2024070412809,2024,070412809,2,4,0,18,19,1,5,0,0,1,0,0,0,0,1,1,6,6,1,41,7,-1,-1,-1,-1,4,E01012510,0,1
2024421414390,2024,421414390,1,9,0,-1,19,1,5,-1,0,1,0,0,0,0,1,9,-1,6,2,81,11,-1,-1,-1,-1,3,E01021800,0,2
2024461443552,2024,461443552,1,9,0,-1,4,3,7,-1,0,1,0,0,0,0,1,9,-1,6,1,-1,-1,-1,-1,-1,-1,-1,-1,0,-1
2024010526365,2024,010526365,1,1,9,18,19,9,9,99,99,1,9,99,9,99,1,1,2,2,1,36,7,-1,-1,-1,-1,2,E01034209,0,2
2024471443801,2024,471443801,2,1,0,-1,19,7,3,-1,0,1,0,0,0,0,1,1,-1,2,1,59,9,-1,-1,-1,-1,4,E01020965,0,1
2024070629021,2024,070629021,1,9,0,2,2,5,1,0,0,0,0,0,0,0,4,1,4,7,2,43,7,-1,-1,-1,-1,9,E01018560,0,1
2024440051234,2024,440051234,2,21,0,12,12,2,6,0,0,0,0,0,0,0,3,1,1,1,1,42,7,-1,-1,-1,-1,-1,-1,0,-1
2024010543266,2024,010543266,2,-1,0,18,19,7,3,0,0,1,0,0,0,0,1,1,2,2,1,38,7,-1,-1,-1,-1,3,E01034046,1,1
2024522402487,2024,522402487,2,5,0,18,19,4,8,0,0,8,0,0,0,0,1,1,6,6,1,32,6,-1,-1,-1,-1,1,E01032514,0,1
2024010490117,2024,010490117,3,9,0,18,19,7,3,0,0,0,0,0,0,0,0,1,1,1,1,24,5,-1,-1,-1,-1,5,E01003666,0,1
2024991498247,2024,991498247,1,97,0,-1,19,2,6,-1,0,0,5,0,1,9,1,1,-1,9,1,70,10,-1,-1,-1,-1,-1,-1,0,-1
2024010524230,2024,010524230,2,9,0,3,3,7,3,0,0,2,0,0,0,0,1,1,6,6,1,32,6,-1,-1,-1,-1,2,E01003337,0,1
2024141449912,2024,141449912,2,9,0,-1,4,7,2,-1,0,1,0,0,0,0,1,9,-1,6,1,-1,-1,-1,-1,-1,-1,-1,-1,0,-1
2024010512719,2024,010512719,2,1,9,99,99,9,9,99,99,9,9,99,9,99,1,1,6,6,3,-1,-1,-1,-1,-1,-1,-1,-1,0,-1
2024440232246,2024,440232246,3,9,0,18,19,3,7,0,0,2,0,0,0,0,3,1,6,6,3,-1,-1,-1,-1,-1,-1,-1,-1,0,-1
2024440247820,2024,440247820,1,1,0,18,19,6,2,0,0,0,0,0,0,0,3,1,6,6,1,57,9,-1,-1,-1,-1,10,E01022870,0,1
2024010491315,2024,010491315,2,3,0,18,19,7,3,0,0,0,0,0,0,0,4,1,6,6,1,27,6,-1,-1,-1,-1,-1,-1,0,-1
2024461531761,2024,461531761,1,9,0,-1,4,3,7,-1,0,0,0,0,0,0,1,9,-1,6,1,-1,-1,-1,-1,-1,-1,-1,-1,0,-1
2024451492098,2024,451492098,1,-1,-1,-1,-1,-1,-1,-1,-1,0,-1,-1,-1,0,-1,9,-1,6,1,13,3,-1,-1,-1,-1,9,E01030997,1,1
2024131517299,2024,131517299,1,9,0,-1,9,2,8,-1,0,0,0,0,0,0,4,1,-1,9,2,79,11,-1,-1,-1,-1,6,E01011846,0,1
2024411482615,2024,411482615,1,9,0,-1,4,3,7,-1,0,0,0,0,0,0,1,1,-1,6,1,33,6,-1,-1,-1,-1,6,E01015721,0,3
2024544894824,2024,544894824,2,9,0,7,7,7,3,0,0,1,0,0,0,0,4,1,1,1,1,51,8,-1,-1,-1,-1,3,E01031956,0,1
2024531505137,2024,531505137,2,9,0,-1,19,4,8,-1,0,0,0,0,0,0,3,1,-1,2,2,32,6,-1,-1,-1,-1,6,E01034795,0,3
2024010488930,2024,010488930,1,3,0,18,19,7,3,0,0,0,0,0,0,0,1,1,6,6,1,44,7,-1,-1,-1,-1,8,E01021333,0,4
2024501469037,2024,501469037,1,9,0,-1,4,3,7,-1,0,4,0,10,7,2,1,1,-1,9,1,73,10,-1,-1,-1,-1,6,E01019903,0,3
2024340NN0152,2024,340NN0152,2,9,0,-1,9,2,8,-1,0,1,0,0,0,0,3,1,-1,6,1,-1,-1,-1,-1,-1,-1,5,E01017503,0,2
2024461531475,2024,461531475,1,9,0,-1,5,3,7,-1,0,0,0,0,0,0,1,1,-1,9,2,21,5,-1,-1,-1,-1,9,E01007926,0,5
2024010550187,2024,010550187,1,1,9,99,99,9,9,99,99,9,9,99,9,99,1,1,2,2,2,28,6,-1,-1,-1,-1,3,E01000523,0,1
2024991518224,2024,991518224,2,1,0,-1,7,3,6,-1,0,8,0,0,0,0,3,1,-1,1,1,37,7,-1,-1,-1,-1,1,-1,0,1
2024061446236,2024,061446236,1,1,0,-1,19,-1,-1,-1,0,0,0,0,1,0,4,1,-1,9,1,17,4,-1,-1,-1,-1,1,E01005087,0,1
2024320166153,2024,320166153,2,1,0,-1,-1,3,8,0,0,8,0,0,0,0,4,1,6,6,1,63,9,-1,-1,-1,-1,3,E01026043,0,1
2024010501528,2024,010501528,1,9,0,99,99,9,9,99,99,0,9,99,9,99,9,1,6,6,2,-1,-1,-1,-1,-1,-1,3,E01000503,0,1
2024010529268,2024,010529268,2,19,0,5,5,0,5,0,0,1,0,0,0,0,3,1,6,6,3,-1,-1,-1,-1,-1,-1,-1,-1,0,-1
2024201458694,2024,201458694,1,99,0,-1,7,8,2,-1,0,4,0,0,0,0,4,9,-1,6,3,-1,-1,-1,-1,-1,-1,-1,-1,0,-1
2024461424200,2024,461424200,1,21,1,-1,19,5,1,-1,0,0,1,0,0,0,1,2,-1,1,1,61,9,-1,-1,-1,-1,-1,-1,0,-1
2024131470233,2024,131470233,4,9,0,-1,2,0,0,-1,0,8,0,0,0,0,1,1,-1,6,-1,-1,-1,-1,-1,-1,-1,-1,-1,0,-1
2024332400062,2024,332400062,2,22,0,-1,19,7,3,-1,0,1,0,0,0,0,1,1,-1,6,2,90,11,-1,-1,-1,-1,1,E01013688,0,1
2024430482555,2024,430482555,2,9,0,5,5,8,4,0,0,2,0,0,0,0,3,1,6,6,3,-1,-1,-1,-1,-1,-1,-1,-1,0,-1
2024010491627,2024,010491627,2,9,0,99,99,9,9,99,99,9,9,99,9,99,1,9,6,6,3,42,7,-1,-1,-1,-1,2,E01015931,0,1
2024231454429,2024,231454429,2,9,0,-1,4,6,2,-1,0,0,0,0,0,0,2,1,-1,9,2,38,7,-1,-1,-1,-1,7,E01031303,0,2
2024101478176,2024,101478176,1,9,0,-1,19,7,3,-1,0,1,0,0,0,0,4,1,-1,6,1,52,8,-1,-1,-1,-1,5,E01027477,0,3
2024010534303,2024,010534303,2,9,0,99,99,9,9,99,99,9,9,99,9,99,2,9,6,6,3,-1,-1,-1,-1,-1,-1,-1,-1,0,-1
2024161396706,2024,161396706,1,8,0,-1,4,6,2,-1,0,5,0,0,0,0,2,9,-1,1,3,-1,-1,-1,-1,-1,-1,-1,-1,0,-1
202417H102524,2024,17H102524,2,9,0,-1,19,7,3,-1,0,8,0,0,0,0,1,1,-1,9,1,33,6,-1,-1,-1,-1,-1,-1,0,-1
2024440293848,2024,440293848,1,9,0,18,19,7,3,0,0,0,0,0,0,0,4,1,6,6,3,-1,-1,-1,-1,-1,-1,-1,-1,0,-1
2024991502125,2024,991502125,2,9,0,-1,3,6,2,-1,0,0,0,0,0,0,2,1,-1,6,2,28,6,-1,-1,-1,-1,4,-1,0,4
2024531437681,2024,531437681,2,1,0,-1,19,1,5,-1,0,8,5,0,0,0,4,1,-1,6,1,32,6,-1,-1,-1,-1,4,E01022326,0,1
2024010539247,2024,010539247,2,9,0,99,99,9,9,99,99,9,9,99,9,99,1,9,6,6,3,-1,-1,-1,-1,-1,-1,-1,-1,0,-1
2024471445310,2024,471445310,3,98,0,-1,7,5,8,-1,0,5,0,0,0,0,0,9,-1,6,3,-1,-1,-1,-1,-1,-1,-1,-1,0,-1
2024161467948,2024,161467948,2,1,0,-1,19,6,1,-1,0,0,2,0,0,0,1,1,-1,6,1,23,5,-1,-1,-1,-1,-1,-1,0,-1
2024430151816,2024,430151816,1,9,0,18,19,5,1,0,0,6,0,0,0,0,1,1,6,6,1,45,7,-1,-1,-1,-1,6,E01034340,0,5
2024010489062,2024,010489062,1,9,0,18,19,7,3,0,0,0,0,0,0,0,1,1,6,6,1,24,5,-1,-1,-1,-1,2,E01001912,0,3
2024010522039,2024,010522039,1,1,9,18,19,9,9,4,4,1,9,99,9,99,9,1,2,2,1,46,8,-1,-1,-1,-1,7,E01003903,0,2
2024401459233,2024,401459233,2,1,-1,-1,-1,-1,-1,-1,-1,-1,-1,-1,-1,0,-1,1,-1,6,1,68,10,-1,-1,-1,-1,7,E01017382,0,1
2024991530448,2024,991530448,1,9,0,-1,5,7,3,-1,0,1,0,0,0,0,2,1,-1,2,2,43,7,-1,-1,-1,-1,1,-1,0,3
2024552400370,2024,552400370,2,9,0,9,9,5,3,0,0,8,0,0,0,0,3,1,2,2,1,25,5,-1,-1,-1,-1,8,E01020421,0,2
2024332401075,2024,332401075,2,1,0,-1,5,7,3,-1,0,0,0,0,0,0,4,1,-1,6,1,15,3,-1,-1,-1,-1,3,E01025987,0,1
2024351572935,2024,351572935,2,1,0,-1,9,5,3,-1,0,1,5,0,0,0,4,1,-1,6,1,51,8,-1,-1,-1,-1,1,E01015600,0,1
2024052401365,2024,052401365,2,1,0,18,19,1,5,0,0,0,0,0,0,0,2,1,6,6,1,18,4,-1,-1,-1,-1,1,E01007048,0,1
2024061447604,2024,061447604,2,9,9,-1,7,-1,-1,-1,0,1,0,0,0,0,1,1,-1,6,3,-1,-1,-1,-1,-1,-1,-1,-1,0,-1
2024010522973,2024,010522973,2,1,0,18,19,6,2,0,0,9,0,0,0,0,2,1,6,6,1,76,11,-1,-1,-1,-1,5,E01002619,0,1
2024461445019,2024,461445019,1,90,4,-1,19,7,3,-1,0,0,0,0,0,0,0,9,-1,6,3,-1,-1,-1,-1,-1,-1,-1,-1,0,-1
2024010554831,2024,010554831,2,1,9,99,99,9,9,99,99,9,9,99,9,99,9,1,2,2,1,52,8,-1,-1,-1,-1,2,E01033587,0,1