collision_index,collision_year,collision_ref_no,vehicle_reference,vehicle_type,towing_and_articulation,vehicle_manoeuvre_historic,vehicle_manoeuvre,vehicle_direction_from,vehicle_direction_to,vehicle_location_restricted_lane_historic,vehicle_location_restricted_lane,junction_location,skidding_and_overturning,hit_object_in_carriageway,vehicle_leaving_carriageway,hit_object_off_carriageway,first_point_of_impact,vehicle_left_hand_drive,journey_purpose_of_driver_historic,journey_purpose_of_driver,sex_of_driver,age_of_driver,age_band_of_driver,engine_capacity_cc,propulsion_code,age_of_vehicle,generic_make_model,driver_imd_decile,lsoa_of_driver,escooter_flag,driver_distance_banding
2024101410062,2024,101410062,1,9,0,-1,19,4,8,-1,0,1,0,0,0,0,1,9,-1,6,1,-1,-1,-1,-1,-1,-1,-1,-1,0,-1
2024610017724,2024,610017724,1,5,0,17,19,8,5,0,0,0,0,0,7,9,1,1,6,6,1,20,4,-1,-1,-1,-1,10,W01001552,0,2
2024471490613,2024,471490613,1,9,0,-1,9,4,2,-1,0,8,0,0,0,0,1,1,-1,1,2,53,8,-1,-1,-1,-1,10,E01021026,0,3
2024010495930,2024,010495930,1,1,9,99,99,9,9,99,99,9,9,99,9,99,9,1,6,6,1,26,6,-1,-1,-1,-1,3,E01001747,0,1
2024461522442,2024,461522442,2,9,0,-1,5,3,7,-1,0,1,0,0,0,0,2,1,-1,9,1,38,7,-1,-1,-1,-1,-1,-1,0,-1
2024520500411,2024,520500411,2,9,0,5,5,9,9,0,0,4,0,0,0,0,1,1,6,6,3,-1,-1,-1,-1,-1,-1,-1,-1,0,-1
2024361435074,2024,361435074,2,1,0,-1,19,5,1,-1,0,0,0,0,0,0,3,1,-1,2,1,50,8,-1,-1,-1,-1,3,E01026640,0,1
2024010514086,2024,010514086,2,3,0,99,99,9,9,99,99,6,9,99,9,99,1,1,6,6,3,-1,-1,-1,-1,-1,-1,-1,-1,0,-1
2024430070621,2024,430070621,1,9,0,4,4,5,1,0,0,0,0,0,0,0,1,1,2,2,2,31,6,-1,-1,-1,-1,8,E01033816,0,4
2024522403306,2024,522403306,1,9,0,18,19,6,2,0,0,1,0,0,0,0,1,1,6,6,1,28,6,-1,-1,-1,-1,10,E01014935,0,2
2024010536205,2024,010536205,1,1,0,18,19,5,1,0,0,8,0,0,0,0,3,1,6,6,1,87,11,-1,-1,-1,-1,6,E01002433,0,1
2024461521166,2024,461521166,1,9,0,-1,5,5,1,-1,0,1,0,0,0,0,0,1,-1,6,1,59,9,-1,-1,-1,-1,5,E01000733,0,4
2024010525629,2024,010525629,2,11,0,18,19,5,1,0,0,6,0,0,0,0,1,2,1,1,1,45,7,-1,-1,-1,-1,4,E01000478,0,4
2024010538959,2024,010538959,2,9,0,18,19,9,9,99,99,0,9,99,9,99,9,9,6,6,3,-1,-1,-1,-1,-1,-1,-1,-1,0,-1
2024010532282,2024,010532282,1,9,0,99,99,9,9,99,99,9,9,99,9,99,2,9,6,6,1,24,5,-1,-1,-1,-1,3,E01002215,0,1
2024010496366,2024,010496366,1,9,0,9,9,1,7,0,0,1,0,0,0,0,1,1,6,6,2,20,4,-1,-1,-1,-1,7,E01022020,0,4
2024610026524,2024,610026524,1,1,0,18,19,7,3,0,0,0,0,0,0,0,3,1,6,6,1,48,8,-1,-1,-1,-1,1,W01001689,0,1
2024010515210,2024,010515210,1,9,0,18,19,3,7,0,0,8,0,0,0,0,1,1,6,6,3,-1,-1,-1,-1,-1,-1,-1,-1,0,-1
2024161528053,2024,161528053,2,9,0,-1,2,0,0,-1,0,0,1,0,0,0,3,1,-1,6,1,58,9,-1,-1,-1,-1,5,E01013306,0,1
2024010493566,2024,010493566,1,2,0,99,99,9,9,99,99,0,9,99,9,99,1,1,6,6,3,-1,-1,-1,-1,-1,-1,-1,-1,0,-1
2024131505360,2024,131505360,1,9,0,-1,19,5,1,-1,0,8,0,0,0,0,1,1,-1,6,1,26,6,-1,-1,-1,-1,2,E01011137,0,1
2024141516027,2024,141516027,3,9,0,-1,2,0,0,-1,0,0,0,0,0,0,3,1,-1,6,-1,-1,-1,-1,-1,-1,-1,-1,-1,0,-1
2024311476724,2024,311476724,2,1,0,-1,19,1,5,-1,0,1,0,0,0,0,1,1,-1,6,1,17,4,-1,-1,-1,-1,5,E01028286,0,1
2024451403256,2024,451403256,2,1,0,-1,4,1,5,-1,0,0,1,0,0,0,1,1,-1,1,2,53,8,-1,-1,-1,-1,6,E01030363,0,2
2024411458289,2024,411458289,1,9,0,-1,15,6,2,-1,0,0,0,0,0,0,2,1,-1,9,2,57,9,-1,-1,-1,-1,6,E01023943,0,1
2024340NN0662,2024,340NN0662,1,9,0,-1,19,7,3,-1,0,0,0,0,0,0,1,1,-1,6,1,26,6,-1,-1,-1,-1,2,E01033031,0,5
2024401503767,2024,401503767,2,1,0,-1,-1,-1,-1,-1,-1,0,-1,-1,-1,0,-1,1,-1,2,2,43,7,-1,-1,-1,-1,8,E01034414,0,1
2024041489481,2024,041489481,1,23,0,-1,19,3,7,-1,0,1,0,0,0,0,1,1,-1,9,1,15,3,-1,-1,-1,-1,1,E01012748,0,1
2024332400268,2024,332400268,1,9,0,-1,19,2,5,-1,0,2,0,0,0,0,1,1,-1,6,1,40,7,-1,-1,-1,-1,7,E01025751,0,4
2024141528309,2024,141528309,2,9,0,-1,19,8,4,-1,0,1,0,0,0,0,1,1,-1,6,3,-1,-1,-1,-1,-1,-1,-1,-1,0,-1
2024411432981,2024,411432981,2,9,0,-1,19,5,8,-1,0,0,0,0,0,0,1,1,-1,6,3,-1,-1,-1,-1,-1,-1,-1,-1,0,-1
2024010551497,2024,010551497,1,9,0,-1,-1,5,1,0,0,3,0,0,0,0,1,1,6,6,1,77,11,-1,-1,-1,-1,4,E01001484,0,1
2024010530227,2024,010530227,2,1,9,99,99,9,9,99,99,9,9,99,9,99,9,1,2,2,1,45,7,-1,-1,-1,-1,6,E01017898,0,4
2024201431741,2024,201431741,1,9,0,-1,9,1,7,-1,0,8,0,0,0,0,1,9,-1,1,1,19,4,-1,-1,-1,-1,1,E01009053,0,2
2024010490968,2024,010490968,2,9,0,18,19,1,5,0,0,1,0,0,0,0,1,1,6,6,1,38,7,-1,-1,-1,-1,3,E01002400,0,2
2024631465032,2024,631465032,1,-1,0,-1,19,7,3,-1,0,6,0,0,0,0,1,1,-1,6,1,15,3,-1,-1,-1,-1,5,W01000599,1,2
2024332400486,2024,332400486,1,1,0,-1,19,5,1,-1,4,0,0,0,0,0,1,1,-1,9,2,29,6,-1,-1,-1,-1,3,E01013739,0,1
2024461443552,2024,461443552,2,9,0,-1,3,3,7,-1,0,1,0,0,0,0,2,9,-1,6,1,-1,-1,-1,-1,-1,-1,2,E01024028,0,1
2024010511961,2024,010511961,1,11,0,18,19,3,7,0,0,0,0,0,0,0,1,1,6,6,1,56,9,-1,-1,-1,-1,6,E01021399,0,4
2024010510527,2024,010510527,2,1,0,18,19,6,2,0,0,0,0,0,0,0,1,1,1,1,1,44,7,-1,-1,-1,-1,3,E01035673,0,3
2024311492581,2024,311492581,2,1,0,-1,19,2,6,-1,0,0,5,0,0,0,1,1,-1,6,1,24,5,-1,-1,-1,-1,10,E01028408,0,1
2024010500798,2024,010500798,2,1,9,99,99,9,9,99,99,9,9,99,9,99,1,1,6,6,3,-1,-1,-1,-1,-1,-1,-1,-1,0,-1
2024010504653,2024,010504653,2,1,0,5,5,7,3,0,0,1,0,0,0,0,3,1,6,6,1,31,6,-1,-1,-1,-1,3,E01003050,0,1
2024522402389,2024,522402389,2,9,0,9,9,8,6,0,0,5,0,0,0,0,1,1,6,6,2,26,6,-1,-1,-1,-1,9,E01014719,0,1
2024070274231,2024,070274231,1,9,0,16,19,3,7,0,0,0,5,0,0,4,1,1,6,6,1,17,4,-1,-1,-1,-1,10,E01018475,0,1
2024991437171,2024,991437171,1,1,0,-1,19,4,8,-1,0,1,0,0,0,0,1,1,-1,9,1,35,6,-1,-1,-1,-1,1,-1,0,2
2024430517912,2024,430517912,1,9,0,18,19,2,6,0,0,3,0,0,0,0,1,1,6,6,1,32,6,-1,-1,-1,-1,-1,-1,0,-1
2024351445407,2024,351445407,1,9,-1,-1,-1,-1,-1,-1,-1,-1,-1,-1,-1,0,-1,9,-1,6,1,-1,-1,-1,-1,-1,-1,-1,-1,0,-1
2024520402481,2024,520402481,3,9,0,4,4,7,3,0,0,0,0,0,0,0,2,1,6,6,1,26,6,-1,-1,-1,-1,5,E01035131,0,2
2024010511639,2024,010511639,1,1,9,99,99,9,9,99,99,9,9,99,9,99,9,1,2,2,1,16,4,-1,-1,-1,-1,9,E01003909,0,1
2024061454128,2024,061454128,1,9,-1,-1,5,1,2,-1,-1,6,0,0,0,0,3,9,-1,6,3,-1,-1,-1,-1,-1,-1,-1,-1,0,-1
2024411433544,2024,411433544,1,9,0,-1,19,1,5,-1,0,0,0,0,1,1,1,1,-1,1,1,72,10,-1,-1,-1,-1,4,E01018146,0,4
2024501426516,2024,501426516,2,1,0,-1,19,1,5,-1,0,0,2,0,0,0,1,1,-1,6,1,58,9,-1,-1,-1,-1,4,E01020252,0,3
2024131525631,2024,131525631,1,9,0,-1,19,3,7,-1,2,0,0,0,0,0,1,1,-1,9,1,20,4,-1,-1,-1,-1,5,E01011774,0,1
2024440368278,2024,440368278,1,1,0,9,9,4,2,0,0,8,0,0,0,0,1,1,6,6,2,83,11,-1,-1,-1,-1,6,E01017021,0,1
2024010535509,2024,010535509,2,19,0,99,99,9,9,99,99,9,9,99,9,99,9,9,6,6,3,-1,-1,-1,-1,-1,-1,-1,-1,0,-1
2024201533437,2024,201533437,1,9,0,-1,19,1,5,-1,0,0,0,0,0,0,1,1,-1,6,1,70,10,-1,-1,-1,-1,1,E01009367,0,2
2024311490388,2024,311490388,2,1,0,-1,19,1,5,-1,4,1,5,0,0,0,1,1,-1,6,1,48,8,-1,-1,-1,-1,6,E01013968,0,1
2024332400678,2024,332400678,1,-1,0,-1,19,1,3,-1,0,8,1,0,0,0,1,1,-1,9,1,41,7,-1,-1,-1,-1,3,E01034020,1,1
2024070167115,2024,070167115,2,21,4,2,2,0,0,0,0,0,0,0,0,0,1,1,2,2,3,-1,-1,-1,-1,-1,-1,-1,-1,0,-1
2024311433126,2024,311433126,1,9,0,-1,1,7,3,-1,-1,0,0,0,0,0,2,9,-1,6,1,89,11,-1,-1,-1,-1,8,E01028303,0,3
2024461512998,2024,461512998,2,1,0,-1,19,5,1,-1,0,0,0,0,0,0,4,1,-1,6,1,22,5,-1,-1,-1,-1,7,E01024094,0,1
2024010541645,2024,010541645,2,1,0,18,19,3,7,0,0,2,0,0,0,0,1,1,2,2,2,45,7,-1,-1,-1,-1,4,E01001739,0,1
2024411468359,2024,411468359,1,9,0,-1,19,7,3,-1,0,0,1,0,0,0,1,1,-1,6,1,46,8,-1,-1,-1,-1,8,E01017587,0,2
2024122400224,2024,122400224,1,9,0,9,9,5,1,0,0,1,0,0,0,0,1,1,6,6,3,-1,-1,-1,-1,-1,-1,-1,-1,0,-1
2024461503213,2024,461503213,1,19,0,-1,19,7,7,-1,0,6,0,0,1,0,1,1,-1,9,2,28,6,-1,-1,-1,-1,2,E01024686,0,1
2024340WN4022,2024,340WN4022,2,9,0,-1,4,5,1,-1,0,4,0,0,0,0,2,1,-1,6,2,27,6,-1,-1,-1,-1,4,E01027245,0,1
2024340NN0952,2024,340NN0952,2,9,0,-1,19,1,5,-1,0,8,0,0,0,0,4,1,-1,1,2,72,10,-1,-1,-1,-1,6,E01027045,0,3
2024421479779,2024,421479779,1,23,0,-1,19,3,7,-1,0,1,1,0,0,0,3,1,-1,9,1,16,4,-1,-1,-1,-1,7,E01021264,0,1
2024010548101,2024,010548101,1,1,0,18,19,1,5,0,0,6,0,0,0,0,1,1,6,6,1,61,9,-1,-1,-1,-1,4,E01000997,0,1
2024141417857,2024,141417857,2,1,0,-1,19,2,5,-1,0,1,0,0,0,0,1,1,-1,6,1,49,8,-1,-1,-1,-1,3,E01007976,0,1
2024161469616,2024,161469616,2,9,0,-1,19,2,6,-1,0,0,0,0,0,0,4,9,-1,6,2,-1,-1,-1,-1,-1,-1,-1,-1,0,-1
2024101481029,2024,101481029,2,1,0,-1,19,1,5,-1,0,8,5,0,0,0,4,1,-1,9,1,18,4,-1,-1,-1,-1,-1,-1,0,-1
2024201464630,2024,201464630,1,9,0,-1,19,6,1,-1,0,2,0,0,0,0,1,1,-1,6,1,24,5,-1,-1,-1,-1,2,E01009100,0,1
2024070672442,2024,070672442,2,1,0,18,19,8,4,5,5,1,0,0,0,0,3,1,6,6,1,14,3,-1,-1,-1,-1,3,E01018672,0,2
2024421493237,2024,421493237,1,9,0,-1,19,4,8,-1,0,2,0,0,0,0,1,9,-1,6,3,-1,-1,-1,-1,-1,-1,-1,-1,0,-1
2024070442128,2024,070442128,2,9,0,18,19,8,4,0,0,1,0,0,0,0,1,1,6,6,1,76,11,-1,-1,-1,-1,6,E01018373,0,3
2024461421107,2024,461421107,1,9,0,-1,9,3,7,-1,0,8,0,0,0,0,3,9,-1,6,1,25,5,-1,-1,-1,-1,10,E01024838,0,1
2024010510344,2024,010510344,2,9,0,99,99,9,9,99,99,9,9,99,9,99,1,9,6,6,3,21,5,-1,-1,-1,-1,8,E01023569,0,2
2024440388894,2024,440388894,1,9,0,14,14,3,7,0,0,0,0,0,0,0,1,1,6,6,2,-1,-1,-1,-1,-1,-1,-1,-1,0,-1
2024010503894,2024,010503894,1,-1,0,5,5,7,3,0,0,8,0,0,0,0,4,1,6,6,1,49,8,-1,-1,-1,-1,1,E01002783,1,1
2024061434611,2024,061434611,2,1,0,-1,19,1,5,-1,0,0,0,0,0,0,4,1,-1,1,1,19,4,-1,-1,-1,-1,1,E01005256,0,1
2024461451393,2024,461451393,2,9,0,-1,19,8,4,-1,0,8,0,0,0,0,1,1,-1,2,1,39,7,-1,-1,-1,-1,9,E01024088,0,3
2024421470070,2024,421470070,1,9,0,-1,19,3,7,-1,0,1,0,0,0,0,2,1,-1,6,1,77,11,-1,-1,-1,-1,10,E01021471,0,3
2024010514975,2024,010514975,1,1,0,18,19,1,5,0,0,0,1,7,0,0,1,1,2,2,1,30,6,-1,-1,-1,-1,2,E01033864,0,1
2024010515888,2024,010515888,1,4,0,16,19,1,5,0,0,5,1,0,0,0,1,1,6,6,1,36,7,-1,-1,-1,-1,10,E01003805,0,1
2024320367739,2024,320367739,2,9,0,-1,-1,2,6,0,0,8,5,0,0,0,3,1,1,1,1,55,8,-1,-1,-1,-1,6,E01026315,0,1
2024231515315,2024,231515315,2,1,0,-1,19,2,6,-1,9,8,0,0,0,0,1,1,-1,9,1,11,3,-1,-1,-1,-1,1,E01035017,0,1
2024231492774,2024,231492774,1,9,0,-1,19,4,8,-1,0,0,0,0,0,0,1,9,-1,6,1,36,7,-1,-1,-1,-1,5,E01031311,0,1
2024201444075,2024,201444075,2,1,0,-1,19,3,7,-1,0,0,0,0,0,0,2,1,-1,6,1,37,7,-1,-1,-1,-1,1,E01009354,0,1
2024010501957,2024,010501957,1,9,0,99,99,9,9,99,99,9,9,99,9,99,1,9,6,6,3,-1,-1,-1,-1,-1,-1,-1,-1,0,-1
2024361442603,2024,361442603,2,9,0,-1,9,3,4,-1,0,1,0,0,0,0,3,1,-1,6,1,71,10,-1,-1,-1,-1,6,E01026924,0,1
2024041493555,2024,041493555,1,9,0,-1,3,3,7,-1,0,8,0,0,0,0,1,1,-1,9,1,78,11,-1,-1,-1,-1,6,E01025562,0,2
2024061527966,2024,061527966,2,9,0,-1,19,7,3,-1,0,8,0,0,0,0,3,1,-1,6,2,40,7,-1,-1,-1,-1,1,E01005501,0,1
2024010510523,2024,010510523,1,3,0,10,10,7,6,99,99,1,0,99,9,99,2,1,6,6,1,56,9,-1,-1,-1,-1,6,E01000265,0,3
2024440541296,2024,440541296,1,1,0,18,19,6,2,0,0,1,0,0,0,0,4,1,6,6,1,13,3,-1,-1,-1,-1,4,E01023120,0,1
2024031466192,2024,031466192,1,9,0,-1,19,4,8,-1,0,0,0,0,0,0,1,1,-1,9,1,38,7,-1,-1,-1,-1,-1,-1,0,-1
2024520401078,2024,520401078,1,9,0,18,19,3,7,0,0,0,0,0,0,0,1,1,6,6,2,78,11,-1,-1,-1,-1,2,E01029291,0,1
2024131502285,2024,131502285,1,9,0,-1,-1,-1,-1,-1,-1,8,-1,-1,-1,0,-1,1,-1,6,3,-1,-1,-1,-1,-1,-1,-1,-1,0,-1
2024421454039,2024,421454039,1,19,0,-1,19,5,1,-1,0,2,0,0,0,0,1,1,-1,6,2,71,10,-1,-1,-1,-1,5,E01021769,0,3
2024131437609,2024,131437609,2,1,0,-1,19,3,7,-1,0,1,0,0,0,0,1,1,-1,9,2,12,3,-1,-1,-1,-1,1,E01010632,0,1
2024010491322,2024,010491322,1,1,9,99,99,9,9,99,99,9,9,99,9,99,9,1,2,2,1,60,9,-1,-1,-1,-1,6,E01004637,0,1
2024010491622,2024,010491622,1,9,0,2,2,0,0,0,0,0,0,8,0,0,1,1,6,6,3,-1,-1,-1,-1,-1,-1,-1,-1,0,-1
2024440013575,2024,440013575,2,9,0,18,19,2,6,0,0,0,0,0,0,0,1,1,6,6,1,78,11,-1,-1,-1,-1,9,E01022494,0,1
2024340NN1512,2024,340NN1512,1,5,0,-1,19,1,5,-1,0,0,0,0,0,0,1,1,-1,9,1,28,6,-1,-1,-1,-1,1,E01027310,0,2
2024451439862,2024,451439862,2,98,0,-1,19,1,5,-1,0,0,0,0,0,0,1,9,-1,6,3,50,8,-1,-1,-1,-1,-1,-1,0,-1
202417M115424,2024,17M115424,1,9,0,-1,19,4,8,-1,0,2,0,0,1,0,1,1,-1,6,3,-1,-1,-1,-1,-1,-1,-1,-1,0,-1
2024010506500,2024,010506500,2,9,0,99,99,9,9,99,99,9,9,99,9,99,9,9,6,6,3,-1,-1,-1,-1,-1,-1,-1,-1,0,-1
2024010508098,2024,010508098,2,-1,0,15,15,3,7,0,0,1,0,0,0,0,1,1,2,2,1,22,5,-1,-1,-1,-1,3,E01034222,1,1
2024411491845,2024,411491845,2,9,0,-1,19,5,1,-1,0,0,0,0,0,0,3,1,-1,6,2,42,7,-1,-1,-1,-1,3,E01023326,0,1
2024141510600,2024,141510600,1,9,0,-1,3,1,5,-1,0,0,0,0,0,0,2,1,-1,9,1,60,9,-1,-1,-1,-1,7,E01007818,0,1
2024552401540,2024,552401540,2,9,0,18,19,8,4,0,0,8,0,0,0,0,3,1,6,6,1,36,7,-1,-1,-1,-1,8,E01015333,0,1
2024010491252,2024,010491252,2,9,0,18,19,7,3,0,0,1,0,0,0,0,2,1,1,1,2,40,7,-1,-1,-1,-1,2,E01001130,0,4
2024141555050,2024,141555050,2,9,0,-1,5,1,5,-1,0,0,0,0,0,0,1,1,-1,6,3,-1,-1,-1,-1,-1,-1,-1,-1,0,-1
2024131502464,2024,131502464,2,1,0,-1,19,2,6,-1,0,3,0,0,0,0,4,1,-1,9,1,22,5,-1,-1,-1,-1,2,E01011281,0,1
2024010543560,2024,010543560,1,9,0,-1,-1,3,7,0,0,6,5,4,0,0,4,1,6,6,1,23,5,-1,-1,-1,-1,4,E01033930,0,2
2024010502886,2024,010502886,2,1,0,18,19,2,6,0,0,0,0,0,0,0,1,1,6,6,1,64,9,-1,-1,-1,-1,9,E01000001,0,1
2024430067282,2024,430067282,2,1,0,18,19,2,6,0,0,8,0,0,0,0,1,1,2,2,1,30,6,-1,-1,-1,-1,7,E01028703,0,2
2024010503039,2024,010503039,2,9,4,99,99,9,9,99,99,9,9,99,9,99,9,9,6,6,3,-1,-1,-1,-1,-1,-1,-1,-1,0,-1
2024552400880,2024,552400880,2,1,0,18,19,8,4,0,0,8,0,0,0,0,3,1,6,6,2,42,7,-1,-1,-1,-1,7,E01015446,0,1
2024440127377,2024,440127377,1,1,0,18,19,1,5,0,0,2,0,0,0,0,1,1,6,6,1,-1,-1,-1,-1,-1,-1,-1,-1,0,-1
2024010528455,2024,010528455,1,1,9,99,99,9,9,99,99,9,9,99,9,99,9,1,6,6,2,30,6,-1,-1,-1,-1,4,E01003548,0,1
2024161435230,2024,161435230,1,9,0,-1,9,8,5,-1,0,1,0,0,0,0,1,1,-1,6,3,60,9,-1,-1,-1,-1,-1,-1,0,-1
2024430027272,2024,430027272,2,9,0,9,9,6,4,0,0,6,0,0,0,0,1,1,6,6,2,-1,-1,-1,-1,-1,-1,-1,-1,0,-1
2024010488821,2024,010488821,3,9,0,18,19,5,1,0,0,0,0,0,0,0,0,1,6,6,2,46,8,-1,-1,-1,-1,4,E01003554,0,1
2024061460279,2024,061460279,1,9,0,-1,19,3,7,-1,0,0,0,0,0,0,1,1,-1,6,3,44,7,-1,-1,-1,-1,1,E01005513,0,1
2024371472113,2024,371472113,1,1,0,-1,19,7,3,-1,0,2,0,0,0,0,0,1,-1,6,1,43,7,-1,-1,-1,-1,1,E01030258,0,1
2024430146254,2024,430146254,1,21,0,18,19,2,6,0,0,0,0,0,0,0,3,1,1,1,1,32,6,-1,-1,-1,-1,4,E01017661,0,2
2024211408252,2024,211408252,1,9,0,-1,2,0,0,-1,0,1,0,0,0,0,2,1,-1,6,1,40,7,-1,-1,-1,-1,9,E01009430,0,4
2024991420431,2024,991420431,1,4,0,-1,19,8,4,-1,0,1,0,0,0,0,1,1,-1,6,1,17,4,-1,-1,-1,-1,8,-1,0,1
2024010519414,2024,010519414,2,9,0,99,99,9,9,99,99,9,9,99,9,99,9,9,6,6,3,-1,-1,-1,-1,-1,-1,-1,-1,0,-1
2024320065561,2024,320065561,2,1,0,-1,-1,6,2,0,0,0,5,0,0,0,3,1,-1,-1,1,12,3,-1,-1,-1,-1,7,E01026275,0,1
2024522500148,2024,522500148,2,9,0,1,1,2,6,0,0,0,0,0,0,0,2,1,6,6,3,-1,-1,-1,-1,-1,-1,-1,-1,0,-1
2024622400741,2024,622400741,1,1,0,18,19,8,4,0,0,0,0,0,0,0,1,1,6,6,1,33,6,-1,-1,-1,-1,5,W01002022,0,3
2024531480297,2024,531480297,2,98,0,-1,19,5,1,-1,0,1,0,0,0,0,3,1,-1,1,1,26,6,-1,-1,-1,-1,6,E01034798,0,1
2024010535637,2024,010535637,2,1,9,99,99,9,9,99,99,9,9,99,9,99,9,1,6,6,2,26,6,-1,-1,-1,-1,2,E01002709,0,1
2024010553041,2024,010553041,1,9,0,4,4,7,3,0,0,9,0,0,0,0,9,1,6,6,1,61,9,-1,-1,-1,-1,8,E01003673,0,1
2024471488402,2024,471488402,1,9,0,-1,19,8,4,-1,0,0,0,0,0,0,1,9,-1,6,3,-1,-1,-1,-1,-1,-1,-1,-1,0,-1
2024311471091,2024,311471091,2,1,0,-1,19,7,3,-1,0,1,0,0,0,0,4,1,-1,6,1,12,3,-1,-1,-1,-1,-1,-1,0,-1
2024010494540,2024,010494540,1,3,0,99,99,9,9,99,99,9,9,99,9,99,9,1,2,2,1,44,7,-1,-1,-1,-1,5,E01003166,0,2
2024131417866,2024,131417866,2,9,0,-1,4,5,1,-1,0,0,0,0,0,0,2,1,-1,9,2,34,6,-1,-1,-1,-1,8,E01011743,0,1
2024371419038,2024,371419038,2,1,-1,-1,-1,-1,-1,-1,-1,0,-1,-1,-1,0,-1,1,-1,7,1,11,3,-1,-1,-1,-1,7,E01029965,0,1
2024440400009,2024,440400009,1,9,0,18,19,6,2,0,0,0,0,0,1,4,1,1,6,6,2,79,11,-1,-1,-1,-1,8,E01016337,0,2
2024010549930,2024,010549930,1,1,9,99,99,9,9,99,99,0,9,99,9,99,1,1,6,6,1,45,7,-1,-1,-1,-1,7,E01003396,0,1
2024010489239,2024,010489239,2,9,0,99,99,9,9,0,0,0,9,99,9,99,1,9,6,6,3,-1,-1,-1,-1,-1,-1,7,E01003699,0,3
2024101439340,2024,101439340,2,9,0,-1,19,1,7,-1,0,0,0,0,7,0,4,2,-1,9,1,75,10,-1,-1,-1,-1,10,E01027403,0,1
2024451447712,2024,451447712,3,9,0,-1,2,-1,-1,-1,0,0,0,0,0,0,2,9,-1,6,3,-1,-1,-1,-1,-1,-1,-1,-1,0,-1
2024010514121,2024,010514121,2,1,0,18,19,5,1,0,0,4,0,0,0,0,1,1,6,6,1,32,6,-1,-1,-1,-1,5,E01000471,0,2
2024010508151,2024,010508151,1,19,0,18,19,5,1,0,0,1,0,0,0,0,4,1,6,6,3,-1,-1,-1,-1,-1,-1,-1,-1,0,-1
2024522401578,2024,522401578,1,1,0,18,19,7,3,2,2,8,0,0,0,0,1,1,6,6,1,39,7,-1,-1,-1,-1,6,E01014531,0,1
2024421439870,2024,421439870,1,9,0,-1,19,3,7,-1,0,0,0,0,0,0,1,1,-1,6,3,-1,-1,-1,-1,-1,-1,-1,-1,0,-1
2024440136539,2024,440136539,1,9,0,18,19,2,6,0,0,0,0,0,0,0,1,1,6,6,1,18,4,-1,-1,-1,-1,-1,-1,0,-1
2024201499806,2024,201499806,2,1,0,-1,19,6,2,-1,0,0,5,0,0,0,4,1,-1,2,1,-1,-1,-1,-1,-1,-1,-1,-1,0,-1
2024302400931,2024,302400931,1,9,0,4,4,5,7,0,0,5,0,0,1,0,2,1,6,6,2,62,9,-1,-1,-1,-1,5,E01019744,0,1
2024161454084,2024,161454084,2,9,0,-1,19,1,5,-1,0,0,0,0,0,0,1,1,-1,6,3,-1,-1,-1,-1,-1,-1,-1,-1,0,-1
2024501472503,2024,501472503,1,9,0,-1,9,1,8,-1,0,8,0,0,0,0,3,1,-1,6,3,-1,-1,-1,-1,-1,-1,-1,-1,0,-1
2024991477433,2024,991477433,2,1,0,-1,19,2,6,-1,4,0,0,0,7,0,4,1,-1,9,2,59,9,-1,-1,-1,-1,10,-1,0,1
2024010492231,2024,010492231,2,8,0,99,99,9,9,99,99,0,9,99,9,99,9,9,6,6,3,54,8,-1,-1,-1,-1,3,E01035666,0,2
2024371496549,2024,371496549,1,9,0,-1,19,1,5,-1,0,0,0,1,0,0,1,9,-1,6,3,-1,-1,-1,-1,-1,-1,-1,-1,0,-1
2024010497135,2024,010497135,2,9,9,99,99,9,9,99,99,9,9,99,9,99,9,9,6,6,3,-1,-1,-1,-1,-1,-1,-1,-1,0,-1
2024371497990,2024,371497990,1,-1,0,-1,19,1,5,-1,9,0,1,0,0,0,1,1,-1,6,1,4,1,-1,-1,-1,-1,2,E01029971,1,1
2024231501630,2024,231501630,1,21,1,-1,2,0,0,-1,0,0,0,0,0,0,2,9,-1,6,-1,48,8,-1,-1,-1,-1,-1,-1,0,-1
2024991529183,2024,991529183,2,9,0,-1,19,2,6,-1,0,0,0,0,0,0,2,1,-1,6,1,74,10,-1,-1,-1,-1,-1,-1,0,-1
2024010488424,2024,010488424,2,90,0,99,99,9,9,99,99,9,9,99,9,99,9,9,6,6,3,-1,-1,-1,-1,-1,-1,-1,-1,0,-1
2024302400193,2024,302400193,4,9,0,4,4,4,8,0,0,1,0,0,0,0,1,1,6,6,2,28,6,-1,-1,-1,-1,10,E01013466,0,2
2024010493736,2024,010493736,2,1,9,99,99,9,9,99,99,9,9,99,9,99,9,1,6,6,3,-1,-1,-1,-1,-1,-1,-1,-1,0,-1
2024451499284,2024,451499284,1,1,0,-1,19,8,4,-1,0,8,5,0,0,0,4,1,-1,9,2,63,9,-1,-1,-1,-1,8,E01030647,0,1
2024201462442,2024,201462442,1,9,0,-1,5,2,6,-1,9,2,0,10,3,11,1,1,-1,6,1,20,4,-1,-1,-1,-1,-1,-1,0,-1
2024122400843,2024,122400843,2,9,0,18,19,5,1,0,0,0,0,0,0,0,1,1,2,2,2,34,6,-1,-1,-1,-1,5,E01027884,0,3
2024010495887,2024,010495887,1,9,9,99,99,9,9,99,99,9,9,99,9,99,1,9,6,6,1,-1,-1,-1,-1,-1,-1,-1,-1,0,-1
2024010496486,2024,010496486,1,9,0,18,19,5,1,0,0,0,0,0,0,0,1,1,6,6,3,-1,-1,-1,-1,-1,-1,-1,-1,0,-1
2024141458375,2024,141458375,2,98,0,-1,19,7,3,-1,0,0,0,0,0,0,0,1,-1,2,1,60,9,-1,-1,-1,-1,10,E01012517,0,4
2024522500247,2024,522500247,2,1,0,3,3,3,7,0,0,1,0,0,0,0,1,1,6,6,1,11,3,-1,-1,-1,-1,1,E01032515,0,1
2024041464379,2024,041464379,2,22,0,-1,19,1,5,-1,0,0,0,0,0,0,1,1,-1,6,2,39,7,-1,-1,-1,-1,5,E01025239,0,1
2024430199786,2024,430199786,1,90,0,18,19,6,2,0,0,0,0,0,0,0,4,1,6,6,2,20,4,-1,-1,-1,-1,5,E01016807,0,1