collision_index,collision_year,collision_ref_no,vehicle_reference,vehicle_type,towing_and_articulation,vehicle_manoeuvre_historic,vehicle_manoeuvre,vehicle_direction_from,vehicle_direction_to,vehicle_location_restricted_lane_historic,vehicle_location_restricted_lane,junction_location,skidding_and_overturning,hit_object_in_carriageway,vehicle_leaving_carriageway,hit_object_off_carriageway,first_point_of_impact,vehicle_left_hand_drive,journey_purpose_of_driver_historic,journey_purpose_of_driver,sex_of_driver,age_of_driver,age_band_of_driver,engine_capacity_cc,propulsion_code,age_of_vehicle,generic_make_model,driver_imd_decile,lsoa_of_driver,escooter_flag,driver_distance_banding
2024070659593,2024,070659593,2,1,0,18,19,5,3,0,0,1,0,0,0,0,2,1,6,6,1,70,10,-1,-1,-1,-1,10,E01007189,0,3
2024302400055,2024,302400055,2,1,0,18,19,2,6,0,0,2,0,0,1,0,2,1,6,6,1,42,7,-1,-1,-1,-1,1,E01013568,0,1
2024440345082,2024,440345082,1,19,0,9,9,2,6,0,0,8,0,0,0,0,1,1,6,6,2,24,5,-1,-1,-1,-1,6,E01014960,0,4
2024010547133,2024,010547133,1,9,0,2,2,0,0,0,0,2,0,0,0,0,1,1,6,6,3,-1,-1,-1,-1,-1,-1,-1,-1,0,-1
2024991461250,2024,991461250,2,9,0,-1,5,3,8,-1,0,1,0,0,0,0,1,1,-1,1,1,64,9,-1,-1,-1,-1,1,-1,0,1
2024010532212,2024,010532212,2,1,0,18,19,7,3,0,0,1,0,0,0,0,1,1,6,6,1,27,6,-1,-1,-1,-1,-1,-1,0,-1
2024041546529,2024,041546529,2,1,0,-1,19,1,5,-1,0,2,0,0,0,0,1,1,-1,6,1,23,5,-1,-1,-1,-1,9,E01025552,0,2
2024201448812,2024,201448812,1,9,0,-1,19,8,4,-1,0,0,0,10,1,0,1,9,-1,6,1,-1,-1,-1,-1,-1,-1,-1,-1,0,-1
2024311455000,2024,311455000,2,1,-1,-1,-1,-1,-1,-1,-1,0,-1,-1,-1,0,-1,1,-1,6,2,40,7,-1,-1,-1,-1,-1,-1,0,-1
2024522403195,2024,522403195,2,1,0,18,19,2,6,0,0,0,0,0,0,0,3,1,6,6,1,12,3,-1,-1,-1,-1,5,E01014613,0,1
2024131406790,2024,131406790,1,9,0,-1,9,7,5,-1,0,6,0,0,0,0,1,1,-1,9,2,74,10,-1,-1,-1,-1,5,E01011788,0,1
2024522402427,2024,522402427,2,9,0,99,99,9,9,0,0,1,0,0,0,0,9,1,6,6,3,-1,-1,-1,-1,-1,-1,-1,-1,0,-1
2024501524805,2024,501524805,4,9,0,-1,9,1,7,-1,0,2,0,0,0,0,0,9,-1,6,3,-1,-1,-1,-1,-1,-1,-1,-1,0,-1
2024340WN5832,2024,340WN5832,1,1,0,-1,19,6,2,-1,0,8,0,0,0,0,1,1,-1,6,1,14,3,-1,-1,-1,-1,-1,-1,0,-1
2024440077323,2024,440077323,1,9,0,9,9,5,2,0,0,8,0,0,0,0,1,1,6,6,2,-1,-1,-1,-1,-1,-1,-1,-1,0,-1
2024161482910,2024,161482910,1,1,0,-1,19,5,1,-1,4,8,0,0,0,0,2,1,-1,9,2,55,8,-1,-1,-1,-1,3,E01012866,0,1
2024010490306,2024,010490306,1,11,0,16,19,3,7,0,0,1,0,7,0,0,1,1,1,1,1,59,9,-1,-1,-1,-1,3,E01001980,0,3
2024010536992,2024,010536992,1,9,0,99,99,9,9,99,99,9,9,99,9,99,9,1,6,6,3,-1,-1,-1,-1,-1,-1,4,E01004339,0,1
2024371468398,2024,371468398,3,9,0,-1,19,5,1,-1,0,1,0,0,0,0,3,1,-1,9,1,64,9,-1,-1,-1,-1,9,E01030268,0,1
2024101471671,2024,101471671,2,1,0,-1,19,6,2,-1,0,0,0,0,0,0,2,1,-1,6,1,63,9,-1,-1,-1,-1,7,E01027554,0,1
2024991460498,2024,991460498,1,17,4,-1,19,1,5,-1,0,0,0,0,0,0,0,1,-1,1,1,17,4,-1,-1,-1,-1,-1,-1,0,-1
2024531468279,2024,531468279,1,9,0,-1,19,6,2,-1,0,0,0,0,0,0,1,9,-1,6,3,-1,-1,-1,-1,-1,-1,-1,-1,0,-1
2024010516554,2024,010516554,3,9,0,18,19,5,7,0,0,8,0,0,0,0,1,1,6,6,3,-1,-1,-1,-1,-1,-1,-1,-1,0,-1
2024461535432,2024,461535432,2,9,0,-1,19,3,7,-1,0,0,0,0,0,0,1,1,-1,6,2,29,6,-1,-1,-1,-1,6,E01035280,0,1
2024010488896,2024,010488896,2,9,0,2,2,0,0,0,0,1,0,0,0,0,4,1,6,6,3,-1,-1,-1,-1,-1,-1,-1,-1,0,-1
2024010496948,2024,010496948,3,9,0,2,2,0,0,0,0,1,0,0,0,0,1,1,6,6,3,-1,-1,-1,-1,-1,-1,-1,-1,0,-1
2024481570257,2024,481570257,1,1,0,-1,19,1,5,-1,0,0,0,0,0,0,2,1,-1,9,1,17,4,-1,-1,-1,-1,-1,-1,0,-1
2024141441355,2024,141441355,2,1,0,-1,5,3,7,-1,0,2,0,0,0,0,1,1,-1,9,1,12,3,-1,-1,-1,-1,3,E01007572,0,1
2024320450839,2024,320450839,1,9,0,-1,-1,4,8,0,0,1,1,0,8,1,1,1,-1,-1,1,22,5,-1,-1,-1,-1,-1,-1,0,-1
2024332400665,2024,332400665,2,1,0,-1,19,7,3,-1,0,8,0,0,0,0,1,1,-1,6,1,19,4,-1,-1,-1,-1,3,E01013690,0,1
2024061520555,2024,061520555,1,20,0,-1,4,7,3,-1,-1,0,0,0,0,0,1,9,-1,6,3,-1,-1,-1,-1,-1,-1,-1,-1,0,-1
2024461442490,2024,461442490,1,9,0,-1,19,2,6,-1,0,0,0,0,0,0,1,9,-1,6,3,-1,-1,-1,-1,-1,-1,-1,-1,0,-1
2024131459041,2024,131459041,1,97,0,-1,7,3,3,-1,0,8,0,0,0,0,3,1,-1,6,1,13,3,-1,-1,-1,-1,-1,-1,0,-1
2024122401025,2024,122401025,2,1,0,18,19,3,7,0,0,8,0,0,0,0,1,1,1,1,2,41,7,-1,-1,-1,-1,9,E01034762,0,1
2024070507937,2024,070507937,1,9,0,9,9,3,1,0,0,8,0,0,0,0,1,1,6,6,1,86,11,-1,-1,-1,-1,3,E01018534,0,2
2024161468497,2024,161468497,1,9,0,-1,4,8,4,-1,0,4,0,0,0,0,4,1,-1,9,1,53,8,-1,-1,-1,-1,6,E01013039,0,2
2024401465729,2024,401465729,2,1,0,-1,19,2,6,-1,0,0,0,0,1,0,1,1,-1,7,1,15,3,-1,-1,-1,-1,2,E01033807,0,1
2024522402330,2024,522402330,1,1,0,3,3,9,9,0,0,1,0,0,0,0,2,1,6,6,2,31,6,-1,-1,-1,-1,10,E01014710,0,1
2024421481037,2024,421481037,2,9,0,-1,19,6,2,-1,0,1,0,0,0,0,1,1,-1,9,1,72,10,-1,-1,-1,-1,8,E01002269,0,2
2024122400547,2024,122400547,2,1,0,9,9,1,5,0,0,1,0,0,0,0,1,1,6,6,1,17,4,-1,-1,-1,-1,2,E01027825,0,1
2024041524893,2024,041524893,1,9,0,-1,19,-1,-1,-1,0,1,0,0,0,0,-1,9,-1,6,3,-1,-1,-1,-1,-1,-1,-1,-1,0,-1
2024031408436,2024,031408436,2,1,0,-1,19,7,3,-1,0,0,1,0,0,0,3,1,-1,9,1,30,6,-1,-1,-1,-1,9,E01019396,0,4
2024522402200,2024,522402200,2,9,0,6,6,4,4,0,0,2,0,0,0,0,1,1,6,6,3,-1,-1,-1,-1,-1,-1,-1,-1,0,-1
2024061432756,2024,061432756,1,1,0,-1,13,3,7,-1,0,2,0,0,0,0,2,1,-1,6,1,15,3,-1,-1,-1,-1,-1,-1,0,-1
2024451480916,2024,451480916,2,1,0,-1,9,7,1,-1,0,0,0,0,0,0,1,1,-1,6,2,34,6,-1,-1,-1,-1,9,E01030768,0,4
2024340NN1632,2024,340NN1632,1,9,0,-1,19,8,4,-1,0,0,0,0,0,0,4,1,-1,6,3,-1,-1,-1,-1,-1,-1,-1,-1,0,-1
2024211464819,2024,211464819,1,98,-1,-1,-1,-1,-1,-1,-1,-1,-1,-1,-1,0,-1,9,-1,1,3,-1,-1,-1,-1,-1,-1,-1,-1,0,-1
2024010527898,2024,010527898,2,9,0,99,99,9,9,99,99,9,9,99,9,99,9,9,6,6,1,-1,-1,-1,-1,-1,-1,-1,-1,0,-1
2024010490927,2024,010490927,1,3,0,18,19,3,7,0,0,1,0,0,0,0,1,1,6,6,1,33,6,-1,-1,-1,-1,3,E01032581,0,1
2024201531555,2024,201531555,2,9,0,-1,19,7,3,-1,0,3,0,0,0,0,1,1,-1,6,3,-1,-1,-1,-1,-1,-1,-1,-1,0,-1
2024010549554,2024,010549554,2,1,0,9,9,7,5,0,0,6,0,0,0,0,2,1,6,6,1,30,6,-1,-1,-1,-1,2,E01033699,0,1
2024010533925,2024,010533925,1,1,9,99,99,9,9,99,99,9,9,99,9,99,9,1,2,2,2,60,9,-1,-1,-1,-1,2,E01001979,0,1
2024010526761,2024,010526761,2,9,0,18,19,6,2,0,0,1,0,0,0,0,1,1,6,6,3,-1,-1,-1,-1,-1,-1,-1,-1,0,-1
2024010531780,2024,010531780,2,9,0,99,99,9,9,99,99,9,9,99,9,99,9,9,6,6,1,76,11,-1,-1,-1,-1,1,E01005482,0,5
2024440414161,2024,440414161,2,3,0,13,13,5,1,0,0,2,0,0,0,0,1,1,6,6,1,17,4,-1,-1,-1,-1,5,E01017136,0,1
2024520401382,2024,520401382,2,9,0,18,19,2,6,0,0,8,0,0,0,0,1,1,6,6,1,91,11,-1,-1,-1,-1,6,E01029057,0,1
2024552400308,2024,552400308,2,1,0,9,9,6,4,0,0,8,0,0,0,0,2,1,6,6,1,53,8,-1,-1,-1,-1,7,E01015446,0,1
2024010519202,2024,010519202,1,1,0,18,19,1,5,0,0,3,0,0,0,0,2,1,6,6,1,25,5,-1,-1,-1,-1,7,E01002837,0,1
2024311459910,2024,311459910,2,1,0,-1,19,2,6,-1,0,3,0,0,0,0,2,1,-1,9,1,66,10,-1,-1,-1,-1,-1,-1,0,-1
2024052400211,2024,052400211,1,9,0,1,1,6,2,0,0,0,0,0,0,0,2,1,6,6,2,43,7,-1,-1,-1,-1,1,E01006443,0,1
2024010505669,2024,010505669,1,2,0,18,19,7,3,0,0,1,0,0,0,0,1,1,6,6,3,-1,-1,-1,-1,-1,-1,-1,-1,0,-1
2024610030624,2024,610030624,2,90,0,13,13,2,6,0,0,8,0,0,0,0,4,1,6,6,1,17,4,-1,-1,-1,-1,1,W01001668,0,2
2024991517381,2024,991517381,1,9,0,-1,19,4,8,-1,0,0,0,0,7,0,1,2,-1,9,1,26,6,-1,-1,-1,-1,4,E01000722,0,5
2024052401129,2024,052401129,2,22,0,18,19,6,2,0,0,3,5,10,0,0,0,1,6,6,1,72,10,-1,-1,-1,-1,7,E01007144,0,2
2024010491805,2024,010491805,2,3,0,13,13,1,5,0,0,1,1,0,1,0,1,1,2,2,1,35,6,-1,-1,-1,-1,8,E01000703,0,1
2024201524520,2024,201524520,2,9,0,-1,19,3,7,-1,0,8,0,0,0,0,1,9,-1,6,3,-1,-1,-1,-1,-1,-1,-1,-1,0,-1
2024141451924,2024,141451924,2,1,0,-1,19,1,4,-1,0,1,0,0,0,0,1,1,-1,6,1,22,5,-1,-1,-1,-1,1,E01008124,0,2
2024501494250,2024,501494250,1,9,0,-1,1,8,4,-1,0,0,0,0,0,0,2,1,-1,6,1,35,6,-1,-1,-1,-1,-1,-1,0,-1
2024010495822,2024,010495822,2,9,0,18,19,7,3,0,0,0,0,0,0,0,1,1,6,6,1,19,4,-1,-1,-1,-1,5,E01001895,0,1
2024440359443,2024,440359443,2,1,0,18,19,1,5,0,0,8,0,0,0,0,2,1,6,6,1,29,6,-1,-1,-1,-1,3,E01022549,0,1
2024201439037,2024,201439037,1,22,0,-1,19,3,1,-1,9,0,0,0,0,0,1,1,-1,6,3,-1,-1,-1,-1,-1,-1,-1,-1,0,-1
2024010492384,2024,010492384,1,3,0,18,19,3,7,0,0,1,0,0,0,0,2,1,6,6,1,51,8,-1,-1,-1,-1,3,E01000305,0,1
2024131479608,2024,131479608,2,9,0,-1,19,5,1,-1,0,0,0,0,0,0,2,1,-1,9,1,36,7,-1,-1,-1,-1,7,E01011050,0,2
2024421489462,2024,421489462,1,19,0,-1,1,3,7,-1,0,0,0,0,0,0,2,1,-1,6,1,-1,-1,-1,-1,-1,-1,-1,-1,0,-1
2024010489726,2024,010489726,2,9,0,99,99,9,9,99,99,9,9,99,9,99,1,9,6,6,1,-1,-1,-1,-1,-1,-1,-1,-1,0,-1
2024010541527,2024,010541527,1,1,9,99,99,9,9,99,99,9,9,99,9,99,1,1,2,2,1,28,6,-1,-1,-1,-1,5,E01004345,0,1
2024131414116,2024,131414116,1,9,0,-1,9,1,3,-1,0,8,0,0,0,0,1,1,-1,9,1,45,7,-1,-1,-1,-1,1,E01010735,0,1
2024010535221,2024,010535221,1,1,3,15,15,1,5,0,0,1,0,0,0,0,3,1,6,6,1,57,9,-1,-1,-1,-1,2,E01001191,0,1
2024010535631,2024,010535631,2,1,0,18,19,3,7,0,0,6,0,0,0,0,0,1,6,6,1,54,8,-1,-1,-1,-1,4,E01001278,0,1
2024231531629,2024,231531629,1,9,0,-1,5,4,7,-1,0,6,0,0,0,0,3,1,-1,9,1,75,10,-1,-1,-1,-1,7,E01031051,0,2
2024302401188,2024,302401188,2,9,0,18,19,3,7,0,0,1,0,0,0,0,0,1,6,6,3,-1,-1,-1,-1,-1,-1,5,E01019456,0,4
2024010517173,2024,010517173,1,9,0,5,5,5,1,0,0,8,0,0,0,0,3,1,2,2,1,39,7,-1,-1,-1,-1,6,E01000803,0,1
2024320413796,2024,320413796,2,1,0,-1,-1,5,7,0,0,2,5,0,0,0,2,1,-1,-1,1,14,3,-1,-1,-1,-1,5,E01026213,0,2
2024430285027,2024,430285027,1,1,0,18,19,6,2,0,0,1,0,0,0,0,3,1,2,2,1,46,8,-1,-1,-1,-1,10,E01016525,0,1
2024471497981,2024,471497981,2,99,-1,-1,19,5,1,-1,0,4,0,0,0,0,4,9,-1,6,3,-1,-1,-1,-1,-1,-1,-1,-1,0,-1
2024332400846,2024,332400846,2,5,0,-1,19,6,2,-1,0,0,0,0,0,0,1,1,-1,6,1,31,6,-1,-1,-1,-1,8,E01009644,0,4
2024471528835,2024,471528835,1,9,0,-1,19,3,7,-1,0,0,0,0,0,0,1,1,-1,9,1,36,7,-1,-1,-1,-1,4,E01021045,0,3
2024421497729,2024,421497729,1,97,0,-1,19,7,3,-1,0,0,0,0,0,0,1,1,-1,6,3,-1,-1,-1,-1,-1,-1,-1,-1,0,-1
2024010546871,2024,010546871,1,21,1,18,19,4,8,0,0,0,0,0,0,0,3,1,6,6,3,-1,-1,-1,-1,-1,-1,-1,-1,0,-1
2024351519842,2024,351519842,2,1,0,-1,7,-1,-1,-1,0,2,0,0,0,0,1,1,-1,2,2,38,7,-1,-1,-1,-1,8,E01032794,0,1
2024010513408,2024,010513408,1,1,9,99,99,9,9,99,99,9,9,99,9,99,9,1,6,6,2,37,7,-1,-1,-1,-1,7,E01004634,0,1
2024010488897,2024,010488897,1,9,0,99,99,9,9,99,99,9,9,99,9,99,9,9,6,6,1,18,4,-1,-1,-1,-1,7,E01001049,0,1
2024430517646,2024,430517646,2,9,0,18,19,6,2,0,0,0,0,0,0,0,3,1,6,6,1,52,8,-1,-1,-1,-1,6,E01000150,0,3
2024201420185,2024,201420185,2,1,0,-1,19,6,2,-1,0,8,0,0,0,0,1,1,-1,6,1,52,8,-1,-1,-1,-1,1,E01010107,0,1
2024201457581,2024,201457581,1,1,0,-1,19,8,4,-1,0,1,0,0,0,0,1,1,-1,1,1,33,6,-1,-1,-1,-1,1,E01009275,0,1
202460Q125292,2024,60Q125292,1,4,0,3,3,1,5,0,0,1,0,0,0,0,1,1,6,6,1,20,4,-1,-1,-1,-1,-1,-1,0,-1
2024201487622,2024,201487622,2,1,0,-1,3,2,8,-1,0,1,0,0,0,0,1,1,-1,6,2,43,7,-1,-1,-1,-1,1,E01009157,0,1
2024440263922,2024,440263922,2,9,0,18,19,3,7,0,0,1,0,0,0,0,1,1,6,6,2,-1,-1,-1,-1,-1,-1,-1,-1,0,-1
2024031411079,2024,031411079,2,1,-1,-1,-1,-1,-1,-1,-1,-1,-1,-1,-1,0,-1,1,-1,6,1,50,8,-1,-1,-1,-1,-1,-1,0,-1
2024201509588,2024,201509588,2,-1,0,-1,3,2,6,-1,0,1,0,0,0,0,0,1,-1,6,1,15,3,-1,-1,-1,-1,-1,-1,1,-1
2024010497013,2024,010497013,1,4,0,18,19,1,5,0,0,0,0,0,0,0,1,1,1,1,1,49,8,-1,-1,-1,-1,8,E01000669,0,2
2024010514374,2024,010514374,2,1,9,99,99,9,9,99,99,9,9,99,9,99,1,1,2,2,1,29,6,-1,-1,-1,-1,3,E01001834,0,1
2024361421446,2024,361421446,1,9,0,-1,4,5,5,-1,0,1,0,0,0,0,1,1,-1,9,1,34,6,-1,-1,-1,-1,5,E01026738,0,2
2024430491812,2024,430491812,3,11,0,3,3,7,3,0,0,0,0,0,0,0,0,1,1,1,1,-1,-1,-1,-1,-1,-1,-1,-1,0,-1
2024461430339,2024,461430339,1,1,0,-1,-1,-1,-1,-1,-1,0,-1,-1,-1,0,1,1,-1,6,3,-1,-1,-1,-1,-1,-1,-1,-1,0,-1
2024141493370,2024,141493370,1,97,0,-1,19,8,4,-1,0,8,0,0,0,0,1,1,-1,6,3,-1,-1,-1,-1,-1,-1,-1,-1,0,-1
2024010520006,2024,010520006,2,9,0,99,99,9,9,99,99,9,9,99,9,99,9,9,6,6,3,-1,-1,-1,-1,-1,-1,-1,-1,0,-1
2024302500229,2024,302500229,2,9,0,-1,9,8,6,-1,0,8,0,0,0,0,3,1,-1,9,1,17,4,-1,-1,-1,-1,8,E01019454,0,1
2024201561761,2024,201561761,2,1,0,-1,19,2,6,-1,0,1,0,0,0,0,4,1,-1,6,1,16,4,-1,-1,-1,-1,1,E01009514,0,1
2024010492390,2024,010492390,1,9,0,18,19,1,5,0,0,0,0,0,0,0,1,1,2,2,1,50,8,-1,-1,-1,-1,2,E01034478,0,2
2024010490166,2024,010490166,1,9,0,18,19,3,7,0,0,8,5,4,0,0,4,1,6,6,2,52,8,-1,-1,-1,-1,7,E01035011,0,4
2024451497517,2024,451497517,4,9,0,-1,2,3,7,-1,0,1,0,0,0,0,3,9,-1,9,1,49,8,-1,-1,-1,-1,10,E01002924,0,3
2024552400968,2024,552400968,1,9,0,7,7,8,1,9,9,5,0,0,0,0,0,1,6,6,3,-1,-1,-1,-1,-1,-1,-1,-1,0,-1
2024041447938,2024,041447938,2,9,0,-1,19,2,6,-1,0,2,0,0,0,0,1,1,-1,9,1,24,5,-1,-1,-1,-1,5,E01025395,0,2
2024010518197,2024,010518197,2,9,0,99,99,9,9,99,99,9,9,99,9,99,9,9,6,6,3,-1,-1,-1,-1,-1,-1,-1,-1,0,-1
2024010510041,2024,010510041,2,1,0,12,12,1,5,9,9,8,0,0,0,0,0,1,6,6,1,25,5,-1,-1,-1,-1,3,E01015813,0,4
2024522402850,2024,522402850,1,1,0,18,19,5,1,0,0,8,0,0,0,0,3,1,6,6,1,16,4,-1,-1,-1,-1,1,E01014832,0,1
2024131417916,2024,131417916,2,1,0,-1,19,5,1,-1,0,1,5,0,0,0,1,1,-1,1,1,52,8,-1,-1,-1,-1,3,E01011469,0,1
2024430508269,2024,430508269,2,9,0,18,19,8,4,0,0,1,0,0,0,0,1,1,6,6,1,-1,-1,-1,-1,-1,-1,-1,-1,0,-1
2024401535954,2024,401535954,4,9,0,-1,19,3,7,-1,0,0,0,0,0,0,1,1,-1,6,1,56,9,-1,-1,-1,-1,5,E01000110,0,4
2024041399596,2024,041399596,1,98,0,-1,4,-1,-1,-1,0,0,0,0,0,0,-1,9,-1,6,3,-1,-1,-1,-1,-1,-1,-1,-1,0,-1
2024010489898,2024,010489898,1,3,0,10,10,4,2,0,0,1,0,0,0,0,4,1,1,1,1,28,6,-1,-1,-1,-1,7,E01000573,0,4
2024631397360,2024,631397360,1,9,0,-1,19,8,4,-1,0,0,0,0,0,0,1,1,-1,9,2,20,4,-1,-1,-1,-1,4,W01000617,0,3
2024411482923,2024,411482923,3,9,0,-1,19,6,2,-1,0,0,0,0,0,0,9,9,-1,6,2,25,5,-1,-1,-1,-1,9,E01023417,0,2
2024061424367,2024,061424367,1,9,0,-1,5,5,1,-1,0,0,0,0,0,0,1,9,-1,7,2,-1,-1,-1,-1,-1,-1,1,E01005291,0,1
2024430346459,2024,430346459,1,9,0,7,7,6,8,0,0,6,0,0,0,0,1,2,6,6,2,32,6,-1,-1,-1,-1,-1,-1,0,-1
2024010494356,2024,010494356,2,9,0,99,99,9,9,99,99,9,9,99,9,99,9,9,6,6,3,-1,-1,-1,-1,-1,-1,-1,-1,0,-1
2024052401618,2024,052401618,1,9,0,12,12,3,7,0,0,1,0,0,0,0,3,1,6,6,3,-1,-1,-1,-1,-1,-1,-1,-1,0,-1
2024010515483,2024,010515483,1,1,0,18,19,3,7,0,0,1,0,0,1,0,1,1,1,1,1,32,6,-1,-1,-1,-1,3,E01004062,0,1
2024311479715,2024,311479715,2,5,0,-1,15,1,4,-1,0,0,5,4,0,0,1,1,-1,9,1,43,7,-1,-1,-1,-1,10,E01028196,0,2
2024340WN5892,2024,340WN5892,1,9,0,-1,19,5,1,-1,0,8,0,0,0,0,1,1,-1,6,1,-1,-1,-1,-1,-1,-1,-1,-1,0,-1
2024430594760,2024,430594760,2,1,0,18,19,1,5,0,0,8,0,0,0,0,4,1,6,6,1,63,9,-1,-1,-1,-1,3,E01016423,0,2
2024520002734,2024,520002734,2,-1,0,18,19,3,7,0,0,0,0,0,0,0,1,1,6,6,1,18,4,-1,-1,-1,-1,9,E01014481,1,1
2024070714006,2024,070714006,1,9,0,-1,19,8,2,-1,0,0,0,12,0,0,1,1,-1,9,3,35,6,-1,-1,-1,-1,-1,-1,0,-1
2024991484851,2024,991484851,2,19,0,-1,4,3,6,-1,0,0,0,4,0,0,2,1,-1,1,2,39,7,-1,-1,-1,-1,9,-1,0,4
2024991423926,2024,991423926,2,1,0,-1,19,2,6,-1,5,0,0,0,0,0,1,1,-1,9,2,56,9,-1,-1,-1,-1,4,-1,0,1
2024631472908,2024,631472908,2,9,0,-1,4,6,2,-1,0,0,0,0,0,0,2,1,-1,6,1,54,8,-1,-1,-1,-1,7,W01000460,0,1
2024010507147,2024,010507147,1,1,9,99,99,9,9,99,99,9,9,99,9,99,1,1,2,2,1,30,6,-1,-1,-1,-1,7,E01004146,0,2
2024010487455,2024,010487455,1,3,0,18,19,4,8,0,0,1,0,0,0,0,1,1,6,6,1,24,5,-1,-1,-1,-1,-1,-1,0,-1
2024141512406,2024,141512406,2,1,0,-1,7,7,1,-1,0,2,1,0,0,0,1,1,-1,6,1,5,1,-1,-1,-1,-1,2,E01007343,0,1
2024010531641,2024,010531641,2,1,0,18,19,7,3,0,0,8,5,0,0,0,1,1,6,6,1,62,9,-1,-1,-1,-1,7,E01001907,0,1
2024542436324,2024,542436324,1,9,0,18,19,1,5,0,0,0,0,0,0,0,9,1,6,6,3,-1,-1,-1,-1,-1,-1,-1,-1,0,-1
2024010532793,2024,010532793,2,1,9,99,99,9,9,99,99,9,9,99,9,99,1,1,2,2,1,55,8,-1,-1,-1,-1,5,E01001607,0,3
2024991521844,2024,991521844,2,9,0,-1,19,3,7,-1,0,0,0,0,0,0,1,1,-1,9,1,60,9,-1,-1,-1,-1,-1,-1,0,-1
2024010490060,2024,010490060,1,3,0,99,99,9,9,99,99,9,9,99,9,99,1,1,1,1,3,31,6,-1,-1,-1,-1,8,E01002483,0,4
2024430482713,2024,430482713,2,9,0,18,19,4,8,0,0,6,0,0,0,0,1,1,6,6,1,-1,-1,-1,-1,-1,-1,-1,-1,0,-1
2024031475344,2024,031475344,2,1,0,-1,19,2,7,-1,0,1,0,0,0,0,1,1,-1,6,1,63,9,-1,-1,-1,-1,-1,-1,0,-1
2024302401598,2024,302401598,1,19,0,9,9,3,2,0,0,8,0,0,0,0,4,1,6,6,3,-1,-1,-1,-1,-1,-1,5,E01019456,0,3
2024451433030,2024,451433030,2,9,0,-1,10,3,2,-1,0,6,0,0,0,0,3,1,-1,6,2,49,8,-1,-1,-1,-1,-1,-1,0,-1
2024991399986,2024,991399986,2,9,0,-1,19,4,1,-1,0,1,0,0,0,0,1,1,-1,6,2,25,5,-1,-1,-1,-1,4,-1,0,2
2024010537793,2024,010537793,3,1,0,18,19,6,2,0,0,8,0,0,0,0,1,1,6,6,1,26,6,-1,-1,-1,-1,8,E01004500,0,1
2024552400839,2024,552400839,1,8,0,5,5,6,2,0,0,0,0,0,0,0,0,1,1,1,3,-1,-1,-1,-1,-1,-1,-1,-1,0,-1
2024401473861,2024,401473861,1,90,0,-1,19,7,3,-1,0,0,0,0,0,0,1,1,-1,1,1,26,6,-1,-1,-1,-1,9,E01017372,0,1
2024010507914,2024,010507914,2,9,9,99,99,9,9,99,99,9,9,99,9,99,9,9,6,6,2,-1,-1,-1,-1,-1,-1,-1,-1,0,-1
2024061536795,2024,061536795,2,16,0,-1,19,4,8,-1,0,0,0,0,0,0,2,1,-1,9,2,60,9,-1,-1,-1,-1,8,E01005058,0,2
2024421407146,2024,421407146,1,9,0,-1,19,1,5,-1,0,0,0,0,0,0,1,1,-1,6,1,45,7,-1,-1,-1,-1,5,E01033459,0,1
2024010543947,2024,010543947,2,1,0,18,19,3,7,0,0,8,0,0,0,0,4,1,6,6,2,34,6,-1,-1,-1,-1,-1,-1,0,-1
2024411453781,2024,411453781,1,98,-1,-1,-1,-1,-1,-1,-1,-1,-1,-1,-1,0,-1,9,-1,6,1,-1,-1,-1,-1,-1,-1,-1,-1,0,-1
2024010493907,2024,010493907,1,3,0,18,19,3,7,0,0,8,0,0,0,0,1,1,6,6,1,29,6,-1,-1,-1,-1,7,E01002203,0,1
2024622400845,2024,622400845,3,9,0,2,2,0,0,0,0,0,0,0,0,0,1,1,6,6,3,-1,-1,-1,-1,-1,-1,-1,-1,0,-1
2024010529472,2024,010529472,1,1,0,14,14,5,1,0,0,0,0,0,0,0,3,1,1,1,1,18,4,-1,-1,-1,-1,6,E01000159,0,1
2024141419100,2024,141419100,1,9,0,-1,19,1,5,-1,0,1,0,0,0,0,1,1,-1,9,1,19,4,-1,-1,-1,-1,7,E01034249,0,1
2024430285027,2024,430285027,2,19,0,13,13,6,2,0,0,1,0,0,0,0,4,1,6,6,1,-1,-1,-1,-1,-1,-1,-1,-1,0,-1
2024522402343,2024,522402343,2,1,0,3,3,7,3,0,0,4,0,0,0,0,3,1,6,6,2,40,7,-1,-1,-1,-1,10,E01014881,0,1
2024052400448,2024,052400448,2,1,0,18,19,7,3,0,0,3,0,0,0,0,4,1,2,2,1,40,7,-1,-1,-1,-1,1,E01007007,0,1
2024522403094,2024,522403094,1,-1,0,18,19,1,5,0,0,2,0,0,0,0,4,1,6,6,1,64,9,-1,-1,-1,-1,10,E01014513,1,1
2024440426185,2024,440426185,2,9,0,7,7,8,2,0,0,8,0,0,0,0,1,1,6,6,3,-1,-1,-1,-1,-1,-1,-1,-1,0,-1
2024010541943,2024,010541943,1,9,0,5,5,3,7,9,9,7,0,0,0,0,0,1,6,6,3,24,5,-1,-1,-1,-1,-1,-1,0,-1
2024991449133,2024,991449133,2,9,0,-1,19,6,2,-1,0,1,0,0,0,0,1,1,-1,9,2,57,9,-1,-1,-1,-1,7,-1,0,4
2024531502907,2024,531502907,2,1,0,-1,19,2,6,-1,0,1,2,0,0,0,1,1,-1,9,1,28,6,-1,-1,-1,-1,8,E01022423,0,1
2024520002203,2024,520002203,1,1,0,18,19,1,5,0,0,8,0,0,0,0,4,1,1,1,1,53,8,-1,-1,-1,-1,10,E01014376,0,1
2024471513541,2024,471513541,1,9,0,-1,19,3,7,-1,0,0,0,0,0,0,1,9,-1,6,3,-1,-1,-1,-1,-1,-1,-1,-1,0,-1
2024010537883,2024,010537883,2,9,0,99,99,9,9,99,99,9,9,99,9,99,1,9,6,6,3,-1,-1,-1,-1,-1,-1,-1,-1,0,-1
2024302401784,2024,302401784,2,23,0,-1,19,6,2,-1,0,0,0,0,9,0,3,1,-1,2,2,44,7,-1,-1,-1,-1,2,E01013453,0,1
2024161496035,2024,161496035,2,1,0,-1,19,2,6,-1,0,1,0,0,0,0,2,1,-1,6,1,14,3,-1,-1,-1,-1,1,E01012946,0,4
2024421437772,2024,421437772,1,9,0,-1,13,2,6,-1,0,0,0,0,0,0,3,9,-1,6,3,-1,-1,-1,-1,-1,-1,-1,-1,0,-1