collision_index,collision_year,collision_ref_no,vehicle_reference,vehicle_type,towing_and_articulation,vehicle_manoeuvre_historic,vehicle_manoeuvre,vehicle_direction_from,vehicle_direction_to,vehicle_location_restricted_lane_historic,vehicle_location_restricted_lane,junction_location,skidding_and_overturning,hit_object_in_carriageway,vehicle_leaving_carriageway,hit_object_off_carriageway,first_point_of_impact,vehicle_left_hand_drive,journey_purpose_of_driver_historic,journey_purpose_of_driver,sex_of_driver,age_of_driver,age_band_of_driver,engine_capacity_cc,propulsion_code,age_of_vehicle,generic_make_model,driver_imd_decile,lsoa_of_driver,escooter_flag,driver_distance_banding
2024302500061,2024,302500061,2,19,0,-1,19,5,1,-1,0,8,0,0,1,0,1,1,-1,6,1,65,9,-1,-1,-1,-1,8,E01019493,0,2
2024010528985,2024,010528985,2,1,0,18,19,1,5,0,0,1,5,0,0,0,1,1,2,2,1,32,6,-1,-1,-1,-1,3,E01000545,0,1
2024122400122,2024,122400122,2,9,0,16,19,5,1,0,0,0,0,0,7,10,1,1,6,6,2,48,8,-1,-1,-1,-1,6,E01027637,0,1
2024201402659,2024,201402659,1,9,0,-1,5,5,1,-1,0,2,0,0,0,0,3,1,-1,6,3,50,8,-1,-1,-1,-1,-1,-1,0,-1
2024010487879,2024,010487879,2,9,0,18,19,5,1,0,0,8,0,0,0,0,3,1,6,6,1,19,4,-1,-1,-1,-1,4,E01001484,0,1
2024010491478,2024,010491478,1,8,0,99,99,9,9,99,99,9,9,99,9,99,9,9,2,2,1,26,6,-1,-1,-1,-1,8,E01001455,0,1
2024122400596,2024,122400596,2,1,0,18,19,1,5,0,0,1,0,0,0,0,1,1,6,6,1,54,8,-1,-1,-1,-1,6,E01027692,0,1
2024052401934,2024,052401934,2,1,0,18,19,2,6,0,0,1,0,0,0,0,2,1,6,6,1,45,7,-1,-1,-1,-1,1,E01006556,0,1
2024010488340,2024,010488340,2,10,0,99,99,9,9,99,99,9,9,99,9,99,1,9,6,6,3,-1,-1,-1,-1,-1,-1,-1,-1,0,-1
2024010501307,2024,010501307,2,-1,0,18,19,7,3,0,0,1,0,0,0,0,1,1,6,6,1,17,4,-1,-1,-1,-1,-1,-1,1,-1
2024430596427,2024,430596427,2,1,0,18,19,5,1,0,0,8,0,0,0,0,2,1,6,6,1,64,9,-1,-1,-1,-1,8,E01017776,0,1
2024010518944,2024,010518944,1,1,9,99,99,9,9,99,99,9,9,99,9,99,1,1,2,2,1,33,6,-1,-1,-1,-1,3,E01034216,0,1
2024371489101,2024,371489101,2,1,0,-1,19,2,6,-1,0,1,0,0,0,0,1,1,-1,9,1,14,3,-1,-1,-1,-1,6,E01030235,0,1
2024201503583,2024,201503583,2,11,0,-1,20,0,3,-1,0,0,0,0,0,0,0,1,-1,1,1,45,7,-1,-1,-1,-1,-1,-1,0,-1
2024302400343,2024,302400343,1,-1,0,7,7,1,3,0,0,1,0,0,0,0,1,1,6,6,1,14,3,-1,-1,-1,-1,3,E01013532,1,1
2024052400126,2024,052400126,1,9,0,12,12,1,5,0,0,0,0,0,0,0,3,1,1,1,1,61,9,-1,-1,-1,-1,2,-1,0,3
2024221512278,2024,221512278,1,9,0,-1,9,3,1,-1,0,6,0,0,0,0,1,9,-1,6,1,52,8,-1,-1,-1,-1,-1,-1,0,-1
2024451423000,2024,451423000,1,9,0,-1,19,5,1,-1,0,0,2,0,2,4,3,1,-1,9,1,21,5,-1,-1,-1,-1,8,E01004111,0,4
2024221498560,2024,221498560,1,9,0,-1,19,4,1,-1,0,0,0,0,0,0,4,9,-1,6,3,47,8,-1,-1,-1,-1,-1,-1,0,-1
2024421402708,2024,421402708,1,9,0,-1,10,1,3,-1,9,0,0,0,0,0,1,1,-1,2,1,60,9,-1,-1,-1,-1,8,E01021521,0,1
2024201410257,2024,201410257,1,21,1,-1,12,7,3,-1,0,0,0,0,0,0,3,9,-1,1,3,-1,-1,-1,-1,-1,-1,-1,-1,0,-1
2024361485344,2024,361485344,1,98,0,-1,19,7,2,-1,0,0,0,4,0,0,1,1,-1,6,1,76,11,-1,-1,-1,-1,6,E01026549,0,1
2024010516780,2024,010516780,2,1,0,18,19,3,7,0,0,6,0,0,0,0,1,1,6,6,2,19,4,-1,-1,-1,-1,4,E01002397,0,2
2024991523351,2024,991523351,2,9,0,-1,9,3,5,-1,0,1,0,0,0,0,1,1,-1,9,2,37,7,-1,-1,-1,-1,7,-1,0,1
2024141430580,2024,141430580,1,9,0,-1,19,5,1,-1,0,8,0,0,1,0,1,1,-1,2,1,35,6,-1,-1,-1,-1,9,E01013241,0,2
2024010510573,2024,010510573,2,9,9,99,99,9,9,99,99,9,9,99,9,99,2,9,6,6,3,-1,-1,-1,-1,-1,-1,-1,-1,0,-1
2024141467818,2024,141467818,1,11,0,-1,-1,-1,-1,-1,-1,0,-1,-1,-1,0,-1,9,-1,6,1,-1,-1,-1,-1,-1,-1,-1,-1,0,-1
2024311399954,2024,311399954,1,9,0,-1,7,3,7,-1,0,2,0,0,0,0,1,1,-1,6,1,30,6,-1,-1,-1,-1,-1,-1,0,-1
2024101473399,2024,101473399,1,9,0,-1,-1,-1,-1,-1,-1,-1,-1,-1,-1,0,-1,9,-1,6,3,-1,-1,-1,-1,-1,-1,-1,-1,0,-1
2024010527061,2024,010527061,1,1,9,99,99,9,9,99,99,9,9,99,9,99,1,1,2,2,2,40,7,-1,-1,-1,-1,6,E01032803,0,1
2024010541542,2024,010541542,1,1,9,99,99,9,9,99,99,0,9,99,9,99,9,1,6,6,1,29,6,-1,-1,-1,-1,5,E01001139,0,2
2024471513995,2024,471513995,2,9,0,-1,2,0,0,-1,9,0,0,0,0,0,2,1,-1,6,-1,-1,-1,-1,-1,-1,-1,-1,-1,0,-1
2024010521251,2024,010521251,2,1,9,18,19,9,9,99,99,0,9,99,9,99,9,1,2,2,2,47,8,-1,-1,-1,-1,8,E01003225,0,1
2024451515000,2024,451515000,2,9,0,-1,13,1,5,-1,0,0,0,0,0,0,4,9,-1,6,3,36,7,-1,-1,-1,-1,-1,-1,0,-1
2024010517634,2024,010517634,2,1,0,18,19,5,1,0,0,1,0,0,0,0,1,1,6,6,1,28,6,-1,-1,-1,-1,2,E01003940,0,1
2024010493603,2024,010493603,2,1,0,18,19,3,7,0,0,4,0,0,0,0,1,1,2,2,2,30,6,-1,-1,-1,-1,3,E01035650,0,1
2024411435136,2024,411435136,2,90,0,-1,19,4,8,-1,0,0,0,0,0,0,3,1,-1,1,1,-1,-1,-1,-1,-1,-1,-1,-1,0,-1
2024451453026,2024,451453026,1,9,0,-1,19,-1,-1,-1,0,0,0,0,0,0,1,9,-1,6,3,30,6,-1,-1,-1,-1,-1,-1,0,-1
2024211448866,2024,211448866,2,9,0,-1,9,5,4,-1,0,2,0,0,0,0,1,1,-1,2,1,42,7,-1,-1,-1,-1,7,E01029768,0,1
2024161478682,2024,161478682,2,1,0,-1,99,6,2,-1,5,9,0,0,0,0,1,1,-1,6,2,47,8,-1,-1,-1,-1,-1,-1,0,-1
202454E698524,2024,54E698524,2,9,0,9,9,5,3,0,0,1,0,0,0,0,1,1,2,2,2,22,5,-1,-1,-1,-1,4,E01031980,0,1
2024201482943,2024,201482943,2,1,0,-1,19,7,3,-1,0,0,5,10,1,0,3,1,-1,6,1,37,7,-1,-1,-1,-1,2,E01010097,0,2
2024010496536,2024,010496536,2,9,0,9,9,5,3,0,0,1,0,0,0,0,1,1,1,1,1,55,8,-1,-1,-1,-1,6,E01003958,0,1
2024010491243,2024,010491243,2,3,0,18,19,7,3,0,0,0,2,0,0,0,1,1,6,6,1,37,7,-1,-1,-1,-1,4,E01000557,0,1
2024131448400,2024,131448400,1,-1,0,-1,5,3,7,-1,9,0,0,0,0,0,4,1,-1,9,1,13,3,-1,-1,-1,-1,2,E01011558,1,1
2024010511621,2024,010511621,1,1,0,9,9,1,6,0,0,1,0,0,0,0,3,1,6,6,1,53,8,-1,-1,-1,-1,7,E01001593,0,2
2024010496747,2024,010496747,1,1,9,99,99,9,9,99,99,0,9,99,9,99,9,1,6,6,1,35,6,-1,-1,-1,-1,5,E01004591,0,1
2024122401142,2024,122401142,1,1,0,18,19,1,2,0,0,0,0,0,1,0,0,1,6,6,2,57,9,-1,-1,-1,-1,-1,-1,0,-1
2024010487108,2024,010487108,2,9,0,18,19,5,1,0,0,0,0,0,0,0,1,1,6,6,1,44,7,-1,-1,-1,-1,3,E01035658,0,1
2024311522306,2024,311522306,2,1,0,-1,19,4,8,-1,0,8,0,0,0,0,2,1,-1,6,1,64,9,-1,-1,-1,-1,-1,-1,0,-1
2024351413204,2024,351413204,1,-1,0,-1,5,0,0,-1,9,0,0,0,0,0,0,1,-1,9,1,37,7,-1,-1,-1,-1,2,E01015643,1,1
2024991480675,2024,991480675,1,90,0,-1,14,5,1,-1,0,6,0,10,0,0,1,1,-1,6,1,38,7,-1,-1,-1,-1,-1,-1,0,-1
2024010491552,2024,010491552,3,9,0,2,2,0,0,0,0,0,0,0,0,0,3,1,6,6,3,-1,-1,-1,-1,-1,-1,-1,-1,0,-1
2024010490025,2024,010490025,1,3,0,99,99,9,9,99,99,9,9,99,9,99,9,1,6,6,3,23,5,-1,-1,-1,-1,4,E01003171,0,2
2024461422292,2024,461422292,1,9,-1,-1,-1,-1,-1,-1,-1,0,-1,-1,-1,0,-1,9,-1,6,3,-1,-1,-1,-1,-1,-1,-1,-1,0,-1
2024131414712,2024,131414712,2,1,0,-1,7,1,5,-1,0,8,0,0,0,0,3,1,-1,9,1,65,9,-1,-1,-1,-1,8,E01011873,0,1
2024471437397,2024,471437397,3,9,0,-1,2,0,0,-1,9,0,0,0,0,0,3,1,-1,6,-1,-1,-1,-1,-1,-1,-1,-1,-1,0,-1
2024010537105,2024,010537105,1,9,9,99,99,9,9,99,99,9,9,99,9,99,9,9,6,6,3,-1,-1,-1,-1,-1,-1,-1,-1,0,-1
2024131470276,2024,131470276,2,1,0,-1,19,1,5,-1,0,8,0,0,0,0,2,1,-1,6,1,12,3,-1,-1,-1,-1,6,E01010932,0,1
2024010496516,2024,010496516,2,8,0,99,99,9,9,99,99,9,9,99,9,99,9,9,6,6,1,37,7,-1,-1,-1,-1,3,E01001812,0,1
2024552401233,2024,552401233,1,-1,0,18,19,4,8,9,9,0,0,0,0,0,1,1,6,6,3,-1,-1,-1,-1,-1,-1,-1,-1,1,-1
2024031470900,2024,031470900,1,20,5,-1,19,6,2,-1,0,0,0,0,0,0,4,9,-1,1,1,-1,-1,-1,-1,-1,-1,-1,-1,0,-1
2024461498415,2024,461498415,1,9,0,-1,19,4,8,-1,0,2,0,0,0,0,3,1,-1,9,1,24,5,-1,-1,-1,-1,4,E01024358,0,1
2024010517375,2024,010517375,1,1,9,99,99,9,9,4,4,1,9,99,9,99,1,1,2,2,2,43,7,-1,-1,-1,-1,10,E01003858,0,3
2024131477394,2024,131477394,1,11,0,-1,-1,-1,-1,-1,-1,0,-1,-1,-1,-1,-1,1,-1,6,3,-1,-1,-1,-1,-1,-1,-1,-1,0,-1
2024421527112,2024,421527112,2,1,0,-1,19,3,7,-1,0,0,0,0,0,0,4,1,-1,6,1,43,7,-1,-1,-1,-1,6,E01021344,0,1
2024351499449,2024,351499449,1,8,0,-1,19,6,2,-1,0,0,0,0,0,0,1,1,-1,9,1,38,7,-1,-1,-1,-1,6,E01033049,0,4
2024302401034,2024,302401034,2,1,0,18,19,8,4,0,0,0,0,0,0,0,2,1,6,6,2,60,9,-1,-1,-1,-1,6,E01019585,0,1
2024501489527,2024,501489527,2,9,0,-1,3,8,4,-1,0,0,0,0,0,0,2,1,-1,2,1,58,9,-1,-1,-1,-1,4,E01018965,0,1
2024010495412,2024,010495412,1,9,0,18,19,1,5,0,0,0,0,0,0,0,2,1,6,6,1,81,11,-1,-1,-1,-1,-1,-1,0,-1
2024302400722,2024,302400722,2,19,0,18,19,1,5,0,0,1,0,0,1,1,1,1,6,6,1,27,6,-1,-1,-1,-1,-1,-1,0,-1
2024010492419,2024,010492419,2,9,0,99,99,9,9,99,99,9,9,99,9,99,9,9,6,6,3,-1,-1,-1,-1,-1,-1,-1,-1,0,-1
2024451440028,2024,451440028,2,9,0,-1,3,1,5,-1,0,1,0,0,0,0,3,1,-1,1,1,38,7,-1,-1,-1,-1,4,E01031548,0,4
2024010527304,2024,010527304,2,9,0,99,99,9,9,99,99,9,9,99,9,99,9,9,6,6,3,-1,-1,-1,-1,-1,-1,-1,-1,0,-1
2024522401287,2024,522401287,2,9,0,18,19,3,7,0,0,4,0,0,0,0,1,1,6,6,3,-1,-1,-1,-1,-1,-1,-1,-1,0,-1
2024421461460,2024,421461460,1,1,0,-1,5,4,8,-1,5,0,0,0,0,0,1,1,-1,1,1,20,4,-1,-1,-1,-1,-1,-1,0,-1
2024122400206,2024,122400206,2,1,0,18,19,8,4,0,0,8,0,0,1,0,0,1,6,6,1,32,6,-1,-1,-1,-1,10,E01013432,0,1
2024531409771,2024,531409771,2,1,0,-1,19,4,8,-1,9,1,0,0,0,0,3,1,-1,2,1,33,6,-1,-1,-1,-1,5,E01022377,0,4
2024471451539,2024,471451539,1,9,0,-1,19,-1,-1,-1,0,0,0,0,0,0,-1,9,-1,6,1,-1,-1,-1,-1,-1,-1,-1,-1,0,-1
2024421471460,2024,421471460,1,9,0,-1,9,6,4,-1,0,1,0,0,0,0,1,9,-1,6,1,50,8,-1,-1,-1,-1,-1,-1,0,-1
2024131402824,2024,131402824,1,9,0,-1,7,1,5,-1,0,0,0,0,0,0,4,1,-1,7,1,33,6,-1,-1,-1,-1,3,E01010810,0,1
2024461491203,2024,461491203,1,1,0,-1,19,8,4,-1,0,0,0,12,0,0,1,1,-1,9,2,50,8,-1,-1,-1,-1,8,E01017480,0,5
2024010487023,2024,010487023,2,9,0,11,11,5,1,0,0,3,0,0,0,0,3,1,1,1,1,54,8,-1,-1,-1,-1,-1,-1,0,-1
2024141434668,2024,141434668,3,9,0,-1,2,0,0,-1,-1,1,0,0,0,0,4,1,-1,6,-1,-1,-1,-1,-1,-1,-1,-1,-1,0,-1
2024311428899,2024,311428899,3,9,0,-1,3,1,6,-1,0,0,0,0,0,0,2,1,-1,6,1,-1,-1,-1,-1,-1,-1,5,E01013937,0,2
2024201484962,2024,201484962,2,1,0,-1,4,3,7,-1,0,1,0,0,0,0,1,1,-1,6,1,31,6,-1,-1,-1,-1,5,E01009126,0,1
2024440078582,2024,440078582,1,9,4,13,13,6,2,0,0,0,0,0,0,0,4,1,1,1,1,60,9,-1,-1,-1,-1,8,E01023286,0,2
2024471400677,2024,471400677,2,9,0,-1,19,1,5,-1,0,0,0,0,0,0,3,1,-1,6,1,-1,-1,-1,-1,-1,-1,10,E01031424,0,1
2024340WN3202,2024,340WN3202,2,19,0,-1,2,0,0,-1,0,0,0,4,0,0,1,1,-1,6,3,-1,-1,-1,-1,-1,-1,-1,-1,0,-1
2024010532085,2024,010532085,1,9,0,9,9,1,7,0,0,6,0,0,0,0,4,1,6,6,1,54,8,-1,-1,-1,-1,9,E01023565,0,2
2024010548068,2024,010548068,1,1,0,18,19,1,5,99,99,9,9,0,0,0,1,1,6,6,3,-1,-1,-1,-1,-1,-1,4,E01002738,0,1
2024010488909,2024,010488909,1,9,0,5,5,3,7,99,99,4,0,0,0,0,1,1,6,6,2,36,7,-1,-1,-1,-1,5,E01002833,0,1
2024052400795,2024,052400795,1,9,0,18,19,3,7,0,0,0,0,0,0,0,4,1,6,6,3,-1,-1,-1,-1,-1,-1,-1,-1,0,-1
2024440513142,2024,440513142,1,1,0,18,19,8,4,0,0,1,0,0,0,0,3,1,6,6,1,66,10,-1,-1,-1,-1,8,E01023090,0,1
2024010500249,2024,010500249,2,22,9,18,19,2,6,0,0,0,0,0,0,0,1,1,6,6,1,-1,-1,-1,-1,-1,-1,7,E01000818,0,1
2024131445696,2024,131445696,2,1,0,-1,19,5,1,-1,0,8,1,0,0,0,4,1,-1,1,1,30,6,-1,-1,-1,-1,1,E01011677,0,1
2024131438992,2024,131438992,2,9,0,-1,19,1,5,-1,0,8,0,0,7,0,4,1,-1,9,1,72,10,-1,-1,-1,-1,9,E01011397,0,3
2024201489358,2024,201489358,2,1,0,-1,19,2,6,-1,0,0,0,0,0,0,1,1,-1,9,1,9,2,-1,-1,-1,-1,3,E01010458,0,1
2024421521406,2024,421521406,1,1,0,-1,19,5,1,-1,0,1,0,0,0,0,1,1,-1,6,1,-1,-1,-1,-1,-1,-1,-1,-1,0,-1
2024421512241,2024,421512241,1,9,0,-1,19,4,8,-1,0,0,0,0,0,0,0,9,-1,6,3,-1,-1,-1,-1,-1,-1,-1,-1,0,-1
2024411505433,2024,411505433,2,8,0,-1,-1,-1,-1,-1,-1,0,-1,-1,-1,0,-1,9,-1,1,1,28,6,-1,-1,-1,-1,5,E01015782,0,4
2024061476857,2024,061476857,2,9,0,-1,8,-1,-1,-1,0,6,0,0,0,0,1,1,-1,6,3,-1,-1,-1,-1,-1,-1,-1,-1,0,-1
2024991467011,2024,991467011,2,9,0,-1,2,0,0,-1,0,0,0,0,0,0,2,1,-1,6,-1,-1,-1,-1,-1,-1,-1,-1,-1,0,-1
2024141525833,2024,141525833,2,1,0,-1,19,3,7,-1,0,1,0,0,0,0,1,1,-1,6,1,53,8,-1,-1,-1,-1,2,E01007770,0,1
2024552401501,2024,552401501,2,9,0,7,7,7,1,0,0,5,0,0,0,0,1,1,6,6,1,31,6,-1,-1,-1,-1,6,E01029214,0,4
2024010506182,2024,010506182,4,1,0,18,19,1,5,0,0,1,0,0,0,0,1,1,6,6,2,26,6,-1,-1,-1,-1,4,E01004747,0,1
2024010528423,2024,010528423,1,1,9,99,99,9,9,99,99,9,9,99,9,99,9,1,6,6,3,42,7,-1,-1,-1,-1,3,E01001791,0,1
2024471426721,2024,471426721,2,1,0,-1,19,1,5,-1,0,0,0,0,0,0,1,1,-1,9,1,68,10,-1,-1,-1,-1,9,E01022796,0,4
2024010506224,2024,010506224,2,3,0,18,19,7,3,0,0,0,5,0,0,0,1,1,6,6,1,29,6,-1,-1,-1,-1,2,E01003712,0,3
2024122400424,2024,122400424,1,9,0,18,19,6,2,0,0,8,2,0,1,0,4,1,6,6,1,72,10,-1,-1,-1,-1,4,E01010688,0,4
2024332400405,2024,332400405,2,9,0,-1,19,5,1,-1,0,6,0,0,3,0,3,1,-1,1,2,26,6,-1,-1,-1,-1,7,E01025840,0,2
2024010489742,2024,010489742,3,19,0,18,19,7,3,0,0,0,0,0,0,0,2,1,2,2,1,30,6,-1,-1,-1,-1,5,E01032836,0,4
2024543326324,2024,543326324,1,4,0,18,19,2,6,0,0,0,0,0,0,0,0,1,6,6,1,17,4,-1,-1,-1,-1,7,E01031882,0,1
2024991396377,2024,991396377,3,9,0,-1,19,4,8,-1,0,0,0,0,0,0,4,1,-1,2,1,55,8,-1,-1,-1,-1,6,-1,0,3
2024010492950,2024,010492950,1,11,0,18,19,7,3,0,0,3,0,0,0,0,0,1,1,1,1,45,7,-1,-1,-1,-1,4,E01001363,0,2
2024421474587,2024,421474587,1,9,0,-1,19,2,6,-1,0,1,0,0,0,0,1,1,-1,6,1,43,7,-1,-1,-1,-1,1,E01015842,0,1
2024311456597,2024,311456597,1,9,0,-1,19,1,5,-1,0,0,0,0,0,0,1,9,-1,6,3,30,6,-1,-1,-1,-1,-1,-1,0,-1
2024421435734,2024,421435734,1,-1,0,-1,19,8,6,-1,0,8,0,0,0,0,4,1,-1,6,1,21,5,-1,-1,-1,-1,10,E01021545,1,1
2024010527256,2024,010527256,2,9,0,99,99,9,9,99,99,9,9,99,9,99,9,9,6,6,3,-1,-1,-1,-1,-1,-1,-1,-1,0,-1
2024451448480,2024,451448480,2,23,0,-1,7,4,8,-1,0,8,1,0,0,0,0,1,-1,9,1,11,3,-1,-1,-1,-1,4,E01030364,0,1
2024010531562,2024,010531562,1,9,0,99,99,9,9,99,99,9,9,99,9,99,2,9,6,6,3,-1,-1,-1,-1,-1,-1,-1,-1,0,-1
2024131536279,2024,131536279,1,9,0,-1,-1,-1,-1,-1,-1,-1,-1,-1,-1,-1,-1,1,-1,6,3,-1,-1,-1,-1,-1,-1,-1,-1,0,-1
2024481561261,2024,481561261,1,1,0,-1,19,1,5,-1,0,1,0,0,0,0,4,1,-1,6,1,25,5,-1,-1,-1,-1,-1,-1,0,-1
2024031436297,2024,031436297,2,9,0,-1,19,5,1,-1,0,0,0,0,0,0,3,1,-1,9,1,30,6,-1,-1,-1,-1,7,E01027742,0,3
2024501412851,2024,501412851,2,1,0,-1,19,6,2,-1,0,8,0,0,0,0,4,1,-1,2,2,42,7,-1,-1,-1,-1,4,E01015059,0,1
2024501495408,2024,501495408,2,90,0,-1,19,5,1,-1,0,0,0,0,0,0,1,1,-1,1,1,57,9,-1,-1,-1,-1,6,E01018798,0,2
2024161409966,2024,161409966,2,-1,0,-1,19,1,5,-1,0,3,0,4,0,0,1,1,-1,6,1,36,7,-1,-1,-1,-1,-1,-1,1,-1
2024520400352,2024,520400352,2,9,0,18,19,7,3,0,0,0,0,0,0,0,0,1,6,6,1,45,7,-1,-1,-1,-1,3,E01029338,0,3
2024010548266,2024,010548266,1,9,0,6,6,1,1,9,9,1,0,0,0,0,2,1,6,6,2,78,11,-1,-1,-1,-1,5,E01000260,0,1
2024201477561,2024,201477561,2,1,0,-1,19,5,1,-1,4,8,0,0,0,0,1,1,-1,6,1,25,5,-1,-1,-1,-1,1,E01009355,0,1
2024552400459,2024,552400459,1,9,0,18,19,6,2,0,0,1,0,0,0,0,1,1,6,6,3,-1,-1,-1,-1,-1,-1,-1,-1,0,-1
2024552400673,2024,552400673,1,9,0,2,2,0,0,0,0,0,0,0,0,0,3,1,6,6,2,77,11,-1,-1,-1,-1,9,E01004638,0,5
2024522500424,2024,522500424,2,9,0,2,2,0,0,0,0,2,0,0,0,0,9,1,6,6,1,-1,-1,-1,-1,-1,-1,-1,-1,0,-1
2024010520886,2024,010520886,1,9,3,18,19,5,1,0,0,8,0,0,0,0,4,1,6,6,2,29,6,-1,-1,-1,-1,8,E01004291,0,1
2024421489398,2024,421489398,1,1,0,-1,-1,-1,-1,-1,-1,0,-1,-1,-1,0,-1,1,-1,6,1,-1,-1,-1,-1,-1,-1,-1,-1,0,-1
2024311447799,2024,311447799,2,9,0,-1,13,1,5,-1,0,1,0,0,0,0,3,1,-1,6,3,18,4,-1,-1,-1,-1,-1,-1,0,-1
2024440455875,2024,440455875,2,1,0,4,4,3,7,0,0,0,0,0,0,0,1,1,6,6,2,58,9,-1,-1,-1,-1,-1,-1,0,-1
2024201445230,2024,201445230,2,22,0,-1,9,1,7,-1,9,8,0,0,0,0,4,1,-1,9,2,38,7,-1,-1,-1,-1,1,E01009404,0,1
2024351460283,2024,351460283,3,1,0,-1,19,3,7,-1,0,4,0,0,0,0,2,1,-1,6,1,44,7,-1,-1,-1,-1,1,E01015603,0,1
2024991485880,2024,991485880,1,3,0,-1,19,7,3,-1,0,2,2,0,0,0,1,1,-1,9,1,17,4,-1,-1,-1,-1,1,-1,0,1
2024221418113,2024,221418113,1,9,0,-1,13,7,3,-1,0,0,0,0,0,0,4,9,-1,6,3,46,8,-1,-1,-1,-1,-1,-1,0,-1
2024131513586,2024,131513586,1,9,0,-1,-1,-1,-1,-1,-1,0,-1,-1,-1,-1,-1,1,-1,6,3,-1,-1,-1,-1,-1,-1,-1,-1,0,-1
2024401471154,2024,401471154,1,19,0,-1,19,7,3,-1,0,2,0,0,0,0,1,1,-1,6,1,46,8,-1,-1,-1,-1,2,E01015743,0,1
2024161510469,2024,161510469,2,22,0,-1,19,3,7,-1,99,1,0,99,9,0,9,1,-1,6,1,37,7,-1,-1,-1,-1,7,E01012950,0,1
2024070416818,2024,070416818,2,9,0,11,11,7,3,0,0,0,0,0,0,0,1,1,1,1,1,21,5,-1,-1,-1,-1,9,E01012376,0,2
2024320727880,2024,320727880,2,9,0,2,2,0,0,0,0,0,0,0,0,0,1,1,6,6,3,-1,-1,-1,-1,-1,-1,-1,-1,0,-1
2024010487955,2024,010487955,2,9,9,99,99,9,9,99,99,9,9,99,9,99,9,9,6,6,1,26,6,-1,-1,-1,-1,3,E01001823,0,1
2024201431841,2024,201431841,2,9,0,-1,19,2,6,-1,0,2,0,0,0,0,1,9,-1,1,1,40,7,-1,-1,-1,-1,5,E01009451,0,1
2024401401694,2024,401401694,2,9,0,-1,19,1,5,-1,0,0,0,0,0,0,1,9,-1,6,2,37,7,-1,-1,-1,-1,6,E01003707,0,4
2024010549571,2024,010549571,2,1,0,18,19,7,3,0,0,0,0,0,0,0,1,1,6,6,1,36,7,-1,-1,-1,-1,6,E01001403,0,1
2024401518690,2024,401518690,2,9,-1,-1,-1,-1,-1,-1,-1,1,-1,-1,-1,0,-1,9,-1,6,3,-1,-1,-1,-1,-1,-1,-1,-1,0,-1
2024010547570,2024,010547570,1,97,0,18,19,2,6,0,0,2,0,0,0,0,1,1,6,6,3,-1,-1,-1,-1,-1,-1,-1,-1,0,-1
2024010513450,2024,010513450,2,9,0,99,99,9,9,99,99,9,9,99,9,99,1,9,6,6,3,-1,-1,-1,-1,-1,-1,2,E01004288,0,1
2024201394377,2024,201394377,2,1,0,-1,19,2,6,-1,0,1,0,0,0,0,4,1,-1,2,1,34,6,-1,-1,-1,-1,3,E01010050,0,1
2024010517915,2024,010517915,1,9,0,99,99,9,9,99,99,9,9,99,9,99,1,9,6,6,2,23,5,-1,-1,-1,-1,4,E01032731,0,3
2024061426720,2024,061426720,2,9,0,-1,19,-1,-1,-1,0,2,0,0,0,0,1,1,-1,6,1,-1,-1,-1,-1,-1,-1,1,E01005124,0,1
2024421464428,2024,421464428,1,9,0,-1,19,7,4,-1,0,0,2,0,2,3,1,1,-1,2,1,33,6,-1,-1,-1,-1,4,E01022011,0,1
2024010540394,2024,010540394,2,1,0,18,19,1,5,0,0,0,0,0,0,0,1,1,1,1,1,31,6,-1,-1,-1,-1,2,E01003336,0,1
2024451406495,2024,451406495,1,9,0,-1,19,6,8,-1,0,0,0,0,0,0,1,1,-1,6,2,35,6,-1,-1,-1,-1,-1,-1,0,-1
2024010492898,2024,010492898,2,9,0,4,4,2,6,0,0,2,0,0,0,0,2,1,6,6,2,30,6,-1,-1,-1,-1,7,E01002172,0,1
2024010535946,2024,010535946,1,1,9,99,99,9,9,99,99,9,9,99,9,99,1,1,2,2,1,36,7,-1,-1,-1,-1,6,E01034195,0,1
2024131496480,2024,131496480,2,9,0,-1,-1,-1,-1,-1,-1,0,-1,-1,-1,0,-1,1,-1,6,3,-1,-1,-1,-1,-1,-1,-1,-1,0,-1
2024131509913,2024,131509913,1,98,0,-1,-1,-1,-1,-1,-1,-1,-1,-1,-1,-1,-1,1,-1,6,3,-1,-1,-1,-1,-1,-1,-1,-1,0,-1
2024201527451,2024,201527451,1,9,0,-1,7,6,7,-1,0,1,0,0,0,0,2,1,-1,9,2,57,9,-1,-1,-1,-1,1,E01009501,0,2
2024141530240,2024,141530240,1,9,0,-1,19,5,1,-1,0,1,0,0,0,0,1,9,-1,6,3,-1,-1,-1,-1,-1,-1,-1,-1,0,-1
2024440277711,2024,440277711,2,1,0,18,19,1,5,0,0,0,0,0,0,0,1,1,6,6,1,29,6,-1,-1,-1,-1,5,E01017028,0,1
2024440033041,2024,440033041,2,9,0,18,19,8,4,0,0,0,0,0,0,0,2,1,6,6,2,42,7,-1,-1,-1,-1,7,E01031837,0,4
2024010493093,2024,010493093,2,9,9,99,99,9,9,99,99,0,9,99,9,99,9,9,6,6,3,-1,-1,-1,-1,-1,-1,-1,-1,0,-1
2024991534282,2024,991534282,1,9,0,-1,19,7,1,-1,9,2,1,0,3,4,1,1,-1,6,1,45,7,-1,-1,-1,-1,-1,-1,0,-1
2024371443527,2024,371443527,2,16,0,-1,19,1,5,-1,0,0,0,0,0,0,0,1,-1,6,2,65,9,-1,-1,-1,-1,4,E01030285,0,1
2024010500998,2024,010500998,2,-1,0,18,19,7,3,0,0,1,0,0,0,0,3,1,6,6,1,61,9,-1,-1,-1,-1,3,E01004455,1,1
2024010521978,2024,010521978,1,9,0,18,19,5,1,0,0,1,0,0,0,0,1,1,6,6,1,-1,-1,-1,-1,-1,-1,-1,-1,0,-1
2024440372436,2024,440372436,1,23,0,9,9,5,1,0,0,8,0,0,0,0,3,1,6,6,1,25,5,-1,-1,-1,-1,8,E01022468,0,1
2024010539605,2024,010539605,1,1,9,99,99,9,9,99,99,9,9,99,9,99,9,1,2,2,1,41,7,-1,-1,-1,-1,10,E01030376,0,4
2024010494957,2024,010494957,1,9,0,9,9,3,1,0,0,8,0,0,0,0,1,1,6,6,1,44,7,-1,-1,-1,-1,5,E01003292,0,1