collision_index,collision_year,collision_ref_no,vehicle_reference,vehicle_type,towing_and_articulation,vehicle_manoeuvre_historic,vehicle_manoeuvre,vehicle_direction_from,vehicle_direction_to,vehicle_location_restricted_lane_historic,vehicle_location_restricted_lane,junction_location,skidding_and_overturning,hit_object_in_carriageway,vehicle_leaving_carriageway,hit_object_off_carriageway,first_point_of_impact,vehicle_left_hand_drive,journey_purpose_of_driver_historic,journey_purpose_of_driver,sex_of_driver,age_of_driver,age_band_of_driver,engine_capacity_cc,propulsion_code,age_of_vehicle,generic_make_model,driver_imd_decile,lsoa_of_driver,escooter_flag,driver_distance_banding
2024010520784,2024,010520784,1,1,9,99,99,9,9,99,99,9,9,99,9,99,1,1,2,2,2,34,6,-1,-1,-1,-1,2,E01033709,0,1
2024010494974,2024,010494974,1,-1,9,99,99,9,9,99,99,9,9,99,9,99,9,9,6,6,3,-1,-1,-1,-1,-1,-1,-1,-1,1,-1
2024010520042,2024,010520042,1,-1,0,5,5,1,5,0,0,1,1,0,0,0,0,1,6,6,1,47,8,-1,-1,-1,-1,5,E01016130,1,4
2024201460724,2024,201460724,2,9,0,-1,3,1,5,-1,0,0,0,0,0,0,1,1,-1,6,1,-1,-1,-1,-1,-1,-1,-1,-1,0,-1
2024401449702,2024,401449702,2,1,0,-1,13,1,5,-1,0,1,0,0,0,0,2,1,-1,9,1,19,4,-1,-1,-1,-1,10,E01018245,0,1
2024430001868,2024,430001868,1,19,0,18,19,7,3,0,0,8,0,0,0,0,4,1,6,6,3,-1,-1,-1,-1,-1,-1,-1,-1,0,-1
2024010491543,2024,010491543,1,1,9,99,99,9,9,99,99,9,9,99,9,99,9,1,6,6,3,24,5,-1,-1,-1,-1,6,E01003030,0,1
2024201526991,2024,201526991,1,9,0,-1,15,5,1,-1,9,1,0,0,0,0,1,1,-1,6,2,18,4,-1,-1,-1,-1,-1,-1,0,-1
2024131428463,2024,131428463,4,9,0,-1,19,1,5,-1,0,0,0,0,0,0,2,1,-1,9,1,43,7,-1,-1,-1,-1,6,E01011646,0,2
2024010513305,2024,010513305,1,3,0,99,99,9,9,99,99,9,9,99,9,99,1,9,6,6,3,-1,-1,-1,-1,-1,-1,-1,-1,0,-1
2024361525469,2024,361525469,1,99,0,-1,19,1,5,-1,0,0,0,0,0,0,1,9,-1,6,3,-1,-1,-1,-1,-1,-1,-1,-1,0,-1
2024320184671,2024,320184671,3,19,0,3,3,8,4,0,0,0,0,0,0,0,3,1,6,6,1,75,10,-1,-1,-1,-1,3,E01028272,0,5
2024531466830,2024,531466830,1,9,0,-1,19,3,7,-1,0,0,0,0,0,0,4,1,-1,6,1,-1,-1,-1,-1,-1,-1,1,E01022346,0,3
2024201402675,2024,201402675,1,9,0,-1,19,4,8,-1,0,1,0,0,0,0,1,9,-1,6,3,-1,-1,-1,-1,-1,-1,-1,-1,0,-1
2024010490927,2024,010490927,2,9,0,18,19,3,7,0,0,1,0,0,0,0,2,1,6,6,2,41,7,-1,-1,-1,-1,6,E01003663,0,1
2024361475398,2024,361475398,2,9,0,-1,19,1,5,-1,0,1,1,0,0,0,1,1,-1,9,1,35,6,-1,-1,-1,-1,10,E01030180,0,4
2024461449209,2024,461449209,2,1,0,-1,19,7,3,-1,0,0,0,0,0,0,2,1,-1,6,1,13,3,-1,-1,-1,-1,2,E01016140,0,1
2024010516883,2024,010516883,1,1,9,99,99,9,9,99,99,0,9,99,9,99,2,1,2,2,1,50,8,-1,-1,-1,-1,7,E01004654,0,1
2024311454111,2024,311454111,1,1,0,-1,19,5,1,-1,0,4,0,9,1,0,1,1,-1,6,1,29,6,-1,-1,-1,-1,-1,-1,0,-1
2024545728424,2024,545728424,1,9,0,5,5,5,1,0,0,6,0,0,0,0,1,1,3,7,2,57,9,-1,-1,-1,-1,6,E01032000,0,1
2024010530172,2024,010530172,3,5,0,18,19,7,3,0,0,0,0,0,0,0,1,1,1,1,1,60,9,-1,-1,-1,-1,7,E01016821,0,4
2024351529587,2024,351529587,1,1,0,-1,19,5,1,-1,0,8,0,0,0,0,3,1,-1,6,1,22,5,-1,-1,-1,-1,10,E01017985,0,1
2024451510363,2024,451510363,1,8,0,-1,2,7,3,-1,0,1,0,0,0,0,4,2,-1,6,3,40,7,-1,-1,-1,-1,-1,-1,0,-1
2024552400485,2024,552400485,1,9,0,7,7,8,2,0,0,6,0,0,0,0,4,1,6,6,1,33,6,-1,-1,-1,-1,-1,-1,0,-1
2024101498622,2024,101498622,1,-1,0,-1,7,8,6,-1,0,8,0,0,0,0,1,1,-1,1,1,25,5,-1,-1,-1,-1,-1,-1,0,-1
2024010529048,2024,010529048,2,1,9,99,99,9,9,99,99,9,9,99,9,99,9,1,6,6,3,-1,-1,-1,-1,-1,-1,-1,-1,0,-1
2024501523482,2024,501523482,1,9,0,-1,19,1,5,-1,0,1,0,0,0,0,1,1,-1,9,2,31,6,-1,-1,-1,-1,7,E01018795,0,1
2024430038240,2024,430038240,1,9,0,18,19,2,6,0,0,3,0,0,0,0,4,1,6,6,2,68,10,-1,-1,-1,-1,-1,-1,0,-1
2024311441749,2024,311441749,2,99,0,-1,19,3,7,-1,9,0,0,0,0,0,1,1,-1,6,2,14,3,-1,-1,-1,-1,-1,-1,0,-1
2024010525072,2024,010525072,2,1,0,18,19,3,7,0,0,0,5,0,0,0,3,1,6,6,1,56,9,-1,-1,-1,-1,9,E01000261,0,2
2024010516727,2024,010516727,1,9,0,99,99,9,9,99,99,9,9,99,9,99,9,9,6,6,3,-1,-1,-1,-1,-1,-1,-1,-1,0,-1
2024010519726,2024,010519726,1,1,9,99,99,9,9,99,99,9,9,99,9,99,9,1,2,2,1,65,9,-1,-1,-1,-1,8,E01004072,0,1
2024010490640,2024,010490640,1,9,0,9,9,5,2,0,0,5,0,12,7,0,1,1,1,1,1,62,9,-1,-1,-1,-1,2,E01001250,0,1
2024131512781,2024,131512781,1,1,0,-1,19,7,3,-1,4,8,5,0,0,0,1,1,-1,9,1,53,8,-1,-1,-1,-1,1,E01011283,0,1
2024631522597,2024,631522597,1,9,0,-1,19,6,2,-1,0,0,1,0,2,10,3,1,-1,2,1,22,5,-1,-1,-1,-1,5,W01000528,0,1
2024522401353,2024,522401353,2,9,0,1,1,5,1,0,0,0,0,0,0,0,2,1,6,6,1,-1,-1,-1,-1,-1,-1,-1,-1,0,-1
2024451409607,2024,451409607,2,1,0,-1,19,6,1,-1,0,0,5,0,1,0,1,1,-1,9,1,12,3,-1,-1,-1,-1,10,E01030326,0,1
2024401454242,2024,401454242,1,1,0,-1,19,8,3,-1,0,0,0,0,0,0,3,1,-1,9,1,36,7,-1,-1,-1,-1,3,E01015765,0,1
2024010527168,2024,010527168,1,-1,0,99,99,9,9,0,0,1,0,0,0,0,0,1,6,6,1,35,6,-1,-1,-1,-1,4,E01002862,1,1
2024031467245,2024,031467245,3,9,-1,-1,4,1,5,-1,0,1,0,0,0,0,0,9,-1,6,3,-1,-1,-1,-1,-1,-1,-1,-1,0,-1
2024421415869,2024,421415869,2,9,0,-1,19,4,8,-1,0,0,0,0,0,0,3,1,-1,9,2,55,8,-1,-1,-1,-1,9,E01021734,0,1
2024440206431,2024,440206431,2,1,0,18,19,5,1,0,0,8,0,0,0,0,4,1,6,6,1,76,11,-1,-1,-1,-1,8,E01023280,0,1
202460Q079937,2024,60Q079937,1,19,0,4,4,4,8,0,0,7,0,0,0,0,1,1,6,6,2,68,10,-1,-1,-1,-1,-1,-1,0,-1
2024010542330,2024,010542330,1,1,9,99,99,9,9,99,99,9,9,99,9,99,9,1,2,2,2,58,9,-1,-1,-1,-1,7,E01000198,0,3
2024201422726,2024,201422726,1,9,0,-1,7,3,6,-1,0,4,0,0,0,0,1,1,-1,6,3,-1,-1,-1,-1,-1,-1,-1,-1,0,-1
2024520402328,2024,520402328,1,1,0,18,19,2,6,0,0,8,0,0,0,0,9,1,6,6,2,41,7,-1,-1,-1,-1,5,E01029257,0,1
2024010493781,2024,010493781,1,9,0,18,19,2,6,0,0,8,0,0,0,0,1,1,6,6,2,38,7,-1,-1,-1,-1,7,E01002187,0,1
2024010538580,2024,010538580,1,9,9,99,99,9,9,99,99,9,9,99,9,99,4,9,6,6,3,-1,-1,-1,-1,-1,-1,7,E01001036,0,1
2024440168763,2024,440168763,1,90,0,9,9,8,6,0,0,8,0,0,0,0,1,1,1,1,2,42,7,-1,-1,-1,-1,8,E01022945,0,4
2024320138192,2024,320138192,2,1,0,-1,-1,3,7,0,0,0,5,0,0,0,2,1,6,6,1,33,6,-1,-1,-1,-1,10,E01026362,0,4
2024201432388,2024,201432388,1,99,0,-1,19,3,7,-1,0,2,0,0,0,0,1,9,-1,6,3,-1,-1,-1,-1,-1,-1,-1,-1,0,-1
2024010495215,2024,010495215,2,9,0,3,3,1,5,0,0,6,0,0,0,0,1,1,6,6,1,19,4,-1,-1,-1,-1,2,E01004040,0,1
2024010490318,2024,010490318,1,9,0,5,5,1,5,0,0,6,0,0,0,0,1,1,6,6,3,-1,-1,-1,-1,-1,-1,-1,-1,0,-1
2024991463997,2024,991463997,1,9,0,-1,5,1,5,-1,0,8,0,0,1,0,1,1,-1,1,2,32,6,-1,-1,-1,-1,9,-1,0,1
2024991457943,2024,991457943,2,1,0,-1,19,3,7,-1,0,8,0,0,0,0,4,1,-1,2,1,30,6,-1,-1,-1,-1,-1,-1,0,-1
2024052400287,2024,052400287,1,9,0,18,19,4,8,0,0,8,0,0,7,11,1,1,6,6,1,28,6,-1,-1,-1,-1,1,E01007010,0,4
2024161527635,2024,161527635,1,19,0,-1,1,6,2,-1,0,1,0,99,0,0,2,9,-1,1,1,-1,-1,-1,-1,-1,-1,-1,-1,0,-1
2024332400324,2024,332400324,2,1,0,-1,19,1,5,-1,0,2,0,0,0,0,1,1,-1,6,1,12,3,-1,-1,-1,-1,2,E01013768,0,1
2024010489740,2024,010489740,2,1,0,18,19,5,1,0,0,2,0,0,0,0,3,1,6,6,2,62,9,-1,-1,-1,-1,8,E01003426,0,2
2024010530251,2024,010530251,1,1,9,99,99,9,9,99,99,9,9,99,9,99,1,1,2,2,1,23,5,-1,-1,-1,-1,8,E01004731,0,1
2024010517860,2024,010517860,1,9,0,99,99,9,9,99,99,9,9,99,9,99,1,9,6,6,3,-1,-1,-1,-1,-1,-1,-1,-1,0,-1
2024131423984,2024,131423984,1,1,0,-1,19,7,3,-1,0,1,0,0,0,0,2,1,-1,2,1,36,7,-1,-1,-1,-1,4,E01011463,0,1
2024131394076,2024,131394076,1,9,0,-1,19,2,6,-1,0,1,0,0,0,0,1,1,-1,9,1,26,6,-1,-1,-1,-1,6,E01011734,0,1
2024010538371,2024,010538371,2,1,0,18,19,5,1,0,0,2,0,8,0,0,1,1,6,6,2,56,9,-1,-1,-1,-1,-1,-1,0,-1
2024010547867,2024,010547867,1,9,9,99,99,9,9,99,99,9,9,99,9,99,9,1,6,6,3,-1,-1,-1,-1,-1,-1,-1,-1,0,-1
2024070197842,2024,070197842,1,9,0,4,4,8,4,0,0,1,0,0,0,0,1,1,6,6,2,84,11,-1,-1,-1,-1,10,E01007281,0,3
2024471409375,2024,471409375,1,9,0,-1,7,5,7,-1,0,5,0,0,0,0,1,1,-1,6,2,-1,-1,-1,-1,-1,-1,-1,-1,0,-1
2024010494907,2024,010494907,1,9,0,18,19,3,7,0,0,8,0,0,0,0,1,1,6,6,1,53,8,-1,-1,-1,-1,7,E01004275,0,1
2024430145515,2024,430145515,2,1,0,18,19,7,3,0,0,1,0,0,0,0,1,1,6,6,1,-1,-1,-1,-1,-1,-1,5,E01016398,0,1
2024010548855,2024,010548855,1,1,9,99,99,9,9,99,99,9,9,99,9,99,1,1,2,2,1,39,7,-1,-1,-1,-1,9,E01001992,0,2
2024010541031,2024,010541031,1,1,0,3,3,6,2,0,0,1,5,0,0,0,3,1,6,6,1,36,7,-1,-1,-1,-1,3,E01003258,0,1
2024131492676,2024,131492676,2,9,0,-1,-1,-1,-1,-1,-1,0,-1,-1,-1,-1,-1,1,-1,6,3,-1,-1,-1,-1,-1,-1,-1,-1,0,-1
2024411468601,2024,411468601,2,9,1,-1,7,5,6,-1,0,1,0,0,0,0,1,1,-1,1,1,26,6,-1,-1,-1,-1,3,E01017663,0,4
2024010532625,2024,010532625,2,-1,0,18,19,5,1,0,0,1,0,0,0,0,1,1,1,1,2,47,8,-1,-1,-1,-1,4,E01004708,1,1
2024320497317,2024,320497317,1,9,0,-1,-1,4,8,0,0,6,0,0,0,0,4,1,6,6,1,70,10,-1,-1,-1,-1,4,E01026268,0,1
2024010493708,2024,010493708,1,11,0,18,19,1,5,0,0,4,0,0,0,0,0,1,1,1,2,34,6,-1,-1,-1,-1,5,E01002169,0,2
2024010527068,2024,010527068,2,22,0,99,99,9,9,99,99,9,9,99,9,99,9,1,6,6,1,-1,-1,-1,-1,-1,-1,4,E01034225,0,1
2024430268498,2024,430268498,2,1,0,18,19,1,5,0,0,1,0,0,0,0,3,1,6,6,1,14,3,-1,-1,-1,-1,6,E01016504,0,1
2024010489963,2024,010489963,2,9,0,18,19,7,3,0,0,1,0,0,0,0,1,1,6,6,1,37,7,-1,-1,-1,-1,6,E01035579,0,3
2024430451552,2024,430451552,1,1,0,18,19,3,7,0,0,0,0,0,0,0,3,1,6,6,1,46,8,-1,-1,-1,-1,8,E01016337,0,1
2024411538520,2024,411538520,3,9,0,-1,19,1,5,-1,0,0,0,0,0,0,1,1,-1,6,1,80,11,-1,-1,-1,-1,10,E01023524,0,1
2024061475106,2024,061475106,1,1,0,-1,12,6,1,-1,0,6,0,0,0,0,3,1,-1,9,1,17,4,-1,-1,-1,-1,5,E01006021,0,1
2024332401086,2024,332401086,1,1,0,-1,19,9,9,-1,0,0,0,0,0,0,4,1,-1,2,1,19,4,-1,-1,-1,-1,1,E01013640,0,1
2024101493543,2024,101493543,1,9,0,-1,19,3,7,-1,0,0,0,0,0,0,1,1,-1,6,2,30,6,-1,-1,-1,-1,3,E01008265,0,2
2024010492162,2024,010492162,1,4,0,18,19,1,5,0,0,2,0,0,0,0,1,1,2,2,1,49,8,-1,-1,-1,-1,4,E01002620,0,3
2024010502539,2024,010502539,2,9,0,99,99,9,9,99,99,9,9,99,9,99,2,9,6,6,3,-1,-1,-1,-1,-1,-1,-1,-1,0,-1
2024161457503,2024,161457503,1,1,0,-1,19,2,6,-1,0,2,0,0,0,0,3,1,-1,6,1,15,3,-1,-1,-1,-1,9,E01035478,0,1
2024531528923,2024,531528923,2,1,0,-1,19,2,6,-1,0,1,0,0,0,0,3,1,-1,6,-1,-1,-1,-1,-1,-1,-1,-1,-1,0,-1
2024440087466,2024,440087466,1,9,0,18,19,6,2,0,0,5,0,0,1,0,4,1,6,6,1,37,7,-1,-1,-1,-1,5,E01031512,0,3
2024221499555,2024,221499555,2,9,0,-1,3,1,5,-1,0,0,0,0,0,0,2,1,-1,6,1,37,7,-1,-1,-1,-1,3,E01014010,0,1
2024010542726,2024,010542726,2,9,0,99,99,9,9,99,99,9,9,99,9,99,2,9,6,6,3,-1,-1,-1,-1,-1,-1,-1,-1,0,-1
2024501477113,2024,501477113,1,9,0,-1,13,7,3,-1,0,0,0,0,0,0,4,9,-1,6,3,-1,-1,-1,-1,-1,-1,-1,-1,0,-1
2024010495093,2024,010495093,1,3,0,4,4,3,7,0,0,1,0,0,0,0,1,1,6,6,1,17,4,-1,-1,-1,-1,5,E01002677,0,2
2024311439201,2024,311439201,2,1,0,-1,19,3,1,-1,0,0,0,0,0,0,4,1,-1,6,1,33,6,-1,-1,-1,-1,1,E01028320,0,1
2024340NN3162,2024,340NN3162,1,9,0,-1,9,6,4,-1,0,6,0,0,0,0,1,1,-1,6,3,-1,-1,-1,-1,-1,-1,-1,-1,0,-1
2024461402613,2024,461402613,2,9,0,-1,19,1,5,-1,0,0,0,0,0,0,0,1,-1,1,1,30,6,-1,-1,-1,-1,5,E01024383,0,4
2024010497306,2024,010497306,1,1,9,99,99,9,9,99,99,9,9,99,9,99,9,1,2,2,1,43,7,-1,-1,-1,-1,5,E01024075,0,4
2024010507992,2024,010507992,1,1,9,99,99,9,9,99,99,1,9,99,9,99,9,1,2,2,2,44,7,-1,-1,-1,-1,4,E01004202,0,1
2024101534201,2024,101534201,2,19,0,-1,4,5,1,-1,0,0,0,0,0,0,2,1,-1,6,2,57,9,-1,-1,-1,-1,7,E01027390,0,1
2024010518059,2024,010518059,1,9,0,99,99,9,9,99,99,9,9,99,9,99,1,9,6,6,3,-1,-1,-1,-1,-1,-1,-1,-1,0,-1
2024052402061,2024,052402061,2,1,0,18,19,6,2,0,0,8,0,0,0,0,1,1,6,6,1,58,9,-1,-1,-1,-1,6,E01007059,0,1
2024221469660,2024,221469660,2,9,0,-1,2,0,0,-1,9,0,0,4,0,0,4,1,-1,6,-1,-1,-1,-1,-1,-1,-1,-1,-1,0,-1
2024361506852,2024,361506852,2,98,0,-1,19,1,5,-1,0,0,0,0,0,0,3,1,-1,6,1,47,8,-1,-1,-1,-1,5,E01026674,0,3
2024010541863,2024,010541863,1,9,0,9,9,5,3,0,0,6,0,0,0,0,1,1,6,6,1,24,5,-1,-1,-1,-1,-1,-1,0,-1
2024010540238,2024,010540238,3,1,0,15,15,5,1,0,0,1,0,8,0,0,1,1,1,1,1,19,4,-1,-1,-1,-1,3,E01001834,0,1
2024311464070,2024,311464070,3,9,0,-1,19,7,3,-1,0,0,0,0,1,0,3,1,-1,1,1,25,5,-1,-1,-1,-1,10,E01025761,0,1
2024131474707,2024,131474707,1,9,0,-1,-1,-1,-1,-1,-1,8,-1,-1,-1,0,-1,1,-1,6,3,-1,-1,-1,-1,-1,-1,-1,-1,0,-1
2024522500291,2024,522500291,1,9,0,18,19,8,4,0,0,0,0,0,0,0,2,1,6,6,2,46,8,-1,-1,-1,-1,9,E01014391,0,4
2024010547963,2024,010547963,1,97,0,18,19,3,7,0,0,2,0,0,0,0,1,1,6,6,3,-1,-1,-1,-1,-1,-1,-1,-1,0,-1
2024010518561,2024,010518561,2,1,0,4,4,1,5,0,0,1,0,8,0,0,1,1,6,6,1,36,7,-1,-1,-1,-1,3,E01004283,0,1
2024221472232,2024,221472232,1,1,0,-1,9,2,8,-1,0,6,0,0,0,0,1,1,-1,6,1,18,4,-1,-1,-1,-1,8,E01032320,0,1
2024211504505,2024,211504505,1,9,0,-1,19,3,7,-1,0,1,0,0,0,0,1,9,-1,6,1,-1,-1,-1,-1,-1,-1,-1,-1,0,-1
2024010521959,2024,010521959,1,1,9,99,99,9,9,99,99,9,9,99,9,99,9,1,6,6,3,-1,-1,-1,-1,-1,-1,-1,-1,0,-1
2024211507183,2024,211507183,1,9,0,-1,5,1,5,-1,0,3,0,0,0,0,1,1,-1,6,1,42,7,-1,-1,-1,-1,-1,-1,0,-1
2024010501556,2024,010501556,4,9,0,2,2,0,0,0,0,0,0,0,0,0,2,1,6,6,3,-1,-1,-1,-1,-1,-1,-1,-1,0,-1
2024010506909,2024,010506909,1,97,0,99,99,9,9,99,99,0,9,99,9,99,1,1,6,6,3,-1,-1,-1,-1,-1,-1,-1,-1,0,-1
2024010491434,2024,010491434,1,9,0,4,4,5,1,0,0,2,0,0,0,0,2,1,2,2,1,35,6,-1,-1,-1,-1,4,E01003114,0,2
2024010504012,2024,010504012,1,9,9,99,99,9,9,0,0,9,0,99,0,0,9,9,6,6,3,-1,-1,-1,-1,-1,-1,-1,-1,0,-1
2024010494498,2024,010494498,1,3,0,99,99,9,9,99,99,2,9,99,9,99,9,1,1,1,1,48,8,-1,-1,-1,-1,1,E01001847,0,1
2024991408246,2024,991408246,1,9,0,-1,19,6,3,-1,0,0,1,0,0,0,1,1,-1,6,1,63,9,-1,-1,-1,-1,6,-1,0,1
2024010520628,2024,010520628,2,9,0,9,9,2,8,0,0,5,0,0,0,0,3,1,6,6,2,41,7,-1,-1,-1,-1,-1,-1,0,-1
2024302401691,2024,302401691,2,1,0,-1,7,6,8,-1,0,8,0,0,0,0,3,1,-1,6,1,10,2,-1,-1,-1,-1,4,E01013537,0,1
2024010542262,2024,010542262,1,9,9,99,99,9,9,99,99,9,9,99,9,99,9,9,6,6,3,-1,-1,-1,-1,-1,-1,-1,-1,0,-1
2024070238469,2024,070238469,2,1,0,5,5,4,8,0,0,1,0,0,0,0,0,1,6,6,1,17,4,-1,-1,-1,-1,8,E01018691,0,1
2024141522600,2024,141522600,2,98,0,-1,19,5,1,-1,0,0,0,0,0,0,1,9,-1,6,3,-1,-1,-1,-1,-1,-1,-1,-1,0,-1
2024552400911,2024,552400911,2,1,0,18,19,8,4,0,0,0,0,0,0,0,4,1,6,6,1,61,9,-1,-1,-1,-1,2,E01015290,0,1
2024430004314,2024,430004314,2,9,0,18,19,2,6,0,0,1,0,0,0,0,1,1,6,6,3,-1,-1,-1,-1,-1,-1,-1,-1,0,-1
2024430081338,2024,430081338,2,1,0,18,19,1,5,0,0,7,0,0,0,0,3,1,6,6,1,64,9,-1,-1,-1,-1,8,E01028527,0,1
2024440399336,2024,440399336,1,-1,0,18,19,3,7,9,9,2,0,0,0,0,1,1,6,6,1,31,6,-1,-1,-1,-1,2,E01017153,1,1
2024031479811,2024,031479811,1,-1,0,-1,19,1,2,-1,9,0,0,0,0,0,1,1,-1,6,-1,-1,-1,-1,-1,-1,-1,-1,-1,1,-1
2024211502779,2024,211502779,1,9,0,-1,19,7,3,-1,0,0,0,0,7,9,3,1,-1,2,2,55,8,-1,-1,-1,-1,6,E01029569,0,2
2024131501607,2024,131501607,1,9,0,-1,-1,-1,-1,-1,-1,-1,-1,-1,-1,-1,-1,1,-1,6,3,-1,-1,-1,-1,-1,-1,-1,-1,0,-1
2024311504909,2024,311504909,2,1,0,-1,19,7,3,-1,0,1,0,0,0,0,4,1,-1,2,2,64,9,-1,-1,-1,-1,7,E01028157,0,1
2024302400192,2024,302400192,2,1,0,18,19,3,7,0,0,8,0,0,0,0,1,1,6,6,1,39,7,-1,-1,-1,-1,6,E01034644,0,1
2024061502337,2024,061502337,2,1,0,-1,19,5,1,-1,0,1,0,0,0,0,0,1,-1,9,1,43,7,-1,-1,-1,-1,4,E01006184,0,2
2024430517306,2024,430517306,2,9,0,18,19,8,4,0,0,1,0,0,0,0,1,1,6,6,1,20,4,-1,-1,-1,-1,-1,-1,0,-1
2024501406613,2024,501406613,2,9,0,-1,19,4,1,-1,0,8,0,0,0,0,1,1,-1,9,1,47,8,-1,-1,-1,-1,3,E01018873,0,1
2024041469535,2024,041469535,3,9,0,-1,19,6,2,-1,0,0,0,0,0,0,0,9,-1,6,3,-1,-1,-1,-1,-1,-1,-1,-1,0,-1
2024201467944,2024,201467944,1,9,0,-1,19,1,7,-1,0,1,0,0,0,0,1,1,-1,6,-1,-1,-1,-1,-1,-1,-1,-1,-1,0,-1
2024471427694,2024,471427694,1,1,0,-1,5,7,1,-1,0,0,2,0,0,0,4,1,-1,2,1,54,8,-1,-1,-1,-1,5,E01016855,0,1
2024101531129,2024,101531129,1,9,0,-1,1,6,2,-1,0,8,0,0,0,0,0,9,-1,6,2,16,4,-1,-1,-1,-1,-1,-1,0,-1
2024430027777,2024,430027777,1,9,0,10,10,2,8,0,0,8,0,0,0,0,2,1,6,6,2,29,6,-1,-1,-1,-1,10,E01016708,0,1
2024552400378,2024,552400378,1,1,0,9,9,8,5,0,0,6,0,0,0,0,4,1,6,6,2,16,4,-1,-1,-1,-1,9,E01015323,0,1
2024201504538,2024,201504538,1,9,0,-1,19,2,6,-1,0,6,0,0,0,0,1,9,-1,6,1,40,7,-1,-1,-1,-1,7,E01009252,0,3
2024010490291,2024,010490291,2,9,0,18,19,1,5,0,0,6,0,0,0,0,1,1,6,6,2,25,5,-1,-1,-1,-1,2,E01033485,0,1
2024440044316,2024,440044316,1,9,0,14,14,4,8,0,0,0,0,0,0,0,1,1,6,6,2,-1,-1,-1,-1,-1,-1,-1,-1,0,-1
2024430302635,2024,430302635,2,9,0,18,19,2,6,0,0,0,0,0,0,0,3,1,6,6,1,25,5,-1,-1,-1,-1,-1,-1,0,-1
2024010510899,2024,010510899,2,11,0,99,99,9,9,99,99,0,9,99,9,99,0,9,6,6,3,-1,-1,-1,-1,-1,-1,-1,-1,0,-1
2024440508042,2024,440508042,2,1,0,18,19,1,5,0,0,8,0,0,0,0,4,1,2,2,1,26,6,-1,-1,-1,-1,4,E01017081,0,1
2024141444104,2024,141444104,2,9,0,-1,19,5,1,-1,0,0,0,0,0,0,4,9,-1,6,1,24,5,-1,-1,-1,-1,8,E01007713,0,1
2024451430184,2024,451430184,2,9,0,-1,99,1,5,-1,0,0,0,0,0,0,1,1,-1,6,2,40,7,-1,-1,-1,-1,-1,-1,0,-1
2024461432938,2024,461432938,1,9,0,-1,19,6,8,-1,0,6,0,0,0,0,4,9,-1,6,2,31,6,-1,-1,-1,-1,3,E01024264,0,1
2024361494797,2024,361494797,1,1,0,-1,19,7,3,-1,0,0,0,0,0,0,1,1,-1,2,1,51,8,-1,-1,-1,-1,4,E01026787,0,1
2024320272244,2024,320272244,2,9,0,9,9,7,5,0,0,5,0,0,0,0,2,1,-1,-1,1,67,10,-1,-1,-1,-1,-1,-1,0,-1
2024010493444,2024,010493444,2,19,0,18,19,3,7,0,0,0,0,0,0,0,1,1,6,6,1,24,5,-1,-1,-1,-1,-1,-1,0,-1
2024061472936,2024,061472936,1,9,0,-1,19,5,1,-1,0,0,0,0,0,0,1,1,-1,9,1,34,6,-1,-1,-1,-1,1,E01034122,0,1
2024520401326,2024,520401326,1,9,0,18,19,7,3,0,0,8,5,4,0,0,1,1,6,6,1,59,9,-1,-1,-1,-1,4,E01035120,0,1
2024440418670,2024,440418670,1,9,0,18,19,1,5,0,0,1,0,0,0,0,4,1,6,6,3,-1,-1,-1,-1,-1,-1,-1,-1,0,-1
2024991527007,2024,991527007,2,1,0,-1,19,3,7,-1,0,0,0,4,0,0,1,1,-1,9,1,46,8,-1,-1,-1,-1,9,-1,0,1
2024320345739,2024,320345739,3,9,0,4,4,2,6,0,0,0,0,0,0,0,2,1,-1,-1,2,37,7,-1,-1,-1,-1,-1,-1,0,-1
2024531528923,2024,531528923,3,9,0,-1,19,2,6,-1,0,1,0,0,0,0,0,9,-1,6,3,-1,-1,-1,-1,-1,-1,-1,-1,0,-1
2024430081663,2024,430081663,1,9,0,18,19,1,5,0,0,8,0,0,0,0,1,1,6,6,1,59,9,-1,-1,-1,-1,10,E01017892,0,3
2024010508206,2024,010508206,2,97,0,99,99,9,9,99,99,9,9,99,9,99,1,9,6,6,3,-1,-1,-1,-1,-1,-1,-1,-1,0,-1
2024231500537,2024,231500537,2,1,0,-1,9,2,8,-1,0,5,0,0,0,0,3,1,-1,9,2,72,10,-1,-1,-1,-1,10,E01031305,0,2
2024461430498,2024,461430498,2,16,0,-1,19,5,1,-1,0,1,0,0,0,0,4,1,-1,6,2,23,5,-1,-1,-1,-1,6,E01024783,0,2
2024010512988,2024,010512988,1,1,9,99,99,9,9,99,99,9,9,99,9,99,9,1,6,6,1,37,7,-1,-1,-1,-1,2,E01000931,0,3
2024101425282,2024,101425282,2,9,0,-1,4,7,5,-1,0,2,0,0,0,0,2,1,-1,9,2,20,4,-1,-1,-1,-1,8,E01008538,0,2
2024421474210,2024,421474210,1,1,0,-1,19,-1,-1,-1,4,0,0,0,0,0,-1,1,-1,6,3,-1,-1,-1,-1,-1,-1,-1,-1,0,-1
2024010491642,2024,010491642,1,9,0,5,5,5,1,0,0,5,0,11,0,0,1,1,2,2,2,39,7,-1,-1,-1,-1,7,E01035329,0,4
2024010487207,2024,010487207,1,4,0,14,14,5,1,0,0,2,0,0,0,0,1,1,6,6,3,-1,-1,-1,-1,-1,-1,-1,-1,0,-1
2024061486448,2024,061486448,2,9,0,-1,3,-1,-1,-1,0,1,0,0,0,0,1,1,-1,6,1,-1,-1,-1,-1,-1,-1,1,E01005097,0,2
2024471406182,2024,471406182,2,1,0,-1,9,5,3,-1,0,1,0,0,0,0,2,1,-1,6,1,56,9,-1,-1,-1,-1,9,E01016924,0,2
2024010506326,2024,010506326,2,1,0,14,14,3,7,0,0,1,0,0,0,0,1,1,6,6,1,32,6,-1,-1,-1,-1,2,E01032579,0,1
2024010513083,2024,010513083,2,9,0,99,99,9,9,99,99,9,9,99,9,99,9,9,6,6,3,-1,-1,-1,-1,-1,-1,-1,-1,0,-1
2024010491108,2024,010491108,1,3,0,99,99,9,9,99,99,9,9,99,9,99,1,1,6,6,1,24,5,-1,-1,-1,-1,7,E01003696,0,2