collision_index,collision_year,collision_ref_no,vehicle_reference,vehicle_type,towing_and_articulation,vehicle_manoeuvre_historic,vehicle_manoeuvre,vehicle_direction_from,vehicle_direction_to,vehicle_location_restricted_lane_historic,vehicle_location_restricted_lane,junction_location,skidding_and_overturning,hit_object_in_carriageway,vehicle_leaving_carriageway,hit_object_off_carriageway,first_point_of_impact,vehicle_left_hand_drive,journey_purpose_of_driver_historic,journey_purpose_of_driver,sex_of_driver,age_of_driver,age_band_of_driver,engine_capacity_cc,propulsion_code,age_of_vehicle,generic_make_model,driver_imd_decile,lsoa_of_driver,escooter_flag,driver_distance_banding
2024471518636,2024,471518636,1,9,0,-1,19,5,1,-1,0,4,0,0,0,0,3,1,-1,2,2,20,4,-1,-1,-1,-1,8,E01031624,0,3
2024010493448,2024,010493448,2,3,0,99,99,9,9,99,99,1,9,99,9,99,9,1,6,6,3,-1,-1,-1,-1,-1,-1,-1,-1,0,-1
2024440135496,2024,440135496,1,-1,0,14,14,2,6,0,0,0,0,0,0,0,4,1,6,6,1,46,8,-1,-1,-1,-1,9,E01022643,1,1
2024471411030,2024,471411030,1,9,0,-1,19,5,1,-1,0,1,0,0,0,0,1,1,-1,1,1,26,6,-1,-1,-1,-1,7,E01000493,0,4
2024461435706,2024,461435706,1,21,0,-1,11,2,5,-1,0,0,0,0,0,0,1,9,-1,9,1,64,9,-1,-1,-1,-1,5,E01016766,0,4
2024371397857,2024,371397857,1,9,-1,-1,-1,-1,-1,-1,-1,0,-1,-1,-1,0,-1,9,-1,6,3,-1,-1,-1,-1,-1,-1,-1,-1,0,-1
2024010544774,2024,010544774,1,1,9,99,99,9,9,4,4,9,9,99,9,99,1,1,2,2,1,44,7,-1,-1,-1,-1,9,E01030975,0,4
2024010502479,2024,010502479,2,19,9,11,11,9,9,99,99,9,9,99,9,99,9,9,6,6,3,-1,-1,-1,-1,-1,-1,-1,-1,0,-1
2024131443730,2024,131443730,1,9,0,-1,-1,-1,-1,-1,-1,0,-1,-1,-1,-1,-1,1,-1,6,3,-1,-1,-1,-1,-1,-1,-1,-1,0,-1
2024010497019,2024,010497019,1,3,0,99,99,9,9,99,99,9,9,99,9,99,9,1,6,6,1,37,7,-1,-1,-1,-1,7,E01024317,0,4
2024010524261,2024,010524261,2,9,0,99,99,9,9,99,99,9,9,99,9,99,1,9,6,6,3,-1,-1,-1,-1,-1,-1,-1,-1,0,-1
2024010490736,2024,010490736,2,3,0,14,14,1,5,0,0,1,0,0,0,0,3,1,6,6,1,18,4,-1,-1,-1,-1,3,E01002605,0,1
2024010513421,2024,010513421,1,1,9,99,99,9,9,99,99,9,9,99,9,99,9,1,6,6,1,56,9,-1,-1,-1,-1,4,E01001391,0,1
2024471426721,2024,471426721,1,1,0,-1,19,1,5,-1,0,0,0,0,0,0,0,1,-1,9,2,35,6,-1,-1,-1,-1,-1,-1,0,-1
2024451483012,2024,451483012,1,1,0,-1,19,7,3,-1,0,0,0,10,1,0,1,1,-1,6,1,52,8,-1,-1,-1,-1,3,E01001262,0,3
2024061416838,2024,061416838,2,1,0,-1,10,6,4,-1,0,1,0,0,0,0,1,1,-1,2,1,27,6,-1,-1,-1,-1,4,E01006390,0,2
2024010487042,2024,010487042,1,3,0,99,99,9,9,99,99,9,9,99,9,99,1,1,6,6,1,26,6,-1,-1,-1,-1,3,E01002185,0,1
2024430095311,2024,430095311,3,19,0,3,3,8,4,0,0,1,0,0,0,0,2,1,1,1,1,60,9,-1,-1,-1,-1,10,E01028476,0,2
2024010493775,2024,010493775,2,9,0,18,19,5,1,9,9,1,0,4,1,11,4,1,6,6,1,19,4,-1,-1,-1,-1,1,E01003291,0,1
2024430246698,2024,430246698,2,9,0,18,19,3,7,0,0,0,0,0,0,0,1,1,6,6,1,-1,-1,-1,-1,-1,-1,-1,-1,0,-1
2024320733637,2024,320733637,2,9,0,10,10,5,2,0,0,1,1,0,0,0,2,-1,1,1,1,59,9,-1,-1,-1,-1,-1,-1,0,-1
2024520400791,2024,520400791,3,9,0,18,19,5,1,0,0,0,0,0,7,9,2,1,6,6,1,51,8,-1,-1,-1,-1,5,E01029208,0,1
2024201489278,2024,201489278,1,9,0,-1,19,1,5,-1,0,8,0,0,0,0,1,1,-1,9,1,48,8,-1,-1,-1,-1,10,E01009429,0,1
2024531464852,2024,531464852,2,1,0,-1,19,7,3,-1,0,0,0,0,0,0,2,1,-1,9,1,52,8,-1,-1,-1,-1,2,E01013761,0,5
2024141539337,2024,141539337,1,9,0,-1,19,1,7,-1,0,0,0,0,0,0,1,1,-1,6,1,52,8,-1,-1,-1,-1,8,E01007891,0,1
2024061443922,2024,061443922,2,1,-1,-1,19,5,1,-1,4,0,0,0,0,0,4,1,-1,9,1,25,5,-1,-1,-1,-1,8,E01024934,0,3
2024461461161,2024,461461161,1,9,0,-1,5,3,7,-1,0,0,0,0,0,0,2,9,-1,1,1,30,6,-1,-1,-1,-1,7,E01024405,0,1
2024540100824,2024,540100824,1,9,0,18,19,2,6,0,0,3,0,0,0,0,1,1,1,1,1,32,6,-1,-1,-1,-1,7,E01033844,0,2
2024531444279,2024,531444279,1,1,0,-1,19,5,1,-1,0,0,0,0,0,0,1,1,-1,9,2,14,3,-1,-1,-1,-1,1,E01022346,0,1
2024471466199,2024,471466199,1,90,0,-1,19,4,1,-1,0,0,0,0,0,0,1,1,-1,9,2,27,6,-1,-1,-1,-1,9,E01000716,0,4
2024010506532,2024,010506532,2,9,0,99,99,9,9,99,99,4,9,99,9,99,9,9,6,6,3,-1,-1,-1,-1,-1,-1,-1,-1,0,-1
2024010536408,2024,010536408,2,9,9,99,99,9,9,99,99,9,9,99,9,99,9,9,6,6,3,-1,-1,-1,-1,-1,-1,-1,-1,0,-1
2024010493352,2024,010493352,1,9,0,18,19,5,1,0,0,3,0,0,0,0,1,1,6,6,1,40,7,-1,-1,-1,-1,4,E01000472,0,2
2024411536244,2024,411536244,2,9,0,-1,19,1,6,-1,0,0,0,0,0,0,4,1,-1,9,1,76,11,-1,-1,-1,-1,10,E01023591,0,1
2024141398791,2024,141398791,2,9,0,-1,19,2,6,-1,0,0,0,0,0,0,1,9,-1,6,3,-1,-1,-1,-1,-1,-1,-1,-1,0,-1
2024010488597,2024,010488597,4,9,0,17,19,5,1,0,0,1,0,10,0,0,1,1,1,1,1,41,7,-1,-1,-1,-1,8,E01018268,0,4
2024501503707,2024,501503707,1,9,0,-1,19,5,1,-1,0,0,5,0,2,10,1,1,-1,6,1,25,5,-1,-1,-1,-1,5,E01020235,0,1
2024552400397,2024,552400397,2,9,0,18,19,8,4,0,0,8,0,0,0,0,1,1,2,2,1,57,9,-1,-1,-1,-1,7,E01020429,0,2
2024501393643,2024,501393643,1,9,0,-1,19,3,1,-1,0,0,0,11,7,11,1,9,-1,6,1,19,4,-1,-1,-1,-1,4,E01020313,0,2
2024010491276,2024,010491276,1,8,0,9,9,3,1,0,0,1,0,0,0,0,1,1,1,1,1,52,8,-1,-1,-1,-1,5,E01000036,0,4
2024010504151,2024,010504151,2,1,0,18,19,8,4,0,0,1,0,0,0,0,1,1,6,6,1,68,10,-1,-1,-1,-1,2,E01004007,0,1
2024302401437,2024,302401437,1,11,0,4,4,7,3,0,0,0,0,0,0,0,0,1,1,1,3,-1,-1,-1,-1,-1,-1,-1,-1,0,-1
2024010538426,2024,010538426,2,1,0,18,19,1,5,0,0,1,0,0,0,0,1,1,2,2,2,53,8,-1,-1,-1,-1,7,E01030562,0,1
2024421495746,2024,421495746,1,9,0,-1,19,3,7,-1,0,0,1,0,0,0,3,1,-1,1,1,60,9,-1,-1,-1,-1,3,E01021328,0,1
2024411435138,2024,411435138,2,98,0,-1,2,0,0,-1,0,0,0,0,0,0,2,1,-1,6,-1,-1,-1,-1,-1,-1,-1,-1,-1,0,-1
2024041443732,2024,041443732,1,9,0,-1,19,3,4,-1,0,0,0,0,0,0,1,1,-1,9,2,18,4,-1,-1,-1,-1,7,E01025568,0,3
2024010516405,2024,010516405,2,9,9,99,99,9,9,8,6,9,5,12,9,99,4,9,6,6,3,-1,-1,-1,-1,-1,-1,-1,-1,0,-1
2024061508023,2024,061508023,2,1,0,-1,-1,-1,-1,-1,-1,-1,-1,-1,-1,0,-1,1,-1,6,3,-1,-1,-1,-1,-1,-1,-1,-1,0,-1
2024010500850,2024,010500850,1,9,0,99,99,9,9,99,99,9,9,99,9,99,2,9,2,2,2,18,4,-1,-1,-1,-1,10,E01002354,0,1
2024010492967,2024,010492967,3,19,0,2,2,0,0,0,0,0,0,0,0,0,2,1,6,6,3,-1,-1,-1,-1,-1,-1,-1,-1,0,-1
2024010490527,2024,010490527,1,3,4,99,99,9,9,99,99,9,9,99,9,99,1,1,1,1,1,40,7,-1,-1,-1,-1,3,E01003258,0,1
2024430093289,2024,430093289,2,9,0,7,7,4,6,0,0,6,0,0,0,0,1,1,6,6,1,24,5,-1,-1,-1,-1,-1,-1,0,-1
2024991421233,2024,991421233,1,9,0,-1,19,3,7,-1,0,0,0,0,0,0,4,1,-1,9,1,38,7,-1,-1,-1,-1,9,-1,0,2
2024501449503,2024,501449503,1,5,0,-1,19,5,1,-1,0,0,0,0,1,0,1,1,-1,9,1,47,8,-1,-1,-1,-1,2,E01014492,0,4
2024010509921,2024,010509921,2,1,9,99,99,9,9,99,99,9,9,8,9,99,1,1,6,6,3,-1,-1,-1,-1,-1,-1,3,E01000523,0,2
2024351412335,2024,351412335,1,9,0,-1,9,1,7,-1,0,8,0,0,0,0,1,9,-1,6,3,-1,-1,-1,-1,-1,-1,-1,-1,0,-1
2024522402479,2024,522402479,1,9,0,9,9,5,3,0,0,5,5,0,0,0,4,1,6,6,1,28,6,-1,-1,-1,-1,6,E01016753,0,5
2024010489909,2024,010489909,2,5,0,7,7,3,5,0,0,8,0,0,0,0,1,1,6,6,1,38,7,-1,-1,-1,-1,7,E01000981,0,1
2024131419732,2024,131419732,2,1,0,-1,-1,-1,-1,-1,-1,-1,-1,-1,-1,0,-1,1,-1,6,2,33,6,-1,-1,-1,-1,1,E01011695,0,1
2024010494061,2024,010494061,1,9,0,18,19,3,7,0,0,8,0,0,0,0,3,1,1,1,1,40,7,-1,-1,-1,-1,7,E01015974,0,4
2024061538115,2024,061538115,1,9,-1,-1,-1,-1,-1,-1,-1,0,-1,-1,-1,0,-1,9,-1,6,1,-1,-1,-1,-1,-1,-1,7,E01005359,0,2
2024531536346,2024,531536346,2,11,0,-1,3,3,7,-1,0,0,0,0,0,0,0,9,-1,1,-1,-1,-1,-1,-1,-1,-1,-1,-1,0,-1
2024201422414,2024,201422414,1,9,0,-1,9,4,2,-1,0,2,0,0,0,0,3,9,-1,6,1,33,6,-1,-1,-1,-1,-1,-1,0,-1
2024471437090,2024,471437090,2,1,0,-1,19,5,1,-1,0,1,0,0,0,0,1,1,-1,6,1,-1,-1,-1,-1,-1,-1,3,E01031455,0,1
2024991485162,2024,991485162,2,9,0,-1,19,7,3,-1,0,0,0,0,1,0,3,1,-1,6,2,18,4,-1,-1,-1,-1,4,-1,0,2
2024010532496,2024,010532496,2,1,0,18,19,1,5,0,0,6,0,0,0,0,3,1,6,6,1,26,6,-1,-1,-1,-1,10,E01017746,0,4
2024161535876,2024,161535876,1,1,0,-1,19,3,7,-1,0,0,0,0,0,0,2,1,-1,6,1,47,8,-1,-1,-1,-1,6,E01013173,0,2
2024010531440,2024,010531440,2,1,0,5,5,3,7,0,0,8,5,0,0,0,3,1,6,6,1,18,4,-1,-1,-1,-1,1,E01002034,0,1
2024201467915,2024,201467915,1,-1,0,-1,19,2,4,-1,4,8,0,0,0,0,2,1,-1,2,1,21,5,-1,-1,-1,-1,1,E01010466,1,4
2024501463899,2024,501463899,1,19,0,-1,5,8,2,-1,0,6,0,0,0,0,1,1,-1,1,1,65,9,-1,-1,-1,-1,10,E01029265,0,4
2024061414633,2024,061414633,1,1,0,-1,19,7,3,-1,5,0,0,0,0,0,4,1,-1,1,1,-1,-1,-1,-1,-1,-1,-1,-1,0,-1
2024421518022,2024,421518022,1,9,0,-1,7,8,2,-1,0,0,0,0,0,0,1,1,-1,6,3,-1,-1,-1,-1,-1,-1,-1,-1,0,-1
2024141509938,2024,141509938,2,1,0,-1,5,1,2,-1,0,0,0,0,0,0,1,1,-1,6,1,-1,-1,-1,-1,-1,-1,-1,-1,0,-1
2024010551562,2024,010551562,1,1,0,18,19,1,5,0,0,1,0,0,0,0,1,1,1,1,1,35,6,-1,-1,-1,-1,6,E01001989,0,1
2024010508055,2024,010508055,1,3,0,99,99,9,9,99,99,9,9,99,9,99,1,1,6,6,1,23,5,-1,-1,-1,-1,4,E01001153,0,1
2024131495430,2024,131495430,1,9,0,-1,5,5,1,-1,0,6,0,0,0,0,1,1,-1,6,2,39,7,-1,-1,-1,-1,1,E01010713,0,1
2024111499129,2024,111499129,1,9,0,-1,19,6,2,-1,0,0,0,0,0,0,1,1,-1,6,2,30,6,-1,-1,-1,-1,-1,-1,0,-1
2024542747224,2024,542747224,1,9,0,18,19,3,7,0,0,0,0,0,0,0,1,1,6,6,1,43,7,-1,-1,-1,-1,4,E01029041,0,4
2024451436220,2024,451436220,3,9,0,-1,4,5,1,-1,0,0,0,0,0,0,2,1,-1,1,1,35,6,-1,-1,-1,-1,4,E01030650,0,2
2024430021603,2024,430021603,3,90,0,18,19,2,5,0,0,0,0,0,0,0,0,1,1,1,3,-1,-1,-1,-1,-1,-1,-1,-1,0,-1
2024010516827,2024,010516827,2,9,9,99,99,9,9,99,99,9,9,99,9,99,9,9,6,6,3,-1,-1,-1,-1,-1,-1,-1,-1,0,-1
2024430442983,2024,430442983,2,9,0,9,9,5,2,0,0,5,0,0,0,0,1,1,6,6,1,-1,-1,-1,-1,-1,-1,-1,-1,0,-1
2024010492602,2024,010492602,1,1,9,99,99,9,9,99,99,9,9,99,9,99,2,1,6,6,2,43,7,-1,-1,-1,-1,3,E01004402,0,1
2024991442411,2024,991442411,1,1,0,-1,19,4,8,-1,0,0,5,0,0,0,1,1,-1,9,1,7,2,-1,-1,-1,-1,1,-1,0,1
2024041455074,2024,041455074,1,23,0,-1,19,7,3,-1,0,1,0,0,0,0,1,1,-1,9,1,22,5,-1,-1,-1,-1,3,E01024884,0,1
2024421468208,2024,421468208,1,1,0,-1,19,-1,-1,-1,0,1,0,0,0,0,1,1,-1,6,1,31,6,-1,-1,-1,-1,6,E01021362,0,1
2024451496893,2024,451496893,1,9,0,-1,19,1,5,-1,0,6,0,4,0,0,1,1,-1,6,2,41,7,-1,-1,-1,-1,9,E01030331,0,1
2024430438312,2024,430438312,2,11,0,2,2,1,5,0,0,0,0,0,0,0,0,1,1,1,3,-1,-1,-1,-1,-1,-1,-1,-1,0,-1
2024451494185,2024,451494185,2,1,0,-1,19,8,4,-1,0,0,0,0,1,0,3,1,-1,9,1,49,8,-1,-1,-1,-1,4,E01002070,0,4
2024320333812,2024,320333812,1,9,0,-1,-1,6,2,0,0,6,0,0,0,0,1,1,-1,-1,2,86,11,-1,-1,-1,-1,8,E01026291,0,1
2024010532984,2024,010532984,2,9,9,99,99,9,9,99,99,9,9,99,9,99,9,9,6,6,3,-1,-1,-1,-1,-1,-1,-1,-1,0,-1
2024052402544,2024,052402544,2,1,0,18,19,1,5,0,0,8,0,0,0,0,1,1,4,7,1,11,3,-1,-1,-1,-1,2,E01006966,0,1
2024131413965,2024,131413965,1,9,0,-1,19,1,1,-1,9,2,0,1,1,11,1,1,-1,2,2,33,6,-1,-1,-1,-1,1,E01010743,0,1
2024451454518,2024,451454518,1,1,0,-1,19,3,7,-1,0,0,2,0,0,0,0,1,-1,2,1,33,6,-1,-1,-1,-1,8,E01002579,0,3
2024211477949,2024,211477949,1,9,0,-1,19,0,0,-1,0,0,0,0,0,0,1,1,-1,6,2,40,7,-1,-1,-1,-1,8,E01029664,0,1
2024440375232,2024,440375232,1,9,0,16,19,8,3,0,0,0,0,0,7,4,1,1,6,6,2,34,6,-1,-1,-1,-1,10,E01023218,0,3
2024010552902,2024,010552902,1,1,9,99,99,9,9,99,99,9,9,99,9,99,9,1,2,2,1,42,7,-1,-1,-1,-1,-1,-1,0,-1
2024041467213,2024,041467213,2,1,0,-1,19,5,1,-1,0,0,2,0,0,0,4,1,-1,6,2,45,7,-1,-1,-1,-1,1,E01025092,0,1
2024010522243,2024,010522243,1,20,1,10,10,5,3,0,0,8,0,0,1,0,2,1,6,6,3,-1,-1,-1,-1,-1,-1,-1,-1,0,-1
2024010491772,2024,010491772,2,19,0,99,99,9,9,99,99,9,9,99,9,99,9,9,6,6,3,-1,-1,-1,-1,-1,-1,-1,-1,0,-1
2024461485295,2024,461485295,1,9,0,-1,19,5,1,-1,0,0,0,0,0,0,1,9,-1,6,3,-1,-1,-1,-1,-1,-1,-1,-1,0,-1
2024010524854,2024,010524854,1,1,9,18,19,9,9,99,99,9,9,99,9,99,1,1,1,1,1,21,5,-1,-1,-1,-1,6,E01003107,0,2
2024411470603,2024,411470603,1,9,0,-1,-1,-1,-1,-1,-1,-1,-1,-1,-1,0,1,9,-1,6,3,-1,-1,-1,-1,-1,-1,-1,-1,0,-1
2024010488783,2024,010488783,2,9,0,99,99,9,9,99,99,6,9,99,9,99,9,9,6,6,3,-1,-1,-1,-1,-1,-1,6,E01001245,0,1
2024320116107,2024,320116107,2,9,0,7,7,6,8,0,0,6,0,0,0,0,2,1,-1,-1,1,30,6,-1,-1,-1,-1,3,E01026183,0,3
2024421471692,2024,421471692,1,9,0,-1,1,1,5,-1,0,0,0,0,0,0,2,1,-1,9,1,57,9,-1,-1,-1,-1,3,E01016011,0,4
2024501406586,2024,501406586,2,9,0,-1,19,7,3,-1,0,0,0,0,0,0,3,9,-1,1,1,38,7,-1,-1,-1,-1,5,E01034854,0,1
2024501522950,2024,501522950,6,9,0,-1,19,3,7,-1,0,0,0,0,0,0,1,1,-1,6,1,19,4,-1,-1,-1,-1,6,E01020187,0,3
2024201506428,2024,201506428,1,97,0,-1,14,6,2,-1,0,0,0,0,0,0,1,1,-1,9,3,-1,-1,-1,-1,-1,-1,-1,-1,0,-1
2024471488006,2024,471488006,2,9,0,-1,7,5,7,-1,0,1,0,0,0,0,4,9,-1,6,1,-1,-1,-1,-1,-1,-1,-1,-1,0,-1
2024010547876,2024,010547876,2,9,0,18,19,1,5,0,0,1,0,0,0,0,0,1,6,6,1,24,5,-1,-1,-1,-1,2,E01003507,0,2
2024161482438,2024,161482438,1,90,0,-1,19,7,3,-1,0,0,0,0,0,0,3,1,-1,2,1,59,9,-1,-1,-1,-1,10,E01013275,0,2
2024531469547,2024,531469547,1,9,0,-1,19,1,5,-1,0,0,5,0,1,4,0,1,-1,1,1,36,7,-1,-1,-1,-1,5,E01028718,0,4
2024340NN0722,2024,340NN0722,1,9,0,-1,19,4,8,-1,0,6,0,0,0,0,1,1,-1,6,2,20,4,-1,-1,-1,-1,-1,-1,0,-1
2024631398603,2024,631398603,1,9,0,-1,19,2,6,-1,0,0,1,0,7,10,1,1,-1,2,1,76,11,-1,-1,-1,-1,6,W01000475,0,1
2024010489443,2024,010489443,1,9,0,18,19,6,2,0,0,1,0,0,0,0,1,1,6,6,2,76,11,-1,-1,-1,-1,9,E01000199,0,1
2024320068351,2024,320068351,1,9,0,-1,-1,6,2,0,0,1,0,0,7,10,1,1,6,6,1,31,6,-1,-1,-1,-1,8,E01026368,0,4
2024141522707,2024,141522707,1,9,0,-1,-1,-1,-1,-1,-1,0,-1,-1,-1,0,-1,9,-1,6,3,-1,-1,-1,-1,-1,-1,-1,-1,0,-1
2024471448105,2024,471448105,1,9,0,-1,19,5,1,-1,0,1,0,0,7,0,1,1,-1,6,1,56,9,-1,-1,-1,-1,5,E01016974,0,1
2024122400261,2024,122400261,2,1,0,16,19,3,7,0,0,3,0,0,0,0,1,1,6,6,1,64,9,-1,-1,-1,-1,8,E01027556,0,1
2024010512342,2024,010512342,3,9,0,18,19,1,5,0,0,0,0,0,0,0,4,1,6,6,3,-1,-1,-1,-1,-1,-1,-1,-1,0,-1
2024421464659,2024,421464659,1,9,0,-1,15,1,5,-1,0,0,0,0,0,0,1,1,-1,9,1,19,4,-1,-1,-1,-1,5,E01004465,0,3
2024501422981,2024,501422981,2,1,0,-1,19,5,1,-1,0,1,0,0,0,0,2,1,-1,6,1,80,11,-1,-1,-1,-1,4,E01019054,0,1
2024131485931,2024,131485931,1,9,0,-1,19,7,3,-1,0,8,0,0,0,0,-1,1,-1,6,3,-1,-1,-1,-1,-1,-1,-1,-1,0,-1
2024622400550,2024,622400550,1,9,0,18,19,8,4,0,0,0,1,0,0,0,1,1,1,1,1,32,6,-1,-1,-1,-1,5,W01001281,0,1
2024161412460,2024,161412460,1,1,0,-1,19,6,2,-1,0,8,0,0,0,0,4,1,-1,6,1,25,5,-1,-1,-1,-1,1,E01012843,0,1
2024010544036,2024,010544036,1,1,9,99,99,9,9,99,99,0,9,99,9,99,1,1,6,6,1,58,9,-1,-1,-1,-1,6,E01001159,0,1
2024101442091,2024,101442091,1,1,0,-1,19,1,5,-1,9,8,0,0,0,0,1,1,-1,6,1,-1,-1,-1,-1,-1,-1,-1,-1,0,-1
2024010549139,2024,010549139,1,9,0,-1,-1,3,7,0,0,1,0,0,0,0,1,1,6,6,3,34,6,-1,-1,-1,-1,-1,-1,0,-1
2024010489748,2024,010489748,2,9,0,99,99,9,9,99,99,9,9,99,9,99,9,9,6,6,3,-1,-1,-1,-1,-1,-1,-1,-1,0,-1
2024010524490,2024,010524490,2,90,0,99,99,9,9,99,99,9,9,99,9,99,1,9,6,6,3,-1,-1,-1,-1,-1,-1,-1,-1,0,-1
2024461411362,2024,461411362,1,1,0,-1,11,3,3,-1,0,0,5,10,1,0,1,1,-1,9,1,42,7,-1,-1,-1,-1,-1,-1,0,-1
2024010508660,2024,010508660,2,1,9,99,99,9,9,99,99,9,9,99,9,99,1,1,2,2,1,30,6,-1,-1,-1,-1,9,E01000873,0,2
2024122400930,2024,122400930,2,9,0,18,19,7,2,0,0,8,0,0,0,0,2,1,6,6,3,-1,-1,-1,-1,-1,-1,-1,-1,0,-1
2024010537650,2024,010537650,1,3,9,99,99,9,9,99,99,9,9,99,9,99,9,1,6,6,1,35,6,-1,-1,-1,-1,2,E01001558,0,1
2024461528246,2024,461528246,2,1,0,-1,5,3,1,-1,0,4,0,0,0,0,2,1,-1,6,1,30,6,-1,-1,-1,-1,3,E01024092,0,1
2024302400850,2024,302400850,1,90,0,12,12,1,5,0,0,0,0,0,0,0,2,1,6,6,3,-1,-1,-1,-1,-1,-1,5,E01019456,0,3
2024201466744,2024,201466744,1,9,0,-1,19,1,5,-1,0,1,0,0,0,0,4,9,-1,1,1,62,9,-1,-1,-1,-1,2,E01008921,0,2
2024531492682,2024,531492682,2,9,0,-1,4,7,3,-1,9,0,0,0,1,0,1,1,-1,1,1,29,6,-1,-1,-1,-1,9,E01032189,0,4
2024371486202,2024,371486202,4,9,0,-1,-1,-1,-1,-1,-1,0,-1,-1,-1,0,-1,9,-1,6,3,-1,-1,-1,-1,-1,-1,-1,-1,0,-1
2024201520639,2024,201520639,1,9,0,-1,5,5,1,-1,9,6,0,0,0,0,1,1,-1,6,2,40,7,-1,-1,-1,-1,-1,-1,0,-1
2024231492845,2024,231492845,1,9,4,-1,19,5,1,-1,0,0,0,4,0,0,1,1,-1,6,1,76,11,-1,-1,-1,-1,9,E01032533,0,2
2024411424412,2024,411424412,2,1,0,-1,3,8,6,-1,0,1,0,0,0,0,2,1,-1,9,1,30,6,-1,-1,-1,-1,10,E01023361,0,1
2024122400780,2024,122400780,1,9,0,5,5,8,6,0,0,1,0,0,0,0,4,1,1,1,2,51,8,-1,-1,-1,-1,3,E01033067,0,1
2024302400099,2024,302400099,2,9,0,18,19,7,3,0,0,0,0,0,0,0,2,1,6,6,1,30,6,-1,-1,-1,-1,1,E01013485,0,2
2024131436221,2024,131436221,2,1,0,-1,19,1,5,-1,0,8,0,0,0,0,0,1,-1,6,1,-1,-1,-1,-1,-1,-1,1,E01011433,0,1
2024010494412,2024,010494412,1,9,0,18,19,5,1,0,0,1,0,0,0,0,4,1,6,6,3,-1,-1,-1,-1,-1,-1,-1,-1,0,-1
2024010507108,2024,010507108,1,9,0,5,5,3,7,0,0,1,0,0,0,0,1,1,2,2,2,61,9,-1,-1,-1,-1,10,E01001104,0,2
2024302400591,2024,302400591,3,9,0,4,4,1,5,0,0,1,0,0,0,0,1,1,1,1,1,45,7,-1,-1,-1,-1,9,E01019430,0,2
2024010542383,2024,010542383,1,9,0,18,19,1,5,0,0,9,0,0,0,0,1,1,6,6,1,24,5,-1,-1,-1,-1,1,E01004754,0,2
2024010487596,2024,010487596,2,9,0,4,4,6,2,0,0,1,0,0,0,0,1,1,6,6,2,54,8,-1,-1,-1,-1,7,E01004186,0,1
2024211430183,2024,211430183,2,1,0,-1,19,8,4,-1,0,8,0,0,0,0,1,1,-1,6,1,33,6,-1,-1,-1,-1,3,E01034047,0,1
2024010521445,2024,010521445,2,1,0,18,19,7,3,0,0,8,0,0,0,0,3,1,6,6,1,11,3,-1,-1,-1,-1,2,E01000086,0,1
2024010491067,2024,010491067,2,9,0,9,9,1,7,0,0,6,0,0,0,0,3,1,6,6,2,32,6,-1,-1,-1,-1,4,E01032568,0,1
2024010516460,2024,010516460,1,1,9,99,99,9,9,99,99,0,9,8,9,99,1,1,2,2,1,23,5,-1,-1,-1,-1,6,E01018165,0,4
2024531413450,2024,531413450,1,1,0,-1,12,3,7,-1,0,0,0,0,0,0,4,1,-1,9,1,35,6,-1,-1,-1,-1,7,E01022303,0,1
2024522403300,2024,522403300,2,9,0,2,2,0,0,0,0,0,1,0,1,11,2,1,6,6,3,-1,-1,-1,-1,-1,-1,-1,-1,0,-1
2024010511694,2024,010511694,2,1,0,18,19,5,1,5,5,1,0,0,0,0,1,1,6,6,2,25,5,-1,-1,-1,-1,3,E01003564,0,1
2024311532524,2024,311532524,2,23,0,-1,5,7,3,-1,0,1,1,11,0,0,1,1,-1,6,1,33,6,-1,-1,-1,-1,1,E01027930,0,1
2024430028939,2024,430028939,2,9,0,18,19,2,6,0,0,1,0,0,0,0,1,1,6,6,1,-1,-1,-1,-1,-1,-1,-1,-1,0,-1
2024201488651,2024,201488651,2,19,0,-1,9,6,4,-1,0,6,0,0,0,0,4,1,-1,6,1,25,5,-1,-1,-1,-1,2,E01034044,0,5
2024631483867,2024,631483867,2,1,0,-1,19,7,5,-1,0,8,5,0,0,0,4,1,-1,2,2,38,7,-1,-1,-1,-1,7,W01000619,0,1
2024440013118,2024,440013118,1,1,0,18,19,2,6,0,0,8,0,0,0,0,3,1,6,6,1,52,8,-1,-1,-1,-1,5,E01022980,0,2
2024101447221,2024,101447221,1,9,0,-1,11,5,1,-1,0,0,0,0,0,0,4,1,-1,6,1,-1,-1,-1,-1,-1,-1,-1,-1,0,-1
2024231534319,2024,231534319,2,3,0,-1,4,5,1,-1,0,0,1,0,0,0,0,1,-1,9,1,23,5,-1,-1,-1,-1,-1,-1,0,-1
2024010512037,2024,010512037,2,1,0,18,19,6,2,0,0,0,0,0,0,0,3,1,6,6,1,43,7,-1,-1,-1,-1,5,E01002621,0,1
2024421532619,2024,421532619,3,98,1,-1,19,4,8,-1,0,0,0,0,0,0,3,1,-1,1,1,26,6,-1,-1,-1,-1,5,E01015904,0,4
2024010542302,2024,010542302,2,9,0,18,19,1,5,0,0,1,0,0,0,0,1,1,6,6,3,-1,-1,-1,-1,-1,-1,-1,-1,0,-1
2024010508759,2024,010508759,2,9,0,18,19,5,1,0,0,8,0,4,0,0,1,1,6,6,3,-1,-1,-1,-1,-1,-1,-1,-1,0,-1
2024991480034,2024,991480034,3,1,0,-1,19,6,2,-1,0,0,0,0,7,0,1,1,-1,9,1,26,6,-1,-1,-1,-1,9,-1,0,2
2024231461196,2024,231461196,1,-1,0,-1,9,6,4,-1,0,5,0,0,0,0,0,1,-1,9,1,45,7,-1,-1,-1,-1,10,E01031123,1,1
2024061436766,2024,061436766,2,4,0,-1,13,8,4,-1,0,1,0,0,0,0,4,1,-1,9,1,22,5,-1,-1,-1,-1,1,E01005227,0,1
2024010524124,2024,010524124,2,3,0,18,19,1,5,0,0,8,2,0,0,0,1,1,6,6,1,28,6,-1,-1,-1,-1,3,E01002603,0,1
2024421418950,2024,421418950,1,1,0,-1,19,8,5,-1,0,2,0,0,1,2,4,1,-1,6,1,16,4,-1,-1,-1,-1,5,E01021522,0,1