collision_index,collision_year,collision_ref_no,vehicle_reference,vehicle_type,towing_and_articulation,vehicle_manoeuvre_historic,vehicle_manoeuvre,vehicle_direction_from,vehicle_direction_to,vehicle_location_restricted_lane_historic,vehicle_location_restricted_lane,junction_location,skidding_and_overturning,hit_object_in_carriageway,vehicle_leaving_carriageway,hit_object_off_carriageway,first_point_of_impact,vehicle_left_hand_drive,journey_purpose_of_driver_historic,journey_purpose_of_driver,sex_of_driver,age_of_driver,age_band_of_driver,engine_capacity_cc,propulsion_code,age_of_vehicle,generic_make_model,driver_imd_decile,lsoa_of_driver,escooter_flag,driver_distance_banding
2024010525720,2024,010525720,1,1,9,99,99,9,9,99,99,9,9,99,9,99,2,1,6,6,2,30,6,-1,-1,-1,-1,4,E01004756,0,1
2024061449645,2024,061449645,3,9,0,-1,2,0,0,-1,9,1,0,0,0,0,2,1,-1,6,1,47,8,-1,-1,-1,-1,-1,-1,0,-1
2024471492678,2024,471492678,1,9,0,-1,11,3,6,-1,0,4,0,0,0,0,3,1,-1,9,1,30,6,-1,-1,-1,-1,5,E01031523,0,3
2024522402446,2024,522402446,2,19,0,16,19,6,1,0,0,1,0,0,0,0,1,1,6,6,3,-1,-1,-1,-1,-1,-1,-1,-1,0,-1
2024010538912,2024,010538912,1,19,0,18,19,9,9,99,99,0,9,99,9,99,1,9,6,6,3,-1,-1,-1,-1,-1,-1,-1,-1,0,-1
2024440390619,2024,440390619,1,1,0,18,19,6,2,0,0,8,0,0,0,0,1,1,4,7,1,16,4,-1,-1,-1,-1,10,E01023259,0,1
2024471414943,2024,471414943,3,98,-1,-1,9,-1,-1,-1,0,-1,0,0,0,0,0,9,-1,6,3,-1,-1,-1,-1,-1,-1,-1,-1,0,-1
2024101443751,2024,101443751,3,1,0,-1,19,8,4,-1,4,0,0,0,0,0,0,1,-1,9,3,-1,-1,-1,-1,-1,-1,-1,-1,0,-1
2024052400760,2024,052400760,2,1,0,18,19,7,3,0,0,0,0,0,0,0,3,1,6,6,1,15,3,-1,-1,-1,-1,1,E01007124,0,1
2024451511150,2024,451511150,1,1,0,-1,12,7,3,-1,0,0,0,0,0,0,3,1,-1,9,1,57,9,-1,-1,-1,-1,10,E01030948,0,1
2024302401406,2024,302401406,2,19,0,18,19,7,3,0,0,0,0,0,0,0,0,1,6,6,3,-1,-1,-1,-1,-1,-1,5,E01019456,0,4
2024010531784,2024,010531784,2,1,0,18,19,1,5,0,0,1,5,0,0,0,1,1,6,6,1,63,9,-1,-1,-1,-1,5,E01002162,0,1
2024141491482,2024,141491482,2,1,0,-1,19,3,7,-1,9,0,5,0,0,0,1,1,-1,6,2,51,8,-1,-1,-1,-1,4,E01007587,0,1
2024991528656,2024,991528656,1,9,0,-1,4,2,6,-1,0,0,0,0,0,0,0,1,-1,6,3,24,5,-1,-1,-1,-1,-1,-1,0,-1
2024041468920,2024,041468920,2,1,0,-1,19,4,8,-1,0,0,0,0,0,0,1,1,-1,9,2,44,7,-1,-1,-1,-1,2,E01005542,0,4
2024610050024,2024,610050024,2,19,0,18,19,5,1,0,0,1,0,0,0,0,1,1,1,1,1,26,6,-1,-1,-1,-1,7,W01001515,0,3
2024471471850,2024,471471850,2,1,0,-1,19,8,4,-1,0,1,0,0,0,0,0,1,-1,9,1,15,3,-1,-1,-1,-1,4,E01020952,0,1
2024481563968,2024,481563968,2,1,0,-1,4,3,7,-1,0,0,0,0,0,0,3,1,-1,9,1,24,5,-1,-1,-1,-1,-1,-1,0,-1
2024010498272,2024,010498272,1,9,0,99,99,9,9,99,99,9,9,99,9,99,9,9,6,6,1,39,7,-1,-1,-1,-1,6,E01003713,0,1
2024631421492,2024,631421492,2,9,0,-1,2,0,0,-1,0,0,0,0,7,3,4,1,-1,6,-1,-1,-1,-1,-1,-1,-1,-1,-1,0,-1
2024201525444,2024,201525444,1,9,0,-1,11,6,2,-1,0,0,0,0,0,0,1,9,-1,9,3,-1,-1,-1,-1,-1,-1,-1,-1,0,-1
2024311472852,2024,311472852,2,22,0,-1,19,1,5,-1,0,0,0,0,0,0,3,1,-1,6,1,87,11,-1,-1,-1,-1,8,E01028079,0,1
2024610050824,2024,610050824,1,1,0,9,9,6,4,0,0,8,0,0,0,0,1,1,1,1,1,27,6,-1,-1,-1,-1,1,W01001661,0,1
2024201468880,2024,201468880,2,1,0,-1,19,2,6,-1,0,0,0,0,0,0,1,1,-1,6,1,57,9,-1,-1,-1,-1,8,E01029616,0,2
2024991454024,2024,991454024,2,1,0,-1,19,7,3,-1,0,8,0,0,0,0,4,1,-1,9,1,68,10,-1,-1,-1,-1,7,-1,0,1
2024010495753,2024,010495753,1,9,0,99,99,9,9,99,99,9,9,99,9,99,1,9,6,6,3,53,8,-1,-1,-1,-1,3,E01002045,0,1
2024440478381,2024,440478381,2,9,0,3,3,3,7,0,0,8,0,0,0,0,1,1,6,6,3,-1,-1,-1,-1,-1,-1,-1,-1,0,-1
2024361484346,2024,361484346,1,1,0,-1,19,7,3,-1,0,8,0,0,0,0,1,1,-1,6,1,34,6,-1,-1,-1,-1,7,E01026536,0,2
2024010490935,2024,010490935,1,9,9,99,99,9,9,99,99,9,9,99,9,99,9,1,6,6,1,43,7,-1,-1,-1,-1,8,E01030900,0,4
2024010491408,2024,010491408,2,9,0,9,9,1,7,0,0,8,0,0,0,0,1,1,6,6,1,31,6,-1,-1,-1,-1,6,E01035280,0,4
2024451480081,2024,451480081,1,9,0,-1,19,1,5,-1,0,0,1,0,0,0,1,1,-1,9,1,17,4,-1,-1,-1,-1,8,E01031698,0,4
2024991394973,2024,991394973,1,9,0,-1,19,8,4,-1,0,0,1,0,0,0,1,1,-1,2,2,25,5,-1,-1,-1,-1,10,-1,0,2
2024440379249,2024,440379249,1,1,0,18,19,3,7,9,9,0,0,0,0,0,4,1,4,7,1,5,1,-1,-1,-1,-1,9,E01022798,0,1
2024548590024,2024,548590024,1,1,0,4,4,5,1,0,0,8,0,0,0,0,1,1,6,6,1,16,4,-1,-1,-1,-1,9,E01031999,0,1
2024052402491,2024,052402491,2,1,0,18,19,4,8,0,0,8,0,0,0,0,1,1,6,6,1,28,6,-1,-1,-1,-1,1,E01006678,0,1
2024221411840,2024,221411840,1,9,0,-1,19,2,6,-1,2,0,0,0,0,0,1,9,-1,1,1,55,8,-1,-1,-1,-1,6,E01028924,0,4
2024010497242,2024,010497242,1,9,0,18,19,5,1,0,0,8,0,0,0,0,4,1,6,6,1,59,9,-1,-1,-1,-1,10,E01003007,0,1
2024622400478,2024,622400478,2,1,0,9,9,6,4,0,0,0,0,0,0,0,3,1,6,6,1,35,6,-1,-1,-1,-1,5,W01000871,0,1
2024340WN6882,2024,340WN6882,1,90,0,-1,19,1,5,-1,0,1,0,0,0,0,4,1,-1,6,3,-1,-1,-1,-1,-1,-1,-1,-1,0,-1
2024520401193,2024,520401193,1,9,0,16,19,4,6,0,0,0,0,0,1,0,3,1,6,6,1,44,7,-1,-1,-1,-1,8,W01001495,0,4
2024010529641,2024,010529641,2,3,0,18,19,7,3,7,6,5,0,0,7,0,1,1,6,6,1,19,4,-1,-1,-1,-1,5,E01000491,0,1
2024440394464,2024,440394464,2,9,0,18,19,7,4,0,0,8,0,0,0,0,4,1,6,6,3,-1,-1,-1,-1,-1,-1,-1,-1,0,-1
2024361474163,2024,361474163,1,9,0,-1,19,1,5,-1,0,8,0,0,0,0,4,1,-1,1,1,63,9,-1,-1,-1,-1,9,E01026448,0,2
2024421422259,2024,421422259,1,9,0,-1,19,7,3,-1,0,1,0,0,0,0,1,1,-1,6,3,-1,-1,-1,-1,-1,-1,-1,-1,0,-1
2024010546188,2024,010546188,1,1,9,99,99,9,9,99,99,0,9,99,9,99,1,1,6,6,3,-1,-1,-1,-1,-1,-1,-1,-1,0,-1
2024411437774,2024,411437774,2,1,0,-1,19,7,3,-1,0,2,0,0,0,0,4,1,-1,9,1,22,5,-1,-1,-1,-1,2,E01035586,0,1
2024211421008,2024,211421008,2,19,0,-1,-1,6,2,-1,-1,0,0,0,0,0,2,9,-1,-1,-1,-1,-1,-1,-1,-1,-1,-1,-1,0,-1
2024501485788,2024,501485788,1,1,0,-1,5,3,7,-1,0,0,2,0,0,0,3,1,-1,2,2,38,7,-1,-1,-1,-1,5,E01034853,0,1
2024010550170,2024,010550170,1,9,0,-1,-1,3,7,0,0,2,0,0,0,0,4,1,6,6,1,82,11,-1,-1,-1,-1,5,E01002666,0,2
2024010518585,2024,010518585,2,9,0,18,19,1,5,0,0,6,0,10,3,11,1,1,6,6,1,18,4,-1,-1,-1,-1,4,E01001002,0,2
2024461471069,2024,461471069,1,9,0,-1,19,7,3,-1,0,0,0,0,0,0,1,9,-1,6,3,-1,-1,-1,-1,-1,-1,-1,-1,0,-1
2024010495403,2024,010495403,1,9,0,18,19,3,7,0,0,0,0,0,0,0,4,1,6,6,2,41,7,-1,-1,-1,-1,2,E01032512,0,1
202460Q005155,2024,60Q005155,1,9,0,18,19,1,5,0,0,2,0,0,0,0,1,1,6,6,1,20,4,-1,-1,-1,-1,-1,-1,0,-1
2024161517149,2024,161517149,2,1,0,-1,19,2,6,-1,0,8,2,0,0,0,4,1,-1,6,2,60,9,-1,-1,-1,-1,8,E01012935,0,1
2024401424818,2024,401424818,1,9,0,-1,10,1,7,-1,0,0,0,0,0,0,4,1,-1,6,2,35,6,-1,-1,-1,-1,9,E01017585,0,1
2024531420943,2024,531420943,1,9,0,-1,9,1,5,-1,0,1,0,0,0,0,1,1,-1,9,2,37,7,-1,-1,-1,-1,10,E01022465,0,1
2024010541283,2024,010541283,2,1,0,14,14,2,6,0,0,1,0,0,0,0,1,1,1,1,1,26,6,-1,-1,-1,-1,4,E01000872,0,1
2024332400407,2024,332400407,1,1,0,-1,19,9,9,-1,0,8,0,0,0,0,3,1,-1,2,1,22,5,-1,-1,-1,-1,8,E01025658,0,1
2024461492824,2024,461492824,2,1,0,-1,19,7,3,-1,9,8,0,0,0,0,1,1,-1,6,1,17,4,-1,-1,-1,-1,5,E01024216,0,1
2024041457364,2024,041457364,1,1,0,-1,19,7,3,-1,9,0,5,0,0,0,0,1,-1,9,1,4,1,-1,-1,-1,-1,1,E01012724,0,1
2024010539280,2024,010539280,1,97,9,99,99,9,9,99,99,9,9,99,9,99,9,1,6,6,3,-1,-1,-1,-1,-1,-1,-1,-1,0,-1
2024631514577,2024,631514577,1,9,0,-1,9,1,7,-1,0,5,0,0,3,1,1,1,-1,9,2,19,4,-1,-1,-1,-1,4,W01000605,0,4
2024201455123,2024,201455123,1,9,0,-1,19,2,6,-1,0,1,0,0,0,0,1,1,-1,6,1,55,8,-1,-1,-1,-1,-1,-1,0,-1
2024501396283,2024,501396283,1,9,0,-1,19,8,4,-1,0,0,1,0,7,11,1,1,-1,2,1,36,7,-1,-1,-1,-1,7,E01020281,0,3
2024221438651,2024,221438651,1,9,0,-1,19,4,1,-1,0,0,0,0,0,0,1,9,-1,6,2,30,6,-1,-1,-1,-1,6,E01028921,0,1
2024461507380,2024,461507380,1,9,0,-1,5,5,1,-1,0,5,0,0,0,0,3,1,-1,1,2,21,5,-1,-1,-1,-1,10,E01024325,0,1
2024010519130,2024,010519130,1,8,9,99,99,9,9,99,99,9,9,99,9,99,9,9,6,6,1,67,10,-1,-1,-1,-1,2,E01001693,0,2
2024430270193,2024,430270193,2,22,0,4,4,3,7,0,0,1,0,0,0,0,1,1,2,2,1,45,7,-1,-1,-1,-1,6,E01035743,0,1
2024010492589,2024,010492589,1,3,0,99,99,9,9,99,99,9,9,99,9,99,9,1,6,6,3,33,6,-1,-1,-1,-1,3,E01001832,0,1
2024010489319,2024,010489319,2,9,0,18,19,9,9,99,99,9,9,99,9,99,1,9,6,6,3,-1,-1,-1,-1,-1,-1,-1,-1,0,-1
2024131525652,2024,131525652,2,9,0,-1,19,2,6,-1,0,8,0,0,0,0,1,1,-1,9,1,70,10,-1,-1,-1,-1,9,E01011381,0,1
2024010547833,2024,010547833,1,9,0,18,19,1,5,0,0,8,0,0,0,0,1,1,6,6,3,-1,-1,-1,-1,-1,-1,-1,-1,0,-1
2024361501708,2024,361501708,2,9,0,-1,19,4,8,-1,0,1,0,0,0,0,1,1,-1,6,3,-1,-1,-1,-1,-1,-1,-1,-1,0,-1
2024610039724,2024,610039724,1,9,0,18,19,4,8,0,0,0,0,4,0,0,1,1,1,1,1,51,8,-1,-1,-1,-1,9,W01001654,0,1
2024161498780,2024,161498780,2,9,0,-1,19,8,4,-1,0,0,0,0,0,0,4,1,-1,6,1,79,11,-1,-1,-1,-1,6,E01013173,0,1
2024010525772,2024,010525772,2,9,0,99,99,9,9,99,99,9,9,99,9,99,0,9,6,6,3,50,8,-1,-1,-1,-1,4,E01000031,0,4
2024211399817,2024,211399817,2,5,0,-1,4,1,5,-1,0,1,2,0,0,0,0,1,-1,1,1,22,5,-1,-1,-1,-1,4,E01029783,0,3
2024131413735,2024,131413735,2,9,0,-1,19,5,1,-1,0,1,0,0,1,0,-1,1,-1,6,3,-1,-1,-1,-1,-1,-1,-1,-1,0,-1
2024302401005,2024,302401005,2,9,0,2,2,0,0,0,0,0,0,0,0,0,2,1,6,6,3,-1,-1,-1,-1,-1,-1,-1,-1,0,-1
2024070364625,2024,070364625,2,1,0,18,19,7,3,0,0,2,0,0,0,0,1,1,6,6,1,37,7,-1,-1,-1,-1,2,E01006876,0,3
2024430144076,2024,430144076,1,9,0,18,19,6,2,0,0,8,0,0,0,0,1,1,6,6,1,30,6,-1,-1,-1,-1,9,E01032609,0,1
2024010490497,2024,010490497,2,9,0,3,3,1,5,0,0,8,0,0,0,0,2,1,6,6,2,39,7,-1,-1,-1,-1,7,E01000442,0,1
2024440098219,2024,440098219,1,1,0,18,19,7,3,0,0,0,0,0,0,0,3,1,6,6,1,67,10,-1,-1,-1,-1,10,E01023212,0,2
2024501481979,2024,501481979,2,-1,-1,-1,19,7,4,-1,0,0,5,0,0,0,1,9,-1,9,2,10,2,-1,-1,-1,-1,2,E01018949,1,1
2024010504315,2024,010504315,2,9,0,99,99,9,9,99,99,9,9,99,9,99,1,9,6,6,3,45,7,-1,-1,-1,-1,8,E01002819,0,2
2024552400881,2024,552400881,2,1,0,18,19,8,4,0,0,1,0,0,0,0,1,1,6,6,1,41,7,-1,-1,-1,-1,8,E01020474,0,1
2024010516015,2024,010516015,2,1,0,18,19,8,4,0,0,0,1,0,0,0,2,1,6,6,2,37,7,-1,-1,-1,-1,5,E01001581,0,3
2024010496523,2024,010496523,1,97,0,18,19,3,7,0,0,0,0,0,0,0,4,1,6,6,3,-1,-1,-1,-1,-1,-1,-1,-1,0,-1
2024101396390,2024,101396390,2,1,0,-1,19,5,1,-1,0,8,5,0,0,0,1,1,-1,6,1,55,8,-1,-1,-1,-1,1,E01008398,0,1
2024010494609,2024,010494609,1,11,0,4,4,5,1,0,0,2,0,0,0,0,0,1,1,1,2,53,8,-1,-1,-1,-1,4,E01004038,0,1
2024010513243,2024,010513243,2,9,0,99,99,9,9,99,99,9,9,99,9,99,9,9,6,6,3,-1,-1,-1,-1,-1,-1,-1,-1,0,-1
2024332400262,2024,332400262,2,9,0,-1,19,9,9,-1,0,0,0,0,0,0,1,1,-1,6,3,-1,-1,-1,-1,-1,-1,-1,-1,0,-1
2024061481054,2024,061481054,2,9,0,-1,2,0,0,-1,0,1,0,0,0,0,0,1,-1,6,-1,-1,-1,-1,-1,-1,-1,-1,-1,0,-1
2024520500307,2024,520500307,1,9,0,5,5,7,3,0,0,0,0,0,0,0,3,1,6,6,1,73,10,-1,-1,-1,-1,5,E01029221,0,1
2024052401664,2024,052401664,1,3,0,18,19,1,5,0,0,6,0,0,0,0,1,1,6,6,1,22,5,-1,-1,-1,-1,2,E01012417,0,3
2024991476525,2024,991476525,1,9,0,-1,5,3,5,-1,0,1,0,0,7,0,1,1,-1,2,2,30,6,-1,-1,-1,-1,10,-1,0,1
2024421478110,2024,421478110,3,9,0,-1,9,3,8,-1,0,8,0,0,0,0,4,1,-1,9,2,23,5,-1,-1,-1,-1,7,E01021341,0,1
2024122400297,2024,122400297,2,1,0,7,7,1,7,0,0,3,0,0,0,0,4,1,2,2,2,31,6,-1,-1,-1,-1,5,E01027590,0,1
2024543995324,2024,543995324,1,1,0,15,15,8,4,0,0,1,0,0,0,0,1,1,6,6,1,20,4,-1,-1,-1,-1,4,E01032019,0,1
2024430193788,2024,430193788,1,9,0,5,5,0,5,0,0,8,0,0,0,0,3,1,6,6,1,47,8,-1,-1,-1,-1,-1,-1,0,-1
2024430108959,2024,430108959,1,1,0,9,9,8,6,0,0,5,0,0,0,0,3,1,6,6,1,18,4,-1,-1,-1,-1,9,E01035740,0,1
2024010519719,2024,010519719,2,1,0,17,19,1,5,5,5,1,5,0,0,0,3,1,6,6,1,58,9,-1,-1,-1,-1,7,E01003001,0,1
2024461509503,2024,461509503,1,9,0,-1,19,5,1,-1,0,0,0,0,0,0,1,9,-1,6,3,-1,-1,-1,-1,-1,-1,-1,-1,0,-1
2024131496636,2024,131496636,1,9,0,-1,19,8,4,-1,0,1,0,0,0,0,1,1,-1,6,3,-1,-1,-1,-1,-1,-1,-1,-1,0,-1
2024041481094,2024,041481094,1,9,0,-1,19,1,5,-1,0,0,0,0,0,0,0,9,-1,6,3,-1,-1,-1,-1,-1,-1,-1,-1,0,-1
2024411455808,2024,411455808,2,9,0,-1,19,1,4,-1,0,1,1,0,0,0,3,9,-1,6,3,-1,-1,-1,-1,-1,-1,-1,-1,0,-1
2024371498753,2024,371498753,1,-1,0,-1,19,7,3,-1,9,0,0,0,0,0,1,1,-1,6,1,18,4,-1,-1,-1,-1,-1,-1,1,-1
2024010497178,2024,010497178,1,1,0,18,19,8,4,0,0,1,0,0,0,0,1,1,6,6,1,39,7,-1,-1,-1,-1,6,E01003413,0,3
2024010501017,2024,010501017,1,1,9,99,99,9,9,99,99,9,9,99,9,99,0,1,2,2,1,45,7,-1,-1,-1,-1,4,E01030739,0,2
2024010548645,2024,010548645,1,9,0,99,99,9,9,99,99,3,9,99,9,99,1,9,6,6,3,-1,-1,-1,-1,-1,-1,-1,-1,0,-1
2024070309433,2024,070309433,1,9,0,7,7,8,4,0,0,1,0,0,7,10,1,1,6,6,1,50,8,-1,-1,-1,-1,7,E01012475,0,1
2024131515806,2024,131515806,1,9,0,-1,-1,-1,-1,-1,-1,-1,-1,-1,-1,-1,-1,1,-1,6,3,-1,-1,-1,-1,-1,-1,-1,-1,0,-1
2024041447248,2024,041447248,1,9,0,-1,4,1,5,-1,0,1,1,0,0,0,1,1,-1,7,1,42,7,-1,-1,-1,-1,5,E01012706,0,1
2024451474925,2024,451474925,1,1,0,-1,9,3,1,-1,0,3,1,0,0,0,0,1,-1,9,1,75,10,-1,-1,-1,-1,10,E01030408,0,1
2024131525197,2024,131525197,2,1,0,-1,19,8,4,-1,0,8,0,0,0,0,4,1,-1,2,1,55,8,-1,-1,-1,-1,1,E01011312,0,1
2024141473214,2024,141473214,1,9,0,-1,19,8,4,-1,0,0,0,0,0,0,4,9,-1,6,3,-1,-1,-1,-1,-1,-1,-1,-1,0,-1
2024010550269,2024,010550269,1,1,0,18,19,1,5,0,0,0,2,0,1,0,0,1,6,6,1,61,9,-1,-1,-1,-1,6,E01004517,0,1
2024010494320,2024,010494320,1,3,0,99,99,9,9,99,99,9,9,0,9,99,1,1,1,1,1,52,8,-1,-1,-1,-1,8,E01000281,0,1
2024430149149,2024,430149149,1,9,0,11,11,8,4,0,0,0,0,0,0,0,1,1,6,6,1,-1,-1,-1,-1,-1,-1,-1,-1,0,-1
2024031486757,2024,031486757,2,19,0,-1,4,3,7,-1,0,1,0,0,0,0,1,9,-1,1,1,69,10,-1,-1,-1,-1,9,E01019085,0,4
2024010520664,2024,010520664,4,9,0,18,19,7,3,0,0,1,0,0,0,0,3,1,6,6,2,31,6,-1,-1,-1,-1,-1,-1,0,-1
2024501511210,2024,501511210,2,9,0,-1,19,5,1,-1,0,0,0,0,0,0,2,1,-1,2,2,49,8,-1,-1,-1,-1,6,E01020153,0,3
2024481442464,2024,481442464,1,9,0,-1,3,3,7,-1,0,0,0,0,0,0,4,1,-1,6,1,40,7,-1,-1,-1,-1,-1,-1,0,-1
2024320637775,2024,320637775,1,9,0,-1,-1,1,5,0,0,0,0,0,7,4,1,1,6,6,1,82,11,-1,-1,-1,-1,4,E01025335,0,5
2024451398142,2024,451398142,1,1,0,-1,9,2,7,-1,0,3,0,0,0,0,4,1,-1,2,1,20,4,-1,-1,-1,-1,9,E01030784,0,1
2024010495985,2024,010495985,2,9,0,4,4,5,1,0,0,1,0,0,0,0,2,1,6,6,2,-1,-1,-1,-1,-1,-1,2,E01001441,0,2
2024010544278,2024,010544278,1,9,9,99,99,9,9,99,99,9,9,99,9,99,9,9,6,6,3,-1,-1,-1,-1,-1,-1,-1,-1,0,-1
2024991522363,2024,991522363,2,9,0,-1,19,7,3,-1,0,0,0,0,0,0,2,1,-1,6,2,34,6,-1,-1,-1,-1,9,-1,0,2
2024221402939,2024,221402939,2,1,0,-1,19,4,2,-1,0,8,0,0,0,0,1,1,-1,7,1,39,7,-1,-1,-1,-1,8,E01014130,0,1
2024451514486,2024,451514486,1,1,0,-1,19,1,5,-1,0,0,0,0,0,0,2,1,-1,9,1,30,6,-1,-1,-1,-1,8,E01004627,0,3
2024430053071,2024,430053071,2,9,0,2,2,0,0,0,0,1,0,0,0,0,3,1,6,6,2,45,7,-1,-1,-1,-1,10,E01028764,0,1
2024501474894,2024,501474894,1,9,0,-1,19,1,5,-1,0,0,0,0,0,0,1,1,-1,6,2,55,8,-1,-1,-1,-1,7,E01020047,0,1
2024332400242,2024,332400242,2,9,0,-1,13,5,1,-1,0,0,0,0,0,0,2,1,-1,9,2,-1,-1,-1,-1,-1,-1,7,E01013789,0,2
2024131406160,2024,131406160,2,1,0,-1,19,5,1,-1,0,8,2,0,0,0,1,1,-1,6,1,33,6,-1,-1,-1,-1,7,E01011588,0,1
2024161469811,2024,161469811,2,1,0,-1,19,6,2,-1,4,2,0,0,0,0,3,1,-1,6,1,-1,-1,-1,-1,-1,-1,-1,-1,0,-1
2024471478160,2024,471478160,2,19,0,-1,7,6,8,-1,0,1,0,0,0,0,4,1,-1,6,1,-1,-1,-1,-1,-1,-1,-1,-1,0,-1
2024201558495,2024,201558495,1,9,0,-1,19,8,4,-1,0,0,0,0,0,0,1,9,-1,6,3,-1,-1,-1,-1,-1,-1,-1,-1,0,-1
2024411396740,2024,411396740,1,9,-1,-1,-1,-1,-1,-1,-1,-1,-1,-1,-1,0,-1,9,-1,7,2,35,6,-1,-1,-1,-1,10,E01023878,0,1
2024361483746,2024,361483746,1,1,-1,-1,-1,7,3,-1,-1,-1,-1,-1,-1,0,-1,1,-1,6,3,-1,-1,-1,-1,-1,-1,-1,-1,0,-1
2024440531217,2024,440531217,2,1,0,18,19,8,4,0,0,0,0,0,0,0,3,1,6,6,1,59,9,-1,-1,-1,-1,5,E01023079,0,1
2024311443771,2024,311443771,2,9,5,-1,13,4,1,-1,0,1,0,0,0,0,4,1,-1,6,3,-1,-1,-1,-1,-1,-1,-1,-1,0,-1
2024161455795,2024,161455795,2,1,0,-1,19,2,6,-1,4,0,0,0,0,0,3,1,-1,6,1,66,10,-1,-1,-1,-1,1,E01032595,0,1
2024161482910,2024,161482910,2,9,0,-1,19,5,1,-1,0,8,0,0,0,0,1,9,-1,6,3,-1,-1,-1,-1,-1,-1,-1,-1,0,-1
2024201502913,2024,201502913,1,9,0,-1,19,6,2,-1,0,0,0,4,0,0,1,1,-1,6,1,34,6,-1,-1,-1,-1,2,E01009887,0,1
2024131532968,2024,131532968,2,1,0,-1,12,6,1,-1,0,3,0,0,0,0,4,1,-1,2,1,36,7,-1,-1,-1,-1,3,E01011449,0,1
2024161448974,2024,161448974,1,1,0,-1,19,6,2,-1,0,0,0,0,0,0,1,1,-1,9,1,62,9,-1,-1,-1,-1,6,E01013023,0,1
2024101528040,2024,101528040,4,9,0,-1,19,5,1,-1,0,0,0,0,0,0,1,9,-1,6,3,50,8,-1,-1,-1,-1,-1,-1,0,-1
2024010490060,2024,010490060,2,9,9,99,99,9,9,99,99,9,9,99,9,99,9,9,6,6,3,-1,-1,-1,-1,-1,-1,-1,-1,0,-1
2024481472433,2024,481472433,2,1,0,-1,19,7,3,-1,0,8,0,0,0,0,1,1,-1,6,1,21,5,-1,-1,-1,-1,-1,-1,0,-1
2024061474605,2024,061474605,2,1,0,-1,9,3,1,-1,0,8,0,0,0,0,1,1,-1,6,1,18,4,-1,-1,-1,-1,1,E01005484,0,1
2024010488627,2024,010488627,1,9,0,18,19,5,1,0,0,2,0,0,0,0,1,1,2,2,2,35,6,-1,-1,-1,-1,5,E01002398,0,1
2024010533208,2024,010533208,1,9,9,99,99,9,9,99,99,9,9,99,9,99,9,9,6,6,3,-1,-1,-1,-1,-1,-1,-1,-1,0,-1
2024351449009,2024,351449009,1,98,1,-1,9,3,7,-1,0,0,0,0,0,0,3,2,-1,1,1,45,7,-1,-1,-1,-1,-1,-1,0,-1
2024501416117,2024,501416117,1,19,4,-1,19,8,4,-1,0,0,0,0,0,0,4,9,-1,6,1,-1,-1,-1,-1,-1,-1,-1,-1,0,-1
2024211443384,2024,211443384,1,9,0,-1,19,5,1,-1,0,3,0,0,0,0,4,1,-1,6,1,26,6,-1,-1,-1,-1,-1,-1,0,-1
2024430578498,2024,430578498,2,1,0,18,19,5,1,0,0,8,0,0,0,0,1,1,6,6,1,28,6,-1,-1,-1,-1,-1,-1,0,-1
2024131473243,2024,131473243,2,1,0,-1,3,0,0,-1,9,0,0,0,0,0,4,1,-1,7,1,13,3,-1,-1,-1,-1,3,E01011908,0,1
2024141484959,2024,141484959,2,9,0,-1,19,2,6,-1,0,0,0,0,0,0,1,9,-1,6,3,-1,-1,-1,-1,-1,-1,-1,-1,0,-1
2024302401449,2024,302401449,1,98,0,18,19,5,1,0,0,0,0,0,0,0,1,1,6,6,1,30,6,-1,-1,-1,-1,2,E01013598,0,4
2024547215524,2024,547215524,1,90,0,13,13,1,5,0,0,3,0,0,0,0,4,1,6,6,1,25,5,-1,-1,-1,-1,4,E01015492,0,1
2024311475229,2024,311475229,2,97,0,-1,19,8,4,-1,0,2,2,0,0,0,1,1,-1,9,1,21,5,-1,-1,-1,-1,1,E01013826,0,1
2024340WN0582,2024,340WN0582,2,19,0,-1,19,0,0,-1,0,8,0,0,0,0,3,1,-1,6,1,-1,-1,-1,-1,-1,-1,-1,-1,0,-1
2024552401429,2024,552401429,1,9,0,9,9,4,2,0,0,5,0,0,0,0,1,1,6,6,3,-1,-1,-1,-1,-1,-1,-1,-1,0,-1
2024302400294,2024,302400294,1,8,0,1,1,6,2,9,9,1,0,0,0,0,2,1,6,6,3,-1,-1,-1,-1,-1,-1,5,E01019456,0,3
2024550340205,2024,550340205,1,9,0,16,19,6,1,0,0,0,1,0,7,10,1,1,6,6,1,18,4,-1,-1,-1,-1,-1,-1,0,-1
2024991444876,2024,991444876,1,1,0,-1,19,7,3,-1,0,0,0,11,0,0,4,1,-1,6,1,67,10,-1,-1,-1,-1,10,-1,0,4
2024461465111,2024,461465111,1,9,0,-1,19,8,4,-1,0,0,0,0,0,0,1,1,-1,6,1,37,7,-1,-1,-1,-1,5,E01024561,0,3
2024522401589,2024,522401589,1,1,0,9,9,1,6,0,0,5,0,0,0,0,2,1,6,6,1,21,5,-1,-1,-1,-1,7,E01017376,0,5
2024010491345,2024,010491345,2,9,0,99,99,9,9,0,0,9,0,0,9,0,9,1,6,6,3,-1,-1,-1,-1,-1,-1,4,E01000466,0,3
2024501471720,2024,501471720,2,9,0,-1,19,4,2,-1,0,0,0,0,0,0,1,1,-1,9,1,19,4,-1,-1,-1,-1,4,E01020289,0,4
2024201436475,2024,201436475,1,9,0,-1,5,1,5,-1,0,6,0,0,0,0,1,1,-1,6,2,-1,-1,-1,-1,-1,-1,-1,-1,0,-1
2024548475024,2024,548475024,2,9,0,18,19,3,7,0,0,1,0,0,0,0,1,1,6,6,1,-1,-1,-1,-1,-1,-1,-1,-1,0,-1
2024361513552,2024,361513552,2,9,0,-1,3,7,7,-1,0,1,0,0,0,0,0,1,-1,6,2,42,7,-1,-1,-1,-1,1,E01026666,0,1
2024010550989,2024,010550989,2,19,9,18,19,5,1,99,99,1,9,99,9,99,9,9,6,6,3,-1,-1,-1,-1,-1,-1,-1,-1,0,-1
2024520401284,2024,520401284,1,9,0,18,19,1,5,0,0,8,0,0,0,0,1,1,6,6,1,31,6,-1,-1,-1,-1,7,E01029056,0,1