collision_index,collision_year,collision_ref_no,vehicle_reference,vehicle_type,towing_and_articulation,vehicle_manoeuvre_historic,vehicle_manoeuvre,vehicle_direction_from,vehicle_direction_to,vehicle_location_restricted_lane_historic,vehicle_location_restricted_lane,junction_location,skidding_and_overturning,hit_object_in_carriageway,vehicle_leaving_carriageway,hit_object_off_carriageway,first_point_of_impact,vehicle_left_hand_drive,journey_purpose_of_driver_historic,journey_purpose_of_driver,sex_of_driver,age_of_driver,age_band_of_driver,engine_capacity_cc,propulsion_code,age_of_vehicle,generic_make_model,driver_imd_decile,lsoa_of_driver,escooter_flag,driver_distance_banding
2024201429057,2024,201429057,1,19,0,-1,19,4,8,-1,0,0,0,0,0,0,3,1,-1,6,3,-1,-1,-1,-1,-1,-1,-1,-1,0,-1
2024501471035,2024,501471035,1,9,0,-1,19,5,1,-1,0,0,0,0,0,0,4,1,-1,2,1,52,8,-1,-1,-1,-1,10,E01022709,0,5
2024221439765,2024,221439765,2,5,0,-1,13,3,7,-1,0,8,0,0,0,0,1,1,-1,9,1,40,7,-1,-1,-1,-1,10,E01032361,0,1
2024430089893,2024,430089893,1,9,0,18,19,4,8,0,0,0,1,11,0,0,1,1,1,1,1,58,9,-1,-1,-1,-1,10,E01017796,0,1
2024041472502,2024,041472502,2,1,0,-1,19,4,8,-1,9,1,0,0,0,0,1,1,-1,9,1,13,3,-1,-1,-1,-1,6,E01025495,0,1
2024010526949,2024,010526949,1,9,0,18,19,7,3,0,0,0,0,0,0,0,1,1,6,6,3,-1,-1,-1,-1,-1,-1,-1,-1,0,-1
2024371450522,2024,371450522,2,1,0,-1,19,1,5,-1,0,0,0,0,0,0,1,1,-1,2,1,22,5,-1,-1,-1,-1,5,E01030001,0,1
2024041438952,2024,041438952,1,9,0,-1,19,8,4,-1,0,1,2,0,8,2,1,1,-1,2,1,23,5,-1,-1,-1,-1,1,E01025184,0,1
2024010508958,2024,010508958,1,1,9,99,99,9,9,99,99,9,9,99,9,99,9,1,6,6,2,30,6,-1,-1,-1,-1,6,E01000629,0,1
2024010521135,2024,010521135,2,1,9,18,19,6,2,0,0,9,9,99,0,0,9,1,6,6,1,17,4,-1,-1,-1,-1,4,E01001934,0,1
2024122500051,2024,122500051,1,9,0,18,19,7,3,0,0,0,0,0,0,0,1,1,2,2,1,19,4,-1,-1,-1,-1,3,E01025374,0,4
2024302400569,2024,302400569,1,9,0,8,8,6,1,0,0,1,0,0,0,0,3,1,6,6,2,58,9,-1,-1,-1,-1,9,E01019671,0,1
2024010542496,2024,010542496,2,3,0,99,99,9,9,99,99,9,9,99,9,99,9,1,6,6,3,-1,-1,-1,-1,-1,-1,-1,-1,0,-1
2024041530238,2024,041530238,2,9,0,-1,19,5,5,-1,0,1,0,0,0,0,1,1,-1,9,1,76,11,-1,-1,-1,-1,2,E01012696,0,1
2024311439379,2024,311439379,1,9,0,-1,19,5,1,-1,0,0,0,0,0,0,2,9,-1,6,3,18,4,-1,-1,-1,-1,-1,-1,0,-1
2024430113607,2024,430113607,2,19,0,9,9,6,7,0,0,5,0,0,0,0,3,1,6,6,1,-1,-1,-1,-1,-1,-1,-1,-1,0,-1
2024010506091,2024,010506091,1,1,0,18,19,1,5,2,2,1,0,0,1,0,1,1,2,2,1,38,7,-1,-1,-1,-1,5,E01033208,0,1
2024471464064,2024,471464064,2,9,0,-1,12,4,1,-1,0,1,0,0,0,0,2,1,-1,6,3,-1,-1,-1,-1,-1,-1,-1,-1,0,-1
2024451454175,2024,451454175,2,9,0,-1,5,-1,-1,-1,0,0,0,99,0,0,3,1,-1,6,3,-1,-1,-1,-1,-1,-1,-1,-1,0,-1
2024340WN2912,2024,340WN2912,2,9,0,-1,4,1,5,-1,0,1,0,0,0,0,2,1,-1,6,1,-1,-1,-1,-1,-1,-1,-1,-1,0,-1
2024010498475,2024,010498475,1,9,0,18,19,3,7,0,0,1,0,0,0,0,4,1,6,6,3,-1,-1,-1,-1,-1,-1,-1,-1,0,-1
2024031424722,2024,031424722,1,9,0,-1,19,1,5,-1,0,1,0,0,1,4,1,1,-1,2,1,32,6,-1,-1,-1,-1,2,E01019277,0,2
2024622400732,2024,622400732,2,1,0,4,4,1,5,0,0,0,1,0,0,0,2,1,6,6,1,47,8,-1,-1,-1,-1,3,W01000739,0,2
2024131514930,2024,131514930,2,1,0,-1,19,1,5,-1,9,0,0,0,0,0,0,1,-1,6,1,30,6,-1,-1,-1,-1,1,E01011756,0,1
2024411432099,2024,411432099,2,9,-1,-1,-1,-1,-1,-1,0,0,-1,-1,-1,0,2,9,-1,6,3,-1,-1,-1,-1,-1,-1,-1,-1,0,-1
2024010523793,2024,010523793,1,1,0,18,19,2,6,5,5,1,2,0,0,0,1,1,2,2,1,34,6,-1,-1,-1,-1,2,E01002633,0,1
2024010546600,2024,010546600,1,1,9,99,99,9,9,99,99,9,9,99,9,99,1,1,2,2,1,39,7,-1,-1,-1,-1,3,E01003496,0,1
202454D186724,2024,54D186724,2,1,0,5,5,6,2,0,0,5,0,0,0,0,4,1,2,2,1,49,8,-1,-1,-1,-1,7,E01015520,0,2
2024010542734,2024,010542734,1,9,0,18,19,3,7,0,0,1,0,0,0,0,1,1,6,6,3,-1,-1,-1,-1,-1,-1,-1,-1,0,-1
2024010537748,2024,010537748,2,9,0,6,6,1,1,0,0,1,0,0,0,0,1,1,6,6,3,-1,-1,-1,-1,-1,-1,-1,-1,0,-1
2024131404055,2024,131404055,1,8,0,-1,4,4,6,-1,0,1,0,0,0,0,2,1,-1,1,1,38,7,-1,-1,-1,-1,1,E01011422,0,1
2024471517146,2024,471517146,1,9,0,-1,9,6,3,-1,0,1,0,0,0,0,1,1,-1,1,1,38,7,-1,-1,-1,-1,6,E01035332,0,4
2024211519506,2024,211519506,1,99,0,-1,19,3,7,-1,0,0,0,0,0,0,4,9,-1,6,3,21,5,-1,-1,-1,-1,-1,-1,0,-1
2024501529943,2024,501529943,1,9,0,-1,19,5,1,-1,0,0,1,0,2,0,1,1,-1,9,1,22,5,-1,-1,-1,-1,6,E01023002,0,5
2024544506024,2024,544506024,1,9,0,9,9,4,8,0,0,0,0,0,0,0,1,1,6,6,2,66,10,-1,-1,-1,-1,5,E01020397,0,3
2024161482513,2024,161482513,1,1,0,-1,19,4,8,-1,0,1,0,0,0,0,2,1,-1,6,2,33,6,-1,-1,-1,-1,4,E01012772,0,1
2024010493259,2024,010493259,1,11,0,18,19,1,5,0,0,1,0,0,0,0,0,1,2,2,1,36,7,-1,-1,-1,-1,9,E01000686,0,1
2024131486475,2024,131486475,1,9,0,-1,9,8,5,-1,0,8,0,0,0,0,3,1,-1,1,1,38,7,-1,-1,-1,-1,5,E01009946,0,5
2024010527724,2024,010527724,2,9,0,99,99,9,9,99,99,0,9,99,9,99,9,9,6,6,3,-1,-1,-1,-1,-1,-1,-1,-1,0,-1
2024430528676,2024,430528676,1,8,0,18,19,8,4,0,0,0,0,0,0,0,1,1,6,6,3,-1,-1,-1,-1,-1,-1,-1,-1,0,-1
2024522500312,2024,522500312,1,1,0,9,9,7,6,0,0,3,0,0,0,0,4,1,6,6,1,24,5,-1,-1,-1,-1,2,E01014489,0,1
2024161506870,2024,161506870,2,9,0,-1,19,5,1,-1,2,1,0,0,0,0,9,9,-1,6,1,-1,-1,-1,-1,-1,-1,-1,-1,0,-1
2024041556245,2024,041556245,2,9,0,-1,19,3,7,-1,0,0,0,0,0,0,4,1,-1,9,2,66,10,-1,-1,-1,-1,7,E01025174,0,3
2024010499536,2024,010499536,2,9,0,99,99,9,9,99,99,9,9,99,9,99,2,9,6,6,3,-1,-1,-1,-1,-1,-1,-1,-1,0,-1
2024010492107,2024,010492107,2,1,0,18,19,1,5,0,0,1,0,0,0,0,4,1,6,6,1,37,7,-1,-1,-1,-1,3,E01001262,0,1
2024161496576,2024,161496576,2,1,0,-1,19,3,7,-1,0,8,0,0,0,0,2,1,-1,6,1,37,7,-1,-1,-1,-1,5,E01012819,0,1
2024010494063,2024,010494063,1,8,0,99,99,9,9,99,99,9,9,99,9,99,2,9,1,1,1,48,8,-1,-1,-1,-1,3,E01000800,0,1
2024131452684,2024,131452684,2,1,0,-1,19,3,3,-1,0,0,0,0,0,0,1,1,-1,9,1,56,9,-1,-1,-1,-1,1,E01011677,0,1
2024010537110,2024,010537110,1,23,0,18,19,3,7,0,0,1,0,0,0,0,1,1,6,6,3,-1,-1,-1,-1,-1,-1,-1,-1,0,-1
2024201451146,2024,201451146,1,9,0,-1,19,6,2,-1,0,6,0,0,0,0,0,1,-1,6,2,-1,-1,-1,-1,-1,-1,-1,-1,0,-1
2024122401022,2024,122401022,2,9,0,2,2,0,0,0,0,0,0,0,0,0,2,1,6,6,3,-1,-1,-1,-1,-1,-1,-1,-1,0,-1
2024311421758,2024,311421758,1,1,0,-1,19,3,7,-1,0,6,0,0,0,0,4,1,-1,9,1,18,4,-1,-1,-1,-1,-1,-1,0,-1
2024010488557,2024,010488557,1,9,0,9,9,4,2,0,0,8,0,0,0,0,1,1,6,6,1,52,8,-1,-1,-1,-1,8,E01002164,0,1
2024010493775,2024,010493775,1,9,0,18,19,5,1,0,0,1,0,0,0,0,0,1,1,1,1,34,6,-1,-1,-1,-1,7,E01003013,0,2
2024041481975,2024,041481975,1,9,0,-1,15,2,6,-1,0,0,0,0,0,0,1,1,-1,9,1,47,8,-1,-1,-1,-1,6,E01004910,0,4
2024131449846,2024,131449846,1,9,0,-1,-1,-1,-1,-1,-1,8,-1,-1,-1,0,-1,1,-1,6,3,50,8,-1,-1,-1,-1,-1,-1,0,-1
2024201499565,2024,201499565,1,9,0,-1,5,5,7,-1,0,2,0,0,0,0,4,1,-1,6,-1,-1,-1,-1,-1,-1,-1,-1,-1,0,-1
2024101471215,2024,101471215,2,1,0,-1,19,3,7,-1,0,0,0,0,0,0,2,1,-1,9,2,54,8,-1,-1,-1,-1,6,E01004919,0,5
2024531534760,2024,531534760,1,9,0,-1,19,1,5,-1,0,0,5,0,7,0,1,1,-1,9,1,37,7,-1,-1,-1,-1,8,E01022141,0,3
2024531491491,2024,531491491,1,9,0,-1,19,8,4,-1,0,1,0,0,0,0,1,9,-1,6,1,-1,-1,-1,-1,-1,-1,-1,-1,0,-1
2024991491248,2024,991491248,1,-1,0,-1,19,3,7,-1,0,0,0,0,0,0,1,1,-1,6,1,14,3,-1,-1,-1,-1,-1,-1,1,-1
2024010517994,2024,010517994,2,1,0,18,19,4,8,4,4,1,0,0,0,0,2,1,6,6,1,40,7,-1,-1,-1,-1,5,E01000928,0,1
2024302400126,2024,302400126,1,9,0,9,9,7,5,0,0,6,0,0,0,0,1,1,6,6,1,69,10,-1,-1,-1,-1,8,E01019423,0,1
2024451496456,2024,451496456,2,9,0,-1,4,-1,-1,-1,99,4,0,0,0,0,9,1,-1,6,1,40,7,-1,-1,-1,-1,-1,-1,0,-1
2024991410018,2024,991410018,2,9,0,-1,5,3,5,-1,0,4,0,0,0,0,1,2,-1,2,1,45,7,-1,-1,-1,-1,10,-1,0,2
2024010526737,2024,010526737,2,8,0,99,99,9,9,99,99,9,9,99,9,99,9,9,6,6,3,-1,-1,-1,-1,-1,-1,2,E01001631,0,3
2024471518357,2024,471518357,2,9,0,-1,4,-1,-1,-1,0,0,0,0,0,0,-1,9,-1,6,3,-1,-1,-1,-1,-1,-1,-1,-1,0,-1
2024430461015,2024,430461015,1,9,0,7,7,3,6,0,0,5,0,0,0,0,1,1,6,6,3,-1,-1,-1,-1,-1,-1,-1,-1,0,-1
2024010496118,2024,010496118,2,9,0,99,99,9,9,99,99,9,9,99,9,99,1,9,6,6,3,-1,-1,-1,-1,-1,-1,-1,-1,0,-1
2024141501592,2024,141501592,1,1,0,-1,19,5,1,-1,0,0,5,0,0,0,2,1,-1,6,2,45,7,-1,-1,-1,-1,5,E01008042,0,1
2024311433597,2024,311433597,2,1,0,-1,19,7,3,-1,0,1,0,0,0,0,1,1,-1,7,1,12,3,-1,-1,-1,-1,-1,-1,0,-1
2024010492018,2024,010492018,2,9,0,99,99,9,9,99,99,9,9,99,9,99,1,9,6,6,3,-1,-1,-1,-1,-1,-1,10,E01033609,0,4
2024231497700,2024,231497700,2,1,0,-1,19,6,2,-1,9,8,0,0,0,0,4,1,-1,9,1,16,4,-1,-1,-1,-1,7,E01031293,0,1
2024010534524,2024,010534524,1,9,0,9,9,5,4,0,0,1,0,0,0,0,3,1,6,6,1,20,4,-1,-1,-1,-1,2,E01033584,0,1
2024430604447,2024,430604447,1,9,0,18,19,1,5,0,0,4,0,0,0,0,1,1,6,6,1,75,10,-1,-1,-1,-1,6,E01016297,0,1
2024010491191,2024,010491191,1,9,0,9,9,5,3,0,0,8,0,0,0,0,1,1,2,2,2,27,6,-1,-1,-1,-1,5,E01003449,0,1
2024430483824,2024,430483824,1,-1,0,18,19,8,4,9,9,8,0,0,0,0,1,1,2,2,2,17,4,-1,-1,-1,-1,-1,-1,1,-1
2024010514363,2024,010514363,1,1,0,3,3,5,1,0,0,2,0,0,0,0,4,1,1,1,1,36,7,-1,-1,-1,-1,8,E01000678,0,2
2024131517428,2024,131517428,1,1,0,-1,19,3,7,-1,2,0,0,0,0,0,1,1,-1,9,1,43,7,-1,-1,-1,-1,1,E01011364,0,1
2024010505104,2024,010505104,2,9,9,99,99,9,9,99,99,9,9,99,9,99,1,9,6,6,3,-1,-1,-1,-1,-1,-1,-1,-1,0,-1
2024440201160,2024,440201160,1,1,0,7,7,8,2,0,0,8,0,0,0,0,1,1,2,2,1,47,8,-1,-1,-1,-1,8,E01022472,0,1
2024010555671,2024,010555671,2,9,0,99,99,9,9,99,99,9,9,99,9,99,9,9,6,6,3,-1,-1,-1,-1,-1,-1,-1,-1,0,-1
2024010497970,2024,010497970,2,1,0,5,5,3,7,0,0,2,0,0,0,0,4,1,2,2,2,36,7,-1,-1,-1,-1,4,E01004337,0,1
2024622400622,2024,622400622,2,1,0,18,19,7,3,0,0,1,0,0,0,0,1,1,6,6,1,21,5,-1,-1,-1,-1,1,W01001174,0,1
2024010545790,2024,010545790,1,1,9,99,99,9,9,99,99,9,9,99,9,99,1,1,2,2,1,70,10,-1,-1,-1,-1,9,E01003847,0,1
2024010525428,2024,010525428,2,-1,0,18,19,5,1,9,9,1,0,0,0,0,4,1,6,6,2,12,3,-1,-1,-1,-1,1,E01002758,1,1
2024552400884,2024,552400884,1,19,0,18,19,1,5,9,9,0,0,0,0,0,4,1,6,6,3,-1,-1,-1,-1,-1,-1,-1,-1,0,-1
2024010513383,2024,010513383,1,1,9,99,99,9,9,99,99,9,9,99,9,99,9,1,6,6,1,54,8,-1,-1,-1,-1,7,E01032573,0,1
2024061439253,2024,061439253,2,9,0,-1,19,5,1,-1,0,2,0,0,0,0,1,9,-1,6,1,30,6,-1,-1,-1,-1,-1,-1,0,-1
2024101490201,2024,101490201,1,19,0,-1,19,4,7,-1,2,8,0,0,0,0,0,1,-1,6,3,-1,-1,-1,-1,-1,-1,-1,-1,0,-1
2024010531052,2024,010531052,1,20,0,99,99,9,9,99,99,9,9,99,9,99,9,9,6,6,3,-1,-1,-1,-1,-1,-1,-1,-1,0,-1
2024440050130,2024,440050130,2,19,0,18,19,2,6,0,0,2,0,0,0,0,1,1,6,6,1,-1,-1,-1,-1,-1,-1,-1,-1,0,-1
2024221498581,2024,221498581,1,9,0,-1,19,4,8,-1,0,0,5,4,0,0,1,1,-1,6,1,67,10,-1,-1,-1,-1,5,E01028872,0,1
2024501406827,2024,501406827,2,1,0,-1,19,7,3,-1,0,8,0,0,0,0,1,1,-1,2,2,26,6,-1,-1,-1,-1,3,E01020096,0,1
2024122400177,2024,122400177,1,9,0,18,19,3,7,0,0,0,0,0,1,4,1,1,6,6,2,17,4,-1,-1,-1,-1,6,E01027775,0,1
2024010537805,2024,010537805,1,1,9,99,99,9,9,99,99,9,9,99,9,99,0,1,2,2,2,25,5,-1,-1,-1,-1,3,E01034218,0,3
2024371529072,2024,371529072,1,9,0,-1,19,5,1,-1,0,0,0,0,1,0,1,1,-1,6,2,67,10,-1,-1,-1,-1,5,E01030241,0,1
2024010519523,2024,010519523,1,1,9,99,99,9,9,99,99,9,9,99,9,99,2,1,6,6,3,-1,-1,-1,-1,-1,-1,-1,-1,0,-1
2024061471222,2024,061471222,1,19,0,-1,19,7,3,-1,0,1,0,0,0,0,-1,9,-1,6,3,-1,-1,-1,-1,-1,-1,-1,-1,0,-1
2024201492424,2024,201492424,2,9,0,-1,19,2,6,-1,0,8,0,0,0,0,2,1,-1,6,3,-1,-1,-1,-1,-1,-1,-1,-1,0,-1
2024351432222,2024,351432222,1,9,4,-1,4,5,1,-1,0,0,0,0,0,0,1,1,-1,1,1,49,8,-1,-1,-1,-1,6,E01026332,0,4
2024010542435,2024,010542435,1,1,0,5,5,0,1,0,0,6,0,0,3,0,3,1,6,6,2,22,5,-1,-1,-1,-1,3,E01004287,0,2
2024351513001,2024,351513001,1,9,0,-1,19,7,3,-1,0,0,0,0,0,0,1,1,-1,1,1,19,4,-1,-1,-1,-1,6,E01034442,0,1
2024340WN1812,2024,340WN1812,1,11,0,-1,7,3,7,-1,0,1,0,0,0,0,4,1,-1,1,1,-1,-1,-1,-1,-1,-1,-1,-1,0,-1
2024471475489,2024,471475489,2,9,0,-1,19,8,3,-1,0,1,0,0,0,0,1,1,-1,6,1,-1,-1,-1,-1,-1,-1,5,E01031465,0,2
2024302400202,2024,302400202,1,9,0,18,19,4,8,0,0,0,0,0,0,0,1,1,6,6,2,25,5,-1,-1,-1,-1,8,E01019713,0,2
2024471497174,2024,471497174,2,9,0,-1,19,1,5,-1,0,1,0,0,0,0,4,9,-1,6,3,-1,-1,-1,-1,-1,-1,-1,-1,0,-1
2024332400763,2024,332400763,1,9,0,-1,19,8,4,-1,0,0,0,0,1,4,1,1,-1,9,1,29,6,-1,-1,-1,-1,10,E01025859,0,2
2024010518902,2024,010518902,2,97,0,18,19,1,5,0,0,8,0,0,0,0,4,1,6,6,3,-1,-1,-1,-1,-1,-1,-1,-1,0,-1
2024231409748,2024,231409748,1,9,0,-1,19,6,2,-1,0,0,0,0,0,0,1,1,-1,6,1,59,9,-1,-1,-1,-1,7,E01031224,0,2
2024332400167,2024,332400167,2,9,0,-1,5,5,1,-1,0,6,0,0,0,0,1,1,-1,6,3,-1,-1,-1,-1,-1,-1,-1,-1,0,-1
2024010491378,2024,010491378,1,1,0,18,19,5,1,0,0,8,0,0,0,0,1,1,2,2,1,29,6,-1,-1,-1,-1,2,E01001388,0,2
2024061519369,2024,061519369,1,1,0,-1,19,6,2,-1,0,8,0,99,0,0,3,1,-1,6,1,20,4,-1,-1,-1,-1,2,E01005538,0,1
2024010492077,2024,010492077,1,3,0,99,99,9,9,99,99,9,9,99,9,99,9,1,2,2,1,23,5,-1,-1,-1,-1,7,E01000196,0,2
2024440404153,2024,440404153,3,9,0,2,2,0,0,0,0,0,0,0,0,0,2,1,6,6,3,-1,-1,-1,-1,-1,-1,-1,-1,0,-1
2024631475866,2024,631475866,1,9,0,-1,5,2,8,-1,0,6,0,0,3,10,3,1,-1,9,1,24,5,-1,-1,-1,-1,7,W01000429,0,1
2024010551406,2024,010551406,2,9,0,18,19,5,1,0,0,8,0,0,0,0,1,1,6,6,1,24,5,-1,-1,-1,-1,7,E01033960,0,4
2024501500055,2024,501500055,1,9,0,-1,13,7,3,-1,0,0,0,0,0,0,4,9,-1,6,-1,-1,-1,-1,-1,-1,-1,-1,-1,0,-1
2024991453299,2024,991453299,2,1,0,-1,14,6,2,-1,0,2,0,0,0,0,1,1,-1,6,1,55,8,-1,-1,-1,-1,10,-1,0,1
2024131456088,2024,131456088,2,1,0,-1,19,7,3,-1,9,8,0,0,0,0,1,1,-1,1,1,35,6,-1,-1,-1,-1,7,E01013363,0,4
2024531513324,2024,531513324,1,9,0,-1,13,3,7,-1,0,0,0,0,0,0,4,1,-1,9,1,46,8,-1,-1,-1,-1,10,E01022105,0,1
2024010487505,2024,010487505,1,9,0,7,7,7,2,2,2,1,0,0,0,0,1,1,6,6,1,25,5,-1,-1,-1,-1,4,E01000402,0,1
2024440549697,2024,440549697,1,9,0,9,9,3,1,0,0,6,1,0,0,0,1,1,6,6,2,49,8,-1,-1,-1,-1,2,E01017168,0,1
2024471443579,2024,471443579,1,19,0,-1,19,2,6,-1,0,1,0,0,0,0,4,1,-1,6,3,-1,-1,-1,-1,-1,-1,-1,-1,0,-1
2024461398370,2024,461398370,2,1,0,-1,3,5,1,-1,0,1,5,0,0,0,1,1,-1,6,1,-1,-1,-1,-1,-1,-1,2,E01033215,0,1
2024481564406,2024,481564406,2,1,0,-1,15,1,5,-1,0,0,0,0,0,0,3,1,-1,2,1,32,6,-1,-1,-1,-1,-1,-1,0,-1
2024440247392,2024,440247392,1,1,0,18,19,3,7,0,0,0,0,10,0,0,4,1,6,6,1,10,2,-1,-1,-1,-1,8,E01022654,0,1
2024302400079,2024,302400079,2,9,0,18,19,6,2,0,0,0,0,0,0,0,0,1,6,6,3,-1,-1,-1,-1,-1,-1,5,E01019456,0,3
2024451516742,2024,451516742,2,9,0,-1,19,7,3,-1,0,0,0,0,0,0,1,1,-1,6,1,40,7,-1,-1,-1,-1,-1,-1,0,-1
2024430260682,2024,430260682,1,1,0,18,19,5,1,9,9,1,0,0,0,0,1,1,1,1,2,35,6,-1,-1,-1,-1,6,E01028580,0,1
2024061489224,2024,061489224,1,9,0,-1,14,1,3,-1,0,1,0,4,0,0,3,1,-1,6,3,20,4,-1,-1,-1,-1,-1,-1,0,-1
2024361480404,2024,361480404,1,9,0,-1,19,1,5,-1,0,0,0,0,0,0,1,1,-1,6,3,55,8,-1,-1,-1,-1,-1,-1,0,-1
2024440427644,2024,440427644,2,9,0,13,13,1,5,0,0,0,0,0,0,0,1,1,6,6,1,-1,-1,-1,-1,-1,-1,-1,-1,0,-1
2024161450583,2024,161450583,1,9,0,-1,19,2,6,-1,0,0,0,0,0,0,1,1,-1,6,3,-1,-1,-1,-1,-1,-1,-1,-1,0,-1
2024211487806,2024,211487806,2,9,0,-1,19,3,7,-1,0,8,0,0,0,0,1,1,-1,9,2,42,7,-1,-1,-1,-1,-1,-1,0,-1
2024010493694,2024,010493694,9,9,0,2,2,0,0,0,0,0,0,0,0,0,3,1,6,6,3,-1,-1,-1,-1,-1,-1,-1,-1,0,-1
2024041439692,2024,041439692,2,16,0,-1,19,6,2,-1,0,0,0,0,0,0,0,1,-1,9,1,23,5,-1,-1,-1,-1,3,E01025391,0,1
2024211396150,2024,211396150,1,9,0,-1,4,1,5,-1,0,0,0,0,0,0,1,9,-1,2,2,20,4,-1,-1,-1,-1,9,E01009814,0,1
2024440145903,2024,440145903,1,-1,0,18,19,7,3,0,0,1,0,0,0,0,0,1,6,6,1,76,11,-1,-1,-1,-1,5,E01022937,1,1
2024461460316,2024,461460316,1,99,0,-1,99,1,5,-1,0,4,0,0,0,0,1,9,-1,6,3,-1,-1,-1,-1,-1,-1,-1,-1,0,-1
2024010512757,2024,010512757,1,1,9,99,99,9,9,99,99,9,9,99,9,99,9,1,2,2,1,32,6,-1,-1,-1,-1,4,E01003096,0,1
2024522402567,2024,522402567,1,-1,0,18,19,1,5,0,0,2,0,4,0,0,1,1,6,6,1,18,4,-1,-1,-1,-1,9,E01014943,1,1
2024332400423,2024,332400423,1,1,0,-1,5,6,2,-1,0,1,0,0,0,0,3,1,-1,9,1,41,7,-1,-1,-1,-1,5,E01025716,0,1
2024010495749,2024,010495749,1,9,0,5,5,0,1,0,0,1,0,0,0,0,1,1,6,6,1,26,6,-1,-1,-1,-1,10,E01000272,0,1
2024461416763,2024,461416763,1,-1,0,-1,19,7,3,-1,0,1,0,0,0,0,4,1,-1,9,2,37,7,-1,-1,-1,-1,3,E01001764,1,4
2024430247277,2024,430247277,1,9,0,9,9,3,1,0,0,8,0,0,0,0,1,1,6,6,1,32,6,-1,-1,-1,-1,-1,-1,0,-1
2024430129830,2024,430129830,1,9,0,18,19,3,7,0,0,1,0,0,0,0,4,1,1,1,1,56,9,-1,-1,-1,-1,-1,-1,0,-1
2024302401148,2024,302401148,1,9,0,17,19,2,8,0,0,8,0,0,0,0,4,2,6,6,2,65,9,-1,-1,-1,-1,1,E01013496,0,1
2024061512849,2024,061512849,2,1,0,-1,19,7,3,-1,0,1,0,0,0,0,3,1,-1,6,1,20,4,-1,-1,-1,-1,1,E01005186,0,1
2024010531768,2024,010531768,2,9,0,99,99,9,9,99,99,0,9,99,9,99,9,9,6,6,3,-1,-1,-1,-1,-1,-1,3,E01003524,0,1
2024311469712,2024,311469712,1,9,0,-1,19,2,6,-1,0,8,0,0,0,0,1,9,-1,6,3,-1,-1,-1,-1,-1,-1,-1,-1,0,-1
2024131465367,2024,131465367,1,9,0,-1,-1,-1,-1,-1,-1,-1,-1,-1,-1,-1,-1,1,-1,6,3,-1,-1,-1,-1,-1,-1,-1,-1,0,-1
2024481564366,2024,481564366,1,1,0,-1,19,3,7,-1,5,0,0,0,0,0,1,1,-1,9,1,33,6,-1,-1,-1,-1,-1,-1,0,-1
2024440428791,2024,440428791,1,1,0,18,19,3,7,0,0,2,0,0,0,0,3,1,6,6,1,21,5,-1,-1,-1,-1,2,E01017156,0,1
2024351509498,2024,351509498,2,9,0,-1,19,7,1,-1,0,3,0,0,0,0,1,9,-1,6,3,-1,-1,-1,-1,-1,-1,-1,-1,0,-1
2024010530687,2024,010530687,1,1,9,99,99,9,9,99,99,9,9,99,9,99,9,1,6,6,1,25,5,-1,-1,-1,-1,4,E01035670,0,1
2024430009146,2024,430009146,2,9,0,9,9,5,2,0,0,6,0,0,0,0,3,1,6,6,1,46,8,-1,-1,-1,-1,8,E01017886,0,2
2024471435575,2024,471435575,2,1,0,-1,19,7,3,-1,0,0,1,0,0,0,4,1,-1,7,1,11,3,-1,-1,-1,-1,7,E01034829,0,1
2024010518079,2024,010518079,2,9,0,9,9,8,5,0,0,6,0,0,0,0,1,1,6,6,3,-1,-1,-1,-1,-1,-1,-1,-1,0,-1
2024320180983,2024,320180983,2,1,0,-1,-1,6,2,9,9,8,0,0,0,0,1,1,6,6,1,14,3,-1,-1,-1,-1,7,E01026096,0,1
2024010511803,2024,010511803,1,19,0,99,99,9,9,99,99,9,9,99,9,99,1,9,6,6,3,-1,-1,-1,-1,-1,-1,-1,-1,0,-1
202460Q070293,2024,60Q070293,1,9,0,9,9,5,3,0,0,1,0,0,0,0,3,1,6,6,2,76,11,-1,-1,-1,-1,-1,-1,0,-1
2024061456534,2024,061456534,1,97,0,-1,9,4,8,-1,0,0,5,0,0,0,1,1,-1,6,1,15,3,-1,-1,-1,-1,1,E01005459,0,1
2024552400917,2024,552400917,1,1,0,18,19,8,4,0,0,0,0,0,0,0,1,1,6,6,1,48,8,-1,-1,-1,-1,8,E01020520,0,4
2024430536893,2024,430536893,2,1,0,18,19,9,9,0,0,8,0,0,0,0,3,1,6,6,1,63,9,-1,-1,-1,-1,10,E01016526,0,1
2024131509632,2024,131509632,1,9,0,-1,-1,-1,-1,-1,-1,0,-1,-1,-1,0,-1,1,-1,6,3,-1,-1,-1,-1,-1,-1,-1,-1,0,-1
2024122400795,2024,122400795,2,1,0,18,19,1,5,0,0,8,0,0,0,0,4,1,6,6,1,49,8,-1,-1,-1,-1,6,E01027774,0,1
2024010488894,2024,010488894,3,9,3,9,9,7,5,0,0,8,0,0,0,0,2,1,6,6,2,40,7,-1,-1,-1,-1,3,E01000099,0,1
2024991415139,2024,991415139,3,9,0,-1,19,8,3,-1,0,0,0,0,0,0,2,1,-1,6,1,59,9,-1,-1,-1,-1,9,-1,0,3
2024010535152,2024,010535152,2,9,0,99,99,9,9,99,99,9,9,99,9,99,1,9,6,6,3,-1,-1,-1,-1,-1,-1,-1,-1,0,-1
2024111419644,2024,111419644,1,9,0,-1,19,6,4,-1,0,0,0,0,0,0,1,1,-1,6,3,30,6,-1,-1,-1,-1,-1,-1,0,-1
2024320059022,2024,320059022,1,9,0,9,9,8,6,0,0,6,0,0,0,0,1,1,6,6,2,-1,-1,-1,-1,-1,-1,-1,-1,0,-1
2024161411896,2024,161411896,2,9,0,-1,19,5,1,-1,0,0,0,0,0,0,1,9,-1,6,3,-1,-1,-1,-1,-1,-1,-1,-1,0,-1
2024010533512,2024,010533512,1,90,0,99,99,9,9,99,99,9,9,99,9,99,9,9,6,6,3,-1,-1,-1,-1,-1,-1,-1,-1,0,-1
2024052401194,2024,052401194,1,19,0,18,19,3,7,0,0,0,0,0,0,0,1,1,6,6,1,54,8,-1,-1,-1,-1,3,E01005036,0,4
2024010535269,2024,010535269,2,9,0,18,19,3,7,0,0,1,0,0,0,0,1,1,6,6,3,-1,-1,-1,-1,-1,-1,-1,-1,0,-1