collision_index,collision_year,collision_ref_no,vehicle_reference,vehicle_type,towing_and_articulation,vehicle_manoeuvre_historic,vehicle_manoeuvre,vehicle_direction_from,vehicle_direction_to,vehicle_location_restricted_lane_historic,vehicle_location_restricted_lane,junction_location,skidding_and_overturning,hit_object_in_carriageway,vehicle_leaving_carriageway,hit_object_off_carriageway,first_point_of_impact,vehicle_left_hand_drive,journey_purpose_of_driver_historic,journey_purpose_of_driver,sex_of_driver,age_of_driver,age_band_of_driver,engine_capacity_cc,propulsion_code,age_of_vehicle,generic_make_model,driver_imd_decile,lsoa_of_driver,escooter_flag,driver_distance_banding
2024010501286,2024,010501286,1,9,0,18,19,1,5,0,0,8,0,0,0,0,1,1,6,6,3,-1,-1,-1,-1,-1,-1,-1,-1,0,-1
2024371477613,2024,371477613,2,9,0,-1,3,1,3,-1,0,1,0,0,0,0,2,1,-1,6,1,25,5,-1,-1,-1,-1,9,E01030238,0,1
2024320590905,2024,320590905,1,9,0,7,7,2,4,0,0,6,0,0,0,0,3,1,6,6,2,48,8,-1,-1,-1,-1,-1,-1,0,-1
2024361477343,2024,361477343,1,9,0,-1,19,7,3,-1,0,0,1,0,5,0,1,1,-1,6,1,22,5,-1,-1,-1,-1,3,E01026683,0,4
2024061531216,2024,061531216,2,-1,0,-1,19,2,4,-1,0,1,0,0,0,0,1,1,-1,6,2,12,3,-1,-1,-1,-1,-1,-1,1,-1
2024501516516,2024,501516516,1,19,0,-1,19,6,2,-1,0,0,0,0,0,0,4,1,-1,6,3,-1,-1,-1,-1,-1,-1,-1,-1,0,-1
2024520500241,2024,520500241,1,17,0,18,19,1,5,0,0,0,0,0,0,0,3,1,1,1,1,64,9,-1,-1,-1,-1,5,E01029301,0,3
2024421489570,2024,421489570,1,9,0,-1,-1,-1,-1,-1,-1,0,-1,-1,-1,0,-1,9,-1,6,3,-1,-1,-1,-1,-1,-1,-1,-1,0,-1
2024411500716,2024,411500716,2,1,0,-1,9,-1,-1,-1,0,8,0,0,1,0,4,1,-1,2,2,28,6,-1,-1,-1,-1,6,E01023601,0,1
2024430358649,2024,430358649,2,1,0,18,19,7,3,0,0,8,0,0,0,0,1,1,6,6,1,34,6,-1,-1,-1,-1,3,E01016336,0,1
2024070022782,2024,070022782,2,1,0,18,19,1,5,0,0,3,0,0,0,0,4,1,2,2,2,62,9,-1,-1,-1,-1,2,E01018486,0,1
2024991505819,2024,991505819,2,9,0,-1,19,1,5,-1,0,0,0,0,0,0,1,1,-1,9,1,61,9,-1,-1,-1,-1,9,-1,0,1
2024010500753,2024,010500753,1,1,9,99,99,9,9,99,99,9,9,99,9,99,1,1,2,2,1,28,6,-1,-1,-1,-1,2,E01003075,0,1
2024010540590,2024,010540590,1,9,0,13,13,1,5,0,0,8,0,0,0,0,1,1,6,6,3,-1,-1,-1,-1,-1,-1,-1,-1,0,-1
2024371483700,2024,371483700,2,1,-1,-1,-1,-1,-1,-1,-1,0,-1,-1,-1,0,-1,1,-1,9,1,59,9,-1,-1,-1,-1,10,E01030129,0,1
2024141449776,2024,141449776,2,9,0,-1,19,-1,-1,-1,9,3,1,0,2,10,1,9,-1,6,3,-1,-1,-1,-1,-1,-1,-1,-1,0,-1
2024041473575,2024,041473575,3,9,0,-1,9,3,1,-1,0,5,0,0,0,0,0,1,-1,9,2,41,7,-1,-1,-1,-1,1,E01024987,0,1
2024440545711,2024,440545711,1,1,0,18,19,7,3,0,0,1,0,0,0,0,4,1,2,2,1,49,8,-1,-1,-1,-1,9,E01017232,0,1
2024351567910,2024,351567910,1,21,1,-1,19,5,1,-1,0,0,1,0,0,0,1,1,-1,1,1,51,8,-1,-1,-1,-1,1,-1,0,5
2024430190321,2024,430190321,1,9,0,3,3,4,7,0,0,1,0,0,0,0,2,1,2,2,2,40,7,-1,-1,-1,-1,8,E01017910,0,1
2024131485717,2024,131485717,1,9,0,-1,5,5,1,-1,9,0,0,0,0,0,4,1,-1,9,1,77,11,-1,-1,-1,-1,5,E01007330,0,1
2024311468613,2024,311468613,1,1,0,-1,19,6,2,-1,0,1,0,0,0,0,3,1,-1,6,1,16,4,-1,-1,-1,-1,-1,-1,0,-1
2024552401488,2024,552401488,1,99,0,18,19,1,5,0,0,0,0,0,0,0,1,1,6,6,3,-1,-1,-1,-1,-1,-1,-1,-1,0,-1
2024010491829,2024,010491829,2,9,0,99,99,9,9,99,99,9,9,99,9,99,9,9,6,6,3,-1,-1,-1,-1,-1,-1,-1,-1,0,-1
2024201459505,2024,201459505,2,1,0,-1,19,8,4,-1,0,8,0,0,0,0,4,1,-1,6,1,59,9,-1,-1,-1,-1,1,E01009379,0,2
2024461496039,2024,461496039,1,9,0,-1,5,7,3,-1,0,1,0,0,0,0,1,9,-1,6,2,-1,-1,-1,-1,-1,-1,-1,-1,0,-1
2024010531186,2024,010531186,2,9,9,99,99,9,9,99,99,9,9,99,9,99,9,9,6,6,3,-1,-1,-1,-1,-1,-1,-1,-1,0,-1
2024041468558,2024,041468558,1,23,0,-1,19,7,3,-1,9,1,0,0,0,0,1,1,-1,9,1,17,4,-1,-1,-1,-1,1,E01024877,0,1
202454B902924,2024,54B902924,2,9,0,9,9,6,4,0,0,1,0,0,0,0,1,1,6,6,1,54,8,-1,-1,-1,-1,5,E01032066,0,1
2024531466377,2024,531466377,2,1,0,-1,19,6,2,-1,0,4,0,0,0,0,3,1,-1,6,2,42,7,-1,-1,-1,-1,2,E01022160,0,1
2024221507573,2024,221507573,1,9,0,-1,13,7,3,-1,0,0,0,0,0,0,4,9,-1,6,2,56,9,-1,-1,-1,-1,-1,-1,0,-1
2024421462919,2024,421462919,1,1,0,-1,19,5,1,-1,0,2,0,0,0,0,1,1,-1,6,1,14,3,-1,-1,-1,-1,-1,-1,0,-1
2024501408810,2024,501408810,4,17,0,-1,19,3,6,-1,0,0,0,0,0,0,0,1,-1,6,3,-1,-1,-1,-1,-1,-1,-1,-1,0,-1
2024010491674,2024,010491674,1,1,9,99,99,9,9,99,99,9,9,99,9,99,1,1,6,6,2,63,9,-1,-1,-1,-1,1,E01001730,0,1
2024371438721,2024,371438721,1,9,0,-1,5,6,1,-1,0,4,0,0,3,11,1,1,-1,9,1,86,11,-1,-1,-1,-1,7,E01030228,0,1
2024010509774,2024,010509774,2,9,0,18,19,1,5,0,0,0,0,0,0,0,0,1,6,6,3,-1,-1,-1,-1,-1,-1,-1,-1,0,-1
2024010492174,2024,010492174,1,19,0,18,19,1,5,0,0,6,0,0,0,0,1,1,2,2,1,25,5,-1,-1,-1,-1,5,E01016215,0,4
2024070411784,2024,070411784,2,1,0,18,19,5,1,9,9,1,0,0,0,0,1,1,6,6,1,6,2,-1,-1,-1,-1,8,E01018699,0,1
2024421521596,2024,421521596,2,1,0,-1,19,-1,-1,-1,0,3,0,0,2,10,2,1,-1,2,1,37,7,-1,-1,-1,-1,7,E01035526,0,3
2024052402300,2024,052402300,2,1,0,18,19,4,8,0,0,0,0,0,0,0,1,1,6,6,1,30,6,-1,-1,-1,-1,1,E01006548,0,1
2024451412669,2024,451412669,3,9,0,-1,19,5,1,-1,0,0,0,0,0,0,3,1,-1,2,2,43,7,-1,-1,-1,-1,8,E01030697,0,3
2024010541489,2024,010541489,1,1,9,99,99,9,9,4,4,1,9,99,9,99,0,1,6,6,2,39,7,-1,-1,-1,-1,8,E01003860,0,3
202454E132324,2024,54E132324,1,9,0,18,19,8,4,0,0,4,0,0,0,0,1,1,6,6,1,32,6,-1,-1,-1,-1,2,E01014626,0,4
2024010542482,2024,010542482,1,1,0,13,13,5,1,0,0,0,0,0,0,0,2,1,6,6,1,27,6,-1,-1,-1,-1,4,E01001932,0,2
2024430354226,2024,430354226,1,9,0,18,19,2,6,0,0,4,0,0,0,0,1,1,6,6,2,52,8,-1,-1,-1,-1,10,E01016527,0,1
2024320687373,2024,320687373,2,9,0,10,10,4,3,0,0,1,0,0,0,0,2,1,-1,-1,2,50,8,-1,-1,-1,-1,7,E01026252,0,1
2024991476111,2024,991476111,2,1,0,-1,19,6,2,-1,0,0,0,8,0,0,4,1,-1,9,2,42,7,-1,-1,-1,-1,3,-1,0,1
2024131519974,2024,131519974,1,9,0,-1,-1,-1,-1,-1,-1,-1,-1,-1,-1,-1,-1,1,-1,6,3,-1,-1,-1,-1,-1,-1,-1,-1,0,-1
2024010504249,2024,010504249,1,1,9,99,99,9,9,99,99,0,9,99,9,99,1,1,2,2,1,29,6,-1,-1,-1,-1,1,E01001730,0,1
2024361446327,2024,361446327,2,9,4,-1,19,8,4,-1,0,0,0,0,7,0,1,1,-1,6,1,56,9,-1,-1,-1,-1,5,E01026651,0,1
2024991418351,2024,991418351,1,19,0,-1,11,8,4,-1,0,0,0,0,0,0,4,9,-1,1,3,-1,-1,-1,-1,-1,-1,-1,-1,0,-1
2024131439031,2024,131439031,1,9,0,-1,-1,-1,-1,-1,-1,-1,-1,-1,-1,-1,-1,1,-1,6,3,-1,-1,-1,-1,-1,-1,-1,-1,0,-1
2024141419583,2024,141419583,2,98,0,-1,7,5,7,-1,0,1,0,0,0,0,3,9,-1,6,3,-1,-1,-1,-1,-1,-1,-1,-1,0,-1
2024430005510,2024,430005510,1,9,0,18,19,1,5,0,0,1,0,7,0,0,1,1,6,6,1,66,10,-1,-1,-1,-1,2,E01002392,0,2
2024010543528,2024,010543528,1,8,0,99,99,9,9,99,99,9,9,99,9,99,1,9,6,6,1,-1,-1,-1,-1,-1,-1,-1,-1,0,-1
2024361495078,2024,361495078,2,9,0,-1,19,8,6,-1,0,1,0,0,0,0,1,1,-1,9,2,40,7,-1,-1,-1,-1,2,E01026716,0,1
2024052401740,2024,052401740,1,9,0,14,14,6,2,0,0,0,0,0,0,0,4,1,6,6,2,87,11,-1,-1,-1,-1,4,E01006843,0,1
2024010501661,2024,010501661,2,9,0,3,3,1,5,0,0,0,0,0,0,0,2,1,6,6,1,39,7,-1,-1,-1,-1,1,E01004083,0,1
2024430518320,2024,430518320,2,1,0,18,19,1,5,0,0,0,0,0,0,0,3,1,6,6,1,27,6,-1,-1,-1,-1,9,E01028667,0,3
2024522403330,2024,522403330,1,1,0,14,14,7,3,0,0,0,0,0,0,0,1,1,6,6,1,45,7,-1,-1,-1,-1,10,E01014616,0,1
2024451408563,2024,451408563,2,9,0,-1,19,2,6,-1,0,1,0,0,0,0,1,1,-1,1,1,30,6,-1,-1,-1,-1,8,E01034285,0,3
2024010491063,2024,010491063,2,1,0,18,19,5,1,0,0,3,0,0,0,0,2,1,4,7,1,15,3,-1,-1,-1,-1,10,E01002924,0,1
2024010511900,2024,010511900,2,-1,0,18,19,5,1,0,0,6,0,0,0,0,3,1,6,6,1,24,5,-1,-1,-1,-1,3,E01002502,1,3
2024520000218,2024,520000218,1,99,0,7,7,2,5,0,0,1,0,0,0,0,2,1,6,6,1,47,8,-1,-1,-1,-1,-1,-1,0,-1
2024041447901,2024,041447901,1,97,0,-1,7,1,5,-1,0,0,2,0,0,0,1,1,-1,6,1,16,4,-1,-1,-1,-1,3,E01012585,0,1
2024471500911,2024,471500911,2,1,0,-1,19,4,8,-1,4,1,0,0,0,0,4,1,-1,6,1,-1,-1,-1,-1,-1,-1,2,E01016918,0,1
2024131451990,2024,131451990,2,1,0,-1,19,2,1,-1,0,1,0,0,0,0,1,1,-1,6,1,43,7,-1,-1,-1,-1,10,E01011932,0,1
2024010491378,2024,010491378,2,9,0,99,99,9,9,0,0,8,0,0,0,0,1,1,6,6,1,-1,-1,-1,-1,-1,-1,-1,-1,0,-1
2024201457555,2024,201457555,2,9,0,-1,7,1,4,-1,0,4,0,0,0,0,2,9,-1,6,2,28,6,-1,-1,-1,-1,2,E01009991,0,1
2024141498606,2024,141498606,2,98,0,-1,19,3,7,-1,0,0,0,0,0,0,-1,9,-1,6,3,-1,-1,-1,-1,-1,-1,-1,-1,0,-1
2024010487118,2024,010487118,1,9,0,18,19,5,1,0,0,1,0,0,0,0,1,1,6,6,1,31,6,-1,-1,-1,-1,6,E01000746,0,1
2024430443315,2024,430443315,2,9,0,18,19,6,2,0,0,0,5,0,0,0,1,1,6,6,1,21,5,-1,-1,-1,-1,8,E01017671,0,1
2024111463301,2024,111463301,1,1,0,-1,7,7,1,-1,0,0,0,0,0,0,4,1,-1,6,2,7,2,-1,-1,-1,-1,-1,-1,0,-1
2024421510393,2024,421510393,2,9,0,-1,19,4,8,-1,0,0,0,0,0,0,2,1,-1,6,1,64,9,-1,-1,-1,-1,8,E01021798,0,2
2024302500020,2024,302500020,1,9,0,-1,19,4,8,-1,0,2,0,0,0,0,1,1,-1,6,3,-1,-1,-1,-1,-1,-1,5,E01019456,0,3
2024531500809,2024,531500809,1,9,0,-1,14,6,2,-1,0,0,0,0,0,0,3,9,-1,6,3,-1,-1,-1,-1,-1,-1,-1,-1,0,-1
2024010542550,2024,010542550,3,1,9,99,99,9,9,99,99,9,9,99,9,99,0,1,6,6,3,-1,-1,-1,-1,-1,-1,-1,-1,0,-1
2024421406961,2024,421406961,1,9,0,-1,19,8,5,-1,0,8,1,0,3,9,1,1,-1,7,2,28,6,-1,-1,-1,-1,1,E01022031,0,2
2024311416859,2024,311416859,1,9,0,-1,19,7,3,-1,0,8,0,0,0,0,1,1,-1,1,1,35,6,-1,-1,-1,-1,4,E01019522,0,4
2024311402638,2024,311402638,2,9,0,-1,19,5,1,-1,0,2,0,0,0,0,0,1,-1,6,3,-1,-1,-1,-1,-1,-1,-1,-1,0,-1
2024430286364,2024,430286364,1,9,0,18,19,4,8,0,0,0,0,0,0,0,1,1,6,6,1,40,7,-1,-1,-1,-1,5,E01016215,0,1
2024010550572,2024,010550572,1,1,9,99,99,9,9,99,99,9,9,99,9,99,9,1,2,2,1,63,9,-1,-1,-1,-1,3,E01001446,0,1
2024010511137,2024,010511137,1,9,0,14,14,1,5,0,0,0,0,0,0,0,1,1,6,6,1,23,5,-1,-1,-1,-1,1,E01002093,0,1
2024430252087,2024,430252087,1,9,0,18,19,7,3,0,0,0,0,0,0,0,1,1,6,6,2,48,8,-1,-1,-1,-1,9,E01016324,0,1
2024371442316,2024,371442316,2,90,0,-1,2,0,0,-1,9,1,0,11,0,0,1,1,-1,9,1,51,8,-1,-1,-1,-1,6,E01029879,0,2
2024010539432,2024,010539432,2,9,0,99,99,9,9,99,99,9,9,99,9,99,9,9,6,6,3,-1,-1,-1,-1,-1,-1,-1,-1,0,-1
2024451522775,2024,451522775,1,11,0,-1,5,1,1,-1,0,0,0,0,0,0,1,1,-1,1,1,35,6,-1,-1,-1,-1,9,E01030685,0,1
202454E327724,2024,54E327724,2,1,0,18,19,6,2,5,5,1,0,0,0,0,1,1,6,6,1,47,8,-1,-1,-1,-1,2,E01015570,0,1
2024371476884,2024,371476884,1,21,0,-1,19,7,5,-1,0,0,5,0,0,0,4,1,-1,1,1,72,10,-1,-1,-1,-1,6,E01031209,0,5
2024010488444,2024,010488444,1,9,0,18,19,7,3,0,0,1,0,0,0,0,1,1,6,6,1,89,11,-1,-1,-1,-1,8,E01004502,0,2
2024201451137,2024,201451137,1,9,0,-1,13,4,8,-1,0,0,0,0,0,0,4,9,-1,6,3,35,6,-1,-1,-1,-1,-1,-1,0,-1
2024302400028,2024,302400028,2,1,0,18,19,1,5,0,0,8,0,0,0,0,1,1,2,2,1,45,7,-1,-1,-1,-1,6,E01019477,0,2
2024010491523,2024,010491523,1,9,0,99,99,9,9,99,99,9,9,99,9,99,1,9,6,6,2,55,8,-1,-1,-1,-1,6,E01001088,0,1
202460Q153178,2024,60Q153178,3,9,0,4,4,5,1,0,0,4,0,0,0,0,1,1,2,2,1,37,7,-1,-1,-1,-1,-1,-1,0,-1
2024010524439,2024,010524439,2,1,0,18,19,1,5,0,0,8,0,0,0,0,1,1,1,1,2,28,6,-1,-1,-1,-1,7,E01000324,0,1
2024542104524,2024,542104524,1,9,0,18,19,3,7,0,0,0,2,0,1,0,1,1,6,6,1,67,10,-1,-1,-1,-1,6,W01000949,0,5
2024010487299,2024,010487299,2,9,0,99,99,9,9,99,99,9,9,99,9,99,9,9,6,6,3,-1,-1,-1,-1,-1,-1,-1,-1,0,-1
2024010549203,2024,010549203,1,1,9,99,99,9,9,99,99,9,9,99,9,99,1,1,1,1,2,17,4,-1,-1,-1,-1,7,E01004138,0,1
2024010541099,2024,010541099,2,9,0,18,19,7,3,0,0,0,0,0,0,0,2,1,2,2,1,54,8,-1,-1,-1,-1,8,E01024077,0,4
2024010507790,2024,010507790,1,1,0,18,19,4,8,0,0,0,0,0,0,0,1,1,6,6,1,-1,-1,-1,-1,-1,-1,-1,-1,0,-1
2024361447784,2024,361447784,3,9,4,-1,4,8,4,-1,0,0,0,0,1,0,1,1,-1,6,1,19,4,-1,-1,-1,-1,3,E01026684,0,4
2024061522494,2024,061522494,2,1,0,-1,19,8,4,-1,0,0,0,0,0,0,-1,1,-1,6,1,74,10,-1,-1,-1,-1,-1,-1,0,-1
2024401516746,2024,401516746,1,97,0,-1,4,6,2,-1,0,1,0,0,0,0,2,1,-1,6,1,22,5,-1,-1,-1,-1,8,E01017434,0,1
2024010510205,2024,010510205,2,9,0,99,99,9,9,99,99,9,9,99,9,99,1,9,6,6,3,-1,-1,-1,-1,-1,-1,-1,-1,0,-1
2024201458129,2024,201458129,1,9,0,-1,19,2,6,-1,0,0,0,0,0,0,1,1,-1,6,-1,-1,-1,-1,-1,-1,-1,-1,-1,0,-1
2024010551053,2024,010551053,1,9,0,99,99,9,9,99,99,9,9,99,9,99,2,9,6,6,2,26,6,-1,-1,-1,-1,-1,-1,0,-1
2024141399461,2024,141399461,2,9,0,-1,4,1,5,-1,0,0,0,0,0,0,1,1,-1,2,1,45,7,-1,-1,-1,-1,8,E01013242,0,4
2024041455953,2024,041455953,1,22,0,-1,19,4,8,-1,0,0,5,0,0,0,4,1,-1,9,1,77,11,-1,-1,-1,-1,1,E01025082,0,1
2024010504124,2024,010504124,1,9,0,99,99,9,9,99,99,0,9,99,9,99,2,9,6,6,3,-1,-1,-1,-1,-1,-1,3,E01000099,0,1
2024010522869,2024,010522869,2,1,0,14,14,5,1,0,0,0,0,8,0,0,4,1,2,2,1,35,6,-1,-1,-1,-1,-1,-1,0,-1
2024010514591,2024,010514591,1,1,0,15,15,1,5,0,0,6,0,0,1,0,1,1,1,1,1,43,7,-1,-1,-1,-1,2,E01002508,0,1
2024991409897,2024,991409897,1,9,0,-1,19,6,1,-1,0,0,0,0,0,0,0,9,-1,6,3,40,7,-1,-1,-1,-1,-1,-1,0,-1
2024461453376,2024,461453376,2,9,0,-1,19,1,5,-1,0,0,0,0,0,0,3,9,-1,9,1,68,10,-1,-1,-1,-1,5,E01030834,0,2
2024101496191,2024,101496191,1,1,0,-1,19,6,2,-1,0,1,0,0,0,0,1,1,-1,6,1,10,2,-1,-1,-1,-1,-1,-1,0,-1
2024991497464,2024,991497464,1,9,0,-1,9,5,3,-1,0,5,0,0,0,0,1,9,-1,6,3,-1,-1,-1,-1,-1,-1,-1,-1,0,-1
2024311422210,2024,311422210,2,1,0,-1,19,3,7,-1,0,0,0,0,0,0,1,1,-1,9,1,57,9,-1,-1,-1,-1,2,E01028304,0,1
2024122400621,2024,122400621,1,9,0,18,19,6,2,0,0,0,0,0,0,0,4,1,6,6,3,-1,-1,-1,-1,-1,-1,-1,-1,0,-1
2024010488762,2024,010488762,1,3,0,99,99,9,9,99,99,9,9,99,9,99,9,1,2,2,1,37,7,-1,-1,-1,-1,5,E01002236,0,3
2024302401135,2024,302401135,2,9,0,2,2,0,0,0,0,1,0,0,7,0,1,1,6,6,3,-1,-1,-1,-1,-1,-1,-1,-1,0,-1
2024610056224,2024,610056224,2,9,0,16,19,4,6,0,0,8,0,0,0,0,1,1,6,6,2,34,6,-1,-1,-1,-1,-1,-1,0,-1
2024122500102,2024,122500102,2,1,0,9,9,1,4,0,0,8,0,0,0,0,4,1,6,6,1,62,9,-1,-1,-1,-1,4,E01013404,0,1
2024010497599,2024,010497599,1,9,0,99,99,9,9,99,99,9,9,99,9,99,3,9,2,2,1,39,7,-1,-1,-1,-1,2,E01001487,0,1
2024531495529,2024,531495529,1,9,0,-1,13,4,8,-1,0,0,0,0,0,0,0,9,-1,6,3,-1,-1,-1,-1,-1,-1,-1,-1,0,-1
2024211483057,2024,211483057,3,9,0,-1,19,8,8,-1,0,0,0,4,0,0,1,1,-1,6,1,48,8,-1,-1,-1,-1,-1,-1,0,-1
2024141441415,2024,141441415,1,9,0,-1,19,5,1,-1,0,1,0,0,0,0,1,9,-1,6,3,-1,-1,-1,-1,-1,-1,-1,-1,0,-1
2024041445198,2024,041445198,2,9,0,-1,2,0,0,-1,0,0,0,0,0,0,0,1,-1,6,3,-1,-1,-1,-1,-1,-1,-1,-1,0,-1
2024302401416,2024,302401416,2,1,0,17,19,7,4,0,0,8,0,0,0,0,1,1,6,6,1,69,10,-1,-1,-1,-1,10,E01019686,0,3
2024010519077,2024,010519077,1,1,9,99,99,9,9,99,99,9,9,99,9,99,0,1,6,6,3,-1,-1,-1,-1,-1,-1,-1,-1,0,-1
2024340WN3292,2024,340WN3292,2,9,0,-1,7,5,1,-1,0,5,0,0,0,0,2,1,-1,9,2,68,10,-1,-1,-1,-1,9,E01027303,0,3
2024061466395,2024,061466395,2,9,-1,-1,4,7,3,-1,0,2,0,0,0,0,2,9,-1,6,2,19,4,-1,-1,-1,-1,6,E01005973,0,2
2024461516663,2024,461516663,1,19,0,-1,19,-1,-1,-1,0,0,0,0,0,0,-1,9,-1,6,3,-1,-1,-1,-1,-1,-1,-1,-1,0,-1
2024010545183,2024,010545183,1,1,9,99,99,9,9,99,99,9,9,99,9,99,9,1,6,6,1,53,8,-1,-1,-1,-1,6,E01001088,0,1
2024041452368,2024,041452368,2,9,0,-1,19,3,7,-1,0,0,0,0,0,0,2,9,-1,9,1,85,11,-1,-1,-1,-1,8,E01034350,0,1
2024411475186,2024,411475186,1,9,0,-1,19,8,4,-1,0,8,1,0,0,0,4,1,-1,2,1,58,9,-1,-1,-1,-1,10,E01024441,0,4
2024010494001,2024,010494001,2,9,0,99,99,9,9,99,99,9,9,99,9,99,9,9,6,6,3,-1,-1,-1,-1,-1,-1,3,E01034389,0,2
2024010518759,2024,010518759,2,19,0,99,99,9,9,99,99,9,9,99,9,99,9,9,6,6,3,19,4,-1,-1,-1,-1,10,E01021896,0,4
2024421515426,2024,421515426,2,1,0,-1,12,8,8,-1,0,0,0,0,0,0,2,1,-1,9,1,9,2,-1,-1,-1,-1,5,E01021814,0,1
2024440483383,2024,440483383,1,1,0,18,19,1,5,0,0,6,0,0,0,0,0,1,6,6,2,68,10,-1,-1,-1,-1,1,E01017240,0,1
2024061498720,2024,061498720,2,9,0,-1,19,-1,-1,-1,99,0,0,0,0,0,1,1,-1,6,3,-1,-1,-1,-1,-1,-1,-1,-1,0,-1
2024430172101,2024,430172101,1,9,0,13,13,7,3,0,0,0,0,0,0,0,1,1,6,6,2,40,7,-1,-1,-1,-1,9,E01033955,0,3
2024421473100,2024,421473100,2,98,1,-1,19,6,3,-1,0,8,0,0,0,0,2,1,-1,6,-1,18,4,-1,-1,-1,-1,-1,-1,0,-1
2024061462797,2024,061462797,2,90,0,-1,5,-1,-1,-1,0,0,0,99,0,0,1,9,-1,6,3,-1,-1,-1,-1,-1,-1,-1,-1,0,-1
2024440498753,2024,440498753,1,-1,0,18,19,7,3,0,0,6,0,0,0,0,4,1,6,6,1,20,4,-1,-1,-1,-1,-1,-1,1,-1
2024010487904,2024,010487904,1,9,0,18,19,1,5,9,9,5,1,0,7,0,1,1,6,6,3,23,5,-1,-1,-1,-1,-1,-1,0,-1
2024201403478,2024,201403478,2,9,0,-1,19,5,1,-1,0,8,0,0,0,0,1,9,-1,6,3,-1,-1,-1,-1,-1,-1,-1,-1,0,-1
2024010539265,2024,010539265,1,1,9,99,99,9,9,99,99,9,9,99,9,99,1,1,2,2,1,27,6,-1,-1,-1,-1,4,E01034032,0,2
2024041533700,2024,041533700,1,9,0,-1,19,-1,-1,-1,0,0,0,0,0,0,1,9,-1,6,3,-1,-1,-1,-1,-1,-1,-1,-1,0,-1
2024010517511,2024,010517511,1,1,9,99,99,9,9,99,99,1,9,99,9,99,0,1,2,2,1,59,9,-1,-1,-1,-1,5,E01002214,0,1
2024131499711,2024,131499711,1,9,0,-1,19,5,1,-1,0,0,5,0,0,0,1,1,-1,9,1,76,11,-1,-1,-1,-1,8,E01010861,0,2
2024052401507,2024,052401507,1,9,0,5,5,5,8,0,0,1,0,0,0,0,1,1,6,6,3,-1,-1,-1,-1,-1,-1,-1,-1,0,-1
2024161441275,2024,161441275,4,11,0,-1,19,6,2,-1,0,2,0,0,0,0,2,1,-1,1,1,36,7,-1,-1,-1,-1,6,E01013039,0,1
2024071065240,2024,071065240,2,9,0,-1,19,2,6,-1,0,0,0,0,0,0,2,1,-1,6,2,-1,-1,-1,-1,-1,-1,-1,-1,0,-1
2024010488143,2024,010488143,2,9,0,99,99,9,9,99,99,9,9,99,9,99,9,9,6,6,3,-1,-1,-1,-1,-1,-1,-1,-1,0,-1
2024471434571,2024,471434571,1,9,0,-1,19,5,1,-1,0,1,0,0,6,0,3,1,-1,1,2,90,11,-1,-1,-1,-1,8,E01031416,0,1
2024320760170,2024,320760170,2,9,0,9,9,4,2,0,0,5,0,0,0,0,2,1,6,6,1,64,9,-1,-1,-1,-1,3,E01026248,0,1
2024211513194,2024,211513194,1,9,0,-1,19,-1,-1,-1,-1,0,-1,-1,-1,0,2,1,-1,6,3,-1,-1,-1,-1,-1,-1,-1,-1,0,-1
2024520500266,2024,520500266,2,9,0,18,19,2,6,0,0,0,0,0,0,0,1,1,6,6,1,28,6,-1,-1,-1,-1,10,E01029104,0,1
2024010490449,2024,010490449,1,1,0,18,19,7,3,0,0,8,0,0,0,0,1,1,2,2,1,24,5,-1,-1,-1,-1,4,E01004270,0,1
2024332400905,2024,332400905,1,9,0,-1,1,3,7,-1,0,6,0,0,0,0,2,1,-1,2,1,22,5,-1,-1,-1,-1,3,E01013683,0,1
2024201436041,2024,201436041,1,9,0,-1,19,2,6,-1,0,0,0,0,0,0,1,9,-1,6,1,23,5,-1,-1,-1,-1,7,E01009870,0,2
2024320621262,2024,320621262,2,1,0,-1,-1,3,7,9,9,8,0,0,0,0,3,1,6,6,1,25,5,-1,-1,-1,-1,-1,-1,0,-1
2024010514340,2024,010514340,1,1,9,99,99,9,9,99,99,9,9,99,9,99,9,1,6,6,1,36,7,-1,-1,-1,-1,5,E01002244,0,1
2024161519761,2024,161519761,3,19,0,-1,2,0,0,-1,0,0,0,0,0,0,2,9,-1,6,3,-1,-1,-1,-1,-1,-1,-1,-1,0,-1
2024122500358,2024,122500358,1,9,0,9,9,4,2,0,0,8,0,0,0,0,1,1,1,1,1,34,6,-1,-1,-1,-1,1,E01010611,0,4
2024211460512,2024,211460512,2,1,0,-1,19,1,1,-1,0,2,0,0,0,0,1,1,-1,9,1,44,7,-1,-1,-1,-1,-1,-1,0,-1
2024010496880,2024,010496880,2,9,0,99,99,9,9,99,99,0,9,99,9,99,9,9,6,6,3,-1,-1,-1,-1,-1,-1,-1,-1,0,-1
2024451501291,2024,451501291,1,9,0,-1,19,7,3,-1,0,1,0,0,0,0,3,1,-1,6,1,23,5,-1,-1,-1,-1,3,E01003373,0,3
2024501447556,2024,501447556,1,1,0,-1,19,3,7,-1,2,0,0,0,0,0,1,1,-1,2,1,56,9,-1,-1,-1,-1,7,E01019996,0,1
2024010491806,2024,010491806,3,19,0,5,5,3,7,0,0,2,0,0,0,0,1,1,2,2,1,34,6,-1,-1,-1,-1,2,E01000990,0,1
2024010488461,2024,010488461,1,1,9,99,99,9,9,99,99,9,9,99,9,99,9,1,6,6,1,28,6,-1,-1,-1,-1,6,E01001989,0,1
2024010505108,2024,010505108,1,1,9,99,99,9,9,99,99,9,9,99,9,99,9,1,2,2,1,48,8,-1,-1,-1,-1,6,E01003279,0,2
2024201496666,2024,201496666,1,9,0,-1,5,1,5,-1,0,6,0,0,0,0,1,9,-1,6,1,54,8,-1,-1,-1,-1,-1,-1,0,-1
2024010520029,2024,010520029,1,9,9,99,99,9,9,99,99,9,5,99,9,99,9,9,6,6,3,-1,-1,-1,-1,-1,-1,-1,-1,0,-1
2024010498788,2024,010498788,2,9,0,99,99,9,9,0,0,0,0,0,0,0,1,1,6,6,2,-1,-1,-1,-1,-1,-1,-1,-1,0,-1
2024010538545,2024,010538545,1,90,0,99,99,9,9,99,99,9,9,99,9,99,1,9,6,6,1,39,7,-1,-1,-1,-1,2,E01033883,0,1