collision_index,collision_year,collision_ref_no,vehicle_reference,vehicle_type,towing_and_articulation,vehicle_manoeuvre_historic,vehicle_manoeuvre,vehicle_direction_from,vehicle_direction_to,vehicle_location_restricted_lane_historic,vehicle_location_restricted_lane,junction_location,skidding_and_overturning,hit_object_in_carriageway,vehicle_leaving_carriageway,hit_object_off_carriageway,first_point_of_impact,vehicle_left_hand_drive,journey_purpose_of_driver_historic,journey_purpose_of_driver,sex_of_driver,age_of_driver,age_band_of_driver,engine_capacity_cc,propulsion_code,age_of_vehicle,generic_make_model,driver_imd_decile,lsoa_of_driver,escooter_flag,driver_distance_banding
2024201461809,2024,201461809,1,19,0,-1,19,6,2,-1,0,0,0,0,0,0,4,1,-1,6,1,25,5,-1,-1,-1,-1,-1,-1,0,-1
2024031454802,2024,031454802,1,-1,0,-1,19,1,5,-1,0,0,0,0,0,0,1,1,-1,6,1,10,2,-1,-1,-1,-1,1,E01019113,1,1
2024201563125,2024,201563125,1,9,0,-1,4,6,2,-1,0,0,0,0,0,0,1,9,-1,1,1,39,7,-1,-1,-1,-1,1,E01009141,0,1
2024052402148,2024,052402148,1,9,0,18,19,1,5,0,0,1,0,0,0,0,1,1,6,6,3,-1,-1,-1,-1,-1,-1,-1,-1,0,-1
2024522402374,2024,522402374,1,9,0,18,19,9,9,0,0,8,0,0,0,0,9,1,6,6,3,-1,-1,-1,-1,-1,-1,-1,-1,0,-1
2024991432950,2024,991432950,2,9,0,-1,9,8,6,-1,0,0,0,0,0,0,3,1,-1,9,1,54,8,-1,-1,-1,-1,7,E01023166,0,5
2024991473398,2024,991473398,1,99,0,-1,13,5,1,-1,0,0,0,0,0,0,1,1,-1,9,3,32,6,-1,-1,-1,-1,-1,-1,0,-1
2024010489401,2024,010489401,1,1,9,99,99,9,9,99,99,9,9,99,9,99,2,1,2,2,2,28,6,-1,-1,-1,-1,4,E01004425,0,1
2024221531076,2024,221531076,1,21,0,-1,14,8,5,-1,0,0,0,0,0,0,0,9,-1,1,1,55,8,-1,-1,-1,-1,6,W01000519,0,5
2024531474808,2024,531474808,1,9,0,-1,19,5,1,-1,0,0,0,0,0,0,1,9,-1,6,2,-1,-1,-1,-1,-1,-1,-1,-1,0,-1
2024131512889,2024,131512889,2,1,0,-1,19,2,6,-1,4,8,0,0,0,0,1,1,-1,6,1,26,6,-1,-1,-1,-1,1,E01011673,0,1
2024451500276,2024,451500276,1,9,0,-1,19,7,3,-1,0,0,0,0,0,0,1,9,-1,6,1,30,6,-1,-1,-1,-1,-1,-1,0,-1
2024010488617,2024,010488617,1,9,0,9,9,3,8,0,0,1,0,0,0,0,4,1,6,6,3,-1,-1,-1,-1,-1,-1,-1,-1,0,-1
2024010535375,2024,010535375,1,1,9,99,99,9,9,99,99,9,9,99,9,99,0,1,2,2,2,24,5,-1,-1,-1,-1,4,E01030983,0,4
2024010492839,2024,010492839,1,9,0,4,4,7,3,0,0,2,0,0,0,0,2,1,6,6,2,30,6,-1,-1,-1,-1,2,E01000030,0,1
2024501491806,2024,501491806,2,9,0,-1,19,6,2,-1,0,0,1,0,0,0,1,1,-1,6,3,-1,-1,-1,-1,-1,-1,-1,-1,0,-1
2024461523208,2024,461523208,1,9,0,-1,1,3,7,-1,0,0,0,0,0,0,2,9,-1,6,1,-1,-1,-1,-1,-1,-1,-1,-1,0,-1
2024501455893,2024,501455893,1,9,0,-1,14,2,6,-1,0,1,0,0,0,0,1,1,-1,6,3,-1,-1,-1,-1,-1,-1,-1,-1,0,-1
2024461409653,2024,461409653,1,19,0,-1,19,7,3,-1,0,0,0,0,9,0,9,9,-1,6,3,-1,-1,-1,-1,-1,-1,-1,-1,0,-1
2024340NN3752,2024,340NN3752,2,9,0,-1,19,5,1,-1,0,0,0,0,0,0,1,1,-1,9,1,70,10,-1,-1,-1,-1,6,E01027078,0,1
2024010546476,2024,010546476,2,1,0,7,7,8,2,0,0,3,5,0,0,0,3,1,2,2,1,22,5,-1,-1,-1,-1,2,E01033878,0,1
2024991461109,2024,991461109,1,21,0,-1,19,1,6,-1,0,0,1,0,0,0,1,2,-1,1,1,39,7,-1,-1,-1,-1,-1,-1,0,-1
2024461472108,2024,461472108,1,9,0,-1,9,7,3,-1,0,1,0,0,0,0,3,1,-1,6,1,32,6,-1,-1,-1,-1,-1,-1,0,-1
2024451487342,2024,451487342,2,9,0,-1,5,7,3,-1,-1,0,0,0,0,0,0,1,-1,6,2,35,6,-1,-1,-1,-1,-1,-1,0,-1
2024010495585,2024,010495585,2,9,0,99,99,9,9,99,99,9,9,99,9,99,9,9,6,6,3,-1,-1,-1,-1,-1,-1,-1,-1,0,-1
2024461483005,2024,461483005,2,90,0,-1,19,5,1,-1,0,0,1,0,0,0,4,1,-1,1,1,29,6,-1,-1,-1,-1,5,E01000383,0,3
2024991474652,2024,991474652,1,1,0,-1,19,7,3,-1,9,0,0,0,0,0,1,1,-1,9,2,49,8,-1,-1,-1,-1,8,-1,0,1
2024311411915,2024,311411915,1,9,0,-1,-1,-1,-1,-1,0,0,0,0,0,0,2,1,-1,6,3,-1,-1,-1,-1,-1,-1,-1,-1,0,-1
2024991416334,2024,991416334,9,8,0,-1,2,0,0,-1,0,0,0,0,0,0,1,1,-1,6,-1,-1,-1,-1,-1,-1,-1,-1,-1,0,-1
2024311534680,2024,311534680,2,9,0,-1,19,1,5,-1,0,4,0,0,0,0,1,1,-1,6,2,-1,-1,-1,-1,-1,-1,-1,-1,0,-1
2024421507073,2024,421507073,7,9,0,-1,2,0,0,-1,0,0,0,0,0,0,3,1,-1,6,1,53,8,-1,-1,-1,-1,7,E01021656,0,1
2024501437825,2024,501437825,1,9,0,-1,9,8,4,-1,0,1,0,0,0,0,1,1,-1,2,1,62,9,-1,-1,-1,-1,6,E01019982,0,1
2024991458462,2024,991458462,2,1,0,-1,19,1,5,-1,0,8,2,0,0,0,2,1,-1,6,2,49,8,-1,-1,-1,-1,5,-1,0,1
2024131472207,2024,131472207,2,1,0,-1,19,6,2,-1,0,0,0,0,0,0,2,1,-1,2,1,47,8,-1,-1,-1,-1,1,E01011723,0,1
2024211509861,2024,211509861,1,21,1,-1,12,1,5,-1,0,0,0,0,0,0,1,2,-1,1,1,31,6,-1,-1,-1,-1,-1,-1,0,-1
2024010497173,2024,010497173,2,9,0,99,99,9,9,99,99,9,9,99,9,99,9,9,6,6,3,-1,-1,-1,-1,-1,-1,-1,-1,0,-1
2024430124634,2024,430124634,2,1,0,18,19,8,4,0,0,0,0,0,0,0,3,1,6,6,1,76,11,-1,-1,-1,-1,10,E01028656,0,2
2024010494803,2024,010494803,4,9,0,18,19,5,1,0,0,0,0,0,0,0,1,1,6,6,1,23,5,-1,-1,-1,-1,2,E01033498,0,4
2024010549720,2024,010549720,1,1,9,99,99,9,9,99,99,9,9,99,9,99,9,1,3,7,1,45,7,-1,-1,-1,-1,10,E01003889,0,1
2024141395326,2024,141395326,3,9,0,-1,2,0,0,-1,9,0,0,4,0,0,1,1,-1,6,-1,-1,-1,-1,-1,-1,-1,-1,-1,0,-1
2024430574020,2024,430574020,1,1,0,18,19,7,3,0,0,3,0,0,0,0,3,1,6,6,1,34,6,-1,-1,-1,-1,3,E01016804,0,1
2024010501061,2024,010501061,1,1,9,99,99,9,9,99,99,1,9,99,9,99,9,1,6,6,3,40,7,-1,-1,-1,-1,4,E01003118,0,1
2024430202097,2024,430202097,1,5,0,17,19,3,8,0,0,0,0,0,0,0,1,1,6,6,1,27,6,-1,-1,-1,-1,-1,-1,0,-1
2024302400120,2024,302400120,1,9,0,16,19,8,3,0,0,0,1,0,8,4,1,1,2,2,1,20,4,-1,-1,-1,-1,5,E01019613,0,3
2024302401701,2024,302401701,1,9,0,-1,9,1,7,-1,9,0,0,0,0,0,1,1,-1,6,3,-1,-1,-1,-1,-1,-1,5,E01019456,0,3
2024010538911,2024,010538911,1,90,0,18,19,7,3,0,0,8,0,0,0,0,1,1,6,6,3,-1,-1,-1,-1,-1,-1,-1,-1,0,-1
2024010492199,2024,010492199,1,9,0,9,9,5,2,4,4,8,0,0,0,0,4,1,6,6,3,-1,-1,-1,-1,-1,-1,-1,-1,0,-1
2024552401413,2024,552401413,2,1,0,18,19,2,6,0,0,0,0,4,0,0,1,1,3,7,2,45,7,-1,-1,-1,-1,6,E01015318,0,1
2024010521730,2024,010521730,2,9,0,18,19,4,8,0,0,0,0,0,0,0,3,1,6,6,1,42,7,-1,-1,-1,-1,4,E01021817,0,3
2024440147980,2024,440147980,1,8,0,9,9,3,1,0,0,8,0,0,0,0,1,1,1,1,1,-1,-1,-1,-1,-1,-1,-1,-1,0,-1
2024332400237,2024,332400237,2,1,0,-1,19,5,1,-1,0,8,0,0,0,0,1,1,-1,6,1,58,9,-1,-1,-1,-1,3,E01013732,0,1
2024101504292,2024,101504292,2,1,0,-1,19,3,7,-1,0,0,5,0,0,0,3,1,-1,6,1,48,8,-1,-1,-1,-1,10,E01033550,0,2
2024201481782,2024,201481782,2,97,0,-1,19,7,3,-1,0,0,0,0,0,0,1,1,-1,6,-1,-1,-1,-1,-1,-1,-1,-1,-1,0,-1
2024010534043,2024,010534043,2,1,0,9,9,1,7,0,0,1,0,0,0,0,3,1,6,6,1,55,8,-1,-1,-1,-1,5,E01002448,0,2
2024411450179,2024,411450179,1,1,0,-1,19,2,5,-1,0,1,0,0,0,0,0,1,-1,6,2,30,6,-1,-1,-1,-1,10,E01023702,0,1
2024430013459,2024,430013459,1,9,0,18,19,2,6,0,0,2,0,0,0,0,1,1,1,1,2,22,5,-1,-1,-1,-1,8,E01017643,0,3
2024430141073,2024,430141073,1,9,0,18,19,8,4,0,0,0,0,0,0,0,1,1,6,6,3,-1,-1,-1,-1,-1,-1,-1,-1,0,-1
2024451519603,2024,451519603,2,9,0,-1,19,5,1,-1,0,0,0,0,1,0,1,1,-1,2,2,56,9,-1,-1,-1,-1,9,E01030933,0,1
2024010525867,2024,010525867,2,1,9,99,99,9,9,99,99,9,9,99,9,99,9,1,2,2,1,33,6,-1,-1,-1,-1,3,E01035284,0,3
2024161521365,2024,161521365,1,5,0,-1,7,1,3,-1,0,2,0,0,0,0,4,1,-1,1,1,46,8,-1,-1,-1,-1,10,E01013090,0,1
2024221482292,2024,221482292,1,1,0,-1,19,1,5,-1,0,6,0,0,0,0,1,1,-1,9,2,8,2,-1,-1,-1,-1,4,E01028984,0,1
2024161411990,2024,161411990,2,1,0,-1,19,1,5,-1,0,3,0,0,0,0,1,1,-1,2,1,35,6,-1,-1,-1,-1,3,E01012774,0,1
2024451428904,2024,451428904,1,97,0,-1,19,1,5,-1,0,1,0,0,0,0,1,1,-1,9,1,63,9,-1,-1,-1,-1,10,E01030511,0,1
2024010488810,2024,010488810,1,3,0,99,99,9,9,99,99,1,9,99,9,99,1,1,6,6,1,19,4,-1,-1,-1,-1,-1,-1,0,-1
2024522402051,2024,522402051,2,1,0,18,19,3,7,0,0,8,0,0,0,0,1,1,6,6,2,27,6,-1,-1,-1,-1,5,E01014732,0,1
2024061524350,2024,061524350,2,-1,0,-1,19,2,6,-1,9,0,0,0,0,0,1,1,-1,6,2,28,6,-1,-1,-1,-1,1,E01005092,1,1
2024010533729,2024,010533729,1,1,9,18,19,9,9,99,99,9,9,99,9,99,3,1,2,2,1,40,7,-1,-1,-1,-1,9,E01003471,0,2
2024610017424,2024,610017424,1,9,0,9,9,5,2,0,0,8,0,0,7,0,4,1,6,6,1,67,10,-1,-1,-1,-1,9,W01001545,0,2
2024010546466,2024,010546466,2,1,9,99,99,9,9,99,99,9,9,99,9,99,9,1,6,6,3,-1,-1,-1,-1,-1,-1,-1,-1,0,-1
2024131441629,2024,131441629,1,1,0,-1,19,6,2,-1,0,1,0,0,0,0,3,1,-1,9,1,14,3,-1,-1,-1,-1,1,E01011559,0,1
2024522402845,2024,522402845,1,1,0,18,19,5,1,0,0,8,0,0,0,0,3,1,6,6,1,22,5,-1,-1,-1,-1,9,E01035231,0,1
2024320097476,2024,320097476,1,9,0,-1,-1,8,4,0,0,0,5,0,1,0,1,1,-1,-1,1,19,4,-1,-1,-1,-1,-1,-1,0,-1
2024041482219,2024,041482219,1,9,0,-1,19,5,1,-1,0,0,0,-1,0,0,1,9,-1,6,3,-1,-1,-1,-1,-1,-1,-1,-1,0,-1
2024520401382,2024,520401382,1,9,0,18,19,8,4,0,0,8,0,0,0,0,3,1,6,6,2,31,6,-1,-1,-1,-1,3,E01014445,0,1
2024311417784,2024,311417784,2,-1,0,-1,9,1,5,-1,0,0,0,0,0,0,3,1,-1,2,1,51,8,-1,-1,-1,-1,2,E01013900,1,1
2024991394473,2024,991394473,2,1,0,-1,19,6,2,-1,0,8,5,0,0,0,1,1,-1,9,1,64,9,-1,-1,-1,-1,-1,-1,0,-1
2024010490804,2024,010490804,1,9,0,99,99,9,9,99,99,9,9,99,9,99,9,9,6,6,3,49,8,-1,-1,-1,-1,5,E01002894,0,1
2024522402230,2024,522402230,2,1,0,18,19,6,7,0,0,4,0,0,0,0,1,1,6,6,2,68,10,-1,-1,-1,-1,3,E01014841,0,1
2024131441432,2024,131441432,2,97,0,-1,-1,-1,-1,-1,-1,8,-1,-1,-1,0,-1,1,-1,9,1,16,4,-1,-1,-1,-1,4,E01010898,0,1
2024010552076,2024,010552076,1,1,9,99,99,9,9,99,99,0,9,99,9,99,9,1,6,6,3,30,6,-1,-1,-1,-1,3,E01035681,0,1
2024010522647,2024,010522647,2,1,0,18,19,1,5,0,0,8,5,0,0,0,1,1,6,6,1,38,7,-1,-1,-1,-1,3,E01004011,0,1
2024411474200,2024,411474200,1,9,0,-1,9,1,3,-1,0,1,0,0,0,0,1,1,-1,1,1,62,9,-1,-1,-1,-1,6,E01021571,0,4
202460Q141084,2024,60Q141084,1,9,0,18,19,5,1,0,0,0,0,0,0,0,4,1,6,6,2,60,9,-1,-1,-1,-1,-1,-1,0,-1
2024010491454,2024,010491454,1,8,0,99,99,9,9,99,99,9,9,99,9,99,9,9,1,1,1,55,8,-1,-1,-1,-1,3,E01000054,0,3
2024010540475,2024,010540475,2,9,0,99,99,9,9,99,99,9,9,99,9,99,9,9,6,6,3,52,8,-1,-1,-1,-1,9,E01001422,0,3
2024141491558,2024,141491558,1,-1,0,-1,5,3,7,-1,0,0,0,0,0,0,0,1,-1,6,1,37,7,-1,-1,-1,-1,1,E01007461,1,1
2024041429322,2024,041429322,1,9,0,-1,19,5,1,-1,0,0,0,0,0,0,1,1,-1,6,3,-1,-1,-1,-1,-1,-1,-1,-1,0,-1
202417S305624,2024,17S305624,1,1,0,-1,19,5,1,-1,0,0,0,0,0,0,2,1,-1,9,1,49,8,-1,-1,-1,-1,-1,-1,0,-1
2024052401710,2024,052401710,1,9,0,13,13,1,5,0,0,0,0,0,0,0,4,1,6,6,3,-1,-1,-1,-1,-1,-1,-1,-1,0,-1
2024421417680,2024,421417680,1,9,0,-1,19,6,2,-1,0,0,0,0,0,0,3,1,-1,9,2,76,11,-1,-1,-1,-1,7,E01021913,0,2
2024311475736,2024,311475736,2,9,0,-1,19,5,3,-1,0,4,0,0,0,0,1,1,-1,9,1,49,8,-1,-1,-1,-1,5,E01028024,0,1
2024540978024,2024,540978024,1,9,0,18,19,4,1,0,0,0,0,0,0,0,1,1,6,6,1,86,11,-1,-1,-1,-1,10,E01031903,0,1
2024041411683,2024,041411683,2,1,0,-1,19,3,5,-1,0,8,5,0,1,0,1,1,-1,1,1,59,9,-1,-1,-1,-1,10,E01025019,0,1
2024041405026,2024,041405026,3,1,0,-1,19,1,5,-1,0,0,5,0,0,0,1,1,-1,2,2,36,7,-1,-1,-1,-1,1,E01034336,0,1
2024010527288,2024,010527288,2,1,0,10,10,4,1,0,0,0,0,0,0,0,2,1,1,1,1,25,5,-1,-1,-1,-1,5,E01000620,0,1
2024010514200,2024,010514200,1,1,9,99,99,9,9,99,99,9,9,99,9,99,1,1,6,6,3,-1,-1,-1,-1,-1,-1,-1,-1,0,-1
2024231403491,2024,231403491,2,9,0,-1,19,8,4,-1,0,8,0,0,0,0,1,9,-1,6,1,58,9,-1,-1,-1,-1,6,E01031031,0,2
2024010494229,2024,010494229,2,9,0,99,99,9,9,99,99,9,9,99,9,99,9,9,6,6,3,-1,-1,-1,-1,-1,-1,-1,-1,0,-1
2024421405402,2024,421405402,1,90,0,-1,19,7,3,-1,0,0,0,0,0,0,1,1,-1,6,-1,-1,-1,-1,-1,-1,-1,-1,-1,0,-1
2024430315635,2024,430315635,1,9,0,10,10,5,3,0,0,1,0,0,0,0,2,1,3,7,1,45,7,-1,-1,-1,-1,8,E01017688,0,2
2024411412278,2024,411412278,2,9,-1,-1,-1,-1,-1,-1,-1,0,-1,-1,-1,0,-1,9,-1,6,3,-1,-1,-1,-1,-1,-1,-1,-1,0,-1
2024440449652,2024,440449652,2,1,0,18,19,4,8,0,0,8,0,0,0,0,4,1,2,2,1,44,7,-1,-1,-1,-1,2,E01017165,0,2
2024201432223,2024,201432223,1,9,0,-1,19,3,8,-1,0,2,0,0,0,0,1,1,-1,6,1,-1,-1,-1,-1,-1,-1,-1,-1,0,-1
2024231429937,2024,231429937,1,9,0,-1,7,6,2,-1,0,3,0,0,0,0,9,9,-1,6,3,42,7,-1,-1,-1,-1,-1,-1,0,-1
2024061440621,2024,061440621,2,1,0,-1,15,-1,-1,-1,4,8,0,1,0,0,1,1,-1,6,1,-1,-1,-1,-1,-1,-1,3,E01034131,0,3
2024010515435,2024,010515435,1,1,9,99,99,9,9,99,99,9,9,99,9,99,1,1,2,2,2,50,8,-1,-1,-1,-1,9,E01004281,0,1
2024421441645,2024,421441645,2,9,0,-1,14,2,6,-1,0,0,0,0,0,0,1,1,-1,1,1,18,4,-1,-1,-1,-1,3,E01021565,0,1
2024061450001,2024,061450001,2,9,0,-1,-1,-1,-1,-1,-1,0,-1,-1,-1,0,-1,1,-1,6,3,-1,-1,-1,-1,-1,-1,-1,-1,0,-1
2024010514230,2024,010514230,3,9,0,4,4,1,5,0,0,1,0,0,0,0,1,1,6,6,1,33,6,-1,-1,-1,-1,2,E01002800,0,1
2024430482273,2024,430482273,2,9,0,13,13,7,3,0,0,1,0,0,0,0,4,1,6,6,3,-1,-1,-1,-1,-1,-1,-1,-1,0,-1
2024201430690,2024,201430690,1,9,0,-1,9,6,4,-1,0,6,0,0,0,0,1,9,-1,6,1,16,4,-1,-1,-1,-1,-1,-1,0,-1
2024010540058,2024,010540058,1,1,0,18,19,7,3,5,5,0,1,0,0,0,0,1,2,2,1,46,8,-1,-1,-1,-1,2,E01002564,0,1
2024101467815,2024,101467815,1,9,0,-1,9,7,5,-1,0,8,0,0,0,0,1,1,-1,2,1,42,7,-1,-1,-1,-1,3,E01033545,0,1
2024101404624,2024,101404624,3,20,0,-1,4,1,5,-1,0,0,0,0,0,0,2,1,-1,1,1,43,7,-1,-1,-1,-1,-1,-1,0,-1
2024010508205,2024,010508205,1,1,9,99,99,9,9,99,99,0,9,99,9,99,9,1,2,2,1,50,8,-1,-1,-1,-1,5,E01004465,0,1
2024451454175,2024,451454175,1,1,0,-1,14,-1,-1,-1,0,0,0,0,0,0,4,1,-1,2,1,46,8,-1,-1,-1,-1,7,E01030864,0,1
2024010497070,2024,010497070,1,1,9,99,99,9,9,99,99,9,9,99,9,99,2,1,6,6,1,14,3,-1,-1,-1,-1,5,E01003639,0,1
2024101479283,2024,101479283,2,1,0,-1,19,1,5,-1,9,0,0,0,0,0,1,1,-1,9,1,16,4,-1,-1,-1,-1,3,E01008379,0,1
202417H106724,2024,17H106724,1,1,0,-1,19,3,7,-1,0,6,0,0,0,0,1,1,-1,9,1,14,3,-1,-1,-1,-1,1,E01033466,0,1
2024461415087,2024,461415087,1,99,0,-1,19,5,1,-1,0,0,0,0,0,0,4,9,-1,6,3,-1,-1,-1,-1,-1,-1,-1,-1,0,-1
2024201508811,2024,201508811,1,99,0,-1,19,6,2,-1,0,0,0,0,0,0,1,9,-1,6,3,16,4,-1,-1,-1,-1,-1,-1,0,-1
2024141422665,2024,141422665,2,9,0,-1,7,5,8,-1,0,1,0,0,0,0,1,9,-1,6,1,26,6,-1,-1,-1,-1,-1,-1,0,-1
2024010489243,2024,010489243,1,9,0,9,9,2,8,0,0,2,0,0,0,0,3,1,6,6,2,64,9,-1,-1,-1,-1,2,E01002033,0,1
2024010519781,2024,010519781,1,1,9,99,99,9,9,99,99,9,9,99,9,99,9,1,6,6,2,31,6,-1,-1,-1,-1,5,E01033099,0,1
2024041479708,2024,041479708,1,1,0,-1,19,3,7,-1,0,0,0,0,0,0,-1,1,-1,6,1,51,8,-1,-1,-1,-1,1,E01012586,0,3
2024411533979,2024,411533979,1,9,0,-1,9,1,7,-1,0,5,0,0,0,0,1,1,-1,6,2,26,6,-1,-1,-1,-1,10,E01033609,0,1
2024131508245,2024,131508245,2,1,0,-1,19,1,5,-1,0,8,0,0,0,0,2,1,-1,9,1,60,9,-1,-1,-1,-1,7,E01011571,0,1
2024340WN2872,2024,340WN2872,2,1,0,-1,19,5,1,-1,0,0,0,0,0,0,3,1,-1,9,1,49,8,-1,-1,-1,-1,10,E01027001,0,2
2024211481587,2024,211481587,2,9,0,-1,7,8,2,-1,0,4,0,0,0,0,3,1,-1,6,-1,-1,-1,-1,-1,-1,-1,-1,-1,0,-1
2024041452423,2024,041452423,2,1,0,-1,19,3,7,-1,0,0,0,0,0,0,1,1,-1,6,1,73,10,-1,-1,-1,-1,1,E01012622,0,1
2024041432010,2024,041432010,1,9,0,-1,4,5,1,-1,9,0,0,0,0,0,4,1,-1,6,3,-1,-1,-1,-1,-1,-1,-1,-1,0,-1
2024070637903,2024,070637903,1,21,1,4,4,3,7,0,0,0,1,7,0,0,1,1,1,1,1,37,7,-1,-1,-1,-1,1,E01005756,0,4
2024010540235,2024,010540235,1,9,0,4,4,7,3,0,0,1,0,0,0,0,2,1,6,6,3,-1,-1,-1,-1,-1,-1,-1,-1,0,-1
2024141450062,2024,141450062,2,98,0,-1,19,1,6,-1,0,1,0,0,0,0,3,9,-1,6,3,-1,-1,-1,-1,-1,-1,-1,-1,0,-1
2024010489430,2024,010489430,1,9,0,18,19,5,1,0,0,1,0,0,0,0,1,1,6,6,1,59,9,-1,-1,-1,-1,4,E01003231,0,1
2024010550141,2024,010550141,2,8,0,2,2,0,0,6,6,0,0,0,0,0,2,1,6,6,3,-1,-1,-1,-1,-1,-1,-1,-1,0,-1
2024332401240,2024,332401240,2,9,0,-1,19,1,5,-1,0,0,0,0,0,0,1,1,-1,9,2,61,9,-1,-1,-1,-1,6,E01002719,0,5
2024461417191,2024,461417191,1,1,0,-1,19,2,6,-1,0,8,0,0,0,0,4,1,-1,7,1,11,3,-1,-1,-1,-1,7,E01024635,0,1
2024531509924,2024,531509924,2,1,0,-1,19,7,3,-1,0,3,0,0,0,0,1,1,-1,6,2,46,8,-1,-1,-1,-1,7,E01022391,0,2
2024522402979,2024,522402979,2,9,0,18,19,9,9,0,0,8,0,0,0,0,1,1,6,6,3,-1,-1,-1,-1,-1,-1,-1,-1,0,-1
2024361478817,2024,361478817,2,9,0,-1,19,3,1,-1,0,4,0,0,0,0,1,1,-1,6,2,20,4,-1,-1,-1,-1,6,E01026446,0,3
2024041421129,2024,041421129,1,-1,0,-1,19,3,7,-1,0,1,0,0,0,0,2,1,-1,9,1,25,5,-1,-1,-1,-1,1,E01012751,1,1
2024211468489,2024,211468489,2,1,0,-1,19,5,1,-1,0,1,0,0,0,0,1,1,-1,6,1,18,4,-1,-1,-1,-1,4,E01029834,0,1
2024010526275,2024,010526275,1,1,0,18,19,1,5,4,4,0,0,0,1,0,3,1,6,6,1,56,9,-1,-1,-1,-1,6,E01002022,0,2
2024411404267,2024,411404267,2,9,0,-1,19,7,3,-1,0,8,0,0,0,0,2,9,-1,1,1,28,6,-1,-1,-1,-1,-1,-1,0,-1
2024010497158,2024,010497158,1,3,0,99,99,9,9,99,99,9,9,99,9,99,9,1,2,2,1,29,6,-1,-1,-1,-1,5,E01023192,0,4
2024141396565,2024,141396565,1,9,0,-1,19,3,7,-1,0,0,0,0,7,9,1,1,-1,9,1,18,4,-1,-1,-1,-1,4,E01007489,0,1
2024991423616,2024,991423616,1,9,0,-1,19,6,2,-1,0,8,0,0,0,0,4,9,-1,6,1,50,8,-1,-1,-1,-1,-1,-1,0,-1
2024991530380,2024,991530380,2,9,0,-1,19,7,3,-1,0,0,0,0,0,0,1,1,-1,1,1,34,6,-1,-1,-1,-1,5,-1,0,3
2024401429930,2024,401429930,2,1,0,-1,19,3,7,-1,0,0,0,0,0,0,3,1,-1,6,1,46,8,-1,-1,-1,-1,9,E01017414,0,1
2024461478944,2024,461478944,2,1,0,-1,19,3,7,-1,0,8,5,0,0,0,2,1,-1,2,1,24,5,-1,-1,-1,-1,8,E01024575,0,2
2024010493627,2024,010493627,1,9,0,99,99,9,9,99,99,9,9,99,9,99,1,9,6,6,3,-1,-1,-1,-1,-1,-1,9,E01003797,0,1
2024010489738,2024,010489738,2,9,0,8,8,4,5,0,0,8,0,0,0,0,1,1,6,6,3,-1,-1,-1,-1,-1,-1,-1,-1,0,-1
2024010489094,2024,010489094,1,9,0,18,19,7,3,0,0,5,0,0,0,0,2,1,6,6,2,33,6,-1,-1,-1,-1,2,E01017594,0,4
2024421468715,2024,421468715,1,1,0,-1,5,5,1,-1,0,6,0,0,0,0,3,1,-1,9,1,16,4,-1,-1,-1,-1,8,E01021677,0,1
2024010523686,2024,010523686,2,9,0,13,13,9,9,99,99,1,9,99,9,99,9,9,6,6,3,-1,-1,-1,-1,-1,-1,-1,-1,0,-1
2024351516793,2024,351516793,1,9,-1,-1,-1,-1,-1,-1,-1,0,-1,-1,-1,0,-1,9,-1,6,3,-1,-1,-1,-1,-1,-1,-1,-1,0,-1
2024010542809,2024,010542809,1,1,9,99,99,9,9,99,99,9,9,99,9,99,9,1,2,2,1,54,8,-1,-1,-1,-1,8,E01004748,0,2
2024041504519,2024,041504519,1,9,0,-1,19,-1,-1,-1,0,1,0,0,0,0,-1,9,-1,6,3,-1,-1,-1,-1,-1,-1,-1,-1,0,-1
2024991403562,2024,991403562,1,1,0,-1,19,7,2,-1,0,2,0,0,0,0,3,1,-1,9,1,55,8,-1,-1,-1,-1,8,-1,0,1
2024471431212,2024,471431212,2,9,0,-1,19,1,5,-1,0,1,0,0,0,0,1,1,-1,9,2,52,8,-1,-1,-1,-1,3,E01031459,0,3
2024061451479,2024,061451479,1,9,0,-1,19,7,3,-1,0,2,0,0,0,0,1,1,-1,6,1,21,5,-1,-1,-1,-1,-1,-1,0,-1
2024401396207,2024,401396207,1,19,0,-1,19,-1,-1,-1,-1,8,0,0,0,0,-1,9,-1,6,3,-1,-1,-1,-1,-1,-1,-1,-1,0,-1
2024401498481,2024,401498481,2,1,0,-1,19,1,5,-1,0,1,0,0,0,0,1,1,-1,6,1,16,4,-1,-1,-1,-1,3,E01015730,0,1
2024010544963,2024,010544963,1,1,0,5,5,1,5,0,0,3,0,0,0,0,1,1,2,2,2,56,9,-1,-1,-1,-1,9,E01003365,0,1
2024501473140,2024,501473140,2,19,0,-1,19,2,6,-1,0,0,0,0,0,0,1,1,-1,9,1,41,7,-1,-1,-1,-1,9,E01012346,0,5
2024010490973,2024,010490973,1,4,0,3,3,5,1,0,0,4,0,0,0,0,2,1,6,6,1,35,6,-1,-1,-1,-1,4,E01001995,0,2
2024010532263,2024,010532263,2,5,0,3,3,2,6,0,0,1,2,0,0,0,1,1,6,6,1,65,9,-1,-1,-1,-1,9,E01015684,0,5
2024481566996,2024,481566996,2,1,0,-1,13,3,7,-1,0,0,0,0,0,0,3,1,-1,9,1,28,6,-1,-1,-1,-1,-1,-1,0,-1
2024141507881,2024,141507881,2,9,0,-1,19,1,5,-1,0,0,0,0,0,0,1,1,-1,6,1,50,8,-1,-1,-1,-1,10,E01008237,0,5
2024010526584,2024,010526584,1,9,0,18,19,5,1,0,0,1,0,0,0,0,3,1,6,6,3,24,5,-1,-1,-1,-1,6,E01000623,0,3
2024552400659,2024,552400659,2,1,0,18,19,1,5,4,4,8,0,0,0,0,3,1,6,6,1,63,9,-1,-1,-1,-1,4,E01020584,0,1
2024302401594,2024,302401594,2,-1,0,18,19,6,2,0,0,8,0,0,0,0,4,1,6,6,1,8,2,-1,-1,-1,-1,1,E01019488,1,3
2024010538580,2024,010538580,2,1,9,99,99,9,9,99,99,9,9,99,9,99,9,1,6,6,1,32,6,-1,-1,-1,-1,6,E01001029,0,1
2024010493351,2024,010493351,2,1,0,9,9,8,5,9,9,2,0,0,0,0,2,1,2,2,2,27,6,-1,-1,-1,-1,3,E01004062,0,1