collision_index,collision_year,collision_ref_no,vehicle_reference,vehicle_type,towing_and_articulation,vehicle_manoeuvre_historic,vehicle_manoeuvre,vehicle_direction_from,vehicle_direction_to,vehicle_location_restricted_lane_historic,vehicle_location_restricted_lane,junction_location,skidding_and_overturning,hit_object_in_carriageway,vehicle_leaving_carriageway,hit_object_off_carriageway,first_point_of_impact,vehicle_left_hand_drive,journey_purpose_of_driver_historic,journey_purpose_of_driver,sex_of_driver,age_of_driver,age_band_of_driver,engine_capacity_cc,propulsion_code,age_of_vehicle,generic_make_model,driver_imd_decile,lsoa_of_driver,escooter_flag,driver_distance_banding
2024061417175,2024,061417175,1,9,-1,-1,-1,-1,-1,-1,-1,-1,-1,-1,-1,0,-1,9,-1,6,3,-1,-1,-1,-1,-1,-1,-1,-1,0,-1
2024311440039,2024,311440039,2,1,0,-1,19,3,7,-1,9,1,1,0,0,0,3,1,-1,9,1,14,3,-1,-1,-1,-1,8,E01028052,0,1
2024361404029,2024,361404029,1,19,0,-1,11,7,4,-1,0,3,0,0,1,2,4,1,-1,2,1,29,6,-1,-1,-1,-1,6,E01027616,0,5
2024010510440,2024,010510440,2,9,0,99,99,9,9,99,99,9,9,99,9,99,1,9,6,6,3,-1,-1,-1,-1,-1,-1,7,E01029166,0,5
2024311477934,2024,311477934,1,9,0,-1,19,5,1,-1,0,0,0,0,0,0,0,1,-1,6,2,56,9,-1,-1,-1,-1,8,E01028348,0,3
2024430478977,2024,430478977,1,3,0,18,19,5,2,0,0,0,0,0,0,0,1,1,6,6,1,28,6,-1,-1,-1,-1,7,E01016778,0,1
2024440222122,2024,440222122,1,9,0,18,19,4,8,0,0,2,0,0,0,0,4,1,6,6,3,-1,-1,-1,-1,-1,-1,-1,-1,0,-1
2024302500142,2024,302500142,2,1,0,-1,19,5,1,-1,0,8,0,0,0,0,1,1,-1,2,1,18,4,-1,-1,-1,-1,4,E01013494,0,1
2024221478763,2024,221478763,1,9,0,-1,14,1,5,-1,0,1,0,0,0,0,4,9,-1,6,3,21,5,-1,-1,-1,-1,-1,-1,0,-1
2024531500809,2024,531500809,2,1,0,-1,19,6,2,-1,0,0,0,0,1,9,3,1,-1,9,1,24,5,-1,-1,-1,-1,9,E01022185,0,1
2024010549124,2024,010549124,2,9,0,14,14,5,1,0,0,2,0,0,0,0,1,1,6,6,3,-1,-1,-1,-1,-1,-1,-1,-1,0,-1
2024545410324,2024,545410324,1,9,0,2,2,0,0,0,0,0,0,0,0,0,3,1,6,6,1,31,6,-1,-1,-1,-1,4,E01032087,0,1
2024401427129,2024,401427129,1,9,-1,-1,19,5,1,-1,0,0,0,0,0,0,4,1,-1,6,3,-1,-1,-1,-1,-1,-1,-1,-1,0,-1
2024131484623,2024,131484623,1,9,0,-1,-1,-1,-1,-1,-1,-1,-1,-1,-1,-1,-1,1,-1,6,3,-1,-1,-1,-1,-1,-1,-1,-1,0,-1
2024131425088,2024,131425088,1,1,0,-1,19,7,3,-1,0,0,0,0,0,0,3,1,-1,9,1,35,6,-1,-1,-1,-1,3,E01011319,0,1
2024111414898,2024,111414898,1,9,0,-1,4,2,6,-1,0,0,0,0,0,0,1,1,-1,6,1,30,6,-1,-1,-1,-1,-1,-1,0,-1
2024010517207,2024,010517207,2,1,0,18,19,8,4,0,0,1,5,0,0,0,4,1,6,6,1,23,5,-1,-1,-1,-1,4,E01003017,0,2
2024461487405,2024,461487405,1,9,0,-1,-1,-1,-1,-1,-1,-1,-1,-1,-1,0,-1,9,-1,6,1,78,11,-1,-1,-1,-1,7,E01018064,0,5
2024991448772,2024,991448772,1,19,3,-1,7,4,6,-1,0,6,0,0,0,0,2,2,-1,9,1,69,10,-1,-1,-1,-1,-1,-1,0,-1
2024131477374,2024,131477374,2,1,0,-1,-1,-1,-1,-1,-1,0,-1,-1,-1,0,-1,1,-1,9,2,7,2,-1,-1,-1,-1,3,E01011776,0,1
2024131413695,2024,131413695,1,9,0,-1,-1,-1,-1,-1,-1,-1,-1,-1,-1,-1,-1,1,-1,6,3,-1,-1,-1,-1,-1,-1,-1,-1,0,-1
2024010527300,2024,010527300,1,1,9,18,19,9,9,99,99,9,9,99,9,99,9,1,6,6,1,46,8,-1,-1,-1,-1,8,E01004514,0,1
2024440196646,2024,440196646,1,1,0,18,19,6,2,0,0,0,0,0,0,0,2,1,2,2,1,25,5,-1,-1,-1,-1,7,E01023165,0,4
2024010539723,2024,010539723,2,1,0,18,19,1,5,0,0,1,0,0,0,0,1,1,6,6,2,27,6,-1,-1,-1,-1,4,E01003211,0,1
2024101404769,2024,101404769,1,19,0,-1,19,4,8,-1,0,8,0,0,0,0,0,9,-1,6,3,-1,-1,-1,-1,-1,-1,-1,-1,0,-1
2024010500458,2024,010500458,1,1,9,99,99,9,9,99,99,0,9,99,9,99,9,1,6,6,1,43,7,-1,-1,-1,-1,9,E01003362,0,1
2024501413892,2024,501413892,2,1,0,-1,19,7,4,-1,0,8,5,0,0,0,9,1,-1,6,1,46,8,-1,-1,-1,-1,4,E01015142,0,1
2024010494526,2024,010494526,2,19,0,18,19,1,5,0,0,3,0,0,0,0,0,1,6,6,1,54,8,-1,-1,-1,-1,6,E01001266,0,2
2024010533894,2024,010533894,1,1,0,18,19,5,1,0,0,0,0,0,0,0,4,1,6,6,1,42,7,-1,-1,-1,-1,5,E01001164,0,1
2024010542152,2024,010542152,2,1,0,18,19,1,5,0,0,0,0,8,0,0,1,1,6,6,1,74,10,-1,-1,-1,-1,6,E01003843,0,1
2024010503740,2024,010503740,2,1,0,18,19,5,1,2,2,1,0,0,0,0,1,1,6,6,2,25,5,-1,-1,-1,-1,5,E01004676,0,1
2024010524154,2024,010524154,1,9,0,99,99,9,9,99,99,9,9,99,9,99,2,9,6,6,1,40,7,-1,-1,-1,-1,6,E01001217,0,1
2024211512509,2024,211512509,2,9,0,-1,2,0,0,-1,0,1,0,0,0,0,2,1,-1,6,-1,-1,-1,-1,-1,-1,-1,-1,-1,0,-1
2024201413512,2024,201413512,2,1,0,-1,19,7,3,-1,0,4,0,0,0,0,1,1,-1,2,1,43,7,-1,-1,-1,-1,1,E01010404,0,1
2024161423609,2024,161423609,2,9,0,-1,9,6,4,-1,0,1,0,0,0,0,1,9,-1,6,2,-1,-1,-1,-1,-1,-1,-1,-1,0,-1
2024010530004,2024,010530004,1,19,0,99,99,9,9,99,99,9,9,99,9,99,9,9,6,6,3,-1,-1,-1,-1,-1,-1,-1,-1,0,-1
2024041421180,2024,041421180,1,9,0,-1,5,5,1,-1,0,1,0,0,0,0,3,9,-1,6,3,-1,-1,-1,-1,-1,-1,-1,-1,0,-1
2024991499971,2024,991499971,1,9,0,-1,19,7,3,-1,0,0,0,0,0,0,1,1,-1,2,1,30,6,-1,-1,-1,-1,6,-1,0,4
2024122500033,2024,122500033,2,1,0,7,7,7,3,0,0,4,0,0,0,0,2,1,6,6,2,45,7,-1,-1,-1,-1,7,E01027707,0,1
2024501406814,2024,501406814,2,9,0,-1,19,5,1,-1,0,8,0,0,0,0,4,9,-1,1,2,57,9,-1,-1,-1,-1,6,E01020204,0,1
2024501447537,2024,501447537,1,9,0,-1,19,3,1,-1,0,1,0,0,0,0,1,1,-1,6,3,-1,-1,-1,-1,-1,-1,-1,-1,0,-1
2024991517345,2024,991517345,2,1,0,-1,19,1,5,-1,9,0,0,0,0,0,1,1,-1,9,1,34,6,-1,-1,-1,-1,-1,-1,0,-1
2024440507160,2024,440507160,1,9,0,18,19,3,7,0,0,0,0,0,0,0,1,1,6,6,1,44,7,-1,-1,-1,-1,-1,-1,0,-1
2024010505535,2024,010505535,1,9,0,13,13,5,1,0,0,1,1,10,0,0,3,1,6,6,1,28,6,-1,-1,-1,-1,-1,-1,0,-1
2024231433347,2024,231433347,1,99,0,-1,19,5,1,-1,0,0,0,0,0,0,0,9,-1,6,3,45,7,-1,-1,-1,-1,-1,-1,0,-1
2024122401285,2024,122401285,2,9,0,18,19,5,1,0,0,0,0,0,0,0,2,1,6,6,1,49,8,-1,-1,-1,-1,8,E01027216,0,5
2024311488347,2024,311488347,2,1,-1,-1,19,7,3,-1,0,0,0,0,0,0,4,1,-1,6,2,11,3,-1,-1,-1,-1,-1,-1,0,-1
2024340WN3072,2024,340WN3072,2,1,0,-1,19,1,5,-1,0,1,0,0,0,0,1,1,-1,6,1,29,6,-1,-1,-1,-1,7,E01027135,0,1
2024101483636,2024,101483636,1,11,0,-1,19,7,3,-1,2,0,0,0,0,0,0,9,-1,1,3,40,7,-1,-1,-1,-1,-1,-1,0,-1
2024522402516,2024,522402516,1,1,0,18,19,7,3,0,0,8,0,0,0,0,1,1,6,6,2,54,8,-1,-1,-1,-1,9,E01014794,0,1
2024451441661,2024,451441661,2,9,0,-1,19,8,4,-1,0,1,0,0,0,0,1,1,-1,9,2,60,9,-1,-1,-1,-1,9,E01030821,0,1
2024041462410,2024,041462410,2,9,0,-1,8,1,3,-1,0,2,0,0,0,0,3,1,-1,2,2,33,6,-1,-1,-1,-1,3,E01025071,0,3
2024010514636,2024,010514636,1,23,5,99,99,9,9,99,99,9,9,99,9,99,9,1,6,6,2,-1,-1,-1,-1,-1,-1,3,E01001812,0,1
2024461506898,2024,461506898,2,9,0,-1,19,2,5,-1,0,4,0,0,0,0,4,9,-1,9,2,36,7,-1,-1,-1,-1,8,E01016096,0,1
2024411516719,2024,411516719,1,20,0,-1,3,2,4,-1,0,1,0,0,0,0,1,1,-1,6,3,-1,-1,-1,-1,-1,-1,-1,-1,0,-1
2024141522520,2024,141522520,1,9,0,-1,4,6,1,-1,0,1,0,0,0,0,2,1,-1,9,2,64,9,-1,-1,-1,-1,3,E01008148,0,2
2024520401208,2024,520401208,1,9,0,17,19,3,1,0,0,8,1,0,7,0,3,1,6,6,1,19,4,-1,-1,-1,-1,7,E01029243,0,2
2024201506040,2024,201506040,3,9,0,-1,10,3,1,-1,0,8,0,0,0,0,0,1,-1,8,1,39,7,-1,-1,-1,-1,1,E01008913,0,1
2024161503808,2024,161503808,1,11,0,-1,19,7,3,-1,0,0,0,0,0,0,9,9,-1,1,1,53,8,-1,-1,-1,-1,-1,-1,0,-1
2024161506321,2024,161506321,2,1,0,-1,19,7,3,-1,9,1,0,0,0,0,1,1,-1,6,1,12,3,-1,-1,-1,-1,-1,-1,0,-1
2024461471876,2024,461471876,1,-1,0,-1,19,4,8,-1,0,8,0,0,0,0,3,1,-1,9,1,42,7,-1,-1,-1,-1,1,E01016017,1,1
2024401518026,2024,401518026,2,1,-1,-1,-1,-1,-1,-1,-1,0,-1,-1,-1,0,4,1,-1,6,1,-1,-1,-1,-1,-1,-1,4,E01015785,0,1
2024141472536,2024,141472536,2,1,0,-1,7,6,8,-1,0,0,0,0,0,0,1,1,-1,6,1,40,7,-1,-1,-1,-1,5,E01007882,0,1
2024122400878,2024,122400878,1,9,0,5,5,4,8,0,0,0,0,0,0,0,2,1,6,6,1,31,6,-1,-1,-1,-1,1,E01012059,0,4
2024231468169,2024,231468169,1,97,0,-1,19,4,8,-1,0,1,0,0,0,0,0,1,-1,6,1,35,6,-1,-1,-1,-1,-1,-1,0,-1
2024471454544,2024,471454544,4,1,0,-1,4,3,7,-1,9,1,0,0,0,0,1,1,-1,9,1,11,3,-1,-1,-1,-1,5,E01031385,0,1
2024461458533,2024,461458533,2,1,0,-1,9,3,1,-1,0,8,0,0,0,0,2,1,-1,9,1,54,8,-1,-1,-1,-1,10,E01024733,0,1
2024991537721,2024,991537721,2,9,0,-1,3,4,7,-1,0,1,0,0,0,0,2,1,-1,2,2,23,5,-1,-1,-1,-1,-1,-1,0,-1
2024991447860,2024,991447860,1,9,0,-1,9,2,8,-1,0,8,0,0,0,0,1,1,-1,9,1,41,7,-1,-1,-1,-1,7,-1,0,1
2024451457933,2024,451457933,1,9,0,-1,9,7,3,-1,9,1,0,0,0,0,1,1,-1,1,1,48,8,-1,-1,-1,-1,7,E01030968,0,3
2024201448771,2024,201448771,2,9,0,-1,19,3,6,-1,0,4,0,0,0,0,1,1,-1,6,3,16,4,-1,-1,-1,-1,-1,-1,0,-1
2024440063492,2024,440063492,1,22,0,18,19,6,2,9,9,0,0,0,0,0,3,1,6,6,2,79,11,-1,-1,-1,-1,10,E01022790,0,1
2024471407515,2024,471407515,1,9,0,-1,-1,-1,-1,-1,-1,0,-1,-1,-1,0,-1,9,-1,6,3,-1,-1,-1,-1,-1,-1,-1,-1,0,-1
2024161404927,2024,161404927,1,9,0,-1,19,8,4,-1,0,0,0,0,0,0,1,1,-1,9,1,30,6,-1,-1,-1,-1,-1,-1,0,-1
2024010528458,2024,010528458,2,8,0,99,99,9,9,99,99,9,9,99,9,99,9,9,6,6,3,-1,-1,-1,-1,-1,-1,-1,-1,0,-1
2024501516033,2024,501516033,2,9,0,-1,2,0,0,-1,0,0,0,0,0,0,2,1,-1,6,2,34,6,-1,-1,-1,-1,-1,-1,0,-1
2024052401989,2024,052401989,1,8,0,9,9,7,5,0,0,8,0,0,0,0,1,1,6,6,3,-1,-1,-1,-1,-1,-1,-1,-1,0,-1
2024101403212,2024,101403212,1,9,0,-1,9,6,2,-1,0,8,0,0,0,0,1,1,-1,9,1,35,6,-1,-1,-1,-1,4,E01008796,0,1
2024461509871,2024,461509871,1,98,0,-1,19,5,1,-1,0,0,0,0,0,0,1,1,-1,6,-1,40,7,-1,-1,-1,-1,-1,-1,0,-1
2024010492996,2024,010492996,1,9,0,5,5,0,1,9,9,6,0,0,0,0,1,1,6,6,1,59,9,-1,-1,-1,-1,-1,-1,0,-1
2024520402093,2024,520402093,2,1,0,18,19,8,6,0,0,8,0,0,0,0,1,1,6,6,1,60,9,-1,-1,-1,-1,6,E01032652,0,1
2024010493697,2024,010493697,2,9,0,99,99,9,9,99,99,9,9,99,9,99,9,9,6,6,3,-1,-1,-1,-1,-1,-1,-1,-1,0,-1
2024052401852,2024,052401852,2,1,0,18,19,1,5,0,0,1,0,0,0,0,1,1,6,6,1,65,9,-1,-1,-1,-1,1,E01006564,0,1
2024221475336,2024,221475336,1,9,0,-1,19,6,1,-1,0,0,1,0,0,0,1,1,-1,6,1,28,6,-1,-1,-1,-1,4,E01028978,0,2
2024440166389,2024,440166389,1,8,0,9,9,2,7,0,0,8,0,0,0,0,3,1,1,1,1,31,6,-1,-1,-1,-1,4,E01017282,0,1
2024141529925,2024,141529925,1,9,0,-1,9,5,1,-1,0,4,1,0,0,0,3,1,-1,9,1,62,9,-1,-1,-1,-1,6,E01007321,0,2
2024010538301,2024,010538301,1,1,9,99,99,9,9,99,99,9,9,99,9,99,1,1,6,6,1,42,7,-1,-1,-1,-1,2,E01004444,0,1
2024421429026,2024,421429026,1,9,0,-1,19,2,6,-1,0,0,0,0,0,0,-1,9,-1,6,3,-1,-1,-1,-1,-1,-1,-1,-1,0,-1
2024501413032,2024,501413032,1,9,0,-1,19,8,4,-1,0,0,0,0,0,0,1,9,-1,2,1,27,6,-1,-1,-1,-1,8,E01020240,0,2
2024010501354,2024,010501354,2,1,0,18,19,7,3,0,0,1,0,0,0,0,2,1,6,6,2,25,5,-1,-1,-1,-1,2,E01000858,0,2
2024010491255,2024,010491255,1,9,9,18,19,5,1,9,9,2,0,0,0,0,0,9,6,6,1,-1,-1,-1,-1,-1,-1,-1,-1,0,-1
2024631472908,2024,631472908,4,9,0,-1,19,2,6,-1,0,0,0,0,0,0,1,1,-1,6,1,32,6,-1,-1,-1,-1,7,W01000497,0,3
2024411414506,2024,411414506,1,1,0,-1,19,8,4,-1,0,3,0,0,0,0,0,1,-1,6,1,62,9,-1,-1,-1,-1,10,E01023558,0,1
2024010533442,2024,010533442,3,1,9,99,99,9,9,99,99,9,9,99,9,99,9,1,6,6,2,6,2,-1,-1,-1,-1,7,E01002714,0,3
2024221440328,2024,221440328,2,9,0,-1,19,3,1,-1,0,0,0,0,0,0,3,9,-1,6,1,22,5,-1,-1,-1,-1,6,E01032460,0,4
2024991512757,2024,991512757,1,9,0,-1,19,2,6,-1,0,0,0,0,0,0,1,1,-1,9,1,33,6,-1,-1,-1,-1,4,-1,0,1
2024010537764,2024,010537764,1,9,0,9,9,4,2,0,0,8,0,0,0,0,0,1,6,6,1,52,8,-1,-1,-1,-1,4,E01000532,0,1
2024471408037,2024,471408037,1,1,0,-1,5,7,3,-1,2,2,0,0,3,0,3,1,-1,2,1,30,6,-1,-1,-1,-1,2,E01016964,0,1
2024201417124,2024,201417124,1,9,0,-1,19,1,3,-1,0,8,0,0,0,0,1,1,-1,6,2,30,6,-1,-1,-1,-1,-1,-1,0,-1
2024430402236,2024,430402236,2,9,-1,-1,-1,-1,-1,0,0,3,0,-1,-1,-1,9,1,6,6,1,30,6,-1,-1,-1,-1,-1,-1,0,-1
2024451419099,2024,451419099,1,1,0,-1,19,7,3,-1,0,0,0,0,0,0,1,1,-1,6,1,58,9,-1,-1,-1,-1,7,E01030921,0,3
2024351414066,2024,351414066,2,1,0,-1,19,5,1,-1,4,8,5,0,0,0,4,1,-1,1,1,60,9,-1,-1,-1,-1,10,E01017995,0,1
2024451458076,2024,451458076,2,98,0,-1,19,1,3,-1,0,4,0,0,0,0,1,9,-1,6,3,40,7,-1,-1,-1,-1,-1,-1,0,-1
2024520401676,2024,520401676,3,9,0,2,2,0,0,6,6,1,0,0,0,0,4,1,6,6,3,-1,-1,-1,-1,-1,-1,-1,-1,0,-1
2024041399631,2024,041399631,1,90,0,-1,19,3,7,-1,0,0,0,0,0,0,1,1,-1,1,1,62,9,-1,-1,-1,-1,7,E01025004,0,2
2024430105868,2024,430105868,2,21,0,18,19,8,4,0,0,0,0,0,0,0,1,1,6,6,1,58,9,-1,-1,-1,-1,-1,-1,0,-1
2024101486768,2024,101486768,1,11,0,-1,4,1,5,-1,0,0,0,0,0,0,0,1,-1,1,1,-1,-1,-1,-1,-1,-1,-1,-1,0,-1
2024531413747,2024,531413747,1,9,0,-1,2,0,0,-1,0,0,0,0,0,0,3,1,-1,6,1,55,8,-1,-1,-1,-1,9,E01022101,0,1
2024991506654,2024,991506654,1,5,0,-1,19,2,6,-1,0,0,0,0,0,0,3,1,-1,9,1,70,10,-1,-1,-1,-1,6,-1,0,1
2024161474392,2024,161474392,2,9,0,-1,1,8,4,-1,0,0,0,0,0,0,2,1,-1,6,1,-1,-1,-1,-1,-1,-1,-1,-1,0,-1
2024430446501,2024,430446501,1,19,0,18,19,7,3,0,0,0,0,0,0,0,4,1,6,6,3,-1,-1,-1,-1,-1,-1,-1,-1,0,-1
2024320407683,2024,320407683,1,9,0,-1,-1,8,4,0,0,0,0,0,7,11,1,1,6,6,1,25,5,-1,-1,-1,-1,4,E01013227,0,4
2024131514519,2024,131514519,3,9,0,-1,2,0,0,-1,0,8,0,0,0,0,3,1,-1,6,-1,-1,-1,-1,-1,-1,-1,-1,-1,0,-1
2024010527279,2024,010527279,2,1,0,14,14,7,3,0,0,1,0,0,0,0,1,1,6,6,1,51,8,-1,-1,-1,-1,10,E01030329,0,3
2024161453718,2024,161453718,1,11,0,-1,19,7,3,-1,0,8,0,0,0,0,0,9,-1,1,1,42,7,-1,-1,-1,-1,1,E01012846,0,2
2024302400936,2024,302400936,1,9,0,18,19,5,1,0,0,1,0,0,0,0,1,1,6,6,3,-1,-1,-1,-1,-1,-1,5,E01019456,0,3
2024221523256,2024,221523256,4,9,0,-1,3,5,1,-1,0,0,0,0,0,0,2,9,-1,6,1,57,9,-1,-1,-1,-1,3,E01033246,0,1
2024010495551,2024,010495551,1,1,9,99,99,9,9,99,99,9,9,99,9,99,9,1,2,2,1,27,6,-1,-1,-1,-1,10,E01000766,0,2
2024451422333,2024,451422333,3,1,0,-1,19,1,1,-1,0,0,9,0,0,0,1,1,-1,6,1,30,6,-1,-1,-1,-1,-1,-1,0,-1
2024522402395,2024,522402395,1,9,0,18,19,9,9,0,0,0,0,0,0,0,4,1,6,6,3,-1,-1,-1,-1,-1,-1,-1,-1,0,-1
202460Q189260,2024,60Q189260,2,9,0,16,19,6,4,0,0,3,0,0,0,0,4,1,6,6,1,46,8,-1,-1,-1,-1,-1,-1,0,-1
2024522402391,2024,522402391,2,97,0,7,7,3,5,0,0,6,0,0,0,0,1,1,6,6,3,-1,-1,-1,-1,-1,-1,-1,-1,0,-1
2024371472065,2024,371472065,2,9,0,-1,19,7,3,-1,0,8,1,0,0,0,0,1,-1,2,1,46,8,-1,-1,-1,-1,1,E01030279,0,1
2024010550289,2024,010550289,1,8,0,99,99,9,9,99,99,9,9,99,9,99,9,9,6,6,3,-1,-1,-1,-1,-1,-1,3,E01001192,0,3
2024010507991,2024,010507991,2,1,0,14,14,3,7,0,0,1,0,0,0,0,0,1,6,6,1,20,4,-1,-1,-1,-1,3,E01003438,0,2
2024201488776,2024,201488776,2,1,0,-1,9,7,5,-1,0,6,0,0,0,0,1,1,-1,6,1,23,5,-1,-1,-1,-1,3,E01009045,0,1
2024010549676,2024,010549676,1,1,9,99,99,9,9,99,99,9,9,99,9,99,1,1,2,2,1,53,8,-1,-1,-1,-1,10,E01017768,0,4
2024010548851,2024,010548851,2,-1,0,99,99,9,9,5,5,1,9,0,0,0,1,1,6,6,3,-1,-1,-1,-1,-1,-1,-1,-1,1,-1
2024411404254,2024,411404254,2,9,0,-1,3,1,5,-1,0,0,0,0,0,0,2,1,-1,9,2,39,7,-1,-1,-1,-1,3,E01023343,0,4
2024610033724,2024,610033724,1,90,0,18,19,7,3,0,0,0,0,0,0,0,1,1,6,6,3,-1,-1,-1,-1,-1,-1,-1,-1,0,-1
2024991483721,2024,991483721,1,90,0,-1,12,4,8,-1,0,0,0,0,0,0,1,1,-1,1,1,29,6,-1,-1,-1,-1,5,-1,0,1
2024101418461,2024,101418461,1,1,0,-1,19,3,7,-1,0,1,0,0,0,0,4,1,-1,6,1,50,8,-1,-1,-1,-1,-1,-1,0,-1
2024041498941,2024,041498941,1,1,0,-1,19,3,7,-1,0,1,0,0,0,0,1,1,-1,2,1,11,3,-1,-1,-1,-1,1,E01012649,0,1
2024311492016,2024,311492016,2,-1,0,-1,19,2,6,-1,0,0,0,0,0,0,1,1,-1,6,1,22,5,-1,-1,-1,-1,4,E01028335,1,1
2024501443937,2024,501443937,2,9,0,-1,4,1,5,-1,0,8,0,0,1,0,1,1,-1,2,1,64,9,-1,-1,-1,-1,7,E01015103,0,1
2024501452661,2024,501452661,3,9,0,-1,19,7,3,-1,0,0,0,0,0,0,1,1,-1,9,2,52,8,-1,-1,-1,-1,8,E01028807,0,5
2024010516254,2024,010516254,1,9,0,18,19,5,1,0,0,1,0,0,0,0,3,1,6,6,1,17,4,-1,-1,-1,-1,4,E01001232,0,1
2024451410482,2024,451410482,2,9,0,-1,4,1,5,-1,0,0,0,0,0,0,1,9,-1,6,3,41,7,-1,-1,-1,-1,-1,-1,0,-1
2024451409570,2024,451409570,2,9,0,-1,19,1,5,-1,0,1,0,0,0,0,-1,9,-1,6,3,-1,-1,-1,-1,-1,-1,-1,-1,0,-1
2024411487526,2024,411487526,2,1,-1,-1,-1,-1,-1,-1,-1,-1,-1,-1,-1,0,3,1,-1,9,1,31,6,-1,-1,-1,-1,1,E01033456,0,4
2024010522204,2024,010522204,1,1,9,99,99,9,9,99,99,9,9,99,9,99,1,1,2,2,2,32,6,-1,-1,-1,-1,2,E01001147,0,1
2024010491393,2024,010491393,2,98,0,99,99,9,9,99,99,9,9,99,9,99,0,9,6,6,3,-1,-1,-1,-1,-1,-1,-1,-1,0,-1
2024010518275,2024,010518275,2,1,0,14,14,5,1,0,0,2,5,0,0,0,4,1,6,6,2,29,6,-1,-1,-1,-1,9,E01023969,0,4
2024451497611,2024,451497611,2,1,0,-1,19,5,1,-1,0,8,5,0,0,0,3,1,-1,9,1,54,8,-1,-1,-1,-1,8,E01030979,0,1
2024991513979,2024,991513979,2,9,0,-1,2,0,0,-1,0,1,0,0,0,0,1,2,-1,6,3,-1,-1,-1,-1,-1,-1,-1,-1,0,-1
2024061483135,2024,061483135,2,9,0,-1,19,-1,-1,-1,0,0,0,0,0,0,1,1,-1,6,3,-1,-1,-1,-1,-1,-1,-1,-1,0,-1
2024610015124,2024,610015124,1,-1,0,18,19,8,4,0,0,0,0,0,0,0,0,1,6,6,1,16,4,-1,-1,-1,-1,1,W01001536,1,1
2024440282659,2024,440282659,1,9,0,18,19,1,5,0,0,0,0,0,0,0,2,1,6,6,3,60,9,-1,-1,-1,-1,6,E01017092,0,1
2024041422913,2024,041422913,1,98,0,-1,19,6,2,-1,0,0,0,0,0,0,0,9,-1,6,3,-1,-1,-1,-1,-1,-1,-1,-1,0,-1
2024010490727,2024,010490727,2,9,0,5,5,6,2,0,0,1,1,0,0,0,2,1,6,6,2,43,7,-1,-1,-1,-1,7,E01030423,0,4
2024010487255,2024,010487255,1,9,0,6,6,1,1,0,0,0,0,0,0,0,3,1,1,1,1,39,7,-1,-1,-1,-1,2,E01002751,0,1
2024010495235,2024,010495235,2,-1,0,18,19,5,1,0,0,1,0,0,0,0,1,1,6,6,1,22,5,-1,-1,-1,-1,4,E01004274,1,1
2024010496683,2024,010496683,1,3,0,99,99,9,9,99,99,9,9,99,9,99,1,1,1,1,1,29,6,-1,-1,-1,-1,2,E01001461,0,3
2024010488596,2024,010488596,2,11,0,99,99,9,9,99,99,9,9,99,9,99,2,9,6,6,1,63,9,-1,-1,-1,-1,6,E01002919,0,2
2024010496991,2024,010496991,1,3,0,99,99,9,9,99,99,9,9,99,9,99,1,1,1,1,3,25,5,-1,-1,-1,-1,4,E01023333,0,1
2024131470916,2024,131470916,2,1,0,-1,19,3,7,-1,9,0,0,0,0,0,2,1,-1,6,1,62,9,-1,-1,-1,-1,3,E01011779,0,1
2024401406428,2024,401406428,1,9,0,-1,1,3,7,-1,0,1,0,0,0,0,2,1,-1,9,1,35,6,-1,-1,-1,-1,2,E01015760,0,1
2024010487339,2024,010487339,1,3,0,99,99,9,9,99,99,9,9,99,9,99,1,1,6,6,1,37,7,-1,-1,-1,-1,2,E01000508,0,4
2024201574901,2024,201574901,1,9,0,-1,11,1,5,-1,0,0,0,0,0,0,4,1,-1,6,3,-1,-1,-1,-1,-1,-1,-1,-1,0,-1
2024052401684,2024,052401684,1,9,0,18,19,1,5,0,0,0,0,0,0,0,2,1,6,6,1,77,11,-1,-1,-1,-1,6,E01007251,0,1
2024471405204,2024,471405204,1,9,0,-1,19,8,4,-1,0,0,0,0,1,1,1,2,-1,9,1,60,9,-1,-1,-1,-1,10,E01016983,0,1
2024991499160,2024,991499160,1,9,0,-1,13,6,2,-1,0,1,0,0,0,0,4,1,-1,6,2,79,11,-1,-1,-1,-1,6,-1,0,2
2024010490127,2024,010490127,3,9,0,18,19,1,5,0,0,8,0,0,0,0,1,1,6,6,3,-1,-1,-1,-1,-1,-1,-1,-1,0,-1
202454C856424,2024,54C856424,1,9,0,14,14,2,6,0,0,0,0,0,0,0,1,1,6,6,2,84,11,-1,-1,-1,-1,9,E01032058,0,1
2024302400016,2024,302400016,2,11,0,2,2,0,0,0,0,2,0,0,0,0,0,1,1,1,3,-1,-1,-1,-1,-1,-1,-1,-1,0,-1
2024161414780,2024,161414780,2,1,0,-1,19,2,6,-1,0,0,0,0,0,0,1,1,-1,2,1,65,9,-1,-1,-1,-1,1,E01012809,0,1
2024010515903,2024,010515903,2,19,0,99,99,9,9,99,99,5,9,99,9,99,9,9,6,6,1,-1,-1,-1,-1,-1,-1,8,E01002518,0,4
2024010498376,2024,010498376,1,1,9,99,99,9,9,4,4,1,9,99,9,99,9,1,2,2,1,27,6,-1,-1,-1,-1,3,E01035671,0,1
2024010489814,2024,010489814,2,9,0,18,19,1,5,0,0,8,0,0,0,0,1,1,1,1,1,43,7,-1,-1,-1,-1,6,E01003701,0,1
2024340NN1752,2024,340NN1752,1,11,0,-1,19,1,5,-1,0,1,0,0,0,0,4,1,-1,1,1,32,6,-1,-1,-1,-1,3,E01035412,0,1
2024010549691,2024,010549691,1,90,0,99,99,9,9,99,99,9,9,99,9,99,9,9,2,2,1,41,7,-1,-1,-1,-1,5,E01003217,0,3
2024161498812,2024,161498812,2,9,0,-1,5,5,1,-1,0,6,0,0,0,0,1,1,-1,6,3,-1,-1,-1,-1,-1,-1,-1,-1,0,-1
2024991554519,2024,991554519,1,10,0,-1,5,8,4,-1,0,3,0,0,1,0,1,1,-1,9,1,64,9,-1,-1,-1,-1,-1,-1,0,-1
2024010525976,2024,010525976,1,1,0,5,5,3,7,9,9,1,1,0,0,0,3,1,6,6,1,22,5,-1,-1,-1,-1,4,E01029386,0,5
2024010532091,2024,010532091,2,1,9,99,99,9,9,99,99,9,9,99,9,99,9,1,6,6,3,-1,-1,-1,-1,-1,-1,-1,-1,0,-1
2024131434484,2024,131434484,1,9,0,-1,5,3,7,-1,4,1,0,0,0,0,1,1,-1,6,3,-1,-1,-1,-1,-1,-1,-1,-1,0,-1