collision_index,collision_year,collision_ref_no,vehicle_reference,vehicle_type,towing_and_articulation,vehicle_manoeuvre_historic,vehicle_manoeuvre,vehicle_direction_from,vehicle_direction_to,vehicle_location_restricted_lane_historic,vehicle_location_restricted_lane,junction_location,skidding_and_overturning,hit_object_in_carriageway,vehicle_leaving_carriageway,hit_object_off_carriageway,first_point_of_impact,vehicle_left_hand_drive,journey_purpose_of_driver_historic,journey_purpose_of_driver,sex_of_driver,age_of_driver,age_band_of_driver,engine_capacity_cc,propulsion_code,age_of_vehicle,generic_make_model,driver_imd_decile,lsoa_of_driver,escooter_flag,driver_distance_banding
2024520000313,2024,520000313,2,9,0,9,9,4,2,0,0,6,0,0,0,0,1,9,6,6,3,-1,-1,-1,-1,-1,-1,-1,-1,0,-1
2024010487746,2024,010487746,4,9,0,2,2,0,0,0,0,0,0,0,0,0,3,1,6,6,3,-1,-1,-1,-1,-1,-1,-1,-1,0,-1
2024010532988,2024,010532988,1,1,0,18,19,2,6,0,0,8,0,0,0,0,1,1,6,6,1,24,5,-1,-1,-1,-1,-1,-1,0,-1
2024332400748,2024,332400748,3,9,0,-1,19,6,2,-1,0,2,5,0,0,0,3,1,-1,6,2,52,8,-1,-1,-1,-1,-1,-1,0,-1
2024371521952,2024,371521952,2,1,0,-1,19,2,6,-1,0,2,0,0,0,0,2,1,-1,9,2,47,8,-1,-1,-1,-1,1,E01033131,0,1
2024010520152,2024,010520152,2,1,0,10,10,2,1,0,0,5,0,0,0,0,2,1,6,6,2,16,4,-1,-1,-1,-1,3,E01001784,0,1
2024440012812,2024,440012812,1,9,0,17,19,6,2,0,0,0,0,0,1,0,1,1,6,6,3,-1,-1,-1,-1,-1,-1,-1,-1,0,-1
2024471467528,2024,471467528,1,1,0,-1,19,7,3,-1,0,0,0,0,1,0,0,1,-1,9,1,63,9,-1,-1,-1,-1,9,E01031727,0,4
2024010496667,2024,010496667,3,9,0,18,19,1,5,0,0,0,0,0,0,0,0,1,6,6,3,34,6,-1,-1,-1,-1,-1,-1,0,-1
2024061459575,2024,061459575,2,9,4,-1,19,5,1,-1,0,0,0,0,0,0,2,1,-1,9,1,61,9,-1,-1,-1,-1,6,E01005057,0,1
2024991554342,2024,991554342,1,-1,0,-1,19,7,3,-1,9,6,1,0,7,0,1,1,-1,9,1,14,3,-1,-1,-1,-1,6,-1,1,1
2024010492691,2024,010492691,1,3,0,99,99,9,9,99,99,9,9,99,9,99,9,1,1,1,2,35,6,-1,-1,-1,-1,4,E01032566,0,2
2024010534999,2024,010534999,1,1,9,99,99,9,9,99,99,9,9,99,9,99,9,1,2,2,1,27,6,-1,-1,-1,-1,10,E01030326,0,1
2024421408874,2024,421408874,1,9,0,-1,19,7,3,-1,0,0,0,0,0,0,1,9,-1,6,3,-1,-1,-1,-1,-1,-1,-1,-1,0,-1
2024010496201,2024,010496201,1,9,0,99,99,9,9,99,99,9,9,99,9,99,9,9,6,6,1,34,6,-1,-1,-1,-1,4,E01003537,0,1
2024430098298,2024,430098298,2,9,0,11,11,4,8,0,0,0,0,0,0,0,4,1,6,6,1,20,4,-1,-1,-1,-1,-1,-1,0,-1
2024430050764,2024,430050764,2,1,0,18,19,7,3,0,0,8,0,0,0,0,4,1,2,2,1,69,10,-1,-1,-1,-1,9,E01035741,0,1
2024010514263,2024,010514263,2,1,0,18,19,5,1,0,0,1,0,0,0,0,1,1,6,6,1,54,8,-1,-1,-1,-1,3,E01002702,0,1
2024302401654,2024,302401654,1,9,0,-1,12,2,7,-1,0,8,0,0,0,0,1,1,-1,6,3,-1,-1,-1,-1,-1,-1,5,E01019456,0,3
2024010515326,2024,010515326,1,1,9,99,99,9,9,99,99,1,9,99,9,99,9,1,2,2,1,38,7,-1,-1,-1,-1,4,E01001241,0,1
2024221412438,2024,221412438,2,9,0,-1,19,1,5,-1,0,4,0,0,0,0,1,1,-1,6,2,21,5,-1,-1,-1,-1,8,E01029905,0,5
2024430423725,2024,430423725,3,21,1,10,10,1,7,8,6,1,0,0,0,0,0,2,1,1,1,41,7,-1,-1,-1,-1,-1,-1,0,-1
2024010539232,2024,010539232,1,1,9,5,5,5,1,0,0,9,9,0,0,0,2,1,1,1,1,31,6,-1,-1,-1,-1,2,E01002741,0,1
2024201478276,2024,201478276,3,9,0,-1,19,5,1,-1,0,4,0,0,0,0,2,1,-1,1,1,32,6,-1,-1,-1,-1,3,E01009508,0,1
2024311470137,2024,311470137,1,1,0,-1,19,7,3,-1,0,0,5,0,0,0,3,1,-1,6,1,32,6,-1,-1,-1,-1,1,E01010311,0,4
2024161497791,2024,161497791,2,1,0,-1,19,8,4,-1,0,3,0,0,0,0,1,1,-1,9,1,51,8,-1,-1,-1,-1,4,E01013146,0,1
2024311526277,2024,311526277,2,9,0,-1,4,1,5,-1,0,0,0,0,0,0,2,1,-1,6,1,21,5,-1,-1,-1,-1,-1,-1,0,-1
2024131507798,2024,131507798,2,1,0,-1,19,7,1,-1,0,1,0,0,0,0,2,1,-1,9,1,15,3,-1,-1,-1,-1,1,E01010840,0,1
2024010527361,2024,010527361,1,8,0,99,99,9,9,99,99,9,9,99,9,99,0,9,6,6,3,-1,-1,-1,-1,-1,-1,-1,-1,0,-1
2024010548542,2024,010548542,1,1,9,99,99,9,9,99,99,0,9,99,9,99,9,1,6,6,2,24,5,-1,-1,-1,-1,3,E01001744,0,1
2024131432719,2024,131432719,1,9,0,-1,-1,-1,-1,-1,-1,-1,-1,-1,-1,0,-1,1,-1,6,3,-1,-1,-1,-1,-1,-1,-1,-1,0,-1
2024010517868,2024,010517868,1,-1,0,18,19,5,1,9,9,1,0,0,0,0,1,1,6,6,1,36,7,-1,-1,-1,-1,6,E01003167,1,1
2024010524672,2024,010524672,2,1,0,15,15,1,5,9,9,1,0,0,0,0,3,1,2,2,1,43,7,-1,-1,-1,-1,6,E01000555,0,1
202417L208124,2024,17L208124,2,1,0,-1,19,4,8,-1,0,4,0,0,0,0,1,1,-1,6,1,27,6,-1,-1,-1,-1,1,E01012268,0,3
2024010530471,2024,010530471,2,98,9,99,99,9,9,99,99,9,9,99,9,99,2,9,6,6,3,-1,-1,-1,-1,-1,-1,-1,-1,0,-1
2024991402330,2024,991402330,2,9,0,-1,19,6,7,-1,0,1,0,0,0,0,1,1,-1,6,3,28,6,-1,-1,-1,-1,2,E01030599,0,5
2024371541191,2024,371541191,2,1,0,-1,19,7,3,-1,0,1,1,0,0,0,2,1,-1,6,1,78,11,-1,-1,-1,-1,3,E01030278,0,1
2024501491231,2024,501491231,2,1,0,-1,19,1,5,-1,0,8,0,99,0,0,4,1,-1,9,1,48,8,-1,-1,-1,-1,10,E01019999,0,1
2024070568014,2024,070568014,2,90,0,18,19,4,8,0,0,0,5,0,0,0,2,1,6,6,1,32,6,-1,-1,-1,-1,7,E01018450,0,3
2024131407388,2024,131407388,2,1,0,-1,19,7,3,-1,0,8,0,0,0,0,3,1,-1,6,1,15,3,-1,-1,-1,-1,1,E01011472,0,1
2024131428398,2024,131428398,1,9,0,-1,-1,-1,-1,-1,-1,1,-1,-1,-1,0,-1,1,-1,6,3,-1,-1,-1,-1,-1,-1,-1,-1,0,-1
2024221501079,2024,221501079,3,9,0,-1,3,8,4,-1,0,0,0,0,0,0,2,1,-1,6,1,46,8,-1,-1,-1,-1,8,E01034781,0,3
2024010490638,2024,010490638,2,9,0,99,99,9,9,99,99,9,9,99,9,99,9,9,6,6,3,-1,-1,-1,-1,-1,-1,-1,-1,0,-1
2024371531715,2024,371531715,1,9,0,-1,5,1,5,-1,0,1,0,0,0,0,1,1,-1,6,1,49,8,-1,-1,-1,-1,7,E01029937,0,2
2024010490740,2024,010490740,3,90,0,99,99,9,9,99,99,9,9,99,9,99,9,9,6,6,1,56,9,-1,-1,-1,-1,8,E01030718,0,1
2024010496606,2024,010496606,2,9,0,99,99,9,9,99,99,9,9,99,9,99,9,9,6,6,3,-1,-1,-1,-1,-1,-1,-1,-1,0,-1
2024542673224,2024,542673224,3,9,0,4,4,1,5,0,0,1,0,0,0,0,2,1,6,6,2,51,8,-1,-1,-1,-1,5,E01032065,0,1
2024061532476,2024,061532476,7,9,0,-1,15,1,5,-1,0,0,0,0,3,0,1,1,-1,8,1,29,6,-1,-1,-1,-1,-1,-1,0,-1
2024440480484,2024,440480484,2,1,0,18,19,6,2,0,0,8,0,0,0,0,1,1,3,7,1,11,3,-1,-1,-1,-1,7,E01022813,0,1
2024430235201,2024,430235201,1,19,0,2,2,0,0,0,0,0,0,0,0,0,4,1,2,2,1,46,8,-1,-1,-1,-1,4,E01022551,0,4
2024522401516,2024,522401516,2,19,0,13,13,7,3,0,0,0,0,0,0,0,0,1,6,6,3,-1,-1,-1,-1,-1,-1,-1,-1,0,-1
2024320110077,2024,320110077,1,9,0,-1,-1,4,8,0,0,1,0,0,0,0,4,1,-1,-1,2,38,7,-1,-1,-1,-1,2,E01026166,0,1
2024522401461,2024,522401461,2,9,0,5,5,9,9,0,0,4,0,0,0,0,1,1,6,6,3,-1,-1,-1,-1,-1,-1,-1,-1,0,-1
2024010487716,2024,010487716,1,1,9,99,99,9,9,99,99,9,9,99,9,99,9,1,6,6,1,29,6,-1,-1,-1,-1,7,E01004512,0,1
2024430009724,2024,430009724,4,9,0,18,19,8,4,0,0,0,0,0,0,0,1,1,6,6,1,-1,-1,-1,-1,-1,-1,5,E01022814,0,4
2024041464797,2024,041464797,2,1,0,-1,19,7,3,-1,0,0,0,0,0,0,1,1,-1,6,1,55,8,-1,-1,-1,-1,9,E01025348,0,4
2024540096724,2024,540096724,1,9,0,18,19,1,5,0,0,0,0,0,7,4,1,1,6,6,2,51,8,-1,-1,-1,-1,4,E01032014,0,2
2024320583889,2024,320583889,2,9,0,-1,-1,4,8,0,0,8,0,0,0,0,4,1,1,1,1,58,9,-1,-1,-1,-1,2,E01026050,0,1
2024010500966,2024,010500966,2,9,0,99,99,9,9,99,99,9,9,99,9,99,1,9,6,6,3,-1,-1,-1,-1,-1,-1,-1,-1,0,-1
2024122400229,2024,122400229,2,1,0,18,19,3,7,0,0,8,0,0,0,0,3,1,6,6,1,26,6,-1,-1,-1,-1,10,E01027732,0,1
2024010505870,2024,010505870,1,1,0,18,19,1,5,5,5,1,0,10,0,0,1,1,6,6,1,58,9,-1,-1,-1,-1,3,E01001448,0,1
2024201482418,2024,201482418,1,9,0,-1,14,3,7,-1,0,1,0,0,0,0,1,9,-1,6,3,-1,-1,-1,-1,-1,-1,-1,-1,0,-1
2024991450671,2024,991450671,2,1,0,-1,19,3,8,-1,0,1,5,0,0,0,1,1,-1,6,1,60,9,-1,-1,-1,-1,8,-1,0,2
2024201511490,2024,201511490,1,9,0,-1,19,6,2,-1,0,8,0,0,0,0,1,1,-1,9,1,18,4,-1,-1,-1,-1,7,E01010317,0,1
2024010493573,2024,010493573,2,9,0,2,2,0,0,0,0,2,0,0,0,0,1,1,6,6,3,-1,-1,-1,-1,-1,-1,-1,-1,0,-1
2024010495621,2024,010495621,1,9,0,99,99,9,9,99,99,9,9,99,9,99,9,9,6,6,1,40,7,-1,-1,-1,-1,3,E01002243,0,3
2024061465129,2024,061465129,1,9,-1,-1,-1,-1,-1,-1,-1,0,-1,-1,-1,0,-1,9,-1,6,3,-1,-1,-1,-1,-1,-1,-1,-1,0,-1
2024131501576,2024,131501576,1,9,0,-1,19,6,2,-1,0,0,0,0,0,0,1,1,-1,6,1,-1,-1,-1,-1,-1,-1,-1,-1,0,-1
2024010489002,2024,010489002,1,9,0,5,5,5,1,0,0,1,0,0,0,0,1,1,6,6,1,58,9,-1,-1,-1,-1,9,E01030846,0,2
2024010488889,2024,010488889,1,9,0,18,19,7,3,0,0,2,0,0,0,0,1,1,6,6,1,17,4,-1,-1,-1,-1,6,E01001068,0,1
2024421492468,2024,421492468,1,-1,0,-1,19,6,2,-1,9,1,0,0,0,0,1,1,-1,6,1,14,3,-1,-1,-1,-1,-1,-1,1,-1
2024552401222,2024,552401222,2,9,0,18,19,4,8,0,0,1,0,0,0,0,1,1,2,2,1,46,8,-1,-1,-1,-1,10,E01015455,0,2
2024430146590,2024,430146590,1,22,0,18,19,8,4,9,9,8,0,0,0,0,4,1,6,6,1,-1,-1,-1,-1,-1,-1,-1,-1,0,-1
2024201472886,2024,201472886,1,9,0,-1,19,1,4,-1,0,8,2,7,7,0,1,9,-1,6,3,27,6,-1,-1,-1,-1,3,E01010020,0,1
2024010488891,2024,010488891,2,19,0,7,7,1,3,0,0,6,0,0,0,0,0,1,6,6,1,54,8,-1,-1,-1,-1,3,E01003579,0,1
2024421474006,2024,421474006,1,90,0,-1,19,7,3,-1,0,8,0,0,0,0,1,1,-1,1,1,31,6,-1,-1,-1,-1,4,E01016008,0,4
2024010532570,2024,010532570,2,1,0,9,9,8,5,0,0,4,0,0,0,0,2,1,6,6,1,53,8,-1,-1,-1,-1,7,E01002812,0,3
2024430244330,2024,430244330,1,9,0,7,7,3,5,0,0,5,0,0,0,0,1,1,6,6,1,32,6,-1,-1,-1,-1,2,E01017156,0,4
2024440307072,2024,440307072,1,-1,0,18,19,4,8,0,0,0,0,0,0,0,1,1,6,6,1,48,8,-1,-1,-1,-1,6,E01017138,1,1
2024451498659,2024,451498659,1,9,0,-1,3,7,3,-1,0,0,0,0,0,0,3,1,-1,9,1,33,6,-1,-1,-1,-1,4,E01034287,0,2
2024010496300,2024,010496300,1,3,0,99,99,9,9,99,99,1,9,99,9,99,1,9,1,1,1,37,7,-1,-1,-1,-1,4,E01000612,0,1
2024201503311,2024,201503311,2,-1,0,-1,11,6,2,-1,0,8,0,0,0,0,2,9,-1,9,1,28,6,-1,-1,-1,-1,5,E01009689,1,2
2024531434009,2024,531434009,1,9,0,-1,19,1,5,-1,0,6,0,0,0,0,1,1,-1,1,1,34,6,-1,-1,-1,-1,9,E01022104,0,3
2024010534744,2024,010534744,2,9,0,16,19,7,3,0,0,0,0,0,0,0,1,1,6,6,3,-1,-1,-1,-1,-1,-1,-1,-1,0,-1
2024401454242,2024,401454242,2,9,0,-1,19,8,3,-1,0,0,0,0,0,0,4,1,-1,6,1,69,10,-1,-1,-1,-1,3,E01017619,0,1
2024320488984,2024,320488984,2,1,0,-1,-1,6,2,0,0,0,5,0,0,0,3,1,6,6,1,80,11,-1,-1,-1,-1,6,E01026220,0,1
2024010518570,2024,010518570,2,9,0,99,99,9,9,99,99,9,9,99,9,99,9,9,6,6,2,-1,-1,-1,-1,-1,-1,3,E01000485,0,1
2024320523937,2024,320523937,2,1,0,-1,-1,6,2,0,0,0,5,0,0,0,0,1,6,6,1,34,6,-1,-1,-1,-1,1,E01026109,0,1
2024610011524,2024,610011524,2,9,0,18,19,1,5,0,0,0,0,0,0,0,1,1,6,6,1,-1,-1,-1,-1,-1,-1,-1,-1,0,-1
2024010489198,2024,010489198,2,9,0,99,99,9,9,99,99,0,9,99,9,99,9,9,6,6,3,-1,-1,-1,-1,-1,-1,-1,-1,0,-1
2024010536792,2024,010536792,2,1,0,4,4,1,5,0,0,0,0,0,0,0,1,1,6,6,1,35,6,-1,-1,-1,-1,4,E01003203,0,1
2024010539235,2024,010539235,1,1,9,18,19,7,3,9,9,9,9,0,9,0,3,1,6,6,1,-1,-1,-1,-1,-1,-1,-1,-1,0,-1
2024052401354,2024,052401354,2,1,0,18,19,8,4,0,0,1,0,0,0,0,1,1,4,7,1,14,3,-1,-1,-1,-1,1,E01007055,0,1
2024052402232,2024,052402232,1,9,0,4,4,3,7,0,0,0,0,0,0,0,2,1,6,6,3,-1,-1,-1,-1,-1,-1,-1,-1,0,-1
2024311410353,2024,311410353,2,9,0,-1,4,5,1,-1,0,1,0,0,0,0,2,1,-1,6,1,-1,-1,-1,-1,-1,-1,2,E01031010,0,4
2024461456614,2024,461456614,1,1,0,-1,19,7,3,-1,0,1,9,0,0,0,1,1,-1,6,1,-1,-1,-1,-1,-1,-1,8,E01024100,0,1
2024231447601,2024,231447601,2,9,0,-1,19,1,4,-1,0,0,0,0,0,0,2,1,-1,6,1,45,7,-1,-1,-1,-1,4,E01032415,0,2
2024052401547,2024,052401547,2,11,0,18,19,4,8,0,0,1,0,0,0,0,0,1,1,1,1,-1,-1,-1,-1,-1,-1,-1,-1,0,-1
2024440389142,2024,440389142,2,-1,0,18,19,6,2,0,0,8,0,0,0,0,1,1,6,6,1,22,5,-1,-1,-1,-1,6,E01017092,1,1
2024302400764,2024,302400764,1,19,0,18,19,4,8,0,0,0,0,0,0,0,4,1,6,6,3,-1,-1,-1,-1,-1,-1,5,E01019456,0,4
2024991412634,2024,991412634,1,97,0,-1,19,6,2,-1,0,1,0,0,0,0,1,1,-1,6,1,23,5,-1,-1,-1,-1,5,-1,0,1
2024201466385,2024,201466385,2,9,0,-1,19,6,2,-1,0,1,0,0,0,0,3,1,-1,6,2,54,8,-1,-1,-1,-1,2,E01009754,0,1
2024010543768,2024,010543768,1,19,0,18,19,7,3,0,0,1,0,0,0,0,1,1,1,1,1,66,10,-1,-1,-1,-1,7,E01033571,0,2
202460Q100770,2024,60Q100770,1,9,0,17,19,4,8,0,0,0,0,0,0,0,1,1,6,6,1,-1,-1,-1,-1,-1,-1,-1,-1,0,-1
2024471519560,2024,471519560,2,1,0,-1,19,-1,-1,-1,0,0,0,0,0,0,0,1,-1,7,2,17,4,-1,-1,-1,-1,9,E01031823,0,1
2024010520887,2024,010520887,1,1,0,9,9,5,2,0,0,1,0,0,0,0,2,1,6,6,1,49,8,-1,-1,-1,-1,3,E01002797,0,1
2024430584777,2024,430584777,1,9,0,5,5,6,2,0,0,1,0,0,0,0,1,1,6,6,1,-1,-1,-1,-1,-1,-1,-1,-1,0,-1
2024070856666,2024,070856666,1,1,0,-1,19,3,7,-1,-1,1,0,0,0,0,1,1,-1,-1,1,40,7,-1,-1,-1,-1,8,E01012551,0,1
2024010492320,2024,010492320,1,3,0,5,5,7,3,0,0,8,0,0,0,0,1,1,6,6,1,27,6,-1,-1,-1,-1,2,E01003057,0,1
2024430432105,2024,430432105,2,1,0,16,19,4,7,0,0,0,0,0,0,0,2,1,6,6,1,42,7,-1,-1,-1,-1,-1,-1,0,-1
2024010542631,2024,010542631,2,9,9,99,99,9,9,99,99,9,9,99,9,99,9,9,6,6,3,-1,-1,-1,-1,-1,-1,-1,-1,0,-1
2024010545545,2024,010545545,1,11,0,4,4,1,5,0,0,2,0,0,0,0,0,1,1,1,1,41,7,-1,-1,-1,-1,3,E01002429,0,1
2024041481572,2024,041481572,2,1,0,-1,19,3,7,-1,9,0,0,0,0,0,1,1,-1,1,2,58,9,-1,-1,-1,-1,1,E01012619,0,1
2024440020319,2024,440020319,1,9,0,17,19,4,2,0,0,0,0,0,0,0,1,1,6,6,1,76,11,-1,-1,-1,-1,1,E01017036,0,1
2024440173416,2024,440173416,2,3,0,18,19,2,6,0,0,8,0,0,0,0,3,1,1,1,1,38,7,-1,-1,-1,-1,5,E01030433,0,1
2024991405687,2024,991405687,1,-1,0,-1,19,8,4,-1,0,1,0,0,0,0,1,1,-1,9,1,14,3,-1,-1,-1,-1,5,-1,1,1
2024041460576,2024,041460576,1,1,0,-1,19,2,8,-1,1,0,0,0,0,0,1,1,-1,9,1,57,9,-1,-1,-1,-1,1,E01005667,0,4
2024131519415,2024,131519415,1,9,0,-1,-1,-1,-1,-1,-1,-1,-1,-1,-1,-1,-1,1,-1,6,3,-1,-1,-1,-1,-1,-1,-1,-1,0,-1
2024070486205,2024,070486205,1,9,0,18,19,3,7,0,0,0,1,0,8,4,1,1,6,6,1,17,4,-1,-1,-1,-1,10,E01005930,0,1
2024421425380,2024,421425380,1,9,0,-1,4,3,7,-1,0,1,0,0,0,0,1,1,-1,6,2,32,6,-1,-1,-1,-1,7,E01034093,0,3
2024221461603,2024,221461603,1,1,0,-1,19,5,1,-1,0,8,0,0,0,0,1,1,-1,1,1,16,4,-1,-1,-1,-1,3,E01034329,0,1
2024010491927,2024,010491927,2,9,9,99,99,9,9,99,99,9,9,99,9,99,9,9,6,6,3,-1,-1,-1,-1,-1,-1,-1,-1,0,-1
2024010496359,2024,010496359,2,3,0,14,14,1,5,0,0,4,0,0,7,0,1,1,6,6,1,18,4,-1,-1,-1,-1,6,E01024187,0,3
2024522401325,2024,522401325,2,1,0,18,19,2,6,0,0,8,0,0,0,0,1,1,6,6,1,56,9,-1,-1,-1,-1,7,E01014651,0,1
2024461518483,2024,461518483,2,1,0,-1,19,5,1,-1,0,0,0,0,0,0,1,1,-1,6,1,32,6,-1,-1,-1,-1,2,E01024664,0,1
2024010541362,2024,010541362,2,1,0,18,19,3,7,0,0,1,0,0,0,0,4,1,6,6,1,59,9,-1,-1,-1,-1,2,E01003346,0,3
2024141489382,2024,141489382,2,1,0,-1,19,4,8,-1,0,0,0,0,0,0,3,1,-1,6,1,16,4,-1,-1,-1,-1,1,E01007662,0,1
2024552400827,2024,552400827,3,9,0,18,19,2,6,0,0,2,0,0,0,0,2,1,6,6,3,-1,-1,-1,-1,-1,-1,-1,-1,0,-1
2024340WN6272,2024,340WN6272,2,-1,0,-1,10,7,5,-1,0,8,0,0,0,0,3,1,-1,2,1,23,5,-1,-1,-1,-1,1,E01027177,1,1
2024401502039,2024,401502039,1,9,-1,-1,-1,-1,-1,-1,-1,0,-1,-1,-1,0,-1,9,-1,6,3,-1,-1,-1,-1,-1,-1,-1,-1,0,-1
2024010513176,2024,010513176,1,1,9,99,99,9,9,99,99,9,9,99,9,99,9,1,6,6,1,51,8,-1,-1,-1,-1,8,E01002963,0,1
2024471477651,2024,471477651,1,9,0,-1,19,5,1,-1,0,0,1,0,0,0,1,1,-1,2,1,28,6,-1,-1,-1,-1,5,E01031611,0,2
2024332400824,2024,332400824,2,9,0,-1,19,5,1,-1,0,4,0,0,0,0,1,1,-1,6,3,-1,-1,-1,-1,-1,-1,-1,-1,0,-1
2024361456453,2024,361456453,2,9,-1,-1,-1,-1,-1,-1,-1,-1,-1,-1,-1,0,-1,9,-1,6,3,-1,-1,-1,-1,-1,-1,-1,-1,0,-1
2024010531520,2024,010531520,1,1,9,99,99,9,9,99,99,9,9,99,9,99,9,1,2,2,1,27,6,-1,-1,-1,-1,6,E01035715,0,1
2024430148761,2024,430148761,1,1,0,18,19,3,7,0,0,1,0,0,0,0,1,1,6,6,1,33,6,-1,-1,-1,-1,3,E01022132,0,4
2024010494143,2024,010494143,1,11,0,18,19,1,5,0,0,2,0,0,0,0,0,1,1,1,1,66,10,-1,-1,-1,-1,2,E01001687,0,3
2024320424726,2024,320424726,2,9,0,-1,-1,4,8,0,0,0,0,0,1,0,1,1,-1,-1,1,73,10,-1,-1,-1,-1,5,E01026213,0,3
2024111420750,2024,111420750,2,9,0,-1,19,4,8,-1,0,0,0,1,1,0,2,1,-1,6,2,27,6,-1,-1,-1,-1,7,E01027418,0,4
2024010540263,2024,010540263,2,9,0,9,9,2,8,0,0,1,0,0,0,0,3,1,6,6,3,-1,-1,-1,-1,-1,-1,-1,-1,0,-1
2024340WN3412,2024,340WN3412,2,9,0,-1,19,3,7,-1,0,1,0,0,3,0,4,1,-1,9,1,80,11,-1,-1,-1,-1,8,E01027212,0,2
2024070641848,2024,070641848,1,9,0,18,19,1,5,0,0,1,0,0,0,0,3,1,6,6,2,-1,-1,-1,-1,-1,-1,-1,-1,0,-1
2024361544694,2024,361544694,2,1,0,-1,19,8,4,-1,0,0,0,0,0,0,2,1,-1,6,1,86,11,-1,-1,-1,-1,5,E01026737,0,3
2024010497879,2024,010497879,1,9,0,14,14,7,3,0,0,0,0,0,0,0,4,1,6,6,2,25,5,-1,-1,-1,-1,8,E01002328,0,1
2024061492605,2024,061492605,2,1,0,-1,13,4,8,-1,0,9,2,0,0,0,3,1,-1,6,1,30,6,-1,-1,-1,-1,5,E01019752,0,2
2024991422221,2024,991422221,2,19,0,-1,2,0,0,-1,9,2,0,0,0,0,0,1,-1,6,3,-1,-1,-1,-1,-1,-1,-1,-1,0,-1
2024610012524,2024,610012524,2,9,0,18,19,7,3,0,0,0,0,0,0,0,3,1,6,6,2,85,11,-1,-1,-1,-1,9,W01001641,0,1
2024010516462,2024,010516462,1,1,0,18,19,1,5,0,0,8,0,0,0,0,1,1,6,6,2,29,6,-1,-1,-1,-1,9,E01000849,0,1
2024211530952,2024,211530952,1,23,0,-1,13,6,1,-1,0,0,0,0,0,0,1,1,-1,6,-1,-1,-1,-1,-1,-1,-1,-1,-1,0,-1
2024122400115,2024,122400115,1,9,0,18,19,4,8,0,0,0,0,0,0,0,1,1,6,6,3,-1,-1,-1,-1,-1,-1,-1,-1,0,-1
2024131511104,2024,131511104,2,-1,0,-1,19,3,7,-1,0,1,0,0,0,0,4,1,-1,1,1,22,5,-1,-1,-1,-1,3,E01011944,1,1
2024201513659,2024,201513659,1,9,0,-1,19,7,3,-1,0,8,0,0,0,0,1,1,-1,6,1,29,6,-1,-1,-1,-1,9,E01019326,0,5
2024451494180,2024,451494180,1,1,0,-1,19,6,2,-1,0,8,0,0,0,0,1,1,-1,9,1,40,7,-1,-1,-1,-1,10,E01030923,0,1
2024201475140,2024,201475140,1,9,0,-1,19,7,3,-1,0,8,0,0,0,0,1,1,-1,6,1,52,8,-1,-1,-1,-1,2,E01009890,0,2
2024010492641,2024,010492641,2,9,0,99,99,9,9,99,99,0,9,99,9,99,9,9,6,6,1,22,5,-1,-1,-1,-1,3,E01003164,0,1
2024010487268,2024,010487268,1,3,0,99,99,9,9,99,99,0,9,99,9,99,2,1,6,6,1,24,5,-1,-1,-1,-1,6,E01003140,0,2
2024421417017,2024,421417017,2,9,0,-1,9,4,6,-1,0,1,0,0,0,0,1,1,-1,9,1,44,7,-1,-1,-1,-1,6,E01026924,0,5
2024161482872,2024,161482872,2,1,0,-1,19,3,7,-1,0,0,0,0,0,0,4,1,-1,6,1,64,9,-1,-1,-1,-1,8,E01035469,0,1
2024141478293,2024,141478293,2,1,0,-1,19,1,5,-1,0,1,0,0,0,0,4,1,-1,6,1,18,4,-1,-1,-1,-1,2,E01008107,0,1
2024520500026,2024,520500026,1,1,0,18,19,4,8,0,0,1,0,0,0,0,3,1,6,6,2,12,3,-1,-1,-1,-1,5,E01029094,0,1
2024548529924,2024,548529924,2,1,0,18,19,7,3,0,0,1,0,0,0,0,1,1,6,6,1,53,8,-1,-1,-1,-1,3,E01031856,0,1
2024161455225,2024,161455225,2,9,0,-1,19,6,1,-1,0,1,0,0,0,0,1,9,-1,6,3,-1,-1,-1,-1,-1,-1,-1,-1,0,-1
2024201457316,2024,201457316,2,22,0,-1,5,6,2,-1,0,0,0,0,0,0,1,1,-1,6,1,60,9,-1,-1,-1,-1,-1,-1,0,-1
2024010490345,2024,010490345,1,8,0,99,99,9,9,99,99,9,9,99,9,99,2,9,1,1,1,47,8,-1,-1,-1,-1,6,E01001214,0,2
2024010489299,2024,010489299,2,9,0,99,99,9,9,99,99,9,9,99,9,99,9,9,6,6,3,-1,-1,-1,-1,-1,-1,-1,-1,0,-1
2024010511257,2024,010511257,1,1,0,18,19,1,5,0,0,1,0,0,0,0,3,1,6,6,1,25,5,-1,-1,-1,-1,4,E01003549,0,2
2024041470432,2024,041470432,1,98,0,-1,19,5,1,-1,0,0,0,0,0,0,1,1,-1,6,3,-1,-1,-1,-1,-1,-1,-1,-1,0,-1
2024211496991,2024,211496991,1,99,0,-1,19,5,1,-1,0,0,0,0,0,0,3,1,-1,6,3,20,4,-1,-1,-1,-1,-1,-1,0,-1
2024440481272,2024,440481272,2,19,0,18,19,5,1,0,0,8,0,0,0,0,4,1,2,2,1,47,8,-1,-1,-1,-1,5,E01023129,0,1
2024010515512,2024,010515512,2,1,0,18,19,7,3,0,0,1,0,0,0,0,1,1,6,6,1,62,9,-1,-1,-1,-1,3,E01004755,0,1
2024531531066,2024,531531066,2,9,0,-1,2,5,1,-1,0,0,0,0,0,0,2,1,-1,2,1,54,8,-1,-1,-1,-1,6,E01022442,0,2
2024471432292,2024,471432292,1,1,0,-1,9,1,5,-1,0,2,0,0,0,0,1,1,-1,6,1,13,3,-1,-1,-1,-1,10,E01016984,0,1
2024010497383,2024,010497383,1,3,0,99,99,9,9,99,99,9,9,99,9,99,1,1,1,1,1,46,8,-1,-1,-1,-1,2,E01001558,0,2
2024430336172,2024,430336172,1,1,0,18,19,7,3,0,0,1,0,0,0,0,1,1,4,7,2,12,3,-1,-1,-1,-1,9,E01028723,0,1