collision_index,collision_year,collision_ref_no,vehicle_reference,vehicle_type,towing_and_articulation,vehicle_manoeuvre_historic,vehicle_manoeuvre,vehicle_direction_from,vehicle_direction_to,vehicle_location_restricted_lane_historic,vehicle_location_restricted_lane,junction_location,skidding_and_overturning,hit_object_in_carriageway,vehicle_leaving_carriageway,hit_object_off_carriageway,first_point_of_impact,vehicle_left_hand_drive,journey_purpose_of_driver_historic,journey_purpose_of_driver,sex_of_driver,age_of_driver,age_band_of_driver,engine_capacity_cc,propulsion_code,age_of_vehicle,generic_make_model,driver_imd_decile,lsoa_of_driver,escooter_flag,driver_distance_banding
2024010514252,2024,010514252,2,-1,9,99,99,9,9,0,0,5,9,0,9,99,4,9,6,6,1,17,4,-1,-1,-1,-1,2,E01003045,1,1
2024010540329,2024,010540329,2,9,9,99,99,9,9,99,99,9,9,99,9,99,9,9,6,6,3,-1,-1,-1,-1,-1,-1,-1,-1,0,-1
2024430292165,2024,430292165,2,9,0,18,19,2,6,0,0,6,0,0,0,0,1,1,6,6,1,-1,-1,-1,-1,-1,-1,-1,-1,0,-1
2024101522181,2024,101522181,1,98,0,-1,3,4,8,-1,0,0,0,0,0,0,-1,9,-1,6,3,-1,-1,-1,-1,-1,-1,-1,-1,0,-1
2024161502391,2024,161502391,1,97,0,-1,19,6,2,-1,0,0,5,12,0,0,1,1,-1,6,1,79,11,-1,-1,-1,-1,10,E01013405,0,4
2024010551357,2024,010551357,2,9,0,99,99,9,9,99,99,9,9,99,9,99,9,9,6,6,3,-1,-1,-1,-1,-1,-1,-1,-1,0,-1
2024010528632,2024,010528632,2,90,9,99,99,9,9,99,99,9,9,99,9,99,9,9,6,6,3,-1,-1,-1,-1,-1,-1,-1,-1,0,-1
2024520401813,2024,520401813,1,90,9,18,19,7,3,0,0,0,0,0,0,0,3,1,6,6,3,-1,-1,-1,-1,-1,-1,-1,-1,0,-1
2024221424213,2024,221424213,1,1,0,-1,19,2,6,-1,0,0,0,0,0,0,3,1,-1,6,1,86,11,-1,-1,-1,-1,10,E01022143,0,3
2024552500076,2024,552500076,2,1,0,18,19,8,4,0,0,8,0,0,0,0,4,1,2,2,1,39,7,-1,-1,-1,-1,8,E01015356,0,2
2024010550027,2024,010550027,2,1,0,18,19,3,7,0,0,2,0,4,0,0,1,1,2,2,2,34,6,-1,-1,-1,-1,3,E01035640,0,1
2024610051424,2024,610051424,1,9,0,18,19,2,6,0,0,0,0,0,0,0,1,1,6,6,1,81,11,-1,-1,-1,-1,7,W01001594,0,2
2024211450700,2024,211450700,1,9,0,-1,19,5,1,-1,0,0,1,0,0,0,1,1,-1,6,1,41,7,-1,-1,-1,-1,9,E01029509,0,1
2024010548604,2024,010548604,1,19,0,99,99,9,9,99,99,9,9,99,9,99,9,9,6,6,1,35,6,-1,-1,-1,-1,7,E01017578,0,4
2024010539012,2024,010539012,2,1,0,18,19,3,7,5,5,1,0,0,0,0,1,1,2,2,1,40,7,-1,-1,-1,-1,2,E01003558,0,1
2024161489967,2024,161489967,1,9,0,-1,19,8,4,-1,0,0,0,0,0,0,2,9,-1,6,1,41,7,-1,-1,-1,-1,6,E01012765,0,1
2024351519250,2024,351519250,3,9,0,-1,4,4,8,-1,0,1,0,0,0,0,0,9,-1,6,3,-1,-1,-1,-1,-1,-1,-1,-1,0,-1
2024010492894,2024,010492894,1,3,0,99,99,9,9,99,99,9,9,99,9,99,9,1,2,2,1,26,6,-1,-1,-1,-1,5,E01001393,0,1
2024061495064,2024,061495064,1,9,0,-1,19,4,4,-1,0,0,0,0,0,0,1,9,-1,6,1,-1,-1,-1,-1,-1,-1,-1,-1,0,-1
2024461407086,2024,461407086,1,19,0,-1,19,5,1,-1,0,0,0,0,0,0,1,9,-1,6,3,-1,-1,-1,-1,-1,-1,-1,-1,0,-1
2024401518065,2024,401518065,3,9,0,-1,19,3,7,-1,0,2,0,0,0,0,0,1,-1,6,-1,-1,-1,-1,-1,-1,-1,-1,-1,0,-1
2024201517781,2024,201517781,2,-1,0,-1,19,2,6,-1,4,2,0,0,0,0,2,1,-1,6,1,15,3,-1,-1,-1,-1,5,E01010069,1,1
2024201445872,2024,201445872,1,9,0,-1,19,2,6,-1,0,0,0,0,0,0,1,9,-1,2,1,47,8,-1,-1,-1,-1,9,E01029631,0,3
2024201423848,2024,201423848,2,9,0,-1,3,5,1,-1,0,0,0,0,0,0,1,1,-1,6,1,-1,-1,-1,-1,-1,-1,-1,-1,0,-1
2024010503756,2024,010503756,1,1,9,99,99,9,9,99,99,0,9,99,9,99,9,1,6,6,1,36,7,-1,-1,-1,-1,4,E01003608,0,1
2024141412629,2024,141412629,2,1,0,-1,19,3,8,-1,0,8,0,0,0,0,1,1,-1,6,1,54,8,-1,-1,-1,-1,4,E01008142,0,2
2024451453492,2024,451453492,2,1,0,-1,19,2,6,-1,0,0,0,0,0,0,2,1,-1,9,1,56,9,-1,-1,-1,-1,10,E01030366,0,1
2024010539446,2024,010539446,4,9,0,-1,-1,5,1,0,0,0,0,0,0,0,1,1,6,6,1,30,6,-1,-1,-1,-1,9,E01035733,0,4
2024211508132,2024,211508132,1,9,0,-1,3,5,1,-1,0,0,0,0,0,0,4,1,-1,6,3,-1,-1,-1,-1,-1,-1,-1,-1,0,-1
2024430539704,2024,430539704,2,1,0,18,19,2,6,0,0,1,0,0,0,0,1,1,1,1,1,28,6,-1,-1,-1,-1,5,E01016405,0,1
2024991477146,2024,991477146,2,1,0,-1,19,3,7,-1,0,0,2,0,0,0,1,1,-1,9,1,53,8,-1,-1,-1,-1,8,-1,0,3
2024041482476,2024,041482476,1,9,0,-1,19,3,7,-1,0,0,0,4,0,0,1,1,-1,9,1,93,11,-1,-1,-1,-1,3,E01011323,0,4
2024061447980,2024,061447980,3,19,0,-1,12,5,1,-1,0,2,0,0,0,0,1,1,-1,1,1,36,7,-1,-1,-1,-1,4,E01025335,0,4
2024041528587,2024,041528587,2,1,0,-1,19,-1,-1,-1,0,0,0,0,0,0,3,1,-1,6,2,20,4,-1,-1,-1,-1,9,E01027588,0,4
2024010527367,2024,010527367,1,1,9,99,99,9,9,99,99,9,9,99,9,99,1,1,2,2,1,44,7,-1,-1,-1,-1,7,E01003853,0,1
2024010505579,2024,010505579,2,9,0,99,99,9,9,99,99,9,9,99,9,99,9,9,6,6,3,-1,-1,-1,-1,-1,-1,-1,-1,0,-1
2024010488216,2024,010488216,1,3,0,99,99,9,9,99,99,9,9,99,9,99,1,1,1,1,1,24,5,-1,-1,-1,-1,5,E01001189,0,1
2024430078486,2024,430078486,2,-1,0,18,19,1,5,0,0,8,0,0,0,0,1,1,6,6,1,27,6,-1,-1,-1,-1,5,E01028554,1,1
2024010490783,2024,010490783,1,9,0,99,99,9,9,99,99,9,9,99,9,99,1,9,6,6,3,34,6,-1,-1,-1,-1,-1,-1,0,-1
2024201502616,2024,201502616,1,9,0,-1,19,5,1,-1,2,8,0,0,0,0,1,1,-1,6,1,30,6,-1,-1,-1,-1,2,E01009017,0,1
2024411396296,2024,411396296,1,9,-1,-1,-1,-1,-1,-1,-1,0,-1,-1,-1,0,-1,9,-1,6,1,40,7,-1,-1,-1,-1,7,E01023366,0,1
2024131394493,2024,131394493,1,9,0,-1,19,1,5,-1,0,1,0,0,0,0,1,1,-1,6,1,20,4,-1,-1,-1,-1,1,E01011029,0,2
2024052400662,2024,052400662,1,1,0,9,9,6,4,0,0,8,0,0,0,0,1,1,6,6,1,8,2,-1,-1,-1,-1,4,E01006976,0,1
2024041403650,2024,041403650,2,1,0,-1,5,3,7,-1,0,0,0,0,0,0,3,1,-1,9,2,16,4,-1,-1,-1,-1,5,E01025395,0,1
2024471421170,2024,471421170,1,9,0,-1,19,3,7,-1,0,0,0,0,1,11,4,9,-1,6,1,37,7,-1,-1,-1,-1,9,E01031590,0,2
2024010491726,2024,010491726,1,9,0,99,99,9,9,0,0,1,0,0,0,0,1,1,6,6,3,-1,-1,-1,-1,-1,-1,-1,-1,0,-1
2024440284276,2024,440284276,1,9,0,1,1,7,3,0,0,0,0,0,0,0,4,1,2,2,1,37,7,-1,-1,-1,-1,4,E01017277,0,1
2024071015914,2024,071015914,2,1,0,-1,19,3,7,-1,0,8,0,0,0,0,0,9,-1,6,1,17,4,-1,-1,-1,-1,1,E01018476,0,1
2024531466048,2024,531466048,2,1,0,-1,13,3,7,-1,0,2,0,0,0,0,2,1,-1,9,1,15,3,-1,-1,-1,-1,3,E01022132,0,1
202417S210324,2024,17S210324,2,9,0,-1,19,3,7,-1,0,1,0,0,0,0,1,1,-1,6,1,-1,-1,-1,-1,-1,-1,-1,-1,0,-1
2024010530808,2024,010530808,2,98,0,99,99,9,9,99,99,9,9,99,9,99,1,9,6,6,3,-1,-1,-1,-1,-1,-1,-1,-1,0,-1
2024010489547,2024,010489547,1,3,0,99,99,9,9,99,99,9,9,99,9,99,9,1,1,1,1,27,6,-1,-1,-1,-1,4,E01000644,0,1
2024010548979,2024,010548979,1,1,9,99,99,9,9,99,99,9,9,99,9,99,9,1,2,2,1,51,8,-1,-1,-1,-1,3,E01003598,0,2
2024201482179,2024,201482179,2,9,0,-1,19,7,3,-1,0,0,0,0,0,0,0,9,-1,6,3,20,4,-1,-1,-1,-1,-1,-1,0,-1
2024361521809,2024,361521809,3,1,0,-1,19,2,6,-1,0,8,0,0,0,0,2,1,-1,9,1,19,4,-1,-1,-1,-1,7,E01026914,0,1
2024161498910,2024,161498910,2,9,0,-1,4,8,4,-1,0,0,0,0,0,0,2,1,-1,1,1,36,7,-1,-1,-1,-1,3,E01013071,0,2
2024401421854,2024,401421854,2,9,-1,-1,-1,-1,-1,-1,-1,-1,-1,-1,-1,0,-1,9,-1,9,2,62,9,-1,-1,-1,-1,5,E01017388,0,2
2024430481581,2024,430481581,1,9,0,18,19,2,6,0,0,1,0,0,0,0,3,1,6,6,1,41,7,-1,-1,-1,-1,5,E01016254,0,1
2024010536434,2024,010536434,1,1,9,99,99,9,9,99,99,9,9,99,9,99,9,1,6,6,1,26,6,-1,-1,-1,-1,7,E01002871,0,3
2024522402956,2024,522402956,1,97,0,18,19,2,6,0,0,2,0,0,0,0,1,1,6,6,3,-1,-1,-1,-1,-1,-1,-1,-1,0,-1
2024401404393,2024,401404393,1,9,0,-1,19,3,7,-1,0,0,0,0,0,0,1,9,-1,6,1,18,4,-1,-1,-1,-1,2,E01015754,0,1
2024122400430,2024,122400430,2,9,0,18,19,4,8,0,0,4,0,0,0,0,1,1,6,6,1,55,8,-1,-1,-1,-1,2,E01007294,0,5
2024010540358,2024,010540358,1,11,0,99,99,9,9,99,99,9,9,99,9,99,9,9,6,6,3,-1,-1,-1,-1,-1,-1,10,E01031759,0,4
2024320393007,2024,320393007,1,9,0,-1,-1,2,6,0,0,8,0,0,0,0,1,1,6,6,1,43,7,-1,-1,-1,-1,10,E01026324,0,4
2024520002245,2024,520002245,2,97,0,18,19,-1,-1,0,0,0,0,0,0,0,1,1,6,6,1,18,4,-1,-1,-1,-1,8,E01014442,0,1
2024061429239,2024,061429239,1,9,0,-1,4,1,5,-1,0,0,0,0,0,0,1,1,-1,1,1,60,9,-1,-1,-1,-1,4,E01019529,0,4
2024421425137,2024,421425137,1,9,0,-1,9,8,6,-1,0,8,1,0,3,10,1,1,-1,6,1,31,6,-1,-1,-1,-1,3,E01021508,0,2
2024610050424,2024,610050424,1,9,0,4,4,4,8,0,0,0,0,0,0,0,1,1,6,6,1,65,9,-1,-1,-1,-1,8,W01001392,0,1
202417S113324,2024,17S113324,2,97,0,-1,19,4,8,-1,0,0,0,0,0,0,1,1,-1,9,1,27,6,-1,-1,-1,-1,-1,-1,0,-1
2024351519842,2024,351519842,1,9,0,-1,7,-1,-1,-1,0,2,0,0,0,0,4,9,-1,6,3,-1,-1,-1,-1,-1,-1,-1,-1,0,-1
2024430035181,2024,430035181,2,22,0,18,19,1,5,0,0,1,0,0,0,0,1,1,6,6,2,49,8,-1,-1,-1,-1,10,E01028622,0,1
2024440175099,2024,440175099,1,-1,0,18,19,3,7,0,0,8,0,0,0,0,1,1,2,2,1,28,6,-1,-1,-1,-1,2,E01017239,1,2
2024211490287,2024,211490287,2,9,0,-1,9,4,1,-1,0,5,0,0,0,0,3,1,-1,6,2,45,7,-1,-1,-1,-1,-1,-1,0,-1
2024231473508,2024,231473508,2,9,0,-1,12,4,8,-1,0,0,0,0,0,0,2,9,-1,6,1,45,7,-1,-1,-1,-1,3,E01010068,0,4
2024041405069,2024,041405069,1,9,0,-1,19,5,1,-1,0,0,0,4,0,0,4,9,-1,6,3,-1,-1,-1,-1,-1,-1,-1,-1,0,-1
2024061524883,2024,061524883,1,1,0,-1,9,1,1,-1,0,2,2,0,0,0,4,1,-1,2,1,53,8,-1,-1,-1,-1,8,E01006362,0,2
2024010523516,2024,010523516,1,1,9,99,99,9,9,99,99,9,9,99,9,99,9,1,2,2,1,35,6,-1,-1,-1,-1,2,E01003488,0,1
2024010523038,2024,010523038,1,1,9,99,99,9,9,99,99,9,9,99,9,99,1,1,6,6,1,33,6,-1,-1,-1,-1,9,E01030309,0,2
2024471480237,2024,471480237,1,1,0,-1,19,1,5,-1,0,0,0,0,0,0,0,1,-1,9,1,53,8,-1,-1,-1,-1,6,E01020938,0,2
2024010523474,2024,010523474,1,1,9,99,99,9,9,99,99,9,9,99,9,99,9,1,6,6,2,49,8,-1,-1,-1,-1,-1,-1,0,-1
2024010487723,2024,010487723,2,9,0,14,14,3,7,0,0,0,0,0,0,0,3,1,6,6,1,37,7,-1,-1,-1,-1,6,W01000613,0,5
2024161502112,2024,161502112,1,-1,0,-1,19,3,7,-1,0,0,0,0,0,0,3,9,-1,6,2,15,3,-1,-1,-1,-1,1,E01013201,1,1
2024411440638,2024,411440638,2,19,0,-1,13,7,3,-1,0,0,0,0,0,0,2,9,-1,6,3,-1,-1,-1,-1,-1,-1,-1,-1,0,-1
2024010495395,2024,010495395,2,3,0,18,19,5,1,0,0,8,0,0,0,0,3,1,6,6,2,31,6,-1,-1,-1,-1,3,E01002603,0,3
2024471432934,2024,471432934,2,1,0,-1,19,5,5,-1,0,1,0,0,0,0,1,1,-1,6,2,54,8,-1,-1,-1,-1,7,E01031343,0,1
2024430307142,2024,430307142,1,19,0,18,19,2,6,0,0,6,0,0,0,0,4,1,6,6,1,36,7,-1,-1,-1,-1,7,E01033972,0,4
2024320598359,2024,320598359,1,9,0,-1,-1,6,2,0,0,1,0,0,0,0,4,1,6,6,3,-1,-1,-1,-1,-1,-1,-1,-1,0,-1
2024201467550,2024,201467550,2,9,0,-1,14,7,3,-1,0,8,0,0,0,0,4,1,-1,6,1,43,7,-1,-1,-1,-1,1,E01009475,0,1
2024061482824,2024,061482824,2,1,0,-1,19,6,3,-1,0,0,0,0,1,0,3,1,-1,9,1,47,8,-1,-1,-1,-1,-1,-1,0,-1
2024371444403,2024,371444403,2,1,0,-1,19,4,8,-1,0,0,0,0,0,0,0,1,-1,9,1,24,5,-1,-1,-1,-1,7,E01029995,0,1
2024010515382,2024,010515382,4,9,9,18,19,7,3,0,0,1,9,0,9,0,9,9,6,6,3,-1,-1,-1,-1,-1,-1,-1,-1,0,-1
2024451402314,2024,451402314,1,9,0,-1,5,3,7,-1,0,0,0,0,0,0,1,9,-1,6,2,70,10,-1,-1,-1,-1,-1,-1,0,-1
2024131526344,2024,131526344,3,19,0,-1,19,5,1,-1,0,0,0,0,0,0,2,1,-1,2,1,43,7,-1,-1,-1,-1,8,E01027895,0,4
2024010510265,2024,010510265,1,9,9,99,99,9,9,99,99,9,9,99,9,99,9,9,6,6,3,-1,-1,-1,-1,-1,-1,-1,-1,0,-1
2024010487511,2024,010487511,2,21,0,7,7,1,3,0,0,5,0,0,0,0,2,1,1,1,1,57,9,-1,-1,-1,-1,2,E01003500,0,1
2024010514682,2024,010514682,1,9,9,99,99,9,9,99,99,9,9,99,9,99,9,9,6,6,3,-1,-1,-1,-1,-1,-1,-1,-1,0,-1
2024430535497,2024,430535497,1,1,0,18,19,3,7,0,0,0,0,0,0,0,1,1,6,6,3,21,5,-1,-1,-1,-1,-1,-1,0,-1
2024010546452,2024,010546452,3,9,9,99,99,9,9,99,99,9,9,99,9,99,9,9,6,6,3,-1,-1,-1,-1,-1,-1,-1,-1,0,-1
2024501447949,2024,501447949,3,11,0,-1,2,0,0,-1,0,0,0,0,0,0,1,1,-1,6,-1,-1,-1,-1,-1,-1,-1,-1,-1,0,-1
2024010553851,2024,010553851,1,9,9,99,99,9,9,99,99,9,9,99,9,99,9,9,6,6,3,-1,-1,-1,-1,-1,-1,-1,-1,0,-1
2024546693324,2024,546693324,2,4,0,18,19,7,3,0,0,1,0,0,0,0,1,1,6,6,1,73,10,-1,-1,-1,-1,8,E01032074,0,1
2024471492143,2024,471492143,2,20,0,-1,9,7,5,-1,0,8,0,0,0,0,3,1,-1,1,1,31,6,-1,-1,-1,-1,10,E01031745,0,1
2024461506292,2024,461506292,1,21,1,-1,19,8,4,-1,0,0,0,11,0,0,1,2,-1,1,1,57,9,-1,-1,-1,-1,-1,-1,0,-1
2024010497483,2024,010497483,1,3,0,18,19,1,5,0,0,0,0,0,0,0,1,1,6,6,3,-1,-1,-1,-1,-1,-1,-1,-1,0,-1
2024201485840,2024,201485840,1,19,0,-1,19,2,6,-1,0,0,0,0,0,0,1,1,-1,6,1,41,7,-1,-1,-1,-1,1,E01009366,0,2
2024201511515,2024,201511515,4,9,0,-1,19,6,2,-1,0,0,0,0,0,0,1,1,-1,6,2,36,7,-1,-1,-1,-1,2,E01010535,0,1
2024631434820,2024,631434820,1,9,0,-1,11,3,7,-1,0,8,1,0,4,10,1,1,-1,6,1,51,8,-1,-1,-1,-1,6,W01000802,0,4
2024430444168,2024,430444168,1,9,0,5,5,5,1,0,0,4,0,0,0,0,1,1,6,6,2,66,10,-1,-1,-1,-1,6,E01016287,0,4
2024131464096,2024,131464096,2,9,0,-1,9,7,7,-1,0,8,0,0,1,0,1,1,-1,2,1,39,7,-1,-1,-1,-1,10,E01011894,0,1
2024411530711,2024,411530711,1,9,-1,-1,-1,-1,-1,-1,-1,0,-1,-1,-1,0,-1,9,-1,6,3,-1,-1,-1,-1,-1,-1,-1,-1,0,-1
2024610017824,2024,610017824,3,19,0,2,2,0,0,0,0,0,0,0,0,0,3,1,6,6,3,-1,-1,-1,-1,-1,-1,-1,-1,0,-1
2024401457056,2024,401457056,1,9,0,-1,19,2,6,-1,0,8,0,0,0,0,1,1,-1,2,1,32,6,-1,-1,-1,-1,6,E01034431,0,3
2024201400666,2024,201400666,2,1,0,-1,19,6,2,-1,0,8,1,0,0,0,1,1,-1,2,1,32,6,-1,-1,-1,-1,2,E01009930,0,1
2024101439072,2024,101439072,2,9,0,-1,19,1,5,-1,0,0,0,0,0,0,1,1,-1,9,2,43,7,-1,-1,-1,-1,-1,-1,0,-1
2024401412070,2024,401412070,1,9,0,-1,4,-1,-1,-1,0,0,0,0,0,0,1,9,-1,6,1,31,6,-1,-1,-1,-1,2,E01009058,0,5
2024991485321,2024,991485321,2,1,0,-1,19,1,5,-1,5,1,0,0,0,0,1,1,-1,2,1,45,7,-1,-1,-1,-1,8,-1,0,2
2024010508369,2024,010508369,1,11,0,7,7,7,1,0,0,1,0,0,0,0,1,1,6,6,1,24,5,-1,-1,-1,-1,-1,-1,0,-1
2024461475476,2024,461475476,1,9,0,-1,19,8,4,-1,0,8,2,0,7,9,3,1,-1,9,1,18,4,-1,-1,-1,-1,4,E01024042,0,1
2024430003881,2024,430003881,1,3,0,18,19,8,4,0,0,1,0,7,0,0,1,1,1,1,1,34,6,-1,-1,-1,-1,7,E01016332,0,1
2024031491150,2024,031491150,1,9,0,-1,19,2,6,-1,0,8,0,0,0,0,4,1,-1,9,1,17,4,-1,-1,-1,-1,7,E01034072,0,1
2024361505418,2024,361505418,1,9,0,-1,5,7,4,-1,0,0,0,0,0,0,0,9,-1,6,1,24,5,-1,-1,-1,-1,3,E01026853,0,1
2024201498453,2024,201498453,1,9,0,-1,19,2,6,-1,0,8,0,0,0,0,1,1,-1,6,1,57,9,-1,-1,-1,-1,7,E01009474,0,1
2024631449742,2024,631449742,2,9,0,-1,19,5,1,-1,0,2,0,0,0,0,0,1,-1,6,3,-1,-1,-1,-1,-1,-1,-1,-1,0,-1
2024461482037,2024,461482037,1,1,0,-1,19,5,1,-1,5,0,0,0,1,0,4,1,-1,9,2,55,8,-1,-1,-1,-1,3,E01024059,0,1
2024041411946,2024,041411946,1,98,0,-1,4,3,7,-1,0,0,0,0,0,0,1,1,-1,6,1,60,9,-1,-1,-1,-1,1,E01006863,0,4
2024451469549,2024,451469549,3,9,0,-1,19,6,2,-1,0,0,0,0,0,0,4,1,-1,9,1,41,7,-1,-1,-1,-1,8,E01031416,0,4
2024440161427,2024,440161427,2,9,0,4,4,6,2,0,0,0,0,0,0,0,2,1,6,6,3,-1,-1,-1,-1,-1,-1,-1,-1,0,-1
2024010540017,2024,010540017,1,1,0,5,5,7,3,0,0,0,0,0,0,0,2,1,6,6,1,47,8,-1,-1,-1,-1,3,E01002702,0,2
2024991394520,2024,991394520,2,9,0,-1,19,3,7,-1,0,1,0,0,0,0,3,1,-1,6,1,31,6,-1,-1,-1,-1,5,-1,0,1
2024340WN0202,2024,340WN0202,2,19,0,-1,19,4,8,-1,0,0,1,0,0,7,2,1,-1,6,1,45,7,-1,-1,-1,-1,1,E01009197,0,4
2024010512753,2024,010512753,1,1,9,99,99,9,9,99,99,0,9,99,9,99,9,1,2,2,2,35,6,-1,-1,-1,-1,5,E01003262,0,1
2024201508989,2024,201508989,1,9,0,-1,19,4,3,-1,0,0,0,7,7,6,4,2,-1,9,1,25,5,-1,-1,-1,-1,2,E01009887,0,1
2024531497359,2024,531497359,1,9,0,-1,19,5,1,-1,0,1,0,0,0,0,1,9,-1,6,2,70,10,-1,-1,-1,-1,-1,-1,0,-1
2024052401031,2024,052401031,2,1,0,18,19,8,4,0,0,8,0,0,0,0,1,1,6,6,1,70,10,-1,-1,-1,-1,1,E01006768,0,1
2024010503999,2024,010503999,1,1,0,5,5,7,3,0,0,1,0,0,1,0,1,1,6,6,1,43,7,-1,-1,-1,-1,8,E01003455,0,2
2024471522439,2024,471522439,3,9,0,-1,19,2,6,-1,0,0,1,0,1,9,1,1,-1,2,1,41,7,-1,-1,-1,-1,5,E01031501,0,2
2024010530319,2024,010530319,2,1,9,99,99,9,9,99,99,9,9,99,9,99,9,1,2,2,2,25,5,-1,-1,-1,-1,5,E01001854,0,1
202454E033124,2024,54E033124,2,9,0,4,4,3,7,0,0,0,0,0,0,0,2,1,6,6,1,39,7,-1,-1,-1,-1,9,E01001385,0,5
2024101408747,2024,101408747,2,1,0,-1,-1,-1,-1,-1,-1,0,-1,-1,-1,0,-1,1,-1,6,1,33,6,-1,-1,-1,-1,2,E01008492,0,1
2024010536660,2024,010536660,1,19,0,18,19,1,5,0,0,1,0,0,0,0,2,1,1,1,1,23,5,-1,-1,-1,-1,-1,-1,0,-1
2024101426605,2024,101426605,2,3,0,-1,19,7,3,-1,0,0,0,0,0,0,4,1,-1,1,1,30,6,-1,-1,-1,-1,1,E01008438,0,1
2024010498330,2024,010498330,1,1,9,99,99,9,9,4,4,1,9,99,9,99,1,1,2,2,1,29,6,-1,-1,-1,-1,3,E01004267,0,1
2024211503757,2024,211503757,1,9,0,-1,19,8,4,-1,0,0,0,12,0,0,1,1,-1,6,1,73,10,-1,-1,-1,-1,8,E01029650,0,2
2024610028024,2024,610028024,1,9,0,18,19,2,6,0,0,0,0,0,0,0,2,1,6,6,1,72,10,-1,-1,-1,-1,8,W01001579,0,4
2024031412743,2024,031412743,1,9,0,-1,7,6,8,-1,0,6,0,0,0,0,1,1,-1,6,1,-1,-1,-1,-1,-1,-1,-1,-1,0,-1
2024471535382,2024,471535382,2,22,0,-1,14,2,6,-1,0,0,0,0,0,0,4,1,-1,9,1,58,9,-1,-1,-1,-1,3,E01031482,0,1
2024131467370,2024,131467370,2,-1,0,-1,19,6,2,-1,0,0,0,0,0,0,3,9,-1,9,1,12,3,-1,-1,-1,-1,1,E01010676,1,1
2024010521594,2024,010521594,1,1,0,18,19,1,5,0,0,0,0,0,0,0,3,1,6,6,1,76,11,-1,-1,-1,-1,7,E01000275,0,1
2024010493538,2024,010493538,4,11,0,5,5,7,3,0,0,0,0,0,0,0,1,1,1,1,1,43,7,-1,-1,-1,-1,3,E01001203,0,2
2024522500064,2024,522500064,2,1,0,18,19,3,7,0,0,8,0,0,0,0,1,1,6,6,1,60,9,-1,-1,-1,-1,-1,-1,0,-1
2024010517070,2024,010517070,2,1,0,18,19,7,3,0,0,1,0,0,0,0,2,1,6,6,1,18,4,-1,-1,-1,-1,3,E01004575,0,1
2024010487441,2024,010487441,1,9,0,18,19,5,1,0,0,1,0,0,0,0,1,1,6,6,1,61,9,-1,-1,-1,-1,8,E01033580,0,1
2024461441506,2024,461441506,3,1,0,-1,19,1,5,-1,0,3,0,4,1,0,1,1,-1,9,1,50,8,-1,-1,-1,-1,7,E01000328,0,3
2024061474522,2024,061474522,2,9,0,-1,19,-1,-1,-1,0,0,9,99,0,0,9,1,-1,6,3,-1,-1,-1,-1,-1,-1,-1,-1,0,-1
2024010529368,2024,010529368,1,9,0,99,99,9,9,99,99,9,9,99,9,99,9,9,6,6,3,-1,-1,-1,-1,-1,-1,-1,-1,0,-1
2024070817463,2024,070817463,1,9,4,-1,5,9,9,-1,0,0,0,0,0,0,3,1,-1,6,3,-1,-1,-1,-1,-1,-1,-1,-1,0,-1
2024010492454,2024,010492454,2,9,0,99,99,9,9,99,99,9,9,99,9,99,1,9,6,6,2,57,9,-1,-1,-1,-1,10,E01003424,0,1
2024311497770,2024,311497770,1,11,0,-1,-1,-1,-1,-1,-1,0,-1,-1,-1,0,-1,1,-1,1,1,-1,-1,-1,-1,-1,-1,-1,-1,0,-1
2024401538532,2024,401538532,2,1,0,-1,13,6,2,-1,0,0,5,0,0,0,2,1,-1,6,1,37,7,-1,-1,-1,-1,5,E01017388,0,1
2024401509948,2024,401509948,1,11,0,-1,9,5,3,-1,0,0,0,0,0,0,3,9,-1,1,3,-1,-1,-1,-1,-1,-1,-1,-1,0,-1
2024010494685,2024,010494685,2,9,9,99,99,9,9,99,99,9,9,99,9,99,9,9,6,6,3,-1,-1,-1,-1,-1,-1,-1,-1,0,-1
2024461492760,2024,461492760,2,1,0,-1,19,-1,-1,-1,0,0,0,0,0,0,3,1,-1,6,1,61,9,-1,-1,-1,-1,10,E01024835,0,1
2024320475119,2024,320475119,2,21,0,-1,-1,5,1,0,0,0,0,0,0,0,3,1,1,1,1,56,9,-1,-1,-1,-1,7,E01011051,0,4
2024411445366,2024,411445366,2,9,0,-1,19,1,5,-1,0,0,0,0,0,0,3,1,-1,1,1,68,10,-1,-1,-1,-1,7,E01017720,0,4
2024340NN1232,2024,340NN1232,1,-1,0,-1,19,1,5,-1,9,2,0,0,0,0,1,1,-1,6,3,-1,-1,-1,-1,-1,-1,-1,-1,1,-1
2024351522062,2024,351522062,1,9,0,-1,19,1,5,-1,0,1,0,0,0,0,1,1,-1,6,1,29,6,-1,-1,-1,-1,3,E01015667,0,2
2024361416331,2024,361416331,2,9,0,-1,19,1,5,-1,0,1,0,0,0,0,0,1,-1,9,1,57,9,-1,-1,-1,-1,9,E01026554,0,2
2024122400403,2024,122400403,2,19,0,18,19,2,5,0,0,8,0,0,0,0,1,1,6,6,3,-1,-1,-1,-1,-1,-1,-1,-1,0,-1
2024501424321,2024,501424321,2,9,0,-1,19,8,4,-1,0,1,0,0,0,0,1,1,-1,9,2,80,11,-1,-1,-1,-1,5,E01015091,0,1
2024371410914,2024,371410914,1,21,0,-1,19,7,3,-1,0,0,0,0,0,0,0,1,-1,6,1,-1,-1,-1,-1,-1,-1,-1,-1,0,-1
2024010530411,2024,010530411,2,1,0,9,9,7,4,2,2,8,0,0,0,0,0,1,6,6,3,-1,-1,-1,-1,-1,-1,-1,-1,0,-1
2024461516267,2024,461516267,2,1,0,-1,10,5,1,-1,0,1,2,0,0,0,1,1,-1,6,2,34,6,-1,-1,-1,-1,3,E01024508,0,1
2024010538207,2024,010538207,2,-1,0,18,19,7,3,5,5,6,0,0,0,0,1,1,6,6,1,20,4,-1,-1,-1,-1,4,E01003441,1,1
2024010520826,2024,010520826,1,9,0,99,99,9,9,99,99,9,9,99,9,99,9,9,6,6,3,-1,-1,-1,-1,-1,-1,-1,-1,0,-1