collision_index,collision_year,collision_ref_no,vehicle_reference,vehicle_type,towing_and_articulation,vehicle_manoeuvre_historic,vehicle_manoeuvre,vehicle_direction_from,vehicle_direction_to,vehicle_location_restricted_lane_historic,vehicle_location_restricted_lane,junction_location,skidding_and_overturning,hit_object_in_carriageway,vehicle_leaving_carriageway,hit_object_off_carriageway,first_point_of_impact,vehicle_left_hand_drive,journey_purpose_of_driver_historic,journey_purpose_of_driver,sex_of_driver,age_of_driver,age_band_of_driver,engine_capacity_cc,propulsion_code,age_of_vehicle,generic_make_model,driver_imd_decile,lsoa_of_driver,escooter_flag,driver_distance_banding
2024041497561,2024,041497561,1,9,0,-1,1,-1,-1,-1,0,0,0,0,0,0,2,1,-1,6,1,50,8,-1,-1,-1,-1,3,E01012714,0,1
2024010530384,2024,010530384,1,9,0,99,99,9,9,99,99,9,9,99,9,99,1,9,6,6,3,-1,-1,-1,-1,-1,-1,-1,-1,0,-1
2024010491824,2024,010491824,2,9,0,9,9,3,8,0,0,1,0,0,0,0,1,1,1,1,1,63,9,-1,-1,-1,-1,3,E01021800,0,3
2024010490070,2024,010490070,2,9,0,99,99,9,9,99,99,6,9,99,9,99,1,9,6,6,3,-1,-1,-1,-1,-1,-1,-1,-1,0,-1
2024041467595,2024,041467595,3,9,0,-1,19,1,1,-1,0,1,0,0,0,0,1,1,-1,1,2,-1,-1,-1,-1,-1,-1,5,E01025206,0,2
2024332401049,2024,332401049,2,9,0,-1,19,4,1,-1,0,0,0,0,0,0,1,1,-1,6,1,52,8,-1,-1,-1,-1,3,E01026017,0,4
2024010554394,2024,010554394,1,-1,9,18,19,5,1,99,99,0,9,0,0,0,1,1,6,6,3,-1,-1,-1,-1,-1,-1,-1,-1,1,-1
2024010489795,2024,010489795,2,9,0,9,9,3,1,0,0,8,0,0,7,1,4,1,3,7,1,44,7,-1,-1,-1,-1,4,E01000787,0,1
2024010487460,2024,010487460,2,3,0,99,99,9,9,99,99,9,9,99,9,99,9,1,6,6,3,-1,-1,-1,-1,-1,-1,-1,-1,0,-1
2024361496333,2024,361496333,2,1,0,-1,19,7,1,-1,0,8,0,0,0,0,0,1,-1,9,1,38,7,-1,-1,-1,-1,7,E01026881,0,1
2024520401268,2024,520401268,1,9,0,18,19,7,3,0,0,0,0,0,1,11,3,1,6,6,1,17,4,-1,-1,-1,-1,4,E01029249,0,1
2024010551491,2024,010551491,1,-1,9,99,99,9,9,99,99,9,9,99,9,99,9,9,6,6,3,-1,-1,-1,-1,-1,-1,-1,-1,1,-1
2024052400538,2024,052400538,1,9,0,18,19,8,4,0,0,0,0,0,0,0,1,1,6,6,3,-1,-1,-1,-1,-1,-1,-1,-1,0,-1
2024501458043,2024,501458043,2,1,0,-1,11,6,2,-1,0,0,0,0,0,0,1,1,-1,2,2,50,8,-1,-1,-1,-1,3,E01020104,0,1
2024010499763,2024,010499763,2,1,0,18,19,5,1,0,0,0,0,0,0,0,1,1,6,6,1,48,8,-1,-1,-1,-1,8,E01000963,0,1
2024061407488,2024,061407488,2,1,-1,-1,-1,-1,-1,-1,-1,-1,-1,-1,-1,0,-1,1,-1,6,1,28,6,-1,-1,-1,-1,2,E01033675,0,1
2024421471929,2024,421471929,3,9,0,-1,19,6,2,-1,0,0,0,0,0,0,0,1,-1,1,1,44,7,-1,-1,-1,-1,7,E01015946,0,4
2024052401350,2024,052401350,1,9,0,18,19,8,4,0,0,8,0,0,0,0,1,1,2,2,1,46,8,-1,-1,-1,-1,3,E01027359,0,5
2024061462825,2024,061462825,1,9,0,-1,4,-1,-1,-1,0,0,0,0,0,0,2,1,-1,1,1,51,8,-1,-1,-1,-1,9,E01006178,0,1
2024010493765,2024,010493765,4,9,0,99,99,9,9,99,99,9,9,99,9,99,2,9,6,6,3,-1,-1,-1,-1,-1,-1,-1,-1,0,-1
2024991531308,2024,991531308,1,97,0,-1,19,8,4,-1,0,0,2,4,0,0,1,1,-1,6,3,16,4,-1,-1,-1,-1,-1,-1,0,-1
2024010549691,2024,010549691,2,90,0,99,99,9,9,99,99,9,9,99,9,99,9,9,6,6,3,-1,-1,-1,-1,-1,-1,4,E01000557,0,2
2024201512928,2024,201512928,2,9,0,-1,15,3,7,-1,0,1,1,0,4,0,1,1,-1,2,1,18,4,-1,-1,-1,-1,1,E01009339,0,2
2024041482722,2024,041482722,1,98,0,-1,2,1,5,-1,0,0,0,0,0,0,0,1,-1,6,-1,-1,-1,-1,-1,-1,-1,-1,-1,0,-1
2024010504615,2024,010504615,2,1,0,7,7,5,7,0,0,6,0,0,0,0,1,1,6,6,1,70,10,-1,-1,-1,-1,7,E01001937,0,2
2024141489907,2024,141489907,1,1,0,-1,19,4,8,-1,0,8,0,0,0,0,3,1,-1,2,1,37,7,-1,-1,-1,-1,6,E01007455,0,1
2024421415246,2024,421415246,1,9,0,-1,19,7,3,-1,9,0,0,0,7,0,1,9,-1,6,3,-1,-1,-1,-1,-1,-1,-1,-1,0,-1
2024501447775,2024,501447775,1,9,0,-1,19,6,2,-1,0,0,0,0,0,0,4,9,-1,6,3,-1,-1,-1,-1,-1,-1,-1,-1,0,-1
2024010542151,2024,010542151,1,9,0,99,99,9,9,99,99,9,9,99,9,99,1,1,6,6,3,-1,-1,-1,-1,-1,-1,-1,-1,0,-1
2024501510907,2024,501510907,3,19,0,-1,3,6,2,-1,0,0,0,0,0,0,2,1,-1,6,2,29,6,-1,-1,-1,-1,8,E01034638,0,3
2024547962524,2024,547962524,1,-1,0,18,19,5,1,0,0,6,0,0,0,0,1,1,6,6,1,14,3,-1,-1,-1,-1,9,E01033848,1,1
2024531480866,2024,531480866,2,90,0,-1,19,3,7,-1,0,0,1,0,1,0,3,1,-1,1,1,59,9,-1,-1,-1,-1,8,E01014895,0,3
2024010501038,2024,010501038,4,1,0,18,19,6,2,0,0,0,0,0,0,0,1,1,6,6,1,34,6,-1,-1,-1,-1,9,E01000859,0,1
2024421397636,2024,421397636,2,9,0,-1,19,5,1,-1,0,1,0,0,0,0,4,1,-1,6,1,27,6,-1,-1,-1,-1,7,E01033145,0,2
2024010519876,2024,010519876,1,9,0,18,19,2,6,0,0,0,0,0,0,0,1,1,6,6,1,-1,-1,-1,-1,-1,-1,-1,-1,0,-1
2024302401656,2024,302401656,2,9,0,-1,9,8,5,-1,0,8,0,0,0,0,3,1,-1,6,1,40,7,-1,-1,-1,-1,8,E01028417,0,4
202454F064424,2024,54F064424,2,9,0,2,2,0,0,0,0,0,0,0,0,0,2,1,6,6,3,-1,-1,-1,-1,-1,-1,-1,-1,0,-1
2024340NN1952,2024,340NN1952,1,-1,0,-1,11,5,7,-1,0,3,0,0,0,0,2,1,-1,1,2,22,5,-1,-1,-1,-1,7,E01035396,1,1
2024421523064,2024,421523064,2,9,0,-1,19,7,3,-1,0,0,1,0,0,0,3,1,-1,6,2,52,8,-1,-1,-1,-1,10,E01016665,0,4
2024201423939,2024,201423939,2,9,0,-1,19,5,1,-1,0,0,0,0,0,0,1,9,-1,6,1,-1,-1,-1,-1,-1,-1,7,E01009949,0,1
2024311530087,2024,311530087,2,97,0,-1,19,7,3,-1,0,8,0,0,0,0,3,1,-1,6,1,16,4,-1,-1,-1,-1,-1,-1,0,-1
2024010517381,2024,010517381,1,1,0,18,19,1,5,0,0,2,0,0,1,0,1,1,2,2,1,59,9,-1,-1,-1,-1,6,E01004519,0,1
2024131496899,2024,131496899,1,9,0,-1,19,7,3,-1,0,8,0,0,0,0,1,1,-1,6,2,34,6,-1,-1,-1,-1,1,E01011842,0,2
2024991423724,2024,991423724,2,9,0,-1,4,6,2,-1,0,0,0,0,1,0,2,1,-1,9,1,55,8,-1,-1,-1,-1,8,-1,0,4
2024010489763,2024,010489763,1,3,0,99,99,9,9,99,99,9,9,99,9,99,9,1,6,6,1,24,5,-1,-1,-1,-1,2,E01003546,0,1
2024010542661,2024,010542661,3,9,9,99,99,9,9,99,99,9,9,99,9,99,9,9,6,6,3,-1,-1,-1,-1,-1,-1,-1,-1,0,-1
2024010486880,2024,010486880,2,9,0,13,13,1,5,0,0,0,0,0,0,0,1,1,6,6,3,-1,-1,-1,-1,-1,-1,-1,-1,0,-1
2024052401415,2024,052401415,1,1,0,18,19,3,7,0,0,1,0,0,0,0,2,1,6,6,1,58,9,-1,-1,-1,-1,1,E01007228,0,1
2024052401026,2024,052401026,1,9,0,7,7,8,2,0,0,1,0,0,0,0,1,1,6,6,3,-1,-1,-1,-1,-1,-1,-1,-1,0,-1
2024010507951,2024,010507951,2,1,9,99,99,9,9,99,99,1,9,99,9,99,9,1,2,2,1,43,7,-1,-1,-1,-1,5,E01001859,0,3
2024471461653,2024,471461653,2,9,0,-1,19,4,8,-1,0,1,0,99,0,0,4,1,-1,6,3,-1,-1,-1,-1,-1,-1,-1,-1,0,-1
2024421465011,2024,421465011,1,9,0,-1,19,6,3,-1,0,1,0,0,1,11,4,1,-1,9,1,20,4,-1,-1,-1,-1,3,E01021836,0,1
2024421521111,2024,421521111,3,9,0,-1,19,6,1,-1,0,2,0,0,0,0,1,1,-1,1,1,19,4,-1,-1,-1,-1,6,E01002327,0,4
2024430519669,2024,430519669,1,1,0,18,19,7,3,0,0,1,0,0,0,0,4,1,6,6,1,10,2,-1,-1,-1,-1,2,E01034455,0,1
2024351532081,2024,351532081,2,19,0,-1,19,5,1,-1,0,0,0,0,0,0,3,9,-1,6,3,25,5,-1,-1,-1,-1,-1,-1,0,-1
2024010503324,2024,010503324,2,1,0,18,19,3,7,9,9,0,0,0,0,0,3,1,6,6,1,40,7,-1,-1,-1,-1,4,E01004678,0,1
2024161502139,2024,161502139,2,1,0,-1,19,7,3,-1,0,6,2,0,0,0,1,1,-1,6,1,17,4,-1,-1,-1,-1,1,E01013140,0,1
2024340NN3092,2024,340NN3092,1,9,0,-1,9,1,7,-1,0,8,0,0,0,0,1,1,-1,9,1,58,9,-1,-1,-1,-1,9,E01032926,0,5
2024101459628,2024,101459628,1,9,0,-1,19,7,3,-1,0,1,0,0,0,0,1,1,-1,9,1,71,10,-1,-1,-1,-1,-1,-1,0,-1
2024221475134,2024,221475134,1,90,0,-1,19,1,5,-1,0,0,0,0,0,0,3,1,-1,9,1,77,11,-1,-1,-1,-1,-1,-1,0,-1
2024010524852,2024,010524852,1,1,9,18,19,9,9,99,99,9,9,99,9,99,9,1,2,2,2,28,6,-1,-1,-1,-1,10,E01035419,0,4
2024061489887,2024,061489887,2,9,0,-1,9,3,1,-1,0,8,0,0,0,0,4,9,-1,9,1,28,6,-1,-1,-1,-1,1,E01005527,0,1
2024430154690,2024,430154690,1,9,0,18,19,2,6,0,0,2,0,0,0,0,1,1,6,6,1,75,10,-1,-1,-1,-1,10,E01016311,0,1
2024461479263,2024,461479263,2,97,0,-1,19,1,5,-1,0,1,0,0,0,0,1,1,-1,6,1,44,7,-1,-1,-1,-1,5,E01024413,0,2
2024340NN0392,2024,340NN0392,1,1,0,-1,19,3,7,-1,0,0,0,0,0,0,1,1,-1,9,2,60,9,-1,-1,-1,-1,1,E01026968,0,1
2024161504978,2024,161504978,1,1,0,-1,9,5,1,-1,4,0,0,0,0,0,9,1,-1,2,1,36,7,-1,-1,-1,-1,1,E01012867,0,1
2024552400995,2024,552400995,2,1,0,16,19,4,6,0,0,0,0,0,0,0,1,1,2,2,2,43,7,-1,-1,-1,-1,9,E01034378,0,1
2024411490592,2024,411490592,2,1,0,-1,19,7,3,-1,0,8,-1,0,0,0,0,1,-1,9,1,48,8,-1,-1,-1,-1,4,E01023387,0,1
2024010492952,2024,010492952,2,1,9,99,99,9,9,99,99,0,9,99,9,99,1,1,6,6,1,-1,-1,-1,-1,-1,-1,-1,-1,0,-1
2024141469119,2024,141469119,2,9,0,-1,19,6,2,-1,0,1,0,0,0,0,2,9,-1,6,1,52,8,-1,-1,-1,-1,9,E01007418,0,2
2024010546757,2024,010546757,1,1,0,18,19,7,3,9,9,1,0,0,0,0,1,1,6,6,1,34,6,-1,-1,-1,-1,6,E01033590,0,1
2024201439636,2024,201439636,1,9,0,-1,19,2,6,-1,0,0,0,0,0,0,1,1,-1,6,1,33,6,-1,-1,-1,-1,7,E01010518,0,2
2024131447535,2024,131447535,2,1,0,-1,19,3,3,-1,0,0,0,0,0,0,3,1,-1,6,1,52,8,-1,-1,-1,-1,2,E01010805,0,1
2024010494391,2024,010494391,1,1,9,99,99,9,9,99,99,9,9,99,9,99,2,1,6,6,1,24,5,-1,-1,-1,-1,2,E01001848,0,2
2024070257406,2024,070257406,1,9,0,13,13,5,1,0,0,1,0,0,0,0,4,1,6,6,1,-1,-1,-1,-1,-1,-1,-1,-1,0,-1
2024461414373,2024,461414373,2,23,0,-1,19,1,5,-1,0,1,5,0,0,0,1,1,-1,6,3,30,6,-1,-1,-1,-1,-1,-1,0,-1
2024991401701,2024,991401701,2,9,0,-1,2,0,0,-1,9,0,0,0,0,0,1,1,-1,6,-1,-1,-1,-1,-1,-1,-1,-1,-1,0,-1
2024010493335,2024,010493335,2,9,0,7,7,1,3,0,0,8,0,0,0,0,1,1,2,2,2,64,9,-1,-1,-1,-1,6,E01016078,0,4
2024320534988,2024,320534988,2,9,0,7,7,3,5,0,0,6,0,0,0,0,3,1,-1,-1,1,30,6,-1,-1,-1,-1,4,E01026366,0,3
2024161397528,2024,161397528,1,97,0,-1,19,2,6,-1,9,0,0,0,1,0,1,1,-1,6,3,-1,-1,-1,-1,-1,-1,-1,-1,0,-1
2024231418002,2024,231418002,2,5,0,-1,19,1,5,-1,0,8,0,0,0,0,1,1,-1,2,1,69,10,-1,-1,-1,-1,6,E01031160,0,2
2024031459527,2024,031459527,2,1,-1,-1,-1,-1,-1,-1,-1,-1,-1,-1,-1,0,-1,1,-1,6,1,-1,-1,-1,-1,-1,-1,-1,-1,0,-1
2024461490689,2024,461490689,1,21,0,-1,19,3,7,-1,0,0,0,4,0,0,2,1,-1,1,1,53,8,-1,-1,-1,-1,2,E01024677,0,2
2024131499997,2024,131499997,1,1,0,-1,19,1,5,-1,0,0,0,0,0,0,1,1,-1,6,1,53,8,-1,-1,-1,-1,6,E01011881,0,1
2024010519978,2024,010519978,1,97,9,18,19,1,5,0,0,1,9,0,0,0,1,1,6,6,3,-1,-1,-1,-1,-1,-1,-1,-1,0,-1
2024991510846,2024,991510846,2,9,0,-1,19,5,8,-1,0,0,0,0,0,0,1,1,-1,6,1,60,9,-1,-1,-1,-1,5,-1,0,3
2024010540307,2024,010540307,2,1,9,18,19,9,9,99,99,9,9,99,9,99,1,1,6,6,1,29,6,-1,-1,-1,-1,1,E01002783,0,1
2024332400431,2024,332400431,2,98,0,-1,19,2,6,-1,0,0,0,0,0,0,3,1,-1,6,3,-1,-1,-1,-1,-1,-1,-1,-1,0,-1
2024161402126,2024,161402126,2,8,0,-1,7,7,1,-1,0,8,0,0,0,0,4,9,-1,1,1,-1,-1,-1,-1,-1,-1,-1,-1,0,-1
2024010513763,2024,010513763,1,9,0,99,99,9,9,99,99,9,9,99,9,99,9,9,6,6,3,-1,-1,-1,-1,-1,-1,-1,-1,0,-1
2024161403658,2024,161403658,1,1,0,-1,9,5,3,-1,0,1,0,0,0,0,2,1,-1,2,1,53,8,-1,-1,-1,-1,10,E01013108,0,1
2024320742215,2024,320742215,2,16,0,-1,-1,5,2,0,0,0,5,0,0,0,2,1,6,6,2,15,3,-1,-1,-1,-1,2,E01026050,0,1
2024622400043,2024,622400043,1,9,0,9,9,3,1,0,0,2,0,0,0,0,3,1,2,2,1,20,4,-1,-1,-1,-1,9,W01001890,0,1
2024440221990,2024,440221990,2,9,0,18,19,3,7,0,0,1,0,0,0,0,1,1,6,6,1,29,6,-1,-1,-1,-1,10,E01023231,0,1
2024430272521,2024,430272521,2,22,0,18,19,7,1,0,0,0,0,0,0,0,3,1,6,6,2,72,10,-1,-1,-1,-1,4,E01016517,0,1
2024131421436,2024,131421436,1,9,0,-1,19,7,3,-1,0,0,1,7,0,0,1,1,-1,9,1,60,9,-1,-1,-1,-1,4,E01011810,0,3
202460Q151806,2024,60Q151806,1,9,0,5,5,8,6,0,0,0,0,0,0,0,0,1,6,6,3,-1,-1,-1,-1,-1,-1,-1,-1,0,-1
2024010496099,2024,010496099,2,9,0,18,19,5,1,0,0,1,0,0,0,0,0,1,1,1,1,25,5,-1,-1,-1,-1,-1,-1,0,-1
2024010487293,2024,010487293,1,9,0,5,5,3,7,0,0,2,0,0,0,0,0,1,6,6,1,45,7,-1,-1,-1,-1,8,E01000569,0,1
2024010486920,2024,010486920,1,19,0,13,13,1,5,0,0,8,0,0,0,0,4,1,6,6,1,55,8,-1,-1,-1,-1,1,E01000595,0,1
2024401534987,2024,401534987,1,9,-1,-1,9,-1,-1,-1,0,5,0,0,0,0,3,1,-1,6,3,-1,-1,-1,-1,-1,-1,-1,-1,0,-1
202460Q084531,2024,60Q084531,3,9,4,12,12,4,8,0,0,5,0,0,0,0,2,1,1,1,1,24,5,-1,-1,-1,-1,-1,-1,0,-1
2024061433670,2024,061433670,2,9,0,-1,19,-1,-1,-1,0,0,0,0,0,0,-1,9,-1,6,1,53,8,-1,-1,-1,-1,6,E01006304,0,4
2024201563201,2024,201563201,2,1,0,-1,19,2,6,-1,0,8,0,0,0,0,1,1,-1,1,1,50,8,-1,-1,-1,-1,-1,-1,0,-1
2024141398032,2024,141398032,2,1,0,-1,5,7,8,-1,0,0,5,0,0,0,1,1,-1,6,1,-1,-1,-1,-1,-1,-1,-1,-1,0,-1
2024302400424,2024,302400424,1,9,0,9,9,8,6,0,0,8,0,0,0,0,1,1,2,2,1,26,6,-1,-1,-1,-1,8,E01013546,0,1
2024471480069,2024,471480069,1,9,0,-1,19,2,6,-1,0,0,0,0,0,0,4,9,-1,6,3,-1,-1,-1,-1,-1,-1,-1,-1,0,-1
2024332400661,2024,332400661,2,1,0,-1,19,7,3,-1,0,8,0,0,0,0,1,1,-1,6,1,32,6,-1,-1,-1,-1,4,E01013714,0,1
2024101476117,2024,101476117,2,-1,0,-1,19,6,2,-1,0,8,5,0,0,0,4,1,-1,9,1,15,3,-1,-1,-1,-1,3,E01008350,1,1
2024010506090,2024,010506090,1,1,9,99,99,9,9,99,99,9,9,99,9,99,9,1,2,2,1,40,7,-1,-1,-1,-1,2,E01000151,0,2
2024451500811,2024,451500811,2,9,0,-1,12,3,7,-1,0,0,0,0,0,0,2,1,-1,6,3,40,7,-1,-1,-1,-1,-1,-1,0,-1
2024451492976,2024,451492976,1,1,0,-1,9,5,1,-1,9,8,5,0,1,2,1,1,-1,9,1,46,8,-1,-1,-1,-1,6,E01030759,0,1
2024440490287,2024,440490287,2,1,0,18,19,3,7,0,0,0,0,0,0,0,4,1,6,6,1,12,3,-1,-1,-1,-1,5,E01022973,0,1
2024010487494,2024,010487494,2,19,0,17,19,5,1,0,0,4,0,4,0,0,1,1,1,1,1,50,8,-1,-1,-1,-1,3,E01003636,0,2
2024010492541,2024,010492541,1,1,9,99,99,9,9,99,99,1,9,99,9,99,9,1,6,6,1,37,7,-1,-1,-1,-1,5,E01004513,0,1
2024430509460,2024,430509460,1,-1,0,18,19,5,1,0,0,0,0,0,0,0,3,1,6,6,1,17,4,-1,-1,-1,-1,-1,-1,1,-1
2024451491953,2024,451491953,2,1,0,-1,19,6,2,-1,9,1,0,0,0,0,0,1,-1,9,2,42,7,-1,-1,-1,-1,8,E01030405,0,1
2024010490166,2024,010490166,2,9,0,2,2,0,0,9,9,1,0,0,0,0,3,2,6,6,3,-1,-1,-1,-1,-1,-1,-1,-1,0,-1
2024461528992,2024,461528992,2,19,0,-1,7,3,7,-1,0,2,0,0,0,0,0,9,-1,9,2,25,5,-1,-1,-1,-1,2,E01016039,0,4
202454C686824,2024,54C686824,2,1,0,18,19,1,5,0,0,2,0,0,0,0,2,1,6,6,1,54,8,-1,-1,-1,-1,6,E01031853,0,1
2024522401730,2024,522401730,1,1,0,5,5,5,1,0,0,6,0,0,0,0,1,1,6,6,1,18,4,-1,-1,-1,-1,4,E01014906,0,2
2024552400318,2024,552400318,1,-1,0,18,19,7,3,0,0,6,0,0,0,0,4,1,6,6,1,25,5,-1,-1,-1,-1,10,E01015398,1,1
2024010508653,2024,010508653,1,-1,0,18,19,1,5,0,0,1,1,0,0,0,0,1,6,6,1,27,6,-1,-1,-1,-1,-1,-1,1,-1
2024451459494,2024,451459494,1,1,0,-1,3,5,1,-1,0,0,0,0,0,0,3,1,-1,1,1,51,8,-1,-1,-1,-1,10,E01030319,0,1
2024221484166,2024,221484166,1,9,5,-1,13,6,2,-1,0,8,5,0,2,0,1,1,-1,9,1,29,6,-1,-1,-1,-1,2,E01014048,0,2
2024471459309,2024,471459309,2,1,0,-1,19,7,3,-1,0,0,0,1,0,0,1,1,-1,9,1,16,4,-1,-1,-1,-1,3,E01031553,0,2
2024010500967,2024,010500967,1,1,0,7,7,5,7,0,0,0,0,0,0,0,1,1,2,2,1,26,6,-1,-1,-1,-1,5,E01004579,0,1
2024361532687,2024,361532687,2,1,-1,-1,-1,-1,-1,-1,-1,-1,-1,-1,-1,0,-1,1,-1,6,1,42,7,-1,-1,-1,-1,8,E01026577,0,1
2024111445959,2024,111445959,2,1,0,-1,19,1,5,-1,0,1,0,0,0,0,4,1,-1,9,1,47,8,-1,-1,-1,-1,1,E01012318,0,1
2024010511594,2024,010511594,2,9,9,99,99,9,9,99,99,9,9,99,9,99,3,9,6,6,2,-1,-1,-1,-1,-1,-1,-1,-1,0,-1
2024991402716,2024,991402716,1,9,0,-1,19,5,1,-1,0,0,0,11,0,0,1,1,-1,1,1,30,6,-1,-1,-1,-1,4,-1,0,3
2024041500913,2024,041500913,1,9,0,-1,19,1,5,-1,0,1,0,0,0,0,1,1,-1,6,1,18,4,-1,-1,-1,-1,1,E01025188,0,1
2024451399120,2024,451399120,2,1,0,-1,19,3,7,-1,0,8,0,0,0,0,1,1,-1,6,1,18,4,-1,-1,-1,-1,9,E01030388,0,1
2024501436680,2024,501436680,2,9,0,-1,19,7,3,-1,0,0,0,0,0,0,1,1,-1,9,1,26,6,-1,-1,-1,-1,7,E01018934,0,2
2024010486897,2024,010486897,1,1,9,99,99,9,9,99,99,9,9,99,9,99,9,1,6,6,1,28,6,-1,-1,-1,-1,5,E01001720,0,1
2024010519684,2024,010519684,1,9,9,99,99,9,9,99,99,9,9,99,9,99,9,9,6,6,3,-1,-1,-1,-1,-1,-1,-1,-1,0,-1
2024351472104,2024,351472104,2,1,-1,-1,-1,-1,-1,-1,-1,0,-1,-1,-1,0,1,1,-1,2,1,44,7,-1,-1,-1,-1,9,E01035559,0,3
2024101441260,2024,101441260,1,9,0,-1,9,1,5,-1,0,2,0,0,0,0,1,1,-1,6,2,19,4,-1,-1,-1,-1,1,E01027412,0,1
2024010500741,2024,010500741,1,90,0,99,99,9,9,99,99,9,9,99,9,99,1,9,1,1,1,26,6,-1,-1,-1,-1,4,E01001176,0,1
2024471463378,2024,471463378,1,9,0,-1,19,7,3,-1,0,1,0,0,0,0,1,1,-1,1,1,38,7,-1,-1,-1,-1,6,E01031826,0,1
2024351454849,2024,351454849,1,1,0,-1,19,1,3,-1,0,1,5,11,0,0,1,1,-1,9,1,56,9,-1,-1,-1,-1,10,E01018176,0,1
2024411476005,2024,411476005,1,9,0,-1,19,2,5,-1,0,0,0,0,0,0,4,1,-1,9,2,43,7,-1,-1,-1,-1,9,E01023770,0,1
2024631396055,2024,631396055,2,1,0,-1,19,5,1,-1,0,0,0,0,0,0,3,1,-1,9,2,52,8,-1,-1,-1,-1,1,W01000570,0,1
2024201426731,2024,201426731,2,1,0,-1,19,8,3,-1,0,0,0,0,0,0,1,1,-1,1,1,30,6,-1,-1,-1,-1,1,E01009769,0,2
2024201430903,2024,201430903,2,1,0,-1,10,7,5,-1,0,8,0,0,0,0,1,1,-1,6,1,47,8,-1,-1,-1,-1,-1,-1,0,-1
2024070286985,2024,070286985,2,9,0,7,7,3,5,0,0,4,0,0,0,0,2,1,1,1,1,28,6,-1,-1,-1,-1,5,E01007288,0,3
2024010493541,2024,010493541,2,-1,0,18,19,5,1,0,0,0,0,0,0,0,0,1,6,6,1,58,9,-1,-1,-1,-1,2,E01001655,1,1
2024010512395,2024,010512395,1,1,0,18,19,7,3,9,9,0,0,0,0,0,3,1,6,6,2,42,7,-1,-1,-1,-1,6,E01003694,0,1
2024371414167,2024,371414167,1,9,0,-1,19,7,3,-1,0,0,0,0,1,4,1,1,-1,2,1,21,5,-1,-1,-1,-1,8,E01034570,0,3
2024010494091,2024,010494091,2,1,9,4,4,5,1,99,99,9,9,99,9,0,0,1,2,2,1,25,5,-1,-1,-1,-1,9,E01002935,0,1
2024991461296,2024,991461296,2,4,0,-1,19,7,3,-1,0,1,0,0,0,0,4,1,-1,9,1,58,9,-1,-1,-1,-1,8,-1,0,2
2024141501580,2024,141501580,1,9,0,-1,7,8,2,-1,-1,5,0,0,0,0,1,9,-1,6,3,-1,-1,-1,-1,-1,-1,-1,-1,0,-1
2024010546609,2024,010546609,2,1,0,-1,-1,1,5,5,5,1,5,0,0,0,3,1,6,6,2,23,5,-1,-1,-1,-1,2,E01001719,0,1
2024131472889,2024,131472889,1,1,0,-1,19,8,4,-1,9,0,0,0,0,0,1,1,-1,9,1,54,8,-1,-1,-1,-1,1,E01011620,0,2
2024161452899,2024,161452899,1,9,0,-1,7,5,8,-1,0,1,0,0,0,0,1,9,-1,6,3,-1,-1,-1,-1,-1,-1,-1,-1,0,-1
2024201414687,2024,201414687,2,1,0,-1,4,8,4,-1,0,1,0,0,0,0,1,1,-1,7,1,14,3,-1,-1,-1,-1,6,E01009208,0,1
2024430395464,2024,430395464,1,9,0,18,19,5,1,0,0,4,0,0,0,0,1,1,6,6,2,40,7,-1,-1,-1,-1,10,E01016654,0,1
2024010504600,2024,010504600,2,9,0,18,19,7,3,0,0,0,0,0,0,0,1,1,6,6,3,-1,-1,-1,-1,-1,-1,-1,-1,0,-1
2024221403916,2024,221403916,1,9,0,-1,19,7,3,-1,0,1,0,0,0,0,1,9,-1,2,1,42,7,-1,-1,-1,-1,3,E01032449,0,1
2024211501505,2024,211501505,1,9,0,-1,19,2,8,-1,0,1,0,0,0,0,1,1,-1,6,2,26,6,-1,-1,-1,-1,-1,-1,0,-1
2024461512502,2024,461512502,1,19,0,-1,19,1,5,-1,0,0,0,0,0,0,4,9,-1,6,3,-1,-1,-1,-1,-1,-1,-1,-1,0,-1
2024440378465,2024,440378465,2,22,0,18,19,1,5,0,0,0,0,0,0,0,1,1,6,6,1,67,10,-1,-1,-1,-1,1,E01022967,0,1
2024161426371,2024,161426371,2,1,0,-1,19,1,5,-1,0,8,0,0,0,0,2,1,-1,9,1,50,8,-1,-1,-1,-1,8,E01013011,0,1
2024010543608,2024,010543608,2,1,0,18,19,7,3,0,0,8,0,0,0,0,1,1,1,1,1,32,6,-1,-1,-1,-1,3,E01004710,0,1
2024351458306,2024,351458306,2,9,0,-1,19,1,5,-1,0,1,0,0,0,0,0,1,-1,6,-1,-1,-1,-1,-1,-1,-1,-1,-1,0,-1
2024041469507,2024,041469507,1,90,0,-1,19,3,7,-1,0,1,0,0,0,0,1,9,-1,6,1,10,2,-1,-1,-1,-1,1,E01024872,0,1
2024520001632,2024,520001632,2,9,9,18,19,9,9,0,0,0,0,0,0,0,9,9,6,6,3,-1,-1,-1,-1,-1,-1,-1,-1,0,-1
2024010497861,2024,010497861,1,3,0,99,99,9,9,99,99,9,9,99,9,99,1,1,1,1,3,37,7,-1,-1,-1,-1,1,E01000528,0,4
2024340NN0632,2024,340NN0632,1,3,0,-1,19,1,5,-1,0,1,0,0,0,0,1,1,-1,6,1,28,6,-1,-1,-1,-1,3,E01027082,0,1
2024131426975,2024,131426975,2,9,0,-1,2,0,0,-1,0,0,0,0,0,0,2,1,-1,6,-1,-1,-1,-1,-1,-1,-1,-1,-1,0,-1
2024471433640,2024,471433640,1,1,0,-1,5,8,5,-1,0,4,1,10,1,0,3,1,-1,2,1,46,8,-1,-1,-1,-1,6,E01031419,0,1
2024061466714,2024,061466714,1,9,0,-1,19,5,2,-1,0,1,0,0,0,0,-1,9,-1,6,1,-1,-1,-1,-1,-1,-1,-1,-1,0,-1
2024311565098,2024,311565098,2,9,5,-1,19,5,1,-1,0,2,0,0,3,0,3,1,-1,2,1,61,9,-1,-1,-1,-1,-1,-1,0,-1
2024111462046,2024,111462046,1,1,0,-1,19,8,4,-1,0,0,0,0,0,0,3,1,-1,6,3,10,2,-1,-1,-1,-1,-1,-1,0,-1
2024131469904,2024,131469904,2,1,0,-1,5,7,3,-1,0,8,0,0,0,0,1,1,-1,1,1,40,7,-1,-1,-1,-1,6,E01027902,0,4