collision_index,collision_year,collision_ref_no,vehicle_reference,vehicle_type,towing_and_articulation,vehicle_manoeuvre_historic,vehicle_manoeuvre,vehicle_direction_from,vehicle_direction_to,vehicle_location_restricted_lane_historic,vehicle_location_restricted_lane,junction_location,skidding_and_overturning,hit_object_in_carriageway,vehicle_leaving_carriageway,hit_object_off_carriageway,first_point_of_impact,vehicle_left_hand_drive,journey_purpose_of_driver_historic,journey_purpose_of_driver,sex_of_driver,age_of_driver,age_band_of_driver,engine_capacity_cc,propulsion_code,age_of_vehicle,generic_make_model,driver_imd_decile,lsoa_of_driver,escooter_flag,driver_distance_banding
2024052400033,2024,052400033,1,97,0,18,19,3,7,0,0,5,0,0,7,10,1,1,6,6,1,25,5,-1,-1,-1,-1,1,E01006659,0,3
2024010529872,2024,010529872,1,22,0,16,19,1,3,0,0,0,0,0,0,0,1,1,6,6,1,57,9,-1,-1,-1,-1,3,E01035679,0,1
2024361535996,2024,361535996,2,9,0,-1,13,7,3,-1,0,1,0,0,0,0,4,1,-1,6,1,79,11,-1,-1,-1,-1,3,E01026696,0,1
2024041406153,2024,041406153,1,9,0,-1,7,7,2,-1,0,0,0,0,0,0,0,1,-1,6,1,24,5,-1,-1,-1,-1,-1,-1,0,-1
2024010510516,2024,010510516,2,1,0,18,19,1,5,0,0,1,0,0,0,0,1,1,2,2,1,39,7,-1,-1,-1,-1,8,E01023753,0,4
2024351457064,2024,351457064,1,9,0,-1,5,6,2,-1,0,0,0,0,0,0,2,1,-1,2,1,24,5,-1,-1,-1,-1,6,E01018076,0,2
2024061476857,2024,061476857,1,1,0,-1,19,-1,-1,-1,0,1,0,0,0,0,4,1,-1,2,1,57,9,-1,-1,-1,-1,1,E01033678,0,1
2024430476902,2024,430476902,1,9,0,7,7,2,4,0,0,8,0,0,0,0,4,1,6,6,3,-1,-1,-1,-1,-1,-1,-1,-1,0,-1
2024311500969,2024,311500969,2,1,0,-1,19,1,5,-1,0,2,0,0,0,0,1,1,-1,9,1,35,6,-1,-1,-1,-1,-1,-1,0,-1
2024430480810,2024,430480810,2,9,0,18,19,4,8,0,0,1,0,0,0,0,4,1,1,1,1,32,6,-1,-1,-1,-1,1,E01017466,0,4
2024161460184,2024,161460184,1,1,0,-1,19,3,7,-1,4,1,0,0,0,0,3,1,-1,2,1,39,7,-1,-1,-1,-1,2,E01012821,0,2
2024401542241,2024,401542241,1,9,-1,-1,19,-1,-1,-1,0,0,0,0,0,0,4,9,-1,6,3,-1,-1,-1,-1,-1,-1,-1,-1,0,-1
2024231511193,2024,231511193,2,8,0,-1,2,0,0,-1,-1,0,0,0,1,4,2,9,-1,1,1,59,9,-1,-1,-1,-1,9,E01010117,0,3
2024010537400,2024,010537400,1,9,0,18,19,7,3,2,2,8,0,0,0,0,1,1,6,6,3,-1,-1,-1,-1,-1,-1,-1,-1,0,-1
2024622400546,2024,622400546,1,9,0,18,19,7,3,0,0,1,0,0,0,0,0,1,6,6,3,-1,-1,-1,-1,-1,-1,-1,-1,0,-1
2024311498568,2024,311498568,2,9,0,-1,19,6,2,-1,0,1,0,0,0,0,4,1,-1,6,1,31,6,-1,-1,-1,-1,2,E01028259,0,3
2024471417697,2024,471417697,1,9,0,-1,4,7,3,-1,9,0,0,0,0,0,1,1,-1,9,1,96,11,-1,-1,-1,-1,5,E01031392,0,1
2024010492115,2024,010492115,1,1,9,99,99,9,9,99,99,9,9,99,9,99,9,1,6,6,2,43,7,-1,-1,-1,-1,5,E01003344,0,1
2024141504857,2024,141504857,1,9,0,-1,19,5,1,-1,0,0,0,0,0,0,1,1,-1,6,3,-1,-1,-1,-1,-1,-1,-1,-1,0,-1
2024471409258,2024,471409258,1,1,0,-1,19,7,3,-1,0,2,0,0,0,0,4,1,-1,2,1,44,7,-1,-1,-1,-1,5,E01021001,0,1
2024141410015,2024,141410015,1,9,0,-1,4,7,3,-1,0,1,0,0,0,0,1,1,-1,1,2,58,9,-1,-1,-1,-1,9,E01011117,0,2
2024010534373,2024,010534373,1,9,0,99,99,9,9,99,99,9,9,99,9,99,9,9,6,6,3,-1,-1,-1,-1,-1,-1,-1,-1,0,-1
2024451493437,2024,451493437,2,1,0,-1,15,7,3,-1,0,0,0,0,0,0,1,1,-1,2,1,54,8,-1,-1,-1,-1,9,E01030846,0,4
2024010533879,2024,010533879,1,9,0,18,19,5,1,0,0,0,0,0,0,0,1,1,6,6,3,23,5,-1,-1,-1,-1,-1,-1,0,-1
2024010487105,2024,010487105,2,8,0,18,19,7,3,0,0,8,0,0,0,0,1,1,6,6,1,61,9,-1,-1,-1,-1,8,E01002372,0,4
2024610016724,2024,610016724,1,9,0,7,7,8,2,0,0,8,0,0,0,0,1,1,6,6,1,84,11,-1,-1,-1,-1,9,W01001635,0,1
2024010544885,2024,010544885,1,9,0,18,19,3,7,0,0,0,0,0,0,0,1,1,6,6,2,31,6,-1,-1,-1,-1,8,E01021755,0,4
2024211527954,2024,211527954,1,9,0,-1,10,1,5,-1,0,6,0,0,0,0,4,1,-1,6,1,52,8,-1,-1,-1,-1,5,E01029623,0,2
2024010524508,2024,010524508,2,1,0,18,19,3,7,4,4,2,2,0,0,0,1,1,6,6,1,29,6,-1,-1,-1,-1,7,E01001678,0,3
2024010506816,2024,010506816,2,1,9,99,99,9,9,99,99,0,9,99,9,99,9,1,6,6,1,-1,-1,-1,-1,-1,-1,2,E01002881,0,1
2024101398143,2024,101398143,1,9,0,-1,19,1,5,-1,0,0,0,0,0,0,1,9,-1,6,1,-1,-1,-1,-1,-1,-1,-1,-1,0,-1
2024201434373,2024,201434373,2,9,0,-1,3,1,7,-1,0,1,0,0,0,0,2,1,-1,7,1,44,7,-1,-1,-1,-1,2,E01034745,0,1
2024361504396,2024,361504396,2,1,0,-1,19,6,2,-1,0,8,0,0,0,0,2,1,-1,7,2,17,4,-1,-1,-1,-1,5,E01026647,0,1
2024430551005,2024,430551005,2,9,0,18,19,4,8,0,0,4,0,0,0,0,3,1,6,6,2,-1,-1,-1,-1,-1,-1,-1,-1,0,-1
2024520401159,2024,520401159,1,17,0,18,19,4,8,0,0,0,0,0,0,0,1,1,6,6,1,50,8,-1,-1,-1,-1,6,E01029156,0,4
2024430491812,2024,430491812,2,1,0,18,19,7,3,0,0,0,0,0,0,0,2,1,6,6,1,41,7,-1,-1,-1,-1,6,E01028530,0,1
2024010486886,2024,010486886,2,9,0,99,99,9,9,99,99,0,9,99,9,99,9,9,6,6,3,-1,-1,-1,-1,-1,-1,-1,-1,0,-1
2024340NN4662,2024,340NN4662,3,90,0,-1,2,0,0,-1,-1,2,0,0,0,0,3,1,-1,6,3,-1,-1,-1,-1,-1,-1,-1,-1,0,-1
2024501437002,2024,501437002,1,9,9,-1,19,8,6,-1,0,4,0,0,0,0,1,9,-1,6,3,-1,-1,-1,-1,-1,-1,-1,-1,0,-1
2024430012854,2024,430012854,1,9,0,3,3,8,4,0,0,1,0,0,0,0,2,1,1,1,1,32,6,-1,-1,-1,-1,8,E01016250,0,3
2024531408722,2024,531408722,1,1,0,-1,9,6,3,-1,0,8,5,0,0,0,4,1,-1,6,1,38,7,-1,-1,-1,-1,1,E01022319,0,1
2024010488003,2024,010488003,2,11,9,99,99,9,9,99,99,0,9,99,9,99,9,1,6,6,3,-1,-1,-1,-1,-1,-1,-1,-1,0,-1
2024522402429,2024,522402429,2,1,0,18,19,4,1,0,0,8,0,0,0,0,4,1,6,6,1,50,8,-1,-1,-1,-1,7,E01014648,0,2
2024010529420,2024,010529420,1,1,9,99,99,9,9,0,0,1,9,99,9,99,9,1,6,6,1,40,7,-1,-1,-1,-1,3,E01003315,0,1
202460Q051366,2024,60Q051366,1,9,0,4,4,7,3,0,0,1,0,0,0,0,2,1,6,6,1,56,9,-1,-1,-1,-1,-1,-1,0,-1
2024131429544,2024,131429544,1,1,0,-1,19,1,5,-1,5,8,0,0,0,0,1,1,-1,6,3,-1,-1,-1,-1,-1,-1,-1,-1,0,-1
2024421432487,2024,421432487,1,9,0,-1,9,7,5,-1,0,8,0,0,0,0,1,1,-1,6,1,23,5,-1,-1,-1,-1,7,E01021856,0,1
2024440161885,2024,440161885,1,1,0,18,19,7,3,0,0,1,0,0,0,0,3,1,2,2,2,50,8,-1,-1,-1,-1,10,E01020362,0,2
2024201508872,2024,201508872,2,97,0,-1,13,8,4,-1,0,1,0,0,0,0,1,1,-1,6,3,18,4,-1,-1,-1,-1,-1,-1,0,-1
2024141509207,2024,141509207,3,1,0,-1,19,6,2,-1,0,0,0,0,0,0,1,1,-1,6,-1,-1,-1,-1,-1,-1,-1,-1,-1,0,-1
2024320188142,2024,320188142,2,9,0,-1,-1,7,3,0,0,0,1,0,1,9,3,1,-1,-1,2,60,9,-1,-1,-1,-1,5,E01008034,0,4
2024010509633,2024,010509633,1,1,9,99,99,9,9,99,99,0,9,99,9,99,2,1,6,6,1,23,5,-1,-1,-1,-1,2,E01003633,0,1
2024361408065,2024,361408065,2,1,0,-1,19,-1,-1,-1,0,0,0,0,0,0,-1,1,-1,6,1,16,4,-1,-1,-1,-1,5,E01026491,0,1
2024461398780,2024,461398780,3,9,0,-1,19,3,7,-1,0,0,0,0,0,0,1,9,-1,6,1,31,6,-1,-1,-1,-1,4,E01003448,0,4
2024430188414,2024,430188414,2,9,0,2,2,0,0,0,0,0,0,0,0,0,2,1,6,6,3,-1,-1,-1,-1,-1,-1,-1,-1,0,-1
2024351407999,2024,351407999,2,1,0,-1,19,3,7,-1,4,0,0,0,0,0,4,1,-1,2,2,40,7,-1,-1,-1,-1,9,E01018162,0,1
2024010488801,2024,010488801,2,9,0,5,5,7,3,0,0,1,0,0,0,0,1,1,2,2,1,64,9,-1,-1,-1,-1,8,E01000341,0,1
2024201442195,2024,201442195,1,9,0,-1,5,2,6,-1,0,6,0,0,0,0,1,9,-1,6,1,20,4,-1,-1,-1,-1,-1,-1,0,-1
2024351537285,2024,351537285,2,1,-1,-1,-1,-1,-1,-1,-1,0,-1,-1,-1,0,-1,1,-1,6,1,17,4,-1,-1,-1,-1,5,E01018142,0,1
2024231404152,2024,231404152,1,9,0,-1,19,1,5,-1,0,0,0,0,0,0,1,9,-1,6,3,35,6,-1,-1,-1,-1,-1,-1,0,-1
2024010494174,2024,010494174,1,9,0,5,5,3,7,0,0,1,0,0,0,0,1,1,6,6,2,31,6,-1,-1,-1,-1,6,E01004151,0,1
2024631499148,2024,631499148,1,98,4,-1,19,5,1,-1,0,0,0,0,0,0,0,1,-1,1,1,32,6,-1,-1,-1,-1,7,W01000460,0,4
2024552400363,2024,552400363,1,9,0,9,9,7,5,0,0,6,0,0,0,0,4,1,6,6,3,-1,-1,-1,-1,-1,-1,-1,-1,0,-1
2024461506056,2024,461506056,2,8,0,-1,7,3,7,-1,0,0,0,0,0,0,1,1,-1,6,-1,-1,-1,-1,-1,-1,-1,-1,-1,0,-1
2024320772784,2024,320772784,1,9,0,-1,-1,4,8,0,0,0,0,0,0,0,3,1,6,6,1,63,9,-1,-1,-1,-1,4,E01026105,0,3
2024430034113,2024,430034113,2,9,0,4,4,8,4,0,0,0,0,0,0,0,2,1,3,7,2,32,6,-1,-1,-1,-1,8,E01028806,0,3
2024131520809,2024,131520809,1,9,0,-1,-1,-1,-1,-1,-1,-1,-1,-1,-1,-1,-1,1,-1,6,3,-1,-1,-1,-1,-1,-1,-1,-1,0,-1
2024991395307,2024,991395307,1,9,0,-1,19,8,4,-1,0,0,2,0,0,0,1,1,-1,9,1,19,4,-1,-1,-1,-1,1,-1,0,1
2024302400035,2024,302400035,2,4,0,18,19,6,2,0,0,8,1,0,0,0,1,1,1,1,1,40,7,-1,-1,-1,-1,6,E01019878,0,1
2024010544579,2024,010544579,2,1,9,99,99,9,9,99,99,9,9,99,9,99,9,1,1,1,2,39,7,-1,-1,-1,-1,4,E01002711,0,1
2024010493719,2024,010493719,1,9,0,9,9,3,1,0,0,2,0,0,0,0,1,1,6,6,1,33,6,-1,-1,-1,-1,3,E01003569,0,1
2024461527972,2024,461527972,3,1,0,-1,19,7,3,-1,0,0,0,4,0,0,1,1,-1,9,1,15,3,-1,-1,-1,-1,9,E01024139,0,1
2024161409603,2024,161409603,2,9,0,-1,19,8,4,-1,0,0,0,0,0,0,1,1,-1,6,3,-1,-1,-1,-1,-1,-1,-1,-1,0,-1
2024010511080,2024,010511080,2,1,0,99,99,9,9,0,0,9,0,8,0,0,9,1,6,6,1,-1,-1,-1,-1,-1,-1,-1,-1,0,-1
2024522402492,2024,522402492,1,1,0,18,19,6,2,0,0,0,0,0,0,0,9,1,6,6,3,-1,-1,-1,-1,-1,-1,-1,-1,0,-1
2024010545192,2024,010545192,2,1,0,18,19,3,7,0,0,1,0,0,0,0,3,1,6,6,1,20,4,-1,-1,-1,-1,3,E01000016,0,1
2024471519683,2024,471519683,1,9,0,-1,5,6,1,-1,0,1,0,0,0,0,1,2,-1,2,1,56,9,-1,-1,-1,-1,10,E01031425,0,1
2024411439781,2024,411439781,1,9,0,-1,5,6,3,-1,0,2,0,0,0,0,1,1,-1,9,1,45,7,-1,-1,-1,-1,6,E01035606,0,1
2024440389738,2024,440389738,2,9,0,2,2,0,0,0,0,0,0,0,0,0,3,1,6,6,3,-1,-1,-1,-1,-1,-1,-1,-1,0,-1
2024161418353,2024,161418353,2,1,0,-1,19,3,7,-1,0,0,0,0,0,0,1,1,-1,6,1,16,4,-1,-1,-1,-1,6,E01013039,0,2
2024010510639,2024,010510639,2,1,0,18,19,7,3,4,4,8,0,0,0,0,1,1,6,6,2,36,7,-1,-1,-1,-1,4,E01000780,0,2
2024361490594,2024,361490594,1,19,0,-1,4,2,5,-1,0,1,0,0,0,0,0,9,-1,6,3,-1,-1,-1,-1,-1,-1,-1,-1,0,-1
2024221535943,2024,221535943,1,9,0,-1,4,6,1,-1,0,1,0,0,0,0,1,9,-1,6,2,79,11,-1,-1,-1,-1,8,E01032468,0,1
2024141452746,2024,141452746,2,1,0,-1,5,1,1,-1,0,5,0,0,0,0,3,1,-1,2,1,27,6,-1,-1,-1,-1,9,E01033138,0,5
2024061508643,2024,061508643,2,1,0,-1,19,3,8,-1,0,1,0,0,0,0,1,1,-1,6,1,37,7,-1,-1,-1,-1,5,E01005940,0,2
2024010497157,2024,010497157,1,3,0,99,99,9,9,99,99,9,9,99,9,99,1,1,1,1,1,41,7,-1,-1,-1,-1,5,E01003142,0,3
2024010545613,2024,010545613,1,1,9,99,99,9,9,99,99,9,9,99,9,99,1,1,6,6,1,32,6,-1,-1,-1,-1,3,E01000548,0,1
2024161445054,2024,161445054,2,9,0,-1,19,1,5,-1,0,8,0,0,0,0,3,9,-1,6,1,-1,-1,-1,-1,-1,-1,-1,-1,0,-1
202417S106824,2024,17S106824,2,-1,0,-1,19,8,4,-1,0,6,0,0,0,0,1,1,-1,9,2,9,2,-1,-1,-1,-1,-1,-1,0,-1
2024531445820,2024,531445820,1,90,0,-1,5,3,7,-1,0,1,0,0,0,0,0,1,-1,9,1,26,6,-1,-1,-1,-1,6,E01034797,0,1
2024201465590,2024,201465590,2,9,0,-1,19,2,6,-1,0,0,0,0,0,0,2,1,-1,6,1,60,9,-1,-1,-1,-1,6,E01032591,0,3
2024471430956,2024,471430956,2,1,0,-1,19,7,1,-1,0,1,5,0,0,0,9,1,-1,6,2,74,10,-1,-1,-1,-1,4,E01031494,0,1
2024141478696,2024,141478696,2,-1,0,-1,9,7,5,-1,0,2,0,0,0,0,1,9,-1,6,2,36,7,-1,-1,-1,-1,3,E01007793,1,1
2024070511630,2024,070511630,1,9,0,18,19,4,8,0,0,0,0,0,0,0,1,1,6,6,1,26,6,-1,-1,-1,-1,2,E01018498,0,2
2024311433546,2024,311433546,2,-1,0,-1,19,6,2,-1,0,1,0,0,0,0,1,1,-1,6,1,50,8,-1,-1,-1,-1,-1,-1,1,-1
2024052402374,2024,052402374,1,19,0,18,19,6,2,0,0,1,0,0,0,0,1,1,6,6,3,-1,-1,-1,-1,-1,-1,-1,-1,0,-1
2024010487491,2024,010487491,2,9,0,99,99,9,9,99,99,0,9,99,9,99,9,9,6,6,3,-1,-1,-1,-1,-1,-1,-1,-1,0,-1
2024010527926,2024,010527926,1,1,0,18,19,3,7,0,0,0,0,0,0,0,1,1,6,6,1,54,8,-1,-1,-1,-1,-1,-1,0,-1
2024548306024,2024,548306024,2,1,0,9,9,4,2,0,0,5,0,0,0,0,4,1,6,6,1,49,8,-1,-1,-1,-1,10,E01031903,0,1
2024010509171,2024,010509171,2,9,9,99,99,9,9,99,99,9,9,99,9,99,2,9,6,6,3,-1,-1,-1,-1,-1,-1,-1,-1,0,-1
2024010493603,2024,010493603,1,19,0,18,19,4,8,0,0,4,0,0,0,0,1,1,2,2,1,28,6,-1,-1,-1,-1,3,E01030608,0,4
2024201453513,2024,201453513,2,1,0,-1,9,1,3,-1,0,3,0,0,0,0,4,1,-1,2,1,59,9,-1,-1,-1,-1,3,E01009875,0,1
2024010487471,2024,010487471,2,1,0,18,19,8,4,9,9,0,1,0,7,0,0,1,6,6,1,17,4,-1,-1,-1,-1,5,E01001247,0,1
2024351417311,2024,351417311,2,19,0,-1,4,1,3,-1,0,2,0,0,0,0,4,1,-1,6,1,-1,-1,-1,-1,-1,-1,8,E01018221,0,3
2024010489278,2024,010489278,1,9,0,7,7,7,1,0,0,6,0,0,0,0,3,1,6,6,1,32,6,-1,-1,-1,-1,-1,-1,0,-1
2024430282845,2024,430282845,2,9,0,18,19,5,1,0,0,4,0,0,0,0,4,1,6,6,1,18,4,-1,-1,-1,-1,9,E01028482,0,2
2024552400295,2024,552400295,1,1,0,18,19,8,4,0,0,3,0,0,0,0,0,1,6,6,1,34,6,-1,-1,-1,-1,2,E01015280,0,1
2024010524944,2024,010524944,1,1,9,18,19,9,9,99,99,0,9,99,9,99,9,1,2,2,1,27,6,-1,-1,-1,-1,5,E01004565,0,1
2024371494158,2024,371494158,1,21,0,-1,19,-1,-1,-1,0,8,0,0,0,0,3,1,-1,1,1,44,7,-1,-1,-1,-1,-1,-1,0,-1
2024430613400,2024,430613400,1,9,0,10,10,8,6,0,0,6,0,0,0,0,3,1,6,6,1,45,7,-1,-1,-1,-1,-1,-1,0,-1
2024052401496,2024,052401496,1,1,0,18,19,7,3,0,0,0,0,0,0,0,1,1,6,6,1,43,7,-1,-1,-1,-1,3,E01006996,0,1
2024061455875,2024,061455875,1,9,0,-1,19,4,8,-1,0,0,0,0,0,0,1,9,-1,6,3,25,5,-1,-1,-1,-1,-1,-1,0,-1
2024451415692,2024,451415692,2,9,0,-1,3,8,-1,-1,0,4,0,0,0,0,1,1,-1,6,2,40,7,-1,-1,-1,-1,-1,-1,0,-1
2024520402582,2024,520402582,3,9,0,18,19,4,7,0,0,0,0,0,0,0,2,1,6,6,1,23,5,-1,-1,-1,-1,2,E01029239,0,3
2024430405911,2024,430405911,1,9,0,18,19,3,7,0,0,0,0,0,0,0,1,1,6,6,1,47,8,-1,-1,-1,-1,-1,-1,0,-1
2024041405461,2024,041405461,1,9,0,-1,19,5,1,-1,0,2,0,0,0,0,4,1,-1,6,2,78,11,-1,-1,-1,-1,8,E01034352,0,4
2024061495064,2024,061495064,2,1,0,-1,19,8,4,-1,0,0,0,0,0,0,4,1,-1,6,1,37,7,-1,-1,-1,-1,2,E01005889,0,1
2024061420025,2024,061420025,2,1,0,-1,9,6,4,-1,0,5,0,0,0,0,3,1,-1,6,1,16,4,-1,-1,-1,-1,10,E01005716,0,1
2024061523518,2024,061523518,1,9,0,-1,9,-1,-1,-1,0,8,0,0,7,0,3,9,-1,6,3,-1,-1,-1,-1,-1,-1,-1,-1,0,-1
2024361516703,2024,361516703,1,1,0,-1,19,7,3,-1,0,8,5,0,0,0,1,1,-1,1,1,25,5,-1,-1,-1,-1,2,E01026828,0,1
2024201403712,2024,201403712,3,9,0,-1,19,4,8,-1,0,1,0,0,0,0,1,9,-1,6,-1,-1,-1,-1,-1,-1,-1,-1,-1,0,-1
2024061521352,2024,061521352,2,22,0,-1,19,5,5,-1,0,2,5,0,0,0,3,1,-1,6,1,65,9,-1,-1,-1,-1,3,E01005297,0,1
2024010490358,2024,010490358,1,1,9,99,99,9,9,99,99,9,9,99,9,99,1,1,1,1,1,27,6,-1,-1,-1,-1,3,E01000577,0,3
2024131473978,2024,131473978,1,9,0,-1,-1,-1,-1,-1,-1,-1,-1,-1,-1,-1,-1,1,-1,6,3,-1,-1,-1,-1,-1,-1,-1,-1,0,-1
2024411539388,2024,411539388,2,1,0,-1,9,6,4,-1,0,6,0,0,0,0,1,1,-1,9,1,14,3,-1,-1,-1,-1,5,E01023542,0,1
2024010527067,2024,010527067,1,3,0,5,5,7,3,0,0,1,0,0,0,0,3,1,1,1,1,21,5,-1,-1,-1,-1,2,E01002633,0,3
2024131410330,2024,131410330,3,9,0,-1,2,0,0,-1,0,0,0,4,0,0,3,1,-1,6,-1,-1,-1,-1,-1,-1,-1,-1,-1,0,-1
2024622400883,2024,622400883,2,9,0,18,19,4,8,0,0,1,0,0,0,0,2,1,6,6,3,-1,-1,-1,-1,-1,-1,-1,-1,0,-1
2024522402710,2024,522402710,2,9,0,18,19,3,7,0,0,8,0,0,0,0,1,1,6,6,2,54,8,-1,-1,-1,-1,9,E01014741,0,1
2024061465745,2024,061465745,1,8,0,-1,19,8,4,-1,0,1,0,0,0,0,3,1,-1,1,1,-1,-1,-1,-1,-1,-1,2,E01005032,0,2
2024311417434,2024,311417434,1,18,-1,-1,5,1,5,-1,1,0,0,0,0,0,1,1,-1,1,1,42,7,-1,-1,-1,-1,3,E01033779,0,2
202454D366524,2024,54D366524,1,19,0,18,19,3,7,0,0,4,0,0,0,0,9,1,6,6,3,-1,-1,-1,-1,-1,-1,-1,-1,0,-1
2024311482627,2024,311482627,2,9,0,-1,4,2,6,-1,0,1,0,0,0,0,2,1,-1,1,1,57,9,-1,-1,-1,-1,6,E01026199,0,3
2024010570999,2024,010570999,1,1,9,99,99,9,9,99,99,0,9,99,9,99,1,1,6,6,1,21,5,-1,-1,-1,-1,2,E01002784,0,1
2024010494548,2024,010494548,1,8,0,11,11,7,3,0,0,0,0,0,0,0,4,1,1,1,1,57,9,-1,-1,-1,-1,2,E01015787,0,4
2024131478891,2024,131478891,1,9,0,-1,19,1,5,-1,0,0,0,0,0,0,3,1,-1,9,1,66,10,-1,-1,-1,-1,5,E01010990,0,1
2024461443916,2024,461443916,1,98,0,-1,19,5,2,-1,0,0,0,0,0,0,3,9,-1,6,1,-1,-1,-1,-1,-1,-1,-1,-1,0,-1
2024010548670,2024,010548670,2,1,0,18,19,2,6,0,0,0,0,0,0,0,2,1,6,6,1,12,3,-1,-1,-1,-1,3,E01001109,0,1
2024211510236,2024,211510236,1,9,0,-1,19,-1,-1,-1,0,0,0,0,0,0,-1,9,-1,6,3,30,6,-1,-1,-1,-1,-1,-1,0,-1
2024010524404,2024,010524404,2,1,0,5,5,5,1,0,0,0,0,0,0,0,1,1,6,6,1,8,2,-1,-1,-1,-1,2,E01000033,0,1
2024061450822,2024,061450822,2,18,-1,-1,4,6,2,-1,1,1,0,0,0,0,1,1,-1,9,2,57,9,-1,-1,-1,-1,6,E01018749,0,4
2024991476111,2024,991476111,1,9,0,-1,3,6,2,-1,0,0,0,0,0,0,3,1,-1,6,1,30,6,-1,-1,-1,-1,-1,-1,0,-1
2024010553726,2024,010553726,1,1,9,99,99,9,9,99,99,9,9,99,9,99,9,1,6,6,1,25,5,-1,-1,-1,-1,2,E01003337,0,1
2024411469143,2024,411469143,1,5,0,-1,5,5,1,-1,0,4,1,0,0,0,2,1,-1,6,1,48,8,-1,-1,-1,-1,5,E01021818,0,3
2024010527027,2024,010527027,2,1,9,99,99,9,9,99,99,9,9,99,9,99,1,1,6,6,3,-1,-1,-1,-1,-1,-1,-1,-1,0,-1
2024501395665,2024,501395665,2,19,4,-1,19,7,2,-1,0,1,0,0,0,0,3,9,-1,1,1,59,9,-1,-1,-1,-1,4,E01020126,0,2
2024010506507,2024,010506507,2,9,0,9,9,3,1,0,0,8,0,0,0,0,0,1,6,6,3,34,6,-1,-1,-1,-1,-1,-1,0,-1
2024320614500,2024,320614500,1,90,0,-1,-1,8,4,0,0,1,2,10,0,0,2,1,6,6,1,65,9,-1,-1,-1,-1,7,E01026153,0,1
2024010521446,2024,010521446,2,9,0,99,99,9,9,99,99,1,0,99,0,0,9,9,6,6,3,-1,-1,-1,-1,-1,-1,-1,-1,0,-1
2024401515697,2024,401515697,1,9,-1,-1,-1,-1,-1,-1,-1,4,-1,-1,-1,0,-1,1,-1,6,1,49,8,-1,-1,-1,-1,1,E01011729,0,5
2024461509959,2024,461509959,1,9,0,-1,19,3,7,-1,0,0,0,0,0,0,1,9,-1,6,1,-1,-1,-1,-1,-1,-1,-1,-1,0,-1
2024010494313,2024,010494313,1,3,0,99,99,9,9,99,99,9,9,99,9,99,9,1,2,2,1,33,6,-1,-1,-1,-1,4,E01000618,0,3
2024070197842,2024,070197842,2,9,0,4,4,8,4,0,0,1,0,0,0,0,2,1,6,6,2,48,8,-1,-1,-1,-1,7,E01023527,0,5
2024201509188,2024,201509188,1,9,0,-1,15,7,3,-1,0,0,5,10,2,0,4,1,-1,6,1,37,7,-1,-1,-1,-1,3,E01009597,0,1
2024991511226,2024,991511226,2,1,0,-1,20,3,7,-1,0,0,0,0,0,0,1,1,-1,9,1,9,2,-1,-1,-1,-1,5,-1,0,1
2024041404018,2024,041404018,1,9,0,-1,19,7,3,-1,0,3,0,4,4,2,2,1,-1,9,1,72,10,-1,-1,-1,-1,9,E01025319,0,3
2024010506825,2024,010506825,1,9,0,99,99,9,9,99,99,9,9,99,9,99,2,9,6,6,3,-1,-1,-1,-1,-1,-1,-1,-1,0,-1
2024332400310,2024,332400310,2,1,0,-1,19,4,8,-1,0,8,0,0,0,0,4,1,-1,2,2,40,7,-1,-1,-1,-1,10,E01025970,0,1
2024501483100,2024,501483100,1,9,0,-1,1,3,7,-1,0,2,0,0,0,0,2,1,-1,9,1,19,4,-1,-1,-1,-1,6,E01019021,0,1
2024141400046,2024,141400046,2,9,0,-1,4,1,5,-1,0,0,0,0,0,0,1,9,-1,6,3,-1,-1,-1,-1,-1,-1,-1,-1,0,-1
2024440403528,2024,440403528,2,1,0,18,19,4,8,0,0,0,0,0,0,0,3,1,6,6,1,13,3,-1,-1,-1,-1,5,E01023151,0,1
2024332400006,2024,332400006,1,9,0,-1,19,3,7,-1,0,0,0,0,0,0,1,1,-1,6,3,-1,-1,-1,-1,-1,-1,-1,-1,0,-1
2024010493155,2024,010493155,1,9,0,9,9,3,2,0,0,4,0,10,0,0,4,1,6,6,2,55,8,-1,-1,-1,-1,9,E01000717,0,1
2024010490347,2024,010490347,1,3,0,99,99,9,9,99,99,0,9,99,9,99,1,1,1,1,1,22,5,-1,-1,-1,-1,3,E01034204,0,2
2024111521412,2024,111521412,1,17,0,-1,9,1,5,-1,0,1,0,0,0,0,3,1,-1,1,1,32,6,-1,-1,-1,-1,5,E01020864,0,1
2024211477526,2024,211477526,1,19,0,-1,-1,-1,-1,-1,-1,0,-1,-1,-1,0,-1,9,-1,6,3,-1,-1,-1,-1,-1,-1,-1,-1,0,-1
2024010506857,2024,010506857,1,1,9,99,99,9,9,99,99,9,9,99,9,99,9,1,6,6,2,63,9,-1,-1,-1,-1,5,E01001381,0,1
2024520402373,2024,520402373,2,1,0,18,19,7,3,0,0,8,0,0,0,0,1,1,6,6,1,19,4,-1,-1,-1,-1,5,E01029173,0,1
2024520000215,2024,520000215,2,9,9,18,19,9,9,0,0,8,0,0,0,0,1,9,6,6,3,-1,-1,-1,-1,-1,-1,-1,-1,0,-1
2024520500077,2024,520500077,1,9,0,18,19,1,5,0,0,1,5,0,7,1,1,1,6,6,1,28,6,-1,-1,-1,-1,8,E01029184,0,2
2024201465223,2024,201465223,1,4,0,-1,14,4,8,-1,0,0,0,0,0,0,3,1,-1,2,1,-1,-1,-1,-1,-1,-1,9,E01009727,0,1
2024501441316,2024,501441316,2,9,0,-1,19,6,2,-1,0,8,0,0,0,0,1,1,-1,7,2,45,7,-1,-1,-1,-1,4,E01019005,0,2
2024351469664,2024,351469664,2,9,0,-1,19,3,1,-1,0,0,0,0,0,0,1,1,-1,6,1,33,6,-1,-1,-1,-1,1,E01035473,0,5
2024440273010,2024,440273010,2,9,0,18,19,4,8,0,0,8,0,0,0,0,4,1,3,7,1,21,5,-1,-1,-1,-1,8,E01023232,0,2
2024421422411,2024,421422411,1,9,0,-1,19,7,3,-1,0,4,0,0,0,0,1,9,-1,6,3,-1,-1,-1,-1,-1,-1,-1,-1,0,-1