collision_index,collision_year,collision_ref_no,vehicle_reference,vehicle_type,towing_and_articulation,vehicle_manoeuvre_historic,vehicle_manoeuvre,vehicle_direction_from,vehicle_direction_to,vehicle_location_restricted_lane_historic,vehicle_location_restricted_lane,junction_location,skidding_and_overturning,hit_object_in_carriageway,vehicle_leaving_carriageway,hit_object_off_carriageway,first_point_of_impact,vehicle_left_hand_drive,journey_purpose_of_driver_historic,journey_purpose_of_driver,sex_of_driver,age_of_driver,age_band_of_driver,engine_capacity_cc,propulsion_code,age_of_vehicle,generic_make_model,driver_imd_decile,lsoa_of_driver,escooter_flag,driver_distance_banding
2024041466590,2024,041466590,2,1,0,-1,19,-1,-1,-1,0,1,0,0,0,0,-1,1,-1,6,1,13,3,-1,-1,-1,-1,4,E01025544,0,1
2024010501761,2024,010501761,1,1,9,99,99,9,9,99,99,1,9,99,9,99,1,1,2,2,1,35,6,-1,-1,-1,-1,6,E01003255,0,2
2024010548861,2024,010548861,1,8,0,99,99,9,9,99,99,9,9,99,9,99,9,9,6,6,2,-1,-1,-1,-1,-1,-1,-1,-1,0,-1
2024430596307,2024,430596307,2,19,0,2,2,0,0,0,0,0,0,0,0,0,3,1,6,6,1,-1,-1,-1,-1,-1,-1,-1,-1,0,-1
2024201496967,2024,201496967,1,19,0,-1,5,5,1,-1,0,1,0,0,0,0,1,1,-1,1,1,57,9,-1,-1,-1,-1,10,E01019909,0,5
2024041449412,2024,041449412,1,9,0,-1,19,1,5,-1,0,2,0,0,0,0,1,1,-1,9,1,49,8,-1,-1,-1,-1,2,E01024904,0,1
202417L101224,2024,17L101224,1,9,0,18,19,8,4,0,0,0,0,0,0,0,1,1,6,6,1,66,10,-1,-1,-1,-1,2,E01012132,0,1
2024010488776,2024,010488776,2,9,0,18,19,5,1,0,0,1,0,0,0,0,2,1,6,6,2,54,8,-1,-1,-1,-1,2,E01001151,0,2
2024991515386,2024,991515386,2,1,0,-1,19,3,7,-1,0,0,0,0,0,0,1,1,-1,9,1,64,9,-1,-1,-1,-1,10,-1,0,1
2024010498097,2024,010498097,3,1,0,18,19,3,7,0,0,0,0,0,0,0,0,1,2,2,1,40,7,-1,-1,-1,-1,-1,-1,0,-1
2024991450939,2024,991450939,1,9,0,-1,9,8,6,-1,0,2,0,10,0,0,0,1,-1,6,1,-1,-1,-1,-1,-1,-1,-1,-1,0,-1
2024122400727,2024,122400727,3,9,0,18,19,3,7,0,0,0,0,0,0,0,2,1,6,6,1,42,7,-1,-1,-1,-1,8,E01027568,0,4
2024311504996,2024,311504996,2,1,0,-1,19,4,8,-1,0,1,0,0,0,0,2,1,-1,2,1,44,7,-1,-1,-1,-1,-1,-1,0,-1
2024430326083,2024,430326083,1,1,0,18,19,8,5,0,0,8,0,0,0,0,4,1,6,6,1,42,7,-1,-1,-1,-1,6,E01017839,0,2
2024401492540,2024,401492540,1,9,0,-1,5,5,1,-1,0,6,0,0,0,0,1,1,-1,9,1,80,11,-1,-1,-1,-1,9,E01017398,0,1
2024010530424,2024,010530424,2,1,0,18,19,5,1,4,4,0,0,0,0,0,1,1,6,6,1,13,3,-1,-1,-1,-1,9,E01003837,0,1
2024991450976,2024,991450976,2,9,0,-1,12,7,3,-1,0,0,0,0,0,0,1,1,-1,9,2,37,7,-1,-1,-1,-1,9,-1,0,4
2024311456594,2024,311456594,1,1,0,-1,19,8,4,-1,0,0,0,4,0,0,1,1,-1,6,1,78,11,-1,-1,-1,-1,4,E01028038,0,1
2024991439441,2024,991439441,1,9,0,-1,19,5,1,-1,0,8,0,0,0,0,1,1,-1,9,2,49,8,-1,-1,-1,-1,8,-1,0,3
2024461520203,2024,461520203,2,1,0,-1,19,1,5,-1,0,4,0,0,0,0,3,1,-1,1,1,20,4,-1,-1,-1,-1,3,E01024099,0,1
2024010514012,2024,010514012,2,9,0,99,99,9,9,99,99,9,9,99,9,99,9,9,6,6,3,-1,-1,-1,-1,-1,-1,-1,-1,0,-1
2024010491225,2024,010491225,1,19,0,17,19,3,7,0,0,0,0,0,0,0,1,1,1,1,1,57,9,-1,-1,-1,-1,7,E01035581,0,4
2024201410252,2024,201410252,1,9,0,-1,1,3,7,-1,0,0,0,0,0,0,1,1,-1,6,1,45,7,-1,-1,-1,-1,-1,-1,0,-1
202460Q057831,2024,60Q057831,1,98,0,17,19,1,6,0,0,0,0,0,0,0,1,1,2,2,1,50,8,-1,-1,-1,-1,-1,-1,0,-1
2024010549289,2024,010549289,1,9,0,18,19,5,1,0,0,0,5,11,0,0,4,1,6,6,1,24,5,-1,-1,-1,-1,6,E01002161,0,1
2024010490899,2024,010490899,2,1,0,5,5,1,5,0,0,8,0,0,0,0,1,1,2,2,2,39,7,-1,-1,-1,-1,5,E01004547,0,1
2024122401289,2024,122401289,1,9,0,18,19,5,3,0,0,0,0,0,0,0,1,1,6,6,3,-1,-1,-1,-1,-1,-1,-1,-1,0,-1
2024131446370,2024,131446370,1,1,0,-1,19,5,1,-1,0,8,0,0,0,0,1,1,-1,9,1,42,7,-1,-1,-1,-1,4,E01011933,0,1
2024211419213,2024,211419213,1,9,0,-1,19,2,6,-1,0,0,0,0,0,0,4,1,-1,6,3,35,6,-1,-1,-1,-1,-1,-1,0,-1
2024430449830,2024,430449830,2,1,0,18,19,1,5,0,0,8,0,0,0,0,4,1,6,6,2,70,10,-1,-1,-1,-1,-1,-1,0,-1
2024061497885,2024,061497885,2,1,0,-1,19,5,2,-1,4,0,0,0,0,0,1,1,-1,2,1,35,6,-1,-1,-1,-1,10,E01006147,0,1
2024991413418,2024,991413418,1,9,0,-1,19,2,6,-1,0,1,0,0,0,0,4,9,-1,6,3,30,6,-1,-1,-1,-1,-1,-1,0,-1
2024122500053,2024,122500053,1,9,0,7,7,2,6,0,0,2,1,10,1,11,1,1,6,6,1,33,6,-1,-1,-1,-1,7,E01027742,0,1
2024041458572,2024,041458572,2,1,0,-1,19,1,5,-1,0,3,0,0,0,0,1,1,-1,9,1,50,8,-1,-1,-1,-1,9,E01025539,0,2
2024131456925,2024,131456925,1,1,0,-1,19,7,3,-1,0,8,1,0,0,0,3,1,-1,6,1,39,7,-1,-1,-1,-1,4,E01010923,0,2
2024010530535,2024,010530535,1,1,9,99,99,9,9,99,99,9,9,99,9,99,9,1,6,6,1,32,6,-1,-1,-1,-1,7,E01004605,0,1
2024101398409,2024,101398409,1,9,0,-1,19,1,1,-1,0,1,0,0,0,0,1,9,-1,6,3,18,4,-1,-1,-1,-1,-1,-1,0,-1
2024010539203,2024,010539203,2,1,9,99,99,9,9,99,99,9,9,99,9,99,2,1,6,6,3,-1,-1,-1,-1,-1,-1,-1,-1,0,-1
2024451458988,2024,451458988,1,1,0,-1,7,8,6,-1,0,8,1,0,0,0,1,1,-1,9,1,53,8,-1,-1,-1,-1,10,E01030296,0,4
2024010541593,2024,010541593,2,1,9,99,99,9,9,99,99,0,9,99,9,99,1,1,6,6,2,-1,-1,-1,-1,-1,-1,-1,-1,0,-1
2024201482183,2024,201482183,5,9,9,-1,19,4,8,-1,0,8,0,0,0,0,9,9,-1,6,1,49,8,-1,-1,-1,-1,5,E01009519,0,2
2024010501720,2024,010501720,2,9,0,99,99,9,9,99,99,0,9,99,9,99,2,9,6,6,3,-1,-1,-1,-1,-1,-1,-1,-1,0,-1
2024010487220,2024,010487220,1,9,0,18,19,3,7,0,0,1,0,0,0,0,1,1,6,6,1,37,7,-1,-1,-1,-1,6,E01001289,0,1
2024010505401,2024,010505401,2,9,9,99,99,9,9,99,99,9,9,99,9,99,9,9,6,6,3,-1,-1,-1,-1,-1,-1,-1,-1,0,-1
2024430016029,2024,430016029,2,9,0,18,19,9,9,0,0,0,0,0,0,0,1,1,6,6,3,-1,-1,-1,-1,-1,-1,-1,-1,0,-1
2024041518360,2024,041518360,3,9,0,-1,5,3,7,-1,0,4,0,0,0,0,1,1,-1,9,2,50,8,-1,-1,-1,-1,5,E01012706,0,1
2024541897424,2024,541897424,1,9,0,18,19,7,3,0,0,0,0,0,0,0,1,1,6,6,2,75,10,-1,-1,-1,-1,4,E01015247,0,5
2024161533250,2024,161533250,1,11,0,-1,19,7,3,-1,0,0,0,0,0,0,2,9,-1,1,2,46,8,-1,-1,-1,-1,8,E01012959,0,1
2024302401025,2024,302401025,1,9,0,17,19,6,3,0,0,0,0,0,0,0,3,1,6,6,1,66,10,-1,-1,-1,-1,6,E01019524,0,3
2024430617605,2024,430617605,2,9,0,18,19,6,2,0,0,8,0,0,0,0,1,1,6,6,1,42,7,-1,-1,-1,-1,4,E01034610,0,2
2024201447211,2024,201447211,1,9,0,-1,19,1,4,-1,0,0,0,0,0,0,1,1,-1,6,1,-1,-1,-1,-1,-1,-1,-1,-1,0,-1
2024440235107,2024,440235107,2,9,0,17,19,7,5,0,0,8,0,0,0,0,1,1,6,6,1,-1,-1,-1,-1,-1,-1,-1,-1,0,-1
2024052402119,2024,052402119,2,1,0,18,19,6,2,0,0,0,0,0,0,0,1,1,4,7,1,14,3,-1,-1,-1,-1,3,E01007022,0,2
2024552401282,2024,552401282,4,19,0,3,3,6,2,0,0,0,0,0,0,0,2,1,6,6,1,49,8,-1,-1,-1,-1,6,E01020441,0,3
2024430118133,2024,430118133,2,1,0,18,19,7,3,0,0,1,0,0,0,0,4,1,6,6,1,22,5,-1,-1,-1,-1,-1,-1,0,-1
2024221544058,2024,221544058,1,9,0,-1,19,8,2,-1,0,0,0,0,0,0,1,9,-1,6,3,21,5,-1,-1,-1,-1,-1,-1,0,-1
2024010504709,2024,010504709,1,1,9,99,99,9,9,99,99,9,9,99,9,99,9,1,6,6,2,28,6,-1,-1,-1,-1,4,E01003104,0,1
2024201510835,2024,201510835,1,9,0,-1,19,6,2,-1,0,0,0,0,0,0,1,9,-1,6,3,-1,-1,-1,-1,-1,-1,-1,-1,0,-1
2024010493903,2024,010493903,2,1,0,18,19,5,1,0,0,2,2,0,0,0,3,1,6,6,1,33,6,-1,-1,-1,-1,5,E01004513,0,1
2024111525309,2024,111525309,1,9,0,-1,3,2,6,-1,0,4,0,0,0,0,1,1,-1,6,3,30,6,-1,-1,-1,-1,-1,-1,0,-1
2024522402297,2024,522402297,1,97,0,18,19,4,8,0,0,0,0,0,0,0,1,1,6,6,3,-1,-1,-1,-1,-1,-1,-1,-1,0,-1
2024052401067,2024,052401067,1,9,0,18,19,8,4,0,0,0,0,0,0,0,4,1,6,6,3,-1,-1,-1,-1,-1,-1,-1,-1,0,-1
2024440332612,2024,440332612,1,5,0,17,19,6,3,0,0,0,1,0,0,0,1,1,6,6,1,23,5,-1,-1,-1,-1,5,E01017355,0,2
2024351445155,2024,351445155,1,11,0,-1,19,7,3,-1,0,2,0,0,0,0,1,1,-1,1,1,19,4,-1,-1,-1,-1,7,E01018223,0,2
2024320217318,2024,320217318,1,9,0,9,9,4,2,0,0,6,0,0,0,0,1,1,-1,-1,1,28,6,-1,-1,-1,-1,7,E01026153,0,3
2024111436159,2024,111436159,2,23,0,-1,19,3,8,-1,0,0,0,0,0,0,1,1,-1,2,1,22,5,-1,-1,-1,-1,2,E01008755,0,1
2024010500489,2024,010500489,2,-1,0,18,19,1,5,0,0,8,0,0,0,0,1,2,6,6,1,26,6,-1,-1,-1,-1,1,E01012648,1,5
2024211518603,2024,211518603,1,9,0,-1,19,3,7,-1,0,4,1,0,0,0,1,1,-1,2,1,36,7,-1,-1,-1,-1,-1,-1,0,-1
2024522401518,2024,522401518,1,1,0,18,19,4,8,0,0,8,0,0,0,0,4,1,6,6,1,31,6,-1,-1,-1,-1,4,E01014623,0,1
2024430146586,2024,430146586,1,9,0,18,19,5,1,0,0,0,0,0,0,0,1,1,6,6,3,-1,-1,-1,-1,-1,-1,-1,-1,0,-1
2024421477484,2024,421477484,2,1,0,-1,19,5,1,-1,0,6,0,0,1,0,3,1,-1,9,1,3,1,-1,-1,-1,-1,4,E01015956,0,1
2024101426626,2024,101426626,1,22,0,-1,5,7,3,-1,0,6,0,0,0,0,1,1,-1,9,1,68,10,-1,-1,-1,-1,1,E01008762,0,1
2024451423078,2024,451423078,1,19,0,-1,19,4,8,-1,0,0,0,0,0,0,-1,1,-1,6,3,-1,-1,-1,-1,-1,-1,-1,-1,0,-1
2024471497221,2024,471497221,2,9,0,-1,9,2,8,-1,0,0,0,0,0,0,3,1,-1,9,2,42,7,-1,-1,-1,-1,9,E01020944,0,1
2024631529739,2024,631529739,1,9,0,-1,5,2,6,-1,0,6,0,0,0,0,0,1,-1,6,3,-1,-1,-1,-1,-1,-1,-1,-1,0,-1
2024052400100,2024,052400100,2,1,0,18,19,7,3,0,0,1,0,0,0,0,1,1,1,1,1,44,7,-1,-1,-1,-1,4,E01007229,0,1
2024501434059,2024,501434059,1,9,0,-1,4,4,8,-1,2,0,0,0,0,0,2,9,-1,6,1,-1,-1,-1,-1,-1,-1,-1,-1,0,-1
2024211462422,2024,211462422,2,9,0,-1,3,4,8,-1,0,0,0,0,0,0,2,1,-1,9,1,62,9,-1,-1,-1,-1,-1,-1,0,-1
2024340WN7302,2024,340WN7302,2,9,0,-1,19,3,7,-1,0,4,0,0,0,0,3,1,-1,9,1,41,7,-1,-1,-1,-1,-1,-1,0,-1
2024010524265,2024,010524265,2,9,0,99,99,9,9,99,99,9,9,99,9,99,9,9,6,6,3,-1,-1,-1,-1,-1,-1,-1,-1,0,-1
2024010494491,2024,010494491,2,1,9,99,99,9,9,99,99,9,9,99,9,99,9,1,6,6,1,-1,-1,-1,-1,-1,-1,-1,-1,0,-1
2024131402596,2024,131402596,3,11,0,-1,2,0,0,-1,0,0,0,0,0,0,-1,1,-1,6,3,-1,-1,-1,-1,-1,-1,-1,-1,0,-1
2024430334371,2024,430334371,2,1,0,18,19,6,2,0,0,0,0,0,0,0,3,1,6,6,1,8,2,-1,-1,-1,-1,2,E01016295,0,1
2024070411746,2024,070411746,2,9,0,18,19,3,7,0,0,8,0,0,0,0,4,1,6,6,2,57,9,-1,-1,-1,-1,5,E01012440,0,1
2024520401248,2024,520401248,1,19,0,18,19,3,7,0,0,0,0,0,0,0,1,1,6,6,1,66,10,-1,-1,-1,-1,5,E01015274,0,4
2024430026156,2024,430026156,2,9,0,18,19,8,4,0,0,8,0,0,0,0,1,1,6,6,3,-1,-1,-1,-1,-1,-1,-1,-1,0,-1
2024461448026,2024,461448026,2,9,0,-1,8,1,7,-1,0,2,0,0,0,0,1,1,-1,9,1,53,8,-1,-1,-1,-1,2,E01016046,0,3
2024010502113,2024,010502113,1,9,0,18,19,5,1,0,0,1,0,0,0,0,4,1,2,2,1,27,6,-1,-1,-1,-1,3,E01001082,0,3
2024361454440,2024,361454440,1,9,0,-1,7,7,6,-1,0,0,0,0,0,0,1,1,-1,9,2,24,5,-1,-1,-1,-1,6,E01026494,0,3
2024520401137,2024,520401137,1,9,0,16,19,7,5,0,0,0,2,0,0,0,1,1,6,6,1,30,6,-1,-1,-1,-1,4,E01029232,0,1
2024010548687,2024,010548687,1,20,0,99,99,9,9,99,99,9,9,99,9,99,1,9,6,6,3,-1,-1,-1,-1,-1,-1,-1,-1,0,-1
2024211527971,2024,211527971,2,9,0,-1,19,2,5,-1,0,0,0,0,0,0,3,1,-1,6,1,45,7,-1,-1,-1,-1,5,E01019613,0,3
2024010544861,2024,010544861,2,1,0,18,19,7,3,0,0,8,0,0,0,0,3,1,2,2,1,47,8,-1,-1,-1,-1,9,E01003837,0,2
2024141416985,2024,141416985,1,9,0,-1,19,3,7,-1,0,0,0,0,0,0,4,9,-1,6,3,25,5,-1,-1,-1,-1,-1,-1,0,-1
2024211522840,2024,211522840,2,9,0,-1,7,3,4,-1,0,6,0,99,0,0,3,1,-1,6,3,-1,-1,-1,-1,-1,-1,-1,-1,0,-1
2024430549633,2024,430549633,2,9,0,18,19,2,6,0,0,4,0,0,0,0,1,1,6,6,2,31,6,-1,-1,-1,-1,-1,-1,0,-1
2024041472533,2024,041472533,1,1,0,-1,19,1,5,-1,0,2,0,0,0,0,1,1,-1,9,1,8,2,-1,-1,-1,-1,1,E01025082,0,1
2024440379249,2024,440379249,2,9,0,1,1,5,1,9,9,0,0,0,0,0,1,1,6,6,3,-1,-1,-1,-1,-1,-1,-1,-1,0,-1
2024010526602,2024,010526602,1,9,0,99,99,9,9,99,99,9,9,99,9,99,1,9,6,6,3,-1,-1,-1,-1,-1,-1,-1,-1,0,-1
2024010490129,2024,010490129,1,9,0,18,19,1,5,0,0,2,0,0,0,0,2,1,2,2,1,61,9,-1,-1,-1,-1,-1,-1,0,-1
2024991493438,2024,991493438,2,1,0,-1,19,4,8,-1,0,8,0,0,0,0,1,1,-1,6,1,26,6,-1,-1,-1,-1,1,-1,0,1
2024332401173,2024,332401173,2,1,0,-1,19,4,8,-1,0,2,0,0,0,0,2,1,-1,9,1,49,8,-1,-1,-1,-1,6,E01035102,0,1
2024010513456,2024,010513456,1,1,9,99,99,9,9,99,99,9,9,99,9,99,9,1,6,6,1,49,8,-1,-1,-1,-1,4,E01004406,0,1
2024052402741,2024,052402741,1,9,0,18,19,3,7,0,0,1,0,0,0,0,1,1,6,6,3,-1,-1,-1,-1,-1,-1,-1,-1,0,-1
2024052401879,2024,052401879,1,9,0,7,7,1,3,0,0,1,0,0,0,0,1,1,6,6,3,-1,-1,-1,-1,-1,-1,-1,-1,0,-1
2024070555662,2024,070555662,2,1,0,16,19,2,4,0,0,0,0,0,0,0,1,1,6,6,1,7,2,-1,-1,-1,-1,9,E01012392,0,1
2024010496692,2024,010496692,1,9,0,9,9,3,1,0,0,1,0,4,0,0,1,1,6,6,1,62,9,-1,-1,-1,-1,5,E01000036,0,1
2024440095995,2024,440095995,2,9,0,18,19,1,5,0,0,2,0,0,0,0,1,1,6,6,2,54,8,-1,-1,-1,-1,10,E01022746,0,3
2024471502030,2024,471502030,2,9,0,-1,19,7,3,-1,0,2,0,0,0,0,1,1,-1,9,1,64,9,-1,-1,-1,-1,8,E01030528,0,2
2024522402020,2024,522402020,2,9,0,18,19,2,5,0,0,2,0,0,0,0,1,1,6,6,3,-1,-1,-1,-1,-1,-1,-1,-1,0,-1
2024440520397,2024,440520397,1,9,0,1,1,5,1,9,9,0,0,0,0,0,2,1,1,1,3,-1,-1,-1,-1,-1,-1,-1,-1,0,-1
2024540623424,2024,540623424,1,9,0,9,9,7,3,0,0,5,0,0,0,0,4,1,6,6,3,-1,-1,-1,-1,-1,-1,-1,-1,0,-1
2024631484675,2024,631484675,2,9,0,-1,9,2,8,-1,0,5,0,0,0,0,1,2,-1,9,1,64,9,-1,-1,-1,-1,-1,-1,0,-1
2024010539233,2024,010539233,1,1,9,-1,-1,9,9,4,4,9,9,99,9,99,1,1,2,2,1,46,8,-1,-1,-1,-1,9,E01000673,0,2
2024031408436,2024,031408436,1,9,0,-1,19,3,7,-1,0,0,0,0,0,0,3,1,-1,9,1,22,5,-1,-1,-1,-1,10,E01032504,0,5
2024340WN3352,2024,340WN3352,1,1,0,-1,11,1,5,-1,0,0,0,0,1,0,2,1,-1,6,1,81,11,-1,-1,-1,-1,10,E01027283,0,1
2024010488898,2024,010488898,1,9,0,5,5,7,3,0,0,1,0,0,0,0,0,1,1,1,2,39,7,-1,-1,-1,-1,8,E01034386,0,1
2024161462979,2024,161462979,2,1,0,-1,19,7,3,-1,0,1,0,0,0,0,1,1,-1,6,1,32,6,-1,-1,-1,-1,-1,-1,0,-1
2024461469578,2024,461469578,2,9,0,-1,3,5,1,-1,0,0,0,0,0,0,2,9,-1,2,1,34,6,-1,-1,-1,-1,6,E01021464,0,4
2024131461889,2024,131461889,1,9,0,-1,19,5,1,-1,0,8,0,0,7,1,1,1,-1,6,2,77,11,-1,-1,-1,-1,3,E01011529,0,1
2024401441115,2024,401441115,1,9,0,-1,19,4,8,-1,0,1,0,0,0,0,2,1,-1,6,3,-1,-1,-1,-1,-1,-1,-1,-1,0,-1
2024211413969,2024,211413969,1,9,0,-1,19,6,8,-1,0,2,0,0,7,0,1,1,-1,9,1,73,10,-1,-1,-1,-1,-1,-1,0,-1
2024211433202,2024,211433202,1,9,0,-1,19,7,3,-1,0,0,0,0,0,0,1,1,-1,6,1,83,11,-1,-1,-1,-1,8,E01010346,0,3
2024461401096,2024,461401096,6,9,0,-1,19,5,1,-1,0,0,1,0,0,0,1,9,-1,9,1,21,5,-1,-1,-1,-1,-1,-1,0,-1
2024031416574,2024,031416574,1,9,0,-1,19,7,3,-1,0,0,1,0,2,7,1,1,-1,6,1,41,7,-1,-1,-1,-1,4,E01034956,0,4
2024010487201,2024,010487201,1,19,0,1,1,1,5,0,0,6,0,0,0,0,2,1,1,1,1,57,9,-1,-1,-1,-1,6,E01030699,0,4
2024041484015,2024,041484015,1,9,0,-1,5,1,5,-1,0,1,0,0,0,0,1,2,-1,6,1,24,5,-1,-1,-1,-1,-1,-1,0,-1
2024501511543,2024,501511543,2,9,0,-1,2,0,0,-1,0,2,0,0,0,0,2,2,-1,6,-1,-1,-1,-1,-1,-1,-1,-1,-1,0,-1
2024071042538,2024,071042538,1,9,0,-1,9,7,3,-1,0,6,0,0,0,0,4,-1,-1,6,3,-1,-1,-1,-1,-1,-1,-1,-1,0,-1
2024010504236,2024,010504236,2,8,0,9,9,8,6,0,0,1,0,0,0,0,4,1,6,6,2,64,9,-1,-1,-1,-1,3,E01000955,0,1
2024461494474,2024,461494474,2,1,0,-1,19,1,5,-1,0,1,0,0,0,0,3,1,-1,9,1,13,3,-1,-1,-1,-1,1,E01024581,0,1
2024991398588,2024,991398588,2,9,0,-1,19,1,6,-1,0,0,0,0,0,0,1,1,-1,9,1,40,7,-1,-1,-1,-1,3,-1,0,5
2024991514415,2024,991514415,2,1,0,-1,19,7,3,-1,0,1,0,0,0,0,1,1,-1,6,1,19,4,-1,-1,-1,-1,9,-1,0,5
2024161491131,2024,161491131,1,22,0,-1,4,5,1,-1,9,8,0,0,0,0,1,1,-1,6,2,63,9,-1,-1,-1,-1,1,E01012928,0,1
2024010541799,2024,010541799,1,1,0,18,19,4,8,5,5,0,0,0,0,0,1,1,6,6,1,22,5,-1,-1,-1,-1,3,E01004443,0,1
2024071055804,2024,071055804,1,1,0,-1,19,5,1,-1,9,8,0,0,0,0,1,1,-1,7,1,15,3,-1,-1,-1,-1,2,E01018478,0,1
2024411526090,2024,411526090,2,19,0,-1,19,5,3,-1,0,0,0,0,0,0,1,1,-1,6,1,44,7,-1,-1,-1,-1,2,E01001977,0,4
2024010501611,2024,010501611,2,9,0,3,3,3,7,0,0,1,0,0,0,0,1,1,1,1,1,42,7,-1,-1,-1,-1,7,E01003270,0,3
2024161412482,2024,161412482,1,1,0,-1,19,1,5,-1,0,1,0,0,0,0,1,1,-1,6,1,22,5,-1,-1,-1,-1,7,E01032596,0,1
2024101535292,2024,101535292,1,-1,0,-1,19,3,7,-1,9,0,0,0,0,0,1,1,-1,6,1,30,6,-1,-1,-1,-1,-1,-1,1,-1
202417M203424,2024,17M203424,1,9,0,4,4,4,8,0,0,1,0,0,0,0,2,1,6,6,2,35,6,-1,-1,-1,-1,1,E01012015,0,1
2024010518107,2024,010518107,1,9,0,99,99,9,9,99,99,0,9,99,9,99,2,9,6,6,3,-1,-1,-1,-1,-1,-1,4,E01002645,0,1
2024041511587,2024,041511587,1,9,0,-1,19,-1,-1,-1,0,1,0,0,0,0,4,9,-1,6,3,-1,-1,-1,-1,-1,-1,-1,-1,0,-1
2024041448718,2024,041448718,1,98,0,-1,19,5,1,-1,0,1,0,0,0,0,3,1,-1,9,1,79,11,-1,-1,-1,-1,2,E01005580,0,1
2024991525427,2024,991525427,1,9,0,-1,7,2,5,-1,0,4,0,0,0,0,4,1,-1,2,2,44,7,-1,-1,-1,-1,1,-1,0,1
2024010512484,2024,010512484,2,1,9,99,99,9,9,99,99,9,9,8,9,99,1,1,6,6,2,-1,-1,-1,-1,-1,-1,-1,-1,0,-1
2024371403173,2024,371403173,1,9,0,-1,19,7,1,-1,0,1,0,0,0,0,1,1,-1,2,1,19,4,-1,-1,-1,-1,6,E01021980,0,4
2024311406291,2024,311406291,1,1,0,-1,19,4,8,-1,9,8,0,0,0,0,1,1,-1,1,1,-1,-1,-1,-1,-1,-1,-1,-1,0,-1
202460Q130012,2024,60Q130012,1,-1,0,18,19,4,8,9,9,0,0,0,0,0,1,-1,6,6,3,-1,-1,-1,-1,-1,-1,-1,-1,1,-1
2024101447897,2024,101447897,1,19,0,-1,19,5,1,-1,0,0,0,0,0,0,1,2,-1,1,1,45,7,-1,-1,-1,-1,-1,-1,0,-1
2024471452675,2024,471452675,2,1,0,-1,19,6,6,-1,9,1,0,0,0,0,1,1,-1,6,1,20,4,-1,-1,-1,-1,2,E01020922,0,1
2024340WN3512,2024,340WN3512,1,9,0,-1,12,7,3,-1,0,8,0,0,0,0,3,1,-1,6,2,-1,-1,-1,-1,-1,-1,-1,-1,0,-1
2024430161232,2024,430161232,6,19,0,4,4,5,1,0,0,0,0,0,0,0,2,1,6,6,1,26,6,-1,-1,-1,-1,1,E01032471,0,5
2024320550614,2024,320550614,1,9,0,14,14,4,8,0,0,0,0,0,0,0,1,1,-1,-1,2,22,5,-1,-1,-1,-1,10,E01026186,0,1
2024501409520,2024,501409520,2,1,0,-1,19,1,4,-1,0,8,0,0,0,0,4,1,-1,9,1,18,4,-1,-1,-1,-1,6,E01018824,0,1
2024311433599,2024,311433599,2,1,0,-1,4,1,5,-1,0,8,1,0,0,0,1,1,-1,7,1,15,3,-1,-1,-1,-1,1,E01013879,0,1
2024501508940,2024,501508940,2,1,0,-1,19,7,4,-1,0,1,5,0,0,0,4,1,-1,6,1,16,4,-1,-1,-1,-1,6,E01020006,0,1
2024610029124,2024,610029124,2,9,0,18,19,5,7,0,0,8,0,0,0,0,1,1,6,6,1,28,6,-1,-1,-1,-1,3,W01000977,0,4
2024440370613,2024,440370613,2,19,0,7,7,7,5,0,0,8,0,0,0,0,1,1,6,6,3,-1,-1,-1,-1,-1,-1,-1,-1,0,-1
2024461464433,2024,461464433,2,9,0,-1,19,1,5,-1,0,3,0,0,0,0,1,9,-1,6,3,20,4,-1,-1,-1,-1,-1,-1,0,-1
2024052401207,2024,052401207,2,9,0,18,19,7,3,0,0,1,0,0,0,0,1,1,6,6,3,-1,-1,-1,-1,-1,-1,-1,-1,0,-1
2024311426375,2024,311426375,1,19,0,-1,19,-1,-1,-1,0,0,0,0,0,0,1,1,-1,6,1,-1,-1,-1,-1,-1,-1,-1,-1,0,-1
2024320641029,2024,320641029,1,9,0,-1,-1,6,2,0,0,1,0,0,0,0,1,1,6,6,3,-1,-1,-1,-1,-1,-1,-1,-1,0,-1
2024622400392,2024,622400392,2,1,0,18,19,2,6,0,0,1,0,0,0,0,3,1,6,6,1,36,7,-1,-1,-1,-1,2,W01001764,0,1
2024430238243,2024,430238243,2,11,0,2,2,0,0,0,0,0,0,0,0,0,0,1,2,2,3,-1,-1,-1,-1,-1,-1,-1,-1,0,-1
2024991443819,2024,991443819,1,9,0,-1,9,8,6,-1,0,1,0,0,0,0,1,2,-1,9,1,38,7,-1,-1,-1,-1,-1,-1,0,-1
2024010511178,2024,010511178,1,23,0,9,9,7,4,0,0,1,0,0,0,0,1,1,6,6,3,-1,-1,-1,-1,-1,-1,-1,-1,0,-1
2024531424705,2024,531424705,2,9,0,-1,19,1,5,-1,0,1,0,0,0,0,1,1,-1,2,1,30,6,-1,-1,-1,-1,6,E01022261,0,1
2024052400284,2024,052400284,1,9,0,18,19,8,4,0,0,8,0,0,0,0,1,1,6,6,3,-1,-1,-1,-1,-1,-1,-1,-1,0,-1
2024141513080,2024,141513080,2,9,0,-1,19,1,5,-1,0,0,0,0,0,0,1,9,-1,6,3,-1,-1,-1,-1,-1,-1,-1,-1,0,-1
2024052402142,2024,052402142,1,9,0,18,19,3,7,0,0,0,0,0,0,0,1,1,6,6,3,-1,-1,-1,-1,-1,-1,-1,-1,0,-1
2024201407205,2024,201407205,1,9,0,-1,1,6,2,-1,0,0,0,4,0,0,2,9,-1,6,1,25,5,-1,-1,-1,-1,-1,-1,0,-1
2024546328124,2024,546328124,2,9,0,4,4,1,5,0,0,1,0,0,0,0,2,1,6,6,2,45,7,-1,-1,-1,-1,6,E01032076,0,4
2024430171810,2024,430171810,2,9,0,18,19,2,6,0,0,1,0,0,0,0,1,1,6,6,1,45,7,-1,-1,-1,-1,-1,-1,0,-1
2024481567014,2024,481567014,1,19,0,-1,9,5,3,-1,0,8,0,0,0,0,3,1,-1,1,1,40,7,-1,-1,-1,-1,-1,-1,0,-1
2024332400836,2024,332400836,2,9,0,-1,2,0,0,-1,0,2,0,0,0,0,2,1,-1,6,3,-1,-1,-1,-1,-1,-1,-1,-1,0,-1
2024351539814,2024,351539814,1,9,-1,-1,-1,-1,-1,-1,-1,0,-1,-1,-1,0,-1,9,-1,6,3,-1,-1,-1,-1,-1,-1,-1,-1,0,-1