collision_index,collision_year,collision_ref_no,vehicle_reference,vehicle_type,towing_and_articulation,vehicle_manoeuvre_historic,vehicle_manoeuvre,vehicle_direction_from,vehicle_direction_to,vehicle_location_restricted_lane_historic,vehicle_location_restricted_lane,junction_location,skidding_and_overturning,hit_object_in_carriageway,vehicle_leaving_carriageway,hit_object_off_carriageway,first_point_of_impact,vehicle_left_hand_drive,journey_purpose_of_driver_historic,journey_purpose_of_driver,sex_of_driver,age_of_driver,age_band_of_driver,engine_capacity_cc,propulsion_code,age_of_vehicle,generic_make_model,driver_imd_decile,lsoa_of_driver,escooter_flag,driver_distance_banding
2024522402459,2024,522402459,2,9,0,9,9,2,1,0,0,6,0,0,0,0,1,1,6,6,3,-1,-1,-1,-1,-1,-1,-1,-1,0,-1
2024010492154,2024,010492154,2,3,0,4,4,1,5,0,0,1,0,0,0,0,1,1,6,6,1,20,4,-1,-1,-1,-1,8,E01004507,0,3
2024991405688,2024,991405688,2,9,0,-1,19,2,6,-1,0,0,0,0,0,0,1,1,-1,9,2,51,8,-1,-1,-1,-1,6,-1,0,1
2024991477132,2024,991477132,3,9,0,-1,19,3,7,-1,0,0,0,0,0,0,1,1,-1,1,1,22,5,-1,-1,-1,-1,1,-1,0,1
2024010493172,2024,010493172,1,9,0,18,19,3,7,0,0,8,5,11,5,7,0,1,6,6,1,28,6,-1,-1,-1,-1,3,E01001638,0,3
2024010536691,2024,010536691,1,9,0,18,19,5,1,0,0,1,0,0,0,0,1,1,6,6,1,74,10,-1,-1,-1,-1,7,E01000698,0,1
2024131458571,2024,131458571,1,9,0,-1,19,1,5,-1,0,8,0,0,0,0,1,2,-1,9,1,65,9,-1,-1,-1,-1,8,E01011710,0,4
2024070434726,2024,070434726,1,1,0,18,19,7,3,0,0,8,0,0,0,0,3,1,6,6,1,15,3,-1,-1,-1,-1,7,E01012554,0,1
2024522500289,2024,522500289,2,9,0,2,2,0,0,0,0,0,0,0,0,0,9,1,6,6,3,-1,-1,-1,-1,-1,-1,-1,-1,0,-1
2024411463787,2024,411463787,2,9,0,-1,19,7,3,-1,0,6,0,0,0,0,1,1,-1,6,2,20,4,-1,-1,-1,-1,10,E01023313,0,3
2024070590027,2024,070590027,2,19,0,17,19,6,2,0,0,0,5,0,0,0,3,1,1,1,1,25,5,-1,-1,-1,-1,7,E01007315,0,4
2024010491800,2024,010491800,2,9,0,99,99,9,9,99,99,9,9,99,9,99,1,9,6,6,3,-1,-1,-1,-1,-1,-1,-1,-1,0,-1
2024552401330,2024,552401330,1,99,0,18,19,2,6,0,0,8,0,0,0,0,1,1,6,6,3,-1,-1,-1,-1,-1,-1,-1,-1,0,-1
2024421529836,2024,421529836,1,9,0,-1,9,8,6,-1,0,5,9,0,0,0,1,1,-1,6,3,-1,-1,-1,-1,-1,-1,-1,-1,0,-1
2024340WN3102,2024,340WN3102,4,9,0,-1,19,1,5,-1,0,2,0,0,0,0,1,1,-1,9,2,33,6,-1,-1,-1,-1,4,E01027189,0,1
2024440015588,2024,440015588,2,1,0,18,19,6,2,0,0,8,0,0,0,0,4,1,2,2,1,44,7,-1,-1,-1,-1,7,E01023221,0,1
2024010496346,2024,010496346,1,11,0,99,99,9,9,99,99,9,9,99,9,99,4,9,1,1,1,53,8,-1,-1,-1,-1,3,E01001488,0,3
2024161401186,2024,161401186,1,1,0,-1,3,1,5,-1,0,1,0,0,0,0,3,1,-1,6,1,40,7,-1,-1,-1,-1,1,E01012915,0,1
2024041424418,2024,041424418,1,1,0,-1,19,3,5,-1,0,1,0,0,0,0,0,1,-1,6,1,32,6,-1,-1,-1,-1,2,E01025291,0,1
2024522500073,2024,522500073,1,9,0,9,9,7,5,0,0,8,0,0,0,0,4,1,6,6,1,19,4,-1,-1,-1,-1,10,E01014849,0,1
2024141510182,2024,141510182,1,1,0,-1,19,3,7,-1,0,2,2,0,0,0,1,1,-1,6,1,17,4,-1,-1,-1,-1,4,E01033273,0,1
2024010495174,2024,010495174,1,11,0,9,9,8,6,2,2,6,0,0,0,0,1,1,1,1,1,44,7,-1,-1,-1,-1,8,E01004731,0,1
2024161457861,2024,161457861,1,9,0,-1,19,5,1,-1,0,0,0,0,0,0,2,9,-1,6,1,35,6,-1,-1,-1,-1,3,E01012963,0,4
2024461403631,2024,461403631,1,9,0,-1,19,4,3,-1,0,0,0,0,1,11,1,9,-1,6,-1,-1,-1,-1,-1,-1,-1,-1,-1,0,-1
2024421423658,2024,421423658,1,9,0,-1,4,3,7,-1,0,0,0,0,0,0,1,9,-1,6,3,-1,-1,-1,-1,-1,-1,-1,-1,0,-1
2024031393713,2024,031393713,1,2,-1,-1,-1,3,8,-1,-1,1,-1,-1,-1,0,1,1,-1,6,1,-1,-1,-1,-1,-1,-1,-1,-1,0,-1
2024320533279,2024,320533279,2,1,0,-1,-1,1,5,0,0,0,0,0,0,0,3,1,6,6,1,8,2,-1,-1,-1,-1,1,E01026094,0,1
2024430191560,2024,430191560,1,9,0,18,19,4,8,0,0,1,0,0,0,0,1,1,6,6,3,-1,-1,-1,-1,-1,-1,-1,-1,0,-1
2024041396557,2024,041396557,1,9,0,-1,19,1,5,-1,0,0,0,0,1,2,1,1,-1,6,1,24,5,-1,-1,-1,-1,4,E01010637,0,4
2024311523534,2024,311523534,2,1,-1,-1,-1,-1,-1,-1,-1,0,-1,-1,-1,0,-1,1,-1,9,1,54,8,-1,-1,-1,-1,9,E01028195,0,1
2024010550451,2024,010550451,1,9,0,99,99,9,9,99,99,9,9,99,9,99,1,1,6,6,3,-1,-1,-1,-1,-1,-1,-1,-1,0,-1
2024531422537,2024,531422537,1,9,0,-1,19,1,5,-1,0,0,0,0,1,3,1,1,-1,1,1,64,9,-1,-1,-1,-1,7,E01014916,0,4
2024010487460,2024,010487460,1,1,9,99,99,9,9,99,99,9,9,99,9,99,9,1,6,6,2,54,8,-1,-1,-1,-1,5,E01001251,0,1
2024010553255,2024,010553255,1,19,0,99,99,9,9,99,99,6,9,99,9,99,9,9,6,6,3,34,6,-1,-1,-1,-1,9,E01000667,0,3
2024010495081,2024,010495081,2,9,0,99,99,9,9,99,99,9,9,99,9,99,9,9,6,6,3,-1,-1,-1,-1,-1,-1,-1,-1,0,-1
2024031491388,2024,031491388,2,9,0,-1,10,8,4,-1,0,1,0,0,0,0,2,1,-1,9,1,42,7,-1,-1,-1,-1,-1,-1,0,-1
2024421411004,2024,421411004,2,1,0,-1,9,4,2,-1,0,8,0,0,0,0,2,1,-1,9,1,52,8,-1,-1,-1,-1,7,E01035168,0,1
2024201512752,2024,201512752,2,1,0,-1,19,7,3,-1,0,0,0,0,0,0,2,1,-1,6,1,13,3,-1,-1,-1,-1,1,E01010283,0,1
2024430414387,2024,430414387,2,1,0,18,19,1,5,0,0,0,0,0,0,0,3,1,6,6,1,40,7,-1,-1,-1,-1,8,E01016797,0,1
2024320119814,2024,320119814,2,4,0,-1,-1,4,8,0,0,8,0,0,0,0,1,1,6,6,1,24,5,-1,-1,-1,-1,2,E01026050,0,1
2024320102790,2024,320102790,2,1,0,-1,-1,3,7,0,0,1,5,0,0,0,2,1,6,6,1,54,8,-1,-1,-1,-1,7,E01026398,0,1
2024522402853,2024,522402853,2,1,0,13,13,5,1,5,5,0,0,0,0,0,1,1,1,1,1,-1,-1,-1,-1,-1,-1,-1,-1,0,-1
2024010489220,2024,010489220,1,9,0,7,7,1,3,0,0,8,0,0,0,0,1,1,6,6,1,60,9,-1,-1,-1,-1,7,E01001231,0,2
2024481558138,2024,481558138,2,1,0,-1,19,3,1,-1,0,8,0,0,0,0,4,1,-1,2,1,37,7,-1,-1,-1,-1,-1,-1,0,-1
2024332400816,2024,332400816,2,1,0,-1,19,5,1,-1,0,1,0,0,0,0,1,1,-1,9,1,39,7,-1,-1,-1,-1,8,E01013808,0,1
2024010537492,2024,010537492,1,97,0,18,19,8,4,0,0,8,0,0,0,0,0,1,6,6,3,-1,-1,-1,-1,-1,-1,-1,-1,0,-1
2024010492627,2024,010492627,1,9,0,9,9,1,6,0,0,1,0,0,0,0,4,1,6,6,1,54,8,-1,-1,-1,-1,2,E01000533,0,3
2024010517992,2024,010517992,1,1,0,18,19,7,3,4,4,0,1,0,0,0,9,1,6,6,3,-1,-1,-1,-1,-1,-1,-1,-1,0,-1
2024010532527,2024,010532527,2,1,0,18,19,1,5,0,0,0,0,0,0,0,1,1,6,6,1,20,4,-1,-1,-1,-1,2,E01001447,0,2
2024522401921,2024,522401921,1,1,0,18,19,4,8,0,0,1,0,0,0,0,1,1,6,6,1,35,6,-1,-1,-1,-1,1,E01014596,0,2
2024991422664,2024,991422664,1,9,0,-1,19,6,2,-1,0,0,0,0,0,0,1,1,-1,1,1,29,6,-1,-1,-1,-1,3,-1,0,3
2024361529536,2024,361529536,2,1,0,-1,19,6,2,-1,0,1,0,0,0,0,1,1,-1,1,1,25,5,-1,-1,-1,-1,6,E01026842,0,1
2024111503236,2024,111503236,1,1,0,-1,19,7,3,-1,0,0,0,0,0,0,3,1,-1,9,1,18,4,-1,-1,-1,-1,2,E01020895,0,1
2024421468142,2024,421468142,2,9,0,-1,4,2,3,-1,0,1,0,0,0,0,3,9,-1,6,3,-1,-1,-1,-1,-1,-1,-1,-1,0,-1
2024371525726,2024,371525726,2,99,0,-1,-1,-1,-1,-1,-1,0,-1,-1,-1,0,-1,9,-1,6,3,-1,-1,-1,-1,-1,-1,-1,-1,0,-1
2024311439606,2024,311439606,1,1,0,-1,19,5,1,-1,0,0,0,0,0,0,2,1,-1,9,1,74,10,-1,-1,-1,-1,10,E01028407,0,1
2024440329602,2024,440329602,2,1,0,13,13,5,1,0,0,2,0,0,0,0,3,1,6,6,2,24,5,-1,-1,-1,-1,3,E01017098,0,1
2024010547790,2024,010547790,1,1,0,18,19,5,1,0,0,1,0,0,0,0,2,1,6,6,3,24,5,-1,-1,-1,-1,-1,-1,0,-1
2024991409103,2024,991409103,2,9,0,-1,19,6,2,-1,0,8,0,0,0,0,1,1,-1,9,1,41,7,-1,-1,-1,-1,1,-1,0,1
2024201525975,2024,201525975,1,9,0,-1,7,2,4,-1,0,8,0,0,0,0,1,1,-1,6,3,-1,-1,-1,-1,-1,-1,-1,-1,0,-1
2024522401741,2024,522401741,2,9,0,17,19,7,2,0,0,0,0,0,0,0,1,1,6,6,1,37,7,-1,-1,-1,-1,3,E01010491,0,5
2024010524485,2024,010524485,1,9,0,5,5,7,3,0,0,8,0,0,0,0,3,1,6,6,1,40,7,-1,-1,-1,-1,2,E01003591,0,1
2024461443928,2024,461443928,2,1,0,-1,19,7,3,-1,0,1,0,0,0,0,3,1,-1,6,1,47,8,-1,-1,-1,-1,3,E01024307,0,1
2024211459228,2024,211459228,1,9,0,-1,13,7,3,-1,0,0,0,0,7,10,3,1,-1,9,1,26,6,-1,-1,-1,-1,3,E01029716,0,3
2024010487783,2024,010487783,2,21,0,18,19,5,1,0,0,8,0,0,3,1,4,1,1,1,1,55,8,-1,-1,-1,-1,3,E01002585,0,1
2024430336993,2024,430336993,3,9,-1,-1,-1,1,5,0,0,0,0,-1,0,0,0,-1,6,6,3,-1,-1,-1,-1,-1,-1,-1,-1,0,-1
2024010541240,2024,010541240,1,1,9,99,99,9,9,99,99,9,9,99,9,99,9,1,6,6,1,31,6,-1,-1,-1,-1,3,E01033132,0,3
2024010495587,2024,010495587,1,9,0,99,99,9,9,99,99,9,9,99,9,99,1,9,6,6,2,36,7,-1,-1,-1,-1,6,E01000264,0,1
2024010496956,2024,010496956,2,3,0,18,19,1,5,0,0,1,0,0,0,0,1,1,6,6,1,32,6,-1,-1,-1,-1,6,E01000142,0,2
2024101417083,2024,101417083,1,9,0,-1,13,7,3,-1,0,8,0,0,0,0,1,1,-1,1,1,33,6,-1,-1,-1,-1,1,E01008854,0,1
2024131479530,2024,131479530,1,9,0,-1,19,1,5,-1,0,0,1,4,1,0,3,1,-1,9,1,34,6,-1,-1,-1,-1,6,E01011846,0,1
2024361486787,2024,361486787,2,1,0,-1,19,7,3,-1,0,0,2,0,0,0,2,1,-1,2,2,37,7,-1,-1,-1,-1,6,E01026629,0,1
2024351527583,2024,351527583,2,9,0,-1,19,3,7,-1,0,0,0,0,0,0,2,1,-1,6,1,25,5,-1,-1,-1,-1,6,E01026664,0,4
2024320503028,2024,320503028,2,90,0,-1,-1,2,7,0,0,8,0,0,0,0,1,1,-1,-1,1,20,4,-1,-1,-1,-1,9,E01034697,0,1
2024131474055,2024,131474055,2,1,0,-1,19,7,3,-1,0,8,0,0,0,0,1,1,-1,9,1,11,3,-1,-1,-1,-1,2,E01011918,0,1
2024440164639,2024,440164639,2,16,0,18,19,7,3,0,0,0,0,0,0,0,0,1,6,6,2,27,6,-1,-1,-1,-1,8,E01034553,0,2
2024201487528,2024,201487528,1,9,0,-1,19,6,2,-1,0,0,0,0,0,0,1,9,-1,6,3,-1,-1,-1,-1,-1,-1,-1,-1,0,-1
2024440404256,2024,440404256,1,8,0,16,19,1,4,0,0,0,0,0,0,0,1,1,6,6,3,-1,-1,-1,-1,-1,-1,-1,-1,0,-1
2024010527501,2024,010527501,1,1,9,99,99,9,9,99,99,9,9,99,9,99,1,1,6,6,1,-1,-1,-1,-1,-1,-1,-1,-1,0,-1
2024461405089,2024,461405089,2,1,0,-1,19,8,4,-1,0,4,0,0,0,0,1,1,-1,2,1,43,7,-1,-1,-1,-1,6,E01035310,0,1
2024610016424,2024,610016424,1,1,0,18,19,6,2,0,0,0,0,0,0,0,3,1,6,6,1,60,9,-1,-1,-1,-1,5,W01001389,0,2
2024101402124,2024,101402124,1,-1,0,-1,19,4,8,-1,9,1,0,0,0,0,1,1,-1,9,1,24,5,-1,-1,-1,-1,-1,-1,1,-1
2024052402007,2024,052402007,1,9,0,7,7,7,1,0,0,5,0,0,0,0,4,1,6,6,2,54,8,-1,-1,-1,-1,1,E01007123,0,1
2024440167274,2024,440167274,1,1,0,18,19,1,5,0,0,8,0,0,0,0,3,1,6,6,1,28,6,-1,-1,-1,-1,-1,-1,0,-1
2024610046424,2024,610046424,1,9,0,5,5,6,2,0,0,4,0,0,0,0,1,1,6,6,1,-1,-1,-1,-1,-1,-1,10,E01023364,0,5
2024010544945,2024,010544945,2,1,9,99,99,9,9,99,99,1,9,99,9,99,9,1,2,2,1,30,6,-1,-1,-1,-1,4,E01000532,0,1
2024430508909,2024,430508909,2,21,0,18,19,7,3,0,0,0,0,0,0,0,1,1,2,2,1,59,9,-1,-1,-1,-1,9,E01016540,0,4
2024010488654,2024,010488654,2,9,0,18,19,2,6,0,0,4,0,0,0,0,1,1,6,6,1,37,7,-1,-1,-1,-1,8,E01021784,0,2
2024430127036,2024,430127036,1,9,0,3,3,6,2,0,0,0,0,0,0,0,2,1,1,1,1,54,8,-1,-1,-1,-1,9,E01033501,0,4
2024010524604,2024,010524604,1,1,9,99,99,9,9,99,99,9,9,99,9,99,1,1,2,2,1,31,6,-1,-1,-1,-1,3,E01003430,0,1
2024061473786,2024,061473786,1,1,0,-1,19,-1,-1,-1,4,0,5,0,0,0,4,1,-1,2,1,25,5,-1,-1,-1,-1,3,E01034131,0,1
2024361484495,2024,361484495,2,1,0,-1,19,7,3,-1,0,0,0,0,0,0,3,1,-1,6,1,67,10,-1,-1,-1,-1,5,E01026431,0,2
2024010547686,2024,010547686,1,9,0,9,9,1,7,9,9,8,0,0,0,0,3,1,6,6,2,62,9,-1,-1,-1,-1,9,E01000177,0,1
2024010543101,2024,010543101,1,1,9,99,99,9,9,99,99,1,9,99,9,99,9,1,6,6,2,37,7,-1,-1,-1,-1,8,E01001906,0,2
2024361483912,2024,361483912,2,1,0,-1,9,2,8,-1,0,1,0,0,0,0,3,1,-1,9,2,34,6,-1,-1,-1,-1,6,E01014960,0,5
2024010491910,2024,010491910,3,9,0,18,19,1,5,0,0,1,0,0,0,0,1,1,6,6,2,49,8,-1,-1,-1,-1,8,E01002436,0,1
2024041438905,2024,041438905,1,98,0,-1,19,3,7,-1,0,0,0,0,0,0,0,9,-1,6,3,-1,-1,-1,-1,-1,-1,-1,-1,0,-1
2024010534719,2024,010534719,1,9,0,99,99,9,9,99,99,9,9,99,9,99,1,9,6,6,3,-1,-1,-1,-1,-1,-1,2,E01001971,0,2
2024010530073,2024,010530073,2,1,9,99,99,9,9,99,99,9,9,99,9,99,1,1,6,6,1,-1,-1,-1,-1,-1,-1,-1,-1,0,-1
2024201467227,2024,201467227,1,1,0,-1,19,2,6,-1,0,1,0,0,0,0,1,1,-1,9,1,15,3,-1,-1,-1,-1,-1,-1,0,-1
2024010538204,2024,010538204,2,1,9,99,99,9,9,99,99,9,9,99,9,99,9,1,6,6,3,-1,-1,-1,-1,-1,-1,2,E01033702,0,1
2024361510051,2024,361510051,2,1,0,-1,19,7,3,-1,0,8,5,0,0,0,1,1,-1,6,1,-1,-1,-1,-1,-1,-1,-1,-1,0,-1
2024010525063,2024,010525063,1,1,0,18,19,1,5,0,0,0,0,0,0,0,1,1,2,2,2,59,9,-1,-1,-1,-1,5,E01003654,0,1
2024440515507,2024,440515507,2,19,0,6,6,1,1,0,0,8,0,0,0,0,4,1,2,2,1,26,6,-1,-1,-1,-1,5,E01017279,0,1
2024401427221,2024,401427221,1,9,0,-1,19,3,7,-1,0,4,0,0,0,0,1,1,-1,6,3,-1,-1,-1,-1,-1,-1,-1,-1,0,-1
2024440026938,2024,440026938,2,9,0,18,19,2,6,0,0,8,0,0,0,0,1,1,6,6,2,58,9,-1,-1,-1,-1,7,E01022532,0,3
2024010502891,2024,010502891,2,1,0,18,19,5,1,0,0,1,0,0,0,0,1,1,6,6,1,59,9,-1,-1,-1,-1,3,E01003309,0,1
2024111534446,2024,111534446,1,9,0,-1,19,2,5,-1,0,1,0,0,0,0,1,1,-1,6,3,30,6,-1,-1,-1,-1,-1,-1,0,-1
2024010497825,2024,010497825,2,9,0,99,99,9,9,99,99,9,9,99,9,99,9,9,6,6,3,-1,-1,-1,-1,-1,-1,-1,-1,0,-1
2024122500041,2024,122500041,1,9,0,18,19,7,3,0,0,1,1,0,0,0,2,1,6,6,1,55,8,-1,-1,-1,-1,10,E01013413,0,1
2024231510046,2024,231510046,2,1,-1,-1,19,8,4,-1,0,0,0,0,0,0,1,1,-1,6,1,25,5,-1,-1,-1,-1,4,E01031231,0,1
2024201474502,2024,201474502,2,1,0,-1,19,7,3,-1,0,0,0,0,0,0,1,1,-1,2,1,48,8,-1,-1,-1,-1,4,E01008888,0,2
2024351473666,2024,351473666,1,19,0,-1,19,-1,-1,-1,0,1,0,0,0,0,1,1,-1,6,1,20,4,-1,-1,-1,-1,9,E01018133,0,1
2024471475846,2024,471475846,1,97,0,-1,19,1,5,-1,0,1,0,0,0,0,0,1,-1,6,3,-1,-1,-1,-1,-1,-1,-1,-1,0,-1
2024411435095,2024,411435095,2,9,0,-1,4,6,2,-1,0,0,0,0,0,0,2,1,-1,9,1,38,7,-1,-1,-1,-1,2,E01015879,0,4
2024010491485,2024,010491485,2,1,0,18,19,1,5,9,9,8,0,0,0,0,1,1,1,1,1,20,4,-1,-1,-1,-1,3,E01002043,0,1
2024010500133,2024,010500133,2,1,0,14,14,1,5,0,0,1,0,0,0,0,1,1,6,6,1,36,7,-1,-1,-1,-1,3,E01004675,0,1
2024041463884,2024,041463884,1,9,0,-1,19,-1,-1,-1,0,5,0,0,0,0,-1,9,-1,6,3,-1,-1,-1,-1,-1,-1,-1,-1,0,-1
2024061491104,2024,061491104,1,9,0,-1,-1,-1,-1,-1,-1,-1,-1,-1,-1,0,-1,1,-1,6,2,41,7,-1,-1,-1,-1,10,E01019785,0,4
2024471525674,2024,471525674,1,9,0,-1,19,-1,-1,-1,0,1,0,0,0,0,-1,9,-1,6,3,-1,-1,-1,-1,-1,-1,-1,-1,0,-1
2024221427083,2024,221427083,1,90,0,-1,19,7,2,-1,0,0,1,0,0,0,1,9,-1,9,1,65,9,-1,-1,-1,-1,8,E01014002,0,1
202417H102524,2024,17H102524,1,1,0,-1,19,1,5,-1,0,8,0,0,0,0,1,1,-1,9,1,43,7,-1,-1,-1,-1,-1,-1,0,-1
2024010530717,2024,010530717,2,90,0,99,99,9,9,99,99,9,9,99,9,99,9,9,6,6,1,58,9,-1,-1,-1,-1,-1,-1,0,-1
2024501417816,2024,501417816,2,9,0,-1,19,4,7,-1,0,0,0,0,0,0,2,1,-1,6,1,42,7,-1,-1,-1,-1,5,E01020279,0,1
2024991499299,2024,991499299,3,90,0,-1,19,3,7,-1,0,0,0,0,0,0,2,2,-1,9,1,59,9,-1,-1,-1,-1,-1,-1,0,-1
202417L104024,2024,17L104024,1,9,0,-1,1,5,1,-1,0,0,0,0,0,0,2,1,-1,1,1,38,7,-1,-1,-1,-1,1,E01012015,0,3
2024471447265,2024,471447265,1,1,0,-1,19,3,7,-1,5,1,0,0,0,0,1,1,-1,2,2,59,9,-1,-1,-1,-1,6,E01031402,0,1
2024052402411,2024,052402411,2,1,0,18,19,8,4,0,0,1,0,0,0,0,0,1,2,2,2,61,9,-1,-1,-1,-1,1,E01006417,0,1
2024221466365,2024,221466365,1,1,0,-1,9,2,8,-1,0,5,0,0,0,0,3,1,-1,6,1,42,7,-1,-1,-1,-1,3,E01014104,0,2
2024010534289,2024,010534289,1,1,9,99,99,9,9,99,99,9,9,99,9,99,1,1,2,2,2,26,6,-1,-1,-1,-1,6,E01002533,0,1
2024010493058,2024,010493058,1,1,9,99,99,9,9,99,99,1,9,99,9,99,9,1,2,2,1,52,8,-1,-1,-1,-1,2,E01004537,0,1
2024320059022,2024,320059022,2,1,0,-1,-1,2,6,0,0,8,0,0,0,0,3,1,1,1,1,25,5,-1,-1,-1,-1,9,E01026231,0,1
2024440388892,2024,440388892,1,1,0,14,14,4,8,0,0,0,0,0,0,0,1,1,6,6,1,20,4,-1,-1,-1,-1,10,E01023276,0,3
2024010525378,2024,010525378,1,1,9,99,99,9,9,99,99,9,9,99,9,99,1,1,2,2,1,41,7,-1,-1,-1,-1,2,E01001729,0,2
2024010487561,2024,010487561,1,9,0,18,19,3,7,0,0,8,0,0,1,1,1,1,6,6,2,52,8,-1,-1,-1,-1,4,E01034610,0,1
2024421472861,2024,421472861,2,21,1,-1,3,3,7,-1,0,0,0,0,0,0,2,2,-1,1,1,52,8,-1,-1,-1,-1,-1,-1,0,-1
2024320437483,2024,320437483,2,17,0,2,2,0,0,0,0,0,5,0,0,0,2,1,6,6,1,16,4,-1,-1,-1,-1,7,E01026392,0,3
2024061460692,2024,061460692,1,9,0,-1,6,3,7,-1,0,0,0,0,0,0,3,2,-1,9,1,41,7,-1,-1,-1,-1,5,E01005773,0,3
2024471493814,2024,471493814,2,1,0,-1,19,2,6,-1,0,1,0,0,0,0,1,1,-1,2,1,24,5,-1,-1,-1,-1,1,E01020972,0,1
2024010539500,2024,010539500,2,9,9,99,99,9,9,99,99,9,9,99,9,99,9,9,6,6,3,-1,-1,-1,-1,-1,-1,-1,-1,0,-1
2024501534398,2024,501534398,2,1,0,-1,19,4,8,-1,0,1,5,0,0,0,3,1,-1,6,1,-1,-1,-1,-1,-1,-1,1,E01015155,0,1
2024041433492,2024,041433492,1,90,0,-1,19,5,1,-1,0,0,0,0,0,0,1,1,-1,1,1,56,9,-1,-1,-1,-1,6,E01025548,0,3
2024010504823,2024,010504823,1,-1,0,18,19,7,3,0,0,8,0,0,0,0,1,1,6,6,1,37,7,-1,-1,-1,-1,2,E01002392,1,1
2024451449519,2024,451449519,1,1,0,-1,19,7,3,-1,0,0,0,0,0,0,4,1,-1,9,1,41,7,-1,-1,-1,-1,3,E01030914,0,2
2024991450760,2024,991450760,2,10,0,-1,19,7,2,-1,0,0,0,0,0,0,1,1,-1,6,1,53,8,-1,-1,-1,-1,-1,-1,0,-1
2024052402649,2024,052402649,1,9,0,4,4,8,4,0,0,4,0,0,0,0,1,1,6,6,3,-1,-1,-1,-1,-1,-1,-1,-1,0,-1
2024131495430,2024,131495430,2,1,0,-1,19,7,3,-1,9,1,0,0,0,0,1,1,-1,9,1,11,3,-1,-1,-1,-1,1,E01010713,0,1
2024161497094,2024,161497094,2,1,0,-1,19,1,5,-1,0,0,0,0,0,0,2,1,-1,6,2,-1,-1,-1,-1,-1,-1,-1,-1,0,-1
2024545412724,2024,545412724,1,1,0,18,19,8,4,9,9,0,0,0,0,0,3,1,6,6,1,-1,-1,-1,-1,-1,-1,-1,-1,0,-1
2024411465722,2024,411465722,1,19,-1,-1,5,-1,-1,-1,0,3,0,0,0,0,-1,9,-1,6,3,-1,-1,-1,-1,-1,-1,-1,-1,0,-1
2024522402714,2024,522402714,2,9,0,18,19,2,6,0,0,1,0,0,0,0,1,1,6,6,1,55,8,-1,-1,-1,-1,10,E01014988,0,1
2024461504963,2024,461504963,1,1,0,-1,19,7,3,-1,0,0,0,0,0,0,1,1,-1,9,2,12,3,-1,-1,-1,-1,3,E01024535,0,1
2024991535557,2024,991535557,1,9,0,-1,19,3,7,-1,0,0,0,0,0,0,1,1,-1,9,1,82,11,-1,-1,-1,-1,9,-1,0,1
2024010519190,2024,010519190,1,1,9,99,99,9,9,99,99,9,9,99,9,99,9,1,6,6,1,26,6,-1,-1,-1,-1,3,E01002413,0,3
2024010522030,2024,010522030,2,1,0,5,5,3,7,4,4,0,0,0,0,0,4,1,2,2,2,61,9,-1,-1,-1,-1,3,E01003439,0,1
2024161458437,2024,161458437,1,1,0,-1,19,6,2,-1,9,0,1,0,0,0,1,1,-1,2,1,27,6,-1,-1,-1,-1,7,E01013294,0,2
2024010494593,2024,010494593,2,9,0,11,11,5,1,0,0,0,0,0,0,0,4,1,6,6,1,-1,-1,-1,-1,-1,-1,-1,-1,0,-1
2024531493453,2024,531493453,2,1,0,-1,7,5,8,-1,0,3,0,0,0,0,4,1,-1,2,2,29,6,-1,-1,-1,-1,8,E01022402,0,1
2024010532789,2024,010532789,2,19,9,99,99,9,9,99,99,9,9,99,9,99,9,9,6,6,3,-1,-1,-1,-1,-1,-1,-1,-1,0,-1
2024061497808,2024,061497808,2,9,0,-1,99,1,1,-1,0,0,0,4,0,0,1,1,-1,1,3,30,6,-1,-1,-1,-1,-1,-1,0,-1
2024231493804,2024,231493804,1,1,0,-1,19,4,8,-1,9,8,0,0,0,0,1,1,-1,7,1,16,4,-1,-1,-1,-1,6,E01031316,0,1
2024010494251,2024,010494251,2,9,9,99,99,9,9,99,99,6,9,99,9,99,9,9,6,6,3,-1,-1,-1,-1,-1,-1,-1,-1,0,-1
2024332400378,2024,332400378,2,1,0,-1,19,7,3,-1,0,8,0,0,0,0,1,1,-1,6,1,19,4,-1,-1,-1,-1,5,E01032868,0,1
2024201454706,2024,201454706,2,1,0,-1,19,6,2,-1,0,0,0,0,0,0,2,1,-1,6,1,12,3,-1,-1,-1,-1,-1,-1,0,-1
2024010501007,2024,010501007,2,1,0,14,14,5,1,0,0,1,0,8,0,0,1,1,2,2,1,40,7,-1,-1,-1,-1,2,E01004067,0,1
2024451446758,2024,451446758,2,9,0,-1,2,0,0,-1,0,0,0,0,0,0,2,1,-1,6,-1,-1,-1,-1,-1,-1,-1,-1,-1,0,-1
2024131426809,2024,131426809,2,21,0,-1,-1,-1,-1,-1,-1,0,-1,-1,-1,-1,-1,1,-1,6,3,-1,-1,-1,-1,-1,-1,-1,-1,0,-1
2024010496585,2024,010496585,1,1,9,99,99,9,9,99,99,9,9,99,9,99,1,1,2,2,1,17,4,-1,-1,-1,-1,6,E01002928,0,1
2024430255551,2024,430255551,2,1,0,18,19,7,3,0,0,8,0,0,0,0,1,1,6,6,1,47,8,-1,-1,-1,-1,10,E01016553,0,1
2024061515767,2024,061515767,2,1,-1,-1,19,7,3,-1,0,8,1,0,0,0,-1,1,-1,6,1,43,7,-1,-1,-1,-1,1,E01005464,0,1
2024122500046,2024,122500046,2,1,0,18,19,5,1,0,0,1,0,0,0,0,4,1,6,6,2,53,8,-1,-1,-1,-1,10,E01013360,0,1
2024010515403,2024,010515403,2,9,0,99,99,9,9,99,99,9,9,99,9,99,9,9,6,6,3,-1,-1,-1,-1,-1,-1,-1,-1,0,-1
2024440134674,2024,440134674,1,1,0,18,19,2,6,0,0,1,0,0,0,0,1,1,6,6,1,32,6,-1,-1,-1,-1,7,E01035449,0,3
2024461451338,2024,461451338,2,1,0,-1,4,8,4,-1,0,1,0,0,0,0,3,1,-1,9,1,43,7,-1,-1,-1,-1,-1,-1,0,-1
202460Q087704,2024,60Q087704,2,1,0,18,19,3,7,0,0,1,0,0,0,0,1,1,2,2,1,26,6,-1,-1,-1,-1,-1,-1,0,-1