collision_index,collision_year,collision_ref_no,vehicle_reference,vehicle_type,towing_and_articulation,vehicle_manoeuvre_historic,vehicle_manoeuvre,vehicle_direction_from,vehicle_direction_to,vehicle_location_restricted_lane_historic,vehicle_location_restricted_lane,junction_location,skidding_and_overturning,hit_object_in_carriageway,vehicle_leaving_carriageway,hit_object_off_carriageway,first_point_of_impact,vehicle_left_hand_drive,journey_purpose_of_driver_historic,journey_purpose_of_driver,sex_of_driver,age_of_driver,age_band_of_driver,engine_capacity_cc,propulsion_code,age_of_vehicle,generic_make_model,driver_imd_decile,lsoa_of_driver,escooter_flag,driver_distance_banding
2024320063449,2024,320063449,1,9,0,-1,-1,6,2,0,0,0,0,0,0,10,1,1,-1,-1,2,28,6,-1,-1,-1,-1,1,E01026048,0,1
2024501496873,2024,501496873,2,9,0,-1,10,3,7,-1,0,0,0,0,0,0,2,1,-1,9,1,39,7,-1,-1,-1,-1,4,E01018880,0,2
2024141507658,2024,141507658,4,9,0,-1,2,0,0,-1,0,0,0,0,0,0,4,1,-1,6,-1,-1,-1,-1,-1,-1,-1,-1,-1,0,-1
2024522500140,2024,522500140,1,1,0,18,19,4,8,0,0,0,0,0,0,0,3,1,6,6,1,45,7,-1,-1,-1,-1,2,E01014640,0,1
2024361440402,2024,361440402,2,9,0,-1,19,-1,-1,-1,0,1,0,0,0,0,1,1,-1,1,2,64,9,-1,-1,-1,-1,10,E01035143,0,3
2024471463259,2024,471463259,1,1,0,-1,19,2,7,-1,5,1,0,0,0,0,1,1,-1,6,-1,-1,-1,-1,-1,-1,-1,-1,-1,0,-1
2024201508049,2024,201508049,1,8,0,-1,19,6,2,-1,0,1,0,0,0,0,1,1,-1,6,3,-1,-1,-1,-1,-1,-1,-1,-1,0,-1
2024010522581,2024,010522581,2,9,0,18,19,4,8,0,0,1,0,0,0,0,1,1,6,6,2,73,10,-1,-1,-1,-1,9,E01001614,0,1
2024010509117,2024,010509117,1,9,0,99,99,9,9,99,99,9,9,99,9,99,9,9,6,6,3,-1,-1,-1,-1,-1,-1,-1,-1,0,-1
2024041441922,2024,041441922,2,9,0,-1,19,5,1,-1,0,4,0,0,0,0,3,1,-1,1,1,40,7,-1,-1,-1,-1,1,E01034335,0,3
2024041519124,2024,041519124,1,9,0,-1,19,-1,-1,-1,0,1,0,0,0,0,-1,9,-1,6,3,-1,-1,-1,-1,-1,-1,-1,-1,0,-1
2024201492463,2024,201492463,2,1,0,-1,19,4,8,-1,0,8,0,0,0,0,3,1,-1,9,1,50,8,-1,-1,-1,-1,1,E01009007,0,1
2024471463384,2024,471463384,1,1,0,-1,19,5,1,-1,0,8,1,0,0,0,4,1,-1,2,1,57,9,-1,-1,-1,-1,6,E01031607,0,1
2024061527384,2024,061527384,1,-1,0,-1,19,-1,-1,-1,9,0,0,4,0,0,1,1,-1,6,3,-1,-1,-1,-1,-1,-1,-1,-1,0,-1
2024010543121,2024,010543121,1,9,0,18,19,1,5,0,0,8,0,0,0,0,1,1,6,6,3,-1,-1,-1,-1,-1,-1,-1,-1,0,-1
2024522401381,2024,522401381,1,1,0,18,19,1,5,0,0,8,0,0,0,0,9,1,6,6,1,45,7,-1,-1,-1,-1,2,E01033353,0,1
2024010542631,2024,010542631,1,1,9,99,99,9,9,99,99,9,9,99,9,99,9,1,2,2,2,29,6,-1,-1,-1,-1,2,E01004223,0,1
2024211440259,2024,211440259,2,19,0,-1,19,4,8,-1,0,0,0,0,0,0,0,1,-1,2,1,48,8,-1,-1,-1,-1,7,E01029580,0,2
2024531409694,2024,531409694,3,98,0,-1,7,1,2,-1,0,4,0,0,0,0,0,9,-1,6,3,-1,-1,-1,-1,-1,-1,-1,-1,0,-1
2024201484016,2024,201484016,1,9,0,-1,19,1,5,-1,0,4,0,0,0,0,1,1,-1,6,-1,-1,-1,-1,-1,-1,-1,-1,-1,0,-1
2024010490797,2024,010490797,2,9,0,99,99,9,9,99,99,9,9,99,9,99,1,9,6,6,3,-1,-1,-1,-1,-1,-1,-1,-1,0,-1
2024332400535,2024,332400535,1,1,0,-1,19,5,1,-1,9,8,0,0,0,0,1,1,-1,9,1,50,8,-1,-1,-1,-1,3,E01013613,0,1
2024351411951,2024,351411951,2,-1,-1,-1,-1,-1,-1,-1,-1,2,0,0,0,0,-1,9,-1,6,1,-1,-1,-1,-1,-1,-1,-1,-1,1,-1
2024430239816,2024,430239816,2,9,0,18,19,4,8,0,0,0,0,0,0,0,1,1,6,6,3,-1,-1,-1,-1,-1,-1,-1,-1,0,-1
2024302401550,2024,302401550,1,9,0,9,9,2,8,0,0,0,0,0,0,0,1,1,6,6,3,-1,-1,-1,-1,-1,-1,5,E01019456,0,3
2024010499123,2024,010499123,1,1,9,99,99,9,9,99,99,9,9,8,9,99,1,1,6,6,1,53,8,-1,-1,-1,-1,3,E01035679,0,1
2024201445201,2024,201445201,1,98,0,-1,7,3,5,-1,0,3,0,0,0,0,1,9,-1,6,1,30,6,-1,-1,-1,-1,-1,-1,0,-1
2024631397736,2024,631397736,1,9,0,-1,13,2,6,-1,0,0,0,0,0,0,4,1,-1,6,1,-1,-1,-1,-1,-1,-1,-1,-1,0,-1
2024010493393,2024,010493393,1,9,0,9,9,7,5,0,0,8,0,0,0,0,1,1,3,7,2,45,7,-1,-1,-1,-1,5,E01004076,0,1
2024311443771,2024,311443771,1,1,0,-1,19,4,1,-1,0,1,0,0,0,0,2,1,-1,9,1,53,8,-1,-1,-1,-1,2,E01013569,0,3
2024332401206,2024,332401206,1,9,0,-1,9,8,6,-1,0,3,0,0,0,0,1,1,-1,9,1,70,10,-1,-1,-1,-1,7,E01025757,0,1
2024320462881,2024,320462881,2,9,0,-1,-1,6,2,0,0,8,0,0,0,0,1,1,6,6,1,69,10,-1,-1,-1,-1,1,E01007328,0,4
2024501409625,2024,501409625,2,19,0,-1,19,1,5,-1,0,0,0,0,0,0,1,1,-1,6,1,35,6,-1,-1,-1,-1,8,E01019921,0,1
2024010522044,2024,010522044,2,9,0,18,19,9,9,99,99,9,9,99,9,99,1,9,6,6,3,-1,-1,-1,-1,-1,-1,5,E01000593,0,1
2024332400897,2024,332400897,1,9,0,-1,19,2,6,-1,0,8,0,0,0,0,0,1,-1,1,1,49,8,-1,-1,-1,-1,1,E01013661,0,1
2024520001119,2024,520001119,1,9,0,18,19,2,6,0,0,0,0,0,0,0,1,1,6,6,1,46,8,-1,-1,-1,-1,5,E01031898,0,4
2024361397863,2024,361397863,2,1,0,-1,19,3,7,-1,0,0,0,0,0,0,2,1,-1,6,1,73,10,-1,-1,-1,-1,3,E01026665,0,1
2024010487968,2024,010487968,2,3,0,99,99,9,9,99,99,9,9,99,9,99,1,1,6,6,3,-1,-1,-1,-1,-1,-1,-1,-1,0,-1
2024361479232,2024,361479232,2,1,0,-1,19,3,7,-1,0,8,0,0,0,0,1,1,-1,9,1,16,4,-1,-1,-1,-1,1,E01026867,0,1
2024430310805,2024,430310805,2,9,0,17,19,1,7,0,0,0,0,0,0,0,1,1,1,1,1,-1,-1,-1,-1,-1,-1,-1,-1,0,-1
2024440214709,2024,440214709,1,1,0,18,19,3,7,0,0,8,0,0,0,0,3,1,6,6,1,23,5,-1,-1,-1,-1,2,E01022902,0,4
2024520001688,2024,520001688,1,9,9,18,19,9,9,0,0,8,0,0,0,0,1,9,6,6,3,-1,-1,-1,-1,-1,-1,-1,-1,0,-1
2024010494006,2024,010494006,1,9,0,99,99,9,9,99,99,9,9,99,9,99,1,9,6,6,3,-1,-1,-1,-1,-1,-1,-1,-1,0,-1
2024471415166,2024,471415166,2,9,0,-1,9,1,3,-1,0,2,0,0,0,0,2,9,-1,6,1,73,10,-1,-1,-1,-1,4,E01031434,0,3
2024421518879,2024,421518879,1,9,0,-1,19,5,1,-1,0,0,0,0,0,0,1,1,-1,6,3,-1,-1,-1,-1,-1,-1,-1,-1,0,-1
2024061512180,2024,061512180,1,1,0,-1,19,-1,-1,-1,0,1,9,0,0,0,1,1,-1,2,1,38,7,-1,-1,-1,-1,6,E01005699,0,2
2024052402789,2024,052402789,1,19,0,7,7,8,2,0,0,8,0,0,0,0,4,1,6,6,3,-1,-1,-1,-1,-1,-1,-1,-1,0,-1
2024302401568,2024,302401568,1,9,0,9,9,7,3,0,0,8,0,0,0,0,1,1,1,1,1,45,7,-1,-1,-1,-1,2,E01028057,0,4
2024010492066,2024,010492066,1,9,0,1,1,8,4,0,0,0,0,0,0,0,2,1,6,6,2,39,7,-1,-1,-1,-1,1,E01000596,0,1
2024991495519,2024,991495519,1,9,0,-1,19,7,3,-1,0,0,0,0,0,0,1,1,-1,6,2,27,6,-1,-1,-1,-1,-1,-1,0,-1
2024010491360,2024,010491360,1,9,0,18,19,1,5,0,0,4,0,0,0,0,1,1,2,2,1,26,6,-1,-1,-1,-1,-1,-1,0,-1
2024311456986,2024,311456986,2,1,0,-1,19,2,2,-1,4,1,0,0,1,0,3,1,-1,6,1,60,9,-1,-1,-1,-1,6,E01028202,0,1
2024471469805,2024,471469805,3,9,0,-1,19,7,3,-1,0,0,0,0,0,0,1,1,-1,9,2,57,9,-1,-1,-1,-1,6,E01021108,0,3
2024010504291,2024,010504291,2,1,9,99,99,9,9,4,4,9,9,99,9,99,1,1,6,6,3,-1,-1,-1,-1,-1,-1,-1,-1,0,-1
2024101497461,2024,101497461,1,9,0,-1,19,5,1,-1,0,0,0,0,0,0,1,1,-1,2,1,22,5,-1,-1,-1,-1,5,E01020590,0,2
202417H100924,2024,17H100924,1,1,0,18,19,7,3,0,0,1,0,0,0,0,3,1,6,6,1,14,3,-1,-1,-1,-1,2,E01011964,0,1
2024061486004,2024,061486004,2,1,0,-1,7,3,3,-1,0,0,0,0,0,0,2,1,-1,6,1,14,3,-1,-1,-1,-1,1,E01005349,0,1
2024471462019,2024,471462019,1,9,0,-1,19,1,5,-1,0,1,0,0,0,0,1,9,-1,9,1,36,7,-1,-1,-1,-1,1,E01020994,0,3
2024031448588,2024,031448588,2,1,0,-1,11,6,2,-1,0,3,0,0,0,0,2,1,-1,9,1,33,6,-1,-1,-1,-1,8,E01019242,0,1
2024101523941,2024,101523941,2,9,0,-1,2,0,0,-1,0,8,0,0,0,0,0,1,-1,6,1,58,9,-1,-1,-1,-1,4,E01008211,0,1
2024010489164,2024,010489164,2,9,9,99,99,9,9,99,99,9,9,99,9,99,9,9,6,6,3,-1,-1,-1,-1,-1,-1,-1,-1,0,-1
2024061491651,2024,061491651,2,-1,0,-1,19,5,3,-1,9,0,0,0,0,0,1,1,-1,9,1,31,6,-1,-1,-1,-1,1,E01005165,1,1
2024440562316,2024,440562316,1,9,0,9,9,1,7,0,0,3,0,0,0,0,4,1,6,6,2,57,9,-1,-1,-1,-1,7,E01022672,0,2
2024461477205,2024,461477205,2,1,0,-1,19,1,5,-1,0,8,0,0,0,0,4,1,-1,9,1,55,8,-1,-1,-1,-1,10,E01024467,0,4
2024440443689,2024,440443689,1,-1,0,18,19,4,8,0,0,2,0,0,0,0,1,1,6,6,1,22,5,-1,-1,-1,-1,8,E01017215,1,1
2024010517996,2024,010517996,1,1,9,99,99,9,9,99,99,9,9,99,9,99,9,1,1,1,1,36,7,-1,-1,-1,-1,6,E01004485,0,1
2024010522626,2024,010522626,1,9,0,99,99,9,9,99,99,9,9,99,9,99,9,9,6,6,3,-1,-1,-1,-1,-1,-1,-1,-1,0,-1
2024461422672,2024,461422672,1,21,0,-1,19,6,2,-1,0,0,0,0,0,0,1,9,-1,6,3,-1,-1,-1,-1,-1,-1,-1,-1,0,-1
2024010497586,2024,010497586,1,9,0,99,99,9,9,0,0,9,0,99,9,99,9,1,6,6,3,-1,-1,-1,-1,-1,-1,-1,-1,0,-1
2024461406876,2024,461406876,2,9,0,-1,5,3,7,-1,0,8,0,0,0,0,3,2,-1,1,1,48,8,-1,-1,-1,-1,-1,-1,0,-1
2024041470480,2024,041470480,2,1,0,-1,19,3,7,-1,0,1,0,0,0,0,3,1,-1,2,1,56,9,-1,-1,-1,-1,10,E01025327,0,2
2024131503129,2024,131503129,2,9,0,-1,9,1,7,-1,0,8,0,0,0,0,4,1,-1,9,1,36,7,-1,-1,-1,-1,1,E01011723,0,2
2024141466469,2024,141466469,2,9,0,-1,19,5,1,-1,0,1,0,0,0,0,1,9,-1,6,3,-1,-1,-1,-1,-1,-1,-1,-1,0,-1
2024461502450,2024,461502450,1,9,0,-1,7,2,4,-1,0,1,0,0,0,0,0,9,-1,9,3,50,8,-1,-1,-1,-1,-1,-1,0,-1
2024430217348,2024,430217348,1,1,0,18,19,5,1,0,0,0,0,0,0,0,3,1,6,6,1,15,3,-1,-1,-1,-1,-1,-1,0,-1
2024471507797,2024,471507797,3,9,0,-1,4,3,7,-1,0,1,0,0,0,0,2,1,-1,1,1,36,7,-1,-1,-1,-1,7,E01031399,0,1
2024371504802,2024,371504802,1,98,1,-1,19,5,1,-1,0,0,0,0,0,0,4,1,-1,6,1,47,8,-1,-1,-1,-1,8,E01033460,0,4
2024010500911,2024,010500911,1,1,9,99,99,9,9,99,99,9,9,99,9,99,9,1,2,2,1,36,7,-1,-1,-1,-1,7,E01004483,0,1
2024010487622,2024,010487622,1,11,0,18,19,7,3,0,0,0,0,0,0,0,0,1,1,1,1,33,6,-1,-1,-1,-1,4,E01001148,0,3
2024161458500,2024,161458500,2,1,0,-1,19,2,6,-1,0,0,0,0,0,0,1,1,-1,6,1,16,4,-1,-1,-1,-1,1,E01012858,0,1
202454A933324,2024,54A933324,2,9,0,3,3,4,8,0,0,0,0,0,0,0,2,1,6,6,2,22,5,-1,-1,-1,-1,8,E01034525,0,2
2024010539395,2024,010539395,3,97,0,13,13,5,1,0,0,1,0,0,0,0,0,1,6,6,3,-1,-1,-1,-1,-1,-1,-1,-1,0,-1
2024302400437,2024,302400437,1,9,0,9,9,4,1,0,0,8,0,0,1,11,1,1,6,6,1,21,5,-1,-1,-1,-1,6,E01019524,0,1
2024010548303,2024,010548303,1,20,0,99,99,9,9,99,99,9,9,99,9,99,1,9,6,6,3,-1,-1,-1,-1,-1,-1,-1,-1,0,-1
2024430561754,2024,430561754,1,9,0,3,3,5,1,0,0,1,0,0,0,0,3,1,6,6,2,47,8,-1,-1,-1,-1,-1,-1,0,-1
2024161464651,2024,161464651,1,97,0,-1,19,3,7,-1,0,8,5,99,0,0,4,1,-1,9,1,40,7,-1,-1,-1,-1,3,E01012866,0,1
2024010488894,2024,010488894,2,9,0,18,19,1,5,0,0,1,0,0,0,0,1,1,6,6,3,-1,-1,-1,-1,-1,-1,-1,-1,0,-1
2024010518696,2024,010518696,2,19,0,99,99,9,9,99,99,9,9,99,9,99,2,9,6,6,3,60,9,-1,-1,-1,-1,9,E01000648,0,3
2024131533546,2024,131533546,2,9,0,-1,4,3,7,-1,0,0,0,0,0,0,2,1,-1,1,1,34,6,-1,-1,-1,-1,1,E01011360,0,1
2024010492036,2024,010492036,1,9,0,5,5,3,7,0,0,4,0,0,0,0,1,1,6,6,2,29,6,-1,-1,-1,-1,6,E01002319,0,1
2024101486196,2024,101486196,1,1,0,-1,19,1,5,-1,0,0,0,0,0,0,1,1,-1,6,1,-1,-1,-1,-1,-1,-1,3,E01008451,0,1
2024010490190,2024,010490190,1,9,0,1,1,3,7,0,0,2,0,0,0,0,2,1,6,6,2,27,6,-1,-1,-1,-1,6,E01001415,0,1
2024010506300,2024,010506300,1,9,0,18,19,5,1,0,0,0,0,0,0,0,1,1,1,1,1,68,10,-1,-1,-1,-1,4,E01003376,0,1
2024131525428,2024,131525428,1,9,0,-1,-1,-1,-1,-1,-1,0,-1,-1,-1,-1,-1,1,-1,6,3,-1,-1,-1,-1,-1,-1,-1,-1,0,-1
2024161433217,2024,161433217,1,9,0,-1,6,8,4,-1,0,8,0,0,0,0,3,1,-1,9,1,34,6,-1,-1,-1,-1,4,E01013225,0,2
2024010502077,2024,010502077,1,97,0,18,19,3,7,0,0,1,0,0,0,0,1,1,6,6,1,46,8,-1,-1,-1,-1,3,E01000100,0,1
2024010521705,2024,010521705,1,1,9,99,99,9,9,99,99,9,9,99,9,99,2,1,6,6,1,48,8,-1,-1,-1,-1,5,E01003116,0,1
2024430054470,2024,430054470,1,9,0,18,19,2,6,0,0,0,1,6,1,0,4,1,6,6,1,31,6,-1,-1,-1,-1,-1,-1,0,-1
2024010496002,2024,010496002,1,8,0,4,4,5,1,0,0,1,0,0,0,0,2,1,6,6,1,39,7,-1,-1,-1,-1,4,E01002308,0,3
2024371500048,2024,371500048,2,9,-1,-1,9,3,1,-1,0,8,0,0,0,0,-1,9,-1,9,3,-1,-1,-1,-1,-1,-1,-1,-1,0,-1
2024421520060,2024,421520060,2,1,0,-1,19,-1,-1,-1,0,6,0,0,0,0,3,1,-1,2,1,30,6,-1,-1,-1,-1,4,E01015957,0,1
2024041404099,2024,041404099,2,1,0,-1,19,3,7,-1,0,1,0,0,0,0,4,1,-1,6,1,23,5,-1,-1,-1,-1,8,E01025453,0,1
2024010499166,2024,010499166,2,9,0,6,6,9,9,99,99,0,9,99,9,99,9,9,6,6,3,-1,-1,-1,-1,-1,-1,-1,-1,0,-1
2024221435024,2024,221435024,2,1,0,-1,13,6,2,-1,0,8,0,0,0,0,4,1,-1,9,1,65,9,-1,-1,-1,-1,5,E01028980,0,2
2024552401454,2024,552401454,1,9,0,9,9,8,6,0,0,1,0,0,0,0,3,1,3,7,2,38,7,-1,-1,-1,-1,9,E01020400,0,1
2024351443246,2024,351443246,1,9,-1,-1,-1,-1,-1,-1,-1,-1,-1,-1,-1,0,-1,9,-1,6,1,-1,-1,-1,-1,-1,-1,-1,-1,0,-1
2024440032076,2024,440032076,2,9,0,18,19,6,2,0,0,4,0,0,0,0,3,1,2,2,1,45,7,-1,-1,-1,-1,6,-1,0,5
2024231479158,2024,231479158,2,16,0,-1,10,4,2,-1,0,6,0,0,0,0,0,1,-1,9,2,44,7,-1,-1,-1,-1,3,E01031081,0,1
2024501453822,2024,501453822,1,98,0,-1,19,8,4,-1,0,0,0,0,0,0,0,9,-1,6,1,27,6,-1,-1,-1,-1,4,E01020311,0,3
2024131408109,2024,131408109,2,9,0,-1,19,7,3,-1,0,8,0,0,0,0,3,1,-1,6,2,70,10,-1,-1,-1,-1,5,E01010970,0,3
2024010488581,2024,010488581,1,9,0,4,4,3,7,0,0,2,0,0,0,0,3,1,2,2,1,26,6,-1,-1,-1,-1,4,E01003725,0,3
2024552500003,2024,552500003,2,1,0,17,19,6,3,0,0,8,0,0,0,0,4,1,6,6,1,32,6,-1,-1,-1,-1,1,E01015281,0,1
2024201483826,2024,201483826,2,8,0,-1,19,6,2,-1,0,8,0,0,0,0,1,1,-1,6,1,41,7,-1,-1,-1,-1,1,E01010369,0,1
2024461493796,2024,461493796,2,1,0,-1,19,5,1,-1,9,0,2,0,0,0,3,1,-1,6,3,-1,-1,-1,-1,-1,-1,-1,-1,0,-1
2024351402546,2024,351402546,1,9,0,-1,99,-1,-1,-1,0,8,9,99,0,0,9,9,-1,6,3,-1,-1,-1,-1,-1,-1,-1,-1,0,-1
2024340WN3002,2024,340WN3002,1,9,0,-1,19,2,6,-1,0,1,0,0,0,0,3,1,-1,6,1,-1,-1,-1,-1,-1,-1,-1,-1,0,-1
2024010521826,2024,010521826,2,1,0,4,4,5,1,0,0,0,0,0,0,0,1,1,1,1,1,42,7,-1,-1,-1,-1,-1,-1,0,-1
2024010491465,2024,010491465,1,9,0,18,19,2,6,0,0,2,0,0,0,0,4,1,6,6,2,23,5,-1,-1,-1,-1,3,E01000154,0,1
2024061472061,2024,061472061,1,9,0,-1,-1,-1,-1,-1,-1,-1,-1,-1,-1,0,-1,1,-1,6,3,-1,-1,-1,-1,-1,-1,-1,-1,0,-1
2024340WN5402,2024,340WN5402,2,9,0,-1,3,5,7,-1,0,1,0,0,0,0,2,1,-1,7,2,37,7,-1,-1,-1,-1,6,E01035422,0,1
2024010496953,2024,010496953,1,3,0,99,99,9,9,99,99,9,9,99,9,99,9,1,1,1,3,23,5,-1,-1,-1,-1,6,E01003130,0,4
2024340WN5012,2024,340WN5012,1,9,0,-1,19,1,5,-1,0,0,0,0,0,0,1,1,-1,6,1,-1,-1,-1,-1,-1,-1,-1,-1,0,-1
2024991523569,2024,991523569,1,9,0,-1,19,5,1,-1,0,0,0,0,0,0,1,1,-1,2,1,29,6,-1,-1,-1,-1,4,-1,0,1
2024010501594,2024,010501594,1,9,9,18,19,7,3,99,99,9,9,99,9,99,3,1,6,6,3,-1,-1,-1,-1,-1,-1,-1,-1,0,-1
2024201524930,2024,201524930,1,9,0,-1,19,1,5,-1,0,4,0,0,0,0,1,9,-1,6,2,35,6,-1,-1,-1,-1,-1,-1,0,-1
2024461442989,2024,461442989,2,9,0,-1,19,2,6,-1,0,8,0,0,0,0,1,1,-1,6,1,42,7,-1,-1,-1,-1,6,E01024361,0,4
2024161443096,2024,161443096,1,11,0,-1,4,6,2,-1,0,1,0,0,0,0,0,9,-1,1,2,46,8,-1,-1,-1,-1,1,E01012855,0,2
2024061539824,2024,061539824,2,9,0,-1,19,6,2,-1,0,8,0,0,0,0,1,1,-1,6,2,45,7,-1,-1,-1,-1,1,E01005103,0,1
2024010487106,2024,010487106,2,9,0,6,6,7,7,0,0,1,0,0,0,0,1,1,1,1,1,48,8,-1,-1,-1,-1,1,E01002732,0,2
2024522402643,2024,522402643,1,1,0,15,15,1,5,0,0,8,0,0,0,0,3,1,6,6,1,26,6,-1,-1,-1,-1,5,E01035226,0,1
2024010495922,2024,010495922,1,1,0,18,19,1,5,2,2,1,0,0,0,0,1,1,2,2,1,47,8,-1,-1,-1,-1,2,E01001487,0,1
2024361490965,2024,361490965,1,9,0,-1,13,5,7,-1,0,0,0,0,0,0,3,1,-1,9,1,24,5,-1,-1,-1,-1,4,E01026609,0,3
2024052400644,2024,052400644,1,22,0,5,5,5,1,0,0,6,0,0,0,0,1,1,3,7,2,52,8,-1,-1,-1,-1,1,E01006706,0,3
2024231486426,2024,231486426,1,5,0,-1,4,5,1,-1,0,0,0,0,1,10,1,1,-1,9,2,30,6,-1,-1,-1,-1,1,E01008941,0,3
2024010543365,2024,010543365,2,9,0,6,6,1,1,0,0,1,0,4,0,0,3,1,6,6,3,-1,-1,-1,-1,-1,-1,-1,-1,0,-1
2024351430432,2024,351430432,1,1,0,-1,19,-1,-1,-1,0,2,0,0,0,0,4,1,-1,2,1,24,5,-1,-1,-1,-1,5,E01018163,0,1
2024201436859,2024,201436859,2,1,0,-1,19,3,7,-1,0,8,0,0,0,0,2,1,-1,2,1,28,6,-1,-1,-1,-1,1,E01009301,0,3
2024131447272,2024,131447272,2,1,0,-1,19,7,3,-1,0,8,5,0,0,0,3,1,-1,9,2,10,2,-1,-1,-1,-1,1,E01011864,0,1
2024231431110,2024,231431110,1,9,0,-1,4,8,4,-1,0,1,0,0,0,0,1,9,-1,6,3,32,6,-1,-1,-1,-1,-1,-1,0,-1
2024421461862,2024,421461862,3,9,0,-1,19,1,5,-1,0,0,0,0,0,0,1,1,-1,9,2,29,6,-1,-1,-1,-1,1,E01016007,0,1
2024010527624,2024,010527624,1,1,9,99,99,9,9,99,99,1,9,99,9,99,9,1,6,6,1,35,6,-1,-1,-1,-1,7,E01004476,0,1
2024552400800,2024,552400800,1,9,0,18,19,8,4,0,0,0,0,0,0,0,1,1,6,6,2,32,6,-1,-1,-1,-1,8,E01015314,0,1
2024052400898,2024,052400898,1,9,0,18,19,1,5,0,0,6,0,0,0,0,1,1,6,6,3,-1,-1,-1,-1,-1,-1,-1,-1,0,-1
2024101522552,2024,101522552,1,9,0,-1,19,7,3,-1,0,3,0,0,0,0,1,9,-1,6,3,-1,-1,-1,-1,-1,-1,-1,-1,0,-1
2024411519431,2024,411519431,1,9,0,-1,3,7,3,-1,0,1,0,0,0,0,3,1,-1,1,1,51,8,-1,-1,-1,-1,3,E01023757,0,1
2024010494952,2024,010494952,1,9,0,99,99,9,9,99,99,0,9,99,9,99,2,9,2,2,2,28,6,-1,-1,-1,-1,3,E01003387,0,3
2024010489042,2024,010489042,1,9,0,9,9,1,6,0,0,1,5,0,8,11,3,1,2,2,1,44,7,-1,-1,-1,-1,1,E01009147,0,5
2024501422174,2024,501422174,2,9,0,-1,19,4,8,-1,0,8,0,0,0,0,2,1,-1,2,1,25,5,-1,-1,-1,-1,5,E01018768,0,3
2024101402052,2024,101402052,1,9,0,-1,1,3,7,-1,9,0,0,0,0,0,2,1,-1,9,1,24,5,-1,-1,-1,-1,2,E01027397,0,1
2024221482994,2024,221482994,2,5,0,-1,19,8,4,-1,0,0,0,0,0,0,1,1,-1,6,1,29,6,-1,-1,-1,-1,-1,-1,0,-1
2024622400357,2024,622400357,2,9,0,10,10,3,7,0,0,5,0,0,0,0,2,1,6,6,1,62,9,-1,-1,-1,-1,8,W01001030,0,1
2024332400183,2024,332400183,3,9,0,-1,8,6,8,-1,0,1,0,0,0,0,1,1,-1,9,1,59,9,-1,-1,-1,-1,10,E01025737,0,2
2024010511888,2024,010511888,1,9,0,7,7,5,8,0,0,5,0,0,1,0,4,1,2,2,1,35,6,-1,-1,-1,-1,3,E01001516,0,2
2024461458240,2024,461458240,2,9,0,-1,3,4,3,-1,0,0,0,0,0,0,2,9,-1,6,1,42,7,-1,-1,-1,-1,4,E01016055,0,2
2024351465345,2024,351465345,2,1,0,-1,19,8,4,-1,9,5,0,11,0,0,1,1,-1,6,1,13,3,-1,-1,-1,-1,5,E01018131,0,1
2024451401838,2024,451401838,2,21,0,-1,19,3,1,-1,0,0,0,0,0,0,3,1,-1,1,3,45,7,-1,-1,-1,-1,-1,-1,0,-1
2024302400111,2024,302400111,1,9,0,9,9,7,5,0,0,5,0,0,0,0,1,1,6,6,2,59,9,-1,-1,-1,-1,7,E01019642,0,2
2024010489999,2024,010489999,1,1,0,18,19,1,5,0,0,8,0,0,0,0,1,1,2,2,1,58,9,-1,-1,-1,-1,6,E01000238,0,1
2024010548275,2024,010548275,1,90,0,99,99,9,9,99,99,9,9,99,9,99,1,9,6,6,3,51,8,-1,-1,-1,-1,2,E01004198,0,1
2024991429994,2024,991429994,1,9,0,-1,7,5,7,-1,0,1,0,0,0,0,2,1,-1,9,2,27,6,-1,-1,-1,-1,-1,-1,0,-1
2024622400730,2024,622400730,1,9,0,4,4,8,4,0,0,0,0,0,0,0,2,1,2,2,1,40,7,-1,-1,-1,-1,2,W01001142,0,3
2024430594300,2024,430594300,2,1,0,18,19,8,4,0,0,1,0,0,0,0,1,1,2,2,1,43,7,-1,-1,-1,-1,3,E01023348,0,4
2024549543024,2024,549543024,2,1,0,9,9,1,7,0,0,5,0,0,0,0,1,1,6,6,1,54,8,-1,-1,-1,-1,8,E01015482,0,1
2024122400487,2024,122400487,2,9,0,3,3,7,3,0,0,0,0,0,0,0,2,1,6,6,2,45,7,-1,-1,-1,-1,9,E01012998,0,3
2024010542953,2024,010542953,1,1,9,99,99,9,9,99,99,9,9,99,9,99,1,1,2,2,2,31,6,-1,-1,-1,-1,4,E01000490,0,1
2024161533000,2024,161533000,4,9,0,-1,19,3,7,-1,0,0,0,0,0,0,1,1,-1,2,1,28,6,-1,-1,-1,-1,9,E01012969,0,4
2024010520954,2024,010520954,2,9,0,7,7,9,9,99,99,9,9,99,9,99,9,9,6,6,3,-1,-1,-1,-1,-1,-1,-1,-1,0,-1
2024501397376,2024,501397376,2,90,0,-1,13,2,6,-1,0,0,5,0,0,0,3,9,-1,6,2,10,2,-1,-1,-1,-1,4,E01019007,0,1
2024221409283,2024,221409283,2,9,0,-1,19,2,6,-1,0,8,0,4,0,0,1,9,-1,9,1,30,6,-1,-1,-1,-1,3,E01014010,0,1
2024131473966,2024,131473966,2,1,0,-1,19,8,4,-1,0,0,0,0,0,0,4,1,-1,6,1,53,8,-1,-1,-1,-1,1,E01011750,0,1
2024520402310,2024,520402310,3,9,0,9,9,3,8,0,0,8,0,0,0,0,0,1,6,6,1,58,9,-1,-1,-1,-1,5,E01029053,0,1
2024052402703,2024,052402703,2,1,0,18,19,2,6,0,0,0,0,0,0,0,1,1,6,6,1,17,4,-1,-1,-1,-1,1,E01006662,0,1
2024010516163,2024,010516163,2,19,0,99,99,9,9,99,99,9,9,99,9,99,1,9,6,6,3,-1,-1,-1,-1,-1,-1,-1,-1,0,-1
2024430126630,2024,430126630,3,-1,0,18,19,2,6,0,0,0,0,0,0,0,2,1,2,2,1,21,5,-1,-1,-1,-1,10,E01028573,1,1
202460Q118295,2024,60Q118295,1,1,0,14,14,5,1,0,0,0,0,0,0,0,1,1,6,6,1,58,9,-1,-1,-1,-1,-1,-1,0,-1