collision_index,collision_year,collision_ref_no,vehicle_reference,vehicle_type,towing_and_articulation,vehicle_manoeuvre_historic,vehicle_manoeuvre,vehicle_direction_from,vehicle_direction_to,vehicle_location_restricted_lane_historic,vehicle_location_restricted_lane,junction_location,skidding_and_overturning,hit_object_in_carriageway,vehicle_leaving_carriageway,hit_object_off_carriageway,first_point_of_impact,vehicle_left_hand_drive,journey_purpose_of_driver_historic,journey_purpose_of_driver,sex_of_driver,age_of_driver,age_band_of_driver,engine_capacity_cc,propulsion_code,age_of_vehicle,generic_make_model,driver_imd_decile,lsoa_of_driver,escooter_flag,driver_distance_banding
2024010520463,2024,010520463,1,19,3,18,19,7,3,0,0,0,0,0,0,0,1,1,1,1,1,55,8,-1,-1,-1,-1,2,E01033712,0,2
2024010513573,2024,010513573,2,9,9,99,99,9,9,99,99,9,9,99,9,99,9,9,6,6,3,-1,-1,-1,-1,-1,-1,-1,-1,0,-1
2024131471723,2024,131471723,2,9,0,-1,19,2,6,-1,0,1,0,0,0,0,1,1,-1,1,1,33,6,-1,-1,-1,-1,7,E01011614,0,1
2024221521206,2024,221521206,2,1,0,-1,19,6,2,-1,0,8,0,0,0,0,1,1,-1,6,1,30,6,-1,-1,-1,-1,9,E01032347,0,1
2024010511649,2024,010511649,2,9,0,11,11,3,7,0,0,0,1,0,0,0,0,1,6,6,1,-1,-1,-1,-1,-1,-1,-1,-1,0,-1
2024340WN4352,2024,340WN4352,1,9,0,-1,12,4,8,-1,0,0,0,0,0,0,3,1,-1,6,3,-1,-1,-1,-1,-1,-1,-1,-1,0,-1
2024311394545,2024,311394545,2,9,0,-1,19,1,5,-1,0,0,0,0,0,0,1,1,-1,9,2,56,9,-1,-1,-1,-1,-1,-1,0,-1
2024052400646,2024,052400646,1,1,0,18,19,4,8,0,0,0,0,0,0,0,1,1,6,6,1,-1,-1,-1,-1,-1,-1,-1,-1,0,-1
2024430570886,2024,430570886,1,9,0,15,15,2,6,0,0,0,0,0,0,0,0,1,6,6,3,-1,-1,-1,-1,-1,-1,-1,-1,0,-1
2024010494791,2024,010494791,1,21,0,9,9,5,3,0,0,2,0,0,0,0,1,1,1,1,1,57,9,-1,-1,-1,-1,8,E01016568,0,4
2024201470135,2024,201470135,1,9,0,-1,19,4,8,-1,0,0,2,10,0,0,1,1,-1,6,1,19,4,-1,-1,-1,-1,1,E01010471,0,1
2024361476264,2024,361476264,1,9,0,-1,19,7,3,-1,0,0,0,0,0,0,1,9,-1,6,3,-1,-1,-1,-1,-1,-1,-1,-1,0,-1
2024501487003,2024,501487003,1,97,0,-1,19,5,1,-1,1,0,0,0,0,0,1,1,-1,9,1,40,7,-1,-1,-1,-1,-1,-1,0,-1
2024522402423,2024,522402423,2,1,0,18,19,9,9,0,0,8,0,0,0,0,9,1,6,6,1,10,2,-1,-1,-1,-1,-1,-1,0,-1
2024010487737,2024,010487737,1,3,0,99,99,9,9,99,99,9,9,99,9,99,1,1,2,2,1,26,6,-1,-1,-1,-1,6,E01004485,0,2
2024010506210,2024,010506210,2,9,0,18,19,7,3,0,0,0,0,0,0,0,4,1,6,6,2,41,7,-1,-1,-1,-1,8,E01021463,0,3
2024471457072,2024,471457072,2,9,0,-1,-1,-1,-1,-1,-1,-1,-1,-1,-1,0,-1,9,-1,6,3,-1,-1,-1,-1,-1,-1,-1,-1,0,-1
2024991459114,2024,991459114,1,1,0,-1,11,2,5,-1,0,0,0,0,0,0,2,1,-1,6,1,65,9,-1,-1,-1,-1,1,-1,0,2
2024522401437,2024,522401437,2,1,0,18,19,7,3,0,0,0,0,0,0,0,2,1,6,6,1,51,8,-1,-1,-1,-1,9,E01014738,0,2
2024520000824,2024,520000824,3,9,0,3,3,4,8,0,0,0,0,0,0,0,2,1,6,6,2,28,6,-1,-1,-1,-1,4,W01001270,0,4
2024522403344,2024,522403344,2,9,0,18,19,1,5,0,0,0,0,0,0,0,1,1,6,6,1,-1,-1,-1,-1,-1,-1,-1,-1,0,-1
2024010488442,2024,010488442,3,5,0,18,19,5,1,0,0,1,0,0,0,0,0,1,1,1,1,36,7,-1,-1,-1,-1,4,E01000472,0,2
2024371502485,2024,371502485,2,9,0,-1,19,6,2,-1,0,1,0,0,0,0,1,1,-1,1,1,62,9,-1,-1,-1,-1,7,E01030083,0,2
2024501476888,2024,501476888,1,9,0,-1,19,1,5,-1,0,8,0,0,0,0,3,1,-1,9,2,46,8,-1,-1,-1,-1,9,E01015101,0,1
2024141479956,2024,141479956,2,1,0,-1,19,6,2,-1,2,0,0,0,0,0,3,1,-1,1,2,25,5,-1,-1,-1,-1,6,E01008104,0,1
2024451486873,2024,451486873,5,9,0,-1,19,5,1,-1,0,0,0,0,0,0,1,1,-1,1,1,36,7,-1,-1,-1,-1,10,E01031725,0,1
2024552401071,2024,552401071,1,9,0,9,9,3,1,0,0,6,0,0,0,0,4,1,6,6,1,57,9,-1,-1,-1,-1,7,E01015324,0,1
2024351479520,2024,351479520,2,-1,0,-1,19,2,6,-1,9,1,0,0,0,0,1,1,-1,9,1,5,1,-1,-1,-1,-1,9,E01018252,1,1
2024430422803,2024,430422803,2,1,0,18,19,5,1,0,0,8,-1,0,0,-1,1,1,6,6,1,32,6,-1,-1,-1,-1,4,E01033497,0,1
2024010549105,2024,010549105,1,9,0,7,7,7,1,0,0,5,0,0,0,0,4,1,6,6,2,36,7,-1,-1,-1,-1,5,E01000110,0,1
2024201428329,2024,201428329,1,9,0,-1,19,5,1,-1,0,1,0,0,0,0,1,9,-1,1,1,27,6,-1,-1,-1,-1,1,E01009079,0,2
2024131511298,2024,131511298,1,9,0,-1,9,5,5,-1,0,0,0,0,0,0,1,1,-1,9,1,27,6,-1,-1,-1,-1,2,E01011237,0,1
2024010545914,2024,010545914,1,9,0,9,9,1,7,0,0,6,0,0,0,0,1,1,6,6,2,53,8,-1,-1,-1,-1,1,E01000601,0,2
2024031458090,2024,031458090,1,9,0,-1,9,7,8,-1,0,5,0,0,0,0,1,1,-1,6,2,62,9,-1,-1,-1,-1,2,E01019285,0,1
2024101489572,2024,101489572,2,1,0,-1,19,5,1,-1,0,2,0,0,0,0,1,1,-1,6,1,9,2,-1,-1,-1,-1,2,E01008698,0,1
2024311445242,2024,311445242,2,-1,0,-1,11,3,7,-1,0,8,0,0,0,0,3,1,-1,6,1,14,3,-1,-1,-1,-1,1,E01013877,1,1
2024302401696,2024,302401696,3,9,0,-1,2,0,0,-1,0,1,0,0,0,0,0,1,-1,6,3,-1,-1,-1,-1,-1,-1,-1,-1,0,-1
2024010496622,2024,010496622,1,1,9,99,99,9,9,99,99,9,9,99,9,99,2,1,6,6,1,27,6,-1,-1,-1,-1,3,E01001747,0,3
2024010521584,2024,010521584,1,1,0,18,19,1,5,0,0,8,0,0,0,0,3,1,6,6,1,43,7,-1,-1,-1,-1,5,E01001389,0,1
2024440462163,2024,440462163,2,1,0,18,19,7,3,0,0,1,0,0,0,0,0,1,6,6,1,57,9,-1,-1,-1,-1,5,E01022832,0,1
2024201515898,2024,201515898,1,9,0,-1,5,2,5,-1,0,8,0,0,0,0,1,1,-1,6,1,-1,-1,-1,-1,-1,-1,-1,-1,0,-1
2024010494055,2024,010494055,2,9,0,2,2,0,0,0,0,0,1,0,0,0,3,1,6,6,3,-1,-1,-1,-1,-1,-1,-1,-1,0,-1
2024471514898,2024,471514898,1,97,0,-1,19,-1,-1,-1,0,-1,0,0,0,0,1,1,-1,6,3,-1,-1,-1,-1,-1,-1,-1,-1,0,-1
2024302500026,2024,302500026,1,9,0,-1,19,5,1,-1,0,1,0,0,0,0,1,1,-1,6,2,38,7,-1,-1,-1,-1,5,E01019623,0,1
2024010536927,2024,010536927,1,1,9,18,19,5,1,0,0,6,9,99,0,0,9,1,6,6,1,23,5,-1,-1,-1,-1,3,E01003201,0,1
2024010533754,2024,010533754,1,1,9,99,99,9,9,99,99,9,9,99,9,99,1,1,2,2,1,43,7,-1,-1,-1,-1,2,E01002872,0,1
2024552401270,2024,552401270,2,1,0,18,19,6,2,0,0,8,0,0,0,0,4,1,2,2,1,34,6,-1,-1,-1,-1,10,E01015315,0,2
2024631460536,2024,631460536,2,9,0,-1,7,1,4,-1,0,8,0,0,0,0,4,1,-1,9,2,19,4,-1,-1,-1,-1,7,W01000735,0,4
2024052400807,2024,052400807,1,1,0,18,19,1,5,0,0,8,0,0,0,0,4,1,1,1,1,32,6,-1,-1,-1,-1,1,E01006957,0,1
2024010495928,2024,010495928,1,1,9,99,99,9,9,99,99,9,9,99,9,99,9,1,2,2,1,32,6,-1,-1,-1,-1,5,E01002769,0,1
2024010567435,2024,010567435,2,1,9,99,99,9,9,99,99,9,9,99,9,99,1,1,6,6,3,-1,-1,-1,-1,-1,-1,-1,-1,0,-1
2024010487795,2024,010487795,1,11,0,4,4,7,3,0,0,0,0,0,0,0,2,1,1,1,2,43,7,-1,-1,-1,-1,-1,-1,0,-1
2024161450575,2024,161450575,2,1,0,-1,19,3,7,-1,0,1,2,0,0,0,3,1,-1,6,1,28,6,-1,-1,-1,-1,2,E01012795,0,1
2024201535389,2024,201535389,1,9,0,-1,19,1,5,-1,0,0,0,0,0,0,4,9,-1,6,1,35,6,-1,-1,-1,-1,-1,-1,0,-1
2024302400114,2024,302400114,1,11,0,17,19,4,1,0,0,1,0,0,0,0,4,1,6,6,3,-1,-1,-1,-1,-1,-1,5,E01019456,0,3
2024131424645,2024,131424645,1,9,0,-1,-1,-1,-1,-1,-1,0,-1,-1,-1,-1,-1,1,-1,6,3,-1,-1,-1,-1,-1,-1,-1,-1,0,-1
2024010488164,2024,010488164,2,9,0,99,99,9,9,99,99,9,9,99,9,99,9,9,6,6,3,-1,-1,-1,-1,-1,-1,-1,-1,0,-1
2024010537554,2024,010537554,1,9,0,99,99,9,9,99,99,9,9,99,9,99,9,9,6,6,3,22,5,-1,-1,-1,-1,3,E01004126,0,1
2024010528238,2024,010528238,1,1,0,99,99,9,9,0,0,0,0,0,0,0,9,1,2,2,1,25,5,-1,-1,-1,-1,1,E01001410,0,3
2024401519297,2024,401519297,2,9,-1,-1,-1,-1,-1,-1,-1,0,-1,-1,-1,0,2,9,-1,1,1,51,8,-1,-1,-1,-1,3,E01017619,0,1
2024010492746,2024,010492746,2,1,0,4,4,8,4,0,0,1,0,0,0,0,1,1,6,6,1,-1,-1,-1,-1,-1,-1,-1,-1,0,-1
2024201495468,2024,201495468,2,11,0,-1,9,6,3,-1,0,5,0,0,0,0,1,1,-1,6,1,55,8,-1,-1,-1,-1,8,E01009846,0,1
2024161490447,2024,161490447,1,9,0,-1,2,3,7,-1,0,0,0,0,0,0,2,1,-1,1,1,57,9,-1,-1,-1,-1,1,E01035465,0,1
2024311516566,2024,311516566,2,-1,0,-1,19,1,5,-1,0,8,0,0,0,0,4,1,-1,9,2,37,7,-1,-1,-1,-1,3,E01013828,1,1
2024010523576,2024,010523576,1,1,9,99,99,9,9,99,99,9,9,99,9,99,9,1,6,6,1,21,5,-1,-1,-1,-1,5,E01000219,0,1
2024010514730,2024,010514730,1,3,0,4,4,7,3,0,0,0,0,0,0,0,1,1,6,6,3,-1,-1,-1,-1,-1,-1,-1,-1,0,-1
2024201464849,2024,201464849,1,9,0,-1,19,4,8,-1,0,0,0,0,0,0,1,1,-1,6,3,-1,-1,-1,-1,-1,-1,-1,-1,0,-1
2024461526717,2024,461526717,1,9,0,-1,3,3,8,-1,0,0,0,0,0,0,1,1,-1,1,1,55,8,-1,-1,-1,-1,6,E01024062,0,2
2024161460593,2024,161460593,2,9,0,-1,19,8,4,-1,0,0,0,0,0,0,1,1,-1,6,1,46,8,-1,-1,-1,-1,5,E01013271,0,2
2024471460091,2024,471460091,2,1,0,-1,19,5,1,-1,9,1,0,0,0,0,1,1,-1,6,1,8,2,-1,-1,-1,-1,3,E01031559,0,1
2024161424474,2024,161424474,1,9,0,-1,9,7,5,-1,0,4,0,0,0,0,1,9,-1,6,1,60,9,-1,-1,-1,-1,7,E01013214,0,1
2024131498203,2024,131498203,1,9,0,-1,-1,-1,-1,-1,-1,-1,-1,-1,-1,-1,-1,1,-1,6,3,-1,-1,-1,-1,-1,-1,-1,-1,0,-1
2024340WN2512,2024,340WN2512,1,8,0,-1,13,1,5,-1,0,1,0,0,0,0,4,1,-1,6,3,-1,-1,-1,-1,-1,-1,-1,-1,0,-1
2024501520129,2024,501520129,1,9,0,-1,-1,-1,-1,-1,-1,0,-1,-1,-1,0,-1,9,-1,6,3,-1,-1,-1,-1,-1,-1,-1,-1,0,-1
2024991484987,2024,991484987,1,5,0,-1,19,6,2,-1,0,0,1,0,7,0,1,1,-1,9,1,33,6,-1,-1,-1,-1,-1,-1,0,-1
2024471442134,2024,471442134,1,17,-1,-1,19,-1,-1,-1,0,0,0,0,0,0,1,9,-1,6,3,-1,-1,-1,-1,-1,-1,-1,-1,0,-1
2024141492214,2024,141492214,1,9,0,-1,15,7,3,-1,0,0,1,0,7,11,3,1,-1,9,1,28,6,-1,-1,-1,-1,1,E01007804,0,3
2024010493208,2024,010493208,2,19,0,99,99,9,9,99,99,9,9,99,9,99,1,9,6,6,3,-1,-1,-1,-1,-1,-1,7,E01003001,0,2
2024061495548,2024,061495548,3,9,0,-1,2,0,0,-1,0,0,0,0,0,0,3,1,-1,6,-1,-1,-1,-1,-1,-1,-1,-1,-1,0,-1
2024471462351,2024,471462351,3,9,0,-1,4,3,5,-1,0,6,0,0,0,0,0,1,-1,6,1,68,10,-1,-1,-1,-1,10,E01016984,0,3
2024010540676,2024,010540676,2,9,0,99,99,5,1,99,99,0,9,99,9,99,2,9,6,6,3,-1,-1,-1,-1,-1,-1,-1,-1,0,-1
2024010539294,2024,010539294,2,9,9,18,19,9,9,99,99,9,9,99,9,99,2,9,6,6,3,-1,-1,-1,-1,-1,-1,8,E01003039,0,1
2024311515635,2024,311515635,2,1,0,-1,19,2,5,-1,9,0,0,0,0,0,1,1,-1,2,1,13,3,-1,-1,-1,-1,-1,-1,0,-1
2024531513703,2024,531513703,2,1,0,-1,19,7,3,-1,0,0,0,0,1,9,4,1,-1,2,1,48,8,-1,-1,-1,-1,8,E01022298,0,1
2024010550234,2024,010550234,1,1,9,99,99,9,9,99,99,9,9,99,9,99,1,1,2,2,1,30,6,-1,-1,-1,-1,4,E01000957,0,1
2024991523982,2024,991523982,1,17,0,-1,19,2,6,-1,0,0,0,0,0,0,1,1,-1,6,1,25,5,-1,-1,-1,-1,4,-1,0,1
2024010521504,2024,010521504,1,1,9,99,99,9,9,99,99,9,9,99,9,99,9,1,6,6,1,38,7,-1,-1,-1,-1,10,E01000460,0,2
2024010489707,2024,010489707,2,8,0,99,99,9,9,99,99,9,9,99,9,99,9,9,6,6,1,49,8,-1,-1,-1,-1,6,E01000942,0,1
2024010497126,2024,010497126,2,9,0,99,99,9,9,99,99,9,9,99,9,99,9,9,6,6,3,-1,-1,-1,-1,-1,-1,-1,-1,0,-1
2024052401324,2024,052401324,1,8,0,5,5,2,8,0,0,0,0,0,0,0,4,1,1,1,3,-1,-1,-1,-1,-1,-1,-1,-1,0,-1
2024302400449,2024,302400449,2,1,0,18,19,8,4,0,0,8,0,0,0,0,1,1,6,6,3,-1,-1,-1,-1,-1,-1,5,E01019456,0,3
2024401402082,2024,401402082,1,90,3,-1,19,3,7,-1,0,1,0,0,0,0,-1,9,-1,6,3,-1,-1,-1,-1,-1,-1,-1,-1,0,-1
2024440114021,2024,440114021,2,9,0,12,12,8,4,0,0,1,0,0,0,0,0,1,6,6,3,-1,-1,-1,-1,-1,-1,-1,-1,0,-1
2024122400343,2024,122400343,1,1,0,18,19,6,2,0,0,1,0,0,0,0,1,1,6,6,1,34,6,-1,-1,-1,-1,7,E01013336,0,1
2024371529530,2024,371529530,4,98,1,-1,19,3,7,-1,0,0,0,0,0,0,4,1,-1,1,1,26,6,-1,-1,-1,-1,10,E01027046,0,4
2024010545525,2024,010545525,1,1,9,99,99,9,9,99,99,9,9,99,9,99,9,1,6,6,1,39,7,-1,-1,-1,-1,4,E01003282,0,1
2024010546872,2024,010546872,1,1,9,99,99,9,9,99,99,9,9,99,9,99,1,1,6,6,1,22,5,-1,-1,-1,-1,3,E01002770,0,1
2024451395405,2024,451395405,2,9,0,-1,19,5,7,-1,0,1,0,0,0,0,1,1,-1,9,2,78,11,-1,-1,-1,-1,10,E01030876,0,1
2024311476118,2024,311476118,2,3,0,-1,19,8,5,-1,0,2,0,0,0,0,4,1,-1,6,1,21,5,-1,-1,-1,-1,4,E01035501,0,1
2024010496742,2024,010496742,1,9,0,7,7,4,7,0,0,3,0,0,7,0,4,1,6,6,2,40,7,-1,-1,-1,-1,2,E01001076,0,2
2024010504451,2024,010504451,1,1,9,99,99,9,9,99,99,9,9,99,9,99,9,1,6,6,3,-1,-1,-1,-1,-1,-1,-1,-1,0,-1
2024351540100,2024,351540100,2,9,0,-1,9,1,7,-1,0,8,0,0,0,0,1,1,-1,6,1,59,9,-1,-1,-1,-1,4,E01015614,0,2
2024141561942,2024,141561942,3,9,0,-1,2,3,3,-1,0,0,0,0,0,0,2,9,-1,6,3,-1,-1,-1,-1,-1,-1,-1,-1,0,-1
2024471427658,2024,471427658,1,1,0,-1,19,8,4,-1,0,1,0,0,0,0,3,1,-1,9,2,71,10,-1,-1,-1,-1,10,E01031640,0,1
2024010509791,2024,010509791,2,9,0,7,7,3,5,0,0,1,0,0,0,0,1,1,6,6,3,-1,-1,-1,-1,-1,-1,-1,-1,0,-1
2024430464358,2024,430464358,1,9,0,18,19,3,7,0,0,0,0,0,0,0,4,1,6,6,2,74,10,-1,-1,-1,-1,3,E01001366,0,4
2024010500796,2024,010500796,1,9,0,99,99,9,9,99,99,9,9,99,9,99,9,9,6,6,3,-1,-1,-1,-1,-1,-1,-1,-1,0,-1
2024211478486,2024,211478486,1,9,0,-1,19,7,3,-1,0,0,0,0,0,0,3,9,-1,6,3,-1,-1,-1,-1,-1,-1,-1,-1,0,-1
2024451414459,2024,451414459,2,19,0,-1,19,-1,-1,-1,0,0,1,0,0,0,2,1,-1,6,3,30,6,-1,-1,-1,-1,-1,-1,0,-1
2024010496262,2024,010496262,2,11,0,99,99,9,9,99,99,9,9,99,9,99,1,9,6,6,3,-1,-1,-1,-1,-1,-1,4,E01001467,0,1
2024471500487,2024,471500487,2,1,0,-1,9,1,5,-1,0,1,0,0,0,0,2,1,-1,7,2,12,3,-1,-1,-1,-1,9,E01031356,0,1
2024541834724,2024,541834724,2,22,0,18,19,6,3,0,0,3,0,0,0,0,4,1,6,6,1,86,11,-1,-1,-1,-1,6,E01032076,0,2
2024421443573,2024,421443573,1,9,0,-1,19,3,7,-1,0,0,0,0,0,0,3,2,-1,6,3,-1,-1,-1,-1,-1,-1,-1,-1,0,-1
2024991484390,2024,991484390,1,1,0,-1,19,3,7,-1,0,6,0,0,0,0,1,1,-1,7,2,13,3,-1,-1,-1,-1,3,-1,0,1
2024522401661,2024,522401661,1,1,0,18,19,6,2,0,0,1,0,0,0,0,3,1,2,2,1,48,8,-1,-1,-1,-1,2,E01014683,0,1
2024541169424,2024,541169424,1,9,0,18,19,5,1,0,0,0,0,0,0,0,1,1,6,6,3,-1,-1,-1,-1,-1,-1,-1,-1,0,-1
2024520402321,2024,520402321,1,19,9,18,19,9,9,0,0,0,0,0,0,0,9,1,6,6,3,-1,-1,-1,-1,-1,-1,-1,-1,0,-1
2024361439168,2024,361439168,1,1,0,-1,19,7,7,-1,0,0,0,7,0,0,0,1,-1,1,1,25,5,-1,-1,-1,-1,8,E01026840,0,1
2024430627460,2024,430627460,1,1,0,18,19,8,4,4,4,0,0,0,0,0,1,1,6,6,1,42,7,-1,-1,-1,-1,4,E01028532,0,1
2024544591524,2024,544591524,1,9,0,1,1,4,8,0,0,5,0,0,0,0,2,1,6,6,2,-1,-1,-1,-1,-1,-1,-1,-1,0,-1
2024471490463,2024,471490463,2,22,0,-1,19,7,3,-1,0,6,0,0,0,0,1,1,-1,6,1,65,9,-1,-1,-1,-1,4,E01031836,0,1
2024411489633,2024,411489633,2,98,1,-1,13,7,3,-1,0,0,0,0,0,0,1,2,-1,1,1,26,6,-1,-1,-1,-1,-1,-1,0,-1
2024340WN3122,2024,340WN3122,2,1,0,-1,19,1,5,-1,0,8,0,0,0,0,1,1,-1,6,1,68,10,-1,-1,-1,-1,9,E01027167,0,2
2024461398568,2024,461398568,2,3,0,-1,7,1,5,-1,0,0,0,0,0,0,2,1,-1,6,1,45,7,-1,-1,-1,-1,2,E01024374,0,1
2024311429545,2024,311429545,2,1,0,-1,19,7,3,-1,0,0,0,0,0,0,1,1,-1,6,1,41,7,-1,-1,-1,-1,-1,-1,0,-1
2024211425517,2024,211425517,1,9,-1,-1,19,2,6,-1,-1,-1,-1,-1,-1,0,-1,9,-1,6,3,-1,-1,-1,-1,-1,-1,-1,-1,0,-1
2024031493758,2024,031493758,1,1,0,-1,-1,-1,-1,-1,-1,-1,-1,-1,-1,0,-1,1,-1,6,3,-1,-1,-1,-1,-1,-1,-1,-1,0,-1
2024052401843,2024,052401843,2,1,0,18,19,5,1,0,0,1,0,0,0,0,1,1,1,1,1,22,5,-1,-1,-1,-1,1,E01006691,0,1
2024201440819,2024,201440819,2,9,0,-1,3,2,6,-1,0,1,0,0,0,0,2,1,-1,2,2,27,6,-1,-1,-1,-1,4,E01008997,0,2
2024010533237,2024,010533237,1,1,9,99,99,9,9,99,99,9,9,99,9,99,9,1,2,2,1,41,7,-1,-1,-1,-1,6,E01003672,0,2
2024351403805,2024,351403805,2,1,-1,-1,3,-1,-1,-1,0,8,0,0,-1,0,1,1,-1,2,2,46,8,-1,-1,-1,-1,4,E01015614,0,1
2024622400462,2024,622400462,2,9,0,18,19,8,4,0,0,1,0,0,0,0,2,1,6,6,2,36,7,-1,-1,-1,-1,4,W01001424,0,1
2024421406449,2024,421406449,2,1,0,-1,-1,-1,-1,-1,-1,0,-1,-1,-1,0,-1,1,-1,9,2,57,9,-1,-1,-1,-1,8,E01029917,0,2
2024430419693,2024,430419693,2,1,0,13,13,2,6,0,0,0,0,0,0,0,4,1,6,6,2,25,5,-1,-1,-1,-1,-1,-1,0,-1
2024471452549,2024,471452549,1,9,0,-1,9,2,1,-1,0,5,0,0,0,0,4,9,-1,6,1,51,8,-1,-1,-1,-1,5,E01034299,0,2
2024547215524,2024,547215524,2,9,0,9,9,1,5,0,0,3,0,0,0,0,3,1,6,6,2,33,6,-1,-1,-1,-1,5,E01015555,0,1
2024451470184,2024,451470184,1,9,0,-1,19,1,5,-1,0,1,0,0,0,0,1,9,-1,2,2,47,8,-1,-1,-1,-1,10,E01022847,0,1
2024461515620,2024,461515620,2,9,0,-1,4,7,3,-1,0,0,0,0,0,0,2,2,-1,2,1,46,8,-1,-1,-1,-1,8,E01024024,0,2
2024991516682,2024,991516682,1,1,0,-1,9,4,2,-1,0,3,0,0,0,0,0,1,-1,6,1,62,9,-1,-1,-1,-1,9,-1,0,1
2024010501155,2024,010501155,2,9,0,99,99,9,9,99,99,9,9,99,9,99,1,9,6,6,3,-1,-1,-1,-1,-1,-1,-1,-1,0,-1
2024010491439,2024,010491439,1,1,9,99,99,9,9,99,99,9,9,99,9,99,9,1,2,2,2,43,7,-1,-1,-1,-1,5,E01004644,0,1
2024361469261,2024,361469261,1,9,0,-1,19,6,2,-1,0,2,0,0,0,0,3,1,-1,6,3,30,6,-1,-1,-1,-1,-1,-1,0,-1
2024451472199,2024,451472199,2,1,0,-1,19,8,4,-1,0,1,0,0,0,0,1,1,-1,9,1,68,10,-1,-1,-1,-1,10,E01030753,0,1
2024161418112,2024,161418112,2,1,0,-1,19,8,4,-1,0,8,0,0,0,0,3,1,-1,6,1,61,9,-1,-1,-1,-1,6,E01012979,0,1
2024411494930,2024,411494930,2,9,-1,-1,-1,-1,-1,-1,-1,1,-1,-1,-1,0,-1,9,-1,6,3,-1,-1,-1,-1,-1,-1,-1,-1,0,-1
2024010494902,2024,010494902,2,9,0,99,99,9,9,99,99,9,9,99,9,99,9,9,6,6,3,-1,-1,-1,-1,-1,-1,-1,-1,0,-1
2024430078625,2024,430078625,1,9,0,18,19,3,7,0,0,2,0,0,0,0,1,1,6,6,1,-1,-1,-1,-1,-1,-1,-1,-1,0,-1
2024471517066,2024,471517066,1,9,0,-1,19,3,7,-1,0,0,0,0,0,0,1,1,-1,9,1,44,7,-1,-1,-1,-1,6,E01031673,0,1
2024111409439,2024,111409439,1,98,0,-1,9,1,5,-1,0,8,0,0,0,0,3,1,-1,9,1,23,5,-1,-1,-1,-1,2,E01008755,0,2
2024131530172,2024,131530172,1,1,0,-1,19,7,3,-1,0,2,0,0,0,0,1,1,-1,2,1,25,5,-1,-1,-1,-1,1,E01011472,0,1
2024201423033,2024,201423033,1,9,0,-1,9,3,1,-1,0,8,0,0,0,0,1,1,-1,6,1,37,7,-1,-1,-1,-1,1,E01033894,0,1
2024061441180,2024,061441180,2,19,0,-1,9,-1,-1,-1,0,6,0,0,0,0,9,1,-1,6,3,-1,-1,-1,-1,-1,-1,-1,-1,0,-1
2024201479797,2024,201479797,2,9,0,-1,19,3,7,-1,0,8,0,0,0,0,1,9,-1,6,1,37,7,-1,-1,-1,-1,4,E01009035,0,1
2024430461305,2024,430461305,1,9,0,18,19,1,5,0,0,0,0,0,0,0,1,1,6,6,1,55,8,-1,-1,-1,-1,9,E01028536,0,1
2024010529983,2024,010529983,2,97,0,13,13,9,9,99,99,9,9,99,9,99,1,9,6,6,3,-1,-1,-1,-1,-1,-1,-1,-1,0,-1
2024052401527,2024,052401527,1,1,0,18,19,1,5,0,0,8,0,0,0,0,1,1,4,7,1,12,3,-1,-1,-1,-1,1,E01007120,0,1
2024010488120,2024,010488120,2,9,0,99,99,9,9,99,99,9,9,99,9,99,9,9,6,6,3,-1,-1,-1,-1,-1,-1,-1,-1,0,-1
2024010497084,2024,010497084,2,9,0,99,99,9,9,99,99,9,9,99,9,99,1,9,6,6,3,28,6,-1,-1,-1,-1,5,E01000454,0,2
2024440275755,2024,440275755,2,9,0,18,19,1,5,0,0,1,0,0,0,0,1,1,6,6,1,76,11,-1,-1,-1,-1,8,E01022522,0,1
2024991528277,2024,991528277,1,9,0,-1,14,5,1,-1,0,0,1,4,0,0,1,1,-1,6,1,23,5,-1,-1,-1,-1,-1,-1,0,-1
2024430326116,2024,430326116,2,1,0,18,19,4,8,0,0,8,0,0,0,0,2,1,6,6,2,45,7,-1,-1,-1,-1,-1,-1,0,-1
2024461394505,2024,461394505,3,9,0,-1,19,8,8,-1,0,1,0,0,0,0,4,1,-1,9,1,54,8,-1,-1,-1,-1,1,E01024616,0,1
2024052400860,2024,052400860,1,9,0,1,1,7,3,0,0,0,0,0,0,0,2,1,6,6,1,23,5,-1,-1,-1,-1,6,E01003663,0,5
2024010510562,2024,010510562,2,9,0,99,99,9,9,99,99,9,9,99,9,99,1,9,6,6,3,-1,-1,-1,-1,-1,-1,-1,-1,0,-1
2024010488897,2024,010488897,2,19,0,99,99,9,9,99,99,9,9,99,9,99,9,9,6,6,3,-1,-1,-1,-1,-1,-1,-1,-1,0,-1
2024430202238,2024,430202238,2,9,0,18,19,7,3,0,0,1,0,0,0,0,1,1,6,6,1,-1,-1,-1,-1,-1,-1,-1,-1,0,-1
2024010501807,2024,010501807,1,1,9,99,99,9,9,99,99,9,9,99,9,99,9,1,6,6,2,41,7,-1,-1,-1,-1,3,E01003980,0,1
2024471516125,2024,471516125,1,1,0,-1,19,5,1,-1,9,0,0,0,0,0,3,1,-1,6,1,11,3,-1,-1,-1,-1,2,E01021183,0,1
2024010542958,2024,010542958,1,1,9,99,99,9,9,99,99,9,9,99,9,99,2,1,3,7,1,57,9,-1,-1,-1,-1,9,E01003812,0,1
2024041509257,2024,041509257,3,9,0,-1,2,1,5,-1,9,0,0,0,0,0,1,1,-1,6,3,-1,-1,-1,-1,-1,-1,-1,-1,0,-1
2024070312701,2024,070312701,2,1,0,18,19,4,8,9,9,8,0,0,0,0,4,1,6,6,1,54,8,-1,-1,-1,-1,2,E01018364,0,1
2024061489759,2024,061489759,2,9,0,-1,-1,-1,-1,-1,-1,-1,-1,-1,-1,0,-1,9,-1,6,3,-1,-1,-1,-1,-1,-1,-1,-1,0,-1
2024201426180,2024,201426180,1,9,0,-1,5,8,4,-1,0,0,0,0,0,0,3,9,-1,6,2,35,6,-1,-1,-1,-1,-1,-1,0,-1
2024201487775,2024,201487775,1,9,0,-1,14,1,5,-1,0,0,0,0,0,0,1,1,-1,2,1,21,5,-1,-1,-1,-1,7,E01009958,0,2
2024010547251,2024,010547251,2,9,9,99,99,9,9,99,99,9,9,99,9,99,9,9,6,6,3,-1,-1,-1,-1,-1,-1,-1,-1,0,-1