collision_index,collision_year,collision_ref_no,vehicle_reference,vehicle_type,towing_and_articulation,vehicle_manoeuvre_historic,vehicle_manoeuvre,vehicle_direction_from,vehicle_direction_to,vehicle_location_restricted_lane_historic,vehicle_location_restricted_lane,junction_location,skidding_and_overturning,hit_object_in_carriageway,vehicle_leaving_carriageway,hit_object_off_carriageway,first_point_of_impact,vehicle_left_hand_drive,journey_purpose_of_driver_historic,journey_purpose_of_driver,sex_of_driver,age_of_driver,age_band_of_driver,engine_capacity_cc,propulsion_code,age_of_vehicle,generic_make_model,driver_imd_decile,lsoa_of_driver,escooter_flag,driver_distance_banding
2024421447883,2024,421447883,1,-1,0,-1,-1,-1,-1,-1,0,0,0,0,0,0,0,1,-1,6,2,27,6,-1,-1,-1,-1,-1,-1,1,-1
2024161440231,2024,161440231,1,8,0,-1,19,7,3,-1,0,0,0,0,0,0,1,9,-1,1,3,-1,-1,-1,-1,-1,-1,-1,-1,0,-1
2024010533158,2024,010533158,1,1,0,18,19,1,5,0,0,1,0,0,1,0,1,1,6,6,2,18,4,-1,-1,-1,-1,-1,-1,0,-1
2024461470674,2024,461470674,2,22,0,-1,9,7,5,-1,5,8,0,0,0,0,1,1,-1,6,2,48,8,-1,-1,-1,-1,6,E01023977,0,1
2024520401596,2024,520401596,1,22,0,18,19,8,4,9,9,0,0,0,0,0,1,1,6,6,3,-1,-1,-1,-1,-1,-1,-1,-1,0,-1
2024010529145,2024,010529145,1,9,9,99,99,9,9,99,99,9,9,99,9,99,9,1,6,6,2,57,9,-1,-1,-1,-1,8,E01004762,0,1
2024461502281,2024,461502281,1,98,1,-1,12,1,5,-1,0,0,0,0,0,0,4,2,-1,1,1,58,9,-1,-1,-1,-1,8,E01024542,0,1
2024141433743,2024,141433743,1,1,0,-1,19,7,3,-1,0,0,0,0,0,0,0,1,-1,2,1,18,4,-1,-1,-1,-1,5,E01007366,0,1
2024351440122,2024,351440122,2,1,0,-1,19,-1,-1,-1,0,0,5,0,0,0,3,1,-1,9,1,47,8,-1,-1,-1,-1,3,E01018092,0,1
2024131518821,2024,131518821,1,9,0,-1,-1,-1,-1,-1,-1,-1,-1,-1,-1,-1,-1,1,-1,6,3,-1,-1,-1,-1,-1,-1,-1,-1,0,-1
2024401402005,2024,401402005,1,9,0,-1,19,5,1,-1,0,3,0,0,0,0,1,1,-1,6,1,23,5,-1,-1,-1,-1,8,E01015695,0,1
2024610032224,2024,610032224,1,90,0,7,7,5,7,0,0,1,0,0,0,0,1,1,6,6,3,-1,-1,-1,-1,-1,-1,-1,-1,0,-1
2024131433136,2024,131433136,2,1,0,-1,19,3,7,-1,0,8,0,0,0,0,0,1,-1,9,2,68,10,-1,-1,-1,-1,9,E01010589,0,1
2024340WN0982,2024,340WN0982,1,98,0,-1,11,8,4,-1,0,1,0,0,0,0,4,1,-1,6,3,-1,-1,-1,-1,-1,-1,-1,-1,0,-1
2024311398589,2024,311398589,1,9,0,-1,19,1,5,-1,0,2,0,0,0,0,1,1,-1,1,1,38,7,-1,-1,-1,-1,4,E01028228,0,1
2024122400479,2024,122400479,2,1,0,18,19,1,5,0,0,8,0,0,0,0,1,1,6,6,2,71,10,-1,-1,-1,-1,10,E01013358,0,1
2024361535507,2024,361535507,3,90,0,-1,8,1,4,-1,0,1,0,0,0,0,3,1,-1,1,1,36,7,-1,-1,-1,-1,4,E01026429,0,3
2024010487933,2024,010487933,2,9,0,99,99,9,9,99,99,9,9,99,9,99,9,9,6,6,3,-1,-1,-1,-1,-1,-1,-1,-1,0,-1
2024302401322,2024,302401322,1,5,0,17,19,5,1,0,0,8,0,0,0,0,1,1,2,2,1,33,6,-1,-1,-1,-1,9,E01019850,0,1
2024361522497,2024,361522497,2,1,0,-1,19,-1,-1,-1,0,0,0,0,1,0,1,1,-1,9,1,66,10,-1,-1,-1,-1,5,E01026879,0,1
2024471506398,2024,471506398,2,98,0,-1,19,3,7,-1,0,0,0,0,0,0,0,1,-1,6,1,-1,-1,-1,-1,-1,-1,-1,-1,0,-1
2024361422170,2024,361422170,1,9,-1,-1,-1,-1,-1,-1,-1,-1,-1,-1,-1,0,-1,9,-1,6,3,-1,-1,-1,-1,-1,-1,-1,-1,0,-1
2024131492389,2024,131492389,1,11,0,-1,-1,-1,-1,-1,-1,-1,-1,-1,-1,-1,-1,1,-1,6,3,-1,-1,-1,-1,-1,-1,-1,-1,0,-1
2024201421143,2024,201421143,2,1,0,-1,19,6,2,-1,0,8,5,0,0,0,3,1,-1,6,1,43,7,-1,-1,-1,-1,5,E01009451,0,1
2024548626824,2024,548626824,1,9,0,18,19,3,7,0,0,0,0,0,0,0,1,1,6,6,3,-1,-1,-1,-1,-1,-1,-1,-1,0,-1
2024451415939,2024,451415939,1,9,0,-1,3,7,3,-1,0,6,0,0,0,0,1,1,-1,9,1,50,8,-1,-1,-1,-1,8,E01030867,0,2
2024010490973,2024,010490973,2,9,0,3,3,5,1,0,0,4,0,0,0,0,1,1,6,6,1,36,7,-1,-1,-1,-1,3,E01001805,0,2
2024010487737,2024,010487737,2,9,0,99,99,9,9,99,99,9,9,99,9,99,9,9,6,6,3,-1,-1,-1,-1,-1,-1,-1,-1,0,-1
2024451432844,2024,451432844,2,9,0,-1,1,5,1,-1,0,0,0,0,0,0,2,9,-1,6,3,45,7,-1,-1,-1,-1,-1,-1,0,-1
2024010528505,2024,010528505,1,9,0,99,99,9,9,99,99,9,9,99,9,99,9,9,6,6,3,70,10,-1,-1,-1,-1,6,E01004728,0,1
2024531483551,2024,531483551,2,9,0,-1,19,5,1,-1,0,0,0,0,0,0,4,1,-1,2,1,19,4,-1,-1,-1,-1,8,E01022191,0,1
2024010487383,2024,010487383,2,9,0,4,4,7,3,0,0,1,0,0,0,0,1,1,6,6,2,57,9,-1,-1,-1,-1,10,E01000463,0,2
2024131452652,2024,131452652,1,9,0,-1,5,-1,-1,-1,0,0,-1,-1,-1,-1,-1,1,-1,6,3,-1,-1,-1,-1,-1,-1,-1,-1,0,-1
2024440379534,2024,440379534,2,1,0,18,19,4,8,0,0,8,0,0,0,0,4,1,2,2,1,58,9,-1,-1,-1,-1,10,E01022790,0,1
2024070828875,2024,070828875,1,1,0,-1,14,3,7,-1,0,1,0,0,0,0,1,1,-1,6,1,17,4,-1,-1,-1,-1,1,E01018351,0,1
2024101487058,2024,101487058,1,9,-1,-1,-1,7,4,-1,-1,0,-1,-1,-1,0,-1,9,-1,6,3,-1,-1,-1,-1,-1,-1,-1,-1,0,-1
2024010551003,2024,010551003,1,3,0,18,19,1,5,0,0,0,0,0,0,0,1,1,6,6,1,28,6,-1,-1,-1,-1,6,E01004517,0,3
2024010535514,2024,010535514,1,19,0,99,99,9,9,99,99,9,9,99,9,99,1,1,6,6,1,49,8,-1,-1,-1,-1,3,E01001006,0,2
2024010531203,2024,010531203,1,1,9,99,99,9,9,99,99,9,9,99,9,99,2,1,6,6,2,30,6,-1,-1,-1,-1,7,E01003285,0,3
2024101440737,2024,101440737,1,9,-1,-1,19,1,5,-1,0,8,0,0,0,0,0,9,-1,6,3,-1,-1,-1,-1,-1,-1,-1,-1,0,-1
2024471504722,2024,471504722,1,9,0,-1,19,-1,-1,-1,0,1,0,0,0,0,1,9,-1,6,3,-1,-1,-1,-1,-1,-1,-1,-1,0,-1
2024201458679,2024,201458679,1,1,0,-1,5,2,6,-1,0,0,0,0,0,0,4,1,-1,6,2,58,9,-1,-1,-1,-1,6,E01009189,0,1
2024552401367,2024,552401367,1,9,0,1,1,8,4,0,0,1,0,0,0,0,2,1,6,6,3,-1,-1,-1,-1,-1,-1,-1,-1,0,-1
2024471461634,2024,471461634,1,1,0,-1,7,1,5,-1,0,0,0,0,0,0,3,1,-1,6,1,29,6,-1,-1,-1,-1,9,E01030412,0,4
2024101458194,2024,101458194,1,9,0,-1,19,7,3,-1,0,0,5,0,0,0,1,2,-1,6,1,69,10,-1,-1,-1,-1,2,E01008826,0,1
2024161503290,2024,161503290,1,9,0,-1,3,6,2,-1,0,0,0,0,0,0,2,9,-1,6,2,56,9,-1,-1,-1,-1,7,E01013214,0,2
2024201449002,2024,201449002,1,19,0,-1,19,8,4,-1,0,0,0,0,0,0,1,9,-1,6,3,-1,-1,-1,-1,-1,-1,-1,-1,0,-1
2024461484454,2024,461484454,1,19,0,-1,1,3,7,-1,0,0,0,0,0,0,2,9,-1,6,1,-1,-1,-1,-1,-1,-1,-1,-1,0,-1
2024411425790,2024,411425790,1,9,0,-1,19,7,3,-1,0,3,1,0,0,0,4,1,-1,6,1,29,6,-1,-1,-1,-1,8,E01023315,0,1
2024010518754,2024,010518754,2,1,0,18,19,3,7,0,0,1,0,0,0,0,1,1,6,6,2,24,5,-1,-1,-1,-1,6,E01034579,0,1
2024131435969,2024,131435969,1,9,0,-1,-1,-1,-1,-1,-1,0,-1,-1,-1,-1,-1,1,-1,6,3,-1,-1,-1,-1,-1,-1,-1,-1,0,-1
2024461477205,2024,461477205,1,9,0,-1,13,1,5,-1,0,8,0,0,0,0,3,1,-1,6,1,46,8,-1,-1,-1,-1,6,E01035008,0,3
2024361496930,2024,361496930,2,3,0,-1,5,1,6,-1,0,4,0,0,0,0,2,1,-1,2,1,19,4,-1,-1,-1,-1,9,E01026563,0,2
2024302400947,2024,302400947,2,9,0,16,19,7,1,0,0,0,0,0,0,0,1,1,6,6,1,18,4,-1,-1,-1,-1,6,E01019477,0,1
2024041463478,2024,041463478,1,1,0,-1,19,2,8,-1,5,0,0,0,0,0,1,1,-1,6,1,-1,-1,-1,-1,-1,-1,-1,-1,0,-1
2024546322424,2024,546322424,1,1,0,9,9,5,1,0,0,1,0,0,0,0,1,1,6,6,1,18,4,-1,-1,-1,-1,4,E01032714,0,1
2024461466204,2024,461466204,1,19,0,-1,11,7,3,-1,0,0,0,0,0,0,4,9,-1,6,1,-1,-1,-1,-1,-1,-1,-1,-1,0,-1
2024010532589,2024,010532589,1,97,0,99,99,9,9,99,99,9,9,99,9,99,1,1,6,6,3,-1,-1,-1,-1,-1,-1,-1,-1,0,-1
2024211530985,2024,211530985,2,1,0,-1,19,4,8,-1,0,0,0,0,0,0,1,1,-1,9,1,59,9,-1,-1,-1,-1,-1,-1,0,-1
2024522401677,2024,522401677,2,9,0,1,1,1,5,0,0,8,0,0,0,0,2,1,6,6,3,-1,-1,-1,-1,-1,-1,-1,-1,0,-1
2024010498571,2024,010498571,2,1,0,18,19,1,5,0,0,0,0,0,0,0,3,1,1,1,1,26,6,-1,-1,-1,-1,-1,-1,0,-1
202460Q102728,2024,60Q102728,3,9,0,18,19,5,1,0,0,0,0,0,0,0,3,1,6,6,1,55,8,-1,-1,-1,-1,-1,-1,0,-1
2024052402792,2024,052402792,1,9,0,15,15,4,8,0,0,8,0,0,0,0,1,1,6,6,3,-1,-1,-1,-1,-1,-1,-1,-1,0,-1
2024101479227,2024,101479227,1,9,0,-1,19,3,7,-1,0,0,0,0,0,0,1,2,-1,1,1,62,9,-1,-1,-1,-1,6,E01027536,0,1
2024052401434,2024,052401434,1,1,0,18,19,6,2,0,0,8,0,0,0,0,0,1,6,6,1,31,6,-1,-1,-1,-1,2,E01006785,0,1
2024311518424,2024,311518424,1,-1,0,-1,19,8,6,-1,9,0,0,10,1,0,1,1,-1,6,1,16,4,-1,-1,-1,-1,-1,-1,1,-1
2024010532530,2024,010532530,1,1,9,99,99,9,9,99,99,9,9,99,9,99,9,1,2,2,2,23,5,-1,-1,-1,-1,9,E01003799,0,1
2024991398675,2024,991398675,2,90,0,-1,19,4,8,-1,0,1,0,0,0,0,1,1,-1,2,1,31,6,-1,-1,-1,-1,3,-1,0,2
2024461490014,2024,461490014,1,19,0,-1,2,0,0,-1,0,0,0,0,0,0,4,9,-1,1,2,30,6,-1,-1,-1,-1,-1,-1,0,-1
2024041480541,2024,041480541,2,1,0,-1,19,1,5,-1,0,0,0,0,0,0,1,1,-1,6,2,48,8,-1,-1,-1,-1,2,E01025210,0,1
2024131451670,2024,131451670,1,90,0,-1,-1,-1,-1,-1,-1,-1,-1,-1,-1,-1,-1,1,-1,6,3,-1,-1,-1,-1,-1,-1,-1,-1,0,-1
2024010553044,2024,010553044,2,9,0,99,99,9,9,99,99,9,9,99,9,99,1,9,6,6,3,-1,-1,-1,-1,-1,-1,-1,-1,0,-1
2024041481122,2024,041481122,2,98,0,-1,19,5,1,-1,0,0,0,0,0,0,2,2,-1,1,1,36,7,-1,-1,-1,-1,-1,-1,0,-1
2024340WN6472,2024,340WN6472,2,9,0,-1,19,4,8,-1,0,8,0,0,0,0,1,1,-1,9,1,76,11,-1,-1,-1,-1,3,E01027191,0,1
2024311437868,2024,311437868,1,9,0,-1,19,1,5,-1,0,0,1,0,0,0,0,1,-1,6,1,20,4,-1,-1,-1,-1,-1,-1,0,-1
2024351449983,2024,351449983,1,1,0,-1,7,1,3,-1,0,6,0,0,0,0,1,1,-1,6,1,33,6,-1,-1,-1,-1,-1,-1,0,-1
2024471444381,2024,471444381,1,9,0,-1,19,8,4,-1,0,1,0,0,1,11,1,1,-1,9,1,30,6,-1,-1,-1,-1,-1,-1,0,-1
2024451505507,2024,451505507,1,-1,0,-1,19,1,5,-1,0,0,0,0,0,0,1,1,-1,6,1,39,7,-1,-1,-1,-1,2,E01003093,1,4
2024041441480,2024,041441480,2,1,0,-1,19,-1,-1,-1,0,0,0,0,0,0,-1,1,-1,9,1,54,8,-1,-1,-1,-1,9,E01004788,0,3
2024131467352,2024,131467352,2,1,0,-1,19,8,4,-1,0,8,1,0,0,0,1,1,-1,6,1,33,6,-1,-1,-1,-1,1,E01011431,0,1
2024070966586,2024,070966586,2,1,0,-1,19,4,8,-1,0,8,0,0,0,0,1,1,-1,6,1,12,3,-1,-1,-1,-1,3,E01018731,0,1
2024061416838,2024,061416838,1,9,0,-1,8,2,4,-1,0,1,0,0,0,0,1,1,-1,6,3,-1,-1,-1,-1,-1,-1,-1,-1,0,-1
2024501472137,2024,501472137,2,9,0,-1,5,3,5,-1,0,1,0,0,0,0,4,9,-1,6,3,-1,-1,-1,-1,-1,-1,-1,-1,0,-1
2024010491955,2024,010491955,1,9,0,99,99,9,9,99,99,9,9,99,9,99,2,9,6,6,2,18,4,-1,-1,-1,-1,1,E01002026,0,1
2024061517191,2024,061517191,1,9,0,-1,19,7,3,-1,0,1,0,0,0,0,1,9,-1,6,1,30,6,-1,-1,-1,-1,1,E01034120,0,1
2024161502172,2024,161502172,1,9,0,-1,19,7,3,-1,0,0,0,0,0,0,1,1,-1,1,1,55,8,-1,-1,-1,-1,8,E01013028,0,3
2024131508922,2024,131508922,2,-1,0,-1,19,3,7,-1,9,8,0,0,0,0,3,1,-1,9,2,44,7,-1,-1,-1,-1,1,E01011472,1,1
2024311524660,2024,311524660,2,9,0,-1,19,1,5,-1,0,0,0,0,0,0,1,9,-1,6,3,-1,-1,-1,-1,-1,-1,-1,-1,0,-1
2024010503453,2024,010503453,2,9,0,99,99,9,9,99,99,6,9,99,9,99,1,9,6,6,1,-1,-1,-1,-1,-1,-1,5,E01015000,0,5
2024010519117,2024,010519117,2,1,0,18,19,1,5,0,0,1,0,0,0,0,1,1,6,6,1,18,4,-1,-1,-1,-1,3,E01033591,0,1
2024010540353,2024,010540353,1,1,9,99,99,9,9,99,99,1,9,99,9,99,1,1,6,6,1,29,6,-1,-1,-1,-1,4,E01028532,0,4
2024010553771,2024,010553771,2,9,0,99,99,9,9,99,99,5,9,99,9,99,9,9,6,6,3,-1,-1,-1,-1,-1,-1,-1,-1,0,-1
2024201456095,2024,201456095,2,9,0,-1,9,2,6,-1,0,1,0,0,0,0,1,9,-1,6,3,-1,-1,-1,-1,-1,-1,-1,-1,0,-1
2024520402202,2024,520402202,2,98,0,18,19,8,4,0,0,8,0,0,0,0,1,1,6,6,3,-1,-1,-1,-1,-1,-1,-1,-1,0,-1
2024010491268,2024,010491268,2,9,0,99,99,9,9,99,99,9,9,99,9,99,9,9,6,6,3,-1,-1,-1,-1,-1,-1,-1,-1,0,-1
2024101507406,2024,101507406,2,1,0,-1,19,3,7,-1,0,1,0,0,0,0,1,1,-1,2,1,44,7,-1,-1,-1,-1,1,E01008457,0,1
2024221522983,2024,221522983,1,9,0,-1,9,8,6,-1,0,5,0,0,0,0,1,9,-1,6,1,62,9,-1,-1,-1,-1,-1,-1,0,-1
2024010495096,2024,010495096,2,9,9,99,99,9,9,99,99,9,9,99,9,99,9,9,6,6,1,41,7,-1,-1,-1,-1,2,E01033737,0,1
2024302401362,2024,302401362,2,9,0,4,4,5,1,0,0,0,0,0,0,0,2,1,6,6,2,55,8,-1,-1,-1,-1,4,E01027950,0,2
2024411474200,2024,411474200,2,1,0,-1,9,3,5,-1,0,1,0,0,0,0,2,1,-1,1,1,36,7,-1,-1,-1,-1,3,E01002493,0,4
2024552401220,2024,552401220,2,1,0,18,19,2,6,4,4,8,0,0,0,0,1,1,6,6,1,56,9,-1,-1,-1,-1,5,E01015441,0,1
2024052402584,2024,052402584,2,1,0,18,19,3,7,0,0,1,0,0,0,0,2,1,6,6,1,11,3,-1,-1,-1,-1,1,E01007239,0,1
2024430572845,2024,430572845,1,9,0,18,19,8,4,0,0,0,0,0,0,0,1,1,6,6,1,28,6,-1,-1,-1,-1,5,E01002010,0,5
2024201510042,2024,201510042,1,9,0,-1,19,2,6,-1,0,0,0,10,1,0,4,1,-1,6,1,44,7,-1,-1,-1,-1,-1,-1,0,-1
2024010521096,2024,010521096,2,9,0,99,99,9,9,99,99,9,9,99,9,99,1,9,6,6,3,-1,-1,-1,-1,-1,-1,-1,-1,0,-1
2024430428596,2024,430428596,1,-1,0,18,19,6,2,0,0,2,0,0,0,0,3,1,6,6,1,18,4,-1,-1,-1,-1,3,E01028525,1,1
2024031529403,2024,031529403,1,90,0,-1,19,3,7,-1,0,0,1,0,0,0,1,1,-1,6,1,20,4,-1,-1,-1,-1,-1,-1,0,-1
2024440261774,2024,440261774,1,9,0,18,19,7,3,0,0,0,2,0,7,0,1,1,1,1,1,32,6,-1,-1,-1,-1,1,E01017332,0,1
2024421417037,2024,421417037,1,98,4,-1,19,3,7,-1,0,0,0,0,0,0,4,2,-1,1,1,56,9,-1,-1,-1,-1,-1,-1,0,-1
2024010528647,2024,010528647,2,1,0,18,19,1,5,0,0,1,0,0,0,0,1,1,1,1,1,25,5,-1,-1,-1,-1,6,E01004551,0,1
2024361516228,2024,361516228,2,1,0,-1,19,1,5,-1,0,1,0,0,0,0,1,1,-1,6,1,13,3,-1,-1,-1,-1,9,E01026558,0,1
2024010529378,2024,010529378,2,9,9,99,99,9,9,9,9,6,9,99,9,99,9,9,6,6,3,-1,-1,-1,-1,-1,-1,-1,-1,0,-1
2024010488538,2024,010488538,1,1,9,99,99,9,9,99,99,9,9,99,9,99,0,1,3,7,2,31,6,-1,-1,-1,-1,3,E01032574,0,1
2024430242310,2024,430242310,1,9,0,18,19,5,1,0,0,7,0,0,0,0,1,1,6,6,1,67,10,-1,-1,-1,-1,10,E01028624,0,1
2024351500959,2024,351500959,2,1,0,-1,19,5,1,-1,0,8,0,0,0,0,4,1,-1,2,1,23,5,-1,-1,-1,-1,9,E01018037,0,1
2024010524379,2024,010524379,2,1,9,18,19,1,5,99,99,9,9,99,9,99,1,1,6,6,3,-1,-1,-1,-1,-1,-1,-1,-1,0,-1
2024010517651,2024,010517651,1,1,9,99,99,9,9,99,99,0,9,99,9,99,1,1,2,2,1,51,8,-1,-1,-1,-1,8,E01004072,0,1
2024501423717,2024,501423717,2,9,0,-1,19,1,7,-1,0,0,0,0,0,0,1,1,-1,7,1,40,7,-1,-1,-1,-1,4,E01020302,0,1
2024131513186,2024,131513186,1,1,0,-1,-1,-1,-1,-1,-1,0,-1,-1,-1,-1,-1,1,-1,6,3,-1,-1,-1,-1,-1,-1,-1,-1,0,-1
2024010490030,2024,010490030,1,9,0,18,19,3,7,0,0,0,0,0,0,0,1,1,2,2,1,29,6,-1,-1,-1,-1,5,E01000067,0,1
2024340NN2072,2024,340NN2072,1,9,0,-1,19,7,3,-1,0,1,0,0,0,0,1,1,-1,6,2,45,7,-1,-1,-1,-1,-1,-1,0,-1
2024522401356,2024,522401356,1,1,0,18,19,8,4,0,0,1,0,0,0,0,9,1,6,6,2,40,7,-1,-1,-1,-1,7,E01014909,0,1
2024010505192,2024,010505192,1,1,9,18,19,9,9,99,99,9,9,99,9,99,1,1,6,6,1,19,4,-1,-1,-1,-1,5,E01003247,0,1
2024471405448,2024,471405448,2,1,0,-1,19,1,5,-1,0,1,0,0,0,0,1,1,-1,2,2,57,9,-1,-1,-1,-1,4,E01016882,0,1
2024101408322,2024,101408322,1,9,0,-1,19,1,5,-1,0,0,0,0,0,0,1,9,-1,6,1,30,6,-1,-1,-1,-1,-1,-1,0,-1
2024401422740,2024,401422740,1,19,0,-1,4,1,4,-1,0,1,0,0,0,0,1,9,-1,6,1,-1,-1,-1,-1,-1,-1,-1,-1,0,-1
2024461407861,2024,461407861,2,9,0,-1,9,1,5,-1,0,5,0,0,0,0,2,1,-1,6,2,39,7,-1,-1,-1,-1,1,E01024397,0,3
2024531411107,2024,531411107,1,9,0,-1,19,3,7,-1,0,0,0,0,0,0,4,1,-1,6,1,23,5,-1,-1,-1,-1,8,E01022255,0,2
2024201432683,2024,201432683,2,9,0,-1,19,7,3,-1,0,0,0,0,0,0,4,1,-1,6,1,20,4,-1,-1,-1,-1,4,E01009241,0,4
2024131534946,2024,131534946,2,9,0,-1,5,1,1,-1,0,2,0,0,0,0,0,1,-1,9,2,22,5,-1,-1,-1,-1,7,E01010593,0,1
2024440093426,2024,440093426,2,19,0,18,19,7,3,0,0,8,0,0,0,0,1,1,6,6,3,-1,-1,-1,-1,-1,-1,-1,-1,0,-1
2024430019942,2024,430019942,3,9,0,18,19,3,7,0,0,0,1,0,0,0,3,1,6,6,1,38,7,-1,-1,-1,-1,4,E01001241,0,3
2024461531046,2024,461531046,2,1,0,-1,19,1,5,-1,0,0,0,0,0,0,3,1,-1,9,1,17,4,-1,-1,-1,-1,6,E01024367,0,1
2024141406107,2024,141406107,2,9,0,-1,19,7,3,-1,0,0,0,0,0,0,4,9,-1,6,3,-1,-1,-1,-1,-1,-1,-1,-1,0,-1
2024421508921,2024,421508921,2,1,0,-1,19,5,2,-1,0,8,0,0,0,0,1,1,-1,6,1,80,11,-1,-1,-1,-1,4,E01021704,0,1
2024010511820,2024,010511820,1,1,9,99,99,9,9,99,99,9,9,99,9,99,1,1,6,6,1,59,9,-1,-1,-1,-1,5,E01002869,0,3
2024010541761,2024,010541761,1,1,9,99,99,9,9,99,99,0,9,99,9,99,0,1,2,2,2,55,8,-1,-1,-1,-1,9,E01004098,0,1
2024451395388,2024,451395388,1,1,0,-1,19,8,4,-1,0,0,0,0,0,0,3,1,-1,9,1,46,8,-1,-1,-1,-1,9,E01031001,0,1
2024421423704,2024,421423704,1,9,0,-1,10,5,3,-1,0,8,0,0,0,0,1,1,-1,1,1,21,5,-1,-1,-1,-1,4,E01001511,0,4
2024061474650,2024,061474650,1,9,0,-1,15,8,4,-1,0,0,0,0,0,0,4,9,-1,6,1,-1,-1,-1,-1,-1,-1,-1,-1,0,-1
2024131464522,2024,131464522,2,1,0,-1,19,8,4,-1,0,8,0,0,0,0,0,1,-1,9,1,27,6,-1,-1,-1,-1,1,E01032494,0,1
2024010492203,2024,010492203,2,11,0,18,19,6,2,1,1,4,0,0,0,0,1,1,1,1,1,55,8,-1,-1,-1,-1,2,E01024315,0,3
2024340NN2052,2024,340NN2052,2,9,0,-1,5,4,1,-1,0,6,0,0,0,0,3,1,-1,6,1,26,6,-1,-1,-1,-1,9,E01027042,0,1
2024010504441,2024,010504441,2,1,0,18,19,3,7,0,0,1,0,0,0,0,1,1,6,6,2,24,5,-1,-1,-1,-1,5,E01001859,0,1
2024440218142,2024,440218142,2,9,0,18,19,3,7,0,0,0,0,0,0,0,4,1,6,6,3,-1,-1,-1,-1,-1,-1,-1,-1,0,-1
202454B756424,2024,54B756424,1,19,0,5,5,8,4,0,0,1,0,0,0,0,1,1,6,6,1,40,7,-1,-1,-1,-1,8,E01022182,0,5
2024161510882,2024,161510882,1,1,0,-1,19,4,8,-1,0,1,0,0,0,0,1,1,-1,6,1,8,2,-1,-1,-1,-1,9,E01035479,0,1
2024041398052,2024,041398052,1,9,0,-1,19,-1,-1,-1,0,1,0,0,0,0,3,1,-1,6,3,-1,-1,-1,-1,-1,-1,-1,-1,0,-1
2024010527061,2024,010527061,2,20,0,99,99,9,9,99,99,9,9,99,9,99,9,9,6,6,3,-1,-1,-1,-1,-1,-1,-1,-1,0,-1
2024052402548,2024,052402548,1,19,0,13,13,6,2,0,0,1,0,0,0,0,4,1,6,6,3,-1,-1,-1,-1,-1,-1,-1,-1,0,-1
2024421519213,2024,421519213,1,97,0,-1,19,7,3,-1,0,1,1,0,0,0,1,1,-1,6,3,-1,-1,-1,-1,-1,-1,-1,-1,0,-1
2024221512024,2024,221512024,1,9,0,-1,19,8,4,-1,0,0,0,10,1,11,1,1,-1,9,1,40,7,-1,-1,-1,-1,5,E01014066,0,1
2024430465376,2024,430465376,2,1,0,18,19,8,4,4,4,1,0,0,0,0,1,1,2,2,2,43,7,-1,-1,-1,-1,2,E01028518,0,1
2024041468707,2024,041468707,1,9,0,-1,-1,-1,-1,-1,0,0,0,0,0,0,-1,9,-1,6,3,-1,-1,-1,-1,-1,-1,-1,-1,0,-1
2024552401382,2024,552401382,1,9,0,18,19,6,2,0,0,0,0,0,0,0,4,1,2,2,2,44,7,-1,-1,-1,-1,4,E01015443,0,1
2024520001112,2024,520001112,2,9,0,18,19,7,3,0,0,0,0,0,0,0,1,1,6,6,3,-1,-1,-1,-1,-1,-1,-1,-1,0,-1
2024070172516,2024,070172516,2,21,4,4,4,4,8,0,0,0,3,0,0,0,2,1,1,1,1,51,8,-1,-1,-1,-1,-1,-1,0,-1
2024010498651,2024,010498651,2,1,0,16,19,1,5,0,0,1,0,0,0,0,1,1,1,1,1,41,7,-1,-1,-1,-1,2,E01035685,0,1
202417L103624,2024,17L103624,1,9,0,-1,19,7,3,-1,0,0,0,0,0,0,1,1,-1,9,2,29,6,-1,-1,-1,-1,8,E01033480,0,4
2024991433677,2024,991433677,1,97,0,-1,19,8,6,-1,0,8,1,0,0,0,1,1,-1,9,3,-1,-1,-1,-1,-1,-1,-1,-1,0,-1
2024531410889,2024,531410889,1,9,0,-1,19,7,3,-1,0,0,5,0,2,11,4,1,-1,6,1,28,6,-1,-1,-1,-1,8,E01022191,0,1
2024401497648,2024,401497648,2,-1,0,-1,19,8,4,-1,0,1,5,0,0,0,1,1,-1,6,1,34,6,-1,-1,-1,-1,-1,-1,1,-1
2024061437193,2024,061437193,2,9,0,-1,1,-1,-1,-1,0,6,0,0,0,0,2,1,-1,6,3,-1,-1,-1,-1,-1,-1,-1,-1,0,-1
2024010537596,2024,010537596,2,1,0,18,19,1,5,0,0,0,0,0,0,0,1,1,1,1,1,29,6,-1,-1,-1,-1,3,E01004402,0,2
2024131506133,2024,131506133,2,22,0,-1,19,1,1,-1,0,8,0,0,0,0,2,1,-1,6,1,63,9,-1,-1,-1,-1,4,E01011891,0,1
2024471491452,2024,471491452,2,1,0,-1,19,7,3,-1,0,1,0,0,0,0,1,1,-1,6,1,55,8,-1,-1,-1,-1,8,E01020963,0,1
2024161446402,2024,161446402,2,1,0,-1,19,3,7,-1,0,3,0,0,0,0,1,1,-1,6,1,15,3,-1,-1,-1,-1,1,E01013312,0,1
2024471462408,2024,471462408,1,1,0,-1,19,8,4,-1,0,1,0,0,0,0,4,1,-1,9,1,21,5,-1,-1,-1,-1,4,E01031344,0,3
2024451478959,2024,451478959,1,9,0,-1,4,4,8,-1,0,0,0,0,0,0,2,1,-1,9,1,47,8,-1,-1,-1,-1,10,E01016200,0,3
202454E933624,2024,54E933624,2,1,0,18,19,3,7,0,0,8,0,0,0,0,4,1,2,2,1,36,7,-1,-1,-1,-1,6,E01015568,0,1
2024610007224,2024,610007224,2,1,0,18,19,7,3,0,0,1,0,0,0,0,1,1,6,6,1,12,3,-1,-1,-1,-1,2,W01001660,0,1
2024061422370,2024,061422370,1,9,0,-1,19,5,5,-1,0,0,0,0,0,0,1,1,-1,9,2,57,9,-1,-1,-1,-1,7,E01005819,0,1
2024471502839,2024,471502839,2,19,-1,-1,-1,-1,-1,-1,-1,-1,0,0,0,0,-1,9,-1,6,3,-1,-1,-1,-1,-1,-1,-1,-1,0,-1
2024061469912,2024,061469912,1,99,0,-1,19,5,1,-1,-1,0,0,0,0,0,1,1,-1,6,3,-1,-1,-1,-1,-1,-1,-1,-1,0,-1
2024991486046,2024,991486046,1,97,0,-1,19,3,7,-1,0,2,0,0,0,0,3,1,-1,9,1,65,9,-1,-1,-1,-1,-1,-1,0,-1