collision_index,collision_year,collision_ref_no,vehicle_reference,vehicle_type,towing_and_articulation,vehicle_manoeuvre_historic,vehicle_manoeuvre,vehicle_direction_from,vehicle_direction_to,vehicle_location_restricted_lane_historic,vehicle_location_restricted_lane,junction_location,skidding_and_overturning,hit_object_in_carriageway,vehicle_leaving_carriageway,hit_object_off_carriageway,first_point_of_impact,vehicle_left_hand_drive,journey_purpose_of_driver_historic,journey_purpose_of_driver,sex_of_driver,age_of_driver,age_band_of_driver,engine_capacity_cc,propulsion_code,age_of_vehicle,generic_make_model,driver_imd_decile,lsoa_of_driver,escooter_flag,driver_distance_banding
2024041477565,2024,041477565,1,9,0,-1,10,8,6,-1,0,0,0,0,0,0,1,1,-1,2,1,33,6,-1,-1,-1,-1,2,E01025116,0,1
2024332400938,2024,332400938,1,1,0,-1,19,7,3,-1,0,8,0,0,0,0,1,1,-1,2,1,41,7,-1,-1,-1,-1,6,E01013668,0,1
2024010488480,2024,010488480,1,-1,0,18,19,6,2,0,0,8,0,0,0,0,1,1,6,6,3,-1,-1,-1,-1,-1,-1,-1,-1,1,-1
2024361495377,2024,361495377,2,1,0,-1,19,5,2,-1,0,8,0,0,0,0,1,1,-1,1,1,56,9,-1,-1,-1,-1,9,E01026503,0,3
2024471490463,2024,471490463,1,9,0,-1,19,5,1,-1,0,1,0,0,0,0,1,1,-1,6,1,-1,-1,-1,-1,-1,-1,-1,-1,0,-1
2024361470828,2024,361470828,2,1,0,-1,19,1,5,-1,0,0,0,0,0,0,2,1,-1,6,1,20,4,-1,-1,-1,-1,2,E01026828,0,1
2024201535725,2024,201535725,1,9,0,-1,19,6,2,-1,0,0,0,0,0,0,1,1,-1,6,-1,-1,-1,-1,-1,-1,-1,-1,-1,0,-1
2024430455966,2024,430455966,2,1,0,18,19,1,5,0,0,1,0,0,0,0,3,1,6,6,1,36,7,-1,-1,-1,-1,2,E01016415,0,1
2024231411539,2024,231411539,1,9,0,-1,19,1,5,-1,0,8,0,0,0,0,1,1,-1,6,1,37,7,-1,-1,-1,-1,8,E01035035,0,2
2024320242849,2024,320242849,2,1,0,-1,-1,2,6,0,0,8,5,0,0,0,2,1,-1,-1,1,11,3,-1,-1,-1,-1,6,E01026135,0,1
2024440244761,2024,440244761,1,-1,0,18,19,1,5,0,0,0,0,10,0,0,4,1,6,6,1,44,7,-1,-1,-1,-1,2,E01032750,1,1
2024041471904,2024,041471904,2,9,0,-1,9,5,7,-1,0,8,0,0,0,0,3,1,-1,9,2,68,10,-1,-1,-1,-1,3,E01025271,0,1
2024471423260,2024,471423260,2,9,0,-1,19,5,1,-1,0,1,0,0,0,0,4,1,-1,9,1,62,9,-1,-1,-1,-1,7,E01021220,0,3
2024201490057,2024,201490057,2,9,0,-1,3,5,1,-1,0,0,0,0,0,0,2,1,-1,6,1,35,6,-1,-1,-1,-1,8,E01029641,0,2
2024010523753,2024,010523753,1,1,0,18,19,7,3,0,0,1,0,0,0,0,1,1,2,2,1,26,6,-1,-1,-1,-1,3,E01032584,0,2
2024010500907,2024,010500907,1,1,9,99,99,9,9,99,99,9,9,99,9,99,9,1,2,2,1,34,6,-1,-1,-1,-1,3,E01004020,0,2
2024010489742,2024,010489742,4,21,0,18,19,7,3,0,0,0,0,0,0,0,1,1,1,1,1,41,7,-1,-1,-1,-1,7,E01016473,0,2
2024401484191,2024,401484191,1,9,-1,-1,13,5,1,-1,0,0,0,0,0,0,3,9,-1,6,3,-1,-1,-1,-1,-1,-1,-1,-1,0,-1
2024320393585,2024,320393585,1,9,0,9,9,6,4,0,0,6,0,0,0,0,4,-1,-1,-1,1,36,7,-1,-1,-1,-1,-1,-1,0,-1
2024332400191,2024,332400191,1,9,0,-1,9,5,3,-1,0,6,0,0,0,0,1,1,-1,1,1,64,9,-1,-1,-1,-1,3,E01013655,0,1
2024302401645,2024,302401645,1,1,0,9,9,5,3,0,0,1,0,0,0,0,1,1,6,6,1,19,4,-1,-1,-1,-1,9,E01013543,0,1
2024010538057,2024,010538057,2,1,0,18,19,5,1,2,2,8,0,0,0,0,4,1,2,2,1,48,8,-1,-1,-1,-1,5,E01003116,0,1
2024522403117,2024,522403117,3,20,0,18,19,4,7,0,0,2,0,0,0,0,3,1,6,6,3,-1,-1,-1,-1,-1,-1,-1,-1,0,-1
2024111433062,2024,111433062,2,1,0,-1,19,7,3,-1,0,0,5,0,0,0,1,1,-1,6,1,45,7,-1,-1,-1,-1,10,E01020712,0,1
2024421503637,2024,421503637,2,9,0,-1,9,1,7,-1,0,8,0,0,0,0,1,1,-1,9,1,55,8,-1,-1,-1,-1,10,E01022075,0,1
2024010505178,2024,010505178,2,9,0,99,99,9,9,99,99,9,9,99,9,99,2,9,6,6,3,-1,-1,-1,-1,-1,-1,1,E01000596,0,3
2024141554180,2024,141554180,2,1,0,-1,19,6,2,-1,0,2,2,0,0,0,3,1,-1,6,1,24,5,-1,-1,-1,-1,9,E01008048,0,1
2024161422969,2024,161422969,2,1,0,-1,9,3,5,-1,0,8,0,0,0,0,2,1,-1,9,1,39,7,-1,-1,-1,-1,9,E01013157,0,1
2024302401052,2024,302401052,2,9,0,4,4,5,1,0,0,0,0,0,0,0,1,1,6,6,2,19,4,-1,-1,-1,-1,3,E01019577,0,1
2024440123358,2024,440123358,1,9,0,18,19,8,4,0,0,1,0,0,0,0,1,1,6,6,1,-1,-1,-1,-1,-1,-1,-1,-1,0,-1
2024430531958,2024,430531958,2,9,0,18,19,1,5,0,0,0,0,0,0,0,1,1,6,6,2,60,9,-1,-1,-1,-1,6,E01002135,0,4
2024010522380,2024,010522380,1,1,0,18,19,7,3,2,2,0,0,0,0,0,4,1,6,6,2,36,7,-1,-1,-1,-1,2,E01002053,0,1
2024430585440,2024,430585440,1,-1,0,18,19,8,4,0,0,0,0,0,0,0,3,1,6,6,3,-1,-1,-1,-1,-1,-1,-1,-1,1,-1
2024201394381,2024,201394381,1,9,0,-1,19,7,3,-1,0,0,0,0,0,0,1,9,-1,6,1,-1,-1,-1,-1,-1,-1,-1,-1,0,-1
2024052402467,2024,052402467,2,1,0,18,19,5,1,0,0,8,0,0,0,0,2,1,6,6,1,14,3,-1,-1,-1,-1,1,E01032509,0,2
2024311397105,2024,311397105,3,9,0,-1,3,7,6,-1,0,0,0,0,0,0,2,1,-1,6,3,-1,-1,-1,-1,-1,-1,-1,-1,0,-1
2024501405207,2024,501405207,1,19,0,-1,1,1,5,-1,0,1,0,0,0,0,2,1,-1,6,1,46,8,-1,-1,-1,-1,9,E01020038,0,2
2024201472054,2024,201472054,1,98,0,-1,19,2,6,-1,0,0,0,0,0,0,4,9,-1,6,3,-1,-1,-1,-1,-1,-1,-1,-1,0,-1
2024141490805,2024,141490805,2,90,0,-1,19,8,4,-1,0,1,0,0,0,0,4,1,-1,6,1,14,3,-1,-1,-1,-1,6,E01007974,0,1
2024552500083,2024,552500083,1,99,0,18,19,3,7,0,0,0,0,0,0,0,2,1,6,6,3,-1,-1,-1,-1,-1,-1,-1,-1,0,-1
2024991425972,2024,991425972,2,1,0,-1,19,3,8,-1,0,0,0,0,1,0,2,1,-1,6,2,55,8,-1,-1,-1,-1,4,-1,0,1
2024320764497,2024,320764497,1,9,0,-1,-1,4,8,0,0,8,1,0,1,1,1,1,1,1,1,72,10,-1,-1,-1,-1,1,E01026115,0,2
2024010521092,2024,010521092,2,1,9,99,99,9,9,99,99,9,9,99,9,99,9,1,2,2,1,18,4,-1,-1,-1,-1,5,E01001310,0,1
2024522402356,2024,522402356,1,1,0,17,19,1,6,0,0,8,0,0,0,0,1,1,6,6,1,44,7,-1,-1,-1,-1,9,E01014544,0,1
2024440422187,2024,440422187,2,9,0,11,11,8,4,0,0,8,0,0,0,0,4,1,6,6,3,-1,-1,-1,-1,-1,-1,-1,-1,0,-1
2024361490532,2024,361490532,2,1,0,-1,19,7,3,-1,0,8,0,0,0,0,2,1,-1,2,1,22,5,-1,-1,-1,-1,10,E01035143,0,2
2024052400451,2024,052400451,1,9,0,18,19,8,4,0,0,0,0,0,0,0,1,1,6,6,3,-1,-1,-1,-1,-1,-1,-1,-1,0,-1
2024010495138,2024,010495138,2,98,0,99,99,9,9,99,99,9,9,99,9,99,1,9,6,6,3,-1,-1,-1,-1,-1,-1,-1,-1,0,-1
2024622400387,2024,622400387,1,9,0,18,19,6,2,0,0,0,0,0,7,0,1,1,6,6,2,51,8,-1,-1,-1,-1,8,W01001011,0,1
2024161481432,2024,161481432,1,1,0,-1,19,7,3,-1,0,1,0,0,0,0,9,1,-1,6,1,50,8,-1,-1,-1,-1,4,E01013334,0,1
2024010519942,2024,010519942,3,9,0,99,99,9,9,99,99,9,9,99,9,99,2,9,6,6,3,-1,-1,-1,-1,-1,-1,-1,-1,0,-1
2024010492418,2024,010492418,1,11,0,18,19,1,5,0,0,1,0,0,0,0,0,1,1,1,1,49,8,-1,-1,-1,-1,9,E01023580,0,3
2024010497437,2024,010497437,2,9,0,99,99,9,9,99,99,9,9,99,9,99,9,9,6,6,3,45,7,-1,-1,-1,-1,2,E01003048,0,1
2024010543721,2024,010543721,1,1,9,99,99,9,9,99,99,9,9,99,9,99,9,1,2,2,1,49,8,-1,-1,-1,-1,5,E01033739,0,1
2024031481842,2024,031481842,2,1,0,-1,19,4,1,-1,0,1,0,0,0,0,1,1,-1,9,1,56,9,-1,-1,-1,-1,-1,-1,0,-1
2024340WN0092,2024,340WN0092,1,9,0,-1,19,3,7,-1,0,1,0,0,0,0,1,1,-1,6,2,-1,-1,-1,-1,-1,-1,-1,-1,0,-1
2024311529203,2024,311529203,1,9,-1,-1,7,1,7,-1,0,8,0,0,0,0,1,9,-1,6,3,30,6,-1,-1,-1,-1,-1,-1,0,-1
2024201459638,2024,201459638,3,9,0,-1,5,4,8,-1,0,1,0,0,0,0,3,1,-1,2,1,56,9,-1,-1,-1,-1,1,E01009341,0,1
2024010533184,2024,010533184,2,1,0,5,5,0,7,5,5,8,0,0,0,0,4,1,6,6,1,27,6,-1,-1,-1,-1,7,E01004216,0,1
2024451480797,2024,451480797,1,1,0,-1,19,3,3,-1,0,0,0,0,0,0,0,1,-1,9,1,61,9,-1,-1,-1,-1,10,E01030620,0,2
2024440320761,2024,440320761,2,9,0,18,19,7,3,0,0,8,0,0,0,0,1,1,6,6,2,21,5,-1,-1,-1,-1,10,E01022517,0,1
2024052500002,2024,052500002,1,9,0,18,19,2,6,0,0,1,0,0,0,0,1,1,1,1,1,40,7,-1,-1,-1,-1,5,E01006576,0,1
2024332400461,2024,332400461,2,1,0,-1,19,1,5,-1,0,6,0,0,0,0,1,1,-1,6,1,21,5,-1,-1,-1,-1,4,E01013729,0,1
2024010518599,2024,010518599,2,1,0,18,19,5,1,0,0,1,0,0,0,0,4,1,2,2,1,50,8,-1,-1,-1,-1,6,E01034589,0,1
202417H100724,2024,17H100724,2,9,0,18,19,6,2,0,0,8,0,0,0,0,1,1,6,6,1,19,4,-1,-1,-1,-1,7,E01011959,0,1
2024131408327,2024,131408327,2,1,0,-1,10,3,7,-1,0,1,0,0,0,0,1,1,-1,9,1,62,9,-1,-1,-1,-1,7,E01011645,0,1
2024501455513,2024,501455513,2,9,0,-1,3,5,1,-1,0,1,0,0,0,0,2,1,-1,6,1,84,11,-1,-1,-1,-1,-1,-1,0,-1
2024501505873,2024,501505873,2,1,0,-1,19,3,7,-1,0,0,5,0,0,0,2,1,-1,9,1,68,10,-1,-1,-1,-1,4,E01015163,0,1
2024401451431,2024,401451431,1,9,0,-1,19,7,3,-1,0,0,0,0,0,0,1,1,-1,6,2,22,5,-1,-1,-1,-1,9,E01017603,0,2
2024552401352,2024,552401352,1,1,0,18,19,4,8,0,0,0,1,0,0,0,0,1,6,6,1,65,9,-1,-1,-1,-1,10,E01020525,0,4
2024010551851,2024,010551851,1,9,0,18,19,3,7,0,0,1,0,0,0,0,1,1,6,6,1,28,6,-1,-1,-1,-1,2,E01001331,0,1
2024631460699,2024,631460699,2,9,0,-1,19,2,6,-1,0,0,0,0,0,0,1,1,-1,2,1,61,9,-1,-1,-1,-1,5,W01000541,0,2
2024010491529,2024,010491529,2,9,9,99,99,9,9,99,99,9,9,99,9,99,9,9,6,6,1,34,6,-1,-1,-1,-1,5,E01000454,0,1
2024471458418,2024,471458418,2,9,0,-1,19,7,3,-1,0,0,0,0,0,0,1,1,-1,1,1,40,7,-1,-1,-1,-1,6,E01020938,0,4
2024131514712,2024,131514712,1,9,0,-1,19,3,7,-1,0,8,0,0,0,0,1,1,-1,9,1,74,10,-1,-1,-1,-1,6,E01007358,0,3
2024131480835,2024,131480835,2,1,0,-1,13,3,7,-1,0,0,0,0,0,0,3,1,-1,6,1,33,6,-1,-1,-1,-1,2,E01001839,0,5
2024411445501,2024,411445501,2,1,0,-1,19,5,1,-1,0,1,0,0,0,0,1,1,-1,2,2,28,6,-1,-1,-1,-1,10,E01023744,0,1
2024010542884,2024,010542884,2,1,9,99,99,9,9,99,99,9,9,99,9,99,1,1,2,2,1,55,8,-1,-1,-1,-1,10,E01003358,0,1
2024010545466,2024,010545466,1,9,0,1,1,1,5,9,9,6,0,0,0,0,0,1,6,6,3,23,5,-1,-1,-1,-1,-1,-1,0,-1
2024501477845,2024,501477845,2,1,0,-1,19,4,1,-1,0,0,0,0,0,0,1,1,-1,9,1,64,9,-1,-1,-1,-1,9,E01020257,0,1
2024010487996,2024,010487996,1,9,0,9,9,6,3,0,0,5,0,0,0,0,3,1,6,6,1,69,10,-1,-1,-1,-1,4,E01001799,0,1
2024211508644,2024,211508644,2,1,0,-1,19,6,2,-1,0,3,0,0,0,0,4,1,-1,9,1,44,7,-1,-1,-1,-1,6,E01029753,0,1
2024201437849,2024,201437849,2,9,0,-1,12,4,8,-1,0,0,0,0,0,0,3,1,-1,6,3,40,7,-1,-1,-1,-1,-1,-1,0,-1
2024461458266,2024,461458266,4,1,0,-1,19,5,1,-1,0,0,0,0,0,0,0,1,-1,6,1,16,4,-1,-1,-1,-1,-1,-1,0,-1
2024010542987,2024,010542987,1,1,9,99,99,9,9,99,99,9,9,8,9,99,9,1,2,2,1,22,5,-1,-1,-1,-1,4,E01023899,0,4
2024201406297,2024,201406297,1,98,0,-1,19,4,8,-1,0,1,0,0,0,0,1,1,-1,6,1,-1,-1,-1,-1,-1,-1,-1,-1,0,-1
2024131405933,2024,131405933,1,9,0,-1,13,7,3,-1,0,2,0,0,0,0,1,1,-1,9,1,21,5,-1,-1,-1,-1,1,E01010744,0,1
2024141466095,2024,141466095,1,9,0,-1,-1,1,5,-1,-1,8,5,0,8,0,1,1,-1,-1,1,17,4,-1,-1,-1,-1,8,E01011174,0,2
2024320098394,2024,320098394,1,9,0,9,9,6,4,0,0,6,0,0,0,0,1,1,6,6,1,78,11,-1,-1,-1,-1,4,E01026259,0,1
2024131404918,2024,131404918,2,1,0,-1,19,5,1,-1,0,8,0,0,0,0,3,1,-1,1,1,22,5,-1,-1,-1,-1,1,E01011362,0,1
2024361436582,2024,361436582,1,9,0,-1,5,3,7,-1,0,0,0,0,0,0,1,1,-1,9,1,18,4,-1,-1,-1,-1,9,E01026901,0,3
2024010524427,2024,010524427,2,1,0,18,19,2,6,5,5,2,0,0,0,0,3,1,2,2,1,26,6,-1,-1,-1,-1,9,E01002991,0,1
2024052400766,2024,052400766,1,8,0,5,5,2,6,0,0,0,0,0,0,0,0,1,1,1,3,-1,-1,-1,-1,-1,-1,-1,-1,0,-1
2024161417721,2024,161417721,2,1,0,-1,19,7,3,-1,0,0,0,0,0,0,1,1,-1,7,1,14,3,-1,-1,-1,-1,1,E01012843,0,1
2024010496815,2024,010496815,1,1,9,99,99,9,9,99,99,0,9,99,9,99,1,1,6,6,1,21,5,-1,-1,-1,-1,3,E01000785,0,1
2024221442063,2024,221442063,4,9,0,-1,19,6,2,-1,0,0,0,0,0,0,0,1,-1,2,1,45,7,-1,-1,-1,-1,4,E01014011,0,4
2024201394880,2024,201394880,1,9,0,-1,19,8,4,-1,0,2,0,0,0,0,1,9,-1,6,2,-1,-1,-1,-1,-1,-1,-1,-1,0,-1
2024302400502,2024,302400502,1,9,0,18,19,5,1,0,0,0,0,0,0,0,2,1,6,6,3,-1,-1,-1,-1,-1,-1,5,E01019456,0,3
2024610050124,2024,610050124,2,9,0,18,19,7,3,0,0,0,0,0,0,0,1,1,2,2,1,46,8,-1,-1,-1,-1,4,W01001816,0,3
2024052401598,2024,052401598,1,9,0,4,4,7,3,0,0,4,0,0,0,0,1,1,6,6,3,-1,-1,-1,-1,-1,-1,-1,-1,0,-1
2024351493485,2024,351493485,2,9,0,-1,19,8,4,-1,0,0,0,0,0,0,1,1,-1,6,1,56,9,-1,-1,-1,-1,8,E01018221,0,1
2024371479120,2024,371479120,1,19,0,-1,15,8,4,-1,0,0,0,0,0,0,4,1,-1,6,-1,-1,-1,-1,-1,-1,-1,-1,-1,0,-1
2024010535032,2024,010535032,2,1,9,99,99,9,9,99,99,9,9,99,9,99,1,1,6,6,3,-1,-1,-1,-1,-1,-1,-1,-1,0,-1
2024122400271,2024,122400271,2,1,0,18,19,6,2,0,0,8,0,0,0,0,1,1,2,2,2,33,6,-1,-1,-1,-1,7,E01033068,0,1
2024430339650,2024,430339650,1,9,0,18,19,4,8,0,0,1,0,0,0,0,1,1,6,6,3,-1,-1,-1,-1,-1,-1,-1,-1,0,-1
2024211533062,2024,211533062,4,9,0,-1,2,0,0,-1,0,0,0,0,0,0,2,1,-1,6,1,19,4,-1,-1,-1,-1,-1,-1,0,-1
2024010498133,2024,010498133,1,9,0,99,99,9,9,99,99,0,9,99,9,99,1,9,6,6,3,-1,-1,-1,-1,-1,-1,-1,-1,0,-1
2024131401360,2024,131401360,1,19,0,-1,19,1,5,-1,0,0,0,0,0,0,3,1,-1,2,1,41,7,-1,-1,-1,-1,2,E01011837,0,1
2024552400478,2024,552400478,1,9,0,5,5,2,6,0,0,6,0,0,0,0,1,1,6,6,2,33,6,-1,-1,-1,-1,6,E01020550,0,2
2024461506801,2024,461506801,2,97,0,-1,19,1,5,-1,0,0,0,0,0,0,1,1,-1,6,1,34,6,-1,-1,-1,-1,4,E01001002,0,4
2024161494337,2024,161494337,1,9,0,-1,19,5,1,-1,0,0,0,0,0,0,1,1,-1,6,3,-1,-1,-1,-1,-1,-1,-1,-1,0,-1
2024070193153,2024,070193153,2,19,0,10,10,5,3,0,0,2,0,0,0,0,1,1,2,2,1,21,5,-1,-1,-1,-1,10,E01012559,0,1
2024010486825,2024,010486825,2,9,0,5,5,1,5,0,0,8,0,0,0,0,1,1,6,6,3,-1,-1,-1,-1,-1,-1,-1,-1,0,-1
2024401539670,2024,401539670,1,9,0,-1,19,3,7,-1,0,8,0,0,0,0,4,1,-1,6,2,46,8,-1,-1,-1,-1,9,E01015697,0,1
2024010544342,2024,010544342,1,9,9,99,99,9,9,99,99,9,9,99,9,99,9,9,6,6,3,-1,-1,-1,-1,-1,-1,-1,-1,0,-1
2024131513997,2024,131513997,3,9,0,-1,2,0,0,-1,0,8,0,0,0,0,2,1,-1,6,-1,-1,-1,-1,-1,-1,-1,-1,-1,0,-1
2024622400518,2024,622400518,1,1,0,18,19,3,7,0,0,5,0,0,0,0,1,1,6,6,1,9,2,-1,-1,-1,-1,5,W01001088,0,1
2024421495334,2024,421495334,1,9,0,-1,-1,-1,-1,-1,-1,-1,-1,-1,-1,0,-1,9,-1,6,3,-1,-1,-1,-1,-1,-1,-1,-1,0,-1
2024010489273,2024,010489273,1,11,9,99,99,9,9,99,99,0,9,99,9,99,9,1,6,6,3,57,9,-1,-1,-1,-1,4,E01000637,0,2
2024631512796,2024,631512796,2,9,4,-1,19,2,6,-1,0,8,1,0,0,0,1,1,-1,1,1,40,7,-1,-1,-1,-1,1,W01000511,0,3
2024201532925,2024,201532925,2,1,0,-1,19,8,4,-1,0,8,0,0,0,0,1,1,-1,6,1,31,6,-1,-1,-1,-1,1,E01034918,0,1
2024010532060,2024,010532060,1,9,0,18,19,5,1,0,0,0,0,0,0,0,1,1,6,6,3,-1,-1,-1,-1,-1,-1,-1,-1,0,-1
2024010490738,2024,010490738,2,9,0,3,3,7,3,0,0,4,0,0,3,0,1,1,6,6,2,60,9,-1,-1,-1,-1,5,E01001677,0,1
2024461429464,2024,461429464,1,9,0,-1,5,5,1,-1,0,2,0,0,0,0,1,9,-1,6,3,-1,-1,-1,-1,-1,-1,-1,-1,0,-1
2024440520193,2024,440520193,2,9,0,18,19,2,6,0,0,1,0,0,0,0,3,1,6,6,1,64,9,-1,-1,-1,-1,8,E01023089,0,2
2024440340687,2024,440340687,2,1,0,18,19,3,7,0,0,8,0,0,0,0,3,1,6,6,1,57,9,-1,-1,-1,-1,6,E01023179,0,1
2024361440814,2024,361440814,1,9,0,-1,1,8,4,-1,9,0,0,0,0,0,2,2,-1,9,2,78,11,-1,-1,-1,-1,5,E01026679,0,3
2024430066696,2024,430066696,1,19,0,18,19,7,3,0,0,2,0,0,0,0,1,1,6,6,1,42,7,-1,-1,-1,-1,5,E01016398,0,4
2024010504204,2024,010504204,1,9,0,99,99,9,9,99,99,9,9,99,9,99,9,9,6,6,3,-1,-1,-1,-1,-1,-1,-1,-1,0,-1
2024471479360,2024,471479360,1,9,0,-1,19,7,4,-1,0,4,0,0,0,0,1,1,-1,6,1,33,6,-1,-1,-1,-1,4,E01017087,0,4
2024010501815,2024,010501815,2,9,0,2,2,0,0,0,0,0,0,0,0,0,3,1,6,6,3,-1,-1,-1,-1,-1,-1,-1,-1,0,-1
2024010487426,2024,010487426,2,1,0,5,5,7,3,5,5,2,5,0,0,0,4,1,1,1,2,62,9,-1,-1,-1,-1,7,E01000700,0,3
2024010550526,2024,010550526,2,1,0,14,14,3,7,0,0,1,0,0,0,0,1,1,1,1,2,55,8,-1,-1,-1,-1,5,E01000534,0,1
2024501477113,2024,501477113,3,1,0,-1,4,7,3,-1,0,0,0,0,0,0,3,1,-1,6,1,14,3,-1,-1,-1,-1,3,E01015095,0,1
2024610003824,2024,610003824,2,90,0,18,19,6,2,0,0,2,0,0,0,0,1,1,6,6,1,-1,-1,-1,-1,-1,-1,-1,-1,0,-1
2024440372625,2024,440372625,2,9,0,18,19,7,3,0,0,1,0,0,0,0,1,1,6,6,2,78,11,-1,-1,-1,-1,7,E01023057,0,2
2024451484052,2024,451484052,1,9,0,-1,19,1,5,-1,0,0,0,0,0,0,4,1,-1,9,2,50,8,-1,-1,-1,-1,3,E01003056,0,4
2024052401457,2024,052401457,1,1,0,18,19,8,4,0,0,1,0,0,0,0,4,1,4,7,1,12,3,-1,-1,-1,-1,1,E01006638,0,1
2024010556708,2024,010556708,1,1,9,-1,-1,9,9,99,99,0,9,99,9,99,1,1,6,6,1,19,4,-1,-1,-1,-1,2,E01002709,0,1
2024320415924,2024,320415924,1,2,0,-1,-1,8,4,0,0,0,5,0,0,0,1,1,6,6,1,16,4,-1,-1,-1,-1,-1,-1,0,-1
2024131445357,2024,131445357,2,9,0,-1,7,3,7,-1,0,0,0,0,0,0,-1,1,-1,6,3,-1,-1,-1,-1,-1,-1,-1,-1,0,-1
2024610001824,2024,610001824,1,9,0,12,12,6,2,0,0,0,0,0,0,0,1,1,2,2,1,50,8,-1,-1,-1,-1,3,W01001287,0,4
2024061410477,2024,061410477,2,1,-1,-1,19,-1,-1,-1,0,0,0,0,0,0,-1,1,-1,6,2,29,6,-1,-1,-1,-1,1,E01033674,0,2
2024010550373,2024,010550373,1,1,0,18,19,3,7,0,0,2,0,0,0,0,1,1,6,6,1,66,10,-1,-1,-1,-1,2,E01001758,0,1
2024010501492,2024,010501492,2,9,0,18,19,5,1,0,0,0,0,0,0,0,2,1,6,6,1,45,7,-1,-1,-1,-1,3,E01035659,0,1
2024010501211,2024,010501211,1,1,9,99,99,9,9,99,99,1,9,99,9,99,1,1,2,2,3,31,6,-1,-1,-1,-1,6,E01004530,0,1
2024101411388,2024,101411388,1,-1,0,-1,19,7,3,-1,0,1,0,0,0,0,1,1,-1,6,1,60,9,-1,-1,-1,-1,-1,-1,1,-1
2024201462883,2024,201462883,1,9,0,-1,19,8,4,-1,0,0,0,0,0,0,1,1,-1,6,-1,16,4,-1,-1,-1,-1,-1,-1,0,-1
2024430217170,2024,430217170,2,9,0,1,1,9,9,0,0,0,0,0,0,0,2,1,6,6,1,45,7,-1,-1,-1,-1,-1,-1,0,-1
2024501508632,2024,501508632,2,9,0,-1,9,7,5,-1,0,6,0,0,0,0,4,1,-1,6,1,-1,-1,-1,-1,-1,-1,-1,-1,0,-1
2024161423139,2024,161423139,2,1,0,-1,19,3,7,-1,4,0,0,0,1,0,2,1,-1,9,1,13,3,-1,-1,-1,-1,1,E01012864,0,1
2024311406099,2024,311406099,2,1,0,-1,19,5,1,-1,0,8,1,0,0,0,4,1,-1,2,1,34,6,-1,-1,-1,-1,1,E01028301,0,1
2024471442947,2024,471442947,1,9,0,-1,19,7,3,-1,0,0,0,0,1,0,1,1,-1,6,1,26,6,-1,-1,-1,-1,2,E01031454,0,1
2024471482953,2024,471482953,1,9,0,-1,19,5,1,-1,0,2,5,0,0,0,1,1,-1,9,1,60,9,-1,-1,-1,-1,8,E01031757,0,1
2024010540944,2024,010540944,1,-1,0,18,19,3,7,0,0,0,0,0,0,0,1,1,6,6,3,-1,-1,-1,-1,-1,-1,-1,-1,1,-1
2024440069134,2024,440069134,1,1,0,3,3,7,3,0,0,2,0,0,0,0,2,1,2,2,1,39,7,-1,-1,-1,-1,2,E01022655,0,2
2024010550973,2024,010550973,1,9,0,99,99,9,9,99,99,9,9,99,9,99,9,1,6,6,3,-1,-1,-1,-1,-1,-1,-1,-1,0,-1
2024211431303,2024,211431303,2,3,0,-1,19,7,3,-1,0,0,1,0,0,0,1,1,-1,6,1,16,4,-1,-1,-1,-1,6,E01029693,0,2
2024520401355,2024,520401355,1,9,0,18,19,3,7,0,0,0,0,0,1,4,1,1,6,6,1,18,4,-1,-1,-1,-1,8,E01035110,0,1
2024311475292,2024,311475292,1,1,0,-1,19,3,7,-1,9,0,2,0,0,0,1,1,-1,9,1,72,10,-1,-1,-1,-1,2,E01013814,0,1
2024421462631,2024,421462631,1,21,1,-1,12,3,7,-1,0,0,0,0,0,0,1,2,-1,1,1,55,8,-1,-1,-1,-1,-1,-1,0,-1
2024440523135,2024,440523135,2,9,0,18,19,1,5,0,0,0,0,0,0,0,1,1,6,6,2,19,4,-1,-1,-1,-1,9,E01020414,0,4
2024440417269,2024,440417269,1,90,0,18,19,7,3,9,9,0,0,0,0,0,4,1,4,7,1,15,3,-1,-1,-1,-1,4,E01017282,0,1
2024451398402,2024,451398402,2,1,0,-1,19,1,5,-1,0,0,0,0,0,0,2,1,-1,2,1,33,6,-1,-1,-1,-1,5,E01030801,0,3
2024052402050,2024,052402050,1,19,0,18,19,6,2,0,0,0,0,0,0,0,4,1,6,6,3,-1,-1,-1,-1,-1,-1,-1,-1,0,-1
2024010532486,2024,010532486,1,9,0,18,19,3,7,9,9,8,1,0,1,11,2,1,6,6,1,21,5,-1,-1,-1,-1,2,E01000525,0,2
2024520500303,2024,520500303,2,9,0,18,19,4,7,0,0,8,0,0,0,0,1,1,6,6,3,-1,-1,-1,-1,-1,-1,-1,-1,0,-1
2024010530010,2024,010530010,1,1,0,18,19,7,3,9,9,0,0,0,0,0,1,1,6,6,1,-1,-1,-1,-1,-1,-1,-1,-1,0,-1
2024010524666,2024,010524666,2,19,9,99,99,9,9,99,99,9,9,99,9,99,9,1,6,6,3,-1,-1,-1,-1,-1,-1,-1,-1,0,-1
2024010509264,2024,010509264,1,1,0,18,19,1,5,4,4,0,0,0,0,0,0,1,6,6,2,43,7,-1,-1,-1,-1,9,E01030317,0,4
2024010499835,2024,010499835,2,1,0,9,9,5,2,0,0,4,0,0,0,0,1,1,2,2,2,32,6,-1,-1,-1,-1,3,E01004033,0,1
2024010490899,2024,010490899,1,19,0,5,5,3,7,0,0,8,0,0,0,0,1,1,1,1,1,26,6,-1,-1,-1,-1,-1,-1,0,-1
2024440276055,2024,440276055,2,9,0,9,9,4,2,0,0,8,0,0,0,0,3,1,6,6,3,-1,-1,-1,-1,-1,-1,-1,-1,0,-1
2024311489743,2024,311489743,2,1,0,-1,19,1,5,-1,9,0,0,0,0,0,1,1,-1,1,1,25,5,-1,-1,-1,-1,-1,-1,0,-1
2024010544754,2024,010544754,1,1,0,17,19,1,5,5,5,7,5,0,0,0,1,1,6,6,1,11,3,-1,-1,-1,-1,2,E01003267,0,1