collision_index,collision_year,collision_ref_no,vehicle_reference,vehicle_type,towing_and_articulation,vehicle_manoeuvre_historic,vehicle_manoeuvre,vehicle_direction_from,vehicle_direction_to,vehicle_location_restricted_lane_historic,vehicle_location_restricted_lane,junction_location,skidding_and_overturning,hit_object_in_carriageway,vehicle_leaving_carriageway,hit_object_off_carriageway,first_point_of_impact,vehicle_left_hand_drive,journey_purpose_of_driver_historic,journey_purpose_of_driver,sex_of_driver,age_of_driver,age_band_of_driver,engine_capacity_cc,propulsion_code,age_of_vehicle,generic_make_model,driver_imd_decile,lsoa_of_driver,escooter_flag,driver_distance_banding
2024010512605,2024,010512605,2,9,0,99,99,9,9,99,99,9,9,99,9,99,9,9,6,6,3,-1,-1,-1,-1,-1,-1,6,E01004581,0,1
2024010509269,2024,010509269,2,9,0,18,19,7,3,0,0,8,0,0,0,0,1,1,6,6,3,-1,-1,-1,-1,-1,-1,-1,-1,0,-1
2024052401404,2024,052401404,2,1,0,18,19,8,4,0,0,0,0,0,0,0,1,1,6,6,1,60,9,-1,-1,-1,-1,1,E01033094,0,1
2024461453783,2024,461453783,1,19,0,-1,14,1,5,-1,0,0,0,0,0,0,3,9,-1,6,1,-1,-1,-1,-1,-1,-1,-1,-1,0,-1
2024010514275,2024,010514275,1,1,9,99,99,9,9,99,99,9,9,99,9,99,0,1,2,2,1,26,6,-1,-1,-1,-1,5,E01004580,0,1
2024010488280,2024,010488280,1,9,9,99,99,9,9,99,99,9,9,99,9,99,1,9,6,6,3,-1,-1,-1,-1,-1,-1,-1,-1,0,-1
2024010502073,2024,010502073,1,1,9,99,99,9,9,99,99,9,9,99,9,99,0,1,2,2,1,32,6,-1,-1,-1,-1,8,E01004731,0,1
2024010519407,2024,010519407,1,1,9,99,99,9,9,99,99,9,9,99,9,99,1,1,6,6,1,24,5,-1,-1,-1,-1,4,E01003529,0,1
2024631473940,2024,631473940,1,9,0,-1,9,2,7,-1,0,6,0,0,3,0,4,2,-1,9,1,49,8,-1,-1,-1,-1,-1,-1,0,-1
202454D521124,2024,54D521124,2,9,0,18,19,3,7,0,0,4,0,0,0,0,4,1,6,6,2,46,8,-1,-1,-1,-1,3,E01031914,0,3
2024501501935,2024,501501935,1,9,-1,-1,19,1,5,-1,0,1,0,0,0,0,4,9,-1,6,3,-1,-1,-1,-1,-1,-1,-1,-1,0,-1
2024141405001,2024,141405001,1,1,0,-1,19,4,8,-1,0,0,0,0,0,0,3,1,-1,2,2,50,8,-1,-1,-1,-1,1,E01007531,0,1
2024332401096,2024,332401096,2,1,0,-1,19,1,5,-1,0,8,0,0,0,0,1,1,-1,6,1,50,8,-1,-1,-1,-1,8,E01025658,0,1
2024522401623,2024,522401623,1,1,0,18,19,8,4,0,0,0,0,0,0,0,1,1,6,6,2,33,6,-1,-1,-1,-1,4,E01014488,0,1
2024361548097,2024,361548097,2,9,0,-1,2,0,0,-1,0,0,0,0,0,0,1,1,-1,6,-1,-1,-1,-1,-1,-1,-1,-1,-1,0,-1
2024010498045,2024,010498045,1,9,0,4,4,7,3,0,0,1,0,0,0,0,1,1,6,6,1,65,9,-1,-1,-1,-1,5,E01003156,0,1
2024401527725,2024,401527725,1,9,0,-1,19,2,5,-1,0,0,1,0,0,0,1,1,-1,6,2,19,4,-1,-1,-1,-1,10,E01017405,0,1
2024111399410,2024,111399410,1,19,0,-1,9,4,2,-1,0,1,0,0,0,0,4,9,-1,6,3,30,6,-1,-1,-1,-1,-1,-1,0,-1
2024111498024,2024,111498024,2,19,0,-1,3,2,6,-1,0,0,0,0,0,0,2,1,-1,1,1,61,9,-1,-1,-1,-1,7,E01020879,0,3
2024010506473,2024,010506473,1,1,9,99,99,9,9,99,99,9,9,99,9,99,9,1,2,2,2,30,6,-1,-1,-1,-1,3,E01035642,0,1
2024631505380,2024,631505380,1,9,0,-1,19,8,4,-1,0,0,0,0,0,0,1,1,-1,9,1,76,11,-1,-1,-1,-1,5,W01000582,0,2
2024461461626,2024,461461626,1,1,0,-1,19,2,5,-1,0,1,0,0,0,0,1,1,-1,6,1,22,5,-1,-1,-1,-1,4,E01016163,0,1
2024430576405,2024,430576405,1,11,0,7,7,3,5,0,0,3,0,0,0,0,1,1,1,1,1,-1,-1,-1,-1,-1,-1,-1,-1,0,-1
2024451487853,2024,451487853,2,1,0,-1,19,5,1,-1,0,1,0,0,0,0,1,1,-1,9,1,82,11,-1,-1,-1,-1,10,E01030868,0,2
2024610041624,2024,610041624,1,19,0,18,19,3,7,0,0,3,5,0,0,0,3,1,6,6,1,22,5,-1,-1,-1,-1,3,W01001885,0,2
2024201456607,2024,201456607,1,9,0,-1,19,5,1,-1,0,0,0,0,0,0,0,9,-1,9,3,-1,-1,-1,-1,-1,-1,-1,-1,0,-1
2024052401041,2024,052401041,3,9,0,18,19,3,7,0,0,0,0,0,0,0,1,1,6,6,1,73,10,-1,-1,-1,-1,8,E01006859,0,1
2024122400683,2024,122400683,1,1,0,18,19,2,6,9,9,0,0,0,0,0,0,1,6,6,1,44,7,-1,-1,-1,-1,6,E01013364,0,1
2024547761124,2024,547761124,1,1,0,5,5,2,6,0,0,0,0,0,1,0,3,1,6,6,1,64,9,-1,-1,-1,-1,7,E01034540,0,1
2024010492326,2024,010492326,2,19,0,9,9,5,2,0,0,3,0,0,0,0,3,1,1,1,1,72,10,-1,-1,-1,-1,7,E01023531,0,3
2024010496528,2024,010496528,1,11,0,4,4,7,3,2,2,1,0,4,0,0,1,1,1,1,1,65,9,-1,-1,-1,-1,9,E01030933,0,4
2024010496433,2024,010496433,1,97,0,99,99,9,9,0,0,9,0,99,9,99,9,9,1,1,1,30,6,-1,-1,-1,-1,10,E01002153,0,1
2024010503681,2024,010503681,1,1,9,99,99,9,9,99,99,9,9,99,9,99,1,1,1,1,1,26,6,-1,-1,-1,-1,6,E01002135,0,2
2024010526453,2024,010526453,1,1,0,18,19,5,1,0,0,1,0,0,0,0,3,1,6,6,2,22,5,-1,-1,-1,-1,8,E01003039,0,1
2024070588429,2024,070588429,1,1,0,18,19,6,2,0,0,2,0,0,0,0,1,1,6,6,1,66,10,-1,-1,-1,-1,3,E01018731,0,1
2024052400528,2024,052400528,3,9,0,4,4,8,4,0,0,0,0,0,0,0,2,1,6,6,2,-1,-1,-1,-1,-1,-1,7,E01007044,0,2
2024010492295,2024,010492295,2,9,0,18,19,5,1,0,0,2,0,0,3,0,1,2,6,6,2,24,5,-1,-1,-1,-1,9,E01002386,0,1
2024070631808,2024,070631808,1,4,0,17,19,7,8,0,0,0,0,0,0,0,0,1,6,6,3,-1,-1,-1,-1,-1,-1,-1,-1,0,-1
2024010493821,2024,010493821,1,9,0,99,99,9,9,99,99,0,9,99,9,99,9,9,6,6,1,33,6,-1,-1,-1,-1,7,E01030734,0,2
2024041493199,2024,041493199,1,23,0,-1,19,1,5,-1,0,0,0,0,0,0,-1,1,-1,6,1,19,4,-1,-1,-1,-1,1,E01012739,0,4
2024131444343,2024,131444343,1,9,0,-1,19,5,1,-1,0,0,1,6,6,11,4,1,-1,6,1,37,7,-1,-1,-1,-1,1,E01010822,0,1
2024451474475,2024,451474475,1,1,0,-1,9,1,5,-1,0,8,0,0,0,0,2,1,-1,2,1,42,7,-1,-1,-1,-1,10,E01030798,0,3
2024451494974,2024,451494974,2,9,0,-1,19,6,2,-1,0,0,0,0,0,0,2,1,-1,6,1,55,8,-1,-1,-1,-1,5,E01001077,0,1
2024101562308,2024,101562308,1,1,0,-1,9,8,5,-1,0,0,0,0,0,0,4,1,-1,6,1,15,3,-1,-1,-1,-1,7,E01008852,0,1
2024201470176,2024,201470176,2,9,0,-1,19,3,7,-1,0,8,0,0,7,0,1,1,-1,9,1,25,5,-1,-1,-1,-1,-1,-1,0,-1
2024211475389,2024,211475389,2,9,0,-1,3,5,1,-1,0,0,0,0,0,0,2,1,-1,6,1,63,9,-1,-1,-1,-1,-1,-1,0,-1
2024010496907,2024,010496907,3,9,0,2,2,0,0,0,0,0,0,0,0,0,0,1,6,6,3,-1,-1,-1,-1,-1,-1,-1,-1,0,-1
2024471505649,2024,471505649,1,9,0,-1,19,3,7,-1,0,0,0,0,0,0,4,1,-1,1,1,40,7,-1,-1,-1,-1,8,E01030845,0,4
2024010500408,2024,010500408,1,22,0,99,99,9,9,99,99,9,9,99,9,99,1,9,6,6,3,-1,-1,-1,-1,-1,-1,-1,-1,0,-1
2024371437293,2024,371437293,1,9,0,-1,3,6,2,-1,0,1,0,0,0,0,1,1,-1,6,2,53,8,-1,-1,-1,-1,8,E01033452,0,1
2024451520209,2024,451520209,2,9,0,-1,19,5,1,-1,0,1,1,4,1,11,4,1,-1,2,1,39,7,-1,-1,-1,-1,7,E01030347,0,3
2024991531039,2024,991531039,2,1,0,-1,12,5,1,-1,0,0,0,0,0,0,1,1,-1,2,1,40,7,-1,-1,-1,-1,3,-1,0,2
2024010508567,2024,010508567,1,9,0,18,19,5,1,0,0,8,0,0,0,0,1,1,6,6,1,22,5,-1,-1,-1,-1,5,E01002454,0,2
2024440497173,2024,440497173,1,21,0,18,19,6,2,0,0,0,0,0,0,0,4,1,1,1,3,-1,-1,-1,-1,-1,-1,-1,-1,0,-1
2024451428437,2024,451428437,1,16,0,-1,19,1,5,-1,0,0,0,0,0,0,0,1,-1,9,2,18,4,-1,-1,-1,-1,10,E01030324,0,1
2024332400987,2024,332400987,2,1,0,-1,19,5,1,-1,0,2,0,0,0,0,1,1,-1,6,1,12,3,-1,-1,-1,-1,4,E01013711,0,1
2024010520542,2024,010520542,1,1,9,99,99,9,9,99,99,9,9,99,9,99,2,1,6,6,2,30,6,-1,-1,-1,-1,4,E01003054,0,1
2024311404934,2024,311404934,1,3,0,-1,19,8,4,-1,0,6,1,0,0,0,1,1,-1,6,1,31,6,-1,-1,-1,-1,-1,-1,0,-1
2024211521661,2024,211521661,2,9,0,-1,19,3,7,-1,0,1,0,0,0,0,1,1,-1,6,2,44,7,-1,-1,-1,-1,4,E01029797,0,2
2024070357776,2024,070357776,2,1,0,12,12,8,4,0,0,0,0,0,0,0,4,1,6,6,2,24,5,-1,-1,-1,-1,8,E01018361,0,1
2024440299521,2024,440299521,1,1,0,18,19,4,8,0,0,1,0,0,0,0,1,1,6,6,1,35,6,-1,-1,-1,-1,2,E01017169,0,1
2024411493068,2024,411493068,2,9,0,-1,15,7,3,-1,0,4,0,0,0,0,4,1,-1,6,1,58,9,-1,-1,-1,-1,8,E01023834,0,3
2024052401928,2024,052401928,2,9,0,18,19,7,3,0,0,0,0,0,0,0,1,1,6,6,1,62,9,-1,-1,-1,-1,3,E01007240,0,2
2024302400405,2024,302400405,2,1,0,18,19,1,5,0,0,0,0,0,0,0,4,1,6,6,1,19,4,-1,-1,-1,-1,1,E01033167,0,1
202417L104624,2024,17L104624,1,8,0,-1,7,2,6,-1,0,8,0,0,0,0,1,1,-1,6,3,-1,-1,-1,-1,-1,-1,-1,-1,0,-1
2024010496479,2024,010496479,1,1,9,99,99,9,9,99,99,1,9,99,9,99,9,1,6,6,1,58,9,-1,-1,-1,-1,5,E01000534,0,1
2024010543388,2024,010543388,1,9,0,99,99,9,9,99,99,9,9,99,9,99,1,9,6,6,3,-1,-1,-1,-1,-1,-1,-1,-1,0,-1
2024161529999,2024,161529999,1,1,0,-1,19,3,7,-1,0,0,0,0,0,0,4,1,-1,1,1,46,8,-1,-1,-1,-1,1,E01012889,0,1
2024552400914,2024,552400914,2,9,0,18,19,6,2,0,0,0,0,0,0,0,1,2,6,6,1,57,9,-1,-1,-1,-1,5,E01015456,0,1
2024031462004,2024,031462004,2,9,0,-1,-1,-1,-1,-1,-1,0,-1,-1,-1,0,-1,9,-1,6,3,-1,-1,-1,-1,-1,-1,-1,-1,0,-1
2024440379228,2024,440379228,1,3,0,18,19,4,8,0,0,1,0,0,0,0,1,1,6,6,1,33,6,-1,-1,-1,-1,9,E01022643,0,1
2024010497861,2024,010497861,2,9,0,99,99,9,9,99,99,9,9,99,9,99,1,9,6,6,3,-1,-1,-1,-1,-1,-1,-1,-1,0,-1
2024552401424,2024,552401424,1,9,0,18,19,6,2,0,0,0,0,4,0,0,4,1,2,2,2,-1,-1,-1,-1,-1,-1,6,E01021034,0,5
2024052402454,2024,052402454,2,9,0,7,7,3,5,0,0,1,0,0,0,0,2,1,6,6,1,33,6,-1,-1,-1,-1,2,E01006482,0,1
2024522500410,2024,522500410,2,9,0,1,1,1,4,0,0,1,0,0,0,0,2,1,6,6,3,-1,-1,-1,-1,-1,-1,-1,-1,0,-1
2024332400834,2024,332400834,3,9,0,-1,3,6,2,-1,0,0,0,0,0,0,2,1,-1,6,1,-1,-1,-1,-1,-1,-1,-1,-1,0,-1
2024141414895,2024,141414895,2,1,0,-1,19,5,1,-1,0,1,0,0,0,0,1,1,-1,2,2,56,9,-1,-1,-1,-1,5,E01008042,0,1
2024411476827,2024,411476827,2,9,0,-1,19,5,1,-1,0,2,5,0,1,0,2,1,-1,6,1,40,7,-1,-1,-1,-1,4,E01023790,0,1
2024061526702,2024,061526702,1,9,0,-1,2,2,7,-1,0,0,0,0,0,0,1,1,-1,9,2,65,9,-1,-1,-1,-1,5,E01005940,0,2
2024010544662,2024,010544662,2,9,0,99,99,9,9,99,99,9,9,99,9,99,9,9,6,6,3,-1,-1,-1,-1,-1,-1,-1,-1,0,-1
2024451397622,2024,451397622,1,9,0,-1,19,6,2,-1,0,0,0,0,2,4,3,1,-1,2,1,23,5,-1,-1,-1,-1,7,E01030879,0,1
2024101451653,2024,101451653,1,1,-1,-1,-1,-1,-1,-1,-1,0,-1,-1,-1,0,-1,1,-1,9,1,82,11,-1,-1,-1,-1,-1,-1,0,-1
2024622400694,2024,622400694,2,22,0,18,19,2,6,0,0,1,0,0,0,0,1,1,6,6,1,82,11,-1,-1,-1,-1,1,W01001835,0,1
2024430435257,2024,430435257,2,1,0,18,19,4,8,0,0,1,0,0,0,0,1,1,6,6,2,13,3,-1,-1,-1,-1,4,E01035247,0,1
2024320451147,2024,320451147,1,1,0,-1,-1,6,2,0,0,0,0,0,0,0,1,1,-1,-1,1,46,8,-1,-1,-1,-1,7,E01026208,0,2
2024201470182,2024,201470182,2,9,0,-1,7,4,6,-1,0,5,0,0,0,0,4,9,-1,9,1,21,5,-1,-1,-1,-1,3,E01008895,0,1
2024340NN2132,2024,340NN2132,2,2,0,-1,19,1,5,-1,0,3,0,0,0,0,4,1,-1,6,1,16,4,-1,-1,-1,-1,4,E01035429,0,1
2024531447008,2024,531447008,2,1,0,-1,19,1,5,-1,0,0,0,10,2,0,3,1,-1,9,1,22,5,-1,-1,-1,-1,10,E01022143,0,1
202460Q146274,2024,60Q146274,2,1,0,18,19,1,5,0,0,3,0,0,0,0,4,1,6,6,1,28,6,-1,-1,-1,-1,-1,-1,0,-1
2024010493909,2024,010493909,2,9,0,9,9,1,7,0,0,5,0,0,0,0,0,1,1,1,1,38,7,-1,-1,-1,-1,4,E01001484,0,1
2024010487671,2024,010487671,1,9,0,18,19,1,5,0,0,0,0,0,0,0,1,1,6,6,1,23,5,-1,-1,-1,-1,8,E01002328,0,1
2024031393721,2024,031393721,1,1,0,-1,19,5,1,-1,0,0,0,0,0,0,1,1,-1,6,1,28,6,-1,-1,-1,-1,-1,-1,0,-1
2024061458889,2024,061458889,1,9,0,-1,19,4,2,-1,0,0,0,0,0,0,-1,9,-1,6,3,-1,-1,-1,-1,-1,-1,-1,-1,0,-1
2024544222324,2024,544222324,2,9,0,18,19,1,5,0,0,0,0,0,1,0,3,1,6,6,2,39,7,-1,-1,-1,-1,7,E01035107,0,4
2024010496453,2024,010496453,1,9,0,18,19,5,1,0,0,0,0,0,0,0,1,1,6,6,1,67,10,-1,-1,-1,-1,4,E01000570,0,1
2024061494672,2024,061494672,2,1,0,-1,19,7,3,-1,0,1,0,0,0,0,1,1,-1,1,1,27,6,-1,-1,-1,-1,4,E01005214,0,1
2024430000656,2024,430000656,2,21,0,18,19,3,7,0,0,4,0,0,0,0,0,1,6,6,3,-1,-1,-1,-1,-1,-1,-1,-1,0,-1
2024141428309,2024,141428309,2,9,0,-1,9,7,3,-1,0,0,0,0,0,0,1,9,-1,6,1,-1,-1,-1,-1,-1,-1,-1,-1,0,-1
2024141457500,2024,141457500,2,9,0,-1,5,1,5,-1,0,0,0,4,0,0,1,9,-1,6,3,-1,-1,-1,-1,-1,-1,-1,-1,0,-1
2024991428281,2024,991428281,2,22,0,-1,19,6,2,-1,0,1,0,0,0,0,3,1,-1,6,1,47,8,-1,-1,-1,-1,2,-1,0,4
2024010493663,2024,010493663,1,9,9,99,99,9,9,99,99,9,9,99,9,99,9,9,6,6,3,-1,-1,-1,-1,-1,-1,-1,-1,0,-1
2024610013524,2024,610013524,1,9,0,4,4,2,6,0,0,0,0,0,0,0,2,1,1,1,2,29,6,-1,-1,-1,-1,2,W01001496,0,1
2024010544310,2024,010544310,1,9,0,9,9,5,3,0,0,2,0,0,0,0,1,1,6,6,3,-1,-1,-1,-1,-1,-1,-1,-1,0,-1
2024052400304,2024,052400304,1,19,0,18,19,7,3,0,0,1,0,0,0,0,1,1,6,6,2,57,9,-1,-1,-1,-1,9,E01007150,0,1
2024131435660,2024,131435660,1,97,0,-1,-1,-1,-1,-1,0,3,-1,0,0,0,4,1,-1,6,3,-1,-1,-1,-1,-1,-1,-1,-1,0,-1
2024010495003,2024,010495003,1,3,0,99,99,9,9,99,99,9,9,99,9,99,1,1,6,6,1,34,6,-1,-1,-1,-1,3,E01000984,0,1
2024440541104,2024,440541104,1,9,0,18,19,7,3,0,0,1,0,0,0,0,4,1,6,6,2,47,8,-1,-1,-1,-1,2,E01023029,0,2
2024320389267,2024,320389267,2,9,0,-1,-1,8,4,0,0,8,0,0,0,0,1,1,-1,-1,2,25,5,-1,-1,-1,-1,9,E01034693,0,3
2024531438811,2024,531438811,2,1,0,-1,19,2,6,-1,0,8,5,0,0,0,4,1,-1,6,1,45,7,-1,-1,-1,-1,6,E01022154,0,1
2024351489103,2024,351489103,1,19,0,-1,19,7,3,-1,0,0,0,0,7,5,1,1,-1,9,1,17,4,-1,-1,-1,-1,4,E01031030,0,5
2024141534488,2024,141534488,2,1,0,-1,19,7,3,-1,0,1,0,0,0,0,1,1,-1,6,1,41,7,-1,-1,-1,-1,2,E01007654,0,1
2024221471529,2024,221471529,1,1,0,-1,19,4,8,-1,0,0,0,4,0,0,1,1,-1,9,1,20,4,-1,-1,-1,-1,8,E01028930,0,2
2024010523322,2024,010523322,2,1,0,7,7,7,1,4,4,1,0,0,0,0,2,1,6,6,1,26,6,-1,-1,-1,-1,4,E01035485,0,1
2024501425373,2024,501425373,2,9,0,-1,19,7,3,-1,0,0,0,0,0,0,1,1,-1,2,1,42,7,-1,-1,-1,-1,9,E01020162,0,3
2024131460594,2024,131460594,1,97,0,-1,19,4,8,-1,0,0,0,0,0,0,0,1,-1,6,1,18,4,-1,-1,-1,-1,1,E01011423,0,1
2024430097532,2024,430097532,2,1,0,9,9,8,6,0,0,3,0,0,0,0,3,1,6,6,1,59,9,-1,-1,-1,-1,3,E01017665,0,1
2024201470622,2024,201470622,2,1,0,-1,19,8,4,-1,0,8,0,0,0,0,3,1,-1,9,1,16,4,-1,-1,-1,-1,4,E01009205,0,1
2024401434685,2024,401434685,1,11,-1,-1,-1,-1,-1,-1,-1,0,0,0,0,0,-1,9,-1,1,1,-1,-1,-1,-1,-1,-1,-1,-1,0,-1
2024010531528,2024,010531528,3,9,9,99,99,9,9,99,99,9,9,99,9,99,9,9,6,6,3,-1,-1,-1,-1,-1,-1,-1,-1,0,-1
2024010490968,2024,010490968,1,9,0,18,19,3,7,0,0,8,0,0,1,0,3,1,2,2,2,47,8,-1,-1,-1,-1,9,E01002430,0,1
2024061451216,2024,061451216,2,9,0,-1,19,3,7,-1,0,5,0,0,0,0,0,1,-1,1,1,35,6,-1,-1,-1,-1,5,E01033651,0,1
2024111400211,2024,111400211,2,9,0,-1,19,3,7,-1,0,3,0,0,0,0,4,1,-1,6,1,28,6,-1,-1,-1,-1,6,E01020794,0,1
2024430124051,2024,430124051,2,9,0,11,11,8,4,0,0,3,0,0,0,0,4,1,6,6,3,-1,-1,-1,-1,-1,-1,-1,-1,0,-1
2024991491065,2024,991491065,1,9,0,-1,9,4,3,-1,0,1,0,0,0,0,1,1,-1,1,1,32,6,-1,-1,-1,-1,7,-1,0,4
2024311507904,2024,311507904,1,1,0,-1,19,5,1,-1,9,0,0,0,0,0,1,1,-1,2,1,56,9,-1,-1,-1,-1,2,E01013906,0,1
2024010510122,2024,010510122,1,1,0,7,7,5,7,0,0,8,1,0,0,0,1,1,1,1,1,36,7,-1,-1,-1,-1,2,E01000951,0,1
2024052401009,2024,052401009,1,9,0,18,19,7,3,0,0,0,0,0,0,0,4,1,6,6,3,-1,-1,-1,-1,-1,-1,-1,-1,0,-1
2024131424184,2024,131424184,2,9,0,-1,19,7,7,-1,0,1,0,0,0,0,1,1,-1,6,1,62,9,-1,-1,-1,-1,1,E01024857,0,3
2024010545253,2024,010545253,1,21,1,14,14,7,3,0,0,0,1,0,7,11,1,1,1,1,1,29,6,-1,-1,-1,-1,8,E01003845,0,2
2024161450575,2024,161450575,1,9,0,-1,13,3,7,-1,0,1,0,0,0,0,3,1,-1,6,3,-1,-1,-1,-1,-1,-1,-1,-1,0,-1
2024221427399,2024,221427399,1,9,0,-1,19,7,3,-1,0,2,0,0,0,0,1,9,-1,6,1,24,5,-1,-1,-1,-1,9,W01000444,0,4
2024440399534,2024,440399534,1,1,0,18,19,7,3,0,0,1,0,0,0,0,3,1,6,6,1,68,10,-1,-1,-1,-1,1,E01025574,0,5
2024010498072,2024,010498072,1,9,0,99,99,9,9,99,99,9,9,99,9,99,2,9,6,6,1,32,6,-1,-1,-1,-1,10,E01023715,0,4
2024201442843,2024,201442843,1,9,0,-1,5,4,1,-1,0,0,0,0,0,0,4,1,-1,6,2,44,7,-1,-1,-1,-1,5,E01029637,0,1
2024010487900,2024,010487900,1,9,0,99,99,9,9,99,99,9,9,99,9,99,9,9,6,6,2,53,8,-1,-1,-1,-1,8,E01003676,0,1
2024542576724,2024,542576724,1,9,0,9,9,1,3,0,0,8,0,0,0,0,1,1,6,6,1,50,8,-1,-1,-1,-1,7,E01032015,0,1
2024010488112,2024,010488112,2,9,0,5,5,5,1,0,0,0,0,0,0,0,1,1,6,6,2,45,7,-1,-1,-1,-1,3,E01001177,0,1
2024010519988,2024,010519988,2,1,0,7,7,1,3,0,0,6,0,0,0,0,2,1,6,6,1,19,4,-1,-1,-1,-1,4,E01002711,0,1
2024061423132,2024,061423132,2,1,0,-1,-1,-1,-1,-1,-1,-1,-1,-1,-1,0,-1,1,-1,2,1,68,10,-1,-1,-1,-1,9,E01005864,0,2
2024010493070,2024,010493070,1,8,0,99,99,9,9,99,99,9,9,99,9,99,2,9,6,6,1,40,7,-1,-1,-1,-1,3,E01034483,0,2
2024302400015,2024,302400015,2,9,0,16,19,3,6,0,0,0,0,0,0,0,1,1,6,6,2,56,9,-1,-1,-1,-1,6,W01002003,0,5
2024122400510,2024,122400510,1,8,0,18,19,4,8,0,0,3,0,0,0,0,0,1,6,6,1,59,9,-1,-1,-1,-1,6,E01013384,0,1
2024520402334,2024,520402334,1,9,0,1,1,9,9,0,0,0,0,0,0,0,2,1,6,6,3,-1,-1,-1,-1,-1,-1,-1,-1,0,-1
2024311439427,2024,311439427,1,23,0,-1,19,1,5,-1,0,0,1,9,0,0,1,1,-1,9,1,18,4,-1,-1,-1,-1,-1,-1,0,-1
2024622400403,2024,622400403,1,9,0,5,5,3,5,0,0,2,0,0,0,0,4,1,3,7,2,48,8,-1,-1,-1,-1,1,W01001808,0,1
2024421491827,2024,421491827,2,-1,0,-1,19,1,3,-1,0,2,0,0,0,0,4,1,-1,6,1,32,6,-1,-1,-1,-1,5,E01021651,1,1
2024311406911,2024,311406911,2,1,0,-1,19,5,1,-1,9,0,5,0,0,0,2,1,-1,6,1,18,4,-1,-1,-1,-1,-1,-1,0,-1
2024461516645,2024,461516645,2,1,0,-1,19,3,1,-1,0,2,0,0,0,0,4,1,-1,6,2,36,7,-1,-1,-1,-1,1,E01007499,0,5
2024061416148,2024,061416148,2,9,0,-1,9,5,7,-1,0,1,0,0,0,0,1,1,-1,9,1,60,9,-1,-1,-1,-1,7,E01006127,0,1
2024141484321,2024,141484321,1,23,0,-1,19,5,2,-1,9,2,0,0,8,0,1,1,-1,9,1,16,4,-1,-1,-1,-1,3,E01008125,0,1
2024010541483,2024,010541483,1,1,9,99,99,9,9,99,99,9,9,99,9,99,1,1,2,2,2,23,5,-1,-1,-1,-1,10,E01003874,0,1
2024461532763,2024,461532763,2,1,0,-1,19,7,3,-1,0,8,0,0,0,0,4,1,-1,2,1,44,7,-1,-1,-1,-1,8,E01024760,0,1
2024522401557,2024,522401557,1,19,0,9,9,5,3,0,0,5,0,0,0,0,1,1,6,6,3,-1,-1,-1,-1,-1,-1,-1,-1,0,-1
2024361403386,2024,361403386,1,9,0,-1,19,5,1,-1,0,0,5,0,7,0,1,9,-1,2,2,33,6,-1,-1,-1,-1,7,E01026928,0,1
2024201457477,2024,201457477,2,9,0,-1,9,4,2,-1,0,5,0,0,0,0,1,9,-1,6,3,-1,-1,-1,-1,-1,-1,-1,-1,0,-1
2024991559669,2024,991559669,1,9,0,-1,9,7,5,-1,0,1,0,0,0,0,1,1,-1,1,1,39,7,-1,-1,-1,-1,-1,-1,0,-1
2024421515178,2024,421515178,1,98,0,-1,19,1,5,-1,0,0,0,0,0,0,3,2,-1,1,1,36,7,-1,-1,-1,-1,-1,-1,0,-1
2024131407920,2024,131407920,1,9,0,-1,14,5,1,-1,0,0,0,0,0,0,1,1,-1,2,1,26,6,-1,-1,-1,-1,9,E01011272,0,1
2024010534144,2024,010534144,2,23,0,7,7,7,2,0,0,1,0,0,0,0,4,1,1,1,1,22,5,-1,-1,-1,-1,6,E01002875,0,1
2024010531203,2024,010531203,2,9,0,99,99,9,9,99,99,9,9,99,9,99,1,9,6,6,3,-1,-1,-1,-1,-1,-1,-1,-1,0,-1
2024631483928,2024,631483928,1,9,0,-1,12,5,1,-1,0,0,0,0,0,0,1,1,-1,9,1,75,10,-1,-1,-1,-1,-1,-1,0,-1
2024141442877,2024,141442877,2,-1,0,-1,19,4,8,-1,0,0,0,0,0,0,1,9,-1,6,1,12,3,-1,-1,-1,-1,2,E01007435,1,1
2024010487373,2024,010487373,2,9,9,99,99,9,9,99,99,9,9,99,9,99,9,9,6,6,3,-1,-1,-1,-1,-1,-1,-1,-1,0,-1
2024010517940,2024,010517940,1,9,0,18,19,1,5,0,0,6,0,0,0,0,1,1,2,2,2,37,7,-1,-1,-1,-1,9,E01004073,0,1
2024461453783,2024,461453783,2,1,0,-1,4,1,5,-1,0,0,0,0,0,0,4,1,-1,2,1,34,6,-1,-1,-1,-1,6,E01024172,0,1
2024010488762,2024,010488762,2,9,0,99,99,9,9,99,99,9,9,99,9,99,9,9,6,6,3,-1,-1,-1,-1,-1,-1,-1,-1,0,-1
2024010523667,2024,010523667,2,1,0,18,19,8,4,0,0,1,0,0,0,0,3,1,6,6,2,44,7,-1,-1,-1,-1,4,E01000307,0,1
2024461401096,2024,461401096,3,9,0,-1,19,5,1,-1,0,0,1,0,0,0,1,9,-1,9,2,34,6,-1,-1,-1,-1,6,E01001685,0,4
2024622400594,2024,622400594,2,1,0,18,19,3,7,0,0,6,0,0,0,0,1,1,6,6,2,10,2,-1,-1,-1,-1,4,W01001044,0,1
2024061522494,2024,061522494,1,2,0,-1,19,8,4,-1,0,0,0,0,0,0,-1,1,-1,6,1,-1,-1,-1,-1,-1,-1,-1,-1,0,-1
2024221454721,2024,221454721,2,9,0,-1,19,1,5,-1,0,0,0,0,0,0,1,1,-1,6,1,42,7,-1,-1,-1,-1,2,E01009058,0,4
2024552400315,2024,552400315,1,19,0,9,9,3,1,0,0,6,0,0,0,0,0,1,6,6,3,-1,-1,-1,-1,-1,-1,-1,-1,0,-1
2024031445674,2024,031445674,2,1,-1,-1,-1,-1,-1,-1,-1,-1,-1,-1,-1,0,-1,1,-1,6,1,-1,-1,-1,-1,-1,-1,-1,-1,0,-1
2024131400877,2024,131400877,2,9,0,-1,13,5,1,-1,0,0,0,0,0,0,-1,1,-1,6,3,30,6,-1,-1,-1,-1,-1,-1,0,-1
2024430279608,2024,430279608,1,9,0,18,19,9,9,0,0,8,0,0,0,0,1,1,6,6,1,-1,-1,-1,-1,-1,-1,-1,-1,0,-1