collision_index,collision_year,collision_ref_no,vehicle_reference,vehicle_type,towing_and_articulation,vehicle_manoeuvre_historic,vehicle_manoeuvre,vehicle_direction_from,vehicle_direction_to,vehicle_location_restricted_lane_historic,vehicle_location_restricted_lane,junction_location,skidding_and_overturning,hit_object_in_carriageway,vehicle_leaving_carriageway,hit_object_off_carriageway,first_point_of_impact,vehicle_left_hand_drive,journey_purpose_of_driver_historic,journey_purpose_of_driver,sex_of_driver,age_of_driver,age_band_of_driver,engine_capacity_cc,propulsion_code,age_of_vehicle,generic_make_model,driver_imd_decile,lsoa_of_driver,escooter_flag,driver_distance_banding
2024351487662,2024,351487662,1,9,-1,-1,-1,-1,-1,-1,-1,0,-1,-1,-1,0,4,9,-1,6,3,-1,-1,-1,-1,-1,-1,-1,-1,0,-1
2024010496366,2024,010496366,2,3,3,7,7,5,7,0,0,1,0,0,0,0,1,1,1,1,1,30,6,-1,-1,-1,-1,3,E01035641,0,1
2024010538624,2024,010538624,1,9,0,99,99,9,9,99,99,9,9,99,9,99,9,9,6,6,3,-1,-1,-1,-1,-1,-1,-1,-1,0,-1
2024010546860,2024,010546860,2,1,0,18,19,3,7,0,0,6,0,0,0,0,2,1,6,6,1,57,9,-1,-1,-1,-1,4,E01003249,0,3
2024010522970,2024,010522970,2,1,9,99,99,9,9,99,99,0,9,99,9,99,1,1,6,6,3,-1,-1,-1,-1,-1,-1,-1,-1,0,-1
2024141405909,2024,141405909,1,9,0,-1,19,3,6,-1,0,0,0,0,0,0,4,9,-1,6,3,-1,-1,-1,-1,-1,-1,-1,-1,0,-1
2024010546006,2024,010546006,1,9,0,7,7,3,5,0,0,3,0,0,0,0,0,1,6,6,2,57,9,-1,-1,-1,-1,9,E01003885,0,1
2024201410758,2024,201410758,1,9,0,-1,19,2,6,-1,0,1,0,0,0,0,1,1,-1,6,2,-1,-1,-1,-1,-1,-1,-1,-1,0,-1
202417M113724,2024,17M113724,2,23,0,-1,19,6,2,-1,0,0,0,0,0,0,1,1,-1,6,1,17,4,-1,-1,-1,-1,1,E01012019,0,1
2024010543586,2024,010543586,1,1,9,99,99,9,9,99,99,9,9,99,9,99,2,1,6,6,1,39,7,-1,-1,-1,-1,2,E01033699,0,1
2024101553548,2024,101553548,4,9,0,-1,3,1,5,-1,0,0,0,0,0,0,2,1,-1,9,2,48,8,-1,-1,-1,-1,8,E01035627,0,3
2024010489785,2024,010489785,2,9,0,99,99,9,9,99,99,9,9,99,9,99,9,9,6,6,1,41,7,-1,-1,-1,-1,9,E01035488,0,1
2024302400158,2024,302400158,2,9,0,18,19,7,3,0,0,0,0,0,0,0,2,1,6,6,2,67,10,-1,-1,-1,-1,7,E01019843,0,2
2024421471918,2024,421471918,2,1,0,-1,19,2,6,-1,0,2,0,0,0,0,1,1,-1,9,1,13,3,-1,-1,-1,-1,6,E01021401,0,1
202454A087424,2024,54A087424,2,1,0,18,19,8,4,0,0,8,0,0,0,0,4,1,6,6,1,62,9,-1,-1,-1,-1,5,E01031925,0,1
2024461507434,2024,461507434,1,9,0,-1,99,1,5,-1,0,8,0,0,0,0,1,9,-1,6,2,-1,-1,-1,-1,-1,-1,6,E01024536,0,4
2024041421026,2024,041421026,2,1,0,-1,19,3,7,-1,0,4,0,0,0,0,2,1,-1,9,1,55,8,-1,-1,-1,-1,10,E01025019,0,1
2024010509790,2024,010509790,2,1,0,16,19,5,1,0,0,1,0,0,0,0,2,1,6,6,2,14,3,-1,-1,-1,-1,3,E01003244,0,1
2024061452301,2024,061452301,1,11,0,-1,99,-1,-1,-1,2,9,9,0,0,0,9,1,-1,6,1,-1,-1,-1,-1,-1,-1,-1,-1,0,-1
2024201465014,2024,201465014,1,9,0,-1,12,8,4,-1,0,0,0,0,0,0,0,1,-1,6,3,-1,-1,-1,-1,-1,-1,-1,-1,0,-1
2024522401490,2024,522401490,1,9,0,7,7,5,7,0,0,6,0,0,0,0,3,1,6,6,2,38,7,-1,-1,-1,-1,9,E01014748,0,1
2024010493196,2024,010493196,1,9,0,9,9,7,5,0,0,8,0,0,0,0,1,1,6,6,2,58,9,-1,-1,-1,-1,6,E01001803,0,1
2024010497194,2024,010497194,1,9,0,18,19,7,3,0,0,1,0,0,0,0,1,1,1,1,1,35,6,-1,-1,-1,-1,-1,-1,0,-1
2024451480174,2024,451480174,3,23,0,-1,5,1,5,-1,9,1,0,0,0,0,0,1,-1,9,1,19,4,-1,-1,-1,-1,8,E01030519,0,1
2024371515764,2024,371515764,2,1,0,-1,19,1,5,-1,0,0,0,0,0,0,2,1,-1,9,1,74,10,-1,-1,-1,-1,6,E01030209,0,1
2024622400760,2024,622400760,2,1,0,18,19,1,5,0,0,1,0,0,0,0,0,1,6,6,1,34,6,-1,-1,-1,-1,3,W01000990,0,3
2024332400647,2024,332400647,1,1,0,-1,19,3,7,-1,0,8,0,0,0,0,3,1,-1,9,2,27,6,-1,-1,-1,-1,5,E01032868,0,1
2024211440448,2024,211440448,2,1,-1,-1,19,2,4,-1,-1,-1,-1,-1,-1,0,-1,1,-1,6,1,11,3,-1,-1,-1,-1,-1,-1,0,-1
2024010517479,2024,010517479,2,1,9,99,99,9,9,99,99,0,9,99,9,99,1,1,6,6,1,25,5,-1,-1,-1,-1,3,E01003979,0,1
2024231509881,2024,231509881,1,9,0,-1,19,1,5,-1,0,8,0,0,1,0,1,1,-1,6,1,51,8,-1,-1,-1,-1,4,E01029867,0,1
2024430335597,2024,430335597,2,1,0,18,19,5,1,0,0,0,1,7,0,0,3,1,6,6,1,35,6,-1,-1,-1,-1,8,E01028729,0,1
2024302401676,2024,302401676,1,19,0,17,19,4,1,0,0,8,0,0,0,0,4,1,6,6,1,43,7,-1,-1,-1,-1,2,E01019664,0,1
2024320281229,2024,320281229,2,1,0,-1,-1,6,2,0,0,8,5,0,0,0,4,1,6,6,1,20,4,-1,-1,-1,-1,-1,-1,0,-1
2024401540800,2024,401540800,2,9,0,-1,4,1,5,-1,0,0,0,0,0,0,2,1,-1,6,1,52,8,-1,-1,-1,-1,10,E01023563,0,4
2024501521286,2024,501521286,1,9,0,-1,19,8,4,-1,0,0,0,0,0,0,4,1,-1,6,3,-1,-1,-1,-1,-1,-1,-1,-1,0,-1
2024010551152,2024,010551152,1,1,0,99,99,9,9,99,99,9,9,99,9,99,1,9,1,1,1,18,4,-1,-1,-1,-1,2,E01000223,0,1
2024161401662,2024,161401662,2,1,0,-1,19,1,5,-1,0,8,0,0,0,0,4,1,-1,6,1,38,7,-1,-1,-1,-1,9,E01013260,0,1
2024332400375,2024,332400375,1,9,0,-1,19,7,3,-1,0,8,0,0,0,0,1,1,-1,2,2,26,6,-1,-1,-1,-1,9,E01025816,0,1
2024010486913,2024,010486913,1,9,0,18,19,1,5,0,0,8,0,0,0,0,1,1,6,6,2,29,6,-1,-1,-1,-1,-1,-1,0,-1
2024010501648,2024,010501648,2,1,0,16,19,3,7,0,0,1,0,0,0,0,1,1,6,6,1,39,7,-1,-1,-1,-1,5,E01002399,0,2
2024061442120,2024,061442120,2,9,0,-1,19,-1,-1,-1,99,6,9,0,0,0,1,1,-1,6,3,-1,-1,-1,-1,-1,-1,-1,-1,0,-1
2024501514304,2024,501514304,2,9,0,-1,19,6,1,-1,0,0,0,0,0,0,3,1,-1,6,2,58,9,-1,-1,-1,-1,6,E01018763,0,1
2024451461013,2024,451461013,1,1,0,-1,19,5,1,-1,0,2,5,0,0,0,1,1,-1,7,1,12,3,-1,-1,-1,-1,5,E01030946,0,1
2024991502805,2024,991502805,1,19,0,-1,19,5,8,-1,0,0,0,4,0,0,1,1,-1,6,1,38,7,-1,-1,-1,-1,3,-1,0,1
2024361483155,2024,361483155,3,99,0,-1,19,2,6,-1,0,2,0,0,0,0,0,9,-1,6,3,-1,-1,-1,-1,-1,-1,-1,-1,0,-1
2024520402636,2024,520402636,1,9,0,18,19,6,2,0,0,0,0,0,0,0,1,1,6,6,1,69,10,-1,-1,-1,-1,7,E01029086,0,1
2024010488993,2024,010488993,2,20,0,99,99,9,9,99,99,9,9,99,9,99,9,9,6,6,1,35,6,-1,-1,-1,-1,9,E01033310,0,4
2024052400359,2024,052400359,2,9,0,2,2,0,0,0,0,0,0,0,0,0,2,1,6,6,2,29,6,-1,-1,-1,-1,5,E01007226,0,1
2024041502590,2024,041502590,1,9,0,-1,19,1,5,-1,0,0,0,0,0,0,1,1,-1,6,1,65,9,-1,-1,-1,-1,8,E01034349,0,1
2024430162882,2024,430162882,1,9,0,9,9,6,4,0,0,5,0,0,0,0,1,1,6,6,1,40,7,-1,-1,-1,-1,-1,-1,0,-1
2024041537535,2024,041537535,1,9,0,-1,-1,-1,-1,-1,-1,0,-1,-1,-1,0,-1,9,-1,6,3,-1,-1,-1,-1,-1,-1,-1,-1,0,-1
2024101520635,2024,101520635,1,9,0,-1,12,7,3,-1,0,0,0,0,0,0,-1,9,-1,6,3,-1,-1,-1,-1,-1,-1,-1,-1,0,-1
2024471416027,2024,471416027,20,19,0,-1,19,7,3,-1,0,0,1,0,0,0,2,1,-1,1,1,58,9,-1,-1,-1,-1,8,E01006130,0,5
2024010542802,2024,010542802,1,1,9,3,3,9,9,99,99,9,9,99,9,99,1,1,6,6,1,58,9,-1,-1,-1,-1,4,E01004677,0,1
2024052401229,2024,052401229,1,9,0,5,5,7,3,0,0,0,0,0,0,0,1,1,6,6,3,-1,-1,-1,-1,-1,-1,-1,-1,0,-1
2024351468217,2024,351468217,2,1,0,-1,19,1,5,-1,0,8,0,0,0,0,4,1,-1,9,1,64,9,-1,-1,-1,-1,2,E01015599,0,1
2024010543592,2024,010543592,1,1,0,18,19,1,5,2,2,0,0,10,1,0,1,1,2,2,1,63,9,-1,-1,-1,-1,7,E01032739,0,1
2024440037915,2024,440037915,2,1,0,18,19,3,7,0,0,1,0,0,0,0,1,1,6,6,2,16,4,-1,-1,-1,-1,8,E01022607,0,1
2024451432874,2024,451432874,3,9,0,-1,19,1,5,-1,0,0,0,0,0,0,2,1,-1,9,1,24,5,-1,-1,-1,-1,9,E01030646,0,2
2024010541117,2024,010541117,2,1,0,9,9,8,5,7,6,1,0,0,0,0,1,1,2,2,1,33,6,-1,-1,-1,-1,3,E01035645,0,1
2024211477042,2024,211477042,2,1,0,-1,19,2,6,-1,0,1,0,0,0,0,0,1,-1,9,1,16,4,-1,-1,-1,-1,4,E01028876,0,2
2024421410885,2024,421410885,1,9,0,-1,15,5,1,-1,0,4,0,0,0,0,4,1,-1,6,3,-1,-1,-1,-1,-1,-1,-1,-1,0,-1
2024010518692,2024,010518692,1,1,9,99,99,9,9,99,99,9,9,8,9,99,9,1,2,2,1,39,7,-1,-1,-1,-1,2,E01003921,0,1
2024010538603,2024,010538603,2,19,0,7,7,3,6,0,0,1,0,0,0,0,4,1,6,6,3,-1,-1,-1,-1,-1,-1,-1,-1,0,-1
2024440179360,2024,440179360,2,8,0,1,1,0,6,0,0,1,0,0,0,0,2,1,1,1,3,-1,-1,-1,-1,-1,-1,-1,-1,0,-1
2024430585954,2024,430585954,1,9,0,18,19,6,2,0,0,0,0,0,0,0,4,1,2,2,1,32,6,-1,-1,-1,-1,6,E01016388,0,4
2024610016724,2024,610016724,3,9,0,18,19,2,6,0,0,1,0,0,0,0,3,1,6,6,1,44,7,-1,-1,-1,-1,1,W01001609,0,2
2024010489140,2024,010489140,1,11,0,18,19,3,7,0,0,1,0,0,0,0,0,1,6,6,1,45,7,-1,-1,-1,-1,-1,-1,0,-1
2024010539717,2024,010539717,2,1,0,7,7,7,1,0,0,8,0,0,0,0,0,1,6,6,1,37,7,-1,-1,-1,-1,9,E01003158,0,1
2024010498528,2024,010498528,2,9,0,18,19,7,3,0,0,8,0,7,0,0,4,1,2,2,2,23,5,-1,-1,-1,-1,6,E01002616,0,1
2024010518503,2024,010518503,1,9,0,18,19,5,1,0,0,1,0,0,0,0,3,1,6,6,1,47,8,-1,-1,-1,-1,-1,-1,0,-1
2024010493323,2024,010493323,1,1,9,99,99,9,9,99,99,9,9,99,9,99,1,1,2,2,2,45,7,-1,-1,-1,-1,7,E01001255,0,1
2024471422006,2024,471422006,3,1,0,-1,19,1,5,-1,0,8,0,0,0,0,3,1,-1,7,1,4,1,-1,-1,-1,-1,5,E01031570,0,1
2024522402116,2024,522402116,2,9,0,13,13,3,7,0,0,1,0,0,0,0,0,1,6,6,1,-1,-1,-1,-1,-1,-1,-1,-1,0,-1
2024401457146,2024,401457146,2,1,0,-1,19,8,6,-1,0,1,0,0,0,0,1,1,-1,9,1,43,7,-1,-1,-1,-1,2,E01033805,0,1
2024010494794,2024,010494794,2,9,0,18,19,5,1,0,0,1,0,0,0,0,1,1,2,2,2,37,7,-1,-1,-1,-1,9,E01000829,0,1
2024010524479,2024,010524479,1,1,9,99,99,9,9,99,99,9,9,99,9,99,9,1,2,2,1,33,6,-1,-1,-1,-1,8,E01004175,0,1
2024010520679,2024,010520679,1,1,9,99,99,9,9,99,99,9,9,99,9,99,9,1,2,2,2,29,6,-1,-1,-1,-1,8,E01002690,0,1
2024010532196,2024,010532196,2,10,0,99,99,9,9,99,99,9,9,99,9,99,9,9,6,6,3,-1,-1,-1,-1,-1,-1,-1,-1,0,-1
2024221411433,2024,221411433,1,9,0,-1,19,1,5,-1,0,0,0,0,0,0,4,9,-1,6,3,74,10,-1,-1,-1,-1,-1,-1,0,-1
2024520500143,2024,520500143,1,9,0,18,19,1,5,0,0,0,0,0,0,0,1,1,6,6,3,-1,-1,-1,-1,-1,-1,-1,-1,0,-1
2024522500181,2024,522500181,1,9,0,9,9,7,4,0,0,5,0,0,0,0,1,1,6,6,3,-1,-1,-1,-1,-1,-1,-1,-1,0,-1
2024471488006,2024,471488006,1,1,0,-1,19,3,7,-1,0,8,0,0,0,0,4,1,-1,6,1,16,4,-1,-1,-1,-1,8,E01031491,0,1
2024361430212,2024,361430212,2,1,0,-1,19,3,7,-1,0,0,0,0,0,0,1,1,-1,6,1,6,2,-1,-1,-1,-1,2,E01035134,0,1
2024010488162,2024,010488162,1,9,0,9,9,1,7,0,0,8,0,0,0,0,1,1,6,6,2,57,9,-1,-1,-1,-1,9,E01030356,0,3
2024411507936,2024,411507936,1,9,0,-1,14,3,7,-1,0,0,0,0,0,0,1,9,-1,6,1,-1,-1,-1,-1,-1,-1,-1,-1,0,-1
2024451440970,2024,451440970,2,9,0,-1,19,6,2,-1,0,1,0,0,0,0,2,1,-1,1,1,69,10,-1,-1,-1,-1,5,E01030719,0,2
2024010489592,2024,010489592,2,9,0,99,99,9,9,99,99,9,9,99,9,99,9,9,6,6,3,-1,-1,-1,-1,-1,-1,-1,-1,0,-1
2024061557617,2024,061557617,1,21,1,-1,19,6,1,-1,0,0,0,0,1,0,4,9,-1,6,3,-1,-1,-1,-1,-1,-1,-1,-1,0,-1
2024010488861,2024,010488861,1,8,0,18,19,3,7,0,0,1,0,0,0,0,4,1,1,1,1,80,11,-1,-1,-1,-1,6,E01035606,0,4
2024430092578,2024,430092578,1,-1,0,9,9,8,6,0,0,6,0,0,0,0,1,1,6,6,1,20,4,-1,-1,-1,-1,-1,-1,1,-1
2024461501881,2024,461501881,2,1,0,-1,19,6,4,-1,0,0,0,0,0,0,3,1,-1,9,1,51,8,-1,-1,-1,-1,6,E01035310,0,3
2024010535130,2024,010535130,2,1,9,99,99,9,9,99,99,9,9,99,9,99,9,1,6,6,1,22,5,-1,-1,-1,-1,4,E01002707,0,1
2024010496095,2024,010496095,1,9,0,6,6,7,7,0,0,0,0,0,0,0,1,1,6,6,1,31,6,-1,-1,-1,-1,5,E01000520,0,1
2024501501481,2024,501501481,1,9,0,-1,15,8,4,-1,0,0,0,0,5,0,3,1,-1,6,1,38,7,-1,-1,-1,-1,7,E01020251,0,2
2024010488372,2024,010488372,1,8,0,99,99,9,9,99,99,9,9,99,9,99,2,9,1,1,1,53,8,-1,-1,-1,-1,4,E01003597,0,1
2024531513178,2024,531513178,2,1,0,-1,19,3,7,-1,0,1,0,0,0,0,1,1,-1,6,1,40,7,-1,-1,-1,-1,3,E01022457,0,3
2024101517062,2024,101517062,1,9,0,-1,19,7,3,-1,0,0,5,0,0,0,1,1,-1,9,1,30,6,-1,-1,-1,-1,7,E01019375,0,4
2024451486189,2024,451486189,1,1,0,-1,3,1,5,-1,0,0,0,0,0,0,1,1,-1,6,1,24,5,-1,-1,-1,-1,4,E01030793,0,1
202417S307424,2024,17S307424,1,9,0,-1,19,8,6,-1,0,0,0,0,0,0,1,1,-1,6,3,-1,-1,-1,-1,-1,-1,-1,-1,0,-1
2024010495180,2024,010495180,1,1,9,99,99,9,9,99,99,9,9,99,9,99,9,1,6,6,1,31,6,-1,-1,-1,-1,1,E01002093,0,1
2024302400104,2024,302400104,1,9,0,18,19,8,4,0,0,0,0,0,0,0,1,1,2,2,1,28,6,-1,-1,-1,-1,1,E01013486,0,1
2024451482455,2024,451482455,3,9,0,-1,2,0,0,-1,9,0,1,0,0,0,3,1,-1,6,-1,-1,-1,-1,-1,-1,-1,-1,-1,0,-1
2024010491706,2024,010491706,1,9,0,99,99,9,9,99,99,9,9,99,9,99,9,9,6,6,1,36,7,-1,-1,-1,-1,-1,-1,0,-1
2024361423357,2024,361423357,1,9,0,-1,7,7,1,-1,0,3,0,0,0,0,1,9,-1,6,-1,-1,-1,-1,-1,-1,-1,-1,-1,0,-1
2024340WN1622,2024,340WN1622,1,9,0,-1,19,4,8,-1,0,0,0,4,0,0,3,1,-1,6,1,28,6,-1,-1,-1,-1,9,E01027264,0,2
2024991494192,2024,991494192,2,9,0,-1,3,3,7,-1,0,3,0,0,0,0,2,1,-1,9,1,43,7,-1,-1,-1,-1,3,-1,0,1
2024221443112,2024,221443112,2,1,0,-1,19,2,6,-1,0,4,0,0,0,0,2,1,-1,6,1,58,9,-1,-1,-1,-1,2,E01014140,0,1
2024010546299,2024,010546299,2,9,0,7,7,9,9,99,99,9,9,99,9,99,9,9,6,6,3,-1,-1,-1,-1,-1,-1,5,E01002394,0,1
2024010497153,2024,010497153,2,9,0,99,99,9,9,99,99,9,9,99,9,99,9,9,6,6,3,-1,-1,-1,-1,-1,-1,-1,-1,0,-1
2024010488403,2024,010488403,1,3,0,99,99,9,9,99,99,9,9,99,9,99,9,1,6,6,1,26,6,-1,-1,-1,-1,3,E01035640,0,2
2024010528175,2024,010528175,1,1,9,18,19,9,9,99,99,0,9,99,9,99,9,1,2,2,2,26,6,-1,-1,-1,-1,5,E01003022,0,1
2024501494285,2024,501494285,1,19,0,-1,19,7,3,-1,0,0,0,0,0,0,1,2,-1,9,1,56,9,-1,-1,-1,-1,-1,-1,0,-1
2024010496744,2024,010496744,2,9,0,99,99,9,9,99,99,9,9,99,9,99,9,9,6,6,3,-1,-1,-1,-1,-1,-1,-1,-1,0,-1
2024501461037,2024,501461037,2,9,0,-1,19,6,2,-1,0,0,0,0,2,11,2,1,-1,9,1,74,10,-1,-1,-1,-1,6,E01018973,0,1
2024010490512,2024,010490512,2,9,0,9,9,3,1,0,0,4,0,0,0,0,1,1,2,2,1,40,7,-1,-1,-1,-1,5,E01003939,0,2
2024371395664,2024,371395664,1,9,0,-1,9,8,6,-1,0,8,0,0,0,0,1,1,-1,6,1,50,8,-1,-1,-1,-1,4,E01030028,0,1
2024991461271,2024,991461271,2,9,0,-1,19,2,6,-1,0,0,0,0,1,0,1,1,-1,2,1,59,9,-1,-1,-1,-1,-1,-1,0,-1
2024991430188,2024,991430188,4,9,0,-1,4,2,6,-1,0,0,0,0,0,0,2,1,-1,9,1,49,8,-1,-1,-1,-1,10,-1,0,4
2024430316062,2024,430316062,2,9,0,9,9,7,5,0,0,5,0,0,0,0,3,1,6,6,1,37,7,-1,-1,-1,-1,-1,-1,0,-1
2024010493444,2024,010493444,1,19,0,18,19,7,3,0,0,0,0,0,0,0,1,1,1,1,1,58,9,-1,-1,-1,-1,2,E01004088,0,1
2024211430194,2024,211430194,2,9,0,-1,2,0,0,-1,0,0,0,0,0,0,2,1,-1,6,1,73,10,-1,-1,-1,-1,-1,-1,0,-1
2024061465456,2024,061465456,3,9,0,-1,7,5,3,-1,0,1,0,0,0,0,3,1,-1,6,2,25,5,-1,-1,-1,-1,2,E01005670,0,1
2024361483935,2024,361483935,1,9,0,-1,19,-1,-1,-1,0,0,0,0,0,0,-1,9,-1,6,1,-1,-1,-1,-1,-1,-1,-1,-1,0,-1
2024351438801,2024,351438801,2,98,0,-1,19,7,3,-1,0,0,0,0,0,0,1,1,-1,6,1,45,7,-1,-1,-1,-1,5,E01008233,0,5
2024010502847,2024,010502847,1,1,0,7,7,7,1,0,0,8,0,0,0,0,3,1,6,6,1,36,7,-1,-1,-1,-1,2,E01001775,0,1
2024010521790,2024,010521790,2,9,0,99,99,9,9,99,99,9,9,99,9,99,9,9,6,6,3,-1,-1,-1,-1,-1,-1,-1,-1,0,-1
2024471423028,2024,471423028,2,5,0,-1,19,4,8,-1,0,8,0,0,0,0,1,1,-1,6,1,22,5,-1,-1,-1,-1,5,E01031373,0,2
2024010515417,2024,010515417,2,19,0,99,99,9,9,99,99,9,9,99,9,99,9,9,6,6,3,-1,-1,-1,-1,-1,-1,-1,-1,0,-1
2024531495783,2024,531495783,1,9,0,-1,19,3,7,-1,0,2,0,0,0,0,1,9,-1,6,3,-1,-1,-1,-1,-1,-1,-1,-1,0,-1
2024520401358,2024,520401358,3,9,0,3,3,7,3,0,0,0,0,0,0,0,2,1,6,6,2,59,9,-1,-1,-1,-1,8,E01032112,0,4
202460Q078453,2024,60Q078453,3,9,0,2,2,0,0,0,0,1,0,0,0,0,4,1,6,6,1,79,11,-1,-1,-1,-1,-1,-1,0,-1
2024010491910,2024,010491910,1,9,0,18,19,5,1,0,0,1,0,0,0,0,1,1,6,6,1,63,9,-1,-1,-1,-1,6,E01023835,0,2
2024430081663,2024,430081663,2,3,0,12,12,1,6,0,0,8,0,0,0,0,4,1,1,1,1,40,7,-1,-1,-1,-1,-1,-1,0,-1
2024052400311,2024,052400311,2,1,0,18,19,5,1,0,0,0,0,0,0,0,2,1,6,6,1,13,3,-1,-1,-1,-1,1,E01033228,0,1
2024111461627,2024,111461627,2,1,0,-1,19,1,5,-1,0,0,0,0,0,0,2,1,-1,9,2,68,10,-1,-1,-1,-1,3,E01012358,0,1
2024061477818,2024,061477818,1,1,-1,-1,-1,-1,-1,-1,-1,-1,-1,-1,-1,0,2,1,-1,6,2,13,3,-1,-1,-1,-1,-1,-1,0,-1
2024610013224,2024,610013224,1,9,0,18,19,1,5,0,0,0,0,0,0,0,3,1,3,7,1,35,6,-1,-1,-1,-1,1,W01001811,0,2
2024471472783,2024,471472783,2,9,0,-1,2,0,0,-1,0,2,0,0,0,0,2,9,-1,6,-1,-1,-1,-1,-1,-1,-1,-1,-1,0,-1
2024421408496,2024,421408496,2,8,0,-1,19,1,1,-1,0,1,1,0,0,0,1,1,-1,1,1,31,6,-1,-1,-1,-1,4,E01015903,0,1
2024552400448,2024,552400448,2,1,0,18,19,7,3,0,0,8,0,0,0,0,4,1,2,2,2,50,8,-1,-1,-1,-1,7,E01015418,0,1
2024141439222,2024,141439222,1,9,0,-1,19,3,7,-1,0,8,0,0,0,0,3,1,-1,6,1,-1,-1,-1,-1,-1,-1,-1,-1,0,-1
2024101475461,2024,101475461,1,-1,0,-1,19,3,7,-1,9,1,0,0,0,0,1,9,-1,6,1,-1,-1,-1,-1,-1,-1,-1,-1,1,-1
2024320576464,2024,320576464,1,17,0,2,2,0,0,0,0,0,0,0,0,0,2,1,1,1,1,77,11,-1,-1,-1,-1,-1,-1,0,-1
2024010495711,2024,010495711,2,9,0,9,9,1,7,0,0,6,0,0,0,0,1,1,1,1,1,36,7,-1,-1,-1,-1,9,E01030733,0,2
2024141513399,2024,141513399,3,9,0,-1,3,7,8,-1,0,1,0,0,0,0,2,1,-1,6,3,-1,-1,-1,-1,-1,-1,-1,-1,0,-1
2024481569981,2024,481569981,2,1,0,-1,19,1,5,-1,5,8,0,0,0,0,1,1,-1,2,1,48,8,-1,-1,-1,-1,-1,-1,0,-1
2024052400817,2024,052400817,2,1,0,18,19,7,3,0,0,1,0,0,0,0,1,1,6,6,1,74,10,-1,-1,-1,-1,8,E01006582,0,1
2024010538629,2024,010538629,1,19,0,9,9,8,5,0,0,8,0,0,0,0,1,1,6,6,1,25,5,-1,-1,-1,-1,-1,-1,0,-1
2024411464903,2024,411464903,2,9,0,-1,19,1,5,-1,0,3,0,0,0,0,0,1,-1,1,1,-1,-1,-1,-1,-1,-1,-1,-1,0,-1
2024221538641,2024,221538641,2,1,0,-1,19,6,2,-1,0,0,0,0,0,0,2,1,-1,6,1,19,4,-1,-1,-1,-1,7,E01014204,0,1
202460Q185379,2024,60Q185379,2,1,0,9,9,3,7,0,0,3,5,0,0,0,4,1,6,6,1,43,7,-1,-1,-1,-1,-1,-1,0,-1
2024311407628,2024,311407628,1,11,0,-1,4,5,1,-1,0,1,0,0,0,0,1,1,-1,1,2,59,9,-1,-1,-1,-1,4,E01013903,0,1
2024010494955,2024,010494955,1,3,0,4,4,1,5,0,0,2,1,0,0,0,0,1,6,6,1,30,6,-1,-1,-1,-1,3,E01000506,0,1
2024041471764,2024,041471764,3,9,0,-1,19,7,3,-1,0,1,1,0,0,0,1,1,-1,9,2,34,6,-1,-1,-1,-1,3,E01006092,0,4
2024481563507,2024,481563507,2,-1,0,-1,19,3,7,-1,0,0,0,0,0,0,3,1,-1,9,1,19,4,-1,-1,-1,-1,-1,-1,1,-1
2024010544235,2024,010544235,2,4,0,99,99,9,9,99,99,9,9,99,9,99,1,1,6,6,3,-1,-1,-1,-1,-1,-1,-1,-1,0,-1
2024010527785,2024,010527785,2,1,0,15,15,7,3,0,0,1,0,0,0,0,1,1,2,2,1,53,8,-1,-1,-1,-1,9,E01035488,0,1
2024010520924,2024,010520924,1,1,0,18,19,7,3,0,0,1,0,0,0,0,1,1,6,6,1,37,7,-1,-1,-1,-1,2,E01033882,0,1
2024010487133,2024,010487133,1,9,0,18,19,1,5,0,0,1,0,0,1,11,1,1,6,6,1,43,7,-1,-1,-1,-1,10,E01023313,0,1
2024010518558,2024,010518558,1,9,0,7,7,4,6,0,0,5,0,0,0,0,1,1,6,6,3,-1,-1,-1,-1,-1,-1,-1,-1,0,-1
2024010526100,2024,010526100,1,9,0,18,19,1,5,0,0,0,0,0,0,0,1,1,6,6,3,-1,-1,-1,-1,-1,-1,-1,-1,0,-1
2024010510428,2024,010510428,1,9,0,99,99,9,9,99,99,9,9,99,9,99,1,9,6,6,3,-1,-1,-1,-1,-1,-1,-1,-1,0,-1
2024010519070,2024,010519070,1,1,9,99,99,9,9,99,99,9,9,99,9,99,9,1,6,6,1,24,5,-1,-1,-1,-1,6,E01003071,0,1
2024520401327,2024,520401327,2,9,0,18,19,8,4,0,0,8,0,0,0,0,1,1,6,6,2,43,7,-1,-1,-1,-1,3,E01014445,0,1
2024010486898,2024,010486898,1,9,0,18,19,7,3,0,0,0,0,0,7,11,1,1,1,1,1,27,6,-1,-1,-1,-1,-1,-1,0,-1
2024041481740,2024,041481740,2,1,0,-1,7,5,1,-1,0,1,0,0,0,0,1,1,-1,6,1,74,10,-1,-1,-1,-1,9,E01025342,0,2
2024161394991,2024,161394991,1,19,0,-1,15,7,3,-1,0,0,0,0,0,0,3,1,-1,6,1,33,6,-1,-1,-1,-1,1,E01012808,0,1
2024440561588,2024,440561588,2,9,0,18,19,7,3,0,0,0,0,0,0,0,1,1,6,6,1,44,7,-1,-1,-1,-1,7,E01002986,0,4
2024010493902,2024,010493902,1,4,0,18,19,2,6,0,0,2,5,0,0,0,1,1,6,6,1,33,6,-1,-1,-1,-1,2,E01001893,0,1
2024070845111,2024,070845111,2,9,0,-1,4,1,3,-1,0,7,0,0,0,0,1,1,-1,6,2,39,7,-1,-1,-1,-1,1,E01006706,0,2
2024010510914,2024,010510914,1,1,9,99,99,9,9,99,99,9,9,99,9,99,9,1,2,2,1,30,6,-1,-1,-1,-1,4,E01004047,0,1
2024010490308,2024,010490308,1,9,0,18,19,5,1,0,0,0,0,0,0,0,3,1,6,6,1,34,6,-1,-1,-1,-1,2,E01000096,0,2
2024010542565,2024,010542565,1,9,0,7,7,7,1,0,0,6,0,0,0,0,1,1,6,6,1,34,6,-1,-1,-1,-1,-1,-1,0,-1
2024010538603,2024,010538603,1,1,0,18,19,3,7,4,4,1,0,0,0,0,1,1,6,6,1,26,6,-1,-1,-1,-1,5,E01002651,0,1
2024440119573,2024,440119573,2,9,0,16,19,6,1,0,0,0,0,0,0,0,3,1,6,6,3,-1,-1,-1,-1,-1,-1,-1,-1,0,-1