collision_index,collision_year,collision_ref_no,vehicle_reference,vehicle_type,towing_and_articulation,vehicle_manoeuvre_historic,vehicle_manoeuvre,vehicle_direction_from,vehicle_direction_to,vehicle_location_restricted_lane_historic,vehicle_location_restricted_lane,junction_location,skidding_and_overturning,hit_object_in_carriageway,vehicle_leaving_carriageway,hit_object_off_carriageway,first_point_of_impact,vehicle_left_hand_drive,journey_purpose_of_driver_historic,journey_purpose_of_driver,sex_of_driver,age_of_driver,age_band_of_driver,engine_capacity_cc,propulsion_code,age_of_vehicle,generic_make_model,driver_imd_decile,lsoa_of_driver,escooter_flag,driver_distance_banding
2024421403189,2024,421403189,1,9,0,-1,19,1,5,-1,0,1,0,0,0,0,1,1,-1,9,2,73,10,-1,-1,-1,-1,6,E01021770,0,1
2024421436025,2024,421436025,2,1,0,-1,19,8,3,-1,9,8,1,0,0,0,1,1,-1,6,1,21,5,-1,-1,-1,-1,2,E01033722,0,1
2024520401858,2024,520401858,2,17,9,18,19,1,5,0,0,0,0,0,0,0,9,1,6,6,3,-1,-1,-1,-1,-1,-1,-1,-1,0,-1
2024101509385,2024,101509385,1,9,0,-1,19,8,4,-1,0,8,0,0,0,0,1,9,-1,6,3,-1,-1,-1,-1,-1,-1,-1,-1,0,-1
2024010489537,2024,010489537,1,9,0,9,9,3,1,0,0,2,0,0,0,0,1,1,6,6,1,37,7,-1,-1,-1,-1,9,E01002116,0,1
2024421453096,2024,421453096,3,9,0,-1,2,0,0,-1,9,1,1,4,0,0,2,1,-1,6,-1,-1,-1,-1,-1,-1,-1,-1,-1,0,-1
2024461457767,2024,461457767,1,5,0,-1,19,4,8,-1,0,0,0,7,0,0,1,1,-1,9,1,56,9,-1,-1,-1,-1,2,E01024664,0,1
2024010493196,2024,010493196,2,1,0,3,3,5,1,0,0,8,0,0,0,0,1,1,6,6,1,33,6,-1,-1,-1,-1,3,E01001807,0,1
2024010506739,2024,010506739,1,9,0,18,19,1,5,0,0,2,0,0,0,0,1,1,6,6,3,-1,-1,-1,-1,-1,-1,-1,-1,0,-1
2024430323243,2024,430323243,1,19,0,18,19,4,8,0,0,0,0,0,0,0,1,1,6,6,3,-1,-1,-1,-1,-1,-1,-1,-1,0,-1
2024461397539,2024,461397539,1,90,1,-1,19,3,7,-1,0,8,0,0,0,0,1,1,-1,1,1,29,6,-1,-1,-1,-1,3,E01021359,0,4
2024440328485,2024,440328485,1,9,0,18,19,4,8,0,0,1,0,0,3,10,1,1,6,6,1,26,6,-1,-1,-1,-1,1,E01022933,0,1
2024520001595,2024,520001595,1,9,0,18,19,1,5,0,0,0,0,0,0,0,1,1,6,6,1,20,4,-1,-1,-1,-1,2,E01014390,0,1
2024010495023,2024,010495023,2,9,0,15,15,3,7,0,0,0,0,0,0,0,1,1,6,6,3,-1,-1,-1,-1,-1,-1,-1,-1,0,-1
2024010547053,2024,010547053,1,1,9,99,99,9,9,99,99,9,9,99,9,99,9,1,2,2,1,37,7,-1,-1,-1,-1,2,E01002069,0,1
2024201563201,2024,201563201,1,9,0,-1,5,2,6,-1,0,8,0,0,0,0,1,9,-1,1,2,34,6,-1,-1,-1,-1,5,E01009895,0,2
2024430227800,2024,430227800,2,98,0,2,2,0,0,0,0,0,0,0,0,0,2,1,6,6,3,-1,-1,-1,-1,-1,-1,-1,-1,0,-1
2024070703830,2024,070703830,2,1,0,-1,-1,4,2,0,0,8,0,0,0,0,2,1,6,6,1,57,9,-1,-1,-1,-1,6,E01034409,0,4
2024010521528,2024,010521528,2,9,0,2,2,0,0,0,0,0,0,0,0,0,4,1,6,6,3,-1,-1,-1,-1,-1,-1,-1,-1,0,-1
2024010519015,2024,010519015,1,1,9,99,99,9,9,99,99,9,9,99,9,99,9,1,2,2,1,32,6,-1,-1,-1,-1,-1,-1,0,-1
2024332400645,2024,332400645,3,9,0,-1,4,6,2,-1,0,8,0,0,0,0,2,1,-1,6,1,65,9,-1,-1,-1,-1,9,E01025668,0,2
2024141557583,2024,141557583,1,9,0,-1,19,7,3,-1,0,2,0,0,0,0,3,9,-1,6,3,-1,-1,-1,-1,-1,-1,-1,-1,0,-1
2024010511756,2024,010511756,1,1,0,5,5,5,1,0,0,6,0,0,1,0,3,1,6,6,1,58,9,-1,-1,-1,-1,6,E01032780,0,2
2024991426614,2024,991426614,3,9,0,-1,9,7,3,-1,0,3,0,0,0,0,2,1,-1,9,2,51,8,-1,-1,-1,-1,6,-1,0,1
2024421427066,2024,421427066,2,1,-1,-1,-1,-1,-1,-1,-1,0,-1,-1,-1,0,-1,1,-1,9,1,58,9,-1,-1,-1,-1,7,E01015864,0,1
2024010499904,2024,010499904,2,9,0,99,99,9,9,99,99,9,9,99,9,99,1,9,6,6,3,-1,-1,-1,-1,-1,-1,-1,-1,0,-1
2024010488020,2024,010488020,1,9,0,18,19,7,3,0,0,1,0,10,0,0,1,1,6,6,1,24,5,-1,-1,-1,-1,-1,-1,0,-1
2024010521464,2024,010521464,1,9,0,5,5,3,7,0,0,2,0,0,0,0,1,1,6,6,3,-1,-1,-1,-1,-1,-1,-1,-1,0,-1
2024610011924,2024,610011924,2,19,0,13,13,3,7,0,0,0,1,0,0,0,1,1,6,6,1,45,7,-1,-1,-1,-1,1,W01001621,0,1
2024371429789,2024,371429789,2,9,0,-1,19,8,4,-1,0,4,0,0,0,0,1,1,-1,2,1,25,5,-1,-1,-1,-1,1,E01007511,0,5
2024401528680,2024,401528680,1,9,0,-1,19,8,4,-1,0,8,0,0,0,0,1,1,-1,2,1,36,7,-1,-1,-1,-1,4,E01017597,0,1
2024411500641,2024,411500641,4,9,0,-1,19,7,3,-1,0,0,0,0,0,0,1,1,-1,1,1,61,9,-1,-1,-1,-1,5,E01023331,0,1
2024471495286,2024,471495286,2,9,0,-1,19,7,3,-1,0,0,0,0,0,0,1,1,-1,6,3,-1,-1,-1,-1,-1,-1,-1,-1,0,-1
2024052402336,2024,052402336,2,1,0,18,19,2,6,0,0,3,0,0,0,0,1,1,6,6,1,16,4,-1,-1,-1,-1,1,E01006630,0,1
2024161531870,2024,161531870,1,19,0,-1,1,3,7,-1,0,0,0,0,0,0,4,1,-1,1,1,34,6,-1,-1,-1,-1,6,E01013023,0,1
2024211468128,2024,211468128,2,1,0,-1,19,4,8,-1,0,1,0,0,0,0,1,1,-1,6,2,44,7,-1,-1,-1,-1,10,E01029628,0,1
2024430513439,2024,430513439,1,9,0,18,19,2,6,0,0,4,0,0,0,0,3,1,6,6,2,-1,-1,-1,-1,-1,-1,-1,-1,0,-1
2024010505815,2024,010505815,1,3,0,99,99,9,9,99,99,9,9,99,9,99,1,1,1,1,1,25,5,-1,-1,-1,-1,7,E01002172,0,1
2024471409568,2024,471409568,1,-1,0,-1,19,3,7,-1,9,1,0,0,0,0,3,1,-1,6,3,-1,-1,-1,-1,-1,-1,-1,-1,0,-1
2024461424368,2024,461424368,3,90,0,-1,2,0,0,-1,0,0,0,0,0,0,4,1,-1,6,-1,-1,-1,-1,-1,-1,-1,-1,-1,0,-1
2024010527476,2024,010527476,2,1,9,18,19,9,9,5,5,1,9,99,0,99,1,1,6,6,3,-1,-1,-1,-1,-1,-1,-1,-1,0,-1
2024221396537,2024,221396537,1,9,0,-1,19,6,2,-1,0,1,0,0,0,0,1,9,-1,6,3,46,8,-1,-1,-1,-1,-1,-1,0,-1
2024421503105,2024,421503105,1,9,0,-1,19,6,2,-1,0,8,0,0,0,0,4,1,-1,9,2,37,7,-1,-1,-1,-1,3,E01034088,0,2
2024320412565,2024,320412565,2,9,0,-1,-1,2,6,0,0,8,5,0,0,0,1,1,-1,-1,1,24,5,-1,-1,-1,-1,6,E01026306,0,3
2024430522143,2024,430522143,2,9,0,18,19,8,4,0,0,0,0,0,0,0,3,1,6,6,3,-1,-1,-1,-1,-1,-1,-1,-1,0,-1
2024430091896,2024,430091896,2,1,0,18,19,1,0,0,0,8,0,0,0,0,0,1,6,6,1,55,8,-1,-1,-1,-1,10,E01028617,0,1
2024221511001,2024,221511001,1,9,0,-1,19,2,6,-1,0,0,1,0,1,7,1,1,-1,6,2,78,11,-1,-1,-1,-1,-1,-1,0,-1
2024070868256,2024,070868256,1,2,0,-1,9,4,2,-1,0,6,0,0,0,0,9,1,-1,6,1,-1,-1,-1,-1,-1,-1,-1,-1,0,-1
2024010504496,2024,010504496,2,9,9,99,99,9,9,99,99,9,9,99,9,99,9,1,6,6,3,-1,-1,-1,-1,-1,-1,-1,-1,0,-1
2024141466153,2024,141466153,2,97,0,-1,19,3,6,-1,0,2,0,0,0,0,1,1,-1,9,1,15,3,-1,-1,-1,-1,3,E01007774,0,1
2024201400724,2024,201400724,2,1,0,-1,19,1,5,-1,0,8,0,0,0,0,1,1,-1,9,1,56,9,-1,-1,-1,-1,1,E01010277,0,1
2024041439088,2024,041439088,2,9,0,-1,19,5,1,-1,0,0,0,0,0,0,1,1,-1,9,1,34,6,-1,-1,-1,-1,5,E01004840,0,3
2024520003098,2024,520003098,1,1,0,18,19,2,6,0,0,0,0,0,0,0,3,1,6,6,1,51,8,-1,-1,-1,-1,9,E01014391,0,1
2024332400518,2024,332400518,1,9,0,-1,6,1,1,-1,0,8,0,0,0,0,1,1,-1,6,3,-1,-1,-1,-1,-1,-1,-1,-1,0,-1
2024010536781,2024,010536781,1,90,0,99,99,9,9,99,99,9,9,99,9,99,1,9,1,1,1,27,6,-1,-1,-1,-1,3,E01000630,0,1
2024320636698,2024,320636698,1,9,0,2,2,0,0,0,0,2,0,0,0,0,4,1,6,6,3,-1,-1,-1,-1,-1,-1,-1,-1,0,-1
2024010488655,2024,010488655,1,9,0,99,99,9,9,99,99,9,9,99,9,99,2,9,6,6,2,40,7,-1,-1,-1,-1,2,E01001145,0,1
2024430464497,2024,430464497,1,9,0,18,19,5,7,0,0,4,0,0,0,0,1,1,6,6,3,-1,-1,-1,-1,-1,-1,-1,-1,0,-1
2024010519288,2024,010519288,1,9,0,99,99,9,9,99,99,0,9,99,9,99,2,9,6,6,2,59,9,-1,-1,-1,-1,4,E01000392,0,1
2024010495061,2024,010495061,1,11,0,9,9,3,1,2,2,3,0,0,0,0,0,1,1,1,1,59,9,-1,-1,-1,-1,4,E01000477,0,2
202460Q005779,2024,60Q005779,1,9,0,18,19,3,7,0,0,0,5,0,8,9,3,1,6,6,2,51,8,-1,-1,-1,-1,-1,-1,0,-1
2024061503078,2024,061503078,1,1,0,-1,9,-1,-1,-1,4,4,1,0,0,0,1,1,-1,2,2,29,6,-1,-1,-1,-1,2,E01005250,0,1
2024010491655,2024,010491655,2,90,0,99,99,5,1,99,99,0,9,99,9,99,2,9,6,6,3,-1,-1,-1,-1,-1,-1,-1,-1,0,-1
2024010492088,2024,010492088,1,9,0,9,9,1,7,0,0,1,0,0,0,0,4,1,3,7,1,41,7,-1,-1,-1,-1,3,E01001864,0,1
2024610015524,2024,610015524,1,1,0,5,5,6,2,0,0,2,0,0,0,0,1,1,6,6,2,52,8,-1,-1,-1,-1,2,W01001660,0,1
2024010538628,2024,010538628,1,1,9,99,99,9,9,99,99,9,9,99,9,99,9,1,2,2,1,49,8,-1,-1,-1,-1,6,E01000803,0,1
2024010521371,2024,010521371,2,1,0,16,19,3,7,0,0,2,1,10,1,0,3,1,6,6,1,75,10,-1,-1,-1,-1,6,E01003107,0,1
2024010535732,2024,010535732,1,1,9,99,99,9,9,99,99,0,9,99,9,99,9,1,6,6,3,-1,-1,-1,-1,-1,-1,-1,-1,0,-1
2024351405599,2024,351405599,1,99,-1,-1,-1,-1,-1,-1,-1,0,-1,-1,-1,0,-1,9,-1,6,3,-1,-1,-1,-1,-1,-1,-1,-1,0,-1
2024430172311,2024,430172311,2,1,0,18,19,6,2,0,0,0,0,0,0,0,1,1,4,7,1,12,3,-1,-1,-1,-1,10,E01032962,0,1
2024311498077,2024,311498077,3,9,0,-1,19,1,5,-1,0,0,1,0,1,0,3,1,-1,9,1,55,8,-1,-1,-1,-1,10,E01028148,0,3
2024061502707,2024,061502707,2,1,0,-1,19,3,7,-1,0,8,0,0,0,0,3,1,-1,6,1,12,3,-1,-1,-1,-1,1,E01005202,0,1
2024221417560,2024,221417560,2,1,0,-1,9,2,8,-1,0,5,0,0,0,0,3,1,-1,6,2,43,7,-1,-1,-1,-1,9,E01028916,0,1
2024010536840,2024,010536840,1,1,9,99,99,9,9,99,99,9,9,99,9,99,9,1,2,2,1,33,6,-1,-1,-1,-1,3,E01003056,0,1
2024361483930,2024,361483930,1,9,-1,-1,-1,-1,-1,-1,-1,0,-1,-1,-1,0,-1,1,-1,6,1,31,6,-1,-1,-1,-1,8,E01029957,0,4
2024371537232,2024,371537232,2,1,0,-1,19,4,8,-1,0,8,1,0,0,0,1,1,-1,9,1,16,4,-1,-1,-1,-1,7,E01029937,0,1
2024302401679,2024,302401679,2,10,0,2,2,0,0,0,0,0,0,0,0,0,0,1,6,6,3,-1,-1,-1,-1,-1,-1,-1,-1,0,-1
2024401521626,2024,401521626,1,20,1,-1,19,1,5,-1,0,0,0,0,0,0,1,2,-1,6,3,-1,-1,-1,-1,-1,-1,-1,-1,0,-1
2024010524646,2024,010524646,2,9,9,99,99,9,9,99,99,9,9,99,9,99,2,9,6,6,3,-1,-1,-1,-1,-1,-1,-1,-1,0,-1
2024010531844,2024,010531844,2,1,0,18,19,7,3,0,0,1,0,0,0,0,0,1,2,2,1,38,7,-1,-1,-1,-1,5,E01002001,0,1
2024010488007,2024,010488007,1,3,9,99,99,9,9,99,99,9,9,99,9,99,1,1,1,1,1,30,6,-1,-1,-1,-1,6,E01034291,0,4
2024543219524,2024,543219524,2,21,0,18,19,4,8,0,0,0,0,0,0,0,3,1,1,1,1,59,9,-1,-1,-1,-1,5,E01031845,0,3
2024501518849,2024,501518849,1,9,0,-1,19,4,8,-1,0,0,5,0,2,10,1,1,-1,9,1,20,4,-1,-1,-1,-1,6,E01018821,0,2
2024010526059,2024,010526059,1,1,9,99,99,9,9,99,99,9,9,99,9,99,2,1,2,2,1,40,7,-1,-1,-1,-1,10,E01003883,0,1
2024610029424,2024,610029424,1,9,0,18,19,1,5,0,0,8,0,0,0,0,3,1,6,6,1,40,7,-1,-1,-1,-1,5,W01002030,0,1
2024141394469,2024,141394469,1,9,0,-1,5,3,5,-1,0,1,0,0,0,0,1,9,-1,6,1,40,7,-1,-1,-1,-1,4,E01007584,0,1
2024501441935,2024,501441935,1,1,0,-1,19,2,6,-1,0,0,2,0,7,0,3,1,-1,9,1,56,9,-1,-1,-1,-1,4,E01018950,0,4
2024010489093,2024,010489093,2,1,0,18,19,5,1,0,0,1,0,0,0,0,1,1,6,6,1,42,7,-1,-1,-1,-1,9,E01000880,0,1
2024010488653,2024,010488653,1,9,0,3,3,1,5,0,0,1,0,0,0,0,1,1,6,6,1,59,9,-1,-1,-1,-1,2,E01032787,0,1
2024061514626,2024,061514626,1,3,0,-1,13,5,1,-1,0,1,0,0,0,0,1,1,-1,6,1,66,10,-1,-1,-1,-1,2,E01005887,0,1
2024201467229,2024,201467229,1,9,0,-1,10,5,3,-1,0,1,0,0,0,0,1,1,-1,1,2,48,8,-1,-1,-1,-1,10,E01009853,0,3
2024411443676,2024,411443676,1,97,0,-1,15,8,4,-1,0,0,5,0,0,0,1,1,-1,6,1,21,5,-1,-1,-1,-1,8,E01033029,0,1
2024010503849,2024,010503849,1,1,9,99,99,9,9,99,99,9,9,99,9,99,1,1,6,6,1,61,9,-1,-1,-1,-1,10,E01003805,0,2
2024010504415,2024,010504415,2,9,0,99,99,9,9,99,99,9,9,99,9,99,9,9,6,6,3,-1,-1,-1,-1,-1,-1,-1,-1,0,-1
2024351503794,2024,351503794,1,9,0,-1,19,7,1,-1,0,4,1,0,0,0,3,1,-1,6,3,-1,-1,-1,-1,-1,-1,-1,-1,0,-1
2024520002906,2024,520002906,2,-1,0,18,19,1,5,0,0,0,0,0,0,0,1,1,6,6,1,13,3,-1,-1,-1,-1,1,E01014463,1,1
2024461427404,2024,461427404,1,9,0,-1,19,3,7,-1,0,0,0,0,0,0,1,9,-1,6,1,55,8,-1,-1,-1,-1,8,E01016121,0,1
2024010513332,2024,010513332,1,1,9,99,99,9,9,99,99,9,9,99,9,99,1,1,2,2,1,33,6,-1,-1,-1,-1,2,E01003174,0,2
2024552401223,2024,552401223,1,9,0,18,19,6,2,0,0,1,0,0,0,0,1,1,6,6,3,-1,-1,-1,-1,-1,-1,-1,-1,0,-1
2024201515704,2024,201515704,2,9,0,-1,19,3,7,-1,0,8,0,0,0,0,4,1,-1,6,2,42,7,-1,-1,-1,-1,7,E01008991,0,1
2024461469555,2024,461469555,1,9,0,-1,11,8,4,-1,0,0,0,0,0,0,3,9,-1,6,1,-1,-1,-1,-1,-1,-1,2,E01024391,0,4
2024991446527,2024,991446527,1,5,0,-1,13,8,4,-1,0,0,0,0,7,0,4,1,-1,9,1,60,9,-1,-1,-1,-1,7,E01012345,0,5
2024201505757,2024,201505757,1,98,0,-1,19,6,2,-1,0,0,0,0,0,0,4,1,-1,6,1,-1,-1,-1,-1,-1,-1,-1,-1,0,-1
2024221434326,2024,221434326,2,1,0,-1,19,6,8,-1,0,0,1,0,0,0,4,1,-1,9,1,72,10,-1,-1,-1,-1,2,W01000498,0,2
2024471487243,2024,471487243,2,1,0,-1,9,3,7,-1,0,1,0,0,0,0,3,1,-1,6,1,22,5,-1,-1,-1,-1,6,E01016887,0,1
2024231452984,2024,231452984,1,1,0,-1,9,4,2,-1,0,6,0,0,0,0,1,1,-1,6,1,-1,-1,-1,-1,-1,-1,9,E01032894,0,1
2024010538533,2024,010538533,2,1,0,9,9,1,7,0,0,3,0,0,0,0,1,1,6,6,1,61,9,-1,-1,-1,-1,10,E01000809,0,1
2024522403242,2024,522403242,1,1,0,18,19,1,5,0,0,8,0,0,0,0,1,1,6,6,1,44,7,-1,-1,-1,-1,3,E01014588,0,1
2024010533020,2024,010533020,1,1,9,99,99,9,9,99,99,9,9,99,9,99,1,1,2,2,1,30,6,-1,-1,-1,-1,10,E01033135,0,1
2024340NN4082,2024,340NN4082,1,9,0,-1,19,1,5,-1,0,4,0,0,0,0,1,1,-1,2,1,80,11,-1,-1,-1,-1,6,E01027032,0,1
2024211481639,2024,211481639,1,5,0,-1,15,3,7,-1,0,1,0,0,0,0,1,1,-1,6,1,60,9,-1,-1,-1,-1,-1,-1,0,-1
2024010488163,2024,010488163,1,3,0,99,99,9,9,99,99,9,9,99,9,99,9,1,2,2,3,20,4,-1,-1,-1,-1,2,E01004243,0,2
2024451480602,2024,451480602,2,98,0,-1,4,8,4,-1,0,0,0,0,0,0,4,1,-1,9,1,45,7,-1,-1,-1,-1,10,E01030296,0,4
2024451418566,2024,451418566,2,9,9,-1,19,7,3,-1,0,6,0,0,0,0,1,1,-1,6,2,50,8,-1,-1,-1,-1,-1,-1,0,-1
2024201531948,2024,201531948,2,9,0,-1,19,3,7,-1,0,8,0,0,0,0,4,1,-1,9,2,47,8,-1,-1,-1,-1,6,E01009676,0,1
2024101413094,2024,101413094,1,-1,0,-1,19,5,1,-1,0,6,0,0,0,0,3,1,-1,9,1,12,3,-1,-1,-1,-1,2,E01008324,1,1
2024070620284,2024,070620284,1,9,0,5,5,4,1,0,0,4,0,0,0,0,0,1,6,6,2,-1,-1,-1,-1,-1,-1,-1,-1,0,-1
2024061468675,2024,061468675,1,9,0,-1,15,1,3,-1,0,1,0,0,0,0,-1,9,-1,6,3,-1,-1,-1,-1,-1,-1,-1,-1,0,-1
2024421509765,2024,421509765,2,1,0,-1,5,1,5,-1,0,4,0,0,0,0,1,1,-1,9,2,53,8,-1,-1,-1,-1,4,E01021706,0,1
2024010491066,2024,010491066,2,9,0,99,99,9,9,99,99,9,9,99,9,99,9,9,6,6,3,-1,-1,-1,-1,-1,-1,-1,-1,0,-1
2024061407224,2024,061407224,2,1,0,-1,19,1,1,-1,0,1,0,0,0,0,1,1,-1,6,1,33,6,-1,-1,-1,-1,10,E01006173,0,2
2024320748812,2024,320748812,1,4,0,-1,-1,3,7,0,0,1,5,0,0,0,0,1,6,6,1,20,4,-1,-1,-1,-1,6,E01034688,0,1
2024010487918,2024,010487918,1,9,0,9,9,4,3,0,0,1,0,0,0,0,3,1,6,6,2,45,7,-1,-1,-1,-1,-1,-1,0,-1
2024061452170,2024,061452170,2,19,0,-1,4,-1,-1,-1,0,0,0,0,0,0,1,1,-1,6,3,-1,-1,-1,-1,-1,-1,-1,-1,0,-1
2024010503995,2024,010503995,1,1,9,99,99,9,9,99,99,9,9,99,9,99,1,1,6,6,3,-1,-1,-1,-1,-1,-1,-1,-1,0,-1
2024411443665,2024,411443665,2,1,0,-1,19,3,7,-1,0,8,5,0,0,0,4,1,-1,6,1,34,6,-1,-1,-1,-1,6,E01023305,0,2
2024411524960,2024,411524960,2,9,0,-1,-1,-1,-1,-1,-1,-1,-1,-1,-1,0,-1,9,-1,6,2,36,7,-1,-1,-1,-1,6,E01023804,0,1
2024361473269,2024,361473269,2,23,0,-1,19,1,5,-1,0,8,2,0,0,0,1,1,-1,6,1,58,9,-1,-1,-1,-1,1,E01026624,0,1
2024461516778,2024,461516778,2,97,0,-1,4,3,7,-1,0,0,0,0,0,0,2,1,-1,6,1,-1,-1,-1,-1,-1,-1,-1,-1,0,-1
2024631451545,2024,631451545,1,98,0,-1,13,6,2,-1,0,8,0,0,0,0,1,1,-1,6,3,-1,-1,-1,-1,-1,-1,-1,-1,0,-1
2024351452608,2024,351452608,2,1,0,-1,14,4,8,-1,4,0,5,4,7,0,3,1,-1,2,2,53,8,-1,-1,-1,-1,10,E01018234,0,2
2024010540604,2024,010540604,2,1,0,-1,-1,5,1,0,0,0,0,4,0,0,1,1,2,2,1,59,9,-1,-1,-1,-1,3,E01003989,0,1
202460Q008964,2024,60Q008964,2,9,0,18,19,4,8,0,0,3,0,0,0,0,4,1,6,6,1,43,7,-1,-1,-1,-1,-1,-1,0,-1
2024010532033,2024,010532033,1,9,0,18,19,2,6,0,0,0,0,0,0,0,1,1,6,6,3,-1,-1,-1,-1,-1,-1,-1,-1,0,-1
2024161412252,2024,161412252,1,9,0,-1,19,1,7,-1,0,0,0,0,1,9,1,9,-1,9,1,55,8,-1,-1,-1,-1,1,E01013000,0,1
2024041528960,2024,041528960,2,1,0,-1,19,3,7,-1,0,0,0,0,0,0,4,1,-1,9,1,15,3,-1,-1,-1,-1,5,E01025031,0,1
2024010500811,2024,010500811,1,1,9,99,99,9,9,99,99,1,9,99,9,99,1,1,2,2,1,32,6,-1,-1,-1,-1,2,E01004003,0,1
2024430318689,2024,430318689,1,8,0,18,19,7,3,0,0,2,1,0,1,0,4,1,6,6,1,35,6,-1,-1,-1,-1,8,E01016431,0,1
2024010493929,2024,010493929,1,9,0,9,9,3,1,0,0,1,0,0,0,0,1,1,6,6,2,32,6,-1,-1,-1,-1,-1,-1,0,-1
2024991513271,2024,991513271,1,1,0,-1,19,5,1,-1,0,0,0,12,0,0,1,1,-1,9,1,63,9,-1,-1,-1,-1,-1,-1,0,-1
2024430094367,2024,430094367,2,3,0,4,4,1,5,0,0,1,0,0,0,0,1,1,2,2,2,30,6,-1,-1,-1,-1,9,E01028723,0,1
2024131462230,2024,131462230,2,16,0,-1,19,1,5,-1,0,0,0,0,7,0,0,1,-1,9,2,24,5,-1,-1,-1,-1,1,E01010777,0,2
2024991508033,2024,991508033,1,19,0,-1,5,5,8,-1,0,8,0,0,1,0,1,1,-1,1,1,75,10,-1,-1,-1,-1,-1,-1,0,-1
2024010547327,2024,010547327,1,19,0,3,3,9,9,99,99,0,9,99,9,99,2,1,1,1,1,44,7,-1,-1,-1,-1,6,E01000238,0,2
2024010487377,2024,010487377,1,11,0,4,4,1,5,0,0,1,0,0,0,0,0,1,1,1,1,48,8,-1,-1,-1,-1,8,E01034386,0,3
2024201474703,2024,201474703,2,9,0,-1,19,8,4,-1,0,8,0,0,0,0,1,1,-1,9,1,37,7,-1,-1,-1,-1,6,E01029401,0,4
2024440344469,2024,440344469,2,9,0,18,19,5,1,0,0,0,0,0,0,0,0,1,1,1,2,49,8,-1,-1,-1,-1,10,E01023268,0,1
202460Q083015,2024,60Q083015,3,9,0,3,3,2,7,0,0,1,0,0,0,0,1,1,6,6,1,66,10,-1,-1,-1,-1,-1,-1,0,-1
2024010502318,2024,010502318,1,3,0,5,5,0,2,0,0,2,0,0,0,0,1,1,1,1,1,29,6,-1,-1,-1,-1,4,E01000610,0,1
2024351498696,2024,351498696,1,-1,0,-1,19,7,3,-1,0,1,0,0,0,0,4,1,-1,2,1,40,7,-1,-1,-1,-1,7,E01035522,1,1
2024520000186,2024,520000186,3,1,0,18,19,3,7,0,0,8,0,0,0,0,1,1,6,6,1,20,4,-1,-1,-1,-1,-1,-1,0,-1
2024320407014,2024,320407014,2,9,0,8,8,2,4,0,0,5,2,0,0,0,4,1,6,6,1,-1,-1,-1,-1,-1,-1,-1,-1,0,-1
2024430469128,2024,430469128,1,-1,0,18,19,1,5,9,9,2,0,8,0,0,1,1,6,6,2,47,8,-1,-1,-1,-1,-1,-1,1,-1
2024010532683,2024,010532683,1,1,9,99,99,9,9,99,99,9,9,99,9,99,0,1,2,2,2,33,6,-1,-1,-1,-1,2,E01001716,0,1
2024541934424,2024,541934424,2,9,0,18,19,3,7,0,0,0,0,0,4,6,1,1,6,6,2,27,6,-1,-1,-1,-1,5,E01014549,0,4
2024221490025,2024,221490025,2,9,0,-1,5,6,1,-1,0,4,0,0,0,0,1,1,-1,7,2,32,6,-1,-1,-1,-1,2,E01014185,0,1
2024010495785,2024,010495785,1,3,0,18,19,1,5,0,0,0,0,0,0,0,1,1,1,1,1,29,6,-1,-1,-1,-1,8,E01002495,0,2
2024440329111,2024,440329111,2,9,0,3,3,5,1,0,0,1,0,0,0,0,2,1,1,1,1,51,8,-1,-1,-1,-1,4,E01022657,0,3
2024010520810,2024,010520810,1,3,9,99,99,9,9,99,99,9,9,99,9,99,9,1,6,6,3,-1,-1,-1,-1,-1,-1,-1,-1,0,-1
2024052401294,2024,052401294,2,9,0,1,1,1,5,0,0,1,0,0,0,0,2,1,6,6,1,24,5,-1,-1,-1,-1,-1,-1,0,-1
2024131405545,2024,131405545,2,1,0,-1,19,1,5,-1,0,8,0,0,0,0,3,1,-1,9,1,41,7,-1,-1,-1,-1,10,E01010697,0,1
2024991419426,2024,991419426,1,9,0,-1,6,7,7,-1,0,0,0,0,0,0,3,1,-1,6,2,24,5,-1,-1,-1,-1,2,-1,0,2
2024010488779,2024,010488779,2,9,9,99,99,9,9,99,99,0,9,12,9,99,4,9,6,6,3,-1,-1,-1,-1,-1,-1,-1,-1,0,-1
2024010532290,2024,010532290,2,1,0,18,19,7,3,4,4,8,0,0,0,0,3,1,6,6,2,36,7,-1,-1,-1,-1,6,E01002828,0,1
2024111498988,2024,111498988,1,9,0,-1,9,4,3,-1,0,1,0,0,0,0,1,1,-1,6,3,30,6,-1,-1,-1,-1,-1,-1,0,-1
2024520402452,2024,520402452,2,1,0,18,19,3,7,5,5,3,0,0,0,0,3,1,6,6,1,47,8,-1,-1,-1,-1,4,E01029152,0,1
2024010547876,2024,010547876,1,9,0,18,19,1,5,0,0,1,0,0,0,0,1,1,6,6,1,24,5,-1,-1,-1,-1,4,E01001459,0,3
2024231457057,2024,231457057,1,21,1,-1,12,1,5,-1,0,0,0,0,0,0,1,9,-1,6,1,49,8,-1,-1,-1,-1,-1,-1,0,-1
2024111462670,2024,111462670,1,1,0,-1,19,2,6,-1,0,0,5,0,0,0,1,1,-1,6,1,60,9,-1,-1,-1,-1,-1,-1,0,-1
2024411403975,2024,411403975,1,19,0,-1,4,1,5,-1,0,0,0,0,0,0,2,1,-1,1,1,75,10,-1,-1,-1,-1,8,E01017426,0,4
2024221454693,2024,221454693,2,8,0,-1,19,6,2,-1,0,0,0,0,0,0,1,1,-1,1,1,42,7,-1,-1,-1,-1,1,E01008941,0,4
2024461423048,2024,461423048,1,9,0,-1,19,4,5,-1,0,0,0,0,0,0,2,9,-1,6,3,-1,-1,-1,-1,-1,-1,-1,-1,0,-1
2024010495304,2024,010495304,1,19,0,9,9,1,6,0,0,8,0,0,0,0,1,1,2,2,1,47,8,-1,-1,-1,-1,8,E01016339,0,4
2024991437630,2024,991437630,2,1,0,-1,19,5,1,-1,0,8,0,0,0,0,3,1,-1,6,2,24,5,-1,-1,-1,-1,-1,-1,0,-1
2024010514640,2024,010514640,2,19,0,18,19,3,7,0,0,0,0,0,0,0,1,1,6,6,3,-1,-1,-1,-1,-1,-1,-1,-1,0,-1