collision_index,collision_year,collision_ref_no,vehicle_reference,vehicle_type,towing_and_articulation,vehicle_manoeuvre_historic,vehicle_manoeuvre,vehicle_direction_from,vehicle_direction_to,vehicle_location_restricted_lane_historic,vehicle_location_restricted_lane,junction_location,skidding_and_overturning,hit_object_in_carriageway,vehicle_leaving_carriageway,hit_object_off_carriageway,first_point_of_impact,vehicle_left_hand_drive,journey_purpose_of_driver_historic,journey_purpose_of_driver,sex_of_driver,age_of_driver,age_band_of_driver,engine_capacity_cc,propulsion_code,age_of_vehicle,generic_make_model,driver_imd_decile,lsoa_of_driver,escooter_flag,driver_distance_banding
2024161532217,2024,161532217,1,1,0,-1,19,1,5,-1,0,1,2,0,0,0,1,1,-1,9,2,14,3,-1,-1,-1,-1,1,E01012844,0,1
2024061450997,2024,061450997,2,9,0,-1,99,-1,-1,-1,0,1,0,99,0,0,1,1,-1,6,3,-1,-1,-1,-1,-1,-1,-1,-1,0,-1
2024451529916,2024,451529916,2,1,0,-1,19,3,1,-1,0,0,0,0,0,0,2,1,-1,9,1,39,7,-1,-1,-1,-1,5,E01030971,0,1
2024401443068,2024,401443068,1,9,0,-1,12,6,2,-1,0,0,0,0,5,6,3,1,-1,2,1,70,10,-1,-1,-1,-1,6,E01017547,0,2
2024161436793,2024,161436793,2,10,0,-1,19,4,8,-1,0,5,0,0,0,0,3,1,-1,1,1,43,7,-1,-1,-1,-1,1,E01012865,0,2
2024430482283,2024,430482283,2,1,0,18,19,6,2,0,0,6,0,0,0,0,1,1,6,6,2,-1,-1,-1,-1,-1,-1,-1,-1,0,-1
2024031512062,2024,031512062,2,9,0,-1,19,5,6,-1,0,0,0,0,0,0,1,1,-1,8,1,34,6,-1,-1,-1,-1,-1,-1,0,-1
2024041490824,2024,041490824,1,98,0,-1,19,5,1,-1,0,0,0,0,0,0,-1,9,-1,6,3,-1,-1,-1,-1,-1,-1,-1,-1,0,-1
2024010526255,2024,010526255,2,1,9,18,19,3,7,99,99,1,9,99,9,99,4,1,6,6,1,23,5,-1,-1,-1,-1,-1,-1,0,-1
2024430232573,2024,430232573,1,9,0,17,19,1,7,0,0,8,0,0,0,0,1,1,6,6,3,-1,-1,-1,-1,-1,-1,-1,-1,0,-1
2024991444235,2024,991444235,2,1,0,-1,19,6,1,-1,0,0,0,0,0,0,1,1,-1,6,1,45,7,-1,-1,-1,-1,10,-1,0,1
2024010550824,2024,010550824,2,9,0,99,99,9,9,99,99,9,9,99,9,99,9,9,6,6,3,-1,-1,-1,-1,-1,-1,-1,-1,0,-1
2024010492655,2024,010492655,1,3,0,99,99,9,9,99,99,9,9,99,9,99,9,1,1,1,1,24,5,-1,-1,-1,-1,2,E01002686,0,1
2024622400274,2024,622400274,2,1,0,18,19,3,7,0,0,1,0,0,0,0,3,1,6,6,1,66,10,-1,-1,-1,-1,1,W01001762,0,1
2024010491911,2024,010491911,3,9,0,18,19,1,5,0,0,0,0,0,0,0,9,1,6,6,2,38,7,-1,-1,-1,-1,9,E01001072,0,1
2024131491485,2024,131491485,1,-1,0,-1,19,2,6,-1,9,1,2,0,0,0,1,1,-1,9,1,9,2,-1,-1,-1,-1,1,E01010606,1,1
2024161450548,2024,161450548,1,9,0,-1,19,7,3,-1,0,1,0,0,1,2,1,1,-1,6,3,-1,-1,-1,-1,-1,-1,-1,-1,0,-1
2024061468952,2024,061468952,1,9,0,-1,-1,-1,-1,-1,-1,-1,-1,-1,-1,0,-1,1,-1,6,3,-1,-1,-1,-1,-1,-1,-1,-1,0,-1
2024141400165,2024,141400165,3,3,0,-1,19,3,7,-1,0,1,0,0,0,0,0,1,-1,6,3,18,4,-1,-1,-1,-1,-1,-1,0,-1
2024010495742,2024,010495742,2,19,0,15,15,1,5,8,6,1,0,0,2,4,1,1,6,6,1,24,5,-1,-1,-1,-1,-1,-1,0,-1
2024311459236,2024,311459236,2,1,0,-1,9,1,5,-1,0,8,0,0,0,0,2,1,-1,2,1,14,3,-1,-1,-1,-1,-1,-1,0,-1
2024520401176,2024,520401176,1,9,0,3,3,7,3,0,0,8,0,0,0,0,3,1,6,6,2,39,7,-1,-1,-1,-1,9,E01029065,0,1
2024302401122,2024,302401122,1,9,0,1,1,6,2,0,0,2,0,0,0,0,0,1,6,6,3,-1,-1,-1,-1,-1,-1,5,E01019456,0,3
2024010502675,2024,010502675,1,9,0,99,99,9,9,99,99,9,9,99,9,99,9,9,6,6,1,36,7,-1,-1,-1,-1,10,E01030607,0,3
2024201490512,2024,201490512,1,1,0,-1,19,3,7,-1,1,0,0,0,0,0,1,1,-1,6,3,-1,-1,-1,-1,-1,-1,-1,-1,0,-1
2024010547781,2024,010547781,1,1,0,18,19,1,5,0,0,1,0,0,0,0,1,1,6,6,1,17,4,-1,-1,-1,-1,8,E01004507,0,1
2024010534708,2024,010534708,1,1,0,18,19,5,1,0,0,8,0,0,0,0,1,1,2,2,2,35,6,-1,-1,-1,-1,6,E01001245,0,1
2024101442736,2024,101442736,2,11,0,-1,19,4,8,-1,0,0,0,0,0,0,2,1,-1,1,1,64,9,-1,-1,-1,-1,-1,-1,0,-1
2024010491138,2024,010491138,2,9,0,99,99,9,9,99,99,6,9,99,9,99,1,9,6,6,3,-1,-1,-1,-1,-1,-1,-1,-1,0,-1
2024010489034,2024,010489034,2,9,0,2,2,0,0,0,0,0,0,0,0,0,1,1,6,6,3,-1,-1,-1,-1,-1,-1,-1,-1,0,-1
2024010503947,2024,010503947,1,4,0,18,19,5,1,0,0,1,0,0,3,0,1,1,6,6,3,-1,-1,-1,-1,-1,-1,-1,-1,0,-1
2024201474703,2024,201474703,1,9,0,-1,9,4,2,-1,0,5,0,0,0,0,4,1,-1,9,2,28,6,-1,-1,-1,-1,-1,-1,0,-1
2024340NN1332,2024,340NN1332,2,9,0,-1,19,6,2,-1,0,0,0,11,5,10,2,1,-1,6,2,58,9,-1,-1,-1,-1,7,E01027321,0,1
2024041404048,2024,041404048,1,9,0,-1,19,7,3,-1,0,0,2,0,1,11,1,1,-1,2,1,35,6,-1,-1,-1,-1,3,E01025225,0,1
2024340NN9112,2024,340NN9112,2,19,0,-1,4,3,7,-1,0,0,0,0,0,0,2,1,-1,1,1,44,7,-1,-1,-1,-1,4,E01035430,0,2
2024320146745,2024,320146745,1,9,0,-1,-1,6,2,0,0,0,0,0,1,10,1,1,1,1,1,43,7,-1,-1,-1,-1,4,E01026019,0,2
2024010487382,2024,010487382,1,19,0,15,15,1,5,0,0,6,0,0,3,0,1,1,1,1,1,21,5,-1,-1,-1,-1,3,E01001629,0,2
2024471485219,2024,471485219,2,1,0,-1,19,2,6,-1,0,3,0,0,0,0,4,1,-1,9,1,44,7,-1,-1,-1,-1,10,E01030604,0,4
2024010536388,2024,010536388,1,1,9,99,99,9,9,99,99,9,9,99,9,99,9,1,2,2,1,48,8,-1,-1,-1,-1,4,E01000406,0,3
2024131455822,2024,131455822,2,1,0,-1,19,4,8,-1,0,0,0,0,0,0,1,1,-1,2,1,44,7,-1,-1,-1,-1,1,E01010680,0,2
2024010502642,2024,010502642,2,1,0,18,19,7,3,0,0,0,0,4,0,0,1,1,6,6,2,30,6,-1,-1,-1,-1,9,E01000859,0,1
2024552400331,2024,552400331,1,9,0,13,13,2,6,0,0,0,0,0,0,0,4,1,6,6,3,-1,-1,-1,-1,-1,-1,-1,-1,0,-1
2024430415951,2024,430415951,1,9,0,9,9,5,3,0,0,5,0,0,0,0,1,1,6,6,1,-1,-1,-1,-1,-1,-1,-1,-1,0,-1
2024010543285,2024,010543285,1,9,0,99,99,9,9,99,99,9,9,99,9,99,9,9,6,6,1,58,9,-1,-1,-1,-1,8,E01002941,0,3
2024430193308,2024,430193308,1,9,0,9,9,3,1,0,0,6,0,0,0,0,3,1,6,6,2,59,9,-1,-1,-1,-1,3,E01017711,0,1
2024161467919,2024,161467919,1,1,0,-1,3,0,0,-1,0,1,0,0,0,0,9,1,-1,2,2,50,8,-1,-1,-1,-1,4,E01013320,0,1
2024131409707,2024,131409707,1,97,0,-1,19,1,1,-1,0,0,0,0,0,0,1,1,-1,2,1,76,11,-1,-1,-1,-1,4,E01011192,0,1
2024451474296,2024,451474296,1,9,0,-1,19,5,1,-1,0,1,0,0,0,0,2,1,-1,1,1,64,9,-1,-1,-1,-1,2,E01001633,0,4
2024421422383,2024,421422383,1,9,-1,-1,-1,-1,-1,-1,-1,0,-1,-1,-1,0,-1,9,-1,6,3,-1,-1,-1,-1,-1,-1,-1,-1,0,-1
2024041536698,2024,041536698,2,9,0,-1,19,7,3,-1,0,8,0,0,0,0,1,1,-1,9,1,37,7,-1,-1,-1,-1,4,E01025492,0,3
2024010543044,2024,010543044,2,9,0,14,14,5,1,0,0,1,0,4,0,0,1,1,6,6,3,-1,-1,-1,-1,-1,-1,-1,-1,0,-1
2024010516132,2024,010516132,2,9,0,99,99,9,9,99,99,9,9,99,9,99,9,9,6,6,3,-1,-1,-1,-1,-1,-1,-1,-1,0,-1
2024010540162,2024,010540162,1,1,0,18,19,5,1,0,0,2,0,0,0,0,3,1,1,1,1,49,8,-1,-1,-1,-1,4,E01000490,0,1
2024332401036,2024,332401036,2,9,0,-1,19,5,1,-1,0,0,0,0,0,0,1,1,-1,6,1,56,9,-1,-1,-1,-1,10,E01025896,0,4
2024430588972,2024,430588972,1,9,0,1,1,4,8,0,0,0,0,0,0,0,2,1,6,6,3,-1,-1,-1,-1,-1,-1,-1,-1,0,-1
2024010491047,2024,010491047,1,9,0,4,4,7,3,0,0,2,0,0,0,0,3,1,6,6,1,25,5,-1,-1,-1,-1,4,E01004633,0,2
2024131436173,2024,131436173,2,1,0,-1,19,4,8,-1,0,0,0,0,0,0,0,1,-1,2,1,28,6,-1,-1,-1,-1,6,E01011053,0,2
2024340WN1312,2024,340WN1312,1,9,0,-1,19,5,1,-1,0,1,0,0,0,0,1,1,-1,1,1,42,7,-1,-1,-1,-1,8,E01035416,0,3
2024010488186,2024,010488186,1,3,0,18,19,1,5,0,0,0,0,0,0,0,1,1,1,1,1,33,6,-1,-1,-1,-1,-1,-1,0,-1
2024201527565,2024,201527565,2,1,0,-1,19,1,1,-1,4,8,0,0,0,0,1,1,-1,9,1,23,5,-1,-1,-1,-1,-1,-1,0,-1
2024010490490,2024,010490490,2,9,0,99,99,9,9,99,99,9,9,99,9,99,1,1,6,6,3,-1,-1,-1,-1,-1,-1,-1,-1,0,-1
2024531396113,2024,531396113,1,9,0,-1,5,7,3,-1,0,4,0,0,0,0,1,1,-1,2,2,19,4,-1,-1,-1,-1,3,E01022309,0,1
2024010516021,2024,010516021,1,1,9,99,99,9,9,99,99,9,9,99,9,99,1,1,4,7,1,-1,-1,-1,-1,-1,-1,3,E01000057,0,1
2024430022485,2024,430022485,1,9,0,17,19,7,4,0,0,0,1,10,2,2,0,1,6,6,1,38,7,-1,-1,-1,-1,10,E01016668,0,1
2024041477305,2024,041477305,1,1,0,-1,19,5,1,-1,0,8,0,0,0,0,4,1,-1,9,1,12,3,-1,-1,-1,-1,3,E01024943,0,1
2024010526604,2024,010526604,2,1,0,18,19,1,5,0,0,0,0,0,0,0,2,1,6,6,1,24,5,-1,-1,-1,-1,2,E01004289,0,1
2024010487319,2024,010487319,1,4,0,18,19,5,1,0,0,2,5,0,0,0,4,1,1,1,1,30,6,-1,-1,-1,-1,3,E01003625,0,2
2024351441042,2024,351441042,1,9,0,-1,7,2,5,-1,0,6,0,0,0,0,1,1,-1,6,1,32,6,-1,-1,-1,-1,10,E01018301,0,1
2024122401155,2024,122401155,2,19,0,18,19,1,5,0,0,0,0,0,0,0,2,1,6,6,1,33,6,-1,-1,-1,-1,9,E01027894,0,1
2024101511584,2024,101511584,2,1,0,-1,14,6,2,-1,0,0,0,0,0,0,1,1,-1,6,1,19,4,-1,-1,-1,-1,-1,-1,0,-1
2024552401276,2024,552401276,2,1,0,9,9,1,7,0,0,8,0,0,0,0,0,1,6,6,2,53,8,-1,-1,-1,-1,7,E01015348,0,1
2024430306094,2024,430306094,1,9,0,17,19,4,2,0,0,8,0,0,0,0,1,1,2,2,2,37,7,-1,-1,-1,-1,5,E01030674,0,1
2024010510654,2024,010510654,3,3,0,18,19,3,7,0,0,1,0,0,0,0,2,1,6,6,3,-1,-1,-1,-1,-1,-1,-1,-1,0,-1
2024401395865,2024,401395865,1,9,0,-1,9,7,3,-1,0,4,0,0,3,0,1,9,-1,6,1,81,11,-1,-1,-1,-1,10,E01031296,0,4
2024131491615,2024,131491615,1,9,0,-1,3,7,2,-1,0,8,0,0,0,0,1,1,-1,6,1,-1,-1,-1,-1,-1,-1,-1,-1,0,-1
2024471473944,2024,471473944,2,1,0,-1,19,3,7,-1,0,1,0,0,0,0,1,1,-1,6,1,23,5,-1,-1,-1,-1,4,E01031791,0,1
2024052402058,2024,052402058,2,1,0,18,19,3,7,0,0,1,0,0,0,0,4,1,6,6,1,26,6,-1,-1,-1,-1,4,E01007312,0,1
2024010553055,2024,010553055,1,1,0,5,5,1,5,4,4,1,1,99,3,0,4,1,6,6,1,65,9,-1,-1,-1,-1,2,E01001735,0,1
2024131578443,2024,131578443,1,9,0,-1,20,5,1,-1,0,0,0,0,0,0,4,1,-1,6,1,59,9,-1,-1,-1,-1,2,E01011343,0,1
2024010534380,2024,010534380,3,90,4,99,99,9,9,99,99,9,9,99,9,99,9,9,6,6,3,-1,-1,-1,-1,-1,-1,-1,-1,0,-1
2024421497996,2024,421497996,1,9,0,-1,9,1,7,-1,0,1,0,0,0,0,1,9,-1,6,2,-1,-1,-1,-1,-1,-1,-1,-1,0,-1
2024010490084,2024,010490084,1,1,9,99,99,9,9,99,99,9,9,99,9,99,1,1,3,7,2,37,7,-1,-1,-1,-1,5,E01002565,0,1
2024430112563,2024,430112563,2,19,0,13,13,5,1,0,0,8,0,0,0,0,1,1,6,6,1,-1,-1,-1,-1,-1,-1,-1,-1,0,-1
2024010493863,2024,010493863,2,9,0,10,10,4,2,0,0,1,0,0,0,0,2,1,6,6,2,67,10,-1,-1,-1,-1,9,E01001020,0,1
2024111402925,2024,111402925,1,97,0,-1,-1,-1,-1,-1,-1,0,-1,-1,-1,0,-1,1,-1,6,3,30,6,-1,-1,-1,-1,-1,-1,0,-1
2024131489309,2024,131489309,2,90,0,-1,19,7,3,-1,0,0,0,0,0,0,1,1,-1,9,1,30,6,-1,-1,-1,-1,1,E01011336,0,1
2024041498825,2024,041498825,2,1,0,-1,19,7,3,-1,0,0,0,0,0,0,2,1,-1,9,1,31,6,-1,-1,-1,-1,5,E01024888,0,2
2024052402528,2024,052402528,1,9,0,18,19,2,6,0,0,1,0,0,0,0,1,1,6,6,3,-1,-1,-1,-1,-1,-1,-1,-1,0,-1
2024430587037,2024,430587037,2,9,0,18,19,7,3,0,0,0,0,0,0,0,1,1,6,6,1,30,6,-1,-1,-1,-1,8,E01028821,0,1
2024231506744,2024,231506744,1,21,1,-1,19,8,4,-1,0,0,0,0,0,0,1,9,-1,6,1,45,7,-1,-1,-1,-1,-1,-1,0,-1
2024122500283,2024,122500283,1,1,0,18,19,8,4,0,0,8,0,0,0,0,1,1,1,1,2,26,6,-1,-1,-1,-1,3,E01013366,0,1
2024010509431,2024,010509431,2,1,5,18,19,3,7,0,0,8,0,0,0,0,4,1,1,1,1,43,7,-1,-1,-1,-1,3,E01003321,0,1
2024332400678,2024,332400678,2,19,0,-1,99,9,9,-1,0,8,0,0,0,0,1,1,-1,6,1,-1,-1,-1,-1,-1,-1,-1,-1,0,-1
2024371454358,2024,371454358,1,9,0,-1,19,1,7,-1,0,0,0,0,0,0,1,1,-1,6,1,76,11,-1,-1,-1,-1,6,E01030150,0,3
2024131503024,2024,131503024,1,9,0,-1,6,5,1,-1,0,1,0,0,0,0,4,1,-1,9,2,51,8,-1,-1,-1,-1,5,E01010873,0,1
2024430160311,2024,430160311,1,9,0,7,7,5,7,0,0,6,0,0,0,0,1,1,6,6,1,32,6,-1,-1,-1,-1,3,E01001367,0,4
2024520403026,2024,520403026,2,9,0,18,19,5,1,0,0,8,0,0,1,10,4,1,6,6,1,61,9,-1,-1,-1,-1,4,E01020506,0,2
2024520401671,2024,520401671,1,9,0,4,4,8,4,0,0,0,0,0,0,0,2,1,6,6,1,51,8,-1,-1,-1,-1,4,E01035117,0,1
2024320672706,2024,320672706,1,9,0,9,9,4,2,0,0,6,0,0,0,0,1,1,-1,-1,2,54,8,-1,-1,-1,-1,7,E01026218,0,1
2024010542817,2024,010542817,2,90,0,99,99,9,9,99,99,0,9,99,9,99,4,9,6,6,1,21,5,-1,-1,-1,-1,2,E01008185,0,5
2024411435154,2024,411435154,1,9,0,-1,20,0,0,-1,0,0,0,0,0,0,0,1,-1,2,1,32,6,-1,-1,-1,-1,8,E01017383,0,4
2024302401373,2024,302401373,1,9,0,13,13,1,5,0,0,8,0,0,7,10,1,1,6,6,1,16,4,-1,-1,-1,-1,5,E01013493,0,1
2024131407388,2024,131407388,1,8,0,-1,-1,7,3,-1,-1,8,-1,-1,-1,0,-1,1,-1,6,3,-1,-1,-1,-1,-1,-1,-1,-1,0,-1
2024161510002,2024,161510002,6,9,0,-1,2,0,0,-1,0,0,0,0,0,0,2,9,-1,6,-1,-1,-1,-1,-1,-1,-1,-1,-1,0,-1
2024622400227,2024,622400227,2,9,0,4,4,8,4,0,0,0,0,0,0,0,1,1,6,6,1,43,7,-1,-1,-1,-1,9,W01001104,0,1
2024010498770,2024,010498770,1,1,0,18,19,5,1,0,0,0,0,0,0,0,1,1,1,1,1,28,6,-1,-1,-1,-1,3,E01001367,0,2
2024440419162,2024,440419162,1,1,0,3,3,6,2,0,0,1,0,0,0,0,1,1,6,6,1,78,11,-1,-1,-1,-1,9,E01023134,0,1
2024520402704,2024,520402704,2,1,0,18,19,5,1,0,0,1,0,0,0,0,1,1,6,6,1,52,8,-1,-1,-1,-1,4,E01029111,0,2
2024302400493,2024,302400493,2,1,0,9,9,5,2,0,0,3,0,0,0,0,2,1,2,2,1,50,8,-1,-1,-1,-1,8,E01028093,0,2
2024010490039,2024,010490039,2,3,0,18,19,5,1,0,0,2,0,0,0,0,4,1,6,6,1,42,7,-1,-1,-1,-1,7,E01001223,0,1
2024010496782,2024,010496782,1,1,0,18,19,3,7,4,4,1,0,0,0,0,1,1,1,1,2,48,8,-1,-1,-1,-1,5,E01004065,0,1
2024010511268,2024,010511268,2,9,0,99,99,9,9,99,99,9,9,99,9,99,9,9,6,6,3,-1,-1,-1,-1,-1,-1,2,E01003047,0,1
2024221399399,2024,221399399,3,9,0,-1,9,3,8,-1,0,5,0,0,0,0,0,9,-1,6,1,33,6,-1,-1,-1,-1,-1,-1,0,-1
2024522500350,2024,522500350,2,9,0,2,2,0,0,0,0,2,0,0,0,0,2,1,6,6,3,-1,-1,-1,-1,-1,-1,-1,-1,0,-1
2024531477356,2024,531477356,1,9,0,-1,4,1,3,-1,4,8,0,0,0,0,2,1,-1,6,-1,-1,-1,-1,-1,-1,-1,-1,-1,0,-1
2024201514345,2024,201514345,1,9,0,-1,4,6,5,-1,0,1,0,0,0,0,1,9,-1,6,2,20,4,-1,-1,-1,-1,-1,-1,0,-1
2024010547789,2024,010547789,1,1,9,99,99,9,9,4,4,9,9,99,9,99,1,1,2,2,1,51,8,-1,-1,-1,-1,5,E01001607,0,2
2024471402528,2024,471402528,2,-1,0,-1,9,8,6,-1,0,8,5,99,0,0,3,1,-1,6,1,-1,-1,-1,-1,-1,-1,-1,-1,1,-1
2024070893886,2024,070893886,1,1,0,-1,19,5,1,-1,9,0,0,0,0,0,1,1,-1,6,1,19,4,-1,-1,-1,-1,2,E01033300,0,1
2024201478228,2024,201478228,2,9,0,-1,14,1,5,-1,0,8,0,0,0,0,1,1,-1,6,1,20,4,-1,-1,-1,-1,6,E01009931,0,2
2024131459075,2024,131459075,2,10,0,-1,9,8,4,-1,0,8,0,0,0,0,4,1,-1,1,1,51,8,-1,-1,-1,-1,2,E01011157,0,1
2024010527746,2024,010527746,1,9,0,18,19,3,7,0,0,7,0,0,0,0,1,1,6,6,1,28,6,-1,-1,-1,-1,3,E01001326,0,1
2024010493936,2024,010493936,2,9,0,2,2,0,0,0,0,0,0,0,0,0,3,1,6,6,3,-1,-1,-1,-1,-1,-1,-1,-1,0,-1
2024320352187,2024,320352187,2,9,0,13,13,7,3,0,0,0,1,0,7,9,1,1,-1,-1,1,35,6,-1,-1,-1,-1,4,E01026019,0,3
2024131499223,2024,131499223,2,1,0,-1,19,1,5,-1,0,0,0,0,0,0,1,1,-1,9,1,57,9,-1,-1,-1,-1,9,E01011887,0,3
2024010487808,2024,010487808,2,2,0,18,19,5,1,0,0,2,0,0,7,0,4,1,1,1,1,53,8,-1,-1,-1,-1,2,E01003304,0,1
2024010500376,2024,010500376,2,1,0,18,19,5,1,0,0,8,0,0,0,0,4,1,6,6,1,52,8,-1,-1,-1,-1,10,E01002286,0,2
2024122400615,2024,122400615,2,9,0,16,19,3,7,0,0,0,0,0,0,0,1,1,6,6,1,52,8,-1,-1,-1,-1,1,E01011431,0,4
2024131400169,2024,131400169,2,9,0,-1,19,2,6,-1,0,3,0,0,0,0,4,1,-1,6,1,41,7,-1,-1,-1,-1,7,E01028015,0,4
2024451452193,2024,451452193,2,9,0,-1,19,5,1,-1,0,2,0,0,0,0,2,1,-1,2,1,19,4,-1,-1,-1,-1,9,E01030715,0,1
2024201530653,2024,201530653,1,9,0,-1,5,1,2,-1,0,1,1,0,0,0,2,9,-1,6,3,20,4,-1,-1,-1,-1,-1,-1,0,-1
2024010511793,2024,010511793,1,1,9,99,99,9,9,99,99,9,9,99,9,99,1,1,2,2,1,47,8,-1,-1,-1,-1,5,E01000949,0,1
2024061418450,2024,061418450,3,21,1,-1,4,3,7,-1,0,0,0,0,0,0,2,1,-1,1,1,36,7,-1,-1,-1,-1,6,E01027557,0,4
2024461405800,2024,461405800,2,9,0,-1,19,3,7,-1,0,0,0,0,0,0,1,1,-1,6,1,44,7,-1,-1,-1,-1,-1,-1,0,-1
2024052402571,2024,052402571,1,23,0,18,19,1,5,0,0,1,0,0,0,0,1,1,6,6,3,-1,-1,-1,-1,-1,-1,-1,-1,0,-1
2024010493017,2024,010493017,1,1,9,99,99,9,9,99,99,9,9,99,9,99,0,1,2,2,1,34,6,-1,-1,-1,-1,2,E01003049,0,1
2024440073947,2024,440073947,2,9,0,3,3,5,1,0,0,1,0,0,0,0,2,1,6,6,3,-1,-1,-1,-1,-1,-1,-1,-1,0,-1
2024010522505,2024,010522505,2,1,0,12,12,5,1,0,0,0,0,0,0,0,4,1,6,6,2,45,7,-1,-1,-1,-1,3,E01003101,0,2
2024311436360,2024,311436360,1,9,0,-1,19,2,1,-1,0,0,0,0,0,0,1,1,-1,2,1,33,6,-1,-1,-1,-1,5,E01028286,0,3
2024141517265,2024,141517265,1,9,0,-1,9,6,2,-1,0,2,0,0,0,0,1,1,-1,9,1,52,8,-1,-1,-1,-1,8,E01007918,0,2
2024371423989,2024,371423989,1,9,0,-1,10,5,1,-1,0,1,0,0,-1,0,1,9,-1,6,2,59,9,-1,-1,-1,-1,8,E01030117,0,1
2024440261287,2024,440261287,1,1,0,15,15,6,2,0,0,0,0,0,0,0,1,1,2,2,1,29,6,-1,-1,-1,-1,6,E01022764,0,1
2024161414707,2024,161414707,1,9,0,-1,9,3,5,-1,0,1,0,0,0,0,0,1,-1,2,2,20,4,-1,-1,-1,-1,6,E01013105,0,1
2024111529216,2024,111529216,3,9,0,-1,4,8,5,-1,0,0,0,0,0,0,2,1,-1,7,2,25,5,-1,-1,-1,-1,1,E01020841,0,1
2024041484300,2024,041484300,2,9,0,-1,19,5,5,-1,0,2,0,0,0,0,1,1,-1,1,1,49,8,-1,-1,-1,-1,5,E01012645,0,4
2024010544571,2024,010544571,1,1,9,14,14,9,9,99,99,1,9,99,9,99,1,1,2,2,1,33,6,-1,-1,-1,-1,6,E01004017,0,1
2024010539134,2024,010539134,1,9,0,99,99,9,9,99,99,9,9,99,9,99,1,9,6,6,2,41,7,-1,-1,-1,-1,4,E01004057,0,2
2024070395968,2024,070395968,4,9,0,3,3,5,1,0,0,0,0,0,0,0,1,1,2,2,1,38,7,-1,-1,-1,-1,8,E01018440,0,2
2024421497704,2024,421497704,1,-1,0,-1,-1,-1,-1,-1,-1,0,-1,-1,-1,0,-1,1,-1,6,1,-1,-1,-1,-1,-1,-1,-1,-1,1,-1
2024361485920,2024,361485920,1,9,0,-1,-1,-1,-1,-1,0,1,0,0,7,0,4,9,-1,6,1,-1,-1,-1,-1,-1,-1,-1,-1,0,-1
2024211516756,2024,211516756,1,9,0,-1,19,5,1,-1,0,3,0,10,3,0,1,1,-1,2,1,18,4,-1,-1,-1,-1,3,E01029558,0,1
2024430550350,2024,430550350,2,21,1,2,2,0,0,6,6,0,0,0,0,0,2,1,1,1,1,24,5,-1,-1,-1,-1,-1,-1,0,-1
2024101437091,2024,101437091,1,9,0,-1,15,1,5,-1,0,8,0,0,0,0,3,9,-1,6,3,-1,-1,-1,-1,-1,-1,-1,-1,0,-1
2024451539382,2024,451539382,1,1,-1,-1,19,-1,-1,-1,0,0,0,0,0,0,-1,1,-1,6,1,31,6,-1,-1,-1,-1,9,E01030358,0,1
2024010512299,2024,010512299,2,1,0,18,19,4,8,0,0,1,0,0,0,0,1,1,6,6,1,54,8,-1,-1,-1,-1,4,E01001704,0,2
2024010543572,2024,010543572,1,1,0,18,19,7,3,0,0,0,0,0,0,0,0,1,6,6,1,45,7,-1,-1,-1,-1,9,E01001926,0,2
2024131476334,2024,131476334,2,1,0,-1,19,1,1,-1,9,0,0,0,0,0,1,1,-1,6,1,16,4,-1,-1,-1,-1,5,E01011239,0,1
2024010493254,2024,010493254,2,9,0,1,1,9,9,99,99,9,9,99,9,99,0,9,6,6,3,-1,-1,-1,-1,-1,-1,-1,-1,0,-1
2024471406003,2024,471406003,2,9,0,-1,19,5,1,-1,0,0,0,0,0,0,2,1,-1,9,1,74,10,-1,-1,-1,-1,7,E01004657,0,4
2024161528698,2024,161528698,1,-1,0,-1,19,2,6,-1,0,8,2,0,0,0,1,9,-1,6,1,-1,-1,-1,-1,-1,-1,-1,-1,1,-1
2024430505493,2024,430505493,2,9,0,7,7,2,4,0,0,6,0,0,0,0,4,1,6,6,2,-1,-1,-1,-1,-1,-1,-1,-1,0,-1
2024440196091,2024,440196091,1,9,0,18,19,3,7,0,0,1,0,0,0,0,1,1,6,6,2,74,10,-1,-1,-1,-1,10,E01022608,0,1
2024522500391,2024,522500391,1,1,0,15,15,3,7,0,0,1,0,8,0,0,3,1,6,6,1,45,7,-1,-1,-1,-1,5,E01014732,0,2
2024010549361,2024,010549361,1,9,0,3,3,8,4,0,0,0,0,0,0,0,2,1,1,1,1,21,5,-1,-1,-1,-1,8,E01004500,0,1
2024010488072,2024,010488072,2,9,0,13,13,5,1,0,0,0,0,0,0,0,3,1,6,6,2,30,6,-1,-1,-1,-1,9,E01002451,0,1
2024010516577,2024,010516577,2,1,0,8,8,6,1,0,0,1,0,0,0,0,3,1,6,6,1,30,6,-1,-1,-1,-1,4,E01002802,0,1
2024371494800,2024,371494800,2,1,0,-1,19,8,5,-1,0,8,0,0,0,0,2,1,-1,6,1,54,8,-1,-1,-1,-1,4,E01029918,0,1
202417S100924,2024,17S100924,1,97,0,18,19,5,1,0,0,1,0,0,0,0,1,1,6,6,3,-1,-1,-1,-1,-1,-1,-1,-1,0,-1
2024440054661,2024,440054661,2,9,0,18,19,5,1,0,0,4,0,0,0,0,1,1,6,6,3,-1,-1,-1,-1,-1,-1,-1,-1,0,-1
2024101409261,2024,101409261,1,1,0,-1,19,2,4,-1,0,8,0,0,0,0,0,1,-1,9,1,36,7,-1,-1,-1,-1,-1,-1,0,-1
202417L103624,2024,17L103624,3,9,0,-1,19,7,3,-1,0,0,0,0,0,0,1,1,-1,9,1,44,7,-1,-1,-1,-1,6,E01020822,0,4
2024371408644,2024,371408644,1,9,0,-1,19,7,3,-1,0,1,0,0,0,0,1,1,-1,6,1,37,7,-1,-1,-1,-1,5,E01030105,0,1
2024010505363,2024,010505363,1,1,9,18,19,9,9,4,4,0,9,99,9,99,1,1,6,6,2,43,7,-1,-1,-1,-1,6,E01001029,0,1
2024010521495,2024,010521495,1,1,0,18,19,5,1,0,0,8,0,0,0,0,4,1,6,6,2,25,5,-1,-1,-1,-1,10,E01003824,0,1
2024010496075,2024,010496075,1,9,0,9,9,5,3,0,0,5,0,0,9,0,4,1,6,6,2,35,6,-1,-1,-1,-1,2,E01000863,0,1
2024332400515,2024,332400515,1,9,0,-1,19,5,1,-1,0,4,0,0,2,2,1,1,-1,6,1,81,11,-1,-1,-1,-1,5,E01019428,0,4