collision_index,collision_year,collision_ref_no,vehicle_reference,vehicle_type,towing_and_articulation,vehicle_manoeuvre_historic,vehicle_manoeuvre,vehicle_direction_from,vehicle_direction_to,vehicle_location_restricted_lane_historic,vehicle_location_restricted_lane,junction_location,skidding_and_overturning,hit_object_in_carriageway,vehicle_leaving_carriageway,hit_object_off_carriageway,first_point_of_impact,vehicle_left_hand_drive,journey_purpose_of_driver_historic,journey_purpose_of_driver,sex_of_driver,age_of_driver,age_band_of_driver,engine_capacity_cc,propulsion_code,age_of_vehicle,generic_make_model,driver_imd_decile,lsoa_of_driver,escooter_flag,driver_distance_banding
2024430047935,2024,430047935,2,9,0,3,3,2,6,0,0,0,0,0,0,0,3,1,6,6,2,30,6,-1,-1,-1,-1,-1,-1,0,-1
2024131470505,2024,131470505,2,9,0,-1,19,3,3,-1,0,1,0,0,1,11,3,1,-1,9,1,37,7,-1,-1,-1,-1,1,E01011917,0,2
2024010517766,2024,010517766,2,1,0,7,7,4,6,0,0,2,0,0,0,0,1,1,6,6,1,14,3,-1,-1,-1,-1,7,E01003434,0,1
2024010535779,2024,010535779,1,9,0,99,99,9,9,99,99,9,9,99,9,99,9,9,6,6,3,-1,-1,-1,-1,-1,-1,-1,-1,0,-1
2024010490751,2024,010490751,2,9,0,99,99,9,9,99,99,9,9,99,9,99,2,9,6,6,3,-1,-1,-1,-1,-1,-1,-1,-1,0,-1
2024211480584,2024,211480584,1,97,0,-1,19,1,2,-1,0,0,0,0,0,0,1,1,-1,9,1,9,2,-1,-1,-1,-1,1,E01029566,0,1
2024010495880,2024,010495880,2,9,0,18,19,1,5,0,0,4,0,0,0,0,1,1,6,6,1,54,8,-1,-1,-1,-1,-1,-1,0,-1
2024542834624,2024,542834624,2,9,0,18,19,5,1,0,0,0,0,0,0,0,1,1,2,2,2,51,8,-1,-1,-1,-1,1,E01032096,0,1
2024052401969,2024,052401969,2,9,0,4,4,7,3,0,0,0,0,0,0,0,2,1,2,2,1,60,9,-1,-1,-1,-1,10,E01006985,0,1
2024010487679,2024,010487679,1,9,0,4,4,1,5,0,0,0,0,4,0,0,4,1,6,6,1,18,4,-1,-1,-1,-1,4,E01009248,0,5
2024141557268,2024,141557268,2,98,0,-1,19,2,6,-1,0,1,0,0,0,0,1,9,-1,6,3,-1,-1,-1,-1,-1,-1,-1,-1,0,-1
2024451445617,2024,451445617,2,9,0,-1,19,3,7,-1,0,1,0,0,0,0,1,1,-1,1,1,36,7,-1,-1,-1,-1,6,E01030570,0,2
2024041476869,2024,041476869,2,1,0,-1,8,1,5,-1,0,1,0,0,0,0,2,1,-1,6,1,43,7,-1,-1,-1,-1,6,E01025531,0,2
2024010504798,2024,010504798,2,1,0,3,3,1,5,0,0,3,0,0,0,0,1,1,6,6,1,20,4,-1,-1,-1,-1,9,E01002990,0,1
2024401427373,2024,401427373,2,1,-1,-1,-1,-1,-1,-1,-1,-1,-1,-1,-1,0,-1,1,-1,6,1,32,6,-1,-1,-1,-1,2,E01017523,0,1
2024991416695,2024,991416695,1,9,0,-1,19,3,3,-1,0,2,0,0,0,0,1,1,-1,2,2,36,7,-1,-1,-1,-1,2,-1,0,1
2024010497450,2024,010497450,2,9,0,99,99,9,9,99,99,0,9,99,9,99,9,9,6,6,3,-1,-1,-1,-1,-1,-1,-1,-1,0,-1
2024552401295,2024,552401295,2,1,0,18,19,8,4,0,0,8,0,0,0,0,1,1,2,2,1,21,5,-1,-1,-1,-1,5,E01015427,0,1
2024361444727,2024,361444727,1,1,0,-1,19,1,5,-1,0,1,0,0,0,0,1,1,-1,9,1,46,8,-1,-1,-1,-1,4,E01026609,0,1
2024401522741,2024,401522741,1,97,0,-1,3,3,7,-1,0,0,1,0,0,0,1,1,-1,2,1,20,4,-1,-1,-1,-1,8,E01017620,0,2
2024041478553,2024,041478553,1,9,0,-1,1,5,1,-1,0,0,1,0,0,0,2,1,-1,2,1,41,7,-1,-1,-1,-1,1,E01024882,0,1
2024361470828,2024,361470828,1,5,0,-1,-1,-1,-1,-1,-1,0,-1,-1,-1,0,-1,1,-1,6,3,-1,-1,-1,-1,-1,-1,-1,-1,0,-1
2024101551528,2024,101551528,1,9,0,-1,19,3,7,-1,0,0,1,0,7,0,3,1,-1,9,1,34,6,-1,-1,-1,-1,-1,-1,0,-1
2024211419336,2024,211419336,1,9,0,-1,19,5,1,-1,0,0,0,0,0,0,2,9,-1,9,1,33,6,-1,-1,-1,-1,6,E01029428,0,1
2024111535022,2024,111535022,2,1,0,-1,19,5,1,-1,2,0,0,0,0,0,3,1,-1,9,1,46,8,-1,-1,-1,-1,3,E01012358,0,1
2024201447681,2024,201447681,1,99,0,-1,19,8,4,-1,0,2,0,0,0,0,1,9,-1,6,2,30,6,-1,-1,-1,-1,-1,-1,0,-1
2024430454046,2024,430454046,2,9,0,4,4,6,2,0,0,2,0,0,0,0,2,1,6,6,1,53,8,-1,-1,-1,-1,5,E01017902,0,3
2024161491638,2024,161491638,1,9,0,-1,4,3,7,-1,0,3,0,0,0,0,2,2,-1,9,1,30,6,-1,-1,-1,-1,5,E01026107,0,3
2024010503703,2024,010503703,2,1,0,17,19,4,1,0,0,1,0,0,0,0,1,1,6,6,1,43,7,-1,-1,-1,-1,2,E01004001,0,1
2024031479990,2024,031479990,2,9,0,-1,19,6,2,-1,0,1,0,0,1,0,1,1,-1,6,1,20,4,-1,-1,-1,-1,6,E01019196,0,4
2024622400141,2024,622400141,2,21,0,18,19,8,4,0,0,0,0,0,0,0,2,1,1,1,1,49,8,-1,-1,-1,-1,4,E01025035,0,5
2024552400280,2024,552400280,2,9,0,18,19,5,1,0,0,8,0,0,0,0,3,1,2,2,2,39,7,-1,-1,-1,-1,10,E01015459,0,1
2024111532123,2024,111532123,1,9,0,-1,9,6,5,-1,0,8,0,0,0,0,3,1,-1,6,1,30,6,-1,-1,-1,-1,-1,-1,0,-1
2024010517161,2024,010517161,1,1,9,18,19,9,9,99,99,1,9,99,9,99,9,1,6,6,1,31,6,-1,-1,-1,-1,4,E01002063,0,1
2024010542976,2024,010542976,2,1,9,99,99,9,9,99,99,9,9,99,9,99,2,1,2,2,1,29,6,-1,-1,-1,-1,3,E01001489,0,1
2024131505792,2024,131505792,1,9,0,-1,-1,-1,-1,-1,-1,-1,-1,-1,-1,-1,-1,1,-1,6,3,-1,-1,-1,-1,-1,-1,-1,-1,0,-1
2024320166376,2024,320166376,1,19,0,1,1,5,2,0,0,1,0,0,0,0,1,1,1,1,1,57,9,-1,-1,-1,-1,4,E01026416,0,4
2024010498204,2024,010498204,2,9,9,99,99,9,9,99,99,9,9,99,9,99,9,9,6,6,3,-1,-1,-1,-1,-1,-1,-1,-1,0,-1
2024622400245,2024,622400245,1,19,0,18,19,6,2,0,0,1,0,0,0,0,1,1,1,1,3,-1,-1,-1,-1,-1,-1,-1,-1,0,-1
2024010538085,2024,010538085,2,90,0,99,99,9,9,99,99,9,9,99,9,99,9,9,6,6,3,-1,-1,-1,-1,-1,-1,-1,-1,0,-1
2024010490987,2024,010490987,1,8,0,18,19,4,8,0,0,0,0,0,0,0,1,1,1,1,1,48,8,-1,-1,-1,-1,4,E01004429,0,1
2024471496542,2024,471496542,2,1,0,-1,19,6,2,-1,0,1,0,0,0,0,1,1,-1,9,1,57,9,-1,-1,-1,-1,5,E01031385,0,1
2024461463380,2024,461463380,1,11,0,-1,4,7,3,-1,0,0,0,0,0,0,1,9,-1,1,3,-1,-1,-1,-1,-1,-1,-1,-1,0,-1
2024010528652,2024,010528652,1,9,0,18,19,1,5,0,0,1,0,0,0,0,1,1,6,6,3,-1,-1,-1,-1,-1,-1,-1,-1,0,-1
2024481561442,2024,481561442,2,1,0,-1,19,3,7,-1,0,1,0,0,0,0,1,1,-1,2,1,17,4,-1,-1,-1,-1,-1,-1,0,-1
2024010495084,2024,010495084,1,9,0,18,19,3,7,0,0,1,0,0,0,0,1,1,6,6,2,68,10,-1,-1,-1,-1,10,E01030454,0,4
2024010522617,2024,010522617,2,23,0,15,15,1,5,0,0,1,0,0,0,0,3,1,6,6,1,21,5,-1,-1,-1,-1,5,E01001185,0,1
2024421427052,2024,421427052,1,9,0,-1,-1,-1,-1,-1,-1,0,-1,-1,-1,0,-1,9,-1,6,3,-1,-1,-1,-1,-1,-1,-1,-1,0,-1
2024421446069,2024,421446069,1,9,0,-1,1,3,1,-1,0,8,0,0,0,0,2,1,-1,9,1,63,9,-1,-1,-1,-1,-1,-1,0,-1
2024010515228,2024,010515228,2,9,0,18,19,5,1,0,0,0,0,4,0,0,1,1,6,6,2,35,6,-1,-1,-1,-1,7,E01004354,0,1
2024522401362,2024,522401362,2,9,0,18,19,8,4,9,9,6,0,0,0,0,1,1,6,6,3,-1,-1,-1,-1,-1,-1,-1,-1,0,-1
2024010532341,2024,010532341,1,1,0,15,15,2,6,0,0,0,0,8,0,0,1,1,1,1,1,37,7,-1,-1,-1,-1,2,E01000073,0,1
2024501501781,2024,501501781,1,9,0,-1,7,8,8,-1,0,2,0,0,0,0,1,1,-1,9,2,56,9,-1,-1,-1,-1,5,E01020182,0,2
2024010489907,2024,010489907,1,1,9,99,99,9,9,99,99,0,9,99,9,99,0,1,2,2,1,45,7,-1,-1,-1,-1,9,E01000894,0,1
2024161492857,2024,161492857,1,9,0,-1,9,1,7,-1,0,0,0,0,0,0,0,9,-1,6,3,-1,-1,-1,-1,-1,-1,-1,-1,0,-1
2024010523292,2024,010523292,1,9,0,5,5,1,5,0,0,1,0,0,0,0,4,9,6,6,3,-1,-1,-1,-1,-1,-1,-1,-1,0,-1
2024010500811,2024,010500811,2,9,0,99,99,9,9,99,99,5,9,99,9,99,9,9,6,6,3,-1,-1,-1,-1,-1,-1,-1,-1,0,-1
2024010497442,2024,010497442,1,9,0,11,11,5,1,0,0,1,0,0,0,0,4,1,6,6,2,67,10,-1,-1,-1,-1,7,E01002121,0,2
202417L408724,2024,17L408724,1,1,0,-1,19,6,2,-1,0,8,0,0,0,0,4,1,-1,2,1,42,7,-1,-1,-1,-1,5,E01012161,0,1
2024010494637,2024,010494637,2,9,0,18,19,7,3,0,0,8,0,0,0,0,3,1,6,6,1,64,9,-1,-1,-1,-1,2,E01002316,0,2
2024991512348,2024,991512348,2,9,0,-1,5,2,5,-1,0,1,0,0,0,0,4,1,-1,9,1,75,10,-1,-1,-1,-1,8,-1,0,1
2024041470671,2024,041470671,4,9,0,-1,19,3,7,-1,0,0,0,0,0,0,2,1,-1,9,1,75,10,-1,-1,-1,-1,9,E01007386,0,4
2024010488550,2024,010488550,1,3,0,99,99,9,9,99,99,0,9,99,9,99,1,1,1,1,1,29,6,-1,-1,-1,-1,4,E01001002,0,1
2024141495534,2024,141495534,1,98,0,-1,9,4,2,-1,0,6,0,0,0,0,3,1,-1,9,2,31,6,-1,-1,-1,-1,5,E01007588,0,1
2024461483003,2024,461483003,1,5,0,-1,9,3,3,-1,0,4,5,0,0,0,1,1,-1,9,1,57,9,-1,-1,-1,-1,4,E01014570,0,5
2024991489267,2024,991489267,2,1,0,-1,19,5,8,-1,0,0,0,0,0,0,4,1,-1,9,1,6,2,-1,-1,-1,-1,-1,-1,0,-1
2024471473578,2024,471473578,1,-1,0,-1,19,7,3,-1,9,0,0,0,0,0,1,1,-1,6,3,-1,-1,-1,-1,-1,-1,-1,-1,1,-1
2024010531257,2024,010531257,1,9,0,99,99,9,9,99,99,0,9,99,9,99,2,9,6,6,2,60,9,-1,-1,-1,-1,6,E01035003,0,4
2024010523662,2024,010523662,2,9,0,18,19,7,3,0,0,2,0,0,0,0,1,1,1,1,1,21,5,-1,-1,-1,-1,4,E01003249,0,2
2024052400288,2024,052400288,1,9,0,18,19,7,3,0,0,0,0,0,0,0,1,1,6,6,3,-1,-1,-1,-1,-1,-1,-1,-1,0,-1
2024351533935,2024,351533935,1,9,-1,-1,3,-1,-1,-1,0,0,0,0,0,0,-1,9,-1,6,1,-1,-1,-1,-1,-1,-1,-1,-1,0,-1
2024520401788,2024,520401788,1,1,0,9,9,2,8,0,0,6,0,0,0,0,1,1,6,6,1,54,8,-1,-1,-1,-1,8,E01029122,0,1
2024201501847,2024,201501847,3,9,0,-1,19,8,3,-1,0,1,0,10,1,0,1,1,-1,6,2,28,6,-1,-1,-1,-1,2,E01010039,0,1
2024211397701,2024,211397701,2,1,0,-1,19,5,1,-1,0,1,1,0,0,0,1,1,-1,6,1,22,5,-1,-1,-1,-1,8,E01029391,0,1
2024010529294,2024,010529294,1,1,9,99,99,9,9,99,99,9,9,99,9,99,1,1,2,2,1,46,8,-1,-1,-1,-1,3,E01001468,0,1
2024052402545,2024,052402545,2,-1,0,4,4,5,1,0,0,1,0,0,0,0,4,1,1,1,1,21,5,-1,-1,-1,-1,1,E01007006,1,1
2024131503520,2024,131503520,1,98,0,-1,19,7,3,-1,0,8,0,0,0,0,1,1,-1,6,3,-1,-1,-1,-1,-1,-1,-1,-1,0,-1
2024010521260,2024,010521260,2,1,9,18,19,9,9,99,99,9,9,99,9,99,9,1,6,6,3,-1,-1,-1,-1,-1,-1,6,E01002586,0,1
2024070342475,2024,070342475,4,19,0,2,2,0,0,9,9,2,0,0,0,0,3,1,6,6,3,-1,-1,-1,-1,-1,-1,-1,-1,0,-1
2024361502222,2024,361502222,2,1,0,-1,19,1,5,-1,0,0,5,0,0,0,4,1,-1,6,2,26,6,-1,-1,-1,-1,4,E01026706,0,1
2024622400371,2024,622400371,2,1,0,18,19,6,2,0,0,8,0,0,0,0,4,1,6,6,1,64,9,-1,-1,-1,-1,10,W01001197,0,3
2024631510019,2024,631510019,1,9,0,-1,19,4,7,-1,0,1,0,0,0,0,1,1,-1,9,2,71,10,-1,-1,-1,-1,5,W01000576,0,1
2024010496172,2024,010496172,1,1,9,99,99,9,9,99,99,9,9,99,9,99,2,1,2,2,2,24,5,-1,-1,-1,-1,5,E01004484,0,2
202460Q168997,2024,60Q168997,1,98,0,9,9,5,1,0,0,6,0,0,0,0,1,1,6,6,1,33,6,-1,-1,-1,-1,-1,-1,0,-1
2024320731071,2024,320731071,1,1,0,-1,-1,8,4,9,9,1,5,0,0,0,4,1,6,6,2,53,8,-1,-1,-1,-1,-1,-1,0,-1
2024221412870,2024,221412870,2,1,0,-1,19,1,5,-1,0,8,0,0,0,0,2,1,-1,2,1,35,6,-1,-1,-1,-1,1,E01032434,0,1
2024010494618,2024,010494618,2,9,0,18,19,5,1,0,0,8,0,0,0,0,1,9,6,6,1,-1,-1,-1,-1,-1,-1,3,E01034143,0,1
2024010489397,2024,010489397,1,9,0,99,99,9,9,99,99,9,9,99,9,99,2,9,1,1,2,27,6,-1,-1,-1,-1,2,E01035296,0,4
2024010488357,2024,010488357,2,9,0,5,5,1,5,0,0,0,0,10,0,0,3,1,6,6,2,71,10,-1,-1,-1,-1,4,E01021224,0,4
2024411526205,2024,411526205,2,1,0,-1,19,3,7,-1,0,0,0,0,0,0,1,1,-1,7,1,18,4,-1,-1,-1,-1,3,E01023613,0,1
2024201499832,2024,201499832,2,1,0,-1,12,2,6,-1,0,0,0,0,0,0,1,1,-1,6,1,54,8,-1,-1,-1,-1,-1,-1,0,-1
2024361507577,2024,361507577,1,9,0,-1,19,5,1,-1,0,0,0,0,0,0,3,1,-1,6,3,-1,-1,-1,-1,-1,-1,-1,-1,0,-1
2024010487252,2024,010487252,2,9,0,99,99,9,9,99,99,0,9,99,9,99,1,9,6,6,3,-1,-1,-1,-1,-1,-1,-1,-1,0,-1
2024451463982,2024,451463982,1,1,0,-1,19,3,7,-1,0,0,1,10,0,0,3,1,-1,9,1,44,7,-1,-1,-1,-1,5,E01024427,0,1
2024010506500,2024,010506500,1,1,9,99,99,9,9,99,99,9,9,99,9,99,9,1,6,6,1,45,7,-1,-1,-1,-1,6,E01001563,0,1
2024010493106,2024,010493106,1,9,0,7,7,5,8,0,0,1,0,0,0,0,4,1,2,2,2,46,8,-1,-1,-1,-1,7,E01003369,0,1
2024552400573,2024,552400573,2,17,4,2,2,0,0,0,0,0,0,0,0,0,2,1,1,1,1,24,5,-1,-1,-1,-1,9,E01020409,0,3
2024131518865,2024,131518865,1,5,0,-1,19,2,6,-1,0,1,0,0,0,0,1,1,-1,2,1,37,7,-1,-1,-1,-1,5,E01011392,0,1
2024231518197,2024,231518197,1,19,0,-1,5,8,4,-1,0,0,0,0,0,0,0,1,-1,1,1,55,8,-1,-1,-1,-1,6,E01031084,0,4
2024061493897,2024,061493897,1,98,0,-1,19,3,7,-1,0,0,0,0,0,0,2,1,-1,1,1,38,7,-1,-1,-1,-1,1,E01006052,0,3
2024520401173,2024,520401173,1,9,0,18,19,8,4,0,0,8,0,0,0,0,3,1,6,6,1,76,11,-1,-1,-1,-1,1,E01020582,0,4
2024401427462,2024,401427462,1,90,0,-1,-1,-1,-1,-1,-1,-1,-1,-1,-1,0,-1,9,-1,6,3,-1,-1,-1,-1,-1,-1,-1,-1,0,-1
2024622400262,2024,622400262,2,-1,0,18,19,2,6,0,0,8,0,0,0,0,1,1,6,6,2,30,6,-1,-1,-1,-1,3,W01002021,1,1
2024010512030,2024,010512030,2,1,0,18,19,7,3,0,0,1,5,0,0,0,1,1,6,6,1,18,4,-1,-1,-1,-1,7,E01000243,0,2
2024332401050,2024,332401050,1,1,0,-1,19,7,3,-1,0,1,0,0,0,0,1,1,-1,6,1,-1,-1,-1,-1,-1,-1,-1,-1,0,-1
2024351492410,2024,351492410,1,9,0,-1,12,3,7,-1,0,1,0,0,0,0,3,1,-1,6,2,30,6,-1,-1,-1,-1,-1,-1,0,-1
2024010493173,2024,010493173,1,9,0,18,19,1,5,0,0,1,0,0,0,0,1,1,6,6,1,56,9,-1,-1,-1,-1,2,E01001576,0,2
2024101510036,2024,101510036,2,9,0,-1,19,1,5,-1,0,0,0,0,0,0,3,9,-1,9,1,19,4,-1,-1,-1,-1,-1,-1,0,-1
2024421447090,2024,421447090,1,19,0,-1,9,8,5,-1,0,1,0,0,0,0,4,9,-1,1,1,-1,-1,-1,-1,-1,-1,-1,-1,0,-1
2024320366764,2024,320366764,3,9,0,10,10,1,6,0,0,8,0,0,0,0,2,1,-1,-1,1,59,9,-1,-1,-1,-1,-1,-1,0,-1
2024340WN6372,2024,340WN6372,1,9,0,-1,19,7,3,-1,0,0,0,0,0,0,4,1,-1,2,1,23,5,-1,-1,-1,-1,8,E01025728,0,4
2024010530835,2024,010530835,2,9,0,99,99,9,9,99,99,0,9,99,9,99,1,9,6,6,3,-1,-1,-1,-1,-1,-1,-1,-1,0,-1
2024401471971,2024,401471971,2,1,0,-1,19,7,3,-1,0,1,0,0,0,0,1,1,-1,6,1,17,4,-1,-1,-1,-1,9,E01017495,0,2
2024320580692,2024,320580692,1,1,0,-1,-1,4,8,0,0,2,5,10,0,0,0,1,-1,-1,1,32,6,-1,-1,-1,-1,2,E01026030,0,1
2024552400445,2024,552400445,1,19,0,4,4,1,5,0,0,0,0,0,0,0,2,1,6,6,3,-1,-1,-1,-1,-1,-1,-1,-1,0,-1
2024010495068,2024,010495068,1,9,0,18,19,5,1,0,0,6,0,0,0,0,1,1,6,6,1,76,11,-1,-1,-1,-1,-1,-1,0,-1
2024610012624,2024,610012624,1,9,0,17,19,8,5,0,0,0,1,0,7,11,1,1,6,6,1,45,7,-1,-1,-1,-1,9,W01001502,0,1
2024501521545,2024,501521545,2,21,0,-1,19,1,5,-1,0,0,0,0,0,0,4,9,-1,6,3,18,4,-1,-1,-1,-1,-1,-1,0,-1
2024010505732,2024,010505732,1,9,0,16,19,3,7,0,0,0,0,0,0,0,1,1,2,2,1,22,5,-1,-1,-1,-1,7,E01035306,0,4
2024311515842,2024,311515842,2,18,-1,-1,19,7,3,-1,0,1,0,0,0,0,1,1,-1,1,1,52,8,-1,-1,-1,-1,3,E01027941,0,3
2024010519379,2024,010519379,1,1,9,99,99,9,9,99,99,9,9,99,9,99,1,1,6,6,3,-1,-1,-1,-1,-1,-1,-1,-1,0,-1
2024430083727,2024,430083727,1,1,0,18,19,5,1,0,0,1,0,0,0,0,0,1,6,6,1,-1,-1,-1,-1,-1,-1,-1,-1,0,-1
2024440327440,2024,440327440,1,1,0,18,19,7,3,0,0,1,0,0,0,0,1,1,6,6,1,64,9,-1,-1,-1,-1,6,E01023025,0,1
2024010487684,2024,010487684,2,9,0,18,19,7,3,0,0,1,0,0,0,0,0,1,1,1,1,25,5,-1,-1,-1,-1,2,E01004008,0,1
2024010538112,2024,010538112,1,9,0,18,19,1,5,0,0,1,0,0,1,1,1,1,1,1,1,43,7,-1,-1,-1,-1,6,E01001245,0,3
2024010491003,2024,010491003,1,9,0,1,1,1,5,0,0,0,0,0,0,0,2,9,6,6,1,38,7,-1,-1,-1,-1,10,E01016608,0,3
2024141465410,2024,141465410,2,9,0,-1,5,6,2,-1,0,6,0,0,0,0,1,1,-1,6,2,37,7,-1,-1,-1,-1,3,E01007646,0,1
2024221516832,2024,221516832,1,9,0,-1,19,4,7,-1,0,1,0,0,0,0,1,9,-1,2,1,46,8,-1,-1,-1,-1,1,E01028957,0,1
2024010548173,2024,010548173,1,1,9,99,99,9,9,99,99,9,9,99,9,99,9,1,2,2,1,26,6,-1,-1,-1,-1,6,E01004697,0,1
2024010495941,2024,010495941,1,9,0,99,99,9,9,99,99,9,9,99,9,99,1,9,6,6,1,75,10,-1,-1,-1,-1,9,E01023319,0,3
2024311432819,2024,311432819,2,9,0,-1,19,4,8,-1,0,0,0,0,0,0,1,1,-1,6,1,63,9,-1,-1,-1,-1,1,E01028001,0,4
2024010525936,2024,010525936,1,1,0,14,14,3,7,0,0,0,0,8,0,0,4,1,1,1,1,53,8,-1,-1,-1,-1,6,E01003954,0,1
2024461506875,2024,461506875,1,9,0,-1,19,3,7,-1,0,1,0,0,0,0,1,9,-1,6,3,-1,-1,-1,-1,-1,-1,-1,-1,0,-1
2024201488712,2024,201488712,1,9,0,-1,19,4,7,-1,0,0,0,0,0,0,1,1,-1,6,3,-1,-1,-1,-1,-1,-1,-1,-1,0,-1
2024440124607,2024,440124607,2,-1,0,18,19,8,4,0,0,0,0,0,0,0,4,1,6,6,1,12,3,-1,-1,-1,-1,2,E01022899,1,1
2024531520135,2024,531520135,1,1,0,-1,5,3,7,-1,9,8,5,0,0,0,3,1,-1,9,1,42,7,-1,-1,-1,-1,2,E01022292,0,1
2024543395024,2024,543395024,9,9,0,18,19,4,8,0,0,0,1,0,1,10,1,1,6,6,2,-1,-1,-1,-1,-1,-1,4,E01023487,0,5
2024991506421,2024,991506421,1,9,0,-1,9,4,2,-1,0,8,0,0,3,0,4,1,-1,9,2,56,9,-1,-1,-1,-1,8,-1,0,4
2024440116341,2024,440116341,2,9,0,18,19,2,6,0,0,8,0,0,0,0,1,1,6,6,3,-1,-1,-1,-1,-1,-1,-1,-1,0,-1
2024010550205,2024,010550205,2,1,0,18,19,5,1,0,0,4,0,0,0,0,3,1,1,1,1,20,4,-1,-1,-1,-1,2,E01000083,0,1
2024010501349,2024,010501349,2,90,9,99,99,9,9,99,99,9,9,99,9,99,9,1,6,6,1,42,7,-1,-1,-1,-1,8,E01000314,0,1
2024201443094,2024,201443094,1,1,0,-1,5,1,5,-1,0,6,2,0,0,0,1,1,-1,6,1,-1,-1,-1,-1,-1,-1,-1,-1,0,-1
2024122401003,2024,122401003,2,5,0,4,4,7,3,0,0,8,1,0,0,0,1,1,6,6,1,43,7,-1,-1,-1,-1,1,E01012856,0,4
2024141489890,2024,141489890,2,9,0,-1,13,3,7,-1,0,0,0,0,0,0,4,9,-1,6,3,-1,-1,-1,-1,-1,-1,-1,-1,0,-1
2024311485293,2024,311485293,1,1,0,-1,19,1,5,-1,0,1,0,0,0,0,3,1,-1,9,1,12,3,-1,-1,-1,-1,1,E01028276,0,1
2024061424265,2024,061424265,1,2,0,-1,4,-1,-1,-1,0,0,1,0,0,0,3,1,-1,9,1,16,4,-1,-1,-1,-1,8,E01005443,0,1
2024010550503,2024,010550503,1,9,9,99,99,9,9,99,99,0,9,99,9,99,9,9,6,6,3,-1,-1,-1,-1,-1,-1,-1,-1,0,-1
2024052400515,2024,052400515,1,9,0,18,19,4,8,0,0,0,1,0,1,4,3,1,6,6,2,18,4,-1,-1,-1,-1,5,E01006427,0,1
2024201533600,2024,201533600,2,9,0,-1,3,7,3,-1,0,1,0,0,0,0,2,1,-1,2,2,21,5,-1,-1,-1,-1,7,E01035055,0,4
2024221493768,2024,221493768,2,-1,0,-1,19,8,4,-1,0,8,0,0,0,0,1,9,-1,6,1,45,7,-1,-1,-1,-1,2,E01014144,1,1
2024061515986,2024,061515986,1,1,0,-1,19,2,6,-1,0,1,0,0,0,0,1,1,-1,9,1,16,4,-1,-1,-1,-1,1,E01005683,0,1
2024010501918,2024,010501918,1,9,0,99,99,9,9,99,99,9,9,99,9,99,1,9,6,6,3,-1,-1,-1,-1,-1,-1,-1,-1,0,-1
2024201536040,2024,201536040,6,19,0,-1,19,7,2,-1,0,0,0,0,0,0,2,1,-1,9,1,22,5,-1,-1,-1,-1,2,E01010086,0,1
2024451443708,2024,451443708,1,9,0,-1,19,7,3,-1,0,0,0,0,0,0,4,1,-1,9,1,76,11,-1,-1,-1,-1,9,E01030642,0,1
2024430149649,2024,430149649,1,9,0,18,19,9,9,0,0,4,0,0,0,0,1,1,6,6,1,62,9,-1,-1,-1,-1,-1,-1,0,-1
2024440288514,2024,440288514,1,9,0,9,9,7,5,0,0,1,0,0,0,0,3,1,1,1,1,66,10,-1,-1,-1,-1,7,E01017329,0,3
2024522403439,2024,522403439,2,9,0,7,7,8,2,0,0,6,0,0,0,0,1,1,6,6,3,-1,-1,-1,-1,-1,-1,-1,-1,0,-1
2024461521010,2024,461521010,2,1,0,-1,19,1,5,-1,0,3,0,0,0,0,4,1,-1,2,1,36,7,-1,-1,-1,-1,2,E01016018,0,1
2024131513634,2024,131513634,2,1,0,-1,19,1,5,-1,9,1,0,0,0,0,3,1,-1,9,1,11,3,-1,-1,-1,-1,4,E01011898,0,1
2024131435309,2024,131435309,2,1,0,-1,19,5,1,-1,9,0,0,0,0,0,1,1,-1,6,1,20,4,-1,-1,-1,-1,3,E01010825,0,1
2024031457714,2024,031457714,1,23,0,-1,14,8,4,-1,2,8,0,0,0,0,3,1,-1,6,1,-1,-1,-1,-1,-1,-1,-1,-1,0,-1
2024010549774,2024,010549774,1,1,9,99,99,9,9,99,99,9,9,99,9,99,9,1,6,6,1,-1,-1,-1,-1,-1,-1,2,E01001979,0,1
2024361453441,2024,361453441,1,19,0,-1,5,5,1,-1,0,6,0,0,0,0,1,1,-1,9,1,61,9,-1,-1,-1,-1,5,E01026539,0,1
2024010543082,2024,010543082,1,1,9,99,99,9,9,99,99,9,9,99,9,99,1,1,6,6,3,-1,-1,-1,-1,-1,-1,-1,-1,0,-1
2024031446295,2024,031446295,1,9,0,-1,19,5,7,-1,0,0,0,10,0,0,3,1,-1,9,1,20,4,-1,-1,-1,-1,3,E01002502,0,5
2024010547353,2024,010547353,1,1,9,99,99,9,9,99,99,9,9,99,9,99,1,1,6,6,1,34,6,-1,-1,-1,-1,10,E01003883,0,1
2024010490604,2024,010490604,2,9,0,17,19,5,1,0,0,1,0,0,0,0,1,1,6,6,1,22,5,-1,-1,-1,-1,2,E01001147,0,1
2024010542011,2024,010542011,2,9,0,99,99,9,9,99,99,9,9,99,9,99,9,9,6,6,3,-1,-1,-1,-1,-1,-1,-1,-1,0,-1
2024010487499,2024,010487499,2,19,0,3,3,3,7,0,0,8,0,0,0,0,2,1,1,1,1,48,8,-1,-1,-1,-1,3,E01003263,0,2
2024010547224,2024,010547224,1,1,9,99,99,9,9,99,99,9,9,99,9,99,9,1,2,2,1,31,6,-1,-1,-1,-1,3,E01003275,0,1
2024430035637,2024,430035637,1,9,0,3,3,6,2,0,0,1,0,0,0,0,2,1,2,2,1,35,6,-1,-1,-1,-1,10,E01016188,0,1
2024010516160,2024,010516160,1,1,9,99,99,9,9,99,99,9,9,99,9,99,1,1,2,2,1,27,6,-1,-1,-1,-1,3,E01001774,0,1
2024061581408,2024,061581408,1,9,0,-1,7,7,5,-1,0,1,0,0,0,0,1,1,-1,6,-1,-1,-1,-1,-1,-1,-1,-1,-1,0,-1
2024421447090,2024,421447090,2,1,0,-1,19,4,8,-1,0,1,5,0,0,0,1,1,-1,9,1,15,3,-1,-1,-1,-1,5,E01015832,0,4
2024421506735,2024,421506735,2,1,0,-1,9,1,7,-1,0,3,1,0,0,0,4,1,-1,6,1,29,6,-1,-1,-1,-1,6,E01021473,0,1