collision_index,collision_year,collision_ref_no,vehicle_reference,vehicle_type,towing_and_articulation,vehicle_manoeuvre_historic,vehicle_manoeuvre,vehicle_direction_from,vehicle_direction_to,vehicle_location_restricted_lane_historic,vehicle_location_restricted_lane,junction_location,skidding_and_overturning,hit_object_in_carriageway,vehicle_leaving_carriageway,hit_object_off_carriageway,first_point_of_impact,vehicle_left_hand_drive,journey_purpose_of_driver_historic,journey_purpose_of_driver,sex_of_driver,age_of_driver,age_band_of_driver,engine_capacity_cc,propulsion_code,age_of_vehicle,generic_make_model,driver_imd_decile,lsoa_of_driver,escooter_flag,driver_distance_banding
2024010498343,2024,010498343,1,1,9,99,99,9,9,99,99,9,9,99,9,99,1,1,2,2,2,28,6,-1,-1,-1,-1,4,E01003211,0,2
2024461509223,2024,461509223,2,1,0,-1,19,5,8,-1,0,8,0,0,0,0,1,1,-1,6,1,-1,-1,-1,-1,-1,-1,-1,-1,0,-1
2024471432505,2024,471432505,1,9,0,-1,4,3,7,-1,0,0,0,0,0,0,2,1,-1,1,2,20,4,-1,-1,-1,-1,8,E01021233,0,1
2024010494922,2024,010494922,1,9,0,4,4,7,3,0,0,0,0,0,0,0,2,1,2,2,1,41,7,-1,-1,-1,-1,3,E01002028,0,1
2024010490006,2024,010490006,2,1,0,13,13,3,7,0,0,3,0,0,0,0,1,1,6,6,1,45,7,-1,-1,-1,-1,8,E01002477,0,1
2024010502190,2024,010502190,2,1,0,18,19,3,7,4,4,1,0,0,0,0,1,1,1,1,1,25,5,-1,-1,-1,-1,9,E01004607,0,1
2024010500084,2024,010500084,1,97,0,18,19,5,1,0,0,2,0,0,0,0,2,1,6,6,3,-1,-1,-1,-1,-1,-1,-1,-1,0,-1
2024361443795,2024,361443795,2,1,0,-1,19,5,1,-1,9,1,5,0,0,0,1,1,-1,6,1,40,7,-1,-1,-1,-1,2,E01033040,0,1
2024010507320,2024,010507320,1,9,0,18,19,3,7,0,0,8,0,0,0,0,1,1,6,6,1,24,5,-1,-1,-1,-1,6,E01023934,0,4
2024471395329,2024,471395329,1,9,0,-1,19,8,4,-1,0,0,2,4,0,0,1,1,-1,9,2,18,4,-1,-1,-1,-1,8,E01021214,0,1
2024010547768,2024,010547768,1,1,9,99,99,9,9,99,99,9,9,99,9,99,1,1,6,6,1,18,4,-1,-1,-1,-1,2,E01000907,0,1
2024471400677,2024,471400677,1,9,0,-1,-1,-1,-1,-1,-1,0,-1,-1,-1,0,-1,9,-1,6,3,-1,-1,-1,-1,-1,-1,-1,-1,0,-1
2024041395918,2024,041395918,1,90,2,-1,9,8,1,-1,0,4,0,0,0,0,4,2,-1,1,1,42,7,-1,-1,-1,-1,-1,-1,0,-1
2024010508608,2024,010508608,1,3,0,18,19,5,1,0,0,8,0,0,0,0,1,1,6,6,3,-1,-1,-1,-1,-1,-1,-1,-1,0,-1
2024010512597,2024,010512597,1,9,0,99,99,9,9,99,99,9,9,99,9,99,1,9,6,6,3,-1,-1,-1,-1,-1,-1,-1,-1,0,-1
2024430167558,2024,430167558,2,97,0,18,19,8,4,0,0,0,0,0,0,0,1,1,6,6,1,-1,-1,-1,-1,-1,-1,-1,-1,0,-1
2024520401094,2024,520401094,1,19,0,17,19,4,8,0,0,0,2,0,1,9,3,1,6,6,1,33,6,-1,-1,-1,-1,5,E01029261,0,2
2024061496246,2024,061496246,1,1,0,-1,4,-1,-1,-1,0,0,2,0,7,10,4,1,-1,9,1,52,8,-1,-1,-1,-1,3,E01005554,0,1
2024211441466,2024,211441466,1,1,0,-1,19,8,6,-1,9,0,0,0,0,0,1,1,-1,6,3,-1,-1,-1,-1,-1,-1,-1,-1,0,-1
2024201471792,2024,201471792,2,9,0,-1,9,7,5,-1,0,5,0,0,0,0,3,1,-1,2,1,61,9,-1,-1,-1,-1,6,E01032902,0,4
2024122400542,2024,122400542,2,1,0,18,19,8,4,0,0,0,0,0,0,0,2,1,6,6,1,58,9,-1,-1,-1,-1,10,E01027716,0,1
2024041531024,2024,041531024,1,9,0,-1,19,7,3,-1,0,0,0,0,1,7,1,1,-1,9,1,19,4,-1,-1,-1,-1,8,E01025012,0,2
2024010496182,2024,010496182,1,2,0,18,19,7,3,0,0,2,0,0,0,0,1,1,6,6,3,-1,-1,-1,-1,-1,-1,-1,-1,0,-1
2024231422682,2024,231422682,1,1,0,-1,19,6,2,-1,0,1,0,0,0,0,9,1,-1,6,1,34,6,-1,-1,-1,-1,3,E01031079,0,1
2024041397082,2024,041397082,1,98,0,-1,11,3,7,-1,0,0,0,0,0,0,4,1,-1,1,1,32,6,-1,-1,-1,-1,1,E01025482,0,3
2024471402267,2024,471402267,2,9,-1,-1,19,2,6,-1,0,0,0,0,0,0,-1,9,-1,6,3,-1,-1,-1,-1,-1,-1,-1,-1,0,-1
2024501448261,2024,501448261,1,9,0,-1,19,3,7,-1,0,0,0,0,0,0,1,1,-1,6,1,21,5,-1,-1,-1,-1,8,E01018792,0,4
2024141527135,2024,141527135,1,9,0,-1,19,5,1,-1,0,0,0,0,0,0,1,9,-1,6,3,-1,-1,-1,-1,-1,-1,-1,-1,0,-1
2024201408392,2024,201408392,1,9,0,-1,19,7,3,-1,0,0,0,0,0,0,4,9,-1,6,3,-1,-1,-1,-1,-1,-1,-1,-1,0,-1
2024010492937,2024,010492937,2,9,9,99,99,9,9,99,99,9,9,99,9,99,9,9,6,6,3,-1,-1,-1,-1,-1,-1,-1,-1,0,-1
2024070783322,2024,070783322,2,1,0,-1,19,3,3,-1,0,1,0,0,0,0,1,1,-1,6,1,16,4,-1,-1,-1,-1,4,E01018512,0,1
2024122400284,2024,122400284,2,1,0,18,19,4,8,0,0,0,0,0,0,0,1,1,6,6,1,25,5,-1,-1,-1,-1,7,E01033070,0,1
2024010494450,2024,010494450,1,2,9,5,5,1,5,0,0,9,0,99,0,0,9,1,6,6,3,-1,-1,-1,-1,-1,-1,-1,-1,0,-1
2024430009724,2024,430009724,3,21,0,18,19,8,4,0,0,0,0,0,0,0,1,1,1,1,1,-1,-1,-1,-1,-1,-1,2,E01014522,0,4
2024201452907,2024,201452907,1,9,0,-1,7,4,6,-1,0,6,0,0,0,0,1,9,-1,9,1,18,4,-1,-1,-1,-1,1,E01009202,0,1
2024411516774,2024,411516774,2,9,0,-1,9,3,1,-1,0,8,0,0,0,0,1,9,-1,6,3,25,5,-1,-1,-1,-1,-1,-1,0,-1
2024122500183,2024,122500183,1,9,0,9,9,5,3,0,0,0,0,0,0,0,3,1,1,1,1,58,9,-1,-1,-1,-1,3,E01033067,0,2
2024010493129,2024,010493129,1,3,0,4,4,1,5,0,0,2,0,0,0,0,1,1,6,6,1,21,5,-1,-1,-1,-1,3,E01003073,0,1
2024311432463,2024,311432463,1,9,-1,-1,3,6,2,-1,0,4,0,0,0,0,2,9,-1,6,2,41,7,-1,-1,-1,-1,8,E01028327,0,2
2024531480105,2024,531480105,2,1,0,-1,19,8,4,-1,0,0,5,0,0,0,4,1,-1,1,2,49,8,-1,-1,-1,-1,9,E01022369,0,3
2024010532683,2024,010532683,2,9,0,99,99,9,9,99,99,9,9,99,9,99,9,9,6,6,3,-1,-1,-1,-1,-1,-1,-1,-1,0,-1
2024010498601,2024,010498601,2,9,0,99,99,9,9,99,99,9,9,99,9,99,9,9,6,6,3,-1,-1,-1,-1,-1,-1,-1,-1,0,-1
2024320169374,2024,320169374,1,9,0,-1,-1,3,7,0,0,0,0,0,0,0,1,1,6,6,1,-1,-1,-1,-1,-1,-1,-1,-1,0,-1
2024991482450,2024,991482450,1,1,0,-1,4,1,5,-1,0,1,5,0,0,0,3,1,-1,1,1,48,8,-1,-1,-1,-1,6,-1,0,1
2024010487443,2024,010487443,3,9,0,17,19,3,7,0,0,0,0,0,0,0,3,1,2,2,2,56,9,-1,-1,-1,-1,10,E01004094,0,2
2024991478442,2024,991478442,2,1,0,-1,19,2,6,-1,0,8,0,0,0,0,3,1,-1,9,1,75,10,-1,-1,-1,-1,6,-1,0,1
2024430197326,2024,430197326,1,9,0,18,19,3,7,0,0,0,0,0,0,0,1,1,6,6,1,-1,-1,-1,-1,-1,-1,-1,-1,0,-1
2024131447960,2024,131447960,2,1,0,-1,5,2,1,-1,0,8,0,0,0,0,0,1,-1,9,1,10,2,-1,-1,-1,-1,8,E01010907,0,1
2024010496960,2024,010496960,2,1,0,18,19,7,3,0,0,0,0,8,0,0,1,1,2,2,1,30,6,-1,-1,-1,-1,-1,-1,0,-1
2024010487161,2024,010487161,1,19,0,7,7,4,7,4,4,5,0,0,0,0,0,1,1,1,1,70,10,-1,-1,-1,-1,2,E01001911,0,2
2024161497094,2024,161497094,3,1,0,-1,19,1,5,-1,0,0,0,0,0,0,3,1,-1,6,2,-1,-1,-1,-1,-1,-1,-1,-1,0,-1
2024520402415,2024,520402415,1,9,0,18,19,2,6,0,0,0,0,0,0,0,3,1,6,6,1,47,8,-1,-1,-1,-1,6,E01029270,0,3
2024161408121,2024,161408121,2,1,0,-1,9,7,3,-1,0,0,0,0,0,0,3,1,-1,6,1,-1,-1,-1,-1,-1,-1,-1,-1,0,-1
2024131399002,2024,131399002,1,1,0,-1,19,5,1,-1,0,0,0,0,0,0,1,1,-1,9,1,27,6,-1,-1,-1,-1,1,E01011917,0,1
2024211522295,2024,211522295,2,9,0,-1,5,3,1,-1,0,0,0,0,0,0,4,9,-1,6,3,17,4,-1,-1,-1,-1,-1,-1,0,-1
2024351535013,2024,351535013,1,19,0,-1,19,4,8,-1,0,0,0,0,0,0,1,2,-1,1,1,48,8,-1,-1,-1,-1,-1,-1,0,-1
2024440141711,2024,440141711,2,9,0,18,19,7,3,0,0,2,0,0,0,0,1,1,6,6,1,41,7,-1,-1,-1,-1,6,E01023081,0,2
2024010547096,2024,010547096,1,9,0,99,99,9,9,99,99,9,9,99,9,99,1,9,6,6,3,-1,-1,-1,-1,-1,-1,-1,-1,0,-1
2024501455931,2024,501455931,2,9,0,-1,19,2,6,-1,0,1,0,0,0,0,3,1,-1,6,3,-1,-1,-1,-1,-1,-1,-1,-1,0,-1
2024061532149,2024,061532149,5,9,0,-1,4,1,4,-1,0,0,0,0,0,0,1,2,-1,6,-1,-1,-1,-1,-1,-1,-1,-1,-1,0,-1
2024411473278,2024,411473278,2,9,0,-1,5,4,8,-1,0,6,0,0,0,0,4,1,-1,6,1,75,10,-1,-1,-1,-1,10,E01023523,0,1
2024161415252,2024,161415252,2,9,0,-1,19,1,5,-1,0,8,0,0,0,0,1,1,-1,6,1,73,10,-1,-1,-1,-1,1,E01013281,0,2
2024440012840,2024,440012840,1,9,0,18,19,2,6,0,0,0,0,0,1,10,1,1,6,6,1,18,4,-1,-1,-1,-1,7,E01017367,0,2
2024545925524,2024,545925524,2,9,0,18,19,4,8,0,0,1,0,0,0,0,2,1,2,2,2,25,5,-1,-1,-1,-1,7,E01033841,0,1
2024421411830,2024,421411830,1,1,0,-1,19,3,7,-1,0,1,0,0,0,0,4,1,-1,6,1,16,4,-1,-1,-1,-1,-1,-1,0,-1
2024501462274,2024,501462274,2,1,0,-1,19,2,7,-1,0,8,0,0,0,0,1,1,-1,9,2,10,2,-1,-1,-1,-1,1,E01015078,0,1
2024311442537,2024,311442537,2,1,0,-1,19,5,1,-1,0,8,0,0,0,0,1,1,-1,2,1,35,6,-1,-1,-1,-1,2,E01028269,0,1
2024070319503,2024,070319503,3,9,0,5,5,8,4,0,0,6,0,0,0,0,0,1,6,6,3,-1,-1,-1,-1,-1,-1,-1,-1,0,-1
2024522402715,2024,522402715,2,90,0,18,19,5,1,5,5,0,0,0,0,0,1,1,6,6,1,-1,-1,-1,-1,-1,-1,-1,-1,0,-1
2024111495894,2024,111495894,2,1,0,-1,19,5,1,-1,0,0,0,0,0,0,3,1,-1,6,1,48,8,-1,-1,-1,-1,3,E01034509,0,1
2024221484834,2024,221484834,1,9,0,-1,19,5,1,-1,0,0,0,0,0,0,1,1,-1,2,1,28,6,-1,-1,-1,-1,7,E01021902,0,5
2024010489445,2024,010489445,1,3,0,99,99,9,9,99,99,1,9,99,9,99,1,1,6,6,1,29,6,-1,-1,-1,-1,10,E01000874,0,2
2024052402394,2024,052402394,1,1,0,18,19,7,3,0,0,0,0,0,0,0,1,1,1,1,1,22,5,-1,-1,-1,-1,4,E01012464,0,4
2024041445795,2024,041445795,2,9,0,-1,19,8,4,-1,0,1,0,0,0,0,3,1,-1,9,2,31,6,-1,-1,-1,-1,2,E01006284,0,3
2024010496912,2024,010496912,2,9,0,18,19,3,7,0,0,2,0,0,0,0,1,1,2,2,1,29,6,-1,-1,-1,-1,-1,-1,0,-1
2024070463840,2024,070463840,1,3,0,18,19,1,5,0,0,0,0,0,0,0,3,1,6,6,1,30,6,-1,-1,-1,-1,1,E01006844,0,3
2024302401358,2024,302401358,2,9,0,6,6,0,0,0,0,1,0,0,0,0,1,1,6,6,2,36,7,-1,-1,-1,-1,2,E01013522,0,1
2024471456395,2024,471456395,1,9,0,-1,19,6,2,-1,0,0,1,0,1,10,1,1,-1,9,1,54,8,-1,-1,-1,-1,6,E01021164,0,1
2024010488173,2024,010488173,1,9,9,99,99,9,9,99,99,9,9,99,9,99,9,9,6,6,3,21,5,-1,-1,-1,-1,4,E01003372,0,1
2024631414921,2024,631414921,1,9,0,-1,9,8,5,-1,0,5,0,0,1,10,4,1,-1,6,2,73,10,-1,-1,-1,-1,5,W01002012,0,1
2024122400765,2024,122400765,1,9,0,18,19,1,5,0,0,8,0,0,0,0,1,1,6,6,3,-1,-1,-1,-1,-1,-1,-1,-1,0,-1
2024421437765,2024,421437765,1,9,0,-1,19,5,1,-1,0,0,0,0,0,0,3,9,-1,6,1,-1,-1,-1,-1,-1,-1,-1,-1,0,-1
2024161431641,2024,161431641,1,1,0,-1,14,6,2,-1,0,0,0,0,0,0,2,1,-1,2,1,36,7,-1,-1,-1,-1,4,E01013211,0,1
2024471505628,2024,471505628,2,1,0,-1,19,5,1,-1,4,1,0,0,0,0,3,1,-1,6,1,25,5,-1,-1,-1,-1,5,E01016966,0,1
2024041433556,2024,041433556,1,9,0,-1,7,-1,-1,-1,0,0,-1,-1,-1,0,0,9,-1,6,3,-1,-1,-1,-1,-1,-1,-1,-1,0,-1
2024010500753,2024,010500753,2,90,0,99,99,9,9,99,99,9,9,99,9,99,9,9,6,6,3,-1,-1,-1,-1,-1,-1,-1,-1,0,-1
2024010503787,2024,010503787,2,1,0,18,19,5,1,0,0,8,0,0,0,0,1,1,6,6,1,19,4,-1,-1,-1,-1,4,E01002017,0,1
2024501425074,2024,501425074,2,9,0,-1,19,7,3,-1,0,0,0,0,1,0,1,1,-1,6,1,28,6,-1,-1,-1,-1,4,E01018943,0,4
2024161462906,2024,161462906,3,1,0,-1,19,8,5,-1,0,0,0,0,0,0,1,1,-1,6,1,49,8,-1,-1,-1,-1,7,E01013098,0,3
2024101436943,2024,101436943,1,-1,0,-1,19,6,2,-1,0,0,2,0,0,0,1,1,-1,6,1,12,3,-1,-1,-1,-1,-1,-1,1,-1
2024010500249,2024,010500249,1,9,0,99,99,9,9,99,99,0,9,99,9,99,1,9,6,6,3,-1,-1,-1,-1,-1,-1,-1,-1,0,-1
2024991482331,2024,991482331,2,1,0,-1,19,8,4,-1,0,1,0,0,0,0,1,1,-1,9,1,26,6,-1,-1,-1,-1,3,-1,0,1
2024320645761,2024,320645761,1,9,0,-1,-1,4,1,0,0,6,0,0,0,0,4,1,6,6,1,75,10,-1,-1,-1,-1,8,E01026372,0,1
2024451472499,2024,451472499,2,90,0,-1,99,1,5,-1,0,0,0,99,3,0,9,9,-1,6,3,41,7,-1,-1,-1,-1,-1,-1,0,-1
2024201438589,2024,201438589,2,1,0,-1,19,5,1,-1,0,2,0,0,0,0,3,1,-1,6,1,17,4,-1,-1,-1,-1,5,E01009418,0,1
2024010506819,2024,010506819,2,9,0,18,19,1,5,0,0,1,0,0,1,0,1,1,6,6,2,53,8,-1,-1,-1,-1,9,E01000440,0,1
2024041408222,2024,041408222,1,9,0,-1,19,1,5,-1,0,1,0,0,0,0,1,1,-1,9,1,90,11,-1,-1,-1,-1,6,E01025593,0,2
2024201532228,2024,201532228,1,9,0,-1,19,5,1,-1,0,4,0,0,0,0,1,2,-1,6,3,24,5,-1,-1,-1,-1,-1,-1,0,-1
2024302400159,2024,302400159,1,9,0,4,4,7,3,0,0,1,0,0,0,0,3,1,6,6,2,51,8,-1,-1,-1,-1,8,E01025923,0,2
2024201433605,2024,201433605,2,1,0,-1,10,3,1,-1,0,1,0,0,0,0,1,1,-1,1,2,36,7,-1,-1,-1,-1,5,E01009802,0,2
2024610015224,2024,610015224,1,9,0,18,19,6,2,0,0,1,0,0,0,0,1,1,6,6,2,55,8,-1,-1,-1,-1,3,W01001448,0,1
2024421522813,2024,421522813,1,9,0,-1,19,4,8,-1,0,0,0,0,8,4,1,1,-1,9,2,23,5,-1,-1,-1,-1,8,E01021385,0,2
2024131531372,2024,131531372,1,9,0,-1,-1,-1,-1,-1,-1,-1,-1,-1,-1,-1,-1,1,-1,6,3,-1,-1,-1,-1,-1,-1,-1,-1,0,-1
2024302400068,2024,302400068,1,9,0,18,19,2,6,0,0,2,0,0,0,0,3,1,6,6,3,-1,-1,-1,-1,-1,-1,5,E01019456,0,3
2024440556071,2024,440556071,3,1,0,18,19,3,7,0,0,1,0,0,0,0,0,1,6,6,1,34,6,-1,-1,-1,-1,5,E01017158,0,1
2024401522582,2024,401522582,1,9,0,-1,5,1,5,-1,0,4,0,0,0,0,0,9,-1,6,3,-1,-1,-1,-1,-1,-1,-1,-1,0,-1
2024010530055,2024,010530055,1,1,9,99,99,9,9,99,99,9,9,99,9,99,9,1,6,6,1,36,7,-1,-1,-1,-1,5,E01001276,0,2
2024430135247,2024,430135247,1,9,0,7,7,2,4,0,0,6,1,0,0,0,4,1,6,6,1,52,8,-1,-1,-1,-1,10,E01017935,0,1
2024421428132,2024,421428132,2,9,0,-1,10,3,1,-1,0,0,0,0,0,0,2,1,-1,1,1,60,9,-1,-1,-1,-1,9,E01021873,0,1
2024471480861,2024,471480861,1,1,0,-1,19,3,7,-1,0,8,9,0,0,0,1,1,-1,9,1,23,5,-1,-1,-1,-1,9,E01017147,0,4
2024501525870,2024,501525870,2,20,0,-1,19,3,7,-1,0,0,0,0,0,0,1,1,-1,1,1,57,9,-1,-1,-1,-1,5,E01020174,0,4
2024401538169,2024,401538169,1,9,-1,-1,-1,-1,-1,-1,-1,-1,-1,-1,-1,0,-1,9,-1,6,3,-1,-1,-1,-1,-1,-1,-1,-1,0,-1
2024421519448,2024,421519448,2,1,0,-1,4,-1,-1,-1,0,1,0,0,0,0,4,1,-1,6,1,68,10,-1,-1,-1,-1,9,E01021693,0,1
2024010509253,2024,010509253,2,9,0,5,5,9,9,99,99,9,9,99,9,99,1,2,6,6,2,-1,-1,-1,-1,-1,-1,-1,-1,0,-1
2024622400135,2024,622400135,1,9,0,1,1,8,4,0,0,0,0,0,0,0,2,1,6,6,2,43,7,-1,-1,-1,-1,10,W01001083,0,1
2024311406546,2024,311406546,1,9,0,-1,19,5,1,-1,0,4,0,0,0,0,1,1,-1,6,3,-1,-1,-1,-1,-1,-1,-1,-1,0,-1
202460Q096492,2024,60Q096492,1,19,0,18,19,3,7,0,0,2,0,0,7,4,1,1,6,6,1,78,11,-1,-1,-1,-1,-1,-1,0,-1
2024010493493,2024,010493493,1,9,0,7,7,8,3,0,0,1,0,99,9,0,1,1,6,6,1,24,5,-1,-1,-1,-1,5,E01035646,0,1
2024061528439,2024,061528439,1,97,0,-1,19,2,7,-1,9,2,0,0,1,0,1,1,-1,6,1,18,4,-1,-1,-1,-1,4,E01005700,0,1
2024161479560,2024,161479560,2,9,0,-1,14,8,4,-1,0,0,0,0,0,0,3,9,-1,6,3,-1,-1,-1,-1,-1,-1,-1,-1,0,-1
2024201432570,2024,201432570,1,9,0,-1,19,2,8,-1,0,0,0,0,0,0,1,1,-1,6,3,-1,-1,-1,-1,-1,-1,-1,-1,0,-1
2024332400810,2024,332400810,1,1,0,-1,19,2,6,-1,0,0,0,0,0,0,1,1,-1,6,1,-1,-1,-1,-1,-1,-1,-1,-1,0,-1
2024371412111,2024,371412111,2,1,0,-1,19,7,4,-1,0,2,0,0,0,0,4,1,-1,2,1,57,9,-1,-1,-1,-1,3,E01033128,0,1
2024131441531,2024,131441531,2,9,0,-1,19,1,5,-1,0,0,0,0,0,0,2,1,-1,1,1,41,7,-1,-1,-1,-1,1,E01033471,0,4
2024122500365,2024,122500365,2,9,0,18,19,4,8,0,0,0,0,0,0,0,3,1,6,6,1,83,11,-1,-1,-1,-1,9,E01027642,0,1
2024010510744,2024,010510744,2,2,0,99,99,9,9,99,99,9,9,99,9,99,1,1,6,6,3,-1,-1,-1,-1,-1,-1,-1,-1,0,-1
2024010514733,2024,010514733,2,9,0,2,2,0,0,0,0,8,0,0,0,0,1,1,6,6,3,-1,-1,-1,-1,-1,-1,-1,-1,0,-1
2024430026579,2024,430026579,1,9,0,16,19,1,4,0,0,0,0,0,0,0,4,1,6,6,2,-1,-1,-1,-1,-1,-1,-1,-1,0,-1
2024010502511,2024,010502511,2,3,0,99,99,9,9,99,99,9,9,99,9,99,1,1,6,6,3,-1,-1,-1,-1,-1,-1,-1,-1,0,-1
2024461531976,2024,461531976,2,9,0,-1,10,5,3,-1,0,5,0,0,0,0,1,1,-1,2,1,32,6,-1,-1,-1,-1,4,E01024364,0,1
2024320514064,2024,320514064,1,9,0,9,9,6,3,0,0,5,0,0,0,0,4,1,-1,-1,1,25,5,-1,-1,-1,-1,5,E01009520,0,5
2024361412013,2024,361412013,2,1,0,-1,19,3,7,-1,9,2,0,0,0,0,1,1,-1,2,2,65,9,-1,-1,-1,-1,1,E01026687,0,1
2024161509783,2024,161509783,1,22,0,-1,99,2,6,-1,99,0,9,99,9,0,9,1,-1,6,1,60,9,-1,-1,-1,-1,1,E01012905,0,1
2024010495522,2024,010495522,1,3,0,99,99,9,9,99,99,9,9,99,9,99,9,1,2,2,3,29,6,-1,-1,-1,-1,2,E01001594,0,1
2024010548124,2024,010548124,2,9,9,99,99,9,9,99,99,9,5,0,0,0,9,9,6,6,3,-1,-1,-1,-1,-1,-1,-1,-1,0,-1
2024211509658,2024,211509658,1,9,0,-1,4,0,0,-1,0,0,0,4,0,0,2,1,-1,6,2,36,7,-1,-1,-1,-1,5,E01009246,0,3
2024010499517,2024,010499517,2,19,0,18,19,3,7,0,0,1,0,0,0,0,0,1,1,1,1,27,6,-1,-1,-1,-1,9,E01000752,0,3
2024010487284,2024,010487284,1,9,0,99,99,9,9,99,99,0,9,99,9,99,9,9,6,6,2,-1,-1,-1,-1,-1,-1,5,E01002369,0,1
2024351487266,2024,351487266,1,98,1,-1,19,3,7,-1,0,0,3,0,1,0,1,1,-1,1,1,59,9,-1,-1,-1,-1,-1,-1,0,-1
2024471509770,2024,471509770,2,98,0,-1,5,1,3,-1,0,1,0,99,0,0,4,1,-1,6,3,-1,-1,-1,-1,-1,-1,-1,-1,0,-1
2024501483825,2024,501483825,1,9,0,-1,19,6,8,-1,0,0,2,0,7,10,1,1,-1,9,2,32,6,-1,-1,-1,-1,6,E01015127,0,3
2024201494200,2024,201494200,2,1,0,-1,19,8,2,-1,0,5,0,0,0,0,2,1,-1,2,1,32,6,-1,-1,-1,-1,1,E01009358,0,1
202454C579824,2024,54C579824,1,5,0,18,19,6,2,0,0,0,2,0,0,0,0,1,6,6,1,64,9,-1,-1,-1,-1,6,E01031614,0,4
2024010491269,2024,010491269,1,9,0,99,99,9,9,99,99,9,9,99,9,99,2,9,6,6,1,55,8,-1,-1,-1,-1,7,E01003287,0,3
2024041502252,2024,041502252,1,9,0,-1,1,1,5,-1,9,0,0,0,0,0,2,1,-1,9,1,77,11,-1,-1,-1,-1,9,E01012609,0,1
2024471482151,2024,471482151,1,1,0,-1,4,2,6,-1,0,0,0,0,0,0,4,1,-1,9,1,12,3,-1,-1,-1,-1,3,E01031358,0,1
2024010511371,2024,010511371,1,1,9,99,99,9,9,99,99,9,9,99,9,99,9,1,6,6,1,18,4,-1,-1,-1,-1,6,E01000265,0,1
2024201435460,2024,201435460,2,1,0,-1,7,1,4,-1,0,4,0,0,0,0,1,1,-1,6,-1,-1,-1,-1,-1,-1,-1,-1,-1,0,-1
2024010488237,2024,010488237,1,98,0,99,99,9,9,99,99,0,9,99,9,99,9,9,6,6,3,-1,-1,-1,-1,-1,-1,-1,-1,0,-1
2024540738224,2024,540738224,2,11,0,18,19,5,1,0,0,8,0,0,0,0,3,1,1,1,1,45,7,-1,-1,-1,-1,3,E01015488,0,4
2024461459520,2024,461459520,1,9,0,-1,12,3,7,-1,0,0,0,0,0,0,0,1,-1,6,-1,70,10,-1,-1,-1,-1,-1,-1,0,-1
2024010513451,2024,010513451,1,1,9,99,99,9,9,99,99,9,9,99,9,99,2,1,6,6,1,29,6,-1,-1,-1,-1,7,E01004018,0,1
2024522402363,2024,522402363,1,1,0,17,19,9,9,0,0,8,0,0,0,0,1,1,6,6,1,26,6,-1,-1,-1,-1,5,E01014530,0,1
2024010492102,2024,010492102,2,22,0,18,19,3,7,0,0,8,0,0,0,0,1,1,6,6,1,59,9,-1,-1,-1,-1,5,E01002549,0,1
2024141438057,2024,141438057,1,9,0,-1,19,3,7,-1,0,8,0,0,0,0,1,1,-1,9,1,81,11,-1,-1,-1,-1,2,E01008014,0,1
2024010544593,2024,010544593,1,1,9,99,99,9,9,99,99,9,9,99,9,99,1,1,6,6,1,12,3,-1,-1,-1,-1,2,E01003391,0,1
2024010546476,2024,010546476,1,19,0,13,13,8,4,0,0,3,0,0,0,0,2,1,6,6,3,-1,-1,-1,-1,-1,-1,-1,-1,0,-1
2024010523442,2024,010523442,1,22,0,99,99,9,9,99,99,9,9,99,9,99,9,9,6,6,3,-1,-1,-1,-1,-1,-1,-1,-1,0,-1
2024451502160,2024,451502160,1,1,0,-1,19,7,3,-1,0,1,2,0,0,0,1,1,-1,2,1,27,6,-1,-1,-1,-1,10,E01030365,0,1
202417L205224,2024,17L205224,1,8,0,-1,19,2,6,-1,0,1,0,0,0,0,4,1,-1,1,3,-1,-1,-1,-1,-1,-1,-1,-1,0,-1
2024010489562,2024,010489562,1,1,9,99,99,9,9,99,99,9,9,99,9,99,2,1,6,6,1,31,6,-1,-1,-1,-1,4,E01032772,0,1
2024201501591,2024,201501591,1,9,0,-1,19,7,3,-1,0,8,0,0,0,0,9,9,-1,9,3,-1,-1,-1,-1,-1,-1,-1,-1,0,-1
2024061518087,2024,061518087,1,9,-1,-1,-1,-1,-1,-1,-1,-1,-1,-1,-1,0,-1,9,-1,6,3,-1,-1,-1,-1,-1,-1,-1,-1,0,-1
2024531458834,2024,531458834,1,9,0,-1,19,3,7,-1,0,8,0,0,0,0,4,1,-1,6,1,77,11,-1,-1,-1,-1,9,E01028760,0,4
2024451539657,2024,451539657,2,98,0,-1,19,3,7,-1,0,0,0,0,1,0,1,2,-1,1,1,57,9,-1,-1,-1,-1,-1,-1,0,-1
2024010514746,2024,010514746,3,9,0,3,3,7,3,0,0,0,0,0,0,0,2,1,6,6,1,30,6,-1,-1,-1,-1,-1,-1,0,-1
2024010504560,2024,010504560,1,9,0,99,99,9,9,99,99,9,9,99,9,99,2,9,6,6,2,42,7,-1,-1,-1,-1,6,E01001159,0,2
2024010509307,2024,010509307,2,9,0,99,99,9,9,99,99,9,9,99,9,99,9,9,6,6,2,-1,-1,-1,-1,-1,-1,8,E01021333,0,4
2024311427699,2024,311427699,2,2,0,-1,19,3,7,-1,9,1,0,0,0,0,1,1,-1,9,1,16,4,-1,-1,-1,-1,-1,-1,0,-1
2024371514429,2024,371514429,2,1,0,-1,19,5,1,-1,0,0,0,0,0,0,2,1,-1,9,1,63,9,-1,-1,-1,-1,7,E01029891,0,1
2024430453354,2024,430453354,1,9,0,18,19,6,2,0,0,0,0,0,0,0,1,1,6,6,2,40,7,-1,-1,-1,-1,10,E01016637,0,1
2024010492606,2024,010492606,1,11,0,99,99,9,9,99,99,9,9,99,9,99,9,9,6,6,3,-1,-1,-1,-1,-1,-1,-1,-1,0,-1
2024552401110,2024,552401110,1,9,0,18,19,2,6,0,0,8,0,0,0,0,1,1,6,6,1,34,6,-1,-1,-1,-1,5,E01015441,0,1
202460Q002642,2024,60Q002642,1,9,0,18,19,5,1,0,0,0,0,0,1,3,1,1,6,6,1,56,9,-1,-1,-1,-1,-1,-1,0,-1
2024991428045,2024,991428045,2,8,0,-1,5,1,3,-1,0,1,0,0,0,0,1,1,-1,1,1,50,8,-1,-1,-1,-1,-1,-1,0,-1