collision_index,collision_year,collision_ref_no,vehicle_reference,vehicle_type,towing_and_articulation,vehicle_manoeuvre_historic,vehicle_manoeuvre,vehicle_direction_from,vehicle_direction_to,vehicle_location_restricted_lane_historic,vehicle_location_restricted_lane,junction_location,skidding_and_overturning,hit_object_in_carriageway,vehicle_leaving_carriageway,hit_object_off_carriageway,first_point_of_impact,vehicle_left_hand_drive,journey_purpose_of_driver_historic,journey_purpose_of_driver,sex_of_driver,age_of_driver,age_band_of_driver,engine_capacity_cc,propulsion_code,age_of_vehicle,generic_make_model,driver_imd_decile,lsoa_of_driver,escooter_flag,driver_distance_banding
2024010548867,2024,010548867,2,1,0,18,19,7,3,0,0,1,2,0,0,0,1,1,6,6,1,34,6,-1,-1,-1,-1,4,E01002596,0,1
2024010521230,2024,010521230,2,1,0,13,13,1,5,0,0,1,1,0,0,0,3,1,6,6,1,43,7,-1,-1,-1,-1,9,E01004136,0,3
2024141525642,2024,141525642,3,9,0,-1,2,0,0,-1,0,0,0,0,0,0,1,1,-1,6,-1,-1,-1,-1,-1,-1,-1,-1,-1,0,-1
2024471505617,2024,471505617,2,1,0,-1,3,3,7,-1,4,1,0,0,1,7,4,1,-1,6,2,45,7,-1,-1,-1,-1,8,E01031357,0,2
2024010487183,2024,010487183,1,9,0,99,99,9,9,99,99,9,9,99,9,99,9,9,2,2,1,49,8,-1,-1,-1,-1,4,E01034369,0,3
2024461516203,2024,461516203,1,9,0,-1,19,5,1,-1,0,0,0,0,0,0,1,9,-1,6,3,-1,-1,-1,-1,-1,-1,-1,-1,0,-1
2024010510930,2024,010510930,2,9,0,99,99,9,9,99,99,9,9,99,9,99,9,9,6,6,3,-1,-1,-1,-1,-1,-1,-1,-1,0,-1
2024010493631,2024,010493631,2,9,0,99,99,9,9,99,99,9,9,99,9,99,1,9,6,6,3,-1,-1,-1,-1,-1,-1,6,E01002335,0,1
2024070919419,2024,070919419,1,9,0,-1,19,4,2,-1,0,0,0,0,1,0,1,1,-1,2,1,63,9,-1,-1,-1,-1,6,E01018749,0,1
2024430089139,2024,430089139,2,1,0,18,19,4,8,0,0,1,0,0,0,0,1,1,6,6,1,25,5,-1,-1,-1,-1,4,E01035247,0,1
2024201416520,2024,201416520,1,9,0,-1,19,3,7,-1,0,0,0,0,0,0,1,9,-1,6,3,-1,-1,-1,-1,-1,-1,-1,-1,0,-1
2024311508660,2024,311508660,2,-1,0,-1,9,4,2,-1,4,1,0,0,0,0,0,1,-1,9,1,28,6,-1,-1,-1,-1,1,E01013877,1,1
2024052401364,2024,052401364,1,1,0,18,19,5,1,0,0,0,0,0,0,0,3,1,6,6,1,23,5,-1,-1,-1,-1,4,E01006454,0,1
2024010534763,2024,010534763,1,1,9,99,99,9,9,99,99,9,9,99,9,99,1,1,6,6,1,26,6,-1,-1,-1,-1,6,E01003218,0,1
2024522402453,2024,522402453,2,97,0,9,9,5,3,0,0,5,0,0,0,0,3,1,6,6,3,-1,-1,-1,-1,-1,-1,-1,-1,0,-1
2024052402082,2024,052402082,2,9,0,9,9,5,1,0,0,1,0,0,0,0,2,1,6,6,1,51,8,-1,-1,-1,-1,5,E01025474,0,3
2024010502290,2024,010502290,2,9,0,99,99,9,9,99,99,9,9,99,9,99,9,9,6,6,3,-1,-1,-1,-1,-1,-1,-1,-1,0,-1
2024520401309,2024,520401309,2,9,0,18,19,1,5,0,0,8,0,0,0,0,1,1,6,6,2,58,9,-1,-1,-1,-1,8,E01014747,0,4
2024010489987,2024,010489987,1,3,0,99,99,9,9,99,99,9,9,99,9,99,9,1,6,6,3,29,6,-1,-1,-1,-1,5,E01000240,0,1
2024010517940,2024,010517940,2,1,0,5,5,1,5,0,0,4,0,0,0,0,1,1,1,1,1,33,6,-1,-1,-1,-1,4,E01003043,0,1
2024131467639,2024,131467639,2,9,0,-1,19,5,1,-1,0,8,0,0,1,11,1,1,-1,2,1,36,7,-1,-1,-1,-1,3,E01011325,0,1
2024031457172,2024,031457172,2,9,-1,-1,19,1,5,-1,0,1,-1,-1,0,0,3,9,-1,6,3,-1,-1,-1,-1,-1,-1,-1,-1,0,-1
2024471413659,2024,471413659,1,1,0,-1,19,5,1,-1,0,1,0,0,0,0,0,1,-1,2,2,45,7,-1,-1,-1,-1,4,E01031434,0,1
2024201438776,2024,201438776,1,9,0,-1,13,7,3,-1,0,1,0,10,1,0,1,1,-1,6,-1,-1,-1,-1,-1,-1,-1,-1,-1,0,-1
2024461419997,2024,461419997,1,97,0,-1,13,7,4,-1,0,1,0,0,0,0,1,1,-1,6,1,20,4,-1,-1,-1,-1,2,E01024091,0,1
2024010526854,2024,010526854,2,9,0,9,9,1,6,0,0,0,0,0,0,0,1,1,1,1,1,22,5,-1,-1,-1,-1,3,E01001476,0,1
2024010539182,2024,010539182,2,1,9,99,99,9,9,99,99,9,9,99,9,99,9,1,6,6,3,-1,-1,-1,-1,-1,-1,-1,-1,0,-1
2024440305638,2024,440305638,1,-1,0,7,7,4,6,0,0,1,0,0,0,0,0,1,6,6,1,24,5,-1,-1,-1,-1,1,E01017241,1,1
2024610014324,2024,610014324,1,9,0,9,9,2,8,0,0,8,0,0,0,0,1,1,6,6,2,28,6,-1,-1,-1,-1,1,W01001459,0,1
2024010538367,2024,010538367,2,1,9,99,99,9,9,99,99,9,9,99,9,99,9,1,6,6,2,34,6,-1,-1,-1,-1,3,E01000553,0,2
2024010549924,2024,010549924,1,1,9,99,99,9,9,4,4,9,9,99,9,99,9,1,2,2,2,63,9,-1,-1,-1,-1,3,E01003926,0,1
2024010492748,2024,010492748,2,9,0,99,99,9,9,99,99,9,9,99,9,99,2,9,6,6,3,-1,-1,-1,-1,-1,-1,-1,-1,0,-1
2024010538268,2024,010538268,2,10,0,99,99,9,9,99,99,9,9,99,9,99,9,9,6,6,3,-1,-1,-1,-1,-1,-1,-1,-1,0,-1
2024371505021,2024,371505021,2,9,0,-1,3,2,6,-1,0,1,0,0,0,0,3,1,-1,9,2,77,11,-1,-1,-1,-1,5,E01030252,0,2
2024061489366,2024,061489366,2,19,0,-1,19,2,4,-1,4,6,0,0,0,0,4,1,-1,6,3,-1,-1,-1,-1,-1,-1,-1,-1,0,-1
2024061420266,2024,061420266,1,98,0,-1,19,6,4,-1,0,0,0,0,0,0,1,9,-1,6,1,-1,-1,-1,-1,-1,-1,3,E01005710,0,3
2024101451653,2024,101451653,2,9,-1,-1,-1,-1,-1,-1,-1,0,-1,-1,-1,0,-1,9,-1,6,3,-1,-1,-1,-1,-1,-1,-1,-1,0,-1
2024031425780,2024,031425780,1,9,0,-1,3,1,5,-1,0,1,0,0,0,0,3,9,-1,6,3,30,6,-1,-1,-1,-1,-1,-1,0,-1
2024311534976,2024,311534976,1,9,0,-1,5,0,0,-1,0,0,0,0,0,0,1,9,-1,6,1,30,6,-1,-1,-1,-1,-1,-1,0,-1
2024010536726,2024,010536726,2,9,0,18,19,5,1,0,0,4,0,0,0,0,1,1,6,6,3,-1,-1,-1,-1,-1,-1,-1,-1,0,-1
2024351522199,2024,351522199,1,9,0,-1,5,7,1,-1,0,0,0,0,0,0,0,9,-1,6,1,87,11,-1,-1,-1,-1,9,E01026225,0,4
2024302400849,2024,302400849,3,1,0,5,5,2,6,0,0,0,0,0,0,0,0,1,6,6,3,-1,-1,-1,-1,-1,-1,5,E01019456,0,3
2024141490433,2024,141490433,2,-1,0,-1,19,3,7,-1,9,0,5,0,0,0,1,1,-1,6,3,45,7,-1,-1,-1,-1,-1,-1,1,-1
2024010488761,2024,010488761,2,9,9,99,99,9,9,99,99,9,9,99,9,99,9,9,6,6,3,22,5,-1,-1,-1,-1,-1,-1,0,-1
2024991444938,2024,991444938,1,9,0,-1,19,7,2,-1,0,0,0,0,0,0,3,1,-1,9,1,27,6,-1,-1,-1,-1,1,-1,0,4
2024010508087,2024,010508087,1,-1,0,15,15,2,6,4,4,1,0,0,0,0,0,1,6,6,1,-1,-1,-1,-1,-1,-1,-1,-1,1,-1
2024010525957,2024,010525957,2,9,0,99,99,9,9,99,99,6,9,99,9,99,9,9,6,6,3,-1,-1,-1,-1,-1,-1,-1,-1,0,-1
2024320063494,2024,320063494,2,1,0,-1,-1,2,6,0,0,8,0,0,0,0,4,1,6,6,1,14,3,-1,-1,-1,-1,5,E01034692,0,1
2024231534306,2024,231534306,1,21,1,-1,1,6,2,-1,0,1,0,0,0,0,2,9,-1,6,3,50,8,-1,-1,-1,-1,-1,-1,0,-1
2024010528162,2024,010528162,2,1,0,18,19,3,7,0,0,3,0,0,0,0,1,1,6,6,1,72,10,-1,-1,-1,-1,4,E01001609,0,1
2024211478284,2024,211478284,1,9,0,-1,19,2,6,-1,0,1,0,0,0,0,1,1,-1,2,1,26,6,-1,-1,-1,-1,1,E01009344,0,4
2024010516869,2024,010516869,2,1,0,18,19,7,3,0,0,1,5,0,0,0,1,1,6,6,1,35,6,-1,-1,-1,-1,4,E01003122,0,1
2024201531299,2024,201531299,1,9,0,-1,19,2,6,-1,0,0,0,0,0,0,1,1,-1,6,3,-1,-1,-1,-1,-1,-1,-1,-1,0,-1
2024430116543,2024,430116543,2,19,0,7,7,6,8,0,0,5,1,0,0,0,1,1,6,6,1,43,7,-1,-1,-1,-1,5,E01021762,0,4
2024010502680,2024,010502680,2,1,0,18,19,5,1,0,0,2,0,8,0,0,1,1,6,6,2,67,10,-1,-1,-1,-1,8,E01017006,0,4
2024010490278,2024,010490278,1,8,0,18,19,5,1,0,0,0,0,0,0,0,1,1,1,1,1,50,8,-1,-1,-1,-1,2,E01032787,0,1
2024991460498,2024,991460498,2,16,0,-1,19,5,1,-1,0,0,0,0,0,0,0,1,-1,9,2,20,4,-1,-1,-1,-1,5,-1,0,3
2024991456936,2024,991456936,1,90,0,-1,9,8,6,-1,0,2,0,0,0,0,1,1,-1,1,1,51,8,-1,-1,-1,-1,1,-1,0,2
2024440464885,2024,440464885,1,1,0,18,19,6,2,0,0,1,0,0,0,0,3,1,6,6,1,32,6,-1,-1,-1,-1,10,E01032880,0,1
2024010489621,2024,010489621,1,19,0,9,9,3,2,0,0,2,0,0,0,0,4,1,1,1,1,30,6,-1,-1,-1,-1,7,E01003407,0,3
2024010490990,2024,010490990,1,5,0,18,19,3,7,0,0,0,0,10,0,0,1,1,6,6,1,30,6,-1,-1,-1,-1,10,E01004640,0,2
2024991526792,2024,991526792,3,9,0,-1,2,5,1,-1,0,0,0,0,0,0,1,9,-1,1,2,54,8,-1,-1,-1,-1,7,-1,0,1
2024041456475,2024,041456475,1,9,0,-1,19,1,5,-1,0,8,0,0,0,0,-1,9,-1,6,3,-1,-1,-1,-1,-1,-1,-1,-1,0,-1
2024101427892,2024,101427892,2,9,-1,-1,19,-1,-1,-1,0,8,0,0,0,0,4,9,-1,6,1,20,4,-1,-1,-1,-1,10,E01008548,0,2
2024052401792,2024,052401792,1,1,0,18,19,3,7,0,0,0,0,0,0,0,1,1,6,6,1,-1,-1,-1,-1,-1,-1,-1,-1,0,-1
2024221462134,2024,221462134,1,9,0,-1,7,1,2,-1,0,4,0,0,0,0,2,9,-1,7,2,29,6,-1,-1,-1,-1,3,E01009775,0,4
2024061441995,2024,061441995,2,9,-1,-1,-1,-1,-1,-1,-1,0,-1,-1,-1,0,-1,9,-1,6,3,67,10,-1,-1,-1,-1,6,E01004912,0,1
2024010488692,2024,010488692,2,9,0,5,5,5,1,0,0,1,0,0,0,0,1,1,6,6,1,17,4,-1,-1,-1,-1,7,E01003407,0,1
2024010514246,2024,010514246,2,97,0,17,19,3,1,0,0,2,0,0,0,0,1,1,6,6,3,-1,-1,-1,-1,-1,-1,-1,-1,0,-1
2024061473177,2024,061473177,2,1,0,-1,19,1,5,-1,0,1,0,0,0,0,1,1,-1,2,2,30,6,-1,-1,-1,-1,3,E01005179,0,1
2024610016924,2024,610016924,1,97,0,3,3,0,0,0,0,4,0,0,0,0,2,1,6,6,1,59,9,-1,-1,-1,-1,4,W01001365,0,2
2024141429341,2024,141429341,2,9,0,-1,19,8,4,-1,0,0,0,0,0,0,3,1,-1,2,1,65,9,-1,-1,-1,-1,5,E01008034,0,2
2024430040847,2024,430040847,3,9,0,2,2,0,0,0,0,0,0,0,0,0,4,1,6,6,2,-1,-1,-1,-1,-1,-1,-1,-1,0,-1
2024361402050,2024,361402050,2,1,0,-1,15,3,7,-1,0,2,0,4,0,0,1,1,-1,2,2,52,8,-1,-1,-1,-1,1,E01026800,0,1
2024010504184,2024,010504184,2,1,0,18,19,5,1,0,0,1,0,0,0,0,1,1,6,6,1,77,11,-1,-1,-1,-1,1,E01004042,0,2
2024440003143,2024,440003143,2,21,0,11,11,5,1,0,0,0,0,0,0,0,1,1,1,1,1,45,7,-1,-1,-1,-1,2,E01017219,0,1
2024041457900,2024,041457900,1,9,0,-1,19,-1,-1,-1,0,0,0,0,0,0,-1,9,-1,6,3,-1,-1,-1,-1,-1,-1,-1,-1,0,-1
2024430355867,2024,430355867,1,9,0,9,9,4,2,0,0,5,0,0,0,0,1,1,1,1,1,28,6,-1,-1,-1,-1,5,W01000696,0,5
2024101418319,2024,101418319,1,9,0,-1,-1,-1,-1,-1,-1,-1,-1,-1,-1,0,-1,9,-1,6,3,-1,-1,-1,-1,-1,-1,-1,-1,0,-1
2024010496513,2024,010496513,2,3,0,18,19,5,1,8,6,8,0,0,7,0,4,1,6,6,1,24,5,-1,-1,-1,-1,6,E01004652,0,1
2024010490370,2024,010490370,2,97,0,99,99,9,9,99,99,9,9,99,9,99,9,9,6,6,3,-1,-1,-1,-1,-1,-1,4,E01002014,0,1
2024451459800,2024,451459800,2,1,0,-1,19,1,6,-1,9,1,0,0,0,0,2,1,-1,2,1,21,5,-1,-1,-1,-1,4,E01030588,0,1
2024311441914,2024,311441914,2,1,0,-1,19,3,7,-1,0,1,0,0,0,0,1,1,-1,1,1,18,4,-1,-1,-1,-1,-1,-1,0,-1
2024451456018,2024,451456018,1,9,0,-1,19,5,1,-1,0,0,0,0,0,0,1,1,-1,9,1,29,6,-1,-1,-1,-1,7,E01030858,0,3
2024421518447,2024,421518447,2,21,0,-1,19,3,8,-1,0,8,0,0,0,0,1,1,-1,1,1,35,6,-1,-1,-1,-1,4,E01021367,0,2
2024010493073,2024,010493073,2,3,0,4,4,3,7,0,0,0,0,0,0,0,1,1,6,6,1,19,4,-1,-1,-1,-1,3,E01000641,0,1
2024010488435,2024,010488435,2,1,0,5,5,1,5,0,0,6,0,0,0,0,0,1,6,6,2,26,6,-1,-1,-1,-1,7,E01004476,0,1
2024131505672,2024,131505672,1,9,0,-1,-1,-1,-1,-1,-1,1,0,0,-1,0,-1,1,-1,6,3,-1,-1,-1,-1,-1,-1,-1,-1,0,-1
2024522500214,2024,522500214,1,9,0,18,19,6,2,0,0,1,0,0,0,0,1,1,6,6,1,19,4,-1,-1,-1,-1,4,E01014662,0,1
2024010538461,2024,010538461,2,1,0,11,11,5,1,0,0,2,5,0,0,0,3,1,6,6,1,35,6,-1,-1,-1,-1,5,E01001189,0,3
2024010496150,2024,010496150,1,9,0,4,4,3,7,0,0,0,0,0,0,0,2,1,6,6,2,60,9,-1,-1,-1,-1,6,E01003664,0,1
2024440550816,2024,440550816,1,5,0,18,19,5,1,0,0,8,1,0,0,0,1,1,2,2,1,31,6,-1,-1,-1,-1,7,E01017367,0,1
2024111474968,2024,111474968,2,9,0,-1,2,0,0,-1,0,0,0,0,0,0,4,1,-1,6,-1,-1,-1,-1,-1,-1,-1,-1,-1,0,-1
2024461434150,2024,461434150,1,9,0,-1,5,7,3,-1,0,0,0,0,0,0,1,1,-1,6,2,65,9,-1,-1,-1,-1,9,E01016104,0,1
2024010539053,2024,010539053,1,1,9,18,19,9,9,2,2,9,9,99,9,99,1,1,2,2,1,24,5,-1,-1,-1,-1,2,E01002100,0,3
2024340NN0252,2024,340NN0252,2,9,0,-1,19,6,2,-1,0,3,0,0,0,0,4,1,-1,2,1,41,7,-1,-1,-1,-1,7,E01035393,0,1
2024311525242,2024,311525242,2,9,0,-1,2,0,0,-1,0,0,0,0,0,0,4,1,-1,6,2,30,6,-1,-1,-1,-1,-1,-1,0,-1
2024440004696,2024,440004696,1,1,0,9,9,5,3,0,0,8,0,0,0,0,4,1,6,6,1,19,4,-1,-1,-1,-1,10,E01022987,0,3
2024201424659,2024,201424659,1,-1,0,-1,19,3,7,-1,0,0,0,0,0,0,1,9,-1,6,3,-1,-1,-1,-1,-1,-1,-1,-1,1,-1
2024991400703,2024,991400703,2,9,0,-1,13,1,5,-1,0,1,2,0,0,0,1,1,-1,9,1,18,4,-1,-1,-1,-1,-1,-1,0,-1
2024010533134,2024,010533134,2,1,0,18,19,1,5,0,0,1,0,0,0,0,1,1,2,2,2,34,6,-1,-1,-1,-1,6,E01001935,0,1
2024010494970,2024,010494970,2,9,0,16,19,6,2,0,0,1,0,0,0,0,3,1,2,2,1,34,6,-1,-1,-1,-1,2,E01003509,0,3
2024440142580,2024,440142580,1,-1,0,18,19,3,7,0,0,8,0,0,0,0,1,1,2,2,2,33,6,-1,-1,-1,-1,5,E01017074,1,1
2024430264801,2024,430264801,1,1,0,18,19,6,2,0,0,3,0,0,0,0,2,1,2,2,1,47,8,-1,-1,-1,-1,10,E01016653,0,1
2024430538730,2024,430538730,2,1,0,18,19,6,2,0,0,1,0,0,0,0,4,1,2,2,1,49,8,-1,-1,-1,-1,-1,-1,0,-1
2024010529515,2024,010529515,1,9,0,99,99,9,9,99,99,0,9,99,9,99,9,1,6,6,3,-1,-1,-1,-1,-1,-1,-1,-1,0,-1
2024481503994,2024,481503994,1,1,0,-1,7,5,8,-1,0,8,0,0,0,0,4,1,-1,1,1,-1,-1,-1,-1,-1,-1,-1,-1,0,-1
2024161498534,2024,161498534,1,9,0,-1,-1,-1,-1,-1,-1,0,-1,-1,-1,0,-1,1,-1,6,3,-1,-1,-1,-1,-1,-1,-1,-1,0,-1
2024501477281,2024,501477281,1,9,0,-1,19,2,6,-1,0,0,0,0,0,0,3,1,-1,6,1,59,9,-1,-1,-1,-1,5,E01018992,0,4
2024010493222,2024,010493222,2,19,0,2,2,0,0,0,0,8,0,4,0,0,0,1,6,6,3,-1,-1,-1,-1,-1,-1,-1,-1,0,-1
2024440436864,2024,440436864,1,9,0,4,4,5,1,0,0,0,0,0,0,0,2,1,2,2,2,29,6,-1,-1,-1,-1,5,E01034554,0,4
2024010494253,2024,010494253,1,3,0,99,99,9,9,99,99,9,9,99,9,99,9,1,6,6,3,30,6,-1,-1,-1,-1,5,E01003034,0,3
2024451410812,2024,451410812,1,9,0,-1,19,5,1,-1,0,1,0,0,0,0,1,9,-1,6,3,23,5,-1,-1,-1,-1,-1,-1,0,-1
2024010487675,2024,010487675,1,9,0,9,9,2,8,0,0,1,0,0,0,0,1,1,1,1,1,46,8,-1,-1,-1,-1,2,E01001441,0,2
2024010508417,2024,010508417,1,1,9,99,99,9,9,99,99,9,9,99,9,99,1,1,2,2,1,56,9,-1,-1,-1,-1,8,E01000678,0,2
2024052402401,2024,052402401,2,1,0,18,19,1,5,0,0,1,0,0,0,0,4,1,6,6,1,19,4,-1,-1,-1,-1,6,E01007185,0,1
2024010494284,2024,010494284,1,3,0,99,99,9,9,99,99,6,9,99,9,99,9,1,1,1,3,18,4,-1,-1,-1,-1,4,E01001047,0,3
2024010492440,2024,010492440,2,3,0,14,14,7,3,0,0,8,0,0,8,10,1,1,6,6,1,18,4,-1,-1,-1,-1,8,E01021791,0,2
2024991405218,2024,991405218,2,9,0,-1,9,7,5,-1,0,8,0,0,0,0,1,1,-1,6,2,54,8,-1,-1,-1,-1,10,-1,0,1
2024041488808,2024,041488808,2,9,0,-1,19,7,3,-1,0,1,0,0,0,0,2,1,-1,9,1,81,11,-1,-1,-1,-1,2,E01024986,0,3
2024010490137,2024,010490137,2,9,0,99,99,9,9,99,99,9,9,99,9,99,2,9,6,6,3,-1,-1,-1,-1,-1,-1,-1,-1,0,-1
2024351492070,2024,351492070,1,98,1,-1,12,3,7,-1,0,0,0,0,0,0,1,2,-1,1,1,47,8,-1,-1,-1,-1,-1,-1,0,-1
2024052401377,2024,052401377,1,9,0,1,1,1,5,0,0,0,0,0,0,0,2,1,6,6,2,-1,-1,-1,-1,-1,-1,-1,-1,0,-1
2024070351019,2024,070351019,1,1,0,18,19,8,4,0,0,0,0,0,0,0,3,1,6,6,1,13,3,-1,-1,-1,-1,5,E01018547,0,1
2024122400979,2024,122400979,2,9,0,18,19,3,7,0,0,1,0,0,0,0,1,1,6,6,3,-1,-1,-1,-1,-1,-1,-1,-1,0,-1
2024311447705,2024,311447705,2,9,0,-1,19,3,7,-1,0,1,0,0,0,0,1,1,-1,6,1,62,9,-1,-1,-1,-1,-1,-1,0,-1
2024631430474,2024,631430474,1,9,0,-1,9,6,4,-1,0,5,0,0,0,0,1,1,-1,6,1,17,4,-1,-1,-1,-1,7,W01000690,0,1
2024371437685,2024,371437685,1,99,-1,-1,-1,-1,-1,-1,-1,0,-1,-1,-1,0,-1,9,-1,6,3,-1,-1,-1,-1,-1,-1,-1,-1,0,-1
2024440526670,2024,440526670,2,90,0,18,19,1,4,0,0,3,0,0,0,0,1,1,2,2,1,72,10,-1,-1,-1,-1,10,E01022698,0,1
2024991422221,2024,991422221,3,1,0,-1,14,6,2,-1,0,2,0,0,0,0,1,1,-1,9,2,56,9,-1,-1,-1,-1,8,-1,0,1
2024131467078,2024,131467078,2,9,0,-1,19,3,7,-1,0,8,0,0,0,0,1,1,-1,2,1,26,6,-1,-1,-1,-1,2,E01012606,0,4
2024401495892,2024,401495892,2,5,0,-1,19,6,1,-1,0,0,2,0,0,0,1,1,-1,6,1,46,8,-1,-1,-1,-1,9,E01033833,0,1
2024010535545,2024,010535545,1,1,9,18,19,9,9,5,5,9,9,99,0,99,9,1,2,2,1,27,6,-1,-1,-1,-1,2,E01000074,0,2
2024430274205,2024,430274205,2,1,0,18,19,3,7,0,0,1,0,0,0,0,4,1,6,6,1,55,8,-1,-1,-1,-1,7,E01028773,0,1
2024010545693,2024,010545693,1,1,9,99,99,9,9,99,99,9,9,99,9,99,1,1,2,2,1,25,5,-1,-1,-1,-1,5,E01004709,0,1
2024201435752,2024,201435752,1,-1,0,-1,4,5,1,-1,0,8,0,0,0,0,0,1,-1,6,1,31,6,-1,-1,-1,-1,3,E01009641,1,1
2024351399328,2024,351399328,2,1,0,-1,19,5,1,-1,0,0,5,0,0,0,3,1,-1,2,1,45,7,-1,-1,-1,-1,10,E01018232,0,1
2024411450205,2024,411450205,2,1,0,-1,19,2,6,-1,0,8,1,0,0,0,1,1,-1,9,1,30,6,-1,-1,-1,-1,9,E01023665,0,2
2024010515964,2024,010515964,2,9,0,99,99,9,9,99,99,9,9,99,9,99,2,9,6,6,3,-1,-1,-1,-1,-1,-1,-1,-1,0,-1
2024131520345,2024,131520345,2,1,0,-1,19,5,1,-1,0,0,0,0,3,0,4,1,-1,6,1,15,3,-1,-1,-1,-1,1,E01011745,0,1
2024501451913,2024,501451913,2,1,0,-1,19,1,5,-1,0,1,0,0,0,0,1,1,-1,9,1,41,7,-1,-1,-1,-1,4,E01018914,0,3
2024010512136,2024,010512136,1,9,0,18,19,3,7,0,0,8,0,0,1,0,1,1,6,6,3,-1,-1,-1,-1,-1,-1,-1,-1,0,-1
2024501443547,2024,501443547,1,21,-1,-1,19,1,5,-1,0,0,0,0,0,0,1,9,-1,1,3,-1,-1,-1,-1,-1,-1,-1,-1,0,-1
2024421499110,2024,421499110,2,9,-1,-1,3,4,1,-1,0,2,0,0,0,0,2,9,-1,6,3,-1,-1,-1,-1,-1,-1,-1,-1,0,-1
2024311504953,2024,311504953,1,9,0,-1,5,5,1,-1,0,3,0,0,0,0,1,9,-1,6,2,24,5,-1,-1,-1,-1,-1,-1,0,-1
2024440155089,2024,440155089,1,-1,0,18,19,1,5,0,0,0,0,0,0,0,1,1,6,6,2,-1,-1,-1,-1,-1,-1,-1,-1,1,-1
2024010515902,2024,010515902,2,1,0,18,19,1,5,0,0,8,0,0,0,0,1,1,2,2,2,26,6,-1,-1,-1,-1,2,E01033713,0,1
2024421482861,2024,421482861,1,9,0,-1,19,3,7,-1,0,0,0,0,0,0,3,1,-1,6,1,66,10,-1,-1,-1,-1,7,E01034093,0,3
2024302500271,2024,302500271,1,9,0,-1,19,8,4,-1,0,2,5,0,1,2,4,1,-1,6,1,54,8,-1,-1,-1,-1,10,E01027048,0,5
2024332400619,2024,332400619,1,9,0,-1,19,8,4,-1,0,6,0,0,8,1,3,1,-1,6,1,23,5,-1,-1,-1,-1,8,E01028358,0,3
2024010516821,2024,010516821,2,1,9,99,99,9,9,99,99,0,9,99,9,99,1,1,6,6,1,42,7,-1,-1,-1,-1,3,E01035498,0,1
2024231529586,2024,231529586,1,98,0,-1,19,4,8,-1,0,8,0,0,0,0,1,9,-1,6,1,38,7,-1,-1,-1,-1,-1,-1,0,-1
2024161478404,2024,161478404,2,98,0,-1,2,0,0,-1,0,1,0,0,0,0,2,1,-1,6,-1,-1,-1,-1,-1,-1,-1,-1,-1,0,-1
2024211450039,2024,211450039,1,9,0,-1,15,5,1,-1,0,0,0,0,0,0,4,1,-1,9,1,50,8,-1,-1,-1,-1,-1,-1,0,-1
2024320756507,2024,320756507,3,9,0,-1,-1,4,8,0,0,1,0,0,0,0,1,1,-1,-1,2,54,8,-1,-1,-1,-1,3,E01026183,0,2
2024421511995,2024,421511995,1,1,0,-1,19,1,5,-1,9,0,0,0,0,0,1,1,-1,6,1,23,5,-1,-1,-1,-1,2,E01021576,0,1
2024471461256,2024,471461256,1,1,0,-1,19,7,3,-1,9,2,0,0,0,0,1,1,-1,6,1,14,3,-1,-1,-1,-1,5,E01031832,0,1
2024161434416,2024,161434416,1,9,0,-1,5,1,5,-1,0,6,0,0,0,0,2,1,-1,9,1,67,10,-1,-1,-1,-1,8,E01013018,0,1
2024631417479,2024,631417479,1,19,0,-1,1,4,8,-1,0,0,0,0,0,0,2,1,-1,6,1,48,8,-1,-1,-1,-1,1,W01000734,0,1
2024501479825,2024,501479825,1,9,0,-1,19,3,3,-1,0,0,1,0,4,6,3,1,-1,9,1,52,8,-1,-1,-1,-1,5,E01015051,0,1
2024461478277,2024,461478277,2,9,0,-1,19,8,4,-1,0,0,0,0,0,0,2,1,-1,6,1,35,6,-1,-1,-1,-1,5,E01024749,0,3
2024552401135,2024,552401135,1,9,0,9,9,7,5,0,0,5,0,0,0,0,1,1,6,6,1,32,6,-1,-1,-1,-1,8,E01015453,0,1
2024340WN5782,2024,340WN5782,2,-1,0,-1,19,5,1,-1,0,8,0,0,0,0,4,1,-1,7,1,22,5,-1,-1,-1,-1,2,E01015774,1,4
2024231462087,2024,231462087,1,9,0,-1,19,1,5,-1,0,0,0,0,0,0,1,1,-1,9,1,17,4,-1,-1,-1,-1,10,E01031314,0,1
2024201500312,2024,201500312,2,1,0,-1,5,4,8,-1,0,0,0,0,0,0,1,1,-1,6,1,43,7,-1,-1,-1,-1,1,E01034308,0,1
2024440267291,2024,440267291,1,9,0,18,19,1,5,0,0,0,0,0,0,0,1,1,6,6,1,59,9,-1,-1,-1,-1,9,E01022719,0,1
2024440432327,2024,440432327,1,1,0,18,19,7,3,0,0,2,0,0,0,0,2,1,4,7,1,10,2,-1,-1,-1,-1,8,E01022615,0,1
2024010524375,2024,010524375,1,1,9,99,99,9,9,99,99,9,9,99,9,99,1,1,6,6,2,35,6,-1,-1,-1,-1,3,E01004725,0,1
2024311507904,2024,311507904,2,1,0,-1,19,1,5,-1,9,0,0,0,0,0,1,1,-1,6,-1,-1,-1,-1,-1,-1,-1,-1,-1,0,-1
2024131431950,2024,131431950,4,9,0,-1,3,8,3,-1,0,0,0,0,0,0,1,1,-1,6,1,55,8,-1,-1,-1,-1,8,E01027808,0,4
2024010511983,2024,010511983,2,1,0,18,19,1,5,4,4,1,0,0,0,0,1,1,6,6,1,40,7,-1,-1,-1,-1,2,E01004289,0,2
2024141513080,2024,141513080,3,9,0,-1,-1,-1,-1,-1,-1,0,-1,-1,-1,0,-1,9,-1,6,3,-1,-1,-1,-1,-1,-1,-1,-1,0,-1
2024010545518,2024,010545518,2,1,0,18,19,7,3,0,0,8,0,0,0,0,1,1,6,6,1,33,6,-1,-1,-1,-1,4,E01000068,0,1
2024201472996,2024,201472996,1,21,0,-1,11,5,1,-1,0,0,0,0,0,0,4,9,-1,6,1,-1,-1,-1,-1,-1,-1,-1,-1,0,-1
202417M112124,2024,17M112124,1,1,0,-1,19,3,7,-1,0,8,0,0,0,0,4,1,-1,9,2,69,10,-1,-1,-1,-1,6,E01012022,0,1
2024302400540,2024,302400540,2,1,0,18,19,8,4,0,0,8,0,0,0,0,1,1,6,6,2,17,4,-1,-1,-1,-1,2,E01013504,0,1