collision_index,collision_year,collision_ref_no,vehicle_reference,vehicle_type,towing_and_articulation,vehicle_manoeuvre_historic,vehicle_manoeuvre,vehicle_direction_from,vehicle_direction_to,vehicle_location_restricted_lane_historic,vehicle_location_restricted_lane,junction_location,skidding_and_overturning,hit_object_in_carriageway,vehicle_leaving_carriageway,hit_object_off_carriageway,first_point_of_impact,vehicle_left_hand_drive,journey_purpose_of_driver_historic,journey_purpose_of_driver,sex_of_driver,age_of_driver,age_band_of_driver,engine_capacity_cc,propulsion_code,age_of_vehicle,generic_make_model,driver_imd_decile,lsoa_of_driver,escooter_flag,driver_distance_banding
2024010523106,2024,010523106,2,9,0,99,99,9,9,99,99,9,9,99,9,99,9,9,6,6,3,-1,-1,-1,-1,-1,-1,-1,-1,0,-1
2024430419857,2024,430419857,1,-1,0,18,19,4,8,9,9,0,0,0,1,2,1,1,6,6,1,14,3,-1,-1,-1,-1,6,E01016212,1,1
2024201534881,2024,201534881,1,9,0,-1,19,8,4,-1,0,4,0,0,0,0,1,1,-1,6,-1,-1,-1,-1,-1,-1,-1,-1,-1,0,-1
2024421522745,2024,421522745,1,-1,0,-1,19,7,3,-1,0,8,0,0,0,0,4,1,-1,2,2,19,4,-1,-1,-1,-1,6,E01022052,1,2
2024501528411,2024,501528411,1,19,0,-1,1,-1,-1,-1,9,0,0,0,0,0,2,1,-1,6,3,-1,-1,-1,-1,-1,-1,-1,-1,0,-1
2024332400726,2024,332400726,1,9,0,-1,13,1,5,-1,0,0,0,0,0,0,4,1,-1,6,1,-1,-1,-1,-1,-1,-1,-1,-1,0,-1
2024061513302,2024,061513302,2,1,0,-1,19,2,6,-1,0,1,0,0,0,0,1,1,-1,6,1,17,4,-1,-1,-1,-1,1,E01005733,0,1
2024991464620,2024,991464620,2,9,0,-1,19,6,2,-1,0,0,0,0,0,0,1,1,-1,9,1,53,8,-1,-1,-1,-1,6,-1,0,2
2024991442472,2024,991442472,3,9,0,-1,19,7,3,-1,0,0,0,0,0,0,2,1,-1,9,1,62,9,-1,-1,-1,-1,-1,-1,0,-1
2024351398798,2024,351398798,2,1,-1,-1,-1,-1,-1,-1,-1,0,-1,-1,-1,0,-1,1,-1,1,1,40,7,-1,-1,-1,-1,7,E01031349,0,5
2024010517388,2024,010517388,1,9,0,18,19,5,1,0,0,8,0,0,0,0,1,1,6,6,3,-1,-1,-1,-1,-1,-1,-1,-1,0,-1
2024010516588,2024,010516588,2,9,0,18,19,8,4,0,0,0,0,0,0,0,1,1,6,6,3,-1,-1,-1,-1,-1,-1,-1,-1,0,-1
2024311535524,2024,311535524,3,1,0,-1,5,1,1,-1,0,0,0,0,0,0,1,1,-1,9,1,29,6,-1,-1,-1,-1,-1,-1,0,-1
2024440549185,2024,440549185,2,9,0,7,7,5,7,0,0,6,0,0,0,0,1,1,2,2,1,41,7,-1,-1,-1,-1,8,E01023050,0,1
2024052402270,2024,052402270,1,9,0,5,5,2,6,0,0,8,0,0,0,0,1,1,6,6,1,22,5,-1,-1,-1,-1,2,E01006551,0,1
2024451412781,2024,451412781,2,9,0,-1,4,7,3,-1,0,0,0,0,0,0,2,1,-1,1,1,45,7,-1,-1,-1,-1,5,E01035299,0,4
2024461476598,2024,461476598,4,9,4,-1,2,0,0,-1,0,0,0,0,0,0,0,1,-1,9,-1,64,9,-1,-1,-1,-1,4,E01024042,0,3
2024451427293,2024,451427293,1,1,0,-1,99,2,6,-1,99,1,2,0,0,0,3,1,-1,7,2,43,7,-1,-1,-1,-1,9,E01030536,0,1
2024421430277,2024,421430277,1,9,0,-1,-1,-1,-1,-1,-1,0,-1,-1,-1,0,-1,1,-1,6,3,-1,-1,-1,-1,-1,-1,-1,-1,0,-1
2024430244874,2024,430244874,1,8,0,18,19,5,1,0,0,0,0,0,0,0,1,1,1,1,1,-1,-1,-1,-1,-1,-1,-1,-1,0,-1
2024010507203,2024,010507203,1,9,0,18,19,3,7,0,0,0,1,10,1,9,1,1,2,2,1,33,6,-1,-1,-1,-1,9,E01029512,0,5
2024522402241,2024,522402241,2,-1,0,5,5,5,1,0,0,0,0,0,0,0,1,1,6,6,1,24,5,-1,-1,-1,-1,1,E01014516,1,1
2024302401042,2024,302401042,1,19,0,18,19,5,1,0,0,1,0,0,0,0,4,1,6,6,3,-1,-1,-1,-1,-1,-1,5,E01019456,0,3
2024361428218,2024,361428218,2,1,-1,-1,-1,-1,-1,-1,-1,0,-1,-1,-1,0,-1,1,-1,7,1,9,2,-1,-1,-1,-1,10,E01026908,0,1
2024401427466,2024,401427466,3,11,0,-1,19,3,7,-1,0,2,0,0,0,0,3,1,-1,1,1,64,9,-1,-1,-1,-1,5,E01017430,0,1
2024010511882,2024,010511882,1,1,0,18,19,1,5,0,0,2,0,0,0,0,1,1,2,2,1,46,8,-1,-1,-1,-1,5,E01003134,0,1
2024101482478,2024,101482478,2,9,0,-1,5,3,7,-1,0,8,1,0,0,0,1,1,-1,9,1,27,6,-1,-1,-1,-1,4,E01027498,0,3
2024010504830,2024,010504830,1,10,0,9,9,7,4,0,0,5,0,0,0,0,2,1,2,2,1,54,8,-1,-1,-1,-1,2,E01001947,0,1
2024010500816,2024,010500816,2,9,9,99,99,9,9,99,99,1,9,99,9,99,9,9,6,6,3,-1,-1,-1,-1,-1,-1,-1,-1,0,-1
2024520401169,2024,520401169,2,19,9,18,19,9,9,0,0,1,0,0,0,0,1,9,6,6,3,-1,-1,-1,-1,-1,-1,-1,-1,0,-1
2024531460780,2024,531460780,1,9,0,-1,5,3,7,-1,0,4,0,0,0,0,0,9,-1,6,3,-1,-1,-1,-1,-1,-1,-1,-1,0,-1
2024070562954,2024,070562954,1,19,0,5,5,6,2,0,0,1,0,0,0,0,1,1,2,2,1,61,9,-1,-1,-1,-1,-1,-1,0,-1
202454B979924,2024,54B979924,2,9,0,18,19,4,8,0,0,0,0,0,0,0,2,1,6,6,2,71,10,-1,-1,-1,-1,5,E01022996,0,4
2024010492264,2024,010492264,2,3,0,13,13,6,2,0,0,8,0,0,0,0,4,1,6,6,1,29,6,-1,-1,-1,-1,3,E01001956,0,3
2024610003724,2024,610003724,2,9,0,18,19,7,3,0,0,2,0,0,0,0,0,1,6,6,3,-1,-1,-1,-1,-1,-1,-1,-1,0,-1
2024471442102,2024,471442102,2,9,0,-1,2,0,0,-1,0,1,0,0,0,0,2,1,-1,6,-1,-1,-1,-1,-1,-1,-1,-1,-1,0,-1
2024430117885,2024,430117885,1,9,0,18,19,1,5,9,9,6,0,0,0,0,1,1,1,1,1,30,6,-1,-1,-1,-1,-1,-1,0,-1
2024052400934,2024,052400934,2,1,0,18,19,7,3,0,0,1,0,0,0,0,1,1,6,6,2,56,9,-1,-1,-1,-1,7,E01007035,0,1
2024430042796,2024,430042796,3,9,0,18,19,7,3,0,0,8,0,0,0,0,1,1,6,6,1,28,6,-1,-1,-1,-1,10,E01016701,0,2
2024201501865,2024,201501865,1,9,0,-1,19,2,6,-1,0,8,0,0,0,0,1,1,-1,6,-1,-1,-1,-1,-1,-1,-1,-1,-1,0,-1
2024131510238,2024,131510238,2,1,0,-1,19,6,4,-1,0,1,0,0,0,0,4,1,-1,6,1,38,7,-1,-1,-1,-1,-1,-1,0,-1
2024052401711,2024,052401711,2,1,0,9,9,7,4,0,0,3,0,0,0,0,0,1,6,6,1,74,10,-1,-1,-1,-1,9,E01007078,0,1
2024010493521,2024,010493521,2,9,0,99,99,9,9,0,0,0,9,99,9,99,1,9,6,6,3,-1,-1,-1,-1,-1,-1,-1,-1,0,-1
2024610015624,2024,610015624,1,9,0,18,19,8,4,0,0,8,0,0,0,0,4,1,1,1,1,60,9,-1,-1,-1,-1,4,W01001650,0,1
2024991444500,2024,991444500,2,1,0,-1,3,5,2,-1,0,1,0,0,0,0,3,1,-1,9,1,51,8,-1,-1,-1,-1,10,-1,0,2
2024010494462,2024,010494462,1,9,0,2,2,0,0,99,99,0,0,0,9,0,3,9,6,6,3,-1,-1,-1,-1,-1,-1,-1,-1,0,-1
2024010526563,2024,010526563,2,1,9,99,99,9,9,99,99,9,9,99,9,99,9,1,6,6,2,-1,-1,-1,-1,-1,-1,6,E01001872,0,1
2024311470221,2024,311470221,1,9,0,-1,19,1,4,-1,0,8,0,0,0,0,3,1,-1,9,1,50,8,-1,-1,-1,-1,3,E01026078,0,4
2024340WN5502,2024,340WN5502,2,9,0,-1,19,4,8,-1,0,0,0,0,0,0,1,1,-1,9,1,61,9,-1,-1,-1,-1,7,E01018129,0,4
2024201490039,2024,201490039,1,9,0,-1,19,3,7,-1,0,0,0,10,0,0,1,9,-1,9,1,65,9,-1,-1,-1,-1,-1,-1,0,-1
2024340WN5032,2024,340WN5032,1,9,0,-1,19,7,3,-1,0,0,0,0,0,0,1,1,-1,6,1,-1,-1,-1,-1,-1,-1,-1,-1,0,-1
2024010508895,2024,010508895,2,9,9,99,99,9,9,99,99,9,9,99,9,99,9,1,6,6,3,-1,-1,-1,-1,-1,-1,-1,-1,0,-1
2024340WN1232,2024,340WN1232,2,9,0,-1,19,7,3,-1,0,8,0,0,0,0,4,1,-1,9,1,62,9,-1,-1,-1,-1,2,E01027195,0,1
2024101486784,2024,101486784,1,9,0,-1,9,1,7,-1,0,8,0,0,0,0,1,1,-1,9,2,42,7,-1,-1,-1,-1,7,E01012235,0,4
2024052401355,2024,052401355,2,1,0,5,5,7,3,0,0,4,0,0,0,0,0,1,6,6,2,32,6,-1,-1,-1,-1,1,E01033797,0,1
2024122400352,2024,122400352,1,9,0,18,19,1,5,0,0,0,0,0,0,0,1,1,6,6,3,-1,-1,-1,-1,-1,-1,-1,-1,0,-1
2024010517682,2024,010517682,2,9,0,5,5,1,5,0,0,8,0,0,0,0,1,1,6,6,3,-1,-1,-1,-1,-1,-1,-1,-1,0,-1
2024131495447,2024,131495447,2,1,0,-1,7,7,3,-1,9,0,0,0,1,0,3,1,-1,9,1,14,3,-1,-1,-1,-1,2,E01011912,0,1
2024031402842,2024,031402842,2,9,0,-1,10,3,7,-1,0,0,0,0,7,0,2,1,-1,2,2,25,5,-1,-1,-1,-1,4,E01019309,0,2
2024991461533,2024,991461533,2,1,0,-1,9,5,1,-1,0,0,0,0,0,0,1,1,-1,6,1,61,9,-1,-1,-1,-1,-1,-1,0,-1
2024520402649,2024,520402649,1,9,0,18,19,2,6,0,0,0,0,0,0,0,1,1,6,6,2,23,5,-1,-1,-1,-1,10,E01020062,0,3
2024131420215,2024,131420215,1,9,0,-1,-1,-1,-1,-1,-1,-1,-1,-1,-1,0,-1,1,-1,6,3,-1,-1,-1,-1,-1,-1,-1,-1,0,-1
2024010546299,2024,010546299,1,1,9,18,19,9,9,99,99,9,9,99,9,99,1,1,2,2,1,54,8,-1,-1,-1,-1,3,E01002404,0,1
2024052401524,2024,052401524,1,1,0,18,19,7,3,0,0,0,0,0,0,0,0,1,6,6,1,25,5,-1,-1,-1,-1,1,E01007304,0,1
2024371468158,2024,371468158,2,1,0,-1,5,7,3,-1,0,0,0,0,0,0,1,1,-1,9,1,12,3,-1,-1,-1,-1,2,E01030265,0,1
2024221433042,2024,221433042,2,1,0,-1,19,5,1,-1,0,8,0,0,0,0,2,1,-1,6,1,48,8,-1,-1,-1,-1,2,E01028983,0,3
2024131461055,2024,131461055,1,1,0,-1,19,1,5,-1,0,1,2,0,0,0,1,1,-1,6,-1,-1,-1,-1,-1,-1,-1,-1,-1,0,-1
2024440256639,2024,440256639,2,19,0,18,19,5,1,0,0,1,0,0,0,0,1,1,6,6,3,-1,-1,-1,-1,-1,-1,-1,-1,0,-1
2024430319000,2024,430319000,2,9,0,9,9,3,1,0,0,5,0,0,0,0,1,1,6,6,2,-1,-1,-1,-1,-1,-1,-1,-1,0,-1
2024440399482,2024,440399482,1,1,0,18,19,7,3,0,0,8,0,0,0,0,3,1,6,6,1,63,9,-1,-1,-1,-1,10,E01028625,0,5
2024010489648,2024,010489648,1,9,0,7,7,5,7,0,0,6,0,0,0,0,4,1,6,6,3,-1,-1,-1,-1,-1,-1,-1,-1,0,-1
2024440393478,2024,440393478,2,9,0,18,19,2,6,0,0,4,0,0,0,0,1,1,6,6,3,-1,-1,-1,-1,-1,-1,-1,-1,0,-1
2024041437470,2024,041437470,1,9,0,-1,19,-1,-1,-1,0,0,0,0,0,0,-1,9,-1,6,3,-1,-1,-1,-1,-1,-1,-1,-1,0,-1
2024010488494,2024,010488494,1,9,0,5,5,3,7,0,0,5,1,10,5,2,1,1,6,6,2,30,6,-1,-1,-1,-1,2,E01033602,0,1
2024010513647,2024,010513647,5,9,0,15,15,5,1,0,0,0,0,0,0,0,1,1,6,6,3,24,5,-1,-1,-1,-1,-1,-1,0,-1
2024010491316,2024,010491316,1,9,0,9,9,7,5,0,0,5,0,0,0,0,3,1,6,6,1,53,8,-1,-1,-1,-1,-1,-1,0,-1
2024332400913,2024,332400913,1,9,0,-1,19,3,6,-1,0,0,0,0,8,9,1,1,-1,2,2,41,7,-1,-1,-1,-1,3,E01031008,0,2
2024351452804,2024,351452804,1,9,-1,-1,-1,-1,-1,-1,-1,0,-1,-1,-1,0,-1,9,-1,6,2,-1,-1,-1,-1,-1,-1,-1,-1,0,-1
2024522402270,2024,522402270,1,97,0,18,19,9,9,0,0,8,0,0,0,0,1,1,1,1,3,-1,-1,-1,-1,-1,-1,-1,-1,0,-1
2024991462407,2024,991462407,1,9,0,-1,1,1,5,-1,0,0,0,0,0,0,2,2,-1,1,1,31,6,-1,-1,-1,-1,6,-1,0,5
2024411409271,2024,411409271,3,19,0,-1,19,1,5,-1,0,1,0,0,0,0,4,1,-1,1,1,31,6,-1,-1,-1,-1,6,E01023874,0,2
2024311521499,2024,311521499,1,19,0,-1,19,4,8,-1,-1,0,1,0,7,0,1,1,-1,6,1,53,8,-1,-1,-1,-1,-1,-1,0,-1
2024361495093,2024,361495093,1,9,0,-1,19,7,3,-1,0,0,0,0,7,4,1,1,-1,1,1,27,6,-1,-1,-1,-1,4,E01026747,0,3
2024010514343,2024,010514343,2,9,0,6,6,1,1,0,0,1,0,0,0,0,1,1,6,6,2,-1,-1,-1,-1,-1,-1,-1,-1,0,-1
2024101517500,2024,101517500,1,9,0,-1,19,7,3,-1,0,4,0,0,0,0,1,1,-1,2,2,49,8,-1,-1,-1,-1,-1,-1,0,-1
2024311403598,2024,311403598,2,3,0,-1,19,7,3,-1,0,8,1,0,0,0,1,1,-1,6,1,14,3,-1,-1,-1,-1,3,E01028028,0,1
2024211434945,2024,211434945,4,9,0,-1,7,5,5,-1,0,1,0,0,0,0,3,1,-1,6,1,32,6,-1,-1,-1,-1,-1,-1,0,-1
2024440370036,2024,440370036,1,9,0,17,19,6,2,0,0,1,5,0,0,0,0,1,6,6,1,20,4,-1,-1,-1,-1,8,E01022786,0,2
2024010494310,2024,010494310,2,9,0,99,99,9,9,99,99,0,9,99,9,99,1,9,6,6,3,-1,-1,-1,-1,-1,-1,5,E01000636,0,3
2024421398956,2024,421398956,1,9,0,-1,19,1,5,-1,0,0,0,0,0,0,1,9,-1,6,1,-1,-1,-1,-1,-1,-1,-1,-1,0,-1
2024070801661,2024,070801661,1,9,-1,-1,7,1,-1,-1,-1,-1,-1,-1,-1,-1,-1,2,-1,6,3,-1,-1,-1,-1,-1,-1,-1,-1,0,-1
2024141495841,2024,141495841,2,9,0,-1,-1,-1,-1,-1,-1,-1,-1,-1,-1,0,-1,9,-1,6,3,-1,-1,-1,-1,-1,-1,-1,-1,0,-1
2024522401873,2024,522401873,2,1,0,12,12,7,8,0,0,0,0,0,0,0,3,1,6,6,2,39,7,-1,-1,-1,-1,4,E01014603,0,1
2024201435094,2024,201435094,1,9,0,-1,19,2,6,-1,0,0,0,0,0,0,1,9,-1,6,2,30,6,-1,-1,-1,-1,-1,-1,0,-1
2024552401510,2024,552401510,1,1,0,9,9,7,5,0,0,0,0,0,0,0,1,1,6,6,3,-1,-1,-1,-1,-1,-1,-1,-1,0,-1
2024522500274,2024,522500274,2,97,0,18,19,5,1,4,4,0,0,0,0,0,1,1,6,6,3,-1,-1,-1,-1,-1,-1,-1,-1,0,-1
2024010497192,2024,010497192,1,3,0,18,19,4,8,0,0,1,0,0,3,0,1,1,2,2,1,25,5,-1,-1,-1,-1,8,E01000426,0,1
2024540967124,2024,540967124,2,1,0,5,5,2,6,0,0,4,0,0,0,0,4,1,6,6,1,54,8,-1,-1,-1,-1,8,E01032694,0,1
2024461464734,2024,461464734,1,9,0,-1,19,3,7,-1,0,0,0,0,0,0,3,9,-1,6,3,-1,-1,-1,-1,-1,-1,-1,-1,0,-1
2024141520684,2024,141520684,1,9,0,-1,19,7,3,-1,0,0,0,0,0,0,2,1,-1,9,2,67,10,-1,-1,-1,-1,3,E01008032,0,2
2024332400012,2024,332400012,2,1,0,-1,12,4,8,-1,0,0,0,0,0,0,3,1,-1,6,1,33,6,-1,-1,-1,-1,4,E01025930,0,1
2024522402330,2024,522402330,2,9,0,5,5,9,9,0,0,1,0,0,0,0,1,1,6,6,3,-1,-1,-1,-1,-1,-1,-1,-1,0,-1
2024471436801,2024,471436801,1,9,0,-1,19,3,7,-1,0,0,0,0,1,1,1,1,-1,6,1,32,6,-1,-1,-1,-1,6,E01031508,0,1
2024411519895,2024,411519895,4,9,0,-1,3,3,7,-1,0,1,0,0,0,0,1,1,-1,6,1,19,4,-1,-1,-1,-1,8,E01023872,0,1
2024311461823,2024,311461823,161,4,0,-1,7,2,7,-1,0,0,0,0,0,0,3,1,-1,9,1,67,10,-1,-1,-1,-1,-1,-1,0,-1
2024440554339,2024,440554339,1,1,0,18,19,8,4,0,0,0,0,0,0,0,0,1,6,6,1,58,9,-1,-1,-1,-1,2,E01017218,0,1
2024451491444,2024,451491444,2,9,0,-1,19,3,7,-1,0,8,9,0,0,0,1,1,-1,6,3,70,10,-1,-1,-1,-1,-1,-1,0,-1
2024070697348,2024,070697348,1,1,0,18,19,4,8,0,0,0,2,0,0,0,1,1,6,6,1,70,10,-1,-1,-1,-1,6,E01012524,0,4
2024052402057,2024,052402057,1,1,0,18,19,4,1,0,0,0,0,0,0,0,3,1,4,7,1,10,2,-1,-1,-1,-1,1,E01006560,0,2
2024430331477,2024,430331477,4,11,0,9,9,2,6,0,0,5,0,0,0,0,0,1,1,1,3,-1,-1,-1,-1,-1,-1,-1,-1,0,-1
2024552500046,2024,552500046,1,19,0,1,1,4,8,0,0,8,0,0,0,0,2,1,6,6,3,-1,-1,-1,-1,-1,-1,-1,-1,0,-1
2024010527228,2024,010527228,3,9,0,2,2,0,0,0,0,1,0,0,0,0,2,1,6,6,3,-1,-1,-1,-1,-1,-1,-1,-1,0,-1
2024010547631,2024,010547631,3,9,0,3,3,3,7,0,0,8,0,0,0,0,2,1,6,6,2,44,7,-1,-1,-1,-1,8,E01017813,0,1
2024320621556,2024,320621556,1,9,0,-1,-1,8,4,0,0,0,0,0,0,0,0,1,6,6,3,-1,-1,-1,-1,-1,-1,-1,-1,0,-1
2024411539477,2024,411539477,1,19,0,-1,5,5,1,-1,0,8,0,0,0,0,1,9,-1,6,1,-1,-1,-1,-1,-1,-1,-1,-1,0,-1
2024361475152,2024,361475152,2,9,0,-1,2,4,8,-1,0,8,0,0,1,0,3,1,-1,9,1,51,8,-1,-1,-1,-1,6,E01030151,0,4
2024991505245,2024,991505245,3,9,0,-1,5,4,8,-1,0,1,0,0,0,0,3,9,-1,6,3,30,6,-1,-1,-1,-1,-1,-1,0,-1
2024501438353,2024,501438353,1,9,0,-1,19,3,7,-1,0,0,0,0,0,0,1,9,-1,6,1,-1,-1,-1,-1,-1,-1,-1,-1,0,-1
2024131508313,2024,131508313,2,1,0,-1,19,1,1,-1,0,8,0,0,0,0,1,1,-1,2,1,54,8,-1,-1,-1,-1,5,E01011124,0,1
2024311413272,2024,311413272,2,1,0,-1,3,6,2,-1,4,1,0,0,0,0,4,1,-1,7,1,14,3,-1,-1,-1,-1,-1,-1,0,-1
2024991521896,2024,991521896,2,1,0,-1,19,7,3,-1,0,1,0,8,0,0,1,1,-1,9,2,58,9,-1,-1,-1,-1,6,-1,0,5
2024061536511,2024,061536511,2,9,0,-1,3,1,5,-1,0,1,0,0,0,0,2,1,-1,6,2,25,5,-1,-1,-1,-1,2,E01005972,0,1
2024541978824,2024,541978824,1,9,0,9,9,3,6,0,0,4,0,0,0,0,1,1,1,1,1,64,9,-1,-1,-1,-1,5,E01032065,0,1
2024010491335,2024,010491335,2,9,0,9,9,6,4,0,0,1,0,0,0,0,1,1,6,6,1,18,4,-1,-1,-1,-1,7,E01002351,0,1
2024010547015,2024,010547015,2,90,0,99,99,9,9,99,99,9,9,99,9,99,1,9,6,6,3,-1,-1,-1,-1,-1,-1,-1,-1,0,-1
2024010492403,2024,010492403,2,1,0,7,7,7,2,0,0,3,0,0,0,0,1,1,1,1,1,53,8,-1,-1,-1,-1,4,E01035655,0,3
2024010486880,2024,010486880,1,4,0,18,19,5,1,0,0,0,0,0,0,0,4,1,6,6,1,27,6,-1,-1,-1,-1,3,E01002211,0,1
2024201427485,2024,201427485,1,99,0,-1,19,8,4,-1,0,0,0,0,0,0,1,9,-1,9,3,-1,-1,-1,-1,-1,-1,-1,-1,0,-1
2024122401120,2024,122401120,1,9,0,13,13,5,1,0,0,0,0,0,0,0,3,1,6,6,3,-1,-1,-1,-1,-1,-1,-1,-1,0,-1
2024991438221,2024,991438221,2,1,0,-1,19,8,5,-1,0,3,0,0,0,0,4,1,-1,6,1,50,8,-1,-1,-1,-1,10,-1,0,1
2024010545776,2024,010545776,2,9,0,99,99,9,9,99,99,9,9,99,9,99,1,9,6,6,3,-1,-1,-1,-1,-1,-1,-1,-1,0,-1
2024201506568,2024,201506568,1,9,0,-1,19,3,7,-1,0,0,0,0,0,0,1,9,-1,6,3,-1,-1,-1,-1,-1,-1,-1,-1,0,-1
2024991443854,2024,991443854,2,1,0,-1,7,4,7,-1,0,0,0,0,1,4,1,1,-1,9,1,60,9,-1,-1,-1,-1,10,-1,0,3
2024631489205,2024,631489205,1,2,0,-1,19,5,5,-1,0,0,0,0,0,0,3,1,-1,9,1,32,6,-1,-1,-1,-1,-1,-1,0,-1
2024010490707,2024,010490707,2,1,0,18,19,7,3,0,0,1,0,0,0,0,1,1,1,1,1,26,6,-1,-1,-1,-1,6,E01001387,0,1
2024371521792,2024,371521792,2,1,0,-1,19,6,2,-1,0,0,5,0,0,0,3,1,-1,6,1,66,10,-1,-1,-1,-1,7,E01033449,0,1
2024411473255,2024,411473255,1,98,-1,-1,-1,-1,-1,-1,-1,-1,-1,-1,-1,0,-1,9,-1,6,1,-1,-1,-1,-1,-1,-1,-1,-1,0,-1
2024320666999,2024,320666999,2,9,0,-1,-1,2,6,9,9,0,0,0,0,0,2,1,6,6,1,25,5,-1,-1,-1,-1,2,E01026110,0,2
2024161422532,2024,161422532,1,90,0,-1,19,7,3,-1,0,1,0,4,0,0,1,1,-1,6,3,-1,-1,-1,-1,-1,-1,-1,-1,0,-1
2024531471901,2024,531471901,2,1,0,-1,19,2,6,-1,0,8,5,0,0,0,1,1,-1,6,1,69,10,-1,-1,-1,-1,7,E01022391,0,1
2024041512764,2024,041512764,2,1,0,-1,19,7,3,-1,0,1,5,0,1,0,3,1,-1,9,1,51,8,-1,-1,-1,-1,7,E01006579,0,3
2024531477356,2024,531477356,2,1,0,-1,19,1,3,-1,0,8,0,0,0,0,1,1,-1,2,1,57,9,-1,-1,-1,-1,9,E01022174,0,1
2024461465609,2024,461465609,2,5,-1,-1,4,3,1,-1,0,1,0,0,0,0,4,1,-1,6,1,55,8,-1,-1,-1,-1,7,E01024069,0,1
2024010547837,2024,010547837,2,90,0,18,19,3,7,0,0,0,0,0,0,0,1,1,1,1,1,47,8,-1,-1,-1,-1,8,E01016101,0,4
2024052401771,2024,052401771,2,1,0,18,19,8,4,0,0,6,0,0,0,0,1,1,6,6,1,27,6,-1,-1,-1,-1,1,E01007092,0,1
2024201519525,2024,201519525,1,9,0,-1,19,4,8,-1,0,1,0,0,0,0,1,9,-1,6,3,30,6,-1,-1,-1,-1,-1,-1,0,-1
2024430295016,2024,430295016,1,9,0,18,19,7,3,0,0,3,1,0,0,0,4,1,6,6,1,32,6,-1,-1,-1,-1,10,E01032949,0,4
2024010494561,2024,010494561,1,9,0,5,5,3,7,0,0,8,0,0,0,0,1,1,1,1,1,50,8,-1,-1,-1,-1,2,E01003943,0,1
2024161464991,2024,161464991,2,1,0,-1,19,5,1,-1,0,1,0,0,0,0,1,1,-1,6,1,13,3,-1,-1,-1,-1,1,E01012949,0,1
2024231553062,2024,231553062,1,20,0,-1,1,4,8,-1,0,0,0,0,0,0,2,9,-1,6,3,45,7,-1,-1,-1,-1,-1,-1,0,-1
2024340WN5422,2024,340WN5422,2,20,0,-1,9,5,3,-1,0,8,0,0,0,0,3,1,-1,1,1,37,7,-1,-1,-1,-1,9,E01035757,0,4
2024501459070,2024,501459070,1,9,0,-1,19,1,5,-1,0,1,0,0,0,0,1,1,-1,9,1,38,7,-1,-1,-1,-1,6,E01019003,0,1
2024430063160,2024,430063160,2,9,0,18,19,3,7,0,0,0,0,0,0,0,3,1,6,6,1,-1,-1,-1,-1,-1,-1,-1,-1,0,-1
2024010492040,2024,010492040,1,1,9,99,99,9,9,99,99,9,9,99,9,99,2,1,2,2,1,47,8,-1,-1,-1,-1,4,E01004355,0,1
2024471475668,2024,471475668,1,1,0,-1,19,3,7,-1,0,0,5,0,0,0,2,1,-1,1,1,16,4,-1,-1,-1,-1,10,E01021023,0,1
2024471499594,2024,471499594,1,1,0,-1,19,7,3,-1,0,1,0,0,0,0,2,1,-1,6,1,25,5,-1,-1,-1,-1,2,E01016964,0,1
2024052401658,2024,052401658,2,1,0,18,19,2,6,0,0,8,0,0,0,0,3,1,6,6,1,55,8,-1,-1,-1,-1,10,E01006583,0,1
2024010492333,2024,010492333,1,1,9,99,99,9,9,99,99,9,9,8,9,99,1,1,6,6,1,54,8,-1,-1,-1,-1,9,E01002471,0,1
2024061406689,2024,061406689,1,9,0,-1,19,5,1,-1,0,1,0,0,0,0,-1,9,-1,6,2,-1,-1,-1,-1,-1,-1,-1,-1,0,-1
2024440328094,2024,440328094,1,9,0,18,19,5,8,0,0,2,0,0,0,0,1,1,6,6,1,58,9,-1,-1,-1,-1,5,E01034554,0,3
2024010526594,2024,010526594,2,1,0,4,4,5,1,0,0,8,0,0,7,0,1,1,6,6,1,20,4,-1,-1,-1,-1,4,E01004617,0,1
2024141484303,2024,141484303,2,1,0,-1,19,5,1,-1,0,6,0,0,0,0,1,1,-1,6,1,44,7,-1,-1,-1,-1,6,E01008078,0,1
2024548967124,2024,548967124,2,1,0,18,19,6,2,0,0,1,0,0,0,0,1,1,6,6,1,52,8,-1,-1,-1,-1,7,E01015550,0,1
2024010544499,2024,010544499,1,1,9,99,99,9,9,99,99,9,9,99,9,99,9,1,6,6,2,38,7,-1,-1,-1,-1,1,E01002773,0,1
2024010501880,2024,010501880,1,1,9,99,99,9,9,99,99,9,9,99,9,99,9,1,2,2,1,28,6,-1,-1,-1,-1,1,E01002732,0,1
2024311430214,2024,311430214,2,98,0,-1,9,7,3,-1,0,8,0,0,0,0,1,1,-1,1,1,33,6,-1,-1,-1,-1,3,E01028212,0,1
2024622400265,2024,622400265,1,1,0,18,19,6,2,0,0,1,0,0,0,0,1,1,6,6,1,55,8,-1,-1,-1,-1,5,W01001863,0,1
2024061534418,2024,061534418,1,9,0,-1,4,6,3,-1,0,0,0,0,0,0,1,1,-1,1,2,44,7,-1,-1,-1,-1,1,E01007463,0,4
202417S214724,2024,17S214724,2,1,0,-1,19,2,6,-1,4,2,0,0,0,0,1,1,-1,2,2,49,8,-1,-1,-1,-1,2,E01012216,0,1
2024201539664,2024,201539664,2,99,0,-1,9,8,6,-1,0,0,2,10,7,0,1,9,-1,6,3,16,4,-1,-1,-1,-1,-1,-1,0,-1
2024041472942,2024,041472942,1,90,0,-1,9,1,3,-1,0,1,5,0,0,0,4,1,-1,9,1,26,6,-1,-1,-1,-1,7,E01025197,0,1
2024010506955,2024,010506955,2,1,9,99,99,9,9,99,99,0,9,99,9,99,1,1,6,6,3,-1,-1,-1,-1,-1,-1,-1,-1,0,-1
2024501430374,2024,501430374,2,9,0,-1,4,8,4,-1,0,1,0,0,0,0,1,1,-1,1,1,26,6,-1,-1,-1,-1,1,E01015083,0,1
2024340WN6572,2024,340WN6572,2,1,0,-1,19,1,5,-1,0,1,1,0,0,0,4,1,-1,9,1,40,7,-1,-1,-1,-1,2,E01027198,0,1
2024351458310,2024,351458310,1,9,0,-1,19,-1,-1,-1,0,0,0,0,0,0,1,9,-1,6,1,-1,-1,-1,-1,-1,-1,6,E01018020,0,2
2024320116501,2024,320116501,2,9,0,10,10,2,8,0,0,2,0,0,0,0,2,1,-1,-1,1,73,10,-1,-1,-1,-1,8,E01026212,0,2