collision_index,collision_year,collision_ref_no,vehicle_reference,vehicle_type,towing_and_articulation,vehicle_manoeuvre_historic,vehicle_manoeuvre,vehicle_direction_from,vehicle_direction_to,vehicle_location_restricted_lane_historic,vehicle_location_restricted_lane,junction_location,skidding_and_overturning,hit_object_in_carriageway,vehicle_leaving_carriageway,hit_object_off_carriageway,first_point_of_impact,vehicle_left_hand_drive,journey_purpose_of_driver_historic,journey_purpose_of_driver,sex_of_driver,age_of_driver,age_band_of_driver,engine_capacity_cc,propulsion_code,age_of_vehicle,generic_make_model,driver_imd_decile,lsoa_of_driver,escooter_flag,driver_distance_banding
2024101443356,2024,101443356,2,9,0,-1,19,6,2,-1,0,2,0,0,0,0,0,1,-1,1,1,36,7,-1,-1,-1,-1,4,E01008640,0,2
2024061417639,2024,061417639,1,9,0,-1,7,5,1,-1,0,1,0,0,0,0,4,1,-1,6,1,57,9,-1,-1,-1,-1,6,E01005987,0,2
2024010510621,2024,010510621,2,1,0,18,19,5,1,4,4,1,0,0,0,0,3,1,2,2,2,56,9,-1,-1,-1,-1,5,E01004733,0,1
2024010496504,2024,010496504,1,9,0,18,19,1,5,0,0,8,0,0,3,0,1,1,2,2,1,38,7,-1,-1,-1,-1,2,E01001551,0,1
2024351433127,2024,351433127,2,1,0,-1,-1,-1,-1,-1,-1,0,-1,-1,-1,0,-1,1,-1,2,2,57,9,-1,-1,-1,-1,7,E01035528,0,1
2024010495888,2024,010495888,1,19,0,18,19,5,1,4,4,1,0,12,0,0,1,2,1,1,1,24,5,-1,-1,-1,-1,-1,-1,0,-1
2024061527456,2024,061527456,1,1,0,-1,5,-1,-1,-1,99,3,5,0,0,0,4,1,-1,6,1,48,8,-1,-1,-1,-1,3,E01005712,0,1
2024340NN3142,2024,340NN3142,1,3,0,-1,19,7,3,-1,0,1,0,0,1,4,1,1,-1,6,1,17,4,-1,-1,-1,-1,2,E01026966,0,1
2024440548162,2024,440548162,2,9,0,3,3,7,3,0,0,0,0,0,0,0,2,1,6,6,2,62,9,-1,-1,-1,-1,10,E01022884,0,3
2024101488717,2024,101488717,1,9,0,-1,9,3,1,-1,0,8,0,0,0,0,0,9,-1,6,3,-1,-1,-1,-1,-1,-1,-1,-1,0,-1
2024430201272,2024,430201272,2,1,0,18,19,1,5,0,0,1,0,0,0,0,3,1,2,2,1,20,4,-1,-1,-1,-1,8,E01028506,0,1
2024430470161,2024,430470161,1,9,0,4,4,7,3,0,0,8,0,0,0,0,1,1,6,6,1,40,7,-1,-1,-1,-1,-1,-1,0,-1
2024221510367,2024,221510367,3,9,0,-1,19,3,7,-1,0,0,0,0,0,0,1,1,-1,6,1,57,9,-1,-1,-1,-1,5,E01028832,0,3
2024371548791,2024,371548791,2,1,0,-1,19,7,3,-1,0,1,0,0,0,0,4,1,-1,6,1,57,9,-1,-1,-1,-1,5,E01029990,0,1
2024302401103,2024,302401103,2,9,0,18,19,4,8,0,0,0,0,0,0,0,4,1,6,6,2,44,7,-1,-1,-1,-1,8,E01013558,0,1
2024501521153,2024,501521153,1,1,0,-1,19,5,1,-1,0,4,0,0,0,0,1,1,-1,6,1,56,9,-1,-1,-1,-1,2,E01015239,0,1
2024141502293,2024,141502293,1,1,0,-1,19,8,4,-1,9,1,0,0,0,0,1,1,-1,6,1,33,6,-1,-1,-1,-1,1,E01034238,0,2
2024061529236,2024,061529236,2,9,0,-1,4,8,5,-1,0,0,0,0,0,0,2,1,-1,2,2,39,7,-1,-1,-1,-1,9,E01004768,0,3
2024531429911,2024,531429911,1,9,-1,-1,11,7,3,-1,0,8,0,0,0,0,4,9,-1,6,3,-1,-1,-1,-1,-1,-1,-1,-1,0,-1
2024451479647,2024,451479647,3,9,0,-1,19,7,3,-1,0,0,0,0,0,0,3,9,-1,6,3,25,5,-1,-1,-1,-1,-1,-1,0,-1
2024451475739,2024,451475739,2,1,0,-1,19,1,5,-1,0,1,0,0,0,0,1,1,-1,9,1,60,9,-1,-1,-1,-1,3,E01004184,0,3
2024131475882,2024,131475882,1,97,0,-1,-1,-1,-1,-1,-1,0,-1,-1,-1,-1,-1,1,-1,6,3,-1,-1,-1,-1,-1,-1,-1,-1,0,-1
2024041469051,2024,041469051,2,1,0,-1,19,6,2,-1,0,0,5,0,1,11,3,1,-1,9,1,58,9,-1,-1,-1,-1,2,E01006307,0,3
2024010490483,2024,010490483,1,9,0,99,99,9,9,99,99,9,9,99,9,99,9,9,6,6,2,32,6,-1,-1,-1,-1,6,E01003833,0,1
2024010488476,2024,010488476,2,9,0,9,9,4,2,0,0,8,0,0,0,0,1,1,6,6,2,71,10,-1,-1,-1,-1,8,E01000253,0,1
2024010495184,2024,010495184,1,9,0,11,11,3,7,0,0,6,0,0,1,0,4,1,2,2,1,28,6,-1,-1,-1,-1,3,E01033943,0,1
2024340NN3272,2024,340NN3272,1,21,1,-1,12,7,3,-1,0,0,0,0,0,0,1,2,-1,1,1,30,6,-1,-1,-1,-1,9,E01026321,0,4
2024101460711,2024,101460711,1,9,0,-1,19,5,1,-1,0,8,0,0,0,0,1,9,-1,6,3,-1,-1,-1,-1,-1,-1,-1,-1,0,-1
2024302401362,2024,302401362,1,98,1,12,12,5,1,0,0,0,0,0,0,0,1,1,1,1,1,-1,-1,-1,-1,-1,-1,1,E01031057,0,4
2024010531080,2024,010531080,1,1,9,99,99,9,9,99,99,9,9,99,9,99,1,1,6,6,1,57,9,-1,-1,-1,-1,10,E01030329,0,3
2024351413159,2024,351413159,1,9,0,-1,-1,-1,-1,-1,-1,5,-1,-1,-1,0,-1,9,-1,6,3,-1,-1,-1,-1,-1,-1,-1,-1,0,-1
2024320007078,2024,320007078,1,19,0,-1,-1,4,8,0,0,0,0,0,0,0,1,1,-1,-1,1,70,10,-1,-1,-1,-1,4,E01026044,0,4
2024311460466,2024,311460466,2,1,0,-1,19,2,6,-1,0,8,0,0,0,0,1,1,-1,6,1,41,7,-1,-1,-1,-1,4,E01028098,0,1
2024161470648,2024,161470648,2,1,0,-1,19,8,4,-1,0,0,0,0,0,0,1,1,-1,6,1,17,4,-1,-1,-1,-1,1,E01012843,0,1
2024201465469,2024,201465469,1,9,0,-1,19,1,3,-1,0,8,0,0,0,0,1,9,-1,6,3,-1,-1,-1,-1,-1,-1,-1,-1,0,-1
2024010532276,2024,010532276,2,1,0,18,19,5,1,0,0,0,0,0,0,0,2,1,6,6,1,36,7,-1,-1,-1,-1,2,E01001976,0,2
2024041456475,2024,041456475,2,1,0,-1,19,1,5,-1,0,1,0,0,1,0,1,1,-1,9,1,49,8,-1,-1,-1,-1,3,E01024926,0,1
2024052400458,2024,052400458,1,1,0,18,19,5,1,0,0,8,0,0,0,0,1,1,6,6,1,15,3,-1,-1,-1,-1,5,E01007163,0,1
2024302400060,2024,302400060,1,11,0,9,9,6,4,0,0,8,0,0,0,0,1,1,1,1,1,57,9,-1,-1,-1,-1,1,E01019646,0,1
2024041431984,2024,041431984,2,1,0,-1,19,7,3,-1,0,0,0,0,0,0,-1,1,-1,6,1,26,6,-1,-1,-1,-1,2,E01025124,0,1
2024201416865,2024,201416865,1,9,0,-1,1,3,7,-1,0,0,0,10,0,0,2,9,-1,6,3,-1,-1,-1,-1,-1,-1,-1,-1,0,-1
2024010538472,2024,010538472,2,1,0,18,19,6,2,0,0,1,0,0,0,0,1,1,1,1,1,53,8,-1,-1,-1,-1,5,E01001164,0,1
2024052400703,2024,052400703,1,1,0,18,19,3,7,0,0,0,0,0,0,0,1,1,6,6,1,-1,-1,-1,-1,-1,-1,-1,-1,0,-1
2024061422624,2024,061422624,2,1,-1,-1,-1,-1,-1,-1,-1,0,-1,-1,-1,0,-1,1,-1,6,2,37,7,-1,-1,-1,-1,3,E01005179,0,1
2024461469574,2024,461469574,2,1,0,-1,19,-1,-1,-1,0,8,0,0,0,0,1,1,-1,6,1,64,9,-1,-1,-1,-1,7,E01024780,0,1
2024010514493,2024,010514493,1,-1,0,18,19,5,1,0,0,1,0,0,0,0,0,1,6,6,1,-1,-1,-1,-1,-1,-1,-1,-1,1,-1
2024010520527,2024,010520527,2,1,9,99,99,9,9,99,99,9,9,99,9,99,1,1,6,6,3,-1,-1,-1,-1,-1,-1,-1,-1,0,-1
2024010551200,2024,010551200,1,1,0,7,7,7,1,4,4,1,0,0,1,0,2,1,2,2,1,39,7,-1,-1,-1,-1,3,E01003582,0,1
2024451413687,2024,451413687,1,1,0,-1,19,5,1,-1,0,3,1,0,0,0,4,1,-1,2,1,39,7,-1,-1,-1,-1,9,E01035356,0,1
2024010550385,2024,010550385,1,9,0,8,8,1,3,5,5,6,0,0,0,0,1,1,6,6,3,-1,-1,-1,-1,-1,-1,-1,-1,0,-1
2024010540502,2024,010540502,1,9,0,99,99,9,9,99,99,9,9,99,9,99,2,9,1,1,2,52,8,-1,-1,-1,-1,3,E01003349,0,2
2024010554040,2024,010554040,2,23,9,99,99,9,9,99,99,0,9,99,9,99,9,1,6,6,1,-1,-1,-1,-1,-1,-1,-1,-1,0,-1
2024211466348,2024,211466348,2,11,0,-1,19,1,1,-1,0,2,0,0,0,0,2,2,-1,9,-1,20,4,-1,-1,-1,-1,-1,-1,0,-1
2024010493195,2024,010493195,1,9,0,99,99,9,9,99,99,3,9,0,9,0,3,9,6,6,1,-1,-1,-1,-1,-1,-1,-1,-1,0,-1
2024010521858,2024,010521858,1,90,0,14,14,1,5,0,0,8,2,0,0,0,1,1,6,6,1,23,5,-1,-1,-1,-1,-1,-1,0,-1
2024471515389,2024,471515389,1,17,0,-1,19,8,6,-1,0,1,0,0,0,0,0,1,-1,6,1,-1,-1,-1,-1,-1,-1,-1,-1,0,-1
2024010516957,2024,010516957,2,23,0,15,15,3,7,0,0,1,0,0,0,0,4,1,6,6,1,20,4,-1,-1,-1,-1,3,E01033862,0,2
2024010534505,2024,010534505,2,1,0,18,19,1,5,0,0,0,0,0,0,0,3,1,2,2,1,35,6,-1,-1,-1,-1,4,E01035485,0,1
2024451415160,2024,451415160,1,9,0,-1,19,1,5,-1,9,2,1,0,1,4,1,1,-1,2,1,50,8,-1,-1,-1,-1,6,E01035700,0,4
2024071054276,2024,071054276,1,9,0,-1,19,3,7,-1,0,8,0,0,0,0,1,1,-1,6,1,75,10,-1,-1,-1,-1,8,E01019746,0,1
2024031518377,2024,031518377,1,9,4,-1,5,8,4,-1,0,8,0,0,0,0,3,1,-1,6,1,62,9,-1,-1,-1,-1,-1,-1,0,-1
2024430000656,2024,430000656,1,9,0,9,9,1,7,0,0,8,0,10,0,0,4,1,6,6,2,56,9,-1,-1,-1,-1,6,E01017717,0,1
2024451461373,2024,451461373,3,9,0,-1,3,1,5,-1,0,8,0,0,0,0,2,9,-1,6,2,35,6,-1,-1,-1,-1,-1,-1,0,-1
2024520401384,2024,520401384,2,3,0,18,19,1,5,0,0,1,0,0,0,0,1,1,6,6,1,29,6,-1,-1,-1,-1,2,E01029237,0,1
2024010497246,2024,010497246,1,1,9,99,99,9,9,99,99,0,9,8,9,99,1,1,2,2,1,39,7,-1,-1,-1,-1,5,E01034231,0,2
2024052402351,2024,052402351,1,90,0,18,19,5,1,0,0,1,0,0,0,0,0,1,6,6,3,-1,-1,-1,-1,-1,-1,-1,-1,0,-1
2024122400595,2024,122400595,1,1,0,18,19,5,1,0,0,8,0,0,0,0,2,1,6,6,1,68,10,-1,-1,-1,-1,10,E01027732,0,1
2024010551363,2024,010551363,1,19,0,18,19,5,1,0,0,0,0,0,0,0,1,1,6,6,3,-1,-1,-1,-1,-1,-1,-1,-1,0,-1
2024461472469,2024,461472469,1,9,0,-1,4,1,3,-1,0,2,0,0,0,0,2,9,-1,6,2,60,9,-1,-1,-1,-1,-1,-1,0,-1
2024010514370,2024,010514370,3,1,0,18,19,5,1,0,0,1,0,0,0,0,1,1,2,2,2,32,6,-1,-1,-1,-1,3,E01035642,0,1
2024010497599,2024,010497599,2,10,0,99,99,9,9,99,99,9,9,99,9,99,2,9,6,6,1,55,8,-1,-1,-1,-1,1,E01002038,0,1
2024070273448,2024,070273448,1,9,0,18,19,7,3,0,0,3,0,0,0,0,1,1,6,6,2,-1,-1,-1,-1,-1,-1,-1,-1,0,-1
2024430205921,2024,430205921,2,1,0,2,2,0,0,0,0,0,0,8,0,0,3,1,6,6,1,52,8,-1,-1,-1,-1,10,E01017761,0,2
2024461538075,2024,461538075,1,2,0,-1,19,8,3,-1,0,0,0,11,0,0,1,1,-1,6,1,15,3,-1,-1,-1,-1,4,E01024373,0,3
2024311480084,2024,311480084,1,9,0,-1,19,7,3,-1,0,1,0,0,0,0,1,9,-1,6,1,-1,-1,-1,-1,-1,-1,1,E01028274,0,1
2024010490049,2024,010490049,2,9,0,99,99,9,9,99,99,9,9,99,9,99,1,9,6,6,3,-1,-1,-1,-1,-1,-1,-1,-1,0,-1
2024010494257,2024,010494257,2,9,0,99,99,9,9,99,99,9,9,99,9,99,9,9,6,6,3,-1,-1,-1,-1,-1,-1,-1,-1,0,-1
2024351420641,2024,351420641,1,9,0,-1,3,6,2,-1,0,1,0,0,0,0,2,9,-1,6,2,40,7,-1,-1,-1,-1,-1,-1,0,-1
2024361416977,2024,361416977,2,1,-1,-1,-1,-1,-1,-1,-1,0,-1,-1,-1,0,-1,1,-1,6,1,22,5,-1,-1,-1,-1,4,E01026794,0,1
2024311410084,2024,311410084,1,-1,0,-1,19,2,6,-1,0,1,0,0,0,0,1,1,-1,6,1,19,4,-1,-1,-1,-1,4,E01013941,1,1
2024440450885,2024,440450885,2,9,0,18,19,5,1,0,0,8,0,0,0,0,3,1,6,6,2,68,10,-1,-1,-1,-1,4,E01022804,0,1
2024061420076,2024,061420076,2,1,0,-1,19,3,7,-1,0,1,0,0,0,0,1,1,-1,6,1,25,5,-1,-1,-1,-1,2,E01034118,0,1
2024440081152,2024,440081152,1,1,0,16,19,5,1,0,0,0,0,0,0,0,3,1,6,6,1,62,9,-1,-1,-1,-1,3,E01023157,0,1
2024041432150,2024,041432150,1,9,0,-1,12,5,1,-1,0,0,0,0,0,0,0,9,-1,6,3,-1,-1,-1,-1,-1,-1,-1,-1,0,-1
2024440358055,2024,440358055,2,1,0,7,7,1,5,0,0,2,0,0,0,0,1,1,6,6,1,70,10,-1,-1,-1,-1,6,E01017300,0,1
2024010542802,2024,010542802,2,9,0,1,1,9,9,99,99,9,9,99,9,99,1,9,6,6,3,-1,-1,-1,-1,-1,-1,2,E01002831,0,1
2024231515087,2024,231515087,1,9,0,-1,4,8,5,-1,0,1,0,0,0,0,1,1,-1,6,1,28,6,-1,-1,-1,-1,5,E01010118,0,4
2024311431666,2024,311431666,1,1,0,-1,19,3,7,-1,0,0,0,0,0,0,1,1,-1,6,3,-1,-1,-1,-1,-1,-1,-1,-1,0,-1
2024421409646,2024,421409646,1,21,0,-1,11,7,3,-1,0,0,0,0,0,0,3,2,-1,1,1,29,6,-1,-1,-1,-1,-1,-1,0,-1
2024010528411,2024,010528411,1,9,0,15,15,1,5,0,0,6,0,8,0,0,1,1,6,6,3,-1,-1,-1,-1,-1,-1,-1,-1,0,-1
2024522401188,2024,522401188,2,1,0,18,19,5,1,0,0,8,0,0,0,0,1,1,6,6,1,40,7,-1,-1,-1,-1,7,E01014975,0,2
2024010548807,2024,010548807,1,1,9,99,99,9,9,99,99,9,9,99,9,99,9,1,6,6,1,27,6,-1,-1,-1,-1,2,E01003619,0,1
2024010494283,2024,010494283,2,9,0,99,99,9,9,99,99,9,9,99,9,99,1,9,6,6,1,-1,-1,-1,-1,-1,-1,8,E01000714,0,3
2024481503724,2024,481503724,2,1,0,-1,19,1,5,-1,5,8,0,0,0,0,1,1,-1,2,2,45,7,-1,-1,-1,-1,-1,-1,0,-1
2024471394715,2024,471394715,1,9,0,-1,19,3,7,-1,0,0,0,0,0,0,4,9,-1,6,3,-1,-1,-1,-1,-1,-1,-1,-1,0,-1
2024031393709,2024,031393709,1,1,0,-1,19,4,1,-1,0,0,0,0,0,0,1,1,-1,6,1,32,6,-1,-1,-1,-1,10,E01019251,0,1
2024061515654,2024,061515654,1,97,-1,-1,-1,-1,-1,-1,-1,0,-1,-1,-1,0,-1,1,-1,6,3,-1,-1,-1,-1,-1,-1,-1,-1,0,-1
2024010499002,2024,010499002,2,9,0,99,99,9,9,0,0,9,0,0,0,0,9,9,6,6,3,36,7,-1,-1,-1,-1,6,E01002123,0,1
2024552401331,2024,552401331,1,9,0,18,19,8,4,0,0,0,0,0,0,0,1,1,6,6,3,-1,-1,-1,-1,-1,-1,-1,-1,0,-1
2024201458283,2024,201458283,1,9,0,-1,19,5,1,-1,0,0,0,0,0,0,1,9,-1,9,1,28,6,-1,-1,-1,-1,1,E01009762,0,3
2024201514324,2024,201514324,2,9,0,-1,2,0,0,-1,9,0,0,4,0,0,2,1,-1,6,1,41,7,-1,-1,-1,-1,3,E01009255,0,1
2024332400190,2024,332400190,3,9,0,-1,2,0,0,-1,0,0,0,0,0,0,4,1,-1,6,3,-1,-1,-1,-1,-1,-1,-1,-1,0,-1
2024010492049,2024,010492049,1,9,0,5,5,5,1,0,0,1,0,0,0,0,1,1,2,2,1,58,9,-1,-1,-1,-1,4,E01001435,0,4
2024010550511,2024,010550511,2,9,0,4,4,7,3,0,0,1,0,0,0,0,3,1,6,6,1,50,8,-1,-1,-1,-1,2,E01004428,0,1
2024401396347,2024,401396347,1,9,0,-1,19,3,7,-1,0,0,0,0,0,0,1,9,-1,9,1,-1,-1,-1,-1,-1,-1,-1,-1,0,-1
2024231467844,2024,231467844,1,5,0,-1,13,1,5,-1,0,0,0,0,0,0,3,1,-1,9,1,77,11,-1,-1,-1,-1,6,E01010184,0,2
2024010498320,2024,010498320,2,1,0,14,14,1,5,0,0,0,1,0,7,0,0,1,1,1,1,43,7,-1,-1,-1,-1,6,E01001088,0,1
2024010511377,2024,010511377,3,9,0,99,99,9,9,0,0,0,9,99,9,99,9,9,6,6,3,-1,-1,-1,-1,-1,-1,-1,-1,0,-1
2024461528160,2024,461528160,1,9,0,-1,19,4,8,-1,0,8,0,0,0,0,4,9,-1,6,3,-1,-1,-1,-1,-1,-1,-1,-1,0,-1
2024401507595,2024,401507595,2,1,-1,-1,-1,-1,-1,-1,-1,0,-1,-1,-1,0,1,1,-1,6,1,17,4,-1,-1,-1,-1,8,E01015696,0,1
2024010507119,2024,010507119,1,1,9,99,99,9,9,99,99,9,9,99,9,99,1,1,6,6,3,-1,-1,-1,-1,-1,-1,-1,-1,0,-1
2024010494855,2024,010494855,1,1,9,99,99,9,9,99,99,9,9,99,9,99,9,1,2,2,1,30,6,-1,-1,-1,-1,6,E01002745,0,1
2024302400138,2024,302400138,2,-1,0,18,19,8,4,0,0,8,0,0,0,0,1,1,6,6,2,12,3,-1,-1,-1,-1,1,E01013583,1,1
2024461514812,2024,461514812,2,9,0,-1,19,4,8,-1,0,0,0,0,0,0,2,1,-1,9,1,27,6,-1,-1,-1,-1,9,E01016073,0,2
2024010489723,2024,010489723,2,9,0,99,99,9,9,99,99,9,9,99,9,99,1,9,6,6,1,46,8,-1,-1,-1,-1,2,E01002720,0,2
2024991529488,2024,991529488,1,9,0,-1,9,4,3,-1,0,8,0,0,0,0,1,1,-1,9,1,17,4,-1,-1,-1,-1,9,-1,0,2
2024010527981,2024,010527981,1,1,9,99,99,9,9,99,99,0,9,99,9,99,9,1,2,2,2,31,6,-1,-1,-1,-1,9,E01004054,0,1
202417M200124,2024,17M200124,1,9,0,18,19,3,7,0,0,1,0,0,3,11,1,1,1,1,1,38,7,-1,-1,-1,-1,8,E01033480,0,3
2024010513868,2024,010513868,1,90,0,9,9,1,7,0,0,1,0,0,0,0,0,1,6,6,1,40,7,-1,-1,-1,-1,2,E01003592,0,3
2024451524130,2024,451524130,2,1,0,-1,11,3,7,-1,0,0,2,0,0,0,3,1,-1,9,1,51,8,-1,-1,-1,-1,9,E01002997,0,1
2024131461054,2024,131461054,1,-1,0,-1,5,5,1,-1,0,0,1,0,0,0,1,1,-1,9,1,24,5,-1,-1,-1,-1,2,E01011925,1,1
2024522403148,2024,522403148,4,23,0,13,13,7,2,0,0,8,0,0,0,0,1,1,6,6,2,23,5,-1,-1,-1,-1,1,E01032515,0,1
2024201471463,2024,201471463,1,9,0,-1,4,5,1,-1,0,0,0,0,0,0,1,9,-1,6,2,20,4,-1,-1,-1,-1,-1,-1,0,-1
2024010503233,2024,010503233,1,9,0,99,99,9,9,99,99,9,9,99,9,99,2,9,6,6,2,45,7,-1,-1,-1,-1,5,E01023533,0,3
2024010503009,2024,010503009,1,9,0,18,19,1,5,0,0,1,0,0,0,0,1,1,6,6,3,-1,-1,-1,-1,-1,-1,-1,-1,0,-1
2024440012972,2024,440012972,1,9,0,18,19,7,3,0,0,0,0,0,1,10,1,1,6,6,1,54,8,-1,-1,-1,-1,5,E01017014,0,2
2024010548892,2024,010548892,2,1,0,18,19,4,8,0,0,1,0,0,0,0,1,1,2,2,2,35,6,-1,-1,-1,-1,4,E01000866,0,1
2024010501886,2024,010501886,1,9,0,18,19,7,3,0,0,0,0,0,7,1,3,1,6,6,2,31,6,-1,-1,-1,-1,6,E01002200,0,1
2024302400512,2024,302400512,1,9,0,18,19,2,6,0,0,0,0,0,0,0,4,1,6,6,2,70,10,-1,-1,-1,-1,4,E01006026,0,2
2024201502833,2024,201502833,1,9,0,-1,9,1,7,-1,0,6,0,0,0,0,4,1,-1,1,1,31,6,-1,-1,-1,-1,2,E01008939,0,1
2024351510253,2024,351510253,3,9,0,-1,4,3,7,-1,0,0,0,0,0,0,2,1,-1,6,2,45,7,-1,-1,-1,-1,7,E01022097,0,4
2024991409142,2024,991409142,2,97,0,-1,19,2,7,-1,0,8,5,0,0,0,1,1,-1,6,1,20,4,-1,-1,-1,-1,-1,-1,0,-1
2024010533241,2024,010533241,2,1,0,18,19,1,5,4,4,1,0,0,0,0,4,1,6,6,2,13,3,-1,-1,-1,-1,2,E01001482,0,1
2024302400036,2024,302400036,1,9,0,9,9,5,2,0,0,8,0,0,0,0,1,1,6,6,2,47,8,-1,-1,-1,-1,1,E01013480,0,1
2024440025912,2024,440025912,1,-1,0,18,19,4,8,9,9,0,0,0,0,0,1,1,6,6,1,14,3,-1,-1,-1,-1,2,E01022949,1,1
2024201480839,2024,201480839,1,9,0,-1,19,2,6,-1,0,0,0,0,0,0,1,9,-1,6,1,-1,-1,-1,-1,-1,-1,-1,-1,0,-1
2024201492028,2024,201492028,1,9,0,-1,19,5,1,-1,0,8,0,0,0,0,1,9,-1,6,3,-1,-1,-1,-1,-1,-1,-1,-1,0,-1
2024302400868,2024,302400868,1,9,0,18,19,5,1,0,0,8,0,0,0,0,1,1,6,6,1,22,5,-1,-1,-1,-1,8,E01019414,0,3
2024010547719,2024,010547719,2,1,9,99,99,9,9,99,99,9,9,99,9,99,2,1,6,6,3,-1,-1,-1,-1,-1,-1,-1,-1,0,-1
2024231474761,2024,231474761,2,1,0,-1,19,7,3,-1,9,8,0,0,0,0,4,1,-1,6,1,11,3,-1,-1,-1,-1,10,E01032895,0,1
2024430517912,2024,430517912,2,-1,0,18,19,4,8,4,4,8,0,0,0,0,3,1,6,6,2,21,5,-1,-1,-1,-1,7,E01028588,1,1
2024141518168,2024,141518168,2,1,0,-1,19,7,3,-1,0,8,0,0,0,0,1,1,-1,6,1,44,7,-1,-1,-1,-1,6,E01007981,0,1
2024421395393,2024,421395393,2,1,0,-1,19,7,3,-1,0,8,0,0,0,0,1,1,-1,1,1,39,7,-1,-1,-1,-1,10,E01021250,0,1
2024501480096,2024,501480096,2,1,0,-1,19,6,2,-1,9,0,5,0,0,0,1,1,-1,9,1,18,4,-1,-1,-1,-1,7,E01019977,0,1
2024070878307,2024,070878307,1,9,0,-1,19,6,2,-1,0,0,-1,-1,-1,-1,-1,-1,-1,-1,3,-1,-1,-1,-1,-1,-1,-1,-1,0,-1
2024061457188,2024,061457188,5,9,0,-1,19,5,1,-1,0,0,0,0,0,0,3,1,-1,6,1,45,7,-1,-1,-1,-1,-1,-1,0,-1
2024010509490,2024,010509490,1,1,9,99,99,9,9,99,99,9,9,99,9,99,9,1,6,6,1,41,7,-1,-1,-1,-1,7,E01000364,0,1
2024401451530,2024,401451530,1,1,0,-1,19,6,2,-1,0,8,0,0,0,0,1,1,-1,6,1,44,7,-1,-1,-1,-1,2,E01033804,0,1
2024320547571,2024,320547571,1,9,0,-1,-1,4,8,0,0,1,0,0,0,0,1,1,1,1,1,27,6,-1,-1,-1,-1,4,E01026230,0,2
2024430437010,2024,430437010,1,9,0,18,19,6,2,0,0,1,0,0,0,0,1,1,6,6,1,51,8,-1,-1,-1,-1,-1,-1,0,-1
2024131526572,2024,131526572,2,9,0,-1,-1,-1,-1,-1,-1,0,-1,-1,-1,-1,-1,1,-1,6,3,-1,-1,-1,-1,-1,-1,-1,-1,0,-1
2024440454122,2024,440454122,2,1,0,3,3,4,8,0,0,0,0,0,0,0,2,1,2,2,2,55,8,-1,-1,-1,-1,2,E01023029,0,1
2024141424025,2024,141424025,1,9,0,-1,3,1,5,-1,0,0,0,0,0,0,2,9,-1,1,1,42,7,-1,-1,-1,-1,2,E01007914,0,2
2024010505317,2024,010505317,1,9,0,18,19,7,3,0,0,0,0,0,0,0,2,1,2,2,1,54,8,-1,-1,-1,-1,-1,-1,0,-1
2024461478942,2024,461478942,3,9,0,-1,2,0,0,-1,-1,0,0,0,0,0,0,1,-1,2,1,37,7,-1,-1,-1,-1,1,E01003515,0,4
2024061526493,2024,061526493,2,1,0,-1,19,5,1,-1,0,1,0,0,0,0,1,1,-1,9,2,49,8,-1,-1,-1,-1,1,E01005230,0,1
2024320385340,2024,320385340,1,1,0,-1,-1,3,7,0,0,2,0,0,0,0,4,1,-1,-1,1,12,3,-1,-1,-1,-1,8,E01034699,0,1
2024122400768,2024,122400768,2,1,0,18,19,4,8,0,0,0,0,0,0,0,1,1,6,6,1,34,6,-1,-1,-1,-1,10,E01013379,0,1
2024440174558,2024,440174558,2,9,0,17,19,8,5,0,0,1,0,0,0,0,3,1,6,6,2,49,8,-1,-1,-1,-1,9,E01031384,0,4
2024332401147,2024,332401147,2,9,0,-1,19,7,3,-1,0,8,0,0,1,4,1,1,-1,9,2,47,8,-1,-1,-1,-1,3,E01025844,0,1
2024010491337,2024,010491337,1,3,0,18,19,3,7,0,0,0,0,0,0,0,3,1,1,1,1,34,6,-1,-1,-1,-1,4,E01000875,0,1
2024471497037,2024,471497037,1,9,0,-1,3,1,7,-1,0,6,0,0,0,0,3,1,-1,2,1,67,10,-1,-1,-1,-1,10,E01031828,0,1
2024122500095,2024,122500095,2,1,0,18,19,1,5,0,0,0,0,0,0,0,2,1,6,6,1,67,10,-1,-1,-1,-1,9,E01027791,0,2
2024501482495,2024,501482495,2,9,0,-1,2,0,0,-1,0,0,0,0,1,11,2,2,-1,6,2,-1,-1,-1,-1,-1,-1,7,E01019045,0,1
2024161427877,2024,161427877,1,9,0,-1,7,5,3,-1,0,8,0,0,0,0,1,9,-1,6,2,-1,-1,-1,-1,-1,-1,-1,-1,0,-1
2024461511930,2024,461511930,2,9,0,-1,19,3,7,-1,0,0,2,0,0,0,4,1,-1,9,2,71,10,-1,-1,-1,-1,8,E01024098,0,1
2024010493521,2024,010493521,3,9,0,99,99,9,9,0,0,0,9,99,9,99,1,9,6,6,3,-1,-1,-1,-1,-1,-1,-1,-1,0,-1
2024010488548,2024,010488548,2,9,0,99,99,9,9,99,99,9,9,99,9,99,9,9,6,6,3,-1,-1,-1,-1,-1,-1,-1,-1,0,-1
2024052400064,2024,052400064,1,1,0,18,19,7,3,0,0,0,0,0,0,0,1,1,6,6,1,-1,-1,-1,-1,-1,-1,-1,-1,0,-1
2024421510675,2024,421510675,2,1,0,-1,19,5,1,-1,0,8,0,0,0,0,4,1,-1,2,1,60,9,-1,-1,-1,-1,4,E01021639,0,1
2024991395547,2024,991395547,1,9,0,-1,13,5,1,-1,0,0,0,0,0,0,1,1,-1,6,3,-1,-1,-1,-1,-1,-1,-1,-1,0,-1
2024361410077,2024,361410077,2,1,0,-1,19,1,3,-1,0,0,0,0,0,0,1,1,-1,6,1,62,9,-1,-1,-1,-1,10,E01026915,0,1
2024501397298,2024,501397298,1,9,0,-1,19,7,7,-1,0,6,0,0,0,0,1,1,-1,6,2,68,10,-1,-1,-1,-1,3,E01015061,0,1
2024010493008,2024,010493008,2,9,0,2,2,0,0,0,0,0,0,0,0,0,3,1,6,6,3,-1,-1,-1,-1,-1,-1,-1,-1,0,-1