collision_index,collision_year,collision_ref_no,vehicle_reference,vehicle_type,towing_and_articulation,vehicle_manoeuvre_historic,vehicle_manoeuvre,vehicle_direction_from,vehicle_direction_to,vehicle_location_restricted_lane_historic,vehicle_location_restricted_lane,junction_location,skidding_and_overturning,hit_object_in_carriageway,vehicle_leaving_carriageway,hit_object_off_carriageway,first_point_of_impact,vehicle_left_hand_drive,journey_purpose_of_driver_historic,journey_purpose_of_driver,sex_of_driver,age_of_driver,age_band_of_driver,engine_capacity_cc,propulsion_code,age_of_vehicle,generic_make_model,driver_imd_decile,lsoa_of_driver,escooter_flag,driver_distance_banding
2024302401007,2024,302401007,2,-1,0,18,19,2,6,0,0,0,0,0,0,0,1,1,6,6,3,-1,-1,-1,-1,-1,-1,5,E01019456,1,4
2024411420120,2024,411420120,1,19,4,-1,19,1,5,-1,0,8,0,0,0,0,1,1,-1,1,1,43,7,-1,-1,-1,-1,9,E01023509,0,1
2024371417933,2024,371417933,1,9,0,-1,9,7,4,-1,0,8,0,0,0,0,3,1,-1,1,1,39,7,-1,-1,-1,-1,2,E01030023,0,1
2024070173902,2024,070173902,1,9,0,5,5,5,7,0,0,1,0,0,0,0,1,1,2,2,2,58,9,-1,-1,-1,-1,5,E01012542,0,1
2024061441776,2024,061441776,2,1,0,-1,7,1,5,-1,0,1,0,0,0,0,3,1,-1,9,1,47,8,-1,-1,-1,-1,2,E01005603,0,1
2024061412267,2024,061412267,2,1,-1,-1,-1,-1,-1,-1,-1,0,-1,-1,-1,0,-1,1,-1,6,3,-1,-1,-1,-1,-1,-1,-1,-1,0,-1
2024501506088,2024,501506088,2,16,0,-1,19,5,5,-1,0,0,0,0,0,0,0,1,-1,9,2,47,8,-1,-1,-1,-1,4,E01020309,0,2
2024052400500,2024,052400500,2,9,0,18,19,5,1,0,0,1,0,0,0,0,1,1,2,2,1,40,7,-1,-1,-1,-1,8,E01012473,0,3
2024371498000,2024,371498000,1,9,0,-1,19,3,7,-1,0,1,0,0,0,0,3,1,-1,9,1,24,5,-1,-1,-1,-1,10,E01033444,0,1
2024991485787,2024,991485787,2,9,0,-1,19,7,3,-1,0,0,0,0,0,0,4,1,-1,9,1,70,10,-1,-1,-1,-1,4,-1,0,3
2024201461607,2024,201461607,2,1,0,-1,5,2,6,-1,0,1,0,0,0,0,4,1,-1,6,2,17,4,-1,-1,-1,-1,7,E01009793,0,1
2024411522143,2024,411522143,1,9,0,-1,19,1,5,-1,0,0,0,0,0,0,1,9,-1,6,1,-1,-1,-1,-1,-1,-1,-1,-1,0,-1
2024340NN0312,2024,340NN0312,2,1,0,-1,19,7,3,-1,0,8,5,0,0,0,3,1,-1,6,1,45,7,-1,-1,-1,-1,6,E01027062,0,1
2024520401149,2024,520401149,1,9,0,18,19,1,4,0,0,8,0,0,0,0,4,1,6,6,1,45,7,-1,-1,-1,-1,8,E01029256,0,2
2024421503710,2024,421503710,2,1,0,-1,19,3,7,-1,0,0,0,0,0,0,2,1,-1,9,1,12,3,-1,-1,-1,-1,3,E01034355,0,1
2024522500075,2024,522500075,2,1,0,18,19,4,8,0,0,8,0,0,0,0,1,1,6,6,1,37,7,-1,-1,-1,-1,7,E01014648,0,1
2024131522223,2024,131522223,2,1,0,-1,19,2,6,-1,0,0,0,0,0,0,3,1,-1,6,1,45,7,-1,-1,-1,-1,10,E01011797,0,1
2024471471581,2024,471471581,1,9,0,-1,5,5,1,-1,0,4,0,0,0,0,1,2,-1,6,1,-1,-1,-1,-1,-1,-1,-1,-1,0,-1
2024461488279,2024,461488279,2,9,0,-1,19,3,7,-1,0,0,0,0,0,0,2,1,-1,9,1,67,10,-1,-1,-1,-1,5,E01000738,0,3
2024010496814,2024,010496814,3,9,0,18,19,5,1,0,0,0,0,0,0,0,1,1,6,6,1,23,5,-1,-1,-1,-1,-1,-1,0,-1
2024520403299,2024,520403299,2,1,0,18,19,3,7,0,0,8,0,0,0,0,1,1,6,6,2,43,7,-1,-1,-1,-1,3,E01029333,0,1
2024010561717,2024,010561717,1,9,0,9,9,7,5,0,0,8,0,0,0,0,1,1,6,6,3,-1,-1,-1,-1,-1,-1,-1,-1,0,-1
2024302400261,2024,302400261,1,1,0,18,19,5,1,9,9,8,0,0,0,0,1,1,1,1,3,-1,-1,-1,-1,-1,-1,5,E01019456,0,3
2024440402310,2024,440402310,1,-1,0,17,19,8,5,0,0,1,0,0,0,0,1,1,1,1,1,41,7,-1,-1,-1,-1,4,E01017058,1,1
2024141451593,2024,141451593,2,98,4,-1,19,5,1,-1,0,0,0,0,0,0,0,9,-1,6,3,-1,-1,-1,-1,-1,-1,-1,-1,0,-1
2024010500879,2024,010500879,2,9,0,18,19,7,3,0,0,8,0,0,0,0,1,1,6,6,3,-1,-1,-1,-1,-1,-1,-1,-1,0,-1
2024471408037,2024,471408037,3,11,0,-1,19,5,1,-1,0,1,0,0,0,0,0,9,-1,1,3,-1,-1,-1,-1,-1,-1,-1,-1,0,-1
2024522402569,2024,522402569,1,1,0,9,9,2,1,0,0,8,0,0,0,0,3,1,6,6,1,59,9,-1,-1,-1,-1,8,E01014918,0,1
2024010513034,2024,010513034,1,1,9,99,99,9,9,99,99,9,9,99,9,99,1,1,1,1,1,32,6,-1,-1,-1,-1,3,E01002807,0,1
2024311445552,2024,311445552,2,9,0,-1,3,1,5,-1,0,0,0,0,0,0,2,1,-1,6,2,53,8,-1,-1,-1,-1,7,E01028326,0,1
2024010527219,2024,010527219,2,9,0,2,2,0,0,9,9,1,0,0,0,0,2,1,6,6,3,-1,-1,-1,-1,-1,-1,-1,-1,0,-1
2024461509316,2024,461509316,1,9,0,-1,19,3,7,-1,0,0,0,0,0,0,2,1,-1,9,1,43,7,-1,-1,-1,-1,4,E01024771,0,3
2024340NN1302,2024,340NN1302,1,9,0,-1,19,5,1,-1,0,0,0,0,0,0,1,1,-1,2,1,23,5,-1,-1,-1,-1,5,E01017503,0,2
2024991445650,2024,991445650,2,9,0,-1,2,6,1,-1,0,0,0,0,0,0,1,1,-1,9,1,38,7,-1,-1,-1,-1,7,-1,0,5
2024131399114,2024,131399114,2,9,0,-1,2,3,7,-1,0,2,0,0,0,0,2,1,-1,6,1,49,8,-1,-1,-1,-1,1,E01011347,0,2
2024010507278,2024,010507278,1,97,0,18,19,8,4,0,0,0,0,0,0,0,1,1,6,6,3,-1,-1,-1,-1,-1,-1,-1,-1,0,-1
202417L106624,2024,17L106624,1,9,0,9,9,3,7,0,0,8,0,0,0,0,4,1,6,6,1,77,11,-1,-1,-1,-1,6,E01012151,0,1
2024311439446,2024,311439446,2,9,0,-1,2,2,4,-1,0,1,0,0,0,0,1,1,-1,9,2,53,8,-1,-1,-1,-1,3,E01028339,0,1
2024070716922,2024,070716922,1,9,0,-1,19,5,1,-1,0,7,0,0,0,0,1,1,-1,9,2,35,6,-1,-1,-1,-1,7,E01007113,0,3
2024451398818,2024,451398818,1,1,0,-1,3,5,1,-1,0,0,0,0,0,0,2,1,-1,9,1,26,6,-1,-1,-1,-1,10,E01030917,0,1
2024471403185,2024,471403185,2,9,0,-1,19,1,5,-1,0,0,0,0,0,0,2,9,-1,6,1,29,6,-1,-1,-1,-1,5,E01031530,0,3
2024010508380,2024,010508380,2,9,0,99,99,9,9,99,99,9,9,99,9,99,1,9,6,6,3,-1,-1,-1,-1,-1,-1,-1,-1,0,-1
2024440361923,2024,440361923,1,1,0,18,19,1,5,0,0,0,0,0,0,0,1,1,6,6,1,75,10,-1,-1,-1,-1,8,E01022718,0,2
2024531538139,2024,531538139,2,1,0,-1,19,1,5,-1,0,4,0,0,0,0,4,1,-1,9,1,63,9,-1,-1,-1,-1,9,E01022404,0,1
2024201404391,2024,201404391,2,1,0,-1,19,8,4,-1,0,8,0,0,0,0,1,1,-1,9,1,30,6,-1,-1,-1,-1,5,E01010023,0,1
2024440465050,2024,440465050,1,1,0,18,19,7,3,0,0,0,0,0,0,0,1,1,6,6,3,-1,-1,-1,-1,-1,-1,-1,-1,0,-1
2024010541318,2024,010541318,2,9,0,99,99,9,9,99,99,9,9,99,9,99,9,9,6,6,3,-1,-1,-1,-1,-1,-1,-1,-1,0,-1
2024010495163,2024,010495163,2,9,0,18,19,4,8,0,0,0,0,0,0,0,4,1,1,1,2,44,7,-1,-1,-1,-1,6,-1,0,5
2024401540892,2024,401540892,1,9,0,-1,5,3,7,-1,0,8,0,0,0,0,1,1,-1,6,3,-1,-1,-1,-1,-1,-1,-1,-1,0,-1
2024010514943,2024,010514943,2,9,9,99,99,9,9,99,99,9,9,99,9,99,9,9,6,6,3,-1,-1,-1,-1,-1,-1,-1,-1,0,-1
2024430361298,2024,430361298,1,21,0,18,19,6,2,0,0,0,0,0,0,0,0,1,1,1,1,51,8,-1,-1,-1,-1,7,E01029699,0,5
2024552401191,2024,552401191,2,-1,0,9,9,5,3,0,0,8,0,0,0,0,1,1,6,6,2,54,8,-1,-1,-1,-1,4,E01015443,1,1
2024471472783,2024,471472783,1,1,0,-1,19,5,1,-1,0,2,0,0,0,0,1,1,-1,6,1,16,4,-1,-1,-1,-1,3,E01031795,0,1
2024010487955,2024,010487955,1,3,0,99,99,9,9,99,99,9,9,99,9,99,1,1,1,1,2,31,6,-1,-1,-1,-1,1,E01002071,0,1
2024010507677,2024,010507677,1,9,0,4,4,7,3,0,0,1,0,0,0,0,1,1,6,6,3,-1,-1,-1,-1,-1,-1,-1,-1,0,-1
2024010527223,2024,010527223,2,9,0,99,99,9,9,0,0,0,0,0,0,0,9,9,6,6,3,-1,-1,-1,-1,-1,-1,-1,-1,0,-1
2024111526945,2024,111526945,2,23,0,-1,19,1,5,-1,0,8,0,0,0,0,3,1,-1,6,1,13,3,-1,-1,-1,-1,2,E01020892,0,1
2024010503787,2024,010503787,1,9,0,18,19,5,1,2,2,8,0,0,0,0,1,1,6,6,1,23,5,-1,-1,-1,-1,2,E01000907,0,1
2024101442782,2024,101442782,1,9,0,-1,1,5,1,-1,0,0,0,0,0,0,2,9,-1,6,3,-1,-1,-1,-1,-1,-1,-1,-1,0,-1
2024010551418,2024,010551418,2,1,0,18,19,1,5,9,9,1,5,0,0,0,3,1,6,6,1,28,6,-1,-1,-1,-1,3,E01001436,0,1
2024010488178,2024,010488178,1,1,9,99,99,9,9,99,99,9,9,99,9,99,1,1,1,1,1,19,4,-1,-1,-1,-1,1,E01001115,0,1
2024052401849,2024,052401849,2,1,0,18,19,5,1,0,0,3,0,0,0,0,4,1,6,6,1,60,9,-1,-1,-1,-1,6,E01006424,0,1
2024351403014,2024,351403014,2,1,0,-1,3,3,8,-1,0,8,0,0,0,0,4,1,-1,9,2,39,7,-1,-1,-1,-1,4,E01015614,0,1
2024520002732,2024,520002732,2,1,0,18,19,1,5,0,0,1,0,0,0,0,3,1,6,6,2,47,8,-1,-1,-1,-1,5,E01014433,0,1
2024111402925,2024,111402925,2,99,0,-1,9,1,7,-1,0,0,0,0,0,0,4,1,-1,6,2,61,9,-1,-1,-1,-1,9,E01012346,0,1
2024522402869,2024,522402869,1,9,0,9,9,7,5,0,0,8,0,0,0,0,1,1,6,6,1,61,9,-1,-1,-1,-1,7,E01029086,0,3
2024522402142,2024,522402142,1,1,0,18,19,5,1,0,0,8,0,0,0,0,4,1,6,6,2,27,6,-1,-1,-1,-1,5,E01014631,0,1
2024211504613,2024,211504613,2,9,0,-1,10,3,1,-1,0,1,0,0,0,0,2,1,-1,2,1,47,8,-1,-1,-1,-1,1,E01009577,0,4
2024211520927,2024,211520927,2,1,0,-1,19,5,2,-1,0,8,0,0,0,0,2,1,-1,6,1,52,8,-1,-1,-1,-1,-1,-1,0,-1
2024010491495,2024,010491495,1,9,0,16,19,4,8,0,0,1,0,0,0,0,1,1,6,6,1,40,7,-1,-1,-1,-1,10,E01002254,0,2
202460Q002655,2024,60Q002655,1,9,0,18,19,2,6,0,0,0,0,0,0,0,4,1,6,6,3,-1,-1,-1,-1,-1,-1,-1,-1,0,-1
2024430006789,2024,430006789,1,9,0,18,19,6,2,0,0,0,0,0,0,0,1,1,6,6,1,30,6,-1,-1,-1,-1,-1,-1,0,-1
2024141499360,2024,141499360,2,97,0,-1,19,1,5,-1,0,1,5,0,0,0,1,1,-1,6,1,19,4,-1,-1,-1,-1,8,E01007987,0,1
2024131514726,2024,131514726,2,1,0,-1,14,5,3,-1,0,6,0,0,0,0,1,1,-1,1,2,40,7,-1,-1,-1,-1,10,E01011593,0,1
2024401522770,2024,401522770,2,9,0,-1,19,1,5,-1,0,1,0,0,0,0,1,1,-1,1,2,28,6,-1,-1,-1,-1,7,E01017485,0,1
2024161501550,2024,161501550,2,1,0,-1,19,7,3,-1,5,0,0,0,0,0,3,1,-1,6,1,19,4,-1,-1,-1,-1,1,E01032595,0,1
2024010548106,2024,010548106,2,9,0,99,99,9,9,99,99,9,9,99,9,99,1,9,6,6,3,-1,-1,-1,-1,-1,-1,-1,-1,0,-1
2024411407981,2024,411407981,1,9,0,-1,4,4,5,-1,0,1,0,0,0,0,1,9,-1,6,3,-1,-1,-1,-1,-1,-1,-1,-1,0,-1
2024052401701,2024,052401701,2,1,0,5,5,6,2,0,0,5,0,0,0,0,4,1,6,6,2,37,7,-1,-1,-1,-1,1,E01006732,0,1
2024010517071,2024,010517071,1,1,9,99,99,9,9,99,99,9,9,99,9,99,9,1,2,2,1,50,8,-1,-1,-1,-1,10,E01030350,0,3
2024361419044,2024,361419044,2,1,-1,-1,-1,-1,-1,-1,-1,-1,-1,-1,-1,0,-1,1,-1,6,2,28,6,-1,-1,-1,-1,8,E01026856,0,1
2024031465381,2024,031465381,1,9,0,-1,5,4,7,-1,0,0,1,0,1,4,3,9,-1,2,1,52,8,-1,-1,-1,-1,3,E01025172,0,3
2024552500139,2024,552500139,1,1,0,4,4,4,8,0,0,0,1,0,0,0,1,1,6,6,1,24,5,-1,-1,-1,-1,2,E01020573,0,1
2024010491021,2024,010491021,2,1,0,18,19,1,5,0,0,2,5,0,0,0,1,1,6,6,1,20,4,-1,-1,-1,-1,4,E01003562,0,1
2024311485410,2024,311485410,2,1,0,-1,19,1,5,-1,9,0,0,0,0,0,4,1,-1,6,2,52,8,-1,-1,-1,-1,2,E01028318,0,1
2024070673148,2024,070673148,1,9,0,9,9,2,8,0,0,6,0,0,0,0,0,1,6,6,3,-1,-1,-1,-1,-1,-1,-1,-1,0,-1
2024430263665,2024,430263665,1,19,0,18,19,5,8,0,0,0,0,0,0,0,4,1,6,6,1,30,6,-1,-1,-1,-1,-1,-1,0,-1
2024351526992,2024,351526992,1,9,-1,-1,-1,-1,-1,-1,-1,-1,-1,-1,-1,0,-1,9,-1,6,3,-1,-1,-1,-1,-1,-1,-1,-1,0,-1
2024201534818,2024,201534818,2,1,0,-1,19,2,6,-1,0,4,0,0,0,0,1,1,-1,6,1,19,4,-1,-1,-1,-1,1,E01009362,0,1
2024010517848,2024,010517848,2,9,0,99,99,9,9,99,99,9,9,99,9,99,9,9,6,6,3,-1,-1,-1,-1,-1,-1,3,E01001823,0,1
2024361486403,2024,361486403,2,9,0,-1,2,5,1,-1,0,0,0,0,0,0,2,1,-1,9,1,68,10,-1,-1,-1,-1,5,E01026435,0,3
2024231417238,2024,231417238,2,9,0,-1,2,0,0,-1,0,1,0,0,0,0,4,1,-1,6,1,67,10,-1,-1,-1,-1,5,E01031262,0,1
202460Q132175,2024,60Q132175,2,1,0,18,19,1,5,0,0,1,0,0,0,0,1,1,6,6,1,53,8,-1,-1,-1,-1,-1,-1,0,-1
2024221398743,2024,221398743,1,9,0,-1,10,6,5,-1,0,8,0,0,0,0,2,1,-1,2,1,55,8,-1,-1,-1,-1,7,E01032403,0,2
2024010513221,2024,010513221,1,1,9,18,19,9,9,4,4,9,9,99,9,99,1,1,2,2,2,25,5,-1,-1,-1,-1,3,E01004322,0,1
2024501483898,2024,501483898,1,19,0,-1,5,8,4,-1,0,0,0,0,0,0,1,1,-1,1,1,25,5,-1,-1,-1,-1,4,E01015258,0,3
2024520000392,2024,520000392,1,1,0,18,19,5,1,0,0,1,0,0,0,0,1,1,6,6,1,55,8,-1,-1,-1,-1,-1,-1,0,-1
202417L406424,2024,17L406424,1,9,0,-1,13,5,1,-1,0,8,0,0,0,0,1,1,-1,9,1,50,8,-1,-1,-1,-1,4,E01027625,0,3
2024010488761,2024,010488761,1,3,0,99,99,9,9,99,99,9,9,99,9,99,2,1,1,1,3,41,7,-1,-1,-1,-1,7,E01003396,0,1
2024361494117,2024,361494117,2,1,-1,-1,19,-1,-1,-1,0,0,0,0,0,0,1,1,-1,6,2,34,6,-1,-1,-1,-1,1,E01026793,0,1
2024320630988,2024,320630988,1,21,4,12,12,1,5,0,0,0,0,0,0,0,2,1,1,1,3,-1,-1,-1,-1,-1,-1,-1,-1,0,-1
2024010546991,2024,010546991,2,9,9,99,99,9,9,99,99,9,9,99,9,99,1,9,6,6,1,44,7,-1,-1,-1,-1,7,E01000364,0,2
2024211480877,2024,211480877,2,9,0,-1,12,4,3,-1,0,0,1,0,0,0,3,2,-1,9,2,18,4,-1,-1,-1,-1,7,E01031011,0,2
202417M105824,2024,17M105824,2,9,0,-1,19,5,1,-1,0,1,0,0,0,0,1,1,-1,6,1,-1,-1,-1,-1,-1,-1,-1,-1,0,-1
2024010518759,2024,010518759,1,1,9,99,99,9,9,99,99,9,9,99,9,99,9,1,6,6,2,16,4,-1,-1,-1,-1,3,E01003286,0,3
2024061434094,2024,061434094,3,9,0,-1,3,1,5,-1,0,1,0,0,0,0,1,1,-1,6,1,50,8,-1,-1,-1,-1,4,E01006893,0,4
2024991517468,2024,991517468,1,1,0,-1,19,1,5,-1,0,8,0,0,0,0,4,1,-1,1,1,32,6,-1,-1,-1,-1,4,-1,0,1
2024320458544,2024,320458544,1,3,0,-1,-1,2,6,0,0,1,0,0,0,0,1,1,1,1,1,50,8,-1,-1,-1,-1,9,E01025619,0,4
2024010528597,2024,010528597,2,22,0,99,99,9,9,0,0,0,0,0,0,0,9,1,6,6,2,54,8,-1,-1,-1,-1,8,E01002518,0,1
2024201406922,2024,201406922,1,9,0,-1,9,4,2,-1,0,8,0,0,0,0,1,1,-1,6,3,-1,-1,-1,-1,-1,-1,-1,-1,0,-1
2024010514440,2024,010514440,1,9,0,18,19,1,5,0,0,1,0,0,0,0,9,9,6,6,2,91,11,-1,-1,-1,-1,-1,-1,0,-1
2024340WN4202,2024,340WN4202,1,1,0,-1,19,3,7,-1,0,8,0,0,0,0,1,1,-1,6,1,15,3,-1,-1,-1,-1,7,E01027259,0,1
2024430282059,2024,430282059,1,19,0,18,19,5,1,0,0,6,1,0,7,4,3,1,6,6,1,40,7,-1,-1,-1,-1,-1,-1,0,-1
2024010526422,2024,010526422,1,9,0,18,19,5,1,0,0,1,0,0,0,0,1,1,6,6,3,-1,-1,-1,-1,-1,-1,-1,-1,0,-1
2024401474734,2024,401474734,2,1,0,-1,19,2,6,-1,4,1,0,0,0,0,1,1,-1,9,1,17,4,-1,-1,-1,-1,4,E01015751,0,1
2024010488741,2024,010488741,1,3,0,99,99,9,9,99,99,9,9,99,9,99,9,1,1,1,1,36,7,-1,-1,-1,-1,5,E01003654,0,1
2024631492602,2024,631492602,2,22,0,-1,19,7,3,-1,0,0,0,0,0,0,3,1,-1,6,1,89,11,-1,-1,-1,-1,5,W01001611,0,5
2024440284276,2024,440284276,2,-1,0,18,19,5,1,0,0,0,0,0,0,0,1,1,2,2,1,13,3,-1,-1,-1,-1,4,E01017258,1,1
2024552401165,2024,552401165,1,4,0,13,13,7,3,0,0,8,1,0,0,0,4,1,6,6,1,66,10,-1,-1,-1,-1,3,E01015386,0,3
2024522402418,2024,522402418,1,9,0,18,19,6,2,0,0,0,0,0,0,0,1,1,6,6,2,64,9,-1,-1,-1,-1,6,E01014642,0,2
2024010493194,2024,010493194,2,8,0,99,99,9,9,99,99,9,9,99,9,99,1,9,6,6,3,-1,-1,-1,-1,-1,-1,-1,-1,0,-1
2024610011224,2024,610011224,1,19,0,7,7,4,6,0,0,6,0,0,0,0,2,1,1,1,1,32,6,-1,-1,-1,-1,6,W01001204,0,3
2024440225617,2024,440225617,2,1,0,18,19,3,7,0,0,8,0,0,0,0,4,1,6,6,1,50,8,-1,-1,-1,-1,5,E01017137,0,1
2024161471331,2024,161471331,2,1,0,-1,19,1,5,-1,0,0,0,0,0,0,1,1,-1,6,1,44,7,-1,-1,-1,-1,3,E01012899,0,2
2024430457734,2024,430457734,2,1,0,3,3,3,7,0,0,1,0,0,1,0,3,1,6,6,2,-1,-1,-1,-1,-1,-1,-1,-1,0,-1
2024010551654,2024,010551654,1,1,0,18,19,4,8,0,0,0,0,0,0,0,1,1,6,6,3,-1,-1,-1,-1,-1,-1,-1,-1,0,-1
2024411433528,2024,411433528,1,9,0,-1,5,7,1,-1,0,6,0,0,0,0,1,1,-1,6,2,43,7,-1,-1,-1,-1,5,E01023322,0,1
2024421523202,2024,421523202,1,99,0,-1,3,7,3,-1,0,1,0,0,0,0,1,1,-1,2,1,35,6,-1,-1,-1,-1,4,E01015906,0,1
2024010539140,2024,010539140,2,1,0,3,3,3,7,0,0,1,0,0,0,0,4,1,6,6,1,32,6,-1,-1,-1,-1,4,E01002620,0,3
2024010538929,2024,010538929,2,1,0,5,5,5,1,0,0,2,0,0,0,0,2,1,1,1,1,30,6,-1,-1,-1,-1,3,E01002637,0,1
2024010493487,2024,010493487,1,3,0,99,99,9,9,99,99,1,9,99,9,99,1,1,1,1,1,35,6,-1,-1,-1,-1,3,E01003430,0,1
2024010487974,2024,010487974,1,9,0,4,4,5,1,0,0,1,0,4,0,0,1,1,1,1,2,53,8,-1,-1,-1,-1,4,E01000997,0,2
202417M117424,2024,17M117424,2,1,0,-1,19,6,2,-1,0,8,0,0,0,0,4,1,-1,2,1,35,6,-1,-1,-1,-1,1,E01012020,0,1
2024010534498,2024,010534498,2,1,9,99,99,9,9,99,99,9,9,99,9,99,0,1,2,2,2,40,7,-1,-1,-1,-1,4,E01002796,0,1
2024311465318,2024,311465318,1,9,0,-1,4,2,4,-1,0,1,0,0,0,0,1,1,-1,9,2,40,7,-1,-1,-1,-1,4,E01028252,0,1
2024010496807,2024,010496807,2,9,0,99,99,9,9,99,99,9,9,99,9,99,9,9,6,6,3,-1,-1,-1,-1,-1,-1,-1,-1,0,-1
2024010496802,2024,010496802,2,9,0,99,99,9,9,99,99,9,9,99,9,99,1,9,6,6,3,49,8,-1,-1,-1,-1,9,E01003011,0,1
2024131492674,2024,131492674,1,23,0,-1,19,2,6,-1,0,8,2,0,0,0,1,1,-1,6,1,31,6,-1,-1,-1,-1,1,E01011791,0,1
2024522402253,2024,522402253,2,1,0,18,19,9,9,0,0,1,0,0,0,0,1,1,6,6,3,-1,-1,-1,-1,-1,-1,-1,-1,0,-1
2024610006724,2024,610006724,1,4,0,18,19,5,1,0,0,8,0,0,0,0,4,1,6,6,1,18,4,-1,-1,-1,-1,6,W01001534,0,1
2024010493684,2024,010493684,2,4,0,13,13,8,4,0,0,1,0,0,0,0,1,1,6,6,1,29,6,-1,-1,-1,-1,5,E01000360,0,1
2024101438116,2024,101438116,1,8,0,-1,4,5,1,-1,0,4,0,0,0,0,1,1,-1,1,1,62,9,-1,-1,-1,-1,2,E01008335,0,1
2024010495675,2024,010495675,1,9,0,14,14,6,2,0,0,0,0,0,0,0,3,1,6,6,2,31,6,-1,-1,-1,-1,3,E01004349,0,1
2024440136274,2024,440136274,1,9,0,18,19,5,1,0,0,0,1,0,2,7,1,1,6,6,1,23,5,-1,-1,-1,-1,8,E01000574,0,4
2024131489180,2024,131489180,2,19,0,-1,-1,-1,-1,-1,-1,2,-1,-1,-1,-1,-1,1,-1,6,3,-1,-1,-1,-1,-1,-1,-1,-1,0,-1
2024010525873,2024,010525873,2,19,0,18,19,3,7,0,0,1,0,0,0,0,1,9,6,6,3,-1,-1,-1,-1,-1,-1,-1,-1,0,-1
2024010498015,2024,010498015,1,9,0,99,99,9,9,99,99,0,9,99,9,99,9,9,6,6,3,-1,-1,-1,-1,-1,-1,-1,-1,0,-1
2024552400653,2024,552400653,2,1,0,18,19,4,8,0,0,0,0,10,0,0,3,1,6,6,2,43,7,-1,-1,-1,-1,9,E01015299,0,3
2024131418867,2024,131418867,1,1,0,-1,19,3,7,-1,0,0,0,0,0,0,3,1,-1,9,1,14,3,-1,-1,-1,-1,1,E01011344,0,1
2024201503177,2024,201503177,1,9,0,-1,9,3,1,-1,0,5,0,0,0,0,3,1,-1,6,3,-1,-1,-1,-1,-1,-1,-1,-1,0,-1
2024010491486,2024,010491486,2,9,0,99,99,9,9,99,99,9,9,99,9,99,2,9,6,6,3,-1,-1,-1,-1,-1,-1,-1,-1,0,-1
2024622400713,2024,622400713,3,1,0,18,19,6,4,0,0,0,0,0,0,0,1,1,6,6,1,51,8,-1,-1,-1,-1,10,W01001159,0,3
2024010493521,2024,010493521,1,9,0,99,99,9,9,0,0,0,9,99,9,99,2,9,2,2,1,38,7,-1,-1,-1,-1,8,E01034364,0,3
2024010535517,2024,010535517,2,9,0,99,99,9,9,99,99,9,9,99,9,99,1,9,6,6,3,-1,-1,-1,-1,-1,-1,-1,-1,0,-1
2024041438928,2024,041438928,2,18,0,-1,19,5,1,-1,1,6,0,0,0,0,1,1,-1,1,1,29,6,-1,-1,-1,-1,7,E01024990,0,3
2024552400057,2024,552400057,3,9,0,8,8,5,6,0,0,6,0,0,0,0,1,1,6,6,2,42,7,-1,-1,-1,-1,9,E01015316,0,1
2024010519991,2024,010519991,1,1,0,5,5,5,1,9,9,0,2,0,0,0,0,1,1,1,1,22,5,-1,-1,-1,-1,4,E01002487,0,1
202460Q181423,2024,60Q181423,1,90,0,18,19,3,7,4,4,0,0,0,7,1,1,1,6,6,1,19,4,-1,-1,-1,-1,-1,-1,0,-1
2024302401264,2024,302401264,2,22,0,18,19,3,7,0,0,1,0,0,0,0,1,1,6,6,2,79,11,-1,-1,-1,-1,3,E01019580,0,1
2024501483393,2024,501483393,2,9,0,-1,2,0,0,-1,0,0,0,0,0,0,3,1,-1,6,-1,-1,-1,-1,-1,-1,-1,-1,-1,0,-1
2024340WN4782,2024,340WN4782,1,19,0,-1,19,3,6,-1,0,0,0,0,0,0,1,1,-1,6,1,51,8,-1,-1,-1,-1,7,E01026994,0,1
2024010487672,2024,010487672,2,11,0,5,5,5,1,0,0,8,0,0,0,0,1,1,1,1,1,41,7,-1,-1,-1,-1,4,-1,0,5
2024311433327,2024,311433327,1,1,0,-1,19,3,7,-1,9,5,0,10,3,0,0,1,-1,1,1,30,6,-1,-1,-1,-1,-1,-1,0,-1
2024991445594,2024,991445594,2,9,0,-1,19,8,4,-1,0,2,0,0,0,0,4,1,-1,9,2,51,8,-1,-1,-1,-1,6,-1,0,1
2024361441358,2024,361441358,1,-1,0,-1,19,8,4,-1,4,0,5,7,0,0,1,1,-1,9,2,41,7,-1,-1,-1,-1,7,E01026508,1,2
2024131523009,2024,131523009,1,9,0,-1,19,3,7,-1,0,8,0,0,0,0,1,1,-1,6,1,22,5,-1,-1,-1,-1,3,E01028577,0,5
2024010497177,2024,010497177,2,3,9,99,99,9,9,99,99,9,9,99,9,99,9,1,6,6,3,-1,-1,-1,-1,-1,-1,-1,-1,0,-1
2024010549928,2024,010549928,2,1,0,18,19,5,1,0,0,8,1,0,0,0,0,1,2,2,2,50,8,-1,-1,-1,-1,5,E01001138,0,1
2024421503834,2024,421503834,2,1,0,-1,3,6,2,-1,0,0,0,0,0,0,2,1,-1,9,1,48,8,-1,-1,-1,-1,3,E01021339,0,1
2024010542475,2024,010542475,2,1,9,99,99,9,9,99,99,9,9,99,9,99,1,1,6,6,1,22,5,-1,-1,-1,-1,3,E01035678,0,1
2024161405498,2024,161405498,1,-1,0,-1,19,6,2,-1,0,0,0,0,0,0,1,1,-1,6,3,-1,-1,-1,-1,-1,-1,-1,-1,1,-1
2024131466175,2024,131466175,1,9,0,-1,19,7,3,-1,0,1,0,0,0,0,-1,1,-1,6,3,-1,-1,-1,-1,-1,-1,-1,-1,0,-1
2024010500269,2024,010500269,2,5,0,4,4,5,1,0,0,1,5,0,0,0,1,1,6,6,1,23,5,-1,-1,-1,-1,3,E01001440,0,3
2024010499227,2024,010499227,1,1,9,99,99,9,9,99,99,9,9,99,9,99,1,1,1,1,1,23,5,-1,-1,-1,-1,3,E01000506,0,2
2024332400981,2024,332400981,2,1,0,-1,19,1,5,-1,0,8,0,0,0,0,1,1,-1,6,1,55,8,-1,-1,-1,-1,1,E01013603,0,1