collision_index,collision_year,collision_ref_no,vehicle_reference,vehicle_type,towing_and_articulation,vehicle_manoeuvre_historic,vehicle_manoeuvre,vehicle_direction_from,vehicle_direction_to,vehicle_location_restricted_lane_historic,vehicle_location_restricted_lane,junction_location,skidding_and_overturning,hit_object_in_carriageway,vehicle_leaving_carriageway,hit_object_off_carriageway,first_point_of_impact,vehicle_left_hand_drive,journey_purpose_of_driver_historic,journey_purpose_of_driver,sex_of_driver,age_of_driver,age_band_of_driver,engine_capacity_cc,propulsion_code,age_of_vehicle,generic_make_model,driver_imd_decile,lsoa_of_driver,escooter_flag,driver_distance_banding
2024991507739,2024,991507739,1,99,0,-1,19,4,8,-1,0,0,0,0,0,0,3,1,-1,6,1,45,7,-1,-1,-1,-1,-1,-1,0,-1
2024430224564,2024,430224564,1,1,0,18,19,5,1,9,9,0,0,0,0,0,1,1,6,6,1,30,6,-1,-1,-1,-1,-1,-1,0,-1
2024201448680,2024,201448680,1,9,0,-1,15,2,6,-1,0,1,0,0,0,0,1,9,-1,6,1,30,6,-1,-1,-1,-1,-1,-1,0,-1
2024311524388,2024,311524388,2,1,0,-1,7,7,8,-1,0,6,0,0,0,0,3,1,-1,6,1,56,9,-1,-1,-1,-1,-1,-1,0,-1
2024061504469,2024,061504469,2,9,0,-1,19,2,7,-1,0,1,0,0,0,0,1,1,-1,6,1,54,8,-1,-1,-1,-1,4,E01004920,0,1
2024430037480,2024,430037480,3,9,0,16,19,2,4,0,0,0,0,0,0,0,0,1,6,6,3,-1,-1,-1,-1,-1,-1,-1,-1,0,-1
2024320695072,2024,320695072,2,9,0,4,4,6,2,0,0,0,0,0,0,0,2,1,1,1,2,24,5,-1,-1,-1,-1,3,E01026024,0,1
2024010506611,2024,010506611,1,1,0,18,19,5,1,0,0,8,5,0,0,0,0,1,2,2,2,48,8,-1,-1,-1,-1,2,E01002831,0,1
2024010518450,2024,010518450,2,1,0,18,19,7,3,0,0,1,0,0,0,0,1,1,1,1,1,41,7,-1,-1,-1,-1,8,E01004602,0,1
2024421484194,2024,421484194,2,9,0,-1,19,6,2,-1,0,0,5,0,1,5,1,1,-1,9,1,81,11,-1,-1,-1,-1,6,E01021742,0,3
2024061398624,2024,061398624,1,9,0,-1,15,3,7,-1,0,0,5,4,0,0,4,1,-1,9,1,87,11,-1,-1,-1,-1,6,E01006202,0,1
2024340WN2822,2024,340WN2822,1,1,0,-1,19,1,5,-1,0,0,0,0,0,0,1,1,-1,1,1,-1,-1,-1,-1,-1,-1,-1,-1,0,-1
2024332400102,2024,332400102,2,9,0,-1,19,6,2,-1,0,0,0,0,0,0,1,1,-1,6,1,-1,-1,-1,-1,-1,-1,-1,-1,0,-1
2024421438133,2024,421438133,2,1,0,-1,19,2,6,-1,0,0,0,0,0,0,3,1,-1,2,2,40,7,-1,-1,-1,-1,4,E01021849,0,1
2024010497325,2024,010497325,2,9,0,4,4,1,5,0,0,1,0,0,0,0,1,1,1,1,1,42,7,-1,-1,-1,-1,2,E01002003,0,4
2024311423380,2024,311423380,2,18,-1,-1,19,6,2,-1,1,1,0,0,0,0,1,1,-1,1,2,26,6,-1,-1,-1,-1,1,E01028276,0,4
2024061448818,2024,061448818,2,1,0,-1,19,1,5,-1,4,-1,0,0,0,0,1,1,-1,6,1,62,9,-1,-1,-1,-1,1,E01005132,0,2
2024552400958,2024,552400958,1,19,0,18,19,6,2,0,0,0,0,0,0,0,1,1,6,6,1,72,10,-1,-1,-1,-1,7,E01020436,0,1
2024010497774,2024,010497774,2,1,0,18,19,3,7,5,5,1,0,0,0,0,1,1,1,1,1,43,7,-1,-1,-1,-1,-1,-1,0,-1
2024131478506,2024,131478506,2,1,0,-1,19,6,2,-1,0,1,5,0,1,0,2,1,-1,6,1,15,3,-1,-1,-1,-1,1,E01010821,0,1
2024421493884,2024,421493884,1,9,0,-1,19,3,7,-1,0,0,0,0,0,0,1,1,-1,1,1,19,4,-1,-1,-1,-1,5,E01032523,0,4
2024440144430,2024,440144430,1,1,0,9,9,6,4,0,0,8,0,0,0,0,3,1,2,2,1,36,7,-1,-1,-1,-1,-1,-1,0,-1
2024531469982,2024,531469982,2,9,0,-1,6,3,7,-1,0,0,0,0,0,0,3,1,-1,9,1,50,8,-1,-1,-1,-1,10,W01001512,0,4
2024101419973,2024,101419973,1,9,0,-1,5,8,4,-1,0,1,0,0,0,0,1,1,-1,9,2,76,11,-1,-1,-1,-1,1,E01027431,0,1
2024101530712,2024,101530712,2,1,0,-1,19,8,4,-1,0,0,0,0,0,0,2,1,-1,9,1,16,4,-1,-1,-1,-1,7,E01008465,0,3
2024461481229,2024,461481229,2,1,-1,-1,19,-1,-1,-1,0,0,0,0,0,0,3,1,-1,6,1,26,6,-1,-1,-1,-1,7,E01024302,0,4
2024010526482,2024,010526482,1,9,0,7,7,3,6,0,0,1,0,0,0,0,4,1,6,6,1,25,5,-1,-1,-1,-1,3,E01033599,0,1
2024401405478,2024,401405478,2,1,-1,-1,-1,-1,-1,-1,-1,-1,-1,-1,-1,0,-1,1,-1,7,1,13,3,-1,-1,-1,-1,4,E01033835,0,1
2024501486053,2024,501486053,2,1,0,-1,19,-1,-1,-1,0,0,1,0,0,0,3,1,-1,6,3,-1,-1,-1,-1,-1,-1,-1,-1,0,-1
2024610016624,2024,610016624,1,9,0,18,19,4,8,0,0,0,0,0,0,0,1,1,2,2,1,61,9,-1,-1,-1,-1,2,W01001532,0,3
2024421424644,2024,421424644,2,19,4,-1,19,7,3,-1,0,0,0,0,0,0,2,1,-1,6,-1,17,4,-1,-1,-1,-1,-1,-1,0,-1
2024010493503,2024,010493503,1,9,0,18,19,5,1,0,0,1,0,0,0,0,1,1,6,6,2,63,9,-1,-1,-1,-1,2,E01000022,0,1
2024471459622,2024,471459622,2,1,0,-1,3,2,4,-1,0,8,0,0,0,0,3,1,-1,6,2,26,6,-1,-1,-1,-1,7,E01016889,0,1
2024122500166,2024,122500166,2,1,0,18,19,7,3,0,0,8,1,0,0,0,0,1,6,6,1,39,7,-1,-1,-1,-1,9,E01013392,0,1
2024141506139,2024,141506139,2,1,0,-1,19,3,7,-1,4,1,0,0,0,0,1,1,-1,9,1,15,3,-1,-1,-1,-1,3,E01007528,0,1
2024451468504,2024,451468504,2,-1,0,-1,19,7,1,-1,9,8,0,0,0,0,1,9,-1,9,1,14,3,-1,-1,-1,-1,-1,-1,1,-1
2024010490074,2024,010490074,1,9,0,99,99,9,9,99,99,9,9,99,9,99,9,9,6,6,3,-1,-1,-1,-1,-1,-1,-1,-1,0,-1
2024010496656,2024,010496656,1,9,0,7,7,5,7,0,0,2,0,0,0,0,1,1,6,6,2,62,9,-1,-1,-1,-1,2,E01001330,0,1
2024401516723,2024,401516723,2,1,0,-1,19,6,2,-1,0,0,0,0,0,0,1,1,-1,6,1,60,9,-1,-1,-1,-1,5,E01015714,0,1
2024471498754,2024,471498754,1,9,0,-1,19,4,8,-1,0,0,0,0,0,0,1,1,-1,9,1,70,10,-1,-1,-1,-1,5,E01031465,0,4
2024332400634,2024,332400634,1,9,0,-1,19,2,6,-1,0,5,0,0,2,11,3,1,-1,6,1,59,9,-1,-1,-1,-1,9,E01025968,0,1
2024461452873,2024,461452873,2,21,1,-1,19,7,3,-1,0,0,0,0,0,0,1,9,-1,1,1,49,8,-1,-1,-1,-1,-1,-1,0,-1
2024451457483,2024,451457483,1,1,0,-1,19,1,5,-1,5,8,0,0,0,0,1,1,-1,7,1,11,3,-1,-1,-1,-1,7,E01030994,0,1
2024060120180,2024,060120180,3,9,0,18,19,5,1,0,0,0,0,0,0,0,1,1,2,2,1,51,8,-1,-1,-1,-1,-1,-1,0,-1
2024471471711,2024,471471711,1,1,0,-1,19,2,6,-1,0,0,0,0,0,0,4,1,-1,2,1,31,6,-1,-1,-1,-1,6,E01031656,0,3
2024631476686,2024,631476686,1,-1,0,-1,19,5,1,-1,0,0,0,10,7,10,3,1,-1,9,1,19,4,-1,-1,-1,-1,2,E01028967,1,4
2024010514151,2024,010514151,2,1,0,5,5,7,3,0,0,8,0,0,0,0,1,1,1,1,1,38,7,-1,-1,-1,-1,8,E01017813,0,2
2024061529137,2024,061529137,1,99,-1,-1,-1,-1,-1,-1,-1,0,-1,-1,-1,0,-1,9,-1,1,3,-1,-1,-1,-1,-1,-1,-1,-1,0,-1
2024451467413,2024,451467413,3,9,0,-1,99,5,1,-1,0,1,9,0,0,0,1,1,-1,6,3,50,8,-1,-1,-1,-1,-1,-1,0,-1
2024201461032,2024,201461032,2,-1,0,-1,19,8,4,-1,0,0,0,4,0,0,1,9,-1,6,1,16,4,-1,-1,-1,-1,2,E01009630,1,1
202417L103724,2024,17L103724,2,1,0,-1,19,6,2,-1,0,0,0,0,0,0,2,1,-1,9,1,68,10,-1,-1,-1,-1,-1,-1,0,-1
2024010511495,2024,010511495,1,9,9,99,99,9,9,99,99,6,9,99,9,99,9,9,6,6,2,-1,-1,-1,-1,-1,-1,-1,-1,0,-1
2024010531137,2024,010531137,2,1,0,6,6,1,1,0,0,0,0,0,0,0,0,1,1,1,1,41,7,-1,-1,-1,-1,4,E01003014,0,1
2024471457142,2024,471457142,1,1,0,-1,-1,-1,-1,-1,-1,0,-1,-1,-1,0,-1,1,-1,6,1,-1,-1,-1,-1,-1,-1,-1,-1,0,-1
2024340WN2702,2024,340WN2702,1,9,0,-1,19,4,8,-1,0,0,0,7,0,6,3,1,-1,9,2,24,5,-1,-1,-1,-1,9,E01027016,0,3
2024471445190,2024,471445190,1,9,0,-1,-1,-1,-1,-1,-1,0,-1,-1,-1,0,-1,9,-1,6,3,-1,-1,-1,-1,-1,-1,-1,-1,0,-1
2024411420653,2024,411420653,1,19,0,-1,19,3,7,-1,0,0,0,0,0,0,1,1,-1,6,1,32,6,-1,-1,-1,-1,-1,-1,0,-1
2024991506015,2024,991506015,1,9,0,-1,19,8,5,-1,0,8,2,0,0,0,4,1,-1,6,2,52,8,-1,-1,-1,-1,10,-1,0,4
2024010495171,2024,010495171,1,9,0,18,19,9,9,99,99,0,9,99,9,99,9,9,6,6,1,18,4,-1,-1,-1,-1,2,E01001388,0,1
2024430609037,2024,430609037,3,9,0,13,13,5,8,0,0,0,0,0,0,0,1,1,1,1,1,30,6,-1,-1,-1,-1,8,E01028666,0,3
2024411534285,2024,411534285,1,9,0,-1,7,5,1,-1,0,0,0,0,0,0,1,1,-1,6,1,36,7,-1,-1,-1,-1,9,E01023442,0,4
2024361519467,2024,361519467,1,-1,0,-1,19,2,6,-1,9,2,0,0,0,0,1,1,-1,6,1,44,7,-1,-1,-1,-1,10,E01026907,1,2
2024531517138,2024,531517138,1,9,0,-1,19,4,8,-1,9,0,0,0,0,0,4,9,-1,6,3,-1,-1,-1,-1,-1,-1,-1,-1,0,-1
2024201440221,2024,201440221,1,99,0,-1,7,6,1,-1,0,5,0,0,0,0,1,9,-1,6,3,-1,-1,-1,-1,-1,-1,-1,-1,0,-1
2024361473172,2024,361473172,1,1,0,-1,19,4,7,-1,0,0,5,0,0,0,1,1,-1,6,1,75,10,-1,-1,-1,-1,8,E01026571,0,1
2024610002624,2024,610002624,2,9,0,17,19,2,8,0,0,1,0,0,0,0,3,1,6,6,1,57,9,-1,-1,-1,-1,2,W01001866,0,1
2024430037480,2024,430037480,2,9,0,2,2,0,0,0,0,0,0,0,0,0,2,1,6,6,3,-1,-1,-1,-1,-1,-1,-1,-1,0,-1
2024161491851,2024,161491851,1,1,0,-1,19,2,6,-1,0,1,0,0,0,0,9,1,-1,6,2,68,10,-1,-1,-1,-1,3,E01013233,0,1
2024432406215,2024,432406215,1,-1,0,7,7,-1,-1,0,0,4,0,0,0,0,0,1,6,6,2,63,9,-1,-1,-1,-1,1,E01016844,0,1
2024610016724,2024,610016724,2,9,0,18,19,6,2,0,0,1,0,0,0,0,4,1,6,6,1,79,11,-1,-1,-1,-1,2,W01001614,0,2
2024311480084,2024,311480084,2,9,-1,-1,9,7,3,-1,0,5,0,0,0,0,2,9,-1,1,1,39,7,-1,-1,-1,-1,4,E01028343,0,1
2024131413690,2024,131413690,1,9,0,-1,1,8,4,-1,9,0,0,0,0,0,2,1,-1,6,3,-1,-1,-1,-1,-1,-1,-1,-1,0,-1
2024361492304,2024,361492304,1,1,0,-1,19,3,7,-1,0,0,5,0,0,0,4,1,-1,9,1,10,2,-1,-1,-1,-1,8,E01026432,0,1
2024440504872,2024,440504872,2,9,0,4,4,5,1,0,0,0,0,0,0,0,1,1,6,6,1,-1,-1,-1,-1,-1,-1,-1,-1,0,-1
2024010489674,2024,010489674,1,9,0,99,99,9,9,99,99,9,9,99,9,99,0,9,6,6,2,40,7,-1,-1,-1,-1,5,E01000932,0,1
2024131465988,2024,131465988,2,1,0,-1,19,1,5,-1,0,8,2,0,0,0,1,1,-1,1,1,32,6,-1,-1,-1,-1,3,E01011488,0,1
2024991518985,2024,991518985,1,9,0,-1,19,3,7,-1,0,1,0,0,0,0,1,1,-1,6,2,37,7,-1,-1,-1,-1,7,-1,0,2
2024010532016,2024,010532016,2,1,0,18,19,7,3,2,2,1,0,0,0,0,3,1,6,6,1,16,4,-1,-1,-1,-1,2,E01003048,0,1
2024302400042,2024,302400042,1,11,0,16,19,8,4,0,0,0,0,0,0,0,3,1,1,1,1,59,9,-1,-1,-1,-1,7,E01019419,0,4
2024440288207,2024,440288207,2,1,0,9,9,3,1,0,0,4,0,0,0,0,3,1,6,6,2,56,9,-1,-1,-1,-1,-1,-1,0,-1
2024501449166,2024,501449166,2,19,0,-1,12,4,2,-1,0,0,0,0,0,0,1,2,-1,9,1,63,9,-1,-1,-1,-1,5,E01018946,0,1
2024201488646,2024,201488646,1,98,0,-1,13,8,4,-1,0,0,0,0,0,0,1,1,-1,6,3,-1,-1,-1,-1,-1,-1,-1,-1,0,-1
2024320110701,2024,320110701,1,9,0,-1,-1,2,6,0,0,0,0,0,0,0,0,1,6,6,3,-1,-1,-1,-1,-1,-1,-1,-1,0,-1
2024340WN4892,2024,340WN4892,1,19,0,-1,13,1,5,-1,0,8,0,0,0,0,1,1,-1,9,1,60,9,-1,-1,-1,-1,6,E01027030,0,2
2024501475783,2024,501475783,1,9,0,-1,19,6,2,-1,0,0,0,12,0,0,1,1,-1,9,2,23,5,-1,-1,-1,-1,7,E01032628,0,3
2024371510232,2024,371510232,2,1,0,-1,19,1,5,-1,0,1,0,0,0,0,1,1,-1,6,2,59,9,-1,-1,-1,-1,4,E01030022,0,1
2024010544856,2024,010544856,2,1,0,18,19,7,3,0,0,2,5,0,0,0,1,1,4,7,1,17,4,-1,-1,-1,-1,3,E01001980,0,1
2024010520178,2024,010520178,2,1,0,3,3,6,2,0,0,1,0,0,3,0,4,1,6,6,2,20,4,-1,-1,-1,-1,5,E01033884,0,1
2024340WN3952,2024,340WN3952,1,9,0,-1,9,3,5,-1,0,0,0,0,0,0,1,1,-1,2,1,-1,-1,-1,-1,-1,-1,-1,-1,0,-1
2024010518444,2024,010518444,2,9,0,4,4,1,5,0,0,0,0,0,0,0,2,1,6,6,2,34,6,-1,-1,-1,-1,3,E01001645,0,2
2024421417863,2024,421417863,2,-1,0,-1,19,5,1,-1,9,0,0,0,0,0,1,1,-1,6,1,17,4,-1,-1,-1,-1,8,E01033612,1,1
2024461440004,2024,461440004,1,9,0,-1,7,1,2,-1,0,2,0,0,0,0,1,1,-1,9,1,80,11,-1,-1,-1,-1,10,E01032826,0,3
2024340WN6592,2024,340WN6592,1,9,0,-1,19,7,3,-1,0,1,0,0,0,0,1,1,-1,6,2,47,8,-1,-1,-1,-1,-1,-1,0,-1
2024531461932,2024,531461932,2,19,0,-1,19,5,1,-1,0,0,0,0,0,0,0,9,-1,6,3,-1,-1,-1,-1,-1,-1,-1,-1,0,-1
2024141428658,2024,141428658,1,9,0,-1,19,5,1,-1,0,1,0,0,0,0,1,1,-1,9,2,51,8,-1,-1,-1,-1,4,E01007537,0,1
2024520401176,2024,520401176,3,9,0,9,9,1,7,0,0,8,0,0,0,0,0,1,6,6,2,36,7,-1,-1,-1,-1,7,E01029063,0,1
2024010497296,2024,010497296,1,4,0,99,99,9,9,99,99,9,9,99,9,99,9,1,6,6,1,76,11,-1,-1,-1,-1,9,E01002952,0,2
2024010524276,2024,010524276,1,1,9,99,99,9,9,99,99,0,9,8,9,99,9,1,2,2,1,45,7,-1,-1,-1,-1,5,E01003134,0,2
2024010523097,2024,010523097,1,19,0,18,19,5,1,0,0,0,0,0,0,0,0,1,6,6,3,44,7,-1,-1,-1,-1,-1,-1,0,-1
2024010493857,2024,010493857,2,9,0,18,19,3,7,0,0,4,0,0,0,0,1,1,6,6,2,27,6,-1,-1,-1,-1,3,E01001053,0,2
2024052401142,2024,052401142,1,5,0,18,19,8,4,0,0,0,1,0,0,0,0,1,6,6,1,50,8,-1,-1,-1,-1,6,E01012426,0,2
2024430172374,2024,430172374,1,9,0,4,4,4,8,0,0,0,0,0,0,0,2,1,6,6,2,57,9,-1,-1,-1,-1,8,E01017750,0,2
2024371510295,2024,371510295,1,90,0,-1,5,1,1,-1,0,0,0,0,1,0,1,2,-1,6,3,-1,-1,-1,-1,-1,-1,-1,-1,0,-1
2024421461862,2024,421461862,1,1,0,-1,19,6,2,-1,0,0,0,0,0,0,1,1,-1,6,1,15,3,-1,-1,-1,-1,1,E01016006,0,1
2024411541112,2024,411541112,3,9,0,-1,11,1,5,-1,0,0,0,0,0,0,1,1,-1,6,2,41,7,-1,-1,-1,-1,2,E01033151,0,4
2024010546006,2024,010546006,2,1,0,-1,-1,1,5,0,0,3,0,0,0,0,2,1,6,6,2,48,8,-1,-1,-1,-1,7,E01003888,0,1
2024461503409,2024,461503409,2,4,0,-1,19,7,3,-1,0,4,0,0,0,0,3,1,-1,9,1,76,11,-1,-1,-1,-1,4,E01024698,0,2
2024201458957,2024,201458957,2,9,0,-1,5,1,5,-1,9,1,0,0,0,0,1,9,-1,6,3,-1,-1,-1,-1,-1,-1,-1,-1,0,-1
2024401419757,2024,401419757,1,11,-1,-1,-1,-1,-1,-1,-1,0,-1,-1,-1,0,-1,9,-1,6,3,-1,-1,-1,-1,-1,-1,-1,-1,0,-1
202454B456424,2024,54B456424,1,90,0,6,6,1,5,0,0,8,0,0,0,0,1,1,1,1,1,41,7,-1,-1,-1,-1,5,E01032384,0,4
2024131528894,2024,131528894,1,9,0,-1,-1,-1,-1,-1,-1,0,-1,-1,-1,-1,-1,1,-1,6,3,-1,-1,-1,-1,-1,-1,-1,-1,0,-1
2024010495182,2024,010495182,2,9,9,99,99,9,9,0,0,9,9,0,0,0,9,1,6,6,1,21,5,-1,-1,-1,-1,4,E01001406,0,2
2024010492920,2024,010492920,2,-1,0,15,15,5,1,0,0,2,0,0,0,0,2,1,6,6,2,19,4,-1,-1,-1,-1,4,E01000947,1,1
2024991400079,2024,991400079,2,9,0,-1,19,6,2,-1,0,1,0,0,0,0,1,1,-1,6,1,32,6,-1,-1,-1,-1,3,-1,0,3
2024430479079,2024,430479079,1,-1,0,18,19,2,6,0,0,0,0,0,0,0,3,1,6,6,1,18,4,-1,-1,-1,-1,9,E01016238,1,1
2024520401479,2024,520401479,2,9,0,9,9,8,5,0,0,8,0,0,0,0,1,1,6,6,1,77,11,-1,-1,-1,-1,4,E01029334,0,2
2024221489521,2024,221489521,2,1,0,-1,19,7,4,-1,0,0,0,0,0,0,1,1,-1,2,1,22,5,-1,-1,-1,-1,6,E01032374,0,1
2024161422529,2024,161422529,1,1,0,-1,9,1,7,-1,9,5,0,0,0,0,4,1,-1,6,1,36,7,-1,-1,-1,-1,1,E01012903,0,1
2024471472010,2024,471472010,3,9,0,-1,3,8,4,-1,0,1,1,0,0,0,2,1,-1,6,2,45,7,-1,-1,-1,-1,7,E01021110,0,2
2024991478191,2024,991478191,2,1,0,-1,19,5,1,-1,0,8,0,0,0,0,1,1,-1,9,1,47,8,-1,-1,-1,-1,10,-1,0,1
2024010543455,2024,010543455,1,97,0,99,99,9,9,99,99,9,9,99,9,99,1,1,6,6,3,-1,-1,-1,-1,-1,-1,-1,-1,0,-1
2024010535156,2024,010535156,2,9,0,99,99,9,9,99,99,0,9,99,9,99,9,9,6,6,3,-1,-1,-1,-1,-1,-1,-1,-1,0,-1
2024302401319,2024,302401319,2,-1,0,18,19,5,1,0,0,1,0,0,0,0,4,1,6,6,1,32,6,-1,-1,-1,-1,-1,-1,1,-1
2024010490861,2024,010490861,1,9,0,17,19,5,1,0,0,1,0,10,3,10,0,1,6,6,2,30,6,-1,-1,-1,-1,6,E01004174,0,2
2024991487020,2024,991487020,1,9,0,-1,13,7,2,-1,0,0,0,0,0,0,1,1,-1,6,1,37,7,-1,-1,-1,-1,9,-1,0,1
2024361425819,2024,361425819,2,1,0,-1,5,2,6,-1,9,6,0,0,0,0,3,1,-1,6,1,11,3,-1,-1,-1,-1,2,E01026865,0,1
2024311470540,2024,311470540,1,97,0,-1,9,8,4,-1,0,1,1,0,1,0,1,1,-1,6,1,18,4,-1,-1,-1,-1,2,E01013813,0,1
2024010541715,2024,010541715,1,1,0,18,19,1,5,0,0,9,0,99,9,99,9,1,6,6,2,27,6,-1,-1,-1,-1,10,E01003891,0,2
2024010489490,2024,010489490,1,9,0,18,19,3,7,0,0,3,0,0,0,0,1,1,6,6,3,-1,-1,-1,-1,-1,-1,-1,-1,0,-1
2024010488711,2024,010488711,2,11,0,4,4,3,7,0,0,0,0,0,0,0,1,1,1,1,1,52,8,-1,-1,-1,-1,6,E01034999,0,4
2024440492641,2024,440492641,1,9,0,9,9,7,5,0,0,5,0,0,0,0,3,1,6,6,1,-1,-1,-1,-1,-1,-1,-1,-1,0,-1
2024311518619,2024,311518619,1,19,0,-1,19,8,4,-1,0,0,0,0,0,0,1,1,-1,1,1,22,5,-1,-1,-1,-1,9,E01028292,0,1
2024010513339,2024,010513339,2,9,0,99,99,9,9,99,99,9,9,99,9,99,1,9,6,6,3,-1,-1,-1,-1,-1,-1,-1,-1,0,-1
2024430297318,2024,430297318,1,21,0,12,12,1,5,0,0,0,0,0,0,0,1,2,1,1,1,51,8,-1,-1,-1,-1,-1,-1,0,-1
2024052401699,2024,052401699,2,1,0,18,19,7,3,0,0,1,0,0,0,0,1,1,6,6,1,57,9,-1,-1,-1,-1,4,E01007053,0,3
2024101450013,2024,101450013,2,98,0,-1,19,1,5,-1,0,1,0,0,0,0,1,1,-1,8,3,50,8,-1,-1,-1,-1,2,E01008166,0,1
2024302401165,2024,302401165,1,1,0,18,19,1,5,0,0,2,0,0,0,0,3,1,6,6,3,-1,-1,-1,-1,-1,-1,5,E01019456,0,3
2024522500274,2024,522500274,1,1,0,18,19,5,1,4,4,0,0,0,0,0,2,1,6,6,2,36,7,-1,-1,-1,-1,2,E01033361,0,1
2024131484748,2024,131484748,2,1,0,-1,19,7,3,-1,0,8,0,0,0,0,3,1,-1,2,1,61,9,-1,-1,-1,-1,10,E01011452,0,1
2024010487044,2024,010487044,2,8,0,7,7,5,7,0,0,5,0,0,0,0,0,2,1,1,1,65,9,-1,-1,-1,-1,3,E01001011,0,3
2024302400157,2024,302400157,2,9,0,18,19,5,1,0,0,0,0,0,0,0,1,1,6,6,2,61,9,-1,-1,-1,-1,10,E01013465,0,1
2024010535652,2024,010535652,1,1,9,99,99,9,9,99,99,9,9,99,9,99,9,1,6,6,1,36,7,-1,-1,-1,-1,3,E01000502,0,1
2024541201124,2024,541201124,2,9,0,18,19,4,8,0,0,0,0,0,0,0,1,1,6,6,1,68,10,-1,-1,-1,-1,10,E01032009,0,1
2024451496343,2024,451496343,2,98,0,-1,19,5,1,-1,0,8,0,0,0,0,3,1,-1,2,1,36,7,-1,-1,-1,-1,4,E01030827,0,1
2024545032624,2024,545032624,1,9,0,18,19,5,1,0,0,8,0,0,0,0,3,1,6,6,1,54,8,-1,-1,-1,-1,8,E01033849,0,1
2024010543250,2024,010543250,1,9,0,99,99,9,9,99,99,9,9,99,9,99,9,9,6,6,3,-1,-1,-1,-1,-1,-1,-1,-1,0,-1
2024052401379,2024,052401379,1,9,0,7,7,8,4,0,0,3,0,0,0,0,4,1,6,6,3,-1,-1,-1,-1,-1,-1,-1,-1,0,-1
2024010499611,2024,010499611,1,19,0,99,99,9,9,99,99,9,9,99,9,99,1,9,6,6,3,-1,-1,-1,-1,-1,-1,-1,-1,0,-1
2024122400886,2024,122400886,1,1,0,18,19,7,3,0,0,8,1,0,0,0,1,1,6,6,1,51,8,-1,-1,-1,-1,9,E01027845,0,1
2024010497205,2024,010497205,1,9,0,3,3,5,1,0,0,0,0,0,0,0,3,1,6,6,1,45,7,-1,-1,-1,-1,3,E01000465,0,2
2024430205439,2024,430205439,1,9,0,17,19,2,8,0,0,0,2,10,2,10,1,1,6,6,1,18,4,-1,-1,-1,-1,8,E01028603,0,1
2024131528444,2024,131528444,1,23,0,-1,19,1,5,-1,0,1,0,0,0,0,1,1,-1,6,1,37,7,-1,-1,-1,-1,6,E01011738,0,2
2024991525684,2024,991525684,1,9,0,-1,19,5,1,-1,0,0,0,0,0,0,1,1,-1,9,1,53,8,-1,-1,-1,-1,5,-1,0,1
2024461412653,2024,461412653,2,19,0,-1,2,0,0,-1,0,0,0,4,0,0,3,1,-1,6,-1,-1,-1,-1,-1,-1,-1,-1,-1,0,-1
2024421529668,2024,421529668,2,9,0,-1,19,3,3,-1,0,0,0,0,0,0,1,1,-1,1,1,38,7,-1,-1,-1,-1,9,E01021899,0,1
2024161493519,2024,161493519,2,1,0,-1,19,5,1,-1,0,8,0,0,0,0,3,1,-1,2,1,42,7,-1,-1,-1,-1,3,E01013192,0,1
2024070173902,2024,070173902,2,1,0,18,19,5,1,0,0,1,0,0,0,0,1,1,6,6,1,13,3,-1,-1,-1,-1,-1,-1,0,-1
2024351476845,2024,351476845,1,98,0,-1,-1,-1,-1,-1,-1,0,-1,-1,-1,0,2,9,-1,6,3,-1,-1,-1,-1,-1,-1,-1,-1,0,-1
2024231409294,2024,231409294,2,9,0,-1,2,0,0,-1,0,0,0,0,0,0,2,1,-1,9,1,23,5,-1,-1,-1,-1,5,E01031056,0,1
2024010490739,2024,010490739,1,9,0,18,19,7,3,0,0,0,0,0,0,0,2,1,6,6,2,51,8,-1,-1,-1,-1,7,E01002343,0,2
2024471423747,2024,471423747,2,9,0,-1,19,4,8,-1,0,1,0,0,0,0,1,1,-1,9,2,29,6,-1,-1,-1,-1,1,E01021019,0,3
2024131503028,2024,131503028,1,9,0,-1,19,1,5,-1,0,0,0,0,0,0,3,1,-1,9,1,52,8,-1,-1,-1,-1,5,E01007152,0,4
2024302401466,2024,302401466,2,1,0,17,19,2,6,0,0,0,1,0,1,0,0,1,6,6,1,54,8,-1,-1,-1,-1,9,E01013488,0,3
2024010532020,2024,010532020,2,1,0,3,3,7,3,0,0,1,0,0,0,0,2,1,2,2,1,35,6,-1,-1,-1,-1,2,E01002078,0,2
2024161447665,2024,161447665,1,9,0,-1,11,3,7,-1,0,0,0,0,1,11,1,1,-1,6,1,36,7,-1,-1,-1,-1,1,E01012876,0,4
2024201534809,2024,201534809,1,9,0,-1,9,2,6,-1,0,5,0,0,0,0,1,9,-1,6,1,40,7,-1,-1,-1,-1,-1,-1,0,-1
2024131394330,2024,131394330,2,9,0,-1,19,6,2,-1,0,0,0,0,0,0,1,1,-1,1,1,33,6,-1,-1,-1,-1,2,E01006910,0,4
2024010494547,2024,010494547,2,9,0,99,99,9,9,99,99,9,9,99,9,99,9,9,6,6,3,-1,-1,-1,-1,-1,-1,9,E01015809,0,4
202454D979724,2024,54D979724,1,19,0,18,19,7,3,0,0,1,0,0,0,0,1,1,1,1,1,31,6,-1,-1,-1,-1,4,E01032715,0,4
2024522403250,2024,522403250,1,1,0,18,19,2,6,9,9,8,0,0,0,0,1,1,6,6,1,12,3,-1,-1,-1,-1,7,E01014735,0,1
2024122400953,2024,122400953,1,1,0,18,19,1,5,0,0,0,0,0,1,0,0,1,6,6,1,32,6,-1,-1,-1,-1,1,E01012088,0,4
2024451502160,2024,451502160,2,9,0,-1,9,3,3,-1,0,6,0,0,0,0,4,9,-1,6,3,30,6,-1,-1,-1,-1,-1,-1,0,-1
2024010488955,2024,010488955,1,9,0,99,99,9,9,99,99,9,9,99,9,99,1,9,6,6,2,26,6,-1,-1,-1,-1,5,E01000131,0,1
2024411471674,2024,411471674,1,9,0,-1,19,2,6,-1,0,0,0,4,0,0,1,2,-1,6,1,30,6,-1,-1,-1,-1,-1,-1,0,-1
2024010487596,2024,010487596,1,9,0,16,19,1,3,0,0,1,0,0,0,0,1,1,6,6,3,-1,-1,-1,-1,-1,-1,-1,-1,0,-1