collision_index,collision_year,collision_ref_no,vehicle_reference,vehicle_type,towing_and_articulation,vehicle_manoeuvre_historic,vehicle_manoeuvre,vehicle_direction_from,vehicle_direction_to,vehicle_location_restricted_lane_historic,vehicle_location_restricted_lane,junction_location,skidding_and_overturning,hit_object_in_carriageway,vehicle_leaving_carriageway,hit_object_off_carriageway,first_point_of_impact,vehicle_left_hand_drive,journey_purpose_of_driver_historic,journey_purpose_of_driver,sex_of_driver,age_of_driver,age_band_of_driver,engine_capacity_cc,propulsion_code,age_of_vehicle,generic_make_model,driver_imd_decile,lsoa_of_driver,escooter_flag,driver_distance_banding
2024311424388,2024,311424388,2,-1,0,-1,19,8,4,-1,0,8,0,0,0,0,1,1,-1,2,1,42,7,-1,-1,-1,-1,2,E01013866,1,1
2024461457854,2024,461457854,1,9,0,-1,19,3,7,-1,0,0,1,10,1,0,1,2,-1,6,1,54,8,-1,-1,-1,-1,-1,-1,0,-1
2024522402315,2024,522402315,2,9,0,9,9,2,8,0,0,6,0,0,0,0,1,1,6,6,2,-1,-1,-1,-1,-1,-1,5,E01014627,0,1
2024041463711,2024,041463711,2,17,0,-1,19,1,5,-1,0,0,0,0,0,0,1,1,-1,1,1,57,9,-1,-1,-1,-1,9,E01025319,0,1
2024052402089,2024,052402089,1,9,0,9,9,7,5,0,0,1,0,0,0,0,1,1,6,6,1,52,8,-1,-1,-1,-1,4,E01006833,0,1
2024010487468,2024,010487468,2,9,0,10,10,5,3,0,0,5,0,0,0,0,0,1,6,6,1,51,8,-1,-1,-1,-1,7,E01002222,0,1
2024531466326,2024,531466326,1,9,0,-1,19,3,7,-1,0,0,0,0,0,0,1,2,-1,6,1,30,6,-1,-1,-1,-1,-1,-1,0,-1
2024471528529,2024,471528529,1,9,0,-1,9,1,8,-1,0,2,0,0,0,0,1,9,-1,6,3,-1,-1,-1,-1,-1,-1,-1,-1,0,-1
2024010539124,2024,010539124,1,1,0,18,19,5,1,0,0,1,5,0,0,0,4,1,2,2,1,43,7,-1,-1,-1,-1,10,E01002951,0,2
2024131508214,2024,131508214,1,3,0,-1,19,1,5,-1,0,8,-1,-1,-1,-1,1,1,-1,6,1,18,4,-1,-1,-1,-1,1,E01010828,0,1
2024201475263,2024,201475263,2,9,0,-1,19,4,8,-1,0,0,0,0,0,0,1,9,-1,6,3,40,7,-1,-1,-1,-1,-1,-1,0,-1
2024010524864,2024,010524864,2,4,0,18,19,8,4,0,0,8,0,0,0,0,1,1,6,6,1,44,7,-1,-1,-1,-1,-1,-1,0,-1
2024531505447,2024,531505447,2,-1,0,-1,19,4,8,-1,0,3,0,0,0,0,4,9,-1,2,1,44,7,-1,-1,-1,-1,10,E01034780,1,1
2024010548584,2024,010548584,2,9,0,99,99,9,9,99,99,9,9,99,9,99,2,9,6,6,3,-1,-1,-1,-1,-1,-1,-1,-1,0,-1
2024010549476,2024,010549476,1,1,9,99,99,9,9,99,99,9,9,99,9,99,1,1,6,6,2,13,3,-1,-1,-1,-1,2,E01002767,0,1
2024421398114,2024,421398114,2,9,0,-1,2,0,0,-1,0,0,0,0,0,0,3,1,-1,6,-1,-1,-1,-1,-1,-1,-1,-1,-1,0,-1
2024010551301,2024,010551301,1,9,0,99,99,9,9,99,99,0,9,99,9,99,2,9,6,6,2,38,7,-1,-1,-1,-1,2,E01003508,0,1
2024440446540,2024,440446540,2,9,0,9,9,3,7,0,0,5,-1,0,0,0,1,1,6,6,3,-1,-1,-1,-1,-1,-1,-1,-1,0,-1
2024041449640,2024,041449640,1,1,0,-1,19,1,5,-1,0,0,0,0,0,0,2,1,-1,7,1,11,3,-1,-1,-1,-1,4,E01012701,0,1
2024440135496,2024,440135496,2,9,0,2,2,0,0,0,0,0,0,0,0,0,3,1,6,6,3,-1,-1,-1,-1,-1,-1,-1,-1,0,-1
2024010496190,2024,010496190,2,4,0,99,99,9,9,99,99,9,9,99,9,99,1,1,6,6,3,-1,-1,-1,-1,-1,-1,3,E01034045,0,3
2024141454726,2024,141454726,2,9,0,-1,12,7,3,-1,0,0,0,4,0,0,3,9,-1,6,3,-1,-1,-1,-1,-1,-1,-1,-1,0,-1
2024201530367,2024,201530367,1,9,0,-1,5,2,6,-1,0,1,0,0,0,0,0,9,-1,6,3,24,5,-1,-1,-1,-1,-1,-1,0,-1
2024010521789,2024,010521789,1,90,0,99,99,9,9,99,99,9,9,99,9,99,1,9,6,6,3,-1,-1,-1,-1,-1,-1,4,E01002446,0,1
2024430274956,2024,430274956,1,9,0,9,9,4,2,0,0,6,0,0,0,0,3,1,2,2,1,83,11,-1,-1,-1,-1,7,E01017652,0,1
2024552400435,2024,552400435,1,9,0,18,19,2,6,0,0,8,0,0,0,0,1,1,6,6,3,-1,-1,-1,-1,-1,-1,-1,-1,0,-1
2024520401294,2024,520401294,2,3,0,18,19,5,1,0,0,8,0,0,0,0,3,1,6,6,1,31,6,-1,-1,-1,-1,6,E01029135,0,1
2024010510264,2024,010510264,2,1,0,13,13,8,4,0,0,0,0,0,0,0,1,1,6,6,1,41,7,-1,-1,-1,-1,9,E01001299,0,1
2024010488817,2024,010488817,1,3,0,99,99,9,9,99,99,9,9,99,9,99,9,1,6,6,3,35,6,-1,-1,-1,-1,4,E01004150,0,2
2024010540083,2024,010540083,1,9,0,18,19,5,1,0,0,1,0,0,0,0,1,1,6,6,3,-1,-1,-1,-1,-1,-1,-1,-1,0,-1
2024010541902,2024,010541902,2,1,0,14,14,5,1,0,0,1,0,0,0,0,1,1,2,2,1,15,3,-1,-1,-1,-1,2,E01001555,0,1
2024010550645,2024,010550645,2,9,0,5,5,7,3,0,0,0,0,99,0,0,1,1,6,6,1,-1,-1,-1,-1,-1,-1,5,E01000664,0,4
2024041488106,2024,041488106,3,9,0,-1,3,3,7,-1,0,0,0,0,0,0,2,1,-1,9,1,25,5,-1,-1,-1,-1,6,E01025486,0,4
2024010494543,2024,010494543,1,9,0,99,99,9,9,99,99,0,9,99,9,99,2,9,2,2,1,60,9,-1,-1,-1,-1,5,E01003198,0,1
2024141510697,2024,141510697,1,1,0,-1,4,1,5,-1,0,1,0,0,0,0,1,1,-1,6,2,29,6,-1,-1,-1,-1,4,E01007850,0,1
2024010543310,2024,010543310,1,1,9,99,99,9,9,99,99,9,9,99,9,99,9,1,2,2,2,38,7,-1,-1,-1,-1,3,E01004573,0,1
2024131457018,2024,131457018,3,9,0,-1,2,0,0,-1,0,8,0,0,0,0,3,1,-1,6,-1,-1,-1,-1,-1,-1,-1,-1,-1,0,-1
202454B755224,2024,54B755224,1,9,0,18,19,1,5,0,0,3,0,0,0,0,1,1,6,6,2,20,4,-1,-1,-1,-1,-1,-1,0,-1
2024052401208,2024,052401208,1,9,0,9,9,6,4,0,0,1,0,0,0,0,1,1,6,6,3,-1,-1,-1,-1,-1,-1,-1,-1,0,-1
2024061512609,2024,061512609,2,9,0,-1,19,5,5,-1,0,6,0,0,0,0,1,1,-1,9,1,43,7,-1,-1,-1,-1,2,E01011236,0,4
2024631475666,2024,631475666,2,9,0,-1,19,6,2,-1,0,0,0,0,0,0,0,1,-1,6,2,18,4,-1,-1,-1,-1,1,W01000600,0,2
2024141486482,2024,141486482,2,9,0,-1,19,3,7,-1,0,2,0,0,0,0,1,1,-1,1,1,63,9,-1,-1,-1,-1,2,E01007457,0,1
2024421469008,2024,421469008,2,1,0,-1,19,1,5,-1,0,1,2,0,0,0,1,1,-1,6,2,38,7,-1,-1,-1,-1,-1,-1,0,-1
2024302400492,2024,302400492,1,9,0,17,19,4,1,0,0,0,0,0,0,0,1,1,6,6,3,-1,-1,-1,-1,-1,-1,5,E01019456,0,3
2024010524904,2024,010524904,1,1,9,99,99,9,9,99,99,9,9,99,9,99,9,1,1,1,2,24,5,-1,-1,-1,-1,2,E01004335,0,1
2024010495393,2024,010495393,2,5,0,18,19,3,7,0,0,1,0,0,0,0,1,1,6,6,1,59,9,-1,-1,-1,-1,7,E01004512,0,1
2024010493859,2024,010493859,1,9,0,9,9,3,1,0,0,5,0,0,0,0,4,1,6,6,1,43,7,-1,-1,-1,-1,4,E01002647,0,1
2024101507820,2024,101507820,2,1,0,-1,19,2,6,-1,2,0,0,0,0,0,1,1,-1,2,1,55,8,-1,-1,-1,-1,1,E01008398,0,1
2024461492874,2024,461492874,1,9,0,-1,19,2,5,-1,-1,0,0,0,0,0,1,9,-1,6,2,-1,-1,-1,-1,-1,-1,2,E01016025,0,1
2024201499402,2024,201499402,1,-1,0,-1,19,8,4,-1,0,0,0,0,0,0,1,1,-1,6,1,24,5,-1,-1,-1,-1,-1,-1,1,-1
2024010493842,2024,010493842,2,90,0,99,99,9,9,99,99,9,9,99,9,99,2,9,6,6,3,37,7,-1,-1,-1,-1,-1,-1,0,-1
2024332400367,2024,332400367,2,10,0,-1,19,7,3,-1,0,8,0,0,7,9,4,1,-1,7,1,45,7,-1,-1,-1,-1,10,E01010173,0,4
2024101420985,2024,101420985,1,9,0,-1,4,3,7,-1,0,0,0,0,0,0,1,1,-1,6,1,55,8,-1,-1,-1,-1,2,E01027534,0,1
2024010518231,2024,010518231,1,1,9,99,99,9,9,99,99,9,9,99,9,99,9,1,2,2,1,53,8,-1,-1,-1,-1,9,E01000962,0,2
2024302401557,2024,302401557,1,9,0,7,7,6,8,0,0,8,0,0,0,0,1,1,2,2,2,47,8,-1,-1,-1,-1,2,E01013569,0,1
2024101426626,2024,101426626,2,9,0,-1,7,5,1,-1,0,6,0,0,0,0,4,1,-1,9,2,82,11,-1,-1,-1,-1,3,E01008763,0,1
2024461430675,2024,461430675,1,9,0,-1,19,2,1,-1,0,2,0,0,1,4,1,1,-1,9,1,21,5,-1,-1,-1,-1,4,E01035686,0,4
2024201452832,2024,201452832,1,8,0,-1,19,2,6,-1,0,1,0,0,0,0,1,1,-1,6,1,50,8,-1,-1,-1,-1,1,E01009840,0,3
2024061454174,2024,061454174,5,9,0,-1,2,4,8,-1,0,0,0,0,0,0,1,1,-1,6,-1,-1,-1,-1,-1,-1,-1,-1,-1,0,-1
2024430367822,2024,430367822,2,5,0,17,19,7,5,0,0,0,0,0,0,0,1,1,6,6,1,67,10,-1,-1,-1,-1,-1,-1,0,-1
2024430529066,2024,430529066,1,1,0,18,19,5,1,0,0,6,0,0,0,0,2,1,2,2,1,30,6,-1,-1,-1,-1,6,E01016416,0,1
2024231542996,2024,231542996,2,-1,0,-1,4,5,1,-1,0,0,0,0,0,0,3,1,-1,6,2,14,3,-1,-1,-1,-1,6,E01031322,1,1
2024041447717,2024,041447717,1,9,0,-1,19,7,3,-1,0,2,0,0,0,0,1,9,-1,6,3,-1,-1,-1,-1,-1,-1,-1,-1,0,-1
2024010533363,2024,010533363,2,90,0,99,99,9,9,99,99,9,9,99,9,99,9,9,6,6,1,38,7,-1,-1,-1,-1,2,E01013499,0,5
202460Q023006,2024,60Q023006,1,19,0,16,19,8,3,0,0,0,2,0,7,4,1,1,6,6,1,20,4,-1,-1,-1,-1,-1,-1,0,-1
2024201504345,2024,201504345,1,9,0,-1,9,2,8,-1,0,5,0,0,0,0,4,9,-1,9,1,21,5,-1,-1,-1,-1,5,E01009262,0,1
2024332400412,2024,332400412,1,19,0,-1,19,5,1,-1,0,1,0,0,0,0,1,1,-1,6,1,46,8,-1,-1,-1,-1,5,E01025818,0,2
2024010540363,2024,010540363,1,1,9,99,99,9,9,99,99,9,9,99,9,99,9,1,2,2,1,32,6,-1,-1,-1,-1,4,E01003409,0,2
2024010542378,2024,010542378,1,9,0,1,1,3,7,9,9,6,0,0,0,0,2,1,1,1,1,31,6,-1,-1,-1,-1,3,E01002502,0,3
2024991478014,2024,991478014,1,1,0,-1,7,2,4,-1,0,5,0,0,0,0,1,1,-1,2,2,57,9,-1,-1,-1,-1,10,-1,0,1
2024430462218,2024,430462218,1,9,0,18,19,6,2,0,0,4,0,0,0,0,1,1,2,2,1,-1,-1,-1,-1,-1,-1,10,E01016624,0,1
2024430193308,2024,430193308,2,11,0,18,19,1,5,0,0,8,0,0,0,0,1,1,1,1,1,45,7,-1,-1,-1,-1,3,E01017711,0,1
2024440550455,2024,440550455,1,9,0,18,19,6,2,0,0,1,0,0,0,0,3,1,6,6,1,-1,-1,-1,-1,-1,-1,-1,-1,0,-1
2024141432812,2024,141432812,2,-1,0,-1,19,5,2,-1,9,1,0,0,0,0,1,9,-1,6,1,10,2,-1,-1,-1,-1,-1,-1,1,-1
2024451468245,2024,451468245,2,9,0,-1,19,2,6,-1,0,0,0,0,0,0,1,9,-1,6,3,-1,-1,-1,-1,-1,-1,-1,-1,0,-1
202460Q177977,2024,60Q177977,1,1,0,18,19,8,4,0,0,2,0,0,0,0,1,1,4,7,1,12,3,-1,-1,-1,-1,-1,-1,0,-1
2024411541663,2024,411541663,3,-1,0,-1,19,1,5,-1,0,0,0,0,0,0,0,1,-1,6,-1,-1,-1,-1,-1,-1,-1,-1,-1,0,-1
2024440327440,2024,440327440,2,9,0,18,19,1,5,0,0,6,0,0,0,0,4,1,6,6,1,25,5,-1,-1,-1,-1,6,E01035437,0,4
2024201503543,2024,201503543,1,9,0,-1,13,2,6,-1,0,0,0,0,0,0,4,9,-1,6,1,-1,-1,-1,-1,-1,-1,-1,-1,0,-1
2024211468430,2024,211468430,1,9,0,-1,19,1,5,-1,0,1,0,0,0,0,1,9,-1,6,2,-1,-1,-1,-1,-1,-1,-1,-1,0,-1
2024411414563,2024,411414563,1,9,-1,-1,-1,-1,-1,-1,-1,-1,-1,-1,-1,0,-1,9,-1,6,3,-1,-1,-1,-1,-1,-1,-1,-1,0,-1
2024201436976,2024,201436976,1,9,0,-1,19,8,4,-1,0,0,0,0,0,0,1,9,-1,1,1,18,4,-1,-1,-1,-1,7,E01010162,0,1
2024451494595,2024,451494595,1,98,0,-1,19,1,5,-1,0,0,0,0,0,0,1,9,-1,6,3,22,5,-1,-1,-1,-1,-1,-1,0,-1
2024610017924,2024,610017924,1,9,0,16,19,7,2,0,0,1,0,0,0,0,1,1,6,6,1,83,11,-1,-1,-1,-1,8,W01001565,0,2
2024131515984,2024,131515984,2,21,0,-1,4,5,1,-1,0,8,0,0,0,0,1,1,-1,1,1,32,6,-1,-1,-1,-1,9,E01019624,0,4
2024010487395,2024,010487395,1,9,0,16,19,4,8,0,0,0,0,0,0,0,1,1,2,2,2,51,8,-1,-1,-1,-1,4,E01002490,0,1
2024010529863,2024,010529863,1,1,9,99,99,9,9,99,99,9,9,99,9,99,1,1,6,6,3,-1,-1,-1,-1,-1,-1,-1,-1,0,-1
2024010489329,2024,010489329,1,9,0,4,4,3,7,0,0,1,0,0,0,0,2,1,6,6,1,27,6,-1,-1,-1,-1,8,E01000217,0,1
2024131403036,2024,131403036,1,22,0,-1,19,7,3,-1,0,0,0,0,0,0,4,1,-1,9,2,70,10,-1,-1,-1,-1,3,E01011718,0,1
2024010532267,2024,010532267,2,9,0,2,2,9,9,99,99,9,9,99,9,99,3,9,6,6,3,-1,-1,-1,-1,-1,-1,-1,-1,0,-1
2024461492844,2024,461492844,3,9,0,-1,5,2,6,-1,0,3,0,0,0,0,2,1,-1,1,1,20,4,-1,-1,-1,-1,5,E01001611,0,2
2024061529035,2024,061529035,2,9,0,-1,-1,-1,-1,-1,-1,0,-1,-1,-1,0,-1,2,-1,6,1,37,7,-1,-1,-1,-1,8,E01006886,0,3
2024010516509,2024,010516509,1,1,9,99,99,9,9,99,99,9,9,99,9,99,9,1,6,6,1,19,4,-1,-1,-1,-1,3,E01004630,0,1
2024061463780,2024,061463780,2,1,0,-1,3,5,1,-1,0,0,0,0,0,0,0,1,-1,1,1,-1,-1,-1,-1,-1,-1,1,E01005164,0,1
2024991396354,2024,991396354,1,1,0,-1,19,7,3,-1,0,1,0,0,0,0,2,1,-1,6,1,32,6,-1,-1,-1,-1,-1,-1,0,-1
2024991435451,2024,991435451,1,8,0,-1,19,2,6,-1,0,0,0,0,0,0,1,1,-1,1,1,24,5,-1,-1,-1,-1,5,-1,0,1
2024010532431,2024,010532431,2,9,0,99,99,9,9,99,99,4,9,99,9,99,1,9,6,6,3,-1,-1,-1,-1,-1,-1,-1,-1,0,-1
2024311495292,2024,311495292,2,9,0,-1,2,0,0,-1,9,0,0,0,0,0,2,1,-1,6,-1,-1,-1,-1,-1,-1,-1,-1,-1,0,-1
2024361469731,2024,361469731,1,1,0,-1,19,7,3,-1,0,2,0,0,0,0,1,1,-1,9,1,9,2,-1,-1,-1,-1,2,E01026820,0,2
2024161458430,2024,161458430,1,11,0,-1,19,2,6,-1,2,0,0,99,0,0,4,1,-1,6,3,-1,-1,-1,-1,-1,-1,-1,-1,0,-1
2024010551720,2024,010551720,1,9,0,18,19,1,5,0,0,0,1,10,0,0,3,1,6,6,1,20,4,-1,-1,-1,-1,-1,-1,0,-1
2024031401986,2024,031401986,1,9,0,-1,4,2,6,-1,0,1,0,0,0,0,4,1,-1,7,2,38,7,-1,-1,-1,-1,5,E01019306,0,1
2024421515572,2024,421515572,2,9,0,-1,3,4,8,-1,0,0,0,0,0,0,2,1,-1,6,2,29,6,-1,-1,-1,-1,2,E01022039,0,2
2024991430998,2024,991430998,1,1,0,-1,19,3,8,-1,0,0,0,0,0,0,1,1,-1,9,1,16,4,-1,-1,-1,-1,-1,-1,0,-1
2024161462371,2024,161462371,2,1,0,-1,19,1,5,-1,0,6,0,0,0,0,3,1,-1,6,1,37,7,-1,-1,-1,-1,3,E01013319,0,1
2024010512655,2024,010512655,1,1,9,99,99,9,9,99,99,9,9,99,9,99,2,1,2,2,1,25,5,-1,-1,-1,-1,4,E01001261,0,1
2024522401405,2024,522401405,2,23,0,18,19,1,5,0,0,8,0,0,0,0,1,1,6,6,1,20,4,-1,-1,-1,-1,-1,-1,0,-1
2024201443688,2024,201443688,1,11,0,-1,19,8,4,-1,9,1,0,10,1,0,4,1,-1,1,3,40,7,-1,-1,-1,-1,-1,-1,0,-1
2024122401108,2024,122401108,3,5,0,18,19,4,8,0,0,0,0,0,1,0,1,1,6,6,1,51,8,-1,-1,-1,-1,4,E01027779,0,4
2024010534721,2024,010534721,2,1,0,18,19,5,1,0,0,8,0,0,0,0,1,1,1,1,1,16,4,-1,-1,-1,-1,5,E01000567,0,3
2024131527194,2024,131527194,2,9,0,-1,19,5,1,-1,0,1,0,0,0,0,3,1,-1,1,1,46,8,-1,-1,-1,-1,8,E01007691,0,4
2024991480651,2024,991480651,1,9,0,-1,19,2,6,-1,0,0,2,0,7,11,1,1,-1,6,1,39,7,-1,-1,-1,-1,9,-1,0,4
2024610036024,2024,610036024,2,1,0,16,19,6,1,0,0,0,0,0,0,0,3,1,6,6,1,39,7,-1,-1,-1,-1,2,W01001333,0,1
2024010523137,2024,010523137,2,1,0,5,5,3,7,4,4,8,5,0,0,0,0,1,6,6,1,53,8,-1,-1,-1,-1,3,E01003288,0,1
2024131406709,2024,131406709,4,9,0,-1,3,1,5,-1,0,0,0,0,0,0,3,1,-1,2,1,36,7,-1,-1,-1,-1,1,E01010925,0,2
2024131448198,2024,131448198,2,1,0,-1,13,3,7,-1,0,1,5,0,0,0,1,1,-1,6,-1,-1,-1,-1,-1,-1,-1,-1,-1,0,-1
2024070181950,2024,070181950,1,9,0,18,19,8,4,0,0,8,0,0,0,0,1,1,6,6,1,38,7,-1,-1,-1,-1,7,W01000269,0,3
2024052401878,2024,052401878,1,1,0,16,19,2,6,0,0,0,0,0,0,0,1,1,6,6,3,-1,-1,-1,-1,-1,-1,-1,-1,0,-1
2024101464468,2024,101464468,1,9,0,-1,5,2,6,-1,0,1,0,0,0,0,4,1,-1,6,2,53,8,-1,-1,-1,-1,3,E01032648,0,1
2024052401776,2024,052401776,2,22,0,18,19,1,5,0,0,0,0,0,0,0,4,1,6,6,1,84,11,-1,-1,-1,-1,1,E01006567,0,1
2024631457875,2024,631457875,2,9,0,-1,19,-1,-1,-1,0,0,0,0,0,0,1,1,-1,1,1,-1,-1,-1,-1,-1,-1,2,W01000756,0,2
2024302401261,2024,302401261,2,1,0,4,4,7,3,0,0,0,0,0,1,10,0,1,6,6,1,61,9,-1,-1,-1,-1,7,E01019607,0,2
2024010537276,2024,010537276,2,1,0,13,13,5,1,9,9,8,5,0,0,0,1,1,6,6,1,24,5,-1,-1,-1,-1,1,E01002039,0,1
2024471467064,2024,471467064,2,1,0,-1,19,7,3,-1,9,2,0,0,0,0,0,1,-1,6,2,41,7,-1,-1,-1,-1,7,E01016913,0,1
2024211405645,2024,211405645,1,9,0,-1,13,8,3,-1,0,0,0,0,0,0,1,9,-1,6,2,58,9,-1,-1,-1,-1,4,E01029831,0,1
2024430327227,2024,430327227,1,1,0,9,9,7,5,0,0,8,0,0,0,0,1,1,1,1,1,42,7,-1,-1,-1,-1,4,E01035248,0,2
2024010487531,2024,010487531,1,4,0,99,99,9,9,99,99,9,9,99,9,99,2,1,2,2,1,33,6,-1,-1,-1,-1,2,E01009991,0,5
2024010494911,2024,010494911,1,9,0,99,99,9,9,99,99,9,9,99,9,99,1,9,6,6,1,31,6,-1,-1,-1,-1,3,E01004251,0,1
2024010530758,2024,010530758,2,1,9,99,99,9,9,99,99,9,9,99,9,99,9,1,6,6,3,-1,-1,-1,-1,-1,-1,4,E01000171,0,1
2024440124635,2024,440124635,1,9,0,18,19,2,6,0,0,0,1,0,2,4,1,1,6,6,1,25,5,-1,-1,-1,-1,10,E01022709,0,4
2024451418188,2024,451418188,2,1,0,-1,19,1,3,-1,0,2,0,0,0,0,1,1,-1,6,1,13,3,-1,-1,-1,-1,8,E01030988,0,1
2024341409940,2024,341409940,1,9,0,-1,19,3,7,-1,0,8,0,0,0,0,1,1,-1,6,1,47,8,-1,-1,-1,-1,2,E01009610,0,4
2024010496737,2024,010496737,2,9,0,99,99,9,9,99,99,9,9,99,9,99,9,9,6,6,3,-1,-1,-1,-1,-1,-1,-1,-1,0,-1
2024010521767,2024,010521767,1,1,9,99,99,9,9,99,99,9,9,99,9,99,1,1,2,2,1,44,7,-1,-1,-1,-1,9,E01004092,0,1
2024211421749,2024,211421749,1,9,0,-1,9,7,3,-1,0,2,0,0,0,0,1,1,-1,9,1,39,7,-1,-1,-1,-1,-1,-1,0,-1
2024201464799,2024,201464799,1,9,0,-1,1,3,7,-1,0,0,0,0,0,0,4,9,-1,6,2,40,7,-1,-1,-1,-1,-1,-1,0,-1
2024520401582,2024,520401582,2,9,0,18,19,2,5,0,0,1,0,0,0,0,1,1,6,6,2,35,6,-1,-1,-1,-1,4,E01035114,0,1
2024052402535,2024,052402535,1,9,0,18,19,1,5,0,0,0,0,0,0,0,1,1,6,6,1,19,4,-1,-1,-1,-1,1,E01007291,0,1
2024430233999,2024,430233999,2,9,0,18,19,3,7,0,0,4,0,0,0,0,1,1,6,6,1,-1,-1,-1,-1,-1,-1,-1,-1,0,-1
2024161500957,2024,161500957,1,9,0,-1,99,0,0,-1,0,0,0,0,0,0,1,9,-1,6,1,28,6,-1,-1,-1,-1,3,E01013133,0,1
2024201397151,2024,201397151,2,90,0,-1,19,6,2,-1,0,8,2,0,0,0,4,1,-1,2,1,36,7,-1,-1,-1,-1,3,E01009264,0,1
2024061471620,2024,061471620,1,5,0,-1,19,7,3,-1,0,0,0,0,0,0,1,1,-1,9,1,29,6,-1,-1,-1,-1,-1,-1,0,-1
2024332400433,2024,332400433,1,1,0,-1,19,5,1,-1,0,2,0,0,0,0,3,1,-1,2,1,50,8,-1,-1,-1,-1,8,E01025684,0,1
2024231431396,2024,231431396,1,1,0,-1,19,1,5,-1,0,0,0,0,0,0,1,1,-1,1,1,49,8,-1,-1,-1,-1,3,E01031008,0,2
2024401506465,2024,401506465,2,9,0,-1,19,1,6,-1,0,8,0,0,0,0,1,1,-1,6,3,-1,-1,-1,-1,-1,-1,-1,-1,0,-1
2024544093724,2024,544093724,2,1,0,18,19,5,1,0,0,0,0,0,0,0,2,1,6,6,2,49,8,-1,-1,-1,-1,2,E01033846,0,1
202460Q081426,2024,60Q081426,1,98,0,1,1,0,6,0,0,5,0,0,0,0,2,1,6,6,3,-1,-1,-1,-1,-1,-1,-1,-1,0,-1
2024041495947,2024,041495947,1,98,0,-1,19,5,1,-1,0,0,0,0,0,0,4,9,-1,6,3,-1,-1,-1,-1,-1,-1,-1,-1,0,-1
2024430065337,2024,430065337,2,9,0,2,2,0,0,0,0,0,0,0,0,0,2,1,1,1,1,49,8,-1,-1,-1,-1,5,E01016254,0,1
2024010522598,2024,010522598,1,22,0,18,19,2,6,4,4,0,0,0,0,0,0,1,6,6,1,75,10,-1,-1,-1,-1,3,E01003523,0,2
2024351469354,2024,351469354,2,1,-1,-1,-1,-1,-1,-1,-1,-1,-1,-1,-1,0,-1,1,-1,6,1,27,6,-1,-1,-1,-1,8,E01018242,0,2
2024401401732,2024,401401732,4,9,0,-1,19,5,1,-1,0,3,0,0,0,0,0,9,-1,1,1,34,6,-1,-1,-1,-1,3,E01017514,0,4
2024430079729,2024,430079729,1,9,0,18,19,8,4,0,0,1,0,0,0,0,1,1,6,6,1,41,7,-1,-1,-1,-1,9,E01035268,0,4
2024540740024,2024,540740024,2,1,0,5,5,4,8,0,0,8,0,0,0,0,3,1,6,6,1,63,9,-1,-1,-1,-1,9,E01032703,0,2
2024430161232,2024,430161232,1,9,0,4,4,5,1,0,0,0,0,0,0,0,1,1,6,6,2,44,7,-1,-1,-1,-1,7,E01030662,0,4
2024430449173,2024,430449173,2,9,0,18,19,8,4,0,0,0,0,0,0,0,1,1,6,6,1,-1,-1,-1,-1,-1,-1,-1,-1,0,-1
2024010527546,2024,010527546,1,1,9,99,99,9,9,99,99,9,9,99,9,99,1,1,6,6,1,-1,-1,-1,-1,-1,-1,-1,-1,0,-1
2024430024376,2024,430024376,2,9,0,18,19,8,4,0,0,1,0,0,0,0,1,1,6,6,2,-1,-1,-1,-1,-1,-1,-1,-1,0,-1
2024010490035,2024,010490035,2,9,0,99,99,9,9,0,0,0,0,0,0,0,9,9,6,6,2,58,9,-1,-1,-1,-1,9,E01004706,0,1
2024340WN5332,2024,340WN5332,2,9,0,-1,19,1,5,-1,0,0,0,0,0,0,3,1,-1,6,1,61,9,-1,-1,-1,-1,8,E01027217,0,3
2024101473930,2024,101473930,1,9,0,-1,19,2,6,-1,0,8,0,0,0,0,4,1,-1,6,1,-1,-1,-1,-1,-1,-1,-1,-1,0,-1
2024311499647,2024,311499647,2,1,0,-1,19,7,7,-1,5,0,5,0,0,0,1,1,-1,9,1,34,6,-1,-1,-1,-1,1,E01027976,0,1
2024041475208,2024,041475208,1,97,0,-1,19,7,3,-1,0,8,5,0,0,0,4,1,-1,1,1,59,9,-1,-1,-1,-1,7,E01025565,0,4
2024201428850,2024,201428850,2,1,0,-1,19,2,6,-1,9,8,0,0,0,0,3,1,-1,2,1,38,7,-1,-1,-1,-1,3,E01009656,0,1
2024010540571,2024,010540571,1,9,0,5,5,9,9,99,99,9,9,99,9,99,1,9,6,6,3,-1,-1,-1,-1,-1,-1,6,E01003030,0,1
2024371445066,2024,371445066,1,9,0,-1,19,7,3,-1,0,0,1,0,0,0,1,1,-1,2,2,38,7,-1,-1,-1,-1,7,E01033449,0,1
2024552400277,2024,552400277,2,1,0,9,9,8,7,0,0,5,0,0,0,0,3,1,6,6,1,39,7,-1,-1,-1,-1,6,E01020586,0,1
2024552400336,2024,552400336,2,1,0,18,19,5,1,0,0,8,0,0,0,0,4,1,6,6,1,57,9,-1,-1,-1,-1,10,E01032032,0,4
2024010495514,2024,010495514,2,9,0,18,19,1,5,0,0,0,0,99,0,0,9,1,6,6,1,-1,-1,-1,-1,-1,-1,-1,-1,0,-1
2024070885851,2024,070885851,1,9,0,-1,4,7,3,-1,0,0,0,0,0,0,1,1,-1,1,1,25,5,-1,-1,-1,-1,5,E01006593,0,4
2024161404205,2024,161404205,1,9,0,-1,19,6,2,-1,0,2,0,0,0,0,1,9,-1,6,3,-1,-1,-1,-1,-1,-1,-1,-1,0,-1
2024122400111,2024,122400111,2,9,0,18,19,8,4,0,0,1,0,0,0,0,1,1,2,2,1,34,6,-1,-1,-1,-1,7,E01027680,0,1
2024501498770,2024,501498770,1,9,0,-1,4,3,7,-1,0,0,0,0,0,0,1,1,-1,9,2,58,9,-1,-1,-1,-1,7,E01019920,0,3
2024351543094,2024,351543094,2,9,0,-1,19,4,8,-1,0,8,0,0,0,0,1,1,-1,1,1,44,7,-1,-1,-1,-1,6,E01018110,0,4
2024421482089,2024,421482089,1,9,0,-1,19,1,5,-1,0,0,0,0,0,0,4,9,-1,6,2,-1,-1,-1,-1,-1,-1,-1,-1,0,-1