collision_index,collision_year,collision_ref_no,vehicle_reference,vehicle_type,towing_and_articulation,vehicle_manoeuvre_historic,vehicle_manoeuvre,vehicle_direction_from,vehicle_direction_to,vehicle_location_restricted_lane_historic,vehicle_location_restricted_lane,junction_location,skidding_and_overturning,hit_object_in_carriageway,vehicle_leaving_carriageway,hit_object_off_carriageway,first_point_of_impact,vehicle_left_hand_drive,journey_purpose_of_driver_historic,journey_purpose_of_driver,sex_of_driver,age_of_driver,age_band_of_driver,engine_capacity_cc,propulsion_code,age_of_vehicle,generic_make_model,driver_imd_decile,lsoa_of_driver,escooter_flag,driver_distance_banding
2024101499052,2024,101499052,1,9,0,-1,14,7,3,-1,0,0,0,0,0,0,4,1,-1,6,3,20,4,-1,-1,-1,-1,-1,-1,0,-1
2024311416378,2024,311416378,1,9,0,-1,19,1,5,-1,-1,0,1,0,1,10,1,1,-1,6,1,28,6,-1,-1,-1,-1,9,E01007610,0,3
2024522500025,2024,522500025,2,9,0,6,6,8,8,0,0,1,0,0,0,0,3,1,6,6,3,-1,-1,-1,-1,-1,-1,-1,-1,0,-1
2024010544463,2024,010544463,1,1,0,18,19,5,1,4,4,1,0,0,0,0,4,1,6,6,1,16,4,-1,-1,-1,-1,3,E01003922,0,1
2024991478479,2024,991478479,1,98,0,-1,19,2,6,-1,0,0,1,0,0,0,1,1,-1,6,1,63,9,-1,-1,-1,-1,-1,-1,0,-1
2024052402516,2024,052402516,1,9,0,5,5,1,5,0,0,0,0,0,0,0,4,1,6,6,1,-1,-1,-1,-1,-1,-1,9,E01007068,0,3
2024010495453,2024,010495453,1,1,0,18,19,3,7,0,0,8,0,0,0,0,1,1,6,6,1,37,7,-1,-1,-1,-1,7,E01001160,0,1
2024201491909,2024,201491909,1,9,0,-1,19,3,7,-1,0,1,0,0,0,0,0,1,-1,6,2,-1,-1,-1,-1,-1,-1,-1,-1,0,-1
2024332400094,2024,332400094,1,9,0,-1,19,5,1,-1,0,0,0,0,0,0,2,1,-1,1,3,-1,-1,-1,-1,-1,-1,-1,-1,0,-1
2024010529017,2024,010529017,2,19,0,99,99,9,9,99,99,9,9,99,9,99,9,9,6,6,3,-1,-1,-1,-1,-1,-1,-1,-1,0,-1
2024501515973,2024,501515973,2,98,0,-1,19,4,8,-1,0,0,1,0,0,0,1,2,-1,9,1,28,6,-1,-1,-1,-1,3,E01034484,0,5
2024010496823,2024,010496823,2,9,0,18,19,5,1,0,0,8,0,0,0,0,3,1,6,6,1,20,4,-1,-1,-1,-1,4,E01004411,0,2
2024471480843,2024,471480843,2,1,0,-1,19,1,5,-1,0,6,0,0,0,0,1,1,-1,9,1,12,3,-1,-1,-1,-1,6,E01031817,0,1
2024061397873,2024,061397873,2,1,0,-1,19,1,5,-1,0,8,0,0,0,0,3,1,-1,2,1,47,8,-1,-1,-1,-1,1,E01005272,0,1
2024201436510,2024,201436510,1,9,0,-1,14,1,5,-1,0,0,0,0,0,0,1,1,-1,6,3,-1,-1,-1,-1,-1,-1,-1,-1,0,-1
2024302400089,2024,302400089,1,8,0,7,7,6,1,0,0,5,0,0,0,0,1,1,6,6,3,-1,-1,-1,-1,-1,-1,5,E01019456,0,3
2024141508142,2024,141508142,1,97,0,-1,19,1,1,-1,9,0,0,0,1,0,1,1,-1,9,2,15,3,-1,-1,-1,-1,4,E01007478,0,3
2024211515796,2024,211515796,1,1,0,-1,19,3,3,-1,9,0,0,0,0,0,1,1,-1,6,1,30,6,-1,-1,-1,-1,-1,-1,0,-1
2024052400257,2024,052400257,2,1,0,18,19,5,1,0,0,1,0,0,0,0,2,1,6,6,1,16,4,-1,-1,-1,-1,5,E01006557,0,1
2024010524013,2024,010524013,2,1,0,18,19,1,5,0,0,1,0,4,0,0,1,1,6,6,1,23,5,-1,-1,-1,-1,6,E01002792,0,1
2024451409447,2024,451409447,2,9,0,-1,19,7,3,-1,0,0,0,0,0,0,0,1,-1,6,1,26,6,-1,-1,-1,-1,4,E01023146,0,1
2024201430918,2024,201430918,1,9,0,-1,19,3,7,-1,0,0,0,0,0,0,4,9,-1,6,3,50,8,-1,-1,-1,-1,-1,-1,0,-1
2024052401709,2024,052401709,2,5,0,18,19,8,4,0,0,8,1,0,0,0,3,1,6,6,1,36,7,-1,-1,-1,-1,9,E01012563,0,2
2024010544911,2024,010544911,2,9,0,99,99,9,9,99,99,9,9,99,9,99,1,9,6,6,3,-1,-1,-1,-1,-1,-1,-1,-1,0,-1
2024361431674,2024,361431674,1,3,0,-1,19,4,8,-1,0,1,5,0,0,0,1,1,-1,9,1,17,4,-1,-1,-1,-1,10,E01026860,0,1
2024401414603,2024,401414603,2,1,0,-1,5,1,5,-1,0,0,0,0,0,0,1,1,-1,6,1,73,10,-1,-1,-1,-1,6,E01032964,0,4
2024231413553,2024,231413553,1,9,0,-1,19,6,4,-1,0,0,0,0,0,0,1,1,-1,2,1,49,8,-1,-1,-1,-1,5,E01031056,0,3
2024141534928,2024,141534928,1,97,0,-1,19,1,5,-1,0,1,0,0,0,0,4,1,-1,6,1,14,3,-1,-1,-1,-1,1,E01007775,0,2
2024010504291,2024,010504291,1,1,9,99,99,9,9,4,4,9,9,99,9,99,1,1,2,2,1,39,7,-1,-1,-1,-1,6,E01002801,0,2
2024631494243,2024,631494243,1,9,0,-1,19,7,3,-1,0,8,0,0,0,0,4,1,-1,6,1,34,6,-1,-1,-1,-1,8,W01000649,0,4
2024991463991,2024,991463991,1,1,0,-1,7,6,8,-1,0,3,2,0,0,0,0,1,-1,9,1,60,9,-1,-1,-1,-1,-1,-1,0,-1
2024010496827,2024,010496827,2,9,0,3,3,3,7,0,0,1,0,0,0,0,1,1,2,2,1,41,7,-1,-1,-1,-1,8,E01021931,0,4
2024101394971,2024,101394971,1,9,-1,-1,13,1,4,-1,0,0,0,0,0,0,4,9,-1,6,1,-1,-1,-1,-1,-1,-1,-1,-1,0,-1
2024471457345,2024,471457345,1,9,0,-1,7,6,8,-1,0,2,5,0,7,9,3,1,-1,9,2,48,8,-1,-1,-1,-1,7,E01022589,0,1
2024201452587,2024,201452587,1,9,0,-1,9,4,1,-1,0,6,0,0,0,0,1,9,-1,6,1,45,7,-1,-1,-1,-1,-1,-1,0,-1
2024451433954,2024,451433954,1,1,0,-1,19,1,4,-1,0,0,0,0,0,0,1,1,-1,6,1,31,6,-1,-1,-1,-1,10,E01030417,0,1
2024061453371,2024,061453371,1,3,0,-1,7,8,2,-1,0,1,1,10,7,0,3,1,-1,6,1,27,6,-1,-1,-1,-1,2,E01006359,0,1
2024371439581,2024,371439581,2,9,0,-1,19,7,3,-1,0,1,0,0,0,0,4,2,-1,9,1,17,4,-1,-1,-1,-1,4,E01003492,0,5
2024361525385,2024,361525385,1,1,0,-1,-1,-1,-1,-1,0,-1,0,0,0,0,1,1,-1,9,1,-1,-1,-1,-1,-1,-1,2,E01026865,0,1
2024471430240,2024,471430240,1,-1,0,-1,19,1,5,-1,0,4,0,0,1,0,1,1,-1,6,2,39,7,-1,-1,-1,-1,1,E01020920,1,1
2024010491233,2024,010491233,1,3,0,99,99,9,9,99,99,9,9,99,9,99,1,1,1,1,1,-1,-1,-1,-1,-1,-1,7,E01002121,0,2
2024440314795,2024,440314795,2,1,0,17,19,8,5,0,0,2,0,0,0,0,1,1,6,6,1,-1,-1,-1,-1,-1,-1,-1,-1,0,-1
2024622400585,2024,622400585,1,9,0,9,9,8,7,0,0,5,0,0,0,0,1,1,6,6,3,-1,-1,-1,-1,-1,-1,-1,-1,0,-1
2024010494321,2024,010494321,1,3,9,99,99,9,9,99,99,9,9,99,9,99,9,1,6,6,3,29,6,-1,-1,-1,-1,3,E01001676,0,1
2024010496408,2024,010496408,1,9,0,4,4,3,7,0,0,2,0,0,0,0,1,1,1,1,1,44,7,-1,-1,-1,-1,5,E01001265,0,1
2024010546703,2024,010546703,1,9,9,99,99,9,9,99,99,9,9,99,9,99,9,9,6,6,1,41,7,-1,-1,-1,-1,3,E01002345,0,3
2024522402642,2024,522402642,1,9,0,18,19,8,4,0,0,0,1,0,7,0,1,1,6,6,1,83,11,-1,-1,-1,-1,10,E01014798,0,1
2024522401252,2024,522401252,2,1,0,18,19,5,1,0,0,8,0,0,0,0,4,1,6,6,1,59,9,-1,-1,-1,-1,4,E01014983,0,1
2024231534310,2024,231534310,1,9,0,-1,19,6,2,-1,0,8,0,0,1,11,1,1,-1,9,1,28,6,-1,-1,-1,-1,7,E01031068,0,2
2024010489898,2024,010489898,2,9,0,9,9,4,1,0,0,8,0,0,0,0,1,1,3,7,2,33,6,-1,-1,-1,-1,10,E01004117,0,1
2024131505250,2024,131505250,4,1,0,-1,19,7,3,-1,9,8,0,0,0,0,0,1,-1,9,1,11,3,-1,-1,-1,-1,5,E01011202,0,1
2024010551736,2024,010551736,2,1,9,99,99,9,9,99,99,9,9,99,9,99,1,1,6,6,2,-1,-1,-1,-1,-1,-1,-1,-1,0,-1
2024010490664,2024,010490664,2,1,0,18,19,3,7,5,5,8,5,0,0,0,1,1,2,2,2,24,5,-1,-1,-1,-1,4,E01004031,0,1
2024461508471,2024,461508471,1,97,0,-1,19,7,3,-1,0,0,0,0,0,0,1,1,-1,6,3,-1,-1,-1,-1,-1,-1,-1,-1,0,-1
2024010494592,2024,010494592,2,9,0,18,19,1,5,0,0,1,0,0,0,0,1,1,6,6,3,-1,-1,-1,-1,-1,-1,-1,-1,0,-1
2024010534745,2024,010534745,2,9,9,99,99,9,9,99,99,9,9,99,9,99,9,9,6,6,3,-1,-1,-1,-1,-1,-1,-1,-1,0,-1
2024161448247,2024,161448247,2,9,0,-1,19,5,1,-1,0,0,0,0,0,0,3,1,-1,6,3,-1,-1,-1,-1,-1,-1,-1,-1,0,-1
2024351524753,2024,351524753,1,-1,-1,-1,-1,-1,-1,-1,-1,-1,-1,-1,-1,0,-1,9,-1,6,1,-1,-1,-1,-1,-1,-1,-1,-1,1,-1
2024010494047,2024,010494047,1,9,0,99,99,9,9,99,99,9,9,99,9,99,3,9,2,2,2,50,8,-1,-1,-1,-1,2,E01002100,0,1
2024440374316,2024,440374316,1,-1,0,18,19,1,5,0,0,8,0,0,0,0,1,1,6,6,2,14,3,-1,-1,-1,-1,3,E01017225,1,1
2024440464081,2024,440464081,2,9,0,16,19,8,4,0,0,2,0,0,0,0,1,1,6,6,1,-1,-1,-1,-1,-1,-1,-1,-1,0,-1
2024010510643,2024,010510643,1,1,9,99,99,9,9,99,99,9,9,99,9,99,9,1,4,7,1,14,3,-1,-1,-1,-1,2,E01001320,0,1
2024010551793,2024,010551793,1,3,0,-1,-1,4,8,0,0,0,0,0,0,0,1,1,1,1,1,37,7,-1,-1,-1,-1,6,E01003163,0,1
2024070498338,2024,070498338,1,9,0,18,19,6,2,0,0,0,0,0,0,0,0,1,6,6,3,-1,-1,-1,-1,-1,-1,-1,-1,0,-1
2024451477350,2024,451477350,2,9,9,-1,4,5,4,-1,99,6,0,0,0,0,4,1,-1,6,1,50,8,-1,-1,-1,-1,-1,-1,0,-1
2024991401149,2024,991401149,1,19,0,-1,19,6,2,-1,0,1,0,0,7,0,1,1,-1,1,1,37,7,-1,-1,-1,-1,9,-1,0,1
2024010541613,2024,010541613,2,9,0,99,99,9,9,99,99,9,9,99,9,99,1,9,6,6,3,-1,-1,-1,-1,-1,-1,-1,-1,0,-1
2024440370489,2024,440370489,1,-1,0,18,19,3,7,0,0,8,0,0,0,0,1,1,6,6,2,36,7,-1,-1,-1,-1,3,E01017099,1,1
2024201425538,2024,201425538,1,9,0,-1,19,8,4,-1,0,0,0,0,0,0,1,1,-1,6,2,35,6,-1,-1,-1,-1,-1,-1,0,-1
2024131515241,2024,131515241,2,1,0,-1,19,4,6,-1,0,1,0,0,0,0,3,1,-1,6,1,32,6,-1,-1,-1,-1,1,E01011625,0,1
2024421409662,2024,421409662,1,9,0,-1,-1,-1,-1,-1,-1,0,-1,-1,-1,0,-1,9,-1,6,3,-1,-1,-1,-1,-1,-1,-1,-1,0,-1
2024371479038,2024,371479038,1,19,0,-1,19,5,1,-1,0,0,0,0,0,0,4,1,-1,6,3,50,8,-1,-1,-1,-1,-1,-1,0,-1
2024302400144,2024,302400144,2,1,0,18,19,6,2,0,0,1,0,0,0,0,4,1,6,6,1,37,7,-1,-1,-1,-1,3,E01013502,0,1
2024421494873,2024,421494873,1,-1,0,-1,19,3,7,-1,0,0,0,0,0,0,3,1,-1,9,1,57,9,-1,-1,-1,-1,3,E01022037,1,1
2024010522060,2024,010522060,2,9,0,99,99,9,9,99,99,9,9,99,9,99,9,9,6,6,3,-1,-1,-1,-1,-1,-1,-1,-1,0,-1
2024101486221,2024,101486221,1,9,0,-1,9,8,4,-1,0,2,0,0,0,0,1,9,-1,6,1,-1,-1,-1,-1,-1,-1,-1,-1,0,-1
2024371491969,2024,371491969,1,9,-1,-1,-1,-1,-1,-1,-1,-1,-1,-1,-1,0,-1,9,-1,6,3,-1,-1,-1,-1,-1,-1,-1,-1,0,-1
202417H104324,2024,17H104324,2,23,0,-1,19,2,6,-1,0,8,0,0,0,0,1,1,-1,9,1,19,4,-1,-1,-1,-1,6,E01020794,0,3
2024122400828,2024,122400828,1,9,0,18,19,6,4,0,0,0,0,0,0,0,1,1,6,6,3,-1,-1,-1,-1,-1,-1,-1,-1,0,-1
2024440520877,2024,440520877,2,9,0,18,19,4,8,0,0,8,0,0,0,0,1,1,6,6,1,31,6,-1,-1,-1,-1,8,E01023195,0,3
2024471487698,2024,471487698,2,98,0,-1,3,3,7,-1,0,0,0,0,0,0,0,1,-1,6,3,-1,-1,-1,-1,-1,-1,-1,-1,0,-1
2024070360722,2024,070360722,1,9,0,18,19,6,2,0,0,0,1,0,0,0,1,2,6,6,1,24,5,-1,-1,-1,-1,4,E01018726,0,2
2024430162789,2024,430162789,1,9,0,5,5,9,9,0,0,0,0,0,0,0,1,2,6,6,1,32,6,-1,-1,-1,-1,-1,-1,0,-1
2024061513252,2024,061513252,1,1,0,-1,7,-1,-1,-1,0,2,0,0,0,0,3,1,-1,2,1,31,6,-1,-1,-1,-1,10,E01033998,0,1
2024010526992,2024,010526992,2,9,0,99,99,9,9,99,99,9,9,99,9,99,1,9,6,6,3,27,6,-1,-1,-1,-1,7,E01002222,0,2
2024010493582,2024,010493582,1,9,0,18,19,5,1,0,0,4,0,0,0,0,1,1,6,6,1,-1,-1,-1,-1,-1,-1,8,E01016138,0,4
2024041516923,2024,041516923,2,9,0,-1,19,8,4,-1,0,0,1,0,1,9,1,1,-1,2,2,23,5,-1,-1,-1,-1,6,E01025585,0,3
2024201512767,2024,201512767,1,9,0,-1,19,8,4,-1,0,8,0,0,0,0,1,9,-1,6,2,36,7,-1,-1,-1,-1,-1,-1,0,-1
2024010493352,2024,010493352,2,9,0,4,4,5,1,0,0,3,0,0,0,0,2,1,6,6,1,47,8,-1,-1,-1,-1,6,E01002422,0,1
2024010498793,2024,010498793,1,1,0,18,19,3,7,0,0,0,5,4,0,0,1,1,6,6,1,70,10,-1,-1,-1,-1,7,E01004605,0,1
2024010519524,2024,010519524,2,1,0,15,15,4,8,4,4,8,0,0,0,0,1,1,2,2,1,31,6,-1,-1,-1,-1,9,E01030389,0,1
2024010493978,2024,010493978,1,1,0,18,19,5,1,0,0,1,0,0,0,0,3,1,6,6,1,33,6,-1,-1,-1,-1,3,E01003229,0,1
2024131468889,2024,131468889,1,9,0,-1,-1,-1,-1,-1,-1,0,-1,-1,-1,0,-1,1,-1,6,3,-1,-1,-1,-1,-1,-1,-1,-1,0,-1
2024010507452,2024,010507452,1,23,0,18,19,3,7,0,0,6,0,0,3,0,1,1,6,6,3,-1,-1,-1,-1,-1,-1,-1,-1,0,-1
2024371526595,2024,371526595,3,97,0,-1,19,5,1,-1,0,0,1,0,0,0,1,1,-1,6,1,19,4,-1,-1,-1,-1,5,E01030165,0,3
2024010510893,2024,010510893,1,90,0,99,99,9,9,99,99,9,9,99,9,99,1,9,1,1,1,28,6,-1,-1,-1,-1,5,E01003342,0,2
2024010535437,2024,010535437,1,9,0,16,19,7,1,0,0,2,0,0,0,0,1,1,6,6,3,-1,-1,-1,-1,-1,-1,-1,-1,0,-1
2024010521421,2024,010521421,2,1,0,18,19,1,5,0,0,8,0,0,0,0,2,1,6,6,1,48,8,-1,-1,-1,-1,3,E01001725,0,1
2024201530035,2024,201530035,1,8,0,-1,19,6,2,-1,0,0,0,0,0,0,1,1,-1,6,3,-1,-1,-1,-1,-1,-1,-1,-1,0,-1
2024371443050,2024,371443050,1,9,0,-1,19,7,3,-1,0,0,0,0,0,0,1,9,-1,6,3,-1,-1,-1,-1,-1,-1,-1,-1,0,-1
2024131504616,2024,131504616,2,9,0,-1,19,1,5,-1,0,8,0,0,0,0,1,1,-1,9,1,31,6,-1,-1,-1,-1,7,E01010968,0,1
2024010523402,2024,010523402,1,1,9,99,99,9,9,99,99,9,9,99,9,99,9,1,2,2,2,47,8,-1,-1,-1,-1,5,E01001393,0,1
2024101447995,2024,101447995,1,9,0,-1,7,8,5,-1,0,8,0,0,0,0,1,1,-1,6,2,-1,-1,-1,-1,-1,-1,-1,-1,0,-1
2024161478001,2024,161478001,2,1,0,-1,7,1,3,-1,4,8,0,0,0,0,1,1,-1,6,2,34,6,-1,-1,-1,-1,2,E01033109,0,1
2024371419484,2024,371419484,1,9,0,-1,15,-1,-1,-1,0,1,0,0,0,0,4,1,-1,6,3,-1,-1,-1,-1,-1,-1,-1,-1,0,-1
2024201465495,2024,201465495,1,1,0,-1,19,2,6,-1,0,6,0,0,0,0,1,1,-1,2,1,20,4,-1,-1,-1,-1,1,E01010400,0,1
2024161479437,2024,161479437,3,5,0,-1,13,5,1,-1,0,0,1,0,0,0,4,1,-1,6,1,69,10,-1,-1,-1,-1,10,E01013089,0,2
2024401435635,2024,401435635,2,1,0,-1,19,3,7,-1,0,0,5,0,0,0,1,1,-1,6,1,14,3,-1,-1,-1,-1,3,E01017493,0,1
2024010507698,2024,010507698,1,1,9,99,99,9,9,99,99,9,9,99,9,99,1,1,2,2,1,28,6,-1,-1,-1,-1,7,E01001866,0,1
2024548425524,2024,548425524,2,9,0,4,4,8,4,0,0,0,0,0,0,0,2,1,6,6,2,38,7,-1,-1,-1,-1,4,E01031980,0,1
2024010487238,2024,010487238,2,19,0,18,19,5,1,0,0,8,0,0,0,0,1,1,6,6,1,49,8,-1,-1,-1,-1,1,E01001517,0,1
2024531413709,2024,531413709,2,9,0,-1,19,3,7,-1,0,1,0,0,0,0,1,1,-1,2,1,28,6,-1,-1,-1,-1,-1,-1,0,-1
2024440207456,2024,440207456,2,1,0,18,19,6,2,0,0,0,0,0,0,0,1,1,6,6,1,19,4,-1,-1,-1,-1,8,E01023253,0,1
2024010529400,2024,010529400,2,1,9,99,99,9,9,99,99,9,9,99,9,99,1,1,2,2,1,29,6,-1,-1,-1,-1,9,E01030639,0,3
2024010518619,2024,010518619,2,9,0,99,99,9,9,99,99,9,9,99,9,99,1,9,6,6,3,-1,-1,-1,-1,-1,-1,-1,-1,0,-1
2024430561962,2024,430561962,2,21,0,2,2,0,0,6,6,0,0,0,0,0,2,1,1,1,1,27,6,-1,-1,-1,-1,10,E01027268,0,4
2024430417819,2024,430417819,1,9,0,9,9,8,6,0,0,5,0,0,0,0,4,1,6,6,1,48,8,-1,-1,-1,-1,6,E01028530,0,1
2024430508319,2024,430508319,1,9,0,18,19,1,5,0,0,6,0,0,0,0,4,1,6,6,3,-1,-1,-1,-1,-1,-1,-1,-1,0,-1
2024991496897,2024,991496897,2,1,0,-1,14,3,7,-1,0,0,2,8,0,0,1,1,-1,6,1,71,10,-1,-1,-1,-1,-1,-1,0,-1
2024041483182,2024,041483182,1,9,0,-1,19,-1,-1,-1,0,1,0,0,0,0,-1,9,-1,6,3,-1,-1,-1,-1,-1,-1,-1,-1,0,-1
2024320730955,2024,320730955,2,1,0,-1,-1,7,3,9,9,8,5,0,0,0,1,1,-1,-1,1,20,4,-1,-1,-1,-1,6,E01026135,0,1
202460Q104866,2024,60Q104866,1,9,0,10,10,3,1,0,0,6,0,0,0,0,1,1,6,6,2,61,9,-1,-1,-1,-1,-1,-1,0,-1
2024131441227,2024,131441227,2,1,0,-1,19,1,5,-1,5,8,0,0,0,0,1,1,-1,9,2,49,8,-1,-1,-1,-1,5,E01010788,0,1
2024461415772,2024,461415772,2,1,0,-1,19,-1,-1,-1,0,1,0,0,0,0,1,1,-1,6,1,17,4,-1,-1,-1,-1,-1,-1,0,-1
2024041444491,2024,041444491,1,9,0,-1,9,7,3,-1,0,1,0,0,0,0,1,1,-1,9,2,31,6,-1,-1,-1,-1,1,E01012595,0,3
2024501472620,2024,501472620,1,10,0,-1,19,5,1,-1,0,0,5,0,0,0,4,1,-1,6,1,53,8,-1,-1,-1,-1,6,E01019060,0,1
2024430027777,2024,430027777,2,9,0,18,19,2,6,0,0,8,0,0,0,0,1,1,6,6,1,29,6,-1,-1,-1,-1,7,E01022880,0,3
2024010496398,2024,010496398,1,3,9,99,99,9,9,99,99,9,9,99,9,99,9,1,1,1,1,30,6,-1,-1,-1,-1,1,E01003517,0,3
2024430019284,2024,430019284,1,3,0,9,9,1,8,0,0,8,0,0,0,0,4,1,2,2,1,30,6,-1,-1,-1,-1,-1,-1,0,-1
2024430498509,2024,430498509,1,9,0,18,19,4,8,0,0,2,0,0,0,0,3,1,6,6,1,-1,-1,-1,-1,-1,-1,-1,-1,0,-1
2024471495880,2024,471495880,1,1,0,-1,19,5,1,-1,0,0,1,0,0,0,3,1,-1,9,1,53,8,-1,-1,-1,-1,5,E01031480,0,2
2024010489314,2024,010489314,2,9,9,99,99,9,9,99,99,9,9,99,9,99,9,9,6,6,3,-1,-1,-1,-1,-1,-1,-1,-1,0,-1
2024471406952,2024,471406952,3,9,-1,-1,10,6,3,-1,0,0,0,0,0,0,0,9,-1,6,3,-1,-1,-1,-1,-1,-1,-1,-1,0,-1
2024010493963,2024,010493963,2,1,0,18,19,1,5,1,1,1,0,0,0,0,1,1,6,6,1,45,7,-1,-1,-1,-1,2,E01002782,0,1
2024101444728,2024,101444728,2,1,0,-1,19,3,7,-1,0,8,0,0,0,0,1,1,-1,9,1,9,2,-1,-1,-1,-1,2,E01008756,0,1
2024610018124,2024,610018124,1,4,0,13,13,7,3,0,0,0,0,0,0,0,1,1,6,6,1,31,6,-1,-1,-1,-1,10,W01001819,0,2
2024010493237,2024,010493237,1,9,0,99,99,9,9,99,99,9,9,99,9,99,9,9,6,6,1,19,4,-1,-1,-1,-1,5,E01031249,0,5
2024461448558,2024,461448558,2,9,0,-1,19,1,1,-1,0,0,0,0,0,0,2,1,-1,2,1,31,6,-1,-1,-1,-1,5,E01024319,0,2
2024161424493,2024,161424493,1,-1,0,-1,19,3,7,-1,4,0,0,0,0,0,1,1,-1,6,1,44,7,-1,-1,-1,-1,1,E01012864,1,1
2024010489994,2024,010489994,1,1,9,99,99,9,9,99,99,1,9,99,9,99,9,1,2,2,1,40,7,-1,-1,-1,-1,4,E01003537,0,3
2024411510043,2024,411510043,3,21,1,-1,19,7,3,-1,0,0,0,0,0,0,1,2,-1,1,1,47,8,-1,-1,-1,-1,-1,-1,0,-1
2024010511083,2024,010511083,1,9,0,18,19,1,5,0,0,1,0,0,0,0,4,1,6,6,3,-1,-1,-1,-1,-1,-1,-1,-1,0,-1
2024010510958,2024,010510958,1,9,0,99,99,9,9,99,99,9,9,99,9,99,2,9,6,6,2,52,8,-1,-1,-1,-1,8,E01002922,0,1
2024610027624,2024,610027624,1,9,0,18,19,3,7,0,0,3,1,0,0,0,4,1,6,6,1,31,6,-1,-1,-1,-1,2,W01001506,0,2
2024451429759,2024,451429759,1,1,0,-1,19,5,4,-1,0,1,0,0,0,0,1,1,-1,6,1,29,6,-1,-1,-1,-1,10,E01030419,0,1
2024991507039,2024,991507039,1,19,0,-1,15,7,3,-1,0,1,0,0,0,0,4,9,-1,6,3,-1,-1,-1,-1,-1,-1,-1,-1,0,-1
2024991531662,2024,991531662,1,9,0,-1,19,4,8,-1,0,0,0,10,2,0,1,1,-1,9,1,59,9,-1,-1,-1,-1,1,-1,0,1
2024332401014,2024,332401014,2,1,0,-1,19,1,5,-1,0,8,0,0,0,0,2,1,-1,6,1,63,9,-1,-1,-1,-1,4,E01013715,0,1
2024061532581,2024,061532581,2,1,0,-1,19,5,1,-1,0,1,0,0,0,0,1,1,-1,9,1,66,10,-1,-1,-1,-1,4,E01005446,0,1
2024010491155,2024,010491155,1,19,0,99,99,9,9,99,99,0,9,99,9,99,9,9,2,2,1,31,6,-1,-1,-1,-1,5,E01003743,0,1
2024061454196,2024,061454196,1,9,-1,-1,-1,-1,-1,-1,-1,-1,-1,-1,-1,0,-1,9,-1,6,3,-1,-1,-1,-1,-1,-1,-1,-1,0,-1
2024010487556,2024,010487556,2,9,9,99,99,9,9,99,99,9,9,99,9,99,2,9,6,6,3,-1,-1,-1,-1,-1,-1,-1,-1,0,-1
2024522403368,2024,522403368,1,9,0,18,19,7,3,0,0,0,0,0,0,0,1,1,6,6,3,-1,-1,-1,-1,-1,-1,-1,-1,0,-1
202460Q152339,2024,60Q152339,2,1,0,18,19,5,1,0,0,0,0,0,0,0,1,1,6,6,2,18,4,-1,-1,-1,-1,-1,-1,0,-1
2024201475635,2024,201475635,3,9,0,-1,4,4,8,-1,0,1,0,0,0,0,0,9,-1,6,1,41,7,-1,-1,-1,-1,1,E01009310,0,1
2024302401574,2024,302401574,2,9,0,18,19,5,1,0,0,0,0,0,0,0,1,1,2,2,1,50,8,-1,-1,-1,-1,7,E01005367,0,4
2024991497375,2024,991497375,1,9,0,-1,19,2,6,-1,0,0,0,0,0,0,1,2,-1,2,1,37,7,-1,-1,-1,-1,1,-1,0,4
2024421482480,2024,421482480,2,1,0,-1,19,1,7,-1,0,1,2,0,0,0,1,1,-1,6,1,20,4,-1,-1,-1,-1,3,E01021864,0,1
2024010516983,2024,010516983,2,3,0,13,13,5,1,0,0,1,0,0,0,0,0,1,6,6,1,27,6,-1,-1,-1,-1,3,E01000331,0,1
2024161510431,2024,161510431,2,9,0,-1,19,5,1,-1,0,2,0,0,0,0,1,1,-1,1,1,28,6,-1,-1,-1,-1,3,E01013319,0,1
2024201451410,2024,201451410,2,1,0,-1,19,1,5,-1,0,0,0,0,0,0,4,1,-1,6,1,52,8,-1,-1,-1,-1,2,E01009282,0,2
2024311453229,2024,311453229,2,9,0,-1,19,2,6,-1,0,1,0,0,0,0,1,1,-1,6,3,30,6,-1,-1,-1,-1,-1,-1,0,-1
2024340WN5292,2024,340WN5292,2,9,0,-1,1,3,7,-1,0,0,0,0,0,0,2,1,-1,6,3,-1,-1,-1,-1,-1,-1,-1,-1,0,-1
2024430481161,2024,430481161,2,9,0,18,19,4,8,0,0,0,0,0,0,0,2,1,6,6,1,-1,-1,-1,-1,-1,-1,8,E01028807,0,4
2024411401612,2024,411401612,2,9,0,-1,19,1,5,-1,0,0,0,0,0,0,1,1,-1,6,1,23,5,-1,-1,-1,-1,7,E01023351,0,1
2024461417893,2024,461417893,2,9,0,-1,2,0,0,-1,0,1,1,0,0,0,2,1,-1,6,-1,-1,-1,-1,-1,-1,-1,-1,-1,0,-1
2024421467503,2024,421467503,2,1,0,-1,12,6,2,-1,0,1,0,0,0,0,4,1,-1,9,1,13,3,-1,-1,-1,-1,1,E01022031,0,1
2024010547897,2024,010547897,2,1,9,99,99,9,9,99,99,9,9,99,9,99,2,1,6,6,2,-1,-1,-1,-1,-1,-1,-1,-1,0,-1
2024361439465,2024,361439465,1,9,0,-1,19,4,8,-1,0,0,0,7,0,0,1,1,-1,2,1,21,5,-1,-1,-1,-1,7,E01026748,0,4
2024522403241,2024,522403241,1,8,0,99,99,9,9,0,0,8,0,0,0,0,1,1,1,1,3,-1,-1,-1,-1,-1,-1,-1,-1,0,-1
2024101419591,2024,101419591,1,11,0,-1,4,6,2,-1,0,1,0,0,0,0,4,1,-1,1,1,50,8,-1,-1,-1,-1,1,E01008300,0,4
2024161538816,2024,161538816,2,9,0,-1,19,6,2,-1,0,0,0,0,0,0,0,9,-1,6,3,-1,-1,-1,-1,-1,-1,-1,-1,0,-1
2024061499643,2024,061499643,2,8,0,-1,19,-1,-1,-1,0,1,0,99,0,0,1,1,-1,6,1,-1,-1,-1,-1,-1,-1,-1,-1,0,-1
2024430589955,2024,430589955,2,1,0,10,10,5,2,0,0,1,0,0,0,0,1,1,4,7,1,15,3,-1,-1,-1,-1,10,E01016655,0,1
2024010522086,2024,010522086,1,1,9,99,99,9,9,99,99,9,9,99,9,99,1,1,6,6,1,44,7,-1,-1,-1,-1,5,E01002759,0,1