collision_index,collision_year,collision_ref_no,vehicle_reference,vehicle_type,towing_and_articulation,vehicle_manoeuvre_historic,vehicle_manoeuvre,vehicle_direction_from,vehicle_direction_to,vehicle_location_restricted_lane_historic,vehicle_location_restricted_lane,junction_location,skidding_and_overturning,hit_object_in_carriageway,vehicle_leaving_carriageway,hit_object_off_carriageway,first_point_of_impact,vehicle_left_hand_drive,journey_purpose_of_driver_historic,journey_purpose_of_driver,sex_of_driver,age_of_driver,age_band_of_driver,engine_capacity_cc,propulsion_code,age_of_vehicle,generic_make_model,driver_imd_decile,lsoa_of_driver,escooter_flag,driver_distance_banding
2024221532761,2024,221532761,2,9,0,-1,4,4,8,-1,0,0,0,10,1,11,1,9,-1,1,2,60,9,-1,-1,-1,-1,4,E01028922,0,1
2024201460483,2024,201460483,2,1,0,-1,19,4,8,-1,0,8,0,0,0,0,1,1,-1,9,2,31,6,-1,-1,-1,-1,6,E01010359,0,1
2024430181440,2024,430181440,1,-1,0,18,19,2,6,0,0,1,0,0,0,0,1,1,6,6,1,12,3,-1,-1,-1,-1,-1,-1,1,-1
2024481472439,2024,481472439,2,1,0,-1,19,5,1,-1,0,0,0,0,0,0,2,1,-1,9,1,55,8,-1,-1,-1,-1,-1,-1,0,-1
2024061481067,2024,061481067,1,4,0,-1,7,5,8,-1,0,1,1,0,0,0,1,1,-1,9,1,27,6,-1,-1,-1,-1,1,E01005117,0,4
2024141504098,2024,141504098,2,1,0,-1,9,7,5,-1,0,0,2,0,0,0,1,1,-1,6,1,14,3,-1,-1,-1,-1,3,E01007572,0,1
2024201464703,2024,201464703,1,9,0,-1,9,3,7,-1,0,1,0,0,0,0,1,9,-1,6,3,-1,-1,-1,-1,-1,-1,-1,-1,0,-1
2024010519432,2024,010519432,1,1,0,18,19,7,3,0,0,2,0,0,0,0,1,1,2,2,1,50,8,-1,-1,-1,-1,3,E01033945,0,2
2024311500280,2024,311500280,1,9,0,-1,19,3,7,-1,0,3,0,0,0,0,2,1,-1,2,1,31,6,-1,-1,-1,-1,-1,-1,0,-1
2024010504490,2024,010504490,2,-1,0,5,5,3,7,0,0,6,0,0,0,0,4,1,6,6,2,14,3,-1,-1,-1,-1,5,E01000219,1,1
2024010525328,2024,010525328,1,1,9,99,99,9,9,99,99,0,9,99,9,99,9,1,6,6,1,30,6,-1,-1,-1,-1,10,E01002959,0,3
2024052400614,2024,052400614,2,1,0,4,4,3,7,0,0,1,0,0,0,0,1,1,3,7,1,39,7,-1,-1,-1,-1,1,E01006726,0,1
2024520401396,2024,520401396,1,9,0,18,19,5,1,0,0,0,0,0,0,0,4,1,6,6,3,-1,-1,-1,-1,-1,-1,-1,-1,0,-1
2024061406136,2024,061406136,2,5,0,-1,19,7,3,-1,0,1,1,0,0,0,1,1,-1,9,1,25,5,-1,-1,-1,-1,3,E01004993,0,2
2024501529991,2024,501529991,1,1,0,-1,19,3,7,-1,0,8,0,0,0,0,9,1,-1,6,3,-1,-1,-1,-1,-1,-1,-1,-1,0,-1
2024622400730,2024,622400730,3,9,0,18,19,8,4,0,0,0,0,0,0,0,1,1,6,6,2,22,5,-1,-1,-1,-1,2,W01001333,0,1
2024440180118,2024,440180118,1,1,0,18,19,8,4,0,0,8,0,0,0,0,4,1,6,6,1,29,6,-1,-1,-1,-1,5,E01022842,0,1
2024991429772,2024,991429772,1,9,0,-1,19,4,8,-1,0,1,0,0,0,0,1,1,-1,9,1,64,9,-1,-1,-1,-1,1,-1,0,1
2024010501759,2024,010501759,1,1,9,99,99,9,9,99,99,9,9,99,9,99,9,1,2,2,2,39,7,-1,-1,-1,-1,6,E01001852,0,2
2024010497120,2024,010497120,2,9,0,18,19,7,3,0,0,8,0,0,0,0,4,1,6,6,2,41,7,-1,-1,-1,-1,4,E01035485,0,1
2024010529048,2024,010529048,1,1,9,99,99,9,9,99,99,9,9,99,9,99,1,1,1,1,1,25,5,-1,-1,-1,-1,4,E01004426,0,1
2024361531470,2024,361531470,1,9,0,-1,19,3,7,-1,0,0,0,12,0,0,2,1,-1,9,1,25,5,-1,-1,-1,-1,4,E01026706,0,2
2024052401921,2024,052401921,1,-1,0,18,19,1,5,0,0,1,0,0,0,0,1,1,6,6,1,11,3,-1,-1,-1,-1,1,E01006494,1,1
2024052400308,2024,052400308,1,8,0,18,19,5,1,0,0,8,0,0,0,0,1,1,6,6,3,-1,-1,-1,-1,-1,-1,-1,-1,0,-1
2024010495385,2024,010495385,1,9,0,18,19,7,3,0,0,0,0,4,0,0,4,1,6,6,3,-1,-1,-1,-1,-1,-1,-1,-1,0,-1
2024010508446,2024,010508446,2,9,0,7,7,7,1,0,0,7,0,0,0,0,3,2,6,6,1,25,5,-1,-1,-1,-1,3,E01034474,0,4
2024131417896,2024,131417896,1,9,0,-1,3,-1,-1,-1,-1,4,-1,-1,-1,0,3,1,-1,9,2,29,6,-1,-1,-1,-1,4,E01011165,0,2
2024010505316,2024,010505316,2,20,0,18,19,6,2,0,0,1,0,0,0,0,1,1,6,6,3,-1,-1,-1,-1,-1,-1,-1,-1,0,-1
2024052400782,2024,052400782,2,-1,0,18,19,8,4,0,0,0,0,0,0,0,1,1,6,6,3,-1,-1,-1,-1,-1,-1,-1,-1,1,-1
2024010521346,2024,010521346,1,1,9,18,19,9,9,99,99,9,9,99,9,99,9,1,2,2,1,24,5,-1,-1,-1,-1,-1,-1,0,-1
2024501517253,2024,501517253,1,5,0,-1,19,4,7,-1,0,0,2,0,0,0,4,1,-1,9,1,62,9,-1,-1,-1,-1,4,E01034640,0,4
2024421438029,2024,421438029,1,-1,0,-1,19,5,8,-1,0,1,0,0,0,0,4,1,-1,6,2,19,4,-1,-1,-1,-1,2,E01015917,1,1
2024351447676,2024,351447676,2,1,0,-1,3,0,8,-1,0,1,0,0,0,0,1,1,-1,1,1,42,7,-1,-1,-1,-1,3,E01017978,0,1
2024340WN0132,2024,340WN0132,4,9,0,-1,4,6,2,-1,0,0,0,0,0,0,2,1,-1,6,1,40,7,-1,-1,-1,-1,4,E01027245,0,1
2024101474186,2024,101474186,2,9,0,-1,4,4,8,-1,0,8,0,0,0,0,2,1,-1,9,2,39,7,-1,-1,-1,-1,3,E01027432,0,1
2024522403311,2024,522403311,1,19,0,16,19,7,1,0,0,0,0,0,0,0,1,1,6,6,1,20,4,-1,-1,-1,-1,1,W01001530,0,4
2024311411577,2024,311411577,2,9,0,-1,7,1,8,-1,0,0,0,0,1,0,3,1,-1,6,1,63,9,-1,-1,-1,-1,8,E01032622,0,2
2024221466365,2024,221466365,2,9,0,-1,13,2,6,-1,0,8,0,0,0,0,4,9,-1,6,2,30,6,-1,-1,-1,-1,10,E01014102,0,2
2024010487995,2024,010487995,1,3,0,99,99,9,9,99,99,9,9,99,9,99,1,1,6,6,2,39,7,-1,-1,-1,-1,3,E01001112,0,1
2024461478886,2024,461478886,1,9,0,-1,5,7,3,-1,0,5,0,0,0,0,3,1,-1,1,2,45,7,-1,-1,-1,-1,-1,-1,0,-1
2024371472726,2024,371472726,1,1,0,-1,7,3,7,-1,0,1,0,0,0,0,3,1,-1,6,2,62,9,-1,-1,-1,-1,5,E01029922,0,1
2024430161232,2024,430161232,3,19,0,4,4,5,1,0,0,0,0,0,0,0,2,1,6,6,1,39,7,-1,-1,-1,-1,4,E01001321,0,3
2024211530272,2024,211530272,2,97,0,-1,19,3,7,-1,0,1,0,0,0,0,1,1,-1,6,1,33,6,-1,-1,-1,-1,-1,-1,0,-1
2024311423659,2024,311423659,2,9,0,-1,9,7,6,-1,0,6,0,0,0,0,1,9,-1,6,2,40,7,-1,-1,-1,-1,-1,-1,0,-1
2024122400128,2024,122400128,2,1,0,4,4,2,4,0,0,8,0,0,0,0,1,1,6,6,1,35,6,-1,-1,-1,-1,7,E01010590,0,4
2024010493452,2024,010493452,1,9,0,4,4,1,5,0,0,1,0,0,0,0,2,1,1,1,2,44,7,-1,-1,-1,-1,9,E01016407,0,4
2024361522497,2024,361522497,1,10,0,-1,19,-1,-1,-1,0,0,0,0,0,0,3,1,-1,6,1,72,10,-1,-1,-1,-1,6,E01026944,0,2
2024461475690,2024,461475690,2,3,0,-1,19,7,3,-1,0,0,0,0,0,0,1,1,-1,6,1,29,6,-1,-1,-1,-1,3,E01004290,0,4
2024010493874,2024,010493874,1,9,0,10,10,1,7,0,0,6,0,0,0,0,2,1,6,6,1,67,10,-1,-1,-1,-1,3,E01002777,0,1
2024610001524,2024,610001524,3,9,0,18,19,8,4,0,0,0,0,0,0,0,1,1,1,1,1,23,5,-1,-1,-1,-1,3,W01001408,0,1
2024302400862,2024,302400862,2,-1,0,17,19,4,8,0,0,8,0,0,0,0,4,1,6,6,1,29,6,-1,-1,-1,-1,1,E01033166,1,1
2024010543785,2024,010543785,2,1,0,9,9,5,3,0,0,8,0,0,0,0,2,1,6,6,1,85,11,-1,-1,-1,-1,9,E01000178,0,1
2024010514297,2024,010514297,1,23,9,99,99,9,9,99,99,0,9,99,9,99,9,1,6,6,3,-1,-1,-1,-1,-1,-1,-1,-1,0,-1
2024010541240,2024,010541240,2,9,9,99,99,9,9,99,99,9,9,99,9,99,9,1,6,6,2,78,11,-1,-1,-1,-1,10,E01003463,0,1
2024430439088,2024,430439088,2,97,0,18,19,6,2,0,0,8,0,0,0,0,1,1,6,6,1,20,4,-1,-1,-1,-1,3,E01017906,0,1
2024302400550,2024,302400550,2,1,0,18,19,5,1,0,0,6,0,0,0,0,1,1,1,1,1,33,6,-1,-1,-1,-1,5,E01035074,0,4
2024041531349,2024,041531349,1,98,0,-1,19,-1,-1,-1,0,0,0,0,0,0,-1,9,-1,6,1,64,9,-1,-1,-1,-1,4,E01025304,0,3
2024231498259,2024,231498259,2,5,0,-1,4,2,4,-1,0,1,1,0,0,0,2,1,-1,2,1,56,9,-1,-1,-1,-1,9,E01031267,0,3
2024131486480,2024,131486480,1,11,0,-1,-1,-1,-1,-1,-1,0,-1,-1,-1,0,-1,1,-1,6,3,-1,-1,-1,-1,-1,-1,-1,-1,0,-1
2024311517564,2024,311517564,2,9,4,-1,9,3,1,-1,0,6,0,0,0,0,0,1,-1,6,3,-1,-1,-1,-1,-1,-1,-1,-1,0,-1
2024201442655,2024,201442655,1,9,0,-1,19,6,2,-1,0,0,0,0,0,0,1,9,-1,1,1,-1,-1,-1,-1,-1,-1,-1,-1,0,-1
2024010507980,2024,010507980,2,1,0,9,9,3,1,0,0,1,0,0,0,0,4,1,6,6,1,20,4,-1,-1,-1,-1,5,E01002621,0,3
2024371449523,2024,371449523,1,9,0,-1,19,1,4,-1,0,0,0,0,1,0,4,1,-1,6,-1,-1,-1,-1,-1,-1,-1,-1,-1,0,-1
2024010518749,2024,010518749,2,1,0,-1,-1,1,5,4,4,2,0,7,0,0,0,1,6,6,1,44,7,-1,-1,-1,-1,9,E01003458,0,1
2024311428899,2024,311428899,1,9,0,-1,3,2,6,-1,0,0,0,0,0,0,1,1,-1,7,2,32,6,-1,-1,-1,-1,4,E01028366,0,2
2024010515067,2024,010515067,3,9,9,99,99,9,9,99,99,9,9,99,9,99,9,9,6,6,3,-1,-1,-1,-1,-1,-1,-1,-1,0,-1
2024991485162,2024,991485162,1,21,0,-1,11,7,3,-1,0,0,0,0,0,0,4,1,-1,1,1,55,8,-1,-1,-1,-1,3,-1,0,3
2024451457171,2024,451457171,1,19,0,-1,6,1,5,-1,0,0,0,0,0,0,1,9,-1,1,1,40,7,-1,-1,-1,-1,-1,-1,0,-1
2024411460485,2024,411460485,1,1,0,-1,19,6,3,-1,0,1,0,0,0,0,4,1,-1,6,2,7,2,-1,-1,-1,-1,9,E01023479,0,1
2024041398228,2024,041398228,2,1,0,-1,19,3,7,-1,0,0,0,0,0,0,0,1,-1,2,1,31,6,-1,-1,-1,-1,8,E01025038,0,1
2024991473046,2024,991473046,1,9,0,-1,19,2,6,-1,0,0,0,0,7,4,1,1,-1,6,1,23,5,-1,-1,-1,-1,-1,-1,0,-1
2024991421568,2024,991421568,1,9,0,-1,19,6,2,-1,0,2,0,4,0,0,1,1,-1,6,2,28,6,-1,-1,-1,-1,10,-1,0,1
2024221455666,2024,221455666,2,1,0,-1,9,3,1,-1,0,5,0,0,0,0,3,1,-1,6,1,52,8,-1,-1,-1,-1,5,E01032309,0,1
2024010487131,2024,010487131,1,9,0,9,9,7,5,0,0,8,0,0,0,0,3,1,6,6,1,67,10,-1,-1,-1,-1,8,E01000774,0,1
2024430091111,2024,430091111,1,9,0,9,9,7,3,0,0,4,0,0,0,0,3,1,2,2,1,-1,-1,-1,-1,-1,-1,-1,-1,0,-1
2024010491956,2024,010491956,1,3,0,18,19,1,5,0,0,0,0,0,0,0,1,1,6,6,1,32,6,-1,-1,-1,-1,-1,-1,0,-1
2024010508043,2024,010508043,1,9,0,5,5,1,5,0,0,2,0,0,0,0,1,1,6,6,2,56,9,-1,-1,-1,-1,4,E01003354,0,1
2024471505761,2024,471505761,1,98,0,-1,4,4,8,-1,0,1,0,0,0,0,3,1,-1,1,1,22,5,-1,-1,-1,-1,6,E01017049,0,3
2024522402229,2024,522402229,1,1,0,18,19,2,6,0,0,2,0,0,0,0,1,1,6,6,1,49,8,-1,-1,-1,-1,9,E01035231,0,1
2024461417931,2024,461417931,2,1,0,-1,19,3,7,-1,0,0,0,0,0,0,1,1,-1,2,2,20,4,-1,-1,-1,-1,7,E01024127,0,1
2024010488527,2024,010488527,1,9,0,9,9,3,1,0,0,1,0,0,0,0,1,1,6,6,2,49,8,-1,-1,-1,-1,4,E01002402,0,1
2024520402291,2024,520402291,2,9,0,18,19,2,6,0,0,8,0,0,0,0,0,1,6,6,3,-1,-1,-1,-1,-1,-1,-1,-1,0,-1
2024991531390,2024,991531390,2,1,0,-1,9,6,2,-1,0,6,0,0,0,0,1,1,-1,9,1,37,7,-1,-1,-1,-1,8,-1,0,1
2024010511255,2024,010511255,2,5,0,18,19,1,5,0,0,1,2,0,7,0,1,1,6,6,1,33,6,-1,-1,-1,-1,9,E01030356,0,4
2024101436581,2024,101436581,1,9,0,-1,19,7,3,-1,0,0,0,0,0,0,1,9,-1,6,1,-1,-1,-1,-1,-1,-1,-1,-1,0,-1
2024991461156,2024,991461156,1,9,0,-1,19,3,7,-1,0,0,0,0,0,0,1,1,-1,6,2,31,6,-1,-1,-1,-1,2,-1,0,2
2024332400628,2024,332400628,2,1,0,-1,19,3,7,-1,0,0,0,0,0,0,3,1,-1,6,1,30,6,-1,-1,-1,-1,-1,-1,0,-1
2024010547587,2024,010547587,1,9,0,18,19,5,1,0,0,0,0,0,0,0,1,1,6,6,3,-1,-1,-1,-1,-1,-1,-1,-1,0,-1
2024010526952,2024,010526952,2,19,0,99,99,9,9,99,99,9,9,99,9,99,1,9,6,6,3,-1,-1,-1,-1,-1,-1,-1,-1,0,-1
2024201481782,2024,201481782,1,9,0,-1,13,7,3,-1,0,0,0,0,0,0,1,9,-1,6,3,-1,-1,-1,-1,-1,-1,-1,-1,0,-1
2024010487679,2024,010487679,2,9,0,2,2,0,0,0,0,0,0,0,0,0,3,1,6,6,3,-1,-1,-1,-1,-1,-1,-1,-1,0,-1
2024201510285,2024,201510285,2,9,0,-1,19,5,1,-1,0,0,0,0,0,0,2,9,-1,6,1,44,7,-1,-1,-1,-1,6,E01026475,0,5
2024471454017,2024,471454017,2,9,-1,-1,19,6,2,-1,0,2,0,0,0,0,2,9,-1,6,1,85,11,-1,-1,-1,-1,9,E01031395,0,2
2024531524007,2024,531524007,2,1,0,-1,19,7,3,-1,0,8,2,0,0,0,1,1,-1,6,1,73,10,-1,-1,-1,-1,9,E01022100,0,1
2024211502434,2024,211502434,1,9,0,-1,5,7,3,-1,0,4,0,0,0,0,1,1,-1,6,3,25,5,-1,-1,-1,-1,-1,-1,0,-1
2024440366011,2024,440366011,1,5,0,18,19,1,5,0,0,0,0,0,0,0,0,1,6,6,1,43,7,-1,-1,-1,-1,4,E01020323,0,5
2024451493570,2024,451493570,2,1,0,-1,5,1,5,-1,0,4,0,0,0,0,4,1,-1,6,1,13,3,-1,-1,-1,-1,-1,-1,0,-1
2024361498031,2024,361498031,1,9,0,-1,19,6,2,-1,0,1,0,0,1,0,1,1,-1,9,1,27,6,-1,-1,-1,-1,8,E01030280,0,4
2024052400988,2024,052400988,1,9,0,18,19,6,2,0,0,1,0,0,0,0,1,1,6,6,2,41,7,-1,-1,-1,-1,5,E01007063,0,1
2024010529829,2024,010529829,1,1,0,18,19,7,3,0,0,8,0,0,0,0,1,1,6,6,1,53,8,-1,-1,-1,-1,6,E01001245,0,1
2024991435254,2024,991435254,1,9,0,-1,5,7,3,-1,0,8,0,0,0,0,1,1,-1,6,-1,-1,-1,-1,-1,-1,-1,-1,-1,0,-1
2024520401333,2024,520401333,2,9,0,3,3,2,5,0,0,1,0,0,0,0,2,1,6,6,1,41,7,-1,-1,-1,-1,2,E01029110,0,1
2024401406512,2024,401406512,1,19,0,-1,19,4,8,-1,0,0,0,0,0,0,1,1,-1,1,1,19,4,-1,-1,-1,-1,4,E01023631,0,2
2024010512040,2024,010512040,2,9,0,6,6,7,7,0,0,2,0,0,0,0,1,1,6,6,3,-1,-1,-1,-1,-1,-1,-1,-1,0,-1
2024461530602,2024,461530602,2,9,0,-1,3,1,5,-1,0,0,0,0,0,0,2,9,-1,2,1,37,7,-1,-1,-1,-1,7,E01033213,0,1
2024010509055,2024,010509055,2,9,0,99,99,9,9,99,99,9,9,99,9,99,9,9,6,6,3,-1,-1,-1,-1,-1,-1,-1,-1,0,-1
2024421468315,2024,421468315,2,1,0,-1,19,-1,-1,-1,0,5,1,0,0,0,2,1,-1,6,1,13,3,-1,-1,-1,-1,5,E01015835,0,1
2024430383226,2024,430383226,2,1,0,18,19,1,5,0,0,0,0,0,0,0,2,1,6,6,1,16,4,-1,-1,-1,-1,1,E01016441,0,1
2024522401451,2024,522401451,2,9,0,7,7,2,5,0,0,6,0,0,0,0,1,1,6,6,1,42,7,-1,-1,-1,-1,3,E01014601,0,1
2024010536521,2024,010536521,2,1,0,18,19,3,7,0,0,3,0,0,0,0,2,1,2,2,2,56,9,-1,-1,-1,-1,2,E01002003,0,1
2024302400916,2024,302400916,2,1,0,17,19,8,5,0,0,0,0,0,0,0,1,1,6,6,1,16,4,-1,-1,-1,-1,8,E01019735,0,3
2024421528650,2024,421528650,1,9,0,-1,4,8,5,-1,0,2,0,0,0,0,4,1,-1,6,3,-1,-1,-1,-1,-1,-1,-1,-1,0,-1
2024131396858,2024,131396858,1,9,0,-1,-1,-1,-1,-1,-1,0,-1,-1,-1,-1,-1,1,-1,6,3,-1,-1,-1,-1,-1,-1,-1,-1,0,-1
2024131419036,2024,131419036,1,9,0,-1,-1,-1,-1,-1,-1,0,-1,-1,-1,0,-1,1,-1,6,3,-1,-1,-1,-1,-1,-1,-1,-1,0,-1
2024544765124,2024,544765124,1,9,0,18,19,6,2,0,0,4,0,0,0,0,3,1,6,6,2,82,11,-1,-1,-1,-1,1,E01015538,0,1
2024231505523,2024,231505523,1,9,0,-1,14,1,5,-1,0,8,0,0,0,0,3,9,-1,6,1,38,7,-1,-1,-1,-1,-1,-1,0,-1
2024522401357,2024,522401357,1,1,0,18,19,8,4,0,0,8,0,0,0,0,3,1,6,6,2,40,7,-1,-1,-1,-1,4,E01014488,0,1
2024122400324,2024,122400324,1,9,0,18,19,6,2,0,0,4,0,0,0,0,1,1,6,6,1,59,9,-1,-1,-1,-1,9,E01027687,0,3
2024231495397,2024,231495397,1,22,0,-1,19,6,2,-1,9,0,0,0,0,0,1,1,-1,9,1,58,9,-1,-1,-1,-1,1,E01031116,0,1
2024421518854,2024,421518854,1,19,0,-1,3,7,7,-1,0,3,0,0,0,0,2,1,-1,6,1,69,10,-1,-1,-1,-1,2,E01021270,0,1
2024311397357,2024,311397357,1,9,0,-1,5,6,4,-1,0,0,0,0,0,0,3,1,-1,9,2,31,6,-1,-1,-1,-1,3,E01013830,0,1
2024544610724,2024,544610724,1,19,0,9,9,4,8,0,0,1,0,0,0,0,1,1,1,1,2,65,9,-1,-1,-1,-1,6,E01032082,0,3
2024520401272,2024,520401272,2,1,0,9,9,1,8,0,0,8,0,0,0,0,2,1,6,6,1,66,10,-1,-1,-1,-1,8,E01029194,0,1
202460Q113452,2024,60Q113452,1,98,0,18,19,7,3,0,0,8,0,0,0,0,3,1,6,6,3,-1,-1,-1,-1,-1,-1,-1,-1,0,-1
2024010495343,2024,010495343,1,1,9,99,99,9,9,99,99,9,9,99,9,99,1,1,6,6,1,39,7,-1,-1,-1,-1,4,E01002058,0,1
2024430077486,2024,430077486,3,9,0,18,19,7,3,0,0,0,0,0,0,0,1,1,6,6,1,30,6,-1,-1,-1,-1,10,E01003811,0,4
2024471488921,2024,471488921,1,1,0,-1,19,1,5,-1,0,4,0,0,0,0,1,1,-1,6,2,44,7,-1,-1,-1,-1,1,E01016866,0,1
2024481570174,2024,481570174,2,1,0,-1,15,5,1,-1,4,0,0,0,0,0,1,1,-1,2,1,24,5,-1,-1,-1,-1,-1,-1,0,-1
2024991512224,2024,991512224,2,21,0,-1,9,7,1,-1,0,3,0,0,0,0,4,1,-1,1,2,61,9,-1,-1,-1,-1,-1,-1,0,-1
2024991448407,2024,991448407,1,9,0,-1,19,3,7,-1,0,1,0,0,0,0,1,1,-1,6,2,45,7,-1,-1,-1,-1,6,-1,0,1
2024010511706,2024,010511706,2,1,0,18,19,1,5,0,0,1,0,0,0,0,1,1,1,1,1,33,6,-1,-1,-1,-1,-1,-1,0,-1
2024211442941,2024,211442941,1,1,0,-1,19,5,1,-1,0,1,0,0,0,0,1,1,-1,9,1,49,8,-1,-1,-1,-1,8,E01029570,0,4
2024340WN4032,2024,340WN4032,2,1,0,-1,19,4,8,-1,0,0,0,0,0,0,2,1,-1,9,1,16,4,-1,-1,-1,-1,2,E01027151,0,1
2024010490047,2024,010490047,1,11,0,18,19,1,5,0,0,2,0,0,0,0,0,1,1,1,2,56,9,-1,-1,-1,-1,2,E01000552,0,1
2024010532848,2024,010532848,1,9,0,99,99,9,9,99,99,0,9,99,9,99,9,1,6,6,3,-1,-1,-1,-1,-1,-1,-1,-1,0,-1
2024010490569,2024,010490569,1,9,0,99,99,9,9,99,99,9,9,99,9,99,2,9,6,6,2,38,7,-1,-1,-1,-1,6,E01023863,0,4
2024221476544,2024,221476544,2,1,0,-1,19,7,3,-1,0,8,0,0,0,0,4,1,-1,9,2,64,9,-1,-1,-1,-1,8,E01032329,0,1
2024010491252,2024,010491252,3,9,0,18,19,7,3,0,0,1,0,0,0,0,2,1,2,2,1,64,9,-1,-1,-1,-1,8,E01016510,0,2
2024111408787,2024,111408787,2,1,0,-1,19,6,2,-1,0,8,0,0,0,0,4,1,-1,9,1,55,8,-1,-1,-1,-1,2,E01008252,0,2
2024351409339,2024,351409339,1,9,0,-1,-1,-1,-1,-1,0,8,0,0,0,0,-1,1,-1,6,1,25,5,-1,-1,-1,-1,-1,-1,0,-1
2024010502963,2024,010502963,2,1,0,18,19,3,7,9,9,0,0,0,0,0,1,1,6,6,1,13,3,-1,-1,-1,-1,2,E01001433,0,1
2024440362603,2024,440362603,2,9,0,18,19,5,7,0,0,1,0,0,0,0,3,1,6,6,3,-1,-1,-1,-1,-1,-1,-1,-1,0,-1
2024041454460,2024,041454460,2,9,0,-1,19,6,2,-1,0,1,0,0,0,0,1,1,-1,6,1,34,6,-1,-1,-1,-1,2,E01025124,0,1
2024010528855,2024,010528855,1,1,9,99,99,9,9,99,99,9,9,99,9,99,9,1,2,2,1,57,9,-1,-1,-1,-1,10,E01022084,0,4
2024201435670,2024,201435670,1,9,0,-1,7,7,1,-1,0,5,0,0,0,0,1,1,-1,1,1,81,11,-1,-1,-1,-1,3,E01010411,0,2
2024302401730,2024,302401730,2,9,0,-1,19,4,7,-1,0,1,0,0,0,0,1,1,-1,6,3,-1,-1,-1,-1,-1,-1,5,E01019456,0,4
2024545392124,2024,545392124,1,-1,0,9,9,3,7,0,0,1,0,0,0,0,3,1,6,6,1,48,8,-1,-1,-1,-1,3,E01015569,1,1
2024471428120,2024,471428120,2,5,0,-1,19,4,8,-1,0,1,5,0,0,0,1,1,-1,9,1,31,6,-1,-1,-1,-1,4,E01031441,0,1
2024430177959,2024,430177959,2,9,0,18,19,4,8,0,0,0,0,0,0,0,1,1,6,6,1,-1,-1,-1,-1,-1,-1,5,E01016460,0,1
2024101427797,2024,101427797,2,1,0,-1,19,1,5,-1,0,8,0,0,0,0,2,1,-1,6,1,21,5,-1,-1,-1,-1,2,E01008253,0,1
2024552400721,2024,552400721,1,9,0,18,19,6,2,0,0,4,0,0,0,0,1,1,6,6,1,61,9,-1,-1,-1,-1,3,E01015310,0,1
2024531482414,2024,531482414,1,-1,0,-1,19,1,5,-1,5,0,0,0,0,0,1,1,-1,6,3,18,4,-1,-1,-1,-1,-1,-1,1,-1
2024101437467,2024,101437467,2,1,0,-1,19,5,1,-1,0,8,0,0,0,0,1,1,-1,1,1,53,8,-1,-1,-1,-1,6,E01035615,0,1
2024531419140,2024,531419140,2,9,0,-1,19,8,4,-1,0,0,0,0,0,0,1,1,-1,1,1,34,6,-1,-1,-1,-1,8,E01022423,0,3
2024610000724,2024,610000724,2,9,0,9,9,2,8,0,0,5,0,0,0,0,1,1,6,6,1,32,6,-1,-1,-1,-1,2,W01001532,0,1
2024430625518,2024,430625518,1,1,0,18,19,4,8,0,0,8,0,0,0,0,1,1,6,6,1,43,7,-1,-1,-1,-1,6,E01004174,0,4
2024010528414,2024,010528414,1,1,9,99,99,9,9,99,99,9,9,99,9,99,9,1,1,1,1,24,5,-1,-1,-1,-1,2,E01001433,0,3
2024010538014,2024,010538014,1,23,0,18,19,1,5,0,0,0,0,0,0,0,1,1,6,6,1,29,6,-1,-1,-1,-1,1,E01001013,0,1
2024131518418,2024,131518418,1,9,0,-1,19,1,5,-1,0,0,2,0,0,0,3,1,-1,9,1,23,5,-1,-1,-1,-1,3,E01011257,0,3
2024010493533,2024,010493533,2,1,0,7,7,1,3,0,0,1,0,0,1,0,1,1,1,1,1,25,5,-1,-1,-1,-1,2,E01004214,0,1
2024430115013,2024,430115013,1,9,0,7,7,8,2,0,0,6,0,0,0,0,3,1,2,2,1,40,7,-1,-1,-1,-1,8,E01017783,0,1
2024010531007,2024,010531007,2,19,0,99,99,9,9,99,99,9,9,99,9,99,9,9,6,6,3,-1,-1,-1,-1,-1,-1,-1,-1,0,-1
2024320385803,2024,320385803,1,9,0,9,9,7,5,0,0,8,0,0,0,0,1,1,-1,-1,1,70,10,-1,-1,-1,-1,3,E01026386,0,1
2024401443988,2024,401443988,1,9,0,-1,1,3,7,-1,0,0,0,0,0,0,2,9,-1,6,2,-1,-1,-1,-1,-1,-1,-1,-1,0,-1
2024010497032,2024,010497032,2,9,0,18,19,1,5,0,0,8,0,0,0,0,1,1,6,6,1,56,9,-1,-1,-1,-1,7,E01000677,0,1
2024010540884,2024,010540884,2,9,0,2,2,0,0,0,0,3,0,0,0,0,3,1,6,6,3,-1,-1,-1,-1,-1,-1,-1,-1,0,-1
2024101477118,2024,101477118,1,5,0,-1,19,3,7,-1,0,4,0,10,3,1,1,1,-1,6,1,44,7,-1,-1,-1,-1,2,E01008602,0,1
2024041506156,2024,041506156,1,9,0,-1,5,5,1,-1,9,1,0,0,1,0,3,1,-1,9,2,65,9,-1,-1,-1,-1,3,E01025267,0,1
2024041458126,2024,041458126,1,9,0,-1,19,3,3,-1,0,4,0,0,0,0,2,1,-1,6,1,21,5,-1,-1,-1,-1,1,E01025070,0,1
2024351412362,2024,351412362,2,1,-1,-1,-1,-1,-1,-1,-1,-1,-1,-1,-1,0,-1,1,-1,2,2,29,6,-1,-1,-1,-1,4,E01017945,0,1
2024010551389,2024,010551389,2,1,0,18,19,7,3,0,0,1,0,0,0,0,3,1,1,1,1,46,8,-1,-1,-1,-1,-1,-1,0,-1
2024461509308,2024,461509308,2,1,0,-1,19,3,7,-1,0,0,0,0,0,0,1,1,-1,2,1,59,9,-1,-1,-1,-1,10,E01024818,0,3
2024421457753,2024,421457753,2,9,0,-1,19,5,1,-1,0,0,1,0,0,0,1,1,-1,2,1,30,6,-1,-1,-1,-1,5,E01015942,0,2
2024010527406,2024,010527406,2,1,0,13,13,4,8,0,0,1,0,0,0,0,1,1,6,6,1,38,7,-1,-1,-1,-1,5,E01002677,0,1
2024320702272,2024,320702272,2,1,0,-1,-1,5,1,0,0,8,5,0,0,0,2,1,-1,-1,1,70,10,-1,-1,-1,-1,10,E01026352,0,1
2024421417793,2024,421417793,1,9,0,-1,9,1,7,-1,0,2,0,0,0,0,1,1,-1,6,1,40,7,-1,-1,-1,-1,3,E01033491,0,3