collision_index,collision_year,collision_ref_no,vehicle_reference,vehicle_type,towing_and_articulation,vehicle_manoeuvre_historic,vehicle_manoeuvre,vehicle_direction_from,vehicle_direction_to,vehicle_location_restricted_lane_historic,vehicle_location_restricted_lane,junction_location,skidding_and_overturning,hit_object_in_carriageway,vehicle_leaving_carriageway,hit_object_off_carriageway,first_point_of_impact,vehicle_left_hand_drive,journey_purpose_of_driver_historic,journey_purpose_of_driver,sex_of_driver,age_of_driver,age_band_of_driver,engine_capacity_cc,propulsion_code,age_of_vehicle,generic_make_model,driver_imd_decile,lsoa_of_driver,escooter_flag,driver_distance_banding
2024131522992,2024,131522992,2,9,0,-1,2,0,0,-1,0,0,0,0,0,0,3,1,-1,6,-1,-1,-1,-1,-1,-1,-1,-1,-1,0,-1
2024141493510,2024,141493510,1,1,0,-1,19,1,5,-1,0,0,5,0,0,0,4,1,-1,6,1,29,6,-1,-1,-1,-1,2,E01007906,0,1
2024351411993,2024,351411993,2,1,0,-1,15,4,8,-1,4,0,5,0,0,0,1,1,-1,6,2,71,10,-1,-1,-1,-1,10,E01018293,0,1
2024010539229,2024,010539229,2,1,0,18,19,3,7,0,0,0,5,0,0,0,3,1,2,2,1,23,5,-1,-1,-1,-1,3,E01002396,0,1
2024440274061,2024,440274061,1,1,0,18,19,7,3,9,9,2,0,0,0,0,4,1,4,7,1,14,3,-1,-1,-1,-1,9,E01022719,0,1
2024161467793,2024,161467793,1,9,0,-1,2,0,0,-1,0,2,0,0,0,0,9,9,-1,6,2,50,8,-1,-1,-1,-1,9,E01012770,0,1
2024332400484,2024,332400484,2,1,0,-1,19,1,5,-1,0,8,0,0,0,0,1,1,-1,2,1,55,8,-1,-1,-1,-1,10,E01025678,0,1
2024201434199,2024,201434199,2,9,0,-1,19,5,1,-1,0,0,0,0,0,0,3,1,-1,6,2,40,7,-1,-1,-1,-1,2,E01009891,0,2
2024010550900,2024,010550900,1,1,9,99,99,9,9,99,99,9,9,99,9,99,1,1,2,2,1,36,7,-1,-1,-1,-1,2,E01002545,0,2
2024501516587,2024,501516587,2,1,0,-1,19,4,8,-1,9,1,1,0,0,0,1,1,-1,6,1,10,2,-1,-1,-1,-1,6,E01034634,0,1
2024161407145,2024,161407145,1,9,0,-1,9,3,1,-1,0,5,0,0,0,0,3,1,-1,9,2,36,7,-1,-1,-1,-1,8,E01013040,0,4
2024440301735,2024,440301735,1,19,0,1,1,1,6,0,0,2,0,0,0,0,2,1,6,6,1,57,9,-1,-1,-1,-1,10,E01023020,0,1
2024010497428,2024,010497428,1,97,9,99,99,9,9,99,99,9,9,99,9,99,9,1,6,6,3,-1,-1,-1,-1,-1,-1,-1,-1,0,-1
2024440134674,2024,440134674,2,9,0,5,5,4,8,0,0,1,0,0,0,0,3,1,6,6,3,-1,-1,-1,-1,-1,-1,-1,-1,0,-1
2024991403175,2024,991403175,2,1,0,-1,4,7,3,-1,0,1,0,0,0,0,2,1,-1,6,1,38,7,-1,-1,-1,-1,7,-1,0,1
2024430467195,2024,430467195,2,9,0,18,19,4,8,0,0,8,0,0,0,0,1,1,6,6,1,46,8,-1,-1,-1,-1,10,E01017936,0,2
2024421408699,2024,421408699,1,9,0,-1,19,3,7,-1,0,0,5,4,0,0,1,1,-1,6,1,50,8,-1,-1,-1,-1,5,E01022009,0,1
2024522402737,2024,522402737,1,-1,0,18,19,1,5,0,0,8,0,0,0,0,4,1,6,6,1,27,6,-1,-1,-1,-1,9,E01014559,1,1
2024520403345,2024,520403345,2,90,0,18,19,3,7,5,5,0,0,0,0,0,1,1,6,6,1,17,4,-1,-1,-1,-1,4,E01029298,0,1
2024451514420,2024,451514420,3,9,0,-1,3,3,7,-1,0,1,0,99,0,0,2,1,-1,6,2,35,6,-1,-1,-1,-1,10,E01030623,0,1
2024451455890,2024,451455890,2,9,0,-1,19,1,5,-1,0,4,0,0,0,0,0,9,-1,6,3,45,7,-1,-1,-1,-1,-1,-1,0,-1
2024010525123,2024,010525123,2,19,0,99,99,9,9,99,99,9,9,99,9,99,9,9,6,6,3,-1,-1,-1,-1,-1,-1,-1,-1,0,-1
2024010488361,2024,010488361,2,9,0,18,19,5,1,0,0,1,0,0,0,0,1,1,2,2,2,52,8,-1,-1,-1,-1,2,E01004722,0,1
2024122400762,2024,122400762,1,5,0,16,19,3,7,0,0,0,0,0,0,0,1,1,6,6,1,51,8,-1,-1,-1,-1,10,E01012201,0,4
2024471488258,2024,471488258,3,9,0,-1,9,3,1,-1,0,0,0,0,0,0,0,9,-1,6,-1,-1,-1,-1,-1,-1,-1,-1,-1,0,-1
2024010496160,2024,010496160,1,5,0,18,19,6,2,0,0,1,1,0,0,0,1,1,6,6,1,27,6,-1,-1,-1,-1,2,E01033699,0,1
2024401395988,2024,401395988,1,97,0,-1,7,5,7,-1,0,1,0,0,0,0,1,1,-1,6,3,-1,-1,-1,-1,-1,-1,-1,-1,0,-1
202417S106524,2024,17S106524,2,9,0,-1,11,4,8,-1,0,0,0,0,0,0,0,1,-1,6,3,-1,-1,-1,-1,-1,-1,-1,-1,0,-1
2024332400409,2024,332400409,3,98,1,-1,19,1,5,-1,0,0,0,0,0,0,3,1,-1,6,3,-1,-1,-1,-1,-1,-1,-1,-1,0,-1
2024430591221,2024,430591221,1,1,0,18,19,6,2,0,0,8,0,0,0,0,4,1,4,7,1,19,4,-1,-1,-1,-1,6,E01016416,0,1
2024440177093,2024,440177093,2,9,0,18,19,4,8,0,0,1,0,0,0,0,1,1,6,6,3,-1,-1,-1,-1,-1,-1,-1,-1,0,-1
2024010503963,2024,010503963,2,1,0,18,19,8,4,4,4,1,0,0,0,0,3,1,6,6,1,31,6,-1,-1,-1,-1,7,E01001026,0,1
2024010543802,2024,010543802,2,9,0,99,99,9,9,99,99,0,9,99,9,99,9,9,6,6,3,-1,-1,-1,-1,-1,-1,-1,-1,0,-1
2024010529700,2024,010529700,2,9,0,1,1,9,9,99,99,9,9,99,9,99,2,9,6,6,3,-1,-1,-1,-1,-1,-1,4,E01003146,0,2
2024440193568,2024,440193568,2,9,0,13,13,7,3,0,0,0,0,0,0,0,4,1,6,6,1,-1,-1,-1,-1,-1,-1,-1,-1,0,-1
2024622400461,2024,622400461,1,9,0,17,19,6,2,0,0,0,0,10,1,1,1,1,6,6,1,23,5,-1,-1,-1,-1,9,W01001252,0,3
2024552500080,2024,552500080,2,1,0,18,19,6,4,0,0,8,0,0,0,0,3,1,6,6,2,48,8,-1,-1,-1,-1,5,E01015441,0,1
2024430467032,2024,430467032,2,9,0,18,19,2,6,0,0,1,0,0,0,0,3,1,6,6,3,-1,-1,-1,-1,-1,-1,-1,-1,0,-1
2024201484975,2024,201484975,1,1,0,-1,19,8,4,-1,9,0,0,8,0,0,1,1,-1,6,1,25,5,-1,-1,-1,-1,2,E01010506,0,1
2024991486802,2024,991486802,1,9,0,-1,19,8,4,-1,0,1,0,0,0,0,4,1,-1,6,2,-1,-1,-1,-1,-1,-1,-1,-1,0,-1
2024421414390,2024,421414390,2,1,0,-1,19,3,7,-1,0,1,5,0,0,0,3,1,-1,6,1,28,6,-1,-1,-1,-1,2,E01004394,0,2
2024201531550,2024,201531550,2,9,0,-1,5,2,4,-1,0,1,0,0,0,0,1,9,-1,2,1,21,5,-1,-1,-1,-1,2,E01010038,0,3
2024501425660,2024,501425660,1,19,0,-1,19,2,6,-1,0,0,0,0,1,0,1,1,-1,6,1,75,10,-1,-1,-1,-1,-1,-1,0,-1
2024340NN0622,2024,340NN0622,2,9,0,-1,19,1,5,-1,0,8,0,0,7,0,4,1,-1,6,1,61,9,-1,-1,-1,-1,7,E01027353,0,2
2024991448726,2024,991448726,1,1,0,-1,9,6,3,-1,0,8,0,0,0,0,3,1,-1,9,1,17,4,-1,-1,-1,-1,2,-1,0,1
2024010510075,2024,010510075,2,1,0,18,19,5,1,0,0,0,0,0,0,0,2,1,6,6,1,29,6,-1,-1,-1,-1,4,E01003530,0,1
2024991495618,2024,991495618,2,9,0,-1,3,7,3,-1,0,0,0,0,0,0,2,2,-1,9,1,45,7,-1,-1,-1,-1,10,-1,0,2
2024991513529,2024,991513529,1,9,0,-1,9,5,1,-1,0,1,0,0,0,0,3,1,-1,2,1,58,9,-1,-1,-1,-1,2,-1,0,4
2024010494950,2024,010494950,2,1,0,3,3,3,7,0,0,8,0,0,0,0,3,1,6,6,1,24,5,-1,-1,-1,-1,6,E01001837,0,1
2024501460502,2024,501460502,1,9,0,-1,19,3,7,-1,0,8,0,0,3,1,1,1,-1,6,1,19,4,-1,-1,-1,-1,3,E01020067,0,1
2024421519293,2024,421519293,2,1,0,-1,3,-1,-1,-1,0,0,-1,0,0,0,1,1,-1,6,1,63,9,-1,-1,-1,-1,5,E01021522,0,1
2024430561367,2024,430561367,1,9,0,18,19,5,1,0,0,0,0,0,0,0,1,1,1,1,1,38,7,-1,-1,-1,-1,9,E01028619,0,1
2024221488150,2024,221488150,1,9,0,-1,19,4,8,-1,0,8,0,0,0,0,1,1,-1,9,1,87,11,-1,-1,-1,-1,7,E01032136,0,1
2024332400067,2024,332400067,1,9,0,-1,19,1,5,-1,0,0,0,0,0,0,1,1,-1,6,3,-1,-1,-1,-1,-1,-1,-1,-1,0,-1
2024010521453,2024,010521453,1,9,0,18,19,3,7,0,0,1,0,0,0,0,1,1,6,6,3,-1,-1,-1,-1,-1,-1,-1,-1,0,-1
2024351437270,2024,351437270,1,9,0,-1,19,-1,-1,-1,0,8,0,0,0,0,9,9,-1,6,1,-1,-1,-1,-1,-1,-1,-1,-1,0,-1
2024302401317,2024,302401317,2,1,0,99,99,9,9,0,0,0,0,0,0,0,9,1,6,6,1,13,3,-1,-1,-1,-1,6,E01019852,0,1
2024010487220,2024,010487220,2,1,0,18,19,5,1,0,0,3,1,0,0,0,1,1,6,6,1,35,6,-1,-1,-1,-1,6,E01001293,0,1
2024440022054,2024,440022054,1,9,0,18,19,2,6,0,0,1,0,0,0,0,4,1,6,6,3,-1,-1,-1,-1,-1,-1,-1,-1,0,-1
2024010506835,2024,010506835,1,9,0,99,99,9,9,99,99,0,9,99,9,99,1,9,6,6,1,63,9,-1,-1,-1,-1,8,E01035608,0,4
2024371396515,2024,371396515,1,9,0,-1,19,1,5,-1,0,0,0,0,1,4,1,1,-1,6,1,50,8,-1,-1,-1,-1,6,E01018049,0,3
202454B445624,2024,54B445624,1,8,0,18,19,1,5,0,0,1,0,0,0,0,1,1,1,1,1,45,7,-1,-1,-1,-1,8,E01032688,0,1
2024430030587,2024,430030587,1,1,0,18,19,5,1,0,0,8,0,0,0,0,1,1,6,6,3,-1,-1,-1,-1,-1,-1,-1,-1,0,-1
2024543628924,2024,543628924,2,1,0,4,4,2,6,0,0,0,0,0,0,0,2,1,6,6,1,42,7,-1,-1,-1,-1,4,E01032014,0,1
2024622400172,2024,622400172,2,1,0,9,9,1,4,0,0,0,0,0,0,0,1,1,6,6,1,77,11,-1,-1,-1,-1,1,W01001174,0,1
2024161501024,2024,161501024,2,9,0,-1,19,5,8,-1,0,1,0,0,0,0,9,9,-1,6,2,-1,-1,-1,-1,-1,-1,-1,-1,0,-1
2024411526654,2024,411526654,1,-1,0,-1,-1,-1,-1,-1,-1,8,-1,-1,-1,0,-1,9,-1,2,1,35,6,-1,-1,-1,-1,7,E01023771,1,1
2024340WN0622,2024,340WN0622,1,9,0,-1,19,5,1,-1,0,2,0,0,0,0,1,1,-1,6,2,-1,-1,-1,-1,-1,-1,-1,-1,0,-1
2024101397219,2024,101397219,2,9,0,-1,19,3,7,-1,0,1,0,0,0,0,3,1,-1,6,1,37,7,-1,-1,-1,-1,-1,-1,0,-1
2024131407242,2024,131407242,1,90,0,-1,19,5,1,-1,0,0,0,0,0,0,1,1,-1,6,1,19,4,-1,-1,-1,-1,-1,-1,0,-1
2024041494300,2024,041494300,2,1,0,-1,19,7,3,-1,0,1,0,0,0,0,3,1,-1,9,1,81,11,-1,-1,-1,-1,2,E01025115,0,1
202417L304824,2024,17L304824,2,9,0,-1,19,2,6,-1,0,1,0,0,0,0,1,1,-1,6,1,-1,-1,-1,-1,-1,-1,-1,-1,0,-1
2024211474209,2024,211474209,1,9,0,-1,3,7,3,-1,0,1,0,0,0,0,2,1,-1,2,1,28,6,-1,-1,-1,-1,2,E01029499,0,3
2024010487746,2024,010487746,1,9,0,5,5,2,6,0,0,0,0,4,0,0,1,1,6,6,1,28,6,-1,-1,-1,-1,6,E01000847,0,1
2024010513909,2024,010513909,2,5,0,13,13,5,1,0,0,1,0,7,0,0,1,1,6,6,1,40,7,-1,-1,-1,-1,8,E01002193,0,2
2024061504829,2024,061504829,1,9,0,-1,19,7,3,-1,0,0,0,0,0,0,1,1,-1,6,2,35,6,-1,-1,-1,-1,3,E01006145,0,1
2024520402579,2024,520402579,2,9,0,18,19,3,8,0,0,0,0,0,0,0,1,9,6,6,3,-1,-1,-1,-1,-1,-1,-1,-1,0,-1
2024351471549,2024,351471549,2,1,0,-1,19,1,5,-1,0,0,0,0,0,0,1,1,-1,9,2,17,4,-1,-1,-1,-1,2,E01015643,0,1
2024311530878,2024,311530878,1,1,0,-1,19,1,5,-1,4,1,2,0,0,0,1,1,-1,1,1,30,6,-1,-1,-1,-1,-1,-1,0,-1
2024520401796,2024,520401796,1,19,0,18,19,5,1,0,0,0,0,0,0,0,1,1,6,6,1,38,7,-1,-1,-1,-1,4,E01029111,0,1
2024461533849,2024,461533849,2,-1,0,-1,19,3,7,-1,9,0,0,0,0,0,1,9,-1,6,1,19,4,-1,-1,-1,-1,2,E01016066,1,1
2024201433427,2024,201433427,1,9,0,-1,19,3,7,-1,0,2,0,0,0,0,1,9,-1,2,1,64,9,-1,-1,-1,-1,1,E01009361,0,1
2024451459379,2024,451459379,1,9,0,-1,19,5,1,-1,0,0,0,0,0,0,2,1,-1,6,2,30,6,-1,-1,-1,-1,4,E01030739,0,2
2024440186805,2024,440186805,1,1,0,18,19,2,6,0,0,2,0,0,0,0,2,1,6,6,1,41,7,-1,-1,-1,-1,8,E01023245,0,3
2024401396664,2024,401396664,1,9,-1,-1,-1,-1,-1,-1,-1,-1,-1,-1,-1,0,-1,9,-1,6,3,-1,-1,-1,-1,-1,-1,-1,-1,0,-1
2024010517082,2024,010517082,2,1,0,18,19,5,1,0,0,8,0,0,0,0,3,1,6,6,1,73,10,-1,-1,-1,-1,3,E01001215,0,1
2024302401524,2024,302401524,2,22,0,1,1,6,2,0,0,1,0,0,0,0,4,1,6,6,1,82,11,-1,-1,-1,-1,1,E01019729,0,1
2024041396924,2024,041396924,2,-1,0,-1,19,3,7,-1,0,0,0,0,0,0,4,1,-1,7,1,12,3,-1,-1,-1,-1,5,E01012727,1,1
2024340WN1482,2024,340WN1482,1,9,0,-1,19,6,2,-1,0,1,0,0,1,4,1,1,-1,6,2,36,7,-1,-1,-1,-1,6,E01027029,0,1
2024122400059,2024,122400059,1,9,0,18,19,3,7,0,0,8,0,0,0,0,1,1,6,6,1,59,9,-1,-1,-1,-1,5,E01006074,0,5
2024430593572,2024,430593572,1,9,0,18,19,-1,-1,0,0,1,0,0,0,0,4,1,6,6,1,49,8,-1,-1,-1,-1,8,E01034461,0,1
2024361442946,2024,361442946,2,9,0,-1,9,5,3,-1,0,8,0,0,0,0,1,1,-1,9,2,18,4,-1,-1,-1,-1,1,E01026793,0,1
2024010540666,2024,010540666,2,1,0,7,7,2,3,2,2,1,0,0,0,0,4,1,6,6,1,31,6,-1,-1,-1,-1,3,E01001981,0,1
2024991473518,2024,991473518,1,9,0,-1,19,1,5,-1,0,0,1,0,7,0,1,1,-1,9,1,77,11,-1,-1,-1,-1,-1,-1,0,-1
2024122401185,2024,122401185,2,1,0,5,5,1,5,0,0,0,0,0,0,0,3,1,2,2,1,21,5,-1,-1,-1,-1,5,E01027582,0,1
2024351469121,2024,351469121,2,9,0,-1,13,5,1,-1,0,8,0,0,7,0,1,1,-1,6,1,60,9,-1,-1,-1,-1,6,E01034561,0,4
2024411504412,2024,411504412,1,9,0,-1,3,7,3,-1,0,1,0,11,0,0,4,1,-1,6,2,25,5,-1,-1,-1,-1,7,E01023605,0,1
2024010493656,2024,010493656,1,5,0,99,99,9,9,99,99,9,9,99,9,99,0,1,2,2,1,39,7,-1,-1,-1,-1,8,E01030785,0,4
2024991479741,2024,991479741,2,9,0,-1,5,8,4,-1,0,1,0,0,0,0,3,1,-1,6,2,28,6,-1,-1,-1,-1,-1,-1,0,-1
2024546568924,2024,546568924,2,9,0,3,3,4,7,0,0,0,0,0,0,0,2,1,6,6,1,33,6,-1,-1,-1,-1,6,E01032085,0,2
2024351445407,2024,351445407,2,-1,-1,-1,-1,-1,-1,-1,-1,-1,-1,-1,-1,0,-1,1,-1,9,1,18,4,-1,-1,-1,-1,2,E01015654,1,1
2024010541531,2024,010541531,2,9,0,15,15,9,9,99,99,0,9,99,9,99,9,9,6,6,3,-1,-1,-1,-1,-1,-1,-1,-1,0,-1
2024302500160,2024,302500160,2,1,0,-1,19,1,4,-1,0,4,0,0,0,0,3,1,-1,6,1,52,8,-1,-1,-1,-1,9,E01013981,0,2
2024010546903,2024,010546903,2,1,9,99,99,9,9,99,99,9,9,99,9,99,0,1,6,6,2,31,6,-1,-1,-1,-1,2,E01002716,0,1
2024231518012,2024,231518012,2,1,0,-1,19,7,3,-1,0,8,0,0,0,0,1,1,-1,6,1,53,8,-1,-1,-1,-1,8,E01031285,0,1
2024547661124,2024,547661124,1,9,0,13,13,6,1,0,0,1,0,0,0,0,2,1,6,6,1,31,6,-1,-1,-1,-1,7,E01033843,0,2
2024302400702,2024,302400702,3,9,0,3,3,2,6,0,0,8,0,0,0,0,0,1,6,6,3,-1,-1,-1,-1,-1,-1,5,E01019456,0,2
2024010522310,2024,010522310,2,9,0,18,19,7,3,0,0,0,0,0,0,0,1,1,6,6,3,-1,-1,-1,-1,-1,-1,-1,-1,0,-1
2024010562800,2024,010562800,1,98,9,99,99,9,9,0,0,8,0,0,0,0,1,9,6,6,2,-1,-1,-1,-1,-1,-1,-1,-1,0,-1
2024302400078,2024,302400078,2,19,0,12,12,2,6,0,0,0,0,0,0,0,3,1,6,6,1,36,7,-1,-1,-1,-1,4,E01010259,0,4
2024010518837,2024,010518837,2,8,9,99,99,9,9,99,99,9,9,99,9,99,9,9,6,6,3,-1,-1,-1,-1,-1,-1,3,E01003630,0,2
2024161485992,2024,161485992,1,1,0,-1,7,3,5,-1,0,8,0,0,3,0,2,1,-1,9,2,50,8,-1,-1,-1,-1,1,E01012900,0,1
2024311431387,2024,311431387,2,9,0,-1,19,-1,-1,-1,0,8,0,0,0,0,-1,1,-1,6,1,-1,-1,-1,-1,-1,-1,4,E01029010,0,5
2024010488167,2024,010488167,1,9,0,18,19,1,5,0,0,0,0,0,0,0,1,1,6,6,2,51,8,-1,-1,-1,-1,10,E01023948,0,2
2024461465623,2024,461465623,1,9,0,-1,19,3,7,-1,0,0,0,11,0,0,4,9,-1,1,1,-1,-1,-1,-1,-1,-1,5,E01024238,0,1
2024610047224,2024,610047224,2,9,0,18,19,4,8,0,0,0,0,0,0,0,1,1,6,6,1,28,6,-1,-1,-1,-1,1,W01001689,0,1
2024101426827,2024,101426827,1,16,0,-1,9,3,1,-1,0,8,0,0,0,0,1,1,-1,6,2,-1,-1,-1,-1,-1,-1,-1,-1,0,-1
2024332400248,2024,332400248,1,9,0,-1,19,5,1,-1,0,8,0,0,0,0,1,1,-1,9,1,20,4,-1,-1,-1,-1,4,E01034016,0,1
2024010521690,2024,010521690,1,9,0,18,19,3,7,0,0,8,0,0,0,0,1,1,6,6,3,-1,-1,-1,-1,-1,-1,-1,-1,0,-1
2024311435984,2024,311435984,1,-1,0,-1,19,5,1,-1,0,8,0,0,0,0,1,1,-1,6,1,20,4,-1,-1,-1,-1,-1,-1,1,-1
2024201521246,2024,201521246,1,9,0,-1,15,7,3,-1,0,0,0,0,0,0,1,1,-1,6,-1,-1,-1,-1,-1,-1,-1,-1,-1,0,-1
2024010532046,2024,010532046,2,4,0,13,13,1,5,0,0,0,2,0,0,0,1,1,6,6,1,24,5,-1,-1,-1,-1,2,E01015976,0,2
2024461428092,2024,461428092,1,9,0,-1,19,2,6,-1,0,2,0,0,0,0,1,1,-1,2,1,51,8,-1,-1,-1,-1,6,E01024578,0,4
2024302401301,2024,302401301,1,1,0,18,19,7,3,9,9,0,0,0,0,0,1,1,4,7,1,13,3,-1,-1,-1,-1,3,E01019552,0,1
2024351430109,2024,351430109,1,9,0,-1,7,-1,-1,-1,4,5,0,0,0,0,4,9,-1,6,3,-1,-1,-1,-1,-1,-1,-1,-1,0,-1
2024010548103,2024,010548103,2,19,9,99,99,9,9,99,99,9,9,99,9,99,2,9,6,6,3,-1,-1,-1,-1,-1,-1,-1,-1,0,-1
2024501403032,2024,501403032,1,19,0,-1,1,1,5,-1,0,0,0,0,0,0,2,1,-1,1,1,42,7,-1,-1,-1,-1,4,E01019037,0,1
2024411420158,2024,411420158,1,1,0,-1,19,7,3,-1,9,0,0,0,0,0,1,1,-1,9,1,16,4,-1,-1,-1,-1,-1,-1,0,-1
2024161444853,2024,161444853,1,97,0,-1,19,8,4,-1,0,0,1,0,0,0,0,1,-1,6,1,16,4,-1,-1,-1,-1,1,E01012785,0,1
2024311524347,2024,311524347,1,1,0,-1,19,1,5,-1,0,1,0,0,0,0,1,1,-1,6,1,40,7,-1,-1,-1,-1,-1,-1,0,-1
2024101464978,2024,101464978,1,9,-1,-1,19,7,1,-1,0,1,0,0,0,0,-1,9,-1,6,3,-1,-1,-1,-1,-1,-1,-1,-1,0,-1
2024311406084,2024,311406084,2,1,0,-1,19,4,7,-1,0,2,5,0,0,0,4,1,-1,2,1,66,10,-1,-1,-1,-1,1,E01013881,0,1
2024371416770,2024,371416770,1,9,0,-1,19,7,3,-1,0,0,0,0,0,0,0,9,-1,6,3,16,4,-1,-1,-1,-1,-1,-1,0,-1
2024141518810,2024,141518810,1,1,0,-1,10,7,5,-1,0,8,5,0,0,0,2,1,-1,2,1,16,4,-1,-1,-1,-1,1,E01007378,0,2
2024991439049,2024,991439049,2,9,0,-1,2,0,0,-1,0,0,0,0,0,0,0,1,-1,1,1,40,7,-1,-1,-1,-1,-1,-1,0,-1
2024461410291,2024,461410291,2,19,0,-1,4,7,3,-1,0,0,0,0,0,0,2,1,-1,2,1,30,6,-1,-1,-1,-1,3,E01035313,0,4
2024461393694,2024,461393694,2,9,0,-1,4,4,8,-1,0,0,0,0,0,0,3,1,-1,9,1,33,6,-1,-1,-1,-1,5,E01024571,0,4
2024010526790,2024,010526790,2,11,0,99,99,9,9,99,99,9,9,99,9,99,1,9,6,6,3,-1,-1,-1,-1,-1,-1,-1,-1,0,-1
2024161418806,2024,161418806,1,9,3,-1,9,5,3,-1,0,6,0,0,0,0,3,1,-1,9,1,68,10,-1,-1,-1,-1,3,E01007374,0,4
2024211402668,2024,211402668,2,1,0,-1,19,7,3,-1,0,1,0,0,0,0,1,1,-1,9,1,14,3,-1,-1,-1,-1,4,E01029692,0,1
2024201437943,2024,201437943,1,9,0,-1,19,6,2,-1,0,0,0,0,0,0,1,1,-1,6,3,-1,-1,-1,-1,-1,-1,-1,-1,0,-1
2024481564129,2024,481564129,2,1,0,-1,7,3,5,-1,5,1,0,0,0,0,4,1,-1,2,2,48,8,-1,-1,-1,-1,-1,-1,0,-1
2024101394233,2024,101394233,1,9,0,-1,19,8,4,-1,0,2,1,4,0,0,1,1,-1,6,1,78,11,-1,-1,-1,-1,1,E01027392,0,1
2024311450416,2024,311450416,1,9,-1,-1,19,4,8,-1,0,0,0,0,0,0,0,9,-1,6,3,-1,-1,-1,-1,-1,-1,-1,-1,0,-1
2024161438438,2024,161438438,2,1,0,-1,19,8,4,-1,0,1,0,0,0,0,1,1,-1,6,1,9,2,-1,-1,-1,-1,7,E01013126,0,1
2024471527371,2024,471527371,1,9,0,-1,2,0,0,-1,9,2,0,0,0,0,4,1,-1,6,1,20,4,-1,-1,-1,-1,10,E01031627,0,3
2024010526660,2024,010526660,3,1,9,99,99,9,9,99,99,9,9,99,9,99,0,1,6,6,3,-1,-1,-1,-1,-1,-1,-1,-1,0,-1
2024231401695,2024,231401695,1,9,0,-1,13,2,6,-1,0,0,1,0,1,1,2,9,-1,9,2,41,7,-1,-1,-1,-1,10,E01031305,0,2
2024111473979,2024,111473979,3,9,0,-1,19,8,4,-1,0,2,0,0,0,0,1,1,-1,9,1,65,9,-1,-1,-1,-1,4,E01020891,0,3
2024010490251,2024,010490251,4,9,0,3,3,1,5,0,0,2,0,0,0,0,2,1,6,6,2,46,8,-1,-1,-1,-1,1,E01002673,0,1
2024010523306,2024,010523306,1,1,9,99,99,9,9,99,99,9,9,99,9,99,1,1,6,6,3,-1,-1,-1,-1,-1,-1,-1,-1,0,-1
2024481569641,2024,481569641,1,1,0,-1,19,1,5,-1,0,1,0,0,0,0,1,1,-1,6,1,30,6,-1,-1,-1,-1,-1,-1,0,-1
2024061502157,2024,061502157,2,99,-1,-1,-1,-1,-1,-1,-1,0,-1,-1,-1,0,-1,9,-1,6,3,-1,-1,-1,-1,-1,-1,-1,-1,0,-1
2024061468656,2024,061468656,2,1,-1,-1,-1,-1,-1,-1,-1,0,-1,-1,-1,0,-1,1,-1,6,3,39,7,-1,-1,-1,-1,7,E01005173,0,1
2024041418215,2024,041418215,2,1,0,-1,3,5,1,-1,0,0,5,0,0,0,2,1,-1,2,1,25,5,-1,-1,-1,-1,7,E01025411,0,1
2024411501099,2024,411501099,2,5,0,-1,4,1,1,-1,0,1,0,0,0,0,2,1,-1,6,1,58,9,-1,-1,-1,-1,8,E01023486,0,3
2024010506425,2024,010506425,1,9,0,99,99,9,9,99,99,9,9,99,9,99,1,9,6,6,3,-1,-1,-1,-1,-1,-1,-1,-1,0,-1
2024221427856,2024,221427856,1,9,0,-1,19,8,4,-1,0,0,0,0,0,0,0,9,-1,6,3,45,7,-1,-1,-1,-1,-1,-1,0,-1
2024471535110,2024,471535110,2,1,0,-1,19,5,1,-1,0,8,0,0,0,0,4,1,-1,1,1,40,7,-1,-1,-1,-1,4,E01020957,0,2
2024211481199,2024,211481199,1,9,0,-1,19,7,3,-1,0,0,0,0,0,0,2,1,-1,6,1,25,5,-1,-1,-1,-1,-1,-1,0,-1
2024440218142,2024,440218142,1,9,0,2,2,0,0,0,0,0,0,0,0,0,3,1,6,6,3,-1,-1,-1,-1,-1,-1,-1,-1,0,-1
2024010537225,2024,010537225,2,9,9,99,99,9,9,99,99,9,9,99,9,99,9,9,6,6,3,32,6,-1,-1,-1,-1,10,E01030604,0,4
2024010510073,2024,010510073,1,9,0,18,19,6,2,0,0,1,0,0,0,0,1,1,6,6,3,-1,-1,-1,-1,-1,-1,-1,-1,0,-1
2024430019942,2024,430019942,2,9,0,18,19,3,7,0,0,0,1,0,0,0,2,1,6,6,1,59,9,-1,-1,-1,-1,4,E01033930,0,3
2024010536851,2024,010536851,2,9,0,18,19,3,7,0,0,0,0,0,0,0,1,1,6,6,3,-1,-1,-1,-1,-1,-1,-1,-1,0,-1
2024010491118,2024,010491118,1,9,0,9,9,4,2,0,0,6,0,0,0,0,1,1,2,2,1,21,5,-1,-1,-1,-1,2,E01003243,0,1
2024211529779,2024,211529779,1,99,0,-1,19,5,1,-1,0,0,0,0,0,0,1,9,-1,6,3,21,5,-1,-1,-1,-1,-1,-1,0,-1
2024010524011,2024,010524011,1,1,9,18,19,9,9,99,99,9,9,99,9,99,9,1,1,1,1,17,4,-1,-1,-1,-1,4,E01003440,0,1
2024991413682,2024,991413682,1,9,0,-1,9,7,5,-1,0,8,0,0,0,0,4,1,-1,9,1,35,6,-1,-1,-1,-1,8,-1,0,2
2024471473925,2024,471473925,2,1,0,-1,19,7,3,-1,0,0,0,0,0,0,1,1,-1,6,1,73,10,-1,-1,-1,-1,6,E01022940,0,3
2024010533347,2024,010533347,2,1,0,18,19,8,4,4,4,1,0,0,0,0,1,1,6,6,2,36,7,-1,-1,-1,-1,3,E01001011,0,1
2024332400964,2024,332400964,1,98,0,-1,12,1,5,-1,0,0,0,0,0,0,3,1,-1,6,3,-1,-1,-1,-1,-1,-1,-1,-1,0,-1
2024010495023,2024,010495023,1,9,0,18,19,3,7,0,0,0,0,0,0,0,2,1,1,1,1,59,9,-1,-1,-1,-1,3,E01000385,0,3
2024351406749,2024,351406749,1,1,0,-1,9,1,5,-1,0,0,2,0,0,0,3,1,-1,6,2,19,4,-1,-1,-1,-1,4,E01008997,0,5
2024461471454,2024,461471454,1,9,0,-1,14,5,1,-1,0,8,5,0,0,0,3,9,-1,6,1,58,9,-1,-1,-1,-1,5,E01024223,0,1