collision_index,collision_year,collision_ref_no,vehicle_reference,vehicle_type,towing_and_articulation,vehicle_manoeuvre_historic,vehicle_manoeuvre,vehicle_direction_from,vehicle_direction_to,vehicle_location_restricted_lane_historic,vehicle_location_restricted_lane,junction_location,skidding_and_overturning,hit_object_in_carriageway,vehicle_leaving_carriageway,hit_object_off_carriageway,first_point_of_impact,vehicle_left_hand_drive,journey_purpose_of_driver_historic,journey_purpose_of_driver,sex_of_driver,age_of_driver,age_band_of_driver,engine_capacity_cc,propulsion_code,age_of_vehicle,generic_make_model,driver_imd_decile,lsoa_of_driver,escooter_flag,driver_distance_banding
2024122500283,2024,122500283,2,9,0,7,7,8,2,0,0,8,0,0,0,0,1,1,6,6,3,-1,-1,-1,-1,-1,-1,-1,-1,0,-1
2024010511601,2024,010511601,2,1,0,9,9,3,1,0,0,8,0,0,0,0,2,1,2,2,1,62,9,-1,-1,-1,-1,2,E01002793,0,1
2024221487459,2024,221487459,2,8,0,-1,3,7,3,-1,0,1,0,0,0,0,2,9,-1,1,3,52,8,-1,-1,-1,-1,-1,-1,0,-1
2024451491246,2024,451491246,1,9,0,-1,-1,-1,-1,-1,-1,1,-1,-1,-1,0,-1,9,-1,6,3,-1,-1,-1,-1,-1,-1,-1,-1,0,-1
2024010495848,2024,010495848,2,9,0,99,99,9,9,99,99,9,9,99,9,99,1,9,6,6,3,-1,-1,-1,-1,-1,-1,1,E01003347,0,1
2024041419449,2024,041419449,2,9,0,-1,3,5,1,-1,0,0,0,0,0,0,2,1,-1,9,2,41,7,-1,-1,-1,-1,3,E01025249,0,4
2024061511249,2024,061511249,1,9,0,-1,9,1,7,-1,0,2,0,0,0,0,1,9,-1,6,3,-1,-1,-1,-1,-1,-1,-1,-1,0,-1
2024052400754,2024,052400754,1,9,0,5,5,2,6,0,0,1,0,0,0,0,1,1,6,6,3,-1,-1,-1,-1,-1,-1,-1,-1,0,-1
2024610019524,2024,610019524,3,9,0,18,19,3,7,0,0,0,0,0,0,0,2,1,6,6,3,-1,-1,-1,-1,-1,-1,-1,-1,0,-1
2024430252322,2024,430252322,1,19,0,18,19,7,3,0,0,1,0,10,0,0,1,1,6,6,2,53,8,-1,-1,-1,-1,9,E01033955,0,1
2024351490101,2024,351490101,1,9,0,-1,4,1,5,-1,0,0,0,4,0,0,0,1,-1,2,1,45,7,-1,-1,-1,-1,3,E01015638,0,2
2024340NN2122,2024,340NN2122,2,1,0,-1,19,1,5,-1,0,1,0,0,0,0,4,1,-1,9,1,52,8,-1,-1,-1,-1,3,E01027082,0,1
2024041467144,2024,041467144,1,9,0,-1,9,4,8,-1,0,0,0,0,0,0,3,9,-1,6,3,-1,-1,-1,-1,-1,-1,-1,-1,0,-1
2024311397325,2024,311397325,2,1,0,-1,4,7,3,-1,0,1,0,0,0,0,1,1,-1,2,1,26,6,-1,-1,-1,-1,-1,-1,0,-1
2024010496072,2024,010496072,1,3,0,99,99,9,9,99,99,9,9,99,9,99,1,1,1,1,1,34,6,-1,-1,-1,-1,2,E01002096,0,2
2024010490300,2024,010490300,1,9,0,99,99,9,9,99,99,9,9,99,9,99,2,9,6,6,1,27,6,-1,-1,-1,-1,2,E01003059,0,2
2024548841524,2024,548841524,1,9,0,18,19,5,1,0,0,6,0,0,0,0,1,1,6,6,1,34,6,-1,-1,-1,-1,3,E01035675,0,5
2024010517588,2024,010517588,2,1,0,18,19,5,1,0,0,0,0,0,0,0,2,1,6,6,1,14,3,-1,-1,-1,-1,4,E01001465,0,1
2024201414866,2024,201414866,2,9,0,-1,4,4,4,-1,0,0,0,0,0,0,1,1,-1,6,1,59,9,-1,-1,-1,-1,2,E01010025,0,1
2024552401475,2024,552401475,2,1,0,18,19,8,4,4,4,8,0,0,0,0,1,1,6,6,2,59,9,-1,-1,-1,-1,5,E01015377,0,1
2024010488550,2024,010488550,2,9,0,99,99,9,9,99,99,0,9,99,9,99,2,9,6,6,3,-1,-1,-1,-1,-1,-1,-1,-1,0,-1
2024201470478,2024,201470478,2,19,0,-1,19,2,6,-1,0,0,0,0,0,0,2,1,-1,6,1,19,4,-1,-1,-1,-1,4,E01010252,0,1
2024010518557,2024,010518557,2,1,0,18,19,5,1,0,0,1,0,0,0,0,2,1,6,6,1,25,5,-1,-1,-1,-1,5,E01004221,0,1
2024991494102,2024,991494102,2,9,0,-1,19,8,4,-1,0,0,0,0,1,0,1,1,-1,9,1,69,10,-1,-1,-1,-1,7,-1,0,4
2024010523576,2024,010523576,2,9,0,99,99,9,9,99,99,9,9,99,9,99,1,9,6,6,3,-1,-1,-1,-1,-1,-1,-1,-1,0,-1
2024991441497,2024,991441497,2,9,0,-1,19,6,2,-1,0,1,0,0,0,0,1,1,-1,9,2,20,4,-1,-1,-1,-1,-1,-1,0,-1
2024221450126,2024,221450126,2,9,0,-1,19,8,4,-1,0,4,0,0,0,0,2,1,-1,6,2,46,8,-1,-1,-1,-1,5,E01035068,0,2
2024440429568,2024,440429568,1,1,0,9,9,1,6,0,0,1,0,0,0,0,4,1,6,6,2,50,8,-1,-1,-1,-1,1,E01017031,0,1
2024010528849,2024,010528849,1,1,0,9,9,6,3,0,0,1,0,0,0,0,2,1,1,1,1,25,5,-1,-1,-1,-1,2,E01001673,0,2
2024461401126,2024,461401126,1,-1,0,-1,19,1,5,-1,0,8,0,0,0,0,1,1,-1,6,1,18,4,-1,-1,-1,-1,2,E01016024,1,1
2024211432553,2024,211432553,1,9,0,-1,19,5,1,-1,0,0,0,0,0,0,1,9,-1,6,3,-1,-1,-1,-1,-1,-1,-1,-1,0,-1
2024542512624,2024,542512624,1,9,0,4,4,4,8,0,0,0,1,0,0,0,4,1,1,1,1,65,9,-1,-1,-1,-1,8,E01032088,0,2
2024991395213,2024,991395213,1,9,0,-1,19,8,4,-1,0,0,2,0,7,0,1,1,-1,6,1,41,7,-1,-1,-1,-1,8,-1,0,1
2024010486831,2024,010486831,1,9,0,17,19,5,1,0,0,6,0,0,0,0,3,1,6,6,3,-1,-1,-1,-1,-1,-1,-1,-1,0,-1
2024010516874,2024,010516874,1,11,9,18,19,1,5,0,0,1,0,0,0,0,0,1,1,1,1,64,9,-1,-1,-1,-1,3,E01000138,0,2
2024010488093,2024,010488093,1,8,0,5,5,0,5,0,0,0,0,0,0,0,1,1,1,1,1,44,7,-1,-1,-1,-1,-1,-1,0,-1
2024161437355,2024,161437355,1,97,0,-1,19,8,4,-1,0,1,1,0,0,0,0,1,-1,6,1,44,7,-1,-1,-1,-1,4,E01013029,0,2
2024461494240,2024,461494240,1,4,0,-1,19,5,1,-1,0,0,1,9,0,0,1,1,-1,6,1,17,4,-1,-1,-1,-1,7,E01016028,0,1
2024451513882,2024,451513882,2,9,0,-1,15,5,1,-1,0,0,0,0,0,0,4,9,-1,6,3,40,7,-1,-1,-1,-1,-1,-1,0,-1
2024010488298,2024,010488298,1,9,9,99,99,9,9,99,99,0,9,99,9,99,9,9,6,6,3,30,6,-1,-1,-1,-1,3,E01003723,0,3
2024010493026,2024,010493026,3,9,0,18,19,7,3,0,0,0,0,0,0,0,1,1,6,6,1,45,7,-1,-1,-1,-1,3,E01015801,0,4
2024430284197,2024,430284197,1,9,0,18,19,5,1,0,0,1,0,0,0,0,1,1,6,6,1,-1,-1,-1,-1,-1,-1,-1,-1,0,-1
2024461439178,2024,461439178,2,9,0,-1,9,5,3,-1,0,6,0,0,0,0,3,1,-1,6,2,47,8,-1,-1,-1,-1,9,E01024724,0,1
2024052401410,2024,052401410,2,1,0,5,5,7,3,0,0,0,0,0,0,0,3,1,6,6,1,40,7,-1,-1,-1,-1,1,E01006952,0,1
2024010492631,2024,010492631,1,9,0,18,19,2,6,0,0,8,0,0,0,0,4,1,6,6,1,47,8,-1,-1,-1,-1,7,E01024465,0,4
2024451462079,2024,451462079,2,98,0,-1,19,2,6,-1,0,0,0,0,0,0,1,9,-1,6,3,-1,-1,-1,-1,-1,-1,-1,-1,0,-1
2024501505969,2024,501505969,1,9,0,-1,14,3,7,-1,0,0,0,0,0,0,1,1,-1,6,3,-1,-1,-1,-1,-1,-1,-1,-1,0,-1
2024010517145,2024,010517145,1,1,0,18,19,3,7,0,0,1,0,0,0,0,1,1,1,1,1,48,8,-1,-1,-1,-1,6,E01001964,0,2
2024010545639,2024,010545639,2,9,0,99,99,9,9,99,99,9,9,99,9,99,1,9,6,6,3,-1,-1,-1,-1,-1,-1,-1,-1,0,-1
2024070627160,2024,070627160,2,1,0,5,5,6,2,0,0,1,0,0,0,0,3,1,6,6,1,19,4,-1,-1,-1,-1,2,E01018364,0,1
2024010517136,2024,010517136,1,1,9,99,99,9,9,99,99,9,9,99,9,99,9,1,2,2,1,29,6,-1,-1,-1,-1,8,E01004080,0,3
2024201502904,2024,201502904,2,1,0,-1,19,1,6,-1,0,8,0,0,0,0,4,1,-1,9,1,19,4,-1,-1,-1,-1,9,E01032533,0,1
2024201504457,2024,201504457,2,1,0,-1,19,5,1,-1,0,8,2,0,0,0,2,1,-1,6,2,22,5,-1,-1,-1,-1,4,E01033615,0,1
2024041435748,2024,041435748,2,9,0,-1,19,3,7,-1,0,0,0,0,0,0,0,9,-1,6,1,72,10,-1,-1,-1,-1,7,E01024993,0,1
2024332400312,2024,332400312,1,9,0,-1,9,5,3,-1,0,3,0,0,0,0,2,1,-1,1,1,48,8,-1,-1,-1,-1,7,E01025677,0,2
2024991501290,2024,991501290,1,9,0,-1,19,3,7,-1,0,0,0,0,1,0,1,1,-1,9,2,37,7,-1,-1,-1,-1,-1,-1,0,-1
2024430017174,2024,430017174,2,9,0,18,19,4,8,0,0,8,0,0,0,0,1,1,6,6,2,72,10,-1,-1,-1,-1,8,E01017704,0,3
2024351457227,2024,351457227,2,1,0,-1,19,3,7,-1,0,1,5,0,0,0,2,1,-1,6,1,34,6,-1,-1,-1,-1,5,E01017947,0,1
2024421450663,2024,421450663,1,9,0,-1,19,1,5,-1,0,0,0,0,0,0,1,1,-1,6,1,20,4,-1,-1,-1,-1,-1,-1,0,-1
2024522402252,2024,522402252,1,1,0,18,19,4,8,0,0,8,0,0,0,0,1,1,6,6,2,40,7,-1,-1,-1,-1,6,E01006685,0,5
2024461465267,2024,461465267,2,5,0,-1,19,5,1,-1,0,8,1,0,0,0,2,1,-1,9,1,33,6,-1,-1,-1,-1,-1,-1,0,-1
2024552500059,2024,552500059,1,97,0,18,19,6,2,0,0,0,0,0,0,0,4,1,6,6,3,-1,-1,-1,-1,-1,-1,-1,-1,0,-1
2024052401706,2024,052401706,1,9,0,5,5,2,6,0,0,1,0,0,0,0,1,1,2,2,1,32,6,-1,-1,-1,-1,2,E01012383,0,4
2024010505456,2024,010505456,2,9,9,99,99,9,9,99,99,9,9,99,9,99,9,9,6,6,3,-1,-1,-1,-1,-1,-1,-1,-1,0,-1
2024501516370,2024,501516370,1,19,0,-1,19,3,7,-1,0,4,0,0,0,0,1,9,-1,6,3,-1,-1,-1,-1,-1,-1,-1,-1,0,-1
202454B533724,2024,54B533724,1,8,0,18,19,8,4,0,0,1,0,0,0,0,1,1,1,1,1,53,8,-1,-1,-1,-1,6,E01035452,0,3
2024010535263,2024,010535263,1,1,9,99,99,9,9,99,99,9,9,99,9,99,9,1,6,6,2,25,5,-1,-1,-1,-1,8,E01003027,0,1
2024991443777,2024,991443777,1,8,0,-1,3,1,5,-1,0,1,0,0,0,0,4,1,-1,1,1,-1,-1,-1,-1,-1,-1,-1,-1,0,-1
2024010551622,2024,010551622,1,1,0,18,19,6,2,0,0,1,0,0,0,0,1,1,6,6,2,-1,-1,-1,-1,-1,-1,3,E01001175,0,1
2024430000878,2024,430000878,1,9,0,18,19,3,7,0,0,0,1,0,0,0,3,1,6,6,1,19,4,-1,-1,-1,-1,6,E01016301,0,3
2024440443021,2024,440443021,2,9,0,7,7,1,4,0,0,5,0,0,0,0,1,1,6,6,3,-1,-1,-1,-1,-1,-1,-1,-1,0,-1
2024311441501,2024,311441501,2,3,0,-1,19,3,7,-1,0,8,2,0,0,0,1,1,-1,6,1,24,5,-1,-1,-1,-1,1,E01013820,0,1
2024010486951,2024,010486951,2,9,0,18,19,5,1,0,0,0,0,0,0,0,1,1,6,6,1,26,6,-1,-1,-1,-1,7,E01023335,0,2
2024430549062,2024,430549062,1,3,0,18,19,4,8,0,0,0,0,10,0,0,1,1,4,7,1,17,4,-1,-1,-1,-1,10,E01016618,0,1
2024991457094,2024,991457094,2,1,0,-1,19,2,6,-1,0,8,0,0,0,0,1,1,-1,6,1,36,7,-1,-1,-1,-1,7,-1,0,1
2024061406775,2024,061406775,2,9,0,-1,19,8,4,-1,0,8,0,0,0,0,1,1,-1,6,1,32,6,-1,-1,-1,-1,1,E01005132,0,1
2024440522516,2024,440522516,2,9,0,4,4,5,1,0,0,4,0,0,0,0,2,1,6,6,2,52,8,-1,-1,-1,-1,10,E01022596,0,4
2024440482471,2024,440482471,2,9,0,18,19,2,4,0,0,0,0,0,0,0,2,1,6,6,1,-1,-1,-1,-1,-1,-1,-1,-1,0,-1
2024430224980,2024,430224980,1,9,0,18,19,1,5,0,0,0,0,0,0,0,1,1,6,6,2,30,6,-1,-1,-1,-1,-1,-1,0,-1
2024010548284,2024,010548284,1,1,9,99,99,9,9,99,99,9,9,99,9,99,2,1,2,2,1,24,5,-1,-1,-1,-1,2,E01003187,0,1
2024351424555,2024,351424555,1,9,-1,-1,19,-1,-1,-1,0,0,0,0,0,0,-1,9,-1,6,3,-1,-1,-1,-1,-1,-1,-1,-1,0,-1
2024052402163,2024,052402163,1,9,0,18,19,5,1,0,0,7,0,10,1,1,1,1,1,1,1,47,8,-1,-1,-1,-1,4,E01006485,0,2
2024010515931,2024,010515931,1,1,0,15,15,7,3,0,0,1,0,10,0,0,3,1,2,2,1,33,6,-1,-1,-1,-1,9,E01002991,0,3
2024010492317,2024,010492317,2,1,0,17,19,3,2,0,0,2,0,0,0,0,3,1,6,6,1,18,4,-1,-1,-1,-1,7,E01004307,0,1
2024010494767,2024,010494767,1,9,0,18,19,3,7,0,0,0,0,0,0,0,1,1,6,6,1,29,6,-1,-1,-1,-1,7,E01000326,0,1
2024041460050,2024,041460050,2,9,0,-1,19,3,7,-1,0,0,0,0,0,0,1,1,-1,6,3,-1,-1,-1,-1,-1,-1,-1,-1,0,-1
2024010491890,2024,010491890,1,9,0,18,19,6,2,0,0,4,0,0,0,0,1,1,6,6,3,74,10,-1,-1,-1,-1,-1,-1,0,-1
2024461468869,2024,461468869,1,11,0,-1,19,8,4,-1,0,0,0,0,0,0,1,9,-1,1,1,52,8,-1,-1,-1,-1,2,E01001057,0,4
2024201485980,2024,201485980,1,9,0,-1,3,3,7,-1,0,1,0,0,0,0,2,1,-1,6,1,28,6,-1,-1,-1,-1,7,E01009911,0,2
2024201503545,2024,201503545,2,9,0,-1,19,2,4,-1,0,3,0,0,0,0,3,1,-1,6,1,34,6,-1,-1,-1,-1,2,E01009891,0,1
2024332400611,2024,332400611,2,9,0,-1,5,7,3,-1,0,6,0,0,0,0,1,1,-1,6,1,-1,-1,-1,-1,-1,-1,-1,-1,0,-1
2024010491866,2024,010491866,2,19,9,99,99,9,9,99,99,9,9,99,9,99,9,9,6,6,3,-1,-1,-1,-1,-1,-1,-1,-1,0,-1
2024010491452,2024,010491452,1,9,0,99,99,9,9,99,99,9,9,99,9,99,2,9,6,6,2,49,8,-1,-1,-1,-1,3,E01002303,0,1
2024061425595,2024,061425595,1,1,9,-1,19,2,6,-1,0,1,5,0,0,0,1,1,-1,9,1,19,4,-1,-1,-1,-1,1,E01005063,0,1
2024010497425,2024,010497425,1,1,9,99,99,9,9,99,99,9,9,99,9,99,2,1,1,1,1,42,7,-1,-1,-1,-1,3,E01003566,0,1
2024302400616,2024,302400616,2,1,0,14,14,3,7,0,0,2,0,0,0,0,1,1,6,6,1,33,6,-1,-1,-1,-1,1,E01013484,0,1
2024361507514,2024,361507514,2,1,0,-1,9,8,4,-1,0,1,0,0,1,0,1,1,-1,6,1,19,4,-1,-1,-1,-1,3,E01026740,0,1
2024351408776,2024,351408776,2,1,0,-1,19,-1,-1,-1,0,8,0,0,0,0,-1,1,-1,6,1,15,3,-1,-1,-1,-1,6,E01023598,0,4
2024320505828,2024,320505828,2,9,0,-1,-1,7,3,0,0,8,0,0,0,0,1,1,6,6,1,53,8,-1,-1,-1,-1,9,E01026370,0,1
2024052400974,2024,052400974,2,1,0,2,2,0,0,0,0,0,0,0,0,0,1,1,6,6,2,6,2,-1,-1,-1,-1,1,E01007204,0,1
2024311530068,2024,311530068,2,9,0,-1,19,5,1,-1,0,0,0,0,0,0,3,1,-1,9,2,51,8,-1,-1,-1,-1,6,E01026199,0,1
2024622400326,2024,622400326,2,9,0,3,3,4,8,0,0,0,0,0,0,0,2,1,6,6,1,72,10,-1,-1,-1,-1,9,W01000776,0,4
2024201467207,2024,201467207,1,1,0,-1,19,2,6,-1,9,0,0,0,0,0,1,1,-1,6,1,30,6,-1,-1,-1,-1,-1,-1,0,-1
2024332400077,2024,332400077,1,1,0,-1,19,5,1,-1,0,4,0,0,0,0,3,1,-1,2,1,48,8,-1,-1,-1,-1,10,E01025615,0,1
2024461503117,2024,461503117,2,9,0,-1,9,6,2,-1,0,1,0,0,1,10,1,1,-1,9,2,52,8,-1,-1,-1,-1,10,E01024461,0,2
2024340WN0372,2024,340WN0372,1,1,0,-1,15,6,2,-1,0,8,0,0,0,0,3,1,-1,6,1,19,4,-1,-1,-1,-1,2,E01027226,0,1
2024010511787,2024,010511787,1,9,0,18,19,1,5,0,0,0,0,0,0,0,1,1,6,6,3,-1,-1,-1,-1,-1,-1,-1,-1,0,-1
2024451457494,2024,451457494,2,9,0,-1,19,5,1,-1,0,1,0,0,0,0,1,1,-1,6,1,75,10,-1,-1,-1,-1,6,E01030482,0,3
2024631430995,2024,631430995,1,9,0,-1,19,5,1,-1,0,6,0,0,0,0,1,1,-1,6,1,25,5,-1,-1,-1,-1,7,W01000623,0,4
2024991421621,2024,991421621,2,9,0,-1,13,2,6,-1,0,0,0,0,7,9,2,1,-1,2,1,39,7,-1,-1,-1,-1,-1,-1,0,-1
2024201476127,2024,201476127,2,9,0,-1,5,6,4,-1,0,6,0,0,0,0,1,1,-1,6,-1,-1,-1,-1,-1,-1,-1,-1,-1,0,-1
2024401398884,2024,401398884,1,99,-1,-1,-1,-1,-1,-1,-1,0,-1,-1,-1,0,-1,9,-1,6,3,-1,-1,-1,-1,-1,-1,-1,-1,0,-1
2024302401066,2024,302401066,2,1,0,18,19,1,5,0,0,6,0,0,0,0,4,1,6,6,1,8,2,-1,-1,-1,-1,1,E01019761,0,1
2024131440346,2024,131440346,1,9,0,-1,19,3,7,-1,0,0,0,0,0,0,2,1,-1,2,1,37,7,-1,-1,-1,-1,5,E01010934,0,2
2024440358618,2024,440358618,2,9,0,18,19,3,7,0,0,6,0,0,0,0,1,1,6,6,3,-1,-1,-1,-1,-1,-1,-1,-1,0,-1
2024351509781,2024,351509781,2,1,0,-1,4,2,5,-1,0,4,0,0,0,0,2,1,-1,6,1,27,6,-1,-1,-1,-1,10,E01018258,0,2
2024010504206,2024,010504206,2,9,9,99,99,9,9,99,99,0,9,99,9,99,9,9,6,6,3,-1,-1,-1,-1,-1,-1,-1,-1,0,-1
2024351471214,2024,351471214,1,19,0,-1,9,1,5,-1,0,8,0,0,0,0,3,1,-1,9,1,54,8,-1,-1,-1,-1,-1,-1,0,-1
2024461412295,2024,461412295,1,9,0,-1,19,1,5,-1,0,1,0,0,0,0,-1,9,-1,6,3,-1,-1,-1,-1,-1,-1,-1,-1,0,-1
2024141496917,2024,141496917,1,9,0,-1,7,3,7,-1,0,1,1,0,7,0,1,1,-1,9,1,20,4,-1,-1,-1,-1,2,E01008112,0,1
2024552400945,2024,552400945,1,9,0,18,19,7,3,0,0,0,0,0,0,0,1,1,6,6,3,-1,-1,-1,-1,-1,-1,-1,-1,0,-1
2024302400603,2024,302400603,2,1,0,17,19,1,5,0,0,8,0,0,0,0,1,1,1,1,3,-1,-1,-1,-1,-1,-1,5,E01019456,0,3
2024991471259,2024,991471259,2,9,0,-1,19,2,6,-1,0,0,0,0,0,0,2,1,-1,6,2,66,10,-1,-1,-1,-1,9,-1,0,2
2024991408687,2024,991408687,1,9,0,-1,19,1,5,-1,0,0,5,0,1,0,3,1,-1,9,1,52,8,-1,-1,-1,-1,1,-1,0,4
2024471400286,2024,471400286,1,1,0,-1,5,3,7,-1,0,8,0,0,0,0,4,1,-1,9,2,22,5,-1,-1,-1,-1,8,E01021041,0,1
2024052400519,2024,052400519,1,4,0,18,19,5,1,0,0,1,0,0,0,0,1,1,6,6,1,39,7,-1,-1,-1,-1,1,E01033763,0,1
2024451397759,2024,451397759,2,1,0,-1,19,6,2,-1,0,0,0,0,0,0,1,1,-1,6,1,35,6,-1,-1,-1,-1,10,E01030958,0,1
2024141487899,2024,141487899,2,98,0,-1,19,1,5,-1,0,0,0,0,0,0,3,2,-1,1,1,52,8,-1,-1,-1,-1,-1,-1,0,-1
2024010501868,2024,010501868,1,1,9,99,99,9,9,99,99,9,9,99,9,99,9,1,2,2,1,43,7,-1,-1,-1,-1,5,E01003213,0,1
2024302401193,2024,302401193,1,20,0,12,12,8,5,0,0,8,0,0,0,0,3,1,6,6,3,-1,-1,-1,-1,-1,-1,5,E01019456,0,3
2024501395345,2024,501395345,1,9,0,-1,19,8,2,-1,0,8,0,0,0,0,1,1,-1,6,1,66,10,-1,-1,-1,-1,9,E01015101,0,1
2024010487417,2024,010487417,2,9,0,99,99,9,9,99,99,9,9,99,9,99,1,9,6,6,3,-1,-1,-1,-1,-1,-1,-1,-1,0,-1
2024440171753,2024,440171753,2,1,0,18,19,1,5,0,0,8,0,0,0,0,3,1,6,6,1,16,4,-1,-1,-1,-1,2,E01017053,0,1
2024061491614,2024,061491614,1,9,0,-1,19,7,7,-1,0,8,0,0,0,0,1,1,-1,9,2,30,6,-1,-1,-1,-1,3,E01005179,0,1
2024010488852,2024,010488852,1,1,9,99,99,9,9,99,99,9,9,99,9,99,9,1,2,2,1,40,7,-1,-1,-1,-1,3,E01000638,0,1
2024010495323,2024,010495323,2,9,0,99,99,9,9,99,99,9,9,99,9,99,9,9,6,6,3,-1,-1,-1,-1,-1,-1,-1,-1,0,-1
2024101510305,2024,101510305,1,9,0,-1,19,8,4,-1,0,8,0,0,0,0,1,9,-1,6,1,-1,-1,-1,-1,-1,-1,-1,-1,0,-1
2024010493669,2024,010493669,1,19,9,99,99,9,9,99,99,9,9,99,9,99,9,9,6,6,3,-1,-1,-1,-1,-1,-1,-1,-1,0,-1
2024010511621,2024,010511621,2,1,0,18,19,5,1,0,0,8,0,0,0,0,2,1,6,6,3,-1,-1,-1,-1,-1,-1,-1,-1,0,-1
2024461516226,2024,461516226,2,1,0,-1,19,3,7,-1,0,0,2,0,0,0,1,1,-1,6,1,37,7,-1,-1,-1,-1,2,E01024686,0,1
2024622400797,2024,622400797,1,5,0,18,19,8,4,0,0,8,0,0,0,0,1,1,6,6,1,60,9,-1,-1,-1,-1,2,W01001803,0,3
2024231498518,2024,231498518,1,19,0,-1,19,8,4,-1,0,0,0,0,0,0,3,9,-1,6,3,35,6,-1,-1,-1,-1,-1,-1,0,-1
2024522401821,2024,522401821,1,9,0,18,19,7,3,0,0,8,0,0,0,0,1,1,6,6,1,20,4,-1,-1,-1,-1,8,E01014826,0,1
2024221539504,2024,221539504,1,9,0,-1,9,4,2,-1,0,5,0,0,0,0,4,1,-1,6,1,69,10,-1,-1,-1,-1,6,E01028970,0,1
2024430557793,2024,430557793,1,9,0,14,14,5,1,0,0,0,0,0,0,0,0,1,6,6,1,-1,-1,-1,-1,-1,-1,-1,-1,0,-1
2024010538422,2024,010538422,2,1,0,18,19,2,6,2,2,0,0,0,0,0,1,1,6,6,1,29,6,-1,-1,-1,-1,2,E01001364,0,1
2024991518107,2024,991518107,2,9,0,-1,19,8,3,-1,0,0,1,0,0,0,1,1,-1,1,2,34,6,-1,-1,-1,-1,8,-1,0,4
2024141430946,2024,141430946,2,9,0,-1,13,6,1,-1,0,0,0,0,0,0,1,9,-1,6,3,-1,-1,-1,-1,-1,-1,-1,-1,0,-1
2024010541674,2024,010541674,2,1,0,18,19,5,1,0,0,0,0,0,0,0,4,1,6,6,1,16,4,-1,-1,-1,-1,1,E01000605,0,1
2024421427046,2024,421427046,2,9,0,-1,19,-1,-1,-1,0,1,0,0,0,0,1,9,-1,6,2,50,8,-1,-1,-1,-1,7,E01015977,0,3
2024542831224,2024,542831224,1,9,0,18,19,0,0,0,0,0,0,0,1,11,2,1,6,6,1,31,6,-1,-1,-1,-1,9,E01020423,0,4
2024552400782,2024,552400782,1,9,0,5,5,7,3,4,4,6,0,0,0,0,1,1,6,6,2,44,7,-1,-1,-1,-1,7,E01020579,0,1
2024411473350,2024,411473350,2,9,0,-1,2,0,0,-1,9,0,0,0,0,0,1,1,-1,6,-1,-1,-1,-1,-1,-1,-1,-1,-1,0,-1
2024610056624,2024,610056624,2,9,0,3,3,8,4,0,0,0,0,0,0,0,2,1,2,2,1,22,5,-1,-1,-1,-1,7,W01001452,0,2
2024311526206,2024,311526206,1,9,0,-1,19,1,5,-1,0,0,1,0,0,0,1,1,-1,6,1,31,6,-1,-1,-1,-1,9,E01028375,0,1
2024010497248,2024,010497248,2,1,9,99,99,9,9,99,99,1,9,99,9,99,1,1,6,6,1,-1,-1,-1,-1,-1,-1,3,E01004323,0,1
2024361414908,2024,361414908,1,9,0,-1,19,4,8,-1,0,1,0,0,1,0,1,1,-1,6,1,55,8,-1,-1,-1,-1,6,E01026462,0,3
2024010491129,2024,010491129,2,2,0,99,99,9,9,99,99,9,9,99,9,99,1,1,6,6,3,38,7,-1,-1,-1,-1,3,E01033862,0,2
2024302401568,2024,302401568,2,1,0,7,7,5,8,0,0,8,0,0,0,0,4,1,6,6,1,62,9,-1,-1,-1,-1,10,E01019610,0,1
2024010512679,2024,010512679,1,1,9,99,99,9,9,99,99,9,9,99,9,99,9,1,2,2,1,43,7,-1,-1,-1,-1,6,E01003694,0,3
2024201524192,2024,201524192,1,99,0,-1,19,6,8,-1,0,0,0,0,0,0,1,9,-1,6,3,-1,-1,-1,-1,-1,-1,-1,-1,0,-1
2024010504565,2024,010504565,1,1,9,99,99,9,9,99,99,9,9,99,9,99,9,1,2,2,1,33,6,-1,-1,-1,-1,9,E01002116,0,1
2024052401702,2024,052401702,1,9,0,7,7,6,8,0,0,4,0,0,0,0,3,1,6,6,3,-1,-1,-1,-1,-1,-1,-1,-1,0,-1
2024421515727,2024,421515727,2,-1,0,-1,-1,-1,-1,-1,-1,0,-1,-1,-1,0,-1,1,-1,6,1,47,8,-1,-1,-1,-1,4,E01021817,0,1
2024122400972,2024,122400972,1,9,0,18,19,3,7,0,0,8,0,0,0,0,4,1,6,6,3,-1,-1,-1,-1,-1,-1,-1,-1,0,-1
2024010520302,2024,010520302,2,9,9,99,99,9,9,99,99,9,9,99,9,99,9,9,6,6,3,-1,-1,-1,-1,-1,-1,-1,-1,0,-1
2024332400663,2024,332400663,2,9,0,-1,19,1,5,-1,0,0,1,0,7,9,3,1,-1,2,1,21,5,-1,-1,-1,-1,9,E01025817,0,1
2024221491459,2024,221491459,4,9,0,-1,4,8,4,-1,0,8,0,0,0,0,1,1,-1,9,1,35,6,-1,-1,-1,-1,2,E01032262,0,3
2024010516140,2024,010516140,1,1,9,99,99,9,9,99,99,9,9,99,9,99,9,1,2,2,2,28,6,-1,-1,-1,-1,3,E01035660,0,1
2024201480873,2024,201480873,1,9,0,-1,7,2,4,-1,0,6,0,0,0,0,1,9,-1,6,1,26,6,-1,-1,-1,-1,1,E01014163,0,4
2024010531037,2024,010531037,1,1,0,18,19,4,8,0,0,1,5,0,0,0,1,1,6,6,1,35,6,-1,-1,-1,-1,3,E01003082,0,1
2024061528288,2024,061528288,2,1,0,-1,19,7,3,-1,0,8,0,0,0,0,1,1,-1,2,1,43,7,-1,-1,-1,-1,1,E01005953,0,1
2024461471069,2024,461471069,2,9,0,-1,19,7,3,-1,0,0,0,0,0,0,2,9,-1,6,1,30,6,-1,-1,-1,-1,8,E01016126,0,4
2024501454459,2024,501454459,2,9,0,-1,19,1,5,-1,0,0,0,0,0,0,1,1,-1,1,1,30,6,-1,-1,-1,-1,8,E01015038,0,3
2024622400263,2024,622400263,2,9,0,3,3,8,4,0,0,3,0,0,0,0,2,1,6,6,1,34,6,-1,-1,-1,-1,9,W01001729,0,1