collision_index,collision_year,collision_ref_no,vehicle_reference,vehicle_type,towing_and_articulation,vehicle_manoeuvre_historic,vehicle_manoeuvre,vehicle_direction_from,vehicle_direction_to,vehicle_location_restricted_lane_historic,vehicle_location_restricted_lane,junction_location,skidding_and_overturning,hit_object_in_carriageway,vehicle_leaving_carriageway,hit_object_off_carriageway,first_point_of_impact,vehicle_left_hand_drive,journey_purpose_of_driver_historic,journey_purpose_of_driver,sex_of_driver,age_of_driver,age_band_of_driver,engine_capacity_cc,propulsion_code,age_of_vehicle,generic_make_model,driver_imd_decile,lsoa_of_driver,escooter_flag,driver_distance_banding
2024302400081,2024,302400081,1,9,0,18,19,3,7,0,0,0,1,0,1,4,1,1,6,6,1,31,6,-1,-1,-1,-1,2,E01029450,0,3
2024101526685,2024,101526685,4,9,0,-1,2,1,5,-1,0,0,0,0,0,0,0,1,-1,6,1,33,6,-1,-1,-1,-1,3,E01008182,0,2
2024320580033,2024,320580033,2,9,0,-1,-1,4,8,0,0,0,0,0,0,0,1,1,-1,-1,2,20,4,-1,-1,-1,-1,3,E01026068,0,1
2024430374498,2024,430374498,2,9,0,18,19,3,7,0,0,0,0,0,0,0,1,1,6,6,1,81,11,-1,-1,-1,-1,7,E01034464,0,3
2024430402627,2024,430402627,2,9,0,18,19,3,7,0,0,8,0,0,0,0,4,1,1,1,1,26,6,-1,-1,-1,-1,6,E01016754,0,2
2024010532327,2024,010532327,1,9,9,99,99,9,9,99,99,9,9,99,9,99,9,9,6,6,3,-1,-1,-1,-1,-1,-1,-1,-1,0,-1
2024361496333,2024,361496333,1,9,0,-1,9,5,2,-1,0,1,0,0,0,0,0,1,-1,6,2,71,10,-1,-1,-1,-1,6,E01026924,0,2
2024471395617,2024,471395617,1,9,0,-1,19,7,3,-1,0,0,0,0,0,0,1,1,-1,9,2,20,4,-1,-1,-1,-1,10,E01004180,0,4
2024010537697,2024,010537697,1,9,0,18,19,5,1,0,0,0,0,0,0,0,1,1,1,1,1,57,9,-1,-1,-1,-1,2,E01033703,0,2
2024010510581,2024,010510581,1,1,9,99,99,9,9,99,99,9,9,99,9,99,9,1,6,6,3,38,7,-1,-1,-1,-1,3,E01001841,0,1
2024131424280,2024,131424280,1,9,0,-1,19,7,3,-1,0,0,0,0,0,0,1,1,-1,6,1,47,8,-1,-1,-1,-1,2,E01032487,0,1
2024010532947,2024,010532947,1,1,0,18,19,7,3,0,0,1,0,0,0,0,3,1,6,6,1,52,8,-1,-1,-1,-1,4,E01034616,0,1
2024010530921,2024,010530921,2,1,0,5,5,5,1,0,0,8,0,0,0,0,0,1,2,2,1,20,4,-1,-1,-1,-1,4,E01003222,0,1
2024201531451,2024,201531451,2,9,0,-1,9,3,2,-1,0,8,0,0,0,0,3,1,-1,6,1,23,5,-1,-1,-1,-1,1,E01009275,0,1
2024031468971,2024,031468971,2,9,0,-1,19,3,7,-1,0,0,0,0,0,0,3,9,-1,6,3,-1,-1,-1,-1,-1,-1,-1,-1,0,-1
2024010517550,2024,010517550,1,1,9,99,99,9,9,99,99,9,9,99,9,99,9,1,6,6,1,34,6,-1,-1,-1,-1,3,E01004260,0,2
2024131495224,2024,131495224,2,22,0,-1,4,1,5,-1,9,0,0,0,0,0,1,1,-1,9,2,70,10,-1,-1,-1,-1,3,E01011718,0,1
2024101439962,2024,101439962,2,1,0,-1,20,0,0,-1,0,0,0,0,0,0,2,1,-1,6,1,12,3,-1,-1,-1,-1,4,E01027375,0,1
2024010546644,2024,010546644,1,9,0,-1,-1,5,1,0,0,0,1,0,0,0,3,1,1,1,1,30,6,-1,-1,-1,-1,10,E01004117,0,2
2024010514464,2024,010514464,1,1,9,99,99,9,9,99,99,9,9,99,9,99,2,1,6,6,1,36,7,-1,-1,-1,-1,4,E01004031,0,1
2024061404549,2024,061404549,1,9,0,-1,3,2,8,-1,0,2,0,0,0,0,1,1,-1,9,2,34,6,-1,-1,-1,-1,8,E01005880,0,2
2024010487476,2024,010487476,2,9,0,99,99,9,9,99,99,9,9,99,9,99,1,9,6,6,3,-1,-1,-1,-1,-1,-1,-1,-1,0,-1
2024101450553,2024,101450553,3,9,0,-1,-1,-1,-1,-1,-1,8,-1,-1,-1,0,-1,1,-1,6,1,-1,-1,-1,-1,-1,-1,1,E01008170,0,1
2024010521198,2024,010521198,1,90,0,18,19,1,5,0,0,1,0,0,0,0,1,1,6,6,1,36,7,-1,-1,-1,-1,5,E01003217,0,1
2024010530884,2024,010530884,1,9,0,99,99,9,9,99,99,9,9,99,9,99,9,9,6,6,2,51,8,-1,-1,-1,-1,5,E01003683,0,1
2024010534909,2024,010534909,1,9,0,18,19,5,1,9,9,1,0,10,1,2,1,1,6,6,1,24,5,-1,-1,-1,-1,2,E01003966,0,1
2024101417712,2024,101417712,2,1,0,-1,19,6,4,-1,0,8,0,0,0,0,1,1,-1,7,1,11,3,-1,-1,-1,-1,4,E01008555,0,1
2024221420080,2024,221420080,2,9,0,-1,4,7,3,-1,0,0,0,0,0,0,2,9,-1,9,1,42,7,-1,-1,-1,-1,9,E01035060,0,1
2024340WN1662,2024,340WN1662,2,19,0,-1,19,1,5,-1,0,8,0,0,0,0,3,1,-1,1,1,31,6,-1,-1,-1,-1,1,E01027200,0,1
2024461467774,2024,461467774,2,1,0,-1,19,1,5,-1,0,8,0,0,0,0,3,1,-1,6,2,58,9,-1,-1,-1,-1,3,E01024092,0,1
2024631476170,2024,631476170,2,98,0,-1,19,2,6,-1,0,8,0,0,0,0,1,1,-1,1,1,65,9,-1,-1,-1,-1,5,W01000509,0,2
202417H107324,2024,17H107324,2,9,0,-1,13,7,3,-1,0,1,0,0,0,0,0,1,-1,6,3,-1,-1,-1,-1,-1,-1,-1,-1,0,-1
2024010508724,2024,010508724,1,1,9,99,99,9,9,99,99,9,9,99,9,99,2,1,6,6,1,31,6,-1,-1,-1,-1,2,E01003184,0,1
2024501454732,2024,501454732,1,19,0,-1,5,1,3,-1,0,2,0,0,0,0,4,2,-1,1,2,59,9,-1,-1,-1,-1,5,E01020049,0,4
2024531436018,2024,531436018,2,1,0,-1,19,5,1,-1,9,0,0,0,0,0,1,1,-1,6,1,6,2,-1,-1,-1,-1,6,E01034815,0,1
2024440156066,2024,440156066,1,9,0,18,19,4,8,0,0,6,0,0,0,0,1,1,6,6,2,66,10,-1,-1,-1,-1,10,E01023043,0,1
2024531499518,2024,531499518,1,19,0,-1,9,1,7,-1,0,6,0,0,0,0,2,9,-1,6,1,37,7,-1,-1,-1,-1,8,E01002929,0,5
2024010492089,2024,010492089,2,9,0,10,10,3,1,0,0,1,0,0,0,0,4,1,6,6,2,22,5,-1,-1,-1,-1,9,E01004632,0,3
2024161416630,2024,161416630,2,9,0,-1,4,7,3,-1,0,1,0,0,0,0,1,9,-1,6,1,-1,-1,-1,-1,-1,-1,1,E01012948,0,3
2024430580202,2024,430580202,1,19,0,7,7,3,5,0,0,6,0,0,0,0,1,1,1,1,1,47,8,-1,-1,-1,-1,-1,-1,0,-1
2024501396980,2024,501396980,1,9,0,-1,9,6,4,-1,0,8,0,0,0,0,1,1,-1,9,2,21,5,-1,-1,-1,-1,9,E01029631,0,5
2024361469392,2024,361469392,2,9,0,-1,19,5,1,-1,0,1,0,0,0,0,4,1,-1,1,1,52,8,-1,-1,-1,-1,6,E01026479,0,3
2024041467155,2024,041467155,2,9,0,-1,19,1,5,-1,0,0,0,0,0,0,1,1,-1,9,1,29,6,-1,-1,-1,-1,6,E01025585,0,2
2024451507495,2024,451507495,1,1,0,-1,19,1,5,-1,0,0,1,0,0,0,0,1,-1,9,1,78,11,-1,-1,-1,-1,10,E01030870,0,1
2024481558156,2024,481558156,2,1,0,-1,19,5,1,-1,0,1,0,0,0,0,3,1,-1,2,1,52,8,-1,-1,-1,-1,-1,-1,0,-1
2024340WN7282,2024,340WN7282,2,9,0,-1,3,3,7,-1,0,2,0,0,0,0,2,1,-1,9,2,48,8,-1,-1,-1,-1,-1,-1,0,-1
2024421441572,2024,421441572,3,9,0,-1,2,8,8,-1,0,0,0,0,0,0,2,1,-1,6,-1,-1,-1,-1,-1,-1,-1,-1,-1,0,-1
2024010530669,2024,010530669,1,1,9,99,99,9,9,99,99,9,9,99,9,99,9,1,2,2,2,29,6,-1,-1,-1,-1,4,E01004234,0,1
2024440343171,2024,440343171,2,9,0,4,4,4,8,0,0,0,0,0,0,0,2,1,6,6,1,56,9,-1,-1,-1,-1,4,E01023088,0,1
2024010550877,2024,010550877,2,9,0,99,99,9,9,99,99,9,9,99,9,99,1,9,6,6,3,-1,-1,-1,-1,-1,-1,-1,-1,0,-1
2024141551246,2024,141551246,2,98,0,-1,12,7,3,-1,0,0,0,0,0,0,-1,9,-1,6,3,-1,-1,-1,-1,-1,-1,-1,-1,0,-1
2024010492319,2024,010492319,1,9,0,18,19,1,5,0,0,0,0,4,0,0,2,1,2,2,1,64,9,-1,-1,-1,-1,3,E01003528,0,1
2024991474466,2024,991474466,1,9,0,-1,19,2,6,-1,0,0,0,0,0,0,1,1,-1,6,2,52,8,-1,-1,-1,-1,4,-1,0,1
2024010550149,2024,010550149,2,8,0,99,99,9,9,99,99,9,9,99,9,99,9,9,6,6,1,-1,-1,-1,-1,-1,-1,-1,-1,0,-1
2024421417180,2024,421417180,1,9,-1,-1,6,-1,-1,-1,0,0,0,0,0,0,-1,9,-1,6,3,-1,-1,-1,-1,-1,-1,-1,-1,0,-1
2024010492777,2024,010492777,1,9,0,99,99,9,9,99,99,9,9,99,9,99,2,9,6,6,3,55,8,-1,-1,-1,-1,8,E01000233,0,2
2024461513458,2024,461513458,1,97,0,-1,7,3,5,-1,0,1,0,0,0,0,3,1,-1,6,3,-1,-1,-1,-1,-1,-1,-1,-1,0,-1
2024421423651,2024,421423651,1,9,0,-1,19,3,7,-1,0,3,0,0,0,0,4,9,-1,6,3,-1,-1,-1,-1,-1,-1,-1,-1,0,-1
2024991433234,2024,991433234,1,9,0,-1,19,2,5,-1,0,3,0,0,0,0,4,1,-1,2,2,26,6,-1,-1,-1,-1,6,-1,0,1
2024010548661,2024,010548661,1,9,0,99,99,9,9,99,99,9,9,99,9,99,1,1,6,6,3,-1,-1,-1,-1,-1,-1,-1,-1,0,-1
2024501470649,2024,501470649,2,90,0,-1,4,3,1,-1,0,0,0,0,0,0,2,9,-1,6,1,63,9,-1,-1,-1,-1,4,E01018781,0,2
2024131512604,2024,131512604,2,21,0,-1,19,5,1,-1,0,0,0,0,0,0,1,2,-1,1,1,41,7,-1,-1,-1,-1,-1,-1,0,-1
2024421412603,2024,421412603,2,9,0,-1,10,7,5,-1,0,1,0,0,0,0,3,1,-1,2,1,58,9,-1,-1,-1,-1,7,E01021895,0,3
2024131527354,2024,131527354,1,9,0,-1,-1,-1,-1,-1,-1,-1,-1,-1,-1,-1,-1,1,-1,6,3,-1,-1,-1,-1,-1,-1,-1,-1,0,-1
2024010495717,2024,010495717,1,1,9,99,99,9,9,9,9,9,9,99,9,99,9,1,2,2,1,36,7,-1,-1,-1,-1,2,E01004574,0,2
2024061474712,2024,061474712,1,9,0,-1,19,6,2,-1,0,1,0,0,0,0,1,1,-1,6,1,27,6,-1,-1,-1,-1,6,E01006271,0,2
2024010493911,2024,010493911,2,9,0,99,99,9,9,99,99,9,9,99,9,99,9,9,6,6,1,63,9,-1,-1,-1,-1,4,E01003608,0,2
2024010527880,2024,010527880,2,1,0,18,19,1,5,0,0,1,0,0,0,0,4,1,6,6,1,38,7,-1,-1,-1,-1,-1,-1,0,-1
2024471443999,2024,471443999,2,1,0,-1,19,7,3,-1,0,1,0,0,0,0,4,1,-1,6,1,27,6,-1,-1,-1,-1,8,E01016897,0,1
2024010494770,2024,010494770,2,4,0,16,19,5,1,0,0,3,0,10,0,0,4,1,2,2,1,34,6,-1,-1,-1,-1,5,E01034036,0,1
2024430334496,2024,430334496,1,9,0,18,19,4,8,0,0,0,0,0,0,0,1,1,6,6,1,47,8,-1,-1,-1,-1,-1,-1,0,-1
2024451535334,2024,451535334,2,99,0,-1,19,3,7,-1,0,0,0,0,0,0,1,1,-1,6,3,40,7,-1,-1,-1,-1,-1,-1,0,-1
2024010491628,2024,010491628,1,19,0,18,19,8,4,0,0,8,0,0,0,0,1,1,1,1,1,25,5,-1,-1,-1,-1,9,E01023308,0,4
2024010491238,2024,010491238,2,1,0,18,19,7,3,0,0,1,0,0,0,0,1,1,1,1,2,23,5,-1,-1,-1,-1,6,E01004581,0,1
2024221422361,2024,221422361,1,8,0,-1,19,4,8,-1,0,0,0,0,0,0,1,9,-1,1,2,59,9,-1,-1,-1,-1,2,E01014071,0,1
2024211482679,2024,211482679,2,9,0,-1,5,6,2,-1,0,4,0,0,0,0,1,2,-1,9,-1,-1,-1,-1,-1,-1,-1,-1,-1,0,-1
2024371491969,2024,371491969,2,1,-1,-1,-1,-1,-1,-1,-1,-1,-1,-1,-1,0,-1,1,-1,6,2,-1,-1,-1,-1,-1,-1,-1,-1,0,-1
2024101520682,2024,101520682,1,9,0,-1,9,7,5,-1,0,1,0,0,0,0,1,9,-1,6,1,-1,-1,-1,-1,-1,-1,-1,-1,0,-1
2024061425044,2024,061425044,1,9,0,-1,12,1,5,-1,0,0,0,0,0,0,0,1,-1,6,3,-1,-1,-1,-1,-1,-1,-1,-1,0,-1
2024522403407,2024,522403407,2,9,0,13,13,1,5,0,0,8,0,0,0,0,1,1,6,6,3,-1,-1,-1,-1,-1,-1,-1,-1,0,-1
2024311466653,2024,311466653,2,1,0,-1,19,8,4,-1,0,0,0,0,0,0,1,1,-1,2,1,53,8,-1,-1,-1,-1,5,E01028331,0,1
2024421394435,2024,421394435,1,9,0,-1,9,7,3,-1,0,0,2,0,7,9,3,1,-1,6,1,73,10,-1,-1,-1,-1,5,E01021901,0,1
2024010526882,2024,010526882,1,1,0,18,19,7,3,5,5,2,0,0,0,0,1,1,6,6,1,23,5,-1,-1,-1,-1,8,E01000970,0,3
2024221402939,2024,221402939,1,9,0,-1,7,6,2,-1,0,4,0,0,0,0,3,9,-1,7,1,45,7,-1,-1,-1,-1,-1,-1,0,-1
2024010533345,2024,010533345,1,1,0,7,7,3,6,0,0,2,0,0,0,0,0,1,4,7,1,15,3,-1,-1,-1,-1,3,E01002646,0,1
2024070278043,2024,070278043,2,1,0,18,19,4,7,0,0,1,0,0,0,0,4,1,6,6,2,35,6,-1,-1,-1,-1,8,E01018577,0,2
2024041447292,2024,041447292,2,98,0,-1,19,1,5,-1,0,0,0,0,0,0,3,1,-1,1,1,63,9,-1,-1,-1,-1,9,E01019347,0,4
2024430610563,2024,430610563,1,9,0,7,7,5,7,0,0,8,0,0,0,0,1,1,6,6,3,-1,-1,-1,-1,-1,-1,-1,-1,0,-1
2024211426484,2024,211426484,2,1,0,-1,19,5,3,-1,0,1,0,0,0,0,1,1,-1,6,1,51,8,-1,-1,-1,-1,5,E01029382,0,3
2024010520049,2024,010520049,1,1,0,18,19,7,3,0,0,2,5,0,0,0,0,1,6,6,1,25,5,-1,-1,-1,-1,9,E01002384,0,4
2024010518039,2024,010518039,2,1,0,18,19,5,1,0,0,1,0,0,0,0,3,1,6,6,1,53,8,-1,-1,-1,-1,7,E01003139,0,2
2024010493615,2024,010493615,1,9,0,99,99,9,9,99,99,9,9,99,9,99,1,9,6,6,1,52,8,-1,-1,-1,-1,9,E01001379,0,1
2024302400149,2024,302400149,1,9,0,18,19,5,1,0,0,0,0,0,0,0,4,1,1,1,2,48,8,-1,-1,-1,-1,5,E01009418,0,4
2024052400434,2024,052400434,2,22,0,18,19,7,3,0,0,0,0,0,0,0,4,1,6,6,2,66,10,-1,-1,-1,-1,1,E01007292,0,2
2024211416124,2024,211416124,2,9,0,-1,7,5,6,-1,0,2,0,0,0,0,1,9,-1,6,3,35,6,-1,-1,-1,-1,-1,-1,0,-1
2024010548491,2024,010548491,2,9,0,99,99,9,9,99,99,9,9,99,9,99,9,9,6,6,3,-1,-1,-1,-1,-1,-1,-1,-1,0,-1
2024440221990,2024,440221990,1,9,0,8,8,3,7,0,0,1,0,0,0,0,2,1,6,6,1,77,11,-1,-1,-1,-1,10,E01023231,0,1
2024311407732,2024,311407732,1,9,0,-1,5,7,1,-1,0,2,0,0,0,0,1,1,-1,6,2,-1,-1,-1,-1,-1,-1,-1,-1,0,-1
202460Q137522,2024,60Q137522,1,19,0,18,19,6,2,0,0,8,0,0,3,1,3,1,1,1,1,28,6,-1,-1,-1,-1,-1,-1,0,-1
2024070704995,2024,070704995,2,1,0,-1,9,5,7,-1,0,0,0,0,0,0,3,1,-1,1,1,60,9,-1,-1,-1,-1,2,E01018445,0,1
2024161498812,2024,161498812,1,1,0,-1,19,3,7,-1,4,1,0,0,0,0,4,1,-1,2,1,43,7,-1,-1,-1,-1,6,E01012910,0,1
2024340WN5022,2024,340WN5022,1,9,0,-1,14,3,7,-1,0,1,0,0,0,0,3,1,-1,6,1,-1,-1,-1,-1,-1,-1,-1,-1,0,-1
2024010532093,2024,010532093,1,1,9,99,99,9,9,99,99,9,9,99,9,99,1,1,6,6,1,-1,-1,-1,-1,-1,-1,-1,-1,0,-1
2024371537326,2024,371537326,2,1,0,-1,19,3,7,-1,0,1,0,0,0,0,1,1,-1,6,1,66,10,-1,-1,-1,-1,1,E01030258,0,1
2024421410738,2024,421410738,1,1,0,-1,19,7,4,-1,4,0,0,10,1,0,1,1,-1,1,1,53,8,-1,-1,-1,-1,1,E01034095,0,1
2024547390424,2024,547390424,2,9,4,17,19,1,6,0,0,1,0,0,0,0,3,1,6,6,1,25,5,-1,-1,-1,-1,4,E01020411,0,4
2024041486085,2024,041486085,2,1,0,-1,19,1,5,-1,0,1,5,0,0,0,1,1,-1,9,1,41,7,-1,-1,-1,-1,9,E01025281,0,1
2024141431866,2024,141431866,1,1,0,-1,5,4,7,-1,0,3,0,0,0,0,0,1,-1,2,1,57,9,-1,-1,-1,-1,2,E01007343,0,1
2024010537203,2024,010537203,1,9,9,99,99,9,9,99,99,9,9,99,9,99,9,9,6,6,1,61,9,-1,-1,-1,-1,-1,-1,0,-1
2024010489544,2024,010489544,1,3,0,99,99,9,9,99,99,9,9,99,9,99,2,1,1,1,2,44,7,-1,-1,-1,-1,5,E01003495,0,1
2024221460499,2024,221460499,2,9,0,-1,19,4,6,-1,0,0,0,0,0,0,3,1,-1,6,2,50,8,-1,-1,-1,-1,8,E01009959,0,4
2024461534542,2024,461534542,2,23,0,-1,19,7,3,-1,0,0,2,0,0,0,1,1,-1,6,1,22,5,-1,-1,-1,-1,-1,-1,0,-1
2024161506461,2024,161506461,2,9,-1,-1,-1,-1,-1,-1,-1,-1,-1,-1,-1,0,2,9,-1,6,3,-1,-1,-1,-1,-1,-1,-1,-1,0,-1
2024131437646,2024,131437646,1,1,0,-1,19,3,7,-1,0,1,0,0,0,0,4,1,-1,1,1,29,6,-1,-1,-1,-1,2,E01011424,0,1
2024361439050,2024,361439050,1,9,0,-1,13,5,1,-1,0,1,0,0,0,0,-1,9,-1,6,1,-1,-1,-1,-1,-1,-1,-1,-1,0,-1
2024010523620,2024,010523620,2,9,0,13,13,9,9,99,99,9,9,99,9,99,0,1,6,6,1,41,7,-1,-1,-1,-1,7,E01003370,0,1
2024211484176,2024,211484176,2,1,0,-1,19,4,1,-1,0,1,5,0,0,0,1,1,-1,6,1,37,7,-1,-1,-1,-1,-1,-1,0,-1
2024340WN7052,2024,340WN7052,1,9,0,-1,19,1,5,-1,0,0,0,0,0,0,1,1,-1,6,1,19,4,-1,-1,-1,-1,6,E01035400,0,1
2024991517892,2024,991517892,2,1,0,-1,19,7,5,-1,0,1,0,0,0,0,1,1,-1,2,2,21,5,-1,-1,-1,-1,-1,-1,0,-1
2024010537814,2024,010537814,1,9,0,5,5,3,7,0,0,1,0,0,0,0,1,1,6,6,3,-1,-1,-1,-1,-1,-1,-1,-1,0,-1
2024201523480,2024,201523480,1,9,0,-1,9,3,8,-1,0,6,0,0,0,0,1,1,-1,9,1,30,6,-1,-1,-1,-1,8,E01010161,0,1
2024501437981,2024,501437981,1,4,0,-1,6,1,7,-1,0,6,0,0,0,0,1,1,-1,9,2,55,8,-1,-1,-1,-1,-1,-1,0,-1
2024991460156,2024,991460156,1,19,-1,-1,19,7,3,-1,0,8,0,0,0,0,4,9,-1,6,1,-1,-1,-1,-1,-1,-1,-1,-1,0,-1
2024061459507,2024,061459507,1,97,0,-1,19,7,3,-1,0,0,0,0,7,11,3,1,-1,9,1,35,6,-1,-1,-1,-1,3,E01004978,0,1
2024201522700,2024,201522700,1,9,0,-1,19,3,7,-1,0,8,0,0,0,0,1,9,-1,6,2,-1,-1,-1,-1,-1,-1,-1,-1,0,-1
2024552400985,2024,552400985,1,9,0,4,4,8,4,0,0,0,0,0,0,0,1,1,6,6,1,35,6,-1,-1,-1,-1,7,E01020492,0,3
2024061480294,2024,061480294,2,9,0,-1,19,5,1,-1,0,8,0,0,0,0,3,2,-1,9,1,40,7,-1,-1,-1,-1,7,E01005691,0,1
2024010490212,2024,010490212,1,9,0,4,4,5,1,0,0,0,0,0,0,0,2,1,6,6,1,45,7,-1,-1,-1,-1,2,E01001458,0,1
2024221535451,2024,221535451,1,19,0,-1,19,1,3,-1,0,8,0,0,0,0,1,9,-1,6,1,28,6,-1,-1,-1,-1,5,E01022250,0,4
2024552401010,2024,552401010,1,9,0,18,19,6,2,0,0,8,0,0,0,0,4,1,6,6,3,-1,-1,-1,-1,-1,-1,-1,-1,0,-1
2024501409035,2024,501409035,1,9,0,-1,19,3,5,-1,0,1,0,0,0,0,1,1,-1,6,1,27,6,-1,-1,-1,-1,4,E01018929,0,4
2024010550413,2024,010550413,1,9,0,99,99,9,9,99,99,0,9,99,9,99,1,1,6,6,3,-1,-1,-1,-1,-1,-1,-1,-1,0,-1
2024231489500,2024,231489500,2,9,0,-1,19,1,4,-1,0,0,0,0,0,0,0,9,-1,6,-1,45,7,-1,-1,-1,-1,-1,-1,0,-1
2024010502859,2024,010502859,1,9,0,3,3,7,3,0,0,1,0,8,0,0,4,1,2,2,1,38,7,-1,-1,-1,-1,3,E01004260,0,1
2024010535588,2024,010535588,1,9,9,99,99,9,9,0,0,4,0,99,0,0,9,9,6,6,3,38,7,-1,-1,-1,-1,3,E01003611,0,1
2024440260195,2024,440260195,1,3,0,17,19,4,1,0,0,0,0,0,0,0,3,1,2,2,1,22,5,-1,-1,-1,-1,4,E01022723,0,1
2024010537324,2024,010537324,2,-1,0,16,19,8,4,0,0,0,5,0,0,0,1,1,6,6,1,26,6,-1,-1,-1,-1,4,E01031344,1,4
2024311522102,2024,311522102,1,1,0,-1,19,2,6,-1,0,1,0,0,0,0,1,1,-1,2,1,40,7,-1,-1,-1,-1,9,E01028178,0,2
2024440202829,2024,440202829,2,9,0,7,7,2,4,0,0,6,0,0,0,0,3,1,1,1,1,43,7,-1,-1,-1,-1,5,E01022520,0,1
2024161452560,2024,161452560,1,1,0,-1,19,8,4,-1,0,0,0,0,0,0,3,1,-1,2,1,41,7,-1,-1,-1,-1,2,E01013002,0,1
2024061478615,2024,061478615,1,1,0,-1,19,3,7,-1,0,8,0,0,0,0,3,1,-1,6,1,33,6,-1,-1,-1,-1,6,E01005936,0,1
2024010500325,2024,010500325,2,9,0,7,7,8,2,0,0,6,0,0,0,0,1,1,3,7,1,84,11,-1,-1,-1,-1,3,E01021806,0,1
2024010500909,2024,010500909,2,9,9,16,19,3,5,0,0,7,9,0,9,0,1,9,6,6,3,-1,-1,-1,-1,-1,-1,-1,-1,0,-1
2024010493853,2024,010493853,1,3,0,99,99,9,9,99,99,9,9,99,9,99,9,1,1,1,1,24,5,-1,-1,-1,-1,5,E01004468,0,1
2024010544134,2024,010544134,1,9,0,99,99,9,9,0,0,0,0,0,0,0,9,1,2,2,1,67,10,-1,-1,-1,-1,-1,-1,0,-1
2024010529591,2024,010529591,1,9,0,7,7,8,1,0,0,1,0,0,0,0,1,1,1,1,1,55,8,-1,-1,-1,-1,4,E01024296,0,4
2024010491508,2024,010491508,1,9,0,16,19,1,5,0,0,8,0,0,1,10,1,1,6,6,1,29,6,-1,-1,-1,-1,5,E01004737,0,4
2024010495256,2024,010495256,1,1,9,99,99,9,9,0,0,8,1,99,0,0,9,1,6,6,1,36,7,-1,-1,-1,-1,6,E01004353,0,1
2024052402614,2024,052402614,1,9,0,12,12,4,8,0,0,0,0,0,0,0,3,1,6,6,3,-1,-1,-1,-1,-1,-1,-1,-1,0,-1
2024351510870,2024,351510870,2,19,-1,-1,10,-1,-1,-1,0,8,0,0,0,0,1,9,-1,6,1,-1,-1,-1,-1,-1,-1,-1,-1,0,-1
2024010497986,2024,010497986,1,1,9,99,99,9,9,99,99,1,9,99,9,99,9,1,6,6,1,21,5,-1,-1,-1,-1,3,E01004710,0,1
2024010524176,2024,010524176,2,1,9,99,99,9,9,99,99,9,9,99,9,99,1,1,6,6,2,-1,-1,-1,-1,-1,-1,-1,-1,0,-1
2024010507005,2024,010507005,1,1,9,99,99,9,9,99,99,0,9,99,9,99,2,1,1,1,1,18,4,-1,-1,-1,-1,3,E01004720,0,1
2024311546397,2024,311546397,2,1,0,-1,19,6,2,-1,0,8,0,0,0,0,1,1,-1,6,1,44,7,-1,-1,-1,-1,10,E01035509,0,1
2024010493347,2024,010493347,2,1,0,18,19,7,3,0,0,1,0,0,0,0,1,1,6,6,1,20,4,-1,-1,-1,-1,4,E01002596,0,2
2024141513439,2024,141513439,1,9,0,-1,19,1,5,-1,0,0,0,0,0,0,4,1,-1,9,1,69,10,-1,-1,-1,-1,1,E01007534,0,1
2024010520005,2024,010520005,1,9,9,99,99,9,9,99,99,9,9,99,9,99,9,9,6,6,3,-1,-1,-1,-1,-1,-1,-1,-1,0,-1
2024010499762,2024,010499762,2,9,0,99,99,9,9,99,99,9,9,99,9,99,1,9,6,6,3,-1,-1,-1,-1,-1,-1,5,E01003714,0,1
2024010550264,2024,010550264,1,9,0,11,11,6,2,0,0,8,0,0,0,0,3,1,1,1,1,22,5,-1,-1,-1,-1,4,E01000637,0,3
2024201458757,2024,201458757,1,-1,0,-1,19,1,5,-1,0,0,0,0,0,0,0,1,-1,6,1,15,3,-1,-1,-1,-1,-1,-1,1,-1
2024451407447,2024,451407447,1,1,0,-1,19,1,3,-1,9,8,0,0,0,0,0,1,-1,2,1,37,7,-1,-1,-1,-1,9,E01030340,0,1
2024430112166,2024,430112166,1,9,0,9,9,2,8,0,0,6,0,0,0,0,1,1,6,6,1,20,4,-1,-1,-1,-1,6,E01017929,0,1
2024461462925,2024,461462925,2,1,0,-1,3,5,1,-1,0,0,1,0,0,0,1,1,-1,2,1,42,7,-1,-1,-1,-1,8,E01033088,0,1
2024991487574,2024,991487574,1,19,0,-1,19,8,8,-1,9,0,0,0,1,0,1,1,-1,6,1,60,9,-1,-1,-1,-1,8,-1,0,4
2024440079886,2024,440079886,2,22,0,18,19,3,7,0,0,8,0,0,0,0,4,1,6,6,1,70,10,-1,-1,-1,-1,1,E01022933,0,1
2024231506344,2024,231506344,2,9,0,-1,3,2,6,-1,0,1,0,0,0,0,2,9,-1,9,2,29,6,-1,-1,-1,-1,10,E01031201,0,2
2024520500411,2024,520500411,1,1,0,18,19,1,5,0,0,8,0,0,0,0,1,1,6,6,1,68,10,-1,-1,-1,-1,10,E01029115,0,1
2024320686032,2024,320686032,1,9,0,13,13,6,2,0,0,0,0,0,0,0,4,1,6,6,1,55,8,-1,-1,-1,-1,-1,-1,0,-1
2024302400051,2024,302400051,1,19,0,18,19,1,5,0,0,0,0,0,0,0,3,1,1,1,1,30,6,-1,-1,-1,-1,-1,-1,0,-1
2024201467305,2024,201467305,2,9,0,-1,19,4,8,-1,0,4,0,0,0,0,4,1,-1,6,2,55,8,-1,-1,-1,-1,10,E01029662,0,1
2024010533180,2024,010533180,4,9,0,2,2,0,0,0,0,0,0,4,0,0,2,1,6,6,3,-1,-1,-1,-1,-1,-1,-1,-1,0,-1
2024211483112,2024,211483112,1,9,0,-1,5,1,5,-1,0,1,0,0,1,3,1,1,-1,6,1,16,4,-1,-1,-1,-1,-1,-1,0,-1
2024302400578,2024,302400578,5,9,0,5,5,3,7,0,0,0,0,0,0,0,0,1,6,6,3,-1,-1,-1,-1,-1,-1,5,E01019456,0,3
2024471518083,2024,471518083,1,9,0,-1,19,1,5,-1,0,8,0,0,0,0,1,9,-1,6,1,61,9,-1,-1,-1,-1,9,E01031823,0,1
2024332400824,2024,332400824,1,1,0,-1,19,3,7,-1,0,8,0,0,0,0,4,1,-1,9,1,33,6,-1,-1,-1,-1,8,E01025611,0,1