collision_index,collision_year,collision_ref_no,vehicle_reference,vehicle_type,towing_and_articulation,vehicle_manoeuvre_historic,vehicle_manoeuvre,vehicle_direction_from,vehicle_direction_to,vehicle_location_restricted_lane_historic,vehicle_location_restricted_lane,junction_location,skidding_and_overturning,hit_object_in_carriageway,vehicle_leaving_carriageway,hit_object_off_carriageway,first_point_of_impact,vehicle_left_hand_drive,journey_purpose_of_driver_historic,journey_purpose_of_driver,sex_of_driver,age_of_driver,age_band_of_driver,engine_capacity_cc,propulsion_code,age_of_vehicle,generic_make_model,driver_imd_decile,lsoa_of_driver,escooter_flag,driver_distance_banding
2024991411245,2024,991411245,2,1,0,-1,4,1,7,-1,0,0,0,0,0,0,2,1,-1,6,2,46,8,-1,-1,-1,-1,-1,-1,0,-1
2024010489028,2024,010489028,1,3,0,99,99,9,9,99,99,9,9,99,9,99,9,1,1,1,1,37,7,-1,-1,-1,-1,4,E01003565,0,1
2024141510029,2024,141510029,1,1,0,-1,7,3,7,-1,0,4,2,0,0,0,2,1,-1,6,1,29,6,-1,-1,-1,-1,9,E01007951,0,1
2024411532262,2024,411532262,2,1,0,-1,19,2,5,-1,0,1,0,0,0,0,3,1,-1,6,1,29,6,-1,-1,-1,-1,6,E01023344,0,1
202454E389524,2024,54E389524,1,9,0,5,5,5,1,0,0,6,0,0,0,0,2,1,1,1,2,17,4,-1,-1,-1,-1,5,E01032081,0,1
2024610014824,2024,610014824,1,9,0,18,19,8,4,0,0,4,0,0,0,0,1,1,6,6,1,26,6,-1,-1,-1,-1,5,W01002030,0,3
2024451483979,2024,451483979,3,9,0,-1,19,7,3,-1,0,0,0,0,0,0,1,1,-1,9,1,52,8,-1,-1,-1,-1,7,E01024721,0,4
2024061501195,2024,061501195,2,1,0,-1,-1,-1,-1,-1,-1,-1,-1,-1,-1,0,-1,1,-1,6,1,10,2,-1,-1,-1,-1,7,E01005393,0,1
2024991438030,2024,991438030,2,1,0,-1,19,1,6,-1,9,0,0,0,1,0,1,1,-1,6,1,47,8,-1,-1,-1,-1,-1,-1,0,-1
2024201491623,2024,201491623,2,1,0,-1,19,5,1,-1,0,1,0,0,0,0,1,1,-1,1,1,29,6,-1,-1,-1,-1,3,E01008950,0,1
2024991509300,2024,991509300,2,1,0,-1,19,7,4,-1,0,1,5,0,0,0,4,1,-1,6,1,29,6,-1,-1,-1,-1,-1,-1,0,-1
2024351536301,2024,351536301,2,-1,0,-1,19,5,2,-1,0,8,0,0,0,0,4,1,-1,2,1,29,6,-1,-1,-1,-1,9,E01017988,1,1
2024061507424,2024,061507424,2,9,0,-1,7,-1,-1,-1,0,1,0,11,0,0,4,1,-1,6,3,-1,-1,-1,-1,-1,-1,-1,-1,0,-1
2024340NN4252,2024,340NN4252,2,23,0,-1,3,5,1,-1,0,0,0,0,0,0,1,1,-1,6,1,67,10,-1,-1,-1,-1,-1,-1,0,-1
2024201511605,2024,201511605,2,9,0,-1,19,1,5,-1,0,8,0,0,0,0,0,1,-1,6,2,49,8,-1,-1,-1,-1,3,E01009045,0,1
2024010497401,2024,010497401,1,9,0,99,99,9,9,99,99,9,9,99,9,99,1,9,6,6,3,40,7,-1,-1,-1,-1,10,E01003423,0,1
2024010534488,2024,010534488,1,9,0,18,19,1,5,9,9,0,1,0,1,11,1,1,6,6,1,30,6,-1,-1,-1,-1,4,E01004066,0,2
2024201516244,2024,201516244,1,9,9,-1,19,1,5,-1,99,0,0,99,9,0,1,9,-1,6,3,-1,-1,-1,-1,-1,-1,-1,-1,0,-1
2024622400476,2024,622400476,1,9,0,18,19,8,4,0,0,0,1,0,1,9,1,1,6,6,1,34,6,-1,-1,-1,-1,10,W01001106,0,4
2024141481933,2024,141481933,3,9,0,-1,19,8,4,-1,0,1,0,0,1,0,1,1,-1,9,1,47,8,-1,-1,-1,-1,5,E01033260,0,2
2024340WN1242,2024,340WN1242,2,9,0,-1,19,1,5,-1,0,0,0,0,0,0,3,1,-1,2,1,28,6,-1,-1,-1,-1,5,E01003022,0,5
2024010524746,2024,010524746,1,19,9,99,99,9,9,99,99,9,9,99,9,99,9,9,6,6,3,-1,-1,-1,-1,-1,-1,-1,-1,0,-1
2024451396105,2024,451396105,1,1,0,-1,19,1,5,-1,0,8,1,0,0,0,1,1,-1,9,1,59,9,-1,-1,-1,-1,7,E01030708,0,2
2024010519451,2024,010519451,1,1,0,18,19,3,7,0,0,1,0,0,0,0,1,1,6,6,1,14,3,-1,-1,-1,-1,10,E01004707,0,1
2024211492563,2024,211492563,1,9,0,-1,19,1,3,-1,0,0,0,0,0,0,1,9,-1,6,1,-1,-1,-1,-1,-1,-1,-1,-1,0,-1
2024421455476,2024,421455476,2,9,0,-1,19,4,8,-1,0,1,0,0,0,0,1,1,-1,6,1,60,9,-1,-1,-1,-1,2,E01022055,0,1
2024010524998,2024,010524998,1,9,0,18,19,5,1,0,0,0,0,4,0,0,1,1,6,6,1,23,5,-1,-1,-1,-1,-1,-1,0,-1
2024010525362,2024,010525362,2,1,0,18,19,7,3,0,0,8,0,0,0,0,2,1,6,6,1,39,7,-1,-1,-1,-1,9,E01023882,0,1
2024501470632,2024,501470632,1,9,0,-1,19,8,4,-1,0,0,5,4,0,0,4,9,-1,6,1,74,10,-1,-1,-1,-1,5,E01018975,0,1
2024221473254,2024,221473254,2,1,0,-1,19,5,1,-1,0,8,0,0,0,0,1,1,-1,6,1,38,7,-1,-1,-1,-1,2,E01032464,0,1
202454F046224,2024,54F046224,1,9,0,16,19,5,8,0,0,8,1,0,7,4,1,1,6,6,1,20,4,-1,-1,-1,-1,9,E01029031,0,3
2024320193024,2024,320193024,2,1,0,-1,-1,4,1,0,0,0,5,0,0,0,2,1,6,6,1,25,5,-1,-1,-1,-1,5,E01032995,0,1
2024201535893,2024,201535893,1,9,0,-1,5,7,3,-1,0,4,0,0,0,0,1,9,-1,6,3,-1,-1,-1,-1,-1,-1,-1,-1,0,-1
2024461470224,2024,461470224,2,9,0,-1,19,8,4,-1,0,0,0,0,0,0,1,1,-1,6,2,53,8,-1,-1,-1,-1,4,E01001061,0,4
2024451429814,2024,451429814,2,9,0,-1,19,3,7,-1,0,1,0,0,0,0,1,2,-1,1,2,28,6,-1,-1,-1,-1,8,E01030302,0,1
2024461399652,2024,461399652,1,21,1,-1,12,6,2,-1,0,0,0,0,0,0,3,9,-1,1,1,28,6,-1,-1,-1,-1,-1,-1,0,-1
2024141497804,2024,141497804,1,9,0,-1,-1,-1,-1,-1,-1,0,-1,-1,-1,0,-1,9,-1,6,1,60,9,-1,-1,-1,-1,6,E01007753,0,1
2024010519627,2024,010519627,2,1,0,4,4,8,4,0,0,1,0,0,0,0,1,1,6,6,1,25,5,-1,-1,-1,-1,3,E01004251,0,2
2024161474274,2024,161474274,1,97,0,-1,8,2,4,-1,0,0,0,0,0,0,2,1,-1,6,1,33,6,-1,-1,-1,-1,1,E01012864,0,2
2024131517456,2024,131517456,1,1,0,-1,19,1,5,-1,5,1,5,0,1,0,1,1,-1,6,1,41,7,-1,-1,-1,-1,3,E01011258,0,1
2024371429535,2024,371429535,1,98,0,-1,19,8,4,-1,0,2,0,0,0,0,4,9,-1,6,3,-1,-1,-1,-1,-1,-1,-1,-1,0,-1
2024010516336,2024,010516336,2,9,0,99,99,9,9,99,99,9,9,99,9,99,9,9,6,6,3,-1,-1,-1,-1,-1,-1,-1,-1,0,-1
2024320484683,2024,320484683,1,9,0,-1,-1,6,2,0,0,2,0,0,0,0,1,1,6,6,3,-1,-1,-1,-1,-1,-1,-1,-1,0,-1
2024010494383,2024,010494383,1,9,0,99,99,9,9,99,99,9,9,99,9,99,1,9,1,1,2,30,6,-1,-1,-1,-1,9,E01015405,0,5
2024302400885,2024,302400885,3,9,0,3,3,1,5,0,0,8,0,0,0,0,2,1,6,6,2,36,7,-1,-1,-1,-1,6,E01019477,0,2
2024131493898,2024,131493898,1,9,0,-1,2,0,0,-1,0,0,0,0,0,0,4,1,-1,6,2,38,7,-1,-1,-1,-1,9,E01011189,0,1
2024430161232,2024,430161232,2,9,0,4,4,5,1,0,0,0,0,0,0,0,2,1,6,6,2,22,5,-1,-1,-1,-1,9,E01030646,0,4
2024010537861,2024,010537861,2,1,0,18,19,1,5,0,0,0,0,8,1,10,3,1,2,2,1,33,6,-1,-1,-1,-1,-1,-1,0,-1
2024010536769,2024,010536769,1,9,0,11,11,3,7,0,0,0,0,0,0,0,4,1,1,1,1,48,8,-1,-1,-1,-1,5,E01018728,0,5
2024991466178,2024,991466178,1,9,0,-1,19,8,4,-1,0,0,0,0,0,0,1,9,-1,6,1,30,6,-1,-1,-1,-1,-1,-1,0,-1
2024010489024,2024,010489024,2,9,0,18,19,3,7,0,0,2,0,0,0,0,1,1,6,6,3,-1,-1,-1,-1,-1,-1,-1,-1,0,-1
2024010549096,2024,010549096,2,1,0,16,19,5,1,0,0,1,0,0,0,0,0,1,6,6,1,52,8,-1,-1,-1,-1,7,E01004695,0,1
2024010544495,2024,010544495,2,1,9,99,99,9,9,99,99,9,9,99,9,99,1,1,6,6,3,-1,-1,-1,-1,-1,-1,-1,-1,0,-1
2024061492265,2024,061492265,1,1,0,-1,19,7,3,-1,0,6,0,0,0,0,1,1,-1,6,1,23,5,-1,-1,-1,-1,-1,-1,0,-1
2024010512307,2024,010512307,2,1,0,7,7,1,3,0,0,0,0,0,0,0,3,1,2,2,1,45,7,-1,-1,-1,-1,6,E01003951,0,1
2024070346132,2024,070346132,1,9,0,18,19,4,8,0,0,1,0,0,0,0,3,1,6,6,1,-1,-1,-1,-1,-1,-1,-1,-1,0,-1
2024471488292,2024,471488292,3,9,0,-1,19,3,7,-1,0,0,0,0,0,0,0,9,-1,6,-1,-1,-1,-1,-1,-1,-1,-1,-1,0,-1
2024351508474,2024,351508474,1,9,0,-1,10,2,8,-1,0,1,0,0,0,0,2,1,-1,6,2,21,5,-1,-1,-1,-1,9,E01026337,0,3
2024010489419,2024,010489419,2,9,0,18,19,5,1,0,0,0,0,0,0,0,1,1,6,6,2,24,5,-1,-1,-1,-1,2,E01001193,0,1
2024010513128,2024,010513128,1,9,0,99,99,9,9,99,99,0,9,99,9,99,0,9,6,6,3,-1,-1,-1,-1,-1,-1,-1,-1,0,-1
2024010507738,2024,010507738,2,1,0,18,19,5,1,0,0,1,0,0,0,0,3,1,6,6,2,34,6,-1,-1,-1,-1,6,E01035491,0,1
2024991471868,2024,991471868,1,11,0,-1,5,4,6,-1,0,6,0,0,0,0,1,1,-1,1,2,50,8,-1,-1,-1,-1,-1,-1,0,-1
202454A322424,2024,54A322424,2,9,0,4,4,8,4,0,0,0,0,0,0,0,2,1,6,6,1,19,4,-1,-1,-1,-1,7,E01034522,0,2
2024010497391,2024,010497391,2,9,9,99,99,9,9,99,99,9,9,99,9,99,9,9,6,6,3,-1,-1,-1,-1,-1,-1,-1,-1,0,-1
2024010520848,2024,010520848,1,19,9,99,99,9,9,99,99,5,9,99,9,99,9,9,6,6,3,-1,-1,-1,-1,-1,-1,-1,-1,0,-1
2024451481549,2024,451481549,2,1,0,-1,19,3,1,-1,0,1,0,0,0,0,1,1,-1,9,1,13,3,-1,-1,-1,-1,10,E01030682,0,1
2024070771013,2024,070771013,2,9,0,-1,19,3,7,-1,0,0,0,0,0,0,1,1,-1,9,2,33,6,-1,-1,-1,-1,3,E01018611,0,1
2024552400461,2024,552400461,2,1,0,18,19,4,8,0,0,8,0,0,0,0,1,1,6,6,1,59,9,-1,-1,-1,-1,7,E01015457,0,1
2024010532124,2024,010532124,2,90,0,99,99,9,9,99,99,9,9,99,9,99,9,9,1,1,1,22,5,-1,-1,-1,-1,4,E01003534,0,1
2024451445096,2024,451445096,2,9,0,-1,19,1,1,-1,99,4,0,0,0,0,4,1,-1,6,3,30,6,-1,-1,-1,-1,-1,-1,0,-1
2024411498138,2024,411498138,2,1,-1,-1,-1,-1,-1,-1,-1,-1,-1,-1,-1,0,-1,1,-1,6,1,61,9,-1,-1,-1,-1,3,E01023555,0,2
2024211514069,2024,211514069,4,9,0,-1,2,0,0,-1,0,0,0,0,0,0,1,1,-1,6,2,60,9,-1,-1,-1,-1,9,E01029465,0,1
2024131477072,2024,131477072,1,9,0,-1,7,3,7,-1,0,1,0,0,0,0,1,1,-1,2,1,22,5,-1,-1,-1,-1,2,E01011853,0,1
2024610040724,2024,610040724,2,1,0,18,19,6,2,2,2,8,0,0,0,0,3,1,6,6,1,50,8,-1,-1,-1,-1,5,W01001412,0,2
2024010508954,2024,010508954,1,1,9,99,99,9,9,99,99,9,9,99,9,99,1,1,6,6,2,41,7,-1,-1,-1,-1,6,E01004621,0,1
2024440538801,2024,440538801,1,1,0,18,19,5,1,0,0,8,0,0,0,0,1,1,2,2,1,53,8,-1,-1,-1,-1,3,E01016336,0,3
2024421482480,2024,421482480,1,9,0,-1,5,5,1,-1,0,1,0,0,0,0,1,9,-1,6,1,-1,-1,-1,-1,-1,-1,-1,-1,0,-1
2024010538074,2024,010538074,5,9,0,2,2,0,0,0,0,2,0,0,0,0,3,1,6,6,3,-1,-1,-1,-1,-1,-1,-1,-1,0,-1
2024340WN0582,2024,340WN0582,1,9,0,-1,7,0,0,-1,0,3,0,0,0,0,4,1,-1,1,1,32,6,-1,-1,-1,-1,7,E01028432,0,4
2024302400340,2024,302400340,1,11,0,4,4,2,6,0,0,0,0,0,0,0,0,1,1,1,1,59,9,-1,-1,-1,-1,5,E01019434,0,3
2024010505117,2024,010505117,2,1,0,16,19,6,1,0,0,8,0,0,0,0,1,1,6,6,1,20,4,-1,-1,-1,-1,3,E01001177,0,1
2024131442260,2024,131442260,1,8,0,-1,5,5,7,-1,0,1,0,0,0,0,1,1,-1,6,1,-1,-1,-1,-1,-1,-1,-1,-1,0,-1
2024131433118,2024,131433118,2,1,0,-1,19,7,3,-1,4,8,0,0,0,0,3,1,-1,6,1,51,8,-1,-1,-1,-1,1,E01033693,0,1
2024531518328,2024,531518328,1,9,0,-1,19,1,5,-1,0,0,0,0,0,0,1,1,-1,6,2,61,9,-1,-1,-1,-1,4,E01022251,0,2
2024141414399,2024,141414399,2,90,0,-1,4,7,3,-1,0,0,1,0,0,0,1,1,-1,1,1,48,8,-1,-1,-1,-1,1,E01007332,0,3
202417S201924,2024,17S201924,1,23,0,18,19,2,6,0,0,3,0,0,0,0,4,1,6,6,1,60,9,-1,-1,-1,-1,2,E01012193,0,1
2024411473298,2024,411473298,2,9,0,-1,3,3,7,-1,0,0,0,0,0,0,2,1,-1,2,1,31,6,-1,-1,-1,-1,9,E01035596,0,2
2024161531062,2024,161531062,2,9,0,-1,9,2,8,-1,0,2,0,0,0,0,1,1,-1,6,2,44,7,-1,-1,-1,-1,5,E01013106,0,2
2024320418790,2024,320418790,2,9,0,4,4,4,8,0,0,0,0,0,0,0,2,1,-1,-1,1,57,9,-1,-1,-1,-1,8,E01026202,0,4
2024101520635,2024,101520635,3,9,-1,-1,19,7,3,-1,0,0,0,0,0,0,0,9,-1,1,2,-1,-1,-1,-1,-1,-1,-1,-1,0,-1
2024201498739,2024,201498739,1,9,0,-1,19,4,8,-1,0,0,0,0,0,0,1,9,-1,6,1,25,5,-1,-1,-1,-1,-1,-1,0,-1
2024061437425,2024,061437425,1,1,0,-1,19,-1,-1,-1,0,0,5,8,0,0,4,1,-1,2,1,43,7,-1,-1,-1,-1,6,E01005885,0,3
2024010494856,2024,010494856,2,3,0,4,4,7,3,0,0,2,0,0,0,0,1,1,1,1,2,27,6,-1,-1,-1,-1,2,E01000544,0,1
2024101534910,2024,101534910,1,9,0,-1,4,1,5,-1,0,0,0,0,0,0,1,1,-1,9,1,24,5,-1,-1,-1,-1,7,E01034499,0,4
2024302400955,2024,302400955,1,1,0,16,19,8,4,0,0,0,0,0,0,0,3,1,6,6,1,15,3,-1,-1,-1,-1,9,E01019825,0,1
2024501407598,2024,501407598,1,9,0,-1,19,3,7,-1,0,2,0,0,0,0,1,9,-1,6,3,-1,-1,-1,-1,-1,-1,-1,-1,0,-1
2024161450290,2024,161450290,1,9,0,-1,1,3,7,-1,0,0,0,0,0,0,4,1,-1,6,3,-1,-1,-1,-1,-1,-1,-1,-1,0,-1
2024010538051,2024,010538051,2,1,0,18,19,1,5,0,0,0,2,0,0,0,1,1,6,6,1,22,5,-1,-1,-1,-1,7,E01002944,0,4
2024201436371,2024,201436371,1,9,0,-1,19,7,3,-1,0,1,0,0,0,0,0,9,-1,6,3,40,7,-1,-1,-1,-1,-1,-1,0,-1
2024311495272,2024,311495272,1,9,0,-1,19,7,3,-1,0,0,0,0,0,0,4,9,-1,6,3,-1,-1,-1,-1,-1,-1,-1,-1,0,-1
2024010490195,2024,010490195,1,3,0,99,99,9,9,99,99,1,9,99,9,99,1,1,1,1,1,31,6,-1,-1,-1,-1,3,E01000498,0,1
2024440368947,2024,440368947,2,9,0,18,19,1,5,0,0,1,0,0,0,0,1,1,6,6,3,-1,-1,-1,-1,-1,-1,-1,-1,0,-1
2024010546462,2024,010546462,3,1,0,-1,-1,1,5,9,9,8,0,0,0,0,0,1,6,6,1,8,2,-1,-1,-1,-1,3,E01002605,0,1
2024351465219,2024,351465219,1,9,0,-1,10,7,5,-1,0,6,0,0,0,0,1,1,-1,2,1,34,6,-1,-1,-1,-1,6,E01002618,0,4
2024010516152,2024,010516152,2,9,0,99,99,9,9,99,99,9,9,99,9,99,9,9,6,6,3,-1,-1,-1,-1,-1,-1,-1,-1,0,-1
2024471439367,2024,471439367,2,9,0,-1,9,5,3,-1,0,5,0,0,0,0,2,2,-1,9,1,32,6,-1,-1,-1,-1,9,E01031623,0,1
2024122500079,2024,122500079,2,1,0,18,19,7,3,0,0,1,0,0,0,0,1,1,6,6,1,24,5,-1,-1,-1,-1,10,E01034984,0,1
2024631447836,2024,631447836,2,1,0,-1,19,4,8,-1,0,8,0,0,0,0,1,1,-1,9,1,58,9,-1,-1,-1,-1,10,E01016639,0,5
2024991532107,2024,991532107,2,1,0,-1,19,6,2,-1,0,1,0,0,0,0,1,1,-1,6,1,42,7,-1,-1,-1,-1,1,-1,0,1
2024161466406,2024,161466406,1,3,0,-1,19,8,4,-1,0,3,1,0,2,10,4,1,-1,6,1,49,8,-1,-1,-1,-1,3,E01012999,0,1
2024430112563,2024,430112563,1,9,0,18,19,5,1,0,0,8,0,0,0,0,3,1,6,6,2,50,8,-1,-1,-1,-1,10,E01023889,0,4
2024311422018,2024,311422018,2,1,0,-1,19,2,6,-1,0,1,5,0,0,0,1,1,-1,2,1,27,6,-1,-1,-1,-1,-1,-1,0,-1
2024440415741,2024,440415741,2,97,0,18,19,8,4,0,0,0,0,0,0,0,1,1,6,6,3,-1,-1,-1,-1,-1,-1,-1,-1,0,-1
2024010493224,2024,010493224,1,11,0,4,4,1,5,0,0,8,0,0,0,0,1,1,6,6,1,51,8,-1,-1,-1,-1,7,E01000986,0,2
2024161416734,2024,161416734,2,19,0,-1,19,5,1,-1,0,0,0,0,0,0,0,9,-1,6,3,-1,-1,-1,-1,-1,-1,-1,-1,0,-1
2024461470272,2024,461470272,1,9,0,-1,5,2,6,-1,0,0,0,0,0,0,3,1,-1,9,1,21,5,-1,-1,-1,-1,2,E01021119,0,4
2024440106382,2024,440106382,1,9,0,6,6,1,1,0,0,2,0,0,0,0,3,1,1,1,1,31,6,-1,-1,-1,-1,5,E01022832,0,4
2024010550345,2024,010550345,2,-1,0,15,15,7,3,0,0,1,0,0,0,0,3,1,6,6,1,36,7,-1,-1,-1,-1,2,E01003323,1,1
2024010545141,2024,010545141,1,1,9,-1,-1,9,9,99,99,9,9,99,9,99,1,1,6,6,1,27,6,-1,-1,-1,-1,2,E01003055,0,2
2024141412600,2024,141412600,1,9,0,-1,19,3,7,-1,0,4,0,0,0,0,3,1,-1,1,1,58,9,-1,-1,-1,-1,1,E01011838,0,4
2024522403341,2024,522403341,1,1,0,18,19,4,8,0,0,8,0,0,0,0,1,1,6,6,1,34,6,-1,-1,-1,-1,7,E01014505,0,1
2024440544986,2024,440544986,1,9,0,8,8,1,5,0,0,4,0,0,0,0,2,1,6,6,1,50,8,-1,-1,-1,-1,7,E01023282,0,2
2024501404917,2024,501404917,2,1,0,-1,19,1,5,-1,0,8,5,0,0,0,1,1,-1,6,2,41,7,-1,-1,-1,-1,6,E01020246,0,1
2024461440852,2024,461440852,1,-1,0,-1,19,8,4,-1,0,0,0,0,0,0,1,1,-1,9,1,27,6,-1,-1,-1,-1,5,E01024021,1,1
2024010541142,2024,010541142,1,1,9,99,99,9,9,99,99,9,9,99,9,99,1,1,2,2,1,36,7,-1,-1,-1,-1,5,E01024532,0,4
2024221534011,2024,221534011,2,9,0,-1,2,0,0,-1,0,0,0,0,0,0,3,1,-1,6,3,45,7,-1,-1,-1,-1,-1,-1,0,-1
2024991500413,2024,991500413,1,97,0,-1,19,6,2,-1,0,0,0,0,0,0,1,1,-1,6,3,-1,-1,-1,-1,-1,-1,-1,-1,0,-1
2024361489403,2024,361489403,2,9,-1,-1,-1,-1,-1,-1,-1,0,-1,-1,-1,0,-1,9,-1,6,3,-1,-1,-1,-1,-1,-1,-1,-1,0,-1
2024520402071,2024,520402071,1,1,0,18,19,3,7,0,0,8,0,0,0,0,4,1,4,7,1,14,3,-1,-1,-1,-1,8,E01029274,0,1
2024010540878,2024,010540878,1,1,0,5,5,5,1,0,0,1,0,0,0,0,2,1,6,6,1,35,6,-1,-1,-1,-1,3,E01004125,0,3
2024531435649,2024,531435649,2,1,0,-1,19,5,1,-1,9,0,0,0,0,0,1,1,-1,2,2,37,7,-1,-1,-1,-1,3,E01022134,0,1
2024010491713,2024,010491713,2,9,0,18,19,8,4,0,0,0,0,0,0,0,1,1,1,1,1,49,8,-1,-1,-1,-1,3,E01001669,0,1
2024101523408,2024,101523408,2,9,0,-1,19,1,5,-1,0,8,0,0,0,0,1,1,-1,6,1,25,5,-1,-1,-1,-1,10,E01033163,0,2
2024340WN2862,2024,340WN2862,1,9,0,-1,19,6,2,-1,0,1,0,0,0,0,1,1,-1,6,1,-1,-1,-1,-1,-1,-1,-1,-1,0,-1
2024991460738,2024,991460738,1,9,0,-1,5,3,1,-1,0,2,0,0,0,0,1,1,-1,9,2,66,10,-1,-1,-1,-1,8,-1,0,1
2024411455578,2024,411455578,2,1,-1,-1,-1,-1,-1,-1,-1,0,-1,-1,-1,0,-1,1,-1,6,1,84,11,-1,-1,-1,-1,6,E01033311,0,1
2024061509140,2024,061509140,2,1,0,-1,19,8,5,-1,0,1,0,0,0,0,1,1,-1,6,2,51,8,-1,-1,-1,-1,10,E01004804,0,1
2024421516250,2024,421516250,2,9,0,-1,9,3,1,-1,0,8,0,0,0,0,3,1,-1,2,1,39,7,-1,-1,-1,-1,5,E01021907,0,4
2024201417577,2024,201417577,2,9,0,-1,19,2,6,-1,0,0,0,0,0,0,3,1,-1,6,2,30,6,-1,-1,-1,-1,2,E01009994,0,1
2024451503406,2024,451503406,1,8,0,-1,3,8,4,-1,0,0,0,0,0,0,3,9,-1,1,1,54,8,-1,-1,-1,-1,10,E01030394,0,2
202417H102724,2024,17H102724,2,9,0,-1,4,1,5,-1,0,0,0,0,0,0,1,1,-1,7,1,56,9,-1,-1,-1,-1,-1,-1,0,-1
2024361444977,2024,361444977,2,22,-1,-1,-1,-1,-1,-1,-1,0,-1,-1,-1,0,-1,1,-1,9,1,83,11,-1,-1,-1,-1,2,E01035133,0,1
2024131444785,2024,131444785,2,5,0,-1,8,4,8,-1,0,1,0,0,0,0,2,1,-1,6,1,53,8,-1,-1,-1,-1,9,E01011306,0,3
2024552401395,2024,552401395,1,1,0,18,19,7,3,0,0,8,0,0,0,0,4,1,6,6,3,-1,-1,-1,-1,-1,-1,-1,-1,0,-1
2024010488908,2024,010488908,1,3,0,99,99,9,9,99,99,9,9,99,9,99,2,1,6,6,1,28,6,-1,-1,-1,-1,3,E01002131,0,1
2024201494709,2024,201494709,2,9,0,-1,4,2,6,-1,0,0,0,0,0,0,1,9,-1,6,1,30,6,-1,-1,-1,-1,-1,-1,0,-1
2024320002994,2024,320002994,2,9,0,-1,-1,5,1,0,0,0,1,0,7,9,1,1,-1,-1,1,69,10,-1,-1,-1,-1,3,E01013133,0,2
2024101492114,2024,101492114,2,1,0,-1,9,3,1,-1,0,2,0,0,0,0,2,1,-1,6,1,86,11,-1,-1,-1,-1,10,E01008547,0,3
2024141481503,2024,141481503,1,9,0,-1,19,5,1,-1,0,0,0,0,0,0,1,9,-1,6,3,-1,-1,-1,-1,-1,-1,-1,-1,0,-1
2024430052993,2024,430052993,2,1,0,18,19,3,7,0,0,4,0,0,0,0,3,1,4,7,2,10,2,-1,-1,-1,-1,3,E01016381,0,1
2024411520033,2024,411520033,1,1,0,-1,19,8,4,-1,0,1,2,0,0,0,1,1,-1,6,1,-1,-1,-1,-1,-1,-1,-1,-1,0,-1
2024070900087,2024,070900087,2,1,0,-1,19,7,3,-1,0,8,0,0,0,0,1,1,-1,2,1,33,6,-1,-1,-1,-1,3,E01018746,0,1
2024501526772,2024,501526772,1,9,0,-1,4,7,3,-1,0,0,0,0,0,0,1,1,-1,9,1,38,7,-1,-1,-1,-1,9,E01015140,0,1
2024010496343,2024,010496343,2,9,0,18,19,7,3,0,0,4,0,0,0,0,1,1,2,2,2,55,8,-1,-1,-1,-1,6,E01001033,0,1
2024351445605,2024,351445605,1,9,0,-1,19,5,1,-1,0,0,0,0,7,0,1,1,-1,6,1,37,7,-1,-1,-1,-1,6,E01018049,0,2
2024201518671,2024,201518671,1,11,0,-1,5,8,4,-1,0,0,0,0,0,0,4,9,-1,1,1,-1,-1,-1,-1,-1,-1,-1,-1,0,-1
2024440207761,2024,440207761,3,9,0,16,19,4,7,0,0,1,0,0,0,0,1,1,6,6,1,35,6,-1,-1,-1,-1,10,E01022852,0,1
2024161512051,2024,161512051,2,-1,0,-1,19,5,1,-1,0,8,0,0,0,0,4,1,-1,1,1,46,8,-1,-1,-1,-1,1,E01013219,1,1
2024430549163,2024,430549163,2,1,0,15,15,5,1,0,0,1,0,0,0,0,3,1,2,2,1,34,6,-1,-1,-1,-1,-1,-1,0,-1
2024547180324,2024,547180324,2,9,0,8,8,3,6,0,0,1,0,0,0,0,2,1,1,1,2,39,7,-1,-1,-1,-1,9,E01034787,0,3
2024522401877,2024,522401877,2,10,0,4,4,7,3,0,0,0,0,0,0,0,2,1,6,6,1,61,9,-1,-1,-1,-1,3,E01014624,0,3
2024522403062,2024,522403062,2,9,0,18,19,5,1,0,0,2,0,0,0,0,0,1,1,1,3,-1,-1,-1,-1,-1,-1,-1,-1,0,-1
2024131460137,2024,131460137,2,9,0,-1,19,7,3,-1,0,0,1,0,7,0,4,1,-1,1,1,40,7,-1,-1,-1,-1,2,E01007651,0,4
2024161472564,2024,161472564,2,1,0,-1,19,5,3,-1,0,3,0,0,0,0,2,1,-1,2,1,35,6,-1,-1,-1,-1,2,E01013128,0,1
2024471458168,2024,471458168,1,1,0,-1,5,4,8,-1,0,0,0,0,0,0,3,1,-1,6,1,62,9,-1,-1,-1,-1,9,E01032837,0,3
2024991435854,2024,991435854,1,9,0,-1,4,7,3,-1,0,1,0,0,0,0,1,1,-1,6,1,40,7,-1,-1,-1,-1,-1,-1,0,-1
2024991455483,2024,991455483,2,9,0,-1,19,3,7,-1,0,0,0,0,7,0,1,1,-1,9,2,42,7,-1,-1,-1,-1,-1,-1,0,-1
2024141467341,2024,141467341,1,9,0,-1,4,1,5,-1,0,0,0,0,0,0,2,1,-1,9,1,44,7,-1,-1,-1,-1,3,E01032925,0,3
2024461473647,2024,461473647,2,1,0,-1,19,3,7,-1,0,0,0,0,0,0,3,1,-1,2,1,48,8,-1,-1,-1,-1,2,E01024524,0,1
2024340WN6592,2024,340WN6592,2,-1,0,-1,19,1,5,-1,0,2,0,0,0,0,3,1,-1,7,1,16,4,-1,-1,-1,-1,8,E01027141,1,1
2024131470453,2024,131470453,2,9,0,-1,19,-1,-1,-1,0,0,-1,-1,-1,-1,-1,1,-1,6,3,-1,-1,-1,-1,-1,-1,-1,-1,0,-1
2024131532584,2024,131532584,2,9,0,-1,19,3,7,-1,0,8,0,0,0,0,1,1,-1,6,2,40,7,-1,-1,-1,-1,2,E01010929,0,1
2024522500431,2024,522500431,1,1,0,9,9,2,1,0,0,1,0,0,0,0,3,1,6,6,2,51,8,-1,-1,-1,-1,3,E01014951,0,2
2024010489888,2024,010489888,2,9,0,99,99,9,9,99,99,9,9,99,9,99,2,1,6,6,3,-1,-1,-1,-1,-1,-1,-1,-1,0,-1