collision_index,collision_year,collision_ref_no,vehicle_reference,vehicle_type,towing_and_articulation,vehicle_manoeuvre_historic,vehicle_manoeuvre,vehicle_direction_from,vehicle_direction_to,vehicle_location_restricted_lane_historic,vehicle_location_restricted_lane,junction_location,skidding_and_overturning,hit_object_in_carriageway,vehicle_leaving_carriageway,hit_object_off_carriageway,first_point_of_impact,vehicle_left_hand_drive,journey_purpose_of_driver_historic,journey_purpose_of_driver,sex_of_driver,age_of_driver,age_band_of_driver,engine_capacity_cc,propulsion_code,age_of_vehicle,generic_make_model,driver_imd_decile,lsoa_of_driver,escooter_flag,driver_distance_banding
2024010490813,2024,010490813,1,9,0,5,5,5,1,0,0,2,0,4,0,0,1,1,2,2,2,35,6,-1,-1,-1,-1,3,E01000152,0,2
2024522401622,2024,522401622,2,9,0,5,5,9,9,0,0,4,0,0,0,0,1,1,6,6,3,-1,-1,-1,-1,-1,-1,-1,-1,0,-1
2024010515452,2024,010515452,2,1,0,18,19,1,5,0,0,1,0,0,0,0,2,1,6,6,1,50,8,-1,-1,-1,-1,7,E01004583,0,1
2024010520748,2024,010520748,2,1,0,12,12,8,4,0,0,1,0,0,0,0,1,1,4,7,1,14,3,-1,-1,-1,-1,5,E01000554,0,1
2024010524094,2024,010524094,1,3,0,18,19,7,3,0,0,0,0,0,0,0,1,1,6,6,3,-1,-1,-1,-1,-1,-1,-1,-1,0,-1
2024501466366,2024,501466366,1,9,0,-1,4,4,2,-1,0,1,0,0,0,0,4,1,-1,6,3,-1,-1,-1,-1,-1,-1,-1,-1,0,-1
2024622500056,2024,622500056,1,1,0,7,7,4,7,0,0,3,0,0,0,0,2,1,2,2,1,-1,-1,-1,-1,-1,-1,3,W01001293,0,1
2024440226440,2024,440226440,2,1,0,9,9,2,8,0,0,2,0,0,0,0,3,1,6,6,1,59,9,-1,-1,-1,-1,5,E01022973,0,1
2024010513665,2024,010513665,1,9,0,9,9,5,3,0,0,1,0,0,0,0,1,1,6,6,3,-1,-1,-1,-1,-1,-1,-1,-1,0,-1
2024302401384,2024,302401384,2,9,0,10,10,3,1,0,0,8,0,0,0,0,2,1,6,6,2,55,8,-1,-1,-1,-1,8,E01019603,0,1
2024461447545,2024,461447545,1,90,0,-1,3,4,3,-1,0,1,0,0,1,0,1,9,-1,6,1,29,6,-1,-1,-1,-1,9,E01016145,0,4
2024010487605,2024,010487605,2,19,9,99,99,9,9,99,99,9,9,99,9,99,9,9,6,6,1,-1,-1,-1,-1,-1,-1,2,E01001485,0,2
2024201478605,2024,201478605,2,-1,0,-1,19,3,7,-1,0,6,0,0,0,0,4,1,-1,9,1,14,3,-1,-1,-1,-1,-1,-1,1,-1
2024161485079,2024,161485079,1,1,0,-1,19,8,4,-1,0,0,0,0,0,0,9,1,-1,6,1,15,3,-1,-1,-1,-1,1,E01013138,0,1
2024471476943,2024,471476943,1,9,0,-1,7,5,7,-1,0,8,0,0,0,0,1,1,-1,6,3,-1,-1,-1,-1,-1,-1,-1,-1,0,-1
2024401474233,2024,401474233,2,9,0,-1,4,5,1,-1,0,0,0,0,1,7,3,2,-1,6,1,69,10,-1,-1,-1,-1,-1,-1,0,-1
2024302400371,2024,302400371,3,9,0,4,4,8,4,0,0,0,0,0,0,0,2,1,6,6,2,38,7,-1,-1,-1,-1,8,E01019834,0,2
2024031457172,2024,031457172,3,9,4,-1,3,5,1,-1,0,1,0,0,0,0,3,1,-1,6,1,61,9,-1,-1,-1,-1,5,E01019386,0,1
2024010517337,2024,010517337,1,1,9,99,99,9,9,99,99,9,9,99,9,99,1,1,6,6,2,34,6,-1,-1,-1,-1,2,E01003174,0,1
2024061524484,2024,061524484,1,9,0,-1,9,7,5,-1,0,8,0,0,0,0,3,1,-1,9,2,40,7,-1,-1,-1,-1,6,E01018595,0,1
2024010488416,2024,010488416,1,11,9,99,99,9,9,99,99,9,9,99,9,99,1,1,6,6,3,56,9,-1,-1,-1,-1,6,E01003314,0,3
2024991507726,2024,991507726,2,1,0,-1,19,1,5,-1,5,2,0,0,0,0,1,1,-1,9,1,57,9,-1,-1,-1,-1,1,-1,0,2
2024211489712,2024,211489712,1,9,0,-1,13,1,1,-1,0,0,1,0,1,0,3,1,-1,9,1,38,7,-1,-1,-1,-1,-1,-1,0,-1
2024010520196,2024,010520196,2,9,9,99,99,9,9,99,99,9,9,99,9,99,9,1,6,6,3,-1,-1,-1,-1,-1,-1,-1,-1,0,-1
2024010505273,2024,010505273,2,19,0,99,99,9,9,99,99,9,9,99,9,99,9,9,6,6,1,37,7,-1,-1,-1,-1,7,E01023832,0,4
202460Q056473,2024,60Q056473,2,9,0,2,2,0,0,0,0,2,0,0,0,0,0,1,3,7,2,34,6,-1,-1,-1,-1,-1,-1,0,-1
2024520401086,2024,520401086,2,9,0,18,19,2,6,0,0,8,1,0,1,10,1,1,6,6,2,45,7,-1,-1,-1,-1,8,E01029209,0,3
2024010513780,2024,010513780,1,9,0,99,99,9,9,99,99,9,9,99,9,99,1,9,6,6,1,29,6,-1,-1,-1,-1,5,E01000468,0,1
2024010494554,2024,010494554,1,1,0,18,19,1,5,5,5,0,1,0,0,0,1,1,6,6,1,34,6,-1,-1,-1,-1,-1,-1,0,-1
2024010497296,2024,010497296,2,9,0,99,99,9,9,99,99,9,9,99,9,99,9,9,6,6,3,49,8,-1,-1,-1,-1,5,E01001928,0,1
2024991487175,2024,991487175,2,1,0,-1,19,5,1,-1,4,8,0,0,0,0,3,1,-1,2,1,49,8,-1,-1,-1,-1,-1,-1,0,-1
2024041432342,2024,041432342,1,98,0,-1,7,3,5,-1,0,0,0,0,0,0,1,1,-1,1,1,33,6,-1,-1,-1,-1,2,E01025503,0,2
2024201470324,2024,201470324,1,9,0,-1,19,2,6,-1,0,4,0,0,0,0,1,9,-1,2,2,26,6,-1,-1,-1,-1,9,E01027267,0,4
2024010502548,2024,010502548,2,1,0,7,7,5,8,0,0,6,0,0,0,0,4,1,6,6,1,35,6,-1,-1,-1,-1,3,E01004290,0,2
2024010494074,2024,010494074,2,1,9,99,99,9,9,99,99,9,9,99,9,99,1,1,6,6,3,-1,-1,-1,-1,-1,-1,-1,-1,0,-1
2024010518148,2024,010518148,2,1,0,18,19,7,3,0,0,1,0,0,0,0,1,1,6,6,1,40,7,-1,-1,-1,-1,3,E01001246,0,3
2024010507193,2024,010507193,2,1,0,18,19,8,4,4,4,8,0,0,0,0,1,1,6,6,1,24,5,-1,-1,-1,-1,5,E01004709,0,1
2024010491920,2024,010491920,1,9,0,18,19,7,3,0,0,1,0,11,0,0,1,9,6,6,2,43,7,-1,-1,-1,-1,5,E01001348,0,1
2024610006124,2024,610006124,1,9,0,7,7,5,7,0,0,2,0,0,0,0,1,1,6,6,1,45,7,-1,-1,-1,-1,9,W01001604,0,1
2024010494889,2024,010494889,2,19,0,99,99,9,9,99,99,6,9,99,9,99,1,9,6,6,1,37,7,-1,-1,-1,-1,7,E01021628,0,4
2024451497494,2024,451497494,2,1,0,-1,9,6,8,-1,0,8,5,0,0,0,4,1,-1,9,1,48,8,-1,-1,-1,-1,7,E01035492,0,4
2024161488371,2024,161488371,1,9,0,-1,19,1,5,-1,0,0,0,0,0,0,1,1,-1,6,1,-1,-1,-1,-1,-1,-1,-1,-1,0,-1
2024010495602,2024,010495602,1,8,0,18,19,7,3,0,0,8,0,0,0,0,4,1,1,1,1,47,8,-1,-1,-1,-1,2,E01004301,0,1
2024010522608,2024,010522608,2,5,0,11,11,5,1,0,0,1,2,0,1,10,4,1,6,6,1,24,5,-1,-1,-1,-1,4,E01003688,0,1
2024010529995,2024,010529995,1,9,0,99,99,9,9,99,99,9,9,99,9,99,2,1,6,6,3,-1,-1,-1,-1,-1,-1,-1,-1,0,-1
2024440152036,2024,440152036,1,3,0,5,5,2,6,0,0,8,0,0,0,0,0,1,6,6,1,59,9,-1,-1,-1,-1,2,E01017156,0,1
2024991454869,2024,991454869,2,1,0,-1,4,3,7,-1,0,1,0,0,0,0,2,1,-1,9,1,57,9,-1,-1,-1,-1,-1,-1,0,-1
2024221525413,2024,221525413,1,1,0,-1,19,7,3,-1,0,0,0,0,0,0,1,1,-1,7,1,11,3,-1,-1,-1,-1,3,E01032131,0,1
2024361485286,2024,361485286,2,9,4,-1,19,2,6,-1,0,0,0,0,0,0,3,1,-1,1,1,20,4,-1,-1,-1,-1,6,E01026757,0,3
2024520401314,2024,520401314,1,9,0,9,9,3,5,0,0,8,0,0,3,2,3,1,6,6,2,35,6,-1,-1,-1,-1,6,E01029120,0,1
2024161444319,2024,161444319,1,-1,0,-1,19,4,8,-1,0,1,2,0,0,0,1,9,-1,6,1,42,7,-1,-1,-1,-1,4,E01013019,1,1
2024531410191,2024,531410191,2,98,0,-1,4,5,1,-1,0,0,0,0,0,0,1,1,-1,1,1,43,7,-1,-1,-1,-1,5,E01014025,0,4
2024101437818,2024,101437818,2,1,0,-1,19,3,7,-1,0,0,5,0,1,0,3,1,-1,6,1,44,7,-1,-1,-1,-1,4,E01008855,0,1
2024201484511,2024,201484511,1,9,0,-1,19,6,2,-1,0,2,0,0,0,0,2,9,-1,6,3,-1,-1,-1,-1,-1,-1,-1,-1,0,-1
2024471479314,2024,471479314,2,1,0,-1,19,1,5,-1,0,8,0,0,0,0,1,1,-1,6,1,-1,-1,-1,-1,-1,-1,-1,-1,0,-1
2024302401028,2024,302401028,1,1,0,18,19,8,4,0,0,8,0,0,0,0,1,1,6,6,1,21,5,-1,-1,-1,-1,10,E01007957,0,3
2024421465613,2024,421465613,2,9,0,-1,19,4,8,-1,0,0,0,0,0,0,3,1,-1,1,1,29,6,-1,-1,-1,-1,5,E01021420,0,1
2024471416027,2024,471416027,24,19,0,-1,19,7,3,-1,0,0,1,0,0,0,1,1,-1,6,1,43,7,-1,-1,-1,-1,5,E01001179,0,4
2024010498367,2024,010498367,2,1,0,18,19,3,7,0,0,1,0,0,0,0,1,1,2,2,1,42,7,-1,-1,-1,-1,8,E01004653,0,2
2024131425050,2024,131425050,1,9,0,-1,19,3,7,-1,0,0,0,0,0,0,1,1,-1,7,2,82,11,-1,-1,-1,-1,10,E01010697,0,3
2024549516124,2024,549516124,2,1,0,18,19,6,4,0,0,1,0,0,0,0,1,1,6,6,1,16,4,-1,-1,-1,-1,8,E01035111,0,2
2024010510935,2024,010510935,2,9,0,9,9,1,7,0,0,1,0,0,0,0,1,1,1,1,1,27,6,-1,-1,-1,-1,2,E01000073,0,3
2024010503952,2024,010503952,2,1,0,9,9,5,2,0,0,5,0,0,0,0,4,1,6,6,1,34,6,-1,-1,-1,-1,4,E01001768,0,1
2024351395900,2024,351395900,2,1,0,-1,19,5,1,-1,0,8,0,0,0,0,1,1,-1,7,1,16,4,-1,-1,-1,-1,9,E01033173,0,1
2024440459406,2024,440459406,2,1,0,18,19,7,3,0,0,1,0,0,0,0,1,1,6,6,1,20,4,-1,-1,-1,-1,10,E01017745,0,4
2024141460789,2024,141460789,2,9,0,-1,19,5,1,-1,0,2,0,0,0,0,1,9,-1,6,1,-1,-1,-1,-1,-1,-1,-1,-1,0,-1
2024471507868,2024,471507868,2,1,0,-1,19,7,3,-1,0,1,0,0,0,0,3,1,-1,1,1,38,7,-1,-1,-1,-1,8,E01031701,0,1
2024991499013,2024,991499013,1,9,0,-1,19,4,8,-1,0,0,0,0,0,0,1,1,-1,9,2,49,8,-1,-1,-1,-1,6,-1,0,4
2024211481050,2024,211481050,2,1,0,-1,19,3,7,-1,9,0,5,0,0,0,2,1,-1,9,1,14,3,-1,-1,-1,-1,-1,-1,0,-1
2024320208963,2024,320208963,1,19,0,1,1,7,3,9,9,1,0,0,0,0,2,1,1,1,1,27,6,-1,-1,-1,-1,6,E01026047,0,1
2024361456453,2024,361456453,1,9,-1,-1,-1,-1,-1,-1,-1,-1,-1,-1,-1,0,-1,9,-1,6,3,-1,-1,-1,-1,-1,-1,-1,-1,0,-1
2024131489660,2024,131489660,1,9,0,-1,19,8,4,-1,0,8,0,0,0,0,1,1,-1,6,3,-1,-1,-1,-1,-1,-1,-1,-1,0,-1
2024052402875,2024,052402875,1,9,0,18,19,4,8,0,0,8,0,0,0,0,1,1,6,6,3,-1,-1,-1,-1,-1,-1,-1,-1,0,-1
2024010542441,2024,010542441,2,1,0,18,19,7,3,0,0,8,0,0,0,0,3,1,6,6,1,57,9,-1,-1,-1,-1,9,E01004730,0,1
2024101411859,2024,101411859,2,19,0,-1,19,3,7,-1,0,0,0,0,0,0,0,1,-1,1,1,58,9,-1,-1,-1,-1,3,E01033545,0,1
2024010527887,2024,010527887,2,1,0,18,19,3,7,0,0,7,0,0,0,0,1,1,6,6,1,19,4,-1,-1,-1,-1,6,E01003437,0,1
2024520500058,2024,520500058,1,9,0,18,19,1,5,0,0,0,0,0,0,0,2,1,6,6,1,42,7,-1,-1,-1,-1,5,E01019938,0,3
2024430155338,2024,430155338,2,19,0,12,12,3,7,0,0,0,0,0,0,0,2,1,6,6,3,-1,-1,-1,-1,-1,-1,-1,-1,0,-1
2024211535597,2024,211535597,2,1,0,-1,19,8,5,-1,0,4,0,0,0,0,2,1,-1,9,1,53,8,-1,-1,-1,-1,3,E01029602,0,1
2024311513382,2024,311513382,2,9,0,-1,19,1,5,-1,0,0,0,0,0,0,0,1,-1,9,1,68,10,-1,-1,-1,-1,-1,-1,0,-1
2024991402969,2024,991402969,1,1,0,-1,19,8,4,-1,0,0,0,0,0,0,1,1,-1,6,1,23,5,-1,-1,-1,-1,1,-1,0,4
2024010489250,2024,010489250,2,19,0,17,19,7,3,0,0,0,0,0,0,0,1,1,1,1,1,57,9,-1,-1,-1,-1,4,E01012820,0,5
2024401454789,2024,401454789,1,8,0,-1,-1,-1,-1,-1,-1,-1,-1,-1,-1,0,-1,9,-1,6,1,-1,-1,-1,-1,-1,-1,-1,-1,0,-1
2024010525720,2024,010525720,2,9,0,99,99,9,9,99,99,9,9,99,9,99,1,9,6,6,3,-1,-1,-1,-1,-1,-1,-1,-1,0,-1
2024451461897,2024,451461897,1,1,0,-1,7,2,5,-1,0,2,2,0,0,0,1,1,-1,9,1,57,9,-1,-1,-1,-1,9,E01030554,0,1
2024991535004,2024,991535004,1,1,0,-1,19,7,3,-1,5,2,0,0,0,0,1,1,-1,6,1,29,6,-1,-1,-1,-1,5,-1,0,1
2024201439978,2024,201439978,1,1,0,-1,19,7,3,-1,0,0,0,0,0,0,1,1,-1,6,1,40,7,-1,-1,-1,-1,-1,-1,0,-1
2024101414512,2024,101414512,2,4,0,-1,19,5,1,-1,0,1,0,0,0,0,4,1,-1,6,1,33,6,-1,-1,-1,-1,1,E01008606,0,1
2024131410960,2024,131410960,1,9,0,-1,5,3,7,-1,0,0,0,0,7,11,1,1,-1,9,2,71,10,-1,-1,-1,-1,8,E01010574,0,1
2024010514295,2024,010514295,1,9,0,18,19,5,1,0,0,1,0,0,0,0,1,1,2,2,1,49,8,-1,-1,-1,-1,3,E01002056,0,1
2024522402041,2024,522402041,1,1,0,18,19,6,2,0,0,8,0,0,0,0,3,1,6,6,1,55,8,-1,-1,-1,-1,6,E01014960,0,2
2024010540262,2024,010540262,1,1,9,18,19,9,9,99,99,1,9,99,9,99,9,1,6,6,1,51,8,-1,-1,-1,-1,4,E01001666,0,2
2024332400979,2024,332400979,2,9,0,-1,19,8,4,-1,0,1,0,0,0,0,1,1,-1,6,3,-1,-1,-1,-1,-1,-1,-1,-1,0,-1
2024520401208,2024,520401208,2,9,0,18,19,3,1,0,0,8,0,0,0,0,1,1,6,6,1,54,8,-1,-1,-1,-1,4,E01029241,0,2
2024430482484,2024,430482484,1,1,0,18,19,7,3,0,0,8,0,0,0,0,1,1,6,6,1,37,7,-1,-1,-1,-1,5,E01016390,0,1
2024122400800,2024,122400800,1,1,0,18,19,6,2,0,0,0,0,0,0,0,1,1,6,6,1,52,8,-1,-1,-1,-1,9,E01017672,0,5
2024471531265,2024,471531265,1,9,0,-1,9,2,7,-1,0,6,0,0,0,0,3,9,-1,6,3,-1,-1,-1,-1,-1,-1,-1,-1,0,-1
2024201458132,2024,201458132,2,1,0,-1,19,7,3,-1,0,1,0,0,0,0,4,1,-1,6,1,45,7,-1,-1,-1,-1,2,E01009392,0,1
2024371417808,2024,371417808,1,9,0,-1,9,1,4,-1,0,0,0,0,0,0,1,1,-1,6,3,30,6,-1,-1,-1,-1,-1,-1,0,-1
2024302401117,2024,302401117,1,1,0,18,19,4,8,0,0,0,1,10,7,11,3,1,6,6,1,53,8,-1,-1,-1,-1,8,E01019765,0,2
2024320716336,2024,320716336,2,9,0,-1,-1,7,3,0,0,8,0,0,0,0,3,1,6,6,2,23,5,-1,-1,-1,-1,-1,-1,0,-1
2024010535801,2024,010535801,2,90,0,99,99,9,9,99,99,9,9,99,9,99,1,9,6,6,3,-1,-1,-1,-1,-1,-1,-1,-1,0,-1
2024430410704,2024,430410704,2,1,0,18,19,7,3,5,5,8,0,0,0,0,1,1,6,6,1,64,9,-1,-1,-1,-1,7,E01028639,0,1
2024211473951,2024,211473951,2,1,0,-1,19,5,1,-1,0,1,0,0,0,0,3,1,-1,9,1,71,10,-1,-1,-1,-1,8,E01029815,0,2
2024440517955,2024,440517955,1,1,0,17,19,3,1,0,0,8,0,0,0,0,4,1,2,2,1,31,6,-1,-1,-1,-1,9,E01031532,0,1
2024010506003,2024,010506003,2,1,0,18,19,8,4,0,0,2,0,0,0,0,1,1,6,6,2,25,5,-1,-1,-1,-1,7,E01000843,0,1
2024201513017,2024,201513017,1,99,0,-1,19,3,6,-1,0,0,0,8,0,0,3,9,-1,9,3,-1,-1,-1,-1,-1,-1,-1,-1,0,-1
2024010487291,2024,010487291,2,9,0,99,99,9,9,99,99,9,9,99,9,99,1,9,6,6,3,-1,-1,-1,-1,-1,-1,-1,-1,0,-1
2024141413290,2024,141413290,1,9,0,-1,19,6,2,-1,0,0,0,0,0,0,1,9,-1,6,1,65,9,-1,-1,-1,-1,2,E01007514,0,2
2024010502847,2024,010502847,2,9,0,7,7,7,1,0,0,8,0,0,0,0,1,1,6,6,3,-1,-1,-1,-1,-1,-1,-1,-1,0,-1
2024552400950,2024,552400950,1,-1,0,18,19,1,5,0,0,8,0,0,0,0,4,1,6,6,1,24,5,-1,-1,-1,-1,6,E01015361,1,1
2024010544706,2024,010544706,2,9,0,99,99,9,9,99,99,9,9,99,9,99,0,9,6,6,3,-1,-1,-1,-1,-1,-1,-1,-1,0,-1
2024340WN1422,2024,340WN1422,1,9,0,-1,7,5,1,-1,0,3,0,0,0,0,3,1,-1,6,1,-1,-1,-1,-1,-1,-1,-1,-1,0,-1
2024070291353,2024,070291353,2,1,0,18,19,5,1,0,0,0,0,0,0,0,1,1,6,6,1,78,11,-1,-1,-1,-1,10,E01018533,0,1
2024552400320,2024,552400320,1,97,0,13,13,8,4,3,2,0,0,0,0,0,4,1,6,6,3,-1,-1,-1,-1,-1,-1,-1,-1,0,-1
2024361419694,2024,361419694,1,9,0,-1,9,7,5,-1,0,8,0,0,0,0,3,1,-1,1,1,38,7,-1,-1,-1,-1,4,E01026823,0,1
2024541336224,2024,541336224,2,1,0,18,19,4,8,0,0,6,0,0,0,0,3,1,6,6,1,13,3,-1,-1,-1,-1,5,E01015505,0,1
2024010495650,2024,010495650,1,9,0,4,4,7,3,0,0,0,0,0,0,0,2,1,6,6,2,47,8,-1,-1,-1,-1,3,E01001503,0,1
2024201452844,2024,201452844,2,1,0,-1,19,2,4,-1,9,8,0,0,0,0,1,1,-1,6,1,19,4,-1,-1,-1,-1,-1,-1,0,-1
2024440321006,2024,440321006,2,1,0,18,19,7,3,9,9,0,0,0,0,0,1,1,6,6,1,-1,-1,-1,-1,-1,-1,-1,-1,0,-1
2024522401840,2024,522401840,2,9,0,18,19,5,1,0,0,1,0,0,0,0,1,1,6,6,1,45,7,-1,-1,-1,-1,7,E01014805,0,1
2024010512879,2024,010512879,1,9,9,99,99,9,9,99,99,9,9,99,9,99,2,9,6,6,3,-1,-1,-1,-1,-1,-1,6,E01003413,0,1
2024547601924,2024,547601924,1,1,0,18,19,7,3,0,0,2,0,0,0,0,1,1,6,6,2,24,5,-1,-1,-1,-1,1,E01032096,0,1
2024421467487,2024,421467487,2,9,0,-1,19,3,7,-1,0,1,0,0,0,0,1,2,-1,9,2,40,7,-1,-1,-1,-1,4,E01015962,0,1
2024031433929,2024,031433929,1,9,0,-1,7,1,3,-1,0,1,0,0,0,0,1,9,-1,9,1,80,11,-1,-1,-1,-1,-1,-1,0,-1
2024991521011,2024,991521011,1,9,0,-1,19,3,8,-1,0,0,0,0,8,10,1,1,-1,9,1,33,6,-1,-1,-1,-1,7,-1,0,5
2024201522051,2024,201522051,1,9,0,-1,13,7,5,-1,0,0,0,0,0,0,1,9,-1,6,1,53,8,-1,-1,-1,-1,4,E01010426,0,1
2024430039846,2024,430039846,2,9,0,18,19,5,1,0,0,0,0,0,0,0,2,1,6,6,1,39,7,-1,-1,-1,-1,9,E01016634,0,2
2024010491501,2024,010491501,1,9,0,9,9,2,7,0,0,8,0,0,0,0,2,1,6,6,2,29,6,-1,-1,-1,-1,7,E01024355,0,4
2024052402679,2024,052402679,2,1,0,18,19,5,1,0,0,8,0,0,0,0,4,1,6,6,1,73,10,-1,-1,-1,-1,10,E01007200,0,1
2024141467341,2024,141467341,2,9,0,-1,4,1,5,-1,0,0,0,0,0,0,2,1,-1,9,2,22,5,-1,-1,-1,-1,1,E01007764,0,3
2024161490087,2024,161490087,2,1,0,-1,19,4,8,-1,0,1,0,0,0,0,2,1,-1,2,2,37,7,-1,-1,-1,-1,1,E01013162,0,1
2024421448978,2024,421448978,2,1,0,-1,19,7,3,-1,0,0,0,0,0,0,4,1,-1,9,1,74,10,-1,-1,-1,-1,9,E01015836,0,1
2024052402401,2024,052402401,1,9,0,13,13,1,5,0,0,1,0,0,0,0,4,1,6,6,3,-1,-1,-1,-1,-1,-1,-1,-1,0,-1
2024131395457,2024,131395457,3,9,0,-1,-1,-1,-1,-1,-1,-1,-1,-1,-1,-1,-1,1,-1,6,2,38,7,-1,-1,-1,-1,2,E01011594,0,1
2024320512720,2024,320512720,2,1,0,-1,-1,6,2,0,0,8,5,0,0,0,4,1,6,6,2,55,8,-1,-1,-1,-1,2,E01026108,0,1
2024522402964,2024,522402964,2,1,0,13,13,3,7,0,0,8,0,0,0,0,1,1,6,6,1,22,5,-1,-1,-1,-1,9,E01014899,0,1
2024131449301,2024,131449301,1,9,0,-1,-1,-1,-1,-1,-1,-1,-1,-1,-1,-1,-1,1,-1,6,2,-1,-1,-1,-1,-1,-1,-1,-1,0,-1
2024041436666,2024,041436666,1,9,0,-1,1,1,5,-1,0,0,0,0,0,0,2,1,-1,9,1,62,9,-1,-1,-1,-1,3,E01025460,0,2
2024311524987,2024,311524987,2,1,0,-1,19,4,8,-1,9,8,0,0,0,0,3,1,-1,6,1,40,7,-1,-1,-1,-1,-1,-1,0,-1
2024010491844,2024,010491844,2,9,0,5,5,2,6,0,0,1,0,0,0,0,1,1,6,6,1,33,6,-1,-1,-1,-1,3,E01001351,0,2
2024161519260,2024,161519260,2,1,0,-1,19,2,6,-1,4,1,1,0,0,0,1,1,-1,6,1,46,8,-1,-1,-1,-1,3,E01012913,0,2
2024131517899,2024,131517899,1,11,0,-1,3,2,6,-1,0,8,0,0,0,0,2,2,-1,6,1,65,9,-1,-1,-1,-1,-1,-1,0,-1
2024340WN3492,2024,340WN3492,2,9,0,-1,19,2,5,-1,0,0,0,0,0,0,4,1,-1,2,2,52,8,-1,-1,-1,-1,10,E01035428,0,1
2024010490641,2024,010490641,1,9,0,5,5,1,5,0,0,0,0,0,0,0,3,1,2,2,2,44,7,-1,-1,-1,-1,2,E01004185,0,1
2024302401464,2024,302401464,2,1,0,18,19,3,7,0,0,0,0,0,0,0,1,1,4,7,1,14,3,-1,-1,-1,-1,8,E01019518,0,1
2024010490317,2024,010490317,1,1,9,99,99,9,9,99,99,9,9,99,9,99,1,1,6,6,1,28,6,-1,-1,-1,-1,2,E01003021,0,2
2024430001059,2024,430001059,1,9,0,18,19,6,2,0,0,0,0,0,7,11,2,1,6,6,1,40,7,-1,-1,-1,-1,7,E01016317,0,2
2024540751124,2024,540751124,1,9,0,18,19,6,2,0,0,0,1,0,1,4,1,1,6,6,1,40,7,-1,-1,-1,-1,6,E01020398,0,3
2024430165214,2024,430165214,1,9,0,18,19,7,3,0,0,0,0,0,0,0,4,1,6,6,1,37,7,-1,-1,-1,-1,6,E01017851,0,1
2024371495700,2024,371495700,1,98,0,-1,9,8,1,-1,0,8,0,0,0,0,3,1,-1,6,3,-1,-1,-1,-1,-1,-1,-1,-1,0,-1
2024221449447,2024,221449447,1,9,0,-1,19,8,4,-1,0,0,0,0,0,0,1,9,-1,6,1,45,7,-1,-1,-1,-1,-1,-1,0,-1
2024131490803,2024,131490803,2,1,0,-1,19,7,3,-1,0,8,0,0,0,0,2,1,-1,6,1,11,3,-1,-1,-1,-1,1,E01010817,0,1
2024010498417,2024,010498417,2,9,0,99,99,9,9,99,99,9,9,99,9,99,9,9,6,6,3,-1,-1,-1,-1,-1,-1,2,E01001249,0,1
2024031527402,2024,031527402,1,9,0,-1,7,3,5,-1,0,0,0,0,0,0,3,9,-1,6,1,-1,-1,-1,-1,-1,-1,-1,-1,0,-1
2024320409163,2024,320409163,2,1,0,-1,-1,4,8,0,0,8,5,0,0,0,3,1,6,6,2,9,2,-1,-1,-1,-1,2,E01026030,0,1
2024010548648,2024,010548648,3,9,0,18,19,1,5,0,0,4,0,4,0,0,1,1,6,6,3,-1,-1,-1,-1,-1,-1,-1,-1,0,-1
2024430475627,2024,430475627,1,9,0,15,15,-1,-1,0,0,0,0,0,0,0,4,1,3,7,2,35,6,-1,-1,-1,-1,-1,-1,0,-1
2024411524911,2024,411524911,1,9,-1,-1,-1,-1,-1,-1,-1,-1,-1,-1,-1,0,-1,9,-1,6,3,-1,-1,-1,-1,-1,-1,-1,-1,0,-1
2024010500847,2024,010500847,2,1,0,18,19,3,7,0,0,8,0,0,0,0,0,1,6,6,1,29,6,-1,-1,-1,-1,2,E01003940,0,1
2024340WN3192,2024,340WN3192,2,98,0,-1,19,5,1,-1,0,0,0,0,0,0,2,1,-1,1,1,59,9,-1,-1,-1,-1,7,E01002260,0,5
2024302400150,2024,302400150,1,9,0,18,19,5,1,0,0,1,0,0,0,0,4,1,6,6,2,64,9,-1,-1,-1,-1,-1,-1,0,-1
2024401489995,2024,401489995,2,1,0,-1,19,6,8,-1,0,1,0,0,0,0,3,1,-1,6,1,45,7,-1,-1,-1,-1,2,E01015705,0,1
2024311408332,2024,311408332,2,1,0,-1,19,7,2,-1,0,8,0,0,0,0,1,1,-1,1,1,16,4,-1,-1,-1,-1,5,E01027948,0,1
2024340NN1852,2024,340NN1852,2,9,0,-1,3,5,1,-1,0,0,0,0,0,0,2,1,-1,2,2,66,10,-1,-1,-1,-1,1,E01015661,0,4
2024141500030,2024,141500030,1,9,0,-1,19,4,8,-1,0,2,0,0,0,0,1,9,-1,6,3,-1,-1,-1,-1,-1,-1,-1,-1,0,-1
2024052402331,2024,052402331,1,1,0,18,19,7,3,0,0,0,0,0,0,0,4,1,6,6,1,33,6,-1,-1,-1,-1,2,E01006551,0,1
2024010522982,2024,010522982,2,1,0,18,19,5,1,0,0,8,0,0,0,0,1,1,6,6,1,15,3,-1,-1,-1,-1,-1,-1,0,-1
2024361480245,2024,361480245,1,9,0,-1,19,7,3,-1,9,0,0,0,1,0,1,9,-1,6,3,-1,-1,-1,-1,-1,-1,-1,-1,0,-1
2024052401134,2024,052401134,1,1,0,18,19,2,6,0,0,2,0,0,0,0,1,1,1,1,1,22,5,-1,-1,-1,-1,2,E01006722,0,1
2024010502258,2024,010502258,2,9,0,1,1,9,9,99,99,9,9,99,9,99,2,9,6,6,3,-1,-1,-1,-1,-1,-1,-1,-1,0,-1
2024481471143,2024,481471143,2,1,0,-1,19,1,5,-1,5,8,0,0,0,0,1,1,-1,2,1,35,6,-1,-1,-1,-1,-1,-1,0,-1
2024440142069,2024,440142069,1,9,0,5,5,5,1,0,0,0,0,0,0,0,3,1,6,6,2,58,9,-1,-1,-1,-1,5,E01017355,0,1
2024131503520,2024,131503520,2,1,0,-1,19,1,5,-1,0,8,0,0,0,0,3,1,-1,2,1,33,6,-1,-1,-1,-1,10,E01011382,0,2
2024221415681,2024,221415681,1,19,0,-1,12,3,7,-1,0,0,0,0,0,0,3,9,-1,6,1,29,6,-1,-1,-1,-1,5,E01032305,0,1
2024161408094,2024,161408094,2,1,5,-1,19,5,1,-1,0,0,0,0,0,0,2,1,-1,7,1,17,4,-1,-1,-1,-1,1,E01032595,0,1