collision_index,collision_year,collision_ref_no,vehicle_reference,vehicle_type,towing_and_articulation,vehicle_manoeuvre_historic,vehicle_manoeuvre,vehicle_direction_from,vehicle_direction_to,vehicle_location_restricted_lane_historic,vehicle_location_restricted_lane,junction_location,skidding_and_overturning,hit_object_in_carriageway,vehicle_leaving_carriageway,hit_object_off_carriageway,first_point_of_impact,vehicle_left_hand_drive,journey_purpose_of_driver_historic,journey_purpose_of_driver,sex_of_driver,age_of_driver,age_band_of_driver,engine_capacity_cc,propulsion_code,age_of_vehicle,generic_make_model,driver_imd_decile,lsoa_of_driver,escooter_flag,driver_distance_banding
2024010545133,2024,010545133,3,9,0,18,19,1,5,0,0,0,0,0,0,0,9,1,6,6,3,24,5,-1,-1,-1,-1,2,E01034208,0,1
2024622400228,2024,622400228,2,1,0,18,19,8,4,0,0,0,0,0,0,0,1,1,6,6,1,21,5,-1,-1,-1,-1,5,W01001824,0,1
2024430148956,2024,430148956,1,9,0,7,7,5,7,0,0,6,0,0,0,0,3,1,6,6,1,21,5,-1,-1,-1,-1,9,E01028794,0,1
2024545759524,2024,545759524,1,2,0,3,3,7,3,0,0,1,0,0,0,0,0,1,6,6,1,27,6,-1,-1,-1,-1,3,E01031856,0,3
2024421440527,2024,421440527,1,9,0,-1,19,1,5,-1,0,0,1,0,1,4,4,1,-1,9,1,25,5,-1,-1,-1,-1,4,E01035319,0,4
2024231473737,2024,231473737,1,9,0,-1,19,7,4,-1,0,0,1,0,1,11,1,1,-1,9,2,58,9,-1,-1,-1,-1,7,E01031013,0,1
2024061519972,2024,061519972,1,9,0,-1,19,5,1,-1,0,0,0,0,0,0,1,1,-1,9,3,17,4,-1,-1,-1,-1,-1,-1,0,-1
2024041404101,2024,041404101,1,9,0,-1,19,3,7,-1,0,0,0,0,0,0,1,1,-1,9,1,58,9,-1,-1,-1,-1,4,E01025605,0,1
2024430291077,2024,430291077,1,1,0,18,19,6,2,0,0,8,0,0,0,0,4,1,6,6,1,53,8,-1,-1,-1,-1,-1,-1,0,-1
2024061491614,2024,061491614,2,90,0,-1,19,1,3,-1,0,8,0,0,0,0,3,1,-1,9,2,10,2,-1,-1,-1,-1,3,E01005179,0,1
2024161528164,2024,161528164,1,1,0,-1,19,6,2,-1,0,0,0,0,0,0,-1,1,-1,6,2,55,8,-1,-1,-1,-1,2,E01012884,0,1
2024501480529,2024,501480529,1,9,0,-1,5,3,7,-1,0,2,0,0,0,0,2,1,-1,6,1,70,10,-1,-1,-1,-1,6,E01020121,0,1
2024010547043,2024,010547043,1,19,9,99,99,9,9,99,99,9,0,99,9,99,9,9,6,6,3,-1,-1,-1,-1,-1,-1,-1,-1,0,-1
2024161450290,2024,161450290,2,1,0,-1,19,7,3,-1,0,0,0,0,0,0,1,1,-1,6,1,16,4,-1,-1,-1,-1,-1,-1,0,-1
2024440380393,2024,440380393,1,9,0,4,4,1,5,0,0,1,0,0,0,0,4,1,6,6,2,17,4,-1,-1,-1,-1,2,E01032878,0,2
2024161490144,2024,161490144,2,1,0,-1,9,7,4,-1,0,0,0,0,0,0,1,1,-1,6,1,20,4,-1,-1,-1,-1,7,E01013301,0,1
2024311514734,2024,311514734,1,9,0,-1,19,3,7,-1,0,1,0,0,0,0,1,9,-1,6,3,-1,-1,-1,-1,-1,-1,-1,-1,0,-1
2024161535019,2024,161535019,1,-1,0,-1,19,1,5,-1,0,0,0,0,0,0,1,9,-1,6,2,-1,-1,-1,-1,-1,-1,9,E01012960,1,2
2024131402146,2024,131402146,1,98,0,-1,-1,-1,-1,-1,-1,-1,-1,-1,-1,0,-1,1,-1,6,3,-1,-1,-1,-1,-1,-1,-1,-1,0,-1
2024302400780,2024,302400780,1,9,0,9,9,4,2,0,0,6,1,0,0,0,3,1,6,6,1,22,5,-1,-1,-1,-1,8,E01013540,0,1
2024340WN7242,2024,340WN7242,1,21,1,-1,11,5,1,-1,0,0,0,0,0,0,4,1,-1,6,3,-1,-1,-1,-1,-1,-1,-1,-1,0,-1
2024010496890,2024,010496890,1,9,0,99,99,9,9,99,99,9,9,99,9,99,1,9,6,6,3,-1,-1,-1,-1,-1,-1,-1,-1,0,-1
2024201425361,2024,201425361,2,1,0,-1,19,4,8,-1,0,3,0,0,0,0,4,1,-1,6,1,55,8,-1,-1,-1,-1,1,E01009326,0,1
2024552401031,2024,552401031,1,19,0,9,9,8,6,0,0,5,0,0,0,0,1,1,6,6,3,-1,-1,-1,-1,-1,-1,-1,-1,0,-1
2024010516895,2024,010516895,2,1,9,18,19,3,7,0,0,1,9,99,9,99,4,1,6,6,2,13,3,-1,-1,-1,-1,3,E01002215,0,1
2024010494325,2024,010494325,1,9,0,1,1,9,9,99,99,1,9,99,9,99,2,1,6,6,1,60,9,-1,-1,-1,-1,3,E01034830,0,4
2024221461247,2024,221461247,2,1,0,-1,19,4,8,-1,0,0,0,0,0,0,3,1,-1,9,1,47,8,-1,-1,-1,-1,-1,-1,0,-1
2024010531820,2024,010531820,2,1,9,99,99,9,9,99,99,9,9,99,9,99,9,1,2,2,1,34,6,-1,-1,-1,-1,2,E01001161,0,2
2024041501953,2024,041501953,1,9,0,-1,19,-1,-1,-1,0,0,0,0,0,0,4,9,-1,6,3,-1,-1,-1,-1,-1,-1,-1,-1,0,-1
2024522401601,2024,522401601,2,19,0,18,19,2,6,0,0,1,0,0,0,0,1,1,6,6,1,-1,-1,-1,-1,-1,-1,-1,-1,0,-1
2024052402042,2024,052402042,1,1,0,17,19,2,6,0,0,0,0,0,0,0,1,1,4,7,1,13,3,-1,-1,-1,-1,5,E01006670,0,1
2024010525014,2024,010525014,2,1,0,18,19,5,1,0,0,8,5,0,0,0,1,1,2,2,1,26,6,-1,-1,-1,-1,5,E01001736,0,1
202417L100624,2024,17L100624,2,9,0,7,7,6,8,0,0,8,0,0,0,0,1,1,6,6,3,-1,-1,-1,-1,-1,-1,-1,-1,0,-1
2024101533229,2024,101533229,1,9,0,-1,20,3,1,-1,0,0,0,0,0,0,1,9,-1,6,3,-1,-1,-1,-1,-1,-1,-1,-1,0,-1
2024211466597,2024,211466597,2,9,0,-1,3,8,4,-1,0,0,0,0,0,0,2,1,-1,9,1,28,6,-1,-1,-1,-1,3,E01029549,0,1
2024430380172,2024,430380172,2,1,0,18,19,8,4,0,0,8,0,0,0,0,2,1,6,6,1,56,9,-1,-1,-1,-1,10,E01017849,0,3
2024440256481,2024,440256481,1,3,0,18,19,7,3,0,0,0,0,0,0,0,3,1,1,1,1,24,5,-1,-1,-1,-1,10,E01023247,0,3
2024440375126,2024,440375126,1,5,0,18,19,1,5,0,0,4,0,0,0,0,1,1,6,6,1,19,4,-1,-1,-1,-1,8,E01023234,0,4
2024351422800,2024,351422800,2,-1,-1,-1,-1,-1,-1,-1,-1,0,-1,-1,-1,0,-1,9,-1,2,1,46,8,-1,-1,-1,-1,6,E01017997,1,1
2024061485687,2024,061485687,2,9,9,-1,7,-1,-1,-1,0,0,0,0,0,0,1,1,-1,6,3,-1,-1,-1,-1,-1,-1,-1,-1,0,-1
2024061460004,2024,061460004,1,9,0,-1,9,5,2,-1,0,0,0,0,0,0,1,1,-1,6,2,46,8,-1,-1,-1,-1,-1,-1,0,-1
2024010493694,2024,010493694,2,9,0,18,19,1,5,0,0,0,0,0,0,0,0,1,1,1,1,23,5,-1,-1,-1,-1,5,E01003666,0,1
2024010491677,2024,010491677,1,3,0,99,99,9,9,99,99,9,9,99,9,99,9,1,2,2,1,56,9,-1,-1,-1,-1,4,E01034383,0,1
2024010541102,2024,010541102,1,1,9,99,99,9,9,99,99,9,9,99,9,99,1,1,6,6,2,27,6,-1,-1,-1,-1,3,E01035498,0,1
2024161516225,2024,161516225,2,1,0,-1,19,6,2,-1,0,0,0,0,0,0,1,1,-1,6,1,30,6,-1,-1,-1,-1,2,E01012872,0,1
2024010505285,2024,010505285,1,3,5,3,3,5,1,2,2,5,0,10,0,0,0,1,2,2,1,38,7,-1,-1,-1,-1,6,E01000911,0,1
2024010532769,2024,010532769,2,9,0,99,99,9,9,99,99,9,9,99,9,99,1,9,6,6,3,-1,-1,-1,-1,-1,-1,-1,-1,0,-1
2024161462098,2024,161462098,2,9,0,-1,9,1,7,-1,0,1,0,0,0,0,-1,9,-1,6,1,-1,-1,-1,-1,-1,-1,-1,-1,0,-1
2024131499698,2024,131499698,1,9,0,-1,12,7,3,-1,0,0,0,0,0,0,1,1,-1,9,1,34,6,-1,-1,-1,-1,6,E01014173,0,5
2024010487110,2024,010487110,1,2,0,18,19,3,7,0,0,1,0,0,0,0,1,1,1,1,1,40,7,-1,-1,-1,-1,5,E01003272,0,1
2024501531812,2024,501531812,2,9,0,-1,13,5,1,-1,0,1,0,0,0,0,1,1,-1,2,1,21,5,-1,-1,-1,-1,3,E01015270,0,1
2024471475321,2024,471475321,1,-1,0,-1,9,3,1,-1,0,1,0,0,0,0,1,1,-1,9,2,18,4,-1,-1,-1,-1,6,E01031673,1,1
2024631423557,2024,631423557,1,98,0,-1,19,3,6,-1,0,0,5,0,2,10,4,1,-1,7,2,52,8,-1,-1,-1,-1,8,W01000440,0,3
2024131395486,2024,131395486,2,9,0,-1,11,7,3,-1,0,0,0,0,0,0,4,1,-1,9,2,39,7,-1,-1,-1,-1,2,E01005220,0,4
2024211456812,2024,211456812,1,9,0,-1,3,3,7,-1,0,0,0,0,0,0,1,1,-1,6,2,29,6,-1,-1,-1,-1,-1,-1,0,-1
2024451469060,2024,451469060,1,1,0,-1,19,6,2,-1,9,0,0,0,0,0,0,1,-1,9,1,24,5,-1,-1,-1,-1,6,E01002616,0,2
2024141458199,2024,141458199,1,9,0,-1,19,3,7,-1,0,1,0,0,0,0,1,9,-1,6,3,16,4,-1,-1,-1,-1,-1,-1,0,-1
2024041442753,2024,041442753,2,1,0,-1,19,5,2,-1,0,8,0,0,0,0,1,1,-1,9,1,40,7,-1,-1,-1,-1,1,E01012621,0,1
2024552401109,2024,552401109,2,9,0,18,19,1,5,0,0,8,1,0,0,0,1,1,6,6,1,34,6,-1,-1,-1,-1,6,E01020442,0,1
2024101439598,2024,101439598,1,9,0,-1,9,7,5,-1,0,0,0,0,0,0,1,9,-1,6,1,-1,-1,-1,-1,-1,-1,-1,-1,0,-1
2024010488023,2024,010488023,2,8,9,99,99,9,9,99,99,9,9,99,9,99,9,9,6,6,3,-1,-1,-1,-1,-1,-1,-1,-1,0,-1
2024010495196,2024,010495196,2,9,0,99,99,9,9,99,99,9,9,99,9,99,1,9,6,6,3,-1,-1,-1,-1,-1,-1,-1,-1,0,-1
2024010545412,2024,010545412,2,1,0,18,19,5,1,0,0,1,0,0,0,0,1,1,2,2,1,40,7,-1,-1,-1,-1,2,E01001441,0,1
2024461394505,2024,461394505,4,11,0,-1,4,4,2,-1,0,2,0,0,0,0,0,1,-1,1,1,18,4,-1,-1,-1,-1,1,E01024615,0,1
2024010495852,2024,010495852,1,19,0,99,99,9,9,99,99,9,9,99,9,99,9,9,6,6,3,-1,-1,-1,-1,-1,-1,8,E01002453,0,4
2024010525485,2024,010525485,2,1,0,3,3,1,5,0,0,8,0,0,0,0,1,1,1,1,2,51,8,-1,-1,-1,-1,3,E01002102,0,1
2024010501603,2024,010501603,1,9,0,99,99,9,9,99,99,9,9,99,9,99,2,9,1,1,1,48,8,-1,-1,-1,-1,7,E01002617,0,3
2024161400138,2024,161400138,2,22,0,-1,5,1,5,-1,0,6,5,0,0,0,4,1,-1,6,2,68,10,-1,-1,-1,-1,1,E01012798,0,1
2024411541888,2024,411541888,2,9,0,-1,12,5,1,-1,0,0,0,0,0,0,2,1,-1,6,1,55,8,-1,-1,-1,-1,5,E01001590,0,4
2024552401056,2024,552401056,1,-1,0,18,19,8,4,0,0,0,0,0,0,0,1,1,6,6,1,18,4,-1,-1,-1,-1,4,E01015374,1,1
2024461421714,2024,461421714,2,9,0,-1,4,3,7,-1,0,0,0,0,0,0,2,1,-1,9,2,62,9,-1,-1,-1,-1,6,E01016080,0,1
2024211468124,2024,211468124,1,9,0,-1,19,3,7,-1,0,0,0,0,0,0,1,1,-1,6,1,24,5,-1,-1,-1,-1,-1,-1,0,-1
2024010502590,2024,010502590,2,1,0,18,19,7,3,0,0,1,0,0,0,0,4,1,6,6,1,27,6,-1,-1,-1,-1,3,E01002595,0,2
2024340NN4322,2024,340NN4322,1,9,0,-1,19,7,3,-1,0,3,0,0,0,0,1,1,-1,6,3,-1,-1,-1,-1,-1,-1,-1,-1,0,-1
2024421530523,2024,421530523,1,99,-1,-1,19,-1,-1,-1,0,0,-1,-1,-1,0,-1,9,-1,6,3,-1,-1,-1,-1,-1,-1,-1,-1,0,-1
2024010489664,2024,010489664,1,1,9,99,99,9,9,99,99,9,9,99,9,99,2,1,6,6,1,26,6,-1,-1,-1,-1,4,E01003578,0,1
2024010493829,2024,010493829,1,9,0,18,19,5,1,0,0,4,0,0,0,0,1,1,6,6,2,29,6,-1,-1,-1,-1,10,E01000811,0,1
2024010523264,2024,010523264,1,1,9,99,99,9,9,99,99,9,9,99,9,99,2,1,6,6,1,30,6,-1,-1,-1,-1,5,E01002565,0,2
202454C463824,2024,54C463824,2,1,0,5,5,7,3,0,0,4,0,0,0,0,3,1,6,6,1,37,7,-1,-1,-1,-1,10,E01015533,0,1
2024610013024,2024,610013024,2,9,0,2,2,0,0,0,0,4,0,0,0,0,0,1,6,6,1,40,7,-1,-1,-1,-1,5,W01001521,0,1
2024010535467,2024,010535467,2,1,0,18,19,5,1,0,0,8,0,0,0,0,3,1,2,2,1,27,6,-1,-1,-1,-1,3,E01001747,0,1
2024451497490,2024,451497490,2,9,0,-1,19,3,3,-1,0,0,0,0,0,0,2,1,-1,9,1,49,8,-1,-1,-1,-1,3,E01030608,0,1
2024010533324,2024,010533324,1,1,0,18,19,5,1,0,0,0,0,0,0,0,1,1,6,6,2,48,8,-1,-1,-1,-1,6,E01001245,0,1
2024991510583,2024,991510583,1,23,0,-1,4,4,1,-1,0,1,0,4,0,0,1,1,-1,8,1,24,5,-1,-1,-1,-1,2,-1,0,1
2024451455883,2024,451455883,1,9,0,-1,19,5,1,-1,0,1,0,0,0,0,1,9,-1,6,3,45,7,-1,-1,-1,-1,-1,-1,0,-1
2024010501227,2024,010501227,2,1,0,9,9,8,6,0,0,1,0,0,0,0,1,1,6,6,1,21,5,-1,-1,-1,-1,-1,-1,0,-1
2024010550249,2024,010550249,2,1,9,99,99,9,9,99,99,9,9,99,9,99,0,1,2,2,1,40,7,-1,-1,-1,-1,5,E01001138,0,1
2024221529385,2024,221529385,1,3,0,-1,19,8,4,-1,0,4,0,0,0,0,1,1,-1,6,1,24,5,-1,-1,-1,-1,-1,-1,0,-1
2024201401203,2024,201401203,2,1,0,-1,19,6,2,-1,0,8,0,0,0,0,3,1,-1,1,1,29,6,-1,-1,-1,-1,1,E01010410,0,1
2024010497040,2024,010497040,1,5,0,18,19,7,3,0,0,2,0,0,1,0,3,1,6,6,1,49,8,-1,-1,-1,-1,10,E01024474,0,2
2024141408179,2024,141408179,1,9,0,-1,9,5,4,-1,0,1,0,0,0,0,1,1,-1,2,1,63,9,-1,-1,-1,-1,8,E01007839,0,1
2024221402026,2024,221402026,1,9,0,-1,9,4,2,-1,0,5,0,0,0,0,1,9,-1,7,2,33,6,-1,-1,-1,-1,3,E01013992,0,1
2024201431814,2024,201431814,1,3,0,-1,15,2,7,-1,0,0,0,0,0,0,2,1,-1,2,1,22,5,-1,-1,-1,-1,1,E01009048,0,1
2024440164576,2024,440164576,1,9,0,18,19,8,4,0,0,1,0,0,0,0,1,1,6,6,2,35,6,-1,-1,-1,-1,4,E01017282,0,3
2024631535459,2024,631535459,1,9,0,-1,19,8,4,-1,0,0,5,4,0,0,1,1,-1,9,2,67,10,-1,-1,-1,-1,4,W01000605,0,1
2024010519157,2024,010519157,1,9,0,18,19,1,5,0,0,1,0,0,0,0,2,1,6,6,3,-1,-1,-1,-1,-1,-1,-1,-1,0,-1
2024101476044,2024,101476044,1,11,0,-1,2,0,0,-1,0,8,0,0,0,0,0,1,-1,1,3,-1,-1,-1,-1,-1,-1,-1,-1,0,-1
2024161495156,2024,161495156,1,1,0,-1,5,5,2,-1,9,1,0,0,0,0,1,1,-1,2,2,40,7,-1,-1,-1,-1,6,E01013039,0,1
2024010543718,2024,010543718,1,1,9,99,99,9,9,4,4,1,9,99,9,99,1,1,6,6,1,40,7,-1,-1,-1,-1,9,E01001377,0,1
2024471462433,2024,471462433,3,-1,0,-1,19,2,7,-1,0,0,0,0,0,0,0,1,-1,6,2,12,3,-1,-1,-1,-1,6,E01035330,1,1
2024991496419,2024,991496419,2,1,0,-1,9,1,7,-1,0,8,0,0,0,0,1,1,-1,6,1,26,6,-1,-1,-1,-1,9,-1,0,1
2024010537921,2024,010537921,1,9,0,18,19,8,4,0,0,1,0,0,0,0,1,1,6,6,3,-1,-1,-1,-1,-1,-1,-1,-1,0,-1
2024501498690,2024,501498690,1,9,0,-1,1,7,3,-1,0,0,0,0,0,0,2,1,-1,1,1,33,6,-1,-1,-1,-1,4,E01019919,0,3
2024430556498,2024,430556498,2,1,0,18,19,4,8,0,0,8,0,0,3,0,1,1,6,6,1,21,5,-1,-1,-1,-1,8,E01016748,0,1
2024201450401,2024,201450401,2,9,0,-1,10,6,4,-1,0,6,0,0,0,0,1,9,-1,2,1,65,9,-1,-1,-1,-1,2,E01009395,0,1
2024522401870,2024,522401870,1,1,0,10,10,3,1,0,0,8,0,0,0,0,2,1,6,6,2,34,6,-1,-1,-1,-1,2,E01014486,0,1
2024311482074,2024,311482074,1,22,0,-1,19,3,7,-1,9,0,0,0,0,0,1,1,-1,6,1,20,4,-1,-1,-1,-1,-1,-1,0,-1
2024461474564,2024,461474564,1,1,0,-1,19,7,3,-1,9,8,0,0,0,0,1,1,-1,6,1,16,4,-1,-1,-1,-1,3,E01035312,0,3
2024010494229,2024,010494229,1,4,0,99,99,9,9,99,99,9,9,99,9,99,9,1,1,1,1,44,7,-1,-1,-1,-1,1,E01002040,0,1
2024101401105,2024,101401105,1,9,0,-1,4,7,3,-1,0,0,0,0,0,0,0,1,-1,6,3,-1,-1,-1,-1,-1,-1,-1,-1,0,-1
2024471481221,2024,471481221,2,9,0,-1,19,1,5,-1,0,0,0,0,0,0,3,1,-1,6,3,-1,-1,-1,-1,-1,-1,-1,-1,0,-1
2024302401149,2024,302401149,2,1,0,18,19,5,1,0,0,8,0,0,0,0,4,1,6,6,1,59,9,-1,-1,-1,-1,2,E01013521,0,1
2024541466724,2024,541466724,1,9,0,13,13,7,3,0,0,2,1,10,7,11,3,1,2,2,1,41,7,-1,-1,-1,-1,10,E01031924,0,3
2024622400154,2024,622400154,1,9,0,5,5,4,8,0,0,2,0,0,0,0,1,1,6,6,3,-1,-1,-1,-1,-1,-1,-1,-1,0,-1
2024122400898,2024,122400898,2,1,0,18,19,4,8,0,0,1,1,0,0,0,1,1,6,6,1,10,2,-1,-1,-1,-1,1,E01027819,0,1
2024101473985,2024,101473985,1,-1,0,-1,19,1,5,-1,0,0,0,0,0,0,0,1,-1,6,1,38,7,-1,-1,-1,-1,-1,-1,1,-1
2024010493596,2024,010493596,1,9,0,9,9,7,4,0,0,1,0,0,0,0,3,1,2,2,2,57,9,-1,-1,-1,-1,2,E01001577,0,1
2024401435083,2024,401435083,2,-1,0,-1,5,1,5,-1,9,0,0,0,0,0,1,1,-1,6,1,14,3,-1,-1,-1,-1,3,E01015737,1,1
2024122401240,2024,122401240,1,9,0,18,19,3,8,0,0,0,0,0,0,0,1,9,6,6,3,-1,-1,-1,-1,-1,-1,-1,-1,0,-1
2024221527792,2024,221527792,2,9,0,-1,19,2,7,-1,0,0,0,0,1,0,1,9,-1,6,1,58,9,-1,-1,-1,-1,4,E01028841,0,1
2024131533645,2024,131533645,2,11,0,-1,-1,-1,-1,-1,-1,0,-1,-1,-1,-1,-1,1,-1,1,1,58,9,-1,-1,-1,-1,5,E01010578,0,2
2024351504301,2024,351504301,1,9,0,-1,19,-1,-1,-1,0,1,0,0,0,0,9,9,-1,6,3,-1,-1,-1,-1,-1,-1,-1,-1,0,-1
2024340NN4752,2024,340NN4752,1,9,0,-1,9,5,3,-1,0,6,0,0,0,0,1,1,-1,6,2,45,7,-1,-1,-1,-1,-1,-1,0,-1
2024401451935,2024,401451935,2,1,0,-1,19,1,5,-1,0,8,0,0,0,0,1,1,-1,6,1,30,6,-1,-1,-1,-1,2,E01015698,0,1
2024010548014,2024,010548014,1,9,0,-1,-1,4,8,0,0,0,0,0,0,0,1,1,6,6,1,26,6,-1,-1,-1,-1,5,E01031743,0,4
2024061441776,2024,061441776,1,8,-1,-1,15,1,5,-1,0,1,0,0,0,0,4,9,-1,6,3,-1,-1,-1,-1,-1,-1,-1,-1,0,-1
2024061427629,2024,061427629,1,9,0,-1,3,-1,-1,-1,0,0,0,0,0,0,2,1,-1,9,2,50,8,-1,-1,-1,-1,1,E01006357,0,1
2024010536461,2024,010536461,1,1,9,99,99,9,9,99,99,9,9,99,9,99,9,1,2,2,2,37,7,-1,-1,-1,-1,9,E01030389,0,1
2024010489940,2024,010489940,1,9,0,9,9,1,8,0,0,8,0,0,0,0,0,1,6,6,2,56,9,-1,-1,-1,-1,3,E01003630,0,1
2024010525918,2024,010525918,1,23,0,18,19,7,3,0,0,0,5,0,0,0,1,1,6,6,1,34,6,-1,-1,-1,-1,-1,-1,0,-1
2024461509495,2024,461509495,2,1,0,-1,19,3,7,-1,0,8,0,0,0,0,2,1,-1,6,1,38,7,-1,-1,-1,-1,8,E01016122,0,1
2024010497171,2024,010497171,1,9,0,7,7,1,3,0,0,5,0,0,0,0,4,1,2,2,1,34,6,-1,-1,-1,-1,3,E01001969,0,1
2024211490311,2024,211490311,1,3,0,-1,19,1,2,-1,0,0,0,0,0,0,1,1,-1,2,1,28,6,-1,-1,-1,-1,4,E01014268,0,1
2024010533234,2024,010533234,2,9,0,99,99,9,9,99,99,9,9,99,9,99,9,9,6,6,1,76,11,-1,-1,-1,-1,9,E01000201,0,2
2024991503717,2024,991503717,3,9,0,-1,19,1,5,-1,0,1,0,4,0,0,1,1,-1,6,2,73,10,-1,-1,-1,-1,7,-1,0,4
2024522500075,2024,522500075,1,9,0,18,19,2,6,0,0,6,0,0,0,0,4,1,6,6,1,53,8,-1,-1,-1,-1,1,E01014655,0,1
2024461524887,2024,461524887,4,9,0,-1,19,2,6,-1,0,0,0,0,0,0,0,1,-1,1,1,69,10,-1,-1,-1,-1,4,E01024696,0,1
202417S410624,2024,17S410624,1,1,0,-1,9,2,8,-1,0,8,0,0,0,0,3,1,-1,9,1,19,4,-1,-1,-1,-1,5,E01012205,0,2
2024131529232,2024,131529232,2,23,0,-1,19,8,8,-1,0,1,0,11,0,0,1,1,-1,2,1,22,5,-1,-1,-1,-1,1,E01011677,0,1
2024501494271,2024,501494271,2,1,0,-1,19,3,7,-1,0,1,0,0,0,0,1,1,-1,6,1,49,8,-1,-1,-1,-1,7,E01020071,0,4
2024991526396,2024,991526396,1,90,0,-1,7,6,1,-1,0,1,0,0,0,0,1,1,-1,6,1,30,6,-1,-1,-1,-1,-1,-1,0,-1
2024010550361,2024,010550361,1,9,0,3,3,9,9,0,0,0,9,99,9,99,9,9,6,6,1,19,4,-1,-1,-1,-1,2,E01014926,0,5
2024111425159,2024,111425159,2,1,0,-1,19,5,1,-1,0,0,0,0,0,0,1,1,-1,9,1,20,4,-1,-1,-1,-1,-1,-1,0,-1
2024421471752,2024,421471752,1,1,0,-1,19,1,5,-1,0,6,0,0,0,0,2,1,-1,6,1,68,10,-1,-1,-1,-1,1,E01015852,0,1
2024430163383,2024,430163383,2,9,0,18,19,7,2,0,0,1,0,0,0,0,1,1,6,6,3,-1,-1,-1,-1,-1,-1,-1,-1,0,-1
2024031454087,2024,031454087,1,99,0,-1,4,8,2,-1,0,0,0,0,0,0,0,1,-1,1,1,50,8,-1,-1,-1,-1,-1,-1,0,-1
2024440037418,2024,440037418,2,9,0,16,19,1,4,0,0,0,1,0,7,0,1,1,2,2,1,45,7,-1,-1,-1,-1,10,E01017874,0,4
2024010549880,2024,010549880,1,1,9,99,99,9,9,99,99,9,9,99,9,99,9,1,6,6,1,72,10,-1,-1,-1,-1,6,E01003791,0,1
2024041405451,2024,041405451,3,9,0,-1,19,1,5,-1,0,1,0,0,0,0,4,1,-1,6,1,45,7,-1,-1,-1,-1,2,E01025075,0,1
2024131464640,2024,131464640,2,9,0,-1,19,3,7,-1,0,0,0,0,0,0,3,1,-1,2,1,51,8,-1,-1,-1,-1,6,E01011833,0,1
2024471485505,2024,471485505,2,22,0,-1,5,5,1,-1,0,1,0,4,0,0,2,1,-1,6,2,-1,-1,-1,-1,-1,-1,-1,-1,0,-1
2024522500412,2024,522500412,1,1,0,7,7,5,8,4,4,5,0,0,0,0,4,1,6,6,1,27,6,-1,-1,-1,-1,4,E01014650,0,1
2024010533604,2024,010533604,1,1,0,3,3,1,5,0,0,8,0,0,0,0,3,1,6,6,1,54,8,-1,-1,-1,-1,7,E01004018,0,1
2024061539301,2024,061539301,1,9,-1,-1,19,7,3,-1,-1,-1,-1,-1,-1,0,1,9,-1,6,3,30,6,-1,-1,-1,-1,-1,-1,0,-1
2024010506245,2024,010506245,1,1,0,18,19,1,5,4,4,2,0,0,1,0,0,1,6,6,1,54,8,-1,-1,-1,-1,3,E01034474,0,2
2024010494027,2024,010494027,2,9,0,18,19,7,3,0,0,8,0,0,0,0,1,1,6,6,3,-1,-1,-1,-1,-1,-1,-1,-1,0,-1
2024411457511,2024,411457511,2,1,-1,-1,-1,-1,-1,-1,-1,0,-1,-1,-1,0,-1,1,-1,6,1,19,4,-1,-1,-1,-1,5,E01035575,0,1
2024461446992,2024,461446992,2,1,0,-1,9,4,3,-1,9,0,0,0,0,0,4,1,-1,6,2,8,2,-1,-1,-1,-1,6,E01024790,0,1
2024010513750,2024,010513750,1,1,9,99,99,9,9,99,99,0,9,99,9,99,9,1,6,6,1,37,7,-1,-1,-1,-1,10,E01003869,0,1
202417L207824,2024,17L207824,1,19,0,-1,3,7,3,-1,0,1,0,0,0,0,2,1,-1,9,1,64,9,-1,-1,-1,-1,6,E01012178,0,2
2024302401113,2024,302401113,1,9,0,18,19,4,8,0,0,1,0,0,0,0,1,1,6,6,3,-1,-1,-1,-1,-1,-1,5,E01019456,0,3
2024041510094,2024,041510094,1,9,0,-1,19,2,6,-1,0,8,0,0,0,0,-1,9,-1,6,3,-1,-1,-1,-1,-1,-1,-1,-1,0,-1
2024010541542,2024,010541542,2,9,0,99,99,9,9,99,99,0,9,99,9,99,9,9,6,6,3,-1,-1,-1,-1,-1,-1,-1,-1,0,-1
2024010489156,2024,010489156,1,9,0,9,9,5,3,0,0,5,0,0,0,0,3,1,6,6,1,48,8,-1,-1,-1,-1,2,E01001695,0,3
2024541160324,2024,541160324,1,9,0,18,19,7,3,0,0,0,0,0,0,0,1,1,6,6,1,34,6,-1,-1,-1,-1,9,E01033847,0,1
2024461426322,2024,461426322,2,9,0,-1,4,3,3,-1,0,0,0,0,0,0,2,9,-1,6,2,38,7,-1,-1,-1,-1,5,E01024379,0,4
2024610021424,2024,610021424,1,20,0,18,19,8,4,0,0,0,0,0,0,0,2,1,1,1,3,-1,-1,-1,-1,-1,-1,-1,-1,0,-1
2024320686032,2024,320686032,2,1,0,-1,-1,6,2,0,0,0,5,0,0,0,3,1,6,6,1,67,10,-1,-1,-1,-1,4,E01026082,0,1
2024332400387,2024,332400387,2,9,0,-1,19,2,6,-1,0,0,0,0,0,0,1,1,-1,6,3,-1,-1,-1,-1,-1,-1,-1,-1,0,-1
2024010520637,2024,010520637,2,9,0,18,19,5,1,0,0,1,0,0,0,0,1,1,6,6,3,-1,-1,-1,-1,-1,-1,-1,-1,0,-1
2024131471959,2024,131471959,1,9,0,-1,19,4,8,-1,0,4,0,0,0,0,1,1,-1,6,1,34,6,-1,-1,-1,-1,6,E01011734,0,1
2024010528830,2024,010528830,2,1,0,18,19,5,1,0,0,8,0,0,0,0,1,1,6,6,1,64,9,-1,-1,-1,-1,6,E01000564,0,2
2024461469653,2024,461469653,2,1,0,-1,14,5,1,-1,0,0,0,0,0,0,1,1,-1,6,1,-1,-1,-1,-1,-1,-1,10,E01024819,0,1
2024440247820,2024,440247820,2,9,0,13,13,6,2,0,0,0,0,0,0,0,4,1,6,6,1,23,5,-1,-1,-1,-1,10,E01022870,0,1