collision_index,collision_year,collision_ref_no,vehicle_reference,vehicle_type,towing_and_articulation,vehicle_manoeuvre_historic,vehicle_manoeuvre,vehicle_direction_from,vehicle_direction_to,vehicle_location_restricted_lane_historic,vehicle_location_restricted_lane,junction_location,skidding_and_overturning,hit_object_in_carriageway,vehicle_leaving_carriageway,hit_object_off_carriageway,first_point_of_impact,vehicle_left_hand_drive,journey_purpose_of_driver_historic,journey_purpose_of_driver,sex_of_driver,age_of_driver,age_band_of_driver,engine_capacity_cc,propulsion_code,age_of_vehicle,generic_make_model,driver_imd_decile,lsoa_of_driver,escooter_flag,driver_distance_banding
2024061489201,2024,061489201,1,9,0,-1,7,2,5,-1,0,2,0,0,0,0,-1,9,-1,6,3,-1,-1,-1,-1,-1,-1,-1,-1,0,-1
2024522402293,2024,522402293,1,-1,0,10,10,3,1,0,0,8,0,0,0,0,3,1,6,6,1,27,6,-1,-1,-1,-1,1,E01014654,1,1
2024010548809,2024,010548809,2,1,0,18,19,7,3,0,0,1,0,0,0,0,2,1,2,2,1,30,6,-1,-1,-1,-1,8,E01002579,0,1
2024041426490,2024,041426490,2,1,0,-1,19,5,1,-1,0,8,0,0,0,0,3,1,-1,9,1,54,8,-1,-1,-1,-1,3,E01025300,0,1
2024010492333,2024,010492333,2,8,0,99,99,9,9,99,99,9,9,99,9,99,4,9,6,6,3,-1,-1,-1,-1,-1,-1,-1,-1,0,-1
2024991509664,2024,991509664,2,90,0,-1,19,1,4,-1,-1,0,0,0,0,0,2,1,-1,1,1,57,9,-1,-1,-1,-1,6,-1,0,4
2024131474933,2024,131474933,1,9,0,-1,19,8,3,-1,0,1,0,4,1,0,3,1,-1,9,1,24,5,-1,-1,-1,-1,1,E01010674,0,1
2024221431509,2024,221431509,2,1,0,-1,19,6,1,-1,0,3,0,0,0,0,4,1,-1,9,1,63,9,-1,-1,-1,-1,8,E01032207,0,1
2024461526833,2024,461526833,2,1,0,-1,19,7,3,-1,0,0,0,0,0,0,4,1,-1,1,1,20,4,-1,-1,-1,-1,3,E01023981,0,1
2024010521569,2024,010521569,2,1,0,18,19,5,1,4,4,1,0,0,0,0,3,1,2,2,1,52,8,-1,-1,-1,-1,9,E01001606,0,1
2024991436915,2024,991436915,4,9,0,-1,9,3,1,-1,0,5,0,0,0,0,0,1,-1,1,1,43,7,-1,-1,-1,-1,7,-1,0,1
2024010521429,2024,010521429,1,1,0,18,19,1,5,0,0,1,0,0,0,0,0,1,6,6,2,47,8,-1,-1,-1,-1,7,E01003848,0,1
2024010488785,2024,010488785,1,1,9,99,99,9,9,99,99,1,9,99,9,99,1,9,6,6,2,26,6,-1,-1,-1,-1,3,E01004062,0,1
2024010488767,2024,010488767,2,9,0,99,99,9,9,99,99,0,9,99,9,99,9,9,6,6,3,-1,-1,-1,-1,-1,-1,-1,-1,0,-1
2024010535169,2024,010535169,1,1,9,99,99,9,9,4,4,9,9,99,9,99,1,1,2,2,1,26,6,-1,-1,-1,-1,4,E01001243,0,1
2024122400388,2024,122400388,1,9,0,18,19,7,3,0,0,1,1,0,1,0,3,1,6,6,1,85,11,-1,-1,-1,-1,7,E01027788,0,4
2024010494366,2024,010494366,2,9,0,99,99,9,9,99,99,9,9,99,9,99,9,9,6,6,3,-1,-1,-1,-1,-1,-1,-1,-1,0,-1
2024531532711,2024,531532711,2,1,0,-1,19,2,6,-1,0,8,0,0,0,0,3,1,-1,2,2,58,9,-1,-1,-1,-1,2,E01022164,0,1
2024052401510,2024,052401510,2,-1,0,4,4,1,7,0,0,1,0,0,0,0,2,1,6,6,2,20,4,-1,-1,-1,-1,1,E01006648,1,1
2024211399054,2024,211399054,1,9,0,-1,19,1,5,-1,0,8,2,0,1,0,1,1,-1,9,2,79,11,-1,-1,-1,-1,8,E01029704,0,1
2024221532987,2024,221532987,2,1,0,-1,4,7,2,-1,0,8,0,0,0,0,3,1,-1,2,1,37,7,-1,-1,-1,-1,7,E01032319,0,1
202417H103224,2024,17H103224,1,9,0,-1,19,1,5,-1,0,2,0,0,0,0,1,1,-1,6,1,-1,-1,-1,-1,-1,-1,-1,-1,0,-1
2024430339081,2024,430339081,2,1,0,18,19,2,6,0,0,0,0,0,0,0,3,1,1,1,2,25,5,-1,-1,-1,-1,5,E01035736,0,3
2024010488778,2024,010488778,1,19,0,4,4,5,1,0,0,0,1,0,0,0,1,1,1,1,1,32,6,-1,-1,-1,-1,7,E01003456,0,1
2024010487476,2024,010487476,1,9,0,99,99,9,9,99,99,9,9,99,9,99,2,9,6,6,2,24,5,-1,-1,-1,-1,6,E01002145,0,3
2024131447876,2024,131447876,1,90,0,-1,-1,-1,-1,-1,-1,8,-1,-1,-1,0,-1,1,-1,6,3,-1,-1,-1,-1,-1,-1,-1,-1,0,-1
2024010549433,2024,010549433,1,1,9,99,99,9,9,99,99,9,9,99,9,99,2,1,1,1,1,48,8,-1,-1,-1,-1,4,E01003492,0,3
2024991448205,2024,991448205,1,9,0,-1,19,7,3,-1,0,8,5,0,7,0,1,1,-1,6,1,21,5,-1,-1,-1,-1,7,-1,0,5
2024430540813,2024,430540813,1,9,0,18,19,7,3,0,0,0,0,0,1,7,3,1,6,6,2,51,8,-1,-1,-1,-1,5,E01020340,0,5
2024522402886,2024,522402886,2,5,0,3,3,7,3,0,0,0,0,0,0,0,2,1,6,6,1,52,8,-1,-1,-1,-1,9,E01014851,0,1
2024010524571,2024,010524571,1,9,0,99,99,9,9,99,99,9,9,99,9,99,1,9,6,6,3,-1,-1,-1,-1,-1,-1,-1,-1,0,-1
2024471458474,2024,471458474,1,98,0,-1,9,7,5,-1,0,5,0,0,0,0,4,1,-1,9,1,44,7,-1,-1,-1,-1,4,E01031433,0,1
2024010499528,2024,010499528,1,1,9,99,99,9,9,99,99,9,9,99,9,99,1,1,6,6,1,60,9,-1,-1,-1,-1,8,E01000200,0,1
2024010529800,2024,010529800,2,1,0,7,7,7,1,0,0,5,0,0,0,0,3,1,6,6,1,80,11,-1,-1,-1,-1,8,E01001132,0,1
2024010547134,2024,010547134,1,1,9,99,99,9,9,99,99,9,9,99,9,99,9,1,6,6,2,50,8,-1,-1,-1,-1,6,E01003642,0,1
2024361471340,2024,361471340,1,9,0,-1,19,7,3,-1,0,0,0,0,0,0,1,1,-1,1,1,38,7,-1,-1,-1,-1,8,E01026461,0,2
2024010493684,2024,010493684,1,9,0,5,5,5,1,0,0,6,0,0,0,0,1,1,6,6,2,50,8,-1,-1,-1,-1,5,E01033792,0,1
2024211492027,2024,211492027,2,1,0,-1,19,1,5,-1,0,8,5,0,0,0,4,1,-1,2,1,56,9,-1,-1,-1,-1,-1,-1,0,-1
2024340WN0562,2024,340WN0562,1,9,0,-1,19,1,5,-1,0,0,0,0,0,0,1,1,-1,6,3,-1,-1,-1,-1,-1,-1,-1,-1,0,-1
2024631512237,2024,631512237,1,9,0,-1,5,8,4,-1,0,6,0,0,1,10,3,1,-1,6,1,72,10,-1,-1,-1,-1,8,W01000534,0,1
2024041515997,2024,041515997,2,9,0,-1,19,1,5,-1,0,8,0,0,0,0,1,1,-1,1,1,29,6,-1,-1,-1,-1,1,E01006817,0,4
2024451428164,2024,451428164,2,1,0,-1,11,1,5,-1,0,0,1,1,0,0,2,1,-1,2,1,40,7,-1,-1,-1,-1,10,E01030378,0,1
2024010499292,2024,010499292,1,11,9,99,99,9,9,99,99,9,9,99,9,99,9,1,6,6,3,-1,-1,-1,-1,-1,-1,-1,-1,0,-1
2024101469282,2024,101469282,2,1,0,-1,5,1,5,-1,0,6,0,0,0,0,3,1,-1,2,2,53,8,-1,-1,-1,-1,10,E01008357,0,1
2024010493600,2024,010493600,1,3,0,99,99,9,9,99,99,9,9,99,9,99,1,1,1,1,3,24,5,-1,-1,-1,-1,4,E01003146,0,1
2024010494957,2024,010494957,2,1,0,18,19,7,3,0,0,8,0,0,0,0,1,1,1,1,1,19,4,-1,-1,-1,-1,6,E01003218,0,1
202460Q096990,2024,60Q096990,2,1,0,10,10,8,2,0,0,2,0,0,0,0,1,1,6,6,1,12,3,-1,-1,-1,-1,-1,-1,0,-1
2024010501659,2024,010501659,2,9,0,99,99,9,9,99,99,0,9,99,9,99,9,9,6,6,3,-1,-1,-1,-1,-1,-1,-1,-1,0,-1
2024221476006,2024,221476006,2,1,0,-1,19,8,4,-1,0,8,0,0,0,0,1,1,-1,2,1,48,8,-1,-1,-1,-1,8,E01014123,0,3
2024010489226,2024,010489226,1,9,0,7,7,1,2,0,0,2,0,0,1,0,4,1,2,2,1,46,8,-1,-1,-1,-1,2,E01034208,0,3
2024461434227,2024,461434227,1,9,0,-1,19,7,3,-1,0,6,0,0,0,0,1,9,-1,6,3,-1,-1,-1,-1,-1,-1,-1,-1,0,-1
2024061422370,2024,061422370,2,1,0,-1,19,3,7,-1,0,0,0,0,0,0,4,1,-1,7,2,17,4,-1,-1,-1,-1,6,E01005845,0,1
2024461437222,2024,461437222,1,3,0,-1,19,1,5,-1,0,0,1,0,0,0,0,1,-1,9,1,19,4,-1,-1,-1,-1,7,E01024726,0,3
2024122500524,2024,122500524,2,1,0,18,19,1,5,0,0,1,0,0,0,0,3,1,4,7,1,12,3,-1,-1,-1,-1,2,E01013399,0,1
2024201449221,2024,201449221,1,9,0,-1,19,8,4,-1,0,6,0,10,1,0,4,9,-1,6,1,38,7,-1,-1,-1,-1,8,E01009454,0,2
2024430059355,2024,430059355,1,9,0,17,19,7,4,0,0,0,1,0,1,4,1,1,2,2,1,28,6,-1,-1,-1,-1,4,E01000621,0,4
2024231399245,2024,231399245,1,9,0,-1,19,6,2,-1,0,0,0,0,1,0,1,1,-1,9,2,33,6,-1,-1,-1,-1,4,E01031086,0,3
2024421491930,2024,421491930,2,1,0,-1,19,6,2,-1,0,3,0,0,0,0,4,1,-1,9,1,28,6,-1,-1,-1,-1,8,E01021717,0,1
2024622400358,2024,622400358,1,9,0,5,5,8,4,0,0,0,0,0,1,11,1,1,6,6,2,78,11,-1,-1,-1,-1,4,W01000887,0,1
2024320756507,2024,320756507,1,4,0,9,9,8,7,0,0,5,5,0,0,0,1,1,6,6,1,17,4,-1,-1,-1,-1,6,E01026210,0,2
2024461419266,2024,461419266,1,9,0,-1,19,3,7,-1,0,5,0,0,0,0,4,9,-1,6,3,-1,-1,-1,-1,-1,-1,-1,-1,0,-1
2024211412153,2024,211412153,1,9,-1,-1,-1,-1,-1,-1,-1,-1,-1,-1,-1,0,-1,9,-1,6,2,-1,-1,-1,-1,-1,-1,-1,-1,0,-1
2024440343427,2024,440343427,1,1,0,18,19,8,4,0,0,0,0,0,0,0,0,1,6,6,1,55,8,-1,-1,-1,-1,6,E01022584,0,1
2024201416089,2024,201416089,1,9,0,-1,19,2,6,-1,0,8,0,0,0,0,1,9,-1,9,1,20,4,-1,-1,-1,-1,2,E01010059,0,1
2024991466152,2024,991466152,2,9,0,-1,19,3,7,-1,0,0,1,0,1,0,1,1,-1,6,1,48,8,-1,-1,-1,-1,9,-1,0,2
2024440267737,2024,440267737,2,-1,0,18,19,6,2,0,0,2,0,0,0,0,1,1,6,6,1,-1,-1,-1,-1,-1,-1,-1,-1,1,-1
2024141452202,2024,141452202,1,9,0,-1,19,7,2,-1,0,1,0,0,0,0,1,9,-1,6,3,-1,-1,-1,-1,-1,-1,-1,-1,0,-1
2024421492696,2024,421492696,1,97,0,-1,19,3,7,-1,0,8,0,0,0,0,1,1,-1,6,1,24,5,-1,-1,-1,-1,1,E01021323,0,1
2024010526952,2024,010526952,1,1,9,99,99,9,9,99,99,9,9,99,9,99,1,1,6,6,2,27,6,-1,-1,-1,-1,10,E01003801,0,1
2024010512325,2024,010512325,1,9,0,18,19,3,7,0,0,0,0,0,0,0,0,1,6,6,3,-1,-1,-1,-1,-1,-1,-1,-1,0,-1
202460Q168357,2024,60Q168357,1,9,0,17,19,7,3,0,0,0,2,0,7,9,1,1,6,6,1,22,5,-1,-1,-1,-1,-1,-1,0,-1
2024122400828,2024,122400828,2,1,0,18,19,6,4,0,0,0,0,0,0,0,1,1,6,6,1,60,9,-1,-1,-1,-1,8,E01027896,0,1
2024010509551,2024,010509551,2,1,0,7,7,7,1,0,0,2,2,0,0,0,1,1,1,1,1,25,5,-1,-1,-1,-1,3,E01001011,0,1
2024031531949,2024,031531949,1,9,0,-1,19,3,7,-1,0,0,0,0,0,0,1,2,-1,9,1,61,9,-1,-1,-1,-1,-1,-1,0,-1
2024440496300,2024,440496300,2,9,0,18,19,1,5,9,9,2,0,0,1,0,0,1,6,6,3,-1,-1,-1,-1,-1,-1,-1,-1,0,-1
2024141521852,2024,141521852,3,9,0,-1,7,3,5,-1,0,1,0,0,0,0,1,1,-1,9,1,35,6,-1,-1,-1,-1,6,E01034245,0,2
2024141428143,2024,141428143,1,9,0,-1,19,4,2,-1,0,0,2,0,7,4,1,1,-1,6,1,24,5,-1,-1,-1,-1,6,E01011861,0,1
2024122500032,2024,122500032,2,1,0,14,14,7,3,0,0,0,0,0,0,0,1,1,6,6,2,42,7,-1,-1,-1,-1,9,E01034761,0,1
2024010548908,2024,010548908,2,1,0,9,9,7,4,0,0,1,0,0,0,0,1,1,6,6,1,12,3,-1,-1,-1,-1,2,E01002099,0,1
2024131461936,2024,131461936,1,9,0,-1,-1,-1,-1,-1,-1,-1,-1,-1,-1,-1,-1,1,-1,6,3,-1,-1,-1,-1,-1,-1,-1,-1,0,-1
2024311495918,2024,311495918,2,9,0,-1,5,5,1,-1,0,0,0,0,0,0,3,1,-1,7,1,-1,-1,-1,-1,-1,-1,-1,-1,0,-1
2024131476159,2024,131476159,1,9,0,-1,2,0,0,-1,0,8,0,0,0,0,3,1,-1,6,-1,-1,-1,-1,-1,-1,-1,-1,-1,0,-1
2024070509079,2024,070509079,2,1,0,18,19,8,4,0,0,0,0,0,0,0,0,1,6,6,1,46,8,-1,-1,-1,-1,1,E01012533,0,1
2024531470294,2024,531470294,1,1,0,-1,19,7,3,-1,0,0,0,0,0,0,1,1,-1,9,1,53,8,-1,-1,-1,-1,9,E01019737,0,5
2024451511684,2024,451511684,2,8,0,-1,19,7,1,-1,0,0,0,0,0,0,3,1,-1,6,1,50,8,-1,-1,-1,-1,-1,-1,0,-1
2024552400628,2024,552400628,2,9,0,18,19,5,1,0,0,8,0,0,7,1,4,1,2,2,2,56,9,-1,-1,-1,-1,5,E01020456,0,3
2024010545894,2024,010545894,1,1,9,99,99,9,9,99,99,0,9,99,9,99,1,1,2,2,1,46,8,-1,-1,-1,-1,10,E01030352,0,1
2024302400053,2024,302400053,1,9,0,16,19,2,7,0,0,0,2,0,7,9,1,1,2,2,2,60,9,-1,-1,-1,-1,3,E01019858,0,1
2024010491068,2024,010491068,2,9,0,9,9,1,6,0,0,1,0,0,0,0,0,1,6,6,1,71,10,-1,-1,-1,-1,7,E01001642,0,1
2024010513338,2024,010513338,2,1,9,99,99,9,9,99,99,9,9,99,9,99,1,1,6,6,1,-1,-1,-1,-1,-1,-1,-1,-1,0,-1
2024332400099,2024,332400099,2,21,0,-1,19,8,4,-1,0,0,1,0,0,0,1,1,-1,1,1,33,6,-1,-1,-1,-1,7,E01025939,0,2
2024201509099,2024,201509099,1,19,0,-1,19,2,6,-1,0,0,0,0,0,0,1,1,-1,6,1,46,8,-1,-1,-1,-1,6,E01032374,0,4
2024131402272,2024,131402272,1,1,0,-1,19,3,7,-1,9,0,0,0,0,0,1,1,-1,2,1,34,6,-1,-1,-1,-1,7,E01011276,0,2
2024522402286,2024,522402286,2,9,0,18,19,4,8,0,0,0,0,0,1,9,3,1,6,6,1,41,7,-1,-1,-1,-1,6,E01029120,0,4
2024221442524,2024,221442524,2,5,0,-1,14,2,6,-1,0,1,0,0,0,0,1,1,-1,6,1,57,9,-1,-1,-1,-1,4,E01009882,0,3
2024161407369,2024,161407369,3,1,0,-1,9,1,3,-1,0,8,0,0,0,0,2,1,-1,6,2,42,7,-1,-1,-1,-1,1,E01012858,0,1
2024010503170,2024,010503170,1,1,9,99,99,9,9,99,99,9,9,99,9,99,1,1,6,6,3,-1,-1,-1,-1,-1,-1,-1,-1,0,-1
2024522403423,2024,522403423,1,9,0,18,19,4,8,0,0,0,0,0,1,0,3,1,6,6,2,45,7,-1,-1,-1,-1,8,E01014894,0,1
2024231529242,2024,231529242,2,19,0,-1,19,8,4,-1,0,8,0,0,0,0,1,1,-1,2,1,45,7,-1,-1,-1,-1,6,E01031033,0,2
2024122400720,2024,122400720,2,9,0,9,9,3,7,0,0,4,0,0,0,0,3,1,6,6,1,27,6,-1,-1,-1,-1,1,E01034336,0,4
2024010547588,2024,010547588,2,9,0,99,99,9,9,99,99,9,9,99,9,99,9,9,6,6,3,-1,-1,-1,-1,-1,-1,-1,-1,0,-1
2024161508282,2024,161508282,2,1,0,-1,19,2,6,-1,0,1,0,0,0,0,1,1,-1,6,1,34,6,-1,-1,-1,-1,2,E01033109,0,1
2024461520173,2024,461520173,1,1,0,-1,19,7,3,-1,0,1,5,0,0,0,1,1,-1,9,1,12,3,-1,-1,-1,-1,4,E01024541,0,1
2024531394933,2024,531394933,1,9,0,-1,19,7,3,-1,0,0,0,0,0,0,1,9,-1,9,1,39,7,-1,-1,-1,-1,5,E01014836,0,4
2024041456521,2024,041456521,1,9,0,-1,19,4,8,-1,0,3,0,0,0,0,-1,9,-1,6,3,-1,-1,-1,-1,-1,-1,-1,-1,0,-1
2024101459414,2024,101459414,2,1,0,-1,19,6,2,-1,0,8,5,0,0,0,3,1,-1,9,1,8,2,-1,-1,-1,-1,1,E01008773,0,1
2024320471113,2024,320471113,1,9,0,-1,-1,6,2,0,0,2,0,0,0,0,1,1,6,6,3,-1,-1,-1,-1,-1,-1,-1,-1,0,-1
2024430197942,2024,430197942,2,9,0,18,19,2,6,0,0,0,0,0,0,0,2,1,2,2,1,30,6,-1,-1,-1,-1,5,E01016554,0,4
2024430089631,2024,430089631,2,9,0,17,19,1,6,0,0,0,0,0,0,0,1,1,6,6,1,63,9,-1,-1,-1,-1,10,E01023368,0,1
2024991415600,2024,991415600,1,97,0,-1,19,7,4,-1,0,1,0,1,0,0,4,1,-1,6,3,18,4,-1,-1,-1,-1,-1,-1,0,-1
2024010527074,2024,010527074,1,9,0,99,99,9,9,0,0,1,0,0,0,0,1,1,6,6,3,-1,-1,-1,-1,-1,-1,-1,-1,0,-1
2024010518626,2024,010518626,1,1,9,99,99,9,9,99,99,9,9,99,9,99,1,1,6,6,3,-1,-1,-1,-1,-1,-1,-1,-1,0,-1
2024201476205,2024,201476205,2,1,0,-1,19,3,7,-1,0,8,0,0,0,0,4,1,-1,6,1,17,4,-1,-1,-1,-1,6,E01009690,0,1
2024041403650,2024,041403650,1,9,0,-1,19,1,5,-1,0,0,0,0,0,0,1,9,-1,6,3,-1,-1,-1,-1,-1,-1,-1,-1,0,-1
2024010492570,2024,010492570,2,1,0,15,15,7,3,0,0,1,0,0,0,0,1,1,6,6,1,33,6,-1,-1,-1,-1,2,E01004312,0,2
2024061455776,2024,061455776,1,1,0,-1,3,-1,-1,-1,99,1,0,0,0,0,1,1,-1,2,2,27,6,-1,-1,-1,-1,1,E01004830,0,1
2024010515451,2024,010515451,2,1,0,18,19,1,5,0,0,1,5,0,0,0,4,1,6,6,2,30,6,-1,-1,-1,-1,3,E01002906,0,1
2024010487555,2024,010487555,1,9,0,18,19,5,1,0,0,8,0,4,0,0,4,1,2,2,1,38,7,-1,-1,-1,-1,4,E01001050,0,1
2024010495368,2024,010495368,2,9,0,99,99,9,9,99,99,9,9,99,9,99,1,9,6,6,3,-1,-1,-1,-1,-1,-1,-1,-1,0,-1
2024522403208,2024,522403208,2,9,0,18,19,8,4,0,0,8,0,0,0,0,4,1,6,6,1,75,10,-1,-1,-1,-1,9,E01014796,0,4
2024010535199,2024,010535199,2,9,0,99,99,9,9,99,99,9,9,99,9,99,1,9,6,6,3,-1,-1,-1,-1,-1,-1,3,E01000152,0,1
2024010529346,2024,010529346,2,2,9,18,19,1,5,99,99,9,9,99,0,0,1,1,6,6,1,-1,-1,-1,-1,-1,-1,-1,-1,0,-1
2024451477572,2024,451477572,1,1,0,-1,19,7,3,-1,0,1,0,0,0,0,1,1,-1,6,1,50,8,-1,-1,-1,-1,8,E01030813,0,1
2024131528928,2024,131528928,2,9,0,-1,19,7,3,-1,0,0,0,0,0,0,2,1,-1,9,1,23,5,-1,-1,-1,-1,4,E01011462,0,4
2024461471174,2024,461471174,1,98,0,-1,19,1,5,-1,0,0,0,0,0,0,1,9,-1,6,1,-1,-1,-1,-1,-1,-1,-1,-1,0,-1
2024421522760,2024,421522760,2,9,2,-1,3,5,1,-1,0,4,0,0,0,0,2,9,-1,6,1,44,7,-1,-1,-1,-1,5,E01021380,0,1
2024010509510,2024,010509510,1,1,9,99,99,9,9,99,99,9,9,99,9,99,9,1,6,6,1,41,7,-1,-1,-1,-1,3,E01000082,0,1
2024010489809,2024,010489809,1,9,0,99,99,9,9,99,99,9,9,99,9,99,2,9,6,6,2,35,6,-1,-1,-1,-1,7,E01004164,0,1
2024201532177,2024,201532177,2,1,0,-1,13,2,6,-1,0,8,2,0,0,0,4,1,-1,6,1,34,6,-1,-1,-1,-1,1,E01010058,0,1
2024421467096,2024,421467096,1,9,0,-1,6,5,1,-1,0,0,0,0,0,0,3,1,-1,1,1,37,7,-1,-1,-1,-1,2,E01021969,0,4
2024401439926,2024,401439926,1,98,1,-1,19,1,5,-1,0,2,0,0,0,0,1,2,-1,1,1,35,6,-1,-1,-1,-1,-1,-1,0,-1
2024430412111,2024,430412111,1,-1,0,18,19,1,5,5,5,0,0,0,0,0,1,1,6,6,1,-1,-1,-1,-1,-1,-1,-1,-1,1,-1
2024440102669,2024,440102669,2,9,0,18,19,6,2,0,0,1,0,0,0,0,1,1,6,6,3,-1,-1,-1,-1,-1,-1,-1,-1,0,-1
2024440482471,2024,440482471,1,1,0,18,19,6,2,0,0,0,0,0,0,0,4,1,1,1,2,33,6,-1,-1,-1,-1,9,E01017147,0,1
2024041513220,2024,041513220,2,1,0,-1,19,3,7,-1,0,0,0,0,0,0,1,1,-1,2,2,34,6,-1,-1,-1,-1,3,E01024866,0,1
2024211525824,2024,211525824,1,9,0,-1,7,3,6,-1,0,1,1,10,0,0,1,1,-1,9,1,16,4,-1,-1,-1,-1,1,E01029372,0,3
2024430011653,2024,430011653,2,9,0,18,19,4,8,0,0,1,0,0,0,0,4,1,6,6,2,32,6,-1,-1,-1,-1,-1,-1,0,-1
2024122400898,2024,122400898,1,9,0,10,10,2,6,0,0,1,0,0,0,0,3,1,6,6,1,48,8,-1,-1,-1,-1,1,E01027819,0,1
2024211493844,2024,211493844,2,1,0,-1,19,3,7,-1,0,8,0,0,0,0,2,1,-1,6,2,57,9,-1,-1,-1,-1,5,E01029503,0,1
2024302400034,2024,302400034,2,9,0,12,12,8,4,0,0,0,0,0,0,0,1,1,6,6,2,56,9,-1,-1,-1,-1,5,E01019827,0,1
2024061537716,2024,061537716,1,9,0,-1,19,7,3,-1,0,5,0,10,1,11,1,1,-1,9,1,70,10,-1,-1,-1,-1,-1,-1,0,-1
2024991418316,2024,991418316,2,21,1,-1,19,4,8,-1,0,0,0,0,0,0,3,1,-1,1,1,48,8,-1,-1,-1,-1,7,-1,0,5
2024010533270,2024,010533270,1,9,9,99,99,9,9,99,99,9,9,99,9,99,9,9,6,6,1,-1,-1,-1,-1,-1,-1,9,E01021428,0,4
2024161426978,2024,161426978,1,1,0,-1,19,8,4,-1,0,8,0,0,0,0,4,1,-1,9,1,43,7,-1,-1,-1,-1,3,E01012784,0,1
2024471494370,2024,471494370,1,9,0,-1,19,2,6,-1,0,0,0,0,0,0,1,1,-1,9,1,67,10,-1,-1,-1,-1,6,E01031614,0,1
2024201395089,2024,201395089,2,1,0,-1,4,8,4,-1,0,4,0,0,0,0,3,1,-1,2,1,29,6,-1,-1,-1,-1,3,E01031079,0,2
2024131395497,2024,131395497,1,9,0,-1,9,1,5,-1,0,5,0,0,0,0,1,1,-1,9,1,32,6,-1,-1,-1,-1,2,E01010673,0,2
2024552400677,2024,552400677,1,1,0,18,19,4,8,0,0,0,0,0,0,0,0,1,6,6,1,56,9,-1,-1,-1,-1,5,E01015461,0,2
2024010495631,2024,010495631,1,9,0,9,9,8,6,0,0,5,0,0,0,0,1,1,3,7,2,41,7,-1,-1,-1,-1,8,E01001888,0,1
2024161454417,2024,161454417,2,9,0,-1,4,1,5,-1,0,0,0,0,0,0,2,1,-1,9,1,60,9,-1,-1,-1,-1,-1,-1,0,-1
2024131481512,2024,131481512,3,1,0,-1,19,8,4,-1,0,0,0,0,0,0,1,1,-1,2,1,24,5,-1,-1,-1,-1,1,E01011673,0,1
2024131497167,2024,131497167,1,1,0,-1,-1,-1,-1,-1,9,0,-1,-1,-1,-1,-1,1,-1,6,3,-1,-1,-1,-1,-1,-1,-1,-1,0,-1
2024010496702,2024,010496702,2,9,0,9,9,6,3,0,0,8,0,0,0,0,1,1,6,6,3,-1,-1,-1,-1,-1,-1,-1,-1,0,-1
2024010525030,2024,010525030,1,1,9,99,99,9,9,99,99,9,9,99,9,99,1,1,2,2,2,24,5,-1,-1,-1,-1,8,E01001927,0,1
2024010489247,2024,010489247,2,9,9,99,99,9,9,0,0,0,9,99,0,0,2,9,6,6,3,-1,-1,-1,-1,-1,-1,-1,-1,0,-1
2024070911082,2024,070911082,1,9,9,-1,15,1,5,-1,0,0,0,0,0,0,0,9,-1,6,3,-1,-1,-1,-1,-1,-1,-1,-1,0,-1
2024211431988,2024,211431988,1,9,0,-1,19,6,2,-1,0,4,0,0,0,0,1,1,-1,6,1,27,6,-1,-1,-1,-1,-1,-1,0,-1
2024440485189,2024,440485189,1,9,0,9,9,5,1,0,0,8,0,0,0,0,1,1,6,6,3,-1,-1,-1,-1,-1,-1,-1,-1,0,-1
2024010526275,2024,010526275,2,19,0,18,19,1,5,0,0,0,0,0,3,0,4,2,6,6,3,-1,-1,-1,-1,-1,-1,-1,-1,0,-1
2024351513001,2024,351513001,2,9,0,-1,4,7,3,-1,0,0,0,0,0,0,2,1,-1,1,1,28,6,-1,-1,-1,-1,9,E01018173,0,1
2024451438613,2024,451438613,1,9,0,-1,19,6,2,-1,0,1,1,10,0,0,1,1,-1,1,1,28,6,-1,-1,-1,-1,4,E01030750,0,2
2024540275324,2024,540275324,2,1,0,18,19,1,5,0,0,1,0,0,0,0,1,1,6,6,1,21,5,-1,-1,-1,-1,8,E01032095,0,1
2024340WN5292,2024,340WN5292,1,9,0,-1,2,0,0,-1,0,0,0,0,0,0,3,1,-1,6,3,-1,-1,-1,-1,-1,-1,-1,-1,0,-1
2024052400602,2024,052400602,1,9,0,7,7,2,4,0,0,8,0,0,0,0,1,1,6,6,3,-1,-1,-1,-1,-1,-1,-1,-1,0,-1
2024101465604,2024,101465604,1,1,0,-1,19,3,7,-1,9,0,1,0,0,0,1,1,-1,2,1,13,3,-1,-1,-1,-1,-1,-1,0,-1
2024522402290,2024,522402290,1,23,0,18,19,3,7,9,9,0,0,0,0,0,1,1,6,6,3,-1,-1,-1,-1,-1,-1,-1,-1,0,-1
2024070460177,2024,070460177,2,1,0,18,19,1,5,0,0,8,0,0,0,0,4,1,2,2,2,38,7,-1,-1,-1,-1,4,E01035392,0,1
2024101514229,2024,101514229,2,1,0,-1,19,2,6,-1,0,0,0,0,0,0,4,1,-1,2,2,44,7,-1,-1,-1,-1,2,E01008492,0,1
2024340WN0472,2024,340WN0472,1,-1,0,-1,19,6,2,-1,0,6,0,0,0,0,1,1,-1,6,1,32,6,-1,-1,-1,-1,-1,-1,1,-1
2024221471561,2024,221471561,2,1,0,-1,19,3,7,-1,0,8,0,0,0,0,1,1,-1,9,1,86,11,-1,-1,-1,-1,8,E01033528,0,1
2024520002834,2024,520002834,1,9,0,18,19,8,4,0,0,1,0,0,0,0,1,1,6,6,3,-1,-1,-1,-1,-1,-1,-1,-1,0,-1
2024221503284,2024,221503284,1,19,0,-1,9,4,2,-1,0,8,0,0,0,0,1,9,-1,6,3,45,7,-1,-1,-1,-1,-1,-1,0,-1
2024010514152,2024,010514152,2,1,9,99,99,9,9,99,99,6,9,99,9,99,9,1,6,6,1,-1,-1,-1,-1,-1,-1,-1,-1,0,-1
2024061547161,2024,061547161,1,23,0,-1,19,5,5,-1,0,8,0,11,0,0,1,1,-1,6,1,32,6,-1,-1,-1,-1,1,E01005322,0,1
2024010530144,2024,010530144,1,9,0,99,99,9,9,99,99,9,9,99,9,99,9,1,6,6,1,41,7,-1,-1,-1,-1,3,E01002375,0,1