collision_index,collision_year,collision_ref_no,vehicle_reference,vehicle_type,towing_and_articulation,vehicle_manoeuvre_historic,vehicle_manoeuvre,vehicle_direction_from,vehicle_direction_to,vehicle_location_restricted_lane_historic,vehicle_location_restricted_lane,junction_location,skidding_and_overturning,hit_object_in_carriageway,vehicle_leaving_carriageway,hit_object_off_carriageway,first_point_of_impact,vehicle_left_hand_drive,journey_purpose_of_driver_historic,journey_purpose_of_driver,sex_of_driver,age_of_driver,age_band_of_driver,engine_capacity_cc,propulsion_code,age_of_vehicle,generic_make_model,driver_imd_decile,lsoa_of_driver,escooter_flag,driver_distance_banding
2024010511870,2024,010511870,2,1,0,3,3,5,1,0,0,1,0,0,0,0,0,1,2,2,2,23,5,-1,-1,-1,-1,3,E01000640,0,1
2024101407246,2024,101407246,1,9,0,-1,19,5,1,-1,0,0,0,0,0,0,1,9,-1,6,1,-1,-1,-1,-1,-1,-1,-1,-1,0,-1
2024161433413,2024,161433413,2,9,0,-1,19,4,8,-1,0,1,0,99,0,0,1,9,-1,6,1,-1,-1,-1,-1,-1,-1,-1,-1,0,-1
2024010493051,2024,010493051,1,3,0,99,99,9,9,99,99,9,9,99,9,99,9,1,1,1,3,36,7,-1,-1,-1,-1,6,E01003140,0,1
2024201473430,2024,201473430,1,9,0,-1,19,6,2,-1,0,1,0,0,0,0,1,9,-1,2,1,43,7,-1,-1,-1,-1,2,E01009790,0,4
2024101428851,2024,101428851,2,1,-1,-1,19,3,7,-1,0,1,0,0,0,0,4,1,-1,9,1,25,5,-1,-1,-1,-1,3,E01008831,0,1
2024430237496,2024,430237496,2,1,0,18,19,8,4,0,0,0,0,0,0,0,1,1,6,6,1,15,3,-1,-1,-1,-1,10,E01017636,0,1
2024010508610,2024,010508610,1,9,0,3,3,1,5,0,0,1,0,0,0,0,1,1,6,6,3,-1,-1,-1,-1,-1,-1,-1,-1,0,-1
2024501471415,2024,501471415,2,1,0,-1,19,4,8,-1,0,0,5,0,0,0,1,1,-1,6,1,26,6,-1,-1,-1,-1,5,E01015076,0,1
2024461486617,2024,461486617,1,1,0,-1,-1,-1,-1,-1,-1,0,-1,-1,-1,0,-1,1,-1,6,1,12,3,-1,-1,-1,-1,1,E01016063,0,1
2024451526418,2024,451526418,2,21,1,-1,19,3,7,-1,0,0,3,99,0,0,3,1,-1,6,3,30,6,-1,-1,-1,-1,-1,-1,0,-1
2024320010517,2024,320010517,1,9,0,18,19,2,6,0,0,1,0,0,0,0,4,1,6,6,1,55,8,-1,-1,-1,-1,7,E01028023,0,4
2024010493677,2024,010493677,1,9,0,18,19,3,7,0,0,0,0,0,0,0,0,1,6,6,1,34,6,-1,-1,-1,-1,2,E01034479,0,1
2024061456228,2024,061456228,1,97,0,-1,5,5,3,-1,0,6,2,0,0,0,1,1,-1,9,1,43,7,-1,-1,-1,-1,-1,-1,0,-1
2024010502278,2024,010502278,1,90,0,99,99,9,9,99,99,9,9,99,9,99,1,9,2,2,1,27,6,-1,-1,-1,-1,10,E01023949,0,3
2024052402071,2024,052402071,1,-1,0,18,19,5,1,0,0,0,0,0,0,0,0,1,6,6,2,43,7,-1,-1,-1,-1,-1,-1,1,-1
2024991399497,2024,991399497,1,9,0,-1,3,5,1,-1,0,0,0,0,0,0,2,1,-1,6,2,56,9,-1,-1,-1,-1,-1,-1,0,-1
2024371432067,2024,371432067,1,9,0,-1,19,6,2,-1,0,0,1,0,8,0,1,1,-1,9,1,18,4,-1,-1,-1,-1,8,E01033429,0,4
2024401504410,2024,401504410,1,9,0,-1,2,7,3,-1,9,1,0,0,0,0,0,1,-1,9,1,53,8,-1,-1,-1,-1,3,E01017552,0,2
2024052402038,2024,052402038,1,1,0,5,5,3,7,0,0,6,0,0,0,0,3,1,6,6,1,-1,-1,-1,-1,-1,-1,-1,-1,0,-1
2024052400424,2024,052400424,1,9,0,4,4,1,5,0,0,1,0,0,0,0,1,1,6,6,3,-1,-1,-1,-1,-1,-1,-1,-1,0,-1
2024010544986,2024,010544986,1,1,0,4,4,1,5,4,4,2,0,0,0,0,1,1,6,6,1,24,5,-1,-1,-1,-1,9,E01004480,0,1
2024010503414,2024,010503414,1,9,0,14,14,7,3,0,0,0,0,0,0,0,1,1,1,1,1,29,6,-1,-1,-1,-1,4,E01021799,0,4
2024061425421,2024,061425421,1,1,0,-1,19,5,1,-1,0,0,0,0,0,0,2,1,-1,1,1,41,7,-1,-1,-1,-1,-1,-1,0,-1
2024131501499,2024,131501499,1,9,0,-1,-1,-1,-1,-1,-1,0,-1,-1,-1,-1,-1,1,-1,6,3,-1,-1,-1,-1,-1,-1,-1,-1,0,-1
2024010495732,2024,010495732,2,9,0,99,99,9,9,99,99,9,9,99,9,99,2,9,6,6,3,-1,-1,-1,-1,-1,-1,-1,-1,0,-1
2024471534957,2024,471534957,1,9,0,-1,9,1,3,-1,0,6,0,0,0,0,3,2,-1,9,2,46,8,-1,-1,-1,-1,7,E01021094,0,1
2024141537109,2024,141537109,2,9,0,-1,4,3,7,-1,0,1,1,4,0,0,1,1,-1,6,1,-1,-1,-1,-1,-1,-1,5,E01007640,0,2
2024010493582,2024,010493582,2,3,0,18,19,3,7,0,0,8,5,0,0,0,4,1,2,2,1,40,7,-1,-1,-1,-1,5,E01035271,0,2
2024010545651,2024,010545651,2,9,0,18,19,1,5,99,99,9,9,99,9,99,1,9,6,6,3,34,6,-1,-1,-1,-1,-1,-1,0,-1
2024061413552,2024,061413552,2,16,0,-1,19,3,7,-1,0,8,0,0,0,0,1,1,-1,6,2,13,3,-1,-1,-1,-1,-1,-1,0,-1
2024430078573,2024,430078573,1,9,0,18,19,6,2,0,0,0,0,0,0,0,4,1,6,6,1,-1,-1,-1,-1,-1,-1,-1,-1,0,-1
2024471407605,2024,471407605,2,1,0,-1,19,4,7,-1,0,8,0,0,0,0,4,1,-1,6,1,57,9,-1,-1,-1,-1,4,E01031377,0,1
2024010533812,2024,010533812,1,1,9,3,3,9,9,99,99,0,9,99,9,99,1,1,6,6,2,33,6,-1,-1,-1,-1,4,E01004643,0,1
2024351528614,2024,351528614,2,1,0,-1,19,1,5,-1,0,1,0,0,0,0,4,1,-1,6,2,11,3,-1,-1,-1,-1,3,E01018081,0,1
2024010491912,2024,010491912,1,9,0,18,19,7,3,0,0,8,0,0,0,0,1,1,6,6,1,20,4,-1,-1,-1,-1,10,E01004105,0,2
2024522401609,2024,522401609,1,9,0,3,3,6,2,0,0,1,0,0,0,0,2,1,2,2,2,33,6,-1,-1,-1,-1,7,E01035218,0,1
2024010544977,2024,010544977,1,1,9,99,99,9,9,99,99,9,9,99,9,99,1,1,6,6,3,-1,-1,-1,-1,-1,-1,-1,-1,0,-1
2024111489841,2024,111489841,1,9,0,-1,9,8,5,-1,0,1,0,0,0,0,4,1,-1,6,3,30,6,-1,-1,-1,-1,-1,-1,0,-1
2024010500707,2024,010500707,2,9,0,18,19,7,3,0,0,1,9,0,1,0,1,9,6,6,1,-1,-1,-1,-1,-1,-1,-1,-1,0,-1
2024520402467,2024,520402467,2,4,0,18,19,4,8,0,0,0,0,0,0,0,1,1,6,6,1,23,5,-1,-1,-1,-1,1,E01029247,0,4
2024010494250,2024,010494250,1,5,0,18,19,5,1,0,0,8,0,0,0,0,1,1,6,6,1,55,8,-1,-1,-1,-1,4,E01003513,0,3
2024010514330,2024,010514330,2,1,0,18,19,1,5,0,0,2,0,0,0,0,0,1,6,6,1,26,6,-1,-1,-1,-1,7,E01000198,0,2
2024131453268,2024,131453268,1,90,0,-1,19,7,3,-1,0,0,0,0,0,0,1,1,-1,1,1,52,8,-1,-1,-1,-1,6,E01005939,0,4
2024010543854,2024,010543854,1,9,0,18,19,1,5,0,0,2,0,0,0,0,1,1,6,6,1,23,5,-1,-1,-1,-1,10,E01030394,0,1
2024440278376,2024,440278376,1,9,0,5,5,5,1,0,0,0,0,0,0,0,1,1,6,6,3,-1,-1,-1,-1,-1,-1,-1,-1,0,-1
2024221455377,2024,221455377,2,19,0,-1,19,8,4,-1,0,0,1,0,0,0,2,1,-1,1,1,27,6,-1,-1,-1,-1,1,E01010440,0,3
2024111504842,2024,111504842,1,9,0,-1,19,3,7,-1,0,4,0,0,0,0,4,1,-1,6,1,43,7,-1,-1,-1,-1,-1,-1,0,-1
2024520001246,2024,520001246,2,1,0,18,19,3,7,0,0,2,0,0,0,0,3,1,6,6,1,61,9,-1,-1,-1,-1,5,E01014371,0,1
2024061505903,2024,061505903,3,9,0,-1,99,7,3,-1,0,0,0,0,0,0,1,1,-1,6,3,-1,-1,-1,-1,-1,-1,-1,-1,0,-1
2024010487800,2024,010487800,1,9,0,3,3,1,5,0,0,0,0,0,1,0,2,1,6,6,1,22,5,-1,-1,-1,-1,6,E01000193,0,3
2024340NN1442,2024,340NN1442,1,9,0,-1,19,6,2,-1,0,0,0,0,0,0,1,1,-1,1,1,45,7,-1,-1,-1,-1,2,E01015666,0,4
2024501401282,2024,501401282,2,1,0,-1,3,6,8,-1,0,1,5,0,0,0,1,1,-1,6,1,66,10,-1,-1,-1,-1,7,E01018886,0,1
2024361449960,2024,361449960,1,9,-1,-1,4,-1,-1,-1,0,1,0,0,0,0,1,9,-1,6,2,-1,-1,-1,-1,-1,-1,-1,-1,0,-1
2024010547172,2024,010547172,2,2,0,99,99,9,9,99,99,9,9,99,9,99,1,1,6,6,3,-1,-1,-1,-1,-1,-1,-1,-1,0,-1
2024010525942,2024,010525942,1,1,9,99,99,9,9,99,99,9,9,99,9,99,9,1,6,6,1,60,9,-1,-1,-1,-1,4,E01000742,0,1
2024010490317,2024,010490317,2,9,0,99,99,9,9,99,99,9,9,99,9,99,9,9,6,6,3,20,4,-1,-1,-1,-1,4,E01001373,0,3
2024131415417,2024,131415417,2,1,0,-1,19,1,5,-1,4,1,0,0,0,0,1,1,-1,6,3,-1,-1,-1,-1,-1,-1,-1,-1,0,-1
2024501531551,2024,501531551,3,9,0,-1,2,0,0,-1,0,0,0,4,0,0,3,1,-1,6,-1,-1,-1,-1,-1,-1,-1,-1,-1,0,-1
2024201469226,2024,201469226,1,9,0,-1,19,6,4,-1,0,0,0,0,0,0,1,9,-1,6,1,-1,-1,-1,-1,-1,-1,4,E01010566,0,2
2024531493958,2024,531493958,2,-1,0,-1,19,2,6,-1,0,1,5,0,0,0,-1,9,-1,6,2,24,5,-1,-1,-1,-1,9,E01022101,1,1
2024161536727,2024,161536727,1,19,0,-1,19,2,6,-1,0,0,0,0,0,0,9,9,-1,6,1,-1,-1,-1,-1,-1,-1,-1,-1,0,-1
2024141423295,2024,141423295,1,9,0,-1,5,8,4,-1,0,2,0,0,0,0,1,1,-1,1,1,22,5,-1,-1,-1,-1,4,E01008093,0,2
2024430517057,2024,430517057,2,9,0,18,19,8,4,0,0,1,0,0,0,0,1,1,6,6,2,71,10,-1,-1,-1,-1,8,E01017642,0,2
2024421506845,2024,421506845,1,9,0,-1,19,3,7,-1,0,6,0,0,0,0,0,1,-1,1,2,60,9,-1,-1,-1,-1,5,E01015870,0,1
2024610027824,2024,610027824,2,9,0,18,19,5,1,0,0,1,0,0,0,0,1,2,6,6,3,-1,-1,-1,-1,-1,-1,-1,-1,0,-1
2024131423250,2024,131423250,1,90,0,-1,-1,-1,-1,-1,-1,-1,-1,-1,-1,0,-1,1,-1,6,3,-1,-1,-1,-1,-1,-1,-1,-1,0,-1
2024010491219,2024,010491219,2,9,0,99,99,9,9,99,99,9,9,99,9,99,9,9,6,6,3,-1,-1,-1,-1,-1,-1,-1,-1,0,-1
2024010531618,2024,010531618,2,1,0,18,19,1,5,0,0,1,0,0,0,0,0,1,2,2,1,32,6,-1,-1,-1,-1,4,E01003568,0,1
2024010493781,2024,010493781,2,9,0,18,19,4,8,0,0,8,0,0,3,11,1,1,6,6,3,-1,-1,-1,-1,-1,-1,-1,-1,0,-1
2024421418561,2024,421418561,2,1,0,-1,19,7,3,-1,0,1,0,0,0,0,3,1,-1,6,1,47,8,-1,-1,-1,-1,1,E01015852,0,1
2024481570179,2024,481570179,2,1,0,-1,19,5,1,-1,0,8,0,0,0,0,1,1,-1,2,1,50,8,-1,-1,-1,-1,-1,-1,0,-1
2024340WN4852,2024,340WN4852,2,19,0,-1,19,7,3,-1,0,1,0,0,0,0,2,1,-1,9,1,52,8,-1,-1,-1,-1,6,E01027190,0,1
2024311473384,2024,311473384,1,9,0,-1,19,7,1,-1,9,1,0,0,0,0,1,1,-1,6,2,49,8,-1,-1,-1,-1,7,E01028418,0,1
2024010488994,2024,010488994,2,1,0,13,13,1,5,0,0,1,0,0,0,0,1,1,6,6,1,48,8,-1,-1,-1,-1,4,E01003146,0,1
2024131481251,2024,131481251,2,1,0,-1,19,3,7,-1,0,1,0,0,0,0,1,1,-1,9,1,28,6,-1,-1,-1,-1,8,E01011405,0,2
2024332400482,2024,332400482,1,8,0,-1,19,8,4,-1,0,2,0,0,0,0,1,1,-1,6,1,-1,-1,-1,-1,-1,-1,-1,-1,0,-1
2024010500909,2024,010500909,1,1,0,18,19,7,3,0,0,7,9,0,0,0,1,1,6,6,1,46,8,-1,-1,-1,-1,5,E01001407,0,1
2024440566663,2024,440566663,1,9,0,9,9,4,2,0,0,8,0,0,0,0,1,1,6,6,1,73,10,-1,-1,-1,-1,4,E01017289,0,1
2024061472775,2024,061472775,1,1,0,-1,19,-1,-1,-1,0,6,5,0,0,0,1,1,-1,2,1,24,5,-1,-1,-1,-1,1,E01005219,0,2
2024010497040,2024,010497040,2,19,0,9,9,5,3,0,0,6,0,0,0,0,3,1,6,6,1,35,6,-1,-1,-1,-1,-1,-1,0,-1
2024522401177,2024,522401177,1,9,0,18,19,1,5,0,0,2,0,0,0,0,1,1,6,6,2,67,10,-1,-1,-1,-1,9,E01014889,0,1
2024010489035,2024,010489035,2,9,0,2,2,0,0,0,0,0,0,0,0,0,3,1,6,6,3,-1,-1,-1,-1,-1,-1,-1,-1,0,-1
2024161533171,2024,161533171,3,9,0,-1,2,0,0,-1,0,0,0,0,0,0,1,1,-1,6,3,-1,-1,-1,-1,-1,-1,-1,-1,0,-1
2024221440189,2024,221440189,2,9,0,-1,5,4,6,-1,0,0,0,0,0,0,1,9,-1,6,1,28,6,-1,-1,-1,-1,-1,-1,0,-1
2024320573925,2024,320573925,3,9,0,-1,-1,6,2,0,0,0,0,0,0,0,3,1,6,6,1,38,7,-1,-1,-1,-1,6,E01034245,0,4
2024061396438,2024,061396438,1,9,0,-1,9,7,5,-1,0,8,0,0,0,0,1,1,-1,6,1,49,8,-1,-1,-1,-1,1,E01034111,0,1
2024010546875,2024,010546875,1,98,0,99,99,9,9,99,99,9,9,99,9,99,9,9,6,6,3,-1,-1,-1,-1,-1,-1,-1,-1,0,-1
2024010530989,2024,010530989,1,1,9,99,99,9,9,99,99,9,9,99,9,99,1,1,1,1,1,42,7,-1,-1,-1,-1,7,E01003283,0,1
2024440525254,2024,440525254,1,9,0,18,19,3,6,0,0,2,0,0,0,0,1,1,6,6,3,-1,-1,-1,-1,-1,-1,-1,-1,0,-1
2024141394492,2024,141394492,2,1,0,-1,5,1,5,-1,0,0,0,0,0,0,1,1,-1,6,2,-1,-1,-1,-1,-1,-1,1,E01008096,0,1
2024010514505,2024,010514505,1,11,9,9,9,5,2,99,99,9,0,0,9,0,1,1,6,6,3,-1,-1,-1,-1,-1,-1,-1,-1,0,-1
2024201420753,2024,201420753,2,1,0,-1,19,2,4,-1,0,3,0,0,0,0,1,1,-1,6,1,33,6,-1,-1,-1,-1,6,E01010177,0,1
2024010553689,2024,010553689,1,1,9,18,19,9,9,99,99,0,9,99,9,99,9,1,2,2,1,29,6,-1,-1,-1,-1,4,E01004280,0,2
2024231455175,2024,231455175,1,9,0,-1,19,8,4,-1,0,0,0,0,0,0,9,9,-1,6,2,40,7,-1,-1,-1,-1,-1,-1,0,-1
2024320229781,2024,320229781,1,9,0,-1,-1,6,2,0,0,0,0,0,1,4,1,1,6,6,2,40,7,-1,-1,-1,-1,4,E01026121,0,1
2024991423339,2024,991423339,1,9,0,-1,19,7,4,-1,0,0,0,0,0,0,1,1,-1,9,1,33,6,-1,-1,-1,-1,9,-1,0,1
2024061516539,2024,061516539,2,9,0,-1,-1,-1,-1,-1,-1,-1,-1,-1,-1,0,-1,9,-1,6,3,-1,-1,-1,-1,-1,-1,-1,-1,0,-1
2024461500534,2024,461500534,2,97,0,-1,19,3,7,-1,0,0,0,0,0,0,1,1,-1,9,1,-1,-1,-1,-1,-1,-1,1,E01012680,0,5
2024010504022,2024,010504022,2,1,0,18,19,5,1,0,0,1,0,0,0,0,1,1,6,6,1,42,7,-1,-1,-1,-1,7,E01002971,0,2
2024010544337,2024,010544337,1,5,0,99,99,9,9,99,99,9,9,99,9,99,1,1,2,2,1,32,6,-1,-1,-1,-1,9,E01000412,0,2
2024010490085,2024,010490085,3,9,0,18,19,5,1,0,0,1,0,0,0,0,0,1,1,1,1,29,6,-1,-1,-1,-1,7,E01003456,0,2
2024010487692,2024,010487692,2,9,9,99,99,9,9,99,99,9,9,99,9,99,9,9,6,6,1,-1,-1,-1,-1,-1,-1,-1,-1,0,-1
2024010528174,2024,010528174,1,3,0,7,7,3,5,0,0,1,0,0,0,0,1,1,6,6,3,-1,-1,-1,-1,-1,-1,-1,-1,0,-1
2024991430218,2024,991430218,2,1,0,-1,19,3,7,-1,5,0,0,0,0,0,1,1,-1,2,1,16,4,-1,-1,-1,-1,1,-1,0,1
2024471400596,2024,471400596,2,9,0,-1,5,2,4,-1,0,1,0,0,0,0,1,1,-1,6,1,-1,-1,-1,-1,-1,-1,-1,-1,0,-1
2024010486886,2024,010486886,1,4,0,99,99,9,9,99,99,0,9,99,9,99,9,1,6,6,3,-1,-1,-1,-1,-1,-1,2,E01004247,0,1
2024461463119,2024,461463119,1,2,0,-1,7,1,5,-1,9,3,0,0,1,0,1,1,-1,6,-1,-1,-1,-1,-1,-1,-1,-1,-1,0,-1
2024371455255,2024,371455255,2,9,0,-1,2,0,0,-1,0,2,0,0,0,0,3,1,-1,1,1,57,9,-1,-1,-1,-1,9,E01029999,0,1
2024430585255,2024,430585255,2,1,0,7,7,8,2,5,5,8,0,0,0,0,2,1,1,1,1,35,6,-1,-1,-1,-1,8,E01028614,0,4
2024161497883,2024,161497883,2,98,0,-1,19,3,7,-1,0,8,0,0,0,0,0,1,-1,6,3,-1,-1,-1,-1,-1,-1,-1,-1,0,-1
2024311455860,2024,311455860,1,9,0,-1,19,1,5,-1,0,0,0,7,5,0,1,1,-1,9,2,74,10,-1,-1,-1,-1,8,E01007678,0,3
2024440113181,2024,440113181,2,9,0,18,19,0,0,0,0,1,0,0,0,0,4,1,6,6,1,33,6,-1,-1,-1,-1,10,E01022608,0,3
2024010506760,2024,010506760,1,1,9,99,99,9,9,99,99,1,9,99,9,99,1,1,2,2,1,31,6,-1,-1,-1,-1,3,E01035660,0,1
2024141413623,2024,141413623,1,9,0,-1,19,8,4,-1,0,1,0,0,0,0,1,1,-1,9,2,65,9,-1,-1,-1,-1,9,E01013016,0,4
2024070616606,2024,070616606,2,1,0,18,19,6,3,0,0,8,0,0,0,0,4,1,1,1,1,24,5,-1,-1,-1,-1,8,E01018697,0,1
2024320040377,2024,320040377,3,1,0,-1,-1,1,5,0,0,0,0,0,0,0,3,1,-1,-1,1,43,7,-1,-1,-1,-1,4,E01026245,0,1
2024010493787,2024,010493787,2,9,0,18,19,7,3,0,0,1,0,0,0,0,1,1,6,6,1,-1,-1,-1,-1,-1,-1,-1,-1,0,-1
2024231516838,2024,231516838,1,9,0,-1,19,1,5,-1,0,8,0,99,0,0,1,9,-1,6,1,45,7,-1,-1,-1,-1,-1,-1,0,-1
2024010491736,2024,010491736,2,1,0,9,9,4,2,0,0,1,0,0,0,0,1,1,6,6,1,37,7,-1,-1,-1,-1,4,E01003278,0,1
2024451428733,2024,451428733,1,9,0,-1,19,3,7,-1,0,1,0,0,0,0,0,9,-1,6,3,45,7,-1,-1,-1,-1,-1,-1,0,-1
2024332400287,2024,332400287,1,9,0,-1,19,4,8,-1,0,8,5,0,7,0,4,1,-1,9,1,59,9,-1,-1,-1,-1,6,E01025912,0,3
2024010494927,2024,010494927,1,9,9,99,99,9,9,99,99,0,9,99,9,99,9,9,6,6,1,44,7,-1,-1,-1,-1,3,E01004295,0,1
2024522402188,2024,522402188,1,90,0,6,6,8,8,0,0,0,0,0,0,0,3,1,1,1,1,30,6,-1,-1,-1,-1,8,E01032681,0,2
2024430432675,2024,430432675,2,9,0,18,19,5,1,0,0,0,0,0,0,0,2,1,6,6,1,47,8,-1,-1,-1,-1,8,E01017817,0,1
2024041405416,2024,041405416,1,9,0,-1,19,7,3,-1,0,0,0,0,0,0,1,1,-1,6,-1,-1,-1,-1,-1,-1,-1,-1,-1,0,-1
2024340WN3652,2024,340WN3652,1,9,0,-1,14,1,5,-1,0,0,0,0,0,0,1,1,-1,6,2,65,9,-1,-1,-1,-1,-1,-1,0,-1
2024440399217,2024,440399217,1,1,0,18,19,1,5,0,0,0,0,0,0,0,4,1,6,6,1,62,9,-1,-1,-1,-1,10,E01022512,0,4
2024010534733,2024,010534733,1,5,0,16,19,5,1,0,0,8,0,0,0,0,1,1,6,6,1,30,6,-1,-1,-1,-1,8,E01000539,0,3
2024320497611,2024,320497611,2,9,0,-1,-1,3,7,0,0,8,5,0,7,0,1,1,-1,-1,1,38,7,-1,-1,-1,-1,-1,-1,0,-1
2024311413164,2024,311413164,2,1,0,-1,10,6,2,-1,0,2,0,0,0,0,9,1,-1,6,1,65,9,-1,-1,-1,-1,9,E01028292,0,1
2024332400030,2024,332400030,2,1,0,-1,19,1,5,-1,0,8,0,0,0,0,1,1,-1,6,2,33,6,-1,-1,-1,-1,5,E01025865,0,1
2024131500661,2024,131500661,2,9,0,-1,-1,-1,-1,-1,-1,0,-1,-1,-1,0,1,1,-1,6,3,-1,-1,-1,-1,-1,-1,-1,-1,0,-1
2024010525042,2024,010525042,2,9,0,12,12,3,7,0,0,0,0,0,0,0,0,1,6,6,1,-1,-1,-1,-1,-1,-1,-1,-1,0,-1
2024010488438,2024,010488438,1,19,0,7,7,3,6,0,0,1,0,0,0,0,0,1,6,6,2,28,6,-1,-1,-1,-1,3,E01002781,0,3
2024461529514,2024,461529514,2,1,0,-1,19,1,5,-1,0,1,0,0,0,0,1,1,-1,6,1,23,5,-1,-1,-1,-1,6,E01024518,0,1
2024451398604,2024,451398604,1,9,0,-1,19,7,3,-1,0,0,5,0,1,10,1,1,-1,2,2,20,4,-1,-1,-1,-1,7,E01030858,0,1
2024401406356,2024,401406356,1,9,0,-1,19,-1,-1,-1,0,0,0,0,0,0,1,9,-1,9,3,-1,-1,-1,-1,-1,-1,-1,-1,0,-1
2024141507417,2024,141507417,1,9,0,-1,5,7,3,-1,0,8,0,0,0,0,1,1,-1,9,1,63,9,-1,-1,-1,-1,10,E01007959,0,1
2024131458433,2024,131458433,2,1,0,-1,19,1,5,-1,0,1,2,0,0,0,0,1,-1,6,1,37,7,-1,-1,-1,-1,1,E01011540,0,1
2024991425163,2024,991425163,2,9,0,-1,19,2,6,-1,0,0,0,0,0,0,2,1,-1,9,1,18,4,-1,-1,-1,-1,7,-1,0,1
2024010511009,2024,010511009,1,1,9,99,99,9,9,99,99,9,9,99,9,99,1,1,6,6,1,24,5,-1,-1,-1,-1,6,E01001565,0,2
2024361432529,2024,361432529,2,9,0,-1,3,1,5,-1,0,1,0,0,0,0,2,1,-1,1,1,39,7,-1,-1,-1,-1,4,E01033438,0,1
2024070760786,2024,070760786,1,9,0,-1,19,4,2,-1,0,1,0,0,0,0,0,1,-1,9,3,-1,-1,-1,-1,-1,-1,-1,-1,0,-1
2024101452770,2024,101452770,1,9,-1,-1,-1,-1,-1,-1,-1,-1,-1,-1,-1,0,-1,9,-1,6,3,-1,-1,-1,-1,-1,-1,-1,-1,0,-1
2024201491327,2024,201491327,2,9,0,-1,19,5,3,-1,0,6,0,0,0,0,1,1,-1,6,-1,-1,-1,-1,-1,-1,-1,-1,-1,0,-1
2024320574708,2024,320574708,2,19,0,9,9,6,2,0,0,8,0,0,0,0,3,1,-1,-1,1,64,9,-1,-1,-1,-1,3,E01034685,0,1
2024010502548,2024,010502548,1,9,0,7,7,5,7,0,0,5,0,0,0,0,3,1,1,1,2,50,8,-1,-1,-1,-1,2,E01000008,0,1
2024547953124,2024,547953124,2,9,0,18,19,8,4,0,0,1,0,0,0,0,1,1,6,6,1,53,8,-1,-1,-1,-1,10,E01032055,0,2
2024548853224,2024,548853224,1,11,0,13,13,5,1,0,0,0,0,0,0,0,4,1,6,6,1,40,7,-1,-1,-1,-1,-1,-1,0,-1
2024201520385,2024,201520385,1,19,0,-1,19,5,1,-1,0,1,0,0,0,0,1,1,-1,6,1,-1,-1,-1,-1,-1,-1,-1,-1,0,-1
2024010547210,2024,010547210,1,9,0,18,19,1,5,0,0,7,0,0,0,0,1,1,6,6,3,-1,-1,-1,-1,-1,-1,-1,-1,0,-1
2024010508081,2024,010508081,2,1,0,18,19,5,1,0,0,1,0,4,7,0,1,1,1,1,1,20,4,-1,-1,-1,-1,4,E01001137,0,1
2024010541785,2024,010541785,1,1,9,99,99,9,9,99,99,9,9,99,9,99,9,1,2,2,2,28,6,-1,-1,-1,-1,6,E01002861,0,1
2024010528951,2024,010528951,3,19,0,18,19,8,4,0,0,1,0,0,0,0,3,1,1,1,1,30,6,-1,-1,-1,-1,5,E01032800,0,4
2024461402475,2024,461402475,1,9,0,-1,19,3,7,-1,-1,0,0,0,0,0,1,9,-1,2,1,45,7,-1,-1,-1,-1,7,E01035306,0,4
2024522401197,2024,522401197,1,1,0,5,5,3,7,0,0,0,0,0,0,0,4,1,6,6,1,64,9,-1,-1,-1,-1,10,E01014849,0,2
2024161524567,2024,161524567,2,1,0,-1,9,8,6,-1,0,1,0,0,0,0,1,1,-1,2,1,39,7,-1,-1,-1,-1,5,E01013244,0,1
2024101408338,2024,101408338,1,8,0,-1,7,4,6,-1,0,8,0,0,0,0,1,9,-1,6,1,-1,-1,-1,-1,-1,-1,-1,-1,0,-1
2024440188671,2024,440188671,3,9,0,3,3,2,6,0,0,5,0,0,0,0,2,1,6,6,1,22,5,-1,-1,-1,-1,6,E01030912,0,4
2024010510791,2024,010510791,1,1,9,99,99,9,9,99,99,9,9,99,9,99,2,1,6,6,2,-1,-1,-1,-1,-1,-1,10,E01002967,0,1
2024010498609,2024,010498609,1,1,9,99,99,9,9,99,99,9,9,99,9,99,9,1,2,2,2,34,6,-1,-1,-1,-1,3,E01035643,0,1
2024991466988,2024,991466988,2,1,0,-1,9,6,4,-1,0,8,0,0,0,0,1,1,-1,6,1,42,7,-1,-1,-1,-1,9,-1,0,1
2024131523094,2024,131523094,2,1,0,-1,19,6,8,-1,0,1,5,0,0,0,4,1,-1,9,1,48,8,-1,-1,-1,-1,5,E01011356,0,1
2024010528678,2024,010528678,1,9,0,3,3,3,7,0,0,1,0,0,0,0,2,1,6,6,1,21,5,-1,-1,-1,-1,2,E01001364,0,1
2024522401322,2024,522401322,2,1,0,13,13,8,4,0,0,8,0,0,0,0,1,1,6,6,1,56,9,-1,-1,-1,-1,5,E01014671,0,1
2024311527832,2024,311527832,1,9,0,-1,19,4,8,-1,0,5,0,7,1,0,1,1,-1,9,1,51,8,-1,-1,-1,-1,-1,-1,0,-1
2024201448996,2024,201448996,1,9,0,-1,19,4,8,-1,0,0,0,0,0,0,1,1,-1,6,2,36,7,-1,-1,-1,-1,1,E01010363,0,3
2024991482194,2024,991482194,2,9,0,-1,6,8,4,-1,0,0,0,0,0,0,3,1,-1,9,2,47,8,-1,-1,-1,-1,1,E01024081,0,5
2024471425754,2024,471425754,5,9,-1,-1,4,5,3,-1,0,1,0,0,0,0,2,9,-1,6,3,-1,-1,-1,-1,-1,-1,-1,-1,0,-1
2024461511768,2024,461511768,1,19,0,-1,19,5,1,-1,0,0,0,11,0,0,1,1,-1,6,-1,-1,-1,-1,-1,-1,-1,-1,-1,0,-1
2024010493996,2024,010493996,3,9,9,99,99,9,9,99,99,0,9,99,9,99,9,1,6,6,3,-1,-1,-1,-1,-1,-1,-1,-1,0,-1
202417L307224,2024,17L307224,2,23,0,-1,19,5,1,-1,0,8,0,0,0,0,1,1,-1,9,1,17,4,-1,-1,-1,-1,5,E01012129,0,1
2024371431492,2024,371431492,2,-1,5,-1,19,7,3,-1,0,0,0,0,1,0,1,1,-1,9,1,58,9,-1,-1,-1,-1,-1,-1,1,-1
2024430038665,2024,430038665,1,9,0,7,7,8,2,0,0,5,0,0,0,0,4,1,6,6,3,-1,-1,-1,-1,-1,-1,-1,-1,0,-1
2024610006524,2024,610006524,1,9,0,18,19,7,3,9,9,0,0,0,0,0,1,1,6,6,3,-1,-1,-1,-1,-1,-1,-1,-1,0,-1