collision_index,collision_year,collision_ref_no,vehicle_reference,vehicle_type,towing_and_articulation,vehicle_manoeuvre_historic,vehicle_manoeuvre,vehicle_direction_from,vehicle_direction_to,vehicle_location_restricted_lane_historic,vehicle_location_restricted_lane,junction_location,skidding_and_overturning,hit_object_in_carriageway,vehicle_leaving_carriageway,hit_object_off_carriageway,first_point_of_impact,vehicle_left_hand_drive,journey_purpose_of_driver_historic,journey_purpose_of_driver,sex_of_driver,age_of_driver,age_band_of_driver,engine_capacity_cc,propulsion_code,age_of_vehicle,generic_make_model,driver_imd_decile,lsoa_of_driver,escooter_flag,driver_distance_banding
2024332400586,2024,332400586,1,9,0,-1,19,3,7,-1,0,8,0,0,0,0,1,1,-1,9,1,45,7,-1,-1,-1,-1,7,E01013615,0,1
2024430268489,2024,430268489,1,9,0,16,19,4,8,0,0,4,0,0,0,0,1,1,6,6,3,32,6,-1,-1,-1,-1,-1,-1,0,-1
2024430199374,2024,430199374,1,9,0,4,4,9,9,0,0,4,0,0,0,0,1,1,6,6,1,32,6,-1,-1,-1,-1,-1,-1,0,-1
2024440455744,2024,440455744,1,9,0,5,5,5,1,0,0,3,1,0,5,6,3,1,2,2,1,45,7,-1,-1,-1,-1,3,E01017185,0,1
2024991493690,2024,991493690,2,9,0,-1,19,1,5,-1,0,2,0,0,0,0,1,1,-1,6,1,33,6,-1,-1,-1,-1,-1,-1,0,-1
2024430451033,2024,430451033,1,1,0,18,19,8,4,0,0,8,0,0,0,0,3,1,2,2,1,59,9,-1,-1,-1,-1,7,E01016493,0,1
2024451485356,2024,451485356,2,9,0,-1,2,0,0,-1,9,0,0,0,0,0,2,1,-1,6,-1,-1,-1,-1,-1,-1,-1,-1,-1,0,-1
2024010544070,2024,010544070,1,1,9,18,19,9,9,99,99,9,9,99,9,99,1,1,2,2,1,38,7,-1,-1,-1,-1,3,E01001834,0,2
2024010530052,2024,010530052,2,1,5,18,19,3,7,0,0,4,0,0,0,0,4,1,6,6,2,23,5,-1,-1,-1,-1,5,E01001275,0,1
2024440419162,2024,440419162,2,9,0,7,7,2,4,0,0,1,0,0,0,0,1,1,6,6,1,-1,-1,-1,-1,-1,-1,-1,-1,0,-1
2024010493633,2024,010493633,2,9,0,99,99,9,9,99,99,9,9,99,9,99,9,9,6,6,3,-1,-1,-1,-1,-1,-1,-1,-1,0,-1
2024010519024,2024,010519024,1,9,0,18,19,1,5,0,0,8,0,0,0,0,4,1,6,6,1,47,8,-1,-1,-1,-1,-1,-1,0,-1
2024010548909,2024,010548909,1,1,9,99,99,9,9,99,99,9,9,99,9,99,1,1,6,6,1,-1,-1,-1,-1,-1,-1,-1,-1,0,-1
2024010544531,2024,010544531,1,9,0,18,19,7,3,0,0,8,0,0,0,0,1,1,6,6,3,-1,-1,-1,-1,-1,-1,-1,-1,0,-1
2024131483975,2024,131483975,1,9,0,-1,19,1,1,-1,0,0,0,0,0,0,3,1,-1,2,1,21,5,-1,-1,-1,-1,1,E01010811,0,1
2024201514442,2024,201514442,2,9,0,-1,5,4,8,-1,0,8,0,0,3,0,4,1,-1,7,2,39,7,-1,-1,-1,-1,6,E01010184,0,3
2024010526741,2024,010526741,1,1,9,99,99,9,9,99,99,9,9,99,9,99,9,1,6,6,1,33,6,-1,-1,-1,-1,7,E01001084,0,1
2024421438257,2024,421438257,4,9,0,-1,4,3,7,-1,0,0,0,1,0,0,2,1,-1,2,1,43,7,-1,-1,-1,-1,5,E01024561,0,4
2024010538040,2024,010538040,2,1,0,4,4,3,7,0,0,1,5,0,0,0,1,1,6,6,1,30,6,-1,-1,-1,-1,6,E01001245,0,1
2024401539350,2024,401539350,2,9,0,-1,19,2,6,-1,0,1,0,0,0,0,1,1,-1,1,2,44,7,-1,-1,-1,-1,7,E01017427,0,1
2024010491745,2024,010491745,2,9,0,99,99,9,9,99,99,9,9,99,9,99,2,9,6,6,3,-1,-1,-1,-1,-1,-1,-1,-1,0,-1
2024451471694,2024,451471694,2,11,0,-1,19,3,7,-1,0,0,0,0,0,0,4,9,-1,6,1,-1,-1,-1,-1,-1,-1,-1,-1,0,-1
2024201494511,2024,201494511,1,9,0,-1,5,5,1,-1,2,0,0,0,0,0,1,9,-1,6,2,-1,-1,-1,-1,-1,-1,-1,-1,0,-1
2024340NN0462,2024,340NN0462,1,9,0,-1,19,4,8,-1,0,1,0,0,0,0,1,1,-1,6,2,-1,-1,-1,-1,-1,-1,-1,-1,0,-1
2024061524071,2024,061524071,2,9,0,-1,19,-1,-1,-1,0,1,0,0,0,0,1,1,-1,6,3,-1,-1,-1,-1,-1,-1,-1,-1,0,-1
2024010518607,2024,010518607,1,1,9,99,99,9,9,99,99,0,9,99,0,0,9,1,6,6,1,36,7,-1,-1,-1,-1,5,E01001240,0,2
2024991449710,2024,991449710,2,9,0,-1,19,1,5,-1,0,0,0,0,0,0,4,1,-1,2,1,60,9,-1,-1,-1,-1,5,-1,0,1
2024010505483,2024,010505483,1,9,0,99,99,9,9,99,99,9,9,99,9,99,1,9,6,6,3,-1,-1,-1,-1,-1,-1,-1,-1,0,-1
2024010541767,2024,010541767,1,1,9,99,99,9,9,99,99,9,9,99,9,99,9,1,6,6,1,45,7,-1,-1,-1,-1,5,E01002667,0,1
2024522401370,2024,522401370,2,1,0,18,19,1,5,0,0,8,0,0,0,0,3,1,6,6,1,55,8,-1,-1,-1,-1,2,E01014802,0,1
2024010534814,2024,010534814,1,9,0,99,99,9,9,99,99,9,9,99,9,99,9,9,6,6,3,-1,-1,-1,-1,-1,-1,-1,-1,0,-1
2024010505677,2024,010505677,1,1,9,99,99,9,9,99,99,9,9,99,9,99,9,1,2,2,1,36,7,-1,-1,-1,-1,6,E01001989,0,2
2024201406944,2024,201406944,2,1,0,-1,3,2,4,-1,0,2,0,0,0,0,1,1,-1,6,1,27,6,-1,-1,-1,-1,-1,-1,0,-1
2024010507854,2024,010507854,1,1,9,99,99,9,9,99,99,1,9,99,9,99,9,1,6,6,2,31,6,-1,-1,-1,-1,2,E01003246,0,1
2024052400632,2024,052400632,1,19,0,5,5,3,7,0,0,1,0,0,0,0,3,1,6,6,3,-1,-1,-1,-1,-1,-1,-1,-1,0,-1
2024520002326,2024,520002326,1,1,0,4,4,4,8,0,0,0,0,0,0,0,9,1,6,6,1,66,10,-1,-1,-1,-1,8,E01014452,0,1
2024010496734,2024,010496734,1,3,9,99,99,9,9,99,99,1,9,99,9,99,9,1,1,1,3,34,6,-1,-1,-1,-1,3,E01000511,0,1
2024131473480,2024,131473480,2,1,0,-1,19,2,6,-1,0,1,0,0,0,0,1,1,-1,6,2,24,5,-1,-1,-1,-1,6,E01010955,0,2
2024041450630,2024,041450630,1,9,0,-1,19,1,5,-1,0,1,0,0,0,0,1,1,-1,6,2,21,5,-1,-1,-1,-1,9,E01025490,0,1
202460Q185162,2024,60Q185162,1,1,0,9,9,5,1,0,0,8,0,0,0,0,3,1,6,6,1,30,6,-1,-1,-1,-1,-1,-1,0,-1
2024610008224,2024,610008224,1,9,0,18,19,2,6,0,0,8,0,0,0,0,1,1,6,6,1,63,9,-1,-1,-1,-1,7,W01001625,0,1
2024411547119,2024,411547119,1,1,0,-1,19,4,8,-1,0,0,5,0,0,0,1,1,-1,9,1,46,8,-1,-1,-1,-1,10,E01017754,0,2
2024522500164,2024,522500164,1,1,0,18,19,8,4,0,0,8,0,0,0,0,1,1,6,6,1,23,5,-1,-1,-1,-1,5,E01033364,0,1
2024211474845,2024,211474845,5,9,0,-1,4,5,5,-1,0,1,0,0,0,0,2,1,-1,6,1,35,6,-1,-1,-1,-1,-1,-1,0,-1
2024361419044,2024,361419044,1,19,-1,-1,-1,-1,-1,-1,-1,-1,-1,-1,-1,0,-1,9,-1,6,3,-1,-1,-1,-1,-1,-1,-1,-1,0,-1
2024991449956,2024,991449956,2,1,0,-1,19,2,6,-1,0,2,0,0,0,0,1,1,-1,6,2,50,8,-1,-1,-1,-1,10,-1,0,1
2024101449758,2024,101449758,2,11,0,-1,19,3,8,-1,0,8,0,0,0,0,2,1,-1,1,3,45,7,-1,-1,-1,-1,-1,-1,0,-1
2024421493272,2024,421493272,2,9,0,-1,9,3,7,-1,0,1,0,0,0,0,2,1,-1,6,2,32,6,-1,-1,-1,-1,5,E01021707,0,1
2024010529589,2024,010529589,1,9,9,18,19,3,7,99,99,9,9,99,9,99,9,9,6,6,3,-1,-1,-1,-1,-1,-1,-1,-1,0,-1
2024010496151,2024,010496151,2,9,0,18,19,7,3,0,0,1,0,0,0,0,1,1,6,6,2,41,7,-1,-1,-1,-1,2,E01004249,0,3
2024231437704,2024,231437704,2,1,0,-1,19,2,6,-1,9,8,0,0,0,0,1,1,-1,6,1,13,3,-1,-1,-1,-1,1,E01031057,0,1
2024101408747,2024,101408747,1,9,-1,-1,-1,-1,-1,-1,-1,0,-1,-1,-1,0,-1,9,-1,6,1,-1,-1,-1,-1,-1,-1,-1,-1,0,-1
2024131450610,2024,131450610,1,98,0,-1,-1,-1,-1,-1,-1,8,-1,-1,-1,0,-1,1,-1,6,3,-1,-1,-1,-1,-1,-1,-1,-1,0,-1
2024461467801,2024,461467801,1,9,0,-1,19,3,7,-1,0,0,0,0,0,0,1,9,-1,1,1,64,9,-1,-1,-1,-1,8,E01024385,0,2
2024010489391,2024,010489391,1,1,0,10,10,5,3,0,0,1,0,0,0,0,1,1,2,2,1,40,7,-1,-1,-1,-1,5,E01004366,0,1
2024401464714,2024,401464714,1,1,-1,-1,7,5,7,-1,0,0,5,0,0,0,3,1,-1,6,1,-1,-1,-1,-1,-1,-1,9,E01033188,0,1
2024340NN4132,2024,340NN4132,3,19,0,-1,19,3,7,-1,0,1,0,0,0,0,1,1,-1,2,1,41,7,-1,-1,-1,-1,7,E01035393,0,1
2024010508078,2024,010508078,1,1,9,99,99,9,9,4,4,1,9,99,9,99,9,1,2,2,1,35,6,-1,-1,-1,-1,8,E01002942,0,4
2024471423166,2024,471423166,1,1,0,-1,19,-1,-1,-1,0,1,5,0,0,0,1,1,-1,6,1,-1,-1,-1,-1,-1,-1,-1,-1,0,-1
2024340WN2832,2024,340WN2832,1,9,0,-1,9,3,2,-1,0,6,0,0,0,0,0,1,-1,6,1,18,4,-1,-1,-1,-1,-1,-1,0,-1
2024010493855,2024,010493855,2,9,9,99,99,9,9,99,99,9,9,99,9,99,9,9,6,6,1,-1,-1,-1,-1,-1,-1,-1,-1,0,-1
2024010550408,2024,010550408,1,9,0,99,99,9,9,99,99,9,9,99,9,0,9,9,6,6,3,-1,-1,-1,-1,-1,-1,-1,-1,0,-1
2024101420773,2024,101420773,1,9,0,-1,19,2,5,-1,0,0,0,0,0,0,1,1,-1,6,2,22,5,-1,-1,-1,-1,5,E01008206,0,1
2024010536306,2024,010536306,1,1,9,99,99,9,9,99,99,9,9,99,9,99,9,1,6,6,1,25,5,-1,-1,-1,-1,3,E01003980,0,1
2024010527773,2024,010527773,2,-1,0,18,19,3,7,0,0,3,1,0,0,0,1,1,6,6,1,-1,-1,-1,-1,-1,-1,-1,-1,1,-1
2024440050291,2024,440050291,1,1,0,9,9,7,5,0,0,8,0,0,0,0,1,1,6,6,2,31,6,-1,-1,-1,-1,1,E01017130,0,1
2024122400113,2024,122400113,2,9,0,18,19,5,1,0,0,1,0,0,0,0,2,1,6,6,2,24,5,-1,-1,-1,-1,7,E01012270,0,4
2024010493119,2024,010493119,2,1,0,18,19,5,1,0,0,8,0,0,0,0,3,1,2,2,1,48,8,-1,-1,-1,-1,3,E01002806,0,2
2024201398176,2024,201398176,2,9,0,-1,3,3,7,-1,0,0,0,0,0,0,2,1,-1,6,1,24,5,-1,-1,-1,-1,1,E01009303,0,1
2024440478586,2024,440478586,1,1,0,14,14,7,3,0,0,8,0,0,0,0,1,1,6,6,1,30,6,-1,-1,-1,-1,7,E01004550,0,5
2024501515281,2024,501515281,2,9,0,-1,19,6,2,-1,0,0,0,0,0,0,1,1,-1,2,1,75,10,-1,-1,-1,-1,4,E01020290,0,4
2024631451681,2024,631451681,1,9,0,-1,4,8,5,-1,0,0,0,0,0,0,0,1,-1,6,3,-1,-1,-1,-1,-1,-1,-1,-1,0,-1
2024101426412,2024,101426412,1,19,0,-1,9,3,1,-1,0,8,0,0,0,0,4,1,-1,6,3,-1,-1,-1,-1,-1,-1,-1,-1,0,-1
2024430594332,2024,430594332,1,9,0,5,5,6,2,0,0,6,0,0,0,0,1,1,6,6,1,76,11,-1,-1,-1,-1,8,E01028544,0,1
2024101451647,2024,101451647,1,9,0,-1,5,5,1,-1,0,1,0,0,0,0,4,9,-1,6,1,-1,-1,-1,-1,-1,-1,-1,-1,0,-1
2024031442713,2024,031442713,1,1,0,-1,19,3,6,-1,0,-1,0,0,0,0,1,1,-1,7,1,15,3,-1,-1,-1,-1,2,E01019205,0,1
2024221473658,2024,221473658,1,9,0,-1,19,8,3,-1,0,8,0,0,0,0,1,1,-1,6,1,83,11,-1,-1,-1,-1,3,E01010538,0,3
2024201491250,2024,201491250,1,9,0,-1,19,2,6,-1,0,0,0,0,0,0,1,1,-1,9,1,25,5,-1,-1,-1,-1,2,E01008883,0,1
2024471509601,2024,471509601,1,9,0,-1,5,5,3,-1,0,8,0,0,0,0,1,1,-1,9,1,38,7,-1,-1,-1,-1,5,E01031392,0,3
2024010504558,2024,010504558,1,19,0,99,99,9,9,99,99,9,9,99,9,99,9,1,6,6,3,-1,-1,-1,-1,-1,-1,-1,-1,0,-1
2024010489062,2024,010489062,2,19,0,18,19,3,7,0,0,0,0,0,0,0,1,1,6,6,1,41,7,-1,-1,-1,-1,3,E01001650,0,1
2024440376801,2024,440376801,2,9,0,5,5,4,8,0,0,0,0,0,0,0,1,1,6,6,3,-1,-1,-1,-1,-1,-1,-1,-1,0,-1
2024010535211,2024,010535211,1,90,0,14,14,3,7,0,0,1,0,0,0,0,1,1,6,6,3,-1,-1,-1,-1,-1,-1,-1,-1,0,-1
2024141485201,2024,141485201,1,9,0,-1,19,6,5,-1,9,1,0,0,0,0,1,9,-1,6,3,-1,-1,-1,-1,-1,-1,-1,-1,0,-1
2024332400157,2024,332400157,1,1,0,-1,19,3,7,-1,0,0,1,0,0,0,1,1,-1,2,1,44,7,-1,-1,-1,-1,1,E01013722,0,1
2024401409828,2024,401409828,1,9,0,-1,9,1,7,-1,0,8,0,0,0,0,-1,9,-1,6,1,35,6,-1,-1,-1,-1,-1,-1,0,-1
2024010505141,2024,010505141,1,1,9,99,99,9,9,99,99,9,9,99,9,99,1,1,6,6,2,29,6,-1,-1,-1,-1,2,E01002741,0,1
2024320525689,2024,320525689,2,1,0,7,7,6,2,0,0,5,5,0,0,0,3,1,6,6,1,33,6,-1,-1,-1,-1,3,E01026060,0,3
2024221499741,2024,221499741,1,99,0,-1,19,6,2,-1,0,8,0,0,0,0,1,9,-1,6,3,45,7,-1,-1,-1,-1,-1,-1,0,-1
2024010504183,2024,010504183,1,9,5,18,19,1,5,99,99,9,5,12,9,99,9,9,6,6,1,-1,-1,-1,-1,-1,-1,-1,-1,0,-1
2024421422428,2024,421422428,1,9,0,-1,5,5,1,-1,0,6,0,0,0,0,1,9,-1,6,3,-1,-1,-1,-1,-1,-1,-1,-1,0,-1
2024430013459,2024,430013459,3,9,0,3,3,2,6,0,0,2,0,0,0,0,2,1,2,2,2,35,6,-1,-1,-1,-1,-1,-1,0,-1
2024440344451,2024,440344451,1,9,0,2,2,0,0,0,0,0,0,0,0,0,4,1,6,6,3,-1,-1,-1,-1,-1,-1,-1,-1,0,-1
2024520002211,2024,520002211,2,9,0,15,15,9,9,0,0,8,0,0,0,0,1,1,6,6,3,-1,-1,-1,-1,-1,-1,-1,-1,0,-1
2024411445055,2024,411445055,2,1,0,-1,10,5,1,-1,0,8,0,0,0,0,1,1,-1,6,1,32,6,-1,-1,-1,-1,3,E01001759,0,3
2024522401814,2024,522401814,2,-1,0,5,5,7,3,4,4,8,0,0,0,0,1,1,6,6,2,35,6,-1,-1,-1,-1,3,E01014523,1,1
2024430586085,2024,430586085,4,98,0,2,2,0,0,0,0,1,0,0,0,0,0,1,6,6,3,-1,-1,-1,-1,-1,-1,-1,-1,0,-1
2024010546518,2024,010546518,2,1,0,12,12,3,7,0,0,1,0,0,0,0,2,1,2,2,1,20,4,-1,-1,-1,-1,2,E01032512,0,1
2024041495304,2024,041495304,1,23,0,-1,19,5,1,-1,0,0,0,0,0,0,1,1,-1,9,1,16,4,-1,-1,-1,-1,3,E01012750,0,1
2024052401886,2024,052401886,2,9,0,18,19,3,7,0,0,1,0,0,0,0,1,1,6,6,1,45,7,-1,-1,-1,-1,1,E01006964,0,1
2024991418380,2024,991418380,1,9,0,-1,19,5,1,-1,0,1,0,2,0,0,1,1,-1,6,1,20,4,-1,-1,-1,-1,-1,-1,0,-1
2024430497160,2024,430497160,1,9,0,5,5,0,0,0,0,0,0,0,0,0,0,1,6,6,3,43,7,-1,-1,-1,-1,8,E01028539,0,4
2024010509608,2024,010509608,1,9,0,99,99,9,9,99,99,9,9,99,9,99,9,9,6,6,3,-1,-1,-1,-1,-1,-1,-1,-1,0,-1
2024471473227,2024,471473227,2,1,0,-1,19,1,5,-1,0,0,0,0,0,0,1,1,-1,6,1,26,6,-1,-1,-1,-1,9,E01031563,0,1
2024122400397,2024,122400397,2,9,0,18,19,7,3,0,0,0,0,0,0,0,2,1,6,6,1,24,5,-1,-1,-1,-1,4,E01011238,0,4
2024991483605,2024,991483605,2,1,0,-1,7,1,3,-1,0,0,0,0,0,0,1,1,-1,9,1,20,4,-1,-1,-1,-1,10,-1,0,1
2024141432125,2024,141432125,1,9,0,-1,19,5,1,-1,0,0,0,0,0,0,1,9,-1,6,3,-1,-1,-1,-1,-1,-1,-1,-1,0,-1
2024010489413,2024,010489413,1,9,0,4,4,5,1,0,0,1,0,0,0,0,3,1,2,2,2,20,4,-1,-1,-1,-1,3,E01001365,0,1
2024201432473,2024,201432473,2,9,0,-1,19,1,5,-1,0,8,0,0,0,0,1,9,-1,9,2,47,8,-1,-1,-1,-1,2,E01009943,0,1
2024010515258,2024,010515258,1,1,9,13,13,9,9,99,99,9,9,99,9,99,9,1,2,2,1,21,5,-1,-1,-1,-1,5,E01003083,0,1
2024061417128,2024,061417128,2,1,-1,-1,-1,-1,-1,-1,-1,-1,-1,-1,-1,0,4,1,-1,2,1,47,8,-1,-1,-1,-1,7,E01008991,0,5
2024070566127,2024,070566127,1,9,0,18,19,7,3,0,0,0,0,0,0,0,3,1,6,6,3,-1,-1,-1,-1,-1,-1,-1,-1,0,-1
2024010505443,2024,010505443,2,1,0,18,19,5,1,4,4,5,0,0,0,0,1,1,6,6,1,34,6,-1,-1,-1,-1,3,E01004365,0,3
2024440378920,2024,440378920,2,9,0,18,19,7,3,0,0,6,0,0,0,0,1,1,6,6,3,-1,-1,-1,-1,-1,-1,-1,-1,0,-1
2024161450242,2024,161450242,2,9,0,-1,19,4,8,-1,0,1,0,0,0,0,1,1,-1,6,3,-1,-1,-1,-1,-1,-1,-1,-1,0,-1
202417S107824,2024,17S107824,2,1,0,-1,19,8,2,-1,0,0,0,0,0,0,1,1,-1,9,1,20,4,-1,-1,-1,-1,3,E01012253,0,1
2024430442462,2024,430442462,1,9,0,18,19,4,8,0,0,8,0,0,0,0,1,1,6,6,3,-1,-1,-1,-1,-1,-1,-1,-1,0,-1
2024010529943,2024,010529943,2,1,0,18,19,5,1,0,0,8,5,0,0,0,3,1,6,6,2,25,5,-1,-1,-1,-1,9,E01000848,0,1
2024011472301,2024,011472301,2,19,0,-1,3,1,5,-1,0,0,0,0,0,0,2,1,-1,1,1,67,10,-1,-1,-1,-1,-1,-1,0,-1
2024471535650,2024,471535650,2,9,0,-1,2,0,0,-1,0,0,0,0,0,0,0,9,-1,6,-1,-1,-1,-1,-1,-1,-1,-1,-1,0,-1
2024361408108,2024,361408108,1,1,0,-1,19,5,1,-1,0,0,0,0,0,0,3,1,-1,6,1,88,11,-1,-1,-1,-1,7,E01030054,0,1
2024010539740,2024,010539740,2,1,9,99,99,9,9,99,99,9,9,99,9,99,9,1,2,2,1,29,6,-1,-1,-1,-1,4,E01002058,0,1
2024991534706,2024,991534706,1,20,0,-1,19,2,7,-1,0,4,0,0,0,0,1,1,-1,1,2,24,5,-1,-1,-1,-1,6,-1,0,4
2024010488317,2024,010488317,2,1,0,9,9,1,6,0,0,4,0,0,0,0,2,1,6,6,1,56,9,-1,-1,-1,-1,10,E01000772,0,1
2024010543947,2024,010543947,1,9,0,18,19,5,1,0,0,1,0,0,0,0,1,1,2,2,1,59,9,-1,-1,-1,-1,-1,-1,0,-1
2024411492967,2024,411492967,1,9,0,-1,19,-1,-1,-1,0,0,0,0,0,0,1,9,-1,6,3,-1,-1,-1,-1,-1,-1,-1,-1,0,-1
2024010496528,2024,010496528,2,11,0,3,3,7,3,2,2,1,0,0,0,0,2,1,1,1,1,71,10,-1,-1,-1,-1,3,E01002634,0,1
2024131472365,2024,131472365,2,1,0,-1,19,3,7,-1,4,8,0,0,0,0,1,1,-1,6,1,60,9,-1,-1,-1,-1,5,E01011587,0,1
2024411423054,2024,411423054,1,9,-1,-1,-1,-1,-1,-1,-1,0,-1,-1,-1,0,-1,9,-1,6,3,-1,-1,-1,-1,-1,-1,-1,-1,0,-1
2024031406994,2024,031406994,2,9,0,-1,19,5,1,-1,0,0,2,0,2,0,4,1,-1,2,1,42,7,-1,-1,-1,-1,4,E01019359,0,2
2024010534346,2024,010534346,2,9,0,99,99,9,9,99,99,9,9,99,9,99,1,9,6,6,3,-1,-1,-1,-1,-1,-1,-1,-1,0,-1
2024340NN1652,2024,340NN1652,1,9,0,-1,19,3,7,-1,0,0,0,0,0,0,1,1,-1,6,2,47,8,-1,-1,-1,-1,2,E01026949,0,1
2024010515241,2024,010515241,1,1,9,99,99,9,9,99,99,9,9,99,9,99,9,1,6,6,1,53,8,-1,-1,-1,-1,2,E01004382,0,1
2024010513769,2024,010513769,1,9,0,18,19,1,5,0,0,8,2,0,0,0,1,1,6,6,1,49,8,-1,-1,-1,-1,-1,-1,0,-1
2024201430179,2024,201430179,1,9,0,-1,19,2,6,-1,0,0,0,0,0,0,1,9,-1,6,3,-1,-1,-1,-1,-1,-1,-1,-1,0,-1
2024552400947,2024,552400947,2,1,0,18,19,8,4,0,0,8,0,0,0,0,1,1,6,6,1,57,9,-1,-1,-1,-1,6,E01015402,0,1
2024061501323,2024,061501323,2,9,0,-1,19,-1,-1,-1,0,0,9,0,0,0,9,2,-1,6,3,-1,-1,-1,-1,-1,-1,-1,-1,0,-1
2024010535171,2024,010535171,1,11,0,5,5,7,3,0,0,6,0,0,0,0,1,1,1,1,1,35,6,-1,-1,-1,-1,4,E01015804,0,4
2024010518999,2024,010518999,1,9,0,18,19,8,4,0,0,8,0,0,0,0,1,1,6,6,3,-1,-1,-1,-1,-1,-1,-1,-1,0,-1
2024060120180,2024,060120180,1,9,0,18,19,1,5,0,0,0,0,0,0,0,1,1,6,6,1,17,4,-1,-1,-1,-1,3,E01005897,0,2
2024010489956,2024,010489956,2,3,0,4,4,1,5,0,0,1,0,0,0,0,1,1,6,6,1,34,6,-1,-1,-1,-1,6,E01003218,0,1
2024010526885,2024,010526885,1,1,0,18,19,3,7,0,0,2,0,0,0,0,1,1,2,2,1,42,7,-1,-1,-1,-1,-1,-1,0,-1
2024320693103,2024,320693103,2,1,0,-1,-1,8,4,0,0,0,0,0,0,0,2,1,-1,-1,1,22,5,-1,-1,-1,-1,7,E01026333,0,1
2024010492089,2024,010492089,1,4,0,13,13,1,5,9,9,1,0,0,1,0,3,1,6,6,1,39,7,-1,-1,-1,-1,2,E01001206,0,1
2024201431872,2024,201431872,1,9,0,-1,5,8,6,-1,0,6,0,0,0,0,1,1,-1,6,3,50,8,-1,-1,-1,-1,-1,-1,0,-1
2024010525017,2024,010525017,2,9,0,99,99,9,9,99,99,9,9,99,9,99,9,9,6,6,3,-1,-1,-1,-1,-1,-1,-1,-1,0,-1
2024552400878,2024,552400878,1,9,0,18,19,8,4,0,0,6,0,0,0,0,1,1,6,6,3,-1,-1,-1,-1,-1,-1,-1,-1,0,-1
2024052400948,2024,052400948,1,22,0,18,19,8,4,0,0,0,0,0,0,0,1,1,6,6,3,-1,-1,-1,-1,-1,-1,-1,-1,0,-1
2024520401094,2024,520401094,2,9,0,16,19,8,4,0,0,0,0,0,0,0,3,1,6,6,1,24,5,-1,-1,-1,-1,9,E01032651,0,2
2024031494051,2024,031494051,1,98,1,-1,5,6,1,-1,0,0,0,0,0,0,2,9,-1,6,1,40,7,-1,-1,-1,-1,7,E01025130,0,4
2024520002050,2024,520002050,2,9,0,5,5,3,7,0,0,0,0,0,0,0,3,1,6,6,1,41,7,-1,-1,-1,-1,-1,-1,0,-1
2024010531802,2024,010531802,1,1,9,99,99,9,9,99,99,0,9,99,9,99,1,1,2,2,1,40,7,-1,-1,-1,-1,9,E01001279,0,1
2024010527604,2024,010527604,2,1,0,18,19,4,8,0,0,1,0,0,0,0,1,1,6,6,1,21,5,-1,-1,-1,-1,4,E01004417,0,3
2024010514173,2024,010514173,2,1,9,99,99,9,9,99,99,9,9,99,9,99,1,1,1,1,1,-1,-1,-1,-1,-1,-1,-1,-1,0,-1
2024010527437,2024,010527437,2,9,0,99,99,9,9,99,99,9,9,99,9,99,1,9,6,6,3,-1,-1,-1,-1,-1,-1,-1,-1,0,-1
2024522403293,2024,522403293,1,9,0,18,19,5,1,0,0,8,0,0,0,0,1,1,6,6,1,56,9,-1,-1,-1,-1,7,E01029085,0,2
2024101497266,2024,101497266,2,-1,0,-1,19,5,8,-1,0,1,0,0,0,0,2,1,-1,2,1,23,5,-1,-1,-1,-1,-1,-1,1,-1
2024010491945,2024,010491945,1,9,0,3,3,7,3,0,0,2,0,0,0,0,4,1,1,1,1,23,5,-1,-1,-1,-1,4,E01004259,0,1
2024010492284,2024,010492284,1,9,0,9,9,2,7,0,0,3,0,0,7,0,4,1,6,6,2,64,9,-1,-1,-1,-1,5,E01002667,0,1
2024010493794,2024,010493794,1,1,9,99,99,9,9,99,99,9,9,99,9,99,9,1,6,6,2,41,7,-1,-1,-1,-1,4,E01003212,0,1
2024061434114,2024,061434114,1,1,0,-1,4,-1,-1,-1,0,1,0,99,0,0,3,1,-1,9,2,44,7,-1,-1,-1,-1,5,E01006371,0,1
2024131508915,2024,131508915,1,9,0,-1,-1,-1,-1,-1,-1,-1,-1,-1,-1,-1,-1,1,-1,6,3,-1,-1,-1,-1,-1,-1,-1,-1,0,-1
2024401467960,2024,401467960,2,5,0,-1,19,4,8,-1,0,3,0,0,0,0,1,1,-1,9,1,31,6,-1,-1,-1,-1,7,E01017376,0,1
2024430151816,2024,430151816,2,9,0,18,19,4,8,0,0,8,0,0,0,0,4,1,6,6,1,69,10,-1,-1,-1,-1,8,E01027194,0,4
2024201494529,2024,201494529,2,1,0,-1,19,3,7,-1,0,8,0,0,0,0,3,1,-1,7,1,17,4,-1,-1,-1,-1,4,E01010427,0,1
2024161493573,2024,161493573,1,9,0,-1,19,2,6,-1,0,0,0,0,0,0,1,1,-1,6,3,-1,-1,-1,-1,-1,-1,-1,-1,0,-1
2024141494853,2024,141494853,2,98,0,-1,19,5,1,-1,0,0,0,0,0,0,0,9,-1,6,3,-1,-1,-1,-1,-1,-1,-1,-1,0,-1
2024161532217,2024,161532217,2,9,0,-1,19,5,1,-1,0,2,0,0,0,0,1,9,-1,6,3,-1,-1,-1,-1,-1,-1,-1,-1,0,-1
2024131522907,2024,131522907,1,9,0,-1,19,3,7,-1,0,8,0,0,0,0,0,1,-1,9,1,27,6,-1,-1,-1,-1,1,E01011360,0,1
2024010504726,2024,010504726,1,1,0,5,5,5,1,4,4,1,0,10,0,0,0,1,6,6,1,56,9,-1,-1,-1,-1,4,E01000507,0,3
2024340WN4932,2024,340WN4932,3,9,0,-1,19,5,1,-1,0,0,0,0,1,0,3,1,-1,6,1,33,6,-1,-1,-1,-1,8,E01027285,0,3
2024070935906,2024,070935906,1,9,9,-1,19,3,7,-1,0,0,0,0,0,0,9,-1,-1,6,3,-1,-1,-1,-1,-1,-1,-1,-1,0,-1
2024631509612,2024,631509612,1,5,0,-1,13,6,2,-1,0,0,0,0,0,0,1,1,-1,9,2,50,8,-1,-1,-1,-1,8,W01000624,0,4
2024052400613,2024,052400613,1,9,0,5,5,2,6,0,0,0,0,0,0,0,1,1,6,6,3,-1,-1,-1,-1,-1,-1,-1,-1,0,-1
2024131441634,2024,131441634,2,1,0,-1,19,1,1,-1,0,8,0,0,0,0,1,1,-1,6,1,65,9,-1,-1,-1,-1,6,E01010588,0,1