collision_index,collision_year,collision_ref_no,vehicle_reference,vehicle_type,towing_and_articulation,vehicle_manoeuvre_historic,vehicle_manoeuvre,vehicle_direction_from,vehicle_direction_to,vehicle_location_restricted_lane_historic,vehicle_location_restricted_lane,junction_location,skidding_and_overturning,hit_object_in_carriageway,vehicle_leaving_carriageway,hit_object_off_carriageway,first_point_of_impact,vehicle_left_hand_drive,journey_purpose_of_driver_historic,journey_purpose_of_driver,sex_of_driver,age_of_driver,age_band_of_driver,engine_capacity_cc,propulsion_code,age_of_vehicle,generic_make_model,driver_imd_decile,lsoa_of_driver,escooter_flag,driver_distance_banding
2024010502892,2024,010502892,2,19,9,99,99,9,9,99,99,0,9,99,9,99,9,9,6,6,3,-1,-1,-1,-1,-1,-1,-1,-1,0,-1
2024201508237,2024,201508237,2,9,0,-1,9,2,6,-1,0,8,0,10,1,0,3,1,-1,6,1,35,6,-1,-1,-1,-1,6,E01009975,0,1
2024131480025,2024,131480025,1,9,0,-1,19,3,7,-1,0,0,0,0,0,0,1,1,-1,6,3,-1,-1,-1,-1,-1,-1,-1,-1,0,-1
2024131496008,2024,131496008,1,9,0,-1,19,1,5,-1,0,4,1,0,6,0,1,1,-1,2,2,54,8,-1,-1,-1,-1,2,E01011918,0,1
2024010487478,2024,010487478,1,9,0,99,99,9,9,99,99,9,9,99,9,99,3,9,1,1,1,50,8,-1,-1,-1,-1,2,E01001334,0,1
2024302400821,2024,302400821,2,1,0,18,19,4,1,0,0,8,0,0,0,0,2,1,6,6,2,13,3,-1,-1,-1,-1,6,E01019862,0,1
2024411487217,2024,411487217,2,19,0,-1,19,3,7,-1,0,0,0,0,0,0,1,1,-1,6,-1,-1,-1,-1,-1,-1,-1,-1,-1,0,-1
2024522500175,2024,522500175,1,8,0,6,6,1,1,0,0,8,0,0,0,0,9,1,1,1,1,-1,-1,-1,-1,-1,-1,-1,-1,0,-1
2024010523272,2024,010523272,2,19,0,7,7,9,9,99,99,9,9,99,9,99,9,9,6,6,3,-1,-1,-1,-1,-1,-1,-1,-1,0,-1
202460Q162400,2024,60Q162400,1,9,0,18,19,5,1,0,0,0,0,0,0,0,2,1,6,6,1,21,5,-1,-1,-1,-1,-1,-1,0,-1
2024010493456,2024,010493456,1,9,0,99,99,9,9,99,99,9,9,99,9,99,2,9,6,6,3,45,7,-1,-1,-1,-1,2,E01001576,0,3
2024010515403,2024,010515403,1,1,9,99,99,9,9,99,99,9,9,99,9,99,9,1,2,2,2,33,6,-1,-1,-1,-1,2,E01002100,0,2
2024522401468,2024,522401468,1,9,0,18,19,1,5,0,0,0,1,0,0,0,2,1,6,6,1,20,4,-1,-1,-1,-1,-1,-1,0,-1
2024010511534,2024,010511534,1,1,9,99,99,9,9,99,99,9,9,99,9,99,1,1,2,2,1,36,7,-1,-1,-1,-1,5,E01000567,0,1
2024141405366,2024,141405366,2,1,0,-1,5,3,7,-1,0,6,0,0,0,0,1,1,-1,6,1,13,3,-1,-1,-1,-1,2,E01007533,0,1
2024131431307,2024,131431307,3,9,0,-1,-1,-1,-1,-1,-1,0,-1,-1,-1,-1,-1,1,-1,6,3,-1,-1,-1,-1,-1,-1,-1,-1,0,-1
2024010521646,2024,010521646,2,9,0,99,99,9,9,99,99,9,9,99,9,99,1,9,6,6,3,-1,-1,-1,-1,-1,-1,-1,-1,0,-1
2024311509117,2024,311509117,1,9,0,-1,2,0,0,-1,0,0,0,0,0,0,1,1,-1,9,1,54,8,-1,-1,-1,-1,10,W01000327,0,5
2024010505357,2024,010505357,1,1,9,99,99,9,9,99,99,9,9,99,9,99,9,1,6,6,1,45,7,-1,-1,-1,-1,9,E01001377,0,1
2024461478993,2024,461478993,1,23,0,-1,19,3,7,-1,9,0,0,0,0,0,1,1,-1,6,3,30,6,-1,-1,-1,-1,-1,-1,0,-1
2024010529138,2024,010529138,2,2,0,18,19,4,8,9,9,2,0,7,1,1,1,1,6,6,1,15,3,-1,-1,-1,-1,1,E01004042,0,1
2024501445764,2024,501445764,2,9,0,-1,19,4,6,-1,0,0,0,0,0,0,3,1,-1,9,1,54,8,-1,-1,-1,-1,8,E01020170,0,4
2024552400430,2024,552400430,2,1,0,18,19,8,4,0,0,8,0,0,0,0,4,1,2,2,2,33,6,-1,-1,-1,-1,8,E01015314,0,1
2024320571500,2024,320571500,2,9,0,-1,-1,6,2,0,0,8,0,0,0,0,1,1,-1,-1,1,76,11,-1,-1,-1,-1,5,E01018080,0,4
2024421523440,2024,421523440,4,9,0,-1,2,0,0,-1,0,1,0,0,0,0,4,1,-1,6,-1,-1,-1,-1,-1,-1,-1,-1,-1,0,-1
2024161482045,2024,161482045,2,19,0,-1,19,7,3,-1,0,8,0,0,0,0,1,1,-1,9,1,38,7,-1,-1,-1,-1,7,E01013100,0,1
2024010490454,2024,010490454,2,9,0,99,99,9,9,99,99,6,9,99,9,99,9,9,6,6,1,36,7,-1,-1,-1,-1,5,E01000219,0,1
2024411493959,2024,411493959,3,90,-1,-1,-1,-1,-1,-1,-1,0,-1,-1,-1,0,-1,9,-1,6,3,-1,-1,-1,-1,-1,-1,-1,-1,0,-1
2024451414096,2024,451414096,3,9,0,-1,19,1,5,-1,0,0,0,0,0,0,1,9,-1,6,3,60,9,-1,-1,-1,-1,-1,-1,0,-1
2024010493832,2024,010493832,1,9,9,99,99,9,9,99,99,9,9,99,9,99,9,1,6,6,3,-1,-1,-1,-1,-1,-1,-1,-1,0,-1
2024461460240,2024,461460240,1,9,0,-1,19,5,1,-1,0,0,0,0,0,0,1,9,-1,6,2,38,7,-1,-1,-1,-1,9,E01016092,0,1
2024221523265,2024,221523265,2,1,0,-1,19,5,2,-1,0,8,0,0,0,0,4,1,-1,2,1,43,7,-1,-1,-1,-1,3,E01032277,0,1
2024522500310,2024,522500310,1,1,0,18,19,7,3,0,0,0,0,0,0,0,9,1,6,6,2,58,9,-1,-1,-1,-1,10,E01014710,0,1
2024111480384,2024,111480384,1,9,0,-1,9,8,2,-1,0,1,0,0,0,0,1,1,-1,1,1,26,6,-1,-1,-1,-1,2,E01020894,0,2
2024531472713,2024,531472713,2,1,0,-1,5,3,7,-1,0,6,5,0,0,0,2,1,-1,6,2,13,3,-1,-1,-1,-1,2,E01022332,0,1
2024481510857,2024,481510857,2,1,0,-1,19,3,7,-1,0,8,0,0,0,0,1,1,-1,2,1,27,6,-1,-1,-1,-1,-1,-1,0,-1
2024610049624,2024,610049624,1,4,0,13,13,8,4,0,0,0,1,0,0,0,1,1,1,1,1,29,6,-1,-1,-1,-1,6,W01001344,0,2
202454B697524,2024,54B697524,1,9,0,18,19,2,6,0,0,0,0,0,0,0,1,1,6,6,3,-1,-1,-1,-1,-1,-1,-1,-1,0,-1
2024461433320,2024,461433320,1,9,0,-1,9,8,6,-1,0,1,0,0,0,0,4,1,-1,9,2,94,11,-1,-1,-1,-1,8,E01024105,0,3
2024411533921,2024,411533921,1,9,-1,-1,-1,-1,-1,-1,-1,-1,-1,-1,-1,0,-1,9,-1,6,1,-1,-1,-1,-1,-1,-1,-1,-1,0,-1
2024070641964,2024,070641964,2,1,0,10,10,3,1,0,0,1,0,0,0,0,1,1,1,1,2,59,9,-1,-1,-1,-1,4,E01018622,0,1
2024430004310,2024,430004310,1,3,0,18,19,5,1,0,0,1,0,0,0,0,1,1,2,2,1,32,6,-1,-1,-1,-1,4,E01016448,0,1
2024531425593,2024,531425593,1,9,0,-1,19,3,7,-1,0,0,1,0,1,0,1,2,-1,9,1,19,4,-1,-1,-1,-1,7,E01022407,0,4
2024411488946,2024,411488946,2,9,0,-1,4,6,2,-1,0,0,0,0,0,0,1,1,-1,6,1,30,6,-1,-1,-1,-1,5,E01004348,0,4
2024010549864,2024,010549864,1,9,0,9,9,5,3,9,9,1,0,11,1,0,1,1,3,7,1,47,8,-1,-1,-1,-1,1,E01032569,0,1
2024052402816,2024,052402816,1,19,0,18,19,7,3,0,0,0,0,0,0,0,4,1,6,6,3,-1,-1,-1,-1,-1,-1,-1,-1,0,-1
2024131505598,2024,131505598,1,9,0,-1,-1,-1,-1,-1,-1,-1,-1,-1,-1,-1,-1,1,-1,6,3,-1,-1,-1,-1,-1,-1,-1,-1,0,-1
2024201508572,2024,201508572,1,9,0,-1,7,2,4,-1,0,1,1,0,0,0,2,1,-1,9,1,29,6,-1,-1,-1,-1,1,E01009379,0,1
2024131486841,2024,131486841,1,9,0,-1,19,1,5,-1,0,6,0,0,0,0,1,1,-1,9,2,40,7,-1,-1,-1,-1,8,E01011514,0,1
2024052401111,2024,052401111,1,9,0,1,1,1,5,0,0,0,0,0,0,0,2,1,6,6,3,-1,-1,-1,-1,-1,-1,-1,-1,0,-1
2024010537674,2024,010537674,1,9,9,99,99,9,9,99,99,9,9,99,9,99,9,9,6,6,3,-1,-1,-1,-1,-1,-1,-1,-1,0,-1
2024010488527,2024,010488527,2,1,0,18,19,3,7,0,0,1,0,0,0,0,3,1,2,2,2,38,7,-1,-1,-1,-1,6,E01002422,0,1
2024010493687,2024,010493687,1,8,0,1,1,9,9,99,99,0,9,99,9,99,2,9,6,6,3,-1,-1,-1,-1,-1,-1,-1,-1,0,-1
2024010491379,2024,010491379,1,9,0,99,99,9,9,99,99,9,9,99,9,99,9,1,6,6,1,27,6,-1,-1,-1,-1,4,E01001618,0,2
2024440484502,2024,440484502,1,1,0,18,19,2,6,0,0,0,0,0,1,9,1,1,6,6,1,11,3,-1,-1,-1,-1,10,E01023239,0,1
2024041529000,2024,041529000,1,23,0,-1,19,3,7,-1,0,6,1,0,1,0,1,1,-1,6,1,35,6,-1,-1,-1,-1,1,E01006861,0,4
2024501526207,2024,501526207,1,9,0,-1,9,3,1,-1,0,6,0,0,0,0,4,1,-1,9,2,83,11,-1,-1,-1,-1,-1,-1,0,-1
2024201462732,2024,201462732,1,9,0,-1,19,5,1,-1,0,0,0,0,0,0,1,1,-1,6,-1,-1,-1,-1,-1,-1,-1,-1,-1,0,-1
2024061532324,2024,061532324,2,9,0,-1,3,-1,-1,-1,0,0,0,0,0,0,1,1,-1,6,2,-1,-1,-1,-1,-1,-1,-1,-1,0,-1
2024010487254,2024,010487254,1,1,9,99,99,9,9,99,99,9,9,99,9,99,9,1,2,2,2,26,6,-1,-1,-1,-1,6,E01002670,0,1
2024131525245,2024,131525245,2,1,0,-1,19,5,1,-1,4,8,0,0,0,0,1,1,-1,6,1,58,9,-1,-1,-1,-1,-1,-1,0,-1
2024131470417,2024,131470417,1,9,0,-1,-1,-1,-1,-1,-1,0,-1,-1,-1,0,-1,1,-1,6,3,-1,-1,-1,-1,-1,-1,-1,-1,0,-1
2024401479099,2024,401479099,2,1,0,-1,19,1,5,-1,0,4,0,0,0,0,1,1,-1,6,1,57,9,-1,-1,-1,-1,8,E01034415,0,4
2024540263024,2024,540263024,1,9,0,14,14,4,8,0,0,0,0,0,0,0,4,1,6,6,3,-1,-1,-1,-1,-1,-1,-1,-1,0,-1
2024531442206,2024,531442206,2,1,0,-1,19,3,7,-1,0,1,0,0,0,0,1,1,-1,6,1,32,6,-1,-1,-1,-1,7,E01022127,0,1
2024221407270,2024,221407270,1,9,0,-1,19,1,5,-1,0,0,1,0,0,0,1,1,-1,1,1,62,9,-1,-1,-1,-1,4,E01032479,0,1
2024461410426,2024,461410426,2,9,0,-1,5,2,6,-1,0,3,5,0,0,0,4,9,-1,6,2,44,7,-1,-1,-1,-1,-1,-1,0,-1
2024631417585,2024,631417585,1,98,0,-1,19,7,3,-1,0,0,0,0,0,0,4,1,-1,6,1,51,8,-1,-1,-1,-1,3,W01000658,0,1
2024010494864,2024,010494864,1,11,0,4,4,5,1,2,2,1,0,0,0,0,0,1,6,6,1,52,8,-1,-1,-1,-1,2,E01001745,0,3
2024411416765,2024,411416765,1,97,-1,-1,-1,-1,-1,-1,-1,0,-1,-1,-1,0,1,1,-1,6,3,-1,-1,-1,-1,-1,-1,-1,-1,0,-1
2024141487801,2024,141487801,2,18,0,-1,19,3,7,-1,1,0,0,0,0,0,1,9,-1,1,1,60,9,-1,-1,-1,-1,3,E01008095,0,2
2024440308793,2024,440308793,1,9,0,9,9,7,1,0,0,1,0,0,0,0,3,1,1,1,1,59,9,-1,-1,-1,-1,2,E01017253,0,4
2024010495992,2024,010495992,1,1,0,18,19,1,5,0,0,0,0,0,0,0,1,1,1,1,1,22,5,-1,-1,-1,-1,8,E01003817,0,1
2024010539491,2024,010539491,1,1,0,18,19,1,5,4,4,1,5,0,0,0,1,1,2,2,1,43,7,-1,-1,-1,-1,2,E01033876,0,1
2024311460163,2024,311460163,2,9,0,-1,4,4,4,-1,0,1,0,0,0,0,2,1,-1,6,1,65,9,-1,-1,-1,-1,-1,-1,0,-1
2024010535107,2024,010535107,1,1,9,18,19,9,9,2,2,0,9,8,9,99,1,1,1,1,1,22,5,-1,-1,-1,-1,2,E01001875,0,2
2024010491881,2024,010491881,1,19,0,99,99,9,9,99,99,9,9,99,9,99,1,9,1,1,1,31,6,-1,-1,-1,-1,2,E01001559,0,2
2024131502576,2024,131502576,2,1,0,-1,19,7,3,-1,0,0,1,0,0,0,2,1,-1,6,2,14,3,-1,-1,-1,-1,3,E01010751,0,1
2024010511784,2024,010511784,1,1,9,99,99,9,9,99,99,9,9,99,9,99,9,1,2,2,2,23,5,-1,-1,-1,-1,8,E01004552,0,1
2024440094899,2024,440094899,2,1,0,18,19,4,8,0,0,0,0,0,0,0,4,1,2,2,1,14,3,-1,-1,-1,-1,10,E01023194,0,1
2024522500358,2024,522500358,1,9,0,18,19,3,7,0,0,0,0,4,0,0,1,1,6,6,1,30,6,-1,-1,-1,-1,8,E01014634,0,1
2024101516388,2024,101516388,1,97,0,-1,9,4,2,-1,0,8,5,0,0,0,1,1,-1,6,1,16,4,-1,-1,-1,-1,-1,-1,0,-1
2024010530159,2024,010530159,2,9,9,99,99,9,9,99,99,9,9,99,9,99,9,1,6,6,3,-1,-1,-1,-1,-1,-1,-1,-1,0,-1
2024010547175,2024,010547175,1,9,0,99,99,9,9,99,99,9,9,99,9,99,2,9,6,6,1,58,9,-1,-1,-1,-1,8,E01001918,0,1
2024131460137,2024,131460137,1,9,0,-1,19,1,7,-1,0,0,1,0,0,0,1,1,-1,9,1,36,7,-1,-1,-1,-1,1,E01011378,0,3
2024340WN9092,2024,340WN9092,2,9,0,-1,19,7,3,-1,0,2,0,0,0,0,1,1,-1,9,2,34,6,-1,-1,-1,-1,7,E01027282,0,1
2024221508176,2024,221508176,2,9,4,-1,2,0,0,-1,0,0,0,0,0,0,2,1,-1,6,-1,45,7,-1,-1,-1,-1,-1,-1,0,-1
2024141506381,2024,141506381,2,98,0,-1,19,3,7,-1,0,0,0,0,0,0,1,2,-1,6,1,64,9,-1,-1,-1,-1,-1,-1,0,-1
2024371409562,2024,371409562,2,1,0,-1,9,1,7,-1,0,8,5,0,0,0,2,1,-1,6,1,18,4,-1,-1,-1,-1,2,E01030024,0,1
2024041532176,2024,041532176,1,9,0,-1,4,3,7,-1,0,1,0,0,0,0,1,1,-1,6,2,29,6,-1,-1,-1,-1,10,E01025278,0,2
2024461498961,2024,461498961,1,1,0,-1,3,-1,-1,-1,9,0,0,0,0,0,1,1,-1,6,1,-1,-1,-1,-1,-1,-1,2,E01035297,0,1
2024520401091,2024,520401091,1,9,0,18,19,4,1,0,0,0,0,7,0,0,3,1,6,6,1,92,11,-1,-1,-1,-1,10,E01020062,0,3
2024361418583,2024,361418583,2,1,0,-1,19,3,7,-1,0,0,0,0,0,0,1,1,-1,1,1,32,6,-1,-1,-1,-1,2,E01026844,0,1
2024131531147,2024,131531147,1,9,0,-1,1,3,5,-1,0,8,0,0,0,0,-1,1,-1,6,3,-1,-1,-1,-1,-1,-1,-1,-1,0,-1
2024430453354,2024,430453354,2,1,0,18,19,6,2,0,0,0,0,0,0,0,2,1,6,6,1,14,3,-1,-1,-1,-1,-1,-1,0,-1
2024430073552,2024,430073552,2,9,0,18,19,5,1,0,0,8,0,0,0,0,3,1,6,6,1,51,8,-1,-1,-1,-1,10,E01017865,0,2
2024141432178,2024,141432178,1,9,0,-1,4,8,4,-1,0,1,0,0,0,0,1,1,-1,1,1,34,6,-1,-1,-1,-1,3,E01007761,0,2
2024010533269,2024,010533269,1,1,9,99,99,9,9,99,99,9,9,99,9,99,9,1,6,6,2,31,6,-1,-1,-1,-1,4,E01003277,0,1
2024361463646,2024,361463646,2,1,0,-1,19,5,1,-1,0,6,0,0,0,0,1,1,-1,9,1,6,2,-1,-1,-1,-1,1,E01026688,0,1
2024332400423,2024,332400423,2,9,0,-1,19,4,8,-1,0,1,0,0,0,0,1,1,-1,6,3,-1,-1,-1,-1,-1,-1,-1,-1,0,-1
2024211494302,2024,211494302,1,9,0,-1,19,1,5,-1,0,0,0,11,2,0,1,2,-1,6,1,20,4,-1,-1,-1,-1,3,E01010085,0,3
2024010504922,2024,010504922,2,1,0,7,7,5,7,0,0,1,1,0,0,0,4,1,6,6,1,20,4,-1,-1,-1,-1,3,E01034608,0,1
2024201494703,2024,201494703,1,9,0,-1,9,3,4,-1,0,5,0,0,0,0,1,9,-1,6,1,-1,-1,-1,-1,-1,-1,-1,-1,0,-1
2024010492683,2024,010492683,2,9,9,99,99,9,9,99,99,9,9,99,9,99,1,9,6,6,3,-1,-1,-1,-1,-1,-1,-1,-1,0,-1
2024101518104,2024,101518104,2,1,-1,-1,19,3,7,-1,4,1,0,0,0,0,3,1,-1,2,1,34,6,-1,-1,-1,-1,4,E01008274,0,2
2024010493239,2024,010493239,2,19,0,2,2,0,0,0,0,1,0,0,0,0,2,1,6,6,3,-1,-1,-1,-1,-1,-1,-1,-1,0,-1
2024302401712,2024,302401712,2,9,0,9,9,3,1,0,0,8,0,0,0,0,1,1,6,6,1,36,7,-1,-1,-1,-1,2,E01013512,0,1
2024131406614,2024,131406614,1,1,0,-1,9,5,2,-1,0,0,0,0,2,10,1,1,-1,9,1,41,7,-1,-1,-1,-1,1,E01011621,0,1
2024231401197,2024,231401197,2,9,0,-1,9,3,8,-1,0,5,0,0,0,0,3,9,-1,6,1,26,6,-1,-1,-1,-1,4,E01031105,0,3
2024010536602,2024,010536602,2,1,9,99,99,9,9,99,99,9,9,99,9,99,1,1,6,6,3,-1,-1,-1,-1,-1,-1,-1,-1,0,-1
2024471504975,2024,471504975,1,9,0,-1,19,5,1,-1,0,0,0,0,0,0,1,2,-1,2,2,22,5,-1,-1,-1,-1,7,E01021170,0,2
2024010522573,2024,010522573,1,1,9,99,99,9,9,99,99,9,9,99,9,99,1,1,6,6,3,-1,-1,-1,-1,-1,-1,-1,-1,0,-1
2024311494960,2024,311494960,2,17,0,-1,9,1,8,-1,0,0,0,0,0,0,1,1,-1,1,1,33,6,-1,-1,-1,-1,-1,-1,0,-1
2024010496395,2024,010496395,1,19,0,18,19,1,5,0,0,1,1,0,0,0,1,1,6,6,1,37,7,-1,-1,-1,-1,3,E01021811,0,3
2024311525435,2024,311525435,2,9,4,-1,7,4,6,-1,0,3,0,0,0,0,1,1,-1,1,1,40,7,-1,-1,-1,-1,6,E01026284,0,4
2024302401567,2024,302401567,1,9,0,18,19,8,4,0,0,0,0,0,0,0,3,1,6,6,3,-1,-1,-1,-1,-1,-1,5,E01019456,0,4
2024010518695,2024,010518695,1,1,9,99,99,9,9,99,99,9,9,99,9,99,1,1,6,6,3,-1,-1,-1,-1,-1,-1,-1,-1,0,-1
2024010493736,2024,010493736,1,9,0,99,99,9,9,99,99,9,9,99,9,99,9,9,6,6,2,40,7,-1,-1,-1,-1,1,E01033456,0,1
2024010533938,2024,010533938,1,1,0,18,19,3,7,0,0,1,0,0,0,0,0,1,6,6,2,31,6,-1,-1,-1,-1,4,E01004303,0,1
2024451398222,2024,451398222,1,9,0,-1,4,1,3,-1,0,4,0,0,0,0,3,9,-1,2,2,30,6,-1,-1,-1,-1,3,E01030914,0,2
2024201513642,2024,201513642,1,-1,0,-1,9,1,7,-1,0,5,0,0,0,0,1,9,-1,6,2,33,6,-1,-1,-1,-1,1,E01034929,1,1
2024371545169,2024,371545169,1,99,0,-1,19,-1,-1,-1,0,0,0,0,0,0,-1,9,-1,6,3,-1,-1,-1,-1,-1,-1,-1,-1,0,-1
2024361559331,2024,361559331,1,9,-1,-1,-1,-1,-1,-1,-1,0,-1,-1,-1,0,-1,9,-1,6,3,-1,-1,-1,-1,-1,-1,-1,-1,0,-1
2024340NN0152,2024,340NN0152,1,9,0,-1,13,2,6,-1,0,1,0,0,0,0,4,1,-1,2,2,51,8,-1,-1,-1,-1,9,E01027074,0,3
2024451483741,2024,451483741,2,9,0,-1,19,5,1,-1,0,0,0,0,0,0,1,1,-1,6,3,30,6,-1,-1,-1,-1,-1,-1,0,-1
2024201482804,2024,201482804,2,9,0,-1,3,6,2,-1,0,1,0,0,0,0,3,9,-1,6,1,30,6,-1,-1,-1,-1,1,E01009965,0,1
2024010511723,2024,010511723,2,-1,0,18,19,1,5,0,0,8,0,10,0,0,4,2,6,6,1,43,7,-1,-1,-1,-1,-1,-1,1,-1
2024991444531,2024,991444531,2,9,0,-1,15,2,6,-1,0,0,0,0,0,0,4,1,-1,9,1,57,9,-1,-1,-1,-1,7,-1,0,3
2024010544700,2024,010544700,2,1,9,99,99,9,9,99,99,9,9,99,9,99,9,1,6,6,1,62,9,-1,-1,-1,-1,5,E01000996,0,1
2024010488382,2024,010488382,1,1,9,99,99,9,9,99,99,9,9,99,9,99,1,1,2,2,2,27,6,-1,-1,-1,-1,6,E01033098,0,1
2024531491491,2024,531491491,2,1,0,-1,4,2,6,-1,0,8,2,0,0,0,1,1,-1,7,2,11,3,-1,-1,-1,-1,5,E01022428,0,1
202417L200724,2024,17L200724,1,9,0,9,9,8,6,0,0,1,0,0,0,0,1,1,6,6,1,56,9,-1,-1,-1,-1,2,E01012275,0,3
2024010551035,2024,010551035,2,1,0,18,19,5,1,4,4,2,0,8,0,0,4,1,6,6,1,23,5,-1,-1,-1,-1,3,E01035499,0,1
2024131520006,2024,131520006,2,9,0,-1,19,7,3,-1,0,0,0,0,0,0,2,1,-1,2,1,30,6,-1,-1,-1,-1,4,E01012333,0,4
2024131408301,2024,131408301,2,9,0,-1,2,6,2,-1,0,0,0,0,0,0,3,1,-1,6,-1,-1,-1,-1,-1,-1,-1,-1,-1,0,-1
2024061470350,2024,061470350,2,1,-1,-1,19,7,3,-1,0,0,0,0,0,0,0,1,-1,6,1,63,9,-1,-1,-1,-1,2,E01005250,0,1
2024201458469,2024,201458469,1,9,0,-1,7,6,8,-1,9,6,0,0,0,0,1,1,-1,6,1,-1,-1,-1,-1,-1,-1,-1,-1,0,-1
2024141511644,2024,141511644,1,9,0,-1,19,4,8,-1,0,0,0,0,7,2,1,1,-1,9,1,83,11,-1,-1,-1,-1,3,E01007363,0,1
2024440204545,2024,440204545,1,1,0,18,19,2,6,0,0,1,0,0,0,0,0,1,6,6,1,41,7,-1,-1,-1,-1,10,E01030902,0,4
2024991468923,2024,991468923,1,5,0,-1,13,3,7,-1,0,0,1,0,0,0,1,1,-1,9,1,58,9,-1,-1,-1,-1,-1,-1,0,-1
2024041476585,2024,041476585,1,9,0,-1,19,-1,-1,-1,0,0,0,0,0,0,-1,9,-1,6,3,-1,-1,-1,-1,-1,-1,-1,-1,0,-1
2024440381295,2024,440381295,2,9,0,18,19,7,3,0,0,8,0,0,0,0,1,1,6,6,1,35,6,-1,-1,-1,-1,1,E01017130,0,1
2024141486097,2024,141486097,1,9,0,-1,19,6,2,-1,0,0,1,0,0,0,1,1,-1,1,1,62,9,-1,-1,-1,-1,5,E01008000,0,4
2024340NN1242,2024,340NN1242,2,1,0,-1,19,6,2,-1,0,8,0,0,0,0,3,1,-1,9,1,46,8,-1,-1,-1,-1,-1,-1,0,-1
2024471507704,2024,471507704,2,1,0,-1,19,5,1,-1,4,1,0,0,0,0,1,1,-1,7,1,18,4,-1,-1,-1,-1,6,E01016927,0,1
2024010533250,2024,010533250,1,9,9,18,19,1,5,8,6,3,9,99,1,99,9,9,6,6,3,-1,-1,-1,-1,-1,-1,-1,-1,0,-1
2024052401414,2024,052401414,2,9,0,18,19,2,6,0,0,8,0,0,0,0,2,1,2,2,2,52,8,-1,-1,-1,-1,5,E01032905,0,3
2024010516121,2024,010516121,2,1,0,18,19,5,1,0,0,1,0,0,0,0,1,1,6,6,1,40,7,-1,-1,-1,-1,10,E01000688,0,1
2024481569657,2024,481569657,2,1,0,-1,19,1,5,-1,0,8,0,0,0,0,3,1,-1,1,1,27,6,-1,-1,-1,-1,-1,-1,0,-1
2024231512939,2024,231512939,2,9,0,-1,19,5,1,-1,0,8,0,0,0,0,3,9,-1,6,3,35,6,-1,-1,-1,-1,-1,-1,0,-1
2024010537289,2024,010537289,2,1,0,18,19,5,1,0,0,8,5,0,0,0,1,1,6,6,1,17,4,-1,-1,-1,-1,2,E01003556,0,1
2024061528693,2024,061528693,1,8,0,-1,9,1,7,-1,0,1,0,0,0,0,1,9,-1,6,3,-1,-1,-1,-1,-1,-1,-1,-1,0,-1
2024010487204,2024,010487204,1,9,0,18,19,1,5,0,0,1,0,0,0,0,1,1,2,2,1,52,8,-1,-1,-1,-1,9,E01023352,0,4
2024010501577,2024,010501577,2,9,0,99,99,9,9,99,99,0,9,99,9,99,3,9,6,6,3,-1,-1,-1,-1,-1,-1,-1,-1,0,-1
2024421498290,2024,421498290,2,1,0,-1,19,8,4,-1,0,0,0,0,0,0,1,1,-1,2,1,19,4,-1,-1,-1,-1,6,E01021595,0,1
2024302500096,2024,302500096,2,1,0,-1,19,3,7,-1,0,1,0,0,0,0,3,1,-1,6,1,41,7,-1,-1,-1,-1,2,E01013585,0,1
2024311535959,2024,311535959,1,9,0,-1,1,3,7,-1,0,0,0,0,0,0,2,9,-1,6,2,66,10,-1,-1,-1,-1,6,E01028013,0,1
2024501461447,2024,501461447,2,9,0,-1,19,4,8,-1,0,0,0,0,0,0,1,1,-1,1,1,30,6,-1,-1,-1,-1,2,E01003432,0,5
2024141449895,2024,141449895,1,9,0,-1,19,1,5,-1,0,1,0,0,0,0,1,1,-1,6,1,69,10,-1,-1,-1,-1,6,E01007598,0,1
2024471501042,2024,471501042,2,9,0,-1,2,0,0,-1,0,0,0,0,0,0,3,1,-1,6,-1,-1,-1,-1,-1,-1,-1,-1,-1,0,-1
2024311419151,2024,311419151,1,1,0,-1,19,6,2,-1,9,0,0,0,0,0,3,1,-1,6,1,13,3,-1,-1,-1,-1,6,E01028273,0,1
2024010494629,2024,010494629,2,9,9,99,99,9,9,99,99,9,9,99,9,99,9,9,6,6,3,-1,-1,-1,-1,-1,-1,-1,-1,0,-1
2024161427708,2024,161427708,2,1,0,-1,5,1,5,-1,0,0,0,0,0,0,1,1,-1,9,1,12,3,-1,-1,-1,-1,10,E01012921,0,1
2024010487534,2024,010487534,1,1,9,18,19,9,9,99,99,1,9,99,9,99,9,1,2,2,2,30,6,-1,-1,-1,-1,3,E01004251,0,1
2024430309020,2024,430309020,2,9,0,18,19,7,3,0,0,8,0,0,0,0,3,1,6,6,2,32,6,-1,-1,-1,-1,2,E01028569,0,1
2024010544403,2024,010544403,1,1,9,99,99,9,9,99,99,9,9,99,9,99,9,1,2,2,2,29,6,-1,-1,-1,-1,4,E01001946,0,1
2024520401985,2024,520401985,1,9,0,18,19,2,6,0,0,0,0,0,7,11,1,1,6,6,2,60,9,-1,-1,-1,-1,8,E01035127,0,1
2024010487814,2024,010487814,1,9,0,18,19,3,7,0,0,8,0,0,0,0,1,1,1,1,1,34,6,-1,-1,-1,-1,3,E01003567,0,1
2024471483757,2024,471483757,1,1,0,-1,19,3,7,-1,0,0,0,0,0,0,3,1,-1,9,1,24,5,-1,-1,-1,-1,9,E01031727,0,3
2024421440544,2024,421440544,2,1,0,-1,7,-1,-1,-1,0,1,0,0,0,0,1,1,-1,1,1,28,6,-1,-1,-1,-1,3,E01021851,0,1
2024010493081,2024,010493081,1,9,0,3,3,7,3,0,0,0,0,0,0,0,3,1,2,2,1,46,8,-1,-1,-1,-1,4,E01000722,0,1
2024061450293,2024,061450293,1,9,0,-1,3,1,1,-1,0,1,0,0,0,0,2,1,-1,6,1,77,11,-1,-1,-1,-1,5,E01005922,0,2
2024010497136,2024,010497136,1,9,0,18,19,5,1,0,0,0,0,0,0,0,2,1,6,6,1,25,5,-1,-1,-1,-1,4,E01023883,0,3
2024451495550,2024,451495550,1,98,0,-1,12,3,7,-1,0,0,0,0,0,0,1,2,-1,1,1,47,8,-1,-1,-1,-1,-1,-1,0,-1