collision_index,collision_year,collision_ref_no,vehicle_reference,vehicle_type,towing_and_articulation,vehicle_manoeuvre_historic,vehicle_manoeuvre,vehicle_direction_from,vehicle_direction_to,vehicle_location_restricted_lane_historic,vehicle_location_restricted_lane,junction_location,skidding_and_overturning,hit_object_in_carriageway,vehicle_leaving_carriageway,hit_object_off_carriageway,first_point_of_impact,vehicle_left_hand_drive,journey_purpose_of_driver_historic,journey_purpose_of_driver,sex_of_driver,age_of_driver,age_band_of_driver,engine_capacity_cc,propulsion_code,age_of_vehicle,generic_make_model,driver_imd_decile,lsoa_of_driver,escooter_flag,driver_distance_banding
2024622400857,2024,622400857,1,9,0,18,19,8,4,0,0,1,0,0,0,0,1,1,6,6,3,-1,-1,-1,-1,-1,-1,-1,-1,0,-1
2024430034946,2024,430034946,2,9,0,2,2,0,0,0,0,0,0,0,0,0,3,1,6,6,1,-1,-1,-1,-1,-1,-1,-1,-1,0,-1
2024471418726,2024,471418726,1,9,0,-1,19,4,7,-1,0,0,0,0,0,0,1,9,-1,9,1,43,7,-1,-1,-1,-1,8,E01021115,0,2
2024061520100,2024,061520100,1,1,0,-1,19,-1,-1,-1,0,1,0,0,1,0,3,1,-1,6,1,49,8,-1,-1,-1,-1,3,E01006020,0,1
2024101512965,2024,101512965,2,1,0,-1,19,5,8,-1,0,1,0,0,0,0,2,1,-1,6,1,15,3,-1,-1,-1,-1,7,E01008650,0,1
2024351535073,2024,351535073,2,1,-1,-1,19,7,3,-1,0,8,2,0,0,0,1,1,-1,9,2,22,5,-1,-1,-1,-1,8,E01017992,0,1
2024010490094,2024,010490094,2,9,0,99,99,9,9,99,99,9,9,99,9,99,1,9,6,6,3,-1,-1,-1,-1,-1,-1,4,E01000171,0,2
2024371397876,2024,371397876,1,99,0,-1,-1,-1,-1,-1,-1,0,-1,-1,-1,0,-1,9,-1,6,2,35,6,-1,-1,-1,-1,2,E01029988,0,1
2024052400366,2024,052400366,1,1,0,18,19,3,7,0,0,0,0,0,0,0,1,1,4,7,1,12,3,-1,-1,-1,-1,8,E01007107,0,1
2024340NN2572,2024,340NN2572,1,3,0,-1,7,5,7,-1,0,8,1,0,0,0,1,1,-1,9,1,17,4,-1,-1,-1,-1,8,E01035397,0,3
2024522402771,2024,522402771,2,9,0,18,19,5,1,0,0,2,0,0,0,0,1,1,6,6,3,-1,-1,-1,-1,-1,-1,-1,-1,0,-1
2024471441005,2024,471441005,2,1,0,-1,19,8,4,-1,0,0,0,0,0,0,3,1,-1,6,2,53,8,-1,-1,-1,-1,3,E01031372,0,1
202417H106724,2024,17H106724,2,9,0,-1,19,1,5,-1,0,1,0,0,0,0,1,1,-1,9,1,25,5,-1,-1,-1,-1,2,E01011964,0,1
2024161527188,2024,161527188,1,9,0,-1,12,7,3,-1,0,0,0,0,0,0,0,1,-1,6,3,-1,-1,-1,-1,-1,-1,-1,-1,0,-1
2024411427777,2024,411427777,2,9,0,-1,-1,-1,-1,-1,-1,0,-1,-1,-1,0,-1,9,-1,6,3,-1,-1,-1,-1,-1,-1,-1,-1,0,-1
2024351415294,2024,351415294,2,1,0,-1,19,5,1,-1,5,0,0,0,0,0,1,1,-1,9,1,54,8,-1,-1,-1,-1,8,E01018236,0,1
2024161497827,2024,161497827,1,1,0,-1,19,7,3,-1,0,0,0,99,0,0,3,1,-1,2,1,36,7,-1,-1,-1,-1,3,E01013184,0,2
2024544254324,2024,544254324,2,1,0,18,19,3,7,0,0,1,0,0,0,0,2,1,2,2,1,22,5,-1,-1,-1,-1,5,E01015529,0,1
2024070371488,2024,070371488,5,9,0,2,2,0,0,0,0,0,0,0,0,0,0,1,6,6,2,-1,-1,-1,-1,-1,-1,-1,-1,0,-1
2024010492180,2024,010492180,2,9,0,99,99,9,9,99,99,9,9,99,9,99,9,9,6,6,3,-1,-1,-1,-1,-1,-1,-1,-1,0,-1
2024552400365,2024,552400365,1,9,0,1,1,2,7,9,9,5,0,0,0,0,2,1,6,6,1,77,11,-1,-1,-1,-1,10,E01020559,0,1
2024302401175,2024,302401175,2,1,0,18,19,8,4,0,0,8,0,0,0,0,3,1,6,6,1,36,7,-1,-1,-1,-1,6,E01028236,0,3
2024061408966,2024,061408966,1,9,0,-1,9,2,8,-1,0,1,0,0,0,0,1,9,-1,6,1,-1,-1,-1,-1,-1,-1,-1,-1,0,-1
2024141470791,2024,141470791,1,1,0,-1,5,7,3,-1,0,1,0,0,0,0,1,1,-1,6,1,12,3,-1,-1,-1,-1,6,E01008087,0,1
2024340NN1932,2024,340NN1932,2,1,0,-1,19,1,5,-1,0,8,0,0,0,0,3,1,-1,2,2,47,8,-1,-1,-1,-1,4,E01035429,0,1
2024311414491,2024,311414491,2,1,0,-1,19,4,8,-1,0,2,0,0,0,0,1,1,-1,9,1,21,5,-1,-1,-1,-1,1,E01027956,0,1
2024010518747,2024,010518747,1,1,0,16,19,5,8,0,0,1,0,0,0,0,2,1,6,6,1,23,5,-1,-1,-1,-1,-1,-1,0,-1
2024201504754,2024,201504754,2,9,0,-1,5,3,7,-1,0,0,0,0,0,0,2,1,-1,2,2,51,8,-1,-1,-1,-1,6,E01029645,0,2
2024010506126,2024,010506126,2,1,0,18,19,5,1,0,0,8,0,0,0,0,3,1,6,6,1,36,7,-1,-1,-1,-1,6,E01003223,0,1
2024201447549,2024,201447549,1,99,0,-1,1,5,1,-1,0,1,0,0,0,0,2,1,-1,6,1,40,7,-1,-1,-1,-1,-1,-1,0,-1
2024332400912,2024,332400912,2,1,0,-1,19,2,6,-1,0,0,0,0,0,0,3,1,-1,6,1,38,7,-1,-1,-1,-1,4,E01013717,0,1
2024361508334,2024,361508334,1,98,0,-1,19,8,3,-1,0,1,0,0,0,0,1,1,-1,9,2,52,8,-1,-1,-1,-1,6,E01026773,0,1
2024451420353,2024,451420353,1,1,0,-1,19,7,3,-1,0,8,0,0,0,0,3,1,-1,6,1,31,6,-1,-1,-1,-1,4,E01004006,0,4
2024440233398,2024,440233398,2,9,0,18,19,5,1,0,0,0,0,0,0,0,1,1,6,6,1,55,8,-1,-1,-1,-1,4,E01022988,0,2
2024411532905,2024,411532905,2,1,0,-1,19,4,8,-1,9,1,0,0,0,0,3,1,-1,6,1,37,7,-1,-1,-1,-1,4,E01023303,0,1
2024421414397,2024,421414397,1,-1,0,-1,19,5,1,-1,9,0,0,0,0,0,1,9,-1,6,3,-1,-1,-1,-1,-1,-1,-1,-1,1,-1
2024361493604,2024,361493604,1,9,0,-1,19,7,3,-1,0,0,1,0,1,4,1,1,-1,9,2,69,10,-1,-1,-1,-1,5,E01018062,0,4
2024520403066,2024,520403066,2,9,0,18,19,7,3,0,0,8,0,0,0,0,1,1,6,6,1,57,9,-1,-1,-1,-1,10,E01032700,0,5
2024440445250,2024,440445250,1,1,0,18,19,5,1,0,0,0,-1,0,0,0,1,1,6,6,1,68,10,-1,-1,-1,-1,-1,-1,0,-1
2024070919267,2024,070919267,2,1,0,-1,19,5,1,-1,0,0,0,0,0,0,1,1,-1,6,1,25,5,-1,-1,-1,-1,1,E01012424,0,1
2024501491303,2024,501491303,2,9,0,-1,19,1,5,-1,99,0,9,99,7,99,9,1,-1,6,3,-1,-1,-1,-1,-1,-1,-1,-1,0,-1
2024010550204,2024,010550204,1,9,0,18,19,1,5,0,0,0,0,0,0,0,1,1,6,6,3,-1,-1,-1,-1,-1,-1,-1,-1,0,-1
2024440496095,2024,440496095,2,9,0,18,19,5,1,0,0,0,0,0,0,0,3,1,6,6,3,-1,-1,-1,-1,-1,-1,-1,-1,0,-1
2024031492505,2024,031492505,2,9,0,-1,3,7,3,-1,0,0,0,0,7,0,2,1,-1,6,2,69,10,-1,-1,-1,-1,-1,-1,0,-1
2024061486928,2024,061486928,2,9,-1,-1,19,1,5,-1,0,8,-1,-1,-1,0,1,9,-1,6,2,-1,-1,-1,-1,-1,-1,-1,-1,0,-1
2024010492189,2024,010492189,1,3,0,99,99,9,9,99,99,9,9,99,9,99,1,1,6,6,1,22,5,-1,-1,-1,-1,8,E01030845,0,3
2024501470528,2024,501470528,1,9,0,-1,19,3,7,-1,0,0,0,0,1,11,1,1,-1,6,1,83,11,-1,-1,-1,-1,4,E01020138,0,2
2024041512693,2024,041512693,2,9,0,-1,19,5,1,-1,0,8,0,0,0,0,1,1,-1,9,2,36,7,-1,-1,-1,-1,3,E01025460,0,1
2024302401382,2024,302401382,1,5,0,18,19,4,8,0,0,0,0,0,0,0,4,1,6,6,1,39,7,-1,-1,-1,-1,6,E01013506,0,1
2024440481928,2024,440481928,1,19,0,17,19,4,1,0,0,0,0,0,2,4,1,1,1,1,1,58,9,-1,-1,-1,-1,8,E01023174,0,4
2024421528543,2024,421528543,1,9,0,-1,99,1,4,-1,99,0,0,0,3,0,1,1,-1,6,3,-1,-1,-1,-1,-1,-1,-1,-1,0,-1
2024471471682,2024,471471682,2,1,0,-1,19,8,4,-1,9,0,0,0,0,0,1,1,-1,6,1,10,2,-1,-1,-1,-1,-1,-1,0,-1
2024010515631,2024,010515631,1,9,0,9,9,7,5,0,0,5,0,0,0,0,1,1,6,6,3,-1,-1,-1,-1,-1,-1,-1,-1,0,-1
2024451443437,2024,451443437,2,1,0,-1,19,1,5,-1,9,1,0,0,0,0,1,1,-1,9,2,13,3,-1,-1,-1,-1,9,E01030772,0,1
2024320572641,2024,320572641,1,19,0,-1,-1,2,6,0,0,1,0,0,0,0,4,1,6,6,3,-1,-1,-1,-1,-1,-1,-1,-1,0,-1
2024552401001,2024,552401001,2,9,0,18,19,8,4,0,0,8,0,0,0,0,1,1,6,6,1,18,4,-1,-1,-1,-1,7,E01015428,0,2
2024440343427,2024,440343427,2,9,0,18,19,4,8,0,0,0,0,0,0,0,0,1,6,6,1,-1,-1,-1,-1,-1,-1,-1,-1,0,-1
2024311526484,2024,311526484,1,9,-1,-1,19,7,3,-1,0,1,0,0,0,0,4,9,-1,6,3,-1,-1,-1,-1,-1,-1,-1,-1,0,-1
2024546647824,2024,546647824,1,9,0,9,9,5,3,0,0,6,0,0,0,0,1,1,6,6,3,-1,-1,-1,-1,-1,-1,-1,-1,0,-1
2024010531098,2024,010531098,2,9,0,18,19,1,5,0,0,0,0,0,0,0,1,1,1,1,1,25,5,-1,-1,-1,-1,2,E01004035,0,1
2024041474433,2024,041474433,2,1,0,-1,5,7,3,-1,0,4,0,0,0,0,1,1,-1,6,1,63,9,-1,-1,-1,-1,5,E01012667,0,1
2024430077152,2024,430077152,1,9,0,7,7,4,8,0,0,8,0,0,0,0,1,1,6,6,3,-1,-1,-1,-1,-1,-1,-1,-1,0,-1
2024010511609,2024,010511609,2,9,0,99,99,9,9,99,99,9,9,99,9,99,2,9,6,6,3,-1,-1,-1,-1,-1,-1,-1,-1,0,-1
2024211461788,2024,211461788,1,9,0,-1,2,0,0,-1,0,0,0,0,0,0,1,1,-1,2,1,18,4,-1,-1,-1,-1,7,E01032136,0,3
2024101476589,2024,101476589,2,9,0,-1,5,4,8,-1,0,8,0,0,0,0,4,1,-1,6,2,37,7,-1,-1,-1,-1,9,E01008775,0,3
2024010526418,2024,010526418,2,1,0,5,5,7,3,0,0,0,0,0,0,0,2,1,6,6,2,23,5,-1,-1,-1,-1,4,E01004592,0,2
2024610002724,2024,610002724,2,22,0,18,19,6,2,0,0,0,0,0,0,0,4,1,6,6,2,36,7,-1,-1,-1,-1,8,W01001535,0,1
2024010545531,2024,010545531,1,11,9,12,12,9,9,99,99,0,9,99,9,99,9,1,6,6,1,53,8,-1,-1,-1,-1,2,E01001745,0,3
2024522403101,2024,522403101,3,21,1,12,12,7,3,0,0,0,0,0,0,0,0,1,6,6,3,-1,-1,-1,-1,-1,-1,-1,-1,0,-1
2024421488418,2024,421488418,1,99,0,-1,19,7,3,-1,0,0,0,0,0,0,1,9,-1,6,3,-1,-1,-1,-1,-1,-1,-1,-1,0,-1
2024010489715,2024,010489715,2,9,0,14,14,7,3,0,0,6,0,4,0,0,1,1,6,6,1,34,6,-1,-1,-1,-1,-1,-1,0,-1
2024231496700,2024,231496700,1,9,0,-1,19,4,8,-1,0,8,0,0,0,0,4,9,-1,6,3,38,7,-1,-1,-1,-1,-1,-1,0,-1
2024131486876,2024,131486876,2,1,0,-1,19,4,8,-1,0,1,0,0,0,0,1,1,-1,9,1,42,7,-1,-1,-1,-1,7,E01011645,0,1
2024531475434,2024,531475434,2,1,0,-1,19,5,1,-1,0,0,0,0,0,0,2,1,-1,6,2,17,4,-1,-1,-1,-1,5,E01022312,0,1
2024010542035,2024,010542035,2,9,0,18,19,3,7,0,0,1,0,0,0,0,4,1,6,6,1,68,10,-1,-1,-1,-1,3,E01001008,0,1
2024320080728,2024,320080728,1,9,0,-1,-1,4,8,0,0,0,0,0,0,0,1,1,6,6,3,-1,-1,-1,-1,-1,-1,-1,-1,0,-1
2024351427985,2024,351427985,2,1,-1,-1,-1,-1,-1,-1,-1,-1,-1,-1,-1,0,-1,1,-1,2,1,57,9,-1,-1,-1,-1,10,E01018232,0,1
2024010490806,2024,010490806,1,9,0,7,7,7,1,0,0,5,0,0,0,0,1,1,1,1,1,47,8,-1,-1,-1,-1,4,E01002267,0,3
2024010494055,2024,010494055,1,9,0,18,19,6,2,0,0,0,5,4,0,0,1,1,6,6,1,40,7,-1,-1,-1,-1,1,E01033598,0,1
2024052400448,2024,052400448,1,9,0,5,5,1,5,0,0,4,0,0,0,0,1,1,6,6,3,-1,-1,-1,-1,-1,-1,-1,-1,0,-1
2024061448493,2024,061448493,2,9,0,-1,9,-1,-1,-1,0,6,0,1,0,0,1,1,-1,6,3,-1,-1,-1,-1,-1,-1,-1,-1,0,-1
2024010535855,2024,010535855,1,1,0,18,19,1,5,0,0,8,0,0,0,0,1,1,2,2,1,19,4,-1,-1,-1,-1,3,E01000556,0,1
2024522401662,2024,522401662,2,9,0,18,19,8,4,0,0,1,0,0,0,0,1,1,6,6,3,-1,-1,-1,-1,-1,-1,-1,-1,0,-1
2024010543623,2024,010543623,1,23,0,5,5,5,1,0,0,2,0,0,0,0,2,1,6,6,1,23,5,-1,-1,-1,-1,-1,-1,0,-1
2024052400930,2024,052400930,1,9,0,5,5,3,7,0,0,0,0,0,0,0,1,1,6,6,3,-1,-1,-1,-1,-1,-1,-1,-1,0,-1
2024411513318,2024,411513318,2,9,-1,-1,-1,-1,-1,-1,-1,-1,-1,-1,-1,0,-1,9,-1,1,1,30,6,-1,-1,-1,-1,2,E01001461,0,2
2024201441871,2024,201441871,1,-1,0,-1,19,2,6,-1,9,0,0,0,0,0,1,9,-1,6,1,-1,-1,-1,-1,-1,-1,-1,-1,1,-1
2024501482277,2024,501482277,2,1,0,-1,19,8,4,-1,0,8,5,0,0,0,1,1,-1,6,1,28,6,-1,-1,-1,-1,8,E01018859,0,1
2024351540776,2024,351540776,1,9,0,-1,19,-1,-1,-1,0,1,0,0,0,0,9,9,-1,6,3,-1,-1,-1,-1,-1,-1,-1,-1,0,-1
2024010540245,2024,010540245,1,9,0,9,9,5,2,0,0,8,0,0,0,0,1,1,6,6,1,66,10,-1,-1,-1,-1,7,E01004081,0,1
2024101508435,2024,101508435,2,1,-1,-1,19,1,4,-1,4,8,0,0,0,0,4,1,-1,2,2,28,6,-1,-1,-1,-1,5,E01008535,0,1
2024201461388,2024,201461388,2,9,0,-1,19,3,7,-1,0,0,0,0,0,0,1,1,-1,6,3,-1,-1,-1,-1,-1,-1,-1,-1,0,-1
2024010496175,2024,010496175,1,9,0,5,5,1,5,0,0,8,0,0,0,0,3,1,6,6,1,31,6,-1,-1,-1,-1,7,E01000480,0,1
2024340NN2332,2024,340NN2332,1,5,0,-1,19,6,1,-1,0,4,0,0,0,0,1,1,-1,6,1,37,7,-1,-1,-1,-1,-1,-1,0,-1
2024311481674,2024,311481674,2,1,0,-1,19,5,1,-1,0,1,0,0,0,0,3,1,-1,6,1,10,2,-1,-1,-1,-1,2,E01013916,0,1
2024332401210,2024,332401210,1,1,0,-1,19,7,3,-1,0,1,0,0,0,0,2,1,-1,9,1,26,6,-1,-1,-1,-1,1,E01013661,0,1
2024041506026,2024,041506026,1,9,0,-1,19,7,3,-1,0,0,0,0,0,0,1,1,-1,6,1,53,8,-1,-1,-1,-1,7,E01025130,0,1
2024010513369,2024,010513369,1,1,9,99,99,9,9,99,99,9,9,99,9,99,1,1,2,2,1,41,7,-1,-1,-1,-1,2,E01001357,0,2
2024010541426,2024,010541426,1,9,0,9,9,1,7,0,0,8,0,0,0,0,3,2,6,6,1,24,5,-1,-1,-1,-1,-1,-1,0,-1
202460Q022590,2024,60Q022590,2,9,0,18,19,8,4,0,0,0,0,0,0,0,1,1,6,6,3,-1,-1,-1,-1,-1,-1,-1,-1,0,-1
2024631444488,2024,631444488,2,1,0,-1,19,8,4,-1,0,0,0,0,0,0,3,1,-1,9,1,55,8,-1,-1,-1,-1,8,W01001905,0,1
2024430455966,2024,430455966,1,8,0,13,13,1,5,0,0,1,0,0,0,0,4,1,1,1,1,49,8,-1,-1,-1,-1,2,E01016438,0,1
2024522401402,2024,522401402,2,1,0,18,19,3,7,0,0,0,0,0,0,0,1,1,6,6,1,25,5,-1,-1,-1,-1,9,E01014851,0,1
2024501412690,2024,501412690,2,1,0,-1,4,3,7,-1,0,8,1,0,0,0,1,1,-1,2,1,32,6,-1,-1,-1,-1,2,E01018860,0,1
2024010489299,2024,010489299,1,1,9,99,99,9,9,99,99,9,9,99,9,99,9,1,2,2,1,26,6,-1,-1,-1,-1,6,E01031853,0,5
2024010488933,2024,010488933,2,9,0,99,99,9,9,99,99,0,9,99,9,99,9,9,6,6,3,-1,-1,-1,-1,-1,-1,-1,-1,0,-1
2024351423134,2024,351423134,1,9,0,-1,15,6,2,-1,0,0,0,0,0,0,1,9,-1,6,1,35,6,-1,-1,-1,-1,-1,-1,0,-1
2024430467209,2024,430467209,1,-1,0,18,19,5,1,0,0,1,0,0,0,0,1,1,6,6,1,14,3,-1,-1,-1,-1,10,E01016316,1,1
2024461479406,2024,461479406,1,9,0,-1,19,5,1,-1,0,1,0,0,0,0,1,1,-1,6,1,-1,-1,-1,-1,-1,-1,1,E01024658,0,2
2024430038669,2024,430038669,1,9,0,18,19,3,7,0,0,8,0,0,0,0,1,1,1,1,3,35,6,-1,-1,-1,-1,9,E01017833,0,2
2024010549919,2024,010549919,1,1,9,99,99,9,9,99,99,9,9,99,9,99,1,1,6,6,1,37,7,-1,-1,-1,-1,1,E01002713,0,1
2024991555239,2024,991555239,1,9,0,-1,2,8,1,-1,0,0,0,0,0,0,3,1,-1,6,1,46,8,-1,-1,-1,-1,-1,-1,0,-1
2024161513049,2024,161513049,1,9,0,-1,19,7,3,-1,0,0,5,4,7,0,4,1,-1,2,1,64,9,-1,-1,-1,-1,8,E01012989,0,1
2024311469471,2024,311469471,1,-1,0,-1,5,1,1,-1,0,3,0,0,1,0,1,1,-1,1,1,32,6,-1,-1,-1,-1,-1,-1,1,-1
2024101539702,2024,101539702,2,8,0,-1,19,1,5,-1,0,2,0,0,0,0,1,1,-1,1,1,49,8,-1,-1,-1,-1,4,E01008255,0,2
2024201437887,2024,201437887,2,1,0,-1,19,2,6,-1,0,3,0,0,0,0,1,1,-1,6,2,48,8,-1,-1,-1,-1,5,E01008965,0,1
2024461438530,2024,461438530,1,9,0,-1,9,6,2,-1,0,0,0,0,0,0,1,9,-1,9,2,26,6,-1,-1,-1,-1,-1,-1,0,-1
2024520500177,2024,520500177,2,1,0,18,19,1,5,0,0,1,0,0,0,0,4,1,6,6,1,29,6,-1,-1,-1,-1,5,E01029283,0,3
2024361485420,2024,361485420,1,9,0,-1,9,1,3,-1,0,6,0,0,0,0,1,1,-1,6,1,82,11,-1,-1,-1,-1,7,E01026897,0,1
2024471433443,2024,471433443,2,9,0,-1,19,3,7,-1,0,1,0,0,0,0,1,1,-1,9,2,28,6,-1,-1,-1,-1,6,E01031817,0,1
2024131480544,2024,131480544,2,1,0,-1,19,8,4,-1,0,1,0,0,0,0,3,1,-1,6,1,52,8,-1,-1,-1,-1,2,E01010673,0,1
2024201516652,2024,201516652,1,99,0,-1,13,3,7,-1,0,0,0,0,0,0,4,9,-1,9,3,-1,-1,-1,-1,-1,-1,-1,-1,0,-1
2024070620284,2024,070620284,2,1,0,18,19,1,7,0,0,8,0,0,0,0,0,1,6,6,1,72,10,-1,-1,-1,-1,5,E01018479,0,1
2024440247766,2024,440247766,1,1,0,18,19,3,7,0,0,1,0,0,0,0,1,1,6,6,1,50,8,-1,-1,-1,-1,1,E01030250,0,5
2024101483865,2024,101483865,2,9,0,-1,19,8,4,-1,0,8,0,0,0,0,4,1,-1,6,2,24,5,-1,-1,-1,-1,5,E01008766,0,2
2024221459367,2024,221459367,3,21,1,-1,19,4,8,-1,0,0,0,0,0,0,1,1,-1,1,1,57,9,-1,-1,-1,-1,-1,-1,0,-1
2024010535873,2024,010535873,2,8,0,99,99,9,9,99,99,9,9,99,9,99,9,9,6,6,3,-1,-1,-1,-1,-1,-1,-1,-1,0,-1
2024201457739,2024,201457739,2,9,0,-1,19,4,8,-1,0,1,0,0,0,0,2,1,-1,6,-1,-1,-1,-1,-1,-1,-1,-1,-1,0,-1
2024031493561,2024,031493561,2,1,0,-1,4,3,7,-1,0,1,0,0,0,0,1,1,-1,6,2,40,7,-1,-1,-1,-1,-1,-1,0,-1
2024320303447,2024,320303447,2,1,0,-1,-1,8,4,0,0,0,5,0,0,0,2,1,6,6,1,71,10,-1,-1,-1,-1,-1,-1,0,-1
2024070745175,2024,070745175,1,9,9,-1,13,7,3,-1,0,0,0,0,0,0,4,9,-1,6,3,-1,-1,-1,-1,-1,-1,-1,-1,0,-1
2024010541638,2024,010541638,1,9,0,16,19,3,5,0,0,7,0,0,0,0,4,1,2,2,1,61,9,-1,-1,-1,-1,3,E01001166,0,1
2024010492496,2024,010492496,2,2,0,18,19,5,1,0,0,8,5,0,0,0,1,1,6,6,1,30,6,-1,-1,-1,-1,5,E01003228,0,1
2024010488741,2024,010488741,2,9,0,99,99,9,9,99,99,9,9,99,9,99,1,9,6,6,3,-1,-1,-1,-1,-1,-1,-1,-1,0,-1
2024471439461,2024,471439461,3,9,0,-1,4,2,6,-1,0,0,0,0,0,0,0,9,-1,6,3,-1,-1,-1,-1,-1,-1,-1,-1,0,-1
2024522500140,2024,522500140,2,9,0,13,13,4,8,0,0,0,0,0,0,0,4,1,6,6,3,-1,-1,-1,-1,-1,-1,-1,-1,0,-1
2024010522477,2024,010522477,2,1,0,18,19,1,5,0,0,0,0,0,0,0,4,1,6,6,1,17,4,-1,-1,-1,-1,4,E01000719,0,3
2024401469233,2024,401469233,1,5,0,-1,4,5,1,-1,0,0,1,0,0,0,1,1,-1,9,1,61,9,-1,-1,-1,-1,3,E01023637,0,3
2024070847449,2024,070847449,1,9,0,-1,12,5,5,-1,0,1,0,0,0,0,3,1,-1,9,2,58,9,-1,-1,-1,-1,7,E01010163,0,4
2024471403990,2024,471403990,1,9,0,-1,14,1,5,-1,0,1,0,0,0,0,1,1,-1,1,2,46,8,-1,-1,-1,-1,10,E01031763,0,1
2024332400131,2024,332400131,1,1,0,-1,19,1,5,-1,0,8,0,0,0,0,4,1,-1,2,1,53,8,-1,-1,-1,-1,4,E01025988,0,1
2024461495750,2024,461495750,2,1,0,-1,19,2,6,-1,0,1,0,0,0,0,1,1,-1,9,2,64,9,-1,-1,-1,-1,5,E01024201,0,1
2024161467698,2024,161467698,2,9,0,-1,1,4,8,-1,0,0,0,0,0,0,1,1,-1,6,1,40,7,-1,-1,-1,-1,4,E01027529,0,5
2024302400206,2024,302400206,1,9,0,18,19,8,4,0,0,1,0,0,0,0,1,1,6,6,1,41,7,-1,-1,-1,-1,3,E01013502,0,1
2024010494353,2024,010494353,2,9,0,3,3,5,1,0,0,8,0,0,0,0,1,1,2,2,1,50,8,-1,-1,-1,-1,3,E01030115,0,4
2024231509840,2024,231509840,1,9,0,-1,12,4,1,-1,0,8,0,0,0,0,3,9,-1,6,1,50,8,-1,-1,-1,-1,10,E01031232,0,1
2024430315510,2024,430315510,1,1,0,18,19,8,4,0,0,7,0,0,0,0,4,1,4,7,1,12,3,-1,-1,-1,-1,9,E01016308,0,3
2024430591765,2024,430591765,1,9,0,3,3,7,3,0,0,2,0,0,0,0,1,1,6,6,2,32,6,-1,-1,-1,-1,-1,-1,0,-1
2024010514876,2024,010514876,1,1,0,7,7,1,3,0,0,5,0,0,0,0,2,1,2,2,1,22,5,-1,-1,-1,-1,7,E01002982,0,1
2024061440958,2024,061440958,1,5,0,-1,13,3,7,-1,0,0,0,0,0,0,1,1,-1,9,1,26,6,-1,-1,-1,-1,3,E01006106,0,3
2024010546329,2024,010546329,2,9,9,99,99,9,9,99,99,0,9,99,9,99,9,1,6,6,3,-1,-1,-1,-1,-1,-1,3,E01004573,0,3
2024351451542,2024,351451542,2,1,0,-1,19,1,4,-1,4,8,5,0,0,0,1,1,-1,9,1,35,6,-1,-1,-1,-1,4,E01017945,0,1
2024302400398,2024,302400398,1,9,0,18,19,5,1,0,0,8,0,0,0,0,1,1,6,6,2,63,9,-1,-1,-1,-1,8,E01019490,0,1
2024371556640,2024,371556640,1,9,0,-1,19,5,7,-1,0,8,0,0,0,0,1,1,-1,6,2,20,4,-1,-1,-1,-1,6,E01029880,0,2
2024201488501,2024,201488501,1,11,0,-1,5,5,1,-1,0,6,0,0,0,0,1,1,-1,6,1,43,7,-1,-1,-1,-1,2,E01010038,0,2
2024010516354,2024,010516354,1,9,0,9,9,5,4,0,0,6,0,0,0,0,2,1,6,6,1,56,9,-1,-1,-1,-1,-1,-1,0,-1
2024440333916,2024,440333916,2,9,0,18,19,8,4,0,0,0,0,0,0,0,1,1,6,6,2,70,10,-1,-1,-1,-1,8,E01022615,0,1
2024522500272,2024,522500272,1,1,0,18,19,5,1,0,0,8,0,0,0,0,4,1,6,6,1,28,6,-1,-1,-1,-1,1,E01014653,0,1
2024411429944,2024,411429944,2,1,-1,-1,-1,-1,-1,-1,-1,-1,-1,-1,-1,0,-1,1,-1,9,1,50,8,-1,-1,-1,-1,9,E01023725,0,1
2024010541746,2024,010541746,1,19,0,18,19,5,1,0,0,1,0,0,0,0,1,1,6,6,3,-1,-1,-1,-1,-1,-1,-1,-1,0,-1
2024010514310,2024,010514310,2,23,9,99,99,9,9,99,99,0,9,99,9,99,9,9,6,6,3,-1,-1,-1,-1,-1,-1,-1,-1,0,-1
2024010540540,2024,010540540,1,9,0,99,99,9,9,99,99,9,9,99,9,99,1,9,6,6,2,81,11,-1,-1,-1,-1,10,E01030607,0,2
2024332401177,2024,332401177,2,9,0,-1,19,3,7,-1,0,0,0,0,0,0,1,1,-1,9,1,51,8,-1,-1,-1,-1,2,E01013906,0,4
2024520401163,2024,520401163,1,9,0,17,19,4,1,0,0,8,0,0,0,0,1,1,6,6,1,35,6,-1,-1,-1,-1,8,E01014423,0,4
2024052400661,2024,052400661,2,1,0,18,19,3,7,0,0,8,0,0,0,0,1,1,6,6,1,20,4,-1,-1,-1,-1,2,E01006723,0,1
2024311472698,2024,311472698,2,1,0,-1,19,2,6,-1,0,0,0,0,0,0,3,1,-1,6,1,26,6,-1,-1,-1,-1,9,E01028197,0,1
2024471454544,2024,471454544,2,9,0,-1,19,1,5,-1,0,1,0,0,0,0,0,1,-1,6,1,26,6,-1,-1,-1,-1,6,E01034823,0,1
2024991496847,2024,991496847,3,9,0,-1,2,0,0,-1,0,2,0,0,0,0,2,1,-1,6,-1,-1,-1,-1,-1,-1,-1,-1,-1,0,-1
2024351460276,2024,351460276,2,1,-1,-1,-1,-1,-1,-1,-1,-1,-1,-1,-1,0,2,1,-1,9,1,19,4,-1,-1,-1,-1,9,E01018205,0,1
2024320497204,2024,320497204,2,90,0,-1,-1,5,1,0,0,0,5,0,0,0,1,1,6,6,2,35,6,-1,-1,-1,-1,3,E01026177,0,1
2024311513639,2024,311513639,3,9,0,-1,3,8,4,-1,0,0,0,0,0,0,2,1,-1,9,1,89,11,-1,-1,-1,-1,10,E01028222,0,1
2024131411742,2024,131411742,1,9,0,-1,19,3,7,-1,0,0,1,0,1,2,1,1,-1,2,2,41,7,-1,-1,-1,-1,1,E01011790,0,1
2024221515623,2024,221515623,1,9,0,-1,3,1,7,-1,0,0,0,0,0,0,2,9,-1,6,2,42,7,-1,-1,-1,-1,8,E01032441,0,1
2024041479817,2024,041479817,2,9,0,-1,19,1,5,-1,0,0,0,0,0,0,0,9,-1,6,3,-1,-1,-1,-1,-1,-1,-1,-1,0,-1
2024522401851,2024,522401851,1,1,0,18,19,6,2,0,0,4,0,0,0,0,1,1,6,6,1,45,7,-1,-1,-1,-1,10,E01014737,0,3
2024010489014,2024,010489014,1,9,0,7,7,6,8,0,0,1,0,0,0,0,0,1,6,6,1,55,8,-1,-1,-1,-1,3,E01003221,0,1