collision_index,collision_year,collision_ref_no,vehicle_reference,vehicle_type,towing_and_articulation,vehicle_manoeuvre_historic,vehicle_manoeuvre,vehicle_direction_from,vehicle_direction_to,vehicle_location_restricted_lane_historic,vehicle_location_restricted_lane,junction_location,skidding_and_overturning,hit_object_in_carriageway,vehicle_leaving_carriageway,hit_object_off_carriageway,first_point_of_impact,vehicle_left_hand_drive,journey_purpose_of_driver_historic,journey_purpose_of_driver,sex_of_driver,age_of_driver,age_band_of_driver,engine_capacity_cc,propulsion_code,age_of_vehicle,generic_make_model,driver_imd_decile,lsoa_of_driver,escooter_flag,driver_distance_banding
2024071041822,2024,071041822,1,1,0,-1,19,5,1,-1,0,8,0,0,0,0,1,1,-1,6,1,38,7,-1,-1,-1,-1,-1,-1,0,-1
2024361452719,2024,361452719,1,9,-1,-1,-1,6,2,-1,-1,-1,-1,-1,-1,0,-1,9,-1,6,3,-1,-1,-1,-1,-1,-1,-1,-1,0,-1
2024440192760,2024,440192760,1,21,0,3,3,1,5,0,0,0,0,0,0,0,2,1,1,1,1,58,9,-1,-1,-1,-1,2,E01034730,0,4
2024401534025,2024,401534025,1,-1,0,-1,19,8,3,-1,9,0,0,0,0,0,1,1,-1,6,1,21,5,-1,-1,-1,-1,6,E01017437,1,3
2024311443006,2024,311443006,1,9,0,-1,6,7,3,-1,0,8,0,0,0,0,4,1,-1,6,2,70,10,-1,-1,-1,-1,5,E01013913,0,1
2024052400933,2024,052400933,1,1,0,18,19,2,6,0,0,0,0,0,0,0,1,1,2,2,1,28,6,-1,-1,-1,-1,10,E01018690,0,4
2024991417378,2024,991417378,2,9,0,-1,19,5,1,-1,0,0,0,0,0,0,1,1,-1,6,1,60,9,-1,-1,-1,-1,8,-1,0,4
2024010490430,2024,010490430,1,3,0,99,99,9,9,99,99,9,9,99,9,99,9,1,6,6,3,-1,-1,-1,-1,-1,-1,-1,-1,0,-1
2024010505169,2024,010505169,2,11,0,99,99,9,9,99,99,9,9,99,9,99,9,9,6,6,3,-1,-1,-1,-1,-1,-1,-1,-1,0,-1
2024010492151,2024,010492151,1,9,0,99,99,9,9,99,99,9,9,99,9,99,9,9,6,6,1,42,7,-1,-1,-1,-1,5,E01032783,0,1
2024161434618,2024,161434618,2,9,0,-1,19,1,5,-1,0,1,0,0,0,0,1,1,-1,6,2,-1,-1,-1,-1,-1,-1,-1,-1,0,-1
2024141448402,2024,141448402,1,9,0,-1,19,7,3,-1,0,0,0,0,0,0,4,9,-1,6,1,67,10,-1,-1,-1,-1,5,E01007682,0,1
2024010519539,2024,010519539,2,1,0,18,19,3,7,5,5,1,0,0,0,0,1,1,1,1,1,38,7,-1,-1,-1,-1,4,E01001623,0,1
2024010546555,2024,010546555,1,1,9,99,99,9,9,99,99,9,9,99,9,99,9,1,2,2,1,21,5,-1,-1,-1,-1,4,E01003018,0,1
2024161517149,2024,161517149,1,9,0,-1,9,5,2,-1,0,8,0,0,0,0,1,1,-1,6,3,-1,-1,-1,-1,-1,-1,-1,-1,0,-1
2024010496830,2024,010496830,1,9,0,99,99,9,9,99,99,9,0,0,0,0,9,9,6,6,3,-1,-1,-1,-1,-1,-1,-1,-1,0,-1
2024010523341,2024,010523341,2,9,0,99,99,9,9,99,99,9,9,99,9,99,9,9,6,6,3,-1,-1,-1,-1,-1,-1,-1,-1,0,-1
202460Q159240,2024,60Q159240,1,9,0,18,19,7,3,0,0,0,0,0,0,0,1,1,6,6,2,24,5,-1,-1,-1,-1,-1,-1,0,-1
2024010524113,2024,010524113,1,1,9,99,99,9,9,99,99,9,9,99,9,99,2,1,2,2,1,21,5,-1,-1,-1,-1,6,E01004474,0,1
2024052400477,2024,052400477,2,1,0,18,19,3,7,0,0,1,0,0,0,0,1,1,6,6,2,48,8,-1,-1,-1,-1,3,E01006836,0,1
2024501477041,2024,501477041,2,1,0,-1,19,3,7,-1,9,1,5,0,0,0,3,1,-1,6,1,43,7,-1,-1,-1,-1,4,E01018922,0,2
2024010489038,2024,010489038,2,21,1,18,19,7,3,0,0,1,0,0,0,0,0,1,1,1,1,36,7,-1,-1,-1,-1,4,E01030750,0,1
2024010528146,2024,010528146,1,1,9,99,99,9,9,99,99,9,9,99,9,99,9,1,2,2,2,35,6,-1,-1,-1,-1,5,E01000916,0,1
2024434043733,2024,434043733,2,1,0,18,19,3,7,0,0,8,0,0,0,0,4,1,6,6,1,52,8,-1,-1,-1,-1,7,E01016473,0,1
2024161438230,2024,161438230,1,1,0,-1,9,1,7,-1,0,1,0,0,0,0,3,1,-1,6,1,35,6,-1,-1,-1,-1,1,E01012873,0,1
2024201401740,2024,201401740,1,8,0,-1,19,5,1,-1,0,1,0,0,0,0,2,9,-1,6,1,-1,-1,-1,-1,-1,-1,-1,-1,0,-1
2024440373703,2024,440373703,2,-1,0,18,19,1,5,9,9,8,0,0,0,0,1,1,6,6,1,56,9,-1,-1,-1,-1,2,E01032750,1,1
2024010522131,2024,010522131,1,1,9,99,99,9,9,99,99,9,9,99,9,99,1,1,6,6,1,24,5,-1,-1,-1,-1,9,E01001567,0,1
2024361428512,2024,361428512,2,1,0,-1,19,5,2,-1,0,1,0,0,0,0,1,1,-1,6,1,42,7,-1,-1,-1,-1,10,E01024823,0,5
2024201438351,2024,201438351,2,9,0,-1,19,3,6,-1,0,8,0,0,0,0,1,9,-1,6,1,25,5,-1,-1,-1,-1,5,E01009598,0,2
2024041494510,2024,041494510,2,1,0,-1,19,1,5,-1,4,1,0,0,0,0,1,1,-1,2,1,18,4,-1,-1,-1,-1,1,E01025296,0,1
2024131399002,2024,131399002,2,9,0,-1,2,0,0,-1,0,0,0,0,0,0,2,1,-1,6,-1,-1,-1,-1,-1,-1,-1,-1,-1,0,-1
2024010525090,2024,010525090,2,1,0,18,19,5,1,0,0,1,1,0,0,0,1,1,6,6,1,33,6,-1,-1,-1,-1,3,E01003082,0,1
2024161451629,2024,161451629,2,1,0,-1,5,2,6,-1,0,1,0,0,0,0,3,1,-1,6,1,21,5,-1,-1,-1,-1,-1,-1,0,-1
2024501449799,2024,501449799,1,17,0,-1,19,1,5,-1,0,4,0,0,0,0,3,1,-1,2,1,65,9,-1,-1,-1,-1,5,E01020127,0,3
2024010546003,2024,010546003,2,1,0,9,9,4,3,0,0,7,0,0,0,0,1,1,6,6,1,31,6,-1,-1,-1,-1,2,E01004570,0,1
2024010541785,2024,010541785,2,1,9,99,99,9,9,99,99,9,9,99,9,99,9,1,6,6,3,-1,-1,-1,-1,-1,-1,-1,-1,0,-1
2024440259090,2024,440259090,2,1,0,18,19,6,2,0,0,0,0,0,0,0,3,1,2,2,1,42,7,-1,-1,-1,-1,9,E01022881,0,1
2024010490049,2024,010490049,1,1,9,99,99,9,9,99,99,9,9,99,9,99,1,1,2,2,1,48,8,-1,-1,-1,-1,7,E01003371,0,1
2024552400735,2024,552400735,1,1,0,18,19,4,8,0,0,0,0,0,0,0,0,1,6,6,1,70,10,-1,-1,-1,-1,4,E01032645,0,1
2024501518989,2024,501518989,1,1,0,-1,19,4,8,-1,0,2,5,0,0,0,1,1,-1,6,1,22,5,-1,-1,-1,-1,10,E01034629,0,1
2024302400857,2024,302400857,1,-1,0,18,19,4,8,9,9,0,0,0,0,0,1,1,6,6,1,17,4,-1,-1,-1,-1,2,E01013521,1,1
2024201509746,2024,201509746,1,11,0,-1,19,1,5,-1,0,2,0,0,0,0,1,1,-1,1,1,-1,-1,-1,-1,-1,-1,-1,-1,0,-1
2024332400907,2024,332400907,2,9,0,-1,2,0,0,-1,0,8,0,0,0,0,3,1,-1,6,3,-1,-1,-1,-1,-1,-1,-1,-1,0,-1
2024430017314,2024,430017314,2,97,0,18,19,2,6,0,0,1,0,0,0,0,1,1,6,6,1,30,6,-1,-1,-1,-1,-1,-1,0,-1
2024531530539,2024,531530539,1,9,0,-1,19,5,2,-1,0,0,0,0,0,0,1,9,-1,6,3,-1,-1,-1,-1,-1,-1,-1,-1,0,-1
2024311464694,2024,311464694,2,9,4,-1,19,1,5,-1,0,0,1,0,0,0,1,1,-1,1,1,29,6,-1,-1,-1,-1,4,E01027787,0,5
2024010505792,2024,010505792,1,1,9,99,99,9,9,99,99,9,9,99,9,99,9,1,2,2,2,55,8,-1,-1,-1,-1,5,E01004071,0,1
2024520500322,2024,520500322,2,1,0,18,19,6,2,0,0,0,0,0,0,0,9,1,6,6,3,-1,-1,-1,-1,-1,-1,-1,-1,0,-1
2024010535652,2024,010535652,2,19,0,99,99,9,9,99,99,9,9,99,9,99,9,9,6,6,3,-1,-1,-1,-1,-1,-1,6,E01000142,0,1
2024010517724,2024,010517724,2,1,0,9,9,8,6,0,0,6,1,0,0,0,1,1,6,6,1,14,3,-1,-1,-1,-1,3,E01003374,0,1
2024010503643,2024,010503643,2,1,0,18,19,1,5,0,0,2,0,0,0,0,3,1,6,6,2,51,8,-1,-1,-1,-1,3,E01002560,0,1
2024461454411,2024,461454411,1,9,0,-1,19,4,4,-1,0,0,0,0,0,0,1,1,-1,6,1,21,5,-1,-1,-1,-1,-1,-1,0,-1
2024461506875,2024,461506875,2,9,0,-1,3,1,5,-1,0,1,0,0,0,0,2,9,-1,6,2,29,6,-1,-1,-1,-1,3,E01016098,0,4
2024520402105,2024,520402105,2,9,0,5,5,3,5,0,0,8,0,0,0,0,1,1,6,6,1,73,10,-1,-1,-1,-1,5,E01029167,0,2
2024991518350,2024,991518350,1,9,0,-1,19,1,5,-1,0,1,0,0,0,0,1,1,-1,2,2,38,7,-1,-1,-1,-1,7,-1,0,1
2024010545893,2024,010545893,1,9,0,18,19,1,5,0,0,1,0,0,0,0,3,1,2,2,1,40,7,-1,-1,-1,-1,1,E01000643,0,1
2024010488340,2024,010488340,1,1,9,99,99,9,9,99,99,9,9,99,9,99,9,1,2,2,1,24,5,-1,-1,-1,-1,2,E01001337,0,1
2024071052853,2024,071052853,1,21,1,-1,12,1,5,-1,0,0,0,0,0,0,1,2,-1,1,1,64,9,-1,-1,-1,-1,-1,-1,0,-1
2024131492852,2024,131492852,2,11,0,-1,-1,-1,-1,-1,-1,-1,-1,-1,-1,-1,-1,1,-1,6,3,-1,-1,-1,-1,-1,-1,-1,-1,0,-1
2024991517987,2024,991517987,2,99,1,-1,19,5,8,-1,0,0,0,0,0,0,1,1,-1,1,1,40,7,-1,-1,-1,-1,-1,-1,0,-1
2024371497792,2024,371497792,1,4,0,-1,19,1,3,-1,0,0,0,0,0,0,1,1,-1,9,1,77,11,-1,-1,-1,-1,10,E01021384,0,4
2024522401447,2024,522401447,1,1,0,18,19,1,5,0,0,8,0,0,0,0,4,1,6,6,1,25,5,-1,-1,-1,-1,9,E01014908,0,1
2024201427096,2024,201427096,2,9,0,-1,9,4,8,-1,0,6,0,0,0,0,2,1,-1,6,1,20,4,-1,-1,-1,-1,10,E01028601,0,5
2024010493964,2024,010493964,1,3,0,99,99,9,9,2,2,1,9,99,9,99,1,1,6,6,1,27,6,-1,-1,-1,-1,3,E01003616,0,2
2024010533927,2024,010533927,2,9,0,18,19,7,3,0,0,1,0,0,0,0,1,1,6,6,3,-1,-1,-1,-1,-1,-1,-1,-1,0,-1
2024552400955,2024,552400955,1,1,0,18,19,2,6,0,0,6,0,0,0,0,1,1,4,7,1,14,3,-1,-1,-1,-1,5,E01020472,0,1
2024010521848,2024,010521848,2,9,0,99,99,9,9,99,99,9,9,99,9,99,1,9,6,6,3,-1,-1,-1,-1,-1,-1,-1,-1,0,-1
2024131448751,2024,131448751,2,1,0,-1,19,5,1,-1,0,0,0,0,0,0,1,1,-1,6,1,32,6,-1,-1,-1,-1,1,E01011434,0,1
2024440366493,2024,440366493,2,1,0,18,19,5,1,0,0,1,0,0,0,0,1,1,2,2,1,28,6,-1,-1,-1,-1,2,E01017051,0,1
2024010540922,2024,010540922,2,1,0,5,5,5,1,0,0,0,5,0,0,0,4,1,6,6,1,34,6,-1,-1,-1,-1,4,E01001481,0,1
2024070860193,2024,070860193,1,9,0,-1,3,1,1,-1,0,6,0,0,0,0,1,1,-1,9,2,79,11,-1,-1,-1,-1,10,E01018411,0,1
2024421452002,2024,421452002,2,1,-1,-1,19,7,3,-1,0,1,1,0,0,0,1,1,-1,6,1,61,9,-1,-1,-1,-1,4,E01015819,0,1
2024440404256,2024,440404256,2,1,0,16,19,1,4,0,0,0,0,0,0,0,2,1,6,6,1,40,7,-1,-1,-1,-1,-1,-1,0,-1
2024010494608,2024,010494608,1,4,0,99,99,9,9,99,99,1,9,99,9,99,1,1,6,6,1,25,5,-1,-1,-1,-1,2,E01003933,0,2
2024201499899,2024,201499899,2,22,0,-1,19,1,5,-1,9,8,0,0,0,0,1,1,-1,9,2,75,10,-1,-1,-1,-1,2,E01009455,0,1
2024131414816,2024,131414816,1,9,0,-1,19,3,7,-1,0,8,0,0,0,0,1,1,-1,2,1,46,8,-1,-1,-1,-1,3,E01010602,0,1
2024010492941,2024,010492941,1,9,0,18,19,8,4,0,0,2,0,0,0,0,4,1,6,6,3,-1,-1,-1,-1,-1,-1,-1,-1,0,-1
2024440319355,2024,440319355,2,90,0,18,19,4,8,0,0,8,2,0,1,0,2,1,1,1,1,22,5,-1,-1,-1,-1,5,E01011275,0,5
2024351438662,2024,351438662,1,9,0,-1,-1,-1,-1,-1,-1,0,-1,-1,-1,0,4,9,-1,6,3,-1,-1,-1,-1,-1,-1,-1,-1,0,-1
2024311513598,2024,311513598,2,1,0,-1,13,5,1,-1,0,2,0,0,0,0,4,1,-1,6,1,23,5,-1,-1,-1,-1,3,E01028212,0,2
2024520402342,2024,520402342,2,1,0,18,19,3,6,0,0,0,0,0,0,0,1,1,6,6,1,14,3,-1,-1,-1,-1,5,E01035132,0,1
2024010488274,2024,010488274,2,9,0,99,99,9,9,99,99,9,9,99,9,99,1,9,6,6,2,22,5,-1,-1,-1,-1,7,E01004516,0,1
2024010495002,2024,010495002,1,2,0,18,19,3,7,0,0,2,0,0,0,0,1,1,6,6,1,28,6,-1,-1,-1,-1,3,E01004720,0,1
2024061464831,2024,061464831,1,21,4,-1,12,6,2,-1,0,0,0,0,0,0,1,2,-1,1,1,44,7,-1,-1,-1,-1,9,E01025915,0,4
2024010544293,2024,010544293,1,1,9,99,99,9,9,99,99,9,9,99,9,99,9,1,6,6,3,-1,-1,-1,-1,-1,-1,-1,-1,0,-1
2024010519657,2024,010519657,1,90,0,99,99,9,9,99,99,9,9,99,9,99,9,9,6,6,3,-1,-1,-1,-1,-1,-1,-1,-1,0,-1
2024361439064,2024,361439064,1,9,-1,-1,-1,-1,-1,-1,0,2,0,0,0,0,2,1,-1,6,3,-1,-1,-1,-1,-1,-1,-1,-1,0,-1
2024061455500,2024,061455500,1,1,9,-1,19,-1,-1,-1,0,8,5,0,0,0,1,1,-1,9,1,28,6,-1,-1,-1,-1,8,E01005747,0,3
2024522401942,2024,522401942,2,1,0,13,13,7,3,0,0,8,0,0,7,2,1,1,6,6,1,26,6,-1,-1,-1,-1,3,E01014590,0,1
2024010493170,2024,010493170,1,19,0,3,3,1,5,0,0,0,0,0,0,0,1,1,6,6,1,48,8,-1,-1,-1,-1,5,E01001389,0,3
2024430517057,2024,430517057,1,9,0,9,9,2,8,0,0,6,0,0,0,0,3,1,6,6,1,-1,-1,-1,-1,-1,-1,-1,-1,0,-1
2024211492659,2024,211492659,2,1,0,-1,19,8,5,-1,0,3,0,0,0,0,1,1,-1,9,1,71,10,-1,-1,-1,-1,-1,-1,0,-1
2024041472898,2024,041472898,2,9,0,-1,4,7,3,-1,0,0,0,0,0,0,2,1,-1,9,1,50,8,-1,-1,-1,-1,9,E01024966,0,3
2024201532044,2024,201532044,2,9,0,-1,5,5,4,-1,0,6,0,0,0,0,1,1,-1,6,-1,-1,-1,-1,-1,-1,-1,-1,-1,0,-1
2024430561719,2024,430561719,2,11,0,14,14,3,7,0,0,0,0,0,0,0,4,1,1,1,1,45,7,-1,-1,-1,-1,-1,-1,0,-1
2024010509984,2024,010509984,2,1,0,18,19,7,3,0,0,2,0,0,0,0,1,1,6,6,1,27,6,-1,-1,-1,-1,6,E01002614,0,1
2024010522041,2024,010522041,2,1,0,18,19,4,8,0,0,1,0,0,0,0,4,1,2,2,1,47,8,-1,-1,-1,-1,3,E01003917,0,1
2024461418267,2024,461418267,1,9,0,-1,19,7,3,-1,0,0,0,0,0,0,1,9,-1,6,3,18,4,-1,-1,-1,-1,-1,-1,0,-1
2024010488565,2024,010488565,1,-1,9,99,99,9,9,99,99,9,9,99,9,99,9,9,6,6,1,-1,-1,-1,-1,-1,-1,-1,-1,1,-1
2024010487023,2024,010487023,1,5,0,17,19,5,1,0,0,3,0,0,0,0,3,1,1,1,1,57,9,-1,-1,-1,-1,7,E01030563,0,3
2024010510858,2024,010510858,1,1,9,99,99,9,9,99,99,9,9,99,9,99,9,1,6,6,1,45,7,-1,-1,-1,-1,3,E01033933,0,3
2024010495309,2024,010495309,1,3,9,99,99,9,9,99,99,9,9,99,9,99,9,1,1,1,1,40,7,-1,-1,-1,-1,2,E01002077,0,1
2024451450190,2024,451450190,2,90,0,-1,11,8,4,-1,0,0,0,0,0,0,1,1,-1,6,-1,45,7,-1,-1,-1,-1,-1,-1,0,-1
202454E132324,2024,54E132324,2,9,0,9,9,4,8,0,0,8,0,0,0,0,2,1,6,6,1,17,4,-1,-1,-1,-1,4,E01032040,0,1
2024552401090,2024,552401090,2,5,0,13,13,2,6,0,0,8,0,0,0,0,4,1,6,6,3,-1,-1,-1,-1,-1,-1,-1,-1,0,-1
2024471425759,2024,471425759,3,98,0,-1,4,1,5,-1,0,0,0,0,0,0,0,9,-1,6,3,-1,-1,-1,-1,-1,-1,-1,-1,0,-1
2024041502329,2024,041502329,1,9,0,-1,19,-1,-1,-1,0,1,0,0,0,0,1,1,-1,9,1,68,10,-1,-1,-1,-1,5,E01025331,0,2
2024371439288,2024,371439288,2,1,0,-1,-1,-1,-1,-1,0,0,0,0,0,0,3,1,-1,9,2,13,3,-1,-1,-1,-1,5,E01030080,0,1
2024010494093,2024,010494093,1,11,0,18,19,4,8,2,2,0,0,0,0,0,0,1,6,6,3,-1,-1,-1,-1,-1,-1,-1,-1,0,-1
2024430199202,2024,430199202,1,9,0,9,9,6,3,0,0,6,0,0,0,0,2,1,2,2,2,68,10,-1,-1,-1,-1,10,E01017882,0,1
2024010493719,2024,010493719,2,3,0,7,7,7,1,0,0,2,0,0,0,0,2,1,1,1,1,27,6,-1,-1,-1,-1,-1,-1,0,-1
2024010499406,2024,010499406,1,1,9,99,99,9,9,99,99,9,9,99,9,99,2,1,2,2,1,28,6,-1,-1,-1,-1,1,E01001798,0,1
2024010490466,2024,010490466,2,9,0,99,99,9,9,99,99,9,9,99,9,99,0,9,6,6,3,46,8,-1,-1,-1,-1,4,E01016481,0,1
2024010487572,2024,010487572,1,3,0,99,99,9,9,99,99,9,9,99,9,99,9,1,1,1,2,36,7,-1,-1,-1,-1,3,E01001814,0,1
2024201531283,2024,201531283,1,9,0,-1,7,7,1,-1,0,5,0,0,0,0,1,1,-1,6,3,-1,-1,-1,-1,-1,-1,-1,-1,0,-1
2024522401490,2024,522401490,2,9,0,18,19,3,7,0,0,8,0,0,0,0,1,1,6,6,1,20,4,-1,-1,-1,-1,4,E01014650,0,3
2024010488850,2024,010488850,2,9,0,99,99,9,9,99,99,0,9,99,9,99,1,9,6,6,3,-1,-1,-1,-1,-1,-1,2,E01002281,0,1
2024221432581,2024,221432581,2,90,0,-1,19,8,4,-1,9,8,0,0,0,0,4,9,-1,6,1,17,4,-1,-1,-1,-1,2,E01032161,0,1
2024501484682,2024,501484682,2,1,0,-1,19,1,5,-1,0,2,0,0,0,0,1,1,-1,6,1,21,5,-1,-1,-1,-1,4,E01018943,0,2
2024991505238,2024,991505238,2,9,0,-1,19,8,4,-1,0,1,0,0,0,0,1,1,-1,9,2,61,9,-1,-1,-1,-1,7,-1,0,2
2024010528360,2024,010528360,1,1,9,99,99,9,9,99,99,9,9,99,9,99,9,1,2,2,1,38,7,-1,-1,-1,-1,3,E01003524,0,1
2024010531890,2024,010531890,2,1,9,99,99,9,9,99,99,9,9,99,9,99,9,1,3,7,1,40,7,-1,-1,-1,-1,4,E01001737,0,1
2024430563978,2024,430563978,2,9,0,18,19,6,2,0,0,0,0,0,0,0,1,1,6,6,1,-1,-1,-1,-1,-1,-1,-1,-1,0,-1
2024052400598,2024,052400598,1,8,0,5,5,1,5,0,0,0,0,0,0,0,4,1,1,1,3,-1,-1,-1,-1,-1,-1,-1,-1,0,-1
2024430341186,2024,430341186,1,10,0,4,4,7,3,4,4,0,0,0,0,0,4,2,6,6,1,47,8,-1,-1,-1,-1,-1,-1,0,-1
2024340WN4902,2024,340WN4902,1,9,0,-1,19,7,3,-1,0,1,0,0,1,0,1,1,-1,6,1,-1,-1,-1,-1,-1,-1,-1,-1,0,-1
2024010548455,2024,010548455,2,9,0,99,99,9,9,0,0,8,0,0,9,0,9,9,6,6,2,23,5,-1,-1,-1,-1,3,E01003729,0,3
2024010524632,2024,010524632,1,1,9,99,99,9,9,99,99,9,9,99,9,99,9,1,2,2,2,65,9,-1,-1,-1,-1,7,E01004518,0,1
2024471413516,2024,471413516,2,9,0,-1,2,0,0,-1,0,1,0,0,0,0,2,1,-1,6,-1,-1,-1,-1,-1,-1,-1,-1,-1,0,-1
2024471480692,2024,471480692,2,9,0,-1,19,3,7,-1,0,1,0,0,0,0,0,9,-1,6,3,-1,-1,-1,-1,-1,-1,-1,-1,0,-1
2024010525082,2024,010525082,1,23,0,18,19,7,3,0,0,0,0,10,0,0,1,1,6,6,1,47,8,-1,-1,-1,-1,4,E01002576,0,1
2024421484785,2024,421484785,1,1,0,-1,19,3,7,-1,0,0,0,0,0,0,1,1,-1,6,3,-1,-1,-1,-1,-1,-1,-1,-1,0,-1
2024010496091,2024,010496091,1,3,0,99,99,9,9,99,99,9,9,99,9,99,1,1,6,6,1,35,6,-1,-1,-1,-1,6,E01002221,0,2
2024010514723,2024,010514723,1,9,9,99,99,9,9,99,99,9,9,99,9,99,9,9,6,6,3,-1,-1,-1,-1,-1,-1,-1,-1,0,-1
2024351468674,2024,351468674,2,1,0,-1,13,3,5,-1,0,0,0,0,0,0,1,1,-1,7,1,14,3,-1,-1,-1,-1,8,E01017987,0,1
2024161485079,2024,161485079,2,9,0,-1,19,8,4,-1,0,0,0,0,0,0,9,9,-1,6,3,-1,-1,-1,-1,-1,-1,-1,-1,0,-1
2024481504009,2024,481504009,2,1,0,-1,19,1,5,-1,0,0,0,0,0,0,9,1,-1,2,1,30,6,-1,-1,-1,-1,-1,-1,0,-1
2024451449289,2024,451449289,2,9,0,-1,19,1,5,-1,0,1,0,0,0,0,1,1,-1,1,1,27,6,-1,-1,-1,-1,10,E01030807,0,1
2024010494256,2024,010494256,1,4,0,18,19,1,5,2,2,2,0,4,0,0,1,1,2,2,1,58,9,-1,-1,-1,-1,9,E01023742,0,4
2024052401414,2024,052401414,1,9,0,11,11,2,6,0,0,8,0,0,0,0,1,1,6,6,3,-1,-1,-1,-1,-1,-1,-1,-1,0,-1
2024501520293,2024,501520293,2,1,0,-1,19,5,1,-1,0,1,1,0,0,0,1,1,-1,6,1,56,9,-1,-1,-1,-1,7,E01018813,0,1
2024631393698,2024,631393698,1,9,0,-1,19,2,6,-1,0,2,2,0,7,11,1,1,-1,9,1,79,11,-1,-1,-1,-1,6,W01000475,0,2
2024201452385,2024,201452385,2,9,0,-1,3,4,5,-1,0,0,0,0,0,0,3,9,-1,1,1,59,9,-1,-1,-1,-1,2,E01010045,0,2
2024311412131,2024,311412131,2,11,0,-1,9,3,1,-1,0,6,0,0,0,0,4,1,-1,1,2,-1,-1,-1,-1,-1,-1,-1,-1,0,-1
2024320725981,2024,320725981,1,9,0,9,9,4,1,0,0,6,0,0,0,0,1,1,-1,-1,2,76,11,-1,-1,-1,-1,-1,-1,0,-1
2024010511938,2024,010511938,2,1,0,18,19,1,5,0,0,8,0,0,0,0,1,1,6,6,1,28,6,-1,-1,-1,-1,6,E01000911,0,1
2024070531534,2024,070531534,1,9,0,18,19,8,4,0,0,0,0,0,0,0,1,1,6,6,3,-1,-1,-1,-1,-1,-1,-1,-1,0,-1
2024231495339,2024,231495339,3,9,0,-1,9,8,6,-1,0,5,0,0,0,0,0,9,-1,6,3,28,6,-1,-1,-1,-1,-1,-1,0,-1
2024522401865,2024,522401865,2,9,9,11,11,9,9,0,0,8,0,0,0,0,9,1,6,6,3,-1,-1,-1,-1,-1,-1,-1,-1,0,-1
2024061523323,2024,061523323,1,9,0,-1,9,3,1,-1,0,1,1,0,0,0,3,1,-1,1,1,51,8,-1,-1,-1,-1,8,E01005575,0,2
2024010499560,2024,010499560,2,1,0,18,19,8,4,0,0,0,0,0,0,0,4,1,6,6,2,39,7,-1,-1,-1,-1,3,E01034179,0,1
2024052401235,2024,052401235,1,1,0,18,19,7,3,0,0,6,0,0,0,0,3,1,6,6,1,11,3,-1,-1,-1,-1,2,E01034832,0,1
2024522402569,2024,522402569,2,-1,0,17,19,1,6,0,0,8,0,0,0,0,1,1,6,6,1,-1,-1,-1,-1,-1,-1,-1,-1,1,-1
2024061458853,2024,061458853,2,1,0,-1,19,2,6,-1,0,1,0,0,0,0,1,1,-1,9,1,30,6,-1,-1,-1,-1,2,E01006068,0,1
2024302401028,2024,302401028,2,17,0,5,5,5,1,0,0,8,0,0,0,0,4,1,6,6,1,76,11,-1,-1,-1,-1,7,E01019617,0,3
2024010489320,2024,010489320,3,9,0,18,19,7,3,0,0,0,0,0,0,0,1,1,6,6,3,-1,-1,-1,-1,-1,-1,-1,-1,0,-1
2024061506652,2024,061506652,1,97,0,-1,19,7,3,-1,0,0,0,4,0,0,1,1,-1,6,1,26,6,-1,-1,-1,-1,1,E01005189,0,1
2024440111448,2024,440111448,1,9,0,4,4,8,4,0,0,0,0,0,0,0,2,1,6,6,1,64,9,-1,-1,-1,-1,10,E01030902,0,1
2024010494521,2024,010494521,1,19,0,99,99,9,9,99,99,9,9,99,9,99,1,9,6,6,3,45,7,-1,-1,-1,-1,7,E01001235,0,2
2024201420055,2024,201420055,1,9,0,-1,5,7,3,-1,0,1,0,0,0,0,1,9,-1,6,2,-1,-1,-1,-1,-1,-1,-1,-1,0,-1
2024122400356,2024,122400356,2,1,0,18,19,7,3,0,0,8,0,0,0,0,1,1,6,6,1,31,6,-1,-1,-1,-1,7,E01013075,0,2
2024351437270,2024,351437270,2,1,0,-1,19,-1,-1,-1,5,8,0,0,0,0,1,1,-1,9,2,44,7,-1,-1,-1,-1,3,E01017952,0,1
2024111487043,2024,111487043,1,90,0,-1,19,8,4,-1,0,0,0,0,0,0,1,9,-1,6,3,30,6,-1,-1,-1,-1,-1,-1,0,-1
2024010494410,2024,010494410,1,3,0,13,13,7,3,0,0,0,0,0,0,0,1,1,6,6,1,-1,-1,-1,-1,-1,-1,-1,-1,0,-1
2024520401185,2024,520401185,2,1,0,18,19,6,2,0,0,8,0,0,0,0,1,1,6,6,1,53,8,-1,-1,-1,-1,1,E01029297,0,1
2024552400053,2024,552400053,1,19,0,18,19,6,2,0,0,0,2,0,1,9,0,1,2,2,1,26,6,-1,-1,-1,-1,4,E01020444,0,2
2024010490651,2024,010490651,2,9,0,99,99,9,9,99,99,9,9,99,9,99,9,9,6,6,3,-1,-1,-1,-1,-1,-1,-1,-1,0,-1
2024101405957,2024,101405957,2,1,0,-1,19,5,1,-1,0,0,0,0,0,0,4,1,-1,6,1,70,10,-1,-1,-1,-1,10,E01033714,0,2
2024461464851,2024,461464851,2,97,0,-1,19,6,2,-1,0,1,5,0,0,0,4,1,-1,6,1,57,9,-1,-1,-1,-1,6,E01024406,0,3
2024101416038,2024,101416038,2,1,0,-1,19,2,6,-1,0,8,0,0,0,0,1,1,-1,6,1,56,9,-1,-1,-1,-1,1,E01008540,0,1
2024010505746,2024,010505746,2,1,9,99,99,9,9,99,99,9,9,99,9,99,1,1,6,6,3,-1,-1,-1,-1,-1,-1,-1,-1,0,-1
2024101523941,2024,101523941,1,19,0,-1,5,6,2,-1,0,8,0,0,0,0,4,9,-1,1,3,-1,-1,-1,-1,-1,-1,-1,-1,0,-1
2024440358618,2024,440358618,1,1,0,18,19,6,2,0,0,1,0,0,0,0,3,1,2,2,1,39,7,-1,-1,-1,-1,10,E01023279,0,2
2024010518655,2024,010518655,2,1,0,18,19,3,7,0,0,2,0,0,0,0,1,1,2,2,1,36,7,-1,-1,-1,-1,5,E01000038,0,2