collision_index,collision_year,collision_ref_no,vehicle_reference,vehicle_type,towing_and_articulation,vehicle_manoeuvre_historic,vehicle_manoeuvre,vehicle_direction_from,vehicle_direction_to,vehicle_location_restricted_lane_historic,vehicle_location_restricted_lane,junction_location,skidding_and_overturning,hit_object_in_carriageway,vehicle_leaving_carriageway,hit_object_off_carriageway,first_point_of_impact,vehicle_left_hand_drive,journey_purpose_of_driver_historic,journey_purpose_of_driver,sex_of_driver,age_of_driver,age_band_of_driver,engine_capacity_cc,propulsion_code,age_of_vehicle,generic_make_model,driver_imd_decile,lsoa_of_driver,escooter_flag,driver_distance_banding
2024320177069,2024,320177069,2,9,0,2,2,0,0,0,0,2,0,0,0,0,2,1,6,6,2,52,8,-1,-1,-1,-1,5,E01026232,0,1
2024471470441,2024,471470441,2,1,0,-1,19,3,7,-1,0,3,0,0,0,0,4,1,-1,6,1,45,7,-1,-1,-1,-1,10,E01031824,0,1
2024430113720,2024,430113720,1,9,0,5,5,2,6,0,0,1,0,0,0,0,2,1,6,6,2,54,8,-1,-1,-1,-1,8,E01022493,0,3
2024451506699,2024,451506699,1,1,0,-1,19,1,5,-1,9,1,0,0,0,0,1,1,-1,2,2,44,7,-1,-1,-1,-1,10,E01030510,0,1
2024010530895,2024,010530895,1,9,0,9,9,3,8,0,0,5,0,0,0,0,1,1,6,6,3,-1,-1,-1,-1,-1,-1,-1,-1,0,-1
2024101489820,2024,101489820,1,9,0,-1,19,6,2,-1,0,0,1,0,1,7,1,1,-1,1,1,30,6,-1,-1,-1,-1,9,E01008443,0,3
2024471525905,2024,471525905,2,1,0,-1,19,7,3,-1,0,1,0,0,0,0,1,1,-1,1,1,28,6,-1,-1,-1,-1,4,E01016852,0,1
2024531462981,2024,531462981,1,1,0,-1,19,8,4,-1,9,0,5,0,0,0,1,1,-1,1,1,-1,-1,-1,-1,-1,-1,-1,-1,0,-1
2024531490067,2024,531490067,2,9,0,-1,4,7,3,-1,0,0,0,0,0,0,2,1,-1,1,1,52,8,-1,-1,-1,-1,1,E01022333,0,2
2024520401417,2024,520401417,2,9,0,18,19,3,7,0,0,8,0,0,0,0,1,1,6,6,1,46,8,-1,-1,-1,-1,7,E01029181,0,2
2024461432902,2024,461432902,1,9,0,-1,19,7,3,-1,0,0,0,0,0,0,3,9,-1,6,1,-1,-1,-1,-1,-1,-1,-1,-1,0,-1
2024131436173,2024,131436173,1,9,0,-1,-1,-1,-1,-1,-1,0,-1,-1,-1,-1,-1,1,-1,6,3,-1,-1,-1,-1,-1,-1,-1,-1,0,-1
2024221413898,2024,221413898,2,19,0,-1,19,5,8,-1,0,8,0,0,0,0,1,1,-1,9,1,28,6,-1,-1,-1,-1,-1,-1,0,-1
2024010527020,2024,010527020,2,98,9,99,99,9,9,99,99,9,9,99,9,99,9,9,6,6,3,-1,-1,-1,-1,-1,-1,-1,-1,0,-1
2024430336070,2024,430336070,1,9,0,18,19,2,6,0,0,0,0,0,0,0,1,1,6,6,2,62,9,-1,-1,-1,-1,9,E01028799,0,1
2024010531968,2024,010531968,2,9,0,99,99,9,9,99,99,9,9,99,9,99,2,9,6,6,3,-1,-1,-1,-1,-1,-1,-1,-1,0,-1
2024041481456,2024,041481456,3,1,-1,-1,-1,-1,-1,-1,-1,0,-1,-1,-1,0,-1,1,-1,6,3,-1,-1,-1,-1,-1,-1,-1,-1,0,-1
2024351405138,2024,351405138,2,19,0,-1,19,7,3,-1,0,8,0,0,0,0,1,9,-1,1,1,29,6,-1,-1,-1,-1,2,E01035542,0,4
2024461442846,2024,461442846,1,9,0,-1,19,1,5,-1,0,5,0,0,0,0,1,1,-1,6,1,73,10,-1,-1,-1,-1,7,E01024635,0,1
2024451396142,2024,451396142,1,9,0,-1,9,1,5,-1,0,8,0,0,0,0,1,1,-1,6,2,38,7,-1,-1,-1,-1,2,E01022964,0,4
2024201470537,2024,201470537,1,97,0,-1,19,2,4,-1,0,0,0,10,1,0,3,1,-1,6,-1,20,4,-1,-1,-1,-1,-1,-1,0,-1
2024010538534,2024,010538534,1,1,9,99,99,9,9,99,99,9,9,99,9,99,9,9,6,6,3,-1,-1,-1,-1,-1,-1,-1,-1,0,-1
2024522402805,2024,522402805,1,-1,0,17,19,2,7,0,0,8,0,0,0,0,1,1,6,6,1,46,8,-1,-1,-1,-1,2,E01033359,1,1
2024010492594,2024,010492594,1,19,0,7,7,8,2,0,0,6,0,0,0,0,3,1,2,2,1,31,6,-1,-1,-1,-1,4,E01017536,0,4
2024421471002,2024,421471002,1,1,0,-1,19,4,8,-1,0,8,5,0,0,0,0,1,-1,9,1,59,9,-1,-1,-1,-1,8,E01021760,0,1
2024010511482,2024,010511482,1,1,9,99,99,9,9,99,99,9,9,99,9,99,1,1,6,6,1,26,6,-1,-1,-1,-1,8,E01004731,0,4
2024421430092,2024,421430092,3,9,0,-1,2,0,0,-1,0,0,0,0,0,0,4,1,-1,6,-1,-1,-1,-1,-1,-1,-1,-1,-1,0,-1
2024201458714,2024,201458714,1,9,0,-1,19,4,8,-1,0,0,0,0,0,0,1,9,-1,6,1,-1,-1,-1,-1,-1,-1,-1,-1,0,-1
2024061490503,2024,061490503,2,11,0,-1,19,3,7,-1,0,1,0,0,0,0,1,1,-1,1,1,25,5,-1,-1,-1,-1,10,E01016645,0,5
2024010496780,2024,010496780,2,19,0,99,99,9,9,99,99,0,9,99,9,99,1,9,6,6,3,-1,-1,-1,-1,-1,-1,-1,-1,0,-1
2024010533368,2024,010533368,1,1,9,99,99,9,9,99,99,9,9,99,9,99,9,1,6,6,1,27,6,-1,-1,-1,-1,4,E01003719,0,2
2024010496660,2024,010496660,2,9,0,18,19,3,7,0,0,8,1,0,0,0,1,1,6,6,2,41,7,-1,-1,-1,-1,4,E01000113,0,1
2024010514134,2024,010514134,2,1,0,18,19,3,7,0,0,0,0,0,0,0,1,1,6,6,1,33,6,-1,-1,-1,-1,3,E01001111,0,1
2024471453484,2024,471453484,3,9,0,-1,3,7,3,-1,0,0,0,0,0,0,2,1,-1,6,2,47,8,-1,-1,-1,-1,6,E01034304,0,4
2024010494744,2024,010494744,1,9,0,3,3,5,1,0,0,0,0,0,0,0,2,1,6,6,1,30,6,-1,-1,-1,-1,3,E01035667,0,3
2024451494291,2024,451494291,1,9,0,-1,13,7,3,-1,0,0,0,0,0,0,1,1,-1,2,1,19,4,-1,-1,-1,-1,8,E01001119,0,1
2024461420597,2024,461420597,1,9,0,-1,19,3,7,-1,0,0,0,0,0,0,3,9,-1,9,1,-1,-1,-1,-1,-1,-1,-1,-1,0,-1
2024041431847,2024,041431847,2,1,0,-1,19,7,3,-1,0,8,0,0,0,0,1,1,-1,9,1,39,7,-1,-1,-1,-1,3,E01025368,0,2
2024311403366,2024,311403366,1,5,0,-1,13,1,5,-1,0,0,5,0,0,0,1,1,-1,9,1,38,7,-1,-1,-1,-1,-1,-1,0,-1
2024101446064,2024,101446064,1,1,0,-1,12,1,4,-1,0,6,0,0,0,0,0,1,-1,6,1,25,5,-1,-1,-1,-1,-1,-1,0,-1
2024332400494,2024,332400494,2,1,0,-1,7,5,7,-1,0,6,0,0,0,0,1,1,-1,6,1,18,4,-1,-1,-1,-1,1,E01013640,0,2
2024010491339,2024,010491339,1,9,0,99,99,9,9,99,99,9,9,99,9,99,2,9,1,1,1,48,8,-1,-1,-1,-1,9,E01023378,0,4
2024010492107,2024,010492107,1,3,0,14,14,3,7,0,0,1,0,0,0,0,1,1,6,6,1,21,5,-1,-1,-1,-1,9,E01001306,0,1
2024010502923,2024,010502923,2,11,0,18,19,1,5,0,0,9,0,0,0,0,1,1,6,6,1,59,9,-1,-1,-1,-1,4,E01001261,0,1
2024131505270,2024,131505270,1,90,0,-1,19,5,1,-1,0,1,0,0,0,0,2,1,-1,6,2,34,6,-1,-1,-1,-1,2,E01011103,0,1
2024430321342,2024,430321342,1,9,0,9,9,1,7,0,0,1,0,0,0,0,1,1,6,6,2,51,8,-1,-1,-1,-1,6,E01028631,0,3
2024131528894,2024,131528894,2,1,0,-1,19,7,3,-1,0,0,0,0,1,0,3,1,-1,9,1,43,7,-1,-1,-1,-1,-1,-1,0,-1
2024010499056,2024,010499056,2,9,9,99,99,9,9,99,99,9,9,99,9,99,9,9,6,6,3,-1,-1,-1,-1,-1,-1,-1,-1,0,-1
2024501465569,2024,501465569,2,9,0,-1,19,2,7,-1,0,3,0,0,0,0,2,1,-1,6,1,54,8,-1,-1,-1,-1,2,E01019046,0,1
2024201497817,2024,201497817,1,9,0,-1,19,7,3,-1,0,8,0,0,0,0,1,1,-1,6,2,20,4,-1,-1,-1,-1,-1,-1,0,-1
2024052401555,2024,052401555,2,1,0,18,19,2,6,0,0,1,0,0,0,0,1,1,6,6,1,19,4,-1,-1,-1,-1,8,E01007002,0,1
2024041424173,2024,041424173,1,1,0,-1,19,7,3,-1,0,0,0,0,0,0,4,1,-1,6,1,40,7,-1,-1,-1,-1,1,E01012721,0,1
2024161438229,2024,161438229,1,9,0,-1,9,1,5,-1,0,2,0,0,0,0,1,1,-1,9,2,18,4,-1,-1,-1,-1,6,E01013039,0,2
202417S211724,2024,17S211724,1,9,0,-1,7,5,7,-1,0,1,0,0,0,0,4,1,-1,6,1,-1,-1,-1,-1,-1,-1,-1,-1,0,-1
2024161456723,2024,161456723,1,9,0,-1,19,7,3,-1,0,1,1,0,0,0,4,2,-1,9,1,77,11,-1,-1,-1,-1,10,E01012967,0,3
2024010517544,2024,010517544,2,-1,0,18,19,5,1,0,0,1,0,0,1,0,1,1,6,6,3,24,5,-1,-1,-1,-1,-1,-1,1,-1
2024430447572,2024,430447572,1,5,0,4,4,2,6,0,0,0,1,0,0,0,1,1,2,2,1,42,7,-1,-1,-1,-1,-1,-1,0,-1
2024010516557,2024,010516557,1,9,0,18,19,3,7,0,0,0,0,0,0,0,4,1,6,6,3,-1,-1,-1,-1,-1,-1,-1,-1,0,-1
2024552400924,2024,552400924,2,1,0,18,19,3,7,4,4,0,0,0,0,0,1,1,6,6,1,62,9,-1,-1,-1,-1,3,E01015357,0,1
2024010515030,2024,010515030,2,1,0,18,19,5,1,0,0,0,0,8,7,0,1,1,6,6,1,34,6,-1,-1,-1,-1,2,E01000060,0,1
2024430375182,2024,430375182,2,9,0,18,19,4,8,0,0,0,0,0,0,0,4,1,6,6,1,-1,-1,-1,-1,-1,-1,-1,-1,0,-1
2024302400092,2024,302400092,1,9,0,13,13,8,4,0,0,0,0,0,0,0,4,1,6,6,1,30,6,-1,-1,-1,-1,1,E01013568,0,1
2024052401185,2024,052401185,1,-1,0,18,19,5,2,0,0,8,0,0,0,0,1,1,6,6,1,17,4,-1,-1,-1,-1,1,E01006679,1,1
2024010486951,2024,010486951,1,9,0,16,19,1,5,0,0,0,0,0,0,0,1,1,6,6,2,-1,-1,-1,-1,-1,-1,3,E01001792,0,2
2024311461817,2024,311461817,1,9,0,-1,19,3,7,-1,0,0,2,0,7,0,4,1,-1,1,1,71,10,-1,-1,-1,-1,-1,-1,0,-1
2024010488597,2024,010488597,3,11,0,3,3,7,3,3,2,1,0,10,0,0,3,1,1,1,1,27,6,-1,-1,-1,-1,10,E01023908,0,3
2024440227448,2024,440227448,1,1,0,17,19,6,3,0,0,0,0,12,0,0,1,1,6,6,1,62,9,-1,-1,-1,-1,3,E01022993,0,2
2024010489847,2024,010489847,1,9,0,99,99,9,9,99,99,9,9,99,9,99,2,9,6,6,2,51,8,-1,-1,-1,-1,5,E01002443,0,1
2024010490937,2024,010490937,1,9,0,99,99,9,9,99,99,9,9,99,9,99,2,9,6,6,2,31,6,-1,-1,-1,-1,5,E01003115,0,2
2024010496352,2024,010496352,2,9,0,99,99,9,9,99,99,9,9,99,9,99,9,9,6,6,3,-1,-1,-1,-1,-1,-1,-1,-1,0,-1
2024522401206,2024,522401206,1,1,0,18,19,9,9,9,9,0,0,0,0,0,1,1,6,6,3,-1,-1,-1,-1,-1,-1,-1,-1,0,-1
2024111515399,2024,111515399,1,9,0,-1,19,1,5,-1,0,1,0,0,0,0,1,1,-1,2,1,51,8,-1,-1,-1,-1,7,E01020879,0,1
2024340NN3692,2024,340NN3692,3,9,0,-1,3,2,6,-1,0,0,0,0,0,0,0,1,-1,2,1,51,8,-1,-1,-1,-1,6,E01027032,0,3
2024430230521,2024,430230521,1,9,0,18,19,3,7,0,0,8,0,0,0,0,1,1,6,6,2,-1,-1,-1,-1,-1,-1,-1,-1,0,-1
2024010540020,2024,010540020,1,1,9,99,99,9,9,99,99,0,9,99,9,99,1,1,6,6,1,49,8,-1,-1,-1,-1,6,E01002957,0,1
2024201495907,2024,201495907,1,9,0,-1,19,2,6,-1,0,0,0,0,0,0,3,1,-1,2,2,18,4,-1,-1,-1,-1,5,E01008917,0,1
2024201530581,2024,201530581,1,9,0,-1,5,7,3,-1,0,0,0,0,0,0,1,9,-1,6,3,50,8,-1,-1,-1,-1,-1,-1,0,-1
2024361532687,2024,361532687,1,1,0,-1,19,3,1,-1,0,1,0,0,0,0,1,1,-1,6,2,21,5,-1,-1,-1,-1,1,E01026826,0,1
2024101449034,2024,101449034,2,1,0,-1,19,5,1,-1,0,0,0,0,0,0,2,1,-1,9,1,41,7,-1,-1,-1,-1,2,E01008776,0,1
2024991506752,2024,991506752,1,9,0,-1,6,5,1,-1,0,0,0,0,7,0,4,1,-1,1,1,19,4,-1,-1,-1,-1,4,-1,0,1
2024552400206,2024,552400206,2,1,0,18,19,2,6,0,0,8,0,0,0,0,1,1,2,2,1,58,9,-1,-1,-1,-1,3,E01015294,0,1
2024161517474,2024,161517474,2,1,0,-1,19,1,5,-1,0,0,2,0,0,0,4,1,-1,6,2,33,6,-1,-1,-1,-1,1,E01012903,0,1
2024010514592,2024,010514592,1,9,9,99,99,9,9,99,99,0,9,99,9,99,9,1,6,6,3,-1,-1,-1,-1,-1,-1,-1,-1,0,-1
202417L200224,2024,17L200224,1,9,0,18,19,8,4,0,0,0,0,0,0,0,3,1,3,7,2,31,6,-1,-1,-1,-1,1,E01012112,0,1
2024010496039,2024,010496039,1,19,0,17,19,3,1,0,0,0,0,0,0,0,1,1,2,2,1,27,6,-1,-1,-1,-1,7,E01000160,0,1
2024141495248,2024,141495248,1,9,0,-1,2,0,0,-1,0,0,0,0,0,0,3,1,-1,6,3,-1,-1,-1,-1,-1,-1,-1,-1,0,-1
2024430012255,2024,430012255,1,19,0,18,19,8,4,0,0,0,0,0,0,0,4,1,6,6,1,45,7,-1,-1,-1,-1,7,E01028677,0,3
2024302401118,2024,302401118,3,19,0,18,19,3,7,0,0,0,0,0,0,0,0,1,6,6,3,-1,-1,-1,-1,-1,-1,5,E01019456,0,4
2024421453348,2024,421453348,2,9,0,-1,10,3,7,-1,0,1,0,0,0,0,2,1,-1,1,1,23,5,-1,-1,-1,-1,5,E01003645,0,3
2024061420219,2024,061420219,1,21,4,-1,19,5,8,-1,0,8,0,0,0,0,0,2,-1,1,1,54,8,-1,-1,-1,-1,-1,-1,0,-1
2024440232683,2024,440232683,2,1,0,7,7,1,3,0,0,6,0,0,0,0,1,1,6,6,1,24,5,-1,-1,-1,-1,8,E01022780,0,1
2024010545224,2024,010545224,2,19,0,4,4,5,1,0,0,0,0,0,0,0,2,2,1,1,1,39,7,-1,-1,-1,-1,-1,-1,0,-1
2024010524403,2024,010524403,1,9,0,14,14,1,5,0,0,8,0,0,0,0,1,1,6,6,3,-1,-1,-1,-1,-1,-1,-1,-1,0,-1
2024471423028,2024,471423028,1,9,0,-1,5,6,-1,-1,0,6,0,0,0,0,0,9,-1,6,3,-1,-1,-1,-1,-1,-1,-1,-1,0,-1
2024141430807,2024,141430807,1,1,0,-1,19,5,1,-1,4,1,5,0,0,0,1,1,-1,2,3,40,7,-1,-1,-1,-1,-1,-1,0,-1
2024010524913,2024,010524913,2,1,0,18,19,5,1,0,0,8,5,0,0,0,1,1,2,2,1,29,6,-1,-1,-1,-1,4,E01003117,0,1
2024010541760,2024,010541760,1,-1,0,18,19,3,7,0,0,1,0,0,0,0,1,1,6,6,1,24,5,-1,-1,-1,-1,-1,-1,1,-1
2024332400246,2024,332400246,1,9,0,-1,19,5,1,-1,0,1,0,0,0,0,1,1,-1,6,2,40,7,-1,-1,-1,-1,5,E01013616,0,1
2024070871851,2024,070871851,1,9,0,-1,5,4,8,-1,0,1,0,0,0,0,1,1,-1,1,1,32,6,-1,-1,-1,-1,-1,-1,0,-1
2024211504042,2024,211504042,2,9,0,-1,19,3,3,-1,0,0,0,0,0,0,1,1,-1,6,1,58,9,-1,-1,-1,-1,4,E01029361,0,1
2024201406119,2024,201406119,1,11,0,-1,19,3,7,-1,0,0,0,0,0,0,4,9,-1,6,3,-1,-1,-1,-1,-1,-1,-1,-1,0,-1
2024010496440,2024,010496440,2,19,0,5,5,1,5,0,0,1,0,0,0,0,1,2,1,1,1,58,9,-1,-1,-1,-1,-1,-1,0,-1
2024161516533,2024,161516533,2,9,-1,-1,5,7,3,-1,9,0,0,0,0,0,-1,9,-1,6,3,-1,-1,-1,-1,-1,-1,-1,-1,0,-1
2024131436580,2024,131436580,1,97,0,-1,-1,-1,-1,-1,-1,0,-1,-1,-1,0,-1,1,-1,6,3,-1,-1,-1,-1,-1,-1,-1,-1,0,-1
2024401510754,2024,401510754,1,99,0,-1,19,-1,-1,-1,0,0,0,0,0,0,4,9,-1,6,3,-1,-1,-1,-1,-1,-1,-1,-1,0,-1
2024141452362,2024,141452362,2,9,0,-1,19,2,6,-1,0,8,1,0,0,0,1,1,-1,9,1,22,5,-1,-1,-1,-1,1,E01022323,0,5
2024430303647,2024,430303647,1,9,0,18,19,5,1,0,0,0,0,0,0,0,1,1,6,6,1,-1,-1,-1,-1,-1,-1,-1,-1,0,-1
2024010519663,2024,010519663,1,8,0,18,19,5,1,0,0,0,0,0,0,0,3,1,1,1,1,62,9,-1,-1,-1,-1,3,E01002185,0,1
2024010492289,2024,010492289,2,10,0,99,99,9,9,99,99,0,9,99,9,99,1,9,6,6,3,-1,-1,-1,-1,-1,-1,-1,-1,0,-1
2024451476674,2024,451476674,1,98,0,-1,4,1,5,-1,0,4,0,0,0,0,3,1,-1,1,1,54,8,-1,-1,-1,-1,6,E01002680,0,3
2024332400867,2024,332400867,1,1,0,-1,19,8,4,-1,0,0,0,0,0,0,2,1,-1,1,1,39,7,-1,-1,-1,-1,2,E01013746,0,1
2024010550603,2024,010550603,2,9,0,99,99,9,9,99,99,9,9,0,9,99,1,9,6,6,1,-1,-1,-1,-1,-1,-1,-1,-1,0,-1
2024221405118,2024,221405118,2,1,0,-1,15,2,6,-1,0,8,0,0,0,0,1,1,-1,6,1,52,8,-1,-1,-1,-1,9,E01032337,0,1
2024010545554,2024,010545554,1,1,9,99,99,9,9,99,99,9,9,99,9,99,9,1,2,2,1,33,6,-1,-1,-1,-1,7,E01035492,0,1
2024061436687,2024,061436687,1,9,0,-1,9,4,2,-1,0,1,0,0,0,0,1,1,-1,9,2,60,9,-1,-1,-1,-1,3,E01006272,0,1
2024440113370,2024,440113370,1,9,0,1,1,3,7,0,0,0,0,0,0,0,2,1,6,6,2,45,7,-1,-1,-1,-1,2,E01033237,0,3
202417M112724,2024,17M112724,2,1,0,-1,19,7,3,-1,0,0,0,0,0,0,3,1,-1,9,1,7,2,-1,-1,-1,-1,2,E01012014,0,1
2024010519436,2024,010519436,1,9,0,5,5,7,3,0,0,2,0,0,0,0,3,1,6,6,2,36,7,-1,-1,-1,-1,2,E01002316,0,3
2024631458928,2024,631458928,1,1,0,-1,19,7,4,-1,0,0,0,0,0,0,2,1,-1,9,1,54,8,-1,-1,-1,-1,7,E01028940,0,4
2024141479186,2024,141479186,1,97,0,-1,19,8,4,-1,0,0,0,0,1,0,1,1,-1,9,1,53,8,-1,-1,-1,-1,9,E01013251,0,3
2024010499804,2024,010499804,1,19,0,1,1,1,5,0,0,6,0,0,0,0,2,1,1,1,1,59,9,-1,-1,-1,-1,6,E01016224,0,4
2024010497659,2024,010497659,2,9,0,99,99,9,9,99,99,9,9,99,9,99,1,9,6,6,3,-1,-1,-1,-1,-1,-1,-1,-1,0,-1
2024302400162,2024,302400162,2,9,0,18,19,4,8,0,0,6,0,0,0,0,1,1,6,6,1,54,8,-1,-1,-1,-1,5,E01019813,0,1
2024430186075,2024,430186075,2,9,0,17,19,7,5,0,0,0,0,0,0,0,1,1,6,6,2,76,11,-1,-1,-1,-1,10,E01017682,0,3
2024010534079,2024,010534079,2,1,0,3,3,5,1,0,0,1,0,0,1,0,1,1,6,6,1,45,7,-1,-1,-1,-1,9,E01030358,0,3
2024041407884,2024,041407884,1,9,0,-1,19,1,5,-1,0,0,0,4,0,0,1,1,-1,9,1,33,6,-1,-1,-1,-1,4,E01025459,0,1
2024221400400,2024,221400400,2,9,0,-1,5,3,7,-1,0,8,0,0,0,0,1,9,-1,6,1,47,8,-1,-1,-1,-1,-1,-1,0,-1
2024440343806,2024,440343806,2,1,0,18,19,5,1,0,0,0,0,0,0,0,2,1,6,6,1,18,4,-1,-1,-1,-1,2,E01022969,0,1
2024070621056,2024,070621056,1,9,0,5,5,7,1,0,0,6,0,0,0,0,4,1,6,6,2,53,8,-1,-1,-1,-1,2,E01014262,0,3
2024351526508,2024,351526508,2,-1,0,-1,19,5,1,-1,4,1,1,0,0,0,3,1,-1,2,2,28,6,-1,-1,-1,-1,8,E01018001,1,1
2024201444158,2024,201444158,2,19,0,-1,19,1,5,-1,0,0,0,0,0,0,1,1,-1,1,1,57,9,-1,-1,-1,-1,4,E01032592,0,1
2024061469113,2024,061469113,2,1,0,-1,19,1,1,-1,0,0,0,0,0,0,1,1,-1,6,1,45,7,-1,-1,-1,-1,-1,-1,0,-1
2024471411622,2024,471411622,1,9,0,-1,19,7,3,-1,0,2,0,0,0,0,-1,9,-1,6,1,-1,-1,-1,-1,-1,-1,-1,-1,0,-1
2024131482206,2024,131482206,1,-1,0,-1,19,1,1,-1,9,0,0,0,0,0,0,1,-1,6,2,29,6,-1,-1,-1,-1,6,E01011600,1,2
2024351430445,2024,351430445,1,99,-1,-1,-1,-1,-1,-1,-1,0,-1,-1,-1,0,-1,9,-1,6,1,-1,-1,-1,-1,-1,-1,-1,-1,0,-1
2024201413509,2024,201413509,1,9,0,-1,5,2,8,-1,0,6,0,0,0,0,3,9,-1,6,1,27,6,-1,-1,-1,-1,10,E01029678,0,2
2024161406314,2024,161406314,1,9,0,-1,9,1,7,-1,0,3,0,0,0,0,3,9,-1,9,1,18,4,-1,-1,-1,-1,6,E01012912,0,1
2024311438734,2024,311438734,2,1,0,-1,19,6,2,-1,9,1,0,0,0,0,1,1,-1,1,1,28,6,-1,-1,-1,-1,-1,-1,0,-1
2024041395641,2024,041395641,1,1,0,-1,19,1,5,-1,0,0,0,0,0,0,1,1,-1,6,1,27,6,-1,-1,-1,-1,2,E01025269,0,1
2024161448702,2024,161448702,1,9,0,-1,9,4,2,-1,0,0,0,0,0,0,4,1,-1,6,1,65,9,-1,-1,-1,-1,1,E01012894,0,4
2024501455259,2024,501455259,1,8,0,-1,19,1,5,-1,0,1,0,0,0,0,-1,9,-1,6,3,-1,-1,-1,-1,-1,-1,-1,-1,0,-1
2024221521699,2024,221521699,2,21,0,-1,3,1,5,-1,0,0,0,0,0,0,2,1,-1,1,1,32,6,-1,-1,-1,-1,7,E01035079,0,4
2024430563589,2024,430563589,2,9,0,7,7,3,5,0,0,6,0,0,0,0,3,1,6,6,3,-1,-1,-1,-1,-1,-1,-1,-1,0,-1
2024061466865,2024,061466865,1,1,0,-1,19,1,5,-1,0,2,0,0,0,0,1,1,-1,1,1,25,5,-1,-1,-1,-1,1,E01033676,0,1
2024010544837,2024,010544837,2,98,0,18,19,1,5,0,0,9,0,99,9,99,9,9,1,1,1,-1,-1,-1,-1,-1,-1,-1,-1,0,-1
2024332400735,2024,332400735,2,9,0,-1,9,7,5,-1,4,6,0,0,0,0,3,1,-1,6,2,-1,-1,-1,-1,-1,-1,-1,-1,0,-1
202417M110024,2024,17M110024,2,9,0,-1,19,5,1,-1,0,0,0,0,0,0,1,1,-1,6,3,-1,-1,-1,-1,-1,-1,-1,-1,0,-1
2024010516409,2024,010516409,2,1,0,18,19,5,1,5,5,6,0,0,0,0,1,1,6,6,2,31,6,-1,-1,-1,-1,8,W01000597,0,5
2024041472552,2024,041472552,1,1,0,-1,19,3,7,-1,9,1,0,0,0,0,1,1,-1,9,1,23,5,-1,-1,-1,-1,2,E01025292,0,1
2024101459950,2024,101459950,2,97,0,-1,7,2,4,-1,0,1,0,0,0,0,2,1,-1,6,3,-1,-1,-1,-1,-1,-1,-1,-1,0,-1
2024031449109,2024,031449109,2,9,0,-1,19,3,6,-1,0,0,0,0,0,0,0,1,-1,9,1,49,8,-1,-1,-1,-1,5,E01019094,0,3
2024221455459,2024,221455459,2,1,0,-1,19,5,1,-1,0,8,0,0,0,0,4,1,-1,6,1,19,4,-1,-1,-1,-1,5,E01035068,0,1
2024201453321,2024,201453321,2,9,0,-1,2,0,0,-1,0,0,0,0,0,0,2,1,-1,1,1,33,6,-1,-1,-1,-1,1,E01009514,0,2
2024161404903,2024,161404903,1,1,0,-1,19,3,7,-1,0,0,0,0,0,0,1,1,-1,6,1,-1,-1,-1,-1,-1,-1,-1,-1,0,-1
2024302401205,2024,302401205,2,9,0,10,10,4,1,0,0,1,0,0,0,0,2,1,1,1,1,38,7,-1,-1,-1,-1,9,E01019597,0,1
2024340WN6482,2024,340WN6482,1,1,0,-1,7,5,7,-1,0,6,0,11,0,0,1,1,-1,9,1,36,7,-1,-1,-1,-1,1,E01027153,0,1
2024471494397,2024,471494397,1,9,0,-1,11,2,6,-1,0,0,1,0,7,9,1,1,-1,1,1,28,6,-1,-1,-1,-1,3,E01031562,0,1
2024471397559,2024,471397559,2,1,0,-1,19,1,5,-1,0,0,5,0,0,0,2,1,-1,6,1,65,9,-1,-1,-1,-1,8,E01034298,0,1
2024991410615,2024,991410615,1,2,0,-1,19,3,7,-1,0,1,2,0,0,0,1,1,-1,6,1,22,5,-1,-1,-1,-1,-1,-1,0,-1
2024061435629,2024,061435629,2,9,0,-1,19,3,7,-1,0,8,0,0,0,0,1,9,-1,1,1,30,6,-1,-1,-1,-1,-1,-1,0,-1
2024131402354,2024,131402354,1,1,0,-1,19,3,7,-1,9,1,0,0,0,0,1,1,-1,2,1,25,5,-1,-1,-1,-1,1,E01011620,0,1
2024061522676,2024,061522676,1,9,-1,-1,-1,-1,-1,-1,-1,-1,-1,-1,-1,0,-1,9,-1,6,3,-1,-1,-1,-1,-1,-1,-1,-1,0,-1
2024061534700,2024,061534700,1,22,0,-1,12,-1,-1,-1,0,1,0,99,0,0,3,1,-1,6,1,35,6,-1,-1,-1,-1,3,E01005179,0,1
2024010513988,2024,010513988,1,9,0,18,19,3,7,0,0,1,0,0,0,0,2,1,2,2,1,48,8,-1,-1,-1,-1,4,E01002592,0,1
2024332400408,2024,332400408,1,3,0,-1,15,1,5,-1,0,8,0,0,1,0,1,1,-1,2,1,20,4,-1,-1,-1,-1,4,E01025953,0,1
2024522403273,2024,522403273,1,9,0,18,19,4,8,0,0,8,0,0,0,0,1,1,6,6,3,-1,-1,-1,-1,-1,-1,-1,-1,0,-1
2024531402664,2024,531402664,1,-1,0,-1,19,4,8,-1,0,8,0,0,0,0,1,1,-1,9,1,57,9,-1,-1,-1,-1,10,E01022114,1,1
2024101442670,2024,101442670,2,1,0,-1,19,7,3,-1,0,0,0,0,0,0,2,1,-1,6,1,53,8,-1,-1,-1,-1,2,E01008477,0,2
2024010487443,2024,010487443,1,9,0,16,19,7,3,0,0,0,0,0,7,0,1,1,6,6,2,29,6,-1,-1,-1,-1,7,E01004491,0,1
2024991413629,2024,991413629,2,1,0,-1,19,1,4,-1,0,1,0,0,0,0,1,1,-1,9,1,20,4,-1,-1,-1,-1,-1,-1,0,-1
2024131433886,2024,131433886,3,97,0,-1,-1,-1,-1,-1,-1,0,-1,-1,-1,-1,-1,1,-1,6,3,-1,-1,-1,-1,-1,-1,-1,-1,0,-1
2024340NN0862,2024,340NN0862,1,98,0,-1,11,5,1,-1,0,0,0,0,0,0,4,1,-1,6,1,-1,-1,-1,-1,-1,-1,-1,-1,0,-1
2024041400200,2024,041400200,1,9,0,-1,19,5,1,-1,0,8,0,0,0,0,3,1,-1,7,2,29,6,-1,-1,-1,-1,5,E01025061,0,1
2024201401354,2024,201401354,1,8,0,-1,5,4,8,-1,0,0,0,0,0,0,4,1,-1,1,1,39,7,-1,-1,-1,-1,3,E01009508,0,2
2024101457000,2024,101457000,2,1,0,-1,19,3,7,-1,9,0,0,0,0,0,1,1,-1,9,1,17,4,-1,-1,-1,-1,5,E01008861,0,1