collision_index,collision_year,collision_ref_no,vehicle_reference,vehicle_type,towing_and_articulation,vehicle_manoeuvre_historic,vehicle_manoeuvre,vehicle_direction_from,vehicle_direction_to,vehicle_location_restricted_lane_historic,vehicle_location_restricted_lane,junction_location,skidding_and_overturning,hit_object_in_carriageway,vehicle_leaving_carriageway,hit_object_off_carriageway,first_point_of_impact,vehicle_left_hand_drive,journey_purpose_of_driver_historic,journey_purpose_of_driver,sex_of_driver,age_of_driver,age_band_of_driver,engine_capacity_cc,propulsion_code,age_of_vehicle,generic_make_model,driver_imd_decile,lsoa_of_driver,escooter_flag,driver_distance_banding
2024010513051,2024,010513051,1,1,9,99,99,9,9,99,99,9,9,99,9,99,1,1,6,6,1,28,6,-1,-1,-1,-1,4,E01035484,0,1
2024010491911,2024,010491911,1,9,0,99,99,9,9,99,99,0,9,99,9,99,1,9,2,2,2,23,5,-1,-1,-1,-1,6,E01030610,0,2
2024010538000,2024,010538000,1,1,9,99,99,9,9,99,99,9,9,99,9,99,2,1,6,6,2,54,8,-1,-1,-1,-1,2,E01001588,0,1
2024991441190,2024,991441190,1,9,0,-1,4,6,2,-1,0,1,0,0,0,0,1,1,-1,6,2,73,10,-1,-1,-1,-1,7,-1,0,1
2024631483867,2024,631483867,1,9,0,-1,19,2,5,-1,0,4,0,0,0,0,1,1,-1,6,2,65,9,-1,-1,-1,-1,7,W01000619,0,1
2024111535969,2024,111535969,2,1,0,-1,19,5,1,-1,0,8,0,0,0,0,1,1,-1,9,1,55,8,-1,-1,-1,-1,2,E01020805,0,1
2024401480463,2024,401480463,2,1,-1,-1,-1,-1,-1,-1,-1,0,-1,-1,-1,0,-1,1,-1,9,1,16,4,-1,-1,-1,-1,8,E01015747,0,1
2024301522902,2024,301522902,1,90,0,-1,-1,8,4,-1,-1,0,0,99,0,0,2,1,-1,-1,1,71,10,-1,-1,-1,-1,5,E01028189,0,4
2024461433294,2024,461433294,1,21,1,-1,19,8,4,-1,0,0,0,7,0,0,3,1,-1,1,1,33,6,-1,-1,-1,-1,-1,-1,0,-1
2024471469765,2024,471469765,1,9,0,-1,19,2,6,-1,0,0,0,0,0,0,-1,9,-1,6,1,68,10,-1,-1,-1,-1,8,E01031617,0,3
2024430060924,2024,430060924,1,9,0,9,9,5,3,0,0,6,0,0,0,0,1,1,6,6,1,30,6,-1,-1,-1,-1,-1,-1,0,-1
2024010548722,2024,010548722,1,1,0,18,19,5,1,0,0,1,0,0,0,0,1,1,6,6,1,27,6,-1,-1,-1,-1,2,E01004239,0,1
2024430599517,2024,430599517,1,4,0,18,19,1,5,0,0,8,0,0,1,11,3,1,6,6,1,23,5,-1,-1,-1,-1,2,E01016443,0,1
2024070248941,2024,070248941,1,9,0,5,5,4,5,0,0,4,0,0,0,0,1,1,6,6,1,-1,-1,-1,-1,-1,-1,8,E01018361,0,1
2024421531067,2024,421531067,1,9,0,-1,19,6,2,-1,0,0,0,0,0,0,1,1,-1,9,1,19,4,-1,-1,-1,-1,8,E01021382,0,2
2024340NN3212,2024,340NN3212,3,9,0,-1,8,5,7,-1,0,1,0,0,0,0,1,1,-1,9,1,26,6,-1,-1,-1,-1,10,E01035409,0,3
2024010543765,2024,010543765,2,9,0,18,19,9,9,99,99,9,9,99,9,99,9,9,6,6,3,-1,-1,-1,-1,-1,-1,-1,-1,0,-1
2024010531115,2024,010531115,2,9,0,99,99,9,9,99,99,9,0,0,0,0,1,9,6,6,1,-1,-1,-1,-1,-1,-1,-1,-1,0,-1
2024070790540,2024,070790540,2,1,0,-1,7,8,1,-1,0,3,0,0,0,0,2,1,-1,9,1,66,10,-1,-1,-1,-1,9,E01018403,0,1
2024010504346,2024,010504346,2,1,0,18,19,1,5,0,0,1,0,0,0,0,3,1,6,6,1,37,7,-1,-1,-1,-1,4,E01000546,0,1
2024430252183,2024,430252183,1,9,0,7,7,2,4,0,0,6,0,0,0,0,3,1,6,6,1,50,8,-1,-1,-1,-1,9,E01003011,0,3
2024501446228,2024,501446228,1,9,0,-1,19,7,3,-1,0,0,0,0,0,0,1,9,-1,6,2,-1,-1,-1,-1,-1,-1,-1,-1,0,-1
2024522402046,2024,522402046,1,-1,0,18,19,5,1,4,4,8,0,0,0,0,1,1,6,6,1,31,6,-1,-1,-1,-1,1,E01014703,1,1
2024461481482,2024,461481482,1,-1,0,-1,19,5,1,-1,0,0,0,0,0,0,1,1,-1,9,1,16,4,-1,-1,-1,-1,6,E01024282,1,1
2024041423716,2024,041423716,1,9,0,-1,19,1,5,-1,0,0,0,0,0,0,1,1,-1,9,1,74,10,-1,-1,-1,-1,4,E01012604,0,1
2024451501805,2024,451501805,1,9,0,-1,19,3,7,-1,0,0,0,0,0,0,1,9,-1,6,3,50,8,-1,-1,-1,-1,-1,-1,0,-1
2024481570164,2024,481570164,1,1,0,-1,19,3,7,-1,0,0,0,0,0,0,4,1,-1,2,1,30,6,-1,-1,-1,-1,-1,-1,0,-1
2024010533456,2024,010533456,1,9,0,15,15,7,3,0,0,2,0,0,0,0,2,1,6,6,3,-1,-1,-1,-1,-1,-1,-1,-1,0,-1
2024440403578,2024,440403578,1,1,0,18,19,7,3,0,0,1,0,0,0,0,1,1,6,6,1,41,7,-1,-1,-1,-1,-1,-1,0,-1
2024522401894,2024,522401894,1,22,0,18,19,4,8,0,0,2,0,0,0,0,9,1,6,6,2,78,11,-1,-1,-1,-1,9,E01014779,0,1
2024430009724,2024,430009724,7,9,0,18,19,8,4,0,0,0,0,0,0,0,1,1,6,6,1,37,7,-1,-1,-1,-1,9,E01035760,0,4
2024010513536,2024,010513536,1,90,0,99,99,9,9,99,99,9,9,99,9,99,1,9,1,1,1,33,6,-1,-1,-1,-1,2,E01001875,0,1
2024010490267,2024,010490267,1,3,0,99,99,9,9,99,99,9,9,99,9,99,1,1,6,6,1,40,7,-1,-1,-1,-1,7,E01002204,0,1
2024010495985,2024,010495985,1,9,0,18,19,5,1,0,0,1,0,0,0,0,1,1,6,6,1,23,5,-1,-1,-1,-1,3,E01001440,0,1
2024340NN1732,2024,340NN1732,2,9,0,-1,19,3,7,-1,0,0,0,0,0,0,4,1,-1,9,1,50,8,-1,-1,-1,-1,8,E01027329,0,1
2024311531336,2024,311531336,1,22,0,-1,5,6,8,-1,9,0,0,0,0,0,1,1,-1,6,3,-1,-1,-1,-1,-1,-1,-1,-1,0,-1
2024122400416,2024,122400416,2,1,0,18,19,1,5,0,0,0,0,0,0,0,1,1,6,6,1,17,4,-1,-1,-1,-1,5,E01027729,0,1
2024131462840,2024,131462840,2,1,0,-1,9,7,5,-1,0,8,0,0,0,0,2,1,-1,6,-1,-1,-1,-1,-1,-1,-1,-1,-1,0,-1
2024010491039,2024,010491039,1,3,0,99,99,9,9,99,99,9,9,99,9,99,9,1,2,2,3,30,6,-1,-1,-1,-1,7,E01024133,0,4
2024052402380,2024,052402380,2,23,0,18,19,3,6,0,0,7,0,0,0,0,3,1,2,2,1,25,5,-1,-1,-1,-1,2,E01007219,0,1
2024010509278,2024,010509278,2,9,0,99,99,9,9,99,99,9,9,99,9,99,9,9,6,6,3,24,5,-1,-1,-1,-1,1,E01033456,0,3
2024991518394,2024,991518394,2,1,0,-1,19,7,3,-1,0,2,1,0,0,0,4,1,-1,1,1,30,6,-1,-1,-1,-1,5,-1,0,1
2024211520015,2024,211520015,2,1,0,-1,19,5,1,-1,0,0,0,0,0,0,4,1,-1,9,1,81,11,-1,-1,-1,-1,5,E01029627,0,2
2024340WN7252,2024,340WN7252,1,9,0,-1,19,3,7,-1,0,1,0,0,0,0,1,1,-1,6,3,-1,-1,-1,-1,-1,-1,-1,-1,0,-1
2024010516839,2024,010516839,1,9,0,99,99,9,9,99,99,9,9,99,9,99,0,9,6,6,3,-1,-1,-1,-1,-1,-1,-1,-1,0,-1
2024201398181,2024,201398181,1,9,0,-1,5,4,8,-1,9,2,0,0,0,0,3,9,-1,6,3,-1,-1,-1,-1,-1,-1,-1,-1,0,-1
2024461457384,2024,461457384,1,90,0,-1,3,2,4,-1,0,0,0,0,0,0,1,9,-1,6,1,56,9,-1,-1,-1,-1,5,E01024039,0,3
2024041433492,2024,041433492,2,9,0,-1,19,1,5,-1,0,0,0,0,0,0,1,1,-1,9,2,68,10,-1,-1,-1,-1,6,E01025123,0,1
2024430271600,2024,430271600,1,9,0,18,19,6,2,0,0,1,0,0,0,0,1,1,3,7,2,20,4,-1,-1,-1,-1,4,E01016455,0,1
2024311416780,2024,311416780,1,1,0,-1,19,2,6,-1,1,0,0,0,0,0,4,1,-1,7,1,11,3,-1,-1,-1,-1,1,E01013841,0,1
2024010541037,2024,010541037,2,9,0,99,99,9,9,99,99,9,9,99,9,99,9,9,6,6,3,-1,-1,-1,-1,-1,-1,-1,-1,0,-1
2024501475821,2024,501475821,2,9,0,-1,1,2,6,-1,0,0,0,0,0,0,0,1,-1,9,2,68,10,-1,-1,-1,-1,2,E01018949,0,4
2024522401171,2024,522401171,2,9,9,99,99,9,9,0,0,8,0,0,0,0,9,9,6,6,3,-1,-1,-1,-1,-1,-1,-1,-1,0,-1
2024010501471,2024,010501471,2,-1,0,9,9,7,5,0,0,6,0,0,0,0,1,1,6,6,1,14,3,-1,-1,-1,-1,2,E01002091,1,1
2024543270324,2024,543270324,1,9,0,5,5,0,2,9,9,6,0,0,0,0,1,1,6,6,2,32,6,-1,-1,-1,-1,8,E01015482,0,1
2024622400225,2024,622400225,2,-1,0,18,19,8,4,0,0,8,0,0,0,0,1,1,6,6,1,16,4,-1,-1,-1,-1,1,W01001707,1,1
2024141451328,2024,141451328,1,90,0,-1,19,4,8,-1,9,0,0,0,0,0,0,1,-1,9,1,45,7,-1,-1,-1,-1,1,E01007848,0,1
2024010515193,2024,010515193,2,9,0,99,99,9,9,99,99,9,9,99,9,99,1,9,6,6,3,-1,-1,-1,-1,-1,-1,-1,-1,0,-1
2024371500060,2024,371500060,2,1,0,-1,4,4,8,-1,0,1,0,0,0,0,1,1,-1,2,2,59,9,-1,-1,-1,-1,3,E01029978,0,1
202417M202424,2024,17M202424,2,9,0,13,13,4,8,0,0,0,0,0,0,0,4,1,6,6,3,-1,-1,-1,-1,-1,-1,-1,-1,0,-1
2024010491322,2024,010491322,2,9,0,99,99,9,9,99,99,9,9,99,9,99,1,9,6,6,3,-1,-1,-1,-1,-1,-1,-1,-1,0,-1
2024430012841,2024,430012841,1,9,0,4,4,4,8,0,0,0,1,0,0,0,0,1,2,2,1,41,7,-1,-1,-1,-1,9,E01033955,0,1
2024552400049,2024,552400049,2,3,0,10,10,6,3,0,0,1,0,0,0,0,3,1,6,6,2,18,4,-1,-1,-1,-1,5,E01015334,0,1
2024451528188,2024,451528188,2,9,0,-1,3,7,3,-1,99,0,9,0,3,0,1,1,-1,6,2,40,7,-1,-1,-1,-1,9,E01030492,0,3
2024052401493,2024,052401493,2,9,0,18,19,7,3,0,0,8,0,0,0,0,1,2,6,6,1,21,5,-1,-1,-1,-1,1,E01011434,0,5
2024010489918,2024,010489918,1,9,0,18,19,1,5,0,0,1,0,0,0,0,0,1,6,6,2,26,6,-1,-1,-1,-1,2,E01004311,0,1
2024010490307,2024,010490307,1,9,0,18,19,3,7,0,0,1,5,0,0,0,1,1,6,6,1,82,11,-1,-1,-1,-1,2,E01000386,0,1
2024430593850,2024,430593850,2,1,0,18,19,7,2,0,0,6,0,0,0,0,4,1,6,6,2,23,5,-1,-1,-1,-1,7,E01017832,0,1
2024451442294,2024,451442294,2,9,0,-1,19,1,4,-1,0,8,0,10,7,6,4,1,-1,9,2,65,9,-1,-1,-1,-1,10,E01030581,0,1
2024131515910,2024,131515910,2,1,0,-1,19,4,8,-1,0,8,0,0,0,0,3,1,-1,2,1,41,7,-1,-1,-1,-1,6,E01010786,0,2
2024010518209,2024,010518209,1,8,0,99,99,9,9,99,99,0,9,99,9,99,9,1,6,6,3,-1,-1,-1,-1,-1,-1,-1,-1,0,-1
2024131489402,2024,131489402,1,9,0,-1,19,4,8,-1,0,0,0,0,0,0,1,1,-1,6,3,-1,-1,-1,-1,-1,-1,-1,-1,0,-1
2024010550446,2024,010550446,1,9,0,9,9,2,8,0,0,1,0,0,0,0,1,1,6,6,3,-1,-1,-1,-1,-1,-1,-1,-1,0,-1
2024010525391,2024,010525391,2,1,9,99,99,9,9,99,99,9,9,99,9,99,1,1,6,6,1,-1,-1,-1,-1,-1,-1,-1,-1,0,-1
2024520401301,2024,520401301,2,9,0,18,19,3,7,0,0,8,0,0,0,0,1,1,6,6,2,41,7,-1,-1,-1,-1,4,E01035116,0,4
2024401454789,2024,401454789,2,1,0,-1,-1,-1,-1,-1,-1,-1,-1,-1,-1,0,3,1,-1,2,1,45,7,-1,-1,-1,-1,3,E01015744,0,1
2024101447202,2024,101447202,1,9,0,-1,19,1,5,-1,0,0,0,0,0,0,1,1,-1,9,2,31,6,-1,-1,-1,-1,2,E01008697,0,1
2024070761598,2024,070761598,1,-1,0,-1,19,3,7,-1,0,0,0,0,0,0,1,1,-1,9,1,25,5,-1,-1,-1,-1,5,E01018319,0,1
2024041526739,2024,041526739,2,1,0,-1,19,1,5,-1,0,8,0,0,0,0,4,1,-1,9,1,43,7,-1,-1,-1,-1,3,E01012699,0,1
2024010488738,2024,010488738,2,9,9,99,99,9,9,99,99,9,9,99,9,99,9,9,6,6,3,-1,-1,-1,-1,-1,-1,-1,-1,0,-1
2024520001423,2024,520001423,1,9,0,18,19,8,4,0,0,8,0,0,0,0,1,1,6,6,1,31,6,-1,-1,-1,-1,6,E01032692,0,4
2024010497908,2024,010497908,7,9,0,2,2,0,0,0,0,1,0,0,0,0,1,1,6,6,3,-1,-1,-1,-1,-1,-1,-1,-1,0,-1
2024010519815,2024,010519815,2,-1,0,18,19,1,5,0,0,8,0,0,0,0,1,1,6,6,1,35,6,-1,-1,-1,-1,2,E01001978,1,3
2024501464270,2024,501464270,2,9,0,-1,4,8,4,-1,0,1,0,0,0,0,1,2,-1,9,2,51,8,-1,-1,-1,-1,-1,-1,0,-1
2024010494321,2024,010494321,2,9,9,99,99,9,9,99,99,9,9,99,9,99,9,9,6,6,3,-1,-1,-1,-1,-1,-1,-1,-1,0,-1
2024010496752,2024,010496752,2,9,9,18,19,7,3,0,0,4,9,0,0,0,1,9,6,6,2,53,8,-1,-1,-1,-1,6,E01002541,0,1
2024010545855,2024,010545855,1,1,0,18,19,6,2,0,0,2,0,0,0,0,1,1,2,2,1,51,8,-1,-1,-1,-1,4,E01004296,0,1
2024131509137,2024,131509137,2,1,0,-1,19,1,5,-1,0,0,0,0,0,0,2,1,-1,6,1,55,8,-1,-1,-1,-1,9,E01011189,0,1
2024010527713,2024,010527713,1,-1,0,99,99,9,9,99,99,0,9,99,9,99,1,1,6,6,3,-1,-1,-1,-1,-1,-1,-1,-1,1,-1
2024010534731,2024,010534731,1,-1,0,18,19,4,8,0,0,1,0,0,0,0,1,1,6,6,1,35,6,-1,-1,-1,-1,3,E01002027,1,2
2024010492443,2024,010492443,1,9,0,99,99,9,9,99,99,9,9,99,9,99,2,9,2,2,1,30,6,-1,-1,-1,-1,4,E01004031,0,1
2024010543092,2024,010543092,2,9,0,99,99,9,9,99,99,9,9,99,9,99,1,9,6,6,3,-1,-1,-1,-1,-1,-1,-1,-1,0,-1
2024010523485,2024,010523485,2,1,0,18,19,3,7,0,0,1,0,0,0,0,1,1,6,6,2,45,7,-1,-1,-1,-1,-1,-1,0,-1
2024010495364,2024,010495364,2,9,9,99,99,9,9,99,99,9,9,99,9,99,9,1,6,6,3,-1,-1,-1,-1,-1,-1,-1,-1,0,-1
2024041526733,2024,041526733,1,9,0,-1,19,-1,-1,-1,0,0,0,0,0,0,-1,1,-1,6,3,-1,-1,-1,-1,-1,-1,-1,-1,0,-1
2024061531059,2024,061531059,1,9,0,-1,19,-1,-1,-1,0,9,0,0,0,0,1,1,-1,6,3,-1,-1,-1,-1,-1,-1,-1,-1,0,-1
2024010505401,2024,010505401,1,1,9,99,99,9,9,99,99,9,9,99,9,99,9,1,6,6,1,26,6,-1,-1,-1,-1,6,E01000069,0,3
2024061509325,2024,061509325,2,9,0,-1,7,-1,-1,-1,0,8,0,0,0,0,4,1,-1,6,1,-1,-1,-1,-1,-1,-1,8,E01005169,0,1
2024361511613,2024,361511613,2,9,-1,-1,-1,-1,-1,-1,-1,-1,-1,-1,-1,0,-1,9,-1,6,2,49,8,-1,-1,-1,-1,8,E01026587,0,1
2024201442376,2024,201442376,2,9,0,-1,19,6,2,-1,0,8,0,0,0,0,3,2,-1,6,1,-1,-1,-1,-1,-1,-1,2,E01009610,0,1
2024520402269,2024,520402269,1,1,0,18,19,8,6,0,0,0,0,0,0,0,9,1,6,6,1,10,2,-1,-1,-1,-1,7,E01029028,0,1
2024061448493,2024,061448493,1,1,0,-1,14,-1,-1,-1,0,9,0,1,0,0,1,1,-1,9,1,15,3,-1,-1,-1,-1,7,E01005772,0,1
2024010504162,2024,010504162,1,9,0,17,19,3,8,0,0,8,0,0,0,0,4,1,6,6,3,-1,-1,-1,-1,-1,-1,-1,-1,0,-1
2024010487551,2024,010487551,1,1,9,99,99,9,9,99,99,3,9,99,9,99,9,1,2,2,1,28,6,-1,-1,-1,-1,3,E01003162,0,2
2024501468459,2024,501468459,2,9,0,-1,19,1,5,-1,0,1,0,0,0,0,1,1,-1,6,3,-1,-1,-1,-1,-1,-1,-1,-1,0,-1
2024440437668,2024,440437668,1,19,0,18,19,4,8,0,0,2,0,0,0,0,1,1,6,6,1,57,9,-1,-1,-1,-1,10,E01034724,0,2
2024041469514,2024,041469514,2,1,0,-1,19,5,1,-1,0,1,0,0,0,0,0,1,-1,9,1,13,3,-1,-1,-1,-1,9,E01024994,0,1
2024041462991,2024,041462991,1,97,0,-1,19,5,7,-1,0,0,0,0,0,0,-1,1,-1,6,3,-1,-1,-1,-1,-1,-1,-1,-1,0,-1
2024231512962,2024,231512962,1,9,0,-1,19,1,5,-1,0,8,0,0,0,0,3,1,-1,6,1,23,5,-1,-1,-1,-1,-1,-1,0,-1
2024440027096,2024,440027096,1,97,0,18,19,3,7,0,0,0,0,0,0,0,1,1,6,6,1,23,5,-1,-1,-1,-1,2,E01022949,0,1
2024311422511,2024,311422511,2,9,0,-1,19,7,3,-1,0,1,0,0,1,0,1,1,-1,6,1,58,9,-1,-1,-1,-1,7,E01027999,0,1
2024430122713,2024,430122713,1,1,0,18,19,3,7,0,0,1,0,0,0,0,4,1,4,7,2,11,3,-1,-1,-1,-1,6,E01016374,0,1
2024161395155,2024,161395155,1,1,0,-1,19,7,3,-1,0,0,0,0,0,0,4,1,-1,2,1,39,7,-1,-1,-1,-1,1,E01012787,0,1
2024522401989,2024,522401989,1,1,0,18,19,8,4,0,0,8,0,0,0,0,1,1,6,6,1,36,7,-1,-1,-1,-1,6,E01014399,0,1
2024351465710,2024,351465710,1,9,0,-1,19,7,3,-1,0,1,0,0,1,10,3,1,-1,6,2,78,11,-1,-1,-1,-1,10,E01023657,0,1
2024471460680,2024,471460680,2,1,0,-1,19,-1,-1,-1,0,4,0,0,0,0,-1,1,-1,6,2,-1,-1,-1,-1,-1,-1,9,E01031475,0,1
2024061395650,2024,061395650,2,5,0,-1,19,3,7,-1,0,1,0,0,0,0,1,1,-1,9,1,27,6,-1,-1,-1,-1,-1,-1,0,-1
2024471417902,2024,471417902,1,9,0,-1,19,1,5,-1,0,0,0,0,0,0,1,1,-1,1,1,34,6,-1,-1,-1,-1,7,E01000993,0,4
2024361489144,2024,361489144,2,1,0,-1,19,3,7,-1,0,8,2,4,0,0,1,1,-1,9,1,43,7,-1,-1,-1,-1,1,E01026687,0,4
2024302400532,2024,302400532,2,-1,0,18,19,1,5,0,0,8,0,0,0,0,3,1,6,6,1,11,3,-1,-1,-1,-1,2,E01019777,1,1
2024010514686,2024,010514686,1,1,9,99,99,9,9,99,99,9,9,99,9,99,1,1,6,6,1,-1,-1,-1,-1,-1,-1,-1,-1,0,-1
2024061456890,2024,061456890,1,19,0,-1,9,3,1,-1,0,8,0,0,0,0,3,1,-1,9,1,37,7,-1,-1,-1,-1,-1,-1,0,-1
2024430024376,2024,430024376,1,1,0,18,19,2,6,0,0,8,0,0,0,0,3,1,2,2,1,26,6,-1,-1,-1,-1,5,E01016487,0,4
2024471396149,2024,471396149,2,9,0,-1,19,6,2,-1,0,0,0,0,0,0,2,1,-1,6,1,32,6,-1,-1,-1,-1,4,E01031441,0,1
2024411463398,2024,411463398,1,9,-1,-1,4,1,5,-1,9,0,0,0,0,0,-1,9,-1,6,2,-1,-1,-1,-1,-1,-1,-1,-1,0,-1
2024010490308,2024,010490308,2,9,0,18,19,5,1,0,0,0,0,0,0,0,4,1,6,6,1,53,8,-1,-1,-1,-1,3,E01003580,0,1
2024221533957,2024,221533957,1,19,0,-1,19,4,8,-1,0,0,0,0,7,4,1,1,-1,1,1,48,8,-1,-1,-1,-1,3,E01034330,0,2
2024010529220,2024,010529220,2,1,9,99,99,9,9,99,99,9,9,99,9,99,9,1,6,6,1,23,5,-1,-1,-1,-1,-1,-1,0,-1
2024311508265,2024,311508265,2,1,0,-1,19,1,6,-1,0,1,0,0,0,0,3,1,-1,9,1,15,3,-1,-1,-1,-1,7,E01028000,0,1
2024302401453,2024,302401453,3,19,0,11,11,1,5,0,0,0,1,0,0,0,1,1,6,6,1,26,6,-1,-1,-1,-1,9,E01010248,0,4
2024421434973,2024,421434973,2,1,0,-1,14,3,7,-1,0,1,0,0,0,0,3,1,-1,6,1,57,9,-1,-1,-1,-1,5,E01015832,0,1
2024302401638,2024,302401638,2,9,0,2,2,0,0,0,0,1,0,0,0,0,0,1,6,6,3,-1,-1,-1,-1,-1,-1,5,E01019456,0,4
2024201523659,2024,201523659,1,9,0,-1,9,8,6,-1,0,5,0,0,0,0,1,9,-1,6,1,-1,-1,-1,-1,-1,-1,-1,-1,0,-1
2024011507926,2024,011507926,2,1,0,-1,19,5,1,-1,0,0,0,0,0,0,2,1,-1,6,1,24,5,-1,-1,-1,-1,-1,-1,0,-1
2024411411444,2024,411411444,2,1,0,-1,7,2,6,-1,0,3,2,0,0,0,3,1,-1,9,1,36,7,-1,-1,-1,-1,5,E01023331,0,1
2024332401056,2024,332401056,2,9,0,-1,19,3,7,-1,0,8,0,0,0,0,1,1,-1,6,3,-1,-1,-1,-1,-1,-1,-1,-1,0,-1
2024440137144,2024,440137144,2,9,0,18,19,7,3,0,0,0,1,0,0,0,1,1,6,6,1,57,9,-1,-1,-1,-1,-1,-1,0,-1
2024010514601,2024,010514601,2,9,9,99,99,9,9,99,99,9,9,99,9,99,9,9,6,6,3,-1,-1,-1,-1,-1,-1,-1,-1,0,-1
2024010491224,2024,010491224,2,9,0,18,19,1,5,0,0,1,0,7,0,0,1,1,6,6,2,42,7,-1,-1,-1,-1,2,E01000028,0,1
2024201466710,2024,201466710,1,9,0,-1,3,3,7,-1,0,0,0,0,0,0,1,9,-1,6,3,18,4,-1,-1,-1,-1,-1,-1,0,-1
2024101519201,2024,101519201,2,9,0,-1,3,6,2,-1,0,8,0,0,0,0,2,1,-1,6,2,33,6,-1,-1,-1,-1,2,E01008698,0,1
2024052401122,2024,052401122,1,9,0,18,19,3,7,0,0,0,0,0,0,0,4,1,6,6,3,-1,-1,-1,-1,-1,-1,-1,-1,0,-1
2024430595621,2024,430595621,1,9,0,5,5,1,2,0,0,3,0,0,0,0,4,1,6,6,1,51,8,-1,-1,-1,-1,7,E01016728,0,1
2024010520317,2024,010520317,1,1,9,99,99,9,9,99,99,0,9,8,9,99,9,1,1,1,1,39,7,-1,-1,-1,-1,3,E01004231,0,1
2024052400583,2024,052400583,1,8,0,5,5,3,7,0,0,0,0,0,0,0,4,1,1,1,3,-1,-1,-1,-1,-1,-1,-1,-1,0,-1
2024201432168,2024,201432168,2,9,0,-1,19,2,6,-1,0,8,0,4,0,0,3,9,-1,6,1,74,10,-1,-1,-1,-1,2,E01010244,0,1
2024991475331,2024,991475331,1,9,0,-1,19,2,6,-1,0,0,0,0,7,0,3,1,-1,6,1,85,11,-1,-1,-1,-1,4,-1,0,2
2024320506408,2024,320506408,1,9,0,-1,-1,3,7,0,0,0,0,0,0,0,4,1,6,6,3,-1,-1,-1,-1,-1,-1,-1,-1,0,-1
2024111417935,2024,111417935,1,9,0,-1,19,7,3,-1,0,8,0,0,0,0,1,1,-1,6,3,30,6,-1,-1,-1,-1,-1,-1,0,-1
2024052400435,2024,052400435,1,9,0,5,5,7,3,0,0,1,0,0,0,0,4,1,6,6,3,-1,-1,-1,-1,-1,-1,-1,-1,0,-1
2024010488325,2024,010488325,1,3,0,99,99,9,9,99,99,2,9,99,9,99,9,1,1,1,1,27,6,-1,-1,-1,-1,4,E01000639,0,1
2024231522231,2024,231522231,2,9,0,-1,19,8,4,-1,0,8,1,0,0,0,4,1,-1,1,1,19,4,-1,-1,-1,-1,10,E01031225,0,2
2024411457450,2024,411457450,1,9,0,-1,19,2,3,-1,0,8,0,0,0,0,1,1,-1,1,1,45,7,-1,-1,-1,-1,7,E01023594,0,3
2024430008339,2024,430008339,1,9,0,18,19,9,9,9,9,0,0,0,0,0,3,1,6,6,1,-1,-1,-1,-1,-1,-1,-1,-1,0,-1
2024010530865,2024,010530865,2,9,0,99,99,9,9,99,99,9,9,99,9,99,9,9,6,6,3,-1,-1,-1,-1,-1,-1,-1,-1,0,-1
2024201403712,2024,201403712,2,9,0,-1,19,4,8,-1,0,1,0,0,0,0,2,1,-1,6,1,-1,-1,-1,-1,-1,-1,-1,-1,0,-1
2024201488878,2024,201488878,1,9,0,-1,19,4,8,-1,0,0,0,0,0,0,1,9,-1,6,3,-1,-1,-1,-1,-1,-1,-1,-1,0,-1
2024010528429,2024,010528429,1,9,0,18,19,4,8,0,0,8,0,10,0,0,1,1,6,6,1,20,4,-1,-1,-1,-1,5,E01000606,0,1
2024031482009,2024,031482009,1,5,0,-1,19,4,5,-1,0,0,0,0,0,0,4,1,-1,9,1,63,9,-1,-1,-1,-1,-1,-1,0,-1
2024010487674,2024,010487674,3,9,9,99,99,9,9,99,99,0,9,99,9,99,9,9,6,6,3,-1,-1,-1,-1,-1,-1,-1,-1,0,-1
2024141488175,2024,141488175,1,1,0,-1,19,1,5,-1,0,8,0,0,0,0,4,1,-1,9,1,9,2,-1,-1,-1,-1,5,E01007613,0,2
2024311521828,2024,311521828,2,-1,0,-1,19,3,7,-1,0,0,0,0,0,0,4,1,-1,9,1,15,3,-1,-1,-1,-1,2,E01028053,1,1
2024131428753,2024,131428753,1,9,0,-1,19,1,5,-1,0,1,0,0,0,0,1,1,-1,6,1,35,6,-1,-1,-1,-1,-1,-1,0,-1
2024221517844,2024,221517844,1,19,0,-1,9,3,8,-1,0,6,0,0,0,0,3,1,-1,6,1,79,11,-1,-1,-1,-1,5,E01029670,0,3
2024131408659,2024,131408659,1,1,0,-1,19,1,5,-1,0,0,2,0,7,0,1,1,-1,9,1,60,9,-1,-1,-1,-1,8,E01011310,0,1
2024010492755,2024,010492755,2,9,0,99,99,9,9,99,99,9,9,99,9,99,1,9,6,6,3,-1,-1,-1,-1,-1,-1,-1,-1,0,-1
2024010519393,2024,010519393,1,1,9,99,99,9,9,99,99,9,9,99,9,99,9,1,2,2,1,27,6,-1,-1,-1,-1,4,E01023301,0,2
2024421492038,2024,421492038,1,9,0,-1,19,4,1,-1,0,0,0,0,0,0,1,2,-1,9,2,71,10,-1,-1,-1,-1,-1,-1,0,-1
2024010531536,2024,010531536,2,1,0,9,9,3,8,9,9,2,0,0,0,0,1,1,6,6,3,-1,-1,-1,-1,-1,-1,-1,-1,0,-1
2024010498417,2024,010498417,1,9,0,99,99,9,9,99,99,9,9,99,9,99,9,9,6,6,1,47,8,-1,-1,-1,-1,10,E01022847,0,4
2024351479124,2024,351479124,1,9,-1,-1,4,8,3,-1,0,0,0,0,0,0,-1,9,-1,6,3,-1,-1,-1,-1,-1,-1,-1,-1,0,-1
2024010505194,2024,010505194,2,9,0,99,99,9,9,99,99,9,9,99,9,99,9,9,6,6,3,-1,-1,-1,-1,-1,-1,-1,-1,0,-1
2024471495899,2024,471495899,1,98,0,-1,-1,-1,-1,-1,-1,0,-1,-1,-1,0,-1,9,-1,6,3,-1,-1,-1,-1,-1,-1,-1,-1,0,-1
2024141533712,2024,141533712,1,22,0,-1,5,1,2,-1,9,1,0,0,0,0,1,1,-1,6,3,-1,-1,-1,-1,-1,-1,-1,-1,0,-1
2024010513555,2024,010513555,2,1,0,15,15,7,3,0,0,1,0,0,0,0,1,1,6,6,1,31,6,-1,-1,-1,-1,2,E01001783,0,1