collision_index,collision_year,collision_ref_no,vehicle_reference,vehicle_type,towing_and_articulation,vehicle_manoeuvre_historic,vehicle_manoeuvre,vehicle_direction_from,vehicle_direction_to,vehicle_location_restricted_lane_historic,vehicle_location_restricted_lane,junction_location,skidding_and_overturning,hit_object_in_carriageway,vehicle_leaving_carriageway,hit_object_off_carriageway,first_point_of_impact,vehicle_left_hand_drive,journey_purpose_of_driver_historic,journey_purpose_of_driver,sex_of_driver,age_of_driver,age_band_of_driver,engine_capacity_cc,propulsion_code,age_of_vehicle,generic_make_model,driver_imd_decile,lsoa_of_driver,escooter_flag,driver_distance_banding
2024161407145,2024,161407145,2,9,0,-1,12,1,3,-1,0,1,0,0,0,0,1,1,-1,6,2,76,11,-1,-1,-1,-1,4,E01013082,0,1
2024041431810,2024,041431810,1,1,0,-1,19,7,3,-1,0,2,0,0,0,0,-1,1,-1,6,1,7,2,-1,-1,-1,-1,3,E01025138,0,1
2024531466748,2024,531466748,2,1,0,-1,5,6,2,-1,0,0,0,0,0,0,3,1,-1,7,2,13,3,-1,-1,-1,-1,5,E01022440,0,1
2024052401533,2024,052401533,1,1,0,18,19,7,1,0,0,1,0,0,0,0,2,1,6,6,1,11,3,-1,-1,-1,-1,2,E01006536,0,2
2024461412349,2024,461412349,2,9,0,-1,3,4,8,-1,0,0,0,0,0,0,2,1,-1,1,1,45,7,-1,-1,-1,-1,5,E01024379,0,3
2024161413697,2024,161413697,1,9,0,-1,19,5,1,-1,0,0,1,0,7,0,3,1,-1,1,2,63,9,-1,-1,-1,-1,9,E01011513,0,4
2024010500469,2024,010500469,1,1,9,99,99,9,9,99,99,9,9,99,9,99,9,1,6,6,3,-1,-1,-1,-1,-1,-1,-1,-1,0,-1
2024131443306,2024,131443306,1,9,0,-1,7,5,6,-1,0,5,0,0,0,0,1,1,-1,6,-1,-1,-1,-1,-1,-1,-1,-1,-1,0,-1
202417H107524,2024,17H107524,1,9,0,-1,19,3,7,-1,0,0,0,0,0,0,4,1,-1,9,1,-1,-1,-1,-1,-1,-1,-1,-1,0,-1
2024010532113,2024,010532113,1,9,0,18,19,2,6,0,0,0,0,0,0,0,1,1,6,6,3,-1,-1,-1,-1,-1,-1,-1,-1,0,-1
2024461467912,2024,461467912,2,9,0,-1,4,7,3,-1,0,0,0,0,0,0,2,9,-1,6,2,55,8,-1,-1,-1,-1,8,E01024145,0,1
2024361515535,2024,361515535,1,-1,0,-1,-1,-1,-1,-1,9,0,0,0,-1,0,-1,9,-1,6,1,28,6,-1,-1,-1,-1,-1,-1,1,-1
2024010532023,2024,010532023,2,5,0,13,13,1,5,0,0,0,1,0,0,0,1,1,2,2,1,43,7,-1,-1,-1,-1,9,E01000673,0,1
2024131460543,2024,131460543,2,1,0,-1,19,3,7,-1,0,8,0,0,0,0,1,1,-1,7,1,14,3,-1,-1,-1,-1,3,E01010827,0,1
2024010488412,2024,010488412,1,9,0,99,99,9,9,99,99,9,9,99,9,99,2,9,6,6,1,54,8,-1,-1,-1,-1,6,E01003711,0,1
2024010488052,2024,010488052,1,11,0,5,5,1,5,2,2,1,0,0,0,0,0,1,1,1,1,26,6,-1,-1,-1,-1,4,E01000497,0,1
2024531481696,2024,531481696,3,9,0,-1,2,0,0,-1,0,0,0,0,0,0,4,9,-1,6,3,-1,-1,-1,-1,-1,-1,-1,-1,0,-1
2024010492728,2024,010492728,2,1,9,99,99,9,9,99,99,9,9,99,9,99,2,1,6,6,2,-1,-1,-1,-1,-1,-1,-1,-1,0,-1
2024010496402,2024,010496402,2,1,0,18,19,5,1,0,0,8,0,0,0,0,1,1,6,6,2,28,6,-1,-1,-1,-1,8,E01004623,0,3
2024010508889,2024,010508889,1,9,0,18,19,1,5,0,0,1,5,0,0,0,1,1,6,6,1,87,11,-1,-1,-1,-1,6,E01001419,0,1
2024052401016,2024,052401016,1,9,0,18,19,5,1,0,0,4,0,0,0,0,1,1,6,6,1,56,9,-1,-1,-1,-1,10,E01022499,0,5
2024010505136,2024,010505136,1,-1,0,18,19,5,1,0,0,1,0,0,0,0,4,1,4,7,1,16,4,-1,-1,-1,-1,1,E01001358,1,1
2024340NN1802,2024,340NN1802,2,9,0,-1,10,5,1,-1,0,8,0,0,0,0,2,1,-1,9,2,68,10,-1,-1,-1,-1,7,E01027043,0,1
2024061417082,2024,061417082,1,9,-1,-1,-1,-1,-1,-1,-1,0,-1,-1,-1,0,-1,9,-1,6,3,-1,-1,-1,-1,-1,-1,-1,-1,0,-1
2024131418244,2024,131418244,2,9,0,-1,9,1,1,-1,0,0,0,0,0,0,0,1,-1,1,2,30,6,-1,-1,-1,-1,1,E01010730,0,1
2024440363672,2024,440363672,3,9,0,18,19,1,5,0,0,0,0,0,0,0,3,1,1,1,1,34,6,-1,-1,-1,-1,8,E01022710,0,2
2024010495484,2024,010495484,2,90,9,99,99,9,9,99,99,8,9,99,9,99,1,9,6,6,3,-1,-1,-1,-1,-1,-1,-1,-1,0,-1
2024010537179,2024,010537179,2,1,9,99,99,9,9,99,99,9,9,99,9,99,1,1,2,2,1,20,4,-1,-1,-1,-1,2,E01004008,0,1
2024010520583,2024,010520583,1,1,9,99,99,9,9,99,99,9,9,99,9,99,9,1,2,2,1,49,8,-1,-1,-1,-1,3,E01001749,0,2
2024471440986,2024,471440986,1,1,0,-1,14,1,5,-1,0,2,0,0,0,0,3,1,-1,6,1,11,3,-1,-1,-1,-1,2,E01031450,0,1
2024131454016,2024,131454016,1,9,0,-1,-1,-1,-1,-1,-1,0,-1,-1,-1,-1,-1,1,-1,6,3,-1,-1,-1,-1,-1,-1,-1,-1,0,-1
2024201520395,2024,201520395,1,9,0,-1,9,3,8,-1,0,6,0,0,0,0,1,1,-1,6,2,37,7,-1,-1,-1,-1,10,E01029662,0,1
2024552401042,2024,552401042,5,9,0,3,3,2,6,0,0,0,0,0,0,0,2,1,1,1,1,42,7,-1,-1,-1,-1,8,E01015118,0,5
2024161454089,2024,161454089,1,11,0,-1,2,0,0,-1,2,0,0,0,0,0,0,1,-1,6,3,-1,-1,-1,-1,-1,-1,-1,-1,0,-1
2024451491731,2024,451491731,1,1,0,-1,19,6,2,-1,0,0,9,99,0,0,9,1,-1,9,1,54,8,-1,-1,-1,-1,8,E01030390,0,1
2024421503574,2024,421503574,1,9,0,-1,5,4,5,-1,0,2,0,0,0,0,1,1,-1,6,2,76,11,-1,-1,-1,-1,8,E01021740,0,2
2024522500358,2024,522500358,5,9,0,2,2,0,0,0,0,0,0,0,0,0,3,1,6,6,3,-1,-1,-1,-1,-1,-1,-1,-1,0,-1
2024041469831,2024,041469831,2,1,0,-1,19,3,7,-1,0,0,0,0,0,0,4,1,-1,9,1,51,8,-1,-1,-1,-1,4,E01025276,0,1
2024052401465,2024,052401465,2,1,0,18,19,4,8,0,0,8,0,0,0,0,3,1,6,6,1,40,7,-1,-1,-1,-1,1,E01006732,0,1
2024552401375,2024,552401375,2,1,0,18,19,4,8,4,4,8,0,0,0,0,1,1,6,6,1,26,6,-1,-1,-1,-1,7,E01015462,0,1
2024351464806,2024,351464806,1,98,-1,-1,-1,-1,-1,-1,-1,0,-1,-1,-1,0,2,9,-1,6,1,-1,-1,-1,-1,-1,-1,-1,-1,0,-1
2024141418985,2024,141418985,2,9,0,-1,19,5,1,-1,0,0,0,0,0,0,0,9,-1,6,3,-1,-1,-1,-1,-1,-1,-1,-1,0,-1
2024221422868,2024,221422868,1,9,0,-1,9,8,6,-1,0,5,0,0,0,0,4,9,-1,6,2,20,4,-1,-1,-1,-1,8,E01033528,0,1
2024010526667,2024,010526667,2,9,0,10,10,5,3,0,0,2,0,0,0,0,0,1,6,6,3,-1,-1,-1,-1,-1,-1,-1,-1,0,-1
2024430338718,2024,430338718,1,9,0,18,19,5,1,0,0,0,0,7,1,1,1,1,6,6,1,21,5,-1,-1,-1,-1,4,E01016474,0,3
2024340WN5962,2024,340WN5962,1,9,0,-1,19,3,7,-1,0,0,0,0,0,0,1,1,-1,6,3,-1,-1,-1,-1,-1,-1,-1,-1,0,-1
2024622400368,2024,622400368,2,9,0,18,19,1,5,0,0,1,0,0,0,0,4,1,6,6,2,64,9,-1,-1,-1,-1,2,W01001070,0,1
2024471475184,2024,471475184,3,9,0,-1,12,1,5,-1,0,2,0,0,0,0,2,1,-1,9,1,37,7,-1,-1,-1,-1,2,E01020925,0,1
2024430475048,2024,430475048,2,9,0,18,19,3,7,0,0,4,0,0,0,0,1,1,6,6,1,-1,-1,-1,-1,-1,-1,-1,-1,0,-1
2024010536421,2024,010536421,2,1,0,18,19,5,1,4,4,8,0,0,1,0,4,1,1,1,2,26,6,-1,-1,-1,-1,6,E01003030,0,1
2024610016524,2024,610016524,1,3,0,18,19,4,8,0,0,0,0,0,1,11,4,1,2,2,1,27,6,-1,-1,-1,-1,5,W01001490,0,1
2024311492741,2024,311492741,2,11,0,-1,19,5,1,-1,0,1,0,0,0,0,0,9,-1,1,1,24,5,-1,-1,-1,-1,-1,-1,0,-1
2024010529294,2024,010529294,2,9,0,99,99,9,9,99,99,9,9,99,9,99,9,9,6,6,3,-1,-1,-1,-1,-1,-1,4,E01001478,0,1
2024010489352,2024,010489352,1,9,0,7,7,1,4,0,0,1,0,0,0,0,4,1,2,2,1,32,6,-1,-1,-1,-1,3,E01000081,0,4
2024010537274,2024,010537274,1,1,9,99,99,9,9,99,99,9,9,99,9,99,9,1,6,6,1,37,7,-1,-1,-1,-1,5,E01001276,0,2
2024010491183,2024,010491183,1,1,9,99,99,9,9,99,99,9,9,99,9,99,9,1,1,1,2,24,5,-1,-1,-1,-1,6,E01000566,0,1
2024010493036,2024,010493036,2,9,0,99,99,9,9,99,99,9,9,99,9,99,9,9,6,6,3,-1,-1,-1,-1,-1,-1,-1,-1,0,-1
2024430411999,2024,430411999,3,9,0,4,4,4,8,0,0,4,0,0,0,0,2,1,1,1,2,50,8,-1,-1,-1,-1,-1,-1,0,-1
2024522402417,2024,522402417,2,1,0,9,9,2,8,0,0,8,0,0,0,0,1,1,6,6,2,34,6,-1,-1,-1,-1,6,E01014989,0,2
2024430320386,2024,430320386,2,9,0,18,19,6,2,0,0,4,0,0,0,0,1,1,6,6,3,-1,-1,-1,-1,-1,-1,-1,-1,0,-1
2024991463793,2024,991463793,2,9,0,-1,19,5,1,-1,0,1,0,0,0,0,4,2,-1,6,2,55,8,-1,-1,-1,-1,4,-1,0,2
2024520401754,2024,520401754,1,1,0,18,19,5,1,0,0,8,0,0,0,0,1,1,6,6,1,74,10,-1,-1,-1,-1,5,E01029121,0,2
2024010520051,2024,010520051,1,9,0,18,19,7,3,0,0,0,0,0,0,0,1,1,6,6,3,34,6,-1,-1,-1,-1,-1,-1,0,-1
2024070355436,2024,070355436,1,90,0,18,19,7,3,0,0,8,0,0,0,0,1,1,6,6,1,64,9,-1,-1,-1,-1,6,E01012414,0,1
2024010492975,2024,010492975,1,9,0,4,4,5,1,0,0,1,0,0,0,0,4,1,6,6,2,29,6,-1,-1,-1,-1,3,E01001448,0,1
2024461403068,2024,461403068,2,9,0,-1,19,2,6,-1,0,8,0,0,0,0,3,1,-1,6,1,38,7,-1,-1,-1,-1,2,E01024294,0,3
2024010535897,2024,010535897,2,5,0,99,99,9,9,99,99,9,9,99,9,99,1,1,6,6,3,-1,-1,-1,-1,-1,-1,-1,-1,0,-1
2024010522206,2024,010522206,1,1,9,99,99,9,9,99,99,9,9,99,9,99,9,1,6,6,2,37,7,-1,-1,-1,-1,7,E01000881,0,1
2024440444760,2024,440444760,1,20,0,18,19,5,1,0,0,6,0,0,0,0,1,1,1,1,1,-1,-1,-1,-1,-1,-1,-1,-1,0,-1
2024122401248,2024,122401248,1,1,0,18,19,5,1,0,0,8,0,0,0,0,4,1,6,6,1,53,8,-1,-1,-1,-1,7,E01027633,0,1
2024531501629,2024,531501629,1,9,0,-1,19,5,1,-1,0,8,0,0,0,0,1,9,-1,6,1,40,7,-1,-1,-1,-1,8,E01022402,0,2
2024421469747,2024,421469747,1,9,0,-1,19,6,2,-1,2,0,0,0,0,0,0,1,-1,6,3,-1,-1,-1,-1,-1,-1,-1,-1,0,-1
2024010525033,2024,010525033,1,9,0,99,99,9,9,99,99,9,9,99,9,99,2,9,6,6,1,29,6,-1,-1,-1,-1,7,E01028725,0,4
2024052401649,2024,052401649,1,1,0,18,19,8,4,0,0,1,0,0,0,0,1,1,6,6,1,22,5,-1,-1,-1,-1,1,E01007296,0,1
2024221520977,2024,221520977,1,9,0,-1,19,6,2,-1,0,0,0,0,0,0,1,9,-1,6,2,63,9,-1,-1,-1,-1,2,E01008943,0,4
2024610006324,2024,610006324,1,23,0,18,19,3,7,0,0,8,0,0,0,0,1,1,6,6,1,14,3,-1,-1,-1,-1,2,W01001466,0,1
2024451404180,2024,451404180,2,-1,0,-1,19,1,5,-1,0,0,0,0,0,0,1,9,-1,6,1,30,6,-1,-1,-1,-1,-1,-1,1,-1
2024531434009,2024,531434009,2,9,0,-1,19,7,3,-1,0,2,0,0,0,0,4,1,-1,1,1,39,7,-1,-1,-1,-1,10,E01028816,0,4
2024010553631,2024,010553631,2,1,9,99,99,9,9,4,4,9,9,99,9,99,1,1,1,1,1,-1,-1,-1,-1,-1,-1,-1,-1,0,-1
2024161410478,2024,161410478,1,-1,0,-1,19,7,3,-1,0,0,1,0,0,0,0,9,-1,6,2,33,6,-1,-1,-1,-1,1,E01012887,1,1
2024471492068,2024,471492068,2,1,-1,-1,19,6,5,-1,0,1,0,0,0,0,1,1,-1,6,1,24,5,-1,-1,-1,-1,8,E01031821,0,1
2024010494402,2024,010494402,1,9,0,3,3,7,3,0,0,1,0,0,0,0,2,1,6,6,1,51,8,-1,-1,-1,-1,6,E01003843,0,1
2024131453363,2024,131453363,2,9,0,-1,9,5,7,-1,0,6,0,0,0,0,3,1,-1,9,2,69,10,-1,-1,-1,-1,5,E01011766,0,1
2024430188444,2024,430188444,2,1,0,18,19,5,1,0,0,8,0,0,0,0,3,1,6,6,1,14,3,-1,-1,-1,-1,-1,-1,0,-1
2024320001303,2024,320001303,1,1,0,18,19,5,1,5,5,0,0,0,0,0,1,1,6,6,3,-1,-1,-1,-1,-1,-1,-1,-1,0,-1
2024411470787,2024,411470787,1,9,0,-1,5,3,7,-1,0,4,0,0,0,0,1,1,-1,6,2,68,10,-1,-1,-1,-1,8,E01023485,0,1
2024501495597,2024,501495597,1,9,0,-1,19,2,6,-1,0,0,0,0,0,0,1,1,-1,6,1,27,6,-1,-1,-1,-1,3,E01018759,0,1
2024010498169,2024,010498169,2,9,0,99,99,9,9,99,99,9,9,99,9,99,9,9,6,6,3,-1,-1,-1,-1,-1,-1,-1,-1,0,-1
2024311428467,2024,311428467,1,19,0,-1,9,5,1,-1,0,0,1,0,0,0,1,1,-1,6,1,30,6,-1,-1,-1,-1,1,E01007979,0,4
2024461431778,2024,461431778,1,9,0,-1,5,5,8,-1,0,4,0,0,0,0,1,1,-1,1,1,30,6,-1,-1,-1,-1,7,E01016162,0,4
2024361520793,2024,361520793,1,90,0,-1,19,1,5,-1,0,0,0,0,0,0,1,9,-1,6,3,-1,-1,-1,-1,-1,-1,-1,-1,0,-1
2024101519147,2024,101519147,2,1,0,-1,19,6,2,-1,0,8,5,0,0,0,1,1,-1,1,1,-1,-1,-1,-1,-1,-1,-1,-1,0,-1
2024522401875,2024,522401875,2,1,0,18,19,6,2,0,0,8,0,0,0,0,1,1,6,6,1,28,6,-1,-1,-1,-1,-1,-1,0,-1
2024010511374,2024,010511374,3,1,9,99,99,9,9,99,99,6,9,99,9,99,9,1,6,6,1,-1,-1,-1,-1,-1,-1,-1,-1,0,-1
2024010542707,2024,010542707,2,9,0,18,19,7,3,0,0,0,0,0,0,0,4,1,6,6,3,-1,-1,-1,-1,-1,-1,-1,-1,0,-1
2024141522600,2024,141522600,1,9,0,-1,3,5,1,-1,0,0,0,0,0,0,2,1,-1,1,1,39,7,-1,-1,-1,-1,9,E01011905,0,4
2024991458603,2024,991458603,2,9,0,-1,19,2,6,-1,0,0,1,0,8,6,1,1,-1,6,1,22,5,-1,-1,-1,-1,-1,-1,0,-1
2024010495434,2024,010495434,2,1,0,7,7,2,3,0,0,6,0,0,0,0,3,1,1,1,1,60,9,-1,-1,-1,-1,8,E01000122,0,1
2024101461219,2024,101461219,1,9,0,-1,7,1,3,-1,9,8,0,0,0,0,1,9,-1,6,1,45,7,-1,-1,-1,-1,-1,-1,0,-1
2024351486684,2024,351486684,2,19,3,-1,2,0,0,-1,-1,0,0,0,0,0,2,1,-1,6,1,66,10,-1,-1,-1,-1,9,E01021873,0,4
2024451451350,2024,451451350,2,9,0,-1,19,7,3,-1,0,1,1,11,3,1,2,1,-1,2,1,63,9,-1,-1,-1,-1,10,E01031738,0,3
2024010494416,2024,010494416,1,11,0,18,19,2,6,0,0,0,0,0,0,0,1,1,1,1,1,56,9,-1,-1,-1,-1,5,E01003115,0,1
2024010522800,2024,010522800,2,9,0,99,99,9,9,99,99,0,9,99,9,99,9,9,6,6,3,-1,-1,-1,-1,-1,-1,-1,-1,0,-1
2024131441719,2024,131441719,1,9,0,-1,19,1,5,-1,0,8,0,0,0,0,4,1,-1,6,2,25,5,-1,-1,-1,-1,7,E01011176,0,1
2024010491627,2024,010491627,1,9,0,99,99,9,9,99,99,9,9,99,9,99,2,9,2,2,1,44,7,-1,-1,-1,-1,5,E01015928,0,1
2024122500421,2024,122500421,2,1,0,18,19,5,1,0,0,8,0,0,0,0,3,1,6,6,1,25,5,-1,-1,-1,-1,9,E01013430,0,1
2024440356212,2024,440356212,2,9,0,18,19,5,1,0,0,8,0,0,0,0,1,1,6,6,2,50,8,-1,-1,-1,-1,9,E01023148,0,1
2024440243912,2024,440243912,1,9,0,7,7,2,4,0,0,6,0,0,0,0,1,1,2,2,1,38,7,-1,-1,-1,-1,5,E01023140,0,1
2024421399724,2024,421399724,1,9,0,-1,19,1,5,-1,0,1,0,0,0,0,1,9,-1,6,-1,18,4,-1,-1,-1,-1,-1,-1,0,-1
2024302400029,2024,302400029,1,9,0,7,7,1,3,0,0,0,0,0,0,0,1,1,6,6,1,31,6,-1,-1,-1,-1,5,E01019715,0,1
2024231465306,2024,231465306,2,16,0,-1,19,5,8,-1,0,8,0,0,1,11,4,1,-1,9,2,50,8,-1,-1,-1,-1,6,E01035400,0,2
2024161438610,2024,161438610,1,1,9,-1,19,1,5,-1,0,0,9,99,9,0,2,1,-1,6,1,21,5,-1,-1,-1,-1,1,E01013278,0,1
2024231443965,2024,231443965,1,5,0,-1,19,2,8,-1,0,0,0,0,1,0,1,1,-1,6,1,27,6,-1,-1,-1,-1,3,E01031059,0,1
2024010538240,2024,010538240,1,1,5,10,10,7,6,0,0,1,0,0,0,0,4,1,6,6,1,36,7,-1,-1,-1,-1,2,E01002032,0,1
2024430557502,2024,430557502,2,9,0,18,19,6,2,0,0,1,0,0,0,0,1,1,6,6,1,-1,-1,-1,-1,-1,-1,-1,-1,0,-1
2024010528235,2024,010528235,1,1,9,99,99,9,9,99,99,9,9,99,9,99,9,1,6,6,1,33,6,-1,-1,-1,-1,4,E01000639,0,1
2024161490851,2024,161490851,1,-1,0,-1,19,7,3,-1,0,0,0,0,1,0,1,1,-1,9,1,14,3,-1,-1,-1,-1,3,E01012913,1,1
2024010498048,2024,010498048,1,1,9,99,99,9,9,99,99,9,9,99,9,99,2,1,1,1,1,59,9,-1,-1,-1,-1,2,E01002508,0,1
2024010549032,2024,010549032,1,90,0,99,99,9,9,99,99,9,9,99,9,99,1,1,6,6,3,-1,-1,-1,-1,-1,-1,-1,-1,0,-1
2024010507063,2024,010507063,2,1,0,18,19,3,7,0,0,1,0,0,0,0,3,1,2,2,1,24,5,-1,-1,-1,-1,5,E01000494,0,1
2024010547063,2024,010547063,2,9,0,99,99,9,9,99,99,0,9,99,9,99,9,9,6,6,3,-1,-1,-1,-1,-1,-1,-1,-1,0,-1
2024411425823,2024,411425823,2,9,0,-1,19,5,1,-1,0,0,0,0,0,0,1,1,-1,9,1,23,5,-1,-1,-1,-1,9,E01023316,0,1
2024631468861,2024,631468861,2,9,0,-1,19,4,8,-1,0,0,0,0,0,0,0,1,-1,6,3,-1,-1,-1,-1,-1,-1,-1,-1,0,-1
2024131458863,2024,131458863,2,1,0,-1,19,7,7,-1,0,1,0,0,0,0,1,1,-1,6,1,27,6,-1,-1,-1,-1,1,E01011337,0,1
2024010535480,2024,010535480,2,1,0,14,14,5,1,0,0,2,0,4,0,0,1,1,2,2,1,31,6,-1,-1,-1,-1,5,E01003076,0,2
2024461530142,2024,461530142,2,9,3,-1,9,5,3,-1,0,0,0,7,0,0,2,1,-1,9,2,58,9,-1,-1,-1,-1,2,E01024108,0,1
2024111519778,2024,111519778,3,9,0,-1,19,7,3,-1,0,0,0,0,0,0,2,1,-1,1,1,53,8,-1,-1,-1,-1,9,E01027745,0,3
2024010540439,2024,010540439,1,1,9,99,99,9,9,99,99,1,9,99,9,99,1,1,2,2,1,27,6,-1,-1,-1,-1,2,E01002790,0,2
2024061541353,2024,061541353,1,1,0,-1,19,1,5,-1,4,1,0,0,0,0,1,1,-1,6,1,-1,-1,-1,-1,-1,-1,-1,-1,0,-1
2024461397444,2024,461397444,2,9,0,-1,10,4,6,-1,0,1,0,0,0,0,3,9,-1,6,3,-1,-1,-1,-1,-1,-1,-1,-1,0,-1
2024041421921,2024,041421921,1,1,0,-1,19,7,3,-1,0,1,0,0,0,0,1,1,-1,6,1,10,2,-1,-1,-1,-1,1,E01012695,0,1
2024010489234,2024,010489234,2,1,0,18,19,7,3,0,0,3,0,0,0,0,2,1,2,2,1,38,7,-1,-1,-1,-1,2,W01001942,0,5
2024451511650,2024,451511650,2,9,0,-1,9,3,7,-1,0,1,0,0,0,0,4,1,-1,6,2,59,9,-1,-1,-1,-1,8,E01030564,0,1
2024430059707,2024,430059707,2,9,0,18,19,8,4,0,0,1,0,0,0,0,1,1,1,1,1,51,8,-1,-1,-1,-1,7,E01016402,0,1
2024061445186,2024,061445186,1,9,0,-1,2,7,3,-1,0,1,0,0,0,0,1,1,-1,6,3,-1,-1,-1,-1,-1,-1,-1,-1,0,-1
2024351417968,2024,351417968,1,9,0,-1,-1,-1,-1,-1,-1,0,-1,-1,-1,0,-1,1,-1,6,3,-1,-1,-1,-1,-1,-1,-1,-1,0,-1
2024122500505,2024,122500505,2,1,0,9,9,7,5,0,0,1,0,0,0,0,3,1,6,6,1,21,5,-1,-1,-1,-1,-1,-1,0,-1
2024061497025,2024,061497025,2,1,0,-1,19,3,7,-1,0,0,0,0,0,0,3,1,-1,1,1,9,2,-1,-1,-1,-1,1,E01005135,0,1
2024010534248,2024,010534248,1,1,9,99,99,9,9,99,99,9,9,99,9,99,9,1,1,1,1,54,8,-1,-1,-1,-1,4,E01003180,0,3
2024010491001,2024,010491001,2,1,0,18,19,1,5,4,4,8,0,0,0,0,1,1,6,6,1,34,6,-1,-1,-1,-1,3,E01001589,0,1
2024010532384,2024,010532384,1,1,9,99,99,9,9,99,99,9,9,99,9,99,9,1,2,2,1,34,6,-1,-1,-1,-1,10,E01003805,0,1
2024991462842,2024,991462842,2,9,0,-1,19,8,4,-1,0,0,0,0,0,0,3,1,-1,6,2,53,8,-1,-1,-1,-1,8,-1,0,1
2024052402204,2024,052402204,1,9,0,4,4,1,5,0,0,1,0,0,0,0,2,1,6,6,1,-1,-1,-1,-1,-1,-1,1,E01006880,0,1
2024430102404,2024,430102404,2,9,0,18,19,5,1,0,0,1,0,0,0,0,1,1,6,6,1,-1,-1,-1,-1,-1,-1,-1,-1,0,-1
2024141425855,2024,141425855,1,1,0,-1,5,7,3,-1,0,0,5,0,0,0,1,1,-1,2,1,30,6,-1,-1,-1,-1,10,E01007936,0,1
2024522402846,2024,522402846,2,21,1,18,19,2,6,0,0,0,0,0,0,0,1,1,6,6,3,-1,-1,-1,-1,-1,-1,-1,-1,0,-1
2024010543570,2024,010543570,1,1,9,99,99,9,9,2,2,9,9,99,9,99,9,1,2,2,1,49,8,-1,-1,-1,-1,2,E01004236,0,1
2024131419543,2024,131419543,1,9,0,-1,2,7,3,-1,0,0,0,0,0,0,1,1,-1,9,1,75,10,-1,-1,-1,-1,8,E01010861,0,1
2024501398519,2024,501398519,2,9,0,-1,19,4,8,-1,0,0,1,0,0,0,1,1,-1,9,1,18,4,-1,-1,-1,-1,4,E01018926,0,2
2024010516697,2024,010516697,1,1,9,99,99,9,9,99,99,9,9,99,9,99,9,1,6,6,1,20,4,-1,-1,-1,-1,5,E01000131,0,1
2024041481647,2024,041481647,1,9,0,-1,19,7,3,-1,9,0,0,0,0,0,1,9,-1,6,3,-1,-1,-1,-1,-1,-1,-1,-1,0,-1
2024010487438,2024,010487438,1,-1,0,99,99,9,9,99,99,9,9,99,9,99,1,9,6,6,3,-1,-1,-1,-1,-1,-1,-1,-1,1,-1
2024010493026,2024,010493026,1,19,0,18,19,7,3,0,0,0,0,0,0,0,2,1,1,1,1,22,5,-1,-1,-1,-1,3,E01002243,0,3
2024520401957,2024,520401957,1,3,0,18,19,7,3,0,0,8,0,0,0,0,3,1,6,6,2,49,8,-1,-1,-1,-1,2,E01029291,0,1
2024010503756,2024,010503756,2,9,0,99,99,9,9,99,99,0,9,99,9,99,1,9,6,6,3,-1,-1,-1,-1,-1,-1,3,E01035660,0,1
2024430204111,2024,430204111,2,1,0,18,19,4,8,0,0,3,0,0,0,0,1,1,6,6,1,75,10,-1,-1,-1,-1,-1,-1,0,-1
2024201515328,2024,201515328,1,9,0,-1,1,1,5,-1,2,1,0,0,0,0,2,9,-1,6,3,-1,-1,-1,-1,-1,-1,-1,-1,0,-1
2024451453009,2024,451453009,2,1,0,-1,19,1,5,-1,0,0,0,0,0,0,1,1,-1,9,2,39,7,-1,-1,-1,-1,8,E01030704,0,1
2024161428249,2024,161428249,1,1,0,-1,19,2,6,-1,0,0,0,0,0,0,2,1,-1,6,1,31,6,-1,-1,-1,-1,1,E01012864,0,1
2024010524113,2024,010524113,2,9,0,99,99,9,9,99,99,9,9,99,9,99,2,9,6,6,3,-1,-1,-1,-1,-1,-1,6,E01004474,0,1
2024010549781,2024,010549781,2,9,0,99,99,9,9,99,99,9,9,99,9,99,9,9,6,6,3,-1,-1,-1,-1,-1,-1,-1,-1,0,-1
2024201397807,2024,201397807,1,9,0,-1,19,2,6,-1,2,0,0,0,0,0,1,1,-1,6,3,-1,-1,-1,-1,-1,-1,-1,-1,0,-1
2024010487454,2024,010487454,1,9,0,99,99,9,9,99,99,9,9,99,9,99,1,9,6,6,3,-1,-1,-1,-1,-1,-1,-1,-1,0,-1
2024010489396,2024,010489396,1,19,0,9,9,1,6,4,4,5,0,0,0,0,1,2,1,1,1,38,7,-1,-1,-1,-1,3,E01003536,0,3
2024552401426,2024,552401426,2,5,0,18,19,6,2,0,0,8,0,0,0,0,1,1,1,1,1,48,8,-1,-1,-1,-1,6,E01022656,0,4
2024501470599,2024,501470599,2,1,0,-1,19,4,8,-1,4,0,5,0,0,0,1,1,-1,6,1,14,3,-1,-1,-1,-1,5,E01019992,0,1
2024332400793,2024,332400793,1,9,0,-1,14,5,1,-1,0,0,0,0,0,0,3,1,-1,6,1,58,9,-1,-1,-1,-1,6,E01025657,0,1
2024351528268,2024,351528268,1,9,-1,-1,-1,-1,-1,-1,-1,0,-1,-1,-1,0,-1,9,-1,6,1,-1,-1,-1,-1,-1,-1,-1,-1,0,-1
2024991424748,2024,991424748,1,23,0,-1,19,1,5,-1,0,1,1,0,0,0,2,1,-1,6,1,14,3,-1,-1,-1,-1,7,-1,0,1
2024010513728,2024,010513728,1,9,0,13,13,7,3,0,0,8,0,0,0,0,1,1,6,6,3,-1,-1,-1,-1,-1,-1,-1,-1,0,-1
2024010541337,2024,010541337,2,9,0,18,19,5,1,0,0,0,0,0,0,0,1,1,6,6,1,23,5,-1,-1,-1,-1,3,E01034141,0,1
2024440494548,2024,440494548,2,9,0,5,5,2,6,0,0,8,0,0,0,0,3,1,6,6,2,19,4,-1,-1,-1,-1,4,E01017258,0,1
2024070666345,2024,070666345,2,9,0,-1,-1,1,7,0,0,8,1,0,0,0,1,1,6,6,2,40,7,-1,-1,-1,-1,9,E01018492,0,1
2024122401271,2024,122401271,2,9,0,18,19,7,3,0,0,0,0,0,1,0,1,1,6,6,1,54,8,-1,-1,-1,-1,9,E01034759,0,4
2024041443497,2024,041443497,1,9,0,-1,19,1,5,-1,0,8,0,0,0,0,1,1,-1,1,1,22,5,-1,-1,-1,-1,3,E01025234,0,4