collision_index,collision_year,collision_ref_no,vehicle_reference,vehicle_type,towing_and_articulation,vehicle_manoeuvre_historic,vehicle_manoeuvre,vehicle_direction_from,vehicle_direction_to,vehicle_location_restricted_lane_historic,vehicle_location_restricted_lane,junction_location,skidding_and_overturning,hit_object_in_carriageway,vehicle_leaving_carriageway,hit_object_off_carriageway,first_point_of_impact,vehicle_left_hand_drive,journey_purpose_of_driver_historic,journey_purpose_of_driver,sex_of_driver,age_of_driver,age_band_of_driver,engine_capacity_cc,propulsion_code,age_of_vehicle,generic_make_model,driver_imd_decile,lsoa_of_driver,escooter_flag,driver_distance_banding
2024010501788,2024,010501788,1,9,0,18,19,3,7,0,0,1,0,0,0,0,1,1,6,6,3,-1,-1,-1,-1,-1,-1,-1,-1,0,-1
2024401463242,2024,401463242,3,19,0,-1,19,6,2,-1,0,0,0,0,0,0,0,9,-1,6,1,30,6,-1,-1,-1,-1,-1,-1,0,-1
2024421510265,2024,421510265,1,9,0,-1,9,3,1,-1,0,8,0,0,0,0,1,9,-1,6,2,35,6,-1,-1,-1,-1,-1,-1,0,-1
2024430117495,2024,430117495,2,9,0,1,1,1,5,0,0,0,0,0,0,0,3,1,6,6,1,-1,-1,-1,-1,-1,-1,-1,-1,0,-1
2024401435241,2024,401435241,2,1,-1,-1,-1,-1,-1,-1,-1,-1,-1,-1,-1,0,-1,1,-1,2,1,24,5,-1,-1,-1,-1,1,E01017477,0,1
2024991528434,2024,991528434,1,9,0,-1,19,3,7,-1,0,0,5,6,0,0,3,1,-1,9,1,75,10,-1,-1,-1,-1,8,-1,0,3
2024201537857,2024,201537857,2,90,0,-1,19,7,3,-1,0,4,0,0,0,0,2,9,-1,2,1,43,7,-1,-1,-1,-1,5,E01013493,0,4
2024101512991,2024,101512991,1,9,0,-1,19,3,7,-1,0,1,0,0,0,0,1,9,-1,6,2,-1,-1,-1,-1,-1,-1,-1,-1,0,-1
2024131458472,2024,131458472,1,97,0,-1,19,5,1,-1,0,1,0,0,0,0,1,1,-1,6,1,29,6,-1,-1,-1,-1,2,E01011852,0,2
2024010493389,2024,010493389,1,9,0,2,2,0,0,99,99,0,9,99,9,99,2,1,6,6,3,-1,-1,-1,-1,-1,-1,-1,-1,0,-1
2024010525385,2024,010525385,1,1,9,99,99,9,9,99,99,9,9,99,9,99,9,1,6,6,1,22,5,-1,-1,-1,-1,3,E01002235,0,1
2024501410501,2024,501410501,1,9,9,-1,19,5,1,-1,0,1,0,0,0,0,1,9,-1,6,1,-1,-1,-1,-1,-1,-1,-1,-1,0,-1
2024010488198,2024,010488198,2,9,0,2,2,0,0,0,0,2,0,0,0,0,4,1,6,6,3,-1,-1,-1,-1,-1,-1,-1,-1,0,-1
2024501394879,2024,501394879,2,1,0,-1,9,8,6,-1,0,1,5,0,0,0,2,1,-1,6,1,62,9,-1,-1,-1,-1,7,E01019969,0,1
2024421505818,2024,421505818,1,99,0,-1,19,3,7,-1,0,0,0,0,0,0,1,9,-1,6,3,-1,-1,-1,-1,-1,-1,-1,-1,0,-1
2024131486770,2024,131486770,1,1,0,-1,19,5,1,-1,0,0,0,0,0,0,3,1,-1,9,1,15,3,-1,-1,-1,-1,1,E01011364,0,1
2024545364524,2024,545364524,2,5,0,18,19,7,3,0,0,8,0,0,0,0,1,1,6,6,1,66,10,-1,-1,-1,-1,8,E01031940,0,3
2024440542384,2024,440542384,1,1,0,9,9,7,3,0,0,0,0,0,0,0,1,1,4,7,1,13,3,-1,-1,-1,-1,3,E01032738,0,1
2024010493602,2024,010493602,2,9,0,99,99,9,9,99,99,9,9,99,9,99,1,9,6,6,1,42,7,-1,-1,-1,-1,4,E01000239,0,2
2024371480177,2024,371480177,2,1,0,-1,19,7,2,-1,0,3,0,0,0,0,2,1,-1,2,1,38,7,-1,-1,-1,-1,3,E01030163,0,1
2024010551439,2024,010551439,1,9,0,99,99,9,9,99,99,9,9,99,9,99,9,9,6,6,1,34,6,-1,-1,-1,-1,8,E01015389,0,5
2024041445152,2024,041445152,1,9,0,-1,19,5,1,-1,0,0,0,0,0,0,1,9,-1,6,3,-1,-1,-1,-1,-1,-1,-1,-1,0,-1
2024010511366,2024,010511366,2,1,0,15,15,5,1,0,0,0,0,0,0,0,3,1,6,6,1,35,6,-1,-1,-1,-1,6,E01004521,0,1
2024061496746,2024,061496746,1,9,0,-1,9,7,5,-1,0,0,0,0,0,0,1,9,-1,6,3,20,4,-1,-1,-1,-1,-1,-1,0,-1
2024010487205,2024,010487205,2,9,0,7,7,1,3,0,0,8,0,0,1,0,1,1,6,6,1,34,6,-1,-1,-1,-1,2,E01003984,0,1
2024631503581,2024,631503581,2,1,0,-1,19,3,7,-1,0,0,0,0,0,0,1,1,-1,6,1,86,11,-1,-1,-1,-1,5,W01000599,0,1
2024101515812,2024,101515812,1,98,0,-1,19,4,8,-1,0,0,1,0,1,0,2,1,-1,1,1,55,8,-1,-1,-1,-1,-1,-1,0,-1
2024041532292,2024,041532292,2,9,0,-1,2,0,0,-1,0,0,0,0,0,0,4,1,-1,6,3,-1,-1,-1,-1,-1,-1,-1,-1,0,-1
2024010494781,2024,010494781,1,9,0,9,9,3,1,0,0,8,0,0,0,0,1,1,6,6,1,27,6,-1,-1,-1,-1,3,E01035666,0,2
2024302400803,2024,302400803,3,9,0,2,2,0,0,0,0,0,0,0,0,0,0,1,6,6,3,-1,-1,-1,-1,-1,-1,-1,-1,0,-1
2024010524011,2024,010524011,2,9,0,7,7,9,9,99,99,9,9,99,9,99,9,9,6,6,3,-1,-1,-1,-1,-1,-1,-1,-1,0,-1
2024331465642,2024,331465642,2,9,0,-1,19,8,4,-1,0,4,0,0,0,0,3,1,-1,6,2,39,7,-1,-1,-1,-1,8,E01031120,0,1
2024010493160,2024,010493160,1,9,0,99,99,9,9,99,99,9,0,99,9,99,4,9,6,6,1,50,8,-1,-1,-1,-1,7,E01001131,0,4
2024302401123,2024,302401123,2,9,0,18,19,6,2,0,0,0,0,0,0,0,1,1,6,6,2,55,8,-1,-1,-1,-1,1,E01013496,0,1
2024211498295,2024,211498295,1,9,0,-1,19,1,1,-1,0,0,0,0,0,0,1,9,-1,6,3,30,6,-1,-1,-1,-1,-1,-1,0,-1
2024221498900,2024,221498900,1,9,0,-1,19,1,4,-1,0,0,0,0,0,0,1,1,-1,6,2,29,6,-1,-1,-1,-1,2,E01010261,0,4
2024201531880,2024,201531880,2,9,0,-1,9,1,8,-1,0,6,0,0,0,0,1,1,-1,6,2,28,6,-1,-1,-1,-1,1,E01010269,0,1
2024311416780,2024,311416780,2,18,-1,-1,19,3,7,-1,1,0,0,0,0,0,1,1,-1,1,1,56,9,-1,-1,-1,-1,6,E01028109,0,2
2024201486307,2024,201486307,1,9,0,-1,19,1,5,-1,0,1,0,4,0,0,1,1,-1,6,1,75,10,-1,-1,-1,-1,2,E01010503,0,1
2024052402443,2024,052402443,1,9,0,18,19,3,7,0,0,1,0,0,0,0,1,1,6,6,3,-1,-1,-1,-1,-1,-1,-1,-1,0,-1
2024411540899,2024,411540899,2,9,0,-1,9,5,1,-1,0,3,0,0,0,0,4,1,-1,6,2,47,8,-1,-1,-1,-1,7,E01023544,0,1
2024411443618,2024,411443618,2,1,0,-1,4,7,3,-1,0,0,0,0,0,0,1,1,-1,6,1,13,3,-1,-1,-1,-1,2,E01023294,0,1
2024010502073,2024,010502073,2,8,0,99,99,9,9,99,99,9,9,99,9,99,9,9,6,6,3,-1,-1,-1,-1,-1,-1,-1,-1,0,-1
2024101454315,2024,101454315,1,9,0,-1,4,3,7,-1,0,1,0,0,0,0,1,1,-1,9,2,75,10,-1,-1,-1,-1,8,E01008721,0,2
2024545286824,2024,545286824,2,9,0,18,19,8,4,0,0,8,0,0,1,0,3,1,6,6,1,32,6,-1,-1,-1,-1,10,E01030906,0,4
2024161519152,2024,161519152,1,90,0,-1,19,5,1,-1,0,0,0,0,0,0,4,9,-1,6,1,55,8,-1,-1,-1,-1,-1,-1,0,-1
2024010508459,2024,010508459,1,9,9,99,99,9,9,0,0,3,9,99,9,99,1,9,6,6,3,-1,-1,-1,-1,-1,-1,-1,-1,0,-1
2024481471150,2024,481471150,1,9,0,-1,1,7,3,-1,0,1,0,0,0,0,2,1,-1,2,1,52,8,-1,-1,-1,-1,-1,-1,0,-1
2024010489929,2024,010489929,1,9,0,99,99,9,9,99,99,0,9,99,9,99,9,9,6,6,1,38,7,-1,-1,-1,-1,5,E01030311,0,3
2024122401180,2024,122401180,2,1,0,18,19,5,1,0,0,0,0,0,0,0,4,1,6,6,1,23,5,-1,-1,-1,-1,2,E01027872,0,1
2024371440686,2024,371440686,2,99,-1,-1,-1,-1,-1,-1,-1,0,-1,-1,-1,0,-1,9,-1,6,3,-1,-1,-1,-1,-1,-1,-1,-1,0,-1
2024122500146,2024,122500146,3,9,0,3,3,3,7,0,0,1,0,0,0,0,2,1,6,6,1,49,8,-1,-1,-1,-1,3,E01027749,0,1
2024070535785,2024,070535785,1,1,0,18,19,7,3,0,0,0,0,0,0,0,1,1,6,6,1,71,10,-1,-1,-1,-1,6,E01018369,0,1
2024010487266,2024,010487266,1,9,0,5,5,3,7,0,0,2,0,0,0,0,1,1,6,6,2,38,7,-1,-1,-1,-1,9,E01001422,0,3
2024440349050,2024,440349050,1,97,0,18,19,5,1,0,0,0,0,0,0,0,1,1,6,6,3,-1,-1,-1,-1,-1,-1,-1,-1,0,-1
2024010496928,2024,010496928,2,9,0,99,99,9,9,99,99,5,9,99,9,99,9,9,6,6,3,-1,-1,-1,-1,-1,-1,-1,-1,0,-1
2024332401212,2024,332401212,1,1,0,-1,19,1,5,-1,0,8,0,0,0,0,3,1,-1,7,1,13,3,-1,-1,-1,-1,6,E01025763,0,1
2024430561766,2024,430561766,1,-1,-1,-1,-1,-1,-1,-1,-1,-1,-1,-1,-1,-1,-1,-1,6,6,1,-1,-1,-1,-1,-1,-1,-1,-1,0,-1
2024340NN1442,2024,340NN1442,3,9,0,-1,3,6,2,-1,0,0,0,0,0,0,2,1,-1,1,1,52,8,-1,-1,-1,-1,6,E01027326,0,2
2024061516204,2024,061516204,2,9,0,-1,19,-1,-1,-1,99,0,0,0,0,0,1,1,-1,6,3,-1,-1,-1,-1,-1,-1,-1,-1,0,-1
2024010487339,2024,010487339,2,9,0,99,99,9,9,99,99,9,9,99,9,99,9,9,6,6,3,-1,-1,-1,-1,-1,-1,-1,-1,0,-1
2024010501365,2024,010501365,1,9,0,9,9,1,7,0,0,8,0,0,0,0,1,2,6,6,3,-1,-1,-1,-1,-1,-1,-1,-1,0,-1
2024041469501,2024,041469501,1,1,0,-1,5,1,1,-1,9,0,0,0,0,0,1,1,-1,6,3,-1,-1,-1,-1,-1,-1,-1,-1,0,-1
2024201450654,2024,201450654,2,1,0,-1,14,5,1,-1,0,0,0,0,0,0,1,1,-1,6,1,45,7,-1,-1,-1,-1,5,E01034951,0,1
2024421474239,2024,421474239,1,9,0,-1,19,-1,-1,-1,0,0,0,0,0,0,3,1,-1,6,3,-1,-1,-1,-1,-1,-1,-1,-1,0,-1
2024451486958,2024,451486958,2,9,0,-1,19,3,7,-1,0,0,0,0,0,0,1,1,-1,2,1,26,6,-1,-1,-1,-1,10,E01030828,0,2
2024461419843,2024,461419843,1,19,0,-1,7,5,8,-1,0,5,0,0,0,0,1,9,-1,6,1,-1,-1,-1,-1,-1,-1,-1,-1,0,-1
2024991415139,2024,991415139,2,9,0,-1,19,7,3,-1,0,0,0,0,0,0,2,1,-1,6,1,73,10,-1,-1,-1,-1,7,-1,0,3
2024361506076,2024,361506076,1,11,-1,-1,-1,-1,-1,-1,-1,-1,-1,-1,-1,0,-1,9,-1,1,3,-1,-1,-1,-1,-1,-1,-1,-1,0,-1
2024052402410,2024,052402410,1,9,0,5,5,3,7,0,0,1,0,0,0,0,3,1,6,6,3,-1,-1,-1,-1,-1,-1,-1,-1,0,-1
2024361482669,2024,361482669,2,1,0,-1,19,7,3,-1,0,8,0,0,0,0,1,1,-1,9,1,38,7,-1,-1,-1,-1,1,E01026625,0,1
2024010551368,2024,010551368,1,9,0,99,99,9,9,99,99,9,9,99,9,99,1,9,6,6,3,-1,-1,-1,-1,-1,-1,-1,-1,0,-1
2024131420457,2024,131420457,1,9,0,-1,9,8,6,-1,0,2,0,0,0,0,4,1,-1,9,2,76,11,-1,-1,-1,-1,3,E01011085,0,1
2024010488745,2024,010488745,1,9,0,9,9,3,1,0,0,5,0,4,0,0,1,1,6,6,2,32,6,-1,-1,-1,-1,5,E01032790,0,2
2024010488899,2024,010488899,1,4,0,99,99,9,9,99,99,9,9,99,9,99,0,1,6,6,2,29,6,-1,-1,-1,-1,4,E01002057,0,1
2024430074029,2024,430074029,2,1,0,18,19,8,4,0,0,8,0,0,0,0,4,1,6,6,1,-1,-1,-1,-1,-1,-1,-1,-1,0,-1
2024010488738,2024,010488738,1,3,0,99,99,9,9,99,99,9,9,99,9,99,1,1,1,1,1,44,7,-1,-1,-1,-1,3,E01004344,0,2
2024401497732,2024,401497732,2,1,0,-1,19,2,6,-1,0,1,0,0,0,0,3,1,-1,9,1,45,7,-1,-1,-1,-1,10,E01033966,0,4
2024141450297,2024,141450297,1,9,0,-1,19,3,7,-1,0,1,0,0,0,0,4,2,-1,6,1,51,8,-1,-1,-1,-1,6,E01007666,0,1
2024131447780,2024,131447780,1,1,0,-1,19,7,3,-1,0,8,0,0,0,0,1,1,-1,6,1,22,5,-1,-1,-1,-1,1,E01011316,0,1
2024351477797,2024,351477797,1,9,0,-1,3,8,4,-1,0,0,0,0,0,0,1,9,-1,6,3,-1,-1,-1,-1,-1,-1,-1,-1,0,-1
2024131404563,2024,131404563,1,90,0,-1,-1,-1,-1,-1,-1,-1,-1,-1,-1,-1,-1,1,-1,6,3,-1,-1,-1,-1,-1,-1,-1,-1,0,-1
2024320730507,2024,320730507,1,19,0,-1,-1,5,1,0,0,1,0,0,0,0,1,1,6,6,3,-1,-1,-1,-1,-1,-1,-1,-1,0,-1
2024211528561,2024,211528561,2,9,0,-1,19,8,4,-1,0,3,2,0,0,0,3,1,-1,6,1,48,8,-1,-1,-1,-1,4,E01032897,0,1
2024010511699,2024,010511699,1,19,0,1,1,5,1,0,0,1,0,0,0,0,2,1,6,6,1,37,7,-1,-1,-1,-1,3,E01003172,0,3
2024440035202,2024,440035202,2,9,0,18,19,8,4,0,0,0,0,8,0,0,1,1,6,6,3,-1,-1,-1,-1,-1,-1,-1,-1,0,-1
2024010549705,2024,010549705,2,1,0,18,19,5,1,0,0,1,0,0,0,0,1,1,6,6,1,59,9,-1,-1,-1,-1,3,E01004575,0,3
2024010494611,2024,010494611,1,3,0,99,99,9,9,99,99,9,9,99,9,99,1,1,1,1,2,22,5,-1,-1,-1,-1,3,E01003120,0,1
202460Q090329,2024,60Q090329,2,9,0,18,19,1,5,0,0,1,0,0,0,0,0,1,6,6,3,-1,-1,-1,-1,-1,-1,-1,-1,0,-1
2024101406061,2024,101406061,3,9,0,-1,2,0,0,-1,0,2,0,0,0,0,2,1,-1,6,-1,-1,-1,-1,-1,-1,-1,-1,-1,0,-1
2024131431898,2024,131431898,1,1,0,-1,9,1,3,-1,0,6,0,0,0,0,2,1,-1,9,1,30,6,-1,-1,-1,-1,3,E01011328,0,2
2024010492355,2024,010492355,1,1,9,18,19,1,5,0,0,8,5,0,0,0,4,1,2,2,1,23,5,-1,-1,-1,-1,2,E01003325,0,1
2024311475159,2024,311475159,2,1,0,-1,19,3,5,-1,0,1,5,0,0,0,1,1,-1,6,-1,-1,-1,-1,-1,-1,-1,-1,-1,0,-1
2024430580220,2024,430580220,1,19,0,18,19,6,2,0,0,8,0,0,0,0,1,1,6,6,1,43,7,-1,-1,-1,-1,-1,-1,0,-1
2024041398814,2024,041398814,2,9,0,-1,3,7,3,-1,0,1,0,0,0,0,2,1,-1,2,1,68,10,-1,-1,-1,-1,10,E01025441,0,2
2024411519146,2024,411519146,3,9,0,-1,19,1,5,-1,0,8,0,0,0,0,1,1,-1,1,1,35,6,-1,-1,-1,-1,5,E01015750,0,4
2024430462916,2024,430462916,2,1,0,18,19,8,4,0,0,1,0,0,0,0,1,1,6,6,1,14,3,-1,-1,-1,-1,-1,-1,0,-1
2024010492138,2024,010492138,2,9,0,9,9,1,8,0,0,5,0,0,0,0,3,1,6,6,3,-1,-1,-1,-1,-1,-1,-1,-1,0,-1
2024010488799,2024,010488799,1,1,9,99,99,9,9,99,99,9,9,99,9,99,9,1,2,2,1,52,8,-1,-1,-1,-1,10,E01003008,0,1
2024471497475,2024,471497475,1,9,0,-1,19,5,8,-1,0,0,0,0,0,0,1,1,-1,1,1,56,9,-1,-1,-1,-1,10,E01031824,0,3
2024440554351,2024,440554351,2,8,0,7,7,1,5,0,0,6,0,0,0,0,4,1,6,6,1,-1,-1,-1,-1,-1,-1,-1,-1,0,-1
2024440512533,2024,440512533,2,3,0,14,14,3,7,0,0,0,0,0,0,0,1,1,6,6,1,37,7,-1,-1,-1,-1,3,E01017360,0,3
2024010537358,2024,010537358,1,9,0,9,9,1,7,0,0,8,0,0,0,0,4,1,6,6,2,28,6,-1,-1,-1,-1,10,E01002146,0,1
2024041461694,2024,041461694,1,90,0,-1,19,5,1,-1,0,0,0,0,0,0,3,1,-1,6,1,-1,-1,-1,-1,-1,-1,-1,-1,0,-1
2024010505678,2024,010505678,1,1,9,99,99,9,9,99,99,9,9,99,9,99,9,1,6,6,1,20,4,-1,-1,-1,-1,2,E01003052,0,1
2024522401506,2024,522401506,1,-1,0,17,19,6,3,0,0,8,0,0,0,0,4,1,6,6,1,27,6,-1,-1,-1,-1,7,E01014651,1,1
2024351448870,2024,351448870,2,1,-1,-1,-1,-1,-1,-1,-1,0,-1,-1,-1,0,-1,1,-1,2,2,55,8,-1,-1,-1,-1,8,E01018257,0,2
2024010515956,2024,010515956,1,9,0,14,14,1,5,0,0,1,0,0,0,0,1,1,6,6,3,-1,-1,-1,-1,-1,-1,-1,-1,0,-1
2024010537216,2024,010537216,1,1,9,99,99,9,9,4,4,9,9,99,9,99,2,1,6,6,1,41,7,-1,-1,-1,-1,2,E01001957,0,1
2024430166471,2024,430166471,1,-1,0,18,19,8,4,0,0,8,0,0,0,0,3,1,6,6,1,23,5,-1,-1,-1,-1,2,E01028514,1,1
2024010552900,2024,010552900,1,1,9,99,99,9,9,99,99,9,9,99,9,99,1,1,6,6,1,66,10,-1,-1,-1,-1,8,E01003673,0,1
2024070787557,2024,070787557,1,9,0,-1,9,6,2,-1,0,1,0,0,0,0,0,1,-1,6,3,-1,-1,-1,-1,-1,-1,-1,-1,0,-1
2024320334071,2024,320334071,1,9,0,-1,-1,6,2,0,0,2,0,0,0,0,1,1,6,6,1,-1,-1,-1,-1,-1,-1,-1,-1,0,-1
2024010522928,2024,010522928,1,9,0,99,99,9,9,99,99,9,9,99,9,99,9,9,6,6,2,74,10,-1,-1,-1,-1,10,E01023810,0,2
2024010496961,2024,010496961,2,9,0,99,99,9,9,99,99,9,9,99,9,99,1,9,6,6,3,-1,-1,-1,-1,-1,-1,3,E01001785,0,1
2024010551939,2024,010551939,1,97,9,99,99,9,9,99,99,9,9,99,9,99,9,1,6,6,3,-1,-1,-1,-1,-1,-1,-1,-1,0,-1
2024471469511,2024,471469511,2,9,0,-1,19,3,7,-1,5,1,0,0,0,0,4,1,-1,2,1,21,5,-1,-1,-1,-1,4,E01031443,0,1
2024070995413,2024,070995413,1,9,0,-1,7,6,2,-1,0,6,0,0,0,0,1,1,-1,9,2,47,8,-1,-1,-1,-1,9,E01018384,0,1
2024141484431,2024,141484431,2,1,0,-1,9,8,6,-1,0,6,5,0,0,0,4,1,-1,6,1,18,4,-1,-1,-1,-1,5,E01007347,0,1
2024991419567,2024,991419567,2,1,0,-1,19,5,1,-1,0,8,0,0,0,0,4,1,-1,9,1,40,7,-1,-1,-1,-1,8,-1,0,1
2024010492800,2024,010492800,2,1,0,13,13,1,5,0,0,1,0,0,0,0,4,1,1,1,1,23,5,-1,-1,-1,-1,2,E01003933,0,1
2024111462997,2024,111462997,1,9,0,-1,9,2,7,-1,0,8,0,0,0,0,4,1,-1,6,3,30,6,-1,-1,-1,-1,-1,-1,0,-1
2024010531594,2024,010531594,2,1,0,13,13,1,5,0,0,1,0,0,0,0,1,1,6,6,1,21,5,-1,-1,-1,-1,1,E01001790,0,1
2024010491855,2024,010491855,2,9,0,99,99,9,9,99,99,9,9,99,9,99,4,9,6,6,3,-1,-1,-1,-1,-1,-1,-1,-1,0,-1
2024161490077,2024,161490077,2,97,0,-1,19,4,7,-1,0,1,0,0,0,0,4,1,-1,6,1,44,7,-1,-1,-1,-1,-1,-1,0,-1
2024010497143,2024,010497143,2,9,0,99,99,9,9,99,99,9,9,99,9,99,1,9,6,6,3,-1,-1,-1,-1,-1,-1,-1,-1,0,-1
2024440466944,2024,440466944,1,9,0,1,1,2,6,0,0,1,0,0,0,0,2,1,6,6,3,-1,-1,-1,-1,-1,-1,-1,-1,0,-1
2024522402301,2024,522402301,2,9,0,99,99,9,9,0,0,8,0,0,0,0,9,1,6,6,3,-1,-1,-1,-1,-1,-1,-1,-1,0,-1
2024010489420,2024,010489420,1,1,9,99,99,9,9,99,99,9,9,99,9,99,9,1,2,2,1,41,7,-1,-1,-1,-1,8,E01001657,0,1
2024010497710,2024,010497710,2,9,0,18,19,8,4,0,0,0,0,0,0,0,1,1,6,6,1,24,5,-1,-1,-1,-1,2,E01001147,0,1
2024221427510,2024,221427510,3,9,0,-1,4,4,8,-1,0,0,0,0,0,0,0,9,-1,6,3,44,7,-1,-1,-1,-1,-1,-1,0,-1
202417M211424,2024,17M211424,2,1,0,-1,19,7,3,-1,0,1,0,0,0,0,3,1,-1,9,1,30,6,-1,-1,-1,-1,1,E01012114,0,1
2024131461302,2024,131461302,1,9,0,-1,-1,-1,-1,-1,-1,0,-1,-1,-1,0,-1,1,-1,6,3,-1,-1,-1,-1,-1,-1,-1,-1,0,-1
2024311447194,2024,311447194,2,9,0,-1,19,7,3,-1,0,1,0,0,0,0,4,1,-1,1,1,60,9,-1,-1,-1,-1,9,E01033777,0,3
2024010513729,2024,010513729,1,1,9,99,99,9,9,99,99,9,9,99,9,99,9,1,6,6,1,35,6,-1,-1,-1,-1,3,E01003334,0,2
2024211410965,2024,211410965,1,19,0,-1,1,8,4,-1,0,0,0,0,0,0,2,9,-1,9,3,-1,-1,-1,-1,-1,-1,-1,-1,0,-1
2024440561171,2024,440561171,2,9,0,18,19,1,5,0,0,1,0,0,0,0,1,1,6,6,1,-1,-1,-1,-1,-1,-1,-1,-1,0,-1
2024010488959,2024,010488959,2,9,0,18,19,7,3,0,0,1,0,0,0,0,1,1,6,6,1,26,6,-1,-1,-1,-1,4,E01003537,0,2
2024010494631,2024,010494631,2,8,0,99,99,9,9,99,99,5,9,99,9,99,1,9,6,6,3,-1,-1,-1,-1,-1,-1,-1,-1,0,-1
2024311524635,2024,311524635,2,1,0,-1,19,5,1,-1,0,1,0,0,0,0,4,1,-1,6,1,52,8,-1,-1,-1,-1,-1,-1,0,-1
2024010518648,2024,010518648,2,9,0,99,99,9,9,99,99,1,9,99,9,99,2,9,6,6,3,-1,-1,-1,-1,-1,-1,-1,-1,0,-1
2024010547792,2024,010547792,5,9,0,18,19,7,3,0,0,0,0,0,0,0,3,2,2,2,1,46,8,-1,-1,-1,-1,3,E01003479,0,3
2024041506664,2024,041506664,1,9,0,-1,19,-1,-1,-1,0,0,0,0,0,0,-1,9,-1,6,2,73,10,-1,-1,-1,-1,9,E01025064,0,1
2024071026703,2024,071026703,1,9,0,-1,19,2,6,-1,0,0,0,0,1,4,1,1,-1,9,1,22,5,-1,-1,-1,-1,8,E01018727,0,2
2024991434569,2024,991434569,2,9,0,-1,4,7,3,-1,0,0,0,0,1,9,2,1,-1,6,1,29,6,-1,-1,-1,-1,3,-1,0,4
2024531530924,2024,531530924,2,1,0,-1,19,5,1,-1,0,0,0,0,0,0,4,1,-1,1,1,52,8,-1,-1,-1,-1,7,E01022165,0,1
2024010507673,2024,010507673,3,9,0,2,2,0,0,0,0,8,0,0,0,0,3,2,6,6,3,-1,-1,-1,-1,-1,-1,-1,-1,0,-1
2024010500998,2024,010500998,1,19,0,7,7,1,3,0,0,1,0,0,0,0,1,1,6,6,3,-1,-1,-1,-1,-1,-1,-1,-1,0,-1
2024631438663,2024,631438663,2,19,0,-1,19,2,6,-1,0,8,0,0,0,0,4,1,-1,6,1,72,10,-1,-1,-1,-1,3,W01000838,0,4
2024302400507,2024,302400507,1,9,0,18,19,3,7,0,0,0,0,0,0,0,1,1,6,6,1,42,7,-1,-1,-1,-1,6,E01000927,0,5
2024101533429,2024,101533429,1,9,0,-1,1,0,0,-1,0,0,0,0,0,0,3,9,-1,6,3,65,9,-1,-1,-1,-1,-1,-1,0,-1
2024221427973,2024,221427973,2,9,0,-1,9,5,2,-1,0,6,0,0,0,0,1,9,-1,6,1,36,7,-1,-1,-1,-1,1,E01032434,0,1
2024401540761,2024,401540761,1,9,0,-1,5,6,2,-1,0,0,0,0,0,0,1,9,-1,6,2,40,7,-1,-1,-1,-1,-1,-1,0,-1
2024320011815,2024,320011815,2,1,0,-1,-1,4,8,0,0,1,5,0,0,0,2,1,6,6,1,37,7,-1,-1,-1,-1,-1,-1,0,-1
2024221415509,2024,221415509,1,9,0,-1,19,1,5,-1,0,0,0,4,0,0,1,1,-1,6,1,73,10,-1,-1,-1,-1,6,E01032288,0,1
2024010529431,2024,010529431,2,19,0,4,4,8,4,0,0,2,0,0,0,0,0,1,6,6,3,-1,-1,-1,-1,-1,-1,-1,-1,0,-1
2024440381629,2024,440381629,1,9,0,18,19,7,3,0,0,0,0,0,0,0,1,1,6,6,2,45,7,-1,-1,-1,-1,7,E01019996,0,5
2024010504557,2024,010504557,2,8,0,99,99,9,9,99,99,9,9,99,9,99,1,9,6,6,3,-1,-1,-1,-1,-1,-1,-1,-1,0,-1
2024010499216,2024,010499216,1,1,9,99,99,9,9,99,99,1,9,99,9,99,1,1,6,6,2,23,5,-1,-1,-1,-1,-1,-1,0,-1
2024451500763,2024,451500763,1,9,0,-1,19,1,5,-1,0,0,1,0,2,0,1,1,-1,2,2,21,5,-1,-1,-1,-1,8,E01030859,0,2
2024430052202,2024,430052202,1,9,0,18,19,7,3,0,0,0,0,0,0,0,1,1,3,7,1,54,8,-1,-1,-1,-1,7,E01017736,0,1
2024041512191,2024,041512191,1,1,0,-1,19,5,1,-1,0,0,0,0,0,0,1,1,-1,2,1,17,4,-1,-1,-1,-1,1,E01012650,0,1
2024061424476,2024,061424476,1,8,-1,-1,7,7,5,-1,0,1,0,0,0,0,1,9,-1,1,3,-1,-1,-1,-1,-1,-1,-1,-1,0,-1
2024631493163,2024,631493163,1,9,0,-1,19,3,7,-1,0,0,0,0,0,0,1,1,-1,9,2,78,11,-1,-1,-1,-1,6,E01009828,0,5
2024471443950,2024,471443950,1,98,0,-1,19,7,3,-1,0,1,0,0,0,0,1,2,-1,6,3,-1,-1,-1,-1,-1,-1,-1,-1,0,-1
2024991456308,2024,991456308,2,9,0,-1,19,5,1,-1,0,0,1,0,0,0,3,1,-1,9,1,23,5,-1,-1,-1,-1,4,-1,0,2
2024010516429,2024,010516429,3,9,0,1,1,7,3,0,0,0,0,0,0,0,0,1,6,6,3,-1,-1,-1,-1,-1,-1,-1,-1,0,-1
2024481507977,2024,481507977,1,1,0,-1,19,1,5,-1,0,2,0,0,0,0,1,1,-1,2,1,38,7,-1,-1,-1,-1,-1,-1,0,-1
2024010521007,2024,010521007,1,9,9,99,99,9,9,0,0,2,0,0,0,0,2,9,6,6,3,-1,-1,-1,-1,-1,-1,-1,-1,0,-1
2024320682172,2024,320682172,2,9,0,-1,-1,8,4,0,0,8,0,0,7,1,1,1,-1,-1,1,29,6,-1,-1,-1,-1,7,E01026392,0,3
2024071050082,2024,071050082,1,9,0,-1,4,5,1,-1,0,0,1,0,0,0,1,1,-1,9,1,42,7,-1,-1,-1,-1,1,E01009743,0,4
2024010519721,2024,010519721,1,23,0,18,19,3,7,9,9,0,0,0,0,0,4,1,6,6,1,33,6,-1,-1,-1,-1,3,E01000011,0,1
2024311468922,2024,311468922,2,1,0,-1,7,2,8,-1,0,2,1,11,0,0,1,1,-1,9,1,64,9,-1,-1,-1,-1,-1,-1,0,-1
2024010530588,2024,010530588,2,9,0,18,19,7,3,0,0,5,0,0,0,0,1,1,6,6,1,48,8,-1,-1,-1,-1,3,E01003950,0,1
2024522401919,2024,522401919,2,9,0,11,11,2,4,0,0,3,0,0,0,0,4,1,6,6,3,-1,-1,-1,-1,-1,-1,-1,-1,0,-1
2024010497901,2024,010497901,1,9,0,99,99,9,9,99,99,9,9,99,9,99,9,9,6,6,3,-1,-1,-1,-1,-1,-1,-1,-1,0,-1