collision_index,collision_year,collision_ref_no,vehicle_reference,vehicle_type,towing_and_articulation,vehicle_manoeuvre_historic,vehicle_manoeuvre,vehicle_direction_from,vehicle_direction_to,vehicle_location_restricted_lane_historic,vehicle_location_restricted_lane,junction_location,skidding_and_overturning,hit_object_in_carriageway,vehicle_leaving_carriageway,hit_object_off_carriageway,first_point_of_impact,vehicle_left_hand_drive,journey_purpose_of_driver_historic,journey_purpose_of_driver,sex_of_driver,age_of_driver,age_band_of_driver,engine_capacity_cc,propulsion_code,age_of_vehicle,generic_make_model,driver_imd_decile,lsoa_of_driver,escooter_flag,driver_distance_banding
2024010495566,2024,010495566,2,9,9,99,99,9,9,99,99,9,9,99,9,99,9,9,6,6,3,-1,-1,-1,-1,-1,-1,-1,-1,0,-1
2024010525215,2024,010525215,1,1,9,18,19,9,9,99,99,1,9,99,9,99,9,1,6,6,1,27,6,-1,-1,-1,-1,2,E01033882,0,2
2024010508767,2024,010508767,2,9,0,99,99,9,9,99,99,9,9,99,9,99,9,9,6,6,3,-1,-1,-1,-1,-1,-1,-1,-1,0,-1
2024010543108,2024,010543108,2,1,0,18,19,7,3,0,0,1,0,4,0,0,1,1,6,6,1,50,8,-1,-1,-1,-1,9,E01004058,0,1
2024010491278,2024,010491278,2,90,0,99,99,9,9,99,99,9,9,99,9,99,9,9,6,6,3,-1,-1,-1,-1,-1,-1,-1,-1,0,-1
2024010538268,2024,010538268,1,1,9,99,99,9,9,99,99,9,9,99,9,99,9,1,2,2,1,32,6,-1,-1,-1,-1,2,E01002669,0,1
2024231402409,2024,231402409,2,9,0,-1,2,0,0,-1,0,0,0,0,0,0,3,9,-1,7,2,32,6,-1,-1,-1,-1,8,E01035034,0,1
2024481561729,2024,481561729,1,21,0,-1,19,3,7,-1,0,2,0,0,0,0,4,1,-1,1,1,45,7,-1,-1,-1,-1,-1,-1,0,-1
2024010539271,2024,010539271,2,9,9,99,99,9,9,0,0,9,9,99,9,99,9,9,6,6,3,-1,-1,-1,-1,-1,-1,-1,-1,0,-1
2024461485908,2024,461485908,1,9,0,-1,19,7,3,-1,0,0,0,0,0,0,4,1,-1,9,1,23,5,-1,-1,-1,-1,3,E01035289,0,2
2024010526975,2024,010526975,2,1,9,99,99,9,9,99,99,9,9,99,9,99,1,1,6,6,3,-1,-1,-1,-1,-1,-1,-1,-1,0,-1
2024010497164,2024,010497164,2,9,0,99,99,9,9,99,99,0,9,99,9,99,3,9,6,6,3,-1,-1,-1,-1,-1,-1,-1,-1,0,-1
2024010526199,2024,010526199,1,9,0,99,99,9,9,99,99,9,9,99,9,99,1,9,6,6,1,38,7,-1,-1,-1,-1,3,E01002725,0,1
2024430175008,2024,430175008,1,3,0,14,14,8,4,0,0,0,0,0,0,0,4,1,2,2,1,46,8,-1,-1,-1,-1,5,E01016496,0,1
2024522401343,2024,522401343,1,8,0,18,19,6,2,0,0,2,0,0,0,0,1,1,6,6,3,-1,-1,-1,-1,-1,-1,-1,-1,0,-1
2024320344896,2024,320344896,2,1,0,-1,-1,8,4,9,9,8,0,0,0,0,3,1,6,6,1,45,7,-1,-1,-1,-1,-1,-1,0,-1
2024010533166,2024,010533166,2,1,0,9,9,1,6,0,0,1,0,0,0,0,1,1,6,6,2,24,5,-1,-1,-1,-1,8,E01002835,0,2
2024131507740,2024,131507740,1,9,0,-1,7,-1,-1,-1,0,1,-1,-1,-1,-1,-1,1,-1,6,3,-1,-1,-1,-1,-1,-1,-1,-1,0,-1
2024131435764,2024,131435764,1,5,0,-1,19,1,7,-1,0,3,0,0,0,0,4,1,-1,9,1,50,8,-1,-1,-1,-1,1,E01011282,0,1
2024461402624,2024,461402624,1,21,1,-1,12,1,5,-1,0,0,0,0,0,0,1,2,-1,1,1,42,7,-1,-1,-1,-1,-1,-1,0,-1
2024340NN3242,2024,340NN3242,1,-1,0,-1,19,1,5,-1,0,8,0,0,0,0,1,1,-1,2,2,41,7,-1,-1,-1,-1,2,E01026951,1,1
2024401397079,2024,401397079,2,1,0,-1,19,3,7,-1,0,8,0,0,0,0,2,1,-1,2,1,23,5,-1,-1,-1,-1,2,E01017400,0,1
2024010503341,2024,010503341,1,9,0,18,19,1,5,0,0,2,0,0,0,0,1,1,6,6,3,-1,-1,-1,-1,-1,-1,-1,-1,0,-1
2024071078024,2024,071078024,1,1,0,-1,19,8,4,-1,0,0,0,0,0,0,1,1,-1,9,1,51,8,-1,-1,-1,-1,8,E01018528,0,1
2024010533933,2024,010533933,1,1,9,18,19,9,9,99,99,9,9,99,9,99,1,1,2,2,1,30,6,-1,-1,-1,-1,4,E01003406,0,1
2024440365516,2024,440365516,1,1,0,18,19,4,8,0,0,8,0,0,0,0,1,1,6,6,1,39,7,-1,-1,-1,-1,3,E01017082,0,1
2024411538216,2024,411538216,1,9,0,-1,19,7,3,-1,0,1,0,0,0,0,1,9,-1,6,2,-1,-1,-1,-1,-1,-1,-1,-1,0,-1
2024010495368,2024,010495368,1,8,0,99,99,9,9,99,99,9,9,99,9,99,2,9,1,1,3,54,8,-1,-1,-1,-1,3,E01003580,0,3
2024010491157,2024,010491157,2,9,0,99,99,9,9,99,99,9,9,99,9,99,1,9,6,6,3,-1,-1,-1,-1,-1,-1,-1,-1,0,-1
2024211513600,2024,211513600,1,21,-1,-1,-1,1,5,-1,-1,0,-1,-1,-1,0,-1,9,-1,6,3,-1,-1,-1,-1,-1,-1,-1,-1,0,-1
2024401511302,2024,401511302,1,-1,-1,-1,-1,-1,-1,-1,-1,0,-1,-1,-1,0,-1,1,-1,6,1,-1,-1,-1,-1,-1,-1,-1,-1,1,-1
202454E936524,2024,54E936524,2,1,0,18,19,3,7,0,0,8,0,0,0,0,4,1,6,6,1,50,8,-1,-1,-1,-1,7,E01032708,0,1
2024010527670,2024,010527670,1,1,9,18,19,9,9,2,2,9,9,99,9,99,9,1,6,6,1,57,9,-1,-1,-1,-1,4,E01035651,0,2
2024461432706,2024,461432706,2,17,5,-1,2,0,0,-1,0,5,0,0,0,0,4,1,-1,6,-1,-1,-1,-1,-1,-1,-1,-1,-1,0,-1
2024041402629,2024,041402629,1,1,0,-1,19,3,6,-1,0,0,0,0,0,0,1,1,-1,6,1,76,11,-1,-1,-1,-1,9,E01025064,0,2
2024401444053,2024,401444053,2,-1,-1,-1,-1,-1,-1,-1,-1,-1,-1,-1,-1,0,-1,1,-1,6,1,12,3,-1,-1,-1,-1,4,E01015804,1,1
2024332400640,2024,332400640,2,9,0,-1,9,4,2,-1,0,6,0,0,0,0,1,1,-1,6,1,61,9,-1,-1,-1,-1,9,E01025828,0,1
2024201523361,2024,201523361,2,1,0,-1,19,1,5,-1,0,0,0,0,0,0,1,1,-1,6,1,31,6,-1,-1,-1,-1,-1,-1,0,-1
2024061399239,2024,061399239,1,9,0,-1,9,5,1,-1,0,6,0,0,0,0,1,1,-1,6,1,-1,-1,-1,-1,-1,-1,-1,-1,0,-1
2024461483798,2024,461483798,1,9,0,-1,19,1,5,-1,0,0,0,0,0,0,1,9,-1,6,3,-1,-1,-1,-1,-1,-1,-1,-1,0,-1
2024201511269,2024,201511269,1,1,0,-1,19,6,2,-1,0,8,0,0,0,0,1,1,-1,1,1,-1,-1,-1,-1,-1,-1,-1,-1,0,-1
2024010489718,2024,010489718,1,9,0,9,9,3,1,0,0,5,0,0,0,0,2,1,6,6,1,43,7,-1,-1,-1,-1,2,E01016480,0,2
2024010539082,2024,010539082,1,1,0,4,4,8,4,0,0,2,0,0,0,0,0,1,4,7,1,16,4,-1,-1,-1,-1,2,E01000891,0,1
202454C056524,2024,54C056524,2,9,0,3,3,1,5,0,0,4,0,0,0,0,2,1,6,6,2,52,8,-1,-1,-1,-1,10,E01031948,0,3
2024461442614,2024,461442614,2,1,0,-1,19,7,3,-1,0,8,0,0,0,0,1,1,-1,9,1,42,7,-1,-1,-1,-1,7,E01016123,0,1
2024010531748,2024,010531748,1,1,9,99,99,9,9,5,5,0,9,99,0,99,1,1,6,6,3,-1,-1,-1,-1,-1,-1,-1,-1,0,-1
2024010532438,2024,010532438,1,1,9,99,99,9,9,99,99,9,9,8,9,99,9,1,6,6,3,25,5,-1,-1,-1,-1,5,E01003019,0,1
2024201466595,2024,201466595,2,1,0,-1,19,6,2,-1,0,8,0,0,0,0,1,1,-1,6,1,30,6,-1,-1,-1,-1,4,E01009243,0,1
2024010543316,2024,010543316,1,8,0,99,99,9,9,0,0,0,0,0,0,0,1,1,6,6,1,-1,-1,-1,-1,-1,-1,9,E01002242,0,3
2024451513732,2024,451513732,1,9,0,-1,19,8,4,-1,0,0,0,0,0,0,0,9,-1,6,3,35,6,-1,-1,-1,-1,-1,-1,0,-1
2024361399276,2024,361399276,1,9,0,-1,5,5,1,-1,0,4,0,0,0,0,4,1,-1,9,1,57,9,-1,-1,-1,-1,6,E01033435,0,1
2024131458670,2024,131458670,1,8,0,-1,19,1,5,-1,0,0,0,0,0,0,1,1,-1,6,3,-1,-1,-1,-1,-1,-1,-1,-1,0,-1
2024411451877,2024,411451877,1,9,0,-1,19,3,7,-1,0,2,0,0,0,0,1,1,-1,1,1,21,5,-1,-1,-1,-1,4,E01015784,0,4
2024211426965,2024,211426965,1,21,1,-1,11,5,2,-1,0,0,0,0,0,0,4,1,-1,1,1,40,7,-1,-1,-1,-1,-1,-1,0,-1
2024010517188,2024,010517188,2,1,0,13,13,7,3,4,4,1,0,0,2,4,3,1,6,6,1,31,6,-1,-1,-1,-1,-1,-1,0,-1
2024070542234,2024,070542234,2,9,0,3,3,4,8,0,0,1,0,0,0,0,2,1,3,7,2,33,6,-1,-1,-1,-1,1,E01018550,0,1
2024421421981,2024,421421981,1,9,-1,-1,-1,-1,-1,-1,-1,0,-1,-1,-1,0,-1,9,-1,6,3,-1,-1,-1,-1,-1,-1,-1,-1,0,-1
2024411537292,2024,411537292,1,9,0,-1,19,7,3,-1,0,0,0,0,0,0,1,1,-1,6,1,77,11,-1,-1,-1,-1,7,E01023335,0,3
2024461499982,2024,461499982,2,9,0,-1,3,3,7,-1,0,0,0,0,0,0,2,1,-1,9,2,35,6,-1,-1,-1,-1,1,E01035274,0,1
2024552401337,2024,552401337,2,5,0,18,19,5,1,0,0,8,0,0,0,0,4,1,2,2,1,29,6,-1,-1,-1,-1,1,E01015281,0,1
2024201504457,2024,201504457,1,9,0,-1,19,5,1,-1,0,4,0,0,0,0,1,9,-1,6,1,-1,-1,-1,-1,-1,-1,-1,-1,0,-1
2024070638139,2024,070638139,1,90,0,18,19,4,8,9,9,2,0,0,0,0,4,1,6,6,3,-1,-1,-1,-1,-1,-1,-1,-1,0,-1
2024440537005,2024,440537005,1,9,0,5,5,1,5,0,0,0,0,0,0,0,4,1,1,1,1,60,9,-1,-1,-1,-1,7,E01022672,0,1
2024010536566,2024,010536566,1,1,9,99,99,9,9,99,99,0,9,99,9,99,1,1,1,1,3,38,7,-1,-1,-1,-1,3,E01003531,0,3
2024131525246,2024,131525246,3,9,0,-1,19,5,1,-1,0,1,0,0,0,0,1,1,-1,9,1,25,5,-1,-1,-1,-1,3,E01005244,0,4
2024541611224,2024,541611224,1,9,0,9,9,1,8,0,0,6,0,0,0,0,3,1,6,6,1,-1,-1,-1,-1,-1,-1,-1,-1,0,-1
2024221532432,2024,221532432,2,1,0,-1,19,8,3,-1,0,0,0,0,0,0,3,1,-1,7,1,10,2,-1,-1,-1,-1,7,E01014100,0,1
2024522401356,2024,522401356,2,9,0,18,19,9,9,0,0,1,0,0,0,0,9,1,6,6,3,-1,-1,-1,-1,-1,-1,-1,-1,0,-1
2024471536062,2024,471536062,2,90,0,-1,2,4,8,-1,0,0,0,0,1,0,1,1,-1,6,-1,-1,-1,-1,-1,-1,-1,-1,-1,0,-1
2024440020319,2024,440020319,2,1,0,16,19,2,4,0,0,0,0,0,0,0,1,1,2,2,1,52,8,-1,-1,-1,-1,1,E01017103,0,1
2024131461438,2024,131461438,1,9,0,-1,19,3,7,-1,0,0,0,0,0,0,1,1,-1,9,1,20,4,-1,-1,-1,-1,1,E01011080,0,1
2024411442216,2024,411442216,2,1,0,-1,19,2,6,-1,0,8,0,0,0,0,4,1,-1,2,3,37,7,-1,-1,-1,-1,5,E01023806,0,1
2024531499008,2024,531499008,1,9,0,-1,19,2,6,-1,0,0,0,0,0,0,4,9,-1,6,3,-1,-1,-1,-1,-1,-1,-1,-1,0,-1
2024041491112,2024,041491112,1,1,0,-1,5,3,7,-1,0,0,0,0,0,0,1,1,-1,6,1,12,3,-1,-1,-1,-1,2,E01025305,0,1
2024010535613,2024,010535613,2,90,0,99,99,9,9,99,99,9,9,99,9,99,0,9,6,6,3,-1,-1,-1,-1,-1,-1,5,E01033099,0,1
2024010516820,2024,010516820,1,19,0,18,19,5,1,0,0,0,0,0,0,0,4,1,1,1,1,56,9,-1,-1,-1,-1,3,E01001823,0,2
2024111435398,2024,111435398,2,9,0,-1,4,5,1,-1,0,0,0,0,0,0,2,1,-1,9,1,52,8,-1,-1,-1,-1,4,E01020875,0,1
2024311405576,2024,311405576,2,1,0,-1,9,7,3,-1,0,8,5,0,0,0,3,1,-1,9,2,53,8,-1,-1,-1,-1,8,E01025946,0,1
2024991454612,2024,991454612,3,9,0,-1,2,0,0,-1,0,2,0,4,0,0,3,9,-1,6,-1,-1,-1,-1,-1,-1,-1,-1,-1,0,-1
2024361543808,2024,361543808,3,9,0,-1,2,0,0,-1,0,0,0,0,0,0,2,1,-1,6,2,46,8,-1,-1,-1,-1,5,E01026715,0,1
2024411394644,2024,411394644,2,9,0,-1,5,-1,-1,-1,0,0,0,0,0,0,3,9,-1,6,2,64,9,-1,-1,-1,-1,7,E01023594,0,1
2024520001543,2024,520001543,2,9,0,18,19,5,1,0,0,8,0,0,0,0,1,1,6,6,2,65,9,-1,-1,-1,-1,6,E01014471,0,1
2024010488195,2024,010488195,1,11,0,5,5,8,4,2,2,0,0,0,0,0,0,1,1,1,1,39,7,-1,-1,-1,-1,2,E01001947,0,2
2024340NN2812,2024,340NN2812,2,9,0,-1,19,5,1,-1,0,0,0,0,0,0,3,1,-1,6,1,46,8,-1,-1,-1,-1,6,E01027109,0,2
2024471453647,2024,471453647,1,1,0,-1,19,1,5,-1,0,8,0,0,0,0,3,1,-1,1,1,27,6,-1,-1,-1,-1,5,E01032836,0,1
2024201507552,2024,201507552,1,9,0,-1,2,0,0,-1,0,1,0,0,0,0,1,1,-1,9,3,-1,-1,-1,-1,-1,-1,-1,-1,0,-1
2024041454090,2024,041454090,1,9,0,-1,19,5,1,-1,0,0,0,0,0,0,-1,9,-1,6,3,-1,-1,-1,-1,-1,-1,-1,-1,0,-1
2024031534979,2024,031534979,2,1,0,-1,19,8,4,-1,0,0,5,0,1,11,2,1,-1,9,1,61,9,-1,-1,-1,-1,-1,-1,0,-1
2024010530916,2024,010530916,1,3,0,99,99,9,9,99,99,9,9,99,9,99,1,1,6,6,3,-1,-1,-1,-1,-1,-1,-1,-1,0,-1
2024430197186,2024,430197186,2,19,0,14,14,4,8,0,0,1,0,0,0,0,3,1,6,6,1,-1,-1,-1,-1,-1,-1,-1,-1,0,-1
2024010511010,2024,010511010,1,1,9,99,99,9,9,99,99,0,9,8,9,99,9,1,6,6,3,32,6,-1,-1,-1,-1,3,E01004064,0,3
2024471436631,2024,471436631,2,1,0,-1,19,6,2,-1,0,0,0,0,0,0,3,1,-1,6,1,42,7,-1,-1,-1,-1,7,E01031374,0,1
2024440506299,2024,440506299,1,1,0,18,19,7,3,0,0,1,0,0,0,0,1,1,6,6,1,39,7,-1,-1,-1,-1,4,E01017128,0,1
2024131424164,2024,131424164,2,1,0,-1,19,4,8,-1,0,8,0,0,0,0,0,1,-1,2,2,43,7,-1,-1,-1,-1,6,E01010786,0,1
2024430543038,2024,430543038,1,9,0,9,9,5,3,0,0,8,0,0,0,0,3,1,1,1,1,33,6,-1,-1,-1,-1,9,E01033508,0,1
2024061487749,2024,061487749,2,1,0,-1,19,2,6,-1,0,0,2,0,0,0,1,1,-1,6,1,-1,-1,-1,-1,-1,-1,3,E01005916,0,2
2024010490161,2024,010490161,1,9,0,18,19,3,7,0,0,1,0,0,0,0,1,1,6,6,3,-1,-1,-1,-1,-1,-1,5,E01030677,0,3
2024340WN2622,2024,340WN2622,1,9,0,-1,19,8,4,-1,0,1,0,0,0,0,1,1,-1,1,1,49,8,-1,-1,-1,-1,8,E01027285,0,2
2024010491235,2024,010491235,1,3,0,13,13,1,5,0,0,1,0,0,0,0,1,1,1,1,1,21,5,-1,-1,-1,-1,3,E01003101,0,1
2024010526995,2024,010526995,2,1,0,18,19,5,1,0,0,6,0,0,0,0,1,1,1,1,1,28,6,-1,-1,-1,-1,2,E01003732,0,1
2024010520251,2024,010520251,2,1,0,18,19,7,3,0,0,1,5,0,0,0,4,1,1,1,1,24,5,-1,-1,-1,-1,2,E01003501,0,1
202417H102224,2024,17H102224,2,-1,0,-1,19,3,7,-1,0,6,0,0,0,0,2,1,-1,9,1,13,3,-1,-1,-1,-1,1,E01033466,1,1
2024991403556,2024,991403556,1,9,0,-1,19,6,2,-1,0,2,0,0,0,0,1,1,-1,6,1,78,11,-1,-1,-1,-1,7,-1,0,4
2024991468161,2024,991468161,1,5,0,-1,19,5,1,-1,0,0,0,0,0,0,1,1,-1,9,1,36,7,-1,-1,-1,-1,-1,-1,0,-1
2024440360128,2024,440360128,2,9,0,5,5,4,7,0,0,4,0,0,0,0,2,1,6,6,3,-1,-1,-1,-1,-1,-1,-1,-1,0,-1
2024430511050,2024,430511050,1,9,0,18,19,5,1,0,0,6,0,0,0,0,4,1,6,6,1,80,11,-1,-1,-1,-1,10,E01017871,0,1
2024421522036,2024,421522036,1,9,0,-1,9,1,7,-1,0,6,0,0,0,0,1,9,-1,6,2,-1,-1,-1,-1,-1,-1,-1,-1,0,-1
2024010549427,2024,010549427,1,1,0,18,19,3,7,0,0,1,0,0,0,0,0,1,6,6,1,30,6,-1,-1,-1,-1,-1,-1,0,-1
2024991505245,2024,991505245,1,1,0,-1,19,2,6,-1,0,8,0,0,0,0,0,1,-1,9,2,52,8,-1,-1,-1,-1,3,-1,0,1
2024070716656,2024,070716656,1,9,9,-1,99,9,9,-1,99,0,9,0,0,0,9,9,-1,6,3,-1,-1,-1,-1,-1,-1,-1,-1,0,-1
2024010489401,2024,010489401,2,9,0,99,99,9,9,99,99,9,9,99,9,99,1,9,6,6,2,28,6,-1,-1,-1,-1,3,E01004402,0,1
2024461398578,2024,461398578,1,9,0,-1,10,1,5,-1,0,8,1,0,0,0,4,1,-1,6,2,75,10,-1,-1,-1,-1,8,E01024440,0,1
2024471533822,2024,471533822,1,20,0,-1,19,7,4,-1,0,0,5,0,1,11,1,2,-1,1,1,24,5,-1,-1,-1,-1,-1,-1,0,-1
2024622400083,2024,622400083,2,1,0,18,19,2,6,0,0,8,0,0,0,0,1,1,6,6,1,30,6,-1,-1,-1,-1,2,W01001768,0,1
2024361511697,2024,361511697,1,1,-1,-1,-1,-1,-1,-1,-1,-1,-1,-1,-1,0,-1,1,-1,6,1,-1,-1,-1,-1,-1,-1,-1,-1,0,-1
2024320557420,2024,320557420,1,19,0,13,13,8,4,0,0,0,0,0,0,0,4,1,6,6,3,-1,-1,-1,-1,-1,-1,-1,-1,0,-1
2024201447318,2024,201447318,1,8,0,-1,5,2,6,-1,0,6,0,0,0,0,1,1,-1,6,3,50,8,-1,-1,-1,-1,-1,-1,0,-1
2024311496778,2024,311496778,2,1,0,-1,19,4,8,-1,0,8,0,0,0,0,3,1,-1,6,1,53,8,-1,-1,-1,-1,8,E01028116,0,1
2024101412661,2024,101412661,1,23,0,-1,19,3,7,-1,0,1,0,0,0,0,1,1,-1,6,1,23,5,-1,-1,-1,-1,3,E01008510,0,1
2024061531335,2024,061531335,2,9,0,-1,19,1,5,-1,0,0,0,0,0,0,1,1,-1,6,2,25,5,-1,-1,-1,-1,4,E01006044,0,1
2024451436434,2024,451436434,2,1,0,-1,19,7,3,-1,0,0,5,0,0,0,4,1,-1,9,1,28,6,-1,-1,-1,-1,10,E01003881,0,2
2024111450692,2024,111450692,1,9,0,-1,19,5,1,-1,0,0,0,0,0,0,3,1,-1,6,3,30,6,-1,-1,-1,-1,-1,-1,0,-1
2024430037689,2024,430037689,1,3,0,13,13,2,6,0,0,8,0,0,7,0,4,1,2,2,1,23,5,-1,-1,-1,-1,10,E01022893,0,1
2024010534409,2024,010534409,1,19,0,9,9,6,3,0,0,1,0,0,0,0,3,1,6,6,3,34,6,-1,-1,-1,-1,-1,-1,0,-1
2024520402444,2024,520402444,1,19,4,18,19,9,9,0,0,0,0,0,0,0,9,-1,-1,-1,3,-1,-1,-1,-1,-1,-1,-1,-1,0,-1
2024010513712,2024,010513712,1,11,0,18,19,3,7,0,0,0,0,0,0,0,1,1,6,6,3,-1,-1,-1,-1,-1,-1,-1,-1,0,-1
2024411412483,2024,411412483,1,9,0,-1,19,5,1,-1,0,1,0,0,0,0,1,1,-1,6,1,68,10,-1,-1,-1,-1,5,E01031242,0,5
2024161455314,2024,161455314,1,9,0,-1,19,5,1,-1,0,0,0,0,0,0,1,1,-1,6,3,-1,-1,-1,-1,-1,-1,-1,-1,0,-1
2024010496422,2024,010496422,1,3,0,99,99,9,9,99,99,9,9,99,9,99,1,1,2,2,1,41,7,-1,-1,-1,-1,4,E01002313,0,4
2024041404560,2024,041404560,1,9,0,-1,19,4,5,-1,0,0,0,0,0,0,1,1,-1,6,2,50,8,-1,-1,-1,-1,2,E01024959,0,1
2024430571398,2024,430571398,2,9,0,18,19,3,7,0,0,8,0,0,0,0,1,1,6,6,1,38,7,-1,-1,-1,-1,2,E01034455,0,2
2024010491495,2024,010491495,2,9,0,17,19,1,5,0,0,1,0,0,0,0,1,1,6,6,1,21,5,-1,-1,-1,-1,5,E01001393,0,4
2024010511117,2024,010511117,1,9,0,3,3,3,7,0,0,9,9,99,9,99,2,9,6,6,1,32,6,-1,-1,-1,-1,7,E01002177,0,3
2024052401947,2024,052401947,2,1,0,18,19,7,3,0,0,1,0,0,0,0,3,1,6,6,1,13,3,-1,-1,-1,-1,3,E01006994,0,1
2024430461814,2024,430461814,1,9,0,18,19,4,1,0,0,1,0,0,0,0,1,1,6,6,1,-1,-1,-1,-1,-1,-1,-1,-1,0,-1
2024010489468,2024,010489468,1,9,0,99,99,9,9,0,0,0,0,0,0,0,9,1,6,6,3,-1,-1,-1,-1,-1,-1,-1,-1,0,-1
2024201501769,2024,201501769,2,1,0,-1,19,3,1,-1,0,3,0,0,0,0,1,1,-1,6,1,60,9,-1,-1,-1,-1,4,E01009250,0,1
2024111442583,2024,111442583,3,9,4,-1,7,4,8,-1,0,5,0,0,0,0,0,1,-1,1,1,46,8,-1,-1,-1,-1,5,E01020604,0,1
2024131452228,2024,131452228,1,98,0,-1,19,7,7,-1,0,1,0,0,0,0,1,2,-1,1,1,30,6,-1,-1,-1,-1,8,E01011694,0,1
2024010541122,2024,010541122,1,1,9,99,99,9,9,99,99,9,9,99,9,99,9,1,2,2,2,33,6,-1,-1,-1,-1,2,E01003432,0,2
2024010489611,2024,010489611,1,3,0,99,99,9,9,99,99,9,9,99,9,99,9,1,1,1,1,35,6,-1,-1,-1,-1,3,E01001980,0,2
2024411501472,2024,411501472,1,-1,0,-1,-1,-1,-1,-1,-1,6,-1,-1,-1,0,1,1,-1,7,1,14,3,-1,-1,-1,-1,10,E01023457,1,1
2024010496150,2024,010496150,3,9,0,4,4,3,7,0,0,0,0,0,0,0,2,1,6,6,1,52,8,-1,-1,-1,-1,7,E01003665,0,1
2024361433368,2024,361433368,2,1,0,-1,19,3,7,-1,9,1,0,0,0,0,3,1,-1,6,2,10,2,-1,-1,-1,-1,2,E01033040,0,1
2024311439007,2024,311439007,2,1,0,-1,19,3,7,-1,4,1,0,0,0,0,0,1,-1,6,1,22,5,-1,-1,-1,-1,-1,-1,0,-1
2024010494107,2024,010494107,2,11,0,18,19,5,1,0,0,8,0,0,0,0,1,1,1,1,1,40,7,-1,-1,-1,-1,3,E01000948,0,2
2024010511693,2024,010511693,2,9,0,99,99,9,9,99,99,9,9,99,9,99,9,9,6,6,3,-1,-1,-1,-1,-1,-1,-1,-1,0,-1
2024010489881,2024,010489881,2,9,0,18,19,1,5,0,0,8,0,0,0,0,1,1,2,2,1,48,8,-1,-1,-1,-1,3,E01002429,0,1
2024461460697,2024,461460697,1,19,0,-1,4,7,3,-1,0,0,0,0,0,0,0,9,-1,6,3,-1,-1,-1,-1,-1,-1,-1,-1,0,-1
2024501408224,2024,501408224,2,9,0,-1,19,4,8,-1,0,1,0,0,0,0,3,1,-1,6,1,40,7,-1,-1,-1,-1,10,E01030396,0,5
2024311521682,2024,311521682,1,9,-1,-1,7,3,6,-1,0,6,0,0,0,0,1,9,-1,6,1,-1,-1,-1,-1,-1,-1,-1,-1,0,-1
2024061447572,2024,061447572,1,1,9,-1,19,-1,-1,-1,0,0,0,0,0,0,1,1,-1,9,1,22,5,-1,-1,-1,-1,1,E01005219,0,1
2024010488365,2024,010488365,1,9,9,99,99,9,9,99,99,9,9,99,9,99,9,9,6,6,3,-1,-1,-1,-1,-1,-1,-1,-1,0,-1
2024201523636,2024,201523636,2,1,0,-1,19,1,1,-1,0,3,0,0,0,0,4,1,-1,6,1,51,8,-1,-1,-1,-1,1,E01008972,0,2
2024010524892,2024,010524892,2,9,0,99,99,9,9,99,99,9,9,99,9,99,2,9,6,6,2,30,6,-1,-1,-1,-1,5,E01002449,0,1
2024501509327,2024,501509327,2,1,0,-1,19,3,7,-1,0,1,2,0,0,0,1,1,-1,9,1,22,5,-1,-1,-1,-1,5,E01018785,0,2
2024052401679,2024,052401679,1,9,0,18,19,5,1,0,0,0,0,0,0,0,0,1,6,6,3,-1,-1,-1,-1,-1,-1,-1,-1,0,-1
2024430563495,2024,430563495,1,19,0,18,19,1,5,0,0,6,0,0,0,0,1,1,6,6,3,-1,-1,-1,-1,-1,-1,-1,-1,0,-1
2024131469960,2024,131469960,1,21,1,-1,19,3,7,-1,0,8,0,0,0,0,1,2,-1,1,1,53,8,-1,-1,-1,-1,-1,-1,0,-1
2024451408713,2024,451408713,3,9,0,-1,19,7,3,-1,0,0,0,0,0,0,1,1,-1,6,1,63,9,-1,-1,-1,-1,9,E01030781,0,1
2024461536744,2024,461536744,1,9,0,-1,19,6,2,-1,0,0,0,0,0,0,1,9,-1,6,3,-1,-1,-1,-1,-1,-1,-1,-1,0,-1
2024010489671,2024,010489671,1,19,9,-1,-1,1,5,0,0,1,0,0,0,0,9,9,1,1,1,35,6,-1,-1,-1,-1,10,E01023894,0,4
2024010489795,2024,010489795,1,9,0,18,19,5,1,0,0,2,0,0,0,0,1,1,3,7,2,39,7,-1,-1,-1,-1,10,E01000681,0,1
2024010531549,2024,010531549,1,9,9,99,99,9,9,99,99,0,9,99,9,99,9,9,6,6,2,43,7,-1,-1,-1,-1,7,E01003270,0,3
2024552401358,2024,552401358,2,1,0,18,19,5,1,0,0,1,0,0,0,0,4,1,6,6,2,51,8,-1,-1,-1,-1,8,E01020349,0,1
2024421477655,2024,421477655,2,1,0,-1,19,3,7,-1,0,1,2,0,0,0,1,1,-1,6,1,13,3,-1,-1,-1,-1,1,E01034096,0,3
2024991484952,2024,991484952,3,9,0,-1,19,8,4,-1,0,0,0,0,0,0,0,9,-1,6,3,30,6,-1,-1,-1,-1,-1,-1,0,-1
2024201499800,2024,201499800,2,-1,0,-1,19,7,3,-1,0,2,0,0,0,0,2,1,-1,9,1,20,4,-1,-1,-1,-1,2,E01009741,1,1
2024010530363,2024,010530363,2,9,0,99,99,9,9,99,99,9,9,99,9,99,9,9,6,6,3,-1,-1,-1,-1,-1,-1,-1,-1,0,-1
2024522402061,2024,522402061,2,1,0,18,19,8,4,0,0,3,0,0,0,0,1,1,6,6,1,50,8,-1,-1,-1,-1,8,E01035228,0,1
2024546916024,2024,546916024,1,9,0,16,19,3,7,0,0,1,0,0,0,0,0,1,6,6,3,-1,-1,-1,-1,-1,-1,-1,-1,0,-1
2024501460520,2024,501460520,2,19,0,-1,9,5,1,-1,0,0,0,0,0,0,3,1,-1,1,1,38,7,-1,-1,-1,-1,9,E01034632,0,1
2024991439094,2024,991439094,1,97,0,-1,7,5,7,-1,0,8,0,0,0,0,1,1,-1,6,3,-1,-1,-1,-1,-1,-1,-1,-1,0,-1
2024302400665,2024,302400665,2,1,0,18,19,6,2,0,0,0,0,0,0,0,0,1,6,6,1,19,4,-1,-1,-1,-1,1,E01013568,0,1
2024451467423,2024,451467423,2,9,0,-1,7,3,7,-1,0,0,0,0,0,0,1,9,-1,9,2,19,4,-1,-1,-1,-1,10,E01030870,0,3