collision_index,collision_year,collision_ref_no,vehicle_reference,vehicle_type,towing_and_articulation,vehicle_manoeuvre_historic,vehicle_manoeuvre,vehicle_direction_from,vehicle_direction_to,vehicle_location_restricted_lane_historic,vehicle_location_restricted_lane,junction_location,skidding_and_overturning,hit_object_in_carriageway,vehicle_leaving_carriageway,hit_object_off_carriageway,first_point_of_impact,vehicle_left_hand_drive,journey_purpose_of_driver_historic,journey_purpose_of_driver,sex_of_driver,age_of_driver,age_band_of_driver,engine_capacity_cc,propulsion_code,age_of_vehicle,generic_make_model,driver_imd_decile,lsoa_of_driver,escooter_flag,driver_distance_banding
2024010500814,2024,010500814,2,-1,0,18,19,5,1,0,0,1,0,0,0,0,1,1,2,2,1,19,4,-1,-1,-1,-1,3,E01033591,1,3
2024161484612,2024,161484612,2,16,0,-1,19,7,3,-1,0,0,0,0,0,0,2,1,-1,9,2,28,6,-1,-1,-1,-1,6,E01012937,0,1
2024401535954,2024,401535954,3,5,0,-1,15,3,7,-1,0,0,0,0,1,0,2,1,-1,6,1,72,10,-1,-1,-1,-1,6,E01017511,0,3
2024010491671,2024,010491671,2,9,0,18,19,5,1,0,0,0,0,0,0,0,2,2,6,6,1,49,8,-1,-1,-1,-1,3,E01003132,0,1
2024010533641,2024,010533641,1,1,9,99,99,9,9,99,99,0,9,8,9,99,1,1,2,2,1,20,4,-1,-1,-1,-1,4,E01001087,0,3
2024010523335,2024,010523335,2,9,0,99,99,9,9,99,99,6,9,99,9,99,1,9,6,6,3,-1,-1,-1,-1,-1,-1,-1,-1,0,-1
2024131503615,2024,131503615,2,1,0,-1,19,7,3,-1,0,0,0,0,0,0,2,1,-1,6,1,34,6,-1,-1,-1,-1,1,E01011671,0,1
2024302400093,2024,302400093,2,9,0,4,4,2,6,0,0,0,0,0,0,0,2,1,6,6,1,54,8,-1,-1,-1,-1,6,E01009450,0,4
2024430006526,2024,430006526,1,9,0,18,19,8,4,0,0,0,0,0,0,0,1,1,6,6,1,53,8,-1,-1,-1,-1,10,E01016315,0,1
2024522402268,2024,522402268,2,9,0,99,99,9,9,0,0,8,0,0,0,0,9,1,6,6,2,-1,-1,-1,-1,-1,-1,-1,-1,0,-1
2024320504379,2024,320504379,1,1,0,-1,-1,4,8,0,0,0,5,4,0,0,1,1,-1,-1,1,32,6,-1,-1,-1,-1,3,E01034682,0,1
2024430197003,2024,430197003,2,9,0,18,19,5,1,0,0,4,0,0,0,0,3,1,6,6,2,-1,-1,-1,-1,-1,-1,-1,-1,0,-1
2024430034910,2024,430034910,2,9,0,1,1,6,2,0,0,0,0,0,0,0,2,1,6,6,1,-1,-1,-1,-1,-1,-1,-1,-1,0,-1
2024461472671,2024,461472671,1,9,0,-1,19,1,5,-1,0,0,5,0,0,0,1,1,-1,9,1,18,4,-1,-1,-1,-1,6,E01024187,0,3
2024332400760,2024,332400760,5,9,0,-1,4,5,1,-1,0,0,0,0,0,0,2,1,-1,6,3,-1,-1,-1,-1,-1,-1,-1,-1,0,-1
2024471455328,2024,471455328,1,9,0,-1,-1,-1,-1,-1,-1,0,-1,-1,-1,0,-1,9,-1,6,3,-1,-1,-1,-1,-1,-1,-1,-1,0,-1
2024010492603,2024,010492603,1,9,0,99,99,9,9,99,99,9,9,99,9,99,1,9,6,6,2,34,6,-1,-1,-1,-1,4,E01021829,0,3
2024010496259,2024,010496259,1,9,0,99,99,9,9,99,99,9,9,99,9,99,2,9,6,6,2,34,6,-1,-1,-1,-1,6,E01034290,0,3
2024010522119,2024,010522119,1,9,0,99,99,9,9,0,0,2,9,99,0,0,9,9,6,6,3,-1,-1,-1,-1,-1,-1,-1,-1,0,-1
2024501495847,2024,501495847,1,1,0,-1,19,4,8,-1,0,8,0,0,0,0,1,1,-1,2,2,31,6,-1,-1,-1,-1,-1,-1,0,-1
2024361536415,2024,361536415,2,1,0,-1,19,3,7,-1,0,0,0,0,0,0,3,1,-1,9,1,19,4,-1,-1,-1,-1,9,E01026708,0,2
2024010504306,2024,010504306,2,9,0,99,99,9,9,99,99,9,9,99,9,99,1,9,6,6,3,-1,-1,-1,-1,-1,-1,-1,-1,0,-1
2024041405376,2024,041405376,1,1,0,-1,19,3,7,-1,0,4,0,0,0,0,1,1,-1,9,1,15,3,-1,-1,-1,-1,3,E01034348,0,1
2024231453832,2024,231453832,2,9,0,-1,4,1,5,-1,0,1,0,0,0,0,2,1,-1,9,1,66,10,-1,-1,-1,-1,2,E01008919,0,4
2024111416649,2024,111416649,2,1,0,-1,19,1,5,-1,0,0,5,0,0,0,1,1,-1,7,1,12,3,-1,-1,-1,-1,3,E01012355,0,1
2024461507623,2024,461507623,1,19,0,-1,19,4,2,-1,0,8,0,0,0,0,1,1,-1,1,1,44,7,-1,-1,-1,-1,-1,-1,0,-1
2024451482311,2024,451482311,2,9,0,-1,99,1,5,-1,0,3,0,0,0,0,9,1,-1,6,3,30,6,-1,-1,-1,-1,-1,-1,0,-1
2024221451497,2024,221451497,1,9,0,-1,19,7,3,-1,0,4,0,0,0,0,1,9,-1,6,2,56,9,-1,-1,-1,-1,-1,-1,0,-1
2024631453930,2024,631453930,2,9,0,-1,19,6,2,-1,0,0,0,0,0,0,1,1,-1,6,3,-1,-1,-1,-1,-1,-1,-1,-1,0,-1
2024061441176,2024,061441176,2,9,0,-1,19,5,1,-1,0,1,0,0,0,0,0,1,-1,6,1,43,7,-1,-1,-1,-1,4,E01006110,0,3
2024010546862,2024,010546862,1,1,0,18,19,3,7,0,0,8,0,0,0,0,3,1,6,6,1,34,6,-1,-1,-1,-1,4,E01002057,0,1
2024010521166,2024,010521166,1,11,9,99,99,9,9,99,99,9,9,99,9,99,9,1,6,6,3,-1,-1,-1,-1,-1,-1,-1,-1,0,-1
2024010528685,2024,010528685,2,-1,0,18,19,3,7,9,9,1,0,0,0,0,1,1,6,6,2,18,4,-1,-1,-1,-1,9,E01004158,1,1
2024501529384,2024,501529384,2,1,0,-1,3,4,8,-1,0,0,0,0,0,0,1,1,-1,2,1,33,6,-1,-1,-1,-1,2,E01019995,0,1
2024201486688,2024,201486688,2,1,0,-1,19,6,2,-1,0,8,0,0,0,0,1,1,-1,6,1,-1,-1,-1,-1,-1,-1,1,E01034917,0,1
2024340WN1542,2024,340WN1542,1,1,0,-1,19,3,7,-1,0,6,0,0,0,0,1,1,-1,6,1,62,9,-1,-1,-1,-1,7,E01027024,0,3
2024010515258,2024,010515258,2,9,0,3,3,9,9,99,99,9,9,99,9,99,9,9,6,6,1,49,8,-1,-1,-1,-1,5,E01003913,0,1
2024430046174,2024,430046174,2,1,0,10,10,6,4,0,0,2,0,0,0,0,1,1,2,2,1,33,6,-1,-1,-1,-1,6,E01028530,0,1
2024010497240,2024,010497240,1,9,0,9,9,7,5,0,0,3,0,0,0,0,3,1,6,6,2,44,7,-1,-1,-1,-1,9,E01003363,0,1
2024010490790,2024,010490790,1,19,0,18,19,5,1,0,0,7,0,0,0,0,1,1,1,1,1,39,7,-1,-1,-1,-1,7,E01035219,0,5
2024440104701,2024,440104701,2,9,0,3,3,1,5,0,0,0,0,0,0,0,2,1,6,6,3,-1,-1,-1,-1,-1,-1,-1,-1,0,-1
2024201524192,2024,201524192,2,9,0,-1,19,4,8,-1,0,0,0,0,0,0,3,9,-1,9,2,51,8,-1,-1,-1,-1,1,E01008998,0,1
2024201436643,2024,201436643,1,8,0,-1,5,3,7,-1,0,4,0,10,1,0,1,1,-1,1,1,59,9,-1,-1,-1,-1,1,E01009491,0,1
2024461468638,2024,461468638,1,9,0,-1,19,2,4,-1,0,0,0,0,0,0,4,9,-1,6,3,-1,-1,-1,-1,-1,-1,-1,-1,0,-1
2024501528094,2024,501528094,2,9,0,-1,19,5,1,-1,0,8,0,0,0,0,1,9,-1,6,2,26,6,-1,-1,-1,-1,6,E01015132,0,1
2024010487205,2024,010487205,1,2,0,4,4,5,1,0,0,8,0,0,0,0,1,1,6,6,1,22,5,-1,-1,-1,-1,4,E01003133,0,1
2024010506911,2024,010506911,1,98,0,99,99,9,9,0,0,8,0,0,0,0,9,1,6,6,3,-1,-1,-1,-1,-1,-1,-1,-1,0,-1
2024010487533,2024,010487533,2,1,9,99,99,3,7,99,99,9,9,99,9,99,1,1,1,1,3,-1,-1,-1,-1,-1,-1,-1,-1,0,-1
2024010532926,2024,010532926,2,1,0,9,9,3,1,0,0,8,0,0,0,0,1,1,1,1,1,37,7,-1,-1,-1,-1,7,E01002700,0,1
2024311445656,2024,311445656,2,1,-1,-1,19,7,3,-1,0,1,0,0,0,0,4,1,-1,9,1,12,3,-1,-1,-1,-1,9,E01028047,0,1
2024101426664,2024,101426664,1,9,0,-1,19,7,3,-1,0,1,0,0,0,0,0,1,-1,6,3,-1,-1,-1,-1,-1,-1,-1,-1,0,-1
2024010540334,2024,010540334,1,1,0,99,99,9,9,99,99,1,0,99,9,99,9,1,6,6,2,28,6,-1,-1,-1,-1,6,E01033098,0,1
2024430507415,2024,430507415,1,9,0,18,19,1,5,0,0,8,0,0,0,0,1,1,6,6,3,-1,-1,-1,-1,-1,-1,-1,-1,0,-1
2024361465494,2024,361465494,2,21,1,-1,19,3,8,-1,0,0,0,0,0,0,4,1,-1,1,1,43,7,-1,-1,-1,-1,6,E01027701,0,5
2024061506529,2024,061506529,2,1,0,-1,19,2,6,-1,0,8,0,0,0,0,1,1,-1,6,2,30,6,-1,-1,-1,-1,3,E01005179,0,1
2024010492154,2024,010492154,1,8,0,4,4,1,5,0,0,1,0,0,0,0,2,1,1,1,1,45,7,-1,-1,-1,-1,3,E01001712,0,2
2024101454405,2024,101454405,2,1,0,-1,19,1,5,-1,0,8,0,0,0,0,2,1,-1,6,1,63,9,-1,-1,-1,-1,9,E01008365,0,1
2024010494987,2024,010494987,1,1,9,99,99,9,9,99,99,9,9,99,9,99,2,1,1,1,1,57,9,-1,-1,-1,-1,3,E01033706,0,1
2024430283031,2024,430283031,3,9,0,3,3,2,6,0,0,1,0,0,0,0,2,1,6,6,1,30,6,-1,-1,-1,-1,-1,-1,0,-1
2024440035343,2024,440035343,1,22,0,18,19,4,8,0,0,1,0,0,0,0,1,1,6,6,2,76,11,-1,-1,-1,-1,7,E01032078,0,4
2024211403447,2024,211403447,2,1,0,-1,19,4,8,-1,0,1,0,0,0,0,1,1,-1,6,1,38,7,-1,-1,-1,-1,5,E01034103,0,1
2024451523462,2024,451523462,1,9,0,-1,19,7,3,-1,0,0,5,0,0,0,4,1,-1,9,1,17,4,-1,-1,-1,-1,4,E01034288,0,2
2024052400913,2024,052400913,2,1,0,18,19,5,1,0,0,1,0,0,0,0,0,1,6,6,1,76,11,-1,-1,-1,-1,8,E01006992,0,1
2024451395461,2024,451395461,1,9,0,-1,19,5,1,-1,0,0,0,0,0,0,1,1,-1,9,1,19,4,-1,-1,-1,-1,6,E01035334,0,3
2024161416683,2024,161416683,1,9,0,-1,99,3,7,-1,99,0,0,0,9,99,9,9,-1,6,1,-1,-1,-1,-1,-1,-1,6,E01013097,0,2
2024161496411,2024,161496411,2,1,0,-1,19,1,5,-1,0,1,0,0,0,0,1,1,-1,6,1,33,6,-1,-1,-1,-1,1,E01012944,0,1
2024430624739,2024,430624739,2,9,0,18,19,5,1,0,0,0,0,0,1,0,2,1,6,6,1,50,8,-1,-1,-1,-1,-1,-1,0,-1
202454A003524,2024,54A003524,2,9,0,18,19,2,6,0,0,8,0,0,0,0,1,1,6,6,1,18,4,-1,-1,-1,-1,8,E01015556,0,1
2024201425429,2024,201425429,1,9,0,-1,7,4,6,-1,0,5,0,0,0,0,1,9,-1,6,1,18,4,-1,-1,-1,-1,-1,-1,0,-1
2024201512495,2024,201512495,1,1,0,-1,4,3,7,-1,9,0,0,0,0,0,4,1,-1,7,1,11,3,-1,-1,-1,-1,-1,-1,0,-1
2024311402206,2024,311402206,2,9,0,-1,19,5,6,-1,0,0,0,0,0,0,1,1,-1,1,2,31,6,-1,-1,-1,-1,10,E01035510,0,2
2024010534027,2024,010534027,1,1,9,99,99,9,9,99,99,0,9,99,9,99,1,1,6,6,1,33,6,-1,-1,-1,-1,2,E01033699,0,1
202417S112524,2024,17S112524,1,1,0,-1,9,4,2,-1,0,1,0,0,0,0,2,1,-1,9,1,39,7,-1,-1,-1,-1,2,E01012247,0,1
2024010499366,2024,010499366,1,1,9,99,99,9,9,99,99,9,9,99,9,99,9,1,2,2,1,47,8,-1,-1,-1,-1,2,E01002800,0,1
2024052401281,2024,052401281,1,9,0,18,19,4,8,0,0,1,0,0,0,0,1,1,6,6,3,-1,-1,-1,-1,-1,-1,-1,-1,0,-1
2024131504442,2024,131504442,2,1,0,-1,19,3,7,-1,4,8,0,0,0,0,1,1,-1,6,1,43,7,-1,-1,-1,-1,10,E01010768,0,3
2024041443826,2024,041443826,1,1,0,-1,19,1,5,-1,0,1,0,0,0,0,1,1,-1,6,2,13,3,-1,-1,-1,-1,3,E01025399,0,1
2024622400596,2024,622400596,1,9,0,18,19,4,8,0,0,0,0,0,0,0,1,1,1,1,1,19,4,-1,-1,-1,-1,3,W01001963,0,1
2024401531642,2024,401531642,1,9,-1,-1,-1,-1,-1,-1,-1,-1,-1,-1,-1,0,-1,9,-1,6,3,-1,-1,-1,-1,-1,-1,-1,-1,0,-1
2024010488576,2024,010488576,1,3,0,99,99,9,9,99,99,9,9,99,9,99,1,1,6,6,1,32,6,-1,-1,-1,-1,6,E01003435,0,1
2024201431455,2024,201431455,1,98,0,-1,1,1,5,-1,9,0,0,0,0,0,2,9,-1,1,1,40,7,-1,-1,-1,-1,-1,-1,0,-1
2024430566456,2024,430566456,2,1,0,18,19,3,7,0,0,8,0,0,0,0,4,1,2,2,1,26,6,-1,-1,-1,-1,4,E01028546,0,1
2024070719053,2024,070719053,2,1,0,-1,19,9,9,-1,0,0,0,0,0,0,0,1,-1,6,1,69,10,-1,-1,-1,-1,7,E01018670,0,4
2024031485275,2024,031485275,1,19,0,-1,19,0,0,-1,0,0,0,0,0,0,3,1,-1,6,1,60,9,-1,-1,-1,-1,6,E01035051,0,5
2024010516060,2024,010516060,1,1,9,99,99,9,9,99,99,9,9,99,9,99,2,1,6,6,1,52,8,-1,-1,-1,-1,5,E01001914,0,1
2024421521403,2024,421521403,1,9,0,-1,19,7,3,-1,0,4,0,0,0,0,1,9,-1,6,3,-1,-1,-1,-1,-1,-1,-1,-1,0,-1
2024010491467,2024,010491467,3,9,0,3,3,3,7,0,0,0,0,0,0,0,2,1,6,6,2,22,5,-1,-1,-1,-1,8,E01032577,0,2
2024311484531,2024,311484531,1,9,0,-1,9,7,3,-1,0,8,0,0,0,0,1,1,-1,6,2,59,9,-1,-1,-1,-1,9,E01013982,0,1
2024201494626,2024,201494626,3,9,0,-1,2,0,0,-1,0,2,1,0,0,0,1,1,-1,9,1,28,6,-1,-1,-1,-1,7,E01009614,0,4
2024430157596,2024,430157596,2,9,0,13,13,5,1,0,0,0,0,0,0,0,4,1,6,6,3,-1,-1,-1,-1,-1,-1,-1,-1,0,-1
2024010549481,2024,010549481,1,3,0,5,5,5,1,0,0,9,0,0,0,0,2,1,6,6,3,-1,-1,-1,-1,-1,-1,-1,-1,0,-1
2024440121220,2024,440121220,1,9,0,18,19,6,2,0,0,1,0,0,0,0,1,1,6,6,3,-1,-1,-1,-1,-1,-1,-1,-1,0,-1
2024201438013,2024,201438013,1,9,0,-1,19,6,2,-1,0,0,0,0,0,0,1,1,-1,6,1,32,6,-1,-1,-1,-1,2,E01034944,0,2
2024122400770,2024,122400770,2,9,0,18,19,7,3,0,0,1,0,0,0,0,1,1,6,6,2,54,8,-1,-1,-1,-1,8,E01034966,0,3
2024010487446,2024,010487446,2,9,0,99,99,9,9,99,99,9,9,99,9,99,9,9,6,6,3,-1,-1,-1,-1,-1,-1,-1,-1,0,-1
2024061520995,2024,061520995,1,9,0,-1,7,-1,-1,-1,99,0,0,99,0,0,2,1,-1,6,1,39,7,-1,-1,-1,-1,3,E01005979,0,1
2024041404140,2024,041404140,2,1,0,-1,19,7,3,-1,0,0,0,0,0,0,2,1,-1,9,1,48,8,-1,-1,-1,-1,7,E01025465,0,1
2024501396523,2024,501396523,1,9,0,-1,19,3,7,-1,0,8,0,0,0,0,1,1,-1,9,2,22,5,-1,-1,-1,-1,6,E01020059,0,4
2024010541842,2024,010541842,1,1,9,99,99,9,9,99,99,9,9,99,9,99,1,1,6,6,3,-1,-1,-1,-1,-1,-1,-1,-1,0,-1
2024522401249,2024,522401249,3,9,0,18,19,6,2,0,0,0,0,0,0,0,1,1,6,6,1,76,11,-1,-1,-1,-1,10,E01014429,0,3
2024311418000,2024,311418000,1,9,0,-1,5,2,6,-1,0,0,0,0,0,0,2,1,-1,2,2,68,10,-1,-1,-1,-1,-1,-1,0,-1
2024531500464,2024,531500464,2,9,0,-1,19,3,5,-1,0,1,0,0,0,0,1,1,-1,9,1,64,9,-1,-1,-1,-1,6,E01022261,0,3
2024131513125,2024,131513125,1,9,0,-1,-1,-1,-1,-1,-1,8,-1,-1,-1,0,-1,1,-1,6,3,-1,-1,-1,-1,-1,-1,-1,-1,0,-1
2024010491774,2024,010491774,1,1,9,99,99,9,9,99,99,9,9,99,9,99,1,1,2,2,2,38,7,-1,-1,-1,-1,5,E01003855,0,2
2024471442922,2024,471442922,2,1,0,-1,19,5,1,-1,5,8,0,0,0,0,1,1,-1,6,1,71,10,-1,-1,-1,-1,8,E01031466,0,2
2024451521035,2024,451521035,1,9,0,-1,7,3,7,-1,0,3,0,0,0,0,1,1,-1,1,1,53,8,-1,-1,-1,-1,8,E01030613,0,2
2024531494244,2024,531494244,1,9,0,-1,19,5,1,-1,0,1,0,0,0,0,1,1,-1,9,1,46,8,-1,-1,-1,-1,9,E01022453,0,3
2024010500894,2024,010500894,2,9,0,99,99,9,9,99,99,9,9,99,9,99,9,9,6,6,3,-1,-1,-1,-1,-1,-1,-1,-1,0,-1
2024052400958,2024,052400958,2,9,0,18,19,4,8,0,0,8,0,0,0,0,0,-1,6,6,1,14,3,-1,-1,-1,-1,-1,-1,0,-1
2024010496516,2024,010496516,1,1,9,99,99,9,9,99,99,9,9,99,9,99,9,1,1,1,1,28,6,-1,-1,-1,-1,4,E01002030,0,2
2024010492958,2024,010492958,1,1,9,99,99,9,9,99,99,9,9,99,9,99,9,1,2,2,2,31,6,-1,-1,-1,-1,5,E01004549,0,1
2024041442928,2024,041442928,1,9,0,-1,19,7,1,-1,0,2,1,0,1,4,1,1,-1,9,1,23,5,-1,-1,-1,-1,8,E01025497,0,2
2024421451325,2024,421451325,1,1,0,-1,19,2,6,-1,0,1,0,0,0,0,1,1,-1,9,1,19,4,-1,-1,-1,-1,8,E01021928,0,1
2024010534501,2024,010534501,3,1,0,18,19,3,7,0,0,7,0,0,0,0,1,1,6,6,1,27,6,-1,-1,-1,-1,3,E01035497,0,1
2024052401281,2024,052401281,2,9,0,4,4,4,2,0,0,1,0,0,0,0,2,1,6,6,1,31,6,-1,-1,-1,-1,8,E01007067,0,1
2024631461674,2024,631461674,2,1,0,-1,13,6,2,-1,0,8,0,0,7,11,1,1,-1,6,1,16,4,-1,-1,-1,-1,5,E01026373,0,5
2024131528744,2024,131528744,1,90,0,-1,-1,-1,-1,-1,-1,0,-1,-1,-1,-1,-1,1,-1,6,3,-1,-1,-1,-1,-1,-1,-1,-1,0,-1
2024522401927,2024,522401927,3,1,0,18,19,8,4,2,2,0,0,0,0,0,2,1,6,6,1,13,3,-1,-1,-1,-1,5,E01032516,0,1
2024161404837,2024,161404837,2,97,0,-1,19,7,3,-1,0,1,0,0,0,0,1,1,-1,6,1,-1,-1,-1,-1,-1,-1,-1,-1,0,-1
2024010533658,2024,010533658,1,9,0,99,99,9,9,99,99,9,9,99,9,99,9,9,6,6,2,60,9,-1,-1,-1,-1,4,E01001586,0,1
2024451425970,2024,451425970,2,19,4,-1,3,5,1,-1,0,0,0,0,0,0,3,1,-1,6,1,41,7,-1,-1,-1,-1,-1,-1,0,-1
2024131461364,2024,131461364,1,9,0,-1,-1,-1,-1,-1,-1,8,-1,-1,-1,0,-1,1,-1,6,2,-1,-1,-1,-1,-1,-1,-1,-1,0,-1
2024201468410,2024,201468410,1,9,0,-1,4,7,2,-1,0,8,0,0,0,0,1,1,-1,2,1,34,6,-1,-1,-1,-1,1,E01009131,0,1
2024122400754,2024,122400754,1,9,0,5,5,3,7,0,0,0,0,0,0,0,0,1,2,2,1,56,9,-1,-1,-1,-1,2,E01027854,0,4
2024471441563,2024,471441563,5,9,0,-1,4,5,1,-1,0,0,0,0,0,0,1,1,-1,7,2,38,7,-1,-1,-1,-1,2,E01021091,0,2
2024131514054,2024,131514054,1,1,0,-1,19,5,1,-1,0,8,0,0,0,0,1,1,-1,9,1,20,4,-1,-1,-1,-1,1,E01010743,0,1
2024010499517,2024,010499517,1,4,0,18,19,7,3,0,0,1,1,0,0,0,3,1,6,6,1,17,4,-1,-1,-1,-1,3,E01034390,0,1
2024131402948,2024,131402948,1,9,0,-1,-1,-1,-1,-1,-1,-1,-1,-1,-1,-1,-1,1,-1,6,3,-1,-1,-1,-1,-1,-1,-1,-1,0,-1
2024440503071,2024,440503071,3,9,0,9,9,5,3,0,0,1,0,0,0,0,3,1,2,2,1,60,9,-1,-1,-1,-1,1,E01017280,0,1
2024440442927,2024,440442927,2,-1,0,18,19,1,5,0,0,0,0,0,0,0,1,1,6,6,2,24,5,-1,-1,-1,-1,2,E01017266,1,1
2024430434384,2024,430434384,1,19,0,18,19,8,4,0,0,2,0,0,0,0,4,1,6,6,1,-1,-1,-1,-1,-1,-1,-1,-1,0,-1
2024010531963,2024,010531963,2,9,0,11,11,9,9,99,99,9,9,99,9,99,9,9,6,6,2,-1,-1,-1,-1,-1,-1,-1,-1,0,-1
2024522402143,2024,522402143,1,1,0,16,19,2,5,0,0,8,0,0,0,0,4,1,6,6,1,32,6,-1,-1,-1,-1,3,E01014523,0,1
2024531398272,2024,531398272,2,1,0,-1,19,5,1,-1,0,1,0,0,1,0,3,1,-1,2,1,43,7,-1,-1,-1,-1,10,E01022170,0,1
2024010525383,2024,010525383,2,1,0,-1,-1,5,1,0,0,0,0,0,0,0,1,1,6,6,1,30,6,-1,-1,-1,-1,3,E01004696,0,1
2024010497047,2024,010497047,1,9,0,9,9,6,3,0,0,1,0,0,0,0,0,1,1,1,1,24,5,-1,-1,-1,-1,2,E01004702,0,2
2024052402492,2024,052402492,1,9,0,5,5,6,4,0,0,1,0,0,0,0,1,1,6,6,3,-1,-1,-1,-1,-1,-1,-1,-1,0,-1
2024041402307,2024,041402307,1,9,0,-1,19,1,5,-1,0,1,0,0,0,0,1,9,-1,6,3,-1,-1,-1,-1,-1,-1,-1,-1,0,-1
2024430175242,2024,430175242,1,20,0,18,19,8,4,0,0,0,0,0,0,0,4,1,1,1,1,30,6,-1,-1,-1,-1,9,E01034557,0,4
2024302400058,2024,302400058,1,19,0,1,1,8,4,0,0,0,0,0,0,0,2,1,6,6,1,41,7,-1,-1,-1,-1,1,E01019761,0,1
2024010518030,2024,010518030,2,-1,9,99,99,9,9,99,99,1,0,0,0,0,9,1,6,6,1,34,6,-1,-1,-1,-1,2,E01003305,1,1
2024991444951,2024,991444951,1,9,0,-1,19,6,2,-1,0,0,0,0,7,0,1,1,-1,6,1,19,4,-1,-1,-1,-1,6,-1,0,3
2024481503762,2024,481503762,1,1,0,-1,19,3,7,-1,5,8,0,0,0,0,1,1,-1,2,1,66,10,-1,-1,-1,-1,-1,-1,0,-1
2024211533062,2024,211533062,1,19,0,-1,4,2,6,-1,0,0,0,0,0,0,2,1,-1,6,1,34,6,-1,-1,-1,-1,5,E01029363,0,1
2024010553186,2024,010553186,1,98,9,18,19,1,5,99,99,0,9,99,9,99,9,9,6,6,3,-1,-1,-1,-1,-1,-1,-1,-1,0,-1
2024010526580,2024,010526580,2,-1,0,18,19,7,3,0,0,8,0,0,0,0,1,1,6,6,1,15,3,-1,-1,-1,-1,3,E01002217,1,1
2024991495486,2024,991495486,1,90,0,-1,19,5,1,-1,0,4,0,0,0,0,1,1,-1,2,1,25,5,-1,-1,-1,-1,4,-1,0,1
2024311414193,2024,311414193,2,1,0,-1,19,8,4,-1,0,0,0,0,0,0,1,1,-1,6,1,27,6,-1,-1,-1,-1,2,E01013945,0,1
2024440426523,2024,440426523,1,1,0,9,9,6,4,0,0,5,0,0,0,0,0,1,6,6,1,26,6,-1,-1,-1,-1,-1,-1,0,-1
2024991457207,2024,991457207,1,-1,0,-1,19,3,5,-1,0,0,0,0,0,0,1,1,-1,9,1,14,3,-1,-1,-1,-1,-1,-1,1,-1
2024320063934,2024,320063934,1,9,0,-1,-1,6,2,0,0,8,0,0,7,3,1,1,-1,-1,1,21,5,-1,-1,-1,-1,4,E01026245,0,2
2024131448325,2024,131448325,1,9,0,-1,19,5,1,-1,0,0,0,0,0,0,1,1,-1,9,1,69,10,-1,-1,-1,-1,9,E01011844,0,3
2024430140620,2024,430140620,1,9,0,5,5,5,1,8,6,2,0,0,0,0,3,1,6,6,3,-1,-1,-1,-1,-1,-1,-1,-1,0,-1
2024622400148,2024,622400148,1,9,0,18,19,4,8,0,0,0,0,0,0,0,1,1,6,6,3,-1,-1,-1,-1,-1,-1,-1,-1,0,-1
2024461499991,2024,461499991,2,9,0,-1,19,7,3,-1,0,0,0,0,0,0,1,1,-1,2,2,64,9,-1,-1,-1,-1,6,E01034993,0,3
2024161490061,2024,161490061,2,1,0,-1,19,1,5,-1,0,0,0,4,0,0,0,1,-1,6,1,12,3,-1,-1,-1,-1,-1,-1,0,-1
2024010493004,2024,010493004,3,9,0,18,19,3,7,0,0,1,0,0,0,0,1,1,1,1,1,36,7,-1,-1,-1,-1,5,E01033917,0,1
2024010548416,2024,010548416,2,1,0,18,19,2,6,0,0,8,1,0,0,0,3,1,2,2,1,46,8,-1,-1,-1,-1,4,E01000416,0,1
2024421510393,2024,421510393,1,98,0,-1,19,4,8,-1,0,0,0,0,0,0,1,2,-1,6,-1,-1,-1,-1,-1,-1,-1,-1,-1,0,-1
2024052401576,2024,052401576,2,23,0,18,19,6,2,0,0,1,0,0,0,0,3,1,6,6,1,20,4,-1,-1,-1,-1,2,E01007178,0,1
2024631427270,2024,631427270,1,9,0,-1,12,5,8,-1,0,0,0,0,7,11,1,1,-1,9,1,49,8,-1,-1,-1,-1,7,W01000692,0,1
2024010495077,2024,010495077,1,8,0,18,19,5,1,0,0,8,0,7,0,0,1,1,1,1,1,50,8,-1,-1,-1,-1,9,E01002537,0,3
2024201436405,2024,201436405,2,1,0,-1,19,4,8,-1,0,8,1,0,0,0,3,1,-1,6,1,22,5,-1,-1,-1,-1,1,E01009640,0,1
2024131433118,2024,131433118,1,9,0,-1,-1,-1,-1,-1,-1,-1,-1,-1,-1,-1,-1,1,-1,6,3,-1,-1,-1,-1,-1,-1,-1,-1,0,-1
2024010525383,2024,010525383,1,9,0,6,6,1,1,0,0,0,0,0,0,0,4,1,1,1,1,54,8,-1,-1,-1,-1,-1,-1,0,-1
2024010492075,2024,010492075,1,9,0,99,99,9,9,99,99,9,0,0,0,0,0,9,6,6,3,-1,-1,-1,-1,-1,-1,-1,-1,0,-1
2024010494786,2024,010494786,1,1,9,99,99,9,9,99,99,9,9,99,9,99,1,1,2,2,1,45,7,-1,-1,-1,-1,9,E01016104,0,4
2024010541300,2024,010541300,2,23,0,13,13,5,1,0,0,8,0,0,0,0,3,1,1,1,1,32,6,-1,-1,-1,-1,2,E01001719,0,1
2024010496975,2024,010496975,2,9,0,99,99,9,9,99,99,9,9,99,9,99,2,9,6,6,3,-1,-1,-1,-1,-1,-1,-1,-1,0,-1
2024010493042,2024,010493042,2,9,0,99,99,9,9,99,99,9,9,99,9,99,9,9,6,6,3,-1,-1,-1,-1,-1,-1,-1,-1,0,-1
2024430190785,2024,430190785,1,-1,0,18,19,9,9,9,9,0,0,0,0,0,1,1,6,6,1,-1,-1,-1,-1,-1,-1,-1,-1,1,-1
2024461501030,2024,461501030,1,-1,0,-1,19,5,1,-1,4,0,0,0,0,0,1,1,-1,6,1,-1,-1,-1,-1,-1,-1,-1,-1,1,-1
2024061451920,2024,061451920,1,19,0,-1,3,-1,-1,-1,0,0,0,0,0,0,2,1,-1,1,1,40,7,-1,-1,-1,-1,1,E01005124,0,1
2024010548098,2024,010548098,2,1,0,18,19,3,7,0,0,2,0,0,0,0,4,1,1,1,1,25,5,-1,-1,-1,-1,6,E01000339,0,1
2024991513293,2024,991513293,2,1,0,-1,19,6,2,-1,0,0,0,0,0,0,3,1,-1,1,1,19,4,-1,-1,-1,-1,7,-1,0,1