collision_index,collision_year,collision_ref_no,vehicle_reference,vehicle_type,towing_and_articulation,vehicle_manoeuvre_historic,vehicle_manoeuvre,vehicle_direction_from,vehicle_direction_to,vehicle_location_restricted_lane_historic,vehicle_location_restricted_lane,junction_location,skidding_and_overturning,hit_object_in_carriageway,vehicle_leaving_carriageway,hit_object_off_carriageway,first_point_of_impact,vehicle_left_hand_drive,journey_purpose_of_driver_historic,journey_purpose_of_driver,sex_of_driver,age_of_driver,age_band_of_driver,engine_capacity_cc,propulsion_code,age_of_vehicle,generic_make_model,driver_imd_decile,lsoa_of_driver,escooter_flag,driver_distance_banding
2024461536452,2024,461536452,1,9,0,-1,9,3,1,-1,0,6,5,0,0,0,3,2,-1,9,2,65,9,-1,-1,-1,-1,7,E01024360,0,3
2024351538125,2024,351538125,2,1,0,-1,-1,-1,-1,-1,-1,-1,-1,-1,-1,0,2,1,-1,7,1,21,5,-1,-1,-1,-1,8,E01035514,0,1
2024991527691,2024,991527691,2,9,0,-1,19,4,8,-1,0,0,0,0,0,0,1,1,-1,9,1,67,10,-1,-1,-1,-1,10,-1,0,1
2024010499553,2024,010499553,2,9,0,99,99,9,9,99,99,6,9,99,9,99,9,9,6,6,3,-1,-1,-1,-1,-1,-1,-1,-1,0,-1
2024401465157,2024,401465157,1,19,-1,-1,19,4,8,-1,0,0,0,0,0,0,4,1,-1,6,1,-1,-1,-1,-1,-1,-1,-1,-1,0,-1
2024451423161,2024,451423161,2,9,9,-1,5,1,5,-1,0,0,0,0,0,0,1,1,-1,6,3,-1,-1,-1,-1,-1,-1,-1,-1,0,-1
2024991394765,2024,991394765,2,9,0,-1,19,1,5,-1,0,0,0,0,0,0,2,1,-1,9,1,52,8,-1,-1,-1,-1,3,-1,0,3
2024122400583,2024,122400583,2,1,0,18,19,3,7,0,0,8,0,0,0,0,4,1,6,6,1,39,7,-1,-1,-1,-1,2,E01027854,0,1
2024010504821,2024,010504821,2,9,0,99,99,9,9,99,99,0,9,99,9,99,1,9,6,6,3,-1,-1,-1,-1,-1,-1,-1,-1,0,-1
2024302401149,2024,302401149,3,9,0,2,2,0,0,0,0,1,0,0,0,0,0,1,6,6,3,-1,-1,-1,-1,-1,-1,-1,-1,0,-1
2024010493538,2024,010493538,2,8,0,18,19,7,3,0,0,0,0,0,0,0,3,1,1,1,1,34,6,-1,-1,-1,-1,7,E01000340,0,3
2024061515335,2024,061515335,1,4,0,-1,19,4,8,-1,0,8,5,11,0,0,1,1,-1,9,1,21,5,-1,-1,-1,-1,4,E01005029,0,1
2024010495689,2024,010495689,1,9,0,9,9,1,6,0,0,5,0,0,0,0,1,1,6,6,2,31,6,-1,-1,-1,-1,2,E01024277,0,4
2024302400272,2024,302400272,2,9,0,18,19,1,5,0,0,8,0,0,7,0,4,1,6,6,1,63,9,-1,-1,-1,-1,8,E01019490,0,1
2024451428418,2024,451428418,2,1,0,-1,19,1,5,-1,5,0,5,0,0,0,1,1,-1,6,1,19,4,-1,-1,-1,-1,-1,-1,0,-1
2024010524200,2024,010524200,1,1,0,18,19,1,5,0,0,0,0,0,0,0,4,1,6,6,1,12,3,-1,-1,-1,-1,-1,-1,0,-1
2024161457168,2024,161457168,2,1,0,-1,19,1,5,-1,0,0,0,0,0,0,1,1,-1,2,2,62,9,-1,-1,-1,-1,1,E01012778,0,1
2024010488898,2024,010488898,2,3,0,5,5,7,3,0,0,2,0,10,0,0,0,1,6,6,1,16,4,-1,-1,-1,-1,10,E01000684,0,1
2024430383187,2024,430383187,2,1,0,16,19,3,6,0,0,0,0,0,0,0,3,1,6,6,2,56,9,-1,-1,-1,-1,8,E01017738,0,1
2024010551747,2024,010551747,1,9,0,5,5,1,5,0,0,8,0,0,0,0,1,1,6,6,3,-1,-1,-1,-1,-1,-1,-1,-1,0,-1
2024440208487,2024,440208487,1,-1,0,18,19,5,1,0,0,0,0,0,0,0,2,1,2,2,1,31,6,-1,-1,-1,-1,2,E01032750,1,1
2024351463484,2024,351463484,1,9,-1,-1,-1,-1,-1,-1,-1,-1,-1,-1,-1,0,-1,9,-1,6,3,-1,-1,-1,-1,-1,-1,-1,-1,0,-1
2024991403224,2024,991403224,1,9,0,-1,4,5,4,-1,0,0,0,0,1,11,1,1,-1,9,2,76,11,-1,-1,-1,-1,8,-1,0,2
2024010503592,2024,010503592,2,1,0,18,19,5,1,2,2,1,0,0,0,0,3,1,6,6,1,36,7,-1,-1,-1,-1,3,E01003135,0,1
2024041465384,2024,041465384,1,9,0,-1,19,1,1,-1,0,0,0,0,0,0,1,1,-1,9,2,54,8,-1,-1,-1,-1,6,E01005560,0,4
2024010541293,2024,010541293,1,1,9,99,99,9,9,99,99,0,9,99,9,99,9,1,2,2,1,38,7,-1,-1,-1,-1,2,E01004001,0,1
2024991475902,2024,991475902,1,9,0,-1,9,5,3,-1,0,3,0,0,0,0,1,1,-1,6,3,17,4,-1,-1,-1,-1,-1,-1,0,-1
2024010491377,2024,010491377,2,1,0,14,14,7,3,0,0,2,0,0,0,0,4,1,6,6,2,32,6,-1,-1,-1,-1,5,E01001855,0,1
2024440065048,2024,440065048,1,9,0,18,19,2,6,0,0,0,0,0,0,0,1,1,6,6,1,74,10,-1,-1,-1,-1,10,E01028357,0,5
2024201444256,2024,201444256,1,9,0,-1,19,4,8,-1,0,8,0,0,0,0,9,9,-1,1,1,49,8,-1,-1,-1,-1,1,E01009498,0,2
2024201478083,2024,201478083,2,8,0,-1,19,4,8,-1,0,0,0,0,0,0,2,1,-1,1,1,50,8,-1,-1,-1,-1,1,E01010464,0,1
2024141439084,2024,141439084,2,1,0,-1,19,5,1,-1,0,1,5,0,1,0,1,1,-1,6,1,21,5,-1,-1,-1,-1,10,E01011179,0,2
2024141405001,2024,141405001,2,9,0,-1,7,6,8,-1,0,0,0,0,0,0,1,9,-1,6,3,-1,-1,-1,-1,-1,-1,-1,-1,0,-1
2024201506568,2024,201506568,2,1,0,-1,19,4,8,-1,0,0,0,0,0,0,2,1,-1,6,1,33,6,-1,-1,-1,-1,1,E01034919,0,2
2024010504048,2024,010504048,2,9,0,3,3,7,3,0,0,8,0,0,0,0,1,1,6,6,1,72,10,-1,-1,-1,-1,3,E01035295,0,4
2024010493572,2024,010493572,1,9,0,99,99,9,9,99,99,9,9,99,9,99,2,9,6,6,1,48,8,-1,-1,-1,-1,4,E01001463,0,2
2024991497831,2024,991497831,2,1,0,-1,19,5,1,-1,0,1,0,0,0,0,1,1,-1,6,1,44,7,-1,-1,-1,-1,8,-1,0,1
2024991490912,2024,991490912,2,1,0,-1,19,2,6,-1,0,0,0,0,0,0,3,1,-1,6,1,49,8,-1,-1,-1,-1,-1,-1,0,-1
2024010544706,2024,010544706,3,9,0,99,99,9,9,99,99,9,9,99,9,99,1,9,6,6,1,22,5,-1,-1,-1,-1,2,E01001331,0,1
202417L408724,2024,17L408724,2,9,0,-1,7,1,2,-1,0,6,0,0,0,0,0,1,-1,6,3,-1,-1,-1,-1,-1,-1,-1,-1,0,-1
2024471452709,2024,471452709,1,97,0,-1,19,3,7,-1,0,1,0,0,0,0,1,1,-1,6,3,-1,-1,-1,-1,-1,-1,-1,-1,0,-1
2024141449459,2024,141449459,2,9,0,-1,-1,-1,-1,-1,-1,0,-1,-1,-1,0,-1,9,-1,6,3,-1,-1,-1,-1,-1,-1,-1,-1,0,-1
2024010492452,2024,010492452,2,1,0,18,19,1,5,0,0,8,0,0,0,0,1,1,2,2,1,34,6,-1,-1,-1,-1,4,E01003405,0,1
2024211527484,2024,211527484,1,8,0,-1,19,1,2,-1,0,0,0,0,0,0,4,1,-1,1,1,34,6,-1,-1,-1,-1,-1,-1,0,-1
2024122400369,2024,122400369,2,9,0,18,19,7,3,0,0,1,0,0,0,0,0,1,6,6,2,29,6,-1,-1,-1,-1,3,E01027906,0,1
2024991397774,2024,991397774,1,9,0,-1,19,3,6,-1,0,3,0,0,0,0,1,1,-1,9,2,22,5,-1,-1,-1,-1,1,-1,0,1
2024471497178,2024,471497178,2,9,0,-1,10,7,5,-1,0,0,0,0,0,0,2,1,-1,9,1,60,9,-1,-1,-1,-1,7,E01019977,0,5
2024010546311,2024,010546311,1,9,0,99,99,9,9,99,99,0,9,99,9,99,2,9,6,6,2,56,9,-1,-1,-1,-1,5,E01000994,0,3
202454C825224,2024,54C825224,1,19,0,18,19,8,5,0,0,1,0,0,0,0,1,1,6,6,1,53,8,-1,-1,-1,-1,8,E01015557,0,1
2024231480247,2024,231480247,2,1,0,-1,19,7,3,-1,9,8,0,0,0,0,3,1,-1,9,2,43,7,-1,-1,-1,-1,10,E01031259,0,1
202417L111324,2024,17L111324,1,9,0,-1,19,6,2,-1,0,0,0,0,0,0,1,1,-1,9,1,42,7,-1,-1,-1,-1,3,E01012117,0,1
2024201490724,2024,201490724,1,9,0,-1,5,3,7,-1,0,4,0,7,0,0,1,1,-1,2,1,36,7,-1,-1,-1,-1,10,E01009821,0,1
2024430026315,2024,430026315,2,9,0,18,19,8,4,0,0,8,0,0,0,0,1,1,6,6,1,49,8,-1,-1,-1,-1,10,E01016646,0,1
2024052400719,2024,052400719,2,1,0,18,19,5,1,0,0,0,0,0,0,0,1,1,6,6,1,44,7,-1,-1,-1,-1,1,E01006598,0,1
2024010547111,2024,010547111,1,1,9,99,99,9,9,99,99,9,9,99,9,99,1,1,2,2,1,46,8,-1,-1,-1,-1,3,E01003594,0,1
2024061519752,2024,061519752,2,1,0,-1,19,7,3,-1,0,0,0,0,0,0,1,1,-1,6,2,26,6,-1,-1,-1,-1,2,E01032906,0,1
2024101471979,2024,101471979,2,19,0,-1,19,1,6,-1,0,8,0,0,0,0,0,1,-1,6,3,40,7,-1,-1,-1,-1,-1,-1,0,-1
2024141415542,2024,141415542,2,9,0,-1,19,7,3,-1,0,8,0,0,0,0,1,9,-1,6,3,-1,-1,-1,-1,-1,-1,-1,-1,0,-1
2024311415547,2024,311415547,1,9,4,-1,19,8,4,-1,0,0,0,0,0,0,3,1,-1,1,1,50,8,-1,-1,-1,-1,-1,-1,0,-1
2024010534710,2024,010534710,1,1,0,18,19,5,1,0,0,1,0,10,1,0,4,1,6,6,2,23,5,-1,-1,-1,-1,2,E01032799,0,4
2024010495575,2024,010495575,1,11,0,5,5,6,2,2,2,1,0,0,0,0,0,1,1,1,1,21,5,-1,-1,-1,-1,2,E01003497,0,1
2024131401426,2024,131401426,1,9,0,-1,19,3,7,-1,0,0,0,0,0,0,1,1,-1,9,1,41,7,-1,-1,-1,-1,2,E01011034,0,1
2024461537746,2024,461537746,3,20,0,-1,19,2,6,-1,0,0,0,0,0,0,1,1,-1,1,2,59,9,-1,-1,-1,-1,8,E01024235,0,1
2024401524387,2024,401524387,2,9,0,-1,19,3,7,-1,0,0,0,0,0,0,1,1,-1,2,1,31,6,-1,-1,-1,-1,9,E01017533,0,1
2024311532910,2024,311532910,1,9,0,-1,7,7,1,-1,0,2,0,0,0,0,3,1,-1,6,2,55,8,-1,-1,-1,-1,-1,-1,0,-1
2024010490497,2024,010490497,3,9,0,3,3,1,5,0,0,8,0,0,0,0,2,1,6,6,2,45,7,-1,-1,-1,-1,4,E01000380,0,1
2024061505502,2024,061505502,1,9,0,-1,4,5,1,-1,0,0,0,0,0,0,1,1,-1,6,-1,20,4,-1,-1,-1,-1,-1,-1,0,-1
2024520002880,2024,520002880,1,90,0,7,7,-1,-1,0,0,5,0,0,0,0,1,1,6,6,1,54,8,-1,-1,-1,-1,8,E01014449,0,1
2024522402448,2024,522402448,1,1,0,18,19,9,9,0,0,8,0,0,0,0,9,1,6,6,1,76,11,-1,-1,-1,-1,10,E01014778,0,2
2024340NN1022,2024,340NN1022,2,1,0,-1,19,3,7,-1,0,0,5,0,0,0,4,1,-1,9,1,57,9,-1,-1,-1,-1,2,E01027105,0,1
2024070605598,2024,070605598,2,22,0,-1,-1,4,8,0,0,0,0,0,0,0,4,1,6,6,2,58,9,-1,-1,-1,-1,4,E01033373,0,1
2024010523083,2024,010523083,2,9,0,99,99,9,9,99,99,9,9,99,9,99,1,9,6,6,2,-1,-1,-1,-1,-1,-1,-1,-1,0,-1
2024010530535,2024,010530535,2,9,0,99,99,9,9,99,99,9,9,99,9,99,9,9,6,6,3,-1,-1,-1,-1,-1,-1,-1,-1,0,-1
2024010550854,2024,010550854,1,9,0,99,99,9,9,99,99,9,9,99,9,99,9,9,6,6,3,-1,-1,-1,-1,-1,-1,-1,-1,0,-1
2024340WN5182,2024,340WN5182,1,9,0,-1,19,7,3,-1,0,6,0,0,0,0,4,1,-1,2,1,24,5,-1,-1,-1,-1,10,E01035420,0,1
2024131490217,2024,131490217,1,90,0,-1,9,1,1,-1,0,8,0,0,0,0,1,1,-1,6,1,72,10,-1,-1,-1,-1,8,E01011882,0,1
2024421524813,2024,421524813,1,9,0,-1,-1,-1,-1,-1,-1,-1,-1,-1,-1,0,-1,9,-1,6,3,-1,-1,-1,-1,-1,-1,-1,-1,0,-1
2024201524314,2024,201524314,1,8,0,-1,19,1,5,-1,0,4,0,0,0,0,1,1,-1,6,1,56,9,-1,-1,-1,-1,1,E01010311,0,2
2024361498054,2024,361498054,1,1,0,-1,19,1,5,-1,0,8,0,0,0,0,3,1,-1,9,1,25,5,-1,-1,-1,-1,1,E01026824,0,1
2024061501302,2024,061501302,1,1,0,-1,19,-1,-1,-1,4,8,0,0,0,0,1,1,-1,2,1,32,6,-1,-1,-1,-1,9,E01006178,0,2
2024131468170,2024,131468170,1,9,0,-1,9,2,7,-1,0,8,0,0,0,0,3,1,-1,2,1,65,9,-1,-1,-1,-1,8,E01011884,0,2
2024052402152,2024,052402152,2,1,0,18,19,8,4,0,0,1,0,0,0,0,1,1,6,6,1,-1,-1,-1,-1,-1,-1,-1,-1,0,-1
2024311526338,2024,311526338,1,9,0,-1,5,5,1,-1,0,0,0,4,0,0,1,1,-1,9,1,83,11,-1,-1,-1,-1,2,E01028110,0,1
2024440334836,2024,440334836,2,1,0,18,19,1,0,0,0,8,1,0,0,0,0,1,6,6,1,27,6,-1,-1,-1,-1,5,E01017043,0,1
2024010499061,2024,010499061,1,9,9,99,99,9,9,99,99,9,9,99,0,0,9,9,6,6,3,-1,-1,-1,-1,-1,-1,-1,-1,0,-1
2024010492262,2024,010492262,1,2,3,18,19,5,1,0,0,1,0,0,0,0,1,1,6,6,3,-1,-1,-1,-1,-1,-1,-1,-1,0,-1
2024471452050,2024,471452050,1,97,0,-1,-1,-1,-1,-1,-1,0,-1,-1,-1,-1,-1,1,-1,6,1,-1,-1,-1,-1,-1,-1,-1,-1,0,-1
2024991444541,2024,991444541,2,9,0,-1,19,3,7,-1,0,0,0,0,0,0,2,1,-1,9,2,34,6,-1,-1,-1,-1,4,-1,0,2
2024010509640,2024,010509640,2,1,0,18,19,6,2,0,0,1,0,0,0,0,1,1,1,1,1,21,5,-1,-1,-1,-1,6,E01003218,0,1
2024131417391,2024,131417391,2,1,0,-1,19,5,1,-1,0,8,0,0,0,0,1,1,-1,6,-1,-1,-1,-1,-1,-1,-1,-1,-1,0,-1
2024010491315,2024,010491315,1,9,0,18,19,7,3,0,0,0,0,4,0,0,1,1,6,6,3,-1,-1,-1,-1,-1,-1,2,E01002073,0,1
2024520401925,2024,520401925,1,9,0,18,19,4,7,0,0,0,0,0,0,0,1,1,6,6,1,20,4,-1,-1,-1,-1,5,E01029108,0,1
2024010549098,2024,010549098,1,1,0,3,3,1,5,9,9,1,0,0,0,0,2,1,6,6,2,27,6,-1,-1,-1,-1,2,E01004040,0,1
2024010511981,2024,010511981,2,1,0,15,15,3,7,4,4,1,0,0,0,0,1,1,6,6,1,19,4,-1,-1,-1,-1,6,E01004497,0,1
2024302400966,2024,302400966,1,21,0,18,19,3,6,0,0,4,0,0,0,0,1,1,1,1,1,49,8,-1,-1,-1,-1,-1,-1,0,-1
2024010525320,2024,010525320,2,9,0,18,19,5,1,0,0,1,0,0,0,0,1,1,6,6,3,-1,-1,-1,-1,-1,-1,-1,-1,0,-1
2024010499668,2024,010499668,1,1,9,99,99,9,9,99,99,9,9,99,9,99,1,1,2,2,1,29,6,-1,-1,-1,-1,3,E01004323,0,2
2024010513576,2024,010513576,2,1,0,18,19,1,5,0,0,2,0,0,0,0,4,1,6,6,1,14,3,-1,-1,-1,-1,4,E01003730,0,1
2024440051203,2024,440051203,1,1,0,18,19,1,5,0,0,1,0,0,0,0,1,1,6,6,1,59,9,-1,-1,-1,-1,2,E01016415,0,4
2024131439576,2024,131439576,1,9,0,-1,19,2,5,-1,0,0,0,0,7,0,1,1,-1,7,2,35,6,-1,-1,-1,-1,10,E01034976,0,2
2024161503580,2024,161503580,2,11,0,-1,19,1,5,-1,0,1,0,0,0,0,1,1,-1,1,1,74,10,-1,-1,-1,-1,7,E01012794,0,2
2024010494405,2024,010494405,1,3,0,6,6,1,1,0,0,0,2,10,0,0,3,1,6,6,1,28,6,-1,-1,-1,-1,4,E01001005,0,2
2024552400792,2024,552400792,2,1,0,18,19,2,6,0,0,0,0,0,0,0,1,1,6,6,1,27,6,-1,-1,-1,-1,2,E01015273,0,1
2024351491014,2024,351491014,2,1,0,-1,19,7,3,-1,0,2,0,0,0,0,1,1,-1,2,1,20,4,-1,-1,-1,-1,9,E01018008,0,1
2024031462004,2024,031462004,1,9,0,-1,19,7,3,-1,0,0,0,0,0,0,1,1,-1,1,1,38,7,-1,-1,-1,-1,5,E01019220,0,1
2024010517731,2024,010517731,1,1,0,18,19,3,7,0,0,0,0,0,0,0,2,1,6,6,1,16,4,-1,-1,-1,-1,2,E01003168,0,1
2024010490032,2024,010490032,2,9,9,99,99,9,9,99,99,9,9,99,9,99,9,9,6,6,3,-1,-1,-1,-1,-1,-1,-1,-1,0,-1
2024340WN5992,2024,340WN5992,1,9,0,-1,19,5,1,-1,0,1,0,0,0,0,1,1,-1,9,1,63,9,-1,-1,-1,-1,8,E01025881,0,4
2024010526777,2024,010526777,1,1,9,99,99,9,9,99,99,9,9,99,9,99,9,1,2,2,2,44,7,-1,-1,-1,-1,4,E01001497,0,1
2024010545084,2024,010545084,2,9,0,99,99,9,9,99,99,9,9,99,9,99,9,9,6,6,3,-1,-1,-1,-1,-1,-1,-1,-1,0,-1
2024070883517,2024,070883517,1,9,0,-1,19,6,7,-1,-1,7,1,10,1,4,2,1,-1,9,1,50,8,-1,-1,-1,-1,8,E01030785,0,5
2024010504443,2024,010504443,1,1,9,99,99,9,9,99,99,9,9,99,9,99,9,1,2,2,1,48,8,-1,-1,-1,-1,9,E01001377,0,1
2024101439938,2024,101439938,1,9,0,-1,9,3,3,-1,0,1,5,4,0,0,3,1,-1,6,1,38,7,-1,-1,-1,-1,1,E01008201,0,1
2024010499662,2024,010499662,1,9,0,18,19,3,7,0,0,8,0,10,0,0,1,1,6,6,3,-1,-1,-1,-1,-1,-1,-1,-1,0,-1
2024320058666,2024,320058666,1,9,0,-1,-1,8,4,0,0,2,5,10,0,0,1,1,-1,-1,1,28,6,-1,-1,-1,-1,1,E01026126,0,1
2024101398053,2024,101398053,1,9,0,-1,19,5,1,-1,0,1,0,0,0,0,1,1,-1,6,1,31,6,-1,-1,-1,-1,4,E01027435,0,1
2024010519132,2024,010519132,1,1,0,18,19,3,7,0,0,0,5,0,0,0,1,1,6,6,1,34,6,-1,-1,-1,-1,6,E01034579,0,1
2024631472022,2024,631472022,2,9,4,-1,19,6,2,-1,0,8,0,0,0,0,0,1,-1,2,1,62,9,-1,-1,-1,-1,5,W01000846,0,4
2024010489999,2024,010489999,2,9,0,99,99,9,9,1,1,8,0,0,0,0,1,2,6,6,1,-1,-1,-1,-1,-1,-1,8,E01000237,0,1
2024010488852,2024,010488852,2,8,0,99,99,9,9,99,99,9,9,99,9,99,1,9,6,6,3,47,8,-1,-1,-1,-1,2,E01032744,0,3
2024371435054,2024,371435054,2,23,0,-1,19,-1,-1,-1,0,0,0,8,0,0,1,1,-1,6,1,18,4,-1,-1,-1,-1,2,E01030024,0,1
2024041535575,2024,041535575,1,98,0,-1,19,-1,-1,-1,0,0,0,0,0,0,-1,9,-1,6,3,-1,-1,-1,-1,-1,-1,-1,-1,0,-1
2024041512477,2024,041512477,2,23,0,-1,19,6,2,-1,0,8,1,0,0,0,1,1,-1,6,1,46,8,-1,-1,-1,-1,1,E01012704,0,1
2024231460489,2024,231460489,2,21,1,-1,19,7,3,-1,0,0,0,0,0,0,1,9,-1,1,1,56,9,-1,-1,-1,-1,-1,-1,0,-1
2024131449146,2024,131449146,3,9,0,-1,19,7,3,-1,0,0,0,0,1,0,2,1,-1,9,1,61,9,-1,-1,-1,-1,7,E01011755,0,1
2024010529264,2024,010529264,2,9,0,99,99,9,9,99,99,9,9,99,9,99,9,9,6,6,3,-1,-1,-1,-1,-1,-1,-1,-1,0,-1
2024031491188,2024,031491188,2,9,0,-1,19,7,3,-1,0,0,0,0,0,0,1,1,-1,9,1,35,6,-1,-1,-1,-1,8,E01008323,0,4
2024552400520,2024,552400520,1,3,0,18,19,4,8,0,0,1,0,0,0,0,1,1,6,6,1,19,4,-1,-1,-1,-1,9,E01020391,0,3
2024991425018,2024,991425018,2,9,0,-1,19,4,1,-1,0,1,0,0,3,11,1,1,-1,7,1,46,8,-1,-1,-1,-1,9,-1,0,1
2024010503671,2024,010503671,1,9,5,99,99,9,9,9,9,9,5,99,9,99,9,9,6,6,3,-1,-1,-1,-1,-1,-1,-1,-1,0,-1
2024201440296,2024,201440296,1,9,0,-1,7,8,3,-1,0,3,0,0,0,0,1,9,-1,6,3,30,6,-1,-1,-1,-1,-1,-1,0,-1
2024440100615,2024,440100615,1,9,0,5,5,1,5,0,0,4,0,0,0,0,1,1,3,7,1,32,6,-1,-1,-1,-1,3,E01023091,0,1
2024010496088,2024,010496088,1,9,0,18,19,3,7,0,0,1,0,0,0,0,1,1,6,6,2,32,6,-1,-1,-1,-1,4,E01004006,0,1
2024430442896,2024,430442896,1,9,0,18,19,1,5,0,0,6,0,0,0,0,1,1,6,6,1,26,6,-1,-1,-1,-1,5,E01016240,0,1
2024122500078,2024,122500078,1,9,0,4,4,1,5,0,0,1,0,0,0,0,2,1,1,1,1,59,9,-1,-1,-1,-1,5,E01027802,0,3
2024461430361,2024,461430361,1,9,0,-1,19,-1,-1,-1,0,0,0,0,0,0,1,9,-1,6,3,-1,-1,-1,-1,-1,-1,-1,-1,0,-1
2024010491197,2024,010491197,1,9,0,18,19,7,3,0,0,0,0,0,0,0,3,1,6,6,1,25,5,-1,-1,-1,-1,6,E01034486,0,1
2024101459237,2024,101459237,1,-1,0,-1,19,8,4,-1,0,0,0,0,0,0,1,1,-1,6,2,11,3,-1,-1,-1,-1,1,E01008300,1,1
2024010515497,2024,010515497,1,1,9,99,99,9,9,99,99,9,9,99,9,99,1,1,6,6,1,20,4,-1,-1,-1,-1,5,E01003766,0,1
2024522500429,2024,522500429,1,9,0,4,4,7,3,0,0,1,0,0,0,0,2,1,6,6,3,-1,-1,-1,-1,-1,-1,-1,-1,0,-1
2024552400974,2024,552400974,2,1,0,18,19,2,6,0,0,0,0,0,0,0,2,1,6,6,1,35,6,-1,-1,-1,-1,6,E01015366,0,1
2024010509624,2024,010509624,2,1,9,99,99,9,9,99,99,9,9,99,9,99,9,1,6,6,3,-1,-1,-1,-1,-1,-1,4,E01002711,0,1
2024501434917,2024,501434917,1,9,0,-1,19,3,7,-1,0,0,0,11,0,0,1,1,-1,9,1,81,11,-1,-1,-1,-1,8,E01034639,0,1
2024010498126,2024,010498126,2,1,0,18,19,1,5,0,0,1,0,0,0,0,1,1,6,6,1,22,5,-1,-1,-1,-1,6,E01004052,0,1
2024010491285,2024,010491285,2,9,9,99,99,9,9,99,99,9,9,99,9,99,9,9,6,6,3,-1,-1,-1,-1,-1,-1,-1,-1,0,-1
2024201521550,2024,201521550,2,9,0,-1,19,1,1,-1,0,0,0,0,0,0,1,9,-1,7,2,39,7,-1,-1,-1,-1,1,E01009836,0,1
2024320431231,2024,320431231,2,90,0,-1,-1,2,4,0,0,0,0,0,0,0,1,1,6,6,1,12,3,-1,-1,-1,-1,2,E01026378,0,1
2024010525109,2024,010525109,1,1,0,5,5,5,1,0,0,0,0,0,0,0,1,1,6,6,1,26,6,-1,-1,-1,-1,4,E01002017,0,1
2024461407493,2024,461407493,2,1,0,-1,4,5,1,-1,0,1,0,0,0,0,1,1,-1,9,1,40,7,-1,-1,-1,-1,6,E01024830,0,1
2024351445448,2024,351445448,2,1,-1,-1,-1,-1,-1,-1,-1,0,-1,-1,-1,0,-1,1,-1,6,2,21,5,-1,-1,-1,-1,9,E01028818,0,5
2024411401612,2024,411401612,3,9,0,-1,19,1,5,-1,0,0,0,0,0,0,1,1,-1,6,2,63,9,-1,-1,-1,-1,5,E01002440,0,3
2024991485809,2024,991485809,1,1,0,-1,19,7,3,-1,0,0,0,0,0,0,1,1,-1,9,1,42,7,-1,-1,-1,-1,2,-1,0,1
2024010486900,2024,010486900,1,3,0,18,19,5,1,0,0,8,0,0,0,0,3,1,6,6,3,-1,-1,-1,-1,-1,-1,-1,-1,0,-1
2024371525471,2024,371525471,2,1,0,-1,19,8,4,-1,4,0,0,0,0,0,2,1,-1,6,1,24,5,-1,-1,-1,-1,-1,-1,0,-1
2024522500023,2024,522500023,1,1,0,18,19,5,1,0,0,0,1,0,0,0,1,1,6,6,1,23,5,-1,-1,-1,-1,8,E01014510,0,1
2024010491547,2024,010491547,1,1,9,99,99,9,9,99,99,9,9,99,9,99,9,1,6,6,2,24,5,-1,-1,-1,-1,3,E01000315,0,2
2024320620649,2024,320620649,2,1,0,-1,-1,2,6,5,5,0,0,0,0,0,1,1,-1,-1,1,47,8,-1,-1,-1,-1,7,E01026153,0,1
2024141438488,2024,141438488,2,-1,0,-1,19,8,5,-1,0,2,1,0,0,0,4,1,-1,6,1,13,3,-1,-1,-1,-1,4,E01007742,1,1
2024430627189,2024,430627189,1,9,0,3,3,4,8,0,0,0,0,0,0,0,3,1,6,6,1,-1,-1,-1,-1,-1,-1,-1,-1,0,-1
2024010492507,2024,010492507,1,9,0,9,9,3,1,0,0,8,0,0,0,0,1,1,2,2,1,60,9,-1,-1,-1,-1,6,E01003707,0,1
2024041535986,2024,041535986,1,9,0,-1,-1,-1,-1,-1,0,1,-1,-1,-1,0,-1,9,-1,6,3,-1,-1,-1,-1,-1,-1,-1,-1,0,-1
2024131415907,2024,131415907,1,9,0,-1,-1,-1,-1,-1,-1,-1,-1,-1,-1,-1,-1,1,-1,6,3,-1,-1,-1,-1,-1,-1,-1,-1,0,-1
2024421459383,2024,421459383,1,9,0,-1,-1,-1,-1,-1,-1,0,-1,-1,-1,0,-1,9,-1,6,3,-1,-1,-1,-1,-1,-1,-1,-1,0,-1
2024430303576,2024,430303576,2,97,0,18,19,1,5,0,0,0,0,0,0,0,1,1,6,6,1,47,8,-1,-1,-1,-1,-1,-1,0,-1
2024052500081,2024,052500081,1,9,0,5,5,1,5,0,0,0,0,0,0,0,3,1,6,6,3,-1,-1,-1,-1,-1,-1,-1,-1,0,-1
2024522500056,2024,522500056,1,97,0,13,13,4,8,0,0,2,0,0,0,0,1,1,6,6,1,-1,-1,-1,-1,-1,-1,-1,-1,0,-1
2024010546985,2024,010546985,2,1,0,18,19,5,1,0,0,1,0,0,0,0,4,1,6,6,1,42,7,-1,-1,-1,-1,3,E01001843,0,1
2024161476541,2024,161476541,1,1,0,-1,19,2,6,-1,0,0,5,0,0,0,0,1,-1,6,1,42,7,-1,-1,-1,-1,7,E01026080,0,1
2024101414115,2024,101414115,2,1,0,-1,19,3,7,-1,0,8,5,0,0,0,0,1,-1,6,1,55,8,-1,-1,-1,-1,4,E01008306,0,1
2024010523749,2024,010523749,2,1,0,18,19,1,5,0,0,1,0,0,0,0,1,1,6,6,2,29,6,-1,-1,-1,-1,5,E01004487,0,1
2024430457165,2024,430457165,2,9,0,14,14,4,8,0,0,1,0,0,0,0,1,1,6,6,1,-1,-1,-1,-1,-1,-1,-1,-1,0,-1
2024131418553,2024,131418553,1,9,0,-1,19,3,7,-1,0,2,0,0,0,0,1,1,-1,6,1,38,7,-1,-1,-1,-1,7,E01010760,0,1
2024311507759,2024,311507759,2,-1,0,-1,19,8,4,-1,9,8,1,0,0,0,1,1,-1,6,1,25,5,-1,-1,-1,-1,-1,-1,1,-1
2024401411603,2024,401411603,2,1,0,-1,19,-1,-1,-1,0,3,0,0,0,0,4,1,-1,2,1,50,8,-1,-1,-1,-1,8,E01017468,0,1
2024451494917,2024,451494917,2,9,9,-1,99,1,5,-1,99,1,9,99,0,0,3,1,-1,6,3,30,6,-1,-1,-1,-1,-1,-1,0,-1